Date,Open,High,Low,Close,Volume,Dividends,Stock Splits
2024-01-25 00:00:00-05:00,4.0,4.0,2.4000000953674316,2.7899999618530273,875500,0.0,0.0
2024-01-26 00:00:00-05:00,2.9600000381469727,2.9600000381469727,1.8600000143051147,2.7200000286102295,386300,0.0,0.0
2024-01-29 00:00:00-05:00,2.4700000286102295,2.759999990463257,2.299999952316284,2.5999999046325684,79500,0.0,0.0
2024-01-30 00:00:00-05:00,2.25,2.700000047683716,2.25,2.6600000858306885,47400,0.0,0.0
2024-01-31 00:00:00-05:00,2.380000114440918,2.7200000286102295,2.380000114440918,2.4200000762939453,61500,0.0,0.0
2024-02-01 00:00:00-05:00,2.4200000762939453,2.4800000190734863,2.1700000762939453,2.2920000553131104,22800,0.0,0.0
2024-02-02 00:00:00-05:00,2.180999994277954,2.390000104904175,2.049999952316284,2.059000015258789,40000,0.0,0.0
2024-02-05 00:00:00-05:00,2.0,2.200000047683716,2.0,2.0299999713897705,12300,0.0,0.0
2024-02-06 00:00:00-05:00,2.0399999618530273,2.3570001125335693,2.0399999618530273,2.200000047683716,5800,0.0,0.0
2024-02-07 00:00:00-05:00,2.2699999809265137,2.2699999809265137,2.0299999713897705,2.1500000953674316,45000,0.0,0.0
2024-02-08 00:00:00-05:00,2.138000011444092,2.4000000953674316,2.0199999809265137,2.1500000953674316,88500,0.0,0.0
2024-02-09 00:00:00-05:00,2.0220000743865967,2.25,2.0,2.25,7900,0.0,0.0
2024-02-12 00:00:00-05:00,2.200000047683716,2.5899999141693115,2.0999999046325684,2.359999895095825,46800,0.0,0.0
2024-02-13 00:00:00-05:00,2.309999942779541,2.502000093460083,2.119999885559082,2.450000047683716,68900,0.0,0.0
2024-02-14 00:00:00-05:00,2.5899999141693115,2.9800000190734863,2.4149999618530273,2.5199999809265137,105500,0.0,0.0
2024-02-15 00:00:00-05:00,2.8499999046325684,2.9100000858306885,2.549999952316284,2.5799999237060547,34400,0.0,0.0
2024-02-16 00:00:00-05:00,2.5799999237060547,2.799999952316284,2.3299999237060547,2.4779999256134033,72800,0.0,0.0
2024-02-20 00:00:00-05:00,2.4100000858306885,2.5999999046325684,2.3499999046325684,2.369999885559082,18200,0.0,0.0
2024-02-21 00:00:00-05:00,2.6080000400543213,2.619999885559082,2.25,2.3399999141693115,31900,0.0,0.0
2024-02-22 00:00:00-05:00,2.4779999256134033,2.4779999256134033,2.259999990463257,2.3499999046325684,16400,0.0,0.0
2024-02-23 00:00:00-05:00,2.3499999046325684,2.559999942779541,2.3399999141693115,2.490000009536743,35700,0.0,0.0
2024-02-26 00:00:00-05:00,2.450000047683716,2.5999999046325684,2.3499999046325684,2.5999999046325684,20400,0.0,0.0
2024-02-27 00:00:00-05:00,2.5999999046325684,2.740000009536743,2.5799999237060547,2.740000009536743,19300,0.0,0.0
2024-02-28 00:00:00-05:00,2.6500000953674316,2.859999895095825,2.6500000953674316,2.8299999237060547,9700,0.0,0.0
2024-02-29 00:00:00-05:00,2.799999952316284,2.822000026702881,2.7300000190734863,2.740000009536743,11400,0.0,0.0
2024-03-01 00:00:00-05:00,2.7100000381469727,2.7899999618530273,2.700000047683716,2.7799999713897705,3500,0.0,0.0
2024-03-04 00:00:00-05:00,2.759999990463257,3.1500000953674316,2.759999990463257,2.8499999046325684,63500,0.0,0.0
2024-03-05 00:00:00-05:00,2.880000114440918,3.109999895095825,2.8299999237060547,3.109999895095825,20100,0.0,0.0
2024-03-06 00:00:00-05:00,3.0,3.0399999618530273,2.950000047683716,2.950000047683716,18600,0.0,0.0
2024-03-07 00:00:00-05:00,2.950000047683716,2.9700000286102295,2.4700000286102295,2.4700000286102295,11800,0.0,0.0
2024-03-08 00:00:00-05:00,2.490000009536743,2.7799999713897705,2.490000009536743,2.549999952316284,11000,0.0,0.0
2024-03-11 00:00:00-04:00,2.630000114440918,2.7209999561309814,2.630000114440918,2.6700000762939453,2600,0.0,0.0
2024-03-12 00:00:00-04:00,2.75,2.75,2.625,2.75,2300,0.0,0.0
2024-03-13 00:00:00-04:00,2.609999895095825,2.869999885559082,2.609999895095825,2.869999885559082,10000,0.0,0.0
2024-03-14 00:00:00-04:00,2.450000047683716,2.7799999713897705,2.450000047683716,2.7799999713897705,6600,0.0,0.0
2024-03-15 00:00:00-04:00,2.4700000286102295,2.799999952316284,2.4700000286102295,2.7960000038146973,11800,0.0,0.0
2024-03-18 00:00:00-04:00,2.7300000190734863,2.7300000190734863,2.5,2.5320000648498535,700,0.0,0.0
2024-03-19 00:00:00-04:00,2.759999990463257,2.7799999713897705,2.75,2.7799999713897705,1300,0.0,0.0
2024-03-20 00:00:00-04:00,2.9800000190734863,3.059999942779541,2.7100000381469727,2.7100000381469727,25400,0.0,0.0
2024-03-21 00:00:00-04:00,2.7100000381469727,2.7100000381469727,2.7100000381469727,2.7100000381469727,6000,0.0,0.0
2024-03-22 00:00:00-04:00,3.140000104904175,3.140000104904175,2.5199999809265137,2.5299999713897705,12200,0.0,0.0
2024-03-25 00:00:00-04:00,2.5339999198913574,2.940000057220459,2.5299999713897705,2.940000057220459,3100,0.0,0.0
2024-03-26 00:00:00-04:00,2.888000011444092,2.930000066757202,2.563999891281128,2.5999999046325684,8900,0.0,0.0
2024-03-27 00:00:00-04:00,2.619999885559082,2.744999885559082,2.559999942779541,2.700000047683716,1400,0.0,0.0
2024-03-28 00:00:00-04:00,2.819999933242798,3.1500000953674316,2.700000047683716,3.1500000953674316,19900,0.0,0.0
2024-04-01 00:00:00-04:00,3.059999942779541,3.0799999237060547,2.9800000190734863,2.9800000190734863,1700,0.0,0.0
2024-04-02 00:00:00-04:00,2.930000066757202,3.069999933242798,2.869999885559082,3.0,7400,0.0,0.0
2024-04-03 00:00:00-04:00,3.009999990463257,3.009999990463257,2.799999952316284,2.8499999046325684,6300,0.0,0.0
2024-04-04 00:00:00-04:00,2.8499999046325684,2.8499999046325684,2.8499999046325684,2.8499999046325684,0,0.0,0.0
2024-04-05 00:00:00-04:00,2.9200000762939453,2.9200000762939453,2.9200000762939453,2.9200000762939453,400,0.0,0.0
2024-04-08 00:00:00-04:00,2.9700000286102295,2.98799991607666,2.7249999046325684,2.7249999046325684,2100,0.0,0.0
2024-04-09 00:00:00-04:00,2.7300000190734863,2.8519999980926514,2.0,2.299999952316284,21700,0.0,0.0
2024-04-10 00:00:00-04:00,2.375999927520752,2.5899999141693115,2.2799999713897705,2.309999942779541,27500,0.0,0.0
2024-04-11 00:00:00-04:00,2.390000104904175,2.390000104904175,2.2049999237060547,2.25,8400,0.0,0.0
2024-04-12 00:00:00-04:00,2.239000082015991,2.3499999046325684,2.190000057220459,2.3399999141693115,5100,0.0,0.0
2024-04-15 00:00:00-04:00,2.2660000324249268,2.312999963760376,2.200000047683716,2.200000047683716,3700,0.0,0.0
2024-04-16 00:00:00-04:00,2.2200000286102295,2.440999984741211,2.0799999237060547,2.1500000953674316,13300,0.0,0.0
2024-04-17 00:00:00-04:00,2.200000047683716,2.3380000591278076,2.1740000247955322,2.180000066757202,4300,0.0,0.0
2024-04-18 00:00:00-04:00,2.25,2.25,2.0,2.1429998874664307,13500,0.0,0.0
2024-04-19 00:00:00-04:00,2.259999990463257,2.259999990463257,2.069999933242798,2.0799999237060547,5300,0.0,0.0
2024-04-22 00:00:00-04:00,2.0999999046325684,2.200000047683716,2.0999999046325684,2.0999999046325684,10800,0.0,0.0
2024-04-23 00:00:00-04:00,2.259999990463257,2.2699999809265137,2.0899999141693115,2.109999895095825,3700,0.0,0.0
2024-04-24 00:00:00-04:00,2.119999885559082,2.2019999027252197,2.0999999046325684,2.0999999046325684,4700,0.0,0.0
2024-04-25 00:00:00-04:00,2.119999885559082,2.186000108718872,2.049999952316284,2.049999952316284,4300,0.0,0.0
2024-04-26 00:00:00-04:00,2.049999952316284,2.3299999237060547,2.0299999713897705,2.3299999237060547,2800,0.0,0.0
2024-04-29 00:00:00-04:00,2.0899999141693115,2.1600000858306885,2.0899999141693115,2.0999999046325684,5800,0.0,0.0
2024-04-30 00:00:00-04:00,2.0899999141693115,2.0899999141693115,2.0,2.0799999237060547,5300,0.0,0.0
2024-05-01 00:00:00-04:00,2.0999999046325684,2.0999999046325684,2.059999942779541,2.059999942779541,900,0.0,0.0
2024-05-02 00:00:00-04:00,2.0,2.0999999046325684,2.0,2.0999999046325684,9300,0.0,0.0
2024-05-03 00:00:00-04:00,2.059999942779541,2.1700000762939453,2.049999952316284,2.049999952316284,5600,0.0,0.0
2024-05-06 00:00:00-04:00,2.109999895095825,2.319999933242798,2.069999933242798,2.2799999713897705,1900,0.0,0.0
2024-05-07 00:00:00-04:00,2.1089999675750732,2.184999942779541,2.1089999675750732,2.184999942779541,1500,0.0,0.0
2024-05-08 00:00:00-04:00,2.184999942779541,2.184999942779541,2.184999942779541,2.184999942779541,10300,0.0,0.0
2024-05-09 00:00:00-04:00,2.0399999618530273,2.190000057220459,2.0399999618530273,2.109999895095825,3600,0.0,0.0
2024-05-10 00:00:00-04:00,2.130000114440918,2.130000114440918,1.9800000190734863,2.0199999809265137,16200,0.0,0.0
2024-05-13 00:00:00-04:00,2.0199999809265137,2.0199999809265137,2.0199999809265137,2.0199999809265137,0,0.0,0.0
2024-05-14 00:00:00-04:00,2.049999952316284,2.178999900817871,2.0,2.0299999713897705,12100,0.0,0.0
2024-05-15 00:00:00-04:00,2.0220000743865967,2.0220000743865967,2.0220000743865967,2.0220000743865967,700,0.0,0.0
2024-05-16 00:00:00-04:00,2.0199999809265137,2.0199999809265137,2.0,2.0,2400,0.0,0.0
2024-05-17 00:00:00-04:00,2.0,2.0,2.0,2.0,0,0.0,0.0
2024-05-20 00:00:00-04:00,2.0,2.0,2.0,2.0,300,0.0,0.0
2024-05-21 00:00:00-04:00,2.0,2.0,2.0,2.0,1800,0.0,0.0
2024-05-22 00:00:00-04:00,2.049999952316284,2.049999952316284,2.0,2.0,1700,0.0,0.0
2024-05-23 00:00:00-04:00,2.0199999809265137,2.0299999713897705,2.009999990463257,2.009999990463257,1600,0.0,0.0
2024-05-24 00:00:00-04:00,2.200000047683716,2.2100000381469727,2.0399999618530273,2.200000047683716,2100,0.0,0.0
2024-05-28 00:00:00-04:00,2.119999885559082,2.25,2.119999885559082,2.25,11700,0.0,0.0
2024-05-29 00:00:00-04:00,2.0999999046325684,2.130000114440918,2.0999999046325684,2.0999999046325684,2600,0.0,0.0
2024-05-30 00:00:00-04:00,2.130000114440918,2.2100000381469727,2.049999952316284,2.049999952316284,5900,0.0,0.0
2024-05-31 00:00:00-04:00,2.25,2.299999952316284,2.109999895095825,2.299999952316284,1500,0.0,0.0
2024-06-03 00:00:00-04:00,2.4000000953674316,2.5,2.200000047683716,2.2699999809265137,8600,0.0,0.0
2024-06-04 00:00:00-04:00,2.4800000190734863,2.4800000190734863,2.309999942779541,2.309999942779541,1300,0.0,0.0
2024-06-05 00:00:00-04:00,2.309999942779541,2.309999942779541,2.309999942779541,2.309999942779541,2200,0.0,0.0
2024-06-06 00:00:00-04:00,2.140000104904175,2.1600000858306885,2.059999942779541,2.109999895095825,4000,0.0,0.0
2024-06-07 00:00:00-04:00,2.109999895095825,2.2100000381469727,2.0999999046325684,2.0999999046325684,49600,0.0,0.0
2024-06-10 00:00:00-04:00,2.1700000762939453,2.1700000762939453,1.9550000429153442,2.009999990463257,1100,0.0,0.0
2024-06-11 00:00:00-04:00,2.0,2.049999952316284,2.0,2.049999952316284,1400,0.0,0.0
2024-06-12 00:00:00-04:00,2.069999933242798,2.200000047683716,2.052000045776367,2.200000047683716,3800,0.0,0.0
2024-06-13 00:00:00-04:00,2.200000047683716,2.2100000381469727,2.190000057220459,2.2100000381469727,3800,0.0,0.0
2024-06-14 00:00:00-04:00,2.190000057220459,2.190000057220459,2.0999999046325684,2.119999885559082,2500,0.0,0.0
2024-06-17 00:00:00-04:00,2.140000104904175,2.140000104904175,2.009999990463257,2.058000087738037,900,0.0,0.0
2024-06-18 00:00:00-04:00,2.0,2.200000047683716,2.0,2.0399999618530273,5100,0.0,0.0
2024-06-20 00:00:00-04:00,2.0,2.0,2.0,2.0,5600,0.0,0.0
2024-06-21 00:00:00-04:00,2.0,2.0,2.0,2.0,0,0.0,0.0
2024-06-24 00:00:00-04:00,2.0,2.009999990463257,2.0,2.009999990463257,1100,0.0,0.0
2024-06-25 00:00:00-04:00,2.0199999809265137,2.0199999809265137,2.0199999809265137,2.0199999809265137,600,0.0,0.0
2024-06-26 00:00:00-04:00,2.009999990463257,2.0299999713897705,2.0,2.0190000534057617,1200,0.0,0.0
2024-06-27 00:00:00-04:00,2.009999990463257,2.0199999809265137,2.0,2.0,1000,0.0,0.0
2024-06-28 00:00:00-04:00,2.0,2.059999942779541,2.0,2.009999990463257,2600,0.0,0.0
2024-07-01 00:00:00-04:00,2.009999990463257,2.118000030517578,2.009999990463257,2.118000030517578,200,0.0,0.0
2024-07-02 00:00:00-04:00,2.0199999809265137,2.0199999809265137,1.809999942779541,1.909000039100647,2900,0.0,0.0
2024-07-03 00:00:00-04:00,1.809999942779541,1.8519999980926514,1.809999942779541,1.8200000524520874,2200,0.0,0.0
2024-07-05 00:00:00-04:00,1.8200000524520874,1.8949999809265137,1.8200000524520874,1.8200000524520874,1200,0.0,0.0
2024-07-08 00:00:00-04:00,1.8700000047683716,1.8700000047683716,1.8519999980926514,1.8519999980926514,800,0.0,0.0
2024-07-09 00:00:00-04:00,1.812000036239624,1.909999966621399,1.812000036239624,1.850000023841858,2400,0.0,0.0
2024-07-10 00:00:00-04:00,1.850000023841858,1.850000023841858,1.7999999523162842,1.7999999523162842,1100,0.0,0.0
2024-07-11 00:00:00-04:00,1.7999999523162842,1.8539999723434448,1.7999999523162842,1.8250000476837158,2100,0.0,0.0
2024-07-12 00:00:00-04:00,1.8250000476837158,1.8250000476837158,1.8250000476837158,1.8250000476837158,0,0.0,0.0
2024-07-15 00:00:00-04:00,1.8300000429153442,1.8700000047683716,1.7999999523162842,1.8600000143051147,2100,0.0,0.0
2024-07-16 00:00:00-04:00,1.809999942779541,1.899999976158142,1.7999999523162842,1.899999976158142,2800,0.0,0.0
2024-07-17 00:00:00-04:00,1.899999976158142,1.899999976158142,1.899999976158142,1.899999976158142,500,0.0,0.0
2024-07-18 00:00:00-04:00,1.8799999952316284,1.8799999952316284,1.809999942779541,1.809999942779541,500,0.0,0.0
2024-07-19 00:00:00-04:00,1.809999942779541,1.809999942779541,1.809999942779541,1.809999942779541,0,0.0,0.0
2024-07-22 00:00:00-04:00,1.8609999418258667,1.8609999418258667,1.8609999418258667,1.8609999418258667,600,0.0,0.0
2024-07-23 00:00:00-04:00,1.8600000143051147,1.8600000143051147,1.7999999523162842,1.8459999561309814,2000,0.0,0.0
2024-07-24 00:00:00-04:00,1.809999942779541,1.8899999856948853,1.7999999523162842,1.8849999904632568,1300,0.0,0.0
2024-07-25 00:00:00-04:00,1.8899999856948853,1.899999976158142,1.8700000047683716,1.899999976158142,7400,0.0,0.0
2024-07-26 00:00:00-04:00,1.899999976158142,2.9600000381469727,1.8899999856948853,2.9149999618530273,260100,0.0,0.0
2024-07-29 00:00:00-04:00,4.300000190734863,7.829999923706055,3.7100000381469727,3.9700000286102295,29411400,0.0,0.0
2024-07-30 00:00:00-04:00,3.5199999809265137,4.849999904632568,3.5199999809265137,4.699999809265137,876800,0.0,0.0
2024-07-31 00:00:00-04:00,4.659999847412109,4.710000038146973,3.799999952316284,4.300000190734863,279500,0.0,0.0
2024-08-01 00:00:00-04:00,4.420000076293945,4.480000019073486,3.5,3.950000047683716,195500,0.0,0.0
2024-08-02 00:00:00-04:00,3.869999885559082,4.099999904632568,3.5,3.5,121700,0.0,0.0
2024-08-05 00:00:00-04:00,3.009999990463257,3.380000114440918,2.5,2.694999933242798,170800,0.0,0.0
2024-08-06 00:00:00-04:00,2.630000114440918,2.7200000286102295,2.2300000190734863,2.359999895095825,146300,0.0,0.0
2024-08-07 00:00:00-04:00,2.3499999046325684,2.680000066757202,2.2899999618530273,2.5199999809265137,39100,0.0,0.0
2024-08-08 00:00:00-04:00,2.4200000762939453,2.5999999046325684,2.4200000762939453,2.5999999046325684,18300,0.0,0.0
2024-08-09 00:00:00-04:00,2.559999942779541,2.559999942779541,2.2200000286102295,2.390000104904175,19700,0.0,0.0
2024-08-12 00:00:00-04:00,2.25,2.506999969482422,2.25,2.299999952316284,19100,0.0,0.0
2024-08-13 00:00:00-04:00,2.3499999046325684,2.4200000762939453,2.319999933242798,2.4200000762939453,16900,0.0,0.0
2024-08-14 00:00:00-04:00,2.4200000762939453,2.9000000953674316,2.390000104904175,2.4800000190734863,28000,0.0,0.0
2024-08-15 00:00:00-04:00,2.440000057220459,2.609999895095825,2.4000000953674316,2.4100000858306885,12900,0.0,0.0
2024-08-16 00:00:00-04:00,2.3010001182556152,2.4000000953674316,2.259999990463257,2.259999990463257,14100,0.0,0.0
2024-08-19 00:00:00-04:00,2.2799999713897705,2.497999906539917,2.2799999713897705,2.2899999618530273,5800,0.0,0.0
2024-08-20 00:00:00-04:00,2.321000099182129,2.3329999446868896,2.259999990463257,2.259999990463257,7300,0.0,0.0
2024-08-21 00:00:00-04:00,2.2699999809265137,2.4800000190734863,2.2699999809265137,2.3399999141693115,17100,0.0,0.0
2024-08-22 00:00:00-04:00,2.3499999046325684,2.3499999046325684,2.259999990463257,2.309999942779541,6700,0.0,0.0
2024-08-23 00:00:00-04:00,2.2699999809265137,2.496999979019165,2.2699999809265137,2.3299999237060547,14700,0.0,0.0
2024-08-26 00:00:00-04:00,2.259999990463257,2.259999990463257,2.0899999141693115,2.1700000762939453,16700,0.0,0.0
2024-08-27 00:00:00-04:00,2.2899999618530273,2.3499999046325684,1.9600000381469727,2.0999999046325684,61400,0.0,0.0
2024-08-28 00:00:00-04:00,2.180000066757202,2.180000066757202,2.109999895095825,2.140000104904175,5400,0.0,0.0
2024-08-29 00:00:00-04:00,2.0399999618530273,2.1500000953674316,1.9299999475479126,2.0299999713897705,13100,0.0,0.0
2024-08-30 00:00:00-04:00,2.130000114440918,3.2799999713897705,2.0299999713897705,2.8420000076293945,642700,0.0,0.0
2024-09-03 00:00:00-04:00,2.940000057220459,3.4100000858306885,2.7899999618530273,3.119999885559082,107400,0.0,0.0
2024-09-04 00:00:00-04:00,2.9600000381469727,3.119999885559082,2.799999952316284,2.8529999256134033,29300,0.0,0.0
2024-09-05 00:00:00-04:00,2.819999933242798,3.0999999046325684,2.819999933242798,2.8299999237060547,13000,0.0,0.0
2024-09-06 00:00:00-04:00,2.8499999046325684,2.859999895095825,2.700000047683716,2.7300000190734863,11800,0.0,0.0
2024-09-09 00:00:00-04:00,2.690000057220459,2.690000057220459,2.5899999141693115,2.6659998893737793,8600,0.0,0.0
2024-09-10 00:00:00-04:00,2.7200000286102295,3.181999921798706,2.369999885559082,2.5299999713897705,88100,0.0,0.0
2024-09-11 00:00:00-04:00,2.440000057220459,2.6600000858306885,2.430000066757202,2.4800000190734863,11500,0.0,0.0
2024-09-12 00:00:00-04:00,2.4800000190734863,2.6700000762939453,2.450000047683716,2.549999952316284,10000,0.0,0.0
2024-09-13 00:00:00-04:00,2.549999952316284,2.630000114440918,2.549999952316284,2.5950000286102295,3500,0.0,0.0
2024-09-16 00:00:00-04:00,2.6640000343322754,2.700000047683716,2.490999937057495,2.509999990463257,4500,0.0,0.0
2024-09-17 00:00:00-04:00,2.5199999809265137,2.5199999809265137,2.4700000286102295,2.4800000190734863,3100,0.0,0.0
2024-09-18 00:00:00-04:00,2.484999895095825,2.5450000762939453,2.430000066757202,2.5450000762939453,2700,0.0,0.0
2024-09-19 00:00:00-04:00,2.450000047683716,2.5399999618530273,2.1600000858306885,2.299999952316284,20200,0.0,0.0
2024-09-20 00:00:00-04:00,2.25,2.5299999713897705,2.009999990463257,2.5299999713897705,53200,0.0,0.0
2024-09-23 00:00:00-04:00,2.380000114440918,2.5299999713897705,2.180000066757202,2.4600000381469727,65800,0.0,0.0
2024-09-24 00:00:00-04:00,2.390000104904175,2.640000104904175,2.259999990463257,2.490000009536743,30500,0.0,0.0
2024-09-25 00:00:00-04:00,2.559999942779541,2.7200000286102295,2.559999942779541,2.671999931335449,12700,0.0,0.0
2024-09-26 00:00:00-04:00,2.7300000190734863,2.940000057220459,2.640000104904175,2.8299999237060547,5700,0.0,0.0
2024-09-27 00:00:00-04:00,2.740000009536743,2.799999952316284,2.7119998931884766,2.740000009536743,3900,0.0,0.0
2024-09-30 00:00:00-04:00,2.640000104904175,3.1500000953674316,2.640000104904175,2.9800000190734863,96300,0.0,0.0
2024-10-01 00:00:00-04:00,2.9800000190734863,3.1760001182556152,2.7200000286102295,2.9639999866485596,31200,0.0,0.0
2024-10-02 00:00:00-04:00,2.950000047683716,3.0999999046325684,2.5899999141693115,2.6500000953674316,214400,0.0,0.0
2024-10-03 00:00:00-04:00,2.700000047683716,2.740000009536743,2.1700000762939453,2.4010000228881836,10800,0.0,0.0
2024-10-04 00:00:00-04:00,2.6600000858306885,2.6600000858306885,2.309999942779541,2.440000057220459,9500,0.0,0.0
2024-10-07 00:00:00-04:00,2.5829999446868896,3.200000047683716,2.5829999446868896,3.003999948501587,82200,0.0,0.0
2024-10-08 00:00:00-04:00,3.200000047683716,4.127999782562256,3.009999990463257,4.099999904632568,114300,0.0,0.0
2024-10-09 00:00:00-04:00,4.400000095367432,4.400000095367432,3.6700000762939453,3.930000066757202,59100,0.0,0.0
2024-10-10 00:00:00-04:00,4.039999961853027,4.190000057220459,3.8499999046325684,3.9100000858306885,36900,0.0,0.0
2024-10-11 00:00:00-04:00,3.9100000858306885,3.9800000190734863,3.859999895095825,3.9000000953674316,7900,0.0,0.0
2024-10-14 00:00:00-04:00,3.75,4.019999980926514,3.200000047683716,3.549999952316284,13000,0.0,0.0
2024-10-15 00:00:00-04:00,3.390000104904175,3.390000104904175,3.109999895095825,3.109999895095825,11300,0.0,0.0
2024-10-16 00:00:00-04:00,2.9800000190734863,2.990000009536743,2.809999942779541,2.9800000190734863,6800,0.0,0.0
2024-10-17 00:00:00-04:00,3.0,3.0999999046325684,2.9700000286102295,2.9700000286102295,4900,0.0,0.0
2024-10-18 00:00:00-04:00,2.8499999046325684,3.578000068664551,2.8499999046325684,3.140000104904175,19100,0.0,0.0
2024-10-21 00:00:00-04:00,3.1600000858306885,3.1740000247955322,2.946000099182129,2.9700000286102295,4400,0.0,0.0
2024-10-22 00:00:00-04:00,3.1600000858306885,3.1600000858306885,2.9700000286102295,2.9800000190734863,1400,0.0,0.0
2024-10-23 00:00:00-04:00,3.0199999809265137,3.0199999809265137,2.75,2.8299999237060547,4200,0.0,0.0
2024-10-24 00:00:00-04:00,2.75,2.9800000190734863,2.75,2.7799999713897705,2100,0.0,0.0
2024-10-25 00:00:00-04:00,2.88100004196167,3.071000099182129,2.799999952316284,2.8399999141693115,10000,0.0,0.0
2024-10-28 00:00:00-04:00,2.950000047683716,3.049999952316284,2.8399999141693115,2.9700000286102295,12500,0.0,0.0
2024-10-29 00:00:00-04:00,2.9600000381469727,3.0,2.9600000381469727,2.9700000286102295,1500,0.0,0.0
2024-10-30 00:00:00-04:00,3.0,3.190000057220459,3.0,3.0399999618530273,2900,0.0,0.0
2024-10-31 00:00:00-04:00,3.069999933242798,3.190000057220459,2.9000000953674316,2.9000000953674316,1400,0.0,0.0
2024-11-01 00:00:00-04:00,2.9000000953674316,2.9000000953674316,2.9000000953674316,2.9000000953674316,0,0.0,0.0
2024-11-04 00:00:00-05:00,3.0,3.2100000381469727,2.930000066757202,3.200000047683716,27100,0.0,0.0
2024-11-05 00:00:00-05:00,3.299999952316284,3.490000009536743,3.140000104904175,3.2899999618530273,4900,0.0,0.0
2024-11-06 00:00:00-05:00,3.309999942779541,3.309999942779541,3.244999885559082,3.244999885559082,400,0.0,0.0
2024-11-07 00:00:00-05:00,3.0950000286102295,3.4800000190734863,2.9100000858306885,3.4800000190734863,108100,0.0,0.0
2024-11-08 00:00:00-05:00,3.5,4.0,3.490000009536743,3.7799999713897705,80500,0.0,0.0
2024-11-11 00:00:00-05:00,4.0,4.099999904632568,3.740999937057495,3.940000057220459,10100,0.0,0.0
2024-11-12 00:00:00-05:00,3.950000047683716,3.990999937057495,3.750999927520752,3.809999942779541,16300,0.0,0.0
2024-11-13 00:00:00-05:00,4.079999923706055,4.079999923706055,3.799999952316284,3.8399999141693115,2800,0.0,0.0
2024-11-14 00:00:00-05:00,3.8399999141693115,3.869999885559082,3.690000057220459,3.700000047683716,3300,0.0,0.0
2024-11-15 00:00:00-05:00,3.890000104904175,3.890000104904175,3.619999885559082,3.700000047683716,5600,0.0,0.0
2024-11-18 00:00:00-05:00,3.490000009536743,3.890000104904175,3.140000104904175,3.5480000972747803,18200,0.0,0.0
2024-11-19 00:00:00-05:00,3.549999952316284,3.7799999713897705,3.549999952316284,3.690000057220459,2400,0.0,0.0
2024-11-20 00:00:00-05:00,3.75,4.090000152587891,3.690000057220459,3.7200000286102295,49800,0.0,0.0
2024-11-21 00:00:00-05:00,4.050000190734863,4.079999923706055,3.609999895095825,3.740000009536743,22000,0.0,0.0
2024-11-22 00:00:00-05:00,3.740000009536743,4.09499979019165,3.5,3.5999999046325684,16400,0.0,0.0
2024-11-25 00:00:00-05:00,3.5999999046325684,3.6110000610351562,3.0899999141693115,3.259999990463257,22300,0.0,0.0
2024-11-26 00:00:00-05:00,3.309999942779541,3.7200000286102295,3.2790000438690186,3.3299999237060547,14900,0.0,0.0
2024-11-27 00:00:00-05:00,3.490000009536743,3.5299999713897705,3.430000066757202,3.430000066757202,2600,0.0,0.0
2024-11-29 00:00:00-05:00,3.4700000286102295,3.680000066757202,3.299999952316284,3.680000066757202,7200,0.0,0.0
2024-12-02 00:00:00-05:00,3.690000057220459,3.799999952316284,3.549999952316284,3.549999952316284,3200,0.0,0.0
2024-12-03 00:00:00-05:00,3.7200000286102295,3.7300000190734863,2.9700000286102295,3.0199999809265137,138900,0.0,0.0
2024-12-04 00:00:00-05:00,3.140000104904175,4.195000171661377,3.0199999809265137,4.099999904632568,88400,0.0,0.0
2024-12-05 00:00:00-05:00,4.0,4.099999904632568,3.6700000762939453,3.759999990463257,5700,0.0,0.0
2024-12-06 00:00:00-05:00,3.6600000858306885,3.984999895095825,3.6600000858306885,3.9000000953674316,19100,0.0,0.0
2024-12-09 00:00:00-05:00,3.9000000953674316,4.389999866485596,3.9000000953674316,4.03000020980835,9100,0.0,0.0
2024-12-10 00:00:00-05:00,4.060999870300293,4.184000015258789,3.799999952316284,4.070000171661377,17000,0.0,0.0
2024-12-11 00:00:00-05:00,4.070000171661377,4.205999851226807,3.7300000190734863,3.7300000190734863,21100,0.0,0.0
2024-12-12 00:00:00-05:00,3.619999885559082,3.8320000171661377,3.390000104904175,3.430000066757202,4500,0.0,0.0
2024-12-13 00:00:00-05:00,3.5,3.5899999141693115,3.430000066757202,3.5899999141693115,16600,0.0,0.0
2024-12-16 00:00:00-05:00,3.7100000381469727,3.740000009536743,3.25,3.25,15100,0.0,0.0
2024-12-17 00:00:00-05:00,3.450000047683716,4.110000133514404,3.450000047683716,4.050000190734863,86900,0.0,0.0
2024-12-18 00:00:00-05:00,3.930000066757202,3.9700000286102295,3.700000047683716,3.799999952316284,9200,0.0,0.0
2024-12-19 00:00:00-05:00,3.9800000190734863,4.011000156402588,3.609999895095825,3.7200000286102295,1900,0.0,0.0
2024-12-20 00:00:00-05:00,3.4200000762939453,3.680000066757202,3.190000057220459,3.190000057220459,34100,0.0,0.0
2024-12-23 00:00:00-05:00,3.3499999046325684,3.619999885559082,3.3499999046325684,3.484999895095825,10200,0.0,0.0
2024-12-24 00:00:00-05:00,3.5450000762939453,3.7100000381469727,3.5450000762939453,3.700000047683716,800,0.0,0.0
2024-12-26 00:00:00-05:00,3.5399999618530273,3.7899999618530273,3.509999990463257,3.6500000953674316,3000,0.0,0.0
2024-12-27 00:00:00-05:00,3.6700000762939453,3.8450000286102295,3.6600000858306885,3.8450000286102295,1400,0.0,0.0
2024-12-30 00:00:00-05:00,3.7699999809265137,3.7699999809265137,3.380000114440918,3.450000047683716,7400,0.0,0.0
2024-12-31 00:00:00-05:00,3.687999963760376,3.759999990463257,3.4000000953674316,3.4000000953674316,1400,0.0,0.0
2025-01-02 00:00:00-05:00,3.4100000858306885,3.4800000190734863,3.4100000858306885,3.4800000190734863,4700,0.0,0.0
2025-01-03 00:00:00-05:00,3.4200000762939453,3.552000045776367,3.2699999809265137,3.380000114440918,20000,0.0,0.0
2025-01-06 00:00:00-05:00,3.380000114440918,3.4779999256134033,3.380000114440918,3.4779999256134033,1200,0.0,0.0
2025-01-07 00:00:00-05:00,3.1500000953674316,3.619999885559082,3.0,3.447999954223633,18400,0.0,0.0
2025-01-08 00:00:00-05:00,3.109999895095825,3.6500000953674316,3.109999895095825,3.2300000190734863,16100,0.0,0.0
2025-01-10 00:00:00-05:00,3.2899999618530273,3.490000009536743,3.0999999046325684,3.174999952316284,14300,0.0,0.0
2025-01-13 00:00:00-05:00,3.1600000858306885,3.2799999713897705,3.01200008392334,3.069999933242798,9000,0.0,0.0
2025-01-14 00:00:00-05:00,3.0799999237060547,3.190000057220459,2.7899999618530273,2.9100000858306885,7200,0.0,0.0
2025-01-15 00:00:00-05:00,2.9200000762939453,3.630000114440918,2.799999952316284,3.3329999446868896,14900,0.0,0.0
2025-01-16 00:00:00-05:00,3.3299999237060547,3.5999999046325684,3.3299999237060547,3.509999990463257,15200,0.0,0.0
2025-01-17 00:00:00-05:00,3.2200000286102295,3.2200000286102295,3.2200000286102295,3.2200000286102295,300,0.0,0.0
2025-01-21 00:00:00-05:00,3.309999942779541,3.503000020980835,3.009999990463257,3.359999895095825,2700,0.0,0.0
2025-01-22 00:00:00-05:00,3.0799999237060547,3.0799999237060547,3.059999942779541,3.059999942779541,800,0.0,0.0
2025-01-23 00:00:00-05:00,2.990000009536743,3.309999942779541,2.990000009536743,3.0799999237060547,12600,0.0,0.0
2025-01-24 00:00:00-05:00,3.200000047683716,3.200000047683716,2.0799999237060547,2.1500000953674316,53200,0.0,0.0
2025-01-27 00:00:00-05:00,2.700000047683716,17.469999313354492,2.700000047683716,3.0799999237060547,35240700,0.0,0.0
2025-01-28 00:00:00-05:00,5.579999923706055,6.119999885559082,4.260000228881836,5.139999866485596,55602600,0.0,0.0
2025-01-29 00:00:00-05:00,4.130000114440918,4.5,3.509999990463257,3.609999895095825,1972400,0.0,0.0
2025-01-30 00:00:00-05:00,3.75,3.9100000858306885,3.109999895095825,3.25,1234300,0.0,0.0
2025-01-31 00:00:00-05:00,3.309999942779541,3.9600000381469727,3.299999952316284,3.359999895095825,1157400,0.0,0.0
2025-02-03 00:00:00-05:00,3.049999952316284,3.299999952316284,2.9149999618530273,3.140000104904175,513200,0.0,0.0
2025-02-04 00:00:00-05:00,2.9600000381469727,3.2799999713897705,2.9000000953674316,2.950000047683716,367200,0.0,0.0
2025-02-05 00:00:00-05:00,2.9200000762939453,3.0,2.5,2.5199999809265137,504900,0.0,0.0
2025-02-06 00:00:00-05:00,2.5299999713897705,2.742000102996826,2.509999990463257,2.509999990463257,137600,0.0,0.0
2025-02-07 00:00:00-05:00,2.4600000381469727,2.569999933242798,2.259999990463257,2.2699999809265137,238000,0.0,0.0
2025-02-10 00:00:00-05:00,2.2899999618530273,2.5,2.2799999713897705,2.2899999618530273,297700,0.0,0.0
2025-02-11 00:00:00-05:00,2.2699999809265137,2.628999948501587,2.25,2.2699999809265137,231000,0.0,0.0
2025-02-12 00:00:00-05:00,2.369999885559082,2.424999952316284,2.109999895095825,2.25,241200,0.0,0.0
2025-02-13 00:00:00-05:00,2.299999952316284,2.299999952316284,2.109999895095825,2.119999885559082,134400,0.0,0.0
2025-02-14 00:00:00-05:00,2.1600000858306885,2.3499999046325684,2.1500000953674316,2.190000057220459,154300,0.0,0.0
2025-02-18 00:00:00-05:00,2.200000047683716,2.2899999618530273,2.200000047683716,2.240000009536743,100000,0.0,0.0
2025-02-19 00:00:00-05:00,2.25,2.25,2.119999885559082,2.1500000953674316,41600,0.0,0.0
2025-02-20 00:00:00-05:00,2.130000114440918,2.190000057220459,2.009999990463257,2.069999933242798,149300,0.0,0.0
2025-02-21 00:00:00-05:00,2.059999942779541,2.109999895095825,1.9229999780654907,2.0799999237060547,79900,0.0,0.0
2025-02-24 00:00:00-05:00,2.059999942779541,2.072000026702881,1.9500000476837158,1.9600000381469727,60000,0.0,0.0
2025-02-25 00:00:00-05:00,1.9600000381469727,1.9600000381469727,1.75,1.7999999523162842,95200,0.0,0.0
2025-02-26 00:00:00-05:00,1.809999942779541,1.9500000476837158,1.809999942779541,1.8799999952316284,41500,0.0,0.0
2025-02-27 00:00:00-05:00,1.7599999904632568,1.8200000524520874,1.6699999570846558,1.6699999570846558,88400,0.0,0.0
2025-02-28 00:00:00-05:00,1.6799999475479126,1.7200000286102295,1.5609999895095825,1.5800000429153442,57000,0.0,0.0
2025-03-03 00:00:00-05:00,1.590000033378601,1.6460000276565552,1.3799999952316284,1.3899999856948853,40700,0.0,0.0
2025-03-04 00:00:00-05:00,1.3300000429153442,1.5099999904632568,1.3250000476837158,1.4800000190734863,49100,0.0,0.0
2025-03-05 00:00:00-05:00,1.4500000476837158,1.6299999952316284,1.4500000476837158,1.4700000286102295,38500,0.0,0.0
2025-03-06 00:00:00-05:00,1.559999942779541,1.5989999771118164,1.4800000190734863,1.4800000190734863,31500,0.0,0.0
2025-03-07 00:00:00-05:00,1.5800000429153442,1.5800000429153442,1.4500000476837158,1.4600000381469727,31600,0.0,0.0
2025-03-10 00:00:00-04:00,1.440000057220459,1.6200000047683716,1.3300000429153442,1.3700000047683716,49900,0.0,0.0
2025-03-11 00:00:00-04:00,1.3799999952316284,1.4199999570846558,1.3539999723434448,1.409999966621399,32900,0.0,0.0
2025-03-12 00:00:00-04:00,1.440000057220459,1.4700000286102295,1.399999976158142,1.399999976158142,20100,0.0,0.0
2025-03-13 00:00:00-04:00,1.4199999570846558,1.4800000190734863,1.3580000400543213,1.3899999856948853,29800,0.0,0.0
2025-03-14 00:00:00-04:00,1.4600000381469727,1.6100000143051147,1.409999966621399,1.559999942779541,29000,0.0,0.0
2025-03-17 00:00:00-04:00,1.4800000190734863,1.5369999408721924,1.3899999856948853,1.465000033378601,22900,0.0,0.0
2025-03-18 00:00:00-04:00,1.4500000476837158,1.5299999713897705,1.4299999475479126,1.4800000190734863,28200,0.0,0.0
2025-03-19 00:00:00-04:00,1.4570000171661377,1.4570000171661377,1.3899999856948853,1.399999976158142,23000,0.0,0.0
2025-03-20 00:00:00-04:00,1.409999966621399,1.4199999570846558,1.3799999952316284,1.3799999952316284,8000,0.0,0.0
2025-03-21 00:00:00-04:00,1.38100004196167,1.4500000476837158,1.38100004196167,1.4199999570846558,34300,0.0,0.0
2025-03-24 00:00:00-04:00,1.4199999570846558,1.4609999656677246,1.4199999570846558,1.4299999475479126,21500,0.0,0.0
2025-03-25 00:00:00-04:00,1.4299999475479126,1.4299999475479126,1.36899995803833,1.3700000047683716,15000,0.0,0.0
2025-03-26 00:00:00-04:00,1.3600000143051147,1.399999976158142,1.3489999771118164,1.350000023841858,27800,0.0,0.0
2025-03-27 00:00:00-04:00,1.3700000047683716,1.3700000047683716,1.3300000429153442,1.3509999513626099,23600,0.0,0.0
2025-03-28 00:00:00-04:00,1.340000033378601,1.3600000143051147,1.3300000429153442,1.3300000429153442,12100,0.0,0.0
2025-03-31 00:00:00-04:00,1.340000033378601,1.340000033378601,1.1349999904632568,1.159999966621399,57200,0.0,0.0
2025-04-01 00:00:00-04:00,1.1699999570846558,1.2000000476837158,1.159999966621399,1.159999966621399,23900,0.0,0.0
2025-04-02 00:00:00-04:00,1.159999966621399,1.1990000009536743,1.159999966621399,1.1799999475479126,7000,0.0,0.0
2025-04-03 00:00:00-04:00,1.1799999475479126,1.190000057220459,1.1100000143051147,1.1100000143051147,21900,0.0,0.0
2025-04-04 00:00:00-04:00,1.0700000524520874,1.1399999856948853,1.0299999713897705,1.059999942779541,29700,0.0,0.0
2025-04-07 00:00:00-04:00,0.9649999737739563,1.0499999523162842,0.949999988079071,1.0299999713897705,25900,0.0,0.0
2025-04-08 00:00:00-04:00,1.100000023841858,1.100000023841858,1.0299999713897705,1.0299999713897705,11800,0.0,0.0
2025-04-09 00:00:00-04:00,1.0800000429153442,1.2799999713897705,1.0299999713897705,1.1299999952316284,134000,0.0,0.0
2025-04-10 00:00:00-04:00,1.1699999570846558,1.2100000381469727,1.100000023841858,1.100000023841858,11200,0.0,0.0
2025-04-11 00:00:00-04:00,1.1200000047683716,1.1200000047683716,1.059999942779541,1.059999942779541,13600,0.0,0.0
2025-04-14 00:00:00-04:00,1.0700000524520874,1.1449999809265137,1.0700000524520874,1.1100000143051147,9600,0.0,0.0
2025-04-15 00:00:00-04:00,1.1200000047683716,1.1399999856948853,1.100000023841858,1.1399999856948853,5300,0.0,0.0
2025-04-16 00:00:00-04:00,1.1419999599456787,1.1419999599456787,1.1200000047683716,1.1200000047683716,4100,0.0,0.0
2025-04-17 00:00:00-04:00,1.1200000047683716,1.1299999952316284,1.1119999885559082,1.125,7100,0.0,0.0
2025-04-21 00:00:00-04:00,1.1100000143051147,1.1299999952316284,1.090000033378601,1.090000033378601,17700,0.0,0.0
2025-04-22 00:00:00-04:00,1.0700000524520874,1.1299999952316284,1.059999942779541,1.100000023841858,28400,0.0,0.0
2025-04-23 00:00:00-04:00,1.100000023841858,1.1299999952316284,1.0800000429153442,1.097000002861023,21400,0.0,0.0
2025-04-24 00:00:00-04:00,1.100000023841858,1.1799999475479126,1.100000023841858,1.1299999952316284,21800,0.0,0.0
2025-04-25 00:00:00-04:00,1.1399999856948853,1.149999976158142,1.1349999904632568,1.1399999856948853,9900,0.0,0.0
2025-04-28 00:00:00-04:00,1.1399999856948853,1.4049999713897705,1.1399999856948853,1.3300000429153442,71700,0.0,0.0
2025-04-29 00:00:00-04:00,1.3300000429153442,1.350000023841858,1.2100000381469727,1.2100000381469727,37400,0.0,0.0
2025-04-30 00:00:00-04:00,1.2300000190734863,1.2309999465942383,1.149999976158142,1.1799999475479126,17800,0.0,0.0
2025-05-01 00:00:00-04:00,1.2300000190734863,1.2990000247955322,1.1699999570846558,1.1799999475479126,15100,0.0,0.0
2025-05-02 00:00:00-04:00,1.2899999618530273,1.2899999618530273,1.2000000476837158,1.2400000095367432,10600,0.0,0.0
2025-05-05 00:00:00-04:00,1.2999999523162842,1.2999999523162842,1.2000000476837158,1.2000000476837158,6400,0.0,0.0
2025-05-06 00:00:00-04:00,1.1799999475479126,1.2699999809265137,1.1799999475479126,1.2450000047683716,40500,0.0,0.0
2025-05-07 00:00:00-04:00,1.2100000381469727,1.2699999809265137,1.190000057220459,1.25,11200,0.0,0.0
2025-05-08 00:00:00-04:00,1.2350000143051147,1.274999976158142,1.2100000381469727,1.2200000286102295,12100,0.0,0.0
2025-05-09 00:00:00-04:00,1.2200000286102295,1.25,1.2200000286102295,1.2300000190734863,7800,0.0,0.0
2025-05-12 00:00:00-04:00,1.2699999809265137,1.5440000295639038,1.2699999809265137,1.4700000286102295,93300,0.0,0.0
2025-05-13 00:00:00-04:00,1.406999945640564,1.7699999809265137,1.4040000438690186,1.7200000286102295,147300,0.0,0.0
2025-05-14 00:00:00-04:00,1.909999966621399,2.690000057220459,1.7000000476837158,2.299999952316284,1302600,0.0,0.0
2025-05-15 00:00:00-04:00,2.3299999237060547,2.5999999046325684,1.5,1.9299999475479126,1411600,0.0,0.0
2025-05-16 00:00:00-04:00,1.9199999570846558,2.069999933242798,1.6100000143051147,1.659999966621399,363900,0.0,0.0
2025-05-19 00:00:00-04:00,1.5199999809265137,1.600000023841858,1.3600000143051147,1.440000057220459,169100,0.0,0.0
2025-05-20 00:00:00-04:00,1.440000057220459,1.5399999618530273,1.3799999952316284,1.4700000286102295,77900,0.0,0.0
2025-05-21 00:00:00-04:00,1.4509999752044678,1.7200000286102295,1.4199999570846558,1.659999966621399,110300,0.0,0.0
2025-05-22 00:00:00-04:00,1.6200000047683716,1.6699999570846558,1.590000033378601,1.6399999856948853,18700,0.0,0.0
2025-05-23 00:00:00-04:00,1.6549999713897705,1.6929999589920044,1.4900000095367432,1.5199999809265137,43300,0.0,0.0
2025-05-27 00:00:00-04:00,1.5399999618530273,1.6299999952316284,1.5199999809265137,1.5700000524520874,19000,0.0,0.0
2025-05-28 00:00:00-04:00,1.5700000524520874,1.6399999856948853,1.5700000524520874,1.6150000095367432,14300,0.0,0.0
2025-05-29 00:00:00-04:00,1.600000023841858,1.628000020980835,1.5499999523162842,1.5499999523162842,12100,0.0,0.0
2025-05-30 00:00:00-04:00,1.5199999809265137,1.5199999809265137,1.4299999475479126,1.4900000095367432,7500,0.0,0.0
2025-06-02 00:00:00-04:00,1.5,1.5199999809265137,1.3799999952316284,1.399999976158142,36000,0.0,0.0
2025-06-03 00:00:00-04:00,1.399999976158142,1.5499999523162842,1.3700000047683716,1.4700000286102295,47600,0.0,0.0
2025-06-04 00:00:00-04:00,1.5,1.6100000143051147,1.5,1.559999942779541,20000,0.0,0.0
2025-06-05 00:00:00-04:00,1.5099999904632568,1.5700000524520874,1.4500000476837158,1.4900000095367432,35400,0.0,0.0
2025-06-06 00:00:00-04:00,1.5199999809265137,1.5199999809265137,1.3700000047683716,1.3700000047683716,46500,0.0,0.0
2025-06-09 00:00:00-04:00,1.3200000524520874,1.4199999570846558,1.315999984741211,1.3899999856948853,73100,0.0,0.0
2025-06-10 00:00:00-04:00,1.4190000295639038,1.4190000295639038,1.3600000143051147,1.3799999952316284,9300,0.0,0.0
2025-06-11 00:00:00-04:00,1.350000023841858,1.4010000228881836,1.3300000429153442,1.399999976158142,29900,0.0,0.0
2025-06-12 00:00:00-04:00,1.340000033378601,1.399999976158142,1.340000033378601,1.3600000143051147,16600,0.0,0.0
2025-06-13 00:00:00-04:00,1.3600000143051147,1.3600000143051147,1.2699999809265137,1.2999999523162842,19300,0.0,0.0
2025-06-16 00:00:00-04:00,1.25,1.4299999475479126,1.25,1.340000033378601,78700,0.0,0.0
2025-06-17 00:00:00-04:00,1.4800000190734863,1.7200000286102295,1.409999966621399,1.6799999475479126,1480700,0.0,0.0
2025-06-18 00:00:00-04:00,1.600000023841858,1.6799999475479126,1.5609999895095825,1.6299999952316284,129000,0.0,0.0
2025-06-20 00:00:00-04:00,1.600000023841858,1.6119999885559082,1.4800000190734863,1.5,129400,0.0,0.0
2025-06-23 00:00:00-04:00,1.4600000381469727,1.475000023841858,1.399999976158142,1.4299999475479126,26500,0.0,0.0
2025-06-24 00:00:00-04:00,1.4199999570846558,1.4700000286102295,1.399999976158142,1.4500000476837158,31200,0.0,0.0
2025-06-25 00:00:00-04:00,1.440000057220459,1.440000057220459,1.399999976158142,1.399999976158142,7400,0.0,0.0
2025-06-26 00:00:00-04:00,1.3899999856948853,1.4199999570846558,1.350000023841858,1.4199999570846558,16200,0.0,0.0
2025-06-27 00:00:00-04:00,1.399999976158142,1.4149999618530273,1.2999999523162842,1.399999976158142,17500,0.0,0.0
2025-06-30 00:00:00-04:00,1.350000023841858,1.440000057220459,1.350000023841858,1.440000057220459,13900,0.0,0.0
2025-07-01 00:00:00-04:00,1.409000039100647,1.4199999570846558,1.3600000143051147,1.3899999856948853,10100,0.0,0.0
2025-07-02 00:00:00-04:00,1.399999976158142,1.440000057220459,1.399999976158142,1.399999976158142,18200,0.0,0.0
2025-07-03 00:00:00-04:00,1.434000015258789,1.4500000476837158,1.4199999570846558,1.4199999570846558,25500,0.0,0.0
2025-07-07 00:00:00-04:00,1.399999976158142,1.4199999570846558,1.350000023841858,1.375,13300,0.0,0.0
2025-07-08 00:00:00-04:00,1.3700000047683716,1.4900000095367432,1.3700000047683716,1.440000057220459,32500,0.0,0.0
2025-07-09 00:00:00-04:00,1.4500000476837158,1.5700000524520874,1.440000057220459,1.5199999809265137,26600,0.0,0.0
2025-07-10 00:00:00-04:00,1.5,1.5499999523162842,1.4900000095367432,1.5190000534057617,4300,0.0,0.0
2025-07-11 00:00:00-04:00,1.3480000495910645,1.5700000524520874,1.3480000495910645,1.5700000524520874,44800,0.0,0.0
2025-07-14 00:00:00-04:00,1.5490000247955322,1.5490000247955322,1.4600000381469727,1.4900000095367432,12900,0.0,0.0
2025-07-15 00:00:00-04:00,1.5,1.5299999713897705,1.4500000476837158,1.4500000476837158,48000,0.0,0.0
2025-07-16 00:00:00-04:00,1.409999966621399,1.4500000476837158,1.350000023841858,1.4299999475479126,19500,0.0,0.0
2025-07-17 00:00:00-04:00,1.4299999475479126,1.5479999780654907,1.4299999475479126,1.440000057220459,27200,0.0,0.0
2025-07-18 00:00:00-04:00,1.4900000095367432,1.4900000095367432,1.440000057220459,1.4630000591278076,22400,0.0,0.0
2025-07-21 00:00:00-04:00,1.440000057220459,1.5099999904632568,1.4299999475479126,1.440000057220459,71800,0.0,0.0
2025-07-22 00:00:00-04:00,1.440000057220459,1.4900000095367432,1.4299999475479126,1.475000023841858,58500,0.0,0.0
2025-07-23 00:00:00-04:00,1.4800000190734863,1.5499999523162842,1.465000033378601,1.4800000190734863,15200,0.0,0.0
2025-07-24 00:00:00-04:00,1.5299999713897705,1.5520000457763672,1.5,1.5260000228881836,26700,0.0,0.0
2025-07-25 00:00:00-04:00,1.5099999904632568,1.5379999876022339,1.4600000381469727,1.4600000381469727,6200,0.0,0.0
2025-07-28 00:00:00-04:00,1.4700000286102295,1.5800000429153442,1.4700000286102295,1.5260000228881836,64900,0.0,0.0
2025-07-29 00:00:00-04:00,1.5399999618530273,1.5399999618530273,1.4500000476837158,1.4989999532699585,11300,0.0,0.0
2025-07-30 00:00:00-04:00,1.5,1.5499999523162842,1.4600000381469727,1.5,11700,0.0,0.0
2025-07-31 00:00:00-04:00,1.5,1.5529999732971191,1.5,1.5499999523162842,32100,0.0,0.0
2025-08-01 00:00:00-04:00,1.5069999694824219,1.5399999618530273,1.5,1.5,16100,0.0,0.0
2025-08-04 00:00:00-04:00,1.5,1.6699999570846558,1.468999981880188,1.5499999523162842,66500,0.0,0.0
2025-08-05 00:00:00-04:00,1.5499999523162842,1.5499999523162842,1.5,1.5,14700,0.0,0.0
2025-08-06 00:00:00-04:00,1.4700000286102295,1.4800000190734863,1.3700000047683716,1.3700000047683716,24100,0.0,0.0
2025-08-07 00:00:00-04:00,1.4500000476837158,1.559999942779541,1.399999976158142,1.440000057220459,47100,0.0,0.0
2025-08-08 00:00:00-04:00,1.409999966621399,1.4800000190734863,1.350000023841858,1.409999966621399,26100,0.0,0.0
2025-08-11 00:00:00-04:00,1.4199999570846558,1.440000057220459,1.3700000047683716,1.3700000047683716,8200,0.0,0.0
2025-08-12 00:00:00-04:00,1.399999976158142,1.409999966621399,1.3600000143051147,1.3600000143051147,6600,0.0,0.0
2025-08-13 00:00:00-04:00,1.3799999952316284,1.409999966621399,1.2999999523162842,1.350000023841858,18500,0.0,0.0
2025-08-14 00:00:00-04:00,1.309999942779541,1.340000033378601,1.1799999475479126,1.25,94300,0.0,0.0
2025-08-15 00:00:00-04:00,1.2200000286102295,1.2899999618530273,1.2200000286102295,1.25,25100,0.0,0.0
2025-08-18 00:00:00-04:00,1.25,1.309999942779541,1.225000023841858,1.2400000095367432,29500,0.0,0.0
2025-08-19 00:00:00-04:00,1.2599999904632568,1.2599999904632568,1.2200000286102295,1.25,11000,0.0,0.0
2025-08-20 00:00:00-04:00,1.2300000190734863,1.25,1.1799999475479126,1.25,28300,0.0,0.0
2025-08-21 00:00:00-04:00,1.2000000476837158,1.2359999418258667,1.1959999799728394,1.2359999418258667,5300,0.0,0.0
2025-08-22 00:00:00-04:00,1.1799999475479126,1.2599999904632568,1.1799999475479126,1.2599999904632568,17500,0.0,0.0
2025-08-25 00:00:00-04:00,1.2699999809265137,1.3600000143051147,1.2200000286102295,1.2799999713897705,47700,0.0,0.0
2025-08-26 00:00:00-04:00,1.2899999618530273,1.340000033378601,1.2699999809265137,1.2799999713897705,15100,0.0,0.0
2025-08-27 00:00:00-04:00,1.2799999713897705,1.2899999618530273,1.25,1.2799999713897705,16600,0.0,0.0
2025-08-28 00:00:00-04:00,1.2799999713897705,1.3200000524520874,1.2100000381469727,1.2400000095367432,18400,0.0,0.0
2025-08-29 00:00:00-04:00,1.2519999742507935,1.2899999618530273,1.2400000095367432,1.2400000095367432,4100,0.0,0.0
2025-09-02 00:00:00-04:00,1.2300000190734863,1.3899999856948853,1.2100000381469727,1.350000023841858,48000,0.0,0.0
2025-09-03 00:00:00-04:00,1.2869999408721924,1.350000023841858,1.25,1.340000033378601,14400,0.0,0.0
2025-09-04 00:00:00-04:00,1.3300000429153442,1.7300000190734863,1.2860000133514404,1.5700000524520874,315300,0.0,0.0
2025-09-05 00:00:00-04:00,1.5199999809265137,1.5199999809265137,1.2999999523162842,1.340000033378601,162400,0.0,0.0
2025-09-08 00:00:00-04:00,1.3300000429153442,1.4600000381469727,1.1299999952316284,1.3450000286102295,272300,0.0,0.0
2025-09-09 00:00:00-04:00,1.4199999570846558,1.5199999809265137,1.350000023841858,1.5,140000,0.0,0.0
2025-09-10 00:00:00-04:00,1.4500000476837158,1.5399999618530273,1.4299999475479126,1.4600000381469727,41600,0.0,0.0
2025-09-11 00:00:00-04:00,1.4900000095367432,1.6390000581741333,1.4299999475479126,1.5800000429153442,96800,0.0,0.0
2025-09-12 00:00:00-04:00,1.5499999523162842,1.5800000429153442,1.4500000476837158,1.4700000286102295,54800,0.0,0.0
2025-09-15 00:00:00-04:00,1.4700000286102295,1.4700000286102295,1.350000023841858,1.4550000429153442,49200,0.0,0.0
2025-09-16 00:00:00-04:00,1.399999976158142,1.4910000562667847,1.3700000047683716,1.399999976158142,63300,0.0,0.0
2025-09-17 00:00:00-04:00,1.399999976158142,1.4249999523162842,1.3600000143051147,1.3650000095367432,26400,0.0,0.0
2025-09-18 00:00:00-04:00,1.3799999952316284,1.3799999952316284,1.3200000524520874,1.378000020980835,15600,0.0,0.0
2025-09-19 00:00:00-04:00,1.399999976158142,1.4199999570846558,1.3899999856948853,1.399999976158142,15100,0.0,0.0
2025-09-22 00:00:00-04:00,1.3700000047683716,1.399999976158142,1.3600000143051147,1.3899999856948853,11700,0.0,0.0
2025-09-23 00:00:00-04:00,1.4010000228881836,1.4500000476837158,1.399999976158142,1.399999976158142,19500,0.0,0.0
2025-09-24 00:00:00-04:00,1.3899999856948853,1.3899999856948853,1.3600000143051147,1.3700000047683716,2700,0.0,0.0
2025-09-25 00:00:00-04:00,1.3700000047683716,1.409999966621399,1.3700000047683716,1.3799999952316284,7200,0.0,0.0
2025-09-26 00:00:00-04:00,1.399999976158142,1.399999976158142,1.309999942779541,1.309999942779541,11600,0.0,0.0
2025-09-29 00:00:00-04:00,1.3200000524520874,1.3799999952316284,1.2999999523162842,1.378999948501587,21000,0.0,0.0
2025-09-30 00:00:00-04:00,1.3600000143051147,1.3650000095367432,1.309999942779541,1.350000023841858,5000,0.0,0.0
2025-10-01 00:00:00-04:00,1.350000023841858,1.3700000047683716,1.309999942779541,1.3350000381469727,8400,0.0,0.0
2025-10-02 00:00:00-04:00,1.3309999704360962,1.4199999570846558,1.3300000429153442,1.3600000143051147,28800,0.0,0.0
2025-10-03 00:00:00-04:00,1.3600000143051147,1.3700000047683716,1.3200000524520874,1.3300000429153442,16300,0.0,0.0
2025-10-06 00:00:00-04:00,1.3300000429153442,1.600000023841858,1.3300000429153442,1.4500000476837158,101500,0.0,0.0
2025-10-07 00:00:00-04:00,1.5,1.524999976158142,1.4299999475479126,1.4700000286102295,10100,0.0,0.0
2025-10-08 00:00:00-04:00,1.434999942779541,1.4700000286102295,1.3799999952316284,1.3899999856948853,11700,0.0,0.0
2025-10-09 00:00:00-04:00,1.3899999856948853,1.4299999475479126,1.3799999952316284,1.4299999475479126,7200,0.0,0.0
2025-10-10 00:00:00-04:00,1.3600000143051147,1.4299999475479126,1.2999999523162842,1.309999942779541,8100,0.0,0.0
2025-10-13 00:00:00-04:00,1.309999942779541,1.3600000143051147,1.2799999713897705,1.2799999713897705,25300,0.0,0.0
2025-10-14 00:00:00-04:00,1.2699999809265137,1.350000023841858,1.25,1.2999999523162842,13600,0.0,0.0
2025-10-15 00:00:00-04:00,1.2999999523162842,1.3200000524520874,1.2799999713897705,1.2999999523162842,5600,0.0,0.0
2025-10-16 00:00:00-04:00,1.2999999523162842,1.309999942779541,1.2200000286102295,1.25,30200,0.0,0.0
2025-10-17 00:00:00-04:00,1.25,1.3289999961853027,1.25,1.2799999713897705,21400,0.0,0.0
2025-10-20 00:00:00-04:00,1.2899999618530273,1.309999942779541,1.2699999809265137,1.2899999618530273,6300,0.0,0.0
2025-10-21 00:00:00-04:00,1.2599999904632568,1.350000023841858,1.2599999904632568,1.3300000429153442,8200,0.0,0.0
2025-10-22 00:00:00-04:00,1.309999942779541,1.309999942779541,1.2400000095367432,1.2400000095367432,5400,0.0,0.0
2025-10-23 00:00:00-04:00,1.2410000562667847,1.2829999923706055,1.2000000476837158,1.2799999713897705,9100,0.0,0.0
2025-10-24 00:00:00-04:00,1.2450000047683716,1.2899999618530273,1.2450000047683716,1.2899999618530273,3500,0.0,0.0
2025-10-27 00:00:00-04:00,1.2999999523162842,1.2999999523162842,1.2350000143051147,1.25,6200,0.0,0.0
2025-10-28 00:00:00-04:00,1.2300000190734863,1.25,1.2000000476837158,1.2100000381469727,5900,0.0,0.0
2025-10-29 00:00:00-04:00,1.2000000476837158,1.218999981880188,1.159999966621399,1.190000057220459,10100,0.0,0.0
2025-10-30 00:00:00-04:00,1.1799999475479126,1.2000000476837158,1.149999976158142,1.1699999570846558,8700,0.0,0.0
2025-10-31 00:00:00-04:00,1.1699999570846558,1.2799999713897705,1.1699999570846558,1.2599999904632568,32400,0.0,0.0
2025-11-03 00:00:00-05:00,1.2599999904632568,1.3009999990463257,1.2599999904632568,1.2899999618530273,5200,0.0,0.0
2025-11-04 00:00:00-05:00,1.2599999904632568,1.2999999523162842,1.2599999904632568,1.2999999523162842,10600,0.0,0.0
2025-11-05 00:00:00-05:00,1.2999999523162842,1.2999999523162842,1.2799999713897705,1.284000039100647,4100,0.0,0.0
2025-11-06 00:00:00-05:00,1.2799999713897705,1.3200000524520874,1.2799999713897705,1.2899999618530273,3300,0.0,0.0
2025-11-07 00:00:00-05:00,1.2960000038146973,1.2960000038146973,1.25,1.25,11400,0.0,0.0
2025-11-10 00:00:00-05:00,1.2630000114440918,1.2630000114440918,1.25,1.25,4600,0.0,0.0
2025-11-11 00:00:00-05:00,1.2599999904632568,1.2699999809265137,1.2350000143051147,1.25,17800,0.0,0.0
2025-11-12 00:00:00-05:00,1.2000000476837158,1.2200000286102295,1.2000000476837158,1.2200000286102295,1900,0.0,0.0
2025-11-13 00:00:00-05:00,1.2100000381469727,1.2300000190734863,1.1799999475479126,1.1890000104904175,5300,0.0,0.0
2025-11-14 00:00:00-05:00,1.159999966621399,1.159999966621399,1.1399999856948853,1.159999966621399,4900,0.0,0.0
2025-11-17 00:00:00-05:00,1.1399999856948853,1.2100000381469727,1.1200000047683716,1.2100000381469727,8000,0.0,0.0
2025-11-18 00:00:00-05:00,1.1200000047683716,1.149999976158142,1.100000023841858,1.100000023841858,2200,0.0,0.0
2025-11-19 00:00:00-05:00,1.100000023841858,1.1030000448226929,1.0199999809265137,1.0800000429153442,26700,0.0,0.0
2025-11-20 00:00:00-05:00,1.0809999704360962,1.1100000143051147,1.0,1.0099999904632568,28700,0.0,0.0
2025-11-21 00:00:00-05:00,1.031000018119812,1.0800000429153442,1.0199999809265137,1.059999942779541,29000,0.0,0.0
2025-11-24 00:00:00-05:00,1.0299999713897705,1.059999942779541,1.0199999809265137,1.059999942779541,8100,0.0,0.0
2025-11-25 00:00:00-05:00,1.1399999856948853,1.1399999856948853,1.0199999809265137,1.0199999809265137,12500,0.0,0.0
2025-11-26 00:00:00-05:00,1.0099999904632568,1.090000033378601,0.9950000047683716,1.0299999713897705,2700,0.0,0.0
2025-11-28 00:00:00-05:00,1.059999942779541,1.059999942779541,1.0499999523162842,1.0499999523162842,700,0.0,0.0
2025-12-01 00:00:00-05:00,1.034999966621399,1.0800000429153442,1.0199999809265137,1.0800000429153442,15800,0.0,0.0
2025-12-02 00:00:00-05:00,1.059999942779541,1.059999942779541,1.0199999809265137,1.0199999809265137,3000,0.0,0.0
2025-12-03 00:00:00-05:00,1.0099999904632568,1.0549999475479126,1.0099999904632568,1.0199999809265137,17100,0.0,0.0
2025-12-04 00:00:00-05:00,1.0099999904632568,1.0299999713897705,1.0099999904632568,1.0299999713897705,7000,0.0,0.0
2025-12-05 00:00:00-05:00,1.0299999713897705,1.0399999618530273,1.0099999904632568,1.0099999904632568,7400,0.0,0.0
2025-12-08 00:00:00-05:00,1.0199999809265137,1.090000033378601,1.0099999904632568,1.0700000524520874,6700,0.0,0.0
2025-12-09 00:00:00-05:00,1.0399999618530273,1.159999966621399,1.0199999809265137,1.149999976158142,4300,0.0,0.0
2025-12-10 00:00:00-05:00,1.1649999618530273,1.2000000476837158,1.1299999952316284,1.159999966621399,14100,0.0,0.0
2025-12-11 00:00:00-05:00,1.149999976158142,1.1799999475479126,1.149999976158142,1.1799999475479126,4700,0.0,0.0
2025-12-12 00:00:00-05:00,1.1799999475479126,1.1799999475479126,1.100000023841858,1.1699999570846558,6800,0.0,0.0
2025-12-15 00:00:00-05:00,1.090000033378601,1.1449999809265137,1.090000033378601,1.1449999809265137,1800,0.0,0.0
2025-12-16 00:00:00-05:00,1.0499999523162842,1.0499999523162842,1.0099999904632568,1.0299999713897705,6500,0.0,0.0
2025-12-17 00:00:00-05:00,1.1200000047683716,1.1200000047683716,1.0199999809265137,1.0299999713897705,6900,0.0,0.0
2025-12-18 00:00:00-05:00,1.0299999713897705,1.0299999713897705,1.0099999904632568,1.0099999904632568,7000,0.0,0.0
2025-12-19 00:00:00-05:00,1.0099999904632568,1.0399999618530273,1.0049999952316284,1.0199999809265137,13000,0.0,0.0
2025-12-22 00:00:00-05:00,1.0180000066757202,1.0199999809265137,1.0099999904632568,1.0199999809265137,10700,0.0,0.0
2025-12-23 00:00:00-05:00,1.0099999904632568,1.0260000228881836,1.0,1.0099999904632568,6800,0.0,0.0
2025-12-24 00:00:00-05:00,1.0149999856948853,1.0149999856948853,0.9919999837875366,0.9950000047683716,2300,0.0,0.0
2025-12-26 00:00:00-05:00,0.9800000190734863,0.9800000190734863,0.9599999785423279,0.9599999785423279,8800,0.0,0.0
2025-12-29 00:00:00-05:00,0.9300000071525574,0.9700000286102295,0.9300000071525574,0.949999988079071,15600,0.0,0.0
2025-12-30 00:00:00-05:00,0.9950000047683716,1.0800000429153442,0.9399999976158142,0.9700000286102295,12400,0.0,0.0
2025-12-31 00:00:00-05:00,0.9660000205039978,1.0,0.9399999976158142,0.949999988079071,13800,0.0,0.0
2026-01-02 00:00:00-05:00,0.9399999976158142,0.9750000238418579,0.9399999976158142,0.9700000286102295,2300,0.0,0.0
2026-01-05 00:00:00-05:00,1.0199999809265137,1.0199999809265137,0.9399999976158142,0.9399999976158142,5800,0.0,0.0
2026-01-06 00:00:00-05:00,0.9399999976158142,0.9399999976158142,0.9399999976158142,0.9399999976158142,4200,0.0,0.0
2026-01-07 00:00:00-05:00,0.9200000166893005,0.9599999785423279,0.8999999761581421,0.9599999785423279,7400,0.0,0.0
2026-01-08 00:00:00-05:00,0.9200000166893005,0.9309999942779541,0.8069999814033508,0.8100000023841858,53000,0.0,0.0
2026-01-09 00:00:00-05:00,0.8100000023841858,0.8669999837875366,0.800000011920929,0.800000011920929,6600,0.0,0.0
2026-01-12 00:00:00-05:00,0.7960000038146973,0.8199999928474426,0.7879999876022339,0.8199999928474426,11200,0.0,0.0
2026-01-13 00:00:00-05:00,0.8199999928474426,0.8199999928474426,0.7680000066757202,0.7900000214576721,12800,0.0,0.0
2026-01-14 00:00:00-05:00,0.722000002861023,1.8200000524520874,0.722000002861023,1.090000033378601,11939800,0.0,0.0
2026-01-15 00:00:00-05:00,0.9900000095367432,1.3799999952316284,0.9419999718666077,1.2000000476837158,507900,0.0,0.0
2026-01-16 00:00:00-05:00,1.149999976158142,1.25,1.100000023841858,1.149999976158142,61700,0.0,0.0
2026-01-20 00:00:00-05:00,1.1200000047683716,1.1890000104904175,1.059999942779541,1.159999966621399,26800,0.0,0.0
2026-01-21 00:00:00-05:00,1.100000023841858,1.159999966621399,1.0399999618530273,1.100000023841858,14500,0.0,0.0
2026-01-22 00:00:00-05:00,1.090000033378601,1.1399999856948853,1.059999942779541,1.1399999856948853,43200,0.0,0.0
2026-01-23 00:00:00-05:00,1.100000023841858,1.1399999856948853,1.0520000457763672,1.1200000047683716,22300,0.0,0.0
2026-01-26 00:00:00-05:00,1.0399999618530273,1.1200000047683716,0.9900000095367432,1.0399999618530273,21200,0.0,0.0
2026-01-27 00:00:00-05:00,1.0,1.059999942779541,0.9900000095367432,1.0499999523162842,4700,0.0,0.0
2026-01-28 00:00:00-05:00,1.0149999856948853,1.090000033378601,0.9300000071525574,1.090000033378601,38400,0.0,0.0
2026-01-29 00:00:00-05:00,1.100000023841858,1.100000023841858,0.8149999976158142,0.9070000052452087,54500,0.0,0.0
2026-01-30 00:00:00-05:00,0.9700000286102295,0.9750000238418579,0.8500000238418579,0.9210000038146973,59000,0.0,0.0
2026-02-02 00:00:00-05:00,0.8500000238418579,0.9330000281333923,0.8500000238418579,0.9100000262260437,7700,0.0,0.0
2026-02-03 00:00:00-05:00,0.8700000047683716,0.9100000262260437,0.8399999737739563,0.9100000262260437,13200,0.0,0.0
2026-02-04 00:00:00-05:00,0.8460000157356262,0.8700000047683716,0.800000011920929,0.8600000143051147,10000,0.0,0.0
2026-02-05 00:00:00-05:00,0.8399999737739563,0.8399999737739563,0.7570000290870667,0.8190000057220459,40500,0.0,0.0
2026-02-06 00:00:00-05:00,0.7910000085830688,0.8830000162124634,0.7699999809265137,0.8659999966621399,18200,0.0,0.0
2026-02-09 00:00:00-05:00,0.8119999766349792,0.9959999918937683,0.8119999766349792,0.9089999794960022,40300,0.0,0.0
2026-02-10 00:00:00-05:00,0.8640000224113464,0.8640000224113464,0.8339999914169312,0.8640000224113464,4000,0.0,0.0
2026-02-11 00:00:00-05:00,0.8640000224113464,0.9300000071525574,0.8640000224113464,0.9300000071525574,2400,0.0,0.0
2026-02-12 00:00:00-05:00,0.8270000219345093,0.890999972820282,0.8270000219345093,0.890999972820282,2100,0.0,0.0
2026-02-13 00:00:00-05:00,0.875,0.875,0.8429999947547913,0.8429999947547913,400,0.0,0.0
2026-02-17 00:00:00-05:00,0.8149999976158142,0.8149999976158142,0.8149999976158142,0.8149999976158142,600,0.0,0.0
2026-02-18 00:00:00-05:00,0.8999999761581421,0.9200000166893005,0.8399999737739563,0.8700000047683716,6686200,0.0,0.0
2026-02-19 00:00:00-05:00,1.090000033378601,1.090000033378601,0.8600000143051147,0.9100000262260437,12585100,0.0,0.0
2026-02-20 00:00:00-05:00,1.059999942779541,1.25,1.0,1.1299999952316284,1322100,0.0,0.0
2026-02-23 00:00:00-05:00,1.0399999618530273,1.2699999809265137,1.0399999618530273,1.190000057220459,170800,0.0,0.0
2026-02-24 00:00:00-05:00,1.2100000381469727,1.2100000381469727,1.1200000047683716,1.2089999914169312,40600,0.0,0.0
2026-02-25 00:00:00-05:00,1.1200000047683716,1.2400000095367432,1.1100000143051147,1.1200000047683716,62900,0.0,0.0
2026-02-26 00:00:00-05:00,1.1100000143051147,1.190000057220459,1.0800000429153442,1.1100000143051147,27900,0.0,0.0
2026-02-27 00:00:00-05:00,1.1399999856948853,1.1399999856948853,1.059999942779541,1.090000033378601,28200,0.0,0.0
2026-03-02 00:00:00-05:00,1.0149999856948853,1.0299999713897705,0.9700000286102295,1.0199999809265137,51000,0.0,0.0
2026-03-03 00:00:00-05:00,0.9700000286102295,1.0099999904632568,0.9509999752044678,1.0099999904632568,8700,0.0,0.0
2026-03-04 00:00:00-05:00,0.953000009059906,1.0399999618530273,0.949999988079071,1.0299999713897705,14600,0.0,0.0
2026-03-05 00:00:00-05:00,0.9599999785423279,1.0199999809265137,0.9200000166893005,1.0199999809265137,12600,0.0,0.0
2026-03-06 00:00:00-05:00,1.0,1.059999942779541,1.0,1.059999942779541,6500,0.0,0.0
2026-03-09 00:00:00-04:00,0.9900000095367432,1.0299999713897705,0.949999988079071,1.0,6600,0.0,0.0
2026-03-10 00:00:00-04:00,0.9620000123977661,1.0,0.953000009059906,1.0,8300,0.0,0.0
2026-03-11 00:00:00-04:00,0.9649999737739563,1.0,0.9649999737739563,1.0,12600,0.0,0.0
2026-03-12 00:00:00-04:00,0.9599999785423279,0.996999979019165,0.9599999785423279,0.996999979019165,6300,0.0,0.0
2026-03-13 00:00:00-04:00,0.9549999833106995,1.0,0.9549999833106995,1.0,2100,0.0,0.0
2026-03-16 00:00:00-04:00,0.9589999914169312,1.0199999809265137,0.9589999914169312,1.0199999809265137,5700,0.0,0.0
2026-03-17 00:00:00-04:00,1.024999976158142,1.0499999523162842,0.9900000095367432,1.0499999523162842,4900,0.0,0.0
2026-03-18 00:00:00-04:00,0.9890000224113464,1.059999942779541,0.9890000224113464,0.9900000095367432,15800,0.0,0.0
2026-03-19 00:00:00-04:00,0.9679999947547913,1.0,0.9649999737739563,0.996999979019165,3700,0.0,0.0
2026-03-20 00:00:00-04:00,0.9580000042915344,1.0,0.9549999833106995,1.0,2400,0.0,0.0
2026-03-23 00:00:00-04:00,0.9679999947547913,0.9679999947547913,0.9580000042915344,0.9580000042915344,11000,0.0,0.0
2026-03-24 00:00:00-04:00,0.9860000014305115,0.9860000014305115,0.9549999833106995,0.9549999833106995,9100,0.0,0.0
2026-03-25 00:00:00-04:00,0.9679999947547913,1.0700000524520874,0.9549999833106995,1.0640000104904175,18000,0.0,0.0
2026-03-26 00:00:00-04:00,0.9710000157356262,1.0,0.9599999785423279,0.9599999785423279,5400,0.0,0.0
2026-03-27 00:00:00-04:00,0.9610000252723694,0.9760000109672546,0.9399999976158142,0.9509999752044678,13200,0.0,0.0
2026-03-30 00:00:00-04:00,0.949999988079071,0.949999988079071,0.843999981880188,0.843999981880188,4100,0.0,0.0
2026-03-31 00:00:00-04:00,0.8740000128746033,0.8999999761581421,0.8740000128746033,0.875,7400,0.0,0.0
2026-04-01 00:00:00-04:00,0.9100000262260437,0.9100000262260437,0.8799999952316284,0.8799999952316284,2400,0.0,0.0
2026-04-02 00:00:00-04:00,0.949999988079071,0.9729999899864197,0.9049999713897705,0.9300000071525574,12900,0.0,0.0
2026-04-06 00:00:00-04:00,0.9599999785423279,0.9599999785423279,0.8569999933242798,0.9599999785423279,1300,0.0,0.0
2026-04-07 00:00:00-04:00,0.9599999785423279,0.9599999785423279,0.8899999856948853,0.8970000147819519,3100,0.0,0.0
2026-04-08 00:00:00-04:00,0.8970000147819519,0.8970000147819519,0.8970000147819519,0.8970000147819519,0,0.0,0.0
2026-04-09 00:00:00-04:00,0.8970000147819519,0.8970000147819519,0.8519999980926514,0.8600000143051147,19400,0.0,0.0
2026-04-10 00:00:00-04:00,0.8539999723434448,0.9490000009536743,0.8539999723434448,0.9490000009536743,3100,0.0,0.0
2026-04-13 00:00:00-04:00,0.9599999785423279,1.0,0.9419999718666077,1.0,19500,0.0,0.0
2026-04-14 00:00:00-04:00,0.9419999718666077,0.9599999785423279,0.878000020980835,0.949999988079071,18100,0.0,0.0
2026-04-15 00:00:00-04:00,0.9300000071525574,0.9599999785423279,0.8899999856948853,0.925000011920929,4900,0.0,0.0
2026-04-16 00:00:00-04:00,0.9309999942779541,1.0149999856948853,0.9259999990463257,1.0,5200,0.0,0.0
2026-04-17 00:00:00-04:00,0.9599999785423279,1.0,0.9599999785423279,0.9599999785423279,2900,0.0,0.0
2026-04-20 00:00:00-04:00,0.9300000071525574,0.9900000095367432,0.9300000071525574,0.949999988079071,1800,0.0,0.0
2026-04-21 00:00:00-04:00,0.9599999785423279,0.9599999785423279,0.9599999785423279,0.9599999785423279,1600,0.0,0.0
2026-04-22 00:00:00-04:00,0.9900000095367432,1.0,0.9300000071525574,0.9950000047683716,3900,0.0,0.0
2026-04-23 00:00:00-04:00,0.9900000095367432,1.0299999713897705,0.9599999785423279,1.0199999809265137,6100,0.0,0.0
2026-04-24 00:00:00-04:00,1.024999976158142,1.0499999523162842,1.0080000162124634,1.0080000162124634,3300,0.0,0.0
2026-04-27 00:00:00-04:00,0.9639999866485596,1.399999976158142,0.9639999866485596,1.2400000095367432,125900,0.0,0.0
2026-04-28 00:00:00-04:00,1.2000000476837158,1.2599999904632568,1.100000023841858,1.1699999570846558,37700,0.0,0.0
2026-04-29 00:00:00-04:00,1.3300000429153442,1.3300000429153442,1.0,1.100000023841858,27700,0.0,0.0
2026-04-30 00:00:00-04:00,1.0499999523162842,1.100000023841858,1.0499999523162842,1.100000023841858,12000,0.0,0.0
2026-05-01 00:00:00-04:00,1.1200000047683716,1.1299999952316284,1.100000023841858,1.1200000047683716,4600,0.0,0.0
2026-05-04 00:00:00-04:00,1.0700000524520874,1.159999966621399,1.0700000524520874,1.159999966621399,9900,0.0,0.0
2026-05-05 00:00:00-04:00,1.149999976158142,1.149999976158142,1.1200000047683716,1.149999976158142,9700,0.0,0.0
2026-05-06 00:00:00-04:00,1.1799999475479126,1.190000057220459,1.149999976158142,1.1799999475479126,4000,0.0,0.0
2026-05-07 00:00:00-04:00,1.2000000476837158,1.2000000476837158,1.090000033378601,1.1399999856948853,6500,0.0,0.0
2026-05-08 00:00:00-04:00,1.1399999856948853,1.1399999856948853,1.0399999618530273,1.059999942779541,12400,0.0,0.0
2026-05-11 00:00:00-04:00,1.0499999523162842,1.149999976158142,1.0,1.1399999856948853,37300,0.0,0.0
2026-05-12 00:00:00-04:00,1.0399999618530273,1.059999942779541,1.0399999618530273,1.0509999990463257,5300,0.0,0.0
2026-05-13 00:00:00-04:00,1.0700000524520874,1.0700000524520874,0.6930000185966492,0.8799999952316284,129500,0.0,0.0
2026-05-14 00:00:00-04:00,0.8539999723434448,0.8539999723434448,0.6320000290870667,0.7400000095367432,143400,0.0,0.0
2026-05-15 00:00:00-04:00,0.7929999828338623,0.7929999828338623,0.7300000190734863,0.7699999809265137,29300,0.0,0.0
2026-05-18 00:00:00-04:00,0.800000011920929,0.8999999761581421,0.800000011920929,0.8899999856948853,27900,0.0,0.0
2026-05-19 00:00:00-04:00,0.9079999923706055,0.9150000214576721,0.8899999856948853,0.9150000214576721,10400,0.0,0.0
2026-05-20 00:00:00-04:00,0.8500000238418579,0.9200000166893005,0.8500000238418579,0.9200000166893005,18800,0.0,0.0
2026-05-21 00:00:00-04:00,0.9200000166893005,0.9900000095367432,0.9200000166893005,0.9900000095367432,14800,0.0,0.0
2026-05-22 00:00:00-04:00,0.9800000190734863,1.0390000343322754,0.9599999785423279,0.9700000286102295,8400,0.0,0.0
2026-05-26 00:00:00-04:00,0.9900000095367432,1.0,0.9599999785423279,0.9869999885559082,8000,0.0,0.0
2026-05-27 00:00:00-04:00,0.984000027179718,1.0199999809265137,0.9670000076293945,1.0199999809265137,1500,0.0,0.0
2026-05-28 00:00:00-04:00,1.0,1.0199999809265137,0.9599999785423279,1.0199999809265137,3000,0.0,0.0
2026-05-29 00:00:00-04:00,0.9900000095367432,1.0199999809265137,0.9900000095367432,1.0199999809265137,4200,0.0,0.0
2026-06-01 00:00:00-04:00,0.9819999933242798,1.0099999904632568,0.9599999785423279,0.9700000286102295,8300,0.0,0.0
2026-06-02 00:00:00-04:00,0.9900000095367432,1.0099999904632568,0.9599999785423279,1.0099999904632568,7400,0.0,0.0
2026-06-03 00:00:00-04:00,1.0099999904632568,1.0190000534057617,0.9800000190734863,0.9800000190734863,6900,0.0,0.0
2026-06-04 00:00:00-04:00,0.9700000286102295,0.9700000286102295,0.9700000286102295,0.9700000286102295,2200,0.0,0.0
2026-06-05 00:00:00-04:00,0.949999988079071,0.9599999785423279,0.800000011920929,0.9599999785423279,28900,0.0,0.0
2026-06-08 00:00:00-04:00,0.9300000071525574,1.100000023841858,0.8970000147819519,0.8970000147819519,63500,0.0,0.0
2026-06-09 00:00:00-04:00,0.9120000004768372,1.059999942779541,0.8920000195503235,1.0,9600,0.0,0.0
2026-06-10 00:00:00-04:00,1.034999966621399,1.0800000429153442,0.9900000095367432,1.0,19200,0.0,0.0
2026-06-11 00:00:00-04:00,1.0299999713897705,1.0299999713897705,0.9850000143051147,0.9850000143051147,7800,0.0,0.0
2026-06-12 00:00:00-04:00,0.9599999785423279,0.9729999899864197,0.9300000071525574,0.9350000023841858,6000,0.0,0.0
2026-06-15 00:00:00-04:00,1.0099999904632568,1.0499999523162842,0.9800000190734863,0.9810000061988831,28200,0.0,0.0
2026-06-16 00:00:00-04:00,1.0,1.0,0.9800000190734863,0.9800000190734863,2200,0.0,0.0
2026-06-17 00:00:00-04:00,1.031999945640564,1.031999945640564,0.9800000190734863,0.9810000061988831,3800,0.0,0.0
2026-06-18 00:00:00-04:00,0.9120000004768372,0.9700000286102295,0.8799999952316284,0.8799999952316284,123000,0.0,0.0
2026-06-22 00:00:00-04:00,0.8700000047683716,0.9200000166893005,0.7699999809265137,0.8489999771118164,6500,0.0,0.0
2026-06-23 00:00:00-04:00,0.8529999852180481,0.9660000205039978,0.7839999794960022,0.8880000114440918,23000,0.0,0.0
2026-06-24 00:00:00-04:00,0.8339999914169312,1.0199999809265137,0.8339999914169312,0.9200000166893005,20900,0.0,0.0
2026-06-25 00:00:00-04:00,0.9700000286102295,1.0800000429153442,0.8700000047683716,1.0800000429153442,23400,0.0,0.0
2026-06-26 00:00:00-04:00,1.059999942779541,1.090000033378601,1.0299999713897705,1.0499999523162842,10800,0.0,0.0
2026-06-29 00:00:00-04:00,1.0800000429153442,1.0800000429153442,1.0,1.0,6200,0.0,0.0
2026-06-30 00:00:00-04:00,1.0700000524520874,1.0889999866485596,1.024999976158142,1.059999942779541,5400,0.0,0.0
2026-07-01 00:00:00-04:00,1.059999942779541,1.0800000429153442,1.0149999856948853,1.0399999618530273,5500,0.0,0.0
2026-07-02 00:00:00-04:00,1.0299999713897705,1.0700000524520874,0.9800000190734863,1.0,12100,0.0,0.0
2026-07-06 00:00:00-04:00,1.0959999561309814,1.0959999561309814,1.059999942779541,1.065000057220459,3000,0.0,0.0
2026-07-07 00:00:00-04:00,1.100000023841858,1.100000023841858,1.0989999771118164,1.100000023841858,2400,0.0,0.0
2026-07-08 00:00:00-04:00,1.100000023841858,1.100000023841858,1.0800000429153442,1.090000033378601,2000,0.0,0.0
2026-07-09 00:00:00-04:00,1.0199999809265137,1.100000023841858,1.0199999809265137,1.0700000524520874,3200,0.0,0.0
2026-07-10 00:00:00-04:00,1.100000023841858,1.100000023841858,1.0399999618530273,1.0800000429153442,6300,0.0,0.0
2026-07-13 00:00:00-04:00,1.100000023841858,1.100000023841858,1.0299999713897705,1.0299999713897705,9100,0.0,0.0
2026-07-14 00:00:00-04:00,1.090000033378601,1.090000033378601,1.0499999523162842,1.0800000429153442,4700,0.0,0.0
2026-07-15 00:00:00-04:00,1.0399999618530273,1.0800000429153442,1.0399999618530273,1.0800000429153442,4800,0.0,0.0
2026-07-16 00:00:00-04:00,1.100000023841858,1.100000023841858,1.100000023841858,1.100000023841858,1700,0.0,0.0
2026-07-17 00:00:00-04:00,1.0800000429153442,1.090000033378601,0.9309999942779541,0.9900000095367432,9100,0.0,0.0
2026-07-20 00:00:00-04:00,1.0800000429153442,1.190000057220459,0.9900000095367432,1.1399999856948853,121200,0.0,0.0
2026-07-22 00:00:00-04:00,1.2400000095367432,1.3700000047683716,1.2400000095367432,1.309999942779541,15700,0.0,0.0
2026-07-23 00:00:00-04:00,1.284999966621399,1.284999966621399,1.1720000505447388,1.1829999685287476,16700,0.0,0.0
2026-07-24 00:00:00-04:00,1.1799999475479126,1.180999994277954,1.1699999570846558,1.180999994277954,2700,0.0,0.0
2026-07-27 00:00:00-04:00,1.277999997138977,1.277999997138977,1.1649999618530273,1.1799999475479126,9500,0.0,0.0
2026-07-28 00:00:00-04:00,1.1399999856948853,1.1799999475479126,1.100000023841858,1.149999976158142,1888300,0.0,0.0
2026-07-29 00:00:00-04:00,1.1100000143051147,1.3899999856948853,1.090000033378601,1.2799999713897705,162400,0.0,0.0
2026-07-30 00:00:00-04:00,1.2000000476837158,1.2699999809265137,1.156999945640564,1.2599999904632568,26200,0.0,0.0
2026-08-03 00:00:00-04:00,1.2000000476837158,1.2400000095367432,1.159999966621399,1.2400000095367432,5300,0.0,0.0
2026-08-04 00:00:00-04:00,1.2100000381469727,1.2100000381469727,1.149999976158142,1.1699999570846558,6300,0.0,0.0
2026-08-05 00:00:00-04:00,1.159999966621399,1.1799999475479126,1.1510000228881836,1.159999966621399,21000,0.0,0.0
2026-08-06 00:00:00-04:00,1.149999976158142,1.1710000038146973,1.149999976158142,1.1710000038146973,2000,0.0,0.0
2026-08-07 00:00:00-04:00,1.1710000038146973,1.1710000038146973,1.1710000038146973,1.1710000038146973,0,0.0,0.0
2026-08-10 00:00:00-04:00,1.159999966621399,1.2100000381469727,1.159999966621399,1.1799999475479126,2600,0.0,0.0
2026-08-11 00:00:00-04:00,1.1619999408721924,1.2599999904632568,1.159999966621399,1.2300000190734863,4800,0.0,0.0
2026-08-12 00:00:00-04:00,1.159999966621399,1.2200000286102295,1.159999966621399,1.1699999570846558,9000,0.0,0.0
2026-08-13 00:00:00-04:00,1.2400000095367432,1.3899999856948853,1.180999994277954,1.309999942779541,18200,0.0,0.0
2026-08-14 00:00:00-04:00,1.2400000095367432,1.309999942779541,1.1720000505447388,1.2990000247955322,4700,0.0,0.0
2026-08-17 00:00:00-04:00,1.190000057220459,1.3700000047683716,1.1799999475479126,1.2999999523162842,54100,0.0,0.0
2026-08-18 00:00:00-04:00,1.2999999523162842,1.315000057220459,1.2510000467300415,1.315000057220459,1200,0.0,0.0
2026-08-19 00:00:00-04:00,1.2799999713897705,1.3200000524520874,1.2799999713897705,1.3200000524520874,2386,0.0,0.0
