Date,Open,High,Low,Close,Volume,Dividends,Stock Splits
2022-01-03 00:00:00-05:00,15.140000343322754,15.65999984741211,14.75,15.319999694824219,241300,0.0,0.0
2022-01-04 00:00:00-05:00,15.430000305175781,15.850000381469727,14.289999961853027,14.489999771118164,365200,0.0,0.0
2022-01-05 00:00:00-05:00,14.520000457763672,14.5600004196167,13.368000030517578,13.399999618530273,419800,0.0,0.0
2022-01-06 00:00:00-05:00,13.164999961853027,13.84000015258789,12.569999694824219,12.819999694824219,553100,0.0,0.0
2022-01-07 00:00:00-05:00,12.930000305175781,13.260000228881836,12.609999656677246,13.010000228881836,465800,0.0,0.0
2022-01-10 00:00:00-05:00,12.869999885559082,12.890000343322754,12.199999809265137,12.640000343322754,537100,0.0,0.0
2022-01-11 00:00:00-05:00,12.65999984741211,13.0,12.399999618530273,12.949999809265137,685700,0.0,0.0
2022-01-12 00:00:00-05:00,13.260000228881836,13.479999542236328,12.680000305175781,12.850000381469727,371200,0.0,0.0
2022-01-13 00:00:00-05:00,13.130000114440918,13.130000114440918,11.5600004196167,11.630000114440918,637700,0.0,0.0
2022-01-14 00:00:00-05:00,11.489999771118164,11.75,10.819999694824219,11.609999656677246,614800,0.0,0.0
2022-01-18 00:00:00-05:00,11.210000038146973,11.800000190734863,10.800000190734863,10.869999885559082,575100,0.0,0.0
2022-01-19 00:00:00-05:00,10.520000457763672,11.720000267028809,10.520000457763672,11.329999923706055,958800,0.0,0.0
2022-01-20 00:00:00-05:00,11.479999542236328,11.75,10.579999923706055,10.739999771118164,1322000,0.0,0.0
2022-01-21 00:00:00-05:00,10.640000343322754,11.149999618530273,10.130000114440918,10.260000228881836,567700,0.0,0.0
2022-01-24 00:00:00-05:00,9.336999893188477,10.819999694824219,9.336999893188477,10.680000305175781,607200,0.0,0.0
2022-01-25 00:00:00-05:00,10.4399995803833,11.029999732971191,10.329999923706055,10.640000343322754,327700,0.0,0.0
2022-01-26 00:00:00-05:00,10.829999923706055,11.029999732971191,10.15999984741211,10.270000457763672,421300,0.0,0.0
2022-01-27 00:00:00-05:00,10.380000114440918,10.687000274658203,9.920000076293945,10.069999694824219,443800,0.0,0.0
2022-01-28 00:00:00-05:00,10.039999961853027,10.39900016784668,9.699999809265137,10.3100004196167,428400,0.0,0.0
2022-01-31 00:00:00-05:00,10.630000114440918,11.0,10.220000267028809,10.729999542236328,943200,0.0,0.0
2022-02-01 00:00:00-05:00,10.90999984741211,11.210000038146973,10.520000457763672,11.109999656677246,544700,0.0,0.0
2022-02-02 00:00:00-05:00,11.1899995803833,11.479999542236328,10.350000381469727,10.470000267028809,510900,0.0,0.0
2022-02-03 00:00:00-05:00,10.180000305175781,10.670000076293945,10.13599967956543,10.470000267028809,710300,0.0,0.0
2022-02-04 00:00:00-05:00,10.420000076293945,11.1899995803833,10.329999923706055,10.600000381469727,425500,0.0,0.0
2022-02-07 00:00:00-05:00,10.6899995803833,11.380000114440918,10.600000381469727,11.09000015258789,409100,0.0,0.0
2022-02-08 00:00:00-05:00,11.010000228881836,11.850000381469727,10.75,11.6899995803833,413300,0.0,0.0
2022-02-09 00:00:00-05:00,11.850000381469727,13.0600004196167,11.850000381469727,12.710000038146973,633100,0.0,0.0
2022-02-10 00:00:00-05:00,12.460000038146973,12.850000381469727,11.550000190734863,11.989999771118164,681400,0.0,0.0
2022-02-11 00:00:00-05:00,11.760000228881836,12.5600004196167,10.579999923706055,10.710000038146973,1131900,0.0,0.0
2022-02-14 00:00:00-05:00,10.800000190734863,11.239999771118164,10.65999984741211,11.010000228881836,343200,0.0,0.0
2022-02-15 00:00:00-05:00,11.25,11.829999923706055,11.119999885559082,11.59000015258789,494200,0.0,0.0
2022-02-16 00:00:00-05:00,11.449999809265137,11.529999732971191,10.949999809265137,11.369999885559082,365100,0.0,0.0
2022-02-17 00:00:00-05:00,11.149999618530273,11.199999809265137,10.149999618530273,10.220000267028809,393300,0.0,0.0
2022-02-18 00:00:00-05:00,10.399999618530273,10.4399995803833,9.75,10.0,552700,0.0,0.0
2022-02-22 00:00:00-05:00,9.84000015258789,10.15999984741211,9.65999984741211,9.75,525200,0.0,0.0
2022-02-23 00:00:00-05:00,9.899999618530273,10.081000328063965,9.170000076293945,9.220000267028809,654600,0.0,0.0
2022-02-24 00:00:00-05:00,8.869999885559082,9.880000114440918,8.699999809265137,9.84000015258789,703000,0.0,0.0
2022-02-25 00:00:00-05:00,9.9399995803833,10.029999732971191,9.319999694824219,9.869999885559082,419500,0.0,0.0
2022-02-28 00:00:00-05:00,9.760000228881836,10.1899995803833,9.760000228881836,9.979999542236328,561000,0.0,0.0
2022-03-01 00:00:00-05:00,9.600000381469727,10.109999656677246,9.289999961853027,9.350000381469727,610900,0.0,0.0
2022-03-02 00:00:00-05:00,9.399999618530273,9.760000228881836,9.199999809265137,9.289999961853027,399300,0.0,0.0
2022-03-03 00:00:00-05:00,9.430000305175781,9.494999885559082,8.640000343322754,8.779999732971191,430400,0.0,0.0
2022-03-04 00:00:00-05:00,8.680000305175781,8.979999542236328,8.550000190734863,8.930000305175781,444200,0.0,0.0
2022-03-07 00:00:00-05:00,8.989999771118164,9.65999984741211,8.899999618530273,9.050000190734863,553600,0.0,0.0
2022-03-08 00:00:00-05:00,9.069999694824219,9.869999885559082,8.829999923706055,9.239999771118164,508100,0.0,0.0
2022-03-09 00:00:00-05:00,9.5,9.979999542236328,9.460000038146973,9.760000228881836,616700,0.0,0.0
2022-03-10 00:00:00-05:00,9.630000114440918,9.649999618530273,9.350000381469727,9.520000457763672,509800,0.0,0.0
2022-03-11 00:00:00-05:00,9.795000076293945,9.795000076293945,9.140000343322754,9.1899995803833,363300,0.0,0.0
2022-03-14 00:00:00-04:00,9.220000267028809,9.279999732971191,8.40999984741211,8.420000076293945,601100,0.0,0.0
2022-03-15 00:00:00-04:00,8.430000305175781,8.680000305175781,8.369999885559082,8.569999694824219,610800,0.0,0.0
2022-03-16 00:00:00-04:00,8.789999961853027,9.029999732971191,8.550000190734863,8.850000381469727,806500,0.0,0.0
2022-03-17 00:00:00-04:00,8.789999961853027,9.489999771118164,8.600000381469727,9.489999771118164,811500,0.0,0.0
2022-03-18 00:00:00-04:00,9.4399995803833,10.779999732971191,9.4399995803833,9.770000457763672,4457400,0.0,0.0
2022-03-21 00:00:00-04:00,9.770000457763672,9.970000267028809,9.0600004196167,9.149999618530273,787600,0.0,0.0
2022-03-22 00:00:00-04:00,9.34000015258789,10.199999809265137,9.199999809265137,10.020000457763672,858700,0.0,0.0
2022-03-23 00:00:00-04:00,9.949999809265137,10.1899995803833,9.595000267028809,9.600000381469727,342300,0.0,0.0
2022-03-24 00:00:00-04:00,9.75,9.84000015258789,9.220000267028809,9.510000228881836,398900,0.0,0.0
2022-03-25 00:00:00-04:00,9.550000190734863,9.8100004196167,9.050000190734863,9.220000267028809,345100,0.0,0.0
2022-03-28 00:00:00-04:00,9.210000038146973,9.597999572753906,9.119999885559082,9.34000015258789,452700,0.0,0.0
2022-03-29 00:00:00-04:00,9.470000267028809,9.720000267028809,9.390000343322754,9.449999809265137,365600,0.0,0.0
2022-03-30 00:00:00-04:00,9.479999542236328,9.84000015258789,9.194999694824219,9.25,418200,0.0,0.0
2022-03-31 00:00:00-04:00,9.279999732971191,9.40999984741211,9.119999885559082,9.180000305175781,417000,0.0,0.0
2022-04-01 00:00:00-04:00,9.199999809265137,9.369999885559082,9.020000457763672,9.220000267028809,438400,0.0,0.0
2022-04-04 00:00:00-04:00,9.489999771118164,9.6899995803833,9.3100004196167,9.579999923706055,309500,0.0,0.0
2022-04-05 00:00:00-04:00,9.569999694824219,9.649999618530273,9.079999923706055,9.15999984741211,339300,0.0,0.0
2022-04-06 00:00:00-04:00,9.010000228881836,9.050000190734863,8.510000228881836,8.710000038146973,376600,0.0,0.0
2022-04-07 00:00:00-04:00,8.720000267028809,8.84000015258789,8.25,8.319999694824219,315800,0.0,0.0
2022-04-08 00:00:00-04:00,8.319999694824219,8.550000190734863,8.079999923706055,8.260000228881836,527000,0.0,0.0
2022-04-11 00:00:00-04:00,8.329999923706055,8.350000381469727,7.889999866485596,7.940000057220459,400500,0.0,0.0
2022-04-12 00:00:00-04:00,8.09000015258789,8.380000114440918,7.789999961853027,7.800000190734863,251300,0.0,0.0
2022-04-13 00:00:00-04:00,7.840000152587891,8.319999694824219,7.659999847412109,8.199999809265137,519700,0.0,0.0
2022-04-14 00:00:00-04:00,8.210000038146973,8.300000190734863,8.069999694824219,8.140000343322754,201600,0.0,0.0
2022-04-18 00:00:00-04:00,8.079999923706055,8.149999618530273,7.679999828338623,7.75,343100,0.0,0.0
2022-04-19 00:00:00-04:00,7.800000190734863,8.229999542236328,7.639999866485596,8.180000305175781,316100,0.0,0.0
2022-04-20 00:00:00-04:00,8.239999771118164,8.390000343322754,7.96999979019165,8.199999809265137,328800,0.0,0.0
2022-04-21 00:00:00-04:00,8.319999694824219,8.46500015258789,7.860000133514404,7.980000019073486,259400,0.0,0.0
2022-04-22 00:00:00-04:00,7.929999828338623,8.15999984741211,7.650000095367432,7.789999961853027,324700,0.0,0.0
2022-04-25 00:00:00-04:00,7.730000019073486,7.980000019073486,7.650000095367432,7.929999828338623,268300,0.0,0.0
2022-04-26 00:00:00-04:00,7.929999828338623,8.029999732971191,7.510000228881836,7.539999961853027,321800,0.0,0.0
2022-04-27 00:00:00-04:00,7.599999904632568,7.650000095367432,7.150000095367432,7.320000171661377,340300,0.0,0.0
2022-04-28 00:00:00-04:00,7.715000152587891,7.715000152587891,7.039999961853027,7.480000019073486,299800,0.0,0.0
2022-04-29 00:00:00-04:00,7.420000076293945,7.824999809265137,7.360000133514404,7.400000095367432,199200,0.0,0.0
2022-05-02 00:00:00-04:00,7.400000095367432,7.940000057220459,7.324999809265137,7.929999828338623,313200,0.0,0.0
2022-05-03 00:00:00-04:00,7.960000038146973,8.029999732971191,7.610000133514404,7.800000190734863,184300,0.0,0.0
2022-05-04 00:00:00-04:00,7.849999904632568,8.458999633789062,7.550000190734863,8.34000015258789,316000,0.0,0.0
2022-05-05 00:00:00-04:00,8.130000114440918,8.130000114440918,7.540999889373779,7.78000020980835,559200,0.0,0.0
2022-05-06 00:00:00-04:00,7.679999828338623,7.78000020980835,7.199999809265137,7.329999923706055,721200,0.0,0.0
2022-05-09 00:00:00-04:00,7.260000228881836,7.260000228881836,6.539999961853027,6.670000076293945,514900,0.0,0.0
2022-05-10 00:00:00-04:00,7.0,7.639999866485596,6.869999885559082,7.289999961853027,513000,0.0,0.0
2022-05-11 00:00:00-04:00,7.309999942779541,7.420000076293945,6.565000057220459,6.630000114440918,746500,0.0,0.0
2022-05-12 00:00:00-04:00,6.519999980926514,9.020000457763672,6.409999847412109,8.100000381469727,5526400,0.0,0.0
2022-05-13 00:00:00-04:00,8.420000076293945,10.050000190734863,8.420000076293945,8.970000267028809,2758700,0.0,0.0
2022-05-16 00:00:00-04:00,9.15999984741211,10.239999771118164,9.15999984741211,9.739999771118164,1364000,0.0,0.0
2022-05-17 00:00:00-04:00,10.050000190734863,10.34000015258789,9.529999732971191,9.670000076293945,1281600,0.0,0.0
2022-05-18 00:00:00-04:00,9.399999618530273,9.579999923706055,8.949999809265137,9.119999885559082,885700,0.0,0.0
2022-05-19 00:00:00-04:00,9.020000457763672,9.390000343322754,8.550000190734863,8.640000343322754,681100,0.0,0.0
2022-05-20 00:00:00-04:00,8.760000228881836,9.055000305175781,7.960000038146973,8.279999732971191,1254600,0.0,0.0
2022-05-23 00:00:00-04:00,8.300000190734863,8.479999542236328,7.949999809265137,8.3100004196167,570400,0.0,0.0
2022-05-24 00:00:00-04:00,8.100000381469727,8.15999984741211,7.739999771118164,8.0,911300,0.0,0.0
2022-05-25 00:00:00-04:00,7.860000133514404,8.130000114440918,7.800000190734863,8.029999732971191,683300,0.0,0.0
2022-05-26 00:00:00-04:00,8.09000015258789,8.319999694824219,7.889999866485596,8.220000267028809,962200,0.0,0.0
2022-05-27 00:00:00-04:00,8.220000267028809,8.579999923706055,7.909999847412109,8.550000190734863,899000,0.0,0.0
2022-05-31 00:00:00-04:00,8.619999885559082,8.760000228881836,8.079999923706055,8.329999923706055,1132800,0.0,0.0
2022-06-01 00:00:00-04:00,8.350000381469727,8.510000228881836,8.069999694824219,8.329999923706055,821800,0.0,0.0
2022-06-02 00:00:00-04:00,8.3100004196167,8.770000457763672,8.180000305175781,8.609999656677246,744400,0.0,0.0
2022-06-03 00:00:00-04:00,8.59000015258789,9.210000038146973,8.579999923706055,8.739999771118164,944500,0.0,0.0
2022-06-06 00:00:00-04:00,8.899999618530273,9.239999771118164,8.220000267028809,8.279999732971191,957700,0.0,0.0
2022-06-07 00:00:00-04:00,8.359999656677246,9.0,8.199999809265137,8.920000076293945,550300,0.0,0.0
2022-06-08 00:00:00-04:00,8.899999618530273,9.324999809265137,8.829999923706055,9.069999694824219,445500,0.0,0.0
2022-06-09 00:00:00-04:00,8.9399995803833,9.119999885559082,8.670000076293945,8.720000267028809,371200,0.0,0.0
2022-06-10 00:00:00-04:00,6.900000095367432,7.199999809265137,5.590000152587891,6.940000057220459,4854900,0.0,0.0
2022-06-13 00:00:00-04:00,6.519999980926514,6.639999866485596,5.019999980926514,5.099999904632568,2049700,0.0,0.0
2022-06-14 00:00:00-04:00,5.119999885559082,5.349999904632568,4.900000095367432,5.130000114440918,789200,0.0,0.0
2022-06-15 00:00:00-04:00,5.179999828338623,5.360000133514404,5.010000228881836,5.300000190734863,676900,0.0,0.0
2022-06-16 00:00:00-04:00,4.909999847412109,5.269999980926514,4.889999866485596,5.170000076293945,601500,0.0,0.0
2022-06-17 00:00:00-04:00,5.230000019073486,5.670000076293945,5.170000076293945,5.550000190734863,937000,0.0,0.0
2022-06-21 00:00:00-04:00,5.670000076293945,5.925000190734863,5.519999980926514,5.519999980926514,886000,0.0,0.0
2022-06-22 00:00:00-04:00,5.400000095367432,5.929999828338623,5.239999771118164,5.710000038146973,873600,0.0,0.0
2022-06-23 00:00:00-04:00,5.730000019073486,5.939000129699707,5.659999847412109,5.889999866485596,790100,0.0,0.0
2022-06-24 00:00:00-04:00,6.0,6.179999828338623,5.659999847412109,5.860000133514404,1720000,0.0,0.0
2022-06-27 00:00:00-04:00,5.900000095367432,5.929999828338623,5.619999885559082,5.809999942779541,650400,0.0,0.0
2022-06-28 00:00:00-04:00,5.840000152587891,5.889999866485596,5.510000228881836,5.679999828338623,615600,0.0,0.0
2022-06-29 00:00:00-04:00,5.639999866485596,5.639999866485596,5.389999866485596,5.559999942779541,584100,0.0,0.0
2022-06-30 00:00:00-04:00,5.489999771118164,5.590000152587891,5.380000114440918,5.429999828338623,316200,0.0,0.0
2022-07-01 00:00:00-04:00,5.46999979019165,5.514999866485596,5.25,5.340000152587891,404300,0.0,0.0
2022-07-05 00:00:00-04:00,5.260000228881836,5.659999847412109,5.090000152587891,5.659999847412109,637900,0.0,0.0
2022-07-06 00:00:00-04:00,5.659999847412109,5.860000133514404,5.510000228881836,5.800000190734863,318900,0.0,0.0
2022-07-07 00:00:00-04:00,5.860000133514404,6.579999923706055,5.840000152587891,6.539999961853027,938900,0.0,0.0
2022-07-08 00:00:00-04:00,6.409999847412109,6.809999942779541,6.111000061035156,6.789999961853027,565900,0.0,0.0
2022-07-11 00:00:00-04:00,6.78000020980835,6.840000152587891,6.449999809265137,6.690000057220459,491300,0.0,0.0
2022-07-12 00:00:00-04:00,6.679999828338623,6.739999771118164,6.159999847412109,6.730000019073486,420300,0.0,0.0
2022-07-13 00:00:00-04:00,6.599999904632568,7.309999942779541,6.519999980926514,7.239999771118164,789500,0.0,0.0
2022-07-14 00:00:00-04:00,7.21999979019165,7.480000019073486,6.96999979019165,7.380000114440918,364700,0.0,0.0
2022-07-15 00:00:00-04:00,7.53000020980835,7.539999961853027,6.820000171661377,7.159999847412109,450900,0.0,0.0
2022-07-18 00:00:00-04:00,7.25,7.480000019073486,6.71999979019165,6.730000019073486,406000,0.0,0.0
2022-07-19 00:00:00-04:00,6.829999923706055,7.309999942779541,6.71999979019165,7.28000020980835,262100,0.0,0.0
2022-07-20 00:00:00-04:00,7.349999904632568,7.920000076293945,7.28000020980835,7.829999923706055,391100,0.0,0.0
2022-07-21 00:00:00-04:00,7.869999885559082,7.980000019073486,7.664999961853027,7.940000057220459,381300,0.0,0.0
2022-07-22 00:00:00-04:00,7.989999771118164,7.989999771118164,7.441999912261963,7.550000190734863,359700,0.0,0.0
2022-07-25 00:00:00-04:00,7.46999979019165,7.559999942779541,7.170000076293945,7.510000228881836,227100,0.0,0.0
2022-07-26 00:00:00-04:00,7.510000228881836,7.900000095367432,7.264999866485596,7.739999771118164,259700,0.0,0.0
2022-07-27 00:00:00-04:00,7.869999885559082,8.1899995803833,7.550000190734863,8.130000114440918,276500,0.0,0.0
2022-07-28 00:00:00-04:00,8.199999809265137,8.3100004196167,7.744999885559082,8.239999771118164,1134400,0.0,0.0
2022-07-29 00:00:00-04:00,8.140000343322754,8.3100004196167,7.71999979019165,8.119999885559082,618600,0.0,0.0
2022-08-01 00:00:00-04:00,8.069999694824219,8.359999656677246,8.0,8.020000457763672,391400,0.0,0.0
2022-08-02 00:00:00-04:00,7.96999979019165,8.229999542236328,7.869999885559082,8.010000228881836,333000,0.0,0.0
2022-08-03 00:00:00-04:00,8.199999809265137,9.100000381469727,8.130000114440918,8.5600004196167,747300,0.0,0.0
2022-08-04 00:00:00-04:00,8.739999771118164,8.739999771118164,8.220000267028809,8.5600004196167,583200,0.0,0.0
2022-08-05 00:00:00-04:00,8.319999694824219,8.609999656677246,8.180000305175781,8.550000190734863,345600,0.0,0.0
2022-08-08 00:00:00-04:00,8.600000381469727,8.819999694824219,8.244999885559082,8.449999809265137,475300,0.0,0.0
2022-08-09 00:00:00-04:00,8.279999732971191,8.404999732971191,7.980000019073486,8.140000343322754,299300,0.0,0.0
2022-08-10 00:00:00-04:00,8.109999656677246,9.364999771118164,7.849999904632568,9.300000190734863,851500,0.0,0.0
2022-08-11 00:00:00-04:00,9.420000076293945,9.729999542236328,9.270999908447266,9.390000343322754,611800,0.0,0.0
2022-08-12 00:00:00-04:00,9.5,10.0,9.425000190734863,9.90999984741211,415800,0.0,0.0
2022-08-15 00:00:00-04:00,9.8100004196167,10.119999885559082,9.680000305175781,10.020000457763672,571400,0.0,0.0
2022-08-16 00:00:00-04:00,10.0,12.15999984741211,9.829999923706055,10.75,3381000,0.0,0.0
2022-08-17 00:00:00-04:00,10.420000076293945,10.880000114440918,9.6899995803833,10.40999984741211,1685400,0.0,0.0
2022-08-18 00:00:00-04:00,10.359999656677246,10.479999542236328,9.675000190734863,10.329999923706055,750400,0.0,0.0
2022-08-19 00:00:00-04:00,10.09000015258789,10.289999961853027,9.729999542236328,10.0600004196167,580900,0.0,0.0
2022-08-22 00:00:00-04:00,9.579999923706055,10.09000015258789,9.5600004196167,9.899999618530273,560700,0.0,0.0
2022-08-23 00:00:00-04:00,9.920000076293945,10.630000114440918,9.899999618530273,10.460000038146973,770600,0.0,0.0
2022-08-24 00:00:00-04:00,10.479999542236328,11.470000267028809,10.300000190734863,11.130000114440918,1116100,0.0,0.0
2022-08-25 00:00:00-04:00,11.300000190734863,11.40999984741211,10.90999984741211,11.270000457763672,508300,0.0,0.0
2022-08-26 00:00:00-04:00,11.34000015258789,11.4399995803833,10.119999885559082,10.229999542236328,512700,0.0,0.0
2022-08-29 00:00:00-04:00,9.9399995803833,10.6850004196167,9.869999885559082,9.960000038146973,453000,0.0,0.0
2022-08-30 00:00:00-04:00,10.100000381469727,10.26200008392334,9.399999618530273,9.529999732971191,420600,0.0,0.0
2022-08-31 00:00:00-04:00,9.819999694824219,10.100000381469727,9.350000381469727,9.869999885559082,651200,0.0,0.0
2022-09-01 00:00:00-04:00,9.800000190734863,10.5600004196167,9.548999786376953,10.520000457763672,446300,0.0,0.0
2022-09-02 00:00:00-04:00,10.609999656677246,10.645000457763672,9.760000228881836,9.845000267028809,478300,0.0,0.0
2022-09-06 00:00:00-04:00,9.890000343322754,10.694999694824219,9.850000381469727,10.289999961853027,679200,0.0,0.0
2022-09-07 00:00:00-04:00,10.34000015258789,11.380000114440918,10.34000015258789,11.289999961853027,669600,0.0,0.0
2022-09-08 00:00:00-04:00,11.199999809265137,12.180000305175781,11.071999549865723,11.890000343322754,951900,0.0,0.0
2022-09-09 00:00:00-04:00,11.979999542236328,12.138999938964844,11.369999885559082,11.470000267028809,546100,0.0,0.0
2022-09-12 00:00:00-04:00,11.489999771118164,12.784000396728516,11.319999694824219,12.760000228881836,1396500,0.0,0.0
2022-09-13 00:00:00-04:00,12.149999618530273,12.670000076293945,11.970000267028809,12.300000190734863,1015700,0.0,0.0
2022-09-14 00:00:00-04:00,12.300000190734863,12.975000381469727,11.989999771118164,12.520000457763672,961600,0.0,0.0
2022-09-15 00:00:00-04:00,12.40999984741211,13.1899995803833,12.399999618530273,12.789999961853027,1074300,0.0,0.0
2022-09-16 00:00:00-04:00,12.359999656677246,12.399999618530273,10.545000076293945,11.369999885559082,5198500,0.0,0.0
2022-09-19 00:00:00-04:00,11.020000457763672,11.550000190734863,10.760000228881836,11.34000015258789,879800,0.0,0.0
2022-09-20 00:00:00-04:00,11.0600004196167,11.770000457763672,11.0600004196167,11.600000381469727,500900,0.0,0.0
2022-09-21 00:00:00-04:00,11.640000343322754,11.710000038146973,10.937000274658203,10.970000267028809,597400,0.0,0.0
2022-09-22 00:00:00-04:00,10.880000114440918,11.0,10.020000457763672,10.220000267028809,857000,0.0,0.0
2022-09-23 00:00:00-04:00,9.979999542236328,10.229999542236328,9.65999984741211,9.9399995803833,839100,0.0,0.0
2022-09-26 00:00:00-04:00,9.890000343322754,10.380000114440918,9.770000457763672,9.84000015258789,337800,0.0,0.0
2022-09-27 00:00:00-04:00,10.170000076293945,10.5,10.029999732971191,10.210000038146973,454100,0.0,0.0
2022-09-28 00:00:00-04:00,10.359999656677246,11.100000381469727,10.359999656677246,11.0,562400,0.0,0.0
2022-09-29 00:00:00-04:00,10.920000076293945,10.920000076293945,10.130000114440918,10.420000076293945,484800,0.0,0.0
2022-09-30 00:00:00-04:00,10.420000076293945,11.119999885559082,10.380000114440918,10.550000190734863,1257800,0.0,0.0
2022-10-03 00:00:00-04:00,10.760000228881836,10.789999961853027,10.149999618530273,10.600000381469727,641400,0.0,0.0
2022-10-04 00:00:00-04:00,11.050000190734863,11.520000457763672,10.800000190734863,11.010000228881836,698600,0.0,0.0
2022-10-05 00:00:00-04:00,10.729999542236328,10.84000015258789,10.3100004196167,10.699999809265137,355400,0.0,0.0
2022-10-06 00:00:00-04:00,10.6899995803833,11.119999885559082,10.555000305175781,10.920000076293945,429600,0.0,0.0
2022-10-07 00:00:00-04:00,10.760000228881836,10.770000457763672,10.140000343322754,10.15999984741211,385800,0.0,0.0
2022-10-10 00:00:00-04:00,10.050000190734863,10.135000228881836,9.260000228881836,9.420000076293945,821600,0.0,0.0
2022-10-11 00:00:00-04:00,9.390000343322754,9.626999855041504,9.020000457763672,9.319999694824219,586200,0.0,0.0
2022-10-12 00:00:00-04:00,9.390000343322754,9.645000457763672,9.010000228881836,9.539999961853027,510600,0.0,0.0
2022-10-13 00:00:00-04:00,9.199999809265137,9.8100004196167,9.15999984741211,9.729999542236328,485600,0.0,0.0
2022-10-14 00:00:00-04:00,9.920000076293945,10.130000114440918,9.3100004196167,9.350000381469727,335000,0.0,0.0
2022-10-17 00:00:00-04:00,9.579999923706055,9.75,9.270000457763672,9.390000343322754,486400,0.0,0.0
2022-10-18 00:00:00-04:00,9.670000076293945,9.779999732971191,8.829999923706055,9.109999656677246,568500,0.0,0.0
2022-10-19 00:00:00-04:00,8.970000267028809,9.020000457763672,8.710000038146973,8.850000381469727,621500,0.0,0.0
2022-10-20 00:00:00-04:00,8.920000076293945,9.359999656677246,8.79800033569336,8.989999771118164,344300,0.0,0.0
2022-10-21 00:00:00-04:00,9.0600004196167,9.649999618530273,8.84000015258789,9.640000343322754,2293400,0.0,0.0
2022-10-24 00:00:00-04:00,9.699999809265137,9.789999961853027,9.0,9.460000038146973,481700,0.0,0.0
2022-10-25 00:00:00-04:00,9.520000457763672,9.960000038146973,9.5,9.770000457763672,406400,0.0,0.0
2022-10-26 00:00:00-04:00,9.779999732971191,10.369999885559082,9.538000106811523,9.600000381469727,458300,0.0,0.0
2022-10-27 00:00:00-04:00,9.770000457763672,9.770000457763672,9.109999656677246,9.279999732971191,379100,0.0,0.0
2022-10-28 00:00:00-04:00,9.319999694824219,9.84000015258789,9.295000076293945,9.770000457763672,455100,0.0,0.0
2022-10-31 00:00:00-04:00,9.800000190734863,10.029999732971191,9.6899995803833,9.739999771118164,416800,0.0,0.0
2022-11-01 00:00:00-04:00,9.890000343322754,9.994999885559082,9.619999885559082,9.680000305175781,263400,0.0,0.0
2022-11-02 00:00:00-04:00,9.619999885559082,10.0600004196167,9.279999732971191,9.449999809265137,668900,0.0,0.0
2022-11-03 00:00:00-04:00,9.34000015258789,9.829999923706055,9.300000190734863,9.430000305175781,274900,0.0,0.0
2022-11-04 00:00:00-04:00,9.680000305175781,9.680000305175781,9.100000381469727,9.34000015258789,419200,0.0,0.0
2022-11-07 00:00:00-05:00,9.420000076293945,9.550000190734863,9.0,9.029999732971191,317500,0.0,0.0
2022-11-08 00:00:00-05:00,9.09000015258789,9.529999732971191,8.970000267028809,9.3100004196167,377900,0.0,0.0
2022-11-09 00:00:00-05:00,9.489999771118164,10.300000190734863,9.350000381469727,9.380000114440918,590300,0.0,0.0
2022-11-10 00:00:00-05:00,9.899999618530273,10.350000381469727,9.84000015258789,10.069999694824219,715300,0.0,0.0
2022-11-11 00:00:00-05:00,10.100000381469727,10.65999984741211,10.0600004196167,10.380000114440918,505000,0.0,0.0
2022-11-14 00:00:00-05:00,10.390000343322754,10.670000076293945,10.1899995803833,10.270000457763672,372800,0.0,0.0
2022-11-15 00:00:00-05:00,10.619999885559082,10.630000114440918,9.699999809265137,10.100000381469727,783500,0.0,0.0
2022-11-16 00:00:00-05:00,10.050000190734863,10.119999885559082,9.109999656677246,9.180000305175781,457300,0.0,0.0
2022-11-17 00:00:00-05:00,9.050000190734863,9.380000114440918,8.899999618530273,9.079999923706055,409100,0.0,0.0
2022-11-18 00:00:00-05:00,9.350000381469727,9.449999809265137,9.0,9.079999923706055,242400,0.0,0.0
2022-11-21 00:00:00-05:00,9.109999656677246,9.229999542236328,8.800000190734863,8.90999984741211,274200,0.0,0.0
2022-11-22 00:00:00-05:00,8.979999542236328,9.050000190734863,8.529999732971191,8.760000228881836,386600,0.0,0.0
2022-11-23 00:00:00-05:00,8.800000190734863,8.920000076293945,8.609999656677246,8.789999961853027,254800,0.0,0.0
2022-11-25 00:00:00-05:00,8.710000038146973,8.880000114440918,8.630000114440918,8.75,261400,0.0,0.0
2022-11-28 00:00:00-05:00,8.729999542236328,8.90999984741211,8.420000076293945,8.539999961853027,429200,0.0,0.0
2022-11-29 00:00:00-05:00,8.949999809265137,8.949999809265137,8.319999694824219,8.34000015258789,454200,0.0,0.0
2022-11-30 00:00:00-05:00,8.34000015258789,9.329999923706055,8.319999694824219,9.3100004196167,1043800,0.0,0.0
2022-12-01 00:00:00-05:00,9.539999961853027,9.539999961853027,8.899999618530273,9.15999984741211,399500,0.0,0.0
2022-12-02 00:00:00-05:00,9.0,9.640000343322754,8.9399995803833,9.609999656677246,434600,0.0,0.0
2022-12-05 00:00:00-05:00,9.5,9.539999961853027,9.010000228881836,9.140000343322754,428700,0.0,0.0
2022-12-06 00:00:00-05:00,9.199999809265137,9.515000343322754,9.0,9.350000381469727,493200,0.0,0.0
2022-12-07 00:00:00-05:00,9.380000114440918,9.479999542236328,9.119999885559082,9.359999656677246,525200,0.0,0.0
2022-12-08 00:00:00-05:00,9.4399995803833,9.65999984741211,9.069999694824219,9.25,699500,0.0,0.0
2022-12-09 00:00:00-05:00,9.1899995803833,9.335000038146973,8.869999885559082,8.970000267028809,342800,0.0,0.0
2022-12-12 00:00:00-05:00,7.869999885559082,8.350000381469727,7.715000152587891,8.15999984741211,1160300,0.0,0.0
2022-12-13 00:00:00-05:00,8.59000015258789,8.649999618530273,8.0,8.199999809265137,675800,0.0,0.0
2022-12-14 00:00:00-05:00,8.25,8.34000015258789,7.889999866485596,8.15999984741211,669200,0.0,0.0
2022-12-15 00:00:00-05:00,8.079999923706055,8.180000305175781,7.679999828338623,7.730000019073486,533900,0.0,0.0
2022-12-16 00:00:00-05:00,7.699999809265137,7.949999809265137,7.429999828338623,7.760000228881836,1803500,0.0,0.0
2022-12-19 00:00:00-05:00,7.699999809265137,7.739999771118164,6.675000190734863,6.78000020980835,585100,0.0,0.0
2022-12-20 00:00:00-05:00,6.71999979019165,6.809999942779541,6.539999961853027,6.639999866485596,551500,0.0,0.0
2022-12-21 00:00:00-05:00,6.599999904632568,6.789999961853027,6.449999809265137,6.510000228881836,526700,0.0,0.0
2022-12-22 00:00:00-05:00,6.449999809265137,6.539999961853027,6.309999942779541,6.539999961853027,701900,0.0,0.0
2022-12-23 00:00:00-05:00,6.5,6.599999904632568,6.105000019073486,6.159999847412109,697400,0.0,0.0
2022-12-27 00:00:00-05:00,6.130000114440918,6.144999980926514,5.510000228881836,5.659999847412109,855200,0.0,0.0
2022-12-28 00:00:00-05:00,5.679999828338623,6.179999828338623,5.400000095367432,5.570000171661377,1121600,0.0,0.0
2022-12-29 00:00:00-05:00,5.650000095367432,6.150000095367432,5.630000114440918,6.050000190734863,780200,0.0,0.0
2022-12-30 00:00:00-05:00,5.949999809265137,6.349999904632568,5.949999809265137,6.28000020980835,969300,0.0,0.0
2023-01-03 00:00:00-05:00,6.449999809265137,6.690000057220459,6.409999847412109,6.610000133514404,587300,0.0,0.0
2023-01-04 00:00:00-05:00,6.659999847412109,7.139999866485596,6.590000152587891,7.119999885559082,506700,0.0,0.0
2023-01-05 00:00:00-05:00,7.090000152587891,7.090000152587891,6.800000190734863,6.96999979019165,459600,0.0,0.0
2023-01-06 00:00:00-05:00,7.03000020980835,7.03000020980835,6.510000228881836,6.880000114440918,516800,0.0,0.0
2023-01-09 00:00:00-05:00,6.980000019073486,7.139999866485596,6.789999961853027,6.900000095367432,605200,0.0,0.0
2023-01-10 00:00:00-05:00,6.849999904632568,7.110000133514404,6.804999828338623,6.929999828338623,475900,0.0,0.0
2023-01-11 00:00:00-05:00,6.929999828338623,7.03000020980835,6.77400016784668,6.940000057220459,343000,0.0,0.0
2023-01-12 00:00:00-05:00,6.989999771118164,7.489999771118164,6.800000190734863,7.460000038146973,487100,0.0,0.0
2023-01-13 00:00:00-05:00,7.460000038146973,7.559999942779541,7.019999980926514,7.21999979019165,466600,0.0,0.0
2023-01-17 00:00:00-05:00,7.25,7.380000114440918,7.15500020980835,7.21999979019165,464200,0.0,0.0
2023-01-18 00:00:00-05:00,7.300000190734863,7.340000152587891,6.369999885559082,6.420000076293945,598700,0.0,0.0
2023-01-19 00:00:00-05:00,6.3979997634887695,6.460000038146973,6.22599983215332,6.289999961853027,341200,0.0,0.0
2023-01-20 00:00:00-05:00,6.389999866485596,6.429999828338623,6.199999809265137,6.389999866485596,466700,0.0,0.0
2023-01-23 00:00:00-05:00,6.340000152587891,6.480000019073486,6.21999979019165,6.449999809265137,543100,0.0,0.0
2023-01-24 00:00:00-05:00,6.440000057220459,6.809999942779541,6.369999885559082,6.730000019073486,589400,0.0,0.0
2023-01-25 00:00:00-05:00,6.679999828338623,6.849999904632568,6.381999969482422,6.804999828338623,546700,0.0,0.0
2023-01-26 00:00:00-05:00,6.929999828338623,6.989999771118164,6.599999904632568,6.940000057220459,380600,0.0,0.0
2023-01-27 00:00:00-05:00,6.940000057220459,7.389999866485596,6.889999866485596,7.289999961853027,364800,0.0,0.0
2023-01-30 00:00:00-05:00,7.199999809265137,7.289999961853027,7.010000228881836,7.130000114440918,436400,0.0,0.0
2023-01-31 00:00:00-05:00,7.170000076293945,7.539999961853027,7.050000190734863,7.210000038146973,576300,0.0,0.0
2023-02-01 00:00:00-05:00,7.21999979019165,7.559999942779541,6.922999858856201,7.429999828338623,449900,0.0,0.0
2023-02-02 00:00:00-05:00,7.639999866485596,7.940000057220459,7.519999980926514,7.78000020980835,451400,0.0,0.0
2023-02-03 00:00:00-05:00,7.579999923706055,7.889999866485596,7.559999942779541,7.599999904632568,355500,0.0,0.0
2023-02-06 00:00:00-05:00,7.599999904632568,7.619999885559082,7.210000038146973,7.440000057220459,462800,0.0,0.0
2023-02-07 00:00:00-05:00,7.420000076293945,7.5,7.150000095367432,7.349999904632568,522100,0.0,0.0
2023-02-08 00:00:00-05:00,7.260000228881836,7.380000114440918,7.019999980926514,7.03000020980835,309000,0.0,0.0
2023-02-09 00:00:00-05:00,7.139999866485596,7.199999809265137,6.760000228881836,6.789999961853027,512400,0.0,0.0
2023-02-10 00:00:00-05:00,6.789999961853027,6.840000152587891,6.644999980926514,6.78000020980835,303200,0.0,0.0
2023-02-13 00:00:00-05:00,6.769999980926514,7.0,6.574999809265137,6.730000019073486,238700,0.0,0.0
2023-02-14 00:00:00-05:00,6.690000057220459,6.840000152587891,6.5,6.760000228881836,488600,0.0,0.0
2023-02-15 00:00:00-05:00,6.699999809265137,6.829999923706055,6.539999961853027,6.760000228881836,526100,0.0,0.0
2023-02-16 00:00:00-05:00,6.599999904632568,6.789999961853027,6.420000076293945,6.659999847412109,390400,0.0,0.0
2023-02-17 00:00:00-05:00,6.639999866485596,6.864999771118164,6.389999866485596,6.849999904632568,422700,0.0,0.0
2023-02-21 00:00:00-05:00,6.710000038146973,6.809999942779541,6.099999904632568,6.119999885559082,518900,0.0,0.0
2023-02-22 00:00:00-05:00,6.119999885559082,6.28000020980835,6.010000228881836,6.210000038146973,486700,0.0,0.0
2023-02-23 00:00:00-05:00,6.25,6.284999847412109,5.960000038146973,6.099999904632568,299400,0.0,0.0
2023-02-24 00:00:00-05:00,5.949999809265137,5.980000019073486,5.71999979019165,5.800000190734863,407800,0.0,0.0
2023-02-27 00:00:00-05:00,5.889999866485596,6.130000114440918,5.840000152587891,5.989999771118164,287100,0.0,0.0
2023-02-28 00:00:00-05:00,6.010000228881836,6.190000057220459,5.974999904632568,6.090000152587891,374500,0.0,0.0
2023-03-01 00:00:00-05:00,6.079999923706055,6.170000076293945,5.920000076293945,6.03000020980835,355400,0.0,0.0
2023-03-02 00:00:00-05:00,5.949999809265137,6.005000114440918,5.869999885559082,5.920000076293945,292400,0.0,0.0
2023-03-03 00:00:00-05:00,5.989999771118164,6.130000114440918,5.880000114440918,6.110000133514404,380900,0.0,0.0
2023-03-06 00:00:00-05:00,6.139999866485596,6.15500020980835,5.559999942779541,5.800000190734863,390100,0.0,0.0
2023-03-07 00:00:00-05:00,5.869999885559082,6.059999942779541,5.78000020980835,5.880000114440918,221700,0.0,0.0
2023-03-08 00:00:00-05:00,5.889999866485596,5.960000038146973,5.795000076293945,5.869999885559082,198700,0.0,0.0
2023-03-09 00:00:00-05:00,5.889999866485596,5.909999847412109,5.360000133514404,5.510000228881836,556500,0.0,0.0
2023-03-10 00:00:00-05:00,5.539999961853027,5.570000171661377,4.949999809265137,5.179999828338623,929700,0.0,0.0
2023-03-13 00:00:00-04:00,5.070000171661377,5.364999771118164,5.039999961853027,5.329999923706055,438600,0.0,0.0
2023-03-14 00:00:00-04:00,5.539999961853027,5.545000076293945,5.119999885559082,5.199999809265137,612300,0.0,0.0
2023-03-15 00:00:00-04:00,5.090000152587891,5.28000020980835,5.050000190734863,5.159999847412109,610500,0.0,0.0
2023-03-16 00:00:00-04:00,5.070000171661377,5.179999828338623,4.929999828338623,5.039999961853027,472900,0.0,0.0
2023-03-17 00:00:00-04:00,4.980000019073486,5.050000190734863,4.829999923706055,4.960000038146973,1525800,0.0,0.0
2023-03-20 00:00:00-04:00,4.949999809265137,4.949999809265137,4.724999904632568,4.880000114440918,445500,0.0,0.0
2023-03-21 00:00:00-04:00,4.989999771118164,4.989999771118164,4.769999980926514,4.809999942779541,373300,0.0,0.0
2023-03-22 00:00:00-04:00,4.789999961853027,4.809999942779541,4.329999923706055,4.340000152587891,485900,0.0,0.0
2023-03-23 00:00:00-04:00,4.409999847412109,4.480000019073486,4.119999885559082,4.300000190734863,620000,0.0,0.0
2023-03-24 00:00:00-04:00,4.269999980926514,4.715000152587891,4.25,4.630000114440918,579500,0.0,0.0
2023-03-27 00:00:00-04:00,4.679999828338623,4.820000171661377,4.550000190734863,4.690000057220459,417400,0.0,0.0
2023-03-28 00:00:00-04:00,4.670000076293945,4.900000095367432,4.639999866485596,4.730000019073486,384200,0.0,0.0
2023-03-29 00:00:00-04:00,4.789999961853027,5.210000038146973,4.71999979019165,5.170000076293945,536100,0.0,0.0
2023-03-30 00:00:00-04:00,5.210000038146973,5.300000190734863,4.940000057220459,5.139999866485596,779600,0.0,0.0
2023-03-31 00:00:00-04:00,5.130000114440918,5.329999923706055,5.010000228881836,5.309999942779541,531000,0.0,0.0
2023-04-03 00:00:00-04:00,5.300000190734863,5.559999942779541,5.25,5.46999979019165,529800,0.0,0.0
2023-04-04 00:00:00-04:00,5.5,5.554999828338623,5.079999923706055,5.210000038146973,512400,0.0,0.0
2023-04-05 00:00:00-04:00,5.269999980926514,5.4629998207092285,5.210000038146973,5.329999923706055,355000,0.0,0.0
2023-04-06 00:00:00-04:00,5.309999942779541,5.389999866485596,5.090000152587891,5.289999961853027,339600,0.0,0.0
2023-04-10 00:00:00-04:00,5.260000228881836,5.260000228881836,4.829999923706055,4.840000152587891,380100,0.0,0.0
2023-04-11 00:00:00-04:00,4.820000171661377,4.840000152587891,4.420000076293945,4.570000171661377,901300,0.0,0.0
2023-04-12 00:00:00-04:00,4.599999904632568,4.699999809265137,4.300000190734863,4.329999923706055,548400,0.0,0.0
2023-04-13 00:00:00-04:00,4.340000152587891,4.900000095367432,4.329999923706055,4.849999904632568,1468700,0.0,0.0
2023-04-14 00:00:00-04:00,4.849999904632568,4.869999885559082,4.554999828338623,4.579999923706055,548800,0.0,0.0
2023-04-17 00:00:00-04:00,4.630000114440918,4.909999847412109,4.590000152587891,4.75,775500,0.0,0.0
2023-04-18 00:00:00-04:00,4.769999980926514,4.800000190734863,4.355000019073486,4.380000114440918,648600,0.0,0.0
2023-04-19 00:00:00-04:00,4.349999904632568,4.505000114440918,4.340000152587891,4.449999809265137,372300,0.0,0.0
2023-04-20 00:00:00-04:00,4.46999979019165,4.5,4.309999942779541,4.320000171661377,462600,0.0,0.0
2023-04-21 00:00:00-04:00,4.329999923706055,4.5,4.329999923706055,4.46999979019165,461100,0.0,0.0
2023-04-24 00:00:00-04:00,4.449999809265137,4.465000152587891,4.269999980926514,4.440000057220459,669800,0.0,0.0
2023-04-25 00:00:00-04:00,4.409999847412109,4.5,4.269999980926514,4.300000190734863,445600,0.0,0.0
2023-04-26 00:00:00-04:00,4.289999961853027,4.340000152587891,4.190000057220459,4.239999771118164,298800,0.0,0.0
2023-04-27 00:00:00-04:00,4.25,4.335000038146973,4.159999847412109,4.170000076293945,367600,0.0,0.0
2023-04-28 00:00:00-04:00,4.170000076293945,4.489999771118164,4.050000190734863,4.300000190734863,408000,0.0,0.0
2023-05-01 00:00:00-04:00,4.300000190734863,4.5,4.293000221252441,4.409999847412109,407000,0.0,0.0
2023-05-02 00:00:00-04:00,4.5,4.5,4.130000114440918,4.170000076293945,538400,0.0,0.0
2023-05-03 00:00:00-04:00,4.230000019073486,4.429999828338623,4.179999828338623,4.329999923706055,501100,0.0,0.0
2023-05-04 00:00:00-04:00,4.320000171661377,4.460000038146973,4.230000019073486,4.400000095367432,430000,0.0,0.0
2023-05-05 00:00:00-04:00,4.46999979019165,4.579999923706055,4.380000114440918,4.440000057220459,460900,0.0,0.0
2023-05-08 00:00:00-04:00,4.590000152587891,4.590000152587891,4.28000020980835,4.300000190734863,417000,0.0,0.0
2023-05-09 00:00:00-04:00,4.300000190734863,4.480000019073486,4.199999809265137,4.400000095367432,363800,0.0,0.0
2023-05-10 00:00:00-04:00,4.5,4.789999961853027,4.389999866485596,4.699999809265137,1160000,0.0,0.0
2023-05-11 00:00:00-04:00,4.699999809265137,4.699999809265137,4.340000152587891,4.380000114440918,784800,0.0,0.0
2023-05-12 00:00:00-04:00,4.380000114440918,4.409999847412109,4.110000133514404,4.210000038146973,626700,0.0,0.0
2023-05-15 00:00:00-04:00,4.260000228881836,4.585000038146973,4.144999980926514,4.5,867900,0.0,0.0
2023-05-16 00:00:00-04:00,4.429999828338623,4.449999809265137,4.21999979019165,4.25,375100,0.0,0.0
2023-05-17 00:00:00-04:00,4.289999961853027,4.389999866485596,4.119999885559082,4.389999866485596,563200,0.0,0.0
2023-05-18 00:00:00-04:00,4.349999904632568,4.349999904632568,4.159999847412109,4.260000228881836,476200,0.0,0.0
2023-05-19 00:00:00-04:00,4.360000133514404,4.420000076293945,4.199999809265137,4.340000152587891,521100,0.0,0.0
2023-05-22 00:00:00-04:00,4.340000152587891,4.824999809265137,4.309999942779541,4.78000020980835,796200,0.0,0.0
2023-05-23 00:00:00-04:00,4.800000190734863,5.260000228881836,4.789999961853027,4.929999828338623,701600,0.0,0.0
2023-05-24 00:00:00-04:00,4.900000095367432,4.900000095367432,4.380000114440918,4.550000190734863,573400,0.0,0.0
2023-05-25 00:00:00-04:00,4.550000190734863,4.638999938964844,4.289999961853027,4.34499979019165,396400,0.0,0.0
2023-05-26 00:00:00-04:00,4.340000152587891,4.420000076293945,4.210000038146973,4.40500020980835,575700,0.0,0.0
2023-05-30 00:00:00-04:00,4.440000057220459,4.539999961853027,4.170000076293945,4.340000152587891,800000,0.0,0.0
2023-05-31 00:00:00-04:00,4.360000133514404,4.550000190734863,4.178999900817871,4.409999847412109,2280300,0.0,0.0
2023-06-01 00:00:00-04:00,4.429999828338623,4.75,4.360000133514404,4.579999923706055,679200,0.0,0.0
2023-06-02 00:00:00-04:00,4.699999809265137,4.809999942779541,4.650000095367432,4.789999961853027,597000,0.0,0.0
2023-06-05 00:00:00-04:00,4.760000228881836,4.840000152587891,4.710000038146973,4.769999980926514,405400,0.0,0.0
2023-06-06 00:00:00-04:00,4.760000228881836,4.875,4.635000228881836,4.820000171661377,504700,0.0,0.0
2023-06-07 00:00:00-04:00,4.820000171661377,4.96999979019165,4.690000057220459,4.78000020980835,471700,0.0,0.0
2023-06-08 00:00:00-04:00,4.739999771118164,4.78000020980835,4.400000095367432,4.46999979019165,537300,0.0,0.0
2023-06-09 00:00:00-04:00,4.5,4.559999942779541,4.269999980926514,4.289999961853027,542000,0.0,0.0
2023-06-12 00:00:00-04:00,4.349999904632568,4.639999866485596,4.179999828338623,4.639999866485596,954900,0.0,0.0
2023-06-13 00:00:00-04:00,4.630000114440918,4.949999809265137,4.559999942779541,4.889999866485596,763600,0.0,0.0
2023-06-14 00:00:00-04:00,4.900000095367432,4.929999828338623,4.510000228881836,4.630000114440918,667800,0.0,0.0
2023-06-15 00:00:00-04:00,4.579999923706055,4.659999847412109,4.409999847412109,4.599999904632568,785200,0.0,0.0
2023-06-16 00:00:00-04:00,4.650000095367432,4.650000095367432,4.300000190734863,4.340000152587891,6656800,0.0,0.0
2023-06-20 00:00:00-04:00,4.349999904632568,4.349999904632568,4.090000152587891,4.099999904632568,1661700,0.0,0.0
2023-06-21 00:00:00-04:00,4.099999904632568,4.199999809265137,3.990000009536743,4.170000076293945,1156000,0.0,0.0
2023-06-22 00:00:00-04:00,4.190000057220459,4.269999980926514,4.050000190734863,4.260000228881836,1014500,0.0,0.0
2023-06-23 00:00:00-04:00,4.210000038146973,4.440000057220459,4.050000190734863,4.329999923706055,1918900,0.0,0.0
2023-06-26 00:00:00-04:00,4.289999961853027,4.329999923706055,4.070000171661377,4.079999923706055,588500,0.0,0.0
2023-06-27 00:00:00-04:00,4.090000152587891,4.144999980926514,3.9600000381469727,4.090000152587891,752300,0.0,0.0
2023-06-28 00:00:00-04:00,4.059999942779541,4.110000133514404,3.9800000190734863,4.039999961853027,670800,0.0,0.0
2023-06-29 00:00:00-04:00,4.03000020980835,4.090000152587891,3.9790000915527344,4.079999923706055,576100,0.0,0.0
2023-06-30 00:00:00-04:00,4.130000114440918,4.300000190734863,4.039999961853027,4.25,867300,0.0,0.0
2023-07-03 00:00:00-04:00,4.230000019073486,4.230000019073486,4.011000156402588,4.079999923706055,515900,0.0,0.0
2023-07-05 00:00:00-04:00,4.079999923706055,4.179999828338623,4.039999961853027,4.079999923706055,594700,0.0,0.0
2023-07-06 00:00:00-04:00,5.599999904632568,6.880000114440918,5.440000057220459,5.940000057220459,83355100,0.0,0.0
2023-07-07 00:00:00-04:00,5.959000110626221,7.489999771118164,5.800000190734863,7.260000228881836,13058000,0.0,0.0
2023-07-10 00:00:00-04:00,7.460000038146973,7.78000020980835,6.570000171661377,6.639999866485596,5448000,0.0,0.0
2023-07-11 00:00:00-04:00,6.619999885559082,7.75,6.409999847412109,7.690000057220459,3869500,0.0,0.0
2023-07-12 00:00:00-04:00,8.020000457763672,8.59000015258789,7.670000076293945,7.760000228881836,3214200,0.0,0.0
2023-07-13 00:00:00-04:00,7.869999885559082,8.390000343322754,7.849999904632568,8.140000343322754,2867800,0.0,0.0
2023-07-14 00:00:00-04:00,6.809999942779541,7.0,6.099999904632568,6.300000190734863,11781200,0.0,0.0
2023-07-17 00:00:00-04:00,6.400000095367432,6.559999942779541,6.079999923706055,6.289999961853027,3926000,0.0,0.0
2023-07-18 00:00:00-04:00,6.329999923706055,6.948999881744385,6.285999774932861,6.909999847412109,4325900,0.0,0.0
2023-07-19 00:00:00-04:00,6.900000095367432,6.929999828338623,6.539999961853027,6.710000038146973,3959200,0.0,0.0
2023-07-20 00:00:00-04:00,6.789999961853027,6.789999961853027,6.309999942779541,6.619999885559082,2748100,0.0,0.0
2023-07-21 00:00:00-04:00,6.690000057220459,6.849999904632568,6.369999885559082,6.619999885559082,2399300,0.0,0.0
2023-07-24 00:00:00-04:00,6.710000038146973,6.804999828338623,6.465000152587891,6.650000095367432,1594900,0.0,0.0
2023-07-25 00:00:00-04:00,6.659999847412109,6.710000038146973,6.519999980926514,6.570000171661377,1246100,0.0,0.0
2023-07-26 00:00:00-04:00,6.53000020980835,6.840000152587891,6.46999979019165,6.650000095367432,1496700,0.0,0.0
2023-07-27 00:00:00-04:00,6.679999828338623,6.679999828338623,6.309999942779541,6.380000114440918,1832300,0.0,0.0
2023-07-28 00:00:00-04:00,6.440000057220459,6.84499979019165,6.429999828338623,6.829999923706055,1502300,0.0,0.0
2023-07-31 00:00:00-04:00,6.849999904632568,7.53000020980835,6.849999904632568,7.190000057220459,2070100,0.0,0.0
2023-08-01 00:00:00-04:00,7.210000038146973,7.355000019073486,7.014999866485596,7.309999942779541,1322200,0.0,0.0
2023-08-02 00:00:00-04:00,7.130000114440918,7.21999979019165,6.71999979019165,7.059999942779541,1554900,0.0,0.0
2023-08-03 00:00:00-04:00,7.010000228881836,7.079999923706055,6.71999979019165,6.840000152587891,957300,0.0,0.0
2023-08-04 00:00:00-04:00,6.860000133514404,6.9679999351501465,6.650000095367432,6.71999979019165,1035500,0.0,0.0
2023-08-07 00:00:00-04:00,6.599999904632568,6.639999866485596,6.329999923706055,6.579999923706055,1165200,0.0,0.0
2023-08-08 00:00:00-04:00,6.510000228881836,6.630000114440918,6.375,6.539999961853027,1437000,0.0,0.0
2023-08-09 00:00:00-04:00,6.690000057220459,7.320000171661377,6.585000038146973,6.920000076293945,2187400,0.0,0.0
2023-08-10 00:00:00-04:00,7.019999980926514,7.414999961853027,6.900000095367432,7.210000038146973,1185500,0.0,0.0
2023-08-11 00:00:00-04:00,7.210000038146973,7.289999961853027,6.769999980926514,6.960000038146973,1244000,0.0,0.0
2023-08-14 00:00:00-04:00,6.860000133514404,6.860000133514404,6.520999908447266,6.710000038146973,1361900,0.0,0.0
2023-08-15 00:00:00-04:00,6.650000095367432,6.679999828338623,6.521999835968018,6.579999923706055,938900,0.0,0.0
2023-08-16 00:00:00-04:00,6.599999904632568,6.625,6.349999904632568,6.429999828338623,818600,0.0,0.0
2023-08-17 00:00:00-04:00,6.429999828338623,6.429999828338623,6.110000133514404,6.119999885559082,1388600,0.0,0.0
2023-08-18 00:00:00-04:00,6.039999961853027,6.300000190734863,6.019999980926514,6.090000152587891,954100,0.0,0.0
2023-08-21 00:00:00-04:00,6.110000133514404,6.300000190734863,5.940999984741211,6.210000038146973,1704800,0.0,0.0
2023-08-22 00:00:00-04:00,6.21999979019165,6.335000038146973,6.099999904632568,6.309999942779541,639100,0.0,0.0
2023-08-23 00:00:00-04:00,6.320000171661377,6.510000228881836,6.210000038146973,6.400000095367432,851500,0.0,0.0
2023-08-24 00:00:00-04:00,6.380000114440918,6.420000076293945,6.159999847412109,6.309999942779541,681900,0.0,0.0
2023-08-25 00:00:00-04:00,6.360000133514404,6.5,6.195000171661377,6.260000228881836,1065700,0.0,0.0
2023-08-28 00:00:00-04:00,6.25,6.301000118255615,6.170000076293945,6.25,807400,0.0,0.0
2023-08-29 00:00:00-04:00,6.25,6.355000019073486,6.03000020980835,6.079999923706055,2655100,0.0,0.0
2023-08-30 00:00:00-04:00,6.059999942779541,6.140999794006348,5.96999979019165,6.0,1727700,0.0,0.0
2023-08-31 00:00:00-04:00,6.019999980926514,6.050000190734863,5.880000114440918,5.889999866485596,2725800,0.0,0.0
2023-09-01 00:00:00-04:00,6.0,6.059000015258789,5.840000152587891,5.880000114440918,825400,0.0,0.0
2023-09-05 00:00:00-04:00,5.860000133514404,6.309999942779541,5.860000133514404,6.21999979019165,3075600,0.0,0.0
2023-09-06 00:00:00-04:00,6.15500020980835,6.239999771118164,5.949999809265137,6.110000133514404,1357200,0.0,0.0
2023-09-07 00:00:00-04:00,6.03000020980835,6.138999938964844,5.744999885559082,5.789999961853027,1199400,0.0,0.0
2023-09-08 00:00:00-04:00,5.800000190734863,5.888999938964844,5.679999828338623,5.760000228881836,1716200,0.0,0.0
2023-09-11 00:00:00-04:00,5.840000152587891,6.480000019073486,5.800000190734863,6.389999866485596,2364700,0.0,0.0
2023-09-12 00:00:00-04:00,6.349999904632568,6.489999771118164,6.090000152587891,6.099999904632568,1725100,0.0,0.0
2023-09-13 00:00:00-04:00,6.150000095367432,6.150000095367432,5.570000171661377,5.599999904632568,2129000,0.0,0.0
2023-09-14 00:00:00-04:00,5.650000095367432,5.855000019073486,5.590000152587891,5.650000095367432,1671200,0.0,0.0
2023-09-15 00:00:00-04:00,5.659999847412109,5.954999923706055,5.599999904632568,5.860000133514404,11824500,0.0,0.0
2023-09-18 00:00:00-04:00,5.789999961853027,5.789999961853027,5.25,5.255000114440918,2065000,0.0,0.0
2023-09-19 00:00:00-04:00,5.230000019073486,5.539999961853027,5.130000114440918,5.449999809265137,1220300,0.0,0.0
2023-09-20 00:00:00-04:00,5.360000133514404,5.5,5.260000228881836,5.269999980926514,1200500,0.0,0.0
2023-09-21 00:00:00-04:00,5.199999809265137,5.320000171661377,5.119999885559082,5.260000228881836,950500,0.0,0.0
2023-09-22 00:00:00-04:00,5.289999961853027,5.289999961853027,5.059999942779541,5.090000152587891,1056600,0.0,0.0
2023-09-25 00:00:00-04:00,5.039999961853027,5.039999961853027,4.828000068664551,4.960000038146973,1616500,0.0,0.0
2023-09-26 00:00:00-04:00,4.96999979019165,5.130000114440918,4.889999866485596,4.909999847412109,909000,0.0,0.0
2023-09-27 00:00:00-04:00,4.869999885559082,4.869999885559082,4.670000076293945,4.690000057220459,1244300,0.0,0.0
2023-09-28 00:00:00-04:00,4.690000057220459,4.769999980926514,4.53000020980835,4.730000019073486,886000,0.0,0.0
2023-09-29 00:00:00-04:00,4.809999942779541,4.954999923706055,4.760000228881836,4.78000020980835,897700,0.0,0.0
2023-10-02 00:00:00-04:00,4.800000190734863,4.84499979019165,4.489999771118164,4.53000020980835,1101100,0.0,0.0
2023-10-03 00:00:00-04:00,4.480000019073486,4.675000190734863,4.414999961853027,4.630000114440918,743600,0.0,0.0
2023-10-04 00:00:00-04:00,4.599999904632568,4.610000133514404,4.46999979019165,4.519999980926514,1406800,0.0,0.0
2023-10-05 00:00:00-04:00,4.510000228881836,4.639999866485596,4.375,4.590000152587891,992100,0.0,0.0
2023-10-06 00:00:00-04:00,4.539999961853027,4.550000190734863,4.320000171661377,4.539999961853027,1034000,0.0,0.0
2023-10-09 00:00:00-04:00,4.519999980926514,4.570000171661377,4.329999923706055,4.400000095367432,690500,0.0,0.0
2023-10-10 00:00:00-04:00,4.409999847412109,4.590000152587891,4.34499979019165,4.53000020980835,796100,0.0,0.0
2023-10-11 00:00:00-04:00,4.539999961853027,4.635000228881836,4.372000217437744,4.420000076293945,582500,0.0,0.0
2023-10-12 00:00:00-04:00,4.429999828338623,4.429999828338623,4.070000171661377,4.130000114440918,1210600,0.0,0.0
2023-10-13 00:00:00-04:00,4.130000114440918,4.224999904632568,4.050000190734863,4.190000057220459,1186900,0.0,0.0
2023-10-16 00:00:00-04:00,4.230000019073486,4.349999904632568,4.110000133514404,4.269999980926514,855700,0.0,0.0
2023-10-17 00:00:00-04:00,4.239999771118164,4.389999866485596,4.234000205993652,4.329999923706055,786300,0.0,0.0
2023-10-18 00:00:00-04:00,4.300000190734863,4.300000190734863,4.050000190734863,4.070000171661377,978700,0.0,0.0
2023-10-19 00:00:00-04:00,4.079999923706055,4.079999923706055,3.9000000953674316,3.930000066757202,981900,0.0,0.0
2023-10-20 00:00:00-04:00,3.950000047683716,4.0,3.7799999713897705,3.9100000858306885,987000,0.0,0.0
2023-10-23 00:00:00-04:00,3.869999885559082,3.944999933242798,3.7799999713897705,3.809999942779541,1456400,0.0,0.0
2023-10-24 00:00:00-04:00,3.880000114440918,4.050000190734863,3.819999933242798,4.03000020980835,1348900,0.0,0.0
2023-10-25 00:00:00-04:00,4.03000020980835,4.03000020980835,3.809999942779541,3.8299999237060547,830600,0.0,0.0
2023-10-26 00:00:00-04:00,3.8499999046325684,3.950000047683716,3.7850000858306885,3.819999933242798,1001400,0.0,0.0
2023-10-27 00:00:00-04:00,3.869999885559082,3.9200000762939453,3.630000114440918,3.6600000858306885,1471800,0.0,0.0
2023-10-30 00:00:00-04:00,3.690000057220459,3.8399999141693115,3.565000057220459,3.619999885559082,1963800,0.0,0.0
2023-10-31 00:00:00-04:00,3.7100000381469727,3.8299999237060547,3.4800000190734863,3.630000114440918,3139500,0.0,0.0
2023-11-01 00:00:00-04:00,3.630000114440918,3.630000114440918,3.440000057220459,3.5799999237060547,2534100,0.0,0.0
2023-11-02 00:00:00-04:00,3.6500000953674316,3.740000009536743,3.4749999046325684,3.700000047683716,2551400,0.0,0.0
2023-11-03 00:00:00-04:00,3.759999990463257,4.260000228881836,3.759999990463257,4.179999828338623,3643600,0.0,0.0
2023-11-06 00:00:00-05:00,4.275000095367432,4.849999904632568,4.239999771118164,4.769999980926514,3527700,0.0,0.0
2023-11-07 00:00:00-05:00,4.71999979019165,4.889999866485596,4.630000114440918,4.769999980926514,2466900,0.0,0.0
2023-11-08 00:00:00-05:00,4.980000019073486,4.980000019073486,4.480000019073486,4.53000020980835,2069000,0.0,0.0
2023-11-09 00:00:00-05:00,4.619999885559082,4.630000114440918,3.940000057220459,3.944999933242798,1424900,0.0,0.0
2023-11-10 00:00:00-05:00,3.9600000381469727,3.9600000381469727,3.700000047683716,3.8499999046325684,1348600,0.0,0.0
2023-11-13 00:00:00-05:00,3.799999952316284,3.869999885559082,3.7049999237060547,3.7899999618530273,1095400,0.0,0.0
2023-11-14 00:00:00-05:00,4.019999980926514,4.230000019073486,3.944999933242798,4.21999979019165,1565100,0.0,0.0
2023-11-15 00:00:00-05:00,4.28000020980835,4.860000133514404,4.230000019073486,4.670000076293945,1852000,0.0,0.0
2023-11-16 00:00:00-05:00,4.659999847412109,4.900000095367432,4.519999980926514,4.730000019073486,1779200,0.0,0.0
2023-11-17 00:00:00-05:00,4.789999961853027,5.376999855041504,4.764999866485596,5.21999979019165,2268100,0.0,0.0
2023-11-20 00:00:00-05:00,5.309999942779541,5.929999828338623,5.210000038146973,5.559999942779541,2789800,0.0,0.0
2023-11-21 00:00:00-05:00,5.510000228881836,5.510000228881836,5.244999885559082,5.300000190734863,1086600,0.0,0.0
2023-11-22 00:00:00-05:00,5.369999885559082,5.724999904632568,5.289999961853027,5.690000057220459,1024600,0.0,0.0
2023-11-24 00:00:00-05:00,5.650000095367432,5.940000057220459,5.539999961853027,5.659999847412109,1109700,0.0,0.0
2023-11-27 00:00:00-05:00,5.619999885559082,5.829999923706055,5.420000076293945,5.75,1567700,0.0,0.0
2023-11-28 00:00:00-05:00,5.710000038146973,5.849999904632568,5.570000171661377,5.829999923706055,1088100,0.0,0.0
2023-11-29 00:00:00-05:00,5.889999866485596,6.199999809265137,5.840000152587891,5.960000038146973,1745300,0.0,0.0
2023-11-30 00:00:00-05:00,6.059999942779541,6.340000152587891,5.860000133514404,5.869999885559082,1995500,0.0,0.0
2023-12-01 00:00:00-05:00,5.820000171661377,5.820000171661377,5.46999979019165,5.690000057220459,1922500,0.0,0.0
2023-12-04 00:00:00-05:00,5.699999809265137,6.019999980926514,5.519999980926514,5.809999942779541,1495400,0.0,0.0
2023-12-05 00:00:00-05:00,5.730000019073486,5.84499979019165,5.610000133514404,5.710000038146973,1017200,0.0,0.0
2023-12-06 00:00:00-05:00,5.800000190734863,6.184999942779541,5.71999979019165,5.940000057220459,1353600,0.0,0.0
2023-12-07 00:00:00-05:00,5.989999771118164,6.119999885559082,5.760000228881836,5.949999809265137,945800,0.0,0.0
2023-12-08 00:00:00-05:00,5.949999809265137,6.164999961853027,5.760000228881836,5.809999942779541,1300400,0.0,0.0
2023-12-11 00:00:00-05:00,5.769999980926514,5.789999961853027,5.534999847412109,5.760000228881836,923500,0.0,0.0
2023-12-12 00:00:00-05:00,5.769999980926514,5.78000020980835,5.559999942779541,5.650000095367432,1478000,0.0,0.0
2023-12-13 00:00:00-05:00,5.610000133514404,5.809999942779541,4.900000095367432,5.670000076293945,2895900,0.0,0.0
2023-12-14 00:00:00-05:00,5.889999866485596,6.5,5.889999866485596,6.170000076293945,2614400,0.0,0.0
2023-12-15 00:00:00-05:00,6.269999980926514,6.340000152587891,5.889999866485596,6.090000152587891,3398900,0.0,0.0
2023-12-18 00:00:00-05:00,6.150000095367432,6.21999979019165,5.909999847412109,6.070000171661377,957200,0.0,0.0
2023-12-19 00:00:00-05:00,6.090000152587891,6.300000190734863,6.019999980926514,6.25,1495200,0.0,0.0
2023-12-20 00:00:00-05:00,6.340000152587891,6.340000152587891,5.855000019073486,5.880000114440918,1380200,0.0,0.0
2023-12-21 00:00:00-05:00,6.010000228881836,6.260000228881836,5.909999847412109,6.170000076293945,1198300,0.0,0.0
2023-12-22 00:00:00-05:00,6.199999809265137,6.5,6.059999942779541,6.170000076293945,1796400,0.0,0.0
2023-12-26 00:00:00-05:00,6.21999979019165,6.324999809265137,6.090000152587891,6.159999847412109,1371300,0.0,0.0
2023-12-27 00:00:00-05:00,6.159999847412109,6.210000038146973,5.804999828338623,5.909999847412109,2074000,0.0,0.0
2023-12-28 00:00:00-05:00,5.869999885559082,5.96999979019165,5.630000114440918,5.880000114440918,3004200,0.0,0.0
2023-12-29 00:00:00-05:00,5.889999866485596,5.920000076293945,5.679999828338623,5.730000019073486,1572300,0.0,0.0
2024-01-02 00:00:00-05:00,5.710000038146973,6.114999771118164,5.5,5.570000171661377,1729100,0.0,0.0
2024-01-03 00:00:00-05:00,5.519999980926514,5.519999980926514,5.085000038146973,5.199999809265137,1568800,0.0,0.0
2024-01-04 00:00:00-05:00,5.239999771118164,5.25,5.03000020980835,5.159999847412109,1679200,0.0,0.0
2024-01-05 00:00:00-05:00,5.139999866485596,5.199999809265137,4.690000057220459,4.820000171661377,1458300,0.0,0.0
2024-01-08 00:00:00-05:00,4.900000095367432,5.75,4.820000171661377,5.739999771118164,3141900,0.0,0.0
2024-01-09 00:00:00-05:00,5.610000133514404,5.869999885559082,5.453999996185303,5.739999771118164,1239700,0.0,0.0
2024-01-10 00:00:00-05:00,5.710000038146973,6.03000020980835,5.400000095367432,5.960000038146973,3446100,0.0,0.0
2024-01-11 00:00:00-05:00,5.900000095367432,5.900000095367432,5.28000020980835,5.300000190734863,2907900,0.0,0.0
2024-01-12 00:00:00-05:00,5.340000152587891,5.75,5.340000152587891,5.434999942779541,1285500,0.0,0.0
2024-01-16 00:00:00-05:00,5.360000133514404,5.40500020980835,5.164999961853027,5.239999771118164,1691600,0.0,0.0
2024-01-17 00:00:00-05:00,5.110000133514404,5.199999809265137,5.005000114440918,5.199999809265137,979700,0.0,0.0
2024-01-18 00:00:00-05:00,5.329999923706055,5.514999866485596,5.159999847412109,5.380000114440918,2055800,0.0,0.0
2024-01-19 00:00:00-05:00,5.349999904632568,5.349999904632568,4.989999771118164,5.119999885559082,941500,0.0,0.0
2024-01-22 00:00:00-05:00,5.119999885559082,5.389999866485596,5.059999942779541,5.360000133514404,961900,0.0,0.0
2024-01-23 00:00:00-05:00,5.46999979019165,5.505000114440918,5.199999809265137,5.300000190734863,852000,0.0,0.0
2024-01-24 00:00:00-05:00,5.380000114440918,5.420000076293945,5.170000076293945,5.210000038146973,769200,0.0,0.0
2024-01-25 00:00:00-05:00,5.289999961853027,5.440000057220459,5.239999771118164,5.369999885559082,873700,0.0,0.0
2024-01-26 00:00:00-05:00,5.449999809265137,5.591000080108643,5.389999866485596,5.460000038146973,1159000,0.0,0.0
2024-01-29 00:00:00-05:00,5.460000038146973,6.0,5.300000190734863,5.989999771118164,1520300,0.0,0.0
2024-01-30 00:00:00-05:00,5.940000057220459,6.099999904632568,5.795000076293945,6.070000171661377,1624400,0.0,0.0
2024-01-31 00:00:00-05:00,6.0,6.460000038146973,5.900000095367432,6.130000114440918,1517400,0.0,0.0
2024-02-01 00:00:00-05:00,6.210000038146973,6.704999923706055,6.010000228881836,6.690000057220459,1979100,0.0,0.0
2024-02-02 00:00:00-05:00,6.550000190734863,6.810999870300293,6.349999904632568,6.730000019073486,3877400,0.0,0.0
2024-02-05 00:00:00-05:00,6.590000152587891,6.815000057220459,6.5,6.760000228881836,1170200,0.0,0.0
2024-02-06 00:00:00-05:00,6.730000019073486,7.099999904632568,6.690000057220459,6.880000114440918,1124200,0.0,0.0
2024-02-07 00:00:00-05:00,6.889999866485596,6.900000095367432,6.510000228881836,6.519999980926514,1226500,0.0,0.0
2024-02-08 00:00:00-05:00,6.489999771118164,6.900000095367432,6.485000133514404,6.789999961853027,971000,0.0,0.0
2024-02-09 00:00:00-05:00,6.860000133514404,7.014999866485596,6.789999961853027,6.929999828338623,1078900,0.0,0.0
2024-02-12 00:00:00-05:00,6.949999809265137,7.190000057220459,6.909999847412109,7.130000114440918,1681600,0.0,0.0
2024-02-13 00:00:00-05:00,6.880000114440918,6.900000095367432,6.369999885559082,6.46999979019165,2141100,0.0,0.0
2024-02-14 00:00:00-05:00,6.639999866485596,6.959000110626221,6.510000228881836,6.800000190734863,1663200,0.0,0.0
2024-02-15 00:00:00-05:00,6.909999847412109,7.171000003814697,6.864999771118164,7.0,1317200,0.0,0.0
2024-02-16 00:00:00-05:00,6.889999866485596,7.019999980926514,6.800000190734863,6.909999847412109,931100,0.0,0.0
2024-02-20 00:00:00-05:00,6.800000190734863,6.980000019073486,6.659999847412109,6.809999942779541,760400,0.0,0.0
2024-02-21 00:00:00-05:00,6.690000057220459,6.900000095367432,6.559999942779541,6.840000152587891,713700,0.0,0.0
2024-02-22 00:00:00-05:00,6.840000152587891,7.019000053405762,6.78000020980835,6.920000076293945,914200,0.0,0.0
2024-02-23 00:00:00-05:00,6.909999847412109,6.980000019073486,6.800000190734863,6.940000057220459,724600,0.0,0.0
2024-02-26 00:00:00-05:00,7.039999961853027,7.53000020980835,7.010000228881836,7.420000076293945,1408600,0.0,0.0
2024-02-27 00:00:00-05:00,7.514999866485596,8.28499984741211,7.5,8.260000228881836,2464100,0.0,0.0
2024-02-28 00:00:00-05:00,8.229999542236328,8.329999923706055,7.980000019073486,8.039999961853027,1191600,0.0,0.0
2024-02-29 00:00:00-05:00,8.119999885559082,8.180000305175781,7.820000171661377,7.909999847412109,1292900,0.0,0.0
2024-03-01 00:00:00-05:00,8.0,8.220000267028809,7.75,7.789999961853027,1774500,0.0,0.0
2024-03-04 00:00:00-05:00,7.920000076293945,7.929999828338623,7.449999809265137,7.5,1029600,0.0,0.0
2024-03-05 00:00:00-05:00,7.449999809265137,7.570000171661377,7.236999988555908,7.340000152587891,1127600,0.0,0.0
2024-03-06 00:00:00-05:00,7.460000038146973,7.5,7.210000038146973,7.409999847412109,1036700,0.0,0.0
2024-03-07 00:00:00-05:00,7.449999809265137,7.739999771118164,7.320000171661377,7.400000095367432,1149100,0.0,0.0
2024-03-08 00:00:00-05:00,7.53000020980835,7.730000019073486,7.28000020980835,7.420000076293945,838200,0.0,0.0
2024-03-11 00:00:00-04:00,7.380000114440918,7.610000133514404,7.184999942779541,7.21999979019165,992200,0.0,0.0
2024-03-12 00:00:00-04:00,7.159999847412109,7.239999771118164,4.989999771118164,5.019999980926514,6645100,0.0,0.0
2024-03-13 00:00:00-04:00,5.239999771118164,5.619999885559082,5.070000171661377,5.599999904632568,3936600,0.0,0.0
2024-03-14 00:00:00-04:00,5.579999923706055,5.940000057220459,5.28000020980835,5.360000133514404,2606300,0.0,0.0
2024-03-15 00:00:00-04:00,5.28000020980835,5.46999979019165,5.25,5.369999885559082,2687700,0.0,0.0
2024-03-18 00:00:00-04:00,5.559999942779541,5.559999942779541,5.184999942779541,5.224999904632568,1826600,0.0,0.0
2024-03-19 00:00:00-04:00,5.389999866485596,5.675000190734863,5.329999923706055,5.389999866485596,1285000,0.0,0.0
2024-03-20 00:00:00-04:00,5.380000114440918,5.510000228881836,5.21999979019165,5.480000019073486,1267700,0.0,0.0
2024-03-21 00:00:00-04:00,5.579999923706055,5.769999980926514,5.244999885559082,5.25,1978100,0.0,0.0
2024-03-22 00:00:00-04:00,5.260000228881836,5.300000190734863,5.119999885559082,5.230000019073486,1215200,0.0,0.0
2024-03-25 00:00:00-04:00,5.25,5.614999771118164,5.199999809265137,5.289999961853027,1666500,0.0,0.0
2024-03-26 00:00:00-04:00,5.349999904632568,5.5,5.059999942779541,5.059999942779541,1147100,0.0,0.0
2024-03-27 00:00:00-04:00,5.139999866485596,5.175000190734863,5.050000190734863,5.119999885559082,1003100,0.0,0.0
2024-03-28 00:00:00-04:00,5.150000095367432,5.228000164031982,5.065000057220459,5.139999866485596,1347700,0.0,0.0
2024-04-01 00:00:00-04:00,5.139999866485596,5.150000095367432,4.96999979019165,5.050000190734863,1101900,0.0,0.0
2024-04-02 00:00:00-04:00,4.921999931335449,4.96999979019165,4.71999979019165,4.78000020980835,3108900,0.0,0.0
2024-04-03 00:00:00-04:00,4.78000020980835,4.914999961853027,4.664999961853027,4.679999828338623,1976200,0.0,0.0
2024-04-04 00:00:00-04:00,4.769999980926514,4.849999904632568,4.514999866485596,4.539999961853027,1898700,0.0,0.0
2024-04-05 00:00:00-04:00,4.610000133514404,4.664999961853027,4.389999866485596,4.5,2339300,0.0,0.0
2024-04-08 00:00:00-04:00,4.550000190734863,4.579999923706055,4.320000171661377,4.360000133514404,1484300,0.0,0.0
2024-04-09 00:00:00-04:00,4.400000095367432,4.590000152587891,4.329999923706055,4.460000038146973,1481700,0.0,0.0
2024-04-10 00:00:00-04:00,4.389999866485596,4.440000057220459,4.204999923706055,4.349999904632568,2135300,0.0,0.0
2024-04-11 00:00:00-04:00,4.420000076293945,4.420000076293945,4.275000095367432,4.329999923706055,950200,0.0,0.0
2024-04-12 00:00:00-04:00,4.369999885559082,4.369999885559082,4.119999885559082,4.199999809265137,1962600,0.0,0.0
2024-04-15 00:00:00-04:00,4.170000076293945,4.389999866485596,4.03000020980835,4.070000171661377,1609000,0.0,0.0
2024-04-16 00:00:00-04:00,4.079999923706055,4.119999885559082,3.9649999141693115,4.010000228881836,1272500,0.0,0.0
2024-04-17 00:00:00-04:00,4.050000190734863,4.090000152587891,3.8499999046325684,3.9100000858306885,1998800,0.0,0.0
2024-04-18 00:00:00-04:00,3.880000114440918,4.014999866485596,3.875,3.9100000858306885,1415600,0.0,0.0
2024-04-19 00:00:00-04:00,3.9000000953674316,4.03000020980835,3.7799999713897705,3.8499999046325684,1713500,0.0,0.0
2024-04-22 00:00:00-04:00,3.890000104904175,4.074999809265137,3.799999952316284,3.990000009536743,1384800,0.0,0.0
2024-04-23 00:00:00-04:00,4.0,4.210000038146973,3.9800000190734863,3.9800000190734863,930700,0.0,0.0
2024-04-24 00:00:00-04:00,4.0,4.039999961853027,3.799999952316284,3.8499999046325684,1079700,0.0,0.0
2024-04-25 00:00:00-04:00,3.799999952316284,3.8399999141693115,3.7100000381469727,3.759999990463257,1632700,0.0,0.0
2024-04-26 00:00:00-04:00,3.9000000953674316,3.9000000953674316,3.690000057220459,3.7100000381469727,1045000,0.0,0.0
2024-04-29 00:00:00-04:00,3.740000009536743,3.8949999809265137,3.7100000381469727,3.7799999713897705,1476600,0.0,0.0
2024-04-30 00:00:00-04:00,3.759999990463257,3.759999990463257,3.609999895095825,3.630000114440918,1473200,0.0,0.0
2024-05-01 00:00:00-04:00,3.6500000953674316,3.8499999046325684,3.609999895095825,3.690000057220459,1739900,0.0,0.0
2024-05-02 00:00:00-04:00,3.75,3.819999933242798,3.559999942779541,3.640000104904175,2348400,0.0,0.0
2024-05-03 00:00:00-04:00,3.7699999809265137,3.9000000953674316,3.690000057220459,3.7699999809265137,1817400,0.0,0.0
2024-05-06 00:00:00-04:00,3.8499999046325684,3.930000066757202,3.759999990463257,3.8299999237060547,1572000,0.0,0.0
2024-05-07 00:00:00-04:00,3.880000114440918,3.890000104904175,3.684999942779541,3.7300000190734863,1237300,0.0,0.0
2024-05-08 00:00:00-04:00,3.640000104904175,3.700000047683716,3.440000057220459,3.5,2406000,0.0,0.0
2024-05-09 00:00:00-04:00,3.5,3.694999933242798,3.5,3.6500000953674316,1507700,0.0,0.0
2024-05-10 00:00:00-04:00,3.6700000762939453,3.799999952316284,3.5209999084472656,3.5399999618530273,1000900,0.0,0.0
2024-05-13 00:00:00-04:00,3.5999999046325684,3.9149999618530273,3.5999999046325684,3.7100000381469727,2382300,0.0,0.0
2024-05-14 00:00:00-04:00,3.819999933242798,3.9100000858306885,3.625,3.640000104904175,1460800,0.0,0.0
2024-05-15 00:00:00-04:00,3.75,3.8350000381469727,3.619999885559082,3.640000104904175,2469200,0.0,0.0
2024-05-16 00:00:00-04:00,3.6600000858306885,3.7200000286102295,3.5199999809265137,3.5899999141693115,1765800,0.0,0.0
2024-05-17 00:00:00-04:00,3.5999999046325684,3.640000104904175,3.365000009536743,3.390000104904175,2515200,0.0,0.0
2024-05-20 00:00:00-04:00,3.4100000858306885,3.450000047683716,3.009999990463257,3.130000114440918,7586100,0.0,0.0
2024-05-21 00:00:00-04:00,3.130000114440918,3.140000104904175,2.9800000190734863,3.0899999141693115,3668600,0.0,0.0
2024-05-22 00:00:00-04:00,3.0999999046325684,3.190000057220459,2.9800000190734863,3.109999895095825,2673200,0.0,0.0
2024-05-23 00:00:00-04:00,3.109999895095825,3.119999885559082,2.9749999046325684,3.009999990463257,2725200,0.0,0.0
2024-05-24 00:00:00-04:00,3.0299999713897705,3.049999952316284,2.950000047683716,2.9700000286102295,1532500,0.0,0.0
2024-05-28 00:00:00-04:00,3.0,3.059999942779541,2.940000057220459,2.990000009536743,1474100,0.0,0.0
2024-05-29 00:00:00-04:00,2.9200000762939453,2.950000047683716,2.7750000953674316,2.880000114440918,2086000,0.0,0.0
2024-05-30 00:00:00-04:00,2.9100000858306885,2.940000057220459,2.7950000762939453,2.8499999046325684,1550300,0.0,0.0
2024-05-31 00:00:00-04:00,2.9100000858306885,2.9800000190734863,2.859999895095825,2.880000114440918,1469000,0.0,0.0
2024-06-03 00:00:00-04:00,1.9199999570846558,2.299999952316284,1.75,2.1449999809265137,9304000,0.0,0.0
2024-06-04 00:00:00-04:00,2.0899999141693115,2.390000104904175,2.0810000896453857,2.1649999618530273,3725000,0.0,0.0
2024-06-05 00:00:00-04:00,2.1600000858306885,2.190000057220459,2.059999942779541,2.119999885559082,3698400,0.0,0.0
2024-06-06 00:00:00-04:00,2.119999885559082,2.1500000953674316,2.0350000858306885,2.0899999141693115,2157800,0.0,0.0
2024-06-07 00:00:00-04:00,2.0899999141693115,2.0899999141693115,1.9500000476837158,1.9500000476837158,2014000,0.0,0.0
2024-06-10 00:00:00-04:00,1.9500000476837158,1.9500000476837158,1.8300000429153442,1.8799999952316284,3450500,0.0,0.0
2024-06-11 00:00:00-04:00,1.8799999952316284,1.9500000476837158,1.8300000429153442,1.940000057220459,5255400,0.0,0.0
2024-06-12 00:00:00-04:00,2.009999990463257,2.119999885559082,1.909999966621399,1.9700000286102295,2524900,0.0,0.0
2024-06-13 00:00:00-04:00,1.9299999475479126,2.009999990463257,1.8799999952316284,1.9299999475479126,1572700,0.0,0.0
2024-06-14 00:00:00-04:00,1.9299999475479126,1.9299999475479126,1.7799999713897705,1.7899999618530273,3220200,0.0,0.0
2024-06-17 00:00:00-04:00,1.7999999523162842,1.8200000524520874,1.684999942779541,1.75,4102500,0.0,0.0
2024-06-18 00:00:00-04:00,1.7899999618530273,1.7899999618530273,1.6399999856948853,1.6399999856948853,2840700,0.0,0.0
2024-06-20 00:00:00-04:00,1.659999966621399,1.7350000143051147,1.600000023841858,1.7200000286102295,2343000,0.0,0.0
2024-06-21 00:00:00-04:00,1.7300000190734863,1.7899999618530273,1.6699999570846558,1.7200000286102295,8385300,0.0,0.0
2024-06-24 00:00:00-04:00,1.7200000286102295,1.8949999809265137,1.715000033378601,1.8700000047683716,2750100,0.0,0.0
2024-06-25 00:00:00-04:00,1.8600000143051147,1.8650000095367432,1.7300000190734863,1.7599999904632568,1502200,0.0,0.0
2024-06-26 00:00:00-04:00,1.7599999904632568,1.7899999618530273,1.6150000095367432,1.6200000047683716,1801900,0.0,0.0
2024-06-27 00:00:00-04:00,1.6200000047683716,1.725000023841858,1.5700000524520874,1.6799999475479126,2062800,0.0,0.0
2024-06-28 00:00:00-04:00,1.649999976158142,1.6799999475479126,1.5700000524520874,1.6399999856948853,3146900,0.0,0.0
2024-07-01 00:00:00-04:00,1.659999966621399,1.7100000381469727,1.5800000429153442,1.590000033378601,1275200,0.0,0.0
2024-07-02 00:00:00-04:00,1.600000023841858,1.6399999856948853,1.534999966621399,1.600000023841858,1669800,0.0,0.0
2024-07-03 00:00:00-04:00,1.600000023841858,1.6449999809265137,1.5499999523162842,1.600000023841858,944300,0.0,0.0
2024-07-05 00:00:00-04:00,1.600000023841858,1.6050000190734863,1.5,1.600000023841858,2075700,0.0,0.0
2024-07-08 00:00:00-04:00,1.600000023841858,1.659999966621399,1.5399999618530273,1.559999942779541,1799100,0.0,0.0
2024-07-09 00:00:00-04:00,1.5299999713897705,1.6200000047683716,1.5,1.6200000047683716,1667200,0.0,0.0
2024-07-10 00:00:00-04:00,1.600000023841858,1.75,1.600000023841858,1.7000000476837158,1933400,0.0,0.0
2024-07-11 00:00:00-04:00,1.7400000095367432,1.8799999952316284,1.7400000095367432,1.8799999952316284,2108100,0.0,0.0
2024-07-12 00:00:00-04:00,1.940000057220459,2.065000057220459,1.9199999570846558,2.0199999809265137,2600700,0.0,0.0
2024-07-15 00:00:00-04:00,2.049999952316284,2.1449999809265137,1.9700000286102295,2.130000114440918,2476200,0.0,0.0
2024-07-16 00:00:00-04:00,2.1700000762939453,2.744999885559082,2.0799999237060547,2.7300000190734863,10207000,0.0,0.0
2024-07-17 00:00:00-04:00,2.640000104904175,2.690000057220459,2.4100000858306885,2.640000104904175,3640200,0.0,0.0
2024-07-18 00:00:00-04:00,2.6700000762939453,2.7100000381469727,2.319999933242798,2.4000000953674316,2647600,0.0,0.0
2024-07-19 00:00:00-04:00,2.369999885559082,2.4100000858306885,2.240000009536743,2.2950000762939453,1163400,0.0,0.0
2024-07-22 00:00:00-04:00,2.299999952316284,2.325000047683716,2.184000015258789,2.319999933242798,2345000,0.0,0.0
2024-07-23 00:00:00-04:00,2.309999942779541,2.440000057220459,2.2209999561309814,2.4000000953674316,1594900,0.0,0.0
2024-07-24 00:00:00-04:00,2.380000114440918,2.490000009536743,2.25,2.259999990463257,1566700,0.0,0.0
2024-07-25 00:00:00-04:00,2.2799999713897705,2.4700000286102295,2.2300000190734863,2.440000057220459,1070400,0.0,0.0
2024-07-26 00:00:00-04:00,2.5,2.575000047683716,2.440000057220459,2.490000009536743,1143900,0.0,0.0
2024-07-29 00:00:00-04:00,2.549999952316284,2.549999952316284,2.3299999237060547,2.359999895095825,1097000,0.0,0.0
2024-07-30 00:00:00-04:00,2.4000000953674316,2.4579999446868896,2.2799999713897705,2.299999952316284,748700,0.0,0.0
2024-07-31 00:00:00-04:00,2.3299999237060547,2.4549999237060547,2.2300000190734863,2.319999933242798,1542000,0.0,0.0
2024-08-01 00:00:00-04:00,2.319999933242798,2.359999895095825,2.059999942779541,2.240000009536743,1188600,0.0,0.0
2024-08-02 00:00:00-04:00,2.109999895095825,2.184999942779541,2.071000099182129,2.130000114440918,926900,0.0,0.0
2024-08-05 00:00:00-04:00,1.909999966621399,2.005000114440918,1.909999966621399,1.9550000429153442,1269200,0.0,0.0
2024-08-06 00:00:00-04:00,2.0299999713897705,2.049999952316284,1.9049999713897705,1.9550000429153442,964500,0.0,0.0
2024-08-07 00:00:00-04:00,2.0299999713897705,2.244999885559082,1.8700000047683716,1.899999976158142,1611200,0.0,0.0
2024-08-08 00:00:00-04:00,1.9700000286102295,2.0399999618530273,1.9010000228881836,2.0199999809265137,918000,0.0,0.0
2024-08-09 00:00:00-04:00,2.0199999809265137,2.069999933242798,1.9199999570846558,1.940000057220459,844000,0.0,0.0
2024-08-12 00:00:00-04:00,1.940000057220459,1.9600000381469727,1.850000023841858,1.850000023841858,823200,0.0,0.0
2024-08-13 00:00:00-04:00,1.850000023841858,1.8949999809265137,1.809999942779541,1.8600000143051147,974200,0.0,0.0
2024-08-14 00:00:00-04:00,1.850000023841858,1.909999966621399,1.7999999523162842,1.899999976158142,1495100,0.0,0.0
2024-08-15 00:00:00-04:00,1.9600000381469727,2.109999895095825,1.9240000247955322,2.0799999237060547,941400,0.0,0.0
2024-08-16 00:00:00-04:00,2.069999933242798,2.140000104904175,2.0160000324249268,2.0899999141693115,633100,0.0,0.0
2024-08-19 00:00:00-04:00,2.059999942779541,2.190000057220459,2.049999952316284,2.180000066757202,560600,0.0,0.0
2024-08-20 00:00:00-04:00,2.200000047683716,2.200000047683716,2.075000047683716,2.130000114440918,746000,0.0,0.0
2024-08-21 00:00:00-04:00,2.180000066757202,2.265000104904175,2.1500000953674316,2.2300000190734863,894800,0.0,0.0
2024-08-22 00:00:00-04:00,2.240000009536743,2.240000009536743,2.0799999237060547,2.0899999141693115,405900,0.0,0.0
2024-08-23 00:00:00-04:00,2.0999999046325684,2.309999942779541,2.0999999046325684,2.2100000381469727,1070100,0.0,0.0
2024-08-26 00:00:00-04:00,2.2300000190734863,2.255000114440918,2.174999952316284,2.2100000381469727,838200,0.0,0.0
2024-08-27 00:00:00-04:00,2.200000047683716,2.2200000286102295,2.109999895095825,2.1600000858306885,559300,0.0,0.0
2024-08-28 00:00:00-04:00,2.130000114440918,2.1600000858306885,2.049999952316284,2.0899999141693115,437800,0.0,0.0
2024-08-29 00:00:00-04:00,2.119999885559082,2.190000057220459,2.0950000286102295,2.109999895095825,822900,0.0,0.0
2024-08-30 00:00:00-04:00,2.119999885559082,2.1700000762939453,2.065000057220459,2.1600000858306885,570500,0.0,0.0
2024-09-03 00:00:00-04:00,2.1700000762939453,2.240000009536743,1.940000057220459,1.9800000190734863,1246100,0.0,0.0
2024-09-04 00:00:00-04:00,1.9700000286102295,2.0399999618530273,1.8899999856948853,1.899999976158142,1034000,0.0,0.0
2024-09-05 00:00:00-04:00,1.9199999570846558,1.9600000381469727,1.8300000429153442,1.8300000429153442,1891800,0.0,0.0
2024-09-06 00:00:00-04:00,1.8300000429153442,1.8609999418258667,1.6299999952316284,1.7200000286102295,2625700,0.0,0.0
2024-09-09 00:00:00-04:00,1.7200000286102295,1.8799999952316284,1.7050000429153442,1.7649999856948853,1024600,0.0,0.0
2024-09-10 00:00:00-04:00,1.809999942779541,1.9800000190734863,1.75,1.9600000381469727,1229100,0.0,0.0
2024-09-11 00:00:00-04:00,1.9700000286102295,2.059999942779541,1.9049999713897705,2.0399999618530273,819400,0.0,0.0
2024-09-12 00:00:00-04:00,2.049999952316284,2.0950000286102295,2.0,2.0299999713897705,557000,0.0,0.0
2024-09-13 00:00:00-04:00,2.0899999141693115,2.134999990463257,2.063999891281128,2.119999885559082,718600,0.0,0.0
2024-09-16 00:00:00-04:00,2.0999999046325684,2.119999885559082,1.9550000429153442,2.0299999713897705,756300,0.0,0.0
2024-09-17 00:00:00-04:00,2.0399999618530273,2.190000057220459,2.0299999713897705,2.0999999046325684,718500,0.0,0.0
2024-09-18 00:00:00-04:00,2.0999999046325684,2.2249999046325684,2.065000057220459,2.0799999237060547,1213800,0.0,0.0
2024-09-19 00:00:00-04:00,2.180000066757202,2.2200000286102295,2.065000057220459,2.069999933242798,732500,0.0,0.0
2024-09-20 00:00:00-04:00,2.049999952316284,2.0999999046325684,1.9850000143051147,2.069999933242798,1224300,0.0,0.0
2024-09-23 00:00:00-04:00,2.0999999046325684,2.0999999046325684,1.8899999856948853,1.899999976158142,1121900,0.0,0.0
2024-09-24 00:00:00-04:00,1.940000057220459,1.965000033378601,1.8899999856948853,1.9199999570846558,461000,0.0,0.0
2024-09-25 00:00:00-04:00,1.9199999570846558,1.9900000095367432,1.8799999952316284,1.8899999856948853,500500,0.0,0.0
2024-09-26 00:00:00-04:00,1.9600000381469727,1.9700000286102295,1.8799999952316284,1.940000057220459,457300,0.0,0.0
2024-09-27 00:00:00-04:00,1.9800000190734863,2.009999990463257,1.8899999856948853,1.9800000190734863,1259000,0.0,0.0
2024-09-30 00:00:00-04:00,1.9500000476837158,2.069999933242798,1.9199999570846558,1.9600000381469727,527000,0.0,0.0
2024-10-01 00:00:00-04:00,1.9500000476837158,1.9550000429153442,1.8200000524520874,1.8300000429153442,781700,0.0,0.0
2024-10-02 00:00:00-04:00,1.8200000524520874,1.8650000095367432,1.7549999952316284,1.7799999713897705,1542800,0.0,0.0
2024-10-03 00:00:00-04:00,1.7899999618530273,1.809999942779541,1.7400000095367432,1.7899999618530273,830000,0.0,0.0
2024-10-04 00:00:00-04:00,1.850000023841858,1.909999966621399,1.815000057220459,1.8700000047683716,700500,0.0,0.0
2024-10-07 00:00:00-04:00,1.8700000047683716,1.8700000047683716,1.7799999713897705,1.8200000524520874,566600,0.0,0.0
2024-10-08 00:00:00-04:00,1.8200000524520874,1.9450000524520874,1.7999999523162842,1.8899999856948853,1205500,0.0,0.0
2024-10-09 00:00:00-04:00,1.909999966621399,1.9199999570846558,1.8350000381469727,1.850000023841858,504200,0.0,0.0
2024-10-10 00:00:00-04:00,1.850000023841858,1.8600000143051147,1.7799999713897705,1.7999999523162842,686700,0.0,0.0
2024-10-11 00:00:00-04:00,1.7999999523162842,1.899999976158142,1.7699999809265137,1.899999976158142,953100,0.0,0.0
2024-10-14 00:00:00-04:00,1.899999976158142,1.9249999523162842,1.850000023841858,1.899999976158142,537800,0.0,0.0
2024-10-15 00:00:00-04:00,1.899999976158142,2.0,1.8799999952316284,1.9500000476837158,744600,0.0,0.0
2024-10-16 00:00:00-04:00,1.9700000286102295,2.069999933242798,1.9600000381469727,2.059999942779541,985100,0.0,0.0
2024-10-17 00:00:00-04:00,2.069999933242798,2.069999933242798,1.9249999523162842,1.940000057220459,579400,0.0,0.0
2024-10-18 00:00:00-04:00,1.9500000476837158,2.0199999809265137,1.9500000476837158,2.0,484600,0.0,0.0
2024-10-21 00:00:00-04:00,2.0,2.009999990463257,1.9500000476837158,1.9700000286102295,391000,0.0,0.0
2024-10-22 00:00:00-04:00,1.9700000286102295,2.009999990463257,1.9199999570846558,1.9800000190734863,326000,0.0,0.0
2024-10-23 00:00:00-04:00,2.0,2.0250000953674316,1.8899999856948853,1.9199999570846558,490700,0.0,0.0
2024-10-24 00:00:00-04:00,1.9199999570846558,1.9199999570846558,1.809999942779541,1.8200000524520874,956400,0.0,0.0
2024-10-25 00:00:00-04:00,1.8600000143051147,1.8700000047683716,1.7699999809265137,1.7699999809265137,1016600,0.0,0.0
2024-10-28 00:00:00-04:00,1.7899999618530273,1.9700000286102295,1.7730000019073486,1.8799999952316284,1722300,0.0,0.0
2024-10-29 00:00:00-04:00,1.8799999952316284,2.065000057220459,1.8600000143051147,1.9299999475479126,1980900,0.0,0.0
2024-10-30 00:00:00-04:00,1.909999966621399,2.119999885559082,1.899999976158142,1.9700000286102295,1654300,0.0,0.0
2024-10-31 00:00:00-04:00,1.9700000286102295,2.0,1.8650000095367432,1.9600000381469727,1454500,0.0,0.0
2024-11-01 00:00:00-04:00,1.9700000286102295,2.240000009536743,1.9700000286102295,2.2100000381469727,1906700,0.0,0.0
2024-11-04 00:00:00-05:00,2.2100000381469727,2.4000000953674316,2.059999942779541,2.3399999141693115,2432600,0.0,0.0
2024-11-05 00:00:00-05:00,2.299999952316284,2.5799999237060547,2.2950000762939453,2.559999942779541,2956700,0.0,0.0
2024-11-06 00:00:00-05:00,2.690000057220459,2.7799999713897705,2.5350000858306885,2.75,2895800,0.0,0.0
2024-11-07 00:00:00-05:00,2.6500000953674316,3.0,2.369999885559082,2.7799999713897705,3595400,0.0,0.0
2024-11-08 00:00:00-05:00,2.819999933242798,2.950000047683716,2.630000114440918,2.680000066757202,2467800,0.0,0.0
2024-11-11 00:00:00-05:00,2.7100000381469727,2.8499999046325684,2.5450000762939453,2.7899999618530273,1454500,0.0,0.0
2024-11-12 00:00:00-05:00,2.7100000381469727,2.7100000381469727,2.299999952316284,2.3450000286102295,1935800,0.0,0.0
2024-11-13 00:00:00-05:00,2.380000114440918,2.4600000381469727,2.200000047683716,2.200000047683716,1598400,0.0,0.0
2024-11-14 00:00:00-05:00,2.200000047683716,2.2100000381469727,2.0299999713897705,2.0899999141693115,1471500,0.0,0.0
2024-11-15 00:00:00-05:00,2.119999885559082,2.119999885559082,1.9700000286102295,1.9900000095367432,1725800,0.0,0.0
2024-11-18 00:00:00-05:00,1.9900000095367432,2.0889999866485596,1.9299999475479126,1.9800000190734863,1394400,0.0,0.0
2024-11-19 00:00:00-05:00,1.9700000286102295,2.0199999809265137,1.909999966621399,1.9900000095367432,1254100,0.0,0.0
2024-11-20 00:00:00-05:00,2.0,2.0799999237060547,1.909999966621399,1.9600000381469727,2230000,0.0,0.0
2024-11-21 00:00:00-05:00,2.0,2.0390000343322754,1.909999966621399,1.9800000190734863,1143800,0.0,0.0
2024-11-22 00:00:00-05:00,1.9800000190734863,2.049999952316284,1.9320000410079956,2.0199999809265137,989200,0.0,0.0
2024-11-25 00:00:00-05:00,2.069999933242798,2.119999885559082,2.009999990463257,2.0199999809265137,1328800,0.0,0.0
2024-11-26 00:00:00-05:00,2.509999990463257,2.515000104904175,1.9900000095367432,2.0199999809265137,2793300,0.0,0.0
2024-11-27 00:00:00-05:00,2.0399999618530273,2.200000047683716,2.0,2.200000047683716,2105100,0.0,0.0
2024-11-29 00:00:00-05:00,2.2100000381469727,2.2799999713897705,2.1600000858306885,2.190000057220459,788200,0.0,0.0
2024-12-02 00:00:00-05:00,2.2100000381469727,2.380000114440918,2.1700000762939453,2.369999885559082,2356000,0.0,0.0
2024-12-03 00:00:00-05:00,2.369999885559082,2.380000114440918,2.130000114440918,2.1700000762939453,1408700,0.0,0.0
2024-12-04 00:00:00-05:00,2.1700000762939453,2.1700000762939453,2.0199999809265137,2.0350000858306885,1135200,0.0,0.0
2024-12-05 00:00:00-05:00,2.0,2.059999942779541,1.940000057220459,1.9700000286102295,1564600,0.0,0.0
2024-12-06 00:00:00-05:00,2.009999990463257,2.130000114440918,1.9800000190734863,2.130000114440918,1138800,0.0,0.0
2024-12-09 00:00:00-05:00,2.130000114440918,2.259999990463257,2.0999999046325684,2.140000104904175,2090700,0.0,0.0
2024-12-10 00:00:00-05:00,2.109999895095825,2.125,1.9700000286102295,2.0299999713897705,1324200,0.0,0.0
2024-12-11 00:00:00-05:00,2.0799999237060547,2.0799999237060547,1.9500000476837158,2.0199999809265137,979400,0.0,0.0
2024-12-12 00:00:00-05:00,2.0299999713897705,2.0299999713897705,1.909999966621399,1.940000057220459,1234000,0.0,0.0
2024-12-13 00:00:00-05:00,1.940000057220459,1.9500000476837158,1.8200000524520874,1.909999966621399,1283200,0.0,0.0
2024-12-16 00:00:00-05:00,1.8899999856948853,1.9700000286102295,1.850000023841858,1.909999966621399,1297400,0.0,0.0
2024-12-17 00:00:00-05:00,1.8799999952316284,1.9500000476837158,1.850000023841858,1.940000057220459,1201200,0.0,0.0
2024-12-18 00:00:00-05:00,1.9500000476837158,1.9500000476837158,1.7400000095367432,1.7799999713897705,1823800,0.0,0.0
2024-12-19 00:00:00-05:00,1.8300000429153442,1.8300000429153442,1.7200000286102295,1.809999942779541,1188700,0.0,0.0
2024-12-20 00:00:00-05:00,1.7799999713897705,1.8600000143051147,1.7549999952316284,1.7999999523162842,1994400,0.0,0.0
2024-12-23 00:00:00-05:00,1.840000033378601,1.840000033378601,1.7599999904632568,1.7899999618530273,1211000,0.0,0.0
2024-12-24 00:00:00-05:00,1.7899999618530273,1.8049999475479126,1.649999976158142,1.690000057220459,1102800,0.0,0.0
2024-12-26 00:00:00-05:00,1.690000057220459,1.7000000476837158,1.5800000429153442,1.7000000476837158,1473100,0.0,0.0
2024-12-27 00:00:00-05:00,1.690000057220459,1.75,1.6100000143051147,1.6699999570846558,1236900,0.0,0.0
2024-12-30 00:00:00-05:00,1.649999976158142,1.659999966621399,1.5499999523162842,1.6100000143051147,1875600,0.0,0.0
2024-12-31 00:00:00-05:00,1.6100000143051147,1.6150000095367432,1.5399999618530273,1.590000033378601,1714200,0.0,0.0
2025-01-02 00:00:00-05:00,1.6399999856948853,1.774999976158142,1.6100000143051147,1.6799999475479126,1357900,0.0,0.0
2025-01-03 00:00:00-05:00,1.6799999475479126,1.7300000190734863,1.649999976158142,1.7200000286102295,782200,0.0,0.0
2025-01-06 00:00:00-05:00,1.7799999713897705,1.940000057220459,1.75,1.8799999952316284,2006800,0.0,0.0
2025-01-07 00:00:00-05:00,1.9199999570846558,2.0399999618530273,1.8300000429153442,1.8700000047683716,1747100,0.0,0.0
2025-01-08 00:00:00-05:00,1.850000023841858,1.850000023841858,1.684999942779541,1.7200000286102295,1456900,0.0,0.0
2025-01-10 00:00:00-05:00,1.7400000095367432,1.7400000095367432,1.5700000524520874,1.6399999856948853,2086600,0.0,0.0
2025-01-13 00:00:00-05:00,1.7000000476837158,1.7000000476837158,1.5,1.5499999523162842,2773500,0.0,0.0
2025-01-14 00:00:00-05:00,1.5800000429153442,1.6299999952316284,1.5399999618530273,1.559999942779541,1832800,0.0,0.0
2025-01-15 00:00:00-05:00,1.6100000143051147,1.690000057220459,1.534999966621399,1.5700000524520874,1813000,0.0,0.0
2025-01-16 00:00:00-05:00,1.5700000524520874,1.5700000524520874,1.5,1.5399999618530273,877800,0.0,0.0
2025-01-17 00:00:00-05:00,1.5800000429153442,1.5800000429153442,1.5199999809265137,1.5299999713897705,1027700,0.0,0.0
2025-01-21 00:00:00-05:00,1.559999942779541,1.5850000381469727,1.5099999904632568,1.5199999809265137,1371400,0.0,0.0
2025-01-22 00:00:00-05:00,1.5199999809265137,1.5449999570846558,1.5099999904632568,1.5199999809265137,1122400,0.0,0.0
2025-01-23 00:00:00-05:00,1.5099999904632568,1.534999966621399,1.4700000286102295,1.5199999809265137,1225300,0.0,0.0
2025-01-24 00:00:00-05:00,1.5399999618530273,1.5499999523162842,1.5,1.5099999904632568,1049500,0.0,0.0
2025-01-27 00:00:00-05:00,1.4800000190734863,1.5399999618530273,1.4299999475479126,1.4800000190734863,1196000,0.0,0.0
2025-01-28 00:00:00-05:00,1.5,1.5,1.399999976158142,1.399999976158142,1296300,0.0,0.0
2025-01-29 00:00:00-05:00,1.4199999570846558,1.4199999570846558,1.3300000429153442,1.340000033378601,2692300,0.0,0.0
2025-01-30 00:00:00-05:00,1.3700000047683716,1.3700000047683716,1.2999999523162842,1.309999942779541,1677500,0.0,0.0
2025-01-31 00:00:00-05:00,1.3799999952316284,1.5700000524520874,1.3200000524520874,1.4299999475479126,3666300,0.0,0.0
2025-02-03 00:00:00-05:00,1.3799999952316284,1.409999966621399,1.340000033378601,1.3700000047683716,1505700,0.0,0.0
2025-02-04 00:00:00-05:00,1.399999976158142,1.4199999570846558,1.350000023841858,1.399999976158142,1156100,0.0,0.0
2025-02-05 00:00:00-05:00,1.399999976158142,1.4800000190734863,1.38100004196167,1.4600000381469727,999800,0.0,0.0
2025-02-06 00:00:00-05:00,1.4700000286102295,1.4900000095367432,1.4199999570846558,1.4199999570846558,920500,0.0,0.0
2025-02-07 00:00:00-05:00,1.409999966621399,1.4199999570846558,1.350000023841858,1.350000023841858,682800,0.0,0.0
2025-02-10 00:00:00-05:00,1.3700000047683716,1.3849999904632568,1.3200000524520874,1.3200000524520874,845000,0.0,0.0
2025-02-11 00:00:00-05:00,1.340000033378601,1.340000033378601,1.2200000286102295,1.2599999904632568,1745200,0.0,0.0
2025-02-12 00:00:00-05:00,1.2599999904632568,1.2999999523162842,1.2200000286102295,1.2899999618530273,633800,0.0,0.0
2025-02-13 00:00:00-05:00,1.2999999523162842,1.3200000524520874,1.2599999904632568,1.309999942779541,560200,0.0,0.0
2025-02-14 00:00:00-05:00,1.350000023841858,1.4199999570846558,1.3200000524520874,1.350000023841858,1184800,0.0,0.0
2025-02-18 00:00:00-05:00,1.340000033378601,1.4600000381469727,1.3300000429153442,1.4199999570846558,1655700,0.0,0.0
2025-02-19 00:00:00-05:00,1.399999976158142,1.4550000429153442,1.3700000047683716,1.4299999475479126,993400,0.0,0.0
2025-02-20 00:00:00-05:00,1.4199999570846558,1.4199999570846558,1.3600000143051147,1.409999966621399,547800,0.0,0.0
2025-02-21 00:00:00-05:00,1.4199999570846558,1.4299999475479126,1.2999999523162842,1.309999942779541,784300,0.0,0.0
2025-02-24 00:00:00-05:00,1.2999999523162842,1.3600000143051147,1.2799999713897705,1.2799999713897705,1007200,0.0,0.0
2025-02-25 00:00:00-05:00,1.2799999713897705,1.2799999713897705,1.2000000476837158,1.2400000095367432,1130000,0.0,0.0
2025-02-26 00:00:00-05:00,1.25,1.25,1.1749999523162842,1.2000000476837158,1727900,0.0,0.0
2025-02-27 00:00:00-05:00,1.2000000476837158,1.2400000095367432,1.159999966621399,1.159999966621399,970400,0.0,0.0
2025-02-28 00:00:00-05:00,1.1699999570846558,1.190000057220459,1.1100000143051147,1.1699999570846558,1305000,0.0,0.0
2025-03-03 00:00:00-05:00,1.149999976158142,1.1699999570846558,1.0700000524520874,1.0700000524520874,1393200,0.0,0.0
2025-03-04 00:00:00-05:00,1.0499999523162842,1.1349999904632568,1.0119999647140503,1.100000023841858,1190300,0.0,0.0
2025-03-05 00:00:00-05:00,1.1200000047683716,1.159999966621399,1.0800000429153442,1.149999976158142,1059700,0.0,0.0
2025-03-06 00:00:00-05:00,1.149999976158142,1.159999966621399,1.100000023841858,1.159999966621399,694000,0.0,0.0
2025-03-07 00:00:00-05:00,1.159999966621399,1.1699999570846558,1.1100000143051147,1.159999966621399,555600,0.0,0.0
2025-03-10 00:00:00-04:00,1.149999976158142,1.159999966621399,1.0700000524520874,1.1050000190734863,859900,0.0,0.0
2025-03-11 00:00:00-04:00,1.1200000047683716,1.1299999952316284,1.0199999809265137,1.0700000524520874,1023200,0.0,0.0
2025-03-12 00:00:00-04:00,1.0700000524520874,1.1100000143051147,1.0299999713897705,1.059999942779541,637900,0.0,0.0
2025-03-13 00:00:00-04:00,1.0499999523162842,1.0750000476837158,0.9800000190734863,0.9860000014305115,1323000,0.0,0.0
2025-03-14 00:00:00-04:00,1.0199999809265137,1.0299999713897705,1.0,1.0099999904632568,739300,0.0,0.0
2025-03-17 00:00:00-04:00,1.0499999523162842,1.0499999523162842,0.9900000095367432,1.0199999809265137,986400,0.0,0.0
2025-03-18 00:00:00-04:00,1.0299999713897705,1.0499999523162842,0.949999988079071,0.949999988079071,1389600,0.0,0.0
2025-03-19 00:00:00-04:00,0.9610000252723694,0.9869999885559082,0.949999988079071,0.9509999752044678,738300,0.0,0.0
2025-03-20 00:00:00-04:00,0.9599999785423279,1.0199999809265137,0.949999988079071,1.0,592100,0.0,0.0
2025-03-21 00:00:00-04:00,1.0,1.0499999523162842,0.949999988079071,1.0399999618530273,1140800,0.0,0.0
2025-03-24 00:00:00-04:00,1.0199999809265137,1.059999942779541,1.0099999904632568,1.0199999809265137,601300,0.0,0.0
2025-03-25 00:00:00-04:00,1.0399999618530273,1.0399999618530273,0.9190000295639038,0.9599999785423279,1907500,0.0,0.0
2025-03-26 00:00:00-04:00,0.9549999833106995,0.9700000286102295,0.8799999952316284,0.8809999823570251,1248200,0.0,0.0
2025-03-27 00:00:00-04:00,0.8889999985694885,1.0099999904632568,0.8849999904632568,0.9890000224113464,1332300,0.0,0.0
2025-03-28 00:00:00-04:00,0.9929999709129333,1.0,0.925000011920929,0.9390000104904175,644400,0.0,0.0
2025-03-31 00:00:00-04:00,0.9070000052452087,0.9430000185966492,0.8889999985694885,0.9129999876022339,1156400,0.0,0.0
2025-04-01 00:00:00-04:00,0.9380000233650208,0.9380000233650208,0.8360000252723694,0.8410000205039978,808300,0.0,0.0
2025-04-02 00:00:00-04:00,0.8199999928474426,0.8989999890327454,0.7160000205039978,0.8610000014305115,1316800,0.0,0.0
2025-04-03 00:00:00-04:00,0.8240000009536743,0.8500000238418579,0.781000018119812,0.7850000262260437,953800,0.0,0.0
2025-04-04 00:00:00-04:00,0.7409999966621399,0.7839999794960022,0.7009999752044678,0.7680000066757202,1010900,0.0,0.0
2025-04-07 00:00:00-04:00,0.699999988079071,0.7799999713897705,0.6600000262260437,0.7570000290870667,1787300,0.0,0.0
2025-04-08 00:00:00-04:00,0.7940000295639038,0.8489999771118164,0.7680000066757202,0.7900000214576721,978800,0.0,0.0
2025-04-09 00:00:00-04:00,0.800000011920929,0.9800000190734863,0.7649999856948853,0.8960000276565552,1527100,0.0,0.0
2025-04-10 00:00:00-04:00,0.8899999856948853,0.8999999761581421,0.8230000138282776,0.8600000143051147,835500,0.0,0.0
2025-04-11 00:00:00-04:00,0.906000018119812,0.9380000233650208,0.8109999895095825,0.8740000128746033,653300,0.0,0.0
2025-04-14 00:00:00-04:00,0.8999999761581421,0.9200000166893005,0.800000011920929,0.800000011920929,958900,0.0,0.0
2025-04-15 00:00:00-04:00,0.800000011920929,0.8220000267028809,0.7609999775886536,0.7789999842643738,1061300,0.0,0.0
2025-04-16 00:00:00-04:00,0.7639999985694885,0.7799999713897705,0.7099999785423279,0.7329999804496765,915800,0.0,0.0
2025-04-17 00:00:00-04:00,0.7200000286102295,0.781000018119812,0.7200000286102295,0.7350000143051147,997900,0.0,0.0
2025-04-21 00:00:00-04:00,0.7599999904632568,0.8659999966621399,0.75,0.7950000166893005,1252000,0.0,0.0
2025-04-22 00:00:00-04:00,0.8159999847412109,0.8399999737739563,0.800000011920929,0.8360000252723694,917700,0.0,0.0
2025-04-23 00:00:00-04:00,0.8500000238418579,0.8989999890327454,0.8339999914169312,0.8420000076293945,949700,0.0,0.0
2025-04-24 00:00:00-04:00,0.8500000238418579,0.875,0.8299999833106995,0.8730000257492065,624300,0.0,0.0
2025-04-25 00:00:00-04:00,0.8730000257492065,0.8980000019073486,0.7699999809265137,0.7739999890327454,1431200,0.0,0.0
2025-04-28 00:00:00-04:00,0.7699999809265137,0.7979999780654907,0.7300000190734863,0.7720000147819519,3856000,0.0,0.0
2025-04-29 00:00:00-04:00,0.8149999976158142,0.8600000143051147,0.7509999871253967,0.8519999980926514,1195000,0.0,0.0
2025-04-30 00:00:00-04:00,0.8259999752044678,0.8600000143051147,0.8019999861717224,0.8510000109672546,786400,0.0,0.0
2025-05-01 00:00:00-04:00,0.8600000143051147,0.8600000143051147,0.7739999890327454,0.8019999861717224,772100,0.0,0.0
2025-05-02 00:00:00-04:00,0.800000011920929,0.9120000004768372,0.7929999828338623,0.8799999952316284,1023500,0.0,0.0
2025-05-05 00:00:00-04:00,0.8799999952316284,0.906000018119812,0.8399999737739563,0.859000027179718,470600,0.0,0.0
2025-05-06 00:00:00-04:00,0.8399999737739563,0.8460000157356262,0.75,0.7540000081062317,919200,0.0,0.0
2025-05-07 00:00:00-04:00,0.7580000162124634,0.7680000066757202,0.7400000095367432,0.7599999904632568,453400,0.0,0.0
2025-05-08 00:00:00-04:00,0.7850000262260437,0.8080000281333923,0.7300000190734863,0.7900000214576721,554200,0.0,0.0
2025-05-09 00:00:00-04:00,0.7900000214576721,0.8659999966621399,0.7519999742507935,0.7739999890327454,932800,0.0,0.0
2025-05-12 00:00:00-04:00,0.800000011920929,0.8489999771118164,0.7900000214576721,0.8180000185966492,856400,0.0,0.0
2025-05-13 00:00:00-04:00,0.8220000267028809,0.8220000267028809,0.7799999713897705,0.7829999923706055,797500,0.0,0.0
2025-05-14 00:00:00-04:00,0.800000011920929,0.8399999737739563,0.7699999809265137,0.8190000057220459,1178100,0.0,0.0
2025-05-15 00:00:00-04:00,0.800000011920929,0.8399999737739563,0.7689999938011169,0.8399999737739563,701600,0.0,0.0
2025-05-16 00:00:00-04:00,0.8299999833106995,0.9390000104904175,0.8199999928474426,0.9380000233650208,1195100,0.0,0.0
2025-05-19 00:00:00-04:00,0.9390000104904175,1.0499999523162842,0.9179999828338623,1.0499999523162842,1099100,0.0,0.0
2025-05-20 00:00:00-04:00,1.059999942779541,1.1200000047683716,1.0099999904632568,1.100000023841858,1382100,0.0,0.0
2025-05-21 00:00:00-04:00,1.0800000429153442,1.0800000429153442,0.984000027179718,1.0149999856948853,817900,0.0,0.0
2025-05-22 00:00:00-04:00,1.0299999713897705,1.100000023841858,1.0,1.0950000286102295,567400,0.0,0.0
2025-05-23 00:00:00-04:00,1.0499999523162842,1.090000033378601,1.0199999809265137,1.0199999809265137,458300,0.0,0.0
2025-05-27 00:00:00-04:00,1.0499999523162842,1.1100000143051147,1.024999976158142,1.090000033378601,1235600,0.0,0.0
2025-05-28 00:00:00-04:00,1.0700000524520874,1.2100000381469727,1.0399999618530273,1.1200000047683716,1566400,0.0,0.0
2025-05-29 00:00:00-04:00,1.159999966621399,1.2000000476837158,1.090000033378601,1.159999966621399,1389100,0.0,0.0
2025-05-30 00:00:00-04:00,1.1399999856948853,1.1549999713897705,1.0299999713897705,1.059999942779541,1260700,0.0,0.0
2025-06-02 00:00:00-04:00,1.059999942779541,1.0750000476837158,0.9610000252723694,0.9750000238418579,2428200,0.0,0.0
2025-06-03 00:00:00-04:00,1.0199999809265137,1.090000033378601,0.9570000171661377,1.0499999523162842,1255200,0.0,0.0
2025-06-04 00:00:00-04:00,1.0399999618530273,1.1399999856948853,1.0199999809265137,1.1299999952316284,912900,0.0,0.0
2025-06-05 00:00:00-04:00,1.1399999856948853,1.1399999856948853,1.0750000476837158,1.090000033378601,446500,0.0,0.0
2025-06-06 00:00:00-04:00,1.1100000143051147,1.3250000476837158,1.1100000143051147,1.2599999904632568,2030300,0.0,0.0
2025-06-09 00:00:00-04:00,1.2699999809265137,1.309999942779541,1.2400000095367432,1.2699999809265137,1117600,0.0,0.0
2025-06-10 00:00:00-04:00,1.2999999523162842,1.3049999475479126,1.2050000429153442,1.2200000286102295,1891600,0.0,0.0
2025-06-11 00:00:00-04:00,1.2400000095367432,1.2649999856948853,1.1749999523162842,1.1799999475479126,1032200,0.0,0.0
2025-06-12 00:00:00-04:00,1.2000000476837158,1.2000000476837158,1.1299999952316284,1.159999966621399,886800,0.0,0.0
2025-06-13 00:00:00-04:00,1.1299999952316284,1.159999966621399,1.090000033378601,1.1100000143051147,1163500,0.0,0.0
2025-06-16 00:00:00-04:00,1.0800000429153442,1.1399999856948853,1.0399999618530273,1.1200000047683716,1076300,0.0,0.0
2025-06-17 00:00:00-04:00,1.1699999570846558,1.2200000286102295,1.1349999904632568,1.159999966621399,1206800,0.0,0.0
2025-06-18 00:00:00-04:00,1.159999966621399,1.309999942779541,1.1200000047683716,1.2799999713897705,1255700,0.0,0.0
2025-06-20 00:00:00-04:00,1.3300000429153442,1.3650000095367432,1.25,1.340000033378601,2077300,0.0,0.0
2025-06-23 00:00:00-04:00,1.340000033378601,1.3550000190734863,1.2009999752044678,1.3200000524520874,1320000,0.0,0.0
2025-06-24 00:00:00-04:00,1.3600000143051147,1.440000057220459,1.3250000476837158,1.409999966621399,1086700,0.0,0.0
2025-06-25 00:00:00-04:00,1.4299999475479126,1.4299999475479126,1.3450000286102295,1.4199999570846558,930500,0.0,0.0
2025-06-26 00:00:00-04:00,1.4199999570846558,1.4199999570846558,1.2949999570846558,1.350000023841858,1368000,0.0,0.0
2025-06-27 00:00:00-04:00,1.3799999952316284,1.3799999952316284,1.2599999904632568,1.2599999904632568,12140700,0.0,0.0
2025-06-30 00:00:00-04:00,1.2799999713897705,1.3200000524520874,1.25,1.2599999904632568,853500,0.0,0.0
2025-07-01 00:00:00-04:00,1.2599999904632568,1.3200000524520874,1.2200000286102295,1.25,923000,0.0,0.0
2025-07-02 00:00:00-04:00,1.2599999904632568,1.3799999952316284,1.2400000095367432,1.3700000047683716,1515800,0.0,0.0
2025-07-03 00:00:00-04:00,1.3799999952316284,1.4249999523162842,1.340000033378601,1.3700000047683716,746500,0.0,0.0
2025-07-07 00:00:00-04:00,1.3600000143051147,1.409999966621399,1.3350000381469727,1.3899999856948853,1642700,0.0,0.0
2025-07-08 00:00:00-04:00,1.440000057220459,1.6399999856948853,1.4249999523162842,1.600000023841858,2573100,0.0,0.0
2025-07-09 00:00:00-04:00,1.6299999952316284,1.7799999713897705,1.600000023841858,1.75,2285600,0.0,0.0
2025-07-10 00:00:00-04:00,1.7899999618530273,1.7899999618530273,1.6699999570846558,1.7400000095367432,1620800,0.0,0.0
2025-07-11 00:00:00-04:00,1.7100000381469727,1.715000033378601,1.6200000047683716,1.6299999952316284,1157200,0.0,0.0
2025-07-14 00:00:00-04:00,1.6299999952316284,1.7699999809265137,1.621999979019165,1.7000000476837158,1626200,0.0,0.0
2025-07-15 00:00:00-04:00,1.7200000286102295,1.7699999809265137,1.6050000190734863,1.6100000143051147,1158000,0.0,0.0
2025-07-16 00:00:00-04:00,1.6649999618530273,1.850000023841858,1.6399999856948853,1.8300000429153442,1731800,0.0,0.0
2025-07-17 00:00:00-04:00,1.850000023841858,1.9249999523162842,1.7940000295639038,1.8300000429153442,1640100,0.0,0.0
2025-07-18 00:00:00-04:00,1.8700000047683716,2.130000114440918,1.8350000381469727,2.049999952316284,2979800,0.0,0.0
2025-07-21 00:00:00-04:00,2.0999999046325684,2.3399999141693115,2.049999952316284,2.069999933242798,2558700,0.0,0.0
2025-07-22 00:00:00-04:00,2.069999933242798,2.390000104904175,2.0299999713897705,2.369999885559082,2480700,0.0,0.0
2025-07-23 00:00:00-04:00,2.380000114440918,2.6600000858306885,2.2799999713897705,2.4800000190734863,3027100,0.0,0.0
2025-07-24 00:00:00-04:00,2.5399999618530273,2.549999952316284,2.319999933242798,2.369999885559082,2090000,0.0,0.0
2025-07-25 00:00:00-04:00,2.200000047683716,2.3399999141693115,2.1710000038146973,2.2799999713897705,1755400,0.0,0.0
2025-07-28 00:00:00-04:00,2.309999942779541,2.309999942779541,2.1600000858306885,2.2899999618530273,1804600,0.0,0.0
2025-07-29 00:00:00-04:00,2.25,2.2699999809265137,1.899999976158142,1.9600000381469727,3556400,0.0,0.0
2025-07-30 00:00:00-04:00,2.0299999713897705,2.140000104904175,1.9950000047683716,2.049999952316284,1663600,0.0,0.0
2025-07-31 00:00:00-04:00,2.0199999809265137,2.1689999103546143,1.9919999837875366,2.0299999713897705,1449200,0.0,0.0
2025-08-01 00:00:00-04:00,1.9500000476837158,1.9900000095367432,1.8600000143051147,1.9500000476837158,1252300,0.0,0.0
2025-08-04 00:00:00-04:00,2.0450000762939453,2.130000114440918,1.940999984741211,2.0999999046325684,992300,0.0,0.0
2025-08-05 00:00:00-04:00,2.109999895095825,2.109999895095825,1.9950000047683716,2.0399999618530273,1176300,0.0,0.0
2025-08-06 00:00:00-04:00,2.049999952316284,2.049999952316284,1.850000023841858,1.8799999952316284,1426400,0.0,0.0
2025-08-07 00:00:00-04:00,1.8899999856948853,1.9199999570846558,1.7899999618530273,1.809999942779541,1143000,0.0,0.0
2025-08-08 00:00:00-04:00,1.8600000143051147,1.8700000047683716,1.715000033378601,1.7300000190734863,658700,0.0,0.0
2025-08-11 00:00:00-04:00,1.7000000476837158,1.7699999809265137,1.6799999475479126,1.7100000381469727,644500,0.0,0.0
2025-08-12 00:00:00-04:00,1.7100000381469727,1.7899999618530273,1.7050000429153442,1.7899999618530273,714200,0.0,0.0
2025-08-13 00:00:00-04:00,1.7200000286102295,1.9500000476837158,1.6200000047683716,1.9500000476837158,1490400,0.0,0.0
2025-08-14 00:00:00-04:00,1.9199999570846558,2.0199999809265137,1.8300000429153442,2.0,1277800,0.0,0.0
2025-08-15 00:00:00-04:00,2.0,2.0899999141693115,1.9500000476837158,1.9800000190734863,1109000,0.0,0.0
2025-08-18 00:00:00-04:00,1.9800000190734863,2.0,1.8650000095367432,1.8700000047683716,1375800,0.0,0.0
2025-08-19 00:00:00-04:00,1.8899999856948853,1.9049999713897705,1.7300000190734863,1.7699999809265137,890000,0.0,0.0
2025-08-20 00:00:00-04:00,1.7899999618530273,1.815000057220459,1.7350000143051147,1.7999999523162842,474300,0.0,0.0
2025-08-21 00:00:00-04:00,1.7799999713897705,1.840000033378601,1.7400000095367432,1.840000033378601,564200,0.0,0.0
2025-08-22 00:00:00-04:00,1.840000033378601,1.965000033378601,1.8200000524520874,1.850000023841858,1397700,0.0,0.0
2025-08-25 00:00:00-04:00,1.8200000524520874,1.8899999856948853,1.7999999523162842,1.8799999952316284,542300,0.0,0.0
2025-08-26 00:00:00-04:00,1.899999976158142,2.0199999809265137,1.8799999952316284,2.0,891700,0.0,0.0
2025-08-27 00:00:00-04:00,2.0199999809265137,2.1589999198913574,1.9450000524520874,1.9800000190734863,1304600,0.0,0.0
2025-08-28 00:00:00-04:00,2.0199999809265137,2.0899999141693115,1.909999966621399,1.940000057220459,958700,0.0,0.0
2025-08-29 00:00:00-04:00,1.9299999475479126,1.9500000476837158,1.8350000381469727,1.8700000047683716,486500,0.0,0.0
2025-09-02 00:00:00-04:00,1.8600000143051147,1.9600000381469727,1.8350000381469727,1.8799999952316284,500000,0.0,0.0
2025-09-03 00:00:00-04:00,1.8799999952316284,1.940999984741211,1.850000023841858,1.8899999856948853,383200,0.0,0.0
2025-09-04 00:00:00-04:00,1.909999966621399,1.909999966621399,1.7799999713897705,1.850000023841858,543800,0.0,0.0
2025-09-05 00:00:00-04:00,1.850000023841858,1.8990000486373901,1.8049999475479126,1.8700000047683716,482100,0.0,0.0
2025-09-08 00:00:00-04:00,1.8600000143051147,1.878999948501587,1.7999999523162842,1.809999942779541,456800,0.0,0.0
2025-09-09 00:00:00-04:00,1.8200000524520874,1.850000023841858,1.7699999809265137,1.840000033378601,444400,0.0,0.0
2025-09-10 00:00:00-04:00,1.840000033378601,1.8600000143051147,1.7799999713897705,1.7799999713897705,397100,0.0,0.0
2025-09-11 00:00:00-04:00,1.7999999523162842,1.9199999570846558,1.7999999523162842,1.909999966621399,580400,0.0,0.0
2025-09-12 00:00:00-04:00,1.899999976158142,1.909999966621399,1.7899999618530273,1.7999999523162842,578300,0.0,0.0
2025-09-15 00:00:00-04:00,1.840000033378601,1.850000023841858,1.7799999713897705,1.8300000429153442,419600,0.0,0.0
2025-09-16 00:00:00-04:00,1.8200000524520874,1.940000057220459,1.7899999618530273,1.7999999523162842,1063100,0.0,0.0
2025-09-17 00:00:00-04:00,1.809999942779541,1.850000023841858,1.715000033378601,1.7200000286102295,1009800,0.0,0.0
2025-09-18 00:00:00-04:00,1.7400000095367432,1.840000033378601,1.7400000095367432,1.7799999713897705,1975700,0.0,0.0
2025-09-19 00:00:00-04:00,1.809999942779541,1.809999942779541,1.6799999475479126,1.690000057220459,1102400,0.0,0.0
2025-09-22 00:00:00-04:00,1.75,1.965000033378601,1.690000057220459,1.9299999475479126,1359300,0.0,0.0
2025-09-23 00:00:00-04:00,1.9700000286102295,1.9700000286102295,1.850000023841858,1.8600000143051147,902500,0.0,0.0
2025-09-24 00:00:00-04:00,1.8600000143051147,2.180000066757202,1.8600000143051147,2.130000114440918,2177100,0.0,0.0
2025-09-25 00:00:00-04:00,2.0999999046325684,2.109999895095825,1.899999976158142,1.9299999475479126,1263000,0.0,0.0
2025-09-26 00:00:00-04:00,1.9299999475479126,2.1600000858306885,1.8450000286102295,2.130000114440918,1585100,0.0,0.0
2025-09-29 00:00:00-04:00,2.180000066757202,2.309999942779541,2.1010000705718994,2.299999952316284,1582300,0.0,0.0
2025-09-30 00:00:00-04:00,2.309999942779541,2.369999885559082,2.190000057220459,2.3299999237060547,1162200,0.0,0.0
2025-10-01 00:00:00-04:00,2.319999933242798,2.390000104904175,2.234999895095825,2.259999990463257,1631700,0.0,0.0
2025-10-02 00:00:00-04:00,2.2799999713897705,2.359999895095825,2.1700000762939453,2.2300000190734863,1386400,0.0,0.0
2025-10-03 00:00:00-04:00,2.259999990463257,2.3399999141693115,2.180000066757202,2.2699999809265137,1344200,0.0,0.0
2025-10-06 00:00:00-04:00,2.299999952316284,2.369999885559082,2.25,2.3399999141693115,817400,0.0,0.0
2025-10-07 00:00:00-04:00,2.359999895095825,2.440000057220459,2.240000009536743,2.430000066757202,1434100,0.0,0.0
2025-10-08 00:00:00-04:00,2.440000057220459,2.744999885559082,2.4000000953674316,2.680000066757202,2722800,0.0,0.0
2025-10-09 00:00:00-04:00,2.759999990463257,2.869999885559082,2.700000047683716,2.75,1482200,0.0,0.0
2025-10-10 00:00:00-04:00,2.759999990463257,2.7699999809265137,2.430000066757202,2.490000009536743,1711700,0.0,0.0
2025-10-13 00:00:00-04:00,2.549999952316284,2.5999999046325684,2.369999885559082,2.380000114440918,767300,0.0,0.0
2025-10-14 00:00:00-04:00,2.3299999237060547,2.509999990463257,2.2699999809265137,2.440000057220459,1030500,0.0,0.0
2025-10-15 00:00:00-04:00,2.4649999141693115,2.8399999141693115,2.430000066757202,2.8399999141693115,1963100,0.0,0.0
2025-10-16 00:00:00-04:00,2.8299999237060547,2.940000057220459,2.640000104904175,2.6700000762939453,951200,0.0,0.0
2025-10-17 00:00:00-04:00,2.630000114440918,2.700000047683716,2.5799999237060547,2.630000114440918,668900,0.0,0.0
2025-10-20 00:00:00-04:00,2.700000047683716,2.924999952316284,2.680000066757202,2.819999933242798,1174100,0.0,0.0
2025-10-21 00:00:00-04:00,2.8299999237060547,2.9700000286102295,2.75,2.8399999141693115,1132100,0.0,0.0
2025-10-22 00:00:00-04:00,2.8299999237060547,2.8499999046325684,2.440000057220459,2.5299999713897705,1421100,0.0,0.0
2025-10-23 00:00:00-04:00,2.5199999809265137,2.5899999141693115,2.4700000286102295,2.5,377100,0.0,0.0
2025-10-24 00:00:00-04:00,2.569999933242798,2.5999999046325684,2.450000047683716,2.490000009536743,656700,0.0,0.0
2025-10-27 00:00:00-04:00,2.509999990463257,2.515000104904175,2.3450000286102295,2.450000047683716,838500,0.0,0.0
2025-10-28 00:00:00-04:00,2.4600000381469727,2.5899999141693115,2.4000000953674316,2.4700000286102295,615600,0.0,0.0
2025-10-29 00:00:00-04:00,2.4800000190734863,2.490000009536743,2.3550000190734863,2.369999885559082,532700,0.0,0.0
2025-10-30 00:00:00-04:00,2.3499999046325684,2.438999891281128,2.319999933242798,2.319999933242798,474500,0.0,0.0
2025-10-31 00:00:00-04:00,2.309999942779541,2.4700000286102295,2.2750000953674316,2.4200000762939453,564400,0.0,0.0
2025-11-03 00:00:00-05:00,3.4000000953674316,3.5350000858306885,2.380000114440918,2.430000066757202,68354900,0.0,0.0
2025-11-04 00:00:00-05:00,2.4000000953674316,2.4700000286102295,2.130000114440918,2.1700000762939453,5149900,0.0,0.0
2025-11-05 00:00:00-05:00,2.2799999713897705,2.2899999618530273,2.0899999141693115,2.190000057220459,2121600,0.0,0.0
2025-11-06 00:00:00-05:00,2.25,2.259999990463257,2.0799999237060547,2.140000104904175,1851600,0.0,0.0
2025-11-07 00:00:00-05:00,2.0199999809265137,2.119999885559082,1.9299999475479126,2.0899999141693115,2962000,0.0,0.0
2025-11-10 00:00:00-05:00,2.140000104904175,2.259999990463257,2.009999990463257,2.069999933242798,1993700,0.0,0.0
2025-11-11 00:00:00-05:00,2.049999952316284,2.255000114440918,2.0399999618530273,2.240000009536743,1493300,0.0,0.0
2025-11-12 00:00:00-05:00,2.240000009536743,2.2699999809265137,2.109999895095825,2.259999990463257,1492700,0.0,0.0
2025-11-13 00:00:00-05:00,2.299999952316284,2.299999952316284,1.9600000381469727,1.9850000143051147,1922100,0.0,0.0
2025-11-14 00:00:00-05:00,1.940000057220459,2.069999933242798,1.9199999570846558,1.9900000095367432,1379400,0.0,0.0
2025-11-17 00:00:00-05:00,1.9800000190734863,2.006999969482422,1.850000023841858,1.8899999856948853,1353100,0.0,0.0
2025-11-18 00:00:00-05:00,1.8700000047683716,1.9149999618530273,1.8300000429153442,1.8700000047683716,1196700,0.0,0.0
2025-11-19 00:00:00-05:00,1.850000023841858,1.8899999856948853,1.8049999475479126,1.8200000524520874,924100,0.0,0.0
2025-11-20 00:00:00-05:00,1.840000033378601,1.9199999570846558,1.7200000286102295,1.75,1533200,0.0,0.0
2025-11-21 00:00:00-05:00,1.7400000095367432,1.8600000143051147,1.7300000190734863,1.75,1186500,0.0,0.0
2025-11-24 00:00:00-05:00,1.7599999904632568,1.8700000047683716,1.75,1.8700000047683716,1004400,0.0,0.0
2025-11-25 00:00:00-05:00,1.8700000047683716,1.8899999856948853,1.7599999904632568,1.8700000047683716,1074600,0.0,0.0
2025-11-26 00:00:00-05:00,1.8600000143051147,1.8949999809265137,1.7999999523162842,1.8799999952316284,797600,0.0,0.0
2025-11-28 00:00:00-05:00,1.899999976158142,1.9700000286102295,1.8700000047683716,1.940000057220459,407400,0.0,0.0
2025-12-01 00:00:00-05:00,1.8899999856948853,1.8899999856948853,1.7599999904632568,1.7699999809265137,1161500,0.0,0.0
2025-12-02 00:00:00-05:00,1.7799999713897705,1.8250000476837158,1.7450000047683716,1.7599999904632568,942200,0.0,0.0
2025-12-03 00:00:00-05:00,1.7599999904632568,1.8700000047683716,1.7599999904632568,1.8600000143051147,808200,0.0,0.0
2025-12-04 00:00:00-05:00,1.8700000047683716,1.965000033378601,1.840000033378601,1.940000057220459,954200,0.0,0.0
2025-12-05 00:00:00-05:00,1.9299999475479126,1.9500000476837158,1.8550000190734863,1.899999976158142,726600,0.0,0.0
2025-12-08 00:00:00-05:00,1.9199999570846558,1.9550000429153442,1.8600000143051147,1.8899999856948853,1022200,0.0,0.0
2025-12-09 00:00:00-05:00,1.899999976158142,1.899999976158142,1.8350000381469727,1.8700000047683716,719400,0.0,0.0
2025-12-10 00:00:00-05:00,1.8700000047683716,1.909999966621399,1.815000057220459,1.899999976158142,929700,0.0,0.0
2025-12-11 00:00:00-05:00,1.8799999952316284,1.899999976158142,1.8200000524520874,1.8600000143051147,1055300,0.0,0.0
2025-12-12 00:00:00-05:00,1.8600000143051147,1.875,1.7899999618530273,1.7899999618530273,1136100,0.0,0.0
2025-12-15 00:00:00-05:00,1.840000033378601,1.850000023841858,1.7100000381469727,1.7100000381469727,1182100,0.0,0.0
2025-12-16 00:00:00-05:00,1.7200000286102295,1.7400000095367432,1.649999976158142,1.690000057220459,1029500,0.0,0.0
2025-12-17 00:00:00-05:00,1.690000057220459,1.7300000190734863,1.6200000047683716,1.6200000047683716,956200,0.0,0.0
2025-12-18 00:00:00-05:00,1.6299999952316284,1.7450000047683716,1.6200000047683716,1.6299999952316284,1098100,0.0,0.0
2025-12-19 00:00:00-05:00,1.6399999856948853,1.7000000476837158,1.6200000047683716,1.6799999475479126,1865700,0.0,0.0
2025-12-22 00:00:00-05:00,1.7000000476837158,1.7350000143051147,1.6699999570846558,1.7200000286102295,689800,0.0,0.0
2025-12-23 00:00:00-05:00,1.7200000286102295,1.7200000286102295,1.6299999952316284,1.659999966621399,891800,0.0,0.0
2025-12-24 00:00:00-05:00,1.649999976158142,1.7300000190734863,1.6399999856948853,1.7200000286102295,333000,0.0,0.0
2025-12-26 00:00:00-05:00,1.7000000476837158,1.7200000286102295,1.6449999809265137,1.7000000476837158,780200,0.0,0.0
2025-12-29 00:00:00-05:00,1.690000057220459,1.7100000381469727,1.6399999856948853,1.649999976158142,1107800,0.0,0.0
2025-12-30 00:00:00-05:00,1.6399999856948853,1.649999976158142,1.5800000429153442,1.590000033378601,1117500,0.0,0.0
2025-12-31 00:00:00-05:00,1.5700000524520874,1.6050000190734863,1.5549999475479126,1.590000033378601,1249400,0.0,0.0
2026-01-02 00:00:00-05:00,1.590000033378601,1.600000023841858,1.5399999618530273,1.590000033378601,881900,0.0,0.0
2026-01-05 00:00:00-05:00,1.590000033378601,1.6150000095367432,1.5399999618530273,1.6100000143051147,726800,0.0,0.0
2026-01-06 00:00:00-05:00,1.6200000047683716,1.7200000286102295,1.6100000143051147,1.7200000286102295,858100,0.0,0.0
2026-01-07 00:00:00-05:00,1.7200000286102295,1.7999999523162842,1.6950000524520874,1.7699999809265137,1006400,0.0,0.0
2026-01-08 00:00:00-05:00,1.7599999904632568,1.7649999856948853,1.6799999475479126,1.690000057220459,493300,0.0,0.0
2026-01-09 00:00:00-05:00,1.7200000286102295,1.7300000190734863,1.6399999856948853,1.659999966621399,711600,0.0,0.0
2026-01-12 00:00:00-05:00,1.6399999856948853,1.649999976158142,1.5199999809265137,1.5800000429153442,2562400,0.0,0.0
2026-01-13 00:00:00-05:00,1.600000023841858,1.6399999856948853,1.5609999895095825,1.590000033378601,1035700,0.0,0.0
2026-01-14 00:00:00-05:00,1.600000023841858,1.6200000047683716,1.5800000429153442,1.6100000143051147,724300,0.0,0.0
2026-01-15 00:00:00-05:00,1.6200000047683716,1.6299999952316284,1.5499999523162842,1.559999942779541,1049300,0.0,0.0
2026-01-16 00:00:00-05:00,1.5499999523162842,1.565000057220459,1.4500000476837158,1.4600000381469727,2637100,0.0,0.0
2026-01-20 00:00:00-05:00,1.440000057220459,1.4500000476837158,1.3899999856948853,1.3899999856948853,1543500,0.0,0.0
2026-01-21 00:00:00-05:00,1.399999976158142,1.5,1.399999976158142,1.4900000095367432,1394800,0.0,0.0
2026-01-22 00:00:00-05:00,1.4950000047683716,1.649999976158142,1.4800000190734863,1.6200000047683716,1079400,0.0,0.0
2026-01-23 00:00:00-05:00,1.6100000143051147,1.6299999952316284,1.5299999713897705,1.5299999713897705,957300,0.0,0.0
2026-01-26 00:00:00-05:00,1.5199999809265137,1.5299999713897705,1.4700000286102295,1.5299999713897705,784100,0.0,0.0
2026-01-27 00:00:00-05:00,1.5299999713897705,1.5800000429153442,1.5149999856948853,1.5499999523162842,488100,0.0,0.0
2026-01-28 00:00:00-05:00,1.559999942779541,1.559999942779541,1.4910000562667847,1.5199999809265137,633400,0.0,0.0
2026-01-29 00:00:00-05:00,1.5299999713897705,1.5299999713897705,1.465000033378601,1.4800000190734863,666000,0.0,0.0
2026-01-30 00:00:00-05:00,1.4600000381469727,1.4700000286102295,1.3899999856948853,1.409999966621399,789900,0.0,0.0
2026-02-02 00:00:00-05:00,1.399999976158142,1.4800000190734863,1.3799999952316284,1.4600000381469727,1157500,0.0,0.0
2026-02-03 00:00:00-05:00,1.5549999475479126,1.7400000095367432,1.4800000190734863,1.559999942779541,2391300,0.0,0.0
2026-02-04 00:00:00-05:00,1.590000033378601,1.6399999856948853,1.4900000095367432,1.6200000047683716,2184500,0.0,0.0
2026-02-05 00:00:00-05:00,1.600000023841858,1.6449999809265137,1.4500000476837158,1.4800000190734863,1268100,0.0,0.0
2026-02-06 00:00:00-05:00,1.5199999809265137,1.5800000429153442,1.4950000047683716,1.5700000524520874,1015700,0.0,0.0
2026-02-09 00:00:00-05:00,1.5800000429153442,1.649999976158142,1.5299999713897705,1.6299999952316284,760800,0.0,0.0
2026-02-10 00:00:00-05:00,1.6299999952316284,1.6299999952316284,1.5700000524520874,1.5700000524520874,1357400,0.0,0.0
2026-02-11 00:00:00-05:00,1.5800000429153442,1.600000023841858,1.475000023841858,1.590000033378601,1120900,0.0,0.0
2026-02-12 00:00:00-05:00,1.590000033378601,1.590000033378601,1.4700000286102295,1.5199999809265137,800400,0.0,0.0
2026-02-13 00:00:00-05:00,1.5199999809265137,1.6399999856948853,1.5199999809265137,1.5800000429153442,1515400,0.0,0.0
2026-02-17 00:00:00-05:00,1.5700000524520874,1.5800000429153442,1.5099999904632568,1.5499999523162842,628900,0.0,0.0
2026-02-18 00:00:00-05:00,1.5499999523162842,1.6200000047683716,1.5299999713897705,1.6200000047683716,681500,0.0,0.0
2026-02-19 00:00:00-05:00,1.6100000143051147,1.7699999809265137,1.5800000429153442,1.7599999904632568,1402800,0.0,0.0
2026-02-20 00:00:00-05:00,1.75,1.850000023841858,1.7100000381469727,1.7999999523162842,1762800,0.0,0.0
2026-02-23 00:00:00-05:00,1.7999999523162842,1.9299999475479126,1.7799999713897705,1.9199999570846558,1864500,0.0,0.0
2026-02-24 00:00:00-05:00,1.8949999809265137,2.2200000286102295,1.8700000047683716,2.140000104904175,4617500,0.0,0.0
2026-02-25 00:00:00-05:00,2.1500000953674316,2.180000066757202,1.9199999570846558,1.9500000476837158,2541800,0.0,0.0
2026-02-26 00:00:00-05:00,1.9299999475479126,2.015000104904175,1.8700000047683716,1.9900000095367432,1217200,0.0,0.0
2026-02-27 00:00:00-05:00,1.9500000476837158,2.009999990463257,1.8899999856948853,1.899999976158142,1371600,0.0,0.0
2026-03-02 00:00:00-05:00,1.7799999713897705,1.8849999904632568,1.7599999904632568,1.840000033378601,1148300,0.0,0.0
2026-03-03 00:00:00-05:00,1.7999999523162842,1.8049999475479126,1.725000023841858,1.7599999904632568,839100,0.0,0.0
2026-03-04 00:00:00-05:00,1.7799999713897705,1.8600000143051147,1.7400000095367432,1.7999999523162842,745100,0.0,0.0
2026-03-05 00:00:00-05:00,1.7899999618530273,1.815000057220459,1.6649999618530273,1.7100000381469727,1101400,0.0,0.0
2026-03-06 00:00:00-05:00,1.659999966621399,1.8300000429153442,1.659999966621399,1.8200000524520874,1294500,0.0,0.0
2026-03-09 00:00:00-04:00,1.7899999618530273,2.0,1.7899999618530273,1.9700000286102295,1634600,0.0,0.0
2026-03-10 00:00:00-04:00,2.0,2.059999942779541,1.9600000381469727,2.0299999713897705,2310000,0.0,0.0
2026-03-11 00:00:00-04:00,2.0,2.0199999809265137,1.9249999523162842,1.9700000286102295,995900,0.0,0.0
2026-03-12 00:00:00-04:00,1.9299999475479126,1.9500000476837158,1.8600000143051147,1.8899999856948853,700500,0.0,0.0
2026-03-13 00:00:00-04:00,1.9199999570846558,1.9299999475479126,1.840000033378601,1.8799999952316284,760700,0.0,0.0
2026-03-16 00:00:00-04:00,1.8899999856948853,2.0,1.8600000143051147,1.8700000047683716,1351200,0.0,0.0
2026-03-17 00:00:00-04:00,1.8799999952316284,1.9700000286102295,1.8600000143051147,1.9700000286102295,930300,0.0,0.0
2026-03-18 00:00:00-04:00,1.9600000381469727,2.005000114440918,1.8899999856948853,1.909999966621399,1027600,0.0,0.0
2026-03-19 00:00:00-04:00,1.8700000047683716,1.9800000190734863,1.8300000429153442,1.9700000286102295,1554200,0.0,0.0
2026-03-20 00:00:00-04:00,1.9600000381469727,1.9700000286102295,1.850000023841858,1.8700000047683716,958700,0.0,0.0
2026-03-23 00:00:00-04:00,1.8899999856948853,1.9199999570846558,1.8200000524520874,1.8600000143051147,789800,0.0,0.0
2026-03-24 00:00:00-04:00,1.840000033378601,1.8799999952316284,1.7599999904632568,1.8200000524520874,940000,0.0,0.0
2026-03-25 00:00:00-04:00,1.850000023841858,1.9550000429153442,1.850000023841858,1.8799999952316284,641800,0.0,0.0
2026-03-26 00:00:00-04:00,1.840000033378601,2.005000114440918,1.840000033378601,1.909999966621399,1085500,0.0,0.0
2026-03-27 00:00:00-04:00,1.8799999952316284,1.909999966621399,1.7599999904632568,1.7799999713897705,896000,0.0,0.0
2026-03-30 00:00:00-04:00,1.7899999618530273,1.805999994277954,1.684999942779541,1.7200000286102295,1272500,0.0,0.0
2026-03-31 00:00:00-04:00,1.7999999523162842,2.005000114440918,1.7999999523162842,1.899999976158142,1605500,0.0,0.0
2026-04-01 00:00:00-04:00,1.9199999570846558,2.0399999618530273,1.9199999570846558,1.9900000095367432,1256600,0.0,0.0
2026-04-02 00:00:00-04:00,1.909999966621399,2.005000114440918,1.8899999856948853,1.940000057220459,1063900,0.0,0.0
2026-04-06 00:00:00-04:00,1.9500000476837158,2.005000114440918,1.9199999570846558,1.9500000476837158,633100,0.0,0.0
2026-04-07 00:00:00-04:00,1.940000057220459,1.940000057220459,1.840000033378601,1.8600000143051147,1006500,0.0,0.0
2026-04-08 00:00:00-04:00,1.9500000476837158,2.0,1.909999966621399,1.9500000476837158,1072900,0.0,0.0
2026-04-09 00:00:00-04:00,1.9500000476837158,2.0,1.9299999475479126,1.9600000381469727,891100,0.0,0.0
2026-04-10 00:00:00-04:00,1.9600000381469727,1.9830000400543213,1.899999976158142,1.9299999475479126,821300,0.0,0.0
2026-04-13 00:00:00-04:00,1.909999966621399,1.9900000095367432,1.899999976158142,1.9500000476837158,1019700,0.0,0.0
2026-04-14 00:00:00-04:00,1.9700000286102295,2.1700000762939453,1.9700000286102295,2.119999885559082,2679500,0.0,0.0
2026-04-15 00:00:00-04:00,2.140000104904175,2.2200000286102295,2.130000114440918,2.200000047683716,1957300,0.0,0.0
2026-04-16 00:00:00-04:00,2.2100000381469727,2.2149999141693115,2.0999999046325684,2.1500000953674316,2089100,0.0,0.0
2026-04-17 00:00:00-04:00,2.2200000286102295,2.257999897003174,2.140000104904175,2.200000047683716,1808600,0.0,0.0
2026-04-20 00:00:00-04:00,2.2100000381469727,2.319000005722046,2.174999952316284,2.2899999618530273,1965600,0.0,0.0
2026-04-21 00:00:00-04:00,2.299999952316284,2.325000047683716,2.2300000190734863,2.25,1941300,0.0,0.0
2026-04-22 00:00:00-04:00,2.2899999618530273,2.390000104904175,2.260999917984009,2.359999895095825,1443100,0.0,0.0
2026-04-23 00:00:00-04:00,2.3299999237060547,2.390000104904175,2.234999895095825,2.259999990463257,1472400,0.0,0.0
2026-04-24 00:00:00-04:00,2.259999990463257,2.265000104904175,2.109999895095825,2.130000114440918,1916000,0.0,0.0
2026-04-27 00:00:00-04:00,2.180000066757202,2.259999990463257,2.0999999046325684,2.130000114440918,2150500,0.0,0.0
2026-04-28 00:00:00-04:00,2.134999990463257,2.1600000858306885,2.059999942779541,2.0799999237060547,831917,0.0,0.0
