Date,Open,High,Low,Close,Volume,Dividends,Stock Splits
2022-01-03 00:00:00-05:00,104.5999984741211,111.0,102.0,105.80000305175781,2537,0.0,0.0
2022-01-04 00:00:00-05:00,106.4000015258789,112.0,104.19999694824219,105.5999984741211,1811,0.0,0.0
2022-01-05 00:00:00-05:00,106.0,110.0,98.0,99.4000015258789,2717,0.0,0.0
2022-01-06 00:00:00-05:00,102.80000305175781,106.0,98.0,98.0,3910,0.0,0.0
2022-01-07 00:00:00-05:00,93.0,98.0,93.0,95.80000305175781,1571,0.0,0.0
2022-01-10 00:00:00-05:00,95.80000305175781,96.0,90.19999694824219,92.19999694824219,1581,0.0,0.0
2022-01-11 00:00:00-05:00,92.80000305175781,105.5999984741211,91.4000015258789,95.19999694824219,8686,0.0,0.0
2022-01-12 00:00:00-05:00,92.0,97.19999694824219,92.0,93.19999694824219,1048,0.0,0.0
2022-01-13 00:00:00-05:00,92.19999694824219,93.80000305175781,85.19999694824219,86.19999694824219,2038,0.0,0.0
2022-01-14 00:00:00-05:00,87.5999984741211,87.80000305175781,80.0,83.80000305175781,6113,0.0,0.0
2022-01-18 00:00:00-05:00,88.0,88.19999694824219,81.19999694824219,83.19999694824219,1073,0.0,0.0
2022-01-19 00:00:00-05:00,82.0,84.0,80.0,80.80000305175781,864,0.0,0.0
2022-01-20 00:00:00-05:00,82.0,87.0,74.0,74.0,1942,0.0,0.0
2022-01-21 00:00:00-05:00,72.0,82.0,70.80000305175781,76.19999694824219,5423,0.0,0.0
2022-01-24 00:00:00-05:00,70.4000015258789,74.0,66.19999694824219,73.0,2398,0.0,0.0
2022-01-25 00:00:00-05:00,70.0,86.0,70.0,77.4000015258789,1736,0.0,0.0
2022-01-26 00:00:00-05:00,76.19999694824219,78.0,72.4000015258789,73.4000015258789,1021,0.0,0.0
2022-01-27 00:00:00-05:00,74.0,84.0,74.0,78.4000015258789,5259,0.0,0.0
2022-01-28 00:00:00-05:00,79.4000015258789,82.0,72.5999984741211,78.0,3255,0.0,0.0
2022-01-31 00:00:00-05:00,76.80000305175781,88.0,74.0,80.5999984741211,4242,0.0,0.0
2022-02-01 00:00:00-05:00,84.5999984741211,89.0,74.0,78.0,6028,0.0,0.0
2022-02-02 00:00:00-05:00,78.0,80.19999694824219,70.19999694824219,74.0,3100,0.0,0.0
2022-02-03 00:00:00-05:00,76.0,76.0,70.0,71.19999694824219,1664,0.0,0.0
2022-02-04 00:00:00-05:00,70.0,79.5999984741211,66.80000305175781,72.5999984741211,2685,0.0,0.0
2022-02-07 00:00:00-05:00,72.0,74.5999984741211,66.80000305175781,70.19999694824219,1892,0.0,0.0
2022-02-08 00:00:00-05:00,68.19999694824219,72.5999984741211,68.19999694824219,71.4000015258789,4309,0.0,0.0
2022-02-09 00:00:00-05:00,71.4000015258789,74.80000305175781,68.0,74.4000015258789,2434,0.0,0.0
2022-02-10 00:00:00-05:00,72.0,77.0,70.4000015258789,73.80000305175781,1721,0.0,0.0
2022-02-11 00:00:00-05:00,75.0,75.0,70.0,73.4000015258789,1131,0.0,0.0
2022-02-14 00:00:00-05:00,74.0,74.0,68.0,68.80000305175781,1251,0.0,0.0
2022-02-15 00:00:00-05:00,70.5999984741211,74.19999694824219,70.0,73.19999694824219,1595,0.0,0.0
2022-02-16 00:00:00-05:00,71.4000015258789,74.0,70.0,72.80000305175781,965,0.0,0.0
2022-02-17 00:00:00-05:00,70.0,73.0,70.0,71.0,659,0.0,0.0
2022-02-18 00:00:00-05:00,71.0,72.5999984741211,66.80000305175781,68.0,917,0.0,0.0
2022-02-22 00:00:00-05:00,68.0,68.0,64.4000015258789,66.4000015258789,597,0.0,0.0
2022-02-23 00:00:00-05:00,66.4000015258789,66.4000015258789,63.0,64.0,841,0.0,0.0
2022-02-24 00:00:00-05:00,60.0,67.0,56.20000076293945,64.80000305175781,1838,0.0,0.0
2022-02-25 00:00:00-05:00,66.0,68.0,61.0,67.5999984741211,1706,0.0,0.0
2022-02-28 00:00:00-05:00,66.5999984741211,69.0,63.599998474121094,66.4000015258789,1143,0.0,0.0
2022-03-01 00:00:00-05:00,67.19999694824219,86.0,64.80000305175781,78.0,12730,0.0,0.0
2022-03-02 00:00:00-05:00,80.0,84.0,72.0,78.4000015258789,4815,0.0,0.0
2022-03-03 00:00:00-05:00,80.0,80.0,66.19999694824219,72.0,7497,0.0,0.0
2022-03-04 00:00:00-05:00,72.0,77.5999984741211,68.0,71.4000015258789,2998,0.0,0.0
2022-03-07 00:00:00-05:00,72.0,80.0,59.0,77.4000015258789,16355,0.0,0.0
2022-03-08 00:00:00-05:00,76.0,78.0,72.4000015258789,78.0,2673,0.0,0.0
2022-03-09 00:00:00-05:00,78.0,84.0,75.0,80.0,3193,0.0,0.0
2022-03-10 00:00:00-05:00,80.0,86.0,75.80000305175781,82.0,4266,0.0,0.0
2022-03-11 00:00:00-05:00,80.5999984741211,90.0,76.19999694824219,79.0,13030,0.0,0.0
2022-03-14 00:00:00-04:00,76.0,78.0,50.79999923706055,60.0,15511,0.0,0.0
2022-03-15 00:00:00-04:00,64.0,64.0,56.20000076293945,60.79999923706055,3438,0.0,0.0
2022-03-16 00:00:00-04:00,60.599998474121094,65.0,60.599998474121094,63.20000076293945,2854,0.0,0.0
2022-03-17 00:00:00-04:00,66.0,68.0,63.20000076293945,67.0,1981,0.0,0.0
2022-03-18 00:00:00-04:00,70.4000015258789,72.0,66.5999984741211,72.0,2766,0.0,0.0
2022-03-21 00:00:00-04:00,74.0,74.4000015258789,69.0,70.19999694824219,2154,0.0,0.0
2022-03-22 00:00:00-04:00,72.0,72.0,65.5999984741211,69.5999984741211,2046,0.0,0.0
2022-03-23 00:00:00-04:00,70.0,70.0,68.0,68.0,1385,0.0,0.0
2022-03-24 00:00:00-04:00,70.0,71.5999984741211,67.0,71.4000015258789,1372,0.0,0.0
2022-03-25 00:00:00-04:00,71.4000015258789,71.4000015258789,67.4000015258789,68.80000305175781,1995,0.0,0.0
2022-03-28 00:00:00-04:00,67.80000305175781,70.4000015258789,62.400001525878906,64.4000015258789,1407,0.0,0.0
2022-03-29 00:00:00-04:00,64.4000015258789,69.0,64.4000015258789,67.19999694824219,1174,0.0,0.0
2022-03-30 00:00:00-04:00,68.0,68.5999984741211,65.80000305175781,66.5999984741211,479,0.0,0.0
2022-03-31 00:00:00-04:00,70.19999694824219,71.4000015258789,68.0,69.0,3452,0.0,0.0
2022-04-01 00:00:00-04:00,69.0,71.0,65.5999984741211,66.0,1324,0.0,0.0
2022-04-04 00:00:00-04:00,70.0,78.0,68.0,70.4000015258789,2777,0.0,0.0
2022-04-05 00:00:00-04:00,73.0,73.80000305175781,68.80000305175781,71.0,1408,0.0,0.0
2022-04-06 00:00:00-04:00,71.19999694824219,72.4000015258789,68.0,68.80000305175781,589,0.0,0.0
2022-04-07 00:00:00-04:00,68.0,70.0,62.20000076293945,66.5999984741211,549,0.0,0.0
2022-04-08 00:00:00-04:00,71.80000305175781,71.80000305175781,64.80000305175781,66.0,931,0.0,0.0
2022-04-11 00:00:00-04:00,70.0,70.0,62.0,64.0,982,0.0,0.0
2022-04-12 00:00:00-04:00,64.4000015258789,66.0,60.79999923706055,61.0,4096,0.0,0.0
2022-04-13 00:00:00-04:00,64.0,69.4000015258789,56.0,69.4000015258789,3155,0.0,0.0
2022-04-14 00:00:00-04:00,67.0,67.0,60.599998474121094,62.599998474121094,1490,0.0,0.0
2022-04-18 00:00:00-04:00,64.0,64.0,58.0,60.0,688,0.0,0.0
2022-04-19 00:00:00-04:00,62.0,63.79999923706055,58.0,60.20000076293945,617,0.0,0.0
2022-04-20 00:00:00-04:00,59.79999923706055,61.79999923706055,59.0,59.79999923706055,1131,0.0,0.0
2022-04-21 00:00:00-04:00,62.0,63.599998474121094,56.0,57.0,1452,0.0,0.0
2022-04-22 00:00:00-04:00,64.0,66.0,57.0,62.79999923706055,7786,0.0,0.0
2022-04-25 00:00:00-04:00,60.0,62.400001525878906,58.0,59.400001525878906,2912,0.0,0.0
2022-04-26 00:00:00-04:00,60.0,65.5999984741211,58.0,59.0,1567,0.0,0.0
2022-04-27 00:00:00-04:00,59.0,59.0,56.0,56.400001525878906,1650,0.0,0.0
2022-04-28 00:00:00-04:00,56.0,57.0,54.0,55.0,1653,0.0,0.0
2022-04-29 00:00:00-04:00,58.0,58.0,50.0,50.599998474121094,2011,0.0,0.0
2022-05-02 00:00:00-04:00,52.0,55.400001525878906,52.0,54.599998474121094,1210,0.0,0.0
2022-05-03 00:00:00-04:00,54.0,54.0,52.0,53.0,509,0.0,0.0
2022-05-04 00:00:00-04:00,53.79999923706055,53.79999923706055,50.599998474121094,53.0,602,0.0,0.0
2022-05-05 00:00:00-04:00,53.0,53.400001525878906,46.0,48.400001525878906,1691,0.0,0.0
2022-05-06 00:00:00-04:00,48.0,49.20000076293945,48.0,49.20000076293945,424,0.0,0.0
2022-05-09 00:00:00-04:00,49.20000076293945,52.20000076293945,46.0,48.0,1124,0.0,0.0
2022-05-10 00:00:00-04:00,50.0,50.0,46.0,48.599998474121094,875,0.0,0.0
2022-05-11 00:00:00-04:00,48.0,49.79999923706055,40.0,41.20000076293945,2305,0.0,0.0
2022-05-12 00:00:00-04:00,40.0,44.0,38.0,40.0,1998,0.0,0.0
2022-05-13 00:00:00-04:00,58.0,74.0,48.0,48.0,165825,0.0,0.0
2022-05-16 00:00:00-04:00,44.400001525878906,45.0,40.0,43.599998474121094,10241,0.0,0.0
2022-05-17 00:00:00-04:00,44.0,61.400001525878906,41.0,52.79999923706055,12432,0.0,0.0
2022-05-18 00:00:00-04:00,50.0,50.0,46.599998474121094,48.0,2369,0.0,0.0
2022-05-19 00:00:00-04:00,47.599998474121094,51.20000076293945,46.0,48.20000076293945,1646,0.0,0.0
2022-05-20 00:00:00-04:00,50.0,50.0,44.0,46.400001525878906,1640,0.0,0.0
2022-05-23 00:00:00-04:00,47.400001525878906,48.599998474121094,46.20000076293945,46.79999923706055,1001,0.0,0.0
2022-05-24 00:00:00-04:00,48.0,48.0,42.79999923706055,44.599998474121094,1480,0.0,0.0
2022-05-25 00:00:00-04:00,44.400001525878906,49.20000076293945,42.599998474121094,46.20000076293945,3602,0.0,0.0
2022-05-26 00:00:00-04:00,45.0,49.0,44.20000076293945,47.20000076293945,2216,0.0,0.0
2022-05-27 00:00:00-04:00,48.0,53.20000076293945,46.599998474121094,50.0,6647,0.0,0.0
2022-05-31 00:00:00-04:00,50.0,52.79999923706055,47.0,49.0,2889,0.0,0.0
2022-06-01 00:00:00-04:00,50.0,50.0,44.0,46.79999923706055,779,0.0,0.0
2022-06-02 00:00:00-04:00,48.0,48.0,46.0,48.0,509,0.0,0.0
2022-06-03 00:00:00-04:00,48.0,52.599998474121094,45.79999923706055,49.0,952,0.0,0.0
2022-06-06 00:00:00-04:00,51.400001525878906,55.0,45.0,47.400001525878906,1051,0.0,0.0
2022-06-07 00:00:00-04:00,54.0,54.0,44.20000076293945,47.79999923706055,1948,0.0,0.0
2022-06-08 00:00:00-04:00,44.0,47.79999923706055,40.0,46.0,3140,0.0,0.0
2022-06-09 00:00:00-04:00,46.0,62.0,46.0,49.20000076293945,12967,0.0,0.0
2022-06-10 00:00:00-04:00,51.0,56.79999923706055,47.0,51.79999923706055,5688,0.0,0.0
2022-06-13 00:00:00-04:00,48.599998474121094,51.79999923706055,46.0,46.0,2094,0.0,0.0
2022-06-14 00:00:00-04:00,47.0,54.0,44.0,46.0,7180,0.0,0.0
2022-06-15 00:00:00-04:00,46.0,49.79999923706055,42.0,44.400001525878906,2766,0.0,0.0
2022-06-16 00:00:00-04:00,43.79999923706055,50.400001525878906,43.79999923706055,45.0,1102,0.0,0.0
2022-06-17 00:00:00-04:00,42.20000076293945,48.0,42.20000076293945,43.599998474121094,1541,0.0,0.0
2022-06-21 00:00:00-04:00,44.0,48.0,43.0,44.20000076293945,2371,0.0,0.0
2022-06-22 00:00:00-04:00,44.400001525878906,50.0,43.0,44.400001525878906,4354,0.0,0.0
2022-06-23 00:00:00-04:00,46.0,48.0,44.20000076293945,46.400001525878906,938,0.0,0.0
2022-06-24 00:00:00-04:00,47.79999923706055,50.0,46.599998474121094,48.20000076293945,492,0.0,0.0
2022-06-27 00:00:00-04:00,45.0,50.0,45.0,47.20000076293945,650,0.0,0.0
2022-06-28 00:00:00-04:00,49.400001525878906,50.0,46.0,47.0,393,0.0,0.0
2022-06-29 00:00:00-04:00,46.79999923706055,46.79999923706055,44.400001525878906,45.20000076293945,371,0.0,0.0
2022-06-30 00:00:00-04:00,45.79999923706055,46.599998474121094,36.20000076293945,38.20000076293945,2749,0.0,0.0
2022-07-01 00:00:00-04:00,41.400001525878906,44.0,40.0,42.79999923706055,901,0.0,0.0
2022-07-05 00:00:00-04:00,44.400001525878906,44.400001525878906,40.0,41.20000076293945,819,0.0,0.0
2022-07-06 00:00:00-04:00,42.400001525878906,48.0,42.0,42.79999923706055,924,0.0,0.0
2022-07-07 00:00:00-04:00,43.599998474121094,47.599998474121094,42.400001525878906,47.0,1424,0.0,0.0
2022-07-08 00:00:00-04:00,45.599998474121094,48.0,44.599998474121094,47.20000076293945,532,0.0,0.0
2022-07-11 00:00:00-04:00,40.599998474121094,48.0,40.599998474121094,47.400001525878906,936,0.0,0.0
2022-07-12 00:00:00-04:00,43.599998474121094,49.0,43.599998474121094,45.0,498,0.0,0.0
2022-07-13 00:00:00-04:00,42.599998474121094,47.400001525878906,42.20000076293945,45.0,516,0.0,0.0
2022-07-14 00:00:00-04:00,44.400001525878906,47.400001525878906,41.0,43.20000076293945,988,0.0,0.0
2022-07-15 00:00:00-04:00,40.0,46.599998474121094,40.0,44.0,1728,0.0,0.0
2022-07-18 00:00:00-04:00,42.599998474121094,47.20000076293945,42.599998474121094,46.20000076293945,410,0.0,0.0
2022-07-19 00:00:00-04:00,44.0,46.0,44.0,46.0,845,0.0,0.0
2022-07-20 00:00:00-04:00,46.0,48.599998474121094,44.79999923706055,46.599998474121094,932,0.0,0.0
2022-07-21 00:00:00-04:00,44.400001525878906,50.0,44.400001525878906,48.0,962,0.0,0.0
2022-07-22 00:00:00-04:00,48.0,51.79999923706055,45.0,50.0,2573,0.0,0.0
2022-07-25 00:00:00-04:00,52.0,52.0,42.20000076293945,45.400001525878906,1292,0.0,0.0
2022-07-26 00:00:00-04:00,44.0,45.79999923706055,40.400001525878906,43.0,1208,0.0,0.0
2022-07-27 00:00:00-04:00,42.0,44.599998474121094,40.20000076293945,43.79999923706055,892,0.0,0.0
2022-07-28 00:00:00-04:00,44.599998474121094,44.599998474121094,40.0,40.20000076293945,1672,0.0,0.0
2022-07-29 00:00:00-04:00,42.0,42.400001525878906,40.400001525878906,42.20000076293945,721,0.0,0.0
2022-08-01 00:00:00-04:00,42.20000076293945,43.0,41.0,41.79999923706055,1331,0.0,0.0
2022-08-02 00:00:00-04:00,44.0,46.599998474121094,41.0,45.400001525878906,2103,0.0,0.0
2022-08-03 00:00:00-04:00,45.400001525878906,62.0,44.0,48.0,6935,0.0,0.0
2022-08-04 00:00:00-04:00,54.599998474121094,54.599998474121094,47.0,48.400001525878906,2322,0.0,0.0
2022-08-05 00:00:00-04:00,50.0,50.400001525878906,44.0,46.20000076293945,1102,0.0,0.0
2022-08-08 00:00:00-04:00,48.0,50.400001525878906,46.0,48.20000076293945,895,0.0,0.0
2022-08-09 00:00:00-04:00,47.79999923706055,48.0,45.0,46.599998474121094,800,0.0,0.0
2022-08-10 00:00:00-04:00,45.79999923706055,48.0,44.0,45.599998474121094,601,0.0,0.0
2022-08-11 00:00:00-04:00,45.400001525878906,47.599998474121094,45.400001525878906,46.400001525878906,910,0.0,0.0
2022-08-12 00:00:00-04:00,48.0,52.0,45.400001525878906,49.599998474121094,3709,0.0,0.0
2022-08-15 00:00:00-04:00,54.400001525878906,54.400001525878906,49.599998474121094,51.400001525878906,1254,0.0,0.0
2022-08-16 00:00:00-04:00,70.0,100.0,60.0,67.4000015258789,196749,0.0,0.0
2022-08-17 00:00:00-04:00,57.400001525878906,67.0,57.0,60.0,13294,0.0,0.0
2022-08-18 00:00:00-04:00,59.79999923706055,68.0,55.400001525878906,66.0,5787,0.0,0.0
2022-08-19 00:00:00-04:00,63.0,64.4000015258789,55.79999923706055,57.400001525878906,2963,0.0,0.0
2022-08-22 00:00:00-04:00,52.0,56.79999923706055,49.79999923706055,50.20000076293945,2153,0.0,0.0
2022-08-23 00:00:00-04:00,51.20000076293945,54.599998474121094,47.0,47.79999923706055,2038,0.0,0.0
2022-08-24 00:00:00-04:00,50.0,53.0,48.0,49.599998474121094,5975,0.0,0.0
2022-08-25 00:00:00-04:00,50.599998474121094,58.0,48.0,51.20000076293945,3839,0.0,0.0
2022-08-26 00:00:00-04:00,52.0,54.79999923706055,49.79999923706055,51.400001525878906,1634,0.0,0.0
2022-08-29 00:00:00-04:00,52.0,52.0,45.0,47.599998474121094,2467,0.0,0.0
2022-08-30 00:00:00-04:00,48.20000076293945,48.20000076293945,44.0,45.599998474121094,1358,0.0,0.0
2022-08-31 00:00:00-04:00,46.400001525878906,48.20000076293945,44.20000076293945,44.79999923706055,1026,0.0,0.0
2022-09-01 00:00:00-04:00,44.79999923706055,46.20000076293945,44.0,45.400001525878906,1330,0.0,0.0
2022-09-02 00:00:00-04:00,44.0,50.0,44.0,47.20000076293945,2141,0.0,0.0
2022-09-06 00:00:00-04:00,45.79999923706055,49.400001525878906,44.0,44.0,1112,0.0,0.0
2022-09-07 00:00:00-04:00,44.0,46.0,43.0,43.599998474121094,1298,0.0,0.0
2022-09-08 00:00:00-04:00,43.599998474121094,44.79999923706055,43.599998474121094,44.79999923706055,341,0.0,0.0
2022-09-09 00:00:00-04:00,44.79999923706055,46.0,44.79999923706055,45.599998474121094,371,0.0,0.0
2022-09-12 00:00:00-04:00,45.0,46.20000076293945,44.20000076293945,45.79999923706055,354,0.0,0.0
2022-09-13 00:00:00-04:00,44.400001525878906,46.0,44.0,45.400001525878906,575,0.0,0.0
2022-09-14 00:00:00-04:00,47.0,67.0,46.0,53.20000076293945,45719,0.0,0.0
2022-09-15 00:00:00-04:00,48.599998474121094,51.400001525878906,46.599998474121094,47.79999923706055,4357,0.0,0.0
2022-09-16 00:00:00-04:00,46.0,47.79999923706055,44.0,44.599998474121094,1749,0.0,0.0
2022-09-19 00:00:00-04:00,44.79999923706055,47.0,41.0,41.599998474121094,3431,0.0,0.0
2022-09-20 00:00:00-04:00,43.599998474121094,45.0,42.20000076293945,43.599998474121094,1052,0.0,0.0
2022-09-21 00:00:00-04:00,42.79999923706055,46.0,40.400001525878906,42.0,1028,0.0,0.0
2022-09-22 00:00:00-04:00,42.0,44.599998474121094,40.0,44.0,1806,0.0,0.0
2022-09-23 00:00:00-04:00,44.0,44.0,36.0,40.0,2234,0.0,0.0
2022-09-26 00:00:00-04:00,40.0,42.0,38.20000076293945,40.0,1470,0.0,0.0
2022-09-27 00:00:00-04:00,40.0,42.0,38.599998474121094,41.20000076293945,771,0.0,0.0
2022-09-28 00:00:00-04:00,40.0,42.0,40.0,41.599998474121094,417,0.0,0.0
2022-09-29 00:00:00-04:00,41.400001525878906,41.599998474121094,40.0,41.0,287,0.0,0.0
2022-09-30 00:00:00-04:00,41.0,41.599998474121094,39.0,40.0,657,0.0,0.0
2022-10-03 00:00:00-04:00,41.599998474121094,41.599998474121094,36.0,38.0,851,0.0,0.0
2022-10-04 00:00:00-04:00,39.0,41.0,38.20000076293945,40.79999923706055,312,0.0,0.0
2022-10-05 00:00:00-04:00,40.400001525878906,41.0,36.79999923706055,39.0,528,0.0,0.0
2022-10-06 00:00:00-04:00,40.0,41.0,38.79999923706055,39.400001525878906,420,0.0,0.0
2022-10-07 00:00:00-04:00,39.79999923706055,40.79999923706055,37.0,39.0,509,0.0,0.0
2022-10-10 00:00:00-04:00,41.0,41.0,35.599998474121094,37.0,781,0.0,0.0
2022-10-11 00:00:00-04:00,39.79999923706055,39.79999923706055,36.0,37.20000076293945,342,0.0,0.0
2022-10-12 00:00:00-04:00,35.599998474121094,36.79999923706055,20.0,34.0,2515,0.0,0.0
2022-10-13 00:00:00-04:00,35.599998474121094,36.0,33.0,33.599998474121094,1100,0.0,0.0
2022-10-14 00:00:00-04:00,37.20000076293945,37.20000076293945,32.20000076293945,33.599998474121094,325,0.0,0.0
2022-10-17 00:00:00-04:00,32.0,34.79999923706055,32.0,34.0,1020,0.0,0.0
2022-10-18 00:00:00-04:00,36.0,37.79999923706055,32.400001525878906,34.0,840,0.0,0.0
2022-10-19 00:00:00-04:00,37.599998474121094,37.599998474121094,33.20000076293945,36.0,857,0.0,0.0
2022-10-20 00:00:00-04:00,37.400001525878906,37.400001525878906,34.0,36.0,310,0.0,0.0
2022-10-21 00:00:00-04:00,36.0,36.400001525878906,33.20000076293945,35.0,511,0.0,0.0
2022-10-24 00:00:00-04:00,32.0,35.599998474121094,32.0,34.0,380,0.0,0.0
2022-10-25 00:00:00-04:00,33.79999923706055,35.400001525878906,33.0,34.20000076293945,698,0.0,0.0
2022-10-26 00:00:00-04:00,34.79999923706055,37.400001525878906,31.799999237060547,33.0,1556,0.0,0.0
2022-10-27 00:00:00-04:00,33.599998474121094,35.599998474121094,32.79999923706055,34.400001525878906,727,0.0,0.0
2022-10-28 00:00:00-04:00,35.0,36.0,33.20000076293945,34.20000076293945,323,0.0,0.0
2022-10-31 00:00:00-04:00,34.0,35.20000076293945,33.20000076293945,35.20000076293945,383,0.0,0.0
2022-11-01 00:00:00-04:00,33.400001525878906,35.79999923706055,33.400001525878906,34.79999923706055,204,0.0,0.0
2022-11-02 00:00:00-04:00,34.599998474121094,40.0,34.599998474121094,39.0,1751,0.0,0.0
2022-11-03 00:00:00-04:00,40.0,41.0,36.0,37.0,1616,0.0,0.0
2022-11-04 00:00:00-04:00,38.400001525878906,39.79999923706055,35.20000076293945,36.0,417,0.0,0.0
2022-11-07 00:00:00-05:00,38.0,38.79999923706055,35.20000076293945,36.599998474121094,428,0.0,0.0
2022-11-08 00:00:00-05:00,38.0,38.0,35.400001525878906,36.400001525878906,418,0.0,0.0
2022-11-09 00:00:00-05:00,36.400001525878906,38.0,34.400001525878906,35.599998474121094,545,0.0,0.0
2022-11-10 00:00:00-05:00,34.0,37.400001525878906,33.20000076293945,35.599998474121094,705,0.0,0.0
2022-11-11 00:00:00-05:00,35.79999923706055,36.0,34.20000076293945,35.599998474121094,231,0.0,0.0
2022-11-14 00:00:00-05:00,36.400001525878906,38.0,36.400001525878906,38.0,1672,0.0,0.0
2022-11-15 00:00:00-05:00,40.0,40.0,34.0,37.599998474121094,3887,0.0,0.0
2022-11-16 00:00:00-05:00,36.599998474121094,38.0,34.0,34.400001525878906,1143,0.0,0.0
2022-11-17 00:00:00-05:00,35.0,36.400001525878906,32.79999923706055,32.79999923706055,609,0.0,0.0
2022-11-18 00:00:00-05:00,32.400001525878906,36.0,32.20000076293945,34.20000076293945,591,0.0,0.0
2022-11-21 00:00:00-05:00,34.79999923706055,34.79999923706055,31.399999618530273,33.0,592,0.0,0.0
2022-11-22 00:00:00-05:00,34.0,35.0,32.400001525878906,34.400001525878906,233,0.0,0.0
2022-11-23 00:00:00-05:00,36.0,36.0,34.0,34.0,148,0.0,0.0
2022-11-25 00:00:00-05:00,35.400001525878906,35.599998474121094,33.79999923706055,34.400001525878906,189,0.0,0.0
2022-11-28 00:00:00-05:00,34.79999923706055,34.79999923706055,32.20000076293945,32.599998474121094,394,0.0,0.0
2022-11-29 00:00:00-05:00,34.0,34.599998474121094,31.0,32.20000076293945,926,0.0,0.0
2022-11-30 00:00:00-05:00,33.79999923706055,34.0,31.200000762939453,33.0,417,0.0,0.0
2022-12-01 00:00:00-05:00,32.599998474121094,34.0,31.0,32.599998474121094,408,0.0,0.0
2022-12-02 00:00:00-05:00,31.0,33.599998474121094,31.0,32.79999923706055,707,0.0,0.0
2022-12-05 00:00:00-05:00,32.0,33.599998474121094,31.0,32.79999923706055,514,0.0,0.0
2022-12-06 00:00:00-05:00,30.399999618530273,32.0,30.399999618530273,32.0,560,0.0,0.0
2022-12-07 00:00:00-05:00,30.399999618530273,32.0,28.399999618530273,30.0,8524,0.0,0.0
2022-12-08 00:00:00-05:00,49.79999923706055,67.80000305175781,37.20000076293945,38.0,430616,0.0,0.0
2022-12-09 00:00:00-05:00,35.91999816894531,35.91999816894531,24.8799991607666,28.399999618530273,41438,0.0,0.04
2022-12-12 00:00:00-05:00,27.360000610351562,27.360000610351562,23.760000228881836,24.799999237060547,14938,0.0,0.0
2022-12-13 00:00:00-05:00,25.280000686645508,25.920000076293945,25.200000762939453,25.600000381469727,7763,0.0,0.0
2022-12-14 00:00:00-05:00,24.719999313354492,28.479999542236328,23.280000686645508,24.239999771118164,12588,0.0,0.0
2022-12-15 00:00:00-05:00,24.959999084472656,25.520000457763672,21.440000534057617,21.68000030517578,8325,0.0,0.0
2022-12-16 00:00:00-05:00,21.1200008392334,23.600000381469727,20.479999542236328,22.399999618530273,10038,0.0,0.0
2022-12-19 00:00:00-05:00,22.239999771118164,22.615999221801758,20.399999618530273,21.200000762939453,2650,0.0,0.0
2022-12-20 00:00:00-05:00,21.920000076293945,22.488000869750977,20.607999801635742,21.600000381469727,2500,0.0,0.0
2022-12-21 00:00:00-05:00,21.280000686645508,22.399999618530273,20.799999237060547,21.84000015258789,4263,0.0,0.0
2022-12-22 00:00:00-05:00,21.360000610351562,23.079999923706055,20.920000076293945,21.280000686645508,7013,0.0,0.0
2022-12-23 00:00:00-05:00,21.0,22.0,20.719999313354492,20.8799991607666,1038,0.0,0.0
2022-12-27 00:00:00-05:00,20.799999237060547,20.799999237060547,19.68000030517578,20.479999542236328,2250,0.0,0.0
2022-12-28 00:00:00-05:00,20.0,23.1200008392334,19.84000015258789,21.600000381469727,11875,0.0,0.0
2022-12-29 00:00:00-05:00,20.719999313354492,23.760000228881836,20.0,21.280000686645508,9650,0.0,0.0
2022-12-30 00:00:00-05:00,21.520000457763672,22.31999969482422,20.8799991607666,21.760000228881836,2125,0.0,0.0
2023-01-03 00:00:00-05:00,21.760000228881836,23.84000015258789,20.8799991607666,22.399999618530273,3675,0.0,0.0
2023-01-04 00:00:00-05:00,22.079999923706055,23.920000076293945,21.784000396728516,22.079999923706055,13600,0.0,0.0
2023-01-05 00:00:00-05:00,22.15999984741211,23.1200008392334,21.280000686645508,23.1200008392334,2600,0.0,0.0
2023-01-06 00:00:00-05:00,22.832000732421875,23.600000381469727,21.983999252319336,22.639999389648438,1950,0.0,0.0
2023-01-09 00:00:00-05:00,22.399999618530273,23.84000015258789,22.399999618530273,22.719999313354492,3788,0.0,0.0
2023-01-10 00:00:00-05:00,21.040000915527344,22.799999237060547,20.0,22.079999923706055,9475,0.0,0.0
2023-01-11 00:00:00-05:00,21.760000228881836,23.360000610351562,21.760000228881836,22.079999923706055,3988,0.0,0.0
2023-01-12 00:00:00-05:00,22.559999465942383,22.559999465942383,21.360000610351562,22.399999618530273,1838,0.0,0.0
2023-01-13 00:00:00-05:00,22.399999618530273,23.520000457763672,22.239999771118164,23.040000915527344,1325,0.0,0.0
2023-01-17 00:00:00-05:00,23.440000534057617,25.68000030517578,22.719999313354492,23.200000762939453,7425,0.0,0.0
2023-01-18 00:00:00-05:00,22.959999084472656,23.280000686645508,20.959999084472656,21.68000030517578,6675,0.0,0.0
2023-01-19 00:00:00-05:00,21.600000381469727,22.576000213623047,21.520000457763672,21.600000381469727,2075,0.0,0.0
2023-01-20 00:00:00-05:00,21.143999099731445,22.559999465942383,21.1200008392334,22.559999465942383,538,0.0,0.0
2023-01-23 00:00:00-05:00,21.360000610351562,23.1200008392334,21.360000610351562,21.84000015258789,1375,0.0,0.0
2023-01-24 00:00:00-05:00,21.600000381469727,22.84000015258789,21.600000381469727,22.15999984741211,1325,0.0,0.0
2023-01-25 00:00:00-05:00,22.1200008392334,22.639999389648438,21.600000381469727,22.479999542236328,1038,0.0,0.0
2023-01-26 00:00:00-05:00,22.399999618530273,22.527999877929688,21.760000228881836,21.84000015258789,1963,0.0,0.0
2023-01-27 00:00:00-05:00,22.799999237060547,23.200000762939453,22.15999984741211,22.479999542236328,1500,0.0,0.0
2023-01-30 00:00:00-05:00,22.479999542236328,23.055999755859375,22.0,22.399999618530273,2513,0.0,0.0
2023-01-31 00:00:00-05:00,22.719999313354492,22.719999313354492,21.760000228881836,22.552000045776367,2088,0.0,0.0
2023-02-01 00:00:00-05:00,22.479999542236328,23.1200008392334,22.479999542236328,22.639999389648438,1163,0.0,0.0
2023-02-02 00:00:00-05:00,22.408000946044922,27.600000381469727,22.399999618530273,24.079999923706055,31363,0.0,0.0
2023-02-03 00:00:00-05:00,22.511999130249023,24.0,21.440000534057617,22.0,9050,0.0,0.0
2023-02-06 00:00:00-05:00,22.079999923706055,24.559999465942383,21.440000534057617,22.0,7925,0.0,0.0
2023-02-07 00:00:00-05:00,24.0,24.799999237060547,15.279999732971191,16.639999389648438,232250,0.0,0.0
2023-02-08 00:00:00-05:00,16.559999465942383,16.639999389648438,15.0,15.039999961853027,28088,0.0,0.0
2023-02-09 00:00:00-05:00,15.4399995803833,16.0,14.15999984741211,14.239999771118164,13675,0.0,0.0
2023-02-10 00:00:00-05:00,14.800000190734863,15.119999885559082,13.84000015258789,13.84000015258789,4075,0.0,0.0
2023-02-13 00:00:00-05:00,13.680000305175781,14.399999618530273,13.600000381469727,13.760000228881836,4325,0.0,0.0
2023-02-14 00:00:00-05:00,13.920000076293945,14.319999694824219,12.5600004196167,13.199999809265137,4475,0.0,0.0
2023-02-15 00:00:00-05:00,13.920000076293945,14.0,12.399999618530273,12.960000038146973,9350,0.0,0.0
2023-02-16 00:00:00-05:00,12.960000038146973,13.84000015258789,12.800000190734863,13.359999656677246,3350,0.0,0.0
2023-02-17 00:00:00-05:00,13.359999656677246,13.680000305175781,12.800000190734863,13.359999656677246,2525,0.0,0.0
2023-02-21 00:00:00-05:00,12.960000038146973,13.359999656677246,12.399999618530273,13.199999809265137,2138,0.0,0.0
2023-02-22 00:00:00-05:00,12.319999694824219,13.279999732971191,12.319999694824219,12.640000343322754,4713,0.0,0.0
2023-02-23 00:00:00-05:00,13.279999732971191,13.359999656677246,12.319999694824219,12.880000114440918,2475,0.0,0.0
2023-02-24 00:00:00-05:00,13.039999961853027,13.039999961853027,11.359999656677246,12.15999984741211,4363,0.0,0.0
2023-02-27 00:00:00-05:00,12.479999542236328,12.744000434875488,11.199999809265137,12.0,4463,0.0,0.0
2023-02-28 00:00:00-05:00,12.5600004196167,12.5600004196167,11.687999725341797,11.920000076293945,7750,0.0,0.0
2023-03-01 00:00:00-05:00,11.600000381469727,13.039999961853027,11.359999656677246,12.15999984741211,6313,0.0,0.0
2023-03-02 00:00:00-05:00,12.079999923706055,13.119999885559082,12.079999923706055,12.640000343322754,19563,0.0,0.0
2023-03-03 00:00:00-05:00,12.960000038146973,13.119999885559082,11.600000381469727,12.399999618530273,3638,0.0,0.0
2023-03-06 00:00:00-05:00,13.199999809265137,13.199999809265137,12.079999923706055,12.720000267028809,4500,0.0,0.0
2023-03-07 00:00:00-05:00,12.319999694824219,13.199999809265137,11.760000228881836,13.039999961853027,6100,0.0,0.0
2023-03-08 00:00:00-05:00,12.640000343322754,13.039999961853027,12.0,12.239999771118164,6838,0.0,0.0
2023-03-09 00:00:00-05:00,11.760000228881836,11.920000076293945,9.039999961853027,10.960000038146973,119063,0.0,0.0
2023-03-10 00:00:00-05:00,10.479999542236328,10.960000038146973,10.0,10.479999542236328,13513,0.0,0.0
2023-03-13 00:00:00-04:00,10.15999984741211,10.640000343322754,9.359999656677246,10.399999618530273,12050,0.0,0.0
2023-03-14 00:00:00-04:00,10.199999809265137,10.5600004196167,10.0,10.079999923706055,4375,0.0,0.0
2023-03-15 00:00:00-04:00,10.0,10.319999694824219,10.0,10.319999694824219,4600,0.0,0.0
2023-03-16 00:00:00-04:00,10.319999694824219,11.039999961853027,10.319999694824219,10.960000038146973,4713,0.0,0.0
2023-03-17 00:00:00-04:00,10.880000114440918,11.84000015258789,10.880000114440918,11.4399995803833,3725,0.0,0.0
2023-03-20 00:00:00-04:00,11.4399995803833,11.520000457763672,10.800000190734863,11.199999809265137,3738,0.0,0.0
2023-03-21 00:00:00-04:00,11.4399995803833,12.079999923706055,11.199999809265137,11.920000076293945,2700,0.0,0.0
2023-03-22 00:00:00-04:00,11.760000228881836,12.15999984741211,10.960000038146973,12.0,4288,0.0,0.0
2023-03-23 00:00:00-04:00,11.680000305175781,12.079999923706055,11.600000381469727,12.0,2425,0.0,0.0
2023-03-24 00:00:00-04:00,11.760000228881836,13.199999809265137,11.119999885559082,13.199999809265137,2238,0.0,0.0
2023-03-27 00:00:00-04:00,12.239999771118164,14.319999694824219,12.239999771118164,14.15999984741211,2700,0.0,0.0
2023-03-28 00:00:00-04:00,14.079999923706055,14.079999923706055,13.279999732971191,13.520000457763672,2263,0.0,0.0
2023-03-29 00:00:00-04:00,13.84000015258789,15.079999923706055,13.631999969482422,14.432000160217285,10038,0.0,0.0
2023-03-30 00:00:00-04:00,14.399999618530273,14.5600004196167,13.680000305175781,13.680000305175781,2350,0.0,0.0
2023-03-31 00:00:00-04:00,14.079999923706055,14.15999984741211,13.520000457763672,14.15999984741211,1775,0.0,0.0
2023-04-03 00:00:00-04:00,13.4399995803833,14.079999923706055,13.4399995803833,13.760000228881836,2688,0.0,0.0
2023-04-04 00:00:00-04:00,13.600000381469727,13.720000267028809,13.279999732971191,13.4399995803833,3613,0.0,0.0
2023-04-05 00:00:00-04:00,13.199999809265137,13.920000076293945,12.479999542236328,12.720000267028809,2750,0.0,0.0
2023-04-06 00:00:00-04:00,13.760000228881836,13.760000228881836,12.720000267028809,12.720000267028809,19625,0.0,0.0
2023-04-10 00:00:00-04:00,12.720000267028809,13.279999732971191,12.0,13.119999885559082,2925,0.0,0.0
2023-04-11 00:00:00-04:00,12.960000038146973,12.960000038146973,12.239999771118164,12.239999771118164,363,0.0,0.0
2023-04-12 00:00:00-04:00,13.199999809265137,14.368000030517578,12.600000381469727,13.680000305175781,6900,0.0,0.0
2023-04-13 00:00:00-04:00,14.0,19.1200008392334,11.84000015258789,11.84000015258789,195900,0.0,0.0
2023-04-14 00:00:00-04:00,12.0,18.719999313354492,10.800000190734863,12.319999694824219,452025,0.0,0.0
2023-04-17 00:00:00-04:00,12.0,12.359999656677246,10.5600004196167,10.880000114440918,58100,0.0,0.0
2023-04-18 00:00:00-04:00,10.880000114440918,12.239999771118164,10.880000114440918,11.920000076293945,32950,0.0,0.0
2023-04-19 00:00:00-04:00,11.199999809265137,12.079999923706055,10.248000144958496,10.631999969482422,14213,0.0,0.0
2023-04-20 00:00:00-04:00,10.800000190734863,10.960000038146973,9.727999687194824,10.0,9725,0.0,0.0
2023-04-21 00:00:00-04:00,9.760000228881836,10.800000190734863,9.199999809265137,9.680000305175781,6425,0.0,0.0
2023-04-24 00:00:00-04:00,10.5600004196167,10.5600004196167,9.663999557495117,9.680000305175781,7875,0.0,0.0
2023-04-25 00:00:00-04:00,9.520000457763672,10.0,9.37600040435791,10.0,4100,0.0,0.0
2023-04-26 00:00:00-04:00,10.479999542236328,10.479999542236328,9.760000228881836,9.968000411987305,3575,0.0,0.0
2023-04-27 00:00:00-04:00,10.399999618530273,10.399999618530273,9.680000305175781,9.680000305175781,2238,0.0,0.0
2023-04-28 00:00:00-04:00,9.84000015258789,10.479999542236328,9.279999732971191,9.4399995803833,4850,0.0,0.0
2023-05-01 00:00:00-04:00,9.680000305175781,9.791999816894531,9.119999885559082,9.119999885559082,3513,0.0,0.0
2023-05-02 00:00:00-04:00,9.920000076293945,9.920000076293945,8.880000114440918,9.760000228881836,8663,0.0,0.0
2023-05-03 00:00:00-04:00,9.680000305175781,10.960000038146973,9.279999732971191,9.4399995803833,22063,0.0,0.0
2023-05-04 00:00:00-04:00,9.359999656677246,9.920000076293945,9.359999656677246,9.920000076293945,1938,0.0,0.0
2023-05-05 00:00:00-04:00,9.760000228881836,9.920000076293945,9.600000381469727,9.760000228881836,2363,0.0,0.0
2023-05-08 00:00:00-04:00,9.520000457763672,9.84000015258789,9.4399995803833,9.520000457763672,2150,0.0,0.0
2023-05-09 00:00:00-04:00,9.680000305175781,9.920000076293945,9.37600040435791,9.84000015258789,1313,0.0,0.0
2023-05-10 00:00:00-04:00,9.520000457763672,9.84000015258789,9.520000457763672,9.600000381469727,3388,0.0,0.0
2023-05-11 00:00:00-04:00,9.4399995803833,10.711999893188477,9.359999656677246,9.600000381469727,7363,0.0,0.0
2023-05-12 00:00:00-04:00,9.4399995803833,9.84000015258789,9.119999885559082,9.359999656677246,5650,0.0,0.0
2023-05-15 00:00:00-04:00,9.600000381469727,10.239999771118164,9.4399995803833,9.920000076293945,12975,0.0,0.0
2023-05-16 00:00:00-04:00,9.600000381469727,9.824000358581543,8.960000038146973,8.960000038146973,5425,0.0,0.0
2023-05-17 00:00:00-04:00,9.600000381469727,9.600000381469727,8.960000038146973,9.4399995803833,2288,0.0,0.0
2023-05-18 00:00:00-04:00,9.48799991607666,9.904000282287598,9.319999694824219,9.760000228881836,2975,0.0,0.0
2023-05-19 00:00:00-04:00,9.600000381469727,9.760000228881836,9.279999732971191,9.600000381469727,1638,0.0,0.0
2023-05-22 00:00:00-04:00,9.5600004196167,9.600000381469727,9.520000457763672,9.520000457763672,463,0.0,0.0
2023-05-23 00:00:00-04:00,9.279999732971191,11.84000015258789,9.279999732971191,9.920000076293945,40700,0.0,0.0
2023-05-24 00:00:00-04:00,9.520000457763672,9.600000381469727,9.359999656677246,9.4399995803833,1863,0.0,0.0
2023-05-25 00:00:00-04:00,9.600000381469727,10.399999618530273,9.359999656677246,10.0,14875,0.0,0.0
2023-05-26 00:00:00-04:00,10.279999732971191,11.119999885559082,9.600000381469727,9.84000015258789,12700,0.0,0.0
2023-05-30 00:00:00-04:00,9.520000457763672,9.920000076293945,9.359999656677246,9.4399995803833,2738,0.0,0.0
2023-05-31 00:00:00-04:00,9.711999893188477,9.711999893188477,9.199999809265137,9.600000381469727,1100,0.0,0.0
2023-06-01 00:00:00-04:00,9.760000228881836,9.760000228881836,9.199999809265137,9.359999656677246,2388,0.0,0.0
2023-06-02 00:00:00-04:00,9.359999656677246,9.760000228881836,8.880000114440918,9.039999961853027,7000,0.0,0.0
2023-06-05 00:00:00-04:00,9.039999961853027,9.359999656677246,8.960000038146973,9.279999732971191,2163,0.0,0.0
2023-06-06 00:00:00-04:00,9.279999732971191,9.520000457763672,9.15999984741211,9.359999656677246,3000,0.0,0.0
2023-06-07 00:00:00-04:00,9.119999885559082,9.600000381469727,9.119999885559082,9.4399995803833,3838,0.0,0.0
2023-06-08 00:00:00-04:00,9.279999732971191,9.48799991607666,9.279999732971191,9.279999732971191,538,0.0,0.0
2023-06-09 00:00:00-04:00,9.4399995803833,10.800000190734863,9.119999885559082,9.760000228881836,22488,0.0,0.0
2023-06-12 00:00:00-04:00,9.920000076293945,9.920000076293945,9.359999656677246,9.4399995803833,3638,0.0,0.0
2023-06-13 00:00:00-04:00,9.680000305175781,10.319999694824219,9.4399995803833,9.84000015258789,6838,0.0,0.0
2023-06-14 00:00:00-04:00,9.920000076293945,10.079999923706055,9.359999656677246,9.600000381469727,3913,0.0,0.0
2023-06-15 00:00:00-04:00,9.600000381469727,9.680000305175781,9.359999656677246,9.51200008392334,2300,0.0,0.0
2023-06-16 00:00:00-04:00,9.84000015258789,9.84000015258789,9.119999885559082,9.279999732971191,5325,0.0,0.0
2023-06-20 00:00:00-04:00,9.119999885559082,9.272000312805176,8.640000343322754,8.720000267028809,4438,0.0,0.0
2023-06-21 00:00:00-04:00,8.911999702453613,9.263999938964844,8.479999542236328,8.720000267028809,4275,0.0,0.0
2023-06-22 00:00:00-04:00,8.479999542236328,8.800000190734863,8.399999618530273,8.479999542236328,1338,0.0,0.0
2023-06-23 00:00:00-04:00,8.67199993133545,8.67199993133545,8.479999542236328,8.479999542236328,438,0.0,0.0
2023-06-26 00:00:00-04:00,8.479999542236328,8.831999778747559,8.15999984741211,8.5600004196167,2900,0.0,0.0
2023-06-27 00:00:00-04:00,8.640000343322754,8.704000473022461,8.15999984741211,8.479999542236328,2038,0.0,0.0
2023-06-28 00:00:00-04:00,8.399999618530273,8.5600004196167,8.319999694824219,8.5600004196167,2813,0.0,0.0
2023-06-29 00:00:00-04:00,8.640000343322754,8.800000190734863,8.399999618530273,8.416000366210938,1025,0.0,0.0
2023-06-30 00:00:00-04:00,8.479999542236328,8.800000190734863,8.399999618530273,8.800000190734863,1500,0.0,0.0
2023-07-03 00:00:00-04:00,8.880000114440918,9.359999656677246,8.880000114440918,9.119999885559082,2850,0.0,0.0
2023-07-05 00:00:00-04:00,9.279999732971191,10.479999542236328,9.079999923706055,9.4399995803833,58363,0.0,0.0
2023-07-06 00:00:00-04:00,9.359999656677246,9.359999656677246,8.800000190734863,8.880000114440918,10200,0.0,0.0
2023-07-07 00:00:00-04:00,8.720000267028809,9.199999809265137,8.479999542236328,8.880000114440918,2325,0.0,0.0
2023-07-10 00:00:00-04:00,8.880000114440918,9.359999656677246,8.800000190734863,9.039999961853027,3875,0.0,0.0
2023-07-11 00:00:00-04:00,8.960000038146973,9.600000381469727,8.640000343322754,9.031999588012695,9400,0.0,0.0
2023-07-12 00:00:00-04:00,9.199999809265137,9.199999809265137,8.640000343322754,8.800000190734863,3463,0.0,0.0
2023-07-13 00:00:00-04:00,8.968000411987305,8.968000411987305,8.720000267028809,8.720000267028809,2700,0.0,0.0
2023-07-14 00:00:00-04:00,8.640000343322754,8.880000114440918,8.640000343322754,8.640000343322754,1775,0.0,0.0
2023-07-17 00:00:00-04:00,8.720000267028809,9.199999809265137,8.640000343322754,8.960000038146973,4563,0.0,0.0
2023-07-18 00:00:00-04:00,8.895999908447266,8.904000282287598,8.5600004196167,8.800000190734863,2950,0.0,0.0
2023-07-19 00:00:00-04:00,8.5600004196167,9.119999885559082,8.5600004196167,8.968000411987305,1025,0.0,0.0
2023-07-20 00:00:00-04:00,8.807999610900879,9.039999961853027,8.399999618530273,8.5600004196167,1438,0.0,0.0
2023-07-21 00:00:00-04:00,8.880000114440918,9.119999885559082,8.48799991607666,8.960000038146973,1575,0.0,0.0
2023-07-24 00:00:00-04:00,9.039999961853027,9.104000091552734,8.479999542236328,8.5600004196167,1775,0.0,0.0
2023-07-25 00:00:00-04:00,8.640000343322754,8.640000343322754,8.239999771118164,8.479999542236328,3225,0.0,0.0
2023-07-26 00:00:00-04:00,8.5600004196167,8.760000228881836,8.319999694824219,8.656000137329102,3688,0.0,0.0
2023-07-27 00:00:00-04:00,8.720000267028809,8.720000267028809,8.239999771118164,8.62399959564209,1038,0.0,0.0
2023-07-28 00:00:00-04:00,8.479999542236328,8.640000343322754,8.399999618530273,8.496000289916992,1113,0.0,0.0
2023-07-31 00:00:00-04:00,8.479999542236328,8.640000343322754,8.319999694824219,8.5600004196167,1463,0.0,0.0
2023-08-01 00:00:00-04:00,8.640000343322754,9.039999961853027,8.35200023651123,8.760000228881836,3913,0.0,0.0
2023-08-02 00:00:00-04:00,8.720000267028809,8.800000190734863,8.319999694824219,8.399999618530273,1738,0.0,0.0
2023-08-03 00:00:00-04:00,8.520000457763672,8.751999855041504,8.399999618530273,8.399999618530273,300,0.0,0.0
2023-08-04 00:00:00-04:00,8.960000038146973,9.039999961853027,8.399999618530273,8.399999618530273,2175,0.0,0.0
2023-08-07 00:00:00-04:00,8.5600004196167,9.520000457763672,8.399999618530273,9.4399995803833,9388,0.0,0.0
2023-08-08 00:00:00-04:00,9.4399995803833,9.920000076293945,9.359999656677246,9.680000305175781,6300,0.0,0.0
2023-08-09 00:00:00-04:00,9.680000305175781,9.760000228881836,9.215999603271484,9.279999732971191,2163,0.0,0.0
2023-08-10 00:00:00-04:00,10.5600004196167,10.5600004196167,9.039999961853027,10.079999923706055,200213,0.0,0.0
2023-08-11 00:00:00-04:00,9.4399995803833,10.15999984741211,8.720000267028809,9.199999809265137,12763,0.0,0.0
2023-08-14 00:00:00-04:00,9.760000228881836,10.720000267028809,9.199999809265137,10.239999771118164,49900,0.0,0.0
2023-08-15 00:00:00-04:00,10.640000343322754,11.039999961853027,9.199999809265137,10.239999771118164,36675,0.0,0.0
2023-08-16 00:00:00-04:00,10.399999618530273,11.520000457763672,9.680000305175781,11.359999656677246,23463,0.0,0.0
2023-08-17 00:00:00-04:00,11.279999732971191,12.960000038146973,10.640000343322754,12.640000343322754,59288,0.0,0.0
2023-08-18 00:00:00-04:00,12.960000038146973,15.039999961853027,12.960000038146973,14.5600004196167,72513,0.0,0.0
2023-08-21 00:00:00-04:00,15.680000305175781,19.440000534057617,14.800000190734863,17.719999313354492,173838,0.0,0.0
2023-08-22 00:00:00-04:00,18.959999084472656,21.920000076293945,17.1200008392334,18.399999618530273,91913,0.0,0.0
2023-08-23 00:00:00-04:00,20.559999465942383,21.520000457763672,18.15999984741211,20.0,155238,0.0,0.0
2023-08-24 00:00:00-04:00,20.0,20.15999984741211,17.68000030517578,18.399999618530273,46675,0.0,0.0
2023-08-25 00:00:00-04:00,17.68000030517578,19.1200008392334,13.279999732971191,14.800000190734863,59725,0.0,0.0
2023-08-28 00:00:00-04:00,14.5600004196167,17.920000076293945,14.5600004196167,16.479999542236328,54750,0.0,0.0
2023-08-29 00:00:00-04:00,16.0,16.8799991607666,15.199999809265137,15.600000381469727,22675,0.0,0.0
2023-08-30 00:00:00-04:00,15.199999809265137,15.199999809265137,13.119999885559082,13.359999656677246,16700,0.0,0.0
2023-08-31 00:00:00-04:00,13.199999809265137,14.0,11.279999732971191,12.15999984741211,13288,0.0,0.0
2023-09-01 00:00:00-04:00,12.399999618530273,13.079999923706055,10.880000114440918,11.760000228881836,17775,0.0,0.0
2023-09-05 00:00:00-04:00,11.4399995803833,11.920000076293945,10.960000038146973,11.199999809265137,10050,0.0,0.0
2023-09-06 00:00:00-04:00,11.039999961853027,11.359999656677246,10.079999923706055,10.720000267028809,6413,0.0,0.0
2023-09-07 00:00:00-04:00,10.479999542236328,10.784000396728516,10.0,10.479999542236328,6450,0.0,0.0
2023-09-08 00:00:00-04:00,10.079999923706055,11.432000160217285,10.0,10.359999656677246,23900,0.0,0.0
2023-09-11 00:00:00-04:00,11.199999809265137,11.760000228881836,10.239999771118164,10.640000343322754,11588,0.0,0.0
2023-09-12 00:00:00-04:00,10.479999542236328,10.727999687194824,10.15999984741211,10.15999984741211,7913,0.0,0.0
2023-09-13 00:00:00-04:00,10.15999984741211,10.880000114440918,10.15999984741211,10.800000190734863,5950,0.0,0.0
2023-09-14 00:00:00-04:00,10.239999771118164,10.880000114440918,10.239999771118164,10.720000267028809,5225,0.0,0.0
2023-09-15 00:00:00-04:00,10.479999542236328,10.640000343322754,10.399999618530273,10.399999618530273,3638,0.0,0.0
2023-09-18 00:00:00-04:00,10.800000190734863,10.800000190734863,9.008000373840332,9.359999656677246,12163,0.0,0.0
2023-09-19 00:00:00-04:00,9.520000457763672,9.680000305175781,9.079999923706055,9.359999656677246,6288,0.0,0.0
2023-09-20 00:00:00-04:00,9.84000015258789,10.800000190734863,9.4399995803833,9.600000381469727,39050,0.0,0.0
2023-09-21 00:00:00-04:00,9.279999732971191,9.520000457763672,6.559999942779541,7.544000148773193,25675,0.0,0.0
2023-09-22 00:00:00-04:00,7.440000057220459,8.800000190734863,7.0,7.239999771118164,8600,0.0,0.0
2023-09-25 00:00:00-04:00,7.199999809265137,7.199999809265137,6.4720001220703125,6.71999979019165,10200,0.0,0.0
2023-09-26 00:00:00-04:00,6.800000190734863,7.679999828338623,6.480000019073486,7.047999858856201,12250,0.0,0.0
2023-09-27 00:00:00-04:00,7.4720001220703125,7.599999904632568,7.0,7.23199987411499,4663,0.0,0.0
2023-09-28 00:00:00-04:00,7.007999897003174,7.599999904632568,7.0,7.199999809265137,3213,0.0,0.0
2023-09-29 00:00:00-04:00,7.159999847412109,7.440000057220459,6.679999828338623,6.9120001792907715,5163,0.0,0.0
2023-10-02 00:00:00-04:00,6.831999778747559,7.263999938964844,6.607999801635742,6.863999843597412,2275,0.0,0.0
2023-10-03 00:00:00-04:00,7.208000183105469,7.208000183105469,6.639999866485596,6.688000202178955,1288,0.0,0.0
2023-10-04 00:00:00-04:00,6.559999942779541,7.119999885559082,6.480000019073486,7.0960001945495605,2563,0.0,0.0
2023-10-05 00:00:00-04:00,6.960000038146973,7.0879998207092285,6.400000095367432,6.888000011444092,2038,0.0,0.0
2023-10-06 00:00:00-04:00,6.535999774932861,6.880000114440918,6.400000095367432,6.400000095367432,4675,0.0,0.0
2023-10-09 00:00:00-04:00,6.688000202178955,6.791999816894531,6.0,6.0,4788,0.0,0.0
2023-10-10 00:00:00-04:00,6.0879998207092285,6.711999893188477,6.0,6.119999885559082,3900,0.0,0.0
2023-10-11 00:00:00-04:00,6.400000095367432,6.559999942779541,5.791999816894531,5.800000190734863,2613,0.0,0.0
2023-10-12 00:00:00-04:00,5.927999973297119,6.320000171661377,5.800000190734863,5.800000190734863,1975,0.0,0.0
2023-10-13 00:00:00-04:00,5.760000228881836,6.559999942779541,5.760000228881836,5.76800012588501,2738,0.0,0.0
2023-10-16 00:00:00-04:00,5.808000087738037,6.0960001945495605,5.5279998779296875,6.015999794006348,4350,0.0,0.0
2023-10-17 00:00:00-04:00,6.015999794006348,6.320000171661377,5.679999828338623,5.984000205993652,1288,0.0,0.0
2023-10-18 00:00:00-04:00,5.880000114440918,6.552000045776367,5.519999980926514,5.920000076293945,7400,0.0,0.0
2023-10-19 00:00:00-04:00,5.920000076293945,5.920000076293945,5.599999904632568,5.599999904632568,713,0.0,0.0
2023-10-20 00:00:00-04:00,5.519999980926514,6.0,5.519999980926514,6.0,2788,0.0,0.0
2023-10-23 00:00:00-04:00,5.480000019073486,6.239999771118164,5.480000019073486,5.800000190734863,2363,0.0,0.0
2023-10-24 00:00:00-04:00,5.679999828338623,5.9679999351501465,5.440000057220459,5.624000072479248,863,0.0,0.0
2023-10-25 00:00:00-04:00,5.400000095367432,5.943999767303467,4.800000190734863,5.559999942779541,1938,0.0,0.0
2023-10-26 00:00:00-04:00,5.343999862670898,5.760000228881836,5.0,5.504000186920166,2688,0.0,0.0
2023-10-27 00:00:00-04:00,5.119999885559082,5.880000114440918,5.119999885559082,5.599999904632568,4350,0.0,0.0
2023-10-30 00:00:00-04:00,6.71999979019165,7.383999824523926,6.119999885559082,6.440000057220459,641350,0.0,0.0
2023-10-31 00:00:00-04:00,6.559999942779541,6.800000190734863,6.079999923706055,6.639999866485596,42788,0.0,0.0
2023-11-01 00:00:00-04:00,6.271999835968018,7.104000091552734,6.079999923706055,6.624000072479248,24138,0.0,0.0
2023-11-02 00:00:00-04:00,6.800000190734863,8.800000190734863,6.71999979019165,7.760000228881836,72300,0.0,0.0
2023-11-03 00:00:00-04:00,7.840000152587891,7.920000076293945,6.639999866485596,6.760000228881836,13050,0.0,0.0
2023-11-06 00:00:00-05:00,7.111999988555908,7.119999885559082,6.239999771118164,6.328000068664551,11213,0.0,0.0
2023-11-07 00:00:00-05:00,6.815999984741211,6.815999984741211,5.800000190734863,5.840000152587891,6850,0.0,0.0
2023-11-08 00:00:00-05:00,5.840000152587891,6.320000171661377,5.599999904632568,5.776000022888184,7625,0.0,0.0
2023-11-09 00:00:00-05:00,5.776000022888184,6.0,5.607999801635742,5.872000217437744,4238,0.0,0.0
2023-11-10 00:00:00-05:00,5.888000011444092,6.559999942779541,5.888000011444092,6.0,3063,0.0,0.0
2023-11-13 00:00:00-05:00,6.079999923706055,6.368000030517578,5.616000175476074,5.616000175476074,2738,0.0,0.0
2023-11-14 00:00:00-05:00,5.808000087738037,6.072000026702881,5.599999904632568,5.664000034332275,3188,0.0,0.0
2023-11-15 00:00:00-05:00,5.943999767303467,6.239999771118164,5.599999904632568,5.880000114440918,12975,0.0,0.0
2023-11-16 00:00:00-05:00,5.920000076293945,5.920000076293945,5.616000175476074,5.703999996185303,2488,0.0,0.0
2023-11-17 00:00:00-05:00,5.616000175476074,6.0,5.616000175476074,5.631999969482422,1400,0.0,0.0
2023-11-20 00:00:00-05:00,5.863999843597412,6.079999923706055,4.559999942779541,5.599999904632568,19663,0.0,0.0
2023-11-21 00:00:00-05:00,5.751999855041504,5.760000228881836,5.28000020980835,5.464000225067139,4650,0.0,0.0
2023-11-22 00:00:00-05:00,5.736000061035156,5.736000061035156,5.28000020980835,5.392000198364258,850,0.0,0.0
2023-11-24 00:00:00-05:00,5.28000020980835,5.599999904632568,5.28000020980835,5.423999786376953,3150,0.0,0.0
2023-11-27 00:00:00-05:00,5.599999904632568,5.760000228881836,5.119999885559082,5.432000160217285,6375,0.0,0.0
2023-11-28 00:00:00-05:00,5.5920000076293945,5.840000152587891,4.808000087738037,5.440000057220459,10275,0.0,0.0
2023-11-29 00:00:00-05:00,5.432000160217285,5.760000228881836,5.392000198364258,5.559999942779541,4700,0.0,0.0
2023-11-30 00:00:00-05:00,5.464000225067139,5.599999904632568,5.440000057220459,5.440000057220459,1938,0.0,0.0
2023-12-01 00:00:00-05:00,5.440000057220459,5.599999904632568,5.216000080108643,5.480000019073486,4075,0.0,0.0
2023-12-04 00:00:00-05:00,5.447999954223633,5.895999908447266,5.447999954223633,5.679999828338623,12088,0.0,0.0
2023-12-05 00:00:00-05:00,5.639999866485596,5.840000152587891,5.519999980926514,5.519999980926514,2713,0.0,0.0
2023-12-06 00:00:00-05:00,5.51200008392334,5.783999919891357,5.440000057220459,5.5279998779296875,2425,0.0,0.0
2023-12-07 00:00:00-05:00,5.400000095367432,5.631999969482422,5.400000095367432,5.576000213623047,663,0.0,0.0
2023-12-08 00:00:00-05:00,5.71999979019165,5.992000102996826,5.199999809265137,5.28000020980835,2638,0.0,0.0
2023-12-11 00:00:00-05:00,5.519999980926514,5.519999980926514,5.039999961853027,5.360000133514404,2963,0.0,0.0
2023-12-12 00:00:00-05:00,5.360000133514404,5.375999927520752,5.039999961853027,5.119999885559082,2463,0.0,0.0
2023-12-13 00:00:00-05:00,5.199999809265137,5.360000133514404,4.943999767303467,5.263999938964844,4188,0.0,0.0
2023-12-14 00:00:00-05:00,5.248000144958496,5.248000144958496,4.800000190734863,4.880000114440918,8413,0.0,0.0
2023-12-15 00:00:00-05:00,5.440000057220459,5.440000057220459,4.960000038146973,5.28000020980835,5450,0.0,0.0
2023-12-18 00:00:00-05:00,5.464000225067139,5.823999881744385,5.0879998207092285,5.4720001220703125,12225,0.0,0.0
2023-12-19 00:00:00-05:00,5.303999900817871,5.631999969482422,5.296000003814697,5.48799991607666,1913,0.0,0.0
2023-12-20 00:00:00-05:00,5.679999828338623,5.9679999351501465,5.440000057220459,5.599999904632568,7338,0.0,0.0
2023-12-21 00:00:00-05:00,5.703999996185303,5.823999881744385,5.335999965667725,5.360000133514404,3763,0.0,0.0
2023-12-22 00:00:00-05:00,5.360000133514404,5.664000034332275,5.328000068664551,5.360000133514404,1513,0.0,0.0
2023-12-26 00:00:00-05:00,5.343999862670898,5.584000110626221,5.079999923706055,5.559999942779541,1713,0.0,0.0
2023-12-27 00:00:00-05:00,5.360000133514404,5.552000045776367,5.199999809265137,5.400000095367432,3375,0.0,0.0
2023-12-28 00:00:00-05:00,5.360000133514404,5.519999980926514,5.136000156402588,5.4079999923706055,2650,0.0,0.0
2023-12-29 00:00:00-05:00,5.208000183105469,5.599999904632568,5.208000183105469,5.400000095367432,5513,0.0,0.0
2024-01-02 00:00:00-05:00,5.248000144958496,5.559999942779541,5.199999809265137,5.432000160217285,3213,0.0,0.0
2024-01-03 00:00:00-05:00,5.519999980926514,5.519999980926514,4.9120001792907715,5.119999885559082,3388,0.0,0.0
2024-01-04 00:00:00-05:00,5.296000003814697,5.360000133514404,4.960000038146973,5.007999897003174,1200,0.0,0.0
2024-01-05 00:00:00-05:00,5.25600004196167,5.28000020980835,5.039999961853027,5.039999961853027,363,0.0,0.0
2024-01-08 00:00:00-05:00,4.9679999351501465,5.440000057220459,4.800000190734863,4.960000038146973,2125,0.0,0.0
2024-01-09 00:00:00-05:00,5.007999897003174,7.119999885559082,5.007999897003174,5.119999885559082,162050,0.0,0.0
2024-01-10 00:00:00-05:00,5.039999961853027,5.400000095367432,4.888000011444092,5.02400016784668,9663,0.0,0.0
2024-01-11 00:00:00-05:00,5.199999809265137,5.199999809265137,4.440000057220459,4.71999979019165,12188,0.0,0.0
2024-01-12 00:00:00-05:00,5.047999858856201,5.119999885559082,4.559999942779541,4.567999839782715,2538,0.0,0.0
2024-01-16 00:00:00-05:00,4.559999942779541,4.567999839782715,4.320000171661377,4.480000019073486,9813,0.0,0.0
2024-01-17 00:00:00-05:00,4.392000198364258,4.464000225067139,4.056000232696533,4.303999900817871,5375,0.0,0.0
2024-01-18 00:00:00-05:00,4.320000171661377,4.320000171661377,3.2799999713897705,3.680000066757202,7900,0.0,0.0
2024-01-19 00:00:00-05:00,3.5280001163482666,3.8399999141693115,3.5280001163482666,3.8320000171661377,5813,0.0,0.0
2024-01-22 00:00:00-05:00,3.9200000762939453,4.079999923706055,3.696000099182129,3.936000108718872,5300,0.0,0.0
2024-01-23 00:00:00-05:00,3.9839999675750732,4.0,3.696000099182129,3.7679998874664307,2000,0.0,0.0
2024-01-24 00:00:00-05:00,3.696000099182129,3.7679998874664307,3.5199999809265137,3.680000066757202,3538,0.0,0.0
2024-01-25 00:00:00-05:00,3.5199999809265137,3.680000066757202,2.8959999084472656,3.2720000743865967,11875,0.0,0.0
2024-01-26 00:00:00-05:00,3.119999885559082,3.359999895095825,3.119999885559082,3.2720000743865967,4675,0.0,0.0
2024-01-29 00:00:00-05:00,3.328000068664551,3.5199999809265137,3.200000047683716,3.5199999809265137,2138,0.0,0.0
2024-01-30 00:00:00-05:00,3.552000045776367,4.0320000648498535,3.240000009536743,3.7920000553131104,10800,0.0,0.0
2024-01-31 00:00:00-05:00,3.7920000553131104,3.7920000553131104,3.375999927520752,3.375999927520752,2563,0.0,0.0
2024-02-01 00:00:00-05:00,3.440000057220459,3.759999990463257,3.440000057220459,3.5999999046325684,3413,0.0,0.0
2024-02-02 00:00:00-05:00,3.496000051498413,3.5999999046325684,3.440000057220459,3.440000057220459,650,0.0,0.0
2024-02-05 00:00:00-05:00,3.5199999809265137,3.7679998874664307,3.440000057220459,3.447999954223633,5063,0.0,0.0
2024-02-06 00:00:00-05:00,3.440000057220459,3.7839999198913574,3.440000057220459,3.447999954223633,6025,0.0,0.0
2024-02-07 00:00:00-05:00,3.503999948501587,3.640000104904175,3.440000057220459,3.5199999809265137,1088,0.0,0.0
2024-02-08 00:00:00-05:00,3.5999999046325684,3.6480000019073486,3.5199999809265137,3.5199999809265137,513,0.0,0.0
2024-02-09 00:00:00-05:00,3.440000057220459,3.559999942779541,3.440000057220459,3.5199999809265137,375,0.0,0.0
2024-02-12 00:00:00-05:00,3.440000057220459,5.952000141143799,3.0880000591278076,3.559999942779541,359575,0.0,0.0
2024-02-13 00:00:00-05:00,3.5199999809265137,3.9200000762939453,3.200000047683716,3.8320000171661377,64838,0.0,0.0
2024-02-14 00:00:00-05:00,3.808000087738037,3.815999984741211,3.440000057220459,3.5199999809265137,10650,0.0,0.0
2024-02-15 00:00:00-05:00,3.48799991607666,3.5999999046325684,3.328000068664551,3.5199999809265137,13263,0.0,0.0
2024-02-16 00:00:00-05:00,3.6640000343322754,3.799999952316284,3.384000062942505,3.5999999046325684,3613,0.0,0.0
2024-02-20 00:00:00-05:00,3.6559998989105225,4.400000095367432,3.440000057220459,4.079999923706055,28000,0.0,0.0
2024-02-21 00:00:00-05:00,4.0,4.400000095367432,3.7200000286102295,3.9200000762939453,23738,0.0,0.0
2024-02-22 00:00:00-05:00,4.400000095367432,4.559999942779541,3.440000057220459,3.8480000495910645,121375,0.0,0.0
2024-02-23 00:00:00-05:00,3.9200000762939453,3.9200000762939453,3.440000057220459,3.759999990463257,6813,0.0,0.0
2024-02-26 00:00:00-05:00,3.5199999809265137,4.079999923706055,3.440000057220459,3.6480000019073486,25950,0.0,0.0
2024-02-27 00:00:00-05:00,3.6080000400543213,3.9200000762939453,2.9839999675750732,3.2880001068115234,79450,0.0,0.0
2024-02-28 00:00:00-05:00,3.359999895095825,3.359999895095825,2.880000114440918,3.1760001182556152,23063,0.0,0.0
2024-02-29 00:00:00-05:00,3.200000047683716,3.2720000743865967,2.9600000381469727,3.1440000534057617,13338,0.0,0.0
2024-03-01 00:00:00-05:00,3.0399999618530273,3.200000047683716,3.0399999618530273,3.200000047683716,6800,0.0,0.0
2024-03-04 00:00:00-05:00,3.2079999446868896,3.431999921798706,3.1679999828338623,3.240000009536743,6713,0.0,0.0
2024-03-05 00:00:00-05:00,3.359999895095825,3.359999895095825,3.0799999237060547,3.184000015258789,4763,0.0,0.0
2024-03-06 00:00:00-05:00,3.0799999237060547,3.2799999713897705,3.0399999618530273,3.2799999713897705,3175,0.0,0.0
2024-03-07 00:00:00-05:00,3.2799999713897705,3.2799999713897705,3.119999885559082,3.2799999713897705,3350,0.0,0.0
2024-03-08 00:00:00-05:00,3.1519999504089355,3.2799999713897705,3.055999994277954,3.128000020980835,625,0.0,0.0
2024-03-11 00:00:00-04:00,3.0480000972747803,3.184000015258789,3.0480000972747803,3.0480000972747803,1050,0.0,0.0
2024-03-12 00:00:00-04:00,3.200000047683716,3.200000047683716,3.0799999237060547,3.0799999237060547,188,0.0,0.0
2024-03-13 00:00:00-04:00,3.240000009536743,3.359999895095825,3.0799999237060547,3.2320001125335693,22200,0.0,0.0
2024-03-14 00:00:00-04:00,3.200000047683716,3.200000047683716,3.0799999237060547,3.111999988555908,1350,0.0,0.0
2024-03-15 00:00:00-04:00,3.0880000591278076,3.5199999809265137,3.0880000591278076,3.240000009536743,11425,0.0,0.0
2024-03-18 00:00:00-04:00,3.312000036239624,3.359999895095825,3.1440000534057617,3.2239999771118164,6013,0.0,0.0
2024-03-19 00:00:00-04:00,3.2799999713897705,3.680000066757202,3.200000047683716,3.5280001163482666,27725,0.0,0.0
2024-03-20 00:00:00-04:00,3.5999999046325684,3.5999999046325684,3.2239999771118164,3.328000068664551,14700,0.0,0.0
2024-03-21 00:00:00-04:00,3.5999999046325684,3.759999990463257,3.4159998893737793,3.680000066757202,55113,0.0,0.0
2024-03-22 00:00:00-04:00,4.0,4.639999866485596,3.687999963760376,4.271999835968018,78925,0.0,0.0
2024-03-25 00:00:00-04:00,4.216000080108643,4.311999797821045,3.7760000228881836,3.799999952316284,28538,0.0,0.0
2024-03-26 00:00:00-04:00,3.759999990463257,3.759999990463257,3.440000057220459,3.5759999752044678,26338,0.0,0.0
2024-03-27 00:00:00-04:00,3.759999990463257,3.759999990463257,3.368000030517578,3.440000057220459,8700,0.0,0.0
2024-03-28 00:00:00-04:00,3.440000057220459,3.5920000076293945,3.2799999713897705,3.4159998893737793,5988,0.0,0.0
2024-04-01 00:00:00-04:00,3.4639999866485596,4.0,3.2880001068115234,3.4800000190734863,3975,0.0,0.0
2024-04-02 00:00:00-04:00,3.447999954223633,3.8480000495910645,3.447999954223633,3.5999999046325684,9813,0.0,0.0
2024-04-03 00:00:00-04:00,3.680000066757202,3.680000066757202,3.559999942779541,3.5999999046325684,3738,0.0,0.0
2024-04-04 00:00:00-04:00,3.328000068664551,3.615999937057495,3.328000068664551,3.4240000247955322,7113,0.0,0.0
2024-04-05 00:00:00-04:00,3.4639999866485596,3.7760000228881836,3.4639999866485596,3.5999999046325684,4250,0.0,0.0
2024-04-08 00:00:00-04:00,3.680000066757202,3.9200000762939453,3.5999999046325684,3.9200000762939453,6038,0.0,0.0
2024-04-09 00:00:00-04:00,4.047999858856201,4.047999858856201,3.680000066757202,3.7279999256134033,10150,0.0,0.0
2024-04-10 00:00:00-04:00,3.680000066757202,3.9200000762939453,3.680000066757202,3.799999952316284,488,0.0,0.0
2024-04-11 00:00:00-04:00,3.799999952316284,3.992000102996826,3.680000066757202,3.680000066757202,1550,0.0,0.0
2024-04-12 00:00:00-04:00,3.7279999256134033,3.7839999198913574,3.359999895095825,3.5840001106262207,6025,0.0,0.0
2024-04-15 00:00:00-04:00,3.3919999599456787,3.559999942779541,3.384000062942505,3.4560000896453857,61463,0.0,0.0
2024-04-16 00:00:00-04:00,3.552000045776367,4.0,3.1600000858306885,3.8399999141693115,50425,0.0,0.0
2024-04-17 00:00:00-04:00,3.9200000762939453,3.9200000762939453,3.687999963760376,3.687999963760376,22925,0.0,0.0
2024-04-18 00:00:00-04:00,3.9040000438690186,4.079999923706055,3.759999990463257,3.880000114440918,33413,0.0,0.0
2024-04-19 00:00:00-04:00,3.759999990463257,4.415999889373779,3.759999990463257,4.0,49238,0.0,0.0
2024-04-22 00:00:00-04:00,4.0,4.495999813079834,3.680000066757202,4.119999885559082,42363,0.0,0.0
2024-04-23 00:00:00-04:00,4.079999923706055,5.429999828338623,3.9200000762939453,4.150000095367432,760000,0.0,0.125
2024-04-24 00:00:00-04:00,4.070000171661377,4.519999980926514,3.7899999618530273,3.890000104904175,173800,0.0,0.0
2024-04-25 00:00:00-04:00,3.9000000953674316,3.9000000953674316,3.200000047683716,3.4000000953674316,131800,0.0,0.0
2024-04-26 00:00:00-04:00,3.380000114440918,3.940000057220459,3.3320000171661377,3.700000047683716,95500,0.0,0.0
2024-04-29 00:00:00-04:00,3.5899999141693115,4.659999847412109,3.5,4.389999866485596,190600,0.0,0.0
2024-04-30 00:00:00-04:00,4.800000190734863,4.96999979019165,3.9000000953674316,4.047999858856201,142900,0.0,0.0
2024-05-01 00:00:00-04:00,3.9200000762939453,4.639999866485596,3.880000114440918,4.110000133514404,134600,0.0,0.0
2024-05-02 00:00:00-04:00,4.110000133514404,4.59499979019165,4.110000133514404,4.28000020980835,77700,0.0,0.0
2024-05-03 00:00:00-04:00,4.21999979019165,5.489999771118164,4.059999942779541,4.179999828338623,305900,0.0,0.0
2024-05-06 00:00:00-04:00,4.019999980926514,5.21999979019165,4.019999980926514,4.78000020980835,270900,0.0,0.0
2024-05-07 00:00:00-04:00,4.630000114440918,5.840000152587891,4.309999942779541,4.460000038146973,323800,0.0,0.0
2024-05-08 00:00:00-04:00,4.329999923706055,4.789000034332275,4.320000171661377,4.460000038146973,83900,0.0,0.0
2024-05-09 00:00:00-04:00,4.539999961853027,4.880000114440918,4.320000171661377,4.320000171661377,108000,0.0,0.0
2024-05-10 00:00:00-04:00,4.400000095367432,4.539999961853027,4.099999904632568,4.170000076293945,57000,0.0,0.0
2024-05-13 00:00:00-04:00,4.179999828338623,4.443999767303467,3.869999885559082,4.239999771118164,170400,0.0,0.0
2024-05-14 00:00:00-04:00,4.599999904632568,4.869999885559082,4.409999847412109,4.730000019073486,118700,0.0,0.0
2024-05-15 00:00:00-04:00,4.949999809265137,5.739999771118164,4.511000156402588,5.320000171661377,409300,0.0,0.0
2024-05-16 00:00:00-04:00,5.860000133514404,6.1479997634887695,5.019999980926514,5.260000228881836,360200,0.0,0.0
2024-05-17 00:00:00-04:00,5.210000038146973,5.4770002365112305,4.599999904632568,5.010000228881836,87900,0.0,0.0
2024-05-20 00:00:00-04:00,4.920000076293945,5.179999828338623,4.159999847412109,4.239999771118164,83500,0.0,0.0
2024-05-21 00:00:00-04:00,4.159999847412109,4.699999809265137,4.159999847412109,4.53000020980835,100000,0.0,0.0
2024-05-22 00:00:00-04:00,4.53000020980835,4.599999904632568,4.099999904632568,4.25,38600,0.0,0.0
2024-05-23 00:00:00-04:00,4.21999979019165,4.25,3.9000000953674316,3.9800000190734863,36100,0.0,0.0
2024-05-24 00:00:00-04:00,3.9800000190734863,4.010000228881836,3.549999952316284,3.8499999046325684,31700,0.0,0.0
2024-05-28 00:00:00-04:00,3.859999895095825,3.881999969482422,3.4700000286102295,3.559999942779541,52000,0.0,0.0
2024-05-29 00:00:00-04:00,3.640000104904175,3.640000104904175,3.369999885559082,3.450000047683716,33000,0.0,0.0
2024-05-30 00:00:00-04:00,3.5999999046325684,3.5999999046325684,3.3499999046325684,3.430000066757202,12600,0.0,0.0
2024-05-31 00:00:00-04:00,3.630000114440918,3.630000114440918,3.3399999141693115,3.4600000381469727,9700,0.0,0.0
2024-06-03 00:00:00-04:00,3.4600000381469727,3.614000082015991,3.240000009536743,3.4100000858306885,31000,0.0,0.0
2024-06-04 00:00:00-04:00,3.299999952316284,3.5899999141693115,3.240000009536743,3.390000104904175,17600,0.0,0.0
2024-06-05 00:00:00-04:00,3.359999895095825,3.558000087738037,3.119999885559082,3.2799999713897705,21200,0.0,0.0
2024-06-06 00:00:00-04:00,3.1600000858306885,3.3399999141693115,3.0,3.1549999713897705,26800,0.0,0.0
2024-06-07 00:00:00-04:00,3.130000114440918,3.299999952316284,2.880000114440918,2.9600000381469727,27800,0.0,0.0
2024-06-10 00:00:00-04:00,3.0,3.0299999713897705,2.859999895095825,3.0299999713897705,10300,0.0,0.0
2024-06-11 00:00:00-04:00,2.990000009536743,3.2019999027252197,2.9000000953674316,3.009999990463257,49200,0.0,0.0
2024-06-12 00:00:00-04:00,2.990000009536743,3.059999942779541,2.799999952316284,2.950000047683716,37600,0.0,0.0
2024-06-13 00:00:00-04:00,2.9100000858306885,3.200000047683716,2.7699999809265137,2.9200000762939453,66600,0.0,0.0
2024-06-14 00:00:00-04:00,2.8499999046325684,3.1500000953674316,2.6500000953674316,2.809999942779541,48900,0.0,0.0
2024-06-17 00:00:00-04:00,2.759999990463257,2.809999942779541,2.502000093460083,2.690000057220459,45100,0.0,0.0
2024-06-18 00:00:00-04:00,2.6500000953674316,2.9100000858306885,2.549999952316284,2.680000066757202,11100,0.0,0.0
2024-06-20 00:00:00-04:00,2.859999895095825,2.880000114440918,2.549999952316284,2.690000057220459,26200,0.0,0.0
2024-06-21 00:00:00-04:00,2.640000104904175,2.690000057220459,2.4600000381469727,2.5,21500,0.0,0.0
2024-06-24 00:00:00-04:00,2.5,2.5999999046325684,2.3499999046325684,2.4600000381469727,19800,0.0,0.0
2024-06-25 00:00:00-04:00,2.4200000762939453,3.128999948501587,2.4200000762939453,2.6600000858306885,66300,0.0,0.0
2024-06-26 00:00:00-04:00,2.6500000953674316,2.7899999618530273,2.4100000858306885,2.700000047683716,36400,0.0,0.0
2024-06-27 00:00:00-04:00,2.6600000858306885,2.7899999618530273,2.4600000381469727,2.7899999618530273,16100,0.0,0.0
2024-06-28 00:00:00-04:00,2.7899999618530273,2.8499999046325684,2.5799999237060547,2.640000104904175,8000,0.0,0.0
2024-07-01 00:00:00-04:00,2.640000104904175,2.7269999980926514,2.5199999809265137,2.5999999046325684,8200,0.0,0.0
2024-07-02 00:00:00-04:00,2.6449999809265137,2.8299999237060547,2.450000047683716,2.7699999809265137,167300,0.0,0.0
2024-07-03 00:00:00-04:00,2.819999933242798,3.0899999141693115,2.700000047683716,2.890000104904175,82300,0.0,0.0
2024-07-05 00:00:00-04:00,2.799999952316284,2.884000062942505,2.5799999237060547,2.759999990463257,28700,0.0,0.0
2024-07-08 00:00:00-04:00,2.7699999809265137,2.859999895095825,2.509999990463257,2.5199999809265137,25000,0.0,0.0
2024-07-09 00:00:00-04:00,2.5199999809265137,2.759999990463257,2.5199999809265137,2.549999952316284,13200,0.0,0.0
2024-07-10 00:00:00-04:00,2.6700000762939453,2.7799999713897705,2.5299999713897705,2.5299999713897705,18500,0.0,0.0
2024-07-11 00:00:00-04:00,2.559000015258789,2.687000036239624,2.5399999618530273,2.619999885559082,29400,0.0,0.0
2024-07-12 00:00:00-04:00,2.6449999809265137,2.8299999237060547,2.559999942779541,2.7300000190734863,29800,0.0,0.0
2024-07-15 00:00:00-04:00,2.809999942779541,2.993000030517578,2.5999999046325684,2.940000057220459,40900,0.0,0.0
2024-07-16 00:00:00-04:00,2.940000057220459,3.0920000076293945,2.880000114440918,3.009999990463257,38800,0.0,0.0
2024-07-17 00:00:00-04:00,3.0799999237060547,3.1500000953674316,2.990000009536743,3.119999885559082,27400,0.0,0.0
2024-07-18 00:00:00-04:00,3.0799999237060547,3.740000009536743,3.0799999237060547,3.4040000438690186,512200,0.0,0.0
2024-07-19 00:00:00-04:00,3.75,3.75,2.809999942779541,3.2100000381469727,386300,0.0,0.0
2024-07-22 00:00:00-04:00,3.4700000286102295,3.4800000190734863,2.9000000953674316,3.0199999809265137,281800,0.0,0.0
2024-07-23 00:00:00-04:00,2.950000047683716,3.0899999141693115,2.609999895095825,2.9000000953674316,97600,0.0,0.0
2024-07-24 00:00:00-04:00,2.869999885559082,3.0299999713897705,2.5999999046325684,2.619999885559082,32300,0.0,0.0
2024-07-25 00:00:00-04:00,2.630000114440918,3.009999990463257,2.619999885559082,2.75,72600,0.0,0.0
2024-07-26 00:00:00-04:00,2.890000104904175,3.2090001106262207,2.5999999046325684,2.859999895095825,118000,0.0,0.0
2024-07-29 00:00:00-04:00,2.8399999141693115,2.8399999141693115,2.5999999046325684,2.619999885559082,28300,0.0,0.0
2024-07-30 00:00:00-04:00,2.619999885559082,2.819999933242798,2.5,2.5899999141693115,77300,0.0,0.0
2024-07-31 00:00:00-04:00,2.559999942779541,2.819999933242798,2.5,2.6700000762939453,113400,0.0,0.0
2024-08-01 00:00:00-04:00,2.619999885559082,2.930000066757202,2.559999942779541,2.6600000858306885,152100,0.0,0.0
2024-08-02 00:00:00-04:00,2.5799999237060547,2.690000057220459,2.390000104904175,2.440000057220459,40800,0.0,0.0
2024-08-05 00:00:00-04:00,2.3499999046325684,2.3499999046325684,1.899999976158142,2.0199999809265137,51600,0.0,0.0
2024-08-06 00:00:00-04:00,2.0899999141693115,2.0999999046325684,1.9199999570846558,1.9900000095367432,23400,0.0,0.0
2024-08-07 00:00:00-04:00,1.9900000095367432,2.049999952316284,1.899999976158142,1.9199999570846558,13900,0.0,0.0
2024-08-08 00:00:00-04:00,1.9550000429153442,2.0260000228881836,1.940000057220459,1.940000057220459,9900,0.0,0.0
2024-08-09 00:00:00-04:00,1.9700000286102295,2.0399999618530273,1.940000057220459,1.9500000476837158,10400,0.0,0.0
2024-08-12 00:00:00-04:00,1.9600000381469727,2.059999942779541,1.9299999475479126,2.0199999809265137,267800,0.0,0.0
2024-08-13 00:00:00-04:00,2.119999885559082,2.1700000762939453,1.8300000429153442,1.8799999952316284,62300,0.0,0.0
2024-08-14 00:00:00-04:00,2.180000066757202,2.180000066757202,1.8799999952316284,1.9600000381469727,23300,0.0,0.0
2024-08-15 00:00:00-04:00,1.899999976158142,2.0999999046325684,1.899999976158142,2.0,25400,0.0,0.0
2024-08-16 00:00:00-04:00,2.0,2.255000114440918,2.0,2.1500000953674316,22900,0.0,0.0
2024-08-19 00:00:00-04:00,2.119999885559082,2.2300000190734863,2.009999990463257,2.200000047683716,10900,0.0,0.0
2024-08-20 00:00:00-04:00,2.1600000858306885,2.1600000858306885,2.049999952316284,2.0799999237060547,11800,0.0,0.0
2024-08-21 00:00:00-04:00,2.1500000953674316,2.2269999980926514,2.049999952316284,2.119999885559082,27900,0.0,0.0
2024-08-22 00:00:00-04:00,2.171999931335449,2.25,2.0999999046325684,2.109999895095825,36200,0.0,0.0
2024-08-23 00:00:00-04:00,2.1700000762939453,2.2239999771118164,2.109999895095825,2.1500000953674316,35000,0.0,0.0
2024-08-26 00:00:00-04:00,2.1500000953674316,2.180000066757202,1.9500000476837158,2.0199999809265137,36200,0.0,0.0
2024-08-27 00:00:00-04:00,2.0329999923706055,2.130000114440918,2.0329999923706055,2.130000114440918,9800,0.0,0.0
2024-08-28 00:00:00-04:00,2.069999933242798,2.190000057220459,1.940000057220459,1.940000057220459,22900,0.0,0.0
2024-08-29 00:00:00-04:00,1.968999981880188,2.0199999809265137,1.9500000476837158,1.9500000476837158,11200,0.0,0.0
2024-08-30 00:00:00-04:00,1.9500000476837158,1.9500000476837158,1.8600000143051147,1.8600000143051147,13100,0.0,0.0
2024-09-03 00:00:00-04:00,1.9299999475479126,1.9299999475479126,1.7000000476837158,1.7000000476837158,8100,0.0,0.0
2024-09-04 00:00:00-04:00,1.7100000381469727,1.809999942779541,1.7100000381469727,1.7100000381469727,13800,0.0,0.0
2024-09-05 00:00:00-04:00,1.75,1.7699999809265137,1.75,1.753999948501587,5100,0.0,0.0
2024-09-06 00:00:00-04:00,1.7300000190734863,1.7300000190734863,1.6299999952316284,1.659999966621399,21400,0.0,0.0
2024-09-09 00:00:00-04:00,1.5800000429153442,1.659999966621399,1.5800000429153442,1.590000033378601,10200,0.0,0.0
2024-09-10 00:00:00-04:00,1.600000023841858,1.7300000190734863,1.600000023841858,1.659999966621399,58500,0.0,0.0
2024-09-11 00:00:00-04:00,1.7109999656677246,1.7109999656677246,1.559999942779541,1.600000023841858,34800,0.0,0.0
2024-09-12 00:00:00-04:00,1.600000023841858,1.909999966621399,1.600000023841858,1.909999966621399,76700,0.0,0.0
2024-09-13 00:00:00-04:00,1.8799999952316284,2.069999933242798,1.75,1.940000057220459,82500,0.0,0.0
2024-09-16 00:00:00-04:00,1.9900000095367432,2.0199999809265137,1.7599999904632568,1.8700000047683716,36500,0.0,0.0
2024-09-17 00:00:00-04:00,1.8630000352859497,1.9299999475479126,1.7999999523162842,1.8600000143051147,12200,0.0,0.0
2024-09-18 00:00:00-04:00,1.8200000524520874,2.0199999809265137,1.8200000524520874,1.9800000190734863,33900,0.0,0.0
2024-09-19 00:00:00-04:00,2.0299999713897705,2.0299999713897705,1.8200000524520874,1.9040000438690186,21800,0.0,0.0
2024-09-20 00:00:00-04:00,1.8569999933242798,1.8700000047683716,1.75,1.8700000047683716,8300,0.0,0.0
2024-09-23 00:00:00-04:00,1.8300000429153442,1.8300000429153442,1.7200000286102295,1.7300000190734863,9400,0.0,0.0
2024-09-24 00:00:00-04:00,1.7100000381469727,1.7699999809265137,1.649999976158142,1.690000057220459,31500,0.0,0.0
2024-09-25 00:00:00-04:00,1.6799999475479126,1.7300000190734863,1.6299999952316284,1.659999966621399,16300,0.0,0.0
2024-09-26 00:00:00-04:00,1.6699999570846558,1.725000023841858,1.6699999570846558,1.6799999475479126,7300,0.0,0.0
2024-09-27 00:00:00-04:00,1.6799999475479126,1.7829999923706055,1.6699999570846558,1.690000057220459,17200,0.0,0.0
2024-09-30 00:00:00-04:00,1.690000057220459,1.7300000190734863,1.6699999570846558,1.6799999475479126,11100,0.0,0.0
2024-10-01 00:00:00-04:00,1.7059999704360962,1.7300000190734863,1.6399999856948853,1.6699999570846558,11700,0.0,0.0
2024-10-02 00:00:00-04:00,1.8240000009536743,1.8240000009536743,1.659999966621399,1.6799999475479126,10800,0.0,0.0
2024-10-03 00:00:00-04:00,1.6799999475479126,1.6799999475479126,1.6100000143051147,1.6399999856948853,3800,0.0,0.0
2024-10-04 00:00:00-04:00,1.6399999856948853,1.690000057220459,1.6109999418258667,1.6399999856948853,12000,0.0,0.0
2024-10-07 00:00:00-04:00,1.659999966621399,1.7000000476837158,1.559999942779541,1.559999942779541,11500,0.0,0.0
2024-10-08 00:00:00-04:00,1.600000023841858,1.690000057220459,1.5099999904632568,1.5199999809265137,22200,0.0,0.0
2024-10-09 00:00:00-04:00,1.5299999713897705,1.6979999542236328,1.5199999809265137,1.559999942779541,9200,0.0,0.0
2024-10-10 00:00:00-04:00,1.5700000524520874,1.5700000524520874,1.4700000286102295,1.4900000095367432,22000,0.0,0.0
2024-10-11 00:00:00-04:00,1.524999976158142,1.6200000047683716,1.4700000286102295,1.4700000286102295,14500,0.0,0.0
2024-10-14 00:00:00-04:00,1.5299999713897705,1.559999942779541,1.399999976158142,1.399999976158142,12400,0.0,0.0
2024-10-15 00:00:00-04:00,1.440000057220459,1.7000000476837158,1.434999942779541,1.5299999713897705,39200,0.0,0.0
2024-10-16 00:00:00-04:00,1.6200000047683716,1.6740000247955322,1.5299999713897705,1.5800000429153442,17200,0.0,0.0
2024-10-17 00:00:00-04:00,1.6610000133514404,1.7200000286102295,1.5800000429153442,1.659999966621399,39500,0.0,0.0
2024-10-18 00:00:00-04:00,1.7200000286102295,1.909999966621399,1.6319999694824219,1.899999976158142,52300,0.0,0.0
2024-10-21 00:00:00-04:00,1.899999976158142,2.069999933242798,1.809999942779541,1.809999942779541,84700,0.0,0.0
2024-10-22 00:00:00-04:00,1.7799999713897705,1.850000023841858,1.649999976158142,1.7799999713897705,23000,0.0,0.0
2024-10-23 00:00:00-04:00,1.7400000095367432,1.7450000047683716,1.6100000143051147,1.6399999856948853,19700,0.0,0.0
2024-10-24 00:00:00-04:00,1.6410000324249268,1.6929999589920044,1.6200000047683716,1.6799999475479126,13500,0.0,0.0
2024-10-25 00:00:00-04:00,1.659999966621399,1.6670000553131104,1.5800000429153442,1.590000033378601,22600,0.0,0.0
2024-10-28 00:00:00-04:00,1.6699999570846558,1.6699999570846558,1.600000023841858,1.6399999856948853,5400,0.0,0.0
2024-10-29 00:00:00-04:00,1.6200000047683716,1.6699999570846558,1.6200000047683716,1.6699999570846558,7600,0.0,0.0
2024-10-30 00:00:00-04:00,1.6629999876022339,1.6699999570846558,1.5800000429153442,1.590000033378601,6100,0.0,0.0
2024-10-31 00:00:00-04:00,1.5800000429153442,1.5800000429153442,1.5,1.5099999904632568,23700,0.0,0.0
2024-11-01 00:00:00-04:00,1.5099999904632568,1.562000036239624,1.4800000190734863,1.4800000190734863,10300,0.0,0.0
2024-11-04 00:00:00-05:00,1.5399999618530273,1.8200000524520874,1.4850000143051147,1.6799999475479126,145400,0.0,0.0
2024-11-05 00:00:00-05:00,1.690000057220459,1.7599999904632568,1.5299999713897705,1.6150000095367432,22000,0.0,0.0
2024-11-06 00:00:00-05:00,1.680999994277954,1.680999994277954,1.5,1.5199999809265137,78700,0.0,0.0
2024-11-07 00:00:00-05:00,1.5160000324249268,1.600000023841858,1.5,1.5700000524520874,5500,0.0,0.0
2024-11-08 00:00:00-05:00,1.5199999809265137,1.6369999647140503,1.4600000381469727,1.6200000047683716,40600,0.0,0.0
2024-11-11 00:00:00-05:00,1.600000023841858,1.6399999856948853,1.5099999904632568,1.5800000429153442,22400,0.0,0.0
2024-11-12 00:00:00-05:00,1.5449999570846558,1.600000023841858,1.5,1.5499999523162842,15100,0.0,0.0
2024-11-13 00:00:00-05:00,1.5,1.5499999523162842,1.468999981880188,1.503999948501587,28900,0.0,0.0
2024-11-14 00:00:00-05:00,1.4700000286102295,1.7450000047683716,1.4700000286102295,1.7350000143051147,73000,0.0,0.0
2024-11-15 00:00:00-05:00,1.7799999713897705,1.7799999713897705,1.5299999713897705,1.5299999713897705,29200,0.0,0.0
2024-11-18 00:00:00-05:00,1.5399999618530273,1.659999966621399,1.4700000286102295,1.4700000286102295,22400,0.0,0.0
2024-11-19 00:00:00-05:00,1.5290000438690186,1.5290000438690186,1.1799999475479126,1.2100000381469727,53400,0.0,0.0
2024-11-20 00:00:00-05:00,1.2599999904632568,1.2599999904632568,1.059999942779541,1.1200000047683716,69200,0.0,0.0
2024-11-21 00:00:00-05:00,1.121000051498413,1.2300000190734863,1.0950000286102295,1.1200000047683716,133700,0.0,0.0
2024-11-22 00:00:00-05:00,1.1200000047683716,1.5399999618530273,1.090000033378601,1.350000023841858,526100,0.0,0.0
2024-11-25 00:00:00-05:00,1.4500000476837158,1.6100000143051147,1.2799999713897705,1.5110000371932983,1920700,0.0,0.0
2024-11-26 00:00:00-05:00,1.399999976158142,1.4800000190734863,1.309999942779541,1.440000057220459,173900,0.0,0.0
2024-11-27 00:00:00-05:00,1.4700000286102295,1.4700000286102295,1.309999942779541,1.340000033378601,71100,0.0,0.0
2024-11-29 00:00:00-05:00,1.2899999618530273,1.309999942779541,1.2599999904632568,1.2899999618530273,47600,0.0,0.0
2024-12-02 00:00:00-05:00,1.2899999618530273,1.3700000047683716,1.0859999656677246,1.2640000581741333,789800,0.0,0.0
2024-12-03 00:00:00-05:00,1.2699999809265137,1.2999999523162842,1.1699999570846558,1.2699999809265137,99700,0.0,0.0
2024-12-04 00:00:00-05:00,1.2599999904632568,1.2699999809265137,1.1699999570846558,1.2230000495910645,51600,0.0,0.0
2024-12-05 00:00:00-05:00,1.2200000286102295,1.2200000286102295,1.1729999780654907,1.2000000476837158,36500,0.0,0.0
2024-12-06 00:00:00-05:00,1.2100000381469727,1.600000023841858,1.190000057220459,1.3240000009536743,952400,0.0,0.0
2024-12-09 00:00:00-05:00,1.350000023841858,1.590000033378601,1.309999942779541,1.5,402900,0.0,0.0
2024-12-10 00:00:00-05:00,1.4800000190734863,1.4900000095367432,1.3300000429153442,1.3899999856948853,150400,0.0,0.0
2024-12-11 00:00:00-05:00,1.340000033378601,1.4299999475479126,1.2999999523162842,1.3200000524520874,104100,0.0,0.0
2024-12-12 00:00:00-05:00,1.309999942779541,1.3480000495910645,1.2599999904632568,1.2599999904632568,54000,0.0,0.0
2024-12-13 00:00:00-05:00,1.2400000095367432,1.25,1.159999966621399,1.1799999475479126,74300,0.0,0.0
2024-12-16 00:00:00-05:00,1.2000000476837158,1.225000023841858,1.0499999523162842,1.1399999856948853,96600,0.0,0.0
2024-12-17 00:00:00-05:00,1.1679999828338623,1.1799999475479126,1.090000033378601,1.1299999952316284,93900,0.0,0.0
2024-12-18 00:00:00-05:00,1.1100000143051147,1.1699999570846558,1.090000033378601,1.1200000047683716,149400,0.0,0.0
2024-12-19 00:00:00-05:00,1.1200000047683716,1.4500000476837158,1.100000023841858,1.350000023841858,457700,0.0,0.0
2024-12-20 00:00:00-05:00,5.550000190734863,7.940000057220459,3.9200000762939453,4.25,121038800,0.0,0.0
2024-12-23 00:00:00-05:00,4.269999980926514,5.099999904632568,3.7300000190734863,4.78000020980835,2323400,0.0,0.0
2024-12-24 00:00:00-05:00,4.260000228881836,4.46999979019165,3.746000051498413,4.170000076293945,549000,0.0,0.0
2024-12-26 00:00:00-05:00,3.9800000190734863,4.422999858856201,3.869999885559082,4.21999979019165,439300,0.0,0.0
2024-12-27 00:00:00-05:00,8.960000038146973,9.399999618530273,5.75,6.510000228881836,33172800,0.0,0.0
2024-12-30 00:00:00-05:00,5.400000095367432,5.590000152587891,4.409999847412109,4.409999847412109,1503100,0.0,0.0
2024-12-31 00:00:00-05:00,4.889999866485596,5.0,4.244999885559082,4.269999980926514,608400,0.0,0.0
2025-01-02 00:00:00-05:00,4.349999904632568,4.630000114440918,4.110000133514404,4.369999885559082,348200,0.0,0.0
2025-01-03 00:00:00-05:00,4.28000020980835,4.5,4.139999866485596,4.25,338100,0.0,0.0
2025-01-06 00:00:00-05:00,4.25,4.480000019073486,3.7750000953674316,3.9000000953674316,444500,0.0,0.0
2025-01-07 00:00:00-05:00,3.7899999618530273,3.8989999294281006,2.940999984741211,3.0,361100,0.0,0.0
2025-01-08 00:00:00-05:00,2.9200000762939453,3.010999917984009,2.240000009536743,2.559999942779541,203700,0.0,0.0
2025-01-10 00:00:00-05:00,2.5399999618530273,3.0759999752044678,2.450000047683716,2.700000047683716,387500,0.0,0.0
2025-01-13 00:00:00-05:00,2.5799999237060547,2.680000066757202,2.240000009536743,2.4000000953674316,709200,0.0,0.0
2025-01-14 00:00:00-05:00,2.509999990463257,2.940000057220459,2.490000009536743,2.609999895095825,558200,0.0,0.0
2025-01-15 00:00:00-05:00,2.559999942779541,2.759999990463257,2.4000000953674316,2.549999952316284,107700,0.0,0.0
2025-01-16 00:00:00-05:00,2.509999990463257,2.700000047683716,2.4000000953674316,2.6700000762939453,267500,0.0,0.0
2025-01-17 00:00:00-05:00,2.5999999046325684,3.1480000019073486,2.559999942779541,2.8499999046325684,398100,0.0,0.0
2025-01-21 00:00:00-05:00,2.7899999618530273,2.799999952316284,2.5799999237060547,2.680000066757202,176900,0.0,0.0
2025-01-22 00:00:00-05:00,2.5899999141693115,2.75,2.0299999713897705,2.069999933242798,575800,0.0,0.0
2025-01-23 00:00:00-05:00,2.0799999237060547,2.450000047683716,1.9600000381469727,1.9800000190734863,213700,0.0,0.0
2025-01-24 00:00:00-05:00,1.9800000190734863,2.25,1.8899999856948853,2.200000047683716,115800,0.0,0.0
2025-01-27 00:00:00-05:00,2.200000047683716,2.200000047683716,1.9210000038146973,2.0,70800,0.0,0.0
2025-01-28 00:00:00-05:00,1.9800000190734863,2.0299999713897705,1.809999942779541,1.8700000047683716,79300,0.0,0.0
2025-01-29 00:00:00-05:00,1.8200000524520874,1.965000033378601,1.8200000524520874,1.9199999570846558,45300,0.0,0.0
2025-01-30 00:00:00-05:00,1.9900000095367432,1.9900000095367432,1.850000023841858,1.8799999952316284,26400,0.0,0.0
2025-01-31 00:00:00-05:00,1.909999966621399,1.9859999418258667,1.8899999856948853,1.9199999570846558,28500,0.0,0.0
2025-02-03 00:00:00-05:00,1.8899999856948853,2.1600000858306885,1.8799999952316284,2.119999885559082,355500,0.0,0.0
2025-02-04 00:00:00-05:00,2.059999942779541,2.299999952316284,1.9299999475479126,2.049999952316284,314800,0.0,0.0
2025-02-05 00:00:00-05:00,2.059999942779541,2.059999942779541,1.909999966621399,2.0,77800,0.0,0.0
2025-02-06 00:00:00-05:00,1.8600000143051147,2.0,1.8600000143051147,1.909999966621399,35200,0.0,0.0
2025-02-07 00:00:00-05:00,1.909999966621399,1.9299999475479126,1.8300000429153442,1.840000033378601,27600,0.0,0.0
2025-02-10 00:00:00-05:00,1.840000033378601,1.9500000476837158,1.8209999799728394,1.8799999952316284,63000,0.0,0.0
2025-02-11 00:00:00-05:00,1.9199999570846558,1.9500000476837158,1.8200000524520874,1.8200000524520874,27200,0.0,0.0
2025-02-12 00:00:00-05:00,1.840000033378601,1.8799999952316284,1.7000000476837158,1.7599999904632568,77300,0.0,0.0
2025-02-13 00:00:00-05:00,1.7200000286102295,1.7799999713897705,1.6699999570846558,1.7400000095367432,36800,0.0,0.0
2025-02-14 00:00:00-05:00,1.7599999904632568,1.8600000143051147,1.7300000190734863,1.7899999618530273,67800,0.0,0.0
2025-02-18 00:00:00-05:00,1.7899999618530273,1.850000023841858,1.7419999837875366,1.809999942779541,31100,0.0,0.0
2025-02-19 00:00:00-05:00,1.7799999713897705,1.8480000495910645,1.7799999713897705,1.8200000524520874,17300,0.0,0.0
2025-02-20 00:00:00-05:00,1.840000033378601,1.9500000476837158,1.8200000524520874,1.899999976158142,46100,0.0,0.0
2025-02-21 00:00:00-05:00,1.9199999570846558,2.0260000228881836,1.8799999952316284,1.9299999475479126,51600,0.0,0.0
2025-02-24 00:00:00-05:00,1.9299999475479126,1.9299999475479126,1.6699999570846558,1.7100000381469727,51500,0.0,0.0
2025-02-25 00:00:00-05:00,1.7100000381469727,1.75,1.5850000381469727,1.6299999952316284,42900,0.0,0.0
2025-02-26 00:00:00-05:00,1.6200000047683716,1.6799999475479126,1.6100000143051147,1.6200000047683716,11700,0.0,0.0
2025-02-27 00:00:00-05:00,1.7599999904632568,1.7599999904632568,1.5110000371932983,1.5700000524520874,24800,0.0,0.0
2025-02-28 00:00:00-05:00,1.5199999809265137,1.5399999618530273,1.350000023841858,1.3700000047683716,82200,0.0,0.0
2025-03-03 00:00:00-05:00,1.3700000047683716,1.559999942779541,1.3700000047683716,1.4500000476837158,78400,0.0,0.0
2025-03-04 00:00:00-05:00,1.4500000476837158,1.5800000429153442,1.4199999570846558,1.5700000524520874,45800,0.0,0.0
2025-03-05 00:00:00-05:00,1.559999942779541,1.5700000524520874,1.434000015258789,1.4850000143051147,32900,0.0,0.0
2025-03-06 00:00:00-05:00,1.5,1.5299999713897705,1.3930000066757202,1.409999966621399,25200,0.0,0.0
2025-03-07 00:00:00-05:00,1.4199999570846558,1.4259999990463257,1.2699999809265137,1.350000023841858,63300,0.0,0.0
2025-03-10 00:00:00-04:00,1.350000023841858,1.350000023841858,1.2000000476837158,1.2699999809265137,103700,0.0,0.0
2025-03-11 00:00:00-04:00,1.2599999904632568,1.2599999904632568,1.0700000524520874,1.2200000286102295,148600,0.0,0.0
2025-03-12 00:00:00-04:00,1.190000057220459,1.350000023841858,1.190000057220459,1.350000023841858,34800,0.0,0.0
2025-03-13 00:00:00-04:00,1.350000023841858,1.5099999904632568,1.2400000095367432,1.25,64900,0.0,0.0
2025-03-14 00:00:00-04:00,1.25,1.309999942779541,1.2000000476837158,1.2599999904632568,33200,0.0,0.0
2025-03-17 00:00:00-04:00,1.2599999904632568,1.3229999542236328,1.2599999904632568,1.2999999523162842,14800,0.0,0.0
2025-03-18 00:00:00-04:00,1.2999999523162842,1.2999999523162842,1.2100000381469727,1.2599999904632568,25900,0.0,0.0
2025-03-19 00:00:00-04:00,1.2599999904632568,1.2899999618530273,1.2300000190734863,1.2799999713897705,7800,0.0,0.0
2025-03-20 00:00:00-04:00,1.2599999904632568,1.2730000019073486,1.2300000190734863,1.2300000190734863,7700,0.0,0.0
2025-03-21 00:00:00-04:00,1.2400000095367432,1.277999997138977,1.2300000190734863,1.25,14400,0.0,0.0
2025-03-24 00:00:00-04:00,1.25,1.2799999713897705,1.2400000095367432,1.2799999713897705,6800,0.0,0.0
2025-03-25 00:00:00-04:00,1.2999999523162842,1.3300000429153442,1.2799999713897705,1.2899999618530273,17800,0.0,0.0
2025-03-26 00:00:00-04:00,1.2899999618530273,1.2899999618530273,1.25,1.2799999713897705,6700,0.0,0.0
2025-03-27 00:00:00-04:00,1.2599999904632568,1.2599999904632568,1.2300000190734863,1.2599999904632568,11700,0.0,0.0
2025-03-28 00:00:00-04:00,1.25,1.840000033378601,1.180999994277954,1.7899999618530273,11891700,0.0,0.0
2025-03-31 00:00:00-04:00,2.049999952316284,3.0399999618530273,1.399999976158142,1.4299999475479126,57067800,0.0,0.0
2025-04-01 00:00:00-04:00,1.593000054359436,1.600000023841858,1.2899999618530273,1.4299999475479126,1462800,0.0,0.0
2025-04-02 00:00:00-04:00,1.2300000190734863,1.3600000143051147,1.2100000381469727,1.3300000429153442,531800,0.0,0.0
2025-04-03 00:00:00-04:00,1.25,1.2740000486373901,1.1699999570846558,1.1799999475479126,256900,0.0,0.0
2025-04-04 00:00:00-04:00,1.1699999570846558,1.1699999570846558,1.0110000371932983,1.0800000429153442,312600,0.0,0.0
2025-04-07 00:00:00-04:00,1.0800000429153442,1.190000057220459,1.0199999809265137,1.1299999952316284,153400,0.0,0.0
2025-04-08 00:00:00-04:00,1.100000023841858,1.3200000524520874,1.0700000524520874,1.1699999570846558,351500,0.0,0.0
2025-04-09 00:00:00-04:00,1.149999976158142,1.1799999475479126,1.0700000524520874,1.1799999475479126,204000,0.0,0.0
2025-04-10 00:00:00-04:00,1.190000057220459,1.253999948501587,1.100000023841858,1.1299999952316284,89600,0.0,0.0
2025-04-11 00:00:00-04:00,1.159999966621399,1.340000033378601,1.1200000047683716,1.2599999904632568,703800,0.0,0.0
2025-04-14 00:00:00-04:00,1.25,1.4299999475479126,1.25,1.2999999523162842,346500,0.0,0.0
2025-04-15 00:00:00-04:00,1.2599999904632568,1.3600000143051147,1.2599999904632568,1.309999942779541,124800,0.0,0.0
2025-04-16 00:00:00-04:00,1.2699999809265137,1.4299999475479126,1.2699999809265137,1.3799999952316284,205600,0.0,0.0
2025-04-17 00:00:00-04:00,1.340000033378601,1.5099999904632568,1.3309999704360962,1.4800000190734863,213200,0.0,0.0
2025-04-21 00:00:00-04:00,1.4800000190734863,1.649999976158142,1.4199999570846558,1.4900000095367432,506800,0.0,0.0
2025-04-22 00:00:00-04:00,1.4700000286102295,1.590000033378601,1.4700000286102295,1.5399999618530273,115400,0.0,0.0
2025-04-23 00:00:00-04:00,1.600000023841858,1.6100000143051147,1.4900000095367432,1.4900000095367432,160900,0.0,0.0
2025-04-24 00:00:00-04:00,1.4900000095367432,1.4900000095367432,1.3899999856948853,1.4700000286102295,89800,0.0,0.0
2025-04-25 00:00:00-04:00,1.4600000381469727,1.4600000381469727,1.340000033378601,1.3600000143051147,122500,0.0,0.0
2025-04-28 00:00:00-04:00,1.3600000143051147,1.3899999856948853,1.2599999904632568,1.309999942779541,73400,0.0,0.0
2025-04-29 00:00:00-04:00,1.3600000143051147,1.3600000143051147,1.277999997138977,1.2999999523162842,20700,0.0,0.0
2025-04-30 00:00:00-04:00,1.2899999618530273,1.2899999618530273,1.1200000047683716,1.2200000286102295,115900,0.0,0.0
2025-05-01 00:00:00-04:00,1.2200000286102295,1.2999999523162842,1.2200000286102295,1.2400000095367432,31300,0.0,0.0
2025-05-02 00:00:00-04:00,1.25,1.2999999523162842,1.25,1.2799999713897705,80000,0.0,0.0
2025-05-05 00:00:00-04:00,1.2799999713897705,1.2899999618530273,1.2300000190734863,1.2599999904632568,40500,0.0,0.0
2025-05-06 00:00:00-04:00,1.2599999904632568,1.2599999904632568,1.2050000429153442,1.25,47300,0.0,0.0
2025-05-07 00:00:00-04:00,1.25,1.3300000429153442,1.2400000095367432,1.2899999618530273,138200,0.0,0.0
2025-05-08 00:00:00-04:00,1.2899999618530273,1.3339999914169312,1.25,1.2799999713897705,49300,0.0,0.0
2025-05-09 00:00:00-04:00,1.2699999809265137,1.340000033378601,1.2599999904632568,1.3200000524520874,92700,0.0,0.0
2025-05-12 00:00:00-04:00,1.3200000524520874,1.440000057220459,1.2300000190734863,1.309999942779541,363000,0.0,0.0
2025-05-13 00:00:00-04:00,1.309999942779541,1.3200000524520874,1.2300000190734863,1.2599999904632568,81200,0.0,0.0
2025-05-14 00:00:00-04:00,1.25,1.2899999618530273,1.1200000047683716,1.2000000476837158,166200,0.0,0.0
2025-05-15 00:00:00-04:00,1.2200000286102295,1.2200000286102295,1.1399999856948853,1.149999976158142,41200,0.0,0.0
2025-05-16 00:00:00-04:00,1.1200000047683716,1.159999966621399,1.100000023841858,1.159999966621399,132600,0.0,0.0
2025-05-19 00:00:00-04:00,1.1299999952316284,1.2100000381469727,1.1299999952316284,1.1699999570846558,72800,0.0,0.0
2025-05-20 00:00:00-04:00,1.1699999570846558,1.3300000429153442,1.149999976158142,1.2999999523162842,264000,0.0,0.0
2025-05-21 00:00:00-04:00,1.2999999523162842,1.350000023841858,1.25,1.2699999809265137,159800,0.0,0.0
2025-05-22 00:00:00-04:00,1.2300000190734863,1.2599999904632568,1.1699999570846558,1.2300000190734863,72200,0.0,0.0
2025-05-23 00:00:00-04:00,1.2100000381469727,1.2480000257492065,1.190000057220459,1.2200000286102295,23800,0.0,0.0
2025-05-27 00:00:00-04:00,1.2200000286102295,1.2410000562667847,1.1749999523162842,1.2400000095367432,47900,0.0,0.0
2025-05-28 00:00:00-04:00,1.2300000190734863,1.2699999809265137,1.1799999475479126,1.2300000190734863,64200,0.0,0.0
2025-05-29 00:00:00-04:00,1.2699999809265137,1.2699999809265137,1.190000057220459,1.2400000095367432,83800,0.0,0.0
2025-05-30 00:00:00-04:00,1.2200000286102295,1.2300000190734863,1.190000057220459,1.190000057220459,80700,0.0,0.0
2025-06-02 00:00:00-04:00,1.190000057220459,1.190000057220459,1.1200000047683716,1.1399999856948853,67900,0.0,0.0
2025-06-03 00:00:00-04:00,1.149999976158142,1.2389999628067017,1.1200000047683716,1.2000000476837158,73800,0.0,0.0
2025-06-04 00:00:00-04:00,1.2000000476837158,1.2999999523162842,1.1649999618530273,1.2799999713897705,293300,0.0,0.0
2025-06-05 00:00:00-04:00,1.2799999713897705,1.340000033378601,1.2599999904632568,1.2599999904632568,159100,0.0,0.0
2025-06-06 00:00:00-04:00,1.25,1.2979999780654907,1.215000033378601,1.2699999809265137,48700,0.0,0.0
2025-06-09 00:00:00-04:00,1.2699999809265137,1.4249999523162842,1.25,1.3799999952316284,223100,0.0,0.0
2025-06-10 00:00:00-04:00,1.3600000143051147,1.3600000143051147,1.25,1.25,132300,0.0,0.0
2025-06-11 00:00:00-04:00,1.25,1.309999942779541,1.2200000286102295,1.25,48300,0.0,0.0
2025-06-12 00:00:00-04:00,1.25,1.2549999952316284,1.190000057220459,1.2100000381469727,40000,0.0,0.0
2025-06-13 00:00:00-04:00,1.190000057220459,1.1990000009536743,1.149999976158142,1.1699999570846558,65300,0.0,0.0
2025-06-16 00:00:00-04:00,1.1699999570846558,1.190000057220459,1.1200000047683716,1.1399999856948853,100000,0.0,0.0
2025-06-17 00:00:00-04:00,1.149999976158142,1.149999976158142,1.1100000143051147,1.1299999952316284,59900,0.0,0.0
2025-06-18 00:00:00-04:00,1.1100000143051147,1.1299999952316284,1.1100000143051147,1.1269999742507935,23600,0.0,0.0
2025-06-20 00:00:00-04:00,1.1299999952316284,1.149999976158142,1.1299999952316284,1.1399999856948853,26700,0.0,0.0
2025-06-23 00:00:00-04:00,1.1399999856948853,1.1399999856948853,1.100000023841858,1.1050000190734863,57800,0.0,0.0
2025-06-24 00:00:00-04:00,1.1399999856948853,1.190000057220459,1.1399999856948853,1.190000057220459,44700,0.0,0.0
2025-06-25 00:00:00-04:00,1.1699999570846558,1.2100000381469727,1.159999966621399,1.1749999523162842,30200,0.0,0.0
2025-06-26 00:00:00-04:00,1.190000057220459,1.190000057220459,1.159999966621399,1.190000057220459,36300,0.0,0.0
2025-06-27 00:00:00-04:00,1.190000057220459,1.3799999952316284,1.1859999895095825,1.3380000591278076,337900,0.0,0.0
2025-06-30 00:00:00-04:00,1.3799999952316284,1.3799999952316284,1.2200000286102295,1.2200000286102295,120600,0.0,0.0
2025-07-01 00:00:00-04:00,1.2000000476837158,1.2599999904632568,1.1950000524520874,1.2400000095367432,27500,0.0,0.0
2025-07-02 00:00:00-04:00,1.2300000190734863,1.2699999809265137,1.2100000381469727,1.2300000190734863,68000,0.0,0.0
2025-07-03 00:00:00-04:00,1.2300000190734863,1.2799999713897705,1.2300000190734863,1.2400000095367432,26100,0.0,0.0
2025-07-07 00:00:00-04:00,1.2999999523162842,1.2999999523162842,1.2400000095367432,1.2799999713897705,64500,0.0,0.0
2025-07-08 00:00:00-04:00,1.2799999713897705,1.3200000524520874,1.2799999713897705,1.2999999523162842,44500,0.0,0.0
2025-07-09 00:00:00-04:00,1.2999999523162842,1.399999976158142,1.2999999523162842,1.3899999856948853,109000,0.0,0.0
2025-07-10 00:00:00-04:00,1.3899999856948853,1.3899999856948853,1.3300000429153442,1.350000023841858,72700,0.0,0.0
2025-07-11 00:00:00-04:00,1.340000033378601,1.3899999856948853,1.2599999904632568,1.2999999523162842,107800,0.0,0.0
2025-07-14 00:00:00-04:00,1.2799999713897705,1.2999999523162842,1.2000000476837158,1.2200000286102295,67200,0.0,0.0
2025-07-15 00:00:00-04:00,1.2300000190734863,1.2899999618530273,1.2239999771118164,1.2400000095367432,53400,0.0,0.0
2025-07-16 00:00:00-04:00,1.2999999523162842,1.2999999523162842,1.225000023841858,1.2899999618530273,38800,0.0,0.0
2025-07-17 00:00:00-04:00,1.2899999618530273,1.2999999523162842,1.2599999904632568,1.2799999713897705,41300,0.0,0.0
2025-07-18 00:00:00-04:00,1.2699999809265137,1.2999999523162842,1.2699999809265137,1.2949999570846558,27800,0.0,0.0
2025-07-21 00:00:00-04:00,1.2899999618530273,1.3300000429153442,1.2899999618530273,1.3300000429153442,45300,0.0,0.0
2025-07-22 00:00:00-04:00,1.350000023841858,1.440000057220459,1.2899999618530273,1.4149999618530273,384700,0.0,0.0
2025-07-23 00:00:00-04:00,1.399999976158142,1.4299999475479126,1.3350000381469727,1.3600000143051147,68300,0.0,0.0
2025-07-24 00:00:00-04:00,1.409999966621399,1.5199999809265137,1.340000033378601,1.3799999952316284,493100,0.0,0.0
2025-07-25 00:00:00-04:00,1.3799999952316284,1.399999976158142,1.3600000143051147,1.3700000047683716,77500,0.0,0.0
2025-07-28 00:00:00-04:00,1.3899999856948853,1.3899999856948853,1.3020000457763672,1.340000033378601,50500,0.0,0.0
2025-07-29 00:00:00-04:00,1.3300000429153442,1.4229999780654907,1.3200000524520874,1.3250000476837158,86300,0.0,0.0
2025-07-30 00:00:00-04:00,1.4149999618530273,1.649999976158142,1.3200000524520874,1.3300000429153442,1207900,0.0,0.0
2025-07-31 00:00:00-04:00,1.3700000047683716,1.3700000047683716,1.2300000190734863,1.25,255700,0.0,0.0
2025-08-01 00:00:00-04:00,1.2300000190734863,1.2400000095367432,1.1799999475479126,1.2000000476837158,53800,0.0,0.0
2025-08-04 00:00:00-04:00,1.2000000476837158,1.2619999647140503,1.2000000476837158,1.2400000095367432,111300,0.0,0.0
2025-08-05 00:00:00-04:00,1.2400000095367432,1.274999976158142,1.2079999446868896,1.2300000190734863,70100,0.0,0.0
2025-08-06 00:00:00-04:00,1.2200000286102295,1.2450000047683716,1.190000057220459,1.2000000476837158,55700,0.0,0.0
2025-08-07 00:00:00-04:00,1.3200000524520874,1.3300000429153442,1.2100000381469727,1.2599999904632568,319300,0.0,0.0
2025-08-08 00:00:00-04:00,1.2599999904632568,1.2599999904632568,1.2000000476837158,1.25,108200,0.0,0.0
2025-08-11 00:00:00-04:00,1.2100000381469727,1.309999942779541,1.1799999475479126,1.2799999713897705,162500,0.0,0.0
2025-08-12 00:00:00-04:00,1.2599999904632568,1.3200000524520874,1.25,1.2829999923706055,181500,0.0,0.0
2025-08-13 00:00:00-04:00,1.2699999809265137,1.3799999952316284,1.25,1.2999999523162842,428200,0.0,0.0
2025-08-14 00:00:00-04:00,1.2999999523162842,1.3329999446868896,1.2100000381469727,1.25,76300,0.0,0.0
2025-08-15 00:00:00-04:00,1.2300000190734863,1.2599999904632568,1.1399999856948853,1.190000057220459,128500,0.0,0.0
2025-08-18 00:00:00-04:00,1.2000000476837158,1.2100000381469727,1.1799999475479126,1.2000000476837158,49500,0.0,0.0
2025-08-19 00:00:00-04:00,1.2000000476837158,1.2300000190734863,1.149999976158142,1.1699999570846558,169000,0.0,0.0
2025-08-20 00:00:00-04:00,1.1699999570846558,1.1699999570846558,1.1200000047683716,1.1699999570846558,189400,0.0,0.0
2025-08-21 00:00:00-04:00,1.1699999570846558,1.184999942779541,1.1399999856948853,1.159999966621399,152000,0.0,0.0
2025-08-22 00:00:00-04:00,1.149999976158142,1.2050000429153442,1.149999976158142,1.190000057220459,46200,0.0,0.0
2025-08-25 00:00:00-04:00,1.2000000476837158,1.2109999656677246,1.1690000295639038,1.2000000476837158,85100,0.0,0.0
2025-08-26 00:00:00-04:00,1.190000057220459,1.190000057220459,1.1699999570846558,1.1699999570846558,36700,0.0,0.0
2025-08-27 00:00:00-04:00,1.1699999570846558,1.2300000190734863,1.1699999570846558,1.2100000381469727,61200,0.0,0.0
2025-08-28 00:00:00-04:00,1.2200000286102295,1.2300000190734863,1.2000000476837158,1.2100000381469727,27500,0.0,0.0
2025-08-29 00:00:00-04:00,1.2100000381469727,1.2100000381469727,1.149999976158142,1.149999976158142,47700,0.0,0.0
2025-09-02 00:00:00-04:00,1.149999976158142,1.190000057220459,1.149999976158142,1.1799999475479126,33400,0.0,0.0
2025-09-03 00:00:00-04:00,1.1799999475479126,1.2100000381469727,1.1770000457763672,1.190000057220459,50400,0.0,0.0
2025-09-04 00:00:00-04:00,1.190000057220459,1.2100000381469727,1.1799999475479126,1.2000000476837158,23200,0.0,0.0
2025-09-05 00:00:00-04:00,1.2000000476837158,1.2899999618530273,1.180999994277954,1.2799999713897705,79700,0.0,0.0
2025-09-08 00:00:00-04:00,1.2799999713897705,1.4199999570846558,1.2209999561309814,1.399999976158142,522600,0.0,0.0
2025-09-09 00:00:00-04:00,1.4199999570846558,1.4800000190734863,1.399999976158142,1.437999963760376,250600,0.0,0.0
2025-09-10 00:00:00-04:00,1.440000057220459,1.440000057220459,1.343999981880188,1.4199999570846558,167500,0.0,0.0
2025-09-11 00:00:00-04:00,1.2300000190734863,1.2699999809265137,1.149999976158142,1.2000000476837158,8672000,0.0,0.0
2025-09-12 00:00:00-04:00,1.190000057220459,1.2050000429153442,1.149999976158142,1.1799999475479126,280400,0.0,0.0
2025-09-15 00:00:00-04:00,1.1699999570846558,1.1799999475479126,1.090000033378601,1.149999976158142,249500,0.0,0.0
2025-09-16 00:00:00-04:00,1.149999976158142,1.149999976158142,1.1200000047683716,1.1399999856948853,165600,0.0,0.0
2025-09-17 00:00:00-04:00,1.1399999856948853,1.1399999856948853,1.1100000143051147,1.1200000047683716,99800,0.0,0.0
2025-09-18 00:00:00-04:00,1.1200000047683716,1.190000057220459,1.0800000429153442,1.1649999618530273,255400,0.0,0.0
2025-09-19 00:00:00-04:00,1.1799999475479126,1.25,1.149999976158142,1.2300000190734863,259500,0.0,0.0
2025-09-22 00:00:00-04:00,1.2300000190734863,1.3799999952316284,1.2100000381469727,1.3300000429153442,825700,0.0,0.0
2025-09-23 00:00:00-04:00,1.2999999523162842,1.2999999523162842,1.2000000476837158,1.2300000190734863,172100,0.0,0.0
2025-09-24 00:00:00-04:00,1.2300000190734863,1.2549999952316284,1.2100000381469727,1.2400000095367432,57100,0.0,0.0
2025-09-25 00:00:00-04:00,1.2400000095367432,1.2589999437332153,1.2300000190734863,1.2300000190734863,61900,0.0,0.0
2025-09-26 00:00:00-04:00,1.2400000095367432,1.2400000095367432,1.1699999570846558,1.190000057220459,124100,0.0,0.0
2025-09-29 00:00:00-04:00,1.1799999475479126,1.2000000476837158,1.1410000324249268,1.1799999475479126,97000,0.0,0.0
2025-09-30 00:00:00-04:00,1.190000057220459,1.2000000476837158,1.1649999618530273,1.190000057220459,44700,0.0,0.0
2025-10-01 00:00:00-04:00,1.1799999475479126,1.2200000286102295,1.1699999570846558,1.2100000381469727,47200,0.0,0.0
2025-10-02 00:00:00-04:00,1.2100000381469727,1.25,1.1740000247955322,1.25,75000,0.0,0.0
2025-10-03 00:00:00-04:00,1.2400000095367432,1.2699999809265137,1.2300000190734863,1.2300000190734863,104100,0.0,0.0
2025-10-06 00:00:00-04:00,1.2599999904632568,1.2699999809265137,1.2300000190734863,1.2599999904632568,84500,0.0,0.0
2025-10-07 00:00:00-04:00,1.2599999904632568,1.2799999713897705,1.25,1.2549999952316284,52300,0.0,0.0
2025-10-08 00:00:00-04:00,1.2400000095367432,1.2699999809265137,1.2300000190734863,1.2599999904632568,26500,0.0,0.0
2025-10-09 00:00:00-04:00,1.25,1.2799999713897705,1.2419999837875366,1.2599999904632568,35100,0.0,0.0
2025-10-10 00:00:00-04:00,1.2599999904632568,1.2740000486373901,1.2100000381469727,1.2100000381469727,71100,0.0,0.0
2025-10-13 00:00:00-04:00,1.25,1.253999948501587,1.2100000381469727,1.2400000095367432,30300,0.0,0.0
2025-10-14 00:00:00-04:00,1.2200000286102295,1.25,1.2000000476837158,1.2100000381469727,88200,0.0,0.0
2025-10-15 00:00:00-04:00,1.2200000286102295,1.253999948501587,1.2100000381469727,1.2200000286102295,52500,0.0,0.0
2025-10-16 00:00:00-04:00,1.2200000286102295,1.225000023841858,1.149999976158142,1.1699999570846558,68800,0.0,0.0
2025-10-17 00:00:00-04:00,1.1799999475479126,1.1950000524520874,1.159999966621399,1.1799999475479126,35500,0.0,0.0
2025-10-20 00:00:00-04:00,1.1799999475479126,1.187999963760376,1.1640000343322754,1.1699999570846558,9200,0.0,0.0
2025-10-21 00:00:00-04:00,1.1799999475479126,1.1799999475479126,1.1399999856948853,1.149999976158142,45300,0.0,0.0
2025-10-22 00:00:00-04:00,1.1799999475479126,1.1799999475479126,1.1399999856948853,1.159999966621399,48700,0.0,0.0
2025-10-23 00:00:00-04:00,1.149999976158142,1.159999966621399,1.100000023841858,1.1399999856948853,71100,0.0,0.0
2025-10-24 00:00:00-04:00,1.2000000476837158,1.2000000476837158,1.1399999856948853,1.1799999475479126,34000,0.0,0.0
2025-10-27 00:00:00-04:00,1.1799999475479126,1.2350000143051147,1.159999966621399,1.2200000286102295,71600,0.0,0.0
2025-10-28 00:00:00-04:00,1.2300000190734863,1.2400000095367432,1.1890000104904175,1.190000057220459,44100,0.0,0.0
2025-10-29 00:00:00-04:00,1.2000000476837158,1.215000033378601,1.1699999570846558,1.2100000381469727,71700,0.0,0.0
2025-10-30 00:00:00-04:00,1.2400000095367432,1.2450000047683716,1.190000057220459,1.2100000381469727,88800,0.0,0.0
2025-10-31 00:00:00-04:00,1.190000057220459,1.2000000476837158,1.1799999475479126,1.1799999475479126,25600,0.0,0.0
2025-11-03 00:00:00-05:00,1.1799999475479126,1.1799999475479126,1.1399999856948853,1.1699999570846558,49100,0.0,0.0
2025-11-04 00:00:00-05:00,1.1690000295639038,1.1690000295639038,1.1200000047683716,1.1200000047683716,33700,0.0,0.0
2025-11-05 00:00:00-05:00,1.1200000047683716,1.1729999780654907,1.100000023841858,1.159999966621399,63300,0.0,0.0
2025-11-06 00:00:00-05:00,1.149999976158142,1.159999966621399,1.1100000143051147,1.1299999952316284,68400,0.0,0.0
2025-11-07 00:00:00-05:00,1.1230000257492065,1.159999966621399,1.1200000047683716,1.159999966621399,25800,0.0,0.0
2025-11-10 00:00:00-05:00,1.159999966621399,1.1790000200271606,1.1519999504089355,1.1779999732971191,34400,0.0,0.0
2025-11-11 00:00:00-05:00,1.1799999475479126,1.1799999475479126,1.1100000143051147,1.159999966621399,33900,0.0,0.0
2025-11-12 00:00:00-05:00,1.1460000276565552,1.159000039100647,1.1399999856948853,1.149999976158142,19600,0.0,0.0
2025-11-13 00:00:00-05:00,1.149999976158142,1.156999945640564,1.0800000429153442,1.1100000143051147,74800,0.0,0.0
2025-11-14 00:00:00-05:00,1.1299999952316284,1.1299999952316284,0.9549999833106995,1.0700000524520874,203200,0.0,0.0
2025-11-17 00:00:00-05:00,1.090000033378601,1.090000033378601,1.0,1.0099999904632568,84900,0.0,0.0
2025-11-18 00:00:00-05:00,1.0,1.0299999713897705,0.9769999980926514,1.0299999713897705,30200,0.0,0.0
2025-11-19 00:00:00-05:00,1.0499999523162842,1.0499999523162842,0.800000011920929,0.8370000123977661,215000,0.0,0.0
2025-11-20 00:00:00-05:00,0.8399999737739563,0.875,0.7300000190734863,0.7429999709129333,192700,0.0,0.0
2025-11-21 00:00:00-05:00,0.7799999713897705,0.8309999704360962,0.75,0.7910000085830688,84900,0.0,0.0
2025-11-24 00:00:00-05:00,0.800000011920929,0.9200000166893005,0.7799999713897705,0.8830000162124634,68800,0.0,0.0
2025-11-25 00:00:00-05:00,0.8799999952316284,0.9599999785423279,0.8600000143051147,0.9049999713897705,25300,0.0,0.0
2025-11-26 00:00:00-05:00,0.906000018119812,0.9300000071525574,0.8880000114440918,0.9039999842643738,36100,0.0,0.0
2025-11-28 00:00:00-05:00,0.9399999976158142,1.0,0.9300000071525574,0.9700000286102295,71100,0.0,0.0
2025-12-01 00:00:00-05:00,0.9800000190734863,0.9800000190734863,0.8700000047683716,0.8899999856948853,65300,0.0,0.0
2025-12-02 00:00:00-05:00,0.9700000286102295,1.2100000381469727,0.9100000262260437,1.0299999713897705,4704100,0.0,0.0
2025-12-03 00:00:00-05:00,1.0299999713897705,1.0700000524520874,0.9800000190734863,1.0399999618530273,308000,0.0,0.0
2025-12-04 00:00:00-05:00,1.0499999523162842,1.0499999523162842,0.9819999933242798,1.0099999904632568,248000,0.0,0.0
2025-12-05 00:00:00-05:00,1.0,1.0499999523162842,0.9599999785423279,0.9639999866485596,223300,0.0,0.0
2025-12-08 00:00:00-05:00,0.9810000061988831,1.0,0.9639999866485596,0.9890000224113464,78600,0.0,0.0
2025-12-09 00:00:00-05:00,0.9789999723434448,0.9850000143051147,0.9700000286102295,0.9729999899864197,46400,0.0,0.0
2025-12-10 00:00:00-05:00,0.9649999737739563,0.9800000190734863,0.9150000214576721,0.9300000071525574,197600,0.0,0.0
2025-12-11 00:00:00-05:00,0.9490000009536743,0.9549999833106995,0.9120000004768372,0.9330000281333923,43000,0.0,0.0
2025-12-12 00:00:00-05:00,0.921999990940094,0.9549999833106995,0.9100000262260437,0.9200000166893005,21000,0.0,0.0
2025-12-15 00:00:00-05:00,0.9049999713897705,0.906000018119812,0.8700000047683716,0.8809999823570251,63100,0.0,0.0
2025-12-16 00:00:00-05:00,0.8700000047683716,0.9179999828338623,0.8550000190734863,0.8859999775886536,70500,0.0,0.0
2025-12-17 00:00:00-05:00,0.9200000166893005,0.9200000166893005,0.890999972820282,0.9089999794960022,28300,0.0,0.0
2025-12-18 00:00:00-05:00,0.8999999761581421,0.8999999761581421,0.8610000014305115,0.878000020980835,33500,0.0,0.0
2025-12-19 00:00:00-05:00,0.8640000224113464,0.8700000047683716,0.824999988079071,0.8450000286102295,66900,0.0,0.0
2025-12-22 00:00:00-05:00,0.8370000123977661,0.8899999856948853,0.8339999914169312,0.8700000047683716,92800,0.0,0.0
2025-12-23 00:00:00-05:00,0.8420000076293945,0.8610000014305115,0.8399999737739563,0.843999981880188,42700,0.0,0.0
2025-12-24 00:00:00-05:00,0.8399999737739563,0.8399999737739563,0.800000011920929,0.8199999928474426,21500,0.0,0.0
2025-12-26 00:00:00-05:00,0.8500000238418579,0.8550000190734863,0.8059999942779541,0.8230000138282776,67500,0.0,0.0
2025-12-29 00:00:00-05:00,0.8500000238418579,0.8500000238418579,0.7609999775886536,0.800000011920929,103600,0.0,0.0
2025-12-30 00:00:00-05:00,0.8180000185966492,0.8180000185966492,0.7749999761581421,0.7820000052452087,67400,0.0,0.0
2025-12-31 00:00:00-05:00,0.7730000019073486,0.7850000262260437,0.7509999871253967,0.7580000162124634,59900,0.0,0.0
2026-01-02 00:00:00-05:00,0.7689999938011169,0.8109999895095825,0.7599999904632568,0.8109999895095825,132000,0.0,0.0
2026-01-05 00:00:00-05:00,0.8320000171661377,0.8349999785423279,0.7699999809265137,0.7850000262260437,125100,0.0,0.0
2026-01-06 00:00:00-05:00,0.7799999713897705,0.8169999718666077,0.7789999842643738,0.7829999923706055,55700,0.0,0.0
2026-01-07 00:00:00-05:00,0.7929999828338623,0.824999988079071,0.7929999828338623,0.8009999990463257,37100,0.0,0.0
2026-01-08 00:00:00-05:00,0.8009999990463257,0.8140000104904175,0.7850000262260437,0.7919999957084656,24000,0.0,0.0
2026-01-09 00:00:00-05:00,0.8700000047683716,0.8700000047683716,0.8100000023841858,0.8199999928474426,135800,0.0,0.0
2026-01-12 00:00:00-05:00,0.8700000047683716,1.0,0.8700000047683716,0.9419999718666077,415200,0.0,0.0
2026-01-13 00:00:00-05:00,1.2000000476837158,1.2200000286102295,1.0499999523162842,1.090000033378601,3086900,0.0,0.0
2026-01-14 00:00:00-05:00,1.0199999809265137,1.0399999618530273,0.9300000071525574,0.9700000286102295,595300,0.0,0.0
2026-01-15 00:00:00-05:00,0.949999988079071,0.9800000190734863,0.9100000262260437,0.9300000071525574,183200,0.0,0.0
2026-01-16 00:00:00-05:00,0.9129999876022339,0.9200000166893005,0.8600000143051147,0.8650000095367432,162900,0.0,0.0
2026-01-20 00:00:00-05:00,0.8799999952316284,0.8799999952316284,0.8270000219345093,0.8550000190734863,578300,0.0,0.0
2026-01-21 00:00:00-05:00,0.8550000190734863,0.8759999871253967,0.8199999928474426,0.8349999785423279,128500,0.0,0.0
2026-01-22 00:00:00-05:00,0.8299999833106995,0.8830000162124634,0.8299999833106995,0.8830000162124634,84600,0.0,0.0
2026-01-23 00:00:00-05:00,0.8500000238418579,0.8600000143051147,0.8299999833106995,0.859000027179718,39500,0.0,0.0
2026-01-26 00:00:00-05:00,0.8600000143051147,0.8600000143051147,0.8199999928474426,0.8270000219345093,81000,0.0,0.0
2026-01-27 00:00:00-05:00,0.8399999737739563,0.8759999871253967,0.8100000023841858,0.8600000143051147,86700,0.0,0.0
2026-01-28 00:00:00-05:00,0.871999979019165,0.8799999952316284,0.8100000023841858,0.8289999961853027,180300,0.0,0.0
2026-01-29 00:00:00-05:00,0.8389999866485596,0.8389999866485596,0.7799999713897705,0.7979999780654907,61500,0.0,0.0
2026-01-30 00:00:00-05:00,0.7829999923706055,0.7860000133514404,0.7599999904632568,0.7760000228881836,43100,0.0,0.0
2026-02-02 00:00:00-05:00,0.7609999775886536,0.7799999713897705,0.75,0.7680000066757202,32100,0.0,0.0
2026-02-03 00:00:00-05:00,0.7599999904632568,0.7599999904632568,0.6890000104904175,0.699999988079071,143800,0.0,0.0
2026-02-04 00:00:00-05:00,0.6880000233650208,0.7139999866485596,0.6740000247955322,0.6880000233650208,26700,0.0,0.0
2026-02-05 00:00:00-05:00,0.6919999718666077,0.6990000009536743,0.6100000143051147,0.6230000257492065,149600,0.0,0.0
2026-02-06 00:00:00-05:00,0.6200000047683716,0.6480000019073486,0.6010000109672546,0.6480000019073486,77300,0.0,0.0
2026-02-09 00:00:00-05:00,0.6600000262260437,0.6700000166893005,0.6179999709129333,0.6299999952316284,47900,0.0,0.0
2026-02-10 00:00:00-05:00,0.6299999952316284,0.6650000214576721,0.6209999918937683,0.6449999809265137,41400,0.0,0.0
2026-02-11 00:00:00-05:00,0.6499999761581421,0.652999997138977,0.5849999785423279,0.6039999723434448,53800,0.0,0.0
2026-02-12 00:00:00-05:00,0.6000000238418579,0.6039999723434448,0.503000020980835,0.5690000057220459,76000,0.0,0.0
2026-02-13 00:00:00-05:00,0.5400000214576721,0.5989999771118164,0.5299999713897705,0.5699999928474426,53100,0.0,0.0
2026-02-17 00:00:00-05:00,0.5789999961853027,0.6200000047683716,0.5540000200271606,0.5690000057220459,31900,0.0,0.0
2026-02-18 00:00:00-05:00,0.609000027179718,0.609000027179718,0.5450000166893005,0.550000011920929,25500,0.0,0.0
2026-02-19 00:00:00-05:00,0.5519999861717224,0.5680000185966492,0.5149999856948853,0.5410000085830688,46800,0.0,0.0
2026-02-20 00:00:00-05:00,0.5289999842643738,0.5649999976158142,0.5220000147819519,0.5339999794960022,48600,0.0,0.0
2026-02-23 00:00:00-05:00,0.5529999732971191,0.5529999732971191,0.5090000033378601,0.5109999775886536,36500,0.0,0.0
2026-02-24 00:00:00-05:00,0.5199999809265137,0.546999990940094,0.5199999809265137,0.5299999713897705,31400,0.0,0.0
2026-02-25 00:00:00-05:00,0.527999997138977,0.5509999990463257,0.5099999904632568,0.5320000052452087,27000,0.0,0.0
2026-02-26 00:00:00-05:00,0.5339999794960022,0.550000011920929,0.5320000052452087,0.5339999794960022,24400,0.0,0.0
2026-02-27 00:00:00-05:00,0.5350000262260437,0.5699999928474426,0.5299999713897705,0.5509999990463257,35600,0.0,0.0
2026-03-02 00:00:00-05:00,0.5400000214576721,0.5550000071525574,0.5220000147819519,0.5400000214576721,38200,0.0,0.0
2026-03-03 00:00:00-05:00,0.5180000066757202,0.550000011920929,0.5139999985694885,0.5429999828338623,27200,0.0,0.0
2026-03-04 00:00:00-05:00,0.5350000262260437,0.5699999928474426,0.5249999761581421,0.5440000295639038,31500,0.0,0.0
2026-03-05 00:00:00-05:00,0.5429999828338623,0.5699999928474426,0.5299999713897705,0.5590000152587891,49700,0.0,0.0
2026-03-06 00:00:00-05:00,0.5600000023841858,0.6460000276565552,0.550000011920929,0.6110000014305115,97400,0.0,0.0
2026-03-09 00:00:00-04:00,0.6050000190734863,0.6700000166893005,0.5540000200271606,0.6430000066757202,107600,0.0,0.0
2026-03-10 00:00:00-04:00,0.6259999871253967,0.6800000071525574,0.5809999704360962,0.6140000224113464,72400,0.0,0.0
2026-03-11 00:00:00-04:00,0.6399999856948853,0.6520000100135803,0.6000000238418579,0.6140000224113464,12300,0.0,0.0
2026-03-12 00:00:00-04:00,0.6370000243186951,0.6370000243186951,0.5860000252723694,0.6169999837875366,12000,0.0,0.0
2026-03-13 00:00:00-04:00,0.5899999737739563,0.6499999761581421,0.5400000214576721,0.5619999766349792,81900,0.0,0.0
2026-03-16 00:00:00-04:00,0.5509999990463257,0.6000000238418579,0.5509999990463257,0.5860000252723694,23700,0.0,0.0
2026-03-17 00:00:00-04:00,0.6000000238418579,0.6269999742507935,0.5860000252723694,0.6259999871253967,48400,0.0,0.0
2026-03-18 00:00:00-04:00,0.6349999904632568,0.6349999904632568,0.5799999833106995,0.6200000047683716,14300,0.0,0.0
2026-03-19 00:00:00-04:00,0.6000000238418579,0.6200000047683716,0.5799999833106995,0.6000000238418579,20100,0.0,0.0
2026-03-20 00:00:00-04:00,0.574999988079071,0.6200000047683716,0.5590000152587891,0.6100000143051147,41500,0.0,0.0
2026-03-23 00:00:00-04:00,0.5600000023841858,0.5950000286102295,0.5600000023841858,0.5799999833106995,119400,0.0,0.0
2026-03-24 00:00:00-04:00,0.5680000185966492,0.5879999995231628,0.546999990940094,0.5740000009536743,36000,0.0,0.0
2026-03-25 00:00:00-04:00,0.550000011920929,0.6000000238418579,0.550000011920929,0.5979999899864197,32100,0.0,0.0
2026-03-26 00:00:00-04:00,0.5640000104904175,0.6200000047683716,0.5640000104904175,0.6190000176429749,63600,0.0,0.0
2026-03-27 00:00:00-04:00,0.5680000185966492,0.5950000286102295,0.5680000185966492,0.5899999737739563,19700,0.0,0.0
2026-03-30 00:00:00-04:00,0.6000000238418579,0.6100000143051147,0.5609999895095825,0.6100000143051147,39900,0.0,0.0
2026-03-31 00:00:00-04:00,0.5899999737739563,0.6499999761581421,0.550000011920929,0.578000009059906,180900,0.0,0.0
2026-04-01 00:00:00-04:00,0.5989999771118164,0.6899999976158142,0.5600000023841858,0.6589999794960022,282800,0.0,0.0
2026-04-02 00:00:00-04:00,0.6570000052452087,0.6570000052452087,0.5830000042915344,0.6299999952316284,125300,0.0,0.0
2026-04-06 00:00:00-04:00,0.625,0.6499999761581421,0.5899999737739563,0.6399999856948853,23200,0.0,0.0
2026-04-07 00:00:00-04:00,0.6299999952316284,0.6399999856948853,0.6100000143051147,0.6100000143051147,15000,0.0,0.0
2026-04-08 00:00:00-04:00,0.6589999794960022,0.6800000071525574,0.6100000143051147,0.628000020980835,101900,0.0,0.0
2026-04-09 00:00:00-04:00,0.6629999876022339,0.6700000166893005,0.6150000095367432,0.6449999809265137,23600,0.0,0.0
2026-04-10 00:00:00-04:00,0.6579999923706055,0.6800000071525574,0.6499999761581421,0.6520000100135803,21800,0.0,0.0
2026-04-13 00:00:00-04:00,0.6629999876022339,0.6629999876022339,0.6299999952316284,0.6510000228881836,2400,0.0,0.0
2026-04-14 00:00:00-04:00,0.6399999856948853,0.6710000038146973,0.6349999904632568,0.6349999904632568,16100,0.0,0.0
2026-04-15 00:00:00-04:00,0.6499999761581421,0.6800000071525574,0.6069999933242798,0.640999972820282,13100,0.0,0.0
2026-04-16 00:00:00-04:00,0.6200000047683716,0.699999988079071,0.6200000047683716,0.6700000166893005,104100,0.0,0.0
2026-04-17 00:00:00-04:00,0.6700000166893005,0.699999988079071,0.6610000133514404,0.6710000038146973,36300,0.0,0.0
2026-04-20 00:00:00-04:00,0.6800000071525574,0.699999988079071,0.6700000166893005,0.6899999976158142,25600,0.0,0.0
2026-04-21 00:00:00-04:00,0.6700000166893005,0.6899999976158142,0.6600000262260437,0.6610000133514404,13100,0.0,0.0
2026-04-22 00:00:00-04:00,0.6700000166893005,0.6700000166893005,0.6299999952316284,0.6449999809265137,17100,0.0,0.0
2026-04-23 00:00:00-04:00,0.6399999856948853,0.6499999761581421,0.625,0.625,24300,0.0,0.0
2026-04-24 00:00:00-04:00,0.6299999952316284,0.6499999761581421,0.6299999952316284,0.6330000162124634,13700,0.0,0.0
2026-04-27 00:00:00-04:00,0.6399999856948853,0.6549999713897705,0.6399999856948853,0.6399999856948853,7300,0.0,0.0
2026-04-28 00:00:00-04:00,0.6399999856948853,0.6689000129699707,0.6373000144958496,0.6373000144958496,13129,0.0,0.0
