Date,Open,High,Low,Close,Volume,Dividends,Stock Splits
2022-01-03 00:00:00-05:00,231328.125,232265.625,231328.125,232265.625,13,0.0,0.0
2022-01-04 00:00:00-05:00,232265.625,232265.625,232265.625,232265.625,0,0.0,0.0
2022-01-05 00:00:00-05:00,232031.25,232265.625,232031.25,232031.25,0,0.0,0.0
2022-01-06 00:00:00-05:00,232031.25,232500.0,232031.25,232500.0,2,0.0,0.0
2022-01-07 00:00:00-05:00,232265.625,232734.375,232265.625,232734.375,0,0.0,0.0
2022-01-10 00:00:00-05:00,232265.625,232265.625,232265.625,232265.625,0,0.0,0.0
2022-01-11 00:00:00-05:00,232265.625,232265.625,232265.625,232265.625,0,0.0,0.0
2022-01-12 00:00:00-05:00,232500.0,232500.0,232265.625,232265.625,14,0.0,0.0
2022-01-13 00:00:00-05:00,232031.25,232265.625,232031.25,232265.625,0,0.0,0.0
2022-01-14 00:00:00-05:00,232500.0,232500.0,232500.0,232500.0,1,0.0,0.0
2022-01-18 00:00:00-05:00,232500.0,232500.0,232500.0,232500.0,0,0.0,0.0
2022-01-19 00:00:00-05:00,232265.625,232500.0,232265.625,232500.0,1,0.0,0.0
2022-01-20 00:00:00-05:00,232031.25,232031.25,232031.25,232031.25,2,0.0,0.0
2022-01-21 00:00:00-05:00,232031.25,232031.25,232031.25,232031.25,0,0.0,0.0
2022-01-24 00:00:00-05:00,232031.25,232734.375,232031.25,232734.375,19,0.0,0.0
2022-01-25 00:00:00-05:00,232734.375,232734.375,232734.375,232734.375,0,0.0,0.0
2022-01-26 00:00:00-05:00,232265.625,233437.5,232265.625,232382.8125,4,0.0,0.0
2022-01-27 00:00:00-05:00,232265.625,232265.625,232031.25,232031.25,3,0.0,0.0
2022-01-28 00:00:00-05:00,232500.0,232500.0,232265.625,232265.625,0,0.0,0.0
2022-01-31 00:00:00-05:00,232265.625,232265.625,232265.625,232265.625,0,0.0,0.0
2022-02-01 00:00:00-05:00,233203.125,233203.125,233203.125,233203.125,0,0.0,0.0
2022-02-02 00:00:00-05:00,233203.125,233203.125,233203.125,233203.125,0,0.0,0.0
2022-02-03 00:00:00-05:00,233203.125,233203.125,233203.125,233203.125,0,0.0,0.0
2022-02-04 00:00:00-05:00,232968.75,232968.75,232968.75,232968.75,0,0.0,0.0
2022-02-07 00:00:00-05:00,232968.75,232968.75,232734.375,232734.375,0,0.0,0.0
2022-02-08 00:00:00-05:00,232968.75,232968.75,232500.0,232500.0,3,0.0,0.0
2022-02-09 00:00:00-05:00,232968.75,232968.75,232500.0,232968.75,11,0.0,0.0
2022-02-10 00:00:00-05:00,232734.375,232734.375,232734.375,232734.375,0,0.0,0.0
2022-02-11 00:00:00-05:00,232734.375,232734.375,232734.375,232734.375,0,0.0,0.0
2022-02-14 00:00:00-05:00,232500.0,232500.0,232500.0,232500.0,0,0.0,0.0
2022-02-15 00:00:00-05:00,232500.0,232500.0,232500.0,232500.0,0,0.0,0.0
2022-02-16 00:00:00-05:00,232500.0,232500.0,232500.0,232500.0,0,0.0,0.0
2022-02-17 00:00:00-05:00,232500.0,232500.0,232500.0,232500.0,0,0.0,0.0
2022-02-18 00:00:00-05:00,232500.0,232500.0,232500.0,232500.0,0,0.0,0.0
2022-02-22 00:00:00-05:00,232500.0,232500.0,232500.0,232500.0,0,0.0,0.0
2022-02-23 00:00:00-05:00,232968.75,232968.75,232968.75,232968.75,0,0.0,0.0
2022-02-24 00:00:00-05:00,232734.375,232734.375,232734.375,232734.375,0,0.0,0.0
2022-02-25 00:00:00-05:00,232734.375,232734.375,232734.375,232734.375,0,0.0,0.0
2022-02-28 00:00:00-05:00,232968.75,233203.125,232968.75,232968.75,1,0.0,0.0
2022-03-01 00:00:00-05:00,233203.125,233671.875,233203.125,233437.5,1,0.0,0.0
2022-03-02 00:00:00-05:00,233437.5,233437.5,233437.5,233437.5,0,0.0,0.0
2022-03-03 00:00:00-05:00,233437.5,233437.5,233437.5,233437.5,0,0.0,0.0
2022-03-04 00:00:00-05:00,233906.25,233906.25,233906.25,233906.25,1,0.0,0.0
2022-03-07 00:00:00-05:00,233906.25,233906.25,233906.25,233906.25,0,0.0,0.0
2022-03-08 00:00:00-05:00,233906.25,233906.25,233906.25,233906.25,0,0.0,0.0
2022-03-09 00:00:00-05:00,233906.25,233906.25,233906.25,233906.25,0,0.0,0.0
2022-03-10 00:00:00-05:00,233671.875,234375.0,233671.875,234375.0,0,0.0,0.0
2022-03-11 00:00:00-05:00,233671.875,233906.25,233671.875,233906.25,0,0.0,0.0
2022-03-14 00:00:00-04:00,233906.25,233906.25,233906.25,233906.25,0,0.0,0.0
2022-03-15 00:00:00-04:00,233437.5,233906.25,232968.75,233671.875,5,0.0,0.0
2022-03-16 00:00:00-04:00,233671.875,234140.625,233671.875,234140.625,16,0.0,0.0
2022-03-17 00:00:00-04:00,234140.625,234140.625,234140.625,234140.625,0,0.0,0.0
2022-03-18 00:00:00-04:00,233906.25,233906.25,233906.25,233906.25,13,0.0,0.0
2022-03-21 00:00:00-04:00,233906.25,234375.0,233906.25,234375.0,4,0.0,0.0
2022-03-22 00:00:00-04:00,237468.75,247265.625,232968.75,232968.75,0,0.0,0.0
2022-03-23 00:00:00-04:00,233906.25,233906.25,233906.25,233906.25,1,0.0,0.0
2022-03-24 00:00:00-04:00,233906.25,233906.25,233906.25,233906.25,3,0.0,0.0
2022-03-25 00:00:00-04:00,233906.25,233906.25,233906.25,233906.25,0,0.0,0.0
2022-03-28 00:00:00-04:00,233906.25,233906.25,233906.25,233906.25,0,0.0,0.0
2022-03-29 00:00:00-04:00,233906.25,233906.25,233906.25,233906.25,0,0.0,0.0
2022-03-30 00:00:00-04:00,233906.25,233906.25,233906.25,233906.25,0,0.0,0.0
2022-03-31 00:00:00-04:00,234609.375,234609.375,234609.375,234609.375,6,0.0,0.0
2022-04-01 00:00:00-04:00,234609.375,234609.375,234609.375,234609.375,4,0.0,0.0
2022-04-04 00:00:00-04:00,234609.375,234609.375,234609.375,234609.375,0,0.0,0.0
2022-04-05 00:00:00-04:00,234609.375,234843.75,234375.0,234375.0,38,0.0,0.0
2022-04-06 00:00:00-04:00,234140.625,234375.0,234140.625,234375.0,0,0.0,0.0
2022-04-07 00:00:00-04:00,234140.625,234140.625,234140.625,234140.625,0,0.0,0.0
2022-04-08 00:00:00-04:00,234140.625,234140.625,234140.625,234140.625,0,0.0,0.0
2022-04-11 00:00:00-04:00,234140.625,234140.625,234140.625,234140.625,0,0.0,0.0
2022-04-12 00:00:00-04:00,234140.625,234140.625,234140.625,234140.625,0,0.0,0.0
2022-04-13 00:00:00-04:00,234140.625,234140.625,234140.625,234140.625,0,0.0,0.0
2022-04-14 00:00:00-04:00,235078.125,235078.125,234843.75,234843.75,3,0.0,0.0
2022-04-18 00:00:00-04:00,235078.125,235078.125,235078.125,235078.125,5,0.0,0.0
2022-04-19 00:00:00-04:00,235078.125,235078.125,235078.125,235078.125,4,0.0,0.0
2022-04-20 00:00:00-04:00,235078.125,235078.125,235078.125,235078.125,0,0.0,0.0
2022-04-21 00:00:00-04:00,235078.125,235078.125,235078.125,235078.125,4,0.0,0.0
2022-04-22 00:00:00-04:00,234843.75,234843.75,234843.75,234843.75,0,0.0,0.0
2022-04-25 00:00:00-04:00,235078.125,235546.875,235078.125,235546.875,11,0.0,0.0
2022-04-26 00:00:00-04:00,235078.125,235078.125,235078.125,235078.125,4,0.0,0.0
2022-04-27 00:00:00-04:00,235078.125,235078.125,235078.125,235078.125,0,0.0,0.0
2022-04-28 00:00:00-04:00,235078.125,235078.125,234843.75,234843.75,13,0.0,0.0
2022-04-29 00:00:00-04:00,235078.125,235078.125,234843.75,234843.75,2,0.0,0.0
2022-05-02 00:00:00-04:00,235195.3125,235195.3125,235078.125,235078.125,1,0.0,0.0
2022-05-03 00:00:00-04:00,235546.875,235546.875,235078.125,235078.125,9,0.0,0.0
2022-05-04 00:00:00-04:00,235078.125,235078.125,235078.125,235078.125,0,0.0,0.0
2022-05-05 00:00:00-04:00,235312.5,235312.5,235312.5,235312.5,0,0.0,0.0
2022-05-06 00:00:00-04:00,235312.5,235312.5,235312.5,235312.5,0,0.0,0.0
2022-05-09 00:00:00-04:00,235078.125,235078.125,235078.125,235078.125,0,0.0,0.0
2022-05-10 00:00:00-04:00,234843.75,235078.125,234843.75,234843.75,3,0.0,0.0
2022-05-11 00:00:00-04:00,234843.75,235078.125,234609.375,234609.375,3,0.0,0.0
2022-05-12 00:00:00-04:00,234609.375,234609.375,234609.375,234609.375,0,0.0,0.0
2022-05-13 00:00:00-04:00,234609.375,234609.375,234609.375,234609.375,0,0.0,0.0
2022-05-16 00:00:00-04:00,234609.375,234609.375,234609.375,234609.375,0,0.0,0.0
2022-05-17 00:00:00-04:00,234375.0,234375.0,234375.0,234375.0,2,0.0,0.0
2022-05-18 00:00:00-04:00,234375.0,234375.0,234375.0,234375.0,0,0.0,0.0
2022-05-19 00:00:00-04:00,234375.0,234375.0,234375.0,234375.0,0,0.0,0.0
2022-05-20 00:00:00-04:00,234375.0,234375.0,234375.0,234375.0,2,0.0,0.0
2022-05-23 00:00:00-04:00,234375.0,234375.0,234375.0,234375.0,0,0.0,0.0
2022-05-24 00:00:00-04:00,234375.0,234375.0,234375.0,234375.0,0,0.0,0.0
2022-05-25 00:00:00-04:00,234375.0,234375.0,234375.0,234375.0,0,0.0,0.0
2022-05-26 00:00:00-04:00,234375.0,234375.0,234375.0,234375.0,0,0.0,0.0
2022-05-27 00:00:00-04:00,234375.0,234375.0,234375.0,234375.0,0,0.0,0.0
2022-05-31 00:00:00-04:00,234375.0,234375.0,234375.0,234375.0,0,0.0,0.0
2022-06-01 00:00:00-04:00,234375.0,234843.75,234375.0,234843.75,6,0.0,0.0
2022-06-02 00:00:00-04:00,234609.375,234609.375,234609.375,234609.375,0,0.0,0.0
2022-06-03 00:00:00-04:00,234609.375,234609.375,234609.375,234609.375,0,0.0,0.0
2022-06-06 00:00:00-04:00,234375.0,234375.0,234375.0,234375.0,0,0.0,0.0
2022-06-07 00:00:00-04:00,234375.0,234375.0,234375.0,234375.0,0,0.0,0.0
2022-06-08 00:00:00-04:00,235078.125,235078.125,235078.125,235078.125,1,0.0,0.0
2022-06-09 00:00:00-04:00,235078.125,235078.125,235078.125,235078.125,0,0.0,0.0
2022-06-10 00:00:00-04:00,235312.5,235312.5,235312.5,235312.5,0,0.0,0.0
2022-06-13 00:00:00-04:00,235312.5,235312.5,235312.5,235312.5,0,0.0,0.0
2022-06-14 00:00:00-04:00,235078.125,235078.125,235078.125,235078.125,0,0.0,0.0
2022-06-15 00:00:00-04:00,235078.125,235078.125,234375.0,234375.0,1,0.0,0.0
2022-06-16 00:00:00-04:00,235078.125,235078.125,235078.125,235078.125,0,0.0,0.0
2022-06-17 00:00:00-04:00,235078.125,235078.125,235078.125,235078.125,0,0.0,0.0
2022-06-21 00:00:00-04:00,235078.125,235078.125,235078.125,235078.125,0,0.0,0.0
2022-06-22 00:00:00-04:00,234609.375,234609.375,234375.0,234375.0,1,0.0,0.0
2022-06-23 00:00:00-04:00,234609.375,234609.375,234375.0,234375.0,0,0.0,0.0
2022-06-24 00:00:00-04:00,234375.0,234375.0,234375.0,234375.0,0,0.0,0.0
2022-06-27 00:00:00-04:00,234609.375,234843.75,234609.375,234843.75,0,0.0,0.0
2022-06-28 00:00:00-04:00,235078.125,235078.125,235078.125,235078.125,0,0.0,0.0
2022-06-29 00:00:00-04:00,235078.125,235078.125,235078.125,235078.125,32,0.0,0.0
2022-06-30 00:00:00-04:00,235078.125,235312.5,235078.125,235078.125,1,0.0,0.0
2022-07-01 00:00:00-04:00,235078.125,235078.125,235078.125,235078.125,0,0.0,0.0
2022-07-05 00:00:00-04:00,235546.875,235546.875,235078.125,235078.125,5,0.0,0.0
2022-07-06 00:00:00-04:00,235312.5,235312.5,235312.5,235312.5,0,0.0,0.0
2022-07-07 00:00:00-04:00,235078.125,235078.125,235078.125,235078.125,0,0.0,0.0
2022-07-08 00:00:00-04:00,235078.125,235078.125,235078.125,235078.125,0,0.0,0.0
2022-07-11 00:00:00-04:00,235781.25,235781.25,235781.25,235781.25,0,0.0,0.0
2022-07-12 00:00:00-04:00,235078.125,235078.125,235078.125,235078.125,0,0.0,0.0
2022-07-13 00:00:00-04:00,235312.5,235312.5,235078.125,235312.5,4,0.0,0.0
2022-07-14 00:00:00-04:00,235546.875,235546.875,235546.875,235546.875,1,0.0,0.0
2022-07-15 00:00:00-04:00,235546.875,235664.0625,235546.875,235546.875,2,0.0,0.0
2022-07-18 00:00:00-04:00,235546.875,235546.875,235546.875,235546.875,0,0.0,0.0
2022-07-19 00:00:00-04:00,235546.875,235546.875,235546.875,235546.875,4,0.0,0.0
2022-07-20 00:00:00-04:00,235312.5,235312.5,235312.5,235312.5,7,0.0,0.0
2022-07-21 00:00:00-04:00,235312.5,235312.5,235312.5,235312.5,0,0.0,0.0
2022-07-22 00:00:00-04:00,235312.5,235312.5,235312.5,235312.5,16,0.0,0.0
2022-07-25 00:00:00-04:00,235312.5,235312.5,235312.5,235312.5,0,0.0,0.0
2022-07-26 00:00:00-04:00,235312.5,235312.5,235312.5,235312.5,0,0.0,0.0
2022-07-27 00:00:00-04:00,235312.5,235312.5,235312.5,235312.5,29,0.0,0.0
2022-07-28 00:00:00-04:00,235546.875,235781.25,235546.875,235781.25,3,0.0,0.0
2022-07-29 00:00:00-04:00,236015.625,236015.625,236015.625,236015.625,2,0.0,0.0
2022-08-01 00:00:00-04:00,236015.625,236015.625,236015.625,236015.625,0,0.0,0.0
2022-08-02 00:00:00-04:00,236015.625,236015.625,236015.625,236015.625,0,0.0,0.0
2022-08-03 00:00:00-04:00,236132.8125,236250.0,236132.8125,236250.0,2,0.0,0.0
2022-08-04 00:00:00-04:00,236250.0,236250.0,236250.0,236250.0,0,0.0,0.0
2022-08-05 00:00:00-04:00,236601.5625,236601.5625,236484.375,236484.375,1,0.0,0.0
2022-08-08 00:00:00-04:00,236484.375,236484.375,236250.0,236250.0,4,0.0,0.0
2022-08-09 00:00:00-04:00,236250.0,236250.0,236250.0,236250.0,2,0.0,0.0
2022-08-10 00:00:00-04:00,236484.375,236484.375,236250.0,236250.0,4,0.0,0.0
2022-08-11 00:00:00-04:00,236250.0,236250.0,236250.0,236250.0,0,0.0,0.0
2022-08-12 00:00:00-04:00,236250.0,236250.0,236250.0,236250.0,0,0.0,0.0
2022-08-15 00:00:00-04:00,236250.0,236250.0,236250.0,236250.0,0,0.0,0.0
2022-08-16 00:00:00-04:00,236601.5625,236718.75,236601.5625,236718.75,3,0.0,0.0
2022-08-17 00:00:00-04:00,236484.375,236718.75,236484.375,236718.75,0,0.0,0.0
2022-08-18 00:00:00-04:00,236718.75,236718.75,236718.75,236718.75,0,0.0,0.0
2022-08-19 00:00:00-04:00,236718.75,236718.75,236484.375,236484.375,4,0.0,0.0
2022-08-22 00:00:00-04:00,236601.5625,236601.5625,236484.375,236484.375,2,0.0,0.0
2022-08-23 00:00:00-04:00,237187.5,237187.5,237187.5,237187.5,0,0.0,0.0
2022-08-24 00:00:00-04:00,237187.5,237187.5,237187.5,237187.5,0,0.0,0.0
2022-08-25 00:00:00-04:00,237187.5,237187.5,237187.5,237187.5,0,0.0,0.0
2022-08-26 00:00:00-04:00,236835.9375,236953.125,236835.9375,236953.125,0,0.0,0.0
2022-08-29 00:00:00-04:00,236835.9375,236835.9375,236484.375,236484.375,0,0.0,0.0
2022-08-30 00:00:00-04:00,236484.375,236484.375,236484.375,236484.375,0,0.0,0.0
2022-08-31 00:00:00-04:00,237187.5,237187.5,237187.5,237187.5,0,0.0,0.0
2022-09-01 00:00:00-04:00,236718.75,237187.5,236484.375,237187.5,3,0.0,0.0
2022-09-02 00:00:00-04:00,236718.75,237140.625,236718.75,237140.625,1,0.0,0.0
2022-09-06 00:00:00-04:00,237140.625,237140.625,237140.625,237140.625,0,0.0,0.0
2022-09-07 00:00:00-04:00,237187.5,237187.5,237187.5,237187.5,1,0.0,0.0
2022-09-08 00:00:00-04:00,237421.875,237539.0625,237421.875,237539.0625,0,0.0,0.0
2022-09-09 00:00:00-04:00,237187.5,237187.5,237187.5,237187.5,0,0.0,0.0
2022-09-12 00:00:00-04:00,237421.875,237656.25,237187.5,237656.25,1,0.0,0.0
2022-09-13 00:00:00-04:00,237421.875,237656.25,237421.875,237656.25,0,0.0,0.0
2022-09-14 00:00:00-04:00,237421.875,237421.875,237421.875,237421.875,2,0.0,0.0
2022-09-15 00:00:00-04:00,237421.875,237539.0625,237421.875,237421.875,0,0.0,0.0
2022-09-16 00:00:00-04:00,237421.875,237421.875,237421.875,237421.875,0,0.0,0.0
2022-09-19 00:00:00-04:00,237421.875,237656.25,237421.875,237656.25,1,0.0,0.0
2022-09-20 00:00:00-04:00,237656.25,237656.25,237421.875,237656.25,0,0.0,0.0
2022-09-21 00:00:00-04:00,237421.875,237421.875,237421.875,237421.875,0,0.0,0.0
2022-09-22 00:00:00-04:00,237421.875,237421.875,237421.875,237421.875,0,0.0,0.0
2022-09-23 00:00:00-04:00,237421.875,237421.875,237421.875,237421.875,0,0.0,0.0
2022-09-26 00:00:00-04:00,237421.875,237890.625,237187.5,237890.625,4,0.0,0.0
2022-09-27 00:00:00-04:00,237890.625,237890.625,237890.625,237890.625,8,0.0,0.0
2022-09-28 00:00:00-04:00,237656.25,237843.75,237656.25,237843.75,0,0.0,0.0
2022-09-29 00:00:00-04:00,237656.25,237773.4375,237656.25,237656.25,0,0.0,0.0
2022-09-30 00:00:00-04:00,237656.25,237656.25,237656.25,237656.25,0,0.0,0.0
2022-10-03 00:00:00-04:00,238125.0,238125.0,238125.0,238125.0,0,0.0,0.0
2022-10-04 00:00:00-04:00,238125.0,238125.0,238125.0,238125.0,0,0.0,0.0
2022-10-05 00:00:00-04:00,238125.0,238125.0,238125.0,238125.0,0,0.0,0.0
2022-10-06 00:00:00-04:00,238359.375,238359.375,237890.625,237890.625,0,0.0,0.0
2022-10-07 00:00:00-04:00,238242.1875,238242.1875,238242.1875,238242.1875,0,0.0,0.0
2022-10-10 00:00:00-04:00,238242.1875,238242.1875,238242.1875,238242.1875,0,0.0,0.0
2022-10-11 00:00:00-04:00,238242.1875,238242.1875,238242.1875,238242.1875,0,0.0,0.0
2022-10-12 00:00:00-04:00,238242.1875,238242.1875,238242.1875,238242.1875,0,0.0,0.0
2022-10-13 00:00:00-04:00,237890.625,238125.0,237890.625,238125.0,0,0.0,0.0
2022-10-14 00:00:00-04:00,238359.375,238593.75,238359.375,238593.75,0,0.0,0.0
2022-10-17 00:00:00-04:00,238828.125,238828.125,237890.625,238125.0,0,0.0,0.0
2022-10-18 00:00:00-04:00,238593.75,238593.75,238125.0,238125.0,0,0.0,0.0
2022-10-19 00:00:00-04:00,238593.75,238593.75,238593.75,238593.75,0,0.0,0.0
2022-10-20 00:00:00-04:00,238828.125,238828.125,238828.125,238828.125,0,0.0,0.0
2022-10-21 00:00:00-04:00,238828.125,238828.125,238828.125,238828.125,0,0.0,0.0
2022-10-24 00:00:00-04:00,238828.125,238828.125,238828.125,238828.125,0,0.0,0.0
2022-10-25 00:00:00-04:00,238828.125,238828.125,238828.125,238828.125,0,0.0,0.0
2022-10-26 00:00:00-04:00,238828.125,238828.125,238828.125,238828.125,0,0.0,0.0
2022-10-27 00:00:00-04:00,239062.5,239062.5,239062.5,239062.5,0,0.0,0.0
2022-10-28 00:00:00-04:00,239062.5,239062.5,239062.5,239062.5,0,0.0,0.0
2022-10-31 00:00:00-04:00,239296.875,239296.875,239296.875,239296.875,0,0.0,0.0
2022-11-01 00:00:00-04:00,239414.0625,239414.0625,239296.875,239296.875,1,0.0,0.0
2022-11-02 00:00:00-04:00,239296.875,239531.25,239296.875,239531.25,0,0.0,0.0
2022-11-03 00:00:00-04:00,239531.25,239531.25,239531.25,239531.25,0,0.0,0.0
2022-11-04 00:00:00-04:00,239414.0625,239414.0625,239296.875,239296.875,0,0.0,0.0
2022-11-07 00:00:00-05:00,240468.75,240468.75,239531.25,239531.25,0,0.0,0.0
2022-11-08 00:00:00-05:00,239765.625,240468.75,239531.25,239648.4375,2,0.0,0.0
2022-11-09 00:00:00-05:00,239648.4375,239648.4375,239648.4375,239648.4375,0,0.0,0.0
2022-11-10 00:00:00-05:00,240468.75,240468.75,240468.75,240468.75,0,0.0,0.0
2022-11-11 00:00:00-05:00,240468.75,240468.75,240468.75,240468.75,0,0.0,0.0
2022-11-14 00:00:00-05:00,239765.625,239765.625,239765.625,239765.625,0,0.0,0.0
2022-11-15 00:00:00-05:00,239765.625,239765.625,239765.625,239765.625,0,0.0,0.0
2022-11-16 00:00:00-05:00,239765.625,239765.625,239765.625,239765.625,1,0.0,0.0
2022-11-17 00:00:00-05:00,239765.625,240234.375,239765.625,240000.0,102,0.0,0.0
2022-11-18 00:00:00-05:00,240000.0,240000.0,240000.0,240000.0,4,0.0,0.0
2022-11-21 00:00:00-05:00,240000.0,240234.375,240000.0,240234.375,14,0.0,0.0
2022-11-22 00:00:00-05:00,240234.375,240234.375,240234.375,240234.375,46,0.0,0.0
2022-11-23 00:00:00-05:00,240703.125,240703.125,240351.5625,240351.5625,0,0.0,0.0
2022-11-25 00:00:00-05:00,240351.5625,240351.5625,240351.5625,240351.5625,0,0.0,0.0
2022-11-28 00:00:00-05:00,240937.5,240937.5,240937.5,240937.5,0,0.0,0.0
2022-11-29 00:00:00-05:00,240937.5,240937.5,240937.5,240937.5,0,0.0,0.0
2022-11-30 00:00:00-05:00,240351.5625,240351.5625,240351.5625,240351.5625,32,0.0,0.0
2022-12-01 00:00:00-05:00,240234.375,240351.5625,240234.375,240234.375,0,0.0,0.0
2022-12-02 00:00:00-05:00,240351.5625,240351.5625,240351.5625,240351.5625,7,0.0,0.0
2022-12-05 00:00:00-05:00,240468.75,240703.125,240468.75,240468.75,0,0.0,0.0
2022-12-06 00:00:00-05:00,240468.75,240468.75,240468.75,240468.75,0,0.0,0.0
2022-12-07 00:00:00-05:00,240468.75,240468.75,240468.75,240468.75,0,0.0,0.0
2022-12-08 00:00:00-05:00,240468.75,240468.75,240468.75,240468.75,0,0.0,0.0
2022-12-09 00:00:00-05:00,240468.75,240468.75,240468.75,240468.75,0,0.0,0.0
2022-12-12 00:00:00-05:00,240468.75,240703.125,240468.75,240703.125,1,0.0,0.0
2022-12-13 00:00:00-05:00,240468.75,241406.25,240468.75,241406.25,0,0.0,0.0
2022-12-14 00:00:00-05:00,241406.25,241406.25,241406.25,241406.25,0,0.0,0.0
2022-12-15 00:00:00-05:00,241406.25,241406.25,241406.25,241406.25,0,0.0,0.0
2022-12-16 00:00:00-05:00,241406.25,241406.25,241406.25,241406.25,0,0.0,0.0
2022-12-19 00:00:00-05:00,240703.125,240703.125,240703.125,240703.125,0,0.0,0.0
2022-12-20 00:00:00-05:00,240703.125,240937.5,240703.125,240703.125,4,0.0,0.0
2022-12-21 00:00:00-05:00,240703.125,240703.125,240703.125,240703.125,0,0.0,0.0
2022-12-22 00:00:00-05:00,240703.125,240703.125,240703.125,240703.125,0,0.0,0.0
2022-12-23 00:00:00-05:00,240468.75,240703.125,240468.75,240703.125,4,0.0,0.0
2022-12-27 00:00:00-05:00,240703.125,240937.5,240468.75,240468.75,4,0.0,0.0
2022-12-28 00:00:00-05:00,240468.75,240468.75,240468.75,240468.75,1,0.0,0.0
2022-12-29 00:00:00-05:00,241406.25,241406.25,240937.5,241171.875,1,0.0,0.0
2022-12-30 00:00:00-05:00,240937.5,240937.5,240937.5,240937.5,7,0.0,0.0
2023-01-03 00:00:00-05:00,240234.375,242109.375,240234.375,240703.125,0,0.0,0.0
2023-01-04 00:00:00-05:00,240468.75,250664.0625,240000.0,241359.375,3,0.0,0.0
2023-01-05 00:00:00-05:00,240468.75,249375.0,240468.75,240585.9375,8,0.0,0.0
2023-01-06 00:00:00-05:00,242203.125,242507.8125,240000.0,240937.5,2,0.0,0.0
2023-01-09 00:00:00-05:00,240937.5,250781.25,240937.5,241828.125,3,0.0,0.0
2023-01-10 00:00:00-05:00,241640.625,244054.6875,241640.625,242578.125,1,0.0,0.0
2023-01-11 00:00:00-05:00,242578.125,243164.0625,241640.625,243046.875,3,0.0,0.0
2023-01-12 00:00:00-05:00,243046.875,243046.875,242812.5,243046.875,0,0.0,0.0
2023-01-13 00:00:00-05:00,242812.5,242812.5,242812.5,242812.5,0,0.0,0.0
2023-01-17 00:00:00-05:00,242578.125,243046.875,242343.75,242929.6875,1,0.0,0.0
2023-01-18 00:00:00-05:00,243281.25,243515.625,243046.875,243515.625,0,0.0,0.0
2023-01-19 00:00:00-05:00,243281.25,250312.5,243281.25,243750.0,1,0.0,0.0
2023-01-20 00:00:00-05:00,243750.0,243750.0,243750.0,243750.0,0,0.0,0.0
2023-01-23 00:00:00-05:00,244921.875,244921.875,243750.0,243750.0,0,0.0,0.0
2023-01-24 00:00:00-05:00,244687.5,244921.875,244687.5,244921.875,0,0.0,0.0
2023-01-25 00:00:00-05:00,244921.875,244921.875,244921.875,244921.875,0,0.0,0.0
2023-01-26 00:00:00-05:00,244921.875,244921.875,244921.875,244921.875,0,0.0,0.0
2023-01-27 00:00:00-05:00,244921.875,244921.875,244921.875,244921.875,0,0.0,0.0
2023-01-30 00:00:00-05:00,245859.375,245859.375,245859.375,245859.375,0,0.0,0.0
2023-01-31 00:00:00-05:00,247031.25,248203.125,245859.375,246585.9375,1,0.0,0.0
2023-02-01 00:00:00-05:00,246585.9375,246585.9375,246585.9375,246585.9375,0,0.0,0.0
2023-02-02 00:00:00-05:00,246585.9375,246585.9375,246585.9375,246585.9375,0,0.0,0.0
2023-02-03 00:00:00-05:00,246585.9375,246585.9375,246585.9375,246585.9375,0,0.0,0.0
2023-02-06 00:00:00-05:00,246585.9375,246585.9375,246585.9375,246585.9375,0,0.0,0.0
2023-02-07 00:00:00-05:00,246585.9375,246585.9375,246585.9375,246585.9375,0,0.0,0.0
2023-02-08 00:00:00-05:00,246093.75,246093.75,246093.75,246093.75,0,0.0,0.0
2023-02-09 00:00:00-05:00,246093.75,246093.75,246093.75,246093.75,0,0.0,0.0
2023-02-10 00:00:00-05:00,246093.75,246093.75,246093.75,246093.75,0,0.0,0.0
2023-02-13 00:00:00-05:00,246796.875,246796.875,246562.5,246562.5,0,0.0,0.0
2023-02-14 00:00:00-05:00,246562.5,246562.5,246562.5,246562.5,0,0.0,0.0
2023-02-15 00:00:00-05:00,246562.5,246562.5,246562.5,246562.5,0,0.0,0.0
2023-02-16 00:00:00-05:00,246562.5,246562.5,246562.5,246562.5,0,0.0,0.0
2023-02-17 00:00:00-05:00,246562.5,246796.875,246562.5,246796.875,0,0.0,0.0
2023-02-21 00:00:00-05:00,246796.875,246796.875,246796.875,246796.875,0,0.0,0.0
2023-02-22 00:00:00-05:00,246796.875,246796.875,246796.875,246796.875,0,0.0,0.0
2023-02-23 00:00:00-05:00,246796.875,246796.875,246796.875,246796.875,0,0.0,0.0
2023-02-24 00:00:00-05:00,246796.875,246796.875,246796.875,246796.875,0,0.0,0.0
2023-02-27 00:00:00-05:00,246796.875,246796.875,246796.875,246796.875,0,0.0,0.0
2023-02-28 00:00:00-05:00,247968.75,247968.75,246796.875,246796.875,0,0.0,0.0
2023-03-01 00:00:00-05:00,247265.625,247265.625,246562.5,246562.5,1,0.0,0.0
2023-03-02 00:00:00-05:00,246562.5,246562.5,246562.5,246562.5,0,0.0,0.0
2023-03-03 00:00:00-05:00,246562.5,246562.5,246562.5,246562.5,0,0.0,0.0
2023-03-06 00:00:00-05:00,247968.75,247968.75,247968.75,247968.75,0,0.0,0.0
2023-03-07 00:00:00-05:00,247968.75,247968.75,247968.75,247968.75,0,0.0,0.0
2023-03-08 00:00:00-05:00,247968.75,247968.75,247968.75,247968.75,0,0.0,0.0
2023-03-09 00:00:00-05:00,247968.75,247968.75,247968.75,247968.75,0,0.0,0.0
2023-03-10 00:00:00-05:00,247968.75,247968.75,247968.75,247968.75,0,0.0,0.0
2023-03-13 00:00:00-04:00,247968.75,247968.75,247968.75,247968.75,0,0.0,0.0
2023-03-14 00:00:00-04:00,247968.75,247968.75,247968.75,247968.75,0,0.0,0.0
2023-03-15 00:00:00-04:00,247265.625,247265.625,247265.625,247265.625,0,0.0,0.0
2023-03-16 00:00:00-04:00,247265.625,247265.625,247265.625,247265.625,0,0.0,0.0
2023-03-17 00:00:00-04:00,247265.625,247265.625,247265.625,247265.625,0,0.0,0.0
2023-03-20 00:00:00-04:00,247265.625,247265.625,247265.625,247265.625,0,0.0,0.0
2023-03-21 00:00:00-04:00,247265.625,247265.625,247265.625,247265.625,0,0.0,0.0
2023-03-22 00:00:00-04:00,247265.625,247265.625,247265.625,247265.625,0,0.0,0.0
2023-03-23 00:00:00-04:00,247265.625,247265.625,247265.625,247265.625,0,0.0,0.0
2023-03-24 00:00:00-04:00,247265.625,247265.625,247265.625,247265.625,0,0.0,0.0
2023-03-27 00:00:00-04:00,247265.625,247265.625,247265.625,247265.625,0,0.0,0.0
2023-03-28 00:00:00-04:00,247265.625,247265.625,247265.625,247265.625,0,0.0,0.0
2023-03-29 00:00:00-04:00,248437.5,248531.25,248203.125,248531.25,0,0.0,0.0
2023-03-30 00:00:00-04:00,248531.25,248531.25,248531.25,248531.25,0,0.0,0.0
2023-03-31 00:00:00-04:00,248531.25,248531.25,248531.25,248531.25,0,0.0,0.0
2023-04-03 00:00:00-04:00,248531.25,248531.25,248531.25,248531.25,0,0.0,0.0
2023-04-04 00:00:00-04:00,248531.25,248531.25,248531.25,248531.25,0,0.0,0.0
2023-04-05 00:00:00-04:00,248531.25,248531.25,248531.25,248531.25,0,0.0,0.0
2023-04-06 00:00:00-04:00,248531.25,248531.25,248531.25,248531.25,0,0.0,0.0
2023-04-10 00:00:00-04:00,248531.25,248531.25,248531.25,248531.25,0,0.0,0.0
2023-04-11 00:00:00-04:00,248531.25,248531.25,248531.25,248531.25,0,0.0,0.0
2023-04-12 00:00:00-04:00,248531.25,248531.25,248531.25,248531.25,0,0.0,0.0
2023-04-13 00:00:00-04:00,248203.125,248203.125,248203.125,248203.125,0,0.0,0.0
2023-04-14 00:00:00-04:00,248203.125,248203.125,248203.125,248203.125,0,0.0,0.0
2023-04-17 00:00:00-04:00,248414.0625,248437.5,248414.0625,248437.5,0,0.0,0.0
2023-04-18 00:00:00-04:00,248437.5,248437.5,248437.5,248437.5,0,0.0,0.0
2023-04-19 00:00:00-04:00,248437.5,248437.5,248437.5,248437.5,0,0.0,0.0
2023-04-20 00:00:00-04:00,248437.5,248437.5,248437.5,248437.5,0,0.0,0.0
2023-04-21 00:00:00-04:00,248437.5,248437.5,248437.5,248437.5,0,0.0,0.0
2023-04-24 00:00:00-04:00,250781.25,250781.25,248437.5,248437.5,0,0.0,0.0
2023-04-25 00:00:00-04:00,248437.5,248437.5,248437.5,248437.5,0,0.0,0.0
2023-04-26 00:00:00-04:00,250781.25,250781.25,250781.25,250781.25,0,0.0,0.0
2023-04-27 00:00:00-04:00,250781.25,250781.25,250781.25,250781.25,0,0.0,0.0
2023-04-28 00:00:00-04:00,250781.25,250781.25,250781.25,250781.25,0,0.0,0.0
2023-05-01 00:00:00-04:00,250781.25,250781.25,250781.25,250781.25,0,0.0,0.0
2023-05-02 00:00:00-04:00,250546.875,250781.25,250546.875,250781.25,0,0.0,0.0
2023-05-03 00:00:00-04:00,250781.25,250781.25,250781.25,250781.25,0,0.0,0.0
2023-05-04 00:00:00-04:00,250781.25,250781.25,250781.25,250781.25,0,0.0,0.0
2023-05-05 00:00:00-04:00,250781.25,250781.25,250781.25,250781.25,0,0.0,0.0
2023-05-08 00:00:00-04:00,250781.25,250781.25,250781.25,250781.25,0,0.0,0.0
2023-05-09 00:00:00-04:00,250781.25,250781.25,250781.25,250781.25,0,0.0,0.0
2023-05-10 00:00:00-04:00,250781.25,250781.25,250781.25,250781.25,0,0.0,0.0
2023-05-11 00:00:00-04:00,250781.25,250781.25,250781.25,250781.25,0,0.0,0.0
2023-05-12 00:00:00-04:00,250781.25,250781.25,250781.25,250781.25,0,0.0,0.0
2023-05-15 00:00:00-04:00,250781.25,250781.25,250781.25,250781.25,0,0.0,0.0
2023-05-16 00:00:00-04:00,250781.25,250781.25,250781.25,250781.25,0,0.0,0.0
2023-05-17 00:00:00-04:00,250781.25,250781.25,250781.25,250781.25,0,0.0,0.0
2023-05-18 00:00:00-04:00,251484.375,252421.875,251484.375,252421.875,0,0.0,0.0
2023-05-19 00:00:00-04:00,252421.875,252421.875,252421.875,252421.875,0,0.0,0.0
2023-05-22 00:00:00-04:00,252421.875,252421.875,252421.875,252421.875,0,0.0,0.0
2023-05-23 00:00:00-04:00,252421.875,252421.875,252421.875,252421.875,0,0.0,0.0
2023-05-24 00:00:00-04:00,252421.875,252421.875,252421.875,252421.875,0,0.0,0.0
2023-05-25 00:00:00-04:00,252421.875,252421.875,252421.875,252421.875,0,0.0,0.0
2023-05-26 00:00:00-04:00,252421.875,252421.875,252421.875,252421.875,0,0.0,0.0
2023-05-30 00:00:00-04:00,252421.875,252421.875,252421.875,252421.875,0,0.0,0.0
2023-05-31 00:00:00-04:00,252421.875,252421.875,252421.875,252421.875,0,0.0,0.0
2023-06-01 00:00:00-04:00,252421.875,252421.875,252421.875,252421.875,0,0.0,0.0
2023-06-02 00:00:00-04:00,252421.875,252421.875,252421.875,252421.875,0,0.0,0.0
2023-06-05 00:00:00-04:00,252421.875,252421.875,252421.875,252421.875,0,0.0,0.0
2023-06-06 00:00:00-04:00,252421.875,252421.875,252421.875,252421.875,0,0.0,0.0
2023-06-07 00:00:00-04:00,253359.375,254531.25,253242.1875,254531.25,0,0.0,0.0
2023-06-08 00:00:00-04:00,254531.25,254531.25,254531.25,254531.25,0,0.0,0.0
2023-06-09 00:00:00-04:00,254531.25,254531.25,254531.25,254531.25,0,0.0,0.0
2023-06-12 00:00:00-04:00,255234.375,255234.375,255234.375,255234.375,0,0.0,0.0
2023-06-13 00:00:00-04:00,255234.375,255234.375,255234.375,255234.375,0,0.0,0.0
2023-06-14 00:00:00-04:00,255234.375,255234.375,255234.375,255234.375,0,0.0,0.0
2023-06-15 00:00:00-04:00,255234.375,255234.375,255234.375,255234.375,0,0.0,0.0
2023-06-16 00:00:00-04:00,255234.375,255234.375,255234.375,255234.375,0,0.0,0.0
2023-06-20 00:00:00-04:00,255000.0,255000.0,255000.0,255000.0,0,0.0,0.0
2023-06-21 00:00:00-04:00,255000.0,255000.0,255000.0,255000.0,0,0.0,0.0
2023-06-22 00:00:00-04:00,255000.0,255000.0,255000.0,255000.0,0,0.0,0.0
2023-06-23 00:00:00-04:00,255000.0,255000.0,255000.0,255000.0,0,0.0,0.0
2023-06-26 00:00:00-04:00,256171.875,256382.8125,256171.875,256171.875,0,0.0,0.0
2023-06-27 00:00:00-04:00,256406.25,256640.625,256406.25,256640.625,1,0.0,0.0
2023-06-28 00:00:00-04:00,256640.625,256640.625,256640.625,256640.625,0,0.0,0.0
2023-06-29 00:00:00-04:00,256640.625,256640.625,256640.625,256640.625,0,0.0,0.0
2023-06-30 00:00:00-04:00,256640.625,256640.625,256640.625,256640.625,0,0.0,0.0
2023-07-03 00:00:00-04:00,256640.625,256640.625,256640.625,256640.625,0,0.0,0.0
2023-07-05 00:00:00-04:00,256875.0,256875.0,256875.0,256875.0,0,0.0,0.0
2023-07-06 00:00:00-04:00,257812.5,257812.5,257671.875,257695.3125,0,0.0,0.0
2023-07-07 00:00:00-04:00,256640.625,256640.625,256640.625,256640.625,0,0.0,0.0
2023-07-10 00:00:00-04:00,256640.625,256640.625,256640.625,256640.625,0,0.0,0.0
2023-07-11 00:00:00-04:00,256640.625,257812.5,256640.625,257812.5,0,0.0,0.0
2023-07-12 00:00:00-04:00,257812.5,257812.5,257812.5,257812.5,0,0.0,0.0
2023-07-13 00:00:00-04:00,256640.625,256640.625,256640.625,256640.625,0,0.0,0.0
2023-07-14 00:00:00-04:00,260859.375,261093.75,260859.375,261093.75,0,0.0,0.0
2023-07-17 00:00:00-04:00,259218.75,259218.75,258984.375,259218.75,0,0.0,0.0
2023-07-18 00:00:00-04:00,259218.75,259218.75,259218.75,259218.75,0,0.0,0.0
2023-07-19 00:00:00-04:00,259218.75,259218.75,259218.75,259218.75,0,0.0,0.0
2023-07-20 00:00:00-04:00,257812.5,257812.5,257812.5,257812.5,0,0.0,0.0
2023-07-21 00:00:00-04:00,257812.5,257812.5,257812.5,257812.5,0,0.0,0.0
2023-07-24 00:00:00-04:00,257812.5,257812.5,257812.5,257812.5,0,0.0,0.0
2023-07-25 00:00:00-04:00,260835.9375,260835.9375,260835.9375,260835.9375,0,0.0,0.0
2023-07-26 00:00:00-04:00,258046.875,259218.75,258046.875,258046.875,4,0.0,0.0
2023-07-27 00:00:00-04:00,258046.875,258046.875,258046.875,258046.875,0,0.0,0.0
2023-07-28 00:00:00-04:00,258046.875,258046.875,258046.875,258046.875,0,0.0,0.0
2023-07-31 00:00:00-04:00,258984.375,258984.375,258984.375,258984.375,0,0.0,0.0
2023-08-01 00:00:00-04:00,258984.375,258984.375,258984.375,258984.375,0,0.0,0.0
2023-08-02 00:00:00-04:00,259218.75,259218.75,259218.75,259218.75,0,0.0,0.0
2023-08-03 00:00:00-04:00,259218.75,259218.75,259218.75,259218.75,0,0.0,0.0
2023-08-04 00:00:00-04:00,259218.75,259218.75,259218.75,259218.75,0,0.0,0.0
2023-08-07 00:00:00-04:00,259218.75,259218.75,259218.75,259218.75,0,0.0,0.0
2023-08-08 00:00:00-04:00,259218.75,259218.75,259218.75,259218.75,0,0.0,0.0
2023-08-09 00:00:00-04:00,259218.75,259218.75,259218.75,259218.75,0,0.0,0.0
2023-08-10 00:00:00-04:00,259218.75,259218.75,259218.75,259218.75,0,0.0,0.0
2023-08-11 00:00:00-04:00,259218.75,259218.75,259218.75,259218.75,0,0.0,0.0
2023-08-14 00:00:00-04:00,259218.75,259218.75,259218.75,259218.75,0,0.0,0.0
2023-08-15 00:00:00-04:00,259218.75,259218.75,259218.75,259218.75,0,0.0,0.0
2023-08-16 00:00:00-04:00,259218.75,259218.75,259218.75,259218.75,0,0.0,0.0
2023-08-17 00:00:00-04:00,259218.75,259218.75,259218.75,259218.75,0,0.0,0.0
2023-08-18 00:00:00-04:00,259218.75,259218.75,259218.75,259218.75,0,0.0,0.0
2023-08-21 00:00:00-04:00,259218.75,259218.75,259218.75,259218.75,0,0.0,0.0
2023-08-22 00:00:00-04:00,262265.625,263671.875,261562.5,261562.5,0,0.0,0.0
2023-08-23 00:00:00-04:00,258984.375,258984.375,258984.375,258984.375,0,0.0,0.0
2023-08-24 00:00:00-04:00,263671.875,263671.875,261093.75,261093.75,0,0.0,0.0
2023-08-25 00:00:00-04:00,261093.75,261093.75,261093.75,261093.75,0,0.0,0.0
2023-08-28 00:00:00-04:00,261093.75,261093.75,261093.75,261093.75,0,0.0,0.0
2023-08-29 00:00:00-04:00,261093.75,261093.75,261093.75,261093.75,0,0.0,0.0
2023-08-30 00:00:00-04:00,263437.5,263437.5,263437.5,263437.5,0,0.0,0.0
2023-08-31 00:00:00-04:00,263437.5,263437.5,263437.5,263437.5,0,0.0,0.0
2023-09-01 00:00:00-04:00,263437.5,263437.5,263437.5,263437.5,0,0.0,0.0
2023-09-05 00:00:00-04:00,263437.5,263437.5,263437.5,263437.5,0,0.0,0.0
2023-09-06 00:00:00-04:00,263437.5,263437.5,263437.5,263437.5,0,0.0,0.0
2023-09-07 00:00:00-04:00,263437.5,263437.5,263437.5,263437.5,0,0.0,0.0
2023-09-08 00:00:00-04:00,261328.125,261328.125,259453.125,259453.125,0,0.0,0.0
2023-09-11 00:00:00-04:00,259453.125,259453.125,259453.125,259453.125,0,0.0,0.0
2023-09-12 00:00:00-04:00,259453.125,259453.125,259453.125,259453.125,0,0.0,0.0
2023-09-13 00:00:00-04:00,259453.125,259453.125,259453.125,259453.125,0,0.0,0.0
2023-09-14 00:00:00-04:00,259453.125,259453.125,259453.125,259453.125,0,0.0,0.0
2023-09-15 00:00:00-04:00,259453.125,259453.125,259453.125,259453.125,0,0.0,0.0
2023-09-18 00:00:00-04:00,262500.0,262500.0,259921.875,259921.875,0,0.0,0.0
2023-09-19 00:00:00-04:00,259921.875,259921.875,259921.875,259921.875,0,0.0,0.0
2023-09-20 00:00:00-04:00,259921.875,259921.875,259921.875,259921.875,0,0.0,0.0
2023-09-21 00:00:00-04:00,259921.875,259921.875,259921.875,259921.875,0,0.0,0.0
2023-09-22 00:00:00-04:00,259921.875,259921.875,259921.875,259921.875,0,0.0,0.0
2023-09-25 00:00:00-04:00,259921.875,259921.875,259921.875,259921.875,0,0.0,0.0
2023-09-26 00:00:00-04:00,263671.875,263671.875,263671.875,263671.875,0,0.0,0.0
2023-09-27 00:00:00-04:00,263671.875,263671.875,263671.875,263671.875,0,0.0,0.0
2023-09-28 00:00:00-04:00,263671.875,263671.875,263671.875,263671.875,0,0.0,0.0
2023-09-29 00:00:00-04:00,263671.875,263671.875,263671.875,263671.875,0,0.0,0.0
2023-10-02 00:00:00-04:00,263671.875,263671.875,263671.875,263671.875,0,0.0,0.0
2023-10-03 00:00:00-04:00,263671.875,263671.875,263671.875,263671.875,0,0.0,0.0
2023-10-04 00:00:00-04:00,263671.875,263671.875,263671.875,263671.875,0,0.0,0.0
2023-10-05 00:00:00-04:00,263671.875,263671.875,263671.875,263671.875,0,0.0,0.0
2023-10-06 00:00:00-04:00,263671.875,263671.875,263671.875,263671.875,0,0.0,0.0
2023-10-09 00:00:00-04:00,262734.375,262734.375,262734.375,262734.375,0,0.0,0.0
2023-10-10 00:00:00-04:00,262734.375,262734.375,262734.375,262734.375,0,0.0,0.0
2023-10-11 00:00:00-04:00,262734.375,262734.375,262734.375,262734.375,0,0.0,0.0
2023-10-12 00:00:00-04:00,262734.375,262734.375,262734.375,262734.375,0,0.0,0.0
2023-10-13 00:00:00-04:00,262734.375,262734.375,262734.375,262734.375,0,0.0,0.0
2023-10-16 00:00:00-04:00,262734.375,262734.375,262734.375,262734.375,0,0.0,0.0
2023-10-17 00:00:00-04:00,262734.375,262734.375,262734.375,262734.375,0,0.0,0.0
2023-10-18 00:00:00-04:00,262734.375,262734.375,262734.375,262734.375,0,0.0,0.0
2023-10-19 00:00:00-04:00,262734.375,262734.375,262734.375,262734.375,0,0.0,0.0
2023-10-20 00:00:00-04:00,262734.375,262734.375,262734.375,262734.375,0,0.0,0.0
2023-10-23 00:00:00-04:00,262734.375,262734.375,262734.375,262734.375,0,0.0,0.0
2023-10-24 00:00:00-04:00,262734.375,262734.375,262734.375,262734.375,0,0.0,0.0
2023-10-25 00:00:00-04:00,262734.375,262734.375,262734.375,262734.375,0,0.0,0.0
2023-10-26 00:00:00-04:00,262734.375,262734.375,262734.375,262734.375,0,0.0,0.0
2023-10-27 00:00:00-04:00,262734.375,262734.375,262734.375,262734.375,0,0.0,0.0
2023-10-30 00:00:00-04:00,262734.375,262734.375,262734.375,262734.375,0,0.0,0.0
2023-10-31 00:00:00-04:00,262734.375,262734.375,262734.375,262734.375,0,0.0,0.0
2023-11-01 00:00:00-04:00,262734.375,262734.375,262734.375,262734.375,0,0.0,0.0
2023-11-02 00:00:00-04:00,262734.375,262734.375,262734.375,262734.375,0,0.0,0.0
2023-11-03 00:00:00-04:00,262734.375,262734.375,262734.375,262734.375,0,0.0,0.0
2023-11-06 00:00:00-05:00,262734.375,262734.375,262734.375,262734.375,0,0.0,0.0
2023-11-07 00:00:00-05:00,262734.375,262734.375,262734.375,262734.375,0,0.0,0.0
2023-11-08 00:00:00-05:00,262734.375,262734.375,262734.375,262734.375,0,0.0,0.0
2023-11-09 00:00:00-05:00,262734.375,262734.375,262734.375,262734.375,0,0.0,0.0
2023-11-10 00:00:00-05:00,262734.375,262734.375,262734.375,262734.375,0,0.0,0.0
2023-11-13 00:00:00-05:00,263671.875,264843.75,263671.875,264843.75,0,0.0,0.0
2023-11-14 00:00:00-05:00,267187.5,267187.5,266953.125,266953.125,0,0.0,0.0
2023-11-15 00:00:00-05:00,267187.5,267187.5,267187.5,267187.5,0,0.0,0.0
2023-11-16 00:00:00-05:00,268359.375,268359.375,267187.5,267187.5,0,0.0,0.0
2023-11-17 00:00:00-05:00,267187.5,267187.5,267187.5,267187.5,1,0.0,0.0
2023-11-20 00:00:00-05:00,268359.375,268359.375,268359.375,268359.375,0,0.0,0.0
2023-11-21 00:00:00-05:00,268359.375,268359.375,268359.375,268359.375,0,0.0,0.0
2023-11-22 00:00:00-05:00,269296.875,341015.625,269296.875,341015.625,0,0.0,0.0
2023-11-24 00:00:00-05:00,281250.0,281250.0,267187.5,275390.625,0,0.0,0.0
2023-11-27 00:00:00-05:00,270703.125,278179.6875,270703.125,278179.6875,0,0.0,0.0
2023-11-28 00:00:00-05:00,273046.875,288750.0,267914.0625,281250.0,0,0.0,0.0
2023-11-29 00:00:00-05:00,266015.625,320859.375,258984.375,276562.5,1,0.0,0.0
2023-11-30 00:00:00-05:00,246328.125,262968.75,246328.125,262500.0,0,0.0,0.0
2023-12-01 00:00:00-05:00,262500.0,262500.0,262500.0,262500.0,0,0.0,0.0
2023-12-04 00:00:00-05:00,262500.0,262500.0,262500.0,262500.0,0,0.0,0.0
2023-12-05 00:00:00-05:00,246328.125,246328.125,228750.0,236484.375,0,0.0,0.0
2023-12-06 00:00:00-05:00,236484.375,236484.375,236484.375,236484.375,0,0.0,0.0
2023-12-07 00:00:00-05:00,236484.375,236484.375,236484.375,236484.375,0,0.0,0.0
2023-12-08 00:00:00-05:00,247265.625,257812.5,236250.0,257812.5,0,0.0,0.0
2023-12-11 00:00:00-05:00,257812.5,257812.5,257812.5,257812.5,0,0.0,0.0
2023-12-12 00:00:00-05:00,257812.5,257812.5,257812.5,257812.5,0,0.0,0.0
2023-12-13 00:00:00-05:00,257812.5,257812.5,257812.5,257812.5,0,0.0,0.0
2023-12-14 00:00:00-05:00,257812.5,257812.5,257812.5,257812.5,0,0.0,0.0
2023-12-15 00:00:00-05:00,254296.875,254296.875,254296.875,254296.875,0,0.0,0.0
2023-12-18 00:00:00-05:00,254296.875,254296.875,254296.875,254296.875,0,0.0,0.0
2023-12-19 00:00:00-05:00,254296.875,254296.875,254296.875,254296.875,0,0.0,0.0
2023-12-20 00:00:00-05:00,254296.875,254296.875,254296.875,254296.875,0,0.0,0.0
2023-12-21 00:00:00-05:00,237187.5,246328.125,216328.125,227343.75,0,0.0,0.0
2023-12-22 00:00:00-05:00,227343.75,227343.75,227343.75,227343.75,0,0.0,0.0
2023-12-26 00:00:00-05:00,227343.75,227343.75,227343.75,227343.75,0,0.0,0.0
2023-12-27 00:00:00-05:00,233671.875,233671.875,199453.125,200390.625,0,0.0,0.0
2023-12-28 00:00:00-05:00,192187.5,210703.125,192187.5,210703.125,0,0.0,0.0
2023-12-29 00:00:00-05:00,192890.625,224039.0625,192890.625,216562.5,0,0.0,0.0
2024-01-02 00:00:00-05:00,216562.5,216562.5,216562.5,216562.5,0,0.0,0.0
2024-01-03 00:00:00-05:00,251718.75,268593.75,241171.875,241171.875,0,0.0,0.0
2024-01-04 00:00:00-05:00,264375.0,264843.75,245859.375,245859.375,0,0.0,0.0
2024-01-05 00:00:00-05:00,245859.375,245859.375,245859.375,245859.375,0,0.0,0.0
2024-01-08 00:00:00-05:00,245859.375,245859.375,245859.375,245859.375,0,0.0,0.0
2024-01-09 00:00:00-05:00,245859.375,245859.375,245859.375,245859.375,0,0.0,0.0
2024-01-10 00:00:00-05:00,249281.25,262500.0,246093.75,262500.0,0,0.0,0.0
2024-01-11 00:00:00-05:00,262500.0,262500.0,262500.0,262500.0,0,0.0,0.0
2024-01-12 00:00:00-05:00,262500.0,262500.0,262500.0,262500.0,0,0.0,0.0
2024-01-16 00:00:00-05:00,234140.625,234140.625,234140.625,234140.625,0,0.0,0.0
2024-01-17 00:00:00-05:00,240234.375,295359.375,234609.375,271875.0,5,0.0,0.0
2024-01-18 00:00:00-05:00,205312.5,207656.25,175781.25,183281.25,3,0.0,0.0
2024-01-19 00:00:00-05:00,185390.625,185390.625,131250.0,155859.375,2,0.0,0.0
2024-01-22 00:00:00-05:00,145312.5,178359.375,134531.25,166406.25,2,0.0,0.0
2024-01-23 00:00:00-05:00,142968.75,182578.125,135937.5,158671.875,2,0.0,0.0
2024-01-24 00:00:00-05:00,156328.125,163593.75,123046.875,133242.1875,2,0.0,0.0
2024-01-25 00:00:00-05:00,147187.5,147187.5,107343.75,112265.625,4,0.0,0.0
2024-01-26 00:00:00-05:00,83203.125,92109.375,48046.875,55078.125,9,0.0,0.0
2024-01-29 00:00:00-05:00,51796.875,54843.75,42187.5,46875.0,4,0.0,0.0
2024-01-30 00:00:00-05:00,46875.0,46875.0,43359.375,43359.375,1,0.0,0.0
2024-01-31 00:00:00-05:00,44531.25,47343.75,41718.75,41718.75,1,0.0,0.0
2024-02-01 00:00:00-05:00,42187.5,45703.125,38906.25,40312.5,7,0.0,0.0
2024-02-02 00:00:00-05:00,40078.125,40078.125,33515.625,33984.375,2,0.0,0.0
2024-02-05 00:00:00-05:00,35859.375,35929.6875,32343.75,33351.5625,1,0.0,0.0
2024-02-06 00:00:00-05:00,33515.625,36328.125,31171.875,35156.25,4,0.0,0.0
2024-02-07 00:00:00-05:00,36093.75,36328.125,26015.625,27421.875,145,0.0,0.0
2024-02-08 00:00:00-05:00,23203.125,24609.375,21117.1875,22218.75,17,0.0,0.0
2024-02-09 00:00:00-05:00,22734.375,22734.375,19031.25,19031.25,10,0.0,0.0
2024-02-12 00:00:00-05:00,19218.75,20390.625,19218.75,19500.0,7,0.0,0.0
2024-02-13 00:00:00-05:00,19453.125,19687.5,16921.875,17343.75,8,0.0,0.0
2024-02-14 00:00:00-05:00,16921.875,16921.875,15117.1875,16054.6875,8,0.0,0.0
2024-02-15 00:00:00-05:00,16406.25,17109.375,14812.5,15585.9375,7,0.0,0.0
2024-02-16 00:00:00-05:00,16171.875,16406.25,15234.375,15679.6875,1,0.0,0.0
2024-02-20 00:00:00-05:00,15937.5,16359.375,14765.625,15468.75,5,0.0,0.0
2024-02-21 00:00:00-05:00,15937.5,15937.5,13078.125,13429.6875,9,0.0,0.0
2024-02-22 00:00:00-05:00,14062.5,14062.5,12046.875,12726.5625,3,0.0,0.0
2024-02-23 00:00:00-05:00,12468.75,13359.375,12140.625,12750.0,5,0.0,0.0
2024-02-26 00:00:00-05:00,12843.75,13898.4375,12492.1875,13898.4375,6,0.0,0.0
2024-02-27 00:00:00-05:00,13476.5625,14062.5,12960.9375,13828.125,5,0.0,0.0
2024-02-28 00:00:00-05:00,13453.125,14296.875,13359.375,13359.375,3,0.0,0.0
2024-02-29 00:00:00-05:00,13851.5625,14015.625,12679.6875,12890.625,5,0.0,0.0
2024-03-01 00:00:00-05:00,12890.625,14062.5,12492.1875,13406.25,1,0.0,0.0
2024-03-04 00:00:00-05:00,14531.25,16640.625,13593.75,14531.25,43,0.0,0.0
2024-03-05 00:00:00-05:00,15187.5,25781.25,14179.6875,20156.25,303,0.0,0.0
2024-03-06 00:00:00-05:00,18515.625,32343.75,17578.125,23906.25,280,0.0,0.0
2024-03-07 00:00:00-05:00,22945.3125,35156.25,22031.25,29765.625,157,0.0,0.0
2024-03-08 00:00:00-05:00,57421.875,101015.625,49453.125,49453.125,6397,0.0,0.0
2024-03-11 00:00:00-04:00,50390.625,51562.5,39609.375,41484.375,113,0.0,0.0
2024-03-12 00:00:00-04:00,35625.0,37500.0,27046.875,28828.125,133,0.0,0.0
2024-03-13 00:00:00-04:00,28593.75,29531.25,22500.0,24375.0,67,0.0,0.0
2024-03-14 00:00:00-04:00,24140.625,43828.125,22500.0,37265.625,1424,0.0,0.0
2024-03-15 00:00:00-04:00,32812.5,36093.75,29296.875,30234.375,100,0.0,0.0
2024-03-18 00:00:00-04:00,29296.875,30234.375,24843.75,29296.875,38,0.0,0.0
2024-03-19 00:00:00-04:00,28593.75,33351.5625,27656.25,30234.375,44,0.0,0.0
2024-03-20 00:00:00-04:00,29765.625,29953.125,26953.125,27656.25,18,0.0,0.0
2024-03-21 00:00:00-04:00,29531.25,32343.75,26250.0,27187.5,28,0.0,0.0
2024-03-22 00:00:00-04:00,26015.625,27421.875,24843.75,25781.25,15,0.0,0.0
2024-03-25 00:00:00-04:00,26484.375,29062.5,25546.875,26484.375,18,0.0,0.0
2024-03-26 00:00:00-04:00,26953.125,27281.25,25078.125,26250.0,9,0.0,0.0
2024-03-27 00:00:00-04:00,25781.25,28359.375,24843.75,27656.25,13,0.0,0.0
2024-03-28 00:00:00-04:00,28125.0,28125.0,25781.25,26718.75,7,0.0,0.0
2024-04-01 00:00:00-04:00,26015.625,27656.25,26015.625,26718.75,2,0.0,0.0
2024-04-02 00:00:00-04:00,25546.875,26953.125,25312.5,25546.875,5,0.0,0.0
2024-04-03 00:00:00-04:00,26015.625,26484.375,24539.0625,25078.125,4,0.0,0.0
2024-04-04 00:00:00-04:00,25312.5,25312.5,23671.875,24375.0,7,0.0,0.0
2024-04-05 00:00:00-04:00,24375.0,24375.0,22265.625,23085.9375,8,0.0,0.0
2024-04-08 00:00:00-04:00,23671.875,23906.25,22500.0,23437.5,8,0.0,0.0
2024-04-09 00:00:00-04:00,23906.25,23906.25,20156.25,21796.875,5,0.0,0.0
2024-04-10 00:00:00-04:00,21375.0,22500.0,21093.75,21398.4375,4,0.0,0.0
2024-04-11 00:00:00-04:00,21562.5,21562.5,19218.75,19546.875,9,0.0,0.0
2024-04-12 00:00:00-04:00,19921.875,20859.375,18773.4375,18937.5,3,0.0,0.0
2024-04-15 00:00:00-04:00,18984.375,19171.875,16992.1875,18632.8125,5,0.0,0.0
2024-04-16 00:00:00-04:00,18750.0,18750.0,15445.3125,16265.625,4,0.0,0.0
2024-04-17 00:00:00-04:00,16171.875,16734.375,15257.8125,15984.375,2,0.0,0.0
2024-04-18 00:00:00-04:00,15539.0625,16406.25,15539.0625,16031.25,1,0.0,0.0
2024-04-19 00:00:00-04:00,16406.25,16875.0,14789.0625,15914.0625,2,0.0,0.0
2024-04-22 00:00:00-04:00,15937.5,19218.75,15703.125,17507.8125,2,0.0,0.0
2024-04-23 00:00:00-04:00,17765.625,19757.8125,17390.625,17812.5,3,0.0,0.0
2024-04-24 00:00:00-04:00,18867.1875,19687.5,18046.875,18703.125,1,0.0,0.0
2024-04-25 00:00:00-04:00,19218.75,19921.875,18890.625,19687.5,4,0.0,0.0
2024-04-26 00:00:00-04:00,19242.1875,20718.75,18984.375,20132.8125,4,0.0,0.0
2024-04-29 00:00:00-04:00,20789.0625,24609.375,20390.625,22500.0,11,0.0,0.0
2024-04-30 00:00:00-04:00,22500.0,23437.5,20320.3125,21070.3125,5,0.0,0.0
2024-05-01 00:00:00-04:00,21796.875,33046.875,20742.1875,28125.0,250,0.0,0.0
2024-05-02 00:00:00-04:00,26250.0,33515.625,25546.875,29765.625,83,0.0,0.0
2024-05-03 00:00:00-04:00,29531.25,33750.0,26953.125,27187.5,39,0.0,0.0
2024-05-06 00:00:00-04:00,28593.75,32343.75,24843.75,25312.5,26,0.0,0.0
2024-05-07 00:00:00-04:00,25078.125,26718.75,23906.25,24140.625,7,0.0,0.0
2024-05-08 00:00:00-04:00,24375.0,25242.1875,22734.375,24843.75,6,0.0,0.0
2024-05-09 00:00:00-04:00,24843.75,26953.125,24375.0,25781.25,5,0.0,0.0
2024-05-10 00:00:00-04:00,25781.25,25781.25,23437.5,23437.5,4,0.0,0.0
2024-05-13 00:00:00-04:00,25078.125,25078.125,22265.625,22617.1875,4,0.0,0.0
2024-05-14 00:00:00-04:00,21937.5,21937.5,19921.875,20156.25,5,0.0,0.0
2024-05-15 00:00:00-04:00,21093.75,21093.75,19265.625,19968.75,6,0.0,0.0
2024-05-16 00:00:00-04:00,19757.8125,21328.125,19757.8125,21328.125,3,0.0,0.0
2024-05-17 00:00:00-04:00,21328.125,21398.4375,19546.875,20390.625,3,0.0,0.0
2024-05-20 00:00:00-04:00,20156.25,21093.75,19687.5,20507.8125,2,0.0,0.0
2024-05-21 00:00:00-04:00,20812.5,20812.5,19242.1875,19898.4375,3,0.0,0.0
2024-05-22 00:00:00-04:00,19523.4375,21328.125,19523.4375,20203.125,2,0.0,0.0
2024-05-23 00:00:00-04:00,19921.875,20390.625,18164.0625,19359.375,8,0.0,0.0
2024-05-24 00:00:00-04:00,18796.875,19453.125,18281.25,19429.6875,4,0.0,0.0
2024-05-28 00:00:00-04:00,19453.125,19453.125,17578.125,18820.3125,2,0.0,0.0
2024-05-29 00:00:00-04:00,17343.75,17578.125,15703.125,17226.5625,4,0.0,0.0
2024-05-30 00:00:00-04:00,16781.25,17226.5625,15960.9375,17226.5625,1,0.0,0.0
2024-05-31 00:00:00-04:00,16500.0,18046.875,15937.5,17578.125,5,0.0,0.0
2024-06-03 00:00:00-04:00,17343.75,18281.25,17343.75,17414.0625,3,0.0,0.0
2024-06-04 00:00:00-04:00,17906.25,18070.3125,16195.3125,17156.25,1,0.0,0.0
2024-06-05 00:00:00-04:00,16664.0625,18281.25,16125.0,17671.875,6,0.0,0.0
2024-06-06 00:00:00-04:00,17109.375,18515.625,16171.875,16335.9375,3,0.0,0.0
2024-06-07 00:00:00-04:00,16171.875,16757.8125,15281.25,15703.125,4,0.0,0.0
2024-06-10 00:00:00-04:00,15234.375,15820.3125,15070.3125,15234.375,4,0.0,0.0
2024-06-11 00:00:00-04:00,14789.0625,15656.25,14789.0625,15234.375,1,0.0,0.0
2024-06-12 00:00:00-04:00,15468.75,15468.75,14765.625,15234.375,2,0.0,0.0
2024-06-13 00:00:00-04:00,15445.3125,15445.3125,14296.875,14765.625,1,0.0,0.0
2024-06-14 00:00:00-04:00,14765.625,15351.5625,13593.75,14156.25,1,0.0,0.0
2024-06-17 00:00:00-04:00,14062.5,14156.25,13289.0625,14062.5,1,0.0,0.0
2024-06-18 00:00:00-04:00,14062.5,14062.5,13101.5625,14015.625,2,0.0,0.0
2024-06-20 00:00:00-04:00,13921.875,14648.4375,13359.375,14062.5,394,0.0,0.0
2024-06-21 00:00:00-04:00,11132.8125,11132.8125,8835.9375,9140.625,117,0.0,0.0
2024-06-24 00:00:00-04:00,8671.875,9585.9375,8226.5625,8718.75,42,0.0,0.0
2024-06-25 00:00:00-04:00,9023.4375,9023.4375,8437.5,8625.0,10,0.0,0.0
2024-06-26 00:00:00-04:00,8437.5,8789.0625,7757.8125,8343.75,13,0.0,0.0
2024-06-27 00:00:00-04:00,8437.5,8437.5,6257.8125,7710.9375,23,0.0,0.0
2024-06-28 00:00:00-04:00,7500.0,8343.75,7007.8125,7031.25,15,0.0,0.0
2024-07-01 00:00:00-04:00,6937.5,7734.375,6937.5,7476.5625,8,0.0,0.0
2024-07-02 00:00:00-04:00,7242.1875,7500.0,6585.9375,6984.375,11,0.0,0.0
2024-07-03 00:00:00-04:00,6984.375,7453.125,6609.375,7078.125,2,0.0,0.0
2024-07-05 00:00:00-04:00,7031.25,7054.6875,6726.5625,6820.3125,3,0.0,0.0
2024-07-08 00:00:00-04:00,6820.3125,7429.6875,6820.3125,7054.6875,4,0.0,0.0
2024-07-09 00:00:00-04:00,7382.8125,7382.8125,6914.0625,6960.9375,2,0.0,0.0
2024-07-10 00:00:00-04:00,6843.75,7710.9375,6843.75,7476.5625,9,0.0,0.0
2024-07-11 00:00:00-04:00,7359.375,7734.375,7031.25,7734.375,7,0.0,0.0
2024-07-12 00:00:00-04:00,7734.375,7734.375,7031.25,7289.0625,6,0.0,0.0
2024-07-15 00:00:00-04:00,7289.0625,8414.0625,7289.0625,8296.875,9,0.0,0.0
2024-07-16 00:00:00-04:00,8273.4375,10617.1875,8132.8125,10289.0625,74,0.0,0.0
2024-07-17 00:00:00-04:00,10476.5625,11015.625,8250.0,9117.1875,32,0.0,0.0
2024-07-18 00:00:00-04:00,10078.125,10078.125,9375.0,10054.6875,20,0.0,0.0
2024-07-19 00:00:00-04:00,10312.5,10312.5,8437.5,9656.25,15,0.0,0.0
2024-07-22 00:00:00-04:00,9609.375,9609.375,8929.6875,9140.625,4,0.0,0.0
2024-07-23 00:00:00-04:00,8976.5625,9492.1875,8437.5,9492.1875,13,0.0,0.0
2024-07-24 00:00:00-04:00,9117.1875,9375.0,8671.875,9164.0625,1376,0.0,0.0
2024-07-25 00:00:00-04:00,25312.5,27421.875,12914.0625,14062.5,3521,0.0,0.0
2024-07-26 00:00:00-04:00,13593.75,18234.375,12937.5,13617.1875,327,0.0,0.0
2024-07-29 00:00:00-04:00,14460.9375,15703.125,13359.375,14507.8125,107,0.0,0.0
2024-07-30 00:00:00-04:00,14531.25,14531.25,13593.75,13828.125,24,0.0,0.0
2024-07-31 00:00:00-04:00,13851.5625,14062.5,12890.625,13828.125,60,0.0,0.0
2024-08-01 00:00:00-04:00,14226.5625,14296.875,12937.5,13359.375,40,0.0,0.0
2024-08-02 00:00:00-04:00,13218.75,13218.75,12140.625,12890.625,12,0.0,0.0
2024-08-05 00:00:00-04:00,11953.125,12656.25,10546.875,12093.75,14,0.0,0.0
2024-08-06 00:00:00-04:00,11953.125,12187.5,11320.3125,11882.8125,11,0.0,0.0
2024-08-07 00:00:00-04:00,12187.5,12632.8125,11765.625,12468.75,8,0.0,0.0
2024-08-08 00:00:00-04:00,12375.0,13476.5625,11742.1875,12820.3125,7,0.0,0.0
2024-08-09 00:00:00-04:00,13054.6875,13054.6875,11718.75,12398.4375,5,0.0,0.0
2024-08-12 00:00:00-04:00,12140.625,12726.5625,11367.1875,11484.375,9,0.0,0.0
2024-08-13 00:00:00-04:00,10781.25,12000.0,9750.0,11343.75,156,0.0,0.0
2024-08-14 00:00:00-04:00,11484.375,11484.375,10546.875,10898.4375,6,0.0,0.0
2024-08-15 00:00:00-04:00,10617.1875,13335.9375,10546.875,12398.4375,14,0.0,0.0
2024-08-16 00:00:00-04:00,12421.875,12914.0625,12234.375,12585.9375,5,0.0,0.0
2024-08-19 00:00:00-04:00,12609.375,13078.125,11742.1875,12703.125,5,0.0,0.0
2024-08-20 00:00:00-04:00,12890.625,12890.625,12187.5,12257.8125,3,0.0,0.0
2024-08-21 00:00:00-04:00,12656.25,13007.8125,11953.125,12187.5,6,0.0,0.0
2024-08-22 00:00:00-04:00,12210.9375,12632.8125,11976.5625,12187.5,3,0.0,0.0
2024-08-23 00:00:00-04:00,12023.4375,12468.75,11742.1875,11835.9375,3,0.0,0.0
2024-08-26 00:00:00-04:00,11812.5,12164.0625,10406.25,10570.3125,6,0.0,0.0
2024-08-27 00:00:00-04:00,10687.5,10687.5,10078.125,10312.5,4,0.0,0.0
2024-08-28 00:00:00-04:00,10289.0625,10546.875,9398.4375,10265.625,3,0.0,0.0
2024-08-29 00:00:00-04:00,10265.625,10429.6875,9421.875,9726.5625,1,0.0,0.0
2024-08-30 00:00:00-04:00,10078.125,10125.0,9492.1875,9609.375,5,0.0,0.0
2024-09-03 00:00:00-04:00,9867.1875,9867.1875,8203.125,8390.625,9,0.0,0.0
2024-09-04 00:00:00-04:00,7218.75,7218.75,4921.875,5460.9375,786,0.0,0.0
2024-09-05 00:00:00-04:00,5367.1875,5718.75,4523.4375,5390.625,126,0.0,0.0
2024-09-06 00:00:00-04:00,5390.625,5414.0625,4218.75,4476.5625,1007,0.0,0.0
2024-09-09 00:00:00-04:00,4664.0625,4898.4375,4289.0625,4429.6875,111,0.0,0.0
2024-09-10 00:00:00-04:00,4453.125,4570.3125,4078.125,4242.1875,75,0.0,0.0
2024-09-11 00:00:00-04:00,4171.875,4218.75,3796.875,3984.375,63,0.0,0.0
2024-09-12 00:00:00-04:00,3867.1875,3914.0625,3750.0,3820.3125,38,0.0,0.0
2024-09-13 00:00:00-04:00,3750.0,3984.375,3562.5,3656.25,78,0.0,0.0
2024-09-16 00:00:00-04:00,3187.5,3515.625,2882.8125,2976.5625,132,0.0,0.0
2024-09-17 00:00:00-04:00,2953.125,2953.125,2742.1875,2929.6875,74,0.0,0.0
2024-09-18 00:00:00-04:00,3023.4375,3257.8125,2953.125,3257.8125,137,0.0,0.0
2024-09-19 00:00:00-04:00,3609.375,3609.375,2812.5,3000.0,1093,0.0,0.0
2024-09-20 00:00:00-04:00,2976.5625,3140.625,2648.4375,2812.5,541,0.0,0.0
2024-09-23 00:00:00-04:00,2906.25,3234.375,2835.9375,2906.25,477,0.0,0.0
2024-09-24 00:00:00-04:00,2765.625,3140.625,2765.625,3070.3125,373,0.0,0.0
2024-09-25 00:00:00-04:00,3046.875,3117.1875,2671.875,2812.5,187,0.0,0.0
2024-09-26 00:00:00-04:00,2812.5,2835.9375,2531.25,2554.6875,140,0.0,0.0
2024-09-27 00:00:00-04:00,2648.4375,2671.875,2484.375,2531.25,101,0.0,0.0
2024-09-30 00:00:00-04:00,2531.25,2578.125,2250.0,2343.75,168,0.0,0.0
2024-10-01 00:00:00-04:00,2367.1875,2367.1875,1992.1875,2039.0625,204,0.0,0.0
2024-10-02 00:00:00-04:00,2132.8125,2156.25,1992.1875,2109.375,40,0.0,0.0
2024-10-03 00:00:00-04:00,2179.6875,2460.9375,2109.375,2414.0625,235,0.0,0.0
2024-10-04 00:00:00-04:00,2507.8125,2507.8125,2343.75,2343.75,163,0.0,0.0
2024-10-07 00:00:00-04:00,2343.75,2507.8125,2132.8125,2484.375,153,0.0,0.0
2024-10-08 00:00:00-04:00,2460.9375,2835.9375,2414.0625,2554.6875,1264,0.0,0.0
2024-10-09 00:00:00-04:00,2531.25,2554.6875,2132.8125,2179.6875,503,0.0,0.0
2024-10-10 00:00:00-04:00,2226.5625,2390.625,2109.375,2132.8125,240,0.0,0.0
2024-10-11 00:00:00-04:00,2132.8125,2320.3125,2132.8125,2273.4375,78,0.0,0.0
2024-10-14 00:00:00-04:00,2203.125,2437.5,2156.25,2296.875,227,0.0,0.0
2024-10-15 00:00:00-04:00,2367.1875,2859.375,2250.0,2507.8125,733,0.0,0.0
2024-10-16 00:00:00-04:00,2226.5625,2695.3125,2226.5625,2578.125,242,0.0,0.0
2024-10-17 00:00:00-04:00,2531.25,2742.1875,2484.375,2671.875,140,0.0,0.0
2024-10-18 00:00:00-04:00,2648.4375,2906.25,2507.8125,2531.25,190,0.0,0.0
2024-10-21 00:00:00-04:00,2507.8125,2765.625,2414.0625,2718.75,272,0.0,0.0
2024-10-22 00:00:00-04:00,3046.875,3234.375,2484.375,2554.6875,1351,0.0,0.0
2024-10-23 00:00:00-04:00,2554.6875,2671.875,2390.625,2507.8125,386,0.0,0.0
2024-10-24 00:00:00-04:00,2437.5,2437.5,2156.25,2203.125,370,0.0,0.0
2024-10-25 00:00:00-04:00,2203.125,2507.8125,2203.125,2273.4375,314,0.0,0.0
2024-10-28 00:00:00-04:00,2250.0,2296.875,2085.9375,2226.5625,212,0.0,0.0
2024-10-29 00:00:00-04:00,2179.6875,2226.5625,2062.5,2109.375,169,0.0,0.0
2024-10-30 00:00:00-04:00,2085.9375,2250.0,2062.5,2203.125,316,0.0,0.0
2024-10-31 00:00:00-04:00,1945.3125,1968.75,1593.75,1617.1875,406,0.0,0.0
2024-11-01 00:00:00-04:00,1640.625,1664.0625,1570.3125,1617.1875,114,0.0,0.0
2024-11-04 00:00:00-05:00,1593.75,1617.1875,1523.4375,1593.75,60,0.0,0.0
2024-11-05 00:00:00-05:00,1593.75,2484.375,1476.5625,1546.875,1612,0.0,0.0
2024-11-06 00:00:00-05:00,1406.25,1546.875,1335.9375,1429.6875,197,0.0,0.0
2024-11-07 00:00:00-05:00,1617.1875,1851.5625,1453.125,1828.125,559,0.0,0.0
2024-11-08 00:00:00-05:00,1804.6875,1968.75,1664.0625,1781.25,239,0.0,0.0
2024-11-11 00:00:00-05:00,1898.4375,1945.3125,1757.8125,1781.25,171,0.0,0.0
2024-11-12 00:00:00-05:00,1757.8125,1757.8125,1546.875,1640.625,243,0.0,0.0
2024-11-13 00:00:00-05:00,1289.0625,1382.8125,1171.875,1312.5,269,0.0,0.0
2024-11-14 00:00:00-05:00,1406.25,1406.25,1171.875,1265.625,129,0.0,0.0
2024-11-15 00:00:00-05:00,1312.5,1312.5,1171.875,1195.3125,134,0.0,0.0
2024-11-18 00:00:00-05:00,1171.875,1289.0625,1125.0,1265.625,255,0.0,0.0
2024-11-19 00:00:00-05:00,1289.0625,1359.375,1125.0,1242.1875,274,0.0,0.0
2024-11-20 00:00:00-05:00,1195.3125,1195.3125,1078.125,1171.875,1458,0.0,0.0
2024-11-21 00:00:00-05:00,1171.875,1171.875,1031.25,1101.5625,329,0.0,0.0
2024-11-22 00:00:00-05:00,1101.5625,1148.4375,1007.8125,1031.25,472,0.0,0.0
2024-11-25 00:00:00-05:00,1031.25,1125.0,937.5,1125.0,310,0.0,0.0
2024-11-26 00:00:00-05:00,1109.375,1365.625,950.625,1043.75,1047,0.0,0.013333333333333334
2024-11-27 00:00:00-05:00,1031.25,1171.875,975.0,1096.875,455,0.0,0.0
2024-11-29 00:00:00-05:00,1062.5,1165.625,1029.375,1081.25,463,0.0,0.0
2024-12-02 00:00:00-05:00,1040.625,1181.25,968.75,1009.375,618,0.0,0.0
2024-12-03 00:00:00-05:00,1059.375,1093.75,837.5,881.25,1198,0.0,0.0
2024-12-04 00:00:00-05:00,850.0,1009.375,665.625,787.5,1134,0.0,0.0
2024-12-05 00:00:00-05:00,1028.125,1250.0,812.5,825.0,65158,0.0,0.0
2024-12-06 00:00:00-05:00,703.125,937.5,665.625,740.625,4480,0.0,0.0
2024-12-09 00:00:00-05:00,625.0,678.125,562.5,646.875,1553,0.0,0.0
2024-12-10 00:00:00-05:00,878.125,887.5,634.375,646.875,55624,0.0,0.0
2024-12-11 00:00:00-05:00,593.75,681.25,578.125,646.875,2282,0.0,0.0
2024-12-12 00:00:00-05:00,640.625,640.625,615.625,637.5,806,0.0,0.0
2024-12-13 00:00:00-05:00,659.375,659.375,568.75,578.125,978,0.0,0.0
2024-12-16 00:00:00-05:00,593.75,603.125,565.625,578.125,388,0.0,0.0
2024-12-17 00:00:00-05:00,559.375,568.75,521.25,546.875,972,0.0,0.0
2024-12-18 00:00:00-05:00,543.75,556.25,471.875,478.125,825,0.0,0.0
2024-12-19 00:00:00-05:00,650.0,2459.375,565.625,768.75,240876,0.0,0.0
2024-12-20 00:00:00-05:00,1231.25,1328.125,868.75,993.75,77104,0.0,0.0
2024-12-23 00:00:00-05:00,806.25,828.125,654.0625,743.75,5123,0.0,0.0
2024-12-24 00:00:00-05:00,746.875,765.625,687.5,759.375,1352,0.0,0.0
2024-12-26 00:00:00-05:00,718.75,793.75,646.875,746.875,2011,0.0,0.0
2024-12-27 00:00:00-05:00,743.75,743.75,681.25,706.25,998,0.0,0.0
2024-12-30 00:00:00-05:00,687.5,723.125,650.0,665.625,860,0.0,0.0
2024-12-31 00:00:00-05:00,693.75,720.3125,650.0,659.375,889,0.0,0.0
2025-01-02 00:00:00-05:00,643.75,709.375,643.75,650.0,589,0.0,0.0
2025-01-03 00:00:00-05:00,687.5,687.5,621.875,631.25,697,0.0,0.0
2025-01-06 00:00:00-05:00,637.5,646.875,596.875,600.0,676,0.0,0.0
2025-01-07 00:00:00-05:00,618.75,637.5,596.875,596.875,389,0.0,0.0
2025-01-08 00:00:00-05:00,596.875,618.75,556.25,575.0,656,0.0,0.0
2025-01-10 00:00:00-05:00,562.5,571.875,531.25,531.25,342,0.0,0.0
2025-01-13 00:00:00-05:00,518.75,703.125,509.375,628.125,2784,0.0,0.0
2025-01-14 00:00:00-05:00,553.125,612.5,546.875,568.75,7226,0.0,0.0
2025-01-15 00:00:00-05:00,537.5,556.25,510.9375,512.5,790,0.0,0.0
2025-01-16 00:00:00-05:00,503.125,568.75,503.125,553.125,586,0.0,0.0
2025-01-17 00:00:00-05:00,546.875,578.125,531.25,559.375,245,0.0,0.0
2025-01-21 00:00:00-05:00,562.5,565.625,528.125,537.5,200,0.0,0.0
2025-01-22 00:00:00-05:00,521.875,531.25,515.625,521.875,188,0.0,0.0
2025-01-23 00:00:00-05:00,515.625,681.25,503.125,534.375,7774,0.0,0.0
2025-01-24 00:00:00-05:00,525.0,578.125,518.75,568.75,1426,0.0,0.0
2025-01-27 00:00:00-05:00,559.375,562.5,512.5,525.0,511,0.0,0.0
2025-01-28 00:00:00-05:00,506.25,637.5,378.125,418.75,4739,0.0,0.0
2025-01-29 00:00:00-05:00,462.5,578.125,443.75,512.5,1810,0.0,0.0
2025-01-30 00:00:00-05:00,496.875,531.25,475.0,506.25,611,0.0,0.0
2025-01-31 00:00:00-05:00,500.0,500.0,478.125,490.625,213,0.0,0.0
2025-02-03 00:00:00-05:00,478.125,485.9375,440.625,456.25,492,0.0,0.0
2025-02-04 00:00:00-05:00,459.375,475.0,434.375,443.75,569,0.0,0.0
2025-02-05 00:00:00-05:00,450.0,496.875,421.875,482.8125,1726,0.0,0.0
2025-02-06 00:00:00-05:00,453.125,453.125,421.875,431.25,701,0.0,0.0
2025-02-07 00:00:00-05:00,431.25,450.0,425.0,426.5625,267,0.0,0.0
2025-02-10 00:00:00-05:00,431.25,431.25,381.25,393.75,599,0.0,0.0
2025-02-11 00:00:00-05:00,390.625,390.625,384.375,387.5,167,0.0,0.0
2025-02-12 00:00:00-05:00,396.875,396.875,359.375,384.375,652,0.0,0.0
2025-02-13 00:00:00-05:00,381.25,403.125,362.5,400.0,1573,0.0,0.0
2025-02-14 00:00:00-05:00,400.0,437.5,390.625,435.9375,1820,0.0,0.0
2025-02-18 00:00:00-05:00,450.0,459.375,390.625,425.0,1724,0.0,0.0
2025-02-19 00:00:00-05:00,434.375,453.125,406.25,428.125,2046,0.0,0.0
2025-02-20 00:00:00-05:00,428.125,437.5,421.875,428.125,542,0.0,0.0
2025-02-21 00:00:00-05:00,434.375,437.1875,396.875,406.25,853,0.0,0.0
2025-02-24 00:00:00-05:00,403.125,403.125,365.625,384.375,1391,0.0,0.0
2025-02-25 00:00:00-05:00,387.5,387.5,353.125,378.125,1377,0.0,0.0
2025-02-26 00:00:00-05:00,387.5,437.5,387.5,418.75,13069,0.0,0.0
2025-02-27 00:00:00-05:00,393.75,406.25,384.375,387.5,1199,0.0,0.0
2025-02-28 00:00:00-05:00,390.625,390.625,368.75,387.5,561,0.0,0.0
2025-03-03 00:00:00-05:00,375.0,375.0,312.5,321.875,1247,0.0,0.0
2025-03-04 00:00:00-05:00,299.375,315.625,275.9375,313.75,1098,0.0,0.0
2025-03-05 00:00:00-05:00,302.8125,304.6875,281.25,284.6875,855,0.0,0.0
2025-03-06 00:00:00-05:00,280.625,287.5,278.125,281.25,186,0.0,0.0
2025-03-07 00:00:00-05:00,285.9375,289.0625,273.125,287.5,312,0.0,0.0
2025-03-10 00:00:00-04:00,290.625,293.75,268.75,274.375,186,0.0,0.0
2025-03-11 00:00:00-04:00,268.75,282.1875,268.75,278.125,149,0.0,0.0
2025-03-12 00:00:00-04:00,273.75,278.125,259.375,275.3125,212,0.0,0.0
2025-03-13 00:00:00-04:00,246.875,256.5625,231.25,237.5,616,0.0,0.0
2025-03-14 00:00:00-04:00,231.25,246.875,227.5,245.0,139,0.0,0.0
2025-03-17 00:00:00-04:00,237.8125,242.8125,219.375,225.0,150,0.0,0.0
2025-03-18 00:00:00-04:00,224.0625,224.0625,209.6875,215.9375,271,0.0,0.0
2025-03-19 00:00:00-04:00,215.9375,222.5,209.6875,218.4375,196,0.0,0.0
2025-03-20 00:00:00-04:00,218.75,228.125,208.125,209.375,763,0.0,0.0
2025-03-21 00:00:00-04:00,203.125,203.4375,187.5,195.3125,140,0.0,0.0
2025-03-24 00:00:00-04:00,194.0625,225.0,194.0625,202.8125,436,0.0,0.0
2025-03-25 00:00:00-04:00,197.8125,203.125,181.25,189.0625,511,0.0,0.0
2025-03-26 00:00:00-04:00,192.5,200.0,190.625,192.8125,169,0.0,0.0
2025-03-27 00:00:00-04:00,193.125,217.5,181.5625,204.6875,542,0.0,0.0
2025-03-28 00:00:00-04:00,198.4375,209.375,190.625,196.25,190,0.0,0.0
2025-03-31 00:00:00-04:00,196.875,203.75,180.625,187.5,268,0.0,0.0
2025-04-01 00:00:00-04:00,189.0625,189.0625,178.125,185.0,151,0.0,0.0
2025-04-02 00:00:00-04:00,181.25,190.625,175.0,184.0625,297,0.0,0.0
2025-04-03 00:00:00-04:00,171.875,190.625,170.3125,181.5625,238,0.0,0.0
2025-04-04 00:00:00-04:00,180.9375,180.9375,137.5,144.375,540,0.0,0.0
2025-04-07 00:00:00-04:00,146.875,146.875,114.6875,136.875,784,0.0,0.0
2025-04-08 00:00:00-04:00,132.5,149.375,132.5,137.5,492,0.0,0.0
2025-04-09 00:00:00-04:00,130.625,155.625,130.625,149.375,454,0.0,0.0
2025-04-10 00:00:00-04:00,145.0,152.8125,141.25,141.25,221,0.0,0.0
2025-04-11 00:00:00-04:00,141.875,150.9375,129.0625,140.3125,235,0.0,0.0
2025-04-14 00:00:00-04:00,144.0625,149.375,140.625,147.5,113,0.0,0.0
2025-04-15 00:00:00-04:00,149.6875,159.0625,143.125,154.375,289,0.0,0.0
2025-04-16 00:00:00-04:00,150.9375,153.75,140.9375,145.3125,149,0.0,0.0
2025-04-17 00:00:00-04:00,145.9375,149.0625,129.375,136.875,501,0.0,0.0
2025-04-21 00:00:00-04:00,140.625,140.625,120.3125,126.5625,262,0.0,0.0
2025-04-22 00:00:00-04:00,129.0625,145.3125,121.875,137.1875,339,0.0,0.0
2025-04-23 00:00:00-04:00,150.0,150.0,134.375,142.8125,300,0.0,0.0
2025-04-24 00:00:00-04:00,142.8125,149.375,118.75,144.375,364,0.0,0.0
2025-04-25 00:00:00-04:00,152.1875,171.875,151.5625,171.875,603,0.0,0.0
2025-04-28 00:00:00-04:00,171.875,178.125,163.125,166.5625,166,0.0,0.0
2025-04-29 00:00:00-04:00,165.625,165.625,155.625,162.8125,140,0.0,0.0
2025-04-30 00:00:00-04:00,156.5625,156.5625,131.25,142.5,547,0.0,0.0
2025-05-01 00:00:00-04:00,130.9375,143.75,116.875,137.5,1714,0.0,0.0
2025-05-02 00:00:00-04:00,135.9375,140.0,126.875,135.625,1162,0.0,0.0
2025-05-05 00:00:00-04:00,130.859375,189.453125,128.90625,186.3671875,5463,0.0,0.125
2025-05-06 00:00:00-04:00,170.703125,182.8125,139.84375,173.4375,4122,0.0,0.0
2025-05-07 00:00:00-04:00,164.453125,187.5,158.0078125,166.9921875,2332,0.0,0.0
2025-05-08 00:00:00-04:00,166.015625,178.4375,142.1875,151.3671875,8448,0.0,0.0
2025-05-09 00:00:00-04:00,154.296875,155.6640625,140.625,147.265625,2790,0.0,0.0
2025-05-12 00:00:00-04:00,145.8984375,160.15625,133.203125,143.75,2947,0.0,0.0
2025-05-13 00:00:00-04:00,146.484375,167.1875,140.859375,153.125,3208,0.0,0.0
2025-05-14 00:00:00-04:00,162.578125,183.125,148.828125,171.875,4224,0.0,0.0
2025-05-15 00:00:00-04:00,175.390625,199.21875,162.109375,172.734375,2816,0.0,0.0
2025-05-16 00:00:00-04:00,179.296875,216.953125,179.296875,203.125,4308,0.0,0.0
2025-05-19 00:00:00-04:00,203.90625,300.390625,203.90625,234.765625,30047,0.0,0.0
2025-05-20 00:00:00-04:00,224.21875,228.125,189.84375,207.8125,4262,0.0,0.0
2025-05-21 00:00:00-04:00,204.296875,208.59375,173.828125,180.859375,3067,0.0,0.0
2025-05-22 00:00:00-04:00,180.46875,191.015625,165.78125,172.65625,1413,0.0,0.0
2025-05-23 00:00:00-04:00,167.578125,175.9765625,167.1875,171.484375,681,0.0,0.0
2025-05-27 00:00:00-04:00,178.7109375,183.515625,172.65625,178.125,783,0.0,0.0
2025-05-28 00:00:00-04:00,177.734375,185.15625,172.6953125,176.171875,727,0.0,0.0
2025-05-29 00:00:00-04:00,171.875,207.8125,171.875,203.90625,2908,0.0,0.0
2025-05-30 00:00:00-04:00,250.390625,272.2265625,160.9375,191.796875,25142,0.0,0.0
2025-06-02 00:00:00-04:00,180.46875,203.125,180.390625,181.25,2440,0.0,0.0
2025-06-03 00:00:00-04:00,178.90625,198.828125,176.4453125,190.8203125,1674,0.0,0.0
2025-06-04 00:00:00-04:00,189.84375,225.78125,185.15625,214.0625,2038,0.0,0.0
2025-06-05 00:00:00-04:00,214.0625,226.5625,198.2421875,199.21875,2580,0.0,0.0
2025-06-06 00:00:00-04:00,199.21875,222.03125,199.21875,215.625,1810,0.0,0.0
2025-06-09 00:00:00-04:00,226.5625,234.375,209.5703125,210.7421875,1539,0.0,0.0
2025-06-10 00:00:00-04:00,210.546875,215.4296875,196.875,203.90625,1172,0.0,0.0
2025-06-11 00:00:00-04:00,197.65625,203.125,184.4140625,194.140625,927,0.0,0.0
2025-06-12 00:00:00-04:00,193.359375,209.4921875,181.0546875,181.0546875,745,0.0,0.0
2025-06-13 00:00:00-04:00,179.6875,182.6171875,169.921875,177.34375,986,0.0,0.0
2025-06-16 00:00:00-04:00,177.34375,184.765625,164.84375,170.5078125,458,0.0,0.0
2025-06-17 00:00:00-04:00,169.53125,212.109375,169.53125,198.828125,9270,0.0,0.0
2025-06-18 00:00:00-04:00,208.203125,223.4375,187.890625,192.1875,3843,0.0,0.0
2025-06-20 00:00:00-04:00,185.15625,191.015625,177.734375,185.9375,1444,0.0,0.0
2025-06-23 00:00:00-04:00,185.3515625,193.75,176.5625,189.84375,453,0.0,0.0
2025-06-24 00:00:00-04:00,189.0625,202.734375,183.046875,197.34375,1019,0.0,0.0
2025-06-25 00:00:00-04:00,199.21875,204.296875,191.796875,192.578125,241,0.0,0.0
2025-06-26 00:00:00-04:00,201.953125,201.953125,193.359375,199.5703125,351,0.0,0.0
2025-06-27 00:00:00-04:00,193.7890625,199.21875,191.796875,191.796875,236,0.0,0.0
2025-06-30 00:00:00-04:00,208.59375,209.765625,192.3046875,208.203125,694,0.0,0.0
2025-07-01 00:00:00-04:00,203.125,209.765625,195.3125,208.59375,737,0.0,0.0
2025-07-02 00:00:00-04:00,209.375,220.703125,200.0,220.703125,916,0.0,0.0
2025-07-03 00:00:00-04:00,220.703125,222.265625,199.609375,203.3203125,732,0.0,0.0
2025-07-07 00:00:00-04:00,207.03125,207.03125,189.84375,191.5234375,558,0.0,0.0
2025-07-08 00:00:00-04:00,195.703125,201.171875,194.53125,201.171875,289,0.0,0.0
2025-07-09 00:00:00-04:00,199.21875,199.4140625,190.625,191.40625,438,0.0,0.0
2025-07-10 00:00:00-04:00,189.84375,198.046875,189.0625,193.75,410,0.0,0.0
2025-07-11 00:00:00-04:00,193.75,203.125,188.90625,200.5859375,228,0.0,0.0
2025-07-14 00:00:00-04:00,210.15625,210.15625,198.4375,209.375,435,0.0,0.0
2025-07-15 00:00:00-04:00,207.03125,214.6484375,203.125,208.0078125,438,0.0,0.0
2025-07-16 00:00:00-04:00,201.6796875,214.453125,197.265625,203.515625,361,0.0,0.0
2025-07-17 00:00:00-04:00,204.8828125,218.7890625,203.203125,204.296875,719,0.0,0.0
2025-07-18 00:00:00-04:00,214.84375,214.84375,197.265625,197.734375,566,0.0,0.0
2025-07-21 00:00:00-04:00,198.4375,221.953125,198.4375,207.6171875,1050,0.0,0.0
2025-07-22 00:00:00-04:00,208.359375,317.578125,208.359375,283.203125,13990,0.0,0.0
2025-07-23 00:00:00-04:00,282.03125,344.140625,267.578125,322.65625,5125,0.0,0.0
2025-07-24 00:00:00-04:00,333.59375,431.640625,276.953125,390.234375,8824,0.0,0.0
2025-07-25 00:00:00-04:00,402.34375,468.359375,390.625,449.21875,5481,0.0,0.0
2025-07-28 00:00:00-04:00,418.359375,428.3203125,352.34375,357.421875,1300,0.0,0.0
2025-07-29 00:00:00-04:00,364.84375,364.84375,273.4375,274.609375,3331,0.0,0.0
2025-07-30 00:00:00-04:00,282.8125,296.484375,209.375,210.9375,2749,0.0,0.0
2025-07-31 00:00:00-04:00,287.109375,371.09375,180.859375,196.484375,947996,0.0,0.0
2025-08-01 00:00:00-04:00,175.78125,182.8125,92.1875,92.1875,63457,0.0,0.0
2025-08-04 00:00:00-04:00,177.734375,226.5625,148.828125,177.34375,1428767,0.0,0.0
2025-08-05 00:00:00-04:00,180.078125,200.0,175.78125,193.359375,39112,0.0,0.0
2025-08-06 00:00:00-04:00,177.734375,180.078125,136.71875,159.765625,18785,0.0,0.0
2025-08-07 00:00:00-04:00,155.859375,166.40625,150.0,163.28125,5315,0.0,0.0
2025-08-08 00:00:00-04:00,161.9140625,162.421875,154.296875,156.640625,4810,0.0,0.0
2025-08-11 00:00:00-04:00,158.59375,161.71875,148.4375,150.390625,3397,0.0,0.0
2025-08-12 00:00:00-04:00,149.609375,154.296875,141.40625,143.75,4078,0.0,0.0
2025-08-13 00:00:00-04:00,137.109375,140.078125,123.046875,125.78125,8614,0.0,0.0
2025-08-14 00:00:00-04:00,125.390625,136.328125,121.09375,130.859375,6787,0.0,0.0
2025-08-15 00:00:00-04:00,128.515625,131.640625,120.1171875,127.734375,2895,0.0,0.0
2025-08-18 00:00:00-04:00,125.78125,129.8828125,121.3671875,128.90625,1830,0.0,0.0
2025-08-19 00:00:00-04:00,128.125,128.125,120.3515625,121.875,1426,0.0,0.0
2025-08-20 00:00:00-04:00,132.03125,132.03125,121.875,128.90625,3254,0.0,0.0
2025-08-21 00:00:00-04:00,126.953125,127.1484375,117.1875,125.0,2624,0.0,0.0
2025-08-22 00:00:00-04:00,125.0,126.5625,122.265625,126.5625,1994,0.0,0.0
2025-08-25 00:00:00-04:00,124.609375,127.5390625,121.875,126.171875,1917,0.0,0.0
2025-08-26 00:00:00-04:00,123.828125,128.90625,121.09375,124.609375,1597,0.0,0.0
2025-08-27 00:00:00-04:00,125.78125,128.28125,119.921875,121.484375,2419,0.0,0.0
2025-08-28 00:00:00-04:00,119.921875,125.390625,113.28125,116.015625,3663,0.0,0.0
2025-08-29 00:00:00-04:00,114.84375,116.015625,101.5625,109.765625,3034,0.0,0.0
2025-09-02 00:00:00-04:00,106.640625,111.328125,105.859375,110.15625,1482,0.0,0.0
2025-09-03 00:00:00-04:00,107.421875,109.8828125,101.953125,103.515625,2734,0.0,0.0
2025-09-04 00:00:00-04:00,102.734375,104.296875,96.875,100.78125,2335,0.0,0.0
2025-09-05 00:00:00-04:00,100.78125,105.46875,97.65625,105.078125,832,0.0,0.0
2025-09-08 00:00:00-04:00,104.6875,116.40625,102.734375,111.71875,2153,0.0,0.0
2025-09-09 00:00:00-04:00,109.765625,115.234375,109.1796875,110.15625,1290,0.0,0.0
2025-09-10 00:00:00-04:00,115.234375,126.5625,113.3203125,124.609375,5409,0.0,0.0
2025-09-11 00:00:00-04:00,127.734375,127.734375,121.09375,126.5625,1382,0.0,0.0
2025-09-12 00:00:00-04:00,128.90625,146.484375,126.953125,142.1875,3592,0.0,0.0
2025-09-15 00:00:00-04:00,140.625,153.125,133.2421875,147.65625,18322,0.0,0.0
2025-09-16 00:00:00-04:00,153.125,155.859375,140.625,148.046875,2936,0.0,0.0
2025-09-17 00:00:00-04:00,143.75,153.515625,142.578125,145.3125,3333,0.0,0.0
2025-09-18 00:00:00-04:00,175.78125,216.40625,170.3125,207.03125,661806,0.0,0.0
2025-09-19 00:00:00-04:00,204.6875,216.40625,177.734375,185.9375,15337,0.0,0.0
2025-09-22 00:00:00-04:00,178.125,185.9375,177.34375,177.34375,2811,0.0,0.0
2025-09-23 00:00:00-04:00,140.625,150.390625,140.625,141.015625,8991,0.0,0.0
2025-09-24 00:00:00-04:00,144.921875,144.921875,125.0,129.296875,5450,0.0,0.0
2025-09-25 00:00:00-04:00,130.859375,140.625,117.578125,119.921875,5059,0.0,0.0
2025-09-26 00:00:00-04:00,119.53125,124.5703125,113.28125,121.484375,2821,0.0,0.0
2025-09-29 00:00:00-04:00,121.484375,128.90625,117.1875,124.609375,2010,0.0,0.0
2025-09-30 00:00:00-04:00,121.09375,125.0,119.53125,125.0,1050,0.0,0.0
2025-10-01 00:00:00-04:00,124.609375,126.171875,119.140625,120.703125,3530,0.0,0.0
2025-10-02 00:00:00-04:00,121.875,128.90625,119.53125,128.515625,2854,0.0,0.0
2025-10-03 00:00:00-04:00,126.171875,128.515625,122.265625,125.78125,1513,0.0,0.0
2025-10-06 00:00:00-04:00,127.734375,131.4453125,125.78125,131.25,2688,0.0,0.0
2025-10-07 00:00:00-04:00,132.03125,140.625,126.5625,138.671875,6886,0.0,0.0
2025-10-08 00:00:00-04:00,139.0625,175.78125,137.890625,173.4375,80778,0.0,0.0
2025-10-09 00:00:00-04:00,155.859375,163.28125,144.53125,144.53125,7130,0.0,0.0
2025-10-10 00:00:00-04:00,146.484375,150.78125,139.0625,141.015625,2947,0.0,0.0
2025-10-13 00:00:00-04:00,141.015625,146.09375,134.765625,139.0625,3259,0.0,0.0
2025-10-14 00:00:00-04:00,133.984375,138.984375,130.859375,132.03125,1736,0.0,0.0
2025-10-15 00:00:00-04:00,133.203125,143.515625,132.8125,138.28125,1861,0.0,0.0
2025-10-16 00:00:00-04:00,136.71875,140.0,133.59375,134.765625,2857,0.0,0.0
2025-10-17 00:00:00-04:00,134.765625,139.0625,132.8125,137.5,1047,0.0,0.0
2025-10-20 00:00:00-04:00,137.890625,137.890625,132.8125,133.59375,1029,0.0,0.0
2025-10-21 00:00:00-04:00,133.59375,135.9375,130.078125,134.5703125,1190,0.0,0.0
2025-10-22 00:00:00-04:00,124.21875,132.03125,123.046875,126.953125,2783,0.0,0.0
2025-10-23 00:00:00-04:00,128.90625,132.03125,125.78125,130.2734375,858,0.0,0.0
2025-10-24 00:00:00-04:00,128.515625,134.375,128.515625,130.46875,684,0.0,0.0
2025-10-27 00:00:00-04:00,132.8125,132.8125,124.21875,127.34375,809,0.0,0.0
2025-10-28 00:00:00-04:00,129.296875,132.8125,127.734375,129.6875,1572,0.0,0.0
2025-10-29 00:00:00-04:00,128.125,129.6875,121.875,128.515625,635,0.0,0.0
2025-10-30 00:00:00-04:00,125.0,128.515625,121.875,122.265625,709,0.0,0.0
2025-10-31 00:00:00-04:00,122.265625,128.90625,121.875,123.4375,901,0.0,0.0
2025-11-03 00:00:00-05:00,122.265625,122.8515625,110.15625,117.1875,39276,0.0,0.0
2025-11-04 00:00:00-05:00,114.84375,114.84375,97.65625,107.03125,4380,0.0,0.0
2025-11-05 00:00:00-05:00,107.421875,107.421875,103.125,105.6640625,1372,0.0,0.0
2025-11-06 00:00:00-05:00,105.46875,107.8125,98.1640625,98.1640625,3057,0.0,0.0
2025-11-07 00:00:00-05:00,94.921875,97.34375,86.9140625,90.234375,2926,0.0,0.0
2025-11-10 00:00:00-05:00,87.109375,100.78125,87.109375,96.484375,1618,0.0,0.0
2025-11-11 00:00:00-05:00,102.734375,104.6875,93.75,104.296875,796,0.0,0.0
2025-11-12 00:00:00-05:00,104.6875,105.46875,97.65625,99.609375,914,0.0,0.0
2025-11-13 00:00:00-05:00,101.171875,116.40625,100.5859375,108.984375,3359,0.0,0.0
2025-11-14 00:00:00-05:00,106.25,110.0390625,103.3203125,105.859375,696,0.0,0.0
2025-11-17 00:00:00-05:00,107.421875,114.453125,105.859375,112.890625,689,0.0,0.0
2025-11-18 00:00:00-05:00,110.15625,110.15625,106.171875,108.984375,468,0.0,0.0
2025-11-19 00:00:00-05:00,107.6171875,109.1796875,106.25,108.984375,233,0.0,0.0
2025-11-20 00:00:00-05:00,82.421875,89.453125,61.71875,67.1875,522455,0.0,0.0
2025-11-21 00:00:00-05:00,60.546875,67.1875,56.640625,58.203125,16166,0.0,0.0
2025-11-24 00:00:00-05:00,55.46875,60.546875,55.2734375,58.984375,8018,0.0,0.0
2025-11-25 00:00:00-05:00,57.03125,70.3125,55.078125,62.5,14810,0.0,0.0
2025-11-26 00:00:00-05:00,57.03125,62.890625,57.03125,61.71875,6223,0.0,0.0
2025-11-28 00:00:00-05:00,62.5,62.5,58.984375,59.9609375,2634,0.0,0.0
2025-12-01 00:00:00-05:00,59.375,64.0625,57.8125,63.28125,5481,0.0,0.0
2025-12-02 00:00:00-05:00,63.28125,63.28125,58.984375,61.71875,3003,0.0,0.0
2025-12-03 00:00:00-05:00,59.765625,72.65625,59.765625,69.53125,10342,0.0,0.0
2025-12-04 00:00:00-05:00,66.796875,73.4375,66.796875,70.703125,5174,0.0,0.0
2025-12-05 00:00:00-05:00,70.703125,72.265625,68.75,68.75,1585,0.0,0.0
2025-12-08 00:00:00-05:00,66.796875,69.140625,64.453125,66.015625,2604,0.0,0.0
2025-12-09 00:00:00-05:00,71.09375,71.09375,56.640625,62.109375,394900,0.0,0.0
2025-12-10 00:00:00-05:00,61.328125,62.890625,58.203125,59.765625,22392,0.0,0.0
2025-12-11 00:00:00-05:00,57.421875,62.109375,57.109375,60.546875,11039,0.0,0.0
2025-12-12 00:00:00-05:00,59.453125,63.671875,58.0078125,61.71875,8673,0.0,0.0
2025-12-15 00:00:00-05:00,57.8125,60.546875,57.03125,57.8125,5960,0.0,0.0
2025-12-16 00:00:00-05:00,55.859375,59.765625,55.859375,59.765625,4319,0.0,0.0
2025-12-17 00:00:00-05:00,59.375,60.15625,56.25,57.8125,2854,0.0,0.0
2025-12-18 00:00:00-05:00,58.203125,60.234375,55.859375,57.03125,3507,0.0,0.0
2025-12-19 00:00:00-05:00,56.25,57.421875,37.890625,39.0625,886948,0.0,0.0
2025-12-22 00:00:00-05:00,38.8671875,38.90625,33.28125,35.46875,37409,0.0,0.0
2025-12-23 00:00:00-05:00,33.0859375,37.109375,31.25,36.328125,22149,0.0,0.0
2025-12-24 00:00:00-05:00,34.53125,35.6640625,33.2421875,34.765625,6925,0.0,0.0
2025-12-26 00:00:00-05:00,33.4375,36.953125,33.3203125,36.328125,10908,0.0,0.0
2025-12-29 00:00:00-05:00,35.15625,35.15625,33.7890625,34.375,6231,0.0,0.0
2025-12-30 00:00:00-05:00,32.8125,33.59375,30.78125,31.09375,7939,0.0,0.0
2025-12-31 00:00:00-05:00,32.03125,32.03125,25.859375,29.4140625,14223,0.0,0.0
2026-01-02 00:00:00-05:00,30.234375,31.2109375,28.359375,31.2109375,5704,0.0,0.0
2026-01-05 00:00:00-05:00,32.03125,32.03125,26.1328125,28.359375,18340,0.0,0.0
2026-01-06 00:00:00-05:00,28.515625,29.609375,27.421875,28.7109375,4311,0.0,0.0
2026-01-07 00:00:00-05:00,29.6875,31.25,29.1015625,30.859375,6991,0.0,0.0
2026-01-08 00:00:00-05:00,30.46875,30.46875,29.3359375,30.0,2616,0.0,0.0
2026-01-09 00:00:00-05:00,29.8046875,32.03125,29.8046875,31.25,7862,0.0,0.0
2026-01-12 00:00:00-05:00,30.859375,32.421875,30.5859375,31.0546875,8097,0.0,0.0
2026-01-13 00:00:00-05:00,31.25,31.40625,29.375,30.5859375,5512,0.0,0.0
2026-01-14 00:00:00-05:00,29.6875,30.390625,28.984375,30.390625,6003,0.0,0.0
2026-01-15 00:00:00-05:00,27.6953125,27.6953125,25.390625,26.171875,13916,0.0,0.0
2026-01-16 00:00:00-05:00,26.875,26.953125,24.0234375,26.171875,12974,0.0,0.0
2026-01-20 00:00:00-05:00,4.1875,4.1875,4.1875,4.1875,0,0.0,0.16
2026-01-21 00:00:00-05:00,4.75,5.699999809265137,4.0,5.443749904632568,395136,0.0,0.0
2026-01-22 00:00:00-05:00,5.168749809265137,5.237500190734863,4.706250190734863,4.75,66336,0.0,0.0
2026-01-23 00:00:00-05:00,4.6875,4.6875,4.300000190734863,4.587500095367432,36112,0.0,0.0
2026-01-26 00:00:00-05:00,4.268750190734863,4.4375,4.131249904632568,4.143750190734863,34704,0.0,0.0
2026-01-27 00:00:00-05:00,4.087500095367432,4.09375,3.90625,3.9437499046325684,27360,0.0,0.0
2026-01-28 00:00:00-05:00,4.0,5.3125,3.924999952316284,4.8125,228784,0.0,0.0
2026-01-29 00:00:00-05:00,4.3125,5.181250095367432,4.212500095367432,4.506249904632568,45600,0.0,0.0
2026-01-30 00:00:00-05:00,4.337500095367432,4.925000190734863,4.0,4.006249904632568,83472,0.0,0.0
2026-02-02 00:00:00-05:00,3.9600000381469727,12.640000343322754,3.6500000953674316,3.799999952316284,5104000,0.0,0.16
2026-02-03 00:00:00-05:00,3.240000009536743,3.3489999771118164,2.740000009536743,3.0899999141693115,548100,0.0,0.0
2026-02-04 00:00:00-05:00,3.069999933242798,3.25,2.5350000858306885,3.240000009536743,199800,0.0,0.0
2026-02-05 00:00:00-05:00,2.940000057220459,2.940000057220459,2.740000009536743,2.890000104904175,144100,0.0,0.0
2026-02-06 00:00:00-05:00,2.8499999046325684,3.2699999809265137,2.75,3.130000114440918,104400,0.0,0.0
2026-02-09 00:00:00-05:00,3.069999933242798,3.4200000762939453,2.950000047683716,3.1500000953674316,183400,0.0,0.0
2026-02-10 00:00:00-05:00,3.140000104904175,3.2100000381469727,3.0,3.180000066757202,47600,0.0,0.0
2026-02-11 00:00:00-05:00,3.190000057220459,3.2290000915527344,2.9200000762939453,2.9600000381469727,62200,0.0,0.0
2026-02-12 00:00:00-05:00,2.869999885559082,3.009999990463257,2.7300000190734863,2.809999942779541,82600,0.0,0.0
2026-02-13 00:00:00-05:00,2.7899999618530273,3.0999999046325684,2.7899999618530273,3.0899999141693115,135400,0.0,0.0
2026-02-17 00:00:00-05:00,3.069999933242798,3.0899999141693115,2.7200000286102295,2.7899999618530273,46400,0.0,0.0
2026-02-18 00:00:00-05:00,2.7260000705718994,2.7799999713897705,2.6549999713897705,2.6549999713897705,15700,0.0,0.0
2026-02-19 00:00:00-05:00,2.6500000953674316,2.6500000953674316,2.4200000762939453,2.615999937057495,29800,0.0,0.0
2026-02-20 00:00:00-05:00,2.640000104904175,2.640000104904175,2.4700000286102295,2.5,1139400,0.0,0.0
2026-02-23 00:00:00-05:00,2.569999933242798,2.609999895095825,1.9199999570846558,2.2300000190734863,2496900,0.0,0.0
2026-02-24 00:00:00-05:00,2.1600000858306885,2.4200000762939453,2.1070001125335693,2.2300000190734863,177600,0.0,0.0
2026-02-25 00:00:00-05:00,2.190000057220459,2.569999933242798,2.190000057220459,2.559999942779541,79800,0.0,0.0
2026-02-26 00:00:00-05:00,2.4800000190734863,2.6500000953674316,2.4200000762939453,2.619999885559082,36400,0.0,0.0
2026-02-27 00:00:00-05:00,2.619999885559082,2.680000066757202,2.4600000381469727,2.5399999618530273,39500,0.0,0.0
2026-03-02 00:00:00-05:00,2.450000047683716,2.619999885559082,2.390000104904175,2.559999942779541,22900,0.0,0.0
2026-03-03 00:00:00-05:00,2.509999990463257,2.6600000858306885,2.299999952316284,2.6500000953674316,43500,0.0,0.0
2026-03-04 00:00:00-05:00,2.6600000858306885,2.6700000762939453,2.4800000190734863,2.5899999141693115,37900,0.0,0.0
2026-03-05 00:00:00-05:00,2.569999933242798,2.569999933242798,2.4800000190734863,2.559999942779541,12800,0.0,0.0
2026-03-06 00:00:00-05:00,2.5399999618530273,2.5899999141693115,2.4700000286102295,2.509999990463257,26500,0.0,0.0
2026-03-09 00:00:00-04:00,2.5,2.565000057220459,2.4100000858306885,2.549999952316284,24500,0.0,0.0
2026-03-10 00:00:00-04:00,2.5,2.5999999046325684,2.4700000286102295,2.509999990463257,29300,0.0,0.0
2026-03-11 00:00:00-04:00,2.5,2.549999952316284,2.490000009536743,2.490000009536743,9200,0.0,0.0
2026-03-12 00:00:00-04:00,2.4600000381469727,2.509999990463257,2.430000066757202,2.4600000381469727,8700,0.0,0.0
2026-03-13 00:00:00-04:00,2.440000057220459,2.4700000286102295,2.4110000133514404,2.4600000381469727,3100,0.0,0.0
2026-03-16 00:00:00-04:00,2.4100000858306885,2.569999933242798,2.4000000953674316,2.5,22000,0.0,0.0
2026-03-17 00:00:00-04:00,2.5,2.5899999141693115,2.4000000953674316,2.5899999141693115,15500,0.0,0.0
2026-03-18 00:00:00-04:00,2.5999999046325684,2.5999999046325684,2.5199999809265137,2.5399999618530273,9800,0.0,0.0
2026-03-19 00:00:00-04:00,2.5899999141693115,2.5899999141693115,2.2799999713897705,2.3499999046325684,18900,0.0,0.0
2026-03-20 00:00:00-04:00,2.4000000953674316,2.4600000381469727,2.303999900817871,2.4000000953674316,5100,0.0,0.0
2026-03-23 00:00:00-04:00,2.380000114440918,2.490000009536743,2.380000114440918,2.430000066757202,15500,0.0,0.0
2026-03-24 00:00:00-04:00,2.359999895095825,2.430000066757202,2.359999895095825,2.430000066757202,5100,0.0,0.0
2026-03-25 00:00:00-04:00,2.421999931335449,2.430000066757202,2.359999895095825,2.430000066757202,8100,0.0,0.0
2026-03-26 00:00:00-04:00,2.430000066757202,2.640000104904175,2.4000000953674316,2.630000114440918,32100,0.0,0.0
2026-03-27 00:00:00-04:00,2.5,2.630000114440918,2.5,2.559999942779541,12200,0.0,0.0
2026-03-30 00:00:00-04:00,2.5299999713897705,2.5999999046325684,2.3440001010894775,2.5199999809265137,31800,0.0,0.0
2026-03-31 00:00:00-04:00,2.484999895095825,2.490000009536743,2.4100000858306885,2.4600000381469727,4000,0.0,0.0
2026-04-01 00:00:00-04:00,2.4200000762939453,2.430000066757202,2.3299999237060547,2.369999885559082,12000,0.0,0.0
2026-04-02 00:00:00-04:00,2.390000104904175,2.509999990463257,2.259999990463257,2.4700000286102295,27900,0.0,0.0
2026-04-06 00:00:00-04:00,2.549999952316284,2.559999942779541,2.5,2.5299999713897705,7200,0.0,0.0
2026-04-07 00:00:00-04:00,2.4700000286102295,2.5230000019073486,2.450000047683716,2.5,23800,0.0,0.0
2026-04-08 00:00:00-04:00,2.6500000953674316,2.6500000953674316,2.4019999504089355,2.490000009536743,21100,0.0,0.0
2026-04-09 00:00:00-04:00,2.4800000190734863,2.569999933242798,2.4100000858306885,2.5,24500,0.0,0.0
2026-04-10 00:00:00-04:00,2.549999952316284,2.75,2.4800000190734863,2.6700000762939453,53000,0.0,0.0
2026-04-13 00:00:00-04:00,2.559999942779541,2.8299999237060547,2.549999952316284,2.7899999618530273,20300,0.0,0.0
2026-04-14 00:00:00-04:00,2.632999897003174,2.950000047683716,2.632999897003174,2.950000047683716,38100,0.0,0.0
2026-04-15 00:00:00-04:00,2.740999937057495,2.9100000858306885,2.740999937057495,2.880000114440918,24200,0.0,0.0
2026-04-16 00:00:00-04:00,2.809999942779541,9.970000267028809,2.7300000190734863,5.869999885559082,53763200,0.0,0.0
2026-04-17 00:00:00-04:00,9.819999694824219,10.529999732971191,7.110000133514404,7.599999904632568,50506200,0.0,0.0
2026-04-20 00:00:00-04:00,13.114999771118164,16.958999633789062,11.0600004196167,11.300000190734863,42274200,0.0,0.0
2026-04-21 00:00:00-04:00,11.380000114440918,11.470000267028809,9.050000190734863,9.489999771118164,4191100,0.0,0.0
2026-04-22 00:00:00-04:00,8.0600004196167,9.180000305175781,7.570000171661377,8.970000267028809,2174900,0.0,0.0
2026-04-23 00:00:00-04:00,8.569999694824219,9.210000038146973,8.0600004196167,9.029999732971191,1295400,0.0,0.0
2026-04-24 00:00:00-04:00,9.84000015258789,10.140000343322754,7.869999885559082,7.909999847412109,1385300,0.0,0.0
2026-04-27 00:00:00-04:00,7.079999923706055,7.400000095367432,6.710999965667725,7.050000190734863,470300,0.0,0.0
2026-04-28 00:00:00-04:00,6.909999847412109,6.949900150299072,6.019999980926514,6.489999771118164,254555,0.0,0.0
