Date,Open,High,Low,Close,Volume,Dividends,Stock Splits
2022-01-03 00:00:00-05:00,2.509999990463257,2.8299999237060547,2.509999990463257,2.7699999809265137,1543200,0.0,0.0
2022-01-04 00:00:00-05:00,2.759999990463257,2.7799999713897705,2.559999942779541,2.700000047683716,1138200,0.0,0.0
2022-01-05 00:00:00-05:00,2.740000009536743,2.75,2.5299999713897705,2.569999933242798,340100,0.0,0.0
2022-01-06 00:00:00-05:00,2.5299999713897705,2.5799999237060547,2.430000066757202,2.509999990463257,300100,0.0,0.0
2022-01-07 00:00:00-05:00,2.490000009536743,2.509999990463257,2.4200000762939453,2.4800000190734863,231800,0.0,0.0
2022-01-10 00:00:00-05:00,2.450000047683716,2.4793999195098877,2.4000000953674316,2.430000066757202,194800,0.0,0.0
2022-01-11 00:00:00-05:00,2.4200000762939453,2.4407999515533447,2.369999885559082,2.390000104904175,139000,0.0,0.0
2022-01-12 00:00:00-05:00,2.390000104904175,2.4030001163482666,2.3550000190734863,2.380000114440918,75200,0.0,0.0
2022-01-13 00:00:00-05:00,2.369999885559082,2.3745999336242676,2.299999952316284,2.3399999141693115,147900,0.0,0.0
2022-01-14 00:00:00-05:00,2.299999952316284,2.440000057220459,2.260999917984009,2.4200000762939453,148800,0.0,0.0
2022-01-18 00:00:00-05:00,2.359999895095825,2.369999885559082,2.1700000762939453,2.299999952316284,367900,0.0,0.0
2022-01-19 00:00:00-05:00,2.3399999141693115,2.3399999141693115,2.240000009536743,2.2799999713897705,213800,0.0,0.0
2022-01-20 00:00:00-05:00,2.25,2.2799999713897705,2.1500000953674316,2.200000047683716,302900,0.0,0.0
2022-01-21 00:00:00-05:00,2.1500000953674316,2.1823999881744385,2.0199999809265137,2.049999952316284,501900,0.0,0.0
2022-01-24 00:00:00-05:00,2.0,2.119999885559082,1.8899999856948853,2.0899999141693115,454400,0.0,0.0
2022-01-25 00:00:00-05:00,2.0799999237060547,2.2699999809265137,2.0,2.2100000381469727,253700,0.0,0.0
2022-01-26 00:00:00-05:00,2.190000057220459,2.240000009536743,2.069999933242798,2.0899999141693115,105100,0.0,0.0
2022-01-27 00:00:00-05:00,2.109999895095825,2.1649999618530273,2.009999990463257,2.0399999618530273,135500,0.0,0.0
2022-01-28 00:00:00-05:00,2.0199999809265137,2.1700000762939453,2.0,2.0899999141693115,145800,0.0,0.0
2022-01-31 00:00:00-05:00,2.0999999046325684,2.2300000190734863,2.0899999141693115,2.140000104904175,163500,0.0,0.0
2022-02-01 00:00:00-05:00,2.1500000953674316,2.299999952316284,2.119999885559082,2.2699999809265137,203800,0.0,0.0
2022-02-02 00:00:00-05:00,2.25,2.2799999713897705,2.1600000858306885,2.1700000762939453,86300,0.0,0.0
2022-02-03 00:00:00-05:00,2.119999885559082,2.190000057220459,2.0899999141693115,2.130000114440918,39100,0.0,0.0
2022-02-04 00:00:00-05:00,2.1500000953674316,2.1714999675750732,2.0399999618530273,2.0999999046325684,224700,0.0,0.0
2022-02-07 00:00:00-05:00,2.0899999141693115,2.1600000858306885,2.063699960708618,2.109999895095825,94900,0.0,0.0
2022-02-08 00:00:00-05:00,2.0899999141693115,2.1700000762939453,2.0899999141693115,2.140000104904175,106200,0.0,0.0
2022-02-09 00:00:00-05:00,2.119999885559082,2.194999933242798,2.119999885559082,2.1500000953674316,45800,0.0,0.0
2022-02-10 00:00:00-05:00,2.1600000858306885,2.190000057220459,2.0899999141693115,2.1600000858306885,71100,0.0,0.0
2022-02-11 00:00:00-05:00,2.140000104904175,2.2100000381469727,2.119999885559082,2.130000114440918,114900,0.0,0.0
2022-02-14 00:00:00-05:00,2.109999895095825,2.1500000953674316,2.009999990463257,2.0299999713897705,163100,0.0,0.0
2022-02-15 00:00:00-05:00,2.099900007247925,2.099900007247925,2.050100088119507,2.069999933242798,66500,0.0,0.0
2022-02-16 00:00:00-05:00,2.069999933242798,2.0999999046325684,2.049999952316284,2.0999999046325684,40000,0.0,0.0
2022-02-17 00:00:00-05:00,2.059999942779541,2.1700000762939453,2.0399999618530273,2.069999933242798,82200,0.0,0.0
2022-02-18 00:00:00-05:00,2.049999952316284,2.0689001083374023,1.909999966621399,2.009999990463257,162400,0.0,0.0
2022-02-22 00:00:00-05:00,1.9700000286102295,2.0299999713897705,1.9500000476837158,1.9600000381469727,104100,0.0,0.0
2022-02-23 00:00:00-05:00,2.0,2.0,1.899999976158142,1.9199999570846558,143900,0.0,0.0
2022-02-24 00:00:00-05:00,1.7999999523162842,1.9299999475479126,1.7899999618530273,1.909999966621399,253500,0.0,0.0
2022-02-25 00:00:00-05:00,1.9299999475479126,2.059999942779541,1.8799999952316284,2.049999952316284,260800,0.0,0.0
2022-02-28 00:00:00-05:00,2.059999942779541,2.1600000858306885,2.049299955368042,2.130000114440918,184300,0.0,0.0
2022-03-01 00:00:00-05:00,2.140000104904175,2.1600000858306885,2.1003000736236572,2.119999885559082,183700,0.0,0.0
2022-03-02 00:00:00-05:00,2.140000104904175,2.2699999809265137,2.100100040435791,2.259999990463257,315000,0.0,0.0
2022-03-03 00:00:00-05:00,2.2799999713897705,2.4100000858306885,2.259999990463257,2.3499999046325684,285600,0.0,0.0
2022-03-04 00:00:00-05:00,2.359999895095825,2.365000009536743,2.2200000286102295,2.25,63800,0.0,0.0
2022-03-07 00:00:00-05:00,2.2300000190734863,2.25,2.0399999618530273,2.140000104904175,236600,0.0,0.0
2022-03-08 00:00:00-05:00,2.140000104904175,2.150700092315674,2.049999952316284,2.0899999141693115,166500,0.0,0.0
2022-03-09 00:00:00-05:00,2.109999895095825,2.1500000953674316,2.0799999237060547,2.134999990463257,150700,0.0,0.0
2022-03-10 00:00:00-05:00,2.0999999046325684,2.1500000953674316,2.0896999835968018,2.140000104904175,38900,0.0,0.0
2022-03-11 00:00:00-05:00,2.1500000953674316,2.2200000286102295,2.119999885559082,2.1700000762939453,59100,0.0,0.0
2022-03-14 00:00:00-04:00,2.190000057220459,2.190000057220459,1.9900000095367432,2.0399999618530273,138000,0.0,0.0
2022-03-15 00:00:00-04:00,2.0199999809265137,2.109999895095825,2.0,2.0799999237060547,89400,0.0,0.0
2022-03-16 00:00:00-04:00,2.130000114440918,2.1700000762939453,2.069999933242798,2.069999933242798,77500,0.0,0.0
2022-03-17 00:00:00-04:00,2.069999933242798,2.2200000286102295,2.069999933242798,2.2200000286102295,131200,0.0,0.0
2022-03-18 00:00:00-04:00,2.25,2.369999885559082,2.180000066757202,2.369999885559082,312000,0.0,0.0
2022-03-21 00:00:00-04:00,2.369999885559082,2.369999885559082,2.2200000286102295,2.309999942779541,107100,0.0,0.0
2022-03-22 00:00:00-04:00,2.3399999141693115,2.4000000953674316,2.240000009536743,2.369999885559082,100900,0.0,0.0
2022-03-23 00:00:00-04:00,2.369999885559082,2.440000057220459,2.319999933242798,2.369999885559082,87300,0.0,0.0
2022-03-24 00:00:00-04:00,2.369999885559082,2.4600000381469727,2.369999885559082,2.430000066757202,144700,0.0,0.0
2022-03-25 00:00:00-04:00,2.450000047683716,2.450000047683716,2.299999952316284,2.380000114440918,80400,0.0,0.0
2022-03-28 00:00:00-04:00,2.390000104904175,2.390000104904175,2.259999990463257,2.3399999141693115,72900,0.0,0.0
2022-03-29 00:00:00-04:00,2.2699999809265137,2.440000057220459,2.25,2.369999885559082,132600,0.0,0.0
2022-03-30 00:00:00-04:00,2.390000104904175,2.3984999656677246,2.299999952316284,2.3399999141693115,44900,0.0,0.0
2022-03-31 00:00:00-04:00,2.319999933242798,2.359999895095825,2.2701001167297363,2.299999952316284,62000,0.0,0.0
2022-04-01 00:00:00-04:00,2.321000099182129,2.3499999046325684,2.240000009536743,2.2699999809265137,42900,0.0,0.0
2022-04-04 00:00:00-04:00,2.240000009536743,2.299999952316284,2.220099925994873,2.259999990463257,48100,0.0,0.0
2022-04-05 00:00:00-04:00,2.2899999618530273,2.319999933242798,2.25,2.25,40900,0.0,0.0
2022-04-06 00:00:00-04:00,2.2300000190734863,2.319999933242798,2.1800999641418457,2.2100000381469727,32900,0.0,0.0
2022-04-07 00:00:00-04:00,2.2100000381469727,2.25,2.130000114440918,2.200000047683716,49200,0.0,0.0
2022-04-08 00:00:00-04:00,2.25,2.299999952316284,2.150099992752075,2.240000009536743,54000,0.0,0.0
2022-04-11 00:00:00-04:00,2.2100000381469727,2.240000009536743,2.1700000762939453,2.1700000762939453,41500,0.0,0.0
2022-04-12 00:00:00-04:00,2.1600000858306885,2.2899999618530273,2.1565001010894775,2.2300000190734863,46600,0.0,0.0
2022-04-13 00:00:00-04:00,2.259999990463257,2.319999933242798,2.16510009765625,2.259999990463257,86300,0.0,0.0
2022-04-14 00:00:00-04:00,2.2699999809265137,2.3399999141693115,2.18179988861084,2.2100000381469727,72400,0.0,0.0
2022-04-18 00:00:00-04:00,2.2100000381469727,2.299999952316284,2.200000047683716,2.200000047683716,45000,0.0,0.0
2022-04-19 00:00:00-04:00,2.490000009536743,2.509999990463257,1.9500000476837158,2.0199999809265137,14743500,0.0,0.0
2022-04-20 00:00:00-04:00,1.9600000381469727,2.0899999141693115,1.850000023841858,2.069999933242798,915400,0.0,0.0
2022-04-21 00:00:00-04:00,2.0399999618530273,2.0799999237060547,1.940000057220459,1.9900000095367432,586200,0.0,0.0
2022-04-22 00:00:00-04:00,2.049999952316284,2.240000009536743,1.9600000381469727,2.1500000953674316,977600,0.0,0.0
2022-04-25 00:00:00-04:00,2.069999933242798,2.180000066757202,2.069999933242798,2.1500000953674316,163200,0.0,0.0
2022-04-26 00:00:00-04:00,2.109999895095825,2.180000066757202,2.069999933242798,2.1700000762939453,304500,0.0,0.0
2022-04-27 00:00:00-04:00,2.109999895095825,2.319999933242798,2.0999999046325684,2.1500000953674316,666800,0.0,0.0
2022-04-28 00:00:00-04:00,2.200000047683716,2.2699999809265137,2.0799999237060547,2.2300000190734863,351400,0.0,0.0
2022-04-29 00:00:00-04:00,2.190000057220459,2.369999885559082,2.190000057220459,2.3299999237060547,169200,0.0,0.0
2022-05-02 00:00:00-04:00,2.259999990463257,2.319999933242798,2.2100000381469727,2.2899999618530273,101000,0.0,0.0
2022-05-03 00:00:00-04:00,2.293299913406372,2.309999942779541,2.200000047683716,2.299999952316284,111700,0.0,0.0
2022-05-04 00:00:00-04:00,2.3350000381469727,2.369999885559082,2.2100000381469727,2.309999942779541,99900,0.0,0.0
2022-05-05 00:00:00-04:00,2.309999942779541,2.309999942779541,2.1700000762939453,2.2300000190734863,82200,0.0,0.0
2022-05-06 00:00:00-04:00,2.200000047683716,2.240000009536743,2.140000104904175,2.2200000286102295,191700,0.0,0.0
2022-05-09 00:00:00-04:00,2.140000104904175,2.2100000381469727,2.049999952316284,2.130000114440918,365600,0.0,0.0
2022-05-10 00:00:00-04:00,2.0999999046325684,2.180000066757202,2.069999933242798,2.140000104904175,104600,0.0,0.0
2022-05-11 00:00:00-04:00,2.140000104904175,2.2300000190734863,2.0199999809265137,2.059999942779541,203100,0.0,0.0
2022-05-12 00:00:00-04:00,2.0,2.069999933242798,1.9600000381469727,2.069999933242798,196300,0.0,0.0
2022-05-13 00:00:00-04:00,2.059999942779541,2.259999990463257,2.057300090789795,2.1700000762939453,178900,0.0,0.0
2022-05-16 00:00:00-04:00,2.1700000762939453,2.299999952316284,2.119999885559082,2.2899999618530273,122800,0.0,0.0
2022-05-17 00:00:00-04:00,2.2899999618530273,2.299999952316284,2.2000999450683594,2.2899999618530273,143500,0.0,0.0
2022-05-18 00:00:00-04:00,2.2300000190734863,2.299999952316284,2.1700000762939453,2.25,110800,0.0,0.0
2022-05-19 00:00:00-04:00,2.2200000286102295,2.299999952316284,2.170099973678589,2.2699999809265137,63400,0.0,0.0
2022-05-20 00:00:00-04:00,2.299999952316284,2.299999952316284,2.180000066757202,2.2200000286102295,40700,0.0,0.0
2022-05-23 00:00:00-04:00,2.25,2.2899999618530273,2.2100000381469727,2.25,41500,0.0,0.0
2022-05-24 00:00:00-04:00,2.2699999809265137,2.2899999618530273,2.190000057220459,2.259999990463257,27400,0.0,0.0
2022-05-25 00:00:00-04:00,2.259999990463257,2.2899999618530273,2.1600000858306885,2.2100000381469727,58200,0.0,0.0
2022-05-26 00:00:00-04:00,2.2200000286102295,2.2799999713897705,2.1700000762939453,2.190000057220459,41100,0.0,0.0
2022-05-27 00:00:00-04:00,2.2300000190734863,2.259999990463257,2.190000057220459,2.2300000190734863,43900,0.0,0.0
2022-05-31 00:00:00-04:00,2.2300000190734863,2.305000066757202,2.190000057220459,2.299999952316284,61900,0.0,0.0
2022-06-01 00:00:00-04:00,2.299999952316284,2.359999895095825,2.2400999069213867,2.309999942779541,71800,0.0,0.0
2022-06-02 00:00:00-04:00,2.359999895095825,2.4200000762939453,2.2100000381469727,2.259999990463257,2940300,0.0,0.0
2022-06-03 00:00:00-04:00,2.2799999713897705,2.309999942779541,2.109999895095825,2.190000057220459,685900,0.0,0.0
2022-06-06 00:00:00-04:00,2.140000104904175,2.180000066757202,2.0799999237060547,2.140000104904175,407900,0.0,0.0
2022-06-07 00:00:00-04:00,2.1500000953674316,2.200000047683716,2.0799999237060547,2.119999885559082,223700,0.0,0.0
2022-06-08 00:00:00-04:00,2.119999885559082,2.200000047683716,2.0999999046325684,2.140000104904175,191200,0.0,0.0
2022-06-09 00:00:00-04:00,2.1600000858306885,2.1600000858306885,1.9900000095367432,2.125,347700,0.0,0.0
2022-06-10 00:00:00-04:00,2.059999942779541,2.1500000953674316,2.059999942779541,2.0999999046325684,105800,0.0,0.0
2022-06-13 00:00:00-04:00,2.0,2.049999952316284,1.9500000476837158,2.0299999713897705,224200,0.0,0.0
2022-06-14 00:00:00-04:00,2.0299999713897705,2.0799999237060547,2.0,2.009999990463257,65700,0.0,0.0
2022-06-15 00:00:00-04:00,2.0,2.1500000953674316,2.0,2.0799999237060547,123600,0.0,0.0
2022-06-16 00:00:00-04:00,2.0799999237060547,2.0799999237060547,2.0,2.0199999809265137,189800,0.0,0.0
2022-06-17 00:00:00-04:00,2.0,2.140000104904175,1.9900000095367432,2.140000104904175,162400,0.0,0.0
2022-06-21 00:00:00-04:00,2.130000114440918,2.140000104904175,2.0299999713897705,2.049999952316284,179400,0.0,0.0
2022-06-22 00:00:00-04:00,2.009999990463257,2.119999885559082,2.009999990463257,2.119999885559082,264100,0.0,0.0
2022-06-23 00:00:00-04:00,2.098299980163574,2.190000057220459,2.049999952316284,2.0899999141693115,261500,0.0,0.0
2022-06-24 00:00:00-04:00,2.109999895095825,2.1872000694274902,2.100100040435791,2.180000066757202,142700,0.0,0.0
2022-06-27 00:00:00-04:00,2.130000114440918,2.319999933242798,2.130000114440918,2.2300000190734863,282600,0.0,0.0
2022-06-28 00:00:00-04:00,2.2200000286102295,2.259999990463257,2.200000047683716,2.2300000190734863,85000,0.0,0.0
2022-06-29 00:00:00-04:00,2.190000057220459,2.309999942779541,2.190000057220459,2.259999990463257,178800,0.0,0.0
2022-06-30 00:00:00-04:00,2.25,2.309999942779541,2.200000047683716,2.240000009536743,89100,0.0,0.0
2022-07-01 00:00:00-04:00,2.299999952316284,2.309999942779541,2.2300000190734863,2.240000009536743,120400,0.0,0.0
2022-07-05 00:00:00-04:00,2.190000057220459,2.367300033569336,2.190000057220459,2.299999952316284,179600,0.0,0.0
2022-07-06 00:00:00-04:00,2.2799999713897705,2.3499999046325684,2.190000057220459,2.2699999809265137,445200,0.0,0.0
2022-07-07 00:00:00-04:00,2.2699999809265137,2.359999895095825,2.2100000381469727,2.309999942779541,287700,0.0,0.0
2022-07-08 00:00:00-04:00,2.309999942779541,2.380000114440918,2.259999990463257,2.3399999141693115,390100,0.0,0.0
2022-07-11 00:00:00-04:00,2.3299999237060547,2.4600000381469727,2.319999933242798,2.3499999046325684,460100,0.0,0.0
2022-07-12 00:00:00-04:00,2.369999885559082,2.450000047683716,2.359999895095825,2.390000104904175,265000,0.0,0.0
2022-07-13 00:00:00-04:00,2.390000104904175,2.5,2.363800048828125,2.4700000286102295,388100,0.0,0.0
2022-07-14 00:00:00-04:00,2.5,2.5,2.369999885559082,2.4200000762939453,297200,0.0,0.0
2022-07-15 00:00:00-04:00,2.4800000190734863,2.490000009536743,2.3299999237060547,2.390000104904175,723600,0.0,0.0
2022-07-18 00:00:00-04:00,2.4000000953674316,2.4600000381469727,2.3399999141693115,2.359999895095825,264300,0.0,0.0
2022-07-19 00:00:00-04:00,2.369999885559082,2.4200000762939453,2.3499999046325684,2.390000104904175,218000,0.0,0.0
2022-07-20 00:00:00-04:00,2.369999885559082,2.5,2.369999885559082,2.390000104904175,298700,0.0,0.0
2022-07-21 00:00:00-04:00,2.4100000858306885,2.509999990463257,2.369999885559082,2.4700000286102295,513500,0.0,0.0
2022-07-22 00:00:00-04:00,2.4700000286102295,2.4700000286102295,2.4000000953674316,2.4200000762939453,313000,0.0,0.0
2022-07-25 00:00:00-04:00,2.4200000762939453,2.4600000381469727,2.3499999046325684,2.4200000762939453,210400,0.0,0.0
2022-07-26 00:00:00-04:00,2.4000000953674316,2.4600000381469727,2.3842999935150146,2.4100000858306885,149900,0.0,0.0
2022-07-27 00:00:00-04:00,2.390000104904175,2.430000066757202,2.359999895095825,2.4000000953674316,92900,0.0,0.0
2022-07-28 00:00:00-04:00,2.4100000858306885,2.4298999309539795,2.3550000190734863,2.390000104904175,160400,0.0,0.0
2022-07-29 00:00:00-04:00,2.380000114440918,2.4100000858306885,2.351900100708008,2.390000104904175,51400,0.0,0.0
2022-08-01 00:00:00-04:00,2.359999895095825,2.4000000953674316,2.3499999046325684,2.359999895095825,37900,0.0,0.0
2022-08-02 00:00:00-04:00,2.3399999141693115,2.390000104904175,2.3299999237060547,2.359999895095825,39900,0.0,0.0
2022-08-03 00:00:00-04:00,2.359999895095825,2.4100000858306885,2.359999895095825,2.4000000953674316,54300,0.0,0.0
2022-08-04 00:00:00-04:00,2.369999885559082,2.509999990463257,2.3499999046325684,2.4800000190734863,423200,0.0,0.0
2022-08-05 00:00:00-04:00,2.450000047683716,2.559999942779541,2.4001998901367188,2.5299999713897705,255400,0.0,0.0
2022-08-08 00:00:00-04:00,2.5,2.609999895095825,2.4885001182556152,2.5799999237060547,91400,0.0,0.0
2022-08-09 00:00:00-04:00,2.569999933242798,2.6500000953674316,2.529900074005127,2.559999942779541,127600,0.0,0.0
2022-08-10 00:00:00-04:00,2.619999885559082,2.619999885559082,2.4600000381469727,2.5850000381469727,54900,0.0,0.0
2022-08-11 00:00:00-04:00,2.5899999141693115,2.700000047683716,2.5104000568389893,2.6500000953674316,205900,0.0,0.0
2022-08-12 00:00:00-04:00,2.6500000953674316,2.8499999046325684,2.5999999046325684,2.7300000190734863,181600,0.0,0.0
2022-08-15 00:00:00-04:00,2.7200000286102295,2.880000114440918,2.6698999404907227,2.8299999237060547,152300,0.0,0.0
2022-08-16 00:00:00-04:00,2.8399999141693115,2.8399999141693115,2.7035000324249268,2.75,69600,0.0,0.0
2022-08-17 00:00:00-04:00,2.75,2.890000104904175,2.740000009536743,2.8299999237060547,138700,0.0,0.0
2022-08-18 00:00:00-04:00,2.7799999713897705,2.869999885559082,2.7799999713897705,2.819999933242798,88500,0.0,0.0
2022-08-19 00:00:00-04:00,2.8299999237060547,2.880000114440918,2.799999952316284,2.8399999141693115,83900,0.0,0.0
2022-08-22 00:00:00-04:00,2.799999952316284,2.859999895095825,2.5899999141693115,2.5999999046325684,79600,0.0,0.0
2022-08-23 00:00:00-04:00,2.5999999046325684,2.6700000762939453,2.514699935913086,2.609999895095825,68700,0.0,0.0
2022-08-24 00:00:00-04:00,2.630000114440918,2.6500000953674316,2.5799999237060547,2.630000114440918,35100,0.0,0.0
2022-08-25 00:00:00-04:00,2.630000114440918,2.799999952316284,2.5801000595092773,2.7200000286102295,75300,0.0,0.0
2022-08-26 00:00:00-04:00,2.700000047683716,2.740000009536743,2.559999942779541,2.569999933242798,125000,0.0,0.0
2022-08-29 00:00:00-04:00,2.509999990463257,2.640000104904175,2.5,2.5999999046325684,83500,0.0,0.0
2022-08-30 00:00:00-04:00,2.5899999141693115,2.659899950027466,2.569999933242798,2.630000114440918,55700,0.0,0.0
2022-08-31 00:00:00-04:00,2.640000104904175,2.690000057220459,2.619999885559082,2.630000114440918,51200,0.0,0.0
2022-09-01 00:00:00-04:00,2.5999999046325684,2.6700000762939453,2.559999942779541,2.5799999237060547,60800,0.0,0.0
2022-09-02 00:00:00-04:00,2.559999942779541,2.6500000953674316,2.559999942779541,2.5999999046325684,47700,0.0,0.0
2022-09-06 00:00:00-04:00,2.5999999046325684,2.640000104904175,2.5199999809265137,2.559999942779541,60700,0.0,0.0
2022-09-07 00:00:00-04:00,2.5199999809265137,2.6500000953674316,2.5199999809265137,2.6500000953674316,93300,0.0,0.0
2022-09-08 00:00:00-04:00,2.6500000953674316,2.680000066757202,2.5899999141693115,2.5899999141693115,39600,0.0,0.0
2022-09-09 00:00:00-04:00,2.619999885559082,2.700000047683716,2.5,2.6600000858306885,65200,0.0,0.0
2022-09-12 00:00:00-04:00,2.6500000953674316,2.700000047683716,2.6500000953674316,2.6600000858306885,54500,0.0,0.0
2022-09-13 00:00:00-04:00,2.640000104904175,2.700000047683716,2.5799999237060547,2.619999885559082,67000,0.0,0.0
2022-09-14 00:00:00-04:00,2.694999933242798,2.700000047683716,2.5799999237060547,2.5899999141693115,85200,0.0,0.0
2022-09-15 00:00:00-04:00,2.5899999141693115,2.700000047683716,2.5899999141693115,2.640000104904175,55000,0.0,0.0
2022-09-16 00:00:00-04:00,2.5764000415802,2.7200000286102295,2.561199903488159,2.7200000286102295,75300,0.0,0.0
2022-09-19 00:00:00-04:00,2.7200000286102295,2.7200000286102295,2.5899999141693115,2.6500000953674316,62300,0.0,0.0
2022-09-20 00:00:00-04:00,2.640000104904175,2.6500000953674316,2.5799999237060547,2.640000104904175,38800,0.0,0.0
2022-09-21 00:00:00-04:00,2.6600000858306885,2.700000047683716,2.569999933242798,2.619999885559082,48500,0.0,0.0
2022-09-22 00:00:00-04:00,2.619999885559082,2.619999885559082,2.509999990463257,2.575000047683716,61400,0.0,0.0
2022-09-23 00:00:00-04:00,2.5,2.559999942779541,2.3499999046325684,2.5199999809265137,122700,0.0,0.0
2022-09-26 00:00:00-04:00,2.490000009536743,2.565000057220459,2.440000057220459,2.5199999809265137,98200,0.0,0.0
2022-09-27 00:00:00-04:00,2.5899999141693115,2.5899999141693115,2.424999952316284,2.440000057220459,266500,0.0,0.0
2022-09-28 00:00:00-04:00,2.440000057220459,2.549999952316284,2.4200000762939453,2.430000066757202,40000,0.0,0.0
2022-09-29 00:00:00-04:00,2.4100000858306885,2.490000009536743,2.3499999046325684,2.4000000953674316,99600,0.0,0.0
2022-09-30 00:00:00-04:00,2.4000000953674316,2.4700000286102295,2.4000000953674316,2.4000000953674316,22100,0.0,0.0
2022-10-03 00:00:00-04:00,2.444999933242798,2.444999933242798,2.3399999141693115,2.4200000762939453,34500,0.0,0.0
2022-10-04 00:00:00-04:00,2.4200000762939453,2.494999885559082,2.390000104904175,2.450000047683716,75000,0.0,0.0
2022-10-05 00:00:00-04:00,2.440000057220459,2.5,2.3399999141693115,2.390000104904175,82800,0.0,0.0
2022-10-06 00:00:00-04:00,2.3499999046325684,2.493799924850464,2.3499999046325684,2.4800000190734863,37800,0.0,0.0
2022-10-07 00:00:00-04:00,2.509999990463257,2.6171000003814697,2.509999990463257,2.559999942779541,118600,0.0,0.0
2022-10-10 00:00:00-04:00,2.549999952316284,2.6500000953674316,2.5,2.6500000953674316,72800,0.0,0.0
2022-10-11 00:00:00-04:00,2.609999895095825,2.7200000286102295,2.609999895095825,2.6600000858306885,96800,0.0,0.0
2022-10-12 00:00:00-04:00,2.640000104904175,2.7200000286102295,2.5999999046325684,2.6600000858306885,231700,0.0,0.0
2022-10-13 00:00:00-04:00,2.6700000762939453,2.7799999713897705,2.6628000736236572,2.75,152500,0.0,0.0
2022-10-14 00:00:00-04:00,2.7799999713897705,2.8299999237060547,2.6600000858306885,2.7300000190734863,1074500,0.0,0.0
2022-10-17 00:00:00-04:00,2.7799999713897705,2.809999942779541,2.704400062561035,2.740000009536743,212000,0.0,0.0
2022-10-18 00:00:00-04:00,2.7200000286102295,2.940000057220459,2.7200000286102295,2.809999942779541,117400,0.0,0.0
2022-10-19 00:00:00-04:00,2.9000000953674316,2.950000047683716,2.8399999141693115,2.890000104904175,74500,0.0,0.0
2022-10-20 00:00:00-04:00,2.93969988822937,2.950000047683716,2.8499999046325684,2.9000000953674316,66100,0.0,0.0
2022-10-21 00:00:00-04:00,2.9000000953674316,2.930000066757202,2.7750000953674316,2.869999885559082,93100,0.0,0.0
2022-10-24 00:00:00-04:00,2.930000066757202,2.940000057220459,2.819999933242798,2.880000114440918,153900,0.0,0.0
2022-10-25 00:00:00-04:00,2.809999942779541,2.9600000381469727,2.805000066757202,2.930000066757202,85400,0.0,0.0
2022-10-26 00:00:00-04:00,2.9600000381469727,3.015000104904175,2.9000000953674316,2.9600000381469727,110600,0.0,0.0
2022-10-27 00:00:00-04:00,2.9700000286102295,3.0,2.880000114440918,2.950000047683716,109400,0.0,0.0
2022-10-28 00:00:00-04:00,2.9100000858306885,3.0,2.869999885559082,2.9700000286102295,90100,0.0,0.0
2022-10-31 00:00:00-04:00,2.990000009536743,2.990000009536743,2.890000104904175,2.940000057220459,38600,0.0,0.0
2022-11-01 00:00:00-04:00,2.930000066757202,2.9800000190734863,2.859999895095825,2.9000000953674316,47100,0.0,0.0
2022-11-02 00:00:00-04:00,2.890000104904175,2.950000047683716,2.818000078201294,2.8499999046325684,35900,0.0,0.0
2022-11-03 00:00:00-04:00,2.859999895095825,2.9000000953674316,2.7799999713897705,2.8299999237060547,55600,0.0,0.0
2022-11-04 00:00:00-04:00,2.799999952316284,2.9800000190734863,2.799999952316284,2.890000104904175,165800,0.0,0.0
2022-11-07 00:00:00-05:00,2.869999885559082,2.944999933242798,2.859999895095825,2.9100000858306885,29900,0.0,0.0
2022-11-08 00:00:00-05:00,2.934999942779541,2.9700000286102295,2.8801000118255615,2.950000047683716,34700,0.0,0.0
2022-11-09 00:00:00-05:00,2.940000057220459,3.049999952316284,2.9001998901367188,2.9200000762939453,78300,0.0,0.0
2022-11-10 00:00:00-05:00,3.0,3.0299999713897705,2.897700071334839,2.9800000190734863,54700,0.0,0.0
2022-11-11 00:00:00-05:00,2.9800000190734863,3.0899999141693115,2.940000057220459,3.0,83500,0.0,0.0
2022-11-14 00:00:00-05:00,3.0,3.049999952316284,2.9700000286102295,2.9700000286102295,27400,0.0,0.0
2022-11-15 00:00:00-05:00,3.0399999618530273,3.0999999046325684,2.9500999450683594,3.0,77100,0.0,0.0
2022-11-16 00:00:00-05:00,2.940000057220459,3.0199999809265137,2.9000000953674316,2.930000066757202,52900,0.0,0.0
2022-11-17 00:00:00-05:00,2.9549999237060547,2.9800000190734863,2.882499933242798,2.9100000858306885,31500,0.0,0.0
2022-11-18 00:00:00-05:00,2.950000047683716,3.0,2.9000000953674316,2.9200000762939453,28600,0.0,0.0
2022-11-21 00:00:00-05:00,2.869999885559082,2.990000009536743,2.8399999141693115,2.9200000762939453,69200,0.0,0.0
2022-11-22 00:00:00-05:00,2.9700000286102295,3.049999952316284,2.910799980163574,3.0,84300,0.0,0.0
2022-11-23 00:00:00-05:00,3.059999942779541,3.0899999141693115,2.990000009536743,3.069999933242798,106600,0.0,0.0
2022-11-25 00:00:00-05:00,3.0199999809265137,3.0799999237060547,3.0,3.0299999713897705,17000,0.0,0.0
2022-11-28 00:00:00-05:00,3.0299999713897705,3.0999999046325684,2.9588000774383545,3.0399999618530273,27000,0.0,0.0
2022-11-29 00:00:00-05:00,3.0899999141693115,3.0899999141693115,2.960099935531616,3.0299999713897705,60300,0.0,0.0
2022-11-30 00:00:00-05:00,2.940000057220459,3.049999952316284,2.8410000801086426,3.0199999809265137,58800,0.0,0.0
2022-12-01 00:00:00-05:00,2.9800000190734863,3.009999990463257,2.940000057220459,2.9600000381469727,50900,0.0,0.0
2022-12-02 00:00:00-05:00,2.9000000953674316,2.9800000190734863,2.9000000953674316,2.940000057220459,77500,0.0,0.0
2022-12-05 00:00:00-05:00,2.8399999141693115,2.950000047683716,2.7927000522613525,2.9200000762939453,77600,0.0,0.0
2022-12-06 00:00:00-05:00,2.9089999198913574,2.9089999198913574,2.7200000286102295,2.7200000286102295,52800,0.0,0.0
2022-12-07 00:00:00-05:00,2.700000047683716,2.880000114440918,2.700000047683716,2.819999933242798,930600,0.0,0.0
2022-12-08 00:00:00-05:00,2.819999933242798,2.9049999713897705,2.759999990463257,2.869999885559082,106200,0.0,0.0
2022-12-09 00:00:00-05:00,2.9200000762939453,2.9200000762939453,2.850100040435791,2.890000104904175,112600,0.0,0.0
2022-12-12 00:00:00-05:00,2.880000114440918,2.880000114440918,2.802500009536743,2.8499999046325684,31700,0.0,0.0
2022-12-13 00:00:00-05:00,2.9000000953674316,2.9175000190734863,2.8499999046325684,2.869999885559082,60000,0.0,0.0
2022-12-14 00:00:00-05:00,2.8399999141693115,2.9000000953674316,2.8399999141693115,2.869999885559082,62600,0.0,0.0
2022-12-15 00:00:00-05:00,2.890000104904175,2.9700000286102295,2.7799999713897705,2.9600000381469727,176200,0.0,0.0
2022-12-16 00:00:00-05:00,2.9100000858306885,2.9600000381469727,2.887200117111206,2.940000057220459,101500,0.0,0.0
2022-12-19 00:00:00-05:00,2.890000104904175,2.940000057220459,2.859999895095825,2.890000104904175,26600,0.0,0.0
2022-12-20 00:00:00-05:00,2.819999933242798,2.9316000938415527,2.819999933242798,2.930000066757202,98000,0.0,0.0
2022-12-21 00:00:00-05:00,2.890000104904175,2.940000057220459,2.880000114440918,2.9000000953674316,42700,0.0,0.0
2022-12-22 00:00:00-05:00,2.869999885559082,2.9200000762939453,2.869999885559082,2.890000104904175,49800,0.0,0.0
2022-12-23 00:00:00-05:00,2.9000000953674316,2.940000057220459,2.9000000953674316,2.9200000762939453,89300,0.0,0.0
2022-12-27 00:00:00-05:00,2.9200000762939453,2.9200000762939453,2.859999895095825,2.9100000858306885,57000,0.0,0.0
2022-12-28 00:00:00-05:00,2.9100000858306885,2.9200000762939453,2.8499999046325684,2.869999885559082,68000,0.0,0.0
2022-12-29 00:00:00-05:00,2.884999990463257,2.950000047683716,2.860100030899048,2.9149999618530273,120900,0.0,0.0
2022-12-30 00:00:00-05:00,2.890000104904175,2.940000057220459,2.890000104904175,2.930000066757202,151100,0.0,0.0
2023-01-03 00:00:00-05:00,2.9100000858306885,2.950000047683716,2.9100000858306885,2.930000066757202,23100,0.0,0.0
2023-01-04 00:00:00-05:00,2.930000066757202,3.005000114440918,2.9200000762939453,3.0,119500,0.0,0.0
2023-01-05 00:00:00-05:00,3.0004000663757324,3.0004000663757324,2.950000047683716,3.0,13500,0.0,0.0
2023-01-06 00:00:00-05:00,2.869999885559082,3.049999952316284,2.8499999046325684,3.0299999713897705,79700,0.0,0.0
2023-01-09 00:00:00-05:00,3.0,3.0450000762939453,2.9700000286102295,2.990000009536743,33000,0.0,0.0
2023-01-10 00:00:00-05:00,2.990000009536743,3.0,2.9100000858306885,2.990000009536743,44400,0.0,0.0
2023-01-11 00:00:00-05:00,2.9800000190734863,3.009999990463257,2.9700000286102295,2.990000009536743,588600,0.0,0.0
2023-01-12 00:00:00-05:00,2.990000009536743,3.009999990463257,2.990000009536743,2.990000009536743,49100,0.0,0.0
2023-01-13 00:00:00-05:00,3.0,3.005000114440918,2.950000047683716,2.990000009536743,31700,0.0,0.0
2023-01-17 00:00:00-05:00,2.9800000190734863,3.0199999809265137,2.9800000190734863,3.009999990463257,13400,0.0,0.0
2023-01-18 00:00:00-05:00,3.009999990463257,3.0299999713897705,2.9800000190734863,2.9800000190734863,44200,0.0,0.0
2023-01-19 00:00:00-05:00,2.990000009536743,3.0,2.930000066757202,2.940000057220459,38500,0.0,0.0
2023-01-20 00:00:00-05:00,2.950000047683716,3.009999990463257,2.950000047683716,2.950000047683716,25100,0.0,0.0
2023-01-23 00:00:00-05:00,2.950900077819824,2.9700000286102295,2.910099983215332,2.9200000762939453,24900,0.0,0.0
2023-01-24 00:00:00-05:00,2.9100000858306885,2.9340999126434326,2.9000000953674316,2.9100000858306885,22600,0.0,0.0
2023-01-25 00:00:00-05:00,2.940000057220459,2.940000057220459,2.9100000858306885,2.930000066757202,22200,0.0,0.0
2023-01-26 00:00:00-05:00,2.9200000762939453,2.927999973297119,2.9100000858306885,2.9100000858306885,26800,0.0,0.0
2023-01-27 00:00:00-05:00,2.880000114440918,2.950000047683716,2.869999885559082,2.940000057220459,64200,0.0,0.0
2023-01-30 00:00:00-05:00,2.940000057220459,2.940000057220459,2.890000104904175,2.890000104904175,20200,0.0,0.0
2023-01-31 00:00:00-05:00,2.9000000953674316,2.9100000858306885,2.880000114440918,2.890000104904175,44500,0.0,0.0
2023-02-01 00:00:00-05:00,2.869999885559082,2.9200000762939453,2.8299999237060547,2.890000104904175,95800,0.0,0.0
2023-02-02 00:00:00-05:00,2.9800000190734863,3.0408999919891357,2.9000000953674316,2.9100000858306885,249600,0.0,0.0
2023-02-03 00:00:00-05:00,2.859999895095825,3.009999990463257,2.8299999237060547,2.9700000286102295,69100,0.0,0.0
2023-02-06 00:00:00-05:00,2.9600000381469727,3.0199999809265137,2.884399890899658,3.0,64800,0.0,0.0
2023-02-07 00:00:00-05:00,2.9700000286102295,2.9700000286102295,2.9000000953674316,2.9000000953674316,27200,0.0,0.0
2023-02-08 00:00:00-05:00,2.900099992752075,3.0,2.9000000953674316,2.990000009536743,54700,0.0,0.0
2023-02-09 00:00:00-05:00,3.0,3.0,2.8994998931884766,2.950000047683716,28800,0.0,0.0
2023-02-10 00:00:00-05:00,2.9800000190734863,2.990000009536743,2.9049999713897705,2.950000047683716,55700,0.0,0.0
2023-02-13 00:00:00-05:00,2.930000066757202,2.9700000286102295,2.9149999618530273,2.9700000286102295,33000,0.0,0.0
2023-02-14 00:00:00-05:00,2.9200000762939453,3.0199999809265137,2.890000104904175,3.009999990463257,49800,0.0,0.0
2023-02-15 00:00:00-05:00,3.009999990463257,3.009999990463257,2.910599946975708,3.0,28400,0.0,0.0
2023-02-16 00:00:00-05:00,2.950000047683716,3.0,2.944999933242798,2.9700000286102295,27200,0.0,0.0
2023-02-17 00:00:00-05:00,2.9600000381469727,3.0299999713897705,2.9482998847961426,3.005000114440918,53300,0.0,0.0
2023-02-21 00:00:00-05:00,2.9700000286102295,3.0299999713897705,2.920099973678589,3.0,56900,0.0,0.0
2023-02-22 00:00:00-05:00,2.990000009536743,3.009999990463257,2.9500999450683594,2.9600000381469727,24000,0.0,0.0
2023-02-23 00:00:00-05:00,2.950000047683716,2.9899001121520996,2.930000066757202,2.940000057220459,19400,0.0,0.0
2023-02-24 00:00:00-05:00,2.930000066757202,3.0,2.9200000762939453,2.990000009536743,62000,0.0,0.0
2023-02-27 00:00:00-05:00,2.9700000286102295,2.986599922180176,2.940000057220459,2.950000047683716,32700,0.0,0.0
2023-02-28 00:00:00-05:00,2.950000047683716,3.009999990463257,2.9110000133514404,3.0,52300,0.0,0.0
2023-03-01 00:00:00-05:00,3.0,3.0199999809265137,2.940000057220459,2.9700000286102295,34600,0.0,0.0
2023-03-02 00:00:00-05:00,2.9500999450683594,2.9999001026153564,2.9200000762939453,2.9600000381469727,30100,0.0,0.0
2023-03-03 00:00:00-05:00,2.950000047683716,3.0,2.950000047683716,3.0,25600,0.0,0.0
2023-03-06 00:00:00-05:00,2.9200000762939453,3.0,2.9200000762939453,2.9872000217437744,18300,0.0,0.0
2023-03-07 00:00:00-05:00,2.9600000381469727,2.9791998863220215,2.950000047683716,2.950000047683716,7900,0.0,0.0
2023-03-08 00:00:00-05:00,2.949899911880493,3.0,2.940000057220459,2.9700000286102295,32800,0.0,0.0
2023-03-09 00:00:00-05:00,2.950000047683716,2.9800000190734863,2.9200000762939453,2.9200000762939453,36600,0.0,0.0
2023-03-10 00:00:00-05:00,2.9100000858306885,2.9700000286102295,2.859999895095825,2.9200000762939453,39300,0.0,0.0
2023-03-13 00:00:00-04:00,2.940000057220459,2.9700000286102295,2.890000104904175,2.890000104904175,57600,0.0,0.0
2023-03-14 00:00:00-04:00,2.859999895095825,2.9600000381469727,2.859999895095825,2.880000114440918,56900,0.0,0.0
2023-03-15 00:00:00-04:00,2.890000104904175,2.9100000858306885,2.8299999237060547,2.8499999046325684,32600,0.0,0.0
2023-03-16 00:00:00-04:00,2.890000104904175,2.9000000953674316,2.8299999237060547,2.880000114440918,39600,0.0,0.0
2023-03-17 00:00:00-04:00,2.869999885559082,2.9000000953674316,2.8350000381469727,2.9000000953674316,118900,0.0,0.0
2023-03-20 00:00:00-04:00,2.990000009536743,2.990000009536743,2.869999885559082,2.890000104904175,15200,0.0,0.0
2023-03-21 00:00:00-04:00,2.950000047683716,2.950000047683716,2.7799999713897705,2.869999885559082,34200,0.0,0.0
2023-03-22 00:00:00-04:00,2.8399999141693115,2.9000000953674316,2.8399999141693115,2.880000114440918,21600,0.0,0.0
2023-03-23 00:00:00-04:00,2.9200000762939453,2.930000066757202,2.8299999237060547,2.8499999046325684,19300,0.0,0.0
2023-03-24 00:00:00-04:00,2.9198999404907227,2.9198999404907227,2.799999952316284,2.890000104904175,29100,0.0,0.0
2023-03-27 00:00:00-04:00,2.859999895095825,2.890000104904175,2.800100088119507,2.8299999237060547,51600,0.0,0.0
2023-03-28 00:00:00-04:00,2.809999942779541,2.880000114440918,2.809999942779541,2.8399999141693115,33200,0.0,0.0
2023-03-29 00:00:00-04:00,2.8399999141693115,2.890000104904175,2.7899999618530273,2.8299999237060547,55700,0.0,0.0
2023-03-30 00:00:00-04:00,2.859999895095825,2.8696999549865723,2.8299999237060547,2.8499999046325684,26000,0.0,0.0
2023-03-31 00:00:00-04:00,2.859999895095825,2.940000057220459,2.859999895095825,2.9100000858306885,31700,0.0,0.0
2023-04-03 00:00:00-04:00,2.880000114440918,2.9700000286102295,2.880000114440918,2.9700000286102295,60600,0.0,0.0
2023-04-04 00:00:00-04:00,2.950000047683716,3.0199999809265137,2.880000114440918,2.9000000953674316,1097700,0.0,0.0
2023-04-05 00:00:00-04:00,2.8499999046325684,2.950000047683716,2.8499999046325684,2.9000000953674316,18600,0.0,0.0
2023-04-06 00:00:00-04:00,2.9000000953674316,2.9800000190734863,2.880000114440918,2.930000066757202,34200,0.0,0.0
2023-04-10 00:00:00-04:00,2.9700000286102295,2.9700000286102295,2.930000066757202,2.9600000381469727,17900,0.0,0.0
2023-04-11 00:00:00-04:00,2.940000057220459,2.990000009536743,2.940000057220459,2.9600000381469727,28900,0.0,0.0
2023-04-12 00:00:00-04:00,2.9600000381469727,3.0,2.950000047683716,2.9700000286102295,50600,0.0,0.0
2023-04-13 00:00:00-04:00,2.990000009536743,3.0,2.950000047683716,2.9700000286102295,25000,0.0,0.0
2023-04-14 00:00:00-04:00,2.940000057220459,3.0,2.930000066757202,2.950000047683716,76900,0.0,0.0
2023-04-17 00:00:00-04:00,2.9200000762939453,2.9800000190734863,2.9200000762939453,2.9700000286102295,13400,0.0,0.0
2023-04-18 00:00:00-04:00,2.9700000286102295,3.0,2.907900094985962,2.9800000190734863,56100,0.0,0.0
2023-04-19 00:00:00-04:00,2.9800000190734863,2.990000009536743,2.930000066757202,2.9600000381469727,33300,0.0,0.0
2023-04-20 00:00:00-04:00,2.9100000858306885,2.9800000190734863,2.9100000858306885,2.9700000286102295,13900,0.0,0.0
2023-04-21 00:00:00-04:00,2.940000057220459,2.990000009536743,2.930000066757202,2.9800000190734863,47500,0.0,0.0
2023-04-24 00:00:00-04:00,2.9600000381469727,2.9900999069213867,2.9600000381469727,2.9800000190734863,17200,0.0,0.0
2023-04-25 00:00:00-04:00,2.9800000190734863,3.0,2.950000047683716,2.990000009536743,19800,0.0,0.0
2023-04-26 00:00:00-04:00,2.9702999591827393,2.990000009536743,2.9700000286102295,2.9800000190734863,10100,0.0,0.0
2023-04-27 00:00:00-04:00,2.9800000190734863,2.990000009536743,2.9600000381469727,2.9600000381469727,16200,0.0,0.0
2023-04-28 00:00:00-04:00,2.940000057220459,2.9600000381469727,2.859999895095825,2.9200000762939453,17000,0.0,0.0
2023-05-01 00:00:00-04:00,2.880000114440918,2.930000066757202,2.8775999546051025,2.9200000762939453,10500,0.0,0.0
2023-05-02 00:00:00-04:00,2.930000066757202,2.9540998935699463,2.9100000858306885,2.9100000858306885,6400,0.0,0.0
2023-05-03 00:00:00-04:00,2.9000000953674316,2.9000000953674316,2.8499999046325684,2.8499999046325684,10500,0.0,0.0
2023-05-04 00:00:00-04:00,2.9000000953674316,2.9000000953674316,2.7799999713897705,2.7888998985290527,47000,0.0,0.0
2023-05-05 00:00:00-04:00,2.7799999713897705,2.8598999977111816,2.775099992752075,2.799999952316284,20700,0.0,0.0
2023-05-08 00:00:00-04:00,2.799999952316284,2.8499999046325684,2.795300006866455,2.799999952316284,9500,0.0,0.0
2023-05-09 00:00:00-04:00,2.799999952316284,2.799999952316284,2.759999990463257,2.7799999713897705,4300,0.0,0.0
2023-05-10 00:00:00-04:00,2.759999990463257,2.7613000869750977,2.700000047683716,2.740000009536743,42000,0.0,0.0
2023-05-11 00:00:00-04:00,3.0999999046325684,3.100100040435791,3.0,3.0899999141693115,809800,0.0,0.0
2023-05-12 00:00:00-04:00,3.059999942779541,3.0799999237060547,3.0299999713897705,3.059999942779541,152700,0.0,0.0
2023-05-15 00:00:00-04:00,3.049999952316284,3.110100030899048,3.049999952316284,3.0899999141693115,51900,0.0,0.0
2023-05-16 00:00:00-04:00,3.0799999237060547,3.119999885559082,3.059999942779541,3.0999999046325684,103400,0.0,0.0
2023-05-17 00:00:00-04:00,3.0999999046325684,3.0999999046325684,3.069999933242798,3.0899999141693115,45900,0.0,0.0
2023-05-18 00:00:00-04:00,3.087100028991699,3.0899999141693115,3.069999933242798,3.0801000595092773,35500,0.0,0.0
2023-05-19 00:00:00-04:00,3.0899999141693115,3.0899999141693115,3.049999952316284,3.0899999141693115,70300,0.0,0.0
2023-05-22 00:00:00-04:00,3.0899999141693115,3.119999885559082,3.0799999237060547,3.0999999046325684,61400,0.0,0.0
2023-05-23 00:00:00-04:00,3.0999999046325684,3.140000104904175,3.0999999046325684,3.119999885559082,37000,0.0,0.0
2023-05-24 00:00:00-04:00,3.1500000953674316,3.1500000953674316,3.119999885559082,3.140000104904175,20900,0.0,0.0
2023-05-25 00:00:00-04:00,3.119999885559082,3.140000104904175,3.109999895095825,3.109999895095825,33700,0.0,0.0
2023-05-26 00:00:00-04:00,3.119999885559082,3.1500000953674316,3.0999999046325684,3.1500000953674316,73500,0.0,0.0
2023-05-30 00:00:00-04:00,3.1600000858306885,3.1600000858306885,3.119999885559082,3.130000114440918,13300,0.0,0.0
2023-05-31 00:00:00-04:00,3.1500000953674316,3.1700000762939453,3.130000114440918,3.1500000953674316,38100,0.0,0.0
2023-06-01 00:00:00-04:00,3.1500000953674316,3.190000057220459,3.119999885559082,3.1500000953674316,66200,0.0,0.0
2023-06-02 00:00:00-04:00,3.1600000858306885,3.1700000762939453,3.140000104904175,3.1600000858306885,60100,0.0,0.0
2023-06-05 00:00:00-04:00,3.180000066757202,3.2300000190734863,3.1600000858306885,3.1700000762939453,66100,0.0,0.0
2023-06-06 00:00:00-04:00,3.1700000762939453,3.190000057220459,3.1500000953674316,3.180000066757202,37700,0.0,0.0
2023-06-07 00:00:00-04:00,3.140000104904175,3.190000057220459,3.119999885559082,3.180000066757202,31400,0.0,0.0
2023-06-08 00:00:00-04:00,3.180000066757202,3.200000047683716,3.1700000762939453,3.180000066757202,92000,0.0,0.0
2023-06-09 00:00:00-04:00,3.180000066757202,3.180000066757202,3.030400037765503,3.1500000953674316,70400,0.0,0.0
2023-06-12 00:00:00-04:00,3.131200075149536,3.180000066757202,3.130000114440918,3.1500000953674316,13600,0.0,0.0
2023-06-13 00:00:00-04:00,3.130000114440918,3.140000104904175,3.0799999237060547,3.109999895095825,22200,0.0,0.0
2023-06-14 00:00:00-04:00,3.109999895095825,3.109999895095825,3.009999990463257,3.049999952316284,20900,0.0,0.0
2023-06-15 00:00:00-04:00,3.0399999618530273,3.0399999618530273,2.990000009536743,3.0299999713897705,38000,0.0,0.0
2023-06-16 00:00:00-04:00,3.0299999713897705,3.0799999237060547,2.9398999214172363,3.049999952316284,163400,0.0,0.0
2023-06-20 00:00:00-04:00,3.0199999809265137,3.0350000858306885,2.944999933242798,3.0299999713897705,31200,0.0,0.0
2023-06-21 00:00:00-04:00,3.0299999713897705,3.0299999713897705,2.9200000762939453,2.950000047683716,34000,0.0,0.0
2023-06-22 00:00:00-04:00,2.940000057220459,2.950000047683716,2.9100000858306885,2.9200000762939453,15100,0.0,0.0
2023-06-23 00:00:00-04:00,2.9200000762939453,3.0199999809265137,2.799999952316284,2.9700000286102295,187800,0.0,0.0
2023-06-26 00:00:00-04:00,2.890000104904175,2.9100000858306885,2.880000114440918,2.880000114440918,7800,0.0,0.0
2023-06-27 00:00:00-04:00,2.819999933242798,2.9000000953674316,2.819999933242798,2.8399999141693115,17400,0.0,0.0
2023-06-28 00:00:00-04:00,2.799999952316284,2.950000047683716,2.799999952316284,2.869999885559082,11100,0.0,0.0
2023-06-29 00:00:00-04:00,2.799999952316284,2.878999948501587,2.799999952316284,2.859999895095825,9600,0.0,0.0
2023-06-30 00:00:00-04:00,2.859999895095825,2.930000066757202,2.845400094985962,2.859999895095825,17300,0.0,0.0
2023-07-03 00:00:00-04:00,2.819999933242798,2.8775999546051025,2.819999933242798,2.850600004196167,4600,0.0,0.0
2023-07-05 00:00:00-04:00,2.799999952316284,2.9000000953674316,2.799999952316284,2.809999942779541,37300,0.0,0.0
2023-07-06 00:00:00-04:00,2.8499999046325684,2.9100000858306885,2.809999942779541,2.869999885559082,13100,0.0,0.0
2023-07-07 00:00:00-04:00,2.8392999172210693,2.890000104904175,2.8301000595092773,2.890000104904175,9100,0.0,0.0
2023-07-10 00:00:00-04:00,2.859999895095825,2.869999885559082,2.819999933242798,2.8299999237060547,73000,0.0,0.0
2023-07-11 00:00:00-04:00,2.8499999046325684,2.869999885559082,2.8499999046325684,2.859999895095825,51100,0.0,0.0
2023-07-12 00:00:00-04:00,2.8499999046325684,2.869999885559082,2.8499999046325684,2.859999895095825,41000,0.0,0.0
2023-07-13 00:00:00-04:00,2.859999895095825,2.869999885559082,2.799999952316284,2.799999952316284,12200,0.0,0.0
2023-07-14 00:00:00-04:00,2.809999942779541,2.859999895095825,2.809999942779541,2.8299999237060547,20000,0.0,0.0
2023-07-17 00:00:00-04:00,2.799999952316284,2.890000104904175,2.799999952316284,2.859499931335449,37500,0.0,0.0
2023-07-18 00:00:00-04:00,2.8499999046325684,2.899899959564209,2.799999952316284,2.8499999046325684,25800,0.0,0.0
2023-07-19 00:00:00-04:00,2.8299999237060547,2.859999895095825,2.799999952316284,2.8299999237060547,7600,0.0,0.0
2023-07-20 00:00:00-04:00,2.809999942779541,2.880000114440918,2.809999942779541,2.859999895095825,12300,0.0,0.0
2023-07-21 00:00:00-04:00,2.890000104904175,2.890000104904175,2.799999952316284,2.8299999237060547,20500,0.0,0.0
2023-07-24 00:00:00-04:00,2.809999942779541,2.8399999141693115,2.7946999073028564,2.799999952316284,28500,0.0,0.0
2023-07-25 00:00:00-04:00,2.809999942779541,2.8299999237060547,2.75,2.759999990463257,31100,0.0,0.0
2023-07-26 00:00:00-04:00,2.75,2.819999933242798,2.75,2.809999942779541,9100,0.0,0.0
2023-07-27 00:00:00-04:00,2.7799999713897705,2.819999933242798,2.674999952316284,2.75,40400,0.0,0.0
2023-07-28 00:00:00-04:00,2.75,2.781599998474121,2.7200000286102295,2.7300000190734863,12300,0.0,0.0
2023-07-31 00:00:00-04:00,2.700000047683716,2.7300000190734863,2.6600000858306885,2.6600000858306885,17500,0.0,0.0
2023-08-01 00:00:00-04:00,2.6600000858306885,2.690000057220459,2.6500000953674316,2.6700000762939453,10700,0.0,0.0
2023-08-02 00:00:00-04:00,2.7300000190734863,2.7300000190734863,2.6500000953674316,2.690000057220459,12100,0.0,0.0
2023-08-03 00:00:00-04:00,2.6700000762939453,2.673799991607666,2.6600000858306885,2.6600000858306885,12100,0.0,0.0
2023-08-04 00:00:00-04:00,2.6600000858306885,2.690000057220459,2.609999895095825,2.609999895095825,33400,0.0,0.0
2023-08-07 00:00:00-04:00,2.6600000858306885,2.6600000858306885,2.5999999046325684,2.609999895095825,13700,0.0,0.0
2023-08-08 00:00:00-04:00,2.5999999046325684,2.650899887084961,2.5999999046325684,2.5999999046325684,18100,0.0,0.0
2023-08-09 00:00:00-04:00,2.5999999046325684,2.5999999046325684,2.5299999713897705,2.5299999713897705,21800,0.0,0.0
2023-08-10 00:00:00-04:00,2.5399999618530273,2.5399999618530273,2.4000000953674316,2.450000047683716,80100,0.0,0.0
2023-08-11 00:00:00-04:00,2.4100000858306885,2.490000009536743,2.4100000858306885,2.4800000190734863,20100,0.0,0.0
2023-08-14 00:00:00-04:00,2.450000047683716,2.450000047683716,2.420099973678589,2.440000057220459,9200,0.0,0.0
2023-08-15 00:00:00-04:00,2.4200000762939453,2.430000066757202,2.380000114440918,2.390000104904175,19000,0.0,0.0
2023-08-16 00:00:00-04:00,2.390000104904175,2.411900043487549,2.3801000118255615,2.4000000953674316,12400,0.0,0.0
2023-08-17 00:00:00-04:00,2.390000104904175,2.4100000858306885,2.3510000705718994,2.359999895095825,24800,0.0,0.0
2023-08-18 00:00:00-04:00,2.3499999046325684,2.390000104904175,2.3499999046325684,2.3499999046325684,27100,0.0,0.0
2023-08-21 00:00:00-04:00,2.359999895095825,2.440000057220459,2.359999895095825,2.4000000953674316,9700,0.0,0.0
2023-08-22 00:00:00-04:00,2.4800000190734863,2.4800000190734863,2.359999895095825,2.4100000858306885,20000,0.0,0.0
2023-08-23 00:00:00-04:00,2.390000104904175,2.440000057220459,2.299999952316284,2.380000114440918,10600,0.0,0.0
2023-08-24 00:00:00-04:00,2.359999895095825,2.4100000858306885,2.3499999046325684,2.369999885559082,5000,0.0,0.0
2023-08-25 00:00:00-04:00,2.3399999141693115,2.4000000953674316,2.3399999141693115,2.396399974822998,18200,0.0,0.0
2023-08-28 00:00:00-04:00,2.380000114440918,2.4700000286102295,2.380000114440918,2.440000057220459,16500,0.0,0.0
2023-08-29 00:00:00-04:00,2.4600000381469727,2.4800000190734863,2.4000000953674316,2.4600000381469727,14200,0.0,0.0
2023-08-30 00:00:00-04:00,2.5199999809265137,2.5199999809265137,2.4200000762939453,2.440000057220459,23700,0.0,0.0
2023-08-31 00:00:00-04:00,2.4609999656677246,2.4999001026153564,2.450000047683716,2.450000047683716,19400,0.0,0.0
2023-09-01 00:00:00-04:00,2.440000057220459,2.599900007247925,2.440000057220459,2.4800000190734863,8700,0.0,0.0
2023-09-05 00:00:00-04:00,2.440000057220459,2.490000009536743,2.4000000953674316,2.4000000953674316,15900,0.0,0.0
2023-09-06 00:00:00-04:00,2.380000114440918,2.4600000381469727,2.369999885559082,2.384999990463257,13200,0.0,0.0
2023-09-07 00:00:00-04:00,2.3499999046325684,2.4000000953674316,2.319999933242798,2.3399999141693115,28500,0.0,0.0
2023-09-08 00:00:00-04:00,2.369999885559082,2.494999885559082,2.369999885559082,2.490000009536743,25700,0.0,0.0
2023-09-11 00:00:00-04:00,2.4700000286102295,2.490000009536743,2.450000047683716,2.4600000381469727,10400,0.0,0.0
2023-09-12 00:00:00-04:00,2.450000047683716,2.5,2.4000000953674316,2.4200000762939453,10000,0.0,0.0
2023-09-13 00:00:00-04:00,2.369999885559082,2.5199999809265137,2.369999885559082,2.5199999809265137,9700,0.0,0.0
2023-09-14 00:00:00-04:00,2.4600000381469727,2.628999948501587,2.4600000381469727,2.609999895095825,37000,0.0,0.0
2023-09-15 00:00:00-04:00,2.609999895095825,2.609999895095825,2.4600000381469727,2.5,13900,0.0,0.0
2023-09-18 00:00:00-04:00,2.3499999046325684,2.5399999618530273,2.3499999046325684,2.490000009536743,34900,0.0,0.0
2023-09-19 00:00:00-04:00,2.450000047683716,2.5999999046325684,2.4100000858306885,2.490000009536743,41000,0.0,0.0
2023-09-20 00:00:00-04:00,2.4600000381469727,2.468600034713745,2.325000047683716,2.3399999141693115,34100,0.0,0.0
2023-09-21 00:00:00-04:00,2.3399999141693115,2.380000114440918,2.299999952316284,2.359999895095825,13700,0.0,0.0
2023-09-22 00:00:00-04:00,2.319999933242798,2.390000104904175,2.2899999618530273,2.319999933242798,24300,0.0,0.0
2023-09-25 00:00:00-04:00,2.2799999713897705,2.2799999713897705,2.180000066757202,2.190000057220459,22600,0.0,0.0
2023-09-26 00:00:00-04:00,2.190000057220459,2.240000009536743,2.0799999237060547,2.1700000762939453,24600,0.0,0.0
2023-09-27 00:00:00-04:00,2.1700000762939453,2.2100000381469727,2.0899999141693115,2.0899999141693115,26900,0.0,0.0
2023-09-28 00:00:00-04:00,2.0999999046325684,2.1600000858306885,2.0999999046325684,2.1500000953674316,31900,0.0,0.0
2023-09-29 00:00:00-04:00,2.140000104904175,2.1700000762939453,2.0999999046325684,2.0999999046325684,9300,0.0,0.0
2023-10-02 00:00:00-04:00,2.0999999046325684,2.259999990463257,2.072000026702881,2.25,23200,0.0,0.0
2023-10-03 00:00:00-04:00,2.2200000286102295,2.25,2.069999933242798,2.069999933242798,17200,0.0,0.0
2023-10-04 00:00:00-04:00,2.0399999618530273,2.110300064086914,2.0399999618530273,2.049999952316284,14300,0.0,0.0
2023-10-05 00:00:00-04:00,2.0399999618530273,2.2249999046325684,2.0199999809265137,2.0399999618530273,36100,0.0,0.0
2023-10-06 00:00:00-04:00,2.0299999713897705,2.190000057220459,2.0299999713897705,2.130000114440918,26600,0.0,0.0
2023-10-09 00:00:00-04:00,2.0899999141693115,2.0999999046325684,2.0799999237060547,2.0950000286102295,12500,0.0,0.0
2023-10-10 00:00:00-04:00,2.069999933242798,2.1500000953674316,2.069999933242798,2.0899999141693115,27500,0.0,0.0
2023-10-11 00:00:00-04:00,2.049999952316284,2.0999999046325684,2.049999952316284,2.059999942779541,9000,0.0,0.0
2023-10-12 00:00:00-04:00,2.0299999713897705,2.2734999656677246,2.0299999713897705,2.140000104904175,50900,0.0,0.0
2023-10-13 00:00:00-04:00,2.0799999237060547,2.180000066757202,2.0399999618530273,2.0899999141693115,30000,0.0,0.0
2023-10-16 00:00:00-04:00,2.069999933242798,2.1445000171661377,2.0399999618530273,2.059999942779541,40700,0.0,0.0
2023-10-17 00:00:00-04:00,2.049999952316284,2.130000114440918,2.0299999713897705,2.0399999618530273,24700,0.0,0.0
2023-10-18 00:00:00-04:00,2.0199999809265137,2.0999999046325684,2.0199999809265137,2.069999933242798,7200,0.0,0.0
2023-10-19 00:00:00-04:00,2.0399999618530273,2.0799999237060547,2.009999990463257,2.059999942779541,17100,0.0,0.0
2023-10-20 00:00:00-04:00,2.049999952316284,2.1856000423431396,1.940000057220459,2.069999933242798,18700,0.0,0.0
2023-10-23 00:00:00-04:00,2.049999952316284,2.049999952316284,2.0,2.009999990463257,11400,0.0,0.0
2023-10-24 00:00:00-04:00,2.009999990463257,2.140000104904175,2.009999990463257,2.109999895095825,18900,0.0,0.0
2023-10-25 00:00:00-04:00,2.0799999237060547,2.130000114440918,2.0199999809265137,2.0924999713897705,12800,0.0,0.0
2023-10-26 00:00:00-04:00,2.059999942779541,2.0799999237060547,2.0399999618530273,2.049999952316284,10500,0.0,0.0
2023-10-27 00:00:00-04:00,2.0199999809265137,2.1010000705718994,2.011199951171875,2.0799999237060547,15300,0.0,0.0
2023-10-30 00:00:00-04:00,2.049999952316284,2.119999885559082,2.049999952316284,2.0899999141693115,8000,0.0,0.0
2023-10-31 00:00:00-04:00,2.04010009765625,2.1600000858306885,2.04010009765625,2.119999885559082,21500,0.0,0.0
2023-11-01 00:00:00-04:00,2.1600000858306885,2.194999933242798,2.0701000690460205,2.1600000858306885,6000,0.0,0.0
2023-11-02 00:00:00-04:00,2.109999895095825,2.202199935913086,1.9800000190734863,2.1549999713897705,24900,0.0,0.0
2023-11-03 00:00:00-04:00,2.119999885559082,2.2300000190734863,2.069999933242798,2.2300000190734863,31300,0.0,0.0
2023-11-06 00:00:00-05:00,2.2200000286102295,2.25,2.2100000381469727,2.2100000381469727,14500,0.0,0.0
2023-11-07 00:00:00-05:00,2.190000057220459,2.240000009536743,2.190000057220459,2.2100000381469727,1800,0.0,0.0
2023-11-08 00:00:00-05:00,2.1600000858306885,2.180000066757202,2.0999999046325684,2.1449999809265137,15900,0.0,0.0
2023-11-09 00:00:00-05:00,2.1500000953674316,2.190000057220459,2.0999999046325684,2.1600000858306885,10100,0.0,0.0
2023-11-10 00:00:00-05:00,2.0000998973846436,2.1700000762939453,2.0000998973846436,2.1700000762939453,10900,0.0,0.0
2023-11-13 00:00:00-05:00,2.1700000762939453,2.1700000762939453,2.140000104904175,2.140000104904175,1800,0.0,0.0
2023-11-14 00:00:00-05:00,2.009999990463257,2.109999895095825,2.009999990463257,2.109999895095825,13500,0.0,0.0
2023-11-15 00:00:00-05:00,2.069999933242798,2.0899999141693115,2.030600070953369,2.0399999618530273,32700,0.0,0.0
2023-11-16 00:00:00-05:00,2.009999990463257,2.049999952316284,1.9984999895095825,2.0199999809265137,28000,0.0,0.0
2023-11-17 00:00:00-05:00,2.0,2.069999933242798,2.0,2.0399999618530273,15100,0.0,0.0
2023-11-20 00:00:00-05:00,2.055000066757202,2.259999990463257,1.9199999570846558,2.180000066757202,30100,0.0,0.0
2023-11-21 00:00:00-05:00,2.200000047683716,2.2309000492095947,2.0761001110076904,2.0999999046325684,10900,0.0,0.0
2023-11-22 00:00:00-05:00,2.1019999980926514,2.216200113296509,2.0999999046325684,2.2100000381469727,4100,0.0,0.0
2023-11-24 00:00:00-05:00,2.200000047683716,2.2976999282836914,2.200000047683716,2.2976999282836914,9900,0.0,0.0
2023-11-27 00:00:00-05:00,2.319999933242798,2.325000047683716,2.2300000190734863,2.299999952316284,12100,0.0,0.0
2023-11-28 00:00:00-05:00,2.2799999713897705,2.299999952316284,2.220099925994873,2.259999990463257,18300,0.0,0.0
2023-11-29 00:00:00-05:00,2.2699999809265137,2.3399999141693115,2.2699999809265137,2.2899999618530273,25200,0.0,0.0
2023-11-30 00:00:00-05:00,2.2899999618530273,2.359999895095825,2.259999990463257,2.259999990463257,6100,0.0,0.0
2023-12-01 00:00:00-05:00,2.240000009536743,2.2899999618530273,2.214099884033203,2.2899999618530273,12700,0.0,0.0
2023-12-04 00:00:00-05:00,2.259999990463257,2.299999952316284,2.210099935531616,2.259999990463257,12000,0.0,0.0
2023-12-05 00:00:00-05:00,2.299999952316284,2.300100088119507,2.2899999618530273,2.2899999618530273,9600,0.0,0.0
2023-12-06 00:00:00-05:00,2.259999990463257,2.390000104904175,2.259999990463257,2.2799999713897705,9800,0.0,0.0
2023-12-07 00:00:00-05:00,2.200000047683716,2.299999952316284,2.160099983215332,2.25,12100,0.0,0.0
2023-12-08 00:00:00-05:00,2.2750000953674316,2.2850000858306885,2.1800999641418457,2.200000047683716,3500,0.0,0.0
2023-12-11 00:00:00-05:00,2.3399999141693115,2.3399999141693115,2.1800999641418457,2.3299999237060547,8500,0.0,0.0
2023-12-12 00:00:00-05:00,2.25,2.300100088119507,2.2200000286102295,2.2200000286102295,9700,0.0,0.0
2023-12-13 00:00:00-05:00,2.2200000286102295,2.309999942779541,2.2200000286102295,2.2850000858306885,15700,0.0,0.0
2023-12-14 00:00:00-05:00,2.200000047683716,2.3399999141693115,2.200000047683716,2.3399999141693115,10900,0.0,0.0
2023-12-15 00:00:00-05:00,2.3399999141693115,2.3399999141693115,2.1500000953674316,2.1500000953674316,31200,0.0,0.0
2023-12-18 00:00:00-05:00,2.25,2.2699999809265137,2.1600000858306885,2.1700000762939453,17500,0.0,0.0
2023-12-19 00:00:00-05:00,2.1500000953674316,2.289599895477295,2.1500000953674316,2.2799999713897705,27400,0.0,0.0
2023-12-20 00:00:00-05:00,2.206199884414673,2.3399999141693115,2.206199884414673,2.240000009536743,14400,0.0,0.0
2023-12-21 00:00:00-05:00,2.200000047683716,2.2300000190734863,2.160099983215332,2.200000047683716,15700,0.0,0.0
2023-12-22 00:00:00-05:00,2.1600000858306885,2.25,2.1600000858306885,2.240000009536743,14800,0.0,0.0
2023-12-26 00:00:00-05:00,2.259999990463257,2.309999942779541,2.2100000381469727,2.309999942779541,20300,0.0,0.0
2023-12-27 00:00:00-05:00,2.25,2.319999933242798,2.2200000286102295,2.2200000286102295,31900,0.0,0.0
2023-12-28 00:00:00-05:00,2.2100000381469727,2.3399999141693115,2.2100000381469727,2.259999990463257,28600,0.0,0.0
2023-12-29 00:00:00-05:00,2.2200000286102295,2.2899999618530273,2.1600000858306885,2.1600000858306885,53700,0.0,0.0
2024-01-02 00:00:00-05:00,2.200000047683716,2.2100000381469727,2.1700000762939453,2.184999942779541,7600,0.0,0.0
2024-01-03 00:00:00-05:00,2.2279999256134033,2.240000009536743,2.150099992752075,2.2100000381469727,10600,0.0,0.0
2024-01-04 00:00:00-05:00,2.180000066757202,2.200000047683716,2.1110000610351562,2.1600000858306885,48900,0.0,0.0
2024-01-05 00:00:00-05:00,2.180000066757202,2.240000009536743,2.109999895095825,2.1500000953674316,12700,0.0,0.0
2024-01-08 00:00:00-05:00,2.1500000953674316,2.200000047683716,2.1500000953674316,2.1500000953674316,6200,0.0,0.0
2024-01-09 00:00:00-05:00,2.109999895095825,2.1500000953674316,2.109999895095825,2.130000114440918,4700,0.0,0.0
2024-01-10 00:00:00-05:00,2.1500000953674316,2.2300000190734863,2.130000114440918,2.1500000953674316,13100,0.0,0.0
2024-01-11 00:00:00-05:00,2.180000066757202,2.200000047683716,2.130000114440918,2.140000104904175,12500,0.0,0.0
2024-01-12 00:00:00-05:00,2.1649999618530273,2.255000114440918,2.140000104904175,2.25,11500,0.0,0.0
2024-01-16 00:00:00-05:00,2.200000047683716,2.2899999618530273,2.140000104904175,2.16129994392395,47700,0.0,0.0
2024-01-17 00:00:00-05:00,2.1600000858306885,2.299999952316284,2.1600000858306885,2.199899911880493,26100,0.0,0.0
2024-01-18 00:00:00-05:00,2.2249999046325684,2.3499999046325684,2.200000047683716,2.2899999618530273,60800,0.0,0.0
2024-01-19 00:00:00-05:00,2.2799999713897705,2.3299999237060547,2.2799999713897705,2.319999933242798,19600,0.0,0.0
2024-01-22 00:00:00-05:00,2.2899999618530273,2.315000057220459,2.1500000953674316,2.180000066757202,19800,0.0,0.0
2024-01-23 00:00:00-05:00,2.1805999279022217,2.259999990463257,2.1800999641418457,2.2100000381469727,1700,0.0,0.0
2024-01-24 00:00:00-05:00,2.2291998863220215,2.259999990463257,2.190000057220459,2.1900999546051025,28600,0.0,0.0
2024-01-25 00:00:00-05:00,2.2300000190734863,2.259999990463257,2.190000057220459,2.259999990463257,4900,0.0,0.0
2024-01-26 00:00:00-05:00,2.1600000858306885,2.259700059890747,2.1500000953674316,2.190000057220459,9000,0.0,0.0
2024-01-29 00:00:00-05:00,2.137200117111206,2.2699999809265137,2.137200117111206,2.240000009536743,8900,0.0,0.0
2024-01-30 00:00:00-05:00,2.200000047683716,2.25,2.200000047683716,2.25,7800,0.0,0.0
2024-01-31 00:00:00-05:00,2.1947999000549316,2.25,2.190000057220459,2.190000057220459,3100,0.0,0.0
2024-02-01 00:00:00-05:00,2.1700000762939453,2.2435998916625977,2.1700000762939453,2.2149999141693115,9600,0.0,0.0
2024-02-02 00:00:00-05:00,2.190000057220459,2.2300000190734863,2.1600000858306885,2.2300000190734863,5800,0.0,0.0
2024-02-05 00:00:00-05:00,2.160099983215332,2.2300000190734863,2.160099983215332,2.1700000762939453,19400,0.0,0.0
2024-02-06 00:00:00-05:00,2.170099973678589,2.2200000286102295,2.1700000762939453,2.1700000762939453,9300,0.0,0.0
2024-02-07 00:00:00-05:00,2.1700000762939453,2.2149999141693115,2.1700000762939453,2.2149999141693115,2600,0.0,0.0
2024-02-08 00:00:00-05:00,2.180000066757202,2.2200000286102295,2.1600000858306885,2.1700000762939453,7700,0.0,0.0
2024-02-09 00:00:00-05:00,2.1600000858306885,2.240000009536743,2.1600000858306885,2.240000009536743,7300,0.0,0.0
2024-02-12 00:00:00-05:00,2.240000009536743,2.240000009536743,2.1700000762939453,2.1700000762939453,6900,0.0,0.0
2024-02-13 00:00:00-05:00,2.1700000762939453,2.1700000762939453,2.049999952316284,2.049999952316284,29500,0.0,0.0
2024-02-14 00:00:00-05:00,2.030100107192993,2.109999895095825,2.030100107192993,2.109999895095825,7300,0.0,0.0
2024-02-15 00:00:00-05:00,2.0799999237060547,2.1068999767303467,2.0601000785827637,2.0899999141693115,9500,0.0,0.0
2024-02-16 00:00:00-05:00,2.109999895095825,2.130000114440918,2.069999933242798,2.069999933242798,4700,0.0,0.0
2024-02-20 00:00:00-05:00,2.059999942779541,2.0999999046325684,2.049999952316284,2.059999942779541,11100,0.0,0.0
2024-02-21 00:00:00-05:00,2.0299999713897705,2.115000009536743,2.0299999713897705,2.059999942779541,14500,0.0,0.0
2024-02-22 00:00:00-05:00,2.0999999046325684,2.0999999046325684,2.059999942779541,2.059999942779541,6000,0.0,0.0
2024-02-23 00:00:00-05:00,2.059999942779541,2.0999999046325684,2.059999942779541,2.059999942779541,12000,0.0,0.0
2024-02-26 00:00:00-05:00,2.0999999046325684,2.180000066757202,2.069999933242798,2.0799999237060547,21300,0.0,0.0
2024-02-27 00:00:00-05:00,2.0999999046325684,2.0999999046325684,2.0009000301361084,2.0199999809265137,22000,0.0,0.0
2024-02-28 00:00:00-05:00,2.047600030899048,2.1500000953674316,2.0199999809265137,2.0999999046325684,13700,0.0,0.0
2024-02-29 00:00:00-05:00,2.1005001068115234,2.1500000953674316,2.0999999046325684,2.0999999046325684,22800,0.0,0.0
2024-03-01 00:00:00-05:00,2.0799999237060547,2.125,2.07069993019104,2.0799999237060547,5700,0.0,0.0
2024-03-04 00:00:00-05:00,2.0799999237060547,2.0999999046325684,2.049999952316284,2.049999952316284,19200,0.0,0.0
2024-03-05 00:00:00-05:00,2.025099992752075,2.0899999141693115,2.0201001167297363,2.0299999713897705,7100,0.0,0.0
2024-03-06 00:00:00-05:00,2.009999990463257,2.0769999027252197,2.009999990463257,2.0299999713897705,20400,0.0,0.0
2024-03-07 00:00:00-05:00,2.0199999809265137,2.059999942779541,2.0199999809265137,2.049999952316284,10900,0.0,0.0
2024-03-08 00:00:00-05:00,2.049999952316284,2.0896999835968018,2.049999952316284,2.059999942779541,6900,0.0,0.0
2024-03-11 00:00:00-04:00,2.0309998989105225,2.059999942779541,2.0,2.009999990463257,10900,0.0,0.0
2024-03-12 00:00:00-04:00,1.9800000190734863,2.048799991607666,1.9700000286102295,1.9700000286102295,10900,0.0,0.0
2024-03-13 00:00:00-04:00,1.9700000286102295,2.0199999809265137,1.9443000555038452,1.9800000190734863,14400,0.0,0.0
2024-03-14 00:00:00-04:00,1.9800000190734863,2.0399999618530273,1.9700000286102295,2.0399999618530273,28800,0.0,0.0
2024-03-15 00:00:00-04:00,1.9801000356674194,2.0850000381469727,1.9500000476837158,1.9500000476837158,43600,0.0,0.0
2024-03-18 00:00:00-04:00,1.940000057220459,2.0999999046325684,1.940000057220459,2.009999990463257,30000,0.0,0.0
2024-03-19 00:00:00-04:00,1.9608999490737915,2.200000047683716,1.9608999490737915,2.140000104904175,120800,0.0,0.0
2024-03-20 00:00:00-04:00,2.0799999237060547,2.4000000953674316,2.069999933242798,2.380000114440918,114100,0.0,0.0
2024-03-21 00:00:00-04:00,2.3499999046325684,2.5,2.3399999141693115,2.4100000858306885,53000,0.0,0.0
2024-03-22 00:00:00-04:00,2.450000047683716,2.450000047683716,2.3399999141693115,2.440000057220459,40300,0.0,0.0
2024-03-25 00:00:00-04:00,2.450000047683716,2.538599967956543,2.450000047683716,2.4800000190734863,56000,0.0,0.0
2024-03-26 00:00:00-04:00,2.559999942779541,2.559999942779541,2.3399999141693115,2.440000057220459,345500,0.0,0.0
2024-03-27 00:00:00-04:00,2.340399980545044,2.5799999237060547,2.340399980545044,2.440000057220459,14800,0.0,0.0
2024-03-28 00:00:00-04:00,2.4200000762939453,2.5,2.2899999618530273,2.369999885559082,34500,0.0,0.0
2024-04-01 00:00:00-04:00,2.359999895095825,2.444999933242798,2.359999895095825,2.444999933242798,20000,0.0,0.0
2024-04-02 00:00:00-04:00,2.424999952316284,2.5,2.420599937438965,2.4800000190734863,51100,0.0,0.0
2024-04-03 00:00:00-04:00,2.444999933242798,2.5399999618530273,2.444999933242798,2.509999990463257,29100,0.0,0.0
2024-04-04 00:00:00-04:00,2.549999952316284,2.549999952316284,2.460099935531616,2.5199999809265137,13100,0.0,0.0
2024-04-05 00:00:00-04:00,2.459199905395508,2.5,2.4200000762939453,2.4200000762939453,12100,0.0,0.0
2024-04-08 00:00:00-04:00,2.4000000953674316,2.450000047683716,2.3101000785827637,2.390000104904175,15800,0.0,0.0
2024-04-09 00:00:00-04:00,2.359999895095825,2.378999948501587,2.299999952316284,2.299999952316284,19700,0.0,0.0
2024-04-10 00:00:00-04:00,2.2300000190734863,2.292799949645996,2.2300000190734863,2.259999990463257,8900,0.0,0.0
2024-04-11 00:00:00-04:00,2.2300000190734863,2.4000000953674316,2.2300000190734863,2.299999952316284,33600,0.0,0.0
2024-04-12 00:00:00-04:00,2.2699999809265137,2.4600000381469727,2.2300000190734863,2.2300000190734863,38100,0.0,0.0
2024-04-15 00:00:00-04:00,2.180000066757202,2.390000104904175,2.109999895095825,2.109999895095825,26500,0.0,0.0
2024-04-16 00:00:00-04:00,2.109999895095825,2.1600000858306885,2.069999933242798,2.1500000953674316,12300,0.0,0.0
2024-04-17 00:00:00-04:00,2.119999885559082,2.309999942779541,2.119999885559082,2.119999885559082,8800,0.0,0.0
2024-04-18 00:00:00-04:00,2.069999933242798,2.309999942779541,2.069999933242798,2.200000047683716,5900,0.0,0.0
2024-04-19 00:00:00-04:00,2.119999885559082,2.200000047683716,2.109999895095825,2.119999885559082,10600,0.0,0.0
2024-04-22 00:00:00-04:00,2.1217000484466553,2.2799999713897705,2.1217000484466553,2.2200000286102295,7900,0.0,0.0
2024-04-23 00:00:00-04:00,2.1500000953674316,2.180000066757202,2.130000114440918,2.130000114440918,1600,0.0,0.0
2024-04-24 00:00:00-04:00,2.1500000953674316,2.200000047683716,2.119999885559082,2.200000047683716,12300,0.0,0.0
2024-04-25 00:00:00-04:00,2.140000104904175,2.1500000953674316,2.0773000717163086,2.119999885559082,14500,0.0,0.0
2024-04-26 00:00:00-04:00,2.0799999237060547,2.1198999881744385,2.0799999237060547,2.109999895095825,5600,0.0,0.0
2024-04-29 00:00:00-04:00,2.130000114440918,2.1500000953674316,2.119999885559082,2.119999885559082,7800,0.0,0.0
2024-04-30 00:00:00-04:00,2.200000047683716,2.200000047683716,2.119999885559082,2.119999885559082,3900,0.0,0.0
2024-05-01 00:00:00-04:00,2.119999885559082,2.25,2.119999885559082,2.130000114440918,8000,0.0,0.0
2024-05-02 00:00:00-04:00,2.125,2.200000047683716,2.109999895095825,2.1600000858306885,11100,0.0,0.0
2024-05-03 00:00:00-04:00,2.0999999046325684,2.190000057220459,2.0999999046325684,2.109999895095825,3500,0.0,0.0
2024-05-06 00:00:00-04:00,2.109999895095825,2.200000047683716,2.109999895095825,2.1500000953674316,6000,0.0,0.0
2024-05-07 00:00:00-04:00,2.119999885559082,2.1500000953674316,2.0899999141693115,2.109999895095825,7600,0.0,0.0
2024-05-08 00:00:00-04:00,2.109999895095825,2.200000047683716,2.109999895095825,2.1600000858306885,6200,0.0,0.0
2024-05-09 00:00:00-04:00,2.0899999141693115,2.190000057220459,2.0899999141693115,2.1765999794006348,5100,0.0,0.0
2024-05-10 00:00:00-04:00,2.205699920654297,2.2200000286102295,2.1549999713897705,2.1549999713897705,6800,0.0,0.0
2024-05-13 00:00:00-04:00,2.180000066757202,2.180000066757202,2.0799999237060547,2.0899999141693115,3300,0.0,0.0
2024-05-14 00:00:00-04:00,2.0899999141693115,2.190000057220459,2.0199999809265137,2.1154000759124756,6100,0.0,0.0
2024-05-15 00:00:00-04:00,2.140000104904175,2.140000104904175,2.0899999141693115,2.0899999141693115,10500,0.0,0.0
2024-05-16 00:00:00-04:00,2.0999999046325684,2.1500000953674316,2.0299999713897705,2.0899999141693115,7500,0.0,0.0
2024-05-17 00:00:00-04:00,2.059999942779541,2.1607000827789307,2.059999942779541,2.0999999046325684,3200,0.0,0.0
2024-05-20 00:00:00-04:00,2.069999933242798,2.1410000324249268,2.069999933242798,2.140000104904175,3900,0.0,0.0
2024-05-21 00:00:00-04:00,2.069999933242798,2.232599973678589,2.069999933242798,2.0899999141693115,13400,0.0,0.0
2024-05-22 00:00:00-04:00,2.1549999713897705,2.1600000858306885,2.0899999141693115,2.130000114440918,5000,0.0,0.0
2024-05-23 00:00:00-04:00,2.123800039291382,2.199899911880493,2.0799999237060547,2.140000104904175,6700,0.0,0.0
2024-05-24 00:00:00-04:00,2.0899999141693115,2.190000057220459,2.0701000690460205,2.140000104904175,8400,0.0,0.0
2024-05-28 00:00:00-04:00,2.0999999046325684,2.0999999046325684,2.009999990463257,2.0299999713897705,5700,0.0,0.0
2024-05-29 00:00:00-04:00,1.9900000095367432,2.069999933242798,1.7599999904632568,1.9800000190734863,43900,0.0,0.0
2024-05-30 00:00:00-04:00,1.9900000095367432,2.059999942779541,1.8899999856948853,2.0199999809265137,14100,0.0,0.0
2024-05-31 00:00:00-04:00,2.009999990463257,2.0399999618530273,1.9600000381469727,1.9600000381469727,9500,0.0,0.0
2024-06-03 00:00:00-04:00,1.9800000190734863,2.0,1.9199999570846558,1.9800000190734863,15300,0.0,0.0
2024-06-04 00:00:00-04:00,1.9800000190734863,2.068000078201294,1.9108999967575073,2.005000114440918,14500,0.0,0.0
2024-06-05 00:00:00-04:00,1.9600000381469727,2.049999952316284,1.9103000164031982,1.9872000217437744,47300,0.0,0.0
2024-06-06 00:00:00-04:00,1.9700000286102295,2.0899999141693115,1.8799999952316284,2.0199999809265137,33900,0.0,0.0
2024-06-07 00:00:00-04:00,1.9600000381469727,2.200000047683716,1.909999966621399,2.1700000762939453,46300,0.0,0.0
2024-06-10 00:00:00-04:00,2.190000057220459,2.2799999713897705,2.1500000953674316,2.240000009536743,56300,0.0,0.0
2024-06-11 00:00:00-04:00,2.2699999809265137,2.4000000953674316,2.1600000858306885,2.2850000858306885,60100,0.0,0.0
2024-06-12 00:00:00-04:00,2.299999952316284,2.4100000858306885,2.0450000762939453,2.2300000190734863,327000,0.0,0.0
2024-06-13 00:00:00-04:00,2.25,2.3499999046325684,2.2200000286102295,2.2200000286102295,15100,0.0,0.0
2024-06-14 00:00:00-04:00,2.180000066757202,2.299999952316284,2.1700000762939453,2.1700000762939453,8200,0.0,0.0
2024-06-17 00:00:00-04:00,2.2200000286102295,2.2200000286102295,2.1600000858306885,2.2100000381469727,4700,0.0,0.0
2024-06-18 00:00:00-04:00,2.1898999214172363,2.1898999214172363,2.0799999237060547,2.0899999141693115,7400,0.0,0.0
2024-06-20 00:00:00-04:00,2.0999999046325684,2.180000066757202,2.0899999141693115,2.0899999141693115,8200,0.0,0.0
2024-06-21 00:00:00-04:00,2.089900016784668,2.089900016784668,1.9500000476837158,1.9500000476837158,61000,0.0,0.0
2024-06-24 00:00:00-04:00,1.9500000476837158,2.0799999237060547,1.9500000476837158,2.0799999237060547,5400,0.0,0.0
2024-06-25 00:00:00-04:00,2.059999942779541,2.130000114440918,2.0299999713897705,2.0299999713897705,3800,0.0,0.0
2024-06-26 00:00:00-04:00,1.9900000095367432,2.180000066757202,1.9900000095367432,2.009999990463257,5200,0.0,0.0
2024-06-27 00:00:00-04:00,1.9900000095367432,2.0999999046325684,1.9900000095367432,2.0799999237060547,5400,0.0,0.0
2024-06-28 00:00:00-04:00,2.049999952316284,2.1700000762939453,1.9600000381469727,1.9600000381469727,18900,0.0,0.0
2024-07-01 00:00:00-04:00,2.0,2.068000078201294,1.9601000547409058,1.9601000547409058,15400,0.0,0.0
2024-07-02 00:00:00-04:00,2.077199935913086,2.1898999214172363,2.059999942779541,2.059999942779541,9900,0.0,0.0
2024-07-03 00:00:00-04:00,2.115000009536743,2.115000009536743,2.009999990463257,2.009999990463257,1600,0.0,0.0
2024-07-05 00:00:00-04:00,2.0850000381469727,2.0899999141693115,2.0,2.0899999141693115,3200,0.0,0.0
2024-07-08 00:00:00-04:00,2.190000057220459,2.190000057220459,2.0199999809265137,2.180000066757202,1800,0.0,0.0
2024-07-09 00:00:00-04:00,2.2200000286102295,2.2200000286102295,2.0299999713897705,2.0299999713897705,9200,0.0,0.0
2024-07-10 00:00:00-04:00,2.069999933242798,2.2190001010894775,2.030100107192993,2.059999942779541,13100,0.0,0.0
2024-07-11 00:00:00-04:00,2.0,2.1600000858306885,1.9859999418258667,2.059999942779541,10500,0.0,0.0
2024-07-12 00:00:00-04:00,2.0999999046325684,2.140500068664551,2.0399999618530273,2.0799999237060547,7800,0.0,0.0
2024-07-15 00:00:00-04:00,2.049999952316284,2.0999999046325684,1.9801000356674194,2.059999942779541,17200,0.0,0.0
2024-07-16 00:00:00-04:00,2.0399999618530273,2.049999952316284,2.0399999618530273,2.049999952316284,1400,0.0,0.0
2024-07-17 00:00:00-04:00,2.0199999809265137,2.059999942779541,2.0199999809265137,2.059999942779541,2300,0.0,0.0
2024-07-18 00:00:00-04:00,2.059999942779541,2.059999942779541,1.9700000286102295,1.9700000286102295,10000,0.0,0.0
2024-07-19 00:00:00-04:00,2.0,2.0185000896453857,1.9600000381469727,1.9600000381469727,4000,0.0,0.0
2024-07-22 00:00:00-04:00,1.9800000190734863,2.0199999809265137,1.9600000381469727,2.009999990463257,6500,0.0,0.0
2024-07-23 00:00:00-04:00,1.9950000047683716,2.0,1.9600000381469727,1.9900000095367432,6200,0.0,0.0
2024-07-24 00:00:00-04:00,1.9700000286102295,1.9850000143051147,1.9700000286102295,1.9800000190734863,2900,0.0,0.0
2024-07-25 00:00:00-04:00,1.999899983406067,2.059999942779541,1.9500000476837158,2.0199999809265137,25600,0.0,0.0
2024-07-26 00:00:00-04:00,1.9900000095367432,1.9900000095367432,1.9800000190734863,1.9810999631881714,1700,0.0,0.0
2024-07-29 00:00:00-04:00,1.9700000286102295,2.0,1.9700000286102295,2.0,8700,0.0,0.0
2024-07-30 00:00:00-04:00,1.9500000476837158,2.006700038909912,1.9500000476837158,2.0,8100,0.0,0.0
2024-07-31 00:00:00-04:00,2.0299999713897705,2.0299999713897705,1.9500000476837158,1.9600000381469727,20000,0.0,0.0
2024-08-01 00:00:00-04:00,1.9600000381469727,1.9900000095367432,1.9600000381469727,1.9900000095367432,4500,0.0,0.0
2024-08-02 00:00:00-04:00,2.0,2.0,1.8700000047683716,1.8700000047683716,21500,0.0,0.0
2024-08-05 00:00:00-04:00,1.840000033378601,1.9450000524520874,1.7999999523162842,1.9199999570846558,16700,0.0,0.0
2024-08-06 00:00:00-04:00,1.8799999952316284,1.9500000476837158,1.8799999952316284,1.9500000476837158,10000,0.0,0.0
2024-08-07 00:00:00-04:00,1.899999976158142,1.9500000476837158,1.8799999952316284,1.9062000513076782,7100,0.0,0.0
2024-08-08 00:00:00-04:00,1.909999966621399,1.9279999732971191,1.850000023841858,1.909999966621399,11900,0.0,0.0
2024-08-09 00:00:00-04:00,1.8799999952316284,1.9299999475479126,1.840000033378601,1.8849999904632568,5600,0.0,0.0
2024-08-12 00:00:00-04:00,1.8899999856948853,1.8899999856948853,1.8350000381469727,1.850000023841858,18800,0.0,0.0
2024-08-13 00:00:00-04:00,1.850000023841858,1.8700000047683716,1.850000023841858,1.850000023841858,2000,0.0,0.0
2024-08-14 00:00:00-04:00,1.8300000429153442,1.899999976158142,1.8207000494003296,1.8899999856948853,5300,0.0,0.0
2024-08-15 00:00:00-04:00,1.9199999570846558,1.940000057220459,1.850100040435791,1.8799999952316284,14000,0.0,0.0
2024-08-16 00:00:00-04:00,1.871000051498413,1.8799999952316284,1.8650000095367432,1.8799999952316284,5900,0.0,0.0
2024-08-19 00:00:00-04:00,1.8300000429153442,1.899999976158142,1.8300000429153442,1.850000023841858,44700,0.0,0.0
2024-08-20 00:00:00-04:00,1.8200000524520874,1.8595000505447388,1.7999999523162842,1.809999942779541,14800,0.0,0.0
2024-08-21 00:00:00-04:00,1.809999942779541,1.8300000429153442,1.7999999523162842,1.8300000429153442,3000,0.0,0.0
2024-08-22 00:00:00-04:00,1.809999942779541,1.8600000143051147,1.7999999523162842,1.8600000143051147,2700,0.0,0.0
2024-08-23 00:00:00-04:00,1.8200000524520874,1.8200000524520874,1.6399999856948853,1.659999966621399,47600,0.0,0.0
2024-08-26 00:00:00-04:00,1.6200000047683716,1.7861000299453735,1.559999942779541,1.559999942779541,26700,0.0,0.0
2024-08-27 00:00:00-04:00,1.5199999809265137,1.659999966621399,1.3899999856948853,1.4800000190734863,26700,0.0,0.0
2024-08-28 00:00:00-04:00,1.4900000095367432,1.5499999523162842,1.3909000158309937,1.5299999713897705,15600,0.0,0.0
2024-08-29 00:00:00-04:00,1.6098999977111816,1.6098999977111816,1.5199999809265137,1.5700000524520874,4700,0.0,0.0
2024-08-30 00:00:00-04:00,1.5099999904632568,1.552899956703186,1.5099999904632568,1.5299999713897705,5900,0.0,0.0
2024-09-03 00:00:00-04:00,1.5499999523162842,1.5499999523162842,1.4700000286102295,1.4700000286102295,10200,0.0,0.0
2024-09-04 00:00:00-04:00,1.5199999809265137,1.5499999523162842,1.5099999904632568,1.5099999904632568,5800,0.0,0.0
2024-09-05 00:00:00-04:00,1.5199999809265137,1.6480000019073486,1.50600004196167,1.6480000019073486,33200,0.0,0.0
2024-09-06 00:00:00-04:00,1.5299999713897705,1.690000057220459,1.5,1.590000033378601,15800,0.0,0.0
2024-09-09 00:00:00-04:00,1.5499999523162842,1.7691999673843384,1.4500000476837158,1.5399999618530273,24300,0.0,0.0
2024-09-10 00:00:00-04:00,1.5199999809265137,1.7305999994277954,1.5199999809265137,1.6799999475479126,14500,0.0,0.0
2024-09-11 00:00:00-04:00,1.649999976158142,1.8200000524520874,1.6200000047683716,1.8200000524520874,9200,0.0,0.0
2024-09-12 00:00:00-04:00,1.8200000524520874,1.8200000524520874,1.7894999980926514,1.809999942779541,1500,0.0,0.0
2024-09-13 00:00:00-04:00,1.8300000429153442,2.0,1.7000000476837158,1.899999976158142,58100,0.0,0.0
2024-09-16 00:00:00-04:00,1.8700000047683716,1.9900000095367432,1.7699999809265137,1.909999966621399,38400,0.0,0.0
2024-09-17 00:00:00-04:00,1.7899999618530273,2.190000057220459,1.7899999618530273,1.8799999952316284,32300,0.0,0.0
2024-09-18 00:00:00-04:00,1.7799999713897705,2.109999895095825,1.7799999713897705,1.9299999475479126,19000,0.0,0.0
2024-09-19 00:00:00-04:00,1.9199999570846558,2.155100107192993,1.9179999828338623,2.049999952316284,25600,0.0,0.0
2024-09-20 00:00:00-04:00,2.0,2.0,1.5099999904632568,1.6200000047683716,37400,0.0,0.0
2024-09-23 00:00:00-04:00,1.7300000190734863,2.109999895095825,1.7000000476837158,1.7799999713897705,140800,0.0,0.0
2024-09-24 00:00:00-04:00,1.7300000190734863,1.9500000476837158,1.7000000476837158,1.7899999618530273,90600,0.0,0.0
2024-09-25 00:00:00-04:00,1.850000023841858,2.0,1.6399999856948853,1.6799999475479126,57600,0.0,0.0
2024-09-26 00:00:00-04:00,1.7000000476837158,1.940000057220459,1.7000000476837158,1.7999999523162842,20100,0.0,0.0
2024-09-27 00:00:00-04:00,1.7799999713897705,1.9500000476837158,1.7799999713897705,1.840000033378601,18300,0.0,0.0
2024-09-30 00:00:00-04:00,1.8799999952316284,2.059999942779541,1.7999999523162842,1.909999966621399,43700,0.0,0.0
2024-10-01 00:00:00-04:00,1.8650000095367432,2.049999952316284,1.7999999523162842,1.9900000095367432,63900,0.0,0.0
2024-10-02 00:00:00-04:00,1.9800000190734863,2.049999952316284,1.75,1.7799999713897705,31100,0.0,0.0
2024-10-03 00:00:00-04:00,1.7699999809265137,1.8200000524520874,1.7200000286102295,1.7300000190734863,6200,0.0,0.0
2024-10-04 00:00:00-04:00,1.7599999904632568,1.9500000476837158,1.7599999904632568,1.7699999809265137,18400,0.0,0.0
2024-10-07 00:00:00-04:00,1.7699999809265137,1.875,1.7599999904632568,1.7599999904632568,18500,0.0,0.0
2024-10-08 00:00:00-04:00,1.8200000524520874,1.8700000047683716,1.7599999904632568,1.7599999904632568,8100,0.0,0.0
2024-10-09 00:00:00-04:00,1.7999999523162842,1.940000057220459,1.7300000190734863,1.75,19500,0.0,0.0
2024-10-10 00:00:00-04:00,1.7300000190734863,1.7999999523162842,1.7300000190734863,1.7300000190734863,13500,0.0,0.0
2024-10-11 00:00:00-04:00,1.7647000551223755,1.7647000551223755,1.7300000190734863,1.7300000190734863,10200,0.0,0.0
2024-10-14 00:00:00-04:00,1.8200000524520874,1.8200000524520874,1.7300000190734863,1.7300000190734863,12100,0.0,0.0
2024-10-15 00:00:00-04:00,1.7300000190734863,1.7699999809265137,1.7200000286102295,1.7200000286102295,4900,0.0,0.0
2024-10-16 00:00:00-04:00,1.690000057220459,1.8300000429153442,1.6799999475479126,1.7100000381469727,8900,0.0,0.0
2024-10-17 00:00:00-04:00,1.75,1.75,1.690000057220459,1.7000000476837158,5100,0.0,0.0
2024-10-18 00:00:00-04:00,1.649999976158142,1.7589000463485718,1.649999976158142,1.7100000381469727,9700,0.0,0.0
2024-10-21 00:00:00-04:00,1.75,1.9199999570846558,1.7200000286102295,1.7999999523162842,35500,0.0,0.0
2024-10-22 00:00:00-04:00,1.9678000211715698,1.9678000211715698,1.8049999475479126,1.8300000429153442,26200,0.0,0.0
2024-10-23 00:00:00-04:00,1.7999999523162842,1.9641000032424927,1.6811000108718872,1.7999999523162842,21300,0.0,0.0
2024-10-24 00:00:00-04:00,1.7999999523162842,1.7999999523162842,1.7599999904632568,1.7899999618530273,15000,0.0,0.0
2024-10-25 00:00:00-04:00,1.8350000381469727,2.0,1.7698999643325806,1.7999999523162842,69300,0.0,0.0
2024-10-28 00:00:00-04:00,1.7599999904632568,2.009999990463257,1.7599999904632568,1.7899999618530273,15200,0.0,0.0
2024-10-29 00:00:00-04:00,1.899999976158142,2.0,1.7999999523162842,1.9199999570846558,67400,0.0,0.0
2024-10-30 00:00:00-04:00,1.9600000381469727,2.4228999614715576,1.8200000524520874,1.8700000047683716,725000,0.0,0.0
2024-10-31 00:00:00-04:00,1.899999976158142,2.029900074005127,1.809999942779541,1.809999942779541,19600,0.0,0.0
2024-11-01 00:00:00-04:00,1.843999981880188,1.843999981880188,1.809999942779541,1.8300000429153442,7900,0.0,0.0
2024-11-04 00:00:00-05:00,1.7699999809265137,1.8899999856948853,1.7100000381469727,1.7400000095367432,12100,0.0,0.0
2024-11-05 00:00:00-05:00,1.7000999450683594,1.7899999618530273,1.7000999450683594,1.7400000095367432,9200,0.0,0.0
2024-11-06 00:00:00-05:00,1.8200000524520874,1.8798999786376953,1.7799999713897705,1.8600000143051147,11400,0.0,0.0
2024-11-07 00:00:00-05:00,1.809999942779541,1.840000033378601,1.809999942779541,1.809999942779541,5400,0.0,0.0
2024-11-08 00:00:00-05:00,1.7799999713897705,1.839900016784668,1.7400000095367432,1.8008999824523926,24900,0.0,0.0
2024-11-11 00:00:00-05:00,1.7699999809265137,1.850000023841858,1.7243000268936157,1.7599999904632568,22300,0.0,0.0
2024-11-12 00:00:00-05:00,1.8200000524520874,1.899999976158142,1.7300000190734863,1.8600000143051147,22200,0.0,0.0
2024-11-13 00:00:00-05:00,1.8700000047683716,1.940000057220459,1.7899999618530273,1.7899999618530273,15500,0.0,0.0
2024-11-14 00:00:00-05:00,1.7599999904632568,1.8799999952316284,1.7181999683380127,1.7181999683380127,7900,0.0,0.0
2024-11-15 00:00:00-05:00,1.7000000476837158,1.7898999452590942,1.559999942779541,1.6399999856948853,14500,0.0,0.0
2024-11-18 00:00:00-05:00,1.6399999856948853,1.850000023841858,1.590000033378601,1.600000023841858,13300,0.0,0.0
2024-11-19 00:00:00-05:00,1.600000023841858,1.9249000549316406,1.5700000524520874,1.850000023841858,43400,0.0,0.0
2024-11-20 00:00:00-05:00,1.809999942779541,1.8652000427246094,1.7000000476837158,1.7200000286102295,6700,0.0,0.0
2024-11-21 00:00:00-05:00,1.7247999906539917,1.809999942779541,1.6699999570846558,1.75,7600,0.0,0.0
2024-11-22 00:00:00-05:00,1.809999942779541,1.809999942779541,1.649999976158142,1.7000000476837158,36100,0.0,0.0
2024-11-25 00:00:00-05:00,1.6799999475479126,1.809999942779541,1.6799999475479126,1.7200000286102295,6900,0.0,0.0
2024-11-26 00:00:00-05:00,1.690000057220459,1.8046000003814697,1.659999966621399,1.7300000190734863,12900,0.0,0.0
2024-11-27 00:00:00-05:00,1.6799999475479126,1.725000023841858,1.6200000047683716,1.7100000381469727,11700,0.0,0.0
2024-11-29 00:00:00-05:00,1.7100000381469727,1.7999999523162842,1.7100000381469727,1.7101000547409058,4000,0.0,0.0
2024-12-02 00:00:00-05:00,1.7100000381469727,1.7899999618530273,1.690000057220459,1.75,10500,0.0,0.0
2024-12-03 00:00:00-05:00,1.659999966621399,1.7371000051498413,1.590000033378601,1.6699999570846558,21100,0.0,0.0
2024-12-04 00:00:00-05:00,1.600000023841858,1.75,1.600000023841858,1.690000057220459,23900,0.0,0.0
2024-12-05 00:00:00-05:00,1.6399999856948853,1.6919000148773193,1.6346999406814575,1.6399999856948853,10300,0.0,0.0
2024-12-06 00:00:00-05:00,1.649999976158142,1.649999976158142,1.5299999713897705,1.6399999856948853,4300,0.0,0.0
2024-12-09 00:00:00-05:00,1.600000023841858,1.6900999546051025,1.5801000595092773,1.6699999570846558,18300,0.0,0.0
2024-12-10 00:00:00-05:00,1.6299999952316284,1.7000000476837158,1.600000023841858,1.6200000047683716,15000,0.0,0.0
2024-12-11 00:00:00-05:00,1.6527999639511108,1.7999999523162842,1.6299999952316284,1.659999966621399,21400,0.0,0.0
2024-12-12 00:00:00-05:00,1.7411999702453613,1.8049999475479126,1.6200000047683716,1.6699999570846558,35900,0.0,0.0
2024-12-13 00:00:00-05:00,1.6299999952316284,1.7599999904632568,1.6299999952316284,1.7200000286102295,10500,0.0,0.0
2024-12-16 00:00:00-05:00,1.7200000286102295,1.7200000286102295,1.659999966621399,1.690000057220459,8000,0.0,0.0
2024-12-17 00:00:00-05:00,1.6100000143051147,1.6699999570846558,1.6100000143051147,1.6699999570846558,4200,0.0,0.0
2024-12-18 00:00:00-05:00,1.649999976158142,1.690000057220459,1.600000023841858,1.600000023841858,9900,0.0,0.0
2024-12-19 00:00:00-05:00,1.600100040435791,1.6699999570846558,1.600100040435791,1.6399999856948853,4000,0.0,0.0
2024-12-20 00:00:00-05:00,1.6399999856948853,1.6490000486373901,1.600000023841858,1.6399999856948853,13800,0.0,0.0
2024-12-23 00:00:00-05:00,1.649999976158142,1.6500999927520752,1.600000023841858,1.600000023841858,11700,0.0,0.0
2024-12-24 00:00:00-05:00,1.5800000429153442,1.6461000442504883,1.5800000429153442,1.600000023841858,2700,0.0,0.0
2024-12-26 00:00:00-05:00,1.5800000429153442,1.6104999780654907,1.559999942779541,1.559999942779541,20000,0.0,0.0
2024-12-27 00:00:00-05:00,1.559999942779541,1.6200000047683716,1.5499999523162842,1.5700000524520874,12800,0.0,0.0
2024-12-30 00:00:00-05:00,1.5499999523162842,1.600000023841858,1.5499999523162842,1.5499999523162842,20200,0.0,0.0
2024-12-31 00:00:00-05:00,1.5499999523162842,1.6490999460220337,1.5449999570846558,1.5700000524520874,16700,0.0,0.0
2025-01-02 00:00:00-05:00,1.5700000524520874,1.75,1.5,1.6401000022888184,44500,0.0,0.0
2025-01-03 00:00:00-05:00,1.600000023841858,1.6950000524520874,1.600000023841858,1.6399999856948853,8600,0.0,0.0
2025-01-06 00:00:00-05:00,1.5800000429153442,1.7300000190734863,1.5800000429153442,1.6348999738693237,23200,0.0,0.0
2025-01-07 00:00:00-05:00,1.600000023841858,1.7999000549316406,1.600000023841858,1.659999966621399,11600,0.0,0.0
2025-01-08 00:00:00-05:00,1.659999966621399,1.6649999618530273,1.6100000143051147,1.659999966621399,5400,0.0,0.0
2025-01-10 00:00:00-05:00,1.5800000429153442,1.649899959564209,1.5199999809265137,1.5199999809265137,17800,0.0,0.0
2025-01-13 00:00:00-05:00,1.562000036239624,1.5925999879837036,1.5,1.5200999975204468,20500,0.0,0.0
2025-01-14 00:00:00-05:00,1.5299999713897705,1.558500051498413,1.5299999713897705,1.5299999713897705,7100,0.0,0.0
2025-01-15 00:00:00-05:00,1.5099999904632568,1.5547000169754028,1.5,1.5,8500,0.0,0.0
2025-01-16 00:00:00-05:00,1.5700000524520874,1.7100000381469727,1.5700000524520874,1.6150000095367432,39500,0.0,0.0
2025-01-17 00:00:00-05:00,1.6299999952316284,1.7453999519348145,1.6299999952316284,1.684999942779541,16300,0.0,0.0
2025-01-21 00:00:00-05:00,1.7000000476837158,1.7400000095367432,1.649999976158142,1.6699999570846558,9800,0.0,0.0
2025-01-22 00:00:00-05:00,1.6649999618530273,1.690000057220459,1.6447999477386475,1.659999966621399,12900,0.0,0.0
2025-01-23 00:00:00-05:00,1.6399999856948853,1.7100000381469727,1.6299999952316284,1.6993000507354736,6400,0.0,0.0
2025-01-24 00:00:00-05:00,1.6740000247955322,1.7014000415802002,1.6299999952316284,1.6299999952316284,6200,0.0,0.0
2025-01-27 00:00:00-05:00,1.6504000425338745,1.6504000425338745,1.6100000143051147,1.610200047492981,6800,0.0,0.0
2025-01-28 00:00:00-05:00,1.6200000047683716,1.6200000047683716,1.6104999780654907,1.6104999780654907,2200,0.0,0.0
2025-01-29 00:00:00-05:00,1.6130000352859497,1.6299999952316284,1.6124999523162842,1.6124999523162842,2000,0.0,0.0
2025-01-30 00:00:00-05:00,1.600000023841858,1.6200000047683716,1.600000023841858,1.6200000047683716,6500,0.0,0.0
2025-01-31 00:00:00-05:00,1.6100000143051147,1.6439000368118286,1.5199999809265137,1.6049000024795532,11300,0.0,0.0
2025-02-03 00:00:00-05:00,1.6100000143051147,1.625,1.5449999570846558,1.5800000429153442,13200,0.0,0.0
2025-02-04 00:00:00-05:00,1.5499999523162842,1.649999976158142,1.521299958229065,1.5399999618530273,10100,0.0,0.0
2025-02-05 00:00:00-05:00,1.5199999809265137,1.5757999420166016,1.4601000547409058,1.5499999523162842,34200,0.0,0.0
2025-02-06 00:00:00-05:00,1.590000033378601,1.600000023841858,1.590000033378601,1.590000033378601,900,0.0,0.0
2025-02-07 00:00:00-05:00,1.559999942779541,1.565000057220459,1.4800000190734863,1.4900000095367432,9000,0.0,0.0
2025-02-10 00:00:00-05:00,1.4600000381469727,1.622499942779541,1.4500000476837158,1.5499999523162842,13700,0.0,0.0
2025-02-11 00:00:00-05:00,1.5099999904632568,1.7899999618530273,1.4635000228881836,1.649999976158142,147600,0.0,0.0
2025-02-12 00:00:00-05:00,1.600000023841858,1.6399999856948853,1.5611000061035156,1.6100000143051147,6000,0.0,0.0
2025-02-13 00:00:00-05:00,1.5800000429153442,1.649899959564209,1.5800000429153442,1.6399999856948853,6600,0.0,0.0
2025-02-14 00:00:00-05:00,1.6200000047683716,1.6299999952316284,1.570099949836731,1.6299999952316284,35600,0.0,0.0
2025-02-18 00:00:00-05:00,1.590000033378601,1.6615999937057495,1.5800000429153442,1.5800000429153442,34100,0.0,0.0
2025-02-19 00:00:00-05:00,1.5657000541687012,1.6100000143051147,1.5657000541687012,1.6100000143051147,6600,0.0,0.0
2025-02-20 00:00:00-05:00,1.5830999612808228,1.8250000476837158,1.5830999612808228,1.809999942779541,129900,0.0,0.0
2025-02-21 00:00:00-05:00,1.7999999523162842,1.899999976158142,1.7599999904632568,1.7599999904632568,60500,0.0,0.0
2025-02-24 00:00:00-05:00,1.7400000095367432,1.8600000143051147,1.659999966621399,1.659999966621399,10700,0.0,0.0
2025-02-25 00:00:00-05:00,1.7000000476837158,1.7999000549316406,1.5700000524520874,1.7999000549316406,12500,0.0,0.0
2025-02-26 00:00:00-05:00,1.7400000095367432,1.7889000177383423,1.6800999641418457,1.7200000286102295,9200,0.0,0.0
2025-02-27 00:00:00-05:00,1.7400000095367432,1.75,1.649999976158142,1.75,9700,0.0,0.0
2025-02-28 00:00:00-05:00,1.7999999523162842,1.840000033378601,1.6967999935150146,1.7640000581741333,26700,0.0,0.0
2025-03-03 00:00:00-05:00,1.7799999713897705,1.7799999713897705,1.649999976158142,1.7100000381469727,3800,0.0,0.0
2025-03-04 00:00:00-05:00,1.5700000524520874,1.75,1.5700000524520874,1.7000000476837158,8500,0.0,0.0
2025-03-05 00:00:00-05:00,1.7799999713897705,1.8000999689102173,1.7366000413894653,1.7899999618530273,16300,0.0,0.0
2025-03-06 00:00:00-05:00,1.7400000095367432,1.7599999904632568,1.7400000095367432,1.7599999904632568,1500,0.0,0.0
2025-03-07 00:00:00-05:00,1.6727999448776245,1.7985999584197998,1.6727999448776245,1.7799999713897705,6900,0.0,0.0
2025-03-10 00:00:00-04:00,1.7999999523162842,1.8199000358581543,1.7599999904632568,1.7799999713897705,13100,0.0,0.0
2025-03-11 00:00:00-04:00,1.7108999490737915,1.7599999904632568,1.6699999570846558,1.7599999904632568,3900,0.0,0.0
2025-03-12 00:00:00-04:00,1.7599999904632568,1.7599999904632568,1.4700000286102295,1.6399999856948853,33000,0.0,0.0
2025-03-13 00:00:00-04:00,1.6699999570846558,1.690000057220459,1.5,1.6699999570846558,8700,0.0,0.0
2025-03-14 00:00:00-04:00,1.649999976158142,1.6806000471115112,1.5199999809265137,1.5800000429153442,25300,0.0,0.0
2025-03-17 00:00:00-04:00,1.6100000143051147,1.6100000143051147,1.5800000429153442,1.5800000429153442,1500,0.0,0.0
2025-03-18 00:00:00-04:00,1.5700000524520874,1.733199954032898,1.5,1.5,15000,0.0,0.0
2025-03-19 00:00:00-04:00,1.5499999523162842,1.7201999425888062,1.5499999523162842,1.6799999475479126,8900,0.0,0.0
2025-03-20 00:00:00-04:00,1.6699999570846558,1.6699999570846558,1.6299999952316284,1.6699999570846558,4500,0.0,0.0
2025-03-21 00:00:00-04:00,1.5678000450134277,1.7100000381469727,1.559999942779541,1.5800000429153442,18900,0.0,0.0
2025-03-24 00:00:00-04:00,1.5800000429153442,1.639799952507019,1.4600000381469727,1.5700000524520874,16800,0.0,0.0
2025-03-25 00:00:00-04:00,1.5499999523162842,1.559999942779541,1.5,1.559999942779541,7100,0.0,0.0
2025-03-26 00:00:00-04:00,1.5185999870300293,1.5185999870300293,1.4800000190734863,1.4900000095367432,7300,0.0,0.0
2025-03-27 00:00:00-04:00,1.4631999731063843,1.5800000429153442,1.3799999952316284,1.3799999952316284,73900,0.0,0.0
2025-03-28 00:00:00-04:00,1.399999976158142,1.4600000381469727,1.2899999618530273,1.3200000524520874,11400,0.0,0.0
2025-03-31 00:00:00-04:00,1.340000033378601,1.4600000381469727,1.232699990272522,1.25,18500,0.0,0.0
2025-04-01 00:00:00-04:00,1.2200000286102295,1.3200000524520874,1.2200000286102295,1.2899999618530273,9800,0.0,0.0
2025-04-02 00:00:00-04:00,1.2999999523162842,1.399999976158142,1.25,1.2999999523162842,13300,0.0,0.0
2025-04-03 00:00:00-04:00,1.2999999523162842,1.3794000148773193,1.2400000095367432,1.2400000095367432,15300,0.0,0.0
2025-04-04 00:00:00-04:00,1.2400000095367432,1.3250000476837158,1.2400000095367432,1.2400000095367432,11500,0.0,0.0
2025-04-07 00:00:00-04:00,1.1799999475479126,1.2400000095367432,1.1237000226974487,1.1399999856948853,20100,0.0,0.0
2025-04-08 00:00:00-04:00,1.2000999450683594,1.2315000295639038,1.1399999856948853,1.2000000476837158,9600,0.0,0.0
2025-04-09 00:00:00-04:00,1.1449999809265137,1.2050000429153442,1.0499999523162842,1.2050000429153442,38200,0.0,0.0
2025-04-10 00:00:00-04:00,1.1200000047683716,1.2799999713897705,1.100000023841858,1.1399999856948853,25900,0.0,0.0
2025-04-11 00:00:00-04:00,1.1799999475479126,1.2346999645233154,1.159999966621399,1.2300000190734863,14600,0.0,0.0
2025-04-14 00:00:00-04:00,1.1815999746322632,1.204300045967102,1.1815999746322632,1.2000000476837158,3500,0.0,0.0
2025-04-15 00:00:00-04:00,1.149999976158142,1.2699999809265137,1.149999976158142,1.2699999809265137,6200,0.0,0.0
2025-04-16 00:00:00-04:00,1.2200000286102295,1.238700032234192,1.1299999952316284,1.149999976158142,23000,0.0,0.0
2025-04-17 00:00:00-04:00,1.100000023841858,1.2000000476837158,1.0299999713897705,1.190000057220459,13400,0.0,0.0
2025-04-21 00:00:00-04:00,1.1200000047683716,1.1868000030517578,1.1200000047683716,1.1299999952316284,3200,0.0,0.0
2025-04-22 00:00:00-04:00,1.1799999475479126,1.1799999475479126,1.1100000143051147,1.1449999809265137,17700,0.0,0.0
2025-04-23 00:00:00-04:00,1.149999976158142,1.2728999853134155,1.149999976158142,1.190000057220459,5400,0.0,0.0
2025-04-24 00:00:00-04:00,1.190000057220459,1.3200000524520874,1.1496000289916992,1.2100000381469727,25500,0.0,0.0
2025-04-25 00:00:00-04:00,1.1699999570846558,1.2400000095367432,1.1699999570846558,1.2200000286102295,5000,0.0,0.0
2025-04-28 00:00:00-04:00,1.2000000476837158,1.2699999809265137,1.2000000476837158,1.2100000381469727,11300,0.0,0.0
2025-04-29 00:00:00-04:00,1.2100000381469727,1.2999999523162842,1.2100000381469727,1.2400000095367432,11700,0.0,0.0
2025-04-30 00:00:00-04:00,1.2400000095367432,1.2800999879837036,1.2400000095367432,1.2400000095367432,2800,0.0,0.0
2025-05-01 00:00:00-04:00,1.2999999523162842,1.2999999523162842,1.149999976158142,1.1699999570846558,6400,0.0,0.0
2025-05-02 00:00:00-04:00,1.225000023841858,1.2999000549316406,1.1933000087738037,1.2100000381469727,10400,0.0,0.0
2025-05-05 00:00:00-04:00,1.2100000381469727,1.340000033378601,1.2000000476837158,1.2000000476837158,3500,0.0,0.0
2025-05-06 00:00:00-04:00,1.2000000476837158,1.392199993133545,1.1200000047683716,1.1200000047683716,14200,0.0,0.0
2025-05-07 00:00:00-04:00,1.159999966621399,1.159999966621399,1.0800000429153442,1.0950000286102295,16800,0.0,0.0
2025-05-08 00:00:00-04:00,1.1253000497817993,1.149999976158142,1.100000023841858,1.1399999856948853,4400,0.0,0.0
2025-05-09 00:00:00-04:00,1.100000023841858,1.1367000341415405,1.059999942779541,1.1100000143051147,6700,0.0,0.0
2025-05-12 00:00:00-04:00,1.059999942779541,1.1699999570846558,1.0500999689102173,1.0571000576019287,10200,0.0,0.0
2025-05-13 00:00:00-04:00,1.076200008392334,1.0800000429153442,1.0499999523162842,1.0499999523162842,4500,0.0,0.0
2025-05-14 00:00:00-04:00,1.059999942779541,1.0600999593734741,1.000100016593933,1.0449999570846558,17700,0.0,0.0
2025-05-15 00:00:00-04:00,1.0800000429153442,1.0800000429153442,1.0099999904632568,1.0399999618530273,4600,0.0,0.0
2025-05-16 00:00:00-04:00,1.0399999618530273,1.100000023841858,1.0399999618530273,1.059999942779541,10800,0.0,0.0
2025-05-19 00:00:00-04:00,1.0700000524520874,1.149999976158142,1.0299999713897705,1.0299999713897705,6900,0.0,0.0
2025-05-20 00:00:00-04:00,1.0499999523162842,1.0499999523162842,1.0199999809265137,1.0399999618530273,2100,0.0,0.0
2025-05-21 00:00:00-04:00,1.0820000171661377,1.100000023841858,1.0414999723434448,1.0414999723434448,2900,0.0,0.0
2025-05-22 00:00:00-04:00,1.0399999618530273,1.0723999738693237,1.0099999904632568,1.0199999809265137,13800,0.0,0.0
2025-05-23 00:00:00-04:00,1.0099999904632568,1.0499999523162842,1.0087000131607056,1.0499999523162842,10000,0.0,0.0
2025-05-27 00:00:00-04:00,1.059999942779541,1.1200000047683716,1.01010000705719,1.010200023651123,27600,0.0,0.0
2025-05-28 00:00:00-04:00,1.0199999809265137,1.0750000476837158,1.0,1.0700000524520874,22500,0.0,0.0
2025-05-29 00:00:00-04:00,1.0499999523162842,1.0499999523162842,1.01010000705719,1.0299999713897705,2000,0.0,0.0
2025-05-30 00:00:00-04:00,1.0299999713897705,1.1399999856948853,1.0,1.0254000425338745,4500,0.0,0.0
2025-06-02 00:00:00-04:00,1.0099999904632568,1.090000033378601,1.0099999904632568,1.0700000524520874,5600,0.0,0.0
2025-06-03 00:00:00-04:00,1.1100000143051147,1.1200000047683716,1.0707999467849731,1.100000023841858,8300,0.0,0.0
2025-06-04 00:00:00-04:00,1.0880000591278076,1.1200000047683716,1.0499999523162842,1.090000033378601,9800,0.0,0.0
2025-06-05 00:00:00-04:00,1.1200000047683716,1.1399999856948853,1.1090999841690063,1.1150000095367432,9200,0.0,0.0
2025-06-06 00:00:00-04:00,1.1191999912261963,1.1191999912261963,1.0,1.0199999809265137,16500,0.0,0.0
2025-06-09 00:00:00-04:00,1.0299999713897705,1.059999942779541,1.0299999713897705,1.0399999618530273,14500,0.0,0.0
2025-06-10 00:00:00-04:00,1.0549999475479126,1.0800000429153442,1.0549999475479126,1.0800000429153442,5200,0.0,0.0
2025-06-11 00:00:00-04:00,1.087399959564209,1.100000023841858,1.0499999523162842,1.0800000429153442,6700,0.0,0.0
2025-06-12 00:00:00-04:00,1.0099999904632568,1.1256999969482422,1.0099999904632568,1.0200999975204468,9100,0.0,0.0
2025-06-13 00:00:00-04:00,1.0256999731063843,1.0298999547958374,1.0,1.0099999904632568,5100,0.0,0.0
2025-06-16 00:00:00-04:00,1.0,1.0299999713897705,1.0,1.0099999904632568,16500,0.0,0.0
2025-06-17 00:00:00-04:00,1.0099999904632568,1.059999942779541,1.0099999904632568,1.059999942779541,7200,0.0,0.0
2025-06-18 00:00:00-04:00,1.0099999904632568,1.059999942779541,1.0003999471664429,1.059999942779541,8800,0.0,0.0
2025-06-20 00:00:00-04:00,1.059999942779541,1.059999942779541,1.0219000577926636,1.059999942779541,5100,0.0,0.0
2025-06-23 00:00:00-04:00,1.0299999713897705,1.059999942779541,1.0,1.059999942779541,19000,0.0,0.0
2025-06-24 00:00:00-04:00,1.0700000524520874,1.0700000524520874,1.0199999809265137,1.059999942779541,8000,0.0,0.0
2025-06-25 00:00:00-04:00,1.059999942779541,1.059999942779541,1.0199999809265137,1.0299999713897705,3100,0.0,0.0
2025-06-26 00:00:00-04:00,1.0299999713897705,1.0499999523162842,1.0299999713897705,1.0499999523162842,2200,0.0,0.0
2025-06-27 00:00:00-04:00,1.0399999618530273,1.0499999523162842,1.0199999809265137,1.0299999713897705,5300,0.0,0.0
2025-06-30 00:00:00-04:00,1.0499999523162842,1.1150000095367432,1.0199999809265137,1.090000033378601,37400,0.0,0.0
2025-07-01 00:00:00-04:00,1.100000023841858,1.149999976158142,1.090000033378601,1.1399999856948853,47600,0.0,0.0
2025-07-02 00:00:00-04:00,1.149999976158142,1.149999976158142,1.0901000499725342,1.1399999856948853,8500,0.0,0.0
2025-07-03 00:00:00-04:00,1.1200000047683716,1.1260000467300415,1.1030000448226929,1.1100000143051147,4500,0.0,0.0
2025-07-07 00:00:00-04:00,1.149999976158142,1.149999976158142,1.0609999895095825,1.100000023841858,26500,0.0,0.0
2025-07-08 00:00:00-04:00,1.0681999921798706,1.1399999856948853,1.0681999921798706,1.100000023841858,13400,0.0,0.0
2025-07-09 00:00:00-04:00,1.090000033378601,1.1399999856948853,1.090000033378601,1.1100000143051147,7900,0.0,0.0
2025-07-10 00:00:00-04:00,1.1100000143051147,1.1399999856948853,1.0700000524520874,1.09660005569458,6600,0.0,0.0
2025-07-11 00:00:00-04:00,1.059999942779541,1.1399999856948853,1.059999942779541,1.0800000429153442,21600,0.0,0.0
2025-07-14 00:00:00-04:00,1.0499999523162842,1.1274000406265259,1.0499999523162842,1.100000023841858,8400,0.0,0.0
2025-07-15 00:00:00-04:00,1.090000033378601,1.1104999780654907,1.0700000524520874,1.1055999994277954,10800,0.0,0.0
2025-07-16 00:00:00-04:00,1.0800000429153442,1.149999976158142,1.0800000429153442,1.1200000047683716,31500,0.0,0.0
2025-07-17 00:00:00-04:00,1.100000023841858,1.145900011062622,1.0,1.0199999809265137,46500,0.0,0.0
2025-07-18 00:00:00-04:00,1.0299999713897705,1.059999942779541,1.0,1.0299999713897705,35700,0.0,0.0
2025-07-21 00:00:00-04:00,1.0399999618530273,1.0400999784469604,0.949999988079071,0.9951000213623047,55400,0.0,0.0
2025-07-22 00:00:00-04:00,0.9599999785423279,1.0499999523162842,0.9599999785423279,0.9894000291824341,42700,0.0,0.0
2025-07-23 00:00:00-04:00,0.9599999785423279,1.0299999713897705,0.9599999785423279,0.9599999785423279,46300,0.0,0.0
2025-07-24 00:00:00-04:00,0.955299973487854,1.034999966621399,0.949999988079071,0.949999988079071,50800,0.0,0.0
2025-07-25 00:00:00-04:00,1.0199999809265137,1.0199999809265137,0.949999988079071,0.9549999833106995,22300,0.0,0.0
2025-07-28 00:00:00-04:00,1.0099999904632568,1.0499999523162842,1.0099999904632568,1.0199999809265137,17500,0.0,0.0
2025-07-29 00:00:00-04:00,1.0199999809265137,1.0499000549316406,1.0006999969482422,1.0199999809265137,11500,0.0,0.0
2025-07-30 00:00:00-04:00,1.0199999809265137,1.0499999523162842,1.0104000568389893,1.024999976158142,7700,0.0,0.0
2025-07-31 00:00:00-04:00,1.0,1.0199999809265137,1.0,1.0199999809265137,4300,0.0,0.0
2025-08-01 00:00:00-04:00,1.0199999809265137,1.0199999809265137,1.0,1.0,6200,0.0,0.0
2025-08-04 00:00:00-04:00,1.0,1.0199999809265137,0.9800000190734863,0.9994999766349792,17400,0.0,0.0
2025-08-05 00:00:00-04:00,1.0,1.0290000438690186,1.0,1.0149999856948853,8500,0.0,0.0
2025-08-06 00:00:00-04:00,1.0299999713897705,1.0299999713897705,0.800000011920929,0.8500000238418579,134100,0.0,0.0
2025-08-07 00:00:00-04:00,0.8849999904632568,0.8899999856948853,0.8500000238418579,0.8500000238418579,41900,0.0,0.0
2025-08-08 00:00:00-04:00,0.8500000238418579,0.8799999952316284,0.8299999833106995,0.8299999833106995,21300,0.0,0.0
2025-08-11 00:00:00-04:00,0.8299999833106995,0.9699000120162964,0.8130000233650208,0.8758999705314636,65800,0.0,0.0
2025-08-12 00:00:00-04:00,0.8700000047683716,0.9955000281333923,0.838100016117096,0.8399999737739563,108000,0.0,0.0
2025-08-13 00:00:00-04:00,0.8349999785423279,0.9000999927520752,0.8349999785423279,0.8500000238418579,14000,0.0,0.0
2025-08-14 00:00:00-04:00,0.9398999810218811,0.949999988079071,0.8500000238418579,0.8888000249862671,84400,0.0,0.0
2025-08-15 00:00:00-04:00,0.8510000109672546,0.8999000191688538,0.8500000238418579,0.8999000191688538,14600,0.0,0.0
2025-08-18 00:00:00-04:00,0.8870999813079834,1.0499999523162842,0.8651000261306763,1.0099999904632568,275500,0.0,0.0
2025-08-19 00:00:00-04:00,1.0800000429153442,1.1299999952316284,0.9506999850273132,1.0084999799728394,766000,0.0,0.0
2025-08-20 00:00:00-04:00,1.0299999713897705,1.059999942779541,0.9200000166893005,0.935699999332428,438800,0.0,0.0
2025-08-21 00:00:00-04:00,0.9660000205039978,0.9998999834060669,0.9200000166893005,0.9599999785423279,106700,0.0,0.0
2025-08-22 00:00:00-04:00,0.960099995136261,1.0,0.9200000166893005,0.9700000286102295,77100,0.0,0.0
2025-08-25 00:00:00-04:00,0.949999988079071,1.0399999618530273,0.9409000277519226,1.024899959564209,55600,0.0,0.0
2025-08-26 00:00:00-04:00,1.030400037765503,1.030400037765503,0.9900000095367432,1.0103000402450562,40000,0.0,0.0
2025-08-27 00:00:00-04:00,1.0299999713897705,1.0299999713897705,0.9508000016212463,0.9700000286102295,24800,0.0,0.0
2025-08-28 00:00:00-04:00,0.973800003528595,0.9901999831199646,0.949999988079071,0.9599999785423279,13200,0.0,0.0
2025-08-29 00:00:00-04:00,0.9617999792098999,0.9700000286102295,0.925000011920929,0.9390000104904175,33500,0.0,0.0
2025-09-02 00:00:00-04:00,1.0,1.0,0.9311000108718872,0.9315000176429749,75800,0.0,0.0
2025-09-03 00:00:00-04:00,0.9768999814987183,0.9900000095367432,0.9230999946594238,0.9613999724388123,82700,0.0,0.0
2025-09-04 00:00:00-04:00,0.9399999976158142,0.9799000024795532,0.9300000071525574,0.9337999820709229,68000,0.0,0.0
2025-09-05 00:00:00-04:00,0.9800000190734863,0.9800000190734863,0.9401000142097473,0.941100001335144,8100,0.0,0.0
2025-09-08 00:00:00-04:00,0.9700000286102295,1.2519999742507935,0.9449999928474426,1.1299999952316284,533300,0.0,0.0
2025-09-09 00:00:00-04:00,1.0700000524520874,1.1799999475479126,1.0499999523162842,1.0670000314712524,196200,0.0,0.0
2025-09-10 00:00:00-04:00,1.0800000429153442,1.090000033378601,0.980400025844574,1.0099999904632568,82900,0.0,0.0
2025-09-11 00:00:00-04:00,1.0299999713897705,1.0700000524520874,1.0,1.0299999713897705,62200,0.0,0.0
2025-09-12 00:00:00-04:00,1.0499999523162842,1.0699000358581543,1.0299999713897705,1.0399999618530273,76100,0.0,0.0
2025-09-15 00:00:00-04:00,1.0399999618530273,1.059999942779541,1.0,1.0299999713897705,81600,0.0,0.0
2025-09-16 00:00:00-04:00,1.0800000429153442,1.0800000429153442,1.0099999904632568,1.0099999904632568,40200,0.0,0.0
2025-09-17 00:00:00-04:00,0.9800000190734863,1.0099999904632568,0.9327999949455261,0.9327999949455261,119800,0.0,0.0
2025-09-18 00:00:00-04:00,0.9868000149726868,0.9993000030517578,0.9251000285148621,0.97079998254776,174600,0.0,0.0
2025-09-19 00:00:00-04:00,0.9800000190734863,0.9900000095367432,0.949999988079071,0.9800000190734863,23000,0.0,0.0
2025-09-22 00:00:00-04:00,1.0,1.0,0.9369999766349792,0.9998999834060669,77800,0.0,0.0
2025-09-23 00:00:00-04:00,0.9900000095367432,1.0399999618530273,0.9050999879837036,0.9552000164985657,320900,0.0,0.0
2025-09-24 00:00:00-04:00,1.1399999856948853,1.1799999475479126,0.906000018119812,1.0700000524520874,696200,0.0,0.0
2025-09-25 00:00:00-04:00,1.0700000524520874,1.090000033378601,0.9603000283241272,0.9710000157356262,81100,0.0,0.0
2025-09-26 00:00:00-04:00,0.9894999861717224,1.0,0.9700000286102295,0.9700000286102295,29200,0.0,0.0
2025-09-29 00:00:00-04:00,1.0099999904632568,1.0099999904632568,0.949999988079071,0.9800000190734863,59300,0.0,0.0
2025-09-30 00:00:00-04:00,0.9900000095367432,0.9900000095367432,0.9408000111579895,0.9696000218391418,77900,0.0,0.0
2025-10-01 00:00:00-04:00,0.9501000046730042,0.9879000186920166,0.949999988079071,0.9797999858856201,122700,0.0,0.0
2025-10-02 00:00:00-04:00,0.9624999761581421,1.0499999523162842,0.9624999761581421,1.0099999904632568,92000,0.0,0.0
2025-10-03 00:00:00-04:00,1.0099999904632568,1.0499999523162842,1.0,1.0399999618530273,64700,0.0,0.0
2025-10-06 00:00:00-04:00,1.0199999809265137,1.059999942779541,1.0099999904632568,1.0299999713897705,107100,0.0,0.0
2025-10-07 00:00:00-04:00,1.0199999809265137,1.0578999519348145,0.9878000020980835,1.0099999904632568,48900,0.0,0.0
2025-10-08 00:00:00-04:00,1.0499999523162842,1.0499999523162842,1.0099999904632568,1.0199999809265137,10700,0.0,0.0
2025-10-09 00:00:00-04:00,1.0199999809265137,1.0199999809265137,0.9950000047683716,1.0099999904632568,30000,0.0,0.0
2025-10-10 00:00:00-04:00,1.0,1.0499999523162842,0.9901000261306763,1.0,40400,0.0,0.0
2025-10-13 00:00:00-04:00,0.9998999834060669,1.0049999952316284,0.9692999720573425,1.0,25700,0.0,0.0
2025-10-14 00:00:00-04:00,1.0099999904632568,1.0399999618530273,0.9700000286102295,1.0299999713897705,116100,0.0,0.0
2025-10-15 00:00:00-04:00,1.0199999809265137,1.0399999618530273,0.9861000180244446,1.0098999738693237,85600,0.0,0.0
2025-10-16 00:00:00-04:00,1.0099999904632568,1.0099999904632568,0.9516000151634216,0.9750000238418579,71000,0.0,0.0
2025-10-17 00:00:00-04:00,0.9750000238418579,0.9797999858856201,0.9318000078201294,0.9692999720573425,29100,0.0,0.0
2025-10-20 00:00:00-04:00,0.949999988079071,0.9950000047683716,0.949999988079071,0.9800000190734863,19500,0.0,0.0
2025-10-21 00:00:00-04:00,0.9599999785423279,0.9998999834060669,0.9401000142097473,0.9783999919891357,27700,0.0,0.0
2025-10-22 00:00:00-04:00,0.9768999814987183,0.9998000264167786,0.9399999976158142,0.9599999785423279,14100,0.0,0.0
2025-10-23 00:00:00-04:00,0.9700000286102295,0.9700000286102295,0.9419999718666077,0.9598000049591064,32600,0.0,0.0
2025-10-24 00:00:00-04:00,0.949999988079071,0.9799000024795532,0.949999988079071,0.9768999814987183,35700,0.0,0.0
2025-10-27 00:00:00-04:00,1.0,1.0298999547958374,0.9688000082969666,0.9869999885559082,134000,0.0,0.0
2025-10-28 00:00:00-04:00,0.9890999794006348,1.0199999809265137,0.9650999903678894,0.9829999804496765,35800,0.0,0.0
2025-10-29 00:00:00-04:00,0.9620000123977661,1.0010000467300415,0.9340999722480774,0.960099995136261,70800,0.0,0.0
2025-10-30 00:00:00-04:00,0.9300000071525574,0.9401000142097473,0.9200999736785889,0.9381999969482422,43300,0.0,0.0
2025-10-31 00:00:00-04:00,0.9381999969482422,0.9399999976158142,0.9300000071525574,0.9300000071525574,23600,0.0,0.0
2025-11-03 00:00:00-05:00,0.9300000071525574,0.9399999976158142,0.8827999830245972,0.9174000024795532,25800,0.0,0.0
2025-11-04 00:00:00-05:00,0.8999999761581421,0.9174000024795532,0.8799999952316284,0.8899999856948853,34800,0.0,0.0
2025-11-05 00:00:00-05:00,0.9174000024795532,0.9300000071525574,0.8812999725341797,0.8852999806404114,43100,0.0,0.0
2025-11-06 00:00:00-05:00,0.9023000001907349,0.917900025844574,0.8300999999046326,0.8420000076293945,71500,0.0,0.0
2025-11-07 00:00:00-05:00,0.830299973487854,0.8650000095367432,0.7900000214576721,0.8519999980926514,40400,0.0,0.0
2025-11-10 00:00:00-05:00,0.8880000114440918,0.9218000173568726,0.8531000018119812,0.8801000118255615,41600,0.0,0.0
2025-11-11 00:00:00-05:00,0.8989999890327454,0.9329000115394592,0.8518999814987183,0.878000020980835,3300,0.0,0.0
2025-11-12 00:00:00-05:00,0.8999999761581421,0.9334999918937683,0.8312000036239624,0.8514000177383423,50200,0.0,0.0
2025-11-13 00:00:00-05:00,0.8399999737739563,0.878600001335144,0.7813000082969666,0.7900999784469604,57500,0.0,0.0
2025-11-14 00:00:00-05:00,0.7749000191688538,0.86080002784729,0.7501000165939331,0.7870000004768372,48400,0.0,0.0
2025-11-17 00:00:00-05:00,0.7599999904632568,0.8600000143051147,0.699999988079071,0.7250999808311462,33500,0.0,0.0
2025-11-18 00:00:00-05:00,0.800000011920929,0.8065000176429749,0.730400025844574,0.753000020980835,30500,0.0,0.0
2025-11-19 00:00:00-05:00,0.753000020980835,0.800000011920929,0.7139999866485596,0.7139999866485596,15300,0.0,0.0
2025-11-20 00:00:00-05:00,0.6949999928474426,0.7706999778747559,0.6299999952316284,0.6299999952316284,36900,0.0,0.0
2025-11-21 00:00:00-05:00,0.6679999828338623,0.7117000222206116,0.6324999928474426,0.6499999761581421,59100,0.0,0.0
2025-11-24 00:00:00-05:00,0.6504999995231628,0.6504999995231628,0.6299999952316284,0.6499999761581421,30200,0.0,0.0
2025-11-25 00:00:00-05:00,0.6600000262260437,1.2000000476837158,0.6510000228881836,0.8899999856948853,57916400,0.0,0.0
2025-11-26 00:00:00-05:00,0.8698999881744385,0.8799999952316284,0.8029999732971191,0.8235999941825867,1628800,0.0,0.0
2025-11-28 00:00:00-05:00,0.8009999990463257,0.8450000286102295,0.7681999802589417,0.7735999822616577,580300,0.0,0.0
2025-12-01 00:00:00-05:00,0.7300000190734863,0.8199999928474426,0.7138000130653381,0.7498999834060669,371400,0.0,0.0
2025-12-02 00:00:00-05:00,0.7200000286102295,0.7795000076293945,0.7120000123977661,0.7470999956130981,232900,0.0,0.0
2025-12-03 00:00:00-05:00,0.7470999956130981,0.8881000280380249,0.7300000190734863,0.784600019454956,669100,0.0,0.0
2025-12-04 00:00:00-05:00,1.0149999856948853,1.48989999294281,0.8999999761581421,1.2100000381469727,112313300,0.0,0.0
2025-12-05 00:00:00-05:00,1.284999966621399,1.5099999904632568,1.1100000143051147,1.2200000286102295,22087400,0.0,0.0
2025-12-08 00:00:00-05:00,1.1699999570846558,1.25,1.059999942779541,1.149999976158142,2315200,0.0,0.0
2025-12-09 00:00:00-05:00,1.159999966621399,1.2000000476837158,1.059999942779541,1.1100000143051147,1756500,0.0,0.0
2025-12-10 00:00:00-05:00,1.090000033378601,1.1398999691009521,1.0,1.0399999618530273,1763500,0.0,0.0
2025-12-11 00:00:00-05:00,1.0700000524520874,1.1200000047683716,0.9599999785423279,1.0199999809265137,1494900,0.0,0.0
2025-12-12 00:00:00-05:00,1.0,1.0199999809265137,0.9366999864578247,1.0199999809265137,700600,0.0,0.0
2025-12-15 00:00:00-05:00,0.9995999932289124,1.0499999523162842,0.9320999979972839,0.9419000148773193,317500,0.0,0.0
2025-12-16 00:00:00-05:00,0.9100000262260437,0.9599999785423279,0.8187999725341797,0.949999988079071,547500,0.0,0.0
2025-12-17 00:00:00-05:00,0.9596999883651733,0.9596999883651733,0.8220000267028809,0.8248000144958496,477300,0.0,0.0
2025-12-18 00:00:00-05:00,0.8299000263214111,0.8810999989509583,0.8241999745368958,0.8400999903678894,530700,0.0,0.0
2025-12-19 00:00:00-05:00,0.8335999846458435,0.8938000202178955,0.8299999833106995,0.8575999736785889,211700,0.0,0.0
2025-12-22 00:00:00-05:00,0.8790000081062317,0.8928999900817871,0.8090000152587891,0.8388000130653381,385600,0.0,0.0
2025-12-23 00:00:00-05:00,0.8489999771118164,0.8600000143051147,0.75,0.7702000141143799,697400,0.0,0.0
2025-12-24 00:00:00-05:00,0.7699999809265137,0.8073999881744385,0.7519999742507935,0.7649999856948853,232600,0.0,0.0
2025-12-26 00:00:00-05:00,0.7599999904632568,0.7699999809265137,0.6934999823570251,0.710099995136261,721100,0.0,0.0
2025-12-29 00:00:00-05:00,0.710099995136261,0.7572000026702881,0.6830000281333923,0.7064999938011169,516400,0.0,0.0
2025-12-30 00:00:00-05:00,0.6909999847412109,0.7458999752998352,0.6850000023841858,0.7200000286102295,325500,0.0,0.0
2025-12-31 00:00:00-05:00,0.7200000286102295,0.7770000100135803,0.6800000071525574,0.7239999771118164,292500,0.0,0.0
2026-01-02 00:00:00-05:00,0.741599977016449,0.75,0.699999988079071,0.7379999756813049,147600,0.0,0.0
2026-01-05 00:00:00-05:00,0.7350000143051147,0.800000011920929,0.7005000114440918,0.7620000243186951,496800,0.0,0.0
2026-01-06 00:00:00-05:00,0.7699999809265137,0.8450000286102295,0.7599999904632568,0.7720000147819519,242100,0.0,0.0
2026-01-07 00:00:00-05:00,0.796999990940094,0.8690000176429749,0.7720000147819519,0.8299999833106995,1035100,0.0,0.0
2026-01-08 00:00:00-05:00,0.949999988079071,0.9800999760627747,0.8309999704360962,0.9208999872207642,1271500,0.0,0.0
2026-01-09 00:00:00-05:00,0.921500027179718,0.9363999962806702,0.8723000288009644,0.8815000057220459,211400,0.0,0.0
2026-01-12 00:00:00-05:00,0.8899999856948853,0.8999999761581421,0.8144000172615051,0.8980000019073486,303700,0.0,0.0
2026-01-13 00:00:00-05:00,0.8500000238418579,0.9271000027656555,0.8399999737739563,0.9093000292778015,244200,0.0,0.0
2026-01-14 00:00:00-05:00,0.8600000143051147,0.9199000000953674,0.8600000143051147,0.9150000214576721,88100,0.0,0.0
2026-01-15 00:00:00-05:00,0.8876000046730042,1.0,0.8799999952316284,0.9362999796867371,601500,0.0,0.0
2026-01-16 00:00:00-05:00,0.9300000071525574,0.9419999718666077,0.8810999989509583,0.8901000022888184,172000,0.0,0.0
2026-01-20 00:00:00-05:00,0.8960000276565552,0.9211000204086304,0.8479999899864197,0.855400025844574,118400,0.0,0.0
2026-01-21 00:00:00-05:00,0.8889999985694885,0.8999000191688538,0.8399999737739563,0.875,144200,0.0,0.0
2026-01-22 00:00:00-05:00,0.875,0.8999999761581421,0.8600000143051147,0.8989999890327454,87400,0.0,0.0
2026-01-23 00:00:00-05:00,0.8720999956130981,1.0199999809265137,0.8700000047683716,0.9380000233650208,1409300,0.0,0.0
2026-01-26 00:00:00-05:00,0.9700000286102295,1.0499999523162842,0.941100001335144,0.9898999929428101,604500,0.0,0.0
2026-01-27 00:00:00-05:00,0.9900000095367432,1.0,0.9028000235557556,0.9488999843597412,186900,0.0,0.0
2026-01-28 00:00:00-05:00,0.949999988079071,0.949999988079071,0.8730999827384949,0.899399995803833,143000,0.0,0.0
2026-01-29 00:00:00-05:00,0.899399995803833,0.899399995803833,0.7867000102996826,0.8479999899864197,306300,0.0,0.0
2026-01-30 00:00:00-05:00,0.8270000219345093,0.8356999754905701,0.7609999775886536,0.8190000057220459,212400,0.0,0.0
2026-02-02 00:00:00-05:00,0.8147000074386597,0.8246999979019165,0.7749999761581421,0.8190000057220459,128000,0.0,0.0
2026-02-03 00:00:00-05:00,0.8009999990463257,0.8217999935150146,0.7501000165939331,0.7850000262260437,330000,0.0,0.0
2026-02-04 00:00:00-05:00,0.7519999742507935,0.7649000287055969,0.6510000228881836,0.7071999907493591,629500,0.0,0.0
2026-02-05 00:00:00-05:00,0.7128000259399414,0.7360000014305115,0.6801999807357788,0.699999988079071,118300,0.0,0.0
2026-02-06 00:00:00-05:00,0.7400000095367432,0.7982000112533569,0.6951000094413757,0.7411999702453613,97600,0.0,0.0
2026-02-09 00:00:00-05:00,0.7559999823570251,0.8100000023841858,0.7400000095367432,0.7754999995231628,113500,0.0,0.0
2026-02-10 00:00:00-05:00,0.7785999774932861,0.8001000285148621,0.7548999786376953,0.7820000052452087,56800,0.0,0.0
2026-02-11 00:00:00-05:00,0.7870000004768372,0.7998999953269958,0.7095000147819519,0.7249000072479248,148900,0.0,0.0
2026-02-12 00:00:00-05:00,0.7400000095367432,0.7436000108718872,0.650600016117096,0.6614999771118164,198900,0.0,0.0
2026-02-13 00:00:00-05:00,0.6998999714851379,0.7005000114440918,0.6500999927520752,0.6805999875068665,71900,0.0,0.0
2026-02-17 00:00:00-05:00,0.6732000112533569,0.680400013923645,0.6352999806404114,0.6514999866485596,62900,0.0,0.0
2026-02-18 00:00:00-05:00,0.6664999723434448,0.6877999901771545,0.6435999870300293,0.6570000052452087,38200,0.0,0.0
2026-02-19 00:00:00-05:00,0.6775000095367432,0.751800000667572,0.6700000166893005,0.7210000157356262,245800,0.0,0.0
2026-02-20 00:00:00-05:00,0.7138000130653381,0.7598999738693237,0.6858000159263611,0.7024999856948853,98800,0.0,0.0
2026-02-23 00:00:00-05:00,0.6962000131607056,0.7329999804496765,0.6740000247955322,0.6899999976158142,204200,0.0,0.0
2026-02-24 00:00:00-05:00,0.6850000023841858,0.7450000047683716,0.6850000023841858,0.7049999833106995,105500,0.0,0.0
2026-02-25 00:00:00-05:00,0.7369999885559082,0.7511000037193298,0.715499997138977,0.7210000157356262,73000,0.0,0.0
2026-02-26 00:00:00-05:00,0.7253000140190125,0.7414000034332275,0.7020000219345093,0.7039999961853027,66700,0.0,0.0
2026-02-27 00:00:00-05:00,0.699999988079071,0.7174999713897705,0.6802999973297119,0.6901000142097473,78000,0.0,0.0
2026-03-02 00:00:00-05:00,0.6815000176429749,0.7200000286102295,0.6757000088691711,0.704800009727478,59200,0.0,0.0
2026-03-03 00:00:00-05:00,0.6802999973297119,0.75,0.6802999973297119,0.7089999914169312,37800,0.0,0.0
2026-03-04 00:00:00-05:00,0.7089999914169312,0.7246999740600586,0.6899999976158142,0.692799985408783,134000,0.0,0.0
2026-03-05 00:00:00-05:00,0.6901999711990356,0.6974999904632568,0.6299999952316284,0.6506999731063843,82300,0.0,0.0
2026-03-06 00:00:00-05:00,0.6514999866485596,0.786300003528595,0.6514999866485596,0.753000020980835,482000,0.0,0.0
2026-03-09 00:00:00-04:00,0.7745000123977661,0.7850000262260437,0.6938999891281128,0.7001000046730042,123400,0.0,0.0
2026-03-10 00:00:00-04:00,0.699999988079071,0.7498999834060669,0.6678000092506409,0.6800000071525574,64000,0.0,0.0
2026-03-11 00:00:00-04:00,0.699999988079071,0.7099999785423279,0.6700000166893005,0.6800000071525574,68600,0.0,0.0
2026-03-12 00:00:00-04:00,0.6899999976158142,0.7050999999046326,0.6757000088691711,0.6949999928474426,21600,0.0,0.0
2026-03-13 00:00:00-04:00,0.6949999928474426,0.7017999887466431,0.6899999976158142,0.6901999711990356,30200,0.0,0.0
2026-03-16 00:00:00-04:00,0.6899999976158142,0.7450000047683716,0.6815000176429749,0.7009999752044678,118700,0.0,0.0
2026-03-17 00:00:00-04:00,0.7290999889373779,0.7364000082015991,0.6815000176429749,0.6899999976158142,98800,0.0,0.0
2026-03-18 00:00:00-04:00,0.7200999855995178,0.7598000168800354,0.6815000176429749,0.699999988079071,386200,0.0,0.0
2026-03-19 00:00:00-04:00,0.720300018787384,0.7480000257492065,0.7002999782562256,0.7020000219345093,81300,0.0,0.0
2026-03-20 00:00:00-04:00,0.7246000170707703,0.75,0.6299999952316284,0.6868000030517578,256400,0.0,0.0
2026-03-23 00:00:00-04:00,0.6868000030517578,0.7480000257492065,0.6620000004768372,0.7226999998092651,190600,0.0,0.0
2026-03-24 00:00:00-04:00,0.699999988079071,0.8199999928474426,0.699999988079071,0.7799999713897705,568100,0.0,0.0
2026-03-25 00:00:00-04:00,0.7799999713897705,0.8199999928474426,0.760200023651123,0.7609999775886536,79900,0.0,0.0
2026-03-26 00:00:00-04:00,0.760200023651123,0.8399999737739563,0.760200023651123,0.7802000045776367,270400,0.0,0.0
2026-03-27 00:00:00-04:00,0.8190000057220459,0.8190000057220459,0.6922000050544739,0.7080000042915344,241400,0.0,0.0
2026-03-30 00:00:00-04:00,0.6880000233650208,0.7498999834060669,0.6700000166893005,0.6710000038146973,117100,0.0,0.0
2026-03-31 00:00:00-04:00,0.6974999904632568,0.7228000164031982,0.6600000262260437,0.6654000282287598,93000,0.0,0.0
2026-04-01 00:00:00-04:00,0.6710000038146973,0.7400000095367432,0.6650000214576721,0.689300000667572,161500,0.0,0.0
2026-04-02 00:00:00-04:00,0.7064999938011169,0.7490000128746033,0.6789000034332275,0.6899999976158142,78500,0.0,0.0
2026-04-06 00:00:00-04:00,0.6899999976158142,0.7398999929428101,0.6801000237464905,0.7071999907493591,121700,0.0,0.0
2026-04-07 00:00:00-04:00,0.6930999755859375,0.7197999954223633,0.677299976348877,0.6811000108718872,19700,0.0,0.0
2026-04-08 00:00:00-04:00,0.690500020980835,0.6998000144958496,0.6700000166893005,0.6812999844551086,79100,0.0,0.0
2026-04-09 00:00:00-04:00,0.7245000004768372,0.7245000004768372,0.6710000038146973,0.671999990940094,70400,0.0,0.0
2026-04-10 00:00:00-04:00,0.6794000267982483,0.6995000243186951,0.6489999890327454,0.6531000137329102,53300,0.0,0.0
2026-04-13 00:00:00-04:00,0.6349999904632568,0.6948999762535095,0.6349999904632568,0.6879000067710876,85300,0.0,0.0
2026-04-14 00:00:00-04:00,0.6886000037193298,0.7300000190734863,0.6840000152587891,0.6840000152587891,248000,0.0,0.0
2026-04-15 00:00:00-04:00,0.6850000023841858,0.7978000044822693,0.6800000071525574,0.7616000175476074,358300,0.0,0.0
2026-04-16 00:00:00-04:00,0.7400000095367432,0.7692999839782715,0.7099999785423279,0.7276999950408936,229400,0.0,0.0
2026-04-17 00:00:00-04:00,0.7160999774932861,0.7400000095367432,0.7160000205039978,0.728600025177002,54900,0.0,0.0
2026-04-20 00:00:00-04:00,0.7049999833106995,0.7738999724388123,0.7049999833106995,0.7639999985694885,170300,0.0,0.0
2026-04-21 00:00:00-04:00,0.7505000233650208,0.7699999809265137,0.730400025844574,0.7699999809265137,100800,0.0,0.0
2026-04-22 00:00:00-04:00,0.7498000264167786,0.789900004863739,0.7427999973297119,0.7800999879837036,125100,0.0,0.0
2026-04-23 00:00:00-04:00,0.7799999713897705,0.7799999713897705,0.7117000222206116,0.7498999834060669,55200,0.0,0.0
2026-04-24 00:00:00-04:00,0.7350000143051147,0.760200023651123,0.7222999930381775,0.7222999930381775,67500,0.0,0.0
2026-04-27 00:00:00-04:00,0.7080000042915344,0.7799999713897705,0.699999988079071,0.7627000212669373,131800,0.0,0.0
2026-04-28 00:00:00-04:00,0.75,0.7699999809265137,0.75,0.7599999904632568,47799,0.0,0.0
