Date,Open,High,Low,Close,Volume,Dividends,Stock Splits
2022-01-03 00:00:00-05:00,27.06999969482422,28.5,24.65999984741211,28.059999465942383,68400,0.0,0.0
2022-01-04 00:00:00-05:00,27.739999771118164,29.200000762939453,24.780000686645508,27.040000915527344,50000,0.0,0.0
2022-01-05 00:00:00-05:00,26.8700008392334,26.8700008392334,21.770000457763672,22.31999969482422,51900,0.0,0.0
2022-01-06 00:00:00-05:00,22.450000762939453,24.31999969482422,20.280000686645508,23.709999084472656,81900,0.0,0.0
2022-01-07 00:00:00-05:00,22.56999969482422,22.96500015258789,20.399999618530273,21.139999389648438,56900,0.0,0.0
2022-01-10 00:00:00-05:00,21.450000762939453,22.6299991607666,20.510000228881836,21.75,45200,0.0,0.0
2022-01-11 00:00:00-05:00,21.31999969482422,23.40999984741211,20.979999542236328,22.350000381469727,54800,0.0,0.0
2022-01-12 00:00:00-05:00,21.889999389648438,23.5,20.420000076293945,22.0,55100,0.0,0.0
2022-01-13 00:00:00-05:00,22.440000534057617,22.56999969482422,20.549999237060547,20.56999969482422,66400,0.0,0.0
2022-01-14 00:00:00-05:00,20.010000228881836,20.81999969482422,19.2450008392334,19.989999771118164,58300,0.0,0.0
2022-01-18 00:00:00-05:00,19.0,20.6299991607666,18.25,19.540000915527344,52000,0.0,0.0
2022-01-19 00:00:00-05:00,20.020000457763672,21.719999313354492,19.1299991607666,19.850000381469727,50400,0.0,0.0
2022-01-20 00:00:00-05:00,19.18000030517578,21.25,18.549999237060547,19.600000381469727,68200,0.0,0.0
2022-01-21 00:00:00-05:00,19.030000686645508,20.969999313354492,18.979999542236328,19.06999969482422,47700,0.0,0.0
2022-01-24 00:00:00-05:00,18.940000534057617,20.799999237060547,18.1200008392334,19.559999465942383,53500,0.0,0.0
2022-01-25 00:00:00-05:00,18.969999313354492,20.15999984741211,18.459999084472656,19.31999969482422,26500,0.0,0.0
2022-01-26 00:00:00-05:00,19.770000457763672,19.770000457763672,18.649999618530273,19.040000915527344,53800,0.0,0.0
2022-01-27 00:00:00-05:00,19.18000030517578,20.575000762939453,18.415000915527344,20.020000457763672,46200,0.0,0.0
2022-01-28 00:00:00-05:00,20.010000228881836,20.010000228881836,18.0,19.489999771118164,69800,0.0,0.0
2022-01-31 00:00:00-05:00,19.209999084472656,20.614999771118164,18.540000915527344,19.93000030517578,53800,0.0,0.0
2022-02-01 00:00:00-05:00,19.950000762939453,20.329999923706055,19.18000030517578,20.110000610351562,23200,0.0,0.0
2022-02-02 00:00:00-05:00,20.229999542236328,20.229999542236328,18.80500030517578,19.0,34900,0.0,0.0
2022-02-03 00:00:00-05:00,18.65999984741211,19.19700050354004,18.0,18.850000381469727,40600,0.0,0.0
2022-02-04 00:00:00-05:00,18.610000610351562,19.049999237060547,18.18000030517578,18.90999984741211,81800,0.0,0.0
2022-02-07 00:00:00-05:00,18.719999313354492,20.72800064086914,18.719999313354492,20.3700008392334,35000,0.0,0.0
2022-02-08 00:00:00-05:00,18.0,21.46500015258789,17.940000534057617,20.854999542236328,189600,0.0,0.0
2022-02-09 00:00:00-05:00,22.885000228881836,22.885000228881836,18.899999618530273,19.049999237060547,196500,0.0,0.0
2022-02-10 00:00:00-05:00,18.729999542236328,18.93000030517578,16.5,17.799999237060547,1196500,0.0,0.0
2022-02-11 00:00:00-05:00,18.09000015258789,19.790000915527344,17.520000457763672,18.56999969482422,140800,0.0,0.0
2022-02-14 00:00:00-05:00,18.549999237060547,20.5,17.665000915527344,19.139999389648438,199900,0.0,0.0
2022-02-15 00:00:00-05:00,19.59000015258789,20.485000610351562,18.899999618530273,19.829999923706055,157400,0.0,0.0
2022-02-16 00:00:00-05:00,20.010000228881836,21.225000381469727,19.469999313354492,20.940000534057617,137800,0.0,0.0
2022-02-17 00:00:00-05:00,20.420000076293945,21.489999771118164,20.010000228881836,20.989999771118164,123600,0.0,0.0
2022-02-18 00:00:00-05:00,20.600000381469727,22.829999923706055,20.600000381469727,21.84000015258789,67400,0.0,0.0
2022-02-22 00:00:00-05:00,21.690000534057617,22.8700008392334,21.100000381469727,22.149999618530273,106400,0.0,0.0
2022-02-23 00:00:00-05:00,21.940000534057617,23.1299991607666,21.459999084472656,21.670000076293945,75100,0.0,0.0
2022-02-24 00:00:00-05:00,21.479999542236328,22.0,20.489999771118164,21.469999313354492,52400,0.0,0.0
2022-02-25 00:00:00-05:00,21.510000228881836,23.18000030517578,20.6299991607666,22.950000762939453,100300,0.0,0.0
2022-02-28 00:00:00-05:00,23.1299991607666,24.239999771118164,22.3700008392334,23.209999084472656,125300,0.0,0.0
2022-03-01 00:00:00-05:00,23.485000610351562,23.5,21.8700008392334,22.8799991607666,99300,0.0,0.0
2022-03-02 00:00:00-05:00,22.729999542236328,23.790000915527344,22.18000030517578,22.59000015258789,87200,0.0,0.0
2022-03-03 00:00:00-05:00,22.8700008392334,23.360000610351562,21.559999465942383,22.239999771118164,88200,0.0,0.0
2022-03-04 00:00:00-05:00,22.270000457763672,23.8799991607666,21.8799991607666,22.850000381469727,64400,0.0,0.0
2022-03-07 00:00:00-05:00,23.1200008392334,23.770000457763672,21.020000457763672,21.389999389648438,131200,0.0,0.0
2022-03-08 00:00:00-05:00,21.040000915527344,23.225000381469727,20.6200008392334,22.170000076293945,89800,0.0,0.0
2022-03-09 00:00:00-05:00,22.200000762939453,23.225000381469727,22.200000762939453,23.040000915527344,60200,0.0,0.0
2022-03-10 00:00:00-05:00,22.809999465942383,24.350000381469727,22.43000030517578,23.81999969482422,87200,0.0,0.0
2022-03-11 00:00:00-05:00,23.649999618530273,24.125,22.709999084472656,23.450000762939453,122200,0.0,0.0
2022-03-14 00:00:00-04:00,23.719999313354492,24.100000381469727,22.889999389648438,23.030000686645508,63100,0.0,0.0
2022-03-15 00:00:00-04:00,23.170000076293945,24.280000686645508,21.3799991607666,24.010000228881836,74600,0.0,0.0
2022-03-16 00:00:00-04:00,24.079999923706055,24.950000762939453,23.450000762939453,24.100000381469727,122900,0.0,0.0
2022-03-17 00:00:00-04:00,24.690000534057617,24.979999542236328,23.010000228881836,23.780000686645508,138900,0.0,0.0
2022-03-18 00:00:00-04:00,24.40999984741211,24.94499969482422,22.579999923706055,23.0,745600,0.0,0.0
2022-03-21 00:00:00-04:00,22.299999237060547,22.670000076293945,21.040000915527344,21.31999969482422,74000,0.0,0.0
2022-03-22 00:00:00-04:00,21.200000762939453,22.5,20.104999542236328,22.229999542236328,89200,0.0,0.0
2022-03-23 00:00:00-04:00,21.950000762939453,22.40999984741211,20.239999771118164,20.6200008392334,47800,0.0,0.0
2022-03-24 00:00:00-04:00,20.360000610351562,21.639999389648438,19.440000534057617,21.600000381469727,55400,0.0,0.0
2022-03-25 00:00:00-04:00,21.989999771118164,23.125,21.65999984741211,22.719999313354492,37100,0.0,0.0
2022-03-28 00:00:00-04:00,22.950000762939453,22.97100067138672,21.510000228881836,22.100000381469727,37800,0.0,0.0
2022-03-29 00:00:00-04:00,22.280000686645508,24.0,22.280000686645508,22.920000076293945,42200,0.0,0.0
2022-03-30 00:00:00-04:00,22.75,23.56999969482422,22.479999542236328,22.600000381469727,29600,0.0,0.0
2022-03-31 00:00:00-04:00,22.790000915527344,24.940000534057617,22.260000228881836,23.489999771118164,91800,0.0,0.0
2022-04-01 00:00:00-04:00,23.360000610351562,23.577999114990234,22.280000686645508,22.860000610351562,87600,0.0,0.0
2022-04-04 00:00:00-04:00,22.197999954223633,23.010000228881836,22.190000534057617,22.850000381469727,27300,0.0,0.0
2022-04-05 00:00:00-04:00,23.329999923706055,24.719999313354492,22.9950008392334,23.18000030517578,55900,0.0,0.0
2022-04-06 00:00:00-04:00,23.1299991607666,23.270000457763672,22.040000915527344,22.81999969482422,116300,0.0,0.0
2022-04-07 00:00:00-04:00,22.81999969482422,22.826000213623047,21.790000915527344,22.690000534057617,40200,0.0,0.0
2022-04-08 00:00:00-04:00,22.520000457763672,23.219999313354492,22.520000457763672,23.09000015258789,21500,0.0,0.0
2022-04-11 00:00:00-04:00,23.110000610351562,24.530000686645508,22.309999465942383,23.020000457763672,39900,0.0,0.0
2022-04-12 00:00:00-04:00,23.489999771118164,23.489999771118164,22.440000534057617,22.540000915527344,16600,0.0,0.0
2022-04-13 00:00:00-04:00,22.780000686645508,23.74799919128418,22.200000762939453,22.989999771118164,47700,0.0,0.0
2022-04-14 00:00:00-04:00,23.360000610351562,23.77199935913086,22.610000610351562,23.1200008392334,34400,0.0,0.0
2022-04-18 00:00:00-04:00,23.0,23.940000534057617,22.8799991607666,23.25,44500,0.0,0.0
2022-04-19 00:00:00-04:00,24.559999465942383,24.59000015258789,23.010000228881836,23.399999618530273,115200,0.0,0.0
2022-04-20 00:00:00-04:00,23.469999313354492,23.540000915527344,22.329999923706055,23.040000915527344,119800,0.0,0.0
2022-04-21 00:00:00-04:00,22.920000076293945,23.1299991607666,21.809999465942383,22.209999084472656,58100,0.0,0.0
2022-04-22 00:00:00-04:00,22.06999969482422,22.06999969482422,21.06999969482422,21.690000534057617,45900,0.0,0.0
2022-04-25 00:00:00-04:00,21.290000915527344,22.600000381469727,20.979999542236328,21.18000030517578,508300,0.0,0.0
2022-04-26 00:00:00-04:00,21.0,21.0,19.53499984741211,20.459999084472656,52700,0.0,0.0
2022-04-27 00:00:00-04:00,20.219999313354492,22.469999313354492,19.81999969482422,19.950000762939453,36900,0.0,0.0
2022-04-28 00:00:00-04:00,20.280000686645508,20.739999771118164,19.700000762939453,20.450000762939453,37200,0.0,0.0
2022-04-29 00:00:00-04:00,20.1299991607666,20.420000076293945,19.485000610351562,20.0,35800,0.0,0.0
2022-05-02 00:00:00-04:00,21.1299991607666,21.1299991607666,18.5,20.139999389648438,59400,0.0,0.0
2022-05-03 00:00:00-04:00,20.030000686645508,20.075000762939453,18.59000015258789,19.0,32000,0.0,0.0
2022-05-04 00:00:00-04:00,18.850000381469727,19.0,18.010000228881836,18.81999969482422,59300,0.0,0.0
2022-05-05 00:00:00-04:00,18.5,18.760000228881836,18.100000381469727,18.59000015258789,57700,0.0,0.0
2022-05-06 00:00:00-04:00,18.729999542236328,18.729999542236328,18.209999084472656,18.510000228881836,57800,0.0,0.0
2022-05-09 00:00:00-04:00,18.450000762939453,18.549999237060547,16.530000686645508,16.6200008392334,267800,0.0,0.0
2022-05-10 00:00:00-04:00,16.889999389648438,17.350000381469727,15.710000038146973,16.959999084472656,122300,0.0,0.0
2022-05-11 00:00:00-04:00,16.950000762939453,17.1299991607666,15.109999656677246,15.140000343322754,119000,0.0,0.0
2022-05-12 00:00:00-04:00,14.970000267028809,15.774999618530273,13.579999923706055,14.510000228881836,124000,0.0,0.0
2022-05-13 00:00:00-04:00,14.680000305175781,16.0,14.680000305175781,15.289999961853027,240200,0.0,0.0
2022-05-16 00:00:00-04:00,15.069999694824219,16.190000534057617,14.050000190734863,15.829999923706055,101300,0.0,0.0
2022-05-17 00:00:00-04:00,16.1200008392334,17.799999237060547,16.1200008392334,17.68000030517578,159700,0.0,0.0
2022-05-18 00:00:00-04:00,17.389999389648438,17.76099967956543,16.15999984741211,16.40999984741211,71600,0.0,0.0
2022-05-19 00:00:00-04:00,16.170000076293945,16.735000610351562,15.395000457763672,16.459999084472656,83300,0.0,0.0
2022-05-20 00:00:00-04:00,16.84000015258789,17.6299991607666,16.31999969482422,17.030000686645508,63700,0.0,0.0
2022-05-23 00:00:00-04:00,17.010000228881836,17.34000015258789,14.380000114440918,14.850000381469727,84100,0.0,0.0
2022-05-24 00:00:00-04:00,14.869999885559082,16.280000686645508,14.510000228881836,16.139999389648438,66400,0.0,0.0
2022-05-25 00:00:00-04:00,16.0,16.239999771118164,14.5,14.890000343322754,60200,0.0,0.0
2022-05-26 00:00:00-04:00,14.9399995803833,15.074999809265137,14.5,14.84000015258789,38500,0.0,0.0
2022-05-27 00:00:00-04:00,15.100000381469727,16.235000610351562,15.050000190734863,15.890000343322754,60600,0.0,0.0
2022-05-31 00:00:00-04:00,15.649999618530273,15.760000228881836,14.265000343322754,14.539999961853027,261100,0.0,0.0
2022-06-01 00:00:00-04:00,14.619999885559082,14.819999694824219,13.329999923706055,14.020000457763672,106000,0.0,0.0
2022-06-02 00:00:00-04:00,14.100000381469727,14.510000228881836,13.970000267028809,14.25,90800,0.0,0.0
2022-06-03 00:00:00-04:00,14.25,15.0600004196167,14.079999923706055,14.279999732971191,77500,0.0,0.0
2022-06-06 00:00:00-04:00,14.420000076293945,14.609999656677246,13.079000473022461,13.569999694824219,72200,0.0,0.0
2022-06-07 00:00:00-04:00,13.59000015258789,14.289999961853027,13.579999923706055,13.829999923706055,105600,0.0,0.0
2022-06-08 00:00:00-04:00,13.75,14.989999771118164,13.5,13.699999809265137,41500,0.0,0.0
2022-06-09 00:00:00-04:00,13.779999732971191,14.100000381469727,13.529999732971191,13.880000114440918,183100,0.0,0.0
2022-06-10 00:00:00-04:00,13.579999923706055,14.34000015258789,13.359999656677246,13.989999771118164,122000,0.0,0.0
2022-06-13 00:00:00-04:00,13.619999885559082,13.619999885559082,12.28499984741211,12.989999771118164,93500,0.0,0.0
2022-06-14 00:00:00-04:00,12.39900016784668,13.130000114440918,12.39900016784668,12.819999694824219,21800,0.0,0.0
2022-06-15 00:00:00-04:00,13.050000190734863,14.28499984741211,13.050000190734863,13.989999771118164,62300,0.0,0.0
2022-06-16 00:00:00-04:00,13.510000228881836,13.649999618530273,12.529999732971191,13.329999923706055,39200,0.0,0.0
2022-06-17 00:00:00-04:00,13.5,15.569999694824219,13.5,13.920000076293945,171900,0.0,0.0
2022-06-21 00:00:00-04:00,14.050000190734863,14.994999885559082,14.050000190734863,14.350000381469727,136900,0.0,0.0
2022-06-22 00:00:00-04:00,14.140000343322754,15.119999885559082,14.020000457763672,14.220000267028809,135100,0.0,0.0
2022-06-23 00:00:00-04:00,14.210000038146973,14.25,13.279999732971191,13.619999885559082,44000,0.0,0.0
2022-06-24 00:00:00-04:00,13.899999618530273,14.680000305175781,13.539999961853027,14.199999809265137,269800,0.0,0.0
2022-06-27 00:00:00-04:00,14.420000076293945,14.569999694824219,13.619999885559082,13.75,56100,0.0,0.0
2022-06-28 00:00:00-04:00,13.920000076293945,13.920000076293945,13.020000457763672,13.319999694824219,66900,0.0,0.0
2022-06-29 00:00:00-04:00,13.319999694824219,13.470000267028809,12.289999961853027,13.350000381469727,80100,0.0,0.0
2022-06-30 00:00:00-04:00,13.09000015258789,14.050000190734863,13.09000015258789,13.609999656677246,73900,0.0,0.0
2022-07-01 00:00:00-04:00,13.609999656677246,13.765000343322754,13.029999732971191,13.270000457763672,59800,0.0,0.0
2022-07-05 00:00:00-04:00,12.960000038146973,14.260000228881836,12.960000038146973,13.949999809265137,116200,0.0,0.0
2022-07-06 00:00:00-04:00,14.670000076293945,14.979999542236328,13.710000038146973,14.0,80300,0.0,0.0
2022-07-07 00:00:00-04:00,14.279999732971191,15.890000343322754,14.279999732971191,14.899999618530273,74300,0.0,0.0
2022-07-08 00:00:00-04:00,14.75,14.989999771118164,14.444999694824219,14.6899995803833,40600,0.0,0.0
2022-07-11 00:00:00-04:00,14.050000190734863,14.329999923706055,13.449999809265137,13.510000228881836,31300,0.0,0.0
2022-07-12 00:00:00-04:00,14.369999885559082,14.59000015258789,13.069999694824219,14.210000038146973,79300,0.0,0.0
2022-07-13 00:00:00-04:00,14.069999694824219,14.975000381469727,13.835000038146973,14.880000114440918,104500,0.0,0.0
2022-07-14 00:00:00-04:00,14.609999656677246,15.600000381469727,14.609999656677246,15.489999771118164,94600,0.0,0.0
2022-07-15 00:00:00-04:00,15.930000305175781,16.709999084472656,15.5,15.949999809265137,53500,0.0,0.0
2022-07-18 00:00:00-04:00,16.1200008392334,16.1200008392334,15.619999885559082,15.739999771118164,63500,0.0,0.0
2022-07-19 00:00:00-04:00,15.90999984741211,16.549999237060547,15.460000038146973,16.190000534057617,76400,0.0,0.0
2022-07-20 00:00:00-04:00,16.18000030517578,18.0,16.18000030517578,16.760000228881836,53700,0.0,0.0
2022-07-21 00:00:00-04:00,16.799999237060547,17.0,15.937999725341797,16.3799991607666,51000,0.0,0.0
2022-07-22 00:00:00-04:00,16.690000534057617,17.809999465942383,16.190000534057617,16.229999542236328,37300,0.0,0.0
2022-07-25 00:00:00-04:00,16.309999465942383,16.40999984741211,15.5,16.34000015258789,67900,0.0,0.0
2022-07-26 00:00:00-04:00,16.399999618530273,17.469999313354492,16.200000762939453,17.0,75200,0.0,0.0
2022-07-27 00:00:00-04:00,17.280000686645508,17.889999389648438,17.219999313354492,17.84000015258789,45400,0.0,0.0
2022-07-28 00:00:00-04:00,17.760000228881836,17.760000228881836,17.0,17.6299991607666,35200,0.0,0.0
2022-07-29 00:00:00-04:00,17.25,17.5049991607666,17.09000015258789,17.25,37200,0.0,0.0
2022-08-01 00:00:00-04:00,17.049999237060547,17.7549991607666,16.850000381469727,17.020000457763672,63900,0.0,0.0
2022-08-02 00:00:00-04:00,16.959999084472656,17.5,16.559999465942383,16.75,29100,0.0,0.0
2022-08-03 00:00:00-04:00,16.809999465942383,18.1299991607666,16.809999465942383,17.540000915527344,47700,0.0,0.0
2022-08-04 00:00:00-04:00,17.729999542236328,18.399999618530273,17.700000762939453,18.15999984741211,50900,0.0,0.0
2022-08-05 00:00:00-04:00,18.479999542236328,19.790000915527344,18.209999084472656,18.31999969482422,68800,0.0,0.0
2022-08-08 00:00:00-04:00,18.3700008392334,19.399999618530273,17.09000015258789,17.989999771118164,72400,0.0,0.0
2022-08-09 00:00:00-04:00,17.950000762939453,18.299999237060547,16.270000457763672,17.950000762939453,88400,0.0,0.0
2022-08-10 00:00:00-04:00,18.709999084472656,20.0,18.69499969482422,19.56999969482422,101000,0.0,0.0
2022-08-11 00:00:00-04:00,19.56999969482422,19.610000610351562,18.479999542236328,19.350000381469727,53500,0.0,0.0
2022-08-12 00:00:00-04:00,19.049999237060547,20.690000534057617,19.020000457763672,20.350000381469727,92600,0.0,0.0
2022-08-15 00:00:00-04:00,20.43000030517578,21.969999313354492,20.31999969482422,21.649999618530273,52300,0.0,0.0
2022-08-16 00:00:00-04:00,21.75,21.75,20.850000381469727,20.979999542236328,68900,0.0,0.0
2022-08-17 00:00:00-04:00,20.600000381469727,21.100000381469727,19.739999771118164,19.8799991607666,48400,0.0,0.0
2022-08-18 00:00:00-04:00,19.770000457763672,20.700000762939453,19.770000457763672,20.239999771118164,43500,0.0,0.0
2022-08-19 00:00:00-04:00,19.8700008392334,20.25,18.239999771118164,18.600000381469727,281700,0.0,0.0
2022-08-22 00:00:00-04:00,20.329999923706055,20.329999923706055,17.9950008392334,18.209999084472656,46800,0.0,0.0
2022-08-23 00:00:00-04:00,17.849000930786133,19.5,17.849000930786133,18.649999618530273,28300,0.0,0.0
2022-08-24 00:00:00-04:00,18.899999618530273,21.479999542236328,18.860000610351562,20.3799991607666,60000,0.0,0.0
2022-08-25 00:00:00-04:00,20.520000457763672,21.149999618530273,20.170000076293945,20.600000381469727,110600,0.0,0.0
2022-08-26 00:00:00-04:00,20.40999984741211,20.950000762939453,19.100000381469727,19.639999389648438,99400,0.0,0.0
2022-08-29 00:00:00-04:00,19.0,22.31999969482422,19.0,21.81999969482422,251800,0.0,0.0
2022-08-30 00:00:00-04:00,21.889999389648438,22.600000381469727,20.040000915527344,20.510000228881836,227600,0.0,0.0
2022-08-31 00:00:00-04:00,20.459999084472656,21.790000915527344,20.43000030517578,21.729999542236328,113900,0.0,0.0
2022-09-01 00:00:00-04:00,21.260000228881836,21.75,20.670000076293945,21.399999618530273,101000,0.0,0.0
2022-09-02 00:00:00-04:00,21.600000381469727,21.969999313354492,18.969999313354492,19.209999084472656,128000,0.0,0.0
2022-09-06 00:00:00-04:00,19.209999084472656,19.790000915527344,18.5,19.06999969482422,42800,0.0,0.0
2022-09-07 00:00:00-04:00,18.6299991607666,20.299999237060547,18.6299991607666,20.200000762939453,277300,0.0,0.0
2022-09-08 00:00:00-04:00,20.760000228881836,20.989999771118164,20.0,20.610000610351562,60700,0.0,0.0
2022-09-09 00:00:00-04:00,20.43000030517578,20.71500015258789,19.670000076293945,20.0,61300,0.0,0.0
2022-09-12 00:00:00-04:00,20.020000457763672,21.18000030517578,19.440000534057617,21.09000015258789,62600,0.0,0.0
2022-09-13 00:00:00-04:00,20.329999923706055,22.229999542236328,19.81999969482422,20.899999618530273,115400,0.0,0.0
2022-09-14 00:00:00-04:00,20.950000762939453,21.795000076293945,20.655000686645508,21.1299991607666,39800,0.0,0.0
2022-09-15 00:00:00-04:00,21.049999237060547,22.309999465942383,20.709999084472656,21.3700008392334,50300,0.0,0.0
2022-09-16 00:00:00-04:00,21.209999084472656,22.190000534057617,20.1200008392334,20.920000076293945,312000,0.0,0.0
2022-09-19 00:00:00-04:00,20.420000076293945,21.03499984741211,19.850000381469727,20.8700008392334,53200,0.0,0.0
2022-09-20 00:00:00-04:00,20.3799991607666,21.059999465942383,19.829999923706055,20.899999618530273,67400,0.0,0.0
2022-09-21 00:00:00-04:00,21.0,23.100000381469727,20.549999237060547,22.309999465942383,88800,0.0,0.0
2022-09-22 00:00:00-04:00,22.459999084472656,22.75,21.68000030517578,21.899999618530273,65900,0.0,0.0
2022-09-23 00:00:00-04:00,21.5,22.350000381469727,20.899999618530273,21.989999771118164,76200,0.0,0.0
2022-09-26 00:00:00-04:00,22.15999984741211,23.389999389648438,20.3799991607666,20.489999771118164,115600,0.0,0.0
2022-09-27 00:00:00-04:00,20.729999542236328,22.427000045776367,20.420000076293945,21.770000457763672,114800,0.0,0.0
2022-09-28 00:00:00-04:00,22.1200008392334,22.420000076293945,19.979999542236328,21.690000534057617,97500,0.0,0.0
2022-09-29 00:00:00-04:00,21.610000610351562,21.610000610351562,20.649999618530273,20.8700008392334,65600,0.0,0.0
2022-09-30 00:00:00-04:00,20.81999969482422,22.84000015258789,20.81999969482422,21.309999465942383,81200,0.0,0.0
2022-10-03 00:00:00-04:00,21.530000686645508,21.530000686645508,19.579999923706055,20.40999984741211,95500,0.0,0.0
2022-10-04 00:00:00-04:00,20.59000015258789,22.790000915527344,19.950000762939453,22.190000534057617,168200,0.0,0.0
2022-10-05 00:00:00-04:00,21.639999389648438,22.420000076293945,20.729999542236328,20.920000076293945,73200,0.0,0.0
2022-10-06 00:00:00-04:00,20.809999465942383,20.979999542236328,20.110000610351562,20.3700008392334,33700,0.0,0.0
2022-10-07 00:00:00-04:00,20.219999313354492,20.219999313354492,19.2450008392334,19.959999084472656,81000,0.0,0.0
2022-10-10 00:00:00-04:00,19.940000534057617,20.40999984741211,19.452999114990234,20.110000610351562,40400,0.0,0.0
2022-10-11 00:00:00-04:00,20.040000915527344,20.90999984741211,19.395999908447266,20.0,43300,0.0,0.0
2022-10-12 00:00:00-04:00,20.1299991607666,20.854999542236328,19.815000534057617,19.969999313354492,65200,0.0,0.0
2022-10-13 00:00:00-04:00,19.479999542236328,20.735000610351562,19.479999542236328,20.18000030517578,51400,0.0,0.0
2022-10-14 00:00:00-04:00,20.43000030517578,20.43000030517578,19.100000381469727,19.18000030517578,23100,0.0,0.0
2022-10-17 00:00:00-04:00,19.059999465942383,20.350000381469727,19.059999465942383,19.700000762939453,59400,0.0,0.0
2022-10-18 00:00:00-04:00,20.299999237060547,20.299999237060547,19.049999237060547,19.1200008392334,63800,0.0,0.0
2022-10-19 00:00:00-04:00,19.170000076293945,19.170000076293945,18.469999313354492,18.549999237060547,39200,0.0,0.0
2022-10-20 00:00:00-04:00,18.579999923706055,18.780000686645508,18.170000076293945,18.5,74700,0.0,0.0
2022-10-21 00:00:00-04:00,18.780000686645508,19.030000686645508,16.860000610351562,17.639999389648438,112300,0.0,0.0
2022-10-24 00:00:00-04:00,17.770000457763672,18.389999389648438,17.719999313354492,18.239999771118164,28700,0.0,0.0
2022-10-25 00:00:00-04:00,18.139999389648438,18.860000610351562,17.90999984741211,18.579999923706055,163100,0.0,0.0
2022-10-26 00:00:00-04:00,18.700000762939453,19.059999465942383,17.950000762939453,18.030000686645508,190400,0.0,0.0
2022-10-27 00:00:00-04:00,18.149999618530273,18.649999618530273,17.489999771118164,18.139999389648438,74200,0.0,0.0
2022-10-28 00:00:00-04:00,18.170000076293945,19.149999618530273,16.510000228881836,18.639999389648438,162600,0.0,0.0
2022-10-31 00:00:00-04:00,18.600000381469727,19.0,17.969999313354492,18.639999389648438,56800,0.0,0.0
2022-11-01 00:00:00-04:00,18.780000686645508,19.299999237060547,18.0,18.34000015258789,116900,0.0,0.0
2022-11-02 00:00:00-04:00,18.219999313354492,18.729999542236328,17.209999084472656,17.479999542236328,148300,0.0,0.0
2022-11-03 00:00:00-04:00,17.299999237060547,18.25,16.920000076293945,17.260000228881836,153900,0.0,0.0
2022-11-04 00:00:00-04:00,16.959999084472656,17.209999084472656,16.3799991607666,16.950000762939453,161100,0.0,0.0
2022-11-07 00:00:00-05:00,17.0,18.149999618530273,17.0,17.299999237060547,86100,0.0,0.0
2022-11-08 00:00:00-05:00,17.290000915527344,17.690000534057617,16.360000610351562,16.81999969482422,132900,0.0,0.0
2022-11-09 00:00:00-05:00,16.540000915527344,16.540000915527344,15.260000228881836,15.8100004196167,109800,0.0,0.0
2022-11-10 00:00:00-05:00,16.850000381469727,17.524999618530273,15.619999885559082,16.290000915527344,178900,0.0,0.0
2022-11-11 00:00:00-05:00,16.110000610351562,16.704999923706055,15.850000381469727,16.3799991607666,157500,0.0,0.0
2022-11-14 00:00:00-05:00,16.40999984741211,16.825000762939453,15.229999542236328,16.18000030517578,207100,0.0,0.0
2022-11-15 00:00:00-05:00,16.219999313354492,17.524999618530273,16.219999313354492,16.850000381469727,114600,0.0,0.0
2022-11-16 00:00:00-05:00,16.809999465942383,17.200000762939453,16.079999923706055,16.25,149800,0.0,0.0
2022-11-17 00:00:00-05:00,15.779999732971191,16.579999923706055,15.220000267028809,16.0,252300,0.0,0.0
2022-11-18 00:00:00-05:00,16.8799991607666,17.920000076293945,16.219999313354492,16.229999542236328,159700,0.0,0.0
2022-11-21 00:00:00-05:00,16.479999542236328,16.889999389648438,15.345000267028809,15.930000305175781,101700,0.0,0.0
2022-11-22 00:00:00-05:00,15.930000305175781,16.6200008392334,15.744999885559082,16.40999984741211,114500,0.0,0.0
2022-11-23 00:00:00-05:00,16.420000076293945,16.729999542236328,16.15999984741211,16.5,96700,0.0,0.0
2022-11-25 00:00:00-05:00,16.885000228881836,16.885000228881836,15.8100004196167,16.350000381469727,31700,0.0,0.0
2022-11-28 00:00:00-05:00,16.290000915527344,16.290000915527344,15.649999618530273,15.8100004196167,72200,0.0,0.0
2022-11-29 00:00:00-05:00,15.760000228881836,16.084999084472656,15.300000190734863,15.739999771118164,91700,0.0,0.0
2022-11-30 00:00:00-05:00,15.829999923706055,17.06999969482422,15.4399995803833,16.700000762939453,249100,0.0,0.0
2022-12-01 00:00:00-05:00,16.489999771118164,16.739999771118164,15.729999542236328,16.350000381469727,95800,0.0,0.0
2022-12-02 00:00:00-05:00,16.2549991607666,16.533000946044922,15.84000015258789,16.299999237060547,127900,0.0,0.0
2022-12-05 00:00:00-05:00,16.209999084472656,16.53499984741211,15.329999923706055,16.190000534057617,273600,0.0,0.0
2022-12-06 00:00:00-05:00,16.049999237060547,16.899999618530273,15.920000076293945,16.639999389648438,274700,0.0,0.0
2022-12-07 00:00:00-05:00,16.469999313354492,17.100000381469727,15.949999809265137,16.299999237060547,598700,0.0,0.0
2022-12-08 00:00:00-05:00,16.415000915527344,16.59000015258789,15.760000228881836,16.520000457763672,381500,0.0,0.0
2022-12-09 00:00:00-05:00,16.610000610351562,16.989999771118164,16.290000915527344,16.469999313354492,99400,0.0,0.0
2022-12-12 00:00:00-05:00,16.5,18.625,16.5,17.8700008392334,208000,0.0,0.0
2022-12-13 00:00:00-05:00,18.190000534057617,19.799999237060547,17.75,19.5,218100,0.0,0.0
2022-12-14 00:00:00-05:00,19.559999465942383,21.020000457763672,19.520000457763672,20.280000686645508,155700,0.0,0.0
2022-12-15 00:00:00-05:00,20.280000686645508,20.834999084472656,18.610000610351562,19.170000076293945,78100,0.0,0.0
2022-12-16 00:00:00-05:00,18.889999389648438,20.610000610351562,18.81999969482422,20.510000228881836,170000,0.0,0.0
2022-12-19 00:00:00-05:00,20.610000610351562,20.610000610351562,18.520000457763672,18.709999084472656,141400,0.0,0.0
2022-12-20 00:00:00-05:00,18.579999923706055,19.139999389648438,18.110000610351562,18.739999771118164,79600,0.0,0.0
2022-12-21 00:00:00-05:00,18.770000457763672,19.889999389648438,18.690000534057617,19.760000228881836,164700,0.0,0.0
2022-12-22 00:00:00-05:00,19.65999984741211,20.260000228881836,19.260000228881836,19.780000686645508,141400,0.0,0.0
2022-12-23 00:00:00-05:00,19.719999313354492,20.299999237060547,19.290000915527344,19.899999618530273,60500,0.0,0.0
2022-12-27 00:00:00-05:00,19.90999984741211,20.1200008392334,18.989999771118164,19.15999984741211,142200,0.0,0.0
2022-12-28 00:00:00-05:00,19.5,19.860000610351562,19.0,19.329999923706055,81100,0.0,0.0
2022-12-29 00:00:00-05:00,19.520000457763672,20.30500030517578,19.399999618530273,19.440000534057617,158700,0.0,0.0
2022-12-30 00:00:00-05:00,19.389999389648438,19.61400032043457,18.829999923706055,19.350000381469727,87400,0.0,0.0
2023-01-03 00:00:00-05:00,19.3700008392334,19.549999237060547,17.530000686645508,18.299999237060547,3044200,0.0,0.0
2023-01-04 00:00:00-05:00,7.150000095367432,8.100000381469727,6.210000038146973,6.460000038146973,8359300,0.0,0.0
2023-01-05 00:00:00-05:00,6.199999809265137,6.210000038146973,5.5,5.599999904632568,2394800,0.0,0.0
2023-01-06 00:00:00-05:00,5.5,6.0,5.199999809265137,5.480000019073486,1882000,0.0,0.0
2023-01-09 00:00:00-05:00,5.389999866485596,5.650000095367432,5.329999923706055,5.409999847412109,953700,0.0,0.0
2023-01-10 00:00:00-05:00,5.349999904632568,5.96999979019165,5.349999904632568,5.840000152587891,1046500,0.0,0.0
2023-01-11 00:00:00-05:00,5.78000020980835,6.150000095367432,5.710000038146973,5.909999847412109,1061900,0.0,0.0
2023-01-12 00:00:00-05:00,5.880000114440918,6.059999942779541,5.619999885559082,6.019999980926514,836500,0.0,0.0
2023-01-13 00:00:00-05:00,5.989999771118164,6.78000020980835,5.943999767303467,6.739999771118164,1050300,0.0,0.0
2023-01-17 00:00:00-05:00,6.730000019073486,7.659999847412109,6.510000228881836,7.650000095367432,1399900,0.0,0.0
2023-01-18 00:00:00-05:00,7.650000095367432,8.949999809265137,7.559999942779541,8.649999618530273,1542500,0.0,0.0
2023-01-19 00:00:00-05:00,8.5,8.890000343322754,8.210000038146973,8.550000190734863,725200,0.0,0.0
2023-01-20 00:00:00-05:00,8.680000305175781,9.0,8.220000267028809,8.989999771118164,577400,0.0,0.0
2023-01-23 00:00:00-05:00,9.0,9.180000305175781,8.489999771118164,9.130000114440918,750700,0.0,0.0
2023-01-24 00:00:00-05:00,9.130000114440918,9.420000076293945,8.979999542236328,9.140000343322754,449400,0.0,0.0
2023-01-25 00:00:00-05:00,9.109999656677246,9.210000038146973,8.86299991607666,9.0600004196167,316600,0.0,0.0
2023-01-26 00:00:00-05:00,9.1899995803833,9.734000205993652,9.050000190734863,9.140000343322754,523100,0.0,0.0
2023-01-27 00:00:00-05:00,9.149999618530273,9.510000228881836,8.479999542236328,8.739999771118164,492900,0.0,0.0
2023-01-30 00:00:00-05:00,7.420000076293945,8.569999694824219,7.420000076293945,8.210000038146973,1224500,0.0,0.0
2023-01-31 00:00:00-05:00,8.289999961853027,8.6899995803833,8.140000343322754,8.479999542236328,367900,0.0,0.0
2023-02-01 00:00:00-05:00,8.470000267028809,8.640000343322754,8.210000038146973,8.489999771118164,265700,0.0,0.0
2023-02-02 00:00:00-05:00,7.130000114440918,7.5,7.039999961853027,7.15500020980835,3688900,0.0,0.0
2023-02-03 00:00:00-05:00,7.070000171661377,7.309999942779541,7.050000190734863,7.230000019073486,958800,0.0,0.0
2023-02-06 00:00:00-05:00,7.199999809265137,7.291999816894531,6.849999904632568,6.96999979019165,1210400,0.0,0.0
2023-02-07 00:00:00-05:00,7.010000228881836,7.320000171661377,6.949999809265137,7.119999885559082,665800,0.0,0.0
2023-02-08 00:00:00-05:00,7.150000095367432,7.380000114440918,7.059999942779541,7.239999771118164,927100,0.0,0.0
2023-02-09 00:00:00-05:00,7.730000019073486,7.880000114440918,7.230000019073486,7.28000020980835,1023900,0.0,0.0
2023-02-10 00:00:00-05:00,7.53000020980835,7.590000152587891,7.320000171661377,7.46999979019165,704100,0.0,0.0
2023-02-13 00:00:00-05:00,7.53000020980835,7.599999904632568,7.070000171661377,7.5,535800,0.0,0.0
2023-02-14 00:00:00-05:00,7.480000019073486,7.860000133514404,7.322999954223633,7.829999923706055,526200,0.0,0.0
2023-02-15 00:00:00-05:00,7.769999980926514,7.900000095367432,7.635000228881836,7.869999885559082,318600,0.0,0.0
2023-02-16 00:00:00-05:00,7.860000133514404,8.343999862670898,7.78000020980835,8.010000228881836,701400,0.0,0.0
2023-02-17 00:00:00-05:00,7.960000038146973,8.640000343322754,7.699999809265137,8.380000114440918,551600,0.0,0.0
2023-02-21 00:00:00-05:00,8.4399995803833,8.640000343322754,7.965000152587891,8.039999961853027,367000,0.0,0.0
2023-02-22 00:00:00-05:00,8.050000190734863,8.279999732971191,7.679999828338623,7.840000152587891,472300,0.0,0.0
2023-02-23 00:00:00-05:00,7.829999923706055,7.829999923706055,7.21999979019165,7.570000171661377,868700,0.0,0.0
2023-02-24 00:00:00-05:00,7.5,7.840000152587891,7.40500020980835,7.480000019073486,284100,0.0,0.0
2023-02-27 00:00:00-05:00,7.489999771118164,7.630000114440918,7.304999828338623,7.449999809265137,232500,0.0,0.0
2023-02-28 00:00:00-05:00,7.599999904632568,7.599999904632568,7.320000171661377,7.429999828338623,223800,0.0,0.0
2023-03-01 00:00:00-05:00,7.449999809265137,7.559999942779541,7.21999979019165,7.400000095367432,378000,0.0,0.0
2023-03-02 00:00:00-05:00,7.320000171661377,7.409999847412109,7.179999828338623,7.239999771118164,314200,0.0,0.0
2023-03-03 00:00:00-05:00,7.25,7.539999961853027,7.14900016784668,7.53000020980835,372900,0.0,0.0
2023-03-06 00:00:00-05:00,7.769999980926514,8.479999542236328,7.630000114440918,8.359999656677246,659100,0.0,0.0
2023-03-07 00:00:00-05:00,8.34000015258789,8.614999771118164,8.210000038146973,8.279999732971191,387700,0.0,0.0
2023-03-08 00:00:00-05:00,8.34000015258789,8.442999839782715,7.849999904632568,8.09000015258789,233800,0.0,0.0
2023-03-09 00:00:00-05:00,8.109999656677246,8.210000038146973,7.619999885559082,7.71999979019165,376900,0.0,0.0
2023-03-10 00:00:00-05:00,7.71999979019165,7.940000057220459,7.050000190734863,7.369999885559082,1364100,0.0,0.0
2023-03-13 00:00:00-04:00,7.269999980926514,7.730000019073486,7.230000019073486,7.360000133514404,347600,0.0,0.0
2023-03-14 00:00:00-04:00,7.400000095367432,7.639999866485596,6.96999979019165,7.159999847412109,550500,0.0,0.0
2023-03-15 00:00:00-04:00,7.21999979019165,7.304999828338623,6.949999809265137,7.130000114440918,699700,0.0,0.0
2023-03-16 00:00:00-04:00,7.0,7.349999904632568,6.829999923706055,7.260000228881836,584800,0.0,0.0
2023-03-17 00:00:00-04:00,7.260000228881836,7.289999961853027,6.960000038146973,7.130000114440918,1689300,0.0,0.0
2023-03-20 00:00:00-04:00,7.230000019073486,7.679999828338623,7.119999885559082,7.480000019073486,592000,0.0,0.0
2023-03-21 00:00:00-04:00,7.5,7.690000057220459,7.360000133514404,7.429999828338623,277800,0.0,0.0
2023-03-22 00:00:00-04:00,7.639999866485596,7.829999923706055,7.380000114440918,7.389999866485596,386200,0.0,0.0
2023-03-23 00:00:00-04:00,7.369999885559082,7.75,7.289999961853027,7.46999979019165,422300,0.0,0.0
2023-03-24 00:00:00-04:00,7.460000038146973,7.539999961853027,7.190000057220459,7.510000228881836,380700,0.0,0.0
2023-03-27 00:00:00-04:00,7.480000019073486,7.690000057220459,7.170000076293945,7.300000190734863,346600,0.0,0.0
2023-03-28 00:00:00-04:00,7.269999980926514,7.389999866485596,7.159999847412109,7.260000228881836,321100,0.0,0.0
2023-03-29 00:00:00-04:00,7.289999961853027,8.25,7.205999851226807,7.619999885559082,416400,0.0,0.0
2023-03-30 00:00:00-04:00,7.699999809265137,7.855000019073486,7.199999809265137,7.440000057220459,246100,0.0,0.0
2023-03-31 00:00:00-04:00,7.619999885559082,7.989999771118164,7.550000190734863,7.760000228881836,397400,0.0,0.0
2023-04-03 00:00:00-04:00,7.769999980926514,7.90500020980835,7.429999828338623,7.559999942779541,339000,0.0,0.0
2023-04-04 00:00:00-04:00,7.699999809265137,7.699999809265137,7.01800012588501,7.130000114440918,271600,0.0,0.0
2023-04-05 00:00:00-04:00,7.099999904632568,7.130000114440918,6.449999809265137,6.579999923706055,553300,0.0,0.0
2023-04-06 00:00:00-04:00,6.550000190734863,6.590000152587891,6.090000152587891,6.110000133514404,492400,0.0,0.0
2023-04-10 00:00:00-04:00,6.110000133514404,6.28000020980835,5.949999809265137,6.25,464600,0.0,0.0
2023-04-11 00:00:00-04:00,6.199999809265137,6.449999809265137,6.050000190734863,6.139999866485596,310200,0.0,0.0
2023-04-12 00:00:00-04:00,6.25,6.369999885559082,6.110000133514404,6.230000019073486,747000,0.0,0.0
2023-04-13 00:00:00-04:00,6.230000019073486,6.599999904632568,6.230000019073486,6.440000057220459,378300,0.0,0.0
2023-04-14 00:00:00-04:00,6.400000095367432,6.440999984741211,6.050000190734863,6.269999980926514,478800,0.0,0.0
2023-04-17 00:00:00-04:00,6.289999961853027,6.570000171661377,6.25,6.380000114440918,199700,0.0,0.0
2023-04-18 00:00:00-04:00,6.400000095367432,6.400000095367432,6.179999828338623,6.400000095367432,211500,0.0,0.0
2023-04-19 00:00:00-04:00,6.320000171661377,6.559999942779541,6.320000171661377,6.519999980926514,181700,0.0,0.0
2023-04-20 00:00:00-04:00,6.489999771118164,6.619999885559082,6.199999809265137,6.260000228881836,161900,0.0,0.0
2023-04-21 00:00:00-04:00,6.230000019073486,6.570000171661377,6.159999847412109,6.53000020980835,369900,0.0,0.0
2023-04-24 00:00:00-04:00,6.53000020980835,6.545000076293945,6.210000038146973,6.400000095367432,194700,0.0,0.0
2023-04-25 00:00:00-04:00,6.349999904632568,6.59499979019165,6.21999979019165,6.329999923706055,216300,0.0,0.0
2023-04-26 00:00:00-04:00,6.329999923706055,6.460000038146973,6.239999771118164,6.340000152587891,840100,0.0,0.0
2023-04-27 00:00:00-04:00,6.360000133514404,6.559999942779541,6.239999771118164,6.260000228881836,139800,0.0,0.0
2023-04-28 00:00:00-04:00,6.230000019073486,6.710000038146973,6.070000171661377,6.650000095367432,739000,0.0,0.0
2023-05-01 00:00:00-04:00,6.679999828338623,7.039999961853027,6.679999828338623,6.949999809265137,211700,0.0,0.0
2023-05-02 00:00:00-04:00,6.920000076293945,6.920000076293945,6.400000095367432,6.75,314300,0.0,0.0
2023-05-03 00:00:00-04:00,6.699999809265137,7.170000076293945,6.699999809265137,7.070000171661377,219800,0.0,0.0
2023-05-04 00:00:00-04:00,7.090000152587891,7.400000095367432,6.929999828338623,7.269999980926514,170800,0.0,0.0
2023-05-05 00:00:00-04:00,7.309999942779541,7.659999847412109,7.309999942779541,7.440000057220459,211300,0.0,0.0
2023-05-08 00:00:00-04:00,7.460000038146973,8.100000381469727,7.389999866485596,7.559999942779541,440400,0.0,0.0
2023-05-09 00:00:00-04:00,7.489999771118164,7.829999923706055,7.349999904632568,7.639999866485596,158800,0.0,0.0
2023-05-10 00:00:00-04:00,7.699999809265137,7.835000038146973,7.550000190734863,7.699999809265137,218300,0.0,0.0
2023-05-11 00:00:00-04:00,7.679999828338623,7.929999828338623,7.199999809265137,7.550000190734863,341100,0.0,0.0
2023-05-12 00:00:00-04:00,7.559999942779541,8.039999961853027,7.409999847412109,7.570000171661377,308300,0.0,0.0
2023-05-15 00:00:00-04:00,7.590000152587891,8.270000457763672,7.550000190734863,7.96999979019165,411100,0.0,0.0
2023-05-16 00:00:00-04:00,7.849999904632568,7.96999979019165,7.505000114440918,7.699999809265137,270500,0.0,0.0
2023-05-17 00:00:00-04:00,7.760000228881836,7.760000228881836,7.489999771118164,7.590000152587891,176300,0.0,0.0
2023-05-18 00:00:00-04:00,7.570000171661377,7.625,7.130000114440918,7.400000095367432,216000,0.0,0.0
2023-05-19 00:00:00-04:00,7.5,7.900000095367432,7.5,7.860000133514404,304300,0.0,0.0
2023-05-22 00:00:00-04:00,7.860000133514404,8.1899995803833,7.75,8.119999885559082,357300,0.0,0.0
2023-05-23 00:00:00-04:00,8.119999885559082,8.420000076293945,8.0,8.0600004196167,327300,0.0,0.0
2023-05-24 00:00:00-04:00,8.020000457763672,8.020000457763672,7.480000019073486,7.53000020980835,186700,0.0,0.0
2023-05-25 00:00:00-04:00,7.53000020980835,7.53000020980835,7.159999847412109,7.190000057220459,141200,0.0,0.0
2023-05-26 00:00:00-04:00,7.159999847412109,7.630000114440918,7.099999904632568,7.610000133514404,227200,0.0,0.0
2023-05-30 00:00:00-04:00,7.639999866485596,8.15999984741211,7.639999866485596,8.010000228881836,716700,0.0,0.0
2023-05-31 00:00:00-04:00,8.0,8.65999984741211,7.920000076293945,8.350000381469727,591800,0.0,0.0
2023-06-01 00:00:00-04:00,8.350000381469727,9.029999732971191,8.140000343322754,8.949999809265137,239000,0.0,0.0
2023-06-02 00:00:00-04:00,9.130000114440918,9.479999542236328,8.960000038146973,9.3100004196167,193700,0.0,0.0
2023-06-05 00:00:00-04:00,9.3100004196167,9.614999771118164,8.920000076293945,9.0,261500,0.0,0.0
2023-06-06 00:00:00-04:00,8.989999771118164,9.300000190734863,8.5,9.079999923706055,217700,0.0,0.0
2023-06-07 00:00:00-04:00,9.119999885559082,9.5600004196167,8.6899995803833,9.0,621200,0.0,0.0
2023-06-08 00:00:00-04:00,9.010000228881836,9.300000190734863,8.640000343322754,8.699999809265137,643000,0.0,0.0
2023-06-09 00:00:00-04:00,8.699999809265137,8.843000411987305,7.730000019073486,7.769999980926514,213000,0.0,0.0
2023-06-12 00:00:00-04:00,8.600000381469727,9.704999923706055,8.479999542236328,9.0,3891700,0.0,0.0
2023-06-13 00:00:00-04:00,8.899999618530273,11.0600004196167,8.899999618530273,11.0,1462000,0.0,0.0
2023-06-14 00:00:00-04:00,11.020000457763672,15.020000457763672,11.020000457763672,13.350000381469727,4361000,0.0,0.0
2023-06-15 00:00:00-04:00,12.9399995803833,13.020000457763672,12.069999694824219,12.720000267028809,913900,0.0,0.0
2023-06-16 00:00:00-04:00,13.020000457763672,13.960000038146973,12.5,12.869999885559082,1062600,0.0,0.0
2023-06-20 00:00:00-04:00,14.600000381469727,15.899999618530273,13.880000114440918,15.050000190734863,3667600,0.0,0.0
2023-06-21 00:00:00-04:00,15.0,16.600000381469727,14.779999732971191,15.619999885559082,886800,0.0,0.0
2023-06-22 00:00:00-04:00,15.539999961853027,15.805000305175781,14.960000038146973,15.75,787400,0.0,0.0
2023-06-23 00:00:00-04:00,16.31999969482422,17.68000030517578,16.170000076293945,17.270000457763672,3991400,0.0,0.0
2023-06-26 00:00:00-04:00,17.350000381469727,17.84000015258789,16.549999237060547,17.479999542236328,772100,0.0,0.0
2023-06-27 00:00:00-04:00,17.469999313354492,17.899999618530273,16.860000610351562,17.540000915527344,1744300,0.0,0.0
2023-06-28 00:00:00-04:00,17.540000915527344,18.350000381469727,17.280000686645508,17.829999923706055,836200,0.0,0.0
2023-06-29 00:00:00-04:00,17.889999389648438,18.301000595092773,16.6299991607666,16.989999771118164,803100,0.0,0.0
2023-06-30 00:00:00-04:00,17.25,17.43000030517578,15.960000038146973,16.049999237060547,858400,0.0,0.0
2023-07-03 00:00:00-04:00,16.040000915527344,16.469999313354492,15.647000312805176,15.890000343322754,320600,0.0,0.0
2023-07-05 00:00:00-04:00,15.899999618530273,16.44499969482422,15.619999885559082,16.079999923706055,567900,0.0,0.0
2023-07-06 00:00:00-04:00,15.890000343322754,15.890000343322754,14.869999885559082,15.1899995803833,485500,0.0,0.0
2023-07-07 00:00:00-04:00,15.229999542236328,16.139999389648438,15.1899995803833,15.979999542236328,747600,0.0,0.0
2023-07-10 00:00:00-04:00,16.010000228881836,16.790000915527344,15.649999618530273,16.3799991607666,384900,0.0,0.0
2023-07-11 00:00:00-04:00,16.3799991607666,16.989999771118164,15.8100004196167,16.979999542236328,323700,0.0,0.0
2023-07-12 00:00:00-04:00,17.280000686645508,17.56999969482422,16.420000076293945,16.489999771118164,518600,0.0,0.0
2023-07-13 00:00:00-04:00,16.520000457763672,16.989999771118164,16.420000076293945,16.809999465942383,222900,0.0,0.0
2023-07-14 00:00:00-04:00,16.850000381469727,17.149999618530273,16.44499969482422,16.940000534057617,163600,0.0,0.0
2023-07-17 00:00:00-04:00,16.940000534057617,17.385000228881836,16.649999618530273,17.010000228881836,448100,0.0,0.0
2023-07-18 00:00:00-04:00,17.059999465942383,17.959999084472656,16.989999771118164,17.309999465942383,519900,0.0,0.0
2023-07-19 00:00:00-04:00,17.399999618530273,17.6200008392334,16.5,16.59000015258789,361600,0.0,0.0
2023-07-20 00:00:00-04:00,16.510000228881836,17.139999389648438,16.5,16.959999084472656,363100,0.0,0.0
2023-07-21 00:00:00-04:00,17.0,17.299999237060547,16.670000076293945,16.709999084472656,202000,0.0,0.0
2023-07-24 00:00:00-04:00,16.760000228881836,17.200000762939453,15.520000457763672,15.569999694824219,525700,0.0,0.0
2023-07-25 00:00:00-04:00,15.569999694824219,16.030000686645508,15.380000114440918,15.789999961853027,267300,0.0,0.0
2023-07-26 00:00:00-04:00,15.789999961853027,16.309999465942383,15.739999771118164,16.18000030517578,150100,0.0,0.0
2023-07-27 00:00:00-04:00,16.290000915527344,17.06999969482422,16.290000915527344,16.780000686645508,908800,0.0,0.0
2023-07-28 00:00:00-04:00,16.90999984741211,17.40999984741211,16.889999389648438,17.200000762939453,345300,0.0,0.0
2023-07-31 00:00:00-04:00,17.299999237060547,18.850000381469727,17.104999542236328,18.770000457763672,566400,0.0,0.0
2023-08-01 00:00:00-04:00,18.780000686645508,19.530000686645508,18.309999465942383,19.079999923706055,535200,0.0,0.0
2023-08-02 00:00:00-04:00,18.860000610351562,18.959999084472656,17.889999389648438,18.40999984741211,382000,0.0,0.0
2023-08-03 00:00:00-04:00,18.329999923706055,18.899999618530273,17.69700050354004,18.200000762939453,546500,0.0,0.0
2023-08-04 00:00:00-04:00,18.229999542236328,18.5,17.899999618530273,18.09000015258789,242500,0.0,0.0
2023-08-07 00:00:00-04:00,18.15999984741211,18.31999969482422,17.010000228881836,18.0,379300,0.0,0.0
2023-08-08 00:00:00-04:00,18.010000228881836,18.459999084472656,17.850000381469727,18.40999984741211,242200,0.0,0.0
2023-08-09 00:00:00-04:00,18.43000030517578,18.700000762939453,18.149999618530273,18.489999771118164,197100,0.0,0.0
2023-08-10 00:00:00-04:00,18.700000762939453,20.100000381469727,18.610000610351562,19.639999389648438,428400,0.0,0.0
2023-08-11 00:00:00-04:00,19.709999084472656,20.229999542236328,18.40999984741211,18.469999313354492,564300,0.0,0.0
2023-08-14 00:00:00-04:00,18.43000030517578,18.43000030517578,17.540000915527344,17.799999237060547,384700,0.0,0.0
2023-08-15 00:00:00-04:00,17.75,18.3799991607666,17.520000457763672,17.690000534057617,290800,0.0,0.0
2023-08-16 00:00:00-04:00,17.860000610351562,18.229999542236328,17.170000076293945,17.200000762939453,340800,0.0,0.0
2023-08-17 00:00:00-04:00,17.280000686645508,17.799999237060547,17.014999389648438,17.110000610351562,368000,0.0,0.0
2023-08-18 00:00:00-04:00,16.829999923706055,17.489999771118164,16.520000457763672,17.18000030517578,217000,0.0,0.0
2023-08-21 00:00:00-04:00,16.649999618530273,18.25,16.649999618530273,18.010000228881836,392300,0.0,0.0
2023-08-22 00:00:00-04:00,18.40999984741211,18.420000076293945,17.65999984741211,18.079999923706055,218600,0.0,0.0
2023-08-23 00:00:00-04:00,18.239999771118164,18.489999771118164,17.649999618530273,17.700000762939453,381400,0.0,0.0
2023-08-24 00:00:00-04:00,17.670000076293945,17.889999389648438,17.229999542236328,17.559999465942383,193100,0.0,0.0
2023-08-25 00:00:00-04:00,17.639999389648438,18.170000076293945,17.360000610351562,17.90999984741211,334300,0.0,0.0
2023-08-28 00:00:00-04:00,17.989999771118164,19.170000076293945,17.850000381469727,18.940000534057617,256600,0.0,0.0
2023-08-29 00:00:00-04:00,18.969999313354492,19.329999923706055,18.75,18.790000915527344,375700,0.0,0.0
2023-08-30 00:00:00-04:00,18.709999084472656,19.2450008392334,18.600000381469727,18.760000228881836,201400,0.0,0.0
2023-08-31 00:00:00-04:00,18.75,18.889999389648438,17.549999237060547,17.690000534057617,690200,0.0,0.0
2023-09-01 00:00:00-04:00,17.770000457763672,18.56999969482422,17.670000076293945,18.540000915527344,329700,0.0,0.0
2023-09-05 00:00:00-04:00,18.549999237060547,18.979999542236328,18.18000030517578,18.59000015258789,444500,0.0,0.0
2023-09-06 00:00:00-04:00,18.670000076293945,18.75,18.31999969482422,18.719999313354492,608800,0.0,0.0
2023-09-07 00:00:00-04:00,18.889999389648438,19.118000030517578,18.25,18.579999923706055,482300,0.0,0.0
2023-09-08 00:00:00-04:00,18.579999923706055,19.170000076293945,18.325000762939453,18.479999542236328,337000,0.0,0.0
2023-09-11 00:00:00-04:00,18.770000457763672,19.420000076293945,18.475000381469727,19.0,567900,0.0,0.0
2023-09-12 00:00:00-04:00,18.979999542236328,19.420000076293945,17.899999618530273,17.940000534057617,518200,0.0,0.0
2023-09-13 00:00:00-04:00,17.920000076293945,18.190000534057617,16.729999542236328,16.84000015258789,571100,0.0,0.0
2023-09-14 00:00:00-04:00,17.010000228881836,17.334999084472656,16.459999084472656,16.549999237060547,680000,0.0,0.0
2023-09-15 00:00:00-04:00,16.579999923706055,17.360000610351562,16.329999923706055,17.09000015258789,3319700,0.0,0.0
2023-09-18 00:00:00-04:00,16.920000076293945,17.010000228881836,16.290000915527344,16.690000534057617,658800,0.0,0.0
2023-09-19 00:00:00-04:00,16.739999771118164,16.90999984741211,16.270000457763672,16.549999237060547,400900,0.0,0.0
2023-09-20 00:00:00-04:00,16.520000457763672,16.899999618530273,16.280000686645508,16.389999389648438,195300,0.0,0.0
2023-09-21 00:00:00-04:00,16.149999618530273,16.149999618530273,14.869999885559082,14.899999618530273,711200,0.0,0.0
2023-09-22 00:00:00-04:00,14.9399995803833,15.0,14.270000457763672,14.520000457763672,466200,0.0,0.0
2023-09-25 00:00:00-04:00,14.470000267028809,14.770000457763672,14.15999984741211,14.220000267028809,568600,0.0,0.0
2023-09-26 00:00:00-04:00,14.949999809265137,16.114999771118164,14.899999618530273,15.829999923706055,594000,0.0,0.0
2023-09-27 00:00:00-04:00,16.030000686645508,16.530000686645508,14.890000343322754,15.050000190734863,352200,0.0,0.0
2023-09-28 00:00:00-04:00,14.989999771118164,15.154999732971191,13.720000267028809,13.880000114440918,665100,0.0,0.0
2023-09-29 00:00:00-04:00,13.90999984741211,14.180000305175781,13.399999618530273,13.710000038146973,685500,0.0,0.0
2023-10-02 00:00:00-04:00,13.640000343322754,13.640000343322754,12.5600004196167,12.949999809265137,716200,0.0,0.0
2023-10-03 00:00:00-04:00,13.0600004196167,13.119999885559082,12.529999732971191,12.859999656677246,408600,0.0,0.0
2023-10-04 00:00:00-04:00,12.880000114440918,13.199999809265137,12.600000381469727,12.970000267028809,342200,0.0,0.0
2023-10-05 00:00:00-04:00,12.930000305175781,13.600000381469727,12.8100004196167,13.470000267028809,546800,0.0,0.0
2023-10-06 00:00:00-04:00,13.260000228881836,13.380000114440918,12.229999542236328,12.380000114440918,464800,0.0,0.0
2023-10-09 00:00:00-04:00,12.300000190734863,12.449999809265137,12.0600004196167,12.229999542236328,529400,0.0,0.0
2023-10-10 00:00:00-04:00,12.229999542236328,12.5,11.739999771118164,11.90999984741211,557200,0.0,0.0
2023-10-11 00:00:00-04:00,11.770000457763672,11.914999961853027,10.720000267028809,10.979999542236328,624200,0.0,0.0
2023-10-12 00:00:00-04:00,10.84000015258789,11.274999618530273,10.229999542236328,10.399999618530273,625600,0.0,0.0
2023-10-13 00:00:00-04:00,10.699999809265137,10.765000343322754,10.1899995803833,10.640000343322754,342600,0.0,0.0
2023-10-16 00:00:00-04:00,10.619999885559082,10.75,10.270000457763672,10.34000015258789,570400,0.0,0.0
2023-10-17 00:00:00-04:00,10.289999961853027,11.069999694824219,10.289999961853027,10.800000190734863,546700,0.0,0.0
2023-10-18 00:00:00-04:00,10.760000228881836,11.6899995803833,10.100000381469727,10.25,880800,0.0,0.0
2023-10-19 00:00:00-04:00,10.260000228881836,10.260000228881836,9.680000305175781,9.779999732971191,559700,0.0,0.0
2023-10-20 00:00:00-04:00,9.8100004196167,10.180000305175781,9.449999809265137,9.84000015258789,628300,0.0,0.0
2023-10-23 00:00:00-04:00,9.699999809265137,9.8149995803833,9.239999771118164,9.289999961853027,611700,0.0,0.0
2023-10-24 00:00:00-04:00,9.329999923706055,10.119999885559082,9.329999923706055,10.0600004196167,692900,0.0,0.0
2023-10-25 00:00:00-04:00,10.0,10.0600004196167,9.59000015258789,9.890000343322754,731600,0.0,0.0
2023-10-26 00:00:00-04:00,9.930000305175781,10.640000343322754,9.800000190734863,10.229999542236328,861900,0.0,0.0
2023-10-27 00:00:00-04:00,10.369999885559082,10.430000305175781,9.920000076293945,9.979999542236328,540400,0.0,0.0
2023-10-30 00:00:00-04:00,10.029999732971191,11.010000228881836,9.954999923706055,10.8100004196167,750200,0.0,0.0
2023-10-31 00:00:00-04:00,10.710000038146973,11.130000114440918,10.239999771118164,10.420000076293945,529900,0.0,0.0
2023-11-01 00:00:00-04:00,10.420000076293945,10.989999771118164,10.109999656677246,10.930000305175781,1012200,0.0,0.0
2023-11-02 00:00:00-04:00,11.260000228881836,11.260000228881836,9.680000305175781,10.029999732971191,889700,0.0,0.0
2023-11-03 00:00:00-04:00,10.100000381469727,10.763999938964844,9.829999923706055,10.520000457763672,308600,0.0,0.0
2023-11-06 00:00:00-05:00,10.569999694824219,10.989999771118164,9.880000114440918,10.34000015258789,615600,0.0,0.0
2023-11-07 00:00:00-05:00,10.479999542236328,11.069999694824219,9.989999771118164,11.0,508400,0.0,0.0
2023-11-08 00:00:00-05:00,11.130000114440918,11.970000267028809,10.5,11.520000457763672,664900,0.0,0.0
2023-11-09 00:00:00-05:00,11.279999732971191,12.020000457763672,10.789999961853027,11.510000228881836,836100,0.0,0.0
2023-11-10 00:00:00-05:00,13.0,13.880000114440918,11.729999542236328,12.140000343322754,1113000,0.0,0.0
2023-11-13 00:00:00-05:00,12.119999885559082,12.989999771118164,11.6899995803833,12.760000228881836,611000,0.0,0.0
2023-11-14 00:00:00-05:00,13.300000190734863,13.630000114440918,12.880000114440918,13.619999885559082,718400,0.0,0.0
2023-11-15 00:00:00-05:00,13.720000267028809,14.270000457763672,13.319999694824219,13.359999656677246,430600,0.0,0.0
2023-11-16 00:00:00-05:00,13.380000114440918,13.720000267028809,12.9399995803833,13.220000267028809,357500,0.0,0.0
2023-11-17 00:00:00-05:00,13.300000190734863,13.880000114440918,12.880000114440918,13.6899995803833,357300,0.0,0.0
2023-11-20 00:00:00-05:00,13.630000114440918,13.8149995803833,13.289999961853027,13.5,322000,0.0,0.0
2023-11-21 00:00:00-05:00,13.239999771118164,13.90999984741211,13.029999732971191,13.529999732971191,348300,0.0,0.0
2023-11-22 00:00:00-05:00,13.800000190734863,13.8100004196167,12.920000076293945,13.15999984741211,503500,0.0,0.0
2023-11-24 00:00:00-05:00,13.260000228881836,13.89799976348877,13.25,13.510000228881836,269500,0.0,0.0
2023-11-27 00:00:00-05:00,13.59000015258789,13.59000015258789,12.279999732971191,12.9399995803833,436800,0.0,0.0
2023-11-28 00:00:00-05:00,12.800000190734863,13.15999984741211,12.579999923706055,13.0,237000,0.0,0.0
2023-11-29 00:00:00-05:00,13.050000190734863,13.479999542236328,13.010000228881836,13.350000381469727,244900,0.0,0.0
2023-11-30 00:00:00-05:00,13.779999732971191,13.880000114440918,13.154999732971191,13.550000190734863,393600,0.0,0.0
2023-12-01 00:00:00-05:00,13.430000305175781,13.979999542236328,13.069999694824219,13.84000015258789,325500,0.0,0.0
2023-12-04 00:00:00-05:00,13.800000190734863,14.300000190734863,13.6899995803833,13.869999885559082,218100,0.0,0.0
2023-12-05 00:00:00-05:00,13.779999732971191,14.204999923706055,13.420000076293945,13.5,248100,0.0,0.0
2023-12-06 00:00:00-05:00,13.630000114440918,14.0600004196167,13.460000038146973,13.850000381469727,271800,0.0,0.0
2023-12-07 00:00:00-05:00,13.970000267028809,14.373000144958496,13.75,14.149999618530273,350400,0.0,0.0
2023-12-08 00:00:00-05:00,14.039999961853027,14.239999771118164,13.649999618530273,13.699999809265137,267600,0.0,0.0
2023-12-11 00:00:00-05:00,13.859999656677246,13.859999656677246,13.09000015258789,13.640000343322754,320300,0.0,0.0
2023-12-12 00:00:00-05:00,13.609999656677246,13.699999809265137,13.180000305175781,13.550000190734863,372100,0.0,0.0
2023-12-13 00:00:00-05:00,13.59000015258789,14.675000190734863,13.59000015258789,14.489999771118164,493400,0.0,0.0
2023-12-14 00:00:00-05:00,14.670000076293945,15.010000228881836,14.079999923706055,14.720000267028809,598900,0.0,0.0
2023-12-15 00:00:00-05:00,14.960000038146973,16.299999237060547,14.864999771118164,16.0,1456900,0.0,0.0
2023-12-18 00:00:00-05:00,16.6200008392334,16.785999298095703,15.569999694824219,15.640000343322754,505200,0.0,0.0
2023-12-19 00:00:00-05:00,15.920000076293945,16.100000381469727,15.520000457763672,16.0,419600,0.0,0.0
2023-12-20 00:00:00-05:00,15.899999618530273,16.06999969482422,15.130000114440918,15.1899995803833,353400,0.0,0.0
2023-12-21 00:00:00-05:00,15.479999542236328,15.739999771118164,15.15999984741211,15.25,279700,0.0,0.0
2023-12-22 00:00:00-05:00,15.420000076293945,16.040000915527344,15.420000076293945,15.850000381469727,394900,0.0,0.0
2023-12-26 00:00:00-05:00,16.09000015258789,16.280000686645508,15.829999923706055,15.979999542236328,379800,0.0,0.0
2023-12-27 00:00:00-05:00,16.1200008392334,16.899999618530273,15.800000190734863,15.930000305175781,416900,0.0,0.0
2023-12-28 00:00:00-05:00,15.899999618530273,16.200000762939453,15.289999961853027,15.970000267028809,436800,0.0,0.0
2023-12-29 00:00:00-05:00,15.979999542236328,16.170000076293945,15.069999694824219,15.380000114440918,561600,0.0,0.0
2024-01-02 00:00:00-05:00,15.199999809265137,16.0,14.770000457763672,15.609999656677246,232800,0.0,0.0
2024-01-03 00:00:00-05:00,15.390000343322754,15.9399995803833,15.270000457763672,15.359999656677246,328600,0.0,0.0
2024-01-04 00:00:00-05:00,15.460000038146973,15.710000038146973,15.079999923706055,15.5,306900,0.0,0.0
2024-01-05 00:00:00-05:00,15.380000114440918,15.680000305175781,14.779999732971191,15.529999732971191,206900,0.0,0.0
2024-01-08 00:00:00-05:00,15.619999885559082,18.31999969482422,15.020000457763672,18.1299991607666,899100,0.0,0.0
2024-01-09 00:00:00-05:00,17.959999084472656,20.229999542236328,17.770000457763672,19.229999542236328,2275700,0.0,0.0
2024-01-10 00:00:00-05:00,19.350000381469727,20.040000915527344,18.93000030517578,19.190000534057617,1429200,0.0,0.0
2024-01-11 00:00:00-05:00,19.09000015258789,19.520000457763672,18.350000381469727,18.829999923706055,797500,0.0,0.0
2024-01-12 00:00:00-05:00,18.940000534057617,19.350000381469727,18.079999923706055,18.950000762939453,445900,0.0,0.0
2024-01-16 00:00:00-05:00,18.350000381469727,18.618000030517578,16.18000030517578,16.799999237060547,752200,0.0,0.0
2024-01-17 00:00:00-05:00,16.309999465942383,16.59000015258789,15.392999649047852,15.65999984741211,785100,0.0,0.0
2024-01-18 00:00:00-05:00,15.470000267028809,16.0049991607666,14.600000381469727,14.90999984741211,854800,0.0,0.0
2024-01-19 00:00:00-05:00,14.619999885559082,15.350000381469727,14.199999809265137,14.930000305175781,459600,0.0,0.0
2024-01-22 00:00:00-05:00,15.520000457763672,16.350000381469727,15.369999885559082,16.299999237060547,595500,0.0,0.0
2024-01-23 00:00:00-05:00,16.670000076293945,18.010000228881836,16.3799991607666,17.040000915527344,1767100,0.0,0.0
2024-01-24 00:00:00-05:00,17.350000381469727,17.899999618530273,16.84000015258789,17.020000457763672,956600,0.0,0.0
2024-01-25 00:00:00-05:00,22.260000228881836,26.666000366210938,20.479999542236328,25.309999465942383,11508400,0.0,0.0
2024-01-26 00:00:00-05:00,27.100000381469727,33.189998626708984,26.899999618530273,30.18000030517578,5238700,0.0,0.0
2024-01-29 00:00:00-05:00,29.850000381469727,35.40999984741211,29.334999084472656,33.63999938964844,3895300,0.0,0.0
2024-01-30 00:00:00-05:00,34.90999984741211,36.375,32.744998931884766,34.5099983215332,3526100,0.0,0.0
2024-01-31 00:00:00-05:00,34.25,37.61000061035156,33.970001220703125,36.41999816894531,1975500,0.0,0.0
2024-02-01 00:00:00-05:00,36.5,39.459999084472656,36.04999923706055,38.0,1337300,0.0,0.0
2024-02-02 00:00:00-05:00,38.849998474121094,39.619998931884766,38.040000915527344,39.150001525878906,951100,0.0,0.0
2024-02-05 00:00:00-05:00,38.11000061035156,39.59600067138672,36.0099983215332,37.0099983215332,1686600,0.0,0.0
2024-02-06 00:00:00-05:00,36.88999938964844,38.529998779296875,36.599998474121094,38.04999923706055,1097800,0.0,0.0
2024-02-07 00:00:00-05:00,38.0,39.17499923706055,37.060001373291016,37.5099983215332,1090000,0.0,0.0
2024-02-08 00:00:00-05:00,37.599998474121094,38.58000183105469,37.5099983215332,37.560001373291016,949600,0.0,0.0
2024-02-09 00:00:00-05:00,37.72999954223633,43.279998779296875,37.72999954223633,43.209999084472656,1385000,0.0,0.0
2024-02-12 00:00:00-05:00,43.790000915527344,46.59000015258789,43.619998931884766,44.88999938964844,1685900,0.0,0.0
2024-02-13 00:00:00-05:00,43.20000076293945,44.689998626708984,40.13999938964844,43.16999816894531,1636600,0.0,0.0
2024-02-14 00:00:00-05:00,43.88999938964844,45.77000045776367,43.79999923706055,44.130001068115234,963500,0.0,0.0
2024-02-15 00:00:00-05:00,44.130001068115234,46.209999084472656,43.099998474121094,45.5099983215332,950200,0.0,0.0
2024-02-16 00:00:00-05:00,45.29999923706055,46.79999923706055,44.630001068115234,45.959999084472656,637600,0.0,0.0
2024-02-20 00:00:00-05:00,45.599998474121094,46.435001373291016,43.650001525878906,44.689998626708984,667500,0.0,0.0
2024-02-21 00:00:00-05:00,44.099998474121094,45.099998474121094,43.4900016784668,44.54999923706055,975000,0.0,0.0
2024-02-22 00:00:00-05:00,44.45000076293945,49.869998931884766,44.43000030517578,49.0,1600000,0.0,0.0
2024-02-23 00:00:00-05:00,49.5,50.689998626708984,46.119998931884766,47.45000076293945,1039600,0.0,0.0
2024-02-26 00:00:00-05:00,47.400001525878906,48.457000732421875,45.22999954223633,46.349998474121094,842700,0.0,0.0
2024-02-27 00:00:00-05:00,46.66999816894531,49.15999984741211,46.45000076293945,48.13999938964844,982200,0.0,0.0
2024-02-28 00:00:00-05:00,47.599998474121094,49.42399978637695,45.61000061035156,45.939998626708984,513800,0.0,0.0
2024-02-29 00:00:00-05:00,48.90999984741211,48.90999984741211,45.2599983215332,47.08000183105469,931500,0.0,0.0
2024-03-01 00:00:00-05:00,47.9900016784668,50.779998779296875,47.85499954223633,49.13999938964844,2039100,0.0,0.0
2024-03-04 00:00:00-05:00,50.029998779296875,50.09000015258789,45.900001525878906,46.540000915527344,906500,0.0,0.0
2024-03-05 00:00:00-05:00,45.040000915527344,47.29999923706055,43.83000183105469,45.150001525878906,1255400,0.0,0.0
2024-03-06 00:00:00-05:00,46.790000915527344,47.97999954223633,45.400001525878906,45.869998931884766,784800,0.0,0.0
2024-03-07 00:00:00-05:00,46.0099983215332,47.650001525878906,43.15999984741211,43.29999923706055,1108500,0.0,0.0
2024-03-08 00:00:00-05:00,44.130001068115234,45.9900016784668,42.52000045776367,44.29999923706055,717000,0.0,0.0
2024-03-11 00:00:00-04:00,43.900001525878906,44.65999984741211,43.0,43.18000030517578,413600,0.0,0.0
2024-03-12 00:00:00-04:00,43.52000045776367,46.09000015258789,43.52000045776367,44.189998626708984,561100,0.0,0.0
2024-03-13 00:00:00-04:00,44.2400016784668,45.38999938964844,43.130001068115234,45.22999954223633,556300,0.0,0.0
2024-03-14 00:00:00-04:00,44.709999084472656,44.779998779296875,42.369998931884766,43.5,739500,0.0,0.0
2024-03-15 00:00:00-04:00,43.209999084472656,45.084999084472656,42.9900016784668,43.25,1620700,0.0,0.0
2024-03-18 00:00:00-04:00,42.9900016784668,43.88999938964844,41.27000045776367,41.470001220703125,475800,0.0,0.0
2024-03-19 00:00:00-04:00,41.209999084472656,43.4900016784668,40.790000915527344,43.41999816894531,667900,0.0,0.0
2024-03-20 00:00:00-04:00,42.650001525878906,46.33000183105469,41.83000183105469,45.33000183105469,788100,0.0,0.0
2024-03-21 00:00:00-04:00,46.470001220703125,47.683998107910156,40.81999969482422,42.869998931884766,1139100,0.0,0.0
2024-03-22 00:00:00-04:00,42.56999969482422,42.56999969482422,40.09000015258789,41.0,1116300,0.0,0.0
2024-03-25 00:00:00-04:00,41.15999984741211,42.869998931884766,40.5,41.18000030517578,1024900,0.0,0.0
2024-03-26 00:00:00-04:00,40.439998626708984,42.358001708984375,39.380001068115234,41.58000183105469,505600,0.0,0.0
2024-03-27 00:00:00-04:00,42.33000183105469,44.02000045776367,41.310001373291016,43.83000183105469,515300,0.0,0.0
2024-03-28 00:00:00-04:00,43.84000015258789,44.435001373291016,42.380001068115234,43.119998931884766,666500,0.0,0.0
2024-04-01 00:00:00-04:00,42.97999954223633,43.30500030517578,41.762001037597656,42.349998474121094,448700,0.0,0.0
2024-04-02 00:00:00-04:00,40.79999923706055,41.66999816894531,39.630001068115234,40.849998474121094,620100,0.0,0.0
2024-04-03 00:00:00-04:00,40.29999923706055,40.38999938964844,37.529998779296875,39.599998474121094,859600,0.0,0.0
2024-04-04 00:00:00-04:00,40.0,40.77000045776367,37.31999969482422,37.40999984741211,1293500,0.0,0.0
2024-04-05 00:00:00-04:00,37.13999938964844,38.505001068115234,36.72999954223633,37.52000045776367,936400,0.0,0.0
2024-04-08 00:00:00-04:00,36.630001068115234,39.529998779296875,36.597999572753906,38.630001068115234,790300,0.0,0.0
2024-04-09 00:00:00-04:00,38.81999969482422,39.11000061035156,37.130001068115234,37.90999984741211,782600,0.0,0.0
2024-04-10 00:00:00-04:00,36.529998779296875,42.54499816894531,35.85499954223633,41.619998931884766,2238400,0.0,0.0
2024-04-11 00:00:00-04:00,42.2599983215332,49.290000915527344,41.630001068115234,48.81999969482422,4634800,0.0,0.0
2024-04-12 00:00:00-04:00,48.70000076293945,50.650001525878906,46.25,47.970001220703125,2166200,0.0,0.0
2024-04-15 00:00:00-04:00,47.459999084472656,47.880001068115234,45.744998931884766,46.529998779296875,1344000,0.0,0.0
2024-04-16 00:00:00-04:00,45.91999816894531,47.150001525878906,42.220001220703125,42.56999969482422,1315600,0.0,0.0
2024-04-17 00:00:00-04:00,42.650001525878906,42.650001525878906,40.0099983215332,40.0099983215332,1069800,0.0,0.0
2024-04-18 00:00:00-04:00,39.630001068115234,40.709999084472656,38.83000183105469,39.47999954223633,857000,0.0,0.0
2024-04-19 00:00:00-04:00,39.5099983215332,40.34000015258789,36.334999084472656,38.0,1376000,0.0,0.0
2024-04-22 00:00:00-04:00,38.400001525878906,39.790000915527344,37.79999923706055,39.130001068115234,714100,0.0,0.0
2024-04-23 00:00:00-04:00,39.369998931884766,43.04999923706055,39.150001525878906,39.52000045776367,1216300,0.0,0.0
2024-04-24 00:00:00-04:00,39.650001525878906,40.72700119018555,38.20000076293945,39.95000076293945,773100,0.0,0.0
2024-04-25 00:00:00-04:00,38.25,39.88999938964844,37.84000015258789,38.689998626708984,850200,0.0,0.0
2024-04-26 00:00:00-04:00,38.75,40.25,38.400001525878906,39.650001525878906,856800,0.0,0.0
2024-04-29 00:00:00-04:00,40.209999084472656,42.08000183105469,40.16999816894531,41.380001068115234,661000,0.0,0.0
2024-04-30 00:00:00-04:00,40.900001525878906,41.75,38.849998474121094,39.5099983215332,1085300,0.0,0.0
2024-05-01 00:00:00-04:00,39.540000915527344,43.849998474121094,39.540000915527344,42.31999969482422,1492100,0.0,0.0
2024-05-02 00:00:00-04:00,42.91999816894531,43.77000045776367,41.52199935913086,43.5,1084700,0.0,0.0
2024-05-03 00:00:00-04:00,44.959999084472656,45.47999954223633,43.400001525878906,43.439998626708984,884400,0.0,0.0
2024-05-06 00:00:00-04:00,43.65999984741211,45.900001525878906,42.75,45.540000915527344,602000,0.0,0.0
2024-05-07 00:00:00-04:00,46.58000183105469,48.5099983215332,43.0099983215332,45.0,1183000,0.0,0.0
2024-05-08 00:00:00-04:00,44.31999969482422,45.04999923706055,43.099998474121094,44.939998626708984,602800,0.0,0.0
2024-05-09 00:00:00-04:00,43.650001525878906,45.20000076293945,41.52000045776367,42.33000183105469,644800,0.0,0.0
2024-05-10 00:00:00-04:00,43.13999938964844,43.59000015258789,39.95000076293945,41.31999969482422,947000,0.0,0.0
2024-05-13 00:00:00-04:00,41.630001068115234,41.630001068115234,39.66999816894531,40.75,642800,0.0,0.0
2024-05-14 00:00:00-04:00,40.880001068115234,41.52000045776367,40.369998931884766,40.869998931884766,373400,0.0,0.0
2024-05-15 00:00:00-04:00,41.97999954223633,43.810001373291016,41.404998779296875,42.689998626708984,433800,0.0,0.0
2024-05-16 00:00:00-04:00,42.66999816894531,43.400001525878906,41.72999954223633,41.939998626708984,478600,0.0,0.0
2024-05-17 00:00:00-04:00,42.11000061035156,42.2599983215332,40.91999816894531,41.38999938964844,447200,0.0,0.0
2024-05-20 00:00:00-04:00,40.22999954223633,41.16999816894531,38.02000045776367,40.9900016784668,515900,0.0,0.0
2024-05-21 00:00:00-04:00,40.93000030517578,41.66999816894531,39.15999984741211,39.7599983215332,650200,0.0,0.0
2024-05-22 00:00:00-04:00,39.779998779296875,39.86000061035156,37.779998779296875,37.970001220703125,703300,0.0,0.0
2024-05-23 00:00:00-04:00,38.22999954223633,39.40999984741211,36.970001220703125,37.08000183105469,874900,0.0,0.0
2024-05-24 00:00:00-04:00,37.310001373291016,39.38999938964844,36.54499816894531,37.11000061035156,873200,0.0,0.0
2024-05-28 00:00:00-04:00,39.02000045776367,39.369998931884766,36.099998474121094,37.130001068115234,1058800,0.0,0.0
2024-05-29 00:00:00-04:00,36.15999984741211,37.560001373291016,36.0,37.119998931884766,663200,0.0,0.0
2024-05-30 00:00:00-04:00,37.189998626708984,37.334999084472656,35.90999984741211,36.95000076293945,871900,0.0,0.0
2024-05-31 00:00:00-04:00,37.619998931884766,38.400001525878906,37.150001525878906,37.9900016784668,916900,0.0,0.0
2024-06-03 00:00:00-04:00,39.369998931884766,41.58000183105469,38.15999984741211,40.27000045776367,871600,0.0,0.0
2024-06-04 00:00:00-04:00,39.91999816894531,41.060001373291016,38.630001068115234,39.470001220703125,653000,0.0,0.0
2024-06-05 00:00:00-04:00,39.56999969482422,42.040000915527344,39.04499816894531,41.18000030517578,681300,0.0,0.0
2024-06-06 00:00:00-04:00,39.400001525878906,39.540000915527344,36.20000076293945,38.02000045776367,1293000,0.0,0.0
2024-06-07 00:00:00-04:00,38.16999816894531,39.17499923706055,37.18000030517578,38.5,638700,0.0,0.0
2024-06-10 00:00:00-04:00,37.709999084472656,39.279998779296875,37.150001525878906,38.97999954223633,594300,0.0,0.0
2024-06-11 00:00:00-04:00,38.400001525878906,39.165000915527344,37.650001525878906,38.43000030517578,589100,0.0,0.0
2024-06-12 00:00:00-04:00,39.5,39.52000045776367,37.5099983215332,38.0,702100,0.0,0.0
2024-06-13 00:00:00-04:00,37.56999969482422,38.41999816894531,36.81999969482422,37.400001525878906,483000,0.0,0.0
2024-06-14 00:00:00-04:00,36.540000915527344,37.2599983215332,35.060001373291016,36.02000045776367,648200,0.0,0.0
2024-06-17 00:00:00-04:00,35.970001220703125,36.25,34.880001068115234,35.720001220703125,418500,0.0,0.0
2024-06-18 00:00:00-04:00,35.43000030517578,35.689998626708984,34.650001525878906,35.529998779296875,360300,0.0,0.0
2024-06-20 00:00:00-04:00,35.459999084472656,36.0,34.79499816894531,35.65999984741211,423300,0.0,0.0
2024-06-21 00:00:00-04:00,35.790000915527344,36.08000183105469,34.380001068115234,35.88999938964844,1869000,0.0,0.0
2024-06-24 00:00:00-04:00,35.61000061035156,36.33000183105469,34.720001220703125,34.88999938964844,1226300,0.0,0.0
2024-06-25 00:00:00-04:00,34.849998474121094,35.97999954223633,34.31999969482422,35.22999954223633,1179200,0.0,0.0
2024-06-26 00:00:00-04:00,35.15999984741211,35.52000045776367,32.9900016784668,33.720001220703125,614800,0.0,0.0
2024-06-27 00:00:00-04:00,33.7400016784668,34.869998931884766,32.650001525878906,34.65999984741211,379800,0.0,0.0
2024-06-28 00:00:00-04:00,35.349998474121094,36.63999938964844,34.880001068115234,36.18000030517578,1911900,0.0,0.0
2024-07-01 00:00:00-04:00,36.189998626708984,37.77000045776367,36.11000061035156,36.290000915527344,474800,0.0,0.0
2024-07-02 00:00:00-04:00,35.93000030517578,36.0,34.59000015258789,34.93000030517578,335000,0.0,0.0
2024-07-03 00:00:00-04:00,35.099998474121094,35.33000183105469,34.4900016784668,34.88999938964844,375900,0.0,0.0
2024-07-05 00:00:00-04:00,34.900001525878906,35.79999923706055,33.970001220703125,35.630001068115234,270600,0.0,0.0
2024-07-08 00:00:00-04:00,35.970001220703125,36.66999816894531,35.41999816894531,35.97999954223633,286100,0.0,0.0
2024-07-09 00:00:00-04:00,35.90999984741211,36.63999938964844,34.85499954223633,35.060001373291016,623000,0.0,0.0
2024-07-10 00:00:00-04:00,34.95000076293945,36.54999923706055,34.95000076293945,36.540000915527344,313300,0.0,0.0
2024-07-11 00:00:00-04:00,37.59000015258789,39.119998931884766,36.70000076293945,37.56999969482422,555700,0.0,0.0
2024-07-12 00:00:00-04:00,38.02000045776367,38.81999969482422,36.54499816894531,36.619998931884766,464200,0.0,0.0
2024-07-15 00:00:00-04:00,37.08000183105469,38.025001525878906,36.380001068115234,36.75,1123200,0.0,0.0
2024-07-16 00:00:00-04:00,37.06999969482422,38.400001525878906,36.834999084472656,37.2400016784668,1074000,0.0,0.0
2024-07-17 00:00:00-04:00,36.599998474121094,36.72999954223633,34.915000915527344,35.189998626708984,707800,0.0,0.0
2024-07-18 00:00:00-04:00,35.25,36.15999984741211,33.810001373291016,34.81999969482422,615800,0.0,0.0
2024-07-19 00:00:00-04:00,34.97999954223633,35.400001525878906,34.05699920654297,34.650001525878906,371300,0.0,0.0
2024-07-22 00:00:00-04:00,34.349998474121094,35.349998474121094,33.904998779296875,34.09000015258789,618900,0.0,0.0
2024-07-23 00:00:00-04:00,33.880001068115234,35.65399932861328,33.689998626708984,35.06999969482422,241600,0.0,0.0
2024-07-24 00:00:00-04:00,34.779998779296875,36.18000030517578,34.494998931884766,35.25,266800,0.0,0.0
2024-07-25 00:00:00-04:00,35.560001373291016,37.310001373291016,34.70000076293945,36.84000015258789,832700,0.0,0.0
2024-07-26 00:00:00-04:00,37.66999816894531,37.959999084472656,36.189998626708984,36.70000076293945,444700,0.0,0.0
2024-07-29 00:00:00-04:00,37.220001220703125,37.29999923706055,34.97999954223633,35.83000183105469,438600,0.0,0.0
2024-07-30 00:00:00-04:00,36.08000183105469,36.47999954223633,34.209999084472656,34.619998931884766,288500,0.0,0.0
2024-07-31 00:00:00-04:00,35.459999084472656,37.470001220703125,34.869998931884766,36.59000015258789,510600,0.0,0.0
2024-08-01 00:00:00-04:00,36.560001373291016,38.15999984741211,36.209999084472656,37.619998931884766,673900,0.0,0.0
2024-08-02 00:00:00-04:00,35.63999938964844,37.84000015258789,34.790000915527344,37.38999938964844,763700,0.0,0.0
2024-08-05 00:00:00-04:00,35.150001525878906,37.08000183105469,34.025001525878906,36.0,491600,0.0,0.0
2024-08-06 00:00:00-04:00,36.18000030517578,38.09000015258789,35.13800048828125,37.439998626708984,481300,0.0,0.0
2024-08-07 00:00:00-04:00,37.95000076293945,37.95000076293945,35.630001068115234,35.650001525878906,406500,0.0,0.0
2024-08-08 00:00:00-04:00,36.380001068115234,36.380001068115234,34.85499954223633,35.849998474121094,447600,0.0,0.0
2024-08-09 00:00:00-04:00,34.86000061035156,36.40999984741211,34.50600051879883,35.97999954223633,425100,0.0,0.0
2024-08-12 00:00:00-04:00,35.86000061035156,36.56999969482422,35.18000030517578,35.84000015258789,332900,0.0,0.0
2024-08-13 00:00:00-04:00,35.810001373291016,38.15999984741211,35.220001220703125,37.95000076293945,373600,0.0,0.0
2024-08-14 00:00:00-04:00,38.380001068115234,38.380001068115234,37.060001373291016,37.900001525878906,333500,0.0,0.0
2024-08-15 00:00:00-04:00,38.849998474121094,39.20000076293945,36.900001525878906,37.2400016784668,525100,0.0,0.0
2024-08-16 00:00:00-04:00,37.27000045776367,38.81999969482422,37.06999969482422,37.630001068115234,383200,0.0,0.0
2024-08-19 00:00:00-04:00,37.349998474121094,39.45000076293945,37.29999923706055,39.400001525878906,507500,0.0,0.0
2024-08-20 00:00:00-04:00,39.45000076293945,40.79999923706055,38.81999969482422,40.209999084472656,411500,0.0,0.0
2024-08-21 00:00:00-04:00,40.189998626708984,40.7400016784668,38.82500076293945,39.939998626708984,464600,0.0,0.0
2024-08-22 00:00:00-04:00,40.099998474121094,40.689998626708984,38.83000183105469,39.119998931884766,257500,0.0,0.0
2024-08-23 00:00:00-04:00,39.59000015258789,40.33000183105469,38.7599983215332,39.29999923706055,301400,0.0,0.0
2024-08-26 00:00:00-04:00,39.290000915527344,39.52000045776367,38.619998931884766,38.720001220703125,205200,0.0,0.0
2024-08-27 00:00:00-04:00,38.7400016784668,39.18000030517578,37.04999923706055,37.650001525878906,315200,0.0,0.0
2024-08-28 00:00:00-04:00,37.38999938964844,37.65999984741211,36.400001525878906,36.70000076293945,368000,0.0,0.0
2024-08-29 00:00:00-04:00,37.0,37.959999084472656,36.25,36.779998779296875,384400,0.0,0.0
2024-08-30 00:00:00-04:00,37.279998779296875,37.88999938964844,36.5099983215332,37.81999969482422,242500,0.0,0.0
2024-09-03 00:00:00-04:00,38.560001373291016,40.79999923706055,37.32500076293945,38.36000061035156,791200,0.0,0.0
2024-09-04 00:00:00-04:00,38.040000915527344,38.95000076293945,37.63999938964844,38.400001525878906,199900,0.0,0.0
2024-09-05 00:00:00-04:00,38.70000076293945,38.83000183105469,37.7400016784668,38.15999984741211,302800,0.0,0.0
2024-09-06 00:00:00-04:00,38.36000061035156,38.55500030517578,35.939998626708984,37.20000076293945,327100,0.0,0.0
2024-09-09 00:00:00-04:00,37.380001068115234,38.90999984741211,37.36000061035156,38.290000915527344,279300,0.0,0.0
2024-09-10 00:00:00-04:00,38.41999816894531,38.86000061035156,36.849998474121094,37.54999923706055,714400,0.0,0.0
2024-09-11 00:00:00-04:00,37.20000076293945,38.060001373291016,36.84000015258789,37.56999969482422,345700,0.0,0.0
2024-09-12 00:00:00-04:00,37.599998474121094,38.064998626708984,35.29999923706055,35.65999984741211,634800,0.0,0.0
2024-09-13 00:00:00-04:00,36.130001068115234,38.060001373291016,35.810001373291016,37.5099983215332,553400,0.0,0.0
2024-09-16 00:00:00-04:00,37.619998931884766,40.91999816894531,37.06999969482422,40.099998474121094,734900,0.0,0.0
2024-09-17 00:00:00-04:00,40.619998931884766,40.63999938964844,37.77000045776367,40.02000045776367,711400,0.0,0.0
2024-09-18 00:00:00-04:00,40.09000015258789,42.084999084472656,39.27000045776367,40.33000183105469,562100,0.0,0.0
2024-09-19 00:00:00-04:00,41.119998931884766,42.79999923706055,40.95500183105469,41.9900016784668,731200,0.0,0.0
2024-09-20 00:00:00-04:00,42.04999923706055,43.02000045776367,41.5099983215332,42.779998779296875,1316400,0.0,0.0
2024-09-23 00:00:00-04:00,42.58000183105469,45.290000915527344,41.90999984741211,44.560001373291016,1677500,0.0,0.0
2024-09-24 00:00:00-04:00,44.77000045776367,46.81999969482422,42.93000030517578,46.709999084472656,543700,0.0,0.0
2024-09-25 00:00:00-04:00,46.849998474121094,47.29999923706055,44.83000183105469,44.91999816894531,628600,0.0,0.0
2024-09-26 00:00:00-04:00,45.43000030517578,46.07500076293945,44.90999984741211,45.65999984741211,460000,0.0,0.0
2024-09-27 00:00:00-04:00,46.119998931884766,46.119998931884766,42.380001068115234,43.439998626708984,691900,0.0,0.0
2024-09-30 00:00:00-04:00,43.400001525878906,46.595001220703125,42.349998474121094,44.20000076293945,975900,0.0,0.0
2024-10-01 00:00:00-04:00,43.77000045776367,43.77000045776367,40.47999954223633,42.83000183105469,708500,0.0,0.0
2024-10-02 00:00:00-04:00,42.33000183105469,42.779998779296875,40.595001220703125,41.75,688500,0.0,0.0
2024-10-03 00:00:00-04:00,41.65999984741211,41.65999984741211,40.119998931884766,40.4900016784668,740200,0.0,0.0
2024-10-04 00:00:00-04:00,40.93000030517578,41.529998779296875,39.91999816894531,40.84000015258789,456900,0.0,0.0
2024-10-07 00:00:00-04:00,40.95000076293945,43.43000030517578,39.97999954223633,40.0099983215332,733300,0.0,0.0
2024-10-08 00:00:00-04:00,40.18000030517578,40.63999938964844,38.59000015258789,38.63999938964844,434200,0.0,0.0
2024-10-09 00:00:00-04:00,38.54999923706055,39.06999969482422,37.459999084472656,38.93000030517578,459900,0.0,0.0
2024-10-10 00:00:00-04:00,38.2599983215332,40.255001068115234,38.189998626708984,40.20000076293945,327000,0.0,0.0
2024-10-11 00:00:00-04:00,40.16999816894531,42.83000183105469,40.0,42.720001220703125,632300,0.0,0.0
2024-10-14 00:00:00-04:00,42.5099983215332,43.41999816894531,42.13999938964844,42.18000030517578,385000,0.0,0.0
2024-10-15 00:00:00-04:00,42.16999816894531,42.369998931884766,39.832000732421875,40.209999084472656,601400,0.0,0.0
2024-10-16 00:00:00-04:00,40.95000076293945,41.209999084472656,39.369998931884766,39.9900016784668,506600,0.0,0.0
2024-10-17 00:00:00-04:00,39.9900016784668,40.310001373291016,39.5,39.88999938964844,509000,0.0,0.0
2024-10-18 00:00:00-04:00,39.95000076293945,41.77000045776367,39.349998474121094,41.15999984741211,476000,0.0,0.0
2024-10-21 00:00:00-04:00,41.09000015258789,42.02899932861328,40.65999984741211,40.88999938964844,334200,0.0,0.0
2024-10-22 00:00:00-04:00,40.38999938964844,40.970001220703125,39.310001373291016,40.709999084472656,345500,0.0,0.0
2024-10-23 00:00:00-04:00,40.099998474121094,42.0,39.220001220703125,39.88999938964844,951400,0.0,0.0
2024-10-24 00:00:00-04:00,39.81999969482422,40.91999816894531,39.36000061035156,39.790000915527344,394600,0.0,0.0
2024-10-25 00:00:00-04:00,39.880001068115234,41.689998626708984,39.3650016784668,41.09000015258789,834000,0.0,0.0
2024-10-28 00:00:00-04:00,49.900001525878906,50.0,45.45000076293945,47.34000015258789,2882600,0.0,0.0
2024-10-29 00:00:00-04:00,45.349998474121094,48.959999084472656,42.77000045776367,42.970001220703125,1349800,0.0,0.0
2024-10-30 00:00:00-04:00,42.720001220703125,42.849998474121094,40.58000183105469,40.63999938964844,2944500,0.0,0.0
2024-10-31 00:00:00-04:00,40.43000030517578,41.54999923706055,40.27000045776367,40.380001068115234,2458800,0.0,0.0
2024-11-01 00:00:00-04:00,40.459999084472656,45.27000045776367,40.44499969482422,43.81999969482422,1403900,0.0,0.0
2024-11-04 00:00:00-05:00,43.310001373291016,46.63999938964844,42.92499923706055,45.16999816894531,736400,0.0,0.0
2024-11-05 00:00:00-05:00,45.2400016784668,48.0,44.939998626708984,47.70000076293945,847300,0.0,0.0
2024-11-06 00:00:00-05:00,49.83000183105469,49.939998626708984,46.86000061035156,47.939998626708984,1096300,0.0,0.0
2024-11-07 00:00:00-05:00,47.02000045776367,50.36000061035156,46.720001220703125,49.040000915527344,1978500,0.0,0.0
2024-11-08 00:00:00-05:00,48.290000915527344,48.875,47.099998474121094,48.09000015258789,614500,0.0,0.0
2024-11-11 00:00:00-05:00,48.63999938964844,49.349998474121094,47.900001525878906,48.66999816894531,658700,0.0,0.0
2024-11-12 00:00:00-05:00,48.029998779296875,48.880001068115234,47.15999984741211,48.540000915527344,545100,0.0,0.0
2024-11-13 00:00:00-05:00,49.0,51.61000061035156,48.59000015258789,49.43000030517578,1004300,0.0,0.0
2024-11-14 00:00:00-05:00,49.060001373291016,50.189998626708984,48.060001373291016,49.0,642800,0.0,0.0
2024-11-15 00:00:00-05:00,49.290000915527344,49.36000061035156,45.63999938964844,46.2599983215332,909700,0.0,0.0
2024-11-18 00:00:00-05:00,45.689998626708984,46.70000076293945,43.404998779296875,44.810001373291016,947900,0.0,0.0
2024-11-19 00:00:00-05:00,44.7400016784668,46.81999969482422,44.46500015258789,45.900001525878906,537500,0.0,0.0
2024-11-20 00:00:00-05:00,46.11000061035156,46.459999084472656,44.970001220703125,45.75,401200,0.0,0.0
2024-11-21 00:00:00-05:00,47.15999984741211,48.279998779296875,46.15999984741211,47.029998779296875,407800,0.0,0.0
2024-11-22 00:00:00-05:00,47.279998779296875,48.939998626708984,47.099998474121094,48.310001373291016,793000,0.0,0.0
2024-11-25 00:00:00-05:00,48.7599983215332,49.470001220703125,46.54499816894531,47.27000045776367,519100,0.0,0.0
2024-11-26 00:00:00-05:00,46.470001220703125,47.84000015258789,45.9900016784668,47.459999084472656,449900,0.0,0.0
2024-11-27 00:00:00-05:00,47.4900016784668,49.36000061035156,47.06999969482422,48.83000183105469,436800,0.0,0.0
2024-11-29 00:00:00-05:00,49.060001373291016,50.119998931884766,48.369998931884766,49.75,339000,0.0,0.0
2024-12-02 00:00:00-05:00,49.959999084472656,51.27000045776367,49.22999954223633,49.54999923706055,672500,0.0,0.0
2024-12-03 00:00:00-05:00,48.84000015258789,50.619998931884766,48.59000015258789,49.380001068115234,345400,0.0,0.0
2024-12-04 00:00:00-05:00,49.959999084472656,50.3650016784668,48.73500061035156,49.459999084472656,314500,0.0,0.0
2024-12-05 00:00:00-05:00,48.86000061035156,49.599998474121094,47.810001373291016,48.11000061035156,383100,0.0,0.0
2024-12-06 00:00:00-05:00,48.56999969482422,49.76499938964844,48.209999084472656,48.459999084472656,324200,0.0,0.0
2024-12-09 00:00:00-05:00,49.150001525878906,49.577999114990234,47.07500076293945,47.5099983215332,354700,0.0,0.0
2024-12-10 00:00:00-05:00,47.75,48.4900016784668,46.7599983215332,46.91999816894531,378800,0.0,0.0
2024-12-11 00:00:00-05:00,47.61000061035156,47.73500061035156,46.41999816894531,46.459999084472656,390600,0.0,0.0
2024-12-12 00:00:00-05:00,46.5,47.040000915527344,44.540000915527344,45.11000061035156,452700,0.0,0.0
2024-12-13 00:00:00-05:00,45.2599983215332,46.290000915527344,43.130001068115234,44.04999923706055,569200,0.0,0.0
2024-12-16 00:00:00-05:00,44.040000915527344,45.27000045776367,43.619998931884766,43.959999084472656,357000,0.0,0.0
2024-12-17 00:00:00-05:00,43.529998779296875,44.689998626708984,43.02000045776367,43.90999984741211,546000,0.0,0.0
2024-12-18 00:00:00-05:00,43.810001373291016,44.39500045776367,40.7400016784668,41.36000061035156,565800,0.0,0.0
2024-12-19 00:00:00-05:00,41.5,42.58000183105469,40.73500061035156,42.04999923706055,557600,0.0,0.0
2024-12-20 00:00:00-05:00,41.65999984741211,45.060001373291016,40.959999084472656,42.599998474121094,2228100,0.0,0.0
2024-12-23 00:00:00-05:00,42.11000061035156,42.869998931884766,41.529998779296875,42.310001373291016,359200,0.0,0.0
2024-12-24 00:00:00-05:00,42.43000030517578,42.435001373291016,41.33000183105469,41.91999816894531,158600,0.0,0.0
2024-12-26 00:00:00-05:00,42.130001068115234,43.119998931884766,41.19499969482422,42.45000076293945,296400,0.0,0.0
2024-12-27 00:00:00-05:00,42.2599983215332,43.060001373291016,40.90999984741211,41.40999984741211,1801100,0.0,0.0
2024-12-30 00:00:00-05:00,41.18000030517578,42.290000915527344,40.48500061035156,42.060001373291016,527500,0.0,0.0
2024-12-31 00:00:00-05:00,42.2599983215332,43.290000915527344,41.665000915527344,42.290000915527344,449900,0.0,0.0
2025-01-02 00:00:00-05:00,42.41999816894531,42.98500061035156,41.869998931884766,42.20000076293945,382500,0.0,0.0
2025-01-03 00:00:00-05:00,42.720001220703125,43.689998626708984,42.62799835205078,43.220001220703125,297800,0.0,0.0
2025-01-06 00:00:00-05:00,43.02000045776367,43.7599983215332,41.56999969482422,42.2599983215332,588900,0.0,0.0
2025-01-07 00:00:00-05:00,42.130001068115234,42.900001525878906,41.5099983215332,42.099998474121094,572100,0.0,0.0
2025-01-08 00:00:00-05:00,41.88999938964844,42.22999954223633,40.801998138427734,42.189998626708984,403100,0.0,0.0
2025-01-10 00:00:00-05:00,41.13999938964844,41.92499923706055,36.790000915527344,37.02000045776367,944200,0.0,0.0
2025-01-13 00:00:00-05:00,35.0,35.459999084472656,31.770000457763672,34.77000045776367,1422500,0.0,0.0
2025-01-14 00:00:00-05:00,35.0,35.0,33.279998779296875,34.59000015258789,695700,0.0,0.0
2025-01-15 00:00:00-05:00,35.369998931884766,36.279998779296875,33.279998779296875,33.880001068115234,977400,0.0,0.0
2025-01-16 00:00:00-05:00,33.84000015258789,34.540000915527344,32.39099884033203,32.779998779296875,719400,0.0,0.0
2025-01-17 00:00:00-05:00,33.029998779296875,34.33000183105469,32.25,33.369998931884766,1045400,0.0,0.0
2025-01-21 00:00:00-05:00,34.0,34.349998474121094,33.34000015258789,33.70000076293945,1015900,0.0,0.0
2025-01-22 00:00:00-05:00,33.52000045776367,34.099998474121094,33.099998474121094,33.77000045776367,606800,0.0,0.0
2025-01-23 00:00:00-05:00,33.41999816894531,34.32899856567383,33.060001373291016,34.09000015258789,1004800,0.0,0.0
2025-01-24 00:00:00-05:00,34.189998626708984,35.0,33.209999084472656,33.91999816894531,547100,0.0,0.0
2025-01-27 00:00:00-05:00,33.5099983215332,35.130001068115234,33.18000030517578,34.84000015258789,653100,0.0,0.0
2025-01-28 00:00:00-05:00,36.880001068115234,37.50699996948242,34.880001068115234,35.97999954223633,874700,0.0,0.0
2025-01-29 00:00:00-05:00,36.47999954223633,39.099998474121094,35.6150016784668,37.93000030517578,979600,0.0,0.0
2025-01-30 00:00:00-05:00,38.47999954223633,40.470001220703125,37.189998626708984,37.47999954223633,841100,0.0,0.0
2025-01-31 00:00:00-05:00,37.439998626708984,38.04999923706055,36.810001373291016,37.279998779296875,482900,0.0,0.0
2025-02-03 00:00:00-05:00,36.33000183105469,37.20000076293945,36.025001525878906,36.540000915527344,461700,0.0,0.0
2025-02-04 00:00:00-05:00,37.08000183105469,38.13999938964844,36.1870002746582,38.06999969482422,424900,0.0,0.0
2025-02-05 00:00:00-05:00,38.04999923706055,38.29999923706055,37.029998779296875,38.11000061035156,479200,0.0,0.0
2025-02-06 00:00:00-05:00,38.220001220703125,38.90999984741211,36.720001220703125,37.18000030517578,833500,0.0,0.0
2025-02-07 00:00:00-05:00,37.189998626708984,37.42499923706055,36.09000015258789,36.13999938964844,451000,0.0,0.0
2025-02-10 00:00:00-05:00,36.20000076293945,36.474998474121094,34.9900016784668,35.880001068115234,539500,0.0,0.0
2025-02-11 00:00:00-05:00,35.52000045776367,35.52000045776367,33.599998474121094,34.040000915527344,496900,0.0,0.0
2025-02-12 00:00:00-05:00,33.220001220703125,34.599998474121094,32.630001068115234,34.54999923706055,443900,0.0,0.0
2025-02-13 00:00:00-05:00,34.59000015258789,34.790000915527344,33.45000076293945,34.18000030517578,566800,0.0,0.0
2025-02-14 00:00:00-05:00,34.25,34.5,25.989999771118164,27.459999084472656,6404300,0.0,0.0
2025-02-18 00:00:00-05:00,27.84000015258789,29.350000381469727,26.860000610351562,29.18000030517578,2316600,0.0,0.0
2025-02-19 00:00:00-05:00,29.110000610351562,29.8700008392334,28.700000762939453,29.520000457763672,1164600,0.0,0.0
2025-02-20 00:00:00-05:00,29.360000610351562,30.059999465942383,29.309999465942383,29.610000610351562,681700,0.0,0.0
2025-02-21 00:00:00-05:00,29.799999237060547,30.8799991607666,28.34000015258789,28.579999923706055,1227800,0.0,0.0
2025-02-24 00:00:00-05:00,28.709999084472656,29.25,27.1299991607666,27.190000534057617,822100,0.0,0.0
2025-02-25 00:00:00-05:00,26.81999969482422,27.950000762939453,26.079999923706055,27.100000381469727,795200,0.0,0.0
2025-02-26 00:00:00-05:00,28.020000457763672,29.200000762939453,27.18000030517578,27.770000457763672,756600,0.0,0.0
2025-02-27 00:00:00-05:00,28.350000381469727,30.110000610351562,28.235000610351562,29.40999984741211,704100,0.0,0.0
2025-02-28 00:00:00-05:00,28.989999771118164,30.239999771118164,28.950000762939453,29.93000030517578,795400,0.0,0.0
2025-03-03 00:00:00-05:00,29.989999771118164,30.55500030517578,28.260000228881836,28.40999984741211,789800,0.0,0.0
2025-03-04 00:00:00-05:00,28.059999465942383,29.389999389648438,27.549999237060547,28.600000381469727,1000300,0.0,0.0
2025-03-05 00:00:00-05:00,28.670000076293945,30.1299991607666,28.670000076293945,29.959999084472656,682200,0.0,0.0
2025-03-06 00:00:00-05:00,29.260000228881836,30.510000228881836,28.774999618530273,29.299999237060547,812500,0.0,0.0
2025-03-07 00:00:00-05:00,29.260000228881836,30.09000015258789,28.440000534057617,28.81999969482422,608400,0.0,0.0
2025-03-10 00:00:00-04:00,28.200000762939453,28.989999771118164,27.350000381469727,27.799999237060547,724700,0.0,0.0
2025-03-11 00:00:00-04:00,27.5,28.6200008392334,27.065000534057617,28.360000610351562,501300,0.0,0.0
2025-03-12 00:00:00-04:00,28.520000457763672,29.399999618530273,27.979999542236328,28.18000030517578,476900,0.0,0.0
2025-03-13 00:00:00-04:00,28.31999969482422,28.5,27.139999389648438,27.65999984741211,407700,0.0,0.0
2025-03-14 00:00:00-04:00,28.030000686645508,28.489999771118164,27.559999465942383,27.989999771118164,349200,0.0,0.0
2025-03-17 00:00:00-04:00,28.139999389648438,28.389999389648438,27.344999313354492,28.06999969482422,376700,0.0,0.0
2025-03-18 00:00:00-04:00,28.010000228881836,28.079999923706055,26.739999771118164,27.34000015258789,1016600,0.0,0.0
2025-03-19 00:00:00-04:00,27.18000030517578,27.875,26.899999618530273,27.700000762939453,765000,0.0,0.0
2025-03-20 00:00:00-04:00,27.34000015258789,28.100000381469727,27.149999618530273,27.700000762939453,559600,0.0,0.0
2025-03-21 00:00:00-04:00,27.489999771118164,28.049999237060547,27.010000228881836,27.079999923706055,1141100,0.0,0.0
2025-03-24 00:00:00-04:00,27.3700008392334,27.71500015258789,27.139999389648438,27.149999618530273,1340900,0.0,0.0
2025-03-25 00:00:00-04:00,27.190000534057617,27.684999465942383,26.190000534057617,26.950000762939453,696200,0.0,0.0
2025-03-26 00:00:00-04:00,27.149999618530273,27.170000076293945,25.790000915527344,25.90999984741211,901300,0.0,0.0
2025-03-27 00:00:00-04:00,25.8700008392334,26.65999984741211,25.549999237060547,26.520000457763672,773500,0.0,0.0
2025-03-28 00:00:00-04:00,26.549999237060547,26.889999389648438,26.065000534057617,26.6299991607666,530000,0.0,0.0
2025-03-31 00:00:00-04:00,25.0,25.0,22.34000015258789,24.020000457763672,2705800,0.0,0.0
2025-04-01 00:00:00-04:00,24.100000381469727,24.375,21.799999237060547,22.020000457763672,1147700,0.0,0.0
2025-04-02 00:00:00-04:00,21.729999542236328,23.690000534057617,21.44499969482422,23.59000015258789,816500,0.0,0.0
2025-04-03 00:00:00-04:00,22.690000534057617,22.934999465942383,21.229999542236328,22.739999771118164,874400,0.0,0.0
2025-04-04 00:00:00-04:00,22.18000030517578,22.18000030517578,20.270000457763672,21.309999465942383,1278600,0.0,0.0
2025-04-07 00:00:00-04:00,20.5,22.1299991607666,19.5,19.940000534057617,1802300,0.0,0.0
2025-04-08 00:00:00-04:00,20.729999542236328,21.049999237060547,18.690000534057617,18.860000610351562,987900,0.0,0.0
2025-04-09 00:00:00-04:00,18.530000686645508,22.834999084472656,18.530000686645508,22.020000457763672,1929000,0.0,0.0
2025-04-10 00:00:00-04:00,21.190000534057617,22.399999618530273,20.34000015258789,21.809999465942383,1059500,0.0,0.0
2025-04-11 00:00:00-04:00,21.809999465942383,23.329999923706055,20.940000534057617,22.43000030517578,1535200,0.0,0.0
2025-04-14 00:00:00-04:00,22.8799991607666,22.8799991607666,21.325000762939453,21.5,807100,0.0,0.0
2025-04-15 00:00:00-04:00,21.420000076293945,21.885000228881836,20.90999984741211,21.59000015258789,524400,0.0,0.0
2025-04-16 00:00:00-04:00,21.549999237060547,21.549999237060547,20.584999084472656,21.239999771118164,528000,0.0,0.0
2025-04-17 00:00:00-04:00,21.15999984741211,21.792999267578125,20.979999542236328,21.290000915527344,661200,0.0,0.0
2025-04-21 00:00:00-04:00,21.1299991607666,21.899999618530273,20.84000015258789,21.110000610351562,922300,0.0,0.0
2025-04-22 00:00:00-04:00,21.559999465942383,21.979999542236328,21.34000015258789,21.389999389648438,1080700,0.0,0.0
2025-04-23 00:00:00-04:00,22.139999389648438,23.239999771118164,22.1200008392334,22.34000015258789,1124600,0.0,0.0
2025-04-24 00:00:00-04:00,22.329999923706055,23.479999542236328,22.12700080871582,23.469999313354492,588500,0.0,0.0
2025-04-25 00:00:00-04:00,23.200000762939453,23.770000457763672,22.56399917602539,23.219999313354492,906400,0.0,0.0
2025-04-28 00:00:00-04:00,23.34000015258789,23.899999618530273,23.110000610351562,23.40999984741211,472800,0.0,0.0
2025-04-29 00:00:00-04:00,23.280000686645508,24.030000686645508,23.040000915527344,24.0,717400,0.0,0.0
2025-04-30 00:00:00-04:00,23.5,23.9950008392334,23.15999984741211,23.3700008392334,767000,0.0,0.0
2025-05-01 00:00:00-04:00,23.510000228881836,23.8799991607666,22.65999984741211,23.75,2456400,0.0,0.0
2025-05-02 00:00:00-04:00,24.209999084472656,25.399999618530273,23.729999542236328,25.309999465942383,1629800,0.0,0.0
2025-05-05 00:00:00-04:00,25.420000076293945,25.834999084472656,24.5049991607666,25.530000686645508,1284800,0.0,0.0
2025-05-06 00:00:00-04:00,24.850000381469727,25.350000381469727,21.3700008392334,22.010000228881836,4474300,0.0,0.0
2025-05-07 00:00:00-04:00,21.75,22.719999313354492,21.0,22.6200008392334,1657000,0.0,0.0
2025-05-08 00:00:00-04:00,22.469999313354492,22.469999313354492,21.15999984741211,22.030000686645508,2049200,0.0,0.0
2025-05-09 00:00:00-04:00,22.270000457763672,23.18000030517578,21.655000686645508,21.709999084472656,1262500,0.0,0.0
2025-05-12 00:00:00-04:00,22.479999542236328,23.020000457763672,22.3799991607666,22.489999771118164,632300,0.0,0.0
2025-05-13 00:00:00-04:00,22.389999389648438,22.649999618530273,21.350000381469727,21.579999923706055,478600,0.0,0.0
2025-05-14 00:00:00-04:00,21.559999465942383,21.902000427246094,20.799999237060547,21.190000534057617,419200,0.0,0.0
2025-05-15 00:00:00-04:00,21.280000686645508,21.479999542236328,21.0,21.329999923706055,565800,0.0,0.0
2025-05-16 00:00:00-04:00,21.200000762939453,21.809999465942383,20.93000030517578,21.25,955300,0.0,0.0
2025-05-19 00:00:00-04:00,21.049999237060547,21.5,20.639999389648438,21.010000228881836,538200,0.0,0.0
2025-05-20 00:00:00-04:00,21.020000457763672,21.329999923706055,20.639999389648438,21.239999771118164,919700,0.0,0.0
2025-05-21 00:00:00-04:00,20.850000381469727,21.09000015258789,20.229999542236328,20.389999389648438,634900,0.0,0.0
2025-05-22 00:00:00-04:00,20.299999237060547,20.389999389648438,19.56999969482422,19.6299991607666,658400,0.0,0.0
2025-05-23 00:00:00-04:00,19.350000381469727,19.770000457763672,19.219999313354492,19.639999389648438,1064300,0.0,0.0
2025-05-27 00:00:00-04:00,20.0,20.125,18.764999389648438,19.040000915527344,1724600,0.0,0.0
2025-05-28 00:00:00-04:00,19.200000762939453,19.3799991607666,18.860000610351562,18.8700008392334,966800,0.0,0.0
2025-05-29 00:00:00-04:00,19.059999465942383,20.209999084472656,18.760000228881836,19.93000030517578,1793300,0.0,0.0
2025-05-30 00:00:00-04:00,19.68000030517578,19.854999542236328,18.790000915527344,18.950000762939453,2214500,0.0,0.0
2025-06-02 00:00:00-04:00,31.739999771118164,32.83000183105469,28.899999618530273,31.739999771118164,13253900,0.0,0.0
2025-06-03 00:00:00-04:00,33.0,33.0,30.389999389648438,30.90999984741211,4852200,0.0,0.0
2025-06-04 00:00:00-04:00,31.0,32.720001220703125,30.350000381469727,31.9950008392334,2516400,0.0,0.0
2025-06-05 00:00:00-04:00,32.0,32.15999984741211,30.3700008392334,30.6299991607666,3478300,0.0,0.0
2025-06-06 00:00:00-04:00,21.264999389648438,23.143999099731445,20.5,22.700000762939453,12640800,0.0,0.0
2025-06-09 00:00:00-04:00,23.170000076293945,23.218000411987305,21.378000259399414,22.190000534057617,2032200,0.0,0.0
2025-06-10 00:00:00-04:00,22.459999084472656,23.44099998474121,21.989999771118164,22.6200008392334,2140400,0.0,0.0
2025-06-11 00:00:00-04:00,22.670000076293945,23.25,21.924999237060547,22.100000381469727,1220400,0.0,0.0
2025-06-12 00:00:00-04:00,22.059999465942383,22.540000915527344,21.639999389648438,22.520000457763672,1892700,0.0,0.0
2025-06-13 00:00:00-04:00,22.079999923706055,22.979999542236328,21.799999237060547,22.739999771118164,1448200,0.0,0.0
2025-06-16 00:00:00-04:00,22.610000610351562,23.135000228881836,21.700000762939453,21.850000381469727,1576100,0.0,0.0
2025-06-17 00:00:00-04:00,21.600000381469727,21.809999465942383,20.959999084472656,21.149999618530273,1228600,0.0,0.0
2025-06-18 00:00:00-04:00,21.15999984741211,21.209999084472656,20.3700008392334,20.920000076293945,1335900,0.0,0.0
2025-06-20 00:00:00-04:00,21.040000915527344,21.1299991607666,20.530000686645508,20.860000610351562,1335300,0.0,0.0
2025-06-23 00:00:00-04:00,20.709999084472656,21.68000030517578,20.399999618530273,21.649999618530273,1805100,0.0,0.0
2025-06-24 00:00:00-04:00,22.229999542236328,22.8700008392334,21.43000030517578,22.579999923706055,2033700,0.0,0.0
2025-06-25 00:00:00-04:00,22.579999923706055,23.434999465942383,21.90999984741211,23.309999465942383,1633900,0.0,0.0
2025-06-26 00:00:00-04:00,25.059999465942383,25.299999237060547,22.7450008392334,23.290000915527344,1974200,0.0,0.0
2025-06-27 00:00:00-04:00,23.184999465942383,23.3799991607666,22.280000686645508,22.649999618530273,2679600,0.0,0.0
2025-06-30 00:00:00-04:00,22.690000534057617,23.649999618530273,22.485000610351562,23.559999465942383,1354100,0.0,0.0
2025-07-01 00:00:00-04:00,23.5,23.969999313354492,22.8799991607666,23.0,1373100,0.0,0.0
2025-07-02 00:00:00-04:00,23.020000457763672,23.770000457763672,22.7549991607666,23.649999618530273,1320400,0.0,0.0
2025-07-03 00:00:00-04:00,23.75,24.260000228881836,23.440000534057617,24.0,629800,0.0,0.0
2025-07-07 00:00:00-04:00,24.0,24.0,22.75,22.969999313354492,823700,0.0,0.0
2025-07-08 00:00:00-04:00,23.0,23.165000915527344,22.56999969482422,23.0,833800,0.0,0.0
2025-07-09 00:00:00-04:00,23.0,24.524999618530273,23.0,24.209999084472656,1007200,0.0,0.0
2025-07-10 00:00:00-04:00,24.34000015258789,24.579999923706055,23.5,24.350000381469727,942800,0.0,0.0
2025-07-11 00:00:00-04:00,24.139999389648438,24.360000610351562,23.709999084472656,23.81999969482422,554100,0.0,0.0
2025-07-14 00:00:00-04:00,23.81999969482422,23.969999313354492,23.479999542236328,23.780000686645508,688500,0.0,0.0
2025-07-15 00:00:00-04:00,23.829999923706055,23.90999984741211,22.950000762939453,23.200000762939453,1180500,0.0,0.0
2025-07-16 00:00:00-04:00,23.450000762939453,23.68000030517578,22.90999984741211,23.559999465942383,967000,0.0,0.0
2025-07-17 00:00:00-04:00,23.5,23.969999313354492,23.334999084472656,23.760000228881836,892400,0.0,0.0
2025-07-18 00:00:00-04:00,24.030000686645508,24.030000686645508,22.950000762939453,23.049999237060547,756200,0.0,0.0
2025-07-21 00:00:00-04:00,23.260000228881836,23.799999237060547,22.690000534057617,22.790000915527344,779300,0.0,0.0
2025-07-22 00:00:00-04:00,22.799999237060547,23.18000030517578,22.09000015258789,22.290000915527344,663500,0.0,0.0
2025-07-23 00:00:00-04:00,22.65999984741211,23.299999237060547,22.290000915527344,22.6299991607666,648900,0.0,0.0
2025-07-24 00:00:00-04:00,22.450000762939453,22.56599998474121,21.860000610351562,21.8799991607666,674200,0.0,0.0
2025-07-25 00:00:00-04:00,21.75,21.81999969482422,21.41900062561035,21.809999465942383,946300,0.0,0.0
2025-07-28 00:00:00-04:00,21.75,21.924999237060547,20.864999771118164,20.8700008392334,1048000,0.0,0.0
2025-07-29 00:00:00-04:00,21.030000686645508,21.184999465942383,20.520000457763672,20.719999313354492,1217300,0.0,0.0
2025-07-30 00:00:00-04:00,21.079999923706055,21.489999771118164,20.649999618530273,21.09000015258789,903400,0.0,0.0
2025-07-31 00:00:00-04:00,20.850000381469727,21.139999389648438,20.299999237060547,20.790000915527344,1672100,0.0,0.0
2025-08-01 00:00:00-04:00,20.889999389648438,21.2549991607666,20.350000381469727,20.950000762939453,1028500,0.0,0.0
2025-08-04 00:00:00-04:00,20.309999465942383,20.795000076293945,19.84000015258789,20.450000762939453,1148700,0.0,0.0
2025-08-05 00:00:00-04:00,20.610000610351562,21.610000610351562,20.5,20.639999389648438,2547100,0.0,0.0
2025-08-06 00:00:00-04:00,20.09000015258789,20.30699920654297,19.190000534057617,19.25,1748800,0.0,0.0
2025-08-07 00:00:00-04:00,19.209999084472656,20.15999984741211,19.06599998474121,19.719999313354492,1511700,0.0,0.0
2025-08-08 00:00:00-04:00,19.559999465942383,19.8700008392334,19.25,19.790000915527344,1048400,0.0,0.0
2025-08-11 00:00:00-04:00,19.709999084472656,20.190000534057617,19.277000427246094,20.170000076293945,1418000,0.0,0.0
2025-08-12 00:00:00-04:00,20.479999542236328,21.170000076293945,19.93000030517578,21.139999389648438,1214700,0.0,0.0
2025-08-13 00:00:00-04:00,21.40999984741211,22.739999771118164,21.260000228881836,21.969999313354492,2124500,0.0,0.0
2025-08-14 00:00:00-04:00,21.709999084472656,21.861000061035156,21.040000915527344,21.270000457763672,1638000,0.0,0.0
2025-08-15 00:00:00-04:00,21.450000762939453,21.915000915527344,21.274999618530273,21.540000915527344,1936700,0.0,0.0
2025-08-18 00:00:00-04:00,21.610000610351562,21.989999771118164,21.3700008392334,21.799999237060547,1917100,0.0,0.0
2025-08-19 00:00:00-04:00,21.579999923706055,22.219999313354492,21.200000762939453,22.06999969482422,1860800,0.0,0.0
2025-08-20 00:00:00-04:00,22.059999465942383,22.760000228881836,21.610000610351562,22.100000381469727,2149600,0.0,0.0
2025-08-21 00:00:00-04:00,21.770000457763672,22.649999618530273,21.450000762939453,22.610000610351562,2145600,0.0,0.0
2025-08-22 00:00:00-04:00,22.81999969482422,23.809999465942383,22.40999984741211,22.56999969482422,2043500,0.0,0.0
2025-08-25 00:00:00-04:00,22.559999465942383,22.770000457763672,21.299999237060547,21.34000015258789,1725200,0.0,0.0
2025-08-26 00:00:00-04:00,21.329999923706055,22.639999389648438,21.149999618530273,22.540000915527344,1674200,0.0,0.0
2025-08-27 00:00:00-04:00,22.579999923706055,22.649999618530273,21.68000030517578,22.020000457763672,1495700,0.0,0.0
2025-08-28 00:00:00-04:00,22.09000015258789,22.760000228881836,21.8700008392334,22.290000915527344,2453500,0.0,0.0
2025-08-29 00:00:00-04:00,22.209999084472656,22.459999084472656,21.200000762939453,21.639999389648438,2121800,0.0,0.0
2025-09-02 00:00:00-04:00,21.81999969482422,22.780000686645508,21.645000457763672,22.610000610351562,2387400,0.0,0.0
2025-09-03 00:00:00-04:00,22.34000015258789,23.06999969482422,22.0,22.959999084472656,1271100,0.0,0.0
2025-09-04 00:00:00-04:00,22.899999618530273,22.969999313354492,21.709999084472656,21.899999618530273,1297100,0.0,0.0
2025-09-05 00:00:00-04:00,22.100000381469727,24.56999969482422,21.959999084472656,24.190000534057617,2748100,0.0,0.0
2025-09-08 00:00:00-04:00,24.0,25.190000534057617,23.860000610351562,24.75,3176500,0.0,0.0
2025-09-09 00:00:00-04:00,24.434999465942383,25.290000915527344,24.434999465942383,25.079999923706055,2311400,0.0,0.0
2025-09-10 00:00:00-04:00,24.950000762939453,25.051000595092773,23.684999465942383,24.360000610351562,1835500,0.0,0.0
2025-09-11 00:00:00-04:00,24.350000381469727,24.579999923706055,24.030000686645508,24.530000686645508,1009500,0.0,0.0
2025-09-12 00:00:00-04:00,24.450000762939453,24.55500030517578,23.719999313354492,23.770000457763672,1084100,0.0,0.0
2025-09-15 00:00:00-04:00,23.899999618530273,24.739999771118164,22.719999313354492,24.239999771118164,1406300,0.0,0.0
2025-09-16 00:00:00-04:00,24.329999923706055,24.920000076293945,24.190000534057617,24.760000228881836,1308500,0.0,0.0
2025-09-17 00:00:00-04:00,24.799999237060547,25.190000534057617,24.325000762939453,24.540000915527344,1607900,0.0,0.0
2025-09-18 00:00:00-04:00,25.06999969482422,26.40999984741211,24.75,26.34000015258789,1747200,0.0,0.0
2025-09-19 00:00:00-04:00,26.3799991607666,26.670000076293945,25.56999969482422,25.59000015258789,2238100,0.0,0.0
2025-09-22 00:00:00-04:00,25.59000015258789,26.540000915527344,24.844999313354492,26.110000610351562,2473400,0.0,0.0
2025-09-23 00:00:00-04:00,26.0,26.549999237060547,25.7549991607666,25.959999084472656,990700,0.0,0.0
2025-09-24 00:00:00-04:00,26.149999618530273,26.610000610351562,25.975000381469727,26.139999389648438,1067100,0.0,0.0
2025-09-25 00:00:00-04:00,25.809999465942383,28.065000534057617,25.610000610351562,26.959999084472656,2196300,0.0,0.0
2025-09-26 00:00:00-04:00,26.940000534057617,28.450000762939453,26.589000701904297,28.200000762939453,1600600,0.0,0.0
2025-09-29 00:00:00-04:00,28.200000762939453,29.969999313354492,27.8700008392334,28.899999618530273,2312300,0.0,0.0
2025-09-30 00:00:00-04:00,28.959999084472656,29.93000030517578,28.59000015258789,29.059999465942383,1669800,0.0,0.0
2025-10-01 00:00:00-04:00,29.139999389648438,29.479999542236328,28.479999542236328,28.790000915527344,1264900,0.0,0.0
2025-10-02 00:00:00-04:00,29.0,29.20599937438965,28.5,29.190000534057617,740100,0.0,0.0
2025-10-03 00:00:00-04:00,29.389999389648438,30.6200008392334,29.094999313354492,30.139999389648438,981000,0.0,0.0
2025-10-06 00:00:00-04:00,30.139999389648438,31.25,29.889999389648438,30.940000534057617,1447700,0.0,0.0
2025-10-07 00:00:00-04:00,31.18000030517578,31.600000381469727,30.28499984741211,30.799999237060547,925800,0.0,0.0
2025-10-08 00:00:00-04:00,31.139999389648438,31.799999237060547,30.3799991607666,30.5,1248500,0.0,0.0
2025-10-09 00:00:00-04:00,30.5,31.0,30.200000762939453,30.530000686645508,1004800,0.0,0.0
2025-10-10 00:00:00-04:00,30.809999465942383,30.809999465942383,29.415000915527344,30.09000015258789,1292800,0.0,0.0
2025-10-13 00:00:00-04:00,30.420000076293945,30.849000930786133,29.719999313354492,30.489999771118164,794100,0.0,0.0
2025-10-14 00:00:00-04:00,30.09000015258789,30.833999633789062,29.579999923706055,30.299999237060547,1024000,0.0,0.0
2025-10-15 00:00:00-04:00,30.360000610351562,31.135000228881836,30.020000457763672,31.0,1135800,0.0,0.0
2025-10-16 00:00:00-04:00,31.969999313354492,31.969999313354492,30.040000915527344,30.510000228881836,1131100,0.0,0.0
2025-10-17 00:00:00-04:00,30.239999771118164,31.829999923706055,30.239999771118164,31.229999542236328,1204900,0.0,0.0
2025-10-20 00:00:00-04:00,31.950000762939453,32.220001220703125,30.040000915527344,30.200000762939453,967600,0.0,0.0
2025-10-21 00:00:00-04:00,30.200000762939453,30.51099967956543,29.5,30.329999923706055,817000,0.0,0.0
2025-10-22 00:00:00-04:00,30.3700008392334,30.43000030517578,29.610000610351562,29.940000534057617,654600,0.0,0.0
2025-10-23 00:00:00-04:00,29.8700008392334,29.985000610351562,28.149999618530273,28.200000762939453,1429300,0.0,0.0
2025-10-24 00:00:00-04:00,28.65999984741211,29.579999923706055,28.1200008392334,29.219999313354492,1204000,0.0,0.0
2025-10-27 00:00:00-04:00,29.729999542236328,30.975000381469727,29.610000610351562,30.40999984741211,1231800,0.0,0.0
2025-10-28 00:00:00-04:00,30.219999313354492,30.459999084472656,29.625,29.959999084472656,845200,0.0,0.0
2025-10-29 00:00:00-04:00,29.719999313354492,30.34000015258789,28.920000076293945,29.360000610351562,1522400,0.0,0.0
2025-10-30 00:00:00-04:00,29.06999969482422,30.40999984741211,29.0049991607666,29.670000076293945,1022700,0.0,0.0
2025-10-31 00:00:00-04:00,29.459999084472656,29.905000686645508,27.5,28.459999084472656,1535800,0.0,0.0
2025-11-03 00:00:00-05:00,28.09000015258789,28.670000076293945,25.100000381469727,25.940000534057617,2123500,0.0,0.0
2025-11-04 00:00:00-05:00,25.3700008392334,25.475000381469727,24.049999237060547,24.350000381469727,2467400,0.0,0.0
2025-11-05 00:00:00-05:00,24.229999542236328,24.56800079345703,23.739999771118164,24.100000381469727,2043400,0.0,0.0
2025-11-06 00:00:00-05:00,23.479999542236328,26.15999984741211,23.049999237060547,25.219999313354492,2411900,0.0,0.0
2025-11-07 00:00:00-05:00,24.989999771118164,25.40999984741211,23.860000610351562,24.190000534057617,1301000,0.0,0.0
2025-11-10 00:00:00-05:00,26.0,28.979999542236328,26.0,27.75,3350200,0.0,0.0
2025-11-11 00:00:00-05:00,27.729999542236328,30.170000076293945,27.3700008392334,29.709999084472656,1739100,0.0,0.0
2025-11-12 00:00:00-05:00,29.719999313354492,31.795000076293945,29.510000228881836,31.079999923706055,2624600,0.0,0.0
2025-11-13 00:00:00-05:00,30.579999923706055,31.290000915527344,27.900999069213867,28.3700008392334,1171300,0.0,0.0
2025-11-14 00:00:00-05:00,27.549999237060547,29.040000915527344,27.549999237060547,28.350000381469727,1250400,0.0,0.0
2025-11-17 00:00:00-05:00,28.18000030517578,29.899999618530273,27.850000381469727,29.459999084472656,1380800,0.0,0.0
2025-11-18 00:00:00-05:00,29.290000915527344,29.84000015258789,28.610000610351562,28.90999984741211,1433000,0.0,0.0
2025-11-19 00:00:00-05:00,29.110000610351562,29.770000457763672,28.020000457763672,28.549999237060547,1227000,0.0,0.0
2025-11-20 00:00:00-05:00,29.049999237060547,29.360000610351562,27.709999084472656,27.8700008392334,1232200,0.0,0.0
2025-11-21 00:00:00-05:00,27.510000228881836,28.8700008392334,27.190000534057617,28.459999084472656,789100,0.0,0.0
2025-11-24 00:00:00-05:00,28.639999389648438,29.420000076293945,28.170000076293945,29.239999771118164,1200900,0.0,0.0
2025-11-25 00:00:00-05:00,29.2549991607666,29.68000030517578,28.3799991607666,29.43000030517578,1578200,0.0,0.0
2025-11-26 00:00:00-05:00,29.100000381469727,34.06999969482422,28.809999465942383,33.33000183105469,3201600,0.0,0.0
2025-11-28 00:00:00-05:00,33.400001525878906,34.43000030517578,33.400001525878906,33.75,649300,0.0,0.0
2025-12-01 00:00:00-05:00,33.369998931884766,33.95000076293945,32.65999984741211,33.0,983300,0.0,0.0
2025-12-02 00:00:00-05:00,32.91999816894531,39.810001373291016,32.91999816894531,37.25,4353900,0.0,0.0
2025-12-03 00:00:00-05:00,37.220001220703125,41.77000045776367,36.599998474121094,41.2599983215332,3532800,0.0,0.0
2025-12-04 00:00:00-05:00,41.220001220703125,43.38999938964844,39.86600112915039,42.61000061035156,1914800,0.0,0.0
2025-12-05 00:00:00-05:00,43.529998779296875,46.17499923706055,43.345001220703125,44.900001525878906,2548300,0.0,0.0
2025-12-08 00:00:00-05:00,44.880001068115234,47.099998474121094,43.5,45.029998779296875,2021600,0.0,0.0
2025-12-09 00:00:00-05:00,41.56999969482422,44.93000030517578,40.380001068115234,44.65999984741211,1769500,0.0,0.0
2025-12-10 00:00:00-05:00,43.25,45.25,42.560001373291016,44.34000015258789,2830400,0.0,0.0
2025-12-11 00:00:00-05:00,44.26499938964844,47.290000915527344,44.26499938964844,46.02000045776367,1118700,0.0,0.0
2025-12-12 00:00:00-05:00,45.93000030517578,50.15999984741211,45.45000076293945,49.79999923706055,1384800,0.0,0.0
2025-12-15 00:00:00-05:00,49.4900016784668,51.189998626708984,48.70000076293945,49.209999084472656,2794400,0.0,0.0
2025-12-16 00:00:00-05:00,49.630001068115234,49.77000045776367,47.880001068115234,48.29999923706055,1986700,0.0,0.0
2025-12-17 00:00:00-05:00,48.02000045776367,49.060001373291016,47.63199996948242,48.529998779296875,927700,0.0,0.0
2025-12-18 00:00:00-05:00,48.83000183105469,50.25,47.220001220703125,47.689998626708984,829600,0.0,0.0
2025-12-19 00:00:00-05:00,48.2400016784668,51.720001220703125,47.86000061035156,51.220001220703125,2508300,0.0,0.0
2025-12-22 00:00:00-05:00,51.529998779296875,54.56999969482422,51.15999984741211,53.779998779296875,1458200,0.0,0.0
2025-12-23 00:00:00-05:00,54.224998474121094,55.0,53.262001037597656,53.90999984741211,845000,0.0,0.0
2025-12-24 00:00:00-05:00,54.34000015258789,56.04999923706055,54.16999816894531,55.66999816894531,481100,0.0,0.0
2025-12-26 00:00:00-05:00,55.279998779296875,55.46500015258789,53.369998931884766,53.58000183105469,721100,0.0,0.0
2025-12-29 00:00:00-05:00,53.2599983215332,53.7599983215332,51.45500183105469,52.25,1363200,0.0,0.0
2025-12-30 00:00:00-05:00,52.150001525878906,52.150001525878906,50.38999938964844,51.16999816894531,1061000,0.0,0.0
2025-12-31 00:00:00-05:00,51.279998779296875,51.279998779296875,49.95000076293945,50.63999938964844,1056100,0.0,0.0
2026-01-02 00:00:00-05:00,50.744998931884766,50.84000015258789,47.939998626708984,48.619998931884766,1031300,0.0,0.0
2026-01-05 00:00:00-05:00,48.220001220703125,48.61000061035156,46.130001068115234,47.06999969482422,1114700,0.0,0.0
2026-01-06 00:00:00-05:00,46.849998474121094,47.56399917602539,45.5,46.52000045776367,1541800,0.0,0.0
2026-01-07 00:00:00-05:00,47.720001220703125,50.790000915527344,47.34000015258789,48.68000030517578,1171500,0.0,0.0
2026-01-08 00:00:00-05:00,48.439998626708984,48.689998626708984,47.279998779296875,47.689998626708984,1048900,0.0,0.0
2026-01-09 00:00:00-05:00,48.599998474121094,49.279998779296875,47.75,48.709999084472656,816800,0.0,0.0
2026-01-12 00:00:00-05:00,48.59000015258789,48.80500030517578,45.02000045776367,46.459999084472656,1321500,0.0,0.0
2026-01-13 00:00:00-05:00,46.09000015258789,49.29999923706055,45.77000045776367,49.099998474121094,1596600,0.0,0.0
2026-01-14 00:00:00-05:00,49.41999816894531,49.75299835205078,47.150001525878906,48.40999984741211,1269100,0.0,0.0
2026-01-15 00:00:00-05:00,48.43000030517578,49.459999084472656,46.040000915527344,46.279998779296875,743500,0.0,0.0
2026-01-16 00:00:00-05:00,46.470001220703125,48.130001068115234,45.68000030517578,46.5099983215332,859000,0.0,0.0
2026-01-20 00:00:00-05:00,46.209999084472656,46.32600021362305,44.55500030517578,44.83000183105469,1567700,0.0,0.0
2026-01-21 00:00:00-05:00,44.93000030517578,46.310001373291016,44.67499923706055,45.77000045776367,1285300,0.0,0.0
2026-01-22 00:00:00-05:00,45.9900016784668,49.33000183105469,45.75,48.71500015258789,1258800,0.0,0.0
2026-01-23 00:00:00-05:00,47.630001068115234,48.638999938964844,46.560001373291016,47.4900016784668,661200,0.0,0.0
2026-01-26 00:00:00-05:00,47.20000076293945,47.42499923706055,46.08000183105469,47.220001220703125,1099600,0.0,0.0
2026-01-27 00:00:00-05:00,47.599998474121094,47.95000076293945,45.65999984741211,46.75,762300,0.0,0.0
2026-01-28 00:00:00-05:00,46.75,47.099998474121094,43.9370002746582,45.11000061035156,1062700,0.0,0.0
2026-01-29 00:00:00-05:00,44.95000076293945,45.744998931884766,44.29999923706055,45.0,694400,0.0,0.0
2026-01-30 00:00:00-05:00,44.33000183105469,44.60499954223633,42.58000183105469,43.2599983215332,1254500,0.0,0.0
2026-02-02 00:00:00-05:00,42.959999084472656,45.380001068115234,42.93000030517578,45.279998779296875,1303500,0.0,0.0
2026-02-03 00:00:00-05:00,44.400001525878906,45.5099983215332,43.52000045776367,44.66999816894531,667100,0.0,0.0
2026-02-04 00:00:00-05:00,44.880001068115234,45.14500045776367,42.06999969482422,42.7400016784668,867700,0.0,0.0
2026-02-05 00:00:00-05:00,42.22999954223633,43.5099983215332,40.869998931884766,40.95000076293945,1225400,0.0,0.0
2026-02-06 00:00:00-05:00,41.900001525878906,43.81999969482422,41.31999969482422,43.5,1039200,0.0,0.0
2026-02-09 00:00:00-05:00,43.439998626708984,44.099998474121094,42.209999084472656,43.849998474121094,532600,0.0,0.0
2026-02-10 00:00:00-05:00,43.91999816894531,44.959999084472656,43.63999938964844,44.04999923706055,794800,0.0,0.0
2026-02-11 00:00:00-05:00,44.029998779296875,44.400001525878906,41.61000061035156,42.959999084472656,1175000,0.0,0.0
2026-02-12 00:00:00-05:00,43.459999084472656,43.4900016784668,41.459999084472656,42.2400016784668,673400,0.0,0.0
2026-02-13 00:00:00-05:00,42.7400016784668,44.029998779296875,42.06999969482422,42.220001220703125,1603500,0.0,0.0
2026-02-17 00:00:00-05:00,41.90999984741211,43.5,41.7599983215332,42.849998474121094,757300,0.0,0.0
2026-02-18 00:00:00-05:00,42.79999923706055,44.65999984741211,42.52000045776367,44.06999969482422,972100,0.0,0.0
2026-02-19 00:00:00-05:00,43.7400016784668,44.0,41.45000076293945,42.150001525878906,1206800,0.0,0.0
2026-02-20 00:00:00-05:00,41.779998779296875,42.5099983215332,40.31999969482422,41.7599983215332,882600,0.0,0.0
2026-02-23 00:00:00-05:00,41.5,42.38999938964844,41.0,42.060001373291016,508100,0.0,0.0
2026-02-24 00:00:00-05:00,41.900001525878906,43.05500030517578,41.209999084472656,42.369998931884766,727300,0.0,0.0
2026-02-25 00:00:00-05:00,42.630001068115234,44.2599983215332,41.599998474121094,41.68000030517578,799200,0.0,0.0
2026-02-26 00:00:00-05:00,41.2400016784668,42.46500015258789,40.77299880981445,42.349998474121094,1953600,0.0,0.0
2026-02-27 00:00:00-05:00,40.7599983215332,41.70500183105469,40.2599983215332,40.790000915527344,1312100,0.0,0.0
2026-03-02 00:00:00-05:00,39.95000076293945,40.9900016784668,39.0099983215332,40.41999816894531,1079600,0.0,0.0
2026-03-03 00:00:00-05:00,39.310001373291016,40.119998931884766,38.85499954223633,39.29999923706055,1026900,0.0,0.0
2026-03-04 00:00:00-05:00,40.400001525878906,40.95000076293945,39.25,39.650001525878906,1759700,0.0,0.0
2026-03-05 00:00:00-05:00,38.93000030517578,39.79999923706055,38.29999923706055,38.849998474121094,1042600,0.0,0.0
2026-03-06 00:00:00-05:00,37.970001220703125,39.58000183105469,37.970001220703125,39.06999969482422,1016000,0.0,0.0
2026-03-09 00:00:00-04:00,39.13999938964844,39.599998474121094,38.0,38.970001220703125,1278500,0.0,0.0
2026-03-10 00:00:00-04:00,40.5,45.375,39.88999938964844,40.25,2239900,0.0,0.0
2026-03-11 00:00:00-04:00,41.040000915527344,42.400001525878906,39.75,42.040000915527344,1401000,0.0,0.0
2026-03-12 00:00:00-04:00,41.09000015258789,42.029998779296875,39.68000030517578,41.16999816894531,1227900,0.0,0.0
2026-03-13 00:00:00-04:00,41.7599983215332,42.72999954223633,38.88999938964844,39.959999084472656,1510600,0.0,0.0
2026-03-16 00:00:00-04:00,40.56999969482422,40.9900016784668,39.369998931884766,40.04999923706055,737900,0.0,0.0
2026-03-17 00:00:00-04:00,40.150001525878906,40.654998779296875,39.22999954223633,39.31999969482422,684500,0.0,0.0
2026-03-18 00:00:00-04:00,39.119998931884766,39.119998931884766,38.119998931884766,38.31999969482422,593000,0.0,0.0
2026-03-19 00:00:00-04:00,37.599998474121094,41.47999954223633,37.5099983215332,41.369998931884766,1575000,0.0,0.0
2026-03-20 00:00:00-04:00,40.94499969482422,42.209999084472656,40.13999938964844,40.529998779296875,3986300,0.0,0.0
2026-03-23 00:00:00-04:00,41.54999923706055,42.25,39.494998931884766,40.72999954223633,1483100,0.0,0.0
2026-03-24 00:00:00-04:00,39.84000015258789,40.150001525878906,38.23500061035156,39.75,952800,0.0,0.0
2026-03-25 00:00:00-04:00,40.380001068115234,41.54999923706055,39.83000183105469,40.15999984741211,1411400,0.0,0.0
2026-03-26 00:00:00-04:00,39.459999084472656,40.97999954223633,39.2599983215332,40.2599983215332,625800,0.0,0.0
2026-03-27 00:00:00-04:00,39.880001068115234,40.470001220703125,38.165000915527344,38.86000061035156,763100,0.0,0.0
2026-03-30 00:00:00-04:00,38.97999954223633,39.04999923706055,37.900001525878906,38.099998474121094,426100,0.0,0.0
2026-03-31 00:00:00-04:00,39.04999923706055,40.27000045776367,38.0,40.22999954223633,1849500,0.0,0.0
2026-04-01 00:00:00-04:00,41.47999954223633,42.85499954223633,40.4900016784668,40.5,1619100,0.0,0.0
2026-04-02 00:00:00-04:00,39.27000045776367,41.45000076293945,39.0,40.86000061035156,706600,0.0,0.0
2026-04-06 00:00:00-04:00,41.31999969482422,41.31999969482422,39.86000061035156,40.44499969482422,1393800,0.0,0.0
2026-04-07 00:00:00-04:00,40.099998474121094,40.459999084472656,39.08000183105469,40.0,1165300,0.0,0.0
2026-04-08 00:00:00-04:00,41.619998931884766,42.0,39.630001068115234,40.33000183105469,1223200,0.0,0.0
2026-04-09 00:00:00-04:00,40.06999969482422,41.224998474121094,39.56999969482422,40.93000030517578,1643300,0.0,0.0
2026-04-10 00:00:00-04:00,41.119998931884766,47.0,40.47999954223633,45.040000915527344,2934600,0.0,0.0
2026-04-13 00:00:00-04:00,44.900001525878906,45.29999923706055,43.08000183105469,43.709999084472656,1191500,0.0,0.0
2026-04-14 00:00:00-04:00,43.75,45.72999954223633,43.099998474121094,44.36000061035156,1249900,0.0,0.0
2026-04-15 00:00:00-04:00,44.40999984741211,44.54499816894531,42.4900016784668,43.45000076293945,1321600,0.0,0.0
2026-04-16 00:00:00-04:00,43.40999984741211,43.47999954223633,41.52000045776367,42.2400016784668,931700,0.0,0.0
2026-04-17 00:00:00-04:00,42.75,44.06999969482422,42.04999923706055,42.29999923706055,1168300,0.0,0.0
2026-04-20 00:00:00-04:00,42.0099983215332,42.81700134277344,41.529998779296875,41.61000061035156,755200,0.0,0.0
2026-04-21 00:00:00-04:00,41.5099983215332,42.1349983215332,39.68000030517578,40.060001373291016,685500,0.0,0.0
2026-04-22 00:00:00-04:00,40.459999084472656,40.65999984741211,39.58000183105469,40.27000045776367,651300,0.0,0.0
2026-04-23 00:00:00-04:00,40.27000045776367,40.68000030517578,37.91999816894531,38.38999938964844,864500,0.0,0.0
2026-04-24 00:00:00-04:00,38.209999084472656,39.310001373291016,36.30500030517578,37.689998626708984,1722000,0.0,0.0
2026-04-27 00:00:00-04:00,37.349998474121094,37.959999084472656,37.04999923706055,37.279998779296875,756500,0.0,0.0
2026-04-28 00:00:00-04:00,37.650001525878906,38.970001220703125,36.709999084472656,37.11000061035156,1614821,0.0,0.0
