Date,Open,High,Low,Close,Volume,Dividends,Stock Splits
2022-01-03 00:00:00-05:00,83.34512643686158,86.66815948486328,82.68840022118229,86.66815948486328,288000,0.0,0.0
2022-01-04 00:00:00-05:00,87.8502740938596,90.61508602066583,87.04249358375888,88.93386840820312,377400,0.0,0.0
2022-01-05 00:00:00-05:00,89.36728769321611,91.14700978869932,84.89498461546835,85.2167739868164,214100,0.0,0.0
2022-01-06 00:00:00-05:00,86.03114378956509,89.3279125635217,86.03114378956509,88.46102905273438,223600,0.0,0.0
2022-01-07 00:00:00-05:00,88.90759261625843,89.64312272424816,86.2938152295092,87.3314437866211,162100,0.0,0.0
2022-01-10 00:00:00-05:00,87.16727375362844,87.4036956082513,83.40423508665825,85.26277160644531,194100,0.0,0.0
2022-01-11 00:00:00-05:00,87.04905088714472,90.20790198186384,84.34333240644497,89.34101867675781,358100,0.0,0.0
2022-01-12 00:00:00-05:00,90.792401515248,91.77749086261055,88.277138845814,90.49030303955078,226100,0.0,0.0
2022-01-13 00:00:00-05:00,90.30641816873944,92.4079500722904,88.1983326313936,88.53983306884766,257500,0.0,0.0
2022-01-14 00:00:00-05:00,88.7959574419807,91.94167165589177,88.7959574419807,91.21926879882812,244700,0.0,0.0
2022-01-18 00:00:00-05:00,93.8461745264751,94.63425402140169,87.8699718289287,88.98640441894531,253200,0.0,0.0
2022-01-19 00:00:00-05:00,89.55776482754904,90.01090759055049,86.83891827038875,88.73029327392578,177400,0.0,0.0
2022-01-20 00:00:00-05:00,87.35114517670706,91.65270363931242,86.05739380662423,87.26577758789062,250400,0.0,0.0
2022-01-21 00:00:00-05:00,85.82754515751428,86.44486936350425,81.44061412121157,82.75406646728516,352000,0.0,0.0
2022-01-24 00:00:00-05:00,80.16000043085656,85.93919314370108,78.09131685597633,85.32186889648438,254300,0.0,0.0
2022-01-25 00:00:00-05:00,83.96900711036166,89.86640521373455,82.18271115579303,89.14401245117188,289600,0.0,0.0
2022-01-26 00:00:00-05:00,91.04195423052843,91.79062168057244,86.21501276258265,88.34937286376953,189000,0.0,0.0
2022-01-27 00:00:00-05:00,90.6150743183458,91.54762427917474,86.43829546766558,88.89445495605469,165200,0.0,0.0
2022-01-28 00:00:00-05:00,88.98638912766098,90.05028223380828,84.8884145374511,88.08667755126953,185500,0.0,0.0
2022-01-31 00:00:00-05:00,88.00132352510383,90.23418891964039,84.34992692844266,88.94043731689453,168700,0.0,0.0
2022-02-01 00:00:00-05:00,88.94698754132317,92.80854034423828,87.1606916883315,92.80854034423828,279300,0.0,0.0
2022-02-02 00:00:00-05:00,93.87901120347436,95.32380688420753,91.58704310758463,94.94947814941406,411500,0.0,0.0
2022-02-03 00:00:00-05:00,94.50948006935057,95.57337342175265,92.46706096560429,94.03663635253906,186000,0.0,0.0
2022-02-04 00:00:00-05:00,94.98888011930318,96.79487722543134,94.43723249916182,94.94947814941406,218500,0.0,0.0
2022-02-07 00:00:00-05:00,94.02347353039804,95.42230331512998,91.94165301813173,94.25989532470703,174000,0.0,0.0
2022-02-08 00:00:00-05:00,93.59660928904144,93.59660928904144,87.44307873961804,88.08667755126953,362300,0.0,0.0
2022-02-09 00:00:00-05:00,89.15059544811143,92.09272647363706,87.8568438322058,91.2258529663086,281000,0.0,0.0
2022-02-10 00:00:00-05:00,92.06644692692812,94.16140509337264,85.28246412664701,87.33802032470703,673800,0.0,0.0
2022-02-11 00:00:00-05:00,88.53325413095796,91.78404669606958,87.61384149343922,90.41149139404297,516300,0.0,0.0
2022-02-14 00:00:00-05:00,90.56910394206439,90.6282068893806,87.3314388764084,89.4329605102539,257400,0.0,0.0
2022-02-15 00:00:00-05:00,86.7535401878277,89.31476851181289,86.28726014892416,88.48729705810547,245500,0.0,0.0
2022-02-16 00:00:00-05:00,89.85984516308531,90.62821359760694,84.63887399260983,85.05260467529297,241300,0.0,0.0
2022-02-17 00:00:00-05:00,85.64964238781226,88.75025897999707,85.15486282311312,85.43193817138672,300100,0.585,0.0
2022-02-18 00:00:00-05:00,83.94759331213135,85.61664878250151,82.52262585453235,83.08997344970703,262800,0.0,0.0
2022-02-22 00:00:00-05:00,84.8514093988556,85.82117833160244,80.03555709200113,80.81401062011719,314400,0.0,0.0
2022-02-23 00:00:00-05:00,82.28514260792052,84.36321275953081,81.48030037489244,81.92230224609375,269700,0.0,0.0
2022-02-24 00:00:00-05:00,81.07128815414126,85.06251236423599,80.24665546884552,82.99103546142578,312300,0.0,0.0
2022-02-25 00:00:00-05:00,81.98168666361656,83.90803257881778,81.1504604815318,83.65734100341797,211200,0.0,0.0
2022-02-28 00:00:00-05:00,83.42644414638583,87.51662554246538,83.06360876194218,87.41766357421875,284900,0.0,0.0
2022-03-01 00:00:00-05:00,89.5287203022335,91.560606255525,86.34233859418819,88.98116302490234,416100,0.0,0.0
2022-03-02 00:00:00-05:00,91.4220758294028,91.61998967977418,88.03778019363386,89.7991943359375,255100,0.0,0.0
2022-03-03 00:00:00-05:00,89.50232004705319,89.66065312549453,87.10758382549541,88.116943359375,139900,0.0,0.0
2022-03-04 00:00:00-05:00,88.08396138064555,95.3407284880665,87.93882523319182,95.32093811035156,641400,0.0,0.0
2022-03-07 00:00:00-05:00,97.52435787758033,103.9762829887257,95.96085757917096,100.57219696044922,1180700,0.0,0.0
2022-03-08 00:00:00-05:00,103.92350652218484,104.55022533645348,95.6903767853858,97.22749328613281,428000,0.0,0.0
2022-03-09 00:00:00-05:00,95.21536460385121,98.5073010438091,91.23733837889766,95.88826751708984,485100,0.0,0.0
2022-03-10 00:00:00-05:00,97.55074911589713,98.69864148709395,95.92127405433502,97.4320068359375,356200,0.0,0.0
2022-03-11 00:00:00-05:00,95.53202565175881,97.3000429921962,93.21646118164062,93.21646118164062,247100,0.0,0.0
2022-03-14 00:00:00-04:00,93.28904560868845,93.60570173031167,89.72003305436006,92.45780944824219,649600,0.0,0.0
2022-03-15 00:00:00-04:00,88.23570111044697,94.9976894198457,87.64196957809989,94.59526824951172,572500,0.0,0.0
2022-03-16 00:00:00-04:00,94.46332085643978,97.38581413382653,93.32203208833835,95.69696807861328,474600,0.0,0.0
2022-03-17 00:00:00-04:00,97.21429068841965,100.61837655896744,97.21429068841965,99.52326202392578,445800,0.0,0.0
2022-03-18 00:00:00-04:00,100.23674202356405,100.66751998827132,98.55401399415176,100.24346923828125,591200,3.0,0.0
2022-03-21 00:00:00-04:00,102.57909766530713,102.98295650492175,99.84634895951139,101.64350128173828,348400,0.0,0.0
2022-03-22 00:00:00-04:00,101.44157576698983,101.53580812091253,99.88672652143077,100.11558532714844,307800,0.0,0.0
2022-03-23 00:00:00-04:00,100.96366652676892,101.93291936871475,99.34825197056273,100.62712097167969,200200,0.0,0.0
2022-03-24 00:00:00-04:00,100.44538098774491,101.23289633452039,99.54344138756326,101.19251251220703,217000,0.0,0.0
2022-03-25 00:00:00-04:00,100.3175062999497,104.47048797460137,99.94731436240637,104.12720489501953,288500,0.0,0.0
2022-03-28 00:00:00-04:00,101.94639692524864,102.33678078030292,97.3491828304131,98.03572845458984,336000,0.0,0.0
2022-03-29 00:00:00-04:00,95.98953144562131,98.99152256038302,95.00681382573653,98.97805786132812,324000,0.0,0.0
2022-03-30 00:00:00-04:00,100.09539952898956,101.40118786439602,99.08576270217954,99.77230834960938,268100,0.0,0.0
2022-03-31 00:00:00-04:00,98.20402389911108,101.40794529964997,97.6049730081752,98.4732666015625,277900,0.0,0.0
2022-04-01 00:00:00-04:00,97.96168439179529,101.83195862044259,97.96168439179529,100.8963623046875,372900,0.0,0.0
2022-04-04 00:00:00-04:00,101.87908548179706,103.74355100056695,99.62422583057908,100.25020599365234,424900,0.0,0.0
2022-04-05 00:00:00-04:00,101.27330751710832,101.74446930786367,96.00300213420394,96.7097396850586,430600,0.0,0.0
2022-04-06 00:00:00-04:00,97.16071849282633,99.03863841529889,95.96934419718308,96.44050598144531,393200,0.0,0.0
2022-04-07 00:00:00-04:00,97.75977084929515,99.8059636047046,96.00300238376037,98.4261245727539,382100,0.0,0.0
2022-04-08 00:00:00-04:00,98.27132506087672,100.50599299897803,98.03573900901456,99.82616424560547,304800,0.0,0.0
2022-04-11 00:00:00-04:00,98.60785753072807,99.50979724389131,95.91549281999146,98.4463119506836,257100,0.0,0.0
2022-04-12 00:00:00-04:00,100.08869714979903,102.7137599825809,99.30118138113264,100.13581848144531,407600,0.0,0.0
2022-04-13 00:00:00-04:00,101.19926883056127,102.7608351171136,99.66462167370943,102.33678436279297,254900,0.0,0.0
2022-04-14 00:00:00-04:00,102.07428499388922,102.95604316763803,100.58675906775113,101.63677978515625,227000,0.0,0.0
2022-04-18 00:00:00-04:00,102.05407667209724,104.08681481678309,101.13867229910775,103.54833984375,322600,0.0,0.0
2022-04-19 00:00:00-04:00,102.63967088656709,102.90890323237898,100.45212469753966,100.92328643798828,221500,0.0,0.0
2022-04-20 00:00:00-04:00,102.20889947899012,102.82814213023167,100.53962596288893,102.29639434814453,288200,0.0,0.0
2022-04-21 00:00:00-04:00,103.83777569032439,104.09354334606587,97.89437954016374,98.11650085449219,298000,0.0,0.0
2022-04-22 00:00:00-04:00,97.16072367710258,98.22419878808628,91.47309453681181,92.36157989501953,351100,0.0,0.0
2022-04-25 00:00:00-04:00,88.8480359599482,92.94715879043956,85.85278225631879,91.71540069580078,432800,0.0,0.0
2022-04-26 00:00:00-04:00,91.71542276395485,92.69814064446837,88.31631969587345,88.3432388305664,347400,0.0,0.0
2022-04-27 00:00:00-04:00,88.54516436279248,88.98940709472556,87.23936557105128,88.10092163085938,292700,0.0,0.0
2022-04-28 00:00:00-04:00,88.5047754481827,93.06159598518423,85.44220809278544,91.97119140625,220400,0.0,0.0
2022-04-29 00:00:00-04:00,91.8769577281175,92.78563504464063,88.55862271952643,89.29228973388672,275000,0.0,0.0
2022-05-02 00:00:00-04:00,88.45093700783707,89.86442268432748,85.4758693299723,88.12784576416016,372300,0.0,0.0
2022-05-03 00:00:00-04:00,87.58262132253033,92.87985590928827,87.58262132253033,92.79235076904297,218300,0.0,0.0
2022-05-04 00:00:00-04:00,94.23276125615695,96.05010531198593,90.76634593245639,95.37701416015625,219600,0.0,0.0
2022-05-05 00:00:00-04:00,97.40304437208971,98.07613565709451,91.36541472395204,96.211669921875,330400,0.0,0.0
2022-05-06 00:00:00-04:00,97.57804470906795,99.82616714296823,94.24624489215282,99.74539947509766,254500,0.0,0.0
2022-05-09 00:00:00-04:00,97.10687830630897,97.10687830630897,90.36922826562717,91.04905700683594,471700,0.0,0.0
2022-05-10 00:00:00-04:00,91.80290535791102,94.6298862514402,86.7547215228388,89.04996490478516,326900,0.0,0.0
2022-05-11 00:00:00-04:00,90.75962547338541,95.5722342740988,90.1201908133068,90.68558502197266,287600,0.0,0.0
2022-05-12 00:00:00-04:00,89.7095980829211,90.66538639460555,86.9970412546152,89.13746643066406,220300,0.0,0.0
2022-05-13 00:00:00-04:00,90.14710321171631,92.7721651625384,90.14710321171631,92.52312469482422,258100,0.0,0.0
2022-05-16 00:00:00-04:00,92.0923460213239,96.12415587221234,92.0923460213239,94.17219543457031,229300,0.0,0.0
2022-05-17 00:00:00-04:00,94.8856499718498,96.98569084607699,93.52600312018885,95.740478515625,227100,0.0,0.0
2022-05-18 00:00:00-04:00,96.90492930121037,97.22128294903662,89.13745203025645,91.18365478515625,248500,0.0,0.0
2022-05-19 00:00:00-04:00,88.83452485071234,94.47244883889057,88.58439400052055,93.88432312011719,257200,0.585,0.0
2022-05-20 00:00:00-04:00,94.64146288248408,96.52077110594249,93.77617033276658,96.35176849365234,256800,0.0,0.0
2022-05-23 00:00:00-04:00,96.54779770488193,100.43485699863209,94.78341037807138,100.2185287475586,301500,0.0,0.0
2022-05-24 00:00:00-04:00,99.42762448432185,99.99547082245238,96.87906203912212,99.05581665039062,201100,0.0,0.0
2022-05-25 00:00:00-04:00,99.92786838050567,101.40156619123663,97.54830873898977,101.2258071899414,422200,0.0,0.0
2022-05-26 00:00:00-04:00,102.64543615579227,103.54453139636915,100.86076877343494,103.11188507080078,474500,0.0,0.0
2022-05-27 00:00:00-04:00,103.5985950152734,109.50692969401773,102.2262947123835,109.37171936035156,555500,0.0,0.0
2022-05-31 00:00:00-04:00,112.9107490716038,114.1914006671499,108.88289036622106,109.28911590576172,532000,2.94,0.0
2022-06-01 00:00:00-04:00,110.69368712794346,115.05203273710696,110.35630755893285,113.81957244873047,343300,0.0,0.0
2022-06-02 00:00:00-04:00,113.70942410047098,113.70942410047098,108.66944763700381,109.51632690429688,348400,0.0,0.0
2022-06-03 00:00:00-04:00,109.0343594225748,114.26023960400931,108.96550301064535,113.62680053710938,237000,0.0,0.0
2022-06-06 00:00:00-04:00,113.97793637520462,116.9730115172053,113.15171201031185,116.71826171875,335700,0.0,0.0
2022-06-07 00:00:00-04:00,116.40154178419331,122.72906141407758,116.40154178419331,122.68775177001953,402900,0.0,0.0
2022-06-08 00:00:00-04:00,123.80314085356262,124.8565786876705,121.83396748605146,122.66708374023438,261900,0.0,0.0
2022-06-09 00:00:00-04:00,122.04743085791168,124.20938995910765,119.87170887823417,121.21432495117188,551100,0.0,0.0
2022-06-10 00:00:00-04:00,119.14874560254528,122.9493903479123,118.12973588671959,121.41397857666016,205200,0.0,0.0
2022-06-13 00:00:00-04:00,117.6477531654522,118.10218021611657,110.71434194788164,113.81957244873047,377000,0.0,0.0
2022-06-14 00:00:00-04:00,116.92483667829447,118.66679687913697,110.51468663003176,112.78681182861328,294100,0.0,0.0
2022-06-15 00:00:00-04:00,112.78681652264284,115.14156111538746,109.53699099550629,112.66288757324219,312600,0.0,0.0
2022-06-16 00:00:00-04:00,108.38026276863091,110.2805799208556,103.73962018292102,104.46945190429688,408300,0.0,0.0
2022-06-17 00:00:00-04:00,104.29732294643325,105.45404551737663,92.73014976706605,93.4737548828125,1081300,0.0,0.0
2022-06-21 00:00:00-04:00,95.68391720692026,98.12817276642949,94.49965835283713,95.9317855834961,448800,0.0,0.0
2022-06-22 00:00:00-04:00,90.54754017474906,94.29999413172482,89.01213878958387,91.29114532470703,677800,0.0,0.0
2022-06-23 00:00:00-04:00,91.60785688579556,92.74391401668323,86.4852513747143,88.6954116821289,744900,0.0,0.0
2022-06-24 00:00:00-04:00,90.82295096141544,92.59244726078364,87.8072208602972,88.15836334228516,822500,0.0,0.0
2022-06-27 00:00:00-04:00,89.87965128188601,93.1639039452224,87.93802483409739,92.45472717285156,706700,0.0,0.0
2022-06-28 00:00:00-04:00,94.93341076375565,97.21241675975979,92.79210705790672,96.73045349121094,705100,0.0,0.0
2022-06-29 00:00:00-04:00,97.7701333787217,98.72717863028697,89.13607129313381,89.62491607666016,921800,0.0,0.0
2022-06-30 00:00:00-04:00,87.18754981335192,89.43901472206771,83.29051754020009,83.75871276855469,1690400,0.0,0.0
2022-07-01 00:00:00-04:00,82.46287423644979,86.38182248673722,78.95231091740581,85.83992767333984,1292500,15.0,0.0
2022-07-05 00:00:00-04:00,82.31363377373167,84.22991535036888,77.86064108555442,80.4366226196289,889900,0.0,0.0
2022-07-06 00:00:00-04:00,80.76649033188366,81.33980627091094,73.31341907548828,78.78738403320312,1321700,0.0,0.0
2022-07-07 00:00:00-04:00,80.10678265774894,86.79805245511042,80.10678265774894,85.52577209472656,949100,0.0,0.0
2022-07-08 00:00:00-04:00,86.9943827533201,88.02320911593081,83.51523538647841,87.17501831054688,759000,0.0,0.0
2022-07-11 00:00:00-04:00,85.1487827668322,88.89495565423384,83.52308679451404,86.5938491821289,704300,0.0,0.0
2022-07-12 00:00:00-04:00,83.80581671735771,86.0912186070206,81.11988529406679,81.6539306640625,640400,0.0,0.0
2022-07-13 00:00:00-04:00,80.16176023183372,86.49962035274714,80.16176023183372,84.75611877441406,641100,0.0,0.0
2022-07-14 00:00:00-04:00,83.51524534470737,84.5283612621919,79.55703309792848,84.41841125488281,558900,0.0,0.0
2022-07-15 00:00:00-04:00,85.40794466622303,85.59642948708593,82.69845364595538,84.51263427734375,580900,0.0,0.0
2022-07-18 00:00:00-04:00,85.62786692481396,88.8085798134108,84.355586562836,84.98387145996094,606300,0.0,0.0
2022-07-19 00:00:00-04:00,86.00483756799184,89.63319956112132,84.94460199846472,89.41329956054688,458300,0.0,0.0
2022-07-20 00:00:00-04:00,88.9577926432604,91.90289489715587,87.88185245460583,91.62017059326172,304900,0.0,0.0
2022-07-21 00:00:00-04:00,89.34263020110616,89.92379541076568,87.2692785417237,89.58609008789062,314200,0.0,0.0
2022-07-22 00:00:00-04:00,88.80073025429012,90.42642659304197,87.80332484499341,88.85570526123047,364500,0.0,0.0
2022-07-25 00:00:00-04:00,89.27977971707337,93.0102420017114,89.27977971707337,92.8531723022461,279700,0.0,0.0
2022-07-26 00:00:00-04:00,93.96839770591897,94.82443789037937,90.85051514141831,92.35840606689453,251900,0.0,0.0
2022-07-27 00:00:00-04:00,92.95528178925674,95.49199319077078,92.48406662410429,95.14643859863281,359400,0.0,0.0
2022-07-28 00:00:00-04:00,96.22237868819894,98.13080519802203,93.7170824326905,97.27476501464844,370600,0.0,0.0
2022-07-29 00:00:00-04:00,98.32714995330022,102.70946377243413,98.32714995330022,100.71465301513672,524000,0.0,0.0
2022-08-01 00:00:00-04:00,98.7198249739657,100.80888704499877,96.32447874025753,99.85074615478516,333400,0.0,0.0
2022-08-02 00:00:00-04:00,99.8036333749073,100.81674334602968,96.99204079480108,100.03923797607422,275500,0.0,0.0
2022-08-03 00:00:00-04:00,101.11518132261395,101.62566093971384,95.31922201822753,96.85852813720703,342800,0.0,0.0
2022-08-04 00:00:00-04:00,97.38472021994816,100.06280290207332,93.93698745924932,94.31395721435547,689200,0.0,0.0
2022-08-05 00:00:00-04:00,92.34270938215403,98.93188495018953,92.34270938215403,97.98944854736328,479800,0.0,0.0
2022-08-08 00:00:00-04:00,98.75909385554507,100.52615517701607,97.49466283061311,98.92401885986328,345000,0.0,0.0
2022-08-09 00:00:00-04:00,101.17015633072464,101.83770563790826,98.84548372588434,99.74864959716797,447500,0.0,0.0
2022-08-10 00:00:00-04:00,101.61780654476871,102.14399670350119,97.73812330194102,102.06546783447266,537600,0.0,0.0
2022-08-11 00:00:00-04:00,104.72784085928541,106.84045080814407,103.12569852358642,105.68598175048828,489500,0.0,0.0
2022-08-12 00:00:00-04:00,105.07339681030781,108.64679018901136,103.94248753283065,107.79859924316406,487500,0.0,0.0
2022-08-15 00:00:00-04:00,103.66925445574932,105.76166089384542,100.4989409377985,105.36537170410156,548700,1.25,0.0
2022-08-16 00:00:00-04:00,106.42742687632851,108.16317551209391,103.0748236213957,104.90567779541016,480200,0.0,0.0
2022-08-17 00:00:00-04:00,103.03518643132821,107.13281508661211,102.56756810311005,106.19757843017578,369500,0.0,0.0
2022-08-18 00:00:00-04:00,107.79067066573721,110.70735359638032,107.25172311742655,108.361328125,456500,0.0,0.0
2022-08-19 00:00:00-04:00,106.96638880594563,108.5832434602925,105.96773225745507,106.79994201660156,347900,0.0,0.0
2022-08-22 00:00:00-04:00,105.4842419588619,109.42335703682387,103.55034899175966,109.3520278930664,392000,0.0,0.0
2022-08-23 00:00:00-04:00,110.66772915454635,114.87631864875249,109.58188849046603,114.45625305175781,617800,0.0,0.0
2022-08-24 00:00:00-04:00,114.92387997279332,116.60414248583169,113.06131570123634,116.30297088623047,393500,0.0,0.0
2022-08-25 00:00:00-04:00,117.79300519712777,117.80093872164011,113.87766572483427,116.0889663696289,255700,0.0,0.0
2022-08-26 00:00:00-04:00,116.14443293238106,116.99249762187658,114.17092046460058,115.34393310546875,302400,0.0,0.0
2022-08-29 00:00:00-04:00,114.52758535160382,118.72032000618505,114.52758535160382,115.89874267578125,553000,0.0,0.0
2022-08-30 00:00:00-04:00,113.32287185825786,113.7350160692993,108.93991366991962,110.71529388427734,531800,0.0,0.0
2022-08-31 00:00:00-04:00,107.93332174064797,113.90144827608775,106.99808502470889,112.1894760131836,529900,0.0,0.0
2022-09-01 00:00:00-04:00,111.17498154443622,111.70600764979383,107.28341848824763,107.89370727539062,336400,0.0,0.0
2022-09-02 00:00:00-04:00,111.65844975909918,113.29908077151131,109.11426775339258,111.75355529785156,336600,0.0,0.0
2022-09-06 00:00:00-04:00,111.40483665424223,112.3083756980358,107.47365390340963,109.94649505615234,283700,0.0,0.0
2022-09-07 00:00:00-04:00,107.37060286608573,108.21073408242322,103.8277762509363,106.09455108642578,392000,0.0,0.0
2022-09-08 00:00:00-04:00,106.87128274523462,107.72726898215788,103.27298165267203,106.63350677490234,398100,0.0,0.0
2022-09-09 00:00:00-04:00,109.05086704726695,111.04024671529397,108.36132765936554,110.09707641601562,297300,0.0,0.0
2022-09-12 00:00:00-04:00,112.28461223507276,114.70990089003008,112.28461223507276,113.03755950927734,292500,0.0,0.0
2022-09-13 00:00:00-04:00,113.28321492784391,115.3518448533694,110.65186116040938,110.72319030761719,538500,0.0,0.0
2022-09-14 00:00:00-04:00,112.62540832980804,116.99251145839857,112.42726370719669,115.5420913696289,540200,0.0,0.0
2022-09-15 00:00:00-04:00,112.76014144324641,116.04933723085608,111.38105056232216,112.31629943847656,369000,0.0,0.0
2022-09-16 00:00:00-04:00,111.32556230425898,111.75354929945912,105.80921157076449,109.01122283935547,1051300,0.0,0.0
2022-09-19 00:00:00-04:00,104.68376443718977,112.94243053827813,104.68376443718977,112.87110137939453,462100,0.0,0.0
2022-09-20 00:00:00-04:00,111.88828120239127,111.88828120239127,108.31375729400247,110.28726959228516,430000,0.0,0.0
2022-09-21 00:00:00-04:00,112.04680616701937,112.63331854530976,108.21865098810801,108.65457153320312,335000,0.0,0.0
2022-09-22 00:00:00-04:00,110.20010215704185,111.40482478500994,106.22136705313962,106.28477478027344,307400,0.0,0.0
2022-09-23 00:00:00-04:00,101.45005109215408,102.44869567882861,98.09744127433459,98.79491424560547,475400,0.0,0.0
2022-09-26 00:00:00-04:00,98.0895075694983,100.12643387983866,95.68006843191115,96.23487091064453,424500,0.0,0.0
2022-09-27 00:00:00-04:00,98.1132965925111,100.57821629547267,96.94820519020458,99.90452575683594,375800,0.0,0.0
2022-09-28 00:00:00-04:00,100.88729997499479,109.20936669201382,100.53063608554848,108.78137969970703,542700,0.0,0.0
2022-09-29 00:00:00-04:00,107.42609277353502,109.7642092021421,105.33368585747635,109.367919921875,387500,0.0,0.0
2022-09-30 00:00:00-04:00,107.82237182774631,110.51714593425903,107.42608258506397,108.40096282958984,443800,0.0,0.0
2022-10-03 00:00:00-04:00,111.69015313423895,114.64646735090137,111.6505217931903,114.05996704101562,623200,0.0,0.0
2022-10-04 00:00:00-04:00,116.01764821936746,118.50634430110966,115.32809667967422,117.2857666015625,535100,0.0,0.0
2022-10-05 00:00:00-04:00,115.67681810502359,118.19722377211156,113.77463473248646,116.56451416015625,543900,0.0,0.0
2022-10-06 00:00:00-04:00,115.73232122130214,119.57631986490532,115.73232122130214,119.4891357421875,539500,0.0,0.0
2022-10-07 00:00:00-04:00,119.57630355048103,120.80480253251652,116.44562117894914,117.66619873046875,538700,0.0,0.0
2022-10-10 00:00:00-04:00,117.65827209520448,118.2368509952032,114.95557659523762,115.88290405273438,266800,0.0,0.0
2022-10-11 00:00:00-04:00,113.6319804344696,115.58965037896976,111.45238946817732,113.09303283691406,309600,0.0,0.0
2022-10-12 00:00:00-04:00,112.35590410236158,116.10480845744303,111.46822020804707,114.7177963256836,264800,0.0,0.0
2022-10-13 00:00:00-04:00,113.02960688001528,118.9977213052889,112.79976446371101,118.7203140258789,365700,0.0,0.0
2022-10-14 00:00:00-04:00,116.98457853315476,118.88676188581304,113.90144899200081,113.90937042236328,267200,0.0,0.0
2022-10-17 00:00:00-04:00,116.10481899266243,117.99908096359707,115.32016199030524,117.15101623535156,357000,0.0,0.0
2022-10-18 00:00:00-04:00,118.82333109245445,118.82333109245445,115.96212309481041,117.98320007324219,310400,0.0,0.0
2022-10-19 00:00:00-04:00,117.89605066076659,121.12977235871647,117.89605066076659,120.2420883178711,514100,0.0,0.0
2022-10-20 00:00:00-04:00,121.35168935058499,121.68457085487924,117.91190171242354,118.85507202148438,304000,0.0,0.0
2022-10-21 00:00:00-04:00,120.08356634967808,122.69115643428671,118.22101409731742,122.61982727050781,324500,0.0,0.0
2022-10-24 00:00:00-04:00,122.76250305257382,124.24462121505455,120.53535904570487,120.55913543701172,409600,0.0,0.0
2022-10-25 00:00:00-04:00,120.58290239968663,122.56434881225792,119.21966630033447,120.69386291503906,299700,0.0,0.0
2022-10-26 00:00:00-04:00,122.41373885224502,124.59332958384267,121.31998881798233,122.81002807617188,324100,0.0,0.0
2022-10-27 00:00:00-04:00,124.72013155338405,124.94205252728621,119.83784593996452,120.19450378417969,291100,0.0,0.0
2022-10-28 00:00:00-04:00,121.43888707696561,122.12842654930552,116.97666594552334,119.73484802246094,293400,0.0,0.0
2022-10-31 00:00:00-04:00,119.0532130010752,122.00159367672748,118.3478186719978,121.33583068847656,405500,0.0,0.0
2022-11-01 00:00:00-04:00,122.8021215464817,123.48373957809609,121.41510909443521,122.70701599121094,522100,0.0,0.0
2022-11-02 00:00:00-04:00,123.47579623970746,123.47579623970746,118.39537736753002,118.88677215576172,481100,0.0,0.0
2022-11-03 00:00:00-04:00,116.34260210484801,126.78879386862482,115.71647036046613,122.24732208251953,626200,0.0,0.0
2022-11-04 00:00:00-04:00,124.82319255064367,125.9565740027308,122.34241797102301,124.59333801269531,481300,0.0,0.0
2022-11-07 00:00:00-05:00,126.13887582399784,128.1044794045425,123.68188948900098,127.39115142822266,312700,0.0,0.0
2022-11-08 00:00:00-05:00,127.19299037524168,127.56550322626855,125.05303090992611,126.59855651855469,287200,0.0,0.0
2022-11-09 00:00:00-05:00,124.65673648851083,125.05302570982319,116.39807056761586,116.88946533203125,412000,0.0,0.0
2022-11-10 00:00:00-05:00,120.0597827072449,124.59333250267801,118.43499443232362,124.58541107177734,527500,0.0,0.0
2022-11-11 00:00:00-05:00,127.60512097665405,128.89702762425546,126.4400297741469,126.83631896972656,604600,0.0,0.0
2022-11-14 00:00:00-05:00,127.55017379017693,130.4055235405487,126.544304350922,128.8074951171875,565700,3.67,0.0
2022-11-15 00:00:00-05:00,129.51321632134244,133.68268793335577,127.49337031933447,133.4393310546875,467200,0.0,0.0
2022-11-16 00:00:00-05:00,131.20860320069036,132.68495942217888,127.2338189357777,127.65562438964844,349900,0.0,0.0
2022-11-17 00:00:00-05:00,124.84081013116653,127.33114292300453,123.34013199633665,127.30680847167969,305000,0.0,0.0
2022-11-18 00:00:00-05:00,125.11662667087923,126.47129815689809,120.2576455093547,125.773681640625,314100,0.0,0.0
2022-11-21 00:00:00-05:00,123.34015929511524,123.34015929511524,115.674495990013,121.40143585205078,545200,0.0,0.0
2022-11-22 00:00:00-05:00,123.7943944548483,126.64163672452774,123.2671314937526,125.61955261230469,340300,0.0,0.0
2022-11-23 00:00:00-05:00,123.29957304065968,124.45955650365374,120.81735993223816,122.5938491821289,261300,0.0,0.0
2022-11-25 00:00:00-05:00,123.95663767374961,125.13284832235185,122.20448273889073,122.73175811767578,101300,0.0,0.0
2022-11-28 00:00:00-05:00,119.14633489806165,121.9935773211232,117.71054027110826,118.85430908203125,258600,0.0,0.0
2022-11-29 00:00:00-05:00,121.17428704597057,122.43160837147386,120.66323877970379,121.67721557617188,352000,0.0,0.0
2022-11-30 00:00:00-05:00,123.22659409730906,124.37036307076613,120.9471758877127,123.72952270507812,442600,0.0,0.0
2022-12-01 00:00:00-05:00,125.3275228938849,125.97647047177718,119.01653276361483,119.39778900146484,375000,0.0,0.0
2022-12-02 00:00:00-05:00,119.17877104704496,120.7362378659892,118.35136254466502,119.92505645751953,339300,0.0,0.0
2022-12-05 00:00:00-05:00,122.09091926665998,122.4478410958507,113.02191632334606,113.63030242919922,397400,0.0,0.0
2022-12-06 00:00:00-05:00,112.64064250367608,115.01739791258007,107.60320088530122,109.38780975341797,501100,0.0,0.0
2022-12-07 00:00:00-05:00,109.40402595178945,111.05072312071367,106.80824807794181,108.89299011230469,483200,0.0,0.0
2022-12-08 00:00:00-05:00,111.1643051087508,111.95115213835449,105.70505718778314,107.23818969726562,531100,0.0,0.0
2022-12-09 00:00:00-05:00,108.51176013040657,109.30671458894832,106.30534530953096,106.36212158203125,422900,0.0,0.0
2022-12-12 00:00:00-05:00,106.24854330733271,108.95789876887211,106.24854330733271,108.041259765625,522800,0.0,0.0
2022-12-13 00:00:00-05:00,110.44235352982984,111.44011566194503,107.27064335064792,109.07957458496094,604300,0.0,0.0
2022-12-14 00:00:00-05:00,110.78306058146107,111.8538136978784,107.57888383575585,109.31481170654297,332100,0.0,0.0
2022-12-15 00:00:00-05:00,108.25215751263251,110.23144214851571,107.12461583925918,109.82585144042969,277000,0.0,0.0
2022-12-16 00:00:00-05:00,107.31928944108395,108.3738276161988,105.2264401827422,107.44908142089844,672300,0.0,0.0
2022-12-19 00:00:00-05:00,109.22555903229923,109.47703563698327,105.07231466344041,106.55677795410156,284100,0.0,0.0
2022-12-20 00:00:00-05:00,106.46757517264302,107.89525020090964,105.98086130650897,107.01917266845703,251800,0.0,0.0
2022-12-21 00:00:00-05:00,109.09579834120592,110.60459634264363,105.26702088331335,109.98809051513672,268500,0.0,0.0
2022-12-22 00:00:00-05:00,109.94751971107078,110.08543143914288,105.92406696437702,108.00879669189453,292300,0.0,0.0
2022-12-23 00:00:00-05:00,109.80152336217371,113.59784666896674,109.44460153791518,113.42750549316406,250300,0.0,0.0
2022-12-27 00:00:00-05:00,114.15756284823671,114.15756284823671,110.25578202492088,111.845703125,272100,0.0,0.0
2022-12-28 00:00:00-05:00,110.71814157660206,111.94302090006379,106.37020925523294,107.0029296875,238800,0.0,0.0
2022-12-29 00:00:00-05:00,106.19176176475459,110.20710728426694,106.19176176475459,110.12598419189453,210100,0.0,0.0
2022-12-30 00:00:00-05:00,110.12599438856817,111.50501282070721,109.01467971051581,110.97773742675781,298900,0.0,0.0
2023-01-03 00:00:00-05:00,109.56629826698172,111.52123640202107,104.03403413616925,106.88939666748047,443700,0.0,0.0
2023-01-04 00:00:00-05:00,104.94252901963004,106.58922619707991,103.30394538868433,104.13134765625,296000,0.0,0.0
2023-01-05 00:00:00-05:00,103.89611945786368,105.05610296616197,101.86005232749872,102.73612976074219,395200,0.0,0.0
2023-01-06 00:00:00-05:00,104.43961470094446,105.36436108552073,102.93081666530455,103.62843322753906,310600,0.0,0.0
2023-01-09 00:00:00-05:00,104.90198802296067,106.00518288053081,104.2854822170876,105.4616928100586,404600,0.0,0.0
2023-01-10 00:00:00-05:00,108.23593402231467,108.23593402231467,102.75235192236669,104.98310089111328,341300,0.0,0.0
2023-01-11 00:00:00-05:00,107.0597089956582,107.14893943750405,104.2043596118804,106.9461441040039,336700,0.0,0.0
2023-01-12 00:00:00-05:00,108.4387153408349,110.18276264441562,107.35173531836661,109.50137329101562,223700,0.0,0.0
2023-01-13 00:00:00-05:00,109.42838446543783,109.85830969013142,107.86281003922302,108.93356323242188,211400,0.0,0.0
2023-01-17 00:00:00-05:00,110.41799807343584,111.74833495223706,109.34724516008106,110.99394226074219,282300,0.0,0.0
2023-01-18 00:00:00-05:00,110.99393615169726,114.97683921158072,110.04485553835443,110.35309600830078,386000,0.0,0.0
2023-01-19 00:00:00-05:00,109.56625549150749,116.55863378521893,109.32289864517055,115.00116729736328,424900,0.0,0.0
2023-01-20 00:00:00-05:00,116.40454748591851,116.40454748591851,113.83310356684346,115.43923950195312,258400,0.0,0.0
2023-01-23 00:00:00-05:00,116.40453208600094,120.23330932322254,116.40453208600094,118.99220275878906,350800,0.0,0.0
2023-01-24 00:00:00-05:00,119.122003491039,119.3004644041571,115.65014779925474,115.77182006835938,227300,0.0,0.0
2023-01-25 00:00:00-05:00,116.68845516615536,119.77905447401498,114.61994001736574,119.60059356689453,233000,0.0,0.0
2023-01-26 00:00:00-05:00,120.5821163068791,121.83945001651405,118.9678731602695,121.69344329833984,267100,0.0,0.0
2023-01-27 00:00:00-05:00,122.43973319050669,122.64252855821915,118.35949138234346,118.49739074707031,346400,0.0,0.0
2023-01-30 00:00:00-05:00,117.4022974024435,118.0350179950216,113.72764612337542,113.80876922607422,273800,0.0,0.0
2023-01-31 00:00:00-05:00,113.60596552089959,116.80202244169263,113.03002124030293,116.26663970947266,322200,0.0,0.0
2023-02-01 00:00:00-05:00,115.62580434290831,116.477547384444,110.5072511123802,114.8633041381836,756600,0.0,0.0
2023-02-02 00:00:00-05:00,113.68706867043558,115.40678166145932,112.83533809946941,114.63616180419922,480300,0.0,0.0
2023-02-03 00:00:00-05:00,114.85515147965306,118.12421096288361,114.85515147965306,115.64199829101562,415400,0.0,0.0
2023-02-06 00:00:00-05:00,115.99893707272251,116.34773912404894,110.92905345940422,112.37295532226562,358300,0.0,0.0
2023-02-07 00:00:00-05:00,113.08680615160091,115.60958089455703,111.26164793370282,115.14720153808594,374700,0.0,0.0
2023-02-08 00:00:00-05:00,115.57713221994103,115.57713221994103,111.99171161281961,112.36486053466797,336700,0.0,0.0
2023-02-09 00:00:00-05:00,112.51896303652971,113.39502794405564,109.7852736516721,109.87450408935547,575400,0.0,0.0
2023-02-10 00:00:00-05:00,111.94303957947216,114.83896328377668,111.01829322587803,114.52259063720703,522400,0.0,0.0
2023-02-13 00:00:00-05:00,114.33602126061687,115.92594232595725,113.28960265130328,114.71727752685547,313800,0.0,0.0
2023-02-14 00:00:00-05:00,113.5491672607636,116.49375966093876,113.3139301043367,116.047607421875,327700,0.0,0.0
2023-02-15 00:00:00-05:00,114.19001429133674,114.48204010360686,110.92095409218174,112.77044677734375,411800,0.0,0.0
2023-02-16 00:00:00-05:00,112.29993446218974,114.19809562047274,111.91057092712637,111.9186782836914,261900,0.0,0.0
2023-02-17 00:00:00-05:00,110.5234639418124,110.77492819127504,104.43960354134565,108.00879669189453,905800,0.0,0.0
2023-02-21 00:00:00-05:00,107.05973233678031,107.51399200243499,104.41528506734913,104.78842163085938,615300,0.0,0.0
2023-02-22 00:00:00-05:00,105.20214364179832,106.72716901002806,103.28775457146801,105.9889907836914,564300,0.0,0.0
2023-02-23 00:00:00-05:00,106.59734829742126,110.85605054965191,106.59734829742126,110.15031433105469,803700,0.0,0.0
2023-02-24 00:00:00-05:00,108.89300083946938,111.8619154995295,107.5707711329049,110.46668243408203,697700,0.0,0.0
2023-02-27 00:00:00-05:00,111.13185918799401,112.00793664355274,108.90111018969486,109.43649291992188,576900,0.0,0.0
2023-02-28 00:00:00-05:00,111.85382292039198,112.42164752725301,109.19314843883043,109.20125579833984,417700,0.0,0.0
2023-03-01 00:00:00-05:00,108.68207786971554,111.86190739525782,108.65774341851755,111.37520599365234,359900,0.0,0.0
2023-03-02 00:00:00-05:00,111.13996797466535,113.38694409665648,109.99621151694322,112.3486328125,533400,0.0,0.0
2023-03-03 00:00:00-05:00,110.92095856215373,116.98859248645488,110.67760164584725,116.78579711914062,982800,0.0,0.0
2023-03-06 00:00:00-05:00,122.77738389089002,123.56619560938307,118.70746934132669,120.37738800048828,1793700,4.8,0.0
2023-03-07 00:00:00-05:00,119.94104346237911,122.17321047557458,118.74943868503676,120.3438491821289,752900,0.0,0.0
2023-03-08 00:00:00-05:00,119.52146163108166,122.2571293426293,116.19001074838056,118.42216491699219,734900,0.0,0.0
2023-03-09 00:00:00-05:00,118.58997498445889,121.44311091875271,115.9550030108534,116.08927154541016,662800,0.0,0.0
2023-03-10 00:00:00-05:00,115.76199185287416,118.27946907825547,112.66549281692693,114.15919494628906,752000,0.0,0.0
2023-03-13 00:00:00-04:00,110.44175181552747,114.83055120355594,108.08371632028228,111.44035339355469,1057800,0.0,0.0
2023-03-14 00:00:00-04:00,112.50607310685264,116.44171875473957,110.87810231117344,113.5130615234375,976700,0.0,0.0
2023-03-15 00:00:00-04:00,108.16760954756903,109.08230275451096,100.67392446801603,103.40119171142578,1252000,0.0,0.0
2023-03-16 00:00:00-04:00,100.69910162708875,105.32287050276997,100.25434828593333,105.17182159423828,1212600,0.0,0.0
2023-03-17 00:00:00-04:00,103.87114410999885,104.99562097675035,98.22360522674748,101.96625518798828,8879100,0.0,0.0
2023-03-20 00:00:00-04:00,102.35225469232154,106.86692915009598,101.84876042304525,105.75923919677734,784400,0.0,0.0
2023-03-21 00:00:00-04:00,108.17602438693035,110.970426287879,107.32007834769415,110.43336486816406,759800,0.0,0.0
2023-03-22 00:00:00-04:00,110.1312576702209,110.46691622734076,105.59140333944949,105.75083923339844,478300,0.0,0.0
2023-03-23 00:00:00-04:00,106.01936546683186,108.17601065961841,103.24175068900377,104.54244995117188,550100,0.0,0.0
2023-03-24 00:00:00-04:00,101.84875729345771,104.86133583368948,99.94386227023092,104.81938171386719,769400,0.0,0.0
2023-03-27 00:00:00-04:00,106.06134044049276,108.74664756427654,104.60120509207763,108.2683334350586,366500,0.0,0.0
2023-03-28 00:00:00-04:00,107.59697446192672,110.0557043333063,107.21934904789802,109.22494506835938,314000,0.0,0.0
2023-03-29 00:00:00-04:00,110.59278794143543,111.90188708012468,109.62775996050432,111.66692352294922,490400,0.0,0.0
2023-03-30 00:00:00-04:00,113.28649121542318,113.28649121542318,111.03755072118399,111.72565460205078,303800,0.0,0.0
2023-03-31 00:00:00-04:00,111.94383487357148,113.57180580978927,111.61656328981506,112.95083618164062,512400,0.0,0.0
2023-04-03 00:00:00-04:00,118.81655469377742,120.59558100427664,117.82635292863549,119.2193603515625,940700,0.0,0.0
2023-04-04 00:00:00-04:00,120.21794767770136,120.21794767770136,114.0249612160099,115.68649291992188,370100,0.0,0.0
2023-04-05 00:00:00-04:00,115.83752073459614,118.29626364520895,114.75501109030662,118.17039489746094,351800,0.0,0.0
2023-04-06 00:00:00-04:00,118.17039669776018,118.85011355505918,116.20675457111018,116.5004653930664,405000,0.0,0.0
2023-04-10 00:00:00-04:00,116.95361235872687,120.15080682788644,116.95361235872687,118.6571044921875,451600,0.0,0.0
2023-04-11 00:00:00-04:00,120.20116087412457,122.05569541918896,119.56339172723526,120.98995971679688,557700,0.0,0.0
2023-04-12 00:00:00-04:00,122.06412283334349,122.11447034485086,119.26132091539861,119.86551666259766,439800,0.0,0.0
2023-04-13 00:00:00-04:00,120.53682932016417,121.14941196280353,118.6906816051687,119.42914581298828,581500,0.0,0.0
2023-04-14 00:00:00-04:00,120.08367604660398,121.74520753072892,119.63052294803677,121.51863098144531,389200,0.0,0.0
2023-04-17 00:00:00-04:00,121.62773428896523,122.32423794886881,119.83193414574437,120.4529037475586,332900,0.0,0.0
2023-04-18 00:00:00-04:00,120.02494066390277,120.88927362498852,118.42214350128616,120.855712890625,310900,0.0,0.0
2023-04-19 00:00:00-04:00,119.54663182116569,120.67110213773158,117.85991354176294,120.5871810913086,330400,0.0,0.0
2023-04-20 00:00:00-04:00,118.65710568811933,120.0752867840105,117.56620897240602,119.7060546875,390600,0.0,0.0
2023-04-21 00:00:00-04:00,119.56337306374606,120.34379760731433,118.48925054718683,119.32002258300781,301600,0.0,0.0
2023-04-24 00:00:00-04:00,119.05150972736537,121.51863978515128,118.85011971745828,120.92284393310547,455300,0.0,0.0
2023-04-25 00:00:00-04:00,118.78300824484289,119.1438406182189,115.7536424870302,116.2403564453125,336300,0.0,0.0
2023-04-26 00:00:00-04:00,115.90468709391129,118.65712877956486,114.62077429317587,115.11587524414062,466300,0.0,0.0
2023-04-27 00:00:00-04:00,115.34243449740771,116.92005795950398,114.22635117630277,116.32424926757812,370300,0.0,0.0
2023-04-28 00:00:00-04:00,116.60118321948018,120.4277476130586,115.80398443824383,119.43754577636719,538800,0.0,0.0
2023-05-01 00:00:00-04:00,118.87530198724548,120.20956211670443,117.44033404106328,119.2193603515625,373000,0.0,0.0
2023-05-02 00:00:00-04:00,117.54943507828109,117.6081695703119,113.35363862119462,114.57880401611328,440800,0.0,0.0
2023-05-03 00:00:00-04:00,111.89349708973413,115.70328745166942,111.89349708973413,113.67252349853516,588100,0.0,0.0
2023-05-04 00:00:00-04:00,113.42077070882712,116.59279174471044,112.12007127135966,112.38859558105469,488100,0.0,0.0
2023-05-05 00:00:00-04:00,116.16480491856089,118.60676132690197,115.21656370509699,116.61795806884766,403800,0.0,0.0
2023-05-08 00:00:00-04:00,118.64871103272907,119.9158367323965,116.88647170591261,118.69905853271484,404700,0.0,0.0
2023-05-09 00:00:00-04:00,117.28930201000469,120.06691731683038,117.28930201000469,118.68229675292969,276600,0.0,0.0
2023-05-10 00:00:00-04:00,120.16758703687776,120.16758703687776,116.96200576044366,118.69905853271484,316600,0.0,0.0
2023-05-11 00:00:00-04:00,117.18859100341797,118.77460156661496,116.27391044044586,117.18859100341797,301900,0.0,0.0
2023-05-12 00:00:00-04:00,118.48088623159745,119.87389353830132,117.75082184517382,119.77318572998047,359400,0.0,0.0
2023-05-15 00:00:00-04:00,120.03074763179954,122.34018908671437,119.67874815426477,121.49024200439453,488200,3.22,0.0
2023-05-16 00:00:00-04:00,120.38275742155749,120.92363407482922,118.28794769787558,118.32229614257812,285700,0.0,0.0
2023-05-17 00:00:00-04:00,120.06511143886337,123.17297771118619,118.97477752505581,122.7265396118164,420700,0.0,0.0
2023-05-18 00:00:00-04:00,121.69628754558285,125.23341707269147,120.21103846261126,125.06171417236328,392100,0.0,0.0
2023-05-19 00:00:00-04:00,126.83027930272154,127.48276866598391,124.8556631930077,126.17780303955078,410300,0.0,0.0
2023-05-22 00:00:00-04:00,126.83885905087018,129.4316026991573,125.84296399519015,128.39279174804688,741100,0.0,0.0
2023-05-23 00:00:00-04:00,129.3973129162126,131.4577744256684,128.07517274923438,128.93370056152344,607300,0.0,0.0
2023-05-24 00:00:00-04:00,129.49171301012456,131.21734868387244,128.89932689970772,129.9467315673828,385300,0.0,0.0
2023-05-25 00:00:00-04:00,127.86911369987111,129.25992433796264,126.41819983663112,128.3155517578125,384100,0.0,0.0
2023-05-26 00:00:00-04:00,129.23414426096866,129.23414426096866,125.96315656340572,127.79182434082031,312700,0.0,0.0
2023-05-30 00:00:00-04:00,125.79147915814633,126.41820069560622,124.4006554105119,125.50816345214844,277900,0.0,0.0
2023-05-31 00:00:00-04:00,122.99267200041238,124.45217955167168,121.92810605019575,122.80379486083984,616600,0.0,0.0
2023-06-01 00:00:00-04:00,123.45628615061538,125.25918646451122,121.97103689438602,123.08711242675781,286000,0.0,0.0
2023-06-02 00:00:00-04:00,125.20767480345395,128.88217225801918,125.05314610774548,128.4615020751953,469000,0.0,0.0
2023-06-05 00:00:00-04:00,130.10127975014302,130.59922737994899,124.95011363502421,125.59400939941406,410500,0.0,0.0
2023-06-06 00:00:00-04:00,123.40476972884605,129.74069490868192,123.36184072611823,128.59027099609375,475800,0.0,0.0
2023-06-07 00:00:00-04:00,129.09680157210315,133.7586136331986,129.09680157210315,132.50515747070312,590400,0.0,0.0
2023-06-08 00:00:00-04:00,131.90419211359279,132.7970551359559,128.95085480101108,131.0542449951172,312400,0.0,0.0
2023-06-09 00:00:00-04:00,130.67649542592574,131.7324807355238,129.32002020786138,129.955322265625,206700,0.0,0.0
2023-06-12 00:00:00-04:00,127.5342892051837,129.81797597301303,126.40102638201688,128.1610107421875,351200,0.0,0.0
2023-06-13 00:00:00-04:00,130.12705073360218,131.1658619221863,128.54734979791914,129.2084197998047,415800,0.0,0.0
2023-06-14 00:00:00-04:00,130.68508211741695,130.70225633873014,127.05351376518531,128.13525390625,314800,0.0,0.0
2023-06-15 00:00:00-04:00,128.34131639980953,131.028499314411,128.3155616156509,130.97698974609375,504000,0.0,0.0
2023-06-16 00:00:00-04:00,131.4663467919394,131.48350791333704,129.09680202979774,130.212890625,975100,0.0,0.0
2023-06-20 00:00:00-04:00,129.59475285770137,130.23006806763024,126.6328349318562,128.54734802246094,306800,0.0,0.0
2023-06-21 00:00:00-04:00,128.82205605631958,130.59920119770914,127.31103924808396,130.4103240966797,396500,0.0,0.0
2023-06-22 00:00:00-04:00,128.6761320629792,130.43610331586106,127.22521819686895,127.68023681640625,421700,0.0,0.0
2023-06-23 00:00:00-04:00,126.21212693056079,128.14381386481585,125.86872116006273,125.9889144897461,1742400,0.0,0.0
2023-06-26 00:00:00-04:00,126.89897751568907,129.85231490609718,126.89897751568907,127.23380279541016,360200,0.0,0.0
2023-06-27 00:00:00-04:00,126.7272745035786,128.9079291006793,125.67986966006217,128.4872589111328,345700,0.0,0.0
2023-06-28 00:00:00-04:00,128.7877150013339,130.41033157129615,127.9807100962421,129.0109405517578,494400,0.0,0.0
2023-06-29 00:00:00-04:00,130.0411808741619,132.2819385074695,129.04528568156033,131.31179809570312,296500,0.0,0.0
2023-06-30 00:00:00-04:00,132.59960271508092,133.45813042848394,131.3032305838759,132.04156494140625,507500,0.0,0.0
2023-07-03 00:00:00-04:00,131.95570080821483,134.85752853692262,131.4148372819266,132.98593139648438,182400,0.0,0.0
2023-07-05 00:00:00-04:00,133.32073607978657,134.60852739130527,131.84408076132854,133.6298065185547,420700,0.0,0.0
2023-07-06 00:00:00-04:00,132.77130125527657,134.03333800032965,127.83476706615238,129.12255859375,375400,0.0,0.0
2023-07-07 00:00:00-04:00,129.24274586559886,135.31254260150783,128.7448113597675,133.4495391845703,352100,0.0,0.0
2023-07-10 00:00:00-04:00,134.1621388717928,134.35101603002514,132.78848919375662,134.22222900390625,308500,0.0,0.0
2023-07-11 00:00:00-04:00,135.00345669622342,137.20987877892068,134.4883349282524,136.61749267578125,423800,0.0,0.0
2023-07-12 00:00:00-04:00,137.6906760268205,137.71643080968377,134.90046101582743,135.06358337402344,309200,0.0,0.0
2023-07-13 00:00:00-04:00,135.0893407430643,136.41146765569732,132.96877624610562,134.6944122314453,637500,0.0,0.0
2023-07-14 00:00:00-04:00,133.69851534239717,133.8273023577318,127.20804801236186,127.23380279541016,630300,0.0,0.0
2023-07-17 00:00:00-04:00,126.10910429002618,127.06207034159172,124.53799738879164,125.66266632080078,598800,0.0,0.0
2023-07-18 00:00:00-04:00,126.19499494301606,129.16549353379793,125.56826027205022,127.93780517578125,877400,0.0,0.0
2023-07-19 00:00:00-04:00,126.9247522229876,128.73624648227545,124.9415550163933,126.24652099609375,970000,0.0,0.0
2023-07-20 00:00:00-04:00,127.60298419468837,128.99379496332782,126.76161756419108,127.73175811767578,448000,0.0,0.0
2023-07-21 00:00:00-04:00,128.28977100783308,129.05387313617487,126.5469610546316,127.826171875,367900,0.0,0.0
2023-07-24 00:00:00-04:00,128.22967947635453,130.52194653585656,127.92060902450643,129.9123992919922,467900,0.0,0.0
2023-07-25 00:00:00-04:00,129.60333508367026,132.97734233713481,128.90791670844249,132.64251708984375,384700,0.0,0.0
2023-07-26 00:00:00-04:00,131.43199127755977,132.9601694056607,130.99414690380905,132.82281494140625,281600,0.0,0.0
2023-07-27 00:00:00-04:00,134.58278242015191,135.23527178292642,132.00719960943138,132.37637329101562,311900,0.0,0.0
2023-07-28 00:00:00-04:00,133.30359337481417,134.9948939122424,132.07589200953169,133.71568298339844,313200,0.0,0.0
2023-07-31 00:00:00-04:00,134.9777186993057,135.48424687072855,134.07626204332576,134.65147399902344,344300,0.0,0.0
2023-08-01 00:00:00-04:00,133.46670223556976,135.26960227844967,132.04154332065673,135.15798950195312,344700,0.0,0.0
2023-08-02 00:00:00-04:00,134.35959365320673,134.788857530693,131.76683616516328,132.35922241210938,503500,0.0,0.0
2023-08-03 00:00:00-04:00,134.68581263488753,135.52716600583437,129.74068532788877,134.1277618408203,936600,0.0,0.0
2023-08-04 00:00:00-04:00,134.36814130226406,137.4073361464918,133.87878741384205,136.37710571289062,705500,0.0,0.0
2023-08-07 00:00:00-04:00,137.36440818051838,138.19718095312004,135.11507018859146,137.97396850585938,371800,0.0,0.0
2023-08-08 00:00:00-04:00,135.3039742968612,139.51075489678854,134.7545170785022,139.0042266845703,334200,0.0,0.0
2023-08-09 00:00:00-04:00,139.9142405976905,140.32633016758513,136.51446562080906,136.75485229492188,706000,0.0,0.0
2023-08-10 00:00:00-04:00,136.68621944774134,137.09830913169125,133.2005855081939,134.75453186035156,608400,0.0,0.0
2023-08-11 00:00:00-04:00,134.39392073143398,136.0594665696312,134.17928880589503,136.02513122558594,446800,0.0,0.0
2023-08-14 00:00:00-04:00,135.53151670735826,135.53151670735826,133.73898476660972,134.5096893310547,262200,1.36,0.0
2023-08-15 00:00:00-04:00,133.306011953884,134.0593936457919,130.86399607685144,132.31881713867188,505900,0.0,0.0
2023-08-16 00:00:00-04:00,132.69982411702412,134.32782126859607,131.95509737698706,133.5484619140625,384900,0.0,0.0
2023-08-17 00:00:00-04:00,135.63545531647677,136.8218174802276,134.17197933179813,134.2325897216797,344000,0.0,0.0
2023-08-18 00:00:00-04:00,133.09816431763707,137.0642661288822,132.98559840559162,136.4667510986328,406600,0.0,0.0
2023-08-21 00:00:00-04:00,137.04694893840272,138.380535945519,134.9599934909367,135.67007446289062,251500,0.0,0.0
2023-08-22 00:00:00-04:00,136.03378154727483,137.9215829990286,135.661424738517,136.3715057373047,436500,0.0,0.0
2023-08-23 00:00:00-04:00,135.02057614937283,137.02094303577454,133.40123404390673,136.60528564453125,301000,0.0,0.0
2023-08-24 00:00:00-04:00,135.32368996751717,137.87827153477062,135.32368996751717,135.58348083496094,338800,0.0,0.0
2023-08-25 00:00:00-04:00,136.0943835071625,137.14218852937307,135.29770126796174,136.56199645996094,370900,0.0,0.0
2023-08-28 00:00:00-04:00,137.1768597393961,138.1640545677629,135.4795706802409,136.30223083496094,294300,0.0,0.0
2023-08-29 00:00:00-04:00,136.61395769760475,137.34137474077235,135.3323395386621,136.76116943359375,213600,0.0,0.0
2023-08-30 00:00:00-04:00,136.93439811415317,138.38920604933776,136.93439811415317,137.3933563232422,371300,0.0,0.0
2023-08-31 00:00:00-04:00,138.5537351248065,140.06916660273407,136.96902519369488,139.85267639160156,588700,0.0,0.0
2023-09-01 00:00:00-04:00,141.08232213987978,143.61959397847136,141.03036660965475,143.5243377685547,876000,0.0,0.0
2023-09-05 00:00:00-04:00,143.65423532872052,145.31687846457666,141.87901306152344,141.87901306152344,568500,0.0,0.0
2023-09-06 00:00:00-04:00,142.28602087985303,143.55032949686188,141.22089276609753,141.5845947265625,360300,0.0,0.0
2023-09-07 00:00:00-04:00,141.16895494057627,142.48520604447506,139.39373238593834,139.57557678222656,505500,0.0,0.0
2023-09-08 00:00:00-04:00,140.00850179171138,141.59321125638738,139.20316478582407,139.3330535888672,567300,0.0,0.0
2023-09-11 00:00:00-04:00,140.80522067124716,141.29015656825416,135.7479999410731,136.19830322265625,755300,0.0,0.0
2023-09-12 00:00:00-04:00,138.06877846566036,139.88728803841965,138.06877846566036,139.6534881591797,653200,0.0,0.0
2023-09-13 00:00:00-04:00,139.81802139918287,140.58872589895196,137.28940450987238,138.2679443359375,540700,0.0,0.0
2023-09-14 00:00:00-04:00,141.05636143695776,141.75778760686487,139.80072085509198,139.85267639160156,430100,0.0,0.0
2023-09-15 00:00:00-04:00,139.24647553633974,139.40234211127276,136.68322619151704,137.0209503173828,1012200,0.0,0.0
2023-09-18 00:00:00-04:00,138.15535896283865,138.76154200038786,135.21109798121876,136.4061279296875,517100,0.0,0.0
2023-09-19 00:00:00-04:00,137.69643476361537,138.29394988494155,134.44908146381155,135.0032958984375,404000,0.0,0.0
2023-09-20 00:00:00-04:00,134.4404113111601,136.72654724549534,134.37113286302716,134.44906616210938,427300,0.0,0.0
2023-09-21 00:00:00-04:00,134.63958325020045,135.150510171172,132.717149191904,133.6610565185547,548300,0.0,0.0
2023-09-22 00:00:00-04:00,134.10267956108632,135.54883239871393,134.04205596732655,135.08987426757812,497100,0.0,0.0
2023-09-25 00:00:00-04:00,134.82143846875425,138.19002543728718,134.67422671902816,138.10342407226562,405900,0.0,0.0
2023-09-26 00:00:00-04:00,137.36737505996965,139.08197385811584,137.11623901171504,138.016845703125,394500,0.0,0.0
2023-09-27 00:00:00-04:00,140.12110122498933,143.40309973546005,140.11244637470082,142.3726043701172,660600,0.0,0.0
2023-09-28 00:00:00-04:00,142.9701267152124,143.92267562279707,141.43737247072409,142.3466339111328,517700,0.0,0.0
2023-09-29 00:00:00-04:00,142.65839687016066,143.195288375175,140.12112467867712,140.34628295898438,458800,0.0,0.0
2023-10-02 00:00:00-04:00,141.05635590857815,141.05635590857815,136.1896603813827,136.93438720703125,474600,0.0,0.0
2023-10-03 00:00:00-04:00,136.48408997672453,137.54921812150167,135.44493960034336,137.07293701171875,526400,0.0,0.0
2023-10-04 00:00:00-04:00,135.31505512747762,135.38433359004017,131.48750926212807,133.13284301757812,843600,0.0,0.0
2023-10-05 00:00:00-04:00,131.98111151576035,134.0853902810557,131.32297273733477,133.79962158203125,447200,0.0,0.0
2023-10-06 00:00:00-04:00,134.89072315416075,137.4453049782386,133.2713674052834,135.8086395263672,461500,0.0,0.0
2023-10-09 00:00:00-04:00,138.44112267250185,142.08682276462554,138.0341201164319,141.0303497314453,602800,0.0,0.0
2023-10-10 00:00:00-04:00,141.73179970533104,142.42457097412736,140.3202794013409,141.10830688476562,353600,0.0,0.0
2023-10-11 00:00:00-04:00,140.38954312108703,142.4505337958183,139.58420602022844,141.3334503173828,300100,0.0,0.0
2023-10-12 00:00:00-04:00,142.84024790056344,142.84024790056344,140.40689988422213,141.2642059326172,365300,0.0,0.0
2023-10-13 00:00:00-04:00,143.18662815386242,146.63314854852345,142.9441601791735,146.018310546875,555100,0.0,0.0
2023-10-16 00:00:00-04:00,147.21333864749235,147.47312953486707,144.8752470881466,146.3040771484375,402400,0.0,0.0
2023-10-17 00:00:00-04:00,146.3040804100375,148.642172021507,146.3040804100375,147.4038543701172,352100,0.0,0.0
2023-10-18 00:00:00-04:00,147.84548693484277,149.10979554458646,146.57252347377351,147.63766479492188,255400,0.0,0.0
2023-10-19 00:00:00-04:00,147.03145735430772,149.78521917483027,145.18697009973818,148.50360107421875,433200,0.0,0.0
2023-10-20 00:00:00-04:00,148.67682064449903,149.35226905129855,146.44264006296456,147.72425842285156,531700,0.0,0.0
2023-10-23 00:00:00-04:00,147.21335713947656,148.84136790557915,145.55071375034663,146.29544067382812,424000,0.0,0.0
2023-10-24 00:00:00-04:00,146.33872488418743,146.81499276813736,144.50287894610202,144.90988159179688,274500,0.0,0.0
2023-10-25 00:00:00-04:00,144.303707695071,146.13088551808957,143.96598351041416,145.03977966308594,276700,0.0,0.0
2023-10-26 00:00:00-04:00,144.08720521771866,144.52884043279127,142.10416096159406,143.1952667236328,367500,0.0,0.0
2023-10-27 00:00:00-04:00,143.78410731757978,143.78410731757978,140.45016658538574,142.2167205810547,437300,0.0,0.0
2023-10-30 00:00:00-04:00,142.32065224723823,142.8835214402343,139.61019091522988,141.74911499023438,370900,0.0,0.0
2023-10-31 00:00:00-04:00,141.74912421142034,143.29053336469497,140.06915816012904,143.16064453125,295100,0.0,0.0
2023-11-01 00:00:00-04:00,143.48102318319422,144.7799641669805,141.8789906844534,143.1865997314453,401900,0.0,0.0
2023-11-02 00:00:00-04:00,141.1515997762536,150.54727903449498,140.3375945713574,150.52130126953125,852900,0.0,0.0
2023-11-03 00:00:00-04:00,150.82440169163843,151.71634032207857,148.42568640502546,149.16175842285156,555700,0.0,0.0
2023-11-06 00:00:00-05:00,149.65532540138577,149.65532540138577,144.9271744534195,145.135009765625,510300,0.0,0.0
2023-11-07 00:00:00-05:00,144.312376254451,144.312376254451,140.51947656190563,141.32481384277344,828600,0.0,0.0
2023-11-08 00:00:00-05:00,140.64934851945134,142.5804373620536,138.8914491904143,139.0040283203125,833100,0.0,0.0
2023-11-09 00:00:00-05:00,139.9479148217419,140.89180885104096,138.63165080560637,138.91741943359375,757300,0.0,0.0
2023-11-10 00:00:00-05:00,140.2942971295339,141.44602651904967,139.1598906548978,140.45883178710938,438100,0.0,0.0
2023-11-13 00:00:00-05:00,141.10966293564073,142.60483865683082,140.3092995095846,141.13604736328125,412700,2.5,0.0
2023-11-14 00:00:00-05:00,143.08857862423648,143.70423764975865,141.13605041446596,143.49314880371094,453200,0.0,0.0
2023-11-15 00:00:00-05:00,142.8159377753676,144.9971356128908,142.8159377753676,143.40521240234375,357000,0.0,0.0
2023-11-16 00:00:00-05:00,142.08594164620564,142.46412742822494,136.91437857052418,138.72618103027344,610200,0.0,0.0
2023-11-17 00:00:00-05:00,140.31814174801633,143.21176030628325,140.19500990002828,143.00067138671875,504300,0.0,0.0
2023-11-20 00:00:00-05:00,143.75703338729224,144.68052880843993,142.0947469973715,142.25306701660156,428600,0.0,0.0
2023-11-21 00:00:00-05:00,141.39990846541798,141.61098389162566,139.99267632901893,141.07447814941406,305800,0.0,0.0
2023-11-22 00:00:00-05:00,137.934605097067,142.13869383193187,137.23098905592497,141.60218811035156,312400,0.0,0.0
2023-11-24 00:00:00-05:00,141.76930160270257,143.5371253705754,141.76930160270257,142.22665405273438,182700,0.0,0.0
2023-11-27 00:00:00-05:00,142.16510521364071,142.79835842869713,140.73148843228216,142.54330444335938,339800,0.0,0.0
2023-11-28 00:00:00-05:00,143.22053989838707,144.02969389878677,141.54065926803145,141.6286163330078,359300,0.0,0.0
2023-11-29 00:00:00-05:00,142.5432934432022,143.04461103789018,140.88099381668815,141.8044891357422,237900,0.0,0.0
2023-11-30 00:00:00-05:00,142.8863102260461,145.181849691077,141.49667202304258,142.6048583984375,470300,0.0,0.0
2023-12-01 00:00:00-05:00,141.86607878204353,144.3902879928044,141.86607878204353,142.43775939941406,286500,0.0,0.0
2023-12-04 00:00:00-05:00,141.51425286835374,142.74558448508978,140.64353979390404,141.94522094726562,438300,0.0,0.0
2023-12-05 00:00:00-05:00,142.12991731872245,142.63123490580196,139.05160858216908,139.2099151611328,303700,0.0,0.0
2023-12-06 00:00:00-05:00,138.3040212470552,140.04546080934864,135.46318564941157,136.47462463378906,597400,0.0,0.0
2023-12-07 00:00:00-05:00,137.56524483389472,138.5327053947726,136.02609022215145,136.93199157714844,502400,0.0,0.0
2023-12-08 00:00:00-05:00,137.76752208127095,139.570534350169,136.95836817071958,138.99884033203125,282100,0.0,0.0
2023-12-11 00:00:00-05:00,138.99883757247193,141.01293868166945,138.5766732406443,139.2626953125,245700,0.0,0.0
2023-12-12 00:00:00-05:00,137.6443748234775,138.03136435043066,135.75341913174663,137.03750610351562,316100,0.0,0.0
2023-12-13 00:00:00-05:00,137.04631056550292,140.1246192834663,136.13160560247735,139.88714599609375,372400,0.0,0.0
2023-12-14 00:00:00-05:00,141.60218324923858,145.42808611511018,141.60218324923858,144.31109619140625,478500,0.0,0.0
2023-12-15 00:00:00-05:00,144.27593395195547,145.45449669598207,143.6251000910106,143.9417266845703,948400,0.0,0.0
2023-12-18 00:00:00-05:00,146.43075774528862,147.70605442889752,144.89160333601822,146.3779754638672,430000,0.0,0.0
2023-12-19 00:00:00-05:00,145.99979149820226,147.371835584301,145.27858126710024,147.01123046875,409200,0.0,0.0
2023-12-20 00:00:00-05:00,147.3278761152872,148.98137223822948,145.62162454416554,145.65679931640625,475800,0.0,0.0
2023-12-21 00:00:00-05:00,146.48354482796577,147.27510468305383,144.8300487338067,147.2223358154297,388400,0.0,0.0
2023-12-22 00:00:00-05:00,148.21615669100512,149.80807975624035,146.71217724275257,148.41844177246094,469100,0.0,0.0
2023-12-26 00:00:00-05:00,148.99895716949115,151.40003448303509,148.5591987315341,150.82835388183594,378000,0.0,0.0
2023-12-27 00:00:00-05:00,150.84591744347244,151.04821596464325,148.77025731498094,150.19508361816406,442700,0.0,0.0
2023-12-28 00:00:00-05:00,149.30674091224276,150.54686260331292,146.80012652472453,146.9848175048828,300100,0.0,0.0
2023-12-29 00:00:00-05:00,146.98487223027243,147.75885146101325,145.99102717665002,146.2021026611328,414200,0.0,0.0
2024-01-02 00:00:00-05:00,147.53014929516087,150.39736916248413,147.231103390919,147.9962921142578,362400,0.0,0.0
2024-01-03 00:00:00-05:00,147.89078034056033,150.42379363205038,147.16958336862277,148.9550018310547,408900,0.0,0.0
2024-01-04 00:00:00-05:00,149.3419726726617,150.063169553853,145.24342068765904,145.5072784423828,465300,0.0,0.0
2024-01-05 00:00:00-05:00,143.73062864442963,145.43689332194347,142.47292610771507,143.2029266357422,807800,0.0,0.0
2024-01-08 00:00:00-05:00,140.76666646675912,141.81329360559081,139.72882966459377,141.15365600585938,568000,0.0,0.0
2024-01-09 00:00:00-05:00,141.1536587827587,141.1536587827587,137.77630400621686,138.4623260498047,454600,0.0,0.0
2024-01-10 00:00:00-05:00,138.68222949826043,138.68222949826043,136.4042837650338,137.67958068847656,416300,0.0,0.0
2024-01-11 00:00:00-05:00,138.6646320209788,139.00764306117836,136.7384879412573,137.71475219726562,420500,0.0,0.0
2024-01-12 00:00:00-05:00,140.26532930892625,140.71389144613858,137.77629526445642,138.61184692382812,371800,0.0,0.0
2024-01-16 00:00:00-05:00,138.12813390766576,138.53270417235066,133.67778047395356,134.75958251953125,624400,0.0,0.0
2024-01-17 00:00:00-05:00,133.01814198384324,133.86247070003486,132.30572201533013,133.4490966796875,559500,0.0,0.0
2024-01-18 00:00:00-05:00,133.88885392969368,133.88885392969368,131.67248100434838,132.82464599609375,507000,0.0,0.0
2024-01-19 00:00:00-05:00,133.1412395346133,133.1412395346133,131.02160111139756,132.18255615234375,532300,0.0,0.0
2024-01-22 00:00:00-05:00,132.80703347488117,133.1588348179285,131.22390059044614,132.4200439453125,558400,0.0,0.0
2024-01-23 00:00:00-05:00,131.9891212299322,134.19670404515452,131.9891212299322,133.4930877685547,383700,0.0,0.0
2024-01-24 00:00:00-05:00,134.88268445560905,135.19931101101218,133.58100347022292,135.1817169189453,453700,0.0,0.0
2024-01-25 00:00:00-05:00,136.38665576678326,136.3954461021093,134.20544477358982,135.97328186035156,502700,0.0,0.0
2024-01-26 00:00:00-05:00,136.37785865618457,136.43943126754488,133.9679914642177,136.09642028808594,395300,0.0,0.0
2024-01-29 00:00:00-05:00,135.9733069638771,136.7560764039074,133.47546897312222,136.6945037841797,380900,0.0,0.0
2024-01-30 00:00:00-05:00,136.04367691134544,138.62066858236184,135.6391066252077,138.37440490722656,334600,0.0,0.0
2024-01-31 00:00:00-05:00,138.52389470284015,138.52389470284015,135.17293787347685,135.2344970703125,322600,0.0,0.0
2024-02-01 00:00:00-05:00,135.57752944127844,137.31017886764553,134.0207941372668,134.93548583984375,372900,0.0,0.0
2024-02-02 00:00:00-05:00,134.1439065510567,134.76835596578337,132.54317952782566,133.24679565429688,375600,0.0,0.0
2024-02-05 00:00:00-05:00,132.2529440510403,133.6777704696962,130.4499452501324,132.93017578125,410100,0.0,0.0
2024-02-06 00:00:00-05:00,133.73053813943605,135.9293302383404,133.33475824570564,134.70680236816406,330700,0.0,0.0
2024-02-07 00:00:00-05:00,134.61003108698304,135.61267956930828,133.76568916590728,135.04978942871094,313900,0.0,0.0
2024-02-08 00:00:00-05:00,135.04100768627706,137.4157138550032,135.04100768627706,137.35414123535156,480900,0.0,0.0
2024-02-09 00:00:00-05:00,137.35413589586844,137.7675098620373,135.99088218320693,137.2222137451172,438100,0.0,0.0
2024-02-12 00:00:00-05:00,137.89063985500513,141.35593811948968,137.89063985500513,139.8695526123047,459100,0.0,0.0
2024-02-13 00:00:00-05:00,139.28027929381872,139.99268574591161,136.5537718787766,136.9935302734375,487900,0.0,0.0
2024-02-14 00:00:00-05:00,138.2688701501848,139.2627152104393,136.24597841475384,137.67079162597656,347800,0.0,0.0
2024-02-15 00:00:00-05:00,138.26004230993615,143.37003291977234,138.26004230993615,143.0622100830078,543900,0.0,0.0
2024-02-16 00:00:00-05:00,142.9830538905378,145.32255839988832,142.49051320504995,143.98570251464844,519800,0.0,0.0
2024-02-20 00:00:00-05:00,143.5107678807376,145.12907572109822,143.18535092924188,144.02088928222656,440100,0.0,0.0
2024-02-21 00:00:00-05:00,144.7948555081553,148.75268111989908,144.74208664725654,147.72364807128906,499600,0.0,0.0
2024-02-22 00:00:00-05:00,144.32870374359754,152.10362857657458,142.09472368783216,143.23809814453125,3443900,0.0,0.0
2024-02-23 00:00:00-05:00,142.36736417902796,142.36736417902796,138.18086951116638,140.48519897460938,1347400,0.0,0.0
2024-02-26 00:00:00-05:00,140.22135042869087,141.1976145678776,137.84665786374933,140.59075927734375,1113000,0.0,0.0
2024-02-27 00:00:00-05:00,141.73411730571362,143.53712930707647,139.86954611112824,143.46676635742188,987400,0.0,0.0
2024-02-28 00:00:00-05:00,143.2644680911184,143.86254639800643,141.7253139374019,142.12109375,551300,0.0,0.0
2024-02-29 00:00:00-05:00,143.03580716936693,144.28471928998374,141.7868950487501,142.8774871826172,716600,0.0,0.0
2024-03-01 00:00:00-05:00,144.13521611555728,145.0675017674837,143.2468955669261,144.4430389404297,1111200,0.0,0.0
2024-03-04 00:00:00-05:00,144.94550626423302,145.63641045970232,143.57267936770074,143.77008056640625,828400,3.25,0.0
2024-03-05 00:00:00-05:00,143.65344848525,147.88857919330377,143.31248027927785,146.4170379638672,1215800,0.0,0.0
2024-03-06 00:00:00-05:00,147.46688195467033,147.46688195467033,144.72121397680272,146.0402069091797,881200,0.0,0.0
2024-03-07 00:00:00-05:00,146.25555043579214,147.1707730512255,145.1698436997943,146.21966552734375,644800,0.0,0.0
2024-03-08 00:00:00-05:00,146.4349918842528,146.72212589651468,144.06619104830546,145.03524780273438,686100,0.0,0.0
2024-03-11 00:00:00-04:00,143.83292415474529,145.71719001965414,142.0563267131726,145.125,839400,0.0,0.0
2024-03-12 00:00:00-04:00,145.09807246372884,146.17479769360523,143.88674802305286,145.66334533691406,625100,0.0,0.0
2024-03-13 00:00:00-04:00,146.6054953299529,148.10394021441903,146.06712583160234,147.12591552734375,902000,0.0,0.0
2024-03-14 00:00:00-04:00,147.7898909704909,148.00522779962404,146.25554760639727,147.2425537109375,797300,0.0,0.0
2024-03-15 00:00:00-04:00,146.58752965958337,149.5754512900275,146.25554293107965,148.90249633789062,2575200,0.0,0.0
2024-03-18 00:00:00-04:00,149.54853759625777,151.85453652330523,148.00522644220595,151.2982177734375,769100,0.0,0.0
2024-03-19 00:00:00-04:00,151.89937964052638,153.43372289363606,151.38794101702516,152.6979522705078,739300,0.0,0.0
2024-03-20 00:00:00-04:00,151.71096896650866,153.66701815979607,150.8585620823577,152.76974487304688,570700,0.0,0.0
2024-03-21 00:00:00-04:00,152.98510725381024,154.08874964852748,152.1865345143311,153.54141235351562,472300,0.0,0.0
2024-03-22 00:00:00-04:00,153.65805442223288,153.79263994228543,151.40590334176045,151.69302368164062,371100,0.0,0.0
2024-03-25 00:00:00-04:00,152.51852019829653,155.07575472229937,151.9622151025182,154.48355102539062,564800,0.0,0.0
2024-03-26 00:00:00-04:00,154.6271029797835,156.06273198509615,153.62216130693432,155.37184143066406,740400,0.0,0.0
2024-03-27 00:00:00-04:00,155.1206041777723,157.81242393361256,154.84245166027733,157.73165893554688,1132900,0.0,0.0
2024-03-28 00:00:00-04:00,158.85323864199265,160.7913520074291,156.717737771862,159.9299774169922,986600,0.0,0.0
2024-04-01 00:00:00-04:00,160.61192132098085,160.61192132098085,157.92010141057335,159.52621459960938,817400,0.0,0.0
2024-04-02 00:00:00-04:00,160.61192164908655,161.9578316070398,159.87615096691283,161.30282592773438,700500,0.0,0.0
2024-04-03 00:00:00-04:00,161.50920114977393,163.93183642875962,160.86316324987047,163.8421173095703,663100,0.0,0.0
2024-04-04 00:00:00-04:00,164.20100830821747,165.22389928773126,162.2270098537018,162.76536560058594,653600,0.0,0.0
2024-04-05 00:00:00-04:00,163.01660643319696,165.78919133322427,162.26290014775248,165.69049072265625,428700,0.0,0.0
2024-04-08 00:00:00-04:00,166.62364808696682,166.87488351417767,164.4881469556747,165.1072540283203,471600,0.0,0.0
2024-04-09 00:00:00-04:00,166.2916475175369,166.3634310180984,164.17408217053222,165.38540649414062,540800,0.0,0.0
2024-04-10 00:00:00-04:00,165.4931001590866,168.4271878701022,164.72144452439855,167.6824493408203,795000,0.0,0.0
2024-04-11 00:00:00-04:00,168.39127999682518,168.92066796240402,166.15706453199866,168.16696166992188,738000,0.0,0.0
2024-04-12 00:00:00-04:00,168.4541001475648,170.68830198007268,167.323526987689,167.8977813720703,1204300,0.0,0.0
2024-04-15 00:00:00-04:00,168.03234300077096,169.05523382200136,165.85196217393954,166.273681640625,653600,0.0,0.0
2024-04-16 00:00:00-04:00,165.64560734989132,166.55184836040954,162.82817002657742,165.2149200439453,374000,0.0,0.0
2024-04-17 00:00:00-04:00,165.40335065195342,166.70439415004896,162.43337833060397,162.51412963867188,554600,0.0,0.0
2024-04-18 00:00:00-04:00,163.1512029858666,163.70750804111535,160.21711551158594,160.29786682128906,679900,0.0,0.0
2024-04-19 00:00:00-04:00,160.29784627671407,162.9896657855845,160.19017787757588,161.50917053222656,487800,0.0,0.0
2024-04-22 00:00:00-04:00,162.04755326937646,164.96369131105297,160.4773250930891,163.39346313476562,524800,0.0,0.0
2024-04-23 00:00:00-04:00,163.68956452386703,165.19699081475764,162.5320879699921,164.30868530273438,338700,0.0,0.0
2024-04-24 00:00:00-04:00,163.89595008801692,165.28672649069946,163.00764456058118,164.73040771484375,357700,0.0,0.0
2024-04-25 00:00:00-04:00,164.99060958340758,166.2557544604572,163.151196682734,165.6186981201172,382600,0.0,0.0
2024-04-26 00:00:00-04:00,165.14314893724114,167.0094789914656,164.02155734393105,166.51597595214844,437900,0.0,0.0
2024-04-29 00:00:00-04:00,165.10726424034655,166.75825761009534,164.69452616638796,165.4033660888672,509200,0.0,0.0
2024-04-30 00:00:00-04:00,164.5150475838997,164.92778559099656,158.458453451231,158.79940795898438,989400,0.0,0.0
2024-05-01 00:00:00-04:00,157.92010323796993,158.58409041909,153.49655237250508,156.27809143066406,1040800,0.0,0.0
2024-05-02 00:00:00-04:00,157.75860273706397,159.08656342587702,156.67289598851318,157.2830352783203,643100,0.0,0.0
2024-05-03 00:00:00-04:00,157.2830398410694,158.4853965380888,156.35884938385396,157.90216064453125,669200,0.0,0.0
2024-05-06 00:00:00-04:00,159.38265364341234,161.92193861357705,159.07757032945256,160.0107421875,540300,0.0,0.0
2024-05-07 00:00:00-04:00,160.37863122276656,161.97577656811984,159.80437687040697,160.3247833251953,723900,0.0,0.0
2024-05-08 00:00:00-04:00,161.73349058640588,164.16510692674615,160.10942832230467,161.70657348632812,980700,0.0,0.0
2024-05-09 00:00:00-04:00,162.4603200347993,163.61781039093285,161.41051179703285,162.91793823242188,517300,0.0,0.0
2024-05-10 00:00:00-04:00,163.29475775035067,163.58187806041815,160.66574010410287,161.05157470703125,476200,0.0,0.0
2024-05-13 00:00:00-04:00,162.1552170985801,162.68460501143863,160.4862883649713,162.49618530273438,621600,0.0,0.0
2024-05-14 00:00:00-04:00,163.32167425977673,163.8779792712873,161.25794312914013,163.63571166992188,770800,0.0,0.0
2024-05-15 00:00:00-04:00,163.63570909544885,164.06641008916733,160.84518889592184,163.54598999023438,596100,0.0,0.0
2024-05-16 00:00:00-04:00,163.60881341235344,163.8869659501448,160.50425540121248,160.5850067138672,745800,0.0,0.0
2024-05-17 00:00:00-04:00,161.62586662744621,162.88204394748587,160.8183123291585,162.03860473632812,792200,0.0,0.0
2024-05-20 00:00:00-04:00,162.65769135968003,163.96771631028915,162.33467244660537,163.1691436767578,655600,0.0,0.0
2024-05-21 00:00:00-04:00,163.07793083722467,165.94166670370618,163.07793083722467,164.5189208984375,776700,2.94,0.0
2024-05-22 00:00:00-04:00,164.34563722884735,164.45508884953526,159.8767546929254,162.04734802246094,592200,0.0,0.0
2024-05-23 00:00:00-04:00,163.22384988025146,165.23940171039015,159.85850149535028,161.09884643554688,738800,0.0,0.0
2024-05-24 00:00:00-04:00,162.46688648476027,164.1358811000715,161.9105549463232,163.94435119628906,862400,0.0,0.0
2024-05-28 00:00:00-04:00,164.53717868703538,167.82956438310904,164.53717868703538,166.96315002441406,1294200,0.0,0.0
2024-05-29 00:00:00-04:00,166.32473798624346,168.066695913308,161.61873512298286,163.6160430908203,1504000,0.0,0.0
2024-05-30 00:00:00-04:00,163.62513448496702,166.53447380734676,163.2238443830817,164.35475158691406,5881000,0.0,0.0
2024-05-31 00:00:00-04:00,164.59188840680838,169.53502426182055,163.26033601307762,169.09725952148438,5195400,0.0,0.0
2024-06-03 00:00:00-04:00,170.37408147298186,171.47762938340136,159.7673076100681,161.2082977294922,2550800,0.0,0.0
2024-06-04 00:00:00-04:00,160.13212145202303,160.18684030519177,156.88533961196947,157.8064727783203,5216400,0.0,0.0
2024-06-05 00:00:00-04:00,158.62727865970555,158.62727865970555,154.73297195201644,155.13426208496094,1693600,0.0,0.0
2024-06-06 00:00:00-04:00,155.06131108851466,155.7544397891892,153.0275008391766,153.18255615234375,1683900,0.0,0.0
2024-06-07 00:00:00-04:00,152.1702153558925,154.55969816458034,151.44059814151956,154.09457397460938,1617500,0.0,0.0
2024-06-10 00:00:00-04:00,154.89713501845446,159.03770456467984,154.09456863511554,158.04359436035156,1134000,0.0,0.0
2024-06-11 00:00:00-04:00,156.87621699844985,158.74585675116933,156.40197764055975,157.74264526367188,1207500,0.0,0.0
2024-06-12 00:00:00-04:00,159.0285923260885,159.37516365878884,154.4411423767097,156.2469482421875,940700,0.0,0.0
2024-06-13 00:00:00-04:00,154.99742241339519,154.99742241339519,150.70182636611455,151.26727294921875,1079400,0.0,0.0
2024-06-14 00:00:00-04:00,150.63800855931504,151.02105444216215,147.8563509283288,148.1299591064453,800700,0.0,0.0
2024-06-17 00:00:00-04:00,148.9690268767876,148.9690268767876,145.94113414803658,148.376220703125,1003100,0.0,0.0
2024-06-18 00:00:00-04:00,148.9872843219956,152.48031547787912,148.7957543888935,152.0790252685547,1183800,0.0,0.0
2024-06-20 00:00:00-04:00,152.18846172566694,154.2222721863329,151.14876160847717,152.16110229492188,1273700,0.0,0.0
2024-06-21 00:00:00-04:00,152.66269953927585,153.29199421505015,149.37031385002192,150.01785278320312,1519700,0.0,0.0
2024-06-24 00:00:00-04:00,150.57418329482675,154.72385422517274,150.52857960977323,154.0398406982422,1091900,0.0,0.0
2024-06-25 00:00:00-04:00,154.10367379198289,154.52319425495472,151.49530190396464,154.01246643066406,1160000,0.0,0.0
2024-06-26 00:00:00-04:00,153.33758335013448,153.78446324201693,150.68360775905003,150.76568603515625,668000,0.0,0.0
2024-06-27 00:00:00-04:00,151.62297218249705,152.6626720065255,149.58917621158733,152.42555236816406,980800,0.0,0.0
2024-06-28 00:00:00-04:00,154.1675302047268,154.1675302047268,151.34939767588858,152.92718505859375,9375500,0.0,0.0
2024-07-01 00:00:00-04:00,153.68415733785534,155.6085159893007,151.9239691726742,154.7329864501953,1067300,0.0,0.0
2024-07-02 00:00:00-04:00,155.96418929097922,157.9523957179993,155.2345860421582,155.85475158691406,1176100,0.0,0.0
2024-07-03 00:00:00-04:00,156.31077756075717,158.5999379227033,155.95509106760554,158.34457397460938,536600,0.0,0.0
2024-07-05 00:00:00-04:00,158.04359349719,158.32633076759006,153.67503338929123,154.58705139160156,939400,0.0,0.0
2024-07-08 00:00:00-04:00,154.51408628391752,155.71795671122297,153.0092621660758,154.80593872070312,641300,0.0,0.0
2024-07-09 00:00:00-04:00,154.14929262664856,155.9459692741979,152.9910258222229,153.2099151611328,723300,0.0,0.0
2024-07-10 00:00:00-04:00,153.20989180080878,154.2313473940626,152.5441087150806,153.9212646484375,384100,0.0,0.0
2024-07-11 00:00:00-04:00,154.1036910082575,156.68470375948556,153.41967747081762,156.1283721923828,510200,0.0,0.0
2024-07-12 00:00:00-04:00,157.28663603885735,157.28663603885735,154.55969711128472,156.8579864501953,976100,0.0,0.0
2024-07-15 00:00:00-04:00,157.87032020460373,161.84671921198938,157.22278130620182,160.5425262451172,766900,0.0,0.0
2024-07-16 00:00:00-04:00,159.91322664094756,161.95615189238322,159.00120867596036,161.408935546875,518900,0.0,0.0
2024-07-17 00:00:00-04:00,162.129426693275,165.23028200040986,160.56075478506642,161.02587890625,590200,0.0,0.0
2024-07-18 00:00:00-04:00,160.26892500151797,162.29360614756314,159.73995287255843,159.91323852539062,456100,0.0,0.0
2024-07-19 00:00:00-04:00,159.59402376891742,161.68253872100146,158.02535180433378,160.10475158691406,630400,0.0,0.0
2024-07-22 00:00:00-04:00,160.1047643810345,160.1047643810345,157.3504660952662,158.55433654785156,766800,0.0,0.0
2024-07-23 00:00:00-04:00,157.62405440602905,158.2898235725784,155.9185853962057,157.14068603515625,681800,0.0,0.0
2024-07-24 00:00:00-04:00,157.30488360851086,159.3934129252119,155.72709613573264,155.75445556640625,720600,0.0,0.0
2024-07-25 00:00:00-04:00,155.99154403419743,159.19273594490446,155.19809287096416,157.60581970214844,832300,0.0,0.0
2024-07-26 00:00:00-04:00,157.9980015101194,158.42665107848563,155.17985534619683,157.4325408935547,545200,0.0,0.0
2024-07-29 00:00:00-04:00,158.01623569089506,158.2898438776521,153.29198907029928,154.39552307128906,623000,0.0,0.0
2024-07-30 00:00:00-04:00,154.39553883047495,155.88213279443582,154.2678568524612,154.4502716064453,434400,0.0,0.0
2024-07-31 00:00:00-04:00,157.8338418005901,158.26249139819237,156.02804995478564,156.55702209472656,512800,0.0,0.0
2024-08-01 00:00:00-04:00,156.71205427069043,158.03447758456946,151.09402006294317,151.93307495117188,740100,0.0,0.0
2024-08-02 00:00:00-04:00,150.22759924062376,151.02105041132296,141.49958069777378,142.15623474121094,864200,0.0,0.0
2024-08-05 00:00:00-04:00,136.80270448738193,139.39283235243326,132.72598278035468,137.66000366210938,1323300,0.0,0.0
2024-08-06 00:00:00-04:00,137.81505370158513,140.97975757720013,137.19487416587086,139.52052307128906,661800,0.0,0.0
2024-08-07 00:00:00-04:00,141.99206711921155,143.96202909595058,139.52962160643204,139.97650146484375,816100,0.0,0.0
2024-08-08 00:00:00-04:00,135.2978786593696,141.82791709778368,134.0666487674381,137.76943969726562,1755600,0.0,0.0
2024-08-09 00:00:00-04:00,138.91858567837187,139.4475438615217,137.25870627154788,137.8606414794922,922400,0.0,0.0
2024-08-12 00:00:00-04:00,138.7908981754589,140.97063464328653,138.68146046424408,139.74851989746094,724300,0.0,0.0
2024-08-13 00:00:00-04:00,138.63585467231889,139.30163784886673,137.71472147891396,138.62673950195312,675800,0.0,0.0
2024-08-14 00:00:00-04:00,139.02801581860368,139.99475260018104,137.88799340329274,139.3472137451172,434500,0.0,0.0
2024-08-15 00:00:00-04:00,139.62995480534536,142.38423901619333,139.02801961372046,140.81556701660156,895700,0.0,0.0
2024-08-16 00:00:00-04:00,139.57519583203168,141.2441900501958,139.29247254500646,139.6299285888672,671100,0.0,0.0
2024-08-19 00:00:00-04:00,140.12245379678848,142.1744944261509,139.80324191014896,139.903564453125,630000,0.0,0.0
2024-08-20 00:00:00-04:00,139.77587233335143,140.20452190255514,136.00011840611347,136.86654663085938,644500,0.0,0.0
2024-08-21 00:00:00-04:00,138.02603967156048,138.68462372220054,136.28215779510953,137.62716674804688,565700,2.52,0.0
2024-08-22 00:00:00-04:00,138.04459487466224,138.38780024721996,136.1059119694905,137.25613403320312,610600,0.0,0.0
2024-08-23 00:00:00-04:00,138.3043005224255,140.066723836263,137.60860487423216,139.13912963867188,531100,0.0,0.0
2024-08-26 00:00:00-04:00,141.5509045893228,143.54522679598406,140.5954835335958,141.2447967529297,486500,0.0,0.0
2024-08-27 00:00:00-04:00,140.7624515303573,140.7624515303573,136.15230618646905,136.53262329101562,810700,0.0,0.0
2024-08-28 00:00:00-04:00,135.70704749926398,136.98711799515854,134.82583575428782,136.2635955810547,784300,0.0,0.0
2024-08-29 00:00:00-04:00,137.19120435867566,139.2411941844251,136.6346562181137,138.2950439453125,658600,0.0,0.0
2024-08-30 00:00:00-04:00,136.82944565598723,137.7663250640547,135.38240064808315,137.68283081054688,947600,0.0,0.0
2024-09-03 00:00:00-04:00,135.19685215862063,135.44730655111528,130.92064240926317,131.1710968017578,975100,0.0,0.0
2024-09-04 00:00:00-04:00,131.10619625162914,132.51614377966055,128.0080341835591,128.6759033203125,1317500,0.0,0.0
2024-09-05 00:00:00-04:00,129.99306885605645,130.3084475313434,126.96911643531173,127.44218444824219,897500,0.0,0.0
2024-09-06 00:00:00-04:00,126.92272677499125,128.37904243159318,124.26053572602734,124.64083862304688,765900,0.0,0.0
2024-09-09 00:00:00-04:00,125.19742556829766,125.19742556829766,123.16599143350793,123.47209930419922,903100,0.0,0.0
2024-09-10 00:00:00-04:00,122.73000374839671,123.33294855631172,120.81916168995033,122.63725280761719,1088500,0.0,0.0
2024-09-11 00:00:00-04:00,123.18452947886422,123.76890428028382,120.35536395020489,123.30510711669922,715100,0.0,0.0
2024-09-12 00:00:00-04:00,124.0471708511965,124.45531457188626,121.46846005661789,123.11030578613281,636300,0.0,0.0
2024-09-13 00:00:00-04:00,123.95443673215458,125.34582824831358,122.77638795202935,124.34402465820312,759600,0.0,0.0
2024-09-16 00:00:00-04:00,124.78926241628595,126.12500049828459,123.72253461261634,124.6779556274414,745200,0.0,0.0
2024-09-17 00:00:00-04:00,124.7892593947211,127.21955191875499,124.73360600164638,127.0154800415039,708000,0.0,0.0
2024-09-18 00:00:00-04:00,126.61662502066586,128.6666147011265,125.44786126974905,126.1064453125,498100,0.0,0.0
2024-09-19 00:00:00-04:00,129.06548306942193,129.16751901864743,126.34763829618335,126.46821594238281,630600,0.0,0.0
2024-09-20 00:00:00-04:00,127.24737828502471,127.51638855614188,125.11392273488089,126.82996368408203,2391900,0.0,0.0
2024-09-23 00:00:00-04:00,127.78539673138118,130.01163173642357,126.5331528103889,127.35871124267578,599800,0.0,0.0
2024-09-24 00:00:00-04:00,129.000550383724,129.19533726697918,124.97478023086714,125.03971862792969,888500,0.0,0.0
2024-09-25 00:00:00-04:00,124.62229734156017,125.06753863342853,122.2847557898117,123.20307922363281,924300,0.0,0.0
2024-09-26 00:00:00-04:00,120.7263986475691,121.99721252815215,117.77665541686206,118.18479919433594,1085600,0.0,0.0
2024-09-27 00:00:00-04:00,119.52982540389704,121.67256639066031,119.13095241694975,121.32936096191406,888600,0.0,0.0
2024-09-30 00:00:00-04:00,120.63363796938467,122.03430022543175,119.56689606363075,120.80059814453125,906300,0.0,0.0
2024-10-01 00:00:00-04:00,119.80809877425995,123.37005795278668,118.96398445447286,121.13455200195312,853200,0.0,0.0
2024-10-02 00:00:00-04:00,123.83384181391062,123.83384181391062,120.5965325392278,121.3942642211914,685400,0.0,0.0
2024-10-03 00:00:00-04:00,121.84879860968056,125.10464979571377,120.7356881818547,124.94696044921875,816600,0.0,0.0
2024-10-04 00:00:00-04:00,126.79287157067112,127.89671109095123,125.24379073391347,126.57024383544922,570400,0.0,0.0
2024-10-07 00:00:00-04:00,127.15461905814485,129.17676769059193,126.57023016254558,127.8039321899414,913800,0.0,0.0
2024-10-08 00:00:00-04:00,125.52207948546753,125.80034647893194,122.71145546577287,123.69471740722656,693400,0.0,0.0
2024-10-09 00:00:00-04:00,121.99720221812318,123.85239075606437,121.52412008241039,123.60193634033203,587300,0.0,0.0
2024-10-10 00:00:00-04:00,123.74105669141427,125.00258532953744,122.77636498177363,124.43675231933594,610300,0.0,0.0
2024-10-11 00:00:00-04:00,123.81529909860929,125.27162913050368,123.68543644609372,124.02865600585938,748100,0.0,0.0
2024-10-14 00:00:00-04:00,123.28656100559729,124.05646596805012,122.19199237867635,122.78565216064453,516500,0.0,0.0
2024-10-15 00:00:00-04:00,119.7246149946409,120.16985633978418,117.22937673801536,117.34069061279297,1258500,0.0,0.0
2024-10-16 00:00:00-04:00,118.30538357555251,119.52053697949175,118.20334763147402,119.0567398071289,735100,0.0,0.0
2024-10-17 00:00:00-04:00,119.11239657169976,121.62616939077516,118.59293891161443,121.12527465820312,741800,0.0,0.0
2024-10-18 00:00:00-04:00,121.07888239162963,121.95082329498713,119.65966425028077,120.5687026977539,815100,0.0,0.0
2024-10-21 00:00:00-04:00,121.17165859888257,122.60014771881531,119.16805133765457,120.5316162109375,836100,0.0,0.0
2024-10-22 00:00:00-04:00,121.10672438542198,121.97866539891595,119.78954201647252,120.5780029296875,667000,0.0,0.0
2024-10-23 00:00:00-04:00,120.58726863638435,121.00468327394769,118.40742327258486,119.19587707519531,393300,0.0,0.0
2024-10-24 00:00:00-04:00,120.04925440477088,120.568704955913,117.6746152258549,118.42596435546875,669900,0.0,0.0
2024-10-25 00:00:00-04:00,119.50199010807337,120.03999656691248,118.09204263504562,119.52054595947266,854600,0.0,0.0
2024-10-28 00:00:00-04:00,116.09772322544842,117.82304236883384,115.48550749958268,117.26648712158203,706600,0.0,0.0
2024-10-29 00:00:00-04:00,117.37779621285314,117.7766620878904,115.56898288685382,116.84906768798828,720300,0.0,0.0
2024-10-30 00:00:00-04:00,117.30357632213018,119.14948702894299,116.58005388815245,117.17371368408203,610800,0.0,0.0
2024-10-31 00:00:00-04:00,117.97145119329171,118.28682987928886,115.9956777507655,116.04205322265625,691900,0.0,0.0
2024-11-01 00:00:00-04:00,116.6820923879192,117.66534011955616,114.37238447257236,114.836181640625,1067600,0.0,0.0
2024-11-04 00:00:00-05:00,115.50404939136969,117.1180687122967,115.2257753228186,116.19974517822266,940100,0.0,0.0
2024-11-05 00:00:00-05:00,116.44091265696999,117.57257884802166,115.4483870278806,117.47054290771484,579600,0.0,0.0
2024-11-06 00:00:00-05:00,120.55016865012304,123.0732122750486,120.12346901891287,122.40535736083984,1987300,0.0,0.0
2024-11-07 00:00:00-05:00,122.40535174927437,126.50531691352322,121.9229987434904,123.24018096923828,1425700,0.0,0.0
2024-11-08 00:00:00-05:00,122.37751194726752,122.94334504910505,121.10671225706115,122.45172119140625,812300,0.0,0.0
2024-11-11 00:00:00-05:00,121.99720379971022,123.40713691596906,120.8655376445778,122.13633728027344,912800,0.0,0.0
2024-11-12 00:00:00-05:00,122.22910755082421,123.27727950808158,119.06600752160323,119.28863525390625,791000,0.0,0.0
2024-11-13 00:00:00-05:00,119.36282754294689,120.1884000564596,117.56329941611673,119.70604705810547,699800,0.0,0.0
2024-11-14 00:00:00-05:00,120.35536952231445,121.56124503425625,120.02143498291467,121.41282653808594,671200,0.0,0.0
2024-11-15 00:00:00-05:00,121.41281734366538,122.68361700521656,117.41488817586549,118.06420135498047,882100,0.0,0.0
2024-11-18 00:00:00-05:00,119.42776329489152,121.92299416739594,119.14021133334022,120.89336395263672,820100,0.0,0.0
2024-11-19 00:00:00-05:00,119.873017975825,121.1438319033651,118.42597300510616,118.70425415039062,715100,0.0,0.0
2024-11-20 00:00:00-05:00,118.80628939622979,120.6800339991708,118.40742353140439,120.43885040283203,859500,0.0,0.0
2024-11-21 00:00:00-05:00,121.51485362871779,123.32365968781775,120.80988705423842,122.77638244628906,961900,0.0,0.0
2024-11-22 00:00:00-05:00,122.71144381870226,124.79853099539366,121.5241242460573,124.69649505615234,1044900,0.0,0.0
2024-11-25 00:00:00-05:00,124.2976328289027,124.38111291668685,119.93794256793576,120.99539947509766,4467000,0.0,0.0
2024-11-26 00:00:00-05:00,121.431380387994,121.431380387994,117.71172504356281,118.74134826660156,934100,0.0,0.0
2024-11-27 00:00:00-05:00,118.9665017717416,121.74342512754356,118.43175789499904,118.6100082397461,715800,1.44,0.0
2024-11-29 00:00:00-05:00,118.61001369278343,120.88033656065384,118.61001369278343,119.6325912475586,382800,0.0,0.0
2024-12-02 00:00:00-05:00,119.82022091722591,120.69269137446427,117.98145235275298,119.03217315673828,895500,0.0,0.0
2024-12-03 00:00:00-05:00,120.08290353155135,121.0210512153916,118.38485851420013,119.5950698852539,918800,0.0,0.0
2024-12-04 00:00:00-05:00,119.56692182174058,119.60444858874081,114.02247262181332,114.75422668457031,966500,0.0,0.0
2024-12-05 00:00:00-05:00,114.7073138412952,116.3396959601285,114.10689989787335,114.18195343017578,843800,0.0,0.0
2024-12-06 00:00:00-05:00,113.71287903385638,113.71287903385638,108.78760373118358,109.9509048461914,918400,0.0,0.0
2024-12-09 00:00:00-05:00,111.6583270842396,113.85359624679141,110.83275975163373,111.94915771484375,837200,0.0,0.0
2024-12-10 00:00:00-05:00,112.47452537555877,112.81225911473918,110.31678283718378,110.62637329101562,702500,0.0,0.0
2024-12-11 00:00:00-05:00,111.23617035156687,112.30565813628473,110.09162903450067,112.07112121582031,836200,0.0,0.0
2024-12-12 00:00:00-05:00,111.47071153519283,112.55896632336713,109.95090965575947,112.40885925292969,807100,0.0,0.0
2024-12-13 00:00:00-05:00,112.12739798774157,112.21183499362935,109.85708251384402,111.9022445678711,779500,0.0,0.0
2024-12-16 00:00:00-05:00,110.5419414245063,111.02977506250627,108.75007594324956,109.00337982177734,923400,0.0,0.0
2024-12-17 00:00:00-05:00,107.99957073267058,108.78761140105821,106.554822349794,107.97142028808594,826500,0.0,0.0
2024-12-18 00:00:00-05:00,108.33729529429948,108.83451241058957,104.60346444551011,104.6409912109375,762700,0.0,0.0
2024-12-19 00:00:00-05:00,106.47037620130321,107.22089719422004,103.41201997528896,103.58088684082031,935600,0.0,0.0
2024-12-20 00:00:00-05:00,103.50584828113051,105.2508037581789,102.92419406961447,103.97492218017578,2991000,0.0,0.0
2024-12-23 00:00:00-05:00,103.571501911219,104.98810686572055,102.81159744820901,104.61284637451172,773400,0.0,0.0
2024-12-24 00:00:00-05:00,105.0631521890104,106.39532727737623,103.87170783562868,106.17955017089844,266700,0.0,0.0
2024-12-26 00:00:00-05:00,106.34841534517064,106.60171205462748,105.07253400253992,105.49469757080078,563700,0.0,0.0
2024-12-27 00:00:00-05:00,105.40089432627227,106.39533577105954,104.63161348643628,105.13821411132812,633600,0.0,0.0
2024-12-30 00:00:00-05:00,105.68233272007753,108.2059449960436,104.73480160278254,106.83625030517578,549500,0.0,0.0
2024-12-31 00:00:00-05:00,107.20213947078791,110.10101971930057,107.11770960949592,109.688232421875,688000,0.0,0.0
2025-01-02 00:00:00-05:00,111.16110884640247,112.56833026825876,110.6545082756344,111.53636932373047,609500,0.0,0.0
2025-01-03 00:00:00-05:00,112.08988495329073,113.8066897220058,111.41441749658381,113.46895599365234,550700,0.0,0.0
2025-01-06 00:00:00-05:00,114.02247115750805,116.79938746237222,114.02247115750805,114.59474182128906,921900,0.0,0.0
2025-01-07 00:00:00-05:00,115.29834909814086,116.56484701041629,114.6510249209229,115.19515228271484,620400,0.0,0.0
2025-01-08 00:00:00-05:00,114.44462847650189,115.17638248971568,113.3376139761917,115.01689910888672,672900,0.0,0.0
2025-01-10 00:00:00-05:00,116.98701075847163,119.23856658204458,116.07701353730756,116.12391662597656,629900,0.0,0.0
2025-01-13 00:00:00-05:00,115.67361801355977,118.83517128399622,115.67361801355977,117.98146057128906,657800,0.0,0.0
2025-01-14 00:00:00-05:00,117.18402614686819,120.07351546299917,117.18402614686819,118.8633041381836,559100,0.0,0.0
2025-01-15 00:00:00-05:00,119.9327895581112,121.3212583570138,119.45433942031173,119.87650299072266,638600,0.0,0.0
2025-01-16 00:00:00-05:00,119.25733860318219,120.37372950285064,118.16908383190994,118.45053100585938,599600,0.0,0.0
2025-01-17 00:00:00-05:00,118.78825953635523,119.3323797406035,117.71877177430018,118.49742889404297,577500,0.0,0.0
2025-01-21 00:00:00-05:00,117.26846449557618,118.48805938932979,116.03010979680286,116.49918365478516,718900,0.0,0.0
2025-01-22 00:00:00-05:00,115.74865722403275,116.40536488909862,114.45401601304376,114.55721282958984,607300,0.0,0.0
2025-01-23 00:00:00-05:00,114.97937827276647,116.12391959654872,112.38071232807143,113.2719497680664,641400,0.0,0.0
2025-01-24 00:00:00-05:00,113.62844811905394,114.2663888195613,109.98843058660076,110.19482421875,799300,0.0,0.0
2025-01-27 00:00:00-05:00,110.3918313304128,112.36193994736423,108.97523354421112,110.00719451904297,838200,0.0,0.0
2025-01-28 00:00:00-05:00,110.29802148279187,111.46132259167746,108.10275936646751,109.40678405761719,769200,0.0,0.0
2025-01-29 00:00:00-05:00,109.22853383717917,109.94152807265104,108.12151929690656,109.54750061035156,405600,0.0,0.0
2025-01-30 00:00:00-05:00,110.35431125848568,110.50441832592763,108.0277089731268,108.54368591308594,612900,0.0,0.0
2025-01-31 00:00:00-05:00,108.10275398066246,108.34666720976954,104.60346019002858,105.49469757080078,1145400,0.0,0.0
2025-02-03 00:00:00-05:00,105.46656592097241,105.96378307188132,102.67088969822066,104.10625457763672,1357800,0.0,0.0
2025-02-04 00:00:00-05:00,103.00862042884276,105.95440363726969,102.46449304448392,105.11006927490234,1016100,0.0,0.0
2025-02-05 00:00:00-05:00,104.75357440005962,105.19449780163572,103.18686231957017,103.89985656738281,1104300,0.0,0.0
2025-02-06 00:00:00-05:00,104.58470242099409,104.82861565484527,100.60695126013208,101.5732421875,744400,0.0,0.0
2025-02-07 00:00:00-05:00,102.07046568713793,103.38386665189095,101.50757137938841,102.61458587646484,732800,0.0,0.0
2025-02-10 00:00:00-05:00,103.66531355079456,107.10831364956884,103.66531355079456,106.170166015625,730500,0.0,0.0
2025-02-11 00:00:00-05:00,106.86440698914606,109.05028567094428,106.56419285662562,107.33348083496094,746200,0.0,0.0
2025-02-12 00:00:00-05:00,106.98636578730935,107.36162630308979,102.52078068027005,102.88665771484375,601400,0.0,0.0
2025-02-13 00:00:00-05:00,102.25809841621002,103.85294662942658,101.61077421840501,103.37449645996094,674000,0.0,0.0
2025-02-14 00:00:00-05:00,103.75913512434543,106.48914839156801,103.243158179191,104.0687255859375,641500,0.0,0.0
2025-02-18 00:00:00-05:00,104.65037352645315,106.17955162372434,102.37067444398832,105.14759063720703,812900,0.0,0.0
2025-02-19 00:00:00-05:00,106.12327346597885,108.59059941154582,105.93563962605985,107.27719116210938,954900,0.0,0.0
2025-02-20 00:00:00-05:00,107.12708651015731,108.61873789467711,106.4985221210998,108.51554107666016,686000,0.0,0.0
2025-02-21 00:00:00-05:00,107.7556403971245,107.7556403971245,104.60346369871577,104.76294708251953,1500100,0.0,0.0
2025-02-24 00:00:00-05:00,105.00686450240484,105.32583126097586,103.82479648461556,104.44397735595703,621100,0.0,0.0
2025-02-25 00:00:00-05:00,103.88109223274311,104.84738316517314,101.6482962492655,101.84530639648438,1164400,0.0,0.0
2025-02-26 00:00:00-05:00,105.54160854836934,107.74625405099115,104.61284439724325,106.29212951660156,1741400,0.0,0.0
2025-02-27 00:00:00-05:00,107.84945768489153,108.90956199888856,106.33903932997164,106.67677307128906,866100,0.0,0.0
2025-02-28 00:00:00-05:00,106.00129974078229,107.33347482804048,104.39706813677611,107.23027801513672,782700,0.0,0.0
2025-03-03 00:00:00-05:00,107.88698042107725,108.11213385437816,98.82447063010744,99.4811782836914,1318700,0.0,0.0
2025-03-04 00:00:00-05:00,98.48674705360504,99.59376160745197,94.35889581091321,97.68931579589844,1465200,0.0,0.0
2025-03-05 00:00:00-05:00,96.88250949634332,96.98570631558815,93.25188249063504,95.07188415527344,1864400,0.0,0.0
2025-03-06 00:00:00-05:00,94.99682942100912,97.5016818332031,94.15249513670264,96.11322021484375,1118000,0.0,0.0
2025-03-07 00:00:00-05:00,96.92941425281003,99.3967399788386,96.92941425281003,97.2202377319336,1054200,0.0,0.0
2025-03-10 00:00:00-04:00,97.78313162855143,99.00271926557905,96.43219673707618,97.6048812866211,1174700,0.0,0.0
2025-03-11 00:00:00-04:00,97.842398024144,100.25544575415219,96.82587857372917,98.06090545654297,1154000,1.3,0.0
2025-03-12 00:00:00-04:00,98.18439987179809,101.21496087734539,97.6143902832607,100.70195007324219,1042700,0.0,0.0
2025-03-13 00:00:00-04:00,99.99892925772014,101.23394871086454,97.52888310336685,98.15589141845703,653300,0.0,0.0
2025-03-14 00:00:00-04:00,98.7164131891262,100.99645149907695,98.3079049964481,100.90145111083984,940600,0.0,0.0
2025-03-17 00:00:00-04:00,101.17695488974167,103.12449541830067,101.03445068676287,102.25047302246094,901200,0.0,0.0
2025-03-18 00:00:00-04:00,102.8204885244587,104.02700863177,101.26245177262174,103.28599548339844,834100,0.0,0.0
2025-03-19 00:00:00-04:00,103.30499531539162,106.40205722478552,103.30499531539162,105.5755386352539,889700,0.0,0.0
2025-03-20 00:00:00-04:00,105.06252494178337,106.09804870335078,104.21700919741696,105.25253295898438,601300,0.0,0.0
2025-03-21 00:00:00-04:00,104.69201604192324,105.28103001006053,103.57099413357456,104.22650909423828,3168000,0.0,0.0
2025-03-24 00:00:00-04:00,105.00552515759452,107.36157381192768,104.7490233969043,107.14306640625,818100,0.0,0.0
2025-03-25 00:00:00-04:00,107.82707909303979,109.37560634207712,106.44005321852703,106.97206115722656,785700,0.0,0.0
2025-03-26 00:00:00-04:00,107.52308344851073,109.60362607640289,107.52308344851073,107.99809265136719,546300,0.0,0.0
2025-03-27 00:00:00-04:00,107.90308580969442,108.28309459887477,106.14555331380822,106.5350570678711,447800,0.0,0.0
2025-03-28 00:00:00-04:00,106.36405375076836,107.0005643066576,105.08153042601795,106.14555358886719,511700,0.0,0.0
2025-03-31 00:00:00-04:00,105.61353589059804,108.07408713158992,105.11952954868892,107.08606719970703,584700,0.0,0.0
2025-04-01 00:00:00-04:00,106.93407120500724,107.41858262943211,105.30954057400479,107.00057220458984,504800,0.0,0.0
2025-04-02 00:00:00-04:00,105.73705024158758,108.13109340736031,105.61354321150057,107.8650894165039,499300,0.0,0.0
2025-04-03 00:00:00-04:00,101.10094195548885,101.81345565377177,93.77630200690814,94.50782012939453,1444400,0.0,0.0
2025-04-04 00:00:00-04:00,90.25175090782584,90.42275451525802,82.36659503454752,83.43061828613281,2141200,0.0,0.0
2025-04-07 00:00:00-04:00,80.15305646483087,86.8506819569478,77.93000959968977,81.7205810546875,1730100,0.0,0.0
2025-04-08 00:00:00-04:00,84.33312164367089,84.59913285712321,76.76148185035562,77.93000030517578,1470600,0.0,0.0
2025-04-09 00:00:00-04:00,77.02749595765286,91.45827096450365,75.83997292148307,90.24224853515625,1765700,0.0,0.0
2025-04-10 00:00:00-04:00,86.34716014571215,87.16417643932095,79.3930266859254,81.5970687866211,1849400,0.0,0.0
2025-04-11 00:00:00-04:00,81.59708079746294,85.60615965435026,80.20055257263519,84.87464141845703,1154400,0.0,0.0
2025-04-14 00:00:00-04:00,87.15467937737404,87.31618800165596,82.32859177987845,84.09561920166016,1034200,0.0,0.0
2025-04-15 00:00:00-04:00,84.08612338343393,85.99565498463866,83.62060918885356,83.98162078857422,509800,0.0,0.0
2025-04-16 00:00:00-04:00,84.51363538850282,88.02870779214858,84.51363538850282,86.29966735839844,603500,0.0,0.0
2025-04-17 00:00:00-04:00,87.79119419785553,90.4227416881903,87.79119419785553,89.7102279663086,767600,0.0,0.0
2025-04-21 00:00:00-04:00,88.13319840783078,88.42770902256702,86.33766432109958,88.19969940185547,791900,0.0,0.0
2025-04-22 00:00:00-04:00,89.92873410529211,90.74574316006631,88.11419570654998,89.57722473144531,496300,0.0,0.0
2025-04-23 00:00:00-04:00,91.10675627981549,92.53178372762888,87.63918804052335,88.1521987915039,779200,0.0,0.0
2025-04-24 00:00:00-04:00,89.33972430804076,90.30873981207648,87.0311794843559,90.01423645019531,629000,0.0,0.0
2025-04-25 00:00:00-04:00,88.82672381213628,90.6697618983145,88.43721277410255,89.8907470703125,410900,0.0,0.0
2025-04-28 00:00:00-04:00,89.59622770199219,90.73625406361492,89.09271913936968,90.16624450683594,608500,0.0,0.0
2025-04-29 00:00:00-04:00,89.6247295259858,89.78623815737778,88.17120257991259,88.83621978759766,608100,0.0,0.0
2025-04-30 00:00:00-04:00,87.40169077793693,88.11420456145274,84.65613824530129,85.72016143798828,711500,0.0,0.0
2025-05-01 00:00:00-04:00,85.35914753486063,88.73171558594944,85.31165096606765,87.47769165039062,1013600,0.0,0.0
2025-05-02 00:00:00-04:00,88.14270473499842,89.4062309285105,86.99318335716359,88.61771392822266,699200,0.0,0.0
2025-05-05 00:00:00-04:00,86.62267237299747,87.74369430207369,85.60615304097566,85.76765441894531,844900,0.0,0.0
2025-05-06 00:00:00-04:00,86.66068094118042,87.7626985331438,85.47315792290742,86.08116912841797,833900,0.0,0.0
2025-05-07 00:00:00-04:00,86.6511782212559,87.12618742578954,83.93412499147836,85.63465881347656,1254500,0.0,0.0
2025-05-08 00:00:00-04:00,86.39467369031125,89.80523619124489,86.39467369031125,88.9502182006836,1232500,0.0,0.0
2025-05-09 00:00:00-04:00,90.34673718516014,91.12575188662048,88.22820047482752,88.38970184326172,977700,0.0,0.0
2025-05-12 00:00:00-04:00,93.76680155969171,95.44833797820532,92.28477535874897,92.75028228759766,809500,0.0,0.0
2025-05-13 00:00:00-04:00,93.28230681297849,95.39134877087427,92.3607878270452,94.51732635498047,927400,0.0,0.0
2025-05-14 00:00:00-04:00,93.61480977944886,94.19432155713153,92.09478185768482,93.08280181884766,645700,0.0,0.0
2025-05-15 00:00:00-04:00,90.8502563270071,91.23976734726719,89.14972253351246,91.08776092529297,904300,0.0,0.0
2025-05-16 00:00:00-04:00,91.22075871801863,92.00927568753698,90.1472405925261,91.83827209472656,617500,0.0,0.0
2025-05-19 00:00:00-04:00,90.72675270549269,90.91675347685417,89.71023335777258,90.28024291992188,554600,0.0,0.0
2025-05-20 00:00:00-04:00,89.98574346158435,91.2492696654519,89.59623244087693,89.90023803710938,661200,0.0,0.0
2025-05-21 00:00:00-04:00,89.57273116398865,89.58236573415985,87.16460305285533,87.2127685546875,739700,1.3,0.0
2025-05-22 00:00:00-04:00,86.80820843466219,87.38615773575627,85.02618767850467,86.83710479736328,579600,0.0,0.0
2025-05-23 00:00:00-04:00,85.30553622781508,86.93343334236833,85.30553622781508,86.35548400878906,555000,0.0,0.0
2025-05-27 00:00:00-04:00,86.9719573306379,87.80035400390625,85.4789149348807,87.80035400390625,652500,0.0,0.0
2025-05-28 00:00:00-04:00,88.80213813982797,88.83103450247685,86.52886452381178,86.72151184082031,525000,0.0,0.0
2025-05-29 00:00:00-04:00,87.63659911007547,87.87741191474821,86.30730772490682,87.6558609008789,549900,0.0,0.0
2025-05-30 00:00:00-04:00,86.65408076281116,87.06827909042282,85.99906962493745,86.69261169433594,999700,0.0,0.0
2025-06-02 00:00:00-04:00,89.16817460734914,90.19885322820294,87.77146312968657,88.53243255615234,982800,0.0,0.0
2025-06-03 00:00:00-04:00,88.87918802911943,93.05970220153918,87.13570564919902,92.21204376220703,691000,0.0,0.0
2025-06-04 00:00:00-04:00,92.15423917784335,94.39861620442852,89.11036925233554,89.12963104248047,915900,0.0,0.0
2025-06-05 00:00:00-04:00,89.7846509034286,89.80392004447702,87.6558664570684,88.6191177368164,558300,0.0,0.0
2025-06-06 00:00:00-04:00,89.39934400964037,92.1542431062725,89.39934400964037,91.40290832519531,544900,0.0,0.0
2025-06-09 00:00:00-04:00,92.00012302538327,94.62979465322098,91.66298657938144,93.90735626220703,747300,0.0,0.0
2025-06-10 00:00:00-04:00,95.36187148314045,98.502072541221,95.1306932463625,95.89166259765625,804000,0.0,0.0
2025-06-11 00:00:00-04:00,96.45998204785231,98.86811023428565,95.72790902144985,97.94338989257812,801800,0.0,0.0
2025-06-12 00:00:00-04:00,96.62373205253776,98.74288924521696,95.70864629028297,98.6272964477539,525000,0.0,0.0
2025-06-13 00:00:00-04:00,102.62479122354722,102.6440530153834,99.63871375530847,102.1431655883789,925800,0.0,0.0
2025-06-16 00:00:00-04:00,100.65012672755105,102.35508565159819,99.82173001793959,101.8252944946289,785600,0.0,0.0
2025-06-17 00:00:00-04:00,103.06788376189834,104.32974054785639,101.67117238884663,102.93302917480469,815900,0.0,0.0
2025-06-18 00:00:00-04:00,102.77891321072266,104.14673567445796,100.63086687617405,100.74645233154297,939700,0.0,0.0
2025-06-20 00:00:00-04:00,101.62301068012592,101.62301068012592,99.25341339828265,100.25519561767578,1991900,0.0,0.0
2025-06-23 00:00:00-04:00,101.38219426467647,101.62300707765671,95.87239592784502,96.14210510253906,884500,0.0,0.0
2025-06-24 00:00:00-04:00,95.0439923311605,96.24805630824227,93.74360470571686,94.88024139404297,1178200,0.0,0.0
2025-06-25 00:00:00-04:00,94.48531220095774,95.03437247210015,93.41611006758907,94.07112121582031,615000,0.0,0.0
2025-06-26 00:00:00-04:00,94.18670854769101,96.31549298477941,93.9362611583206,95.69901275634766,438200,0.0,0.0
2025-06-27 00:00:00-04:00,95.49672411831551,95.74717148997816,94.37935653916989,95.07289123535156,864800,0.0,0.0
2025-06-30 00:00:00-04:00,95.12105706621772,95.17884978717801,93.06933463286826,93.29087829589844,669900,0.0,0.0
2025-07-01 00:00:00-04:00,93.4642768128527,98.49245000870071,92.7129419397305,97.13426208496094,1631300,0.0,0.0
2025-07-02 00:00:00-04:00,98.79104939294186,100.23592631978414,96.77785773573984,100.13960266113281,892800,0.0,0.0
2025-07-03 00:00:00-04:00,100.32262423625737,101.00653177649814,99.60982033289748,100.55380249023438,512100,0.0,0.0
2025-07-07 00:00:00-04:00,100.1781267257779,101.32439802750079,98.02044605402621,99.34009552001953,901400,0.0,0.0
2025-07-08 00:00:00-04:00,99.3882744910236,104.9462315415878,99.21488895422998,104.22379302978516,930700,0.0,0.0
2025-07-09 00:00:00-04:00,104.45496785315191,105.10997899680851,102.28765254165897,102.9908218383789,631200,0.0,0.0
2025-07-10 00:00:00-04:00,102.14316280895316,104.25268538527565,100.93909875379626,104.13709259033203,565500,0.0,0.0
2025-07-11 00:00:00-04:00,103.69399850454936,105.6108664338096,103.43391655166563,105.17740631103516,581300,0.0,0.0
2025-07-14 00:00:00-04:00,104.75357080967377,104.77283260062009,102.37433910601487,102.79817199707031,418900,0.0,0.0
2025-07-15 00:00:00-04:00,103.13530816256609,103.75178835742348,100.2070235624817,100.26481628417969,371600,0.0,0.0
2025-07-16 00:00:00-04:00,100.1781300935728,100.56343206373747,98.42501311089623,98.44427490234375,497800,0.0,0.0
2025-07-17 00:00:00-04:00,98.5406066459531,102.34544617594332,98.2516283289056,102.07573699951172,538900,0.0,0.0
2025-07-18 00:00:00-04:00,103.13530573976429,104.34900431007603,101.14137604876389,102.48992919921875,510300,0.0,0.0
2025-07-21 00:00:00-04:00,102.78853553403147,103.4628157891127,101.37255508228672,101.63263702392578,499100,0.0,0.0
2025-07-22 00:00:00-04:00,102.01794285107492,104.60908370191487,102.01794285107492,104.07929992675781,756300,0.0,0.0
2025-07-23 00:00:00-04:00,103.76142701560937,106.10212787390964,103.76142701560937,105.30262756347656,598600,0.0,0.0
2025-07-24 00:00:00-04:00,104.94621951460387,107.05574207900122,104.71504127504726,105.57233428955078,637300,0.0,0.0
2025-07-25 00:00:00-04:00,105.7649988680731,105.9961771293156,104.22379086239145,104.72468566894531,474700,0.0,0.0
2025-07-28 00:00:00-04:00,106.43927097629589,109.09784668012747,106.25625087360812,108.86666107177734,673500,0.0,0.0
2025-07-29 00:00:00-04:00,108.84738844141019,110.21520341735074,107.71075170177788,109.93585968017578,603700,0.0,0.0
2025-07-30 00:00:00-04:00,109.36755040834566,109.47350863628795,106.7764021325239,107.7878189086914,605500,0.0,0.0
2025-07-31 00:00:00-04:00,105.82277583286394,108.41392387369116,105.33151567050496,106.27550506591797,621600,0.0,0.0
2025-08-01 00:00:00-04:00,105.88057777040156,106.11176336635856,101.6133743529293,101.96977996826172,656200,0.0,0.0
2025-08-04 00:00:00-04:00,101.06432000103474,101.96014396294522,99.41716123539751,101.49778747558594,833100,0.0,0.0
2025-08-05 00:00:00-04:00,101.41109784113688,102.94267126214511,100.75608664926988,102.52847290039062,752600,0.0,0.0
2025-08-06 00:00:00-04:00,103.04862337558032,104.76320944831359,100.05291135896472,100.98725891113281,755800,0.0,0.0
2025-08-07 00:00:00-04:00,100.65975839662673,102.81743919831095,95.59305462439036,95.87239837646484,1831300,0.0,0.0
2025-08-08 00:00:00-04:00,96.54667556956339,97.98191786762472,95.60268611540754,97.3461685180664,747100,0.0,0.0
2025-08-11 00:00:00-04:00,97.72183918879874,98.83921419852796,95.63158567983267,95.7568130493164,1118900,0.0,0.0
2025-08-12 00:00:00-04:00,96.35402187506898,98.43464811368683,95.84349988569254,96.373291015625,840200,0.0,0.0
2025-08-13 00:00:00-04:00,96.19027401132223,98.10714201280403,95.8435029604279,97.60625457763672,746500,0.0,0.0
2025-08-14 00:00:00-04:00,97.5773562305272,99.14745314918457,96.32512664453863,99.0318603515625,788300,0.0,0.0
2025-08-15 00:00:00-04:00,98.44427881017042,99.91805945572997,98.04934960311688,98.35758972167969,911200,0.0,0.0
2025-08-18 00:00:00-04:00,97.66404991325449,98.31906109922454,96.6044749401035,97.9722900390625,793500,0.0,0.0
2025-08-19 00:00:00-04:00,97.48102483530349,99.17634911520258,96.80675189109448,98.33831787109375,746000,0.0,0.0
2025-08-20 00:00:00-04:00,98.6080361063964,99.73503833939799,97.8085357808213,98.81031799316406,737100,0.0,0.0
2025-08-21 00:00:00-04:00,98.54689932606803,100.38105333208416,97.2103037425755,99.51275634765625,666700,1.3,0.0
2025-08-22 00:00:00-04:00,99.94202868653888,104.0591262363752,99.94202868653888,103.346923828125,660400,0.0,0.0
2025-08-25 00:00:00-04:00,103.11277627189565,104.56644088371782,102.17618654219694,104.42985534667969,770400,0.0,0.0
2025-08-26 00:00:00-04:00,103.26887100570946,104.50790652087325,102.86887263040828,103.40545654296875,778500,0.0,0.0
2025-08-27 00:00:00-04:00,103.27862991635001,106.6249904877534,102.93716607097285,105.66888427734375,690800,0.0,0.0
2025-08-28 00:00:00-04:00,105.64938367002438,107.3664687136908,104.9566976875085,107.16158294677734,485000,0.0,0.0
2025-08-29 00:00:00-04:00,106.74206652111214,108.16646387217004,106.07864786303757,107.21035766601562,526800,0.0,0.0
2025-09-02 00:00:00-04:00,106.93718844919904,108.93720269467433,106.09815873636728,108.92744445800781,566100,0.0,0.0
2025-09-03 00:00:00-04:00,106.72255268829609,108.30305208899036,104.21522176800963,104.3322982788086,744100,0.0,0.0
2025-09-04 00:00:00-04:00,103.77619733109528,105.51279129367612,103.18107143020809,104.859130859375,1516500,0.0,0.0
2025-09-05 00:00:00-04:00,103.15180092408293,104.58594905116136,100.12738777454608,100.89812469482422,1401900,0.0,0.0
2025-09-08 00:00:00-04:00,101.72740067628551,101.95179546290633,98.97616591942257,100.49813079833984,1024800,0.0,0.0
2025-09-09 00:00:00-04:00,100.97618105580956,103.2688754655074,100.10788405572549,100.21520233154297,798600,0.0,0.0
2025-09-10 00:00:00-04:00,100.4591008257424,104.02984867573264,99.92250947509672,103.9518051147461,926900,0.0,0.0
2025-09-11 00:00:00-04:00,102.52740376227777,103.005460597315,101.03471361033984,102.31277465820312,813800,0.0,0.0
2025-09-12 00:00:00-04:00,103.11278453322187,104.14693438032414,101.49325954522372,101.6200942993164,927400,0.0,0.0
2025-09-15 00:00:00-04:00,101.58106182840815,101.58106182840815,99.39567832384863,99.81519317626953,672100,0.0,0.0
2025-09-16 00:00:00-04:00,103.69814675601586,104.46888370370718,101.47374515678203,103.8249740600586,1674500,0.0,0.0
2025-09-17 00:00:00-04:00,103.02497071129253,104.47863537505067,102.28350102419918,102.78106689453125,1053700,0.0,0.0
2025-09-18 00:00:00-04:00,103.36642629057471,103.36642629057471,100.95666302631605,101.78593444824219,729100,0.0,0.0
2025-09-19 00:00:00-04:00,101.00544078146524,101.35666285003371,97.64932210107908,97.92250061035156,1768200,0.0,0.0
2025-09-22 00:00:00-04:00,97.49323073291477,98.05908935562908,96.97615584929268,97.815185546875,776500,0.0,0.0
2025-09-23 00:00:00-04:00,98.5956747222261,102.75179776879794,97.92250526162238,99.54202270507812,863300,0.0,0.0
2025-09-24 00:00:00-04:00,100.77130155065997,103.01521219271386,100.63471600911555,101.77618408203125,593000,0.0,0.0
2025-09-25 00:00:00-04:00,100.95667266845703,102.67375020576668,100.68349413704723,100.95667266845703,682200,0.0,0.0
2025-09-26 00:00:00-04:00,101.14202654139949,104.42985246268412,101.02495748051614,101.9810562133789,1187800,0.0,0.0
2025-09-29 00:00:00-04:00,100.96642194054402,100.96642194054402,98.22494542098367,98.7225112915039,897400,0.0,0.0
2025-09-30 00:00:00-04:00,97.56152672341814,97.9907998228744,95.75663996770567,96.94689178466797,1045900,0.0,0.0
2025-10-01 00:00:00-04:00,95.99078492905656,98.46884858506309,95.90298312838118,97.98104095458984,576500,0.0,0.0
2025-10-02 00:00:00-04:00,97.26883208714438,98.40054928758487,94.90784509866394,95.1419906616211,659100,0.0,0.0
2025-10-03 00:00:00-04:00,95.50297719893702,97.56152599285454,95.50297719893702,96.71273803710938,756900,0.0,0.0
2025-10-06 00:00:00-04:00,97.32737937862063,98.41031290108245,96.78102977739567,97.25908660888672,722100,0.0,0.0
2025-10-07 00:00:00-04:00,96.62493605371178,97.122501919473,95.44444248463417,96.97615814208984,612700,0.0,0.0
2025-10-08 00:00:00-04:00,97.07371788831209,97.07371788831209,95.19078014812123,95.97127532958984,782500,0.0,0.0
2025-10-09 00:00:00-04:00,96.49811017207305,97.8444565684639,93.51272237685728,93.62979888916016,708100,0.0,0.0
2025-10-10 00:00:00-04:00,92.90784302864421,93.60052895918464,88.20537784688449,88.3809814453125,842900,0.0,0.0
2025-10-13 00:00:00-04:00,89.53220899078048,90.42978068548224,88.40049916154896,90.3712387084961,644200,0.0,0.0
2025-10-14 00:00:00-04:00,88.38098150674801,89.84440437482768,87.66878654589394,88.6346435546875,530800,0.0,0.0
2025-10-15 00:00:00-04:00,89.32732807426764,90.08830676270843,87.66878516065842,87.92244720458984,695700,0.0,0.0
2025-10-16 00:00:00-04:00,88.33220988674638,88.53708820592125,86.01024815941066,86.95658874511719,904200,0.0,0.0
2025-10-17 00:00:00-04:00,87.22976465475219,87.73708131886241,85.48341243242909,87.55171203613281,778500,0.0,0.0
2025-10-20 00:00:00-04:00,88.24439145029164,89.16147211587915,87.10292345803052,87.51268005371094,444000,0.0,0.0
2025-10-21 00:00:00-04:00,87.57122297808486,87.98097957821591,86.45902223867013,86.9760971069336,446600,0.0,0.0
2025-10-22 00:00:00-04:00,87.46391170959554,88.04927939139385,86.15658335833717,86.99561309814453,570600,0.0,0.0
2025-10-23 00:00:00-04:00,90.19562579925157,91.61027236073218,89.93221295999854,91.20051574707031,770900,0.0,0.0
2025-10-24 00:00:00-04:00,91.56149512904415,91.59076239733531,90.08831393043776,90.22490692138672,515700,0.0,0.0
2025-10-27 00:00:00-04:00,90.80050986338833,91.86393434288912,90.41026227968754,90.94685363769531,600400,0.0,0.0
2025-10-28 00:00:00-04:00,89.8834266732474,90.89806738547692,88.15659102555556,88.2346420288086,782300,0.0,0.0
2025-10-29 00:00:00-04:00,88.2346490896823,90.26392323317828,88.07854707068434,88.76148223876953,544300,0.0,0.0
2025-10-30 00:00:00-04:00,88.33220825207157,89.33709079848458,87.90293514744702,88.02976989746094,516700,0.0,0.0
2025-10-31 00:00:00-04:00,88.29318357507098,89.2492898325066,87.57123034599957,88.50782012939453,719500,0.0,0.0
2025-11-03 00:00:00-05:00,88.58587282147946,88.98587122666326,87.07366611882489,88.70294189453125,600900,0.0,0.0
2025-11-04 00:00:00-05:00,87.07366357124124,88.03952061243021,86.1565828279454,86.76146697998047,951800,0.0,0.0
2025-11-05 00:00:00-05:00,85.64925941549842,86.74195112056375,82.77119010564577,82.91753387451172,1360000,0.0,0.0
2025-11-06 00:00:00-05:00,83.68827389959606,85.81511541553212,82.19558377684044,83.32730102539062,1036600,0.0,0.0
2025-11-07 00:00:00-05:00,83.41510544146043,85.42487051232882,82.35168837180017,85.2687759399414,1047300,0.0,0.0
2025-11-10 00:00:00-05:00,85.8151145719891,86.16633664957959,84.17608069101802,85.13218688964844,682400,0.0,0.0
2025-11-11 00:00:00-05:00,86.34195263201539,88.94684365383058,86.34195263201539,88.77123260498047,896500,0.0,0.0
2025-11-12 00:00:00-05:00,88.08830079118472,89.11269232575826,86.95658354153748,87.38585662841797,821700,0.0,0.0
2025-11-13 00:00:00-05:00,87.46390387025423,90.03952739399824,87.46390387025423,88.5273208618164,675200,0.0,0.0
2025-11-14 00:00:00-05:00,88.80049878513123,91.1614934003937,87.49317789342032,90.83953857421875,712700,0.0,0.0
2025-11-17 00:00:00-05:00,90.51758607412546,90.72246439331427,87.76635123403385,87.97122955322266,950100,0.0,0.0
2025-11-18 00:00:00-05:00,86.96634384179592,90.17611894633558,86.7517072932623,89.85416412353516,900000,0.0,0.0
2025-11-19 00:00:00-05:00,87.23176843432246,90.99218040252605,86.80624731806054,90.44791412353516,860500,1.3,0.0
2025-11-20 00:00:00-05:00,91.11093340301197,93.94114222245398,89.49791535483655,89.67604064941406,781400,0.0,0.0
2025-11-21 00:00:00-05:00,89.67604611471353,91.70468745723142,88.3005258588367,90.62604522705078,772400,0.0,0.0
2025-11-24 00:00:00-05:00,90.11145320171615,92.74374841301709,89.76510055547166,92.29843139648438,876300,0.0,0.0
2025-11-25 00:00:00-05:00,91.04166531386348,91.51666862877086,89.71562729086304,90.92291259765625,663700,0.0,0.0
2025-11-26 00:00:00-05:00,90.98228877700318,92.1005151604886,90.65572448406559,91.30884552001953,433900,0.0,0.0
2025-11-28 00:00:00-05:00,91.18020913363671,93.30781484305568,91.18020913363671,92.88229370117188,313900,0.0,0.0
2025-12-01 00:00:00-05:00,93.00104656367647,94.43593940134214,92.70416853867994,93.85208129882812,707300,0.0,0.0
2025-12-02 00:00:00-05:00,93.25833016791046,93.50572599845452,91.14062246244704,91.63541412353516,563100,0.0,0.0
2025-12-03 00:00:00-05:00,92.03124637659477,94.97030996886699,92.03124637659477,94.87135314941406,648500,0.0,0.0
2025-12-04 00:00:00-05:00,94.96041639165882,95.7125018439676,94.72291850405878,95.68281555175781,518400,0.0,0.0
2025-12-05 00:00:00-05:00,95.44530798860295,98.849477018051,95.34635116680025,96.6328125,619000,0.0,0.0
2025-12-08 00:00:00-05:00,95.65312578117363,97.11770484302387,94.50520552466048,96.26666259765625,475300,0.0,0.0
2025-12-09 00:00:00-05:00,96.1083310363013,97.59270595884551,95.75208045089697,97.47395324707031,692400,0.0,0.0
2025-12-10 00:00:00-05:00,97.62239260733188,100.07655492698285,96.41509979124751,99.9281234741211,685900,0.0,0.0
2025-12-11 00:00:00-05:00,98.48332825235995,99.34426845495453,97.28593334640387,97.88957977294922,640000,0.0,0.0
2025-12-12 00:00:00-05:00,98.79999523507642,98.95833219054366,96.30624858584022,96.34583282470703,471900,0.0,0.0
2025-12-15 00:00:00-05:00,96.29634939563974,96.29634939563974,92.74374893981891,94.23802185058594,481200,0.0,0.0
2025-12-16 00:00:00-05:00,93.38698147610519,93.7828087677696,89.57707961950142,90.83385467529297,725000,0.0,0.0
2025-12-17 00:00:00-05:00,91.7244815826416,93.10989220937094,90.645831823349,92.7734375,607000,0.0,0.0
2025-12-18 00:00:00-05:00,92.36770010345244,92.49635076232046,89.14166403359577,89.25051879882812,763400,0.0,0.0
2025-12-19 00:00:00-05:00,89.62655804662178,90.90312139348369,88.7755158153805,89.22083282470703,1085700,0.0,0.0
2025-12-22 00:00:00-05:00,90.1807231791857,91.83333302387734,89.74531166225165,89.87395477294922,610900,0.0,0.0
2025-12-23 00:00:00-05:00,90.0520830146715,90.69531368904634,89.19114279974626,89.8343734741211,361600,0.0,0.0
2025-12-24 00:00:00-05:00,89.45833073391265,90.19062025296242,88.77551584930386,89.96302032470703,202400,0.0,0.0
2025-12-26 00:00:00-05:00,89.6265592401988,89.70572771623401,88.22135276522049,89.10208129882812,329600,0.0,0.0
2025-12-29 00:00:00-05:00,89.6958272847567,90.72499479494297,89.45832941315102,90.33905792236328,624900,0.0,0.0
2025-12-30 00:00:00-05:00,91.04166564846054,92.56562487074058,91.00208140957932,92.37760162353516,627500,0.0,0.0
2025-12-31 00:00:00-05:00,92.13020219403342,92.37759801493571,90.73489369010349,91.73436737060547,552300,0.0,0.0
2026-01-02 00:00:00-05:00,91.61562502464764,94.04999907116472,90.64583005493522,93.6937484741211,839600,0.0,0.0
2026-01-05 00:00:00-05:00,95.01978960769085,95.41562445626991,86.6380250048825,89.6859359741211,1247700,0.0,0.0
2026-01-06 00:00:00-05:00,89.63645934395066,90.82395631336558,88.25104117968552,88.89427185058594,958300,0.0,0.0
2026-01-07 00:00:00-05:00,88.89426700179921,89.0427060023598,86.4400971689717,87.62760162353516,710700,0.0,0.0
2026-01-08 00:00:00-05:00,87.6177040900996,94.09947001255158,87.6177040900996,93.30780792236328,725400,0.0,0.0
2026-01-09 00:00:00-05:00,92.3380196247196,93.67396318212501,90.97239732483528,91.1703109741211,538900,0.0,0.0
2026-01-12 00:00:00-05:00,91.18020257935859,91.41770045196633,89.13176549705396,90.05207824707031,1016100,0.0,0.0
2026-01-13 00:00:00-05:00,90.19062004342824,93.14947195332334,90.19062004342824,92.21926879882812,738000,0.0,0.0
2026-01-14 00:00:00-05:00,92.40728635744756,95.24739316244491,92.40728635744756,93.52552032470703,1004000,0.0,0.0
2026-01-15 00:00:00-05:00,91.40781330170256,92.47655754135698,90.40833204201091,90.98229217529297,1195300,0.0,0.0
2026-01-16 00:00:00-05:00,91.45728428435295,91.80363691994019,90.3192620103481,91.33853912353516,814900,0.0,0.0
2026-01-20 00:00:00-05:00,91.90260254875051,92.61509617320145,89.77499697247816,90.96249389648438,892400,0.0,0.0
2026-01-21 00:00:00-05:00,92.92187478491299,95.58384876821404,92.92187478491299,94.17864227294922,490700,0.0,0.0
2026-01-22 00:00:00-05:00,93.32760072342649,94.48541894862275,91.86302163417004,93.86197662353516,690700,0.0,0.0
2026-01-23 00:00:00-05:00,94.75259875006668,96.48436948440211,93.86197229099565,94.5348892211914,641900,0.0,0.0
2026-01-26 00:00:00-05:00,96.01927059015676,96.41510543745183,93.82239436009488,94.91094207763672,606800,0.0,0.0
2026-01-27 00:00:00-05:00,94.75259881112494,97.21665905787494,94.75259881112494,97.01874542236328,520300,0.0,0.0
2026-01-28 00:00:00-05:00,98.07760573356443,98.43385634105574,96.05885480775417,97.13750457763672,612000,0.0,0.0
2026-01-29 00:00:00-05:00,99.92812346901077,102.35259949796541,98.03801577017374,98.18645477294922,915500,0.0,0.0
2026-01-30 00:00:00-05:00,97.99843637052608,99.8489599233138,97.08802151511121,99.19583129882812,1149100,0.0,0.0
2026-02-02 00:00:00-05:00,95.3859357859199,97.06822441303969,93.83229027266451,95.60364532470703,680500,0.0,0.0
2026-02-03 00:00:00-05:00,95.43541735182673,97.66197981144585,94.38645390357064,96.40520477294922,854900,0.0,0.0
2026-02-04 00:00:00-05:00,97.22655856308823,100.81874319966117,97.22655856308823,100.09635162353516,897700,0.0,0.0
2026-02-05 00:00:00-05:00,98.32499579252428,98.68124637908511,95.90051976446642,97.44426727294922,585000,0.0,0.0
2026-02-06 00:00:00-05:00,97.45417105356394,102.27343710761,97.45417105356394,101.81822967529297,841000,0.0,0.0
2026-02-09 00:00:00-05:00,101.22448166133798,102.36250402251648,99.90833399536699,101.27395629882812,630900,0.0,0.0
2026-02-10 00:00:00-05:00,101.27395025523504,101.27395025523504,98.54270581130167,99.38385009765625,625900,0.0,0.0
2026-02-11 00:00:00-05:00,101.6599000958803,103.10469086992391,100.93750093389762,103.07500457763672,559400,0.0,0.0
2026-02-12 00:00:00-05:00,102.47135520045319,102.95624891040985,96.93958054838188,98.40416717529297,548800,0.0,0.0
2026-02-13 00:00:00-05:00,98.1270817818844,101.31353360522392,98.1270817818844,100.95728302001953,483900,0.0,0.0
2026-02-17 00:00:00-05:00,101.14531232926323,102.06562513795011,96.38541887730382,98.39427185058594,564300,0.0,0.0
2026-02-18 00:00:00-05:00,100.02708396536204,101.17499669252828,99.00781435203982,101.0562515258789,680800,0.0,0.0
2026-02-19 00:00:00-05:00,102.80780694167312,104.61874616638472,102.4614543016816,103.89634704589844,757100,0.0,0.0
2026-02-20 00:00:00-05:00,103.67864116814978,104.8562477355348,102.02603883487475,104.28228759765625,2310100,0.0,0.0
2026-02-23 00:00:00-05:00,104.37135027775943,106.33072095411893,102.11510159592908,104.15364074707031,934100,0.0,0.0
2026-02-24 00:00:00-05:00,104.00520507194653,104.9750000442478,102.65937115728272,103.82707977294922,838300,0.0,0.0
2026-02-25 00:00:00-05:00,104.88593587338906,104.88593587338906,100.48229303956225,102.61978912353516,922300,0.0,0.0
2026-02-26 00:00:00-05:00,102.61978731719806,106.02395635573663,101.60051770505743,104.28228759765625,1486700,0.0,0.0
2026-02-27 00:00:00-05:00,105.88541800062558,107.76562786763039,104.48021146157046,107.24114990234375,1063600,0.0,0.0
2026-03-02 00:00:00-05:00,112.19895235524912,112.59478718706521,108.6364539687473,112.13957977294922,1731600,0.0,0.0
2026-03-03 00:00:00-05:00,113.35677028770532,115.0489568284876,110.27916561384988,111.16978454589844,1251100,0.0,0.0
2026-03-04 00:00:00-05:00,109.24010356267294,113.93072644869487,108.86406461397807,112.8125,1128400,0.0,0.0
2026-03-05 00:00:00-05:00,113.80208049858595,119.78906253608885,113.76249626024804,118.04739379882812,1740000,0.0,0.0
2026-03-06 00:00:00-05:00,120.04635063853011,121.18437297130465,117.81978815915797,120.09583282470703,1944900,0.0,0.0
2026-03-09 00:00:00-04:00,121.82760000654562,126.23124264770416,120.55103665047552,121.93645477294922,2650500,0.0,0.0
2026-03-10 00:00:00-04:00,120.1354152586623,122.02551545346076,115.76145884354992,117.79010009765625,1681000,0.0,0.0
2026-03-11 00:00:00-04:00,117.6911432574066,123.61874516514644,117.6911432574066,123.5,1275400,0.0,0.0
2026-03-12 00:00:00-04:00,125.77999877929688,126.7300033569336,122.68000030517578,122.9800033569336,1794500,1.3,0.0
2026-03-13 00:00:00-04:00,121.66999816894531,123.93000030517578,120.47000122070312,123.44999694824219,986300,0.0,0.0
2026-03-16 00:00:00-04:00,123.70999908447266,126.7300033569336,120.77999877929688,126.37000274658203,1371200,0.0,0.0
2026-03-17 00:00:00-04:00,127.55000305175781,130.1699981689453,126.97000122070312,127.06999969482422,929300,0.0,0.0
2026-03-18 00:00:00-04:00,127.06999969482422,131.13999938964844,127.06999969482422,130.5800018310547,1399300,0.0,0.0
2026-03-19 00:00:00-04:00,131.94000244140625,133.2899932861328,129.86000061035156,130.47999572753906,1097800,0.0,0.0
2026-03-20 00:00:00-04:00,130.05999755859375,132.2100067138672,129.39999389648438,131.91000366210938,2844000,0.0,0.0
2026-03-23 00:00:00-04:00,127.41000366210938,132.3000030517578,126.66999816894531,130.75,1033500,0.0,0.0
2026-03-24 00:00:00-04:00,132.8699951171875,138.8800048828125,131.5800018310547,136.99000549316406,1009100,0.0,0.0
2026-03-25 00:00:00-04:00,134.9600067138672,138.38999938964844,134.38999938964844,138.25999450683594,827600,0.0,0.0
2026-03-26 00:00:00-04:00,139.99000549316406,144.4199981689453,139.97000122070312,143.9499969482422,1052700,0.0,0.0
2026-03-27 00:00:00-04:00,145.3800048828125,146.92999267578125,143.9499969482422,145.35000610351562,1069500,0.0,0.0
2026-03-30 00:00:00-04:00,147.10000610351562,148.0399932861328,145.1999969482422,146.24000549316406,880000,0.0,0.0
2026-03-31 00:00:00-04:00,145.6699981689453,148.4199981689453,139.60000610351562,142.17999267578125,1298600,0.0,0.0
2026-04-01 00:00:00-04:00,137.64999389648438,141.0,134.67999267578125,136.9600067138672,1121500,0.0,0.0
2026-04-02 00:00:00-04:00,143.1999969482422,145.25999450683594,139.77999877929688,142.0,805900,0.0,0.0
2026-04-06 00:00:00-04:00,141.94000244140625,143.99000549316406,141.02000427246094,142.19000244140625,570400,0.0,0.0
2026-04-07 00:00:00-04:00,143.52999877929688,146.25,142.60000610351562,145.3800048828125,828300,0.0,0.0
2026-04-08 00:00:00-04:00,131.02999877929688,135.1999969482422,129.8300018310547,134.92999267578125,2946122,0.0,0.0
