Date,Open,High,Low,Close,Volume,Dividends,Stock Splits
2022-01-03 00:00:00-05:00,57.0,59.625,56.400001525878906,58.650001525878906,89220,0.0,0.0
2022-01-04 00:00:00-05:00,58.79999923706055,63.599998474121094,58.5,61.650001525878906,258920,0.0,0.0
2022-01-05 00:00:00-05:00,55.95000076293945,56.70000076293945,48.0,48.900001525878906,876813,0.0,0.0
2022-01-06 00:00:00-05:00,50.099998474121094,50.099998474121094,42.75,42.900001525878906,390247,0.0,0.0
2022-01-07 00:00:00-05:00,41.54999923706055,45.67499923706055,38.775001525878906,44.70000076293945,480020,0.0,0.0
2022-01-10 00:00:00-05:00,44.099998474121094,46.20000076293945,42.45000076293945,45.599998474121094,234813,0.0,0.0
2022-01-11 00:00:00-05:00,45.0,48.29999923706055,45.0,47.400001525878906,176160,0.0,0.0
2022-01-12 00:00:00-05:00,48.45000076293945,48.45000076293945,44.849998474121094,45.75,126327,0.0,0.0
2022-01-13 00:00:00-05:00,45.75,46.04999923706055,43.349998474121094,43.79999923706055,100333,0.0,0.0
2022-01-14 00:00:00-05:00,43.79999923706055,45.0,41.92499923706055,44.099998474121094,110560,0.0,0.0
2022-01-18 00:00:00-05:00,44.099998474121094,44.099998474121094,40.650001525878906,40.650001525878906,88793,0.0,0.0
2022-01-19 00:00:00-05:00,40.5,41.400001525878906,39.29999923706055,39.29999923706055,97273,0.0,0.0
2022-01-20 00:00:00-05:00,39.900001525878906,42.82500076293945,39.75,39.900001525878906,99100,0.0,0.0
2022-01-21 00:00:00-05:00,39.0,39.75,36.29999923706055,37.349998474121094,190860,0.0,0.0
2022-01-24 00:00:00-05:00,36.29999923706055,38.849998474121094,33.45000076293945,38.849998474121094,238067,0.0,0.0
2022-01-25 00:00:00-05:00,37.650001525878906,39.599998474121094,36.1349983215332,38.400001525878906,92193,0.0,0.0
2022-01-26 00:00:00-05:00,39.29999923706055,39.599998474121094,35.70000076293945,36.900001525878906,220120,0.0,0.0
2022-01-27 00:00:00-05:00,37.20000076293945,38.099998474121094,34.04999923706055,34.349998474121094,175880,0.0,0.0
2022-01-28 00:00:00-05:00,36.974998474121094,39.599998474121094,35.099998474121094,39.150001525878906,380513,0.0,0.0
2022-01-31 00:00:00-05:00,38.54999923706055,41.54999923706055,36.93000030517578,41.400001525878906,218980,0.0,0.0
2022-02-01 00:00:00-05:00,41.70000076293945,43.79999923706055,37.20000076293945,42.150001525878906,207373,0.0,0.0
2022-02-02 00:00:00-05:00,41.849998474121094,42.0,37.349998474121094,41.54999923706055,334913,0.0,0.0
2022-02-03 00:00:00-05:00,39.900001525878906,40.349998474121094,35.25,35.54999923706055,246173,0.0,0.0
2022-02-04 00:00:00-05:00,35.70000076293945,38.099998474121094,34.349998474121094,36.29999923706055,148140,0.0,0.0
2022-02-07 00:00:00-05:00,36.29999923706055,36.599998474121094,33.45000076293945,34.349998474121094,333860,0.0,0.0
2022-02-08 00:00:00-05:00,29.850000381469727,30.600000381469727,25.350000381469727,29.25,747360,0.0,0.0
2022-02-09 00:00:00-05:00,29.399999618530273,31.5,28.049999237060547,29.700000762939453,246453,0.0,0.0
2022-02-10 00:00:00-05:00,28.799999237060547,32.70000076293945,27.600000381469727,29.850000381469727,391107,0.0,0.0
2022-02-11 00:00:00-05:00,29.25,31.350000381469727,27.600000381469727,28.200000762939453,257380,0.0,0.0
2022-02-14 00:00:00-05:00,27.899999618530273,28.799999237060547,26.700000762939453,27.149999618530273,250840,0.0,0.0
2022-02-15 00:00:00-05:00,27.600000381469727,28.649999618530273,26.850000381469727,27.899999618530273,292160,0.0,0.0
2022-02-16 00:00:00-05:00,27.899999618530273,31.350000381469727,27.149999618530273,30.149999618530273,215453,0.0,0.0
2022-02-17 00:00:00-05:00,30.600000381469727,30.600000381469727,28.200000762939453,28.649999618530273,153693,0.0,0.0
2022-02-18 00:00:00-05:00,28.649999618530273,34.04999923706055,27.75,32.70000076293945,287627,0.0,0.0
2022-02-22 00:00:00-05:00,31.049999237060547,31.950000762939453,29.100000381469727,29.399999618530273,164587,0.0,0.0
2022-02-23 00:00:00-05:00,29.850000381469727,30.600000381469727,27.149999618530273,27.299999237060547,77887,0.0,0.0
2022-02-24 00:00:00-05:00,25.5,31.350000381469727,25.350000381469727,31.200000762939453,158367,0.0,0.0
2022-02-25 00:00:00-05:00,31.049999237060547,33.29999923706055,30.0,33.150001525878906,185567,0.0,0.0
2022-02-28 00:00:00-05:00,32.54999923706055,33.900001525878906,31.799999237060547,33.45000076293945,123460,0.0,0.0
2022-03-01 00:00:00-05:00,32.849998474121094,32.849998474121094,28.709999084472656,29.850000381469727,279960,0.0,0.0
2022-03-02 00:00:00-05:00,21.8700008392334,23.024999618530273,18.149999618530273,19.950000762939453,1204367,0.0,0.0
2022-03-03 00:00:00-05:00,19.799999237060547,20.25,16.649999618530273,16.950000762939453,577560,0.0,0.0
2022-03-04 00:00:00-05:00,16.950000762939453,17.850000381469727,16.200000762939453,17.549999237060547,273193,0.0,0.0
2022-03-07 00:00:00-05:00,17.100000381469727,17.549999237060547,15.75,17.100000381469727,226513,0.0,0.0
2022-03-08 00:00:00-05:00,17.25,19.350000381469727,17.100000381469727,18.450000762939453,185053,0.0,0.0
2022-03-09 00:00:00-05:00,18.450000762939453,21.450000762939453,17.549999237060547,17.850000381469727,324853,0.0,0.0
2022-03-10 00:00:00-05:00,17.850000381469727,18.0,16.5,17.25,159027,0.0,0.0
2022-03-11 00:00:00-05:00,17.700000762939453,17.850000381469727,16.200000762939453,16.350000381469727,170820,0.0,0.0
2022-03-14 00:00:00-04:00,16.799999237060547,16.950000762939453,14.71500015258789,16.125,206767,0.0,0.0
2022-03-15 00:00:00-04:00,16.049999237060547,18.299999237060547,16.049999237060547,18.0,332533,0.0,0.0
2022-03-16 00:00:00-04:00,17.100000381469727,20.399999618530273,16.5,19.950000762939453,542633,0.0,0.0
2022-03-17 00:00:00-04:00,19.950000762939453,21.149999618530273,19.049999237060547,20.549999237060547,372433,0.0,0.0
2022-03-18 00:00:00-04:00,20.25,22.200000762939453,19.5,22.200000762939453,327900,0.0,0.0
2022-03-21 00:00:00-04:00,22.200000762939453,25.5,21.600000381469727,23.25,199380,0.0,0.0
2022-03-22 00:00:00-04:00,24.0,25.049999237060547,23.399999618530273,23.399999618530273,139220,0.0,0.0
2022-03-23 00:00:00-04:00,23.399999618530273,23.850000381469727,21.899999618530273,22.200000762939453,117740,0.0,0.0
2022-03-24 00:00:00-04:00,22.5,22.799999237060547,19.200000762939453,19.799999237060547,309720,0.0,0.0
2022-03-25 00:00:00-04:00,19.950000762939453,20.700000762939453,19.049999237060547,20.25,248113,0.0,0.0
2022-03-28 00:00:00-04:00,19.950000762939453,20.25,19.200000762939453,19.350000381469727,157127,0.0,0.0
2022-03-29 00:00:00-04:00,19.950000762939453,20.700000762939453,19.350000381469727,19.649999618530273,187427,0.0,0.0
2022-03-30 00:00:00-04:00,19.5,19.649999618530273,17.850000381469727,18.149999618530273,139900,0.0,0.0
2022-03-31 00:00:00-04:00,18.299999237060547,18.600000381469727,17.25,17.700000762939453,194640,0.0,0.0
2022-04-01 00:00:00-04:00,17.549999237060547,19.200000762939453,17.100000381469727,18.600000381469727,220227,0.0,0.0
2022-04-04 00:00:00-04:00,18.0,19.649999618530273,17.25,19.350000381469727,415400,0.0,0.0
2022-04-05 00:00:00-04:00,19.5,19.5,17.549999237060547,18.149999618530273,817747,0.0,0.0
2022-04-06 00:00:00-04:00,18.0,18.0,16.799999237060547,17.25,240713,0.0,0.0
2022-04-07 00:00:00-04:00,17.25,17.399999618530273,15.899999618530273,16.950000762939453,181127,0.0,0.0
2022-04-08 00:00:00-04:00,16.5,16.815000534057617,16.049999237060547,16.049999237060547,96660,0.0,0.0
2022-04-11 00:00:00-04:00,15.75,16.350000381469727,15.600000381469727,15.75,106887,0.0,0.0
2022-04-12 00:00:00-04:00,15.75,16.350000381469727,14.744999885559082,14.970000267028809,178727,0.0,0.0
2022-04-13 00:00:00-04:00,14.984999656677246,15.449999809265137,14.925000190734863,14.925000190734863,254733,0.0,0.0
2022-04-14 00:00:00-04:00,14.850000381469727,15.300000190734863,14.039999961853027,14.550000190734863,227360,0.0,0.0
2022-04-18 00:00:00-04:00,14.550000190734863,14.550000190734863,12.899999618530273,13.109999656677246,222393,0.0,0.0
2022-04-19 00:00:00-04:00,12.854999542236328,13.680000305175781,12.779999732971191,13.229999542236328,273440,0.0,0.0
2022-04-20 00:00:00-04:00,13.229999542236328,13.305000305175781,12.149999618530273,12.569999694824219,193340,0.0,0.0
2022-04-21 00:00:00-04:00,12.375,12.899999618530273,10.694999694824219,10.875,247087,0.0,0.0
2022-04-22 00:00:00-04:00,10.649999618530273,11.5649995803833,10.649999618530273,11.430000305175781,187247,0.0,0.0
2022-04-25 00:00:00-04:00,11.354999542236328,11.699999809265137,10.649999618530273,11.505000114440918,99133,0.0,0.0
2022-04-26 00:00:00-04:00,11.039999961853027,11.550000190734863,10.5,11.100000381469727,160420,0.0,0.0
2022-04-27 00:00:00-04:00,11.145000457763672,11.369999885559082,10.350000381469727,11.039999961853027,177187,0.0,0.0
2022-04-28 00:00:00-04:00,10.904999732971191,12.255000114440918,10.59000015258789,12.255000114440918,249240,0.0,0.0
2022-04-29 00:00:00-04:00,12.0,12.539999961853027,10.979999542236328,11.204999923706055,193247,0.0,0.0
2022-05-02 00:00:00-04:00,11.265000343322754,12.899999618530273,10.800000190734863,12.119999885559082,262040,0.0,0.0
2022-05-03 00:00:00-04:00,12.0,13.800000190734863,11.729999542236328,11.819999694824219,174660,0.0,0.0
2022-05-04 00:00:00-04:00,11.699999809265137,12.149999618530273,11.265000343322754,11.729999542236328,140867,0.0,0.0
2022-05-05 00:00:00-04:00,11.505000114440918,12.119999885559082,11.430000305175781,12.015000343322754,166940,0.0,0.0
2022-05-06 00:00:00-04:00,12.0,12.180000305175781,10.604999542236328,10.710000038146973,126087,0.0,0.0
2022-05-09 00:00:00-04:00,10.78499984741211,10.829999923706055,9.75,10.199999809265137,116067,0.0,0.0
2022-05-10 00:00:00-04:00,10.350000381469727,10.800000190734863,9.449999809265137,10.59000015258789,186587,0.0,0.0
2022-05-11 00:00:00-04:00,11.25,12.135000228881836,10.96500015258789,11.324999809265137,156520,0.0,0.0
2022-05-12 00:00:00-04:00,10.649999618530273,11.25,9.899999618530273,10.380000114440918,152900,0.0,0.0
2022-05-13 00:00:00-04:00,10.800000190734863,11.550000190734863,10.574999809265137,10.694999694824219,119047,0.0,0.0
2022-05-16 00:00:00-04:00,10.949999809265137,11.295000076293945,9.824999809265137,9.869999885559082,84140,0.0,0.0
2022-05-17 00:00:00-04:00,10.079999923706055,10.350000381469727,9.600000381469727,10.305000305175781,131927,0.0,0.0
2022-05-18 00:00:00-04:00,9.989999771118164,10.305000305175781,9.3149995803833,9.449999809265137,81760,0.0,0.0
2022-05-19 00:00:00-04:00,9.555000305175781,9.75,8.850000381469727,9.630000114440918,206540,0.0,0.0
2022-05-20 00:00:00-04:00,9.600000381469727,10.03499984741211,8.699999809265137,9.449999809265137,140013,0.0,0.0
2022-05-23 00:00:00-04:00,9.404999732971191,10.319999694824219,9.0,10.199999809265137,138380,0.0,0.0
2022-05-24 00:00:00-04:00,9.614999771118164,10.199999809265137,9.225000381469727,9.824999809265137,141660,0.0,0.0
2022-05-25 00:00:00-04:00,9.75,10.664999961853027,9.300000190734863,10.140000343322754,75700,0.0,0.0
2022-05-26 00:00:00-04:00,9.899999618530273,11.984999656677246,9.524999618530273,11.609999656677246,220233,0.0,0.0
2022-05-27 00:00:00-04:00,11.670000076293945,14.399999618530273,11.399999618530273,13.470000267028809,229667,0.0,0.0
2022-05-31 00:00:00-04:00,13.5,13.649999618530273,12.0,12.0,133400,0.0,0.0
2022-06-01 00:00:00-04:00,12.390000343322754,12.585000038146973,11.699999809265137,11.71500015258789,113000,0.0,0.0
2022-06-02 00:00:00-04:00,11.699999809265137,12.270000457763672,10.515000343322754,12.135000228881836,189507,0.0,0.0
2022-06-03 00:00:00-04:00,11.925000190734863,12.029999732971191,10.78499984741211,10.78499984741211,61220,0.0,0.0
2022-06-06 00:00:00-04:00,11.475000381469727,12.119999885559082,10.949999809265137,11.850000381469727,105287,0.0,0.0
2022-06-07 00:00:00-04:00,11.774999618530273,12.600000381469727,11.550000190734863,12.28499984741211,69673,0.0,0.0
2022-06-08 00:00:00-04:00,12.449999809265137,12.600000381469727,11.175000190734863,11.984999656677246,98453,0.0,0.0
2022-06-09 00:00:00-04:00,11.970000267028809,11.984999656677246,10.845000267028809,10.859999656677246,45900,0.0,0.0
2022-06-10 00:00:00-04:00,10.904999732971191,11.039999961853027,10.274999618530273,10.800000190734863,55567,0.0,0.0
2022-06-13 00:00:00-04:00,10.199999809265137,10.649999618530273,8.850000381469727,8.9399995803833,89507,0.0,0.0
2022-06-14 00:00:00-04:00,9.225000381469727,9.600000381469727,8.71500015258789,9.600000381469727,91107,0.0,0.0
2022-06-15 00:00:00-04:00,9.720000267028809,9.899999618530273,9.045000076293945,9.300000190734863,85387,0.0,0.0
2022-06-16 00:00:00-04:00,9.300000190734863,9.3149995803833,8.414999961853027,8.460000038146973,124427,0.0,0.0
2022-06-17 00:00:00-04:00,9.0,9.300000190734863,8.550000190734863,8.640000343322754,95667,0.0,0.0
2022-06-21 00:00:00-04:00,9.300000190734863,9.300000190734863,8.550000190734863,8.835000038146973,73627,0.0,0.0
2022-06-22 00:00:00-04:00,8.670000076293945,9.0,8.460000038146973,8.760000228881836,108820,0.0,0.0
2022-06-23 00:00:00-04:00,8.71500015258789,9.149999618530273,8.595000267028809,9.09000015258789,51033,0.0,0.0
2022-06-24 00:00:00-04:00,9.0,10.739999771118164,8.819999694824219,8.819999694824219,397940,0.0,0.0
2022-06-27 00:00:00-04:00,9.029999732971191,9.420000076293945,9.0,9.074999809265137,63160,0.0,0.0
2022-06-28 00:00:00-04:00,9.300000190734863,9.675000190734863,8.654999732971191,8.954999923706055,76393,0.0,0.0
2022-06-29 00:00:00-04:00,8.850000381469727,8.850000381469727,8.1899995803833,8.505000114440918,92100,0.0,0.0
2022-06-30 00:00:00-04:00,8.550000190734863,9.119999885559082,7.980000019073486,8.970000267028809,83560,0.0,0.0
2022-07-01 00:00:00-04:00,9.329999923706055,10.0649995803833,9.0,9.149999618530273,130467,0.0,0.0
2022-07-05 00:00:00-04:00,9.0,9.585000038146973,8.414999961853027,8.550000190734863,138873,0.0,0.0
2022-07-06 00:00:00-04:00,8.399999618530273,8.640000343322754,7.949999809265137,8.15999984741211,160040,0.0,0.0
2022-07-07 00:00:00-04:00,8.399999618530273,9.239999771118164,8.25,8.895000457763672,105993,0.0,0.0
2022-07-08 00:00:00-04:00,8.699999809265137,9.149999618530273,8.550000190734863,8.670000076293945,68613,0.0,0.0
2022-07-11 00:00:00-04:00,8.550000190734863,8.850000381469727,8.25,8.265000343322754,61060,0.0,0.0
2022-07-12 00:00:00-04:00,8.1899995803833,8.520000457763672,8.130000114440918,8.369999885559082,31193,0.0,0.0
2022-07-13 00:00:00-04:00,8.100000381469727,8.1899995803833,7.84499979019165,7.994999885559082,69333,0.0,0.0
2022-07-14 00:00:00-04:00,7.724999904632568,8.25,7.724999904632568,8.024999618530273,62667,0.0,0.0
2022-07-15 00:00:00-04:00,7.949999809265137,8.354999542236328,7.739999771118164,7.739999771118164,90400,0.0,0.0
2022-07-18 00:00:00-04:00,7.90500020980835,8.25,7.664999961853027,7.769999980926514,56467,0.0,0.0
2022-07-19 00:00:00-04:00,7.664999961853027,8.385000228881836,7.664999961853027,8.25,62033,0.0,0.0
2022-07-20 00:00:00-04:00,8.324999809265137,8.984999656677246,8.25,8.414999961853027,79087,0.0,0.0
2022-07-21 00:00:00-04:00,8.399999618530273,8.550000190734863,8.25,8.34000015258789,22147,0.0,0.0
2022-07-22 00:00:00-04:00,8.625,8.670000076293945,7.949999809265137,8.069999694824219,155133,0.0,0.0
2022-07-25 00:00:00-04:00,7.84499979019165,8.220000267028809,7.815000057220459,8.085000038146973,53980,0.0,0.0
2022-07-26 00:00:00-04:00,8.085000038146973,8.085000038146973,7.650000095367432,7.724999904632568,70207,0.0,0.0
2022-07-27 00:00:00-04:00,7.800000190734863,8.100000381469727,7.724999904632568,8.085000038146973,43687,0.0,0.0
2022-07-28 00:00:00-04:00,7.829999923706055,8.385000228881836,7.664999961853027,8.369999885559082,46960,0.0,0.0
2022-07-29 00:00:00-04:00,8.234999656677246,8.625,7.994999885559082,8.25,30380,0.0,0.0
2022-08-01 00:00:00-04:00,8.130000114440918,9.149999618530273,7.965000152587891,8.444999694824219,87547,0.0,0.0
2022-08-02 00:00:00-04:00,8.25,8.835000038146973,7.980000019073486,8.15999984741211,86087,0.0,0.0
2022-08-03 00:00:00-04:00,8.265000343322754,8.550000190734863,7.920000076293945,7.949999809265137,89520,0.0,0.0
2022-08-04 00:00:00-04:00,8.085000038146973,8.220000267028809,7.800000190734863,7.949999809265137,81487,0.0,0.0
2022-08-05 00:00:00-04:00,8.100000381469727,8.100000381469727,7.724999904632568,7.949999809265137,61673,0.0,0.0
2022-08-08 00:00:00-04:00,8.100000381469727,9.600000381469727,7.965000152587891,9.300000190734863,117787,0.0,0.0
2022-08-09 00:00:00-04:00,9.600000381469727,9.600000381469727,8.550000190734863,8.774999618530273,60413,0.0,0.0
2022-08-10 00:00:00-04:00,9.0,9.449999809265137,8.850000381469727,9.420000076293945,38327,0.0,0.0
2022-08-11 00:00:00-04:00,9.449999809265137,9.75,8.864999771118164,9.510000228881836,77047,0.0,0.0
2022-08-12 00:00:00-04:00,9.614999771118164,16.350000381469727,9.449999809265137,13.484999656677246,981767,0.0,0.0
2022-08-15 00:00:00-04:00,12.795000076293945,13.800000190734863,11.729999542236328,13.260000228881836,163047,0.0,0.0
2022-08-16 00:00:00-04:00,11.5649995803833,12.0,8.399999618530273,9.239999771118164,461007,0.0,0.0
2022-08-17 00:00:00-04:00,9.300000190734863,9.449999809265137,8.550000190734863,8.550000190734863,132767,0.0,0.0
2022-08-18 00:00:00-04:00,8.399999618530273,8.609999656677246,7.559999942779541,7.739999771118164,164220,0.0,0.0
2022-08-19 00:00:00-04:00,7.800000190734863,7.875,7.545000076293945,7.650000095367432,85200,0.0,0.0
2022-08-22 00:00:00-04:00,7.650000095367432,7.800000190734863,7.050000190734863,7.170000076293945,173233,0.0,0.0
2022-08-23 00:00:00-04:00,7.050000190734863,7.335000038146973,6.900000095367432,7.304999828338623,57907,0.0,0.0
2022-08-24 00:00:00-04:00,7.380000114440918,7.605000019073486,7.199999809265137,7.46999979019165,80567,0.0,0.0
2022-08-25 00:00:00-04:00,7.650000095367432,7.650000095367432,7.349999904632568,7.605000019073486,55493,0.0,0.0
2022-08-26 00:00:00-04:00,7.349999904632568,7.5,6.929999828338623,7.139999866485596,74607,0.0,0.0
2022-08-29 00:00:00-04:00,7.335000038146973,7.349999904632568,6.974999904632568,7.170000076293945,68693,0.0,0.0
2022-08-30 00:00:00-04:00,7.09499979019165,7.170000076293945,6.900000095367432,6.960000038146973,44167,0.0,0.0
2022-08-31 00:00:00-04:00,7.050000190734863,7.050000190734863,6.599999904632568,6.78000020980835,84013,0.0,0.0
2022-09-01 00:00:00-04:00,6.525000095367432,6.75,6.300000190734863,6.420000076293945,58807,0.0,0.0
2022-09-02 00:00:00-04:00,6.434999942779541,6.434999942779541,6.045000076293945,6.150000095367432,71533,0.0,0.0
2022-09-06 00:00:00-04:00,6.150000095367432,6.150000095367432,5.699999809265137,5.744999885559082,66607,0.0,0.0
2022-09-07 00:00:00-04:00,5.699999809265137,6.195000171661377,5.699999809265137,5.954999923706055,113160,0.0,0.0
2022-09-08 00:00:00-04:00,5.864999771118164,6.434999942779541,5.849999904632568,6.375,37313,0.0,0.0
2022-09-09 00:00:00-04:00,6.195000171661377,6.420000076293945,6.150000095367432,6.239999771118164,39620,0.0,0.0
2022-09-12 00:00:00-04:00,6.210000038146973,6.434999942779541,6.014999866485596,6.300000190734863,47653,0.0,0.0
2022-09-13 00:00:00-04:00,6.059999942779541,6.300000190734863,5.835000038146973,5.96999979019165,49060,0.0,0.0
2022-09-14 00:00:00-04:00,6.150000095367432,6.150000095367432,5.715000152587891,5.804999828338623,47793,0.0,0.0
2022-09-15 00:00:00-04:00,5.699999809265137,6.224999904632568,5.699999809265137,6.150000095367432,31127,0.0,0.0
2022-09-16 00:00:00-04:00,6.0,6.105000019073486,5.699999809265137,5.96999979019165,32440,0.0,0.0
2022-09-19 00:00:00-04:00,5.699999809265137,5.940000057220459,5.550000190734863,5.940000057220459,33780,0.0,0.0
2022-09-20 00:00:00-04:00,5.760000228881836,5.940000057220459,5.610000133514404,5.849999904632568,31473,0.0,0.0
2022-09-21 00:00:00-04:00,5.699999809265137,5.96999979019165,5.639999866485596,5.789999961853027,36507,0.0,0.0
2022-09-22 00:00:00-04:00,5.699999809265137,5.699999809265137,5.25,5.519999980926514,60820,0.0,0.0
2022-09-23 00:00:00-04:00,5.550000190734863,5.699999809265137,5.25,5.28000020980835,31013,0.0,0.0
2022-09-26 00:00:00-04:00,5.385000228881836,5.699999809265137,4.934999942779541,4.934999942779541,103267,0.0,0.0
2022-09-27 00:00:00-04:00,5.070000171661377,5.400000095367432,4.949999809265137,5.190000057220459,76040,0.0,0.0
2022-09-28 00:00:00-04:00,5.21999979019165,5.639999866485596,5.099999904632568,5.400000095367432,24187,0.0,0.0
2022-09-29 00:00:00-04:00,5.550000190734863,5.550000190734863,5.099999904632568,5.385000228881836,22880,0.0,0.0
2022-09-30 00:00:00-04:00,5.699999809265137,5.699999809265137,5.25,5.324999809265137,16633,0.0,0.0
2022-10-03 00:00:00-04:00,5.519999980926514,5.849999904632568,5.159999847412109,5.775000095367432,22247,0.0,0.0
2022-10-04 00:00:00-04:00,5.820000171661377,6.300000190734863,5.699999809265137,6.150000095367432,35413,0.0,0.0
2022-10-05 00:00:00-04:00,6.150000095367432,6.449999809265137,5.849999904632568,6.269999980926514,16993,0.0,0.0
2022-10-06 00:00:00-04:00,6.420000076293945,6.510000228881836,5.715000152587891,6.074999809265137,28980,0.0,0.0
2022-10-07 00:00:00-04:00,6.0,6.269999980926514,5.820000171661377,5.864999771118164,29753,0.0,0.0
2022-10-10 00:00:00-04:00,5.775000095367432,5.775000095367432,5.264999866485596,5.565000057220459,20880,0.0,0.0
2022-10-11 00:00:00-04:00,5.550000190734863,5.715000152587891,5.25,5.295000076293945,41933,0.0,0.0
2022-10-12 00:00:00-04:00,5.550000190734863,5.550000190734863,4.980000019073486,5.295000076293945,23960,0.0,0.0
2022-10-13 00:00:00-04:00,5.114999771118164,5.369999885559082,5.099999904632568,5.28000020980835,15800,0.0,0.0
2022-10-14 00:00:00-04:00,5.25,5.400000095367432,5.099999904632568,5.355000019073486,28500,0.0,0.0
2022-10-17 00:00:00-04:00,4.949999809265137,5.400000095367432,4.949999809265137,5.28000020980835,27120,0.0,0.0
2022-10-18 00:00:00-04:00,5.28000020980835,5.519999980926514,5.114999771118164,5.264999866485596,25607,0.0,0.0
2022-10-19 00:00:00-04:00,5.25,5.550000190734863,4.994999885559082,5.25,51567,0.0,0.0
2022-10-20 00:00:00-04:00,5.235000133514404,5.400000095367432,5.039999961853027,5.25,55253,0.0,0.0
2022-10-21 00:00:00-04:00,5.309999942779541,5.385000228881836,5.099999904632568,5.25,17207,0.0,0.0
2022-10-24 00:00:00-04:00,5.400000095367432,5.699999809265137,4.965000152587891,5.340000152587891,35733,0.0,0.0
2022-10-25 00:00:00-04:00,5.295000076293945,5.775000095367432,5.190000057220459,5.775000095367432,42253,0.0,0.0
2022-10-26 00:00:00-04:00,5.849999904632568,6.300000190734863,5.730000019073486,6.255000114440918,78727,0.0,0.0
2022-10-27 00:00:00-04:00,6.239999771118164,6.255000114440918,5.699999809265137,5.775000095367432,25033,0.0,0.0
2022-10-28 00:00:00-04:00,5.699999809265137,6.045000076293945,5.550000190734863,6.0,24793,0.0,0.0
2022-10-31 00:00:00-04:00,6.150000095367432,7.050000190734863,5.849999904632568,6.900000095367432,52153,0.0,0.0
2022-11-01 00:00:00-04:00,6.75,7.09499979019165,6.179999828338623,7.050000190734863,36247,0.0,0.0
2022-11-02 00:00:00-04:00,6.840000152587891,6.840000152587891,6.480000019073486,6.644999980926514,22667,0.0,0.0
2022-11-03 00:00:00-04:00,6.480000019073486,6.585000038146973,6.195000171661377,6.239999771118164,18233,0.0,0.0
2022-11-04 00:00:00-04:00,6.195000171661377,6.449999809265137,6.150000095367432,6.195000171661377,13553,0.0,0.0
2022-11-07 00:00:00-05:00,6.224999904632568,7.184999942779541,6.014999866485596,6.78000020980835,40067,0.0,0.0
2022-11-08 00:00:00-05:00,6.570000171661377,6.945000171661377,6.224999904632568,6.585000038146973,85033,0.0,0.0
2022-11-09 00:00:00-05:00,6.795000076293945,7.485000133514404,6.195000171661377,7.199999809265137,66700,0.0,0.0
2022-11-10 00:00:00-05:00,7.050000190734863,7.454999923706055,6.869999885559082,7.349999904632568,60660,0.0,0.0
2022-11-11 00:00:00-05:00,6.105000019073486,7.034999847412109,5.925000190734863,6.0,96507,0.0,0.0
2022-11-14 00:00:00-05:00,6.0,6.0,5.65500020980835,5.715000152587891,52353,0.0,0.0
2022-11-15 00:00:00-05:00,5.760000228881836,6.599999904632568,5.699999809265137,6.525000095367432,456420,0.0,0.0
2022-11-16 00:00:00-05:00,6.599999904632568,7.5,6.300000190734863,7.349999904632568,310227,0.0,0.0
2022-11-17 00:00:00-05:00,7.050000190734863,9.420000076293945,6.75,9.300000190734863,365720,0.0,0.0
2022-11-18 00:00:00-05:00,8.65999984741211,8.989999771118164,6.860000133514404,7.019999980926514,382900,0.0,0.06666666666666667
2022-11-21 00:00:00-05:00,6.829999923706055,8.5,6.5,8.069999694824219,325600,0.0,0.0
2022-11-22 00:00:00-05:00,7.619999885559082,9.079999923706055,7.619999885559082,8.850000381469727,201400,0.0,0.0
2022-11-23 00:00:00-05:00,8.850000381469727,9.430000305175781,8.729999542236328,9.029999732971191,130900,0.0,0.0
2022-11-25 00:00:00-05:00,8.899999618530273,9.229999542236328,8.600000381469727,9.170000076293945,30500,0.0,0.0
2022-11-28 00:00:00-05:00,9.430000305175781,10.770000457763672,8.949999809265137,10.390000343322754,173900,0.0,0.0
2022-11-29 00:00:00-05:00,10.40999984741211,12.6899995803833,10.229999542236328,11.5,416200,0.0,0.0
2022-11-30 00:00:00-05:00,11.800000190734863,14.5,11.800000190734863,13.0,669700,0.0,0.0
2022-12-01 00:00:00-05:00,13.0,13.649999618530273,10.545999526977539,11.859999656677246,252000,0.0,0.0
2022-12-02 00:00:00-05:00,11.84000015258789,12.779999732971191,11.295000076293945,12.380000114440918,198800,0.0,0.0
2022-12-05 00:00:00-05:00,12.380000114440918,12.4399995803833,11.565999984741211,11.710000038146973,103100,0.0,0.0
2022-12-06 00:00:00-05:00,12.09000015258789,12.09000015258789,11.010000228881836,11.550000190734863,54600,0.0,0.0
2022-12-07 00:00:00-05:00,11.539999961853027,14.029999732971191,11.069999694824219,14.020000457763672,184500,0.0,0.0
2022-12-08 00:00:00-05:00,14.25,14.25,13.420000076293945,14.130000114440918,111000,0.0,0.0
2022-12-09 00:00:00-05:00,14.010000228881836,16.1200008392334,13.670999526977539,14.0600004196167,199700,0.0,0.0
2022-12-12 00:00:00-05:00,14.0,16.350000381469727,13.710000038146973,16.059999465942383,178400,0.0,0.0
2022-12-13 00:00:00-05:00,17.0,17.5,16.27199935913086,17.0,224600,0.0,0.0
2022-12-14 00:00:00-05:00,17.5,17.750999450683594,14.630000114440918,14.630000114440918,103400,0.0,0.0
2022-12-15 00:00:00-05:00,14.8100004196167,15.539999961853027,14.199999809265137,14.479999542236328,66200,0.0,0.0
2022-12-16 00:00:00-05:00,14.210000038146973,15.12600040435791,13.800000190734863,14.430000305175781,57300,0.0,0.0
2022-12-19 00:00:00-05:00,14.210000038146973,14.420000076293945,13.531999588012695,13.859999656677246,35900,0.0,0.0
2022-12-20 00:00:00-05:00,13.800000190734863,13.800000190734863,12.020000457763672,12.170000076293945,57600,0.0,0.0
2022-12-21 00:00:00-05:00,12.199999809265137,13.98799991607666,12.020000457763672,13.460000038146973,69000,0.0,0.0
2022-12-22 00:00:00-05:00,13.359999656677246,13.520000457763672,12.680000305175781,13.300000190734863,43000,0.0,0.0
2022-12-23 00:00:00-05:00,13.350000381469727,13.350000381469727,12.600000381469727,13.010000228881836,28900,0.0,0.0
2022-12-27 00:00:00-05:00,12.270000457763672,12.420000076293945,10.503000259399414,10.640000343322754,94600,0.0,0.0
2022-12-28 00:00:00-05:00,10.4399995803833,10.789999961853027,10.300000190734863,10.319999694824219,28800,0.0,0.0
2022-12-29 00:00:00-05:00,10.279999732971191,10.895000457763672,10.010000228881836,10.40999984741211,49000,0.0,0.0
2022-12-30 00:00:00-05:00,10.069999694824219,10.619999885559082,9.899999618530273,10.449999809265137,71500,0.0,0.0
2023-01-03 00:00:00-05:00,10.539999961853027,10.595000267028809,9.640000343322754,10.130000114440918,97000,0.0,0.0
2023-01-04 00:00:00-05:00,10.140000343322754,10.399999618530273,9.920000076293945,10.300000190734863,30500,0.0,0.0
2023-01-05 00:00:00-05:00,10.109999656677246,12.979999542236328,10.09000015258789,12.300000190734863,122900,0.0,0.0
2023-01-06 00:00:00-05:00,12.140000343322754,12.1850004196167,11.0600004196167,12.010000228881836,42800,0.0,0.0
2023-01-09 00:00:00-05:00,12.050000190734863,13.569999694824219,12.050000190734863,13.239999771118164,35500,0.0,0.0
2023-01-10 00:00:00-05:00,12.9399995803833,14.4399995803833,12.9399995803833,13.5600004196167,77900,0.0,0.0
2023-01-11 00:00:00-05:00,13.710000038146973,14.329999923706055,13.069999694824219,13.5,28400,0.0,0.0
2023-01-12 00:00:00-05:00,13.260000228881836,13.460000038146973,12.539999961853027,12.90999984741211,33400,0.0,0.0
2023-01-13 00:00:00-05:00,12.5,13.300000190734863,12.5,13.140000343322754,35100,0.0,0.0
2023-01-17 00:00:00-05:00,13.3100004196167,16.5,13.180000305175781,16.200000762939453,144200,0.0,0.0
2023-01-18 00:00:00-05:00,16.579999923706055,17.450000762939453,15.180000305175781,15.420000076293945,150000,0.0,0.0
2023-01-19 00:00:00-05:00,15.369999885559082,15.390000343322754,13.864999771118164,13.949999809265137,35300,0.0,0.0
2023-01-20 00:00:00-05:00,14.0,14.899999618530273,13.65999984741211,14.260000228881836,27300,0.0,0.0
2023-01-23 00:00:00-05:00,14.229999542236328,14.4399995803833,13.324999809265137,13.8100004196167,37900,0.0,0.0
2023-01-24 00:00:00-05:00,13.449999809265137,14.104999542236328,13.1899995803833,13.5,20700,0.0,0.0
2023-01-25 00:00:00-05:00,13.369999885559082,13.625,12.75,13.420000076293945,39900,0.0,0.0
2023-01-26 00:00:00-05:00,13.479999542236328,14.680000305175781,13.479999542236328,14.100000381469727,26900,0.0,0.0
2023-01-27 00:00:00-05:00,14.020000457763672,15.4350004196167,14.017999649047852,14.899999618530273,46100,0.0,0.0
2023-01-30 00:00:00-05:00,14.510000228881836,15.300000190734863,14.510000228881836,15.119999885559082,20600,0.0,0.0
2023-01-31 00:00:00-05:00,15.170000076293945,15.819999694824219,14.949999809265137,15.479999542236328,31100,0.0,0.0
2023-02-01 00:00:00-05:00,15.300000190734863,16.5,14.979999542236328,16.5,60800,0.0,0.0
2023-02-02 00:00:00-05:00,16.920000076293945,16.920000076293945,15.739999771118164,16.239999771118164,42100,0.0,0.0
2023-02-03 00:00:00-05:00,15.770000457763672,16.219999313354492,14.720000267028809,15.020000457763672,42600,0.0,0.0
2023-02-06 00:00:00-05:00,14.529999732971191,15.663999557495117,14.229000091552734,14.800000190734863,42100,0.0,0.0
2023-02-07 00:00:00-05:00,14.720000267028809,16.200000762939453,14.710000038146973,16.0,27800,0.0,0.0
2023-02-08 00:00:00-05:00,15.90999984741211,16.489999771118164,15.295000076293945,16.219999313354492,27600,0.0,0.0
2023-02-09 00:00:00-05:00,16.270000457763672,17.25,15.479999542236328,16.600000381469727,89800,0.0,0.0
2023-02-10 00:00:00-05:00,16.459999084472656,17.239999771118164,15.319999694824219,16.809999465942383,45400,0.0,0.0
2023-02-13 00:00:00-05:00,16.469999313354492,17.25,16.450000762939453,16.950000762939453,49000,0.0,0.0
2023-02-14 00:00:00-05:00,16.690000534057617,17.049999237060547,16.100000381469727,16.309999465942383,136900,0.0,0.0
2023-02-15 00:00:00-05:00,16.229999542236328,17.40999984741211,16.229999542236328,17.40999984741211,20000,0.0,0.0
2023-02-16 00:00:00-05:00,16.979999542236328,17.979999542236328,16.850000381469727,17.0,47700,0.0,0.0
2023-02-17 00:00:00-05:00,16.93000030517578,16.979999542236328,15.529999732971191,16.799999237060547,55000,0.0,0.0
2023-02-21 00:00:00-05:00,16.459999084472656,16.690000534057617,15.260000228881836,15.579999923706055,21300,0.0,0.0
2023-02-22 00:00:00-05:00,15.5600004196167,16.459999084472656,15.5600004196167,16.06999969482422,13700,0.0,0.0
2023-02-23 00:00:00-05:00,16.280000686645508,16.610000610351562,15.734999656677246,16.350000381469727,13600,0.0,0.0
2023-02-24 00:00:00-05:00,15.84000015258789,16.549999237060547,15.430000305175781,16.34000015258789,9300,0.0,0.0
2023-02-27 00:00:00-05:00,16.549999237060547,17.0,15.84000015258789,16.520000457763672,77600,0.0,0.0
2023-02-28 00:00:00-05:00,16.559999465942383,16.889999389648438,15.845000267028809,16.209999084472656,41000,0.0,0.0
2023-03-01 00:00:00-05:00,16.0,17.459999084472656,15.836000442504883,17.1299991607666,28000,0.0,0.0
2023-03-02 00:00:00-05:00,17.399999618530273,19.826000213623047,16.618999481201172,19.079999923706055,132800,0.0,0.0
2023-03-03 00:00:00-05:00,19.579999923706055,19.84600067138672,18.200000762939453,18.360000610351562,48300,0.0,0.0
2023-03-06 00:00:00-05:00,18.690000534057617,18.950000762939453,17.829999923706055,18.270000457763672,57500,0.0,0.0
2023-03-07 00:00:00-05:00,18.270000457763672,19.479999542236328,18.209999084472656,18.3799991607666,38800,0.0,0.0
2023-03-08 00:00:00-05:00,18.6200008392334,19.440000534057617,18.270000457763672,19.100000381469727,30500,0.0,0.0
2023-03-09 00:00:00-05:00,19.010000228881836,19.040000915527344,18.040000915527344,18.5,44400,0.0,0.0
2023-03-10 00:00:00-05:00,18.479999542236328,18.479999542236328,16.469999313354492,17.440000534057617,71800,0.0,0.0
2023-03-13 00:00:00-04:00,16.889999389648438,17.299999237060547,16.049999237060547,16.549999237060547,33800,0.0,0.0
2023-03-14 00:00:00-04:00,16.8799991607666,17.277000427246094,15.954999923706055,16.579999923706055,41100,0.0,0.0
2023-03-15 00:00:00-04:00,16.0,16.540000915527344,15.890000343322754,16.5,34500,0.0,0.0
2023-03-16 00:00:00-04:00,16.40999984741211,18.200000762939453,16.010000228881836,17.5,50100,0.0,0.0
2023-03-17 00:00:00-04:00,15.390000343322754,16.274999618530273,13.199999809265137,13.220000267028809,143800,0.0,0.0
2023-03-20 00:00:00-04:00,12.800000190734863,13.9399995803833,12.020000457763672,13.569999694824219,139900,0.0,0.0
2023-03-21 00:00:00-04:00,13.619999885559082,15.470000267028809,13.524999618530273,15.470000267028809,103500,0.0,0.0
2023-03-22 00:00:00-04:00,15.100000381469727,16.149999618530273,15.069999694824219,15.130000114440918,27700,0.0,0.0
2023-03-23 00:00:00-04:00,15.180000305175781,15.305000305175781,13.880000114440918,14.109999656677246,28400,0.0,0.0
2023-03-24 00:00:00-04:00,13.869999885559082,14.914999961853027,13.869999885559082,14.510000228881836,19900,0.0,0.0
2023-03-27 00:00:00-04:00,14.59000015258789,15.819999694824219,14.59000015258789,14.979999542236328,24000,0.0,0.0
2023-03-28 00:00:00-04:00,14.90999984741211,15.550000190734863,14.22700023651123,14.960000038146973,13200,0.0,0.0
2023-03-29 00:00:00-04:00,14.920000076293945,15.4399995803833,14.524999618530273,15.09000015258789,26100,0.0,0.0
2023-03-30 00:00:00-04:00,15.289999961853027,15.859999656677246,14.725000381469727,15.5600004196167,26100,0.0,0.0
2023-03-31 00:00:00-04:00,15.520000457763672,16.299999237060547,15.520000457763672,16.280000686645508,39300,0.0,0.0
2023-04-03 00:00:00-04:00,16.030000686645508,16.739999771118164,15.975000381469727,16.59000015258789,28000,0.0,0.0
2023-04-04 00:00:00-04:00,15.920000076293945,16.253000259399414,13.470000267028809,14.079999923706055,174200,0.0,0.0
2023-04-05 00:00:00-04:00,14.010000228881836,14.46500015258789,13.788000106811523,14.0,21000,0.0,0.0
2023-04-06 00:00:00-04:00,14.0600004196167,14.729999542236328,14.0,14.289999961853027,20000,0.0,0.0
2023-04-10 00:00:00-04:00,14.100000381469727,14.350000381469727,13.729999542236328,14.100000381469727,34900,0.0,0.0
2023-04-11 00:00:00-04:00,14.140000343322754,14.395000457763672,13.800000190734863,13.800000190734863,27300,0.0,0.0
2023-04-12 00:00:00-04:00,14.069999694824219,14.140000343322754,12.600000381469727,12.75,40100,0.0,0.0
2023-04-13 00:00:00-04:00,12.75,13.479999542236328,12.656000137329102,13.289999961853027,26700,0.0,0.0
2023-04-14 00:00:00-04:00,13.15999984741211,13.819999694824219,13.0,13.4399995803833,16300,0.0,0.0
2023-04-17 00:00:00-04:00,13.5,14.390000343322754,13.489999771118164,14.199999809265137,16000,0.0,0.0
2023-04-18 00:00:00-04:00,14.109999656677246,14.109999656677246,12.579999923706055,12.65999984741211,54200,0.0,0.0
2023-04-19 00:00:00-04:00,12.819999694824219,13.420000076293945,12.819999694824219,13.279999732971191,16200,0.0,0.0
2023-04-20 00:00:00-04:00,12.890000343322754,13.28499984741211,12.300000190734863,12.300000190734863,23300,0.0,0.0
2023-04-21 00:00:00-04:00,12.399999618530273,12.399999618530273,11.84000015258789,11.979999542236328,17400,0.0,0.0
2023-04-24 00:00:00-04:00,11.9399995803833,11.989999771118164,11.550000190734863,11.5600004196167,20400,0.0,0.0
2023-04-25 00:00:00-04:00,11.5,11.975000381469727,9.170000076293945,9.359999656677246,109900,0.0,0.0
2023-04-26 00:00:00-04:00,9.569999694824219,9.600000381469727,7.534999847412109,7.679999828338623,226300,0.0,0.0
2023-04-27 00:00:00-04:00,7.489999771118164,8.229999542236328,7.050000190734863,8.039999961853027,107500,0.0,0.0
2023-04-28 00:00:00-04:00,7.989999771118164,8.8149995803833,7.699999809265137,8.699999809265137,86500,0.0,0.0
2023-05-01 00:00:00-04:00,8.5,8.6899995803833,7.960000038146973,8.4399995803833,51700,0.0,0.0
2023-05-02 00:00:00-04:00,8.239999771118164,9.359999656677246,8.107000350952148,8.930000305175781,35800,0.0,0.0
2023-05-03 00:00:00-04:00,8.949999809265137,10.34000015258789,8.699999809265137,9.930000305175781,40400,0.0,0.0
2023-05-04 00:00:00-04:00,9.84000015258789,9.899999618530273,9.25,9.569999694824219,12300,0.0,0.0
2023-05-05 00:00:00-04:00,9.699999809265137,9.829999923706055,9.199999809265137,9.739999771118164,20500,0.0,0.0
2023-05-08 00:00:00-04:00,10.510000228881836,13.192999839782715,10.100000381469727,12.880000114440918,155800,0.0,0.0
2023-05-09 00:00:00-04:00,13.0,13.77299976348877,12.36400032043457,12.880000114440918,52000,0.0,0.0
2023-05-10 00:00:00-04:00,13.020000457763672,14.869999885559082,12.399999618530273,14.630000114440918,121400,0.0,0.0
2023-05-11 00:00:00-04:00,14.260000228881836,14.720000267028809,13.890000343322754,14.640000343322754,38100,0.0,0.0
2023-05-12 00:00:00-04:00,14.609999656677246,14.609999656677246,14.069999694824219,14.100000381469727,27700,0.0,0.0
2023-05-15 00:00:00-04:00,14.0,14.579999923706055,12.829999923706055,14.289999961853027,95900,0.0,0.0
2023-05-16 00:00:00-04:00,14.15999984741211,14.329999923706055,13.277999877929688,13.539999961853027,11300,0.0,0.0
2023-05-17 00:00:00-04:00,13.539999961853027,16.479999542236328,13.270000457763672,16.25,139700,0.0,0.0
2023-05-18 00:00:00-04:00,16.459999084472656,17.65999984741211,15.65999984741211,17.440000534057617,99600,0.0,0.0
2023-05-19 00:00:00-04:00,17.600000381469727,20.700000762939453,16.969999313354492,19.739999771118164,333900,0.0,0.0
2023-05-22 00:00:00-04:00,19.739999771118164,20.450000762939453,18.510000228881836,19.739999771118164,261100,0.0,0.0
2023-05-23 00:00:00-04:00,19.399999618530273,19.950000762939453,18.760000228881836,19.030000686645508,178400,0.0,0.0
2023-05-24 00:00:00-04:00,18.899999618530273,19.43000030517578,18.0,18.059999465942383,46100,0.0,0.0
2023-05-25 00:00:00-04:00,18.34000015258789,18.34000015258789,16.8700008392334,16.950000762939453,50700,0.0,0.0
2023-05-26 00:00:00-04:00,16.950000762939453,18.15999984741211,16.690000534057617,17.760000228881836,38300,0.0,0.0
2023-05-30 00:00:00-04:00,18.139999389648438,18.618999481201172,17.079999923706055,17.799999237060547,56500,0.0,0.0
2023-05-31 00:00:00-04:00,18.190000534057617,19.239999771118164,17.5,19.059999465942383,84900,0.0,0.0
2023-06-01 00:00:00-04:00,19.1299991607666,20.47800064086914,18.600000381469727,19.450000762939453,127800,0.0,0.0
2023-06-02 00:00:00-04:00,19.639999389648438,20.40999984741211,19.586999893188477,19.739999771118164,57500,0.0,0.0
2023-06-05 00:00:00-04:00,19.690000534057617,20.3799991607666,18.280000686645508,20.0,35000,0.0,0.0
2023-06-06 00:00:00-04:00,19.5,20.700000762939453,19.209999084472656,19.84000015258789,58100,0.0,0.0
2023-06-07 00:00:00-04:00,19.829999923706055,20.510000228881836,19.209999084472656,19.43000030517578,41600,0.0,0.0
2023-06-08 00:00:00-04:00,19.299999237060547,20.06999969482422,19.299999237060547,19.850000381469727,27000,0.0,0.0
2023-06-09 00:00:00-04:00,19.790000915527344,20.349000930786133,19.239999771118164,19.649999618530273,26500,0.0,0.0
2023-06-12 00:00:00-04:00,19.479999542236328,20.40999984741211,19.270000457763672,19.690000534057617,41400,0.0,0.0
2023-06-13 00:00:00-04:00,19.729999542236328,20.43000030517578,18.969999313354492,19.299999237060547,48400,0.0,0.0
2023-06-14 00:00:00-04:00,19.290000915527344,19.780000686645508,18.649999618530273,19.100000381469727,30200,0.0,0.0
2023-06-15 00:00:00-04:00,18.829999923706055,20.100000381469727,18.829999923706055,19.770000457763672,36900,0.0,0.0
2023-06-16 00:00:00-04:00,19.84000015258789,21.0,19.670000076293945,19.780000686645508,75100,0.0,0.0
2023-06-20 00:00:00-04:00,19.719999313354492,20.440000534057617,19.3799991607666,20.190000534057617,47600,0.0,0.0
2023-06-21 00:00:00-04:00,19.889999389648438,20.579999923706055,19.5,19.799999237060547,81900,0.0,0.0
2023-06-22 00:00:00-04:00,19.690000534057617,19.940000534057617,19.17099952697754,19.34000015258789,51700,0.0,0.0
2023-06-23 00:00:00-04:00,19.0,19.530000686645508,18.81999969482422,19.3799991607666,532700,0.0,0.0
2023-06-26 00:00:00-04:00,18.84000015258789,19.780000686645508,18.829999923706055,19.020000457763672,54200,0.0,0.0
2023-06-27 00:00:00-04:00,19.200000762939453,19.735000610351562,18.860000610351562,19.6299991607666,36300,0.0,0.0
2023-06-28 00:00:00-04:00,19.510000228881836,20.202999114990234,19.110000610351562,19.350000381469727,45600,0.0,0.0
2023-06-29 00:00:00-04:00,19.3799991607666,19.989999771118164,19.209999084472656,19.690000534057617,28900,0.0,0.0
2023-06-30 00:00:00-04:00,19.93000030517578,22.850000381469727,19.5,19.709999084472656,236200,0.0,0.0
2023-07-03 00:00:00-04:00,19.649999618530273,20.350000381469727,19.010000228881836,19.440000534057617,29600,0.0,0.0
2023-07-05 00:00:00-04:00,19.40999984741211,21.14900016784668,19.3700008392334,20.100000381469727,138700,0.0,0.0
2023-07-06 00:00:00-04:00,19.940000534057617,20.740999221801758,18.510000228881836,19.34000015258789,99500,0.0,0.0
2023-07-07 00:00:00-04:00,19.239999771118164,19.860000610351562,19.239999771118164,19.43000030517578,24600,0.0,0.0
2023-07-10 00:00:00-04:00,19.229999542236328,19.700000762939453,19.209999084472656,19.360000610351562,32400,0.0,0.0
2023-07-11 00:00:00-04:00,19.360000610351562,19.360000610351562,18.850000381469727,19.149999618530273,30800,0.0,0.0
2023-07-12 00:00:00-04:00,19.25,19.25,18.59000015258789,18.670000076293945,44500,0.0,0.0
2023-07-13 00:00:00-04:00,18.639999389648438,19.209999084472656,18.3700008392334,18.65999984741211,50100,0.0,0.0
2023-07-14 00:00:00-04:00,18.40999984741211,18.56999969482422,17.09000015258789,17.5,83400,0.0,0.0
2023-07-17 00:00:00-04:00,17.489999771118164,18.200000762939453,17.489999771118164,18.030000686645508,31600,0.0,0.0
2023-07-18 00:00:00-04:00,17.889999389648438,18.270000457763672,17.81999969482422,18.209999084472656,22200,0.0,0.0
2023-07-19 00:00:00-04:00,18.260000228881836,18.770999908447266,18.040000915527344,18.15999984741211,14400,0.0,0.0
2023-07-20 00:00:00-04:00,18.170000076293945,18.34000015258789,17.899999618530273,18.34000015258789,13100,0.0,0.0
2023-07-21 00:00:00-04:00,18.450000762939453,18.600000381469727,17.8700008392334,18.049999237060547,14600,0.0,0.0
2023-07-24 00:00:00-04:00,18.079999923706055,18.079999923706055,17.1200008392334,17.959999084472656,25300,0.0,0.0
2023-07-25 00:00:00-04:00,17.812000274658203,18.17099952697754,17.812000274658203,17.860000610351562,9000,0.0,0.0
2023-07-26 00:00:00-04:00,17.809999465942383,18.469999313354492,17.809999465942383,18.440000534057617,5700,0.0,0.0
2023-07-27 00:00:00-04:00,18.610000610351562,18.610000610351562,17.690000534057617,17.90999984741211,16800,0.0,0.0
2023-07-28 00:00:00-04:00,18.15999984741211,18.790000915527344,18.15999984741211,18.5,20300,0.0,0.0
2023-07-31 00:00:00-04:00,18.56999969482422,18.8799991607666,18.263999938964844,18.520000457763672,13400,0.0,0.0
2023-08-01 00:00:00-04:00,18.450000762939453,19.56999969482422,18.450000762939453,19.209999084472656,37800,0.0,0.0
2023-08-02 00:00:00-04:00,19.079999923706055,19.600000381469727,19.079999923706055,19.280000686645508,14900,0.0,0.0
2023-08-03 00:00:00-04:00,19.09000015258789,19.81999969482422,18.95599937438965,19.09000015258789,23300,0.0,0.0
2023-08-04 00:00:00-04:00,19.1200008392334,19.3799991607666,18.40999984741211,18.68000030517578,6100,0.0,0.0
2023-08-07 00:00:00-04:00,18.579999923706055,18.875,18.18000030517578,18.270000457763672,11600,0.0,0.0
2023-08-08 00:00:00-04:00,18.200000762939453,19.450000762939453,18.100000381469727,19.270000457763672,20700,0.0,0.0
2023-08-09 00:00:00-04:00,19.25,19.25,17.56999969482422,17.90999984741211,37100,0.0,0.0
2023-08-10 00:00:00-04:00,18.6299991607666,19.540000915527344,18.25,18.65999984741211,30900,0.0,0.0
2023-08-11 00:00:00-04:00,18.610000610351562,19.25,18.610000610351562,19.1200008392334,19700,0.0,0.0
2023-08-14 00:00:00-04:00,18.93000030517578,19.295000076293945,18.54199981689453,19.139999389648438,34900,0.0,0.0
2023-08-15 00:00:00-04:00,18.920000076293945,19.350000381469727,18.5,19.040000915527344,25000,0.0,0.0
2023-08-16 00:00:00-04:00,18.714000701904297,19.489999771118164,18.714000701904297,19.309999465942383,26000,0.0,0.0
2023-08-17 00:00:00-04:00,19.030000686645508,19.030000686645508,17.950000762939453,18.34000015258789,26100,0.0,0.0
2023-08-18 00:00:00-04:00,18.229999542236328,18.367000579833984,17.979999542236328,18.049999237060547,12600,0.0,0.0
2023-08-21 00:00:00-04:00,17.8799991607666,18.07699966430664,16.56800079345703,17.110000610351562,22400,0.0,0.0
2023-08-22 00:00:00-04:00,17.110000610351562,17.84000015258789,16.75,17.489999771118164,14400,0.0,0.0
2023-08-23 00:00:00-04:00,17.801000595092773,18.190000534057617,17.5,18.0,10500,0.0,0.0
2023-08-24 00:00:00-04:00,17.799999237060547,18.916000366210938,17.35099983215332,18.479999542236328,19600,0.0,0.0
2023-08-25 00:00:00-04:00,17.6299991607666,18.091999053955078,17.5,17.600000381469727,14700,0.0,0.0
2023-08-28 00:00:00-04:00,17.100000381469727,17.760000228881836,16.649999618530273,17.010000228881836,28700,0.0,0.0
2023-08-29 00:00:00-04:00,16.829999923706055,17.510000228881836,16.09000015258789,16.31999969482422,16500,0.0,0.0
2023-08-30 00:00:00-04:00,16.1200008392334,16.155000686645508,15.5,15.829999923706055,21600,0.0,0.0
2023-08-31 00:00:00-04:00,15.819999694824219,16.319000244140625,15.8100004196167,15.890000343322754,10800,0.0,0.0
2023-09-01 00:00:00-04:00,15.75,15.899999618530273,15.100000381469727,15.710000038146973,28300,0.0,0.0
2023-09-05 00:00:00-04:00,15.470000267028809,15.614999771118164,14.649999618530273,15.479999542236328,18800,0.0,0.0
2023-09-06 00:00:00-04:00,15.279999732971191,15.289999961853027,14.444999694824219,15.029999732971191,14000,0.0,0.0
2023-09-07 00:00:00-04:00,14.949999809265137,15.270000457763672,14.75,15.039999961853027,8000,0.0,0.0
2023-09-08 00:00:00-04:00,15.109999656677246,15.210000038146973,14.682000160217285,14.829999923706055,5700,0.0,0.0
2023-09-11 00:00:00-04:00,14.760000228881836,15.1899995803833,14.670000076293945,15.010000228881836,21700,0.0,0.0
2023-09-12 00:00:00-04:00,15.149999618530273,16.5,15.109999656677246,16.25,16200,0.0,0.0
2023-09-13 00:00:00-04:00,16.049999237060547,16.415000915527344,15.079999923706055,15.09000015258789,17900,0.0,0.0
2023-09-14 00:00:00-04:00,15.0,15.675000190734863,14.989999771118164,15.109999656677246,12400,0.0,0.0
2023-09-15 00:00:00-04:00,15.0,15.39900016784668,14.609999656677246,14.949999809265137,41600,0.0,0.0
2023-09-18 00:00:00-04:00,14.699999809265137,14.897000312805176,14.010000228881836,14.220000267028809,24300,0.0,0.0
2023-09-19 00:00:00-04:00,14.199999809265137,14.640000343322754,14.199999809265137,14.489999771118164,18700,0.0,0.0
2023-09-20 00:00:00-04:00,14.59000015258789,15.496999740600586,14.28499984741211,14.5,57800,0.0,0.0
2023-09-21 00:00:00-04:00,14.609999656677246,14.6899995803833,14.100000381469727,14.3100004196167,26300,0.0,0.0
2023-09-22 00:00:00-04:00,14.279999732971191,14.350000381469727,14.020000457763672,14.220000267028809,30700,0.0,0.0
2023-09-25 00:00:00-04:00,14.229999542236328,14.720000267028809,14.229999542236328,14.390000343322754,33200,0.0,0.0
2023-09-26 00:00:00-04:00,14.15999984741211,14.845000267028809,14.0,14.119999885559082,93100,0.0,0.0
2023-09-27 00:00:00-04:00,14.210000038146973,14.8100004196167,14.119999885559082,14.319999694824219,15200,0.0,0.0
2023-09-28 00:00:00-04:00,14.390000343322754,14.550000190734863,14.109999656677246,14.4399995803833,11000,0.0,0.0
2023-09-29 00:00:00-04:00,14.3100004196167,14.5,14.149999618530273,14.489999771118164,22000,0.0,0.0
2023-10-02 00:00:00-04:00,14.289999961853027,14.289999961853027,14.041000366210938,14.09000015258789,10900,0.0,0.0
2023-10-03 00:00:00-04:00,14.0,14.1850004196167,14.0,14.100000381469727,33400,0.0,0.0
2023-10-04 00:00:00-04:00,14.435999870300293,14.449999809265137,14.069999694824219,14.300000190734863,13000,0.0,0.0
2023-10-05 00:00:00-04:00,14.130000114440918,14.329999923706055,14.130000114440918,14.239999771118164,13100,0.0,0.0
2023-10-06 00:00:00-04:00,14.4399995803833,14.479999542236328,14.083999633789062,14.25,26400,0.0,0.0
2023-10-09 00:00:00-04:00,14.642999649047852,14.73799991607666,14.0600004196167,14.119999885559082,31800,0.0,0.0
2023-10-10 00:00:00-04:00,14.0600004196167,14.510000228881836,14.0600004196167,14.210000038146973,30700,0.0,0.0
2023-10-11 00:00:00-04:00,14.1899995803833,14.199999809265137,14.09000015258789,14.130000114440918,13600,0.0,0.0
2023-10-12 00:00:00-04:00,14.140000343322754,14.239999771118164,14.0,14.020000457763672,42700,0.0,0.0
2023-10-13 00:00:00-04:00,14.029999732971191,14.152000427246094,12.722999572753906,13.1899995803833,149700,0.0,0.0
2023-10-16 00:00:00-04:00,13.100000381469727,13.100000381469727,12.399999618530273,12.6899995803833,67700,0.0,0.0
2023-10-17 00:00:00-04:00,12.5600004196167,13.0649995803833,12.5,12.649999618530273,21500,0.0,0.0
2023-10-18 00:00:00-04:00,12.6899995803833,12.6899995803833,12.25,12.399999618530273,26800,0.0,0.0
2023-10-19 00:00:00-04:00,12.460000038146973,12.5600004196167,12.170000076293945,12.199999809265137,9600,0.0,0.0
2023-10-20 00:00:00-04:00,12.239999771118164,12.725000381469727,11.899999618530273,12.140000343322754,22800,0.0,0.0
2023-10-23 00:00:00-04:00,11.739999771118164,12.640000343322754,11.739999771118164,12.229999542236328,15400,0.0,0.0
2023-10-24 00:00:00-04:00,12.180000305175781,12.600000381469727,12.039999961853027,12.4350004196167,7300,0.0,0.0
2023-10-25 00:00:00-04:00,12.40999984741211,12.640000343322754,12.289999961853027,12.539999961853027,10000,0.0,0.0
2023-10-26 00:00:00-04:00,12.553000450134277,12.890000343322754,12.4399995803833,12.619999885559082,10100,0.0,0.0
2023-10-27 00:00:00-04:00,12.489999771118164,12.84000015258789,12.461000442504883,12.720000267028809,5600,0.0,0.0
2023-10-30 00:00:00-04:00,12.859999656677246,13.869999885559082,12.619999885559082,13.869999885559082,15700,0.0,0.0
2023-10-31 00:00:00-04:00,13.75,14.039999961853027,13.680000305175781,14.039999961853027,5700,0.0,0.0
2023-11-01 00:00:00-04:00,14.029999732971191,14.029999732971191,13.699999809265137,14.020000457763672,4300,0.0,0.0
2023-11-02 00:00:00-04:00,14.149999618530273,14.65999984741211,13.979999542236328,14.380000114440918,12400,0.0,0.0
2023-11-03 00:00:00-04:00,14.399999618530273,15.199999809265137,14.029999732971191,14.170000076293945,29200,0.0,0.0
2023-11-06 00:00:00-05:00,14.020000457763672,14.170000076293945,12.8100004196167,13.050000190734863,26000,0.0,0.0
2023-11-07 00:00:00-05:00,12.51200008392334,13.343000411987305,12.51200008392334,13.15999984741211,12700,0.0,0.0
2023-11-08 00:00:00-05:00,13.260000228881836,13.390000343322754,12.805000305175781,13.020000457763672,17700,0.0,0.0
2023-11-09 00:00:00-05:00,12.640000343322754,13.359999656677246,12.609999656677246,12.90999984741211,11800,0.0,0.0
2023-11-10 00:00:00-05:00,12.875,13.335000038146973,12.5,13.319999694824219,7200,0.0,0.0
2023-11-13 00:00:00-05:00,12.9399995803833,13.399999618530273,12.640000343322754,13.09000015258789,26900,0.0,0.0
2023-11-14 00:00:00-05:00,13.199999809265137,13.970000267028809,12.680000305175781,13.890000343322754,18300,0.0,0.0
2023-11-15 00:00:00-05:00,13.609999656677246,14.600000381469727,13.609999656677246,14.59000015258789,23600,0.0,0.0
2023-11-16 00:00:00-05:00,14.609999656677246,14.710000038146973,13.199999809265137,13.279999732971191,30400,0.0,0.0
2023-11-17 00:00:00-05:00,13.020000457763672,13.15999984741211,12.210000038146973,12.720000267028809,50000,0.0,0.0
2023-11-20 00:00:00-05:00,12.670000076293945,13.07699966430664,12.40999984741211,13.050000190734863,16200,0.0,0.0
2023-11-21 00:00:00-05:00,12.859999656677246,13.449999809265137,12.859999656677246,12.979999542236328,4800,0.0,0.0
2023-11-22 00:00:00-05:00,12.979999542236328,13.229999542236328,12.65999984741211,13.0600004196167,5000,0.0,0.0
2023-11-24 00:00:00-05:00,12.9399995803833,13.399999618530273,12.619999885559082,13.180000305175781,10800,0.0,0.0
2023-11-27 00:00:00-05:00,13.0,13.399999618530273,13.0,13.220000267028809,15800,0.0,0.0
2023-11-28 00:00:00-05:00,13.204999923706055,13.399999618530273,13.088000297546387,13.15999984741211,8700,0.0,0.0
2023-11-29 00:00:00-05:00,13.359999656677246,13.600000381469727,12.630000114440918,12.630000114440918,21900,0.0,0.0
2023-11-30 00:00:00-05:00,12.722999572753906,12.890000343322754,12.699999809265137,12.880000114440918,10000,0.0,0.0
2023-12-01 00:00:00-05:00,12.609999656677246,13.890000343322754,12.609999656677246,13.710000038146973,15300,0.0,0.0
2023-12-04 00:00:00-05:00,13.539999961853027,14.479999542236328,13.539999961853027,14.010000228881836,17700,0.0,0.0
2023-12-05 00:00:00-05:00,13.84000015258789,14.300000190734863,13.812000274658203,14.180000305175781,11000,0.0,0.0
2023-12-06 00:00:00-05:00,14.289999961853027,14.989999771118164,14.289999961853027,14.489999771118164,19300,0.0,0.0
2023-12-07 00:00:00-05:00,14.5,14.84000015258789,13.850000381469727,14.479999542236328,12800,0.0,0.0
2023-12-08 00:00:00-05:00,14.119999885559082,14.399999618530273,13.979999542236328,13.979999542236328,9000,0.0,0.0
2023-12-11 00:00:00-05:00,13.720000267028809,14.199999809265137,13.619999885559082,13.649999618530273,9400,0.0,0.0
2023-12-12 00:00:00-05:00,13.779999732971191,14.1899995803833,13.510000228881836,13.859999656677246,9200,0.0,0.0
2023-12-13 00:00:00-05:00,13.5600004196167,14.989999771118164,13.5600004196167,14.930000305175781,15300,0.0,0.0
2023-12-14 00:00:00-05:00,14.970000267028809,15.0,14.25,14.739999771118164,15500,0.0,0.0
2023-12-15 00:00:00-05:00,14.75,14.75,13.550000190734863,14.609999656677246,48600,0.0,0.0
2023-12-18 00:00:00-05:00,14.510000228881836,14.680000305175781,14.199999809265137,14.479999542236328,13700,0.0,0.0
2023-12-19 00:00:00-05:00,14.420000076293945,14.989999771118164,14.420000076293945,14.649999618530273,22000,0.0,0.0
2023-12-20 00:00:00-05:00,14.899999618530273,16.079999923706055,14.569999694824219,15.3100004196167,31200,0.0,0.0
2023-12-21 00:00:00-05:00,15.069999694824219,15.470000267028809,14.46500015258789,15.199999809265137,20800,0.0,0.0
2023-12-22 00:00:00-05:00,15.149999618530273,16.440000534057617,15.149999618530273,16.209999084472656,15200,0.0,0.0
2023-12-26 00:00:00-05:00,16.200000762939453,16.200000762939453,14.149999618530273,14.510000228881836,31500,0.0,0.0
2023-12-27 00:00:00-05:00,14.510000228881836,14.6899995803833,13.899999618530273,14.180000305175781,40600,0.0,0.0
2023-12-28 00:00:00-05:00,14.109999656677246,14.5,13.75,14.300000190734863,28000,0.0,0.0
2023-12-29 00:00:00-05:00,13.550000190734863,14.40999984741211,12.65999984741211,13.34000015258789,95800,0.0,0.0
2024-01-02 00:00:00-05:00,13.109999656677246,13.467000007629395,13.0,13.09000015258789,25600,0.0,0.0
2024-01-03 00:00:00-05:00,13.100000381469727,13.100000381469727,12.600000381469727,12.600000381469727,16900,0.0,0.0
2024-01-04 00:00:00-05:00,12.770000457763672,13.34000015258789,12.744999885559082,13.119999885559082,13200,0.0,0.0
2024-01-05 00:00:00-05:00,12.930000305175781,13.824999809265137,12.880000114440918,13.390000343322754,13600,0.0,0.0
2024-01-08 00:00:00-05:00,13.5,13.65999984741211,13.09000015258789,13.65999984741211,5900,0.0,0.0
2024-01-09 00:00:00-05:00,13.220000267028809,13.270000457763672,13.199999809265137,13.199999809265137,3400,0.0,0.0
2024-01-10 00:00:00-05:00,13.140999794006348,13.180000305175781,12.25,12.569999694824219,22100,0.0,0.0
2024-01-11 00:00:00-05:00,12.600000381469727,12.779999732971191,12.241000175476074,12.319999694824219,6300,0.0,0.0
2024-01-12 00:00:00-05:00,12.369999885559082,13.210000038146973,12.369999885559082,12.989999771118164,9500,0.0,0.0
2024-01-16 00:00:00-05:00,12.979999542236328,12.979999542236328,12.347999572753906,12.5600004196167,5000,0.0,0.0
2024-01-17 00:00:00-05:00,12.5,12.614999771118164,12.069999694824219,12.399999618530273,9000,0.0,0.0
2024-01-18 00:00:00-05:00,12.3100004196167,12.3100004196167,11.246999740600586,11.890000343322754,51900,0.0,0.0
2024-01-19 00:00:00-05:00,11.989999771118164,12.550000190734863,11.704999923706055,12.399999618530273,6600,0.0,0.0
2024-01-22 00:00:00-05:00,12.109999656677246,13.0,11.850000381469727,12.960000038146973,12100,0.0,0.0
2024-01-23 00:00:00-05:00,12.760000228881836,12.9399995803833,11.829999923706055,12.609999656677246,41700,0.0,0.0
2024-01-24 00:00:00-05:00,12.729999542236328,12.800000190734863,12.3100004196167,12.600000381469727,6000,0.0,0.0
2024-01-25 00:00:00-05:00,12.630000114440918,12.789999961853027,12.010000228881836,12.119999885559082,7000,0.0,0.0
2024-01-26 00:00:00-05:00,12.100000381469727,12.390000343322754,11.84000015258789,12.09000015258789,21200,0.0,0.0
2024-01-29 00:00:00-05:00,12.17199993133545,12.949999809265137,12.17199993133545,12.779999732971191,9800,0.0,0.0
2024-01-30 00:00:00-05:00,12.600000381469727,12.720000267028809,12.149999618530273,12.149999618530273,4900,0.0,0.0
2024-01-31 00:00:00-05:00,12.029999732971191,12.309000015258789,11.8100004196167,11.8100004196167,4100,0.0,0.0
2024-02-01 00:00:00-05:00,11.75,12.460000038146973,11.5,12.329999923706055,8300,0.0,0.0
2024-02-02 00:00:00-05:00,12.0,12.489999771118164,12.0,12.069999694824219,7000,0.0,0.0
2024-02-05 00:00:00-05:00,12.015000343322754,12.239999771118164,11.75,11.75,5600,0.0,0.0
2024-02-06 00:00:00-05:00,12.225000381469727,12.649999618530273,12.020000457763672,12.359999656677246,12700,0.0,0.0
2024-02-07 00:00:00-05:00,12.470000267028809,12.470000267028809,12.003000259399414,12.180000305175781,7100,0.0,0.0
2024-02-08 00:00:00-05:00,12.109999656677246,12.510000228881836,12.109999656677246,12.359999656677246,6300,0.0,0.0
2024-02-09 00:00:00-05:00,12.170000076293945,12.989999771118164,12.170000076293945,12.989999771118164,15300,0.0,0.0
2024-02-12 00:00:00-05:00,12.78499984741211,13.670000076293945,12.78499984741211,13.520000457763672,8900,0.0,0.0
2024-02-13 00:00:00-05:00,13.09000015258789,13.40999984741211,12.520000457763672,12.520000457763672,9400,0.0,0.0
2024-02-14 00:00:00-05:00,12.265000343322754,13.364999771118164,12.265000343322754,13.289999961853027,10000,0.0,0.0
2024-02-15 00:00:00-05:00,13.279999732971191,14.1899995803833,13.279999732971191,14.069999694824219,17600,0.0,0.0
2024-02-16 00:00:00-05:00,13.970000267028809,14.079999923706055,12.968999862670898,13.699999809265137,7700,0.0,0.0
2024-02-20 00:00:00-05:00,13.40999984741211,13.670000076293945,12.973999977111816,13.1899995803833,6500,0.0,0.0
2024-02-21 00:00:00-05:00,12.925000190734863,13.050000190734863,12.710000038146973,12.800000190734863,5000,0.0,0.0
2024-02-22 00:00:00-05:00,12.850000381469727,13.270000457763672,12.805999755859375,12.989999771118164,5400,0.0,0.0
2024-02-23 00:00:00-05:00,12.970000267028809,13.175000190734863,12.760000228881836,12.770000457763672,3700,0.0,0.0
2024-02-26 00:00:00-05:00,12.899999618530273,13.09000015258789,12.831000328063965,13.020000457763672,2400,0.0,0.0
2024-02-27 00:00:00-05:00,13.211000442504883,13.211000442504883,12.760000228881836,12.760000228881836,4500,0.0,0.0
2024-02-28 00:00:00-05:00,12.899999618530273,13.199999809265137,12.621999740600586,13.109999656677246,9600,0.0,0.0
2024-02-29 00:00:00-05:00,13.199999809265137,13.489999771118164,13.15999984741211,13.460000038146973,9700,0.0,0.0
2024-03-01 00:00:00-05:00,13.3149995803833,13.53499984741211,12.850000381469727,12.850000381469727,7700,0.0,0.0
2024-03-04 00:00:00-05:00,12.670000076293945,13.180000305175781,12.510000228881836,12.510000228881836,4900,0.0,0.0
2024-03-05 00:00:00-05:00,12.390000343322754,13.0,12.109999656677246,12.109999656677246,5100,0.0,0.0
2024-03-06 00:00:00-05:00,12.244999885559082,12.789999961853027,12.244999885559082,12.699999809265137,3300,0.0,0.0
2024-03-07 00:00:00-05:00,12.652000427246094,12.878999710083008,12.550000190734863,12.75,4200,0.0,0.0
2024-03-08 00:00:00-05:00,12.760000228881836,13.399999618530273,12.760000228881836,13.010000228881836,7700,0.0,0.0
2024-03-11 00:00:00-04:00,12.970000267028809,13.479999542236328,12.970000267028809,13.25,4600,0.0,0.0
2024-03-12 00:00:00-04:00,13.119999885559082,13.369999885559082,13.093000411987305,13.15999984741211,4700,0.0,0.0
2024-03-13 00:00:00-04:00,13.270000457763672,13.449999809265137,12.699999809265137,13.0600004196167,22300,0.0,0.0
2024-03-14 00:00:00-04:00,10.100000381469727,11.539999961853027,9.699999809265137,11.34000015258789,66000,0.0,0.0
2024-03-15 00:00:00-04:00,11.34000015258789,11.739999771118164,11.34000015258789,11.359999656677246,20900,0.0,0.0
2024-03-18 00:00:00-04:00,11.520000457763672,11.6899995803833,9.079999923706055,10.010000228881836,117700,0.0,0.0
2024-03-19 00:00:00-04:00,10.0,10.079999923706055,9.614999771118164,9.710000038146973,20500,0.0,0.0
2024-03-20 00:00:00-04:00,9.630000114440918,10.390000343322754,9.600000381469727,10.15999984741211,40200,0.0,0.0
2024-03-21 00:00:00-04:00,9.8100004196167,10.369999885559082,9.75100040435791,10.34000015258789,28400,0.0,0.0
2024-03-22 00:00:00-04:00,10.170000076293945,10.234999656677246,9.970000267028809,10.109999656677246,5800,0.0,0.0
2024-03-25 00:00:00-04:00,10.260000228881836,10.6899995803833,10.119999885559082,10.670000076293945,30300,0.0,0.0
2024-03-26 00:00:00-04:00,10.600000381469727,10.975000381469727,10.187000274658203,10.90999984741211,9000,0.0,0.0
2024-03-27 00:00:00-04:00,10.989999771118164,11.041000366210938,10.53499984741211,11.0,16000,0.0,0.0
2024-03-28 00:00:00-04:00,11.0,11.0,10.354999542236328,10.510000228881836,25500,0.0,0.0
2024-04-01 00:00:00-04:00,10.510000228881836,10.960000038146973,10.15999984741211,10.649999618530273,31200,0.0,0.0
2024-04-02 00:00:00-04:00,11.0,11.0,10.0,10.470000267028809,28900,0.0,0.0
2024-04-03 00:00:00-04:00,10.229999542236328,10.6899995803833,10.020000457763672,10.279999732971191,21600,0.0,0.0
2024-04-04 00:00:00-04:00,10.5,10.619999885559082,10.010000228881836,10.600000381469727,11200,0.0,0.0
2024-04-05 00:00:00-04:00,10.600000381469727,10.699999809265137,10.295000076293945,10.520000457763672,14100,0.0,0.0
2024-04-08 00:00:00-04:00,10.649999618530273,10.8100004196167,10.220000267028809,10.520000457763672,13000,0.0,0.0
2024-04-09 00:00:00-04:00,10.649999618530273,10.75,10.0,10.140000343322754,9400,0.0,0.0
2024-04-10 00:00:00-04:00,9.960000038146973,10.303000450134277,9.300000190734863,9.600000381469727,18500,0.0,0.0
2024-04-11 00:00:00-04:00,9.649999618530273,10.199999809265137,9.40999984741211,10.180000305175781,15500,0.0,0.0
2024-04-12 00:00:00-04:00,10.180000305175781,10.300000190734863,9.529999732971191,9.529999732971191,11900,0.0,0.0
2024-04-15 00:00:00-04:00,9.600000381469727,10.390000343322754,9.600000381469727,10.149999618530273,16400,0.0,0.0
2024-04-16 00:00:00-04:00,10.050000190734863,10.25,10.005000114440918,10.020000457763672,18900,0.0,0.0
2024-04-17 00:00:00-04:00,10.010000228881836,10.1899995803833,9.6850004196167,9.90999984741211,18400,0.0,0.0
2024-04-18 00:00:00-04:00,9.890000343322754,10.489999771118164,9.675000190734863,10.40999984741211,17200,0.0,0.0
2024-04-19 00:00:00-04:00,10.25,10.5,10.086000442504883,10.5,11800,0.0,0.0
2024-04-22 00:00:00-04:00,10.449999809265137,10.461999893188477,9.699999809265137,9.739999771118164,7000,0.0,0.0
2024-04-23 00:00:00-04:00,9.710000038146973,10.350000381469727,9.710000038146973,10.140000343322754,18600,0.0,0.0
2024-04-24 00:00:00-04:00,10.199999809265137,10.430000305175781,9.84000015258789,10.050000190734863,18700,0.0,0.0
2024-04-25 00:00:00-04:00,10.0,10.170000076293945,9.883000373840332,10.010000228881836,8300,0.0,0.0
2024-04-26 00:00:00-04:00,9.631999969482422,10.149999618530273,9.631999969482422,10.149999618530273,10300,0.0,0.0
2024-04-29 00:00:00-04:00,10.1899995803833,10.1899995803833,9.90999984741211,10.09000015258789,4400,0.0,0.0
2024-04-30 00:00:00-04:00,9.930000305175781,10.350000381469727,9.890000343322754,10.069999694824219,15400,0.0,0.0
2024-05-01 00:00:00-04:00,10.289999961853027,11.050000190734863,10.060999870300293,11.0,27700,0.0,0.0
2024-05-02 00:00:00-04:00,11.0,11.0,10.300000190734863,10.319999694824219,13300,0.0,0.0
2024-05-03 00:00:00-04:00,10.369999885559082,10.899999618530273,10.100000381469727,10.109999656677246,9000,0.0,0.0
2024-05-06 00:00:00-04:00,10.289999961853027,10.5,10.050000190734863,10.390000343322754,10100,0.0,0.0
2024-05-07 00:00:00-04:00,10.289999961853027,10.779999732971191,10.289999961853027,10.5,5100,0.0,0.0
2024-05-08 00:00:00-04:00,10.180000305175781,10.1850004196167,9.609999656677246,9.789999961853027,7800,0.0,0.0
2024-05-09 00:00:00-04:00,10.022000312805176,10.100000381469727,9.40999984741211,9.420000076293945,11700,0.0,0.0
2024-05-10 00:00:00-04:00,9.420000076293945,9.600000381469727,8.800000190734863,9.010000228881836,25600,0.0,0.0
2024-05-13 00:00:00-04:00,8.739999771118164,9.350000381469727,8.571999549865723,8.59000015258789,61600,0.0,0.0
2024-05-14 00:00:00-04:00,8.770000457763672,9.119999885559082,8.536999702453613,8.699999809265137,25400,0.0,0.0
2024-05-15 00:00:00-04:00,8.710000038146973,9.005000114440918,8.694999694824219,8.850000381469727,21100,0.0,0.0
2024-05-16 00:00:00-04:00,8.75,9.140000343322754,8.75,8.914999961853027,11000,0.0,0.0
2024-05-17 00:00:00-04:00,9.029999732971191,9.123000144958496,8.529999732971191,8.529999732971191,20200,0.0,0.0
2024-05-20 00:00:00-04:00,8.520000457763672,8.890000343322754,8.520000457763672,8.850000381469727,18000,0.0,0.0
2024-05-21 00:00:00-04:00,8.9399995803833,9.760000228881836,8.920000076293945,9.479999542236328,13800,0.0,0.0
2024-05-22 00:00:00-04:00,9.512999534606934,9.779999732971191,9.5,9.779999732971191,17500,0.0,0.0
2024-05-23 00:00:00-04:00,9.84000015258789,9.944999694824219,9.600000381469727,9.800000190734863,24100,0.0,0.0
2024-05-24 00:00:00-04:00,9.670000076293945,9.989999771118164,9.630000114440918,9.8100004196167,9800,0.0,0.0
2024-05-28 00:00:00-04:00,9.8100004196167,10.510000228881836,9.696000099182129,10.109999656677246,23600,0.0,0.0
2024-05-29 00:00:00-04:00,9.970000267028809,10.1899995803833,9.84000015258789,9.84000015258789,8600,0.0,0.0
2024-05-30 00:00:00-04:00,10.0,10.699999809265137,10.0,10.600000381469727,17200,0.0,0.0
2024-05-31 00:00:00-04:00,10.585000038146973,10.807000160217285,10.359999656677246,10.470000267028809,6500,0.0,0.0
2024-06-03 00:00:00-04:00,10.380000114440918,10.380000114440918,9.739999771118164,10.050000190734863,11500,0.0,0.0
2024-06-04 00:00:00-04:00,9.880000114440918,10.029999732971191,9.65999984741211,9.65999984741211,6400,0.0,0.0
2024-06-05 00:00:00-04:00,9.649999618530273,10.130000114440918,9.649999618530273,10.130000114440918,15500,0.0,0.0
2024-06-06 00:00:00-04:00,9.704000473022461,10.5,9.704000473022461,9.890000343322754,4400,0.0,0.0
2024-06-07 00:00:00-04:00,9.779999732971191,10.130000114440918,9.729999542236328,10.010000228881836,5300,0.0,0.0
2024-06-10 00:00:00-04:00,9.895000457763672,10.164999961853027,9.895000457763672,10.050000190734863,4300,0.0,0.0
2024-06-11 00:00:00-04:00,9.979999542236328,10.774999618530273,9.979999542236328,10.75,30000,0.0,0.0
2024-06-12 00:00:00-04:00,10.619999885559082,10.619999885559082,9.28600025177002,10.270000457763672,34600,0.0,0.0
2024-06-13 00:00:00-04:00,9.729999542236328,10.149999618530273,9.729999542236328,10.029999732971191,6600,0.0,0.0
2024-06-14 00:00:00-04:00,9.829999923706055,9.970000267028809,9.75,9.75,6900,0.0,0.0
2024-06-17 00:00:00-04:00,9.75,9.892000198364258,9.75,9.75,6800,0.0,0.0
2024-06-18 00:00:00-04:00,9.779999732971191,10.0,9.779999732971191,10.0,15700,0.0,0.0
2024-06-20 00:00:00-04:00,9.960000038146973,9.975000381469727,9.460000038146973,9.5,17400,0.0,0.0
2024-06-21 00:00:00-04:00,9.470000267028809,9.859999656677246,9.449999809265137,9.449999809265137,24000,0.0,0.0
2024-06-24 00:00:00-04:00,9.5,9.59000015258789,9.149999618530273,9.234999656677246,20600,0.0,0.0
2024-06-25 00:00:00-04:00,9.149999618530273,9.569999694824219,9.149999618530273,9.5600004196167,10200,0.0,0.0
2024-06-26 00:00:00-04:00,9.529999732971191,9.529999732971191,9.170000076293945,9.25,15500,0.0,0.0
2024-06-27 00:00:00-04:00,9.180000305175781,9.460000038146973,9.050000190734863,9.460000038146973,28400,0.0,0.0
2024-06-28 00:00:00-04:00,9.390000343322754,9.720000267028809,9.270000457763672,9.720000267028809,91300,0.0,0.0
2024-07-01 00:00:00-04:00,9.59000015258789,10.65999984741211,9.59000015258789,10.4399995803833,23400,0.0,0.0
2024-07-02 00:00:00-04:00,10.579999923706055,10.682000160217285,10.260000228881836,10.510000228881836,12200,0.0,0.0
2024-07-03 00:00:00-04:00,10.585000038146973,10.585000038146973,10.470000267028809,10.470000267028809,2800,0.0,0.0
2024-07-05 00:00:00-04:00,10.369999885559082,10.369999885559082,9.949999809265137,10.229999542236328,18900,0.0,0.0
2024-07-08 00:00:00-04:00,10.239999771118164,10.239999771118164,9.875,10.180000305175781,11300,0.0,0.0
2024-07-09 00:00:00-04:00,10.180000305175781,10.25,9.890000343322754,10.25,8900,0.0,0.0
2024-07-10 00:00:00-04:00,10.25,10.25,9.960000038146973,10.239999771118164,17500,0.0,0.0
2024-07-11 00:00:00-04:00,10.25,11.0,10.25,11.0,21300,0.0,0.0
2024-07-12 00:00:00-04:00,11.0,11.5,10.791999816894531,11.5,27400,0.0,0.0
2024-07-15 00:00:00-04:00,11.289999961853027,11.75,11.074999809265137,11.75,13100,0.0,0.0
2024-07-16 00:00:00-04:00,11.970000267028809,12.8100004196167,11.75,12.800000190734863,26600,0.0,0.0
2024-07-17 00:00:00-04:00,12.579999923706055,13.989999771118164,12.135000228881836,13.979999542236328,55600,0.0,0.0
2024-07-18 00:00:00-04:00,13.84000015258789,14.25,13.359999656677246,13.359999656677246,42100,0.0,0.0
2024-07-19 00:00:00-04:00,13.34000015258789,13.600000381469727,13.109999656677246,13.569999694824219,13900,0.0,0.0
2024-07-22 00:00:00-04:00,13.699999809265137,14.079999923706055,12.569999694824219,13.920000076293945,14900,0.0,0.0
2024-07-23 00:00:00-04:00,13.920000076293945,14.800000190734863,13.920000076293945,14.569999694824219,30700,0.0,0.0
2024-07-24 00:00:00-04:00,14.170000076293945,14.170000076293945,13.40999984741211,13.569999694824219,20700,0.0,0.0
2024-07-25 00:00:00-04:00,13.579999923706055,13.869999885559082,12.960000038146973,13.779999732971191,16500,0.0,0.0
2024-07-26 00:00:00-04:00,14.020000457763672,14.020000457763672,13.34000015258789,13.649999618530273,13400,0.0,0.0
2024-07-29 00:00:00-04:00,13.319999694824219,13.899999618530273,12.800000190734863,12.800000190734863,16300,0.0,0.0
2024-07-30 00:00:00-04:00,13.0,13.095000267028809,12.949999809265137,12.949999809265137,5000,0.0,0.0
2024-07-31 00:00:00-04:00,13.029999732971191,13.119999885559082,12.729999542236328,13.119999885559082,11000,0.0,0.0
2024-08-01 00:00:00-04:00,13.0,13.029999732971191,12.130000114440918,12.6899995803833,15800,0.0,0.0
2024-08-02 00:00:00-04:00,12.149999618530273,12.4399995803833,12.149999618530273,12.34000015258789,6800,0.0,0.0
2024-08-05 00:00:00-04:00,11.579999923706055,12.739999771118164,10.220000267028809,12.4399995803833,48500,0.0,0.0
2024-08-06 00:00:00-04:00,12.399999618530273,12.399999618530273,11.720000267028809,12.069999694824219,7800,0.0,0.0
2024-08-07 00:00:00-04:00,12.199999809265137,12.279000282287598,10.875,11.550000190734863,17000,0.0,0.0
2024-08-08 00:00:00-04:00,10.520000457763672,10.609999656677246,7.690000057220459,9.149999618530273,68900,0.0,0.0
2024-08-09 00:00:00-04:00,9.170000076293945,9.510000228881836,8.710000038146973,9.079999923706055,20900,0.0,0.0
2024-08-12 00:00:00-04:00,8.618000030517578,9.0,8.239999771118164,8.260000228881836,24300,0.0,0.0
2024-08-13 00:00:00-04:00,8.260000228881836,8.619999885559082,8.130000114440918,8.279999732971191,11200,0.0,0.0
2024-08-14 00:00:00-04:00,8.430000305175781,8.5600004196167,7.440999984741211,8.069999694824219,39800,0.0,0.0
2024-08-15 00:00:00-04:00,8.260000228881836,8.600000381469727,8.029999732971191,8.180000305175781,6700,0.0,0.0
2024-08-16 00:00:00-04:00,8.220000267028809,8.375,7.699999809265137,7.900000095367432,48700,0.0,0.0
2024-08-19 00:00:00-04:00,7.800000190734863,8.151000022888184,7.800000190734863,7.860000133514404,10500,0.0,0.0
2024-08-20 00:00:00-04:00,7.964000225067139,7.964000225067139,7.28000020980835,7.420000076293945,23500,0.0,0.0
2024-08-21 00:00:00-04:00,7.53000020980835,7.579999923706055,7.269999980926514,7.539999961853027,15800,0.0,0.0
2024-08-22 00:00:00-04:00,7.53000020980835,7.949999809265137,7.4730000495910645,7.909999847412109,13600,0.0,0.0
2024-08-23 00:00:00-04:00,7.97599983215332,10.3100004196167,7.97599983215332,9.930000305175781,137600,0.0,0.0
2024-08-26 00:00:00-04:00,10.180000305175781,10.350000381469727,8.359999656677246,9.1899995803833,51200,0.0,0.0
2024-08-27 00:00:00-04:00,9.199999809265137,9.199999809265137,7.769999980926514,8.055000305175781,36600,0.0,0.0
2024-08-28 00:00:00-04:00,7.989999771118164,8.472999572753906,7.989999771118164,8.170000076293945,13200,0.0,0.0
2024-08-29 00:00:00-04:00,8.199999809265137,8.65999984741211,8.010000228881836,8.550000190734863,11500,0.0,0.0
2024-08-30 00:00:00-04:00,8.545000076293945,8.545000076293945,8.100000381469727,8.460000038146973,11900,0.0,0.0
2024-09-03 00:00:00-04:00,8.210000038146973,8.899999618530273,8.210000038146973,8.390000343322754,15500,0.0,0.0
2024-09-04 00:00:00-04:00,8.279999732971191,8.65999984741211,8.010000228881836,8.020000457763672,13400,0.0,0.0
2024-09-05 00:00:00-04:00,8.119999885559082,8.461000442504883,7.860000133514404,8.0600004196167,17400,0.0,0.0
2024-09-06 00:00:00-04:00,7.980000019073486,7.980000019073486,7.40500020980835,7.619999885559082,16400,0.0,0.0
2024-09-09 00:00:00-04:00,7.510000228881836,7.940000057220459,7.510000228881836,7.590000152587891,13300,0.0,0.0
2024-09-10 00:00:00-04:00,7.639999866485596,7.909999847412109,7.639999866485596,7.78000020980835,6600,0.0,0.0
2024-09-11 00:00:00-04:00,7.75,7.920000076293945,7.75,7.78000020980835,5800,0.0,0.0
2024-09-12 00:00:00-04:00,7.690000057220459,8.380000114440918,7.690000057220459,8.279999732971191,12900,0.0,0.0
2024-09-13 00:00:00-04:00,8.170000076293945,8.899999618530273,8.170000076293945,8.829999923706055,25800,0.0,0.0
2024-09-16 00:00:00-04:00,8.729999542236328,8.890000343322754,8.562000274658203,8.8100004196167,6100,0.0,0.0
2024-09-17 00:00:00-04:00,8.970000267028809,9.130000114440918,8.84000015258789,9.050000190734863,13100,0.0,0.0
2024-09-18 00:00:00-04:00,9.010000228881836,9.579999923706055,9.010000228881836,9.4350004196167,18500,0.0,0.0
2024-09-19 00:00:00-04:00,9.5,10.079999923706055,9.5,10.069999694824219,11000,0.0,0.0
2024-09-20 00:00:00-04:00,9.880000114440918,10.069999694824219,9.746000289916992,10.0,26100,0.0,0.0
2024-09-23 00:00:00-04:00,10.09000015258789,10.164999961853027,9.265000343322754,9.539999961853027,14200,0.0,0.0
2024-09-24 00:00:00-04:00,9.619999885559082,9.78499984741211,9.399999618530273,9.649999618530273,8300,0.0,0.0
2024-09-25 00:00:00-04:00,9.859999656677246,9.869999885559082,9.300000190734863,9.390000343322754,6900,0.0,0.0
2024-09-26 00:00:00-04:00,9.489999771118164,9.489999771118164,8.989999771118164,9.050000190734863,26800,0.0,0.0
2024-09-27 00:00:00-04:00,9.25,9.729999542236328,9.130000114440918,9.479999542236328,21000,0.0,0.0
2024-09-30 00:00:00-04:00,9.289999961853027,9.75,9.100000381469727,9.380000114440918,11000,0.0,0.0
2024-10-01 00:00:00-04:00,9.420000076293945,9.420000076293945,9.09000015258789,9.119999885559082,11800,0.0,0.0
2024-10-02 00:00:00-04:00,9.15999984741211,9.15999984741211,8.880000114440918,8.949999809265137,6200,0.0,0.0
2024-10-03 00:00:00-04:00,8.789999961853027,9.739999771118164,8.789999961853027,9.529999732971191,17600,0.0,0.0
2024-10-04 00:00:00-04:00,9.579999923706055,9.611000061035156,9.039999961853027,9.59000015258789,17400,0.0,0.0
2024-10-07 00:00:00-04:00,9.4399995803833,9.489999771118164,9.244999885559082,9.460000038146973,3300,0.0,0.0
2024-10-08 00:00:00-04:00,9.59000015258789,9.75,9.550000190734863,9.739999771118164,4000,0.0,0.0
2024-10-09 00:00:00-04:00,9.75,9.75,9.399999618530273,9.6899995803833,12600,0.0,0.0
2024-10-10 00:00:00-04:00,9.420000076293945,9.670000076293945,9.399999618530273,9.510000228881836,3900,0.0,0.0
2024-10-11 00:00:00-04:00,9.539999961853027,9.645000457763672,9.399999618530273,9.5,7600,0.0,0.0
2024-10-14 00:00:00-04:00,9.020000457763672,9.239999771118164,8.824999809265137,8.979999542236328,13100,0.0,0.0
2024-10-15 00:00:00-04:00,9.100000381469727,9.600000381469727,9.0600004196167,9.550000190734863,7600,0.0,0.0
2024-10-16 00:00:00-04:00,9.600000381469727,9.725000381469727,9.350000381469727,9.680000305175781,46000,0.0,0.0
2024-10-17 00:00:00-04:00,9.739999771118164,9.75,9.550000190734863,9.619999885559082,10800,0.0,0.0
2024-10-18 00:00:00-04:00,9.609999656677246,10.569999694824219,9.609999656677246,10.569999694824219,26500,0.0,0.0
2024-10-21 00:00:00-04:00,10.670000076293945,11.359999656677246,10.670000076293945,11.199999809265137,48100,0.0,0.0
2024-10-22 00:00:00-04:00,11.039999961853027,11.354999542236328,10.510000228881836,10.9399995803833,25100,0.0,0.0
2024-10-23 00:00:00-04:00,10.163999557495117,11.100000381469727,10.0649995803833,10.850000381469727,27300,0.0,0.0
2024-10-24 00:00:00-04:00,10.8100004196167,11.364999771118164,10.770000457763672,11.229999542236328,14300,0.0,0.0
2024-10-25 00:00:00-04:00,10.984999656677246,11.5,10.984999656677246,11.010000228881836,19100,0.0,0.0
2024-10-28 00:00:00-04:00,11.104000091552734,11.739999771118164,11.050000190734863,11.600000381469727,23200,0.0,0.0
2024-10-29 00:00:00-04:00,11.5,11.859000205993652,11.5,11.84000015258789,25100,0.0,0.0
2024-10-30 00:00:00-04:00,11.914999961853027,12.104999542236328,11.609999656677246,11.609999656677246,29700,0.0,0.0
2024-10-31 00:00:00-04:00,11.680000305175781,11.699999809265137,11.069999694824219,11.34000015258789,17300,0.0,0.0
2024-11-01 00:00:00-04:00,11.065999984741211,11.800000190734863,10.949999809265137,11.704999923706055,20000,0.0,0.0
2024-11-04 00:00:00-05:00,11.979999542236328,12.75,11.73900032043457,12.649999618530273,41100,0.0,0.0
2024-11-05 00:00:00-05:00,12.649999618530273,13.479999542236328,12.649999618530273,13.359999656677246,45000,0.0,0.0
2024-11-06 00:00:00-05:00,13.59000015258789,13.75,12.380000114440918,12.75,123100,0.0,0.0
2024-11-07 00:00:00-05:00,12.61400032043457,12.770000457763672,11.694999694824219,11.779999732971191,40500,0.0,0.0
2024-11-08 00:00:00-05:00,11.819999694824219,12.029999732971191,11.140000343322754,11.90999984741211,28500,0.0,0.0
2024-11-11 00:00:00-05:00,11.5600004196167,11.5600004196167,10.649999618530273,11.539999961853027,30600,0.0,0.0
2024-11-12 00:00:00-05:00,11.28600025177002,12.729999542236328,11.28600025177002,12.699999809265137,29200,0.0,0.0
2024-11-13 00:00:00-05:00,12.670000076293945,12.979999542236328,12.34000015258789,12.399999618530273,32700,0.0,0.0
2024-11-14 00:00:00-05:00,12.529999732971191,12.529999732971191,12.149999618530273,12.420000076293945,25500,0.0,0.0
2024-11-15 00:00:00-05:00,12.479999542236328,12.5,11.869999885559082,11.920000076293945,25900,0.0,0.0
2024-11-18 00:00:00-05:00,11.800000190734863,11.920000076293945,10.899999618530273,11.100000381469727,32700,0.0,0.0
2024-11-19 00:00:00-05:00,11.09000015258789,11.289999961853027,10.869999885559082,11.239999771118164,13700,0.0,0.0
2024-11-20 00:00:00-05:00,11.319999694824219,11.470000267028809,11.029999732971191,11.300000190734863,8200,0.0,0.0
2024-11-21 00:00:00-05:00,11.25,11.579999923706055,11.20300006866455,11.5,17200,0.0,0.0
2024-11-22 00:00:00-05:00,11.520000457763672,12.229999542236328,11.414999961853027,11.899999618530273,21500,0.0,0.0
2024-11-25 00:00:00-05:00,11.989999771118164,12.920000076293945,11.649999618530273,11.65999984741211,58100,0.0,0.0
2024-11-26 00:00:00-05:00,11.65999984741211,12.5,11.449999809265137,11.819999694824219,37200,0.0,0.0
2024-11-27 00:00:00-05:00,12.039999961853027,12.369999885559082,11.800000190734863,12.34000015258789,12600,0.0,0.0
2024-11-29 00:00:00-05:00,12.34000015258789,12.920000076293945,11.984999656677246,12.8100004196167,38400,0.0,0.0
2024-12-02 00:00:00-05:00,12.819999694824219,12.829999923706055,12.031000137329102,12.460000038146973,29400,0.0,0.0
2024-12-03 00:00:00-05:00,12.109999656677246,12.539999961853027,11.869999885559082,12.0,26000,0.0,0.0
2024-12-04 00:00:00-05:00,11.979999542236328,11.979999542236328,11.479999542236328,11.510000228881836,25400,0.0,0.0
2024-12-05 00:00:00-05:00,11.470000267028809,11.510000228881836,10.079999923706055,10.699999809265137,113100,0.0,0.0
2024-12-06 00:00:00-05:00,10.649999618530273,10.979999542236328,10.649999618530273,10.789999961853027,32200,0.0,0.0
2024-12-09 00:00:00-05:00,10.779999732971191,11.135000228881836,10.670000076293945,10.75,50600,0.0,0.0
2024-12-10 00:00:00-05:00,10.770000457763672,11.880000114440918,10.770000457763672,11.729999542236328,32200,0.0,0.0
2024-12-11 00:00:00-05:00,11.770000457763672,11.859999656677246,11.220000267028809,11.220000267028809,39700,0.0,0.0
2024-12-12 00:00:00-05:00,11.359999656677246,11.71399974822998,11.100000381469727,11.1899995803833,30700,0.0,0.0
2024-12-13 00:00:00-05:00,11.130000114440918,11.180000305175781,10.770000457763672,10.84000015258789,8200,0.0,0.0
2024-12-16 00:00:00-05:00,10.770000457763672,10.880000114440918,10.25,10.550000190734863,82200,0.0,0.0
2024-12-17 00:00:00-05:00,12.010000228881836,13.25,11.878999710083008,12.609999656677246,200200,0.0,0.0
2024-12-18 00:00:00-05:00,12.779999732971191,14.489999771118164,12.079999923706055,12.3100004196167,68500,0.0,0.0
2024-12-19 00:00:00-05:00,12.25,12.949999809265137,12.25,12.680000305175781,84000,0.0,0.0
2024-12-20 00:00:00-05:00,12.5,13.09000015258789,12.479999542236328,12.779999732971191,71600,0.0,0.0
2024-12-23 00:00:00-05:00,12.619999885559082,13.199999809265137,12.289999961853027,12.760000228881836,42900,0.0,0.0
2024-12-24 00:00:00-05:00,12.6899995803833,13.300000190734863,12.5,13.220000267028809,16400,0.0,0.0
2024-12-26 00:00:00-05:00,13.199999809265137,13.5600004196167,13.0,13.380000114440918,26100,0.0,0.0
2024-12-27 00:00:00-05:00,13.300000190734863,13.359999656677246,12.119999885559082,12.369999885559082,25500,0.0,0.0
2024-12-30 00:00:00-05:00,12.199999809265137,13.270000457763672,11.569999694824219,12.800000190734863,48600,0.0,0.0
2024-12-31 00:00:00-05:00,12.800000190734863,14.359999656677246,12.800000190734863,13.390000343322754,72100,0.0,0.0
2025-01-02 00:00:00-05:00,13.390000343322754,13.899999618530273,12.890000343322754,13.899999618530273,66500,0.0,0.0
2025-01-03 00:00:00-05:00,13.949999809265137,14.550000190734863,13.199999809265137,14.329999923706055,83700,0.0,0.0
2025-01-06 00:00:00-05:00,14.75,14.9399995803833,14.116999626159668,14.390000343322754,84900,0.0,0.0
2025-01-07 00:00:00-05:00,14.210000038146973,14.979999542236328,13.510000228881836,14.979999542236328,49600,0.0,0.0
2025-01-08 00:00:00-05:00,14.623000144958496,14.989999771118164,14.33899974822998,14.65999984741211,29600,0.0,0.0
2025-01-10 00:00:00-05:00,14.359999656677246,14.79800033569336,14.359999656677246,14.710000038146973,42400,0.0,0.0
2025-01-13 00:00:00-05:00,14.289999961853027,14.531000137329102,13.920000076293945,14.260000228881836,30900,0.0,0.0
2025-01-14 00:00:00-05:00,14.1899995803833,14.5,14.039999961853027,14.369999885559082,49100,0.0,0.0
2025-01-15 00:00:00-05:00,14.520000457763672,14.550000190734863,13.65999984741211,13.720000267028809,46300,0.0,0.0
2025-01-16 00:00:00-05:00,13.579999923706055,14.260000228881836,13.319999694824219,13.520000457763672,77800,0.0,0.0
2025-01-17 00:00:00-05:00,13.619999885559082,13.90999984741211,13.199000358581543,13.739999771118164,43800,0.0,0.0
2025-01-21 00:00:00-05:00,13.699999809265137,15.079999923706055,13.505999565124512,15.0600004196167,143500,0.0,0.0
2025-01-22 00:00:00-05:00,14.920000076293945,15.359999656677246,14.640000343322754,15.0,51500,0.0,0.0
2025-01-23 00:00:00-05:00,14.875,17.829999923706055,14.875,17.729999542236328,274200,0.0,0.0
2025-01-24 00:00:00-05:00,17.18000030517578,18.200000762939453,16.489999771118164,16.90999984741211,63800,0.0,0.0
2025-01-27 00:00:00-05:00,16.90999984741211,17.350000381469727,15.880000114440918,16.709999084472656,59400,0.0,0.0
2025-01-28 00:00:00-05:00,16.889999389648438,17.586000442504883,16.270000457763672,16.729999542236328,22000,0.0,0.0
2025-01-29 00:00:00-05:00,16.450000762939453,16.510000228881836,15.699999809265137,16.010000228881836,25600,0.0,0.0
2025-01-30 00:00:00-05:00,16.209999084472656,16.631999969482422,15.930000305175781,16.219999313354492,20700,0.0,0.0
2025-01-31 00:00:00-05:00,16.1200008392334,17.11199951171875,16.1200008392334,16.299999237060547,18200,0.0,0.0
2025-02-03 00:00:00-05:00,15.6899995803833,16.520000457763672,15.680000305175781,16.260000228881836,13400,0.0,0.0
2025-02-04 00:00:00-05:00,16.25,17.489999771118164,16.049999237060547,16.43000030517578,38300,0.0,0.0
2025-02-05 00:00:00-05:00,16.459999084472656,16.459999084472656,16.0,16.219999313354492,17000,0.0,0.0
2025-02-06 00:00:00-05:00,16.290000915527344,16.290000915527344,15.579999923706055,15.789999961853027,14600,0.0,0.0
2025-02-07 00:00:00-05:00,15.630000114440918,15.630000114440918,15.09000015258789,15.09000015258789,16100,0.0,0.0
2025-02-10 00:00:00-05:00,15.0600004196167,16.719999313354492,14.680000305175781,16.290000915527344,45900,0.0,0.0
2025-02-11 00:00:00-05:00,16.709999084472656,20.0,16.709999084472656,18.989999771118164,329800,0.0,0.0
2025-02-12 00:00:00-05:00,18.329999923706055,18.5,17.299999237060547,17.950000762939453,48300,0.0,0.0
2025-02-13 00:00:00-05:00,17.959999084472656,18.03499984741211,17.200000762939453,18.020000457763672,25000,0.0,0.0
2025-02-14 00:00:00-05:00,18.020000457763672,19.25,17.701000213623047,19.149999618530273,85000,0.0,0.0
2025-02-18 00:00:00-05:00,18.899999618530273,18.985000610351562,17.764999389648438,18.040000915527344,24600,0.0,0.0
2025-02-19 00:00:00-05:00,17.770000457763672,18.114999771118164,17.0,18.110000610351562,15100,0.0,0.0
2025-02-20 00:00:00-05:00,17.989999771118164,18.488000869750977,17.75,18.260000228881836,19900,0.0,0.0
2025-02-21 00:00:00-05:00,18.149999618530273,18.200000762939453,17.725000381469727,17.940000534057617,32200,0.0,0.0
2025-02-24 00:00:00-05:00,17.950000762939453,18.03499984741211,16.93000030517578,17.0,25100,0.0,0.0
2025-02-25 00:00:00-05:00,16.989999771118164,17.8700008392334,16.600000381469727,17.389999389648438,19500,0.0,0.0
2025-02-26 00:00:00-05:00,17.31999969482422,18.40999984741211,17.100000381469727,18.40999984741211,72800,0.0,0.0
2025-02-27 00:00:00-05:00,19.5,21.0,14.5,15.75,309400,0.0,0.0
2025-02-28 00:00:00-05:00,14.9399995803833,14.9399995803833,13.720000267028809,14.489999771118164,113200,0.0,0.0
2025-03-03 00:00:00-05:00,14.0600004196167,15.807000160217285,13.920000076293945,14.40999984741211,59400,0.0,0.0
2025-03-04 00:00:00-05:00,15.020000457763672,17.010000228881836,14.420000076293945,15.670000076293945,94700,0.0,0.0
2025-03-05 00:00:00-05:00,14.850000381469727,15.90999984741211,14.460000038146973,15.899999618530273,53700,0.0,0.0
2025-03-06 00:00:00-05:00,15.5,16.399999618530273,15.229999542236328,15.640000343322754,36000,0.0,0.0
2025-03-07 00:00:00-05:00,15.649999618530273,15.649999618530273,14.609999656677246,15.050000190734863,31300,0.0,0.0
2025-03-10 00:00:00-04:00,15.119999885559082,16.0,13.800000190734863,14.369999885559082,50800,0.0,0.0
2025-03-11 00:00:00-04:00,14.210000038146973,14.890000343322754,13.300000190734863,13.75,49400,0.0,0.0
2025-03-12 00:00:00-04:00,13.649999618530273,14.630000114440918,13.010000228881836,13.010000228881836,54800,0.0,0.0
2025-03-13 00:00:00-04:00,12.979999542236328,13.5,12.5,12.5,61600,0.0,0.0
2025-03-14 00:00:00-04:00,12.609999656677246,13.114999771118164,12.149999618530273,12.899999618530273,64900,0.0,0.0
2025-03-17 00:00:00-04:00,12.960000038146973,14.378999710083008,12.960000038146973,13.569999694824219,48700,0.0,0.0
2025-03-18 00:00:00-04:00,13.569999694824219,13.579999923706055,13.149999618530273,13.430000305175781,15500,0.0,0.0
2025-03-19 00:00:00-04:00,13.359999656677246,13.949999809265137,13.354999542236328,13.789999961853027,17200,0.0,0.0
2025-03-20 00:00:00-04:00,13.670000076293945,14.13599967956543,13.102999687194824,13.739999771118164,47500,0.0,0.0
2025-03-21 00:00:00-04:00,13.65999984741211,13.6899995803833,12.845000267028809,13.0,99200,0.0,0.0
2025-03-24 00:00:00-04:00,13.039999961853027,13.949999809265137,12.925000190734863,13.4399995803833,79600,0.0,0.0
2025-03-25 00:00:00-04:00,13.470000267028809,13.470000267028809,12.539999961853027,12.979999542236328,43500,0.0,0.0
2025-03-26 00:00:00-04:00,13.0,13.402000427246094,12.770000457763672,13.0600004196167,29400,0.0,0.0
2025-03-27 00:00:00-04:00,13.0600004196167,13.109999656677246,12.020000457763672,12.399999618530273,66200,0.0,0.0
2025-03-28 00:00:00-04:00,12.430000305175781,12.800000190734863,12.050999641418457,12.380000114440918,37000,0.0,0.0
2025-03-31 00:00:00-04:00,12.140000343322754,12.6899995803833,11.680000305175781,12.270000457763672,69900,0.0,0.0
2025-04-01 00:00:00-04:00,12.149999618530273,12.555000305175781,11.800000190734863,12.390000343322754,69500,0.0,0.0
2025-04-02 00:00:00-04:00,12.369999885559082,12.369999885559082,11.75,11.930000305175781,57400,0.0,0.0
2025-04-03 00:00:00-04:00,11.470000267028809,11.880000114440918,11.0,11.470000267028809,103500,0.0,0.0
2025-04-04 00:00:00-04:00,11.0,11.100000381469727,9.119999885559082,9.729999542236328,335600,0.0,0.0
2025-04-07 00:00:00-04:00,9.359999656677246,10.859999656677246,9.260000228881836,10.399999618530273,66800,0.0,0.0
2025-04-08 00:00:00-04:00,10.989999771118164,11.159000396728516,9.75,9.859999656677246,81800,0.0,0.0
2025-04-09 00:00:00-04:00,9.710000038146973,10.770000457763672,9.475000381469727,10.210000038146973,95100,0.0,0.0
2025-04-10 00:00:00-04:00,9.899999618530273,10.414999961853027,9.75,10.170000076293945,49500,0.0,0.0
2025-04-11 00:00:00-04:00,10.220000267028809,10.850000381469727,9.819999694824219,10.65999984741211,47200,0.0,0.0
2025-04-14 00:00:00-04:00,10.649999618530273,10.739999771118164,10.210000038146973,10.4399995803833,53100,0.0,0.0
2025-04-15 00:00:00-04:00,10.460000038146973,11.260000228881836,10.460000038146973,11.005000114440918,57000,0.0,0.0
2025-04-16 00:00:00-04:00,11.15999984741211,11.300000190734863,10.720000267028809,11.0,25700,0.0,0.0
2025-04-17 00:00:00-04:00,10.970000267028809,11.354999542236328,10.364999771118164,11.220000267028809,34300,0.0,0.0
2025-04-21 00:00:00-04:00,11.199999809265137,11.362000465393066,10.385000228881836,10.630000114440918,46400,0.0,0.0
2025-04-22 00:00:00-04:00,11.130000114440918,11.260000228881836,10.65999984741211,10.859999656677246,19600,0.0,0.0
2025-04-23 00:00:00-04:00,10.8100004196167,11.039999961853027,10.329999923706055,10.470000267028809,31500,0.0,0.0
2025-04-24 00:00:00-04:00,10.399999618530273,10.8149995803833,10.399999618530273,10.710000038146973,19700,0.0,0.0
2025-04-25 00:00:00-04:00,10.609999656677246,10.989999771118164,10.057999610900879,10.270000457763672,32100,0.0,0.0
2025-04-28 00:00:00-04:00,10.199999809265137,10.614999771118164,10.0600004196167,10.489999771118164,20500,0.0,0.0
2025-04-29 00:00:00-04:00,10.460000038146973,10.489999771118164,10.050000190734863,10.430000305175781,25000,0.0,0.0
2025-04-30 00:00:00-04:00,10.220000267028809,10.5600004196167,9.989999771118164,10.529999732971191,48300,0.0,0.0
2025-05-01 00:00:00-04:00,10.520000457763672,10.555000305175781,8.170000076293945,9.4399995803833,120800,0.0,0.0
2025-05-02 00:00:00-04:00,9.399999618530273,9.5,8.739999771118164,8.8100004196167,63000,0.0,0.0
2025-05-05 00:00:00-04:00,8.65999984741211,9.0,7.710000038146973,7.75,84400,0.0,0.0
2025-05-06 00:00:00-04:00,7.75,7.794000148773193,7.170000076293945,7.179999828338623,73500,0.0,0.0
2025-05-07 00:00:00-04:00,7.170000076293945,8.579999923706055,7.170000076293945,8.489999771118164,93100,0.0,0.0
2025-05-08 00:00:00-04:00,8.489999771118164,8.63700008392334,8.229999542236328,8.369999885559082,28400,0.0,0.0
2025-05-09 00:00:00-04:00,8.277000427246094,8.454999923706055,8.0,8.199999809265137,21400,0.0,0.0
2025-05-12 00:00:00-04:00,8.699999809265137,8.699999809265137,8.100000381469727,8.130000114440918,86600,0.0,0.0
2025-05-13 00:00:00-04:00,8.640000343322754,8.75,7.599999904632568,8.109999656677246,112500,0.0,0.0
2025-05-14 00:00:00-04:00,8.180000305175781,8.336999893188477,7.349999904632568,7.5,78200,0.0,0.0
2025-05-15 00:00:00-04:00,7.579999923706055,7.639999866485596,7.170000076293945,7.25,34300,0.0,0.0
2025-05-16 00:00:00-04:00,7.239999771118164,7.375,6.855000019073486,7.130000114440918,54900,0.0,0.0
2025-05-19 00:00:00-04:00,6.130000114440918,7.039999961853027,6.130000114440918,6.494999885559082,182700,0.0,0.0
2025-05-20 00:00:00-04:00,6.71999979019165,6.790999889373779,6.360000133514404,6.420000076293945,45700,0.0,0.0
2025-05-21 00:00:00-04:00,6.360000133514404,6.366000175476074,5.932000160217285,5.989999771118164,80200,0.0,0.0
2025-05-22 00:00:00-04:00,5.980000019073486,6.099999904632568,5.730000019073486,5.789999961853027,50700,0.0,0.0
2025-05-23 00:00:00-04:00,5.699999809265137,5.829999923706055,5.570000171661377,5.75,46800,0.0,0.0
2025-05-27 00:00:00-04:00,5.789999961853027,6.360000133514404,5.760000228881836,6.289999961853027,81800,0.0,0.0
2025-05-28 00:00:00-04:00,6.320000171661377,6.698999881744385,5.784999847412109,5.909999847412109,68000,0.0,0.0
2025-05-29 00:00:00-04:00,6.019999980926514,6.026000022888184,5.724999904632568,5.764999866485596,33200,0.0,0.0
2025-05-30 00:00:00-04:00,5.739999771118164,5.760000228881836,5.510000228881836,5.510000228881836,41900,0.0,0.0
2025-06-02 00:00:00-04:00,5.510000228881836,5.789999961853027,5.400000095367432,5.789999961853027,65500,0.0,0.0
2025-06-03 00:00:00-04:00,5.820000171661377,6.099999904632568,5.489999771118164,5.949999809265137,76700,0.0,0.0
2025-06-04 00:00:00-04:00,5.940000057220459,6.119999885559082,5.711999893188477,5.860000133514404,20100,0.0,0.0
2025-06-05 00:00:00-04:00,5.889999866485596,6.193999767303467,5.659999847412109,5.760000228881836,33500,0.0,0.0
2025-06-06 00:00:00-04:00,5.800000190734863,6.21999979019165,5.75,6.150000095367432,44000,0.0,0.0
2025-06-09 00:00:00-04:00,6.150000095367432,6.26200008392334,5.900000095367432,5.989999771118164,32500,0.0,0.0
2025-06-10 00:00:00-04:00,6.0,6.150000095367432,5.860000133514404,5.920000076293945,49500,0.0,0.0
2025-06-11 00:00:00-04:00,6.039999961853027,6.144999980926514,5.860000133514404,5.860000133514404,31700,0.0,0.0
2025-06-12 00:00:00-04:00,5.820000171661377,5.949999809265137,5.710000038146973,5.840000152587891,24800,0.0,0.0
2025-06-13 00:00:00-04:00,5.739999771118164,5.848999977111816,5.610000133514404,5.699999809265137,35600,0.0,0.0
2025-06-16 00:00:00-04:00,5.789999961853027,5.848999977111816,5.619999885559082,5.739999771118164,46500,0.0,0.0
2025-06-17 00:00:00-04:00,5.670000076293945,5.797999858856201,5.460000038146973,5.460000038146973,33700,0.0,0.0
2025-06-18 00:00:00-04:00,5.449999809265137,5.630000114440918,5.374000072479248,5.599999904632568,35200,0.0,0.0
2025-06-20 00:00:00-04:00,5.630000114440918,5.755000114440918,5.460000038146973,5.539999961853027,56200,0.0,0.0
2025-06-23 00:00:00-04:00,5.409999847412109,7.116000175476074,5.010000228881836,5.389999866485596,462500,0.0,0.0
2025-06-24 00:00:00-04:00,5.559999942779541,5.934999942779541,5.5,5.800000190734863,83000,0.0,0.0
2025-06-25 00:00:00-04:00,5.860000133514404,6.013000011444092,5.449999809265137,5.510000228881836,33000,0.0,0.0
2025-06-26 00:00:00-04:00,5.599999904632568,5.949999809265137,5.454999923706055,5.949999809265137,56700,0.0,0.0
2025-06-27 00:00:00-04:00,5.949999809265137,5.965000152587891,5.573999881744385,5.849999904632568,120000,0.0,0.0
2025-06-30 00:00:00-04:00,5.809999942779541,5.809999942779541,5.510000228881836,5.550000190734863,23800,0.0,0.0
2025-07-01 00:00:00-04:00,5.559999942779541,6.317999839782715,5.550000190734863,5.920000076293945,164700,0.0,0.0
2025-07-02 00:00:00-04:00,5.894999980926514,6.138000011444092,5.78000020980835,5.860000133514404,49400,0.0,0.0
2025-07-03 00:00:00-04:00,5.940000057220459,6.150000095367432,5.78000020980835,5.929999828338623,58600,0.0,0.0
2025-07-07 00:00:00-04:00,5.900000095367432,6.090000152587891,5.900000095367432,6.039999961853027,14500,0.0,0.0
2025-07-08 00:00:00-04:00,6.050000190734863,6.429999828338623,6.050000190734863,6.420000076293945,32100,0.0,0.0
2025-07-09 00:00:00-04:00,6.489999771118164,6.5,6.019999980926514,6.25,21200,0.0,0.0
2025-07-10 00:00:00-04:00,6.210000038146973,6.321000099182129,6.0,6.010000228881836,17700,0.0,0.0
2025-07-11 00:00:00-04:00,5.989999771118164,6.156000137329102,5.699999809265137,5.929999828338623,32500,0.0,0.0
2025-07-14 00:00:00-04:00,5.788000106811523,6.099999904632568,5.788000106811523,5.96999979019165,39400,0.0,0.0
2025-07-15 00:00:00-04:00,5.940000057220459,6.126999855041504,5.78000020980835,5.860000133514404,27900,0.0,0.0
2025-07-16 00:00:00-04:00,5.940999984741211,5.940999984741211,5.61299991607666,5.909999847412109,27300,0.0,0.0
2025-07-17 00:00:00-04:00,5.932000160217285,6.210000038146973,5.860000133514404,6.019999980926514,34300,0.0,0.0
2025-07-18 00:00:00-04:00,6.039999961853027,6.059999942779541,5.78000020980835,5.78000020980835,20000,0.0,0.0
2025-07-21 00:00:00-04:00,5.800000190734863,5.934000015258789,5.599999904632568,5.625,31600,0.0,0.0
2025-07-22 00:00:00-04:00,5.75,6.119999885559082,5.619999885559082,6.010000228881836,23600,0.0,0.0
2025-07-23 00:00:00-04:00,6.039999961853027,6.309999942779541,6.0,6.199999809265137,25300,0.0,0.0
2025-07-24 00:00:00-04:00,6.139999866485596,6.218999862670898,5.960000038146973,6.039999961853027,26100,0.0,0.0
2025-07-25 00:00:00-04:00,6.041999816894531,6.085000038146973,5.945000171661377,6.050000190734863,15300,0.0,0.0
2025-07-28 00:00:00-04:00,6.0,6.125,5.820000171661377,6.0,17200,0.0,0.0
2025-07-29 00:00:00-04:00,6.059999942779541,6.170000076293945,5.710000038146973,6.0,66200,0.0,0.0
2025-07-30 00:00:00-04:00,5.96999979019165,6.293000221252441,5.75,5.860000133514404,93900,0.0,0.0
2025-07-31 00:00:00-04:00,5.800000190734863,6.150000095367432,5.789999961853027,6.130000114440918,63900,0.0,0.0
2025-08-01 00:00:00-04:00,6.079999923706055,6.079999923706055,5.534999847412109,5.559999942779541,63100,0.0,0.0
2025-08-04 00:00:00-04:00,5.559999942779541,6.040999889373779,5.550000190734863,5.619999885559082,37700,0.0,0.0
2025-08-05 00:00:00-04:00,5.559999942779541,5.940000057220459,5.559999942779541,5.909999847412109,31900,0.0,0.0
2025-08-06 00:00:00-04:00,5.730000019073486,6.610000133514404,5.730000019073486,6.309999942779541,126200,0.0,0.0
2025-08-07 00:00:00-04:00,6.039999961853027,6.230000019073486,5.704999923706055,5.730000019073486,101800,0.0,0.0
2025-08-08 00:00:00-04:00,5.769999980926514,5.769999980926514,5.554999828338623,5.590000152587891,42300,0.0,0.0
2025-08-11 00:00:00-04:00,5.570000171661377,5.9770002365112305,5.5,5.769999980926514,34100,0.0,0.0
2025-08-12 00:00:00-04:00,5.849999904632568,5.974999904632568,5.480000019073486,5.829999923706055,57700,0.0,0.0
2025-08-13 00:00:00-04:00,5.860000133514404,6.099999904632568,5.78000020980835,6.010000228881836,55400,0.0,0.0
2025-08-14 00:00:00-04:00,5.889999866485596,6.11299991607666,5.684000015258789,5.815000057220459,23400,0.0,0.0
2025-08-15 00:00:00-04:00,5.820000171661377,5.820000171661377,5.585000038146973,5.610000133514404,38800,0.0,0.0
2025-08-18 00:00:00-04:00,5.579999923706055,5.71999979019165,5.53000020980835,5.699999809265137,29600,0.0,0.0
2025-08-19 00:00:00-04:00,5.71999979019165,5.71999979019165,5.508999824523926,5.510000228881836,36300,0.0,0.0
2025-08-20 00:00:00-04:00,5.510000228881836,5.607999801635742,5.340000152587891,5.409999847412109,49000,0.0,0.0
2025-08-21 00:00:00-04:00,5.349999904632568,5.46999979019165,5.239999771118164,5.389999866485596,39900,0.0,0.0
2025-08-22 00:00:00-04:00,5.389999866485596,5.800000190734863,5.360000133514404,5.619999885559082,101100,0.0,0.0
2025-08-25 00:00:00-04:00,5.570000171661377,5.625,5.256999969482422,5.260000228881836,53700,0.0,0.0
2025-08-26 00:00:00-04:00,5.400000095367432,5.53000020980835,5.289999961853027,5.409999847412109,29200,0.0,0.0
2025-08-27 00:00:00-04:00,5.46999979019165,5.565000057220459,5.300000190734863,5.300000190734863,30800,0.0,0.0
2025-08-28 00:00:00-04:00,5.320000171661377,5.4720001220703125,5.044000148773193,5.085000038146973,53300,0.0,0.0
2025-08-29 00:00:00-04:00,5.130000114440918,5.284999847412109,5.079999923706055,5.110000133514404,43700,0.0,0.0
2025-09-02 00:00:00-04:00,5.039999961853027,5.170000076293945,4.9670000076293945,4.989999771118164,39400,0.0,0.0
2025-09-03 00:00:00-04:00,4.920000076293945,5.085000038146973,4.804999828338623,4.840000152587891,61700,0.0,0.0
2025-09-04 00:00:00-04:00,4.800000190734863,4.994999885559082,4.71999979019165,4.889999866485596,48500,0.0,0.0
2025-09-05 00:00:00-04:00,4.900000095367432,5.099999904632568,4.75,4.809999942779541,29800,0.0,0.0
2025-09-08 00:00:00-04:00,4.829999923706055,4.900000095367432,4.699999809265137,4.739999771118164,37100,0.0,0.0
2025-09-09 00:00:00-04:00,4.710000038146973,4.900000095367432,4.644999980926514,4.789999961853027,39800,0.0,0.0
2025-09-10 00:00:00-04:00,4.829999923706055,4.97599983215332,4.670000076293945,4.75,46700,0.0,0.0
2025-09-11 00:00:00-04:00,4.699999809265137,4.900000095367432,4.699999809265137,4.860000133514404,51000,0.0,0.0
2025-09-12 00:00:00-04:00,4.880000114440918,5.010000228881836,4.849999904632568,4.980000019073486,27500,0.0,0.0
2025-09-15 00:00:00-04:00,4.900000095367432,4.909999847412109,4.78000020980835,4.809999942779541,54400,0.0,0.0
2025-09-16 00:00:00-04:00,4.809999942779541,4.888000011444092,4.761000156402588,4.840000152587891,38200,0.0,0.0
2025-09-17 00:00:00-04:00,4.849999904632568,4.980000019073486,4.78000020980835,4.800000190734863,32700,0.0,0.0
2025-09-18 00:00:00-04:00,4.869999885559082,4.900000095367432,4.75,4.860000133514404,35000,0.0,0.0
2025-09-19 00:00:00-04:00,4.880000114440918,4.880000114440918,4.699999809265137,4.710000038146973,91700,0.0,0.0
2025-09-22 00:00:00-04:00,4.75,4.960000038146973,4.605999946594238,4.630000114440918,73300,0.0,0.0
2025-09-23 00:00:00-04:00,4.610000133514404,4.739999771118164,4.539999961853027,4.579999923706055,36900,0.0,0.0
2025-09-24 00:00:00-04:00,4.570000171661377,4.676000118255615,4.519999980926514,4.619999885559082,22200,0.0,0.0
2025-09-25 00:00:00-04:00,4.579999923706055,4.617000102996826,4.380000114440918,4.380000114440918,39000,0.0,0.0
2025-09-26 00:00:00-04:00,4.369999885559082,4.579999923706055,4.320000171661377,4.53000020980835,30800,0.0,0.0
2025-09-29 00:00:00-04:00,4.570000171661377,4.75,4.46999979019165,4.670000076293945,31900,0.0,0.0
2025-09-30 00:00:00-04:00,4.659999847412109,4.829999923706055,4.639999866485596,4.820000171661377,25600,0.0,0.0
2025-10-01 00:00:00-04:00,4.78000020980835,4.820000171661377,4.668000221252441,4.769999980926514,35200,0.0,0.0
2025-10-02 00:00:00-04:00,4.78000020980835,4.78000020980835,4.659999847412109,4.659999847412109,17000,0.0,0.0
2025-10-03 00:00:00-04:00,4.78000020980835,4.889999866485596,4.690000057220459,4.71999979019165,53000,0.0,0.0
2025-10-06 00:00:00-04:00,4.730000019073486,5.067999839782715,4.71999979019165,4.900000095367432,60400,0.0,0.0
2025-10-07 00:00:00-04:00,4.889999866485596,5.050000190734863,4.739999771118164,4.739999771118164,24500,0.0,0.0
2025-10-08 00:00:00-04:00,4.75,4.894999980926514,4.639999866485596,4.650000095367432,26300,0.0,0.0
2025-10-09 00:00:00-04:00,4.679999828338623,4.96999979019165,4.429999828338623,4.449999809265137,107900,0.0,0.0
2025-10-10 00:00:00-04:00,4.449999809265137,4.718999862670898,4.400000095367432,4.409999847412109,70300,0.0,0.0
2025-10-13 00:00:00-04:00,4.480000019073486,4.630000114440918,4.309999942779541,4.400000095367432,32000,0.0,0.0
2025-10-14 00:00:00-04:00,4.320000171661377,4.579999923706055,4.320000171661377,4.519999980926514,21000,0.0,0.0
2025-10-15 00:00:00-04:00,4.550000190734863,4.800000190734863,4.429999828338623,4.429999828338623,50700,0.0,0.0
2025-10-16 00:00:00-04:00,4.429999828338623,4.489999771118164,4.329999923706055,4.380000114440918,19800,0.0,0.0
2025-10-17 00:00:00-04:00,4.300000190734863,4.46999979019165,4.300000190734863,4.400000095367432,29800,0.0,0.0
2025-10-20 00:00:00-04:00,4.460000038146973,4.570000171661377,4.429999828338623,4.5,21600,0.0,0.0
2025-10-21 00:00:00-04:00,4.510000228881836,4.619999885559082,4.425000190734863,4.510000228881836,30400,0.0,0.0
2025-10-22 00:00:00-04:00,4.5,4.539999961853027,4.400000095367432,4.460000038146973,23400,0.0,0.0
2025-10-23 00:00:00-04:00,4.440000057220459,4.525000095367432,4.320000171661377,4.389999866485596,68000,0.0,0.0
2025-10-24 00:00:00-04:00,4.409999847412109,4.539999961853027,4.386000156402588,4.460000038146973,28000,0.0,0.0
2025-10-27 00:00:00-04:00,4.460000038146973,4.46999979019165,4.340000152587891,4.340000152587891,23600,0.0,0.0
2025-10-28 00:00:00-04:00,4.340000152587891,4.423999786376953,4.295000076293945,4.320000171661377,28900,0.0,0.0
2025-10-29 00:00:00-04:00,4.320000171661377,4.380000114440918,4.025000095367432,4.070000171661377,30800,0.0,0.0
2025-10-30 00:00:00-04:00,4.070000171661377,4.124000072479248,3.990000009536743,4.019999980926514,29700,0.0,0.0
2025-10-31 00:00:00-04:00,4.039999961853027,4.09499979019165,3.884999990463257,3.9600000381469727,44200,0.0,0.0
2025-11-03 00:00:00-05:00,3.9600000381469727,3.9800000190734863,3.700000047683716,3.819999933242798,44900,0.0,0.0
2025-11-04 00:00:00-05:00,3.7699999809265137,3.799999952316284,3.5799999237060547,3.630000114440918,51500,0.0,0.0
2025-11-05 00:00:00-05:00,3.5999999046325684,3.7899999618530273,3.5999999046325684,3.7899999618530273,27500,0.0,0.0
2025-11-06 00:00:00-05:00,3.680000066757202,3.7149999141693115,3.4800000190734863,3.5299999713897705,43800,0.0,0.0
2025-11-07 00:00:00-05:00,3.509999990463257,3.509999990463257,3.319999933242798,3.390000104904175,41700,0.0,0.0
2025-11-10 00:00:00-05:00,3.430000066757202,3.450000047683716,3.380000114440918,3.4000000953674316,20800,0.0,0.0
2025-11-11 00:00:00-05:00,3.4000000953674316,3.430000066757202,3.319999933242798,3.4200000762939453,28100,0.0,0.0
2025-11-12 00:00:00-05:00,3.4600000381469727,3.5199999809265137,3.390000104904175,3.440000057220459,67000,0.0,0.0
2025-11-13 00:00:00-05:00,3.299999952316284,3.299999952316284,2.5250000953674316,2.6050000190734863,219500,0.0,0.0
2025-11-14 00:00:00-05:00,2.6600000858306885,2.946000099182129,2.4200000762939453,2.5350000858306885,50300,0.0,0.0
2025-11-17 00:00:00-05:00,2.509999990463257,2.5399999618530273,2.4100000858306885,2.4200000762939453,38600,0.0,0.0
2025-11-18 00:00:00-05:00,2.4600000381469727,2.4769999980926514,2.1700000762939453,2.3399999141693115,63800,0.0,0.0
2025-11-19 00:00:00-05:00,2.2799999713897705,2.4149999618530273,2.255000114440918,2.299999952316284,27900,0.0,0.0
2025-11-20 00:00:00-05:00,2.365000009536743,2.390000104904175,2.240000009536743,2.299999952316284,50300,0.0,0.0
2025-11-21 00:00:00-05:00,2.2899999618530273,2.569999933242798,2.2799999713897705,2.569999933242798,23900,0.0,0.0
2025-11-24 00:00:00-05:00,2.5899999141693115,2.816999912261963,2.565999984741211,2.799999952316284,49400,0.0,0.0
2025-11-25 00:00:00-05:00,2.809000015258789,2.950000047683716,2.7200000286102295,2.930000066757202,28200,0.0,0.0
2025-11-26 00:00:00-05:00,2.9100000858306885,2.990000009536743,2.7699999809265137,2.930000066757202,46600,0.0,0.0
2025-11-28 00:00:00-05:00,2.9200000762939453,3.049999952316284,2.881999969482422,3.0,37700,0.0,0.0
2025-12-01 00:00:00-05:00,2.990000009536743,3.0,2.7899999618530273,2.9100000858306885,22200,0.0,0.0
2025-12-02 00:00:00-05:00,2.9100000858306885,2.990000009536743,2.9100000858306885,2.930000066757202,24000,0.0,0.0
2025-12-03 00:00:00-05:00,2.9149999618530273,3.055000066757202,2.9010000228881836,2.990000009536743,35200,0.0,0.0
2025-12-04 00:00:00-05:00,2.930000066757202,3.109999895095825,2.930000066757202,2.940000057220459,28200,0.0,0.0
2025-12-05 00:00:00-05:00,2.937999963760376,3.059999942779541,2.8949999809265137,3.0299999713897705,24800,0.0,0.0
2025-12-08 00:00:00-05:00,3.0799999237060547,3.0799999237060547,2.9200000762939453,2.9600000381469727,25500,0.0,0.0
2025-12-09 00:00:00-05:00,3.0199999809265137,3.0199999809265137,2.8499999046325684,2.869999885559082,32200,0.0,0.0
2025-12-10 00:00:00-05:00,2.799999952316284,3.2100000381469727,2.799999952316284,3.180000066757202,66800,0.0,0.0
2025-12-11 00:00:00-05:00,3.130000114440918,3.4100000858306885,3.1050000190734863,3.2300000190734863,31900,0.0,0.0
2025-12-12 00:00:00-05:00,3.2200000286102295,3.359999895095825,2.9800000190734863,3.0,49700,0.0,0.0
2025-12-15 00:00:00-05:00,2.990000009536743,3.005000114440918,2.869999885559082,2.880000114440918,46600,0.0,0.0
2025-12-16 00:00:00-05:00,2.819999933242798,2.859999895095825,2.575000047683716,2.5999999046325684,91300,0.0,0.0
2025-12-17 00:00:00-05:00,2.609999895095825,2.7100000381469727,2.5,2.5,49600,0.0,0.0
2025-12-18 00:00:00-05:00,2.5280001163482666,2.7850000858306885,2.509999990463257,2.5799999237060547,43700,0.0,0.0
2025-12-19 00:00:00-05:00,2.5999999046325684,2.684999942779541,2.309999942779541,2.3299999237060547,363300,0.0,0.0
2025-12-22 00:00:00-05:00,2.3399999141693115,2.5299999713897705,2.3399999141693115,2.4700000286102295,91800,0.0,0.0
2025-12-23 00:00:00-05:00,2.450000047683716,2.450000047683716,2.259999990463257,2.380000114440918,89200,0.0,0.0
2025-12-24 00:00:00-05:00,2.380000114440918,2.390000104904175,2.244999885559082,2.25,53600,0.0,0.0
2025-12-26 00:00:00-05:00,2.25,2.390000104904175,2.25,2.3399999141693115,49300,0.0,0.0
2025-12-29 00:00:00-05:00,2.3299999237060547,2.3399999141693115,2.1700000762939453,2.240000009536743,89900,0.0,0.0
2025-12-30 00:00:00-05:00,2.2300000190734863,2.319999933242798,2.1649999618530273,2.240000009536743,70800,0.0,0.0
2025-12-31 00:00:00-05:00,2.2300000190734863,2.2300000190734863,2.049999952316284,2.1500000953674316,111000,0.0,0.0
2026-01-02 00:00:00-05:00,2.1700000762939453,2.4000000953674316,2.1700000762939453,2.4000000953674316,57500,0.0,0.0
2026-01-05 00:00:00-05:00,2.3889999389648438,2.509999990463257,2.359999895095825,2.369999885559082,35900,0.0,0.0
2026-01-06 00:00:00-05:00,2.380000114440918,2.5250000953674316,2.2899999618530273,2.450000047683716,31800,0.0,0.0
2026-01-07 00:00:00-05:00,2.4600000381469727,2.569999933242798,2.255000114440918,2.2799999713897705,87400,0.0,0.0
2026-01-08 00:00:00-05:00,2.25,2.4749999046325684,2.25,2.359999895095825,23200,0.0,0.0
2026-01-09 00:00:00-05:00,2.440999984741211,2.515000104904175,2.2799999713897705,2.380000114440918,50800,0.0,0.0
2026-01-12 00:00:00-05:00,2.3399999141693115,2.430000066757202,2.305000066757202,2.4000000953674316,24400,0.0,0.0
2026-01-13 00:00:00-05:00,2.380000114440918,2.380000114440918,2.2200000286102295,2.309999942779541,62700,0.0,0.0
2026-01-14 00:00:00-05:00,2.259999990463257,2.2750000953674316,2.1649999618530273,2.2699999809265137,39300,0.0,0.0
2026-01-15 00:00:00-05:00,2.2699999809265137,2.440000057220459,2.200000047683716,2.4000000953674316,28500,0.0,0.0
2026-01-16 00:00:00-05:00,2.4100000858306885,2.559999942779541,2.4100000858306885,2.490000009536743,32200,0.0,0.0
2026-01-20 00:00:00-05:00,2.390000104904175,2.4800000190734863,2.2699999809265137,2.2799999713897705,34700,0.0,0.0
2026-01-21 00:00:00-05:00,2.319999933242798,2.5199999809265137,2.319999933242798,2.5199999809265137,77800,0.0,0.0
2026-01-22 00:00:00-05:00,2.549999952316284,2.549999952316284,2.2699999809265137,2.4600000381469727,37700,0.0,0.0
2026-01-23 00:00:00-05:00,2.4200000762939453,2.4200000762939453,2.3259999752044678,2.380000114440918,25000,0.0,0.0
2026-01-26 00:00:00-05:00,2.369999885559082,2.377000093460083,2.2200000286102295,2.2799999713897705,28100,0.0,0.0
2026-01-27 00:00:00-05:00,2.2699999809265137,2.2699999809265137,2.140000104904175,2.200000047683716,32500,0.0,0.0
2026-01-28 00:00:00-05:00,2.2100000381469727,2.2100000381469727,2.109999895095825,2.140000104904175,28300,0.0,0.0
2026-01-29 00:00:00-05:00,2.109999895095825,2.2300000190734863,2.0799999237060547,2.200000047683716,30600,0.0,0.0
2026-01-30 00:00:00-05:00,2.2300000190734863,2.2300000190734863,2.0799999237060547,2.1600000858306885,18600,0.0,0.0
2026-02-02 00:00:00-05:00,2.140000104904175,2.203000068664551,2.121000051498413,2.200000047683716,40900,0.0,0.0
2026-02-03 00:00:00-05:00,2.1700000762939453,2.2300000190734863,2.069999933242798,2.180000066757202,22600,0.0,0.0
2026-02-04 00:00:00-05:00,2.187000036239624,2.2100000381469727,2.0810000896453857,2.200000047683716,26700,0.0,0.0
2026-02-05 00:00:00-05:00,2.1700000762939453,2.1700000762939453,1.850000023841858,1.9500000476837158,58600,0.0,0.0
2026-02-06 00:00:00-05:00,2.0,2.0,1.899999976158142,1.9900000095367432,35800,0.0,0.0
2026-02-09 00:00:00-05:00,1.9600000381469727,2.015000104904175,1.8250000476837158,1.899999976158142,74200,0.0,0.0
2026-02-10 00:00:00-05:00,1.9700000286102295,2.0999999046325684,1.9199999570846558,1.9800000190734863,26700,0.0,0.0
2026-02-11 00:00:00-05:00,2.009999990463257,2.009999990463257,1.75,1.7549999952316284,41300,0.0,0.0
2026-02-12 00:00:00-05:00,1.7599999904632568,1.7599999904632568,1.75,1.7549999952316284,27700,0.0,0.0
2026-02-13 00:00:00-05:00,1.75,1.8300000429153442,1.7000000476837158,1.7899999618530273,62300,0.0,0.0
2026-02-17 00:00:00-05:00,1.7899999618530273,1.7899999618530273,1.6100000143051147,1.6200000047683716,42400,0.0,0.0
2026-02-18 00:00:00-05:00,1.6200000047683716,1.684999942779541,1.6009999513626099,1.649999976158142,26700,0.0,0.0
2026-02-19 00:00:00-05:00,1.6299999952316284,1.687999963760376,1.600000023841858,1.659999966621399,24500,0.0,0.0
2026-02-20 00:00:00-05:00,1.649999976158142,1.659999966621399,1.600000023841858,1.6200000047683716,21800,0.0,0.0
2026-02-23 00:00:00-05:00,1.600000023841858,1.63100004196167,1.3799999952316284,1.399999976158142,89700,0.0,0.0
2026-02-24 00:00:00-05:00,1.399999976158142,1.50600004196167,1.399999976158142,1.4600000381469727,51100,0.0,0.0
2026-02-25 00:00:00-05:00,1.4800000190734863,1.4800000190734863,1.399999976158142,1.4500000476837158,36100,0.0,0.0
2026-02-26 00:00:00-05:00,1.4600000381469727,1.4600000381469727,1.399999976158142,1.440000057220459,20400,0.0,0.0
2026-02-27 00:00:00-05:00,1.409999966621399,1.4259999990463257,1.3700000047683716,1.3700000047683716,26400,0.0,0.0
2026-03-02 00:00:00-05:00,1.3799999952316284,1.4299999475479126,1.309999942779541,1.350000023841858,20200,0.0,0.0
2026-03-03 00:00:00-05:00,1.309999942779541,1.5800000429153442,1.309999942779541,1.5399999618530273,103300,0.0,0.0
2026-03-04 00:00:00-05:00,1.5800000429153442,1.7200000286102295,1.5110000371932983,1.6799999475479126,85600,0.0,0.0
2026-03-05 00:00:00-05:00,1.649999976158142,1.7400000095367432,1.625,1.7000000476837158,30000,0.0,0.0
2026-03-06 00:00:00-05:00,1.6699999570846558,1.7400000095367432,1.600000023841858,1.7200000286102295,30700,0.0,0.0
2026-03-09 00:00:00-04:00,1.6799999475479126,1.809999942779541,1.6799999475479126,1.809999942779541,54400,0.0,0.0
2026-03-10 00:00:00-04:00,1.809999942779541,2.4700000286102295,1.7999999523162842,2.069999933242798,621700,0.0,0.0
2026-03-11 00:00:00-04:00,2.0399999618530273,2.0999999046325684,1.7999999523162842,1.840000033378601,153900,0.0,0.0
2026-03-12 00:00:00-04:00,1.840000033378601,1.840000033378601,1.6399999856948853,1.659999966621399,74300,0.0,0.0
2026-03-13 00:00:00-04:00,1.6699999570846558,1.7000000476837158,1.5549999475479126,1.590000033378601,37300,0.0,0.0
2026-03-16 00:00:00-04:00,1.6200000047683716,1.6799999475479126,1.5789999961853027,1.649999976158142,26200,0.0,0.0
2026-03-17 00:00:00-04:00,1.6649999618530273,1.7200000286102295,1.600000023841858,1.6200000047683716,19600,0.0,0.0
2026-03-18 00:00:00-04:00,1.6200000047683716,1.6399999856948853,1.4700000286102295,1.5299999713897705,44700,0.0,0.0
2026-03-19 00:00:00-04:00,1.4900000095367432,1.5,1.3949999809265137,1.4800000190734863,40500,0.0,0.0
2026-03-20 00:00:00-04:00,1.4800000190734863,1.5199999809265137,1.399999976158142,1.5199999809265137,111700,0.0,0.0
2026-03-23 00:00:00-04:00,1.5499999523162842,1.7999999523162842,1.5499999523162842,1.690000057220459,90200,0.0,0.0
2026-03-24 00:00:00-04:00,1.6699999570846558,2.3399999141693115,1.590000033378601,1.9700000286102295,605600,0.0,0.0
2026-03-25 00:00:00-04:00,1.9500000476837158,1.9500000476837158,1.7200000286102295,1.7899999618530273,71600,0.0,0.0
2026-03-26 00:00:00-04:00,1.7699999809265137,1.7899999618530273,1.6100000143051147,1.6299999952316284,30000,0.0,0.0
2026-03-27 00:00:00-04:00,1.590000033378601,1.590000033378601,1.5499999523162842,1.5549999475479126,20700,0.0,0.0
2026-03-30 00:00:00-04:00,1.6100000143051147,1.690000057220459,1.4600000381469727,1.5299999713897705,57700,0.0,0.0
2026-03-31 00:00:00-04:00,1.590000033378601,1.590000033378601,1.4199999570846558,1.5099999904632568,50100,0.0,0.0
2026-04-01 00:00:00-04:00,1.4900000095367432,1.6399999856948853,1.2999999523162842,1.3300000429153442,110000,0.0,0.0
2026-04-02 00:00:00-04:00,1.2999999523162842,1.3949999809265137,1.2599999904632568,1.274999976158142,45900,0.0,0.0
2026-04-06 00:00:00-04:00,1.25,1.309999942779541,1.2200000286102295,1.2599999904632568,49300,0.0,0.0
2026-04-07 00:00:00-04:00,1.2599999904632568,1.2599999904632568,1.1200000047683716,1.159999966621399,105700,0.0,0.0
2026-04-08 00:00:00-04:00,1.2100000381469727,1.2598999738693237,1.1200000047683716,1.125,40895,0.0,0.0
