Date,Open,High,Low,Close,Volume,Dividends,Stock Splits
2022-01-03 00:00:00-05:00,30.719149988625347,31.11175553509436,30.623179374138164,31.024511337280273,106100,0.0,0.0
2022-01-04 00:00:00-05:00,31.024510857797036,31.111755054262765,29.41046659795896,29.71582794189453,120200,0.0,0.0
2022-01-05 00:00:00-05:00,29.71582845283288,29.99501388010688,29.384294509887695,29.384294509887695,120200,0.0,0.0
2022-01-06 00:00:00-05:00,29.29704881946063,29.61985632927296,28.89571687606534,29.262149810791016,94200,0.0,0.0
2022-01-07 00:00:00-05:00,29.297050197624113,29.637307227777292,28.982965761128003,29.23597526550293,293900,0.0,0.0
2022-01-10 00:00:00-05:00,29.174905014990333,29.46281687118591,28.7299542614143,29.27960205078125,149700,0.0,0.0
2022-01-11 00:00:00-05:00,29.523888041164085,30.317822245990527,29.33194680654025,29.663480758666992,403200,0.0,0.0
2022-01-12 00:00:00-05:00,29.680925865877906,30.064804950084596,29.45408565345618,29.611127853393555,84600,0.0,0.0
2022-01-13 00:00:00-05:00,29.680929706081717,29.864144520329372,29.044037736444963,29.08765983581543,104100,0.0,0.0
2022-01-14 00:00:00-05:00,28.764853498013185,29.03531252220308,27.979642364213205,28.599084854125977,131800,0.0,0.0
2022-01-18 00:00:00-05:00,28.29372395431967,28.29372395431967,26.90651997709775,27.1246337890625,163900,0.0,0.0
2022-01-19 00:00:00-05:00,27.29040024335901,27.429992947288103,26.688405667617097,26.897794723510742,120700,0.0,0.0
2022-01-20 00:00:00-05:00,27.220606006257057,27.508516188489086,26.479018668969577,26.513916015625,86200,0.0,0.0
2022-01-21 00:00:00-05:00,26.269630276602076,26.609887319660476,25.423347549295737,25.51059341430664,209500,0.0,0.0
2022-01-24 00:00:00-05:00,24.812629564202037,25.885749199664073,24.39384974932232,25.807228088378906,188000,0.0,0.0
2022-01-25 00:00:00-05:00,25.50186875296284,25.728707337175063,24.61196392199406,25.336103439331055,136300,0.0,0.0
2022-01-26 00:00:00-05:00,25.475696495655313,25.667636070649603,24.44619893216235,24.803905487060547,141900,0.0,0.0
2022-01-27 00:00:00-05:00,25.266301337047324,25.536763642298872,24.47236725250831,24.577062606811523,175600,0.0,0.0
2022-01-28 00:00:00-05:00,24.56834005020391,24.690483254406374,23.730783797256127,24.603239059448242,96000,0.0,0.0
2022-01-31 00:00:00-05:00,24.830073497042545,26.077684664313452,24.830073497042545,25.84212303161621,213600,0.0,0.0
2022-02-01 00:00:00-05:00,25.423343898683378,27.5608597961742,24.987116300344535,26.417943954467773,368900,0.0,0.0
2022-02-02 00:00:00-05:00,26.007890458208465,26.103861067923773,24.07976516027368,24.463645935058594,167900,0.0,0.0
2022-02-03 00:00:00-05:00,23.756951219532404,24.358945685365285,23.407969523424935,24.009963989257812,172600,0.0,0.0
2022-02-04 00:00:00-05:00,24.027418470576443,24.481093937517727,23.599913932144545,24.07976531982422,132300,0.0,0.0
2022-02-07 00:00:00-05:00,23.975070412779683,24.51599341220538,23.599914380543915,23.72205924987793,132200,0.0,0.0
2022-02-08 00:00:00-05:00,23.626088762824747,24.044866895134238,23.565017159872493,23.835477828979492,135300,0.0,0.0
2022-02-09 00:00:00-05:00,24.0710410628004,24.45492184802619,23.765681385099807,24.306604385375977,122600,0.0,0.0
2022-02-10 00:00:00-05:00,23.82674805265959,25.06563434757903,23.82674805265959,24.411293029785156,112800,0.0,0.0
2022-02-11 00:00:00-05:00,24.411296217481652,24.60323742744074,24.14083557008395,24.332775115966797,121200,0.0,0.0
2022-02-14 00:00:00-05:00,24.297879221490412,24.559615132757635,24.228082867547396,24.428747177124023,99800,0.0,0.0
2022-02-15 00:00:00-05:00,24.841454931922076,24.98195082693708,24.578023872636557,24.902921676635742,109300,0.18,0.0
2022-02-16 00:00:00-05:00,24.8063314916875,25.11366690708414,24.648273182349612,24.96438980102539,78800,0.0,0.0
2022-02-17 00:00:00-05:00,24.683397823732825,24.850235660345813,24.47265397102964,24.621931076049805,117900,0.0,0.0
2022-02-18 00:00:00-05:00,24.578023977910348,25.113665626726327,24.40240494581096,24.498994827270508,242700,0.0,0.0
2022-02-22 00:00:00-05:00,24.08628601493454,24.806327829078025,24.051161207004114,24.4726505279541,137200,0.0,0.0
2022-02-23 00:00:00-05:00,24.516556774284865,24.648271464606122,23.866762850502596,23.901885986328125,99400,0.0,0.0
2022-02-24 00:00:00-05:00,22.99744546050244,24.560462795817426,22.988664257233523,24.4638729095459,122200,0.0,0.0
2022-02-25 00:00:00-05:00,24.551680225263084,25.25416137406564,24.48143227786715,25.23659896850586,117500,0.0,0.0
2022-02-28 00:00:00-05:00,24.709740001373277,24.981952279277856,24.560462894886122,24.885360717773438,127600,0.0,0.0
2022-03-01 00:00:00-05:00,24.613150624929744,24.797550873613485,24.17410049967134,24.32337760925293,121100,0.0,0.0
2022-03-02 00:00:00-05:00,24.314594488194217,25.069759505189076,24.1916593239237,24.902921676635742,146200,0.0,0.0
2022-03-03 00:00:00-05:00,25.01707369991171,25.01707369991171,24.507775667132957,24.648271560668945,86500,0.0,0.0
2022-03-04 00:00:00-05:00,24.384840473633062,24.621927905460396,24.18287785015484,24.402402877807617,80400,0.0,0.0
2022-03-07 00:00:00-05:00,23.937013144065737,24.218004957594367,23.14672324980564,23.173065185546875,200200,0.0,0.0
2022-03-08 00:00:00-05:00,23.1379391955919,23.97213332987359,23.04134764352565,23.46283531188965,163600,0.0,0.0
2022-03-09 00:00:00-05:00,23.875542476472337,24.63070743270463,23.849198870210508,24.402402877807617,122100,0.0,0.0
2022-03-10 00:00:00-05:00,24.033602842388806,24.498994869352615,23.735048644979514,24.16531753540039,80800,0.0,0.0
2022-03-11 00:00:00-05:00,24.209223201743807,24.209223201743807,23.032568753305018,23.225751876831055,124800,0.0,0.0
2022-03-14 00:00:00-04:00,23.375023714382504,23.392584442236274,22.2686174671358,22.514484405517578,134400,0.0,0.0
2022-03-15 00:00:00-04:00,22.549613671459632,23.006226182838365,22.488146924705426,22.874509811401367,89000,0.0,0.0
2022-03-16 00:00:00-04:00,23.050129816993937,23.541865450800383,22.830604771117805,23.41893196105957,50900,0.0,0.0
2022-03-17 00:00:00-04:00,23.41893192287492,23.937011164285316,22.92719628987025,23.74382972717285,49100,0.0,0.0
2022-03-18 00:00:00-04:00,23.62967472061757,24.077505994651457,23.585770383392784,23.866762161254883,64000,0.0,0.0
2022-03-21 00:00:00-04:00,23.69992380615947,23.99847800322317,23.57699031613672,23.919448852539062,52700,0.0,0.0
2022-03-22 00:00:00-04:00,23.9194480979211,24.463870932697876,23.901885692802434,23.963354110717773,81500,0.0,0.0
2022-03-23 00:00:00-04:00,23.708705972744266,24.200441627667292,23.54186646175773,23.629676818847656,41300,0.0,0.0
2022-03-24 00:00:00-04:00,23.699925217034124,23.72626882711148,23.295999911574427,23.401371002197266,78600,0.0,0.0
2022-03-25 00:00:00-04:00,23.48040099402876,23.48040099402876,22.75157783769197,23.023788452148438,40000,0.0,0.0
2022-03-28 00:00:00-04:00,23.07647373956032,23.12915928233166,22.41789859296738,22.76913833618164,120400,0.0,0.0
2022-03-29 00:00:00-04:00,23.0589105347585,23.287216778648364,22.962318980655017,23.14672088623047,101500,0.0,0.0
2022-03-30 00:00:00-04:00,23.006227244357675,23.1818462896381,22.391556398767896,22.505708694458008,44000,0.0,0.0
2022-03-31 00:00:00-04:00,22.347650458023747,22.558394302195442,22.23349649565375,22.43545913696289,78200,0.0,0.0
2022-04-01 00:00:00-04:00,22.549614705053425,22.672548204196673,21.952506266626262,22.251060485839844,77000,0.0,0.0
2022-04-04 00:00:00-04:00,22.154465481217944,23.38380530623556,22.057875607540876,23.339900970458984,184000,0.0,0.0
2022-04-05 00:00:00-04:00,23.243312420111444,23.357466387604223,22.373993395825373,22.63742446899414,51800,0.0,0.0
2022-04-06 00:00:00-04:00,22.30374465003297,22.338869461808105,21.987629718272785,22.189592361450195,38100,0.0,0.0
2022-04-07 00:00:00-04:00,22.110560677347266,22.312523297392712,21.86469204761171,22.084217071533203,40000,0.0,0.0
2022-04-08 00:00:00-04:00,21.952506176249447,22.391556299774432,21.750543521390345,21.829572677612305,33100,0.0,0.0
2022-04-11 00:00:00-04:00,21.732979348082463,21.95250439200249,21.522235506900422,21.671512603759766,72800,0.0,0.0
2022-04-12 00:00:00-04:00,21.803226701553818,22.30374352009008,21.583701663610327,21.812007904052734,66500,0.0,0.0
2022-04-13 00:00:00-04:00,21.759325485154,22.259842375486567,21.759325485154,22.031536102294922,44600,0.0,0.0
2022-04-14 00:00:00-04:00,22.09300054694671,22.286181984933428,21.794446349703385,21.9349422454834,63300,0.0,0.0
2022-04-18 00:00:00-04:00,21.76810439033492,22.031533775900794,21.53101693841972,21.680294036865234,79700,0.0,0.0
2022-04-19 00:00:00-04:00,21.724198857551528,22.057877873161488,21.59248416185001,21.952505111694336,55500,0.0,0.0
2022-04-20 00:00:00-04:00,22.049093946287517,22.198371029599734,21.66272943509537,21.750539779663086,44600,0.0,0.0
2022-04-21 00:00:00-04:00,21.847128835614722,22.07543505302923,21.522232750140848,21.54857635498047,65300,0.0,0.0
2022-04-22 00:00:00-04:00,21.548579496529637,21.776884072385524,20.863660744432387,20.942689895629883,59900,0.0,0.0
2022-04-25 00:00:00-04:00,21.14465197059627,21.715416744615744,20.933908131335688,21.337833404541016,82800,0.0,0.0
2022-04-26 00:00:00-04:00,21.065624115374305,21.179778082095456,20.31923859203958,20.39826774597168,60000,0.0,0.0
2022-04-27 00:00:00-04:00,20.345581089744215,20.565106133148944,19.897749800217383,20.02068328857422,74900,0.0,0.0
2022-04-28 00:00:00-04:00,20.468515814943547,21.153434594697153,20.42461147354688,21.065624237060547,124200,0.0,0.0
2022-04-29 00:00:00-04:00,20.89878508747826,21.118310147955313,20.50364098352554,20.661699295043945,79100,0.0,0.0
2022-05-02 00:00:00-04:00,19.61675899850195,20.389486453190113,19.010869379298974,19.151365280151367,335200,0.0,0.0
2022-05-03 00:00:00-04:00,18.905496151391677,19.792377471923828,18.440102485713503,19.792377471923828,222300,0.0,0.0
2022-05-04 00:00:00-04:00,19.748474286854414,20.090932846069336,19.370890913954216,20.090932846069336,114600,0.0,0.0
2022-05-05 00:00:00-04:00,19.80116050750977,19.91531448103483,19.344549637939615,19.61676025390625,102700,0.0,0.0
2022-05-06 00:00:00-04:00,19.441138304005737,19.53772986400233,19.03721300737135,19.397233963012695,97000,0.0,0.0
2022-05-09 00:00:00-04:00,18.677193297213403,19.019651869356984,18.61572654578695,18.791345596313477,135500,0.0,0.0
2022-05-10 00:00:00-04:00,19.098681105531874,19.467483290425534,18.44888709878464,18.712316513061523,260900,0.0,0.0
2022-05-11 00:00:00-04:00,18.65084782541166,18.7298769764601,17.39516428635663,17.632251739501953,134800,0.0,0.0
2022-05-12 00:00:00-04:00,17.430290006420286,17.983492417751936,17.228327354255022,17.667377471923828,131500,0.0,0.0
2022-05-13 00:00:00-04:00,17.96592987937662,18.290827701000794,17.70250048064382,18.0800838470459,257900,0.0,0.0
2022-05-16 00:00:00-04:00,17.913244654101632,18.721096946092654,17.755186342105496,18.510353088378906,175900,0.0,0.0
2022-05-17 00:00:00-04:00,18.861592362458563,19.406015236910125,18.712315257757588,19.318204879760742,112900,0.0,0.0
2022-05-18 00:00:00-04:00,18.966962298729516,19.643099770696278,18.580597789770938,18.694751739501953,103500,0.0,0.0
2022-05-19 00:00:00-04:00,18.48400912247708,19.168927903001805,18.44010478103098,18.905498504638672,109300,0.0,0.0
2022-05-20 00:00:00-04:00,19.002091881499933,19.142587809748676,18.25570789074483,18.56304168701172,101000,0.0,0.0
2022-05-23 00:00:00-04:00,18.65962993537286,19.41479667106015,18.510352828896146,19.32698631286621,172000,0.0,0.0
2022-05-24 00:00:00-04:00,18.949403029131307,19.71335097151318,18.861592670547616,19.493825912475586,173900,0.0,0.0
2022-05-25 00:00:00-04:00,19.35332909460467,19.75725438023133,19.35332909460467,19.45870018005371,178200,0.0,0.0
2022-05-26 00:00:00-04:00,19.599197241790694,20.31923917623547,19.581634834891236,19.75725555419922,198700,0.0,0.0
2022-05-27 00:00:00-04:00,19.95921602236147,20.284113815033745,19.941653617386077,20.0733699798584,241300,0.0,0.0
2022-05-31 00:00:00-04:00,20.090934445444987,20.32802193216447,19.74847585896802,20.161182403564453,109300,0.0,0.0
2022-06-01 00:00:00-04:00,20.20508803921297,20.380707093743972,20.099715266619647,20.31045913696289,96800,0.0,0.0
2022-06-02 00:00:00-04:00,20.011905094437317,20.854880513368713,19.994342687832095,20.652917861938477,284100,0.0,0.0
2022-06-03 00:00:00-04:00,20.46851752845389,20.810977784421194,20.090934131397596,20.723167419433594,445500,0.0,0.0
2022-06-06 00:00:00-04:00,20.881222000126122,21.127088968227003,20.67047816682118,20.89878273010254,130900,0.0,0.0
2022-06-07 00:00:00-04:00,20.64413698035832,21.197339398297856,20.46851626125573,21.083187103271484,124100,0.0,0.0
2022-06-08 00:00:00-04:00,21.15343505594386,21.197339398297856,20.802195292581988,21.083187103271484,160600,0.0,0.0
2022-06-09 00:00:00-04:00,20.916346468371376,21.039279960259016,20.3894860140993,20.459733963012695,88500,0.0,0.0
2022-06-10 00:00:00-04:00,20.266553564809108,20.50364103265481,19.89775139533023,20.090932846069336,66700,0.0,0.0
2022-06-13 00:00:00-04:00,19.458699555564337,19.660662191896062,18.580599389068315,18.773780822753906,168200,0.0,0.0
2022-06-14 00:00:00-04:00,18.685973201240046,18.975746205554486,18.51913369122772,18.650848388671875,87900,0.0,0.0
2022-06-15 00:00:00-04:00,18.72109623805552,19.5728545149669,18.527914794501587,19.309423446655273,130700,0.0,0.0
2022-06-16 00:00:00-04:00,19.037212625888557,19.037212625888557,18.238141576956206,18.466447830200195,72500,0.0,0.0
2022-06-17 00:00:00-04:00,18.44888588096775,19.151365389230794,18.404979864924275,18.49279022216797,58000,0.0,0.0
2022-06-21 00:00:00-04:00,18.91428016451003,19.133805226726665,18.800126194245127,18.931840896606445,51200,0.0,0.0
2022-06-22 00:00:00-04:00,18.826467096239913,19.14258200146147,18.826467096239913,19.063552856445312,43800,0.0,0.0
2022-06-23 00:00:00-04:00,19.14258492102646,19.379672392234742,19.002089013979333,19.265520095825195,48300,0.0,0.0
2022-06-24 00:00:00-04:00,19.520169069017197,19.660664981604477,19.26552085551902,19.467483520507812,63200,0.0,0.0
2022-06-27 00:00:00-04:00,19.695787133163996,20.03824566441988,19.493824495492227,19.766035079956055,64900,0.0,0.0
2022-06-28 00:00:00-04:00,19.92409324765473,20.064589140313014,19.318203663788903,19.344547271728516,87600,0.0,0.0
2022-06-29 00:00:00-04:00,19.449919967881375,19.50260551328963,19.089899003712244,19.414796829223633,33500,0.0,0.0
2022-06-30 00:00:00-04:00,19.283080983250407,19.52894965998313,19.0284327777445,19.353330612182617,43100,0.0,0.0
2022-07-01 00:00:00-04:00,19.318204442922678,19.880188036221508,19.028431443272567,19.546510696411133,48100,0.0,0.0
2022-07-05 00:00:00-04:00,19.283081286302977,19.581635514583592,19.09868103198791,19.537731170654297,34700,0.0,0.0
2022-07-06 00:00:00-04:00,19.537728442255574,19.78359708851737,19.423576159074496,19.669443130493164,40300,0.0,0.0
2022-07-07 00:00:00-04:00,19.511385467429736,20.767068997359363,19.511385467429736,20.609010696411133,122200,0.0,0.0
2022-07-08 00:00:00-04:00,20.371924796454138,20.890004035383186,19.61675810753861,20.187522888183594,33800,0.0,0.0
2022-07-11 00:00:00-04:00,20.038246434351098,20.038246434351098,19.651881874727884,19.713350296020508,27300,0.0,0.0
2022-07-12 00:00:00-04:00,19.80993922106184,19.86262643676278,19.31820359842173,19.42357635498047,35700,0.0,0.0
2022-07-13 00:00:00-04:00,19.186487421557857,19.72212734091721,19.186487421557857,19.528945922851562,38000,0.0,0.0
2022-07-14 00:00:00-04:00,19.441136623559352,19.50260336557387,19.05477376665578,19.40601348876953,38800,0.0,0.0
2022-07-15 00:00:00-04:00,19.5552906816173,19.730909706165,19.37088877977263,19.581632614135742,35300,0.0,0.0
2022-07-18 00:00:00-04:00,19.73090960365858,19.880186694912314,19.239173992699335,19.40601348876953,68900,0.0,0.0
2022-07-19 00:00:00-04:00,19.58163589079553,19.915314940505073,19.493827201249918,19.88897132873535,42600,0.0,0.0
2022-07-20 00:00:00-04:00,19.941658570665258,20.79341700026448,19.941658570665258,20.547548294067383,81500,0.0,0.0
2022-07-21 00:00:00-04:00,20.679258342817153,21.285147929344387,20.62657280154966,21.258804321289062,63600,0.0,0.0
2022-07-22 00:00:00-04:00,21.19734117529623,21.469553480209452,20.51242399803398,20.749509811401367,37500,0.0,0.0
2022-07-25 00:00:00-04:00,20.9602518101184,21.03049975677591,20.573887266080522,20.67047882080078,93100,0.0,0.0
2022-07-26 00:00:00-04:00,20.635355207767994,20.758288702843153,20.310457388842316,20.39826774597168,43600,0.0,0.0
2022-07-27 00:00:00-04:00,20.398264336909833,20.97781025232642,20.32801639791518,20.828533172607422,72700,0.0,0.0
2022-07-28 00:00:00-04:00,20.881224826762157,21.293931346829268,20.810976872817896,21.18855857849121,74700,0.0,0.0
2022-07-29 00:00:00-04:00,21.197337511700628,21.583702054433274,20.863660184915496,21.337833404541016,83700,0.0,0.0
2022-08-01 00:00:00-04:00,21.03927986945421,21.460769235958665,20.86366083535029,21.118309020996094,91000,0.0,0.0
2022-08-02 00:00:00-04:00,19.432358325459372,20.011906047118593,18.650849617598695,19.61676025390625,227900,0.0,0.0
2022-08-03 00:00:00-04:00,19.546510650903524,19.695787751881387,19.01965019599088,19.04599380493164,81800,0.0,0.0
2022-08-04 00:00:00-04:00,19.151363310597283,19.388450746969497,18.782561190077086,19.230392456054688,94400,0.0,0.0
2022-08-05 00:00:00-04:00,19.177705764770508,19.32698284445805,18.861589201939715,19.177705764770508,61500,0.0,0.0
2022-08-08 00:00:00-04:00,19.36210915034366,19.774817324988557,19.274300468357577,19.397233963012695,67100,0.0,0.0
2022-08-09 00:00:00-04:00,19.41479270923734,19.41479270923734,18.659626127650906,18.826465606689453,155700,0.0,0.0
2022-08-10 00:00:00-04:00,19.06355374779353,20.08215147842321,19.06355374779353,20.003122329711914,165600,0.0,0.0
2022-08-11 00:00:00-04:00,20.152400866305978,20.371925922911302,19.616759192239144,19.73969268798828,45100,0.0,0.0
2022-08-12 00:00:00-04:00,19.845063901494782,20.169960021972656,19.82750149637621,20.169960021972656,49100,0.0,0.0
2022-08-15 00:00:00-04:00,19.748474206067183,20.117276374037363,19.73091179929639,19.915313720703125,42700,0.0,0.0
2022-08-16 00:00:00-04:00,19.581632589241984,19.941653515176665,19.537728251871652,19.906530380249023,44200,0.0,0.0
2022-08-17 00:00:00-04:00,19.676396067412387,20.269431926064048,19.640991823443212,20.19862174987793,99400,0.18,0.0
2022-08-18 00:00:00-04:00,20.154368176489065,20.782808346263106,20.127813724488828,20.747404098510742,40300,0.0,0.0
2022-08-19 00:00:00-04:00,20.47301196186825,20.711996951149256,20.31369032392876,20.38450050354004,61100,0.0,0.0
2022-08-22 00:00:00-04:00,20.12781446261435,20.278286319637882,19.879977966267354,19.97734260559082,48300,0.0,0.0
2022-08-23 00:00:00-04:00,19.862276077270508,20.110110877775643,19.764911440930373,19.862276077270508,39900,0.0,0.0
2022-08-24 00:00:00-04:00,19.782613952186036,20.26943374614839,19.782613952186036,20.092409133911133,44500,0.0,0.0
2022-08-25 00:00:00-04:00,20.110108125340897,20.473010480623294,20.083555365062697,20.15436553955078,61100,0.0,0.0
2022-08-26 00:00:00-04:00,20.242883523214925,20.65889318683962,19.720657728320024,19.933088302612305,54400,0.0,0.0
2022-08-29 00:00:00-04:00,19.676397047045192,19.809165922973385,19.53477668762207,19.53477668762207,43300,0.0,0.0
2022-08-30 00:00:00-04:00,19.694098614317127,19.995042278764263,19.534775299227732,19.986190795898438,76100,0.0,0.0
2022-08-31 00:00:00-04:00,19.897680402898526,20.03044928772276,19.42856356396969,19.694101333618164,99900,0.0,0.0
2022-09-01 00:00:00-04:00,19.45511468345829,19.764909847360048,19.295791359837512,19.561330795288086,71300,0.0,0.0
2022-09-02 00:00:00-04:00,19.800317845124578,20.048152651487285,19.251537638575154,19.632143020629883,53500,0.0,0.0
2022-09-06 00:00:00-04:00,19.632141244536857,19.649844211460632,19.145319783620184,19.295791625976562,46200,0.0,0.0
2022-09-07 00:00:00-04:00,19.163024106073248,19.800317454426335,19.163024106073248,19.694101333618164,96400,0.0,0.0
2022-09-08 00:00:00-04:00,19.446264843897747,19.694101333618164,19.38430614352963,19.694101333618164,48000,0.0,0.0
2022-09-09 00:00:00-04:00,19.809166296011693,20.455311097326454,19.428562628049587,20.18977165222168,88900,0.0,0.0
2022-09-12 00:00:00-04:00,20.31369215108848,21.163414382853958,20.31369215108848,20.82706642150879,89900,0.0,0.0
2022-09-13 00:00:00-04:00,20.021599491882718,20.172071344882976,19.51707502835387,19.694101333618164,99200,0.0,0.0
2022-09-14 00:00:00-04:00,19.552478871876428,20.03044714373321,19.41085851812273,19.79146385192871,95600,0.0,0.0
2022-09-15 00:00:00-04:00,19.384303808779467,19.782612103525743,19.384303808779467,19.517072677612305,63200,0.0,0.0
2022-09-16 00:00:00-04:00,19.216130034796123,19.685248530540118,19.163022822074417,19.53477668762207,56300,0.0,0.0
2022-09-19 00:00:00-04:00,19.05680863721967,19.499372688066174,19.05680863721967,19.402008056640625,84000,0.0,0.0
2022-09-20 00:00:00-04:00,19.171875708500156,19.649845722715252,19.11876849189225,19.490522384643555,61000,0.0,0.0
2022-09-21 00:00:00-04:00,19.46396805489372,20.127814175544586,19.286943435668945,19.286943435668945,127600,0.0,0.0
2022-09-22 00:00:00-04:00,19.12761840699306,19.667545389420432,19.021402294242197,19.189577102661133,82400,0.0,0.0
2022-09-23 00:00:00-04:00,18.977147150125834,19.101064545280085,18.693906425060177,19.030254364013672,66100,0.0,0.0
2022-09-26 00:00:00-04:00,18.968295361703678,19.216130148030626,18.508028346742407,18.61424446105957,43100,0.0,0.0
2022-09-27 00:00:00-04:00,19.437412954178804,19.437412954178804,18.454921876384255,18.800121307373047,56600,0.0,0.0
2022-09-28 00:00:00-04:00,18.711608609561967,19.508225297663714,18.711608609561967,19.251537322998047,70900,0.0,0.0
2022-09-29 00:00:00-04:00,18.81782160532642,19.54362629994075,18.808970122678964,19.499370574951172,97500,0.0,0.0
2022-09-30 00:00:00-04:00,19.61443880752565,20.455311188395935,19.304643630981445,19.304643630981445,135300,0.0,0.0
2022-10-03 00:00:00-04:00,19.39315567050863,19.579033441102613,19.003698851178974,19.455114364624023,47400,0.0,0.0
2022-10-04 00:00:00-04:00,19.605585846672856,19.968488209832998,18.764715217404525,19.924232482910156,31900,0.0,0.0
2022-10-05 00:00:00-04:00,19.676397226706204,19.85342352172542,19.127618750992795,19.57018280029297,26600,0.0,0.0
2022-10-06 00:00:00-04:00,19.101066284385695,19.47282019194363,18.85322978326439,18.994850158691406,66000,0.0,0.0
2022-10-07 00:00:00-04:00,18.844377821790307,19.198428719677256,17.959249732949004,18.136274337768555,58000,0.0,0.0
2022-10-10 00:00:00-04:00,18.153975034162833,19.561328654459174,17.569790703652764,17.72026252746582,59500,0.0,0.0
2022-10-11 00:00:00-04:00,17.587493540482352,17.614046299154833,16.91479607940162,17.038713455200195,56400,0.0,0.0
2022-10-12 00:00:00-04:00,16.8882442180678,16.976757366438537,16.551896280156452,16.675813674926758,30100,0.0,0.0
2022-10-13 00:00:00-04:00,16.357168037768712,16.88824527291663,16.10048174853348,16.693517684936523,54700,0.0,0.0
2022-10-14 00:00:00-04:00,17.02986273694257,17.64945302022879,15.879196997408387,16.339462280273438,43300,0.0,0.0
2022-10-17 00:00:00-04:00,16.445681071739703,17.180337373725056,16.445681071739703,16.897096633911133,41900,0.0,0.0
2022-10-18 00:00:00-04:00,17.20689079258005,17.543238728843107,16.897095618924574,17.15378189086914,65000,0.0,0.0
2022-10-19 00:00:00-04:00,17.32195713473808,17.44587453198879,16.525342159951695,17.056419372558594,64400,0.0,0.0
2022-10-20 00:00:00-04:00,16.985608739644448,17.51668593816745,16.799730960449853,17.28655242919922,53100,0.0,0.0
2022-10-21 00:00:00-04:00,17.19803969544173,17.84418281988061,16.684665451768,17.09182357788086,37200,0.0,0.0
2022-10-24 00:00:00-04:00,17.082970362693462,17.578643276743538,17.07412056802091,17.569791793823242,36000,0.0,0.0
2022-10-25 00:00:00-04:00,17.596348399620176,18.16283161257696,17.596348399620176,18.08316993713379,49300,0.0,0.0
2022-10-26 00:00:00-04:00,17.99465501251316,18.33985444675571,17.923844828867306,18.15397834777832,53500,0.0,0.0
2022-10-27 00:00:00-04:00,18.22478727342018,18.437217809694282,17.516685485839844,17.516685485839844,49000,0.0,0.0
2022-10-28 00:00:00-04:00,17.60519988447476,18.171683097431547,17.29540635580478,18.08316993713379,41400,0.0,0.0
2022-10-31 00:00:00-04:00,17.773372265956414,18.15397762090671,17.755669298691778,17.835330963134766,49100,0.0,0.0
2022-11-01 00:00:00-04:00,17.844182349919205,18.260191948893034,17.437024234529655,17.729116439819336,39000,0.0,0.0
2022-11-02 00:00:00-04:00,16.84398803303432,17.330807803552098,16.188993453979492,16.188993453979492,112400,0.0,0.0
2022-11-03 00:00:00-04:00,16.118182846600153,16.799731929201883,16.0650756301598,16.38372230529785,81300,0.0,0.0
2022-11-04 00:00:00-04:00,16.61385622793343,16.61385622793343,16.197844905755485,16.596153259277344,68900,0.0,0.0
2022-11-07 00:00:00-05:00,16.543043005966037,16.543043005966037,16.020817344174205,16.339462280273438,86100,0.0,0.0
2022-11-08 00:00:00-05:00,16.3925729763104,17.09182330420948,16.304059827801584,16.95020294189453,99500,0.0,0.0
2022-11-09 00:00:00-05:00,16.80858275569299,17.15378218142155,16.746624057562006,16.98560905456543,108400,0.0,0.0
2022-11-10 00:00:00-05:00,17.658306601622098,18.136274906701328,17.41932160495853,17.70256233215332,92600,0.0,0.0
2022-11-11 00:00:00-05:00,17.74681906323049,18.047762774903802,17.03871720532152,17.75567054748535,57800,0.0,0.0
2022-11-14 00:00:00-05:00,17.70256279394302,18.207085563450725,17.614049642323714,18.15397834777832,114700,0.0,0.0
2022-11-15 00:00:00-05:00,18.40181419381888,18.755865099718314,18.23363938042369,18.348705291748047,116200,0.0,0.0
2022-11-16 00:00:00-05:00,18.269044246382173,18.269044246382173,17.693711293755406,17.879589080810547,141700,0.0,0.0
2022-11-17 00:00:00-05:00,17.6848586116675,18.33100170410055,17.6848586116675,18.233638763427734,76300,0.0,0.0
2022-11-18 00:00:00-05:00,18.366410699488124,18.561138301544702,17.649457308747696,18.08316993713379,50500,0.0,0.0
2022-11-21 00:00:00-05:00,17.941547978435246,17.959250946587876,17.375064815286834,17.507835388183594,70400,0.0,0.0
2022-11-22 00:00:00-05:00,17.516686286417567,17.552090533290773,16.967906109775637,17.259998321533203,56000,0.0,0.0
2022-11-23 00:00:00-05:00,17.259995808088608,17.879586076498548,17.162631188931933,17.454723358154297,103700,0.0,0.0
2022-11-25 00:00:00-05:00,17.34851199471711,17.5166868151226,17.100675506132596,17.268850326538086,24900,0.0,0.0
2022-11-28 00:00:00-05:00,16.98561157827436,17.13608344819855,16.737775060679166,16.8262882232666,93800,0.0,0.0
2022-11-29 00:00:00-05:00,16.905947833527332,17.00331078104472,16.4456807949522,16.48108673095703,104000,0.0,0.0
2022-11-30 00:00:00-05:00,16.463383834912246,17.215743095823843,16.073926978396607,16.994461059570312,253500,0.0,0.0
2022-12-01 00:00:00-05:00,16.95905493219267,17.702562700681113,16.941351964312485,17.366214752197266,110800,0.0,0.0
2022-12-02 00:00:00-05:00,17.12722910081753,17.330808158972854,16.684665050089677,17.28655242919922,85200,0.0,0.0
2022-12-05 00:00:00-05:00,17.082974331463603,17.83533367200175,17.01216413989814,17.437026977539062,195700,0.0,0.0
2022-12-06 00:00:00-05:00,17.45472377724002,17.45472377724002,16.242099347026755,16.339462280273438,86800,0.0,0.0
2022-12-07 00:00:00-05:00,16.215545319732453,16.551894918215808,15.781832785475702,15.799535751342773,99300,0.0,0.0
2022-12-08 00:00:00-05:00,15.71987400109459,16.10047932376812,15.657915309170571,16.003114700317383,161600,0.0,0.0
2022-12-09 00:00:00-05:00,15.941155955807188,16.37486848609234,15.64021229181378,15.950007438659668,127800,0.0,0.0
2022-12-12 00:00:00-05:00,15.950010472876114,16.702369775983108,15.950010472876114,16.534194946289062,135100,0.0,0.0
2022-12-13 00:00:00-05:00,17.003311126168416,17.06527151543451,16.047372781858165,16.180143356323242,165500,0.0,0.0
2022-12-14 00:00:00-05:00,16.056222739686834,16.357166420235906,15.507444278625231,15.711023330688477,122700,0.0,0.0
2022-12-15 00:00:00-05:00,15.516294820110488,15.657915168449108,15.241903917987656,15.268458366394043,114500,0.0,0.0
2022-12-16 00:00:00-05:00,15.224205053587415,15.463188374131606,14.994071529000275,15.091434478759766,132900,0.0,0.0
2022-12-19 00:00:00-05:00,15.117989409739867,15.23305533155037,14.861303112663496,15.047179222106934,115300,0.0,0.0
2022-12-20 00:00:00-05:00,15.002921286367856,15.42778234982042,14.967515353622911,15.34812068939209,143300,0.0,0.0
2022-12-21 00:00:00-05:00,15.401227376335324,15.728725490093892,15.259607026668846,15.339268684387207,87500,0.0,0.0
2022-12-22 00:00:00-05:00,15.126840398997505,15.888051157316815,14.923261327248662,15.77298355102539,127700,0.0,0.0
2022-12-23 00:00:00-05:00,15.684469380777978,15.958860308305706,15.533997535705566,15.533997535705566,75900,0.0,0.0
2022-12-27 00:00:00-05:00,15.64906472476286,15.817239532674868,15.410079737979666,15.728726387023926,103100,0.0,0.0
2022-12-28 00:00:00-05:00,15.649066219893417,15.666769188364535,15.047178797859363,15.330419540405273,95000,0.0,0.0
2022-12-29 00:00:00-05:00,15.47203834526754,15.8083879591743,15.436634100157674,15.711023330688477,40000,0.0,0.0
2022-12-30 00:00:00-05:00,15.60480740550532,15.90575108965384,15.401228351007155,15.834940910339355,50800,0.0,0.0
2023-01-03 00:00:00-05:00,15.595959881561592,15.675619867674481,15.303867638320705,15.498595237731934,129200,0.0,0.0
2023-01-04 00:00:00-05:00,15.666769161460625,16.144737491624053,15.613660256138472,15.826090812683105,79900,0.0,0.0
2023-01-05 00:00:00-05:00,15.47204104888807,15.516298473318828,15.286164931023244,15.365826606750488,51700,0.0,0.0
2023-01-06 00:00:00-05:00,15.507444793241163,15.755279581978117,15.22420406997157,15.71987533569336,45300,0.0,0.0
2023-01-09 00:00:00-05:00,16.162440092965223,16.684665832369063,16.091629909058664,16.348316192626953,99300,0.0,0.0
2023-01-10 00:00:00-05:00,16.28635669926857,16.392572814077532,16.020818944617965,16.197843551635742,44400,0.0,0.0
2023-01-11 00:00:00-05:00,16.250952426053956,16.507638696688282,16.100480581803538,16.33061408996582,49300,0.0,0.0
2023-01-12 00:00:00-05:00,16.321763085541978,16.631558266710616,16.19784400012577,16.37487030029297,53700,0.0,0.0
2023-01-13 00:00:00-05:00,16.45453123750629,16.764326404949095,16.436828270624336,16.463382720947266,53700,0.0,0.0
2023-01-17 00:00:00-05:00,16.58730250652949,17.153784022524697,16.58730250652949,16.78203010559082,65300,0.0,0.0
2023-01-18 00:00:00-05:00,16.835137117283626,16.967905996606476,16.436828791067178,16.47223472595215,39600,0.0,0.0
2023-01-19 00:00:00-05:00,16.383724116028386,16.65811340091836,16.295210953346672,16.551898956298828,49000,0.0,0.0
2023-01-20 00:00:00-05:00,16.551894060212323,16.97675508951194,16.40142223463775,16.569595336914062,38800,0.0,0.0
2023-01-23 00:00:00-05:00,16.70236804406153,17.35736263759855,16.70236804406153,17.15378189086914,59600,0.0,0.0
2023-01-24 00:00:00-05:00,17.25114411482862,17.277698561978095,17.029862119992572,17.10952377319336,76400,0.0,0.0
2023-01-25 00:00:00-05:00,16.994459976179428,17.100674401391135,16.693516290999845,17.012161254882812,30600,0.0,0.0
2023-01-26 00:00:00-05:00,16.888245406419514,17.021014294194043,16.56959872516224,16.764328002929688,49900,0.0,0.0
2023-01-27 00:00:00-05:00,16.613852883897156,16.817431917721713,16.53419122922708,16.773176193237305,47100,0.0,0.0
2023-01-30 00:00:00-05:00,16.35716622894887,16.72892008361806,16.20669439043401,16.525341033935547,71600,0.0,0.0
2023-01-31 00:00:00-05:00,16.83513806510652,16.994461404563047,16.631558992800066,16.967906951904297,69100,0.0,0.0
2023-02-01 00:00:00-05:00,17.31310508368861,17.667155984411185,16.905946969919615,17.490131378173828,88700,0.0,0.0
2023-02-02 00:00:00-05:00,17.711412789242758,18.23363848282958,17.56979243385458,18.092018127441406,98100,0.0,0.0
2023-02-03 00:00:00-05:00,18.012358189918892,18.127424106588315,17.676008547504342,18.05661392211914,89300,0.0,0.0
2023-02-06 00:00:00-05:00,17.66715545741078,17.66715545741078,17.136079966292503,17.481279373168945,77000,0.0,0.0
2023-02-07 00:00:00-05:00,15.790685718917027,16.23324977676056,15.356973144820115,16.02967071533203,411800,0.0,0.0
2023-02-08 00:00:00-05:00,15.764131426398436,16.082778091493402,15.657916996865392,15.879199028015137,126100,0.0,0.0
2023-02-09 00:00:00-05:00,15.914602382751722,16.065074223026258,15.507444278625231,15.711023330688477,166800,0.0,0.0
2023-02-10 00:00:00-05:00,15.737576062656677,16.06507246922385,15.383523520722514,15.613656997680664,471000,0.0,0.0
2023-02-13 00:00:00-05:00,15.560553855310463,15.719877203138418,15.374677741676567,15.480892181396484,56500,0.0,0.0
2023-02-14 00:00:00-05:00,15.3392701830287,15.808388692286465,15.3392701830287,15.62251091003418,60700,0.0,0.0
2023-02-15 00:00:00-05:00,15.595956012715604,15.834939288266522,15.472036945423186,15.755277633666992,238200,0.0,0.0
2023-02-16 00:00:00-05:00,15.268458457020158,15.542847672523909,15.268458457020158,15.286161422729492,127500,0.0,0.0
2023-02-17 00:00:00-05:00,15.109138734250905,15.498595631208952,15.06488299770373,15.436636924743652,142400,0.0,0.0
2023-02-21 00:00:00-05:00,15.490295001774449,15.687055040428508,15.311424255371094,15.311424255371094,167400,0.18,0.0
2023-02-22 00:00:00-05:00,15.257762990745135,15.266706784819505,14.837414904375505,15.061004638671875,188200,0.0,0.0
2023-02-23 00:00:00-05:00,15.06100277604098,15.221987637761664,14.74797684556788,14.828469276428223,92300,0.0,0.0
2023-02-24 00:00:00-05:00,14.68537155891729,14.712202937015027,14.34551596561611,14.578047752380371,198500,0.0,0.0
2023-02-27 00:00:00-05:00,14.792695673823049,14.837412932397422,14.300797300234597,14.408121109008789,128600,0.0,0.0
2023-02-28 00:00:00-05:00,14.291854264561794,14.676428849751634,14.291854264561794,14.44389533996582,113600,0.0,0.0
2023-03-01 00:00:00-05:00,14.631711600118726,14.837413729984902,14.434951557764851,14.479670524597168,103300,0.0,0.0
2023-03-02 00:00:00-05:00,14.309741806299291,14.551219108685588,14.282911279232062,14.417065620422363,74200,0.0,0.0
2023-03-03 00:00:00-05:00,14.551219278187242,14.77480899651518,14.488614429992086,14.604880332946777,54900,0.0,0.0
2023-03-06 00:00:00-05:00,14.86424334881263,15.141494086904775,14.560161233800358,14.66748332977295,59700,0.0,0.0
2023-03-07 00:00:00-05:00,14.63171171416252,14.676428975489216,14.14875710373417,14.309741973876953,73200,0.0,0.0
2023-03-08 00:00:00-05:00,14.318685599630728,14.515443935359846,14.26502369256919,14.417065620422363,68300,0.0,0.0
2023-03-09 00:00:00-05:00,14.327628977500948,14.381290030079388,13.978828724032889,14.032489776611328,72200,0.0,0.0
2023-03-10 00:00:00-05:00,13.960941188051812,14.434951134524098,13.37066449000575,13.540593147277832,85900,0.0,0.0
2023-03-13 00:00:00-04:00,13.40643849883513,13.415382291732104,12.556797790944168,12.762500762939453,156300,0.0,0.0
2023-03-14 00:00:00-04:00,13.003977621657342,13.164962487306479,12.512080084450476,12.682008743286133,173500,0.0,0.0
2023-03-15 00:00:00-04:00,12.556798486509003,12.842993051649284,12.485249845223933,12.73567008972168,156000,0.0,0.0
2023-03-16 00:00:00-04:00,12.717782329669058,13.245454156264048,12.39581261693882,13.200736045837402,130700,0.0,0.0
2023-03-17 00:00:00-04:00,13.07552677916095,13.147075421632731,12.628347337248767,12.860880851745605,114400,0.0,0.0
2023-03-20 00:00:00-04:00,12.968203542768826,12.968203542768826,12.646234658415901,12.673065185546875,69700,0.0,0.0
2023-03-21 00:00:00-04:00,12.869824844804906,13.075526981868467,12.816162935655612,12.950316429138184,82000,0.0,0.0
2023-03-22 00:00:00-04:00,13.039753030008672,13.147075998424846,12.807219505310059,12.807219505310059,96700,0.0,0.0
2023-03-23 00:00:00-04:00,12.860880437976059,13.227567432078393,12.860880437976059,12.941372871398926,76000,0.0,0.0
2023-03-24 00:00:00-04:00,12.89665443565518,13.057639298476424,12.816162004244557,12.986090660095215,39100,0.0,0.0
2023-03-27 00:00:00-04:00,13.0844697522118,13.102356485244572,12.735669502338816,12.887710571289062,65800,0.0,0.0
2023-03-28 00:00:00-04:00,12.842993940908917,13.012922615422275,12.842993940908917,12.968204498291016,63400,0.0,0.0
2023-03-29 00:00:00-04:00,13.075526540632936,13.218623822966071,12.896654937716518,13.164962768554688,63700,0.0,0.0
2023-03-30 00:00:00-04:00,13.263342295009162,13.343834731726446,13.048696365714472,13.317004203796387,58800,0.0,0.0
2023-03-31 00:00:00-04:00,13.370664098994293,13.486930847167969,13.191792506775958,13.486930847167969,274500,0.0,0.0
2023-04-03 00:00:00-04:00,13.43327102534368,13.43327102534368,12.986091577409638,13.084470748901367,99200,0.0,0.0
2023-04-04 00:00:00-04:00,13.057640106634498,13.057640106634498,12.619403603267626,12.628347396850586,52400,0.0,0.0
2023-04-05 00:00:00-04:00,12.574685157581863,12.905597812659408,12.529967046803378,12.637290000915527,67300,0.0,0.0
2023-04-06 00:00:00-04:00,12.655178097135352,12.959260259683132,12.610460834465359,12.851937294006348,59900,0.0,0.0
2023-04-10 00:00:00-04:00,11.537228960998464,11.626665188232622,9.855835053583725,10.115199089050293,1724000,0.0,0.0
2023-04-11 00:00:00-04:00,10.20463440402427,11.009557885670377,10.20463440402427,10.607095718383789,461700,0.0,0.0
2023-04-12 00:00:00-04:00,10.24040926148167,10.356676021140235,9.766399282048374,10.097311973571777,532800,0.0,0.0
2023-04-13 00:00:00-04:00,10.052593231201172,10.231464829937888,9.945270271959142,10.052593231201172,245200,0.0,0.0
2023-04-14 00:00:00-04:00,10.052593534724577,10.195690818034564,9.739568440715752,9.846891403198242,145700,0.0,0.0
2023-04-17 00:00:00-04:00,9.775342601129893,9.846891241610773,9.399711812141732,9.489147186279297,225200,0.0,0.0
2023-04-18 00:00:00-04:00,9.390767458908943,9.48020368064079,9.077741535774502,9.113515853881836,205800,0.0,0.0
2023-04-19 00:00:00-04:00,9.041968549385585,9.390768841999332,8.943589373332697,9.167179107666016,188800,0.0,0.0
2023-04-20 00:00:00-04:00,9.07774196656247,9.453372750978703,9.059855233123493,9.363937377929688,254000,0.0,0.0
2023-04-21 00:00:00-04:00,9.417599064049153,9.44443044540132,9.024081519749029,9.077742576599121,132800,0.0,0.0
2023-04-24 00:00:00-04:00,9.077741009556648,9.167177226104062,8.889925637148657,8.934643745422363,158500,0.0,0.0
2023-04-25 00:00:00-04:00,8.863095679675515,9.068798649707468,8.719998406397824,8.916757583618164,286500,0.0,0.0
2023-04-26 00:00:00-04:00,9.00619349737098,9.256614593671738,8.827321894961209,8.9972505569458,180300,0.0,0.0
2023-04-27 00:00:00-04:00,8.988306763593542,9.068799197909708,8.648450292551438,8.9972505569458,218700,0.0,0.0
2023-04-28 00:00:00-04:00,9.04196698472154,9.354992899791583,8.961475410748987,9.122459411621094,150000,0.0,0.0
2023-05-01 00:00:00-04:00,9.346050172146409,9.533865572002602,9.274501529622821,9.381824493408203,182100,0.0,0.0
2023-05-02 00:00:00-04:00,9.372879784111689,9.417597894551655,8.970418496006014,9.149290084838867,165500,0.0,0.0
2023-05-03 00:00:00-04:00,9.167177633652233,9.274500586524239,8.979362252894473,8.988306045532227,99100,0.0,0.0
2023-05-04 00:00:00-04:00,8.943588434160999,9.113516239122152,8.86309600178522,8.872039794921875,106600,0.0,0.0
2023-05-05 00:00:00-04:00,8.898870468139648,9.041967748977449,8.746829394017718,8.898870468139648,96000,0.0,0.0
2023-05-08 00:00:00-04:00,9.033023754209914,9.033023754209914,8.746828373014372,8.934643745422363,138900,0.0,0.0
2023-05-09 00:00:00-04:00,8.567958053918026,8.925701266908032,8.317537804825024,8.791547775268555,227500,0.0,0.0
2023-05-10 00:00:00-04:00,8.630563217350865,8.711055656437543,8.174440817404905,8.254932403564453,281000,0.0,0.0
2023-05-11 00:00:00-04:00,8.138665771765895,8.165496298102127,7.619937713654439,7.673598766326904,394100,0.0,0.0
2023-05-12 00:00:00-04:00,7.6914870488079154,7.798810016795781,7.3426867631520025,7.48578405380249,282100,0.0,0.0
2023-05-15 00:00:00-04:00,7.4947280714222915,7.4947280714222915,7.289025070276502,7.297968864440918,263300,0.0,0.0
2023-05-16 00:00:00-04:00,7.396347860860944,7.467896498324058,7.199588681373863,7.217475414276123,352900,0.0,0.0
2023-05-17 00:00:00-04:00,7.262194362227595,7.512614622186578,7.25325056828299,7.387404918670654,380800,0.0,0.0
2023-05-18 00:00:00-04:00,7.289024198642529,7.7809217308104355,7.289024198642529,7.691486358642578,1135300,0.0,0.0
2023-05-19 00:00:00-04:00,7.691486942701047,8.06711775194018,7.691486942701047,7.816696643829346,215400,0.0,0.0
2023-05-22 00:00:00-04:00,7.646767966416781,8.129721687825892,7.5305012192166405,7.915075778961182,785800,0.0,0.0
2023-05-23 00:00:00-04:00,7.8703573961306015,7.9419060299468525,7.593105800397382,7.610993385314941,170200,0.0,0.0
2023-05-24 00:00:00-04:00,7.548388813197578,7.6020507230008105,7.3963485834305125,7.5215582847595215,148100,0.0,0.0
2023-05-25 00:00:00-04:00,7.593106334391152,7.718316878838662,7.512613902455399,7.673598766326904,160300,0.0,0.0
2023-05-26 00:00:00-04:00,7.628881003924078,7.941906952944889,7.628881003924078,7.80775260925293,239000,0.0,0.0
2023-05-30 00:00:00-04:00,7.763034997547686,7.834583636452794,7.691486358642578,7.691486358642578,280000,0.0,0.0
2023-05-31 00:00:00-04:00,7.664656162261963,7.736204812209339,7.494728331868741,7.664656162261963,347100,0.0,0.0
2023-06-01 00:00:00-04:00,7.682543168890388,8.08500450757038,7.6020507305689655,7.99556827545166,329800,0.0,0.0
2023-06-02 00:00:00-04:00,8.04922889591334,8.317536696362515,8.04922889591334,8.174439430236816,224900,0.0,0.0
2023-06-05 00:00:00-04:00,8.174440739689098,8.174440739689098,7.99556827545166,7.99556827545166,108100,0.0,0.0
2023-06-06 00:00:00-04:00,7.932964042675978,8.15655378746254,7.870359187072441,8.040287017822266,115000,0.0,0.0
2023-06-07 00:00:00-04:00,8.076060417351831,8.31753772345299,8.076060417351831,8.237045288085938,166100,0.0,0.0
2023-06-08 00:00:00-04:00,8.219157701147886,8.281763402503977,8.147609059249858,8.237045288085938,129100,0.0,0.0
2023-06-09 00:00:00-04:00,8.210215617752338,8.362256710890506,8.210215617752338,8.272820472717285,119500,0.0,0.0
2023-06-12 00:00:00-04:00,8.326482770097897,8.639507912281788,8.326482770097897,8.487466812133789,169000,0.0,0.0
2023-06-13 00:00:00-04:00,8.523239731532858,8.666337013244629,8.424860563587783,8.666337013244629,239800,0.0,0.0
2023-06-14 00:00:00-04:00,8.675281472808317,8.782604442334096,8.53218418010728,8.612676620483398,211400,0.0,0.0
2023-06-15 00:00:00-04:00,8.532183591003282,8.863096270758376,8.532183591003282,8.764717102050781,265000,0.0,0.0
2023-06-16 00:00:00-04:00,8.82732125218939,8.82732125218939,8.550070501874355,8.657393455505371,176400,0.0,0.0
2023-06-20 00:00:00-04:00,8.585846070919212,8.60373280600074,8.335424956360677,8.41591739654541,176300,0.0,0.0
2023-06-21 00:00:00-04:00,8.389086815238112,8.451691667024464,8.281763846635592,8.353312492370605,106300,0.0,0.0
2023-06-22 00:00:00-04:00,8.29965010241574,8.415916858254123,8.183383346577356,8.335424423217773,67100,0.0,0.0
2023-06-23 00:00:00-04:00,8.219157846097044,8.308594076510378,8.192327318143887,8.263875961303711,71900,0.0,0.0
2023-06-26 00:00:00-04:00,8.23704609866276,8.37119960219133,8.192327979844178,8.21021556854248,88800,0.0,0.0
2023-06-27 00:00:00-04:00,8.22810110025081,8.317537324800286,8.174440047862767,8.183382987976074,63400,0.0,0.0
2023-06-28 00:00:00-04:00,8.1207776143625,8.156551931270075,8.076059504996284,8.138665199279785,71900,0.0,0.0
2023-06-29 00:00:00-04:00,8.076058873390831,8.245987505107427,7.941905408710932,8.09394645690918,145200,0.0,0.0
2023-06-30 00:00:00-04:00,8.147609238839545,8.2549322040522,7.959793836485622,8.165496826171875,248800,0.0,0.0
2023-07-03 00:00:00-04:00,8.192326939472172,8.29964989925115,8.165496412759195,8.245988845825195,106700,0.0,0.0
2023-07-05 00:00:00-04:00,8.228102733074778,8.290708443854005,8.12972354888916,8.12972354888916,129900,0.0,0.0
2023-07-06 00:00:00-04:00,8.031342419842911,8.424860808937444,8.031342419842911,8.398030281066895,182500,0.0,0.0
2023-07-07 00:00:00-04:00,8.424860595852994,8.746829480937544,8.424860595852994,8.567957878112793,173400,0.0,0.0
2023-07-10 00:00:00-04:00,8.585844006947346,8.86309473101563,8.57690021509303,8.782602310180664,175800,0.0,0.0
2023-07-11 00:00:00-04:00,8.827321334904083,9.01513671875,8.827321334904083,9.01513671875,109200,0.0,0.0
2023-07-12 00:00:00-04:00,9.131404692589074,9.229783867654001,9.077742781600023,9.202953338623047,173900,0.0,0.0
2023-07-13 00:00:00-04:00,9.211896660573828,9.354993945309195,9.176122339389986,9.220840454101562,94200,0.0,0.0
2023-07-14 00:00:00-04:00,9.247671818056986,9.247671818056986,8.773661806272923,8.863097190856934,132900,0.0,0.0
2023-07-17 00:00:00-04:00,8.845209624858105,9.068799344721715,8.791547716802919,9.024081230163574,152500,0.0,0.0
2023-07-18 00:00:00-04:00,9.059856229232349,9.238727847923938,8.970419993422976,9.131404876708984,80700,0.0,0.0
2023-07-19 00:00:00-04:00,9.229783304736923,9.319219533288317,9.158234663066644,9.256614685058594,104300,0.0,0.0
2023-07-20 00:00:00-04:00,9.211896104953333,9.211896104953333,8.800491009689722,8.845209121704102,139000,0.0,0.0
2023-07-21 00:00:00-04:00,8.952532349479817,9.015137196436703,8.737886428833008,8.737886428833008,62700,0.0,0.0
2023-07-24 00:00:00-04:00,8.612674529583355,8.854150939161315,8.612674529583355,8.782602310180664,111600,0.0,0.0
2023-07-25 00:00:00-04:00,8.755772565412325,8.96147553170166,8.675280137426368,8.854151725769043,128800,0.0,0.0
2023-07-26 00:00:00-04:00,8.818378034436618,9.006193428767999,8.791547507511298,8.898870468139648,103400,0.0,0.0
2023-07-27 00:00:00-04:00,8.988306728026654,9.01513725505018,8.800491333007812,8.800491333007812,88300,0.0,0.0
2023-07-28 00:00:00-04:00,8.898870468139648,8.943588581633229,8.827321827720748,8.898870468139648,86500,0.0,0.0
2023-07-31 00:00:00-04:00,8.943588169233118,9.220839777767239,8.898870057801545,8.979362487792969,167100,0.0,0.0
2023-08-01 00:00:00-04:00,9.927383236406243,10.821742055796822,9.811116487534223,10.392449378967285,1117400,0.0,0.0
2023-08-02 00:00:00-04:00,10.249352840767864,10.472942561680838,9.954214477396905,9.972101211547852,558200,0.0,0.0
2023-08-03 00:00:00-04:00,9.900553757232842,10.320902721813948,9.775344044368785,9.998933792114258,548200,0.0,0.0
2023-08-04 00:00:00-04:00,10.01681820955272,10.419279491740726,10.01681820955272,10.079423904418945,141100,0.0,0.0
2023-08-07 00:00:00-04:00,10.231465161401058,10.231465161401058,9.811117103983753,10.007875442504883,127800,0.0,0.0
2023-08-08 00:00:00-04:00,9.927384014504025,10.0883680346217,9.757455347861846,10.070481300354004,136000,0.0,0.0
2023-08-09 00:00:00-04:00,10.115198961896315,10.222521921471948,9.89160924954865,9.954214096069336,88700,0.0,0.0
2023-08-10 00:00:00-04:00,10.061537441083882,10.303014749074901,9.90949636262889,9.972101211547852,86800,0.0,0.0
2023-08-11 00:00:00-04:00,9.891609074124785,10.025762557983398,9.855834754900686,10.025762557983398,33000,0.0,0.0
2023-08-14 00:00:00-04:00,9.981044225670855,10.016818544106245,9.793228840653306,9.900551795959473,64600,0.0,0.0
2023-08-15 00:00:00-04:00,9.891608927090639,9.891608927090639,9.533864887240286,9.569639205932617,78300,0.0,0.0
2023-08-16 00:00:00-04:00,9.390768495517328,9.668020131149104,9.390768495517328,9.507035255432129,130100,0.0,0.0
2023-08-17 00:00:00-04:00,9.707182457308413,9.861842414810011,9.698084608603942,9.734475135803223,43800,0.18,0.0
2023-08-18 00:00:00-04:00,9.634402394443233,10.052893934113717,9.443351890080214,9.880038261413574,156200,0.0,0.0
2023-08-21 00:00:00-04:00,9.925526777139957,9.925526777139957,9.507035231771495,9.552523612976074,158700,0.0,0.0
2023-08-22 00:00:00-04:00,9.58891341205748,9.616206091648252,9.488839675145556,9.516132354736328,122000,0.0,0.0
2023-08-23 00:00:00-04:00,9.53432621417642,9.643498656657464,9.47974086055445,9.561619758605957,102500,0.0,0.0
2023-08-24 00:00:00-04:00,9.625304374877274,9.625304374877274,9.37966851224339,9.488840103149414,131600,0.0,0.0
2023-08-25 00:00:00-04:00,9.688987227035986,9.725377755989769,9.49793673312396,9.616206169128418,157900,0.0,0.0
2023-08-28 00:00:00-04:00,9.625305110462854,9.743574559887444,9.416059762140017,9.52523136138916,179400,0.0,0.0
2023-08-29 00:00:00-04:00,9.552522165111098,9.552522165111098,9.243202260945672,9.434252738952637,382400,0.0,0.0
2023-08-30 00:00:00-04:00,9.470644158807165,9.92552620960573,9.416058798577785,9.570718765258789,1241500,0.0,0.0
2023-08-31 00:00:00-04:00,9.497936372486494,9.625303652797914,9.206812151910238,9.406960487365723,459400,0.0,0.0
2023-09-01 00:00:00-04:00,9.452449186974762,9.61620613283949,9.379668129341852,9.425155639648438,209700,0.0,0.0
2023-09-05 00:00:00-04:00,9.443349993848573,9.488838365299706,9.215909004211426,9.215909004211426,136700,0.0,0.0
2023-09-06 00:00:00-04:00,9.234105126585142,9.497936676841329,9.234105126585142,9.470643997192383,151500,0.0,0.0
2023-09-07 00:00:00-04:00,9.388764224498052,9.497935800641221,9.134030546830662,9.143128395080566,130800,0.0,0.0
2023-09-08 00:00:00-04:00,9.106737369243852,9.188616263756261,8.979370103600273,9.024858474731445,120300,0.0,0.0
2023-09-11 00:00:00-04:00,9.024860942848802,9.215911459753377,8.952079876182179,9.197715759277344,97800,0.0,0.0
2023-09-12 00:00:00-04:00,9.161323360711462,9.534326468339685,9.015761257014455,9.434252738952637,302100,0.0,0.0
2023-09-13 00:00:00-04:00,9.425157033514653,9.670793790066403,9.343278982282841,9.58891487121582,151800,0.0,0.0
2023-09-14 00:00:00-04:00,9.561620489111313,9.716280448887128,9.525229961376922,9.598011016845703,162000,0.0,0.0
2023-09-15 00:00:00-04:00,9.534327843004844,9.643500304136726,9.434254099189104,9.452449798583984,258200,0.0,0.0
2023-09-18 00:00:00-04:00,9.35237428100582,9.54342476804784,9.261398395702097,9.361472129821777,112400,0.0,0.0
2023-09-19 00:00:00-04:00,9.334179890615058,9.661694654847308,9.334179890615058,9.570718765258789,85400,0.0,0.0
2023-09-20 00:00:00-04:00,9.643498744165136,9.78906084530266,9.552521997144904,9.661693572998047,91600,0.0,0.0
2023-09-21 00:00:00-04:00,9.61620557691165,9.67079180078994,9.370569738505827,9.443350791931152,110500,0.0,0.0
2023-09-22 00:00:00-04:00,9.488840893562589,9.507035726419868,9.161325225944033,9.197715759277344,83900,0.0,0.0
2023-09-25 00:00:00-04:00,9.188617359070264,9.334179469946696,9.106738454797616,9.315983772277832,190500,0.0,0.0
2023-09-26 00:00:00-04:00,9.270495561260221,9.3614723159918,8.852004051208496,8.852004051208496,169900,0.0,0.0
2023-09-27 00:00:00-04:00,8.915688587814492,9.043055009885549,8.870200208095396,9.015762329101562,110800,0.0,0.0
2023-09-28 00:00:00-04:00,8.961175985461397,9.306885551154739,8.961175985461397,9.106738090515137,100800,0.0,0.0
2023-09-29 00:00:00-04:00,9.225009309991393,9.279594676181983,9.134032542848736,9.197715759277344,60300,0.0,0.0
2023-10-02 00:00:00-04:00,9.124933465129303,9.388765013210014,9.079445087677048,9.370570182800293,192200,0.0,0.0
2023-10-03 00:00:00-04:00,9.261398251812986,9.306885759948827,8.988468864904933,9.115836143493652,177600,0.0,0.0
2023-10-04 00:00:00-04:00,9.006664158343211,9.124933594346418,8.879297740815641,8.997567176818848,106000,0.0,0.0
2023-10-05 00:00:00-04:00,8.988470498611907,9.015763181977736,8.633662144381088,8.770127296447754,119400,0.0,0.0
2023-10-06 00:00:00-04:00,8.761026873002585,9.01576053404539,8.688245826990356,8.924784660339355,132300,0.0,0.0
2023-10-09 00:00:00-04:00,8.824711148762493,8.888395222512225,8.497196401721375,8.506294250488281,159500,0.0,0.0
2023-10-10 00:00:00-04:00,8.615466489877766,8.888395900369122,8.615466489877766,8.779223442077637,169700,0.0,0.0
2023-10-11 00:00:00-04:00,8.751931214989774,8.833810129143423,8.615466936479509,8.706442832946777,87600,0.0,0.0
2023-10-12 00:00:00-04:00,8.742832537698455,8.742832537698455,8.206072456766139,8.333438873291016,143300,0.0,0.0
2023-10-13 00:00:00-04:00,8.36073218939343,8.36073218939343,8.042315256221348,8.078705787658691,137000,0.0,0.0
2023-10-16 00:00:00-04:00,8.042315232802366,8.369830014784746,7.9240457890707185,8.124194145202637,171200,0.0,0.0
2023-10-17 00:00:00-04:00,7.960435118250169,8.196973969992346,7.951337269886568,7.9695329666137695,129600,0.0,0.0
2023-10-18 00:00:00-04:00,7.914947461286988,8.005924217929975,7.7329948156196675,7.887654781341553,117200,0.0,0.0
2023-10-19 00:00:00-04:00,7.823971766266612,7.860362296302419,7.632921266673955,7.660213947296143,126700,0.0,0.0
2023-10-20 00:00:00-04:00,7.787580547179343,7.787580547179343,7.441870108618579,7.4873576164245605,82800,0.0,0.0
2023-10-23 00:00:00-04:00,7.387284126616026,7.396381975522735,7.205331486574967,7.214428901672363,105600,0.0,0.0
2023-10-24 00:00:00-04:00,7.232624104385565,7.259917217065092,6.996085674336667,7.068866729736328,70800,0.0,0.0
2023-10-25 00:00:00-04:00,7.032476713286217,7.032476713286217,6.823230946895708,6.832328796386719,81400,0.0,0.0
2023-10-26 00:00:00-04:00,6.75954718041107,6.814132974948155,6.586691947472299,6.613985061645508,90700,0.0,0.0
2023-10-27 00:00:00-04:00,6.613985034764469,6.632180299536214,6.495715596843463,6.54120397567749,155000,0.0,0.0
2023-10-30 00:00:00-04:00,6.6503748482781875,6.8596205875289336,6.623082170963772,6.814132213592529,221600,0.0,0.0
2023-10-31 00:00:00-04:00,6.8687190528472275,7.1780385484489395,6.841425939271827,7.150745868682861,158800,0.0,0.0
2023-11-01 00:00:00-04:00,7.205331086966594,7.296307835750857,7.041573286202351,7.123452186584473,255700,0.0,0.0
2023-11-02 00:00:00-04:00,8.41531709859228,9.279592735194258,8.397121401922192,9.243202209472656,536700,0.0,0.0
2023-11-03 00:00:00-04:00,9.443349927424906,9.507033126437438,8.952077427968975,9.024858474731445,267300,0.0,0.0
2023-11-06 00:00:00-05:00,8.95207865493696,8.99756703230275,8.761028164095551,8.852004051208496,115700,0.0,0.0
2023-11-07 00:00:00-05:00,8.933883345876714,9.115836863261157,8.697345334990548,8.915688514709473,128700,0.0,0.0
2023-11-08 00:00:00-05:00,8.906590537097202,9.033957823908997,8.733735739212808,9.006664276123047,100300,0.0,0.0
2023-11-09 00:00:00-05:00,9.061250240043675,9.061250240043675,8.797418692464456,8.852004051208496,111800,0.0,0.0
2023-11-10 00:00:00-05:00,8.833809181673622,8.988469143460529,8.560879786307398,8.942980766296387,82500,0.0,0.0
2023-11-13 00:00:00-05:00,8.897493313732339,9.179520587362523,8.833810099655954,8.988470077514648,143400,0.0,0.0
2023-11-14 00:00:00-05:00,9.252299283366442,9.443349744318082,9.188616085588729,9.343276023864746,181300,0.0,0.0
2023-11-15 00:00:00-05:00,9.370569285691959,9.570717606749136,9.306885216308258,9.561619758605957,128700,0.0,0.0
2023-11-16 00:00:00-05:00,9.561621960229212,9.561621960229212,9.143130393086754,9.197715759277344,83500,0.0,0.0
2023-11-17 00:00:00-05:00,9.225008311157582,9.397863108870345,9.134031553865396,9.288691520690918,52700,0.0,0.0
2023-11-20 00:00:00-05:00,9.406960111719478,9.698084320670329,9.315983362613046,9.625303268432617,98800,0.0,0.0
2023-11-21 00:00:00-05:00,9.652596029954854,9.752670628364843,9.525229621241904,9.725377082824707,97400,0.0,0.0
2023-11-22 00:00:00-05:00,9.789060261539714,10.02559909559166,9.688985672261614,9.916426658630371,95800,0.0,0.0
2023-11-24 00:00:00-05:00,9.889135661193302,9.980112418225195,9.843647282677356,9.952818870544434,43600,0.0,0.0
2023-11-27 00:00:00-05:00,10.043795475429883,10.598751255585553,9.8982333604788,10.371310234069824,195800,0.0,0.0
2023-11-28 00:00:00-05:00,10.444091106810667,10.607848917043416,10.216650089317906,10.598751068115234,181500,0.0,0.0
2023-11-29 00:00:00-05:00,10.607848112854438,10.78070375891105,10.289431233075172,10.416797637939453,214600,0.0,0.0
2023-11-30 00:00:00-05:00,10.344017251916716,10.516872909080053,10.234845668896059,10.307626724243164,138300,0.0,0.0
2023-12-01 00:00:00-05:00,10.353115854231344,10.434994764360574,10.07108859352163,10.298529624938965,116500,0.0,0.0
2023-12-04 00:00:00-05:00,10.025601277813573,10.334920357803453,9.94372236607969,10.071088790893555,128000,0.0,0.0
2023-12-05 00:00:00-05:00,10.07108721344479,10.753410214195652,10.07108721344479,10.416797637939453,347500,0.0,0.0
2023-12-06 00:00:00-05:00,10.535067966207283,10.935364646863995,10.535067966207283,10.553263664245605,208900,0.0,0.0
2023-12-07 00:00:00-05:00,10.84438924140078,10.989951373346765,10.662436576468298,10.717021942138672,143400,0.0,0.0
2023-12-08 00:00:00-05:00,10.698825551876887,10.753410909600504,10.471384536918375,10.589653968811035,121400,0.0,0.0
2023-12-11 00:00:00-05:00,10.507774779561867,10.589653681544776,10.43499372615897,10.48048210144043,145600,0.0,0.0
2023-12-12 00:00:00-05:00,10.498677419190065,10.498677419190065,10.207553192040649,10.31672477722168,89200,0.0,0.0
2023-12-13 00:00:00-05:00,10.289432429296735,10.653337724956415,10.207553520868641,10.57145881652832,148200,0.0,0.0
2023-12-14 00:00:00-05:00,10.635140695711684,10.999046813458653,10.635140695711684,10.789800643920898,339000,0.0,0.0
2023-12-15 00:00:00-05:00,10.80799793509636,11.162806257042034,10.789802236095651,11.008146286010742,244300,0.0,0.0
2023-12-18 00:00:00-05:00,10.989949190597317,10.989949190597317,10.72611766194097,10.753410339355469,137400,0.0,0.0
2023-12-19 00:00:00-05:00,10.962657703322703,11.153708201202368,10.917169324281131,10.999048233032227,82100,0.0,0.0
2023-12-20 00:00:00-05:00,10.917168840780963,11.244683593661687,10.862582614824863,10.880778312683105,97500,0.0,0.0
2023-12-21 00:00:00-05:00,10.999047988212984,11.190098481840208,10.926266930413915,11.080926895141602,76000,0.0,0.0
2023-12-22 00:00:00-05:00,11.15370776745877,11.326562559952391,10.962657277008644,11.02634048461914,80500,0.0,0.0
2023-12-26 00:00:00-05:00,11.044536143376595,11.217390935256724,11.044536143376595,11.117317199707031,58200,0.0,0.0
2023-12-27 00:00:00-05:00,11.108219875085357,11.181000934851166,11.044536664694942,11.144610404968262,90700,0.0,0.0
2023-12-28 00:00:00-05:00,11.117317424041136,11.199196330969754,11.053633347752966,11.080926895141602,82800,0.0,0.0
2023-12-29 00:00:00-05:00,11.099120597203179,11.19009734401066,10.880777446007498,10.980851173400879,73900,0.0,0.0
2024-01-02 00:00:00-05:00,11.099120767873885,11.108218616218242,10.698824984526471,10.753410339355469,110500,0.0,0.0
2024-01-03 00:00:00-05:00,10.689727969791578,10.73521634744208,10.462286949157715,10.462286949157715,100700,0.0,0.0
2024-01-04 00:00:00-05:00,10.644239387197729,10.817095045417753,10.535067803509692,10.73521614074707,91100,0.0,0.0
2024-01-05 00:00:00-05:00,10.680630610835063,10.889876810581498,10.53506848976903,10.580556869506836,104700,0.0,0.0
2024-01-08 00:00:00-05:00,10.71702079870588,10.989950200794272,10.644239740498127,10.944461822509766,70300,0.0,0.0
2024-01-09 00:00:00-05:00,10.917169977127685,11.053634254794295,10.87168159536591,10.935365676879883,56300,0.0,0.0
2024-01-10 00:00:00-05:00,10.880779289925936,10.880779289925936,10.762509846081025,10.835290908813477,54000,0.0,0.0
2024-01-11 00:00:00-05:00,10.789801724011419,10.807997422148558,10.580556401146152,10.69882583618164,59300,0.0,0.0
2024-01-12 00:00:00-05:00,10.707923931613841,10.880778729800442,10.598751475516485,10.616947174072266,47700,0.0,0.0
2024-01-16 00:00:00-05:00,10.607848304023955,10.717019881997302,10.462286200059491,10.471384048461914,72900,0.0,0.0
2024-01-17 00:00:00-05:00,10.434994814964389,10.535068556930593,10.344018054908796,10.444091796875,71400,0.0,0.0
2024-01-18 00:00:00-05:00,10.662434389512452,10.707922763320207,10.535067116374453,10.607848167419434,100700,0.0,0.0
2024-01-19 00:00:00-05:00,10.616947060574885,10.980852351613642,10.562360833109745,10.944461822509766,61900,0.0,0.0
2024-01-22 00:00:00-05:00,10.944461540208273,11.135512029980326,10.908071012043054,11.117317199707031,78100,0.0,0.0
2024-01-23 00:00:00-05:00,11.144609898622148,11.299269860502314,11.017242616009474,11.071828842163086,67400,0.0,0.0
2024-01-24 00:00:00-05:00,11.16280553625066,11.16280553625066,10.917168821314151,10.92626667022705,52900,0.0,0.0
2024-01-25 00:00:00-05:00,11.071829615280167,11.208293888765198,10.926267492197818,11.017243385314941,74900,0.0,0.0
2024-01-26 00:00:00-05:00,10.917169548491014,11.108220050294355,10.917169548491014,10.962657928466797,60100,0.0,0.0
2024-01-29 00:00:00-05:00,10.898972919762855,10.989949671954037,10.753410810351852,10.917168617248535,96900,0.0,0.0
2024-01-30 00:00:00-05:00,10.835290101735628,10.898973309978336,10.67153228897593,10.69882583618164,94500,0.0,0.0
2024-01-31 00:00:00-05:00,10.60785006016145,10.60785006016145,10.08928476203453,10.18026065826416,161500,0.0,0.0
2024-02-01 00:00:00-05:00,10.189357020210243,10.535067457683306,10.02560008386302,10.48048210144043,180000,0.0,0.0
2024-02-02 00:00:00-05:00,10.453189849853516,10.525970912267045,10.325823424439191,10.453189849853516,90800,0.0,0.0
2024-02-05 00:00:00-05:00,10.57145842829306,11.281074162578234,10.562360579331019,11.071828842163086,201400,0.0,0.0
2024-02-06 00:00:00-05:00,12.281815193555412,13.00052878869576,11.863323678181372,12.645720481872559,512200,0.0,0.0
2024-02-07 00:00:00-05:00,12.94594375188379,13.146092112669104,12.127156344081898,12.418280601501465,200400,0.0,0.0
2024-02-08 00:00:00-05:00,12.736695894540224,12.736695894540224,12.427375998282422,12.436473846435547,146600,0.0,0.0
2024-02-09 00:00:00-05:00,12.436474762204478,12.536548496402188,12.136252691992727,12.527451515197754,95900,0.0,0.0
2024-02-12 00:00:00-05:00,12.527452265261326,12.70030706515565,12.481963886041136,12.518354415893555,81600,0.0,0.0
2024-02-13 00:00:00-05:00,12.336401269061634,12.39098662782931,12.063471872367344,12.163545608520508,81700,0.0,0.0
2024-02-14 00:00:00-05:00,12.372792317986208,12.491060889498105,12.072570229277336,12.47286605834961,112000,0.0,0.0
2024-02-15 00:00:00-05:00,12.509256121331058,12.582037178445676,12.28181510094322,12.309107780456543,55800,0.0,0.0
2024-02-16 00:00:00-05:00,12.14535057431247,12.336401062030372,11.972494916672233,12.154447555541992,101400,0.0,0.0
2024-02-20 00:00:00-05:00,12.228223398633686,12.32966384753297,12.117560850888717,12.16366958618164,73600,0.18,0.0
2024-02-21 00:00:00-05:00,12.136004188441623,12.274333032943966,11.914679092599176,12.06222915649414,79700,0.0,0.0
2024-02-22 00:00:00-05:00,12.200557002966132,12.449548392970051,12.200557002966132,12.384995460510254,44600,0.0,0.0
2024-02-23 00:00:00-05:00,12.329662267426457,12.329662267426457,11.9700083737459,12.02534008026123,59700,0.0,0.0
2024-02-26 00:00:00-05:00,11.98845378063179,12.265110582232223,11.979231682035973,12.099116325378418,76900,0.0,0.0
2024-02-27 00:00:00-05:00,12.136003554395714,12.449547863525257,12.136003554395714,12.237444877624512,50000,0.0,0.0
2024-02-28 00:00:00-05:00,12.15444781848308,12.329663291307888,12.034563177300752,12.228222846984863,58200,0.0,0.0
2024-02-29 00:00:00-05:00,12.35732867019048,12.652429662783211,12.35732867019048,12.541767120361328,67500,0.0,0.0
2024-03-01 00:00:00-05:00,12.56943278204212,12.753870356354094,12.449548138872409,12.7169828414917,57000,0.0,0.0
2024-03-04 00:00:00-05:00,12.910642164155277,12.947529678017013,12.63398537045841,12.753870010375977,69200,0.0,0.0
2024-03-05 00:00:00-05:00,12.744649570153845,12.744649570153845,12.228224308901352,12.375774383544922,95500,0.0,0.0
2024-03-06 00:00:00-05:00,12.532544136047363,12.587874963613174,12.440324917480815,12.532544136047363,32700,0.0,0.0
2024-03-07 00:00:00-05:00,12.615542285165434,12.661651018739414,12.458770128504282,12.523323059082031,23800,0.0,0.0
2024-03-08 00:00:00-05:00,12.615542201994723,12.790757675036776,12.550988392374839,12.63398551940918,43100,0.0,0.0
2024-03-11 00:00:00-04:00,12.384995616671654,12.440326451058358,12.06222919136745,12.265110969543457,44500,0.0,0.0
2024-03-12 00:00:00-04:00,12.311220460328242,12.311220460328242,12.0806732672844,12.172891616821289,33800,0.0,0.0
2024-03-13 00:00:00-04:00,12.154448469085464,12.449548598888699,12.11756095286006,12.357329368591309,48900,0.0,0.0
2024-03-14 00:00:00-04:00,12.31122044137024,12.31122044137024,11.85934727530466,11.868569374084473,50000,0.0,0.0
2024-03-15 00:00:00-04:00,11.813237829911133,11.850125343344276,11.536581039428711,11.536581039428711,46200,0.0,0.0
2024-03-18 00:00:00-04:00,11.628800235804096,11.85012621209642,11.472028072353089,11.748684883117676,87700,0.0,0.0
2024-03-19 00:00:00-04:00,11.68413116444126,12.320440994911767,11.665686967878322,12.145225524902344,66700,0.0,0.0
2024-03-20 00:00:00-04:00,12.191335171302045,12.495657379709142,12.117560143777155,12.44954776763916,53300,0.0,0.0
2024-03-21 00:00:00-04:00,12.523324148645997,12.523324148645997,12.126782673241967,12.200557708740234,71000,0.0,0.0
2024-03-22 00:00:00-04:00,12.163670240173612,12.191336538198176,11.831682579089057,11.997676849365234,42200,0.0,0.0
2024-03-25 00:00:00-04:00,12.182113072994508,12.64320743475892,12.182113072994508,12.44954776763916,60100,0.0,0.0
2024-03-26 00:00:00-04:00,12.504878805733386,12.514100024077473,12.163668222440197,12.20977783203125,35800,0.0,0.0
2024-03-27 00:00:00-04:00,12.20977881776211,12.20977881776211,11.970009532105495,12.006897926330566,73700,0.0,0.0
2024-03-28 00:00:00-04:00,11.877790035510532,12.154446809151912,11.877790035510532,12.02534008026123,96900,0.0,0.0
2024-04-01 00:00:00-04:00,12.025341339564488,12.089894271036043,11.767128734210537,11.785572052001953,34100,0.0,0.0
2024-04-02 00:00:00-04:00,11.638022008567878,11.767128751164739,11.536581561899604,11.684131622314453,23800,0.0,0.0
2024-04-03 00:00:00-04:00,11.582690638759233,11.711796495903977,11.564246442328445,11.638021469116211,29500,0.0,0.0
2024-04-04 00:00:00-04:00,11.757907037055324,11.767129135999786,11.389031873954417,11.435140609741211,57400,0.0,0.0
2024-04-05 00:00:00-04:00,11.416697548068848,11.693354366350112,11.352144612941407,11.508915901184082,36100,0.0,0.0
2024-04-08 00:00:00-04:00,11.674909802328019,11.721019417175135,11.518137639528474,11.656466484069824,26200,0.0,0.0
2024-04-09 00:00:00-04:00,11.54580313765392,11.628799383277723,11.342921374037784,11.536581039428711,49600,0.0,0.0
2024-04-10 00:00:00-04:00,11.306035106911352,11.315257206153149,10.909493634192035,10.992490768432617,39900,0.0,0.0
2024-04-11 00:00:00-04:00,10.863383241531881,10.909492854979682,10.632836053760599,10.771164894104004,60800,0.0,0.0
2024-04-12 00:00:00-04:00,10.605170483059354,10.623614679957003,10.190185727007096,10.37462329864502,43600,0.0,0.0
2024-04-15 00:00:00-04:00,10.512951880997315,10.549839397512585,9.941194935276751,10.005748748779297,105100,0.0,0.0
2024-04-16 00:00:00-04:00,10.033414166298808,10.09796710033359,9.710647737189372,10.005748748779297,86100,0.0,0.0
2024-04-17 00:00:00-04:00,10.024191411895673,10.024191411895673,9.719869200675122,9.765978813171387,16800,0.0,0.0
2024-04-18 00:00:00-04:00,9.765979607360041,9.996526809122203,9.701426672296325,9.8858642578125,42800,0.0,0.0
2024-04-19 00:00:00-04:00,9.876641864212546,9.959638995087335,9.609207153320312,9.609207153320312,21600,0.0,0.0
2024-04-22 00:00:00-04:00,9.682982308073052,9.858197791443796,9.480100527748167,9.70142650604248,28000,0.0,0.0
2024-04-23 00:00:00-04:00,9.710646354739596,10.051856053796689,9.636871332211989,9.84897518157959,28700,0.0,0.0
2024-04-24 00:00:00-04:00,9.91352909331854,9.91352909331854,9.50776642902293,9.636872291564941,18200,0.0,0.0
2024-04-25 00:00:00-04:00,9.461657022190254,9.70142631424601,9.415547407646033,9.618429183959961,45700,0.0,0.0
2024-04-26 00:00:00-04:00,9.664537754400953,10.245516777038574,9.664537754400953,10.245516777038574,81400,0.0,0.0
2024-04-29 00:00:00-04:00,10.245515964845493,10.356178501413286,10.088743818174207,10.236294746398926,143900,0.0,0.0
2024-04-30 00:00:00-04:00,10.190185566836561,10.282403911472167,9.885863358550429,9.978081703186035,166500,0.0,0.0
2024-05-01 00:00:00-04:00,9.96886020458187,10.300847818994951,9.812088055686555,10.116410255432129,85500,0.0,0.0
2024-05-02 00:00:00-04:00,10.217850342565562,10.254737854003906,9.950415664770652,10.254737854003906,54700,0.0,0.0
2024-05-03 00:00:00-04:00,10.291625989615765,10.466842339175276,10.190185546875,10.190185546875,64900,0.0,0.0
2024-05-06 00:00:00-04:00,10.393067346532288,10.60517033100795,10.393067346532288,10.494507789611816,74900,0.0,0.0
2024-05-07 00:00:00-04:00,8.963673791998554,9.323326797332857,8.825344968858916,9.148111343383789,281800,0.0,0.0
2024-05-08 00:00:00-04:00,8.982119324279838,9.24955405966089,8.899122185805057,9.111226081848145,182700,0.0,0.0
2024-05-09 00:00:00-04:00,8.926788210049052,9.166556638909823,8.926788210049052,9.138891220092773,60700,0.0,0.0
2024-05-10 00:00:00-04:00,9.148112087757655,9.277218823966429,9.138889989571094,9.166555404663086,59700,0.0,0.0
2024-05-13 00:00:00-04:00,9.221887588500977,9.378659747862912,9.185000073325682,9.221887588500977,49900,0.0,0.0
2024-05-14 00:00:00-04:00,9.221887694154686,9.47087908404138,9.092780949828134,9.415547370910645,137200,0.0,0.0
2024-05-15 00:00:00-04:00,9.397103065716692,9.415547263038206,9.203443391179462,9.221887588500977,86700,0.0,0.0
2024-05-16 00:00:00-04:00,9.102003078857095,9.258775240536384,9.102003078857095,9.20344352722168,46500,0.0,0.0
2024-05-17 00:00:00-04:00,9.231109823612906,9.267997339333458,9.102003078857095,9.20344352722168,80200,0.0,0.0
2024-05-20 00:00:00-04:00,9.055893330478284,9.240331785822491,9.00056249744921,9.221887588500977,91500,0.0,0.0
2024-05-21 00:00:00-04:00,9.231109755319025,9.267997270766676,9.20344345913248,9.212665557861328,29300,0.0,0.0
2024-05-22 00:00:00-04:00,9.166555943684829,9.240331854047872,9.166555943684829,9.212665557861328,28700,0.0,0.0
2024-05-23 00:00:00-04:00,9.267997270766676,9.295662687485478,9.185000141142526,9.212665557861328,28900,0.0,0.0
2024-05-24 00:00:00-04:00,9.24033144022128,9.31410646781258,9.212665145273766,9.258774757385254,39000,0.0,0.0
2024-05-28 00:00:00-04:00,9.221888763760075,9.516988922770688,9.129669524335336,9.397104263305664,69200,0.0,0.0
2024-05-29 00:00:00-04:00,9.33255027197749,9.33255027197749,9.102003078857095,9.20344352722168,40600,0.0,0.0
2024-05-30 00:00:00-04:00,9.221887588500977,9.267997202337028,9.13889045948963,9.221887588500977,99000,0.0,0.0
2024-05-31 00:00:00-04:00,9.249553073308979,9.341772301661978,9.03745007935192,9.212665557861328,30300,0.0,0.0
2024-06-03 00:00:00-04:00,9.19422157459045,9.221886989307423,9.019005229291711,9.083559036254883,71300,0.0,0.0
2024-06-04 00:00:00-04:00,8.991340726438377,8.991340726438377,8.843790660360384,8.880678176879883,44600,0.0,0.0
2024-06-05 00:00:00-04:00,8.825346875273526,9.185000837766394,8.825346875273526,9.138891220092773,86000,0.0,0.0
2024-06-06 00:00:00-04:00,9.00978425913154,9.378659397088043,9.00978425913154,9.258774757385254,78600,0.0,0.0
2024-06-07 00:00:00-04:00,9.046672178080769,9.267997270766676,9.009784662633118,9.212665557861328,37400,0.0,0.0
2024-06-10 00:00:00-04:00,9.12044714163585,9.240331785822491,9.074337527799798,9.221887588500977,142300,0.0,0.0
2024-06-11 00:00:00-04:00,9.157334846820737,9.314107009435606,9.157334846820737,9.304884910583496,91200,0.0,0.0
2024-06-12 00:00:00-04:00,9.39710394019949,9.563098213669402,9.332551002502441,9.332551002502441,43800,0.0,0.0
2024-06-13 00:00:00-04:00,9.166555466226827,9.277218886273399,9.129667952700535,9.267996788024902,60500,0.0,0.0
2024-06-14 00:00:00-04:00,9.221887588500977,9.231109687161734,9.037450012624504,9.221887588500977,48000,0.0,0.0
2024-06-17 00:00:00-04:00,9.13889033431325,9.184999947517733,8.80690270228287,9.129668235778809,104600,0.0,0.0
2024-06-18 00:00:00-04:00,9.028227980623074,9.231109755319025,9.028227980623074,9.212665557861328,72600,0.0,0.0
2024-06-20 00:00:00-04:00,9.055893206438725,9.175777848983293,8.945230662428598,9.129668235778809,156700,0.0,0.0
2024-06-21 00:00:00-04:00,9.157334656811145,9.231109687161734,9.102002944314336,9.221887588500977,159700,0.0,0.0
2024-06-24 00:00:00-04:00,9.212665748601317,9.387882110206162,9.185000331309725,9.295662879943848,55800,0.0,0.0
2024-06-25 00:00:00-04:00,9.267996435994183,9.461656094518275,9.212664728072587,9.40632438659668,45100,0.0,0.0
2024-06-26 00:00:00-04:00,9.387881334861305,9.49854387435581,9.369437138545043,9.48009967803955,30400,0.0,0.0
2024-06-27 00:00:00-04:00,9.516988360922925,9.590763396320174,9.369438290128429,9.461657524108887,39200,0.0,0.0
2024-06-28 00:00:00-04:00,9.544653615379074,9.692203670043442,9.544653615379074,9.572319030761719,22100,0.0,0.0
2024-07-01 00:00:00-04:00,9.544654468087366,9.544654468087366,9.277219750248968,9.378660202026367,20500,0.0,0.0
2024-07-02 00:00:00-04:00,9.387881462431258,9.618428642711258,9.369437265864363,9.572319030761719,25400,0.0,0.0
2024-07-03 00:00:00-04:00,9.572319416997749,9.802866606580157,9.572319416997749,9.738313674926758,19400,0.0,0.0
2024-07-05 00:00:00-04:00,9.821309071712896,10.16251965660171,9.821309071712896,10.13485336303711,53200,0.0,0.0
2024-07-08 00:00:00-04:00,10.273182049456901,10.34695707233359,10.208628244839064,10.254737854003906,48900,0.0,0.0
2024-07-09 00:00:00-04:00,10.291627802274057,10.310072002094234,10.033415161066552,10.097968101501465,29400,0.0,0.0
2024-07-10 00:00:00-04:00,10.116410668548774,10.162520281189343,10.051856859064891,10.070301055908203,47000,0.0,0.0
2024-07-11 00:00:00-04:00,10.125631474009515,10.208628597479702,10.09796605934201,10.116410255432129,352300,0.0,0.0
2024-07-12 00:00:00-04:00,10.190186221572485,10.310070868822486,10.18096412267608,10.217851638793945,39600,0.0,0.0
2024-07-15 00:00:00-04:00,10.291626930236816,10.402289481377583,10.227073995271647,10.291626930236816,572300,0.0,0.0
2024-07-16 00:00:00-04:00,10.245516558764615,10.494507940076598,10.236295339783505,10.37462329864502,114400,0.0,0.0
2024-07-17 00:00:00-04:00,10.337735243413071,10.383844853776875,10.236294804186839,10.328513145446777,58900,0.0,0.0
2024-07-18 00:00:00-04:00,10.26395990316429,10.346957023374758,9.830530986213867,9.84897518157959,64100,0.0,0.0
2024-07-19 00:00:00-04:00,9.876641535390611,10.042635791613762,9.830531922054435,9.950416564941406,27900,0.0,0.0
2024-07-22 00:00:00-04:00,9.996527390489177,10.09796784855559,9.996527390489177,10.024192810058594,32300,0.0,0.0
2024-07-23 00:00:00-04:00,10.10718883217578,10.310070605373767,10.024191703164433,10.144076347351074,33600,0.0,0.0
2024-07-24 00:00:00-04:00,10.16252050393403,10.199408018961451,9.922751216521911,9.941194534301758,32000,0.0,0.0
2024-07-25 00:00:00-04:00,10.07030140251245,10.273183177433209,9.978082174057267,10.033413887023926,28100,0.0,0.0
2024-07-26 00:00:00-04:00,10.116409845184505,10.217850281163454,9.968859800317798,10.05185604095459,34700,0.0,0.0
2024-07-29 00:00:00-04:00,9.848976008164657,9.922751036883907,9.646094239452864,9.756756782531738,50900,0.0,0.0
2024-07-30 00:00:00-04:00,9.765978764761472,10.199407712929514,9.756756666414391,10.180963516235352,131000,0.0,0.0
2024-07-31 00:00:00-04:00,10.254740127509788,10.623616203141784,10.09796794927306,10.420734405517578,200900,0.0,0.0
2024-08-01 00:00:00-04:00,10.356178434747969,10.512950580410076,10.005747510939603,10.13485336303711,92100,0.0,0.0
2024-08-02 00:00:00-04:00,9.968860762062967,10.051857010706817,9.913529050166009,9.950416564941406,86900,0.0,0.0
2024-08-05 00:00:00-04:00,9.56309700012207,9.756756668105815,9.350994014908672,9.56309700012207,100800,0.0,0.0
2024-08-06 00:00:00-04:00,9.563096919599968,9.738313268878722,9.544653602525608,9.673759460449219,40300,0.0,0.0
2024-08-07 00:00:00-04:00,9.839753780314469,9.876641294189021,9.61842869706716,9.66453742980957,79400,0.0,0.0
2024-08-08 00:00:00-04:00,9.738313397460711,9.784422130489267,9.729091299067917,9.765978813171387,36200,0.0,0.0
2024-08-09 00:00:00-04:00,9.775202257631445,9.848977295997372,9.682983019940123,9.821310997009277,27500,0.0,0.0
2024-08-12 00:00:00-04:00,9.729091183709535,9.738313281992982,9.572319030761719,9.572319030761719,65900,0.0,0.0
2024-08-13 00:00:00-04:00,9.6368726722274,9.821310254192621,9.627650573262198,9.80286693572998,27100,0.0,0.0
2024-08-14 00:00:00-04:00,9.867419538233557,9.867419538233557,9.7106473789601,9.738313674926758,26800,0.0,0.0
2024-08-15 00:00:00-04:00,9.841513165587612,9.972858756823102,9.841513165587612,9.944713592529297,14300,0.18,0.0
2024-08-16 00:00:00-04:00,9.850894635420273,10.01038538204742,9.841512616273125,9.963476181030273,61500,0.0,0.0
2024-08-19 00:00:00-04:00,9.944713070846875,10.132348980826919,9.916567013310923,10.04791259765625,30900,0.0,0.0
2024-08-20 00:00:00-04:00,10.076058289046147,10.132349512352397,9.841513165587612,9.944713592529297,46000,0.0,0.0
2024-08-21 00:00:00-04:00,10.010385772165916,10.291840094518877,10.001003752653139,10.104204177856445,197000,0.0,0.0
2024-08-22 00:00:00-04:00,10.13234888272733,10.282457609258039,10.038530481286344,10.085439682006836,31900,0.0,0.0
2024-08-23 00:00:00-04:00,10.263693410497464,10.263693410497464,10.160493886301898,10.244930267333984,50500,0.0,0.0
2024-08-26 00:00:00-04:00,10.226166852648056,10.244930891673611,10.104204177856445,10.104204177856445,31800,0.0,0.0
2024-08-27 00:00:00-04:00,10.104204347155598,10.169876695408153,10.076058288145667,10.113585472106934,36200,0.0,0.0
2024-08-28 00:00:00-04:00,10.179258117752246,10.244930462151103,10.132348916873667,10.169876098632812,27200,0.0,0.0
2024-08-29 00:00:00-04:00,10.104204574987351,10.263694439379963,10.094822555105827,10.122967720031738,28000,0.0,0.0
2024-08-30 00:00:00-04:00,10.122967362413405,10.226166893308418,10.01038581196831,10.066676139831543,51800,0.0,0.0
2024-09-03 00:00:00-04:00,9.972858222560568,9.972858222560568,9.588204383850098,9.588204383850098,53600,0.0,0.0
2024-09-04 00:00:00-04:00,9.588203619399106,9.653875958903413,9.51314926147461,9.51314926147461,28800,0.0,0.0
2024-09-05 00:00:00-04:00,9.513149952174691,9.53191309565885,9.325513149021598,9.419331550598145,67100,0.0,0.0
2024-09-06 00:00:00-04:00,9.40994972851772,9.522531275935602,9.044059923089254,9.053441047668457,37200,0.0,0.0
2024-09-09 00:00:00-04:00,9.053441884984418,9.166024337533198,8.837660789489746,8.837660789489746,319600,0.0,0.0
2024-09-10 00:00:00-04:00,9.344277315921222,9.400568536586155,8.931478311679905,9.17540454864502,193300,0.0,0.0
2024-09-11 00:00:00-04:00,9.15664223865503,9.15664223865503,8.903333064675811,8.959624290466309,38400,0.0,0.0
2024-09-12 00:00:00-04:00,8.969005198251924,9.203550302974094,8.912713979442433,9.11911392211914,27200,0.0,0.0
2024-09-13 00:00:00-04:00,9.14725941825866,9.325513310681876,9.128495379730637,9.259840965270996,60900,0.0,0.0
2024-09-16 00:00:00-04:00,9.34427795727788,9.34427795727788,8.537443037159665,9.03467845916748,211300,0.0,0.0
2024-09-17 00:00:00-04:00,8.903332782369514,8.997151190805996,8.743842024858688,8.78136920928955,63400,0.0,0.0
2024-09-18 00:00:00-04:00,8.781368646312814,8.809514703870494,8.574969592534718,8.63125991821289,32100,0.0,0.0
2024-09-19 00:00:00-04:00,8.668787066371271,8.687551104669753,8.509296319708541,8.546823501586914,80100,0.0,0.0
2024-09-20 00:00:00-04:00,8.518677455747863,8.518677455747863,8.321659547631114,8.340423583984375,80400,0.0,0.0
2024-09-23 00:00:00-04:00,8.340424371476132,8.396714696413776,8.171551607226034,8.209078788757324,62800,0.0,0.0
2024-09-24 00:00:00-04:00,8.359187781735512,8.88456923466408,8.359187781735512,8.762605667114258,216000,0.0,0.0
2024-09-25 00:00:00-04:00,8.940859755371024,9.175404876197158,8.912714591393105,9.147259712219238,48800,0.0,0.0
2024-09-26 00:00:00-04:00,9.250459111987015,9.325513478008597,9.04406005278697,9.100350379943848,29300,0.0,0.0
2024-09-27 00:00:00-04:00,9.109731903197797,9.203550302974094,9.044059560185532,9.11911392211914,54000,0.0,0.0
2024-09-30 00:00:00-04:00,9.081586910326232,9.212931598797482,8.99715052789838,9.128495216369629,37600,0.0,0.0
2024-10-01 00:00:00-04:00,9.072205643946964,9.222314383064896,8.912714884954495,9.03467845916748,69300,0.0,0.0
2024-10-02 00:00:00-04:00,9.025295884493637,9.13787743191152,9.006532740616628,9.053441047668457,29800,0.0,0.0
2024-10-03 00:00:00-04:00,9.015915019920572,9.09096939447851,8.978387832641602,8.978387832641602,33800,0.0,0.0
2024-10-04 00:00:00-04:00,8.969005223484457,8.969005223484457,8.903331985568864,8.912714004516602,37600,0.0,0.0
2024-10-07 00:00:00-04:00,8.818895630462945,8.847041687389096,8.678168924706487,8.706314086914062,60900,0.0,0.0
2024-10-08 00:00:00-04:00,8.70631395408132,8.725077991745804,8.593732412250102,8.659404754638672,45600,0.0,0.0
2024-10-09 00:00:00-04:00,8.603114431082343,8.734460010578045,8.52806006986153,8.659404754638672,70900,0.0,0.0
2024-10-10 00:00:00-04:00,8.537442193792806,8.95024118558898,8.48115097482495,8.912714004516602,340300,0.0,0.0
2024-10-11 00:00:00-04:00,8.940860250296582,9.06282382724376,8.940860250296582,8.959624290466309,23700,0.0,0.0
2024-10-14 00:00:00-04:00,8.969006310551173,9.081587867413486,8.9314791249304,8.959624290466309,48700,0.0,0.0
2024-10-15 00:00:00-04:00,8.987768464610069,9.034677665141402,8.837659738684664,8.875186920166016,59100,0.0,0.0
2024-10-16 00:00:00-04:00,8.865804426019901,9.07220436046617,8.856422407472676,9.062822341918945,42000,0.0,0.0
2024-10-17 00:00:00-04:00,9.053441306001332,9.269223282415064,8.931478630524138,9.147259712219238,83700,0.0,0.0
2024-10-18 00:00:00-04:00,9.20354993597171,9.37242179622908,9.04405919954303,9.062822341918945,71600,0.0,0.0
2024-10-21 00:00:00-04:00,9.07220498834455,9.137877333283171,9.034677806276965,9.090968132019043,28600,0.0,0.0
2024-10-22 00:00:00-04:00,9.044060321781156,9.090968630900859,8.865805526139164,8.903332710266113,37900,0.0,0.0
2024-10-23 00:00:00-04:00,8.912714568919453,8.912714568919453,8.546823859254578,8.60311508178711,16500,0.0,0.0
2024-10-24 00:00:00-04:00,8.58435041582518,8.631259615390272,8.509296054408455,8.574969291687012,35000,0.0,0.0
2024-10-25 00:00:00-04:00,8.61249710132897,8.64064226523592,8.462388367533727,8.60311508178711,45600,0.0,0.0
2024-10-28 00:00:00-04:00,8.875188124596573,9.090969223717831,8.790751731125226,8.969006538391113,103400,0.0,0.0
2024-10-29 00:00:00-04:00,8.987768630620831,9.241077781337694,8.978386611397555,9.006532669067383,140600,0.0,0.0
2024-10-30 00:00:00-04:00,9.109731557262023,9.147258736803758,8.80013210236307,8.856422424316406,78100,0.0,0.0
2024-10-31 00:00:00-04:00,8.884569303116715,8.884569303116715,8.584350944250762,8.640642166137695,94600,0.0,0.0
2024-11-01 00:00:00-04:00,8.612496242072815,8.687550601482373,8.490532684352651,8.565587043762207,70500,0.0,0.0
2024-11-04 00:00:00-05:00,8.593732204861157,8.734459799792981,8.546823006550548,8.565587043762207,72900,0.0,0.0
2024-11-05 00:00:00-05:00,8.43424270442113,8.537443134783782,8.396715519212531,8.453006744384766,54000,0.0,0.0
2024-11-06 00:00:00-05:00,7.702461566584303,7.852570296136669,7.22398932009718,7.299044132232666,455400,0.0,0.0
2024-11-07 00:00:00-05:00,7.374097896860746,8.340423883106984,7.364715878347637,7.83380651473999,281200,0.0,0.0
2024-11-08 00:00:00-05:00,7.993298027415335,7.993298027415335,7.524207792793833,7.618025302886963,95800,0.0,0.0
2024-11-11 00:00:00-05:00,7.7587527136325205,7.98391580581665,7.7587527136325205,7.98391580581665,71600,0.0,0.0
2024-11-12 00:00:00-05:00,8.012061317709577,8.077733665444683,7.8431885438551525,7.937006950378418,73200,0.0,0.0
2024-11-13 00:00:00-05:00,7.937006820597631,7.9557699647643005,7.8619524544937125,7.890097618103027,59800,0.0,0.0
2024-11-14 00:00:00-05:00,8.01206039289641,8.058969590743425,7.786897316892976,7.83380651473999,101900,0.0,0.0
2024-11-15 00:00:00-05:00,7.815042785105709,7.815042785105709,7.627406881055829,7.702461242675781,81300,0.0,0.0
2024-11-18 00:00:00-05:00,7.711843125826561,7.89009700785697,7.711843125826561,7.8431878089904785,38000,0.0,0.0
2024-11-19 00:00:00-05:00,7.955769290551012,8.21846044437153,7.88071493080759,8.152787208557129,102500,0.0,0.0
2024-11-20 00:00:00-05:00,8.15278776391085,8.190314946338846,8.049588235913507,8.134024620056152,61600,0.0,0.0
2024-11-21 00:00:00-05:00,8.143406897784589,8.265370468225905,8.143406897784589,8.227843284606934,119100,0.0,0.0
2024-11-22 00:00:00-05:00,8.237223770593193,8.612496472395373,8.237223770593193,8.574969291687012,62900,0.0,0.0
2024-11-25 00:00:00-05:00,8.725077629089355,8.847041184683421,8.668786413154201,8.725077629089355,110000,0.0,0.0
2024-11-26 00:00:00-05:00,8.69693309392468,8.818895763571218,8.640641873941318,8.753223419189453,69100,0.0,0.0
2024-11-27 00:00:00-05:00,8.668786893938831,8.715696094033365,8.471768969316651,8.537442207336426,52600,0.0,0.0
2024-11-29 00:00:00-05:00,8.59373205505301,8.762604808139951,8.481150517901225,8.725077629089355,37800,0.0,0.0
2024-12-02 00:00:00-05:00,8.603114431082343,8.69693282996764,8.584350393417859,8.659404754638672,94200,0.0,0.0
2024-12-03 00:00:00-05:00,8.743842302107863,9.006533496171944,8.706315116487092,8.959624290466309,81700,0.0,0.0
2024-12-04 00:00:00-05:00,8.978385849389907,9.044059083660466,8.828277133431813,8.931477546691895,82300,0.0,0.0
2024-12-05 00:00:00-05:00,8.912714365366343,8.93147840402152,8.640642067896536,8.678169250488281,57000,0.0,0.0
2024-12-06 00:00:00-05:00,8.74384165982474,8.847042083740234,8.696933352283459,8.847042083740234,42400,0.0,0.0
2024-12-09 00:00:00-05:00,8.903332668773018,9.241078219060174,8.903332668773018,9.109732627868652,95000,0.0,0.0
2024-12-10 00:00:00-05:00,9.090968224195993,9.090968224195993,8.88456916809082,8.88456916809082,66600,0.0,0.0
2024-12-11 00:00:00-05:00,8.893950661650114,8.912714701011929,8.734460800667893,8.818896293640137,34700,0.0,0.0
2024-12-12 00:00:00-05:00,8.725078681992292,8.8939505607394,8.668787459264166,8.687551498413086,52700,0.0,0.0
2024-12-13 00:00:00-05:00,8.659404983483293,8.76260540392814,8.565587476837216,8.668787002563477,34600,0.0,0.0
2024-12-16 00:00:00-05:00,8.687551040723843,8.753223384847956,8.659404983483293,8.668787002563477,26400,0.0,0.0
2024-12-17 00:00:00-05:00,8.696933157795552,8.753223483473727,8.59373273618791,8.63125991821289,50000,0.0,0.0
2024-12-18 00:00:00-05:00,8.640643286464979,8.912715622304471,8.396716117858887,8.396716117858887,119000,0.0,0.0
2024-12-19 00:00:00-05:00,8.396714249505242,8.650023382398208,8.396714249505242,8.48115062713623,66800,0.0,0.0
2024-12-20 00:00:00-05:00,8.537442957848274,8.969006026162512,8.537442957848274,8.78136920928955,96900,0.0,0.0
2024-12-23 00:00:00-05:00,9.062823852595818,9.100351038321566,8.92209712980393,9.044060707092285,120800,0.0,0.0
2024-12-24 00:00:00-05:00,8.987768830911472,9.250459111987015,8.987768830911472,9.100350379943848,43600,0.0,0.0
2024-12-26 00:00:00-05:00,8.903331889354,9.044059487893563,8.875186727533512,8.950241088867188,171400,0.0,0.0
2024-12-27 00:00:00-05:00,8.91271443007292,8.959623632332816,8.706314476960547,8.847042083740234,51600,0.0,0.0
2024-12-30 00:00:00-05:00,8.640642839607414,8.865805955267597,8.565588467720685,8.837660789489746,96500,0.0,0.0
2024-12-31 00:00:00-05:00,9.00653277253408,9.278605070104453,9.00653277253408,9.137877464294434,186100,0.0,0.0
2025-01-02 00:00:00-05:00,9.297367724255512,9.635113244631977,9.259840543626856,9.325512886047363,175000,0.0,0.0
2025-01-03 00:00:00-05:00,9.334895037162328,9.550676999873714,9.334895037162328,9.372422218322754,110100,0.0,0.0
2025-01-06 00:00:00-05:00,9.541294368215311,9.747694298703095,9.541294368215311,9.635112762451172,116300,0.0,0.0
2025-01-07 00:00:00-05:00,9.653876995104014,9.747695399938912,9.372422675317935,9.391186714172363,81000,0.0,0.0
2025-01-08 00:00:00-05:00,9.287986456983818,9.287986456983818,9.081587394184094,9.231696128845215,83100,0.0,0.0
2025-01-10 00:00:00-05:00,9.062822341918945,9.119113558483757,8.875186444567126,9.062822341918945,99200,0.0,0.0
2025-01-13 00:00:00-05:00,9.16602355569815,9.691404114091817,9.16602355569815,9.682022094726562,230900,0.0,0.0
2025-01-14 00:00:00-05:00,9.907186677222633,10.038531377301219,9.832131412539443,9.9165678024292,207700,0.0,0.0
2025-01-15 00:00:00-05:00,10.104203720182468,10.160494045272191,9.916566917300495,10.085439682006836,84600,0.0,0.0
2025-01-16 00:00:00-05:00,10.04791212335183,10.04791212335183,9.860276222229004,9.860276222229004,77600,0.0,0.0
2025-01-17 00:00:00-05:00,9.963475891740835,10.076057434082031,9.850894349399638,10.076057434082031,52200,0.0,0.0
2025-01-21 00:00:00-05:00,10.395039329732121,10.535766039551941,10.31060294595279,10.38565731048584,111100,0.0,0.0
2025-01-22 00:00:00-05:00,10.451329742392407,10.507620064080516,10.19802061064032,10.226165771484375,76900,0.0,0.0
2025-01-23 00:00:00-05:00,10.198021261272524,10.198021261272524,10.0103853524768,10.169876098632812,48200,0.0,0.0
2025-01-24 00:00:00-05:00,10.226166824035593,10.282458046236133,9.972858560929716,10.188639640808105,64400,0.0,0.0
2025-01-27 00:00:00-05:00,9.747695465983513,10.010385748694999,9.672641099494518,9.728931427001953,41800,0.0,0.0
2025-01-28 00:00:00-05:00,9.766458274453026,9.822749494743661,9.541295182727666,9.588204383850098,86400,0.0,0.0
2025-01-29 00:00:00-05:00,9.606967105564118,9.663258323382644,9.438095241545646,9.653876304626465,48900,0.0,0.0
2025-01-30 00:00:00-05:00,9.653876267040259,9.691403447200317,9.522530689120778,9.569439888000488,39800,0.0,0.0
2025-01-31 00:00:00-05:00,9.663259118160939,9.70078630155362,9.475623201197534,9.522531509399414,45700,0.0,0.0
2025-02-03 00:00:00-05:00,9.32551295781153,9.672640499696108,9.30674981471209,9.494385719299316,75200,0.0,0.0
2025-02-04 00:00:00-05:00,9.682021775236938,10.31998475552478,9.44747666715683,10.00100326538086,645700,0.0,0.0
2025-02-05 00:00:00-05:00,10.160494690643203,10.83598489765555,10.151112670959463,10.657730102539062,230800,0.0,0.0
2025-02-06 00:00:00-05:00,11.154966123584106,11.605292320251465,11.051765699142205,11.605292320251465,167800,0.0,0.0
2025-02-07 00:00:00-05:00,11.652201186970595,11.652201186970595,11.267547348055427,11.46456527709961,114600,0.0,0.0
2025-02-10 00:00:00-05:00,11.755400487677536,11.933655269666287,11.49271021890938,11.74601936340332,179100,0.0,0.0
2025-02-11 00:00:00-05:00,11.717873333482562,11.755400514821808,11.380128701429335,11.539619445800781,69100,0.0,0.0
2025-02-12 00:00:00-05:00,11.351983663834314,11.370746807350809,11.164346860357844,11.295692443847656,83600,0.0,0.0
2025-02-13 00:00:00-05:00,11.314456546276885,11.314456546276885,10.920420688290418,11.173728942871094,53700,0.0,0.0
2025-02-14 00:00:00-05:00,11.239401685727879,11.258165724734043,10.779693466700376,11.02362060546875,59100,0.0,0.0
2025-02-18 00:00:00-05:00,11.023620039865067,11.079911259276724,10.751547751265651,10.87351131439209,103400,0.0,0.0
2025-02-19 00:00:00-05:00,10.864129688533794,10.911038890621347,10.460711803186891,10.723402976989746,170500,0.0,0.0
2025-02-20 00:00:00-05:00,10.751997862190304,11.085615188645424,10.494636677838884,11.028423309326172,108700,0.18,0.0
2025-02-21 00:00:00-05:00,11.152339248294108,11.533616355427458,10.79965853779382,10.866381645202637,145700,0.0,0.0
2025-02-24 00:00:00-05:00,10.98076468551859,11.104678759908312,10.732934718670947,10.799657821655273,84800,0.0,0.0
2025-02-25 00:00:00-05:00,10.618551618627555,10.828253054257896,10.532764254490559,10.704338073730469,75500,0.0,0.0
2025-02-26 00:00:00-05:00,10.723402976989746,10.904508938403888,10.675743226396298,10.723402976989746,49600,0.0,0.0
2025-02-27 00:00:00-05:00,10.723402792030008,10.723402792030008,10.408849716186523,10.408849716186523,58500,0.0,0.0
2025-02-28 00:00:00-05:00,10.323061655272756,10.523231863645112,10.275401908701422,10.504168510437012,50000,0.0,0.0
2025-03-03 00:00:00-05:00,10.504168782221335,10.5422963986581,10.01804099087699,10.161019325256348,82700,0.0,0.0
2025-03-04 00:00:00-05:00,10.04663670648518,10.141956204281424,9.827403134201557,10.0942964553833,105400,0.0,0.0
2025-03-05 00:00:00-05:00,10.094296472079966,10.275402427351473,10.0371045915008,10.256339073181152,33500,0.0,0.0
2025-03-06 00:00:00-05:00,10.103828146655976,10.25633860925645,9.970381037363532,10.06570053100586,45200,0.0,0.0
2025-03-07 00:00:00-05:00,10.170551926495092,10.332594531096106,9.922721953689525,10.027573585510254,74300,0.0,0.0
2025-03-10 00:00:00-04:00,9.875061939772069,9.894126202878752,9.722551471054986,9.770211219787598,95300,0.0,0.0
2025-03-11 00:00:00-04:00,9.655828088468658,9.99897663313924,9.627232603671294,9.732083320617676,69600,0.0,0.0
2025-03-12 00:00:00-04:00,9.903659178308475,9.91319040163986,9.684424679071443,9.722552299499512,60300,0.0,0.0
2025-03-13 00:00:00-04:00,9.722551861897525,9.865531113843069,9.60816900576157,9.69395637512207,79400,0.0,0.0
2025-03-14 00:00:00-04:00,9.951316392498532,10.189614208410253,9.875061164129503,9.922720909118652,102100,0.0,0.0
2025-03-17 00:00:00-04:00,9.855998219204983,10.17055127649586,9.855998219204983,10.008508682250977,85300,0.0,0.0
2025-03-18 00:00:00-04:00,9.96084901706473,9.96084901706473,9.713019058063386,9.732083320617676,82500,0.0,0.0
2025-03-19 00:00:00-04:00,9.693955936225416,9.86553066717832,9.608168570748964,9.665360450744629,135900,0.0,0.0
2025-03-20 00:00:00-04:00,9.436593746786485,9.751146811077096,9.436593746786485,9.560508728027344,91100,0.0,0.0
2025-03-21 00:00:00-04:00,9.436593256488644,9.570040362206989,9.388934419977982,9.427062034606934,52500,0.0,0.0
2025-03-24 00:00:00-04:00,9.427061935754947,9.60816787608488,9.417529804939154,9.541444778442383,56200,0.0,0.0
2025-03-25 00:00:00-04:00,9.541444805711684,9.655827648726024,9.4842529296875,9.4842529296875,52700,0.0,0.0
2025-03-26 00:00:00-04:00,9.417530655080963,9.560508994088728,9.407998523404682,9.436594009399414,34400,0.0,0.0
2025-03-27 00:00:00-04:00,9.49378568249273,9.51284903639366,9.312679729780484,9.341275215148926,43900,0.0,0.0
2025-03-28 00:00:00-04:00,9.379402230606862,9.503317204637185,9.026721570228576,9.10297679901123,81700,0.0,0.0
2025-03-31 00:00:00-04:00,8.959997818128354,9.131572542286651,8.807487356225003,8.9790620803833,95500,0.0,0.0
2025-04-01 00:00:00-04:00,9.017190136353866,9.122040856775921,8.931402770083958,9.007658004760742,82700,0.0,0.0
2025-04-02 00:00:00-04:00,8.912339781256431,9.274551706301496,8.902807649272576,9.15063762664795,83400,0.0,0.0
2025-04-03 00:00:00-04:00,8.855147157840468,8.86467928902716,8.349956022388632,8.540594100952148,158500,0.0,0.0
2025-04-04 00:00:00-04:00,8.349955625169216,8.349955625169216,7.758977155218977,8.073530197143555,129300,0.0,0.0
2025-04-07 00:00:00-04:00,7.82570034850409,8.33089146613481,7.711317505400948,7.9591474533081055,138000,0.0,0.0
2025-04-08 00:00:00-04:00,8.168849174654108,8.254636537357323,7.7017856544188925,7.778040885925293,100600,0.0,0.0
2025-04-09 00:00:00-04:00,7.825700768026707,8.683572591806353,7.778041020253598,8.531062126159668,86400,0.0,0.0
2025-04-10 00:00:00-04:00,8.302296069684045,8.330891553501205,8.006806373459925,8.226040840148926,76900,0.0,0.0
2025-04-11 00:00:00-04:00,8.226040644651242,8.817019114020422,8.226040644651242,8.454806327819824,127300,0.0,0.0
2025-04-14 00:00:00-04:00,8.54059463026485,8.88374319294619,8.54059463026485,8.674041748046875,144700,0.0,0.0
2025-04-15 00:00:00-04:00,8.626381998193715,8.874211970202852,8.626381998193715,8.674041748046875,161100,0.0,0.0
2025-04-16 00:00:00-04:00,8.56918974257134,8.91233919931046,8.4738711560592,8.531062126159668,176200,0.0,0.0
2025-04-17 00:00:00-04:00,8.597785979038235,8.597785979038235,8.445274607153358,8.540594100952148,61800,0.0,0.0
2025-04-21 00:00:00-04:00,8.464338869526742,8.654976948090258,8.464338869526742,8.540594100952148,105800,0.0,0.0
2025-04-22 00:00:00-04:00,8.693104794269331,8.950466888928656,8.61684956082229,8.797955513000488,125300,0.0,0.0
2025-04-23 00:00:00-04:00,9.188765718694034,9.274552183863591,8.836084998438567,8.959999084472656,125900,0.0,0.0
2025-04-24 00:00:00-04:00,8.988594774718207,9.179232864042397,8.95046715685337,9.055317878723145,104800,0.0,0.0
2025-04-25 00:00:00-04:00,8.998125716698485,9.102977344331368,8.959998100023096,9.017189979553223,89000,0.0,0.0
2025-04-28 00:00:00-04:00,9.026721954345703,9.12204053986313,8.94093459105617,9.026721954345703,99900,0.0,0.0
2025-04-29 00:00:00-04:00,8.988594494305202,9.08391308147663,8.959998100023096,9.017189979553223,67800,0.0,0.0
2025-04-30 00:00:00-04:00,8.921870871204186,9.007658239711727,8.778892529714367,8.940935134887695,81800,0.0,0.0
2025-05-01 00:00:00-04:00,9.026723102761228,9.379403823016693,8.959999084472656,8.959999084472656,50600,0.0,0.0
2025-05-02 00:00:00-04:00,9.131572829579389,9.188764709109515,9.007657848125854,9.017189979553223,64200,0.0,0.0
2025-05-05 00:00:00-04:00,8.979062501910096,9.064849868016578,8.826552032847061,8.84561538696289,52600,0.0,0.0
2025-05-06 00:00:00-04:00,8.38808381588887,8.38808381588887,7.635062707826957,7.7685089111328125,262300,0.0,0.0
2025-05-07 00:00:00-04:00,8.206977234218371,8.206977234218371,7.9210205551226425,8.025871276855469,114300,0.0,0.0
2025-05-08 00:00:00-04:00,8.245104484634068,8.283232100750151,7.949615686992942,8.044934272766113,114800,0.0,0.0
2025-05-09 00:00:00-04:00,8.073530688316241,8.292764254314116,8.025870940784593,8.206976890563965,41500,0.0,0.0
2025-05-12 00:00:00-04:00,8.473871702630463,8.521530544443525,8.359488846017667,8.44527530670166,53800,0.0,0.0
2025-05-13 00:00:00-04:00,8.36901995869419,8.569190182387787,8.349956604026962,8.55965805053711,47900,0.0,0.0
2025-05-14 00:00:00-04:00,8.58825387754527,8.597786008764919,8.416679151727855,8.483402252197266,40200,0.0,0.0
2025-05-15 00:00:00-04:00,8.369019899897726,8.435743913349574,8.27370130916299,8.292764663696289,29300,0.0,0.0
2025-05-16 00:00:00-04:00,8.349956545364426,8.388084163465145,8.26416917737928,8.292764663696289,27800,0.0,0.0
2025-05-19 00:00:00-04:00,8.292764369744749,8.483402453490841,8.25463675299553,8.473871231079102,57200,0.0,0.0
2025-05-20 00:00:00-04:00,8.511999321501396,8.511999321501396,8.388084332912332,8.44527530670166,25000,0.0,0.0
2025-05-21 00:00:00-04:00,8.330891760015248,8.740764310702358,8.330891760015248,8.540594100952148,99400,0.0,0.0
2025-05-22 00:00:00-04:00,8.473871387908863,8.531062359574106,8.435743770454,8.464339256286621,18600,0.0,0.0
2025-05-23 00:00:00-04:00,8.349956801003312,8.702637506491019,8.349956801003312,8.550127029418945,66900,0.0,0.0
2025-05-27 00:00:00-04:00,8.75029704322323,8.940935134887695,8.731232779539718,8.940935134887695,89300,0.0,0.0
2025-05-28 00:00:00-04:00,8.883743129216219,8.931402878727479,8.845615511414033,8.893275260925293,49200,0.0,0.0
2025-05-29 00:00:00-04:00,8.950466927125195,9.141105011556352,8.902807178758884,9.122040748596191,39700,0.0,0.0
2025-05-30 00:00:00-04:00,9.04578502287781,9.06484928480118,8.931402178439711,8.988594055175781,39100,0.0,0.0
2025-06-02 00:00:00-04:00,8.940934237621699,9.074381342911826,8.93140210673654,9.045784950256348,47300,0.0,0.0
2025-06-03 00:00:00-04:00,8.97906261091085,9.198296185591808,8.950467124872922,9.112509727478027,55300,0.0,0.0
2025-06-04 00:00:00-04:00,9.122040336844128,9.160167952009347,9.007657491348464,9.036252975463867,60700,0.0,0.0
2025-06-05 00:00:00-04:00,9.026721753448099,9.083912721678907,8.988594138282878,9.036252975463867,29100,0.0,0.0
2025-06-06 00:00:00-04:00,9.074381878527607,9.293615447622335,8.979062382117846,9.179232597351074,56500,0.0,0.0
2025-06-09 00:00:00-04:00,9.179232705129923,9.236423676420024,9.055317721955909,9.064849853515625,45400,0.0,0.0
2025-06-10 00:00:00-04:00,9.0457864586764,9.0457864586764,8.85514835435374,8.959999084472656,39000,0.0,0.0
2025-06-11 00:00:00-04:00,8.95999811133397,9.045785476220411,8.797955513000488,8.797955513000488,44300,0.0,0.0
2025-06-12 00:00:00-04:00,8.58825410057509,8.740764567913777,8.578721969107901,8.635913848876953,33200,0.0,0.0
2025-06-13 00:00:00-04:00,8.511998645856211,8.569189615105973,8.397615798322624,8.483402252197266,44100,0.0,0.0
2025-06-16 00:00:00-04:00,8.893274821227156,8.940934568382039,8.788424104713664,8.864679336547852,43000,0.0,0.0
2025-06-17 00:00:00-04:00,8.912339220624494,8.912339220624494,8.63591377372028,8.69310474395752,32000,0.0,0.0
2025-06-18 00:00:00-04:00,8.998125873167618,9.093445371030652,8.950467033270204,9.007658004760742,69600,0.0,0.0
2025-06-20 00:00:00-04:00,9.074382175007983,9.083913397733095,8.855147689716285,8.998126029968262,78700,0.0,0.0
2025-06-23 00:00:00-04:00,8.912339210510254,8.931402564223006,8.712168996838912,8.912339210510254,50200,0.0,0.0
2025-06-24 00:00:00-04:00,9.083913026650565,9.23642349243164,9.055317541575134,9.23642349243164,48900,0.0,0.0
2025-06-25 00:00:00-04:00,9.179232470937196,9.179232470937196,9.093445107156668,9.131572723388672,32100,0.0,0.0
2025-06-26 00:00:00-04:00,9.20782813246739,9.331743114856724,9.179232647003417,9.284083366394043,51900,0.0,0.0
2025-06-27 00:00:00-04:00,9.30314747252515,9.30314747252515,9.12204061322756,9.293615341186523,18600,0.0,0.0
2025-06-30 00:00:00-04:00,9.350806988990676,9.38893460436842,9.25548749602929,9.36033821105957,42900,0.0,0.0
2025-07-01 00:00:00-04:00,9.303147738005256,9.322211092192433,9.150637268371415,9.169700622558594,39100,0.0,0.0
2025-07-02 00:00:00-04:00,9.312679447157231,9.312679447157231,9.15063685326362,9.303147315979004,63100,0.0,0.0
2025-07-03 00:00:00-04:00,9.293615289179467,9.293615289179467,9.15063695603649,9.188764572143555,35900,0.0,0.0
2025-07-07 00:00:00-04:00,9.188764086436079,9.265019314619446,9.13157221078154,9.160167694091797,67600,0.0,0.0
2025-07-08 00:00:00-04:00,9.12204092117137,9.350807535850768,9.12204092117137,9.274551391601562,64900,0.0,0.0
2025-07-09 00:00:00-04:00,9.207828007356209,9.350807250801529,9.150637037205346,9.23642349243164,77300,0.0,0.0
2025-07-10 00:00:00-04:00,9.245956140303688,9.31268015458584,9.19829638982619,9.207828521728516,59400,0.0,0.0
2025-07-11 00:00:00-04:00,9.131572809296468,9.15063707210886,8.836084007977064,8.855147361755371,41600,0.0,0.0
2025-07-14 00:00:00-04:00,8.731233160162024,8.8265526646666,8.693105540167025,8.702637672424316,40900,0.0,0.0
2025-07-15 00:00:00-04:00,8.731232179515667,8.731232179515667,8.540594100952148,8.540594100952148,41700,0.0,0.0
2025-07-16 00:00:00-04:00,8.521529809507708,8.635913565289663,8.473870971804963,8.597785949707031,65900,0.0,0.0
2025-07-17 00:00:00-04:00,8.58825445731668,10.609020051561641,8.58825445731668,10.294466972351074,1017400,0.0,0.0
2025-07-18 00:00:00-04:00,10.866380324443863,10.961699816900092,9.617700245664746,9.798806190490723,633200,0.0,0.0
2025-07-21 00:00:00-04:00,10.084764112588434,10.599487390033122,10.065700758848896,10.3230619430542,367200,0.0,0.0
2025-07-22 00:00:00-04:00,10.370721220535415,10.542295941578997,10.037103909402685,10.132423400878906,241700,0.0,0.0
2025-07-23 00:00:00-04:00,10.265871485795785,10.418381959469498,10.18008411709579,10.294466972351074,102600,0.0,0.0
2025-07-24 00:00:00-04:00,10.29446596195718,10.29446596195718,9.703487479958559,9.75114631652832,121100,0.0,0.0
2025-07-25 00:00:00-04:00,9.875062081029439,10.103828696411542,9.751147096165749,9.979913711547852,115100,0.0,0.0
2025-07-28 00:00:00-04:00,10.11335939833658,10.227742245621075,9.960848935290587,10.008508682250977,136800,0.0,0.0
2025-07-29 00:00:00-04:00,9.531913086833852,10.246806568346392,9.522380955578841,9.570040702819824,346100,0.0,0.0
2025-07-30 00:00:00-04:00,9.531913613972133,9.932254058481693,9.531913613972133,9.70348834991455,183600,0.0,0.0
2025-07-31 00:00:00-04:00,9.579573192710686,9.741615793976068,9.53191344368544,9.55097770690918,113200,0.0,0.0
2025-08-01 00:00:00-04:00,9.12204084202685,9.341275323143714,8.912339401521798,9.226892471313477,134600,0.0,0.0
2025-08-04 00:00:00-04:00,9.198296412204217,9.541445889249735,9.198296412204217,9.531913757324219,157100,0.0,0.0
2025-08-05 00:00:00-04:00,9.417530969280719,9.560509313058713,9.28408384846289,9.3126802444458,154900,0.0,0.0
2025-08-06 00:00:00-04:00,9.226892535364367,9.598636579134672,9.217360403720486,9.493785858154297,111100,0.0,0.0
2025-08-07 00:00:00-04:00,9.55097743312497,9.570040786768145,9.207827977207042,9.293615341186523,106800,0.0,0.0
2025-08-08 00:00:00-04:00,9.331743208574915,9.46519032380381,9.274551328038504,9.388935089111328,94500,0.0,0.0
2025-08-11 00:00:00-04:00,9.36033805490812,9.674891103785566,9.341274702054294,9.36987018585205,175800,0.0,0.0
2025-08-12 00:00:00-04:00,9.331742472335046,9.560508158363726,9.32221034149201,9.4842529296875,158900,0.0,0.0
2025-08-13 00:00:00-04:00,9.531913086833852,9.617700450060807,9.484253339592868,9.570040702819824,132300,0.0,0.0
2025-08-14 00:00:00-04:00,9.463059017531275,9.521413338047406,9.287997911003801,9.326900482177734,150800,0.2,0.0
2025-08-15 00:00:00-04:00,9.43388153650284,9.579766861906052,9.39497896856406,9.53113842010498,121300,0.0,0.0
2025-08-18 00:00:00-04:00,9.356076715227912,9.608943879087956,9.336625894359669,9.550589561462402,151800,0.0,0.0
2025-08-19 00:00:00-04:00,9.511687014234639,9.608943901332236,9.064307003104439,9.190740585327148,134500,0.0,0.0
2025-08-20 00:00:00-04:00,9.112935783066536,9.112935783066536,8.704458326193933,8.821166038513184,107300,0.0,0.0
2025-08-21 00:00:00-04:00,8.772538562308254,8.850343704223633,8.665555796541769,8.850343704223633,82100,0.0,0.0
2025-08-22 00:00:00-04:00,8.957324981689453,9.200466266830306,8.92814828717546,8.957324981689453,64900,0.0,0.0
2025-08-25 00:00:00-04:00,8.908697128295898,8.99622814513674,8.869794557201132,8.908697128295898,53400,0.0,0.0
2025-08-26 00:00:00-04:00,8.908696616704358,9.06430689214734,8.889245796029186,9.044856071472168,64300,0.0,0.0
2025-08-27 00:00:00-04:00,9.074032860566831,9.200466442556163,9.06430698637294,9.161563873291016,38900,0.0,0.0
2025-08-28 00:00:00-04:00,9.151838032776343,9.268545741001274,9.10320958913835,9.219917297363281,39900,0.0,0.0
2025-08-29 00:00:00-04:00,9.249094755367885,9.531138610433818,9.239368881311378,9.375528335571289,53300,0.0,0.0
2025-09-02 00:00:00-04:00,9.083759235629161,9.103210057579025,8.967051521398586,8.996228218078613,80900,0.0,0.0
2025-09-03 00:00:00-04:00,8.957325152771391,9.394979288881895,8.957325152771391,9.161563873291016,106900,0.0,0.0
2025-09-04 00:00:00-04:00,9.161563777630922,9.463058454410163,9.112935334679639,9.433881759643555,87300,0.0,0.0
2025-09-05 00:00:00-04:00,9.511686879895478,9.550589448682992,9.35607660474543,9.404705047607422,58000,0.0,0.0
2025-09-08 00:00:00-04:00,9.297723249360237,9.492236094009948,9.297723249360237,9.463058471679688,68900,0.0,0.0
2025-09-09 00:00:00-04:00,9.404704920688681,9.647846204206981,9.375528226369395,9.618669509887695,90200,0.0,0.0
2025-09-10 00:00:00-04:00,9.60894403143675,9.852085324962445,9.599218157093219,9.725651741027832,116300,0.0,0.0
2025-09-11 00:00:00-04:00,9.638121061142115,10.182757985628607,9.638121061142115,10.16330623626709,166100,0.0,0.0
2025-09-12 00:00:00-04:00,10.066050401507743,10.066050401507743,9.852085793330339,9.920165061950684,62500,0.0,0.0
2025-09-15 00:00:00-04:00,9.832633442010973,10.046598037094823,9.822908495310665,9.939616203308105,118300,0.0,0.0
2025-09-16 00:00:00-04:00,9.852085475642303,10.036872453443415,9.803457030691344,9.900713920593262,126900,0.0,0.0
2025-09-17 00:00:00-04:00,9.93961649105194,10.143855217837611,9.871536297116421,9.900713920593262,117500,0.0,0.0
2025-09-18 00:00:00-04:00,9.910438825175053,10.046598284953113,9.70620009926318,9.871536254882812,142400,0.0,0.0
2025-09-19 00:00:00-04:00,9.822909066284657,9.93961678106594,9.754828870362722,9.861811637878418,130400,0.0,0.0
2025-09-22 00:00:00-04:00,9.842359632912858,10.14385525057342,9.784006240791747,9.959067344665527,116200,0.0,0.0
2025-09-23 00:00:00-04:00,10.007695975943188,10.007695975943188,9.754828798686514,9.774280548095703,63900,0.0,0.0
2025-09-24 00:00:00-04:00,9.735377521930072,9.813182660910678,9.54086467447856,9.608943939208984,76300,0.0,0.0
2025-09-25 00:00:00-04:00,9.385253859503877,9.511687447485551,9.278272020831901,9.297723770141602,153100,0.0,0.0
2025-09-26 00:00:00-04:00,9.336626085618215,9.443607921361078,9.268545892408728,9.394979476928711,108500,0.0,0.0
2025-09-29 00:00:00-04:00,9.443607616394933,9.492236059256923,9.36580247881991,9.404705047607422,78500,0.0,0.0
2025-09-30 00:00:00-04:00,9.35607649078137,9.404704933051027,9.171289523169133,9.258820533752441,68300,0.0,0.0
2025-10-01 00:00:00-04:00,9.287998012808707,9.49223674558812,9.287998012808707,9.472784996032715,107100,0.0,0.0
2025-10-02 00:00:00-04:00,9.550589816635824,9.550589816635824,9.38525366104144,9.453333854675293,90900,0.0,0.0
2025-10-03 00:00:00-04:00,9.492236041718185,9.589491999752065,9.356076587458274,9.375528335571289,126700,0.0,0.0
2025-10-06 00:00:00-04:00,9.443607694127872,9.579767149760132,9.433881819973337,9.492236137390137,88700,0.0,0.0
2025-10-07 00:00:00-04:00,9.531138919167196,9.628394880351397,9.34635101614948,9.365802764892578,105100,0.0,0.0
2025-10-08 00:00:00-04:00,9.375528430066948,9.579767149760132,9.326899986804683,9.492236137390137,87700,0.0,0.0
2025-10-09 00:00:00-04:00,9.550590108366354,9.608944429333503,9.3560772509933,9.41443157196045,60800,0.0,0.0
2025-10-10 00:00:00-04:00,9.46305877263217,9.46305877263217,8.976776181787505,9.035130500793457,109000,0.0,0.0
2025-10-13 00:00:00-04:00,9.161563873291016,9.287997455280346,9.132387178219759,9.161563873291016,83300,0.0,0.0
2025-10-14 00:00:00-04:00,9.035130366577576,9.26854578411315,9.035130366577576,9.24909496307373,52900,0.0,0.0
2025-10-15 00:00:00-04:00,9.287997166003873,9.404704870164428,9.122661019898821,9.20046615600586,89900,0.0,0.0
2025-10-16 00:00:00-04:00,9.24909545409798,9.24909545409798,8.94759982814231,9.054582595825195,103000,0.0,0.0
2025-10-17 00:00:00-04:00,8.967051126330944,9.161563974812113,8.821165794337249,8.889245986938477,77000,0.0,0.0
2025-10-20 00:00:00-04:00,8.937873172197415,9.00595336227566,8.860068035688327,8.898970603942871,62500,0.0,0.0
2025-10-21 00:00:00-04:00,8.801714611772038,8.996227452264876,8.801714611772038,8.840617179870605,72900,0.0,0.0
2025-10-22 00:00:00-04:00,8.821165622871879,8.840617371097105,8.587750209231592,8.685007095336914,43000,0.0,0.0
2025-10-23 00:00:00-04:00,8.616926656991788,8.830891243782395,8.616926656991788,8.782262802124023,40600,0.0,0.0
2025-10-24 00:00:00-04:00,8.830891592298107,8.928148479453142,8.791989022938175,8.801714897155762,43900,0.0,0.0
2025-10-27 00:00:00-04:00,8.801714897155762,8.947599300377899,8.782263148720588,8.801714897155762,92400,0.0,0.0
2025-10-28 00:00:00-04:00,8.762812556009186,8.801715126382271,8.685007415263014,8.704458236694336,72200,0.0,0.0
2025-10-29 00:00:00-04:00,8.75308702878576,8.869794744534978,8.655830135239505,8.723910331726074,124800,0.0,0.0
2025-10-30 00:00:00-04:00,8.6655552687057,8.7336345318572,8.587750131529585,8.5974760055542,39100,0.0,0.0
2025-10-31 00:00:00-04:00,8.607201957456818,8.78226305393183,8.607201957456818,8.685007095336914,35600,0.0,0.0
2025-11-03 00:00:00-05:00,8.743360714724353,8.743360714724353,8.587750434875488,8.587750434875488,52600,0.0,0.0
2025-11-04 00:00:00-05:00,9.317174383125717,9.657572568332846,8.918422806318214,9.06430721282959,378500,0.0,0.0
2025-11-05 00:00:00-05:00,9.200466965094858,9.482510840163402,9.064307501178487,9.41443157196045,244400,0.0,0.0
2025-11-06 00:00:00-05:00,9.501962208132511,9.501962208132511,8.889246036376365,8.976776123046875,221000,0.0,0.0
2025-11-07 00:00:00-05:00,8.976776483891651,9.132387697307644,8.772538679273497,9.025404930114746,123400,0.0,0.0
2025-11-10 00:00:00-05:00,9.190740661498666,9.394979384087987,9.074032952520541,9.278271675109863,182300,0.0,0.0
2025-11-11 00:00:00-05:00,9.142112444025326,9.29772365402822,9.005953910599656,9.181015014648438,139600,0.0,0.0
2025-11-12 00:00:00-05:00,9.171290337945074,9.579767805282659,9.151838588304964,9.501962661743164,249400,0.0,0.0
2025-11-13 00:00:00-05:00,9.424156279973653,9.501962348458312,9.044856449601955,9.122661590576172,72000,0.0,0.0
2025-11-14 00:00:00-05:00,8.967051536655406,9.07403337633784,8.908697215685601,9.025404930114746,92000,0.0,0.0
2025-11-17 00:00:00-05:00,8.947599683678446,9.064307396757807,8.811441148841086,8.879520416259766,89000,0.0,0.0
2025-11-18 00:00:00-05:00,8.675281508415386,8.782263344664498,8.597476367959588,8.64610481262207,118700,0.0,0.0
2025-11-19 00:00:00-05:00,8.587750707844743,8.830892009714663,8.471042994248435,8.519671440124512,118200,0.0,0.0
2025-11-20 00:00:00-05:00,8.548847893894145,8.704458174270533,8.20844970993797,8.227901458740234,169100,0.0,0.0
2025-11-21 00:00:00-05:00,8.276530066888503,8.548848062931768,8.218175746838293,8.432140350341797,139600,0.0,0.0
2025-11-24 00:00:00-05:00,8.441865653248637,8.59747592616394,8.441865653248637,8.509944915771484,123800,0.0,0.0
2025-11-25 00:00:00-05:00,8.41268860115491,8.509945492068445,8.35433520861515,8.432140350341797,277700,0.0,0.0
2025-11-26 00:00:00-05:00,8.51967122750379,8.733634900002016,8.490493604200038,8.64610481262207,140600,0.0,0.0
2025-11-28 00:00:00-05:00,8.626652513040932,8.791988657832311,8.578024071482812,8.75308609008789,44500,0.0,0.0
2025-12-01 00:00:00-05:00,8.48076812333212,8.607201700490224,8.383511240130387,8.393237113952637,140100,0.0,0.0
2025-12-02 00:00:00-05:00,8.354335135066904,8.451591097613782,8.315432564546063,8.344609260559082,156800,0.0,0.0
2025-12-03 00:00:00-05:00,8.315431996245515,8.461316393850897,8.315431996245515,8.42241382598877,70800,0.0,0.0
2025-12-04 00:00:00-05:00,8.451590807470623,8.50021925082987,8.315432279077227,8.383511543273926,108700,0.0,0.0
2025-12-05 00:00:00-05:00,8.32515821263212,8.529396934189403,8.32515821263212,8.441865921020508,79900,0.0,0.0
2025-12-08 00:00:00-05:00,8.47104245996477,8.830891452734683,8.46131658590089,8.655829429626465,85100,0.0,0.0
2025-12-09 00:00:00-05:00,8.636379115466816,9.074033271392034,8.636379115466816,8.879520416259766,106300,0.0,0.0
2025-12-10 00:00:00-05:00,8.753086899897609,9.01567995209956,8.685007631923977,8.96705150604248,105600,0.0,0.0
2025-12-11 00:00:00-05:00,8.957325574041972,9.005954019788046,8.821166111455057,8.908697128295898,97900,0.0,0.0
2025-12-12 00:00:00-05:00,8.967051065967338,8.967051065967338,8.772538218795573,8.830891609191895,58200,0.0,0.0
2025-12-15 00:00:00-05:00,8.830891434968903,8.88924575172438,8.597476022967793,8.626652717590332,146700,0.0,0.0
2025-12-16 00:00:00-05:00,8.548848012206978,8.840617755705907,8.548848012206978,8.762812614440918,111500,0.0,0.0
2025-12-17 00:00:00-05:00,8.723909953077868,8.860068485120296,8.636378938187487,8.64610481262207,107600,0.0,0.0
2025-12-18 00:00:00-05:00,8.772537917575708,8.94759901026407,8.772537917575708,8.840617179870605,54000,0.0,0.0
2025-12-19 00:00:00-05:00,8.811440485674275,8.92814818996998,8.811440485674275,8.840617179870605,82800,0.0,0.0
2025-12-22 00:00:00-05:00,8.76281253971247,8.889246125067473,8.675281524658203,8.675281524658203,112700,0.0,0.0
2025-12-23 00:00:00-05:00,8.55857345430094,8.675281160301497,8.548847580256629,8.626652717590332,65700,0.0,0.0
2025-12-24 00:00:00-05:00,8.655829472999073,8.694732041939123,8.597476083344205,8.685007095336914,41500,0.0,0.0
2025-12-26 00:00:00-05:00,8.636378954357466,8.71418409495894,8.539122064850407,8.675281524658203,68600,0.0,0.0
2025-12-29 00:00:00-05:00,8.5293967424027,8.694731963269144,8.5293967424027,8.5974760055542,58700,0.0,0.0
2025-12-30 00:00:00-05:00,8.568299231869917,8.578024178294331,8.471042347542658,8.509944915771484,47800,0.0,0.0
2025-12-31 00:00:00-05:00,8.490493774414062,8.59747654031836,8.461317078035824,8.490493774414062,58100,0.0,0.0
2026-01-02 00:00:00-05:00,8.500219345092773,8.616927053942945,8.432140080141112,8.500219345092773,54400,0.0,0.0
2026-01-05 00:00:00-05:00,8.578024666950661,8.821165964109221,8.578024666950661,8.733634948730469,89000,0.0,0.0
2026-01-06 00:00:00-05:00,8.704457710147222,8.86979385610899,8.665555142127417,8.811440467834473,79200,0.0,0.0
2026-01-07 00:00:00-05:00,8.840617483428087,8.957325191731146,8.714183900888836,8.830891609191895,113500,0.0,0.0
2026-01-08 00:00:00-05:00,8.772538354567839,8.772538354567839,8.539122006838728,8.616927146911621,61900,0.0,0.0
2026-01-09 00:00:00-05:00,8.616927477156224,8.704458494970472,8.529397386852443,8.607202529907227,55500,0.0,0.0
2026-01-12 00:00:00-05:00,8.548847864913272,8.646104753574027,8.47104272498884,8.587750434875488,61600,0.0,0.0
2026-01-13 00:00:00-05:00,8.558574042282263,8.665555881588249,8.558574042282263,8.578024864196777,77800,0.0,0.0
2026-01-14 00:00:00-05:00,8.597475863451663,8.694731819559122,8.402963023726365,8.451590538024902,84000,0.0,0.0
2026-01-15 00:00:00-05:00,8.471042572961329,8.558573585683028,8.383511560239631,8.412688255310059,86400,0.0,0.0
2026-01-16 00:00:00-05:00,8.412688671266064,8.412688671266064,8.101468101765771,8.130644798278809,75400,0.0,0.0
2026-01-20 00:00:00-05:00,7.984760073664793,8.266803935541681,7.975034199373419,8.111193656921387,222500,0.0,0.0
2026-01-21 00:00:00-05:00,8.072291300335744,8.120919745565747,7.906955143060002,7.984760284423828,168400,0.0,0.0
2026-01-22 00:00:00-05:00,8.120919892602975,8.208449982589263,8.11119401787879,8.159822463989258,76600,0.0,0.0
2026-01-23 00:00:00-05:00,8.2084499249258,8.2084499249258,7.984760372903688,8.101468086242676,59000,0.0,0.0
2026-01-26 00:00:00-05:00,8.159821707280928,8.393237113952637,8.15009583345868,8.393237113952637,142500,0.0,0.0
2026-01-27 00:00:00-05:00,8.441866013176917,8.558573722839355,8.383511694590483,8.558573722839355,76800,0.0,0.0
2026-01-28 00:00:00-05:00,8.509945142225371,8.616926975823885,8.383511560239631,8.412688255310059,77700,0.0,0.0
2026-01-29 00:00:00-05:00,8.344609477417604,8.35433535217818,7.975034584109937,8.218175888061523,122300,0.0,0.0
2026-01-30 00:00:00-05:00,8.21817518434651,8.295980320747796,8.043114091198811,8.120919227600098,61000,0.0,0.0
2026-02-02 00:00:00-05:00,8.198724821275832,8.432140243498164,8.179273072335416,8.286255836486816,150800,0.0,0.0
2026-02-03 00:00:00-05:00,7.858326660722531,7.877778409726859,7.119177357501266,7.1483540534973145,313700,0.0,0.0
2026-02-04 00:00:00-05:00,7.138628462546802,7.352592594885781,7.021920290243059,7.303964614868164,478000,0.0,0.0
2026-02-05 00:00:00-05:00,7.245610410228597,7.3914952800748885,7.148353984916141,7.255336284637451,279600,0.0,0.0
2026-02-06 00:00:00-05:00,7.2164338477285215,7.508203129051978,7.2164338477285215,7.430397987365723,205500,0.0,0.0
2026-02-09 00:00:00-05:00,7.362318539988424,7.654087814167391,7.342867255043159,7.586008548736572,225800,0.0,0.0
2026-02-10 00:00:00-05:00,7.556831169067324,7.702716033780093,7.488751441866645,7.517928600311279,194500,0.0,0.0
2026-02-11 00:00:00-05:00,7.488751441866645,7.52765401062269,7.226158870885742,7.517928600311279,190800,0.0,0.0
2026-02-12 00:00:00-05:00,7.420672415418625,7.469300396039135,7.002469092301989,7.031646251678467,530500,0.0,0.0
2026-02-13 00:00:00-05:00,7.06082317198802,7.274787299735293,7.05109729794009,7.128902435302734,97700,0.0,0.0
2026-02-17 00:00:00-05:00,6.885761388255295,6.983017813335553,6.798230373805454,6.837133407592773,319700,0.0,0.0
2026-02-18 00:00:00-05:00,6.7982304634754565,7.031646350502093,6.75932789293022,6.953841209411621,237900,0.0,0.0
2026-02-19 00:00:00-05:00,6.856584731085431,7.119177312153307,6.856584731085431,7.090000152587891,230300,0.0,0.0
2026-02-20 00:00:00-05:00,7.090000152587891,7.480000019073486,7.090000152587891,7.239999771118164,148600,0.2,0.0
2026-02-23 00:00:00-05:00,7.119999885559082,7.260000228881836,7.050000190734863,7.110000133514404,183200,0.0,0.0
2026-02-24 00:00:00-05:00,7.039999961853027,7.519999980926514,7.039999961853027,7.320000171661377,189000,0.0,0.0
2026-02-25 00:00:00-05:00,7.260000228881836,7.380000114440918,7.21999979019165,7.239999771118164,167300,0.0,0.0
2026-02-26 00:00:00-05:00,7.230000019073486,7.300000190734863,7.090000152587891,7.179999828338623,163800,0.0,0.0
2026-02-27 00:00:00-05:00,7.099999904632568,7.190000057220459,7.0,7.139999866485596,131800,0.0,0.0
2026-03-02 00:00:00-05:00,7.150000095367432,7.599999904632568,7.150000095367432,7.550000190734863,249500,0.0,0.0
2026-03-03 00:00:00-05:00,7.400000095367432,7.699999809265137,7.400000095367432,7.630000114440918,192300,0.0,0.0
2026-03-04 00:00:00-05:00,7.730000019073486,7.980000019073486,7.699999809265137,7.960000038146973,119600,0.0,0.0
2026-03-05 00:00:00-05:00,7.889999866485596,8.15999984741211,7.889999866485596,7.989999771118164,144600,0.0,0.0
2026-03-06 00:00:00-05:00,7.909999847412109,8.0600004196167,7.820000171661377,8.0600004196167,81200,0.0,0.0
2026-03-09 00:00:00-04:00,7.880000114440918,8.130000114440918,7.809999942779541,7.920000076293945,166300,0.0,0.0
2026-03-10 00:00:00-04:00,7.929999828338623,8.039999961853027,7.900000095367432,7.980000019073486,92500,0.0,0.0
2026-03-11 00:00:00-04:00,7.960000038146973,8.1899995803833,7.960000038146973,8.15999984741211,91800,0.0,0.0
2026-03-12 00:00:00-04:00,8.09000015258789,8.229999542236328,8.050000190734863,8.180000305175781,107500,0.0,0.0
2026-03-13 00:00:00-04:00,8.15999984741211,8.319999694824219,8.109999656677246,8.210000038146973,119000,0.0,0.0
2026-03-16 00:00:00-04:00,8.220000267028809,8.489999771118164,8.220000267028809,8.369999885559082,127900,0.0,0.0
2026-03-17 00:00:00-04:00,8.40999984741211,8.630000114440918,8.40999984741211,8.510000228881836,110900,0.0,0.0
2026-03-18 00:00:00-04:00,8.510000228881836,8.609999656677246,8.329999923706055,8.329999923706055,90300,0.0,0.0
2026-03-19 00:00:00-04:00,8.260000228881836,8.529999732971191,8.260000228881836,8.470000267028809,111000,0.0,0.0
2026-03-20 00:00:00-04:00,8.460000038146973,8.460000038146973,8.239999771118164,8.329999923706055,116000,0.0,0.0
2026-03-23 00:00:00-04:00,8.350000381469727,8.579999923706055,8.34000015258789,8.520000457763672,93500,0.0,0.0
2026-03-24 00:00:00-04:00,8.420000076293945,8.600000381469727,8.380000114440918,8.510000228881836,91000,0.0,0.0
2026-03-25 00:00:00-04:00,8.59000015258789,8.729999542236328,8.550000190734863,8.670000076293945,67300,0.0,0.0
2026-03-26 00:00:00-04:00,8.5600004196167,8.770000457763672,8.529999732971191,8.539999961853027,81900,0.0,0.0
2026-03-27 00:00:00-04:00,8.470000267028809,8.529999732971191,8.289999961853027,8.329999923706055,39000,0.0,0.0
2026-03-30 00:00:00-04:00,8.319999694824219,8.449999809265137,8.260000228881836,8.289999961853027,93300,0.0,0.0
2026-03-31 00:00:00-04:00,8.289999961853027,8.479999542236328,8.270000457763672,8.40999984741211,105800,0.0,0.0
2026-04-01 00:00:00-04:00,8.5,8.720000267028809,8.479999542236328,8.619999885559082,53400,0.0,0.0
2026-04-02 00:00:00-04:00,8.510000228881836,8.779999732971191,8.350000381469727,8.710000038146973,48600,0.0,0.0
2026-04-06 00:00:00-04:00,8.75,8.899999618530273,8.739999771118164,8.859999656677246,68100,0.0,0.0
2026-04-07 00:00:00-04:00,8.84000015258789,9.079999923706055,8.84000015258789,9.069999694824219,58200,0.0,0.0
2026-04-08 00:00:00-04:00,9.25,9.300000190734863,9.039999961853027,9.069999694824219,109500,0.0,0.0
2026-04-09 00:00:00-04:00,9.029999732971191,9.119999885559082,8.949999809265137,9.0600004196167,68200,0.0,0.0
2026-04-10 00:00:00-04:00,9.0600004196167,9.100000381469727,8.760000228881836,8.789999961853027,79000,0.0,0.0
2026-04-13 00:00:00-04:00,8.739999771118164,8.930000305175781,8.6899995803833,8.880000114440918,62600,0.0,0.0
2026-04-14 00:00:00-04:00,8.850000381469727,8.869999885559082,8.640000343322754,8.729999542236328,49200,0.0,0.0
2026-04-15 00:00:00-04:00,8.710000038146973,8.949999809265137,8.710000038146973,8.859999656677246,72400,0.0,0.0
2026-04-16 00:00:00-04:00,8.899999618530273,8.970000267028809,8.850000381469727,8.90999984741211,55900,0.0,0.0
2026-04-17 00:00:00-04:00,8.90999984741211,9.119999885559082,8.880000114440918,9.100000381469727,63900,0.0,0.0
2026-04-20 00:00:00-04:00,9.130000114440918,9.390000343322754,9.0600004196167,9.3100004196167,201900,0.0,0.0
2026-04-21 00:00:00-04:00,9.390000343322754,9.550000190734863,9.329999923706055,9.5,76300,0.0,0.0
2026-04-22 00:00:00-04:00,9.5,9.600000381469727,9.390000343322754,9.430000305175781,65200,0.0,0.0
2026-04-23 00:00:00-04:00,9.399999618530273,9.40999984741211,9.0600004196167,9.069999694824219,55400,0.0,0.0
2026-04-24 00:00:00-04:00,9.140000343322754,9.140000343322754,8.90999984741211,9.029999732971191,25900,0.0,0.0
2026-04-27 00:00:00-04:00,8.930000305175781,8.960000038146973,8.779999732971191,8.869999885559082,63300,0.0,0.0
2026-04-28 00:00:00-04:00,8.789999961853027,8.789999961853027,8.670000076293945,8.75,40300,0.0,0.0
2026-04-29 00:00:00-04:00,8.65999984741211,8.829999923706055,8.5600004196167,8.800000190734863,38800,0.0,0.0
2026-04-30 00:00:00-04:00,8.859999656677246,9.350000381469727,8.859999656677246,9.260000228881836,230200,0.0,0.0
2026-05-01 00:00:00-04:00,9.430000305175781,10.390000343322754,9.399999618530273,10.170000076293945,376000,0.0,0.0
2026-05-04 00:00:00-04:00,10.109999656677246,10.369999885559082,10.010000228881836,10.140000343322754,176000,0.0,0.0
2026-05-05 00:00:00-04:00,8.859999656677246,8.859999656677246,8.149999618530273,8.510000228881836,486400,0.0,0.0
2026-05-06 00:00:00-04:00,8.520000457763672,8.640000343322754,8.329999923706055,8.539999961853027,115900,0.0,0.0
2026-05-07 00:00:00-04:00,8.539999961853027,8.59000015258789,8.130000114440918,8.350000381469727,232100,0.0,0.0
2026-05-08 00:00:00-04:00,8.399999618530273,8.460000038146973,8.229999542236328,8.420000076293945,66500,0.0,0.0
2026-05-11 00:00:00-04:00,8.359999656677246,8.640000343322754,8.359999656677246,8.630000114440918,88900,0.0,0.0
2026-05-12 00:00:00-04:00,8.4399995803833,8.529999732971191,8.350000381469727,8.479999542236328,70600,0.0,0.0
2026-05-13 00:00:00-04:00,8.430000305175781,8.529999732971191,8.3100004196167,8.449999809265137,83900,0.0,0.0
2026-05-14 00:00:00-04:00,8.470000267028809,8.5600004196167,8.390000343322754,8.430000305175781,29400,0.0,0.0
2026-05-15 00:00:00-04:00,8.390000343322754,8.430000305175781,8.119999885559082,8.149999618530273,75600,0.0,0.0
2026-05-18 00:00:00-04:00,8.199999809265137,8.260000228881836,8.039999961853027,8.199999809265137,96800,0.0,0.0
2026-05-19 00:00:00-04:00,8.109999656677246,8.239999771118164,8.039999961853027,8.079999923706055,70000,0.0,0.0
2026-05-20 00:00:00-04:00,8.079999923706055,8.569999694824219,8.069999694824219,8.489999771118164,99500,0.0,0.0
2026-05-21 00:00:00-04:00,8.399999618530273,8.739999771118164,8.34000015258789,8.739999771118164,77000,0.0,0.0
2026-05-22 00:00:00-04:00,8.739999771118164,9.140000343322754,8.65999984741211,9.119999885559082,122600,0.0,0.0
2026-05-26 00:00:00-04:00,9.039999961853027,9.270000457763672,9.029999732971191,9.079999923706055,192500,0.0,0.0
2026-05-27 00:00:00-04:00,9.15999984741211,9.4399995803833,9.140000343322754,9.420000076293945,144000,0.0,0.0
2026-05-28 00:00:00-04:00,9.329999923706055,9.789999961853027,9.289999961853027,9.710000038146973,181400,0.0,0.0
2026-05-29 00:00:00-04:00,9.710000038146973,9.899999618530273,9.680000305175781,9.84000015258789,134400,0.0,0.0
2026-06-01 00:00:00-04:00,9.710000038146973,10.270000457763672,9.699999809265137,10.180000305175781,168300,0.0,0.0
2026-06-02 00:00:00-04:00,10.0,10.229999542236328,9.960000038146973,10.149999618530273,167300,0.0,0.0
2026-06-03 00:00:00-04:00,10.050000190734863,10.119999885559082,9.890000343322754,10.050000190734863,128800,0.0,0.0
2026-06-04 00:00:00-04:00,9.90999984741211,10.1899995803833,9.899999618530273,10.170000076293945,68300,0.0,0.0
2026-06-05 00:00:00-04:00,10.09000015258789,10.09000015258789,9.529999732971191,9.609999656677246,85500,0.0,0.0
2026-06-08 00:00:00-04:00,9.640000343322754,9.800000190734863,9.640000343322754,9.770000457763672,96700,0.0,0.0
2026-06-09 00:00:00-04:00,9.6899995803833,9.760000228881836,9.329999923706055,9.520000457763672,100300,0.0,0.0
2026-06-10 00:00:00-04:00,9.369999885559082,9.569999694824219,9.350000381469727,9.399999618530273,128000,0.0,0.0
2026-06-11 00:00:00-04:00,9.420000076293945,9.489999771118164,9.1899995803833,9.489999771118164,158900,0.0,0.0
2026-06-12 00:00:00-04:00,9.569999694824219,10.260000228881836,9.550000190734863,9.8100004196167,225500,0.0,0.0
2026-06-15 00:00:00-04:00,9.899999618530273,9.979999542236328,9.619999885559082,9.65999984741211,175300,0.0,0.0
2026-06-16 00:00:00-04:00,9.59000015258789,9.699999809265137,9.319999694824219,9.359999656677246,81300,0.0,0.0
2026-06-17 00:00:00-04:00,9.329999923706055,9.369999885559082,9.020000457763672,9.020000457763672,93700,0.0,0.0
2026-06-18 00:00:00-04:00,9.130000114440918,9.210000038146973,8.920000076293945,9.109999656677246,112900,0.0,0.0
2026-06-22 00:00:00-04:00,9.0600004196167,9.270000457763672,9.020000457763672,9.0600004196167,112400,0.0,0.0
2026-06-23 00:00:00-04:00,8.90999984741211,9.15999984741211,8.890000343322754,9.140000343322754,139000,0.0,0.0
2026-06-24 00:00:00-04:00,9.149999618530273,9.220000267028809,9.039999961853027,9.119999885559082,105700,0.0,0.0
2026-06-25 00:00:00-04:00,9.170000076293945,9.239999771118164,8.960000038146973,9.010000228881836,104600,0.0,0.0
2026-06-26 00:00:00-04:00,8.899999618530273,9.390000343322754,8.899999618530273,9.390000343322754,110500,0.0,0.0
2026-06-29 00:00:00-04:00,9.40999984741211,9.529999732971191,9.329999923706055,9.460000038146973,108100,0.0,0.0
2026-06-30 00:00:00-04:00,9.430000305175781,9.789999961853027,9.40999984741211,9.680000305175781,129300,0.0,0.0
2026-07-01 00:00:00-04:00,9.739999771118164,9.989999771118164,9.729999542236328,9.90999984741211,88500,0.0,0.0
2026-07-02 00:00:00-04:00,9.90999984741211,10.039999961853027,9.699999809265137,9.720000267028809,92600,0.0,0.0
2026-07-06 00:00:00-04:00,9.720000267028809,9.890000343322754,9.65999984741211,9.680000305175781,99600,0.0,0.0
2026-07-07 00:00:00-04:00,9.680000305175781,9.75,9.5600004196167,9.59000015258789,99100,0.0,0.0
2026-07-08 00:00:00-04:00,9.449999809265137,9.65999984741211,9.430000305175781,9.609999656677246,101600,0.0,0.0
2026-07-09 00:00:00-04:00,9.649999618530273,10.069999694824219,9.600000381469727,10.039999961853027,135500,0.0,0.0
2026-07-10 00:00:00-04:00,10.0,10.1899995803833,9.970000267028809,10.170000076293945,82000,0.0,0.0
2026-07-13 00:00:00-04:00,10.020000457763672,10.329999923706055,10.020000457763672,10.180000305175781,127500,0.0,0.0
2026-07-14 00:00:00-04:00,10.170000076293945,10.199999809265137,9.899999618530273,9.970000267028809,108400,0.0,0.0
2026-07-15 00:00:00-04:00,10.029999732971191,10.130000114440918,9.729999542236328,9.789999961853027,71200,0.0,0.0
2026-07-16 00:00:00-04:00,9.729999542236328,9.84000015258789,9.609999656677246,9.729999542236328,99800,0.0,0.0
2026-07-17 00:00:00-04:00,9.699999809265137,9.829999923706055,9.609999656677246,9.75,73400,0.0,0.0
2026-07-20 00:00:00-04:00,9.720000267028809,9.850000381469727,9.600000381469727,9.600000381469727,87800,0.0,0.0
2026-07-21 00:00:00-04:00,9.65999984741211,9.819999694824219,9.65999984741211,9.8100004196167,83700,0.0,0.0
2026-07-22 00:00:00-04:00,9.760000228881836,9.800000190734863,9.399999618530273,9.4399995803833,70800,0.0,0.0
2026-07-23 00:00:00-04:00,9.399999618530273,9.569999694824219,9.380000114440918,9.529999732971191,74600,0.0,0.0
2026-07-24 00:00:00-04:00,9.649999618530273,9.75,9.520000457763672,9.579999923706055,91500,0.0,0.0
2026-07-27 00:00:00-04:00,9.59000015258789,9.819999694824219,9.59000015258789,9.779999732971191,80700,0.0,0.0
2026-07-28 00:00:00-04:00,9.729999542236328,9.819999694824219,9.670000076293945,9.770000457763672,82300,0.0,0.0
2026-07-29 00:00:00-04:00,9.779999732971191,9.850000381469727,9.289999961853027,9.390000343322754,90800,0.0,0.0
2026-07-30 00:00:00-04:00,9.399999618530273,9.4399995803833,9.0600004196167,9.25,133922,0.0,0.0
