Date,Open,High,Low,Close,Volume,Dividends,Stock Splits
2022-01-03 00:00:00-05:00,9.6937803988855,9.6937803988855,9.588556287029865,9.654321670532227,51300,0.0,0.0
2022-01-04 00:00:00-05:00,9.680629848761344,9.70693588256836,9.660899853017094,9.70693588256836,48600,0.0,0.0
2022-01-05 00:00:00-05:00,9.700354170964633,9.720083529259883,9.568824070354655,9.588553428649902,58800,0.0,0.0
2022-01-06 00:00:00-05:00,9.608285077490834,9.706933146854048,9.6017090412814,9.700356483459473,57900,0.0,0.0
2022-01-07 00:00:00-05:00,9.720090882483605,9.739820882889541,9.588560682371368,9.68720817565918,41700,0.0,0.0
2022-01-10 00:00:00-05:00,9.700357557174831,9.759546279907227,9.68720422892976,9.759546279907227,38900,0.0,0.0
2022-01-11 00:00:00-05:00,9.792432962934436,9.8647744161998,9.674055469240688,9.68720817565918,104300,0.0,0.0
2022-01-12 00:00:00-05:00,9.726663586479761,9.805581674394551,9.720086922357225,9.759546279907227,44500,0.0,0.0
2022-01-13 00:00:00-05:00,9.752970199707214,9.83188829234693,9.71351146697998,9.71351146697998,36700,0.0,0.0
2022-01-14 00:00:00-05:00,9.693784713745117,9.706938047174422,9.647749301113468,9.693784713745117,33100,0.0,0.0
2022-01-18 00:00:00-05:00,9.67405415774989,9.71351352602687,9.628018750747895,9.6411714553833,48700,0.0,0.0
2022-01-19 00:00:00-05:00,9.647743478304449,9.726661549693606,9.647743478304449,9.667472839355469,66800,0.0,0.0
2022-01-20 00:00:00-05:00,9.65432609602022,9.706938176065115,9.65432609602022,9.68720817565918,41700,0.0,0.0
2022-01-21 00:00:00-05:00,9.647747284453278,9.687206022122249,9.489911079406738,9.489911079406738,62900,0.0,0.0
2022-01-24 00:00:00-05:00,9.4899079578122,9.58197873354441,9.108470274159878,9.305765151977539,132500,0.0,0.0
2022-01-25 00:00:00-05:00,9.25973317928109,9.345227950553934,9.200544443231786,9.325498580932617,52000,0.0,0.0
2022-01-26 00:00:00-05:00,9.358377083794975,9.476754510725547,9.33207105860875,9.410989761352539,32100,0.0,0.0
2022-01-27 00:00:00-05:00,9.391260397863435,9.529367196090185,9.384684361517518,9.476755142211914,36800,0.0,0.0
2022-01-28 00:00:00-05:00,9.443874105936644,9.496486169030476,9.424144739072773,9.457027435302734,49400,0.0,0.0
2022-01-31 00:00:00-05:00,9.457027555764487,9.516216284295298,9.43072152388249,9.483333587646484,58200,0.0,0.0
2022-02-01 00:00:00-05:00,9.457028730258338,9.57540620202158,9.457028730258338,9.568829536437988,43100,0.0,0.0
2022-02-02 00:00:00-05:00,9.55567741394043,9.601713451663182,9.55567741394043,9.55567741394043,38600,0.0,0.0
2022-02-03 00:00:00-05:00,9.522790783195248,9.581979502162413,9.522790783195248,9.529367446899414,53700,0.0,0.0
2022-02-04 00:00:00-05:00,9.549099813095522,9.568829181930008,9.470181083386926,9.489911079406738,29000,0.0,0.0
2022-02-07 00:00:00-05:00,9.470180264344961,9.516216290557706,9.43729819485978,9.450450897216797,27700,0.0,0.0
2022-02-08 00:00:00-05:00,9.443873029966966,9.476755722450502,9.430720329284668,9.430720329284668,70900,0.0,0.0
2022-02-09 00:00:00-05:00,9.437298188649306,9.496486289994847,9.43072152388249,9.483333587646484,63300,0.0,0.0
2022-02-10 00:00:00-05:00,9.437296289769053,9.483331679503442,9.378107573147615,9.417566299438477,47100,0.0,0.0
2022-02-11 00:00:00-05:00,9.404414306944185,9.430720335511342,9.312342893366536,9.332072257995605,55800,0.0,0.0
2022-02-14 00:00:00-05:00,9.312342266824714,9.332071630126377,9.141352779049901,9.167658805847168,56100,0.0,0.0
2022-02-15 00:00:00-05:00,9.233428201297691,9.351805686950684,9.213698829417336,9.351805686950684,32100,0.0,0.0
2022-02-16 00:00:00-05:00,9.345226157500438,9.417567583688802,9.318920127324194,9.384685516357422,50100,0.0,0.0
2022-02-17 00:00:00-05:00,9.389974963277977,9.389974963277977,9.297398147691311,9.317235946655273,22800,0.078,0.0
2022-02-18 00:00:00-05:00,9.290786733915818,9.323850157578905,9.23127269744873,9.23127269744873,35100,0.0,0.0
2022-02-22 00:00:00-05:00,9.211434886215567,9.211434886215567,9.15853366066091,9.171758651733398,35300,0.0,0.0
2022-02-23 00:00:00-05:00,9.171755642256405,9.171755642256405,8.953538000787896,9.006439208984375,170900,0.0,0.0
2022-02-24 00:00:00-05:00,8.89402953877021,8.986607026250383,8.860966105339255,8.966769218444824,146700,0.0,0.0
2022-02-25 00:00:00-05:00,8.96676927135819,9.09902237522991,8.940318650583848,9.072571754455566,67300,0.0,0.0
2022-02-28 00:00:00-05:00,8.993214783029138,9.099017206019473,8.993214783029138,9.08579158782959,47500,0.0,0.0
2022-03-01 00:00:00-05:00,9.065956679371716,9.165146324866534,9.065956679371716,9.079181671142578,52200,0.0,0.0
2022-03-02 00:00:00-05:00,9.072565204121078,9.191592596352333,9.072565204121078,9.1122407913208,37900,0.0,0.0
2022-03-03 00:00:00-05:00,9.125468673159004,9.178369889647744,9.099018064914635,9.105630874633789,38300,0.0,0.0
2022-03-04 00:00:00-05:00,9.059342838340163,9.112244060674785,9.032892227172852,9.032892227172852,57400,0.0,0.0
2022-03-07 00:00:00-05:00,9.00644448061225,9.01967010571863,8.894029189738081,8.913866996765137,71500,0.0,0.0
2022-03-08 00:00:00-05:00,8.887411117553711,8.960150751325953,8.854348335619575,8.887411117553711,50500,0.0,0.0
2022-03-09 00:00:00-05:00,8.927092482704778,8.953543101872677,8.90725467598698,8.94031810760498,22100,0.0,0.0
2022-03-10 00:00:00-05:00,8.927089189733222,8.960152609154983,8.894025770311458,8.900638580322266,53300,0.0,0.0
2022-03-11 00:00:00-05:00,8.933701867112813,8.946926856305813,8.794836012108853,8.801448822021484,49400,0.0,0.0
2022-03-14 00:00:00-04:00,8.794838874182373,8.82128949180837,8.669197967484536,8.68242359161377,66000,0.0,0.0
2022-03-15 00:00:00-04:00,8.669196128845215,8.741935784863793,8.629520526137204,8.669196128845215,51300,0.0,0.0
2022-03-16 00:00:00-04:00,8.70887135744245,8.81467379330049,8.675807938578746,8.741934776306152,70300,0.0,0.0
2022-03-17 00:00:00-04:00,8.768390260743587,8.827904321663302,8.735326823495678,8.781615257263184,60500,0.0,0.0
2022-03-18 00:00:00-04:00,8.78161140959718,8.827900453715738,8.78161140959718,8.788224220275879,72300,0.0,0.0
2022-03-21 00:00:00-04:00,8.814671546922446,8.854347765574042,8.801446561126648,8.808058738708496,55300,0.0,0.0
2022-03-22 00:00:00-04:00,8.847737361500354,8.927089189733222,8.847737361500354,8.900638580322266,55200,0.0,0.0
2022-03-23 00:00:00-04:00,8.8760386718045,8.929228364408702,8.809551239013672,8.809551239013672,54600,0.073,0.0
2022-03-24 00:00:00-04:00,8.822850227355957,8.849445077420393,8.816201356322038,8.822850227355957,44300,0.0,0.0
2022-03-25 00:00:00-04:00,8.822848856619576,8.849443702552179,8.782956270685098,8.789605140686035,68200,0.0,0.0
2022-03-28 00:00:00-04:00,8.769658358933945,8.829496919628182,8.75636125326363,8.796253204345703,33100,0.0,0.0
2022-03-29 00:00:00-04:00,8.842794810575608,8.915930478190731,8.842794810575608,8.889335632324219,64500,0.0,0.0
2022-03-30 00:00:00-04:00,8.88933577956366,8.929228366059764,8.882686909469118,8.895984649658203,43000,0.0,0.0
2022-03-31 00:00:00-04:00,8.915930869555849,9.002364280933795,8.909281999279584,8.935876846313477,28400,0.0,0.0
2022-04-01 00:00:00-04:00,8.99571325393673,9.088795513274485,8.99571325393673,9.082146644592285,33100,0.0,0.0
2022-04-04 00:00:00-04:00,9.08214816390057,9.128688984319526,9.055553318793862,9.122040748596191,25700,0.0,0.0
2022-04-05 00:00:00-04:00,9.095444639038739,9.13533658411745,9.00901124594015,9.022308349609375,46100,0.0,0.0
2022-04-06 00:00:00-04:00,9.009014554341698,9.028960534205863,8.92258112950196,8.955824851989746,41200,0.0,0.0
2022-04-07 00:00:00-04:00,8.935876071370357,9.035607214651883,8.935876071370357,9.015661239624023,122000,0.0,0.0
2022-04-08 00:00:00-04:00,9.022309745589009,9.04890459111339,8.995714900064627,9.042256355285645,53300,0.0,0.0
2022-04-11 00:00:00-04:00,8.989068574477534,9.009014554341698,8.949175980677936,8.955824851989746,98200,0.0,0.0
2022-04-12 00:00:00-04:00,8.995716811718076,8.995716811718076,8.942527109366125,8.955824851989746,17300,0.0,0.0
2022-04-13 00:00:00-04:00,8.955820611042407,8.962468845134739,8.915928036133575,8.922576904296875,39700,0.0,0.0
2022-04-14 00:00:00-04:00,8.922579348175145,8.949174194041657,8.889335632324219,8.889335632324219,13700,0.0,0.0
2022-04-18 00:00:00-04:00,8.876038526426534,8.93587645407283,8.876038526426534,8.889335632324219,27200,0.0,0.0
2022-04-19 00:00:00-04:00,8.87603882024532,8.95582336048592,8.87603882024532,8.902633666992188,32500,0.0,0.0
2022-04-20 00:00:00-04:00,8.9358767498724,8.9358767498724,8.882687056378666,8.902633666992188,27400,0.0,0.0
2022-04-21 00:00:00-04:00,8.931378960446828,8.931378960446828,8.864527702331543,8.864527702331543,26800,0.073,0.0
2022-04-22 00:00:00-04:00,8.877901321459637,8.88458664126311,8.797679396459522,8.817734718322754,69300,0.0,0.0
2022-04-25 00:00:00-04:00,8.824418114842743,8.824418114842743,8.717455571488427,8.784307479858398,38500,0.0,0.0
2022-04-26 00:00:00-04:00,8.730827003984649,8.790992961945213,8.690715727797166,8.69740104675293,60900,0.0,0.0
2022-04-27 00:00:00-04:00,8.717453342083106,8.790989912446163,8.70408334635659,8.750879287719727,29000,0.0,0.0
2022-04-28 00:00:00-04:00,8.777622848586091,8.804363486517811,8.704086253660636,8.744196891784668,35600,0.0,0.0
2022-04-29 00:00:00-04:00,8.690713425579691,8.757565322333695,8.670658111572266,8.670658111572266,27400,0.0,0.0
2022-05-02 00:00:00-04:00,8.684025035874235,8.697395665513108,8.577062548950094,8.583747863769531,71100,0.0,0.0
2022-05-03 00:00:00-04:00,8.583752362786566,8.583752362786566,8.530271091293264,8.543641090393066,51500,0.0,0.0
2022-05-04 00:00:00-04:00,8.530265615856415,8.590432167053223,8.503524997274125,8.590432167053223,56300,0.0,0.0
2022-05-05 00:00:00-04:00,8.536951927605054,8.570377226579364,8.436674118041992,8.436674118041992,29500,0.0,0.0
2022-05-06 00:00:00-04:00,8.389881922486035,8.456733187726575,8.369826606668571,8.443363189697266,91000,0.0,0.0
2022-05-09 00:00:00-04:00,8.36313825725927,8.510211370002944,8.329712317982338,8.356452941894531,61900,0.0,0.0
2022-05-10 00:00:00-04:00,8.363141347223637,8.409937296973176,8.24949349422019,8.296289443969727,62500,0.0,0.0
2022-05-11 00:00:00-04:00,8.249496386078059,8.323032995397993,8.135848493235384,8.155903816223145,35400,0.0,0.0
2022-05-12 00:00:00-04:00,8.082362327040007,8.162584208102947,7.975399818956087,8.028881072998047,69700,0.0,0.0
2022-05-13 00:00:00-04:00,8.042250457210447,8.142528279086694,8.042250457210447,8.06230640411377,62100,0.0,0.0
2022-05-16 00:00:00-04:00,8.068991082201421,8.089047029104744,8.00882451658503,8.06230640411377,44300,0.0,0.0
2022-05-17 00:00:00-04:00,8.095737209712643,8.175959139210903,8.095737209712643,8.155903816223145,31700,0.0,0.0
2022-05-18 00:00:00-04:00,8.149213330294318,8.162583962175388,8.095732077863675,8.129158020019531,31100,0.0,0.0
2022-05-19 00:00:00-04:00,8.115791896177091,8.135847216016433,8.082365938080104,8.122476577758789,22500,0.0,0.0
2022-05-20 00:00:00-04:00,8.13794342667424,8.185022231501085,8.077413168239378,8.171570777893066,51300,0.073,0.0
2022-05-23 00:00:00-04:00,8.151394305960919,8.178296571997729,8.137943493642823,8.144668579101562,41000,0.0,0.0
2022-05-24 00:00:00-04:00,8.111038208007812,8.137940464029382,8.077410227630757,8.111038208007812,33300,0.0,0.0
2022-05-25 00:00:00-04:00,8.111038208007812,8.137940464029382,8.09758675929684,8.111038208007812,16500,0.0,0.0
2022-05-26 00:00:00-04:00,8.111042498667665,8.259004664356604,8.104316770754336,8.232102394104004,28300,0.0,0.0
2022-05-27 00:00:00-04:00,8.259003213071406,8.34643573637875,8.259003213071406,8.332984924316406,28200,0.0,0.0
2022-05-31 00:00:00-04:00,8.332980127930538,8.332980127930538,8.265724182128906,8.265724182128906,37200,0.0,0.0
2022-06-01 00:00:00-04:00,8.272453308105469,8.312806379066679,8.23209959574376,8.272453308105469,32300,0.0,0.0
2022-06-02 00:00:00-04:00,8.232102322875681,8.285906862915335,8.225376595020546,8.259004592895508,34200,0.0,0.0
2022-06-03 00:00:00-04:00,8.178299825920638,8.225378649866284,8.144671819644802,8.205202102661133,47700,0.0,0.0
2022-06-06 00:00:00-04:00,8.198474051330546,8.25227923097486,8.19174896510061,8.211925506591797,71900,0.0,0.0
2022-06-07 00:00:00-04:00,8.158119292608077,8.292630610587489,8.158119292608077,8.285904884338379,43600,0.0,0.0
2022-06-08 00:00:00-04:00,8.238828122017333,8.27918184809659,8.225376666190675,8.232102394104004,33000,0.0,0.0
2022-06-09 00:00:00-04:00,8.232102098600514,8.252279281616211,8.198474101641713,8.252279281616211,34400,0.0,0.0
2022-06-10 00:00:00-04:00,8.191747958305093,8.191747958305093,8.111041160858814,8.171570777893066,38200,0.0,0.0
2022-06-13 00:00:00-04:00,8.111042388995045,8.111042388995045,7.8420190487059065,7.9429030418396,53800,0.0,0.0
2022-06-14 00:00:00-04:00,7.936177987258923,8.043787075942989,7.922726530473034,8.016884803771973,32100,0.0,0.0
2022-06-15 00:00:00-04:00,8.01688343413306,8.104315964101703,7.9832554393142505,8.023609161376953,54800,0.0,0.0
2022-06-16 00:00:00-04:00,7.922724229096591,7.922724229096591,7.720956925722534,7.734408378601074,88100,0.0,0.0
2022-06-17 00:00:00-04:00,7.734409067315527,7.808390140533447,7.734409067315527,7.808390140533447,16900,0.0,0.0
2022-06-21 00:00:00-04:00,7.8083888979986735,7.875644874876739,7.7814866355275525,7.794938087463379,43900,0.0,0.0
2022-06-22 00:00:00-04:00,7.712999200696172,7.787487983703613,7.69268354967402,7.787487983703613,65900,0.079,0.0
2022-06-23 00:00:00-04:00,7.773948346418986,7.794264008234235,7.7333183143939195,7.767177104949951,32700,0.0,0.0
2022-06-24 00:00:00-04:00,7.814577882265673,7.88906669396137,7.807805995983531,7.875523567199707,27400,0.0,0.0
2022-06-27 00:00:00-04:00,7.8958369842753,7.8958369842753,7.821348187635859,7.8552069664001465,19200,0.0,0.0
2022-06-28 00:00:00-04:00,7.8552102857214985,7.922927226062258,7.8552102857214985,7.9161553382873535,26300,0.0,0.0
2022-06-29 00:00:00-04:00,7.916149129562037,7.929692894489319,7.868747243921065,7.902606010437012,58500,0.0,0.0
2022-06-30 00:00:00-04:00,7.922922428172766,7.922922428172766,7.767172978483833,7.787487983703613,49200,0.0,0.0
2022-07-01 00:00:00-04:00,7.787490665011664,7.882295131683349,7.76717565279723,7.88229513168335,36800,0.0,0.0
2022-07-05 00:00:00-04:00,7.8145764682930245,7.8145764682930245,7.7400876700753605,7.760402679443359,42000,0.0,0.0
2022-07-06 00:00:00-04:00,7.767176641590845,7.787491656391465,7.719774079319164,7.746860980987549,56800,0.0,0.0
2022-07-07 00:00:00-04:00,7.74685890932969,7.773945803754524,7.726543899961692,7.760402679443359,50900,0.0,0.0
2022-07-08 00:00:00-04:00,7.753631750212636,7.773946762084961,7.733316738340312,7.773946762084961,58700,0.0,0.0
2022-07-11 00:00:00-04:00,7.801034305651505,7.855208101179424,7.740088624231948,7.773946762084961,35800,0.0,0.0
2022-07-12 00:00:00-04:00,7.787489102326393,7.970326112974891,7.767174094188492,7.889064788818359,106900,0.0,0.0
2022-07-13 00:00:00-04:00,7.828117240743733,7.922921012025678,7.828117240743733,7.902606010437012,35400,0.0,0.0
2022-07-14 00:00:00-04:00,7.848436519633424,7.848436519633424,7.773947063542054,7.821349620819092,19800,0.0,0.0
2022-07-15 00:00:00-04:00,7.834895763369052,7.848439540891201,7.767178813166877,7.841667652130127,30800,0.0,0.0
2022-07-18 00:00:00-04:00,7.855208906856254,7.861980147639805,7.753632545471192,7.753632545471191,26900,0.0,0.0
2022-07-19 00:00:00-04:00,7.767174407483003,7.855206974034714,7.767174407483003,7.834891319274902,30800,0.0,0.0
2022-07-20 00:00:00-04:00,7.855206657189347,7.916151681603048,7.834891003248981,7.889064788818359,40900,0.0,0.0
2022-07-21 00:00:00-04:00,7.915655419436409,8.017925262451172,7.8747480023998415,8.017925262451172,55900,0.079,0.0
2022-07-22 00:00:00-04:00,8.011109918905106,8.086107309601552,7.963384365753904,7.983838081359863,51900,0.0,0.0
2022-07-25 00:00:00-04:00,8.01792804084439,8.01792804084439,7.977019959420578,7.983838081359863,32100,0.0,0.0
2022-07-26 00:00:00-04:00,7.977022000178923,7.997475721017549,7.96338640302386,7.970203876495361,67600,0.0,0.0
2022-07-27 00:00:00-04:00,8.011108140436237,8.052016212778444,7.97701818851969,8.031561851501465,53400,0.0,0.0
2022-07-28 00:00:00-04:00,8.038378698842665,8.181555954046953,7.997470632979305,8.140647888183594,65900,0.0,0.0
2022-07-29 00:00:00-04:00,8.147467533056085,8.249737391757606,8.147467533056085,8.236101150512695,64200,0.0,0.0
2022-08-01 00:00:00-04:00,8.236099894943314,8.283825431601342,8.19519247786834,8.242918014526367,55400,0.0,0.0
2022-08-02 00:00:00-04:00,8.242918014526367,8.283825431601342,8.22246430598888,8.242918014526367,48000,0.0,0.0
2022-08-03 00:00:00-04:00,8.277010352419577,8.345189617303527,8.277010352419577,8.304282188415527,59600,0.0,0.0
2022-08-04 00:00:00-04:00,8.283825270803177,8.352005164886918,8.283825270803177,8.29746150970459,50800,0.0,0.0
2022-08-05 00:00:00-04:00,8.270189728569859,8.345187092313932,8.270189728569859,8.311097145080566,51200,0.0,0.0
2022-08-08 00:00:00-04:00,8.345185781050652,8.413365664804406,8.317913957591463,8.406547546386719,76900,0.0,0.0
2022-08-09 00:00:00-04:00,8.399729379177268,8.413365615933435,8.386093792632659,8.392911911010742,25900,0.0,0.0
2022-08-10 00:00:00-04:00,8.461092879744616,8.549726486206055,8.433821050849689,8.549726486206055,82500,0.0,0.0
2022-08-11 00:00:00-04:00,8.563362263634588,8.63835962649546,8.563362263634588,8.611087799072266,47400,0.0,0.0
2022-08-12 00:00:00-04:00,8.65199713518941,8.747448877459476,8.617907831003912,8.733813285827637,71200,0.0,0.0
2022-08-15 00:00:00-04:00,8.720177607588822,8.754267564189428,8.672452058475077,8.706542015075684,41100,0.0,0.0
2022-08-16 00:00:00-04:00,8.699724027408163,8.699724027408163,8.63154411315918,8.63154411315918,48400,0.0,0.0
2022-08-17 00:00:00-04:00,8.631544735903681,8.645180979822038,8.50200366973877,8.50200366973877,71900,0.0,0.0
2022-08-18 00:00:00-04:00,8.52927347137789,8.570180892944336,8.495183519931356,8.570180892944336,43200,0.0,0.0
2022-08-19 00:00:00-04:00,8.542907874313384,8.54972599369728,8.481546100281632,8.488364219665527,34200,0.0,0.0
2022-08-22 00:00:00-04:00,8.467908906514388,8.515634432731307,8.358821617897702,8.37927532196045,34100,0.0,0.0
2022-08-23 00:00:00-04:00,8.358003170093097,8.412899688909954,8.358003170093097,8.392313003540039,19200,0.079,0.0
2022-08-24 00:00:00-04:00,8.38545210196388,8.46093465778577,8.38545210196388,8.440348625183105,25700,0.0,0.0
2022-08-25 00:00:00-04:00,8.433486396176157,8.481520690388436,8.433486396176157,8.440348625183105,12100,0.0,0.0
2022-08-26 00:00:00-04:00,8.419764972409483,8.419764972409483,8.323695702412971,8.337419509887695,18100,0.0,0.0
2022-08-29 00:00:00-04:00,8.289385386311443,8.337419695167972,8.282523155212402,8.282523155212402,24300,0.0,0.0
2022-08-30 00:00:00-04:00,8.268798851976308,8.296247120309426,8.248212814331055,8.248212814331055,64100,0.0,0.0
2022-08-31 00:00:00-04:00,8.275661217623945,8.275661217623945,8.193315756863361,8.234488487243652,40300,0.0,0.0
2022-09-01 00:00:00-04:00,8.131556562858531,8.152142598105193,8.001176812653728,8.02176284790039,79500,0.0,0.0
2022-09-02 00:00:00-04:00,8.042349013600916,8.069797276947613,7.966865798583834,8.008038520812988,40500,0.0,0.0
2022-09-06 00:00:00-04:00,7.980589707579067,7.994313511097694,7.863934432788957,7.891382694244385,71700,0.0,0.0
2022-09-07 00:00:00-04:00,7.891385469479903,8.062937327512074,7.891385469479903,8.056075096130371,101500,0.0,0.0
2022-09-08 00:00:00-04:00,8.001177473826445,8.110970543439013,8.001177473826445,8.069798469543457,49500,0.0,0.0
2022-09-09 00:00:00-04:00,8.062936466943396,8.15214350212914,8.062936466943396,8.13155746459961,34400,0.0,0.0
2022-09-12 00:00:00-04:00,8.131554733177733,8.179589022751172,8.09038201753042,8.117830276489258,45700,0.0,0.0
2022-09-13 00:00:00-04:00,8.076660032588592,8.08352160805864,8.001176812653728,8.02176284790039,76200,0.0,0.0
2022-09-14 00:00:00-04:00,8.042350904064143,8.076661404917218,7.994315941102493,8.028626441955566,28600,0.0,0.0
2022-09-15 00:00:00-04:00,8.021762720508931,8.021762720508931,7.9119696617126465,7.9119696617126465,34500,0.0,0.0
2022-09-16 00:00:00-04:00,7.8639349937438965,7.884521027699379,7.815900696375031,7.8639349937438965,40000,0.0,0.0
2022-09-19 00:00:00-04:00,7.843348959788414,7.870797223201797,7.829624500872612,7.8639349937438965,51300,0.0,0.0
2022-09-20 00:00:00-04:00,7.822763489728359,7.843350181308224,7.75414314771711,7.781591415405273,85600,0.0,0.0
2022-09-21 00:00:00-04:00,7.809039249108871,7.863935781434344,7.781590982946134,7.795314788818359,34200,0.0,0.0
2022-09-22 00:00:00-04:00,7.805688135872472,7.805688135872472,7.7088945997710665,7.72272253036499,49400,0.085,0.0
2022-09-23 00:00:00-04:00,7.681239052870709,7.681239052870709,7.584446180469554,7.60518741607666,53900,0.0,0.0
2022-09-26 00:00:00-04:00,7.570614700670572,7.632839037667178,7.515304325418408,7.536045551300049,79300,0.0,0.0
2022-09-27 00:00:00-04:00,7.536049617199042,7.5637048197458405,7.473825905982774,7.515308380126953,56000,0.0,0.0
2022-09-28 00:00:00-04:00,7.542963242309377,7.681239248803883,7.515308041010476,7.674325942993164,32500,0.0,0.0
2022-09-29 00:00:00-04:00,7.625927288449965,7.625927288449965,7.508392542100578,7.577530860900879,33500,0.0,0.0
2022-09-30 00:00:00-04:00,7.54295951304449,7.570614700670572,7.473821873655126,7.536045551300049,81600,0.0,0.0
2022-10-03 00:00:00-04:00,7.542962952382483,7.598273352854334,7.515307752146557,7.570618152618408,49500,0.0,0.0
2022-10-04 00:00:00-04:00,7.605183592586224,7.736545564525255,7.598269631075838,7.69506311416626,55400,0.0,0.0
2022-10-05 00:00:00-04:00,7.6535849440497685,7.6535849440497685,7.51530892135754,7.591360569000244,48500,0.0,0.0
2022-10-06 00:00:00-04:00,7.549875665251133,7.653582484099711,7.549875665251133,7.577530860900879,28200,0.0,0.0
2022-10-07 00:00:00-04:00,7.570616206520693,7.570616206520693,7.501478553379352,7.508391857147217,21200,0.0,0.0
2022-10-10 00:00:00-04:00,7.501476408955578,7.501476408955578,7.383941706927583,7.446166038513184,99400,0.0,0.0
2022-10-11 00:00:00-04:00,7.45999466886789,7.508391087038161,7.425425516166948,7.473822593688965,53000,0.0,0.0
2022-10-12 00:00:00-04:00,7.439249566757215,7.501473877343231,7.411594390869141,7.411594390869141,58000,0.0,0.0
2022-10-13 00:00:00-04:00,7.349374690942091,7.439254233802464,7.3148055345570535,7.418512344360352,29900,0.0,0.0
2022-10-14 00:00:00-04:00,7.439253697502548,7.453080963448659,7.390856618311741,7.404684543609619,78900,0.0,0.0
2022-10-17 00:00:00-04:00,7.432340270655093,7.4669094270401315,7.418512344360351,7.418512344360352,43900,0.0,0.0
2022-10-18 00:00:00-04:00,7.529134471474613,7.5429617396935615,7.45999615232424,7.487651348114014,67100,0.0,0.0
2022-10-19 00:00:00-04:00,7.466912348987663,7.515308791254093,7.432343179075039,7.4392571449279785,32900,0.0,0.0
2022-10-20 00:00:00-04:00,7.459993950166244,7.556787436533373,7.453079988421803,7.536045551300049,124300,0.0,0.0
2022-10-21 00:00:00-04:00,7.504694264984188,7.511661906591833,7.372299106425187,7.441980838775635,61800,0.085,0.0
2022-10-24 00:00:00-04:00,7.414108278742305,7.455916786525175,7.407139972600411,7.441980838775635,83800,0.0,0.0
2022-10-25 00:00:00-04:00,7.41410552826553,7.483786570231532,7.41410552826553,7.45591402053833,46900,0.0,0.0
2022-10-26 00:00:00-04:00,7.476817451689663,7.539530847797006,7.4419772667713,7.532563209533691,88600,0.0,0.0
2022-10-27 00:00:00-04:00,7.5255960238413,7.5674045177629905,7.448946010761484,7.476818561553955,63300,0.0,0.0
2022-10-28 00:00:00-04:00,7.462884634970529,7.602247426590096,7.462884634970529,7.581343173980713,62100,0.0,0.0
2022-10-31 00:00:00-04:00,7.53953118781551,7.64405374088616,7.511658639903462,7.637085437774658,41300,0.0,0.0
2022-11-01 00:00:00-04:00,7.630116908902487,7.664957758895162,7.511658417647756,7.574371814727783,62700,0.0,0.0
2022-11-02 00:00:00-04:00,7.539531129722535,7.588308586593253,7.497722640443583,7.525595188140869,61800,0.0,0.0
2022-11-03 00:00:00-04:00,7.525593861290442,7.553466404073473,7.47681641301976,7.539529800415039,39000,0.0,0.0
2022-11-04 00:00:00-04:00,7.623149066931982,7.908843522519324,7.602244821485976,7.7276716232299805,119500,0.0,0.0
2022-11-07 00:00:00-05:00,7.783416734460103,7.804320979942864,7.706767391333992,7.755544185638428,24700,0.0,0.0
2022-11-08 00:00:00-05:00,7.804318821675819,7.839159664201251,7.699796958633322,7.818255424499512,83800,0.0,0.0
2022-11-09 00:00:00-05:00,7.825227254229191,7.839163864520289,7.734641945473681,7.797354698181152,32800,0.0,0.0
2022-11-10 00:00:00-05:00,7.908845720302941,7.971558474068166,7.867036553258626,7.957622528076172,43200,0.0,0.0
2022-11-11 00:00:00-05:00,8.006396695059118,8.006396695059118,7.853098017039626,7.867033958435059,35000,0.0,0.0
2022-11-14 00:00:00-05:00,7.887939297593546,7.887939297593546,7.7137356865015745,7.734640598297119,51100,0.0,0.0
2022-11-15 00:00:00-05:00,7.818260096385122,7.88097351749922,7.7834192330401555,7.825227737426758,47200,0.0,0.0
2022-11-16 00:00:00-05:00,7.8112909496528475,7.922781168723591,7.804322644827396,7.874004364013672,54900,0.0,0.0
2022-11-17 00:00:00-05:00,7.8112871230876655,7.846127965613097,7.769477979150388,7.818255424499512,52200,0.0,0.0
2022-11-18 00:00:00-05:00,7.846131786159678,7.853100090964627,7.748577512492758,7.79038667678833,39400,0.0,0.0
2022-11-21 00:00:00-05:00,7.779851066890137,7.821980519217127,7.751764988547119,7.807937145233154,39200,0.085,0.0
2022-11-22 00:00:00-05:00,7.807940316110524,7.843048095703125,7.779854226361483,7.843048095703125,41000,0.0,0.0
2022-11-23 00:00:00-05:00,7.871135672463603,7.878157363633697,7.8149634823534955,7.829006195068359,34600,0.0,0.0
2022-11-25 00:00:00-05:00,7.800916626811511,7.8360243974056285,7.7938956083927105,7.81496000289917,35200,0.0,0.0
2022-11-28 00:00:00-05:00,7.807938314855341,7.850067773493286,7.7868739203488815,7.81496000289917,44300,0.0,0.0
2022-11-29 00:00:00-05:00,7.77985370377386,7.836025879498749,7.77985370377386,7.800918102264404,65400,0.0,0.0
2022-11-30 00:00:00-05:00,7.793894966027224,8.025605295376009,7.7798515910970085,7.948368072509766,115400,0.0,0.0
2022-12-01 00:00:00-05:00,7.948367076740131,7.997518213213271,7.8851732367210134,7.913259983062744,45700,0.0,0.0
2022-12-02 00:00:00-05:00,7.8079385304155045,7.8851750921548724,7.800916842177822,7.821981906890869,54000,0.0,0.0
2022-12-05 00:00:00-05:00,7.7938992336097765,7.8149636379140315,7.730705351071671,7.758791446685791,63200,0.0,0.0
2022-12-06 00:00:00-05:00,7.737724034040251,7.772831137689644,7.660486798911395,7.688572883605957,69100,0.0,0.0
2022-12-07 00:00:00-05:00,7.6604859081489325,7.765809215725339,7.604313745291516,7.730701446533203,59800,0.0,0.0
2022-12-08 00:00:00-05:00,7.723680509166092,7.758788281769133,7.674530029296875,7.674530029296875,52400,0.0,0.0
2022-12-09 00:00:00-05:00,7.625381804907615,7.681553994770169,7.611339092254638,7.611339092254639,62300,0.0,0.0
2022-12-12 00:00:00-05:00,7.639421611242064,7.66048600517414,7.611335529457627,7.653464317321777,33700,0.0,0.0
2022-12-13 00:00:00-05:00,7.7517665220009855,7.793895982662023,7.737723814864013,7.786874294281006,148800,0.0,0.0
2022-12-14 00:00:00-05:00,7.751769755375926,7.800920255294302,7.716661968451941,7.758791446685791,160200,0.0,0.0
2022-12-15 00:00:00-05:00,7.688572824190456,7.793896143199959,7.688572824190456,7.751766681671143,79800,0.0,0.0
2022-12-16 00:00:00-05:00,7.716656208038331,7.758785654822932,7.69559181945845,7.71665620803833,77100,0.0,0.0
2022-12-19 00:00:00-05:00,7.688571945721007,7.765809171428134,7.576227620647001,7.59027099609375,62800,0.0,0.0
2022-12-20 00:00:00-05:00,7.576231306184211,7.688575685909319,7.576231306184211,7.611339092254639,46500,0.0,0.0
2022-12-21 00:00:00-05:00,7.6361286404403,7.7069649851445,7.6361286404403,7.664463043212891,115900,0.095,0.0
2022-12-22 00:00:00-05:00,7.600713342005569,7.68571725800975,7.600713342005569,7.650299072265625,92000,0.0,0.0
2022-12-23 00:00:00-05:00,7.657379213748239,7.721131107204616,7.657379213748239,7.69279670715332,66200,0.0,0.0
2022-12-27 00:00:00-05:00,7.678631950678583,7.678631950678583,7.59362872721352,7.600711822509766,32300,0.0,0.0
2022-12-28 00:00:00-05:00,7.586546694587053,7.607797336435834,7.551128507808603,7.5582122802734375,51400,0.0,0.0
2022-12-29 00:00:00-05:00,7.572373389705823,7.636125942304293,7.558206531097946,7.614875316619873,115800,0.0,0.0
2022-12-30 00:00:00-05:00,7.607793064564537,7.699880028262232,7.607793064564537,7.678629398345947,47500,0.0,0.0
2023-01-03 00:00:00-05:00,7.664464152276378,7.7636349141033785,7.650297286612833,7.749467372894287,28500,0.0,0.0
2023-01-04 00:00:00-05:00,7.763635721689839,7.784886360168457,7.735301311869811,7.784886360168457,15500,0.0,0.0
2023-01-05 00:00:00-05:00,7.735300296101941,7.763634702201212,7.699882119591469,7.721132755279541,58900,0.0,0.0
2023-01-06 00:00:00-05:00,7.742383079963201,7.8203025179211645,7.7282155409460564,7.806135654449463,42700,0.0,0.0
2023-01-09 00:00:00-05:00,7.827386163668037,7.855720565708877,7.79196799223063,7.799051761627197,74600,0.0,0.0
2023-01-10 00:00:00-05:00,7.820302225766949,7.862804165685132,7.8061353628245,7.848636627197266,44000,0.0,0.0
2023-01-11 00:00:00-05:00,7.855721389300619,7.9265570640563965,7.855721389300619,7.9265570640563965,60300,0.0,0.0
2023-01-12 00:00:00-05:00,7.926557519583286,7.969059467315674,7.884056247396439,7.969059467315674,47900,0.0,0.0
2023-01-13 00:00:00-05:00,7.905306532077516,7.997393518449557,7.905306532077516,7.976142883300781,55000,0.0,0.0
2023-01-17 00:00:00-05:00,7.976141713235389,8.02572674649046,7.926556004434907,7.947807312011719,70700,0.0,0.0
2023-01-18 00:00:00-05:00,7.983226653532211,8.004477288680986,7.947808477920578,7.976142883300781,57700,0.0,0.0
2023-01-19 00:00:00-05:00,7.969059113069353,7.997393518449557,7.9548915726064955,7.976142883300781,44000,0.0,0.0
2023-01-20 00:00:00-05:00,7.976143061637915,8.018644332885742,7.976143061637915,8.018644332885742,12800,0.0,0.0
2023-01-23 00:00:00-05:00,8.050791269868512,8.129370173124514,8.050791269868512,8.072221755981445,76700,0.095,0.0
2023-01-24 00:00:00-05:00,8.10793593785209,8.200801561820787,8.093648499541487,8.150796890258789,43800,0.0,0.0
2023-01-25 00:00:00-05:00,8.150799733839154,8.150799733839154,8.09365132318441,8.107938766479492,30900,0.0,0.0
2023-01-26 00:00:00-05:00,8.129367618644602,8.157941818237305,8.122223898430763,8.157941818237305,19100,0.0,0.0
2023-01-27 00:00:00-05:00,8.15794471096086,8.222236853157442,8.15794471096086,8.193662643432617,53800,0.0,0.0
2023-01-30 00:00:00-05:00,8.20794587076132,8.250807507510412,8.186515393018075,8.243663787841797,75900,0.0,0.0
2023-01-31 00:00:00-05:00,8.30081561459986,8.35082031042918,8.272241405374123,8.336533546447754,51900,0.0,0.0
2023-02-01 00:00:00-05:00,8.350818848388073,8.350818848388073,8.26509623571897,8.322244644165039,30800,0.0,0.0
2023-02-02 00:00:00-05:00,8.365104420762943,8.393678618597026,8.336530222928863,8.35796070098877,26800,0.0,0.0
2023-02-03 00:00:00-05:00,8.35796332985705,8.407968702742071,8.343676567077637,8.343676567077637,57900,0.0,0.0
2023-02-06 00:00:00-05:00,8.365103959055551,8.393678155312495,8.343673482178488,8.379390716552734,78600,0.0,0.0
2023-02-07 00:00:00-05:00,8.343676832968374,8.429399456165095,8.343676832968374,8.393681526184082,44900,0.0,0.0
2023-02-08 00:00:00-05:00,8.357965969414341,8.422258125383097,8.357965969414341,8.37225341796875,23400,0.0,0.0
2023-02-09 00:00:00-05:00,8.415109096656932,8.415109096656932,8.35796070098877,8.35796070098877,14000,0.0,0.0
2023-02-10 00:00:00-05:00,8.35796070098877,8.35796070098877,8.307956025094782,8.35796070098877,18700,0.0,0.0
2023-02-13 00:00:00-05:00,8.35796332985705,8.407968702742071,8.307958638234858,8.343676567077637,31400,0.0,0.0
2023-02-14 00:00:00-05:00,8.386538286047493,8.415112495422363,8.343677312616634,8.415112495422363,31000,0.0,0.0
2023-02-15 00:00:00-05:00,8.372251040700615,8.393681526184082,8.357963596203069,8.393681526184082,17300,0.0,0.0
2023-02-16 00:00:00-05:00,8.379396460982912,8.386540185260117,8.257956554585649,8.37225341796875,90000,0.0,0.0
2023-02-17 00:00:00-05:00,8.36864495692199,8.36864495692199,8.239009960279196,8.253414154052734,43000,0.095,0.0
2023-02-21 00:00:00-05:00,8.24621515245765,8.253417252047791,8.109378694395042,8.13098430633545,40700,0.0,0.0
2023-02-22 00:00:00-05:00,8.166995150786372,8.166995150786372,8.066167804257242,8.102177619934082,64100,0.0,0.0
2023-02-23 00:00:00-05:00,8.138187435610922,8.138187435610922,8.087773418931304,8.102177619934082,32400,0.0,0.0
2023-02-24 00:00:00-05:00,8.102178589211338,8.166996127817859,8.066168769226584,8.145390510559082,55900,0.0,0.0
2023-02-27 00:00:00-05:00,8.188600636260624,8.203004837036133,8.145389407594289,8.203004837036133,32800,0.0,0.0
2023-02-28 00:00:00-05:00,8.253414154052734,8.253414154052734,8.181394558844568,8.253414154052734,43300,0.0,0.0
2023-03-01 00:00:00-05:00,8.275020727398815,8.275020727398815,8.203001810582553,8.217405319213867,46400,0.0,0.0
2023-03-02 00:00:00-05:00,8.217404356448652,8.27501975788328,8.217404356448652,8.253414154052734,22800,0.0,0.0
2023-03-03 00:00:00-05:00,8.23901198158694,8.246214080240627,8.203002861978366,8.231810569763184,21300,0.0,0.0
2023-03-06 00:00:00-05:00,8.275022485752299,8.31103229522705,8.23181126384659,8.31103229522705,58200,0.0,0.0
2023-03-07 00:00:00-05:00,8.325436536111837,8.325436536111837,8.203003595372694,8.239012718200684,38400,0.0,0.0
2023-03-08 00:00:00-05:00,8.23901482816922,8.25341903045325,8.174197978381587,8.18860149383545,25400,0.0,0.0
2023-03-09 00:00:00-05:00,8.203006933793212,8.203006933793212,8.066169738769531,8.066169738769531,25400,0.0,0.0
2023-03-10 00:00:00-05:00,8.087771414597212,8.087771414597212,7.864511849023808,7.886117458343506,74600,0.0,0.0
2023-03-13 00:00:00-04:00,7.886119844155536,7.922129661802485,7.734879159502464,7.756485462188721,99900,0.0,0.0
2023-03-14 00:00:00-04:00,7.778088320160961,7.8861170479678195,7.778088320160961,7.857309341430664,84000,0.0,0.0
2023-03-15 00:00:00-04:00,7.756484216171345,8.044561337409357,7.706070204832168,8.037359237670898,278500,0.0,0.0
2023-03-16 00:00:00-04:00,8.022955533978388,8.04456114584925,7.864512777655364,7.922128200531006,152800,0.0,0.0
2023-03-17 00:00:00-04:00,7.9365342065173925,8.037360876089226,7.7204759781303345,7.734879493713379,39700,0.0,0.0
2023-03-20 00:00:00-04:00,7.778089095855754,7.828502415615931,7.763684897735722,7.7852911949157715,65500,0.0,0.0
2023-03-21 00:00:00-04:00,7.821301009023693,7.914926244603216,7.821301009023693,7.864512920379639,20800,0.0,0.0
2023-03-22 00:00:00-04:00,7.914927005767821,8.00855225035112,7.878917190646538,7.914927005767822,56900,0.0,0.0
2023-03-23 00:00:00-04:00,7.921469509706474,7.979608682054611,7.826993874445955,7.8487958908081055,31800,0.099,0.0
2023-03-24 00:00:00-04:00,7.856058772416252,7.877860775767777,7.761582500462056,7.7688493728637695,40600,0.0,0.0
2023-03-27 00:00:00-04:00,7.7906507933405305,7.834254792902145,7.776115664771274,7.812452793121338,68900,0.0,0.0
2023-03-28 00:00:00-04:00,7.84152580015785,7.870595376986836,7.776119079024285,7.8051886558532715,42500,0.0,0.0
2023-03-29 00:00:00-04:00,7.826992002655979,7.885131161100397,7.826992002655979,7.863328456878662,46700,0.0,0.0
2023-03-30 00:00:00-04:00,7.899663266743065,7.943267969210901,7.863326130198741,7.914198398590088,30600,0.0,0.0
2023-03-31 00:00:00-04:00,7.957803878513354,7.994141021772447,7.928734302520753,7.928734302520752,58300,0.0,0.0
2023-04-03 00:00:00-04:00,7.914199789790467,8.0668152356456,7.914199789790467,8.023210525512695,74200,0.0,0.0
2023-04-04 00:00:00-04:00,7.9941432013161755,8.023212785234383,7.892399311065674,7.892399311065674,59300,0.0,0.0
2023-04-05 00:00:00-04:00,7.885132951759992,7.906934967859378,7.826993780112567,7.856063365936279,74700,0.0,0.0
2023-04-06 00:00:00-04:00,7.83425878513983,7.921467521776588,7.83425878513983,7.870595932006836,40700,0.0,0.0
2023-04-10 00:00:00-04:00,7.870597014825102,8.023212498204266,7.870597014825102,8.001410484313965,114800,0.0,0.0
2023-04-11 00:00:00-04:00,8.110417602763743,8.124952734208877,8.0595460288522,8.074080467224121,98100,0.0,0.0
2023-04-12 00:00:00-04:00,8.095885846633797,8.117687857951493,8.066816267185722,8.088618278503418,32600,0.0,0.0
2023-04-13 00:00:00-04:00,8.088617956280768,8.11768753457081,8.052280810149858,8.059548377990723,28400,0.0,0.0
2023-04-14 00:00:00-04:00,8.059548302482488,8.110419890745106,7.9868740109015395,7.994141578674316,77500,0.0,0.0
2023-04-17 00:00:00-04:00,8.008676084183964,8.052280101243513,7.950536239648973,8.023210525512695,68900,0.0,0.0
2023-04-18 00:00:00-04:00,8.03047809271374,8.081349676974332,8.008676084183964,8.023210525512695,54900,0.0,0.0
2023-04-19 00:00:00-04:00,8.045013180685514,8.081350326538086,7.972339582053778,8.081350326538086,90300,0.0,0.0
2023-04-20 00:00:00-04:00,8.087949301841599,8.117280006408691,7.999957188140322,8.117280006408691,45700,0.099,0.0
2023-04-21 00:00:00-04:00,8.087948743340243,8.087948743340243,8.014622336635538,8.029287338256836,43200,0.0,0.0
2023-04-24 00:00:00-04:00,8.029290148072329,8.073286566930797,7.999959435266469,8.036623001098633,33400,0.0,0.0
2023-04-25 00:00:00-04:00,8.029287359096823,8.036620209576059,7.970625953861161,7.992623805999756,56700,0.0,0.0
2023-04-26 00:00:00-04:00,7.985290733197159,8.036619282029502,7.955960033964531,8.021953582763672,47100,0.0,0.0
2023-04-27 00:00:00-04:00,8.014622336635538,8.029287338256836,7.963293082713225,8.029287338256836,56800,0.0,0.0
2023-04-28 00:00:00-04:00,7.999957035647823,8.043953441309394,7.999957035647823,8.00728988647461,62500,0.0,0.0
2023-05-01 00:00:00-04:00,7.977959133682862,8.043953392122106,7.977959133682862,8.014622688293457,58500,0.0,0.0
2023-05-02 00:00:00-04:00,7.985294906293128,8.014625620853918,7.911967770241456,7.941298484802246,54700,0.0,0.0
2023-05-03 00:00:00-04:00,7.919297246707588,7.999956502529659,7.919297246707588,7.948627948760986,68500,0.0,0.0
2023-05-04 00:00:00-04:00,7.948629001416068,7.948629001416068,7.911965444169107,7.933963298797607,29400,0.0,0.0
2023-05-05 00:00:00-04:00,7.977960059896276,7.992625063863586,7.963294356629745,7.985292911529541,36200,0.0,0.0
2023-05-08 00:00:00-04:00,7.985294906293128,7.985294906293128,7.919300623706503,7.941298484802246,18900,0.0,0.0
2023-05-09 00:00:00-04:00,7.9632935033699725,7.977959205065087,7.948628500974004,7.970626354217529,21200,0.0,0.0
2023-05-10 00:00:00-04:00,7.992623299483423,7.992623299483423,7.963292598724365,7.963292598724365,23300,0.0,0.0
2023-05-11 00:00:00-04:00,7.963296345897989,8.00729276738887,7.941298484802246,7.941298484802246,53800,0.0,0.0
2023-05-12 00:00:00-04:00,7.963292598724365,7.999956149497954,7.941294747979839,7.963292598724365,23500,0.0,0.0
2023-05-15 00:00:00-04:00,7.9852916548196315,7.992623805999756,7.9632931033819245,7.992623805999756,29500,0.0,0.0
2023-05-16 00:00:00-04:00,7.963292598724365,7.992623299483423,7.963292598724365,7.963292598724365,30500,0.0,0.0
2023-05-17 00:00:00-04:00,7.985292033293395,8.021954888829036,7.963293480813037,8.00728988647461,86700,0.0,0.0
2023-05-18 00:00:00-04:00,7.9852916548196315,8.043953060055294,7.970625953861161,7.992623805999756,51500,0.0,0.0
2023-05-19 00:00:00-04:00,7.992623652191535,8.014622203205906,7.926630097045712,7.948627948760986,37300,0.0,0.0
2023-05-22 00:00:00-04:00,7.977488571598106,8.021890489375462,7.933087359565291,8.007089614868164,46200,0.099,0.0
2023-05-23 00:00:00-04:00,7.962688697378327,7.999690179270733,7.933087653013315,7.940487384796143,37900,0.0,0.0
2023-05-24 00:00:00-04:00,7.955287803316344,7.970088677521747,7.910885886444661,7.918286323547363,46200,0.0,0.0
2023-05-25 00:00:00-04:00,7.933091210192313,8.014493942260742,7.925690769346579,8.014493942260742,74600,0.0,0.0
2023-05-26 00:00:00-04:00,7.992292404174804,8.021893458400664,7.97009178994161,7.992292404174805,21200,0.0,0.0
2023-05-30 00:00:00-04:00,7.9774900223685385,8.014491509621262,7.947888973715294,7.984890460968018,37800,0.0,0.0
2023-05-31 00:00:00-04:00,7.999689883359054,8.014490052121813,7.955287965581698,8.007089614868164,37900,0.0,0.0
2023-06-01 00:00:00-04:00,7.98489225407628,8.021893749638156,7.947890758514404,7.947890758514404,51500,0.0,0.0
2023-06-02 00:00:00-04:00,7.970092708676102,8.07369605753685,7.970092708676102,8.014493942260742,64100,0.0,0.0
2023-06-05 00:00:00-04:00,8.014493018407999,8.029293898393329,7.940490029970949,7.992292404174805,30800,0.0,0.0
2023-06-06 00:00:00-04:00,7.984889137178844,8.058892099415576,7.984889137178844,8.04409122467041,20900,0.0,0.0
2023-06-07 00:00:00-04:00,8.058892099415576,8.103293312161975,8.04409122467041,8.04409122467041,23900,0.0,0.0
2023-06-08 00:00:00-04:00,8.066291831043609,8.066291831043609,8.014490180924627,8.04409122467041,44900,0.0,0.0
2023-06-09 00:00:00-04:00,8.02189061829721,8.058892099415576,8.014490180924627,8.04409122467041,34500,0.0,0.0
2023-06-12 00:00:00-04:00,8.029291183528782,8.09589300370895,8.029291183528782,8.081092834472656,87100,0.0,0.0
2023-06-13 00:00:00-04:00,8.118094293824376,8.147695337960013,8.08849324968874,8.103293418884277,29700,0.0,0.0
2023-06-14 00:00:00-04:00,8.125495081511906,8.140295958375477,8.0810938624105,8.088494300842285,24300,0.0,0.0
2023-06-15 00:00:00-04:00,8.081093959856265,8.19209771469297,8.081093959856265,8.147696495056152,32600,0.0,0.0
2023-06-16 00:00:00-04:00,8.147696495056152,8.236499640074449,8.147696495056152,8.147696495056152,72200,0.0,0.0
2023-06-20 00:00:00-04:00,8.192097663879395,8.221698712035218,8.16249661572357,8.192097663879395,55800,0.0,0.0
2023-06-21 00:00:00-04:00,8.199498102354514,8.221698712035218,8.155096882993108,8.192097663879395,29200,0.0,0.0
2023-06-22 00:00:00-04:00,8.165205983857653,8.284733127044193,8.165205983857653,8.254851341247559,61600,0.104,0.0
2023-06-23 00:00:00-04:00,8.254849895243632,8.284731675805869,8.247379271993612,8.262320518493652,22500,0.0,0.0
2023-06-26 00:00:00-04:00,8.284730940914434,8.322083341413371,8.23243800767859,8.269789695739746,24200,0.0,0.0
2023-06-27 00:00:00-04:00,8.292203813279475,8.359437297493502,8.292203813279475,8.32955551147461,60100,0.0,0.0
2023-06-28 00:00:00-04:00,8.351966738328985,8.411730305737162,8.307143706553891,8.40425968170166,59500,0.0,0.0
2023-06-29 00:00:00-04:00,8.404259867971904,8.441612276539367,8.292203354707453,8.426671028137207,55500,0.0,0.0
2023-06-30 00:00:00-04:00,8.456554377190248,8.508848043835583,8.449084464044972,8.471495628356934,49200,0.0,0.0
2023-07-03 00:00:00-04:00,8.501374481578056,8.620901599870402,8.501374481578056,8.613430976867676,52100,0.0,0.0
2023-07-05 00:00:00-04:00,8.628373108232733,8.628373108232733,8.516315889007071,8.538727760314941,22800,0.0,0.0
2023-07-06 00:00:00-04:00,8.531257971085937,8.538728595586013,8.471494399961248,8.486434936523438,43700,0.0,0.0
2023-07-07 00:00:00-04:00,8.486434443377888,8.531257475335726,8.486434443377888,8.493905067443848,33800,0.0,0.0
2023-07-10 00:00:00-04:00,8.478964195036413,8.58355007805489,8.478964195036413,8.538727760314941,33900,0.0,0.0
2023-07-11 00:00:00-04:00,8.583550727576457,8.620903136811487,8.546198318341428,8.568610191345215,28700,0.0,0.0
2023-07-12 00:00:00-04:00,8.576077461242676,8.635841725070145,8.561136929614106,8.576077461242676,31500,0.0,0.0
2023-07-13 00:00:00-04:00,8.613432237131237,8.628373485322802,8.52378688529563,8.583550453186035,38900,0.0,0.0
2023-07-14 00:00:00-04:00,8.561139259161644,8.591021042987563,8.493905067443848,8.493905067443848,48900,0.0,0.0
2023-07-17 00:00:00-04:00,8.52378715777559,8.568610191345215,8.493905372875156,8.568610191345215,53900,0.0,0.0
2023-07-18 00:00:00-04:00,8.576078274425605,8.680664855493404,8.546196495897348,8.643312454223633,71500,0.0,0.0
2023-07-19 00:00:00-04:00,8.620902334462306,8.635843581740913,8.591020552342977,8.605961799621582,36000,0.0,0.0
2023-07-20 00:00:00-04:00,8.62837330076578,8.665725708007812,8.531257326911657,8.665725708007812,52000,0.0,0.0
2023-07-21 00:00:00-04:00,8.66873814824576,8.683814559654309,8.638586044311523,8.638586044311523,27700,0.104,0.0
2023-07-24 00:00:00-04:00,8.698893929457002,8.736584255028315,8.646127904987063,8.67628002166748,36600,0.0,0.0
2023-07-25 00:00:00-04:00,8.66873814824576,8.698890252179995,8.638586044311523,8.638586044311523,22400,0.0,0.0
2023-07-26 00:00:00-04:00,8.63858947718296,8.691355500315739,8.63858947718296,8.661203384399414,34900,0.0,0.0
2023-07-27 00:00:00-04:00,8.691353953160814,8.706430367876786,8.623511524704984,8.653663635253906,37900,0.0,0.0
2023-07-28 00:00:00-04:00,8.65366539499479,8.721507837246524,8.608437579415748,8.67628002166748,43900,0.0,0.0
2023-07-31 00:00:00-04:00,8.721505388818843,8.759195703809183,8.676277585936804,8.736581802368164,43500,0.0,0.0
2023-08-01 00:00:00-04:00,8.691355720566106,8.713970347238794,8.668741812776585,8.67628002166748,42700,0.0,0.0
2023-08-02 00:00:00-04:00,8.683813821626245,8.706427717934275,8.631047105063772,8.668737411499023,47400,0.0,0.0
2023-08-03 00:00:00-04:00,8.68381646468585,8.6988921605188,8.646126146778942,8.653663635253906,66500,0.0,0.0
2023-08-04 00:00:00-04:00,8.683818434209439,8.736584459916836,8.668742016074077,8.706432342529297,32400,0.0,0.0
2023-08-07 00:00:00-04:00,8.744122668984517,8.796888694691914,8.706432342529297,8.706432342529297,59400,0.0,0.0
2023-08-08 00:00:00-04:00,8.713970551596978,8.744122668984517,8.676280225141758,8.706432342529297,32900,0.0,0.0
2023-08-09 00:00:00-04:00,8.736583122159026,8.75919702701621,8.698892801474999,8.729044914245605,53000,0.0,0.0
2023-08-10 00:00:00-04:00,8.736584459916836,8.744122668984517,8.691355924393935,8.706432342529297,45900,0.0,0.0
2023-08-11 00:00:00-04:00,8.661200737536442,8.729043157336314,8.653662531140249,8.691352844238281,31100,0.0,0.0
2023-08-14 00:00:00-04:00,8.713967463426858,8.736581363732505,8.668738943932633,8.691352844238281,60600,0.0,0.0
2023-08-15 00:00:00-04:00,8.70642985798227,8.713968064898777,8.63858743349965,8.683815956115723,59600,0.0,0.0
2023-08-16 00:00:00-04:00,8.65366539499479,8.691355720566106,8.65366539499479,8.67628002166748,29200,0.0,0.0
2023-08-17 00:00:00-04:00,8.676276511504405,8.683814717345568,8.585820198059082,8.585820198059082,78800,0.0,0.0
2023-08-18 00:00:00-04:00,8.56320710657412,8.653663436139555,8.56320710657412,8.60843563079834,36900,0.0,0.0
2023-08-21 00:00:00-04:00,8.608437579415748,8.698893929457002,8.608437579415748,8.67628002166748,94800,0.0,0.0
2023-08-22 00:00:00-04:00,8.698892593383789,8.729044705433108,8.676278689067564,8.698892593383789,51600,0.0,0.0
2023-08-23 00:00:00-04:00,8.717147092248089,8.777999718774526,8.694327538655807,8.732359886169434,40000,0.104,0.0
2023-08-24 00:00:00-04:00,8.732360777120514,8.793214135276266,8.732360777120514,8.762787818908691,208000,0.0,0.0
2023-08-25 00:00:00-04:00,8.785604053954597,8.808423601249556,8.717144686649393,8.747570991516113,24600,0.0,0.0
2023-08-28 00:00:00-04:00,8.747576457584694,8.808429105342924,8.747576457584694,8.755183219909668,24900,0.0,0.0
2023-08-29 00:00:00-04:00,8.739966484261137,8.876885254124613,8.739966484261137,8.831245422363281,34400,0.0,0.0
2023-08-30 00:00:00-04:00,8.823639422439872,8.899704841776108,8.785606350061492,8.808425903320312,46300,0.0,0.0
2023-08-31 00:00:00-04:00,8.816034611168602,8.869280489013025,8.762788733324177,8.785608291625977,44800,0.0,0.0
2023-09-01 00:00:00-04:00,8.793213109621272,8.816032662880092,8.747573277683115,8.808425903320312,39600,0.0,0.0
2023-09-05 00:00:00-04:00,8.793212857064567,8.816032409667969,8.762786545119868,8.816032409667969,34700,0.0,0.0
2023-09-06 00:00:00-04:00,8.81603005056128,8.846456354364118,8.770390232146868,8.800816535949707,32400,0.0,0.0
2023-09-07 00:00:00-04:00,8.816032662880092,8.84645897569869,8.762786796802674,8.808425903320312,41200,0.0,0.0
2023-09-08 00:00:00-04:00,8.823638245711603,8.861670587597436,8.793211936950684,8.793211936950684,24300,0.0,0.0
2023-09-11 00:00:00-04:00,8.77039311812083,8.861672059565478,8.77039311812083,8.777999877929688,52700,0.0,0.0
2023-09-12 00:00:00-04:00,8.78560737482922,8.831246486670281,8.739967537567559,8.762787818908691,36200,0.0,0.0
2023-09-13 00:00:00-04:00,8.793214721177527,8.884493676362265,8.785607960223636,8.83885383605957,70300,0.0,0.0
2023-09-14 00:00:00-04:00,8.823638631315664,8.869277733741317,8.823638631315664,8.85406494140625,46300,0.0,0.0
2023-09-15 00:00:00-04:00,8.83124520293007,8.869278274216072,8.808425650326669,8.816032409667969,35200,0.0,0.0
2023-09-18 00:00:00-04:00,8.831245547266523,8.899704933166504,8.831245547266523,8.899704933166504,36900,0.0,0.0
2023-09-19 00:00:00-04:00,8.89970953382904,8.975775718688965,8.884496732109595,8.975775718688965,62500,0.0,0.0
2023-09-20 00:00:00-04:00,8.99098852040841,9.006202047548756,8.952956153399347,8.975775718688965,62400,0.0,0.0
2023-09-21 00:00:00-04:00,8.931228042249034,8.992663773543146,8.923548392744348,8.946586608886719,30200,0.112,0.0
2023-09-22 00:00:00-04:00,8.977305288424391,9.069459626092044,8.977305288424391,9.061779975891113,58700,0.0,0.0
2023-09-25 00:00:00-04:00,9.054102282055206,9.061781933915517,8.992666531916544,9.000346183776855,59600,0.0,0.0
2023-09-26 00:00:00-04:00,8.984987984346063,9.000347289954401,8.892834347812032,8.915872573852539,53300,0.0,0.0
2023-09-27 00:00:00-04:00,8.946587620730282,8.961946921476764,8.800677925497551,8.8544340133667,56100,0.0,0.0
2023-09-28 00:00:00-04:00,8.862116468967354,8.938911532265047,8.839078242926847,8.915872573852539,42400,0.0,0.0
2023-09-29 00:00:00-04:00,8.961945907896089,9.038740938199574,8.93890769175372,8.946586608886719,91000,0.0,0.0
2023-10-02 00:00:00-04:00,8.938906816274036,8.992662892798576,8.76227855682373,8.76227855682373,76300,0.0,0.0
2023-10-03 00:00:00-04:00,8.769960194155606,8.777639844649498,8.554935106929124,8.639409065246582,87900,0.0,0.0
2023-10-04 00:00:00-04:00,8.677804617660653,8.769958205576268,8.570291732239962,8.76227855682373,116600,0.0,0.0
2023-10-05 00:00:00-04:00,8.762282084094972,8.769961735938967,8.685487762770752,8.754602432250977,53800,0.0,0.0
2023-10-06 00:00:00-04:00,8.731563212813167,8.754601433344565,8.654768900251234,8.716204643249512,61700,0.0,0.0
2023-10-09 00:00:00-04:00,8.708522480299191,8.816034633348268,8.677804617660653,8.76227855682373,64600,0.0,0.0
2023-10-10 00:00:00-04:00,8.777640387937106,8.846755781916427,8.731563214493619,8.81603717803955,40100,0.0,0.0
2023-10-11 00:00:00-04:00,8.854433674502065,8.854433674502065,8.769959720744593,8.808357238769531,21200,0.0,0.0
2023-10-12 00:00:00-04:00,8.854436289496318,8.862115941843697,8.746924086120835,8.769962310791016,28600,0.0,0.0
2023-10-13 00:00:00-04:00,8.816037244050374,8.816037244050374,8.708525059163604,8.723883628845215,25800,0.0,0.0
2023-10-16 00:00:00-04:00,8.769960735280048,8.846755780213806,8.700845341314029,8.716204643249512,37600,0.0,0.0
2023-10-17 00:00:00-04:00,8.693167686462402,8.731565217746084,8.685488766103262,8.693167686462402,42100,0.0,0.0
2023-10-18 00:00:00-04:00,8.700845116128571,8.700845116128571,8.608691504016171,8.616371154785156,24000,0.0,0.0
2023-10-19 00:00:00-04:00,8.631732075017908,8.670129606949548,8.524219864455725,8.539578437805176,41700,0.0,0.0
2023-10-20 00:00:00-04:00,8.54725812013777,8.585655652201808,8.50886058807373,8.50886058807373,36800,0.0,0.0
2023-10-23 00:00:00-04:00,8.471620749398765,8.556957321507102,8.471620749398765,8.541441917419434,35800,0.112,0.0
2023-10-24 00:00:00-04:00,8.541443997471271,8.673328293660614,8.541443997471271,8.611265182495117,38000,0.0,0.0
2023-10-25 00:00:00-04:00,8.572475135653649,8.603506689725448,8.456106252996449,8.46386432647705,39400,0.0,0.0
2023-10-26 00:00:00-04:00,8.494896970380402,8.541444677385126,8.471623486803392,8.479381561279297,26600,0.0,0.0
2023-10-27 00:00:00-04:00,8.479381413678777,8.58023416055788,8.463865264997057,8.487138748168945,29800,0.0,0.0
2023-10-30 00:00:00-04:00,8.502651342680025,8.564714431762695,8.502651342680025,8.564714431762695,42400,0.0,0.0
2023-10-31 00:00:00-04:00,8.62677770637228,8.681082725524902,8.58798808989881,8.681082725524902,65700,0.0,0.0
2023-11-01 00:00:00-04:00,8.727631754225854,8.828484476612303,8.712115609312317,8.797452926635742,54900,0.0,0.0
2023-11-02 00:00:00-04:00,8.812967568047256,8.890546806191601,8.812967568047256,8.867273330688477,72600,0.0,0.0
2023-11-03 00:00:00-04:00,8.92157935087449,9.014674003145029,8.898305872769487,8.944852828979492,78300,0.0,0.0
2023-11-06 00:00:00-05:00,8.944854648121316,8.944854648121316,8.820728419850006,8.859518051147461,55700,0.0,0.0
2023-11-07 00:00:00-05:00,8.906064045791403,8.906064045791403,8.805212051204917,8.882790565490723,41600,0.0,0.0
2023-11-08 00:00:00-05:00,8.921580192558924,8.960369819627127,8.84400093842252,8.882790565490723,36100,0.0,0.0
2023-11-09 00:00:00-05:00,8.867273330688477,8.9370944970483,8.851757187119428,8.867273330688477,26700,0.0,0.0
2023-11-10 00:00:00-05:00,8.85175984413278,8.898307548961599,8.844001770019531,8.844001770019531,113100,0.0,0.0
2023-11-13 00:00:00-05:00,8.890545909455598,8.929335524615295,8.867272436299928,8.921577453613281,30300,0.0,0.0
2023-11-14 00:00:00-05:00,9.068980134711422,9.107769762836574,8.937096582846895,8.960370063781738,80800,0.0,0.0
2023-11-15 00:00:00-05:00,9.02243309254138,9.02243309254138,8.937096503306043,8.975885391235352,48400,0.0,0.0
2023-11-16 00:00:00-05:00,8.991398817006656,8.991398817006656,8.921577656104558,8.968125343322754,35800,0.0,0.0
2023-11-17 00:00:00-05:00,8.944852975017808,9.022432223101788,8.92157949653283,8.937095642089844,86000,0.0,0.0
2023-11-20 00:00:00-05:00,8.937093665239697,8.952609067514222,8.913819452052342,8.929335594177246,64300,0.0,0.0
2023-11-21 00:00:00-05:00,8.930903512256977,8.954406428634005,8.915235648459447,8.923069953918457,44300,0.112,0.0
2023-11-22 00:00:00-05:00,8.930902102572011,8.98574148500855,8.923068545469967,8.977907180786133,40500,0.0,0.0
2023-11-24 00:00:00-05:00,8.977909266980213,9.009245744031151,8.96224065489447,9.001411437988281,51800,0.0,0.0
2023-11-27 00:00:00-05:00,9.04058113328554,9.04058113328554,8.94657171344429,8.993576049804688,34800,0.0,0.0
2023-11-28 00:00:00-05:00,8.977910388690118,8.985744695711816,8.876066638769961,8.915237426757812,56000,0.0,0.0
2023-11-29 00:00:00-05:00,8.938738177648128,8.970074653625488,8.899567395896296,8.970074653625488,76900,0.0,0.0
2023-11-30 00:00:00-05:00,8.97007582467321,8.977910131470452,8.891734998062633,8.899568557739258,47300,0.0,0.0
2023-12-01 00:00:00-05:00,8.923069545264092,9.001410354904905,8.923069545264092,8.993576049804688,61200,0.0,0.0
2023-12-04 00:00:00-05:00,8.993576461688075,8.993576461688075,8.915235648459447,8.923069953918457,42700,0.0,0.0
2023-12-05 00:00:00-05:00,8.923070313219707,8.970074653625488,8.907401701670766,8.970074653625488,32400,0.0,0.0
2023-12-06 00:00:00-05:00,8.985743573023084,9.056250833167834,8.96224065489447,9.001411437988281,97100,0.0,0.0
2023-12-07 00:00:00-05:00,8.977908444642589,9.009244918823242,8.938737665136655,9.009244918823242,83500,0.0,0.0
2023-12-08 00:00:00-05:00,8.993576565643535,9.071918126898193,8.993576565643535,9.024913787841797,42300,0.0,0.0
2023-12-11 00:00:00-05:00,9.040581393003896,9.071917867184549,9.00141061349796,9.009244918823242,51200,0.0,0.0
2023-12-12 00:00:00-05:00,9.001410871193102,9.048415957369995,8.993576565643535,9.024913787841797,48000,0.0,0.0
2023-12-13 00:00:00-05:00,9.056249670920074,9.071917533874512,9.032746755807745,9.071917533874512,58700,0.0,0.0
2023-12-14 00:00:00-05:00,9.0954204501381,9.189429876960139,9.0954204501381,9.142425537109375,122000,0.0,0.0
2023-12-15 00:00:00-05:00,9.142427872036755,9.20510083925779,9.13459356435395,9.181598663330078,51800,0.0,0.0
2023-12-18 00:00:00-05:00,9.212931702220478,9.236433869360717,9.01707856610416,9.134590148925781,85700,0.0,0.0
2023-12-19 00:00:00-05:00,9.181596318398686,9.189429876960139,9.079752585894681,9.142425537109375,118900,0.0,0.0
2023-12-20 00:00:00-05:00,9.16060403671685,9.16060403671685,9.065757494733617,9.097373008728027,53400,0.103,0.0
2023-12-21 00:00:00-05:00,9.144795917127023,9.144795917127023,9.06575750890411,9.089468955993652,75800,0.0,0.0
2023-12-22 00:00:00-05:00,9.13689519621094,9.160606650027754,9.065760080986973,9.12899112701416,85600,0.0,0.0
2023-12-26 00:00:00-05:00,9.152702580830974,9.152702580830974,9.073663396410225,9.12899112701416,107400,0.0,0.0
2023-12-27 00:00:00-05:00,9.160605461476797,9.160605461476797,9.113181806222668,9.144797325134277,110100,0.0,0.0
2023-12-28 00:00:00-05:00,9.171112538152178,9.171112538152178,9.099338492253533,9.131237983703613,117500,0.103,0.0
2023-12-29 00:00:00-05:00,9.1392130467021,9.171112538152178,9.131237983703613,9.131237983703613,177000,0.0,0.0
2024-01-02 00:00:00-05:00,9.131238969914293,9.195037959705,9.099339475018938,9.179088592529297,65900,0.0,0.0
2024-01-03 00:00:00-05:00,9.203015035462695,9.210990101065972,9.099341464252428,9.115291595458984,66600,0.0,0.0
2024-01-04 00:00:00-05:00,9.139214397143775,9.179088957484343,9.123264268789956,9.155163764953613,57200,0.0,0.0
2024-01-05 00:00:00-05:00,9.1870664674059,9.226940277817537,9.1631412685059,9.210990905761719,88800,0.0,0.0
2024-01-08 00:00:00-05:00,9.234911042736865,9.250861167907715,9.210986615524423,9.250861167907715,63400,0.0,0.0
2024-01-09 00:00:00-05:00,9.234911042736865,9.250861167907715,9.203011552938998,9.250861167907715,56800,0.0,0.0
2024-01-10 00:00:00-05:00,9.250861167907715,9.250861167907715,9.210986615524423,9.250861167907715,53500,0.0,0.0
2024-01-11 00:00:00-05:00,9.274785595120159,9.274785595120159,9.203011552938998,9.250861167907715,170900,0.0,0.0
2024-01-12 00:00:00-05:00,9.274787828902488,9.33061175935769,9.226938202409448,9.258837699890137,64800,0.0,0.0
2024-01-16 00:00:00-05:00,9.290734959747178,9.314660147503451,9.24288610532229,9.250861167907715,70400,0.0,0.0
2024-01-17 00:00:00-05:00,9.258836863976628,9.30668648614967,9.218963066133693,9.242887496948242,70500,0.0,0.0
2024-01-18 00:00:00-05:00,9.290736756362806,9.314661948745663,9.242887892685044,9.266812324523926,41300,0.0,0.0
2024-01-19 00:00:00-05:00,9.266811927762792,9.298711422363505,9.210988002347527,9.242887496948242,50900,0.0,0.0
2024-01-22 00:00:00-05:00,9.322636694851514,9.322636694851514,9.226938202409448,9.258837699890137,112400,0.0,0.0
2024-01-23 00:00:00-05:00,9.298714144539547,9.370488218538826,9.274789706721176,9.33858871459961,119600,0.0,0.0
2024-01-24 00:00:00-05:00,9.410358944400208,9.434283372445279,9.36250932776621,9.418334007263184,106100,0.0,0.0
2024-01-25 00:00:00-05:00,9.410362144559222,9.474161148071289,9.410362144559222,9.474161148071289,54300,0.0,0.0
2024-01-26 00:00:00-05:00,9.514033724580528,9.514033724580528,9.426309542699732,9.458209037780762,45400,0.0,0.0
2024-01-29 00:00:00-05:00,9.474161979008375,9.529985921841478,9.46618691273388,9.490111351013184,17600,0.0,0.0
2024-01-30 00:00:00-05:00,9.529982128367317,9.561881620223307,9.482133270855273,9.537957191467285,54900,0.0,0.0
2024-01-31 00:00:00-05:00,9.561884951251407,9.601759520098277,9.506061011192278,9.577835083007812,131000,0.0,0.0
2024-02-01 00:00:00-05:00,9.585808753967285,9.641632685902964,9.56985862453193,9.585808753967285,65400,0.0,0.0
2024-02-02 00:00:00-05:00,9.617708716884232,9.617708716884232,9.474160587207969,9.498085021972656,63600,0.0,0.0
2024-02-05 00:00:00-05:00,9.498084112903348,9.522008545378208,9.410360686799526,9.466184616088867,41000,0.0,0.0
2024-02-06 00:00:00-05:00,9.490108405105982,9.55390739440918,9.442259543400557,9.55390739440918,60800,0.0,0.0
2024-02-07 00:00:00-05:00,9.617708132471503,9.689481432404316,9.569858505305605,9.601758003234863,65200,0.0,0.0
2024-02-08 00:00:00-05:00,9.625684059898454,9.641634191825052,9.482136675279822,9.514036178588867,72900,0.0,0.0
2024-02-09 00:00:00-05:00,9.498085021972656,9.529984521840262,9.482135652310888,9.498085021972656,64900,0.0,0.0
2024-02-12 00:00:00-05:00,9.537957706244999,9.593781629869909,9.514033276197738,9.54593276977539,45600,0.0,0.0
2024-02-13 00:00:00-05:00,9.514032762711262,9.537957191467285,9.482133270855273,9.537957191467285,70900,0.0,0.0
2024-02-14 00:00:00-05:00,9.601758122858609,9.601758122858609,9.514034692596251,9.585808753967285,113800,0.0,0.0
2024-02-15 00:00:00-05:00,9.577831706743686,9.601756135400592,9.553906517542904,9.569856643676758,32900,0.0,0.0
2024-02-16 00:00:00-05:00,9.593781072333666,9.593781072333666,9.52200702581907,9.569856643676758,60800,0.0,0.0
2024-02-20 00:00:00-05:00,9.601758443585142,9.633657942977356,9.56188387920886,9.593783378601074,66600,0.0,0.0
2024-02-21 00:00:00-05:00,9.628369022656145,9.66858792632021,9.612281154345807,9.620325088500977,56800,0.103,0.0
2024-02-22 00:00:00-05:00,9.620326349824367,9.660545258761543,9.612282414614556,9.62837028503418,71400,0.0,0.0
2024-02-23 00:00:00-05:00,9.676633575867923,9.708808553631188,9.531846559489216,9.580108642578125,124700,0.0,0.0
2024-02-26 00:00:00-05:00,9.604238600087092,9.63641357421875,9.596195431888097,9.63641357421875,67200,0.0,0.0
2024-02-27 00:00:00-05:00,9.69272170770704,9.700765644141129,9.628371750458344,9.676633834838867,62000,0.0,0.0
2024-02-28 00:00:00-05:00,9.700763702392578,9.700763702392578,9.676631897920647,9.700763702392578,27000,0.0,0.0
2024-02-29 00:00:00-05:00,9.765115772738397,9.773158942201619,9.65250296202116,9.740983963012695,67200,0.0,0.0
2024-03-01 00:00:00-05:00,9.789245050228052,9.845551061877982,9.765114011965494,9.829463958740234,43500,0.0,0.0
2024-03-04 00:00:00-05:00,9.821418762207031,9.86163766555372,9.821418762207031,9.821418762207031,51800,0.0,0.0
2024-03-05 00:00:00-05:00,9.821420362098813,9.877726375689262,9.789245387602572,9.813376426696777,52700,0.0,0.0
2024-03-06 00:00:00-05:00,9.813376088490612,9.853594997002794,9.8053321533658,9.829463958740234,29400,0.0,0.0
2024-03-07 00:00:00-05:00,9.821418762207031,9.845549797370333,9.821418762207031,9.821418762207031,52100,0.0,0.0
2024-03-08 00:00:00-05:00,9.821420181586914,9.861639090745992,9.740982363268756,9.74902629852295,37300,0.0,0.0
2024-03-11 00:00:00-04:00,9.757070076840682,9.829463958740234,9.74902614171587,9.829463958740234,51100,0.0,0.0
2024-03-12 00:00:00-04:00,9.861641964655595,9.893816947937012,9.821423043775797,9.893816947937012,89100,0.0,0.0
2024-03-13 00:00:00-04:00,9.917946815490723,9.942077858307288,9.877727899388432,9.917946815490723,48500,0.0,0.0
2024-03-14 00:00:00-04:00,9.966207349457203,10.006425489090155,9.861638498765476,9.877725601196289,47100,0.0,0.0
2024-03-15 00:00:00-04:00,9.885771410853465,9.925990325225976,9.885771410853465,9.901859283447266,53500,0.0,0.0
2024-03-18 00:00:00-04:00,9.92599049655438,9.974252580944837,9.901859454359153,9.966209411621094,31400,0.0,0.0
2024-03-19 00:00:00-04:00,9.998384390252065,10.006427559575807,9.942077602313866,9.966209411621094,39000,0.0,0.0
2024-03-20 00:00:00-04:00,10.043276556662446,10.043276556662446,9.954039322176573,9.986489295959473,79600,0.105,0.0
2024-03-21 00:00:00-04:00,10.059498765762314,10.059498765762314,10.002711518556621,10.010824203491211,30800,0.0,0.0
2024-03-22 00:00:00-04:00,10.05949952562003,10.05949952562003,9.954037708177037,9.962149620056152,28700,0.0,0.0
2024-03-25 00:00:00-04:00,9.986491938582358,10.02705383629316,9.937816578193345,9.978379249572754,45400,0.0,0.0
2024-03-26 00:00:00-04:00,10.02705383629316,10.02705383629316,9.97026656056315,9.978379249572754,31800,0.0,0.0
2024-03-27 00:00:00-04:00,10.018940266378651,10.018940266378651,9.970264914028109,9.99460220336914,36500,0.0,0.0
2024-03-28 00:00:00-04:00,10.018939269742372,10.018939269742372,9.978376609096648,9.986489295959473,57300,0.0,0.0
2024-04-01 00:00:00-04:00,10.002713896016722,10.027051182936797,9.970263922233823,9.986489295959473,45100,0.0,0.0
2024-04-02 00:00:00-04:00,9.978379249572754,10.010829231942559,9.954041956212551,9.978379249572754,43300,0.0,0.0
2024-04-03 00:00:00-04:00,9.9783768612044,9.99460146167157,9.937814199533843,9.954039573669434,38500,0.0,0.0
2024-04-04 00:00:00-04:00,10.035165161067972,10.035165161067972,9.897252561327734,9.921589851379395,46400,0.0,0.0
2024-04-05 00:00:00-04:00,9.994602198592885,9.994602198592885,9.921589556936203,9.945927619934082,51000,0.0,0.0
2024-04-08 00:00:00-04:00,9.921586965987467,10.075724896714815,9.921586965987467,9.962149620056152,90000,0.0,0.0
2024-04-09 00:00:00-04:00,10.010824203491211,10.067611450696903,9.994598833622032,10.010824203491211,37900,0.0,0.0
2024-04-10 00:00:00-04:00,10.01082495967223,10.027049557098737,9.945925022629645,9.962149620056152,55500,0.0,0.0
2024-04-11 00:00:00-04:00,10.002712745275302,10.002712745275302,9.937812805175781,9.937812805175781,39800,0.0,0.0
2024-04-12 00:00:00-04:00,9.945929090193818,9.994603676047955,9.90536641953631,9.929703712463379,50200,0.0,0.0
2024-04-15 00:00:00-04:00,9.978378672096925,9.978378672096925,9.824240684509277,9.824240684509277,45600,0.0,0.0
2024-04-16 00:00:00-04:00,9.848577539250819,9.872914828210297,9.816127562748694,9.856689453125,97400,0.0,0.0
2024-04-17 00:00:00-04:00,9.856691062426702,9.897253733094141,9.840466458360881,9.88102912902832,55400,0.0,0.0
2024-04-18 00:00:00-04:00,9.91347552105554,9.9459254911053,9.91347552105554,9.937812805175781,28400,0.0,0.0
2024-04-19 00:00:00-04:00,9.897253733094141,9.954041781495993,9.864803751293907,9.88102912902832,105100,0.0,0.0
2024-04-22 00:00:00-04:00,9.926032524087752,9.983313582698313,9.901483610454068,9.909666061401367,46900,0.105,0.0
2024-04-23 00:00:00-04:00,9.95876548899726,9.95876548899726,9.926033341325455,9.942399024963379,32100,0.0,0.0
2024-04-24 00:00:00-04:00,9.983314404652125,9.999680868686006,9.926033341325455,9.942399024963379,43600,0.0,0.0
2024-04-25 00:00:00-04:00,9.926032524087752,9.934215755430944,9.893300379110874,9.909666061401367,33600,0.0,0.0
2024-04-26 00:00:00-04:00,9.934216573342395,9.999680868686006,9.917850109308514,9.942399024963379,42400,0.0,0.0
2024-04-29 00:00:00-04:00,9.958765414800578,9.958765414800578,9.909666803460695,9.934216499328613,35600,0.0,0.0
2024-04-30 00:00:00-04:00,9.966949462890625,9.975131915120658,9.942399765012478,9.966949462890625,50800,0.0,0.0
2024-05-01 00:00:00-04:00,9.999683090016486,10.065147399902344,9.983316622346955,10.065147399902344,58300,0.0,0.0
2024-05-02 00:00:00-04:00,10.081509973095557,10.081509973095557,10.007862452123934,10.056961059570312,62000,0.0,0.0
2024-05-03 00:00:00-04:00,10.114240320728639,10.146972459744754,10.073325732255308,10.097874641418457,31200,0.0,0.0
2024-05-06 00:00:00-04:00,10.106058693819246,10.179705427302913,10.089692232781221,10.130607604980469,50400,0.0,0.0
2024-05-07 00:00:00-04:00,10.220622149750696,10.35973396536874,10.18789000374621,10.335185050964355,81800,0.0,0.0
2024-05-08 00:00:00-04:00,10.351552361164762,10.482481746162392,10.318820210014364,10.400650978088379,113400,0.0,0.0
2024-05-09 00:00:00-04:00,10.417015301915724,10.433381765549774,10.236988884316803,10.269721031188965,56700,0.0,0.0
2024-05-10 00:00:00-04:00,10.35973545071817,10.35973545071817,10.253355765852195,10.277905464172363,69600,0.0,0.0
2024-05-13 00:00:00-04:00,10.269722231398974,10.32700330002064,10.179708231683747,10.277905464172363,23300,0.0,0.0
2024-05-14 00:00:00-04:00,10.318819926325672,10.327003158987305,10.269722091147912,10.310637474060059,54600,0.0,0.0
2024-05-15 00:00:00-04:00,10.367916355550832,10.384282037026944,10.335184212202755,10.376099586486816,51700,0.0,0.0
2024-05-16 00:00:00-04:00,10.425196647644043,10.425196647644043,10.384281276357116,10.425196647644043,44200,0.0,0.0
2024-05-17 00:00:00-04:00,10.457931410904305,10.482481108069736,10.41701602935791,10.41701602935791,53600,0.0,0.0
2024-05-20 00:00:00-04:00,10.417014504606849,10.482479573736473,10.36791667825448,10.392465591430664,44300,0.0,0.0
2024-05-21 00:00:00-04:00,10.425199261746387,10.425199261746387,10.376101428207509,10.41701602935791,32300,0.0,0.0
2024-05-22 00:00:00-04:00,10.445896715545627,10.478901097471265,10.338632277565676,10.363386154174805,56000,0.105,0.0
2024-05-23 00:00:00-04:00,10.396390462695539,10.396390462695539,10.24787035163555,10.305627822875977,67100,0.0,0.0
2024-05-24 00:00:00-04:00,10.371633606686373,10.371633606686373,10.280871779827503,10.313876152038574,48400,0.0,0.0
2024-05-28 00:00:00-04:00,10.313877492224092,10.322128783070609,10.223115653571627,10.231366157531738,40900,0.0,0.0
2024-05-29 00:00:00-04:00,10.231365589930917,10.272621254988373,10.190110711759823,10.26436996459961,44600,0.0,0.0
2024-05-30 00:00:00-04:00,10.297375958399464,10.338631629943848,10.239618490369216,10.338631629943848,45100,0.0,0.0
2024-05-31 00:00:00-04:00,10.404640669709869,10.404640669709869,10.36338578394156,10.379887580871582,35700,0.0,0.0
2024-06-03 00:00:00-04:00,10.454147338867188,10.520156098495061,10.40464037570304,10.454147338867188,31900,0.0,0.0
2024-06-04 00:00:00-04:00,10.50365381194952,10.511905103857785,10.371636288963318,10.379887580871582,45200,0.0,0.0
2024-06-05 00:00:00-04:00,10.40464037570304,10.454147338867188,10.396389870914419,10.454147338867188,31900,0.0,0.0
2024-06-06 00:00:00-04:00,10.495399573885525,10.553157022926982,10.454143915904673,10.48714828491211,33200,0.0,0.0
2024-06-07 00:00:00-04:00,10.42114172477593,10.55315922839556,10.42114172477593,10.528406143188477,36200,0.0,0.0
2024-06-10 00:00:00-04:00,10.561408411466125,10.577910202682297,10.478897094726562,10.478897094726562,20300,0.0,0.0
2024-06-11 00:00:00-04:00,10.520153510822217,10.528404800467728,10.454144767430707,10.495400428771973,21800,0.0,0.0
2024-06-12 00:00:00-04:00,10.561410435070863,10.586163520081021,10.371634684962636,10.470647811889648,66800,0.0,0.0
2024-06-13 00:00:00-04:00,10.495403112326784,10.495403112326784,10.412891768547041,10.44589614868164,25100,0.0,0.0
2024-06-14 00:00:00-04:00,10.470649135330914,10.586164858122935,10.40464037570304,10.454147338867188,37800,0.0,0.0
2024-06-17 00:00:00-04:00,10.454144930657204,10.487149302868275,10.297373572489887,10.313876152038574,67600,0.0,0.0
2024-06-18 00:00:00-04:00,10.404637978897444,10.429391848220476,10.297373572489887,10.313876152038574,82600,0.0,0.0
2024-06-20 00:00:00-04:00,10.363386154174805,10.462399299951713,10.313879187843082,10.363386154174805,68400,0.0,0.0
2024-06-21 00:00:00-04:00,10.409146351333474,10.409146351333474,10.31761857907637,10.400825500488281,40700,0.105,0.0
2024-06-24 00:00:00-04:00,10.384185464031976,10.384185464031976,10.292658470617384,10.32594108581543,46300,0.0,0.0
2024-06-25 00:00:00-04:00,10.384186333652492,10.384186333652492,10.292659332572999,10.342583656311035,41800,0.0,0.0
2024-06-26 00:00:00-04:00,10.37586353127253,10.37586353127253,10.251053151683145,10.317618370056152,66100,0.0,0.0
2024-06-27 00:00:00-04:00,10.350902848833929,10.359223701013475,10.292658470617384,10.32594108581543,64200,0.0,0.0
2024-06-28 00:00:00-04:00,10.375866274296323,10.425789804514153,10.317621097681915,10.342583656311035,86800,0.0,0.0
2024-07-01 00:00:00-04:00,10.317619856462244,10.425788550281684,10.317619856462244,10.367544174194336,55000,0.0,0.0
2024-07-02 00:00:00-04:00,10.36754450146857,10.442430583670596,10.359223649330538,10.425788879394531,20900,0.0,0.0
2024-07-03 00:00:00-04:00,10.434109310692051,10.48403362798651,10.400826697002447,10.475712776184082,27400,0.0,0.0
2024-07-05 00:00:00-04:00,10.425789364114987,10.484034538269043,10.425789364114987,10.484034538269043,36300,0.0,0.0
2024-07-08 00:00:00-04:00,10.508994060139107,10.517314910888672,10.459069749161722,10.517314910888672,22300,0.0,0.0
2024-07-09 00:00:00-04:00,10.525635017588447,10.600521087646484,10.508994109531109,10.600521087646484,63000,0.0,0.0
2024-07-10 00:00:00-04:00,10.575559701431295,10.633804071964233,10.508994479816499,10.558917999267578,70000,0.0,0.0
2024-07-11 00:00:00-04:00,10.533957481384277,10.60052271084641,10.517316570778808,10.533957481384277,53600,0.0,0.0
2024-07-12 00:00:00-04:00,10.5838769692273,10.592197023972279,10.43410487454095,10.54227352142334,45400,0.0,0.0
2024-07-15 00:00:00-04:00,10.575556120962554,10.592197023972279,10.467387474080166,10.54227352142334,75200,0.0,0.0
2024-07-16 00:00:00-04:00,10.575559573518296,10.592200481960703,10.517315203689831,10.583880424499512,66300,0.0,0.0
2024-07-17 00:00:00-04:00,10.5838769692273,10.592197023972279,10.492349225354635,10.54227352142334,39700,0.0,0.0
2024-07-18 00:00:00-04:00,10.542278428766586,10.558919339522516,10.400827116500567,10.425788879394531,50500,0.0,0.0
2024-07-19 00:00:00-04:00,10.467395612338782,10.500678237754787,10.31762340120656,10.384188652038574,71100,0.0,0.0
2024-07-22 00:00:00-04:00,10.359223519297268,10.475713067207097,10.300979142102415,10.450751304626465,58600,0.0,0.0
2024-07-23 00:00:00-04:00,10.375865353606605,10.425788879394531,10.375865353606605,10.425788879394531,100700,0.0,0.0
2024-07-24 00:00:00-04:00,10.438375948578631,10.488722167080054,10.379639360515302,10.413203239440918,65800,0.105,0.0
2024-07-25 00:00:00-04:00,10.455158288154438,10.46354945794234,10.396421700091109,10.413203239440918,52900,0.0,0.0
2024-07-26 00:00:00-04:00,10.421593144157233,10.488720893859863,10.39642043807522,10.488720893859863,50000,0.0,0.0
2024-07-29 00:00:00-04:00,10.49711223193564,10.589412689208984,10.438374849829048,10.589412689208984,141700,0.0,0.0
2024-07-30 00:00:00-04:00,10.597804076343694,10.648149490356445,10.597804076343694,10.648149490356445,83600,0.0,0.0
2024-07-31 00:00:00-04:00,10.69849444074276,10.774013353066488,10.690103272656604,10.72366714477539,46200,0.0,0.0
2024-08-01 00:00:00-04:00,10.740450175309917,10.790795586629976,10.698495132392612,10.757231712341309,141900,0.0,0.0
2024-08-02 00:00:00-04:00,10.706887080021112,10.715278249260265,10.57263157309843,10.606195449829102,56700,0.0,0.0
2024-08-05 00:00:00-04:00,10.488720556078839,10.572630640617819,10.329292355725824,10.337682723999023,166400,0.0,0.0
2024-08-06 00:00:00-04:00,10.379640044730609,10.480331688144949,10.379640044730609,10.446767807006836,42900,0.0,0.0
2024-08-07 00:00:00-04:00,10.480328031993867,10.606193142522221,10.480328031993867,10.497110366821289,38500,0.0,0.0
2024-08-08 00:00:00-04:00,10.581018874882655,10.61458274188382,10.53906464130048,10.597801208496094,37900,0.0,0.0
2024-08-09 00:00:00-04:00,10.63136530889647,10.732056912110536,10.622974141905532,10.656538009643555,33400,0.0,0.0
2024-08-12 00:00:00-04:00,10.740449953243703,10.782404995293557,10.673322206054282,10.698494911193848,57800,0.0,0.0
2024-08-13 00:00:00-04:00,10.723667616333413,10.765622658383268,10.698494911193848,10.698494911193848,27600,0.0,0.0
2024-08-14 00:00:00-04:00,10.757232608481603,10.765623777809274,10.706887192967478,10.748842239379883,24700,0.0,0.0
2024-08-15 00:00:00-04:00,10.815967092390988,10.925049863713674,10.815967092390988,10.841139793395996,33100,0.0,0.0
2024-08-16 00:00:00-04:00,10.866315055372846,11.10965335637317,10.841142348435138,10.96700668334961,72600,0.0,0.0
2024-08-19 00:00:00-04:00,10.967006077229263,10.992179583001617,10.78240516958728,10.799186706542969,57000,0.0,0.0
2024-08-20 00:00:00-04:00,10.799186436132649,10.883096519487639,10.740449857919673,10.782404899597168,32300,0.0,0.0
2024-08-21 00:00:00-04:00,10.782406599407564,10.841143186880167,10.748842720819507,10.824360847473145,54500,0.0,0.0
2024-08-22 00:00:00-04:00,10.841144085482785,10.857925626054811,10.7907978633146,10.815971374511719,58700,0.0,0.0
2024-08-23 00:00:00-04:00,10.879418295495109,10.930177990700571,10.837119490754871,10.89633846282959,51300,0.105,0.0
2024-08-26 00:00:00-04:00,10.921718864005765,10.930178948414287,10.769440571844576,10.786360740661621,98300,0.0,0.0
2024-08-27 00:00:00-04:00,10.845577761874251,10.938637059988208,10.78635879529112,10.794818878173828,102900,0.0,0.0
2024-08-28 00:00:00-04:00,10.854036998552706,10.870957162998987,10.744058350045417,10.769437789916992,79500,0.0,0.0
2024-08-29 00:00:00-04:00,10.811737642007657,10.88787677016511,10.77789811913744,10.862497329711914,53300,0.0,0.0
2024-08-30 00:00:00-04:00,10.89633669419383,10.980935096740723,10.8624971718155,10.980935096740723,150600,0.0,0.0
2024-09-03 00:00:00-04:00,10.99785678131147,11.057075751958568,10.845578506164117,10.921717643737793,51100,0.0,0.0
2024-09-04 00:00:00-04:00,10.913259048873886,10.921719133491155,10.684842411794145,10.760981559753418,47400,0.0,0.0
2024-09-05 00:00:00-04:00,10.794820825070145,10.84557971792517,10.727141763398073,10.786360740661621,58100,0.0,0.0
2024-09-06 00:00:00-04:00,10.837118917242968,10.870958443323124,10.76097978186313,10.84557819366455,41400,0.0,0.0
2024-09-09 00:00:00-04:00,10.921717566652315,10.964017176872249,10.879417956432382,10.938637733459473,43600,0.0,0.0
2024-09-10 00:00:00-04:00,10.972477298967725,10.972477298967725,10.85403855129386,10.930177688598633,50200,0.0,0.0
2024-09-11 00:00:00-04:00,10.980937614024365,11.040157396860446,10.90479927631747,11.023237228393555,45500,0.0,0.0
2024-09-12 00:00:00-04:00,11.023235283165235,11.048615531386817,10.99785584174155,11.031695365905762,39700,0.0,0.0
2024-09-13 00:00:00-04:00,11.124756086852498,11.158595617803607,10.980937878610767,10.997858047485352,76900,0.0,0.0
2024-09-16 00:00:00-04:00,11.023237414785475,11.057076945493412,10.997857968454037,11.014778137207031,54300,0.0,0.0
2024-09-17 00:00:00-04:00,11.09091494983641,11.133214559099445,11.04015606415912,11.073995590209961,67100,0.0,0.0
2024-09-18 00:00:00-04:00,11.1162956289596,11.141675072778797,11.023236323625918,11.124754905700684,50200,0.0,0.0
2024-09-19 00:00:00-04:00,11.167053783267601,11.167053783267601,11.065535207859469,11.107834815979004,67500,0.0,0.0
2024-09-20 00:00:00-04:00,11.08245537382645,11.124754175148066,11.073995290842959,11.107834815979004,75300,0.0,0.0
2024-09-23 00:00:00-04:00,11.066060251581856,11.142789615704588,11.04900973347248,11.125739097595215,41500,0.101,0.0
2024-09-24 00:00:00-04:00,11.091638565063477,11.168367938295106,11.049011045151204,11.091638565063477,58400,0.0,0.0
2024-09-25 00:00:00-04:00,11.091636705372784,11.151314735412598,11.057534857771149,11.151314735412598,75600,0.0,0.0
2024-09-26 00:00:00-04:00,11.091637016446612,11.14278938275758,10.955229622214421,11.00638198852539,112300,0.0,0.0
2024-09-27 00:00:00-04:00,10.989331833687569,11.006382352003573,10.869974953266624,10.972280502319336,80000,0.0,0.0
2024-09-30 00:00:00-04:00,10.972281233822727,10.99785741952797,10.904077529907227,10.904077529907227,179900,0.0,0.0
2024-10-01 00:00:00-04:00,10.92112749266873,10.929652344799754,10.810296284443579,10.827346801757812,181500,0.0,0.0
2024-10-02 00:00:00-04:00,10.776195526123047,10.835873562333957,10.716516676859873,10.776195526123047,116100,0.0,0.0
2024-10-03 00:00:00-04:00,10.77619498015331,10.810296829553545,10.742093130753073,10.80177116394043,81200,0.0,0.0
2024-10-04 00:00:00-04:00,10.818821908330802,10.869975090026855,10.793245724008896,10.869975090026855,104500,0.0,0.0
2024-10-07 00:00:00-04:00,10.887025879364796,11.057535121438768,10.878500213998048,10.946703910827637,63500,0.0,0.0
2024-10-08 00:00:00-04:00,10.972280139967344,11.00638198852539,10.955229622214421,11.00638198852539,30800,0.0,0.0
2024-10-09 00:00:00-04:00,11.006383528749843,11.057536715271352,10.963756008823973,11.040485382080078,63800,0.0,0.0
2024-10-10 00:00:00-04:00,11.066061568814673,11.091638568601585,11.03195971548444,11.040485382080078,26300,0.0,0.0
2024-10-11 00:00:00-04:00,11.040486485024626,11.091639676656339,10.955232249708304,10.989334106445312,50900,0.0,0.0
2024-10-14 00:00:00-04:00,11.057535942758838,11.057535942758838,10.9467047239155,10.997857093811035,66100,0.0,0.0
2024-10-15 00:00:00-04:00,11.040484710935473,11.040484710935473,10.878501120726831,10.8870267868042,70600,0.0,0.0
2024-10-16 00:00:00-04:00,10.887025282662275,10.912601464308526,10.8529226230644,10.861448287963867,55400,0.0,0.0
2024-10-17 00:00:00-04:00,10.878498248879056,10.904074427306957,10.8273450789712,10.835870742797852,74300,0.0,0.0
2024-10-18 00:00:00-04:00,10.827347302863899,10.91260233253734,10.7250417550871,10.742093086242676,106000,0.0,0.0
2024-10-21 00:00:00-04:00,10.793245498327316,10.80177116394043,10.742093130753073,10.80177116394043,84000,0.0,0.0
2024-10-22 00:00:00-04:00,10.801771975506371,10.88702701193851,10.801771975506371,10.852924346923828,88900,0.0,0.0
2024-10-23 00:00:00-04:00,10.852923531514671,10.878500528354015,10.767669314540194,10.80177116394043,32000,0.0,0.0
2024-10-24 00:00:00-04:00,10.845601343219611,10.879977226257324,10.837007167563758,10.879977226257324,59700,0.101,0.0
2024-10-25 00:00:00-04:00,10.897164016622355,10.922945720311155,10.828412260395163,10.837005615234375,47300,0.0,0.0
2024-10-28 00:00:00-04:00,10.819818834624105,10.914352301081134,10.819818834624105,10.828413009643555,57200,0.0,0.0
2024-10-29 00:00:00-04:00,10.854194302866865,10.888570182053407,10.83700595348079,10.845600128173828,43700,0.0,0.0
2024-10-30 00:00:00-04:00,10.87138182073678,10.922946049252808,10.87138182073678,10.897164344787598,40600,0.0,0.0
2024-10-31 00:00:00-04:00,10.905756135297555,10.940132009514656,10.837004386863352,10.854192733764648,55100,0.0,0.0
2024-11-01 00:00:00-04:00,10.897165992072344,10.92294770043488,10.845601755761539,10.86279010772705,48600,0.0,0.0
2024-11-04 00:00:00-05:00,10.871383483930712,10.897166011925954,10.811225891113281,10.811225891113281,44300,0.0,0.0
2024-11-05 00:00:00-05:00,10.871382713317871,10.879976888707091,10.819819300153902,10.871382713317871,57200,0.0,0.0
2024-11-06 00:00:00-05:00,10.888570170103991,10.96591610308523,10.879975995420386,10.897164344787598,48400,0.0,0.0
2024-11-07 00:00:00-05:00,10.957322795817515,11.00029285305158,10.897165207441226,10.97451114654541,57800,0.0,0.0
2024-11-08 00:00:00-05:00,10.983104076062277,11.112014242761388,10.957322370556712,11.043262481689453,83400,0.0,0.0
2024-11-11 00:00:00-05:00,11.086232598674524,11.163578540923416,11.034669183565734,11.069045066833496,43200,0.0,0.0
2024-11-12 00:00:00-05:00,11.034669529453515,11.04326370543627,10.828414223381758,10.86279010772705,86200,0.0,0.0
2024-11-13 00:00:00-05:00,10.897164960691807,10.922946666614191,10.862789079600077,10.888570785522461,58400,0.0,0.0
2024-11-14 00:00:00-05:00,10.922946049252808,10.957321928401624,10.879975995420386,10.897164344787598,24300,0.0,0.0
2024-11-15 00:00:00-05:00,10.922945219418162,10.983102798461914,10.845599292313025,10.983102798461914,40200,0.0,0.0
2024-11-18 00:00:00-05:00,11.026075007852368,11.069045066833496,10.94013488989011,11.069045066833496,58300,0.0,0.0
2024-11-19 00:00:00-05:00,11.04326173241856,11.069043436174871,10.991697505320353,11.051855087280273,61600,0.0,0.0
2024-11-20 00:00:00-05:00,11.060452204182255,11.060452204182255,11.000294606218377,11.026076316833496,37500,0.0,0.0
2024-11-21 00:00:00-05:00,11.044265890841867,11.113563179363963,11.009617246580818,11.035603523254395,38900,0.101,0.0
2024-11-22 00:00:00-05:00,11.070251987625689,11.104900631323702,11.009617067676372,11.09623908996582,42700,0.0,0.0
2024-11-25 00:00:00-05:00,11.148210382860642,11.243493935742128,11.035602097043213,11.156872749328613,97600,0.0,0.0
2024-11-26 00:00:00-05:00,11.156873756182515,11.156873756182515,11.009616817292708,11.061590194702148,61800,0.0,0.0
2024-11-27 00:00:00-05:00,11.026939730575242,11.165535115796585,11.026939730575242,11.156872749328613,46100,0.0,0.0
2024-11-29 00:00:00-05:00,11.15687193767617,11.234831578038953,11.061588391726477,11.148209571838379,85100,0.0,0.0
2024-12-02 00:00:00-05:00,11.165534958995632,11.217507504896128,11.148210226302986,11.208845138549805,114100,0.0,0.0
2024-12-03 00:00:00-05:00,11.208846970720137,11.364766286085253,11.200185429046742,11.312793731689453,51300,0.0,0.0
2024-12-04 00:00:00-05:00,11.321455273362847,11.330117641125101,11.252157983442542,11.312793731689453,38500,0.0,0.0
2024-12-05 00:00:00-05:00,11.321452694312843,11.330115060101791,11.278142517545442,11.295466423034668,67400,0.0,0.0
2024-12-06 00:00:00-05:00,11.338780046736737,11.36476632402138,11.252158021002778,11.260820388793945,69800,0.0,0.0
2024-12-09 00:00:00-05:00,11.295466565116659,11.304128931014567,11.260817927613703,11.28680419921875,35000,0.0,0.0
2024-12-10 00:00:00-05:00,11.330115060101791,11.330115060101791,11.24349305438965,11.295466423034668,40100,0.0,0.0
2024-12-11 00:00:00-05:00,11.33011582998269,11.45138648100229,11.243493818384588,11.399413108825684,100600,0.0,0.0
2024-12-12 00:00:00-05:00,11.390749942599298,11.434060945357087,11.330115034391593,11.347439765930176,45800,0.0,0.0
2024-12-13 00:00:00-05:00,11.373427232373272,11.425399780273438,11.338778591743578,11.425399780273438,85100,0.0,0.0
2024-12-16 00:00:00-05:00,11.442723337092106,11.442723337092106,11.217506783111475,11.295466423034668,110400,0.0,0.0
2024-12-17 00:00:00-05:00,11.286804524942655,11.286804524942655,11.148209970931152,11.174196243286133,67100,0.0,0.0
2024-12-18 00:00:00-05:00,11.17419791871973,11.234833664757874,11.070251987625689,11.09623908996582,47600,0.0,0.0
2024-12-19 00:00:00-05:00,11.139548655281123,11.139548655281123,10.957643079464528,10.983630180358887,41000,0.0,0.0
2024-12-20 00:00:00-05:00,11.044265460202732,11.1308874805222,10.992292082793291,11.061590194702148,43600,0.0,0.0
2024-12-23 00:00:00-05:00,11.100292074950726,11.24102464660901,11.100292074950726,11.223433494567871,54100,0.194,0.0
2024-12-24 00:00:00-05:00,11.22343209946551,11.311389526402449,11.10029069515517,11.205840110778809,49200,0.0,0.0
2024-12-26 00:00:00-05:00,11.205838392780699,11.364162911359083,11.135472126486318,11.232226371765137,29000,0.0,0.0
2024-12-27 00:00:00-05:00,11.258616058447096,11.26741205343143,11.091495509073745,11.153066635131836,34500,0.0,0.0
2024-12-30 00:00:00-05:00,11.144269137221228,11.258614540100098,11.091494013264773,11.258614540100098,69200,0.0,0.0
2024-12-31 00:00:00-05:00,11.311389427698966,11.32898141623216,10.94196605682373,10.94196605682373,447700,0.0,0.0
2025-01-02 00:00:00-05:00,11.021128029865174,11.100290298461914,10.985944892581308,11.100290298461914,52700,0.0,0.0
2025-01-03 00:00:00-05:00,11.0914945602417,11.161860836432327,11.073903410610132,11.0914945602417,51900,0.0,0.0
2025-01-06 00:00:00-05:00,11.126679545107681,11.126679545107681,11.029926108994788,11.065109252929688,37900,0.0,0.0
2025-01-07 00:00:00-05:00,11.135473179329372,11.161860321976615,11.065106906381962,11.109086036682129,54800,0.0,0.0
2025-01-08 00:00:00-05:00,11.14426950273757,11.188248634338379,11.04751608428152,11.188248634338379,110100,0.0,0.0
2025-01-10 00:00:00-05:00,11.170657786268253,11.241024068478428,11.08270035292166,11.153066635131836,64600,0.0,0.0
2025-01-13 00:00:00-05:00,11.170657786268253,11.188249776236923,11.08270035292166,11.153066635131836,72400,0.0,0.0
2025-01-14 00:00:00-05:00,11.153064103406058,11.223430369643214,11.11788097028748,11.170655250549316,52400,0.0,0.0
2025-01-15 00:00:00-05:00,11.1882484478233,11.26741071561864,11.091494192148039,11.161860466003418,60600,0.0,0.0
2025-01-16 00:00:00-05:00,11.188247935981408,11.267410200155219,11.153064800663282,11.179451942443848,60900,0.0,0.0
2025-01-17 00:00:00-05:00,11.205839267669617,11.249818397245262,11.109085853668898,11.144268989562988,82200,0.0,0.0
2025-01-21 00:00:00-05:00,11.179452527560759,11.293797933037375,11.153065384399127,11.249818801879883,214500,0.0,0.0
2025-01-22 00:00:00-05:00,11.302594040967618,11.302594040967618,11.14426950273757,11.188248634338379,66200,0.0,0.0
2025-01-23 00:00:00-05:00,11.205839854856558,11.241022992594248,11.153065567666108,11.214635848999023,37700,0.0,0.0
2025-01-24 00:00:00-05:00,11.232226955365624,11.267410090340848,11.188247826938568,11.241022109985352,59600,0.0,0.0
2025-01-27 00:00:00-05:00,11.249818986736713,11.27620613033194,11.153065567666108,11.214635848999023,94800,0.0,0.0
2025-01-28 00:00:00-05:00,11.249820642045727,11.249820642045727,11.170658360779868,11.223433494567871,35900,0.0,0.0
2025-01-29 00:00:00-05:00,11.249818986736713,11.267410975021644,11.126677585238712,11.214635848999023,70700,0.0,0.0
2025-01-30 00:00:00-05:00,11.258614540100098,11.276205688864158,11.205839416143643,11.258614540100098,35400,0.0,0.0
2025-01-31 00:00:00-05:00,11.302594396087366,11.381755828857422,11.223432124485118,11.381755828857422,118800,0.0,0.0
2025-02-03 00:00:00-05:00,11.35537052154541,11.364166517331288,11.258617084397748,11.35537052154541,94000,0.0,0.0
2025-02-04 00:00:00-05:00,11.381755243038926,11.408143224769615,11.232227540725765,11.311388969421387,109600,0.0,0.0
2025-02-05 00:00:00-05:00,11.346572690237778,11.381755828857422,11.267411257467721,11.381755828857422,124200,0.0,0.0
2025-02-06 00:00:00-05:00,11.364166517331288,11.4521247975254,11.276208237137174,11.35537052154541,55800,0.0,0.0
2025-02-07 00:00:00-05:00,11.372962513117164,11.372962513117164,11.293800228708928,11.35537052154541,56900,0.0,0.0
2025-02-10 00:00:00-05:00,11.35536688701735,11.364162879987882,11.276204627946688,11.320183753967285,68000,0.0,0.0
2025-02-11 00:00:00-05:00,11.364164678963697,11.39934781758334,11.311389551618133,11.381755828857422,71400,0.0,0.0
2025-02-12 00:00:00-05:00,11.38175543036702,11.39934741847702,11.267410862980675,11.337777137756348,75000,0.0,0.0
2025-02-13 00:00:00-05:00,11.381755245717358,11.434530370359006,11.328980959907858,11.372960090637207,95300,0.0,0.0
2025-02-14 00:00:00-05:00,11.381755828857422,11.434530956202986,11.328981540344051,11.381755828857422,56200,0.0,0.0
2025-02-18 00:00:00-05:00,11.425734188546796,11.425734188546796,11.302593631128284,11.346571922302246,88200,0.0,0.0
2025-02-19 00:00:00-05:00,11.34657141199857,11.364163398742676,11.25861399477433,11.364163398742676,54000,0.0,0.0
2025-02-20 00:00:00-05:00,11.390550540026739,11.390550540026739,11.302593122802497,11.364163398742676,53500,0.0,0.0
2025-02-21 00:00:00-05:00,11.396954790618494,11.432404072814137,11.317194539561465,11.361505508422852,77500,0.097,0.0
2025-02-24 00:00:00-05:00,11.370366666995837,11.432402692051344,11.210844493793159,11.281743049621582,70200,0.0,0.0
2025-02-25 00:00:00-05:00,11.31719296614801,11.396953206116086,11.122221518589805,11.175395011901855,137200,0.0,0.0
2025-02-26 00:00:00-05:00,11.184257542513011,11.272881158269676,11.122221518589805,11.175395011901855,80300,0.0,0.0
2025-02-27 00:00:00-05:00,11.237433982139045,11.237433982139045,11.122223598184714,11.157672882080078,98100,0.0,0.0
2025-02-28 00:00:00-05:00,11.175396882578177,11.201984478862201,11.131085912459962,11.184259414672852,61700,0.0,0.0
2025-03-03 00:00:00-05:00,11.1931207407718,11.237432551293246,11.1931207407718,11.219707489013672,73600,0.0,0.0
2025-03-04 00:00:00-05:00,11.219707994943743,11.246294744384493,11.069048339483627,11.148809432983398,118600,0.0,0.0
2025-03-05 00:00:00-05:00,11.148806748423487,11.255154565756145,11.086770732940435,11.131082534790039,50400,0.0,0.0
2025-03-06 00:00:00-05:00,11.131084548898617,11.148808765739165,11.04246092916345,11.104496955871582,82100,0.0,0.0
2025-03-07 00:00:00-05:00,11.086771965026855,11.086771965026855,11.024735097472249,11.086771965026855,79700,0.0,0.0
2025-03-10 00:00:00-04:00,11.07791141350418,11.175396729679093,10.95383850140901,11.069048881530762,84200,0.0,0.0
2025-03-11 00:00:00-04:00,11.10449746078214,11.113359992194122,10.953837807488496,11.033598899841309,65000,0.0,0.0
2025-03-12 00:00:00-04:00,11.06018573639803,11.166534423828125,10.962700425627549,11.166534423828125,76800,0.0,0.0
2025-03-13 00:00:00-04:00,11.122224484128312,11.20198559054067,10.989289025048492,11.024738311767578,77800,0.0,0.0
2025-03-14 00:00:00-04:00,11.086772954460029,11.113359702826202,11.033598612550195,11.077910423278809,67300,0.0,0.0
2025-03-17 00:00:00-04:00,11.122224631586747,11.122224631586747,10.98928917074447,11.015876770019531,90900,0.0,0.0
2025-03-18 00:00:00-04:00,11.0424616484161,11.06018586641112,10.962700554494694,11.007012367248535,85600,0.0,0.0
2025-03-19 00:00:00-04:00,11.033599371413647,11.04246190320441,10.944976589038657,10.971563339233398,72600,0.0,0.0
2025-03-20 00:00:00-04:00,10.96269967528047,10.998148953604986,10.944975458706944,10.989286422729492,115000,0.0,0.0
2025-03-21 00:00:00-04:00,10.99815008942814,11.015875153009668,10.927251525457129,10.971563339233398,78900,0.0,0.0
2025-03-24 00:00:00-04:00,10.976917078863995,11.01261433558023,10.95906802496101,10.994765281677246,85000,0.086,0.0
2025-03-25 00:00:00-04:00,11.048311233520508,11.101856691311193,11.039386706858826,11.048311233520508,68000,0.0,0.0
2025-03-26 00:00:00-04:00,11.084009170532227,11.10185737386321,11.066160116111485,11.084009170532227,34600,0.0,0.0
2025-03-27 00:00:00-04:00,11.119707620110775,11.119707620110775,11.03938856878824,11.05723762512207,51900,0.0,0.0
2025-03-28 00:00:00-04:00,11.110781987334894,11.110781987334894,11.030462943997499,11.066160202026367,52100,0.0,0.0
2025-03-31 00:00:00-04:00,11.07508610995822,11.07508610995822,10.985843379305676,11.021540641784668,101200,0.0,0.0
2025-04-01 00:00:00-04:00,11.021540008828643,11.030463685618509,10.941220960091085,10.97691822052002,50100,0.0,0.0
2025-04-02 00:00:00-04:00,10.976917078863995,11.003689808628739,10.950144349099252,10.994765281677246,32100,0.0,0.0
2025-04-03 00:00:00-04:00,10.941220836887426,10.941220836887426,10.816280001248142,10.869826316833496,68700,0.0,0.0
2025-04-04 00:00:00-04:00,10.807356941682976,10.834130528657838,10.102335322053614,10.18265438079834,155200,0.0,0.0
2025-04-07 00:00:00-04:00,9.611496274431623,9.950619799292989,9.557949961980492,9.816755294799805,183000,0.0,0.0
2025-04-08 00:00:00-04:00,10.066636551100197,10.280820959405157,9.959544772492618,10.013091087341309,94300,0.0,0.0
2025-04-09 00:00:00-04:00,10.066636318322407,10.735960557459878,10.066636318322407,10.664566040039062,136100,0.0,0.0
2025-04-10 00:00:00-04:00,10.619941006531523,10.74488179935866,10.245119479139632,10.325438499450684,58700,0.0,0.0
2025-04-11 00:00:00-04:00,10.271894599141227,10.459305391041003,10.271894599141227,10.378986358642578,58400,0.0,0.0
2025-04-14 00:00:00-04:00,10.56640017876913,10.56640017876913,10.42361112517872,10.48608112335205,27800,0.0,0.0
2025-04-15 00:00:00-04:00,10.566399340711966,10.646718389758668,10.530702080145634,10.593172073364258,33700,0.0,0.0
2025-04-16 00:00:00-04:00,10.575323789565688,10.62886925446997,10.459307480819984,10.477155685424805,21800,0.0,0.0
2025-04-17 00:00:00-04:00,10.548547930674351,10.575321508441181,10.50392700324224,10.530699729919434,16000,0.0,0.0
2025-04-21 00:00:00-04:00,10.557474733871047,10.61102104986515,10.459307480819984,10.477155685424805,27400,0.0,0.0
2025-04-22 00:00:00-04:00,10.575323701709644,10.602096433939368,10.477155598384307,10.495004653930664,33900,0.0,0.0
2025-04-23 00:00:00-04:00,10.626257943943171,10.752119179036063,10.59029771353942,10.653228759765625,54700,0.086,0.0
2025-04-24 00:00:00-04:00,10.707169441403765,10.824040412902832,10.662218935848804,10.824040412902832,39600,0.0,0.0
2025-04-25 00:00:00-04:00,10.886972609471892,10.931923123297768,10.554340178935993,10.752121925354004,56100,0.0,0.0
2025-04-28 00:00:00-04:00,10.788081140333421,10.877982159446729,10.716160667986637,10.770100593566895,27000,0.0,0.0
2025-04-29 00:00:00-04:00,10.78808017484554,10.886970601132175,10.77908990226687,10.877981185913086,55600,0.0,0.0
2025-04-30 00:00:00-04:00,10.860001511155845,10.9139422935915,10.860001511155845,10.886971473693848,50200,0.0,0.0
2025-05-01 00:00:00-04:00,10.931922036050448,10.949902582736419,10.860001564025879,10.860001564025879,54700,0.0,0.0
2025-05-02 00:00:00-04:00,10.949902490945442,10.967882180121036,10.877982019523769,10.922931671142578,36900,0.0,0.0
2025-05-05 00:00:00-04:00,10.913942337036133,10.994852224972211,10.904952063701128,10.913942337036133,40300,0.0,0.0
2025-05-06 00:00:00-04:00,10.9139422935915,10.967882218667501,10.842021821917061,10.886971473693848,44000,0.0,0.0
2025-05-07 00:00:00-04:00,10.895959950974943,10.913940494609584,10.83302976297272,10.842020034790039,32900,0.0,0.0
2025-05-08 00:00:00-04:00,10.886971579960415,10.931922089535608,10.83303165435791,10.83303165435791,34900,0.0,0.0
2025-05-09 00:00:00-04:00,10.895959806242086,10.9858608085021,10.85999957680998,10.9768705368042,74200,0.0,0.0
2025-05-12 00:00:00-04:00,11.084752121899069,11.084752121899069,10.93192092010812,10.994851112365723,113500,0.0,0.0
2025-05-13 00:00:00-04:00,10.976870536985654,11.066771539247153,10.976870536985654,11.030811309814453,48400,0.0,0.0
2025-05-14 00:00:00-04:00,11.021822862257245,11.102733606211638,11.01283258907128,11.039802551269531,39300,0.0,0.0
2025-05-15 00:00:00-04:00,11.066773309848466,11.120713233947754,11.003842255253117,11.120713233947754,90000,0.0,0.0
2025-05-16 00:00:00-04:00,11.111722042645814,11.111722042645814,11.066772395397157,11.084752082824707,24700,0.0,0.0
2025-05-19 00:00:00-04:00,11.06677340004075,11.06677340004075,11.01283261814222,11.057783126831055,46700,0.0,0.0
2025-05-20 00:00:00-04:00,11.075763702392578,11.09374425025113,11.039803464035188,11.075763702392578,25800,0.0,0.0
2025-05-21 00:00:00-04:00,11.066771506581846,11.102731735908405,10.949900546930659,10.958889961242676,109700,0.0,0.0
2025-05-22 00:00:00-04:00,10.991485595703125,10.991485595703125,10.919054130776841,10.991485595703125,39500,0.086,0.0
2025-05-23 00:00:00-04:00,10.964323113843687,11.03675457853926,10.946215679395378,10.982431411743164,78300,0.0,0.0
2025-05-27 00:00:00-04:00,11.018647023259902,11.082024338310738,10.919053976258423,10.928107261657715,192400,0.0,0.0
2025-05-28 00:00:00-04:00,10.955269743376705,10.973377177684576,10.900945713550776,10.937161445617676,112900,0.0,0.0
2025-05-29 00:00:00-04:00,10.964323128590319,11.00959300994873,10.928107396193823,11.00959300994873,42300,0.0,0.0
2025-05-30 00:00:00-04:00,11.000538811094593,11.045808692247686,10.955269793392665,10.973377227783203,61800,0.0,0.0
2025-06-02 00:00:00-04:00,10.982431461397166,11.03675462843887,10.973377312406491,11.018647193908691,51200,0.0,0.0
2025-06-03 00:00:00-04:00,10.982431376704055,11.009592960015445,10.973377227783203,10.973377227783203,39700,0.0,0.0
2025-06-04 00:00:00-04:00,11.00959303020911,11.018647179187688,10.928107416304249,10.991485595703125,64500,0.0,0.0
2025-06-05 00:00:00-04:00,11.018646221547728,11.054861950863328,10.955268911108199,11.03675365447998,39700,0.0,0.0
2025-06-06 00:00:00-04:00,11.06391704026906,11.100132772665555,11.00959300994873,11.00959300994873,42600,0.0,0.0
2025-06-09 00:00:00-04:00,11.054861950863328,11.09107768017893,11.009592073356053,11.03675365447998,75100,0.0,0.0
2025-06-10 00:00:00-04:00,11.072969383795582,11.072969383795582,10.991484640423801,11.03675365447998,84800,0.0,0.0
2025-06-11 00:00:00-04:00,11.082023531987257,11.10918597656228,11.009592073356053,11.03675365447998,99600,0.0,0.0
2025-06-12 00:00:00-04:00,11.072972430775781,11.154458060021284,11.072972430775781,11.1091890335083,76200,0.0,0.0
2025-06-13 00:00:00-04:00,11.1091890335083,11.163512210704413,11.063919143543986,11.1091890335083,49300,0.0,0.0
2025-06-16 00:00:00-04:00,11.136349529104322,11.163511115036544,11.03675560826743,11.07297134399414,37800,0.0,0.0
2025-06-17 00:00:00-04:00,11.082025493788631,11.082025493788631,11.027702321924188,11.07297134399414,41900,0.0,0.0
2025-06-18 00:00:00-04:00,11.072971331690615,11.082025481475045,11.027702309670962,11.045809745788574,54700,0.0,0.0
2025-06-20 00:00:00-04:00,11.1091879431721,11.1091879431721,11.027702321924188,11.07297134399414,43000,0.0,0.0
2025-06-23 00:00:00-04:00,11.031034108628232,11.113082389757647,11.012800577651067,11.021917343139648,124700,0.084,0.0
2025-06-24 00:00:00-04:00,11.03103487305648,11.07661696481292,11.03103487305648,11.067501068115234,119500,0.0,0.0
2025-06-25 00:00:00-04:00,11.122200731575349,11.167783696056041,11.10396806743671,11.140434265136719,35300,0.0,0.0
2025-06-26 00:00:00-04:00,11.15866756439209,11.176901098991257,11.131318131916123,11.15866756439209,34700,0.0,0.0
2025-06-27 00:00:00-04:00,11.15866796182847,11.195134162902832,11.15866796182847,11.195134162902832,36200,0.0,0.0
2025-06-30 00:00:00-04:00,11.231600010361488,11.31364917755127,11.20425057777249,11.31364917755127,149700,0.0,0.0
2025-07-01 00:00:00-04:00,11.258948772878068,11.331881162758158,11.24983200678739,11.32276439666748,40600,0.0,0.0
2025-07-02 00:00:00-04:00,11.32276503214088,11.359231229127538,11.286298835154223,11.340997695922852,38800,0.0,0.0
2025-07-03 00:00:00-04:00,11.3227651575492,11.404814319033614,11.304531624142562,11.368348121643066,93800,0.0,0.0
2025-07-07 00:00:00-04:00,11.359231229127538,11.386580659511852,11.27718206855188,11.340997695922852,121100,0.0,0.0
2025-07-08 00:00:00-04:00,11.331881798743224,11.36834799572988,11.304531498936194,11.340997695922852,26000,0.0,0.0
2025-07-09 00:00:00-04:00,11.395696873079087,11.395696873079087,11.322764482645196,11.377463340759277,44600,0.0,0.0
2025-07-10 00:00:00-04:00,11.404814000120894,11.41393076656928,11.359231037301663,11.386580467224121,43400,0.0,0.0
2025-07-11 00:00:00-04:00,11.377465209611445,11.404815512583697,11.322766342512578,11.350115776062012,60300,0.0,0.0
2025-07-14 00:00:00-04:00,11.386580276469791,11.441280004821047,11.30453111865425,11.43216323852539,71400,0.0,0.0
2025-07-15 00:00:00-04:00,11.395697233672507,11.423046663594965,11.350114270853277,11.386580467224121,83900,0.0,0.0
2025-07-16 00:00:00-04:00,11.395696810544177,11.468629200577846,11.3865800444343,11.450396537780762,43700,0.0,0.0
2025-07-17 00:00:00-04:00,11.4139319253125,11.486864325458292,11.39569839056466,11.46863079071045,99800,0.0,0.0
2025-07-18 00:00:00-04:00,11.46862924368252,11.4868627759708,11.441279814672768,11.47774600982666,41400,0.0,0.0
2025-07-21 00:00:00-04:00,11.486862732797597,11.486862732797597,11.404813576654051,11.450396537780762,48600,0.0,0.0
2025-07-22 00:00:00-04:00,11.468630431333846,11.514213397352293,11.4230474653154,11.459513664245605,50800,0.0,0.0
2025-07-23 00:00:00-04:00,11.477747198422088,11.48686396551033,11.4230474653154,11.459513664245605,108200,0.0,0.0
2025-07-24 00:00:00-04:00,11.472362118365046,11.499895542373029,11.371405646821271,11.389760971069336,67100,0.084,0.0
2025-07-25 00:00:00-04:00,11.426472602104377,11.426472602104377,11.37140575357147,11.4172945022583,58000,0.0,0.0
2025-07-28 00:00:00-04:00,11.38058208982841,11.536606273946058,11.38058208982841,11.426471710205078,82500,0.0,0.0
2025-07-29 00:00:00-04:00,11.454007270299188,11.518253100927177,11.435651943885386,11.472363471984863,67900,0.0,0.0
2025-07-30 00:00:00-04:00,11.454006772390171,11.573319452344881,11.444829547218141,11.564142227172852,60100,0.0,0.0
2025-07-31 00:00:00-04:00,11.527431470199218,11.59167642705135,11.472363739131755,11.536608695983887,63800,0.0,0.0
2025-08-01 00:00:00-04:00,11.490718824606663,11.554963775215638,11.398939573503721,11.499896049499512,103100,0.0,0.0
2025-08-04 00:00:00-04:00,11.490719508166801,11.610031316317718,11.408118352314736,11.435651779174805,50300,0.0,0.0
2025-08-05 00:00:00-04:00,11.472363367802503,11.509074895568597,11.371406885263712,11.444829940795898,45500,0.0,0.0
2025-08-06 00:00:00-04:00,11.417295638517432,11.490719569321481,11.398940312270316,11.444829940795898,78300,0.0,0.0
2025-08-07 00:00:00-04:00,11.481541468561993,11.490719569321481,11.371406885263712,11.444829940795898,64300,0.0,0.0
2025-08-08 00:00:00-04:00,11.408118395559232,11.49071955172441,11.38058409332293,11.454007148742676,52400,0.0,0.0
2025-08-11 00:00:00-04:00,11.4172945022583,11.463184126216909,11.389761077991848,11.4172945022583,45700,0.0,0.0
2025-08-12 00:00:00-04:00,11.44482880179653,11.463184126216909,11.33469422945894,11.4172945022583,58000,0.0,0.0
2025-08-13 00:00:00-04:00,11.454006043065238,11.49989566709073,11.380582994733162,11.408117294311523,54000,0.0,0.0
2025-08-14 00:00:00-04:00,11.408118186942342,11.454006939286632,11.38976198578715,11.398940086364746,56300,0.0,0.0
2025-08-15 00:00:00-04:00,11.444827908464429,11.481539429711422,11.408116387217436,11.426471710205078,37900,0.0,0.0
2025-08-18 00:00:00-04:00,11.444828694357065,11.46318401860513,11.389760971069336,11.389760971069336,38900,0.0,0.0
2025-08-19 00:00:00-04:00,11.4172945188992,11.44482881847756,11.408117294311523,11.408117294311523,58200,0.0,0.0
2025-08-20 00:00:00-04:00,11.435650701950454,11.435650701950454,11.33469422945894,11.4172945022583,120700,0.0,0.0
2025-08-21 00:00:00-04:00,11.417294395077317,11.426472494837233,11.362227547061355,11.389760971069336,32900,0.0,0.0
2025-08-22 00:00:00-04:00,11.448901832057167,11.448901832057167,11.36573775753765,11.40269947052002,89700,0.084,0.0
2025-08-25 00:00:00-04:00,11.439659959334776,11.46738102079591,11.40269825030771,11.45814037322998,40400,0.0,0.0
2025-08-26 00:00:00-04:00,11.46738162246038,11.559786340494611,11.46738162246038,11.550545692443848,69300,0.0,0.0
2025-08-27 00:00:00-04:00,11.559785842895508,11.587506904617824,11.49510219056122,11.559785842895508,75400,0.0,0.0
2025-08-28 00:00:00-04:00,11.596747895851573,11.596747895851573,11.495102531130494,11.587507247924805,61800,0.0,0.0
2025-08-29 00:00:00-04:00,11.522824629528259,11.5875074034102,11.43966055954479,11.550545692443848,235300,0.0,0.0
2025-09-02 00:00:00-04:00,11.541305044393084,11.578266755359437,11.522824629528259,11.550545692443848,39700,0.0,0.0
2025-09-03 00:00:00-04:00,11.550544281565589,11.56902557540966,11.504341928192009,11.541303634643555,43000,0.0,0.0
2025-09-04 00:00:00-04:00,11.550545692443848,11.569026988545374,11.46738162246038,11.550545692443848,65900,0.0,0.0
2025-09-05 00:00:00-04:00,11.587507589593104,11.642950597551817,11.495102870074154,11.615228652954102,130800,0.0,0.0
2025-09-08 00:00:00-04:00,11.633709762427316,11.642950410478079,11.504343333426732,11.550545692443848,135800,0.0,0.0
2025-09-09 00:00:00-04:00,11.550545890403345,11.550545890403345,11.4766224672037,11.495102882385254,66000,0.0,0.0
2025-09-10 00:00:00-04:00,11.532062987721519,11.587505988017135,11.485861515584531,11.541303634643555,152000,0.0,0.0
2025-09-11 00:00:00-04:00,11.541304051579592,11.596747053878117,11.504342343792784,11.569025993347168,142300,0.0,0.0
2025-09-12 00:00:00-04:00,11.596748208069448,11.596748208069448,11.495102840611782,11.51358413696289,59400,0.0,0.0
2025-09-15 00:00:00-04:00,11.504343488787336,11.642950567710505,11.448901362207438,11.51358413696289,162900,0.0,0.0
2025-09-16 00:00:00-04:00,11.504344260425556,11.504344260425556,11.430420832536237,11.448902130126953,35400,0.0,0.0
2025-09-17 00:00:00-04:00,11.504344260425556,11.504344260425556,11.39345911859158,11.448902130126953,72000,0.0,0.0
2025-09-18 00:00:00-04:00,11.430419465439185,11.448900760819507,11.402698403605369,11.421178817749023,56600,0.0,0.0
2025-09-19 00:00:00-04:00,11.421178817749023,11.458140527273,11.328774984557414,11.421178817749023,30900,0.0,0.0
2025-09-22 00:00:00-04:00,11.43965988186658,11.43965988186658,11.328774755536289,11.374977111816406,47600,0.0,0.0
2025-09-23 00:00:00-04:00,11.357303455854643,11.431716511312159,11.310795074425299,11.385208129882812,99400,0.081,0.0
2025-09-24 00:00:00-04:00,11.348001194186493,11.366604900918853,11.310794667795333,11.338699340820312,74200,0.0,0.0
2025-09-25 00:00:00-04:00,11.338701130652945,11.38520951775171,11.273589920958893,11.301494598388672,55600,0.0,0.0
2025-09-26 00:00:00-04:00,11.264286628136833,11.338699683165883,11.152667045593262,11.152667045593262,88900,0.0,0.0
2025-09-29 00:00:00-04:00,11.115460233158812,11.20847699309764,11.115460233158812,11.143364906311035,88600,0.0,0.0
2025-09-30 00:00:00-04:00,11.106158948638722,11.180572892645614,11.09685798182727,11.161969184875488,85100,0.0,0.0
2025-10-01 00:00:00-04:00,11.11546264055722,11.143367319753066,11.050351426742326,11.059653282165527,132200,0.0,0.0
2025-10-02 00:00:00-04:00,11.003839905054187,11.087554805890582,11.003839905054187,11.050348281860352,121600,0.0,0.0
2025-10-03 00:00:00-04:00,11.068952725277503,11.115461108911166,11.013143374576014,11.041048049926758,113100,0.0,0.0
2025-10-06 00:00:00-04:00,11.07825525077096,11.07825525077096,10.957333800824943,11.031746864318848,120000,0.0,0.0
2025-10-07 00:00:00-04:00,11.096858243174575,11.124762918413348,11.059651713831666,11.106159210205078,101300,0.0,0.0
2025-10-08 00:00:00-04:00,11.199175999452185,11.199175999452185,11.115461086495142,11.171271324157715,110800,0.0,0.0
2025-10-09 00:00:00-04:00,11.13406314763195,11.171269671545005,11.031744541565924,11.115459442138672,233000,0.0,0.0
2025-10-10 00:00:00-04:00,11.078254380229797,11.11546090905302,10.90152359008789,10.90152359008789,101600,0.0,0.0
2025-10-13 00:00:00-04:00,11.013142299705777,11.050348825566667,10.92012554151678,11.003840446472168,56900,0.0,0.0
2025-10-14 00:00:00-04:00,10.994540381205754,11.041048767863595,10.882920785471153,10.966635704040527,75100,0.0,0.0
2025-10-15 00:00:00-04:00,10.938729571966963,11.041047299346463,10.92942771845785,10.948031425476074,53200,0.0,0.0
2025-10-16 00:00:00-04:00,10.957334168073725,10.975937878107572,10.836412714074873,10.845714569091797,101300,0.0,0.0
2025-10-17 00:00:00-04:00,10.855014103778688,10.855014103778688,10.761997347639825,10.799203872680664,50600,0.0,0.0
2025-10-20 00:00:00-04:00,10.799204607334865,10.817808314657631,10.771299933424304,10.78990364074707,83100,0.0,0.0
2025-10-21 00:00:00-04:00,10.827112144785874,10.901525213513715,10.808508434067038,10.892223358154297,44900,0.0,0.0
2025-10-22 00:00:00-04:00,10.929427556192632,10.985237789345131,10.882919176411143,10.975935935974121,61000,0.0,0.0
2025-10-23 00:00:00-04:00,10.948032833193471,11.041048719024008,10.948032833193471,11.031746864318848,55400,0.0,0.0
2025-10-24 00:00:00-04:00,11.03268175108092,11.107606514949063,11.03268175108092,11.088875770568848,49000,0.081,0.0
2025-10-27 00:00:00-04:00,11.088877027610684,11.098242847449328,10.995220615571737,11.013952255249023,76300,0.0,0.0
2025-10-28 00:00:00-04:00,11.060780309456188,11.116973441369296,11.032682850325905,11.051414489746094,54600,0.0,0.0
2025-10-29 00:00:00-04:00,11.088875325823638,11.088875325823638,10.985853109756658,11.023316383361816,108200,0.0,0.0
2025-10-30 00:00:00-04:00,10.948391246226086,11.107606593870553,10.948391246226086,11.004585266113281,68100,0.0,0.0
2025-10-31 00:00:00-04:00,11.051415228294982,11.09824343680118,10.967124631618582,11.042049407958984,62700,0.0,0.0
2025-11-03 00:00:00-05:00,11.051413990701214,11.079510555389021,10.976489222751267,10.985854148864746,63000,0.0,0.0
2025-11-04 00:00:00-05:00,10.995220464659257,11.088876875412742,10.967123898702702,11.051414489746094,73600,0.0,0.0
2025-11-05 00:00:00-05:00,11.013950564960528,11.079509507422348,10.957756547726392,11.023316383361816,51800,0.0,0.0
2025-11-06 00:00:00-05:00,11.079511207772041,11.079511207772041,10.995220615571737,11.013952255249023,47100,0.0,0.0
2025-11-07 00:00:00-05:00,11.04204882159121,11.051414641429854,10.96712404922955,11.013952255249023,97700,0.0,0.0
2025-11-10 00:00:00-05:00,11.042049407958984,11.079511796129186,10.995221199452786,11.042049407958984,81000,0.0,0.0
2025-11-11 00:00:00-05:00,11.070145606994629,11.088877247042586,11.051414860120431,11.070145606994629,63800,0.0,0.0
2025-11-12 00:00:00-05:00,11.107605777337358,11.145068156783704,11.079509216045995,11.098240852355957,83500,0.0,0.0
2025-11-13 00:00:00-05:00,11.060779571533203,11.154435082864707,11.060779571533203,11.060779571533203,71900,0.0,0.0
2025-11-14 00:00:00-05:00,11.051413752447953,11.135704337867875,11.032682114277451,11.060779571533203,35700,0.0,0.0
2025-11-17 00:00:00-05:00,11.02331749265315,11.098242261056042,10.995220034621797,11.032682418823242,97000,0.0,0.0
2025-11-18 00:00:00-05:00,10.957757733782712,11.051414141585674,10.948391914367676,10.948391914367676,120800,0.0,0.0
2025-11-19 00:00:00-05:00,10.985854364854868,11.042048388508986,10.910929595431845,10.995220184326172,115800,0.0,0.0
2025-11-20 00:00:00-05:00,11.005594448426088,11.043317100973555,10.892426490783691,10.892426490783691,92000,0.081,0.0
2025-11-21 00:00:00-05:00,10.89242541636362,10.967870714016689,10.864133654588443,10.958439826965332,80800,0.0,0.0
2025-11-24 00:00:00-05:00,10.958440718832415,11.005594258547958,10.864134538780295,10.986732482910156,48800,0.0,0.0
2025-11-25 00:00:00-05:00,11.015024945651435,11.203638201697737,11.015024945651435,11.13762378692627,67000,0.0,0.0
2025-11-26 00:00:00-05:00,11.15648542811243,11.231930735706067,11.137624550903526,11.22249984741211,81700,0.0,0.0
2025-11-28 00:00:00-05:00,11.241361624000024,11.297945155005747,11.184777193615291,11.22249984741211,44900,0.0,0.0
2025-12-01 00:00:00-05:00,11.222497098324238,11.222497098324238,11.109329164655652,11.175344467163086,127000,0.0,0.0
2025-12-02 00:00:00-05:00,11.128192899279217,11.184776426403634,11.090470248069956,11.13762378692627,81800,0.0,0.0
2025-12-03 00:00:00-05:00,11.062177589769286,11.175346442823487,11.062177589769286,11.118762016296387,75600,0.0,0.0
2025-12-04 00:00:00-05:00,11.15648454067111,11.194207191467285,11.118761889874937,11.194207191467285,68200,0.0,0.0
2025-12-05 00:00:00-05:00,11.147054599767499,11.203639030456543,11.099901956802146,11.203639030456543,61700,0.0,0.0
2025-12-08 00:00:00-05:00,11.175346376792062,11.241360791201165,11.09047018719239,11.165915489196777,74400,0.0,0.0
2025-12-09 00:00:00-05:00,11.165913581179339,11.213067111719281,11.147051809211847,11.175344467163086,72000,0.0,0.0
2025-12-10 00:00:00-05:00,11.156484601601493,11.222499016010598,11.156484601601493,11.165915489196777,62900,0.0,0.0
2025-12-11 00:00:00-05:00,11.099901079329067,11.194207257183665,11.099901079329067,11.147053718566895,115200,0.0,0.0
2025-12-12 00:00:00-05:00,11.147053718566895,11.184776369584522,11.137623730346695,11.147053718566895,39600,0.0,0.0
2025-12-15 00:00:00-05:00,11.147055688111784,11.184778345794532,10.430325192139568,11.128194808959961,84300,0.0,0.0
2025-12-16 00:00:00-05:00,11.128192970260283,11.128192970260283,10.911287049889292,11.071608543395996,30200,0.0,0.0
2025-12-17 00:00:00-05:00,11.071609557878412,11.128193989927485,11.024456014400691,11.052748680114746,40500,0.0,0.0
2025-12-18 00:00:00-05:00,11.043316902913427,11.10933131884279,10.967871599171595,11.01502513885498,68700,0.0,0.0
2025-12-19 00:00:00-05:00,11.043316841125488,11.081039492785344,10.930148886145922,11.043316841125488,56900,0.0,0.0
2025-12-22 00:00:00-05:00,11.052746710591219,11.156483768253745,11.033884936809555,11.099900245666504,98500,0.0,0.0
2025-12-23 00:00:00-05:00,11.063782731403826,11.187347420304977,11.063782731403826,11.073287010192871,140700,0.092,0.0
2025-12-24 00:00:00-05:00,11.073286318275017,11.111306150448584,11.06378204007985,11.101801872253418,31300,0.0,0.0
2025-12-26 00:00:00-05:00,11.139821482778869,11.225366330083393,11.120811113838183,11.196850776672363,33300,0.0,0.0
2025-12-29 00:00:00-05:00,11.139821919156653,11.158831382377711,11.073286531722157,11.130316734313965,101400,0.0,0.0
2025-12-30 00:00:00-05:00,11.120811676074524,11.177841879315585,11.101802212637056,11.14932632446289,111300,0.0,0.0
2025-12-31 00:00:00-05:00,11.1416634182672,11.189564131124914,11.10334303070705,11.170403480529785,144500,0.092,0.0
2026-01-02 00:00:00-05:00,11.141662440471555,11.151242764928348,11.055441347620482,11.103342056274414,80800,0.0,0.0
2026-01-05 00:00:00-05:00,11.122502390044707,11.189563751220703,11.084182003785598,11.189563751220703,62500,0.0,0.0
2026-01-06 00:00:00-05:00,11.189562887370897,11.199142297973573,11.112922120769452,11.160821914672852,110200,0.0,0.0
2026-01-07 00:00:00-05:00,11.179982563138216,11.189562887370897,11.112922120769452,11.160821914672852,88300,0.0,0.0
2026-01-08 00:00:00-05:00,11.170402969752514,11.218303680419922,11.093762198136687,11.218303680419922,55000,0.0,0.0
2026-01-09 00:00:00-05:00,11.179984092712402,11.227884806799276,11.141663704168929,11.179984092712402,83400,0.0,0.0
2026-01-12 00:00:00-05:00,11.179983008025605,11.218303392851219,11.141662623199993,11.208723068237305,77000,0.0,0.0
2026-01-13 00:00:00-05:00,11.218302597770036,11.27578362774959,11.179982215660324,11.247042655944824,65000,0.0,0.0
2026-01-14 00:00:00-05:00,11.218303262062111,11.247043321938744,11.218303262062111,11.237462997436523,24200,0.0,0.0
2026-01-15 00:00:00-05:00,11.237463128449004,11.25662377767683,11.18956333263952,11.208723068237305,44100,0.0,0.0
2026-01-16 00:00:00-05:00,11.208723068237305,11.208723068237305,11.170402683411691,11.208723068237305,28100,0.0,0.0
2026-01-20 00:00:00-05:00,11.141663837854832,11.21830461586137,11.132083512196479,11.151244163513184,62100,0.0,0.0
2026-01-21 00:00:00-05:00,11.199143830169074,11.25662486979935,11.179984092712402,11.179984092712402,52000,0.0,0.0
2026-01-22 00:00:00-05:00,11.227884005279416,11.227884005279416,11.170402969752514,11.218303680419922,75100,0.0,0.0
2026-01-23 00:00:00-05:00,11.247043005506978,11.247043005506978,11.12250153137213,11.160821914672852,57100,0.0,0.0
2026-01-26 00:00:00-05:00,11.199142559952254,11.199142559952254,11.08418140736083,11.103342056274414,58700,0.0,0.0
2026-01-27 00:00:00-05:00,11.08418169434252,11.141662728941492,11.065021958562896,11.112922668457031,93100,0.0,0.0
2026-01-28 00:00:00-05:00,11.08418169434252,11.160822464721116,11.08418169434252,11.112922668457031,128700,0.0,0.0
2026-01-29 00:00:00-05:00,11.084182072734222,11.112923047829893,11.026701949803046,11.093762397766113,103600,0.0,0.0
2026-01-30 00:00:00-05:00,11.074601969797987,11.132082089139919,11.017120936826032,11.03628158569336,182500,0.0,0.0
2026-02-02 00:00:00-05:00,11.036283206700194,11.065023270592494,10.997961903336916,11.026702880859375,121600,0.0,0.0
2026-02-03 00:00:00-05:00,11.045862044233585,11.055442369575974,10.95006153170003,11.00754165649414,88200,0.0,0.0
2026-02-04 00:00:00-05:00,10.978800996845077,10.978800996845077,10.902160225535484,10.921319961547852,68700,0.0,0.0
2026-02-05 00:00:00-05:00,10.902160622882704,10.902160622882704,10.835100173950195,10.835100173950195,63900,0.0,0.0
2026-02-06 00:00:00-05:00,10.835099090467969,10.892579208482227,10.835099090467969,10.863839149475098,32900,0.0,0.0
2026-02-09 00:00:00-05:00,10.83510040047137,10.863840462953279,10.777619361877441,10.777619361877441,165000,0.0,0.0
2026-02-10 00:00:00-05:00,10.815938413638477,10.815938413638477,10.758457382145172,10.796778678894043,144400,0.0,0.0
2026-02-11 00:00:00-05:00,10.80635808945126,10.863839120944565,10.796778678894043,10.796778678894043,119300,0.0,0.0
2026-02-12 00:00:00-05:00,10.835099730647787,10.84467914179615,10.777618695607323,10.787199020385742,123600,0.0,0.0
2026-02-13 00:00:00-05:00,10.787197938088976,10.844678053732311,10.787197938088976,10.815937995910645,75500,0.0,0.0
2026-02-17 00:00:00-05:00,10.825520075100698,10.825520075100698,10.768039036506767,10.777619361877441,68700,0.0,0.0
2026-02-18 00:00:00-05:00,10.787199020385742,10.835099730647787,10.768038370828902,10.787199020385742,190300,0.0,0.0
2026-02-19 00:00:00-05:00,10.748879432678223,10.796780146495433,10.748879432678223,10.748879432678223,69200,0.0,0.0
2026-02-20 00:00:00-05:00,10.779787849167432,10.818425045282664,10.68319531947106,10.692853927612305,289000,0.092,0.0
2026-02-23 00:00:00-05:00,10.663875612344782,10.683194669819304,10.605919361104581,10.625238418579102,132900,0.0,0.0
2026-02-24 00:00:00-05:00,10.596260515570927,10.625238179948543,10.586600987050609,10.615578651428223,63000,0.0,0.0
2026-02-25 00:00:00-05:00,10.644558706233957,10.65421731490409,10.557624779918473,10.596261978149414,190600,0.0,0.0
2026-02-26 00:00:00-05:00,10.557623386075113,10.615578715178383,10.52864480034013,10.538304328918457,242200,0.0,0.0
2026-02-27 00:00:00-05:00,10.53830559302613,10.586602320527788,10.461031197496863,10.470690727233887,86200,0.0,0.0
2026-03-02 00:00:00-05:00,10.403075660909916,10.470690525398805,10.354778934339237,10.422393798828125,126400,0.0,0.0
2026-03-03 00:00:00-05:00,10.354778256558976,10.42239311662208,10.335459198721873,10.393415451049805,88300,0.0,0.0
2026-03-04 00:00:00-05:00,10.316141264599263,10.547964436095485,10.316141264599263,10.441712379455566,187500,0.0,0.0
2026-03-05 00:00:00-05:00,10.441712174459184,10.47068984003146,10.354778256558976,10.393415451049805,126300,0.0,0.0
2026-03-06 00:00:00-05:00,10.374097779143284,10.432054039213899,10.16159364164587,10.171252250671387,265400,0.0,0.0
2026-03-09 00:00:00-04:00,10.1036366350099,10.219548225402832,10.026362241414613,10.219548225402832,163900,0.0,0.0
2026-03-10 00:00:00-04:00,10.17125149910992,10.316141677988659,10.122954772817005,10.219548225402832,102200,0.0,0.0
2026-03-11 00:00:00-04:00,10.287163219796126,10.34511947631836,10.171251627935101,10.34511947631836,167800,0.0,0.0
2026-03-12 00:00:00-04:00,10.29682346287763,10.374097862805966,10.28716393259071,10.335460662841797,103300,0.0,0.0
2026-03-13 00:00:00-04:00,10.335461217096228,10.345120747901154,10.229209141792717,10.277505874633789,65600,0.0,0.0
2026-03-16 00:00:00-04:00,10.093975897143306,10.267843722510333,10.045679176632095,10.24852466583252,107400,0.0,0.0
2026-03-17 00:00:00-04:00,10.219548866097039,10.306482794637745,10.219548866097039,10.287163734436035,48800,0.0,0.0
2026-03-18 00:00:00-04:00,10.3161423247386,10.335460463756815,10.258186065316965,10.287163734436035,27500,0.0,0.0
2026-03-19 00:00:00-04:00,10.258185624123184,10.296822821681365,10.23886748593582,10.267845153808594,35500,0.0,0.0
2026-03-20 00:00:00-04:00,10.209887473660215,10.29682138634373,10.171250281487913,10.24852466583252,95000,0.0,0.0
2026-03-23 00:00:00-04:00,10.258186813023936,10.3837579499373,10.24852728221901,10.277505874633789,49400,0.0,0.0
2026-03-24 00:00:00-04:00,10.170547305414354,10.306673510896719,10.160823806319062,10.27750301361084,89000,0.07,0.0
2026-03-25 00:00:00-04:00,10.277504102426212,10.45252339554766,10.267781529584806,10.40390682220459,101800,0.0,0.0
2026-03-26 00:00:00-04:00,10.345566420803948,10.42335255780155,10.238609786969322,10.326119422912598,190500,0.0,0.0
2026-03-27 00:00:00-04:00,10.24833312261512,10.335842757163995,10.21916355352679,10.31639575958252,137700,0.0,0.0
2026-03-30 00:00:00-04:00,10.37473711262297,10.37473711262297,10.228888321796548,10.335844039916992,198400,0.0,0.0
2026-03-31 00:00:00-04:00,10.326120010747246,10.627542004234916,10.306673939032788,10.598371505737305,101800,0.0,0.0
2026-04-01 00:00:00-04:00,10.578926877596066,10.666436530462345,10.481693723903742,10.56920337677002,89400,0.0,0.0
2026-04-02 00:00:00-04:00,10.491416304113615,10.617819021908238,10.277503941131641,10.452523231506348,47400,0.0,0.0
2026-04-06 00:00:00-04:00,10.481692640175131,10.530309211994705,10.355289924357836,10.44279956817627,60800,0.0,0.0
2026-04-07 00:00:00-04:00,10.471969604492188,10.530308746268313,10.39418253665079,10.471969604492188,38500,0.0,0.0
2026-04-08 00:00:00-04:00,10.646988404511285,10.656711904310551,10.54003268857128,10.617818832397461,37400,0.0,0.0
2026-04-09 00:00:00-04:00,10.656712068290208,10.656712068290208,10.54003285075554,10.627542495727539,83200,0.0,0.0
2026-04-10 00:00:00-04:00,10.57892529670855,10.66643493649761,10.510862655665475,10.588648796081543,93500,0.0,0.0
2026-04-13 00:00:00-04:00,10.608094215393066,10.646987283210084,10.510862009492465,10.608094215393066,50200,0.0,0.0
2026-04-14 00:00:00-04:00,10.685882105875512,10.70532910661957,10.627542958211402,10.656712532043457,50900,0.0,0.0
2026-04-15 00:00:00-04:00,10.656711879086453,10.705328450683737,10.646988379310201,10.67615795135498,56100,0.0,0.0
2026-04-16 00:00:00-04:00,10.637264093008197,10.744220728070578,10.608094523120233,10.685880661010742,62300,0.0,0.0
2026-04-17 00:00:00-04:00,10.744220247700378,10.81228288349054,10.69560368187146,10.77338981628418,36900,0.0,0.0
2026-04-20 00:00:00-04:00,10.812284168891715,10.851177240721816,10.783114596840134,10.792838096618652,51500,0.0,0.0
2026-04-21 00:00:00-04:00,10.841453269515009,10.841453269515009,10.666434917532019,10.705327987670898,49700,0.0,0.0
2026-04-22 00:00:00-04:00,10.744220728070578,10.744220728070578,10.646987592065488,10.685880661010742,39600,0.0,0.0
2026-04-23 00:00:00-04:00,10.68588174790887,10.74459486086844,10.617382805046667,10.627167701721191,92300,0.07,0.0
2026-04-24 00:00:00-04:00,10.68588174790887,10.74459486086844,10.57824041866425,10.627167701721191,63900,0.0,0.0
2026-04-27 00:00:00-04:00,10.676096140470312,10.715238527668362,10.597811366074213,10.66631031036377,61700,0.0,0.0
2026-04-28 00:00:00-04:00,10.656524658203125,10.71523776822484,10.568454059942495,10.656524658203125,49800,0.0,0.0
2026-04-29 00:00:00-04:00,10.588024785540382,10.685881213213984,10.548882401116552,10.656524658203125,50200,0.0,0.0
2026-04-30 00:00:00-04:00,10.64673931790036,10.793523032925934,10.627167658175296,10.783738136291504,57600,0.0,0.0
2026-05-01 00:00:00-04:00,10.76416647656644,10.813094692651,10.744594816841376,10.783738136291504,45600,0.0,0.0
2026-05-04 00:00:00-04:00,10.75438037809825,10.813094422578876,10.685881437227586,10.695667266845703,50900,0.0,0.0
2026-05-05 00:00:00-04:00,10.71523799285386,10.71523799285386,10.685881437227586,10.695667266845703,160200,0.0,0.0
2026-05-06 00:00:00-04:00,10.71523799285386,10.783737866952603,10.685881437227586,10.695667266845703,86500,0.0,0.0
2026-05-07 00:00:00-04:00,10.744595084759867,10.744595084759867,10.66631031036377,10.66631031036377,52900,0.0,0.0
2026-05-08 00:00:00-04:00,10.666309404344151,10.744594172090572,10.656524508296883,10.715237617492676,99300,0.0,0.0
2026-05-11 00:00:00-04:00,10.715238170798848,10.715238170798848,10.64673922879064,10.685881614685059,33600,0.0,0.0
2026-05-12 00:00:00-04:00,10.636952999377183,10.685881213213984,10.636952999377183,10.656524658203125,40900,0.0,0.0
2026-05-13 00:00:00-04:00,10.66631031036377,10.715238527668362,10.65652541348535,10.66631031036377,105800,0.0,0.0
2026-05-14 00:00:00-04:00,10.666309777991351,10.725023822471977,10.636953222365078,10.695667266845703,60100,0.0,0.0
2026-05-15 00:00:00-04:00,10.66631031036377,10.715238527668362,10.66631031036377,10.66631031036377,65000,0.0,0.0
2026-05-18 00:00:00-04:00,10.666310866177406,10.676096696793882,10.627168476939676,10.636954307556152,37600,0.0,0.0
2026-05-19 00:00:00-04:00,10.627166521439456,10.676094732290403,10.568453415000718,10.588024139404297,53600,0.0,0.0
2026-05-20 00:00:00-04:00,10.62716792316572,10.685881970576856,10.62716792316572,10.66631031036377,81100,0.0,0.0
2026-05-21 00:00:00-04:00,10.636763540526767,10.735251526532569,10.587519077893864,10.656460762023926,39900,0.07,0.0
2026-05-22 00:00:00-04:00,10.666309824667092,10.725403367580316,10.656460744304889,10.676158905029297,29200,0.0,0.0
2026-05-26 00:00:00-04:00,10.764799677250103,10.764799677250103,10.666310743662384,10.695857048034668,58900,0.0,0.0
2026-05-27 00:00:00-04:00,10.686008886721293,10.735252414165842,10.686008886721293,10.715555191040039,24300,0.0,0.0
2026-05-28 00:00:00-04:00,10.695856975771067,10.76479960452071,10.695856975771067,10.754950523376465,30600,0.0,0.0
2026-05-29 00:00:00-04:00,10.735251894320612,10.764799136468639,10.70570559143262,10.745100975036621,44000,0.0,0.0
2026-06-01 00:00:00-04:00,10.715555210456245,10.754950596039315,10.686008906083961,10.695857048034668,62800,0.0,0.0
2026-06-02 00:00:00-04:00,10.686008906083961,10.73525243361774,10.676159824873173,10.695857048034668,85300,0.0,0.0
2026-06-03 00:00:00-04:00,10.68600845336914,10.745101059610237,10.646613069455062,10.68600845336914,84700,0.0,0.0
2026-06-04 00:00:00-04:00,10.656461229553083,10.705705694346479,10.656461229553083,10.66631031036377,89200,0.0,0.0
2026-06-05 00:00:00-04:00,10.636764058885896,10.695856665517125,10.626914978027344,10.626914978027344,88100,0.0,0.0
2026-06-08 00:00:00-04:00,10.626914460148186,10.705705224656828,10.577669997515283,10.656460762023926,24800,0.0,0.0
2026-06-09 00:00:00-04:00,10.656460762023926,10.705705224656828,10.646612620905346,10.656460762023926,39300,0.0,0.0
2026-06-10 00:00:00-04:00,10.617065845570373,10.705705694346479,10.617065845570373,10.66631031036377,48000,0.0,0.0
2026-06-11 00:00:00-04:00,10.656460762023926,10.705705224656828,10.646612620905346,10.656460762023926,37200,0.0,0.0
2026-06-12 00:00:00-04:00,10.666309842402507,10.705705224656828,10.656460762023926,10.656460762023926,32400,0.0,0.0
2026-06-15 00:00:00-04:00,10.6860079853915,10.715554287218113,10.676158905029297,10.676158905029297,32400,0.0,0.0
2026-06-16 00:00:00-04:00,10.68600845336914,10.705705675696159,10.676159372575611,10.68600845336914,27900,0.0,0.0
2026-06-17 00:00:00-04:00,10.676158905029297,10.725403367580316,10.666309824667092,10.676158905029297,88900,0.0,0.0
2026-06-18 00:00:00-04:00,10.676160290713016,10.705706596374512,10.676160290713016,10.705706596374512,46700,0.0,0.0
2026-06-22 00:00:00-04:00,10.745101007937862,10.745101007937862,10.686008401980938,10.725403785705566,33400,0.0,0.0
2026-06-23 00:00:00-04:00,10.707540893459553,10.747235168602494,10.687694229081167,10.737311363220215,15100,0.082,0.0
2026-06-24 00:00:00-04:00,10.737311240841018,10.74723504611019,10.707540771419666,10.727388381958008,33200,0.0,0.0
2026-06-25 00:00:00-04:00,10.777005897949696,10.786929703571008,10.717464956994203,10.757159233093262,28100,0.0,0.0
2026-06-26 00:00:00-04:00,10.757159103658644,10.76708290916055,10.717464828037203,10.747235298156738,20700,0.0,0.0
2026-06-29 00:00:00-04:00,10.747235678119935,10.796853760997505,10.71746520694788,10.777006149291992,52900,0.0,0.0
2026-06-30 00:00:00-04:00,10.747234985809428,10.806776870704212,10.747234985809428,10.796853065490723,57800,0.0,0.0
2026-07-01 00:00:00-04:00,10.816699729531548,10.816699729531548,10.767082596236406,10.796853065490723,48000,0.0,0.0
2026-07-02 00:00:00-04:00,10.777006149291992,10.836548038022318,10.757159483972693,10.777006149291992,23700,0.0,0.0
2026-07-06 00:00:00-04:00,10.816699729531548,10.816699729531548,10.757158791022917,10.796853065490723,55200,0.0,0.0
2026-07-07 00:00:00-04:00,10.806776931339053,10.806776931339053,10.499145592697884,10.727388381958008,106700,0.0,0.0
2026-07-08 00:00:00-04:00,10.757159103658644,10.757159103658644,10.717464828037203,10.747235298156738,77500,0.0,0.0
2026-07-09 00:00:00-04:00,10.727388762615515,10.757159233093262,10.727388762615515,10.757159233093262,53500,0.0,0.0
2026-07-10 00:00:00-04:00,10.747235298156738,10.806777184781991,10.717464828037203,10.747235298156738,72400,0.0,0.0
2026-07-13 00:00:00-04:00,10.7174654006958,10.77700634411628,10.707541594663644,10.7174654006958,85500,0.0,0.0
2026-07-14 00:00:00-04:00,10.707541022535297,10.76708290916055,10.707541022535297,10.747235298156738,70700,0.0,0.0
2026-07-15 00:00:00-04:00,10.727388633539109,10.757159103658644,10.727388633539109,10.747235298156738,31600,0.0,0.0
2026-07-16 00:00:00-04:00,10.727388381958008,10.74723504611019,10.707540771419666,10.727388381958008,50700,0.0,0.0
2026-07-17 00:00:00-04:00,10.697616889418244,10.707540694616233,10.647998809814453,10.647998809814453,78800,0.0,0.0
2026-07-20 00:00:00-04:00,10.647999068808764,10.687694290566236,10.598381934384273,10.6678466796875,39900,0.0,0.0
2026-07-21 00:00:00-04:00,10.657922691459973,10.76708265664853,10.657922691459973,10.727388381958008,111900,0.0,0.0
2026-07-22 00:00:00-04:00,10.727389206727958,10.737312066373883,10.687694928985561,10.7174654006958,55700,0.0,0.0
2026-07-23 00:00:00-04:00,10.697616889418244,10.707540694616233,10.638075951002618,10.647998809814453,63000,0.0,0.0
2026-07-24 00:00:00-04:00,10.649999618530273,10.720000267028809,10.630000114440918,10.649999618530273,71100,0.082,0.0
2026-07-27 00:00:00-04:00,10.670000076293945,10.710000038146973,10.640000343322754,10.670000076293945,45800,0.0,0.0
2026-07-28 00:00:00-04:00,10.699999809265137,10.710000038146973,10.630000114440918,10.699999809265137,81600,0.0,0.0
2026-07-29 00:00:00-04:00,10.65999984741211,10.6899995803833,10.640000343322754,10.649999618530273,29600,0.0,0.0
2026-07-30 00:00:00-04:00,10.649999618530273,10.739999771118164,10.640000343322754,10.720000267028809,77984,0.0,0.0
