Date,Open,High,Low,Close,Volume,Dividends,Stock Splits
2022-01-03 00:00:00-05:00,19.420000076293945,19.799999237060547,19.350000381469727,19.780000686645508,17700,0.0,0.0
2022-01-04 00:00:00-05:00,19.799999237060547,19.799999237060547,18.600000381469727,19.389999389648438,20000,0.0,0.0
2022-01-05 00:00:00-05:00,19.56999969482422,20.25,18.600000381469727,19.489999771118164,46800,0.0,0.0
2022-01-06 00:00:00-05:00,19.510000228881836,19.940000534057617,18.579999923706055,19.200000762939453,23500,0.0,0.0
2022-01-07 00:00:00-05:00,19.229999542236328,19.5,18.5,19.5,21200,0.0,0.0
2022-01-10 00:00:00-05:00,19.3700008392334,19.479999542236328,18.0,18.540000915527344,45300,0.0,0.0
2022-01-11 00:00:00-05:00,18.68000030517578,19.222999572753906,18.100000381469727,18.850000381469727,28000,0.0,0.0
2022-01-12 00:00:00-05:00,18.979999542236328,19.31999969482422,18.6299991607666,18.969999313354492,11900,0.0,0.0
2022-01-13 00:00:00-05:00,18.81999969482422,18.950000762939453,18.209999084472656,18.299999237060547,15200,0.0,0.0
2022-01-14 00:00:00-05:00,18.15999984741211,19.440000534057617,18.020000457763672,19.25,23200,0.0,0.0
2022-01-18 00:00:00-05:00,19.25,19.389999389648438,18.299999237060547,18.690000534057617,17100,0.0,0.0
2022-01-19 00:00:00-05:00,19.049999237060547,20.559999465942383,18.700000762939453,19.600000381469727,49100,0.0,0.0
2022-01-20 00:00:00-05:00,19.979999542236328,20.989999771118164,18.850000381469727,19.09000015258789,30700,0.0,0.0
2022-01-21 00:00:00-05:00,18.780000686645508,19.10099983215332,17.399999618530273,17.709999084472656,54800,0.0,0.0
2022-01-24 00:00:00-05:00,16.950000762939453,17.60300064086914,15.75,17.18000030517578,50200,0.0,0.0
2022-01-25 00:00:00-05:00,17.0,18.309999465942383,16.809999465942383,18.309999465942383,13200,0.0,0.0
2022-01-26 00:00:00-05:00,18.639999389648438,19.0,16.84000015258789,17.0,79500,0.0,0.0
2022-01-27 00:00:00-05:00,17.219999313354492,18.482999801635742,17.219999313354492,17.850000381469727,23800,0.0,0.0
2022-01-28 00:00:00-05:00,17.850000381469727,19.06999969482422,17.850000381469727,18.93000030517578,39700,0.0,0.0
2022-01-31 00:00:00-05:00,18.68000030517578,19.59000015258789,18.393999099731445,19.200000762939453,18800,0.0,0.0
2022-02-01 00:00:00-05:00,19.1299991607666,21.520000457763672,19.0,21.299999237060547,49500,0.0,0.0
2022-02-02 00:00:00-05:00,21.049999237060547,21.483999252319336,19.799999237060547,21.0,25000,0.0,0.0
2022-02-03 00:00:00-05:00,20.440000534057617,21.530000686645508,20.440000534057617,20.829999923706055,40100,0.0,0.0
2022-02-04 00:00:00-05:00,20.6560001373291,21.6299991607666,20.59000015258789,21.6200008392334,21800,0.0,0.0
2022-02-07 00:00:00-05:00,21.969999313354492,23.469999313354492,21.6299991607666,23.31999969482422,48000,0.0,0.0
2022-02-08 00:00:00-05:00,23.760000228881836,23.889999389648438,22.0,22.860000610351562,31200,0.0,0.0
2022-02-09 00:00:00-05:00,22.979999542236328,24.469999313354492,22.979999542236328,24.100000381469727,54200,0.0,0.0
2022-02-10 00:00:00-05:00,25.0,25.0,23.6299991607666,24.010000228881836,38100,0.0,0.0
2022-02-11 00:00:00-05:00,24.0,24.75,23.299999237060547,23.84000015258789,46700,0.0,0.0
2022-02-14 00:00:00-05:00,23.790000915527344,24.360000610351562,22.709999084472656,24.360000610351562,30100,0.0,0.0
2022-02-15 00:00:00-05:00,24.399999618530273,24.87700080871582,23.520000457763672,24.239999771118164,29500,0.0,0.0
2022-02-16 00:00:00-05:00,24.1299991607666,24.719999313354492,23.700000762939453,23.8799991607666,22500,0.0,0.0
2022-02-17 00:00:00-05:00,23.530000686645508,26.459999084472656,23.530000686645508,26.239999771118164,97000,0.0,0.0
2022-02-18 00:00:00-05:00,29.75,29.75,27.0,27.93000030517578,252000,0.0,0.0
2022-02-22 00:00:00-05:00,27.530000686645508,27.780000686645508,24.075000762939453,24.6299991607666,142100,0.0,0.0
2022-02-23 00:00:00-05:00,24.510000228881836,25.270000457763672,23.084999084472656,24.25,96700,0.0,0.0
2022-02-24 00:00:00-05:00,23.0,23.81599998474121,22.510000228881836,23.65999984741211,39000,0.0,0.0
2022-02-25 00:00:00-05:00,23.43000030517578,25.690000534057617,22.75,25.3700008392334,117400,0.0,0.0
2022-02-28 00:00:00-05:00,25.170000076293945,27.200000762939453,24.6200008392334,25.6299991607666,101400,0.0,0.0
2022-03-01 00:00:00-05:00,25.989999771118164,26.020000457763672,24.030000686645508,24.489999771118164,43400,0.0,0.0
2022-03-02 00:00:00-05:00,24.860000610351562,26.60300064086914,24.385000228881836,26.290000915527344,79000,0.0,0.0
2022-03-03 00:00:00-05:00,26.31999969482422,26.8799991607666,25.709999084472656,26.040000915527344,38500,0.0,0.0
2022-03-04 00:00:00-05:00,25.770000457763672,27.75,24.989999771118164,27.40999984741211,82400,0.0,0.0
2022-03-07 00:00:00-05:00,27.700000762939453,29.59000015258789,26.0,27.950000762939453,117000,0.0,0.0
2022-03-08 00:00:00-05:00,28.3700008392334,28.399999618530273,26.5939998626709,27.610000610351562,59900,0.0,0.0
2022-03-09 00:00:00-05:00,27.329999923706055,28.490999221801758,26.280000686645508,27.780000686645508,37900,0.0,0.0
2022-03-10 00:00:00-05:00,27.5,29.41900062561035,26.850000381469727,28.850000381469727,58300,0.0,0.0
2022-03-11 00:00:00-05:00,28.850000381469727,30.010000228881836,28.309999465942383,29.479999542236328,41300,0.0,0.0
2022-03-14 00:00:00-04:00,29.600000381469727,29.989999771118164,24.809999465942383,25.260000228881836,96600,0.0,0.0
2022-03-15 00:00:00-04:00,25.280000686645508,25.290000915527344,23.479999542236328,24.700000762939453,58900,0.0,0.0
2022-03-16 00:00:00-04:00,24.68000030517578,25.889999389648438,24.68000030517578,25.530000686645508,21500,0.0,0.0
2022-03-17 00:00:00-04:00,25.1299991607666,25.8700008392334,24.601999282836914,25.350000381469727,39000,0.0,0.0
2022-03-18 00:00:00-04:00,25.0,25.899999618530273,24.420000076293945,24.420000076293945,38500,0.0,0.0
2022-03-21 00:00:00-04:00,26.040000915527344,30.25,25.600000381469727,29.59000015258789,206300,0.0,0.0
2022-03-22 00:00:00-04:00,29.389999389648438,30.25,28.559999465942383,29.809999465942383,59300,0.0,0.0
2022-03-23 00:00:00-04:00,30.200000762939453,32.36000061035156,29.149999618530273,31.649999618530273,50900,0.0,0.0
2022-03-24 00:00:00-04:00,32.220001220703125,33.900001525878906,31.100000381469727,32.91999816894531,79400,0.0,0.0
2022-03-25 00:00:00-04:00,32.599998474121094,33.70800018310547,30.059999465942383,31.0,69100,0.0,0.0
2022-03-28 00:00:00-04:00,31.860000610351562,33.83000183105469,31.010000228881836,33.79999923706055,48400,0.0,0.0
2022-03-29 00:00:00-04:00,33.83000183105469,33.939998626708984,31.30900001525879,32.45000076293945,40500,0.0,0.0
2022-03-30 00:00:00-04:00,32.310001373291016,33.0,32.060001373291016,32.7400016784668,24700,0.0,0.0
2022-03-31 00:00:00-04:00,33.63999938964844,33.900001525878906,32.595001220703125,33.900001525878906,27000,0.0,0.0
2022-04-01 00:00:00-04:00,34.0,34.75,31.40399932861328,33.43000030517578,68600,0.0,0.0
2022-04-04 00:00:00-04:00,34.599998474121094,38.2400016784668,34.25,37.97999954223633,129300,0.0,0.0
2022-04-05 00:00:00-04:00,37.689998626708984,38.150001525878906,34.22999954223633,34.560001373291016,95600,0.0,0.0
2022-04-06 00:00:00-04:00,34.70000076293945,36.72999954223633,31.0,33.15999984741211,80400,0.0,0.0
2022-04-07 00:00:00-04:00,32.849998474121094,33.41999816894531,31.485000610351562,32.63999938964844,37900,0.0,0.0
2022-04-08 00:00:00-04:00,32.31999969482422,34.439998626708984,32.31999969482422,34.08000183105469,20200,0.0,0.0
2022-04-11 00:00:00-04:00,33.7400016784668,33.7400016784668,30.639999389648438,30.979999542236328,51500,0.0,0.0
2022-04-12 00:00:00-04:00,30.950000762939453,31.5,28.549999237060547,29.3799991607666,81400,0.0,0.0
2022-04-13 00:00:00-04:00,30.100000381469727,30.100000381469727,28.700000762939453,29.209999084472656,42400,0.0,0.0
2022-04-14 00:00:00-04:00,29.020000457763672,31.09000015258789,29.0,30.889999389648438,64800,0.0,0.0
2022-04-18 00:00:00-04:00,31.59000015258789,36.970001220703125,31.006000518798828,36.0,133000,0.0,0.0
2022-04-19 00:00:00-04:00,35.79999923706055,38.17300033569336,35.70000076293945,37.810001373291016,90600,0.0,0.0
2022-04-20 00:00:00-04:00,38.06999969482422,40.4900016784668,38.0,39.900001525878906,182400,0.0,0.0
2022-04-21 00:00:00-04:00,43.08000183105469,44.9900016784668,40.5,42.75,240700,0.0,0.0
2022-04-22 00:00:00-04:00,44.2599983215332,44.2599983215332,38.70000076293945,39.79999923706055,132000,0.0,0.0
2022-04-25 00:00:00-04:00,38.189998626708984,38.21099853515625,29.290000915527344,32.209999084472656,223700,0.0,0.0
2022-04-26 00:00:00-04:00,33.18000030517578,37.880001068115234,30.989999771118164,35.959999084472656,118900,0.0,0.0
2022-04-27 00:00:00-04:00,36.43000030517578,38.46500015258789,35.04999923706055,37.88999938964844,79400,0.0,0.0
2022-04-28 00:00:00-04:00,37.88999938964844,38.439998626708984,35.5,37.810001373291016,61600,0.0,0.0
2022-04-29 00:00:00-04:00,37.70000076293945,38.630001068115234,36.630001068115234,36.79999923706055,38700,0.0,0.0
2022-05-02 00:00:00-04:00,35.40999984741211,36.29399871826172,34.15999984741211,36.2599983215332,55600,0.0,0.0
2022-05-03 00:00:00-04:00,35.52000045776367,39.529998779296875,35.29999923706055,38.869998931884766,60800,0.0,0.0
2022-05-04 00:00:00-04:00,38.93000030517578,39.41999816894531,37.0,38.61000061035156,49400,0.0,0.0
2022-05-05 00:00:00-04:00,38.810001373291016,38.935001373291016,35.88999938964844,37.4900016784668,30100,0.0,0.0
2022-05-06 00:00:00-04:00,37.88999938964844,37.88999938964844,34.150001525878906,35.79999923706055,52600,0.0,0.0
2022-05-09 00:00:00-04:00,34.02000045776367,34.72999954223633,31.149999618530273,33.18000030517578,85800,0.0,0.0
2022-05-10 00:00:00-04:00,34.15999984741211,36.0,33.220001220703125,33.939998626708984,47200,0.0,0.0
2022-05-11 00:00:00-04:00,35.0,36.97700119018555,33.0099983215332,34.790000915527344,38500,0.0,0.0
2022-05-12 00:00:00-04:00,33.04999923706055,34.314998626708984,30.56100082397461,31.770000457763672,59200,0.0,0.0
2022-05-13 00:00:00-04:00,33.630001068115234,34.900001525878906,32.529998779296875,33.25,37000,0.0,0.0
2022-05-16 00:00:00-04:00,33.0,35.58399963378906,33.0,34.61000061035156,22100,0.0,0.0
2022-05-17 00:00:00-04:00,36.439998626708984,36.439998626708984,34.525001525878906,35.0,42300,0.0,0.0
2022-05-18 00:00:00-04:00,34.81999969482422,35.95000076293945,32.599998474121094,33.209999084472656,58300,0.0,0.0
2022-05-19 00:00:00-04:00,33.06999969482422,33.900001525878906,31.239999771118164,32.84000015258789,40200,0.0,0.0
2022-05-20 00:00:00-04:00,32.63999938964844,35.27000045776367,32.255001068115234,32.689998626708984,57400,0.0,0.0
2022-05-23 00:00:00-04:00,32.27000045776367,32.27000045776367,29.0,30.489999771118164,190500,0.0,0.0
2022-05-24 00:00:00-04:00,29.850000381469727,30.25,28.6299991607666,28.6299991607666,140900,0.0,0.0
2022-05-25 00:00:00-04:00,27.049999237060547,28.299999237060547,26.040000915527344,27.860000610351562,106200,0.0,0.0
2022-05-26 00:00:00-04:00,27.959999084472656,29.5,27.5,28.25,54800,0.0,0.0
2022-05-27 00:00:00-04:00,27.600000381469727,28.851999282836914,26.770000457763672,28.309999465942383,28900,0.0,0.0
2022-05-31 00:00:00-04:00,29.100000381469727,30.239999771118164,28.309999465942383,28.309999465942383,65000,0.0,0.0
2022-06-01 00:00:00-04:00,28.25,30.0,28.0049991607666,28.850000381469727,24200,0.0,0.0
2022-06-02 00:00:00-04:00,29.0,29.959999084472656,28.139999389648438,28.799999237060547,39000,0.0,0.0
2022-06-03 00:00:00-04:00,28.420000076293945,29.104999542236328,28.034000396728516,28.079999923706055,16700,0.0,0.0
2022-06-06 00:00:00-04:00,28.510000228881836,29.489999771118164,28.219999313354492,28.709999084472656,34800,0.0,0.0
2022-06-07 00:00:00-04:00,28.790000915527344,29.299999237060547,28.136999130249023,28.3700008392334,22500,0.0,0.0
2022-06-08 00:00:00-04:00,27.200000762939453,27.299999237060547,24.709999084472656,24.899999618530273,166900,0.0,0.0
2022-06-09 00:00:00-04:00,24.420000076293945,25.020000457763672,23.530000686645508,24.049999237060547,53400,0.0,0.0
2022-06-10 00:00:00-04:00,23.510000228881836,24.360000610351562,23.149999618530273,23.43000030517578,42100,0.0,0.0
2022-06-13 00:00:00-04:00,23.360000610351562,23.360000610351562,21.0,21.260000228881836,110400,0.0,0.0
2022-06-14 00:00:00-04:00,21.450000762939453,23.450000762939453,21.427000045776367,21.760000228881836,39500,0.0,0.0
2022-06-15 00:00:00-04:00,21.8799991607666,22.400999069213867,21.530000686645508,21.829999923706055,19500,0.0,0.0
2022-06-16 00:00:00-04:00,21.299999237060547,21.299999237060547,20.15999984741211,20.649999618530273,33400,0.0,0.0
2022-06-17 00:00:00-04:00,20.700000762939453,21.6200008392334,19.709999084472656,20.0,38000,0.0,0.0
2022-06-21 00:00:00-04:00,20.459999084472656,21.479999542236328,20.010000228881836,20.170000076293945,63900,0.0,0.0
2022-06-22 00:00:00-04:00,19.469999313354492,19.799999237060547,18.520000457763672,18.6299991607666,63600,0.0,0.0
2022-06-23 00:00:00-04:00,18.700000762939453,19.110000610351562,17.489999771118164,18.559999465942383,45500,0.0,0.0
2022-06-24 00:00:00-04:00,18.229999542236328,18.979999542236328,18.0,18.010000228881836,22000,0.0,0.0
2022-06-27 00:00:00-04:00,18.190000534057617,19.510000228881836,18.190000534057617,18.969999313354492,31900,0.0,0.0
2022-06-28 00:00:00-04:00,19.0,19.479999542236328,18.18000030517578,18.899999618530273,19800,0.0,0.0
2022-06-29 00:00:00-04:00,19.139999389648438,19.139999389648438,17.639999389648438,17.969999313354492,20700,0.0,0.0
2022-06-30 00:00:00-04:00,17.739999771118164,18.6299991607666,17.576000213623047,18.09000015258789,23100,0.0,0.0
2022-07-01 00:00:00-04:00,18.020000457763672,18.809999465942383,16.81999969482422,17.799999237060547,32300,0.0,0.0
2022-07-05 00:00:00-04:00,17.209999084472656,17.520000457763672,16.649999618530273,16.729999542236328,22200,0.0,0.0
2022-07-06 00:00:00-04:00,16.950000762939453,17.540000915527344,15.569999694824219,16.0,54100,0.0,0.0
2022-07-07 00:00:00-04:00,16.270000457763672,17.329999923706055,16.100000381469727,16.530000686645508,38100,0.0,0.0
2022-07-08 00:00:00-04:00,16.59000015258789,16.600000381469727,16.040000915527344,16.469999313354492,24100,0.0,0.0
2022-07-11 00:00:00-04:00,16.18000030517578,16.420000076293945,15.90999984741211,16.049999237060547,16400,0.0,0.0
2022-07-12 00:00:00-04:00,15.880000114440918,16.583999633789062,15.550000190734863,15.960000038146973,21400,0.0,0.0
2022-07-13 00:00:00-04:00,15.699999809265137,16.299999237060547,15.510000228881836,16.049999237060547,13900,0.0,0.0
2022-07-14 00:00:00-04:00,16.0,16.040000915527344,15.3100004196167,15.550000190734863,16900,0.0,0.0
2022-07-15 00:00:00-04:00,15.680000305175781,15.890000343322754,15.192999839782715,15.619999885559082,22600,0.0,0.0
2022-07-18 00:00:00-04:00,15.949999809265137,16.780000686645508,15.949999809265137,16.450000762939453,55900,0.0,0.0
2022-07-19 00:00:00-04:00,16.540000915527344,17.399999618530273,16.540000915527344,16.84000015258789,21500,0.0,0.0
2022-07-20 00:00:00-04:00,16.799999237060547,17.22800064086914,16.75,17.0,39900,0.0,0.0
2022-07-21 00:00:00-04:00,17.0,17.610000610351562,16.5310001373291,17.200000762939453,40100,0.0,0.0
2022-07-22 00:00:00-04:00,17.3799991607666,18.940000534057617,17.25,17.65999984741211,39000,0.0,0.0
2022-07-25 00:00:00-04:00,17.65999984741211,17.760000228881836,16.770000457763672,17.09000015258789,68400,0.0,0.0
2022-07-26 00:00:00-04:00,16.989999771118164,16.989999771118164,16.18000030517578,16.31999969482422,26700,0.0,0.0
2022-07-27 00:00:00-04:00,16.610000610351562,17.06999969482422,16.40999984741211,16.93000030517578,11500,0.0,0.0
2022-07-28 00:00:00-04:00,17.0,17.64900016784668,17.0,17.459999084472656,16800,0.0,0.0
2022-07-29 00:00:00-04:00,17.399999618530273,17.479999542236328,16.709999084472656,17.479999542236328,22800,0.0,0.0
2022-08-01 00:00:00-04:00,17.450000762939453,17.450000762939453,16.81999969482422,17.440000534057617,26600,0.0,0.0
2022-08-02 00:00:00-04:00,16.65999984741211,17.413999557495117,16.510000228881836,17.0,21800,0.0,0.0
2022-08-03 00:00:00-04:00,17.1200008392334,17.1200008392334,16.219999313354492,16.479999542236328,32900,0.0,0.0
2022-08-04 00:00:00-04:00,16.5,16.969999313354492,16.020000457763672,16.125,20900,0.0,0.0
2022-08-05 00:00:00-04:00,16.239999771118164,16.5,16.020000457763672,16.219999313354492,25600,0.0,0.0
2022-08-08 00:00:00-04:00,16.520000457763672,18.25,16.520000457763672,17.709999084472656,103400,0.0,0.0
2022-08-09 00:00:00-04:00,19.040000915527344,19.350000381469727,18.299999237060547,18.399999618530273,107500,0.0,0.0
2022-08-10 00:00:00-04:00,18.43000030517578,19.299999237060547,18.43000030517578,18.989999771118164,58500,0.0,0.0
2022-08-11 00:00:00-04:00,19.010000228881836,19.360000610351562,18.040000915527344,18.040000915527344,97500,0.0,0.0
2022-08-12 00:00:00-04:00,18.399999618530273,18.399999618530273,17.530000686645508,18.209999084472656,68800,0.0,0.0
2022-08-15 00:00:00-04:00,17.639999389648438,17.799999237060547,16.959999084472656,17.1200008392334,58600,0.0,0.0
2022-08-16 00:00:00-04:00,17.0,17.34000015258789,15.399999618530273,15.989999771118164,214300,0.0,0.0
2022-08-17 00:00:00-04:00,15.520000457763672,15.890000343322754,15.345000267028809,15.859999656677246,112200,0.0,0.0
2022-08-18 00:00:00-04:00,15.760000228881836,16.200000762939453,15.529999732971191,15.899999618530273,64000,0.0,0.0
2022-08-19 00:00:00-04:00,15.949999809265137,15.989999771118164,15.260000228881836,15.289999961853027,40500,0.0,0.0
2022-08-22 00:00:00-04:00,15.0,15.449999809265137,14.850000381469727,15.149999618530273,55900,0.0,0.0
2022-08-23 00:00:00-04:00,15.329999923706055,15.34000015258789,15.029999732971191,15.220000267028809,45700,0.0,0.0
2022-08-24 00:00:00-04:00,15.100000381469727,15.277000427246094,14.619999885559082,15.020000457763672,61800,0.0,0.0
2022-08-25 00:00:00-04:00,15.0,15.315999984741211,14.680000305175781,14.760000228881836,39800,0.0,0.0
2022-08-26 00:00:00-04:00,14.779999732971191,14.789999961853027,14.25,14.350000381469727,39100,0.0,0.0
2022-08-29 00:00:00-04:00,14.5,14.744999885559082,14.380000114440918,14.59000015258789,28800,0.0,0.0
2022-08-30 00:00:00-04:00,14.470000267028809,14.479999542236328,13.510000228881836,13.710000038146973,85000,0.0,0.0
2022-08-31 00:00:00-04:00,13.670000076293945,14.380000114440918,13.65999984741211,14.199999809265137,25100,0.0,0.0
2022-09-01 00:00:00-04:00,14.199999809265137,14.199999809265137,13.800000190734863,13.800000190734863,37700,0.0,0.0
2022-09-02 00:00:00-04:00,14.15999984741211,14.15999984741211,13.760000228881836,13.8100004196167,28500,0.0,0.0
2022-09-06 00:00:00-04:00,13.8100004196167,14.10099983215332,13.65999984741211,13.65999984741211,19000,0.0,0.0
2022-09-07 00:00:00-04:00,13.670000076293945,13.670000076293945,12.710000038146973,13.029999732971191,106200,0.0,0.0
2022-09-08 00:00:00-04:00,13.149999618530273,13.930000305175781,13.149999618530273,13.84000015258789,40600,0.0,0.0
2022-09-09 00:00:00-04:00,14.010000228881836,14.489999771118164,13.850000381469727,14.050000190734863,46600,0.0,0.0
2022-09-12 00:00:00-04:00,14.300000190734863,14.470000267028809,14.149999618530273,14.199999809265137,31500,0.0,0.0
2022-09-13 00:00:00-04:00,14.079999923706055,14.65999984741211,13.979999542236328,13.979999542236328,45600,0.0,0.0
2022-09-14 00:00:00-04:00,14.1899995803833,14.479999542236328,14.1899995803833,14.260000228881836,23000,0.0,0.0
2022-09-15 00:00:00-04:00,14.180000305175781,14.300000190734863,14.020000457763672,14.109999656677246,20200,0.0,0.0
2022-09-16 00:00:00-04:00,13.670000076293945,13.869999885559082,13.140000343322754,13.329999923706055,39900,0.0,0.0
2022-09-19 00:00:00-04:00,13.039999961853027,13.1899995803833,12.765999794006348,12.9399995803833,25100,0.0,0.0
2022-09-20 00:00:00-04:00,13.550000190734863,14.696999549865723,13.550000190734863,14.430000305175781,51500,0.0,0.0
2022-09-21 00:00:00-04:00,14.380000114440918,14.800000190734863,14.050000190734863,14.300000190734863,34100,0.0,0.0
2022-09-22 00:00:00-04:00,14.227999687194824,14.3100004196167,13.920000076293945,13.920000076293945,27500,0.0,0.0
2022-09-23 00:00:00-04:00,13.920000076293945,13.9399995803833,13.039999961853027,13.229999542236328,40900,0.0,0.0
2022-09-26 00:00:00-04:00,13.119999885559082,13.6850004196167,13.050000190734863,13.149999618530273,26100,0.0,0.0
2022-09-27 00:00:00-04:00,13.319999694824219,14.286999702453613,13.3100004196167,14.010000228881836,38300,0.0,0.0
2022-09-28 00:00:00-04:00,14.100000381469727,14.25,13.569999694824219,14.0,30800,0.0,0.0
2022-09-29 00:00:00-04:00,13.420000076293945,13.859999656677246,12.84000015258789,13.109999656677246,44000,0.0,0.0
2022-09-30 00:00:00-04:00,13.399999618530273,13.600000381469727,12.880000114440918,13.0,23200,0.0,0.0
2022-10-03 00:00:00-04:00,13.0,13.755000114440918,13.0,13.40999984741211,13900,0.0,0.0
2022-10-04 00:00:00-04:00,13.630000114440918,14.079999923706055,13.630000114440918,13.824999809265137,27700,0.0,0.0
2022-10-05 00:00:00-04:00,13.800000190734863,14.675000190734863,13.472999572753906,14.489999771118164,39200,0.0,0.0
2022-10-06 00:00:00-04:00,14.390000343322754,15.149999618530273,14.229999542236328,14.949999809265137,56100,0.0,0.0
2022-10-07 00:00:00-04:00,14.970000267028809,15.248000144958496,14.550000190734863,14.819999694824219,25300,0.0,0.0
2022-10-10 00:00:00-04:00,14.84000015258789,14.84000015258789,14.100000381469727,14.100000381469727,20100,0.0,0.0
2022-10-11 00:00:00-04:00,14.180000305175781,14.399999618530273,13.232000350952148,13.960000038146973,13700,0.0,0.0
2022-10-12 00:00:00-04:00,13.979999542236328,14.15999984741211,13.6899995803833,13.90999984741211,18600,0.0,0.0
2022-10-13 00:00:00-04:00,13.680000305175781,14.1899995803833,13.600000381469727,14.039999961853027,26100,0.0,0.0
2022-10-14 00:00:00-04:00,14.130000114440918,14.34000015258789,14.039999961853027,14.329999923706055,9900,0.0,0.0
2022-10-17 00:00:00-04:00,14.329999923706055,14.625,14.199999809265137,14.279999732971191,9300,0.0,0.0
2022-10-18 00:00:00-04:00,14.460000038146973,14.649999618530273,14.282999992370605,14.430000305175781,25000,0.0,0.0
2022-10-19 00:00:00-04:00,14.479999542236328,14.479999542236328,14.300000190734863,14.449999809265137,4000,0.0,0.0
2022-10-20 00:00:00-04:00,14.168999671936035,14.680000305175781,14.020000457763672,14.149999618530273,18200,0.0,0.0
2022-10-21 00:00:00-04:00,14.130000114440918,14.468999862670898,14.0,14.420000076293945,22000,0.0,0.0
2022-10-24 00:00:00-04:00,14.100000381469727,14.180000305175781,13.8100004196167,14.149999618530273,24200,0.0,0.0
2022-10-25 00:00:00-04:00,14.199999809265137,14.779999732971191,14.039999961853027,14.779999732971191,10800,0.0,0.0
2022-10-26 00:00:00-04:00,14.529999732971191,15.180000305175781,14.529999732971191,15.180000305175781,13000,0.0,0.0
2022-10-27 00:00:00-04:00,14.920000076293945,14.920000076293945,14.25,14.25,9900,0.0,0.0
2022-10-28 00:00:00-04:00,14.1899995803833,14.1899995803833,13.710000038146973,13.84000015258789,15800,0.0,0.0
2022-10-31 00:00:00-04:00,13.899999618530273,13.920000076293945,13.460000038146973,13.470000267028809,39200,0.0,0.0
2022-11-01 00:00:00-04:00,13.479999542236328,14.0600004196167,13.479999542236328,13.880000114440918,13800,0.0,0.0
2022-11-02 00:00:00-04:00,13.949999809265137,14.220000267028809,13.5,13.729999542236328,6800,0.0,0.0
2022-11-03 00:00:00-04:00,13.763999938964844,13.979999542236328,13.529999732971191,13.949999809265137,8600,0.0,0.0
2022-11-04 00:00:00-04:00,14.069999694824219,15.145999908447266,14.069999694824219,14.829999923706055,15600,0.0,0.0
2022-11-07 00:00:00-05:00,14.699999809265137,15.430000305175781,14.690999984741211,15.430000305175781,23300,0.0,0.0
2022-11-08 00:00:00-05:00,15.470000267028809,15.470000267028809,14.930000305175781,15.100000381469727,15000,0.0,0.0
2022-11-09 00:00:00-05:00,15.109999656677246,15.109999656677246,14.40999984741211,14.859999656677246,14000,0.0,0.0
2022-11-10 00:00:00-05:00,15.460000038146973,15.460000038146973,14.711000442504883,15.210000038146973,12200,0.0,0.0
2022-11-11 00:00:00-05:00,15.399999618530273,17.600000381469727,15.399999618530273,16.15999984741211,89100,0.0,0.0
2022-11-14 00:00:00-05:00,16.15999984741211,17.110000610351562,16.15999984741211,16.507999420166016,28700,0.0,0.0
2022-11-15 00:00:00-05:00,17.079999923706055,17.079999923706055,16.309999465942383,16.450000762939453,27500,0.0,0.0
2022-11-16 00:00:00-05:00,16.299999237060547,16.299999237060547,15.899999618530273,16.030000686645508,16300,0.0,0.0
2022-11-17 00:00:00-05:00,16.100000381469727,16.809999465942383,15.850000381469727,16.0,54800,0.0,0.0
2022-11-18 00:00:00-05:00,16.110000610351562,16.399999618530273,15.550000190734863,16.190000534057617,18400,0.0,0.0
2022-11-21 00:00:00-05:00,15.84000015258789,16.3799991607666,15.84000015258789,16.325000762939453,11800,0.0,0.0
2022-11-22 00:00:00-05:00,16.5,16.5,16.024999618530273,16.200000762939453,8900,0.0,0.0
2022-11-23 00:00:00-05:00,16.200000762939453,16.399999618530273,15.989999771118164,16.309999465942383,13400,0.0,0.0
2022-11-25 00:00:00-05:00,16.110000610351562,16.95400047302246,16.110000610351562,16.700000762939453,17800,0.0,0.0
2022-11-28 00:00:00-05:00,16.399999618530273,16.700000762939453,15.25,15.369999885559082,58800,0.0,0.0
2022-11-29 00:00:00-05:00,15.399999618530273,16.101999282836914,15.399999618530273,15.670000076293945,10500,0.0,0.0
2022-11-30 00:00:00-05:00,15.890000343322754,16.25,15.75,16.049999237060547,20400,0.0,0.0
2022-12-01 00:00:00-05:00,16.190000534057617,17.083999633789062,16.049999237060547,16.100000381469727,19800,0.0,0.0
2022-12-02 00:00:00-05:00,16.0,16.382999420166016,16.0,16.229999542236328,9900,0.0,0.0
2022-12-05 00:00:00-05:00,16.399999618530273,16.969999313354492,16.15999984741211,16.299999237060547,27100,0.0,0.0
2022-12-06 00:00:00-05:00,16.5,16.5,15.899999618530273,15.930000305175781,18200,0.0,0.0
2022-12-07 00:00:00-05:00,15.75,15.970000267028809,15.5,15.824999809265137,13000,0.0,0.0
2022-12-08 00:00:00-05:00,15.989999771118164,16.540000915527344,15.989999771118164,16.3700008392334,10900,0.0,0.0
2022-12-09 00:00:00-05:00,16.31999969482422,16.600000381469727,16.260000228881836,16.260000228881836,5900,0.0,0.0
2022-12-12 00:00:00-05:00,16.434999465942383,16.940000534057617,16.155000686645508,16.489999771118164,9700,0.0,0.0
2022-12-13 00:00:00-05:00,16.72599983215332,16.8700008392334,16.44300079345703,16.709999084472656,10600,0.0,0.0
2022-12-14 00:00:00-05:00,16.31999969482422,16.530000686645508,16.0,16.270000457763672,22200,0.0,0.0
2022-12-15 00:00:00-05:00,16.295000076293945,16.53499984741211,16.030000686645508,16.110000610351562,12100,0.0,0.0
2022-12-16 00:00:00-05:00,16.1200008392334,16.1200008392334,15.84000015258789,15.960000038146973,2700,0.0,0.0
2022-12-19 00:00:00-05:00,16.010000228881836,16.770000457763672,15.710000038146973,15.710000038146973,9900,0.0,0.0
2022-12-20 00:00:00-05:00,15.510000228881836,16.100000381469727,15.508000373840332,16.09000015258789,15500,0.0,0.0
2022-12-21 00:00:00-05:00,16.170000076293945,17.040000915527344,16.170000076293945,16.979999542236328,8800,0.0,0.0
2022-12-22 00:00:00-05:00,16.969999313354492,16.969999313354492,16.399999618530273,16.575000762939453,8400,0.0,0.0
2022-12-23 00:00:00-05:00,16.3700008392334,16.8799991607666,16.360000610351562,16.514999389648438,10400,0.0,0.0
2022-12-27 00:00:00-05:00,16.850000381469727,17.219999313354492,16.716999053955078,17.100000381469727,40300,0.0,0.0
2022-12-28 00:00:00-05:00,17.100000381469727,17.360000610351562,16.850000381469727,16.940000534057617,8000,0.0,0.0
2022-12-29 00:00:00-05:00,16.940000534057617,17.329999923706055,16.940000534057617,17.040000915527344,6300,0.0,0.0
2022-12-30 00:00:00-05:00,17.06999969482422,17.184999465942383,17.030000686645508,17.184999465942383,2400,0.0,0.0
2023-01-03 00:00:00-05:00,17.1299991607666,17.350000381469727,16.760000228881836,16.940000534057617,5800,0.0,0.0
2023-01-04 00:00:00-05:00,16.959999084472656,16.959999084472656,16.5,16.5,22100,0.0,0.0
2023-01-05 00:00:00-05:00,16.65999984741211,16.899999618530273,16.520000457763672,16.889999389648438,7500,0.0,0.0
2023-01-06 00:00:00-05:00,16.989999771118164,17.399999618530273,16.90999984741211,16.950000762939453,60200,0.0,0.0
2023-01-09 00:00:00-05:00,17.260000228881836,17.469999313354492,17.229999542236328,17.34000015258789,14500,0.0,0.0
2023-01-10 00:00:00-05:00,17.149999618530273,17.389999389648438,17.110000610351562,17.389999389648438,4800,0.0,0.0
2023-01-11 00:00:00-05:00,17.5,17.5,17.110000610351562,17.239999771118164,12100,0.0,0.0
2023-01-12 00:00:00-05:00,17.469999313354492,17.469999313354492,17.145999908447266,17.350000381469727,5100,0.0,0.0
2023-01-13 00:00:00-05:00,17.600000381469727,17.600000381469727,17.110000610351562,17.450000762939453,8100,0.0,0.0
2023-01-17 00:00:00-05:00,17.25,17.639999389648438,17.25,17.31999969482422,10100,0.0,0.0
2023-01-18 00:00:00-05:00,17.450000762939453,17.549999237060547,16.350000381469727,16.479999542236328,25200,0.0,0.0
2023-01-19 00:00:00-05:00,16.59000015258789,16.59000015258789,15.630000114440918,15.739999771118164,5600,0.0,0.0
2023-01-20 00:00:00-05:00,15.75,16.0,15.628000259399414,16.0,7700,0.0,0.0
2023-01-23 00:00:00-05:00,15.890000343322754,16.079999923706055,15.890000343322754,16.0,13100,0.0,0.0
2023-01-24 00:00:00-05:00,15.850000381469727,16.100000381469727,15.647000312805176,15.739999771118164,9000,0.0,0.0
2023-01-25 00:00:00-05:00,15.979999542236328,16.100000381469727,15.805000305175781,15.90999984741211,6300,0.0,0.0
2023-01-26 00:00:00-05:00,16.100000381469727,16.25,15.609999656677246,15.989999771118164,11000,0.0,0.0
2023-01-27 00:00:00-05:00,16.0,16.139999389648438,15.65999984741211,16.038000106811523,17000,0.0,0.0
2023-01-30 00:00:00-05:00,15.949999809265137,15.989999771118164,15.770000457763672,15.880000114440918,9300,0.0,0.0
2023-01-31 00:00:00-05:00,15.829999923706055,16.05299949645996,15.770000457763672,15.869999885559082,4600,0.0,0.0
2023-02-01 00:00:00-05:00,15.930000305175781,16.059999465942383,15.859999656677246,16.059999465942383,8300,0.0,0.0
2023-02-02 00:00:00-05:00,16.280000686645508,16.299999237060547,16.0,16.024999618530273,15100,0.0,0.0
2023-02-03 00:00:00-05:00,15.859999656677246,16.079999923706055,15.774999618530273,15.779999732971191,4700,0.0,0.0
2023-02-06 00:00:00-05:00,15.899999618530273,16.277999877929688,15.899999618530273,16.100000381469727,15100,0.0,0.0
2023-02-07 00:00:00-05:00,16.139999389648438,16.674999237060547,16.010000228881836,16.489999771118164,15000,0.0,0.0
2023-02-08 00:00:00-05:00,16.670000076293945,16.850000381469727,16.489999771118164,16.809999465942383,14100,0.0,0.0
2023-02-09 00:00:00-05:00,16.8799991607666,16.989999771118164,16.687000274658203,16.690000534057617,12700,0.0,0.0
2023-02-10 00:00:00-05:00,16.989999771118164,17.0,16.510000228881836,16.920000076293945,6000,0.0,0.0
2023-02-13 00:00:00-05:00,16.5,17.139999389648438,16.469999313354492,17.030000686645508,22100,0.0,0.0
2023-02-14 00:00:00-05:00,17.389999389648438,17.389999389648438,16.69499969482422,17.049999237060547,21300,0.0,0.0
2023-02-15 00:00:00-05:00,16.940000534057617,16.940000534057617,16.760000228881836,16.920000076293945,7900,0.0,0.0
2023-02-16 00:00:00-05:00,16.847999572753906,16.899999618530273,16.704999923706055,16.8700008392334,14400,0.0,0.0
2023-02-17 00:00:00-05:00,16.7450008392334,16.809999465942383,16.304000854492188,16.43000030517578,9800,0.0,0.0
2023-02-21 00:00:00-05:00,16.420000076293945,16.889999389648438,16.399999618530273,16.8700008392334,20000,0.0,0.0
2023-02-22 00:00:00-05:00,16.920000076293945,17.389999389648438,16.799999237060547,17.260000228881836,9400,0.0,0.0
2023-02-23 00:00:00-05:00,17.260000228881836,18.09000015258789,17.260000228881836,18.079999923706055,14300,0.0,0.0
2023-02-24 00:00:00-05:00,17.829999923706055,18.270000457763672,17.420000076293945,18.270000457763672,35000,0.0,0.0
2023-02-27 00:00:00-05:00,18.15999984741211,18.329999923706055,17.84000015258789,18.270000457763672,14100,0.0,0.0
2023-02-28 00:00:00-05:00,18.1200008392334,18.790000915527344,18.1200008392334,18.690000534057617,15900,0.0,0.0
2023-03-01 00:00:00-05:00,18.790000915527344,19.219999313354492,18.700000762939453,18.709999084472656,14500,0.0,0.0
2023-03-02 00:00:00-05:00,18.850000381469727,18.850000381469727,18.100000381469727,18.389999389648438,19100,0.0,0.0
2023-03-03 00:00:00-05:00,18.290000915527344,18.600000381469727,18.0,18.350000381469727,21100,0.0,0.0
2023-03-06 00:00:00-05:00,18.510000228881836,18.510000228881836,18.079999923706055,18.31999969482422,5900,0.0,0.0
2023-03-07 00:00:00-05:00,17.899999618530273,18.26799964904785,17.899999618530273,18.049999237060547,12100,0.0,0.0
2023-03-08 00:00:00-05:00,18.0,19.350000381469727,18.0,18.399999618530273,11100,0.0,0.0
2023-03-09 00:00:00-05:00,18.1200008392334,18.579999923706055,17.860000610351562,17.959999084472656,16100,0.0,0.0
2023-03-10 00:00:00-05:00,17.850000381469727,18.0,17.850000381469727,17.899999618530273,9200,0.0,0.0
2023-03-13 00:00:00-04:00,17.729999542236328,17.729999542236328,17.010000228881836,17.6200008392334,8600,0.0,0.0
2023-03-14 00:00:00-04:00,18.079999923706055,18.489999771118164,17.719999313354492,17.81999969482422,14200,0.0,0.0
2023-03-15 00:00:00-04:00,17.399999618530273,17.540000915527344,17.299999237060547,17.299999237060547,7300,0.0,0.0
2023-03-16 00:00:00-04:00,17.229999542236328,17.229999542236328,16.459999084472656,17.075000762939453,14500,0.0,0.0
2023-03-17 00:00:00-04:00,17.030000686645508,17.121999740600586,16.65999984741211,16.75,16400,0.0,0.0
2023-03-20 00:00:00-04:00,16.700000762939453,16.93000030517578,16.530000686645508,16.610000610351562,14900,0.0,0.0
2023-03-21 00:00:00-04:00,16.790000915527344,17.23900032043457,16.790000915527344,17.003000259399414,20400,0.0,0.0
2023-03-22 00:00:00-04:00,17.0,17.190000534057617,16.510000228881836,16.9060001373291,7500,0.0,0.0
2023-03-23 00:00:00-04:00,16.8799991607666,17.440000534057617,16.8799991607666,16.979999542236328,13400,0.0,0.0
2023-03-24 00:00:00-04:00,16.90999984741211,17.163000106811523,16.75,16.899999618530273,9600,0.0,0.0
2023-03-27 00:00:00-04:00,16.899999618530273,17.18000030517578,16.600000381469727,16.790000915527344,20600,0.0,0.0
2023-03-28 00:00:00-04:00,16.639999389648438,17.094999313354492,16.579999923706055,17.05500030517578,9700,0.0,0.0
2023-03-29 00:00:00-04:00,16.899999618530273,17.3700008392334,16.59000015258789,16.969999313354492,46600,0.0,0.0
2023-03-30 00:00:00-04:00,16.920000076293945,16.920000076293945,16.479999542236328,16.700000762939453,4100,0.0,0.0
2023-03-31 00:00:00-04:00,16.700000762939453,16.90999984741211,16.489999771118164,16.56999969482422,10900,0.0,0.0
2023-04-03 00:00:00-04:00,16.700000762939453,16.700000762939453,16.0049991607666,16.295000076293945,6200,0.0,0.0
2023-04-04 00:00:00-04:00,16.200000762939453,16.280000686645508,15.776000022888184,16.270000457763672,7100,0.0,0.0
2023-04-05 00:00:00-04:00,15.97599983215332,16.0,15.920000076293945,16.0,2700,0.0,0.0
2023-04-06 00:00:00-04:00,15.84000015258789,15.960000038146973,15.5,15.75,7600,0.0,0.0
2023-04-10 00:00:00-04:00,15.989999771118164,16.097000122070312,15.989999771118164,16.079999923706055,1500,0.0,0.0
2023-04-11 00:00:00-04:00,16.260000228881836,16.510000228881836,16.180999755859375,16.510000228881836,3800,0.0,0.0
2023-04-12 00:00:00-04:00,16.450000762939453,16.450000762939453,16.110000610351562,16.290000915527344,5100,0.0,0.0
2023-04-13 00:00:00-04:00,16.190000534057617,17.566999435424805,16.167999267578125,17.059999465942383,13200,0.0,0.0
2023-04-14 00:00:00-04:00,16.8799991607666,17.06999969482422,16.493000030517578,16.940000534057617,4000,0.0,0.0
2023-04-17 00:00:00-04:00,16.93000030517578,17.149999618530273,16.799999237060547,17.06999969482422,4700,0.0,0.0
2023-04-18 00:00:00-04:00,17.059999465942383,17.06999969482422,16.8700008392334,16.959999084472656,4900,0.0,0.0
2023-04-19 00:00:00-04:00,16.450000762939453,17.049999237060547,16.249000549316406,16.93000030517578,5600,0.0,0.0
2023-04-20 00:00:00-04:00,16.75,16.920000076293945,16.604999542236328,16.700000762939453,4100,0.0,0.0
2023-04-21 00:00:00-04:00,16.5,16.700000762939453,16.295000076293945,16.65999984741211,9200,0.0,0.0
2023-04-24 00:00:00-04:00,16.479999542236328,17.1299991607666,16.40999984741211,17.042999267578125,23700,0.0,0.0
2023-04-25 00:00:00-04:00,17.020000457763672,17.020000457763672,16.530000686645508,16.90999984741211,59600,0.0,0.0
2023-04-26 00:00:00-04:00,17.010000228881836,17.09000015258789,16.84000015258789,16.84000015258789,14000,0.0,0.0
2023-04-27 00:00:00-04:00,17.0,17.170000076293945,16.666000366210938,17.100000381469727,12500,0.0,0.0
2023-04-28 00:00:00-04:00,16.950000762939453,17.200000762939453,16.90999984741211,17.100000381469727,6900,0.0,0.0
2023-05-01 00:00:00-04:00,16.8700008392334,16.979999542236328,16.600000381469727,16.65999984741211,6300,0.0,0.0
2023-05-02 00:00:00-04:00,16.549999237060547,16.579999923706055,15.5,15.65999984741211,15800,0.0,0.0
2023-05-03 00:00:00-04:00,15.59000015258789,15.84000015258789,15.399999618530273,15.515000343322754,5500,0.0,0.0
2023-05-04 00:00:00-04:00,15.399999618530273,15.399999618530273,14.600000381469727,15.010000228881836,14500,0.0,0.0
2023-05-05 00:00:00-04:00,15.970000267028809,15.970000267028809,15.380000114440918,15.380000114440918,7700,0.0,0.0
2023-05-08 00:00:00-04:00,15.5,15.770000457763672,15.241000175476074,15.460000038146973,39600,0.0,0.0
2023-05-09 00:00:00-04:00,15.5,15.600000381469727,15.0,15.40999984741211,18500,0.0,0.0
2023-05-10 00:00:00-04:00,15.489999771118164,15.489999771118164,14.984999656677246,15.350000381469727,8200,0.0,0.0
2023-05-11 00:00:00-04:00,15.119999885559082,15.454999923706055,14.770000457763672,15.40999984741211,14900,0.0,0.0
2023-05-12 00:00:00-04:00,15.270000457763672,15.5,15.270000457763672,15.300000190734863,5500,0.0,0.0
2023-05-15 00:00:00-04:00,15.489999771118164,15.489999771118164,15.0600004196167,15.260000228881836,5800,0.0,0.0
2023-05-16 00:00:00-04:00,15.0,15.649999618530273,15.0,15.350000381469727,11600,0.0,0.0
2023-05-17 00:00:00-04:00,15.57800006866455,16.040000915527344,15.555000305175781,16.0,7900,0.0,0.0
2023-05-18 00:00:00-04:00,15.670000076293945,15.765000343322754,15.1899995803833,15.510000228881836,11500,0.0,0.0
2023-05-19 00:00:00-04:00,15.654000282287598,15.8100004196167,15.489999771118164,15.5600004196167,2800,0.0,0.0
2023-05-22 00:00:00-04:00,15.789999961853027,15.914999961853027,15.25,15.399999618530273,13900,0.0,0.0
2023-05-23 00:00:00-04:00,15.25,15.28499984741211,15.1899995803833,15.1899995803833,7100,0.0,0.0
2023-05-24 00:00:00-04:00,15.1899995803833,15.8100004196167,15.0,15.010000228881836,22300,0.0,0.0
2023-05-25 00:00:00-04:00,14.739999771118164,14.90999984741211,14.529999732971191,14.75,5800,0.0,0.0
2023-05-26 00:00:00-04:00,14.699999809265137,14.779999732971191,14.5,14.5,7000,0.0,0.0
2023-05-30 00:00:00-04:00,14.470000267028809,14.489999771118164,14.130000114440918,14.300000190734863,14800,0.0,0.0
2023-05-31 00:00:00-04:00,14.199999809265137,14.199999809265137,13.479999542236328,13.800000190734863,9400,0.0,0.0
2023-06-01 00:00:00-04:00,13.65999984741211,14.510000228881836,13.645000457763672,13.890000343322754,8100,0.0,0.0
2023-06-02 00:00:00-04:00,14.149999618530273,14.694999694824219,14.069999694824219,14.300000190734863,5700,0.0,0.0
2023-06-05 00:00:00-04:00,14.15999984741211,14.510000228881836,13.699999809265137,14.149999618530273,4400,0.0,0.0
2023-06-06 00:00:00-04:00,13.979999542236328,14.520000457763672,13.979999542236328,14.300000190734863,4200,0.0,0.0
2023-06-07 00:00:00-04:00,14.255000114440918,14.48799991607666,14.020000457763672,14.100000381469727,5500,0.0,0.0
2023-06-08 00:00:00-04:00,14.029999732971191,14.199999809265137,13.979999542236328,14.109999656677246,7200,0.0,0.0
2023-06-09 00:00:00-04:00,13.84000015258789,14.14799976348877,13.710000038146973,13.899999618530273,9700,0.0,0.0
2023-06-12 00:00:00-04:00,14.010000228881836,14.067000389099121,13.800000190734863,14.059000015258789,2200,0.0,0.0
2023-06-13 00:00:00-04:00,13.979999542236328,14.029999732971191,13.63599967956543,13.649999618530273,8000,0.0,0.0
2023-06-14 00:00:00-04:00,13.729999542236328,14.267999649047852,13.729999542236328,13.979999542236328,2100,0.0,0.0
2023-06-15 00:00:00-04:00,13.850000381469727,14.1899995803833,13.850000381469727,14.065999984741211,6300,0.0,0.0
2023-06-16 00:00:00-04:00,14.119999885559082,14.119999885559082,13.989999771118164,13.989999771118164,2900,0.0,0.0
2023-06-20 00:00:00-04:00,13.989999771118164,14.187999725341797,13.850000381469727,14.173999786376953,12700,0.0,0.0
2023-06-21 00:00:00-04:00,14.5,14.5,13.98799991607666,14.149999618530273,6200,0.0,0.0
2023-06-22 00:00:00-04:00,14.149999618530273,14.34000015258789,14.109999656677246,14.109999656677246,9500,0.0,0.0
2023-06-23 00:00:00-04:00,14.40999984741211,14.40999984741211,14.050000190734863,14.100000381469727,7700,0.0,0.0
2023-06-26 00:00:00-04:00,14.050000190734863,14.109999656677246,13.989999771118164,14.020000457763672,5700,0.0,0.0
2023-06-27 00:00:00-04:00,14.050000190734863,14.100000381469727,13.819999694824219,13.960000038146973,4900,0.0,0.0
2023-06-28 00:00:00-04:00,13.75,13.949999809265137,13.699999809265137,13.9399995803833,11300,0.0,0.0
2023-06-29 00:00:00-04:00,13.850000381469727,14.104999542236328,13.850000381469727,14.0,6700,0.0,0.0
2023-06-30 00:00:00-04:00,14.0,14.524999618530273,14.0,14.119999885559082,6200,0.0,0.0
2023-07-03 00:00:00-04:00,14.149999618530273,14.25,13.899999618530273,13.930000305175781,16700,0.0,0.0
2023-07-05 00:00:00-04:00,13.90999984741211,14.180000305175781,13.720000267028809,13.729999542236328,8400,0.0,0.0
2023-07-06 00:00:00-04:00,13.899999618530273,13.899999618530273,13.800000190734863,13.864999771118164,2200,0.0,0.0
2023-07-07 00:00:00-04:00,13.869999885559082,13.989999771118164,13.859999656677246,13.989999771118164,3400,0.0,0.0
2023-07-10 00:00:00-04:00,13.871000289916992,14.0,13.869999885559082,14.0,3200,0.0,0.0
2023-07-11 00:00:00-04:00,13.930000305175781,14.069999694824219,13.819999694824219,14.0,7800,0.0,0.0
2023-07-12 00:00:00-04:00,14.079999923706055,14.4399995803833,14.010000228881836,14.239999771118164,14800,0.0,0.0
2023-07-13 00:00:00-04:00,14.220000267028809,14.4399995803833,14.220000267028809,14.305000305175781,3100,0.0,0.0
2023-07-14 00:00:00-04:00,14.281000137329102,14.3100004196167,14.194999694824219,14.194999694824219,10100,0.0,0.0
2023-07-17 00:00:00-04:00,14.239999771118164,14.239999771118164,13.902000427246094,14.130000114440918,10100,0.0,0.0
2023-07-18 00:00:00-04:00,14.239999771118164,14.300000190734863,13.899999618530273,13.970000267028809,16000,0.0,0.0
2023-07-19 00:00:00-04:00,13.784000396728516,14.194999694824219,13.784000396728516,14.09000015258789,4900,0.0,0.0
2023-07-20 00:00:00-04:00,14.039999961853027,14.039999961853027,13.899999618530273,13.989999771118164,4400,0.0,0.0
2023-07-21 00:00:00-04:00,13.920000076293945,14.067999839782715,13.420000076293945,13.850000381469727,9900,0.0,0.0
2023-07-24 00:00:00-04:00,13.9350004196167,13.96500015258789,13.800000190734863,13.86400032043457,7100,0.0,0.0
2023-07-25 00:00:00-04:00,13.9399995803833,14.020000457763672,13.8100004196167,13.970000267028809,8600,0.0,0.0
2023-07-26 00:00:00-04:00,13.90999984741211,14.076000213623047,13.890000343322754,14.017999649047852,7100,0.0,0.0
2023-07-27 00:00:00-04:00,13.949999809265137,14.229999542236328,13.880000114440918,14.039999961853027,11700,0.0,0.0
2023-07-28 00:00:00-04:00,13.960000038146973,14.399999618530273,13.829999923706055,14.375,11500,0.0,0.0
2023-07-31 00:00:00-04:00,14.430000305175781,14.4399995803833,13.920000076293945,14.420000076293945,7200,0.0,0.0
2023-08-01 00:00:00-04:00,14.279999732971191,14.399999618530273,13.996999740600586,14.279999732971191,2900,0.0,0.0
2023-08-02 00:00:00-04:00,14.100000381469727,14.189000129699707,14.0,14.100000381469727,3900,0.0,0.0
2023-08-03 00:00:00-04:00,14.300000190734863,14.4399995803833,14.270000457763672,14.300000190734863,1900,0.0,0.0
2023-08-04 00:00:00-04:00,14.3100004196167,14.3100004196167,13.989999771118164,14.300000190734863,5800,0.0,0.0
2023-08-07 00:00:00-04:00,14.420000076293945,14.670000076293945,14.128999710083008,14.597000122070312,9900,0.0,0.0
2023-08-08 00:00:00-04:00,14.109999656677246,14.460000038146973,14.109999656677246,14.1899995803833,3900,0.0,0.0
2023-08-09 00:00:00-04:00,14.449999809265137,14.47599983215332,14.109999656677246,14.399999618530273,7300,0.0,0.0
2023-08-10 00:00:00-04:00,14.312000274658203,14.704999923706055,14.312000274658203,14.704999923706055,6100,0.0,0.0
2023-08-11 00:00:00-04:00,14.6899995803833,14.699000358581543,14.116000175476074,14.630000114440918,10500,0.0,0.0
2023-08-14 00:00:00-04:00,14.600000381469727,14.710000038146973,14.300000190734863,14.350000381469727,6400,0.0,0.0
2023-08-15 00:00:00-04:00,14.210000038146973,14.510000228881836,14.210000038146973,14.350000381469727,12800,0.0,0.0
2023-08-16 00:00:00-04:00,14.460000038146973,14.710000038146973,14.449999809265137,14.510000228881836,9400,0.0,0.0
2023-08-17 00:00:00-04:00,14.347999572753906,14.645000457763672,14.324999809265137,14.645000457763672,4700,0.0,0.0
2023-08-18 00:00:00-04:00,14.359999656677246,14.524999618530273,14.359999656677246,14.5,4400,0.0,0.0
2023-08-21 00:00:00-04:00,14.260000228881836,14.260000228881836,14.100000381469727,14.100000381469727,4000,0.0,0.0
2023-08-22 00:00:00-04:00,14.3100004196167,14.460000038146973,14.149999618530273,14.149999618530273,3900,0.0,0.0
2023-08-23 00:00:00-04:00,14.149999618530273,14.246000289916992,14.149999618530273,14.239999771118164,3800,0.0,0.0
2023-08-24 00:00:00-04:00,14.140000343322754,14.140000343322754,14.109999656677246,14.109999656677246,1200,0.0,0.0
2023-08-25 00:00:00-04:00,14.399999618530273,14.399999618530273,14.100000381469727,14.100000381469727,5200,0.0,0.0
2023-08-28 00:00:00-04:00,14.069999694824219,14.208999633789062,13.880000114440918,14.140000343322754,5800,0.0,0.0
2023-08-29 00:00:00-04:00,14.130000114440918,14.449999809265137,14.100000381469727,14.210000038146973,12800,0.0,0.0
2023-08-30 00:00:00-04:00,14.199999809265137,14.25,14.0600004196167,14.079999923706055,8800,0.0,0.0
2023-08-31 00:00:00-04:00,14.0600004196167,14.470000267028809,13.996999740600586,14.0,4600,0.0,0.0
2023-09-01 00:00:00-04:00,14.010000228881836,14.140000343322754,14.010000228881836,14.100000381469727,5000,0.0,0.0
2023-09-05 00:00:00-04:00,14.029999732971191,14.029999732971191,13.859999656677246,13.899999618530273,4600,0.0,0.0
2023-09-06 00:00:00-04:00,14.0,14.0,13.989999771118164,13.989999771118164,700,0.0,0.0
2023-09-07 00:00:00-04:00,14.0600004196167,14.119999885559082,13.90999984741211,13.960000038146973,7100,0.0,0.0
2023-09-08 00:00:00-04:00,14.020000457763672,14.125,13.901000022888184,14.050000190734863,3500,0.0,0.0
2023-09-11 00:00:00-04:00,14.119999885559082,14.119999885559082,13.949999809265137,14.095000267028809,5700,0.0,0.0
2023-09-12 00:00:00-04:00,14.065999984741211,14.319999694824219,14.0,14.0,4100,0.0,0.0
2023-09-13 00:00:00-04:00,13.949999809265137,14.010000228881836,13.869999885559082,13.940999984741211,8300,0.0,0.0
2023-09-14 00:00:00-04:00,14.300000190734863,14.338000297546387,14.010000228881836,14.130000114440918,18600,0.0,0.0
2023-09-15 00:00:00-04:00,14.140000343322754,14.302000045776367,14.0,14.079999923706055,6200,0.0,0.0
2023-09-18 00:00:00-04:00,13.979999542236328,14.289999961853027,13.899999618530273,14.029999732971191,4900,0.0,0.0
2023-09-19 00:00:00-04:00,14.119999885559082,14.369999885559082,14.119999885559082,14.1899995803833,8600,0.0,0.0
2023-09-20 00:00:00-04:00,14.270000457763672,14.359999656677246,14.100000381469727,14.319999694824219,4300,0.0,0.0
2023-09-21 00:00:00-04:00,14.300000190734863,14.418000221252441,14.1899995803833,14.418000221252441,2300,0.0,0.0
2023-09-22 00:00:00-04:00,14.489999771118164,14.699999809265137,14.279999732971191,14.572999954223633,16500,0.0,0.0
2023-09-25 00:00:00-04:00,14.279999732971191,14.670000076293945,14.279999732971191,14.550000190734863,11900,0.0,0.0
2023-09-26 00:00:00-04:00,14.380000114440918,14.699999809265137,14.34000015258789,14.40999984741211,3600,0.0,0.0
2023-09-27 00:00:00-04:00,14.680000305175781,15.210000038146973,14.680000305175781,15.0,7200,0.0,0.0
2023-09-28 00:00:00-04:00,15.1899995803833,15.1899995803833,14.600000381469727,14.600000381469727,5100,0.0,0.0
2023-09-29 00:00:00-04:00,15.1899995803833,15.5,15.1899995803833,15.350000381469727,4500,0.0,0.0
2023-10-02 00:00:00-04:00,15.119999885559082,15.515000343322754,15.114999771118164,15.470000267028809,4300,0.0,0.0
2023-10-03 00:00:00-04:00,15.170000076293945,15.399999618530273,15.0,15.104000091552734,7000,0.0,0.0
2023-10-04 00:00:00-04:00,14.890000343322754,14.890000343322754,14.699999809265137,14.890000343322754,1300,0.0,0.0
2023-10-05 00:00:00-04:00,15.199999809265137,15.489999771118164,15.010000228881836,15.010000228881836,6500,0.0,0.0
2023-10-06 00:00:00-04:00,15.48799991607666,15.59000015258789,15.119999885559082,15.119999885559082,6300,0.0,0.0
2023-10-09 00:00:00-04:00,15.369999885559082,15.430000305175781,15.369999885559082,15.399999618530273,4200,0.0,0.0
2023-10-10 00:00:00-04:00,15.399999618530273,15.399999618530273,15.399999618530273,15.399999618530273,600,0.0,0.0
2023-10-11 00:00:00-04:00,14.680000305175781,15.399999618530273,14.680000305175781,15.152000427246094,8500,0.0,0.0
2023-10-12 00:00:00-04:00,15.279999732971191,15.350000381469727,15.25,15.350000381469727,2300,0.0,0.0
2023-10-13 00:00:00-04:00,15.300000190734863,15.890000343322754,14.949999809265137,15.779999732971191,6700,0.0,0.0
2023-10-16 00:00:00-04:00,15.4399995803833,15.600000381469727,15.289999961853027,15.529999732971191,9700,0.0,0.0
2023-10-17 00:00:00-04:00,15.491000175476074,16.020000457763672,15.491000175476074,15.850000381469727,7100,0.0,0.0
2023-10-18 00:00:00-04:00,15.899999618530273,15.899999618530273,15.770000457763672,15.779999732971191,2500,0.0,0.0
2023-10-19 00:00:00-04:00,16.200000762939453,16.200000762939453,16.0,16.0,1400,0.0,0.0
2023-10-20 00:00:00-04:00,15.899999618530273,15.949999809265137,15.710000038146973,15.75,3200,0.0,0.0
2023-10-23 00:00:00-04:00,15.666999816894531,15.666999816894531,15.5,15.5,1800,0.0,0.0
2023-10-24 00:00:00-04:00,15.829999923706055,15.890000343322754,15.6899995803833,15.779999732971191,4200,0.0,0.0
2023-10-25 00:00:00-04:00,15.890000343322754,15.890000343322754,15.510000228881836,15.602999687194824,2700,0.0,0.0
2023-10-26 00:00:00-04:00,15.300000190734863,15.694999694824219,15.199999809265137,15.279999732971191,3800,0.0,0.0
2023-10-27 00:00:00-04:00,15.319999694824219,15.45300006866455,15.093999862670898,15.093999862670898,1800,0.0,0.0
2023-10-30 00:00:00-04:00,14.899999618530273,14.989999771118164,14.699999809265137,14.942999839782715,6500,0.0,0.0
2023-10-31 00:00:00-04:00,14.904999732971191,15.118000030517578,14.904999732971191,15.100000381469727,1400,0.0,0.0
2023-11-01 00:00:00-04:00,14.70199966430664,15.050000190734863,14.460000038146973,15.050000190734863,2000,0.0,0.0
2023-11-02 00:00:00-04:00,14.850000381469727,15.144000053405762,14.75,15.039999961853027,6700,0.0,0.0
2023-11-03 00:00:00-04:00,15.039999961853027,15.039999961853027,14.75,14.949999809265137,3800,0.0,0.0
2023-11-06 00:00:00-05:00,15.010000228881836,15.0600004196167,14.779999732971191,14.970000267028809,2900,0.0,0.0
2023-11-07 00:00:00-05:00,14.710000038146973,15.166999816894531,14.701000213623047,14.779999732971191,4800,0.0,0.0
2023-11-08 00:00:00-05:00,14.670000076293945,15.071999549865723,14.65999984741211,14.859999656677246,7600,0.0,0.0
2023-11-09 00:00:00-05:00,15.09000015258789,15.199999809265137,14.970000267028809,15.050000190734863,12800,0.0,0.0
2023-11-10 00:00:00-05:00,14.800999641418457,15.199999809265137,14.800999641418457,14.970000267028809,2900,0.0,0.0
2023-11-13 00:00:00-05:00,15.350000381469727,15.350000381469727,14.989999771118164,15.350000381469727,3200,0.0,0.0
2023-11-14 00:00:00-05:00,15.34000015258789,15.800000190734863,15.039999961853027,15.795000076293945,18900,0.0,0.0
2023-11-15 00:00:00-05:00,15.789999961853027,15.800000190734863,15.59000015258789,15.699999809265137,5000,0.0,0.0
2023-11-16 00:00:00-05:00,15.600000381469727,15.800000190734863,15.260000228881836,15.449999809265137,19400,0.0,0.0
2023-11-17 00:00:00-05:00,15.649999618530273,15.9399995803833,15.53600025177002,15.84000015258789,9300,0.0,0.0
2023-11-20 00:00:00-05:00,15.710000038146973,16.079999923706055,15.710000038146973,16.010000228881836,21700,0.0,0.0
2023-11-21 00:00:00-05:00,16.091999053955078,16.549999237060547,16.051000595092773,16.5,25500,0.0,0.0
2023-11-22 00:00:00-05:00,16.5049991607666,16.940000534057617,16.280000686645508,16.93000030517578,18000,0.0,0.0
2023-11-24 00:00:00-05:00,16.979999542236328,18.030000686645508,16.954999923706055,17.829999923706055,18700,0.0,0.0
2023-11-27 00:00:00-05:00,18.0,18.299999237060547,17.479999542236328,17.958999633789062,17000,0.0,0.0
2023-11-28 00:00:00-05:00,18.309999465942383,18.56800079345703,17.989999771118164,18.489999771118164,4900,0.0,0.0
2023-11-29 00:00:00-05:00,18.510000228881836,18.968000411987305,18.020000457763672,18.799999237060547,9700,0.0,0.0
2023-11-30 00:00:00-05:00,18.899999618530273,19.979999542236328,18.899999618530273,19.80500030517578,19100,0.0,0.0
2023-12-01 00:00:00-05:00,20.0,20.40999984741211,19.899999618530273,20.0,39000,0.0,0.0
2023-12-04 00:00:00-05:00,20.239999771118164,20.239999771118164,19.15999984741211,19.5,15400,0.0,0.0
2023-12-05 00:00:00-05:00,19.670000076293945,19.670000076293945,18.06800079345703,18.940000534057617,14900,0.0,0.0
2023-12-06 00:00:00-05:00,18.899999618530273,19.18199920654297,18.405000686645508,18.739999771118164,10200,0.0,0.0
2023-12-07 00:00:00-05:00,18.53700065612793,18.759000778198242,18.219999313354492,18.299999237060547,8100,0.0,0.0
2023-12-08 00:00:00-05:00,18.25,18.85099983215332,18.25,18.270000457763672,5700,0.0,0.0
2023-12-11 00:00:00-05:00,18.440000534057617,18.719999313354492,18.200000762939453,18.200000762939453,1800,0.0,0.0
2023-12-12 00:00:00-05:00,18.200000762939453,18.479999542236328,18.149999618530273,18.350000381469727,4400,0.0,0.0
2023-12-13 00:00:00-05:00,18.399999618530273,18.399999618530273,18.1299991607666,18.25,9300,0.0,0.0
2023-12-14 00:00:00-05:00,18.25,18.632999420166016,18.25,18.3799991607666,5200,0.0,0.0
2023-12-15 00:00:00-05:00,18.75,19.25,18.549999237060547,18.790000915527344,9800,0.0,0.0
2023-12-18 00:00:00-05:00,19.110000610351562,19.709999084472656,18.75,19.280000686645508,18500,0.0,0.0
2023-12-19 00:00:00-05:00,19.299999237060547,19.5,19.21500015258789,19.21500015258789,3900,0.0,0.0
2023-12-20 00:00:00-05:00,19.209999084472656,19.31999969482422,18.759000778198242,19.170000076293945,10800,0.0,0.0
2023-12-21 00:00:00-05:00,19.100000381469727,19.299999237060547,18.56999969482422,19.219999313354492,13300,0.0,0.0
2023-12-22 00:00:00-05:00,19.209999084472656,19.908000946044922,18.969999313354492,19.440000534057617,20200,0.0,0.0
2023-12-26 00:00:00-05:00,19.360000610351562,19.899999618530273,19.30299949645996,19.610000610351562,3100,0.0,0.0
2023-12-27 00:00:00-05:00,19.5,19.5,18.829999923706055,19.149999618530273,8300,0.0,0.0
2023-12-28 00:00:00-05:00,19.200000762939453,19.5,19.070999145507812,19.149999618530273,35100,0.0,0.0
2023-12-29 00:00:00-05:00,19.149999618530273,19.343000411987305,18.136999130249023,19.049999237060547,11900,0.0,0.0
2024-01-02 00:00:00-05:00,19.049999237060547,19.39900016784668,18.940000534057617,18.940000534057617,14700,0.0,0.0
2024-01-03 00:00:00-05:00,18.950000762939453,19.698999404907227,18.920000076293945,19.469999313354492,7500,0.0,0.0
2024-01-04 00:00:00-05:00,19.899999618530273,21.0,19.799999237060547,20.93000030517578,32300,0.0,0.0
2024-01-05 00:00:00-05:00,21.40999984741211,21.40999984741211,20.5,21.25,22200,0.0,0.0
2024-01-08 00:00:00-05:00,21.729999542236328,21.729999542236328,20.6299991607666,21.010000228881836,5200,0.0,0.0
2024-01-09 00:00:00-05:00,21.270000457763672,21.469999313354492,20.440000534057617,21.049999237060547,13100,0.0,0.0
2024-01-10 00:00:00-05:00,20.700000762939453,20.799999237060547,20.405000686645508,20.600000381469727,12000,0.0,0.0
2024-01-11 00:00:00-05:00,20.5,20.5,20.010000228881836,20.149999618530273,5500,0.0,0.0
2024-01-12 00:00:00-05:00,20.149999618530273,20.790000915527344,20.149999618530273,20.579999923706055,5600,0.0,0.0
2024-01-16 00:00:00-05:00,20.440000534057617,20.549999237060547,20.094999313354492,20.329999923706055,4500,0.0,0.0
2024-01-17 00:00:00-05:00,20.309999465942383,20.75,20.299999237060547,20.472999572753906,1900,0.0,0.0
2024-01-18 00:00:00-05:00,20.59000015258789,20.79800033569336,20.40999984741211,20.780000686645508,6100,0.0,0.0
2024-01-19 00:00:00-05:00,20.594999313354492,20.989999771118164,20.40999984741211,20.850000381469727,11000,0.0,0.0
2024-01-22 00:00:00-05:00,20.899999618530273,20.9689998626709,20.549999237060547,20.549999237060547,5700,0.0,0.0
2024-01-23 00:00:00-05:00,20.709999084472656,20.860000610351562,20.440000534057617,20.652999877929688,5700,0.0,0.0
2024-01-24 00:00:00-05:00,20.479999542236328,20.979999542236328,20.479999542236328,20.899999618530273,12700,0.0,0.0
2024-01-25 00:00:00-05:00,20.729999542236328,20.8799991607666,20.649999618530273,20.649999618530273,3300,0.0,0.0
2024-01-26 00:00:00-05:00,20.549999237060547,20.90999984741211,20.450000762939453,20.863000869750977,6500,0.0,0.0
2024-01-29 00:00:00-05:00,20.729999542236328,20.849000930786133,20.510000228881836,20.549999237060547,9400,0.0,0.0
2024-01-30 00:00:00-05:00,20.489999771118164,20.850000381469727,20.479999542236328,20.847999572753906,6700,0.0,0.0
2024-01-31 00:00:00-05:00,20.809999465942383,20.989999771118164,20.35700035095215,20.989999771118164,9700,0.0,0.0
2024-02-01 00:00:00-05:00,21.040000915527344,21.040000915527344,20.299999237060547,20.75,10200,0.0,0.0
2024-02-02 00:00:00-05:00,20.479999542236328,20.649999618530273,20.399999618530273,20.510000228881836,4700,0.0,0.0
2024-02-05 00:00:00-05:00,20.299999237060547,20.43000030517578,20.299999237060547,20.420000076293945,5800,0.0,0.0
2024-02-06 00:00:00-05:00,20.719999313354492,20.8799991607666,20.540000915527344,20.68000030517578,2700,0.0,0.0
2024-02-07 00:00:00-05:00,20.600000381469727,20.649999618530273,20.375,20.399999618530273,4200,0.0,0.0
2024-02-08 00:00:00-05:00,20.579999923706055,20.579999923706055,20.030000686645508,20.110000610351562,5600,0.0,0.0
2024-02-09 00:00:00-05:00,20.100000381469727,20.434999465942383,20.100000381469727,20.25,3200,0.0,0.0
2024-02-12 00:00:00-05:00,20.489999771118164,20.799999237060547,20.1200008392334,20.475000381469727,8900,0.0,0.0
2024-02-13 00:00:00-05:00,20.434999465942383,20.899999618530273,20.4060001373291,20.4060001373291,12000,0.0,0.0
2024-02-14 00:00:00-05:00,20.700000762939453,21.6299991607666,20.700000762939453,20.90999984741211,7400,0.0,0.0
2024-02-15 00:00:00-05:00,21.0,21.479999542236328,20.979999542236328,21.28499984741211,9800,0.0,0.0
2024-02-16 00:00:00-05:00,21.010000228881836,21.969999313354492,21.010000228881836,21.43000030517578,15100,0.0,0.0
2024-02-20 00:00:00-05:00,21.290000915527344,21.75,21.030000686645508,21.75,5800,0.0,0.0
2024-02-21 00:00:00-05:00,21.75,22.149999618530273,21.290000915527344,21.711000442504883,20700,0.0,0.0
2024-02-22 00:00:00-05:00,21.700000762939453,21.700000762939453,21.100000381469727,21.233999252319336,9700,0.0,0.0
2024-02-23 00:00:00-05:00,21.420000076293945,21.700000762939453,21.39900016784668,21.68199920654297,6200,0.0,0.0
2024-02-26 00:00:00-05:00,21.31999969482422,21.770000457763672,21.290000915527344,21.59000015258789,4000,0.0,0.0
2024-02-27 00:00:00-05:00,21.264999389648438,21.780000686645508,21.264999389648438,21.55500030517578,7300,0.0,0.0
2024-02-28 00:00:00-05:00,21.676000595092773,22.190000534057617,21.600000381469727,21.600000381469727,27500,0.0,0.0
2024-02-29 00:00:00-05:00,21.309999465942383,22.016000747680664,21.309999465942383,22.0,8600,0.0,0.0
2024-03-01 00:00:00-05:00,21.729999542236328,23.40999984741211,21.729999542236328,23.350000381469727,23200,0.0,0.0
2024-03-04 00:00:00-05:00,23.34000015258789,23.34000015258789,22.520000457763672,22.777000427246094,12800,0.0,0.0
2024-03-05 00:00:00-05:00,22.56599998474121,23.18000030517578,22.549999237060547,22.920000076293945,4500,0.0,0.0
2024-03-06 00:00:00-05:00,22.98900032043457,23.329999923706055,22.700000762939453,22.700000762939453,19100,0.0,0.0
2024-03-07 00:00:00-05:00,22.743000030517578,23.165000915527344,22.743000030517578,23.165000915527344,4600,0.0,0.0
2024-03-08 00:00:00-05:00,23.1299991607666,23.329999923706055,23.11400032043457,23.15999984741211,8000,0.0,0.0
2024-03-11 00:00:00-04:00,23.31999969482422,23.329999923706055,22.809999465942383,23.329999923706055,6800,0.0,0.0
2024-03-12 00:00:00-04:00,23.469999313354492,23.959999084472656,23.149999618530273,23.889999389648438,16000,0.0,0.0
2024-03-13 00:00:00-04:00,23.920000076293945,23.979999542236328,22.850000381469727,22.90999984741211,36100,0.0,0.0
2024-03-14 00:00:00-04:00,22.8700008392334,23.440000534057617,22.1200008392334,22.780000686645508,12900,0.0,0.0
2024-03-15 00:00:00-04:00,21.81999969482422,22.739999771118164,21.81999969482422,22.625,4800,0.0,0.0
2024-03-18 00:00:00-04:00,22.31999969482422,23.200000762939453,21.790000915527344,22.670000076293945,14800,0.0,0.0
2024-03-19 00:00:00-04:00,22.559999465942383,22.559999465942383,22.100000381469727,22.299999237060547,4000,0.0,0.0
2024-03-20 00:00:00-04:00,22.299999237060547,22.299999237060547,21.309999465942383,21.94499969482422,7700,0.0,0.0
2024-03-21 00:00:00-04:00,21.610000610351562,22.989999771118164,21.610000610351562,22.549999237060547,8100,0.0,0.0
2024-03-22 00:00:00-04:00,22.32699966430664,22.399999618530273,22.100000381469727,22.299999237060547,6000,0.0,0.0
2024-03-25 00:00:00-04:00,22.599000930786133,22.599000930786133,21.719999313354492,22.0,9400,0.0,0.0
2024-03-26 00:00:00-04:00,21.649999618530273,21.649999618530273,21.309999465942383,21.5049991607666,4300,0.0,0.0
2024-03-27 00:00:00-04:00,21.5,21.5,20.305999755859375,20.75,7400,0.0,0.0
2024-03-28 00:00:00-04:00,20.559999465942383,21.299999237060547,20.302000045776367,20.84000015258789,5800,0.0,0.0
2024-04-01 00:00:00-04:00,20.549999237060547,21.25200080871582,20.5,21.209999084472656,3800,0.0,0.0
2024-04-02 00:00:00-04:00,20.75,20.844999313354492,20.75,20.844999313354492,800,0.0,0.0
2024-04-03 00:00:00-04:00,20.92300033569336,21.190000534057617,20.670000076293945,20.829999923706055,12300,0.0,0.0
2024-04-04 00:00:00-04:00,20.760000228881836,20.920000076293945,20.329999923706055,20.600000381469727,2800,0.0,0.0
2024-04-05 00:00:00-04:00,20.649999618530273,20.649999618530273,20.450000762939453,20.450000762939453,1000,0.0,0.0
2024-04-08 00:00:00-04:00,20.309999465942383,20.350000381469727,19.010000228881836,20.21500015258789,7600,0.0,0.0
2024-04-09 00:00:00-04:00,19.799999237060547,20.204999923706055,19.799999237060547,20.104999542236328,2500,0.0,0.0
2024-04-10 00:00:00-04:00,20.209999084472656,20.239999771118164,19.975000381469727,20.209999084472656,3500,0.0,0.0
2024-04-11 00:00:00-04:00,20.200000762939453,20.399999618530273,19.549999237060547,20.350000381469727,6400,0.0,0.0
2024-04-12 00:00:00-04:00,20.139999389648438,20.139999389648438,19.860000610351562,19.899999618530273,14200,0.0,0.0
2024-04-15 00:00:00-04:00,20.0,20.170000076293945,19.950000762939453,20.100000381469727,8000,0.0,0.0
2024-04-16 00:00:00-04:00,20.309999465942383,20.575000762939453,19.520000457763672,19.860000610351562,19500,0.0,0.0
2024-04-17 00:00:00-04:00,20.040000915527344,20.520000457763672,20.040000915527344,20.239999771118164,3000,0.0,0.0
2024-04-18 00:00:00-04:00,20.010000228881836,20.614999771118164,20.010000228881836,20.229999542236328,5400,0.0,0.0
2024-04-19 00:00:00-04:00,19.979999542236328,20.510000228881836,19.979999542236328,20.510000228881836,2300,0.0,0.0
2024-04-22 00:00:00-04:00,20.510000228881836,20.510000228881836,20.510000228881836,20.510000228881836,700,0.0,0.0
2024-04-23 00:00:00-04:00,20.049999237060547,20.72599983215332,20.049999237060547,20.72599983215332,5800,0.0,0.0
2024-04-24 00:00:00-04:00,20.77400016784668,20.77400016784668,20.729999542236328,20.729999542236328,800,0.0,0.0
2024-04-25 00:00:00-04:00,20.43000030517578,20.43000030517578,20.43000030517578,20.43000030517578,400,0.0,0.0
2024-04-26 00:00:00-04:00,20.670000076293945,20.670000076293945,20.3700008392334,20.579999923706055,3100,0.0,0.0
2024-04-29 00:00:00-04:00,20.59000015258789,20.59000015258789,20.049999237060547,20.200000762939453,6700,0.0,0.0
2024-04-30 00:00:00-04:00,20.5,20.5,19.69499969482422,20.11199951171875,33300,0.0,0.0
2024-05-01 00:00:00-04:00,19.780000686645508,20.295000076293945,19.780000686645508,20.295000076293945,27900,0.0,0.0
2024-05-02 00:00:00-04:00,20.229999542236328,20.36199951171875,20.229999542236328,20.36199951171875,1400,0.0,0.0
2024-05-03 00:00:00-04:00,20.316999435424805,20.360000610351562,20.19300079345703,20.19300079345703,2600,0.0,0.0
2024-05-06 00:00:00-04:00,20.114999771118164,20.246999740600586,20.030000686645508,20.030000686645508,2100,0.0,0.0
2024-05-07 00:00:00-04:00,19.920000076293945,20.68000030517578,19.700000762939453,20.520000457763672,6000,0.0,0.0
2024-05-08 00:00:00-04:00,20.559999465942383,20.895000457763672,20.559999465942383,20.850000381469727,5900,0.0,0.0
2024-05-09 00:00:00-04:00,20.989999771118164,21.420000076293945,20.985000610351562,21.299999237060547,8600,0.0,0.0
2024-05-10 00:00:00-04:00,21.733999252319336,21.733999252319336,21.510000228881836,21.709999084472656,3500,0.0,0.0
2024-05-13 00:00:00-04:00,21.84000015258789,21.950000762939453,21.0,21.825000762939453,2900,0.0,0.0
2024-05-14 00:00:00-04:00,21.825000762939453,21.825000762939453,21.825000762939453,21.825000762939453,300,0.0,0.0
2024-05-15 00:00:00-04:00,21.649999618530273,21.649999618530273,21.649999618530273,21.649999618530273,900,0.0,0.0
2024-05-16 00:00:00-04:00,21.5,21.75,21.5,21.719999313354492,1300,0.0,0.0
2024-05-17 00:00:00-04:00,21.520000457763672,21.920000076293945,21.520000457763672,21.920000076293945,5100,0.0,0.0
2024-05-20 00:00:00-04:00,21.940000534057617,22.476999282836914,21.847999572753906,22.299999237060547,6500,0.0,0.0
2024-05-21 00:00:00-04:00,21.6299991607666,22.209999084472656,21.6299991607666,22.045000076293945,7800,0.0,0.0
2024-05-22 00:00:00-04:00,21.81999969482422,22.100000381469727,21.5,21.549999237060547,18500,0.0,0.0
2024-05-23 00:00:00-04:00,21.200000762939453,21.700000762939453,21.200000762939453,21.700000762939453,4900,0.0,0.0
2024-05-24 00:00:00-04:00,21.3799991607666,21.625,21.208999633789062,21.600000381469727,6100,0.0,0.0
2024-05-28 00:00:00-04:00,21.65999984741211,21.65999984741211,21.43400001525879,21.639999389648438,1000,0.0,0.0
2024-05-29 00:00:00-04:00,21.200000762939453,21.69499969482422,21.200000762939453,21.43000030517578,3900,0.0,0.0
2024-05-30 00:00:00-04:00,21.450000762939453,21.450000762939453,21.450000762939453,21.450000762939453,1000,0.0,0.0
2024-05-31 00:00:00-04:00,21.540000915527344,21.739999771118164,21.530000686645508,21.739999771118164,2400,0.0,0.0
2024-06-03 00:00:00-04:00,22.0,22.0,21.600000381469727,21.80500030517578,900,0.0,0.0
2024-06-04 00:00:00-04:00,21.665000915527344,21.80500030517578,21.6200008392334,21.6200008392334,5100,0.0,0.0
2024-06-05 00:00:00-04:00,21.81999969482422,22.100000381469727,21.81999969482422,21.860000610351562,5300,0.0,0.0
2024-06-06 00:00:00-04:00,21.610000610351562,22.299999237060547,21.610000610351562,22.299999237060547,1800,0.0,0.0
2024-06-07 00:00:00-04:00,21.739999771118164,21.90999984741211,21.739999771118164,21.90999984741211,1100,0.0,0.0
2024-06-10 00:00:00-04:00,21.610000610351562,21.809999465942383,21.420000076293945,21.809999465942383,4500,0.0,0.0
2024-06-11 00:00:00-04:00,21.280000686645508,21.280000686645508,21.219999313354492,21.219999313354492,2900,0.0,0.0
2024-06-12 00:00:00-04:00,21.15999984741211,21.378999710083008,21.15999984741211,21.200000762939453,2000,0.0,0.0
2024-06-13 00:00:00-04:00,21.200000762939453,21.200000762939453,21.200000762939453,21.200000762939453,0,0.0,0.0
2024-06-14 00:00:00-04:00,21.049999237060547,21.059999465942383,19.700000762939453,20.200000762939453,40100,0.0,0.0
2024-06-17 00:00:00-04:00,19.90999984741211,22.8700008392334,19.90999984741211,22.43000030517578,228200,0.0,0.0
2024-06-18 00:00:00-04:00,22.850000381469727,23.545000076293945,22.510000228881836,23.469999313354492,75500,0.0,0.0
2024-06-20 00:00:00-04:00,23.690000534057617,24.010000228881836,23.225000381469727,23.825000762939453,37800,0.0,0.0
2024-06-21 00:00:00-04:00,23.864999771118164,24.229999542236328,23.75,24.0,27700,0.0,0.0
2024-06-24 00:00:00-04:00,24.56999969482422,24.84000015258789,24.010000228881836,24.579999923706055,16700,0.0,0.0
2024-06-25 00:00:00-04:00,24.030000686645508,24.450000762939453,24.030000686645508,24.444000244140625,10600,0.0,0.0
2024-06-26 00:00:00-04:00,24.299999237060547,24.799999237060547,24.299999237060547,24.767000198364258,8800,0.0,0.0
2024-06-27 00:00:00-04:00,24.799999237060547,24.799999237060547,24.371999740600586,24.530000686645508,8100,0.0,0.0
2024-06-28 00:00:00-04:00,24.010000228881836,24.719999313354492,24.010000228881836,24.559999465942383,4900,0.0,0.0
2024-07-01 00:00:00-04:00,24.530000686645508,24.790000915527344,24.3799991607666,24.3799991607666,11900,0.0,0.0
2024-07-02 00:00:00-04:00,24.170000076293945,24.6299991607666,24.110000610351562,24.6299991607666,2200,0.0,0.0
2024-07-03 00:00:00-04:00,24.49799919128418,24.690000534057617,24.49799919128418,24.690000534057617,2300,0.0,0.0
2024-07-05 00:00:00-04:00,24.709999084472656,24.729999542236328,24.200000762939453,24.200000762939453,3800,0.0,0.0
2024-07-08 00:00:00-04:00,24.329999923706055,24.329999923706055,23.5,23.530000686645508,14900,0.0,0.0
2024-07-09 00:00:00-04:00,23.790000915527344,23.790000915527344,23.200000762939453,23.209999084472656,10900,0.0,0.0
2024-07-10 00:00:00-04:00,23.06999969482422,23.6200008392334,23.06999969482422,23.079999923706055,5000,0.0,0.0
2024-07-11 00:00:00-04:00,23.079999923706055,24.030000686645508,23.079999923706055,24.030000686645508,4500,0.0,0.0
2024-07-12 00:00:00-04:00,24.260000228881836,24.3700008392334,23.06999969482422,23.079999923706055,6400,0.0,0.0
2024-07-15 00:00:00-04:00,22.860000610351562,23.121000289916992,22.549999237060547,22.940000534057617,12800,0.0,0.0
2024-07-16 00:00:00-04:00,22.600000381469727,23.3700008392334,22.600000381469727,23.3700008392334,2300,0.0,0.0
2024-07-17 00:00:00-04:00,23.450000762939453,23.649999618530273,22.559999465942383,23.649999618530273,4600,0.0,0.0
2024-07-18 00:00:00-04:00,23.219999313354492,24.6200008392334,23.219999313354492,24.100000381469727,6000,0.0,0.0
2024-07-19 00:00:00-04:00,24.270000457763672,24.5,23.441999435424805,24.299999237060547,5200,0.0,0.0
2024-07-22 00:00:00-04:00,24.719999313354492,24.719999313354492,23.600000381469727,23.6200008392334,10400,0.0,0.0
2024-07-23 00:00:00-04:00,24.100000381469727,24.100000381469727,23.709999084472656,24.027000427246094,5500,0.0,0.0
2024-07-24 00:00:00-04:00,23.969999313354492,24.076000213623047,23.0,23.34000015258789,10400,0.0,0.0
2024-07-25 00:00:00-04:00,23.200000762939453,23.200000762939453,22.43000030517578,22.700000762939453,14100,0.0,0.0
2024-07-26 00:00:00-04:00,22.788999557495117,22.788999557495117,22.299999237060547,22.299999237060547,4100,0.0,0.0
2024-07-29 00:00:00-04:00,22.34000015258789,23.280000686645508,22.200000762939453,22.395000457763672,6800,0.0,0.0
2024-07-30 00:00:00-04:00,22.200000762939453,22.389999389648438,22.0,22.0,9400,0.0,0.0
2024-07-31 00:00:00-04:00,22.0,22.200000762939453,21.950000762939453,22.200000762939453,11600,0.0,0.0
2024-08-01 00:00:00-04:00,22.209999084472656,22.209999084472656,21.402000427246094,21.889999389648438,6000,0.0,0.0
2024-08-02 00:00:00-04:00,21.760000228881836,21.760000228881836,20.700000762939453,20.959999084472656,11200,0.0,0.0
2024-08-05 00:00:00-04:00,20.6200008392334,20.6200008392334,19.610000610351562,20.21299934387207,13500,0.0,0.0
2024-08-06 00:00:00-04:00,21.09000015258789,21.200000762939453,19.672000885009766,21.0,11800,0.0,0.0
2024-08-07 00:00:00-04:00,21.290000915527344,21.700000762939453,21.084999084472656,21.3799991607666,12200,0.0,0.0
2024-08-08 00:00:00-04:00,20.209999084472656,21.415000915527344,20.1299991607666,21.145000457763672,9000,0.0,0.0
2024-08-09 00:00:00-04:00,21.0,21.09000015258789,20.075000762939453,21.0,12000,0.0,0.0
2024-08-12 00:00:00-04:00,20.940000534057617,21.07900047302246,20.799999237060547,20.799999237060547,7100,0.0,0.0
2024-08-13 00:00:00-04:00,20.642000198364258,20.700000762939453,20.45599937438965,20.690000534057617,5700,0.0,0.0
2024-08-14 00:00:00-04:00,20.780000686645508,20.780000686645508,20.459999084472656,20.549999237060547,2600,0.0,0.0
2024-08-15 00:00:00-04:00,20.329999923706055,20.655000686645508,20.280000686645508,20.570999145507812,2700,0.0,0.0
2024-08-16 00:00:00-04:00,20.280000686645508,20.520000457763672,20.219999313354492,20.450000762939453,6700,0.0,0.0
2024-08-19 00:00:00-04:00,20.545000076293945,20.559999465942383,20.200000762939453,20.219999313354492,5000,0.0,0.0
2024-08-20 00:00:00-04:00,20.6200008392334,20.6200008392334,20.18000030517578,20.434999465942383,3200,0.0,0.0
2024-08-21 00:00:00-04:00,20.56999969482422,20.56999969482422,20.56999969482422,20.56999969482422,800,0.0,0.0
2024-08-22 00:00:00-04:00,20.899999618530273,20.899999618530273,20.899999618530273,20.899999618530273,400,0.0,0.0
2024-08-23 00:00:00-04:00,20.5,20.75,20.350000381469727,20.3700008392334,3800,0.0,0.0
2024-08-26 00:00:00-04:00,20.65999984741211,20.65999984741211,20.350000381469727,20.350000381469727,2800,0.0,0.0
2024-08-27 00:00:00-04:00,20.399999618530273,20.600000381469727,20.399999618530273,20.399999618530273,4000,0.0,0.0
2024-08-28 00:00:00-04:00,20.520000457763672,20.56399917602539,20.399999618530273,20.44099998474121,4600,0.0,0.0
2024-08-29 00:00:00-04:00,20.899999618530273,20.899999618530273,20.200000762939453,20.399999618530273,5500,0.0,0.0
2024-08-30 00:00:00-04:00,20.399999618530273,20.399999618530273,20.200000762939453,20.200000762939453,1900,0.0,0.0
2024-09-03 00:00:00-04:00,20.0,20.238000869750977,20.0,20.06999969482422,1700,0.0,0.0
2024-09-04 00:00:00-04:00,20.059999465942383,20.059999465942383,19.920000076293945,19.9950008392334,1200,0.0,0.0
2024-09-05 00:00:00-04:00,20.142000198364258,20.149999618530273,20.125,20.125,900,0.0,0.0
2024-09-06 00:00:00-04:00,20.089000701904297,20.089000701904297,20.0,20.0,600,0.0,0.0
2024-09-09 00:00:00-04:00,20.01099967956543,20.031999588012695,19.639999389648438,19.639999389648438,3100,0.0,0.0
2024-09-10 00:00:00-04:00,19.600000381469727,20.100000381469727,19.600000381469727,19.756999969482422,2800,0.0,0.0
2024-09-11 00:00:00-04:00,19.8700008392334,20.110000610351562,19.8700008392334,20.110000610351562,3000,0.0,0.0
2024-09-12 00:00:00-04:00,19.75,20.489999771118164,19.5,20.489999771118164,9800,0.0,0.0
2024-09-13 00:00:00-04:00,20.399999618530273,20.79800033569336,20.399999618530273,20.790000915527344,1100,0.0,0.0
2024-09-16 00:00:00-04:00,20.385000228881836,20.540000915527344,20.02400016784668,20.399999618530273,1900,0.0,0.0
2024-09-17 00:00:00-04:00,20.43000030517578,20.440000534057617,20.0,20.0,6600,0.0,0.0
2024-09-18 00:00:00-04:00,20.0,20.100000381469727,20.0,20.100000381469727,2300,0.0,0.0
2024-09-19 00:00:00-04:00,20.233999252319336,20.25,20.0,20.145999908447266,4700,0.0,0.0
2024-09-20 00:00:00-04:00,20.0,20.559999465942383,20.0,20.5,8400,0.0,0.0
2024-09-23 00:00:00-04:00,20.5,20.649999618530273,20.10700035095215,20.399999618530273,14900,0.0,0.0
2024-09-24 00:00:00-04:00,20.299999237060547,20.770000457763672,20.200000762939453,20.770000457763672,2700,0.0,0.0
2024-09-25 00:00:00-04:00,20.209999084472656,20.5,20.209999084472656,20.5,2000,0.0,0.0
2024-09-26 00:00:00-04:00,20.270000457763672,20.73200035095215,20.270000457763672,20.73200035095215,1100,0.0,0.0
2024-09-27 00:00:00-04:00,20.31999969482422,20.739999771118164,20.31999969482422,20.613000869750977,5500,0.0,0.0
2024-09-30 00:00:00-04:00,20.790000915527344,20.790000915527344,20.459999084472656,20.5,5000,0.0,0.0
2024-10-01 00:00:00-04:00,20.760000228881836,20.760000228881836,20.36199951171875,20.36199951171875,2600,0.0,0.0
2024-10-02 00:00:00-04:00,20.760000228881836,20.760000228881836,20.760000228881836,20.760000228881836,200,0.0,0.0
2024-10-03 00:00:00-04:00,20.549999237060547,20.565000534057617,20.260000228881836,20.260000228881836,2200,0.0,0.0
2024-10-04 00:00:00-04:00,20.530000686645508,20.770000457763672,20.530000686645508,20.770000457763672,1600,0.0,0.0
2024-10-07 00:00:00-04:00,20.3799991607666,20.575000762939453,20.25,20.450000762939453,3000,0.0,0.0
2024-10-08 00:00:00-04:00,20.360000610351562,20.510000228881836,20.360000610351562,20.506999969482422,4400,0.0,0.0
2024-10-09 00:00:00-04:00,20.510000228881836,20.790000915527344,20.5,20.5,3900,0.0,0.0
2024-10-10 00:00:00-04:00,20.667999267578125,20.667999267578125,20.65999984741211,20.65999984741211,400,0.0,0.0
2024-10-11 00:00:00-04:00,20.510000228881836,20.6200008392334,20.25,20.25,3200,0.0,0.0
2024-10-14 00:00:00-04:00,20.100000381469727,20.5,19.90999984741211,20.333999633789062,1800,0.0,0.0
2024-10-15 00:00:00-04:00,20.084999084472656,20.084999084472656,19.75,19.809999465942383,19800,0.0,0.0
2024-10-16 00:00:00-04:00,19.610000610351562,19.636999130249023,19.325000762939453,19.562999725341797,6100,0.0,0.0
2024-10-17 00:00:00-04:00,19.5,19.638999938964844,18.700000762939453,19.516000747680664,5000,0.0,0.0
2024-10-18 00:00:00-04:00,19.5,19.58799934387207,19.5,19.57200050354004,3300,0.0,0.0
2024-10-21 00:00:00-04:00,19.5,19.5,19.0,19.399999618530273,12800,0.0,0.0
2024-10-22 00:00:00-04:00,19.3700008392334,19.475000381469727,19.3700008392334,19.475000381469727,600,0.0,0.0
2024-10-23 00:00:00-04:00,19.149999618530273,19.149999618530273,19.0,19.06999969482422,700,0.0,0.0
2024-10-24 00:00:00-04:00,19.257999420166016,19.5,19.0,19.0,7600,0.0,0.0
2024-10-25 00:00:00-04:00,19.0,19.0,18.8799991607666,18.92300033569336,2400,0.0,0.0
2024-10-28 00:00:00-04:00,18.5,18.5,17.0,18.079999923706055,7400,0.0,0.0
2024-10-29 00:00:00-04:00,18.030000686645508,18.350000381469727,17.8799991607666,17.94700050354004,1700,0.0,0.0
2024-10-30 00:00:00-04:00,17.799999237060547,17.899999618530273,17.75,17.75,2600,0.0,0.0
2024-10-31 00:00:00-04:00,17.739999771118164,18.46500015258789,17.5,17.628000259399414,1900,0.0,0.0
2024-11-01 00:00:00-04:00,17.5,17.700000762939453,16.950000762939453,16.950000762939453,8600,0.0,0.0
2024-11-04 00:00:00-05:00,16.5,16.604999542236328,15.149999618530273,16.604999542236328,18000,0.0,0.0
2024-11-05 00:00:00-05:00,16.290000915527344,16.628000259399414,15.5,15.550000190734863,6700,0.0,0.0
2024-11-06 00:00:00-05:00,16.270000457763672,16.469999313354492,15.5,16.020000457763672,16600,0.0,0.0
2024-11-07 00:00:00-05:00,15.989999771118164,16.200000762939453,15.579999923706055,16.200000762939453,7600,0.0,0.0
2024-11-08 00:00:00-05:00,15.470000267028809,16.131999969482422,15.470000267028809,15.760000228881836,5500,0.0,0.0
2024-11-11 00:00:00-05:00,15.75,15.75,15.5,15.6899995803833,6700,0.0,0.0
2024-11-12 00:00:00-05:00,15.649999618530273,15.800000190734863,15.100000381469727,15.289999961853027,9600,0.0,0.0
2024-11-13 00:00:00-05:00,15.119999885559082,15.119999885559082,14.619999885559082,14.984000205993652,4700,0.0,0.0
2024-11-14 00:00:00-05:00,14.871000289916992,15.0,14.739999771118164,14.989999771118164,4000,0.0,0.0
2024-11-15 00:00:00-05:00,15.0,15.595000267028809,15.0,15.489999771118164,2400,0.0,0.0
2024-11-18 00:00:00-05:00,15.399999618530273,15.579999923706055,15.09000015258789,15.100000381469727,3200,0.0,0.0
2024-11-19 00:00:00-05:00,15.0,15.0,14.109999656677246,14.960000038146973,6600,0.0,0.0
2024-11-20 00:00:00-05:00,11.949999809265137,14.960000038146973,11.09000015258789,14.529999732971191,13100,0.0,0.0
2024-11-21 00:00:00-05:00,14.470000267028809,14.699999809265137,13.800000190734863,14.40999984741211,10000,0.0,0.0
2024-11-22 00:00:00-05:00,13.529999732971191,14.5,13.529999732971191,14.102999687194824,5800,0.0,0.0
2024-11-25 00:00:00-05:00,14.100000381469727,14.4399995803833,13.170000076293945,13.34000015258789,21200,0.0,0.0
2024-11-26 00:00:00-05:00,13.420000076293945,13.72599983215332,13.399999618530273,13.5600004196167,7000,0.0,0.0
2024-11-27 00:00:00-05:00,13.777999877929688,13.800000190734863,13.5600004196167,13.649999618530273,5900,0.0,0.0
2024-11-29 00:00:00-05:00,13.684000015258789,13.845999717712402,13.649999618530273,13.800000190734863,3100,0.0,0.0
2024-12-02 00:00:00-05:00,13.699999809265137,13.829000473022461,13.399999618530273,13.40999984741211,17700,0.0,0.0
2024-12-03 00:00:00-05:00,13.40999984741211,13.40999984741211,13.0,13.40999984741211,6200,0.0,0.0
2024-12-04 00:00:00-05:00,13.170000076293945,14.0,13.170000076293945,14.0,12900,0.0,0.0
2024-12-05 00:00:00-05:00,13.5600004196167,13.765000343322754,13.444999694824219,13.765000343322754,3200,0.0,0.0
2024-12-06 00:00:00-05:00,13.128000259399414,13.539999961853027,13.11400032043457,13.149999618530273,4400,0.0,0.0
2024-12-09 00:00:00-05:00,13.15999984741211,13.279999732971191,12.859999656677246,12.859999656677246,6900,0.0,0.0
2024-12-10 00:00:00-05:00,12.859999656677246,13.024999618530273,12.859999656677246,12.925000190734863,6300,0.0,0.0
2024-12-11 00:00:00-05:00,12.949999809265137,13.199999809265137,12.949999809265137,13.029999732971191,7300,0.0,0.0
2024-12-12 00:00:00-05:00,13.170000076293945,13.220000267028809,13.0,13.0,8800,0.0,0.0
2024-12-13 00:00:00-05:00,12.020000457763672,12.989999771118164,12.020000457763672,12.319999694824219,20200,0.0,0.0
2024-12-16 00:00:00-05:00,12.119999885559082,12.144000053405762,11.5,11.5,13900,0.0,0.0
2024-12-17 00:00:00-05:00,11.255000114440918,11.489999771118164,11.050000190734863,11.050000190734863,16300,0.0,0.0
2024-12-18 00:00:00-05:00,10.09000015258789,10.920000076293945,10.039999961853027,10.75,8100,0.0,0.0
2024-12-19 00:00:00-05:00,10.75,10.979999542236328,10.520000457763672,10.65999984741211,18200,0.0,0.0
2024-12-20 00:00:00-05:00,10.574999809265137,10.996999740600586,10.574999809265137,10.664999961853027,15900,0.0,0.0
2024-12-23 00:00:00-05:00,10.5,10.829999923706055,10.3100004196167,10.706999778747559,49000,0.0,0.0
2024-12-24 00:00:00-05:00,10.699999809265137,11.633000373840332,10.699999809265137,11.633000373840332,22300,0.0,0.0
2024-12-26 00:00:00-05:00,11.630000114440918,11.807999610900879,11.62600040435791,11.73900032043457,4200,0.0,0.0
2024-12-27 00:00:00-05:00,11.699999809265137,11.880000114440918,11.229999542236328,11.34000015258789,8000,0.0,0.0
2024-12-30 00:00:00-05:00,11.079999923706055,11.329999923706055,10.529999732971191,11.210000038146973,8100,0.0,0.0
2024-12-31 00:00:00-05:00,11.25,11.6899995803833,10.800000190734863,11.199999809265137,10500,0.0,0.0
2025-01-02 00:00:00-05:00,10.942999839782715,11.59000015258789,10.855999946594238,11.345000267028809,3000,0.0,0.0
2025-01-03 00:00:00-05:00,11.039999961853027,11.510000228881836,11.039999961853027,11.100000381469727,8600,0.0,0.0
2025-01-06 00:00:00-05:00,11.199999809265137,11.199999809265137,10.670000076293945,10.850000381469727,4400,0.0,0.0
2025-01-07 00:00:00-05:00,10.760000228881836,10.970000267028809,10.59000015258789,10.970000267028809,7300,0.0,0.0
2025-01-08 00:00:00-05:00,10.569999694824219,10.630000114440918,10.399999618530273,10.600000381469727,8000,0.0,0.0
2025-01-10 00:00:00-05:00,10.600000381469727,10.979999542236328,10.600000381469727,10.920000076293945,7600,0.0,0.0
2025-01-13 00:00:00-05:00,11.0,11.479999542236328,11.0,11.449999809265137,15300,0.0,0.0
2025-01-14 00:00:00-05:00,11.579999923706055,11.579999923706055,11.449999809265137,11.470000267028809,4700,0.0,0.0
2025-01-15 00:00:00-05:00,11.5600004196167,11.800000190734863,11.434000015258789,11.75,5900,0.0,0.0
2025-01-16 00:00:00-05:00,11.600000381469727,11.75,11.449999809265137,11.5,3000,0.0,0.0
2025-01-17 00:00:00-05:00,11.289999961853027,11.800000190734863,11.100000381469727,11.380000114440918,9500,0.0,0.0
2025-01-21 00:00:00-05:00,11.539999961853027,11.552000045776367,11.270000457763672,11.34000015258789,5900,0.0,0.0
2025-01-22 00:00:00-05:00,11.454999923706055,11.454999923706055,11.071000099182129,11.071000099182129,2300,0.0,0.0
2025-01-23 00:00:00-05:00,11.390000343322754,11.720000267028809,11.159000396728516,11.5600004196167,11200,0.0,0.0
2025-01-24 00:00:00-05:00,11.369999885559082,11.550000190734863,11.369999885559082,11.449999809265137,1600,0.0,0.0
2025-01-27 00:00:00-05:00,11.34000015258789,11.34000015258789,11.34000015258789,11.34000015258789,700,0.0,0.0
2025-01-28 00:00:00-05:00,11.350000381469727,11.350000381469727,11.265999794006348,11.300000190734863,2000,0.0,0.0
2025-01-29 00:00:00-05:00,11.350000381469727,11.79800033569336,11.300000190734863,11.64900016784668,15900,0.0,0.0
2025-01-30 00:00:00-05:00,11.789999961853027,11.800000190734863,11.199999809265137,11.199999809265137,1600,0.0,0.0
2025-01-31 00:00:00-05:00,11.489999771118164,11.800000190734863,11.489999771118164,11.489999771118164,3500,0.0,0.0
2025-02-03 00:00:00-05:00,11.100000381469727,11.524999618530273,11.100000381469727,11.355999946594238,3200,0.0,0.0
2025-02-04 00:00:00-05:00,11.362000465393066,11.720000267028809,10.399999618530273,11.109999656677246,37800,0.0,0.0
2025-02-05 00:00:00-05:00,10.420000076293945,11.199999809265137,10.420000076293945,10.5,7900,0.0,0.0
2025-02-06 00:00:00-05:00,10.989999771118164,11.100000381469727,10.399999618530273,10.930000305175781,16400,0.0,0.0
2025-02-07 00:00:00-05:00,10.5,11.180000305175781,10.5,10.899999618530273,5300,0.0,0.0
2025-02-10 00:00:00-05:00,10.65999984741211,10.829999923706055,10.5,10.829999923706055,6700,0.0,0.0
2025-02-11 00:00:00-05:00,10.550000190734863,10.819999694824219,10.550000190734863,10.819999694824219,1700,0.0,0.0
2025-02-12 00:00:00-05:00,10.819999694824219,10.829999923706055,10.520000457763672,10.699999809265137,1300,0.0,0.0
2025-02-13 00:00:00-05:00,10.621999740600586,10.6899995803833,10.5,10.510000228881836,3800,0.0,0.0
2025-02-14 00:00:00-05:00,10.550000190734863,10.574999809265137,10.5,10.5,9000,0.0,0.0
2025-02-18 00:00:00-05:00,10.5,10.791999816894531,10.5,10.75,10400,0.0,0.0
2025-02-19 00:00:00-05:00,10.800000190734863,10.845000267028809,10.517000198364258,10.845000267028809,2500,0.0,0.0
2025-02-20 00:00:00-05:00,10.84000015258789,10.949999809265137,10.666000366210938,10.725000381469727,46700,0.0,0.0
2025-02-21 00:00:00-05:00,11.199999809265137,11.699999809265137,10.5,10.5,13300,0.0,0.0
2025-02-24 00:00:00-05:00,10.5,10.835000038146973,10.5,10.630000114440918,8700,0.0,0.0
2025-02-25 00:00:00-05:00,10.75,10.970000267028809,10.699999809265137,10.970000267028809,3300,0.0,0.0
2025-02-26 00:00:00-05:00,10.946000099182129,11.369999885559082,10.850000381469727,11.369999885559082,1500,0.0,0.0
2025-02-27 00:00:00-05:00,10.9399995803833,11.125,10.640000343322754,10.760000228881836,20100,0.0,0.0
2025-02-28 00:00:00-05:00,10.5600004196167,10.710000038146973,10.5,10.501999855041504,2600,0.0,0.0
2025-03-03 00:00:00-05:00,10.5,10.649999618530273,10.5,10.600000381469727,8500,0.0,0.0
2025-03-04 00:00:00-05:00,10.600000381469727,10.864999771118164,10.5,10.539999961853027,6800,0.0,0.0
2025-03-05 00:00:00-05:00,10.970000267028809,11.050000190734863,10.6899995803833,10.8100004196167,2800,0.0,0.0
2025-03-06 00:00:00-05:00,10.51099967956543,11.184000015258789,10.51099967956543,11.175000190734863,1600,0.0,0.0
2025-03-07 00:00:00-05:00,11.175000190734863,11.175000190734863,11.175000190734863,11.175000190734863,0,0.0,0.0
2025-03-10 00:00:00-04:00,10.75,10.75,10.5,10.5,2800,0.0,0.0
2025-03-11 00:00:00-04:00,10.5,10.550000190734863,10.5,10.522000312805176,2000,0.0,0.0
2025-03-12 00:00:00-04:00,11.100000381469727,11.149999618530273,10.520000457763672,10.819999694824219,37900,0.0,0.0
2025-03-13 00:00:00-04:00,10.779999732971191,10.779999732971191,10.779999732971191,10.779999732971191,400,0.0,0.0
2025-03-14 00:00:00-04:00,10.947999954223633,10.949999809265137,10.543999671936035,10.630000114440918,2100,0.0,0.0
2025-03-17 00:00:00-04:00,10.789999961853027,10.789999961853027,10.65999984741211,10.779999732971191,6000,0.0,0.0
2025-03-18 00:00:00-04:00,11.0,11.0,11.0,11.0,1100,0.0,0.0
2025-03-19 00:00:00-04:00,11.470000267028809,12.100000381469727,11.0,11.116000175476074,11800,0.0,0.0
2025-03-20 00:00:00-04:00,11.100000381469727,11.899999618530273,11.100000381469727,11.119999885559082,10600,0.0,0.0
2025-03-21 00:00:00-04:00,11.149999618530273,11.510000228881836,11.100000381469727,11.303000450134277,11200,0.0,0.0
2025-03-24 00:00:00-04:00,11.130000114440918,11.260000228881836,11.050999641418457,11.050999641418457,1300,0.0,0.0
2025-03-25 00:00:00-04:00,11.093999862670898,11.178000450134277,11.093999862670898,11.178000450134277,900,0.0,0.0
2025-03-26 00:00:00-04:00,11.119999885559082,11.491000175476074,11.119999885559082,11.491000175476074,4300,0.0,0.0
2025-03-27 00:00:00-04:00,11.121000289916992,11.220000267028809,11.121000289916992,11.220000267028809,1000,0.0,0.0
2025-03-28 00:00:00-04:00,11.380000114440918,11.380000114440918,11.0,11.100000381469727,2100,0.0,0.0
2025-03-31 00:00:00-04:00,11.039999961853027,11.039999961853027,10.979999542236328,10.979999542236328,2500,0.0,0.0
2025-04-01 00:00:00-04:00,11.0,11.149999618530273,10.40999984741211,10.40999984741211,2500,0.0,0.0
2025-04-02 00:00:00-04:00,10.420000076293945,10.899999618530273,10.399999618530273,10.899999618530273,1500,0.0,0.0
2025-04-03 00:00:00-04:00,10.210000038146973,10.324999809265137,10.0,10.0,4700,0.0,0.0
2025-04-04 00:00:00-04:00,9.352999687194824,9.5,8.390000343322754,8.75,11600,0.0,0.0
2025-04-07 00:00:00-04:00,8.010000228881836,8.819999694824219,8.0,8.779999732971191,2000,0.0,0.0
2025-04-08 00:00:00-04:00,9.347999572753906,9.470000267028809,8.756999969482422,9.010000228881836,7600,0.0,0.0
2025-04-09 00:00:00-04:00,8.420000076293945,9.414999961853027,8.420000076293945,9.119999885559082,6300,0.0,0.0
2025-04-10 00:00:00-04:00,9.0,9.109000205993652,9.0,9.053999900817871,1600,0.0,0.0
2025-04-11 00:00:00-04:00,8.4399995803833,8.649999618530273,8.0,8.550000190734863,5300,0.0,0.0
2025-04-14 00:00:00-04:00,9.024999618530273,9.138999938964844,9.024999618530273,9.138999938964844,1600,0.0,0.0
2025-04-15 00:00:00-04:00,8.5,8.934000015258789,8.5,8.59000015258789,3400,0.0,0.0
2025-04-16 00:00:00-04:00,8.675000190734863,9.140000343322754,8.675000190734863,8.720000267028809,3000,0.0,0.0
2025-04-17 00:00:00-04:00,9.539999961853027,9.539999961853027,8.800000190734863,9.149999618530273,3800,0.0,0.0
2025-04-21 00:00:00-04:00,9.0,9.359999656677246,8.399999618530273,8.439000129699707,9000,0.0,0.0
2025-04-22 00:00:00-04:00,8.770000457763672,9.5,8.539999961853027,9.0,9700,0.0,0.0
2025-04-23 00:00:00-04:00,9.0,9.0,8.75,8.949999809265137,5800,0.0,0.0
2025-04-24 00:00:00-04:00,8.470000267028809,8.87399959564209,8.470000267028809,8.649999618530273,5100,0.0,0.0
2025-04-25 00:00:00-04:00,8.699999809265137,8.803999900817871,8.527999877929688,8.779999732971191,5400,0.0,0.0
2025-04-28 00:00:00-04:00,8.751999855041504,8.751999855041504,8.520000457763672,8.616000175476074,3700,0.0,0.0
2025-04-29 00:00:00-04:00,8.779999732971191,8.779999732971191,8.758000373840332,8.758000373840332,1600,0.0,0.0
2025-04-30 00:00:00-04:00,8.890000343322754,8.899999618530273,8.75,8.75,2800,0.0,0.0
2025-05-01 00:00:00-04:00,8.75,8.75,8.75,8.75,0,0.0,0.0
2025-05-02 00:00:00-04:00,8.779999732971191,8.850000381469727,8.753999710083008,8.829999923706055,2600,0.0,0.0
2025-05-05 00:00:00-04:00,8.770999908447266,8.770999908447266,8.770999908447266,8.770999908447266,400,0.0,0.0
2025-05-06 00:00:00-04:00,8.75,8.75,8.631999969482422,8.631999969482422,1800,0.0,0.0
2025-05-07 00:00:00-04:00,8.510000228881836,8.755000114440918,8.5,8.755000114440918,1100,0.0,0.0
2025-05-08 00:00:00-04:00,8.661999702453613,8.76200008392334,8.649999618530273,8.76200008392334,1100,0.0,0.0
2025-05-09 00:00:00-04:00,8.76200008392334,8.76200008392334,8.76200008392334,8.76200008392334,0,0.0,0.0
2025-05-12 00:00:00-04:00,9.161999702453613,9.218000411987305,9.140000343322754,9.218000411987305,700,0.0,0.0
2025-05-13 00:00:00-04:00,9.260000228881836,9.260000228881836,8.779000282287598,8.99899959564209,1600,0.0,0.0
2025-05-14 00:00:00-04:00,9.0,9.845000267028809,9.0,9.697999954223633,2400,0.0,0.0
2025-05-15 00:00:00-04:00,9.1899995803833,9.944999694824219,9.1899995803833,9.888999938964844,1600,0.0,0.0
2025-05-16 00:00:00-04:00,9.199999809265137,9.199999809265137,9.199999809265137,9.199999809265137,1300,0.0,0.0
2025-05-19 00:00:00-04:00,9.093000411987305,9.093000411987305,9.093000411987305,9.093000411987305,500,0.0,0.0
2025-05-20 00:00:00-04:00,9.100000381469727,9.100000381469727,9.029999732971191,9.050000190734863,1800,0.0,0.0
2025-05-21 00:00:00-04:00,9.199999809265137,9.199999809265137,8.970000267028809,8.989999771118164,4800,0.0,0.0
2025-05-22 00:00:00-04:00,9.6899995803833,9.6899995803833,8.885000228881836,8.930000305175781,4600,0.0,0.0
2025-05-23 00:00:00-04:00,9.194999694824219,9.489999771118164,8.630000114440918,8.630000114440918,3700,0.0,0.0
2025-05-27 00:00:00-04:00,8.699999809265137,8.699999809265137,8.399999618530273,8.550000190734863,4200,0.0,0.0
2025-05-28 00:00:00-04:00,8.600000381469727,8.859999656677246,8.100000381469727,8.100000381469727,3700,0.0,0.0
2025-05-29 00:00:00-04:00,8.140000343322754,8.449999809265137,7.599999904632568,7.982999801635742,27800,0.0,0.0
2025-05-30 00:00:00-04:00,8.010000228881836,8.25,8.010000228881836,8.130000114440918,1400,0.0,0.0
2025-06-02 00:00:00-04:00,8.404999732971191,8.404999732971191,8.404999732971191,8.404999732971191,300,0.0,0.0
2025-06-03 00:00:00-04:00,8.805000305175781,8.805000305175781,8.154999732971191,8.154999732971191,1700,0.0,0.0
2025-06-04 00:00:00-04:00,8.399999618530273,8.756999969482422,8.399999618530273,8.756999969482422,1900,0.0,0.0
2025-06-05 00:00:00-04:00,8.279999732971191,8.539999961853027,8.0,8.279999732971191,8400,0.0,0.0
2025-06-06 00:00:00-04:00,8.54800033569336,8.736000061035156,8.010000228881836,8.390000343322754,24200,0.0,0.0
2025-06-09 00:00:00-04:00,8.390000343322754,8.399999618530273,8.343000411987305,8.399999618530273,3900,0.0,0.0
2025-06-10 00:00:00-04:00,9.005999565124512,9.40999984741211,9.005999565124512,9.40999984741211,1000,0.0,0.0
2025-06-11 00:00:00-04:00,9.289999961853027,9.289999961853027,9.12399959564209,9.12399959564209,1400,0.0,0.0
2025-06-12 00:00:00-04:00,9.399999618530273,9.399999618530273,8.890000343322754,8.890000343322754,7200,0.0,0.0
2025-06-13 00:00:00-04:00,8.880000114440918,8.920000076293945,8.65999984741211,8.920000076293945,1900,0.0,0.0
2025-06-16 00:00:00-04:00,9.0,9.0,8.710000038146973,8.9399995803833,600,0.0,0.0
2025-06-17 00:00:00-04:00,8.680000305175781,9.343999862670898,8.680000305175781,9.343999862670898,500,0.0,0.0
2025-06-18 00:00:00-04:00,9.119999885559082,9.329999923706055,9.100000381469727,9.329999923706055,1400,0.0,0.0
2025-06-20 00:00:00-04:00,9.180000305175781,9.279999732971191,8.991999626159668,8.991999626159668,1800,0.0,0.0
2025-06-23 00:00:00-04:00,9.149999618530273,9.149999618530273,8.968999862670898,9.020000457763672,6300,0.0,0.0
2025-06-24 00:00:00-04:00,9.020000457763672,9.100000381469727,8.946000099182129,9.100000381469727,2800,0.0,0.0
2025-06-25 00:00:00-04:00,9.045000076293945,9.600000381469727,9.045000076293945,9.392999649047852,6800,0.0,0.0
2025-06-26 00:00:00-04:00,9.385000228881836,11.850000381469727,8.949999809265137,9.107999801635742,63900,0.0,0.0
2025-06-27 00:00:00-04:00,9.380000114440918,10.300000190734863,9.199999809265137,9.640000343322754,10100,0.0,0.0
2025-06-30 00:00:00-04:00,9.149999618530273,9.989999771118164,9.149999618530273,9.779999732971191,6900,0.0,0.0
2025-07-01 00:00:00-04:00,9.75,9.75,9.670000076293945,9.670000076293945,1000,0.0,0.0
2025-07-02 00:00:00-04:00,9.260000228881836,10.062999725341797,9.260000228881836,9.73900032043457,3000,0.0,0.0
2025-07-03 00:00:00-04:00,9.73900032043457,9.73900032043457,9.73900032043457,9.73900032043457,0,0.0,0.0
2025-07-07 00:00:00-04:00,9.9399995803833,9.9399995803833,9.329999923706055,9.399999618530273,9000,0.0,0.0
2025-07-08 00:00:00-04:00,9.800000190734863,9.800000190734863,9.399999618530273,9.529999732971191,1800,0.0,0.0
2025-07-09 00:00:00-04:00,9.529999732971191,9.529999732971191,9.529999732971191,9.529999732971191,0,0.0,0.0
2025-07-10 00:00:00-04:00,9.789999961853027,10.444000244140625,9.25,9.949999809265137,15600,0.0,0.0
2025-07-11 00:00:00-04:00,9.949999809265137,9.949999809265137,9.949999809265137,9.949999809265137,0,0.0,0.0
2025-07-14 00:00:00-04:00,10.140000343322754,10.550000190734863,9.774999618530273,10.550000190734863,3500,0.0,0.0
2025-07-15 00:00:00-04:00,9.9399995803833,10.600000381469727,9.920000076293945,10.600000381469727,1100,0.0,0.0
2025-07-16 00:00:00-04:00,10.3100004196167,10.600000381469727,9.899999618530273,10.430000305175781,7900,0.0,0.0
2025-07-17 00:00:00-04:00,10.239999771118164,10.359999656677246,10.0,10.359999656677246,1000,0.0,0.0
2025-07-18 00:00:00-04:00,10.359999656677246,10.359999656677246,10.359999656677246,10.359999656677246,0,0.0,0.0
2025-07-21 00:00:00-04:00,10.664999961853027,10.664999961853027,10.664999961853027,10.664999961853027,500,0.0,0.0
2025-07-22 00:00:00-04:00,10.989999771118164,10.989999771118164,10.555000305175781,10.800000190734863,2500,0.0,0.0
2025-07-23 00:00:00-04:00,10.899999618530273,10.899999618530273,10.699999809265137,10.800000190734863,2600,0.0,0.0
2025-07-24 00:00:00-04:00,10.800000190734863,11.100000381469727,10.800000190734863,10.9399995803833,3500,0.0,0.0
2025-07-25 00:00:00-04:00,11.1899995803833,11.1899995803833,10.5600004196167,10.789999961853027,1400,0.0,0.0
2025-07-28 00:00:00-04:00,10.875,10.979999542236328,10.774999618530273,10.774999618530273,800,0.0,0.0
2025-07-29 00:00:00-04:00,10.65999984741211,10.65999984741211,10.550000190734863,10.609000205993652,3000,0.0,0.0
2025-07-30 00:00:00-04:00,10.600000381469727,10.600000381469727,10.260000228881836,10.38599967956543,1600,0.0,0.0
2025-07-31 00:00:00-04:00,10.425000190734863,10.425000190734863,10.366000175476074,10.366000175476074,400,0.0,0.0
2025-08-01 00:00:00-04:00,10.109999656677246,11.302000045776367,10.109999656677246,10.800000190734863,1800,0.0,0.0
2025-08-04 00:00:00-04:00,10.0,10.555000305175781,10.0,10.555000305175781,900,0.0,0.0
2025-08-05 00:00:00-04:00,10.600000381469727,10.600000381469727,10.100000381469727,10.449999809265137,1400,0.0,0.0
2025-08-06 00:00:00-04:00,10.970000267028809,10.970000267028809,10.010000228881836,10.010000228881836,900,0.0,0.0
2025-08-07 00:00:00-04:00,10.0600004196167,10.515000343322754,10.0600004196167,10.515000343322754,600,0.0,0.0
2025-08-08 00:00:00-04:00,10.100000381469727,10.100000381469727,10.100000381469727,10.100000381469727,300,0.0,0.0
2025-08-11 00:00:00-04:00,11.489999771118164,11.489999771118164,10.02299976348877,10.670000076293945,1700,0.0,0.0
2025-08-12 00:00:00-04:00,10.670000076293945,10.670000076293945,10.670000076293945,10.670000076293945,0,0.0,0.0
2025-08-13 00:00:00-04:00,10.989999771118164,10.989999771118164,10.25,10.25,2000,0.0,0.0
2025-08-14 00:00:00-04:00,10.300000190734863,10.6899995803833,10.300000190734863,10.6899995803833,400,0.0,0.0
2025-08-15 00:00:00-04:00,10.178999900817871,10.178999900817871,10.178999900817871,10.178999900817871,700,0.0,0.0
2025-08-18 00:00:00-04:00,10.260000228881836,10.260000228881836,10.260000228881836,10.260000228881836,300,0.0,0.0
2025-08-19 00:00:00-04:00,10.3100004196167,10.555000305175781,10.3100004196167,10.555000305175781,500,0.0,0.0
2025-08-20 00:00:00-04:00,10.539999961853027,10.539999961853027,10.539999961853027,10.539999961853027,1300,0.0,0.0
2025-08-21 00:00:00-04:00,10.550000190734863,10.720000267028809,10.550000190734863,10.6899995803833,600,0.0,0.0
2025-08-22 00:00:00-04:00,10.779999732971191,10.989999771118164,10.680000305175781,10.800000190734863,3400,0.0,0.0
2025-08-25 00:00:00-04:00,10.739999771118164,10.930000305175781,10.515000343322754,10.515000343322754,1100,0.0,0.0
2025-08-26 00:00:00-04:00,10.935999870300293,10.935999870300293,10.800000190734863,10.8100004196167,1200,0.0,0.0
2025-08-27 00:00:00-04:00,10.618000030517578,10.618000030517578,10.618000030517578,10.618000030517578,500,0.0,0.0
2025-08-28 00:00:00-04:00,11.149999618530273,11.149999618530273,11.149999618530273,11.149999618530273,500,0.0,0.0
2025-08-29 00:00:00-04:00,10.899999618530273,10.994999885559082,10.899999618530273,10.899999618530273,2200,0.0,0.0
2025-09-02 00:00:00-04:00,10.880000114440918,10.989999771118164,10.880000114440918,10.989999771118164,4100,0.0,0.0
2025-09-03 00:00:00-04:00,11.0,11.0,10.899999618530273,10.899999618530273,1900,0.0,0.0
2025-09-04 00:00:00-04:00,10.899999618530273,10.899999618530273,10.899999618530273,10.899999618530273,0,0.0,0.0
2025-09-05 00:00:00-04:00,10.697999954223633,10.930000305175781,10.697999954223633,10.887999534606934,4400,0.0,0.0
2025-09-08 00:00:00-04:00,10.694999694824219,11.149999618530273,10.694999694824219,10.9399995803833,2400,0.0,0.0
2025-09-09 00:00:00-04:00,11.119000434875488,11.539999961853027,11.050000190734863,11.229999542236328,5900,0.0,0.0
2025-09-10 00:00:00-04:00,11.260000228881836,11.5,11.239999771118164,11.479999542236328,4300,0.0,0.0
2025-09-11 00:00:00-04:00,11.479999542236328,11.9399995803833,11.479999542236328,11.9399995803833,3100,0.0,0.0
2025-09-12 00:00:00-04:00,11.866000175476074,12.210000038146973,11.84000015258789,12.020000457763672,3700,0.0,0.0
2025-09-15 00:00:00-04:00,12.25,12.479999542236328,12.25,12.479999542236328,1800,0.0,0.0
2025-09-16 00:00:00-04:00,12.199999809265137,12.199999809265137,12.199999809265137,12.199999809265137,3200,0.0,0.0
2025-09-17 00:00:00-04:00,11.210000038146973,12.489999771118164,11.210000038146973,12.489999771118164,1700,0.0,0.0
2025-09-18 00:00:00-04:00,12.5,16.139999389648438,12.5,13.0,71200,0.0,0.0
2025-09-19 00:00:00-04:00,12.109999656677246,12.970000267028809,11.871999740600586,12.579999923706055,13800,0.0,0.0
2025-09-22 00:00:00-04:00,12.01200008392334,12.220000267028809,12.01200008392334,12.220000267028809,2600,0.0,0.0
2025-09-23 00:00:00-04:00,12.430000305175781,12.460000038146973,12.300000190734863,12.460000038146973,3200,0.0,0.0
2025-09-24 00:00:00-04:00,12.460000038146973,12.5,12.020000457763672,12.479999542236328,2300,0.0,0.0
2025-09-25 00:00:00-04:00,12.5,12.5,12.130000114440918,12.270999908447266,2300,0.0,0.0
2025-09-26 00:00:00-04:00,12.270999908447266,12.270999908447266,12.270999908447266,12.270999908447266,0,0.0,0.0
2025-09-29 00:00:00-04:00,12.5,12.744999885559082,12.357000350952148,12.357000350952148,2500,0.0,0.0
2025-09-30 00:00:00-04:00,12.859999656677246,12.859999656677246,12.279999732971191,12.5,1000,0.0,0.0
2025-10-01 00:00:00-04:00,12.829999923706055,12.887999534606934,12.286999702453613,12.286999702453613,500,0.0,0.0
2025-10-02 00:00:00-04:00,12.510000228881836,12.649999618530273,12.279999732971191,12.649999618530273,2000,0.0,0.0
2025-10-03 00:00:00-04:00,12.329999923706055,12.579999923706055,12.3100004196167,12.3100004196167,6200,0.0,0.0
2025-10-06 00:00:00-04:00,12.289999961853027,12.630000114440918,12.289999961853027,12.329999923706055,3500,0.0,0.0
2025-10-07 00:00:00-04:00,12.5,12.65999984741211,12.5,12.65999984741211,8200,0.0,0.0
2025-10-08 00:00:00-04:00,12.649999618530273,12.649999618530273,12.15999984741211,12.5,1400,0.0,0.0
2025-10-09 00:00:00-04:00,12.399999618530273,12.640000343322754,12.399999618530273,12.399999618530273,900,0.0,0.0
2025-10-10 00:00:00-04:00,12.539999961853027,12.675999641418457,12.460000038146973,12.5,6700,0.0,0.0
2025-10-13 00:00:00-04:00,12.850000381469727,12.850000381469727,12.579999923706055,12.579999923706055,400,0.0,0.0
2025-10-14 00:00:00-04:00,12.149999618530273,12.15999984741211,12.149999618530273,12.15999984741211,3300,0.0,0.0
2025-10-15 00:00:00-04:00,12.460000038146973,12.460000038146973,12.109999656677246,12.125,700,0.0,0.0
2025-10-16 00:00:00-04:00,12.520000457763672,12.579999923706055,12.170000076293945,12.170000076293945,2200,0.0,0.0
2025-10-17 00:00:00-04:00,12.539999961853027,12.539999961853027,12.149999618530273,12.34000015258789,800,0.0,0.0
2025-10-20 00:00:00-04:00,12.229999542236328,12.479999542236328,12.170000076293945,12.196999549865723,800,0.0,0.0
2025-10-21 00:00:00-04:00,12.229999542236328,12.229999542236328,12.229999542236328,12.229999542236328,500,0.0,0.0
2025-10-22 00:00:00-04:00,12.15999984741211,12.460000038146973,12.156999588012695,12.239999771118164,1800,0.0,0.0
2025-10-23 00:00:00-04:00,11.963000297546387,12.201000213623047,11.944999694824219,12.137999534606934,4400,0.0,0.0
2025-10-24 00:00:00-04:00,12.029999732971191,12.300000190734863,11.97599983215332,12.0600004196167,1100,0.0,0.0
2025-10-27 00:00:00-04:00,12.479999542236328,12.479999542236328,12.079999923706055,12.229999542236328,700,0.0,0.0
2025-10-28 00:00:00-04:00,12.140000343322754,12.140000343322754,12.116000175476074,12.116000175476074,900,0.0,0.0
2025-10-29 00:00:00-04:00,12.430000305175781,12.527000427246094,12.151000022888184,12.527000427246094,2300,0.0,0.0
2025-10-30 00:00:00-04:00,12.5,13.0,12.4350004196167,12.619999885559082,20700,0.0,0.0
2025-10-31 00:00:00-04:00,12.850000381469727,12.979999542236328,12.720000267028809,12.90999984741211,3800,0.0,0.0
2025-11-03 00:00:00-05:00,12.109999656677246,12.84000015258789,12.109999656677246,12.819999694824219,3000,0.0,0.0
2025-11-04 00:00:00-05:00,12.100000381469727,12.100000381469727,12.09000015258789,12.09000015258789,300,0.0,0.0
2025-11-05 00:00:00-05:00,12.149999618530273,13.0,12.109999656677246,12.829999923706055,1200,0.0,0.0
2025-11-06 00:00:00-05:00,12.829999923706055,12.829999923706055,12.829999923706055,12.829999923706055,0,0.0,0.0
2025-11-07 00:00:00-05:00,12.5,13.0,12.5,12.529999732971191,10100,0.0,0.0
2025-11-10 00:00:00-05:00,12.989999771118164,13.479000091552734,12.989999771118164,13.479000091552734,2300,0.0,0.0
2025-11-11 00:00:00-05:00,12.949999809265137,13.225000381469727,12.949999809265137,13.225000381469727,700,0.0,0.0
2025-11-12 00:00:00-05:00,13.479999542236328,13.5,13.199999809265137,13.5,1000,0.0,0.0
2025-11-13 00:00:00-05:00,14.0,14.0,13.225000381469727,13.225000381469727,5400,0.0,0.0
2025-11-14 00:00:00-05:00,13.37600040435791,13.37600040435791,13.003999710083008,13.050000190734863,1200,0.0,0.0
2025-11-17 00:00:00-05:00,13.434000015258789,13.5,13.300000190734863,13.375,3000,0.0,0.0
2025-11-18 00:00:00-05:00,13.899999618530273,13.899999618530273,13.352999687194824,13.430000305175781,1900,0.0,0.0
2025-11-19 00:00:00-05:00,13.380000114440918,13.380000114440918,13.380000114440918,13.380000114440918,600,0.0,0.0
2025-11-20 00:00:00-05:00,13.625,13.625,12.989999771118164,12.989999771118164,6000,0.0,0.0
2025-11-21 00:00:00-05:00,12.989999771118164,12.989999771118164,12.989999771118164,12.989999771118164,0,0.0,0.0
2025-11-24 00:00:00-05:00,13.050000190734863,13.050000190734863,13.050000190734863,13.050000190734863,300,0.0,0.0
2025-11-25 00:00:00-05:00,13.050000190734863,13.050000190734863,13.050000190734863,13.050000190734863,0,0.0,0.0
2025-11-26 00:00:00-05:00,13.75,13.75,13.100000381469727,13.239999771118164,1300,0.0,0.0
2025-11-28 00:00:00-05:00,13.050000190734863,13.050000190734863,12.479999542236328,13.0,6100,0.0,0.0
2025-12-01 00:00:00-05:00,12.5,12.640000343322754,12.5,12.550000190734863,1500,0.0,0.0
2025-12-02 00:00:00-05:00,13.0,13.380000114440918,12.899999618530273,13.0,21100,0.0,0.0
2025-12-03 00:00:00-05:00,12.960000038146973,13.100000381469727,12.960000038146973,13.100000381469727,500,0.0,0.0
2025-12-04 00:00:00-05:00,13.399999618530273,13.630000114440918,13.399999618530273,13.630000114440918,800,0.0,0.0
2025-12-05 00:00:00-05:00,13.630000114440918,13.630000114440918,13.630000114440918,13.630000114440918,0,0.0,0.0
2025-12-08 00:00:00-05:00,13.295000076293945,13.489999771118164,13.295000076293945,13.489999771118164,2100,0.0,0.0
2025-12-09 00:00:00-05:00,13.220000267028809,13.220000267028809,13.220000267028809,13.220000267028809,700,0.0,0.0
2025-12-10 00:00:00-05:00,13.229999542236328,13.75,13.100000381469727,13.699999809265137,2400,0.0,0.0
2025-12-11 00:00:00-05:00,13.479999542236328,13.571999549865723,13.100000381469727,13.571999549865723,1600,0.0,0.0
2025-12-12 00:00:00-05:00,13.347999572753906,13.347999572753906,13.199999809265137,13.319999694824219,2700,0.0,0.0
2025-12-15 00:00:00-05:00,13.319999694824219,13.319999694824219,13.145000457763672,13.145000457763672,1200,0.0,0.0
2025-12-16 00:00:00-05:00,13.199999809265137,13.199999809265137,12.9350004196167,13.100000381469727,6200,0.0,0.0
2025-12-17 00:00:00-05:00,13.0,13.199999809265137,13.0,13.199999809265137,2400,0.0,0.0
2025-12-18 00:00:00-05:00,13.199999809265137,13.199999809265137,13.199999809265137,13.199999809265137,0,0.0,0.0
2025-12-19 00:00:00-05:00,13.239999771118164,13.239999771118164,13.055999755859375,13.055999755859375,1900,0.0,0.0
2025-12-22 00:00:00-05:00,13.347999572753906,13.347999572753906,13.0,13.0,1200,0.0,0.0
2025-12-23 00:00:00-05:00,13.0,13.0,13.0,13.0,0,0.0,0.0
2025-12-24 00:00:00-05:00,13.0,13.0,13.0,13.0,0,0.0,0.0
2025-12-26 00:00:00-05:00,13.0,13.125,12.600000381469727,12.850000381469727,3400,0.0,0.0
2025-12-29 00:00:00-05:00,12.989999771118164,13.239999771118164,12.949999809265137,13.239999771118164,3100,0.0,0.0
2025-12-30 00:00:00-05:00,13.0,13.050000190734863,13.0,13.050000190734863,900,0.0,0.0
2025-12-31 00:00:00-05:00,12.800000190734863,13.390000343322754,12.699999809265137,12.831000328063965,4900,0.0,0.0
2026-01-02 00:00:00-05:00,12.8100004196167,12.8100004196167,12.8100004196167,12.8100004196167,2300,0.0,0.0
2026-01-05 00:00:00-05:00,12.8100004196167,12.8100004196167,12.8100004196167,12.8100004196167,0,0.0,0.0
2026-01-06 00:00:00-05:00,12.699999809265137,12.899999618530273,12.579999923706055,12.899999618530273,4200,0.0,0.0
2026-01-07 00:00:00-05:00,12.899999618530273,12.899999618530273,12.899999618530273,12.899999618530273,3300,0.0,0.0
2026-01-08 00:00:00-05:00,12.489999771118164,12.899999618530273,12.300000190734863,12.890000343322754,7200,0.0,0.0
2026-01-09 00:00:00-05:00,12.90999984741211,12.90999984741211,12.630000114440918,12.829999923706055,2100,0.0,0.0
2026-01-12 00:00:00-05:00,12.899999618530273,13.1899995803833,12.850000381469727,13.074000358581543,2600,0.0,0.0
2026-01-13 00:00:00-05:00,12.960000038146973,12.960000038146973,12.550000190734863,12.720000267028809,2200,0.0,0.0
2026-01-14 00:00:00-05:00,12.880000114440918,13.149999618530273,12.800000190734863,13.149999618530273,4800,0.0,0.0
2026-01-15 00:00:00-05:00,13.0,13.75,13.0,13.524999618530273,5200,0.0,0.0
2026-01-16 00:00:00-05:00,13.600000381469727,13.600000381469727,13.5,13.600000381469727,3300,0.0,0.0
2026-01-20 00:00:00-05:00,13.449999809265137,13.600000381469727,13.149999618530273,13.449999809265137,3600,0.0,0.0
2026-01-21 00:00:00-05:00,13.65999984741211,13.699999809265137,13.4399995803833,13.699999809265137,1300,0.0,0.0
2026-01-22 00:00:00-05:00,13.100000381469727,13.423999786376953,13.100000381469727,13.25,1700,0.0,0.0
2026-01-23 00:00:00-05:00,13.449999809265137,13.449999809265137,13.199999809265137,13.430000305175781,7400,0.0,0.0
2026-01-26 00:00:00-05:00,13.430000305175781,13.430000305175781,13.215999603271484,13.215999603271484,1300,0.0,0.0
2026-01-27 00:00:00-05:00,13.390000343322754,13.6899995803833,13.390000343322754,13.5,8000,0.0,0.0
2026-01-28 00:00:00-05:00,13.699999809265137,13.75,13.619999885559082,13.75,9100,0.0,0.0
2026-01-29 00:00:00-05:00,13.930000305175781,14.899999618530273,13.930000305175781,14.699999809265137,7500,0.0,0.0
2026-01-30 00:00:00-05:00,14.899999618530273,14.989999771118164,14.260000228881836,14.260000228881836,5700,0.0,0.0
2026-02-02 00:00:00-05:00,14.279999732971191,14.279999732971191,14.279999732971191,14.279999732971191,800,0.0,0.0
2026-02-03 00:00:00-05:00,14.324999809265137,14.350000381469727,13.359999656677246,13.680000305175781,6300,0.0,0.0
2026-02-04 00:00:00-05:00,13.710000038146973,13.710000038146973,12.789999961853027,12.789999961853027,4400,0.0,0.0
2026-02-05 00:00:00-05:00,12.779999732971191,12.800000190734863,12.770000457763672,12.770000457763672,2600,0.0,0.0
2026-02-06 00:00:00-05:00,12.880000114440918,12.880000114440918,12.880000114440918,12.880000114440918,700,0.0,0.0
2026-02-09 00:00:00-05:00,12.989999771118164,13.710000038146973,12.9399995803833,13.699999809265137,12500,0.0,0.0
2026-02-10 00:00:00-05:00,13.8100004196167,14.75,13.8100004196167,14.699999809265137,4200,0.0,0.0
2026-02-11 00:00:00-05:00,14.5,14.869999885559082,14.319999694824219,14.319999694824219,2700,0.0,0.0
2026-02-12 00:00:00-05:00,13.640000343322754,13.640000343322754,13.640000343322754,13.640000343322754,400,0.0,0.0
2026-02-13 00:00:00-05:00,14.850000381469727,14.850000381469727,13.661999702453613,13.661999702453613,500,0.0,0.0
2026-02-17 00:00:00-05:00,14.0600004196167,14.187000274658203,14.0600004196167,14.187000274658203,1500,0.0,0.0
2026-02-18 00:00:00-05:00,14.539999961853027,16.950000762939453,14.5,16.25,21900,0.0,0.0
2026-02-19 00:00:00-05:00,16.969999313354492,18.010000228881836,15.954999923706055,16.899999618530273,18500,0.0,0.0
2026-02-20 00:00:00-05:00,17.940000534057617,18.760000228881836,17.0,18.5,38800,0.0,0.0
2026-02-23 00:00:00-05:00,19.989999771118164,20.329999923706055,19.09000015258789,19.850000381469727,45200,0.0,0.0
2026-02-24 00:00:00-05:00,20.540000915527344,21.56999969482422,19.5,20.360000610351562,48100,0.0,0.0
2026-02-25 00:00:00-05:00,20.670000076293945,21.450000762939453,20.350000381469727,20.899999618530273,66900,0.0,0.0
2026-02-26 00:00:00-05:00,21.0,21.719999313354492,20.360000610351562,21.6200008392334,55700,0.0,0.0
2026-02-27 00:00:00-05:00,21.989999771118164,21.989999771118164,20.200000762939453,21.979999542236328,27400,0.0,0.0
2026-03-02 00:00:00-05:00,23.149999618530273,23.979999542236328,21.68000030517578,22.8799991607666,88100,0.0,0.0
2026-03-03 00:00:00-05:00,22.540000915527344,22.790000915527344,22.0,22.350000381469727,42200,0.0,0.0
2026-03-04 00:00:00-05:00,22.350000381469727,22.350000381469727,20.5,20.850000381469727,24100,0.0,0.0
2026-03-05 00:00:00-05:00,20.940000534057617,21.329999923706055,19.649999618530273,20.540000915527344,33400,0.0,0.0
2026-03-06 00:00:00-05:00,17.024999618530273,21.040000915527344,17.024999618530273,20.200000762939453,72500,0.0,0.0
2026-03-09 00:00:00-04:00,19.520000457763672,21.889999389648438,19.229999542236328,19.389999389648438,34300,0.0,0.0
2026-03-10 00:00:00-04:00,19.389999389648438,20.15999984741211,19.209999084472656,19.6200008392334,21800,0.0,0.0
2026-03-11 00:00:00-04:00,20.15999984741211,21.299999237060547,19.350000381469727,21.299999237060547,30600,0.0,0.0
2026-03-12 00:00:00-04:00,21.030000686645508,21.10300064086914,19.510000228881836,19.510000228881836,16100,0.0,0.0
2026-03-13 00:00:00-04:00,19.510000228881836,20.25,18.5,18.709999084472656,37800,0.0,0.0
2026-03-16 00:00:00-04:00,18.700000762939453,20.0,18.700000762939453,19.270000457763672,44600,0.0,0.0
2026-03-17 00:00:00-04:00,19.56999969482422,20.420000076293945,19.56999969482422,20.079999923706055,28800,0.0,0.0
2026-03-18 00:00:00-04:00,20.0,20.399999618530273,19.55500030517578,19.670000076293945,24000,0.0,0.0
2026-03-19 00:00:00-04:00,19.520000457763672,19.989999771118164,18.450000762939453,18.469999313354492,45600,0.0,0.0
2026-03-20 00:00:00-04:00,18.889999389648438,20.0,18.540000915527344,19.350000381469727,25600,0.0,0.0
2026-03-23 00:00:00-04:00,19.040000915527344,19.34000015258789,17.889999389648438,17.889999389648438,34800,0.0,0.0
2026-03-24 00:00:00-04:00,17.81999969482422,20.0,17.510000228881836,19.93000030517578,99300,0.0,0.0
2026-03-25 00:00:00-04:00,19.93000030517578,20.06999969482422,18.65999984741211,19.719999313354492,124000,0.0,0.0
2026-03-26 00:00:00-04:00,19.510000228881836,19.704999923706055,18.700000762939453,18.700000762939453,12800,0.0,0.0
2026-03-27 00:00:00-04:00,18.850000381469727,20.0,18.53499984741211,19.8700008392334,45300,0.0,0.0
2026-03-30 00:00:00-04:00,19.8700008392334,20.399999618530273,18.059999465942383,18.209999084472656,50000,0.0,0.0
2026-03-31 00:00:00-04:00,18.420000076293945,19.790000915527344,18.25,19.700000762939453,12100,0.0,0.0
2026-04-01 00:00:00-04:00,19.889999389648438,20.0,18.825000762939453,19.260000228881836,37100,0.0,0.0
2026-04-02 00:00:00-04:00,19.280000686645508,19.84000015258789,18.649999618530273,19.780000686645508,15200,0.0,0.0
2026-04-06 00:00:00-04:00,19.81999969482422,20.0,19.260000228881836,19.579999923706055,24500,0.0,0.0
2026-04-07 00:00:00-04:00,19.8700008392334,20.0,19.5,19.989999771118164,14800,0.0,0.0
2026-04-08 00:00:00-04:00,19.649999618530273,20.100000381469727,19.520000457763672,19.579999923706055,29300,0.0,0.0
2026-04-09 00:00:00-04:00,19.780000686645508,19.950000762939453,19.329999923706055,19.940000534057617,11900,0.0,0.0
2026-04-10 00:00:00-04:00,19.469999313354492,19.649999618530273,18.559999465942383,18.700000762939453,12500,0.0,0.0
2026-04-13 00:00:00-04:00,19.100000381469727,20.0,19.086000442504883,19.940000534057617,21500,0.0,0.0
2026-04-14 00:00:00-04:00,19.75,22.3799991607666,19.639999389648438,21.149999618530273,83700,0.0,0.0
2026-04-15 00:00:00-04:00,21.389999389648438,22.174999237060547,20.93000030517578,21.139999389648438,35800,0.0,0.0
2026-04-16 00:00:00-04:00,21.049999237060547,21.049999237060547,19.899999618530273,19.989999771118164,32400,0.0,0.0
2026-04-17 00:00:00-04:00,20.6299991607666,22.809999465942383,19.992000579833984,21.959999084472656,37900,0.0,0.0
2026-04-20 00:00:00-04:00,21.440000534057617,22.18000030517578,20.229999542236328,20.229999542236328,34000,0.0,0.0
2026-04-21 00:00:00-04:00,21.25,21.5,20.139999389648438,21.479999542236328,17300,0.0,0.0
2026-04-22 00:00:00-04:00,21.43000030517578,21.989999771118164,20.700000762939453,20.829999923706055,9600,0.0,0.0
2026-04-23 00:00:00-04:00,20.719999313354492,21.200000762939453,20.700000762939453,20.989999771118164,14200,0.0,0.0
2026-04-24 00:00:00-04:00,21.0,21.0,20.5,20.860000610351562,17200,0.0,0.0
2026-04-27 00:00:00-04:00,20.8799991607666,20.8799991607666,19.15999984741211,20.200000762939453,30500,0.0,0.0
2026-04-28 00:00:00-04:00,20.290000915527344,20.290000915527344,19.25,19.25,16700,0.0,0.0
2026-04-29 00:00:00-04:00,19.329999923706055,20.030000686645508,19.06999969482422,19.690000534057617,24700,0.0,0.0
2026-04-30 00:00:00-04:00,19.670000076293945,20.31999969482422,18.93899917602539,19.520000457763672,9500,0.0,0.0
2026-05-01 00:00:00-04:00,19.31999969482422,20.28499984741211,19.31999969482422,20.270000457763672,12300,0.0,0.0
2026-05-04 00:00:00-04:00,20.190000534057617,20.739999771118164,19.5,19.510000228881836,14800,0.0,0.0
2026-05-05 00:00:00-04:00,19.6299991607666,21.40999984741211,19.6299991607666,21.239999771118164,95500,0.0,0.0
2026-05-06 00:00:00-04:00,21.969999313354492,21.969999313354492,21.010000228881836,21.170000076293945,31300,0.0,0.0
2026-05-07 00:00:00-04:00,21.0,21.5,20.704999923706055,21.459999084472656,16000,0.0,0.0
2026-05-08 00:00:00-04:00,21.649999618530273,21.809999465942383,21.388999938964844,21.670000076293945,9400,0.0,0.0
2026-05-11 00:00:00-04:00,21.799999237060547,22.860000610351562,21.510000228881836,22.18000030517578,30500,0.0,0.0
2026-05-12 00:00:00-04:00,22.18000030517578,22.549999237060547,21.760000228881836,22.100000381469727,34200,0.0,0.0
2026-05-13 00:00:00-04:00,22.0,22.200000762939453,21.75,22.084999084472656,16600,0.0,0.0
2026-05-14 00:00:00-04:00,22.110000610351562,22.200000762939453,21.825000762939453,22.030000686645508,25800,0.0,0.0
2026-05-15 00:00:00-04:00,21.950000762939453,21.950000762939453,21.15999984741211,21.15999984741211,4000,0.0,0.0
2026-05-18 00:00:00-04:00,21.1299991607666,21.68000030517578,19.020000457763672,21.549999237060547,27900,0.0,0.0
2026-05-19 00:00:00-04:00,21.190000534057617,21.868000030517578,20.56999969482422,20.610000610351562,27000,0.0,0.0
2026-05-20 00:00:00-04:00,19.860000610351562,21.739999771118164,19.547000885009766,21.184999465942383,28200,0.0,0.0
2026-05-21 00:00:00-04:00,21.299999237060547,24.0,20.700000762939453,23.40999984741211,36900,0.0,0.0
2026-05-22 00:00:00-04:00,23.6200008392334,23.959999084472656,22.25,23.440000534057617,23100,0.0,0.0
2026-05-26 00:00:00-04:00,23.739999771118164,23.989999771118164,21.43000030517578,23.594999313354492,25800,0.0,0.0
2026-05-27 00:00:00-04:00,23.93000030517578,24.479999542236328,21.5,23.3700008392334,32700,0.0,0.0
2026-05-28 00:00:00-04:00,23.239999771118164,23.299999237060547,22.5049991607666,22.709999084472656,13400,0.0,0.0
2026-05-29 00:00:00-04:00,22.8700008392334,23.299999237060547,22.1200008392334,22.989999771118164,14200,0.0,0.0
2026-06-01 00:00:00-04:00,23.0,23.450000762939453,22.329999923706055,23.219999313354492,19500,0.0,0.0
2026-06-02 00:00:00-04:00,23.270000457763672,23.280000686645508,22.150999069213867,23.139999389648438,17300,0.0,0.0
2026-06-03 00:00:00-04:00,23.299999237060547,23.299999237060547,22.15999984741211,22.540000915527344,9200,0.0,0.0
2026-06-04 00:00:00-04:00,22.25,23.049999237060547,22.0,22.149999618530273,5900,0.0,0.0
2026-06-05 00:00:00-04:00,21.8700008392334,23.0,21.84000015258789,22.40999984741211,11100,0.0,0.0
2026-06-08 00:00:00-04:00,22.530000686645508,23.28499984741211,21.125,21.809999465942383,48500,0.0,0.0
2026-06-09 00:00:00-04:00,21.8700008392334,23.0,21.549999237060547,22.270000457763672,30200,0.0,0.0
2026-06-10 00:00:00-04:00,22.59000015258789,22.59000015258789,21.959999084472656,22.079999923706055,21300,0.0,0.0
2026-06-11 00:00:00-04:00,22.100000381469727,22.65999984741211,21.610000610351562,21.940000534057617,19900,0.0,0.0
2026-06-12 00:00:00-04:00,22.229999542236328,22.549999237060547,22.170000076293945,22.459999084472656,17800,0.0,0.0
2026-06-15 00:00:00-04:00,22.610000610351562,28.0,22.610000610351562,25.059999465942383,134800,0.0,0.0
2026-06-16 00:00:00-04:00,25.149999618530273,25.924999237060547,24.31100082397461,25.389999389648438,36600,0.0,0.0
2026-06-17 00:00:00-04:00,25.5,25.825000762939453,23.790000915527344,24.25,34800,0.0,0.0
2026-06-18 00:00:00-04:00,24.139999389648438,25.0,22.84000015258789,23.100000381469727,31500,0.0,0.0
2026-06-22 00:00:00-04:00,23.139999389648438,24.687999725341797,19.940000534057617,20.15999984741211,55600,0.0,0.0
2026-06-23 00:00:00-04:00,21.25,23.277000427246094,21.135000228881836,23.18000030517578,31600,0.0,0.0
2026-06-24 00:00:00-04:00,22.389999389648438,24.639999389648438,22.065000534057617,24.0,71700,0.0,0.0
2026-06-25 00:00:00-04:00,24.200000762939453,24.898000717163086,22.0,22.950000762939453,23700,0.0,0.0
2026-06-26 00:00:00-04:00,22.6299991607666,23.34000015258789,22.0,22.010000228881836,29600,0.0,0.0
2026-06-29 00:00:00-04:00,22.399999618530273,22.8700008392334,20.764999389648438,22.139999389648438,36500,0.0,0.0
2026-06-30 00:00:00-04:00,22.040000915527344,22.8700008392334,21.5,21.889999389648438,24500,0.0,0.0
2026-07-01 00:00:00-04:00,21.969999313354492,22.600000381469727,21.020000457763672,21.600000381469727,49100,0.0,0.0
2026-07-02 00:00:00-04:00,21.8700008392334,23.0,21.725000381469727,22.09000015258789,24300,0.0,0.0
2026-07-06 00:00:00-04:00,22.239999771118164,22.93000030517578,21.81999969482422,22.81999969482422,46300,0.0,0.0
2026-07-07 00:00:00-04:00,22.479999542236328,22.479999542236328,21.40999984741211,21.610000610351562,24700,0.0,0.0
2026-07-08 00:00:00-04:00,21.360000610351562,22.225000381469727,21.270000457763672,22.079999923706055,32300,0.0,0.0
2026-07-09 00:00:00-04:00,21.989999771118164,22.309999465942383,21.700000762939453,21.75,10700,0.0,0.0
2026-07-10 00:00:00-04:00,21.78700065612793,22.219999313354492,21.709999084472656,22.0,48800,0.0,0.0
2026-07-13 00:00:00-04:00,22.420000076293945,23.479999542236328,22.28499984741211,22.540000915527344,47400,0.0,0.0
2026-07-14 00:00:00-04:00,22.549999237060547,23.5,22.46500015258789,23.3799991607666,27700,0.0,0.0
2026-07-15 00:00:00-04:00,23.110000610351562,23.700000762939453,22.56999969482422,22.989999771118164,23300,0.0,0.0
2026-07-16 00:00:00-04:00,22.969999313354492,23.58300018310547,22.219999313354492,22.350000381469727,41000,0.0,0.0
2026-07-17 00:00:00-04:00,22.350000381469727,22.610000610351562,21.43000030517578,22.110000610351562,32200,0.0,0.0
2026-07-20 00:00:00-04:00,22.18000030517578,22.809999465942383,21.6200008392334,22.350000381469727,67800,0.0,0.0
2026-07-21 00:00:00-04:00,22.600000381469727,24.5,22.010000228881836,24.1200008392334,431200,0.0,0.0
2026-07-22 00:00:00-04:00,24.969999313354492,25.0,23.0,24.739999771118164,202700,0.0,0.0
2026-07-23 00:00:00-04:00,24.600000381469727,25.5,24.0,24.899999618530273,101900,0.0,0.0
2026-07-24 00:00:00-04:00,24.549999237060547,25.549999237060547,23.799999237060547,24.100000381469727,364800,0.0,0.0
2026-07-27 00:00:00-04:00,23.959999084472656,24.799999237060547,22.440000534057617,24.799999237060547,177800,0.0,0.0
2026-07-28 00:00:00-04:00,24.459999084472656,24.69499969482422,23.299999237060547,24.350000381469727,49700,0.0,0.0
2026-07-29 00:00:00-04:00,24.229999542236328,24.649999618530273,23.600000381469727,24.290000915527344,36100,0.0,0.0
2026-07-30 00:00:00-04:00,24.530000686645508,26.100000381469727,24.0,25.510000228881836,42508,0.0,0.0
