Date,Open,High,Low,Close,Volume,Dividends,Stock Splits
2022-01-03 00:00:00-05:00,133.36612907963595,134.32139943891957,131.69440932502022,131.89784240722656,946900,0.0,0.0
2022-01-04 00:00:00-05:00,132.23396822934018,133.8349258190276,131.517518788344,132.39317321777344,1794600,0.0,0.0
2022-01-05 00:00:00-05:00,132.5523633242087,133.28650655003037,128.13866374843283,128.18289184570312,1409700,0.0,0.0
2022-01-06 00:00:00-05:00,128.2713987263758,128.55443436700983,125.96283150045366,127.20999145507812,682600,0.0,0.0
2022-01-07 00:00:00-05:00,127.36917412946873,127.36917412946873,125.53823577302641,125.57362365722656,1601900,0.0,0.0
2022-01-10 00:00:00-05:00,124.64487848620753,124.97214216078576,121.51372578449502,124.35298919677734,2062400,0.0,0.0
2022-01-11 00:00:00-05:00,124.7068035437947,129.4300736217308,124.4945167382105,129.2797088623047,1030100,0.0,0.0
2022-01-12 00:00:00-05:00,130.23501189540244,131.63253668204555,128.3952329419682,129.2178192138672,1023200,0.0,0.0
2022-01-13 00:00:00-05:00,130.09349661016523,130.74803768249282,128.81980235943428,129.03208923339844,1108000,0.0,0.0
2022-01-14 00:00:00-05:00,127.76721578104765,129.31510523996505,126.39622527527297,128.95245361328125,925900,0.0,0.0
2022-01-18 00:00:00-05:00,127.82911191675166,128.2536720175075,123.90189386932373,124.91023254394531,1818700,0.0,0.0
2022-01-19 00:00:00-05:00,125.91860693449549,126.46699778254077,123.17662570121684,123.28277587890625,1204800,0.0,0.0
2022-01-20 00:00:00-05:00,123.29159376659788,128.8286100740624,122.34517703912756,124.71565246582031,3723300,0.0,0.0
2022-01-21 00:00:00-05:00,124.98983510751866,127.1834113753544,122.69896241064669,123.203125,1253400,0.0,0.0
2022-01-24 00:00:00-05:00,120.61154729774236,121.17763204627272,115.8528885233146,120.84151458740234,2030300,0.0,0.0
2022-01-25 00:00:00-05:00,118.4179806981051,119.67398091941295,116.64896402079381,118.55065155029297,1601200,0.0,0.0
2022-01-26 00:00:00-05:00,120.77075304629662,121.46068191255128,116.64895477231676,117.84303283691406,1354900,0.0,0.0
2022-01-27 00:00:00-05:00,119.39090862158343,120.30195095401615,115.82634178772955,116.7197036743164,1041700,0.0,0.0
2022-01-28 00:00:00-05:00,116.60471958882275,116.86122103267081,113.54431522682503,115.61407470703125,2261500,0.0,0.0
2022-01-31 00:00:00-05:00,115.23374072310297,117.0115975547412,114.59689366473467,116.68433380126953,2591700,0.0,0.0
2022-02-01 00:00:00-05:00,116.94082895723437,119.20516767161286,116.82583857834811,118.612548828125,1477100,0.0,0.0
2022-02-02 00:00:00-05:00,118.30296857524311,118.77175682894087,117.23270774349385,117.9933853149414,2270000,0.0,0.0
2022-02-03 00:00:00-05:00,117.03811836798964,117.2680856154334,113.95118023766572,114.09270477294922,886600,0.0,0.0
2022-02-04 00:00:00-05:00,112.51827115933861,113.68582154579722,110.908466736369,112.42097473144531,1898000,0.0,0.0
2022-02-07 00:00:00-05:00,112.58017803845219,114.09269266871969,111.89026287279223,113.19049072265625,2237600,0.0,0.0
2022-02-08 00:00:00-05:00,113.43818855848825,114.41999330341689,112.95170629811362,114.03080749511719,1807600,0.0,0.0
2022-02-09 00:00:00-05:00,115.26911192898692,119.22285105733883,115.08335927363008,117.2857894897461,2426000,0.0,0.0
2022-02-10 00:00:00-05:00,117.89609806796824,126.60850968207386,116.36590258275073,120.64691925048828,3659900,0.0,0.0
2022-02-11 00:00:00-05:00,120.02774633396727,123.11468445819892,118.31179846247836,118.38256072998047,1974300,0.0,0.0
2022-02-14 00:00:00-05:00,118.09953190784637,118.40026143953008,115.28678897406374,116.41011810302734,1254500,0.0,0.0
2022-02-15 00:00:00-05:00,117.59533844001044,119.69163162291137,117.5864982185671,119.6385498046875,1251400,0.0,0.0
2022-02-16 00:00:00-05:00,119.63857875310254,121.79678100135999,118.6744680181673,121.60218811035156,1530300,0.0,0.0
2022-02-17 00:00:00-05:00,120.29310324083418,121.24837362144707,119.48819761968963,120.02774810791016,1816500,0.0,0.0
2022-02-18 00:00:00-05:00,120.1958344184238,120.38158710309605,118.49758007274156,119.22286987304688,1330300,0.0,0.0
2022-02-22 00:00:00-05:00,119.62972319058596,119.75355378748425,117.21501980280792,118.29412078857422,2811400,0.0,0.0
2022-02-23 00:00:00-05:00,119.25825217921877,120.54962670094712,117.3830989576008,117.98455810546875,1496700,0.0,0.0
2022-02-24 00:00:00-05:00,115.62292486539542,120.06316026471079,114.97723759206987,120.01007843017578,1736600,0.0,0.0
2022-02-25 00:00:00-05:00,120.26656710591146,123.93727031220567,119.94814365092644,123.44194793701172,1518900,0.0,0.0
2022-02-28 00:00:00-05:00,122.16825702126117,122.66357940822994,117.46268084853506,117.63957977294922,3178900,0.0,0.0
2022-03-01 00:00:00-05:00,117.63957798950933,117.98453561067029,112.73940227699705,113.5796890258789,1631100,0.0,0.0
2022-03-02 00:00:00-05:00,115.30451102233852,115.74676520491936,113.11092730750168,114.7384262084961,1524900,0.0,0.0
2022-03-03 00:00:00-05:00,115.7467376766764,116.02977326801948,110.05050300033605,112.35906982421875,1317200,0.0,0.0
2022-03-04 00:00:00-05:00,110.76696515993285,111.69569472353038,109.16600072471074,109.23676300048828,1716700,0.0,0.0
2022-03-07 00:00:00-05:00,108.70605311365586,108.98024848103752,102.47026794945107,102.72677612304688,2627400,0.0,0.0
2022-03-08 00:00:00-05:00,103.05405959554938,106.76014462812209,100.30323835818798,105.88448333740234,3020300,0.0,0.0
2022-03-09 00:00:00-05:00,107.96306787179299,108.73259242903208,105.45991481442915,106.86627960205078,2257600,0.0,0.0
2022-03-10 00:00:00-05:00,105.56605545739663,107.40583418765121,104.42503903569822,107.22893524169922,1564400,0.0,0.0
2022-03-11 00:00:00-05:00,107.84808302709835,109.1925324960727,104.42503392938781,104.49579620361328,1331600,0.0,0.0
2022-03-14 00:00:00-04:00,105.67218994976409,106.4859358296409,102.77984451504963,103.05404663085938,1844700,0.0,0.0
2022-03-15 00:00:00-04:00,103.23095942876638,106.89282312836755,103.23095942876638,106.56555938720703,1609200,0.0,0.0
2022-03-16 00:00:00-04:00,107.7596277957429,110.91732157037364,107.21123032221527,110.54582977294922,1741700,0.0,0.0
2022-03-17 00:00:00-04:00,109.50212152013421,113.10206974455569,108.82989337614718,111.943359375,1403300,0.0,0.0
2022-03-18 00:00:00-04:00,111.86375011725902,114.7295614667296,111.02346330096056,114.21654510498047,2634600,0.0,0.0
2022-03-21 00:00:00-04:00,114.05732114272514,114.51726915128131,110.9438554812976,111.95219421386719,1507600,0.0,0.0
2022-03-22 00:00:00-04:00,112.51826625000412,113.73888490814315,111.95218164783,112.82784271240234,1641600,0.0,0.0
2022-03-23 00:00:00-04:00,112.57134992635092,113.08436627587353,110.90847702419607,111.5630111694336,851700,0.0,0.0
2022-03-24 00:00:00-04:00,110.86873748474378,114.14425002196687,110.1477724201389,113.91282653808594,1573100,0.79,0.0
2022-03-25 00:00:00-04:00,114.07305422558676,115.29246373577799,113.20967252547476,115.26576232910156,1271700,0.0,0.0
2022-03-28 00:00:00-04:00,115.36367240883551,116.1291444265563,112.98715213536985,116.03123474121094,1486300,0.0,0.0
2022-03-29 00:00:00-04:00,117.16166464243683,119.68949785813808,117.07265088320523,119.41357421875,1140100,0.0,0.0
2022-03-30 00:00:00-04:00,118.9773925875926,119.27112160641397,116.12023377271072,116.78779602050781,711400,0.0,0.0
2022-03-31 00:00:00-04:00,116.68989986314914,117.88260795777714,115.90662238890255,116.89461517333984,1406500,0.0,0.0
2022-04-01 00:00:00-04:00,117.57107406793453,119.76068448191204,117.15273392209977,119.56486511230469,1258600,0.0,0.0
2022-04-04 00:00:00-04:00,119.75176237249202,119.77847735789463,116.24484671626782,116.45845794677734,1028700,0.0,0.0
2022-04-05 00:00:00-04:00,115.76421596962284,117.07263932794575,115.0610562348302,115.1767578125,894400,0.0,0.0
2022-04-06 00:00:00-04:00,114.13535213789372,114.65160196581002,110.55722106297397,111.70542907714844,2720700,0.0,0.0
2022-04-07 00:00:00-04:00,110.69963636101073,113.03164971097627,109.0974840825042,112.06146240234375,2443500,0.0,0.0
2022-04-08 00:00:00-04:00,112.03476464387484,112.95154917000481,109.09748763457729,110.61062622070312,2496900,0.0,0.0
2022-04-11 00:00:00-04:00,110.1121807773247,113.38768689536641,110.04097249869884,111.85674285888672,1814000,0.0,0.0
2022-04-12 00:00:00-04:00,112.18607851086367,112.8358353928648,110.33470397082513,110.75304412841797,852800,0.0,0.0
2022-04-13 00:00:00-04:00,110.57503199908182,113.77042722738506,110.52162239268543,113.5746078491211,1209800,0.0,0.0
2022-04-14 00:00:00-04:00,114.27775707653566,114.8207082557372,111.4116886986638,111.64311218261719,1745500,0.0,0.0
2022-04-18 00:00:00-04:00,111.3583017308395,111.88344752169867,108.8749689655537,109.23990631103516,1342200,0.0,0.0
2022-04-19 00:00:00-04:00,109.39120885165292,111.7677289794507,108.98177146112107,110.85094451904297,1309600,0.0,0.0
2022-04-20 00:00:00-04:00,110.77974610379545,112.13267627106647,110.77084337102782,111.39390563964844,1115900,0.0,0.0
2022-04-21 00:00:00-04:00,112.90704308158274,113.70811925247943,110.91325878241402,111.12687683105469,1477600,0.0,0.0
2022-04-22 00:00:00-04:00,110.42372056246741,111.94576203257708,110.42372056246741,110.91326904296875,1917500,0.0,0.0
2022-04-25 00:00:00-04:00,110.61062324294637,110.61062324294637,107.40632545866373,109.54252624511719,1188300,0.0,0.0
2022-04-26 00:00:00-04:00,109.96085975661009,110.41480400917615,106.48953453676515,106.64974975585938,1316100,0.0,0.0
2022-04-27 00:00:00-04:00,107.388528797733,111.05566687227093,107.388528797733,109.70274353027344,1516100,0.0,0.0
2022-04-28 00:00:00-04:00,110.37031693103899,111.91016385681739,108.77706718625186,111.41171264648438,1380400,0.0,0.0
2022-04-29 00:00:00-04:00,111.3849948935661,112.04365446428076,107.61104457625639,107.96707916259766,837200,0.0,0.0
2022-05-02 00:00:00-04:00,108.3053147772151,109.39121727479439,106.64085689099821,108.20740509033203,1282000,0.0,0.0
2022-05-03 00:00:00-04:00,109.02626724333493,110.2901902930281,108.01157314356622,108.5011215209961,867800,0.0,0.0
2022-05-04 00:00:00-04:00,108.75924827920704,112.79132334343586,108.51892205678055,112.58660125732422,947900,0.0,0.0
2022-05-05 00:00:00-04:00,110.86873851877365,112.31957818382627,108.3498087395248,109.2576904296875,999900,0.0,0.0
2022-05-06 00:00:00-04:00,108.78596124815925,109.24880148786474,106.54294795744515,108.7236557006836,1427800,0.0,0.0
2022-05-09 00:00:00-04:00,107.01468439000872,108.45661453505332,105.99108755973498,106.35601806640625,1874900,0.0,0.0
2022-05-10 00:00:00-04:00,110.43260997220729,115.22125460668485,107.74456199750385,111.70542907714844,2900000,0.0,0.0
2022-05-11 00:00:00-04:00,111.10017653601017,116.78781401091601,111.10017653601017,113.9306411743164,2964000,0.0,0.0
2022-05-12 00:00:00-04:00,113.32538969828747,115.47939614524262,112.390799647156,114.40238952636719,2730200,0.0,0.0
2022-05-13 00:00:00-04:00,115.08774651807016,117.85590547760174,115.08774651807016,117.63338470458984,2067300,0.0,0.0
2022-05-16 00:00:00-04:00,116.85011046564375,117.4642699891781,112.9515488594578,113.89503479003906,1165500,0.0,0.0
2022-05-17 00:00:00-04:00,115.9778188607816,115.9778188607816,112.29287574450501,115.55947875976562,1527000,0.0,0.0
2022-05-18 00:00:00-04:00,114.20654612290745,115.13224003697364,112.65780362377672,112.99603271484375,1416200,0.0,0.0
2022-05-19 00:00:00-04:00,112.38189853078079,116.1825505294248,112.15937774702235,114.82962036132812,1057500,0.0,0.0
2022-05-20 00:00:00-04:00,115.55948284927729,116.06682312024917,111.97244928037402,114.7583999633789,826500,0.0,0.0
2022-05-23 00:00:00-04:00,116.17364525711372,116.17364525711372,113.47668787029599,114.91862487792969,777000,0.0,0.0
2022-05-24 00:00:00-04:00,114.55369432915805,114.68721494553134,112.08816708543766,114.4112777709961,840900,0.0,0.0
2022-05-25 00:00:00-04:00,114.54479241853628,115.95112529852412,114.31336212818509,115.43487548828125,579300,0.0,0.0
2022-05-26 00:00:00-04:00,116.65430156141163,117.82921789996752,116.04905150694957,116.60089874267578,584400,0.0,0.0
2022-05-27 00:00:00-04:00,117.1616618974023,118.37217565398939,116.71662027485694,118.34547424316406,950000,0.0,0.0
2022-05-31 00:00:00-04:00,117.0459417185135,118.14074026025918,115.49719204898669,117.64229583740234,1408900,0.0,0.0
2022-06-01 00:00:00-04:00,118.01611391500704,118.83498872989999,115.77311430179203,117.63338470458984,712200,0.0,0.0
2022-06-02 00:00:00-04:00,118.43444274956967,119.36903262332585,117.55326926477318,119.10200500488281,943400,0.0,0.0
2022-06-03 00:00:00-04:00,117.81139810876347,119.03971711670663,117.55327998906026,117.99832153320312,504000,0.0,0.0
2022-06-06 00:00:00-04:00,118.38103530063809,119.87636817474691,117.41084812053737,118.01609802246094,430800,0.0,0.0
2022-06-07 00:00:00-04:00,117.1527292218536,119.89418670477707,117.07262500520726,119.73397827148438,822200,0.0,0.0
2022-06-08 00:00:00-04:00,118.68366293890581,120.31251644467689,118.26532284597938,118.30982971191406,733800,0.0,0.0
2022-06-09 00:00:00-04:00,117.34853953659639,118.585754364136,116.40505372903812,116.42285919189453,561500,0.0,0.0
2022-06-10 00:00:00-04:00,114.58930167971857,114.98983635314465,110.62842786221653,111.17137908935547,1335700,0.0,0.0
2022-06-13 00:00:00-04:00,109.04407640466955,109.04407640466955,105.92878572830547,106.41832733154297,1133600,0.0,0.0
2022-06-14 00:00:00-04:00,106.5696481432874,106.90787726261217,103.64127405050793,104.29103088378906,1300500,0.0,0.0
2022-06-15 00:00:00-04:00,106.16019478721346,106.50733339939843,101.81659225878968,103.63236236572266,1287000,0.0,0.0
2022-06-16 00:00:00-04:00,99.8851261261505,101.21134803785421,96.9478491928412,97.51750183105469,2788100,0.0,0.0
2022-06-17 00:00:00-04:00,96.78765858565221,97.46412381216432,93.79697807883713,96.40492248535156,3948300,0.0,0.0
2022-06-21 00:00:00-04:00,98.37197196142758,101.14013068504367,97.91803451254245,100.53487396240234,2139300,0.0,0.0
2022-06-22 00:00:00-04:00,99.84952381326917,104.81618920988421,99.84952381326917,102.99151611328125,2233900,0.0,0.0
2022-06-23 00:00:00-04:00,103.67262655335016,104.8197637861018,102.88397141520271,104.29100799560547,1683700,0.79,0.0
2022-06-24 00:00:00-04:00,104.97212668936723,108.85268257968508,104.97212668936723,108.80787658691406,1453200,0.0,0.0
2022-06-27 00:00:00-04:00,109.39936267461576,109.74888085908117,106.63010216116248,106.77349090576172,1188400,0.0,0.0
2022-06-28 00:00:00-04:00,107.82204328408683,108.3956119258687,104.5329841081707,104.57779693603516,979800,0.0,0.0
2022-06-29 00:00:00-04:00,104.96316705486078,105.29475737576323,102.58823069613891,105.19617462158203,910500,0.0,0.0
2022-06-30 00:00:00-04:00,104.07592093764661,107.01546882139458,103.89668329823117,106.75556945800781,1308500,0.0,0.0
2022-07-01 00:00:00-04:00,106.37916475772406,108.0102519723188,103.94150128823013,106.88104248046875,1420600,0.0,0.0
2022-07-05 00:00:00-04:00,104.99004223576799,106.59424427823885,102.81227158830474,106.55839538574219,1097700,0.0,0.0
2022-07-06 00:00:00-04:00,106.82726441308392,107.45460984949393,105.34853673881858,107.03339385986328,890900,0.0,0.0
2022-07-07 00:00:00-04:00,107.87581570345841,108.14467214739217,105.11551245255063,105.38436889648438,1249400,0.0,0.0
2022-07-08 00:00:00-04:00,105.51880816175175,105.51880816175175,104.07592257803911,104.47921752929688,803700,0.0,0.0
2022-07-11 00:00:00-04:00,102.98256339481671,105.08863648790023,102.98256339481671,104.15658569335938,495100,0.0,0.0
2022-07-12 00:00:00-04:00,103.67262858462246,106.3164212638588,103.67262858462246,104.88249969482422,583200,0.0,0.0
2022-07-13 00:00:00-04:00,101.7009992245204,104.12074172907161,101.7009992245204,103.02737426757812,688800,0.0,0.0
2022-07-14 00:00:00-04:00,101.9877761115064,101.9877761115064,100.38357393473524,101.4142074584961,1681800,0.0,0.0
2022-07-15 00:00:00-04:00,103.21556204908785,104.183461656439,101.40523737976274,103.94149017333984,784100,0.0,0.0
2022-07-18 00:00:00-04:00,104.63156438584842,105.03485247718407,102.12219650926967,102.56134033203125,703700,0.0,0.0
2022-07-19 00:00:00-04:00,103.80706283444457,106.05652457463572,103.5650845038407,105.48295593261719,992400,0.0,0.0
2022-07-20 00:00:00-04:00,105.75181409872495,107.26639735304686,105.37541097767317,106.96168518066406,775100,0.0,0.0
2022-07-21 00:00:00-04:00,106.81830426822994,109.7130325117247,106.69283655202459,109.63237762451172,921700,0.0,0.0
2022-07-22 00:00:00-04:00,110.32243202865914,111.08420213465473,108.78992788483932,109.56962585449219,771600,0.0,0.0
2022-07-25 00:00:00-04:00,109.70406488008244,111.1111014230935,109.4441655393381,110.28659057617188,775600,0.0,0.0
2022-07-26 00:00:00-04:00,110.16113507638308,110.44791940872159,107.78619869179467,108.43146514892578,859600,0.0,0.0
2022-07-27 00:00:00-04:00,107.4635527982747,108.96916514170574,105.06173188676675,108.67342376708984,1432300,0.0,0.0
2022-07-28 00:00:00-04:00,109.52484515607246,111.55922751682395,108.60175819380632,111.40686798095703,1206000,0.0,0.0
2022-07-29 00:00:00-04:00,111.66673497748788,113.38744067022034,110.99458367525081,111.173828125,1165100,0.0,0.0
2022-08-01 00:00:00-04:00,109.7040767031604,112.27617175302838,109.37247954216807,112.15966796875,825500,0.0,0.0
2022-08-02 00:00:00-04:00,112.06108042774069,112.90351235686279,111.15591464245911,111.3441162109375,775500,0.0,0.0
2022-08-03 00:00:00-04:00,111.72051575614533,113.78177572144807,110.69883944945822,113.4053726196289,1038600,0.0,0.0
2022-08-04 00:00:00-04:00,114.01480567475839,115.40392134089385,113.6473596174341,113.76387023925781,874600,0.0,0.0
2022-08-05 00:00:00-04:00,112.42850888593055,113.99686197749382,112.32096904992284,113.58460998535156,877300,0.0,0.0
2022-08-08 00:00:00-04:00,114.85721952720806,115.7892633299463,113.96997487199349,114.40911865234375,1058100,0.0,0.0
2022-08-09 00:00:00-04:00,113.8176377785931,114.38224249663274,107.23055538488659,107.66072845458984,1867200,0.0,0.0
2022-08-10 00:00:00-04:00,108.87955421658195,111.14694366511274,108.55692102321629,110.27763366699219,1386900,0.0,0.0
2022-08-11 00:00:00-04:00,111.56817415529886,112.12382180245461,109.42625213175485,109.54276275634766,942100,0.0,0.0
2022-08-12 00:00:00-04:00,109.75785486628943,111.5323309137541,109.24702002384012,111.46063995361328,768700,0.0,0.0
2022-08-15 00:00:00-04:00,110.8063934811017,112.14173229049892,110.54649413045115,111.63089752197266,972600,0.0,0.0
2022-08-16 00:00:00-04:00,111.00357433662593,112.15967567535859,110.54650942655063,111.62195587158203,907400,0.0,0.0
2022-08-17 00:00:00-04:00,110.45689474260323,111.19178009741188,109.34560619477813,110.12529754638672,799900,0.0,0.0
2022-08-18 00:00:00-04:00,110.38517321184665,110.88705086545211,109.0229494948651,109.38143157958984,700600,0.0,0.0
2022-08-19 00:00:00-04:00,108.79890835378174,109.06776481221678,106.56736761262596,106.93480682373047,1133900,0.0,0.0
2022-08-22 00:00:00-04:00,105.31269559188728,105.61740098022624,102.91087403462154,103.28727722167969,1345000,0.0,0.0
2022-08-23 00:00:00-04:00,103.1528269093971,103.78912937366607,102.05945960777427,103.55612182617188,928300,0.0,0.0
2022-08-24 00:00:00-04:00,104.28204731045986,106.09237203024576,103.64574482052352,104.90042877197266,941700,0.0,0.0
2022-08-25 00:00:00-04:00,105.71596919045787,106.77348764480578,105.16032158309625,106.70178985595703,580600,0.0,0.0
2022-08-26 00:00:00-04:00,106.85416289005919,107.01547951664632,102.27457031928489,102.36418914794922,781600,0.0,0.0
2022-08-29 00:00:00-04:00,101.49485684102159,102.87500847419147,101.20807253006923,101.29769134521484,810200,0.0,0.0
2022-08-30 00:00:00-04:00,101.56655166045852,101.94295477555838,99.57698256996336,99.80103302001953,1181100,0.0,0.0
2022-08-31 00:00:00-04:00,100.01611648758687,100.79581449149721,98.83313042086455,99.01237487792969,1677400,0.0,0.0
2022-09-01 00:00:00-04:00,98.58221564528708,98.85107896840192,96.59264619917657,97.3633804321289,1312100,0.0,0.0
2022-09-02 00:00:00-04:00,98.80625809866973,99.91754652469614,96.25208408674389,96.637451171875,1663300,0.0,0.0
2022-09-06 00:00:00-04:00,97.50677997746706,99.07513347171644,97.12141284538093,98.34024810791016,1610500,0.0,0.0
2022-09-07 00:00:00-04:00,98.35816516365395,101.763735348503,98.35816516365395,101.46798706054688,1070300,0.0,0.0
2022-09-08 00:00:00-04:00,100.17743723261604,102.42690569031771,99.9981996055983,102.3104019165039,1408800,0.0,0.0
2022-09-09 00:00:00-04:00,103.20660820135943,103.61886023135632,102.08635589023393,102.60614776611328,1516700,0.0,0.0
2022-09-12 00:00:00-04:00,104.62260999306987,106.62114327870485,103.74433594241552,104.936279296875,2115700,0.0,0.0
2022-09-13 00:00:00-04:00,101.8085242366895,103.06320813803931,98.02655150493204,98.04447937011719,2029600,0.0,0.0
2022-09-14 00:00:00-04:00,97.53362825852228,97.82041251610484,96.09074303951998,96.77185821533203,2016000,0.0,0.0
2022-09-15 00:00:00-04:00,96.45819782295486,97.57845007934766,94.32523998827472,94.46863555908203,1704300,0.0,0.0
2022-09-16 00:00:00-04:00,92.58661252974974,92.78377803414112,90.821093760853,91.77107238769531,4753100,0.0,0.0
2022-09-19 00:00:00-04:00,90.92863679431528,92.4432200740588,90.85693900696566,92.21916961669922,1285500,0.0,0.0
2022-09-20 00:00:00-04:00,90.901753362818,92.07577559114198,90.36403362360353,91.01825714111328,1409000,0.0,0.0
2022-09-21 00:00:00-04:00,91.44843646376604,91.9234223443966,88.81360086935216,88.85841369628906,1205000,0.0,0.0
2022-09-22 00:00:00-04:00,88.551187876216,88.93972907836346,87.40363980129419,88.24397277832031,1553100,0.81,0.0
2022-09-23 00:00:00-04:00,87.14160829407102,87.94579718075036,86.19284271622432,87.40364837646484,1578800,0.0,0.0
2022-09-26 00:00:00-04:00,87.42170991469469,88.63250858278593,86.27416182040231,86.99702453613281,1141500,0.0,0.0
2022-09-27 00:00:00-04:00,88.25299346235214,88.51503348878728,84.73805441106471,84.93684387207031,1311300,0.0,0.0
2022-09-28 00:00:00-04:00,85.48804999465878,86.4819906345812,84.78325584805555,86.08441162109375,1900500,0.0,0.0
2022-09-29 00:00:00-04:00,84.74709410880635,84.93684580942309,81.81948560904195,82.75017547607422,1970600,0.0,0.0
2022-09-30 00:00:00-04:00,82.88572877573553,83.73509269362219,81.28638190240959,82.07250213623047,2900700,0.0,0.0
2022-10-03 00:00:00-04:00,83.2200591697482,84.38568299491449,82.48815856312153,83.86160278320312,2100500,0.0,0.0
2022-10-04 00:00:00-04:00,85.45191330002153,87.10547318487711,85.44287553243414,86.37356567382812,1937700,0.0,0.0
2022-10-05 00:00:00-04:00,84.43086603063051,85.37962481190216,82.56947885698924,83.6718521118164,2437400,0.0,0.0
2022-10-06 00:00:00-04:00,82.92186509821771,83.69894755658723,81.37673794786784,81.6839599609375,2018800,0.0,0.0
2022-10-07 00:00:00-04:00,80.56351630640674,80.92494422787706,79.52439379769031,79.96714782714844,2176300,0.0,0.0
2022-10-10 00:00:00-04:00,79.94907438596836,80.79843822295628,79.3346373050647,80.48218536376953,1962800,0.0,0.0
2022-10-11 00:00:00-04:00,79.09067639957281,79.09067639957281,77.11182598459366,78.2503433227539,2406900,0.0,0.0
2022-10-12 00:00:00-04:00,78.43106581791876,78.43106581791876,76.65100487356355,76.68714904785156,1694900,0.0,0.0
2022-10-13 00:00:00-04:00,75.25949546221578,80.25631276875714,75.12395651357706,79.32562255859375,2309000,0.0,0.0
2022-10-14 00:00:00-04:00,79.96713528018736,80.17496250684054,78.32261367786072,79.25330352783203,2450700,0.0,0.0
2022-10-17 00:00:00-04:00,81.09664361962639,81.60264832644687,79.91295108311544,81.00628662109375,1806500,0.0,0.0
2022-10-18 00:00:00-04:00,82.89475764133874,84.72000037623364,82.60561116471526,83.75316619873047,1606400,0.0,0.0
2022-10-19 00:00:00-04:00,83.58148889669643,85.97598698438807,83.49113190908088,83.62667083740234,1987700,0.0,0.0
2022-10-20 00:00:00-04:00,84.03327858114172,84.93686222179915,81.90082063768648,82.41586303710938,1451100,0.0,0.0
2022-10-21 00:00:00-04:00,82.05441505528195,85.20792641945219,81.6297297092089,85.0000991821289,1898700,0.0,0.0
2022-10-24 00:00:00-04:00,85.81334504528769,86.43682000396313,84.18689162865456,85.03626251220703,1520100,0.0,0.0
2022-10-25 00:00:00-04:00,84.95492048395701,87.44881295780132,84.45795367857839,86.88859558105469,1790400,0.0,0.0
2022-10-26 00:00:00-04:00,87.08738429167722,87.76507198705056,86.21091399644945,86.57234191894531,1030200,0.0,0.0
2022-10-27 00:00:00-04:00,87.43977970207294,88.6596230459067,85.9307967831828,86.2289810180664,1691200,0.0,0.0
2022-10-28 00:00:00-04:00,86.0844021308554,87.7469994544974,86.0844021308554,87.47592163085938,1212800,0.0,0.0
2022-10-31 00:00:00-04:00,87.2048585139043,88.27108747858678,86.88860562052305,88.19879913330078,2168000,0.0,0.0
2022-11-01 00:00:00-04:00,89.18370975153951,89.21082305372961,86.17478122532178,86.24706268310547,1645900,0.0,0.0
2022-11-02 00:00:00-04:00,86.22898994595982,88.71384503967326,85.15372317211992,85.17179870605469,2206300,0.0,0.0
2022-11-03 00:00:00-04:00,83.87063013896727,84.82842655652082,82.9489778929548,84.2862777709961,1669200,0.0,0.0
2022-11-04 00:00:00-04:00,86.07538513857985,86.58138980424937,84.78326017263386,85.68684387207031,1884400,0.0,0.0
2022-11-07 00:00:00-05:00,86.87053307220881,87.03317840779287,85.2982994240938,86.90667724609375,1308700,0.0,0.0
2022-11-08 00:00:00-05:00,84.42180855318966,87.57531310787037,82.47006484087926,82.59657287597656,2658100,0.0,0.0
2022-11-09 00:00:00-05:00,81.66587118052813,84.15072571218678,81.00625911083108,82.75017547607422,1917500,0.0,0.0
2022-11-10 00:00:00-05:00,85.10853621694442,87.05123532154397,84.97299730658284,86.79823303222656,2220800,0.0,0.0
2022-11-11 00:00:00-05:00,87.49400380613079,91.2619458567964,86.87052890069836,90.84629821777344,2152200,0.0,0.0
2022-11-14 00:00:00-05:00,90.38546680400927,91.66855386716261,89.75296103873532,89.78006744384766,1793700,0.0,0.0
2022-11-15 00:00:00-05:00,91.06315983349666,91.12641041372372,87.30425540580931,88.46987915039062,1374200,0.0,0.0
2022-11-16 00:00:00-05:00,88.3433638723972,89.32827356259364,87.82832150586376,88.93069458007812,1828700,0.0,0.0
2022-11-17 00:00:00-05:00,87.64762072086869,89.03010270758213,87.53918819284925,88.4427719116211,1572200,0.0,0.0
2022-11-18 00:00:00-05:00,89.96078207123661,90.52100639161196,88.7048014039237,88.79515838623047,1359000,0.0,0.0
2022-11-21 00:00:00-05:00,88.32528680564567,89.50897898035144,88.01807172577807,89.1927261352539,1280700,0.0,0.0
2022-11-22 00:00:00-05:00,89.75294762957711,90.38545330035423,89.43669479418854,90.1957015991211,745000,0.0,0.0
2022-11-23 00:00:00-05:00,90.5571510150474,91.4878410356621,90.34932375028879,91.18062591552734,1208700,0.0,0.0
2022-11-25 00:00:00-05:00,90.88242829261971,91.66854151009143,90.45774295298585,91.59626007080078,499100,0.0,0.0
2022-11-28 00:00:00-05:00,91.11736945968725,91.52398622732063,90.20475496173287,90.34029388427734,1228900,0.0,0.0
2022-11-29 00:00:00-05:00,91.34325554135522,92.93356448098244,91.1625415932637,92.5269546508789,1687700,0.0,0.0
2022-11-30 00:00:00-05:00,92.10227095213563,96.27682940883469,90.95472288407126,95.6172103881836,2373000,0.0,0.0
2022-12-01 00:00:00-05:00,96.3400835989431,97.42438113537169,94.776880975233,96.4485092163086,1492200,0.0,0.0
2022-12-02 00:00:00-05:00,95.14735473511215,97.74967299119442,94.46966704296405,97.55992126464844,1981000,0.0,0.0
2022-12-05 00:00:00-05:00,96.331068021599,97.75873205865184,95.77988136037983,96.49371337890625,2292300,0.0,0.0
2022-12-06 00:00:00-05:00,96.62922132673883,97.306908949149,93.9094330718701,94.83108520507812,2003400,0.0,0.0
2022-12-07 00:00:00-05:00,94.97567787271525,98.10207647017089,94.74074419377462,97.6773910522461,2520800,0.0,0.0
2022-12-08 00:00:00-05:00,98.17436471745604,98.9333716726263,96.97259681130699,97.31595611572266,2165200,0.0,0.0
2022-12-09 00:00:00-05:00,97.59606845038768,98.68940380023939,96.7828418159289,96.91838073730469,2052100,0.0,0.0
2022-12-12 00:00:00-05:00,97.42438745996083,97.58703279036327,95.17446613422368,95.88829803466797,1569000,0.0,0.0
2022-12-13 00:00:00-05:00,99.16830116164162,99.5297359842701,95.48167837966368,96.89127349853516,3103300,0.0,0.0
2022-12-14 00:00:00-05:00,96.16840339424797,97.39727764904164,94.68652683296075,95.4455337524414,3317300,0.0,0.0
2022-12-15 00:00:00-05:00,94.53291757623892,94.90338326300724,93.2136863633689,93.5118637084961,1708600,0.0,0.0
2022-12-16 00:00:00-05:00,92.85225753917385,94.14438243073673,92.33721513589612,93.16851043701172,5070900,0.0,0.0
2022-12-19 00:00:00-05:00,92.50889661600446,93.46670002466556,91.28002223393844,91.85832214355469,953600,0.0,0.0
2022-12-20 00:00:00-05:00,91.88542434381772,93.06007896237472,91.46073892175468,92.32817840576172,1474200,0.0,0.0
2022-12-21 00:00:00-05:00,92.45468501209315,94.50581700231177,92.42757860377696,94.00885009765625,1327100,0.0,0.0
2022-12-22 00:00:00-05:00,93.57510852987538,93.68354103566936,91.66854672255168,93.34921264648438,1067200,0.0,0.0
2022-12-23 00:00:00-05:00,92.96066521581113,94.13532648817014,92.52694900931797,93.88232421875,857700,0.0,0.0
2022-12-27 00:00:00-05:00,93.70019038923338,94.78390558006694,93.42698266026254,94.52891540527344,673700,0.81,0.0
2022-12-28 00:00:00-05:00,94.84765156576051,95.46691638635582,93.74572578681143,93.84590148925781,739900,0.0,0.0
2022-12-29 00:00:00-05:00,94.5380183799363,96.1499314940661,94.30124575645112,95.73101806640625,854500,0.0,0.0
2022-12-30 00:00:00-05:00,95.16640707755174,95.88584773514708,94.3194713108091,95.47603607177734,877100,0.0,0.0
2023-01-03 00:00:00-05:00,96.01333955718192,96.82384712956788,94.31035930335725,96.20458221435547,1598400,0.0,0.0
2023-01-04 00:00:00-05:00,97.35203370334997,99.07322436428576,97.20632105897212,98.49949645996094,1114700,0.0,0.0
2023-01-05 00:00:00-05:00,97.35205601773515,98.38112574967525,96.45048140486858,97.70722198486328,1204200,0.0,0.0
2023-01-06 00:00:00-05:00,98.61788885288763,100.4756834954807,98.04416091318929,100.18426513671875,1307500,0.0,0.0
2023-01-09 00:00:00-05:00,100.5394342742481,102.32437264750286,100.02034508890341,101.42279815673828,1993600,0.0,0.0
2023-01-10 00:00:00-05:00,102.74328556206576,105.79407310673989,102.205985771351,105.6301498413086,2243200,0.0,0.0
2023-01-11 00:00:00-05:00,105.22034660037458,106.62279967993749,104.17305944280908,104.99267578125,2004800,0.0,0.0
2023-01-12 00:00:00-05:00,105.20211468861166,105.84870584090133,104.54642865529269,105.27497100830078,1941800,0.0,0.0
2023-01-13 00:00:00-05:00,104.21859292896767,106.00353125794395,103.89984823439615,105.85781860351562,1197800,0.0,0.0
2023-01-17 00:00:00-05:00,106.4224401374859,107.28758640504584,105.89424220985744,106.16744995117188,2077200,0.0,0.0
2023-01-18 00:00:00-05:00,106.54993455482582,107.77024670957755,104.39161286642349,104.45536041259766,1594800,0.0,0.0
2023-01-19 00:00:00-05:00,103.57201245497912,103.78146571844651,101.75064589562142,102.2424087524414,1256300,0.0,0.0
2023-01-20 00:00:00-05:00,102.91632451821121,103.89075539818032,101.09495786795404,102.32437896728516,2504400,0.0,0.0
2023-01-23 00:00:00-05:00,101.54117798260931,103.07112605434646,101.12226453948577,102.63399505615234,2062600,0.0,0.0
2023-01-24 00:00:00-05:00,101.04029258453342,101.80527004249815,99.45570585098217,100.94011688232422,1569600,0.0,0.0
2023-01-25 00:00:00-05:00,99.81998603064388,101.83259506733211,98.52681755515466,101.81438446044922,1502500,0.0,0.0
2023-01-26 00:00:00-05:00,101.55027640085531,101.94187041938744,99.33731614691064,100.7397689819336,1982100,0.0,0.0
2023-01-27 00:00:00-05:00,100.86729042310644,102.2333154566611,100.16606034835597,101.85993194580078,1234900,0.0,0.0
2023-01-30 00:00:00-05:00,101.3954568385871,102.74327093446249,100.81262018846824,101.2952880859375,1157800,0.0,0.0
2023-01-31 00:00:00-05:00,101.47744073000523,102.45187158628518,100.59407681443174,102.41544342041016,5658600,0.0,0.0
2023-02-01 00:00:00-05:00,102.08758406469948,103.96359615805397,101.34993290519273,103.37165069580078,1565100,0.0,0.0
2023-02-02 00:00:00-05:00,103.66306945366959,106.51350534448535,102.83434441360197,106.27672576904297,2219100,0.0,0.0
2023-02-03 00:00:00-05:00,105.11105001889312,105.28408204487819,102.92540901703812,103.20772552490234,1335300,0.0,0.0
2023-02-06 00:00:00-05:00,102.36991426948806,103.08024614001215,101.96921138951559,102.68865203857422,1061600,0.0,0.0
2023-02-07 00:00:00-05:00,102.72506761654358,103.4809293911905,101.08583507931606,102.87077331542969,1256600,0.0,0.0
2023-02-08 00:00:00-05:00,102.17864783580825,103.5446725766504,101.90544705641649,102.397216796875,1775300,0.0,0.0
2023-02-09 00:00:00-05:00,94.73836592065715,96.25010326772944,81.53346039370531,83.20001220703125,12568300,0.0,0.0
2023-02-10 00:00:00-05:00,83.65536855906382,87.1888172645525,83.65536855906382,86.35099029541016,5487600,0.0,0.0
2023-02-13 00:00:00-05:00,86.51491353709189,87.74433460302654,86.20528454998099,87.67147827148438,2876000,0.0,0.0
2023-02-14 00:00:00-05:00,87.8809412828188,89.94818938335261,87.40738900865732,87.45291900634766,3027200,0.0,0.0
2023-02-15 00:00:00-05:00,86.73346833731051,88.445557245698,86.31455488788595,88.19966888427734,2598900,0.0,0.0
2023-02-16 00:00:00-05:00,86.61507076929944,88.70053591583813,86.61507076929944,87.47111511230469,1607600,0.0,0.0
2023-02-17 00:00:00-05:00,87.50756738669784,88.16326056747008,86.91562871602147,87.88095092773438,1207000,0.0,0.0
2023-02-21 00:00:00-05:00,87.49844152221851,88.01753065642728,84.86656769025248,85.36743927001953,2670200,0.0,0.0
2023-02-22 00:00:00-05:00,85.77725287231821,87.50754539477553,85.62243144779359,86.8427505493164,1335900,0.0,0.0
2023-02-23 00:00:00-05:00,86.85186270131642,87.66237022535832,84.78460786514893,86.37830352783203,1967700,0.0,0.0
2023-02-24 00:00:00-05:00,84.91209371253461,85.95027193243861,84.91209371253461,85.42208099365234,1767300,0.0,0.0
2023-02-27 00:00:00-05:00,86.46937649252553,87.0977501924135,85.88653973678909,86.0868911743164,1200500,0.0,0.0
2023-02-28 00:00:00-05:00,85.69528765559551,85.932067232818,84.42032978711626,84.87567138671875,3472300,0.0,0.0
2023-03-01 00:00:00-05:00,84.58426243687008,84.91210898083936,83.24556382161803,83.45501708984375,1987800,0.0,0.0
2023-03-02 00:00:00-05:00,82.96322870850982,84.83924061207024,82.14361253199901,84.71173858642578,2675700,0.0,0.0
2023-03-03 00:00:00-05:00,84.9029904515986,85.71349787367765,84.09247608155871,85.40386199951172,1415800,0.0,0.0
2023-03-06 00:00:00-05:00,85.39476339284332,85.75903807431982,83.57339693342247,83.60072326660156,1239100,0.0,0.0
2023-03-07 00:00:00-05:00,83.07251788764769,83.32750805746124,80.02173073087383,81.11454772949219,2213800,0.0,0.0
2023-03-08 00:00:00-05:00,81.3331134960755,81.62453183903058,80.02173442675831,80.13101196289062,1966300,0.0,0.0
2023-03-09 00:00:00-05:00,80.04907492828701,80.56816420573885,77.93628964750508,78.38252258300781,1544700,0.0,0.0
2023-03-10 00:00:00-05:00,78.67391863369497,78.77409433840151,76.30614377727746,77.0802230834961,1588900,0.0,0.0
2023-03-13 00:00:00-04:00,76.49737630596,77.37163120141574,75.62312141050427,76.12399291992188,1505000,0.0,0.0
2023-03-14 00:00:00-04:00,77.55379776428653,78.14573638603648,75.6595747203914,76.68864440917969,3166500,0.0,0.0
2023-03-15 00:00:00-04:00,75.51385231296341,75.51385231296341,74.24800316989948,75.33171844482422,1807500,0.0,0.0
2023-03-16 00:00:00-04:00,74.9037024528809,76.68864091161961,74.60317529224594,76.2332992553711,1753900,0.0,0.0
2023-03-17 00:00:00-04:00,75.98741370057131,75.98741370057131,74.63049063594546,75.36814880371094,4735400,0.0,0.0
2023-03-20 00:00:00-04:00,75.90544629661724,76.98916157031398,75.83258997025945,76.38810729980469,2536800,0.0,0.0
2023-03-21 00:00:00-04:00,77.27145951233096,77.37163520899529,76.00561056134785,77.09843444824219,1805300,0.0,0.0
2023-03-22 00:00:00-04:00,76.85255094877934,77.65394962447819,75.38635051235906,75.61402130126953,2178000,0.0,0.0
2023-03-23 00:00:00-04:00,75.62323485608826,76.96593033398452,75.53126374159885,76.8003921508789,1964300,0.81,0.0
2023-03-24 00:00:00-04:00,76.59806304539318,77.65566766075283,75.641621037719,77.49932098388672,1378300,0.0,0.0
2023-03-27 00:00:00-04:00,78.77763930785734,82.76893806442045,78.17066372750821,82.41947174072266,2534000,0.0,0.0
2023-03-28 00:00:00-04:00,82.57581332108214,82.58501183456647,81.07677837799592,81.92285919189453,1630800,0.0,0.0
2023-03-29 00:00:00-04:00,82.85169979262625,83.1000105244944,82.02401606349108,82.2263412475586,1555500,0.0,0.0
2023-03-30 00:00:00-04:00,83.14599865707093,83.72537868875875,82.8241138452791,83.24715423583984,1238400,0.0,0.0
2023-03-31 00:00:00-04:00,83.77135468510458,84.7553920841214,83.71617764082683,84.57145690917969,1447600,0.0,0.0
2023-04-03 00:00:00-04:00,84.52548480078492,85.04968781048602,83.27475358177703,83.32073211669922,1744900,0.0,0.0
2023-04-04 00:00:00-04:00,83.14600949256653,83.59663846482698,82.47465827492861,82.84252166748047,1423000,0.0,0.0
2023-04-05 00:00:00-04:00,82.34590270406692,83.10921797462075,82.18036453715656,83.063232421875,1448200,0.0,0.0
2023-04-06 00:00:00-04:00,82.87009813413908,84.26797040271394,82.63098591131629,84.10243225097656,1470900,0.0,0.0
2023-04-10 00:00:00-04:00,83.57823868278327,84.91174255980161,83.35752346108761,84.6726303100586,1137700,0.0,0.0
2023-04-11 00:00:00-04:00,84.98532858488741,85.61068729819176,84.6082666374301,85.37158203125,1057800,0.0,0.0
2023-04-12 00:00:00-04:00,86.23604020503743,86.36479835109064,84.9485289086087,85.11406707763672,1051400,0.0,0.0
2023-04-13 00:00:00-04:00,85.49112360677468,87.7166869095612,85.45433656667774,87.37641906738281,1299300,0.0,0.0
2023-04-14 00:00:00-04:00,87.266051606786,88.1213309317709,86.493544870108,87.05453491210938,1176500,0.0,0.0
2023-04-17 00:00:00-04:00,87.55113479211394,88.76507885631318,87.01774033669395,88.59954071044922,1295000,0.0,0.0
2023-04-18 00:00:00-04:00,89.05937641518945,89.32607717596379,88.27767115990468,88.33285522460938,1545800,0.0,0.0
2023-04-19 00:00:00-04:00,88.20411292768858,89.07778235636381,87.82705101618177,88.78349304199219,1110000,0.0,0.0
2023-04-20 00:00:00-04:00,88.68232481457332,88.78348741776865,87.53275615681747,87.75347137451172,2158100,0.0,0.0
2023-04-21 00:00:00-04:00,88.121317608232,88.70989608520868,87.32121545215018,88.63632202148438,1383300,0.0,0.0
2023-04-24 00:00:00-04:00,88.78347843579041,89.29848289711218,88.57195473694209,89.2616958618164,1848100,0.0,0.0
2023-04-25 00:00:00-04:00,88.75590209339938,89.20653105889576,87.48677375896597,87.8546371459961,1057900,0.0,0.0
2023-04-26 00:00:00-04:00,87.18327265456982,88.02015482419843,86.70504825786013,86.79701232910156,1383000,0.0,0.0
2023-04-27 00:00:00-04:00,87.42239633068047,87.95579787969407,86.01532539543557,87.5511474609375,2077500,0.0,0.0
2023-04-28 00:00:00-04:00,87.36721599724159,89.61117621126408,87.21087634729021,89.16973876953125,1764300,0.0,0.0
2023-05-01 00:00:00-04:00,88.97660890929004,89.53759894279577,88.50758295974708,88.94902038574219,1018300,0.0,0.0
2023-05-02 00:00:00-04:00,88.36962063192126,88.86623503367689,86.70504779714676,88.4248046875,1070400,0.0,0.0
2023-05-03 00:00:00-04:00,88.92143194220304,88.9858075026759,86.47514661141503,86.69586181640625,1396700,0.0,0.0
2023-05-04 00:00:00-04:00,86.87061487294615,87.73509286213189,86.4015888345144,87.44080352783203,1200200,0.0,0.0
2023-05-05 00:00:00-04:00,87.91899370931763,88.97659808728028,87.91899370931763,88.70069885253906,1428300,0.0,0.0
2023-05-08 00:00:00-04:00,88.74670276478767,89.65715920161388,88.49839901525705,89.33528137207031,1406200,0.0,0.0
2023-05-09 00:00:00-04:00,85.84978309651828,86.4291701712186,80.19390408559009,83.05403137207031,4413100,0.0,0.0
2023-05-10 00:00:00-04:00,83.10000650300604,83.31152317327009,79.43058589447801,79.7800521850586,3212800,0.0,0.0
2023-05-11 00:00:00-04:00,79.41220356769385,79.70649287118003,78.23504635374918,78.50174713134766,2048600,0.0,0.0
2023-05-12 00:00:00-04:00,78.35459007773247,78.84201303992828,75.66919961117613,76.47850036621094,3059800,0.0,0.0
2023-05-15 00:00:00-04:00,76.33135348315862,77.7200342882301,75.78876048290202,77.58208465576172,1890700,0.0,0.0
2023-05-16 00:00:00-04:00,77.07628419975457,77.35218350952262,74.58401996278381,74.6024169921875,2548600,0.0,0.0
2023-05-17 00:00:00-04:00,74.89669544648385,75.7059892125346,74.51043506557768,75.66000366210938,2773600,0.0,0.0
2023-05-18 00:00:00-04:00,75.85314415171018,78.03272191536409,75.71519450449411,77.40735626220703,1915500,0.0,0.0
2023-05-19 00:00:00-04:00,77.9683451103836,78.5661222278843,76.85556346896122,76.95672607421875,1995100,0.0,0.0
2023-05-22 00:00:00-04:00,77.1406568385563,77.6280798694796,76.42332708011045,76.69922637939453,1180400,0.0,0.0
2023-05-23 00:00:00-04:00,76.49688975358035,77.46253014065115,76.28536605348717,76.35894012451172,1577100,0.0,0.0
2023-05-24 00:00:00-04:00,76.04626343457049,76.6440334868563,73.84828885690065,73.8758773803711,1424400,0.0,0.0
2023-05-25 00:00:00-04:00,73.14934794772734,73.64596241098276,71.7698656663766,71.9721908569336,2667600,0.0,0.0
2023-05-26 00:00:00-04:00,72.41362125777638,72.51478385305488,70.65708413472284,71.9721908569336,1706800,0.0,0.0
2023-05-30 00:00:00-04:00,72.38604362176406,72.7447085075463,70.85022146814154,71.92621612548828,2486300,0.0,0.0
2023-05-31 00:00:00-04:00,71.7330780001688,72.16531690048767,70.77663611819739,71.08012390136719,2423600,0.0,0.0
2023-06-01 00:00:00-04:00,71.07094527988049,71.55836136213725,69.99495049266332,70.4455795288086,2206700,0.0,0.0
2023-06-02 00:00:00-04:00,71.81586278900645,73.73794558042542,71.58594901593408,73.61839294433594,1599200,0.0,0.0
2023-06-05 00:00:00-04:00,73.57239153598027,74.32650826856766,73.12176260241719,73.23211669921875,1583300,0.0,0.0
2023-06-06 00:00:00-04:00,73.05737572414803,74.53802043577576,72.88263907606498,74.37248229980469,1148500,0.0,0.0
2023-06-07 00:00:00-04:00,74.31731474276128,75.40250787140502,73.91267133331498,74.67597961425781,1793700,0.0,0.0
2023-06-08 00:00:00-04:00,74.74954671975296,75.33812527530928,73.32408588093145,73.34247589111328,1384800,0.0,0.0
2023-06-09 00:00:00-04:00,71.25485616920203,72.3216520763623,70.51912953112587,71.95378875732422,2374000,0.0,0.0
2023-06-12 00:00:00-04:00,72.11014242376244,73.0757758367794,71.42040126457465,71.59513092041016,1644400,0.0,0.0
2023-06-13 00:00:00-04:00,71.8158485636619,73.3332805686476,71.7790685416979,73.29649353027344,1379000,0.0,0.0
2023-06-14 00:00:00-04:00,74.03222556737651,74.09660113503955,71.66871255973285,72.00898742675781,1409000,0.0,0.0
2023-06-15 00:00:00-04:00,71.72387574763117,73.28729311442999,71.39279945896361,73.11255645751953,1770300,0.0,0.0
2023-06-16 00:00:00-04:00,73.56319551613818,74.4276733912418,72.61595206562774,73.89427185058594,5050700,0.0,0.0
2023-06-20 00:00:00-04:00,73.88507084703286,74.26213272160761,72.38603589509253,72.84586334228516,2362600,0.0,0.0
2023-06-21 00:00:00-04:00,72.78149168024925,73.03899394184948,71.44799481850073,71.88023376464844,2180500,0.0,0.0
2023-06-22 00:00:00-04:00,71.61073099771703,72.29840730172303,71.03457858448793,71.76871490478516,1197200,0.81,0.0
2023-06-23 00:00:00-04:00,71.09032557691724,71.4620411155577,69.86366926232266,69.95659637451172,3092000,0.0,0.0
2023-06-26 00:00:00-04:00,70.1238720554004,71.43416780942923,69.88225587787109,71.3969955444336,2099100,0.0,0.0
2023-06-27 00:00:00-04:00,71.56427201635925,71.88952049464139,70.90448022044833,71.22972869873047,2926000,0.0,0.0
2023-06-28 00:00:00-04:00,71.32265434408092,71.54568085458192,69.99377594045899,71.2947769165039,2519000,0.0,0.0
2023-06-29 00:00:00-04:00,71.32266076834016,72.40992308108629,70.69074635676465,72.30770111083984,3805600,0.0,0.0
2023-06-30 00:00:00-04:00,72.93032222553272,74.11980641805808,72.32628528998578,73.96182250976562,2264100,0.0,0.0
2023-07-03 00:00:00-04:00,73.87818781744686,74.77030093275816,73.56223419093205,74.09192657470703,1233800,0.0,0.0
2023-07-05 00:00:00-04:00,73.49718208793804,74.15698098980945,72.59578116613288,73.03253936767578,2713200,0.0,0.0
2023-07-06 00:00:00-04:00,72.29841430271053,72.72588477936264,71.39700623873044,72.51214599609375,2279400,0.0,0.0
2023-07-07 00:00:00-04:00,72.60506891582075,74.20344100790453,72.60506891582075,73.03253936767578,2117100,0.0,0.0
2023-07-10 00:00:00-04:00,73.0976047068382,74.61233759975025,72.81881620610996,73.06043243408203,1539600,0.0,0.0
2023-07-11 00:00:00-04:00,73.31133643484033,74.84465900953388,73.09760472878578,74.7517318725586,2124000,0.0,0.0
2023-07-12 00:00:00-04:00,75.71817969139126,76.45230893942725,75.6159577272576,75.8575668334961,2520100,0.0,0.0
2023-07-13 00:00:00-04:00,75.75534366872576,76.25715864200544,74.9004027912352,75.32787322998047,2317400,0.0,0.0
2023-07-14 00:00:00-04:00,75.49513756846231,75.95978022942754,73.63656692460141,74.43575286865234,2217800,0.0,0.0
2023-07-17 00:00:00-04:00,74.81675894451794,74.81675894451794,73.07899294024088,73.8595962524414,2132600,0.0,0.0
2023-07-18 00:00:00-04:00,73.8038301010006,76.5266360655521,73.78524751624249,76.48946380615234,2184100,0.0,0.0
2023-07-19 00:00:00-04:00,77.1678676014637,78.39452415928078,77.00989077043009,78.12503051757812,2716600,0.0,0.0
2023-07-20 00:00:00-04:00,77.86483203980222,78.02280887149297,76.75898003819565,77.53028869628906,3041800,0.0,0.0
2023-07-21 00:00:00-04:00,77.06563956237058,78.45027284218979,75.59736690866426,78.05997467041016,2140500,0.0,0.0
2023-07-24 00:00:00-04:00,78.26443109282371,79.4260380442373,78.05998713499314,78.96139526367188,2867600,0.0,0.0
2023-07-25 00:00:00-04:00,79.25874959145818,81.37751908820259,78.80340174800672,80.86640930175781,3167100,0.0,0.0
2023-07-26 00:00:00-04:00,80.98723211423759,82.41833262391361,80.40177771625588,80.91288757324219,2035000,0.0,0.0
2023-07-27 00:00:00-04:00,81.126619576745,81.54479517759917,77.9019980518646,78.20866394042969,1809200,0.0,0.0
2023-07-28 00:00:00-04:00,79.3702829937504,79.77916381856933,78.66402398377416,79.2587661743164,2285400,0.0,0.0
2023-07-31 00:00:00-04:00,79.90925774445154,80.53188441452818,77.92988219209948,78.62684631347656,4875800,0.0,0.0
2023-08-01 00:00:00-04:00,78.32018093959934,78.7755288502103,77.75331621643876,78.35735321044922,1308700,0.0,0.0
2023-08-02 00:00:00-04:00,77.4559448400984,77.4559448400984,76.36868250901412,76.51736450195312,1456600,0.0,0.0
2023-08-03 00:00:00-04:00,76.33150493042727,76.56382628877162,74.48222890317415,74.49152374267578,2189600,0.0,0.0
2023-08-04 00:00:00-04:00,74.73312769788723,75.97837377949516,74.73312769788723,74.8074722290039,1687000,0.0,0.0
2023-08-07 00:00:00-04:00,74.41718147305912,74.9282842230529,74.054760710194,74.6587905883789,2660800,0.0,0.0
2023-08-08 00:00:00-04:00,58.238307947621685,62.75463506491745,57.87588724844596,60.199100494384766,11101100,0.0,0.0
2023-08-09 00:00:00-04:00,60.069003305163655,60.43142401752455,58.35911815214796,59.26981735229492,6099700,0.0,0.0
2023-08-10 00:00:00-04:00,59.16760127309553,60.37567516083329,58.75871696251729,58.78659439086914,2777800,0.0,0.0
2023-08-11 00:00:00-04:00,58.56356691882846,59.81810434833503,58.55427207956776,59.72517013549805,2501800,0.0,0.0
2023-08-14 00:00:00-04:00,59.20477732137194,60.39426160623939,59.13043632603913,60.37567901611328,2384100,0.0,0.0
2023-08-15 00:00:00-04:00,59.53932607739139,60.31992964150431,59.372054391501926,60.01326370239258,3029400,0.0,0.0
2023-08-16 00:00:00-04:00,59.678711193360066,59.82739317478293,58.8237667580519,58.860939025878906,2185900,0.0,0.0
2023-08-17 00:00:00-04:00,59.12113218140098,59.316284796439454,58.349827194616786,58.37770462036133,1868000,0.0,0.0
2023-08-18 00:00:00-04:00,58.03387579642739,59.2047738781286,57.717918608517124,59.186187744140625,2409700,0.0,0.0
2023-08-21 00:00:00-04:00,59.17689243193577,60.11547263742107,58.86093526547671,60.00395584106445,1718800,0.0,0.0
2023-08-22 00:00:00-04:00,60.468604137353566,62.34575763268517,60.44072670814788,62.252830505371094,3037900,0.0,0.0
2023-08-23 00:00:00-04:00,62.234237460470936,63.29362213162188,62.22494262233546,62.4572639465332,2169600,0.0,0.0
2023-08-24 00:00:00-04:00,61.51869490957664,62.54091459236239,60.04113442427159,60.76597595214844,1473500,0.0,0.0
2023-08-25 00:00:00-04:00,61.202738715722546,61.8997027851334,60.81244053842491,61.37001037597656,1245100,0.0,0.0
2023-08-28 00:00:00-04:00,61.88110885820272,62.21565215574467,61.332833897716256,61.713844299316406,999800,0.0,0.0
2023-08-29 00:00:00-04:00,62.04839397393196,64.11140905990173,61.992639108868836,64.06494903564453,1741500,0.0,0.0
2023-08-30 00:00:00-04:00,64.14855924593407,65.3473380612371,63.97199278084705,64.8641128540039,1579500,0.0,0.0
2023-08-31 00:00:00-04:00,65.15218608288471,66.46247453103518,65.10571898682885,65.4681396484375,2457900,0.0,0.0
2023-09-01 00:00:00-04:00,66.01643149747208,67.26167045168336,65.28229522705078,65.28229522705078,1621500,0.0,0.0
2023-09-05 00:00:00-04:00,65.02209656210599,66.05360385967796,64.86411975542168,65.72835540771484,2397000,0.0,0.0
2023-09-06 00:00:00-04:00,65.64471462876025,66.22087408119633,65.30087650700067,65.96996307373047,1619600,0.0,0.0
2023-09-07 00:00:00-04:00,65.72836953711457,66.71340994334919,64.26009667846922,64.30655670166016,1428800,0.0,0.0
2023-09-08 00:00:00-04:00,64.10211813236144,64.36231694294328,62.99626609750279,63.86979675292969,1123300,0.0,0.0
2023-09-11 00:00:00-04:00,64.81765821449385,65.37522804997482,63.23787583231685,63.507362365722656,1640900,0.0,0.0
2023-09-12 00:00:00-04:00,63.21000298508606,64.09282855332847,63.005566109908216,63.28434753417969,2643600,0.0,0.0
2023-09-13 00:00:00-04:00,63.284327191902946,63.618870465401415,62.46655868439789,62.754634857177734,1291400,0.0,0.0
2023-09-14 00:00:00-04:00,63.41443699430396,64.53887153573872,63.29363243840753,64.213623046875,1266300,0.0,0.0
2023-09-15 00:00:00-04:00,64.2786850305295,65.9235245584173,63.92555904510934,64.16717529296875,3984800,0.0,0.0
2023-09-18 00:00:00-04:00,63.74897443770662,63.96271319059125,62.540907720611344,62.63383483886719,1753300,0.0,0.0
2023-09-19 00:00:00-04:00,62.49443979046995,63.48877483142182,62.3829229961062,63.05200958251953,1663800,0.0,0.0
2023-09-20 00:00:00-04:00,64.1207022530692,66.83421432800324,63.990602844674136,65.04998779296875,3026500,0.0,0.0
2023-09-21 00:00:00-04:00,64.17563261077514,65.64228697732813,64.10982138081151,64.42947387695312,2375500,0.81,0.0
2023-09-22 00:00:00-04:00,64.42945445384844,64.52346944361355,63.72433127128412,63.780738830566406,1501100,0.0,0.0
2023-09-25 00:00:00-04:00,63.2918664249343,64.27904190323036,63.103836416156504,64.07220458984375,1265400,0.0,0.0
2023-09-26 00:00:00-04:00,63.58331942961098,64.24143885101634,62.93461083403732,63.08503341674805,1503200,0.0,0.0
2023-09-27 00:00:00-04:00,63.73374737273904,64.0628034876412,62.7371753753538,63.179046630859375,1740600,0.0,0.0
2023-09-28 00:00:00-04:00,63.442298236385746,64.45767035889247,62.53033760105506,64.10041046142578,1480700,0.0,0.0
2023-09-29 00:00:00-04:00,64.38245925039675,64.8525414356649,63.59271744924609,64.09100341796875,1089900,0.0,0.0
2023-10-02 00:00:00-04:00,63.47049801965813,63.72433924105936,61.63717321197318,62.02264404296875,1566000,0.0,0.0
2023-10-03 00:00:00-04:00,61.33631699338101,62.58673723529599,61.091879439579635,61.176490783691406,2008500,0.0,0.0
2023-10-04 00:00:00-04:00,61.975640249741524,61.975640249741524,60.78163452681444,61.505558013916016,1822800,0.0,0.0
2023-10-05 00:00:00-04:00,61.129486107159664,61.148293411967714,60.001291696770885,60.6782112121582,1590700,0.0,0.0
2023-10-06 00:00:00-04:00,60.283349397318,60.414971851467655,58.5534430139591,59.22096252441406,2361800,0.0,0.0
2023-10-09 00:00:00-04:00,58.76027070700491,60.22692476852868,58.70385955600696,59.90727233886719,1419400,0.0,0.0
2023-10-10 00:00:00-04:00,60.245733296016404,61.84400982256617,60.20812586125368,61.8346061706543,1941100,0.0,0.0
2023-10-11 00:00:00-04:00,61.99445214093165,62.22949327622741,61.242317638830755,61.62778854370117,1536700,0.0,0.0
2023-10-12 00:00:00-04:00,62.01324168426526,62.050849120235846,59.73804560468234,60.17992401123047,4268900,0.0,0.0
2023-10-13 00:00:00-04:00,60.49958251030473,60.95086461421504,60.132918939015084,60.92266082763672,2103700,0.0,0.0
2023-10-16 00:00:00-04:00,61.533746675484544,62.75596305736583,60.565378655369386,62.417503356933594,1287200,0.0,0.0
2023-10-17 00:00:00-04:00,61.834614194095586,64.10981766871205,61.684191608411126,63.51750946044922,1400800,0.0,0.0
2023-10-18 00:00:00-04:00,62.74657585213384,63.263669189123014,62.6807646249612,62.98161697387695,2143600,0.0,0.0
2023-10-19 00:00:00-04:00,63.03803788474258,63.21666427717173,62.088469651640196,62.42692947387695,2851600,0.0,0.0
2023-10-20 00:00:00-04:00,62.57734042977469,63.00041871527102,61.67478346275507,61.7123908996582,1272000,0.0,0.0
2023-10-23 00:00:00-04:00,61.18590406406764,61.64658263568216,60.45257694148948,60.88505172729492,2222400,0.0,0.0
2023-10-24 00:00:00-04:00,61.49615210787523,62.76537251548762,61.026069944101415,62.126060485839844,1544100,0.0,0.0
2023-10-25 00:00:00-04:00,62.013244497932845,62.42691913949354,61.54316228629944,62.144866943359375,2601200,0.0,0.0
2023-10-26 00:00:00-04:00,62.370498821526944,63.88416398151786,62.229479908950196,63.15083694458008,2139900,0.0,0.0
2023-10-27 00:00:00-04:00,63.348282661544644,64.2038358161928,62.86880392168406,63.7901611328125,3680400,0.0,0.0
2023-10-30 00:00:00-04:00,64.42947160987094,64.66451273331153,59.42779678997077,61.35513687133789,4522300,0.0,0.0
2023-10-31 00:00:00-04:00,62.08846843738159,64.82434357858924,61.872227432392364,64.26024627685547,3075800,0.0,0.0
2023-11-01 00:00:00-04:00,64.08161297401159,64.532887897555,63.056829983711744,63.98759078979492,1957900,0.0,0.0
2023-11-02 00:00:00-04:00,64.62690243465721,65.54826675386627,64.35425388277785,65.29441833496094,1942700,0.0,0.0
2023-11-03 00:00:00-04:00,66.02775580461135,68.82003833650195,65.83971860141081,68.35935974121094,2609500,0.0,0.0
2023-11-06 00:00:00-05:00,67.81407141761817,68.50039474587602,67.08074416212064,68.01150512695312,2930400,0.0,0.0
2023-11-07 00:00:00-05:00,73.31402308308132,73.62427188375216,65.91492667132763,67.30636596679688,5036200,0.0,0.0
2023-11-08 00:00:00-05:00,67.3345740196189,68.24652742324595,66.20637248432061,66.77046966552734,2393400,0.0,0.0
2023-11-09 00:00:00-05:00,67.33458377764792,67.57902138210065,66.53543821783549,67.25936889648438,2565500,0.0,0.0
2023-11-10 00:00:00-05:00,67.01491295996567,67.70123608374772,66.01834105559621,67.4473876953125,2533100,0.0,0.0
2023-11-13 00:00:00-05:00,66.73286967573208,67.45679307954074,65.55766422138468,66.96791076660156,3677100,0.0,0.0
2023-11-14 00:00:00-05:00,68.33115337154804,69.50635894881539,68.16192348150612,69.25251770019531,2019500,0.0,0.0
2023-11-15 00:00:00-05:00,69.40292895106894,70.31488947777197,69.26190287024852,69.57215881347656,1161000,0.0,0.0
2023-11-16 00:00:00-05:00,69.24312816164277,70.2209002619839,69.08330189204807,70.17388916015625,1434400,0.0,0.0
2023-11-17 00:00:00-05:00,70.71916392637075,70.71916392637075,69.4029323948755,69.51575469970703,1153200,0.0,0.0
2023-11-20 00:00:00-05:00,69.14909123555158,69.68498463142132,68.52857931776303,69.44994354248047,1581500,0.0,0.0
2023-11-21 00:00:00-05:00,69.34652807445248,69.54396173748432,68.57559355423453,69.19609832763672,1770400,0.0,0.0
2023-11-22 00:00:00-05:00,69.63796504842752,70.51231807952904,69.02685685716149,70.50291442871094,2439700,0.0,0.0
2023-11-24 00:00:00-05:00,70.28668766909762,70.86958496595315,70.19267267020652,70.25848388671875,603100,0.0,0.0
2023-11-27 00:00:00-05:00,70.14565892822205,70.4653113469249,69.73198434130366,70.36189270019531,2480100,0.0,0.0
2023-11-28 00:00:00-05:00,71.01061998206141,71.37728354487285,70.36190421421708,71.14224243164062,1192400,0.0,0.0
2023-11-29 00:00:00-05:00,71.39608487573175,71.97898219711928,70.6909615950456,70.72856903076172,1400600,0.0,0.0
2023-11-30 00:00:00-05:00,70.74736435177927,71.17983907378155,70.39950097472149,70.86958312988281,1811000,0.0,0.0
2023-12-01 00:00:00-05:00,70.94479731304827,72.19521755522892,70.94479731304827,72.1858139038086,1654800,0.0,0.0
2023-12-04 00:00:00-05:00,71.69695066268501,72.402074075886,71.56532819938506,71.73455810546875,1861200,0.0,0.0
2023-12-05 00:00:00-05:00,71.4807045834886,71.83797167811863,70.60635132629868,70.9072036743164,1845000,0.0,0.0
2023-12-06 00:00:00-05:00,71.27385508568544,72.21401940940275,71.09522874174066,71.17984008789062,987800,0.0,0.0
2023-12-07 00:00:00-05:00,71.3866788587403,73.24820741415387,71.19864885927353,72.39265441894531,1157200,0.0,0.0
2023-12-08 00:00:00-05:00,72.36446055361175,72.8063390030897,71.88497466450953,72.22343444824219,1104400,0.0,0.0
2023-12-11 00:00:00-05:00,71.98838246251269,72.26103097896387,71.72513759776938,72.0823974609375,2234300,0.0,0.0
2023-12-12 00:00:00-05:00,72.29864626410561,72.33625370213639,71.10463341850564,71.88497161865234,1805600,0.0,0.0
2023-12-13 00:00:00-05:00,71.565327385794,74.55505091069296,71.22686757747441,74.01915740966797,1514500,0.0,0.0
2023-12-14 00:00:00-05:00,75.1943510069759,77.7609957727681,74.59263919881212,75.39178466796875,2914500,0.0,0.0
2023-12-15 00:00:00-05:00,75.08153345539901,75.82426423070123,74.46102147620266,74.85589599609375,3711900,0.0,0.0
2023-12-18 00:00:00-05:00,75.26016707870413,75.46699723244471,73.88752066980108,74.32939910888672,1589400,0.0,0.0
2023-12-19 00:00:00-05:00,74.46101985125777,75.47639915530134,74.32939740512828,75.20375061035156,2187600,0.0,0.0
2023-12-20 00:00:00-05:00,75.05333817175965,75.29777579166168,74.26359621539974,74.83709716796875,1870400,0.0,0.0
2023-12-21 00:00:00-05:00,75.58923417256179,75.7302602950831,74.30120610710075,75.63623809814453,1172100,0.0,0.0
2023-12-22 00:00:00-05:00,76.25673243038304,77.04646705618764,75.52340537131165,75.87126159667969,1174100,0.0,0.0
2023-12-26 00:00:00-05:00,75.94648449563623,77.56356852651744,75.77725460466294,77.168701171875,798900,0.0,0.0
2023-12-27 00:00:00-05:00,77.06425202929938,77.56750434152202,76.88383808930409,77.3016357421875,971200,0.81,0.0
2023-12-28 00:00:00-05:00,77.14020458322598,78.11822426127509,77.14020458322598,77.71942138671875,938000,0.0,0.0
2023-12-29 00:00:00-05:00,77.21618589873135,77.70994091113191,76.57050180905237,76.88385009765625,767700,0.0,0.0
2024-01-02 00:00:00-05:00,76.28561979139789,77.37758622358143,76.20016513956958,77.31111907958984,1096300,0.0,0.0
2024-01-03 00:00:00-05:00,76.66544400502859,77.14970882113118,75.19366929106658,75.95329284667969,1036000,0.0,0.0
2024-01-04 00:00:00-05:00,75.89632020470945,76.16218880134784,75.45953504674982,75.5354995727539,1115700,0.0,0.0
2024-01-05 00:00:00-05:00,75.0132533180281,76.86484338192524,74.81385186840657,75.9343032836914,1215000,0.0,0.0
2024-01-08 00:00:00-05:00,75.4975250090771,76.55150937064866,75.29812354126311,76.19068145751953,949800,0.0,0.0
2024-01-09 00:00:00-05:00,75.64943368522303,76.25713536086666,75.45952962822517,76.01026153564453,846500,0.0,0.0
2024-01-10 00:00:00-05:00,75.69691429701393,76.73190373642626,75.45003322423534,76.47553253173828,872900,0.0,0.0
2024-01-11 00:00:00-05:00,76.61797120274042,76.61797120274042,75.50700989586306,75.75389099121094,2048700,0.0,0.0
2024-01-12 00:00:00-05:00,78.81139328620887,79.20070605564607,75.32660209280627,76.2001724243164,4072400,0.0,0.0
2024-01-16 00:00:00-05:00,75.91532182583221,76.41858147087771,75.10821850904105,75.52601623535156,5072600,0.0,0.0
2024-01-17 00:00:00-05:00,74.31061541222964,75.02276670328321,73.5130021991733,74.89932250976562,1892300,0.0,0.0
2024-01-18 00:00:00-05:00,74.98477136825663,75.06073589805209,73.7313856041367,74.39605712890625,1880100,0.0,0.0
2024-01-19 00:00:00-05:00,74.58596865374133,75.72540762622873,74.03523667780935,75.50701141357422,1564000,0.0,0.0
2024-01-22 00:00:00-05:00,76.7509034247789,77.10222668178255,75.70641654191165,75.73490142822266,1609300,0.0,0.0
2024-01-23 00:00:00-05:00,76.07673400578344,76.33310522511536,75.2981157265844,75.46903228759766,1244300,0.0,0.0
2024-01-24 00:00:00-05:00,75.4975138989193,75.98177143047171,74.75687791477972,75.05123138427734,2164500,0.0,0.0
2024-01-25 00:00:00-05:00,75.62094746785948,78.23216804960705,75.55448032464456,78.21318054199219,2510800,0.0,0.0
2024-01-26 00:00:00-05:00,78.51704972033436,78.76392359888717,77.75741883949364,78.10874938964844,1802600,0.0,0.0
2024-01-29 00:00:00-05:00,77.80488600133434,78.09923947934803,77.1402072761612,77.87135314941406,1176700,0.0,0.0
2024-01-30 00:00:00-05:00,77.35860553750608,78.50754183889252,76.90282562110332,76.91232299804688,1146400,0.0,0.0
2024-01-31 00:00:00-05:00,77.27316164367717,78.35563104749983,76.57050771798369,76.60848999023438,1672100,0.0,0.0
2024-02-01 00:00:00-05:00,76.62746857627,78.1657178235011,76.22866563066904,78.03278350830078,1209700,0.0,0.0
2024-02-02 00:00:00-05:00,77.41558228401455,78.02328406437603,76.63696392515287,77.168701171875,2411700,0.0,0.0
2024-02-05 00:00:00-05:00,76.1432101465036,76.83636660486225,75.63995778086263,76.13371276855469,2064800,0.0,0.0
2024-02-06 00:00:00-05:00,76.15268939450172,77.66245351998958,76.12420450910349,76.69392395019531,1276900,0.0,0.0
2024-02-07 00:00:00-05:00,76.85534945103396,78.76390919353415,76.6654381433687,78.1846923828125,1539100,0.0,0.0
2024-02-08 00:00:00-05:00,78.33663212322794,78.58351323470842,76.41857474240311,76.44705963134766,1436400,0.0,0.0
2024-02-09 00:00:00-05:00,75.96279253010337,76.24765589984183,74.74738900872194,75.90582275390625,3152600,0.0,0.0
2024-02-12 00:00:00-05:00,75.83935950662676,77.26366193993059,75.76339497153346,76.26664733886719,2008200,0.0,0.0
2024-02-13 00:00:00-05:00,75.27914110318711,76.45656259147722,74.975290162842,76.4280776977539,3263300,0.0,0.0
2024-02-14 00:00:00-05:00,76.76040468090373,77.50104805419873,75.15569548304045,75.37408447265625,1629100,0.0,0.0
2024-02-15 00:00:00-05:00,75.72541636168074,77.05476681251672,75.72541636168074,76.9503173828125,1761400,0.0,0.0
2024-02-16 00:00:00-05:00,76.81737692220034,77.45356358363807,76.51352603581392,77.09274291992188,1681800,0.0,0.0
2024-02-20 00:00:00-05:00,78.00428950256203,78.08974416189979,76.98828750119348,77.89034271240234,2654700,0.0,0.0
2024-02-21 00:00:00-05:00,70.74033547078274,74.77585796408242,69.88575278803253,72.9052734375,8752600,0.0,0.0
2024-02-22 00:00:00-05:00,72.90528888799635,75.47852761267524,72.40203654716221,75.45004272460938,4770500,0.0,0.0
2024-02-23 00:00:00-05:00,75.04173403702643,76.9313062593958,74.89930236824218,76.41856384277344,2593000,0.0,0.0
2024-02-26 00:00:00-05:00,76.08622290079227,76.08622290079227,73.47500213267656,73.50349426269531,3272200,0.0,0.0
2024-02-27 00:00:00-05:00,73.69339606074303,73.82633035256738,70.27507224570506,70.6833724975586,3561700,0.0,0.0
2024-02-28 00:00:00-05:00,70.13264096390229,70.30355751781465,69.25907068585052,69.51544189453125,2573000,0.0,0.0
2024-02-29 00:00:00-05:00,70.2655781120654,72.17414516758865,70.10415892802574,71.68988037109375,5899300,0.0,0.0
2024-03-01 00:00:00-05:00,71.21512440045957,72.25011406444526,71.01572292146354,72.05071258544922,1905900,0.0,0.0
2024-03-04 00:00:00-05:00,71.74685676626213,72.44951782819662,71.74685676626213,72.20263671875,2614200,0.0,0.0
2024-03-05 00:00:00-05:00,71.85130544650485,73.23762555630385,71.75635340365932,72.84832000732422,2453900,0.0,0.0
2024-03-06 00:00:00-05:00,73.38955090623023,73.9687677559642,72.4590035469339,73.20913696289062,1739300,0.0,0.0
2024-03-07 00:00:00-05:00,73.94976162195879,75.52599273949622,73.42752187091477,74.87081146240234,1627600,0.0,0.0
2024-03-08 00:00:00-05:00,74.82335855251266,75.76339614462285,74.57647743182523,74.77587890625,1559200,0.0,0.0
2024-03-11 00:00:00-04:00,74.67141911659935,77.26365241310857,74.67141911659935,76.96929168701172,1864800,0.0,0.0
2024-03-12 00:00:00-04:00,77.23516819817632,77.5485164656306,76.70343095234603,77.10223388671875,1980900,0.0,0.0
2024-03-13 00:00:00-04:00,77.38708514358271,78.64047077269763,77.15919882311877,78.43157196044922,1543200,0.0,0.0
2024-03-14 00:00:00-04:00,77.85236607397302,78.55502713082879,76.9123285314584,77.48204803466797,1541000,0.0,0.0
2024-03-15 00:00:00-04:00,76.807880590671,79.11525078084955,76.71292854570258,78.6689682006836,3253600,0.0,0.0
2024-03-18 00:00:00-04:00,78.3366246723757,80.21670685203814,77.90933689009495,79.58051300048828,2681700,0.0,0.0
2024-03-19 00:00:00-04:00,80.23570184455878,80.41611580004293,77.64346828974732,78.85887908935547,2380700,0.0,0.0
2024-03-20 00:00:00-04:00,79.2671690219467,80.0552774074834,78.83987401138396,79.6849594116211,1912000,0.0,0.0
2024-03-21 00:00:00-04:00,80.22878852712019,80.48639486104895,79.02664989902365,79.49414825439453,1559600,0.4,0.0
2024-03-22 00:00:00-04:00,79.67543829568909,80.10477254506955,78.67364867503814,79.26518249511719,2383300,0.0,0.0
2024-03-25 00:00:00-04:00,77.75771677280619,79.15067622432744,77.71955260274206,78.24430084228516,2060200,0.0,0.0
2024-03-26 00:00:00-04:00,78.50190336974191,78.50190336974191,77.20435064635184,77.70047760009766,1956100,0.0,0.0
2024-03-27 00:00:00-04:00,78.48282272081931,81.74578288406302,77.90083185626125,81.7076187133789,3319200,0.0,0.0
2024-03-28 00:00:00-04:00,82.05108491518986,82.44226218606515,81.05883836365719,82.04154205322266,10232900,0.0,0.0
2024-04-01 00:00:00-04:00,82.3086920692012,82.73803355119612,81.33553114567496,82.40410614013672,1580200,0.0,0.0
2024-04-02 00:00:00-04:00,82.20374782148815,82.23236913048837,79.86624143916066,80.3814468383789,1653900,0.0,0.0
2024-04-03 00:00:00-04:00,80.47685461079467,81.87935700150321,80.47685461079467,81.57405090332031,1694300,0.0,0.0
2024-04-04 00:00:00-04:00,82.05108946770554,82.30868852254532,79.84716137060836,80.00935363769531,1106600,0.0,0.0
2024-04-05 00:00:00-04:00,79.60863580160195,79.80899222712091,78.93123818796998,79.51322174072266,838600,0.0,0.0
2024-04-08 00:00:00-04:00,79.99025842499186,81.21148991221938,79.47506037642034,81.182861328125,1832900,0.0,0.0
2024-04-09 00:00:00-04:00,81.91751560772005,82.47088514778736,81.33552476024772,82.41363525390625,950100,0.0,0.0
2024-04-10 00:00:00-04:00,81.33552224092496,82.42317556305272,81.31644379626958,82.24189758300781,1509500,0.0,0.0
2024-04-11 00:00:00-04:00,83.00517304148983,83.57762105492719,81.631291985983,82.59491729736328,1958300,0.0,0.0
2024-04-12 00:00:00-04:00,82.18466336023072,82.2609917047863,79.00756698905208,79.77083587646484,1523500,0.0,0.0
2024-04-15 00:00:00-04:00,80.15247887005413,80.84895507097033,77.99625022031852,78.79767608642578,1237300,0.0,0.0
2024-04-16 00:00:00-04:00,78.30155527673638,80.43869816941246,78.0916559492368,79.15068817138672,1656500,0.0,0.0
2024-04-17 00:00:00-04:00,79.8948711117776,79.97119946314942,78.58778267012843,79.04573822021484,1071100,0.0,0.0
2024-04-18 00:00:00-04:00,80.31466107285276,80.69629550933556,79.14113645450563,79.76129150390625,1000700,0.0,0.0
2024-04-19 00:00:00-04:00,79.72311870267635,80.42914488142033,79.59909061785028,80.11429595947266,793100,0.0,0.0
2024-04-22 00:00:00-04:00,79.95211143399213,81.57404867138528,79.57047700193746,80.99205780029297,1187000,0.0,0.0
2024-04-23 00:00:00-04:00,80.49593059122958,82.07016064745343,80.3814380886201,81.50725555419922,993900,0.0,0.0
2024-04-24 00:00:00-04:00,80.98251209752729,81.59312425577082,80.32420018636944,81.23057556152344,1066100,0.0,0.0
2024-04-25 00:00:00-04:00,80.97296248825607,81.0015837908611,79.12204060971943,80.46729278564453,1292700,0.0,0.0
2024-04-26 00:00:00-04:00,80.61996490171958,81.56450446420334,80.03797404022171,80.72491455078125,900100,0.0,0.0
2024-04-29 00:00:00-04:00,81.29736477742304,82.35639688037442,81.29736477742304,81.82211303710938,1702700,0.0,0.0
2024-04-30 00:00:00-04:00,81.38323179931861,81.95567978468392,80.61996296611747,80.76307678222656,1669500,0.0,0.0
2024-05-01 00:00:00-04:00,80.92527490253102,81.63129389296128,80.10476339511007,80.13338470458984,1777700,0.0,0.0
2024-05-02 00:00:00-04:00,80.51502786201944,82.87161298516767,80.45778523686519,82.82390594482422,2157300,0.0,0.0
2024-05-03 00:00:00-04:00,83.09103921903157,83.68257297374986,81.96522888691135,82.66170501708984,1501800,0.0,0.0
2024-05-06 00:00:00-04:00,83.36771949507089,85.05644945993511,82.6712434026126,84.58895111083984,2487400,0.0,0.0
2024-05-07 00:00:00-04:00,88.34803789578174,90.39931672315045,87.298548603359,89.99860382080078,4635200,0.0,0.0
2024-05-08 00:00:00-04:00,90.91451209359447,92.87991949368012,90.07492220830189,92.76543426513672,3171500,0.0,0.0
2024-05-09 00:00:00-04:00,92.54599834866758,93.00396113091637,91.46788779249421,92.60324096679688,1640400,0.0,0.0
2024-05-10 00:00:00-04:00,92.87038470153995,93.57641097457204,91.94493081442292,92.71773529052734,1605900,0.0,0.0
2024-05-13 00:00:00-04:00,92.96580467849584,93.7290663401921,91.91630806517135,92.08804321289062,1356600,0.0,0.0
2024-05-14 00:00:00-04:00,92.6414054557399,93.33788885467385,92.12620005359798,92.19298553466797,1547800,0.0,0.0
2024-05-15 00:00:00-04:00,92.77496726206581,92.94670237916486,91.26752265538622,92.0784912109375,1456600,0.0,0.0
2024-05-16 00:00:00-04:00,92.07850957090966,93.82447511730369,91.80182475602109,93.33789825439453,1891200,0.0,0.0
2024-05-17 00:00:00-04:00,93.66226327471809,95.24604348188396,93.14705792825706,95.11247253417969,1842500,0.0,0.0
2024-05-20 00:00:00-04:00,94.93120126677904,95.32237855489785,94.02482587485538,94.28242492675781,1630600,0.0,0.0
2024-05-21 00:00:00-04:00,94.43508147967663,94.51140254146158,92.6414018649128,93.40467071533203,2193100,0.0,0.0
2024-05-22 00:00:00-04:00,92.67957166423746,93.1566129049548,91.36294046032343,91.53467559814453,1038600,0.0,0.0
2024-05-23 00:00:00-04:00,91.20073933302582,91.61099508412802,89.51201657281118,90.13217163085938,1043000,0.0,0.0
2024-05-24 00:00:00-04:00,90.76186898572715,92.19299278904144,90.24666354304534,91.72549438476562,1287200,0.0,0.0
2024-05-28 00:00:00-04:00,91.87814574227126,92.27885863692303,90.54242881436035,90.7618637084961,1481700,0.0,0.0
2024-05-29 00:00:00-04:00,90.0272100275339,90.80955725380505,89.26394124523836,90.36113739013672,1556600,0.0,0.0
2024-05-30 00:00:00-04:00,90.65691866315343,91.69687240442623,90.38977671980176,91.15304565429688,1253400,0.0,0.0
2024-05-31 00:00:00-04:00,91.19120098102336,92.33609699260947,90.77140237987516,91.7636489868164,3135500,0.0,0.0
2024-06-03 00:00:00-04:00,91.5346736055246,91.73503004877573,90.55196983569087,91.67778015136719,1404600,0.0,0.0
2024-06-04 00:00:00-04:00,90.63782682581056,91.90675814834894,90.45654884285624,91.8876724243164,1419200,0.0,0.0
2024-06-05 00:00:00-04:00,91.59191704410924,93.62411008305965,91.30568939171778,93.53824615478516,1599700,0.0,0.0
2024-06-06 00:00:00-04:00,93.40467071533203,93.79584072384525,92.58415924880627,93.40467071533203,796300,0.0,0.0
2024-06-07 00:00:00-04:00,93.29971914214593,94.38737250016455,92.79405663277758,93.95803833007812,1441100,0.0,0.0
2024-06-10 00:00:00-04:00,93.61457044564348,93.89125522322193,92.25023228258902,92.32655334472656,1227700,0.0,0.0
2024-06-11 00:00:00-04:00,91.99262035081432,92.85129593946412,91.73502131375479,92.69864654541016,883600,0.0,0.0
2024-06-12 00:00:00-04:00,94.13931295317458,94.13931295317458,91.58237171343154,92.33609771728516,1163800,0.0,0.0
2024-06-13 00:00:00-04:00,92.08803550181983,92.48875566565822,90.64737623338574,90.69507598876953,1248700,0.0,0.0
2024-06-14 00:00:00-04:00,89.81732489931106,90.34207317969798,89.5024759310789,90.19895935058594,1569200,0.0,0.0
2024-06-17 00:00:00-04:00,89.4452319746305,90.60921375804514,88.40528557149317,90.447021484375,1849000,0.0,0.0
2024-06-18 00:00:00-04:00,90.29437058145132,92.20253565253705,90.1703424722967,91.72549438476562,1702800,0.0,0.0
2024-06-20 00:00:00-04:00,91.49649795559033,92.37425196231301,90.90496428371864,91.75409698486328,1343300,0.0,0.0
2024-06-21 00:00:00-04:00,92.01278870851532,92.28104639565076,91.25591462868387,91.95530700683594,4579200,0.4,0.0
2024-06-24 00:00:00-04:00,92.68344676709549,94.19719515281169,92.2044130229682,93.75648498535156,1203900,0.0,0.0
2024-06-25 00:00:00-04:00,93.75648105999207,93.98641520089342,91.63915287673387,91.87866973876953,1530000,0.0,0.0
2024-06-26 00:00:00-04:00,91.49543295206719,92.5014066046491,91.00681655142964,92.15650177001953,1242200,0.0,0.0
2024-06-27 00:00:00-04:00,92.1660908422009,92.57806016076883,90.40325014566132,91.70622253417969,1345200,0.0,0.0
2024-06-28 00:00:00-04:00,91.8690917817206,92.85590013496477,90.91102428389519,91.21760559082031,1764100,0.0,0.0
2024-07-01 00:00:00-04:00,91.46669670539444,91.66788998414455,88.83201133068336,89.2343978881836,1252100,0.0,0.0
2024-07-02 00:00:00-04:00,89.76133708206633,90.84395061310231,89.39726679185264,90.76730346679688,1160700,0.0,0.0
2024-07-03 00:00:00-04:00,90.34575065225394,91.71578720392985,90.18287365364112,91.03555297851562,566900,0.0,0.0
2024-07-05 00:00:00-04:00,90.62359129734722,91.41878898870625,89.58888406694267,91.29424285888672,795900,0.0,0.0
2024-07-08 00:00:00-04:00,91.59124426867513,93.62234983888096,91.53376256226933,93.21038055419922,1258400,0.0,0.0
2024-07-09 00:00:00-04:00,93.07625026007408,93.13373196559085,92.15650642443433,92.75050354003906,1076500,0.0,0.0
2024-07-10 00:00:00-04:00,93.21037952240778,93.41157280207534,91.29424469569855,92.23314666748047,1169400,0.0,0.0
2024-07-11 00:00:00-04:00,93.24869595098414,94.12053342940648,92.36727575250973,93.47863006591797,978000,0.0,0.0
2024-07-12 00:00:00-04:00,93.89060804614014,94.5516769112111,93.61276761458096,94.19718933105469,886500,0.0,0.0
2024-07-15 00:00:00-04:00,94.15886630789687,94.46544759460593,91.9361501518876,92.16608428955078,1005500,0.0,0.0
2024-07-16 00:00:00-04:00,92.47265607300623,94.2834100631234,92.22356382841758,93.99598693847656,767900,0.0,0.0
2024-07-17 00:00:00-04:00,93.98640530861715,95.04027792875667,92.57804513856462,92.70259857177734,1427600,0.0,0.0
2024-07-18 00:00:00-04:00,92.25229461639829,94.52291658690969,91.50500334519712,92.5684585571289,1165400,0.0,0.0
2024-07-19 00:00:00-04:00,92.37686051421862,92.56847838728868,91.2846642208799,91.65830993652344,859200,0.0,0.0
2024-07-22 00:00:00-04:00,93.92892921851087,94.36005662676544,92.10859968798475,94.02473449707031,1022400,0.0,0.0
2024-07-23 00:00:00-04:00,94.04388162897044,95.38516988661421,93.76604125860914,94.88697814941406,1006200,0.0,0.0
2024-07-24 00:00:00-04:00,94.79119320753038,95.50016105417339,93.88102476964167,93.96725463867188,1056700,0.0,0.0
2024-07-25 00:00:00-04:00,93.9001865042983,94.5995716024435,92.78882482851405,93.08583068847656,973300,0.0,0.0
2024-07-26 00:00:00-04:00,93.6510836303322,94.85825054014823,93.19120808533958,94.69537353515625,1231300,0.0,0.0
2024-07-29 00:00:00-04:00,94.89657614467542,95.62470208476051,94.00557319610844,95.38518524169922,946300,0.0,0.0
2024-07-30 00:00:00-04:00,95.73967819930924,97.61748947765699,94.67622277139415,95.46183776855469,1494100,0.0,0.0
2024-07-31 00:00:00-04:00,95.8067321351728,96.73605860639975,95.08818164415901,95.30854034423828,1290400,0.0,0.0
2024-08-01 00:00:00-04:00,95.82589330256121,96.34325054962522,93.98640574153838,94.69537353515625,1183800,0.0,0.0
2024-08-02 00:00:00-04:00,93.0187424741967,93.24868386881089,90.99722737355798,92.10858154296875,1876300,0.0,0.0
2024-08-05 00:00:00-04:00,90.28827364568183,91.70621667535502,88.3529806299054,90.64276123046875,2003100,0.0,0.0
2024-08-06 00:00:00-04:00,90.87268696726056,93.83311888886264,90.60442927794492,92.43434143066406,2095600,0.0,0.0
2024-08-07 00:00:00-04:00,95.03071602715062,95.24149204303603,88.59250136853133,90.25953674316406,3921600,0.0,0.0
2024-08-08 00:00:00-04:00,90.95892847483753,91.68705449349045,88.77453579992925,91.54335021972656,1736200,0.0,0.0
2024-08-09 00:00:00-04:00,91.77327264559342,92.84631071265147,91.21759182643083,92.1756591796875,1583200,0.0,0.0
2024-08-12 00:00:00-04:00,92.17566403918191,93.25827757402668,91.06430965174003,91.7636947631836,1387100,0.0,0.0
2024-08-13 00:00:00-04:00,92.19482071956766,93.13372259273169,91.61039907404833,92.55888366699219,1480100,0.0,0.0
2024-08-14 00:00:00-04:00,92.49182390642227,93.18163357584575,91.62956181964292,92.65469360351562,987600,0.0,0.0
2024-08-15 00:00:00-04:00,93.12414454066885,94.93489126771985,93.01875654622894,94.9253158569336,1366600,0.0,0.0
2024-08-16 00:00:00-04:00,94.98280448460235,95.24148678416915,93.79480291731524,94.4462890625,1135000,0.0,0.0
2024-08-19 00:00:00-04:00,94.58999112993058,95.22231176963106,94.26424443534805,94.76244354248047,643200,0.0,0.0
2024-08-20 00:00:00-04:00,94.84866496895945,95.04985822963557,93.75646880558993,93.78520965576172,637800,0.0,0.0
2024-08-21 00:00:00-04:00,94.00556861756816,96.094155679717,93.77562719660735,96.04624938964844,1183100,0.0,0.0
2024-08-22 00:00:00-04:00,96.09415922096979,96.52528660958035,95.23189713427479,96.18038177490234,1098700,0.0,0.0
2024-08-23 00:00:00-04:00,96.69774820614975,96.98517136549027,95.41393401976322,95.88339233398438,1080600,0.0,0.0
2024-08-26 00:00:00-04:00,96.00793752514817,97.57916754591608,95.87380866797099,96.41032409667969,794500,0.0,0.0
2024-08-27 00:00:00-04:00,96.38157782580487,96.69774181829874,95.79715613403404,96.59235382080078,835100,0.0,0.0
2024-08-28 00:00:00-04:00,96.56360630739941,98.451000102152,96.14205434648757,98.07735443115234,1129700,0.0,0.0
2024-08-29 00:00:00-04:00,98.20189947685317,99.05457879974796,97.0522216262794,98.6138687133789,805600,0.0,0.0
2024-08-30 00:00:00-04:00,98.91086693766069,99.80186982743803,97.92405877887498,99.6294174194336,1639000,0.0,0.0
2024-09-03 00:00:00-04:00,98.70009535460538,100.88449505640929,98.65219637270533,99.23661804199219,1553600,0.0,0.0
2024-09-04 00:00:00-04:00,99.35159511285632,100.36715161578564,98.75759795116399,98.78633880615234,1006300,0.0,0.0
2024-09-05 00:00:00-04:00,99.03543584756744,99.05459398057461,97.56001108387848,98.36478424072266,954400,0.0,0.0
2024-09-06 00:00:00-04:00,98.14443072215644,99.34201502007626,97.6462315609161,98.6905288696289,1499000,0.0,0.0
2024-09-09 00:00:00-04:00,99.07375171227348,100.41504020262302,98.55639444764977,99.12165069580078,1211600,0.0,0.0
2024-09-10 00:00:00-04:00,99.24620041379679,99.76355769713186,97.45461901854455,98.49890899658203,1060800,0.0,0.0
2024-09-11 00:00:00-04:00,98.43183860980619,99.02584300496027,96.48696303674258,98.9491958618164,1173400,0.0,0.0
2024-09-12 00:00:00-04:00,98.80549503094387,99.31327692733669,98.1061098748216,99.10250091552734,951500,0.0,0.0
2024-09-13 00:00:00-04:00,99.40908522009234,100.0030823882845,98.91088602992644,99.24620819091797,975300,0.0,0.0
2024-09-16 00:00:00-04:00,99.76354884734782,100.29048880478098,98.58513011995902,99.29409790039062,898500,0.0,0.0
2024-09-17 00:00:00-04:00,99.68692276551545,100.03182763804874,99.12165915962352,99.84979248046875,945600,0.0,0.0
2024-09-18 00:00:00-04:00,100.1180416525419,100.1180416525419,98.64261700368336,99.12165069580078,840100,0.0,0.0
2024-09-19 00:00:00-04:00,100.06055864487344,100.06055864487344,98.31687632066266,98.91087341308594,1093100,0.0,0.0
2024-09-20 00:00:00-04:00,98.49731141844197,99.43986527951435,97.71825341239919,98.32418823242188,3882900,0.4,0.0
2024-09-23 00:00:00-04:00,98.6127276235495,99.53604888916016,98.12221067878896,99.53604888916016,1117700,0.0,0.0
2024-09-24 00:00:00-04:00,99.61299051313237,100.77676021167082,99.52643258729543,100.5940170288086,1112500,0.0,0.0
2024-09-25 00:00:00-04:00,101.14224999741418,101.22880792617798,99.66108651157992,100.02656555175781,1121600,0.0,0.0
2024-09-26 00:00:00-04:00,100.22853824778291,100.97873629183633,99.75726130639893,100.71905517578125,1441500,0.0,0.0
2024-09-27 00:00:00-04:00,100.9787447440637,101.57505963463987,100.25739928164816,101.1037826538086,1326400,0.0,0.0
2024-09-30 00:00:00-04:00,101.25765451433487,101.9116746204281,100.08426485299952,100.92102813720703,1508300,0.0,0.0
2024-10-01 00:00:00-04:00,100.89217527157608,101.0941510974035,99.1320907834884,99.18018341064453,1154100,0.0,0.0
2024-10-02 00:00:00-04:00,98.77621723464645,100.19005525047955,98.77621723464645,99.06475830078125,1034300,0.0,0.0
2024-10-03 00:00:00-04:00,98.58386591128355,98.81469437197478,96.39097718995582,96.78530883789062,897100,0.0,0.0
2024-10-04 00:00:00-04:00,97.01615059631196,97.58360545910078,96.31403784045123,96.63143157958984,786900,0.0,0.0
2024-10-07 00:00:00-04:00,96.30441390270266,97.02575927779765,95.79466434503361,96.93920135498047,1214400,0.0,0.0
2024-10-08 00:00:00-04:00,97.0065275636191,98.67042680229547,96.8814970057114,98.56463623046875,1180100,0.0,0.0
2024-10-09 00:00:00-04:00,98.83393932782586,98.8627919696252,97.9298507492874,98.10297393798828,884100,0.0,0.0
2024-10-10 00:00:00-04:00,97.99718262972645,98.91088392516518,97.4970530163917,98.70890808105469,835400,0.0,0.0
2024-10-11 00:00:00-04:00,98.94934329349105,99.54565808987792,98.1510600179834,98.73775482177734,724600,0.0,0.0
2024-10-14 00:00:00-04:00,98.76660918759069,101.26727163843027,98.53577338875296,101.12300109863281,1087000,0.0,0.0
2024-10-15 00:00:00-04:00,101.47887670561018,102.69073173944723,100.86332919505337,102.0174789428711,1083400,0.0,0.0
2024-10-16 00:00:00-04:00,102.06557315919974,102.2964016447692,101.53658356945175,101.67123413085938,819000,0.0,0.0
2024-10-17 00:00:00-04:00,101.44039619969071,101.46924884046213,99.58413381838218,100.40165710449219,1977100,0.0,0.0
2024-10-18 00:00:00-04:00,100.30548571141405,100.52669419698154,99.5456676574415,100.50746154785156,1155200,0.0,0.0
2024-10-21 00:00:00-04:00,100.52669163358772,101.01720855980226,99.8630588559026,100.09388732910156,914100,0.0,0.0
2024-10-22 00:00:00-04:00,99.96885267912707,100.24777376937341,98.48768930570054,99.90152740478516,969000,0.0,0.0
2024-10-23 00:00:00-04:00,99.84381167474955,100.31509591836443,99.31482948937362,99.97846221923828,619500,0.0,0.0
2024-10-24 00:00:00-04:00,100.60363241798309,100.69019767776324,98.28571312026888,98.53577423095703,957700,0.0,0.0
2024-10-25 00:00:00-04:00,98.66081397540844,98.67042663052752,97.38162640572257,97.57398223876953,961500,0.0,0.0
2024-10-28 00:00:00-04:00,98.5838749681051,99.15132984816607,97.77597161251217,98.29533386230469,673300,0.0,0.0
2024-10-29 00:00:00-04:00,97.86252404279448,98.29532833927148,97.40085976703492,97.45857238769531,1042800,0.0,0.0
2024-10-30 00:00:00-04:00,97.32392575938776,98.026031187568,96.9872920286631,97.27583312988281,911000,0.0,0.0
2024-10-31 00:00:00-04:00,96.93920479777422,97.30468382582333,93.91917264048587,95.63116455078125,1278000,0.0,0.0
2024-11-01 00:00:00-04:00,95.41956966620977,95.98703186940736,94.99637801215766,95.1502685546875,1162000,0.0,0.0
2024-11-04 00:00:00-05:00,95.8427560559328,96.88149514723982,95.04446542069289,95.18873596191406,1348500,0.0,0.0
2024-11-05 00:00:00-05:00,94.23656209299911,96.00625920675462,93.34209354326921,95.31376647949219,1396600,0.0,0.0
2024-11-06 00:00:00-05:00,91.36079769795623,91.36079769795623,83.52217618633438,84.22428894042969,5082100,0.0,0.0
2024-11-07 00:00:00-05:00,84.78212584046872,87.67712726391228,84.78212584046872,87.4847640991211,3475000,0.0,0.0
2024-11-08 00:00:00-05:00,88.2061188885456,89.52377919111896,87.25394496920418,88.75434112548828,3112100,0.0,0.0
2024-11-11 00:00:00-05:00,88.25420930062279,88.86013680898772,87.10005223119263,87.7252197265625,2131200,0.0,0.0
2024-11-12 00:00:00-05:00,88.1387852054534,88.73510001636289,85.96512911449118,86.01322174072266,1387500,0.0,0.0
2024-11-13 00:00:00-05:00,86.17672683231058,86.6287711124127,85.94589836469203,86.41717529296875,1081700,0.0,0.0
2024-11-14 00:00:00-05:00,86.41716990695224,87.14813523640845,85.81124246550421,85.95551300048828,1471200,0.0,0.0
2024-11-15 00:00:00-05:00,85.78238904577414,85.78238904577414,82.78158982943808,82.84891510009766,2602100,0.0,0.0
2024-11-18 00:00:00-05:00,82.66618447557063,83.32020463458187,82.13720222239868,83.30097198486328,1786600,0.0,0.0
2024-11-19 00:00:00-05:00,83.19516644013551,85.99399001251231,82.89701270044485,85.5323257446289,2232200,0.0,0.0
2024-11-20 00:00:00-05:00,85.97474451354617,86.35946348912825,84.49358122719288,85.44575500488281,1576700,0.0,0.0
2024-11-21 00:00:00-05:00,85.01296060723894,86.53259670125783,84.56091630882402,86.349853515625,1165100,0.0,0.0
2024-11-22 00:00:00-05:00,86.57106917682015,87.42706514282368,85.85933642246499,87.34049987792969,1639700,0.0,0.0
2024-11-25 00:00:00-05:00,87.38858205350454,88.12916002369515,86.90768517112245,87.41743469238281,2526800,0.0,0.0
2024-11-26 00:00:00-05:00,87.41743709680665,87.89833399241584,86.513348584932,87.4559097290039,1232100,0.0,0.0
2024-11-27 00:00:00-05:00,87.86949012408473,88.14841123192916,87.10967207262686,87.3501205444336,1036200,0.0,0.0
2024-11-29 00:00:00-05:00,87.14814614979963,87.9849094871701,86.61915656791511,87.86949157714844,806500,0.0,0.0
2024-12-02 00:00:00-05:00,87.81178844844018,87.87911372979724,86.70572396508398,87.78292846679688,1383800,0.0,0.0
2024-12-03 00:00:00-05:00,87.65790126524502,87.66752125949566,86.13826504149023,86.71534729003906,1427700,0.0,0.0
2024-12-04 00:00:00-05:00,86.12863202784459,86.41716574601578,85.17645094553922,85.88818359375,1557400,0.0,0.0
2024-12-05 00:00:00-05:00,85.6766004227128,86.09017208381425,85.23417611933297,85.59965515136719,1093900,0.0,0.0
2024-12-06 00:00:00-05:00,85.84971113546322,86.56143644719373,85.2726363600627,85.52269744873047,992300,0.0,0.0
2024-12-09 00:00:00-05:00,86.02284676077703,87.17699647873644,85.51309717971321,85.72468566894531,1121800,0.0,0.0
2024-12-10 00:00:00-05:00,85.75354205679567,85.86895262101395,84.77250823351238,85.1668472290039,939200,0.0,0.0
2024-12-11 00:00:00-05:00,85.15722306860754,85.4169041632951,83.78185765504479,84.48396301269531,1998800,0.0,0.0
2024-12-12 00:00:00-05:00,84.6378461448132,85.50346194796587,84.26274718643097,84.73402404785156,1700000,0.0,0.0
2024-12-13 00:00:00-05:00,84.39740210391463,84.5320526427461,83.1663072700817,84.06077575683594,1157200,0.0,0.0
2024-12-16 00:00:00-05:00,83.88765302855901,84.5609057262585,83.07012979909419,83.82032775878906,1348400,0.0,0.0
2024-12-17 00:00:00-05:00,83.48369395847537,84.3300697511679,83.3682760757841,83.454833984375,1122300,0.0,0.0
2024-12-18 00:00:00-05:00,83.00280522712613,83.97421165084425,82.06986409682503,82.09871673583984,1312300,0.0,0.0
2024-12-19 00:00:00-05:00,81.67552146585457,83.7145268069952,81.37736775886891,82.65655517578125,1624700,0.0,0.0
2024-12-20 00:00:00-05:00,82.37632710224572,83.89340403375617,81.89318148874281,82.84980773925781,4203000,0.4,0.0
2024-12-23 00:00:00-05:00,82.58891735834302,82.72419754854727,81.02352282170011,81.93183898925781,1334600,0.0,0.0
2024-12-24 00:00:00-05:00,82.13476571008945,82.64689895202102,81.8738702863157,82.24105834960938,378400,0.0,0.0
2024-12-26 00:00:00-05:00,81.88352570024425,82.559934058377,81.75791048063657,82.06712341308594,592600,0.0,0.0
2024-12-27 00:00:00-05:00,81.45836080259102,82.4439747001056,81.41004328795442,81.73857879638672,740700,0.0,0.0
2024-12-30 00:00:00-05:00,81.32308447285658,81.69027253600392,80.56937101868358,81.12982177734375,989500,0.0,0.0
2024-12-31 00:00:00-05:00,81.58397067948415,82.09610386335278,81.1877877276056,81.6999282836914,716000,0.0,0.0
2025-01-02 00:00:00-05:00,81.86420607522253,82.37633932195072,80.21184871659796,80.28914642333984,1461900,0.0,0.0
2025-01-03 00:00:00-05:00,80.6853262939253,80.76263136988649,79.54510222626017,79.73835754394531,1265900,0.0,0.0
2025-01-06 00:00:00-05:00,79.90264442835867,80.44376529525877,79.09095575578962,79.34219360351562,1893000,0.0,0.0
2025-01-07 00:00:00-05:00,80.30847122510934,81.06217726605216,79.03296699300203,79.77700805664062,1855000,0.0,0.0
2025-01-08 00:00:00-05:00,79.31320043971496,79.68038852030145,78.75274965443685,79.30353546142578,1518500,0.0,0.0
2025-01-10 00:00:00-05:00,77.97004874500286,78.82038245015167,77.65117084099042,78.61746215820312,1512200,0.0,0.0
2025-01-13 00:00:00-05:00,78.46284787273382,80.5017230343538,78.27925754524911,80.4920654296875,1473500,0.0,0.0
2025-01-14 00:00:00-05:00,80.32778833122504,81.0041966242733,80.20217312370416,80.8495864868164,1276800,0.0,0.0
2025-01-15 00:00:00-05:00,81.31341057297476,81.66127601451056,80.65633222476461,81.33273315429688,1447500,0.0,0.0
2025-01-16 00:00:00-05:00,81.38105030439708,81.66127565173477,81.00419730644364,81.59363555908203,1238800,0.0,0.0
2025-01-17 00:00:00-05:00,81.9511602001106,82.48262334717666,81.29408184201864,82.0284652709961,1117000,0.0,0.0
2025-01-21 00:00:00-05:00,82.202398562352,83.08172716226107,82.07678335045816,82.66622161865234,920200,0.0,0.0
2025-01-22 00:00:00-05:00,82.27971792672611,83.0430890521123,81.89319987470266,82.6082534790039,1007800,0.0,0.0
2025-01-23 00:00:00-05:00,82.69521376917167,83.60352260602676,82.07678790791033,83.54554748535156,1226300,0.0,0.0
2025-01-24 00:00:00-05:00,83.52621612203976,83.98037417883391,82.64688756574178,82.95610046386719,1553000,0.0,0.0
2025-01-27 00:00:00-05:00,83.43925755138812,85.12060245537724,83.31364232845137,84.67610931396484,1192200,0.0,0.0
2025-01-28 00:00:00-05:00,84.41521476955451,84.91768303875341,83.58420360062632,83.62285614013672,1107600,0.0,0.0
2025-01-29 00:00:00-05:00,83.66150973158142,84.48285593290484,82.98510133997175,83.10105895996094,1206500,0.0,0.0
2025-01-30 00:00:00-05:00,83.29430982984408,84.85970444093698,82.6372314295083,84.76307678222656,1634800,0.0,0.0
2025-01-31 00:00:00-05:00,83.99971696304468,85.03364853097574,83.5938763189339,84.1543197631836,1170700,0.0,0.0
2025-02-03 00:00:00-05:00,82.50195043917797,84.10599757276721,82.16374995083619,83.4875717163086,1633500,0.0,0.0
2025-02-04 00:00:00-05:00,83.89341817899182,84.22196108512213,81.66128742735916,82.73387145996094,2018100,0.0,0.0
2025-02-05 00:00:00-05:00,82.73386548690463,83.4199314395588,82.09610967692831,83.27498626708984,1426000,0.0,0.0
2025-02-06 00:00:00-05:00,83.66150948092539,83.71948460463719,81.75791428206072,82.78218078613281,1879600,0.0,0.0
2025-02-07 00:00:00-05:00,82.73387343619525,82.75319602067941,81.27477133832404,81.47769165039062,889300,0.0,0.0
2025-02-10 00:00:00-05:00,81.72891767573708,81.87386284119452,80.99453424371217,81.44869232177734,1313000,0.0,0.0
2025-02-11 00:00:00-05:00,81.86419635094752,82.63722493206849,81.2361055603874,82.33767700195312,1446900,0.0,0.0
2025-02-12 00:00:00-05:00,81.37138059433914,82.46328698999407,81.17812530434922,81.8255386352539,981200,0.0,0.0
2025-02-13 00:00:00-05:00,82.23139524058747,83.39094932382483,81.94151224894179,83.10105895996094,1105900,0.0,0.0
2025-02-14 00:00:00-05:00,83.10105390481817,84.02869269164769,82.62757322004657,82.6952133178711,1081600,0.0,0.0
2025-02-18 00:00:00-05:00,82.57926224905675,83.535888671875,82.28937925207279,83.535888671875,2389100,0.0,0.0
2025-02-19 00:00:00-05:00,78.25993544341509,82.37633871497692,78.04735016395058,79.22622680664062,3611600,0.0,0.0
2025-02-20 00:00:00-05:00,78.81071523619357,79.26487332194985,76.25004921602306,77.43858337402344,2626100,0.0,0.0
2025-02-21 00:00:00-05:00,77.45792429800977,78.12466036928177,76.8878085227394,77.197021484375,1571200,0.0,0.0
2025-02-24 00:00:00-05:00,77.04242553100009,77.76714416533369,76.41433457346713,76.92646789550781,2317300,0.0,0.0
2025-02-25 00:00:00-05:00,77.19701476404667,78.21162362257853,76.82016173024178,77.57386779785156,1786500,0.0,0.0
2025-02-26 00:00:00-05:00,77.74781043738557,79.01364989820952,77.41927487774713,77.8541030883789,1508700,0.0,0.0
2025-02-27 00:00:00-05:00,77.33230165204809,78.66578853830009,77.02308869058156,78.30825805664062,1552300,0.0,0.0
2025-02-28 00:00:00-05:00,78.83971420543656,79.58376273469962,78.58848374172824,79.05229949951172,2175600,0.0,0.0
2025-03-03 00:00:00-05:00,79.63208616353899,80.60803527188783,77.8830935330168,78.19230651855469,1821700,0.0,0.0
2025-03-04 00:00:00-05:00,78.17297155974,78.21162409834203,76.9457774188341,77.10038757324219,3212600,0.0,0.0
2025-03-05 00:00:00-05:00,77.5738732157275,78.72376235274454,77.27432523773552,78.51117706298828,1605600,0.0,0.0
2025-03-06 00:00:00-05:00,78.98465606897776,79.66106446457735,78.2309499651476,79.29386901855469,1843000,0.0,0.0
2025-03-07 00:00:00-05:00,79.01363904429928,80.49207097624016,78.75274362820254,79.73835754394531,1847200,0.0,0.0
2025-03-10 00:00:00-04:00,79.45813976539127,80.27948592615836,77.42892206297888,77.62218475341797,1731100,0.0,0.0
2025-03-11 00:00:00-04:00,77.57387307927009,77.69949568056965,76.9844347304258,77.1873550415039,2951900,0.0,0.0
2025-03-12 00:00:00-04:00,76.8201593531578,77.60285295726901,76.48195886818492,76.86847686767578,2974700,0.0,0.0
2025-03-13 00:00:00-04:00,76.70420967965946,77.24533788383435,76.30803403403945,76.50128936767578,1793200,0.0,0.0
2025-03-14 00:00:00-04:00,76.95544580067607,77.39993895593464,76.58825772604114,76.9651107788086,2029400,0.0,0.0
2025-03-17 00:00:00-04:00,77.25499099381628,79.36150644561674,76.81049785454692,79.27454376220703,1328800,0.0,0.0
2025-03-18 00:00:00-04:00,79.39050546050568,79.4581455640411,78.00870845495199,78.08600616455078,1666900,0.0,0.0
2025-03-19 00:00:00-04:00,77.89275295886777,78.17297835894198,77.25499707479163,77.83477783203125,1352700,0.0,0.0
2025-03-20 00:00:00-04:00,77.38062117400051,77.92174202751058,76.84915792700403,77.05207824707031,1532000,0.0,0.0
2025-03-21 00:00:00-04:00,76.58592748777933,77.3337198618004,75.05148791477446,75.5953369140625,3934100,0.4,0.0
2025-03-24 00:00:00-04:00,76.12946651474715,76.4499520810527,74.82811165915828,75.29426574707031,2224400,0.0,0.0
2025-03-25 00:00:00-04:00,75.36224967755871,75.9546597188567,74.39108664715361,74.70185852050781,1441400,0.0,0.0
2025-03-26 00:00:00-04:00,74.95436308182933,75.5467731239081,74.51734268132542,75.42052459716797,2156700,0.0,0.0
2025-03-27 00:00:00-04:00,75.44966164798332,76.17803395404246,75.18744346854572,75.92552947998047,964600,0.0,0.0
2025-03-28 00:00:00-04:00,75.92553336887157,76.22659156645922,74.17743678103795,74.2745590209961,930300,0.0,0.0
2025-03-31 00:00:00-04:00,74.17742971157067,75.81869760653888,73.54617966832375,75.37196350097656,1612200,0.0,0.0
2025-04-01 00:00:00-04:00,75.33311341096541,75.5661904557104,74.32310300455623,75.19715118408203,1003800,0.0,0.0
2025-04-02 00:00:00-04:00,74.73099625884689,76.44995906468547,74.28426212987841,76.35284423828125,1787100,0.0,0.0
2025-04-03 00:00:00-04:00,75.23599749664687,75.78956010071488,73.71127190934477,74.24540710449219,2195600,0.0,0.0
2025-04-04 00:00:00-04:00,72.92462905508584,73.6530013344665,70.72009221629023,71.01144409179688,2726500,0.0,0.0
2025-04-07 00:00:00-04:00,70.00142481841998,71.97288435394417,67.52495641692418,68.67092895507812,3088700,0.0,0.0
2025-04-08 00:00:00-04:00,69.62267370455413,70.64239034833892,63.95107826863661,64.9222412109375,3285700,0.0,0.0
2025-04-09 00:00:00-04:00,64.39781900978618,71.31250254326712,64.12589454325021,70.86576843261719,4084300,0.0,0.0
2025-04-10 00:00:00-04:00,70.19565764395165,70.46758208756242,67.45697838998038,69.32160949707031,2548800,0.0,0.0
2025-04-11 00:00:00-04:00,68.89430813779155,71.26394090700656,68.11737474531671,71.05999755859375,2125100,0.0,0.0
2025-04-14 00:00:00-04:00,71.64268418878001,71.72037899937499,70.39959685680019,71.36105346679688,2013500,0.0,0.0
2025-04-15 00:00:00-04:00,71.03086993603065,71.3027944238684,70.22480276894974,70.39961242675781,1076300,0.0,0.0
2025-04-16 00:00:00-04:00,70.49671959481066,70.73951034819031,68.72920320658221,69.0108413696289,1980400,0.0,0.0
2025-04-17 00:00:00-04:00,69.51584884098827,71.86606150660022,69.28276438783084,70.40931701660156,3005300,0.0,0.0
2025-04-21 00:00:00-04:00,70.77835428776773,70.77835428776773,69.73921021062495,70.6132583618164,1574600,0.0,0.0
2025-04-22 00:00:00-04:00,71.39019827804347,72.73040062713451,71.30278975017552,72.48760986328125,1165300,0.0,0.0
2025-04-23 00:00:00-04:00,73.59472949968955,74.83781692961468,73.13828171321082,73.67242431640625,2030000,0.0,0.0
2025-04-24 00:00:00-04:00,73.80838034841565,74.72127584478082,73.19655038922183,74.42992401123047,994500,0.0,0.0
2025-04-25 00:00:00-04:00,73.80838871165801,74.5173409686234,73.09943645469262,74.04146575927734,1349700,0.0,0.0
2025-04-28 00:00:00-04:00,74.19685537922365,74.70185688384025,73.3810745986759,74.09002685546875,1015900,0.0,0.0
2025-04-29 00:00:00-04:00,74.34253476076749,75.40109893331174,74.19685882076419,75.3136978149414,1182200,0.0,0.0
2025-04-30 00:00:00-04:00,74.54647458036489,76.28485725408301,74.27455012358408,76.19744873046875,1829800,0.0,0.0
2025-05-01 00:00:00-04:00,75.37196444794233,76.14889784700344,74.9252303367673,75.60504150390625,1728600,0.0,0.0
2025-05-02 00:00:00-04:00,76.6441891276168,77.19775179140791,75.95466422425498,76.7801513671875,1129400,0.0,0.0
2025-05-05 00:00:00-04:00,76.61505685808287,77.27544806669773,76.37226608152426,76.86756134033203,1143900,0.0,0.0
2025-05-06 00:00:00-04:00,76.77043865421741,77.08121052002981,76.00321898968991,76.91610717773438,1735500,0.0,0.0
2025-05-07 00:00:00-04:00,75.3525321748573,77.53764888313886,71.36105913769771,71.46788024902344,3863700,0.0,0.0
2025-05-08 00:00:00-04:00,72.54587241552697,73.585016518828,71.80779387761721,71.94375610351562,2448000,0.0,0.0
2025-05-09 00:00:00-04:00,71.80779520888987,72.27394930364503,71.25423259050204,71.3125,1856100,0.0,0.0
2025-05-12 00:00:00-04:00,73.75982586500528,75.05147441537434,73.61415734453068,74.1482925415039,1891700,0.0,0.0
2025-05-13 00:00:00-04:00,74.2939682006836,74.4202167210968,73.15770928880802,74.2939682006836,1918400,0.0,0.0
2025-05-14 00:00:00-04:00,74.07060449482324,74.27455526090117,72.45847764266644,72.47789764404297,2098700,0.0,0.0
2025-05-15 00:00:00-04:00,72.65270407086945,74.06089491324897,72.44876072322536,73.93463897705078,1484100,0.0,0.0
2025-05-16 00:00:00-04:00,74.15801549343333,75.50793162032552,73.98320583767962,75.47879791259766,1384500,0.0,0.0
2025-05-19 00:00:00-04:00,74.99320639550832,75.58561640522503,74.80868305856477,75.1097412109375,1064700,0.0,0.0
2025-05-20 00:00:00-04:00,75.10003533661775,76.09061832024257,74.43964421107269,75.63417053222656,1533700,0.0,0.0
2025-05-21 00:00:00-04:00,75.17773346168275,76.39168724519227,74.59502971808946,74.8475341796875,1985100,0.0,0.0
2025-05-22 00:00:00-04:00,74.60474639604227,75.10974792997715,73.38107885887254,73.53646850585938,2021400,0.0,0.0
2025-05-23 00:00:00-04:00,72.79837945755338,73.37136949512642,72.11856830387609,72.83722686767578,1402500,0.0,0.0
2025-05-27 00:00:00-04:00,73.48790853704655,75.08061539661612,73.23541147082705,75.01263427734375,1639900,0.0,0.0
2025-05-28 00:00:00-04:00,74.70185933508662,74.88638268387919,72.83722807462875,72.97319030761719,1308800,0.0,0.0
2025-05-29 00:00:00-04:00,73.51703881480104,73.89579180584985,73.02175100151318,73.8860855102539,1026600,0.0,0.0
2025-05-30 00:00:00-04:00,73.57531551360373,74.52705116332051,72.98290545414514,74.35224151611328,2754600,0.0,0.0
2025-06-02 00:00:00-04:00,73.9152153328501,74.30368200847361,73.08972827801607,73.52674865722656,1557400,0.0,0.0
2025-06-03 00:00:00-04:00,73.29367729652111,74.50763112107093,72.94405800229988,74.4493637084961,1159500,0.0,0.0
2025-06-04 00:00:00-04:00,74.65330373311085,75.98379232348395,74.2454096351166,75.23600006103516,1410900,0.0,0.0
2025-06-05 00:00:00-04:00,75.52734043531729,75.67301636176576,73.96377488021893,74.25511932373047,1272900,0.0,0.0
2025-06-06 00:00:00-04:00,74.68243408203125,75.08060704795527,74.44935704321267,74.68243408203125,662800,0.0,0.0
2025-06-09 00:00:00-04:00,75.00293190480033,76.55679143330073,75.00293190480033,75.94495391845703,1251100,0.0,0.0
2025-06-10 00:00:00-04:00,76.21688647028849,77.68333747660213,76.01293569067374,77.04237365722656,1779000,0.0,0.0
2025-06-11 00:00:00-04:00,77.04236821028114,77.12976933017664,75.70215843012699,76.07120513916016,1155800,0.0,0.0
2025-06-12 00:00:00-04:00,75.51764393857574,76.5470744427751,75.3234068749811,76.11005401611328,1119600,0.0,0.0
2025-06-13 00:00:00-04:00,74.78926570315981,75.6730201920785,73.81810269019354,73.89579010009766,1058300,0.0,0.0
2025-06-16 00:00:00-04:00,74.6338823662049,74.740710899402,74.13858711314441,74.52705383300781,940600,0.0,0.0
2025-06-17 00:00:00-04:00,74.20656552634698,74.62415848724135,72.55558404434967,72.8663558959961,1260900,0.0,0.0
2025-06-18 00:00:00-04:00,72.60415155656479,73.20626790442932,72.3613607945198,72.73040008544922,1453300,0.0,0.0
2025-06-20 00:00:00-04:00,72.95496316188927,73.45291801270999,71.91023903121695,71.94929504394531,3650500,0.4,0.0
2025-06-23 00:00:00-04:00,71.90048635926024,72.4277314540819,70.91434234213969,72.01765441894531,1737400,0.0,0.0
2025-06-24 00:00:00-04:00,72.30079978782162,73.86300322564448,71.90048119950605,72.95497131347656,1834300,0.0,0.0
2025-06-25 00:00:00-04:00,72.28126715817169,72.91591439199566,71.91024617415734,72.47654724121094,1671300,0.0,0.0
2025-06-26 00:00:00-04:00,72.85733540113378,73.27717827574715,71.95906190135555,72.17386627197266,1325400,0.0,0.0
2025-06-27 00:00:00-04:00,72.47654362882228,72.88662060900536,72.18362724344975,72.59370422363281,1806900,0.0,0.0
2025-06-30 00:00:00-04:00,72.21291792872239,72.56441461411195,71.61732673676636,71.81260681152344,2629600,0.0,0.0
2025-07-01 00:00:00-04:00,71.88095368897757,73.94111194078417,71.34394278953101,73.31622314453125,2618200,0.0,0.0
2025-07-02 00:00:00-04:00,73.94112036320978,74.87844249059702,72.74017196454776,74.81985473632812,1954000,0.0,0.0
2025-07-03 00:00:00-04:00,75.3763835400614,75.54237347226683,74.42930307555183,74.52693939208984,838200,0.0,0.0
2025-07-07 00:00:00-04:00,74.10708944149471,74.29259619042898,72.98425328572591,73.22834777832031,1158900,0.0,0.0
2025-07-08 00:00:00-04:00,73.3455195872007,74.65386255916638,73.11118349885834,74.38047790527344,1417800,0.0,0.0
2025-07-09 00:00:00-04:00,74.6343428103956,74.9565419153868,73.92158353444077,74.74174499511719,1224700,0.0,0.0
2025-07-10 00:00:00-04:00,74.7417353231527,75.77669357016981,74.30236077455615,74.8100814819336,1114800,0.0,0.0
2025-07-11 00:00:00-04:00,73.69701527110509,74.39024276241051,73.17952866991344,74.1559066772461,1099300,0.0,0.0
2025-07-14 00:00:00-04:00,73.73606415218809,73.90205407551764,72.85732990116053,72.8670883178711,1320600,0.0,0.0
2025-07-15 00:00:00-04:00,73.32598527365823,73.32598527365823,71.84189401227287,71.91024017333984,1473100,0.0,0.0
2025-07-16 00:00:00-04:00,71.91024641374841,72.65229583342295,71.44158166206618,72.46678161621094,1065700,0.0,0.0
2025-07-17 00:00:00-04:00,72.388668775814,73.29670066962292,72.19339614347433,73.25764465332031,1120500,0.0,0.0
2025-07-18 00:00:00-04:00,73.41386338540255,74.2730733341228,73.25763933154093,74.20472717285156,1531400,0.0,0.0
2025-07-21 00:00:00-04:00,74.69291651991547,74.96630116629063,74.19496165734762,74.44882202148438,2082900,0.0,0.0
2025-07-22 00:00:00-04:00,74.61480732860073,75.95244791254689,74.40976883602619,75.12252807617188,2882300,0.0,0.0
2025-07-23 00:00:00-04:00,75.72787006807312,76.0891325848341,75.1322789332584,75.63023376464844,1779300,0.0,0.0
2025-07-24 00:00:00-04:00,74.89795811730632,75.434969015841,73.92158008300561,74.08756256103516,1756200,0.0,0.0
2025-07-25 00:00:00-04:00,74.20473918531047,75.1811173324856,73.511511594717,74.81985473632812,1454300,0.0,0.0
2025-07-28 00:00:00-04:00,74.09732460215103,74.56598931205853,73.16000263150886,73.45291900634766,1735600,0.0,0.0
2025-07-29 00:00:00-04:00,73.3845703236232,73.74582539778083,72.56440897176265,73.02330780029297,1229400,0.0,0.0
2025-07-30 00:00:00-04:00,72.52535686933693,72.67181505961823,69.53764256395965,70.07464599609375,3227600,0.0,0.0
2025-07-31 00:00:00-04:00,69.48882704157872,70.14299857562169,68.93229182693155,69.35213470458984,2483000,0.0,0.0
2025-08-01 00:00:00-04:00,69.0201693376758,69.03969362177484,67.47749017277374,67.83875274658203,1489200,0.0,0.0
2025-08-04 00:00:00-04:00,68.24881781349741,68.75653105214634,67.7313387099209,68.49291229248047,1483400,0.0,0.0
2025-08-05 00:00:00-04:00,69.0592149133804,69.33259954447348,68.1121271205419,68.95181274414062,2207900,0.0,0.0
2025-08-06 00:00:00-04:00,72.19339566285737,72.81827702119234,62.2050448974551,64.59717559814453,5504000,0.0,0.0
2025-08-07 00:00:00-04:00,64.235912097517,64.49953089048384,62.634652709046996,62.712764739990234,4933400,0.0,0.0
2025-08-08 00:00:00-04:00,62.97638395755387,63.30834891754088,62.00000591170032,62.058589935302734,2913100,0.0,0.0
2025-08-11 00:00:00-04:00,62.22457529030025,62.40032364464104,61.4922917220759,61.96095275878906,4382500,0.0,0.0
2025-08-12 00:00:00-04:00,61.570402789561406,63.28882656383758,60.857647241307916,63.01544189453125,4273600,0.0,0.0
2025-08-13 00:00:00-04:00,63.06425976915462,64.95843572292947,62.43938208718836,64.93891143798828,2765300,0.0,0.0
2025-08-14 00:00:00-04:00,64.0601622144149,64.50929520779506,63.60126335510801,64.16756439208984,2029800,0.0,0.0
2025-08-15 00:00:00-04:00,64.60693622388908,64.83150646151775,63.94299882681454,64.26520538330078,1389200,0.0,0.0
2025-08-18 00:00:00-04:00,64.15779894505368,64.44094946539332,63.542683472768175,63.76724624633789,1713800,0.0,0.0
2025-08-19 00:00:00-04:00,64.15780295660801,65.0658348719996,63.81607211730442,64.27497100830078,1267000,0.0,0.0
2025-08-20 00:00:00-04:00,64.41166276803996,65.12441459090336,64.02111004839672,64.54835510253906,1900200,0.0,0.0
2025-08-21 00:00:00-04:00,64.11874570737909,64.84127083850797,63.991819240697595,64.56787872314453,1643800,0.0,0.0
2025-08-22 00:00:00-04:00,64.92913338813896,66.65731907436779,64.75338505994854,66.37417602539062,2293800,0.0,0.0
2025-08-25 00:00:00-04:00,66.21796884218867,66.26679073157545,65.32946855890975,65.55403137207031,1199000,0.0,0.0
2025-08-26 00:00:00-04:00,65.52473062491916,65.8859931801236,64.87055912827103,65.1439437866211,2247700,0.0,0.0
2025-08-27 00:00:00-04:00,64.9193793574596,65.39781000146615,64.78268701607885,65.20252990722656,2018900,0.0,0.0
2025-08-28 00:00:00-04:00,65.41732493410125,65.74928987308924,64.59717100306771,65.51496124267578,1467600,0.0,0.0
2025-08-29 00:00:00-04:00,65.5247304994414,66.061741398153,65.2220556924439,65.915283203125,1521800,0.0,0.0
2025-09-02 00:00:00-04:00,65.35874550209057,65.90551479666833,63.81606647904854,64.97795867919922,2267200,0.0,0.0
2025-09-03 00:00:00-04:00,64.4702394353612,65.18299866722843,63.94299441093333,64.15779876708984,1815200,0.0,0.0
2025-09-04 00:00:00-04:00,64.2359122258513,64.32378267395804,63.30834861718707,63.982051849365234,1958500,0.0,0.0
2025-09-05 00:00:00-04:00,64.06016076238242,65.651654210406,63.74772010236636,64.4702377319336,1872100,0.0,0.0
2025-09-08 00:00:00-04:00,65.4466115817016,65.4466115817016,63.972278818802344,64.60692596435547,1901800,0.0,0.0
2025-09-09 00:00:00-04:00,64.00158174669012,64.51906090183267,63.376700414158776,63.53291702270508,1677600,0.0,0.0
2025-09-10 00:00:00-04:00,63.31811469762646,63.669611389589406,62.458904700146654,62.95685958862305,1795500,0.0,0.0
2025-09-11 00:00:00-04:00,62.68346995759693,64.96819854570307,62.68346995759693,64.78268432617188,2419200,0.0,0.0
2025-09-12 00:00:00-04:00,64.42142772808914,64.79244870948419,63.8746509486128,64.06993103027344,1921200,0.0,0.0
2025-09-15 00:00:00-04:00,64.25543219186855,64.25543219186855,62.82015537583835,62.84945297241211,3081100,0.0,0.0
2025-09-16 00:00:00-04:00,63.191186904134746,63.298589082706876,62.78110992186288,62.995906829833984,1712300,0.0,0.0
2025-09-17 00:00:00-04:00,62.95686229421901,63.718436009809885,61.75591397020549,61.843788146972656,2601600,0.0,0.0
2025-09-18 00:00:00-04:00,62.14646235133987,62.53701504847382,61.75590965420592,62.24409866333008,3083600,0.0,0.0
2025-09-19 00:00:00-04:00,62.410079883829724,63.00567105892024,61.619216088684894,62.029293060302734,6765700,0.0,0.0
2025-09-22 00:00:00-04:00,61.83402108342321,61.83402108342321,60.70141901764296,60.730712890625,2417300,0.0,0.0
2025-09-23 00:00:00-04:00,61.12126010069427,61.4629946286839,60.720945277599185,60.916221618652344,1673800,0.0,0.0
2025-09-24 00:00:00-04:00,60.8185847976596,61.365354078494946,60.66236447105144,61.062679290771484,1535800,0.0,0.0
2025-09-25 00:00:00-04:00,60.83811703979831,60.99433737728302,58.709612613702596,58.87559509277344,2428200,0.0,0.0
2025-09-26 00:00:00-04:00,59.12945471334002,59.54929756332429,58.92441249678527,59.285675048828125,1821600,0.0,0.0
2025-09-29 00:00:00-04:00,59.68864388387726,60.07195583611045,58.86304746780367,59.91469955444336,2386800,0.4,0.0
2025-09-30 00:00:00-04:00,59.83607383328049,60.730469646399854,59.364304983982024,60.48475646972656,2293800,0.0,0.0
2025-10-01 00:00:00-04:00,60.26852712551568,60.66166970432615,59.36430444325129,59.91469955444336,2569500,0.0,0.0
2025-10-02 00:00:00-04:00,59.82623994703988,60.94669137173772,59.727956181439666,60.455265045166016,1685200,0.0,0.0
2025-10-03 00:00:00-04:00,60.29801143749594,61.37915165334158,60.29801143749594,61.1137809753418,1542000,0.0,0.0
2025-10-06 00:00:00-04:00,60.986010445131846,61.31035364195809,60.41595781791758,60.44544219970703,1674100,0.0,0.0
2025-10-07 00:00:00-04:00,60.78943673391721,61.08429553722736,59.93435595245991,59.973670959472656,2988700,0.0,0.0
2025-10-08 00:00:00-04:00,60.43561526552896,60.59287155040116,59.65916071865998,60.248870849609375,1783800,0.0,0.0
2025-10-09 00:00:00-04:00,60.55355144114211,60.720634589432166,58.88270121181523,59.118587493896484,1410800,0.0,0.0
2025-10-10 00:00:00-04:00,59.35447367236712,59.55104496129444,58.12590780317825,58.52887725830078,4215400,0.0,0.0
2025-10-13 00:00:00-04:00,58.74510332424109,59.45275843181757,58.47973265889991,59.06944274902344,1385000,0.0,0.0
2025-10-14 00:00:00-04:00,58.97116368373455,60.65184094889244,58.725450501718996,60.612525939941406,1596500,0.0,0.0
2025-10-15 00:00:00-04:00,60.79926549485243,61.752633764590065,60.5142373266835,60.868064880371094,1482400,0.0,0.0
2025-10-16 00:00:00-04:00,61.21206443447328,62.10646023387826,61.064638780301195,61.52657699584961,1983000,0.0,0.0
2025-10-17 00:00:00-04:00,61.70349202173598,62.80428975798628,61.52657823374167,62.6568603515625,2751000,0.0,0.0
2025-10-20 00:00:00-04:00,62.93205639802689,63.67902654033058,62.814115125294634,63.53159713745117,1764600,0.0,0.0
2025-10-21 00:00:00-04:00,63.54142467748768,64.1901035206491,62.91239958775577,63.8952522277832,1660200,0.0,0.0
2025-10-22 00:00:00-04:00,64.16062269214501,64.63239528483915,63.67902697147773,63.70851135253906,2281200,0.0,0.0
2025-10-23 00:00:00-04:00,63.85593433671464,64.86827131042428,63.8264499586175,64.6422119140625,2072400,0.0,0.0
2025-10-24 00:00:00-04:00,65.13365103802757,65.34987985141345,64.37685768974862,64.77983093261719,1828900,0.0,0.0
2025-10-27 00:00:00-04:00,64.77981962562275,65.1533009208271,63.92473514882155,64.17044830322266,1846400,0.0,0.0
2025-10-28 00:00:00-04:00,63.92473514629811,64.3670158247745,63.374340080003876,63.76747512817383,2062600,0.0,0.0
2025-10-29 00:00:00-04:00,63.354682222281845,63.59056476353382,61.968860107248986,62.194915771484375,2377300,0.0,0.0
2025-10-30 00:00:00-04:00,61.939378582363474,62.86325878521512,61.42829472037568,62.04749298095703,2785000,0.0,0.0
2025-10-31 00:00:00-04:00,61.49709332000791,62.165433457917295,61.21206513634071,61.890235900878906,2487300,0.0,0.0
2025-11-03 00:00:00-05:00,61.3398385653949,61.75263866052019,60.592872142276875,61.015499114990234,4115900,0.0,0.0
2025-11-04 00:00:00-05:00,60.81892750133442,61.212066340654694,60.24887112278448,60.43561553955078,2875200,0.0,0.0
2025-11-05 00:00:00-05:00,61.64452237897058,64.75033300341056,61.64452237897058,62.90257263183594,4274800,0.0,0.0
2025-11-06 00:00:00-05:00,63.21708391170155,63.482450835233735,61.61503299770729,61.77228927612305,2243600,0.0,0.0
2025-11-07 00:00:00-05:00,62.07697184424403,62.30302749880526,60.73046479347273,60.93686294555664,3193300,0.0,0.0
2025-11-10 00:00:00-05:00,61.113781091562416,62.37183134584819,60.67149662738835,61.7034912109375,2207100,0.0,0.0
2025-11-11 00:00:00-05:00,62.106462519798384,64.19993987980762,62.106462519798384,64.19010925292969,2195900,0.0,0.0
2025-11-12 00:00:00-05:00,64.01318609098577,64.91741616710209,64.01318609098577,64.28839111328125,2210500,0.0,0.0
2025-11-13 00:00:00-05:00,64.1999381353807,66.58827049897688,63.92474057884633,66.27375793457031,3638900,0.0,0.0
2025-11-14 00:00:00-05:00,65.58576651968937,66.43101297585876,64.24908619584694,64.75033569335938,2221000,0.0,0.0
2025-11-17 00:00:00-05:00,64.48496380061887,65.2319339238821,63.99353746926135,64.01319122314453,2618900,0.0,0.0
2025-11-18 00:00:00-05:00,63.93457143347901,64.95673164751761,63.79697265472108,64.86827850341797,2272400,0.0,0.0
2025-11-19 00:00:00-05:00,64.77982259886167,65.192618917545,63.855938696366906,64.01319122314453,1907100,0.0,0.0
2025-11-20 00:00:00-05:00,64.23925376532821,64.55376633278044,62.90257347901349,63.45296859741211,2668700,0.0,0.0
2025-11-21 00:00:00-05:00,63.83627951825156,66.90278262505291,63.679026986364065,66.29341125488281,2440000,0.0,0.0
2025-11-24 00:00:00-05:00,66.05752870776608,66.99124326682855,65.66438613019089,66.29341125488281,3210600,0.0,0.0
2025-11-25 00:00:00-05:00,66.96175274158493,68.90780441572974,66.51947201947395,68.0134048461914,3375000,0.0,0.0
2025-11-26 00:00:00-05:00,67.56129027262368,68.80951735970116,67.47283713185182,68.58345794677734,1351800,0.0,0.0
2025-11-28 00:00:00-05:00,68.53431789636323,68.89796857413003,68.23945910489289,68.28860473632812,877200,0.0,0.0
2025-12-01 00:00:00-05:00,68.09203735317897,68.78003877765474,67.9151235581505,68.08220672607422,1356100,0.0,0.0
2025-12-02 00:00:00-05:00,68.21980773180988,68.308260873195,66.72586746746984,67.3647232055664,1829400,0.0,0.0
2025-12-03 00:00:00-05:00,67.55147156219398,67.9151222739078,65.91993242794183,65.96907806396484,1960100,0.0,0.0
2025-12-04 00:00:00-05:00,66.38186702753022,66.5391195478832,64.90758809369024,65.34986877441406,1807700,0.0,0.0
2025-12-05 00:00:00-05:00,65.33021357812879,66.78483122818429,65.16313043564152,66.02803802490234,2046900,0.0,0.0
2025-12-08 00:00:00-05:00,65.83147418499018,65.959242330759,64.21958893078985,64.23925018310547,1663900,0.0,0.0
2025-12-09 00:00:00-05:00,64.20976982362855,64.93707873486193,63.13845646246847,63.43331527709961,1796000,0.0,0.0
2025-12-10 00:00:00-05:00,63.659366416260816,64.39650594515882,63.23673945308312,64.26873779296875,2909900,0.0,0.0
2025-12-11 00:00:00-05:00,62.41114514618523,62.94188649292617,60.995838637494806,62.16543197631836,4578700,0.0,0.0
2025-12-12 00:00:00-05:00,62.39148742497429,62.470117438714325,61.615032911075815,62.17525863647461,3276100,0.0,0.0
2025-12-15 00:00:00-05:00,62.59788373673446,63.17776694842705,61.82143299507311,63.06965255737305,2724800,0.0,0.0
2025-12-16 00:00:00-05:00,63.05982942040708,63.87559141836853,62.863254391897215,63.472625732421875,2525900,0.0,0.0
2025-12-17 00:00:00-05:00,63.26623088022617,65.14347563446023,63.15811648354258,64.49479675292969,2102500,0.0,0.0
2025-12-18 00:00:00-05:00,64.59307301475287,65.37935058274387,63.95421733549323,64.28839111328125,2421800,0.0,0.0
2025-12-19 00:00:00-05:00,64.09060444681282,65.43550900550629,63.68515938359193,65.03994750976562,6198800,0.4,0.0
2025-12-22 00:00:00-05:00,65.08940252073236,66.30575293052426,65.02017981739193,65.8310775756836,1883100,0.0,0.0
2025-12-23 00:00:00-05:00,66.25630511323449,66.25630511323449,65.43551623916132,65.63330078125,1697600,0.0,0.0
2025-12-24 00:00:00-05:00,65.63329459471139,66.23652418798152,65.41573539127519,66.17718505859375,529200,0.0,0.0
2025-12-26 00:00:00-05:00,66.06840696947529,66.7705250681888,65.86073887363396,66.72108459472656,1019300,0.0,0.0
2025-12-29 00:00:00-05:00,66.56286395903642,67.13642783330158,66.27608202190385,67.00787353515625,1102100,0.0,0.0
2025-12-30 00:00:00-05:00,66.88919769902063,67.4825362105041,66.57274998991554,67.17597961425781,1300000,0.0,0.0
2025-12-31 00:00:00-05:00,66.85953462632926,67.14631655323845,66.54308690434479,66.64197540283203,1182700,0.0,0.0
2026-01-02 00:00:00-05:00,66.78042178182875,67.81876989283288,66.1376352152409,67.27487182617188,1616100,0.0,0.0
2026-01-05 00:00:00-05:00,66.54308994880924,67.65066079878264,66.09808036819344,66.21675109863281,1925600,0.0,0.0
2026-01-06 00:00:00-05:00,65.77174783135602,68.135218469217,65.4651836696377,68.10555267333984,1608400,0.0,0.0
2026-01-07 00:00:00-05:00,68.15499181934923,68.64944186019426,66.45408247168889,66.552978515625,1703900,0.0,0.0
2026-01-08 00:00:00-05:00,65.92996853052779,68.293439190122,65.811305345928,67.81877136230469,1577500,0.0,0.0
2026-01-09 00:00:00-05:00,68.21432937526924,68.4615543899677,67.26497867948353,68.33299255371094,1376400,0.0,0.0
2026-01-12 00:00:00-05:00,68.64944269831288,68.9757815399849,67.86821071887485,68.19454956054688,1357900,0.0,0.0
2026-01-13 00:00:00-05:00,68.48132905454474,69.25266989305987,67.83854250754591,68.83733367919922,1157700,0.0,0.0
2026-01-14 00:00:00-05:00,69.08456087900025,69.93501555982952,68.90655856104274,69.40100860595703,1667000,0.0,0.0
2026-01-15 00:00:00-05:00,69.43067953686614,70.26135959701116,68.55055899539823,70.0438003540039,1164700,0.0,0.0
2026-01-16 00:00:00-05:00,69.7174513139152,71.08213062353937,69.61856282099318,70.88435363769531,2073800,0.0,0.0
2026-01-20 00:00:00-05:00,70.15256962263955,70.70635121787143,69.18344428627535,70.07345581054688,1695800,0.0,0.0
2026-01-21 00:00:00-05:00,70.70635242836234,71.76447516291452,70.38990471928248,70.50857543945312,1806700,0.0,0.0
2026-01-22 00:00:00-05:00,70.7162451317708,72.30837482583829,70.5085770253327,71.3590316772461,1960200,0.0,0.0
2026-01-23 00:00:00-05:00,71.35903719402455,72.466600513987,71.10192104701501,72.41716003417969,1461500,0.0,0.0
2026-01-26 00:00:00-05:00,72.77314878917309,73.54449714167983,72.50614910366922,73.20826721191406,1463600,0.0,0.0
2026-01-27 00:00:00-05:00,73.06982169853714,73.62360329409896,71.77436508975858,72.39736938476562,1634800,0.0,0.0
2026-01-28 00:00:00-05:00,72.74348572016679,72.97093605276586,70.76568560775587,71.3590316772461,1444200,0.0,0.0
2026-01-29 00:00:00-05:00,70.46902378405534,70.82502842638807,67.61110307650743,68.82744598388672,2581900,0.0,0.0
2026-01-30 00:00:00-05:00,68.45166306223402,69.07466738122558,67.92754723987002,69.03511047363281,1672200,0.0,0.0
2026-02-02 00:00:00-05:00,68.86700468351164,69.39112054703817,68.16488649419219,68.97578430175781,1905800,0.0,0.0
2026-02-03 00:00:00-05:00,68.59011063141783,70.52835389638967,68.59011063141783,69.59878540039062,1866800,0.0,0.0
2026-02-04 00:00:00-05:00,70.52835108866853,73.8510558519751,70.52835108866853,73.46538543701172,2130400,0.0,0.0
2026-02-05 00:00:00-05:00,73.09949577966741,73.23794119425429,71.6853682923505,72.61493682861328,1506800,0.0,0.0
2026-02-06 00:00:00-05:00,72.77315156350473,74.17739537823682,72.54570877546179,73.989501953125,1333600,0.0,0.0
2026-02-09 00:00:00-05:00,74.13783665923863,74.42461857408884,72.88192939266327,74.34550476074219,1265300,0.0,0.0
2026-02-10 00:00:00-05:00,74.66195049302327,75.93763240681211,73.64338469345059,75.90796661376953,1804700,0.0,0.0
2026-02-11 00:00:00-05:00,75.37397124386422,76.758432973895,75.37397124386422,76.11564636230469,2306500,0.0,0.0
2026-02-12 00:00:00-05:00,78.00443877103565,83.0676101029285,76.5507619317901,80.5953598022461,4172500,0.0,0.0
2026-02-13 00:00:00-05:00,81.58425480486399,82.22704135166224,79.94267708672413,82.07870483398438,4068500,0.0,0.0
2026-02-17 00:00:00-05:00,83.06760276284781,83.51260475976538,81.1293596037464,81.82158660888672,1652300,0.0,0.0
2026-02-18 00:00:00-05:00,81.7128075993688,82.39515104136125,80.7140239910335,82.03914642333984,1450900,0.0,0.0
2026-02-19 00:00:00-05:00,81.85125646325959,82.09848148374687,78.85489042210706,80.71402740478516,2184600,0.0,0.0
2026-02-20 00:00:00-05:00,80.86235155825705,81.54469498841027,79.3987837493041,80.486572265625,1714900,0.0,0.0
2026-02-23 00:00:00-05:00,80.17012952037828,81.44581153429885,78.95377909719996,81.32714080810547,1583500,0.0,0.0
2026-02-24 00:00:00-05:00,81.67325331974634,82.82038102465249,81.1590286020114,81.1985855102539,1205000,0.0,0.0
2026-02-25 00:00:00-05:00,81.03047110728384,81.07991158210201,78.28133022307186,78.99333190917969,1666900,0.0,0.0
2026-02-26 00:00:00-05:00,79.43835050779485,80.04158020019531,78.81533858744488,80.04158020019531,1318600,0.0,0.0
2026-02-27 00:00:00-05:00,79.85368523492791,81.39636701834836,79.15156705030171,81.3172607421875,1406300,0.0,0.0
2026-03-02 00:00:00-05:00,80.95136319170922,81.17880599080202,78.47911292942811,79.85368347167969,1678700,0.0,0.0
2026-03-03 00:00:00-05:00,78.16266319769153,78.83511555361427,76.69908776019773,78.28133392333984,1977400,0.0,0.0
2026-03-04 00:00:00-05:00,78.3901041046197,78.76589095444216,76.67931123310017,77.32209777832031,1287600,0.0,0.0
2026-03-05 00:00:00-05:00,76.70897503546927,78.1923250806657,74.15761114700139,74.54328155517578,2735000,0.0,0.0
2026-03-06 00:00:00-05:00,74.23672975632101,74.23672975632101,72.12048415869413,72.95115661621094,1910500,0.0,0.0
2026-03-09 00:00:00-04:00,71.92271117164937,72.67426985285752,70.4195787198143,72.34793853759766,1692400,0.0,0.0
2026-03-10 00:00:00-04:00,72.16992841126901,73.47527616539885,71.52714187479184,72.04136657714844,1857200,0.0,0.0
2026-03-11 00:00:00-04:00,71.6260327280468,72.53581898624057,67.70998933673943,67.95721435546875,3103600,0.0,0.0
2026-03-12 00:00:00-04:00,67.79899276362372,69.82624111573678,67.78910919418416,69.23290252685547,2296600,0.0,0.0
2026-03-13 00:00:00-04:00,70.22179527011009,70.68657950478169,68.61977445916496,68.83733367919922,1690600,0.0,0.0
2026-03-16 00:00:00-04:00,69.56912022676786,70.1525752065065,68.73844776780179,69.31200408935547,1409500,0.0,0.0
2026-03-17 00:00:00-04:00,71.50735823578452,72.10070428524307,70.24156741372867,70.4887924194336,1629500,0.0,0.0
2026-03-18 00:00:00-04:00,69.89546146525376,70.44924312354925,67.32432263711284,67.55176544189453,1442800,0.0,0.0
2026-03-19 00:00:00-04:00,67.1463136265551,67.38364752152165,64.76306092993379,67.3737564086914,2366400,0.0,0.0
2026-03-20 00:00:00-04:00,68.06012785766404,68.19939088915288,65.8418612923305,66.26959991455078,2941900,0.4,0.0
2026-03-23 00:00:00-04:00,67.75176075545143,68.98523657178575,67.44339369868436,67.77165222167969,1849800,0.0,0.0
2026-03-24 00:00:00-04:00,66.55807877137057,68.85592649296058,66.24970410999924,67.5428695678711,1401300,0.0,0.0
2026-03-25 00:00:00-04:00,68.41823981697068,70.62656460045051,67.63239403253537,70.33808898925781,2000300,0.0,0.0
2026-03-26 00:00:00-04:00,69.85066333526706,71.44224625765276,69.85066333526706,70.77577209472656,1340900,0.0,0.0
2026-03-27 00:00:00-04:00,70.55693170875124,70.91503883366873,70.06951107343936,70.63651275634766,2033000,0.0,0.0
2026-03-30 00:00:00-04:00,71.12392976398226,72.48672667481252,70.21871246959299,70.5867691040039,1494400,0.0,0.0
2026-03-31 00:00:00-04:00,71.09408991758423,72.61604135079082,70.61661123791836,72.16841125488281,1610700,0.0,0.0
2026-04-01 00:00:00-04:00,71.7904034605941,73.40188543004271,71.65114042994291,72.18830108642578,1517700,0.0,0.0
2026-04-02 00:00:00-04:00,71.65114410182427,72.53646238030473,70.92498791753941,72.04904174804688,1232200,0.0,0.0
2026-04-06 00:00:00-04:00,71.46214378258458,71.79040992263877,70.6464569913772,71.45220184326172,768400,0.0,0.0
2026-04-07 00:00:00-04:00,71.17367284407443,71.39250933922125,67.98054974225155,69.61193084716797,1510900,0.0,0.0
2026-04-08 00:00:00-04:00,71.74067310328722,73.66052218412246,71.39250792718897,73.38198852539062,2487600,0.0,0.0
2026-04-09 00:00:00-04:00,72.43698664153642,73.36209540238458,71.65114091227692,72.74535369873047,1386200,0.0,0.0
2026-04-10 00:00:00-04:00,73.25267696013377,73.68041560365455,71.87993804312735,72.13856506347656,1262300,0.0,0.0
2026-04-13 00:00:00-04:00,71.59146010567724,71.94956721831947,70.17893071095855,71.3228759765625,1391300,0.0,0.0
2026-04-14 00:00:00-04:00,71.12393520595268,72.29772912550969,70.69619655079376,72.20819854736328,1192300,0.0,0.0
2026-04-15 00:00:00-04:00,72.25793275591465,72.25793275591465,70.69619083233775,71.15377044677734,1382500,0.0,0.0
2026-04-16 00:00:00-04:00,71.55167098856876,72.0291496778918,70.97471978583943,71.68098449707031,1576800,0.0,0.0
2026-04-17 00:00:00-04:00,71.80035243211448,75.7892630086947,71.80035243211448,75.48088836669922,2833700,0.0,0.0
2026-04-20 00:00:00-04:00,74.81441622672786,75.00341931020743,73.71025389877074,74.04846954345703,1431300,0.0,0.0
2026-04-21 00:00:00-04:00,74.00868221409402,74.67515641506903,71.75061741060392,72.03909301757812,1179400,0.0,0.0
2026-04-22 00:00:00-04:00,72.55636424175633,72.55636424175633,70.35798895823811,70.79566955566406,975400,0.0,0.0
2026-04-23 00:00:00-04:00,70.81556434732666,71.5616195719238,69.8208240478638,70.56687927246094,903700,0.0,0.0
2026-04-24 00:00:00-04:00,70.15903118243908,70.90508639720643,69.94018710515807,70.76582336425781,996400,0.0,0.0
2026-04-27 00:00:00-04:00,70.84540891510291,71.55167365262993,70.42761978968127,70.61661529541016,1147000,0.0,0.0
2026-04-28 00:00:00-04:00,71.13387938304797,71.6212999941246,69.2836618593918,70.39776611328125,1550000,0.0,0.0
2026-04-29 00:00:00-04:00,69.85066293496631,70.48729610027216,68.41823451839515,68.52765655517578,1403600,0.0,0.0
2026-04-30 00:00:00-04:00,68.9752875207263,69.979977330682,68.4878669074723,69.83076477050781,1461500,0.0,0.0
2026-05-01 00:00:00-04:00,70.42761909602979,70.84540821733655,69.61193232093568,70.43756103515625,1447400,0.0,0.0
2026-05-04 00:00:00-04:00,69.90039755173693,70.70614235555338,69.61192954324986,69.72134399414062,1743200,0.0,0.0
2026-05-05 00:00:00-04:00,69.80092346451676,71.24330142073583,69.71140048237179,70.39776611328125,2022400,0.0,0.0
2026-05-06 00:00:00-04:00,80.36506894737609,83.4487623288131,77.70911419424998,82.49381256103516,4872600,0.0,0.0
2026-05-07 00:00:00-04:00,82.45402607916589,83.30950337770815,77.36095281217781,77.84838104248047,3185000,0.0,0.0
2026-05-08 00:00:00-04:00,78.07716271679888,80.89227954016279,77.40073902053592,80.62370300292969,2276100,0.0,0.0
2026-05-11 00:00:00-04:00,80.61375641356415,81.36976118147787,77.79863948758603,78.33580017089844,1833700,0.0,0.0
2026-05-12 00:00:00-04:00,78.12690538334355,78.75358905072076,76.66463590353041,78.0572738647461,1337900,0.0,0.0
2026-05-13 00:00:00-04:00,77.67926382896233,78.22637401167212,76.41594702879515,77.07247924804688,1769500,0.0,0.0
2026-05-14 00:00:00-04:00,77.28137943357507,77.43058441314335,75.66989735083911,75.68978881835938,1606600,0.0,0.0
2026-05-15 00:00:00-04:00,74.89399884399138,74.90394837208507,72.55636063355128,72.71551513671875,1721600,0.0,0.0
2026-05-18 00:00:00-04:00,72.37730434613182,74.73483393463236,72.33751382452317,73.3123550415039,1580700,0.0,0.0
2026-05-19 00:00:00-04:00,71.48203750823141,72.47677779352351,71.14382186481373,71.6113510131836,2454100,0.0,0.0
2026-05-20 00:00:00-04:00,71.29303546071989,74.6652044696867,70.92498640694761,74.03852081298828,2651500,0.0,0.0
2026-05-21 00:00:00-04:00,73.46157191879506,75.22226655446968,72.27783608573034,74.85420989990234,1894500,0.0,0.0
2026-05-22 00:00:00-04:00,75.64005321382025,76.11752430714381,74.2076247553172,74.88404846191406,1298300,0.0,0.0
2026-05-26 00:00:00-04:00,75.48088920408624,76.49552853281725,75.10289063237693,75.470947265625,1392200,0.0,0.0
2026-05-27 00:00:00-04:00,76.34631615180474,78.91274788425993,76.17721212637768,76.59500122070312,2587500,0.0,0.0
2026-05-28 00:00:00-04:00,76.07774024356733,78.02743028908459,75.69973407859668,77.61958312988281,2014600,0.0,0.0
2026-05-29 00:00:00-04:00,79.9771202372466,80.74306691555576,75.39136692741373,75.6500015258789,5549600,0.0,0.0
2026-06-01 00:00:00-04:00,73.57099016363645,74.88404702905093,72.11867026622846,73.86941528320312,2376300,0.0,0.0
2026-06-02 00:00:00-04:00,73.33225313889737,74.55577940799795,72.2280908437973,72.85477447509766,1889800,0.0,0.0
2026-06-03 00:00:00-04:00,73.82962795889993,75.25210692381259,72.99404214148332,73.173095703125,2659100,0.0,0.0
2026-06-04 00:00:00-04:00,73.79978312333277,74.87409684801453,72.31761465548661,72.84483337402344,2523400,0.0,0.0
2026-06-05 00:00:00-04:00,72.58620129836164,74.04847076156292,72.11867214054722,72.62599182128906,1740100,0.0,0.0
2026-06-08 00:00:00-04:00,72.27783685902557,72.70556792019121,71.8301991517734,72.21814727783203,1289100,0.0,0.0
2026-06-09 00:00:00-04:00,74.57567913200752,75.77931394599145,73.78983340930411,75.38141632080078,2042400,0.0,0.0
2026-06-10 00:00:00-04:00,75.2322070869962,75.85889834087466,73.81967766495632,73.8395767211914,2187700,0.0,0.0
2026-06-11 00:00:00-04:00,74.31704946760303,77.3211695272899,74.31704946760303,77.10232543945312,1970900,0.0,0.0
2026-06-12 00:00:00-04:00,78.21642926882325,78.51485440296919,77.221688940692,77.85832214355469,1816600,0.0,0.0
2026-06-15 00:00:00-04:00,79.28080149153482,80.0368062694868,77.76879952489729,77.9478530883789,1580500,0.0,0.0
2026-06-16 00:00:00-04:00,78.10700303227203,78.47505966605671,77.02273977566749,77.4405288696289,1378100,0.0,0.0
2026-06-17 00:00:00-04:00,77.20179393813781,77.99758919990786,74.98351976870842,75.6500015258789,1428800,0.0,0.0
2026-06-18 00:00:00-04:00,76.30000305175781,77.58000183105469,76.27999877929688,76.72000122070312,3415300,0.4,0.0
2026-06-22 00:00:00-04:00,76.25,76.95999908447266,75.58000183105469,75.94999694824219,1526800,0.0,0.0
2026-06-23 00:00:00-04:00,75.56999969482422,76.22000122070312,74.31999969482422,74.70999908447266,1848100,0.0,0.0
2026-06-24 00:00:00-04:00,76.01000213623047,77.1500015258789,75.58000183105469,75.83000183105469,1911900,0.0,0.0
2026-06-25 00:00:00-04:00,75.88999938964844,77.06999969482422,74.70999908447266,75.08000183105469,1913700,0.0,0.0
2026-06-26 00:00:00-04:00,74.37000274658203,76.37000274658203,74.08999633789062,76.3499984741211,2280000,0.0,0.0
2026-06-29 00:00:00-04:00,76.2300033569336,76.55999755859375,75.06999969482422,76.5,2234400,0.0,0.0
2026-06-30 00:00:00-04:00,76.66000366210938,79.25,75.48999786376953,79.22000122070312,2946600,0.0,0.0
2026-07-01 00:00:00-04:00,79.23999786376953,81.62000274658203,78.94999694824219,81.1500015258789,2236100,0.0,0.0
2026-07-02 00:00:00-04:00,81.97000122070312,83.83000183105469,81.37000274658203,83.83000183105469,2179800,0.0,0.0
2026-07-06 00:00:00-04:00,83.33999633789062,83.52999877929688,81.69000244140625,82.7699966430664,2183300,0.0,0.0
2026-07-07 00:00:00-04:00,83.47000122070312,83.81999969482422,81.63999938964844,81.83000183105469,1856500,0.0,0.0
2026-07-08 00:00:00-04:00,80.0,80.0,77.1500015258789,78.94000244140625,3463400,0.0,0.0
2026-07-09 00:00:00-04:00,78.4000015258789,79.05000305175781,78.16999816894531,78.52999877929688,1746700,0.0,0.0
2026-07-10 00:00:00-04:00,79.12999725341797,79.62999725341797,77.02999877929688,77.52999877929688,1476100,0.0,0.0
2026-07-13 00:00:00-04:00,77.29000091552734,77.80999755859375,74.75,75.0999984741211,2270000,0.0,0.0
2026-07-14 00:00:00-04:00,75.98999786376953,76.56999969482422,74.61000061035156,74.66999816894531,1901800,0.0,0.0
2026-07-15 00:00:00-04:00,74.86000061035156,75.88999938964844,74.4800033569336,75.30999755859375,1331800,0.0,0.0
2026-07-16 00:00:00-04:00,74.9800033569336,77.63999938964844,74.94000244140625,77.5999984741211,1134100,0.0,0.0
2026-07-17 00:00:00-04:00,77.72000122070312,80.13999938964844,77.54000091552734,78.19999694824219,1677100,0.0,0.0
2026-07-20 00:00:00-04:00,78.19000244140625,78.58999633789062,76.70999908447266,77.2699966430664,1184700,0.0,0.0
2026-07-21 00:00:00-04:00,77.16999816894531,77.54000091552734,76.12000274658203,76.26000213623047,1302200,0.0,0.0
2026-07-22 00:00:00-04:00,76.97000122070312,77.36000061035156,76.36000061035156,77.19999694824219,1297900,0.0,0.0
2026-07-23 00:00:00-04:00,74.93000030517578,75.76000213623047,72.11000061035156,73.7699966430664,3739900,0.0,0.0
2026-07-24 00:00:00-04:00,73.86000061035156,76.61000061035156,73.77999877929688,75.94000244140625,1460200,0.0,0.0
2026-07-27 00:00:00-04:00,76.62000274658203,77.66999816894531,76.26000213623047,76.4000015258789,1740000,0.0,0.0
2026-07-28 00:00:00-04:00,77.69999694824219,79.55000305175781,76.9000015258789,79.25,1667700,0.0,0.0
2026-07-29 00:00:00-04:00,78.73999786376953,79.75,77.69999694824219,79.62999725341797,1926500,0.0,0.0
2026-07-30 00:00:00-04:00,80.0999984741211,80.31999969482422,78.5199966430664,79.4800033569336,1001214,0.0,0.0
