Date,Open,High,Low,Close,Volume,Dividends,Stock Splits
2022-02-15 00:00:00-05:00,55000.0,55000.0,42200.0,47800.0,137,0.0,0.0
2022-02-16 00:00:00-05:00,47000.0,47600.0,42800.0,45000.0,58,0.0,0.0
2022-02-17 00:00:00-05:00,43200.0,49000.0,40800.0,44900.0,47,0.0,0.0
2022-02-18 00:00:00-05:00,45200.0,46660.0,41800.0,43600.0,18,0.0,0.0
2022-02-22 00:00:00-05:00,43000.0,43800.0,40000.0,41200.0,12,0.0,0.0
2022-02-23 00:00:00-05:00,42400.0,42600.0,40000.0,40800.0,6,0.0,0.0
2022-02-24 00:00:00-05:00,35800.0,37600.0,32200.0,36200.0,18,0.0,0.0
2022-02-25 00:00:00-05:00,34600.0,36400.0,32200.0,34600.0,10,0.0,0.0
2022-02-28 00:00:00-05:00,32200.0,32200.0,31000.0,32000.0,7,0.0,0.0
2022-03-01 00:00:00-05:00,31700.0,35400.0,31400.0,34800.0,5,0.0,0.0
2022-03-02 00:00:00-05:00,34800.0,35280.0,33000.0,34500.0,3,0.0,0.0
2022-03-03 00:00:00-05:00,33800.0,35840.0,33700.0,35000.0,1,0.0,0.0
2022-03-04 00:00:00-05:00,35600.0,35800.0,34000.0,35000.0,2,0.0,0.0
2022-03-07 00:00:00-05:00,33800.0,33800.0,31400.0,31600.0,4,0.0,0.0
2022-03-08 00:00:00-05:00,31600.0,33800.0,30200.0,30400.0,5,0.0,0.0
2022-03-09 00:00:00-05:00,81600.0,100000.0,63000.0,76000.0,3294,0.0,0.0
2022-03-10 00:00:00-05:00,54280.0,62000.0,48000.0,59600.0,207,0.0,0.0
2022-03-11 00:00:00-05:00,52600.0,60600.0,49400.0,58400.0,56,0.0,0.0
2022-03-14 00:00:00-04:00,56200.0,61000.0,53800.0,57800.0,25,0.0,0.0
2022-03-15 00:00:00-04:00,56200.0,95000.0,55440.0,65400.0,367,0.0,0.0
2022-03-16 00:00:00-04:00,61200.0,70200.0,57400.0,65600.0,55,0.0,0.0
2022-03-17 00:00:00-04:00,61200.0,65000.0,59400.0,60600.0,49,0.0,0.0
2022-03-18 00:00:00-04:00,69200.0,69600.0,62000.0,65000.0,43,0.0,0.0
2022-03-21 00:00:00-04:00,62000.0,63040.0,59200.0,60000.0,18,0.0,0.0
2022-03-22 00:00:00-04:00,59000.0,62200.0,52900.0,54000.0,19,0.0,0.0
2022-03-23 00:00:00-04:00,53600.0,59600.0,52200.0,57600.0,20,0.0,0.0
2022-03-24 00:00:00-04:00,57600.0,66800.0,56400.0,58200.0,16,0.0,0.0
2022-03-25 00:00:00-04:00,57000.0,63000.0,56000.0,56000.0,12,0.0,0.0
2022-03-28 00:00:00-04:00,57000.0,58660.0,50000.0,50000.0,15,0.0,0.0
2022-03-29 00:00:00-04:00,51200.0,52200.0,50000.0,50200.0,6,0.0,0.0
2022-03-30 00:00:00-04:00,50200.0,51000.0,47200.0,47600.0,8,0.0,0.0
2022-03-31 00:00:00-04:00,48000.0,53000.0,47000.0,49000.0,13,0.0,0.0
2022-04-01 00:00:00-04:00,47600.0,49400.0,45800.0,45800.0,9,0.0,0.0
2022-04-04 00:00:00-04:00,46200.0,48000.0,44600.0,45200.0,6,0.0,0.0
2022-04-05 00:00:00-04:00,124400.0,136000.0,97200.0,112200.0,7753,0.0,0.0
2022-04-06 00:00:00-04:00,111000.0,157800.0,102600.0,125800.0,3691,0.0,0.0
2022-04-07 00:00:00-04:00,145000.0,197400.0,140000.0,193000.0,5340,0.0,0.0
2022-04-08 00:00:00-04:00,149600.0,165600.0,114200.0,120600.0,4553,0.0,0.0
2022-04-11 00:00:00-04:00,112000.0,125600.0,94200.0,94600.0,1087,0.0,0.0
2022-04-12 00:00:00-04:00,84600.0,117800.0,83000.0,91000.0,1386,0.0,0.0
2022-04-13 00:00:00-04:00,93800.0,103600.0,89800.0,95200.0,412,0.0,0.0
2022-04-14 00:00:00-04:00,91000.0,97000.0,78400.0,80600.0,249,0.0,0.0
2022-04-18 00:00:00-04:00,74400.0,79260.0,67800.0,69200.0,172,0.0,0.0
2022-04-19 00:00:00-04:00,66000.0,91600.0,58200.0,82000.0,1396,0.0,0.0
2022-04-20 00:00:00-04:00,79200.0,90000.0,75000.0,78000.0,521,0.0,0.0
2022-04-21 00:00:00-04:00,74600.0,79600.0,66400.0,68400.0,150,0.0,0.0
2022-04-22 00:00:00-04:00,67200.0,68200.0,62000.0,66600.0,75,0.0,0.0
2022-04-25 00:00:00-04:00,85400.0,96000.0,80000.0,80200.0,2464,0.0,0.0
2022-04-26 00:00:00-04:00,70600.0,72600.0,65000.0,66000.0,192,0.0,0.0
2022-04-27 00:00:00-04:00,64400.0,69400.0,64200.0,66600.0,56,0.0,0.0
2022-04-28 00:00:00-04:00,66000.0,66180.0,59200.0,60200.0,85,0.0,0.0
2022-04-29 00:00:00-04:00,60200.0,66000.0,58200.0,59400.0,87,0.0,0.0
2022-05-02 00:00:00-04:00,60000.0,60740.0,52200.0,55200.0,80,0.0,0.0
2022-05-03 00:00:00-04:00,53400.0,57600.0,52600.0,55400.0,82,0.0,0.0
2022-05-04 00:00:00-04:00,53200.0,54180.0,50200.0,53000.0,61,0.0,0.0
2022-05-05 00:00:00-04:00,53400.0,56800.0,50800.0,52000.0,161,0.0,0.0
2022-05-06 00:00:00-04:00,49000.0,50000.0,44800.0,46000.0,87,0.0,0.0
2022-05-09 00:00:00-04:00,44200.0,44300.0,37820.0,38600.0,101,0.0,0.0
2022-05-10 00:00:00-04:00,40400.0,40800.0,37200.0,37800.0,60,0.0,0.0
2022-05-11 00:00:00-04:00,37200.0,40000.0,35200.0,38000.0,74,0.0,0.0
2022-05-12 00:00:00-04:00,37800.0,42400.0,37000.0,41400.0,52,0.0,0.0
2022-05-13 00:00:00-04:00,41400.0,42780.0,39000.0,40000.0,51,0.0,0.0
2022-05-16 00:00:00-04:00,40000.0,43400.0,39600.0,42200.0,25,0.0,0.0
2022-05-17 00:00:00-04:00,40200.0,41000.0,39000.0,39400.0,28,0.0,0.0
2022-05-18 00:00:00-04:00,38400.0,40500.0,37000.0,37800.0,31,0.0,0.0
2022-05-19 00:00:00-04:00,38000.0,38000.0,35600.0,36400.0,33,0.0,0.0
2022-05-20 00:00:00-04:00,38000.0,38000.0,33200.0,34600.0,38,0.0,0.0
2022-05-23 00:00:00-04:00,34000.0,34600.0,31180.0,32000.0,48,0.0,0.0
2022-05-24 00:00:00-04:00,31400.0,43960.0,27200.0,28600.0,605,0.0,0.0
2022-05-25 00:00:00-04:00,27600.0,28200.0,24400.0,25800.0,214,0.0,0.0
2022-05-26 00:00:00-04:00,26200.0,30400.0,24800.0,27200.0,242,0.0,0.0
2022-05-27 00:00:00-04:00,28000.0,29800.0,26000.0,26600.0,110,0.0,0.0
2022-05-31 00:00:00-04:00,25800.0,26600.0,24800.0,26000.0,70,0.0,0.0
2022-06-01 00:00:00-04:00,26000.0,26000.0,24400.0,24800.0,58,0.0,0.0
2022-06-02 00:00:00-04:00,24400.0,25400.0,23400.0,24400.0,55,0.0,0.0
2022-06-03 00:00:00-04:00,24740.0,25100.0,23800.0,24400.0,39,0.0,0.0
2022-06-06 00:00:00-04:00,23600.0,28000.0,23200.0,26800.0,161,0.0,0.0
2022-06-07 00:00:00-04:00,25800.0,26200.0,25200.0,25800.0,31,0.0,0.0
2022-06-08 00:00:00-04:00,25800.0,28000.0,25200.0,27600.0,75,0.0,0.0
2022-06-09 00:00:00-04:00,28400.0,28700.0,25600.0,26600.0,57,0.0,0.0
2022-06-10 00:00:00-04:00,25400.0,26800.0,24800.0,25000.0,28,0.0,0.0
2022-06-13 00:00:00-04:00,24000.0,24400.0,22800.0,23000.0,33,0.0,0.0
2022-06-14 00:00:00-04:00,23000.0,23240.0,21600.0,22400.0,30,0.0,0.0
2022-06-15 00:00:00-04:00,23000.0,23400.0,22400.0,23000.0,17,0.0,0.0
2022-06-16 00:00:00-04:00,23000.0,26000.0,22300.0,24980.0,50,0.0,0.0
2022-06-17 00:00:00-04:00,25200.0,26600.0,24200.0,24600.0,24,0.0,0.0
2022-06-21 00:00:00-04:00,24400.0,25800.0,24020.0,24400.0,26,0.0,0.0
2022-06-22 00:00:00-04:00,25000.0,26400.0,23800.0,24200.0,22,0.0,0.0
2022-06-23 00:00:00-04:00,24200.0,24600.0,23600.0,24400.0,14,0.0,0.0
2022-06-24 00:00:00-04:00,24400.0,25400.0,24200.0,24800.0,31,0.0,0.0
2022-06-27 00:00:00-04:00,24800.0,25800.0,24200.0,25200.0,28,0.0,0.0
2022-06-28 00:00:00-04:00,24800.0,25000.0,23000.0,23400.0,34,0.0,0.0
2022-06-29 00:00:00-04:00,23600.0,23600.0,21200.0,21800.0,32,0.0,0.0
2022-06-30 00:00:00-04:00,21400.0,24200.0,20800.0,21600.0,34,0.0,0.0
2022-07-01 00:00:00-04:00,21200.0,23800.0,21000.0,22800.0,26,0.0,0.0
2022-07-05 00:00:00-04:00,22800.0,23600.0,22000.0,23400.0,13,0.0,0.0
2022-07-06 00:00:00-04:00,23600.0,23600.0,22400.0,23000.0,12,0.0,0.0
2022-07-07 00:00:00-04:00,23400.0,23580.0,22600.0,23200.0,11,0.0,0.0
2022-07-08 00:00:00-04:00,23000.0,23800.0,22600.0,23600.0,11,0.0,0.0
2022-07-11 00:00:00-04:00,23800.0,23800.0,22800.0,23000.0,7,0.0,0.0
2022-07-12 00:00:00-04:00,23000.0,23200.0,22000.0,22000.0,11,0.0,0.0
2022-07-13 00:00:00-04:00,22400.0,23800.0,22000.0,22800.0,13,0.0,0.0
2022-07-14 00:00:00-04:00,23000.0,23000.0,21200.0,22600.0,14,0.0,0.0
2022-07-15 00:00:00-04:00,22200.0,22600.0,21880.0,22600.0,9,0.0,0.0
2022-07-18 00:00:00-04:00,22400.0,22600.0,21400.0,21800.0,16,0.0,0.0
2022-07-19 00:00:00-04:00,21600.0,22400.0,21400.0,22000.0,15,0.0,0.0
2022-07-20 00:00:00-04:00,21800.0,23400.0,20800.0,22000.0,33,0.0,0.0
2022-07-21 00:00:00-04:00,22000.0,22400.0,21200.0,21800.0,24,0.0,0.0
2022-07-22 00:00:00-04:00,22200.0,22200.0,20600.0,20800.0,20,0.0,0.0
2022-07-25 00:00:00-04:00,21000.0,21200.0,20600.0,20600.0,10,0.0,0.0
2022-07-26 00:00:00-04:00,20600.0,37000.0,20600.0,27200.0,1780,0.0,0.0
2022-07-27 00:00:00-04:00,26600.0,29000.0,24000.0,25000.0,154,0.0,0.0
2022-07-28 00:00:00-04:00,24200.0,24800.0,22000.0,23000.0,70,0.0,0.0
2022-07-29 00:00:00-04:00,22200.0,22800.0,20600.0,21600.0,59,0.0,0.0
2022-08-01 00:00:00-04:00,22000.0,22380.0,21000.0,21800.0,46,0.0,0.0
2022-08-02 00:00:00-04:00,21200.0,24000.0,20800.0,22200.0,73,0.0,0.0
2022-08-03 00:00:00-04:00,22600.0,25000.0,21800.0,22400.0,77,0.0,0.0
2022-08-04 00:00:00-04:00,23200.0,23400.0,22400.0,22800.0,25,0.0,0.0
2022-08-05 00:00:00-04:00,22800.0,26000.0,22400.0,25400.0,91,0.0,0.0
2022-08-08 00:00:00-04:00,26600.0,30000.0,25000.0,26200.0,88,0.0,0.0
2022-08-09 00:00:00-04:00,26200.0,27200.0,24000.0,24800.0,30,0.0,0.0
2022-08-10 00:00:00-04:00,24600.0,25200.0,24000.0,24600.0,22,0.0,0.0
2022-08-11 00:00:00-04:00,24600.0,26200.0,24000.0,24800.0,18,0.0,0.0
2022-08-12 00:00:00-04:00,25000.0,26400.0,24200.0,24800.0,24,0.0,0.0
2022-08-15 00:00:00-04:00,24600.0,26620.0,24400.0,26200.0,25,0.0,0.0
2022-08-16 00:00:00-04:00,26400.0,26600.0,25000.0,25800.0,22,0.0,0.0
2022-08-17 00:00:00-04:00,25800.0,26400.0,25000.0,25600.0,16,0.0,0.0
2022-08-18 00:00:00-04:00,25400.0,25400.0,24600.0,25200.0,24,0.0,0.0
2022-08-19 00:00:00-04:00,24800.0,25000.0,23200.0,23400.0,19,0.0,0.0
2022-08-22 00:00:00-04:00,23200.0,23200.0,21400.0,21600.0,28,0.0,0.0
2022-08-23 00:00:00-04:00,23600.0,23600.0,22000.0,22400.0,15,0.0,0.0
2022-08-24 00:00:00-04:00,22200.0,22600.0,22000.0,22600.0,10,0.0,0.0
2022-08-25 00:00:00-04:00,23000.0,23600.0,22200.0,22600.0,9,0.0,0.0
2022-08-26 00:00:00-04:00,22400.0,23200.0,22000.0,22400.0,7,0.0,0.0
2022-08-29 00:00:00-04:00,22200.0,22700.0,21600.0,22400.0,12,0.0,0.0
2022-08-30 00:00:00-04:00,22200.0,23200.0,20800.0,22000.0,26,0.0,0.0
2022-08-31 00:00:00-04:00,22400.0,22800.0,21200.0,22000.0,10,0.0,0.0
2022-09-01 00:00:00-04:00,22200.0,22400.0,21200.0,22400.0,15,0.0,0.0
2022-09-02 00:00:00-04:00,21800.0,22400.0,20800.0,21600.0,8,0.0,0.0
2022-09-06 00:00:00-04:00,21200.0,22000.0,20800.0,21200.0,16,0.0,0.0
2022-09-07 00:00:00-04:00,21400.0,21600.0,20200.0,20800.0,9,0.0,0.0
2022-09-08 00:00:00-04:00,20600.0,21600.0,20600.0,21000.0,10,0.0,0.0
2022-09-09 00:00:00-04:00,20600.0,21400.0,20600.0,20800.0,12,0.0,0.0
2022-09-12 00:00:00-04:00,21200.0,21600.0,20400.0,21200.0,19,0.0,0.0
2022-09-13 00:00:00-04:00,20800.0,22400.0,20600.0,20800.0,19,0.0,0.0
2022-09-14 00:00:00-04:00,21400.0,21400.0,19440.0,19860.0,27,0.0,0.0
2022-09-15 00:00:00-04:00,19860.0,20400.0,19200.0,19420.0,16,0.0,0.0
2022-09-16 00:00:00-04:00,19600.0,19600.0,18820.0,19300.0,11,0.0,0.0
2022-09-19 00:00:00-04:00,18980.0,19200.0,16860.0,17680.0,19,0.0,0.0
2022-09-20 00:00:00-04:00,17680.0,17980.0,17020.0,17200.0,6,0.0,0.0
2022-09-21 00:00:00-04:00,17040.0,17400.0,15820.0,16260.0,21,0.0,0.0
2022-09-22 00:00:00-04:00,16600.0,16600.0,14020.0,15200.0,26,0.0,0.0
2022-09-23 00:00:00-04:00,14740.0,16640.0,14400.0,16100.0,11,0.0,0.0
2022-09-26 00:00:00-04:00,15800.0,17000.0,15800.0,16580.0,13,0.0,0.0
2022-09-27 00:00:00-04:00,16300.0,17000.0,15200.0,16000.0,9,0.0,0.0
2022-09-28 00:00:00-04:00,15800.0,16600.0,15800.0,16400.0,5,0.0,0.0
2022-09-29 00:00:00-04:00,16300.0,16300.0,15020.0,15400.0,5,0.0,0.0
2022-09-30 00:00:00-04:00,15600.0,16000.0,14400.0,15460.0,7,0.0,0.0
2022-10-03 00:00:00-04:00,16000.0,16800.0,15260.0,16200.0,9,0.0,0.0
2022-10-04 00:00:00-04:00,16240.0,16940.0,16240.0,16800.0,4,0.0,0.0
2022-10-05 00:00:00-04:00,17120.0,17120.0,15800.0,16260.0,5,0.0,0.0
2022-10-06 00:00:00-04:00,16100.0,16600.0,15720.0,16000.0,4,0.0,0.0
2022-10-07 00:00:00-04:00,15820.0,16100.0,14420.0,14800.0,11,0.0,0.0
2022-10-10 00:00:00-04:00,14800.0,15380.0,13420.0,13800.0,12,0.0,0.0
2022-10-11 00:00:00-04:00,13400.0,13800.0,13000.0,13700.0,9,0.0,0.0
2022-10-12 00:00:00-04:00,13560.0,13680.0,13000.0,13400.0,5,0.0,0.0
2022-10-13 00:00:00-04:00,13200.0,14200.0,12500.0,13040.0,8,0.0,0.0
2022-10-14 00:00:00-04:00,13600.0,19600.0,13600.0,16100.0,192,0.0,0.0
2022-10-17 00:00:00-04:00,14800.0,19960.0,14800.0,19120.0,44,0.0,0.0
2022-10-18 00:00:00-04:00,20000.0,22000.0,17620.0,18020.0,20,0.0,0.0
2022-10-19 00:00:00-04:00,18200.0,27000.0,16720.0,25600.0,291,0.0,0.0
2022-10-20 00:00:00-04:00,27000.0,29400.0,21600.0,24400.0,198,0.0,0.0
2022-10-21 00:00:00-04:00,24400.0,24400.0,20200.0,21400.0,39,0.0,0.0
2022-10-24 00:00:00-04:00,20200.0,21000.0,18800.0,19500.0,16,0.0,0.0
2022-10-25 00:00:00-04:00,19200.0,20000.0,18800.0,19760.0,11,0.0,0.0
2022-10-26 00:00:00-04:00,19760.0,20000.0,18500.0,18800.0,13,0.0,0.0
2022-10-27 00:00:00-04:00,18400.0,18800.0,16800.0,17640.0,16,0.0,0.0
2022-10-28 00:00:00-04:00,17600.0,18120.0,17200.0,17500.0,6,0.0,0.0
2022-10-31 00:00:00-04:00,17200.0,18000.0,16800.0,17100.0,9,0.0,0.0
2022-11-01 00:00:00-04:00,17100.0,17800.0,16800.0,17000.0,4,0.0,0.0
2022-11-02 00:00:00-04:00,17100.0,18600.0,16100.0,16260.0,34,0.0,0.0
2022-11-03 00:00:00-04:00,16400.0,16880.0,16020.0,16040.0,6,0.0,0.0
2022-11-04 00:00:00-04:00,16000.0,16440.0,15200.0,15900.0,6,0.0,0.0
2022-11-07 00:00:00-05:00,16400.0,16400.0,13400.0,14000.0,21,0.0,0.0
2022-11-08 00:00:00-05:00,13800.0,15200.0,13600.0,14600.0,8,0.0,0.0
2022-11-09 00:00:00-05:00,14200.0,15000.0,14060.0,14400.0,12,0.0,0.0
2022-11-10 00:00:00-05:00,14900.0,15600.0,14400.0,15400.0,10,0.0,0.0
2022-11-11 00:00:00-05:00,15800.0,16600.0,14800.0,15140.0,11,0.0,0.0
2022-11-14 00:00:00-05:00,15020.0,16780.0,15000.0,16020.0,12,0.0,0.0
2022-11-15 00:00:00-05:00,15860.0,16800.0,15800.0,16740.0,8,0.0,0.0
2022-11-16 00:00:00-05:00,18980.0,19380.0,15600.0,16680.0,347,0.0,0.0
2022-11-17 00:00:00-05:00,15980.0,18800.0,15420.0,18400.0,50,0.0,0.0
2022-11-18 00:00:00-05:00,18400.0,19400.0,16500.0,19400.0,52,0.0,0.0
2022-11-21 00:00:00-05:00,18800.0,18800.0,16620.0,16800.0,14,0.0,0.0
2022-11-22 00:00:00-05:00,17040.0,17400.0,16800.0,17000.0,10,0.0,0.0
2022-11-23 00:00:00-05:00,16800.0,17700.0,16800.0,17280.0,4,0.0,0.0
2022-11-25 00:00:00-05:00,17420.0,17580.0,15800.0,16000.0,7,0.0,0.0
2022-11-28 00:00:00-05:00,16200.0,16600.0,15120.0,15240.0,11,0.0,0.0
2022-11-29 00:00:00-05:00,15420.0,15780.0,14800.0,15100.0,8,0.0,0.0
2022-11-30 00:00:00-05:00,16400.0,16400.0,14700.0,15820.0,9,0.0,0.0
2022-12-01 00:00:00-05:00,15800.0,16000.0,14980.0,15500.0,7,0.0,0.0
2022-12-02 00:00:00-05:00,15220.0,15800.0,15220.0,15800.0,5,0.0,0.0
2022-12-05 00:00:00-05:00,15400.0,15980.0,14620.0,15400.0,7,0.0,0.0
2022-12-06 00:00:00-05:00,14940.0,15180.0,14000.0,14380.0,11,0.0,0.0
2022-12-07 00:00:00-05:00,14360.0,15220.0,14240.0,14560.0,4,0.0,0.0
2022-12-08 00:00:00-05:00,14600.0,14940.0,14400.0,14700.0,2,0.0,0.0
2022-12-09 00:00:00-05:00,14960.0,15060.0,14240.0,14600.0,5,0.0,0.0
2022-12-12 00:00:00-05:00,14260.0,15000.0,14000.0,14860.0,7,0.0,0.0
2022-12-13 00:00:00-05:00,14800.0,15100.0,14400.0,14420.0,5,0.0,0.0
2022-12-14 00:00:00-05:00,14600.0,14700.0,14000.0,14160.0,5,0.0,0.0
2022-12-15 00:00:00-05:00,14200.0,14200.0,13200.0,13640.0,9,0.0,0.0
2022-12-16 00:00:00-05:00,13900.0,13900.0,13400.0,13400.0,5,0.0,0.0
2022-12-19 00:00:00-05:00,13400.0,14320.0,13400.0,14020.0,5,0.0,0.0
2022-12-20 00:00:00-05:00,13820.0,14200.0,13200.0,14000.0,6,0.0,0.0
2022-12-21 00:00:00-05:00,13600.0,14200.0,13260.0,13700.0,5,0.0,0.0
2022-12-22 00:00:00-05:00,13800.0,14220.0,13400.0,13600.0,3,0.0,0.0
2022-12-23 00:00:00-05:00,13400.0,14380.0,13020.0,13200.0,6,0.0,0.0
2022-12-27 00:00:00-05:00,13420.0,14200.0,12800.0,12820.0,8,0.0,0.0
2022-12-28 00:00:00-05:00,12840.0,13600.0,12600.0,12800.0,7,0.0,0.0
2022-12-29 00:00:00-05:00,12400.0,13200.0,12400.0,13200.0,10,0.0,0.0
2022-12-30 00:00:00-05:00,13000.0,13600.0,12620.0,12800.0,12,0.0,0.0
2023-01-03 00:00:00-05:00,13400.0,15600.0,13200.0,14900.0,22,0.0,0.0
2023-01-04 00:00:00-05:00,15400.0,15600.0,13600.0,14420.0,7,0.0,0.0
2023-01-05 00:00:00-05:00,14200.0,14600.0,13800.0,14420.0,3,0.0,0.0
2023-01-06 00:00:00-05:00,14400.0,14800.0,14000.0,14400.0,5,0.0,0.0
2023-01-09 00:00:00-05:00,14600.0,14760.0,14020.0,14300.0,5,0.0,0.0
2023-01-10 00:00:00-05:00,14600.0,16520.0,14600.0,16000.0,20,0.0,0.0
2023-01-11 00:00:00-05:00,15600.0,16000.0,15000.0,15800.0,6,0.0,0.0
2023-01-12 00:00:00-05:00,15800.0,17000.0,15200.0,16780.0,11,0.0,0.0
2023-01-13 00:00:00-05:00,17000.0,17000.0,15820.0,16460.0,7,0.0,0.0
2023-01-17 00:00:00-05:00,16200.0,16800.0,15800.0,16780.0,6,0.0,0.0
2023-01-18 00:00:00-05:00,16780.0,21800.0,16340.0,21200.0,72,0.0,0.0
2023-01-19 00:00:00-05:00,20400.0,20600.0,18000.0,19400.0,70,0.0,0.0
2023-01-20 00:00:00-05:00,18360.0,19600.0,18000.0,19600.0,17,0.0,0.0
2023-01-23 00:00:00-05:00,19400.0,20000.0,17200.0,19400.0,18,0.0,0.0
2023-01-24 00:00:00-05:00,18400.0,21200.0,18400.0,20400.0,15,0.0,0.0
2023-01-25 00:00:00-05:00,20800.0,20800.0,19420.0,20000.0,10,0.0,0.0
2023-01-26 00:00:00-05:00,20000.0,20800.0,19120.0,20600.0,7,0.0,0.0
2023-01-27 00:00:00-05:00,20000.0,21600.0,19800.0,20600.0,15,0.0,0.0
2023-01-30 00:00:00-05:00,20800.0,23600.0,20800.0,23200.0,15,0.0,0.0
2023-01-31 00:00:00-05:00,23600.0,25000.0,22200.0,24600.0,17,0.0,0.0
2023-02-01 00:00:00-05:00,25600.0,26000.0,23600.0,25600.0,25,0.0,0.0
2023-02-02 00:00:00-05:00,26000.0,26000.0,24000.0,25400.0,17,0.0,0.0
2023-02-03 00:00:00-05:00,24600.0,25200.0,22000.0,22800.0,15,0.0,0.0
2023-02-06 00:00:00-05:00,23400.0,23400.0,21600.0,22600.0,7,0.0,0.0
2023-02-07 00:00:00-05:00,22000.0,23600.0,22000.0,22700.0,6,0.0,0.0
2023-02-08 00:00:00-05:00,22800.0,22800.0,21600.0,21800.0,10,0.0,0.0
2023-02-09 00:00:00-05:00,21600.0,22000.0,18300.0,18500.0,22,0.0,0.0
2023-02-10 00:00:00-05:00,18740.0,21400.0,18620.0,20000.0,56,0.0,0.0
2023-02-13 00:00:00-05:00,19020.0,19400.0,18500.0,18760.0,8,0.0,0.0
2023-02-14 00:00:00-05:00,18400.0,20200.0,17600.0,19660.0,9,0.0,0.0
2023-02-15 00:00:00-05:00,19600.0,19600.0,18400.0,19500.0,2,0.0,0.0
2023-02-16 00:00:00-05:00,19980.0,19980.0,18020.0,19200.0,5,0.0,0.0
2023-02-17 00:00:00-05:00,18680.0,19000.0,18240.0,18660.0,3,0.0,0.0
2023-02-21 00:00:00-05:00,18800.0,19000.0,18000.0,18800.0,4,0.0,0.0
2023-02-22 00:00:00-05:00,18600.0,19400.0,18280.0,18280.0,2,0.0,0.0
2023-02-23 00:00:00-05:00,18000.0,19200.0,18000.0,18200.0,3,0.0,0.0
2023-02-24 00:00:00-05:00,18000.0,18780.0,17900.0,18400.0,2,0.0,0.0
2023-02-27 00:00:00-05:00,18400.0,18480.0,18000.0,18000.0,2,0.0,0.0
2023-02-28 00:00:00-05:00,18220.0,19000.0,18000.0,18020.0,8,0.0,0.0
2023-03-01 00:00:00-05:00,18600.0,19000.0,18060.0,18480.0,2,0.0,0.0
2023-03-02 00:00:00-05:00,18800.0,18800.0,17800.0,18200.0,2,0.0,0.0
2023-03-03 00:00:00-05:00,18400.0,18400.0,17300.0,18400.0,4,0.0,0.0
2023-03-06 00:00:00-05:00,18400.0,18560.0,17600.0,18120.0,3,0.0,0.0
2023-03-07 00:00:00-05:00,18400.0,18400.0,16620.0,17200.0,10,0.0,0.0
2023-03-08 00:00:00-05:00,17000.0,18000.0,16800.0,17800.0,5,0.0,0.0
2023-03-09 00:00:00-05:00,17440.0,18000.0,16980.0,17700.0,3,0.0,0.0
2023-03-10 00:00:00-05:00,17800.0,17800.0,16600.0,17400.0,6,0.0,0.0
2023-03-13 00:00:00-04:00,16800.0,17400.0,16000.0,16600.0,5,0.0,0.0
2023-03-14 00:00:00-04:00,16880.0,17100.0,16400.0,16800.0,1,0.0,0.0
2023-03-15 00:00:00-04:00,16600.0,17000.0,15720.0,15900.0,7,0.0,0.0
2023-03-16 00:00:00-04:00,16200.0,17600.0,15460.0,17000.0,13,0.0,0.0
2023-03-17 00:00:00-04:00,16500.0,17160.0,15860.0,16700.0,4,0.0,0.0
2023-03-20 00:00:00-04:00,17400.0,17400.0,15400.0,15600.0,8,0.0,0.0
2023-03-21 00:00:00-04:00,15600.0,16000.0,15600.0,16000.0,2,0.0,0.0
2023-03-22 00:00:00-04:00,16200.0,16480.0,15400.0,15860.0,3,0.0,0.0
2023-03-23 00:00:00-04:00,16460.0,16460.0,15400.0,15800.0,2,0.0,0.0
2023-03-24 00:00:00-04:00,15400.0,16140.0,15400.0,15600.0,2,0.0,0.0
2023-03-27 00:00:00-04:00,15600.0,16000.0,14800.0,15560.0,9,0.0,0.0
2023-03-28 00:00:00-04:00,15400.0,15560.0,14060.0,14400.0,6,0.0,0.0
2023-03-29 00:00:00-04:00,14400.0,15360.0,14400.0,14760.0,2,0.0,0.0
2023-03-30 00:00:00-04:00,14800.0,14800.0,14200.0,14560.0,3,0.0,0.0
2023-03-31 00:00:00-04:00,14560.0,14800.0,13800.0,14620.0,9,0.0,0.0
2023-04-03 00:00:00-04:00,14000.0,14000.0,13200.0,13600.0,12,0.0,0.0
2023-04-04 00:00:00-04:00,14400.0,14400.0,12200.0,12440.0,14,0.0,0.0
2023-04-05 00:00:00-04:00,14080.0,14080.0,13200.0,13560.0,6,0.0,0.0
2023-04-06 00:00:00-04:00,13600.0,13960.0,13300.0,13340.0,3,0.0,0.0
2023-04-10 00:00:00-04:00,13800.0,13800.0,12200.0,13300.0,4,0.0,0.0
2023-04-11 00:00:00-04:00,13400.0,13540.0,12820.0,13000.0,3,0.0,0.0
2023-04-12 00:00:00-04:00,12600.0,13400.0,12400.0,12600.0,3,0.0,0.0
2023-04-13 00:00:00-04:00,12800.0,13740.0,12800.0,13540.0,5,0.0,0.0
2023-04-14 00:00:00-04:00,14000.0,14000.0,13000.0,13600.0,5,0.0,0.0
2023-04-17 00:00:00-04:00,13600.0,13960.0,13260.0,13800.0,1,0.0,0.0
2023-04-18 00:00:00-04:00,13200.0,13860.0,13200.0,13600.0,2,0.0,0.0
2023-04-19 00:00:00-04:00,13800.0,14400.0,13500.0,14000.0,2,0.0,0.0
2023-04-20 00:00:00-04:00,14000.0,14000.0,13480.0,13520.0,1,0.0,0.0
2023-04-21 00:00:00-04:00,13800.0,13980.0,13000.0,13400.0,2,0.0,0.0
2023-04-24 00:00:00-04:00,14000.0,14000.0,12840.0,13400.0,3,0.0,0.0
2023-04-25 00:00:00-04:00,13580.0,13780.0,12800.0,13000.0,2,0.0,0.0
2023-04-26 00:00:00-04:00,13080.0,13400.0,12600.0,12620.0,2,0.0,0.0
2023-04-27 00:00:00-04:00,12760.0,13360.0,12740.0,13140.0,1,0.0,0.0
2023-04-28 00:00:00-04:00,13000.0,13340.0,12400.0,12520.0,4,0.0,0.0
2023-05-01 00:00:00-04:00,12600.0,12900.0,11400.0,11760.0,9,0.0,0.0
2023-05-02 00:00:00-04:00,11220.0,11800.0,11220.0,11800.0,5,0.0,0.0
2023-05-03 00:00:00-04:00,11800.0,12000.0,8900.0,11940.0,48,0.0,0.0
2023-05-04 00:00:00-04:00,10940.0,11800.0,10400.0,10800.0,5,0.0,0.0
2023-05-05 00:00:00-04:00,10800.0,11000.0,10060.0,10560.0,4,0.0,0.0
2023-05-08 00:00:00-04:00,10560.0,10800.0,10000.0,10060.0,7,0.0,0.0
2023-05-09 00:00:00-04:00,10800.0,11480.0,10100.0,10540.0,2,0.0,0.0
2023-05-10 00:00:00-04:00,10540.0,11140.0,9800.0,10600.0,10,0.0,0.0
2023-05-11 00:00:00-04:00,20400.0,28000.0,15400.0,18000.0,3481,0.0,0.0
2023-05-12 00:00:00-04:00,14000.0,15400.0,13020.0,14620.0,202,0.0,0.0
2023-05-15 00:00:00-04:00,14400.0,14400.0,12000.0,12600.0,70,0.0,0.0
2023-05-16 00:00:00-04:00,11600.0,12360.0,11000.0,11400.0,43,0.0,0.0
2023-05-17 00:00:00-04:00,11500.0,11800.0,10800.0,11400.0,21,0.0,0.0
2023-05-18 00:00:00-04:00,11180.0,12660.0,11160.0,12660.0,32,0.0,0.0
2023-05-19 00:00:00-04:00,12580.0,13200.0,11700.0,12980.0,15,0.0,0.0
2023-05-22 00:00:00-04:00,12600.0,12940.0,12200.0,12700.0,9,0.0,0.0
2023-05-23 00:00:00-04:00,12980.0,13000.0,12500.0,13000.0,8,0.0,0.0
2023-05-24 00:00:00-04:00,12640.0,12800.0,12000.0,12000.0,8,0.0,0.0
2023-05-25 00:00:00-04:00,12400.0,12600.0,11200.0,11760.0,16,0.0,0.0
2023-05-26 00:00:00-04:00,11960.0,12000.0,11600.0,11780.0,7,0.0,0.0
2023-05-30 00:00:00-04:00,12000.0,12200.0,11600.0,12000.0,9,0.0,0.0
2023-05-31 00:00:00-04:00,11980.0,12200.0,11800.0,12200.0,5,0.0,0.0
2023-06-01 00:00:00-04:00,12000.0,12600.0,11800.0,12600.0,4,0.0,0.0
2023-06-02 00:00:00-04:00,12800.0,13300.0,12400.0,13300.0,6,0.0,0.0
2023-06-05 00:00:00-04:00,13100.0,13300.0,12740.0,13300.0,2,0.0,0.0
2023-06-06 00:00:00-04:00,13200.0,13400.0,12000.0,12480.0,8,0.0,0.0
2023-06-07 00:00:00-04:00,12740.0,13200.0,11160.0,11780.0,112,0.0,0.0
2023-06-08 00:00:00-04:00,11780.0,11780.0,11200.0,11440.0,6,0.0,0.0
2023-06-09 00:00:00-04:00,11600.0,11760.0,11160.0,11200.0,8,0.0,0.0
2023-06-12 00:00:00-04:00,11400.0,11500.0,11000.0,11240.0,5,0.0,0.0
2023-06-13 00:00:00-04:00,11080.0,11580.0,10800.0,11480.0,6,0.0,0.0
2023-06-14 00:00:00-04:00,11480.0,11520.0,10400.0,10800.0,14,0.0,0.0
2023-06-15 00:00:00-04:00,10500.0,11420.0,10400.0,11100.0,11,0.0,0.0
2023-06-16 00:00:00-04:00,11160.0,11160.0,10400.0,10720.0,9,0.0,0.0
2023-06-20 00:00:00-04:00,10600.0,10900.0,10340.0,10620.0,4,0.0,0.0
2023-06-21 00:00:00-04:00,10260.0,10600.0,10000.0,10220.0,4,0.0,0.0
2023-06-22 00:00:00-04:00,10080.0,10360.0,9800.0,10200.0,5,0.0,0.0
2023-06-23 00:00:00-04:00,10400.0,10400.0,9600.0,10000.0,5,0.0,0.0
2023-06-26 00:00:00-04:00,9800.0,10320.0,9400.0,9920.0,5,0.0,0.0
2023-06-27 00:00:00-04:00,9960.0,10000.0,9200.0,9600.0,11,0.0,0.0
2023-06-28 00:00:00-04:00,10000.0,10000.0,9200.0,9840.0,4,0.0,0.0
2023-06-29 00:00:00-04:00,9920.0,9920.0,9400.0,9720.0,4,0.0,0.0
2023-06-30 00:00:00-04:00,9700.0,9900.0,9500.0,9900.0,3,0.0,0.0
2023-07-03 00:00:00-04:00,9960.0,10200.0,9800.0,10160.0,2,0.0,0.0
2023-07-05 00:00:00-04:00,9860.0,10260.0,9640.0,10160.0,4,0.0,0.0
2023-07-06 00:00:00-04:00,9800.0,10200.0,9600.0,9800.0,3,0.0,0.0
2023-07-07 00:00:00-04:00,9960.0,10620.0,9420.0,10160.0,2,0.0,0.0
2023-07-10 00:00:00-04:00,10060.0,10400.0,9420.0,9920.0,7,0.0,0.0
2023-07-11 00:00:00-04:00,10000.0,10400.0,9600.0,9960.0,5,0.0,0.0
2023-07-12 00:00:00-04:00,9980.0,11000.0,9800.0,10600.0,9,0.0,0.0
2023-07-13 00:00:00-04:00,10480.0,11000.0,9900.0,10380.0,9,0.0,0.0
2023-07-14 00:00:00-04:00,10360.0,10360.0,9420.0,9600.0,8,0.0,0.0
2023-07-17 00:00:00-04:00,9600.0,10000.0,9600.0,9720.0,3,0.0,0.0
2023-07-18 00:00:00-04:00,9660.0,10000.0,9600.0,9900.0,4,0.0,0.0
2023-07-19 00:00:00-04:00,9880.0,10000.0,9640.0,9740.0,5,0.0,0.0
2023-07-20 00:00:00-04:00,9800.0,9800.0,9200.0,9780.0,4,0.0,0.0
2023-07-21 00:00:00-04:00,9600.0,9780.0,9400.0,9520.0,3,0.0,0.0
2023-07-24 00:00:00-04:00,9420.0,9600.0,9000.0,9240.0,7,0.0,0.0
2023-07-25 00:00:00-04:00,9380.0,9560.0,9000.0,9220.0,3,0.0,0.0
2023-07-26 00:00:00-04:00,9300.0,9660.0,9100.0,9280.0,4,0.0,0.0
2023-07-27 00:00:00-04:00,9700.0,9700.0,9040.0,9040.0,6,0.0,0.0
2023-07-28 00:00:00-04:00,9040.0,10000.0,9000.0,9740.0,15,0.0,0.0
2023-07-31 00:00:00-04:00,9500.0,10460.0,9240.0,10200.0,7,0.0,0.0
2023-08-01 00:00:00-04:00,10200.0,10200.0,9600.0,10000.0,5,0.0,0.0
2023-08-02 00:00:00-04:00,9580.0,10400.0,9280.0,10220.0,7,0.0,0.0
2023-08-03 00:00:00-04:00,9920.0,10200.0,9400.0,10200.0,6,0.0,0.0
2023-08-04 00:00:00-04:00,10000.0,10400.0,9680.0,9700.0,7,0.0,0.0
2023-08-07 00:00:00-04:00,9580.0,9800.0,9240.0,9800.0,10,0.0,0.0
2023-08-08 00:00:00-04:00,10040.0,10800.0,10000.0,10600.0,7,0.0,0.0
2023-08-09 00:00:00-04:00,10400.0,10580.0,9760.0,10580.0,5,0.0,0.0
2023-08-10 00:00:00-04:00,10400.0,10440.0,9840.0,10400.0,4,0.0,0.0
2023-08-11 00:00:00-04:00,12000.0,12900.0,10000.0,10400.0,202,0.0,0.0
2023-08-14 00:00:00-04:00,9820.0,10100.0,9000.0,10000.0,18,0.0,0.0
2023-08-15 00:00:00-04:00,9700.0,10600.0,9220.0,10400.0,14,0.0,0.0
2023-08-16 00:00:00-04:00,10400.0,10400.0,9400.0,9520.0,4,0.0,0.0
2023-08-17 00:00:00-04:00,9600.0,10200.0,9360.0,9440.0,3,0.0,0.0
2023-08-18 00:00:00-04:00,9400.0,9800.0,9000.0,9660.0,7,0.0,0.0
2023-08-21 00:00:00-04:00,9780.0,9780.0,9200.0,9600.0,3,0.0,0.0
2023-08-22 00:00:00-04:00,9480.0,9800.0,9000.0,9420.0,7,0.0,0.0
2023-08-23 00:00:00-04:00,9340.0,9640.0,9100.0,9260.0,4,0.0,0.0
2023-08-24 00:00:00-04:00,9360.0,9420.0,9000.0,9180.0,4,0.0,0.0
2023-08-25 00:00:00-04:00,9560.0,9560.0,8800.0,8900.0,4,0.0,0.0
2023-08-28 00:00:00-04:00,8800.0,9200.0,8040.0,8040.0,9,0.0,0.0
2023-08-29 00:00:00-04:00,8200.0,9000.0,8100.0,8620.0,12,0.0,0.0
2023-08-30 00:00:00-04:00,8540.0,8760.0,8320.0,8760.0,3,0.0,0.0
2023-08-31 00:00:00-04:00,9000.0,9000.0,8400.0,8580.0,3,0.0,0.0
2023-09-01 00:00:00-04:00,8400.0,8960.0,7500.0,8360.0,7,0.0,0.0
2023-09-05 00:00:00-04:00,8180.0,8380.0,7600.0,7860.0,8,0.0,0.0
2023-09-06 00:00:00-04:00,7940.0,7940.0,7600.0,7660.0,4,0.0,0.0
2023-09-07 00:00:00-04:00,7700.0,8100.0,7400.0,8000.0,8,0.0,0.0
2023-09-08 00:00:00-04:00,8260.0,8640.0,8000.0,8120.0,3,0.0,0.0
2023-09-11 00:00:00-04:00,8140.0,8200.0,7400.0,7640.0,4,0.0,0.0
2023-09-12 00:00:00-04:00,7600.0,7600.0,7000.0,7100.0,7,0.0,0.0
2023-09-13 00:00:00-04:00,7200.0,7500.0,6240.0,7200.0,10,0.0,0.0
2023-09-14 00:00:00-04:00,7400.0,7780.0,7400.0,7780.0,3,0.0,0.0
2023-09-15 00:00:00-04:00,7460.0,8040.0,7420.0,7940.0,1,0.0,0.0
2023-09-18 00:00:00-04:00,7600.0,7800.0,7500.0,7600.0,3,0.0,0.0
2023-09-19 00:00:00-04:00,7700.0,7800.0,7400.0,7600.0,2,0.0,0.0
2023-09-20 00:00:00-04:00,7400.0,7800.0,7400.0,7500.0,6,0.0,0.0
2023-09-21 00:00:00-04:00,7500.0,7800.0,6400.0,6780.0,4,0.0,0.0
2023-09-22 00:00:00-04:00,7400.0,7400.0,6600.0,6760.0,3,0.0,0.0
2023-09-25 00:00:00-04:00,6640.0,7000.0,6300.0,7000.0,3,0.0,0.0
2023-09-26 00:00:00-04:00,6800.0,7100.0,6160.0,6200.0,5,0.0,0.0
2023-09-27 00:00:00-04:00,6200.0,6460.0,6200.0,6220.0,3,0.0,0.0
2023-09-28 00:00:00-04:00,6220.0,6780.0,6200.0,6400.0,2,0.0,0.0
2023-09-29 00:00:00-04:00,6200.0,6520.0,6000.0,6400.0,5,0.0,0.0
2023-10-02 00:00:00-04:00,6380.0,6780.0,6200.0,6340.0,5,0.0,0.0
2023-10-03 00:00:00-04:00,6300.0,6600.0,6000.0,6020.0,9,0.0,0.0
2023-10-04 00:00:00-04:00,6200.0,6400.0,5200.0,5200.0,6,0.0,0.0
2023-10-05 00:00:00-04:00,6200.0,6200.0,5400.0,6000.0,5,0.0,0.0
2023-10-06 00:00:00-04:00,6000.0,7360.0,5900.0,7360.0,11,0.0,0.0
2023-10-09 00:00:00-04:00,7360.0,7400.0,6600.0,6880.0,3,0.0,0.0
2023-10-10 00:00:00-04:00,6920.0,7200.0,6600.0,6900.0,3,0.0,0.0
2023-10-11 00:00:00-04:00,6620.0,7000.0,6000.0,6600.0,3,0.0,0.0
2023-10-12 00:00:00-04:00,6720.0,6740.0,6000.0,6460.0,3,0.0,0.0
2023-10-13 00:00:00-04:00,6400.0,6800.0,6000.0,6400.0,6,0.0,0.0
2023-10-16 00:00:00-04:00,6320.0,6400.0,6000.0,6200.0,3,0.0,0.0
2023-10-17 00:00:00-04:00,6200.0,6500.0,6000.0,6400.0,2,0.0,0.0
2023-10-18 00:00:00-04:00,6400.0,6600.0,5940.0,6240.0,2,0.0,0.0
2023-10-19 00:00:00-04:00,6000.0,6240.0,6000.0,6160.0,2,0.0,0.0
2023-10-20 00:00:00-04:00,6200.0,6200.0,6020.0,6020.0,1,0.0,0.0
2023-10-23 00:00:00-04:00,6200.0,6580.0,6020.0,6380.0,2,0.0,0.0
2023-10-24 00:00:00-04:00,6300.0,6600.0,6200.0,6500.0,3,0.0,0.0
2023-10-25 00:00:00-04:00,6460.0,6580.0,6200.0,6340.0,2,0.0,0.0
2023-10-26 00:00:00-04:00,6340.0,6500.0,6200.0,6200.0,3,0.0,0.0
2023-10-27 00:00:00-04:00,6200.0,6400.0,5800.0,6400.0,2,0.0,0.0
2023-10-30 00:00:00-04:00,6200.0,6300.0,5600.0,6180.0,5,0.0,0.0
2023-10-31 00:00:00-04:00,5980.0,6200.0,5980.0,5980.0,2,0.0,0.0
2023-11-01 00:00:00-04:00,6000.0,6100.0,5400.0,5400.0,7,0.0,0.0
2023-11-02 00:00:00-04:00,5880.0,5880.0,5400.0,5400.0,6,0.0,0.0
2023-11-03 00:00:00-04:00,5760.0,6200.0,5200.0,5800.0,11,0.0,0.0
2023-11-06 00:00:00-05:00,5800.0,6400.0,5500.0,5540.0,4,0.0,0.0
2023-11-07 00:00:00-05:00,5600.0,5940.0,5400.0,5400.0,4,0.0,0.0
2023-11-08 00:00:00-05:00,5340.0,5780.0,5200.0,5740.0,2,0.0,0.0
2023-11-09 00:00:00-05:00,5480.0,5780.0,5360.0,5400.0,2,0.0,0.0
2023-11-10 00:00:00-05:00,5460.0,5780.0,5360.0,5780.0,5,0.0,0.0
2023-11-13 00:00:00-05:00,5800.0,6000.0,4600.0,5080.0,19,0.0,0.0
2023-11-14 00:00:00-05:00,5060.0,5300.0,4800.0,5300.0,5,0.0,0.0
2023-11-15 00:00:00-05:00,5300.0,5600.0,5180.0,5480.0,2,0.0,0.0
2023-11-16 00:00:00-05:00,5340.0,5480.0,4640.0,5200.0,5,0.0,0.0
2023-11-17 00:00:00-05:00,5400.0,5400.0,4800.0,5300.0,4,0.0,0.0
2023-11-20 00:00:00-05:00,5300.0,5400.0,5020.0,5380.0,3,0.0,0.0
2023-11-21 00:00:00-05:00,5600.0,5760.0,4100.0,4800.0,16,0.0,0.0
2023-11-22 00:00:00-05:00,4980.0,5100.0,4600.0,5000.0,5,0.0,0.0
2023-11-24 00:00:00-05:00,5000.0,5940.0,4880.0,5600.0,63,0.0,0.0
2023-11-27 00:00:00-05:00,5840.0,6380.0,4600.0,4920.0,106,0.0,0.0
2023-11-28 00:00:00-05:00,5540.0,5600.0,5000.0,5380.0,6,0.0,0.0
2023-11-29 00:00:00-05:00,5400.0,5600.0,5200.0,5580.0,6,0.0,0.0
2023-11-30 00:00:00-05:00,5600.0,5780.0,5220.0,5780.0,6,0.0,0.0
2023-12-01 00:00:00-05:00,5800.0,5900.0,5380.0,5800.0,5,0.0,0.0
2023-12-04 00:00:00-05:00,5600.0,5800.0,4620.0,5360.0,12,0.0,0.0
2023-12-05 00:00:00-05:00,5200.0,5800.0,5100.0,5600.0,3,0.0,0.0
2023-12-06 00:00:00-05:00,5600.0,5600.0,5200.0,5220.0,4,0.0,0.0
2023-12-07 00:00:00-05:00,5020.0,5500.0,5020.0,5320.0,1,0.0,0.0
2023-12-08 00:00:00-05:00,5400.0,5720.0,5000.0,5580.0,5,0.0,0.0
2023-12-11 00:00:00-05:00,5600.0,5800.0,5220.0,5460.0,5,0.0,0.0
2023-12-12 00:00:00-05:00,5600.0,5600.0,5100.0,5200.0,3,0.0,0.0
2023-12-13 00:00:00-05:00,5200.0,5200.0,4760.0,4800.0,6,0.0,0.0
2023-12-14 00:00:00-05:00,5000.0,5000.0,4400.0,4800.0,5,0.0,0.0
2023-12-15 00:00:00-05:00,5000.0,5000.0,4620.0,4760.0,6,0.0,0.0
2023-12-18 00:00:00-05:00,4800.0,4960.0,4600.0,4960.0,5,0.0,0.0
2023-12-19 00:00:00-05:00,5200.0,5200.0,4800.0,5100.0,6,0.0,0.0
2023-12-20 00:00:00-05:00,5000.0,5200.0,4840.0,5100.0,3,0.0,0.0
2023-12-21 00:00:00-05:00,5240.0,5240.0,4800.0,5100.0,3,0.0,0.0
2023-12-22 00:00:00-05:00,5060.0,5200.0,5000.0,5040.0,4,0.0,0.0
2023-12-26 00:00:00-05:00,5200.0,5800.0,5200.0,5800.0,14,0.0,0.0
2023-12-27 00:00:00-05:00,5800.0,6080.0,5080.0,5780.0,16,0.0,0.0
2023-12-28 00:00:00-05:00,5700.0,6000.0,5400.0,5720.0,13,0.0,0.0
2023-12-29 00:00:00-05:00,5440.0,5700.0,5240.0,5440.0,9,0.0,0.0
2024-01-02 00:00:00-05:00,5820.0,5820.0,5200.0,5480.0,5,0.0,0.0
2024-01-03 00:00:00-05:00,5200.0,5800.0,5100.0,5380.0,4,0.0,0.0
2024-01-04 00:00:00-05:00,5380.0,5400.0,5100.0,5320.0,3,0.0,0.0
2024-01-05 00:00:00-05:00,5140.0,5280.0,5120.0,5280.0,3,0.0,0.0
2024-01-08 00:00:00-05:00,5560.0,5580.0,4780.0,5160.0,5,0.0,0.0
2024-01-09 00:00:00-05:00,5160.0,5200.0,4800.0,5100.0,5,0.0,0.0
2024-01-10 00:00:00-05:00,5220.0,5220.0,4820.0,4980.0,2,0.0,0.0
2024-01-11 00:00:00-05:00,5000.0,5200.0,4820.0,5020.0,2,0.0,0.0
2024-01-12 00:00:00-05:00,5400.0,5400.0,4800.0,5080.0,3,0.0,0.0
2024-01-16 00:00:00-05:00,4860.0,5360.0,4800.0,4900.0,4,0.0,0.0
2024-01-17 00:00:00-05:00,4860.0,5000.0,4800.0,4860.0,2,0.0,0.0
2024-01-18 00:00:00-05:00,5000.0,5000.0,4500.0,4600.0,3,0.0,0.0
2024-01-19 00:00:00-05:00,4720.0,4780.0,4440.0,4660.0,3,0.0,0.0
2024-01-22 00:00:00-05:00,4680.0,4800.0,4520.0,4580.0,4,0.0,0.0
2024-01-23 00:00:00-05:00,4680.0,4760.0,4580.0,4580.0,2,0.0,0.0
2024-01-24 00:00:00-05:00,4800.0,5000.0,4520.0,4800.0,12,0.0,0.0
2024-01-25 00:00:00-05:00,4980.0,5200.0,4800.0,5000.0,7,0.0,0.0
2024-01-26 00:00:00-05:00,5100.0,5140.0,4600.0,5080.0,9,0.0,0.0
2024-01-29 00:00:00-05:00,4800.0,5000.0,4660.0,4800.0,6,0.0,0.0
2024-01-30 00:00:00-05:00,4980.0,5040.0,4600.0,5000.0,4,0.0,0.0
2024-01-31 00:00:00-05:00,4780.0,5720.0,4780.0,5120.0,10,0.0,0.0
2024-02-01 00:00:00-05:00,5100.0,5400.0,4800.0,5020.0,7,0.0,0.0
2024-02-02 00:00:00-05:00,4960.0,5100.0,4120.0,4840.0,173,0.0,0.0
2024-02-05 00:00:00-05:00,5240.0,5240.0,4600.0,4600.0,6,0.0,0.0
2024-02-06 00:00:00-05:00,5100.0,5240.0,4800.0,5100.0,6,0.0,0.0
2024-02-07 00:00:00-05:00,5100.0,5160.0,4500.0,4800.0,12,0.0,0.0
2024-02-08 00:00:00-05:00,5000.0,5000.0,4600.0,4600.0,6,0.0,0.0
2024-02-09 00:00:00-05:00,4880.0,4880.0,4200.0,4300.0,20,0.0,0.0
2024-02-12 00:00:00-05:00,4040.0,4480.0,3620.0,3800.0,30,0.0,0.0
2024-02-13 00:00:00-05:00,1320.0,1400.0,1240.0,1380.0,1860,0.0,0.0
2024-02-14 00:00:00-05:00,1380.0,1380.0,1200.0,1200.0,918,0.0,0.0
2024-02-15 00:00:00-05:00,1200.0,1300.0,1200.0,1280.0,508,0.0,0.0
2024-02-16 00:00:00-05:00,1320.0,1400.0,1200.0,1220.0,374,0.0,0.0
2024-02-20 00:00:00-05:00,1220.0,1280.0,1220.0,1220.0,321,0.0,0.0
2024-02-21 00:00:00-05:00,1240.0,1260.0,1220.0,1220.0,213,0.0,0.0
2024-02-22 00:00:00-05:00,1220.0,1220.0,1200.0,1200.0,460,0.0,0.0
2024-02-23 00:00:00-05:00,1220.0,1220.0,1020.0,1060.0,348,0.0,0.0
2024-02-26 00:00:00-05:00,1120.0,1140.0,1060.0,1140.0,259,0.0,0.0
2024-02-27 00:00:00-05:00,1120.0,1160.0,1100.0,1140.0,190,0.0,0.0
2024-02-28 00:00:00-05:00,1160.0,1160.0,1100.0,1120.0,179,0.0,0.0
2024-02-29 00:00:00-05:00,1120.0,1140.0,1080.0,1100.0,89,0.0,0.0
2024-03-01 00:00:00-05:00,1140.0,1240.0,1080.0,1100.0,662,0.0,0.0
2024-03-04 00:00:00-05:00,940.0,980.0,880.0,900.0,1490,0.0,0.0
2024-03-05 00:00:00-05:00,1480.0,2860.0,1480.0,1680.0,33348,0.0,0.0
2024-03-06 00:00:00-05:00,1600.0,1600.0,1160.0,1320.0,2065,0.0,0.0
2024-03-07 00:00:00-05:00,1340.0,1340.0,1160.0,1220.0,635,0.0,0.0
2024-03-08 00:00:00-05:00,1240.0,1360.0,1160.0,1160.0,504,0.0,0.0
2024-03-11 00:00:00-04:00,1200.0,1300.0,1140.0,1160.0,433,0.0,0.0
2024-03-12 00:00:00-04:00,1240.0,1260.0,1040.0,1060.0,278,0.0,0.0
2024-03-13 00:00:00-04:00,1040.0,1080.0,960.0,1020.0,346,0.0,0.0
2024-03-14 00:00:00-04:00,1060.0,1060.0,920.0,1000.0,234,0.0,0.0
2024-03-15 00:00:00-04:00,1000.0,1200.0,1000.0,1200.0,371,0.0,0.0
2024-03-18 00:00:00-04:00,1200.0,1200.0,1060.0,1080.0,234,0.0,0.0
2024-03-19 00:00:00-04:00,1060.0,1160.0,1000.0,1100.0,189,0.0,0.0
2024-03-20 00:00:00-04:00,1140.0,1200.0,1100.0,1120.0,370,0.0,0.0
2024-03-21 00:00:00-04:00,1140.0,1280.0,1120.0,1200.0,277,0.0,0.0
2024-03-22 00:00:00-04:00,1200.0,1240.0,1160.0,1180.0,148,0.0,0.0
2024-03-25 00:00:00-04:00,1240.0,1240.0,1120.0,1160.0,120,0.0,0.0
2024-03-26 00:00:00-04:00,1180.0,1180.0,1100.0,1140.0,128,0.0,0.0
2024-03-27 00:00:00-04:00,1120.0,1160.0,1100.0,1140.0,99,0.0,0.0
2024-03-28 00:00:00-04:00,1140.0,1260.0,1140.0,1220.0,1394,0.0,0.0
2024-04-01 00:00:00-04:00,2220.0,2660.0,2000.0,2140.0,14707,0.0,0.0
2024-04-02 00:00:00-04:00,1900.0,1980.0,1560.0,1640.0,1375,0.0,0.0
2024-04-03 00:00:00-04:00,1500.0,2340.0,1500.0,2180.0,1956,0.0,0.0
2024-04-04 00:00:00-04:00,2180.0,2460.0,1800.0,1840.0,906,0.0,0.0
2024-04-05 00:00:00-04:00,2000.0,2480.0,1940.0,2040.0,1304,0.0,0.0
2024-04-08 00:00:00-04:00,2100.0,2140.0,1880.0,1940.0,405,0.0,0.0
2024-04-09 00:00:00-04:00,2000.0,2000.0,1840.0,1920.0,253,0.0,0.0
2024-04-10 00:00:00-04:00,1920.0,2000.0,1800.0,1960.0,270,0.0,0.0
2024-04-11 00:00:00-04:00,2000.0,2000.0,1620.0,1740.0,310,0.0,0.0
2024-04-12 00:00:00-04:00,1700.0,1700.0,1400.0,1600.0,827,0.0,0.0
2024-04-15 00:00:00-04:00,1520.0,1560.0,1220.0,1220.0,786,0.0,0.0
2024-04-16 00:00:00-04:00,1300.0,1660.0,980.0,1360.0,2047,0.0,0.0
2024-04-17 00:00:00-04:00,714.0,914.0,640.0,760.0,23555,0.0,0.01
2024-04-18 00:00:00-04:00,710.0,736.0,620.0,664.0,14537,0.0,0.0
2024-04-19 00:00:00-04:00,468.0,490.0,346.0,353.0,59517,0.0,0.0
2024-04-22 00:00:00-04:00,334.0,336.0,284.0,288.0,30414,0.0,0.0
2024-04-23 00:00:00-04:00,256.0,256.0,230.0,242.0,32485,0.0,0.0
2024-04-24 00:00:00-04:00,238.0,238.0,184.0,186.0,53584,0.0,0.0
2024-04-25 00:00:00-04:00,176.39999389648438,178.0,150.0,161.39999389648438,71906,0.0,0.0
2024-04-26 00:00:00-04:00,154.39999389648438,238.0,150.60000610351562,190.0,161908,0.0,0.0
2024-04-29 00:00:00-04:00,188.0,188.0,164.8000030517578,171.60000610351562,25673,0.0,0.0
2024-04-30 00:00:00-04:00,168.0,206.0,164.0,175.0,37177,0.0,0.0
2024-05-01 00:00:00-04:00,175.0,186.8000030517578,170.0,172.0,12028,0.0,0.0
2024-05-02 00:00:00-04:00,173.1999969482422,175.1999969482422,160.0,167.60000610351562,14878,0.0,0.0
2024-05-03 00:00:00-04:00,184.60000610351562,184.60000610351562,162.0,168.0,24972,0.0,0.0
2024-05-06 00:00:00-04:00,182.1999969482422,198.60000610351562,176.1999969482422,198.0,76530,0.0,0.0
2024-05-07 00:00:00-04:00,188.39999389648438,214.0,175.60000610351562,204.0,32761,0.0,0.0
2024-05-08 00:00:00-04:00,198.8000030517578,216.0,186.0,198.0,16309,0.0,0.0
2024-05-09 00:00:00-04:00,186.0,189.1999969482422,182.0,182.60000610351562,9775,0.0,0.0
2024-05-10 00:00:00-04:00,180.0,189.0,170.60000610351562,178.60000610351562,8446,0.0,0.0
2024-05-13 00:00:00-04:00,180.60000610351562,184.0,172.0,174.1999969482422,8233,0.0,0.0
2024-05-14 00:00:00-04:00,181.39999389648438,232.0,168.0,180.0,56626,0.0,0.0
2024-05-15 00:00:00-04:00,178.60000610351562,195.39999389648438,174.0,178.39999389648438,12995,0.0,0.0
2024-05-16 00:00:00-04:00,180.0,183.0,166.0,178.0,13974,0.0,0.0
2024-05-17 00:00:00-04:00,184.0,200.0,176.0,186.0,20186,0.0,0.0
2024-05-20 00:00:00-04:00,198.60000610351562,210.0,186.0,196.0,20194,0.0,0.0
2024-05-21 00:00:00-04:00,182.0,187.8000030517578,158.0,161.1999969482422,29354,0.0,0.0
2024-05-22 00:00:00-04:00,163.0,168.0,151.8000030517578,160.39999389648438,12922,0.0,0.0
2024-05-23 00:00:00-04:00,159.60000610351562,159.60000610351562,146.8000030517578,148.39999389648438,10888,0.0,0.0
2024-05-24 00:00:00-04:00,149.0,152.0,146.0,151.0,4539,0.0,0.0
2024-05-28 00:00:00-04:00,151.8000030517578,151.8000030517578,137.0,139.0,9797,0.0,0.0
2024-05-29 00:00:00-04:00,136.0,138.0,125.19999694824219,126.80000305175781,10484,0.0,0.0
2024-05-30 00:00:00-04:00,125.19999694824219,140.0,124.0,131.1999969482422,11531,0.0,0.0
2024-05-31 00:00:00-04:00,133.0,134.0,118.0,125.4000015258789,4771,0.0,0.0
2024-06-03 00:00:00-04:00,126.19999694824219,128.0,116.0,117.80000305175781,5868,0.0,0.0
2024-06-04 00:00:00-04:00,118.19999694824219,120.80000305175781,100.0,105.0,13706,0.0,0.0
2024-06-05 00:00:00-04:00,105.0,106.0,96.4000015258789,102.5999984741211,10320,0.0,0.0
2024-06-06 00:00:00-04:00,105.80000305175781,110.0,102.19999694824219,106.0,8987,0.0,0.0
2024-06-07 00:00:00-04:00,106.0,114.0,100.0,111.5999984741211,22703,0.0,0.0
2024-06-10 00:00:00-04:00,78.0,87.0,70.0,75.5999984741211,25874,0.0,0.0
2024-06-11 00:00:00-04:00,73.0,74.0,66.19999694824219,67.5999984741211,11855,0.0,0.0
2024-06-12 00:00:00-04:00,66.80000305175781,66.80000305175781,56.20000076293945,57.0,18994,0.0,0.0
2024-06-13 00:00:00-04:00,56.79999923706055,82.0,56.400001525878906,78.5999984741211,117292,0.0,0.0
2024-06-14 00:00:00-04:00,71.4000015258789,75.0,62.400001525878906,66.0,18542,0.0,0.0
2024-06-17 00:00:00-04:00,66.0,66.0,56.400001525878906,60.599998474121094,8767,0.0,0.0
2024-06-18 00:00:00-04:00,58.79999923706055,82.0,57.0,78.19999694824219,43020,0.0,0.0
2024-06-20 00:00:00-04:00,69.80000305175781,73.5999984741211,64.5999984741211,69.0,8913,0.0,0.0
2024-06-21 00:00:00-04:00,68.0,70.5999984741211,62.20000076293945,64.0,5195,0.0,0.0
2024-06-24 00:00:00-04:00,64.19999694824219,70.0,62.599998474121094,70.0,7303,0.0,0.0
2024-06-25 00:00:00-04:00,73.80000305175781,93.5999984741211,71.19999694824219,88.5999984741211,31982,0.0,0.0
2024-06-26 00:00:00-04:00,84.0,87.80000305175781,78.0,87.19999694824219,6449,0.0,0.0
2024-06-27 00:00:00-04:00,87.19999694824219,93.0,84.0,88.0,7246,0.0,0.0
2024-06-28 00:00:00-04:00,88.0,92.0,78.4000015258789,83.5999984741211,7754,0.0,0.0
2024-07-01 00:00:00-04:00,84.0,87.80000305175781,80.0,80.5999984741211,4225,0.0,0.0
2024-07-02 00:00:00-04:00,78.0,80.19999694824219,62.400001525878906,64.0,12733,0.0,0.0
2024-07-03 00:00:00-04:00,62.0,66.0,61.0,63.599998474121094,19768,0.0,0.0
2024-07-05 00:00:00-04:00,64.0,73.0,62.0,68.5999984741211,8143,0.0,0.0
2024-07-08 00:00:00-04:00,70.80000305175781,71.80000305175781,66.80000305175781,69.80000305175781,4479,0.0,0.0
2024-07-09 00:00:00-04:00,72.0,76.0,70.19999694824219,72.19999694824219,4041,0.0,0.0
2024-07-10 00:00:00-04:00,71.80000305175781,71.80000305175781,57.400001525878906,68.80000305175781,4134,0.0,0.0
2024-07-11 00:00:00-04:00,69.4000015258789,71.0,66.0,68.19999694824219,3429,0.0,0.0
2024-07-12 00:00:00-04:00,69.5999984741211,70.0,65.5999984741211,66.19999694824219,3820,0.0,0.0
2024-07-15 00:00:00-04:00,68.0,69.0,66.4000015258789,67.5999984741211,3157,0.0,0.0
2024-07-16 00:00:00-04:00,66.0,69.80000305175781,63.400001525878906,66.5999984741211,3830,0.0,0.0
2024-07-17 00:00:00-04:00,66.5999984741211,66.5999984741211,62.400001525878906,64.19999694824219,3378,0.0,0.0
2024-07-18 00:00:00-04:00,64.19999694824219,65.0,59.0,60.400001525878906,4115,0.0,0.0
2024-07-19 00:00:00-04:00,62.79999923706055,62.79999923706055,58.400001525878906,58.79999923706055,2457,0.0,0.0
2024-07-22 00:00:00-04:00,63.0,63.0,59.400001525878906,61.599998474121094,2940,0.0,0.0
2024-07-23 00:00:00-04:00,61.79999923706055,70.0,60.20000076293945,66.0,8908,0.0,0.0
2024-07-24 00:00:00-04:00,63.400001525878906,66.0,60.20000076293945,60.400001525878906,3179,0.0,0.0
2024-07-25 00:00:00-04:00,61.599998474121094,62.0,56.79999923706055,60.599998474121094,5036,0.0,0.0
2024-07-26 00:00:00-04:00,60.20000076293945,61.599998474121094,58.0,60.0,2160,0.0,0.0
2024-07-29 00:00:00-04:00,61.0,61.79999923706055,58.599998474121094,58.79999923706055,2301,0.0,0.0
2024-07-30 00:00:00-04:00,60.0,60.0,56.20000076293945,57.20000076293945,3015,0.0,0.0
2024-07-31 00:00:00-04:00,57.0,58.400001525878906,53.20000076293945,53.79999923706055,6503,0.0,0.0
2024-08-01 00:00:00-04:00,54.20000076293945,55.79999923706055,49.79999923706055,50.79999923706055,5115,0.0,0.0
2024-08-02 00:00:00-04:00,51.0,51.0,46.400001525878906,46.79999923706055,3955,0.0,0.0
2024-08-05 00:00:00-04:00,44.0,50.400001525878906,42.0,47.599998474121094,4900,0.0,0.0
2024-08-06 00:00:00-04:00,47.0,54.0,36.79999923706055,36.79999923706055,21155,0.0,0.0
2024-08-07 00:00:00-04:00,38.0,38.0,30.600000381469727,30.600000381469727,15137,0.0,0.0
2024-08-08 00:00:00-04:00,28.100000381469727,30.5,24.200000762939453,29.709999084472656,42370,0.0,0.05
2024-08-09 00:00:00-04:00,29.200000762939453,34.900001525878906,25.799999237060547,27.700000762939453,20890,0.0,0.0
2024-08-12 00:00:00-04:00,27.200000762939453,30.309999465942383,26.799999237060547,28.799999237060547,27470,0.0,0.0
2024-08-13 00:00:00-04:00,28.299999237060547,28.899999618530273,27.600000381469727,28.399999618530273,11540,0.0,0.0
2024-08-14 00:00:00-04:00,28.0,32.0,27.899999618530273,31.100000381469727,31010,0.0,0.0
2024-08-15 00:00:00-04:00,31.600000381469727,34.29999923706055,31.100000381469727,32.29999923706055,32870,0.0,0.0
2024-08-16 00:00:00-04:00,31.299999237060547,31.600000381469727,28.600000381469727,29.200000762939453,12910,0.0,0.0
2024-08-19 00:00:00-04:00,30.799999237060547,31.600000381469727,29.299999237060547,30.899999618530273,17290,0.0,0.0
2024-08-20 00:00:00-04:00,30.299999237060547,32.709999084472656,29.75,29.799999237060547,12320,0.0,0.0
2024-08-21 00:00:00-04:00,30.100000381469727,30.899999618530273,29.0,30.200000762939453,7200,0.0,0.0
2024-08-22 00:00:00-04:00,29.899999618530273,30.600000381469727,28.43000030517578,28.799999237060547,15750,0.0,0.0
2024-08-23 00:00:00-04:00,28.899999618530273,31.299999237060547,28.600000381469727,30.5,14370,0.0,0.0
2024-08-26 00:00:00-04:00,29.700000762939453,31.5,28.600000381469727,29.299999237060547,11660,0.0,0.0
2024-08-27 00:00:00-04:00,29.299999237060547,30.600000381469727,28.799999237060547,30.100000381469727,15680,0.0,0.0
2024-08-28 00:00:00-04:00,29.899999618530273,30.200000762939453,27.899999618530273,28.200000762939453,7870,0.0,0.0
2024-08-29 00:00:00-04:00,28.100000381469727,28.780000686645508,27.100000381469727,28.0,6120,0.0,0.0
2024-08-30 00:00:00-04:00,28.0,28.399999618530273,27.5,28.399999618530273,4720,0.0,0.0
2024-09-03 00:00:00-04:00,28.100000381469727,29.0,27.600000381469727,28.299999237060547,5170,0.0,0.0
2024-09-04 00:00:00-04:00,28.5,29.68000030517578,27.5,28.899999618530273,12480,0.0,0.0
2024-09-05 00:00:00-04:00,29.100000381469727,30.0,28.110000610351562,29.0,5100,0.0,0.0
2024-09-06 00:00:00-04:00,28.600000381469727,29.299999237060547,28.0,28.399999618530273,5460,0.0,0.0
2024-09-09 00:00:00-04:00,29.299999237060547,29.5,28.100000381469727,28.700000762939453,1850,0.0,0.0
2024-09-10 00:00:00-04:00,29.100000381469727,29.100000381469727,27.700000762939453,28.399999618530273,3560,0.0,0.0
2024-09-11 00:00:00-04:00,28.399999618530273,29.100000381469727,27.5,28.100000381469727,7230,0.0,0.0
2024-09-12 00:00:00-04:00,28.200000762939453,29.0,27.899999618530273,28.0,4410,0.0,0.0
2024-09-13 00:00:00-04:00,28.299999237060547,28.850000381469727,28.0,28.0,2730,0.0,0.0
2024-09-16 00:00:00-04:00,28.0,28.8700008392334,28.0,28.200000762939453,3700,0.0,0.0
2024-09-17 00:00:00-04:00,28.299999237060547,28.950000762939453,27.899999618530273,28.299999237060547,4430,0.0,0.0
2024-09-18 00:00:00-04:00,28.799999237060547,32.0,28.399999618530273,29.899999618530273,52610,0.0,0.0
2024-09-19 00:00:00-04:00,32.79999923706055,34.400001525878906,30.100000381469727,33.0,277310,0.0,0.0
2024-09-20 00:00:00-04:00,32.79999923706055,37.5,30.700000762939453,31.600000381469727,69220,0.0,0.0
2024-09-23 00:00:00-04:00,31.600000381469727,35.0,30.5,33.400001525878906,39700,0.0,0.0
2024-09-24 00:00:00-04:00,33.400001525878906,33.5,30.0,30.299999237060547,38410,0.0,0.0
2024-09-25 00:00:00-04:00,30.700000762939453,30.899999618530273,28.200000762939453,28.700000762939453,23680,0.0,0.0
2024-09-26 00:00:00-04:00,30.0,31.399999618530273,28.700000762939453,30.700000762939453,19870,0.0,0.0
2024-09-27 00:00:00-04:00,31.5,32.20000076293945,30.729999542236328,32.0,7320,0.0,0.0
2024-09-30 00:00:00-04:00,32.0,32.20000076293945,31.110000610351562,31.799999237060547,7200,0.0,0.0
2024-10-01 00:00:00-04:00,31.200000762939453,31.5,30.200000762939453,30.799999237060547,8240,0.0,0.0
2024-10-02 00:00:00-04:00,30.5,30.6200008392334,28.299999237060547,29.299999237060547,17090,0.0,0.0
2024-10-03 00:00:00-04:00,29.200000762939453,30.5,29.100000381469727,29.75,4620,0.0,0.0
2024-10-04 00:00:00-04:00,29.399999618530273,31.899999618530273,29.399999618530273,31.700000762939453,13530,0.0,0.0
2024-10-07 00:00:00-04:00,31.899999618530273,31.899999618530273,29.5,30.200000762939453,9550,0.0,0.0
2024-10-08 00:00:00-04:00,30.899999618530273,30.899999618530273,29.229999542236328,29.399999618530273,6220,0.0,0.0
2024-10-09 00:00:00-04:00,29.5,30.1299991607666,29.5,30.0,3550,0.0,0.0
2024-10-10 00:00:00-04:00,30.100000381469727,30.649999618530273,29.799999237060547,30.600000381469727,2680,0.0,0.0
2024-10-11 00:00:00-04:00,30.299999237060547,31.200000762939453,29.200000762939453,29.700000762939453,7060,0.0,0.0
2024-10-14 00:00:00-04:00,29.799999237060547,30.700000762939453,29.200000762939453,30.100000381469727,9190,0.0,0.0
2024-10-15 00:00:00-04:00,29.700000762939453,29.799999237060547,28.5,29.5,7890,0.0,0.0
2024-10-16 00:00:00-04:00,30.100000381469727,30.5,29.299999237060547,29.799999237060547,9520,0.0,0.0
2024-10-17 00:00:00-04:00,30.100000381469727,30.270000457763672,29.399999618530273,30.0,4670,0.0,0.0
2024-10-18 00:00:00-04:00,29.5,30.100000381469727,29.5,30.100000381469727,2960,0.0,0.0
2024-10-21 00:00:00-04:00,29.700000762939453,31.0,29.700000762939453,30.600000381469727,5970,0.0,0.0
2024-10-22 00:00:00-04:00,30.399999618530273,31.899999618530273,30.0,31.399999618530273,18870,0.0,0.0
2024-10-23 00:00:00-04:00,31.399999618530273,31.399999618530273,29.829999923706055,30.399999618530273,9630,0.0,0.0
2024-10-24 00:00:00-04:00,30.299999237060547,30.799999237060547,29.700000762939453,30.100000381469727,5640,0.0,0.0
2024-10-25 00:00:00-04:00,30.200000762939453,30.899999618530273,29.799999237060547,30.200000762939453,10310,0.0,0.0
2024-10-28 00:00:00-04:00,30.299999237060547,30.899999618530273,29.0,29.5,18770,0.0,0.0
2024-10-29 00:00:00-04:00,29.100000381469727,29.5,28.600000381469727,28.899999618530273,9390,0.0,0.0
2024-10-30 00:00:00-04:00,30.0,30.0,28.200000762939453,28.5,13240,0.0,0.0
2024-10-31 00:00:00-04:00,29.0,29.0,27.700000762939453,28.200000762939453,11430,0.0,0.0
2024-11-01 00:00:00-04:00,28.0,29.5,28.0,28.399999618530273,5270,0.0,0.0
2024-11-04 00:00:00-05:00,28.100000381469727,29.100000381469727,28.0,28.899999618530273,5750,0.0,0.0
2024-11-05 00:00:00-05:00,29.299999237060547,29.299999237060547,28.100000381469727,28.600000381469727,64410,0.0,0.0
2024-11-06 00:00:00-05:00,27.600000381469727,28.299999237060547,26.0,26.799999237060547,27930,0.0,0.0
2024-11-07 00:00:00-05:00,26.5,28.59000015258789,25.799999237060547,27.200000762939453,19860,0.0,0.0
2024-11-08 00:00:00-05:00,27.399999618530273,27.899999618530273,26.5,26.899999618530273,7600,0.0,0.0
2024-11-11 00:00:00-05:00,26.700000762939453,27.299999237060547,25.899999618530273,26.100000381469727,12900,0.0,0.0
2024-11-12 00:00:00-05:00,26.200000762939453,27.299999237060547,25.899999618530273,26.299999237060547,10400,0.0,0.0
2024-11-13 00:00:00-05:00,26.5,27.100000381469727,25.5,25.600000381469727,10060,0.0,0.0
2024-11-14 00:00:00-05:00,25.5,25.899999618530273,25.200000762939453,25.700000762939453,4250,0.0,0.0
2024-11-15 00:00:00-05:00,25.600000381469727,26.600000381469727,22.5,23.450000762939453,31110,0.0,0.0
2024-11-18 00:00:00-05:00,23.399999618530273,23.799999237060547,22.700000762939453,22.899999618530273,6120,0.0,0.0
2024-11-19 00:00:00-05:00,22.899999618530273,23.200000762939453,22.0,22.799999237060547,6460,0.0,0.0
2024-11-20 00:00:00-05:00,22.899999618530273,23.360000610351562,21.799999237060547,21.799999237060547,5270,0.0,0.0
2024-11-21 00:00:00-05:00,21.799999237060547,22.0,21.059999465942383,21.200000762939453,4990,0.0,0.0
2024-11-22 00:00:00-05:00,23.200000762939453,30.389999389648438,21.799999237060547,23.600000381469727,2696390,0.0,0.0
2024-11-25 00:00:00-05:00,23.0,25.600000381469727,22.0,24.399999618530273,75360,0.0,0.0
2024-11-26 00:00:00-05:00,23.799999237060547,31.0,23.799999237060547,30.399999618530273,155850,0.0,0.0
2024-11-27 00:00:00-05:00,31.799999237060547,33.150001525878906,27.0,27.299999237060547,55230,0.0,0.0
2024-11-29 00:00:00-05:00,27.700000762939453,29.100000381469727,27.100000381469727,28.600000381469727,14340,0.0,0.0
2024-12-02 00:00:00-05:00,29.299999237060547,31.5,27.200000762939453,31.0,52750,0.0,0.0
2024-12-03 00:00:00-05:00,31.700000762939453,31.700000762939453,27.899999618530273,27.899999618530273,21410,0.0,0.0
2024-12-04 00:00:00-05:00,28.299999237060547,30.600000381469727,28.200000762939453,29.700000762939453,221150,0.0,0.0
2024-12-05 00:00:00-05:00,33.5,34.79999923706055,30.100000381469727,32.29999923706055,206200,0.0,0.0
2024-12-06 00:00:00-05:00,31.399999618530273,34.400001525878906,31.200000762939453,33.400001525878906,49260,0.0,0.0
2024-12-09 00:00:00-05:00,34.29999923706055,34.400001525878906,28.899999618530273,29.799999237060547,52610,0.0,0.0
2024-12-10 00:00:00-05:00,29.0,29.600000381469727,28.100000381469727,28.899999618530273,15440,0.0,0.0
2024-12-11 00:00:00-05:00,28.5,29.5,26.5,28.899999618530273,20890,0.0,0.0
2024-12-12 00:00:00-05:00,28.299999237060547,29.18000030517578,27.0,27.100000381469727,10750,0.0,0.0
2024-12-13 00:00:00-05:00,27.0,27.579999923706055,26.200000762939453,27.5,7080,0.0,0.0
2024-12-16 00:00:00-05:00,26.899999618530273,28.06999969482422,26.100000381469727,27.200000762939453,8640,0.0,0.0
2024-12-17 00:00:00-05:00,26.5,28.239999771118164,25.100000381469727,27.399999618530273,20480,0.0,0.0
2024-12-18 00:00:00-05:00,27.0,28.389999389648438,26.5,27.5,20560,0.0,0.0
2024-12-19 00:00:00-05:00,28.299999237060547,29.0,26.540000915527344,28.0,12010,0.0,0.0
2024-12-20 00:00:00-05:00,27.5,29.0,27.0,27.799999237060547,11480,0.0,0.0
2024-12-23 00:00:00-05:00,27.100000381469727,30.5,27.0,30.0,17210,0.0,0.0
2024-12-24 00:00:00-05:00,29.799999237060547,32.599998474121094,29.299999237060547,32.400001525878906,16260,0.0,0.0
2024-12-26 00:00:00-05:00,31.299999237060547,32.290000915527344,29.600000381469727,30.700000762939453,8600,0.0,0.0
2024-12-27 00:00:00-05:00,31.299999237060547,31.299999237060547,30.100000381469727,30.600000381469727,5770,0.0,0.0
2024-12-30 00:00:00-05:00,30.299999237060547,30.299999237060547,28.0,28.100000381469727,14780,0.0,0.0
2024-12-31 00:00:00-05:00,29.5,30.899999618530273,27.899999618530273,30.0,14470,0.0,0.0
2025-01-02 00:00:00-05:00,30.100000381469727,32.29999923706055,29.610000610351562,31.299999237060547,14760,0.0,0.0
2025-01-03 00:00:00-05:00,31.299999237060547,35.900001525878906,30.200000762939453,34.599998474121094,49810,0.0,0.0
2025-01-06 00:00:00-05:00,34.599998474121094,34.70000076293945,29.5,29.600000381469727,37700,0.0,0.0
2025-01-07 00:00:00-05:00,29.799999237060547,33.400001525878906,29.5,31.399999618530273,19330,0.0,0.0
2025-01-08 00:00:00-05:00,31.399999618530273,31.399999618530273,29.5,29.700000762939453,12560,0.0,0.0
2025-01-10 00:00:00-05:00,29.299999237060547,31.0,28.5,29.299999237060547,10040,0.0,0.0
2025-01-13 00:00:00-05:00,29.0,30.0,28.399999618530273,28.899999618530273,8480,0.0,0.0
2025-01-14 00:00:00-05:00,29.0,29.34000015258789,27.600000381469727,28.200000762939453,7570,0.0,0.0
2025-01-15 00:00:00-05:00,29.0,29.399999618530273,27.600000381469727,29.0,10320,0.0,0.0
2025-01-16 00:00:00-05:00,28.299999237060547,28.799999237060547,27.600000381469727,28.299999237060547,7820,0.0,0.0
2025-01-17 00:00:00-05:00,28.299999237060547,29.09000015258789,28.049999237060547,28.989999771118164,3560,0.0,0.0
2025-01-21 00:00:00-05:00,28.899999618530273,29.68000030517578,28.299999237060547,29.100000381469727,4220,0.0,0.0
2025-01-22 00:00:00-05:00,29.200000762939453,29.899999618530273,28.200000762939453,28.899999618530273,10180,0.0,0.0
2025-01-23 00:00:00-05:00,28.5,29.0,28.100000381469727,28.799999237060547,3830,0.0,0.0
2025-01-24 00:00:00-05:00,28.799999237060547,29.399999618530273,28.200000762939453,28.700000762939453,2900,0.0,0.0
2025-01-27 00:00:00-05:00,28.0,28.959999084472656,28.0,28.200000762939453,5740,0.0,0.0
2025-01-28 00:00:00-05:00,28.0,28.899999618530273,28.0,28.600000381469727,3870,0.0,0.0
2025-01-29 00:00:00-05:00,28.600000381469727,28.799999237060547,28.0,28.799999237060547,2160,0.0,0.0
2025-01-30 00:00:00-05:00,29.100000381469727,29.100000381469727,27.600000381469727,27.700000762939453,4200,0.0,0.0
2025-01-31 00:00:00-05:00,27.700000762939453,29.0,27.700000762939453,28.540000915527344,5140,0.0,0.0
2025-02-03 00:00:00-05:00,27.799999237060547,28.5,25.0,26.5,10740,0.0,0.0
2025-02-04 00:00:00-05:00,27.200000762939453,27.670000076293945,26.850000381469727,27.0,880,0.0,0.0
2025-02-05 00:00:00-05:00,26.100000381469727,28.200000762939453,26.100000381469727,26.700000762939453,6620,0.0,0.0
2025-02-06 00:00:00-05:00,26.399999618530273,27.799999237060547,26.200000762939453,26.200000762939453,8040,0.0,0.0
2025-02-07 00:00:00-05:00,26.200000762939453,26.399999618530273,25.0,25.0,4840,0.0,0.0
2025-02-10 00:00:00-05:00,25.600000381469727,26.299999237060547,24.5,24.799999237060547,7070,0.0,0.0
2025-02-11 00:00:00-05:00,25.0,25.0,23.799999237060547,24.5,3390,0.0,0.0
2025-02-12 00:00:00-05:00,24.899999618530273,25.100000381469727,24.0,24.700000762939453,4360,0.0,0.0
2025-02-13 00:00:00-05:00,24.799999237060547,25.299999237060547,24.350000381469727,24.899999618530273,4320,0.0,0.0
2025-02-14 00:00:00-05:00,24.700000762939453,25.559999465942383,24.600000381469727,25.100000381469727,6030,0.0,0.0
2025-02-18 00:00:00-05:00,25.799999237060547,25.829999923706055,23.899999618530273,24.799999237060547,11450,0.0,0.0
2025-02-19 00:00:00-05:00,25.200000762939453,25.700000762939453,24.100000381469727,25.700000762939453,5740,0.0,0.0
2025-02-20 00:00:00-05:00,25.299999237060547,25.700000762939453,24.299999237060547,24.700000762939453,4200,0.0,0.0
2025-02-21 00:00:00-05:00,24.600000381469727,25.100000381469727,24.25,24.5,3070,0.0,0.0
2025-02-24 00:00:00-05:00,24.5,24.75,23.5,24.0,4360,0.0,0.0
2025-02-25 00:00:00-05:00,23.600000381469727,24.0,22.5,23.399999618530273,6800,0.0,0.0
2025-02-26 00:00:00-05:00,23.299999237060547,23.899999618530273,22.899999618530273,23.0,3350,0.0,0.0
2025-02-27 00:00:00-05:00,23.0,23.299999237060547,22.200000762939453,22.600000381469727,5070,0.0,0.0
2025-02-28 00:00:00-05:00,22.5,23.209999084472656,21.600000381469727,22.899999618530273,6610,0.0,0.0
2025-03-03 00:00:00-05:00,22.899999618530273,23.600000381469727,22.440000534057617,23.100000381469727,2290,0.0,0.0
2025-03-04 00:00:00-05:00,22.899999618530273,22.899999618530273,20.219999313354492,21.389999389648438,6280,0.0,0.0
2025-03-05 00:00:00-05:00,21.799999237060547,23.700000762939453,21.780000686645508,23.700000762939453,2970,0.0,0.0
2025-03-06 00:00:00-05:00,23.600000381469727,24.0,22.219999313354492,23.399999618530273,2040,0.0,0.0
2025-03-07 00:00:00-05:00,23.100000381469727,24.8700008392334,23.100000381469727,23.899999618530273,3830,0.0,0.0
2025-03-10 00:00:00-04:00,23.299999237060547,24.6200008392334,22.700000762939453,22.700000762939453,3540,0.0,0.0
2025-03-11 00:00:00-04:00,23.0,24.030000686645508,20.5,21.5,4210,0.0,0.0
2025-03-12 00:00:00-04:00,21.5,21.729999542236328,20.399999618530273,21.100000381469727,2070,0.0,0.0
2025-03-13 00:00:00-04:00,21.5,21.549999237060547,19.0,19.100000381469727,7820,0.0,0.0
2025-03-14 00:00:00-04:00,19.5,20.059999465942383,19.299999237060547,19.299999237060547,2210,0.0,0.0
2025-03-17 00:00:00-04:00,19.5,20.700000762939453,19.5,20.600000381469727,1720,0.0,0.0
2025-03-18 00:00:00-04:00,20.700000762939453,21.299999237060547,20.18000030517578,21.0,2000,0.0,0.0
2025-03-19 00:00:00-04:00,21.0,21.899999618530273,20.700000762939453,21.399999618530273,2090,0.0,0.0
2025-03-20 00:00:00-04:00,21.899999618530273,22.40999984741211,21.510000228881836,22.299999237060547,690,0.0,0.0
2025-03-21 00:00:00-04:00,22.3799991607666,23.200000762939453,21.809999465942383,22.799999237060547,3560,0.0,0.0
2025-03-24 00:00:00-04:00,24.0,24.0,21.0,21.200000762939453,6990,0.0,0.0
2025-03-25 00:00:00-04:00,21.700000762939453,22.5,21.100000381469727,21.299999237060547,1860,0.0,0.0
2025-03-26 00:00:00-04:00,21.200000762939453,22.0,21.0,21.299999237060547,3060,0.0,0.0
2025-03-27 00:00:00-04:00,21.700000762939453,22.1200008392334,20.799999237060547,21.0,1710,0.0,0.0
2025-03-28 00:00:00-04:00,22.0,22.0,19.899999618530273,20.0,2230,0.0,0.0
2025-03-31 00:00:00-04:00,20.5,20.59000015258789,19.100000381469727,19.100000381469727,1600,0.0,0.0
2025-04-01 00:00:00-04:00,19.600000381469727,21.0,19.600000381469727,20.799999237060547,135360,0.0,0.0
2025-04-02 00:00:00-04:00,32.900001525878906,39.0,20.200000762939453,22.5,6796250,0.0,0.0
2025-04-03 00:00:00-04:00,20.100000381469727,21.0,17.459999084472656,18.399999618530273,140880,0.0,0.0
2025-04-04 00:00:00-04:00,18.5,18.899999618530273,15.0,15.699999809265137,68210,0.0,0.0
2025-04-07 00:00:00-04:00,14.0,15.0,12.489999771118164,14.899999618530273,37650,0.0,0.0
2025-04-08 00:00:00-04:00,14.100000381469727,16.5,14.100000381469727,14.300000190734863,27470,0.0,0.0
2025-04-09 00:00:00-04:00,13.600000381469727,15.899999618530273,13.600000381469727,14.800000190734863,23660,0.0,0.0
2025-04-10 00:00:00-04:00,14.800000190734863,14.800000190734863,13.699999809265137,13.800000190734863,12690,0.0,0.0
2025-04-11 00:00:00-04:00,14.199999809265137,14.199999809265137,12.899999618530273,13.600000381469727,16380,0.0,0.0
2025-04-14 00:00:00-04:00,13.0,13.800000190734863,12.699999809265137,13.100000381469727,13980,0.0,0.0
2025-04-15 00:00:00-04:00,12.899999618530273,13.229999542236328,12.600000381469727,12.800000190734863,11680,0.0,0.0
2025-04-16 00:00:00-04:00,12.800000190734863,13.199999809265137,11.899999618530273,12.199999809265137,11760,0.0,0.0
2025-04-17 00:00:00-04:00,12.100000381469727,12.670000076293945,11.6899995803833,12.5,12140,0.0,0.0
2025-04-21 00:00:00-04:00,15.0,15.899999618530273,12.100000381469727,12.899999618530273,1171540,0.0,0.0
2025-04-22 00:00:00-04:00,12.300000190734863,14.800000190734863,12.300000190734863,13.5,88750,0.0,0.0
2025-04-23 00:00:00-04:00,14.800000190734863,16.0,14.100000381469727,14.699999809265137,65760,0.0,0.0
2025-04-24 00:00:00-04:00,16.0,16.0,14.600000381469727,15.5,27060,0.0,0.0
2025-04-25 00:00:00-04:00,15.100000381469727,15.699999809265137,14.5,15.100000381469727,16680,0.0,0.0
2025-04-28 00:00:00-04:00,14.800000190734863,15.100000381469727,13.699999809265137,14.399999618530273,24120,0.0,0.0
2025-04-29 00:00:00-04:00,14.100000381469727,14.4399995803833,13.600000381469727,13.899999618530273,10930,0.0,0.0
2025-04-30 00:00:00-04:00,13.899999618530273,14.0,13.050000190734863,13.5,11100,0.0,0.0
2025-05-01 00:00:00-04:00,13.399999618530273,14.399999618530273,13.399999618530273,14.100000381469727,7760,0.0,0.0
2025-05-02 00:00:00-04:00,14.100000381469727,14.5,13.199999809265137,13.699999809265137,18500,0.0,0.0
2025-05-05 00:00:00-04:00,13.399999618530273,13.850000381469727,12.399999618530273,12.699999809265137,14340,0.0,0.0
2025-05-06 00:00:00-04:00,13.300000190734863,13.300000190734863,12.699999809265137,13.100000381469727,16330,0.0,0.0
2025-05-07 00:00:00-04:00,13.100000381469727,13.100000381469727,12.399999618530273,12.699999809265137,9440,0.0,0.0
2025-05-08 00:00:00-04:00,12.699999809265137,13.100000381469727,12.100000381469727,12.300000190734863,20910,0.0,0.0
2025-05-09 00:00:00-04:00,12.100000381469727,12.800000190734863,12.100000381469727,12.5,10020,0.0,0.0
2025-05-12 00:00:00-04:00,12.800000190734863,13.600000381469727,12.800000190734863,13.5,14330,0.0,0.0
2025-05-13 00:00:00-04:00,13.199999809265137,13.720000267028809,13.199999809265137,13.600000381469727,8870,0.0,0.0
2025-05-14 00:00:00-04:00,13.800000190734863,14.100000381469727,13.100000381469727,13.899999618530273,13660,0.0,0.0
2025-05-15 00:00:00-04:00,13.899999618530273,13.899999618530273,13.100000381469727,13.199999809265137,11740,0.0,0.0
2025-05-16 00:00:00-04:00,13.199999809265137,15.399999618530273,13.199999809265137,15.0,37150,0.0,0.0
2025-05-19 00:00:00-04:00,14.5,14.960000038146973,14.199999809265137,14.899999618530273,9220,0.0,0.0
2025-05-20 00:00:00-04:00,14.600000381469727,15.0,14.5,14.949999809265137,8850,0.0,0.0
2025-05-21 00:00:00-04:00,14.800000190734863,14.899999618530273,13.899999618530273,14.199999809265137,10770,0.0,0.0
2025-05-22 00:00:00-04:00,14.100000381469727,14.149999618530273,13.699999809265137,14.0,7890,0.0,0.0
2025-05-23 00:00:00-04:00,13.699999809265137,14.399999618530273,13.699999809265137,14.399999618530273,6190,0.0,0.0
2025-05-27 00:00:00-04:00,14.800000190734863,14.800000190734863,14.0,14.300000190734863,6500,0.0,0.0
2025-05-28 00:00:00-04:00,14.100000381469727,14.699999809265137,13.930000305175781,14.399999618530273,4620,0.0,0.0
2025-05-29 00:00:00-04:00,14.5,14.680000305175781,14.25,14.399999618530273,4260,0.0,0.0
2025-05-30 00:00:00-04:00,14.199999809265137,14.399999618530273,13.739999771118164,14.300000190734863,4440,0.0,0.0
2025-06-02 00:00:00-04:00,14.100000381469727,15.0,13.800000190734863,14.199999809265137,16690,0.0,0.0
2025-06-03 00:00:00-04:00,14.600000381469727,15.5,14.300000190734863,15.5,13290,0.0,0.0
2025-06-04 00:00:00-04:00,15.399999618530273,15.600000381469727,14.949999809265137,15.100000381469727,10190,0.0,0.0
2025-06-05 00:00:00-04:00,14.600000381469727,15.5,14.600000381469727,14.800000190734863,5470,0.0,0.0
2025-06-06 00:00:00-04:00,14.5,15.300000190734863,14.5,15.100000381469727,5530,0.0,0.0
2025-06-09 00:00:00-04:00,15.100000381469727,15.850000381469727,14.920000076293945,15.699999809265137,5900,0.0,0.0
2025-06-10 00:00:00-04:00,15.800000190734863,17.200000762939453,15.75,16.899999618530273,16600,0.0,0.0
2025-06-11 00:00:00-04:00,17.0,18.1299991607666,16.600000381469727,17.0,13400,0.0,0.0
2025-06-12 00:00:00-04:00,17.5,17.5,15.800000190734863,15.899999618530273,9190,0.0,0.0
2025-06-13 00:00:00-04:00,15.699999809265137,15.899999618530273,15.300000190734863,15.5,6950,0.0,0.0
2025-06-16 00:00:00-04:00,15.5,17.0,15.109999656677246,16.100000381469727,10380,0.0,0.0
2025-06-17 00:00:00-04:00,15.699999809265137,16.299999237060547,14.350000381469727,14.699999809265137,14610,0.0,0.0
2025-06-18 00:00:00-04:00,14.789999961853027,15.100000381469727,14.100000381469727,14.75,2070,0.0,0.0
2025-06-20 00:00:00-04:00,14.399999618530273,15.0,14.399999618530273,14.399999618530273,4260,0.0,0.0
2025-06-23 00:00:00-04:00,14.399999618530273,14.890000343322754,14.100000381469727,14.300000190734863,2760,0.0,0.0
2025-06-24 00:00:00-04:00,14.300000190734863,14.899999618530273,14.300000190734863,14.899999618530273,2660,0.0,0.0
2025-06-25 00:00:00-04:00,14.899999618530273,15.800000190734863,14.0,14.100000381469727,13940,0.0,0.0
2025-06-26 00:00:00-04:00,14.100000381469727,14.699999809265137,13.899999618530273,14.699999809265137,4460,0.0,0.0
2025-06-27 00:00:00-04:00,14.5,15.399999618530273,13.9399995803833,14.600000381469727,7650,0.0,0.0
2025-06-30 00:00:00-04:00,14.399999618530273,14.600000381469727,14.199999809265137,14.399999618530273,4200,0.0,0.0
2025-07-01 00:00:00-04:00,14.399999618530273,14.899999618530273,14.300000190734863,14.5,2540,0.0,0.0
2025-07-02 00:00:00-04:00,14.800000190734863,17.5,14.199999809265137,16.5,205840,0.0,0.0
2025-07-03 00:00:00-04:00,16.5,16.5,15.300000190734863,15.5,29280,0.0,0.0
2025-07-07 00:00:00-04:00,15.600000381469727,15.600000381469727,14.399999618530273,14.699999809265137,16290,0.0,0.0
2025-07-08 00:00:00-04:00,14.600000381469727,15.300000190734863,14.300000190734863,15.199999809265137,7840,0.0,0.0
2025-07-09 00:00:00-04:00,14.800000190734863,16.110000610351562,14.800000190734863,15.600000381469727,11720,0.0,0.0
2025-07-10 00:00:00-04:00,15.600000381469727,16.049999237060547,15.600000381469727,15.949999809265137,7480,0.0,0.0
2025-07-11 00:00:00-04:00,15.899999618530273,15.899999618530273,15.0,15.399999618530273,8000,0.0,0.0
2025-07-14 00:00:00-04:00,15.399999618530273,15.399999618530273,14.449999809265137,14.899999618530273,17250,0.0,0.0
2025-07-15 00:00:00-04:00,14.5,15.600000381469727,14.199999809265137,15.079999923706055,15170,0.0,0.0
2025-07-16 00:00:00-04:00,15.300000190734863,15.300000190734863,14.65999984741211,15.199999809265137,4460,0.0,0.0
2025-07-17 00:00:00-04:00,15.600000381469727,16.0,15.279999732971191,16.0,10600,0.0,0.0
2025-07-18 00:00:00-04:00,16.0,16.0,15.399999618530273,15.600000381469727,7740,0.0,0.0
2025-07-21 00:00:00-04:00,15.5,16.059999465942383,15.399999618530273,15.600000381469727,5970,0.0,0.0
2025-07-22 00:00:00-04:00,15.899999618530273,16.0,15.399999618530273,15.899999618530273,4680,0.0,0.0
2025-07-23 00:00:00-04:00,15.800000190734863,16.0,15.100000381469727,15.800000190734863,12090,0.0,0.0
2025-07-24 00:00:00-04:00,15.600000381469727,15.899999618530273,15.399999618530273,15.5,6460,0.0,0.0
2025-07-25 00:00:00-04:00,15.5,15.699999809265137,15.0,15.699999809265137,7170,0.0,0.0
2025-07-28 00:00:00-04:00,15.5,15.699999809265137,15.100000381469727,15.199999809265137,6360,0.0,0.0
2025-07-29 00:00:00-04:00,15.600000381469727,15.600000381469727,14.75,15.100000381469727,5470,0.0,0.0
2025-07-30 00:00:00-04:00,15.399999618530273,15.579999923706055,14.300000190734863,14.699999809265137,4170,0.0,0.0
2025-07-31 00:00:00-04:00,14.600000381469727,15.210000038146973,14.300000190734863,14.399999618530273,4810,0.0,0.0
2025-08-01 00:00:00-04:00,14.199999809265137,14.390000343322754,13.520000457763672,14.100000381469727,6220,0.0,0.0
2025-08-04 00:00:00-04:00,14.300000190734863,14.949999809265137,14.100000381469727,14.600000381469727,5960,0.0,0.0
2025-08-05 00:00:00-04:00,14.300000190734863,15.0,14.199999809265137,14.300000190734863,3680,0.0,0.0
2025-08-06 00:00:00-04:00,14.0,14.300000190734863,13.899999618530273,14.0,4730,0.0,0.0
2025-08-07 00:00:00-04:00,14.0,14.399999618530273,13.600000381469727,14.0,4550,0.0,0.0
2025-08-08 00:00:00-04:00,13.880000114440918,14.100000381469727,13.600000381469727,14.0,3340,0.0,0.0
2025-08-11 00:00:00-04:00,13.800000190734863,14.300000190734863,13.600000381469727,14.300000190734863,3740,0.0,0.0
2025-08-12 00:00:00-04:00,14.100000381469727,14.399999618530273,13.899999618530273,14.199999809265137,4270,0.0,0.0
2025-08-13 00:00:00-04:00,14.199999809265137,15.1899995803833,14.100000381469727,15.0,5890,0.0,0.0
2025-08-14 00:00:00-04:00,15.0,15.100000381469727,14.170000076293945,15.100000381469727,6650,0.0,0.0
2025-08-15 00:00:00-04:00,14.899999618530273,15.199999809265137,14.609999656677246,14.899999618530273,2670,0.0,0.0
2025-08-18 00:00:00-04:00,14.899999618530273,15.0,14.399999618530273,14.699999809265137,2520,0.0,0.0
2025-08-19 00:00:00-04:00,14.899999618530273,14.899999618530273,14.100000381469727,14.199999809265137,2900,0.0,0.0
2025-08-20 00:00:00-04:00,14.0,14.300000190734863,13.930000305175781,14.289999961853027,1750,0.0,0.0
2025-08-21 00:00:00-04:00,14.100000381469727,14.600000381469727,13.600000381469727,14.199999809265137,2160,0.0,0.0
2025-08-22 00:00:00-04:00,14.399999618530273,14.680000305175781,14.0,14.0,1890,0.0,0.0
2025-08-25 00:00:00-04:00,14.300000190734863,14.399999618530273,13.699999809265137,14.0,9480,0.0,0.0
2025-08-26 00:00:00-04:00,13.899999618530273,14.800000190734863,13.699999809265137,14.5,8010,0.0,0.0
2025-08-27 00:00:00-04:00,14.729999542236328,15.300000190734863,14.550000190734863,14.800000190734863,7240,0.0,0.0
2025-08-28 00:00:00-04:00,15.199999809265137,15.199999809265137,14.600000381469727,14.899999618530273,3790,0.0,0.0
2025-08-29 00:00:00-04:00,14.699999809265137,14.850000381469727,14.399999618530273,14.399999618530273,2010,0.0,0.0
2025-09-02 00:00:00-04:00,14.399999618530273,14.699999809265137,14.1899995803833,14.399999618530273,2110,0.0,0.0
2025-09-03 00:00:00-04:00,14.399999618530273,14.979999542236328,14.0,14.300000190734863,3010,0.0,0.0
2025-09-04 00:00:00-04:00,14.399999618530273,14.399999618530273,13.699999809265137,14.300000190734863,13660,0.0,0.0
2025-09-05 00:00:00-04:00,14.199999809265137,14.479999542236328,13.5,13.550000190734863,7010,0.0,0.0
2025-09-08 00:00:00-04:00,13.699999809265137,14.100000381469727,13.510000228881836,14.100000381469727,3750,0.0,0.0
2025-09-09 00:00:00-04:00,14.0,14.369999885559082,13.899999618530273,14.300000190734863,3630,0.0,0.0
2025-09-10 00:00:00-04:00,14.300000190734863,14.600000381469727,14.100000381469727,14.300000190734863,2530,0.0,0.0
2025-09-11 00:00:00-04:00,14.600000381469727,15.0,14.550000190734863,14.800000190734863,5500,0.0,0.0
2025-09-12 00:00:00-04:00,14.800000190734863,15.25,14.5,14.979999542236328,3440,0.0,0.0
2025-09-15 00:00:00-04:00,14.899999618530273,15.100000381469727,14.699999809265137,14.800000190734863,2350,0.0,0.0
2025-09-16 00:00:00-04:00,14.800000190734863,15.100000381469727,14.699999809265137,14.899999618530273,2030,0.0,0.0
2025-09-17 00:00:00-04:00,14.699999809265137,15.0,14.600000381469727,14.699999809265137,1890,0.0,0.0
2025-09-18 00:00:00-04:00,14.699999809265137,14.949999809265137,14.5,14.699999809265137,2680,0.0,0.0
2025-09-19 00:00:00-04:00,14.899999618530273,15.0,14.699999809265137,14.699999809265137,2950,0.0,0.0
2025-09-22 00:00:00-04:00,14.5,15.199999809265137,14.5,15.100000381469727,5090,0.0,0.0
2025-09-23 00:00:00-04:00,15.100000381469727,16.690000534057617,14.949999809265137,15.800000190734863,18680,0.0,0.0
2025-09-24 00:00:00-04:00,16.100000381469727,16.290000915527344,15.199999809265137,15.600000381469727,6850,0.0,0.0
2025-09-25 00:00:00-04:00,16.0,16.0,14.600000381469727,15.199999809265137,7290,0.0,0.0
2025-09-26 00:00:00-04:00,14.899999618530273,15.100000381469727,14.5,14.600000381469727,9400,0.0,0.0
2025-09-29 00:00:00-04:00,14.800000190734863,15.100000381469727,14.399999618530273,14.5,5710,0.0,0.0
2025-09-30 00:00:00-04:00,15.0,15.0,14.5,14.899999618530273,3670,0.0,0.0
2025-10-01 00:00:00-04:00,14.899999618530273,15.399999618530273,14.899999618530273,15.399999618530273,4200,0.0,0.0
2025-10-02 00:00:00-04:00,15.399999618530273,15.399999618530273,14.899999618530273,15.100000381469727,3910,0.0,0.0
2025-10-03 00:00:00-04:00,15.399999618530273,15.399999618530273,15.100000381469727,15.300000190734863,3670,0.0,0.0
2025-10-06 00:00:00-04:00,15.5,15.5,15.0,15.300000190734863,5440,0.0,0.0
2025-10-07 00:00:00-04:00,15.399999618530273,17.600000381469727,15.300000190734863,16.75,28930,0.0,0.0
2025-10-08 00:00:00-04:00,16.600000381469727,17.0,16.200000762939453,16.799999237060547,8400,0.0,0.0
2025-10-09 00:00:00-04:00,16.899999618530273,17.399999618530273,16.200000762939453,16.700000762939453,12880,0.0,0.0
2025-10-10 00:00:00-04:00,16.600000381469727,16.610000610351562,15.0,15.5,7770,0.0,0.0
2025-10-13 00:00:00-04:00,15.899999618530273,15.899999618530273,15.399999618530273,15.600000381469727,2280,0.0,0.0
2025-10-14 00:00:00-04:00,15.699999809265137,18.299999237060547,15.600000381469727,18.0,71990,0.0,0.0
2025-10-15 00:00:00-04:00,18.700000762939453,21.0,18.299999237060547,19.299999237060547,84650,0.0,0.0
2025-10-16 00:00:00-04:00,22.700000762939453,24.299999237060547,20.5,22.0,2858330,0.0,0.0
2025-10-17 00:00:00-04:00,21.0,22.0,20.5,20.899999618530273,90560,0.0,0.0
2025-10-20 00:00:00-04:00,20.899999618530273,21.299999237060547,19.0,19.299999237060547,55470,0.0,0.0
2025-10-21 00:00:00-04:00,19.299999237060547,20.0,18.700000762939453,19.200000762939453,28530,0.0,0.0
2025-10-22 00:00:00-04:00,18.399999618530273,19.489999771118164,18.299999237060547,18.399999618530273,17670,0.0,0.0
2025-10-23 00:00:00-04:00,18.299999237060547,18.709999084472656,18.100000381469727,18.5,12370,0.0,0.0
2025-10-24 00:00:00-04:00,18.5,19.600000381469727,18.5,19.5,9920,0.0,0.0
2025-10-27 00:00:00-04:00,19.600000381469727,19.899999618530273,19.200000762939453,19.600000381469727,11480,0.0,0.0
2025-10-28 00:00:00-04:00,20.100000381469727,21.299999237060547,18.0,18.399999618530273,1056280,0.0,0.0
2025-10-29 00:00:00-04:00,18.299999237060547,18.600000381469727,17.25,17.600000381469727,48950,0.0,0.0
2025-10-30 00:00:00-04:00,17.600000381469727,18.0,17.100000381469727,17.5,18690,0.0,0.0
2025-10-31 00:00:00-04:00,17.5,17.899999618530273,17.0,17.700000762939453,20770,0.0,0.0
2025-11-03 00:00:00-05:00,17.100000381469727,17.549999237060547,16.100000381469727,17.100000381469727,24840,0.0,0.0
2025-11-04 00:00:00-05:00,16.5,17.299999237060547,16.5,16.899999618530273,9070,0.0,0.0
2025-11-05 00:00:00-05:00,17.100000381469727,18.0,16.700000762939453,17.700000762939453,7190,0.0,0.0
2025-11-06 00:00:00-05:00,17.5,18.5,17.200000762939453,17.899999618530273,8670,0.0,0.0
2025-11-07 00:00:00-05:00,17.899999618530273,17.899999618530273,16.899999618530273,17.200000762939453,9460,0.0,0.0
2025-11-10 00:00:00-05:00,17.200000762939453,17.899999618530273,16.799999237060547,17.200000762939453,18080,0.0,0.0
2025-11-11 00:00:00-05:00,17.200000762939453,17.600000381469727,17.100000381469727,17.5,4880,0.0,0.0
2025-11-12 00:00:00-05:00,17.100000381469727,17.899999618530273,17.100000381469727,17.700000762939453,4110,0.0,0.0
2025-11-13 00:00:00-05:00,17.700000762939453,17.899999618530273,16.399999618530273,16.700000762939453,10480,0.0,0.0
2025-11-14 00:00:00-05:00,15.800000190734863,16.700000762939453,15.800000190734863,16.299999237060547,6300,0.0,0.0
2025-11-17 00:00:00-05:00,16.299999237060547,16.489999771118164,14.800000190734863,15.300000190734863,22270,0.0,0.0
2025-11-18 00:00:00-05:00,14.800000190734863,15.199999809265137,14.600000381469727,14.899999618530273,13640,0.0,0.0
2025-11-19 00:00:00-05:00,14.699999809265137,14.850000381469727,13.75,14.100000381469727,13490,0.0,0.0
2025-11-20 00:00:00-05:00,14.399999618530273,14.5,13.609999656677246,13.899999618530273,10820,0.0,0.0
2025-11-21 00:00:00-05:00,14.199999809265137,14.199999809265137,13.0,13.899999618530273,11930,0.0,0.0
2025-11-24 00:00:00-05:00,14.710000038146973,14.710000038146973,13.75,13.899999618530273,3060,0.0,0.0
2025-11-25 00:00:00-05:00,13.699999809265137,13.899999618530273,13.399999618530273,13.899999618530273,7010,0.0,0.0
2025-11-26 00:00:00-05:00,13.899999618530273,14.3100004196167,13.800000190734863,14.0,4300,0.0,0.0
2025-11-28 00:00:00-05:00,14.0,14.720000267028809,14.0,14.489999771118164,4050,0.0,0.0
2025-12-01 00:00:00-05:00,14.199999809265137,14.5,13.800000190734863,14.0,3480,0.0,0.0
2025-12-02 00:00:00-05:00,14.399999618530273,15.0,14.199999809265137,14.800000190734863,6590,0.0,0.0
2025-12-03 00:00:00-05:00,14.600000381469727,14.720000267028809,14.300000190734863,14.600000381469727,2370,0.0,0.0
2025-12-04 00:00:00-05:00,14.100000381469727,14.800000190734863,14.100000381469727,14.399999618530273,4630,0.0,0.0
2025-12-05 00:00:00-05:00,14.199999809265137,14.829999923706055,14.149999618530273,14.300000190734863,2090,0.0,0.0
2025-12-08 00:00:00-05:00,14.600000381469727,14.899999618530273,14.399999618530273,14.5,1750,0.0,0.0
2025-12-09 00:00:00-05:00,14.300000190734863,14.600000381469727,14.300000190734863,14.399999618530273,3350,0.0,0.0
2025-12-10 00:00:00-05:00,14.399999618530273,14.600000381469727,14.399999618530273,14.600000381469727,3070,0.0,0.0
2025-12-11 00:00:00-05:00,14.699999809265137,14.899999618530273,14.550000190734863,14.600000381469727,3780,0.0,0.0
2025-12-12 00:00:00-05:00,14.600000381469727,14.600000381469727,13.399999618530273,13.399999618530273,6760,0.0,0.0
2025-12-15 00:00:00-05:00,13.5,14.09000015258789,13.199999809265137,13.899999618530273,9030,0.0,0.0
2025-12-16 00:00:00-05:00,14.699999809265137,14.800000190734863,13.600000381469727,13.800000190734863,7070,0.0,0.0
2025-12-17 00:00:00-05:00,14.0,14.699999809265137,13.800000190734863,13.899999618530273,3590,0.0,0.0
2025-12-18 00:00:00-05:00,14.149999618530273,14.270000457763672,13.449999809265137,13.649999618530273,3230,0.0,0.0
2025-12-19 00:00:00-05:00,13.699999809265137,13.899999618530273,13.5,13.899999618530273,2290,0.0,0.0
2025-12-22 00:00:00-05:00,13.699999809265137,14.0,13.600000381469727,13.800000190734863,3150,0.0,0.0
2025-12-23 00:00:00-05:00,13.800000190734863,13.800000190734863,12.899999618530273,13.100000381469727,9210,0.0,0.0
2025-12-24 00:00:00-05:00,13.300000190734863,13.550000190734863,11.600000381469727,13.100000381469727,8100,0.0,0.0
2025-12-26 00:00:00-05:00,12.699999809265137,13.199999809265137,12.449999809265137,12.600000381469727,10640,0.0,0.0
2025-12-29 00:00:00-05:00,12.5,12.699999809265137,11.899999618530273,12.300000190734863,11950,0.0,0.0
2025-12-30 00:00:00-05:00,12.5,12.65999984741211,11.899999618530273,12.300000190734863,7790,0.0,0.0
2025-12-31 00:00:00-05:00,12.100000381469727,12.350000381469727,12.0,12.300000190734863,3170,0.0,0.0
2026-01-02 00:00:00-05:00,12.100000381469727,12.800000190734863,12.0,12.800000190734863,8160,0.0,0.0
2026-01-05 00:00:00-05:00,12.800000190734863,13.210000038146973,12.329999923706055,13.100000381469727,4130,0.0,0.0
2026-01-06 00:00:00-05:00,13.0,13.699999809265137,13.0,13.300000190734863,6100,0.0,0.0
2026-01-07 00:00:00-05:00,13.489999771118164,14.100000381469727,13.489999771118164,14.100000381469727,3380,0.0,0.0
2026-01-08 00:00:00-05:00,14.300000190734863,14.300000190734863,13.5,13.699999809265137,1670,0.0,0.0
2026-01-09 00:00:00-05:00,13.899999618530273,14.0,13.300000190734863,13.300000190734863,1760,0.0,0.0
2026-01-12 00:00:00-05:00,13.100000381469727,13.300000190734863,12.609999656677246,12.699999809265137,2460,0.0,0.0
2026-01-13 00:00:00-05:00,12.899999618530273,13.210000038146973,12.109999656677246,12.300000190734863,6770,0.0,0.0
2026-01-14 00:00:00-05:00,12.319999694824219,12.699999809265137,12.300000190734863,12.300000190734863,2820,0.0,0.0
2026-01-15 00:00:00-05:00,12.199999809265137,12.399999618530273,12.100000381469727,12.199999809265137,5000,0.0,0.0
2026-01-16 00:00:00-05:00,12.5,12.899999618530273,12.119999885559082,12.199999809265137,2080,0.0,0.0
2026-01-20 00:00:00-05:00,12.199999809265137,12.449999809265137,12.0,12.100000381469727,3490,0.0,0.0
2026-01-21 00:00:00-05:00,12.199999809265137,12.800000190734863,12.100000381469727,12.600000381469727,4930,0.0,0.0
2026-01-22 00:00:00-05:00,12.899999618530273,12.899999618530273,12.40999984741211,12.5,2530,0.0,0.0
2026-01-23 00:00:00-05:00,12.800000190734863,12.800000190734863,12.199999809265137,12.300000190734863,1930,0.0,0.0
2026-01-26 00:00:00-05:00,12.199999809265137,12.5,12.199999809265137,12.399999618530273,2370,0.0,0.0
2026-01-27 00:00:00-05:00,12.100000381469727,13.100000381469727,12.100000381469727,12.800000190734863,4950,0.0,0.0
2026-01-28 00:00:00-05:00,12.899999618530273,13.5,12.460000038146973,12.899999618530273,4490,0.0,0.0
2026-01-29 00:00:00-05:00,12.899999618530273,13.0,12.300000190734863,12.399999618530273,4650,0.0,0.0
2026-01-30 00:00:00-05:00,12.300000190734863,12.680000305175781,12.149999618530273,12.199999809265137,3960,0.0,0.0
2026-02-02 00:00:00-05:00,12.300000190734863,13.079999923706055,12.199999809265137,12.300000190734863,2900,0.0,0.0
2026-02-03 00:00:00-05:00,12.300000190734863,12.5,12.0,12.300000190734863,2770,0.0,0.0
2026-02-04 00:00:00-05:00,12.170000076293945,12.800000190734863,11.699999809265137,12.100000381469727,8120,0.0,0.0
2026-02-05 00:00:00-05:00,11.899999618530273,12.100000381469727,11.5,11.5,10680,0.0,0.0
2026-02-06 00:00:00-05:00,12.199999809265137,12.199999809265137,11.539999961853027,12.0,2290,0.0,0.0
2026-02-09 00:00:00-05:00,12.109999656677246,12.199999809265137,11.609999656677246,11.899999618530273,3940,0.0,0.0
2026-02-10 00:00:00-05:00,11.699999809265137,12.300000190734863,11.699999809265137,12.0,780,0.0,0.0
2026-02-11 00:00:00-05:00,12.100000381469727,12.100000381469727,11.899999618530273,11.899999618530273,1650,0.0,0.0
2026-02-12 00:00:00-05:00,11.800000190734863,12.0,11.75,11.800000190734863,3600,0.0,0.0
2026-02-13 00:00:00-05:00,11.75,11.979999542236328,11.699999809265137,11.699999809265137,1790,0.0,0.0
2026-02-17 00:00:00-05:00,11.699999809265137,11.899999618530273,11.5,11.600000381469727,2780,0.0,0.0
2026-02-18 00:00:00-05:00,11.710000038146973,12.050000190734863,11.699999809265137,11.800000190734863,3510,0.0,0.0
2026-02-19 00:00:00-05:00,11.800000190734863,12.100000381469727,11.699999809265137,11.699999809265137,2370,0.0,0.0
2026-02-20 00:00:00-05:00,11.699999809265137,11.899999618530273,11.649999618530273,11.800000190734863,2830,0.0,0.0
2026-02-23 00:00:00-05:00,11.800000190734863,11.800000190734863,11.300000190734863,11.5,3830,0.0,0.0
2026-02-24 00:00:00-05:00,11.600000381469727,11.800000190734863,11.5,11.699999809265137,2210,0.0,0.0
2026-02-25 00:00:00-05:00,11.800000190734863,11.800000190734863,11.600000381469727,11.699999809265137,2500,0.0,0.0
2026-02-26 00:00:00-05:00,11.600000381469727,12.5,11.5,12.300000190734863,8630,0.0,0.0
2026-02-27 00:00:00-05:00,12.300000190734863,12.399999618530273,11.899999618530273,12.0,3290,0.0,0.0
2026-03-02 00:00:00-05:00,11.899999618530273,11.899999618530273,11.430000305175781,11.600000381469727,4530,0.0,0.0
2026-03-03 00:00:00-05:00,11.600000381469727,11.699999809265137,11.399999618530273,11.399999618530273,6430,0.0,0.0
2026-03-04 00:00:00-05:00,11.399999618530273,11.699999809265137,11.319999694824219,11.5,1580,0.0,0.0
2026-03-05 00:00:00-05:00,11.40999984741211,11.600000381469727,11.199999809265137,11.399999618530273,3760,0.0,0.0
2026-03-06 00:00:00-05:00,11.199999809265137,11.399999618530273,11.100000381469727,11.100000381469727,6320,0.0,0.0
2026-03-09 00:00:00-04:00,11.0,11.399999618530273,10.5,11.100000381469727,4430,0.0,0.0
2026-03-10 00:00:00-04:00,11.0,12.0,11.0,11.899999618530273,7440,0.0,0.0
2026-03-11 00:00:00-04:00,11.800000190734863,12.0,11.399999618530273,11.5,6790,0.0,0.0
2026-03-12 00:00:00-04:00,11.5,11.5,11.100000381469727,11.100000381469727,2290,0.0,0.0
2026-03-13 00:00:00-04:00,11.5,11.5,11.0,11.0,1900,0.0,0.0
2026-03-16 00:00:00-04:00,11.300000190734863,11.300000190734863,10.600000381469727,11.100000381469727,4270,0.0,0.0
2026-03-17 00:00:00-04:00,11.399999618530273,11.399999618530273,11.100000381469727,11.100000381469727,570,0.0,0.0
2026-03-18 00:00:00-04:00,11.489999771118164,11.489999771118164,11.0,11.0,560,0.0,0.0
2026-03-19 00:00:00-04:00,11.0,11.0,10.699999809265137,10.899999618530273,1560,0.0,0.0
2026-03-20 00:00:00-04:00,10.600000381469727,10.75,10.399999618530273,10.399999618530273,2790,0.0,0.0
2026-03-23 00:00:00-04:00,10.399999618530273,10.399999618530273,10.100000381469727,10.199999809265137,1830,0.0,0.0
2026-03-24 00:00:00-04:00,10.0,10.199999809265137,10.0,10.0,3100,0.0,0.0
2026-03-25 00:00:00-04:00,10.100000381469727,10.399999618530273,10.0,10.300000190734863,4950,0.0,0.0
2026-03-26 00:00:00-04:00,10.300000190734863,10.5,10.0,10.100000381469727,4570,0.0,0.0
2026-03-27 00:00:00-04:00,10.199999809265137,10.300000190734863,10.199999809265137,10.199999809265137,2730,0.0,0.0
2026-03-30 00:00:00-04:00,10.399999618530273,10.399999618530273,10.0,10.100000381469727,3870,0.0,0.0
2026-03-31 00:00:00-04:00,10.5,10.600000381469727,10.199999809265137,10.399999618530273,2910,0.0,0.0
2026-04-01 00:00:00-04:00,10.300000190734863,10.949999809265137,10.300000190734863,10.949999809265137,2400,0.0,0.0
2026-04-02 00:00:00-04:00,10.699999809265137,11.0,10.34000015258789,10.399999618530273,2490,0.0,0.0
2026-04-06 00:00:00-04:00,10.5,11.710000038146973,10.5,11.600000381469727,8150,0.0,0.0
2026-04-07 00:00:00-04:00,11.600000381469727,11.649999618530273,10.300000190734863,10.399999618530273,6660,0.0,0.0
2026-04-08 00:00:00-04:00,10.699999809265137,10.800000190734863,10.5,10.5,2500,0.0,0.0
2026-04-09 00:00:00-04:00,10.399999618530273,10.699999809265137,10.399999618530273,10.399999618530273,1970,0.0,0.0
2026-04-10 00:00:00-04:00,10.399999618530273,10.399999618530273,9.529999732971191,9.979999542236328,9860,0.0,0.0
2026-04-13 00:00:00-04:00,9.989999771118164,10.199999809265137,9.800000190734863,9.899999618530273,2120,0.0,0.0
2026-04-14 00:00:00-04:00,9.899999618530273,10.170000076293945,9.529999732971191,9.6899995803833,1160,0.0,0.0
2026-04-15 00:00:00-04:00,9.800000190734863,10.199999809265137,9.800000190734863,10.0,3000,0.0,0.0
2026-04-16 00:00:00-04:00,10.0,10.119999885559082,9.829999923706055,10.079999923706055,1720,0.0,0.0
2026-04-17 00:00:00-04:00,10.199999809265137,10.399999618530273,10.100000381469727,10.300000190734863,3100,0.0,0.0
2026-04-20 00:00:00-04:00,10.300000190734863,10.300000190734863,10.100000381469727,10.25,1440,0.0,0.0
2026-04-21 00:00:00-04:00,10.199999809265137,10.199999809265137,9.899999618530273,10.0,4070,0.0,0.0
2026-04-22 00:00:00-04:00,9.899999618530273,10.0,9.800000190734863,9.920000076293945,4460,0.0,0.0
2026-04-23 00:00:00-04:00,9.920000076293945,10.0,9.800000190734863,9.899999618530273,1130,0.0,0.0
2026-04-24 00:00:00-04:00,9.970000267028809,10.100000381469727,9.800000190734863,10.0,4170,0.0,0.0
2026-04-27 00:00:00-04:00,10.0,10.0,9.739999771118164,9.819999694824219,3710,0.0,0.0
2026-04-28 00:00:00-04:00,9.800000190734863,9.800000190734863,9.600000381469727,9.800000190734863,2760,0.0,0.0
2026-04-29 00:00:00-04:00,9.699999809265137,9.800000190734863,9.5,9.670000076293945,1530,0.0,0.0
2026-04-30 00:00:00-04:00,9.5,9.649999618530273,9.5,9.619999885559082,3220,0.0,0.0
2026-05-01 00:00:00-04:00,9.5,10.699999809265137,9.5,10.550000190734863,20710,0.0,0.0
2026-05-04 00:00:00-04:00,10.600000381469727,11.0,10.600000381469727,11.0,2430,0.0,0.0
2026-05-05 00:00:00-04:00,11.100000381469727,11.100000381469727,10.300000190734863,10.5,4070,0.0,0.0
2026-05-06 00:00:00-04:00,10.0,10.899999618530273,10.0,10.800000190734863,3370,0.0,0.0
2026-05-07 00:00:00-04:00,10.899999618530273,10.899999618530273,10.699999809265137,10.800000190734863,1670,0.0,0.0
2026-05-08 00:00:00-04:00,10.800000190734863,10.899999618530273,10.300000190734863,10.5,2810,0.0,0.0
2026-05-11 00:00:00-04:00,10.399999618530273,11.399999618530273,10.199999809265137,10.300000190734863,13910,0.0,0.0
2026-05-12 00:00:00-04:00,10.300000190734863,10.699999809265137,10.100000381469727,10.5,27430,0.0,0.0
2026-05-13 00:00:00-04:00,8.699999809265137,8.800000190734863,6.590000152587891,6.599999904632568,52640,0.0,0.0
2026-05-14 00:00:00-04:00,5.599999904632568,5.889999866485596,4.599999904632568,4.690000057220459,82860,0.0,0.0
2026-05-15 00:00:00-04:00,4.599999904632568,4.659999847412109,2.809999942779541,2.8399999141693115,149260,0.0,0.0
2026-05-18 00:00:00-04:00,18.399999618530273,23.200000762939453,4.099999904632568,5.099999904632568,43786860,0.0,0.0
2026-05-19 00:00:00-04:00,4.400000095367432,4.710000038146973,4.119999885559082,4.400000095367432,4016840,0.0,0.0
2026-05-20 00:00:00-04:00,4.0,4.039999961853027,3.430000066757202,3.6700000762939453,1002450,0.0,0.0
2026-05-21 00:00:00-04:00,5.579999923706055,5.78000020980835,4.730000019073486,5.159999847412109,28614660,0.0,0.0
2026-05-22 00:00:00-04:00,4.480000019073486,5.039999961853027,4.409999847412109,4.809999942779541,1661570,0.0,0.0
2026-05-26 00:00:00-04:00,4.449999809265137,4.550000190734863,4.150000095367432,4.170000076293945,818440,0.0,0.0
2026-05-27 00:00:00-04:00,4.010000228881836,4.510000228881836,4.010000228881836,4.239999771118164,530580,0.0,0.0
2026-05-28 00:00:00-04:00,3.7699999809265137,3.7699999809265137,2.940000057220459,3.1700000762939453,1059830,0.0,0.0
2026-05-29 00:00:00-04:00,3.009999990463257,3.0399999618530273,2.5,2.5399999618530273,673530,0.0,0.0
2026-06-01 00:00:00-04:00,2.5799999237060547,2.6600000858306885,2.109999895095825,2.390000104904175,468400,0.0,0.1
2026-06-02 00:00:00-04:00,2.890000104904175,3.049999952316284,2.4549999237060547,2.5999999046325684,13312200,0.0,0.0
2026-06-03 00:00:00-04:00,2.4700000286102295,2.700000047683716,2.3499999046325684,2.6600000858306885,861100,0.0,0.0
2026-06-04 00:00:00-04:00,2.5,2.680000066757202,2.5,2.569999933242798,475300,0.0,0.0
2026-06-05 00:00:00-04:00,2.4700000286102295,2.5399999618530273,2.450000047683716,2.4600000381469727,283000,0.0,0.0
2026-06-08 00:00:00-04:00,2.4600000381469727,2.4600000381469727,2.3350000381469727,2.430000066757202,203000,0.0,0.0
2026-06-09 00:00:00-04:00,2.319999933242798,2.3499999046325684,2.059999942779541,2.2799999713897705,271000,0.0,0.0
2026-06-10 00:00:00-04:00,2.259999990463257,2.259999990463257,2.009999990463257,2.140000104904175,192000,0.0,0.0
2026-06-11 00:00:00-04:00,2.1600000858306885,2.5399999618530273,2.111999988555908,2.369999885559082,380600,0.0,0.0
2026-06-12 00:00:00-04:00,2.3399999141693115,2.450000047683716,2.2200000286102295,2.2200000286102295,119200,0.0,0.0
2026-06-15 00:00:00-04:00,2.2100000381469727,2.3399999141693115,2.1600000858306885,2.2799999713897705,114900,0.0,0.0
2026-06-16 00:00:00-04:00,2.259999990463257,2.2850000858306885,2.119999885559082,2.140000104904175,85400,0.0,0.0
2026-06-17 00:00:00-04:00,2.121999979019165,2.1700000762939453,2.059999942779541,2.119999885559082,71500,0.0,0.0
2026-06-18 00:00:00-04:00,2.0799999237060547,2.1649999618530273,2.059999942779541,2.130000114440918,58800,0.0,0.0
2026-06-22 00:00:00-04:00,2.059999942779541,2.130000114440918,2.0299999713897705,2.049999952316284,82400,0.0,0.0
2026-06-23 00:00:00-04:00,2.0,2.140000104904175,2.0,2.0399999618530273,65300,0.0,0.0
2026-06-24 00:00:00-04:00,2.0199999809265137,2.0999999046325684,2.009999990463257,2.0399999618530273,71300,0.0,0.0
2026-06-25 00:00:00-04:00,2.059999942779541,2.299999952316284,2.0399999618530273,2.140000104904175,667000,0.0,0.0
2026-06-26 00:00:00-04:00,2.1600000858306885,2.180000066757202,2.049999952316284,2.180000066757202,70000,0.0,0.0
2026-06-29 00:00:00-04:00,2.180000066757202,2.180000066757202,2.061000108718872,2.109999895095825,84100,0.0,0.0
2026-06-30 00:00:00-04:00,2.130000114440918,2.1470000743865967,2.0510001182556152,2.0999999046325684,40500,0.0,0.0
2026-07-01 00:00:00-04:00,2.059999942779541,2.2179999351501465,2.059999942779541,2.180000066757202,72000,0.0,0.0
2026-07-02 00:00:00-04:00,2.1500000953674316,2.200000047683716,2.0999999046325684,2.109999895095825,51100,0.0,0.0
2026-07-06 00:00:00-04:00,2.0899999141693115,2.180000066757202,2.0399999618530273,2.180000066757202,51200,0.0,0.0
2026-07-07 00:00:00-04:00,2.119999885559082,2.128000020980835,2.069999933242798,2.0799999237060547,50200,0.0,0.0
2026-07-08 00:00:00-04:00,2.059999942779541,2.1500000953674316,2.049999952316284,2.119999885559082,46800,0.0,0.0
2026-07-09 00:00:00-04:00,2.0799999237060547,2.140000104904175,2.0799999237060547,2.140000104904175,31900,0.0,0.0
2026-07-10 00:00:00-04:00,2.0950000286102295,2.125,2.0899999141693115,2.0899999141693115,20800,0.0,0.0
2026-07-13 00:00:00-04:00,2.049999952316284,2.058000087738037,1.9500000476837158,1.9500000476837158,61600,0.0,0.0
2026-07-14 00:00:00-04:00,1.9500000476837158,1.9600000381469727,1.909999966621399,1.9199999570846558,50700,0.0,0.0
2026-07-15 00:00:00-04:00,1.9199999570846558,1.940000057220459,1.850000023841858,1.8600000143051147,44700,0.0,0.0
2026-07-16 00:00:00-04:00,1.8650000095367432,1.899999976158142,1.8300000429153442,1.8300000429153442,63900,0.0,0.0
2026-07-17 00:00:00-04:00,1.8300000429153442,1.840999960899353,1.7999999523162842,1.7999999523162842,38800,0.0,0.0
2026-07-20 00:00:00-04:00,1.7999999523162842,1.8700000047683716,1.7000000476837158,1.7300000190734863,108100,0.0,0.0
2026-07-21 00:00:00-04:00,1.774999976158142,1.8799999952316284,1.7200000286102295,1.75,81200,0.0,0.0
2026-07-22 00:00:00-04:00,1.75,1.840000033378601,1.75,1.809999942779541,24100,0.0,0.0
2026-07-23 00:00:00-04:00,1.7699999809265137,1.7899999618530273,1.7000000476837158,1.7100000381469727,29400,0.0,0.0
2026-07-24 00:00:00-04:00,1.7100000381469727,1.7599999904632568,1.659999966621399,1.659999966621399,23400,0.0,0.0
2026-07-27 00:00:00-04:00,1.690000057220459,1.690000057220459,1.440000057220459,1.5299999713897705,80500,0.0,0.0
2026-07-28 00:00:00-04:00,1.5499999523162842,1.5700000524520874,1.409999966621399,1.4299999475479126,85600,0.0,0.0
2026-07-29 00:00:00-04:00,1.4299999475479126,1.440000057220459,1.2300000190734863,1.2300000190734863,74500,0.0,0.0
2026-07-30 00:00:00-04:00,1.3300000429153442,1.340000033378601,1.100000023841858,1.2300000190734863,1224353,0.0,0.0
