Date,Open,High,Low,Close,Volume,Dividends,Stock Splits
2022-01-03 00:00:00-05:00,28.915074776892446,29.5446003396519,28.733979058083325,29.00993537902832,235200,0.0,0.0
2022-01-04 00:00:00-05:00,29.48423811682657,29.872302760879982,29.15654200821184,29.570476531982422,216800,0.0,0.0
2022-01-05 00:00:00-05:00,29.78606320150362,30.20861985905946,29.579094325597616,29.751567840576172,643800,0.0,0.0
2022-01-06 00:00:00-05:00,30.3121058331266,30.915758198898505,30.02752404098384,30.82952308654785,399900,0.0,0.0
2022-01-07 00:00:00-05:00,30.803656380316824,31.088234912082623,30.527700044809805,31.053739547729492,508200,0.0,0.0
2022-01-10 00:00:00-05:00,31.243461547341443,31.614278499310835,31.15722642395004,31.35556983947754,373800,0.0,0.0
2022-01-11 00:00:00-05:00,31.424551628570928,31.459046987587154,30.553565196191457,31.13134765625,332300,0.0,0.0
2022-01-12 00:00:00-05:00,31.157223658342396,31.398684614132804,30.648428580313464,31.23483657836914,1084600,0.0,0.0
2022-01-13 00:00:00-05:00,31.3124496576156,31.829866933985702,31.252084418361047,31.73500633239746,825900,0.0,0.0
2022-01-14 00:00:00-05:00,31.89886061187872,32.355912691308575,31.338322435866964,32.33866500854492,699500,0.0,0.0
2022-01-18 00:00:00-05:00,32.53700511476983,32.82158691692146,32.114448443867985,32.24380111694336,559900,0.0,0.0
2022-01-19 00:00:00-05:00,32.34729220767001,32.34729220767001,31.346949480287066,31.493553161621094,675800,0.0,0.0
2022-01-20 00:00:00-05:00,31.381434911414843,32.60599387187571,30.43283554078374,30.510448455810547,477200,0.0,0.0
2022-01-21 00:00:00-05:00,30.22586402598394,30.82089741900867,29.88092032578274,30.010272979736328,386800,0.0,0.0
2022-01-24 00:00:00-05:00,29.682578970196367,30.72604232055709,29.604969337756668,30.631181716918945,938000,0.0,0.0
2022-01-25 00:00:00-05:00,30.3897197825626,30.950254611202727,29.84642934525153,30.639802932739258,333600,0.0,0.0
2022-01-26 00:00:00-05:00,30.69154763858921,31.027869211927143,29.915418400379387,30.26898765563965,471300,0.0,0.0
2022-01-27 00:00:00-05:00,30.389718230307793,30.769157323682723,29.7601894202128,29.975780487060547,547100,0.0,0.0
2022-01-28 00:00:00-05:00,29.95853603869141,30.182749300329785,29.406620145315006,30.156879425048828,463000,0.0,0.0
2022-01-31 00:00:00-05:00,29.93266662280453,30.260366005928145,29.475614557416158,30.200000762939453,695400,0.0,0.0
2022-02-01 00:00:00-05:00,30.087882020563903,30.286225362858243,29.768808234234562,30.165494918823242,473500,0.0,0.0
2022-02-02 00:00:00-05:00,30.07926980712572,30.23449565514602,29.65670982314623,30.18275260925293,409400,0.0,0.0
2022-02-03 00:00:00-05:00,30.30431990429499,30.530081278674285,30.026458222425457,30.31300163269043,379200,0.24,0.0
2022-02-04 00:00:00-05:00,30.399831249007548,30.573495623029885,30.009090547922824,30.391149520874023,335500,0.0,0.0
2022-02-07 00:00:00-05:00,30.434562133233865,30.686375287996487,30.182748978471245,30.495344161987305,271700,0.0,0.0
2022-02-08 00:00:00-05:00,30.62559476308332,31.328933960531252,30.62559476308332,31.224733352661133,970500,0.0,0.0
2022-02-09 00:00:00-05:00,31.042389996642765,31.433134029704394,30.955559461461334,30.99028968811035,535200,0.0,0.0
2022-02-10 00:00:00-05:00,31.016338145308556,31.29419980269593,30.564812123961016,30.77320671081543,973300,0.0,0.0
2022-02-11 00:00:00-05:00,30.703743424542175,31.337615547222395,30.564812593713253,30.842674255371094,343600,0.0,0.0
2022-02-14 00:00:00-05:00,30.93819004417472,31.14658463572421,30.226169117031397,30.443248748779297,1607500,0.0,0.0
2022-02-15 00:00:00-05:00,30.833990604759524,31.502596293370562,30.721111576880112,31.4157657623291,1236500,0.0,0.0
2022-02-16 00:00:00-05:00,31.31156971730447,31.763095784032718,31.042389760493617,31.60679817199707,558300,0.0,0.0
2022-02-17 00:00:00-05:00,31.47654499271226,31.493911759848068,30.74715733486901,30.781890869140625,266300,0.0,0.0
2022-02-18 00:00:00-05:00,30.651643802632474,31.363664740514857,30.651643802632474,31.163951873779297,392600,0.0,0.0
2022-02-22 00:00:00-05:00,31.07712193038718,31.37235037207576,30.77320844820552,31.033706665039062,389500,0.0,0.0
2022-02-23 00:00:00-05:00,31.21605008379568,31.398396170007935,30.790572570261606,30.851354598999023,394100,0.0,0.0
2022-02-24 00:00:00-05:00,29.81805581882484,29.870156118476782,28.73265775219955,29.70517349243164,979800,0.0,0.0
2022-02-25 00:00:00-05:00,29.939622677719733,31.25946724789324,29.939622677719733,31.207366943359375,438700,0.0,0.0
2022-02-28 00:00:00-05:00,30.825310220214593,30.955559334826503,30.52140003595024,30.894777297973633,512200,0.0,0.0
2022-03-01 00:00:00-05:00,30.625593933784433,31.007652881845658,29.540195807320732,29.87883949279785,795900,0.0,0.0
2022-03-02 00:00:00-05:00,30.035132540099674,31.1378972670916,29.826734673930332,30.825302124023438,332000,0.0,0.0
2022-03-03 00:00:00-05:00,30.825306012114225,31.04238563191785,30.382465045158575,30.695056915283203,456100,0.0,0.0
2022-03-04 00:00:00-05:00,30.130644862742034,30.33903939421362,29.722534212750755,30.20879364013672,535700,0.0,0.0
2022-03-07 00:00:00-05:00,29.904886528557366,29.9569868285392,28.906322288362624,28.949737548828125,385200,0.0,0.0
2022-03-08 00:00:00-05:00,29.253649893258697,29.77464299529851,28.750026871563072,29.0626220703125,589700,0.0,0.0
2022-03-09 00:00:00-05:00,29.739909323495716,29.991722489379338,29.39258059038919,29.618345260620117,398200,0.0,0.0
2022-03-10 00:00:00-05:00,29.29706626006048,29.748588943790757,29.28838122054333,29.661758422851562,223300,0.0,0.0
2022-03-11 00:00:00-05:00,29.792008979311476,30.4345628155015,29.792008979311476,30.165386199951172,354400,0.0,0.0
2022-03-14 00:00:00-04:00,30.599550701148548,30.781896822784585,29.470733805597206,29.713865280151367,319000,0.0,0.0
2022-03-15 00:00:00-04:00,30.391147602275044,30.860040388822334,29.705175189997217,30.10460090637207,486400,0.0,0.0
2022-03-16 00:00:00-04:00,30.174065485850743,30.75583724484804,30.121965187521994,30.582176208496094,453400,0.0,0.0
2022-03-17 00:00:00-04:00,30.48666557398199,30.48666557398199,29.922257177583226,30.174070358276367,236200,0.0,0.0
2022-03-18 00:00:00-04:00,30.04381989800642,30.04381989800642,29.262335206219994,29.826740264892578,583100,0.0,0.0
2022-03-21 00:00:00-04:00,29.82673711953133,30.269581379312182,29.627024275611877,29.8527889251709,245700,0.0,0.0
2022-03-22 00:00:00-04:00,29.991722988885467,30.41719721603625,29.896207420071764,29.9830379486084,413200,0.0,0.0
2022-03-23 00:00:00-04:00,29.844102341613837,29.861469107017616,28.99315071105957,28.99315071105957,195300,0.0,0.0
2022-03-24 00:00:00-04:00,29.184185551426165,29.30574961243151,28.83685682366327,29.192867279052734,228500,0.0,0.0
2022-03-25 00:00:00-04:00,29.1234042423013,29.792009906764083,29.1234042423013,29.73122787475586,236100,0.0,0.0
2022-03-28 00:00:00-04:00,29.62703375069143,29.757282883428555,29.036576757063077,29.409954071044922,200500,0.0,0.0
2022-03-29 00:00:00-04:00,29.809370735329644,30.035132050324265,29.514142361954118,29.844100952148438,326200,0.0,0.0
2022-03-30 00:00:00-04:00,29.913571199038547,30.06118374527461,28.776072839591908,28.967103958129883,258100,0.0,0.0
2022-03-31 00:00:00-04:00,28.80212296341515,29.088669657442043,28.48084604690165,28.498212814331055,467300,0.0,0.0
2022-04-01 00:00:00-04:00,28.819491265059348,28.93237360317371,28.350601768992714,28.585044860839844,323400,0.0,0.0
2022-04-04 00:00:00-04:00,28.593732741188465,28.593732741188465,27.66463207239351,28.211673736572266,765500,0.0,0.0
2022-04-05 00:00:00-04:00,28.211670612289236,28.524262501972323,27.6993608888172,27.777509689331055,361700,0.0,0.0
2022-04-06 00:00:00-04:00,27.942492080716416,27.942492080716416,27.438867372162083,27.482282638549805,271600,0.0,0.0
2022-04-07 00:00:00-04:00,27.46491071789308,27.595159804997767,26.97865286957632,27.17836570739746,280700,0.0,0.0
2022-04-08 00:00:00-04:00,27.317304240084063,27.595167602393712,27.07417607531943,27.221790313720703,268400,0.0,0.0
2022-04-11 00:00:00-04:00,27.178370492312826,27.734095501556652,27.065489807292842,27.143638610839844,268500,0.0,0.0
2022-04-12 00:00:00-04:00,27.161001954288803,27.447546979095087,26.73552610873924,26.88313865661621,244000,0.0,0.0
2022-04-13 00:00:00-04:00,26.83104152259053,27.690676645378602,26.56186324927777,27.61252784729004,439000,0.0,0.0
2022-04-14 00:00:00-04:00,27.421499447296995,27.49964824844987,26.92655814411958,27.378084182739258,568800,0.0,0.0
2022-04-18 00:00:00-04:00,27.447549156610844,28.020639251688763,27.152320725063287,27.708044052124023,390700,0.0,0.0
2022-04-19 00:00:00-04:00,27.864340886574965,28.21166961263423,27.768825321290056,28.168251037597656,711600,0.0,0.0
2022-04-20 00:00:00-04:00,28.420065366899937,28.689245306282164,28.341916565942025,28.558996200561523,340400,0.0,0.0
2022-04-21 00:00:00-04:00,28.75870616069078,28.97578577337311,28.307180168826893,28.411380767822266,391700,0.0,0.0
2022-04-22 00:00:00-04:00,28.376650082712093,28.402698578889158,27.681994258701184,27.690677642822266,335900,0.0,0.0
2022-04-25 00:00:00-04:00,27.56042867809515,27.820925218846853,26.86577454846278,27.603845596313477,578500,0.0,0.0
2022-04-26 00:00:00-04:00,27.291253884960522,27.65594776350157,26.857094584611005,26.86577796936035,404500,0.0,0.0
2022-04-27 00:00:00-04:00,26.97865802505699,27.048123445233863,26.535815350359574,26.770261764526367,431900,0.0,0.0
2022-04-28 00:00:00-04:00,27.100220227399866,27.40413204078478,26.752893150468314,27.282567977905273,368100,0.0,0.0
2022-04-29 00:00:00-04:00,27.152323248486375,27.317302591423672,26.327419909054655,26.422935485839844,405700,0.0,0.0
2022-05-02 00:00:00-04:00,26.640014213882605,26.83972708915688,26.05824070090249,26.501083374023438,352200,0.0,0.0
2022-05-03 00:00:00-04:00,26.48371557820185,26.787627399680748,26.284002710670585,26.77894401550293,350800,0.0,0.0
2022-05-04 00:00:00-04:00,26.84840784251693,27.89907407919573,26.718160399936544,27.829607009887695,391600,0.0,0.0
2022-05-05 00:00:00-04:00,27.334666820045175,27.612528483569037,26.926557708767774,27.239152908325195,322500,0.0,0.0
2022-05-06 00:00:00-04:00,27.187051323876084,27.3172987654955,26.683426668411204,27.048120498657227,282300,0.0,0.0
2022-05-09 00:00:00-04:00,26.709477111328862,27.16100312632149,26.67474357655123,26.80499267578125,517800,0.0,0.0
2022-05-10 00:00:00-04:00,26.770259828946543,27.169687208223316,26.223219891629775,26.657379150390625,346200,0.0,0.0
2022-05-11 00:00:00-04:00,26.75289036886941,27.21309973307035,26.631326318629373,26.648693084716797,421500,0.0,0.0
2022-05-12 00:00:00-04:00,26.553183521398008,27.004709604480365,26.353470634868394,26.987342834472656,606900,0.0,0.0
2022-05-13 00:00:00-04:00,27.13495347557998,27.28256768873458,26.492397976020584,26.700794219970703,556100,0.0,0.0
2022-05-16 00:00:00-04:00,26.596593856811523,26.891822267435085,26.336098979760635,26.596593856811523,352700,0.0,0.0
2022-05-17 00:00:00-04:00,27.056804371177222,27.621211065851003,26.80499286698755,27.58647918701172,298200,0.0,0.0
2022-05-18 00:00:00-04:00,27.325983877846554,27.751459764019877,27.18705304383837,27.378084182739258,367000,0.0,0.0
2022-05-19 00:00:00-04:00,27.098093377651434,27.500584501531137,26.966846888802056,27.063095092773438,358500,0.24,0.0
2022-05-20 00:00:00-04:00,27.29058736146232,27.43933381398287,26.72185151437415,27.150590896606445,1411300,0.0,0.0
2022-05-23 00:00:00-04:00,27.57933094301877,27.929322113587123,27.421834499040628,27.491832733154297,308100,0.0,0.0
2022-05-24 00:00:00-04:00,27.500578035418336,27.65807445256188,26.92309228515151,27.631824493408203,448300,0.0,0.0
2022-05-25 00:00:00-04:00,27.64932593782799,28.043065332754587,27.439331260089265,27.868070602416992,335300,0.0,0.0
2022-05-26 00:00:00-04:00,28.13056569361135,28.428058576170397,27.868071090176635,28.113065719604492,332200,0.0,0.0
2022-05-27 00:00:00-04:00,28.060569036401958,28.489310104609373,28.060569036401958,28.463058471679688,245200,0.0,0.0
2022-05-31 00:00:00-04:00,28.261810640006054,28.585551816381493,28.10431421089827,28.39305877685547,499300,0.0,0.0
2022-06-01 00:00:00-04:00,28.37555699507839,28.559301704739003,27.754321305272622,28.358057022094727,375700,0.0,0.0
2022-06-02 00:00:00-04:00,28.331812843086375,28.90054702758789,28.086816523539234,28.90054702758789,307900,0.0,0.0
2022-06-03 00:00:00-04:00,28.769298592191785,28.839295147684645,28.349309245898738,28.4193058013916,235200,0.0,0.0
2022-06-06 00:00:00-04:00,28.646805498946524,28.84805020919418,28.39306086254682,28.655553817749023,295900,0.0,0.0
2022-06-07 00:00:00-04:00,28.48055789775496,29.093043695747564,28.41056133277873,29.04929542541504,251600,0.0,0.0
2022-06-08 00:00:00-04:00,28.953045145178706,28.98804509403852,28.191814615261443,28.454307556152344,322800,0.0,0.0
2022-06-09 00:00:00-04:00,28.349311858241034,28.463056688620664,27.833072611129104,27.85057258605957,227600,0.0,0.0
2022-06-10 00:00:00-04:00,27.465583216878734,27.684327910657988,27.325586746371176,27.42183494567871,277000,0.0,0.0
2022-06-13 00:00:00-04:00,26.949343904059763,27.27308676471846,26.573104456388126,26.79184913635254,443600,0.0,0.0
2022-06-14 00:00:00-04:00,27.019340313628284,27.159338434747106,26.46810449158591,26.923093795776367,420800,0.0,0.0
2022-06-15 00:00:00-04:00,27.168088625720458,27.316835075080128,26.546854534735033,26.940595626831055,435400,0.0,0.0
2022-06-16 00:00:00-04:00,26.599357396040357,26.958098600332647,26.12686967260968,26.205617904663086,432900,0.0,0.0
2022-06-17 00:00:00-04:00,26.459353697373007,26.835594777093217,26.09186260426133,26.118112564086914,1844100,0.0,0.0
2022-06-21 00:00:00-04:00,26.54685489560538,27.054342494044747,26.398108444223695,26.573104858398438,362500,0.0,0.0
2022-06-22 00:00:00-04:00,26.284363015634653,26.643104177328972,26.18811481702267,26.529356002807617,339600,0.0,0.0
2022-06-23 00:00:00-04:00,26.398105851931398,26.538102301967754,25.776870144616908,26.065614700317383,290700,0.0,0.0
2022-06-24 00:00:00-04:00,26.205611078238732,26.774346863557493,26.205611078238732,26.678098678588867,601300,0.0,0.0
2022-06-27 00:00:00-04:00,26.931845639352314,27.97306911598052,26.669351021658475,26.940595626831055,367100,0.0,0.0
2022-06-28 00:00:00-04:00,27.05434413965233,27.238088883711725,26.58185479397458,26.590604782104492,353100,0.0,0.0
2022-06-29 00:00:00-04:00,26.71309703756909,26.71309703756909,26.249357782609533,26.476852416992188,266700,0.0,0.0
2022-06-30 00:00:00-04:00,25.99561447579158,26.503103686830663,25.855618027535733,26.26685905456543,272000,0.0,0.0
2022-07-01 00:00:00-04:00,26.118112501238954,26.78309646188324,26.05686426401594,26.7305965423584,249300,0.0,0.0
2022-07-05 00:00:00-04:00,26.27561122422202,26.835597063770134,26.013116610266753,26.826847076416016,300600,0.0,0.0
2022-07-06 00:00:00-04:00,26.476855303310213,26.826846444787368,26.24061065697961,26.46810531616211,443500,0.0,0.0
2022-07-07 00:00:00-04:00,26.765600220847652,26.993094897175446,26.581853814668094,26.599353790283203,278300,0.0,0.0
2022-07-08 00:00:00-04:00,26.70435197508431,26.818098478803442,26.188114376665382,26.599353790283203,260900,0.0,0.0
2022-07-11 00:00:00-04:00,26.41560662337781,26.65184959689482,26.38060667536677,26.538103103637695,220300,0.0,0.0
2022-07-12 00:00:00-04:00,26.249362484324394,26.844348300991403,26.249362484324394,26.485607147216797,188200,0.0,0.0
2022-07-13 00:00:00-04:00,26.240607718955612,26.354355870255777,26.013113085244495,26.1618595123291,343500,0.0,0.0
2022-07-14 00:00:00-04:00,26.590599024784467,27.220584682618785,26.223107947344193,26.77434539794922,872700,0.0,0.0
2022-07-15 00:00:00-04:00,27.413078395089666,27.81556940311149,27.281831944019853,27.728071212768555,486700,0.0,0.0
2022-07-18 00:00:00-04:00,27.89431737087261,28.218060191097248,27.72807263646331,27.815570831298828,598300,0.0,0.0
2022-07-19 00:00:00-04:00,27.929316479651863,28.401804047385994,27.929316479651863,28.28805923461914,286000,0.0,0.0
2022-07-20 00:00:00-04:00,27.96431747185367,28.314310274711353,27.62307632484573,28.24431037902832,379200,0.0,0.0
2022-07-21 00:00:00-04:00,28.01681767818451,28.401807095015336,27.94681945067987,28.39305877685547,272700,0.0,0.0
2022-07-22 00:00:00-04:00,28.384306188952767,28.603050851333723,27.9993167847626,28.218061447143555,230000,0.0,0.0
2022-07-25 00:00:00-04:00,28.54180948107849,29.005550546608447,28.39306467699983,28.95305061340332,444500,0.0,0.0
2022-07-26 00:00:00-04:00,28.743046841015946,29.09303963032681,28.743046841015946,28.88304328918457,188000,0.0,0.0
2022-07-27 00:00:00-04:00,28.970547694810392,29.591781822288965,28.970547694810392,29.443037033081055,256500,0.0,0.0
2022-07-28 00:00:00-04:00,29.32928266345357,29.478027421245233,29.049289782381138,29.364282608032227,228800,0.0,0.0
2022-07-29 00:00:00-04:00,29.346784320636335,29.915518432689503,29.25053613640831,29.863021850585938,210300,0.0,0.0
2022-08-01 00:00:00-04:00,30.41425330886437,30.466753224119607,29.583026346215554,30.300508499145508,285900,0.0,0.0
2022-08-02 00:00:00-04:00,30.2480126870348,30.2480126870348,29.76677508080602,29.78427505493164,259100,0.0,0.0
2022-08-03 00:00:00-04:00,29.784277346367393,30.1692667934136,29.635529223745177,29.976770401000977,190200,0.0,0.0
2022-08-04 00:00:00-04:00,29.9155148969054,30.011763069757624,29.626773716126944,29.758018493652344,197700,0.0,0.0
2022-08-05 00:00:00-04:00,29.75802231627594,30.151763374987343,29.600529230570032,30.09051513671875,213500,0.0,0.0
2022-08-08 00:00:00-04:00,30.02052058514973,30.326761796941188,29.89802076265427,30.055517196655273,188900,0.0,0.0
2022-08-09 00:00:00-04:00,30.099269770495724,30.239266234358443,29.880525087099034,30.213014602661133,323400,0.0,0.0
2022-08-10 00:00:00-04:00,30.510507532103798,30.606755726926615,30.37051106811943,30.52800750732422,243000,0.0,0.0
2022-08-11 00:00:00-04:00,30.711748786135143,30.886745180877455,30.21301123067565,30.30925941467285,456500,0.0,0.0
2022-08-12 00:00:00-04:00,30.475511349230406,30.633004452877298,30.353011520959885,30.624256134033203,248800,0.0,0.0
2022-08-15 00:00:00-04:00,30.36176257280101,30.930496744151192,30.326762622563745,30.913000106811523,210900,0.0,0.0
2022-08-16 00:00:00-04:00,30.939241150822184,31.20173404053559,30.85174129573226,31.12298583984375,192500,0.0,0.0
2022-08-17 00:00:00-04:00,30.886744169369788,30.912995797277517,30.554251364026037,30.834247589111328,345900,0.0,0.0
2022-08-18 00:00:00-04:00,30.92234409509942,30.92234409509942,30.658051216468863,30.834247589111328,208200,0.24,0.0
2022-08-19 00:00:00-04:00,30.684484089354935,30.70210070272716,30.33209132991484,30.587575912475586,344200,0.0,0.0
2022-08-22 00:00:00-04:00,30.270423104267174,30.270423104267174,29.94446198618429,30.07660675048828,327300,0.0,0.0
2022-08-23 00:00:00-04:00,30.076605505326533,30.16470537188164,29.530399775349984,29.671356201171875,390400,0.0,0.0
2022-08-24 00:00:00-04:00,29.69778960704735,29.69778960704735,29.33658849348889,29.539213180541992,270500,0.0,0.0
2022-08-25 00:00:00-04:00,29.495154500275504,29.935643671475553,29.495154500275504,29.794687271118164,255200,0.0,0.0
2022-08-26 00:00:00-04:00,29.900413304905516,29.926844948893212,29.15158281836686,29.23967933654785,248800,0.0,0.0
2022-08-29 00:00:00-04:00,29.063481313702212,29.20443773500765,28.737516858892125,28.80799674987793,168800,0.0,0.0
2022-08-30 00:00:00-04:00,28.84323669537083,28.85204500141097,28.570132158800096,28.80799674987793,186800,0.0,0.0
2022-08-31 00:00:00-04:00,28.763953892218876,28.83443043575441,28.147268173115638,28.200124740600586,385300,0.0,0.0
2022-09-01 00:00:00-04:00,28.420365215224468,28.420365215224468,27.88296946748245,28.041545867919922,265700,0.0,0.0
2022-09-02 00:00:00-04:00,28.349887875630486,28.490844298602358,27.636295774293753,27.777252197265625,271000,0.0,0.0
2022-09-06 00:00:00-04:00,27.979874737738676,27.979874737738676,27.107706306169007,27.213422775268555,215900,0.0,0.0
2022-09-07 00:00:00-04:00,27.09889906404975,27.521768343928333,27.01080087732509,27.451290130615234,261600,0.0,0.0
2022-09-08 00:00:00-04:00,27.239856378665188,27.777253822904335,27.107709934436944,27.733203887939453,222000,0.0,0.0
2022-09-09 00:00:00-04:00,27.94463441676669,28.20011728058148,27.909396154320802,28.191308975219727,215400,0.0,0.0
2022-09-12 00:00:00-04:00,28.27940823943029,28.61418100726434,28.20012004075028,28.429176330566406,235200,0.0,0.0
2022-09-13 00:00:00-04:00,28.067977595798656,28.20012236404136,27.266287236726768,27.398433685302734,303700,0.0,0.0
2022-09-14 00:00:00-04:00,27.548196155373766,27.574624433096638,27.151755186200514,27.345571517944336,295600,0.0,0.0
2022-09-15 00:00:00-04:00,27.2574795697909,27.84773532532128,27.1870013458619,27.574630737304688,359000,0.0,0.0
2022-09-16 00:00:00-04:00,27.46891424157789,27.609870689435887,27.151761393730702,27.574630737304688,822100,0.0,0.0
2022-09-19 00:00:00-04:00,27.380812316347612,28.297029102770736,27.380812316347612,28.1296443939209,225400,0.0,0.0
2022-09-20 00:00:00-04:00,27.935829882906518,28.261794376225758,27.847733369432788,28.12083625793457,306600,0.0,0.0
2022-09-21 00:00:00-04:00,28.288219476746033,28.46441584454442,27.750822067260742,27.750822067260742,306700,0.0,0.0
2022-09-22 00:00:00-04:00,27.85654466056765,27.85654466056765,27.239858955390197,27.327957153320312,234100,0.0,0.0
2022-09-23 00:00:00-04:00,27.046042783145623,27.054851090156255,26.62317179230452,26.913894653320312,221200,0.0,0.0
2022-09-26 00:00:00-04:00,26.808175699649652,27.14294678625453,26.70245754158157,26.720077514648438,292400,0.0,0.0
2022-09-27 00:00:00-04:00,26.746506843458114,26.984369752918575,26.22672941257582,26.517452239990234,286000,0.0,0.0
2022-09-28 00:00:00-04:00,26.535073733284456,27.204615929073093,26.429355571651254,26.966753005981445,371500,0.0,0.0
2022-09-29 00:00:00-04:00,26.693647781622293,27.046040524618245,26.288398479643334,26.790555953979492,381500,0.0,0.0
2022-09-30 00:00:00-04:00,26.834608695293678,27.11652327291272,26.35888110120753,26.411739349365234,408100,0.0,0.0
2022-10-03 00:00:00-04:00,26.843411019971892,27.098895560408252,26.438161765899924,26.99317741394043,377200,0.0,0.0
2022-10-04 00:00:00-04:00,27.160568937433712,27.97987926708242,27.160568937433712,27.96225929260254,312300,0.0,0.0
2022-10-05 00:00:00-04:00,27.548195814799293,28.015113305683112,27.53938582888958,27.830108642578125,298700,0.0,0.0
2022-10-06 00:00:00-04:00,27.4865306402074,27.90939992874396,27.4865306402074,27.609867095947266,186900,0.0,0.0
2022-10-07 00:00:00-04:00,27.389620115096236,27.592244755095624,27.072467335735077,27.468908309936523,416900,0.0,0.0
2022-10-10 00:00:00-04:00,27.336764444110933,27.997498342898986,27.266286228786868,27.71558380126953,423700,0.0,0.0
2022-10-11 00:00:00-04:00,27.592247456718233,28.032736724367844,27.477720986475944,27.733203887939453,568700,0.0,0.0
2022-10-12 00:00:00-04:00,27.73320516143793,28.367510811393696,27.48653223564027,28.0767879486084,518400,0.0,0.0
2022-10-13 00:00:00-04:00,27.838922793854575,29.17800892616326,27.42486179580964,29.08991241455078,759800,0.0,0.0
2022-10-14 00:00:00-04:00,30.561146934503682,31.35402903201076,30.314473997797794,30.851871490478516,896900,0.0,0.0
2022-10-17 00:00:00-04:00,31.52140268936219,32.19975638774761,31.33639805180222,32.16451644897461,1178000,0.0,0.0
2022-10-18 00:00:00-04:00,32.534540294344204,33.12479434916567,32.39358385135201,33.107177734375,868100,0.0,0.0
2022-10-19 00:00:00-04:00,33.00145710272704,33.47718634684749,32.49929957637765,32.98383712768555,645800,0.0,0.0
2022-10-20 00:00:00-04:00,32.98383419331991,33.08074236709349,31.68879806931432,32.032379150390625,613200,0.0,0.0
2022-10-21 00:00:00-04:00,32.27024893974418,32.58740179193498,31.706423140590246,32.49930191040039,456900,0.0,0.0
2022-10-24 00:00:00-04:00,32.543347509439315,33.23932139364496,32.543347509439315,32.86050033569336,375200,0.0,0.0
2022-10-25 00:00:00-04:00,32.490488456876506,33.55647164961775,32.490488456876506,33.23931884765625,344800,0.0,0.0
2022-10-26 00:00:00-04:00,33.318598558506125,33.65337124868327,33.019065806382464,33.045494079589844,318900,0.0,0.0
2022-10-27 00:00:00-04:00,33.38027476271604,33.644567640071486,33.07193363257906,33.12479019165039,263700,0.0,0.0
2022-10-28 00:00:00-04:00,33.43313013130858,33.98814745066867,33.09835740654121,33.97933578491211,274000,0.0,0.0
2022-10-31 00:00:00-04:00,33.72385176874925,34.287677401896,33.670995216057904,34.09386444091797,316200,0.0,0.0
2022-11-01 00:00:00-04:00,34.129107973407734,34.31411264862095,33.98815155029297,33.98815155029297,216400,0.0,0.0
2022-11-02 00:00:00-04:00,33.75028788387506,34.18196547123832,33.133602255546954,33.151222229003906,270200,0.0,0.0
2022-11-03 00:00:00-04:00,32.86050089321845,33.01907730903594,32.40239162093087,32.94860076904297,315100,0.0,0.0
2022-11-04 00:00:00-04:00,33.14241941109807,33.70624526959903,33.06313118970467,33.64457702636719,227300,0.0,0.0
2022-11-07 00:00:00-05:00,33.72384587095549,34.07623851037697,33.40669316760922,33.538841247558594,275600,0.0,0.0
2022-11-08 00:00:00-05:00,33.415512716506385,33.87362191158119,33.22169638302618,33.54766082763672,224000,0.0,0.0
2022-11-09 00:00:00-05:00,33.30980163256071,33.60933448700126,32.87812064561209,32.913360595703125,274200,0.0,0.0
2022-11-10 00:00:00-05:00,33.72386017636459,34.46388234452933,33.66219194240642,34.37578582763672,332100,0.0,0.0
2022-11-11 00:00:00-05:00,34.33173128403458,34.507924285563924,33.55646930677436,33.60932922363281,274900,0.0,0.0
2022-11-14 00:00:00-05:00,33.12479473192283,33.30099112786569,31.530225582273392,31.539033889770508,872200,0.0,0.0
2022-11-15 00:00:00-05:00,31.85618645437502,32.22619921871642,31.15140423737558,31.459745407104492,471900,0.0,0.0
2022-11-16 00:00:00-05:00,31.47736577809836,31.556653988548653,30.754963576514243,30.93115997314453,339200,0.0,0.0
2022-11-17 00:00:00-05:00,30.61181762392144,30.842450436533046,30.10620395969931,30.354578018188477,441600,0.24,0.0
2022-11-18 00:00:00-05:00,30.806969112118608,30.860192851768044,30.354579168387154,30.381189346313477,408900,0.0,0.0
2022-11-21 00:00:00-05:00,30.49650365309644,31.268229213891143,30.49650365309644,31.161785125732422,385300,0.0,0.0
2022-11-22 00:00:00-05:00,31.23275075970729,31.516603954012957,30.98438006063908,31.285974502563477,242500,0.0,0.0
2022-11-23 00:00:00-05:00,31.179527920128002,31.321454505989717,30.869061187195253,30.877933502197266,208400,0.0,0.0
2022-11-25 00:00:00-05:00,31.037607338552178,31.365811997387343,30.993252522555032,31.081958770751953,192900,0.0,0.0
2022-11-28 00:00:00-05:00,30.922281956098104,31.135170122546928,30.407796016886717,30.585205078125,310500,0.0,0.0
2022-11-29 00:00:00-05:00,30.58520728119153,30.851319200318922,30.425539452955768,30.789226531982422,266300,0.0,0.0
2022-11-30 00:00:00-05:00,30.79810203633792,31.32145699780093,30.24813351154832,31.285974502563477,568600,0.0,0.0
2022-12-01 00:00:00-05:00,31.330329498108576,31.330329498108576,30.79810554411656,31.081958770751953,296100,0.0,0.0
2022-12-02 00:00:00-05:00,30.860189001667944,31.099690724515124,30.806965268658672,30.975502014160156,207900,0.0,0.0
2022-12-05 00:00:00-05:00,30.691652704216775,30.691652704216775,29.272386818071418,29.59172248840332,373200,0.0,0.0
2022-12-06 00:00:00-05:00,29.671554565429688,30.390056395310282,29.29012624772661,29.671554565429688,315000,0.0,0.0
2022-12-07 00:00:00-05:00,29.60946199536776,29.919925332285512,29.316736520162515,29.520755767822266,374000,0.0,0.0
2022-12-08 00:00:00-05:00,29.742519566491605,30.008634894906805,29.52075904867691,29.98202133178711,513600,0.0,0.0
2022-12-09 00:00:00-05:00,29.86670722260282,30.221525432038852,29.503020080639637,29.786876678466797,252700,0.0,0.0
2022-12-12 00:00:00-05:00,29.831226409865096,30.01750443650208,29.43205679293082,29.911060333251953,287900,0.0,0.0
2022-12-13 00:00:00-05:00,30.310223156813983,30.682782551976047,29.87557447688767,30.159427642822266,513500,0.0,0.0
2022-12-14 00:00:00-05:00,30.1682959028688,30.1682959028688,29.529627985619,29.671554565429688,400300,0.0,0.0
2022-12-15 00:00:00-05:00,29.26351281222351,29.36108457564158,28.979656300420096,29.174806594848633,496100,0.0,0.0
2022-12-16 00:00:00-05:00,28.997402258816976,29.28125543297817,28.90869941081538,29.07723617553711,1288700,0.0,0.0
2022-12-19 00:00:00-05:00,29.157072015154082,29.857836065490716,29.077238093168933,29.387704849243164,362900,0.0,0.0
2022-12-20 00:00:00-05:00,29.48527506506106,29.83122087427681,29.387699911939404,29.724773406982422,369500,0.0,0.0
2022-12-21 00:00:00-05:00,29.946537095240107,30.611818609993747,29.92879923258783,30.4521541595459,343300,0.0,0.0
2022-12-22 00:00:00-05:00,30.27474221752358,30.71826318544126,29.591719520874786,30.123943328857422,294700,0.0,0.0
2022-12-23 00:00:00-05:00,30.186036068416207,30.469889217882752,30.132815717764014,30.203777313232422,188100,0.0,0.0
2022-12-27 00:00:00-05:00,30.319101186935246,30.40780404908699,30.123950829644663,30.274749755859375,183300,0.0,0.0
2022-12-28 00:00:00-05:00,30.354581591176974,30.407801951277474,30.026373579504288,30.035245895385742,219000,0.0,0.0
2022-12-29 00:00:00-05:00,30.10620680542808,30.398932314382108,30.008635019573717,30.14168930053711,382200,0.0,0.0
2022-12-30 00:00:00-05:00,29.99975753865261,30.141684110855365,29.724773324598843,29.760255813598633,262200,0.0,0.0
2023-01-03 00:00:00-05:00,29.94653996691748,30.052987455819352,29.219165711740136,29.565114974975586,551700,0.0,0.0
2023-01-04 00:00:00-05:00,29.707044476924374,29.982025390610136,29.068373016342747,29.157075881958008,490400,0.0,0.0
2023-01-05 00:00:00-05:00,29.01514175407306,29.219160999201282,28.527269351914565,28.64258575439453,477100,0.0,0.0
2023-01-06 00:00:00-05:00,28.793381759624165,29.689296051267846,28.740161406637103,29.680423736572266,488200,0.0,0.0
2023-01-09 00:00:00-05:00,29.733650271105468,29.99976221247004,29.58285136126083,29.81348419189453,633900,0.0,0.0
2023-01-10 00:00:00-05:00,29.840090988982006,30.390056056645058,29.325608411825353,30.292484283447266,759900,0.0,0.0
2023-01-11 00:00:00-05:00,30.30135703702506,31.010990017698383,30.159430440890397,30.851322174072266,1124700,0.0,0.0
2023-01-12 00:00:00-05:00,30.83358120066209,31.312584735798332,30.594082816890964,31.055341720581055,707600,0.0,0.0
2023-01-13 00:00:00-05:00,31.933513234533894,32.54557102002894,31.135174050151818,32.24397659301758,695400,0.0,0.0
2023-01-17 00:00:00-05:00,32.51895449869431,32.51895449869431,31.862542032486466,31.9157657623291,473900,0.0,0.0
2023-01-18 00:00:00-05:00,31.729489484623098,31.764971973087107,30.177166144184373,30.22151756286621,467700,0.0,0.0
2023-01-19 00:00:00-05:00,30.203784183187327,30.336841857675147,29.662687936506128,29.786876678466797,417100,0.0,0.0
2023-01-20 00:00:00-05:00,30.017497775268804,30.017497775268804,29.538494341244128,30.008628845214844,566800,0.0,0.0
2023-01-23 00:00:00-05:00,30.15942926617177,30.2570044316757,29.813483413055526,29.95541000366211,606600,0.0,0.0
2023-01-24 00:00:00-05:00,29.982016128552672,30.079591280864953,29.573977658698016,29.831220626831055,316800,0.0,0.0
2023-01-25 00:00:00-05:00,29.72478092879645,30.088468074591788,29.503020391511555,30.070730209350586,275100,0.0,0.0
2023-01-26 00:00:00-05:00,30.327962726605065,30.336835040935817,29.80460784637414,30.16829490661621,349200,0.0,0.0
2023-01-27 00:00:00-05:00,30.212650371706133,30.629557791868454,29.769129391765745,30.292484283447266,268500,0.0,0.0
2023-01-30 00:00:00-05:00,30.265875681790877,30.407802283270197,29.715910524033152,30.31909942626953,360500,0.0,0.0
2023-01-31 00:00:00-05:00,30.4077980196877,31.463380142493094,30.310222860390063,31.45450782775879,424100,0.0,0.0
2023-02-01 00:00:00-05:00,31.188393495495987,32.18187948962998,31.046466924905413,31.835933685302734,380200,0.0,0.0
2023-02-02 00:00:00-05:00,31.889151520189515,32.58991531328269,31.76496621686581,32.572174072265625,348900,0.0,0.0
2023-02-03 00:00:00-05:00,32.377036077665096,32.652020341971095,32.137534308843165,32.27946090698242,426200,0.0,0.0
2023-02-06 00:00:00-05:00,32.235102578098946,32.40363931986959,31.348060683692033,31.543210983276367,394600,0.0,0.0
2023-02-07 00:00:00-05:00,31.472243774784832,32.057691248208485,31.27709348904493,31.9689884185791,379600,0.0,0.0
2023-02-08 00:00:00-05:00,31.702881483521,32.04882731027006,31.52547241283527,31.880287170410156,265600,0.0,0.0
2023-02-09 00:00:00-05:00,31.933511538281024,32.18188221187495,31.472249298894702,31.578693389892578,235800,0.0,0.0
2023-02-10 00:00:00-05:00,31.481127947360054,31.72062635434064,31.23275383999926,31.70288848876953,211500,0.0,0.0
2023-02-13 00:00:00-05:00,31.71175024704983,32.004475719706484,31.374673352904864,31.951251983642578,262700,0.0,0.0
2023-02-14 00:00:00-05:00,31.71175440070075,32.44800095226825,31.71175440070075,32.430259704589844,430600,0.0,0.0
2023-02-15 00:00:00-05:00,32.35928871028366,33.077793880869066,32.26171355805394,32.93586730957031,352200,0.0,0.0
2023-02-16 00:00:00-05:00,32.54557016946551,32.687496755891274,32.12866272522551,32.306068420410156,474700,0.0,0.0
2023-02-17 00:00:00-05:00,32.412513358525544,32.81168290900915,32.20849411801092,32.72297668457031,346800,0.0,0.0
2023-02-21 00:00:00-05:00,32.37703595250134,32.46573880707158,31.481124939672668,31.560958862304688,341300,0.0,0.0
2023-02-22 00:00:00-05:00,31.534341670275033,31.756102164979918,31.20613708557486,31.37467384338379,445200,0.0,0.0
2023-02-23 00:00:00-05:00,31.27640627457893,31.705220348396896,31.07093471014512,31.526548385620117,267400,0.25,0.0
2023-02-24 00:00:00-05:00,31.15133980221879,31.57121844236962,31.106672659367213,31.562286376953125,308700,0.0,0.0
2023-02-27 00:00:00-05:00,31.70522352960511,32.044696544270046,31.526551548900912,31.660552978515625,356700,0.0,0.0
2023-02-28 00:00:00-05:00,31.615885167734447,31.937494044634242,31.29427629083465,31.33001136779785,501400,0.0,0.0
2023-03-01 00:00:00-05:00,31.196001893027997,31.37467384338379,30.838661400200408,31.37467384338379,434500,0.0,0.0
2023-03-02 00:00:00-05:00,31.097733599873006,31.178135802076696,30.597452851951832,30.9190616607666,339600,0.0,0.0
2023-03-03 00:00:00-05:00,31.0530689973528,31.070936535468565,30.58852663788065,30.77613067626953,535000,0.0,0.0
2023-03-06 00:00:00-05:00,31.240677889949925,31.86602471353069,31.16920773417807,31.508684158325195,1325100,0.0,0.0
2023-03-07 00:00:00-05:00,31.285340799116675,31.37467507385614,30.5349213044991,30.597455978393555,683600,0.0,0.0
2023-03-08 00:00:00-05:00,30.651059809230695,30.89226645009887,30.36518602921307,30.72252655029297,571900,0.0,0.0
2023-03-09 00:00:00-05:00,30.311581277025745,30.463450220986388,28.24792858230067,28.32832908630371,1252000,0.0,0.0
2023-03-10 00:00:00-05:00,27.676182792097617,28.855413049659816,26.997231676301332,28.310466766357422,1181700,0.0,0.0
2023-03-13 00:00:00-04:00,27.184834942074335,31.285340866518066,25.97880348713052,28.80181121826172,2083500,0.0,0.0
2023-03-14 00:00:00-04:00,30.44559234672881,30.722530691515697,28.55167403896725,28.632076263427734,1425200,0.0,0.0
2023-03-15 00:00:00-04:00,27.470709294657404,28.667807006739956,26.809625763259028,28.158594131469727,1244200,0.0,0.0
2023-03-16 00:00:00-04:00,27.533244374020267,29.060883022246575,26.773891082237245,28.2479305267334,1428700,0.0,0.0
2023-03-17 00:00:00-04:00,27.69405291465099,28.024595586270184,26.57735723260861,26.916831970214844,13374500,0.0,0.0
2023-03-20 00:00:00-04:00,27.551109401134678,28.408730661524842,27.041896564785272,27.256301879882812,1002100,0.0,0.0
2023-03-21 00:00:00-04:00,28.381933901466507,28.76607743509139,28.024591673888295,28.712474822998047,1002000,0.0,0.0
2023-03-22 00:00:00-04:00,28.632071882427354,28.81074384365477,26.711355966972125,26.738157272338867,731000,0.0,0.0
2023-03-23 00:00:00-04:00,26.93469598421746,27.1759026289099,25.6571960185599,25.880535125732422,915800,0.0,0.0
2023-03-24 00:00:00-04:00,25.264122063654508,26.684559014180433,25.19265361285821,26.62202262878418,882000,0.0,0.0
2023-03-27 00:00:00-04:00,27.2831046756287,27.577912213006478,26.764956339206226,27.166967391967773,646500,0.0,0.0
2023-03-28 00:00:00-04:00,26.94363053259317,27.488578515123717,26.747092726013697,27.104434967041016,658300,0.0,0.0
2023-03-29 00:00:00-04:00,27.470709954207265,27.595779307924282,26.577353532932232,27.06869888305664,523800,0.0,0.0
2023-03-30 00:00:00-04:00,27.131234066703833,27.211634573444172,26.15747547416533,26.496950149536133,644000,0.0,0.0
2023-03-31 00:00:00-04:00,26.756025382754164,26.98829655180949,26.362948081993668,26.907896041870117,614300,0.0,0.0
2023-04-03 00:00:00-04:00,26.952562274650386,27.12230046535157,26.443349406488913,26.57735252380371,454800,0.0,0.0
2023-04-04 00:00:00-04:00,26.648821291725163,26.747091040794448,25.996671529946678,26.738157272338867,1076500,0.0,0.0
2023-04-05 00:00:00-04:00,26.327214759477364,26.77389299790452,26.264680078728325,26.604156494140625,589500,0.0,0.0
2023-04-06 00:00:00-04:00,26.60415504727419,26.93469597152616,26.4612181550665,26.702423095703125,607000,0.0,0.0
2023-04-10 00:00:00-04:00,26.541618410221623,27.11336767748501,26.434416594069962,27.05976676940918,788300,0.0,0.0
2023-04-11 00:00:00-04:00,27.122298175057715,27.33670348544473,26.550548976750395,26.63988494873047,725700,0.0,0.0
2023-04-12 00:00:00-04:00,26.756024333089123,26.845358608170898,26.23787769948129,26.273611068725586,723100,0.0,0.0
2023-04-13 00:00:00-04:00,26.273612103483362,26.630954329710217,25.84480143201114,26.54161834716797,1293700,0.0,0.0
2023-04-14 00:00:00-04:00,26.988296655159743,27.256304603771824,25.344522408472862,25.64826202392578,2039200,0.0,0.0
2023-04-17 00:00:00-04:00,25.317722092990557,26.327214138282198,25.112250517108343,26.282546997070312,984500,0.0,0.0
2023-04-18 00:00:00-04:00,26.327211164422625,26.34507870046599,25.47852364966705,26.237876892089844,1148500,0.0,0.0
2023-04-19 00:00:00-04:00,26.121742061211915,26.41654961780375,25.585727857242528,26.264678955078125,982600,0.0,0.0
2023-04-20 00:00:00-04:00,26.08600724075147,26.19320905322544,25.48745839195519,25.90733528137207,855900,0.0,0.0
2023-04-21 00:00:00-04:00,25.844799467859517,25.844799467859517,25.398121293037033,25.710796356201172,737700,0.0,0.0
2023-04-24 00:00:00-04:00,25.505324241067736,26.15747570046059,25.43385579805864,25.683996200561523,556200,0.0,0.0
2023-04-25 00:00:00-04:00,25.237319082316073,25.389189743181504,24.56730176154662,24.68343734741211,667700,0.0,0.0
2023-04-26 00:00:00-04:00,24.647703583904786,25.156916466950957,24.37969734144116,24.73703956604004,616200,0.0,0.0
2023-04-27 00:00:00-04:00,24.897841137098492,24.951442038654307,24.477962580409123,24.629833221435547,607800,0.0,0.0
2023-04-28 00:00:00-04:00,24.656637736955613,25.147983090447298,24.62090266196748,25.049715042114258,513700,0.0,0.0
2023-05-01 00:00:00-04:00,24.9871754050442,25.451721095706425,24.567298552296773,24.629833221435547,439800,0.0,0.0
2023-05-02 00:00:00-04:00,24.451167205671187,24.469033039981586,22.494716069506303,22.923526763916016,994200,0.0,0.0
2023-05-03 00:00:00-04:00,23.048596376945266,23.977687928979524,22.843124796610006,22.93246078491211,946000,0.0,0.0
2023-05-04 00:00:00-04:00,22.333910560570434,22.816323846570988,21.351218155116904,22.50364875793457,1100900,0.0,0.0
2023-05-05 00:00:00-04:00,23.120064656701427,23.56674289098342,22.61978551140942,23.450607299804688,705900,0.0,0.0
2023-05-08 00:00:00-04:00,23.87048277502735,23.87048277502735,22.825255702210892,22.869924545288086,606700,0.0,0.0
2023-05-09 00:00:00-04:00,22.780587479919877,23.030727877432255,22.333909294039096,22.68231773376465,885700,0.0,0.0
2023-05-10 00:00:00-04:00,23.173667382525664,23.31660428186439,22.110572702744427,22.780590057373047,739400,0.0,0.0
2023-05-11 00:00:00-04:00,22.52151468411948,22.71805418838473,22.092704008537016,22.432180404663086,691900,0.0,0.0
2023-05-12 00:00:00-04:00,22.664453649002574,22.664453649002574,21.994436318515742,22.601917266845703,767800,0.0,0.0
2023-05-15 00:00:00-04:00,22.79845820919055,23.155800467152005,22.53045023776274,23.10219955444336,817300,0.0,0.0
2023-05-16 00:00:00-04:00,23.164733515607367,23.27193533768807,22.71805528107253,22.85205841064453,671400,0.0,0.0
2023-05-17 00:00:00-04:00,23.227268227571123,24.343963815435117,23.227268227571123,24.201026916503906,778800,0.0,0.0
2023-05-18 00:00:00-04:00,24.17397536621094,24.543663035324148,23.759204506157484,23.97560691833496,544800,0.25,0.0
2023-05-19 00:00:00-04:00,24.237090805983478,24.336275882808025,23.082944689392544,23.813302993774414,730200,0.0,0.0
2023-05-22 00:00:00-04:00,24.05675593634894,24.805148191348696,23.867402767351564,24.687929153442383,494000,0.0,0.0
2023-05-23 00:00:00-04:00,24.742031060244976,25.64370855946864,24.669896929099618,24.705963134765625,557100,0.0,0.0
2023-05-24 00:00:00-04:00,24.507590813354227,24.69694223262021,24.038718175438834,24.15593719482422,467800,0.0,0.0
2023-05-25 00:00:00-04:00,23.975606037246713,24.17397447783278,23.59690139989991,23.858386993408203,433700,0.0,0.0
2023-05-26 00:00:00-04:00,23.90347067239908,24.182990215161666,23.461648904866816,24.137907028198242,486400,0.0,0.0
2023-05-30 00:00:00-04:00,24.21004224133876,24.372344473362823,23.651001411012913,24.074790954589844,532800,0.0,0.0
2023-05-31 00:00:00-04:00,23.912490598269653,24.1198760355396,23.11901333942547,23.452634811401367,593000,0.0,0.0
2023-06-01 00:00:00-04:00,23.596900260064174,24.2731583855305,23.2181956410105,24.029705047607422,375800,0.0,0.0
2023-06-02 00:00:00-04:00,24.444476540375902,25.60763957182534,24.25512337909006,25.499439239501953,556300,0.0,0.0
2023-06-05 00:00:00-04:00,25.3912374788329,25.409271441031567,24.399391915478915,24.552677154541016,367800,0.0,0.0
2023-06-06 00:00:00-04:00,24.606781415041667,26.62653894118695,24.570713487164728,26.148649215698242,487800,0.0,0.0
2023-06-07 00:00:00-04:00,26.41013614182576,27.456081957362084,26.25685089024819,27.077377319335938,574700,0.0,0.0
2023-06-08 00:00:00-04:00,26.92409366495399,26.92409366495399,26.22980150075023,26.56342124938965,355000,0.0,0.0
2023-06-09 00:00:00-04:00,26.626536922585146,26.626536922585146,26.094547065425516,26.25684928894043,393800,0.0,0.0
2023-06-12 00:00:00-04:00,26.356036194379392,27.005245175906357,26.058482651117384,26.365053176879883,407700,0.0,0.0
2023-06-13 00:00:00-04:00,26.53636883605468,27.140492823834393,26.53636883605468,26.788837432861328,371000,0.0,0.0
2023-06-14 00:00:00-04:00,26.78883874546496,27.04130907445552,25.90519517371813,26.031431198120117,472200,0.0,0.0
2023-06-15 00:00:00-04:00,25.76092651047919,26.319967330448833,25.76092651047919,26.1937313079834,391500,0.0,0.0
2023-06-16 00:00:00-04:00,26.356035838909712,26.356035838909712,25.760928760412042,25.995365142822266,1260600,0.0,0.0
2023-06-20 00:00:00-04:00,26.013393875343127,26.545383689999742,25.40926993597781,25.598621368408203,300300,0.0,0.0
2023-06-21 00:00:00-04:00,25.37319830241879,25.508451271300903,24.769074451417723,24.778091430664062,345100,0.0,0.0
2023-06-22 00:00:00-04:00,24.68793035546908,25.28303911571217,23.92150582024024,24.002656936645508,588900,0.0,0.0
2023-06-23 00:00:00-04:00,23.687069731608375,24.07479135459379,23.479684307160092,23.71411895751953,763500,0.0,0.0
2023-06-26 00:00:00-04:00,23.894452918756926,24.36332561520093,23.79526784686712,23.94855308532715,659900,0.0,0.0
2023-06-27 00:00:00-04:00,23.957571531720802,24.552678559831932,23.70510292574238,24.255125045776367,545800,0.0,0.0
2023-06-28 00:00:00-04:00,24.22807546554167,24.2821756346277,23.669034652274824,23.921504974365234,581300,0.0,0.0
2023-06-29 00:00:00-04:00,24.038723582994656,24.408411244563283,24.038723582994656,24.246109008789062,434800,0.0,0.0
2023-06-30 00:00:00-04:00,24.507594025453315,24.651862283749242,23.912487030029297,23.912487030029297,514500,0.0,0.0
2023-07-03 00:00:00-04:00,23.912487083268402,24.588745190466177,23.912487083268402,24.48054313659668,189800,0.0,0.0
2023-07-05 00:00:00-04:00,24.273158732033632,24.354309845833104,23.75920282451256,23.813302993774414,732100,0.0,0.0
2023-07-06 00:00:00-04:00,23.45263106862002,23.470665030673352,22.803423913019444,23.34442901611328,472700,0.0,0.0
2023-07-07 00:00:00-04:00,23.443616860274854,24.21004314005423,23.42558289608864,24.011672973632812,579300,0.0,0.0
2023-07-10 00:00:00-04:00,23.876419377227275,24.705962731774484,23.524765708606314,24.336275100708008,462500,0.0,0.0
2023-07-11 00:00:00-04:00,24.498577985205777,24.76908054994602,24.246107663585086,24.597763061523438,459600,0.0,0.0
2023-07-12 00:00:00-04:00,25.030570615283725,25.45435847209414,24.588748793550256,24.64284896850586,483400,0.0,0.0
2023-07-13 00:00:00-04:00,24.90432907627559,25.246965711354804,24.71497593913764,25.030563354492188,360300,0.0,0.0
2023-07-14 00:00:00-04:00,25.174835806677095,25.174835806677095,24.02068799039199,24.137907028198242,706600,0.0,0.0
2023-07-17 00:00:00-04:00,24.39939239542464,25.688791481166486,24.27315809717747,25.5264892578125,765500,0.0,0.0
2023-07-18 00:00:00-04:00,25.490422357133347,26.28389776989031,25.490422357133347,26.10356330871582,632000,0.0,0.0
2023-07-19 00:00:00-04:00,26.220782404209363,27.447064390701044,25.995363022563886,27.438047409057617,644200,0.0,0.0
2023-07-20 00:00:00-04:00,27.420011174371457,27.483128320833593,26.53636768427503,26.942121505737305,648100,0.0,0.0
2023-07-21 00:00:00-04:00,27.203612185503452,27.311814249944458,26.54538797627662,26.680639266967773,498300,0.0,0.0
2023-07-24 00:00:00-04:00,26.725719677114068,27.49214587105433,26.725719677114068,27.27574348449707,402500,0.0,0.0
2023-07-25 00:00:00-04:00,27.239680546374426,27.78970445443904,27.050329068406114,27.104429244995117,384400,0.0,0.0
2023-07-26 00:00:00-04:00,27.483130020390867,28.691378018225798,27.483130020390867,28.511043548583984,530700,0.0,0.0
2023-07-27 00:00:00-04:00,28.73646075704627,28.997946320229907,27.75363221028776,27.961017608642578,430600,0.0,0.0
2023-07-28 00:00:00-04:00,28.34873969485774,28.456940026469606,27.95200113271663,28.240537643432617,286900,0.0,0.0
2023-07-31 00:00:00-04:00,28.240541974690043,28.46596137323618,27.70855205653607,27.988073348999023,298400,0.0,0.0
2023-08-01 00:00:00-04:00,27.98807088177316,28.096271220441572,27.347878952033785,27.636415481567383,223900,0.0,0.0
2023-08-02 00:00:00-04:00,27.25771011007375,27.573297575537907,26.99622453227544,27.46509552001953,248600,0.0,0.0
2023-08-03 00:00:00-04:00,27.392960072153432,27.924949903255083,27.27574276080828,27.816749572753906,197100,0.0,0.0
2023-08-04 00:00:00-04:00,27.73559824874041,28.27660505646826,27.71756428719306,27.961017608642578,185900,0.0,0.0
2023-08-07 00:00:00-04:00,27.961017985991536,28.348739565425895,27.87986687774652,28.29463768005371,269100,0.0,0.0
2023-08-08 00:00:00-04:00,27.600348519370833,27.61838076211279,26.734737234663807,27.46509552001953,336700,0.0,0.0
2023-08-09 00:00:00-04:00,27.33886076289124,27.438045835467207,27.032290283850344,27.221643447875977,263100,0.0,0.0
2023-08-10 00:00:00-04:00,27.302791017260663,27.618376716685788,26.80686743851118,26.98720359802246,223400,0.0,0.0
2023-08-11 00:00:00-04:00,26.806872740707473,27.284762454066176,26.635555247080838,27.167543411254883,214000,0.0,0.0
2023-08-14 00:00:00-04:00,26.92408810837154,27.140490481160988,26.6445668720153,27.09540557861328,415600,0.0,0.0
2023-08-15 00:00:00-04:00,26.635556008284727,26.869990660980267,26.013398008926725,26.040447235107422,482800,0.0,0.0
2023-08-16 00:00:00-04:00,26.24783329013419,26.283899496813422,25.490424031922977,25.55354118347168,239600,0.0,0.0
2023-08-17 00:00:00-04:00,25.616655329538677,25.87814260649096,25.508455002382224,25.598621368408203,232600,0.0,0.0
2023-08-18 00:00:00-04:00,25.36418572322451,26.094545690560548,25.301068577363843,25.878143310546875,376800,0.0,0.0
2023-08-21 00:00:00-04:00,25.95027912465209,26.022413256013884,25.165818941255907,25.310087203979492,256700,0.0,0.0
2023-08-22 00:00:00-04:00,25.292049726560872,25.607637152344175,24.40840631021811,24.4534912109375,359800,0.0,0.0
2023-08-23 00:00:00-04:00,24.39939200715424,24.615794394911475,24.28217469204906,24.462509155273438,331900,0.0,0.0
2023-08-24 00:00:00-04:00,24.362400699683963,24.86293493833406,24.180387302461163,24.489809036254883,289000,0.25,0.0
2023-08-25 00:00:00-04:00,24.544415780827727,24.753731737540082,23.980177295277837,24.244094848632812,266400,0.0,0.0
2023-08-28 00:00:00-04:00,24.362406663864913,24.762833458490444,24.353305818194947,24.52621841430664,189100,0.0,0.0
2023-08-29 00:00:00-04:00,24.517112138986533,24.944841375895468,24.35330042482315,24.75372886657715,184600,0.0,0.0
2023-08-30 00:00:00-04:00,24.74463053590762,24.93574306463471,24.526215473444392,24.708227157592773,194300,0.0,0.0
2023-08-31 00:00:00-04:00,24.699123664163444,24.908439595408545,24.59901785615067,24.73552703857422,287400,0.0,0.0
2023-09-01 00:00:00-04:00,24.93574335969507,25.68199526589352,24.835637539761944,25.472681045532227,284100,0.0,0.0
2023-09-05 00:00:00-04:00,25.245163285035524,25.299766613342232,24.744629014638925,24.781030654907227,314100,0.0,0.0
2023-09-06 00:00:00-04:00,24.826538847560684,24.972148903550348,23.97107846676482,24.089385986328125,284200,0.0,0.0
2023-09-07 00:00:00-04:00,23.925575867186485,24.025681695346968,23.516046501683846,23.88007164001465,333800,0.0,0.0
2023-09-08 00:00:00-04:00,23.95287463616549,24.071183880969325,23.397735262413573,24.034780502319336,266900,0.0,0.0
2023-09-11 00:00:00-04:00,24.098488546919157,24.35330703094117,23.707160842667424,23.843671798706055,375900,0.0,0.0
2023-09-12 00:00:00-04:00,23.898270290460125,24.116685345671065,23.643451858143088,23.834566116333008,340000,0.0,0.0
2023-09-13 00:00:00-04:00,23.880069241974002,23.93467257328815,23.379534944008988,23.770862579345703,321000,0.0,0.0
2023-09-14 00:00:00-04:00,24.043880484218803,24.444308955957016,23.907371290796945,24.40790557861328,386800,0.0,0.0
2023-09-15 00:00:00-04:00,24.14398776635151,24.316898599376646,23.679855125255962,23.989276885986328,2528700,0.0,0.0
2023-09-18 00:00:00-04:00,24.098484317209255,24.271396891582445,23.61615170800155,24.1348876953125,406700,0.0,0.0
2023-09-19 00:00:00-04:00,24.134885071846384,24.33509842222517,23.67985330986953,23.852764129638672,289100,0.0,0.0
2023-09-20 00:00:00-04:00,24.08938444471241,24.244095336276704,23.588850126256055,23.62525177001953,274800,0.0,0.0
2023-09-21 00:00:00-04:00,23.470543032381926,23.616153081647166,23.18842204309791,23.315832138061523,284800,0.0,0.0
2023-09-22 00:00:00-04:00,23.37043468675097,23.543347265367505,22.933604553643708,22.9973087310791,332100,0.0,0.0
2023-09-25 00:00:00-04:00,22.96090723169556,23.388638290877005,22.96090723169556,23.36133575439453,256300,0.0,0.0
2023-09-26 00:00:00-04:00,23.11561226451454,23.634348175314944,22.95180055882844,22.979103088378906,315600,0.0,0.0
2023-09-27 00:00:00-04:00,23.13381805168701,23.379535653773175,22.52407533677431,22.84259796142578,324200,0.0,0.0
2023-09-28 00:00:00-04:00,22.89720004438479,23.461440240319202,22.89720004438479,23.14291763305664,334600,0.0,0.0
2023-09-29 00:00:00-04:00,23.35223378247348,23.634353035948788,23.170220352987577,23.315832138061523,268300,0.0,0.0
2023-10-02 00:00:00-04:00,23.28852866653833,23.33403115417594,23.024609377976,23.17021942138672,493400,0.0,0.0
2023-10-03 00:00:00-04:00,23.051911516176077,23.370434131595317,22.578678015313695,22.733388900756836,376000,0.0,0.0
2023-10-04 00:00:00-04:00,22.742491661979905,22.979108432352664,22.47857409151601,22.90630340576172,357500,0.0,0.0
2023-10-05 00:00:00-04:00,22.84260011105083,23.29763197885739,22.84260011105083,23.24302864074707,367300,0.0,0.0
2023-10-06 00:00:00-04:00,22.933608016096038,24.025683513742713,22.933608016096038,23.843671798706055,454000,0.0,0.0
2023-10-09 00:00:00-04:00,23.66165518178249,24.253196214165314,23.61615269306407,23.97107696533203,373800,0.0,0.0
2023-10-10 00:00:00-04:00,24.1257877188037,24.47161114418378,24.02568016122664,24.3169002532959,540900,0.0,0.0
2023-10-11 00:00:00-04:00,24.36240510898906,24.644524363517064,23.99837998446765,24.080284118652344,284200,0.0,0.0
2023-10-12 00:00:00-04:00,24.180391839598897,24.180391839598897,23.716259151819827,23.907373428344727,366400,0.0,0.0
2023-10-13 00:00:00-04:00,24.225895675812676,24.225895675812676,22.897201814078592,22.933605194091797,340200,0.0,0.0
2023-10-16 00:00:00-04:00,22.997308992414684,23.60705171106744,22.997308992414684,23.588850021362305,456000,0.0,0.0
2023-10-17 00:00:00-04:00,23.406836968633073,24.38060655365915,23.406836968633073,24.025680541992188,401100,0.0,0.0
2023-10-18 00:00:00-04:00,22.387567737040342,23.71625992780427,22.387567737040342,22.806196212768555,684400,0.0,0.0
2023-10-19 00:00:00-04:00,22.65148429608096,23.215724537858268,22.65148429608096,22.797094345092773,796100,0.0,0.0
2023-10-20 00:00:00-04:00,22.815293311047984,22.86079753081146,22.150947324777746,22.287456512451172,867600,0.0,0.0
2023-10-23 00:00:00-04:00,22.14184992233137,22.760693520833456,21.99623986807309,22.023542404174805,735700,0.0,0.0
2023-10-24 00:00:00-04:00,22.123649085879705,22.62418518555293,21.459302970697127,22.032642364501953,682400,0.0,0.0
2023-10-25 00:00:00-04:00,21.841524667526215,22.287455587857867,21.259084565184214,22.12364387512207,524200,0.0,0.0
2023-10-26 00:00:00-04:00,22.241956677205472,22.651484288994823,22.114546582503465,22.260156631469727,319200,0.0,0.0
2023-10-27 00:00:00-04:00,22.232853540277993,22.232853540277993,21.6231108721593,21.99623680114746,400700,0.0,0.0
2023-10-30 00:00:00-04:00,22.278359614914784,22.405769717013598,21.841529442655784,22.132749557495117,401200,0.0,0.0
2023-10-31 00:00:00-04:00,22.16005008429076,22.51497435008375,22.005339195338415,22.460371017456055,279300,0.0,0.0
2023-11-01 00:00:00-04:00,22.478574237925223,22.651485092324464,22.05084318508483,22.3875675201416,224200,0.0,0.0
2023-11-02 00:00:00-04:00,22.633284242419347,23.688957961023476,22.633284242419347,23.66165542602539,368400,0.0,0.0
2023-11-03 00:00:00-04:00,24.298698562370873,24.862937016467505,24.189490167747486,24.508012771606445,328300,0.0,0.0
2023-11-06 00:00:00-05:00,24.489813620377845,24.489813620377845,24.18039182866504,24.271398544311523,246500,0.0,0.0
2023-11-07 00:00:00-05:00,24.08938587757876,24.316901806011607,23.843669994085957,23.88007164001465,227500,0.0,0.0
2023-11-08 00:00:00-05:00,23.980176866797194,23.980176866797194,23.115615728691825,23.270326614379883,219000,0.0,0.0
2023-11-09 00:00:00-05:00,23.30673268146219,23.31583352705952,22.687889067314103,22.87900161743164,243400,0.0,0.0
2023-11-10 00:00:00-05:00,22.970003510690912,22.997306041745567,22.587776754967965,22.851696014404297,239700,0.0,0.0
2023-11-13 00:00:00-05:00,22.69698389292416,23.10651142133105,22.442165491211526,22.979103088378906,220400,0.0,0.0
2023-11-14 00:00:00-05:00,23.934674076504844,25.172361236082512,23.92557496722152,25.154159545898438,349200,0.0,0.0
2023-11-15 00:00:00-05:00,25.063155823338292,25.627394360867537,25.063155823338292,25.217864990234375,283200,0.0,0.0
2023-11-16 00:00:00-05:00,25.263367306567403,25.336172329637275,24.671826277148597,24.853837966918945,210100,0.0,0.0
2023-11-17 00:00:00-05:00,25.145055878804886,25.336170132671704,24.944842516675923,24.990345001220703,299400,0.0,0.0
2023-11-20 00:00:00-05:00,25.017645023889585,25.281564268039183,24.817431681844212,25.035846710205078,219000,0.0,0.0
2023-11-21 00:00:00-05:00,24.963044932445218,25.02674910698818,24.39880473427735,24.40790557861328,171000,0.0,0.0
2023-11-22 00:00:00-05:00,24.655935287475586,24.79372891141757,24.44465161395515,24.655935287475586,151200,0.25,0.0
2023-11-24 00:00:00-05:00,24.628376636384846,24.839662068691133,24.628376636384846,24.720239639282227,69600,0.0,0.0
2023-11-27 00:00:00-05:00,24.54570198059082,24.775358629274965,24.352791236723903,24.54570198059082,260800,0.0,0.0
2023-11-28 00:00:00-05:00,24.490581957526416,24.573258481373344,24.187435287468013,24.43546485900879,212700,0.0,0.0
2023-11-29 00:00:00-05:00,24.637561986673532,25.225482374940338,24.637561986673532,24.784542083740234,389000,0.0,0.0
2023-11-30 00:00:00-05:00,24.81210576905445,25.050948905830744,24.472213141142465,24.554889678955078,374200,0.0,0.0
2023-12-01 00:00:00-05:00,24.380350119032244,26.061436679645475,24.068016943649138,25.99713134765625,416000,0.0,0.0
2023-12-04 00:00:00-05:00,25.79503345225077,26.961689591189394,24.73861327024712,26.879013061523438,281000,0.0,0.0
2023-12-05 00:00:00-05:00,26.713657918450735,27.08110815933666,26.5850507721759,26.732030868530273,332700,0.0,0.0
2023-12-06 00:00:00-05:00,27.044365257709444,27.88031525130413,26.91575635336647,27.163785934448242,345900,0.0,0.0
2023-12-07 00:00:00-05:00,27.264832631392405,27.907870078953405,27.20052906185039,27.8251953125,297200,0.0,0.0
2023-12-08 00:00:00-05:00,27.760891874840663,28.403931118183092,27.760891874840663,28.073225021362305,335400,0.0,0.0
2023-12-11 00:00:00-05:00,27.92624735528023,28.201836377344925,27.83438434792533,28.09160041809082,311600,0.0,0.0
2023-12-12 00:00:00-05:00,28.008921119807656,28.137528266115304,27.650657353870095,27.67821502685547,267100,0.0,0.0
2023-12-13 00:00:00-05:00,27.65984551546935,29.16639247141809,27.329139402352382,28.927549362182617,651500,0.0,0.0
2023-12-14 00:00:00-05:00,30.011524399135354,30.819916655248484,29.36848693628358,29.6348876953125,561000,0.0,0.0
2023-12-15 00:00:00-05:00,29.77268539313975,29.78187011646184,29.028598402036618,29.40523338317871,1717100,0.0,0.0
2023-12-18 00:00:00-05:00,29.690006706848965,29.690006706848965,28.973479194246085,29.11127281188965,257400,0.0,0.0
2023-12-19 00:00:00-05:00,29.17557585087164,30.140134661055583,28.78056620259886,29.892105102539062,336300,0.0,0.0
2023-12-20 00:00:00-05:00,29.726754139307623,30.544331164684742,29.322557988182993,29.340930938720703,455500,0.0,0.0
2023-12-21 00:00:00-05:00,29.653265536249684,29.809433880527187,29.35930530449691,29.67163848876953,216200,0.0,0.0
2023-12-22 00:00:00-05:00,29.956411083814476,30.48921263795749,29.827803932962098,30.434097290039062,322200,0.0,0.0
2023-12-26 00:00:00-05:00,30.516775004647762,31.297606167678598,30.434098475268318,31.113880157470703,209200,0.0,0.0
2023-12-27 00:00:00-05:00,31.22411660004832,31.242486046470283,30.81991869312446,30.930152893066406,201700,0.0,0.0
2023-12-28 00:00:00-05:00,30.608640827168383,30.911789314910713,30.48921837706237,30.7556209564209,178100,0.0,0.0
2023-12-29 00:00:00-05:00,30.608633486256767,30.64537938582775,30.17687792700237,30.27792739868164,210800,0.0,0.0
2024-01-02 00:00:00-05:00,29.9839685755573,30.7923608815079,29.9839685755573,30.28711700439453,236100,0.0,0.0
2024-01-03 00:00:00-05:00,30.05746170480968,30.05746170480968,28.716266036611305,28.79894256591797,426800,0.0,0.0
2024-01-04 00:00:00-05:00,28.8448717285976,29.111274254431567,28.725451054626472,28.743824005126953,294400,0.0,0.0
2024-01-05 00:00:00-05:00,28.49579507201138,29.056156057777056,28.49579507201138,28.56009864807129,313700,0.0,0.0
2024-01-08 00:00:00-05:00,28.504983347355346,28.945923684300723,28.302884378816188,28.909177780151367,397000,0.0,0.0
2024-01-09 00:00:00-05:00,28.39474544913109,28.817314557302954,28.146715869474196,28.587657928466797,347200,0.0,0.0
2024-01-10 00:00:00-05:00,28.413121061006493,28.67952186429309,28.008924865800036,28.65196418762207,286700,0.0,0.0
2024-01-11 00:00:00-05:00,28.413118362426758,28.44986251187868,27.81601147866955,28.413118362426758,374500,0.0,0.0
2024-01-12 00:00:00-05:00,28.780569127759552,28.936735708015437,27.97217855193801,28.2569522857666,196300,0.0,0.0
2024-01-16 00:00:00-05:00,27.751706246717657,28.26613835794928,27.577168469971493,27.7884521484375,405100,0.0,0.0
2024-01-17 00:00:00-05:00,27.283206456682066,28.11915639185764,26.190040482936734,26.640167236328125,506600,0.0,0.0
2024-01-18 00:00:00-05:00,26.575864347111203,26.649354395426585,26.21760058059134,26.6309814453125,507600,0.0,0.0
2024-01-19 00:00:00-05:00,26.814707900819023,27.310765297397335,26.493188276886993,27.27402114868164,362100,0.0,0.0
2024-01-22 00:00:00-05:00,27.6047244872964,28.128343042530624,27.512863242792328,28.109970092773438,338400,0.0,0.0
2024-01-23 00:00:00-05:00,28.33962901570282,28.46823617019234,27.586355535736633,27.70577621459961,294200,0.0,0.0
2024-01-24 00:00:00-05:00,27.972178189919706,28.22939249373623,27.797638660800608,27.96299171447754,248200,0.0,0.0
2024-01-25 00:00:00-05:00,28.37637200854949,28.449862058423022,27.61391208405874,27.770078659057617,308100,0.0,0.0
2024-01-26 00:00:00-05:00,28.01811000248539,28.367187323377546,27.852756941800276,28.22020721435547,203600,0.0,0.0
2024-01-29 00:00:00-05:00,28.266137816702898,28.798941116451175,28.137528915287106,28.46823501586914,285100,0.0,0.0
2024-01-30 00:00:00-05:00,28.33043964263482,28.49579268271937,28.109969506569055,28.192646026611328,228100,0.0,0.0
2024-01-31 00:00:00-05:00,27.779262969955223,28.064036672010072,26.630979935058885,26.676912307739258,390200,0.0,0.0
2024-02-01 00:00:00-05:00,26.89738488334779,26.915756081947787,25.087689534601285,26.245159149169922,368600,0.0,0.0
2024-02-02 00:00:00-05:00,25.721543784814493,26.41970018351639,25.602123102469946,26.052249908447266,243400,0.0,0.0
2024-02-05 00:00:00-05:00,25.749097654420485,25.795028271836845,25.262225049959685,25.501068115234375,243100,0.0,0.0
2024-02-06 00:00:00-05:00,25.46432597629018,25.84096270151915,25.409208876831084,25.602121353149414,222300,0.0,0.0
2024-02-07 00:00:00-05:00,25.62049137511362,25.62049137511362,24.756983765387574,25.491884231567383,296000,0.0,0.0
2024-02-08 00:00:00-05:00,25.298974821750583,25.657238598483104,25.2346694945182,25.574562072753906,195800,0.0,0.0
2024-02-09 00:00:00-05:00,25.648052724538967,26.006316509671766,25.07850350639916,25.914453506469727,255200,0.0,0.0
2024-02-12 00:00:00-05:00,25.978761270200238,26.95250499027238,25.96038831740952,26.529935836791992,273900,0.0,0.0
2024-02-13 00:00:00-05:00,25.482699806136754,25.648052862360753,24.665122752741492,25.041759490966797,390800,0.0,0.0
2024-02-14 00:00:00-05:00,25.48269804275755,25.767471757581106,24.986640660553327,25.71235466003418,438600,0.0,0.0
2024-02-15 00:00:00-05:00,25.721541482806018,26.98006053344248,25.721541482806018,26.80552101135254,288800,0.0,0.0
2024-02-16 00:00:00-05:00,26.539120618999018,26.667729528182758,26.208416250583515,26.42888641357422,278000,0.0,0.0
2024-02-20 00:00:00-05:00,25.987946027898182,26.50237640702817,25.987946027898182,26.07980728149414,222400,0.0,0.0
2024-02-21 00:00:00-05:00,25.932823080894558,26.006313123459037,25.758285324891933,25.859333038330078,247000,0.0,0.0
2024-02-22 00:00:00-05:00,25.683171642718264,25.905697099254997,25.349382573675605,25.553363800048828,245200,0.26,0.0
2024-02-23 00:00:00-05:00,25.59972121587791,26.03549996008475,25.293748529844407,25.646080017089844,209100,0.0,0.0
2024-02-26 00:00:00-05:00,25.45137372055982,25.78516101653012,24.997048930186857,25.145401000976562,266400,0.0,0.0
2024-02-27 00:00:00-05:00,25.321561027826377,25.56263066501515,25.13612406970216,25.30301856994629,266900,0.0,0.0
2024-02-28 00:00:00-05:00,25.015589656200866,25.423553814660682,24.867239374665456,25.1732120513916,518500,0.0,0.0
2024-02-29 00:00:00-05:00,25.720257496913025,25.961327175762108,25.052681149044453,25.256662368774414,1004100,0.0,0.0
2024-03-01 00:00:00-05:00,25.061953861579344,25.488460540771484,24.672533873915818,25.488460540771484,403900,0.0,0.0
2024-03-04 00:00:00-05:00,25.47918669748712,25.840792084094844,24.885785525479555,25.034135818481445,452800,0.0,0.0
2024-03-05 00:00:00-05:00,24.9043302963546,26.17457992889415,24.9043302963546,25.961326599121094,414900,0.0,0.0
2024-03-06 00:00:00-05:00,26.06331809095822,26.285843535305112,25.08049516783233,25.961326599121094,506300,0.0,0.0
2024-03-07 00:00:00-05:00,26.332202502971715,26.55472794869837,25.905695840781046,26.063318252563477,278400,0.0,0.0
2024-03-08 00:00:00-05:00,26.508371655205252,26.684538312938933,25.914970410386804,26.01696014404297,199100,0.0,0.0
2024-03-11 00:00:00-04:00,26.016957435993948,26.50836889600627,25.961326517201524,26.239482879638672,353700,0.0,0.0
2024-03-12 00:00:00-04:00,26.05404855213021,26.137495823069408,25.488461886536815,25.534822463989258,311400,0.0,0.0
2024-03-13 00:00:00-04:00,25.395739789991016,25.905695476696568,25.17321434739178,25.34010887145996,322200,0.0,0.0
2024-03-14 00:00:00-04:00,25.145402509864223,25.46064559484306,24.46855222540394,24.700349807739258,471300,0.0,0.0
2024-03-15 00:00:00-04:00,24.459277891989977,25.099039656396577,24.459277891989977,24.81161117553711,1053300,0.0,0.0
2024-03-18 00:00:00-04:00,24.987774767225144,25.70170982489385,24.70961666651314,25.284475326538086,698400,0.0,0.0
2024-03-19 00:00:00-04:00,25.265934054803225,25.562634648821057,25.21030313554364,25.228845596313477,374900,0.0,0.0
2024-03-20 00:00:00-04:00,25.08049616433571,26.50837003288796,25.03413735809964,26.2209415435791,391800,0.0,0.0
2024-03-21 00:00:00-04:00,26.39710726068934,26.925607218336463,26.39710726068934,26.619632720947266,540300,0.0,0.0
2024-03-22 00:00:00-04:00,26.76798439095126,26.76798439095126,25.692442029943965,25.83152198791504,288400,0.0,0.0
2024-03-25 00:00:00-04:00,25.83151849571122,26.276569349321168,25.68316821117457,25.72025489807129,197700,0.0,0.0
2024-03-26 00:00:00-04:00,25.942782331827907,26.081860513280837,25.40501206666155,25.442100524902344,255400,0.0,0.0
2024-03-27 00:00:00-04:00,25.56263595488315,26.805071082168357,25.13612927130993,26.76798439025879,421400,0.0,0.0
2024-03-28 00:00:00-04:00,26.740167505896107,27.009051764364,26.536186283317875,26.91633415222168,1079300,0.0,0.0
2024-04-01 00:00:00-04:00,26.91633477161297,26.934877233383073,26.230214168815454,26.31365966796875,368900,0.0,0.0
2024-04-02 00:00:00-04:00,25.924236329287535,26.20239444164024,25.479185471693093,25.785158157348633,307300,0.0,0.0
2024-04-03 00:00:00-04:00,25.507002499867287,26.016956400191145,25.507002499867287,25.738800048828125,249300,0.0,0.0
2024-04-04 00:00:00-04:00,26.109675008632397,26.360016778610756,25.646079924290948,25.822246551513672,297500,0.0,0.0
2024-04-05 00:00:00-04:00,25.710985881519576,25.74807434135907,25.423557391663916,25.664627075195312,228900,0.0,0.0
2024-04-08 00:00:00-04:00,25.94278167583638,26.230211914509482,25.720256237443483,26.0076847076416,267100,0.0,0.0
2024-04-09 00:00:00-04:00,26.19312256818068,26.4712789146121,26.06331650897601,26.406375885009766,205000,0.0,0.0
2024-04-10 00:00:00-04:00,25.48845969652007,25.590451189676944,24.57981367822719,24.77452278137207,430100,0.0,0.0
2024-04-11 00:00:00-04:00,25.071222338132788,25.358650787548292,24.73743332044068,25.1732120513916,327500,0.0,0.0
2024-04-12 00:00:00-04:00,24.830154645993666,25.1639419215249,24.765249845289684,24.895057678222656,260800,0.0,0.0
2024-04-15 00:00:00-04:00,25.06195074482003,25.68316822482552,24.62617023634647,25.02486228942871,419000,0.0,0.0
2024-04-16 00:00:00-04:00,24.75598124045048,25.015593387624794,24.477823094724283,24.793067932128906,479300,0.0,0.0
2024-04-17 00:00:00-04:00,24.959962672419618,25.34938266487875,24.68180629286672,24.7559814453125,513500,0.0,0.0
2024-04-18 00:00:00-04:00,24.87651573051146,25.28447995854139,24.765252116148698,25.061954498291016,376800,0.0,0.0
2024-04-19 00:00:00-04:00,24.895061223070037,25.905698844906297,24.71889456159599,25.868610382080078,336200,0.0,0.0
2024-04-22 00:00:00-04:00,25.93351041619998,26.508369144016793,25.803704348311523,26.063318252563477,371400,0.0,0.0
2024-04-23 00:00:00-04:00,25.293750710870164,26.888517307637652,25.293750710870164,26.50836944580078,733800,0.0,0.0
2024-04-24 00:00:00-04:00,26.016958570262403,26.406378555737074,25.646082814685357,26.32293128967285,495800,0.0,0.0
2024-04-25 00:00:00-04:00,25.933512433776485,26.15603789681519,25.534822084462462,25.88715362548828,368200,0.0,0.0
2024-04-26 00:00:00-04:00,25.812975158422713,26.295114484035267,25.812975158422713,25.877878189086914,259200,0.0,0.0
2024-04-29 00:00:00-04:00,26.00768970433784,26.109681213041032,25.544094509832885,25.571910858154297,394700,0.0,0.0
2024-04-30 00:00:00-04:00,25.451375219974146,25.469917682499535,25.061955211337676,25.117586135864258,280100,0.0,0.0
2024-05-01 00:00:00-04:00,25.367925760833444,26.15603605715293,25.136128198745343,25.60899543762207,276800,0.0,0.0
2024-05-02 00:00:00-04:00,26.063318026667837,26.091132601845693,25.72952897673334,25.998414993286133,366000,0.0,0.0
2024-05-03 00:00:00-04:00,26.42492173166602,26.610360486295797,26.156035714300355,26.378562927246094,220100,0.0,0.0
2024-05-06 00:00:00-04:00,26.536186459583007,26.897790101070242,26.471281654787127,26.703079223632812,240000,0.0,0.0
2024-05-07 00:00:00-04:00,26.749438090401704,27.00905021910727,26.656718715089003,26.665990829467773,218000,0.0,0.0
2024-05-08 00:00:00-04:00,26.397106658340647,26.971965410579106,26.341475736664382,26.805070877075195,177900,0.0,0.0
2024-05-09 00:00:00-04:00,26.87924650766019,26.87924650766019,26.489826512038523,26.693809509277344,342500,0.0,0.0
2024-05-10 00:00:00-04:00,26.601086416759472,26.69380578726026,26.332200419154674,26.51763916015625,310900,0.0,0.0
2024-05-13 00:00:00-04:00,26.70307931933693,26.749439894357288,26.415650828111165,26.424922943115234,293200,0.0,0.0
2024-05-14 00:00:00-04:00,26.675266333932647,26.749441489914524,26.397108172644195,26.6381778717041,374800,0.0,0.0
2024-05-15 00:00:00-04:00,27.305754311090787,27.63026949261954,26.944148901212156,27.537551879882812,605900,0.0,0.0
2024-05-16 00:00:00-04:00,27.4262856166556,27.81570556530892,27.4262856166556,27.620996475219727,353400,0.0,0.0
2024-05-17 00:00:00-04:00,27.68590202303999,28.084594122022963,27.61172687219258,27.85279655456543,313400,0.0,0.0
2024-05-20 00:00:00-04:00,27.889880877480408,27.93623967964532,26.56399862125468,26.61035919189453,685300,0.0,0.0
2024-05-21 00:00:00-04:00,26.582545845292906,27.009052532396055,26.406379193957843,26.832887649536133,377100,0.0,0.0
2024-05-22 00:00:00-04:00,26.74944007002074,26.814343107000344,26.36002007966798,26.628904342651367,367800,0.0,0.0
2024-05-23 00:00:00-04:00,26.619551158211554,26.628906195976477,25.54353978284342,25.814882278442383,381400,0.26,0.0
2024-05-24 00:00:00-04:00,25.973942304164424,25.973942304164424,25.384475039759934,25.7213134765625,350900,0.0,0.0
2024-05-28 00:00:00-04:00,25.805522939508837,25.842950225444213,25.197343820108713,25.487398147583008,567400,0.0,0.0
2024-05-29 00:00:00-04:00,24.972783733505384,25.253481220107897,24.757580423503626,25.11313247680664,478100,0.0,0.0
2024-05-30 00:00:00-04:00,25.496755723379444,25.824237346477545,25.34705014447139,25.75874137878418,443100,0.0,0.0
2024-05-31 00:00:00-04:00,25.86166376048421,26.254641365127707,25.85230693839373,26.20785903930664,362200,0.0,0.0
2024-06-03 00:00:00-04:00,26.63826039914844,26.741183650756515,25.740026952998292,25.805522918701172,266900,0.0,0.0
2024-06-04 00:00:00-04:00,25.356403835924493,25.618387674355436,25.234766952683508,25.421899795532227,270000,0.0,0.0
2024-06-05 00:00:00-04:00,25.646459593049872,25.69324191410405,25.32833481291422,25.618389129638672,229600,0.0,0.0
2024-06-06 00:00:00-04:00,25.52482606512171,25.693243502104686,25.318979556645974,25.496755599975586,312800,0.0,0.0
2024-06-07 00:00:00-04:00,25.20670177057916,25.41254649854968,25.000855257977335,25.24412727355957,335800,0.0,0.0
2024-06-10 00:00:00-04:00,25.05699690251249,25.2534848141721,24.486243242609415,24.61723518371582,484900,0.0,0.0
2024-06-11 00:00:00-04:00,24.25232536687809,24.80436532154445,24.13069026135908,24.720155715942383,420100,0.0,0.0
2024-06-12 00:00:00-04:00,25.543536991363787,25.94587138727998,24.93535787911821,25.309621810913086,359900,0.0,0.0
2024-06-13 00:00:00-04:00,25.253481848287436,25.253481848287436,24.607875471484906,24.832435607910156,234800,0.0,0.0
2024-06-14 00:00:00-04:00,24.50495497387751,24.654660547635036,24.299108471487504,24.64530372619629,298600,0.0,0.0
2024-06-17 00:00:00-04:00,24.589164741885206,24.87921906984522,24.4113887026569,24.85114860534668,378100,0.0,0.0
2024-06-18 00:00:00-04:00,24.692085089807858,25.06635079429776,24.692085089807858,24.804365158081055,544000,0.0,0.0
2024-06-20 00:00:00-04:00,24.598521252574105,24.95407154190699,24.523666681523817,24.70144271850586,589900,0.0,0.0
2024-06-21 00:00:00-04:00,24.70144287019756,24.720156513075054,24.317822114364997,24.64530372619629,1458700,0.0,0.0
2024-06-24 00:00:00-04:00,24.72015698222277,25.19734417686781,24.673374658772392,25.0008544921875,602100,0.0,0.0
2024-06-25 00:00:00-04:00,24.907288391841526,25.047637138633952,24.710798718627217,24.832435607910156,478800,0.0,0.0
2024-06-26 00:00:00-04:00,24.607874702357524,25.22541059664782,24.607874702357524,25.197341918945312,446500,0.0,0.0
2024-06-27 00:00:00-04:00,25.028924103040595,25.796165603088138,24.832436209695768,25.768096923828125,422100,0.0,0.0
2024-06-28 00:00:00-04:00,26.06750913529762,26.90024663392674,25.964585881442332,26.74118423461914,1029200,0.0,0.0
2024-07-01 00:00:00-04:00,26.685042689609833,26.91895785669695,25.47803957081738,26.385631561279297,530000,0.0,0.0
2024-07-02 00:00:00-04:00,26.38563203890305,26.909601522966206,26.38563203890305,26.76925277709961,361300,0.0,0.0
2024-07-03 00:00:00-04:00,26.900244215018517,26.900244215018517,26.282708316679013,26.385631561279297,311200,0.0,0.0
2024-07-05 00:00:00-04:00,26.460484845142485,26.460484845142485,26.03008000153208,26.10493278503418,252700,0.0,0.0
2024-07-08 00:00:00-04:00,26.292065473086755,26.432414218204094,26.14235990701078,26.18914222717285,382400,0.0,0.0
2024-07-09 00:00:00-04:00,26.161072241270077,26.862817764282227,26.06750759924004,26.862817764282227,323400,0.0,0.0
2024-07-10 00:00:00-04:00,26.937672449783943,27.527137906425057,26.834749201548526,27.470998764038086,358200,0.0,0.0
2024-07-11 00:00:00-04:00,28.097891502366924,28.472155425958835,27.826549042368313,28.369232177734375,464600,0.0,0.0
2024-07-12 00:00:00-04:00,28.6312176654061,28.79028005517179,28.210169638193644,28.425371170043945,436400,0.0,0.0
2024-07-15 00:00:00-04:00,28.9493434852379,29.725941819734977,28.75285380393414,29.510740280151367,397300,0.0,0.0
2024-07-16 00:00:00-04:00,29.800791822641443,30.85808756350294,29.716582222040053,30.80194664001465,595500,0.0,0.0
2024-07-17 00:00:00-04:00,30.876798864232583,32.47677758511998,30.371541298922306,31.803104400634766,1821600,0.0,0.0
2024-07-18 00:00:00-04:00,31.42884380658229,32.57970606676406,31.11071901821203,31.44755744934082,953000,0.0,0.0
2024-07-19 00:00:00-04:00,31.41012425251873,32.504848947662914,31.251063672899598,32.19607925415039,652400,0.0,0.0
2024-07-22 00:00:00-04:00,31.877964668317816,32.88848009304528,31.46627518190822,32.72941589355469,647600,0.0,0.0
2024-07-23 00:00:00-04:00,32.37385638740838,33.730565015477964,32.25222307531276,33.337589263916016,474500,0.0,0.0
2024-07-24 00:00:00-04:00,33.122395025375404,33.52472947043616,32.270943807301855,32.317726135253906,378800,0.0,0.0
2024-07-25 00:00:00-04:00,32.43935108456187,33.12238645921294,32.121229909055764,32.62648391723633,947600,0.0,0.0
2024-07-26 00:00:00-04:00,32.86039866416358,33.59957138109993,32.401926977439324,33.51536178588867,668600,0.0,0.0
2024-07-29 00:00:00-04:00,33.67442543245977,33.67442543245977,33.056889599989624,33.075599670410156,524000,0.0,0.0
2024-07-30 00:00:00-04:00,33.17852843070451,33.69314111527363,33.056895106401065,33.534080505371094,577200,0.0,0.0
2024-07-31 00:00:00-04:00,33.54343347189806,34.17032797457364,33.0475344607345,33.30016326904297,507100,0.0,0.0
2024-08-01 00:00:00-04:00,33.281451918014206,33.421802455377126,31.513053707406023,31.915388107299805,499600,0.0,0.0
2024-08-02 00:00:00-04:00,30.558675014569918,31.08264623484134,30.062776039361097,30.923582077026367,538500,0.0,0.0
2024-08-05 00:00:00-04:00,29.426528663710318,30.483826215833123,28.762208662748286,30.118915557861328,510000,0.0,0.0
2024-08-06 00:00:00-04:00,30.137626986080303,31.15749718003198,29.96920779300484,30.661598205566406,441900,0.0,0.0
2024-08-07 00:00:00-04:00,31.232357879900256,31.625333694809164,30.708386557425754,30.811309814453125,456700,0.0,0.0
2024-08-08 00:00:00-04:00,31.40077434705178,31.569193558432488,31.1013632088777,31.494338989257812,304900,0.0,0.0
2024-08-09 00:00:00-04:00,31.41948801655205,31.615975906912247,30.49318235315605,31.43819808959961,374000,0.0,0.0
2024-08-12 00:00:00-04:00,31.756324999239627,32.26158266769099,30.699030907319724,31.035865783691406,289700,0.0,0.0
2024-08-13 00:00:00-04:00,31.372700165107016,31.372700165107016,30.773877925671403,31.23235321044922,364600,0.0,0.0
2024-08-14 00:00:00-04:00,31.4101269813644,31.4101269813644,30.895514350063458,31.110715866088867,320700,0.0,0.0
2024-08-15 00:00:00-04:00,32.05573794172429,32.476786022199434,31.92474599874597,32.046382904052734,410200,0.0,0.0
2024-08-16 00:00:00-04:00,31.97152736427712,32.757482567776904,31.93410364545343,32.43935775756836,304500,0.0,0.0
2024-08-19 00:00:00-04:00,32.420646973624734,32.86040510660071,31.65340543095061,32.83233642578125,193400,0.0,0.0
2024-08-20 00:00:00-04:00,32.626493884469646,32.83234042022285,32.10252607602586,32.139949798583984,292100,0.0,0.0
2024-08-21 00:00:00-04:00,32.4206496710632,32.76684318393634,32.083811196154045,32.72941589355469,299300,0.0,0.0
2024-08-22 00:00:00-04:00,32.62648708284464,33.1317447093101,32.5048537636773,32.96332550048828,201200,0.0,0.0
2024-08-23 00:00:00-04:00,33.32151990206283,35.33872393154212,33.08586557858064,34.77315139770508,485100,0.26,0.0
2024-08-26 00:00:00-04:00,35.140776106176126,35.27274196904437,34.33955274116173,34.37725830078125,380800,0.0,0.0
2024-08-27 00:00:00-04:00,34.18873040983812,34.499792253638304,33.79282926814736,34.31127166748047,383700,0.0,0.0
2024-08-28 00:00:00-04:00,34.10389676564693,34.83913716426754,34.09446857829031,34.30184555053711,325600,0.0,0.0
2024-08-29 00:00:00-04:00,34.55634689331055,34.76372383087771,33.96249704214959,34.55634689331055,302200,0.0,0.0
2024-08-30 00:00:00-04:00,34.71660288568544,34.80143500538087,34.103900096461025,34.56578063964844,513100,0.0,0.0
2024-09-03 00:00:00-04:00,34.09446370854518,34.650608021754316,33.92479591415877,34.33954620361328,297500,0.0,0.0
2024-09-04 00:00:00-04:00,34.17930165146987,34.53749723161909,33.82110966712028,33.88709259033203,354700,0.0,0.0
2024-09-05 00:00:00-04:00,34.16987992019201,34.16987992019201,33.55717718675135,33.72684860229492,225400,0.0,0.0
2024-09-06 00:00:00-04:00,33.87766135771055,34.05676092958187,32.93504414423815,33.227256774902344,334500,0.0,0.0
2024-09-09 00:00:00-04:00,33.36865840348652,34.37725876420466,33.067021114064275,33.98135757446289,878200,0.0,0.0
2024-09-10 00:00:00-04:00,34.18872241404539,34.18872241404539,32.90676259150865,33.68913650512695,431900,0.0,0.0
2024-09-11 00:00:00-04:00,33.27439303195263,33.27439303195263,32.19038519470798,33.08586883544922,470300,0.0,0.0
2024-09-12 00:00:00-04:00,33.38750501055639,33.48176890359965,32.63341184520952,32.8125114440918,582700,0.0,0.0
2024-09-13 00:00:00-04:00,33.283820450289994,33.70799538787016,33.04816610905662,33.679718017578125,348300,0.0,0.0
2024-09-16 00:00:00-04:00,33.80225460743968,34.103891834841974,33.161274600259944,33.896514892578125,596600,0.0,0.0
2024-09-17 00:00:00-04:00,34.179298521211585,34.97109712303653,33.792825608166034,34.24528503417969,465700,0.0,0.0
2024-09-18 00:00:00-04:00,34.311271431109276,35.027659002653024,33.78340444442463,34.000205993652344,703700,0.0,0.0
2024-09-19 00:00:00-04:00,34.744872451893904,34.886262882083386,34.019056737029665,34.32069396972656,1411300,0.0,0.0
2024-09-20 00:00:00-04:00,34.19815876079965,34.292422660042256,33.12357548003451,33.18013381958008,3839700,0.0,0.0
2024-09-23 00:00:00-04:00,33.312097822060785,33.53832757180682,33.00103236563498,33.368656158447266,564500,0.0,0.0
2024-09-24 00:00:00-04:00,33.368655380146336,33.491193045759104,32.605134037836955,32.6334114074707,518300,0.0,0.0
2024-09-25 00:00:00-04:00,32.75595198521189,32.75595198521189,31.907594955908092,31.964153289794922,591500,0.0,0.0
2024-09-26 00:00:00-04:00,32.42603245265528,32.65225856236357,32.03955955242104,32.31291580200195,559700,0.0,0.0
2024-09-27 00:00:00-04:00,32.67111619380182,33.04816456042677,32.322348791943554,32.473167419433594,525700,0.0,0.0
2024-09-30 00:00:00-04:00,32.46374291040094,33.16128138894143,32.275222301530654,32.850215911865234,456300,0.0,0.0
2024-10-01 00:00:00-04:00,32.85963864157525,32.953898930353105,31.5211202469726,31.643661499023438,518800,0.0,0.0
2024-10-02 00:00:00-04:00,31.64366045400809,32.23751032193569,31.64366045400809,31.992427825927734,434600,0.0,0.0
2024-10-03 00:00:00-04:00,31.766197197332666,32.3411942074286,31.587097645847695,32.14324188232422,368100,0.0,0.0
2024-10-04 00:00:00-04:00,32.88791996309567,32.906772742277774,31.86989505786156,32.08669662475586,483000,0.0,0.0
2024-10-07 00:00:00-04:00,31.88874837929363,32.19981025158794,31.728501551420788,32.06784439086914,882800,0.0,0.0
2024-10-08 00:00:00-04:00,32.25636018174493,32.53914460897105,31.917017430753955,32.21865463256836,765100,0.0,0.0
2024-10-09 00:00:00-04:00,32.22808244722712,32.82193232089158,32.18095230393934,32.746524810791016,375500,0.0,0.0
2024-10-10 00:00:00-04:00,32.42603652074862,32.64283806800146,32.114971086125216,32.623985290527344,387400,0.0,0.0
2024-10-11 00:00:00-04:00,32.925623780567975,33.94364863197558,32.79365792907067,33.71742248535156,439300,0.0,0.0
2024-10-14 00:00:00-04:00,33.73627656975031,34.18873247631646,33.359228183045225,33.99078369140625,343600,0.0,0.0
2024-10-15 00:00:00-04:00,34.01905975328728,34.75430012370022,33.74569986323127,34.02848434448242,592500,0.0,0.0
2024-10-16 00:00:00-04:00,34.25471604433449,34.8768433769563,34.13217477699686,34.66004180908203,582800,0.0,0.0
2024-10-17 00:00:00-04:00,34.509225649792064,34.90512325544616,34.320701439375725,34.829715728759766,796100,0.0,0.0
2024-10-18 00:00:00-04:00,33.93422394267386,34.83913571815322,33.62315849721547,34.09446716308594,434100,0.0,0.0
2024-10-21 00:00:00-04:00,33.12357149372795,33.566602777350724,31.87931693986791,32.048988342285156,783600,0.0,0.0
2024-10-22 00:00:00-04:00,31.879316502880165,32.190381934981055,31.80390898939485,32.00185775756836,496200,0.0,0.0
2024-10-23 00:00:00-04:00,31.869890763660308,32.44488427013921,31.851037987018454,32.41660690307617,474800,0.0,0.0
2024-10-24 00:00:00-04:00,32.49201886532388,32.49201886532388,31.860463416487864,32.199806213378906,534300,0.0,0.0
2024-10-25 00:00:00-04:00,32.360055205213875,32.38833257493011,31.54940371255011,31.813335418701172,432700,0.0,0.0
2024-10-28 00:00:00-04:00,32.19038155805295,32.94447466307419,32.03013475059868,32.70882034301758,358800,0.0,0.0
2024-10-29 00:00:00-04:00,32.45431245635988,32.69939136110503,32.22808273245711,32.41660690307617,276200,0.0,0.0
2024-10-30 00:00:00-04:00,32.24693269544046,33.349796660063554,32.24693269544046,32.444881439208984,406400,0.0,0.0
2024-10-31 00:00:00-04:00,32.3600543279431,32.67111617378838,32.00185873944879,32.03013610839844,344200,0.0,0.0
2024-11-01 00:00:00-04:00,32.190381242173686,32.36005263861345,31.60595594519248,31.643661499023438,410300,0.0,0.0
2024-11-04 00:00:00-05:00,31.455137692585723,31.58710353673389,30.653914441229247,31.502267837524414,578100,0.0,0.0
2024-11-05 00:00:00-05:00,31.596533971839182,32.1621029429526,31.596533971839182,32.058414459228516,267600,0.0,0.0
2024-11-06 00:00:00-05:00,34.09446866806744,35.97970341476644,34.09446866806744,35.87601852416992,1208000,0.0,0.0
2024-11-07 00:00:00-05:00,35.38585830147482,35.53667694267631,34.49979563809103,34.5752067565918,573900,0.0,0.0
2024-11-08 00:00:00-05:00,34.77315335541975,35.065366027477,34.226437163976954,34.518646240234375,502100,0.0,0.0
2024-11-11 00:00:00-05:00,35.244461395333424,36.36617831940769,34.69774521371887,35.48954391479492,457800,0.0,0.0
2024-11-12 00:00:00-05:00,35.357576863738515,35.800608189536305,35.065367772935716,35.282169342041016,400200,0.0,0.0
2024-11-13 00:00:00-05:00,35.6215103035978,36.2059320502318,34.93340007376427,35.02766036987305,341600,0.0,0.0
2024-11-14 00:00:00-05:00,35.07478645603446,35.33872172701323,34.480940186880844,34.84856033325195,334600,0.0,0.0
2024-11-15 00:00:00-05:00,34.96167547097634,35.25388812570725,34.26413709340562,34.839134216308594,307200,0.0,0.0
2024-11-18 00:00:00-05:00,34.91454247038829,35.18790232544668,34.02847998789551,34.047332763671875,359300,0.0,0.0
2024-11-19 00:00:00-05:00,33.42520853205017,34.009633845925116,33.39693116375932,33.88709259033203,329200,0.0,0.0
2024-11-20 00:00:00-05:00,33.623156108610445,33.88709138789166,33.312094281049795,33.85881042480469,353000,0.0,0.0
2024-11-21 00:00:00-05:00,34.08504127633107,34.707168547800734,33.92479806200991,34.264137268066406,303500,0.0,0.0
2024-11-22 00:00:00-05:00,34.586940391290504,35.365454811498516,34.34958834557575,35.27051544189453,353600,0.26,0.0
2024-11-25 00:00:00-05:00,35.80217513424103,36.66613627717821,35.69773967382487,35.79268264770508,487100,0.0,0.0
2024-11-26 00:00:00-05:00,35.46988339837089,35.57431885766364,35.14708453405879,35.289493560791016,329100,0.0,0.0
2024-11-27 00:00:00-05:00,35.61230125105645,35.85914941996299,35.109116046161965,35.232540130615234,312000,0.0,0.0
2024-11-29 00:00:00-05:00,35.36545663529952,35.374949124067534,34.66289295020244,34.72935485839844,242100,0.0,0.0
2024-12-02 00:00:00-05:00,34.681875341042094,34.95720454819245,34.3211028851599,34.56794738769531,553800,0.0,0.0
2024-12-03 00:00:00-05:00,34.5679506824835,34.6533975610639,33.92235284914374,34.017295837402344,274700,0.0,0.0
2024-12-04 00:00:00-05:00,33.91285762008115,34.60592508067901,33.89386902396423,34.4635124206543,287700,0.0,0.0
2024-12-05 00:00:00-05:00,34.48250128268145,34.80530017574957,33.969820048684234,34.00779724121094,268100,0.0,0.0
2024-12-06 00:00:00-05:00,34.264141186105356,34.39705775115388,33.722978816005075,34.11223602294922,254900,0.0,0.0
2024-12-09 00:00:00-05:00,34.24515064855801,34.60592674876093,33.950832827115555,34.074256896972656,278300,0.0,0.0
2024-12-10 00:00:00-05:00,34.02678924586126,34.681879584895896,33.62803592779751,33.960330963134766,580000,0.0,0.0
2024-12-11 00:00:00-05:00,34.35907804996474,34.61541867317165,33.98880946812291,34.10273742675781,420700,0.0,0.0
2024-12-12 00:00:00-05:00,33.99830600210518,34.56794942410124,33.54259054016742,33.57107162475586,284400,0.0,0.0
2024-12-13 00:00:00-05:00,33.46663367250148,33.85589082708652,33.219789173715185,33.56157302856445,289300,0.0,0.0
2024-12-16 00:00:00-05:00,33.56157492058089,34.102737248397,33.200802449839806,33.82741165161133,451500,0.0,0.0
2024-12-17 00:00:00-05:00,33.599549226501075,33.84639733969506,32.67862228875397,32.73558807373047,438800,0.0,0.0
2024-12-18 00:00:00-05:00,32.72609667166068,33.07737663639707,30.580432448590795,30.760822296142578,581000,0.0,0.0
2024-12-19 00:00:00-05:00,31.330467335625656,31.786182789539307,30.286118062267686,30.333589553833008,435600,0.0,0.0
2024-12-20 00:00:00-05:00,30.048766081699508,31.377937063017775,30.048766081699508,30.988679885864258,2166300,0.0,0.0
2024-12-23 00:00:00-05:00,30.77031751201564,31.036150630883416,30.627904843076696,30.855764389038086,391800,0.0,0.0
2024-12-24 00:00:00-05:00,30.827282612589524,31.264009475708008,30.64689275308506,31.264009475708008,176200,0.0,0.0
2024-12-26 00:00:00-05:00,31.01716217544506,31.453892672059865,30.808294847538463,31.396926879882812,214400,0.0,0.0
2024-12-27 00:00:00-05:00,31.14058559496878,31.4064223311854,30.63740045058393,30.9601993560791,247200,0.0,0.0
2024-12-30 00:00:00-05:00,30.779811495418638,30.941212769505633,30.390554286003265,30.80829620361328,311400,0.0,0.0
2024-12-31 00:00:00-05:00,30.874752256258464,31.04564600626228,30.447517881248913,30.608919143676758,431800,0.0,0.0
2025-01-02 00:00:00-05:00,30.884244762753948,31.73871351329649,30.238648766908412,30.343082427978516,429100,0.0,0.0
2025-01-03 00:00:00-05:00,30.56144514632447,30.77031608529569,29.925343463754952,30.713350296020508,504300,0.0,0.0
2025-01-06 00:00:00-05:00,30.713352534529236,31.586809925220763,30.713352534529236,30.95070457458496,495400,0.0,0.0
2025-01-07 00:00:00-05:00,31.064636885573666,31.21654204988214,30.20067377364717,30.54245948791504,330000,0.0,0.0
2025-01-08 00:00:00-05:00,30.295611308662238,30.618410196689307,29.99180101660198,30.46650505065918,381600,0.0,0.0
2025-01-10 00:00:00-05:00,29.754450656891358,29.839897532649207,28.74807855567395,29.08036994934082,518000,0.0,0.0
2025-01-13 00:00:00-05:00,28.75757403097446,29.308230691251623,28.26388135324946,28.833526611328125,857000,0.0,0.0
2025-01-14 00:00:00-05:00,29.20379369580055,29.792425710223576,29.051888542991236,29.763944625854492,615000,0.0,0.0
2025-01-15 00:00:00-05:00,30.893739013087803,31.017159452747244,29.972812039773572,30.457012176513672,762300,0.0,0.0
2025-01-16 00:00:00-05:00,30.18168390169777,30.64689183535265,29.42215634692627,29.441144943237305,1228500,0.0,0.0
2025-01-17 00:00:00-05:00,28.482242931019176,29.260757281397343,27.675245685803183,28.719594955444336,1302200,0.0,0.0
2025-01-21 00:00:00-05:00,28.5297122828771,28.956946646261184,28.21640768667951,28.36831283569336,774600,0.0,0.0
2025-01-22 00:00:00-05:00,28.083492520804402,28.501232606647136,27.684741032239135,27.7037296295166,597900,0.0,0.0
2025-01-23 00:00:00-05:00,27.63726979741959,28.738583025715908,27.36194058491941,27.94108009338379,613800,0.0,0.0
2025-01-24 00:00:00-05:00,27.817653573425705,29.20379018997454,27.808161087010397,28.08348846435547,531100,0.0,0.0
2025-01-27 00:00:00-05:00,28.263879503152566,28.985429874707318,28.263879503152566,28.719594955444336,460900,0.0,0.0
2025-01-28 00:00:00-05:00,28.57718592109288,28.786055063968856,28.064504646507736,28.102481842041016,310400,0.0,0.0
2025-01-29 00:00:00-05:00,27.9695614998055,28.46325414187397,27.827150648284427,28.14045524597168,416900,0.0,0.0
2025-01-30 00:00:00-05:00,28.472748260065604,28.824030048391965,28.08349108997143,28.444265365600586,301900,0.0,0.0
2025-01-31 00:00:00-05:00,28.40629018941214,28.691111892714748,27.96956152538229,28.17843246459961,479000,0.0,0.0
2025-02-03 00:00:00-05:00,27.49485706761699,28.320842892190257,27.266999346216277,27.979055404663086,538700,0.0,0.0
2025-02-04 00:00:00-05:00,27.9600710318348,28.833526611328125,27.81765835917587,28.833526611328125,291500,0.0,0.0
2025-02-05 00:00:00-05:00,28.96644307340717,29.023407055761048,28.444267500797505,28.985431671142578,363300,0.0,0.0
2025-02-06 00:00:00-05:00,28.425279673660995,29.279746621108444,28.415785375140743,29.11834716796875,436300,0.0,0.0
2025-02-07 00:00:00-05:00,29.11834797371333,29.11834797371333,28.254386703838637,28.558197021484375,443800,0.0,0.0
2025-02-10 00:00:00-05:00,28.57718477162787,28.719595627444743,28.25438586598841,28.42527961730957,347800,0.0,0.0
2025-02-11 00:00:00-05:00,28.40629015883903,29.203793100250664,28.102479859415975,29.1373348236084,267700,0.0,0.0
2025-02-12 00:00:00-05:00,28.748078715169683,28.79554839714195,27.941081445675135,27.969562530517578,538900,0.0,0.0
2025-02-13 00:00:00-05:00,28.111973601985273,28.444264978628727,28.03602102863074,28.434772491455078,386700,0.0,0.0
2025-02-14 00:00:00-05:00,28.55819578209076,28.90947757840612,28.168938603143943,28.263879776000977,314700,0.0,0.0
2025-02-18 00:00:00-05:00,28.1214697147194,28.74807893804309,27.81765759084377,28.472749710083008,439900,0.0,0.0
2025-02-19 00:00:00-05:00,28.20691291755497,28.634147273805766,27.99804379386135,28.510725021362305,368100,0.0,0.0
2025-02-20 00:00:00-05:00,28.25438591308209,28.577184819259585,27.846140131101595,28.349327087402344,387300,0.0,0.0
2025-02-21 00:00:00-05:00,28.636747112716016,28.636747112716016,27.851129034004448,28.03316307067871,537800,0.27,0.0
2025-02-24 00:00:00-05:00,28.253518831252574,28.588844109162046,28.071484795694445,28.148130416870117,617500,0.0,0.0
2025-02-25 00:00:00-05:00,28.416390247964408,28.636746174554574,28.176872459746654,28.560100555419922,662900,0.0,0.0
2025-02-26 00:00:00-05:00,28.425973629556296,28.531362050218515,27.67867740803264,28.100229263305664,815600,0.0,0.0
2025-02-27 00:00:00-05:00,28.02358326688021,28.49303794676678,27.899034811961666,28.44513511657715,427100,0.0,0.0
2025-02-28 00:00:00-05:00,28.588842965064387,28.71339140922464,28.13855018709956,28.34932518005371,784800,0.0,0.0
2025-03-03 00:00:00-05:00,28.349327175089336,28.751717155319806,28.10022844186325,28.29184341430664,401300,0.0,0.0
2025-03-04 00:00:00-05:00,28.081067872094614,28.301425648763303,27.42957912864123,27.697839736938477,557900,0.0,0.0
2025-03-05 00:00:00-05:00,27.812809091173264,28.090648803895505,27.276287874578774,27.697839736938477,401100,0.0,0.0
2025-03-06 00:00:00-05:00,27.544545808631256,27.611610497350416,27.276285226378896,27.554126739501953,463900,0.0,0.0
2025-03-07 00:00:00-05:00,27.544546042079382,27.68825635160639,27.132575148026426,27.60202980041504,399000,0.0,0.0
2025-03-10 00:00:00-04:00,27.343350425194853,27.889450666885917,26.90263676325297,26.97928237915039,548400,0.0,0.0
2025-03-11 00:00:00-04:00,26.99844827581489,27.22838515787912,26.222411070426126,26.25115203857422,454700,0.0,0.0
2025-03-12 00:00:00-04:00,27.400837231910458,27.400837231910458,26.136183515070503,26.5577335357666,612500,0.0,0.0
2025-03-13 00:00:00-04:00,26.69186474062017,26.940963476794124,26.452346935919344,26.615219116210938,517100,0.0,0.0
2025-03-14 00:00:00-04:00,26.87389515293865,27.142155734055542,26.624798260857755,27.05592918395996,414800,0.0,0.0
2025-03-17 00:00:00-04:00,27.132575351087564,27.429576903316246,26.90263848864835,27.151737213134766,627900,0.0,0.0
2025-03-18 00:00:00-04:00,27.53496505302163,27.53496505302163,27.02718667789697,27.38167381286621,608400,0.0,0.0
2025-03-19 00:00:00-04:00,27.30502692560572,27.707416869183355,27.285865064631633,27.362510681152344,575100,0.0,0.0
2025-03-20 00:00:00-04:00,27.151736345223,27.602029124684105,26.960121385627467,27.065509796142578,528800,0.0,0.0
2025-03-21 00:00:00-04:00,27.0176072552687,27.15173663197672,26.33737578615865,26.500247955322266,4972900,0.0,0.0
2025-03-24 00:00:00-04:00,26.940963561110564,27.899034782912313,26.778091380309235,27.61161231994629,761500,0.0,0.0
2025-03-25 00:00:00-04:00,27.669095946864424,27.831968126872706,27.410418107043125,27.448740005493164,533000,0.0,0.0
2025-03-26 00:00:00-04:00,27.611610641204066,28.00441967207055,27.53496502121489,27.716999053955078,495000,0.0,0.0
2025-03-27 00:00:00-04:00,27.736162780747954,27.78406561119623,27.381675622352834,27.496644973754883,396300,0.0,0.0
2025-03-28 00:00:00-04:00,27.410415907743204,27.53496435193236,26.93138033761068,27.12299346923828,356900,0.0,0.0
2025-03-31 00:00:00-04:00,26.845154472322236,27.47748129480728,26.749346990381166,27.38167381286621,515000,0.0,0.0
2025-04-01 00:00:00-04:00,27.199642051633568,27.29544954157649,26.85473764616527,27.03676986694336,529900,0.0,0.0
2025-04-02 00:00:00-04:00,26.81641181910337,27.60202988583288,26.81641181910337,27.544546127319336,437000,0.0,0.0
2025-04-03 00:00:00-04:00,26.481087258403736,26.845155336017907,25.35056295535308,25.465532302856445,823000,0.0,0.0
2025-04-04 00:00:00-04:00,24.45955844466283,24.938594045657883,23.520647277906914,24.181716918945312,818900,0.0,0.0
2025-04-07 00:00:00-04:00,23.53980775740571,25.072721955996737,22.99370749673829,24.057167053222656,756800,0.0,0.0
2025-04-08 00:00:00-04:00,24.83320319686879,24.97691349761921,23.367353743513032,23.75058364868164,684100,0.0,0.0
2025-04-09 00:00:00-04:00,23.29070953656192,25.867921485073317,22.907481435591535,25.321821212768555,955200,0.0,0.0
2025-04-10 00:00:00-04:00,24.69907643211185,24.919432371667295,22.75419121949547,23.453582763671875,644500,0.0,0.0
2025-04-11 00:00:00-04:00,23.309872440006913,24.2200408194343,22.821255904170975,23.51106834411621,546900,0.0,0.0
2025-04-14 00:00:00-04:00,24.469139646455417,25.743374286092923,24.133814356576956,25.618824005126953,891100,0.0,0.0
2025-04-15 00:00:00-04:00,25.791277734529505,26.586476786954183,25.666729277951315,26.21282958984375,814400,0.0,0.0
2025-04-16 00:00:00-04:00,26.059536898701612,26.576894387090693,25.992470380921322,26.366119384765625,1096800,0.0,0.0
2025-04-17 00:00:00-04:00,26.327796072989276,26.99844664229809,26.241569519010262,26.854736328125,752200,0.0,0.0
2025-04-21 00:00:00-04:00,26.672701428980975,27.00802670282454,26.337376155137406,26.768508911132812,673900,0.0,0.0
2025-04-22 00:00:00-04:00,27.027187479100032,27.37209369336211,26.56731374500112,27.24754524230957,430100,0.0,0.0
2025-04-23 00:00:00-04:00,27.822389301944344,28.36848960881139,27.170900575374585,27.21880340576172,503100,0.0,0.0
2025-04-24 00:00:00-04:00,27.352930786276993,27.716998849066105,26.902638000591203,27.333770751953125,401100,0.0,0.0
2025-04-25 00:00:00-04:00,27.103836389066522,27.257127642024848,26.682284529743182,27.03676986694336,301900,0.0,0.0
2025-04-28 00:00:00-04:00,27.122993872395256,27.45831914194744,26.739765776068058,27.05592918395996,357800,0.0,0.0
2025-04-29 00:00:00-04:00,26.9505399548604,27.544544856684624,26.768507756735385,27.52538299560547,764800,0.0,0.0
2025-04-30 00:00:00-04:00,27.180479513107933,27.573288541070703,26.701443934872778,27.333770751953125,569800,0.0,0.0
2025-05-01 00:00:00-04:00,27.400835037231445,27.669093787574358,27.075090702635897,27.400835037231445,387300,0.0,0.0
2025-05-02 00:00:00-04:00,27.755319828203838,28.042742262075475,27.544544838598494,27.860708236694336,346200,0.0,0.0
2025-05-05 00:00:00-04:00,27.592448864208862,28.004419758183367,27.429576692809075,27.659515380859375,400700,0.0,0.0
2025-05-06 00:00:00-04:00,27.247543018868626,27.669092993705625,27.180478333207088,27.19963836669922,307400,0.0,0.0
2025-05-07 00:00:00-04:00,27.544545343111675,27.63077189211495,27.333770349645718,27.400835037231445,464900,0.0,0.0
2025-05-08 00:00:00-04:00,27.630774624289845,28.081067447873746,27.372094951701367,27.822389602661133,513900,0.0,0.0
2025-05-09 00:00:00-04:00,27.764904432168812,27.96610034523572,27.487064719446572,27.697839736938477,568600,0.0,0.0
2025-05-12 00:00:00-04:00,28.65591049194336,29.297818292472343,28.627167697038768,28.65591049194336,786200,0.0,0.0
2025-05-13 00:00:00-04:00,28.761297813630527,29.115783133696898,28.483456288962916,28.521780014038086,421100,0.0,0.0
2025-05-14 00:00:00-04:00,28.330163955688477,28.655908296817437,27.994838683658582,28.330163955688477,443500,0.0,0.0
2025-05-15 00:00:00-04:00,28.397230013504885,28.94333030955293,28.119390313487376,28.7900390625,724200,0.0,0.0
2025-05-16 00:00:00-04:00,28.809201422295686,28.809201422295686,28.51219985442818,28.665491104125977,593700,0.0,0.0
2025-05-19 00:00:00-04:00,28.425971029121072,28.52177850937891,28.21519603445439,28.454713821411133,746000,0.0,0.0
2025-05-20 00:00:00-04:00,28.45471564097519,28.761298135504422,28.339746291838825,28.51219940185547,519200,0.0,0.0
2025-05-21 00:00:00-04:00,28.19603514151143,28.330164522054563,27.515803652951767,27.53496551513672,585300,0.0,0.0
2025-05-22 00:00:00-04:00,27.58286881123706,27.899032212204276,27.333770097236275,27.63077163696289,423300,0.0,0.0
2025-05-23 00:00:00-04:00,27.38898918589915,27.621099044889544,27.050494949796214,27.5340576171875,752600,0.27,0.0
2025-05-27 00:00:00-04:00,27.785512022770458,28.007950419841933,27.4566892424712,27.988609313964844,414700,0.0,0.0
2025-05-28 00:00:00-04:00,27.882223327995682,28.027291759284033,27.46635913889595,27.5340576171875,481500,0.0,0.0
2025-05-29 00:00:00-04:00,27.58241705348415,27.708142544764474,27.40833418506115,27.698471069335938,497600,0.0,0.0
2025-05-30 00:00:00-04:00,27.630770948187003,27.688797952673387,27.388989610740992,27.485702514648438,391500,0.0,0.0
2025-06-02 00:00:00-04:00,27.48570469238272,27.553403177088224,26.92477201885023,27.408334732055664,336000,0.0,0.0
2025-06-03 00:00:00-04:00,27.24392123468125,27.949922298798263,27.205235335178564,27.891895294189453,329300,0.0,0.0
2025-06-04 00:00:00-04:00,27.94992444215434,28.24973280771024,27.47603320477715,27.543731689453125,328300,0.0,0.0
2025-06-05 00:00:00-04:00,27.534061175514054,27.659788518285293,27.282608334617002,27.47603416442871,389100,0.0,0.0
2025-06-06 00:00:00-04:00,27.87255344856957,28.143349221879888,27.659786526812006,28.124006271362305,379600,0.0,0.0
2025-06-09 00:00:00-04:00,28.278746618426137,28.394802478660157,28.036965267196795,28.075651168823242,375200,0.0,0.0
2025-06-10 00:00:00-04:00,28.21104843750868,29.013762458405417,28.13367847807208,28.40447425842285,348100,0.0,0.0
2025-06-11 00:00:00-04:00,28.530200407281193,28.568886310212374,28.05630916424651,28.14335060119629,370900,0.0,0.0
2025-06-12 00:00:00-04:00,28.01762120814768,28.404472830528977,27.611428480363514,27.84354019165039,387700,0.0,0.0
2025-06-13 00:00:00-04:00,27.505046370331044,27.553401901554913,27.08918216108277,27.14720916748047,468200,0.0,0.0
2025-06-16 00:00:00-04:00,27.46636127651889,27.553402710995105,26.9634556205775,27.05049705505371,516200,0.0,0.0
2025-06-17 00:00:00-04:00,26.731345440802528,27.002141216622483,26.682989908705714,26.7216739654541,549500,0.0,0.0
2025-06-18 00:00:00-04:00,26.66364768467601,27.20523740643062,26.547593666622703,27.00214195251465,465200,0.0,0.0
2025-06-20 00:00:00-04:00,27.06984168522252,27.398664492609704,27.03115762563632,27.263267517089844,1259300,0.0,0.0
2025-06-23 00:00:00-04:00,27.20523575257935,27.86288129705326,27.195566122200535,27.84354019165039,412900,0.0,0.0
2025-06-24 00:00:00-04:00,28.211047704046145,28.568884910040307,28.046636313937253,28.124006271362305,434500,0.0,0.0
2025-06-25 00:00:00-04:00,28.065980863199425,28.133679349222042,27.833870977702418,27.93058204650879,317900,0.0,0.0
2025-06-26 00:00:00-04:00,28.14334978446386,28.549542530226468,28.065979825492192,28.51085662841797,334200,0.0,0.0
2025-06-27 00:00:00-04:00,28.58822712985448,28.63658450803269,28.14335031848712,28.356117248535156,463900,0.0,0.0
2025-06-30 00:00:00-04:00,28.549542278432362,28.626912236721665,28.278746502097146,28.317432403564453,398200,0.0,0.0
2025-07-01 00:00:00-04:00,28.25940508503333,29.72943621695564,28.211049550220196,29.448970794677734,458500,0.0,0.0
2025-07-02 00:00:00-04:00,29.632718946842207,29.893843223598317,29.36192504026118,29.874500274658203,411100,0.0,0.0
2025-07-03 00:00:00-04:00,30.183982849121094,30.40642309305559,30.029242932689897,30.183982849121094,255700,0.0,0.0
2025-07-07 00:00:00-04:00,29.95187144764251,30.38707859332338,29.574693151149233,29.729433059692383,591800,0.0,0.0
2025-07-08 00:00:00-04:00,29.69074916517478,30.087270413538008,29.5456788860678,29.893844604492188,713100,0.0,0.0
2025-07-09 00:00:00-04:00,30.11628395116362,30.135626901612238,29.739105640641966,29.961544036865234,359500,0.0,0.0
2025-07-10 00:00:00-04:00,29.88417381388473,30.416093878618412,29.70041947554798,30.03891372680664,454700,0.0,0.0
2025-07-11 00:00:00-04:00,29.893846621113422,29.961545105452792,29.63272231467984,29.78746223449707,599500,0.0,0.0
2025-07-14 00:00:00-04:00,29.700418533090538,30.0195716685905,29.632720053916078,29.971214294433594,404700,0.0,0.0
2025-07-15 00:00:00-04:00,29.78746171467209,29.96154458258987,28.307761026661613,28.346445083618164,547500,0.0,0.0
2025-07-16 00:00:00-04:00,28.394800612721284,28.78165038033768,28.09499042875403,28.481842041015625,642700,0.0,0.0
2025-07-17 00:00:00-04:00,28.356115393825533,28.897705081479796,28.172361058058016,28.76230812072754,1490200,0.0,0.0
2025-07-18 00:00:00-04:00,29.758449170321494,30.029243103291872,28.74296638774662,28.75263786315918,750600,0.0,0.0
2025-07-21 00:00:00-04:00,29.052446303522117,29.555350081931575,28.897704550959354,28.91704750061035,706600,0.0,0.0
2025-07-22 00:00:00-04:00,28.926720775674085,29.4392979054542,28.830007866045438,29.023433685302734,613100,0.0,0.0
2025-07-23 00:00:00-04:00,29.16850184993917,29.2362003326416,28.675267675706053,29.2362003326416,528700,0.0,0.0
2025-07-24 00:00:00-04:00,29.05244781214732,29.09113186881288,28.539870687650236,28.559213638305664,515000,0.0,0.0
2025-07-25 00:00:00-04:00,28.549541204596103,28.868692501115877,28.230389908076333,28.76230812072754,483400,0.0,0.0
2025-07-28 00:00:00-04:00,28.76230812072754,28.868692501115877,28.433485349204712,28.76230812072754,457500,0.0,0.0
2025-07-29 00:00:00-04:00,28.946063257211975,28.946063257211975,28.385130604034877,28.66559600830078,495300,0.0,0.0
2025-07-30 00:00:00-04:00,28.713954317440894,29.110475593189758,27.99828172597598,28.19170570373535,468700,0.0,0.0
2025-07-31 00:00:00-04:00,27.862880245579138,28.269072958034624,27.67912776099214,28.153018951416016,673400,0.0,0.0
2025-08-01 00:00:00-04:00,27.727484072241168,28.036963891485993,27.485702732875495,27.920909881591797,838300,0.0,0.0
2025-08-04 00:00:00-04:00,27.93058008205366,28.568884528082997,27.7371561133997,28.443157196044922,529100,0.0,0.0
2025-08-05 00:00:00-04:00,28.48184324694834,28.791323074144955,28.20137600064811,28.742965698242188,495100,0.0,0.0
2025-08-06 00:00:00-04:00,28.820338133550287,28.820338133550287,28.433488316285974,28.452831268310547,439500,0.0,0.0
2025-08-07 00:00:00-04:00,28.713953498895705,28.713953498895705,28.288417808523217,28.42381477355957,347500,0.0,0.0
2025-08-08 00:00:00-04:00,28.694609114425983,28.965404875612492,28.443156302891058,28.78165054321289,363600,0.0,0.0
2025-08-11 00:00:00-04:00,28.810667147106173,28.97507669764593,28.472172881178555,28.704282760620117,393300,0.0,0.0
2025-08-12 00:00:00-04:00,28.91704771846443,29.574693254391196,28.859020713719488,29.487651824951172,676800,0.0,0.0
2025-08-13 00:00:00-04:00,29.565022512902626,30.067928152221477,29.448968500533823,30.03891372680664,664000,0.0,0.0
2025-08-14 00:00:00-04:00,29.777791276654206,30.116283683267596,29.623049519087026,30.03891372680664,363400,0.0,0.0
2025-08-15 00:00:00-04:00,30.145297091084345,30.154968565896148,29.54567856526897,29.565021514892578,310600,0.0,0.0
2025-08-18 00:00:00-04:00,29.53601210511274,29.729436088172797,29.371600704956716,29.690752029418945,295500,0.0,0.0
2025-08-19 00:00:00-04:00,29.729431846897633,30.106610128004146,29.690747793662545,29.874500274658203,282400,0.0,0.0
2025-08-20 00:00:00-04:00,29.96154388653617,29.96154388653617,29.497324145970193,29.66173553466797,292500,0.0,0.0
2025-08-21 00:00:00-04:00,29.468309302883085,29.642392164289927,29.303897916514984,29.43929672241211,240900,0.0,0.0
2025-08-22 00:00:00-04:00,29.556392819059358,31.088367936374077,29.556392819059358,30.961515426635742,558100,0.27,0.0
2025-08-25 00:00:00-04:00,30.96151496306978,31.010305104990042,30.58096116185983,30.60047721862793,325500,0.0,0.0
2025-08-26 00:00:00-04:00,30.463865832491358,30.981030155496022,30.395561496862236,30.815147399902344,400900,0.0,0.0
2025-08-27 00:00:00-04:00,30.815147913715997,31.351828301892926,30.815147913715997,31.17618751525879,396400,0.0,0.0
2025-08-28 00:00:00-04:00,31.273761715724607,31.273761715724607,30.493138124206304,30.785871505737305,297600,0.0,0.0
2025-08-29 00:00:00-04:00,30.883450334300953,31.01030283284545,30.63950522603451,30.688295364379883,265200,0.0,0.0
2025-09-02 00:00:00-04:00,30.385803739275563,30.746843338012695,30.19064875876254,30.746843338012695,333800,0.0,0.0
2025-09-03 00:00:00-04:00,30.590718980557252,30.941998694207175,30.366289912723268,30.64926528930664,262800,0.0,0.0
2025-09-04 00:00:00-04:00,30.79563185716696,31.185943682379715,30.600476875137378,31.17618751525879,284500,0.0,0.0
2025-09-05 00:00:00-04:00,31.342067237350793,31.70310868651058,30.80538873044924,30.981029510498047,360400,0.0,0.0
2025-09-08 00:00:00-04:00,31.059091110037347,31.068849137706422,30.47362247796719,30.688295364379883,385700,0.0,0.0
2025-09-09 00:00:00-04:00,30.746843403240536,30.834663796061456,30.512656309435947,30.727327346801758,415300,0.0,0.0
2025-09-10 00:00:00-04:00,30.69805206073942,30.941997173216322,30.473623003937515,30.541927337646484,269000,0.0,0.0
2025-09-11 00:00:00-04:00,30.688294952662606,30.971270306655445,30.405317737516313,30.785871505737305,392500,0.0,0.0
2025-09-12 00:00:00-04:00,30.746842409007368,30.746842409007368,30.415076904890476,30.493139266967773,315200,0.0,0.0
2025-09-15 00:00:00-04:00,30.493140530942444,30.746843683498316,30.1028287043771,30.171133041381836,433000,0.0,0.0
2025-09-16 00:00:00-04:00,30.180888763869984,30.288225205907548,29.64420841483562,30.278467178344727,519000,0.0,0.0
2025-09-17 00:00:00-04:00,30.366289203761696,31.234731369870627,30.23943669975378,30.346773147583008,669100,0.0,0.0
2025-09-18 00:00:00-04:00,30.483382827097486,31.088367560578387,30.31750006639737,31.059093475341797,540900,0.0,0.0
2025-09-19 00:00:00-04:00,31.02981516211001,31.02981516211001,30.385800263884757,30.668777465820312,1990400,0.0,0.0
2025-09-22 00:00:00-04:00,30.619987896759696,30.737082362763434,30.26870822105528,30.522411346435547,430700,0.0,0.0
2025-09-23 00:00:00-04:00,30.610233009317387,31.01030283804921,30.171131069902717,30.19064712524414,522400,0.0,0.0
2025-09-24 00:00:00-04:00,30.200404787130932,30.551684473254536,30.09306834520662,30.288225173950195,254700,0.0,0.0
2025-09-25 00:00:00-04:00,30.171131534599237,30.190647590241248,29.84912406112007,30.06379508972168,276500,0.0,0.0
2025-09-26 00:00:00-04:00,30.171130959719605,30.385801984230884,29.995490184595166,30.210161209106445,290500,0.0,0.0
2025-09-29 00:00:00-04:00,30.239437136966114,30.239437136966114,29.546633882987912,29.741788864135742,411800,0.0,0.0
2025-09-30 00:00:00-04:00,29.732029680188795,29.839366125397643,29.205109204302694,29.5563907623291,355800,0.0,0.0
2025-10-01 00:00:00-04:00,29.361233362886214,29.458811778367135,28.912373396135354,29.205108642578125,365500,0.0,0.0
2025-10-02 00:00:00-04:00,29.048984018025806,29.33195937658445,28.961163629918836,29.17583465576172,354500,0.0,0.0
2025-10-03 00:00:00-04:00,29.273414709725014,29.790579039612112,29.185594316703554,29.244140625,610200,0.0,0.0
2025-10-06 00:00:00-04:00,29.33196126124743,29.693000864568752,28.931891405789354,29.18559455871582,469500,0.0,0.0
2025-10-07 00:00:00-04:00,29.253896989995784,29.419779738365683,28.64891416263743,28.687944412231445,434000,0.0,0.0
2025-10-08 00:00:00-04:00,28.863584175092626,28.98067864207128,28.40496805682918,28.45375633239746,368800,0.0,0.0
2025-10-09 00:00:00-04:00,28.434241217181373,28.434241217181373,27.90732075125142,28.20981216430664,403700,0.0,0.0
2025-10-10 00:00:00-04:00,28.453758441176436,28.531820804563132,27.790227421812762,27.91707992553711,670200,0.0,0.0
2025-10-13 00:00:00-04:00,28.23908788177236,28.336666302934137,27.93659459005549,28.278118133544922,465900,0.0,0.0
2025-10-14 00:00:00-04:00,28.1415087042405,29.146563251232493,28.1415087042405,28.970922470092773,410400,0.0,0.0
2025-10-15 00:00:00-04:00,29.048983998187794,29.12704635854585,28.004899230466247,28.190296173095703,551000,0.0,0.0
2025-10-16 00:00:00-04:00,27.780468506908637,27.907321006583466,26.931540564822882,27.155969619750977,831000,0.0,0.0
2025-10-17 00:00:00-04:00,27.029119965235772,27.702407154531357,25.672783836226213,27.39015769958496,799400,0.0,0.0
2025-10-20 00:00:00-04:00,27.390155744428466,28.483030619883124,27.234031028099718,28.40496826171875,501800,0.0,0.0
2025-10-21 00:00:00-04:00,28.404969333449642,28.63915641677874,28.053687777879254,28.121992111206055,488600,0.0,0.0
2025-10-22 00:00:00-04:00,28.20005533414667,28.629399263948073,28.151267054894635,28.395212173461914,512400,0.0,0.0
2025-10-23 00:00:00-04:00,28.268360105313384,28.463516947636943,28.219571825309288,28.278118133544922,463300,0.0,0.0
2025-10-24 00:00:00-04:00,28.375696219401913,28.892860542640697,28.239087548081827,28.85382843017578,409900,0.0,0.0
2025-10-27 00:00:00-04:00,28.844070239835034,29.14656352627618,28.726977625405958,28.902618408203125,461400,0.0,0.0
2025-10-28 00:00:00-04:00,28.805039350441213,29.185593130633205,28.67818684960821,29.068500518798828,403900,0.0,0.0
2025-10-29 00:00:00-04:00,28.834312058755494,29.24413992938949,28.258601434265987,28.444000244140625,683300,0.0,0.0
2025-10-30 00:00:00-04:00,28.365937481192063,28.902617847228413,28.365937481192063,28.55133628845215,552500,0.0,0.0
2025-10-31 00:00:00-04:00,28.404970475821422,28.483032840070578,28.05368890612343,28.326908111572266,585800,0.0,0.0
2025-11-03 00:00:00-05:00,28.190297739512157,28.77576640530635,27.878048280729544,28.766008377075195,619400,0.0,0.0
2025-11-04 00:00:00-05:00,28.697702308040174,29.244138827919656,28.54157758807461,29.224624633789062,797700,0.0,0.0
2025-11-05 00:00:00-05:00,29.1953518127645,29.77106244045384,29.156319700509304,29.3905086517334,869000,0.0,0.0
2025-11-06 00:00:00-05:00,29.23438062611061,29.390507206299507,28.912373160455843,29.263654708862305,846500,0.0,0.0
2025-11-07 00:00:00-05:00,29.214865674735883,29.546631159373927,28.69770139311695,29.468568801879883,702500,0.0,0.0
2025-11-10 00:00:00-05:00,29.41002182613714,29.78081943508012,29.29292921574193,29.644208908081055,417800,0.0,0.0
2025-11-11 00:00:00-05:00,29.722272501485374,29.93694539803615,29.517359494218066,29.81985092163086,406300,0.0,0.0
2025-11-12 00:00:00-05:00,29.76130267857388,30.054036058819786,29.663724264774096,29.829607009887695,566400,0.0,0.0
2025-11-13 00:00:00-05:00,29.74178812410232,30.05403757509234,29.74178812410232,29.93694496154785,677400,0.0,0.0
2025-11-14 00:00:00-05:00,29.67348229226942,29.946701478678122,29.46856929832797,29.829607009887695,702100,0.0,0.0
2025-11-17 00:00:00-05:00,29.76130394386839,29.868640389726878,28.961164266768623,29.009952545166016,1429600,0.0,0.0
2025-11-18 00:00:00-05:00,28.941648440652013,30.141857965827477,28.87334410589214,29.93694496154785,739400,0.0,0.0
2025-11-19 00:00:00-05:00,29.868642270880667,30.50289923576044,29.780821875311535,30.483383178710938,1331700,0.0,0.0
2025-11-20 00:00:00-05:00,30.580958352546524,31.351825773688525,30.502895993798905,30.83466148376465,2578600,0.0,0.0
2025-11-21 00:00:00-05:00,30.706718910146826,31.661380351218767,30.706718910146826,31.22833824157715,836300,0.27,0.0
2025-11-24 00:00:00-05:00,31.070866977536213,31.31691439025309,30.81497744304753,30.824819564819336,1172900,0.0,0.0
2025-11-25 00:00:00-05:00,31.041343310421496,32.22237167357646,31.041343310421496,31.966480255126953,884500,0.0,0.0
2025-11-26 00:00:00-05:00,31.82869293134266,32.36015623504918,31.740115714058238,31.75979995727539,1300200,0.0,0.0
2025-11-28 00:00:00-05:00,31.72043456232209,31.72043456232209,31.13976247117301,31.159446716308594,418600,0.0,0.0
2025-12-01 00:00:00-05:00,31.080709107564054,31.671223273679974,30.97244764523818,31.55312156677246,678400,0.0,0.0
2025-12-02 00:00:00-05:00,31.55312333381024,31.7007495371156,31.25786529562085,31.287391662597656,538500,0.0,0.0
2025-12-03 00:00:00-05:00,31.287392018979684,31.897588592574387,31.287392018979684,31.63185691833496,539400,0.0,0.0
2025-12-04 00:00:00-05:00,31.612171455538657,31.92711185264002,31.385808279771155,31.690908432006836,556500,0.0,0.0
2025-12-05 00:00:00-05:00,31.641700917965583,31.82869561270333,31.45470246884201,31.63185691833496,397800,0.0,0.0
2025-12-08 00:00:00-05:00,31.70074722762394,32.20268604369749,31.49406830542213,31.75979995727539,504500,0.0,0.0
2025-12-09 00:00:00-05:00,31.759801924687974,32.123951060799286,31.425177278038575,31.484228134155273,467200,0.0,0.0
2025-12-10 00:00:00-05:00,31.435021580628025,32.73414989126882,31.435021580628025,32.645572662353516,639700,0.0,0.0
2025-12-11 00:00:00-05:00,32.69478134200749,33.117983191439,32.51762690483218,32.5569953918457,497400,0.0,0.0
2025-12-12 00:00:00-05:00,32.55699697050301,32.77351615080509,32.183003834511055,32.38968276977539,466800,0.0,0.0
2025-12-15 00:00:00-05:00,32.6357273335563,32.901458978913894,32.41920441784593,32.61604309082031,691300,0.0,0.0
2025-12-16 00:00:00-05:00,32.72430732008131,32.79320029829905,31.63185615922049,32.212528228759766,680600,0.0,0.0
2025-12-17 00:00:00-05:00,32.261736036025106,33.03924677287901,32.21252730362366,32.89161682128906,985100,0.0,0.0
2025-12-18 00:00:00-05:00,33.04909301266345,33.27545620056563,32.753833089465424,33.05893325805664,703500,0.0,0.0
2025-12-19 00:00:00-05:00,32.87193634173841,33.157348491506994,32.46841872890804,32.803043365478516,2065300,0.0,0.0
2025-12-22 00:00:00-05:00,32.871937204565384,33.21640209490642,32.763675737776566,32.85225296020508,442300,0.0,0.0
2025-12-23 00:00:00-05:00,32.6947825662263,33.039247454528855,32.47825963393001,32.49794387817383,340900,0.0,0.0
2025-12-24 00:00:00-05:00,32.55699665946473,32.64557012711546,32.35031397178922,32.58652114868164,209100,0.0,0.0
2025-12-26 00:00:00-05:00,32.61604645238405,32.72430792139716,32.33063053487415,32.54715347290039,258600,0.0,0.0
2025-12-29 00:00:00-05:00,32.547154652614324,32.67510037102973,32.30110721571558,32.3995246887207,351600,0.0,0.0
2025-12-30 00:00:00-05:00,32.36015786382826,32.36015786382826,31.946796244233468,31.956640243530273,333700,0.0,0.0
2025-12-31 00:00:00-05:00,32.055057225000276,32.19284317798445,31.444860681333633,31.52359390258789,441100,0.0,0.0
2026-01-02 00:00:00-05:00,31.50391143661311,31.7401186224776,31.02166057395247,31.62201690673828,373600,0.0,0.0
2026-01-05 00:00:00-05:00,31.51375413481645,32.438891086274225,31.51375413481645,31.956640243530273,431100,0.0,0.0
2026-01-06 00:00:00-05:00,31.69091026805637,32.54715428763409,31.69091026805637,32.50778579711914,582400,0.0,0.0
2026-01-07 00:00:00-05:00,32.497943780434056,32.57667700278682,32.12395064969773,32.3207893371582,429500,0.0,0.0
2026-01-08 00:00:00-05:00,32.15347834035104,33.17703661355413,32.15347834035104,32.98019790649414,551300,0.0,0.0
2026-01-09 00:00:00-05:00,33.04909057659806,33.38371145670377,32.301104332730134,32.448734283447266,432800,0.0,0.0
2026-01-12 00:00:00-05:00,32.19284520538714,32.31095067628489,31.87790479176489,32.15347671508789,447900,0.0,0.0
2026-01-13 00:00:00-05:00,32.27158117985685,32.41920738229769,31.759802085079926,31.83853530883789,304900,0.0,0.0
2026-01-14 00:00:00-05:00,31.858218682486758,32.55699620406013,31.828694193682836,32.51762771606445,508300,0.0,0.0
2026-01-15 00:00:00-05:00,32.497942560995966,33.31481801488416,32.47825831754997,33.19671630859375,763200,0.0,0.0
2026-01-16 00:00:00-05:00,32.448736739943584,32.8522543808146,31.78932766570897,31.877904891967773,969000,0.0,0.0
2026-01-20 00:00:00-05:00,31.63185615887438,31.887747581725222,30.83466303248911,30.94292449951172,787600,0.0,0.0
2026-01-21 00:00:00-05:00,31.09055499969552,32.38968519638062,31.00197777017672,32.09442901611328,802500,0.0,0.0
2026-01-22 00:00:00-05:00,32.09442786626896,32.97035612991419,32.09442786626896,32.41920852661133,659600,0.0,0.0
2026-01-23 00:00:00-05:00,32.16332027180807,32.340474721328526,31.09055332943899,31.17913055419922,572000,0.0,0.0
2026-01-26 00:00:00-05:00,31.188971678853814,31.533438444435458,30.94292425732305,31.31691551208496,703900,0.0,0.0
2026-01-27 00:00:00-05:00,31.37596605979474,31.631855600939232,31.336599448876346,31.51375389099121,325800,0.0,0.0
2026-01-28 00:00:00-05:00,31.513755345905096,31.78932726663486,31.33660089561144,31.444862365722656,557400,0.0,0.0
2026-01-29 00:00:00-05:00,31.484228831404298,32.104267527343154,31.484228831404298,32.0845832824707,729100,0.0,0.0
2026-01-30 00:00:00-05:00,31.966481162386703,32.34047430145053,31.93695667264522,32.10426712036133,741900,0.0,0.0
2026-02-02 00:00:00-05:00,32.10426735165846,32.84240963559974,31.93695690273695,32.54715347290039,638800,0.0,0.0
2026-02-03 00:00:00-05:00,32.55699801419781,33.157350594775366,32.173160866477524,32.7932014465332,587300,0.0,0.0
2026-02-04 00:00:00-05:00,33.34434795127932,33.75770582148885,33.00972330446819,33.117984771728516,632200,0.0,0.0
2026-02-05 00:00:00-05:00,33.167194729311134,33.354189426868786,32.753833089465424,33.05893325805664,885000,0.0,0.0
2026-02-06 00:00:00-05:00,33.177032470703125,33.37387115318366,33.049090518318536,33.177032470703125,634500,0.0,0.0
2026-02-09 00:00:00-05:00,32.99987828520361,33.35418716551099,32.89161682128906,32.89161682128906,466400,0.0,0.0
2026-02-10 00:00:00-05:00,32.95066982085987,33.058931285655135,32.44873473926486,32.51762771606445,483100,0.0,0.0
2026-02-11 00:00:00-05:00,32.67509914011023,33.068772771686376,32.399523468182544,32.45857620239258,479300,0.0,0.0
2026-02-12 00:00:00-05:00,32.68493754408389,32.77351476321632,31.651539157129232,32.18300247192383,673200,0.0,0.0
2026-02-13 00:00:00-05:00,32.40132983635333,32.728814494045125,32.073841393018085,32.62957763671875,510200,0.27,0.0
2026-02-17 00:00:00-05:00,32.71889022819534,33.06622299224793,32.51048678412059,32.78835678100586,598800,0.0,0.0
2026-02-18 00:00:00-05:00,32.84789671898111,33.363936662118824,32.66926736229332,32.837974548339844,810500,0.0,0.0
2026-02-19 00:00:00-05:00,32.72881306020536,33.026527404785156,32.52041339756383,33.026527404785156,496700,0.0,0.0
2026-02-20 00:00:00-05:00,32.966987868353506,33.264702222515744,32.639499428824664,32.947139739990234,576100,0.0,0.0
2026-02-23 00:00:00-05:00,32.798278230033645,33.05630009391701,30.912749710697554,31.38909339904785,681300,0.0,0.0
2026-02-24 00:00:00-05:00,31.250161938476516,31.468485667236497,30.952447590820025,31.40894317626953,436700,0.0,0.0
2026-02-25 00:00:00-05:00,31.557797915398897,32.411248422308496,31.557797915398897,32.32193374633789,499300,0.0,0.0
2026-02-26 00:00:00-05:00,32.47079268727904,32.957058532575,31.96467493001163,32.33185958862305,615000,0.0,0.0
2026-02-27 00:00:00-05:00,31.77612471816364,31.8753615682533,30.783741074694355,30.92267417907715,733500,0.0,0.0
2026-03-02 00:00:00-05:00,30.436407122080936,31.686810768796438,30.26770182309182,31.448638916015625,563200,0.0,0.0
2026-03-03 00:00:00-05:00,30.79366530534687,31.51810491473291,30.416558458802363,31.200542449951172,709300,0.0,0.0
2026-03-04 00:00:00-05:00,31.458561808458207,31.686809588938313,31.18069371081619,31.537952423095703,456800,0.0,0.0
2026-03-05 00:00:00-05:00,31.11122784619662,31.528029055447142,30.922674422463345,31.339475631713867,518900,0.0,0.0
2026-03-06 00:00:00-05:00,30.54556940601727,30.813511552776383,29.920366646995628,30.763893127441406,553400,0.0,0.0
2026-03-09 00:00:00-04:00,30.307397736393646,30.803589563961413,29.38448063426614,30.605112075805664,741500,0.0,0.0
2026-03-10 00:00:00-04:00,30.545570631721187,31.101304967623616,30.287550645418214,30.52572250366211,763800,0.0,0.0
2026-03-11 00:00:00-04:00,30.307398173941483,30.644806880162854,29.940215383398808,30.426483154296875,507100,0.0,0.0
2026-03-12 00:00:00-04:00,29.88067349681722,30.932599677706634,29.84097724068246,30.813512802124023,763100,0.0,0.0
2026-03-13 00:00:00-04:00,30.982216331101213,31.07153100946885,30.46617828064788,30.8035888671875,720000,0.0,0.0
2026-03-16 00:00:00-04:00,30.962371133194235,31.240237348240264,30.71427521671935,30.724197387695312,736400,0.0,0.0
2026-03-17 00:00:00-04:00,31.002065235677897,31.091379916285877,30.39671059885084,30.74404525756836,583100,0.0,0.0
2026-03-18 00:00:00-04:00,30.595189059047204,30.783742489965086,30.33716907274423,30.52572250366211,982100,0.0,0.0
2026-03-19 00:00:00-04:00,30.317320703496467,31.01199003746433,30.148615401979793,30.83336067199707,626600,0.0,0.0
2026-03-20 00:00:00-04:00,30.813512415206365,31.09138052619555,30.565416495944408,30.843284606933594,2700700,0.0,0.0
2026-03-23 00:00:00-04:00,31.54787804939661,32.063918016515515,31.17077119157062,31.418867111206055,728900,0.0,0.0
2026-03-24 00:00:00-04:00,31.2898572062785,31.825743393702542,31.22038876071875,31.339475631713867,695800,0.0,0.0
2026-03-25 00:00:00-04:00,31.528029444284375,31.696734742795517,31.131076357440993,31.309703826904297,657000,0.0,0.0
2026-03-26 00:00:00-04:00,31.10130365484899,31.438714246324622,31.10130365484899,31.34939956665039,484600,0.0,0.0
2026-03-27 00:00:00-04:00,31.140999343949108,31.140999343949108,30.734122182676174,30.813512802124023,680800,0.0,0.0
2026-03-30 00:00:00-04:00,31.06160846439561,31.071532528346197,30.773818181115203,30.83336067199707,572500,0.0,0.0
2026-03-31 00:00:00-04:00,31.32955200901001,31.448638881681216,30.79366581404364,31.160846710205078,817500,0.0,0.0
2026-04-01 00:00:00-04:00,31.240236233041077,31.64711337010965,31.240236233041077,31.38909339904785,856200,0.0,0.0
2026-04-02 00:00:00-04:00,31.09138051733526,31.617344547436517,30.912751152666093,31.567724227905273,867100,0.0,0.0
2026-04-06 00:00:00-04:00,31.44863802900066,31.855513276472966,31.31962709603631,31.80589485168457,442300,0.0,0.0
2026-04-07 00:00:00-04:00,31.657037992349306,31.83566924466074,31.478408632859466,31.637189865112305,635700,0.0,0.0
2026-04-08 00:00:00-04:00,32.242545585262356,32.71888927014795,31.865438748445104,32.570030212402344,597100,0.0,0.0
2026-04-09 00:00:00-04:00,32.39140386999408,32.99675854218524,32.2127744983428,32.91736602783203,1060300,0.0,0.0
2026-04-10 00:00:00-04:00,32.76850753139619,32.84789625232785,32.26238976608989,32.29216384887695,392900,0.0,0.0
2026-04-13 00:00:00-04:00,32.252468918025734,32.530335131144426,31.934906449992017,32.480716705322266,363900,0.0,0.0
2026-04-14 00:00:00-04:00,32.29216542918652,32.579957601139284,32.03414355583464,32.46086883544922,438900,0.0,0.0
2026-04-15 00:00:00-04:00,32.43109772479491,32.629575210332014,32.00437245586526,32.23262023925781,445000,0.0,0.0
2026-04-16 00:00:00-04:00,32.113534863645675,32.53033417102202,32.044068312416286,32.26239013671875,609000,0.0,0.0
2026-04-17 00:00:00-04:00,33.06622471339942,35.00137369326787,32.82805474440713,34.97160339355469,1943600,0.0,0.0
2026-04-20 00:00:00-04:00,34.842589162760085,35.74565809669244,34.624263557091915,34.93190383911133,1386500,0.0,0.0
2026-04-21 00:00:00-04:00,34.98152528106802,35.318935889105475,34.58457028844394,34.70365905761719,874600,0.0,0.0
2026-04-22 00:00:00-04:00,34.7929728224954,34.92197997389318,34.49525469307094,34.77312469482422,739100,0.0,0.0
2026-04-23 00:00:00-04:00,34.91205664018185,35.29908565277227,34.77312353675382,35.15022659301758,484900,0.0,0.0
2026-04-24 00:00:00-04:00,35.011292559399635,35.12045536223372,34.733426359926,34.93190383911133,825900,0.0,0.0
2026-04-27 00:00:00-04:00,34.91205562090478,35.418169595136774,34.91205562090478,35.229618072509766,782300,0.0,0.0
2026-04-28 00:00:00-04:00,35.42809834904485,35.57695363056607,35.070839616364616,35.30901336669922,565900,0.0,0.0
2026-04-29 00:00:00-04:00,35.20977188577401,35.44794563042018,34.673883799552556,34.792972564697266,478200,0.0,0.0
2026-04-30 00:00:00-04:00,34.604416631895404,35.348704365445926,33.74104392095689,35.1303825378418,573600,0.0,0.0
2026-05-01 00:00:00-04:00,35.22961858620388,35.59679946641805,34.892208003248314,35.18992233276367,423300,0.0,0.0
2026-05-04 00:00:00-04:00,34.95175537988038,35.24946973491928,34.73342975288492,34.96167755126953,450200,0.0,0.0
2026-05-05 00:00:00-04:00,34.9616776870982,35.37848081428671,34.93190738717168,35.23954391479492,394300,0.0,0.0
2026-05-06 00:00:00-04:00,35.52733439635619,35.72581188618587,35.22962005443329,35.368553161621094,619500,0.0,0.0
2026-05-07 00:00:00-04:00,35.4479452702097,35.83497428888903,35.28916403727349,35.39832305908203,544800,0.0,0.0
2026-05-08 00:00:00-04:00,35.38840246686234,35.507487450465895,35.180002799145285,35.279239654541016,461200,0.0,0.0
2026-05-11 00:00:00-04:00,35.96398401590635,36.251772388308915,34.93190414365907,35.19984817504883,635700,0.0,0.0
2026-05-12 00:00:00-04:00,35.487636614659664,35.487636614659664,34.39601614602046,34.902130126953125,614100,0.0,0.0
2026-05-13 00:00:00-04:00,35.14030379469606,38.29608400572789,34.27693110621168,34.3265495300293,635200,0.0,0.0
2026-05-14 00:00:00-04:00,34.65403629909884,34.9616766028246,34.405940379022894,34.455562591552734,536500,0.0,0.0
2026-05-15 00:00:00-04:00,34.4654823227869,34.51510074616083,33.80058712116153,34.0586051940918,481700,0.0,0.0
2026-05-18 00:00:00-04:00,34.22731403902952,34.93190552783891,34.12807340181771,34.802894592285156,441200,0.0,0.0
2026-05-19 00:00:00-04:00,34.79297120484265,34.81281933159102,34.39601624116144,34.60441589355469,473000,0.0,0.0
2026-05-20 00:00:00-04:00,34.95175252543177,35.398322128697856,34.26700540055664,35.18000030517578,410100,0.0,0.0
2026-05-21 00:00:00-04:00,34.93190439863102,35.21969655877729,34.69373066266508,35.18000030517578,460300,0.0,0.0
2026-05-22 00:00:00-04:00,35.18000030517578,35.439998626708984,35.02000045776367,35.2400016784668,362800,0.27,0.0
2026-05-26 00:00:00-04:00,35.310001373291016,35.9900016784668,35.11000061035156,35.959999084472656,538400,0.0,0.0
2026-05-27 00:00:00-04:00,36.060001373291016,36.220001220703125,35.47999954223633,35.54999923706055,420600,0.0,0.0
2026-05-28 00:00:00-04:00,35.38999938964844,35.66999816894531,35.08000183105469,35.59000015258789,433100,0.0,0.0
2026-05-29 00:00:00-04:00,35.540000915527344,35.79999923706055,35.41999816894531,35.560001373291016,624700,0.0,0.0
2026-06-01 00:00:00-04:00,35.369998931884766,35.380001068115234,34.65999984741211,35.0,648100,0.0,0.0
2026-06-02 00:00:00-04:00,34.70000076293945,35.38999938964844,34.70000076293945,35.349998474121094,513400,0.0,0.0
2026-06-03 00:00:00-04:00,35.11000061035156,35.11000061035156,34.470001220703125,34.560001373291016,529900,0.0,0.0
2026-06-04 00:00:00-04:00,35.130001068115234,35.65999984741211,35.08000183105469,35.56999969482422,469500,0.0,0.0
2026-06-05 00:00:00-04:00,35.56999969482422,35.880001068115234,35.540000915527344,35.56999969482422,410400,0.0,0.0
2026-06-08 00:00:00-04:00,35.599998474121094,36.20000076293945,35.599998474121094,35.779998779296875,425200,0.0,0.0
2026-06-09 00:00:00-04:00,36.060001373291016,36.790000915527344,35.939998626708984,36.11000061035156,486500,0.0,0.0
2026-06-10 00:00:00-04:00,36.369998931884766,36.65999984741211,36.18000030517578,36.54999923706055,421300,0.0,0.0
2026-06-11 00:00:00-04:00,36.7599983215332,37.0,36.31999969482422,36.56999969482422,441800,0.0,0.0
2026-06-12 00:00:00-04:00,36.7400016784668,37.11000061035156,36.54999923706055,37.06999969482422,412300,0.0,0.0
2026-06-15 00:00:00-04:00,37.099998474121094,37.41999816894531,36.439998626708984,36.59000015258789,542900,0.0,0.0
2026-06-16 00:00:00-04:00,36.81999969482422,37.20000076293945,36.70000076293945,36.959999084472656,732600,0.0,0.0
2026-06-17 00:00:00-04:00,36.7599983215332,37.29999923706055,35.869998931884766,36.209999084472656,680600,0.0,0.0
2026-06-18 00:00:00-04:00,36.66999816894531,36.72999954223633,36.2599983215332,36.47999954223633,1498200,0.0,0.0
2026-06-22 00:00:00-04:00,36.54999923706055,37.099998474121094,36.54999923706055,36.79999923706055,556200,0.0,0.0
2026-06-23 00:00:00-04:00,36.83000183105469,37.310001373291016,36.66999816894531,37.2599983215332,499400,0.0,0.0
2026-06-24 00:00:00-04:00,37.099998474121094,37.7599983215332,37.02000045776367,37.7400016784668,704000,0.0,0.0
2026-06-25 00:00:00-04:00,37.880001068115234,38.16999816894531,37.66999816894531,38.0099983215332,563200,0.0,0.0
2026-06-26 00:00:00-04:00,38.0099983215332,38.15999984741211,37.68000030517578,37.95000076293945,1226900,0.0,0.0
2026-06-29 00:00:00-04:00,37.68000030517578,38.09000015258789,37.41999816894531,38.04999923706055,938400,0.0,0.0
2026-06-30 00:00:00-04:00,37.97999954223633,38.400001525878906,37.08000183105469,38.369998931884766,576800,0.0,0.0
2026-07-01 00:00:00-04:00,38.40999984741211,39.209999084472656,38.279998779296875,39.040000915527344,945800,0.0,0.0
2026-07-02 00:00:00-04:00,39.25,39.349998474121094,38.189998626708984,38.34000015258789,461100,0.0,0.0
2026-07-06 00:00:00-04:00,38.61000061035156,38.63999938964844,37.95000076293945,38.15999984741211,543800,0.0,0.0
2026-07-07 00:00:00-04:00,38.13999938964844,38.40999984741211,37.630001068115234,37.650001525878906,408700,0.0,0.0
2026-07-08 00:00:00-04:00,37.43000030517578,37.439998626708984,36.75,36.900001525878906,563200,0.0,0.0
2026-07-09 00:00:00-04:00,37.119998931884766,37.88999938964844,37.060001373291016,37.77000045776367,574600,0.0,0.0
2026-07-10 00:00:00-04:00,37.77000045776367,38.15999984741211,37.77000045776367,38.099998474121094,400600,0.0,0.0
2026-07-13 00:00:00-04:00,38.25,38.47999954223633,37.81999969482422,38.09000015258789,447200,0.0,0.0
2026-07-14 00:00:00-04:00,38.08000183105469,38.31999969482422,37.939998626708984,38.0099983215332,496300,0.0,0.0
2026-07-15 00:00:00-04:00,38.209999084472656,38.59000015258789,37.90999984741211,38.38999938964844,474400,0.0,0.0
2026-07-16 00:00:00-04:00,38.380001068115234,39.4900016784668,38.380001068115234,39.31999969482422,788900,0.0,0.0
2026-07-17 00:00:00-04:00,38.36000061035156,38.7599983215332,37.58000183105469,38.119998931884766,1352200,0.0,0.0
2026-07-20 00:00:00-04:00,38.060001373291016,38.09000015258789,36.779998779296875,36.84000015258789,759800,0.0,0.0
2026-07-21 00:00:00-04:00,36.709999084472656,37.130001068115234,36.400001525878906,37.08000183105469,705400,0.0,0.0
2026-07-22 00:00:00-04:00,37.040000915527344,37.040000915527344,36.47999954223633,36.7400016784668,595400,0.0,0.0
2026-07-23 00:00:00-04:00,36.33000183105469,36.720001220703125,36.11000061035156,36.720001220703125,726000,0.0,0.0
2026-07-24 00:00:00-04:00,36.83000183105469,37.040000915527344,36.58000183105469,36.72999954223633,392900,0.0,0.0
2026-07-27 00:00:00-04:00,36.880001068115234,37.119998931884766,36.41999816894531,36.43000030517578,442400,0.0,0.0
2026-07-28 00:00:00-04:00,36.4900016784668,36.880001068115234,36.4900016784668,36.70000076293945,434800,0.0,0.0
2026-07-29 00:00:00-04:00,36.54999923706055,36.93000030517578,36.41999816894531,36.63999938964844,770900,0.0,0.0
2026-07-30 00:00:00-04:00,36.869998931884766,37.0099983215332,36.380001068115234,36.43000030517578,390179,0.0,0.0
