Date,Open,High,Low,Close,Volume,Dividends,Stock Splits
2022-01-03 00:00:00-05:00,182.07658039299392,188.5137174696593,181.99925552068234,184.56057739257812,172400,0.0,0.0
2022-01-04 00:00:00-05:00,186.2133845663959,189.1130012127183,186.17471475211238,186.70631408691406,126200,0.0,0.0
2022-01-05 00:00:00-05:00,179.71820850932116,179.77619847169518,169.3375775462773,170.22679138183594,432500,0.0,0.0
2022-01-06 00:00:00-05:00,173.3873854679034,174.9338533644704,170.13015460555434,171.65728759765625,245900,0.0,0.0
2022-01-07 00:00:00-05:00,169.09596001675803,174.22827868220327,168.41938580677484,172.2565460205078,302500,0.0,0.0
2022-01-10 00:00:00-05:00,173.01044879193074,174.2282823958584,169.4052631225815,172.76881408691406,190800,0.0,0.0
2022-01-11 00:00:00-05:00,172.97178347386182,177.50483788273823,170.97104115579435,176.95391845703125,187200,0.0,0.0
2022-01-12 00:00:00-05:00,178.026766828469,179.1189602869684,175.20447557339529,176.63494873046875,209600,0.0,0.0
2022-01-13 00:00:00-05:00,178.98363413297582,184.7732064088538,177.59183075656583,181.1100311279297,181100,0.0,0.0
2022-01-14 00:00:00-05:00,178.8096652659629,181.30333696216,176.12268877317447,179.87286376953125,149700,0.0,0.0
2022-01-18 00:00:00-05:00,178.68403091121104,185.52712767891356,175.21416000974776,175.73609924316406,149800,0.0,0.0
2022-01-19 00:00:00-05:00,175.62977228269517,177.93012460374604,173.8126746146584,174.0253143310547,157600,0.0,0.0
2022-01-20 00:00:00-05:00,174.85654546570566,179.5442500010122,173.43573218794685,173.68702697753906,197300,0.0,0.0
2022-01-21 00:00:00-05:00,171.9085842984187,175.4461196966033,169.39557762525556,170.54576110839844,217400,0.0,0.0
2022-01-24 00:00:00-05:00,167.0565562444975,168.85431893346765,159.13094133814946,168.767333984375,249900,0.0,0.0
2022-01-25 00:00:00-05:00,165.8484009688139,174.40227585754596,163.20975398631458,171.734619140625,209800,0.0,0.0
2022-01-26 00:00:00-05:00,173.76433293669987,176.61561926085815,167.70413092695384,168.8059844970703,148800,0.0,0.0
2022-01-27 00:00:00-05:00,170.03352270802586,174.8662172418427,165.31680812359238,166.22535705566406,172200,0.0,0.0
2022-01-28 00:00:00-05:00,165.10416250716585,166.00303649902344,158.54135589108813,166.00303649902344,173800,0.0,0.0
2022-01-31 00:00:00-05:00,164.22459480798352,173.15540299799213,163.14206143024748,172.6818084716797,276500,0.0,0.0
2022-02-01 00:00:00-05:00,172.65282624924103,177.20521562448903,172.3048717000071,174.75021362304688,195400,0.0,0.0
2022-02-02 00:00:00-05:00,174.8468554213869,174.94351519647046,166.53463095158617,170.27513122558594,290600,0.0,0.0
2022-02-03 00:00:00-05:00,172.76882322447992,180.60745405972608,168.56437323553615,169.2796173095703,264400,0.0,0.0
2022-02-04 00:00:00-05:00,166.7279330448935,168.48704063500108,164.3212462672374,167.43350219726562,236400,0.0,0.0
2022-02-07 00:00:00-05:00,168.53535363205575,173.7643317009692,163.83797481428877,167.31752014160156,263500,0.0,0.0
2022-02-08 00:00:00-05:00,170.53609045564266,174.01562092402187,167.8491140515804,173.097412109375,167300,0.0,0.0
2022-02-09 00:00:00-05:00,174.56657146767606,178.8096761662328,174.56657146767606,176.49964904785156,206200,0.0,0.0
2022-02-10 00:00:00-05:00,173.7353496417734,178.86766832015587,171.16435288914494,173.88999938964844,174700,0.0,0.0
2022-02-11 00:00:00-05:00,174.54723080535405,175.02084010623233,163.35471021551098,166.72793579101562,294800,0.0,0.0
2022-02-14 00:00:00-05:00,167.64614786081432,175.50411283443054,165.65508034062302,166.56362915039062,220800,0.0,0.0
2022-02-15 00:00:00-05:00,170.04317030517672,174.70189457293006,170.04317030517672,172.06324768066406,249000,0.0,0.0
2022-02-16 00:00:00-05:00,170.21715020176697,174.10264034250693,169.14429153410788,172.78814697265625,197600,0.0,0.0
2022-02-17 00:00:00-05:00,169.94651682610782,172.43051384164656,165.90637702409452,166.4089813232422,157700,0.0,0.0
2022-02-18 00:00:00-05:00,167.1532220478083,169.1442896115215,165.27813442040102,165.98370361328125,153000,0.0,0.0
2022-02-22 00:00:00-05:00,163.99263710441787,168.0810921158267,162.93911334763175,165.7034149169922,201300,0.0,0.0
2022-02-23 00:00:00-05:00,166.98889131345163,167.96509006762443,160.00080606176044,160.16513061523438,189300,0.0,0.0
2022-02-24 00:00:00-05:00,151.67892113364402,166.0513625810481,150.1421280386749,165.35545349121094,308200,0.0,0.0
2022-02-25 00:00:00-05:00,166.8825876993344,171.43497705062506,166.2543286494124,168.8929901123047,243500,0.0,0.0
2022-02-28 00:00:00-05:00,165.56810316594223,169.9175278651445,163.93465019697237,168.26473999023438,271700,0.0,0.0
2022-03-01 00:00:00-05:00,165.71309269390795,166.8826112608628,159.72055441876196,161.86627197265625,280500,0.0,0.0
2022-03-02 00:00:00-05:00,164.29224686074832,167.21119791335906,162.23352942389292,162.56214904785156,162700,0.0,0.0
2022-03-03 00:00:00-05:00,160.9770570722665,162.6008353484289,155.98005271888206,156.83059692382812,209100,0.0,0.0
2022-03-04 00:00:00-05:00,154.98449388886186,154.98449388886186,149.28190643601576,151.6016082763672,267400,0.0,0.0
2022-03-07 00:00:00-05:00,149.89082120201164,150.27743077714663,127.61210153897774,129.1585693359375,390000,0.0,0.0
2022-03-08 00:00:00-05:00,130.63738415388363,139.30723813124266,128.28868726542356,132.46414184570312,316300,0.0,0.0
2022-03-09 00:00:00-05:00,139.17192220845942,144.54587538704007,138.22470359918472,142.02320861816406,303600,0.0,0.0
2022-03-10 00:00:00-05:00,137.5384712414413,142.9027644160975,136.39794781281887,137.2291717529297,159700,0.0,0.0
2022-03-11 00:00:00-05:00,139.8388119721835,139.87748177916328,133.9815898126061,135.5570526123047,353100,0.0,0.0
2022-03-14 00:00:00-04:00,137.05518625991533,139.3845479925587,133.9525906421701,136.82321166992188,286400,0.0,0.0
2022-03-15 00:00:00-04:00,141.11465363958249,146.55627137264582,140.5154043504034,143.4440155029297,281600,0.0,0.0
2022-03-16 00:00:00-04:00,146.6142654317589,152.7227826662117,145.56074173322202,151.4566192626953,224700,0.0,0.0
2022-03-17 00:00:00-04:00,147.9964134502632,151.43728915144345,145.29977674006767,150.73171997070312,166100,0.0,0.0
2022-03-18 00:00:00-04:00,148.49901646793003,153.534689963596,147.10719827533862,151.69825744628906,206600,0.0,0.0
2022-03-21 00:00:00-04:00,150.6833880339832,150.8863676644789,146.130998695639,147.06854248046875,142100,0.0,0.0
2022-03-22 00:00:00-04:00,148.79862493413697,151.79490070311692,147.9287460325413,149.38821411132812,190800,0.0,0.0
2022-03-23 00:00:00-04:00,147.98674238474595,150.7413836057937,146.9622137125054,149.19491577148438,226200,0.0,0.0
2022-03-24 00:00:00-04:00,150.28711957110534,151.51461319776217,148.7213167253943,149.64920043945312,180600,0.0,0.0
2022-03-25 00:00:00-04:00,150.1904756808756,154.2209410328434,149.94884096134604,151.68861389160156,280700,0.0,0.0
2022-03-28 00:00:00-04:00,154.0276124403466,154.0276124403466,149.99714771028093,152.3071746826172,197400,0.0,0.0
2022-03-29 00:00:00-04:00,156.6759419141491,160.17480757333843,155.55475339137513,155.9220428466797,334600,0.0,0.0
2022-03-30 00:00:00-04:00,154.32723008485834,157.2461810434485,153.32203634153592,155.23577880859375,229900,0.0,0.0
2022-03-31 00:00:00-04:00,155.31312475485987,158.78299556589315,155.31312475485987,156.95623779296875,286700,0.0,0.0
2022-04-01 00:00:00-04:00,157.42016814302,158.69600642605684,154.3369070405591,154.81051635742188,149200,0.0,0.0
2022-04-04 00:00:00-04:00,153.1287420518343,157.10121729257585,152.075218250922,154.7332000732422,137300,0.0,0.0
2022-04-05 00:00:00-04:00,154.73319572175674,155.8640443682106,148.885632927458,153.2737274169922,259900,0.0,0.0
2022-04-06 00:00:00-04:00,150.02616345569155,153.33172459650615,145.65740366656843,148.84698486328125,281600,0.0,0.0
2022-04-07 00:00:00-04:00,146.9138921361056,148.82763475943207,142.14886310846404,145.29977416992188,305700,0.0,0.0
2022-04-08 00:00:00-04:00,145.96669390287687,145.96669390287687,141.39495475398252,141.83956909179688,217100,0.0,0.0
2022-04-11 00:00:00-04:00,140.43808769080198,148.04474317036215,140.43808769080198,143.0960693359375,208000,0.0,0.0
2022-04-12 00:00:00-04:00,144.11093857491946,146.54660569157008,143.19271493166988,144.86483764648438,204100,0.0,0.0
2022-04-13 00:00:00-04:00,148.90496128564078,153.64101013107694,148.52801175339806,152.1042022705078,246200,0.0,0.0
2022-04-14 00:00:00-04:00,152.51982640755452,157.32352544917205,152.51982640755452,153.42837524414062,261100,0.0,0.0
2022-04-18 00:00:00-04:00,152.2781740526124,154.72351576637993,151.13765072564723,153.4476776123047,157900,0.0,0.0
2022-04-19 00:00:00-04:00,154.8878257494079,160.44542324119635,154.8878257494079,158.7733154296875,150700,0.0,0.0
2022-04-20 00:00:00-04:00,159.60454665647984,161.08334974697777,157.34283479906173,159.66253662109375,193400,0.0,0.0
2022-04-21 00:00:00-04:00,166.12868228020008,170.65207647511303,165.34578826555827,168.12940979003906,399700,0.0,0.0
2022-04-22 00:00:00-04:00,166.97924135255911,168.2647397538585,159.58522527358707,160.08782958984375,181300,0.0,0.0
2022-04-25 00:00:00-04:00,160.1071375640661,162.7071291535801,155.48708353260506,158.83131408691406,174500,0.0,0.0
2022-04-26 00:00:00-04:00,156.29899307713882,157.1592120040198,153.0997373171365,154.82017517089844,372500,0.0,0.0
2022-04-27 00:00:00-04:00,153.67967571456168,157.24620639746263,151.43729852436454,153.9213104248047,286900,0.0,0.0
2022-04-28 00:00:00-04:00,155.82536776433685,156.86923131250708,149.5041965140076,154.96514892578125,219800,0.0,0.0
2022-04-29 00:00:00-04:00,154.57853070924605,157.39116192945315,149.5332121494475,149.9971466064453,203000,0.0,0.0
2022-05-02 00:00:00-04:00,148.9146303904523,151.25365236580475,146.0730041420175,150.51907348632812,238300,0.0,0.0
2022-05-03 00:00:00-04:00,150.27745656351468,152.62615364269595,148.16073411814529,150.49977111816406,125500,0.0,0.0
2022-05-04 00:00:00-04:00,149.10794548514008,150.3451139749222,141.520609971272,148.38304138183594,350700,0.0,0.0
2022-05-05 00:00:00-04:00,147.3971655094098,151.775585049275,145.00981351769556,149.90049743652344,243400,0.0,0.0
2022-05-06 00:00:00-04:00,148.84696303938128,150.78970055930574,145.5124074014528,148.9049530029297,261400,0.0,0.0
2022-05-09 00:00:00-04:00,146.6915745854762,148.62465187948658,136.47525400749086,136.98751831054688,261400,0.0,0.0
2022-05-10 00:00:00-04:00,139.66486029423703,141.41429320879692,134.89015613622877,137.1711883544922,192100,0.0,0.0
2022-05-11 00:00:00-04:00,136.6782499945535,142.477482571669,136.29162564048582,136.84255981445312,174000,0.0,0.0
2022-05-12 00:00:00-04:00,135.00612694118874,137.60611856575565,131.27530148522112,134.38754272460938,211200,0.0,0.0
2022-05-13 00:00:00-04:00,136.05966023332448,139.31689101201385,134.76448713522564,138.11837768554688,161800,0.0,0.0
2022-05-16 00:00:00-04:00,137.80911421330651,139.1815976424956,135.71172662972944,137.24851989746094,135500,0.0,0.0
2022-05-17 00:00:00-04:00,140.77637704476155,146.26632536005363,140.76671696565634,145.8700408935547,150900,0.0,0.0
2022-05-18 00:00:00-04:00,144.78750484813696,148.3926901851359,141.13398962494767,145.75404357910156,257600,0.0,0.0
2022-05-19 00:00:00-04:00,144.40088400738986,147.81276463054877,141.08566315895487,141.49160766601562,192200,0.0,0.0
2022-05-20 00:00:00-04:00,142.86408841143708,143.54066257795628,135.47973304783332,136.46560668945312,295900,0.0,0.0
2022-05-23 00:00:00-04:00,138.6306616401695,138.64999654687315,135.3057803495603,137.67379760742188,347900,0.0,0.0
2022-05-24 00:00:00-04:00,135.80835518364412,135.80835518364412,127.03218151665263,127.64110565185547,338000,0.0,0.0
2022-05-25 00:00:00-04:00,127.1191764385267,131.51693055913955,126.7422269280862,130.48272705078125,803000,0.0,0.0
2022-05-26 00:00:00-04:00,131.85521995388797,141.7525824722341,131.85521995388797,141.30796813964844,688900,0.0,0.0
2022-05-27 00:00:00-04:00,143.41501042220673,147.223175084582,143.41501042220673,146.401611328125,274900,0.0,0.0
2022-05-31 00:00:00-04:00,144.2849089260153,145.473747504382,141.39495264387944,144.44921875,233300,0.0,0.0
2022-06-01 00:00:00-04:00,146.35330006887523,146.89455942511472,138.76597950667085,140.7763671875,196100,0.0,0.0
2022-06-02 00:00:00-04:00,140.48640780259126,143.20237922580358,140.0707884870243,143.0477294921875,130800,0.0,0.0
2022-06-03 00:00:00-04:00,142.2068449433939,142.3421597726958,139.30722881703014,141.41427612304688,195900,0.0,0.0
2022-06-06 00:00:00-04:00,143.15404397506785,144.56519693205618,141.64624599934953,142.13917541503906,178400,0.0,0.0
2022-06-07 00:00:00-04:00,140.55407962116172,145.13547913897025,140.55407962116172,144.6232147216797,99200,0.0,0.0
2022-06-08 00:00:00-04:00,142.8640735044376,144.0625867230788,140.59271655753906,140.68936157226562,95800,0.0,0.0
2022-06-09 00:00:00-04:00,139.9644824455501,140.3414319907922,134.05892973794906,134.46487426757812,264100,0.0,0.0
2022-06-10 00:00:00-04:00,131.87454771922108,133.86561515898396,127.54445830422732,129.50653076171875,347200,0.0,0.0
2022-06-13 00:00:00-04:00,125.56305738851084,126.00765697163783,117.23149038791742,120.03445434570312,374500,0.0,0.0
2022-06-14 00:00:00-04:00,120.32440824699533,121.22328958935229,115.47238691320221,117.7437515258789,293900,0.0,0.0
2022-06-15 00:00:00-04:00,118.92293285555404,121.27162239538747,116.98985528776045,118.46865844726562,165200,0.0,0.0
2022-06-16 00:00:00-04:00,114.32220424692025,114.95045592065416,109.21888073407015,110.23374938964844,282600,0.0,0.0
2022-06-17 00:00:00-04:00,112.53411042194865,114.96978490232712,106.74454519596014,113.08503723144531,445400,0.0,0.0
2022-06-21 00:00:00-04:00,114.37053171539489,114.77647621939609,108.68727916295647,108.8902587890625,268800,0.0,0.0
2022-06-22 00:00:00-04:00,107.08283197326783,111.33560406627517,107.08283197326783,110.29174041748047,234000,0.0,0.0
2022-06-23 00:00:00-04:00,109.99212172675914,113.48132749054871,107.63376462349366,113.37500762939453,297800,0.0,0.0
2022-06-24 00:00:00-04:00,113.87759161131626,119.56083662604026,113.87759161131626,119.35786437988281,508600,0.0,0.0
2022-06-27 00:00:00-04:00,119.03892393207929,119.03892393207929,113.42332840550411,114.13856506347656,196300,0.0,0.0
2022-06-28 00:00:00-04:00,115.00845382981737,119.14523886080792,112.3408119564777,112.75642395019531,180300,0.0,0.0
2022-06-29 00:00:00-04:00,111.25827663373664,111.56756874024943,108.03970081108119,109.9727783203125,210200,0.0,0.0
2022-06-30 00:00:00-04:00,107.4017948021426,110.32073875232851,106.14529140441076,109.30587005615234,185000,0.0,0.0
2022-07-01 00:00:00-04:00,109.11255888245938,112.0025076798096,108.32966485478156,111.5482406616211,154600,0.0,0.0
2022-07-05 00:00:00-04:00,108.09769291863736,113.8969255612451,107.31479887159912,113.50064849853516,195900,0.0,0.0
2022-07-06 00:00:00-04:00,112.72741295457307,114.55417062153809,109.3155323107083,109.48950958251953,150200,0.0,0.0
2022-07-07 00:00:00-04:00,109.837465858989,111.41292140839171,108.95791940781015,110.0887680053711,142200,0.0,0.0
2022-07-08 00:00:00-04:00,110.74600932366938,111.20028370609496,107.87538811906968,109.18021392822266,134700,0.0,0.0
2022-07-11 00:00:00-04:00,108.4746441121151,109.15121826848082,107.04416355766372,107.41144561767578,106200,0.0,0.0
2022-07-12 00:00:00-04:00,107.47911245153973,113.82927212227483,107.47911245153973,111.96385192871094,155900,0.0,0.0
2022-07-13 00:00:00-04:00,108.93858640194927,110.39806204316177,107.20848107873303,109.93412017822266,153800,0.0,0.0
2022-07-14 00:00:00-04:00,108.59062420202747,111.85752980964129,108.06869240600446,109.79879760742188,151100,0.0,0.0
2022-07-15 00:00:00-04:00,111.54824288806643,112.56310417121871,110.70735150422118,111.7995376586914,151200,0.0,0.0
2022-07-18 00:00:00-04:00,113.98391691696979,115.65603222598791,110.82333839820849,111.2582778930664,178300,0.0,0.0
2022-07-19 00:00:00-04:00,113.64562449768196,116.56456818825383,112.86272311988171,116.081298828125,178000,0.0,0.0
2022-07-20 00:00:00-04:00,116.74822326251916,118.26568889298645,115.40473491209742,116.60324096679688,196100,0.0,0.0
2022-07-21 00:00:00-04:00,114.48652364328751,114.94079808189231,111.80921427782741,114.7861557006836,212100,0.0,0.0
2022-07-22 00:00:00-04:00,115.99431710804222,117.72442235030087,111.0746310506063,112.43745422363281,123500,0.0,0.0
2022-07-25 00:00:00-04:00,112.35046871310642,113.92593168587129,111.07463778450932,112.71775817871094,148300,0.0,0.0
2022-07-26 00:00:00-04:00,109.1705583708696,109.67316269414206,105.34306547241371,107.6434326171875,325200,0.0,0.0
2022-07-27 00:00:00-04:00,109.52817806773007,110.95865875653706,108.01071242526552,110.11776733398438,163000,0.0,0.0
2022-07-28 00:00:00-04:00,109.52818655870949,111.46126433586575,107.07317689682826,111.13264465332031,205300,0.0,0.0
2022-07-29 00:00:00-04:00,111.55789608088374,112.25380513158167,109.85679326151671,111.45157623291016,201600,0.0,0.0
2022-08-01 00:00:00-04:00,111.34526705960879,114.38986576124542,109.46051934503204,113.53931427001953,275400,0.0,0.0
2022-08-02 00:00:00-04:00,112.61143515172691,113.69395386425717,108.90958986015696,109.19955444335938,364400,0.0,0.0
2022-08-03 00:00:00-04:00,110.92965202161051,114.31253773592401,109.93411826268373,113.77127838134766,262100,0.0,0.0
2022-08-04 00:00:00-04:00,106.31925766961133,113.42331568453253,106.31925766961133,110.97797393798828,323400,0.0,0.0
2022-08-05 00:00:00-04:00,109.71181623581185,110.80400237518991,106.49324040920654,106.56089782714844,229900,0.0,0.0
2022-08-08 00:00:00-04:00,108.23302180077793,110.40773417576798,107.25681551436602,107.50811767578125,266400,0.0,0.0
2022-08-09 00:00:00-04:00,107.01517791163803,108.48431365395618,99.54382968747339,100.71334075927734,359400,0.0,0.0
2022-08-10 00:00:00-04:00,102.96537097101118,104.14454941571418,101.58322027544862,103.64195251464844,343400,0.0,0.0
2022-08-11 00:00:00-04:00,105.63302732863733,108.13635930456927,103.18768532153595,103.43898010253906,195700,0.0,0.0
2022-08-12 00:00:00-04:00,103.09102413264054,105.43970615945447,101.69920600643499,105.43004608154297,294600,0.0,0.0
2022-08-15 00:00:00-04:00,105.80699988324686,109.06423080491204,105.80699988324686,106.6865463256836,178700,0.0,0.0
2022-08-16 00:00:00-04:00,106.24193450244539,108.40698654806205,105.01443357068949,108.16535186767578,202500,0.0,0.0
2022-08-17 00:00:00-04:00,106.43525449631869,106.43525449631869,101.83452777877022,102.43378448486328,199900,0.0,0.0
2022-08-18 00:00:00-04:00,101.60255364078886,102.45310506590336,100.80999217958288,102.0181655883789,131600,0.0,0.0
2022-08-19 00:00:00-04:00,100.09475297103427,100.37505010009377,97.99736560343334,99.04122924804688,187300,0.0,0.0
2022-08-22 00:00:00-04:00,97.33045857775565,97.33045857775565,93.9089175614379,94.74980163574219,238200,0.0,0.0
2022-08-23 00:00:00-04:00,94.74979000954728,95.59068135477686,93.56095150757662,93.89923858642578,181500,0.0,0.0
2022-08-24 00:00:00-04:00,93.95724215741271,95.49404278689981,93.0776956250259,94.45984649658203,241100,0.0,0.0
2022-08-25 00:00:00-04:00,95.59068867769851,98.00703567473788,95.33938652525678,97.108154296875,171200,0.0,0.0
2022-08-26 00:00:00-04:00,96.750527979183,97.88137655366528,94.62414566609985,94.82711791992188,221100,0.0,0.0
2022-08-29 00:00:00-04:00,93.40629967211125,95.61967418697148,92.89403533935547,92.89403533935547,193400,0.0,0.0
2022-08-30 00:00:00-04:00,94.95277476335924,96.0642959180698,93.70593875928633,95.62935638427734,261500,0.0,0.0
2022-08-31 00:00:00-04:00,96.74085900340702,96.74085900340702,92.78771909407384,93.27098846435547,181700,0.0,0.0
2022-09-01 00:00:00-04:00,92.81671508090633,93.531951691914,90.95129499646723,93.26132202148438,279100,0.0,0.0
2022-09-02 00:00:00-04:00,94.70148262519551,94.80779511772573,91.41524896121315,92.33345794677734,253100,0.0,0.0
2022-09-06 00:00:00-04:00,93.38698354962702,93.42564598736385,90.1877350373848,92.04349517822266,239700,0.0,0.0
2022-09-07 00:00:00-04:00,92.11115279200837,94.71113721178169,92.11115279200837,93.74459838867188,303400,0.0,0.0
2022-09-08 00:00:00-04:00,94.65314716002526,96.58622480456853,93.60928346218645,94.70147705078125,255100,0.0,0.0
2022-09-09 00:00:00-04:00,95.78399178777774,96.66354561865992,94.87545034740833,96.50889587402344,518700,0.0,0.0
2022-09-12 00:00:00-04:00,97.48510493086319,99.06056053590866,97.40778005630605,98.25833892822266,219300,0.0,0.0
2022-09-13 00:00:00-04:00,95.08808175006648,95.7260008792604,93.39663889879282,94.26652526855469,242000,0.0,0.0
2022-09-14 00:00:00-04:00,93.90892051061935,94.66281965226725,91.97584276317086,94.24720764160156,215600,0.0,0.0
2022-09-15 00:00:00-04:00,94.24720357877105,96.62488822074215,93.44497457837706,93.5319595336914,159600,0.0,0.0
2022-09-16 00:00:00-04:00,92.02415993406545,92.02415993406545,87.59741037989993,88.02268981933594,402900,0.0,0.0
2022-09-19 00:00:00-04:00,87.67472819261233,90.17806736295066,87.67472819261233,88.69925689697266,164500,0.0,0.0
2022-09-20 00:00:00-04:00,87.98402603866671,88.38997056605565,85.93496849616686,86.53421783447266,181300,0.0,0.0
2022-09-21 00:00:00-04:00,86.62120910398943,87.13347348336187,83.170665915088,84.08887481689453,215400,0.0,0.0
2022-09-22 00:00:00-04:00,83.65393211498171,84.08887160467405,80.26137902342292,81.93348693847656,234000,0.0,0.0
2022-09-23 00:00:00-04:00,80.78330783129559,81.83683149448946,76.22124390185358,77.5937271118164,336100,0.0,0.0
2022-09-26 00:00:00-04:00,77.02348467989381,77.96102856084977,73.32163904906815,73.39896392822266,291200,0.0,0.0
2022-09-27 00:00:00-04:00,74.61678702497113,75.67031807546869,71.7558332683501,72.80936431884766,350800,0.0,0.0
2022-09-28 00:00:00-04:00,72.70304214962904,76.37588478293168,71.98780557681356,76.10525512695312,348000,0.0,0.0
2022-09-29 00:00:00-04:00,74.73277486375252,75.31269663123913,71.33056175348713,72.19078063964844,314600,0.0,0.0
2022-09-30 00:00:00-04:00,72.11344973993253,73.36995294282474,70.52832693345283,70.53799438476562,209200,0.0,0.0
2022-10-03 00:00:00-04:00,70.19004745683985,72.22944483184901,69.43614102924383,71.83316040039062,243700,0.0,0.0
2022-10-04 00:00:00-04:00,74.14318896890919,78.21231635001187,74.14318896890919,78.16399383544922,381600,0.0,0.0
2022-10-05 00:00:00-04:00,76.46288565964576,76.8591627362292,73.96921376623665,74.5298080444336,286400,0.0,0.0
2022-10-06 00:00:00-04:00,73.73724689727813,74.48147853836474,71.0985926943046,71.18558502197266,260600,0.0,0.0
2022-10-07 00:00:00-04:00,70.19971003998596,70.19971003998596,64.99006652383926,66.01460266113281,324100,0.0,0.0
2022-10-10 00:00:00-04:00,66.17890800942635,66.4882001079989,64.04285830145571,64.8934097290039,267400,0.0,0.0
2022-10-11 00:00:00-04:00,66.14991775784605,67.05845921443955,62.58338723011484,63.250301361083984,441100,0.0,0.0
2022-10-12 00:00:00-04:00,62.78636149943759,65.41534829637243,61.645845385299864,65.03839874267578,410000,0.0,0.0
2022-10-13 00:00:00-04:00,64.85474484135742,66.24656291933178,63.05698228200887,65.59898376464844,400600,0.0,0.0
2022-10-14 00:00:00-04:00,66.83615534727923,67.57072685444476,64.05251905659107,64.47779846191406,226100,0.0,0.0
2022-10-17 00:00:00-04:00,65.78262049842854,66.40120466649618,64.0911778007831,65.19303131103516,284300,0.0,0.0
2022-10-18 00:00:00-04:00,67.12611427567371,69.32982885399323,65.47333387251324,66.30455780029297,255400,0.0,0.0
2022-10-19 00:00:00-04:00,66.08225537136006,66.68150466223463,63.192299270386904,63.97520065307617,298300,0.0,0.0
2022-10-20 00:00:00-04:00,63.868885817566124,65.35735645780964,63.54025879029129,64.23616790771484,268000,0.0,0.0
2022-10-21 00:00:00-04:00,64.14918425181173,65.29936043525888,63.56925505949876,63.91720962524414,237100,0.0,0.0
2022-10-24 00:00:00-04:00,64.41014287932352,65.73430364553927,63.462939016627764,65.21237182617188,267400,0.0,0.0
2022-10-25 00:00:00-04:00,64.6904369699556,67.95733519622006,63.994527910134714,67.69637298583984,245100,0.0,0.0
2022-10-26 00:00:00-04:00,67.92835199589196,70.07406951112411,67.42575501779835,68.952880859375,266600,0.0,0.0
2022-10-27 00:00:00-04:00,70.00640292433688,71.77517063105101,69.20417398097183,69.78409576416016,234900,0.0,0.0
2022-10-28 00:00:00-04:00,69.62945850391965,71.11792919355004,67.78336579094032,70.55733489990234,272900,0.0,0.0
2022-10-31 00:00:00-04:00,70.07405773169215,73.21530859552662,68.90454675651102,72.53873443603516,318700,0.0,0.0
2022-11-01 00:00:00-04:00,73.50527445752182,73.8822239778902,72.42274840917096,72.86735534667969,201200,0.0,0.0
2022-11-02 00:00:00-04:00,72.57739010105136,73.26363909239272,69.80342864990234,69.80342864990234,263800,0.0,0.0
2022-11-03 00:00:00-04:00,68.91421188661236,73.05099632036332,66.75882735267314,72.35508728027344,405500,0.0,0.0
2022-11-04 00:00:00-04:00,72.64506196749488,74.05620777372468,70.30603239569722,71.51420593261719,293800,0.0,0.0
2022-11-07 00:00:00-05:00,72.6063955313011,75.8442989571281,71.63018930247551,75.37069702148438,323700,0.0,0.0
2022-11-08 00:00:00-05:00,75.30303354436353,75.60265818120345,72.49040239198412,72.69337463378906,238200,0.0,0.0
2022-11-09 00:00:00-05:00,71.97814791103747,73.65025595885702,71.38855863430865,71.64952087402344,210200,0.0,0.0
2022-11-10 00:00:00-05:00,74.83909879754404,77.44875058065345,74.55880166357802,75.4286880493164,283000,0.0,0.0
2022-11-11 00:00:00-05:00,75.90229102377678,78.39596290543504,75.22571681128308,77.87403106689453,345400,0.0,0.0
2022-11-14 00:00:00-05:00,77.23611033471389,77.91268446874852,75.74763986573267,76.52086639404297,200900,0.0,0.0
2022-11-15 00:00:00-05:00,78.21232255024412,80.76398454317373,78.04801271431528,80.5610122680664,340900,0.0,0.0
2022-11-16 00:00:00-05:00,80.01974458242091,80.10672953098624,76.62719148036827,77.36176300048828,185300,0.0,0.0
2022-11-17 00:00:00-05:00,75.87330100120285,76.02795075937506,73.74691844507919,74.82943725585938,173500,0.0,0.0
2022-11-18 00:00:00-05:00,77.09113718151612,78.07700351839276,74.95508730652851,75.68965148925781,153100,0.0,0.0
2022-11-21 00:00:00-05:00,75.08073151870488,77.05247148310876,74.77143940903989,76.81083679199219,269600,0.0,0.0
2022-11-22 00:00:00-05:00,77.15879143515225,77.15879143515225,73.69858088418172,74.62645721435547,190000,0.0,0.0
2022-11-23 00:00:00-05:00,74.61678756613689,79.21751402020126,74.42348276832884,77.92235565185547,183800,0.0,0.0
2022-11-25 00:00:00-05:00,77.80636725098293,78.96621076967847,77.31343043718996,78.1349868774414,82100,0.0,0.0
2022-11-28 00:00:00-05:00,78.13499052106003,78.13499052106003,75.73797850421622,75.92162322998047,167900,0.0,0.0
2022-11-29 00:00:00-05:00,75.73797769660665,78.31863441169666,75.73797769660665,77.49707794189453,152500,0.0,0.0
2022-11-30 00:00:00-05:00,77.37143479239464,79.99075408606356,76.34689863804861,79.84577178955078,175200,0.0,0.0
2022-12-01 00:00:00-05:00,80.74464809607537,82.04947393433899,79.26584498776957,79.27550506591797,134400,0.0,0.0
2022-12-02 00:00:00-05:00,78.05766945426788,79.56546750475292,77.38108792266428,79.1595230102539,119900,0.0,0.0
2022-12-05 00:00:00-05:00,77.48741192721772,78.59893299479866,74.6747879226822,75.37069702148438,214100,0.0,0.0
2022-12-06 00:00:00-05:00,75.67031427925974,77.04279743756246,72.21977148036916,73.59225463867188,212700,0.0,0.0
2022-12-07 00:00:00-05:00,72.99300978438596,72.99300978438596,69.14618933952904,69.46514892578125,210900,0.0,0.0
2022-12-08 00:00:00-05:00,69.7937658560658,71.32089892969714,68.16031292451675,68.87555694580078,177600,0.0,0.0
2022-12-09 00:00:00-05:00,68.14098291791767,70.55732982990057,67.18411160552199,69.9194107055664,779900,0.0,0.0
2022-12-12 00:00:00-05:00,69.9387515429715,73.09933032733728,69.55213452943804,73.00267791748047,179100,0.0,0.0
2022-12-13 00:00:00-05:00,75.87329392610037,75.97961378140299,69.93874643059881,70.66365051269531,241300,0.0,0.0
2022-12-14 00:00:00-05:00,70.66364806714417,71.38855212415295,68.70157559936393,69.18484497070312,137000,0.0,0.0
2022-12-15 00:00:00-05:00,66.720175468413,68.08299878306815,65.24137221147653,65.29936218261719,344900,0.0,0.0
2022-12-16 00:00:00-05:00,64.90307429737872,66.94247151657886,64.28449012771759,66.28522491455078,486900,0.0,0.0
2022-12-19 00:00:00-05:00,66.25624061955915,66.27556815180728,64.14918564741886,64.82575988769531,164300,0.0,0.0
2022-12-20 00:00:00-05:00,62.93133974272211,64.30382302280572,62.39008039262843,62.892677307128906,171000,0.0,0.0
2022-12-21 00:00:00-05:00,63.45327408094296,65.13504953842715,62.66071255508435,64.57445526123047,307800,0.0,0.0
2022-12-22 00:00:00-05:00,63.92687138208481,63.92687138208481,60.83394669078189,61.887474060058594,241100,0.0,0.0
2022-12-23 00:00:00-05:00,61.5975156646346,63.77223159460178,60.8629478182201,63.50159454345703,198500,0.0,0.0
2022-12-27 00:00:00-05:00,62.49640208033793,63.05698897762044,60.94993779471882,62.979671478271484,180400,0.0,0.0
2022-12-28 00:00:00-05:00,62.641379997617676,63.54026141574684,61.21090664079015,61.45254135131836,196600,0.0,0.0
2022-12-29 00:00:00-05:00,61.858472024727156,65.61830668755174,61.48152255075483,65.56997680664062,235500,0.0,0.0
2022-12-30 00:00:00-05:00,64.80642443358688,66.32388993623331,63.9075431247514,65.7149658203125,179700,0.0,0.0
2023-01-03 00:00:00-05:00,67.04880176241879,68.41161768774974,66.02426558103505,66.80716705322266,222000,0.0,0.0
2023-01-04 00:00:00-05:00,67.91867067569142,73.07999112804855,67.91867067569142,72.15211486816406,251900,0.0,0.0
2023-01-05 00:00:00-05:00,71.67851226008511,72.96400310396228,70.50899396461841,71.61084747314453,151200,0.0,0.0
2023-01-06 00:00:00-05:00,71.98780892385525,73.07999505029373,70.68297571969732,72.86735534667969,208000,0.0,0.0
2023-01-09 00:00:00-05:00,74.3171717874425,76.29857938494051,73.60193510125903,74.77144622802734,139400,0.0,0.0
2023-01-10 00:00:00-05:00,74.57813311338627,77.5260718615531,74.57813311338627,77.4390869140625,156900,0.0,0.0
2023-01-11 00:00:00-05:00,75.21604783561612,79.05320798589715,74.4814762954201,76.11492919921875,196700,0.0,0.0
2023-01-12 00:00:00-05:00,77.29411288924686,78.5796113274516,75.54467993329251,78.38629913330078,280900,0.0,0.0
2023-01-13 00:00:00-05:00,76.31789980149293,77.77737539760572,75.90228783865705,76.60786437988281,216500,0.0,0.0
2023-01-17 00:00:00-05:00,76.70452009734807,78.08667088242835,75.44801670214567,78.00934600830078,149800,0.0,0.0
2023-01-18 00:00:00-05:00,79.25618351522336,80.3677046369044,76.58853429801006,77.31343841552734,200700,0.0,0.0
2023-01-19 00:00:00-05:00,76.22124588177037,78.91788986030035,76.22124588177037,78.5312728881836,141500,0.0,0.0
2023-01-20 00:00:00-05:00,79.54613781632432,83.9342170172059,78.34762452112803,82.65838623046875,337300,0.0,0.0
2023-01-23 00:00:00-05:00,83.12233982444458,83.60560924202856,80.38703315113379,80.8509750366211,216400,0.0,0.0
2023-01-24 00:00:00-05:00,80.6383329947962,82.50375318800657,80.26138344984591,80.80264282226562,122500,0.0,0.0
2023-01-25 00:00:00-05:00,80.0390695185925,81.5855373790564,79.25617551045897,81.47921752929688,104500,0.0,0.0
2023-01-26 00:00:00-05:00,82.34910853739487,82.99669518275226,79.73945654554679,81.44056701660156,139900,0.0,0.0
2023-01-27 00:00:00-05:00,81.0346101237625,83.42196215939752,80.86064021746286,83.32530975341797,162300,0.0,0.0
2023-01-30 00:00:00-05:00,81.27623656488306,83.2286488881148,80.85096454697631,82.31044006347656,175900,0.0,0.0
2023-01-31 00:00:00-05:00,82.2524476912221,83.42195871574086,81.20858405187946,83.15132904052734,218400,0.0,0.0
2023-02-01 00:00:00-05:00,82.2717844469412,82.51341914440438,79.04354105429815,81.56620788574219,422200,0.0,0.0
2023-02-02 00:00:00-05:00,93.75426902864265,100.00777660659571,90.81599002161512,98.82859802246094,608400,0.0,0.0
2023-02-03 00:00:00-05:00,96.65388861159569,98.28734168884573,94.5178385581722,97.30146789550781,349500,0.0,0.0
2023-02-06 00:00:00-05:00,95.96764043414073,97.11782399099036,93.36764864560742,93.47396850585938,237600,0.0,0.0
2023-02-07 00:00:00-05:00,93.38698877646047,96.26727049505558,92.69107960645975,96.0159683227539,210700,0.0,0.0
2023-02-08 00:00:00-05:00,95.20407456934284,95.89998370544271,92.80705503101059,92.9906997680664,132400,0.0,0.0
2023-02-09 00:00:00-05:00,94.30518685648968,94.30518685648968,89.75279016545382,90.86431121826172,228600,0.0,0.0
2023-02-10 00:00:00-05:00,89.67547258347129,89.74313000744898,86.38923904575594,87.93570709228516,197900,0.0,0.0
2023-02-13 00:00:00-05:00,87.80037422872073,89.62713920292477,87.07547018505915,89.53047943115234,120000,0.0,0.0
2023-02-14 00:00:00-05:00,89.22118990198727,93.5416193064114,87.70372435521311,92.16913604736328,250500,0.0,0.0
2023-02-15 00:00:00-05:00,92.16913345759336,99.77579588228514,91.8695088123891,99.63081359863281,359100,0.0,0.0
2023-02-16 00:00:00-05:00,97.62041786759336,98.81892390339638,96.6538790768251,97.3884506225586,234100,0.0,0.0
2023-02-17 00:00:00-05:00,97.66874851990119,97.66874851990119,96.44124011653524,97.04049682617188,201500,0.0,0.0
2023-02-21 00:00:00-05:00,95.53269526560929,95.94830726116265,93.30966036134053,94.07322692871094,147000,0.0,0.0
2023-02-22 00:00:00-05:00,93.98622372854139,96.25758826168241,93.27098713546451,95.39736938476562,155600,0.0,0.0
2023-02-23 00:00:00-05:00,96.7312035499624,99.32152779347653,96.0932844111219,98.21000671386719,180300,0.0,0.0
2023-02-24 00:00:00-05:00,95.9289708601579,97.91037824570259,94.80778237149124,97.56242370605469,144500,0.0,0.0
2023-02-27 00:00:00-05:00,98.77059730388793,100.26872794316347,97.27245929050692,97.76539611816406,178400,0.0,0.0
2023-02-28 00:00:00-05:00,97.5430977655766,100.72301142763285,97.05016826753078,99.11856079101562,190300,0.0,0.0
2023-03-01 00:00:00-05:00,99.21520703513166,101.12894968604569,97.91038115967106,99.71780395507812,183000,0.0,0.0
2023-03-02 00:00:00-05:00,98.48063615227237,100.85832067699607,97.42711241685049,100.25907135009766,132000,0.0,0.0
2023-03-03 00:00:00-05:00,101.2352630143072,101.97950195487039,99.94977212678882,100.86798095703125,159000,0.0,0.0
2023-03-06 00:00:00-05:00,101.48656277123216,101.48656277123216,96.82784656565028,97.47542572021484,172100,0.0,0.0
2023-03-07 00:00:00-05:00,98.190668195627,100.819654778769,97.8330535771076,100.08509063720703,182500,0.0,0.0
2023-03-08 00:00:00-05:00,100.13341553101328,100.63601982308998,98.01670062993429,100.53936004638672,162700,0.0,0.0
2023-03-09 00:00:00-05:00,100.47171091587589,100.61669321878591,96.0353011159305,97.39811706542969,207100,0.0,0.0
2023-03-10 00:00:00-05:00,94.86578059359822,95.5713497575959,90.68066600074305,92.84571075439453,322200,0.0,0.0
2023-03-13 00:00:00-04:00,88.36097155490276,90.5163562315159,86.51488636023008,88.00335693359375,276000,0.0,0.0
2023-03-14 00:00:00-04:00,90.98995809382579,91.81151456335557,87.95502698344632,89.2308578491211,174800,0.0,0.0
2023-03-15 00:00:00-04:00,85.99295931586948,86.88217325345882,80.70599083238223,82.43609619140625,305400,0.0,0.0
2023-03-16 00:00:00-04:00,81.52754510383674,84.1758593120631,80.50301635064746,83.4799575805664,208700,0.0,0.0
2023-03-17 00:00:00-04:00,81.82718336038778,81.82718336038778,77.4294286013345,78.17366027832031,622200,0.0,0.0
2023-03-20 00:00:00-04:00,78.43461867810167,82.15579127885216,78.19298399786975,80.04873657226562,301800,0.0,0.0
2023-03-21 00:00:00-04:00,82.56173833590557,82.93868785884554,81.45021729749816,81.59519958496094,174600,0.0,0.0
2023-03-22 00:00:00-04:00,81.79817586641771,81.79817586641771,78.76324462890625,78.76324462890625,169100,0.0,0.0
2023-03-23 00:00:00-04:00,79.56547211756308,80.75431806221098,76.81083806789803,78.16399383544922,147100,0.0,0.0
2023-03-24 00:00:00-04:00,76.85916376835878,79.54614788383573,75.73798257101463,79.49781799316406,198100,0.0,0.0
2023-03-27 00:00:00-04:00,80.69632065277561,82.61973813374358,79.35283233891488,81.77884674072266,205500,0.0,0.0
2023-03-28 00:00:00-04:00,81.16993219720072,83.1223373413086,80.25171590675762,83.1223373413086,146000,0.0,0.0
2023-03-29 00:00:00-04:00,84.55282036873295,85.88664130380435,84.10820601626973,85.6933364868164,159700,0.0,0.0
2023-03-30 00:00:00-04:00,87.03681531744539,87.8680392126077,86.04127423437033,86.32157135009766,144100,0.0,0.0
2023-03-31 00:00:00-04:00,87.04647694524331,89.44349627552916,86.33124033926589,88.90223693847656,143100,0.0,0.0
2023-04-03 00:00:00-04:00,88.2159834122343,88.86356994194125,85.45168952983303,87.71338653564453,119500,0.0,0.0
2023-04-04 00:00:00-04:00,88.38031134638395,88.38031134638395,85.47102745694184,87.34611511230469,113000,0.0,0.0
2023-04-05 00:00:00-04:00,86.83384310454662,86.83384310454662,84.00189147189772,84.55281829833984,212300,0.0,0.0
2023-04-06 00:00:00-04:00,85.50968846019958,87.29778375794126,84.2628525284928,87.08514404296875,121000,0.0,0.0
2023-04-10 00:00:00-04:00,87.08514309376234,90.15873672644128,87.08514309376234,89.54981994628906,203100,0.0,0.0
2023-04-11 00:00:00-04:00,90.32304690525214,93.96690227020297,89.31785305365098,93.77359008789062,147500,0.0,0.0
2023-04-12 00:00:00-04:00,94.43083330197224,94.55648805940088,89.09554262530014,91.00929260253906,143200,0.0,0.0
2023-04-13 00:00:00-04:00,92.04348691943206,92.8263809345646,90.35204413427039,92.5267562866211,214200,0.0,0.0
2023-04-14 00:00:00-04:00,92.93270307716872,94.69180332215534,91.97583177128567,92.84571075439453,142400,0.0,0.0
2023-04-17 00:00:00-04:00,92.90369922437242,95.23305357474183,92.26578016528485,94.63380432128906,131600,0.0,0.0
2023-04-18 00:00:00-04:00,95.39737919405948,95.92897849809943,94.13121569148112,95.24273681640625,112100,0.0,0.0
2023-04-19 00:00:00-04:00,94.43083963057053,98.55796451562269,94.15054986238091,98.11335754394531,136900,0.0,0.0
2023-04-20 00:00:00-04:00,96.74086202593735,98.01670028248378,96.13194525503569,97.74606323242188,142000,0.0,0.0
2023-04-21 00:00:00-04:00,97.74606378004714,98.23900062064672,95.50369411428198,97.12747955322266,142500,0.0,0.0
2023-04-24 00:00:00-04:00,97.16614552021225,98.78026356529917,96.31559402094568,97.43677520751953,144600,0.0,0.0
2023-04-25 00:00:00-04:00,95.94830166149437,98.21967369888044,95.31038989979656,96.57655334472656,193400,0.0,0.0
2023-04-26 00:00:00-04:00,96.47022804095863,98.39364541821683,93.78325155811767,94.2375259399414,146000,0.0,0.0
2023-04-27 00:00:00-04:00,94.23752826708183,95.33938185381466,92.41077061675607,94.28585815429688,367000,0.0,0.0
2023-04-28 00:00:00-04:00,94.15054974942642,101.33192608409463,94.14088229650203,100.43305206298828,249800,0.0,0.0
2023-05-01 00:00:00-04:00,96.31558401656221,97.49476242372384,93.34831046904628,94.73046112060547,389300,0.0,0.0
2023-05-02 00:00:00-04:00,94.03455802798673,96.2479327011175,93.37731136795617,94.26652526855469,301100,0.0,0.0
2023-05-03 00:00:00-04:00,102.9267046706422,110.52369948481869,102.69473744610161,105.3817138671875,428100,0.0,0.0
2023-05-04 00:00:00-04:00,105.35272749187385,106.31926627620297,98.02636173687377,99.23453521728516,281500,0.0,0.0
2023-05-05 00:00:00-04:00,101.17727847683057,105.15942085360726,101.17727847683057,103.27466583251953,222200,0.0,0.0
2023-05-08 00:00:00-04:00,103.66128525129396,103.66128525129396,99.7854626377547,101.07096099853516,153300,0.0,0.0
2023-05-09 00:00:00-04:00,100.23006869614166,102.40478095460853,99.33118733434446,101.2159423828125,131700,0.0,0.0
2023-05-10 00:00:00-04:00,103.40997898177925,103.40997898177925,98.31632300482096,100.15274810791016,153300,0.0,0.0
2023-05-11 00:00:00-04:00,99.13787851668344,99.32152323746,96.54755439199108,97.02115631103516,262100,0.0,0.0
2023-05-12 00:00:00-04:00,97.16614036919091,97.67840473216697,93.84124467486335,95.36837768554688,170600,0.0,0.0
2023-05-15 00:00:00-04:00,96.54755921970552,97.27246331278015,95.17507590660291,96.3639144897461,124700,0.0,0.0
2023-05-16 00:00:00-04:00,95.18474447386468,96.70221009817274,94.32451815583231,95.12674713134766,144800,0.0,0.0
2023-05-17 00:00:00-04:00,96.27692362017264,101.61221417264439,96.27692362017264,100.37504577636719,195800,0.0,0.0
2023-05-18 00:00:00-04:00,100.24940901415302,100.39439131403348,98.49997608481881,99.94011688232422,104500,0.0,0.0
2023-05-19 00:00:00-04:00,100.7713343865349,100.7713343865349,95.88064318810095,96.51856231689453,248800,0.0,0.0
2023-05-22 00:00:00-04:00,97.00183908982875,97.02116662212516,95.38772098820299,96.11262512207031,152500,0.0,0.0
2023-05-23 00:00:00-04:00,96.0932834084311,99.51483156279559,96.05462097247096,97.19513702392578,120800,0.0,0.0
2023-05-24 00:00:00-04:00,95.9676374236144,96.93417621441633,94.22786465052866,95.0010986328125,144700,0.0,0.0
2023-05-25 00:00:00-04:00,95.00109581985352,97.18547548713651,94.60481138778785,95.63900756835938,80100,0.0,0.0
2023-05-26 00:00:00-04:00,95.49403357876551,97.64941090982249,95.49403357876551,96.51856231689453,188300,0.0,0.0
2023-05-30 00:00:00-04:00,97.09848225009542,98.21000329096505,94.372843261358,94.48883056640625,194900,0.0,0.0
2023-05-31 00:00:00-04:00,95.85164487177458,96.59588382948776,92.45909921095927,94.22785949707031,179900,0.0,0.0
2023-06-01 00:00:00-04:00,94.63380683236217,95.8226452935092,92.9423641220937,93.99588775634766,162400,0.0,0.0
2023-06-02 00:00:00-04:00,96.30591946736963,101.57355265092976,96.23826205053125,101.18694305419922,198400,0.0,0.0
2023-06-05 00:00:00-04:00,99.98843347870141,100.85831985236749,98.74160494623663,99.51483154296875,178400,0.0,0.0
2023-06-06 00:00:00-04:00,99.505173816085,104.84047251330497,98.13269038910188,104.60850524902344,193000,0.0,0.0
2023-06-07 00:00:00-04:00,105.43971303031589,107.44045540416514,103.32299809523441,104.75347137451172,280300,0.0,0.0
2023-06-08 00:00:00-04:00,103.90291516564693,106.81219885503457,101.30292357992771,105.4783706665039,150700,0.0,0.0
2023-06-09 00:00:00-04:00,105.44938230162148,107.84640178605922,105.34306244299083,105.48804473876953,440100,0.0,0.0
2023-06-12 00:00:00-04:00,106.3192650892021,110.69768455347325,106.3192650892021,108.7936019897461,214800,0.0,0.0
2023-06-13 00:00:00-04:00,109.11255841719226,111.43225288180066,109.07389598246982,109.9824447631836,214000,0.0,0.0
2023-06-14 00:00:00-04:00,110.28206815212685,112.43745277506882,109.56683155321342,110.94898223876953,187900,0.0,0.0
2023-06-15 00:00:00-04:00,112.8240727887975,115.01811253112942,111.62555941609193,113.1720199584961,222900,0.0,0.0
2023-06-16 00:00:00-04:00,114.06124508621832,115.31774109331073,112.59210199059221,114.91179656982422,313500,0.0,0.0
2023-06-20 00:00:00-04:00,115.67535194465205,120.70135023647373,115.30806989322292,120.1987533569336,281900,0.0,0.0
2023-06-21 00:00:00-04:00,119.59950256347656,121.53258005867983,118.1786894246453,119.59950256347656,282900,0.0,0.0
2023-06-22 00:00:00-04:00,118.8069504344893,119.00026262368489,116.02332127702695,117.81141662597656,161300,0.0,0.0
2023-06-23 00:00:00-04:00,115.82034351502982,116.46792272637867,114.2642154928236,115.13410186767578,483900,0.0,0.0
2023-06-26 00:00:00-04:00,115.89767740795666,116.46793179168104,114.09991455136819,115.5980453491211,225600,0.0,0.0
2023-06-27 00:00:00-04:00,116.12964045416906,122.38314778630551,116.09097801655747,120.74969482421875,225200,0.0,0.0
2023-06-28 00:00:00-04:00,120.19876649677833,123.36901260040858,120.13110907532668,122.8760757446289,154200,0.0,0.0
2023-06-29 00:00:00-04:00,122.8084110657732,124.68349859820411,120.37273666334491,120.75935363769531,133800,0.0,0.0
2023-06-30 00:00:00-04:00,122.24782419815746,123.18536059028574,119.98611969133208,122.05451202392578,150200,0.0,0.0
2023-07-03 00:00:00-04:00,121.6969009167623,124.72215725912157,120.91399949322484,124.68350219726562,93800,0.0,0.0
2023-07-05 00:00:00-04:00,123.92959599925395,123.92959599925395,120.8270075894167,121.81287384033203,137900,0.0,0.0
2023-07-06 00:00:00-04:00,119.20323064868438,119.85080986770029,116.70955880261944,117.98538970947266,175400,0.0,0.0
2023-07-07 00:00:00-04:00,118.00471294235695,120.98165407461534,118.00471294235695,119.31920623779297,93500,0.0,0.0
2023-07-10 00:00:00-04:00,119.24189622994781,122.73110194111098,119.24189622994781,122.66344451904297,123400,0.0,0.0
2023-07-11 00:00:00-04:00,123.34001252280453,123.34001252280453,121.11697041129712,121.89987182617188,96500,0.0,0.0
2023-07-12 00:00:00-04:00,123.65896925318995,124.48051833657122,121.39726475794907,123.83293914794922,150900,0.0,0.0
2023-07-13 00:00:00-04:00,125.36007359500442,126.54891213435589,121.55191591405377,121.77421569824219,242800,0.0,0.0
2023-07-14 00:00:00-04:00,121.50359133220583,121.83221835784587,118.21735794633435,120.36307525634766,139300,0.0,0.0
2023-07-17 00:00:00-04:00,120.0054620275234,120.70136377553705,118.02405452004999,118.10137939453125,126500,0.0,0.0
2023-07-18 00:00:00-04:00,118.01439114715367,123.45600954767677,118.01439114715367,122.90508270263672,149000,0.0,0.0
2023-07-19 00:00:00-04:00,123.53331808223186,124.85747148036522,121.52292304091215,124.20989227294922,194500,0.0,0.0
2023-07-20 00:00:00-04:00,123.87161764765422,124.412877022495,120.9140038694456,123.89093780517578,128300,0.0,0.0
2023-07-21 00:00:00-04:00,124.45152819239857,125.54372173488447,121.71622904516587,125.15711212158203,163800,0.0,0.0
2023-07-24 00:00:00-04:00,124.48052428299397,125.15711323460725,123.66863523891186,123.9199447631836,167800,0.0,0.0
2023-07-25 00:00:00-04:00,122.66343723158725,122.66343723158725,115.98465087890625,120.81734466552734,273600,0.0,0.0
2023-07-26 00:00:00-04:00,121.38761332898838,123.63965066931092,118.78762877911267,123.55266571044922,223100,0.0,0.0
2023-07-27 00:00:00-04:00,122.91473000166363,122.91473000166363,118.73928293284189,119.94745635986328,190400,0.0,0.0
2023-07-28 00:00:00-04:00,121.05898860385024,121.05898860385024,116.83521125696586,117.66643524169922,328600,0.0,0.0
2023-07-31 00:00:00-04:00,117.83074649027523,119.72516161869876,116.91253022262282,119.56084442138672,145900,0.0,0.0
2023-08-01 00:00:00-04:00,118.14003676171154,118.14003676171154,114.56383889854011,117.46345520019531,243400,0.0,0.0
2023-08-02 00:00:00-04:00,116.75789267241677,123.97793885417046,111.36460427470848,121.49392700195312,590700,0.0,0.0
2023-08-03 00:00:00-04:00,117.96606035623007,118.42999483840778,110.3110676592414,111.24861145019531,374200,0.0,0.0
2023-08-04 00:00:00-04:00,112.01217897600543,113.413657261764,109.43152219508717,109.87612915039062,224100,0.0,0.0
2023-08-07 00:00:00-04:00,109.52817271055865,110.28207176847363,103.45831043758565,106.75420379638672,403300,0.0,0.0
2023-08-08 00:00:00-04:00,105.54603438929294,106.9958425944981,104.46351564883417,106.44491577148438,190300,0.0,0.0
2023-08-09 00:00:00-04:00,105.99065284730534,106.31927251368579,104.24121253064251,104.70515441894531,187200,0.0,0.0
2023-08-10 00:00:00-04:00,105.7683454321439,106.06797011247862,103.78693786282479,104.36686706542969,145700,0.0,0.0
2023-08-11 00:00:00-04:00,103.59361978314004,104.58915347987232,100.56835625944517,100.80032348632812,235200,0.0,0.0
2023-08-14 00:00:00-04:00,100.21704069095648,100.51840652316778,98.38943599663537,99.8476333618164,185000,0.6,0.0
2023-08-15 00:00:00-04:00,99.15742961825404,99.5171210035753,95.54109864549238,95.85218048095703,293000,0.0,0.0
2023-08-16 00:00:00-04:00,95.76468926449232,96.87291873301287,94.7731108452208,94.8314437866211,209600,0.0,0.0
2023-08-17 00:00:00-04:00,94.7731104209865,94.97725717303427,91.99281336910124,92.17752075195312,200400,0.0,0.0
2023-08-18 00:00:00-04:00,90.83597424433317,92.36222047845642,90.32074571043059,91.47757720947266,239200,0.0,0.0
2023-08-21 00:00:00-04:00,91.38037287603166,92.73163524330326,89.85412651934769,90.75820922851562,166500,0.0,0.0
2023-08-22 00:00:00-04:00,91.40953240987963,92.51776183142735,89.68886275540571,90.4374008178711,164900,0.0,0.0
2023-08-23 00:00:00-04:00,90.5054523496411,92.88717926899588,89.71802811071365,91.4386978149414,215200,0.0,0.0
2023-08-24 00:00:00-04:00,90.61237906099217,91.44841277050051,87.02521134035233,87.2001953125,171600,0.0,0.0
2023-08-25 00:00:00-04:00,87.37518511379143,87.49184357526428,85.09067734823684,85.703125,229100,0.0,0.0
2023-08-28 00:00:00-04:00,86.51971971840582,87.75432369145551,84.95458711667459,85.88783264160156,176900,0.0,0.0
2023-08-29 00:00:00-04:00,86.12113069978336,87.72514924520779,85.52813727602721,86.41277313232422,184500,0.0,0.0
2023-08-30 00:00:00-04:00,85.99476067417137,87.00577843086714,85.6447927039007,86.09197235107422,156200,0.0,0.0
2023-08-31 00:00:00-04:00,86.88912588028286,87.7446064954944,86.01421331185439,86.36417388916016,183800,0.0,0.0
2023-09-01 00:00:00-04:00,86.91828690076468,87.50156435717507,85.87809900474541,86.47109985351562,123200,0.0,0.0
2023-09-05 00:00:00-04:00,84.62405836918528,86.03364621618661,81.41602113678677,84.6532211303711,352100,0.0,0.0
2023-09-06 00:00:00-04:00,83.80746520678645,85.86838688999369,82.67979639592726,83.6616439819336,148400,0.0,0.0
2023-09-07 00:00:00-04:00,82.9228298531519,84.00189654079583,81.86320253445645,83.33112335205078,214900,0.0,0.0
2023-09-08 00:00:00-04:00,83.38944959433842,83.5547101905395,80.8716322459873,81.43546295166016,417200,0.0,0.0
2023-09-11 00:00:00-04:00,82.53396877819489,84.05049159893703,81.05632469207819,83.8852310180664,333200,0.0,0.0
2023-09-12 00:00:00-04:00,83.78802778351977,86.82107373036342,83.78802778351977,85.50869750976562,260300,0.0,0.0
2023-09-13 00:00:00-04:00,83.55471662844344,83.95329418540139,81.47435538427968,82.96171569824219,226600,0.0,0.0
2023-09-14 00:00:00-04:00,84.13799532073561,85.63507150021444,82.44648094892972,83.20474243164062,360500,0.0,0.0
2023-09-15 00:00:00-04:00,82.92283348208984,82.97143561497583,81.37714028750639,82.27149963378906,521000,0.0,0.0
2023-09-18 00:00:00-04:00,82.47564324503782,82.47564324503782,79.87033761835272,80.01615142822266,179800,0.0,0.0
2023-09-19 00:00:00-04:00,80.01615224829341,81.27992633647328,79.97726609300433,80.75497436523438,238400,0.0,0.0
2023-09-20 00:00:00-04:00,81.57156370539211,81.58127968102661,75.34992016590338,75.43740844726562,262000,0.0,0.0
2023-09-21 00:00:00-04:00,74.69858838502799,76.56508668880696,74.27085552557438,74.99995422363281,218000,0.0,0.0
2023-09-22 00:00:00-04:00,74.98050297892395,75.06799867421053,72.36547418082041,73.220947265625,215900,0.0,0.0
2023-09-25 00:00:00-04:00,72.12244392872672,73.51259237776549,71.89885040307665,73.1723403930664,189800,0.0,0.0
2023-09-26 00:00:00-04:00,72.88070883300023,74.27085734808172,72.68627805868161,73.32788848876953,186100,0.0,0.0
2023-09-27 00:00:00-04:00,73.14317844065222,75.24298622608288,73.04596676542498,73.37649536132812,212700,0.0,0.0
2023-09-28 00:00:00-04:00,72.1321618391317,77.18725061521289,72.1321618391317,76.06929779052734,431500,0.0,0.0
2023-09-29 00:00:00-04:00,75.62211549094289,76.23455570814619,74.27085320608344,74.71803283691406,311100,0.0,0.0
2023-10-02 00:00:00-04:00,74.4555579321794,74.58193979073191,73.05569342931699,73.18206787109375,184400,0.0,0.0
2023-10-03 00:00:00-04:00,72.91959888002445,73.55148595093016,71.1503195315541,71.91830444335938,183500,0.0,0.0
2023-10-04 00:00:00-04:00,71.95718049116799,73.97921607569921,71.50028485197247,73.7361831665039,320000,0.0,0.0
2023-10-05 00:00:00-04:00,72.74460983137793,75.24298776124671,72.74460983137793,74.1541976928711,215300,0.0,0.0
2023-10-06 00:00:00-04:00,73.58064521815614,76.87617084021679,73.49314951500614,75.9818115234375,245000,0.0,0.0
2023-10-09 00:00:00-04:00,75.08744761188825,75.08744761188825,72.20993877794729,74.18336486816406,218400,0.0,0.0
2023-10-10 00:00:00-04:00,75.0096803665615,76.14707259720944,73.522312737896,73.90144348144531,271300,0.0,0.0
2023-10-11 00:00:00-04:00,73.90144052155107,75.49574315933978,72.34603145431564,72.5307388305664,264200,0.0,0.0
2023-10-12 00:00:00-04:00,72.52102053039647,72.53074392371757,69.72128401277357,71.17948150634766,253600,0.0,0.0
2023-10-13 00:00:00-04:00,71.07253672732155,71.47110679776218,69.14771303519922,70.73229217529297,231800,0.0,0.0
2023-10-16 00:00:00-04:00,71.39335354604079,72.95848615719336,70.2462378574341,72.67656707763672,184700,0.0,0.0
2023-10-17 00:00:00-04:00,71.85025147033832,73.74590515935878,71.85025147033832,72.44324493408203,135100,0.0,0.0
2023-10-18 00:00:00-04:00,71.59749548643292,72.31687081044554,69.9545906709031,70.69341278076172,205400,0.0,0.0
2023-10-19 00:00:00-04:00,70.71285736873158,72.56963246495091,70.36288936543134,71.64610290527344,178100,0.0,0.0
2023-10-20 00:00:00-04:00,71.64609851766541,71.85996866400438,70.78090195604011,71.2669677734375,199000,0.0,0.0
2023-10-23 00:00:00-04:00,70.7420131956164,71.75303094858614,69.69211670544924,69.91570281982422,187200,0.0,0.0
2023-10-24 00:00:00-04:00,70.44066105172828,70.58648228793007,68.29225091646887,69.32270812988281,262900,0.0,0.0
2023-10-25 00:00:00-04:00,69.11856100554748,69.16717055628669,66.18272659359161,66.83405303955078,258000,0.0,0.0
2023-10-26 00:00:00-04:00,66.78544229893832,68.37973763333517,65.79387126579921,67.31039428710938,213500,0.0,0.0
2023-10-27 00:00:00-04:00,67.20345391216611,67.2229006972925,65.09393014925303,65.65776824951172,175300,0.0,0.0
2023-10-30 00:00:00-04:00,66.52296066963396,67.09651471034259,65.03560062044724,66.69794464111328,258000,0.0,0.0
2023-10-31 00:00:00-04:00,66.64934281228587,67.11596926249794,63.86904573074411,64.76341247558594,284100,0.0,0.0
2023-11-01 00:00:00-04:00,64.84117058546374,65.24947146796859,63.37325730389586,64.10235595703125,178500,0.0,0.0
2023-11-02 00:00:00-04:00,62.37196497173523,64.32594408361282,59.066712448326044,62.61499786376953,822200,0.0,0.0
2023-11-03 00:00:00-04:00,63.61629670767442,65.13281968824134,61.24429313968962,63.003849029541016,454300,0.0,0.0
2023-11-06 00:00:00-05:00,63.30521270714387,63.30521270714387,59.17364968275956,59.73748779296875,302400,0.0,0.0
2023-11-07 00:00:00-05:00,59.980524959388525,60.95265663228497,59.36808096711511,59.756935119628906,303800,0.0,0.0
2023-11-08 00:00:00-05:00,60.466584736768006,61.16651694941271,59.02783045005855,59.30974578857422,263200,0.0,0.0
2023-11-09 00:00:00-05:00,60.03884504081512,60.03884504081512,55.39205725252222,55.46982955932617,325900,0.0,0.0
2023-11-10 00:00:00-05:00,55.353171855170245,56.48084436051616,53.340859743978726,55.68369674682617,388600,0.0,0.0
2023-11-13 00:00:00-05:00,54.974044381794684,58.94034331661785,54.215782877120596,58.298736572265625,321900,0.0,0.0
2023-11-14 00:00:00-05:00,60.783081685807716,63.01211864834042,60.76344211508017,62.25601577758789,355900,0.6,0.0
2023-11-15 00:00:00-05:00,63.002302835434385,68.13792870587112,63.002302835434385,65.5357437133789,432700,0.0,0.0
2023-11-16 00:00:00-05:00,65.53574304099088,66.37040416427921,64.09226648489945,64.7796401977539,285900,0.0,0.0
2023-11-17 00:00:00-05:00,65.86961810056805,66.35077450002497,65.24116678527272,65.7125015258789,268600,0.0,0.0
2023-11-20 00:00:00-05:00,65.23133962743262,68.62890660549955,64.56360922475454,68.40306091308594,266300,0.0,0.0
2023-11-21 00:00:00-05:00,67.94154237857327,67.94154237857327,65.95798693646258,66.20347595214844,272400,0.0,0.0
2023-11-22 00:00:00-05:00,67.91208777432425,70.13130317615656,66.11510630531012,66.58644104003906,351400,0.0,0.0
2023-11-24 00:00:00-05:00,66.7239097488021,68.53071275343046,66.09545848416528,68.37359619140625,149800,0.0,0.0
2023-11-27 00:00:00-05:00,67.26399354574373,68.32450794272846,65.84016018270853,66.5569839477539,378000,0.0,0.0
2023-11-28 00:00:00-05:00,66.72391668640576,67.15597978516598,65.93835626979627,66.80247497558594,202500,0.0,0.0
2023-11-29 00:00:00-05:00,68.56999510238067,69.96437094280444,67.60767484427969,67.71569061279297,237300,0.0,0.0
2023-11-30 00:00:00-05:00,67.84333776251879,68.49143233114492,67.02831996039336,67.25416564941406,222100,0.0,0.0
2023-12-01 00:00:00-05:00,67.25417352189228,70.08221198260057,66.82211791729688,70.06256866455078,190400,0.0,0.0
2023-12-04 00:00:00-05:00,71.04452112212068,74.18678508344078,70.29823240119424,72.3799819946289,287200,0.0,0.0
2023-12-05 00:00:00-05:00,71.61406177840536,71.93810910347386,68.5307200900264,69.41448211669922,216400,0.0,0.0
2023-12-06 00:00:00-05:00,70.6910181321503,73.30302497601207,70.5928240196757,71.22127532958984,199500,0.0,0.0
2023-12-07 00:00:00-05:00,71.63369909914246,75.28657722443363,71.63369909914246,74.12786865234375,247500,0.0,0.0
2023-12-08 00:00:00-05:00,73.6958076271079,74.32425892601684,71.84972538129873,73.75472259521484,438600,0.0,0.0
2023-12-11 00:00:00-05:00,73.50923012928232,73.57796675276428,71.63369048727014,72.81204223632812,227200,0.0,0.0
2023-12-12 00:00:00-05:00,72.56655664678448,74.37335225877993,72.00684197440214,73.95111083984375,258400,0.0,0.0
2023-12-13 00:00:00-05:00,73.43067623874583,76.75950683107446,70.79903358106253,76.30780792236328,409100,0.0,0.0
2023-12-14 00:00:00-05:00,76.84788728624444,80.46148607165223,76.84788728624444,79.70537567138672,250200,0.0,0.0
2023-12-15 00:00:00-05:00,80.35347225050666,81.413986673338,78.90999553471912,80.7658920288086,601200,0.0,0.0
2023-12-18 00:00:00-05:00,80.56949603592788,81.93441433146502,78.70377806257216,81.38451385498047,275500,0.0,0.0
2023-12-19 00:00:00-05:00,82.23882395615283,83.25023754762326,81.42379858937801,81.95405578613281,213200,0.0,0.0
2023-12-20 00:00:00-05:00,81.60054737310527,83.12258226812166,79.71519352932526,79.8035659790039,264200,0.0,0.0
2023-12-21 00:00:00-05:00,81.57109269455658,83.09312764190545,81.55145686897404,82.82799530029297,236400,0.0,0.0
2023-12-22 00:00:00-05:00,82.97529101910347,84.35985272563042,82.7789027944487,82.96546936035156,198800,0.0,0.0
2023-12-26 00:00:00-05:00,82.87709652748794,83.68230023165636,81.89514042524692,81.98351287841797,112700,0.0,0.0
2023-12-27 00:00:00-05:00,82.17990674464549,82.42539576468161,80.94263998597894,81.93441772460938,120000,0.0,0.0
2023-12-28 00:00:00-05:00,81.4041645236559,83.3386192948281,81.4041645236559,82.62178802490234,129300,0.0,0.0
2023-12-29 00:00:00-05:00,82.25845755249722,82.32719417845078,80.30436705033416,81.11939239501953,150500,0.0,0.0
2024-01-02 00:00:00-05:00,80.17670861896396,81.55144851251951,77.8494702100507,79.6268081665039,161200,0.0,0.0
2024-01-03 00:00:00-05:00,77.96731514782726,78.02623011595172,74.46173220154374,74.9625244140625,291100,0.0,0.0
2024-01-04 00:00:00-05:00,75.581163084919,77.2701287950203,74.93306845543476,76.86752319335938,177600,0.0,0.0
2024-01-05 00:00:00-05:00,76.44528313680237,79.81339295861109,76.44528313680237,77.56471252441406,175800,0.0,0.0
2024-01-08 00:00:00-05:00,77.24067160904636,82.15045218449868,77.24067160904636,79.67591857910156,260800,0.0,0.0
2024-01-09 00:00:00-05:00,78.42883402297775,78.87071125787047,76.58275181631602,77.32904052734375,214500,0.0,0.0
2024-01-10 00:00:00-05:00,77.64326924181375,77.64326924181375,75.9543035355948,76.47473907470703,144500,0.0,0.0
2024-01-11 00:00:00-05:00,76.40599431266875,78.1931539411867,74.46172561913055,77.741455078125,211800,0.0,0.0
2024-01-12 00:00:00-05:00,76.75950623785918,77.18174765887197,74.33407348169722,74.73667907714844,160500,0.0,0.0
2024-01-16 00:00:00-05:00,73.79399788585137,73.96092861459432,70.35715174671273,72.84149932861328,388300,0.0,0.0
2024-01-17 00:00:00-05:00,71.26055532397221,72.37016304247508,68.44233856273738,70.5437240600586,357400,0.0,0.0
2024-01-18 00:00:00-05:00,71.2703753114618,73.17536504508296,69.74834036456511,73.10662841796875,224000,0.0,0.0
2024-01-19 00:00:00-05:00,73.91182848011407,74.34389153884209,71.74170651176404,73.59760284423828,203800,0.0,0.0
2024-01-22 00:00:00-05:00,73.86273317293079,75.57133455351286,73.60742250952843,74.78577423095703,236500,0.0,0.0
2024-01-23 00:00:00-05:00,76.95589989047423,78.51720644549113,75.98375798728568,77.13265228271484,219600,0.0,0.0
2024-01-24 00:00:00-05:00,78.56630727346572,78.56630727346572,76.69076758337518,77.32904052734375,142800,0.0,0.0
2024-01-25 00:00:00-05:00,79.4304233492418,82.10134497244746,79.32240758567615,80.17671203613281,397400,0.0,0.0
2024-01-26 00:00:00-05:00,80.21599781688845,81.62019536775041,79.44025158330577,79.4500732421875,184000,0.0,0.0
2024-01-29 00:00:00-05:00,79.21439501786374,79.73483054055066,77.81019752659037,78.9001693725586,189500,0.0,0.0
2024-01-30 00:00:00-05:00,77.78073980344138,79.38132550870343,77.78073980344138,78.11460876464844,260600,0.0,0.0
2024-01-31 00:00:00-05:00,77.79055517931815,79.93121954964876,76.31762118574376,76.9853515625,249600,0.0,0.0
2024-02-01 00:00:00-05:00,77.97713595457317,79.19475939680295,75.41422998493131,78.4779281616211,281200,0.0,0.0
2024-02-02 00:00:00-05:00,77.19156288638608,78.98854419063834,76.78895732447751,77.68254089355469,310300,0.0,0.0
2024-02-05 00:00:00-05:00,75.67934953709204,78.26189115135361,70.70083285645268,71.7809829711914,632200,0.0,0.0
2024-02-06 00:00:00-05:00,72.65493283184115,78.1931648720827,72.59601786068885,77.08355712890625,352400,0.0,0.0
2024-02-07 00:00:00-05:00,77.09337333054597,77.29958320671221,74.22605590584185,74.88397216796875,230800,0.0,0.0
2024-02-08 00:00:00-05:00,75.61061975662682,76.83806488254609,73.9609332077221,76.53366088867188,177100,0.0,0.0
2024-02-09 00:00:00-05:00,76.33726459693071,77.57453137219711,74.93306708381539,77.18174743652344,213200,0.0,0.0
2024-02-12 00:00:00-05:00,76.5140149953246,78.80197443102571,76.5140149953246,77.75128173828125,232300,0.0,0.0
2024-02-13 00:00:00-05:00,75.5909827706205,76.84788536159097,74.73667827907164,76.62203216552734,277500,0.0,0.0
2024-02-14 00:00:00-05:00,78.32408629814938,79.64020981279221,76.81994298147667,79.56104278564453,249500,0.6,0.0
2024-02-15 00:00:00-05:00,80.48134003610436,82.94535528572274,80.48134003610436,81.30268096923828,189000,0.0,0.0
2024-02-16 00:00:00-05:00,80.0162402216837,81.28288243086728,78.30428915628887,80.30321502685547,239500,0.0,0.0
2024-02-20 00:00:00-05:00,79.81832837681043,81.85683016359505,79.45218655451741,80.70893096923828,215300,0.0,0.0
2024-02-21 00:00:00-05:00,80.54070802996489,80.55060579553628,77.20587071201348,78.037109375,214100,0.0,0.0
2024-02-22 00:00:00-05:00,78.27460643850253,79.53135848047152,77.68086882369214,77.83920288085938,267400,0.0,0.0
2024-02-23 00:00:00-05:00,77.97774364124272,78.37356369594036,74.9298809014559,74.94966888427734,285300,0.0,0.0
2024-02-26 00:00:00-05:00,74.71217247776286,75.8105904519484,74.21738987857239,74.59342193603516,213700,0.0,0.0
2024-02-27 00:00:00-05:00,75.59288623126501,76.35485567531262,73.8314613550997,74.43509674072266,214000,0.0,0.0
2024-02-28 00:00:00-05:00,73.59396762827974,74.64290433840766,72.64398592952142,73.1486587524414,266800,0.0,0.0
2024-02-29 00:00:00-05:00,73.89083120096055,74.65280062798128,71.74347654259903,72.02055358886719,211900,0.0,0.0
2024-03-01 00:00:00-05:00,73.02001527759882,73.02001527759882,70.7835958648403,71.2289047241211,225600,0.0,0.0
2024-03-04 00:00:00-05:00,70.73412581998758,73.04970482963253,70.28881693751342,72.96064758300781,425600,0.0,0.0
2024-03-05 00:00:00-05:00,72.02055001340236,73.0200129233512,71.49608169474871,71.57524871826172,159300,0.0,0.0
2024-03-06 00:00:00-05:00,72.5153340326827,74.17780381071508,71.88201293150685,73.96009826660156,217000,0.0,0.0
2024-03-07 00:00:00-05:00,73.95020671875163,75.1772653864542,71.85232589028092,72.21846771240234,222300,0.0,0.0
2024-03-08 00:00:00-05:00,73.31688440397427,73.91062958291198,71.1794274290627,71.73358154296875,306900,0.0,0.0
2024-03-11 00:00:00-04:00,71.30806588199785,71.75337475177997,69.92268064209789,70.17996215820312,175600,0.0,0.0
2024-03-12 00:00:00-04:00,69.34872726132664,71.03098499004282,67.68625751363105,69.39820098876953,222400,0.0,0.0
2024-03-13 00:00:00-04:00,69.42789627310579,71.7929564363924,68.96279943308335,69.32893371582031,232200,0.0,0.0
2024-03-14 00:00:00-04:00,69.23987798727546,69.90288485679292,65.77639980051563,66.35034942626953,262700,0.0,0.0
2024-03-15 00:00:00-04:00,66.60763029276508,67.74563176728866,64.90557696388227,66.90450286865234,655900,0.0,0.0
2024-03-18 00:00:00-04:00,66.62743001651984,67.44877098500729,65.56859550224962,66.795654296875,187500,0.0,0.0
2024-03-19 00:00:00-04:00,66.5779469467571,67.3399163957883,66.48888970064834,67.20137786865234,177100,0.0,0.0
2024-03-20 00:00:00-04:00,66.15242967568258,69.89298478606757,65.81598114395963,69.54663848876953,274000,0.0,0.0
2024-03-21 00:00:00-04:00,70.09090348430144,72.09971959096097,69.48726812075172,71.25859069824219,373200,0.0,0.0
2024-03-22 00:00:00-04:00,71.8226456626509,72.07992718466271,70.96172120113404,71.64452362060547,220400,0.0,0.0
2024-03-25 00:00:00-04:00,71.66430623828082,72.74293617597061,71.22890270681837,72.55491638183594,126700,0.0,0.0
2024-03-26 00:00:00-04:00,73.3267785532022,73.41584334556293,72.04034834512197,72.2382583618164,107200,0.0,0.0
2024-03-27 00:00:00-04:00,73.07938773825032,75.83037775723173,72.61429089119689,75.454345703125,205200,0.0,0.0
2024-03-28 00:00:00-04:00,75.08820062304494,76.34495258738922,74.21738601176212,74.4251937866211,163200,0.0,0.0
2024-04-01 00:00:00-04:00,74.42520136530402,74.42520136530402,68.5867648945636,68.69561767578125,372100,0.0,0.0
2024-04-02 00:00:00-04:00,67.5180343167153,68.8440480097335,66.4097186174921,66.69669342041016,279200,0.0,0.0
2024-04-03 00:00:00-04:00,66.50867694892742,67.5576136570288,64.658187285779,65.21234893798828,264500,0.0,0.0
2024-04-04 00:00:00-04:00,65.37067400441138,69.1112292128689,64.6383978780986,65.03422546386719,360400,0.0,0.0
2024-04-05 00:00:00-04:00,64.56912786240352,65.42015451943854,63.23321638210353,64.94515991210938,419800,0.0,0.0
2024-04-08 00:00:00-04:00,65.11339569091797,66.20191594293853,64.31184271415457,65.11339569091797,202400,0.0,0.0
2024-04-09 00:00:00-04:00,64.13371786590791,65.68733491991853,64.13371786590791,65.40036010742188,213300,0.0,0.0
2024-04-10 00:00:00-04:00,64.81652208872316,65.91494008993459,61.165027775815666,61.50148010253906,511400,0.0,0.0
2024-04-11 00:00:00-04:00,61.85771826399719,63.05509501084138,60.373370481443615,62.65926742553711,293900,0.0,0.0
2024-04-12 00:00:00-04:00,61.67959874013572,61.72907624356282,60.007231190102175,60.61086654663086,344400,0.0,0.0
2024-04-15 00:00:00-04:00,60.828573194410986,61.3134580216358,59.44318042398543,60.116085052490234,331200,0.0,0.0
2024-04-16 00:00:00-04:00,59.502555139852326,60.264520778999625,58.91871153452603,59.888484954833984,217000,0.0,0.0
2024-04-17 00:00:00-04:00,61.056172970817464,62.06552991748608,60.32389306935104,60.62076187133789,261100,0.0,0.0
2024-04-18 00:00:00-04:00,61.343148055594085,62.738434828561076,61.056173243273165,61.12544250488281,234500,0.0,0.0
2024-04-19 00:00:00-04:00,60.3634773386111,61.917094404187296,60.3634773386111,61.65980911254883,211300,0.0,0.0
2024-04-22 00:00:00-04:00,62.05563082041173,62.31291987820142,61.155126667930894,61.560848236083984,192700,0.0,0.0
2024-04-23 00:00:00-04:00,60.878051368641216,62.105110098905584,60.31399950837763,60.98690414428711,184000,0.0,0.0
2024-04-24 00:00:00-04:00,60.878052633809475,60.93742790582071,58.2557032974682,58.453617095947266,400200,0.0,0.0
2024-04-25 00:00:00-04:00,57.661964743764145,58.24580836363846,55.415651283396606,57.3848876953125,645900,0.0,0.0
2024-04-26 00:00:00-04:00,57.89945964414756,58.028104180345814,56.17761826687392,56.444801330566406,359900,0.0,0.0
2024-04-29 00:00:00-04:00,56.405215431895456,57.39478061491116,55.56408653628874,56.14793014526367,228200,0.0,0.0
2024-04-30 00:00:00-04:00,55.425543352369445,55.43544111798043,53.7234938317593,53.99067687988281,375500,0.0,0.0
2024-05-01 00:00:00-04:00,54.43598138965419,54.43598138965419,51.83342756470959,53.1198616027832,434300,0.0,0.0
2024-05-02 00:00:00-04:00,54.09952688173955,54.327130196319274,52.51622409482588,53.80265808105469,313400,0.0,0.0
2024-05-03 00:00:00-04:00,54.643789390852135,55.49481603317746,53.98077877012995,55.04951095581055,313300,0.0,0.0
2024-05-06 00:00:00-04:00,55.35627492954867,56.13803232940758,53.297981313656045,55.672935485839844,574600,0.0,0.0
2024-05-07 00:00:00-04:00,55.811477965579726,55.8708494607721,50.59646898562228,53.327667236328125,831900,0.0,0.0
2024-05-08 00:00:00-04:00,52.35789610318883,54.633895374379904,52.00165201684919,52.50633239746094,531800,0.0,0.0
2024-05-09 00:00:00-04:00,52.32820844145199,53.94119698746168,51.59592853797855,53.218814849853516,511300,0.0,0.0
2024-05-10 00:00:00-04:00,53.86203356423928,54.307338654474115,52.78340735673342,52.882362365722656,466000,0.0,0.0
2024-05-13 00:00:00-04:00,52.88236173122246,57.31561327381971,52.88236173122246,56.89999771118164,542700,0.0,0.0
2024-05-14 00:00:00-04:00,57.310001373291016,60.7400016784668,57.310001373291016,58.68000030517578,493900,0.6,0.0
2024-05-15 00:00:00-04:00,58.959999084472656,59.650001525878906,55.310001373291016,55.439998626708984,261100,0.0,0.0
2024-05-16 00:00:00-04:00,55.439998626708984,55.4900016784668,54.66999816894531,54.7599983215332,177800,0.0,0.0
2024-05-17 00:00:00-04:00,55.150001525878906,55.47999954223633,52.93000030517578,52.97999954223633,238300,0.0,0.0
2024-05-20 00:00:00-04:00,52.72999954223633,53.47999954223633,50.04999923706055,50.36000061035156,475700,0.0,0.0
2024-05-21 00:00:00-04:00,50.099998474121094,50.099998474121094,48.40999984741211,49.040000915527344,422900,0.0,0.0
2024-05-22 00:00:00-04:00,48.81999969482422,50.040000915527344,48.65999984741211,49.439998626708984,296500,0.0,0.0
2024-05-23 00:00:00-04:00,49.63999938964844,49.63999938964844,47.16999816894531,47.779998779296875,419400,0.0,0.0
2024-05-24 00:00:00-04:00,48.220001220703125,48.54999923706055,46.900001525878906,48.099998474121094,367200,0.0,0.0
2024-05-28 00:00:00-04:00,48.16999816894531,49.599998474121094,48.099998474121094,48.970001220703125,484000,0.0,0.0
2024-05-29 00:00:00-04:00,48.06999969482422,49.2599983215332,47.09000015258789,48.369998931884766,419200,0.0,0.0
2024-05-30 00:00:00-04:00,48.959999084472656,52.2400016784668,48.7599983215332,51.459999084472656,489900,0.0,0.0
2024-05-31 00:00:00-04:00,51.9900016784668,53.439998626708984,51.709999084472656,53.20000076293945,503100,0.0,0.0
2024-06-03 00:00:00-04:00,53.25,55.33000183105469,52.13999938964844,52.9900016784668,509300,0.0,0.0
2024-06-04 00:00:00-04:00,52.709999084472656,55.279998779296875,52.400001525878906,54.900001525878906,489000,0.0,0.0
2024-06-05 00:00:00-04:00,55.279998779296875,55.290000915527344,53.09000015258789,53.59000015258789,356000,0.0,0.0
2024-06-06 00:00:00-04:00,53.470001220703125,54.15999984741211,52.959999084472656,53.150001525878906,237000,0.0,0.0
2024-06-07 00:00:00-04:00,52.470001220703125,53.4900016784668,51.75,52.290000915527344,245700,0.0,0.0
2024-06-10 00:00:00-04:00,50.93000030517578,53.41999816894531,50.16999816894531,53.099998474121094,322200,0.0,0.0
2024-06-11 00:00:00-04:00,52.56999969482422,53.029998779296875,52.0,52.97999954223633,263700,0.0,0.0
2024-06-12 00:00:00-04:00,54.310001373291016,56.619998931884766,53.0099983215332,53.380001068115234,303500,0.0,0.0
2024-06-13 00:00:00-04:00,53.02000045776367,54.650001525878906,50.95000076293945,54.40999984741211,465300,0.0,0.0
2024-06-14 00:00:00-04:00,53.68000030517578,53.68000030517578,50.2599983215332,51.290000915527344,645800,0.0,0.0
2024-06-17 00:00:00-04:00,51.099998474121094,54.52000045776367,50.529998779296875,54.33000183105469,370900,0.0,0.0
2024-06-18 00:00:00-04:00,54.470001220703125,54.91999816894531,52.310001373291016,52.849998474121094,363300,0.0,0.0
2024-06-20 00:00:00-04:00,52.52000045776367,54.11000061035156,52.52000045776367,52.90999984741211,345900,0.0,0.0
2024-06-21 00:00:00-04:00,52.5099983215332,53.900001525878906,51.779998779296875,52.869998931884766,561500,0.0,0.0
2024-06-24 00:00:00-04:00,52.68000030517578,53.290000915527344,51.56999969482422,52.02000045776367,302200,0.0,0.0
2024-06-25 00:00:00-04:00,51.779998779296875,53.029998779296875,50.540000915527344,50.70000076293945,359000,0.0,0.0
2024-06-26 00:00:00-04:00,50.0,50.560001373291016,48.5,50.18000030517578,356800,0.0,0.0
2024-06-27 00:00:00-04:00,50.22999954223633,50.540000915527344,49.5,50.310001373291016,234500,0.0,0.0
2024-06-28 00:00:00-04:00,50.4900016784668,50.970001220703125,49.599998474121094,50.22999954223633,631100,0.0,0.0
2024-07-01 00:00:00-04:00,49.880001068115234,50.38999938964844,47.869998931884766,49.459999084472656,473500,0.0,0.0
2024-07-02 00:00:00-04:00,49.56999969482422,49.88999938964844,48.81999969482422,49.86000061035156,405700,0.0,0.0
2024-07-03 00:00:00-04:00,50.459999084472656,50.68000030517578,49.54999923706055,49.709999084472656,213500,0.0,0.0
2024-07-05 00:00:00-04:00,49.560001373291016,49.560001373291016,45.25,45.310001373291016,723200,0.0,0.0
2024-07-08 00:00:00-04:00,44.66999816894531,47.130001068115234,43.90999984741211,45.560001373291016,772700,0.0,0.0
2024-07-09 00:00:00-04:00,45.290000915527344,46.54999923706055,44.630001068115234,45.08000183105469,1009900,0.0,0.0
2024-07-10 00:00:00-04:00,45.40999984741211,47.79999923706055,44.7599983215332,47.310001373291016,482300,0.0,0.0
2024-07-11 00:00:00-04:00,47.209999084472656,50.13999938964844,45.709999084472656,49.09000015258789,641100,0.0,0.0
2024-07-12 00:00:00-04:00,49.560001373291016,50.45000076293945,48.650001525878906,49.709999084472656,296500,0.0,0.0
2024-07-15 00:00:00-04:00,49.790000915527344,51.849998474121094,49.25,50.54999923706055,360800,0.0,0.0
2024-07-16 00:00:00-04:00,50.97999954223633,52.75,50.47999954223633,52.68000030517578,370600,0.0,0.0
2024-07-17 00:00:00-04:00,51.4900016784668,53.130001068115234,51.2599983215332,51.970001220703125,306000,0.0,0.0
2024-07-18 00:00:00-04:00,51.72999954223633,52.650001525878906,46.29999923706055,49.380001068115234,1270300,0.0,0.0
2024-07-19 00:00:00-04:00,49.220001220703125,49.220001220703125,46.25,47.38999938964844,733200,0.0,0.0
2024-07-22 00:00:00-04:00,47.22999954223633,48.220001220703125,46.04999923706055,48.18000030517578,600100,0.0,0.0
2024-07-23 00:00:00-04:00,47.79999923706055,49.4900016784668,47.65999984741211,49.27000045776367,272200,0.0,0.0
2024-07-24 00:00:00-04:00,49.099998474121094,50.13999938964844,47.90999984741211,48.06999969482422,241900,0.0,0.0
2024-07-25 00:00:00-04:00,47.869998931884766,52.720001220703125,47.31999969482422,51.0,504900,0.0,0.0
2024-07-26 00:00:00-04:00,51.56999969482422,53.13999938964844,50.349998474121094,52.90999984741211,311200,0.0,0.0
2024-07-29 00:00:00-04:00,52.90999984741211,52.90999984741211,51.119998931884766,51.58000183105469,195100,0.0,0.0
2024-07-30 00:00:00-04:00,52.08000183105469,55.2400016784668,51.869998931884766,54.900001525878906,495400,0.0,0.0
2024-07-31 00:00:00-04:00,54.900001525878906,58.54999923706055,54.41999816894531,56.06999969482422,696000,0.0,0.0
2024-08-01 00:00:00-04:00,56.06999969482422,56.54999923706055,48.310001373291016,49.83000183105469,984300,0.0,0.0
2024-08-02 00:00:00-04:00,48.0,48.459999084472656,43.5099983215332,43.65999984741211,720000,0.0,0.0
2024-08-05 00:00:00-04:00,40.58000183105469,43.36000061035156,38.790000915527344,42.08000183105469,634200,0.0,0.0
2024-08-06 00:00:00-04:00,42.16999816894531,42.88999938964844,41.45000076293945,42.290000915527344,366100,0.0,0.0
2024-08-07 00:00:00-04:00,42.7599983215332,43.0,39.060001373291016,39.130001068115234,517900,0.0,0.0
2024-08-08 00:00:00-04:00,39.560001373291016,41.09000015258789,39.560001373291016,40.900001525878906,444600,0.0,0.0
2024-08-09 00:00:00-04:00,40.88999938964844,40.88999938964844,38.4900016784668,38.630001068115234,407800,0.0,0.0
2024-08-12 00:00:00-04:00,38.619998931884766,38.709999084472656,36.09000015258789,36.56999969482422,470300,0.0,0.0
2024-08-13 00:00:00-04:00,36.79999923706055,38.0,36.709999084472656,37.20000076293945,279300,0.0,0.0
2024-08-14 00:00:00-04:00,37.599998474121094,37.75,36.310001373291016,36.36000061035156,276600,0.0,0.0
2024-08-15 00:00:00-04:00,37.75,41.060001373291016,37.5,40.529998779296875,532600,0.0,0.0
2024-08-16 00:00:00-04:00,40.150001525878906,41.130001068115234,38.88999938964844,39.099998474121094,322200,0.0,0.0
2024-08-19 00:00:00-04:00,39.16999816894531,40.47999954223633,39.15999984741211,39.90999984741211,299100,0.0,0.0
2024-08-20 00:00:00-04:00,39.810001373291016,40.81999969482422,39.709999084472656,40.20000076293945,307600,0.0,0.0
2024-08-21 00:00:00-04:00,41.040000915527344,41.349998474121094,40.2400016784668,41.119998931884766,292600,0.0,0.0
2024-08-22 00:00:00-04:00,41.43000030517578,41.75,40.75,40.90999984741211,265100,0.0,0.0
2024-08-23 00:00:00-04:00,41.5,44.93000030517578,41.20000076293945,44.779998779296875,351400,0.0,0.0
2024-08-26 00:00:00-04:00,45.0,45.18000030517578,42.36000061035156,42.61000061035156,376700,0.0,0.0
2024-08-27 00:00:00-04:00,42.54999923706055,43.33000183105469,41.75,43.08000183105469,268900,0.0,0.0
2024-08-28 00:00:00-04:00,42.63999938964844,42.86000061035156,40.880001068115234,41.720001220703125,257500,0.0,0.0
2024-08-29 00:00:00-04:00,42.20000076293945,43.5099983215332,41.65999984741211,42.459999084472656,197100,0.0,0.0
2024-08-30 00:00:00-04:00,43.040000915527344,43.70000076293945,41.91999816894531,42.08000183105469,215500,0.0,0.0
2024-09-03 00:00:00-04:00,41.06999969482422,41.939998626708984,40.72999954223633,41.060001373291016,298900,0.0,0.0
2024-09-04 00:00:00-04:00,40.810001373291016,42.15999984741211,40.18000030517578,40.75,296900,0.0,0.0
2024-09-05 00:00:00-04:00,41.220001220703125,42.91999816894531,40.84000015258789,40.95000076293945,251800,0.0,0.0
2024-09-06 00:00:00-04:00,40.7400016784668,41.59000015258789,40.529998779296875,40.63999938964844,245000,0.0,0.0
2024-09-09 00:00:00-04:00,40.70000076293945,41.75,40.25,41.650001525878906,338900,0.0,0.0
2024-09-10 00:00:00-04:00,41.72999954223633,41.72999954223633,39.099998474121094,40.02000045776367,357100,0.0,0.0
2024-09-11 00:00:00-04:00,40.02000045776367,41.400001525878906,39.310001373291016,41.27000045776367,457800,0.0,0.0
2024-09-12 00:00:00-04:00,41.970001220703125,42.880001068115234,40.220001220703125,41.869998931884766,352200,0.0,0.0
2024-09-13 00:00:00-04:00,42.709999084472656,43.599998474121094,41.2400016784668,41.54999923706055,651100,0.0,0.0
2024-09-16 00:00:00-04:00,41.650001525878906,42.189998626708984,40.56999969482422,41.06999969482422,333800,0.0,0.0
2024-09-17 00:00:00-04:00,42.029998779296875,43.939998626708984,41.279998779296875,42.27000045776367,295000,0.0,0.0
2024-09-18 00:00:00-04:00,41.93000030517578,44.81999969482422,41.93000030517578,42.84000015258789,369400,0.0,0.0
2024-09-19 00:00:00-04:00,44.56999969482422,44.959999084472656,42.45000076293945,43.060001373291016,333300,0.0,0.0
2024-09-20 00:00:00-04:00,44.15999984741211,46.439998626708984,42.689998626708984,45.810001373291016,751700,0.0,0.0
2024-09-23 00:00:00-04:00,45.9900016784668,47.0099983215332,45.15999984741211,46.150001525878906,392900,0.0,0.0
2024-09-24 00:00:00-04:00,46.27000045776367,48.849998474121094,46.27000045776367,48.5099983215332,326100,0.0,0.0
2024-09-25 00:00:00-04:00,48.56999969482422,48.88999938964844,46.900001525878906,47.040000915527344,286600,0.0,0.0
2024-09-26 00:00:00-04:00,48.119998931884766,51.11000061035156,48.119998931884766,49.7599983215332,366600,0.0,0.0
2024-09-27 00:00:00-04:00,50.400001525878906,53.08000183105469,50.150001525878906,52.900001525878906,563500,0.0,0.0
2024-09-30 00:00:00-04:00,52.61000061035156,55.279998779296875,52.43000030517578,55.060001373291016,545700,0.0,0.0
2024-10-01 00:00:00-04:00,54.9900016784668,56.470001220703125,54.20000076293945,56.40999984741211,623700,0.0,0.0
2024-10-02 00:00:00-04:00,55.630001068115234,55.720001220703125,54.18000030517578,55.04999923706055,340000,0.0,0.0
2024-10-03 00:00:00-04:00,55.06999969482422,55.650001525878906,53.91999816894531,55.0,467600,0.0,0.0
2024-10-04 00:00:00-04:00,55.959999084472656,59.97999954223633,55.29999923706055,57.810001373291016,437200,0.0,0.0
2024-10-07 00:00:00-04:00,57.439998626708984,58.47999954223633,55.79999923706055,57.65999984741211,717700,0.0,0.0
2024-10-08 00:00:00-04:00,57.65999984741211,58.119998931884766,55.619998931884766,55.91999816894531,468900,0.0,0.0
2024-10-09 00:00:00-04:00,55.97999954223633,57.08000183105469,54.56999969482422,55.06999969482422,428700,0.0,0.0
2024-10-10 00:00:00-04:00,54.5,57.5099983215332,53.619998931884766,57.33000183105469,486100,0.0,0.0
2024-10-11 00:00:00-04:00,56.7400016784668,58.38999938964844,56.36000061035156,58.369998931884766,322300,0.0,0.0
2024-10-14 00:00:00-04:00,58.2400016784668,58.45000076293945,56.68000030517578,57.619998931884766,259700,0.0,0.0
2024-10-15 00:00:00-04:00,57.970001220703125,61.2599983215332,57.849998474121094,59.29999923706055,347900,0.0,0.0
2024-10-16 00:00:00-04:00,60.06999969482422,62.45000076293945,59.0,62.380001068115234,487400,0.0,0.0
2024-10-17 00:00:00-04:00,61.810001373291016,63.709999084472656,60.27000045776367,63.150001525878906,437900,0.0,0.0
2024-10-18 00:00:00-04:00,63.36000061035156,66.69999694824219,62.709999084472656,65.66999816894531,455900,0.0,0.0
2024-10-21 00:00:00-04:00,64.4000015258789,64.4000015258789,62.86000061035156,63.380001068115234,403000,0.0,0.0
2024-10-22 00:00:00-04:00,64.05999755859375,64.2300033569336,62.47999954223633,62.869998931884766,333400,0.0,0.0
2024-10-23 00:00:00-04:00,62.689998626708984,63.77000045776367,61.22999954223633,63.470001220703125,301800,0.0,0.0
2024-10-24 00:00:00-04:00,63.68000030517578,64.75,62.560001373291016,63.7400016784668,280300,0.0,0.0
2024-10-25 00:00:00-04:00,64.22000122070312,64.81999969482422,61.959999084472656,62.279998779296875,272700,0.0,0.0
2024-10-28 00:00:00-04:00,63.97999954223633,64.43000030517578,63.08000183105469,63.79999923706055,368000,0.0,0.0
2024-10-29 00:00:00-04:00,62.810001373291016,62.810001373291016,59.41999816894531,60.689998626708984,570600,0.0,0.0
2024-10-30 00:00:00-04:00,60.33000183105469,63.61000061035156,60.2400016784668,62.959999084472656,710800,0.0,0.0
2024-10-31 00:00:00-04:00,56.5,65.01000213623047,54.869998931884766,65.01000213623047,948200,0.0,0.0
2024-11-01 00:00:00-04:00,64.81999969482422,65.94999694824219,61.939998626708984,63.0099983215332,644400,0.0,0.0
2024-11-04 00:00:00-05:00,63.04999923706055,66.26000213623047,62.33000183105469,65.95999908447266,381300,0.0,0.0
2024-11-05 00:00:00-05:00,65.51000213623047,68.62000274658203,65.43000030517578,66.25,457900,0.0,0.0
2024-11-06 00:00:00-05:00,69.86000061035156,74.3499984741211,66.69999694824219,73.87000274658203,838200,0.0,0.0
2024-11-07 00:00:00-05:00,72.94000244140625,74.41000366210938,71.0999984741211,71.11000061035156,464900,0.0,0.0
2024-11-08 00:00:00-05:00,71.11000061035156,74.27999877929688,70.3499984741211,73.72000122070312,450600,0.0,0.0
2024-11-11 00:00:00-05:00,73.30000305175781,75.87000274658203,72.83999633789062,74.83000183105469,525900,0.0,0.0
2024-11-12 00:00:00-05:00,74.12999725341797,74.72000122070312,72.55999755859375,74.54000091552734,330200,0.0,0.0
2024-11-13 00:00:00-05:00,75.04000091552734,77.26000213623047,73.83999633789062,74.54000091552734,362400,0.0,0.0
2024-11-14 00:00:00-05:00,75.94999694824219,77.55999755859375,74.87999725341797,76.08000183105469,310000,0.0,0.0
2024-11-15 00:00:00-05:00,76.25,78.19000244140625,75.79000091552734,77.69000244140625,487600,0.0,0.0
2024-11-18 00:00:00-05:00,77.87000274658203,77.87000274658203,74.16000366210938,74.19999694824219,405300,0.0,0.0
2024-11-19 00:00:00-05:00,71.69999694824219,73.58000183105469,70.33000183105469,70.79000091552734,442900,0.0,0.0
2024-11-20 00:00:00-05:00,70.0199966430664,73.0,69.70999908447266,72.69999694824219,346600,0.0,0.0
2024-11-21 00:00:00-05:00,72.58000183105469,76.02999877929688,72.55999755859375,75.16999816894531,315400,0.0,0.0
2024-11-22 00:00:00-05:00,75.86000061035156,79.30000305175781,75.25,79.08999633789062,377000,0.0,0.0
2024-11-25 00:00:00-05:00,81.5,86.94000244140625,81.5,84.01000213623047,644700,0.0,0.0
2024-11-26 00:00:00-05:00,83.12000274658203,84.79000091552734,80.36000061035156,80.73999786376953,285200,0.0,0.0
2024-11-27 00:00:00-05:00,80.7699966430664,82.55000305175781,80.26000213623047,81.0199966430664,251300,0.0,0.0
2024-11-29 00:00:00-05:00,80.62999725341797,83.16000366210938,80.62999725341797,81.83999633789062,167600,0.0,0.0
2024-12-02 00:00:00-05:00,81.83999633789062,82.0,79.55000305175781,80.7699966430664,304100,0.0,0.0
2024-12-03 00:00:00-05:00,80.4800033569336,80.8499984741211,78.7300033569336,79.04000091552734,218500,0.0,0.0
2024-12-04 00:00:00-05:00,80.41999816894531,83.33999633789062,80.25,82.9000015258789,254100,0.0,0.0
2024-12-05 00:00:00-05:00,84.1500015258789,86.20999908447266,80.52999877929688,81.12000274658203,243900,0.0,0.0
2024-12-06 00:00:00-05:00,82.47000122070312,82.9000015258789,79.41999816894531,79.83999633789062,227200,0.0,0.0
2024-12-09 00:00:00-05:00,81.08999633789062,84.16999816894531,80.05000305175781,82.26000213623047,285900,0.0,0.0
2024-12-10 00:00:00-05:00,82.33999633789062,83.81999969482422,81.08000183105469,82.77999877929688,252500,0.0,0.0
2024-12-11 00:00:00-05:00,83.05999755859375,87.66999816894531,83.05999755859375,86.69999694824219,387800,0.0,0.0
2024-12-12 00:00:00-05:00,88.0,94.44999694824219,87.05999755859375,87.33999633789062,529600,0.0,0.0
2024-12-13 00:00:00-05:00,87.69999694824219,87.69999694824219,84.44999694824219,84.9000015258789,774700,0.0,0.0
2024-12-16 00:00:00-05:00,84.91999816894531,86.16999816894531,83.08999633789062,84.41999816894531,272800,0.0,0.0
2024-12-17 00:00:00-05:00,84.81999969482422,85.91999816894531,83.3499984741211,83.7300033569336,268400,0.0,0.0
2024-12-18 00:00:00-05:00,84.80000305175781,87.95999908447266,79.61000061035156,80.8499984741211,330100,0.0,0.0
2024-12-19 00:00:00-05:00,81.91000366210938,84.08999633789062,80.61000061035156,82.12000274658203,184000,0.0,0.0
2024-12-20 00:00:00-05:00,80.56999969482422,85.55999755859375,80.56999969482422,84.47000122070312,397700,0.0,0.0
2024-12-23 00:00:00-05:00,84.01000213623047,87.98999786376953,83.98999786376953,87.30000305175781,258800,0.0,0.0
2024-12-24 00:00:00-05:00,87.20999908447266,90.33999633789062,87.0,90.33999633789062,182700,0.0,0.0
2024-12-26 00:00:00-05:00,88.76000213623047,92.22000122070312,88.06999969482422,91.41000366210938,309800,0.0,0.0
2024-12-27 00:00:00-05:00,90.56999969482422,91.66000366210938,88.87999725341797,91.11000061035156,226400,0.0,0.0
2024-12-30 00:00:00-05:00,91.08000183105469,92.62000274658203,88.88999938964844,92.23999786376953,246000,0.0,0.0
2024-12-31 00:00:00-05:00,93.0,94.52999877929688,91.5999984741211,94.12000274658203,338800,0.0,0.0
2025-01-02 00:00:00-05:00,95.0,96.93000030517578,91.69000244140625,91.94999694824219,268100,0.0,0.0
2025-01-03 00:00:00-05:00,92.13999938964844,94.02999877929688,88.94999694824219,93.93000030517578,258200,0.0,0.0
2025-01-06 00:00:00-05:00,95.02999877929688,100.12000274658203,94.88999938964844,98.12000274658203,428400,0.0,0.0
2025-01-07 00:00:00-05:00,99.66000366210938,101.0,97.36000061035156,99.12000274658203,280000,0.0,0.0
2025-01-08 00:00:00-05:00,97.79000091552734,100.0999984741211,94.29000091552734,99.30000305175781,258500,0.0,0.0
2025-01-10 00:00:00-05:00,99.72000122070312,101.70999908447266,96.73999786376953,100.94000244140625,341900,0.0,0.0
2025-01-13 00:00:00-05:00,98.5999984741211,100.9800033569336,94.66999816894531,97.25,310800,0.0,0.0
2025-01-14 00:00:00-05:00,98.98999786376953,101.0,98.01000213623047,100.97000122070312,340700,0.0,0.0
2025-01-15 00:00:00-05:00,103.43000030517578,105.1500015258789,101.81999969482422,102.12000274658203,290000,0.0,0.0
2025-01-16 00:00:00-05:00,102.0,103.87000274658203,101.48999786376953,102.33999633789062,214100,0.0,0.0
2025-01-17 00:00:00-05:00,104.83999633789062,105.0199966430664,102.44999694824219,102.98999786376953,208800,0.0,0.0
2025-01-21 00:00:00-05:00,104.02999877929688,106.87000274658203,103.18000030517578,105.30000305175781,269200,0.0,0.0
2025-01-22 00:00:00-05:00,105.63999938964844,106.37999725341797,103.51000213623047,104.31999969482422,268500,0.0,0.0
2025-01-23 00:00:00-05:00,103.87000274658203,104.45999908447266,100.87000274658203,102.0,322400,0.0,0.0
2025-01-24 00:00:00-05:00,101.9800033569336,104.11000061035156,100.12999725341797,102.7300033569336,192400,0.0,0.0
2025-01-27 00:00:00-05:00,102.01000213623047,106.16000366210938,101.80999755859375,104.23999786376953,362800,0.0,0.0
2025-01-28 00:00:00-05:00,102.36000061035156,104.29000091552734,100.9000015258789,103.02999877929688,248700,0.0,0.0
2025-01-29 00:00:00-05:00,103.18000030517578,104.5999984741211,102.37999725341797,103.36000061035156,317100,0.0,0.0
2025-01-30 00:00:00-05:00,102.88999938964844,105.41000366210938,102.22000122070312,104.05999755859375,281300,0.0,0.0
2025-01-31 00:00:00-05:00,104.26000213623047,107.56999969482422,102.08000183105469,102.43000030517578,251400,0.0,0.0
2025-02-03 00:00:00-05:00,99.0,100.5199966430664,97.19000244140625,97.80999755859375,455500,0.0,0.0
2025-02-04 00:00:00-05:00,98.63999938964844,100.87999725341797,97.56999969482422,99.11000061035156,569800,0.0,0.0
2025-02-05 00:00:00-05:00,97.19999694824219,97.19999694824219,80.4800033569336,83.93000030517578,1197500,0.0,0.0
2025-02-06 00:00:00-05:00,84.37999725341797,89.44999694824219,83.4000015258789,89.29000091552734,561200,0.0,0.0
2025-02-07 00:00:00-05:00,91.41000366210938,93.36000061035156,89.69000244140625,90.48999786376953,348200,0.0,0.0
2025-02-10 00:00:00-05:00,90.41000366210938,90.51000213623047,86.37000274658203,88.3499984741211,291700,0.0,0.0
2025-02-11 00:00:00-05:00,87.4000015258789,90.41000366210938,85.30000305175781,85.63999938964844,481400,0.0,0.0
2025-02-12 00:00:00-05:00,84.41000366210938,86.31999969482422,84.0,84.81999969482422,287400,0.0,0.0
2025-02-13 00:00:00-05:00,84.9000015258789,86.83000183105469,80.3499984741211,81.55000305175781,339200,0.0,0.0
2025-02-14 00:00:00-05:00,82.4000015258789,84.52999877929688,82.1500015258789,83.26000213623047,390600,0.0,0.0
2025-02-18 00:00:00-05:00,84.0,85.5199966430664,83.20999908447266,84.88999938964844,429500,0.0,0.0
2025-02-19 00:00:00-05:00,83.80000305175781,86.66999816894531,83.04000091552734,85.72000122070312,335000,0.0,0.0
2025-02-20 00:00:00-05:00,85.25,86.33000183105469,82.36000061035156,85.97000122070312,328900,0.0,0.0
2025-02-21 00:00:00-05:00,86.80000305175781,88.30999755859375,79.63999938964844,81.63999938964844,347000,0.0,0.0
2025-02-24 00:00:00-05:00,82.77999877929688,83.47000122070312,81.27999877929688,81.61000061035156,288800,0.0,0.0
2025-02-25 00:00:00-05:00,81.61000061035156,82.79000091552734,76.41999816894531,77.5,388400,0.0,0.0
2025-02-26 00:00:00-05:00,78.23999786376953,80.05000305175781,76.36000061035156,76.4000015258789,371800,0.0,0.0
2025-02-27 00:00:00-05:00,76.88999938964844,78.62000274658203,72.69999694824219,74.62000274658203,370200,0.0,0.0
2025-02-28 00:00:00-05:00,74.26000213623047,75.87999725341797,71.86000061035156,73.5,378400,0.0,0.0
2025-03-03 00:00:00-05:00,71.87999725341797,74.37000274658203,69.2699966430664,69.4800033569336,331600,0.0,0.0
2025-03-04 00:00:00-05:00,67.87000274658203,68.25,62.459999084472656,62.88999938964844,764200,0.0,0.0
2025-03-05 00:00:00-05:00,63.86000061035156,66.5,62.099998474121094,65.93000030517578,709500,0.0,0.0
2025-03-06 00:00:00-05:00,64.75,65.26000213623047,62.2599983215332,62.77000045776367,439300,0.0,0.0
2025-03-07 00:00:00-05:00,62.16999816894531,63.13999938964844,58.709999084472656,60.7599983215332,823600,0.0,0.0
2025-03-10 00:00:00-04:00,58.31999969482422,58.560001373291016,51.93000030517578,55.709999084472656,1013300,0.0,0.0
2025-03-11 00:00:00-04:00,55.810001373291016,58.41999816894531,55.34000015258789,56.5099983215332,621100,0.0,0.0
2025-03-12 00:00:00-04:00,57.20000076293945,57.20000076293945,53.439998626708984,54.790000915527344,448000,0.0,0.0
2025-03-13 00:00:00-04:00,54.439998626708984,55.33000183105469,52.220001220703125,53.4900016784668,389400,0.0,0.0
2025-03-14 00:00:00-04:00,54.41999816894531,54.900001525878906,52.72999954223633,54.22999954223633,1136000,0.0,0.0
2025-03-17 00:00:00-04:00,54.099998474121094,54.75,51.58000183105469,54.209999084472656,692200,0.0,0.0
2025-03-18 00:00:00-04:00,53.13999938964844,54.040000915527344,52.02000045776367,52.41999816894531,462800,0.0,0.0
2025-03-19 00:00:00-04:00,52.400001525878906,56.709999084472656,52.119998931884766,55.970001220703125,546200,0.0,0.0
2025-03-20 00:00:00-04:00,54.06999969482422,54.90999984741211,52.77000045776367,53.029998779296875,518800,0.0,0.0
2025-03-21 00:00:00-04:00,52.41999816894531,55.0,51.54999923706055,54.959999084472656,601800,0.0,0.0
2025-03-24 00:00:00-04:00,56.31999969482422,57.08000183105469,55.27000045776367,56.22999954223633,395100,0.0,0.0
2025-03-25 00:00:00-04:00,56.54999923706055,56.88999938964844,54.72999954223633,55.13999938964844,352800,0.0,0.0
2025-03-26 00:00:00-04:00,55.13999938964844,56.2400016784668,54.709999084472656,55.91999816894531,275000,0.0,0.0
2025-03-27 00:00:00-04:00,55.630001068115234,55.72999954223633,53.630001068115234,54.900001525878906,342900,0.0,0.0
2025-03-28 00:00:00-04:00,54.560001373291016,54.959999084472656,52.38999938964844,53.220001220703125,266500,0.0,0.0
2025-03-31 00:00:00-04:00,51.7599983215332,52.119998931884766,49.619998931884766,51.650001525878906,424700,0.0,0.0
2025-04-01 00:00:00-04:00,50.97999954223633,51.83000183105469,49.63999938964844,50.849998474121094,436000,0.0,0.0
2025-04-02 00:00:00-04:00,51.689998626708984,56.0,51.689998626708984,55.45000076293945,410800,0.0,0.0
2025-04-03 00:00:00-04:00,50.869998931884766,51.709999084472656,47.75,48.709999084472656,623500,0.0,0.0
2025-04-04 00:00:00-04:00,47.0,47.369998931884766,43.31999969482422,46.54999923706055,701000,0.0,0.0
2025-04-07 00:00:00-04:00,41.40999984741211,49.400001525878906,41.029998779296875,45.91999816894531,698600,0.0,0.0
2025-04-08 00:00:00-04:00,47.599998474121094,48.099998474121094,41.63999938964844,42.33000183105469,670100,0.0,0.0
2025-04-09 00:00:00-04:00,42.400001525878906,51.939998626708984,42.22999954223633,50.34000015258789,820500,0.0,0.0
2025-04-10 00:00:00-04:00,49.0,49.0,45.0,46.380001068115234,647500,0.0,0.0
2025-04-11 00:00:00-04:00,45.939998626708984,46.880001068115234,44.599998474121094,46.5099983215332,314200,0.0,0.0
2025-04-14 00:00:00-04:00,47.470001220703125,47.470001220703125,44.560001373291016,44.93000030517578,408800,0.0,0.0
2025-04-15 00:00:00-04:00,44.5,46.33000183105469,44.5,45.099998474121094,318700,0.0,0.0
2025-04-16 00:00:00-04:00,45.45000076293945,45.79999923706055,42.279998779296875,43.380001068115234,383900,0.0,0.0
2025-04-17 00:00:00-04:00,43.380001068115234,44.400001525878906,42.20000076293945,44.15999984741211,371900,0.0,0.0
2025-04-21 00:00:00-04:00,43.22999954223633,43.38999938964844,40.5,40.900001525878906,561900,0.0,0.0
2025-04-22 00:00:00-04:00,41.70000076293945,41.90999984741211,39.79999923706055,41.720001220703125,648200,0.0,0.0
2025-04-23 00:00:00-04:00,44.81999969482422,48.540000915527344,44.630001068115234,45.61000061035156,774600,0.0,0.0
2025-04-24 00:00:00-04:00,44.369998931884766,47.15999984741211,44.0099983215332,46.970001220703125,265300,0.0,0.0
2025-04-25 00:00:00-04:00,46.439998626708984,47.029998779296875,45.0,46.119998931884766,298000,0.0,0.0
2025-04-28 00:00:00-04:00,46.439998626708984,47.810001373291016,45.40999984741211,45.84000015258789,283400,0.0,0.0
2025-04-29 00:00:00-04:00,45.70000076293945,46.84000015258789,44.7599983215332,46.58000183105469,439300,0.0,0.0
2025-04-30 00:00:00-04:00,44.90999984741211,47.08000183105469,43.38999938964844,46.93000030517578,553700,0.0,0.0
2025-05-01 00:00:00-04:00,47.029998779296875,48.959999084472656,47.029998779296875,47.720001220703125,535500,0.0,0.0
2025-05-02 00:00:00-04:00,48.810001373291016,52.13999938964844,48.43000030517578,50.95000076293945,476200,0.0,0.0
2025-05-05 00:00:00-04:00,49.7599983215332,52.91999816894531,49.25,50.43000030517578,590300,0.0,0.0
2025-05-06 00:00:00-04:00,49.38999938964844,50.970001220703125,48.540000915527344,49.40999984741211,586700,0.0,0.0
2025-05-07 00:00:00-04:00,53.630001068115234,54.5,49.83000183105469,51.220001220703125,748600,0.0,0.0
2025-05-08 00:00:00-04:00,51.29999923706055,55.86000061035156,51.29999923706055,54.599998474121094,814100,0.0,0.0
2025-05-09 00:00:00-04:00,54.790000915527344,55.119998931884766,53.56999969482422,54.45000076293945,324500,0.0,0.0
2025-05-12 00:00:00-04:00,59.02000045776367,60.88999938964844,57.56999969482422,59.349998474121094,585600,0.0,0.0
2025-05-13 00:00:00-04:00,60.189998626708984,60.849998474121094,58.150001525878906,58.34000015258789,518500,0.0,0.0
2025-05-14 00:00:00-04:00,58.189998626708984,58.5099983215332,55.439998626708984,56.33000183105469,503700,0.0,0.0
2025-05-15 00:00:00-04:00,56.84000015258789,57.08000183105469,53.790000915527344,55.2599983215332,608300,0.0,0.0
2025-05-16 00:00:00-04:00,55.2599983215332,56.810001373291016,54.7599983215332,56.130001068115234,357700,0.0,0.0
2025-05-19 00:00:00-04:00,55.5,55.81999969482422,54.34000015258789,55.11000061035156,363600,0.0,0.0
2025-05-20 00:00:00-04:00,55.06999969482422,55.5099983215332,54.40999984741211,55.40999984741211,327000,0.0,0.0
2025-05-21 00:00:00-04:00,54.2400016784668,54.47999954223633,51.41999816894531,51.459999084472656,494500,0.0,0.0
2025-05-22 00:00:00-04:00,51.08000183105469,53.22999954223633,51.08000183105469,52.9900016784668,531200,0.0,0.0
2025-05-23 00:00:00-04:00,51.349998474121094,52.560001373291016,51.0,52.34000015258789,247200,0.0,0.0
2025-05-27 00:00:00-04:00,53.380001068115234,55.900001525878906,53.040000915527344,55.88999938964844,351400,0.0,0.0
2025-05-28 00:00:00-04:00,56.75,57.13999938964844,55.709999084472656,56.5099983215332,412000,0.0,0.0
2025-05-29 00:00:00-04:00,57.5,57.970001220703125,55.400001525878906,55.689998626708984,409800,0.0,0.0
2025-05-30 00:00:00-04:00,55.220001220703125,56.560001373291016,54.869998931884766,55.58000183105469,445600,0.0,0.0
2025-06-02 00:00:00-04:00,55.61000061035156,56.04999923706055,53.9900016784668,55.150001525878906,392900,0.0,0.0
2025-06-03 00:00:00-04:00,55.5,58.0,54.7400016784668,57.459999084472656,510200,0.0,0.0
2025-06-04 00:00:00-04:00,57.61000061035156,58.22999954223633,56.380001068115234,56.380001068115234,294500,0.0,0.0
2025-06-05 00:00:00-04:00,55.97999954223633,57.04999923706055,54.439998626708984,54.90999984741211,236500,0.0,0.0
2025-06-06 00:00:00-04:00,56.2599983215332,58.349998474121094,55.689998626708984,58.25,312300,0.0,0.0
2025-06-09 00:00:00-04:00,59.099998474121094,59.810001373291016,56.18000030517578,57.16999816894531,414900,0.0,0.0
2025-06-10 00:00:00-04:00,57.47999954223633,58.439998626708984,56.70000076293945,58.04999923706055,251700,0.0,0.0
2025-06-11 00:00:00-04:00,58.4900016784668,58.4900016784668,54.27000045776367,54.59000015258789,293000,0.0,0.0
2025-06-12 00:00:00-04:00,53.470001220703125,54.2599983215332,52.40999984741211,53.689998626708984,344300,0.0,0.0
2025-06-13 00:00:00-04:00,51.099998474121094,52.5,50.0099983215332,51.04999923706055,653500,0.0,0.0
2025-06-16 00:00:00-04:00,52.380001068115234,54.27000045776367,51.75,54.2400016784668,384700,0.0,0.0
2025-06-17 00:00:00-04:00,53.630001068115234,54.5,51.849998474121094,52.27000045776367,448900,0.0,0.0
2025-06-18 00:00:00-04:00,52.029998779296875,52.75,51.09000015258789,51.11000061035156,301800,0.0,0.0
2025-06-20 00:00:00-04:00,51.65999984741211,52.040000915527344,49.95000076293945,50.220001220703125,357000,0.0,0.0
2025-06-23 00:00:00-04:00,49.47999954223633,51.77000045776367,48.36000061035156,51.56999969482422,307900,0.0,0.0
2025-06-24 00:00:00-04:00,53.16999816894531,54.650001525878906,52.61000061035156,54.02000045776367,296200,0.0,0.0
2025-06-25 00:00:00-04:00,53.70000076293945,56.220001220703125,53.70000076293945,54.279998779296875,365600,0.0,0.0
2025-06-26 00:00:00-04:00,54.369998931884766,55.7599983215332,54.06999969482422,54.650001525878906,201100,0.0,0.0
2025-06-27 00:00:00-04:00,56.27000045776367,56.70000076293945,54.77000045776367,55.709999084472656,550500,0.0,0.0
2025-06-30 00:00:00-04:00,56.220001220703125,56.220001220703125,54.459999084472656,54.95000076293945,318200,0.0,0.0
2025-07-01 00:00:00-04:00,56.13999938964844,59.93000030517578,54.900001525878906,58.369998931884766,873400,0.0,0.0
2025-07-02 00:00:00-04:00,58.209999084472656,59.5099983215332,57.5099983215332,59.08000183105469,237000,0.0,0.0
2025-07-03 00:00:00-04:00,59.400001525878906,61.54999923706055,59.400001525878906,60.290000915527344,325100,0.0,0.0
2025-07-07 00:00:00-04:00,58.65999984741211,60.16999816894531,55.31999969482422,55.40999984741211,687900,0.0,0.0
2025-07-08 00:00:00-04:00,55.689998626708984,57.36000061035156,54.36000061035156,54.529998779296875,410800,0.0,0.0
2025-07-09 00:00:00-04:00,55.119998931884766,56.52000045776367,52.70000076293945,52.779998779296875,405200,0.0,0.0
2025-07-10 00:00:00-04:00,56.0099983215332,60.0,54.540000915527344,58.59000015258789,730900,0.0,0.0
2025-07-11 00:00:00-04:00,57.36000061035156,57.869998931884766,54.400001525878906,54.52000045776367,526700,0.0,0.0
2025-07-14 00:00:00-04:00,54.5099983215332,54.7599983215332,53.5,54.209999084472656,386700,0.0,0.0
2025-07-15 00:00:00-04:00,54.20000076293945,54.95000076293945,52.400001525878906,52.459999084472656,339800,0.0,0.0
2025-07-16 00:00:00-04:00,53.31999969482422,53.68000030517578,50.56999969482422,52.5099983215332,388400,0.0,0.0
2025-07-17 00:00:00-04:00,53.20000076293945,55.02000045776367,51.77000045776367,52.29999923706055,413900,0.0,0.0
2025-07-18 00:00:00-04:00,52.470001220703125,53.209999084472656,50.61000061035156,51.689998626708984,300400,0.0,0.0
2025-07-21 00:00:00-04:00,52.310001373291016,52.529998779296875,51.04999923706055,51.45000076293945,313200,0.0,0.0
2025-07-22 00:00:00-04:00,51.40999984741211,52.72999954223633,51.130001068115234,52.47999954223633,322200,0.0,0.0
2025-07-23 00:00:00-04:00,53.130001068115234,54.38999938964844,52.77000045776367,54.119998931884766,294600,0.0,0.0
2025-07-24 00:00:00-04:00,52.540000915527344,53.77000045776367,50.15999984741211,50.349998474121094,553800,0.0,0.0
2025-07-25 00:00:00-04:00,50.33000183105469,50.70000076293945,49.380001068115234,50.630001068115234,405100,0.0,0.0
2025-07-28 00:00:00-04:00,51.0099983215332,51.65999984741211,50.13999938964844,51.290000915527344,455600,0.0,0.0
2025-07-29 00:00:00-04:00,51.290000915527344,52.459999084472656,50.4900016784668,50.790000915527344,335700,0.0,0.0
2025-07-30 00:00:00-04:00,50.91999816894531,52.130001068115234,50.16999816894531,50.66999816894531,350000,0.0,0.0
2025-07-31 00:00:00-04:00,50.58000183105469,52.959999084472656,50.119998931884766,51.63999938964844,379800,0.0,0.0
2025-08-01 00:00:00-04:00,50.0,50.189998626708984,47.79999923706055,48.119998931884766,599800,0.0,0.0
2025-08-04 00:00:00-04:00,48.90999984741211,48.90999984741211,47.599998474121094,48.59000015258789,462500,0.0,0.0
2025-08-05 00:00:00-04:00,50.369998931884766,50.369998931884766,42.560001373291016,48.869998931884766,1325200,0.0,0.0
2025-08-06 00:00:00-04:00,47.599998474121094,50.36000061035156,47.27000045776367,50.29999923706055,692800,0.0,0.0
2025-08-07 00:00:00-04:00,50.43000030517578,50.790000915527344,48.540000915527344,49.47999954223633,364700,0.0,0.0
2025-08-08 00:00:00-04:00,49.689998626708984,49.689998626708984,48.310001373291016,48.939998626708984,436300,0.0,0.0
2025-08-11 00:00:00-04:00,49.029998779296875,49.58000183105469,47.83000183105469,49.040000915527344,511800,0.0,0.0
2025-08-12 00:00:00-04:00,49.880001068115234,57.0099983215332,49.20000076293945,56.7599983215332,744700,0.0,0.0
2025-08-13 00:00:00-04:00,56.7400016784668,61.83000183105469,56.34000015258789,61.310001373291016,805000,0.0,0.0
2025-08-14 00:00:00-04:00,59.939998626708984,61.040000915527344,59.029998779296875,59.900001525878906,570000,0.0,0.0
2025-08-15 00:00:00-04:00,60.4900016784668,60.91999816894531,58.869998931884766,59.779998779296875,424200,0.0,0.0
2025-08-18 00:00:00-04:00,58.599998474121094,59.91999816894531,57.29999923706055,57.36000061035156,550200,0.0,0.0
2025-08-19 00:00:00-04:00,57.56999969482422,58.650001525878906,56.93000030517578,57.18000030517578,307200,0.0,0.0
2025-08-20 00:00:00-04:00,56.7400016784668,56.86000061035156,55.43000030517578,55.939998626708984,286100,0.0,0.0
2025-08-21 00:00:00-04:00,55.189998626708984,55.97999954223633,53.70000076293945,55.900001525878906,322600,0.0,0.0
2025-08-22 00:00:00-04:00,56.63999938964844,61.2599983215332,56.63999938964844,60.599998474121094,438400,0.0,0.0
2025-08-25 00:00:00-04:00,59.97999954223633,60.97999954223633,59.16999816894531,59.599998474121094,258600,0.0,0.0
2025-08-26 00:00:00-04:00,60.060001373291016,62.150001525878906,59.650001525878906,62.040000915527344,358500,0.0,0.0
2025-08-27 00:00:00-04:00,61.88999938964844,63.88999938964844,61.88999938964844,62.5099983215332,442200,0.0,0.0
2025-08-28 00:00:00-04:00,63.040000915527344,63.70000076293945,61.20000076293945,62.29999923706055,311300,0.0,0.0
2025-08-29 00:00:00-04:00,62.029998779296875,62.97999954223633,61.70000076293945,62.65999984741211,194900,0.0,0.0
2025-09-02 00:00:00-04:00,61.2400016784668,66.0,61.2400016784668,64.48999786376953,344300,0.0,0.0
2025-09-03 00:00:00-04:00,64.37000274658203,66.83000183105469,64.37000274658203,65.83999633789062,337500,0.0,0.0
2025-09-04 00:00:00-04:00,66.30999755859375,67.18000030517578,63.689998626708984,64.2699966430664,313100,0.0,0.0
2025-09-05 00:00:00-04:00,64.58000183105469,67.33999633789062,64.4000015258789,64.52999877929688,433000,0.0,0.0
2025-09-08 00:00:00-04:00,64.4000015258789,65.0,60.720001220703125,62.540000915527344,341100,0.0,0.0
2025-09-09 00:00:00-04:00,62.47999954223633,62.959999084472656,60.58000183105469,60.7599983215332,531400,0.0,0.0
2025-09-10 00:00:00-04:00,60.290000915527344,64.19999694824219,60.0,62.95000076293945,424900,0.0,0.0
2025-09-11 00:00:00-04:00,63.97999954223633,65.19000244140625,62.65999984741211,64.7699966430664,285500,0.0,0.0
2025-09-12 00:00:00-04:00,64.83000183105469,65.47000122070312,64.01000213623047,64.73999786376953,364000,0.0,0.0
2025-09-15 00:00:00-04:00,64.87999725341797,65.5199966430664,61.2400016784668,61.47999954223633,389000,0.0,0.0
2025-09-16 00:00:00-04:00,61.47999954223633,63.5,60.47999954223633,63.45000076293945,294800,0.0,0.0
2025-09-17 00:00:00-04:00,64.06999969482422,65.5,61.68000030517578,62.060001373291016,356900,0.0,0.0
2025-09-18 00:00:00-04:00,62.70000076293945,63.31999969482422,60.349998474121094,62.5099983215332,494800,0.0,0.0
2025-09-19 00:00:00-04:00,62.869998931884766,62.869998931884766,60.29999923706055,61.0,712200,0.0,0.0
2025-09-22 00:00:00-04:00,60.5,61.900001525878906,59.97999954223633,61.45000076293945,290300,0.0,0.0
2025-09-23 00:00:00-04:00,61.5,64.5,60.83000183105469,61.97999954223633,316200,0.0,0.0
2025-09-24 00:00:00-04:00,62.43000030517578,64.23999786376953,60.36000061035156,61.22999954223633,260000,0.0,0.0
2025-09-25 00:00:00-04:00,61.029998779296875,61.029998779296875,59.13999938964844,59.2599983215332,298300,0.0,0.0
2025-09-26 00:00:00-04:00,59.529998779296875,61.18000030517578,59.34000015258789,60.58000183105469,216300,0.0,0.0
2025-09-29 00:00:00-04:00,61.5099983215332,62.900001525878906,59.369998931884766,62.77000045776367,293200,0.0,0.0
2025-09-30 00:00:00-04:00,62.72999954223633,63.0,60.029998779296875,60.77000045776367,247900,0.0,0.0
2025-10-01 00:00:00-04:00,61.20000076293945,61.88999938964844,59.38999938964844,59.470001220703125,280200,0.0,0.0
2025-10-02 00:00:00-04:00,59.58000183105469,60.0099983215332,58.0,59.939998626708984,273800,0.0,0.0
2025-10-03 00:00:00-04:00,61.599998474121094,63.86000061035156,60.2599983215332,62.790000915527344,402300,0.0,0.0
2025-10-06 00:00:00-04:00,63.439998626708984,64.19999694824219,61.380001068115234,63.91999816894531,228800,0.0,0.0
2025-10-07 00:00:00-04:00,63.900001525878906,63.900001525878906,60.959999084472656,62.119998931884766,347300,0.0,0.0
2025-10-08 00:00:00-04:00,62.459999084472656,63.13999938964844,60.9900016784668,62.29999923706055,220800,0.0,0.0
2025-10-09 00:00:00-04:00,63.630001068115234,64.98999786376953,60.16999816894531,60.7400016784668,318700,0.0,0.0
2025-10-10 00:00:00-04:00,61.06999969482422,61.81999969482422,58.130001068115234,58.75,278800,0.0,0.0
2025-10-13 00:00:00-04:00,60.150001525878906,61.40999984741211,59.52000045776367,61.040000915527344,125800,0.0,0.0
2025-10-14 00:00:00-04:00,60.220001220703125,65.87999725341797,60.220001220703125,65.12000274658203,236900,0.0,0.0
2025-10-15 00:00:00-04:00,65.12999725341797,65.77999877929688,64.13999938964844,65.58999633789062,164300,0.0,0.0
2025-10-16 00:00:00-04:00,65.16999816894531,66.12000274658203,61.41999816894531,65.5999984741211,471700,0.0,0.0
2025-10-17 00:00:00-04:00,64.68000030517578,64.8499984741211,63.5,63.95000076293945,302500,0.0,0.0
2025-10-20 00:00:00-04:00,64.0,66.80000305175781,63.66999816894531,65.91000366210938,195100,0.0,0.0
2025-10-21 00:00:00-04:00,65.20999908447266,68.5199966430664,65.19999694824219,67.9000015258789,470600,0.0,0.0
2025-10-22 00:00:00-04:00,67.88999938964844,68.5,66.19999694824219,66.36000061035156,282600,0.0,0.0
2025-10-23 00:00:00-04:00,66.55000305175781,66.98999786376953,64.29000091552734,64.79000091552734,296600,0.0,0.0
2025-10-24 00:00:00-04:00,64.79000091552734,67.05000305175781,64.79000091552734,66.51000213623047,262000,0.0,0.0
2025-10-27 00:00:00-04:00,66.61000061035156,67.87999725341797,65.29000091552734,65.47000122070312,233500,0.0,0.0
2025-10-28 00:00:00-04:00,65.0,65.30000305175781,62.5,63.29999923706055,233400,0.0,0.0
2025-10-29 00:00:00-04:00,62.310001373291016,64.05000305175781,61.599998474121094,62.43000030517578,200100,0.0,0.0
2025-10-30 00:00:00-04:00,62.25,63.27000045776367,60.72999954223633,61.09000015258789,199500,0.0,0.0
2025-10-31 00:00:00-04:00,60.58000183105469,62.279998779296875,60.34000015258789,62.18000030517578,312300,0.0,0.0
2025-11-03 00:00:00-05:00,62.18000030517578,63.209999084472656,60.880001068115234,61.93000030517578,257600,0.0,0.0
2025-11-04 00:00:00-05:00,60.900001525878906,61.22999954223633,57.11000061035156,58.029998779296875,515900,0.0,0.0
2025-11-05 00:00:00-05:00,59.880001068115234,72.7300033569336,59.029998779296875,72.56999969482422,1081500,0.0,0.0
2025-11-06 00:00:00-05:00,69.81999969482422,71.30000305175781,67.19999694824219,68.91000366210938,399900,0.0,0.0
2025-11-07 00:00:00-05:00,67.41000366210938,71.75,65.66999816894531,70.88999938964844,369800,0.0,0.0
2025-11-10 00:00:00-05:00,72.37000274658203,72.45999908447266,68.12000274658203,68.31999969482422,278500,0.0,0.0
2025-11-11 00:00:00-05:00,68.0,69.81999969482422,66.33999633789062,66.76000213623047,327200,0.0,0.0
2025-11-12 00:00:00-05:00,66.63999938964844,69.72000122070312,66.61000061035156,69.06999969482422,305400,0.0,0.0
2025-11-13 00:00:00-05:00,67.9800033569336,70.02999877929688,66.3499984741211,66.51000213623047,246300,0.0,0.0
2025-11-14 00:00:00-05:00,65.08999633789062,66.5,64.16000366210938,65.95999908447266,290000,0.0,0.0
2025-11-17 00:00:00-05:00,65.7699966430664,65.8499984741211,62.02000045776367,62.91999816894531,286600,0.0,0.0
2025-11-18 00:00:00-05:00,61.79999923706055,64.61000061035156,61.56999969482422,63.70000076293945,330600,0.0,0.0
2025-11-19 00:00:00-05:00,64.25,64.5999984741211,61.709999084472656,61.900001525878906,233400,0.0,0.0
2025-11-20 00:00:00-05:00,63.38999938964844,64.4000015258789,61.36000061035156,61.77000045776367,229100,0.0,0.0
2025-11-21 00:00:00-05:00,61.810001373291016,66.4800033569336,61.599998474121094,65.44999694824219,408700,0.0,0.0
2025-11-24 00:00:00-05:00,65.27999877929688,68.8499984741211,64.61000061035156,68.45999908447266,319700,0.0,0.0
2025-11-25 00:00:00-05:00,68.54000091552734,74.9000015258789,68.54000091552734,72.51000213623047,481300,0.0,0.0
2025-11-26 00:00:00-05:00,71.61000061035156,78.2699966430664,71.61000061035156,77.58000183105469,490400,0.0,0.0
2025-11-28 00:00:00-05:00,77.54000091552734,77.7300033569336,75.25,76.0,162300,0.0,0.0
2025-12-01 00:00:00-05:00,74.11000061035156,77.7300033569336,73.69999694824219,75.91000366210938,345900,0.0,0.0
2025-12-02 00:00:00-05:00,76.19000244140625,79.8499984741211,74.44000244140625,77.48999786376953,385400,0.0,0.0
2025-12-03 00:00:00-05:00,77.86000061035156,80.80000305175781,77.83999633789062,79.91000366210938,324900,0.0,0.0
2025-12-04 00:00:00-05:00,79.0,80.98999786376953,78.19000244140625,79.44000244140625,252300,0.0,0.0
2025-12-05 00:00:00-05:00,79.30000305175781,83.41000366210938,78.5199966430664,82.63999938964844,218700,0.0,0.0
2025-12-08 00:00:00-05:00,82.33999633789062,83.44999694824219,81.22000122070312,82.23999786376953,334200,0.0,0.0
2025-12-09 00:00:00-05:00,81.9800033569336,83.3499984741211,80.70999908447266,82.58000183105469,202300,0.0,0.0
2025-12-10 00:00:00-05:00,83.04000091552734,85.0,81.4800033569336,82.5,364600,0.0,0.0
2025-12-11 00:00:00-05:00,82.70999908447266,84.27999877929688,80.80999755859375,84.16000366210938,307300,0.0,0.0
2025-12-12 00:00:00-05:00,88.12000274658203,93.0,85.83000183105469,85.86000061035156,655100,0.0,0.0
2025-12-15 00:00:00-05:00,87.95999908447266,88.2300033569336,85.47000122070312,87.76000213623047,387900,0.0,0.0
2025-12-16 00:00:00-05:00,87.33000183105469,90.05000305175781,83.16999816894531,87.20999908447266,356700,0.0,0.0
2025-12-17 00:00:00-05:00,87.0,89.41999816894531,85.20999908447266,85.48999786376953,268800,0.0,0.0
2025-12-18 00:00:00-05:00,86.77999877929688,87.93000030517578,85.23999786376953,85.73999786376953,222000,0.0,0.0
2025-12-19 00:00:00-05:00,84.38999938964844,86.4000015258789,82.94000244140625,85.13999938964844,475600,0.0,0.0
2025-12-22 00:00:00-05:00,85.77999877929688,86.2300033569336,84.48999786376953,85.41000366210938,270900,0.0,0.0
2025-12-23 00:00:00-05:00,84.77999877929688,85.38999938964844,82.94000244140625,83.25,225800,0.0,0.0
2025-12-24 00:00:00-05:00,83.22000122070312,85.20999908447266,82.0999984741211,84.63999938964844,107400,0.0,0.0
2025-12-26 00:00:00-05:00,83.95999908447266,85.12999725341797,83.80000305175781,84.66000366210938,169500,0.0,0.0
2025-12-29 00:00:00-05:00,83.11000061035156,84.75,82.83999633789062,84.6500015258789,225000,0.0,0.0
2025-12-30 00:00:00-05:00,85.0199966430664,87.44999694824219,84.12000274658203,86.88999938964844,231900,0.0,0.0
2025-12-31 00:00:00-05:00,86.58000183105469,86.61000061035156,84.69999694824219,85.2699966430664,187400,0.0,0.0
2026-01-02 00:00:00-05:00,85.41000366210938,88.1500015258789,84.45999908447266,88.01000213623047,287700,0.0,0.0
2026-01-05 00:00:00-05:00,87.33999633789062,92.58000183105469,87.33999633789062,91.98999786376953,388900,0.0,0.0
2026-01-06 00:00:00-05:00,93.26000213623047,94.4800033569336,91.0199966430664,93.19999694824219,363700,0.0,0.0
2026-01-07 00:00:00-05:00,93.75,95.19000244140625,91.4000015258789,92.94999694824219,251600,0.0,0.0
2026-01-08 00:00:00-05:00,91.80999755859375,94.0,91.80999755859375,92.47000122070312,319000,0.0,0.0
2026-01-09 00:00:00-05:00,94.36000061035156,96.88999938964844,93.30999755859375,94.97000122070312,413800,0.0,0.0
2026-01-12 00:00:00-05:00,90.6500015258789,92.0,86.41000366210938,89.01000213623047,1911900,0.0,0.0
2026-01-13 00:00:00-05:00,86.69999694824219,89.75,85.01000213623047,86.06999969482422,823700,0.0,0.0
2026-01-14 00:00:00-05:00,86.0,87.16000366210938,84.01000213623047,86.48999786376953,844200,0.0,0.0
2026-01-15 00:00:00-05:00,86.81999969482422,90.12999725341797,86.02999877929688,88.87000274658203,469600,0.0,0.0
2026-01-16 00:00:00-05:00,88.58000183105469,90.44000244140625,86.55999755859375,89.94999694824219,345700,0.0,0.0
2026-01-20 00:00:00-05:00,90.66999816894531,91.75,88.0,88.69000244140625,553300,0.0,0.0
2026-01-21 00:00:00-05:00,90.43000030517578,91.61000061035156,89.08000183105469,90.61000061035156,496300,0.0,0.0
2026-01-22 00:00:00-05:00,91.69999694824219,93.62000274658203,89.79000091552734,90.33000183105469,395400,0.0,0.0
2026-01-23 00:00:00-05:00,88.9000015258789,89.88999938964844,87.77999877929688,88.5199966430664,402100,0.0,0.0
2026-01-26 00:00:00-05:00,87.83000183105469,88.9800033569336,85.76000213623047,86.12999725341797,394800,0.0,0.0
2026-01-27 00:00:00-05:00,86.55000305175781,87.08999633789062,84.91000366210938,85.3499984741211,499400,0.0,0.0
2026-01-28 00:00:00-05:00,87.29000091552734,88.62999725341797,85.98999786376953,86.75,338600,0.0,0.0
2026-01-29 00:00:00-05:00,88.13999938964844,91.44999694824219,86.98999786376953,91.44000244140625,704800,0.0,0.0
2026-01-30 00:00:00-05:00,89.88999938964844,91.25,87.16999816894531,88.62999725341797,491900,0.0,0.0
2026-02-02 00:00:00-05:00,88.69999694824219,93.23999786376953,88.69999694824219,91.05999755859375,499400,0.0,0.0
2026-02-03 00:00:00-05:00,92.72000122070312,96.20999908447266,91.73999786376953,92.77999877929688,602300,0.0,0.0
2026-02-04 00:00:00-05:00,94.33000183105469,100.45999908447266,94.12999725341797,99.86000061035156,1267700,0.0,0.0
2026-02-05 00:00:00-05:00,102.27999877929688,104.0999984741211,97.30000305175781,99.41999816894531,952000,0.0,0.0
2026-02-06 00:00:00-05:00,101.62999725341797,117.26000213623047,100.86000061035156,114.79000091552734,1619000,0.0,0.0
2026-02-09 00:00:00-05:00,114.79000091552734,118.0,113.48999786376953,113.93000030517578,777000,0.0,0.0
2026-02-10 00:00:00-05:00,113.06999969482422,115.5,112.05999755859375,114.33999633789062,437200,0.0,0.0
2026-02-11 00:00:00-05:00,114.54000091552734,116.70999908447266,106.31999969482422,109.33000183105469,580700,0.0,0.0
2026-02-12 00:00:00-05:00,111.86000061035156,113.56999969482422,104.11000061035156,109.27999877929688,695900,0.0,0.0
2026-02-13 00:00:00-05:00,109.5,113.37999725341797,107.0,111.30000305175781,465700,0.0,0.0
2026-02-17 00:00:00-05:00,111.2699966430664,115.23999786376953,110.54000091552734,114.04000091552734,436100,0.0,0.0
2026-02-18 00:00:00-05:00,112.20999908447266,115.5999984741211,108.29000091552734,109.76000213623047,440400,0.0,0.0
2026-02-19 00:00:00-05:00,108.05999755859375,108.05999755859375,102.29000091552734,104.18000030517578,385400,0.0,0.0
2026-02-20 00:00:00-05:00,103.77999877929688,107.97000122070312,102.16000366210938,107.62000274658203,338200,0.0,0.0
2026-02-23 00:00:00-05:00,105.95999908447266,107.11000061035156,102.88999938964844,103.69000244140625,453100,0.0,0.0
2026-02-24 00:00:00-05:00,104.16999816894531,106.87000274658203,101.6500015258789,103.69000244140625,427000,0.0,0.0
2026-02-25 00:00:00-05:00,106.04000091552734,106.04000091552734,102.12000274658203,102.73999786376953,273800,0.0,0.0
2026-02-26 00:00:00-05:00,104.4000015258789,108.5999984741211,103.83000183105469,106.5,378800,0.0,0.0
2026-02-27 00:00:00-05:00,104.0,104.68000030517578,99.41999816894531,102.1500015258789,417400,0.0,0.0
2026-03-02 00:00:00-05:00,96.9800033569336,101.0999984741211,95.30999755859375,97.70999908447266,438200,0.0,0.0
2026-03-03 00:00:00-05:00,93.75,97.33000183105469,90.27999877929688,95.93000030517578,612000,0.0,0.0
2026-03-04 00:00:00-05:00,98.66999816894531,99.69000244140625,91.44999694824219,92.08999633789062,618300,0.0,0.0
2026-03-05 00:00:00-05:00,90.01000213623047,90.06999969482422,82.22000122070312,84.12999725341797,874600,0.0,0.0
2026-03-06 00:00:00-05:00,80.18000030517578,82.0199966430664,78.16999816894531,79.5,423300,0.0,0.0
2026-03-09 00:00:00-04:00,75.80999755859375,82.79000091552734,74.08000183105469,82.4800033569336,740800,0.0,0.0
2026-03-10 00:00:00-04:00,82.3499984741211,87.16000366210938,79.97000122070312,83.75,784500,0.0,0.0
2026-03-11 00:00:00-04:00,81.43000030517578,83.33000183105469,80.41000366210938,82.1500015258789,395000,0.0,0.0
2026-03-12 00:00:00-04:00,78.70999908447266,80.97000122070312,76.69000244140625,77.05999755859375,596000,0.0,0.0
2026-03-13 00:00:00-04:00,78.91999816894531,78.91999816894531,73.86000061035156,75.04000091552734,540200,0.0,0.0
2026-03-16 00:00:00-04:00,77.06999969482422,77.91000366210938,74.22000122070312,74.66000366210938,619500,0.0,0.0
2026-03-17 00:00:00-04:00,78.5999984741211,81.77999877929688,78.2699966430664,80.0,570300,0.0,0.0
2026-03-18 00:00:00-04:00,79.37000274658203,80.5199966430664,75.9800033569336,77.19000244140625,522300,0.0,0.0
2026-03-19 00:00:00-04:00,75.58999633789062,79.88999938964844,74.47000122070312,79.2300033569336,298200,0.0,0.0
2026-03-20 00:00:00-04:00,78.7300033569336,79.76000213623047,75.93000030517578,77.05000305175781,506900,0.0,0.0
2026-03-23 00:00:00-04:00,83.4000015258789,83.83999633789062,80.33000183105469,82.33999633789062,511600,0.0,0.0
2026-03-24 00:00:00-04:00,81.01000213623047,84.51000213623047,80.04000091552734,83.63999938964844,273900,0.0,0.0
2026-03-25 00:00:00-04:00,86.04000091552734,88.0199966430664,83.52999877929688,84.88999938964844,400600,0.0,0.0
2026-03-26 00:00:00-04:00,83.1500015258789,85.37999725341797,82.76000213623047,83.93000030517578,192900,0.0,0.0
2026-03-27 00:00:00-04:00,82.0,83.19000244140625,78.25,79.4000015258789,360000,0.0,0.0
2026-03-30 00:00:00-04:00,79.30000305175781,80.5999984741211,75.98999786376953,76.55999755859375,369900,0.0,0.0
2026-03-31 00:00:00-04:00,78.73999786376953,82.41000366210938,77.1500015258789,81.04000091552734,423000,0.0,0.0
2026-04-01 00:00:00-04:00,82.73999786376953,86.08999633789062,81.33000183105469,83.12000274658203,442100,0.0,0.0
2026-04-02 00:00:00-04:00,78.7699966430664,83.58000183105469,77.91999816894531,82.83999633789062,433300,0.0,0.0
2026-04-06 00:00:00-04:00,82.04000091552734,82.80000305175781,79.5,80.9800033569336,430100,0.0,0.0
2026-04-07 00:00:00-04:00,79.37999725341797,81.30000305175781,78.22000122070312,80.73999786376953,430300,0.0,0.0
2026-04-08 00:00:00-04:00,90.68000030517578,94.63999938964844,85.0,86.52999877929688,972900,0.0,0.0
2026-04-09 00:00:00-04:00,85.43000030517578,88.12000274658203,83.9800033569336,86.87999725341797,493500,0.0,0.0
2026-04-10 00:00:00-04:00,87.06999969482422,88.1500015258789,84.75,85.58000183105469,183500,0.0,0.0
2026-04-13 00:00:00-04:00,82.94000244140625,85.30000305175781,81.66999816894531,85.23999786376953,322200,0.0,0.0
2026-04-14 00:00:00-04:00,87.31999969482422,91.86000061035156,86.94999694824219,89.8499984741211,525000,0.0,0.0
2026-04-15 00:00:00-04:00,89.38999938964844,90.23999786376953,87.66999816894531,88.23999786376953,317400,0.0,0.0
2026-04-16 00:00:00-04:00,88.75,89.81999969482422,83.95999908447266,84.23999786376953,640200,0.0,0.0
2026-04-17 00:00:00-04:00,89.79000091552734,95.72000122070312,89.19999694824219,91.79000091552734,666300,0.0,0.0
2026-04-20 00:00:00-04:00,91.08000183105469,92.16999816894531,88.97000122070312,90.3499984741211,419200,0.0,0.0
2026-04-21 00:00:00-04:00,89.9000015258789,91.6500015258789,85.13999938964844,85.56999969482422,417000,0.0,0.0
2026-04-22 00:00:00-04:00,85.7300033569336,85.83000183105469,80.12000274658203,80.6500015258789,525500,0.0,0.0
2026-04-23 00:00:00-04:00,81.16999816894531,82.62000274658203,77.66999816894531,78.73999786376953,605800,0.0,0.0
2026-04-24 00:00:00-04:00,78.62999725341797,81.86000061035156,78.2699966430664,79.05999755859375,369100,0.0,0.0
2026-04-27 00:00:00-04:00,78.94000244140625,80.72000122070312,78.23999786376953,79.38999938964844,360200,0.0,0.0
2026-04-28 00:00:00-04:00,79.2699966430664,79.87999725341797,76.9800033569336,77.80999755859375,346700,0.0,0.0
2026-04-29 00:00:00-04:00,76.51000213623047,76.81999969482422,73.08000183105469,74.51000213623047,558200,0.0,0.0
2026-04-30 00:00:00-04:00,75.51000213623047,78.19000244140625,75.0199966430664,75.63999938964844,762800,0.0,0.0
2026-05-01 00:00:00-04:00,73.83000183105469,80.81999969482422,73.83000183105469,75.0199966430664,1040700,0.0,0.0
2026-05-04 00:00:00-04:00,74.9800033569336,75.58999633789062,70.27999877929688,71.97000122070312,508200,0.0,0.0
2026-05-05 00:00:00-04:00,72.55999755859375,76.33000183105469,72.55999755859375,75.75,465600,0.0,0.0
2026-05-06 00:00:00-04:00,80.36000061035156,82.62000274658203,79.0,80.08000183105469,483000,0.0,0.0
2026-05-07 00:00:00-04:00,81.5,85.0,80.5999984741211,82.18000030517578,751800,0.0,0.0
2026-05-08 00:00:00-04:00,82.18000030517578,83.87999725341797,82.18000030517578,83.02999877929688,459900,0.0,0.0
2026-05-11 00:00:00-04:00,82.36000061035156,82.36000061035156,79.30999755859375,79.37999725341797,590300,0.0,0.0
2026-05-12 00:00:00-04:00,78.75,78.91999816894531,74.33999633789062,77.48999786376953,1073600,0.0,0.0
2026-05-13 00:00:00-04:00,76.19999694824219,77.33000183105469,75.19999694824219,75.20999908447266,763600,0.0,0.0
2026-05-14 00:00:00-04:00,76.66000366210938,81.0,76.66000366210938,80.37999725341797,1041600,0.0,0.0
2026-05-15 00:00:00-04:00,78.18000030517578,78.26000213623047,74.56999969482422,74.9000015258789,753500,0.0,0.0
2026-05-18 00:00:00-04:00,75.12999725341797,78.41999816894531,73.5,74.66000366210938,651400,0.0,0.0
2026-05-19 00:00:00-04:00,74.0199966430664,74.0199966430664,69.70999908447266,69.87000274658203,1084900,0.0,0.0
2026-05-20 00:00:00-04:00,70.19999694824219,78.13999938964844,69.63999938964844,77.08999633789062,767700,0.0,0.0
2026-05-21 00:00:00-04:00,75.38999938964844,81.58000183105469,73.66999816894531,81.38999938964844,727700,0.0,0.0
2026-05-22 00:00:00-04:00,81.77999877929688,83.44000244140625,80.04000091552734,80.30999755859375,408800,0.0,0.0
2026-05-26 00:00:00-04:00,82.75,88.22000122070312,82.75,87.19999694824219,651400,0.0,0.0
2026-05-27 00:00:00-04:00,89.11000061035156,92.70999908447266,89.11000061035156,91.0,620200,0.0,0.0
2026-05-28 00:00:00-04:00,88.43000030517578,92.63999938964844,88.37999725341797,90.7300033569336,447900,0.0,0.0
2026-05-29 00:00:00-04:00,90.7300033569336,93.68000030517578,89.87000274658203,91.61000061035156,528600,0.0,0.0
2026-06-01 00:00:00-04:00,88.79000091552734,89.98999786376953,85.0199966430664,89.16000366210938,629900,0.0,0.0
2026-06-02 00:00:00-04:00,90.69999694824219,90.69999694824219,87.0199966430664,87.66999816894531,486100,0.0,0.0
2026-06-03 00:00:00-04:00,86.1500015258789,86.23999786376953,82.62000274658203,82.9800033569336,554200,0.0,0.0
2026-06-04 00:00:00-04:00,84.76000213623047,86.0999984741211,83.79000091552734,84.47000122070312,461800,0.0,0.0
2026-06-05 00:00:00-04:00,83.8499984741211,85.30999755859375,82.68000030517578,84.12000274658203,610300,0.0,0.0
2026-06-08 00:00:00-04:00,84.11000061035156,85.41999816894531,82.04000091552734,82.30999755859375,458400,0.0,0.0
2026-06-09 00:00:00-04:00,85.18000030517578,88.95999908447266,81.88999938964844,86.69000244140625,666800,0.0,0.0
2026-06-10 00:00:00-04:00,85.38999938964844,85.98999786376953,80.01000213623047,80.1500015258789,382300,0.0,0.0
2026-06-11 00:00:00-04:00,80.0,86.41000366210938,80.0,86.04000091552734,871300,0.0,0.0
2026-06-12 00:00:00-04:00,88.36000061035156,93.06999969482422,86.95999908447266,91.58999633789062,661200,0.0,0.0
2026-06-15 00:00:00-04:00,98.1500015258789,101.54000091552734,94.70999908447266,95.23999786376953,742200,0.0,0.0
2026-06-16 00:00:00-04:00,96.79000091552734,99.76000213623047,95.12999725341797,95.91999816894531,386800,0.0,0.0
2026-06-17 00:00:00-04:00,98.0,101.33999633789062,95.77999877929688,95.88999938964844,564500,0.0,0.0
2026-06-18 00:00:00-04:00,98.66000366210938,102.55999755859375,98.31999969482422,100.76000213623047,754300,0.0,0.0
2026-06-22 00:00:00-04:00,100.05000305175781,104.06999969482422,98.5999984741211,102.18000030517578,487100,0.0,0.0
2026-06-23 00:00:00-04:00,98.86000061035156,104.8499984741211,98.86000061035156,103.54000091552734,400200,0.0,0.0
2026-06-24 00:00:00-04:00,105.0,107.87999725341797,104.73999786376953,107.31999969482422,694300,0.0,0.0
2026-06-25 00:00:00-04:00,108.05000305175781,114.0199966430664,107.87999725341797,110.05000305175781,928900,0.0,0.0
2026-06-26 00:00:00-04:00,111.08999633789062,117.13999938964844,110.44000244140625,116.0999984741211,2016900,0.0,0.0
2026-06-29 00:00:00-04:00,115.93000030517578,117.05999755859375,111.8499984741211,114.19999694824219,886300,0.0,0.0
2026-06-30 00:00:00-04:00,115.69999694824219,120.41999816894531,115.0999984741211,117.5999984741211,904200,0.0,0.0
2026-07-01 00:00:00-04:00,119.87999725341797,123.12000274658203,118.30000305175781,119.16000366210938,707800,0.0,0.0
2026-07-02 00:00:00-04:00,120.01000213623047,123.62999725341797,115.41999816894531,118.66999816894531,615100,0.0,0.0
2026-07-06 00:00:00-04:00,120.47000122070312,122.55999755859375,114.62999725341797,115.62000274658203,508600,0.0,0.0
2026-07-07 00:00:00-04:00,119.80000305175781,119.80000305175781,110.01000213623047,111.13999938964844,544800,0.0,0.0
2026-07-08 00:00:00-04:00,110.0,110.69999694824219,103.69999694824219,108.26000213623047,635700,0.0,0.0
2026-07-09 00:00:00-04:00,110.77999877929688,115.16000366210938,109.69999694824219,114.6500015258789,376700,0.0,0.0
2026-07-10 00:00:00-04:00,113.2300033569336,113.66999816894531,109.33000183105469,111.0199966430664,365700,0.0,0.0
2026-07-13 00:00:00-04:00,110.2300033569336,111.12999725341797,106.05999755859375,106.88999938964844,521500,0.0,0.0
2026-07-14 00:00:00-04:00,108.16999816894531,108.45999908447266,104.0199966430664,104.29000091552734,457800,0.0,0.0
2026-07-15 00:00:00-04:00,104.5,108.56999969482422,104.44000244140625,107.75,443700,0.0,0.0
2026-07-16 00:00:00-04:00,104.77999877929688,109.66999816894531,103.97000122070312,105.41000366210938,454500,0.0,0.0
2026-07-17 00:00:00-04:00,102.0199966430664,104.69999694824219,100.0,100.9000015258789,394400,0.0,0.0
2026-07-20 00:00:00-04:00,102.08999633789062,102.86000061035156,99.77999877929688,102.16999816894531,340100,0.0,0.0
2026-07-21 00:00:00-04:00,101.79000091552734,103.77999877929688,100.83000183105469,101.3499984741211,373100,0.0,0.0
2026-07-22 00:00:00-04:00,99.30000305175781,100.5999984741211,97.27999877929688,98.27999877929688,359600,0.0,0.0
2026-07-23 00:00:00-04:00,94.45999908447266,95.25,90.70999908447266,94.4800033569336,577400,0.0,0.0
2026-07-24 00:00:00-04:00,95.87000274658203,101.12999725341797,94.93000030517578,98.08000183105469,355100,0.0,0.0
2026-07-27 00:00:00-04:00,100.94999694824219,103.3499984741211,98.55000305175781,99.13999938964844,492400,0.0,0.0
2026-07-28 00:00:00-04:00,100.37999725341797,103.0,97.16999816894531,101.58000183105469,562600,0.0,0.0
2026-07-29 00:00:00-04:00,97.27999877929688,100.13999938964844,95.36000061035156,95.69000244140625,520900,0.0,0.0
2026-07-30 00:00:00-04:00,98.04000091552734,99.16999816894531,96.55999755859375,99.01000213623047,392500,0.0,0.0
2026-07-31 00:00:00-04:00,99.05000305175781,100.0999984741211,97.0199966430664,98.08000183105469,366900,0.0,0.0
2026-08-03 00:00:00-04:00,102.06999969482422,105.91000366210938,101.61000061035156,103.4800033569336,494800,0.0,0.0
2026-08-04 00:00:00-04:00,106.63999938964844,108.2300033569336,104.58000183105469,105.08999633789062,444600,0.0,0.0
2026-08-05 00:00:00-04:00,96.30000305175781,108.61000061035156,95.70999908447266,103.98999786376953,757700,0.0,0.0
2026-08-06 00:00:00-04:00,101.9800033569336,103.80000305175781,97.0999984741211,97.16999816894531,471500,0.0,0.0
2026-08-07 00:00:00-04:00,96.2300033569336,98.02999877929688,94.26000213623047,95.61000061035156,538300,0.0,0.0
2026-08-10 00:00:00-04:00,93.22000122070312,93.9000015258789,89.29000091552734,89.54000091552734,543700,0.0,0.0
2026-08-11 00:00:00-04:00,89.54000091552734,91.12000274658203,88.19999694824219,88.33999633789062,582000,0.0,0.0
2026-08-12 00:00:00-04:00,89.0,89.87999725341797,84.37999725341797,84.44000244140625,615500,0.0,0.0
2026-08-13 00:00:00-04:00,86.0999984741211,88.2699966430664,84.52999877929688,86.44999694824219,558700,0.0,0.0
2026-08-14 00:00:00-04:00,85.20999908447266,87.41999816894531,84.13999938964844,85.75,348300,0.0,0.0
2026-08-17 00:00:00-04:00,84.69000244140625,86.91999816894531,84.1500015258789,84.30000305175781,529600,0.0,0.0
2026-08-18 00:00:00-04:00,82.80999755859375,83.61000061035156,81.56999969482422,81.69999694824219,453200,0.0,0.0
2026-08-19 00:00:00-04:00,81.6500015258789,82.52999877929688,77.69000244140625,78.06999969482422,631700,0.0,0.0
2026-08-20 00:00:00-04:00,76.58999633789062,76.97000122070312,73.98999786376953,76.41000366210938,753700,0.0,0.0
2026-08-21 00:00:00-04:00,78.45999908447266,82.0,77.94999694824219,81.8499984741211,803800,0.0,0.0
2026-08-24 00:00:00-04:00,84.33999633789062,85.0199966430664,80.22000122070312,81.62999725341797,843800,0.0,0.0
2026-08-25 00:00:00-04:00,85.45999908447266,85.75,80.80999755859375,82.31999969482422,485700,0.0,0.0
2026-08-26 00:00:00-04:00,83.02999877929688,84.12000274658203,82.2300033569336,82.5999984741211,553900,0.0,0.0
2026-08-27 00:00:00-04:00,81.98999786376953,82.76000213623047,80.25,80.30999755859375,332800,0.0,0.0
2026-08-28 00:00:00-04:00,80.88999938964844,81.8499984741211,78.76000213623047,78.94000244140625,320200,0.0,0.0
2026-08-31 00:00:00-04:00,77.12999725341797,77.75,75.5999984741211,76.05000305175781,518500,0.0,0.0
2026-09-01 00:00:00-04:00,74.81999969482422,75.58999633789062,72.16999816894531,72.41000366210938,529900,0.0,0.0
2026-09-02 00:00:00-04:00,73.69000244140625,76.8499984741211,73.5,74.77999877929688,470800,0.0,0.0
2026-09-03 00:00:00-04:00,75.31999969482422,76.4000015258789,73.76000213623047,75.86000061035156,588300,0.0,0.0
2026-09-04 00:00:00-04:00,75.73999786376953,78.88999938964844,75.73999786376953,78.16000366210938,367395,0.0,0.0
