Date,Open,High,Low,Close,Volume,Dividends,Stock Splits
2022-01-03 00:00:00-05:00,8.069999694824219,8.399999618530273,8.069999694824219,8.229999542236328,106900,0.0,0.0
2022-01-04 00:00:00-05:00,8.300000190734863,8.770000457763672,8.279999732971191,8.529999732971191,150700,0.0,0.0
2022-01-05 00:00:00-05:00,8.569999694824219,8.819999694824219,8.319999694824219,8.350000381469727,81600,0.0,0.0
2022-01-06 00:00:00-05:00,8.34000015258789,8.619999885559082,8.34000015258789,8.390000343322754,120200,0.0,0.0
2022-01-07 00:00:00-05:00,8.399999618530273,8.529999732971191,8.020000457763672,8.100000381469727,129500,0.0,0.0
2022-01-10 00:00:00-05:00,8.0600004196167,8.130000114440918,7.789999961853027,7.989999771118164,93700,0.0,0.0
2022-01-11 00:00:00-05:00,7.989999771118164,8.319999694824219,7.920000076293945,8.039999961853027,78400,0.0,0.0
2022-01-12 00:00:00-05:00,8.100000381469727,8.149999618530273,7.980000019073486,8.050000190734863,110900,0.0,0.0
2022-01-13 00:00:00-05:00,8.069999694824219,8.489999771118164,8.069999694824219,8.199999809265137,107400,0.0,0.0
2022-01-14 00:00:00-05:00,8.130000114440918,8.510000228881836,8.029999732971191,8.460000038146973,111700,0.0,0.0
2022-01-18 00:00:00-05:00,8.4399995803833,8.4399995803833,7.949999809265137,8.0,129900,0.0,0.0
2022-01-19 00:00:00-05:00,8.050000190734863,8.130000114440918,7.949999809265137,8.010000228881836,152500,0.0,0.0
2022-01-20 00:00:00-05:00,8.119999885559082,8.470000267028809,8.069999694824219,8.100000381469727,262000,0.0,0.0
2022-01-21 00:00:00-05:00,8.149999618530273,8.210000038146973,7.840000152587891,7.849999904632568,245200,0.0,0.0
2022-01-24 00:00:00-05:00,7.71999979019165,7.900000095367432,7.5,7.889999866485596,211600,0.0,0.0
2022-01-25 00:00:00-05:00,7.760000228881836,7.980000019073486,7.46999979019165,7.920000076293945,109900,0.0,0.0
2022-01-26 00:00:00-05:00,7.989999771118164,8.130000114440918,7.699999809265137,7.769999980926514,119400,0.0,0.0
2022-01-27 00:00:00-05:00,7.800000190734863,7.989999771118164,7.630000114440918,7.630000114440918,103000,0.0,0.0
2022-01-28 00:00:00-05:00,7.630000114440918,7.78000020980835,7.380000114440918,7.610000133514404,152000,0.0,0.0
2022-01-31 00:00:00-05:00,7.53000020980835,7.760000228881836,7.46999979019165,7.739999771118164,85200,0.0,0.0
2022-02-01 00:00:00-05:00,7.769999980926514,7.880000114440918,7.699999809265137,7.849999904632568,103100,0.0,0.0
2022-02-02 00:00:00-05:00,7.900000095367432,7.96999979019165,7.739999771118164,7.78000020980835,131400,0.0,0.0
2022-02-03 00:00:00-05:00,7.699999809265137,7.900000095367432,7.599999904632568,7.630000114440918,85600,0.0,0.0
2022-02-04 00:00:00-05:00,7.630000114440918,7.650000095367432,7.320000171661377,7.5,75200,0.0,0.0
2022-02-07 00:00:00-05:00,7.519999980926514,7.730000019073486,7.409999847412109,7.570000171661377,103100,0.0,0.0
2022-02-08 00:00:00-05:00,7.559999942779541,7.900000095367432,7.559999942779541,7.840000152587891,99300,0.0,0.0
2022-02-09 00:00:00-05:00,7.929999828338623,8.039999961853027,7.909999847412109,7.960000038146973,111600,0.0,0.0
2022-02-10 00:00:00-05:00,7.880000114440918,8.069999694824219,7.869999885559082,7.909999847412109,117200,0.0,0.0
2022-02-11 00:00:00-05:00,7.960000038146973,7.960000038146973,7.519999980926514,7.550000190734863,175600,0.0,0.0
2022-02-14 00:00:00-05:00,7.610000133514404,7.71999979019165,7.550000190734863,7.670000076293945,115900,0.0,0.0
2022-02-15 00:00:00-05:00,7.800000190734863,8.149999618530273,7.789999961853027,8.100000381469727,123000,0.0,0.0
2022-02-16 00:00:00-05:00,8.069999694824219,8.25,7.989999771118164,8.239999771118164,64000,0.0,0.0
2022-02-17 00:00:00-05:00,8.180000305175781,8.289999961853027,7.989999771118164,8.149999618530273,176400,0.0,0.0
2022-02-18 00:00:00-05:00,8.09000015258789,8.239999771118164,7.900000095367432,7.96999979019165,65100,0.0,0.0
2022-02-22 00:00:00-05:00,7.940000057220459,8.15999984741211,7.840000152587891,8.039999961853027,256900,0.0,0.0
2022-02-23 00:00:00-05:00,8.039999961853027,8.109999656677246,7.840000152587891,7.849999904632568,86800,0.0,0.0
2022-02-24 00:00:00-05:00,7.639999866485596,7.849999904632568,7.610000133514404,7.840000152587891,107000,0.0,0.0
2022-02-25 00:00:00-05:00,7.889999866485596,8.039999961853027,7.860000133514404,7.980000019073486,82800,0.0,0.0
2022-02-28 00:00:00-05:00,7.869999885559082,8.119999885559082,7.869999885559082,7.989999771118164,95200,0.0,0.0
2022-03-01 00:00:00-05:00,7.730000019073486,8.010000228881836,7.179999828338623,7.840000152587891,355500,0.0,0.0
2022-03-02 00:00:00-05:00,7.900000095367432,8.479999542236328,7.860000133514404,8.449999809265137,215600,0.0,0.0
2022-03-03 00:00:00-05:00,8.479999542236328,8.710000038146973,8.399999618530273,8.520000457763672,135600,0.0,0.0
2022-03-04 00:00:00-05:00,8.399999618530273,8.619999885559082,8.359999656677246,8.579999923706055,183100,0.0,0.0
2022-03-07 00:00:00-05:00,8.630000114440918,8.649999618530273,7.900000095367432,8.130000114440918,264800,0.0,0.0
2022-03-08 00:00:00-05:00,8.220000267028809,8.220000267028809,7.789999961853027,7.789999961853027,273200,0.0,0.0
2022-03-09 00:00:00-05:00,7.96999979019165,8.079999923706055,7.920000076293945,8.039999961853027,351700,0.0,0.0
2022-03-10 00:00:00-05:00,7.880000114440918,8.289999961853027,7.880000114440918,8.239999771118164,136300,0.0,0.0
2022-03-11 00:00:00-05:00,8.300000190734863,8.390000343322754,7.900000095367432,7.909999847412109,92300,0.0,0.0
2022-03-14 00:00:00-04:00,7.989999771118164,8.130000114440918,7.840000152587891,8.09000015258789,192100,0.0,0.0
2022-03-15 00:00:00-04:00,8.1899995803833,8.229999542236328,7.769999980926514,7.789999961853027,100800,0.0,0.0
2022-03-16 00:00:00-04:00,7.860000133514404,8.260000228881836,7.860000133514404,8.25,142900,0.0,0.0
2022-03-17 00:00:00-04:00,8.15999984741211,8.479999542236328,7.940000057220459,8.390000343322754,262300,0.0,0.0
2022-03-18 00:00:00-04:00,8.359999656677246,8.430000305175781,8.149999618530273,8.390000343322754,225800,0.0,0.0
2022-03-21 00:00:00-04:00,8.369999885559082,8.520000457763672,8.260000228881836,8.40999984741211,111400,0.0,0.0
2022-03-22 00:00:00-04:00,8.4399995803833,8.65999984741211,8.390000343322754,8.59000015258789,170800,0.0,0.0
2022-03-23 00:00:00-04:00,8.539999961853027,8.640000343322754,8.3100004196167,8.369999885559082,137800,0.0,0.0
2022-03-24 00:00:00-04:00,8.430000305175781,8.5,8.34000015258789,8.4399995803833,92700,0.0,0.0
2022-03-25 00:00:00-04:00,8.5600004196167,9.109999656677246,8.5600004196167,8.880000114440918,238200,0.0,0.0
2022-03-28 00:00:00-04:00,8.770000457763672,8.949999809265137,8.529999732971191,8.579999923706055,144800,0.0,0.0
2022-03-29 00:00:00-04:00,8.5,8.949999809265137,8.489999771118164,8.90999984741211,273100,0.0,0.0
2022-03-30 00:00:00-04:00,8.920000076293945,8.960000038146973,8.5600004196167,8.609999656677246,182100,0.0,0.0
2022-03-31 00:00:00-04:00,8.600000381469727,8.699999809265137,8.430000305175781,8.449999809265137,426200,0.0,0.0
2022-04-01 00:00:00-04:00,8.539999961853027,8.649999618530273,8.210000038146973,8.289999961853027,195000,0.0,0.0
2022-04-04 00:00:00-04:00,8.289999961853027,8.300000190734863,8.09000015258789,8.210000038146973,118500,0.0,0.0
2022-04-05 00:00:00-04:00,8.229999542236328,8.329999923706055,8.029999732971191,8.130000114440918,209000,0.0,0.0
2022-04-06 00:00:00-04:00,8.170000076293945,8.329999923706055,7.949999809265137,8.0,200700,0.0,0.0
2022-04-07 00:00:00-04:00,7.980000019073486,7.980000019073486,7.679999828338623,7.820000171661377,95300,0.0,0.0
2022-04-08 00:00:00-04:00,7.800000190734863,7.949999809265137,7.610000133514404,7.639999866485596,254200,0.0,0.0
2022-04-11 00:00:00-04:00,7.579999923706055,7.690000057220459,7.380000114440918,7.400000095367432,181300,0.0,0.0
2022-04-12 00:00:00-04:00,7.429999828338623,7.619999885559082,7.380000114440918,7.409999847412109,154000,0.0,0.0
2022-04-13 00:00:00-04:00,7.400000095367432,7.5,7.320000171661377,7.460000038146973,66400,0.0,0.0
2022-04-14 00:00:00-04:00,7.460000038146973,7.599999904632568,7.460000038146973,7.550000190734863,114000,0.0,0.0
2022-04-18 00:00:00-04:00,7.53000020980835,7.699999809265137,7.519999980926514,7.570000171661377,138600,0.0,0.0
2022-04-19 00:00:00-04:00,7.579999923706055,7.75,7.539999961853027,7.619999885559082,167500,0.0,0.0
2022-04-20 00:00:00-04:00,7.619999885559082,7.840000152587891,7.46999979019165,7.53000020980835,124300,0.0,0.0
2022-04-21 00:00:00-04:00,7.639999866485596,7.659999847412109,7.21999979019165,7.260000228881836,156000,0.0,0.0
2022-04-22 00:00:00-04:00,7.25,7.449999809265137,7.190000057220459,7.360000133514404,157900,0.0,0.0
2022-04-25 00:00:00-04:00,7.360000133514404,7.489999771118164,7.019999980926514,7.070000171661377,149100,0.0,0.0
2022-04-26 00:00:00-04:00,7.03000020980835,7.070000171661377,6.760000228881836,6.820000171661377,171100,0.0,0.0
2022-04-27 00:00:00-04:00,6.820000171661377,6.900000095367432,6.75,6.760000228881836,161200,0.0,0.0
2022-04-28 00:00:00-04:00,6.849999904632568,6.909999847412109,6.639999866485596,6.739999771118164,164400,0.0,0.0
2022-04-29 00:00:00-04:00,6.75,7.380000114440918,6.699999809265137,7.179999828338623,463000,0.0,0.0
2022-05-02 00:00:00-04:00,7.150000095367432,7.25,6.980000019073486,7.199999809265137,239800,0.0,0.0
2022-05-03 00:00:00-04:00,7.210000038146973,7.269999980926514,7.010000228881836,7.210000038146973,150800,0.0,0.0
2022-05-04 00:00:00-04:00,7.269999980926514,7.639999866485596,7.110000133514404,7.519999980926514,198500,0.0,0.0
2022-05-05 00:00:00-04:00,7.389999866485596,7.550000190734863,6.949999809265137,7.320000171661377,302300,0.0,0.0
2022-05-06 00:00:00-04:00,7.260000228881836,7.360000133514404,6.989999771118164,7.179999828338623,211100,0.0,0.0
2022-05-09 00:00:00-04:00,7.059999942779541,7.230000019073486,6.929999828338623,6.960000038146973,230300,0.0,0.0
2022-05-10 00:00:00-04:00,7.03000020980835,7.050000190734863,6.800000190734863,6.949999809265137,211800,0.0,0.0
2022-05-11 00:00:00-04:00,6.989999771118164,7.190000057220459,6.579999923706055,6.590000152587891,188300,0.0,0.0
2022-05-12 00:00:00-04:00,6.460000038146973,6.679999828338623,6.210000038146973,6.420000076293945,320800,0.0,0.0
2022-05-13 00:00:00-04:00,6.46999979019165,6.78000020980835,6.46999979019165,6.610000133514404,180800,0.0,0.0
2022-05-16 00:00:00-04:00,6.559999942779541,6.679999828338623,6.340000152587891,6.449999809265137,218300,0.0,0.0
2022-05-17 00:00:00-04:00,6.619999885559082,6.949999809265137,6.619999885559082,6.909999847412109,266500,0.0,0.0
2022-05-18 00:00:00-04:00,6.880000114440918,6.940000057220459,6.46999979019165,6.5,174300,0.0,0.0
2022-05-19 00:00:00-04:00,6.429999828338623,6.539999961853027,6.400000095367432,6.409999847412109,116000,0.0,0.0
2022-05-20 00:00:00-04:00,6.5,6.5,6.070000171661377,6.210000038146973,163500,0.0,0.0
2022-05-23 00:00:00-04:00,6.199999809265137,6.360000133514404,6.159999847412109,6.190000057220459,146700,0.0,0.0
2022-05-24 00:00:00-04:00,6.099999904632568,6.199999809265137,6.0,6.130000114440918,137500,0.0,0.0
2022-05-25 00:00:00-04:00,6.110000133514404,6.369999885559082,6.03000020980835,6.300000190734863,84500,0.0,0.0
2022-05-26 00:00:00-04:00,6.329999923706055,6.619999885559082,6.329999923706055,6.539999961853027,83300,0.0,0.0
2022-05-27 00:00:00-04:00,6.610000133514404,6.739999771118164,6.610000133514404,6.71999979019165,69200,0.0,0.0
2022-05-31 00:00:00-04:00,6.710000038146973,6.829999923706055,6.619999885559082,6.75,104600,0.0,0.0
2022-06-01 00:00:00-04:00,6.78000020980835,6.820000171661377,6.599999904632568,6.690000057220459,186400,0.0,0.0
2022-06-02 00:00:00-04:00,6.659999847412109,7.079999923706055,6.630000114440918,7.050000190734863,184300,0.0,0.0
2022-06-03 00:00:00-04:00,6.949999809265137,7.090000152587891,6.889999866485596,6.980000019073486,144100,0.0,0.0
2022-06-06 00:00:00-04:00,6.96999979019165,7.050000190734863,6.71999979019165,6.909999847412109,408300,0.0,0.0
2022-06-07 00:00:00-04:00,6.809999942779541,7.090000152587891,6.789999961853027,7.070000171661377,212100,0.0,0.0
2022-06-08 00:00:00-04:00,7.070000171661377,7.230000019073486,6.980000019073486,7.179999828338623,175700,0.0,0.0
2022-06-09 00:00:00-04:00,7.130000114440918,7.300000190734863,7.039999961853027,7.130000114440918,232000,0.0,0.0
2022-06-10 00:00:00-04:00,6.96999979019165,7.039999961853027,6.699999809265137,6.75,157000,0.0,0.0
2022-06-13 00:00:00-04:00,6.599999904632568,6.650000095367432,6.460000038146973,6.570000171661377,282500,0.0,0.0
2022-06-14 00:00:00-04:00,6.570000171661377,6.760000228881836,6.130000114440918,6.210000038146973,140000,0.0,0.0
2022-06-15 00:00:00-04:00,6.320000171661377,6.320000171661377,5.989999771118164,6.010000228881836,195900,0.0,0.0
2022-06-16 00:00:00-04:00,5.900000095367432,5.900000095367432,5.510000228881836,5.590000152587891,266100,0.0,0.0
2022-06-17 00:00:00-04:00,5.590000152587891,5.699999809265137,5.309999942779541,5.5,291000,0.0,0.0
2022-06-21 00:00:00-04:00,5.550000190734863,5.880000114440918,5.539999961853027,5.610000133514404,317600,0.0,0.0
2022-06-22 00:00:00-04:00,5.510000228881836,5.739999771118164,5.449999809265137,5.639999866485596,218100,0.0,0.0
2022-06-23 00:00:00-04:00,5.699999809265137,5.900000095367432,5.420000076293945,5.440000057220459,362500,0.0,0.0
2022-06-24 00:00:00-04:00,5.449999809265137,5.760000228881836,5.369999885559082,5.489999771118164,3814400,0.0,0.0
2022-06-27 00:00:00-04:00,5.539999961853027,5.849999904632568,5.489999771118164,5.769999980926514,229000,0.0,0.0
2022-06-28 00:00:00-04:00,5.820000171661377,5.989999771118164,5.610000133514404,5.630000114440918,181600,0.0,0.0
2022-06-29 00:00:00-04:00,5.670000076293945,6.199999809265137,5.670000076293945,6.099999904632568,403200,0.0,0.0
2022-06-30 00:00:00-04:00,5.940000057220459,6.019999980926514,5.75,5.840000152587891,383800,0.0,0.0
2022-07-01 00:00:00-04:00,5.78000020980835,5.920000076293945,5.230000019073486,5.53000020980835,258600,0.0,0.0
2022-07-05 00:00:00-04:00,5.440000057220459,5.590000152587891,5.320000171661377,5.570000171661377,190300,0.0,0.0
2022-07-06 00:00:00-04:00,5.570000171661377,5.659999847412109,5.409999847412109,5.579999923706055,135900,0.0,0.0
2022-07-07 00:00:00-04:00,5.579999923706055,5.889999866485596,5.579999923706055,5.869999885559082,135900,0.0,0.0
2022-07-08 00:00:00-04:00,5.860000133514404,6.21999979019165,5.860000133514404,6.059999942779541,168000,0.0,0.0
2022-07-11 00:00:00-04:00,6.070000171661377,6.119999885559082,5.860000133514404,5.889999866485596,100300,0.0,0.0
2022-07-12 00:00:00-04:00,5.829999923706055,6.420000076293945,5.829999923706055,6.190000057220459,424000,0.0,0.0
2022-07-13 00:00:00-04:00,6.170000076293945,6.300000190734863,6.079999923706055,6.079999923706055,179100,0.0,0.0
2022-07-14 00:00:00-04:00,6.019999980926514,6.059999942779541,5.920000076293945,5.980000019073486,142100,0.0,0.0
2022-07-15 00:00:00-04:00,6.079999923706055,6.260000228881836,5.989999771118164,6.199999809265137,159700,0.0,0.0
2022-07-18 00:00:00-04:00,6.309999942779541,6.579999923706055,6.289999961853027,6.369999885559082,187400,0.0,0.0
2022-07-19 00:00:00-04:00,6.53000020980835,6.630000114440918,6.380000114440918,6.610000133514404,110700,0.0,0.0
2022-07-20 00:00:00-04:00,6.659999847412109,6.840000152587891,6.570000171661377,6.809999942779541,84700,0.0,0.0
2022-07-21 00:00:00-04:00,6.800000190734863,6.929999828338623,6.650000095367432,6.909999847412109,102300,0.0,0.0
2022-07-22 00:00:00-04:00,6.880000114440918,7.039999961853027,6.800000190734863,6.889999866485596,129600,0.0,0.0
2022-07-25 00:00:00-04:00,6.889999866485596,6.949999809265137,6.760000228881836,6.860000133514404,113100,0.0,0.0
2022-07-26 00:00:00-04:00,6.860000133514404,6.860000133514404,6.730000019073486,6.800000190734863,64600,0.0,0.0
2022-07-27 00:00:00-04:00,6.889999866485596,6.949999809265137,6.78000020980835,6.920000076293945,94500,0.0,0.0
2022-07-28 00:00:00-04:00,6.949999809265137,7.179999828338623,6.880000114440918,7.130000114440918,110200,0.0,0.0
2022-07-29 00:00:00-04:00,7.070000171661377,7.739999771118164,7.019999980926514,7.699999809265137,214800,0.0,0.0
2022-08-01 00:00:00-04:00,7.690000057220459,7.690000057220459,7.349999904632568,7.360000133514404,156500,0.0,0.0
2022-08-02 00:00:00-04:00,7.309999942779541,7.340000152587891,7.210000038146973,7.260000228881836,86800,0.0,0.0
2022-08-03 00:00:00-04:00,7.300000190734863,7.510000228881836,7.300000190734863,7.449999809265137,96600,0.0,0.0
2022-08-04 00:00:00-04:00,7.480000019073486,7.639999866485596,7.420000076293945,7.53000020980835,132700,0.0,0.0
2022-08-05 00:00:00-04:00,7.429999828338623,7.630000114440918,6.800000190734863,7.5,263800,0.0,0.0
2022-08-08 00:00:00-04:00,7.489999771118164,7.760000228881836,7.429999828338623,7.610000133514404,128500,0.0,0.0
2022-08-09 00:00:00-04:00,7.559999942779541,7.559999942779541,7.150000095367432,7.260000228881836,131000,0.0,0.0
2022-08-10 00:00:00-04:00,7.300000190734863,7.5,7.28000020980835,7.460000038146973,88600,0.0,0.0
2022-08-11 00:00:00-04:00,7.519999980926514,7.71999979019165,7.510000228881836,7.599999904632568,100800,0.0,0.0
2022-08-12 00:00:00-04:00,7.590000152587891,7.670000076293945,7.489999771118164,7.650000095367432,91500,0.0,0.0
2022-08-15 00:00:00-04:00,7.639999866485596,7.639999866485596,7.380000114440918,7.519999980926514,113600,0.0,0.0
2022-08-16 00:00:00-04:00,7.510000228881836,7.539999961853027,7.389999866485596,7.409999847412109,89700,0.0,0.0
2022-08-17 00:00:00-04:00,7.230000019073486,7.260000228881836,7.079999923706055,7.150000095367432,85900,0.0,0.0
2022-08-18 00:00:00-04:00,7.150000095367432,7.349999904632568,7.139999866485596,7.349999904632568,56500,0.0,0.0
2022-08-19 00:00:00-04:00,7.210000038146973,7.360000133514404,7.119999885559082,7.349999904632568,166900,0.0,0.0
2022-08-22 00:00:00-04:00,7.190000057220459,7.28000020980835,6.989999771118164,7.099999904632568,73600,0.0,0.0
2022-08-23 00:00:00-04:00,7.059999942779541,7.170000076293945,6.980000019073486,7.0,37200,0.0,0.0
2022-08-24 00:00:00-04:00,7.070000171661377,7.179999828338623,6.989999771118164,7.139999866485596,81200,0.0,0.0
2022-08-25 00:00:00-04:00,7.159999847412109,7.28000020980835,7.110000133514404,7.150000095367432,83300,0.0,0.0
2022-08-26 00:00:00-04:00,7.230000019073486,7.230000019073486,6.840000152587891,6.869999885559082,132000,0.0,0.0
2022-08-29 00:00:00-04:00,6.809999942779541,6.809999942779541,6.619999885559082,6.650000095367432,100200,0.0,0.0
2022-08-30 00:00:00-04:00,6.71999979019165,6.71999979019165,6.550000190734863,6.650000095367432,70400,0.0,0.0
2022-08-31 00:00:00-04:00,6.639999866485596,6.699999809265137,6.46999979019165,6.53000020980835,91200,0.0,0.0
2022-09-01 00:00:00-04:00,6.429999828338623,6.429999828338623,6.039999961853027,6.170000076293945,125100,0.0,0.0
2022-09-02 00:00:00-04:00,6.230000019073486,6.320000171661377,6.150000095367432,6.170000076293945,71100,0.0,0.0
2022-09-06 00:00:00-04:00,6.150000095367432,6.260000228881836,5.989999771118164,6.059999942779541,79000,0.0,0.0
2022-09-07 00:00:00-04:00,6.0,6.150000095367432,5.920000076293945,6.079999923706055,56200,0.0,0.0
2022-09-08 00:00:00-04:00,6.019999980926514,6.050000190734863,5.929999828338623,6.019999980926514,120800,0.0,0.0
2022-09-09 00:00:00-04:00,6.019999980926514,6.199999809265137,6.019999980926514,6.190000057220459,83300,0.0,0.0
2022-09-12 00:00:00-04:00,6.239999771118164,6.239999771118164,6.03000020980835,6.059999942779541,98800,0.0,0.0
2022-09-13 00:00:00-04:00,5.949999809265137,6.03000020980835,5.710000038146973,5.800000190734863,309600,0.0,0.0
2022-09-14 00:00:00-04:00,5.800000190734863,5.909999847412109,5.78000020980835,5.889999866485596,121000,0.0,0.0
2022-09-15 00:00:00-04:00,5.849999904632568,6.019999980926514,5.800000190734863,5.860000133514404,159700,0.0,0.0
2022-09-16 00:00:00-04:00,5.760000228881836,5.869999885559082,5.679999828338623,5.679999828338623,118500,0.0,0.0
2022-09-19 00:00:00-04:00,5.650000095367432,5.710000038146973,5.519999980926514,5.590000152587891,86300,0.0,0.0
2022-09-20 00:00:00-04:00,5.550000190734863,5.550000190734863,5.420000076293945,5.429999828338623,63800,0.0,0.0
2022-09-21 00:00:00-04:00,5.610000133514404,5.610000133514404,5.329999923706055,5.369999885559082,85900,0.0,0.0
2022-09-22 00:00:00-04:00,5.329999923706055,5.5,5.210000038146973,5.25,136800,0.0,0.0
2022-09-23 00:00:00-04:00,5.099999904632568,5.110000133514404,4.880000114440918,4.889999866485596,176400,0.0,0.0
2022-09-26 00:00:00-04:00,4.889999866485596,4.980000019073486,4.679999828338623,4.710000038146973,213100,0.0,0.0
2022-09-27 00:00:00-04:00,4.789999961853027,4.829999923706055,4.460000038146973,4.489999771118164,119400,0.0,0.0
2022-09-28 00:00:00-04:00,4.53000020980835,4.559999942779541,4.400000095367432,4.489999771118164,95500,0.0,0.0
2022-09-29 00:00:00-04:00,4.480000019073486,4.510000228881836,4.269999980926514,4.409999847412109,136200,0.0,0.0
2022-09-30 00:00:00-04:00,4.449999809265137,4.570000171661377,4.360000133514404,4.5,216300,0.0,0.0
2022-10-03 00:00:00-04:00,4.539999961853027,4.610000133514404,4.460000038146973,4.5,106100,0.0,0.0
2022-10-04 00:00:00-04:00,4.5,4.739999771118164,4.5,4.710000038146973,139400,0.0,0.0
2022-10-05 00:00:00-04:00,4.610000133514404,4.679999828338623,4.550000190734863,4.630000114440918,78900,0.0,0.0
2022-10-06 00:00:00-04:00,4.630000114440918,4.630000114440918,4.460000038146973,4.5,37900,0.0,0.0
2022-10-07 00:00:00-04:00,4.409999847412109,4.5,4.409999847412109,4.480000019073486,207400,0.0,0.0
2022-10-10 00:00:00-04:00,4.510000228881836,4.570000171661377,4.309999942779541,4.369999885559082,67500,0.0,0.0
2022-10-11 00:00:00-04:00,4.340000152587891,4.360000133514404,4.150000095367432,4.190000057220459,102200,0.0,0.0
2022-10-12 00:00:00-04:00,4.170000076293945,4.269999980926514,4.150000095367432,4.210000038146973,144700,0.0,0.0
2022-10-13 00:00:00-04:00,4.150000095367432,4.300000190734863,4.090000152587891,4.099999904632568,282900,0.0,0.0
2022-10-14 00:00:00-04:00,4.099999904632568,4.210000038146973,4.03000020980835,4.050000190734863,184300,0.0,0.0
2022-10-17 00:00:00-04:00,4.170000076293945,4.25,4.070000171661377,4.150000095367432,213400,0.0,0.0
2022-10-18 00:00:00-04:00,4.190000057220459,4.309999942779541,4.179999828338623,4.199999809265137,230900,0.0,0.0
2022-10-19 00:00:00-04:00,4.190000057220459,4.239999771118164,4.059999942779541,4.150000095367432,111100,0.0,0.0
2022-10-20 00:00:00-04:00,4.139999866485596,4.25,4.039999961853027,4.079999923706055,86000,0.0,0.0
2022-10-21 00:00:00-04:00,4.059999942779541,4.159999847412109,4.050000190734863,4.139999866485596,133000,0.0,0.0
2022-10-24 00:00:00-04:00,4.190000057220459,4.300000190734863,4.130000114440918,4.25,253000,0.0,0.0
2022-10-25 00:00:00-04:00,4.230000019073486,4.539999961853027,4.230000019073486,4.480000019073486,135500,0.0,0.0
2022-10-26 00:00:00-04:00,4.5,4.659999847412109,4.440000057220459,4.610000133514404,119900,0.0,0.0
2022-10-27 00:00:00-04:00,4.670000076293945,4.769999980926514,4.590000152587891,4.630000114440918,62100,0.0,0.0
2022-10-28 00:00:00-04:00,4.630000114440918,4.909999847412109,4.630000114440918,4.869999885559082,128500,0.0,0.0
2022-10-31 00:00:00-04:00,4.809999942779541,5.070000171661377,4.809999942779541,5.039999961853027,163100,0.0,0.0
2022-11-01 00:00:00-04:00,5.150000095367432,5.269999980926514,4.889999866485596,4.920000076293945,106900,0.0,0.0
2022-11-02 00:00:00-04:00,4.900000095367432,5.090000152587891,4.860000133514404,4.860000133514404,75900,0.0,0.0
2022-11-03 00:00:00-04:00,4.75,5.159999847412109,4.679999828338623,5.139999866485596,131900,0.0,0.0
2022-11-04 00:00:00-04:00,5.190000057220459,5.590000152587891,5.090000152587891,5.559999942779541,101500,0.0,0.0
2022-11-07 00:00:00-05:00,5.610000133514404,6.010000228881836,5.590000152587891,5.960000038146973,160300,0.0,0.0
2022-11-08 00:00:00-05:00,5.949999809265137,6.159999847412109,5.920000076293945,6.099999904632568,107600,0.0,0.0
2022-11-09 00:00:00-05:00,6.090000152587891,6.21999979019165,5.949999809265137,6.159999847412109,140900,0.0,0.0
2022-11-10 00:00:00-05:00,6.349999904632568,6.519999980926514,6.300000190734863,6.519999980926514,144500,0.0,0.0
2022-11-11 00:00:00-05:00,6.599999904632568,6.909999847412109,6.559999942779541,6.909999847412109,129100,0.0,0.0
2022-11-14 00:00:00-05:00,6.889999866485596,6.989999771118164,6.75,6.75,119700,0.0,0.0
2022-11-15 00:00:00-05:00,6.940000057220459,7.050000190734863,6.639999866485596,6.690000057220459,122300,0.0,0.0
2022-11-16 00:00:00-05:00,6.670000076293945,6.679999828338623,6.130000114440918,6.53000020980835,62300,0.0,0.0
2022-11-17 00:00:00-05:00,6.380000114440918,6.489999771118164,6.309999942779541,6.429999828338623,58700,0.0,0.0
2022-11-18 00:00:00-05:00,6.550000190734863,6.679999828338623,6.340000152587891,6.400000095367432,53600,0.0,0.0
2022-11-21 00:00:00-05:00,6.360000133514404,6.489999771118164,6.21999979019165,6.380000114440918,69300,0.0,0.0
2022-11-22 00:00:00-05:00,6.429999828338623,6.639999866485596,6.340000152587891,6.599999904632568,91600,0.0,0.0
2022-11-23 00:00:00-05:00,6.639999866485596,6.679999828338623,6.449999809265137,6.559999942779541,46100,0.0,0.0
2022-11-25 00:00:00-05:00,6.5,6.519999980926514,6.440000057220459,6.46999979019165,16700,0.0,0.0
2022-11-28 00:00:00-05:00,6.369999885559082,6.650000095367432,6.349999904632568,6.409999847412109,64500,0.0,0.0
2022-11-29 00:00:00-05:00,6.409999847412109,6.630000114440918,6.369999885559082,6.539999961853027,118000,0.0,0.0
2022-11-30 00:00:00-05:00,6.570000171661377,6.940000057220459,6.46999979019165,6.900000095367432,69800,0.0,0.0
2022-12-01 00:00:00-05:00,7.110000133514404,7.519999980926514,7.070000171661377,7.159999847412109,149800,0.0,0.0
2022-12-02 00:00:00-05:00,7.039999961853027,7.420000076293945,6.849999904632568,7.320000171661377,93300,0.0,0.0
2022-12-05 00:00:00-05:00,7.230000019073486,7.300000190734863,6.789999961853027,6.900000095367432,73400,0.0,0.0
2022-12-06 00:00:00-05:00,6.960000038146973,6.989999771118164,6.650000095367432,6.829999923706055,51500,0.0,0.0
2022-12-07 00:00:00-05:00,6.769999980926514,7.099999904632568,6.440000057220459,6.96999979019165,95600,0.0,0.0
2022-12-08 00:00:00-05:00,7.090000152587891,7.199999809265137,6.860000133514404,7.019999980926514,64500,0.0,0.0
2022-12-09 00:00:00-05:00,7.039999961853027,7.039999961853027,6.599999904632568,6.769999980926514,93400,0.0,0.0
2022-12-12 00:00:00-05:00,6.809999942779541,6.920000076293945,6.659999847412109,6.880000114440918,42200,0.0,0.0
2022-12-13 00:00:00-05:00,7.019999980926514,7.199999809265137,6.900000095367432,7.010000228881836,72200,0.0,0.0
2022-12-14 00:00:00-05:00,6.949999809265137,7.349999904632568,6.829999923706055,7.130000114440918,71300,0.0,0.0
2022-12-15 00:00:00-05:00,7.059999942779541,7.059999942779541,6.610000133514404,6.730000019073486,85400,0.0,0.0
2022-12-16 00:00:00-05:00,6.599999904632568,6.769999980926514,6.510000228881836,6.730000019073486,56300,0.0,0.0
2022-12-19 00:00:00-05:00,6.699999809265137,6.710000038146973,6.429999828338623,6.46999979019165,56300,0.0,0.0
2022-12-20 00:00:00-05:00,6.480000019073486,7.0,6.460000038146973,6.659999847412109,101000,0.0,0.0
2022-12-21 00:00:00-05:00,6.769999980926514,6.889999866485596,6.730000019073486,6.809999942779541,48700,0.0,0.0
2022-12-22 00:00:00-05:00,6.71999979019165,6.71999979019165,6.320000171661377,6.53000020980835,60200,0.0,0.0
2022-12-23 00:00:00-05:00,6.539999961853027,6.699999809265137,6.349999904632568,6.630000114440918,51600,0.0,0.0
2022-12-27 00:00:00-05:00,6.690000057220459,6.889999866485596,6.670000076293945,6.820000171661377,43900,0.0,0.0
2022-12-28 00:00:00-05:00,6.840000152587891,6.900000095367432,6.75,6.760000228881836,61000,0.0,0.0
2022-12-29 00:00:00-05:00,6.849999904632568,7.070000171661377,6.849999904632568,6.869999885559082,77300,0.0,0.0
2022-12-30 00:00:00-05:00,6.809999942779541,6.880000114440918,6.71999979019165,6.809999942779541,20300,0.0,0.0
2023-01-03 00:00:00-05:00,6.809999942779541,7.070000171661377,6.739999771118164,6.869999885559082,61300,0.0,0.0
2023-01-04 00:00:00-05:00,6.840000152587891,7.170000076293945,6.840000152587891,7.090000152587891,66800,0.0,0.0
2023-01-05 00:00:00-05:00,7.0,7.050000190734863,6.849999904632568,6.940000057220459,48100,0.0,0.0
2023-01-06 00:00:00-05:00,7.039999961853027,7.239999771118164,7.0,7.059999942779541,148700,0.0,0.0
2023-01-09 00:00:00-05:00,7.130000114440918,7.190000057220459,7.0,7.099999904632568,148600,0.0,0.0
2023-01-10 00:00:00-05:00,6.949999809265137,7.400000095367432,6.949999809265137,7.269999980926514,232000,0.0,0.0
2023-01-11 00:00:00-05:00,7.230000019073486,7.53000020980835,7.230000019073486,7.440000057220459,146600,0.0,0.0
2023-01-12 00:00:00-05:00,7.449999809265137,7.5,7.300000190734863,7.380000114440918,75100,0.0,0.0
2023-01-13 00:00:00-05:00,7.289999961853027,7.519999980926514,7.289999961853027,7.400000095367432,96000,0.0,0.0
2023-01-17 00:00:00-05:00,7.420000076293945,7.519999980926514,7.170000076293945,7.199999809265137,39300,0.0,0.0
2023-01-18 00:00:00-05:00,7.289999961853027,7.440000057220459,7.110000133514404,7.139999866485596,97600,0.0,0.0
2023-01-19 00:00:00-05:00,7.010000228881836,7.099999904632568,6.730000019073486,7.03000020980835,113700,0.0,0.0
2023-01-20 00:00:00-05:00,7.090000152587891,7.409999847412109,7.090000152587891,7.21999979019165,76400,0.0,0.0
2023-01-23 00:00:00-05:00,7.230000019073486,7.460000038146973,7.230000019073486,7.369999885559082,105100,0.0,0.0
2023-01-24 00:00:00-05:00,7.360000133514404,7.420000076293945,7.230000019073486,7.329999923706055,57700,0.0,0.0
2023-01-25 00:00:00-05:00,7.269999980926514,7.340000152587891,7.130000114440918,7.300000190734863,127400,0.0,0.0
2023-01-26 00:00:00-05:00,7.320000171661377,7.440000057220459,7.090000152587891,7.440000057220459,73800,0.0,0.0
2023-01-27 00:00:00-05:00,7.440000057220459,7.630000114440918,7.429999828338623,7.5,78300,0.0,0.0
2023-01-30 00:00:00-05:00,7.429999828338623,7.570000171661377,7.369999885559082,7.489999771118164,196300,0.0,0.0
2023-01-31 00:00:00-05:00,7.559999942779541,8.420000076293945,7.559999942779541,8.380000114440918,364800,0.0,0.0
2023-02-01 00:00:00-05:00,8.489999771118164,8.699999809265137,8.40999984741211,8.579999923706055,236300,0.0,0.0
2023-02-02 00:00:00-05:00,8.710000038146973,9.020000457763672,8.5,8.729999542236328,358200,0.0,0.0
2023-02-03 00:00:00-05:00,8.619999885559082,8.84000015258789,8.430000305175781,8.489999771118164,162800,0.0,0.0
2023-02-06 00:00:00-05:00,8.489999771118164,8.489999771118164,8.180000305175781,8.300000190734863,123500,0.0,0.0
2023-02-07 00:00:00-05:00,8.279999732971191,8.5600004196167,8.180000305175781,8.260000228881836,181900,0.0,0.0
2023-02-08 00:00:00-05:00,8.270000457763672,8.369999885559082,8.210000038146973,8.270000457763672,84400,0.0,0.0
2023-02-09 00:00:00-05:00,8.40999984741211,8.510000228881836,8.270000457763672,8.289999961853027,184200,0.0,0.0
2023-02-10 00:00:00-05:00,8.229999542236328,8.510000228881836,8.109999656677246,8.229999542236328,76800,0.0,0.0
2023-02-13 00:00:00-05:00,8.170000076293945,8.3100004196167,8.130000114440918,8.300000190734863,50700,0.0,0.0
2023-02-14 00:00:00-05:00,8.220000267028809,8.380000114440918,8.130000114440918,8.289999961853027,63300,0.0,0.0
2023-02-15 00:00:00-05:00,8.1899995803833,8.289999961853027,8.119999885559082,8.180000305175781,90700,0.0,0.0
2023-02-16 00:00:00-05:00,8.069999694824219,8.380000114440918,7.940000057220459,8.239999771118164,192500,0.0,0.0
2023-02-17 00:00:00-05:00,8.199999809265137,8.329999923706055,8.100000381469727,8.210000038146973,134600,0.0,0.0
2023-02-21 00:00:00-05:00,8.069999694824219,8.210000038146973,7.989999771118164,8.109999656677246,91200,0.0,0.0
2023-02-22 00:00:00-05:00,8.180000305175781,8.229999542236328,7.980000019073486,8.050000190734863,109300,0.0,0.0
2023-02-23 00:00:00-05:00,8.029999732971191,8.109999656677246,7.980000019073486,8.020000457763672,101700,0.0,0.0
2023-02-24 00:00:00-05:00,7.880000114440918,8.050000190734863,7.829999923706055,7.920000076293945,115200,0.0,0.0
2023-02-27 00:00:00-05:00,8.010000228881836,8.029999732971191,7.949999809265137,7.989999771118164,68700,0.0,0.0
2023-02-28 00:00:00-05:00,7.989999771118164,8.069999694824219,7.889999866485596,7.900000095367432,76400,0.0,0.0
2023-03-01 00:00:00-05:00,7.869999885559082,8.15999984741211,7.869999885559082,8.109999656677246,95300,0.0,0.0
2023-03-02 00:00:00-05:00,8.010000228881836,8.279999732971191,7.769999980926514,8.210000038146973,107400,0.0,0.0
2023-03-03 00:00:00-05:00,8.260000228881836,8.550000190734863,8.180000305175781,8.449999809265137,175700,0.0,0.0
2023-03-06 00:00:00-05:00,8.4399995803833,8.640000343322754,8.3100004196167,8.40999984741211,171100,0.0,0.0
2023-03-07 00:00:00-05:00,7.989999771118164,8.5,7.269999980926514,7.380000114440918,334000,0.0,0.0
2023-03-08 00:00:00-05:00,7.349999904632568,7.659999847412109,7.199999809265137,7.619999885559082,248000,0.0,0.0
2023-03-09 00:00:00-05:00,7.599999904632568,8.09000015258789,7.5,7.900000095367432,332600,0.0,0.0
2023-03-10 00:00:00-05:00,7.889999866485596,7.889999866485596,7.480000019073486,7.550000190734863,143200,0.0,0.0
2023-03-13 00:00:00-04:00,7.420000076293945,7.420000076293945,6.96999979019165,7.130000114440918,248200,0.0,0.0
2023-03-14 00:00:00-04:00,6.920000076293945,7.340000152587891,6.920000076293945,7.210000038146973,139600,0.0,0.0
2023-03-15 00:00:00-04:00,6.989999771118164,7.190000057220459,6.800000190734863,6.840000152587891,247200,0.0,0.0
2023-03-16 00:00:00-04:00,6.840000152587891,7.019999980926514,6.760000228881836,6.940000057220459,231600,0.0,0.0
2023-03-17 00:00:00-04:00,6.829999923706055,7.130000114440918,6.599999904632568,6.610000133514404,218600,0.0,0.0
2023-03-20 00:00:00-04:00,6.659999847412109,6.960000038146973,6.489999771118164,6.619999885559082,136500,0.0,0.0
2023-03-21 00:00:00-04:00,6.739999771118164,7.0,6.690000057220459,6.860000133514404,451100,0.0,0.0
2023-03-22 00:00:00-04:00,6.909999847412109,7.070000171661377,6.610000133514404,6.900000095367432,169400,0.0,0.0
2023-03-23 00:00:00-04:00,6.880000114440918,7.090000152587891,6.630000114440918,6.690000057220459,234700,0.0,0.0
2023-03-24 00:00:00-04:00,6.630000114440918,6.789999961853027,6.510000228881836,6.710000038146973,213400,0.0,0.0
2023-03-27 00:00:00-04:00,6.800000190734863,6.909999847412109,6.670000076293945,6.840000152587891,90400,0.0,0.0
2023-03-28 00:00:00-04:00,6.829999923706055,7.03000020980835,6.829999923706055,6.980000019073486,120500,0.0,0.0
2023-03-29 00:00:00-04:00,7.099999904632568,7.190000057220459,7.03000020980835,7.170000076293945,134100,0.0,0.0
2023-03-30 00:00:00-04:00,7.28000020980835,7.28000020980835,7.099999904632568,7.150000095367432,55300,0.0,0.0
2023-03-31 00:00:00-04:00,7.159999847412109,7.380000114440918,7.150000095367432,7.300000190734863,103400,0.0,0.0
2023-04-03 00:00:00-04:00,7.360000133514404,7.480000019073486,7.260000228881836,7.460000038146973,160400,0.0,0.0
2023-04-04 00:00:00-04:00,7.460000038146973,7.460000038146973,6.980000019073486,7.019999980926514,112600,0.0,0.0
2023-04-05 00:00:00-04:00,7.099999904632568,7.119999885559082,6.820000171661377,6.869999885559082,124400,0.0,0.0
2023-04-06 00:00:00-04:00,6.849999904632568,6.929999828338623,6.75,6.849999904632568,107500,0.0,0.0
2023-04-10 00:00:00-04:00,6.809999942779541,7.150000095367432,6.809999942779541,7.099999904632568,171400,0.0,0.0
2023-04-11 00:00:00-04:00,7.119999885559082,7.300000190734863,7.090000152587891,7.28000020980835,106000,0.0,0.0
2023-04-12 00:00:00-04:00,7.25,7.320000171661377,6.900000095367432,7.300000190734863,78500,0.0,0.0
2023-04-13 00:00:00-04:00,7.300000190734863,7.400000095367432,6.989999771118164,7.340000152587891,65600,0.0,0.0
2023-04-14 00:00:00-04:00,7.28000020980835,7.369999885559082,7.28000020980835,7.300000190734863,63500,0.0,0.0
2023-04-17 00:00:00-04:00,7.309999942779541,7.369999885559082,7.21999979019165,7.309999942779541,96100,0.0,0.0
2023-04-18 00:00:00-04:00,7.329999923706055,7.449999809265137,7.320000171661377,7.409999847412109,54100,0.0,0.0
2023-04-19 00:00:00-04:00,7.349999904632568,7.349999904632568,7.230000019073486,7.269999980926514,48900,0.0,0.0
2023-04-20 00:00:00-04:00,7.190000057220459,7.300000190734863,7.099999904632568,7.269999980926514,41600,0.0,0.0
2023-04-21 00:00:00-04:00,7.289999961853027,7.309999942779541,7.190000057220459,7.25,64500,0.0,0.0
2023-04-24 00:00:00-04:00,7.269999980926514,7.389999866485596,7.190000057220459,7.260000228881836,144200,0.0,0.0
2023-04-25 00:00:00-04:00,7.170000076293945,7.239999771118164,6.920000076293945,6.929999828338623,141900,0.0,0.0
2023-04-26 00:00:00-04:00,6.860000133514404,6.989999771118164,6.789999961853027,6.940000057220459,84600,0.0,0.0
2023-04-27 00:00:00-04:00,7.059999942779541,7.239999771118164,6.960000038146973,7.090000152587891,113300,0.0,0.0
2023-04-28 00:00:00-04:00,7.119999885559082,7.360000133514404,7.119999885559082,7.329999923706055,169700,0.0,0.0
2023-05-01 00:00:00-04:00,7.329999923706055,7.449999809265137,7.309999942779541,7.389999866485596,145300,0.0,0.0
2023-05-02 00:00:00-04:00,7.389999866485596,7.440000057220459,7.050000190734863,7.239999771118164,105600,0.0,0.0
2023-05-03 00:00:00-04:00,7.820000171661377,8.880000114440918,7.820000171661377,8.760000228881836,706500,0.0,0.0
2023-05-04 00:00:00-04:00,8.9399995803833,9.170000076293945,8.550000190734863,9.15999984741211,688100,0.0,0.0
2023-05-05 00:00:00-04:00,9.170000076293945,10.149999618530273,9.130000114440918,10.100000381469727,622800,0.0,0.0
2023-05-08 00:00:00-04:00,10.289999961853027,10.289999961853027,9.760000228881836,10.010000228881836,747700,0.0,0.0
2023-05-09 00:00:00-04:00,9.869999885559082,9.880000114440918,8.369999885559082,9.199999809265137,753900,0.0,0.0
2023-05-10 00:00:00-04:00,9.479999542236328,9.640000343322754,9.010000228881836,9.3100004196167,454800,0.0,0.0
2023-05-11 00:00:00-04:00,9.300000190734863,9.800000190734863,9.199999809265137,9.800000190734863,357800,0.0,0.0
2023-05-12 00:00:00-04:00,9.850000381469727,10.029999732971191,9.789999961853027,9.949999809265137,295700,0.0,0.0
2023-05-15 00:00:00-04:00,9.920000076293945,10.100000381469727,9.920000076293945,10.0600004196167,378600,0.0,0.0
2023-05-16 00:00:00-04:00,10.050000190734863,10.140000343322754,9.789999961853027,9.850000381469727,251100,0.0,0.0
2023-05-17 00:00:00-04:00,9.890000343322754,10.020000457763672,9.619999885559082,10.0,340200,0.0,0.0
2023-05-18 00:00:00-04:00,10.0,10.130000114440918,9.869999885559082,10.0,373900,0.0,0.0
2023-05-19 00:00:00-04:00,10.180000305175781,10.329999923706055,9.869999885559082,10.100000381469727,473300,0.0,0.0
2023-05-22 00:00:00-04:00,10.199999809265137,10.770000457763672,10.1899995803833,10.5,508200,0.0,0.0
2023-05-23 00:00:00-04:00,10.479999542236328,10.779999732971191,10.4399995803833,10.539999961853027,396300,0.0,0.0
2023-05-24 00:00:00-04:00,10.430000305175781,10.4399995803833,10.029999732971191,10.369999885559082,283200,0.0,0.0
2023-05-25 00:00:00-04:00,10.319999694824219,10.4399995803833,10.0,10.390000343322754,362000,0.0,0.0
2023-05-26 00:00:00-04:00,10.390000343322754,10.550000190734863,10.109999656677246,10.350000381469727,475500,0.0,0.0
2023-05-30 00:00:00-04:00,10.75,10.829999923706055,10.039999961853027,10.100000381469727,274500,0.0,0.0
2023-05-31 00:00:00-04:00,9.989999771118164,9.989999771118164,9.569999694824219,9.8100004196167,316000,0.0,0.0
2023-06-01 00:00:00-04:00,9.800000190734863,9.949999809265137,9.470000267028809,9.789999961853027,277800,0.0,0.0
2023-06-02 00:00:00-04:00,9.899999618530273,10.119999885559082,9.569999694824219,9.9399995803833,290800,0.0,0.0
2023-06-05 00:00:00-04:00,9.899999618530273,9.970000267028809,9.569999694824219,9.869999885559082,262300,0.0,0.0
2023-06-06 00:00:00-04:00,9.859999656677246,10.050000190734863,9.75,9.960000038146973,348900,0.0,0.0
2023-06-07 00:00:00-04:00,9.960000038146973,10.0600004196167,9.789999961853027,9.800000190734863,316000,0.0,0.0
2023-06-08 00:00:00-04:00,9.800000190734863,10.289999961853027,9.779999732971191,10.25,494200,0.0,0.0
2023-06-09 00:00:00-04:00,10.3100004196167,10.34000015258789,10.0,10.029999732971191,398800,0.0,0.0
2023-06-12 00:00:00-04:00,10.010000228881836,10.180000305175781,9.920000076293945,10.029999732971191,331000,0.0,0.0
2023-06-13 00:00:00-04:00,10.029999732971191,10.229999542236328,9.949999809265137,10.069999694824219,419400,0.0,0.0
2023-06-14 00:00:00-04:00,10.039999961853027,10.220000267028809,9.899999618530273,9.930000305175781,259700,0.0,0.0
2023-06-15 00:00:00-04:00,9.850000381469727,10.100000381469727,9.75,10.029999732971191,237300,0.0,0.0
2023-06-16 00:00:00-04:00,10.029999732971191,10.109999656677246,9.65999984741211,9.770000457763672,337400,0.0,0.0
2023-06-20 00:00:00-04:00,9.65999984741211,10.0,9.609999656677246,9.84000015258789,299500,0.0,0.0
2023-06-21 00:00:00-04:00,9.819999694824219,10.199999809265137,9.720000267028809,10.180000305175781,422300,0.0,0.0
2023-06-22 00:00:00-04:00,10.170000076293945,10.350000381469727,10.119999885559082,10.170000076293945,320200,0.0,0.0
2023-06-23 00:00:00-04:00,10.020000457763672,10.149999618530273,9.729999542236328,9.770000457763672,4520000,0.0,0.0
2023-06-26 00:00:00-04:00,9.75,10.430000305175781,9.609999656677246,10.34000015258789,571300,0.0,0.0
2023-06-27 00:00:00-04:00,10.300000190734863,10.869999885559082,10.300000190734863,10.550000190734863,513000,0.0,0.0
2023-06-28 00:00:00-04:00,10.550000190734863,10.699999809265137,10.3100004196167,10.65999984741211,398700,0.0,0.0
2023-06-29 00:00:00-04:00,10.699999809265137,10.989999771118164,10.649999618530273,10.90999984741211,343400,0.0,0.0
2023-06-30 00:00:00-04:00,10.989999771118164,11.449999809265137,10.979999542236328,11.100000381469727,706100,0.0,0.0
2023-07-03 00:00:00-04:00,11.100000381469727,11.270000457763672,10.9399995803833,11.180000305175781,264900,0.0,0.0
2023-07-05 00:00:00-04:00,11.149999618530273,11.149999618530273,10.369999885559082,10.630000114440918,400800,0.0,0.0
2023-07-06 00:00:00-04:00,10.529999732971191,10.5600004196167,10.220000267028809,10.239999771118164,275200,0.0,0.0
2023-07-07 00:00:00-04:00,10.300000190734863,10.6899995803833,10.300000190734863,10.4399995803833,353200,0.0,0.0
2023-07-10 00:00:00-04:00,10.4399995803833,10.779999732971191,10.4399995803833,10.529999732971191,197000,0.0,0.0
2023-07-11 00:00:00-04:00,10.550000190734863,10.720000267028809,10.470000267028809,10.579999923706055,244300,0.0,0.0
2023-07-12 00:00:00-04:00,10.779999732971191,11.0600004196167,10.6899995803833,10.859999656677246,240800,0.0,0.0
2023-07-13 00:00:00-04:00,10.880000114440918,10.90999984741211,10.59000015258789,10.630000114440918,192300,0.0,0.0
2023-07-14 00:00:00-04:00,10.619999885559082,10.649999618530273,10.34000015258789,10.609999656677246,210500,0.0,0.0
2023-07-17 00:00:00-04:00,10.550000190734863,10.960000038146973,10.359999656677246,10.859999656677246,266400,0.0,0.0
2023-07-18 00:00:00-04:00,10.84000015258789,10.960000038146973,10.640000343322754,10.800000190734863,228900,0.0,0.0
2023-07-19 00:00:00-04:00,10.800000190734863,10.800000190734863,10.520000457763672,10.600000381469727,207700,0.0,0.0
2023-07-20 00:00:00-04:00,10.579999923706055,10.720000267028809,10.5,10.569999694824219,206600,0.0,0.0
2023-07-21 00:00:00-04:00,10.640000343322754,10.640000343322754,10.399999618530273,10.430000305175781,164300,0.0,0.0
2023-07-24 00:00:00-04:00,10.460000038146973,10.569999694824219,10.40999984741211,10.470000267028809,207500,0.0,0.0
2023-07-25 00:00:00-04:00,10.430000305175781,10.489999771118164,10.100000381469727,10.40999984741211,344100,0.0,0.0
2023-07-26 00:00:00-04:00,10.40999984741211,10.600000381469727,10.40999984741211,10.5,111600,0.0,0.0
2023-07-27 00:00:00-04:00,10.510000228881836,10.510000228881836,10.220000267028809,10.279999732971191,119000,0.0,0.0
2023-07-28 00:00:00-04:00,10.350000381469727,10.529999732971191,10.319999694824219,10.5,165400,0.0,0.0
2023-07-31 00:00:00-04:00,10.5,10.630000114440918,10.449999809265137,10.5,179100,0.0,0.0
2023-08-01 00:00:00-04:00,10.5,10.6899995803833,10.119999885559082,10.65999984741211,267500,0.0,0.0
2023-08-02 00:00:00-04:00,11.050000190734863,11.960000038146973,11.029999732971191,11.430000305175781,786700,0.0,0.0
2023-08-03 00:00:00-04:00,11.3100004196167,11.350000381469727,10.260000228881836,10.270000457763672,363600,0.0,0.0
2023-08-04 00:00:00-04:00,10.270000457763672,10.3100004196167,9.960000038146973,10.210000038146973,192000,0.0,0.0
2023-08-07 00:00:00-04:00,10.180000305175781,10.180000305175781,9.770000457763672,9.979999542236328,214300,0.0,0.0
2023-08-08 00:00:00-04:00,9.90999984741211,10.079999923706055,9.789999961853027,10.010000228881836,150800,0.0,0.0
2023-08-09 00:00:00-04:00,10.149999618530273,10.550000190734863,10.079999923706055,10.479999542236328,245800,0.0,0.0
2023-08-10 00:00:00-04:00,10.59000015258789,10.739999771118164,10.3100004196167,10.4399995803833,373400,0.0,0.0
2023-08-11 00:00:00-04:00,10.380000114440918,10.380000114440918,10.210000038146973,10.25,176000,0.0,0.0
2023-08-14 00:00:00-04:00,10.1899995803833,10.1899995803833,9.8100004196167,9.850000381469727,174800,0.0,0.0
2023-08-15 00:00:00-04:00,9.819999694824219,9.819999694824219,9.399999618530273,9.489999771118164,231700,0.0,0.0
2023-08-16 00:00:00-04:00,9.449999809265137,9.619999885559082,9.180000305175781,9.199999809265137,220700,0.0,0.0
2023-08-17 00:00:00-04:00,9.270000457763672,9.359999656677246,9.149999618530273,9.329999923706055,219900,0.0,0.0
2023-08-18 00:00:00-04:00,9.239999771118164,9.479999542236328,9.149999618530273,9.260000228881836,347300,0.0,0.0
2023-08-21 00:00:00-04:00,9.270000457763672,9.279999732971191,8.989999771118164,9.050000190734863,297200,0.0,0.0
2023-08-22 00:00:00-04:00,9.100000381469727,9.119999885559082,8.9399995803833,8.989999771118164,191000,0.0,0.0
2023-08-23 00:00:00-04:00,8.989999771118164,9.149999618530273,8.850000381469727,8.869999885559082,169300,0.0,0.0
2023-08-24 00:00:00-04:00,8.8100004196167,8.829999923706055,8.489999771118164,8.729999542236328,233800,0.0,0.0
2023-08-25 00:00:00-04:00,8.789999961853027,8.960000038146973,8.699999809265137,8.720000267028809,108900,0.0,0.0
2023-08-28 00:00:00-04:00,8.779999732971191,9.109999656677246,8.760000228881836,8.8100004196167,251000,0.0,0.0
2023-08-29 00:00:00-04:00,8.800000190734863,8.970000267028809,8.739999771118164,8.890000343322754,123300,0.0,0.0
2023-08-30 00:00:00-04:00,8.890000343322754,8.989999771118164,8.739999771118164,8.899999618530273,198200,0.0,0.0
2023-08-31 00:00:00-04:00,8.960000038146973,9.289999961853027,8.960000038146973,9.210000038146973,174200,0.0,0.0
2023-09-01 00:00:00-04:00,9.289999961853027,9.369999885559082,9.130000114440918,9.140000343322754,142800,0.0,0.0
2023-09-05 00:00:00-04:00,9.149999618530273,9.15999984741211,8.6899995803833,8.819999694824219,167200,0.0,0.0
2023-09-06 00:00:00-04:00,8.880000114440918,9.0,8.630000114440918,8.649999618530273,121100,0.0,0.0
2023-09-07 00:00:00-04:00,8.609999656677246,8.609999656677246,8.329999923706055,8.329999923706055,185800,0.0,0.0
2023-09-08 00:00:00-04:00,8.279999732971191,8.319999694824219,8.130000114440918,8.199999809265137,121100,0.0,0.0
2023-09-11 00:00:00-04:00,8.300000190734863,8.34000015258789,8.140000343322754,8.170000076293945,138200,0.0,0.0
2023-09-12 00:00:00-04:00,8.180000305175781,8.279999732971191,8.010000228881836,8.130000114440918,140300,0.0,0.0
2023-09-13 00:00:00-04:00,8.170000076293945,8.170000076293945,7.860000133514404,7.929999828338623,153300,0.0,0.0
2023-09-14 00:00:00-04:00,8.050000190734863,8.210000038146973,7.929999828338623,7.960000038146973,138200,0.0,0.0
2023-09-15 00:00:00-04:00,7.949999809265137,7.949999809265137,7.78000020980835,7.789999961853027,237300,0.0,0.0
2023-09-18 00:00:00-04:00,7.809999942779541,7.829999923706055,7.599999904632568,7.619999885559082,107600,0.0,0.0
2023-09-19 00:00:00-04:00,7.690000057220459,8.029999732971191,7.690000057220459,7.909999847412109,287500,0.0,0.0
2023-09-20 00:00:00-04:00,7.949999809265137,8.180000305175781,7.920000076293945,7.940000057220459,109900,0.0,0.0
2023-09-21 00:00:00-04:00,7.860000133514404,7.909999847412109,7.75,7.869999885559082,105500,0.0,0.0
2023-09-22 00:00:00-04:00,7.889999866485596,7.980000019073486,7.800000190734863,7.829999923706055,116100,0.0,0.0
2023-09-25 00:00:00-04:00,7.820000171661377,7.860000133514404,7.599999904632568,7.809999942779541,165700,0.0,0.0
2023-09-26 00:00:00-04:00,7.800000190734863,7.920000076293945,7.659999847412109,7.659999847412109,94900,0.0,0.0
2023-09-27 00:00:00-04:00,7.710000038146973,7.840000152587891,7.650000095367432,7.789999961853027,120100,0.0,0.0
2023-09-28 00:00:00-04:00,7.800000190734863,8.029999732971191,7.699999809265137,7.820000171661377,180600,0.0,0.0
2023-09-29 00:00:00-04:00,7.889999866485596,7.889999866485596,7.599999904632568,7.760000228881836,431900,0.0,0.0
2023-10-02 00:00:00-04:00,7.769999980926514,7.860000133514404,7.550000190734863,7.610000133514404,137200,0.0,0.0
2023-10-03 00:00:00-04:00,7.519999980926514,7.590000152587891,7.389999866485596,7.550000190734863,218900,0.0,0.0
2023-10-04 00:00:00-04:00,7.539999961853027,7.590000152587891,7.309999942779541,7.539999961853027,225300,0.0,0.0
2023-10-05 00:00:00-04:00,7.519999980926514,7.650000095367432,7.449999809265137,7.610000133514404,150500,0.0,0.0
2023-10-06 00:00:00-04:00,7.559999942779541,7.769999980926514,7.489999771118164,7.71999979019165,111200,0.0,0.0
2023-10-09 00:00:00-04:00,7.639999866485596,7.800000190734863,7.489999771118164,7.75,121900,0.0,0.0
2023-10-10 00:00:00-04:00,7.769999980926514,7.909999847412109,7.639999866485596,7.650000095367432,185500,0.0,0.0
2023-10-11 00:00:00-04:00,7.659999847412109,7.760000228881836,7.630000114440918,7.650000095367432,80100,0.0,0.0
2023-10-12 00:00:00-04:00,7.650000095367432,7.730000019073486,7.389999866485596,7.489999771118164,138400,0.0,0.0
2023-10-13 00:00:00-04:00,7.550000190734863,7.550000190734863,7.199999809265137,7.199999809265137,82100,0.0,0.0
2023-10-16 00:00:00-04:00,7.309999942779541,7.489999771118164,7.309999942779541,7.369999885559082,127100,0.0,0.0
2023-10-17 00:00:00-04:00,7.349999904632568,7.559999942779541,7.349999904632568,7.449999809265137,188200,0.0,0.0
2023-10-18 00:00:00-04:00,7.360000133514404,7.380000114440918,7.050000190734863,7.070000171661377,100100,0.0,0.0
2023-10-19 00:00:00-04:00,7.059999942779541,7.300000190734863,6.929999828338623,6.96999979019165,109900,0.0,0.0
2023-10-20 00:00:00-04:00,7.0,7.070000171661377,6.889999866485596,6.900000095367432,124000,0.0,0.0
2023-10-23 00:00:00-04:00,6.900000095367432,7.050000190734863,6.900000095367432,6.940000057220459,114200,0.0,0.0
2023-10-24 00:00:00-04:00,7.0,7.179999828338623,6.920000076293945,7.099999904632568,167800,0.0,0.0
2023-10-25 00:00:00-04:00,7.070000171661377,7.079999923706055,6.920000076293945,7.039999961853027,122100,0.0,0.0
2023-10-26 00:00:00-04:00,7.070000171661377,7.070000171661377,6.929999828338623,7.03000020980835,100300,0.0,0.0
2023-10-27 00:00:00-04:00,7.03000020980835,7.03000020980835,6.739999771118164,6.860000133514404,155600,0.0,0.0
2023-10-30 00:00:00-04:00,6.980000019073486,7.139999866485596,6.900000095367432,7.110000133514404,170200,0.0,0.0
2023-10-31 00:00:00-04:00,7.139999866485596,7.179999828338623,6.860000133514404,6.96999979019165,148300,0.0,0.0
2023-11-01 00:00:00-04:00,7.03000020980835,7.03000020980835,6.769999980926514,6.929999828338623,149800,0.0,0.0
2023-11-02 00:00:00-04:00,7.0,7.050000190734863,6.170000076293945,6.210000038146973,384100,0.0,0.0
2023-11-03 00:00:00-04:00,6.369999885559082,6.440000057220459,6.019999980926514,6.159999847412109,299900,0.0,0.0
2023-11-06 00:00:00-05:00,6.079999923706055,6.079999923706055,5.760000228881836,5.889999866485596,316700,0.0,0.0
2023-11-07 00:00:00-05:00,5.909999847412109,6.0,5.670000076293945,5.769999980926514,194500,0.0,0.0
2023-11-08 00:00:00-05:00,5.75,5.75,5.480000019073486,5.619999885559082,213800,0.0,0.0
2023-11-09 00:00:00-05:00,5.690000057220459,5.730000019073486,5.559999942779541,5.659999847412109,253100,0.0,0.0
2023-11-10 00:00:00-05:00,5.659999847412109,5.869999885559082,5.590000152587891,5.769999980926514,123800,0.0,0.0
2023-11-13 00:00:00-05:00,5.710000038146973,5.75,5.510000228881836,5.579999923706055,177700,0.0,0.0
2023-11-14 00:00:00-05:00,5.769999980926514,5.989999771118164,5.769999980926514,5.949999809265137,255200,0.0,0.0
2023-11-15 00:00:00-05:00,6.0,6.389999866485596,6.0,6.329999923706055,342000,0.0,0.0
2023-11-16 00:00:00-05:00,6.320000171661377,6.349999904632568,6.119999885559082,6.349999904632568,227100,0.0,0.0
2023-11-17 00:00:00-05:00,6.409999847412109,6.409999847412109,6.28000020980835,6.349999904632568,197400,0.0,0.0
2023-11-20 00:00:00-05:00,6.349999904632568,6.53000020980835,6.289999961853027,6.5,177500,0.0,0.0
2023-11-21 00:00:00-05:00,6.46999979019165,6.559999942779541,6.360000133514404,6.409999847412109,197900,0.0,0.0
2023-11-22 00:00:00-05:00,6.389999866485596,6.519999980926514,6.320000171661377,6.329999923706055,134200,0.0,0.0
2023-11-24 00:00:00-05:00,6.369999885559082,6.409999847412109,6.300000190734863,6.360000133514404,51900,0.0,0.0
2023-11-27 00:00:00-05:00,6.349999904632568,6.46999979019165,6.320000171661377,6.449999809265137,120800,0.0,0.0
2023-11-28 00:00:00-05:00,6.449999809265137,6.53000020980835,6.360000133514404,6.429999828338623,123700,0.0,0.0
2023-11-29 00:00:00-05:00,6.440000057220459,6.639999866485596,6.400000095367432,6.539999961853027,183900,0.0,0.0
2023-11-30 00:00:00-05:00,6.539999961853027,6.539999961853027,6.429999828338623,6.519999980926514,101600,0.0,0.0
2023-12-01 00:00:00-05:00,6.53000020980835,6.949999809265137,6.369999885559082,6.909999847412109,274200,0.0,0.0
2023-12-04 00:00:00-05:00,6.889999866485596,6.980000019073486,6.730000019073486,6.800000190734863,160700,0.0,0.0
2023-12-05 00:00:00-05:00,6.760000228881836,6.869999885559082,6.650000095367432,6.75,194800,0.0,0.0
2023-12-06 00:00:00-05:00,6.800000190734863,6.900000095367432,6.559999942779541,6.699999809265137,217200,0.0,0.0
2023-12-07 00:00:00-05:00,6.690000057220459,6.760000228881836,6.670000076293945,6.75,89000,0.0,0.0
2023-12-08 00:00:00-05:00,6.769999980926514,6.849999904632568,6.690000057220459,6.710000038146973,144900,0.0,0.0
2023-12-11 00:00:00-05:00,6.710000038146973,6.730000019073486,6.53000020980835,6.559999942779541,197000,0.0,0.0
2023-12-12 00:00:00-05:00,6.53000020980835,6.670000076293945,6.309999942779541,6.400000095367432,193300,0.0,0.0
2023-12-13 00:00:00-05:00,6.409999847412109,6.579999923706055,6.190000057220459,6.570000171661377,242800,0.0,0.0
2023-12-14 00:00:00-05:00,6.71999979019165,7.010000228881836,6.650000095367432,7.010000228881836,346300,0.0,0.0
2023-12-15 00:00:00-05:00,7.110000133514404,7.110000133514404,6.800000190734863,6.809999942779541,386100,0.0,0.0
2023-12-18 00:00:00-05:00,6.789999961853027,6.909999847412109,6.730000019073486,6.800000190734863,171700,0.0,0.0
2023-12-19 00:00:00-05:00,6.889999866485596,7.070000171661377,6.840000152587891,6.849999904632568,409800,0.0,0.0
2023-12-20 00:00:00-05:00,6.869999885559082,7.269999980926514,6.860000133514404,7.099999904632568,181100,0.0,0.0
2023-12-21 00:00:00-05:00,7.159999847412109,7.340000152587891,7.119999885559082,7.179999828338623,158400,0.0,0.0
2023-12-22 00:00:00-05:00,7.230000019073486,7.300000190734863,7.090000152587891,7.119999885559082,185700,0.0,0.0
2023-12-26 00:00:00-05:00,7.159999847412109,7.28000020980835,7.159999847412109,7.210000038146973,109400,0.0,0.0
2023-12-27 00:00:00-05:00,7.25,7.289999961853027,7.090000152587891,7.119999885559082,132700,0.0,0.0
2023-12-28 00:00:00-05:00,7.119999885559082,7.210000038146973,7.090000152587891,7.139999866485596,146200,0.0,0.0
2023-12-29 00:00:00-05:00,7.130000114440918,7.139999866485596,7.0,7.010000228881836,136100,0.0,0.0
2024-01-02 00:00:00-05:00,6.949999809265137,7.019999980926514,6.800000190734863,6.880000114440918,121900,0.0,0.0
2024-01-03 00:00:00-05:00,6.849999904632568,6.949999809265137,6.699999809265137,6.769999980926514,186200,0.0,0.0
2024-01-04 00:00:00-05:00,6.78000020980835,6.78000020980835,6.579999923706055,6.679999828338623,127700,0.0,0.0
2024-01-05 00:00:00-05:00,6.639999866485596,6.989999771118164,6.579999923706055,6.920000076293945,280000,0.0,0.0
2024-01-08 00:00:00-05:00,6.929999828338623,6.929999828338623,6.679999828338623,6.739999771118164,126500,0.0,0.0
2024-01-09 00:00:00-05:00,6.650000095367432,6.710000038146973,6.429999828338623,6.440000057220459,156100,0.0,0.0
2024-01-10 00:00:00-05:00,6.449999809265137,6.519999980926514,6.400000095367432,6.519999980926514,97100,0.0,0.0
2024-01-11 00:00:00-05:00,6.489999771118164,6.550000190734863,6.440000057220459,6.440000057220459,77800,0.0,0.0
2024-01-12 00:00:00-05:00,6.519999980926514,6.519999980926514,6.269999980926514,6.269999980926514,95500,0.0,0.0
2024-01-16 00:00:00-05:00,6.179999828338623,6.369999885559082,6.130000114440918,6.329999923706055,120200,0.0,0.0
2024-01-17 00:00:00-05:00,6.25,6.46999979019165,6.110000133514404,6.170000076293945,139600,0.0,0.0
2024-01-18 00:00:00-05:00,6.199999809265137,6.449999809265137,6.130000114440918,6.239999771118164,99400,0.0,0.0
2024-01-19 00:00:00-05:00,6.260000228881836,6.400000095367432,6.210000038146973,6.389999866485596,104400,0.0,0.0
2024-01-22 00:00:00-05:00,6.420000076293945,6.539999961853027,6.309999942779541,6.53000020980835,125800,0.0,0.0
2024-01-23 00:00:00-05:00,6.630000114440918,6.730000019073486,6.420000076293945,6.449999809265137,120300,0.0,0.0
2024-01-24 00:00:00-05:00,6.539999961853027,6.619999885559082,6.389999866485596,6.53000020980835,138800,0.0,0.0
2024-01-25 00:00:00-05:00,6.639999866485596,6.730000019073486,6.599999904632568,6.730000019073486,99400,0.0,0.0
2024-01-26 00:00:00-05:00,6.78000020980835,6.78000020980835,6.599999904632568,6.610000133514404,66100,0.0,0.0
2024-01-29 00:00:00-05:00,6.619999885559082,6.71999979019165,6.559999942779541,6.710000038146973,91600,0.0,0.0
2024-01-30 00:00:00-05:00,6.699999809265137,6.860000133514404,6.619999885559082,6.739999771118164,88200,0.0,0.0
2024-01-31 00:00:00-05:00,6.730000019073486,6.760000228881836,6.489999771118164,6.489999771118164,136600,0.0,0.0
2024-02-01 00:00:00-05:00,6.53000020980835,6.699999809265137,6.5,6.639999866485596,97500,0.0,0.0
2024-02-02 00:00:00-05:00,6.519999980926514,6.659999847412109,6.420000076293945,6.579999923706055,82500,0.0,0.0
2024-02-05 00:00:00-05:00,6.519999980926514,6.570000171661377,6.429999828338623,6.480000019073486,93800,0.0,0.0
2024-02-06 00:00:00-05:00,6.460000038146973,6.650000095367432,6.389999866485596,6.429999828338623,105900,0.0,0.0
2024-02-07 00:00:00-05:00,6.429999828338623,6.46999979019165,6.269999980926514,6.289999961853027,91800,0.0,0.0
2024-02-08 00:00:00-05:00,6.309999942779541,6.409999847412109,6.269999980926514,6.389999866485596,60400,0.0,0.0
2024-02-09 00:00:00-05:00,6.429999828338623,6.460000038146973,6.260000228881836,6.420000076293945,88700,0.0,0.0
2024-02-12 00:00:00-05:00,6.449999809265137,6.760000228881836,6.389999866485596,6.690000057220459,139600,0.0,0.0
2024-02-13 00:00:00-05:00,6.519999980926514,6.590000152587891,6.21999979019165,6.230000019073486,128600,0.0,0.0
2024-02-14 00:00:00-05:00,6.309999942779541,6.449999809265137,6.269999980926514,6.440000057220459,77600,0.0,0.0
2024-02-15 00:00:00-05:00,6.440000057220459,6.78000020980835,6.429999828338623,6.769999980926514,110800,0.0,0.0
2024-02-16 00:00:00-05:00,6.730000019073486,6.809999942779541,6.590000152587891,6.739999771118164,162400,0.0,0.0
2024-02-20 00:00:00-05:00,6.639999866485596,6.96999979019165,6.599999904632568,6.670000076293945,151400,0.0,0.0
2024-02-21 00:00:00-05:00,6.670000076293945,6.78000020980835,6.599999904632568,6.769999980926514,90300,0.0,0.0
2024-02-22 00:00:00-05:00,6.75,6.75,6.440000057220459,6.46999979019165,93600,0.0,0.0
2024-02-23 00:00:00-05:00,6.46999979019165,6.590000152587891,6.360000133514404,6.559999942779541,69900,0.0,0.0
2024-02-26 00:00:00-05:00,6.53000020980835,6.730000019073486,6.519999980926514,6.670000076293945,81300,0.0,0.0
2024-02-27 00:00:00-05:00,6.739999771118164,6.769999980926514,6.690000057220459,6.710000038146973,79100,0.0,0.0
2024-02-28 00:00:00-05:00,6.699999809265137,6.699999809265137,6.420000076293945,6.429999828338623,77200,0.0,0.0
2024-02-29 00:00:00-05:00,6.53000020980835,6.610000133514404,6.449999809265137,6.539999961853027,66300,0.0,0.0
2024-03-01 00:00:00-05:00,6.590000152587891,6.760000228881836,6.46999979019165,6.699999809265137,111200,0.0,0.0
2024-03-04 00:00:00-05:00,6.699999809265137,6.78000020980835,6.489999771118164,6.659999847412109,101600,0.0,0.0
2024-03-05 00:00:00-05:00,6.329999923706055,6.329999923706055,5.599999904632568,6.150000095367432,354000,0.0,0.0
2024-03-06 00:00:00-05:00,6.199999809265137,6.539999961853027,6.150000095367432,6.380000114440918,332900,0.0,0.0
2024-03-07 00:00:00-05:00,6.429999828338623,6.440000057220459,6.139999866485596,6.199999809265137,226800,0.0,0.0
2024-03-08 00:00:00-05:00,6.269999980926514,6.340000152587891,6.170000076293945,6.199999809265137,134600,0.0,0.0
2024-03-11 00:00:00-04:00,6.119999885559082,6.28000020980835,6.079999923706055,6.099999904632568,134800,0.0,0.0
2024-03-12 00:00:00-04:00,6.119999885559082,6.139999866485596,6.0,6.099999904632568,151400,0.0,0.0
2024-03-13 00:00:00-04:00,6.099999904632568,6.170000076293945,6.090000152587891,6.170000076293945,86200,0.0,0.0
2024-03-14 00:00:00-04:00,6.099999904632568,6.119999885559082,5.940000057220459,6.059999942779541,267200,0.0,0.0
2024-03-15 00:00:00-04:00,6.070000171661377,6.239999771118164,6.059999942779541,6.159999847412109,302700,0.0,0.0
2024-03-18 00:00:00-04:00,6.159999847412109,6.320000171661377,6.130000114440918,6.139999866485596,112200,0.0,0.0
2024-03-19 00:00:00-04:00,6.119999885559082,6.309999942779541,6.079999923706055,6.269999980926514,108400,0.0,0.0
2024-03-20 00:00:00-04:00,6.230000019073486,6.349999904632568,6.139999866485596,6.269999980926514,121200,0.0,0.0
2024-03-21 00:00:00-04:00,6.269999980926514,6.400000095367432,6.269999980926514,6.329999923706055,139900,0.0,0.0
2024-03-22 00:00:00-04:00,6.349999904632568,6.46999979019165,6.289999961853027,6.320000171661377,100200,0.0,0.0
2024-03-25 00:00:00-04:00,6.360000133514404,6.46999979019165,6.239999771118164,6.320000171661377,104800,0.0,0.0
2024-03-26 00:00:00-04:00,6.369999885559082,6.389999866485596,6.28000020980835,6.28000020980835,93300,0.0,0.0
2024-03-27 00:00:00-04:00,6.340000152587891,6.429999828338623,6.269999980926514,6.420000076293945,48500,0.0,0.0
2024-03-28 00:00:00-04:00,6.429999828338623,6.489999771118164,6.380000114440918,6.429999828338623,87900,0.0,0.0
2024-04-01 00:00:00-04:00,6.480000019073486,6.599999904632568,6.449999809265137,6.510000228881836,103400,0.0,0.0
2024-04-02 00:00:00-04:00,6.489999771118164,6.5,6.360000133514404,6.440000057220459,89400,0.0,0.0
2024-04-03 00:00:00-04:00,6.440000057220459,6.539999961853027,6.429999828338623,6.449999809265137,125900,0.0,0.0
2024-04-04 00:00:00-04:00,6.489999771118164,6.639999866485596,6.340000152587891,6.360000133514404,96500,0.0,0.0
2024-04-05 00:00:00-04:00,6.360000133514404,6.400000095367432,6.289999961853027,6.349999904632568,73700,0.0,0.0
2024-04-08 00:00:00-04:00,6.369999885559082,6.480000019073486,6.369999885559082,6.400000095367432,70400,0.0,0.0
2024-04-09 00:00:00-04:00,6.409999847412109,6.550000190734863,6.400000095367432,6.5,73600,0.0,0.0
2024-04-10 00:00:00-04:00,6.329999923706055,6.449999809265137,6.070000171661377,6.150000095367432,206300,0.0,0.0
2024-04-11 00:00:00-04:00,6.139999866485596,6.400000095367432,6.139999866485596,6.320000171661377,76100,0.0,0.0
2024-04-12 00:00:00-04:00,6.329999923706055,6.429999828338623,6.25,6.289999961853027,77300,0.0,0.0
2024-04-15 00:00:00-04:00,6.300000190734863,6.420000076293945,6.25,6.340000152587891,73600,0.0,0.0
2024-04-16 00:00:00-04:00,6.329999923706055,6.420000076293945,6.21999979019165,6.340000152587891,87400,0.0,0.0
2024-04-17 00:00:00-04:00,6.360000133514404,6.420000076293945,6.25,6.25,50800,0.0,0.0
2024-04-18 00:00:00-04:00,6.28000020980835,6.340000152587891,6.179999828338623,6.199999809265137,91700,0.0,0.0
2024-04-19 00:00:00-04:00,6.159999847412109,6.329999923706055,6.159999847412109,6.329999923706055,90800,0.0,0.0
2024-04-22 00:00:00-04:00,6.349999904632568,6.440000057220459,6.289999961853027,6.349999904632568,117400,0.0,0.0
2024-04-23 00:00:00-04:00,6.349999904632568,6.429999828338623,6.25,6.260000228881836,70800,0.0,0.0
2024-04-24 00:00:00-04:00,6.28000020980835,6.360000133514404,6.070000171661377,6.150000095367432,112000,0.0,0.0
2024-04-25 00:00:00-04:00,6.099999904632568,6.190000057220459,6.039999961853027,6.150000095367432,80400,0.0,0.0
2024-04-26 00:00:00-04:00,6.190000057220459,6.269999980926514,6.159999847412109,6.179999828338623,39500,0.0,0.0
2024-04-29 00:00:00-04:00,6.21999979019165,6.309999942779541,6.099999904632568,6.139999866485596,81800,0.0,0.0
2024-04-30 00:00:00-04:00,6.090000152587891,6.099999904632568,5.940000057220459,6.010000228881836,87900,0.0,0.0
2024-05-01 00:00:00-04:00,6.039999961853027,6.079999923706055,5.840000152587891,5.869999885559082,104800,0.0,0.0
2024-05-02 00:00:00-04:00,6.090000152587891,6.099999904632568,5.860000133514404,5.940000057220459,122800,0.0,0.0
2024-05-03 00:00:00-04:00,6.039999961853027,6.199999809265137,5.909999847412109,5.980000019073486,82700,0.0,0.0
2024-05-06 00:00:00-04:00,5.980000019073486,6.03000020980835,5.960000038146973,6.019999980926514,167700,0.0,0.0
2024-05-07 00:00:00-04:00,5.760000228881836,5.920000076293945,4.889999866485596,5.599999904632568,310000,0.0,0.0
2024-05-08 00:00:00-04:00,5.5,5.659999847412109,5.46999979019165,5.599999904632568,154600,0.0,0.0
2024-05-09 00:00:00-04:00,5.590000152587891,5.880000114440918,5.590000152587891,5.809999942779541,131800,0.0,0.0
2024-05-10 00:00:00-04:00,5.809999942779541,5.820000171661377,5.619999885559082,5.630000114440918,67400,0.0,0.0
2024-05-13 00:00:00-04:00,5.670000076293945,5.679999828338623,5.489999771118164,5.5,98700,0.0,0.0
2024-05-14 00:00:00-04:00,5.53000020980835,5.570000171661377,5.289999961853027,5.300000190734863,157600,0.0,0.0
2024-05-15 00:00:00-04:00,5.380000114440918,5.380000114440918,5.199999809265137,5.289999961853027,111200,0.0,0.0
2024-05-16 00:00:00-04:00,5.309999942779541,5.389999866485596,5.230000019073486,5.360000133514404,81900,0.0,0.0
2024-05-17 00:00:00-04:00,5.400000095367432,5.46999979019165,5.269999980926514,5.28000020980835,70900,0.0,0.0
2024-05-20 00:00:00-04:00,5.239999771118164,5.400000095367432,5.150000095367432,5.320000171661377,136300,0.0,0.0
2024-05-21 00:00:00-04:00,5.320000171661377,5.340000152587891,5.139999866485596,5.170000076293945,159100,0.0,0.0
2024-05-22 00:00:00-04:00,5.159999847412109,5.230000019073486,4.929999828338623,5.139999866485596,316000,0.0,0.0
2024-05-23 00:00:00-04:00,5.099999904632568,5.150000095367432,4.96999979019165,5.150000095367432,321000,0.0,0.0
2024-05-24 00:00:00-04:00,5.139999866485596,5.260000228881836,4.889999866485596,5.059999942779541,157200,0.0,0.0
2024-05-28 00:00:00-04:00,5.090000152587891,5.21999979019165,5.03000020980835,5.050000190734863,197800,0.0,0.0
2024-05-29 00:00:00-04:00,5.0,5.050000190734863,4.889999866485596,4.900000095367432,127200,0.0,0.0
2024-05-30 00:00:00-04:00,4.940000057220459,5.21999979019165,4.909999847412109,5.199999809265137,163300,0.0,0.0
2024-05-31 00:00:00-04:00,5.21999979019165,5.480000019073486,5.21999979019165,5.409999847412109,121300,0.0,0.0
2024-06-03 00:00:00-04:00,5.409999847412109,5.489999771118164,5.300000190734863,5.320000171661377,194000,0.0,0.0
2024-06-04 00:00:00-04:00,5.309999942779541,5.309999942779541,5.210000038146973,5.289999961853027,98100,0.0,0.0
2024-06-05 00:00:00-04:00,5.329999923706055,5.460000038146973,5.269999980926514,5.429999828338623,113300,0.0,0.0
2024-06-06 00:00:00-04:00,5.389999866485596,5.46999979019165,5.360000133514404,5.440000057220459,110900,0.0,0.0
2024-06-07 00:00:00-04:00,5.409999847412109,5.449999809265137,5.340000152587891,5.360000133514404,101300,0.0,0.0
2024-06-10 00:00:00-04:00,5.369999885559082,5.449999809265137,5.289999961853027,5.420000076293945,86200,0.0,0.0
2024-06-11 00:00:00-04:00,5.420000076293945,5.420000076293945,5.329999923706055,5.349999904632568,97600,0.0,0.0
2024-06-12 00:00:00-04:00,5.480000019073486,5.630000114440918,5.440000057220459,5.550000190734863,197200,0.0,0.0
2024-06-13 00:00:00-04:00,5.550000190734863,5.550000190734863,5.28000020980835,5.28000020980835,93000,0.0,0.0
2024-06-14 00:00:00-04:00,5.28000020980835,5.300000190734863,5.070000171661377,5.119999885559082,123500,0.0,0.0
2024-06-17 00:00:00-04:00,5.079999923706055,5.230000019073486,5.079999923706055,5.210000038146973,90500,0.0,0.0
2024-06-18 00:00:00-04:00,5.139999866485596,5.360000133514404,5.139999866485596,5.159999847412109,106600,0.0,0.0
2024-06-20 00:00:00-04:00,5.179999828338623,5.28000020980835,5.130000114440918,5.190000057220459,86200,0.0,0.0
2024-06-21 00:00:00-04:00,5.199999809265137,5.239999771118164,4.920000076293945,4.929999828338623,169600,0.0,0.0
2024-06-24 00:00:00-04:00,4.900000095367432,5.019999980926514,4.900000095367432,4.940000057220459,121100,0.0,0.0
2024-06-25 00:00:00-04:00,4.949999809265137,4.949999809265137,4.849999904632568,4.900000095367432,89800,0.0,0.0
2024-06-26 00:00:00-04:00,4.889999866485596,5.059999942779541,4.860000133514404,5.039999961853027,125300,0.0,0.0
2024-06-27 00:00:00-04:00,5.039999961853027,5.070000171661377,4.989999771118164,4.989999771118164,95200,0.0,0.0
2024-06-28 00:00:00-04:00,5.050000190734863,5.050000190734863,4.880000114440918,4.900000095367432,384200,0.0,0.0
2024-07-01 00:00:00-04:00,4.980000019073486,5.139999866485596,4.900000095367432,4.960000038146973,244100,0.0,0.0
2024-07-02 00:00:00-04:00,4.989999771118164,4.989999771118164,4.75,4.820000171661377,163400,0.0,0.0
2024-07-03 00:00:00-04:00,4.840000152587891,4.980000019073486,4.829999923706055,4.849999904632568,47600,0.0,0.0
2024-07-05 00:00:00-04:00,4.829999923706055,4.829999923706055,4.460000038146973,4.550000190734863,207700,0.0,0.0
2024-07-08 00:00:00-04:00,4.610000133514404,4.730000019073486,4.579999923706055,4.730000019073486,89900,0.0,0.0
2024-07-09 00:00:00-04:00,4.739999771118164,4.75,4.590000152587891,4.630000114440918,79500,0.0,0.0
2024-07-10 00:00:00-04:00,4.659999847412109,4.78000020980835,4.639999866485596,4.710000038146973,104100,0.0,0.0
2024-07-11 00:00:00-04:00,4.829999923706055,5.070000171661377,4.829999923706055,4.949999809265137,173700,0.0,0.0
2024-07-12 00:00:00-04:00,5.010000228881836,5.099999904632568,4.840000152587891,4.869999885559082,161800,0.0,0.0
2024-07-15 00:00:00-04:00,4.940000057220459,5.190000057220459,4.889999866485596,5.059999942779541,154900,0.0,0.0
2024-07-16 00:00:00-04:00,5.159999847412109,5.519999980926514,5.159999847412109,5.489999771118164,137800,0.0,0.0
2024-07-17 00:00:00-04:00,5.46999979019165,5.579999923706055,5.369999885559082,5.510000228881836,108400,0.0,0.0
2024-07-18 00:00:00-04:00,5.489999771118164,5.690000057220459,5.320000171661377,5.329999923706055,124800,0.0,0.0
2024-07-19 00:00:00-04:00,5.329999923706055,5.329999923706055,5.110000133514404,5.150000095367432,92000,0.0,0.0
2024-07-22 00:00:00-04:00,5.190000057220459,5.269999980926514,5.019999980926514,5.21999979019165,207800,0.0,0.0
2024-07-23 00:00:00-04:00,5.0,5.329999923706055,5.0,5.320000171661377,117100,0.0,0.0
2024-07-24 00:00:00-04:00,5.329999923706055,5.46999979019165,5.25,5.269999980926514,96000,0.0,0.0
2024-07-25 00:00:00-04:00,5.300000190734863,5.510000228881836,5.289999961853027,5.429999828338623,115400,0.0,0.0
2024-07-26 00:00:00-04:00,5.480000019073486,5.539999961853027,5.289999961853027,5.369999885559082,72700,0.0,0.0
2024-07-29 00:00:00-04:00,5.590000152587891,5.590000152587891,5.289999961853027,5.349999904632568,73400,0.0,0.0
2024-07-30 00:00:00-04:00,5.360000133514404,5.53000020980835,5.28000020980835,5.480000019073486,74300,0.0,0.0
2024-07-31 00:00:00-04:00,5.5,5.619999885559082,5.269999980926514,5.449999809265137,83400,0.0,0.0
2024-08-01 00:00:00-04:00,5.429999828338623,5.539999961853027,5.099999904632568,5.099999904632568,133200,0.0,0.0
2024-08-02 00:00:00-04:00,4.949999809265137,5.010000228881836,4.710000038146973,4.829999923706055,127900,0.0,0.0
2024-08-05 00:00:00-04:00,4.699999809265137,4.820000171661377,4.510000228881836,4.730000019073486,203300,0.0,0.0
2024-08-06 00:00:00-04:00,4.670000076293945,4.789999961853027,3.759999990463257,3.9800000190734863,308400,0.0,0.0
2024-08-07 00:00:00-04:00,3.9800000190734863,4.099999904632568,3.3499999046325684,3.490000009536743,434500,0.0,0.0
2024-08-08 00:00:00-04:00,3.450000047683716,3.5899999141693115,3.2200000286102295,3.380000114440918,344800,0.0,0.0
2024-08-09 00:00:00-04:00,3.369999885559082,3.5,3.309999942779541,3.440000057220459,232200,0.0,0.0
2024-08-12 00:00:00-04:00,3.430000066757202,3.430000066757202,3.1500000953674316,3.200000047683716,233900,0.0,0.0
2024-08-13 00:00:00-04:00,3.1600000858306885,3.2300000190734863,3.0299999713897705,3.1700000762939453,314700,0.0,0.0
2024-08-14 00:00:00-04:00,3.1700000762939453,3.2200000286102295,3.119999885559082,3.190000057220459,201300,0.0,0.0
2024-08-15 00:00:00-04:00,3.25,3.569999933242798,3.240000009536743,3.5399999618530273,274100,0.0,0.0
2024-08-16 00:00:00-04:00,3.509999990463257,3.7100000381469727,3.509999990463257,3.619999885559082,204500,0.0,0.0
2024-08-19 00:00:00-04:00,3.630000114440918,3.690000057220459,3.450000047683716,3.6500000953674316,270100,0.0,0.0
2024-08-20 00:00:00-04:00,3.6500000953674316,3.6500000953674316,3.5,3.5199999809265137,209000,0.0,0.0
2024-08-21 00:00:00-04:00,3.559999942779541,3.7100000381469727,3.5299999713897705,3.690000057220459,136300,0.0,0.0
2024-08-22 00:00:00-04:00,3.7100000381469727,3.759999990463257,3.5199999809265137,3.5999999046325684,114600,0.0,0.0
2024-08-23 00:00:00-04:00,3.640000104904175,3.809999942779541,3.569999933242798,3.690000057220459,141300,0.0,0.0
2024-08-26 00:00:00-04:00,3.700000047683716,3.759999990463257,3.630000114440918,3.7300000190734863,178500,0.0,0.0
2024-08-27 00:00:00-04:00,3.690000057220459,3.690000057220459,3.549999952316284,3.609999895095825,128000,0.0,0.0
2024-08-28 00:00:00-04:00,3.619999885559082,3.619999885559082,3.549999952316284,3.559999942779541,149000,0.0,0.0
2024-08-29 00:00:00-04:00,3.5999999046325684,3.6500000953674316,3.5299999713897705,3.559999942779541,81000,0.0,0.0
2024-08-30 00:00:00-04:00,3.5799999237060547,3.6500000953674316,3.4000000953674316,3.630000114440918,162600,0.0,0.0
2024-09-03 00:00:00-04:00,3.630000114440918,3.630000114440918,3.4100000858306885,3.4100000858306885,105400,0.0,0.0
2024-09-04 00:00:00-04:00,3.4000000953674316,3.4100000858306885,3.2300000190734863,3.299999952316284,112300,0.0,0.0
2024-09-05 00:00:00-04:00,3.309999942779541,3.3399999141693115,3.2699999809265137,3.3299999237060547,75600,0.0,0.0
2024-09-06 00:00:00-04:00,3.309999942779541,3.3499999046325684,3.1700000762939453,3.190000057220459,266500,0.0,0.0
2024-09-09 00:00:00-04:00,3.1700000762939453,3.2200000286102295,3.059999942779541,3.069999933242798,175100,0.0,0.0
2024-09-10 00:00:00-04:00,3.059999942779541,3.2699999809265137,3.0399999618530273,3.25,160400,0.0,0.0
2024-09-11 00:00:00-04:00,3.2200000286102295,3.299999952316284,3.2100000381469727,3.2799999713897705,100600,0.0,0.0
2024-09-12 00:00:00-04:00,3.319999933242798,3.3499999046325684,3.25,3.299999952316284,91200,0.0,0.0
2024-09-13 00:00:00-04:00,3.369999885559082,3.4700000286102295,3.25,3.309999942779541,118700,0.0,0.0
2024-09-16 00:00:00-04:00,3.259999990463257,3.3499999046325684,3.180000066757202,3.2799999713897705,302600,0.0,0.0
2024-09-17 00:00:00-04:00,3.319999933242798,3.3499999046325684,3.180000066757202,3.200000047683716,176900,0.0,0.0
2024-09-18 00:00:00-04:00,3.200000047683716,3.359999895095825,3.200000047683716,3.2799999713897705,321600,0.0,0.0
2024-09-19 00:00:00-04:00,3.4100000858306885,3.5199999809265137,3.3499999046325684,3.4700000286102295,120800,0.0,0.0
2024-09-20 00:00:00-04:00,3.4600000381469727,3.490000009536743,3.3399999141693115,3.3499999046325684,277000,0.0,0.0
2024-09-23 00:00:00-04:00,3.390000104904175,3.4100000858306885,3.309999942779541,3.3499999046325684,88500,0.0,0.0
2024-09-24 00:00:00-04:00,3.4000000953674316,3.5199999809265137,3.359999895095825,3.490000009536743,97400,0.0,0.0
2024-09-25 00:00:00-04:00,3.509999990463257,3.509999990463257,3.3299999237060547,3.369999885559082,95700,0.0,0.0
2024-09-26 00:00:00-04:00,3.380000114440918,3.5199999809265137,3.3499999046325684,3.4000000953674316,126600,0.0,0.0
2024-09-27 00:00:00-04:00,3.5199999809265137,3.569999933242798,3.380000114440918,3.4200000762939453,174700,0.0,0.0
2024-09-30 00:00:00-04:00,3.4000000953674316,3.4200000762939453,3.200000047683716,3.25,181000,0.0,0.0
2024-10-01 00:00:00-04:00,3.1500000953674316,3.299999952316284,3.069999933242798,3.069999933242798,232000,0.0,0.0
2024-10-02 00:00:00-04:00,3.0199999809265137,3.180000066757202,3.0199999809265137,3.1700000762939453,120400,0.0,0.0
2024-10-03 00:00:00-04:00,3.130000114440918,3.1700000762939453,3.069999933242798,3.119999885559082,85100,0.0,0.0
2024-10-04 00:00:00-04:00,3.1500000953674316,3.190000057220459,3.0999999046325684,3.1700000762939453,77000,0.0,0.0
2024-10-07 00:00:00-04:00,3.130000114440918,3.140000104904175,3.0399999618530273,3.119999885559082,166800,0.0,0.0
2024-10-08 00:00:00-04:00,3.0799999237060547,3.119999885559082,2.9200000762939453,3.0199999809265137,307200,0.0,0.0
2024-10-09 00:00:00-04:00,3.0,3.0999999046325684,2.990000009536743,3.0399999618530273,192600,0.0,0.0
2024-10-10 00:00:00-04:00,3.009999990463257,3.059999942779541,2.9600000381469727,3.009999990463257,234700,0.0,0.0
2024-10-11 00:00:00-04:00,3.0399999618530273,3.2699999809265137,3.0399999618530273,3.259999990463257,169700,0.0,0.0
2024-10-14 00:00:00-04:00,3.2699999809265137,3.309999942779541,3.180000066757202,3.2300000190734863,97000,0.0,0.0
2024-10-15 00:00:00-04:00,3.200000047683716,3.25,3.0899999141693115,3.0899999141693115,96800,0.0,0.0
2024-10-16 00:00:00-04:00,3.0899999141693115,3.1600000858306885,3.0899999141693115,3.119999885559082,193300,0.0,0.0
2024-10-17 00:00:00-04:00,3.130000114440918,3.180000066757202,3.049999952316284,3.130000114440918,160600,0.0,0.0
2024-10-18 00:00:00-04:00,3.140000104904175,3.190000057220459,3.0799999237060547,3.0899999141693115,55400,0.0,0.0
2024-10-21 00:00:00-04:00,3.109999895095825,3.190000057220459,3.0,3.0399999618530273,137800,0.0,0.0
2024-10-22 00:00:00-04:00,3.0299999713897705,3.049999952316284,2.9600000381469727,3.0299999713897705,188300,0.0,0.0
2024-10-23 00:00:00-04:00,3.049999952316284,3.0799999237060547,2.9700000286102295,3.0299999713897705,119900,0.0,0.0
2024-10-24 00:00:00-04:00,3.049999952316284,3.049999952316284,2.9700000286102295,3.0,104300,0.0,0.0
2024-10-25 00:00:00-04:00,2.990000009536743,3.049999952316284,2.9200000762939453,2.940000057220459,229400,0.0,0.0
2024-10-28 00:00:00-04:00,2.9800000190734863,3.200000047683716,2.9800000190734863,3.190000057220459,128500,0.0,0.0
2024-10-29 00:00:00-04:00,3.190000057220459,3.190000057220459,3.059999942779541,3.0799999237060547,96200,0.0,0.0
2024-10-30 00:00:00-04:00,3.0799999237060547,3.119999885559082,2.990000009536743,3.009999990463257,220000,0.0,0.0
2024-10-31 00:00:00-04:00,3.0,3.0299999713897705,2.9000000953674316,2.9100000858306885,189400,0.0,0.0
2024-11-01 00:00:00-04:00,2.950000047683716,3.059999942779541,2.940000057220459,3.009999990463257,123900,0.0,0.0
2024-11-04 00:00:00-05:00,3.0299999713897705,3.25,3.0299999713897705,3.0799999237060547,293100,0.0,0.0
2024-11-05 00:00:00-05:00,2.5999999046325684,2.630000114440918,2.109999895095825,2.4000000953674316,1159200,0.0,0.0
2024-11-06 00:00:00-05:00,2.2899999618530273,2.7699999809265137,2.2899999618530273,2.740000009536743,727100,0.0,0.0
2024-11-07 00:00:00-05:00,2.7200000286102295,2.75,2.549999952316284,2.559999942779541,363800,0.0,0.0
2024-11-08 00:00:00-05:00,2.569999933242798,2.640000104904175,2.4600000381469727,2.5299999713897705,285900,0.0,0.0
2024-11-11 00:00:00-05:00,2.5199999809265137,2.7200000286102295,2.5,2.7100000381469727,282200,0.0,0.0
2024-11-12 00:00:00-05:00,2.700000047683716,2.75,2.490000009536743,2.490000009536743,307700,0.0,0.0
2024-11-13 00:00:00-05:00,2.490000009536743,2.5899999141693115,2.490000009536743,2.5799999237060547,342700,0.0,0.0
2024-11-14 00:00:00-05:00,2.619999885559082,2.7100000381469727,2.569999933242798,2.569999933242798,219900,0.0,0.0
2024-11-15 00:00:00-05:00,2.609999895095825,2.609999895095825,2.4000000953674316,2.4800000190734863,333100,0.0,0.0
2024-11-18 00:00:00-05:00,2.450000047683716,2.509999990463257,2.380000114440918,2.4200000762939453,245500,0.0,0.0
2024-11-19 00:00:00-05:00,2.4100000858306885,2.450000047683716,2.319999933242798,2.380000114440918,168400,0.0,0.0
2024-11-20 00:00:00-05:00,2.4000000953674316,2.450000047683716,2.369999885559082,2.390000104904175,265000,0.0,0.0
2024-11-21 00:00:00-05:00,2.4000000953674316,2.4200000762939453,2.3499999046325684,2.4100000858306885,304800,0.0,0.0
2024-11-22 00:00:00-05:00,2.4000000953674316,2.509999990463257,2.4000000953674316,2.4200000762939453,206500,0.0,0.0
2024-11-25 00:00:00-05:00,2.440000057220459,2.5999999046325684,2.440000057220459,2.490000009536743,354200,0.0,0.0
2024-11-26 00:00:00-05:00,2.430000066757202,2.5199999809265137,2.4000000953674316,2.4100000858306885,289900,0.0,0.0
2024-11-27 00:00:00-05:00,2.4000000953674316,2.4800000190734863,2.3499999046325684,2.3499999046325684,260300,0.0,0.0
2024-11-29 00:00:00-05:00,2.3499999046325684,2.430000066757202,2.3299999237060547,2.4100000858306885,153400,0.0,0.0
2024-12-02 00:00:00-05:00,2.4100000858306885,2.440000057220459,2.3399999141693115,2.4200000762939453,380600,0.0,0.0
2024-12-03 00:00:00-05:00,2.450000047683716,2.5,2.380000114440918,2.4000000953674316,317800,0.0,0.0
2024-12-04 00:00:00-05:00,2.440000057220459,2.4700000286102295,2.2699999809265137,2.299999952316284,444000,0.0,0.0
2024-12-05 00:00:00-05:00,2.359999895095825,2.450000047683716,2.2899999618530273,2.309999942779541,420700,0.0,0.0
2024-12-06 00:00:00-05:00,2.309999942779541,2.380000114440918,2.259999990463257,2.359999895095825,354100,0.0,0.0
2024-12-09 00:00:00-05:00,2.4200000762939453,2.6500000953674316,2.4000000953674316,2.4800000190734863,610000,0.0,0.0
2024-12-10 00:00:00-05:00,2.509999990463257,2.5799999237060547,2.4000000953674316,2.4600000381469727,314000,0.0,0.0
2024-12-11 00:00:00-05:00,2.490000009536743,2.5,2.3499999046325684,2.4200000762939453,275900,0.0,0.0
2024-12-12 00:00:00-05:00,2.430000066757202,2.430000066757202,2.3499999046325684,2.380000114440918,188400,0.0,0.0
2024-12-13 00:00:00-05:00,2.380000114440918,2.5899999141693115,2.359999895095825,2.5299999713897705,708200,0.0,0.0
2024-12-16 00:00:00-05:00,2.5399999618530273,2.549999952316284,2.4200000762939453,2.440000057220459,351400,0.0,0.0
2024-12-17 00:00:00-05:00,2.390000104904175,2.450000047683716,2.3499999046325684,2.369999885559082,315100,0.0,0.0
2024-12-18 00:00:00-05:00,2.359999895095825,2.509999990463257,2.25,2.259999990463257,435000,0.0,0.0
2024-12-19 00:00:00-05:00,2.2799999713897705,2.2899999618530273,2.1500000953674316,2.1500000953674316,397300,0.0,0.0
2024-12-20 00:00:00-05:00,2.130000114440918,2.190000057220459,2.0799999237060547,2.140000104904175,682600,0.0,0.0
2024-12-23 00:00:00-05:00,2.130000114440918,2.1600000858306885,2.0799999237060547,2.109999895095825,342700,0.0,0.0
2024-12-24 00:00:00-05:00,2.109999895095825,2.190000057220459,2.0799999237060547,2.180000066757202,151800,0.0,0.0
2024-12-26 00:00:00-05:00,2.1700000762939453,2.3299999237060547,2.1600000858306885,2.3299999237060547,420200,0.0,0.0
2024-12-27 00:00:00-05:00,2.3499999046325684,2.369999885559082,2.1700000762939453,2.3399999141693115,614300,0.0,0.0
2024-12-30 00:00:00-05:00,2.309999942779541,2.450000047683716,2.2300000190734863,2.380000114440918,463300,0.0,0.0
2024-12-31 00:00:00-05:00,2.4100000858306885,2.549999952316284,2.390000104904175,2.4800000190734863,476700,0.0,0.0
2025-01-02 00:00:00-05:00,2.509999990463257,2.5399999618530273,2.309999942779541,2.309999942779541,397300,0.0,0.0
2025-01-03 00:00:00-05:00,2.3399999141693115,2.369999885559082,2.200000047683716,2.3299999237060547,262200,0.0,0.0
2025-01-06 00:00:00-05:00,2.3399999141693115,2.390000104904175,2.25,2.259999990463257,354100,0.0,0.0
2025-01-07 00:00:00-05:00,2.2799999713897705,2.359999895095825,2.190000057220459,2.2200000286102295,318700,0.0,0.0
2025-01-08 00:00:00-05:00,2.200000047683716,2.200000047683716,2.0999999046325684,2.1700000762939453,447700,0.0,0.0
2025-01-10 00:00:00-05:00,2.130000114440918,2.130000114440918,2.0399999618530273,2.0899999141693115,489600,0.0,0.0
2025-01-13 00:00:00-05:00,2.0899999141693115,2.109999895095825,2.0199999809265137,2.069999933242798,516800,0.0,0.0
2025-01-14 00:00:00-05:00,2.109999895095825,2.240000009536743,2.059999942779541,2.2100000381469727,611800,0.0,0.0
2025-01-15 00:00:00-05:00,2.259999990463257,2.2799999713897705,2.1700000762939453,2.2200000286102295,237300,0.0,0.0
2025-01-16 00:00:00-05:00,2.240000009536743,2.25,2.1600000858306885,2.190000057220459,314800,0.0,0.0
2025-01-17 00:00:00-05:00,2.2200000286102295,2.25,2.1500000953674316,2.2300000190734863,269800,0.0,0.0
2025-01-21 00:00:00-05:00,2.2300000190734863,2.309999942779541,2.200000047683716,2.240000009536743,195300,0.0,0.0
2025-01-22 00:00:00-05:00,2.2100000381469727,2.2100000381469727,2.1600000858306885,2.1600000858306885,241100,0.0,0.0
2025-01-23 00:00:00-05:00,2.1600000858306885,2.2100000381469727,2.119999885559082,2.190000057220459,254200,0.0,0.0
2025-01-24 00:00:00-05:00,2.190000057220459,2.2100000381469727,2.1500000953674316,2.190000057220459,130900,0.0,0.0
2025-01-27 00:00:00-05:00,2.200000047683716,2.3399999141693115,2.200000047683716,2.3299999237060547,314700,0.0,0.0
2025-01-28 00:00:00-05:00,2.3299999237060547,2.3299999237060547,2.1500000953674316,2.1600000858306885,290500,0.0,0.0
2025-01-29 00:00:00-05:00,2.1500000953674316,2.190000057220459,2.119999885559082,2.1500000953674316,217500,0.0,0.0
2025-01-30 00:00:00-05:00,2.1500000953674316,2.2300000190734863,2.1500000953674316,2.180000066757202,176600,0.0,0.0
2025-01-31 00:00:00-05:00,2.190000057220459,2.190000057220459,2.059999942779541,2.0899999141693115,350800,0.0,0.0
2025-02-03 00:00:00-05:00,2.069999933242798,2.130000114440918,1.9500000476837158,2.069999933242798,609600,0.0,0.0
2025-02-04 00:00:00-05:00,2.069999933242798,2.069999933242798,1.9600000381469727,2.0,532500,0.0,0.0
2025-02-05 00:00:00-05:00,2.0199999809265137,2.049999952316284,1.9500000476837158,2.0299999713897705,260600,0.0,0.0
2025-02-06 00:00:00-05:00,2.049999952316284,2.1600000858306885,2.0299999713897705,2.059999942779541,305800,0.0,0.0
2025-02-07 00:00:00-05:00,2.059999942779541,2.069999933242798,1.9800000190734863,2.009999990463257,300800,0.0,0.0
2025-02-10 00:00:00-05:00,2.0199999809265137,2.0299999713897705,1.9700000286102295,1.9800000190734863,391800,0.0,0.0
2025-02-11 00:00:00-05:00,1.9800000190734863,1.9900000095367432,1.9199999570846558,1.9299999475479126,414800,0.0,0.0
2025-02-12 00:00:00-05:00,1.909999966621399,1.9199999570846558,1.809999942779541,1.809999942779541,424800,0.0,0.0
2025-02-13 00:00:00-05:00,1.850000023841858,2.1500000953674316,1.840000033378601,2.059999942779541,737900,0.0,0.0
2025-02-14 00:00:00-05:00,2.069999933242798,2.130000114440918,2.0,2.059999942779541,269500,0.0,0.0
2025-02-18 00:00:00-05:00,2.119999885559082,2.130000114440918,2.0,2.0299999713897705,386400,0.0,0.0
2025-02-19 00:00:00-05:00,2.0399999618530273,2.059999942779541,2.009999990463257,2.009999990463257,230600,0.0,0.0
2025-02-20 00:00:00-05:00,1.9900000095367432,2.049999952316284,1.9900000095367432,2.0299999713897705,167500,0.0,0.0
2025-02-21 00:00:00-05:00,2.049999952316284,2.1500000953674316,2.0399999618530273,2.109999895095825,376700,0.0,0.0
2025-02-24 00:00:00-05:00,2.0999999046325684,2.0999999046325684,1.9900000095367432,1.9900000095367432,235900,0.0,0.0
2025-02-25 00:00:00-05:00,2.0199999809265137,2.049999952316284,1.9500000476837158,2.0,248300,0.0,0.0
2025-02-26 00:00:00-05:00,2.009999990463257,2.0399999618530273,1.9900000095367432,2.0,231900,0.0,0.0
2025-02-27 00:00:00-05:00,2.0,2.049999952316284,1.9600000381469727,2.0399999618530273,210000,0.0,0.0
2025-02-28 00:00:00-05:00,2.009999990463257,2.0899999141693115,2.009999990463257,2.0799999237060547,263200,0.0,0.0
2025-03-03 00:00:00-05:00,2.0299999713897705,2.0999999046325684,1.9500000476837158,1.9500000476837158,334500,0.0,0.0
2025-03-04 00:00:00-05:00,1.909999966621399,1.9600000381469727,1.840000033378601,1.909999966621399,241900,0.0,0.0
2025-03-05 00:00:00-05:00,1.9299999475479126,2.0299999713897705,1.909999966621399,2.0199999809265137,248200,0.0,0.0
2025-03-06 00:00:00-05:00,2.0299999713897705,2.0799999237060547,1.9800000190734863,2.069999933242798,355300,0.0,0.0
2025-03-07 00:00:00-05:00,2.0399999618530273,2.109999895095825,2.0199999809265137,2.0299999713897705,167800,0.0,0.0
2025-03-10 00:00:00-04:00,2.0199999809265137,2.0299999713897705,1.8600000143051147,1.8600000143051147,487300,0.0,0.0
2025-03-11 00:00:00-04:00,1.9500000476837158,2.0899999141693115,1.7899999618530273,1.7899999618530273,406400,0.0,0.0
2025-03-12 00:00:00-04:00,1.7899999618530273,1.8200000524520874,1.6100000143051147,1.6299999952316284,615700,0.0,0.0
2025-03-13 00:00:00-04:00,1.6399999856948853,1.649999976158142,1.4900000095367432,1.5199999809265137,753800,0.0,0.0
2025-03-14 00:00:00-04:00,1.5299999713897705,1.590000033378601,1.5,1.5700000524520874,489300,0.0,0.0
2025-03-17 00:00:00-04:00,1.5700000524520874,1.6200000047683716,1.5099999904632568,1.559999942779541,491600,0.0,0.0
2025-03-18 00:00:00-04:00,1.5499999523162842,1.590000033378601,1.5,1.5199999809265137,534300,0.0,0.0
2025-03-19 00:00:00-04:00,1.5099999904632568,1.5700000524520874,1.5,1.5399999618530273,244400,0.0,0.0
2025-03-20 00:00:00-04:00,1.5199999809265137,1.5499999523162842,1.4900000095367432,1.5,383500,0.0,0.0
2025-03-21 00:00:00-04:00,1.4700000286102295,1.5199999809265137,1.399999976158142,1.409999966621399,538300,0.0,0.0
2025-03-24 00:00:00-04:00,1.4199999570846558,1.4800000190734863,1.3700000047683716,1.4299999475479126,314000,0.0,0.0
2025-03-25 00:00:00-04:00,1.4500000476837158,1.4700000286102295,1.3799999952316284,1.3899999856948853,332500,0.0,0.0
2025-03-26 00:00:00-04:00,1.3799999952316284,1.4199999570846558,1.3600000143051147,1.3700000047683716,358900,0.0,0.0
2025-03-27 00:00:00-04:00,1.3799999952316284,1.3799999952316284,1.2699999809265137,1.340000033378601,355400,0.0,0.0
2025-03-28 00:00:00-04:00,1.340000033378601,1.3700000047683716,1.2300000190734863,1.25,376000,0.0,0.0
2025-03-31 00:00:00-04:00,1.25,1.309999942779541,1.149999976158142,1.149999976158142,432100,0.0,0.0
2025-04-01 00:00:00-04:00,1.1299999952316284,1.1799999475479126,1.1100000143051147,1.1699999570846558,307800,0.0,0.0
2025-04-02 00:00:00-04:00,1.1699999570846558,1.2899999618530273,1.149999976158142,1.2799999713897705,323400,0.0,0.0
2025-04-03 00:00:00-04:00,1.2100000381469727,1.25,1.1200000047683716,1.149999976158142,425600,0.0,0.0
2025-04-04 00:00:00-04:00,1.1200000047683716,1.1200000047683716,1.0,1.090000033378601,627500,0.0,0.0
2025-04-07 00:00:00-04:00,1.0399999618530273,1.1699999570846558,0.9900000095367432,1.1299999952316284,484700,0.0,0.0
2025-04-08 00:00:00-04:00,1.190000057220459,1.190000057220459,0.9300000071525574,0.9399999976158142,688100,0.0,0.0
2025-04-09 00:00:00-04:00,0.9399999976158142,1.059999942779541,0.8700000047683716,1.0099999904632568,884100,0.0,0.0
2025-04-10 00:00:00-04:00,0.9599999785423279,1.0199999809265137,0.8600000143051147,0.9200000166893005,624900,0.0,0.0
2025-04-11 00:00:00-04:00,0.9100000262260437,0.9399999976158142,0.8700000047683716,0.9399999976158142,274600,0.0,0.0
2025-04-14 00:00:00-04:00,0.9300000071525574,0.9800000190734863,0.8999999761581421,0.9200000166893005,330900,0.0,0.0
2025-04-15 00:00:00-04:00,0.9200000166893005,0.9300000071525574,0.8500000238418579,0.8500000238418579,301400,0.0,0.0
2025-04-16 00:00:00-04:00,0.8600000143051147,0.8799999952316284,0.8100000023841858,0.8600000143051147,389100,0.0,0.0
2025-04-17 00:00:00-04:00,0.8500000238418579,0.9399999976158142,0.8399999737739563,0.8999999761581421,299000,0.0,0.0
2025-04-21 00:00:00-04:00,0.8999999761581421,0.9900000095367432,0.8299999833106995,0.8299999833106995,375500,0.0,0.0
2025-04-22 00:00:00-04:00,0.8399999737739563,0.9700000286102295,0.8199999928474426,0.949999988079071,448700,0.0,0.0
2025-04-23 00:00:00-04:00,0.9700000286102295,1.0800000429153442,0.9100000262260437,1.0299999713897705,852500,0.0,0.0
2025-04-24 00:00:00-04:00,1.0099999904632568,1.1200000047683716,1.0099999904632568,1.090000033378601,353400,0.0,0.0
2025-04-25 00:00:00-04:00,1.100000023841858,1.100000023841858,0.9900000095367432,1.0,492900,0.0,0.0
2025-04-28 00:00:00-04:00,1.0,1.0,0.9100000262260437,0.9100000262260437,313700,0.0,0.0
2025-04-29 00:00:00-04:00,0.9100000262260437,0.9900000095367432,0.8999999761581421,0.9599999785423279,312000,0.0,0.0
2025-04-30 00:00:00-04:00,0.949999988079071,0.9700000286102295,0.8700000047683716,0.9599999785423279,538500,0.0,0.0
2025-05-01 00:00:00-04:00,0.9599999785423279,0.9900000095367432,0.9100000262260437,0.9399999976158142,211000,0.0,0.0
2025-05-02 00:00:00-04:00,0.9700000286102295,0.9900000095367432,0.949999988079071,0.9800000190734863,183100,0.0,0.0
2025-05-05 00:00:00-04:00,0.9599999785423279,0.9900000095367432,0.8899999856948853,0.9100000262260437,321400,0.0,0.0
2025-05-06 00:00:00-04:00,0.9100000262260437,0.9399999976158142,0.8799999952316284,0.8999999761581421,194000,0.0,0.0
2025-05-07 00:00:00-04:00,1.0499999523162842,1.2000000476837158,1.0,1.0299999713897705,1890100,0.0,0.0
2025-05-08 00:00:00-04:00,1.0399999618530273,1.25,1.0099999904632568,1.190000057220459,903200,0.0,0.0
2025-05-09 00:00:00-04:00,1.1799999475479126,1.409999966621399,1.1799999475479126,1.340000033378601,899600,0.0,0.0
2025-05-12 00:00:00-04:00,1.4299999475479126,1.5,1.409999966621399,1.440000057220459,668900,0.0,0.0
2025-05-13 00:00:00-04:00,1.440000057220459,1.4700000286102295,1.309999942779541,1.3200000524520874,400900,0.0,0.0
2025-05-14 00:00:00-04:00,1.2899999618530273,1.3300000429153442,1.2300000190734863,1.2699999809265137,393400,0.0,0.0
2025-05-15 00:00:00-04:00,1.2599999904632568,1.440000057220459,1.2100000381469727,1.4299999475479126,443200,0.0,0.0
2025-05-16 00:00:00-04:00,1.4299999475479126,1.4800000190734863,1.340000033378601,1.4600000381469727,258300,0.0,0.0
2025-05-19 00:00:00-04:00,1.3700000047683716,1.4600000381469727,1.340000033378601,1.4500000476837158,275700,0.0,0.0
2025-05-20 00:00:00-04:00,1.4600000381469727,1.4800000190734863,1.3700000047683716,1.3899999856948853,214800,0.0,0.0
2025-05-21 00:00:00-04:00,1.3600000143051147,1.3899999856948853,1.2899999618530273,1.309999942779541,314600,0.0,0.0
2025-05-22 00:00:00-04:00,1.2799999713897705,1.340000033378601,1.2799999713897705,1.3200000524520874,193200,0.0,0.0
2025-05-23 00:00:00-04:00,1.3200000524520874,1.350000023841858,1.2999999523162842,1.3300000429153442,124800,0.0,0.0
2025-05-27 00:00:00-04:00,1.350000023841858,1.4199999570846558,1.3200000524520874,1.3899999856948853,311000,0.0,0.0
2025-05-28 00:00:00-04:00,1.3700000047683716,1.3700000047683716,1.2999999523162842,1.309999942779541,204700,0.0,0.0
2025-05-29 00:00:00-04:00,1.3200000524520874,1.350000023841858,1.2799999713897705,1.3200000524520874,230600,0.0,0.0
2025-05-30 00:00:00-04:00,1.309999942779541,1.3300000429153442,1.2699999809265137,1.2999999523162842,219500,0.0,0.0
2025-06-02 00:00:00-04:00,1.2999999523162842,1.409999966621399,1.2699999809265137,1.3899999856948853,522700,0.0,0.0
2025-06-03 00:00:00-04:00,1.3799999952316284,1.4800000190734863,1.350000023841858,1.4700000286102295,424900,0.0,0.0
2025-06-04 00:00:00-04:00,1.4600000381469727,1.4600000381469727,1.399999976158142,1.399999976158142,175800,0.0,0.0
2025-06-05 00:00:00-04:00,1.409999966621399,1.4500000476837158,1.3600000143051147,1.3700000047683716,216500,0.0,0.0
2025-06-06 00:00:00-04:00,1.409999966621399,1.4500000476837158,1.3700000047683716,1.409999966621399,207400,0.0,0.0
2025-06-09 00:00:00-04:00,1.409999966621399,1.5199999809265137,1.3899999856948853,1.4900000095367432,331900,0.0,0.0
2025-06-10 00:00:00-04:00,1.4800000190734863,1.600000023841858,1.440000057220459,1.5199999809265137,532700,0.0,0.0
2025-06-11 00:00:00-04:00,1.5199999809265137,1.559999942779541,1.4500000476837158,1.4700000286102295,298800,0.0,0.0
2025-06-12 00:00:00-04:00,1.4500000476837158,1.4800000190734863,1.4199999570846558,1.4299999475479126,283200,0.0,0.0
2025-06-13 00:00:00-04:00,1.399999976158142,1.4199999570846558,1.309999942779541,1.3200000524520874,296500,0.0,0.0
2025-06-16 00:00:00-04:00,1.340000033378601,1.399999976158142,1.3300000429153442,1.3600000143051147,151700,0.0,0.0
2025-06-17 00:00:00-04:00,1.3200000524520874,1.3799999952316284,1.309999942779541,1.3300000429153442,245300,0.0,0.0
2025-06-18 00:00:00-04:00,1.3300000429153442,1.409999966621399,1.309999942779541,1.3300000429153442,290100,0.0,0.0
2025-06-20 00:00:00-04:00,1.350000023841858,1.3700000047683716,1.2699999809265137,1.2699999809265137,250800,0.0,0.0
2025-06-23 00:00:00-04:00,1.2699999809265137,1.3600000143051147,1.25,1.2799999713897705,337900,0.0,0.0
2025-06-24 00:00:00-04:00,1.2999999523162842,1.3700000047683716,1.2599999904632568,1.350000023841858,342200,0.0,0.0
2025-06-25 00:00:00-04:00,1.350000023841858,1.399999976158142,1.3200000524520874,1.3899999856948853,625200,0.0,0.0
2025-06-26 00:00:00-04:00,1.409999966621399,1.4500000476837158,1.3700000047683716,1.409999966621399,517900,0.0,0.0
2025-06-27 00:00:00-04:00,1.440000057220459,1.5800000429153442,1.399999976158142,1.4900000095367432,4720400,0.0,0.0
2025-06-30 00:00:00-04:00,1.5099999904632568,1.7000000476837158,1.4700000286102295,1.659999966621399,639400,0.0,0.0
2025-07-01 00:00:00-04:00,1.6299999952316284,1.909999966621399,1.5800000429153442,1.840000033378601,499000,0.0,0.0
2025-07-02 00:00:00-04:00,1.840000033378601,2.0,1.7999999523162842,2.0,391800,0.0,0.0
2025-07-03 00:00:00-04:00,2.0,2.0399999618530273,1.7999999523162842,1.9800000190734863,381500,0.0,0.0
2025-07-07 00:00:00-04:00,2.0399999618530273,2.0999999046325684,1.8600000143051147,2.0799999237060547,420700,0.0,0.0
2025-07-08 00:00:00-04:00,2.0999999046325684,2.0999999046325684,2.0,2.009999990463257,335100,0.0,0.0
2025-07-09 00:00:00-04:00,2.0299999713897705,2.0299999713897705,1.8700000047683716,1.899999976158142,333100,0.0,0.0
2025-07-10 00:00:00-04:00,1.8899999856948853,1.9600000381469727,1.809999942779541,1.9600000381469727,437400,0.0,0.0
2025-07-11 00:00:00-04:00,1.909999966621399,1.9299999475479126,1.8200000524520874,1.8799999952316284,95900,0.0,0.0
2025-07-14 00:00:00-04:00,1.8700000047683716,1.9600000381469727,1.7999999523162842,1.9600000381469727,183600,0.0,0.0
2025-07-15 00:00:00-04:00,1.9900000095367432,1.9900000095367432,1.7999999523162842,1.8200000524520874,149400,0.0,0.0
2025-07-16 00:00:00-04:00,1.8899999856948853,1.899999976158142,1.7200000286102295,1.8799999952316284,218500,0.0,0.0
2025-07-17 00:00:00-04:00,1.8799999952316284,1.940000057220459,1.850000023841858,1.850000023841858,64200,0.0,0.0
2025-07-18 00:00:00-04:00,1.8700000047683716,1.8700000047683716,1.7599999904632568,1.7699999809265137,114700,0.0,0.0
2025-07-21 00:00:00-04:00,1.7799999713897705,1.7899999618530273,1.7100000381469727,1.7300000190734863,112000,0.0,0.0
2025-07-22 00:00:00-04:00,1.7400000095367432,1.8799999952316284,1.7100000381469727,1.8799999952316284,162000,0.0,0.0
2025-07-23 00:00:00-04:00,1.8799999952316284,2.0,1.8799999952316284,1.9700000286102295,193900,0.0,0.0
2025-07-24 00:00:00-04:00,1.9900000095367432,1.9900000095367432,1.850000023841858,1.8799999952316284,141400,0.0,0.0
2025-07-25 00:00:00-04:00,1.909999966621399,1.9800000190734863,1.8799999952316284,1.9700000286102295,105300,0.0,0.0
2025-07-28 00:00:00-04:00,2.0,2.009999990463257,1.9299999475479126,1.940000057220459,167200,0.0,0.0
2025-07-29 00:00:00-04:00,1.9199999570846558,1.9199999570846558,1.7599999904632568,1.8200000524520874,179700,0.0,0.0
2025-07-30 00:00:00-04:00,1.8200000524520874,1.8300000429153442,1.7200000286102295,1.7400000095367432,127300,0.0,0.0
2025-07-31 00:00:00-04:00,1.75,1.7599999904632568,1.6699999570846558,1.690000057220459,78300,0.0,0.0
2025-08-01 00:00:00-04:00,1.649999976158142,1.7100000381469727,1.6200000047683716,1.6799999475479126,136900,0.0,0.0
2025-08-04 00:00:00-04:00,1.7100000381469727,1.9700000286102295,1.6200000047683716,1.850000023841858,445900,0.0,0.0
2025-08-05 00:00:00-04:00,1.8600000143051147,1.9500000476837158,1.7000000476837158,1.7999999523162842,299400,0.0,0.0
2025-08-06 00:00:00-04:00,1.8799999952316284,1.899999976158142,1.649999976158142,1.899999976158142,438200,0.0,0.0
2025-08-07 00:00:00-04:00,1.8899999856948853,1.899999976158142,1.75,1.7599999904632568,122900,0.0,0.0
2025-08-08 00:00:00-04:00,1.7599999904632568,1.7999999523162842,1.7000000476837158,1.7599999904632568,173600,0.0,0.0
2025-08-11 00:00:00-04:00,1.7999999523162842,1.8600000143051147,1.75,1.8300000429153442,168900,0.0,0.0
2025-08-12 00:00:00-04:00,1.7999999523162842,1.8799999952316284,1.7799999713897705,1.840000033378601,129700,0.0,0.0
2025-08-13 00:00:00-04:00,1.850000023841858,1.940000057220459,1.850000023841858,1.899999976158142,154700,0.0,0.0
2025-08-14 00:00:00-04:00,1.8899999856948853,1.8899999856948853,1.7799999713897705,1.809999942779541,117500,0.0,0.0
2025-08-15 00:00:00-04:00,1.840000033378601,1.8899999856948853,1.7699999809265137,1.7899999618530273,58500,0.0,0.0
2025-08-18 00:00:00-04:00,1.7899999618530273,1.8899999856948853,1.7699999809265137,1.8700000047683716,135600,0.0,0.0
2025-08-19 00:00:00-04:00,1.8799999952316284,1.8899999856948853,1.7899999618530273,1.840000033378601,76700,0.0,0.0
2025-08-20 00:00:00-04:00,1.850000023841858,1.850000023841858,1.7699999809265137,1.7899999618530273,70800,0.0,0.0
2025-08-21 00:00:00-04:00,1.7799999713897705,1.7899999618530273,1.7200000286102295,1.7300000190734863,51500,0.0,0.0
2025-08-22 00:00:00-04:00,1.7200000286102295,1.840000033378601,1.7200000286102295,1.7599999904632568,90600,0.0,0.0
2025-08-25 00:00:00-04:00,1.7799999713897705,1.8300000429153442,1.75,1.7799999713897705,56000,0.0,0.0
2025-08-26 00:00:00-04:00,1.7899999618530273,1.809999942779541,1.7300000190734863,1.7599999904632568,74100,0.0,0.0
2025-08-27 00:00:00-04:00,1.7699999809265137,1.8200000524520874,1.7699999809265137,1.7799999713897705,65200,0.0,0.0
2025-08-28 00:00:00-04:00,1.8200000524520874,1.8300000429153442,1.75,1.7899999618530273,96800,0.0,0.0
2025-08-29 00:00:00-04:00,1.7999999523162842,1.809999942779541,1.7300000190734863,1.7599999904632568,107500,0.0,0.0
2025-09-02 00:00:00-04:00,1.7400000095367432,1.7799999713897705,1.6399999856948853,1.659999966621399,217000,0.0,0.0
2025-09-03 00:00:00-04:00,1.6399999856948853,1.75,1.6299999952316284,1.6699999570846558,122900,0.0,0.0
2025-09-04 00:00:00-04:00,1.7100000381469727,1.75,1.659999966621399,1.6699999570846558,180400,0.0,0.0
2025-09-05 00:00:00-04:00,1.7000000476837158,1.840000033378601,1.6699999570846558,1.840000033378601,65800,0.0,0.0
2025-09-08 00:00:00-04:00,1.840000033378601,1.850000023841858,1.7699999809265137,1.8200000524520874,83800,0.0,0.0
2025-09-09 00:00:00-04:00,1.7799999713897705,1.850000023841858,1.7599999904632568,1.840000033378601,90900,0.0,0.0
2025-09-10 00:00:00-04:00,1.850000023841858,1.9500000476837158,1.8200000524520874,1.899999976158142,187700,0.0,0.0
2025-09-11 00:00:00-04:00,1.909999966621399,1.9700000286102295,1.899999976158142,1.9500000476837158,102800,0.0,0.0
2025-09-12 00:00:00-04:00,1.9800000190734863,1.9900000095367432,1.9299999475479126,1.9700000286102295,69800,0.0,0.0
2025-09-15 00:00:00-04:00,1.9800000190734863,1.9800000190734863,1.8899999856948853,1.909999966621399,169700,0.0,0.0
2025-09-16 00:00:00-04:00,1.9199999570846558,1.9600000381469727,1.8899999856948853,1.940000057220459,108900,0.0,0.0
2025-09-17 00:00:00-04:00,1.940000057220459,2.0399999618530273,1.8799999952316284,1.8799999952316284,137900,0.0,0.0
2025-09-18 00:00:00-04:00,1.899999976158142,1.9900000095367432,1.899999976158142,1.940000057220459,121100,0.0,0.0
2025-09-19 00:00:00-04:00,1.9299999475479126,1.9800000190734863,1.7599999904632568,1.7899999618530273,270400,0.0,0.0
2025-09-22 00:00:00-04:00,1.7799999713897705,1.7999999523162842,1.6799999475479126,1.7200000286102295,166000,0.0,0.0
2025-09-23 00:00:00-04:00,1.7200000286102295,1.7799999713897705,1.7000000476837158,1.7200000286102295,100200,0.0,0.0
2025-09-24 00:00:00-04:00,1.7100000381469727,1.7899999618530273,1.6399999856948853,1.6699999570846558,277000,0.0,0.0
2025-09-25 00:00:00-04:00,1.659999966621399,1.6799999475479126,1.6299999952316284,1.649999976158142,55800,0.0,0.0
2025-09-26 00:00:00-04:00,1.6799999475479126,1.7300000190734863,1.6699999570846558,1.7000000476837158,117500,0.0,0.0
2025-09-29 00:00:00-04:00,1.7300000190734863,1.809999942779541,1.649999976158142,1.7000000476837158,156300,0.0,0.0
2025-09-30 00:00:00-04:00,1.690000057220459,1.7100000381469727,1.6399999856948853,1.7000000476837158,91900,0.0,0.0
2025-10-01 00:00:00-04:00,1.7000000476837158,1.7799999713897705,1.6699999570846558,1.75,56200,0.0,0.0
2025-10-02 00:00:00-04:00,1.809999942779541,1.809999942779541,1.7100000381469727,1.7599999904632568,69900,0.0,0.0
2025-10-03 00:00:00-04:00,1.7599999904632568,1.850000023841858,1.7200000286102295,1.8200000524520874,74000,0.0,0.0
2025-10-06 00:00:00-04:00,1.8200000524520874,1.899999976158142,1.7300000190734863,1.7300000190734863,85000,0.0,0.0
2025-10-07 00:00:00-04:00,1.75,1.8600000143051147,1.690000057220459,1.7200000286102295,71300,0.0,0.0
2025-10-08 00:00:00-04:00,1.7400000095367432,1.75,1.7100000381469727,1.7200000286102295,59400,0.0,0.0
2025-10-09 00:00:00-04:00,1.7200000286102295,1.75,1.6699999570846558,1.6699999570846558,99100,0.0,0.0
2025-10-10 00:00:00-04:00,1.6799999475479126,1.6799999475479126,1.5800000429153442,1.600000023841858,103800,0.0,0.0
2025-10-13 00:00:00-04:00,1.6100000143051147,1.6399999856948853,1.559999942779541,1.5800000429153442,86600,0.0,0.0
2025-10-14 00:00:00-04:00,1.590000033378601,1.6399999856948853,1.5800000429153442,1.5800000429153442,42900,0.0,0.0
2025-10-15 00:00:00-04:00,1.600000023841858,1.6399999856948853,1.559999942779541,1.5700000524520874,119700,0.0,0.0
2025-10-16 00:00:00-04:00,1.5800000429153442,1.600000023841858,1.5299999713897705,1.590000033378601,95500,0.0,0.0
2025-10-17 00:00:00-04:00,1.5800000429153442,1.649999976158142,1.5199999809265137,1.5800000429153442,232700,0.0,0.0
2025-10-20 00:00:00-04:00,1.5800000429153442,1.6299999952316284,1.5299999713897705,1.5700000524520874,141800,0.0,0.0
2025-10-21 00:00:00-04:00,1.5399999618530273,1.5800000429153442,1.5299999713897705,1.5800000429153442,77100,0.0,0.0
2025-10-22 00:00:00-04:00,1.5700000524520874,1.5700000524520874,1.5099999904632568,1.559999942779541,59000,0.0,0.0
2025-10-23 00:00:00-04:00,1.5499999523162842,1.659999966621399,1.5499999523162842,1.6399999856948853,65300,0.0,0.0
2025-10-24 00:00:00-04:00,1.690000057220459,1.75,1.5499999523162842,1.7000000476837158,84000,0.0,0.0
2025-10-27 00:00:00-04:00,1.690000057220459,1.75,1.6200000047683716,1.649999976158142,97000,0.0,0.0
2025-10-28 00:00:00-04:00,1.649999976158142,1.7899999618530273,1.649999976158142,1.649999976158142,123900,0.0,0.0
2025-10-29 00:00:00-04:00,1.6699999570846558,1.75,1.5800000429153442,1.5800000429153442,278200,0.0,0.0
2025-10-30 00:00:00-04:00,1.5700000524520874,1.6299999952316284,1.5099999904632568,1.5099999904632568,168900,0.0,0.0
2025-10-31 00:00:00-04:00,1.5099999904632568,1.600000023841858,1.5099999904632568,1.5199999809265137,119700,0.0,0.0
2025-11-03 00:00:00-05:00,1.5399999618530273,1.6799999475479126,1.5,1.590000033378601,261000,0.0,0.0
2025-11-04 00:00:00-05:00,1.5399999618530273,1.659999966621399,1.5099999904632568,1.5199999809265137,213700,0.0,0.0
2025-11-05 00:00:00-05:00,1.5399999618530273,1.600000023841858,1.4600000381469727,1.4800000190734863,148300,0.0,0.0
2025-11-06 00:00:00-05:00,1.4299999475479126,1.5399999618530273,1.3700000047683716,1.3700000047683716,210700,0.0,0.0
2025-11-07 00:00:00-05:00,1.3899999856948853,1.399999976158142,1.2899999618530273,1.340000033378601,318100,0.0,0.0
2025-11-10 00:00:00-05:00,1.3600000143051147,1.5399999618530273,1.340000033378601,1.5,145700,0.0,0.0
2025-11-11 00:00:00-05:00,1.4299999475479126,1.5399999618530273,1.3300000429153442,1.5,225100,0.0,0.0
2025-11-12 00:00:00-05:00,1.5,1.5800000429153442,1.4500000476837158,1.5,129600,0.0,0.0
2025-11-13 00:00:00-05:00,1.5099999904632568,1.5700000524520874,1.4700000286102295,1.559999942779541,91500,0.0,0.0
2025-11-14 00:00:00-05:00,1.5499999523162842,1.5800000429153442,1.3600000143051147,1.5299999713897705,157000,0.0,0.0
2025-11-17 00:00:00-05:00,1.5199999809265137,1.5700000524520874,1.4299999475479126,1.5099999904632568,95700,0.0,0.0
2025-11-18 00:00:00-05:00,1.5199999809265137,1.6799999475479126,1.5,1.6699999570846558,196900,0.0,0.0
2025-11-19 00:00:00-05:00,1.659999966621399,1.659999966621399,1.5199999809265137,1.5800000429153442,120200,0.0,0.0
2025-11-20 00:00:00-05:00,1.5700000524520874,1.6100000143051147,1.4800000190734863,1.5499999523162842,62800,0.0,0.0
2025-11-21 00:00:00-05:00,1.5499999523162842,1.6399999856948853,1.5499999523162842,1.6100000143051147,34400,0.0,0.0
2025-11-24 00:00:00-05:00,1.6100000143051147,1.6299999952316284,1.559999942779541,1.6299999952316284,66400,0.0,0.0
2025-11-25 00:00:00-05:00,1.6100000143051147,1.7000000476837158,1.600000023841858,1.6799999475479126,187300,0.0,0.0
2025-11-26 00:00:00-05:00,1.6799999475479126,1.75,1.600000023841858,1.7200000286102295,122200,0.0,0.0
2025-11-28 00:00:00-05:00,1.7200000286102295,1.7999999523162842,1.6799999475479126,1.7699999809265137,55900,0.0,0.0
2025-12-01 00:00:00-05:00,1.75,1.7699999809265137,1.7100000381469727,1.7300000190734863,72800,0.0,0.0
2025-12-02 00:00:00-05:00,1.7200000286102295,1.7400000095367432,1.7000000476837158,1.7200000286102295,111800,0.0,0.0
2025-12-03 00:00:00-05:00,1.7200000286102295,1.75,1.7100000381469727,1.7200000286102295,96300,0.0,0.0
2025-12-04 00:00:00-05:00,1.7400000095367432,1.7400000095367432,1.6100000143051147,1.6299999952316284,122900,0.0,0.0
2025-12-05 00:00:00-05:00,1.6399999856948853,1.6799999475479126,1.600000023841858,1.659999966621399,60200,0.0,0.0
2025-12-08 00:00:00-05:00,1.659999966621399,1.659999966621399,1.600000023841858,1.6200000047683716,71300,0.0,0.0
2025-12-09 00:00:00-05:00,1.6200000047683716,1.649999976158142,1.5700000524520874,1.6399999856948853,28600,0.0,0.0
2025-12-10 00:00:00-05:00,1.6100000143051147,1.6699999570846558,1.6100000143051147,1.649999976158142,51000,0.0,0.0
2025-12-11 00:00:00-05:00,1.6299999952316284,1.649999976158142,1.5299999713897705,1.6299999952316284,56000,0.0,0.0
2025-12-12 00:00:00-05:00,1.6100000143051147,1.6100000143051147,1.5199999809265137,1.590000033378601,83600,0.0,0.0
2025-12-15 00:00:00-05:00,1.590000033378601,1.6100000143051147,1.5399999618530273,1.5700000524520874,100900,0.0,0.0
2025-12-16 00:00:00-05:00,1.5700000524520874,1.649999976158142,1.4800000190734863,1.5399999618530273,317000,0.0,0.0
2025-12-17 00:00:00-05:00,1.5,1.5700000524520874,1.4500000476837158,1.4900000095367432,283400,0.0,0.0
2025-12-18 00:00:00-05:00,1.4900000095367432,1.5800000429153442,1.4800000190734863,1.5299999713897705,68600,0.0,0.0
2025-12-19 00:00:00-05:00,1.5099999904632568,1.590000033378601,1.4700000286102295,1.5299999713897705,50000,0.0,0.0
2025-12-22 00:00:00-05:00,1.5199999809265137,1.5700000524520874,1.4700000286102295,1.5,124900,0.0,0.0
2025-12-23 00:00:00-05:00,1.5099999904632568,1.5299999713897705,1.4700000286102295,1.4800000190734863,97200,0.0,0.0
2025-12-24 00:00:00-05:00,1.4800000190734863,1.5,1.4500000476837158,1.4800000190734863,28900,0.0,0.0
2025-12-26 00:00:00-05:00,1.4900000095367432,1.5399999618530273,1.4700000286102295,1.5,79900,0.0,0.0
2025-12-29 00:00:00-05:00,1.4800000190734863,1.5,1.409999966621399,1.4299999475479126,161500,0.0,0.0
2025-12-30 00:00:00-05:00,1.4199999570846558,1.5199999809265137,1.4199999570846558,1.4800000190734863,101000,0.0,0.0
2025-12-31 00:00:00-05:00,1.4600000381469727,1.4900000095367432,1.4299999475479126,1.440000057220459,124200,0.0,0.0
2026-01-02 00:00:00-05:00,1.4299999475479126,1.5199999809265137,1.4299999475479126,1.5099999904632568,29500,0.0,0.0
2026-01-05 00:00:00-05:00,1.5099999904632568,1.7000000476837158,1.5099999904632568,1.6699999570846558,297000,0.0,0.0
2026-01-06 00:00:00-05:00,1.6799999475479126,1.6799999475479126,1.600000023841858,1.6200000047683716,144000,0.0,0.0
2026-01-07 00:00:00-05:00,1.6200000047683716,1.690000057220459,1.600000023841858,1.6100000143051147,63100,0.0,0.0
2026-01-08 00:00:00-05:00,1.6299999952316284,1.690000057220459,1.6299999952316284,1.6799999475479126,76500,0.0,0.0
2026-01-09 00:00:00-05:00,1.690000057220459,1.7400000095367432,1.6399999856948853,1.7000000476837158,148300,0.0,0.0
2026-01-12 00:00:00-05:00,1.7100000381469727,1.899999976158142,1.7000000476837158,1.850000023841858,268300,0.0,0.0
2026-01-13 00:00:00-05:00,1.850000023841858,1.8899999856948853,1.75,1.7599999904632568,49800,0.0,0.0
2026-01-14 00:00:00-05:00,1.7599999904632568,1.7899999618530273,1.7200000286102295,1.7599999904632568,43400,0.0,0.0
2026-01-15 00:00:00-05:00,1.7799999713897705,1.7999999523162842,1.7400000095367432,1.75,58400,0.0,0.0
2026-01-16 00:00:00-05:00,1.7699999809265137,1.809999942779541,1.7000000476837158,1.7000000476837158,53900,0.0,0.0
2026-01-20 00:00:00-05:00,1.6399999856948853,1.649999976158142,1.559999942779541,1.559999942779541,158700,0.0,0.0
2026-01-21 00:00:00-05:00,1.5800000429153442,1.6699999570846558,1.5800000429153442,1.6200000047683716,69100,0.0,0.0
2026-01-22 00:00:00-05:00,1.6699999570846558,1.7000000476837158,1.6299999952316284,1.6299999952316284,47600,0.0,0.0
2026-01-23 00:00:00-05:00,1.6399999856948853,1.6799999475479126,1.600000023841858,1.6200000047683716,54000,0.0,0.0
2026-01-26 00:00:00-05:00,1.6200000047683716,1.6399999856948853,1.5800000429153442,1.6200000047683716,64600,0.0,0.0
2026-01-27 00:00:00-05:00,1.6200000047683716,1.6299999952316284,1.5499999523162842,1.600000023841858,69700,0.0,0.0
2026-01-28 00:00:00-05:00,1.590000033378601,1.649999976158142,1.5700000524520874,1.590000033378601,146400,0.0,0.0
2026-01-29 00:00:00-05:00,1.590000033378601,1.6299999952316284,1.559999942779541,1.6200000047683716,42000,0.0,0.0
2026-01-30 00:00:00-05:00,1.6299999952316284,1.6299999952316284,1.5,1.5,136000,0.0,0.0
2026-02-02 00:00:00-05:00,1.4900000095367432,1.5800000429153442,1.4600000381469727,1.5199999809265137,193100,0.0,0.0
2026-02-03 00:00:00-05:00,1.5199999809265137,1.5700000524520874,1.4500000476837158,1.4600000381469727,157400,0.0,0.0
2026-02-04 00:00:00-05:00,1.5099999904632568,1.6200000047683716,1.4800000190734863,1.6100000143051147,255900,0.0,0.0
2026-02-05 00:00:00-05:00,1.600000023841858,1.6100000143051147,1.4700000286102295,1.4800000190734863,202000,0.0,0.0
2026-02-06 00:00:00-05:00,1.5,1.659999966621399,1.5,1.6299999952316284,154200,0.0,0.0
2026-02-09 00:00:00-05:00,1.6399999856948853,1.7799999713897705,1.6399999856948853,1.75,256300,0.0,0.0
2026-02-10 00:00:00-05:00,1.75,1.809999942779541,1.7200000286102295,1.7200000286102295,167500,0.0,0.0
2026-02-11 00:00:00-05:00,1.75,1.75,1.6799999475479126,1.690000057220459,45800,0.0,0.0
2026-02-12 00:00:00-05:00,1.690000057220459,1.7599999904632568,1.5700000524520874,1.600000023841858,154300,0.0,0.0
2026-02-13 00:00:00-05:00,1.600000023841858,1.7200000286102295,1.5700000524520874,1.6699999570846558,87700,0.0,0.0
2026-02-17 00:00:00-05:00,1.649999976158142,1.7799999713897705,1.6399999856948853,1.7100000381469727,138600,0.0,0.0
2026-02-18 00:00:00-05:00,1.7000000476837158,1.7699999809265137,1.7000000476837158,1.7000000476837158,73100,0.0,0.0
2026-02-19 00:00:00-05:00,1.7000000476837158,1.7799999713897705,1.659999966621399,1.7400000095367432,179000,0.0,0.0
2026-02-20 00:00:00-05:00,1.75,1.7599999904632568,1.690000057220459,1.7300000190734863,113300,0.0,0.0
2026-02-23 00:00:00-05:00,1.7200000286102295,1.7200000286102295,1.6299999952316284,1.6799999475479126,148400,0.0,0.0
2026-02-24 00:00:00-05:00,1.7000000476837158,1.7200000286102295,1.6299999952316284,1.690000057220459,125600,0.0,0.0
2026-02-25 00:00:00-05:00,1.7000000476837158,1.7100000381469727,1.6699999570846558,1.6699999570846558,47800,0.0,0.0
2026-02-26 00:00:00-05:00,1.6699999570846558,1.7599999904632568,1.659999966621399,1.7300000190734863,45500,0.0,0.0
2026-02-27 00:00:00-05:00,1.7200000286102295,1.7200000286102295,1.659999966621399,1.7100000381469727,60900,0.0,0.0
2026-03-02 00:00:00-05:00,1.649999976158142,1.8200000524520874,1.649999976158142,1.7999999523162842,147000,0.0,0.0
2026-03-03 00:00:00-05:00,1.7300000190734863,1.75,1.6399999856948853,1.649999976158142,78400,0.0,0.0
2026-03-04 00:00:00-05:00,1.690000057220459,1.75,1.659999966621399,1.75,95000,0.0,0.0
2026-03-05 00:00:00-05:00,1.7300000190734863,1.7300000190734863,1.440000057220459,1.5700000524520874,370800,0.0,0.0
2026-03-06 00:00:00-05:00,1.5399999618530273,1.5399999618530273,1.4600000381469727,1.5299999713897705,131800,0.0,0.0
2026-03-09 00:00:00-04:00,1.5,1.690000057220459,1.409999966621399,1.6699999570846558,153000,0.0,0.0
2026-03-10 00:00:00-04:00,1.690000057220459,1.7300000190734863,1.600000023841858,1.6200000047683716,2329000,0.0,0.0
2026-03-11 00:00:00-04:00,1.9800000190734863,2.890000104904175,1.9700000286102295,2.0299999713897705,46303400,0.0,0.0
2026-03-12 00:00:00-04:00,2.0399999618530273,2.3399999141693115,1.9800000190734863,2.3299999237060547,2345200,0.0,0.0
2026-03-13 00:00:00-04:00,2.3299999237060547,2.940000057220459,2.25,2.9000000953674316,2099000,0.0,0.0
2026-03-16 00:00:00-04:00,2.9200000762939453,3.640000104904175,2.9200000762939453,3.619999885559082,2417100,0.0,0.0
2026-03-17 00:00:00-04:00,3.5199999809265137,3.5299999713897705,3.049999952316284,3.3499999046325684,1165500,0.0,0.0
2026-03-18 00:00:00-04:00,3.3499999046325684,3.5899999141693115,3.2100000381469727,3.359999895095825,1004900,0.0,0.0
2026-03-19 00:00:00-04:00,3.2899999618530273,3.5899999141693115,3.1700000762939453,3.569999933242798,467500,0.0,0.0
2026-03-20 00:00:00-04:00,3.569999933242798,3.640000104904175,3.390000104904175,3.5899999141693115,762700,0.0,0.0
2026-03-23 00:00:00-04:00,3.5899999141693115,3.7300000190734863,3.3299999237060547,3.6700000762939453,705300,0.0,0.0
2026-03-24 00:00:00-04:00,3.6500000953674316,3.799999952316284,3.5899999141693115,3.7100000381469727,545400,0.0,0.0
2026-03-25 00:00:00-04:00,3.6700000762939453,3.7899999618530273,3.450000047683716,3.7699999809265137,372500,0.0,0.0
2026-03-26 00:00:00-04:00,3.7100000381469727,3.9200000762939453,3.5399999618530273,3.630000114440918,533800,0.0,0.0
2026-03-27 00:00:00-04:00,3.5799999237060547,3.6500000953674316,3.430000066757202,3.509999990463257,211500,0.0,0.0
2026-03-30 00:00:00-04:00,3.509999990463257,3.569999933242798,3.1700000762939453,3.190000057220459,666600,0.0,0.0
2026-03-31 00:00:00-04:00,3.2200000286102295,3.4700000286102295,3.2200000286102295,3.4100000858306885,396000,0.0,0.0
2026-04-01 00:00:00-04:00,3.4200000762939453,3.6500000953674316,3.4000000953674316,3.5199999809265137,374700,0.0,0.0
2026-04-02 00:00:00-04:00,3.25,3.569999933242798,3.2200000286102295,3.559999942779541,348700,0.0,0.0
2026-04-06 00:00:00-04:00,3.640000104904175,4.349999904632568,3.5799999237060547,4.269999980926514,1106900,0.0,0.0
2026-04-07 00:00:00-04:00,4.25,4.389999866485596,3.990000009536743,4.139999866485596,705800,0.0,0.0
2026-04-08 00:00:00-04:00,4.389999866485596,4.400000095367432,3.7200000286102295,3.7300000190734863,780400,0.0,0.0
2026-04-09 00:00:00-04:00,3.7300000190734863,4.039999961853027,3.7300000190734863,3.990000009536743,377900,0.0,0.0
2026-04-10 00:00:00-04:00,4.050000190734863,4.28000020980835,3.890000104904175,3.9200000762939453,526600,0.0,0.0
2026-04-13 00:00:00-04:00,3.9200000762939453,4.28000020980835,3.8399999141693115,4.199999809265137,336800,0.0,0.0
2026-04-14 00:00:00-04:00,4.199999809265137,4.199999809265137,3.9200000762939453,4.090000152587891,507200,0.0,0.0
2026-04-15 00:00:00-04:00,4.03000020980835,4.130000114440918,3.8499999046325684,3.940000057220459,516800,0.0,0.0
2026-04-16 00:00:00-04:00,3.940000057220459,4.010000228881836,3.6700000762939453,4.010000228881836,437300,0.0,0.0
2026-04-17 00:00:00-04:00,4.079999923706055,4.230000019073486,4.0,4.03000020980835,378900,0.0,0.0
2026-04-20 00:00:00-04:00,4.0,4.25,3.9000000953674316,4.130000114440918,482600,0.0,0.0
2026-04-21 00:00:00-04:00,4.139999866485596,4.360000133514404,4.119999885559082,4.179999828338623,498700,0.0,0.0
2026-04-22 00:00:00-04:00,4.25,4.400000095367432,4.099999904632568,4.300000190734863,500400,0.0,0.0
2026-04-23 00:00:00-04:00,4.320000171661377,4.429999828338623,4.190000057220459,4.300000190734863,459400,0.0,0.0
2026-04-24 00:00:00-04:00,4.329999923706055,4.329999923706055,4.059999942779541,4.25,282100,0.0,0.0
2026-04-27 00:00:00-04:00,4.289999961853027,4.5,4.260000228881836,4.300000190734863,399600,0.0,0.0
2026-04-28 00:00:00-04:00,4.230000019073486,4.300000190734863,4.070000171661377,4.269999980926514,303100,0.0,0.0
2026-04-29 00:00:00-04:00,4.260000228881836,4.28000020980835,3.7899999618530273,3.9700000286102295,432200,0.0,0.0
2026-04-30 00:00:00-04:00,4.010000228881836,4.199999809265137,4.0,4.179999828338623,240500,0.0,0.0
2026-05-01 00:00:00-04:00,4.179999828338623,4.340000152587891,4.150000095367432,4.150000095367432,289100,0.0,0.0
2026-05-04 00:00:00-04:00,4.150000095367432,4.380000114440918,4.150000095367432,4.260000228881836,784300,0.0,0.0
2026-05-05 00:00:00-04:00,4.380000114440918,4.5,4.010000228881836,4.21999979019165,483900,0.0,0.0
2026-05-06 00:00:00-04:00,4.489999771118164,5.400000095367432,4.460000038146973,5.199999809265137,1671200,0.0,0.0
2026-05-07 00:00:00-04:00,5.199999809265137,5.5,4.949999809265137,5.260000228881836,1021100,0.0,0.0
2026-05-08 00:00:00-04:00,5.400000095367432,5.400000095367432,4.860000133514404,5.099999904632568,582100,0.0,0.0
2026-05-11 00:00:00-04:00,5.119999885559082,5.329999923706055,4.889999866485596,5.210000038146973,853600,0.0,0.0
2026-05-12 00:00:00-04:00,5.199999809265137,5.480000019073486,5.0,5.400000095367432,1618900,0.0,0.0
2026-05-13 00:00:00-04:00,5.400000095367432,5.570000171661377,5.25,5.309999942779541,445700,0.0,0.0
2026-05-14 00:00:00-04:00,5.340000152587891,5.789999961853027,5.329999923706055,5.519999980926514,594200,0.0,0.0
2026-05-15 00:00:00-04:00,5.400000095367432,5.400000095367432,5.039999961853027,5.119999885559082,337900,0.0,0.0
2026-05-18 00:00:00-04:00,5.139999866485596,5.269999980926514,4.960000038146973,5.039999961853027,382200,0.0,0.0
2026-05-19 00:00:00-04:00,5.110000133514404,5.110000133514404,4.769999980926514,4.809999942779541,336300,0.0,0.0
2026-05-20 00:00:00-04:00,4.860000133514404,4.909999847412109,4.639999866485596,4.769999980926514,213700,0.0,0.0
2026-05-21 00:00:00-04:00,4.769999980926514,4.820000171661377,4.639999866485596,4.809999942779541,250100,0.0,0.0
2026-05-22 00:00:00-04:00,4.829999923706055,5.050000190734863,4.739999771118164,4.96999979019165,217800,0.0,0.0
2026-05-26 00:00:00-04:00,5.059999942779541,5.320000171661377,5.050000190734863,5.190000057220459,649600,0.0,0.0
2026-05-27 00:00:00-04:00,5.190000057220459,5.460000038146973,5.179999828338623,5.289999961853027,493300,0.0,0.0
2026-05-28 00:00:00-04:00,5.28000020980835,5.369999885559082,5.190000057220459,5.25,259500,0.0,0.0
2026-05-29 00:00:00-04:00,5.239999771118164,5.28000020980835,5.050000190734863,5.150000095367432,260700,0.0,0.0
2026-06-01 00:00:00-04:00,5.090000152587891,5.179999828338623,5.03000020980835,5.130000114440918,326600,0.0,0.0
2026-06-02 00:00:00-04:00,5.139999866485596,5.599999904632568,5.050000190734863,5.539999961853027,682100,0.0,0.0
2026-06-03 00:00:00-04:00,5.5,5.880000114440918,5.400000095367432,5.78000020980835,633900,0.0,0.0
2026-06-04 00:00:00-04:00,5.75,5.829999923706055,5.510000228881836,5.519999980926514,348600,0.0,0.0
2026-06-05 00:00:00-04:00,5.409999847412109,5.420000076293945,4.690000057220459,4.760000228881836,496500,0.0,0.0
2026-06-08 00:00:00-04:00,4.880000114440918,5.110000133514404,4.829999923706055,5.079999923706055,336500,0.0,0.0
2026-06-09 00:00:00-04:00,5.070000171661377,5.380000114440918,4.849999904632568,5.159999847412109,435400,0.0,0.0
2026-06-10 00:00:00-04:00,5.03000020980835,5.079999923706055,4.869999885559082,4.940000057220459,263800,0.0,0.0
2026-06-11 00:00:00-04:00,5.039999961853027,5.130000114440918,4.849999904632568,5.070000171661377,512200,0.0,0.0
2026-06-12 00:00:00-04:00,5.21999979019165,5.489999771118164,5.119999885559082,5.400000095367432,354600,0.0,0.0
2026-06-15 00:00:00-04:00,5.429999828338623,5.639999866485596,5.070000171661377,5.159999847412109,312500,0.0,0.0
2026-06-16 00:00:00-04:00,5.170000076293945,5.360000133514404,5.139999866485596,5.179999828338623,258700,0.0,0.0
2026-06-17 00:00:00-04:00,5.170000076293945,5.480000019073486,5.130000114440918,5.289999961853027,413600,0.0,0.0
2026-06-18 00:00:00-04:00,5.260000228881836,5.28000020980835,4.71999979019165,4.840000152587891,673400,0.0,0.0
2026-06-22 00:00:00-04:00,4.800000190734863,4.909999847412109,4.650000095367432,4.75,398800,0.0,0.0
2026-06-23 00:00:00-04:00,4.619999885559082,4.820000171661377,4.550000190734863,4.730000019073486,410800,0.0,0.0
2026-06-24 00:00:00-04:00,4.71999979019165,4.739999771118164,4.369999885559082,4.610000133514404,433000,0.0,0.0
2026-06-25 00:00:00-04:00,4.630000114440918,4.840000152587891,4.630000114440918,4.739999771118164,440800,0.0,0.0
2026-06-26 00:00:00-04:00,4.710000038146973,4.940000057220459,4.5,4.510000228881836,5403400,0.0,0.0
2026-06-29 00:00:00-04:00,4.510000228881836,4.760000228881836,4.289999961853027,4.619999885559082,813900,0.0,0.0
2026-06-30 00:00:00-04:00,4.659999847412109,4.75,4.539999961853027,4.619999885559082,568000,0.0,0.0
2026-07-01 00:00:00-04:00,4.630000114440918,4.909999847412109,4.480000019073486,4.849999904632568,430900,0.0,0.0
2026-07-02 00:00:00-04:00,4.860000133514404,5.230000019073486,4.389999866485596,4.400000095367432,529400,0.0,0.0
2026-07-06 00:00:00-04:00,4.599999904632568,4.739999771118164,4.260000228881836,4.590000152587891,374400,0.0,0.0
2026-07-07 00:00:00-04:00,4.690000057220459,4.889999866485596,4.599999904632568,4.880000114440918,431900,0.0,0.0
2026-07-08 00:00:00-04:00,4.809999942779541,4.940000057220459,4.710000038146973,4.860000133514404,415700,0.0,0.0
2026-07-09 00:00:00-04:00,4.920000076293945,5.179999828338623,4.869999885559082,5.059999942779541,320500,0.0,0.0
2026-07-10 00:00:00-04:00,5.079999923706055,5.139999866485596,4.849999904632568,4.860000133514404,234900,0.0,0.0
2026-07-13 00:00:00-04:00,4.829999923706055,5.039999961853027,4.75,4.909999847412109,362900,0.0,0.0
2026-07-14 00:00:00-04:00,4.989999771118164,5.130000114440918,4.75,4.809999942779541,276000,0.0,0.0
2026-07-15 00:00:00-04:00,4.929999828338623,4.929999828338623,4.71999979019165,4.789999961853027,248200,0.0,0.0
2026-07-16 00:00:00-04:00,4.739999771118164,4.739999771118164,4.570000171661377,4.690000057220459,184400,0.0,0.0
2026-07-17 00:00:00-04:00,4.590000152587891,4.710000038146973,4.420000076293945,4.53000020980835,302800,0.0,0.0
2026-07-20 00:00:00-04:00,4.590000152587891,4.690000057220459,4.440000057220459,4.460000038146973,304100,0.0,0.0
2026-07-21 00:00:00-04:00,4.46999979019165,4.900000095367432,4.460000038146973,4.880000114440918,530800,0.0,0.0
2026-07-22 00:00:00-04:00,4.820000171661377,4.929999828338623,4.670000076293945,4.769999980926514,232200,0.0,0.0
2026-07-23 00:00:00-04:00,4.730000019073486,4.769999980926514,4.46999979019165,4.650000095367432,324400,0.0,0.0
2026-07-24 00:00:00-04:00,4.659999847412109,4.75,4.550000190734863,4.619999885559082,291100,0.0,0.0
2026-07-27 00:00:00-04:00,4.670000076293945,4.809999942779541,4.420000076293945,4.539999961853027,218100,0.0,0.0
2026-07-28 00:00:00-04:00,4.519999980926514,4.579999923706055,4.309999942779541,4.480000019073486,341800,0.0,0.0
2026-07-29 00:00:00-04:00,4.489999771118164,4.519999980926514,4.28000020980835,4.340000152587891,341400,0.0,0.0
2026-07-30 00:00:00-04:00,4.380000114440918,4.489999771118164,4.300000190734863,4.340000152587891,370200,0.0,0.0
2026-07-31 00:00:00-04:00,4.380000114440918,4.630000114440918,4.28000020980835,4.53000020980835,534100,0.0,0.0
2026-08-03 00:00:00-04:00,4.559999942779541,4.670000076293945,4.420000076293945,4.590000152587891,635900,0.0,0.0
2026-08-04 00:00:00-04:00,4.800000190734863,4.880000114440918,3.8299999237060547,3.890000104904175,1142100,0.0,0.0
2026-08-05 00:00:00-04:00,3.9200000762939453,3.990000009536743,3.6700000762939453,3.799999952316284,923300,0.0,0.0
2026-08-06 00:00:00-04:00,3.759999990463257,3.869999885559082,3.619999885559082,3.640000104904175,991100,0.0,0.0
2026-08-07 00:00:00-04:00,3.700000047683716,3.740000009536743,3.609999895095825,3.630000114440918,427900,0.0,0.0
2026-08-10 00:00:00-04:00,3.75,3.75,3.299999952316284,3.309999942779541,1069800,0.0,0.0
2026-08-11 00:00:00-04:00,3.3499999046325684,3.390000104904175,3.069999933242798,3.319999933242798,909900,0.0,0.0
2026-08-12 00:00:00-04:00,3.299999952316284,3.319999933242798,3.130000114440918,3.1500000953674316,587300,0.0,0.0
2026-08-13 00:00:00-04:00,3.200000047683716,3.25,3.130000114440918,3.200000047683716,308600,0.0,0.0
2026-08-14 00:00:00-04:00,3.200000047683716,3.299999952316284,3.140000104904175,3.259999990463257,522700,0.0,0.0
2026-08-17 00:00:00-04:00,3.259999990463257,3.440000057220459,3.2100000381469727,3.390000104904175,322200,0.0,0.0
2026-08-18 00:00:00-04:00,3.359999895095825,3.359999895095825,3.200000047683716,3.2799999713897705,240200,0.0,0.0
2026-08-19 00:00:00-04:00,3.299999952316284,3.319999933242798,3.0999999046325684,3.119999885559082,401400,0.0,0.0
2026-08-20 00:00:00-04:00,3.109999895095825,3.140000104904175,3.069999933242798,3.119999885559082,286400,0.0,0.0
2026-08-21 00:00:00-04:00,3.1500000953674316,3.2300000190734863,3.059999942779541,3.2100000381469727,187400,0.0,0.0
2026-08-24 00:00:00-04:00,3.200000047683716,3.200000047683716,3.059999942779541,3.059999942779541,433800,0.0,0.0
2026-08-25 00:00:00-04:00,3.0799999237060547,3.119999885559082,3.0199999809265137,3.0899999141693115,203700,0.0,0.0
2026-08-26 00:00:00-04:00,3.0899999141693115,3.109999895095825,3.0199999809265137,3.059999942779541,245500,0.0,0.0
2026-08-27 00:00:00-04:00,3.069999933242798,3.180000066757202,3.0,3.180000066757202,181700,0.0,0.0
2026-08-28 00:00:00-04:00,3.1600000858306885,3.200000047683716,3.0999999046325684,3.119999885559082,153000,0.0,0.0
2026-08-31 00:00:00-04:00,3.109999895095825,3.1600000858306885,3.0399999618530273,3.0999999046325684,298400,0.0,0.0
2026-09-01 00:00:00-04:00,3.069999933242798,3.1600000858306885,3.049999952316284,3.0899999141693115,232900,0.0,0.0
2026-09-02 00:00:00-04:00,3.119999885559082,3.200000047683716,3.0999999046325684,3.130000114440918,180700,0.0,0.0
2026-09-03 00:00:00-04:00,3.1500000953674316,3.180000066757202,3.069999933242798,3.0999999046325684,252000,0.0,0.0
2026-09-04 00:00:00-04:00,3.0999999046325684,3.265000104904175,3.075000047683716,3.240000009536743,189228,0.0,0.0
