Date,Open,High,Low,Close,Volume,Dividends,Stock Splits
2022-01-03 00:00:00-05:00,9.988654136657715,9.988654136657715,9.988654136657715,9.988654136657715,3700,0.0,0.0
2022-01-04 00:00:00-05:00,9.988654136657715,9.988654136657715,9.988654136657715,9.988654136657715,0,0.0,0.0
2022-01-05 00:00:00-05:00,9.988654136657715,9.988654136657715,9.988654136657715,9.988654136657715,100,0.0,0.0
2022-01-06 00:00:00-05:00,9.988654136657715,9.988654136657715,9.988654136657715,9.988654136657715,0,0.0,0.0
2022-01-07 00:00:00-05:00,9.988654136657715,9.988654136657715,9.988654136657715,9.988654136657715,17200,0.0,0.0
2022-01-10 00:00:00-05:00,9.988654136657715,9.988654136657715,9.988654136657715,9.988654136657715,0,0.0,0.0
2022-01-11 00:00:00-05:00,9.988654136657715,9.988654136657715,9.988654136657715,9.988654136657715,1000,0.0,0.0
2022-01-12 00:00:00-05:00,9.988654136657715,9.988654136657715,9.988654136657715,9.988654136657715,0,0.0,0.0
2022-01-13 00:00:00-05:00,9.988654136657715,9.988654136657715,9.988654136657715,9.988654136657715,0,0.0,0.0
2022-01-14 00:00:00-05:00,9.988654136657715,9.988654136657715,9.988654136657715,9.988654136657715,0,0.0,0.0
2022-01-18 00:00:00-05:00,9.988654136657715,9.988654136657715,9.988654136657715,9.988654136657715,5000,0.0,0.0
2022-01-19 00:00:00-05:00,9.998580932617188,9.998580932617188,9.993616280142017,9.998580932617188,8800,0.0,0.0
2022-01-20 00:00:00-05:00,9.998581635285753,10.018440246582031,9.998581635285753,10.018440246582031,92700,0.0,0.0
2022-01-21 00:00:00-05:00,10.018440246582031,10.018440246582031,10.018440246582031,10.018440246582031,0,0.0,0.0
2022-01-24 00:00:00-05:00,9.998580932617188,9.998580932617188,9.998580932617188,9.998580932617188,11400,0.0,0.0
2022-01-25 00:00:00-05:00,9.998580932617188,9.998580932617188,9.998580932617188,9.998580932617188,0,0.0,0.0
2022-01-26 00:00:00-05:00,9.998582237028213,10.008511543273926,9.998582237028213,10.008511543273926,94600,0.0,0.0
2022-01-27 00:00:00-05:00,9.998580932617188,9.998580932617188,9.968793964676808,9.998580932617188,14600,0.0,0.0
2022-01-28 00:00:00-05:00,9.968795776367188,9.968795776367188,9.968795776367188,9.968795776367188,1200,0.0,0.0
2022-01-31 00:00:00-05:00,9.968795776367188,9.968795776367188,9.968795776367188,9.968795776367188,0,0.0,0.0
2022-02-01 00:00:00-05:00,9.988654136657715,9.988654136657715,9.988654136657715,9.988654136657715,61000,0.0,0.0
2022-02-02 00:00:00-05:00,9.988654136657715,9.988654136657715,9.988654136657715,9.988654136657715,0,0.0,0.0
2022-02-03 00:00:00-05:00,9.97872457144755,10.008511543273926,9.97872457144755,10.008511543273926,300,0.0,0.0
2022-02-04 00:00:00-05:00,10.008511543273926,10.008511543273926,10.008511543273926,10.008511543273926,0,0.0,0.0
2022-02-07 00:00:00-05:00,10.008510237567526,10.018439542517866,9.998580932617188,9.998580932617188,14500,0.0,0.0
2022-02-08 00:00:00-05:00,10.008511543273926,10.008511543273926,10.008511543273926,10.008511543273926,57200,0.0,0.0
2022-02-09 00:00:00-05:00,9.998580932617188,9.998580932617188,9.998580932617188,9.998580932617188,4600,0.0,0.0
2022-02-10 00:00:00-05:00,9.998580932617188,9.998580932617188,9.998580932617188,9.998580932617188,0,0.0,0.0
2022-02-11 00:00:00-05:00,9.998580932617188,9.998580932617188,9.998580932617188,9.998580932617188,0,0.0,0.0
2022-02-14 00:00:00-05:00,9.998580932617188,9.998580932617188,9.998580932617188,9.998580932617188,7600,0.0,0.0
2022-02-15 00:00:00-05:00,9.998580932617188,9.998580932617188,9.998580932617188,9.998580932617188,0,0.0,0.0
2022-02-16 00:00:00-05:00,9.998580932617188,9.998580932617188,9.998580932617188,9.998580932617188,17300,0.0,0.0
2022-02-17 00:00:00-05:00,10.008510413670923,10.008510413670923,10.003545761108398,10.003545761108398,190500,0.0,0.0
2022-02-18 00:00:00-05:00,10.003545761108398,10.003545761108398,10.003545761108398,10.003545761108398,0,0.0,0.0
2022-02-22 00:00:00-05:00,10.003545585092358,10.003545585092358,9.998580932617188,9.998580932617188,7700,0.0,0.0
2022-02-23 00:00:00-05:00,9.998580932617188,9.998580932617188,9.998580932617188,9.998580932617188,0,0.0,0.0
2022-02-24 00:00:00-05:00,10.008511543273926,10.008511543273926,9.998582237028213,10.008511543273926,12000,0.0,0.0
2022-02-25 00:00:00-05:00,10.008511543273926,10.008511543273926,10.008511543273926,10.008511543273926,1400,0.0,0.0
2022-02-28 00:00:00-05:00,10.018440246582031,10.018440246582031,10.013475593757962,10.018440246582031,12000,0.0,0.0
2022-03-01 00:00:00-05:00,10.018440849519639,10.018440849519639,10.008511543273926,10.008511543273926,1700,0.0,0.0
2022-03-02 00:00:00-05:00,10.008511543273926,10.008511543273926,10.008511543273926,10.008511543273926,0,0.0,0.0
2022-03-03 00:00:00-05:00,10.018440246582031,10.018440246582031,10.018440246582031,10.018440246582031,100,0.0,0.0
2022-03-04 00:00:00-05:00,10.018440246582031,10.018440246582031,10.018440246582031,10.018440246582031,0,0.0,0.0
2022-03-07 00:00:00-05:00,10.02836955223017,10.02836955223017,10.018440246582031,10.018440246582031,6700,0.0,0.0
2022-03-08 00:00:00-05:00,10.008511543273926,10.008511543273926,10.008511543273926,10.008511543273926,575500,0.0,0.0
2022-03-09 00:00:00-05:00,10.008511543273926,10.008511543273926,10.008511543273926,10.008511543273926,500,0.0,0.0
2022-03-10 00:00:00-05:00,10.018440246582031,10.018440246582031,10.018440246582031,10.018440246582031,400,0.0,0.0
2022-03-11 00:00:00-05:00,10.018440246582031,10.018440246582031,10.018440246582031,10.018440246582031,266000,0.0,0.0
2022-03-14 00:00:00-04:00,10.018439644838386,10.028368949890137,10.018439644838386,10.028368949890137,1200,0.0,0.0
2022-03-15 00:00:00-04:00,9.998580932617188,9.998580932617188,9.998580932617188,9.998580932617188,100,0.0,0.0
2022-03-16 00:00:00-04:00,9.467374801635742,9.467374801635742,9.467374801635742,9.467374801635742,100,0.0,0.0
2022-03-17 00:00:00-04:00,10.018439799912088,10.018439799912088,9.978723526000977,9.978723526000977,1500,0.0,0.0
2022-03-18 00:00:00-04:00,9.998580932617188,9.998580932617188,9.998580932617188,9.998580932617188,700,0.0,0.0
2022-03-21 00:00:00-04:00,9.998580932617188,9.998580932617188,9.998580932617188,9.998580932617188,0,0.0,0.0
2022-03-22 00:00:00-04:00,10.167375564575195,10.167375564575195,10.167375564575195,10.167375564575195,100,0.0,0.0
2022-03-23 00:00:00-04:00,10.167375564575195,10.167375564575195,10.167375564575195,10.167375564575195,0,0.0,0.0
2022-03-24 00:00:00-04:00,10.058156709025004,10.117730650198606,10.058156709025004,10.078014373779297,700,0.0,0.0
2022-03-25 00:00:00-04:00,10.038297653198242,10.038297653198242,10.038297653198242,10.038297653198242,149900,0.0,0.0
2022-03-28 00:00:00-04:00,10.802836405203943,11.32907724618428,10.187233715453043,10.316311836242676,186700,0.0,0.0
2022-03-29 00:00:00-04:00,10.326241047947274,10.326241047947274,10.177305252287828,10.286524772644043,35100,0.0,0.0
2022-03-30 00:00:00-04:00,10.326242056310344,10.326242056310344,10.09787368774414,10.09787368774414,92100,0.0,0.0
2022-03-31 00:00:00-04:00,10.117730086524167,10.197163581848145,10.04822684339019,10.197163581848145,52000,0.0,0.0
2022-04-01 00:00:00-04:00,10.137589826821749,10.415603777250364,10.097873548189089,10.256738662719727,36800,0.0,0.0
2022-04-04 00:00:00-04:00,10.25673751970279,10.572482041682292,10.078013812317513,10.197163581848145,120200,0.0,0.0
2022-04-05 00:00:00-04:00,10.157446703992537,10.37092204015901,10.137589039673474,10.20709228515625,52200,0.0,0.0
2022-04-06 00:00:00-04:00,10.207091778485637,10.326240599217689,10.15248249413594,10.246808052062988,108100,0.0,0.0
2022-04-07 00:00:00-04:00,10.326242283989329,10.41560415084581,10.27659764410089,10.375887870788574,91700,0.0,0.0
2022-04-08 00:00:00-04:00,10.336169633319829,10.90212675368504,10.336169633319829,10.455318450927734,650000,0.0,0.0
2022-04-11 00:00:00-04:00,10.653900719832597,11.160283947922329,10.336170512518589,10.534751892089844,1009300,0.0,0.0
2022-04-12 00:00:00-04:00,10.45531886337445,10.543688354454295,10.286524461710238,10.385815620422363,173200,0.0,0.0
2022-04-13 00:00:00-04:00,10.375887870788574,10.467235409611297,10.33617159073134,10.375887870788574,61300,0.0,0.0
2022-04-14 00:00:00-04:00,10.375886117963272,10.435461001440391,10.326240539550781,10.326240539550781,41700,0.0,0.0
2022-04-18 00:00:00-04:00,10.29645468838332,10.415603521353985,10.256738410726435,10.276597023010254,71700,0.0,0.0
2022-04-19 00:00:00-04:00,10.276596764752433,10.382837307686566,10.187234905542473,10.296454429626465,70000,0.0,0.0
2022-04-20 00:00:00-04:00,10.3262416598983,10.435462133637804,10.266667716868344,10.276597023010254,29700,0.0,0.0
2022-04-21 00:00:00-04:00,10.27659590804894,10.375886117963272,10.266666602984312,10.326240539550781,20700,0.0,0.0
2022-04-22 00:00:00-04:00,10.296454429626465,10.336170706285255,10.287518433087614,10.296454429626465,20400,0.0,0.0
2022-04-25 00:00:00-04:00,10.42156043469819,10.42553177799087,10.266666683355762,10.30141830444336,62700,0.0,0.0
2022-04-26 00:00:00-04:00,10.27659667183043,10.32624130702198,10.217021783925562,10.266667366027832,30200,0.0,0.0
2022-04-27 00:00:00-04:00,10.236880395530758,10.296454336524906,10.236880395530758,10.266667366027832,16800,0.0,0.0
2022-04-28 00:00:00-04:00,10.187234557841311,10.316312689304489,10.187234557841311,10.286524772644043,1900,0.0,0.0
2022-04-29 00:00:00-04:00,10.217021527591061,10.296454078197524,10.207092222037579,10.286524772644043,15700,0.0,0.0
2022-05-02 00:00:00-04:00,10.207092222037579,10.296454078197524,10.207092222037579,10.286524772644043,6300,0.0,0.0
2022-05-03 00:00:00-04:00,10.226950699450308,10.24680836338698,10.217021394026629,10.233901023864746,11900,0.0,0.0
2022-05-04 00:00:00-04:00,10.207092396311072,10.29645425399676,10.177305426052746,10.291489601135254,98600,0.0,0.0
2022-05-05 00:00:00-04:00,10.256739030616869,10.41560415084581,10.256739030616869,10.375887870788574,38100,0.0,0.0
2022-05-06 00:00:00-04:00,10.276597114827773,10.534752448448687,10.197164558804298,10.306384086608887,61700,0.0,0.0
2022-05-09 00:00:00-04:00,10.274610656685653,10.276597275491444,10.16241214587562,10.256738662719727,44500,0.0,0.0
2022-05-10 00:00:00-04:00,10.207091940216806,10.226950550775467,10.147518002362158,10.197163581848145,8000,0.0,0.0
2022-05-11 00:00:00-04:00,10.187234527081117,10.261702424685986,10.177305221557617,10.177305221557617,3000,0.0,0.0
2022-05-12 00:00:00-04:00,10.147517806063815,10.147517806063815,9.432623937262614,10.137588500976562,5800,0.0,0.0
2022-05-13 00:00:00-04:00,10.226950802264426,10.226950802264426,10.137588946374308,10.177305221557617,10400,0.0,0.0
2022-05-16 00:00:00-04:00,10.177305379143984,10.177305379143984,10.107802133224672,10.127659797668457,4200,0.0,0.0
2022-05-17 00:00:00-04:00,10.078014373779297,10.127659956031115,10.078014373779297,10.078014373779297,9600,0.0,0.0
2022-05-18 00:00:00-04:00,10.018439928093217,10.12765944601852,10.018439928093217,10.117730140686035,7900,0.0,0.0
2022-05-19 00:00:00-04:00,10.02042610439005,10.127659956031115,10.02042610439005,10.078014373779297,1600,0.0,0.0
2022-05-20 00:00:00-04:00,10.038298286814383,10.067092895507812,10.038298286814383,10.067092895507812,12000,0.0,0.0
2022-05-23 00:00:00-04:00,10.03631242557563,10.078014373779297,10.03631242557563,10.078014373779297,4500,0.0,0.0
2022-05-24 00:00:00-04:00,10.058156709025004,10.078014373779297,10.028369738438203,10.078014373779297,8500,0.0,0.0
2022-05-25 00:00:00-04:00,9.978724156186384,10.078014373779297,9.95886554452137,10.078014373779297,3200,0.0,0.0
2022-05-26 00:00:00-04:00,10.018440514883418,10.058156791628901,10.008511208969363,10.053192138671875,1000,0.0,0.0
2022-05-27 00:00:00-04:00,9.978723269627148,10.078013478398626,9.968793964676808,9.998580932617188,29900,0.0,0.0
2022-05-31 00:00:00-04:00,9.968795265201837,10.008511543273926,9.968795265201837,10.008511543273926,7100,0.0,0.0
2022-06-01 00:00:00-04:00,10.02836955223017,10.043262563791675,10.008510940933892,10.018440246582031,1800,0.0,0.0
2022-06-02 00:00:00-04:00,10.028369362453905,10.068085637384169,10.028369362453905,10.029361724853516,8200,0.0,0.0
2022-06-03 00:00:00-04:00,10.018440089917538,10.068085670471191,10.018440089917538,10.068085670471191,300,0.0,0.0
2022-06-06 00:00:00-04:00,9.978724830154576,10.06808669486125,9.978724830154576,9.988654136657715,9000,0.0,0.0
2022-06-07 00:00:00-04:00,9.99858213012951,10.019433104876123,9.94893749325324,9.994610786437988,8800,0.0,0.0
2022-06-08 00:00:00-04:00,9.973758873398255,9.978723526000977,9.973758873398255,9.978723526000977,1600,0.0,0.0
2022-06-09 00:00:00-04:00,9.978725083122042,9.978725083122042,9.968795776367188,9.968795776367188,700,0.0,0.0
2022-06-10 00:00:00-04:00,9.978723466143027,10.05815601348877,9.968794160997145,10.05815601348877,9400,0.0,0.0
2022-06-13 00:00:00-04:00,10.009503546826815,10.009503546826815,9.963829312201637,9.998580932617188,22100,0.0,0.0
2022-06-14 00:00:00-04:00,9.998581378536247,10.038297653198242,9.949929107784673,10.038297653198242,7500,0.0,0.0
2022-06-15 00:00:00-04:00,9.97276686748838,9.998582496250068,9.948937857555947,9.988654136657715,10900,0.0,0.0
2022-06-16 00:00:00-04:00,9.948938109768292,9.968795776367188,9.939008803013438,9.968795776367188,16600,0.0,0.0
2022-06-17 00:00:00-04:00,9.968795776367188,9.968795776367188,9.968795776367188,9.968795776367188,200,0.0,0.0
2022-06-21 00:00:00-04:00,9.948938109768292,9.983689736499468,9.948938109768292,9.968795776367188,20100,0.0,0.0
2022-06-22 00:00:00-04:00,9.988654389876894,9.988654389876894,9.948938109768292,9.968795776367188,14800,0.0,0.0
2022-06-23 00:00:00-04:00,10.048226768617756,10.048226768617756,9.95886491559009,9.978723526000977,1200,0.0,0.0
2022-06-24 00:00:00-04:00,9.978723526000977,9.978723526000977,9.978723526000977,9.978723526000977,0,0.0,0.0
2022-06-27 00:00:00-04:00,9.978723526000977,9.978723526000977,9.978723526000977,9.978723526000977,0,0.0,0.0
2022-06-28 00:00:00-04:00,9.998580932617188,10.078013478398626,9.998580932617188,9.998580932617188,49600,0.0,0.0
2022-06-29 00:00:00-04:00,9.978723371542037,10.068085223186486,9.978723371542037,10.028368949890137,61600,0.0,0.0
2022-06-30 00:00:00-04:00,9.959857968985757,10.028368847468204,9.959857968985757,9.998580932617188,23300,0.0,0.0
2022-07-01 00:00:00-04:00,9.983688178603698,10.008510494706643,9.978723526000977,9.978723526000977,14600,0.0,0.0
2022-07-05 00:00:00-04:00,9.973758719016162,10.058155918134737,9.947943094028002,10.028368949890137,32500,0.0,0.0
2022-07-06 00:00:00-04:00,10.028368949890137,10.058155918134737,10.008510339786637,10.028368949890137,13900,0.0,0.0
2022-07-07 00:00:00-04:00,10.068084966102766,10.068084966102766,10.008510084224135,10.048226356506348,3300,0.0,0.0
2022-07-08 00:00:00-04:00,10.068086014857512,10.104823310144925,10.058156709025004,10.078014373779297,8600,0.0,0.0
2022-07-11 00:00:00-04:00,10.058156709025004,10.10780229127682,10.058156709025004,10.078014373779297,7200,0.0,0.0
2022-07-12 00:00:00-04:00,10.078014373779297,10.078014373779297,10.078014373779297,10.078014373779297,9900,0.0,0.0
2022-07-13 00:00:00-04:00,10.078014373779297,10.078014373779297,10.078014373779297,10.078014373779297,7300,0.0,0.0
2022-07-14 00:00:00-04:00,10.078013478398626,10.122694403764514,9.978723269627148,9.998580932617188,17500,0.0,0.0
2022-07-15 00:00:00-04:00,10.078014373779297,10.078014373779297,10.078014373779297,10.078014373779297,600,0.0,0.0
2022-07-18 00:00:00-04:00,10.078014373779297,10.078014373779297,10.078014373779297,10.078014373779297,2300,0.0,0.0
2022-07-19 00:00:00-04:00,10.078014373779297,10.078014373779297,10.068086014857512,10.078014373779297,4900,0.0,0.0
2022-07-20 00:00:00-04:00,10.068086014857512,10.078014373779297,10.068086014857512,10.078014373779297,12700,0.0,0.0
2022-07-21 00:00:00-04:00,10.078014373779297,10.078014373779297,10.078014373779297,10.078014373779297,800,0.0,0.0
2022-07-22 00:00:00-04:00,10.078014373779297,10.078014373779297,10.078014373779297,10.078014373779297,6400,0.0,0.0
2022-07-25 00:00:00-04:00,10.078014373779297,10.078014373779297,10.078014373779297,10.078014373779297,0,0.0,0.0
2022-07-26 00:00:00-04:00,10.078014373779297,10.078014373779297,10.078014373779297,10.078014373779297,0,0.0,0.0
2022-07-27 00:00:00-04:00,10.078014373779297,10.078014373779297,10.078014373779297,10.078014373779297,0,0.0,0.0
2022-07-28 00:00:00-04:00,10.147518157958984,10.147518157958984,10.09787257771176,10.147518157958984,1600,0.0,0.0
2022-07-29 00:00:00-04:00,10.147518157958984,10.147518157958984,10.147518157958984,10.147518157958984,0,0.0,0.0
2022-08-01 00:00:00-04:00,10.147518157958984,10.147518157958984,10.147518157958984,10.147518157958984,0,0.0,0.0
2022-08-02 00:00:00-04:00,10.078015054453601,10.078015054453601,9.988654136657715,9.988654136657715,2100,0.0,0.0
2022-08-03 00:00:00-04:00,9.998581129524135,10.05815601348877,9.990638442935955,10.05815601348877,2300,0.0,0.0
2022-08-04 00:00:00-04:00,10.068085670471191,10.068085670471191,10.068085670471191,10.068085670471191,100,0.0,0.0
2022-08-05 00:00:00-04:00,9.998581129524135,10.05815601348877,9.998581129524135,10.05815601348877,1100,0.0,0.0
2022-08-08 00:00:00-04:00,9.988653877693263,10.048227821346014,9.988653877693263,10.008511543273926,2100,0.0,0.0
2022-08-09 00:00:00-04:00,10.048227821346014,10.058157127591727,10.008511543273926,10.008511543273926,1500,0.0,0.0
2022-08-10 00:00:00-04:00,10.127659159675687,10.127659159675687,10.008510339786637,10.028368949890137,1800,0.0,0.0
2022-08-11 00:00:00-04:00,10.018440849519639,10.018440849519639,10.008511543273926,10.008511543273926,500,0.0,0.0
2022-08-12 00:00:00-04:00,10.008511543273926,10.008511543273926,10.008511543273926,10.008511543273926,0,0.0,0.0
2022-08-15 00:00:00-04:00,10.008511543273926,10.008511543273926,10.008511543273926,10.008511543273926,0,0.0,0.0
2022-08-16 00:00:00-04:00,10.018440246582031,10.018440246582031,10.018440246582031,10.018440246582031,500,0.0,0.0
2022-08-17 00:00:00-04:00,10.028368949890137,10.028368949890137,10.028368949890137,10.028368949890137,200,0.0,0.0
2022-08-18 00:00:00-04:00,10.008511475158143,10.087944030761719,10.008511475158143,10.087944030761719,1600,0.0,0.0
2022-08-19 00:00:00-04:00,10.087944030761719,10.087944030761719,10.087944030761719,10.087944030761719,0,0.0,0.0
2022-08-22 00:00:00-04:00,9.988652676593786,10.028368949890137,9.978723371542037,10.028368949890137,2000,0.0,0.0
2022-08-23 00:00:00-04:00,10.028368949890137,10.028368949890137,10.028368949890137,10.028368949890137,0,0.0,0.0
2022-08-24 00:00:00-04:00,10.028368949890137,10.028368949890137,10.028368949890137,10.028368949890137,0,0.0,0.0
2022-08-25 00:00:00-04:00,10.028368949890137,10.028368949890137,10.028368949890137,10.028368949890137,0,0.0,0.0
2022-08-26 00:00:00-04:00,10.028368949890137,10.028368949890137,10.028368949890137,10.028368949890137,0,0.0,0.0
2022-08-29 00:00:00-04:00,10.028368949890137,10.028368949890137,10.028368949890137,10.028368949890137,0,0.0,0.0
2022-08-30 00:00:00-04:00,10.028368949890137,10.028368949890137,10.028368949890137,10.028368949890137,0,0.0,0.0
2022-08-31 00:00:00-04:00,10.048226356506348,10.048226356506348,10.048226356506348,10.048226356506348,2100,0.0,0.0
2022-09-01 00:00:00-04:00,9.998581653377318,10.073050498962402,9.998581653377318,10.073050498962402,200,0.0,0.0
2022-09-02 00:00:00-04:00,10.073050498962402,10.073050498962402,10.073050498962402,10.073050498962402,0,0.0,0.0
2022-09-06 00:00:00-04:00,10.073050498962402,10.073050498962402,10.073050498962402,10.073050498962402,0,0.0,0.0
2022-09-07 00:00:00-04:00,10.073050498962402,10.073050498962402,10.073050498962402,10.073050498962402,0,0.0,0.0
2022-09-08 00:00:00-04:00,10.068086014857512,10.078014373779297,10.068086014857512,10.078014373779297,8200,0.0,0.0
2022-09-09 00:00:00-04:00,10.078014473260682,10.127660056002558,10.078014473260682,10.107802391052246,11000,0.0,0.0
2022-09-12 00:00:00-04:00,10.107802133224672,10.14751840902295,10.097872827547425,10.127659797668457,6600,0.0,0.0
2022-09-13 00:00:00-04:00,10.097872985444313,10.097872985444313,10.078014373779297,10.078014373779297,1500,0.0,0.0
2022-09-14 00:00:00-04:00,10.078014373779297,10.078014373779297,10.078014373779297,10.078014373779297,0,0.0,0.0
2022-09-15 00:00:00-04:00,10.058155661304557,10.058155661304557,10.048226356506348,10.048226356506348,4000,0.0,0.0
2022-09-16 00:00:00-04:00,10.078014029053369,10.127659609607024,10.068085670471191,10.068085670471191,24000,0.0,0.0
2022-09-19 00:00:00-04:00,10.078013323990353,10.097871933586772,10.033332399309034,10.048226356506348,39000,0.0,0.0
2022-09-20 00:00:00-04:00,10.078014373779297,10.127659956031115,10.068086014857512,10.078014373779297,24700,0.0,0.0
2022-09-21 00:00:00-04:00,10.068086114240892,10.107802391052246,10.068086114240892,10.107802391052246,8300,0.0,0.0
2022-09-22 00:00:00-04:00,10.097872227538199,10.21304970458265,10.068085259187088,10.137588500976562,36700,0.0,0.0
2022-09-23 00:00:00-04:00,10.226949338892759,10.286523269687956,10.137587495789404,10.217020034790039,117900,0.0,0.0
2022-09-26 00:00:00-04:00,10.207091778485637,10.246808052062988,10.207091778485637,10.246808052062988,18200,0.0,0.0
2022-09-27 00:00:00-04:00,10.12765954709582,10.207092096727107,10.12765954709582,10.147518157958984,9200,0.0,0.0
2022-09-28 00:00:00-04:00,10.147518157958984,10.147518157958984,10.147518157958984,10.147518157958984,5400,0.0,0.0
2022-09-29 00:00:00-04:00,10.286524289642765,10.286524289642765,10.137588500976562,10.137588500976562,6100,0.0,0.0
2022-09-30 00:00:00-04:00,10.137588500976562,10.137588500976562,10.137588500976562,10.137588500976562,0,0.0,0.0
2022-10-03 00:00:00-04:00,10.13758877124519,10.246808289384825,10.13758877124519,10.172340393066406,8200,0.0,0.0
2022-10-04 00:00:00-04:00,10.15744702688339,10.15744702688339,10.097873085121725,10.107802391052246,8700,0.0,0.0
2022-10-05 00:00:00-04:00,10.09787257771176,10.147518157958984,10.09787257771176,10.147518157958984,6300,0.0,0.0
2022-10-06 00:00:00-04:00,10.147518157958984,10.147518157958984,10.12269489438003,10.147518157958984,7300,0.0,0.0
2022-10-07 00:00:00-04:00,10.147518157958984,10.147518157958984,10.147518157958984,10.147518157958984,140800,0.0,0.0
2022-10-10 00:00:00-04:00,10.236878642995476,10.35602745149643,10.187233069392441,10.217020034790039,67700,0.0,0.0
2022-10-11 00:00:00-04:00,10.187234527081117,10.236880107787927,10.137588946374308,10.177305221557617,20000,0.0,0.0
2022-10-12 00:00:00-04:00,10.147518251897807,10.177305221557617,10.117730335327307,10.177305221557617,28700,0.0,0.0
2022-10-13 00:00:00-04:00,10.148510168426151,10.148510168426151,10.127659195889308,10.137588500976562,2900,0.0,0.0
2022-10-14 00:00:00-04:00,10.137589614741643,10.137589614741643,10.028370087514414,10.087944030761719,32100,0.0,0.0
2022-10-17 00:00:00-04:00,10.068085318634651,10.082978329442817,10.05815601348877,10.05815601348877,14400,0.0,0.0
2022-10-18 00:00:00-04:00,10.058155918134737,10.058155918134737,9.943971750771562,10.028368949890137,39600,0.0,0.0
2022-10-19 00:00:00-04:00,9.967800757220854,10.068085223186486,9.967800757220854,10.028368949890137,51600,0.0,0.0
2022-10-20 00:00:00-04:00,9.975745590191684,10.028370155765352,9.975745590191684,10.008511543273926,24500,0.0,0.0
2022-10-21 00:00:00-04:00,9.988652574577486,9.998580932617188,9.988652574577486,9.998580932617188,3200,0.0,0.0
2022-10-24 00:00:00-04:00,9.988652574577486,9.998580932617188,9.978723269627148,9.998580932617188,18900,0.0,0.0
2022-10-25 00:00:00-04:00,9.978723526000977,9.993616536898479,9.939007252089866,9.978723526000977,22400,0.0,0.0
2022-10-26 00:00:00-04:00,9.948935508728027,9.968793170135356,9.939006204569083,9.948935508728027,26000,0.0,0.0
2022-10-27 00:00:00-04:00,9.953899462544358,9.958864114747849,9.91914784403052,9.9290771484375,15300,0.0,0.0
2022-10-28 00:00:00-04:00,9.958866119384766,9.958866119384766,9.95489477558681,9.958866119384766,3700,0.0,0.0
2022-10-31 00:00:00-04:00,9.958866119384766,9.958866119384766,9.958866119384766,9.958866119384766,0,0.0,0.0
2022-11-01 00:00:00-04:00,9.929076900410138,9.948935508728027,9.919147596251193,9.948935508728027,1000,0.0,0.0
2022-11-02 00:00:00-04:00,9.91914957422545,9.93900818650334,9.909220268086505,9.924114227294922,7100,0.0,0.0
2022-11-03 00:00:00-04:00,9.909219741821289,9.91021305114673,9.899291383120378,9.909219741821289,3900,0.0,0.0
2022-11-04 00:00:00-04:00,9.8992919921875,9.909220351499266,9.8992919921875,9.8992919921875,2500,0.0,0.0
2022-11-07 00:00:00-05:00,9.919148445129395,9.934042402642433,9.919148445129395,9.919148445129395,3800,0.0,0.0
2022-11-08 00:00:00-05:00,9.948937759889878,9.958866119384766,9.948937759889878,9.958866119384766,40700,0.0,0.0
2022-11-09 00:00:00-05:00,9.909220534267218,9.958866119384766,9.909220534267218,9.958866119384766,6400,0.0,0.0
2022-11-10 00:00:00-05:00,9.958866119384766,9.958866119384766,9.958866119384766,9.958866119384766,7500,0.0,0.0
2022-11-11 00:00:00-05:00,9.958866119384766,9.958866119384766,9.958866119384766,9.958866119384766,0,0.0,0.0
2022-11-14 00:00:00-05:00,9.939008803013438,9.968795776367188,9.939008803013438,9.968795776367188,1200,0.0,0.0
2022-11-15 00:00:00-05:00,9.929078353044515,9.934043005850322,9.909219741821289,9.909219741821289,2100,0.0,0.0
2022-11-16 00:00:00-05:00,9.909219741821289,9.909219741821289,9.899291383120378,9.909219741821289,73400,0.0,0.0
2022-11-17 00:00:00-05:00,9.899291383120378,9.909219741821289,9.897305711380195,9.909219741821289,38700,0.0,0.0
2022-11-18 00:00:00-05:00,9.909219741821289,9.909219741821289,9.904256035926183,9.909219741821289,20000,0.0,0.0
2022-11-21 00:00:00-05:00,9.919148445129395,9.919148445129395,9.919148445129395,9.919148445129395,1200,0.0,0.0
2022-11-22 00:00:00-05:00,9.968793419154826,9.968793419154826,9.9290771484375,9.9290771484375,1200,0.0,0.0
2022-11-23 00:00:00-05:00,9.9290771484375,9.9290771484375,9.9290771484375,9.9290771484375,0,0.0,0.0
2022-11-25 00:00:00-05:00,9.9290771484375,9.9290771484375,9.9290771484375,9.9290771484375,0,0.0,0.0
2022-11-28 00:00:00-05:00,9.919148445129395,9.919148445129395,9.909219140120701,9.919148445129395,12400,0.0,0.0
2022-11-29 00:00:00-05:00,9.919148445129395,9.919148445129395,9.919148445129395,9.919148445129395,100,0.0,0.0
2022-11-30 00:00:00-05:00,9.968795776367188,9.968795776367188,9.968795776367188,9.968795776367188,100,0.0,0.0
2022-12-01 00:00:00-05:00,9.9290771484375,9.9290771484375,9.9290771484375,9.9290771484375,1600,0.0,0.0
2022-12-02 00:00:00-05:00,9.9290771484375,9.936027472140267,9.9290771484375,9.9290771484375,35200,0.0,0.0
2022-12-05 00:00:00-05:00,9.9290771484375,9.9290771484375,9.9290771484375,9.9290771484375,0,0.0,0.0
2022-12-06 00:00:00-05:00,9.9290771484375,9.9290771484375,9.9290771484375,9.9290771484375,200,0.0,0.0
2022-12-07 00:00:00-05:00,9.9290771484375,9.9290771484375,9.9290771484375,9.9290771484375,5100,0.0,0.0
2022-12-08 00:00:00-05:00,9.9290771484375,9.9290771484375,9.9290771484375,9.9290771484375,0,0.0,0.0
2022-12-09 00:00:00-05:00,9.939007759094238,9.939007759094238,9.939007759094238,9.939007759094238,19200,0.0,0.0
2022-12-12 00:00:00-05:00,9.939007759094238,9.939007759094238,9.939007759094238,9.939007759094238,600,0.0,0.0
2022-12-13 00:00:00-05:00,9.939007759094238,9.939007759094238,9.939007759094238,9.939007759094238,0,0.0,0.0
2022-12-14 00:00:00-05:00,9.9290771484375,9.9290771484375,9.9290771484375,9.9290771484375,1400,0.0,0.0
2022-12-15 00:00:00-05:00,9.9290771484375,9.9290771484375,9.9290771484375,9.9290771484375,0,0.0,0.0
2022-12-16 00:00:00-05:00,9.9290771484375,9.9290771484375,9.91914784403052,9.9290771484375,7200,0.0,0.0
2022-12-19 00:00:00-05:00,9.929077750138086,9.929077750138086,9.919148445129395,9.919148445129395,38800,0.0,0.0
2022-12-20 00:00:00-05:00,9.919149047432901,9.919149047432901,9.899291383120378,9.909219741821289,3700,0.0,0.0
2022-12-21 00:00:00-05:00,9.8992919921875,9.8992919921875,9.8992919921875,9.8992919921875,400,0.0,0.0
2022-12-22 00:00:00-05:00,9.919148445129395,9.919148445129395,9.919148445129395,9.919148445129395,400,0.0,0.0
2022-12-23 00:00:00-05:00,9.919148445129395,9.929077750138086,9.919148445129395,9.919148445129395,3100,0.0,0.0
2022-12-27 00:00:00-05:00,9.919148445129395,9.919148445129395,9.919148445129395,9.919148445129395,0,0.0,0.0
2022-12-28 00:00:00-05:00,9.9290771484375,9.930070457642431,9.9290771484375,9.9290771484375,28700,0.0,0.0
2022-12-29 00:00:00-05:00,9.958865423607433,9.968794729319386,9.929078453382285,9.939007759094238,2100,0.0,0.0
2022-12-30 00:00:00-05:00,9.939007759094238,9.939007759094238,9.939007759094238,9.939007759094238,100,0.0,0.0
2023-01-03 00:00:00-05:00,9.939007759094238,9.939007759094238,9.929078453382285,9.939007759094238,6700,0.0,0.0
2023-01-04 00:00:00-05:00,9.958866469612335,9.968795776367188,9.958866469612335,9.968795776367188,3600,0.0,0.0
2023-01-05 00:00:00-05:00,9.988654389876894,9.988654389876894,9.968795776367188,9.968795776367188,1800,0.0,0.0
2023-01-06 00:00:00-05:00,9.974752792273614,9.974752792273614,9.968795776367188,9.968795776367188,3200,0.0,0.0
2023-01-09 00:00:00-05:00,9.978723526000977,9.978723526000977,9.978723526000977,9.978723526000977,3400,0.0,0.0
2023-01-10 00:00:00-05:00,9.988654136657715,9.988654136657715,9.988654136657715,9.988654136657715,100,0.0,0.0
2023-01-11 00:00:00-05:00,9.988654136657715,9.988654136657715,9.988654136657715,9.988654136657715,0,0.0,0.0
2023-01-12 00:00:00-05:00,10.008512056475789,10.016455691261834,9.968795776367188,9.968795776367188,8600,0.0,0.0
2023-01-13 00:00:00-05:00,9.968795776367188,9.968795776367188,9.968795776367188,9.968795776367188,800,0.0,0.0
2023-01-17 00:00:00-05:00,9.978725083122042,9.978725083122042,9.968795776367188,9.968795776367188,3600,0.0,0.0
2023-01-18 00:00:00-05:00,10.008511543273926,10.008511543273926,10.008511543273926,10.008511543273926,100,0.0,0.0
2023-01-19 00:00:00-05:00,10.008510940933892,10.018440246582031,10.008510940933892,10.018440246582031,1500,0.0,0.0
2023-01-20 00:00:00-05:00,10.008511543273926,10.008511543273926,10.008511543273926,10.008511543273926,200,0.0,0.0
2023-01-23 00:00:00-05:00,10.008511543273926,10.008511543273926,10.008511543273926,10.008511543273926,0,0.0,0.0
2023-01-24 00:00:00-05:00,10.028368949890137,10.028368949890137,10.028368949890137,10.028368949890137,400,0.0,0.0
2023-01-25 00:00:00-05:00,10.028368949890137,10.028368949890137,10.028368949890137,10.028368949890137,0,0.0,0.0
2023-01-26 00:00:00-05:00,10.090923011997312,10.090923011997312,10.087944030761719,10.087944030761719,600,0.0,0.0
2023-01-27 00:00:00-05:00,10.078014373779297,10.078014373779297,10.078014373779297,10.078014373779297,700,0.0,0.0
2023-01-30 00:00:00-05:00,10.078014373779297,10.078014373779297,10.078014373779297,10.078014373779297,0,0.0,0.0
2023-01-31 00:00:00-05:00,10.043263679446385,10.043263679446385,10.038299026070817,10.039292335510254,800,0.0,0.0
2023-02-01 00:00:00-05:00,10.039292335510254,10.039292335510254,10.039292335510254,10.039292335510254,0,0.0,0.0
2023-02-02 00:00:00-05:00,10.05815601348877,10.05815601348877,10.05815601348877,10.05815601348877,400,0.0,0.0
2023-02-03 00:00:00-05:00,10.05815601348877,10.05815601348877,10.05815601348877,10.05815601348877,1100,0.0,0.0
2023-02-06 00:00:00-05:00,10.068085670471191,10.068085670471191,10.068085670471191,10.068085670471191,2000,0.0,0.0
2023-02-07 00:00:00-05:00,10.068086365316203,10.087944030761719,10.068086365316203,10.087944030761719,2100,0.0,0.0
2023-02-08 00:00:00-05:00,10.087943779191203,10.107802391052246,10.087943779191203,10.107802391052246,2300,0.0,0.0
2023-02-09 00:00:00-05:00,10.107802391052246,10.107802391052246,10.107802391052246,10.107802391052246,100,0.0,0.0
2023-02-10 00:00:00-05:00,10.107802391052246,10.107802391052246,10.107802391052246,10.107802391052246,100,0.0,0.0
2023-02-13 00:00:00-05:00,10.117730140686035,10.117730140686035,10.117730140686035,10.117730140686035,100,0.0,0.0
2023-02-14 00:00:00-05:00,10.117730140686035,10.117730140686035,10.117730140686035,10.117730140686035,0,0.0,0.0
2023-02-15 00:00:00-05:00,10.117730140686035,10.117730140686035,10.117730140686035,10.117730140686035,0,0.0,0.0
2023-02-16 00:00:00-05:00,10.09787368774414,10.09787368774414,10.09787368774414,10.09787368774414,200,0.0,0.0
2023-02-17 00:00:00-05:00,10.097873085121725,10.107802391052246,10.078014473260682,10.107802391052246,900,0.0,0.0
2023-02-21 00:00:00-05:00,10.107802391052246,10.107802391052246,10.107802391052246,10.107802391052246,0,0.0,0.0
2023-02-22 00:00:00-05:00,10.09787368774414,10.09787368774414,10.09787368774414,10.09787368774414,1200,0.0,0.0
2023-02-23 00:00:00-05:00,10.107801532625452,10.177304774414926,10.107801532625452,10.137588500976562,3800,0.0,0.0
2023-02-24 00:00:00-05:00,10.137588500976562,10.137588500976562,10.137588500976562,10.137588500976562,0,0.0,0.0
2023-02-27 00:00:00-05:00,10.137588500976562,10.137588500976562,10.137588500976562,10.137588500976562,0,0.0,0.0
2023-02-28 00:00:00-05:00,10.137588500976562,10.137588500976562,10.137588500976562,10.137588500976562,0,0.0,0.0
2023-03-01 00:00:00-05:00,10.13758879092691,10.226950645446777,10.13758879092691,10.226950645446777,15700,0.0,0.0
2023-03-02 00:00:00-05:00,10.226950802264426,10.226950802264426,10.177305221557617,10.177305221557617,14300,0.0,0.0
2023-03-03 00:00:00-05:00,10.217020034790039,10.217020034790039,10.217020034790039,10.217020034790039,200,0.0,0.0
2023-03-06 00:00:00-05:00,10.217020034790039,10.217020034790039,10.217020034790039,10.217020034790039,0,0.0,0.0
2023-03-07 00:00:00-05:00,10.217020034790039,10.217020034790039,10.217020034790039,10.217020034790039,0,0.0,0.0
2023-03-08 00:00:00-05:00,10.217020034790039,10.217020034790039,10.217020034790039,10.217020034790039,0,0.0,0.0
2023-03-09 00:00:00-05:00,10.207091940216806,10.217021245496136,10.176311661997282,10.197163581848145,12400,0.0,0.0
2023-03-10 00:00:00-05:00,10.177305065501221,10.226950645446777,10.177305065501221,10.226950645446777,16100,0.0,0.0
2023-03-13 00:00:00-04:00,10.177304971289482,10.197163581848145,10.177304971289482,10.197163581848145,9000,0.0,0.0
2023-03-14 00:00:00-04:00,10.20709228515625,10.20709228515625,10.20709228515625,10.20709228515625,1000,0.0,0.0
2023-03-15 00:00:00-04:00,10.197163581848145,10.197163581848145,10.197163581848145,10.197163581848145,57200,0.0,0.0
2023-03-16 00:00:00-04:00,10.177304971289482,10.197163581848145,10.177304971289482,10.197163581848145,1100,0.0,0.0
2023-03-17 00:00:00-04:00,10.226951690472927,10.256738662719727,10.217022384087068,10.256738662719727,3100,0.0,0.0
2023-03-20 00:00:00-04:00,10.326241400392876,10.326241400392876,10.266667458860054,10.296454429626465,800,0.0,0.0
2023-03-21 00:00:00-04:00,10.23787223190911,10.36595705068476,10.217021258941479,10.2517728805542,35700,0.0,0.0
2023-03-22 00:00:00-04:00,10.226951422988424,10.663830476521166,10.07801467182829,10.151490211486816,77300,0.0,0.0
2023-03-23 00:00:00-04:00,10.097872985444313,10.097872985444313,10.038298097359988,10.078014373779297,9500,0.0,0.0
2023-03-24 00:00:00-04:00,10.048227752959932,10.10780264311799,10.048227752959932,10.087944030761719,3000,0.0,0.0
2023-03-27 00:00:00-04:00,10.078014373779297,10.078014373779297,10.078014373779297,10.078014373779297,2200,0.0,0.0
2023-03-28 00:00:00-04:00,10.078014373779297,10.078014373779297,10.078014373779297,10.078014373779297,100,0.0,0.0
2023-03-29 00:00:00-04:00,10.078014373779297,10.080993354911195,10.068086014857512,10.078014373779297,3600,0.0,0.0
2023-03-30 00:00:00-04:00,10.127659772093585,10.127659772093585,10.088936805725098,10.088936805725098,200,0.0,0.0
2023-03-31 00:00:00-04:00,10.088936805725098,10.088936805725098,10.088936805725098,10.088936805725098,0,0.0,0.0
2023-04-03 00:00:00-04:00,10.07900619506836,10.07900619506836,10.07900619506836,10.07900619506836,800,0.0,0.0
2023-04-04 00:00:00-04:00,10.068085670471191,10.068085670471191,10.058156364978322,10.068085670471191,6600,0.0,0.0
2023-04-05 00:00:00-04:00,10.068085670471191,10.068085670471191,10.068085670471191,10.068085670471191,100,0.0,0.0
2023-04-06 00:00:00-04:00,10.068085670471191,10.074042685620498,10.068085670471191,10.068085670471191,1500,0.0,0.0
2023-04-10 00:00:00-04:00,10.068085670471191,10.068085670471191,10.068085670471191,10.068085670471191,0,0.0,0.0
2023-04-11 00:00:00-04:00,10.05815601348877,10.05815601348877,10.05815601348877,10.05815601348877,2300,0.0,0.0
2023-04-12 00:00:00-04:00,10.068085670471191,10.068085670471191,10.068085670471191,10.068085670471191,300,0.0,0.0
2023-04-13 00:00:00-04:00,10.068085670471191,10.068085670471191,10.068085670471191,10.068085670471191,0,0.0,0.0
2023-04-14 00:00:00-04:00,10.078014373779297,10.078014373779297,10.078014373779297,10.078014373779297,200,0.0,0.0
2023-04-17 00:00:00-04:00,10.078014373779297,10.078014373779297,10.078014373779297,10.078014373779297,0,0.0,0.0
2023-04-18 00:00:00-04:00,10.068085670471191,10.078014029053369,10.068085670471191,10.068085670471191,1600,0.0,0.0
2023-04-19 00:00:00-04:00,10.078014373779297,10.078014373779297,10.078014373779297,10.078014373779297,1000,0.0,0.0
2023-04-20 00:00:00-04:00,10.078014373779297,10.078014373779297,10.078014373779297,10.078014373779297,0,0.0,0.0
2023-04-21 00:00:00-04:00,10.078014373779297,10.078014373779297,10.078014373779297,10.078014373779297,0,0.0,0.0
2023-04-24 00:00:00-04:00,10.078014373779297,10.078014373779297,10.078014373779297,10.078014373779297,0,0.0,0.0
2023-04-25 00:00:00-04:00,10.117730140686035,10.137588751351004,10.117730140686035,10.117730140686035,14600,0.0,0.0
2023-04-26 00:00:00-04:00,10.127659797668457,10.127659797668457,10.127659797668457,10.127659797668457,100,0.0,0.0
2023-04-27 00:00:00-04:00,10.127659797668457,10.127659797668457,10.127659797668457,10.127659797668457,0,0.0,0.0
2023-04-28 00:00:00-04:00,10.127659797668457,10.127659797668457,10.127659797668457,10.127659797668457,0,0.0,0.0
2023-05-01 00:00:00-04:00,10.127659797668457,10.127659797668457,10.127659797668457,10.127659797668457,0,0.0,0.0
2023-05-02 00:00:00-04:00,10.127659797668457,10.127659797668457,10.127659797668457,10.127659797668457,0,0.0,0.0
2023-05-03 00:00:00-04:00,10.117730140686035,10.117730140686035,10.117730140686035,10.117730140686035,100,0.0,0.0
2023-05-04 00:00:00-04:00,10.117730140686035,10.117730140686035,10.117730140686035,10.117730140686035,11500,0.0,0.0
2023-05-05 00:00:00-04:00,10.117730140686035,10.117730140686035,10.117730140686035,10.117730140686035,0,0.0,0.0
2023-05-08 00:00:00-04:00,10.107801883143342,10.157446516479883,10.107801883143342,10.147518157958984,28900,0.0,0.0
2023-05-09 00:00:00-04:00,10.147518157958984,10.147518157958984,10.147518157958984,10.147518157958984,0,0.0,0.0
2023-05-10 00:00:00-04:00,10.147518157958984,10.147518157958984,10.147518157958984,10.147518157958984,0,0.0,0.0
2023-05-11 00:00:00-04:00,10.147518157958984,10.147518157958984,10.147518157958984,10.147518157958984,0,0.0,0.0
2023-05-12 00:00:00-04:00,10.147518157958984,10.147518157958984,10.147518157958984,10.147518157958984,0,0.0,0.0
2023-05-15 00:00:00-04:00,10.147518157958984,10.147518157958984,10.147518157958984,10.147518157958984,0,0.0,0.0
2023-05-16 00:00:00-04:00,10.117730140686035,10.117730140686035,10.117730140686035,10.117730140686035,200,0.0,0.0
2023-05-17 00:00:00-04:00,10.117730140686035,10.117730140686035,10.117730140686035,10.117730140686035,0,0.0,0.0
2023-05-18 00:00:00-04:00,10.117730140686035,10.117730140686035,10.117730140686035,10.117730140686035,1500,0.0,0.0
2023-05-19 00:00:00-04:00,10.117730140686035,10.117730140686035,10.117730140686035,10.117730140686035,0,0.0,0.0
2023-05-22 00:00:00-04:00,10.122695144829834,10.127659797668457,10.11773049199121,10.127659797668457,1200,0.0,0.0
2023-05-23 00:00:00-04:00,10.127659797668457,10.127659797668457,10.127659797668457,10.127659797668457,0,0.0,0.0
2023-05-24 00:00:00-04:00,10.177305221557617,10.177305221557617,10.177305221557617,10.177305221557617,300,0.0,0.0
2023-05-25 00:00:00-04:00,10.177305221557617,10.177305221557617,10.177305221557617,10.177305221557617,0,0.0,0.0
2023-05-26 00:00:00-04:00,10.177305221557617,10.177305221557617,10.177305221557617,10.177305221557617,0,0.0,0.0
2023-05-30 00:00:00-04:00,10.107802391052246,10.107802391052246,10.107802391052246,10.107802391052246,300,0.0,0.0
2023-05-31 00:00:00-04:00,10.107802391052246,10.107802391052246,10.107802391052246,10.107802391052246,0,0.0,0.0
2023-06-01 00:00:00-04:00,10.107802391052246,10.107802391052246,10.107802391052246,10.107802391052246,0,0.0,0.0
2023-06-02 00:00:00-04:00,10.107802391052246,10.107802391052246,10.107802391052246,10.107802391052246,0,0.0,0.0
2023-06-05 00:00:00-04:00,10.137588500976562,10.137588500976562,10.137588500976562,10.137588500976562,300,0.0,0.0
2023-06-06 00:00:00-04:00,10.137588500976562,10.137588500976562,10.137588500976562,10.137588500976562,0,0.0,0.0
2023-06-07 00:00:00-04:00,10.132623848432935,10.137588500976562,10.132623848432935,10.137588500976562,1100,0.0,0.0
2023-06-08 00:00:00-04:00,10.127659640850807,10.177305221557617,10.127659640850807,10.177305221557617,10900,0.0,0.0
2023-06-09 00:00:00-04:00,10.177305221557617,10.177305221557617,10.177305221557617,10.177305221557617,0,0.0,0.0
2023-06-12 00:00:00-04:00,10.177305221557617,10.177305221557617,10.177305221557617,10.177305221557617,0,0.0,0.0
2023-06-13 00:00:00-04:00,10.177305221557617,10.177305221557617,10.177305221557617,10.177305221557617,0,0.0,0.0
2023-06-14 00:00:00-04:00,10.177305221557617,10.177305221557617,10.177305221557617,10.177305221557617,0,0.0,0.0
2023-06-15 00:00:00-04:00,10.187233487592069,10.226949758722792,10.187233487592069,10.218013763427734,300,0.0,0.0
2023-06-16 00:00:00-04:00,10.226950645446777,10.226950645446777,10.226950645446777,10.226950645446777,200,0.0,0.0
2023-06-20 00:00:00-04:00,10.226950645446777,10.226950645446777,10.226950645446777,10.226950645446777,0,0.0,0.0
2023-06-21 00:00:00-04:00,10.226950645446777,10.226950645446777,10.226950645446777,10.226950645446777,0,0.0,0.0
2023-06-22 00:00:00-04:00,10.226950645446777,10.226950645446777,10.226950645446777,10.226950645446777,0,0.0,0.0
2023-06-23 00:00:00-04:00,10.226950645446777,10.226950645446777,10.226950645446777,10.226950645446777,0,0.0,0.0
2023-06-26 00:00:00-04:00,10.177305221557617,10.177305221557617,10.177305221557617,10.177305221557617,900,0.0,0.0
2023-06-27 00:00:00-04:00,10.197163581848145,10.197163581848145,10.197163581848145,10.197163581848145,1000,0.0,0.0
2023-06-28 00:00:00-04:00,10.197163581848145,10.197163581848145,10.197163581848145,10.197163581848145,0,0.0,0.0
2023-06-29 00:00:00-04:00,10.197163581848145,10.197163581848145,10.197163581848145,10.197163581848145,0,0.0,0.0
2023-06-30 00:00:00-04:00,10.197163581848145,10.197163581848145,10.197163581848145,10.197163581848145,0,0.0,0.0
2023-07-03 00:00:00-04:00,10.197163581848145,10.197163581848145,10.197163581848145,10.197163581848145,0,0.0,0.0
2023-07-05 00:00:00-04:00,10.217020034790039,10.217020034790039,10.217020034790039,10.217020034790039,100,0.0,0.0
2023-07-06 00:00:00-04:00,10.226950645446777,10.226950645446777,10.226950645446777,10.226950645446777,500,0.0,0.0
2023-07-07 00:00:00-04:00,10.226950645446777,10.226950645446777,10.226950645446777,10.226950645446777,0,0.0,0.0
2023-07-10 00:00:00-04:00,10.226950645446777,10.226950645446777,10.226950645446777,10.226950645446777,100,0.0,0.0
2023-07-11 00:00:00-04:00,10.226950645446777,10.226950645446777,10.226950645446777,10.226950645446777,100,0.0,0.0
2023-07-12 00:00:00-04:00,10.226950645446777,10.226950645446777,10.226950645446777,10.226950645446777,0,0.0,0.0
2023-07-13 00:00:00-04:00,10.22695038872964,10.37588617791704,10.212056431046637,10.246808052062988,16600,0.0,0.0
2023-07-14 00:00:00-04:00,10.36099381555283,11.15035468393835,10.326241245450952,10.416596412658691,153500,0.0,0.0
2023-07-17 00:00:00-04:00,10.3619855295105,10.3619855295105,10.18723411515229,10.246808052062988,51400,0.0,0.0
2023-07-18 00:00:00-04:00,10.207091778485637,10.246808052062988,10.202127125924637,10.246808052062988,5300,0.0,0.0
2023-07-19 00:00:00-04:00,10.236879950818023,10.236879950818023,10.21702134007553,10.226950645446777,6500,0.0,0.0
2023-07-20 00:00:00-04:00,10.276597535741974,10.276597535741974,10.226951949466201,10.236881256103516,21200,0.0,0.0
2023-07-21 00:00:00-04:00,10.236880793934363,10.912057517305627,10.226951487745332,10.847518920898438,302900,0.0,0.0
2023-07-24 00:00:00-04:00,11.170212955833419,11.170212955833419,10.713475321540692,10.74326229095459,41300,0.0,0.0
2023-07-25 00:00:00-04:00,10.723404727465386,11.065958193122484,10.723404727465386,10.773050308227539,174400,0.0,0.0
2023-07-26 00:00:00-04:00,10.723404668481825,10.773050248970906,10.693617698952652,10.695603370666504,15000,0.0,0.0
2023-07-27 00:00:00-04:00,10.713474625867288,10.723403930664062,10.693616963184365,10.723403930664062,10000,0.0,0.0
2023-07-28 00:00:00-04:00,10.693616963184365,10.723403930664062,10.65389974399727,10.723403930664062,6000,0.0,0.0
2023-07-31 00:00:00-04:00,10.713475736844229,10.723405042670661,10.624113878227776,10.673759460449219,4500,0.0,0.0
2023-08-01 00:00:00-04:00,10.648936345593507,10.67375866139062,10.624113082885742,10.624113082885742,5200,0.0,0.0
2023-08-02 00:00:00-04:00,10.634042387968849,10.71347493481239,10.624113082885742,10.624113082885742,50600,0.0,0.0
2023-08-03 00:00:00-04:00,10.624113082885742,10.624113082885742,10.624113082885742,10.624113082885742,2600,0.0,0.0
2023-08-04 00:00:00-04:00,10.63404351812045,10.63404351812045,10.62411421198209,10.62907886505127,6300,0.0,0.0
2023-08-07 00:00:00-04:00,10.629077735427295,10.629077735427295,10.624113082885742,10.624113082885742,900,0.0,0.0
2023-08-08 00:00:00-04:00,10.634043784889538,10.666809738439502,10.624114478502088,10.663830757141113,5900,0.0,0.0
2023-08-09 00:00:00-04:00,10.663830757141113,10.663830757141113,10.663830757141113,10.663830757141113,300,0.0,0.0
2023-08-10 00:00:00-04:00,10.634043784889538,10.663830757141113,10.634043784889538,10.663830757141113,900,0.0,0.0
2023-08-11 00:00:00-04:00,10.653900516896668,10.723404708605722,10.62411354725604,10.718440055847168,22500,0.0,0.0
2023-08-14 00:00:00-04:00,10.624113082885742,10.624113082885742,10.624113082885742,10.624113082885742,1300,0.0,0.0
2023-08-15 00:00:00-04:00,10.624113082885742,10.683687966473725,10.624113082885742,10.624113082885742,13200,0.0,0.0
2023-08-16 00:00:00-04:00,10.624113878227776,10.673759460449219,10.624113878227776,10.673759460449219,7600,0.0,0.0
2023-08-17 00:00:00-04:00,10.624113878227776,10.673759460449219,10.624113878227776,10.673759460449219,5600,0.0,0.0
2023-08-18 00:00:00-04:00,10.673759460449219,10.673759460449219,10.673759460449219,10.673759460449219,2100,0.0,0.0
2023-08-21 00:00:00-04:00,10.658864799070319,10.658864799070319,10.652907784113582,10.653900146484375,4900,0.0,0.0
2023-08-22 00:00:00-04:00,10.624113082885742,10.624113082885742,10.624113082885742,10.624113082885742,6400,0.0,0.0
2023-08-23 00:00:00-04:00,10.624113082885742,10.624113082885742,10.624113082885742,10.624113082885742,0,0.0,0.0
2023-08-24 00:00:00-04:00,10.624113082885742,10.624113082885742,10.624113082885742,10.624113082885742,700,0.0,0.0
2023-08-25 00:00:00-04:00,10.624113082885742,10.624113082885742,10.624113082885742,10.624113082885742,700,0.0,0.0
2023-08-28 00:00:00-04:00,10.624113082885742,10.624113082885742,10.624113082885742,10.624113082885742,1100,0.0,0.0
2023-08-29 00:00:00-04:00,10.624113082885742,10.624113082885742,10.624113082885742,10.624113082885742,100,0.0,0.0
2023-08-30 00:00:00-04:00,10.624114196379034,10.624114196379034,10.574468612670898,10.574468612670898,1600,0.0,0.0
2023-08-31 00:00:00-04:00,10.574468612670898,10.574468612670898,10.574468612670898,10.574468612670898,900,0.0,0.0
2023-09-01 00:00:00-04:00,10.673758307516175,10.673758307516175,10.61418342590332,10.61418342590332,4300,0.0,0.0
2023-09-05 00:00:00-04:00,10.61418342590332,10.61418342590332,10.61418342590332,10.61418342590332,0,0.0,0.0
2023-09-06 00:00:00-04:00,10.61418342590332,10.61418342590332,10.61418342590332,10.61418342590332,0,0.0,0.0
2023-09-07 00:00:00-04:00,10.61418342590332,10.61418342590332,10.61418342590332,10.61418342590332,0,0.0,0.0
2023-09-08 00:00:00-04:00,10.574468612670898,10.574468612670898,10.574468612670898,10.574468612670898,1800,0.0,0.0
2023-09-11 00:00:00-04:00,10.678724113362435,10.822695260202826,10.673759460449219,10.673759460449219,4600,0.0,0.0
2023-09-12 00:00:00-04:00,10.673759146703231,10.812766583455124,10.673759146703231,10.773050308227539,68700,0.0,0.0
2023-09-13 00:00:00-04:00,10.703545024021132,10.703545024021132,10.634041786193848,10.634041786193848,12800,0.0,0.0
2023-09-14 00:00:00-04:00,10.643971090715059,10.643971090715059,10.634041786193848,10.634041786193848,800,0.0,0.0
2023-09-15 00:00:00-04:00,10.634041786193848,10.634041786193848,10.634041786193848,10.634041786193848,200,0.0,0.0
2023-09-18 00:00:00-04:00,10.634042081314346,10.912055987249644,10.634042081314346,10.723403930664062,26500,0.0,0.0
2023-09-19 00:00:00-04:00,10.760141610385098,10.872340107287432,10.693617349049646,10.84255313873291,7100,0.0,0.0
2023-09-20 00:00:00-04:00,10.822694137899928,10.882269019769947,10.624112776517572,10.723403930664062,22200,0.0,0.0
2023-09-21 00:00:00-04:00,10.64397248988064,10.723405042670661,10.624113878227776,10.673759460449219,5000,0.0,0.0
2023-09-22 00:00:00-04:00,10.64397138611112,10.723403930664062,10.64397138611112,10.723403930664062,1900,0.0,0.0
2023-09-25 00:00:00-04:00,10.63404248305126,10.673758756828148,10.624113177879375,10.653900146484375,10500,0.0,0.0
2023-09-26 00:00:00-04:00,10.713474625867288,10.723403930664062,10.713474625867288,10.723403930664062,1900,0.0,0.0
2023-09-27 00:00:00-04:00,10.673759460449219,10.723405042670661,10.673759460449219,10.673759460449219,4300,0.0,0.0
2023-09-28 00:00:00-04:00,10.7531916971584,10.773050308227539,10.7531916971584,10.773050308227539,1600,0.0,0.0
2023-09-29 00:00:00-04:00,10.773050308227539,10.773050308227539,10.773050308227539,10.773050308227539,0,0.0,0.0
2023-10-02 00:00:00-04:00,10.693617549945984,10.729361534118652,10.693617549945984,10.729361534118652,1300,0.0,0.0
2023-10-03 00:00:00-04:00,10.69361775777237,10.773050308227539,10.69361775777237,10.773050308227539,2100,0.0,0.0
2023-10-04 00:00:00-04:00,10.773050308227539,10.773050308227539,10.773050308227539,10.773050308227539,0,0.0,0.0
2023-10-05 00:00:00-04:00,10.773049507737307,10.773049507737307,10.723403930664062,10.723403930664062,1500,0.0,0.0
2023-10-06 00:00:00-04:00,10.921985319602028,11.398580588122107,10.87233974240353,11.021276473999023,42400,0.0,0.0
2023-10-09 00:00:00-04:00,11.110637600179778,11.120566905201354,10.921985539323064,10.962695121765137,3100,0.0,0.0
2023-10-10 00:00:00-04:00,11.031205117981656,11.110637664794922,11.031205117981656,11.110637664794922,3000,0.0,0.0
2023-10-11 00:00:00-04:00,11.031206130981445,11.033192749708261,10.921986605811199,11.031206130981445,15900,0.0,0.0
2023-10-12 00:00:00-04:00,10.773050495005908,10.922979602298815,10.773050495005908,10.832624435424805,8400,0.0,0.0
2023-10-13 00:00:00-04:00,10.782979725967866,10.862412284224991,10.76312205985898,10.85744857788086,20500,0.0,0.0
2023-10-16 00:00:00-04:00,10.85744857788086,10.85744857788086,10.85744857788086,10.85744857788086,0,0.0,0.0
2023-10-17 00:00:00-04:00,10.85744857788086,10.85744857788086,10.85744857788086,10.85744857788086,0,0.0,0.0
2023-10-18 00:00:00-04:00,10.872340188565241,11.393617350174871,10.735319374661596,10.817730903625488,20700,0.0,0.0
2023-10-19 00:00:00-04:00,10.82269624521971,10.912058111969344,10.693619045371134,10.782979965209961,27700,0.0,0.0
2023-10-20 00:00:00-04:00,10.82269624521971,10.872341831959595,10.673760431910857,10.782979965209961,19300,0.0,0.0
2023-10-23 00:00:00-04:00,10.76312061399183,10.76312061399183,10.410637855529785,10.410637855529785,24000,0.0,0.0
2023-10-24 00:00:00-04:00,10.356029951989175,10.475178789258953,10.346100645488997,10.395746231079102,39300,0.0,0.0
2023-10-25 00:00:00-04:00,10.375885770815973,10.498013567675034,9.929077473873777,10.316311836242676,16200,0.0,0.0
2023-10-26 00:00:00-04:00,10.921985730896813,11.41843962775576,10.03829745360005,10.465248107910156,61300,0.0,0.0
2023-10-27 00:00:00-04:00,10.92198563343759,15.390070665298422,7.248227018845259,7.704964637756348,153800,0.0,0.0
2023-10-30 00:00:00-04:00,7.426951429309544,8.757447750394306,5.1035466922063675,5.947518348693848,116100,0.0,0.0
2023-10-31 00:00:00-04:00,5.937588885864971,7.704965044541451,5.342837114060873,6.741844177246094,63000,0.0,0.0
2023-11-01 00:00:00-04:00,6.066667018340489,6.741844177246094,5.381560553803529,6.741844177246094,35000,0.0,0.0
2023-11-02 00:00:00-04:00,6.0865252143797886,6.940425621721204,6.0865252143797886,6.662411689758301,13100,0.0,0.0
2023-11-03 00:00:00-04:00,6.630638925755237,8.121986920195972,6.225532510370708,7.846951007843018,60100,0.0,0.0
2023-11-06 00:00:00-05:00,19.21276798204344,22.806101108074756,6.652482649996158,9.86950397491455,539800,0.0,0.0
2023-11-07 00:00:00-05:00,7.397162609700918,7.992907643424878,5.262411308192881,7.158864974975586,140300,0.0,0.0
2023-11-08 00:00:00-05:00,7.069503391757426,9.829786798669495,6.662411347025976,8.22127628326416,136300,0.0,0.0
2023-11-09 00:00:00-05:00,7.238298239513535,7.44680892735593,5.034043005336539,6.285106658935547,67000,0.0,0.0
2023-11-10 00:00:00-05:00,5.470922344529893,6.73191526369233,5.133333532430308,5.629787445068359,68900,0.0,0.0
2023-11-13 00:00:00-05:00,5.0638300468966175,5.639716536265496,5.014184937424861,5.46099328994751,15700,0.0,0.0
2023-11-14 00:00:00-05:00,5.053901065896389,5.3517731343412915,4.190070883767788,4.914893627166748,28400,0.0,0.0
2023-11-15 00:00:00-05:00,4.527659556417678,4.527659556417678,3.991489376937646,4.344964504241943,27800,0.0,0.0
2023-11-16 00:00:00-05:00,4.517730813568443,5.768794432530947,4.319148963596936,5.1432623863220215,213500,0.0,0.0
2023-11-17 00:00:00-05:00,5.272340644481212,5.739007600691364,4.2695039587931,5.431205749511719,65200,0.0,0.0
2023-11-20 00:00:00-05:00,5.858156094402396,5.858156094402396,4.895035266603005,5.530496597290039,24500,0.0,0.0
2023-11-21 00:00:00-05:00,5.173049232212361,5.35177245044033,4.626949799666181,4.96453857421875,57900,0.0,0.0
2023-11-22 00:00:00-05:00,4.934751666914256,4.934751666914256,4.269503823890953,4.736170291900635,10600,0.0,0.0
2023-11-24 00:00:00-05:00,4.567375507469657,4.7063824584461935,4.249645333809002,4.617021083831787,13100,0.0,0.0
2023-11-27 00:00:00-05:00,4.944680678225322,4.944680678225322,3.9716310516362325,4.7957444190979,59700,0.0,0.0
2023-11-28 00:00:00-05:00,4.726241705564952,4.785816121165935,4.366808593231565,4.512766361236572,25500,0.0,0.0
2023-11-29 00:00:00-05:00,4.299291075627483,4.765958047725255,4.11461033739655,4.229787826538086,36100,0.0,0.0
2023-11-30 00:00:00-05:00,4.140425813945239,4.369787474472781,3.8723407131443786,3.903120756149292,69600,0.0,0.0
2023-12-01 00:00:00-05:00,3.9021276905551447,3.9021276905551447,2.978723377306411,3.177304983139038,51400,0.0,0.0
2023-12-04 00:00:00-05:00,3.2567376933537466,3.4652483780502434,2.9290781812464957,2.9787235260009766,34900,0.0,0.0
2023-12-05 00:00:00-05:00,2.9886527368936195,3.2567378480278086,2.8794329732465265,3.023404598236084,45600,0.0,0.0
2023-12-06 00:00:00-05:00,2.9588651229592986,3.018439531326294,2.8794325784699715,3.018439531326294,36500,0.0,0.0
2023-12-07 00:00:00-05:00,3.018439832150943,3.1673761046394184,2.8794328654408674,3.0879433155059814,72700,0.0,0.0
2023-12-08 00:00:00-05:00,2.978723322287333,3.4156027997041134,2.978723322287333,3.256737470626831,44200,0.0,0.0
2023-12-11 00:00:00-05:00,3.385815743057702,3.4255320178831603,3.157446926083647,3.2269504070281982,41900,0.0,0.0
2023-12-12 00:00:00-05:00,3.1673762122151463,3.3262413224223044,2.8893620326249327,3.2468087673187256,35600,0.0,0.0
2023-12-13 00:00:00-05:00,3.137588819268343,3.326241126528986,3.1276597504651513,3.1872341632843018,22500,0.0,0.0
2023-12-14 00:00:00-05:00,3.2368795728520263,3.3858158446437634,3.078014232056019,3.107801675796509,36400,0.0,0.0
2023-12-15 00:00:00-05:00,3.3361706065826957,3.385816193446151,2.492198944091797,2.492198944091797,135000,0.0,0.0
2023-12-18 00:00:00-05:00,2.4921986525442055,2.713617148647693,1.7276596397094113,1.807092308998108,139800,0.0,0.0
2023-12-19 00:00:00-05:00,1.826950386857757,2.0573049900457328,1.6283687793257147,1.7276595830917358,81700,0.0,0.0
2023-12-20 00:00:00-05:00,1.6780142340227688,1.7574467820430815,1.4695035587417817,1.578723430633545,39300,0.0,0.0
2023-12-21 00:00:00-05:00,1.5092198766727876,1.975886583328247,1.5092198766727876,1.975886583328247,125900,0.0,0.0
2023-12-22 00:00:00-05:00,4.358865075064361,4.716312012813509,2.4723404119755563,2.541843891143799,37833600,0.0,0.0
2023-12-26 00:00:00-05:00,2.1943264131568636,2.4822696552946093,2.0950354849084705,2.323404312133789,817300,0.0,0.0
2023-12-27 00:00:00-05:00,2.1645391934689484,2.462411503075504,2.1049645421654932,2.194326400756836,319200,0.0,0.0
2023-12-28 00:00:00-05:00,2.1248227796636794,2.1645390534789075,1.7375886365098772,1.747517704963684,242500,0.0,0.0
2023-12-29 00:00:00-05:00,1.6581558977209878,1.8567374948068738,1.6184396256493414,1.6879432201385498,156500,0.0,0.0
2024-01-02 00:00:00-05:00,1.638297884987244,1.6978724159422576,1.5985816099264594,1.6780142784118652,69700,0.0,0.0
2024-01-03 00:00:00-05:00,1.6184398775577948,1.8964540620595869,1.5588654601776304,1.7971632480621338,140600,0.0,0.0
2024-01-04 00:00:00-05:00,1.7475176394929675,2.2638296532026403,1.7375885714111527,2.1744680404663086,268700,0.0,0.0
2024-01-05 00:00:00-05:00,2.1546103954315186,2.2836883099175447,1.797163389553257,2.1546103954315186,139800,0.0,0.0
2024-01-08 00:00:00-05:00,2.2042554714689127,2.2042554714689127,2.0156029217796285,2.0453901290893555,58200,0.0,0.0
2024-01-09 00:00:00-05:00,1.9758865894543367,2.1248228585161524,1.7872340451034168,1.817021369934082,259600,0.0,0.0
2024-01-10 00:00:00-05:00,1.787234022207702,1.93617028936154,1.7574468161224688,1.8468085527420044,298600,0.0,0.0
2024-01-11 00:00:00-05:00,1.8170213103656707,1.8170213103656707,1.678014233047114,1.73758864402771,86500,0.0,0.0
2024-01-12 00:00:00-05:00,1.6978724627715613,1.836879547682122,1.6581560682515157,1.7673759460449219,37900,0.0,0.0
2024-01-16 00:00:00-05:00,1.7673759773355275,1.8368795802032578,1.6879434236167974,1.7296454906463623,31900,0.0,0.0
2024-01-17 00:00:00-05:00,1.687943483606935,1.7375888314455554,1.5737590652142621,1.658156156539917,42200,0.0,0.0
2024-01-18 00:00:00-05:00,1.6680851557576024,1.787234103909134,1.56879446426786,1.5985816717147827,23000,0.0,0.0
2024-01-19 00:00:00-05:00,1.5985817559785638,1.6978725710659235,1.5598583132380857,1.6382980346679688,55300,0.0,0.0
2024-01-22 00:00:00-05:00,1.6382978478659334,1.7276595830917358,1.5489361126401309,1.7276595830917358,26900,0.0,0.0
2024-01-23 00:00:00-05:00,1.6194326359856592,1.6958864387035089,1.5787234083542143,1.6085106134414673,8400,0.0,0.0
2024-01-24 00:00:00-05:00,1.6680850471563966,1.6680850471563966,1.5687943621310059,1.578723430633545,6400,0.0,0.0
2024-01-25 00:00:00-05:00,1.5390069907707102,1.5777304277540307,1.509219786182231,1.563829779624939,27700,0.0,0.0
2024-01-26 00:00:00-05:00,1.5886527524635687,1.6680853131502433,1.4496456528980362,1.4982980489730835,18500,0.0,0.0
2024-01-29 00:00:00-05:00,1.5390071077549692,1.5390071077549692,1.4377305097647575,1.4893617630004883,42800,0.0,0.0
2024-01-30 00:00:00-05:00,1.4506383001132959,1.5290780146021516,1.4397163954584826,1.5191489458084106,11300,0.0,0.0
2024-01-31 00:00:00-05:00,1.509219787775269,1.509219787775269,1.1914893684351227,1.3146098852157593,80800,0.0,0.0
2024-02-01 00:00:00-05:00,1.310638418315314,1.3503546945672253,1.2212766783846736,1.2480851411819458,14700,0.0,0.0
2024-02-02 00:00:00-05:00,1.2808509645544732,1.4387233362355705,1.2619857825686804,1.3404254913330078,30600,0.0,0.0
2024-02-05 00:00:00-05:00,1.3404255187020657,1.6283687353134155,1.2907800589789786,1.6283687353134155,93100,0.0,0.0
2024-02-06 00:00:00-05:00,1.5787234414129505,1.6680850585459568,1.3295035362243652,1.3295035362243652,256700,0.0,0.0
2024-02-07 00:00:00-05:00,1.3007093234749911,1.3622696507384846,1.3007093234749911,1.350354790687561,19400,0.0,0.0
2024-02-08 00:00:00-05:00,1.4893618858278301,1.4893618858278301,1.320567581378328,1.350354790687561,33100,0.0,0.0
2024-02-09 00:00:00-05:00,1.4496456550329617,1.4496456550329617,1.3007093667984009,1.3007093667984009,13800,0.0,0.0
2024-02-12 00:00:00-05:00,1.340425594743997,1.4198581454249917,1.3007092010396624,1.3602837324142456,39500,0.0,0.0
2024-02-13 00:00:00-05:00,1.3473759192558166,1.3970212634314383,1.3473759192558166,1.3602837324142456,10300,0.0,0.0
2024-02-14 00:00:00-05:00,1.3702128425403808,1.3702128425403808,1.3007092402362,1.310638427734375,27300,0.0,0.0
2024-02-15 00:00:00-05:00,1.29078000593845,1.3801417350769043,1.29078000593845,1.3801417350769043,34300,0.0,0.0
2024-02-16 00:00:00-05:00,1.3007091788656198,1.439716376915288,1.3007091788656198,1.390070915222168,50400,0.0,0.0
2024-02-20 00:00:00-05:00,1.390070802940752,1.4297871927599681,1.360283599349209,1.3801417350769043,37200,0.0,0.0
2024-02-21 00:00:00-05:00,1.3801420459659097,1.3801420459659097,1.2907802966979438,1.3007093667984009,46200,0.0,0.0
2024-02-22 00:00:00-05:00,1.3007090496306772,1.3602835740704904,1.2411346435546875,1.2411346435546875,43900,0.0,0.0
2024-02-23 00:00:00-05:00,1.2312057584952336,1.2709220351035182,1.1418440177627522,1.1617021560668945,44800,0.0,0.0
2024-02-26 00:00:00-05:00,1.1914894818869488,1.251063896799376,1.1140426004641848,1.1617021560668945,38000,0.0,0.0
2024-02-27 00:00:00-05:00,1.171631196609573,1.2014185217022675,1.1319149209710972,1.1974468231201172,80900,0.0,0.0
2024-02-28 00:00:00-05:00,1.1716311878192085,1.3900709389196186,1.0921986371382135,1.3602837324142456,487800,0.0,0.0
2024-02-29 00:00:00-05:00,1.4198580970396992,1.7872339865115399,1.1716311478928836,1.73758864402771,5938200,0.0,0.0
2024-03-01 00:00:00-05:00,1.56879429239397,1.5985814965774676,1.3900708305653287,1.509219765663147,297000,0.0,0.0
2024-03-04 00:00:00-05:00,1.3602836460358834,1.5985815196745659,1.3602836460358834,1.4794325828552246,162800,0.0,0.0
2024-03-05 00:00:00-05:00,1.4397164105495588,1.5588653556872039,1.400000016594452,1.4992908239364624,127000,0.0,0.0
2024-03-06 00:00:00-05:00,1.4595746052391965,1.5290780902331529,1.3900710018813975,1.4297873973846436,68600,0.0,0.0
2024-03-07 00:00:00-05:00,1.4307801274644782,1.658155986651429,1.3999999676126158,1.5687943696975708,172800,0.0,0.0
2024-03-08 00:00:00-05:00,1.5191488863524505,1.6184396887676855,1.4307801065284027,1.4397163391113281,58600,0.0,0.0
2024-03-11 00:00:00-04:00,1.4496454619371297,1.4992908058265506,1.3205674494607986,1.3702127933502197,248200,0.0,0.0
2024-03-12 00:00:00-04:00,1.370212695965155,1.370212695965155,1.1418438935769912,1.171631097793579,107700,0.0,0.0
2024-03-13 00:00:00-04:00,1.1517729923624973,1.350354595829473,1.1517729923624973,1.2907800674438477,73100,0.0,0.0
2024-03-14 00:00:00-04:00,1.2510637540741705,1.2510637540741705,1.171631091555683,1.1815602779388428,23300,0.0,0.0
2024-03-15 00:00:00-04:00,1.201418587142533,1.290780212196556,1.1617021909769003,1.2609930038452148,118300,0.0,0.0
2024-03-18 00:00:00-04:00,1.1418440757654664,1.2411348906937345,1.1418440757654664,1.2312058210372925,23800,0.0,0.0
2024-03-19 00:00:00-04:00,1.2113476817244082,1.2460994255219557,1.191489542411524,1.2312058210372925,19900,0.0,0.0
2024-03-20 00:00:00-04:00,1.1835462465139213,1.2907802209813293,1.1716312684012185,1.2510639429092407,79600,0.0,0.0
2024-03-21 00:00:00-04:00,1.2113476363902382,1.4397164666694946,1.1914894978205364,1.4297873973846436,283000,0.0,0.0
2024-03-22 00:00:00-04:00,1.3900710697665384,1.429787467209364,1.3304966511480725,1.350354790687561,69000,0.0,0.0
2024-03-25 00:00:00-04:00,1.3304965155956239,1.3304965155956239,1.1716311787373932,1.2212766408920288,83100,0.0,0.0
2024-03-26 00:00:00-04:00,1.2212767689647446,1.2679433733491572,1.2014186293659437,1.2113476991653442,13900,0.0,0.0
2024-03-27 00:00:00-04:00,1.201418413977508,1.2510637540741705,1.1418438874976855,1.1815602779388428,66900,0.0,0.0
2024-03-28 00:00:00-04:00,1.1815604211634607,1.2113476288321592,1.1517730951309204,1.1517730951309204,16400,0.0,0.0
2024-04-01 00:00:00-04:00,1.1815604127348778,1.251063896799376,1.1517730869148233,1.1617021560668945,60300,0.0,0.0
2024-04-02 00:00:00-04:00,1.1418439306233148,1.2808510065078735,1.1418439306233148,1.2808510065078735,90600,0.0,0.0
2024-04-03 00:00:00-04:00,1.2212765500161729,1.2709218901128354,1.151772955517018,1.1815602779388428,25800,0.0,0.0
2024-04-04 00:00:00-04:00,1.1517729982775817,1.201418458581202,1.1219857931137085,1.1219857931137085,22700,0.0,0.0
2024-04-05 00:00:00-04:00,1.1219858794586097,1.1914894818869488,1.0822696028503251,1.1617021560668945,28200,0.0,0.0
2024-04-08 00:00:00-04:00,1.1716312507321083,1.1716312507321083,1.092198695785836,1.1319149732589722,27400,0.0,0.0
2024-04-09 00:00:00-04:00,1.1319150082147285,1.1418440778896417,1.0723405901652492,1.0921987295150757,24800,0.0,0.0
2024-04-10 00:00:00-04:00,1.0723404963036893,1.1120567715269916,1.0326241027165504,1.0624114274978638,11800,0.0,0.0
2024-04-11 00:00:00-04:00,1.0574467943313601,1.0723403961490632,1.0127658705144247,1.0326240062713623,18500,0.0,0.0
2024-04-12 00:00:00-04:00,0.9929078817367554,0.9929078817367554,0.9283688717911431,0.9929078817367554,39100,0.0,0.0
2024-04-15 00:00:00-04:00,0.9929078868996488,0.9929078868996488,0.9521986550145665,0.9869504570960999,15300,0.0,0.0
2024-04-16 00:00:00-04:00,0.9432624661582466,0.98297880232667,0.8936170607431977,0.9333333969116211,37200,0.0,0.0
2024-04-17 00:00:00-04:00,1.012765989051776,1.012765989051776,0.9234043085044686,0.9571631550788879,72600,0.0,0.0
2024-04-18 00:00:00-04:00,0.9929078572349509,1.0723405284247294,0.9800000437279679,1.0226950645446777,110100,0.0,0.0
2024-04-19 00:00:00-04:00,1.0326240732873042,1.0624113972196945,0.9333333288768647,0.9442552924156189,40400,0.0,0.0
2024-04-22 00:00:00-04:00,0.9829787611961365,0.9829787611961365,0.9432624266895537,0.9829787611961365,42500,0.0,0.0
2024-04-23 00:00:00-04:00,0.9432624578475952,0.9531915270067404,0.9234043195293049,0.9432624578475952,32300,0.0,0.0
2024-04-24 00:00:00-04:00,0.9531915311835891,0.9531915311835891,0.9234043235756273,0.9382979273796082,16500,0.0,0.0
2024-04-25 00:00:00-04:00,0.9531915270067404,0.9809929443251149,0.9234043195293049,0.9432624578475952,21900,0.0,0.0
2024-04-26 00:00:00-04:00,0.9631206502558662,0.9631206502558662,0.9333333837539932,0.9492198824882507,7600,0.0,0.0
2024-04-29 00:00:00-04:00,0.9333334067564475,0.9631206739924422,0.9134752680537321,0.9214184880256653,41300,0.0,0.0
2024-04-30 00:00:00-04:00,0.9134751934288785,0.9134751934288785,0.6950354488163984,0.8638297915458679,27400,0.0,0.0
2024-05-01 00:00:00-04:00,0.8479432345359845,0.8836879286263055,0.8479432345359845,0.8638297915458679,8800,0.0,0.0
2024-05-02 00:00:00-04:00,0.8836879396071969,0.8836879396071969,0.834042537107282,0.8499290943145752,6600,0.0,0.0
2024-05-03 00:00:00-04:00,0.8797163335704564,0.9234043083605867,0.837021313029767,0.8836879730224609,22000,0.0,0.0
2024-05-06 00:00:00-04:00,0.9035461812110146,0.9432624578475952,0.8936170528699491,0.9432624578475952,8900,0.0,0.0
2024-05-07 00:00:00-04:00,0.9432624217732756,0.982978756072857,0.7943262717182019,0.9134752154350281,157900,0.0,0.0
2024-05-08 00:00:00-04:00,0.8836879209356491,0.9382978566135037,0.86581557404603,0.873758852481842,17500,0.0,0.0
2024-05-09 00:00:00-04:00,0.8836879689935565,0.9531915111319568,0.8836879689935565,0.888652503490448,11100,0.0,0.0
2024-05-10 00:00:00-04:00,0.8936170638583091,1.0028369443157685,0.8747518203875728,0.9293617606163025,34000,0.0,0.0
2024-05-13 00:00:00-04:00,0.9631206838738193,0.9631206838738193,0.9035462079725324,0.9104965329170227,5900,0.0,0.0
2024-05-14 00:00:00-04:00,0.9333333610958762,0.9730496957402245,0.8936170264515279,0.903546154499054,27600,0.0,0.0
2024-05-15 00:00:00-04:00,0.8936170264515279,0.903546154499054,0.8936170264515279,0.903546154499054,15100,0.0,0.0
2024-05-16 00:00:00-04:00,0.8936169834652925,0.9035461110351914,0.8529078149109454,0.8817021250724792,30200,0.0,0.0
2024-05-17 00:00:00-04:00,0.8836879575859204,0.903546154499054,0.8836879575859204,0.903546154499054,17200,0.0,0.0
2024-05-20 00:00:00-04:00,0.9204255447051044,1.1060992857208978,0.8896454431648733,0.9829787611961365,64900,0.0,0.0
2024-05-21 00:00:00-04:00,0.9531915270067404,1.0226950703026767,0.9333333886884501,0.9432624578475952,12700,0.0,0.0
2024-05-22 00:00:00-04:00,0.8936170698903112,1.0127660204332756,0.8936170698903112,0.9929078817367554,16200,0.0,0.0
2024-05-23 00:00:00-04:00,1.0127659478544235,1.0226950164911268,0.9591489653798417,1.0078014135360718,22400,0.0,0.0
2024-05-24 00:00:00-04:00,1.0425532078781996,1.1815604127348778,1.0425532078781996,1.1617021560668945,88800,0.0,0.0
2024-05-28 00:00:00-04:00,1.1815604060579394,1.1815604060579394,1.0524822710827466,1.097163200378418,33200,0.0,0.0
2024-05-29 00:00:00-04:00,1.1021276866926615,1.121985824015511,0.9829787443917296,1.082269549369812,11000,0.0,0.0
2024-05-30 00:00:00-04:00,1.0822695651095149,1.1219858403328171,1.0326241027165504,1.0624114274978638,6700,0.0,0.0
2024-05-31 00:00:00-04:00,1.0921987123493022,1.112056851387024,0.989929154268421,1.112056851387024,29000,0.0,0.0
2024-06-03 00:00:00-04:00,1.2113476180271914,1.5787235310890824,1.092198670051339,1.310638427734375,577500,0.0,0.0
2024-06-04 00:00:00-04:00,1.4297873757102273,1.4297873757102273,1.201418548892857,1.310638427734375,143200,0.0,0.0
2024-06-05 00:00:00-04:00,1.2907800674438477,1.31758864664472,1.1517729923624973,1.2907800674438477,65500,0.0,0.0
2024-06-06 00:00:00-04:00,1.2907800824771116,1.3900708853670045,1.2014184664036571,1.2709219455718994,35200,0.0,0.0
2024-06-07 00:00:00-04:00,1.2441134733399868,1.2441134733399868,1.1617020638808837,1.2063829898834229,34200,0.0,0.0
2024-06-10 00:00:00-04:00,1.2014184200015308,1.370212695540361,1.1636879376661178,1.3404254913330078,100000,0.0,0.0
2024-06-11 00:00:00-04:00,1.3702129758654527,1.3702129758654527,1.221276805994744,1.3007093667984009,23800,0.0,0.0
2024-06-12 00:00:00-04:00,1.3205673908185758,1.350354595829473,1.2123403565635202,1.2907800674438477,18700,0.0,0.0
2024-06-13 00:00:00-04:00,1.2520567082216347,1.350354552631323,1.0226949529018678,1.1815602779388428,149200,0.0,0.0
2024-06-14 00:00:00-04:00,1.1815604033833744,1.2729078151866886,0.9531915187835693,0.9531915187835693,84200,0.0,0.0
2024-06-17 00:00:00-04:00,1.0028369252270364,1.1765957527050894,0.9512057304382324,0.9512057304382324,19300,0.0,0.0
2024-06-18 00:00:00-04:00,0.9929077965872628,1.0226950020775607,0.8499290800336162,0.868794322013855,48700,0.0,0.0
2024-06-20 00:00:00-04:00,0.8717731488226803,0.8807093231527173,0.8419858813285828,0.8419858813285828,30700,0.0,0.0
2024-06-21 00:00:00-04:00,0.8419858296155326,0.9412766362550564,0.8161702625002377,0.8320567607879639,218600,0.0,0.0
2024-06-24 00:00:00-04:00,0.8340425187285517,0.9333333215404367,0.795319139957428,0.795319139957428,18100,0.0,0.0
2024-06-25 00:00:00-04:00,0.8201419073326247,0.8201419073326247,0.7476596755052639,0.7565958499908447,57300,0.0,0.0
2024-06-26 00:00:00-04:00,0.7744681311031999,0.8926241883412441,0.7744681311031999,0.8360284566879272,39300,0.0,0.0
2024-06-27 00:00:00-04:00,0.8668085891652872,0.8717731237411499,0.798297941000077,0.8717731237411499,23200,0.0,0.0
2024-06-28 00:00:00-04:00,0.8370212880487086,0.8370212880487086,0.7476596101823414,0.7645390033721924,23800,0.0,0.0
2024-07-01 00:00:00-04:00,0.7446808443266028,0.8102127434767732,0.7446808443266028,0.7943262457847595,21800,0.0,0.0
2024-07-02 00:00:00-04:00,0.7943262142581509,0.7943262142581509,0.7496453488009905,0.7546098828315735,25900,0.0,0.0
2024-07-03 00:00:00-04:00,0.7645389965108669,0.773475170135498,0.7645389965108669,0.773475170135498,7300,0.0,0.0
2024-07-05 00:00:00-04:00,0.7446809174886311,0.7744681257808538,0.7347518480578902,0.7724823355674744,48900,0.0,0.0
2024-07-08 00:00:00-04:00,0.794326231113005,0.8141843676567078,0.7446808305718332,0.8141843676567078,52500,0.0,0.0
2024-07-09 00:00:00-04:00,0.7655319625302303,0.873758883542284,0.7367375919723061,0.8340425491333008,44500,0.0,0.0
2024-07-10 00:00:00-04:00,0.8002837012579801,0.8638298124731596,0.8002837012579801,0.8370212912559509,11400,0.0,0.0
2024-07-11 00:00:00-04:00,0.8687943615858915,0.9035461620893717,0.8340425610824115,0.8936170339584351,23400,0.0,0.0
2024-07-12 00:00:00-04:00,0.9035460997705265,1.0127659098585933,0.8300709235971808,0.8965957164764404,32700,0.0,0.0
2024-07-15 00:00:00-04:00,0.8965957642944349,0.914468111795936,0.8598581742484422,0.9114893674850464,19200,0.0,0.0
2024-07-16 00:00:00-04:00,0.8747518413221742,1.112056851387024,0.84397173765009,1.112056851387024,54200,0.0,0.0
2024-07-17 00:00:00-04:00,1.1120565585662814,1.1120565585662814,0.992907637349758,1.0028367042541504,35400,0.0,0.0
2024-07-18 00:00:00-04:00,1.0326241591297958,1.0326241591297958,0.9531915451617934,0.9929078817367554,13100,0.0,0.0
2024-07-19 00:00:00-04:00,0.9730496872934412,0.9730496872934412,0.8926241236527203,0.9134752154350281,8100,0.0,0.0
2024-07-22 00:00:00-04:00,0.9432624857854423,0.9432624857854423,0.868794405704314,0.9104965329170227,9700,0.0,0.0
2024-07-23 00:00:00-04:00,0.9035461620893717,0.9035461620893717,0.8936170339584351,0.8936170339584351,3800,0.0,0.0
2024-07-24 00:00:00-04:00,0.9273759454469113,0.9273759454469113,0.8817021806382496,0.8866667151451111,7600,0.0,0.0
2024-07-25 00:00:00-04:00,0.8956029172663668,0.9243972301483154,0.8836879985659458,0.9243972301483154,3700,0.0,0.0
2024-07-26 00:00:00-04:00,0.9323403671447228,1.0425530672073364,0.8946098857850283,1.0425530672073364,46000,0.0,0.0
2024-07-29 00:00:00-04:00,1.042553171522376,1.0624114274978638,0.9889361881345343,1.0624114274978638,12000,0.0,0.0
2024-07-30 00:00:00-04:00,1.0624113282705945,1.0624113282705945,1.002836802635956,1.0326240062713623,17600,0.0,0.0
2024-07-31 00:00:00-04:00,1.0028369510850155,1.0326241591297958,0.9929078817367554,0.9929078817367554,6700,0.0,0.0
2024-08-01 00:00:00-04:00,1.0425531187801513,1.0425531187801513,0.9621276181761143,0.9730496406555176,9500,0.0,0.0
2024-08-02 00:00:00-04:00,0.9531915483425346,0.9531915483425346,0.8936170728722561,0.9184398055076599,13800,0.0,0.0
2024-08-05 00:00:00-04:00,0.8151772846804958,0.865815581581145,0.7724822662847884,0.8638297915458679,18600,0.0,0.0
2024-08-06 00:00:00-04:00,0.8479432433660824,0.8936170064722481,0.8141843981414059,0.8519148826599121,9700,0.0,0.0
2024-08-07 00:00:00-04:00,0.8390071493712198,0.8539007526994628,0.8260993361473083,0.8260993361473083,7800,0.0,0.0
2024-08-08 00:00:00-04:00,0.8409928951708283,0.8439716393523199,0.8042553067207336,0.8042553067207336,14300,0.0,0.0
2024-08-09 00:00:00-04:00,0.7992908159433393,0.8241134881973267,0.7943262814925418,0.8241134881973267,1400,0.0,0.0
2024-08-12 00:00:00-04:00,0.7943263234755922,0.8439717297894271,0.7943263234755922,0.8429787755012512,18300,0.0,0.0
2024-08-13 00:00:00-04:00,0.8310638717776158,0.9730496990796969,0.8141844191390022,0.8995745182037354,31000,0.0,0.0
2024-08-14 00:00:00-04:00,0.8638297877654719,0.8836879247590039,0.8539007192687059,0.868794322013855,21500,0.0,0.0
2024-08-15 00:00:00-04:00,0.8548936640404423,0.9214184623499503,0.8241135025633984,0.8797163367271423,21100,0.0,0.0
2024-08-16 00:00:00-04:00,0.8797162430973738,0.8797162430973738,0.8350354370167717,0.8439716100692749,24400,0.0,0.0
2024-08-19 00:00:00-04:00,0.8459574533101262,0.8936170064722481,0.833049640400659,0.8519148826599121,14400,0.0,0.0
2024-08-20 00:00:00-04:00,0.8836879919803725,0.8836879919803725,0.8380142260753526,0.8608511090278625,25300,0.0,0.0
2024-08-21 00:00:00-04:00,0.8419858291667216,0.908510684967041,0.8300709702527576,0.908510684967041,15300,0.0,0.0
2024-08-22 00:00:00-04:00,0.8370213054398844,0.8936170339584351,0.8370213054398844,0.8936170339584351,1800,0.0,0.0
2024-08-23 00:00:00-04:00,0.8836879491182958,0.8836879491182958,0.8241134773135839,0.8380141854286194,26900,0.0,0.0
2024-08-26 00:00:00-04:00,0.8330496317256563,0.8638297915458679,0.8141843896628573,0.8638297915458679,22100,0.0,0.0
2024-08-27 00:00:00-04:00,0.8489362110689976,0.853900745469712,0.8151773061258386,0.835035502910614,13600,0.0,0.0
2024-08-28 00:00:00-04:00,0.8151773065640613,0.8340425491333008,0.7992908083096191,0.8340425491333008,9200,0.0,0.0
2024-08-29 00:00:00-04:00,0.8400000160767196,0.8489361896084887,0.7764539063356758,0.7843971848487854,15100,0.0,0.0
2024-08-30 00:00:00-04:00,0.8072340840765596,0.8598581722327947,0.7992908053874198,0.8380141854286194,19600,0.0,0.0
2024-09-03 00:00:00-04:00,0.9045390639539072,0.9045390639539072,0.8270922427141519,0.8856738209724426,10600,0.0,0.0
2024-09-04 00:00:00-04:00,0.8678014359322884,0.8678014359322884,0.8151772895031187,0.8568794131278992,18500,0.0,0.0
2024-09-05 00:00:00-04:00,0.816170195946357,0.8678013851486454,0.8131914518682181,0.8439716100692749,21000,0.0,0.0
2024-09-06 00:00:00-04:00,0.8141843896628573,0.8638297915458679,0.7943262525824197,0.8638297915458679,73900,0.0,0.0
2024-09-09 00:00:00-04:00,0.9005673332805191,0.9005673332805191,0.8042552788157149,0.8439716100692749,140000,0.0,0.0
2024-09-10 00:00:00-04:00,0.8241134581627979,0.8241134581627979,0.7853900790214539,0.7853900790214539,19800,0.0,0.0
2024-09-11 00:00:00-04:00,0.7913475902398378,0.8290780782699585,0.7556028924504928,0.8290780782699585,6200,0.0,0.0
2024-09-12 00:00:00-04:00,0.8290780394856928,1.0425532027511624,0.8141844358308293,1.0226950645446777,171200,0.0,0.0
2024-09-13 00:00:00-04:00,0.9919149764850173,1.0038298950901205,0.9234043276649955,0.9333333969116211,15000,0.0,0.0
2024-09-16 00:00:00-04:00,0.9005674569483841,1.012766023812813,0.8936170728722561,0.9184398055076599,16700,0.0,0.0
2024-09-17 00:00:00-04:00,0.8956028757338006,0.9809929153235591,0.8956028757338006,0.903546154499054,14500,0.0,0.0
2024-09-18 00:00:00-04:00,0.9422695513711685,0.9422695513711685,0.8836879730224609,0.8836879730224609,2600,0.0,0.0
2024-09-19 00:00:00-04:00,0.8777304966311182,0.9680851265958521,0.8777304966311182,0.9462411403656006,1500,0.0,0.0
2024-09-20 00:00:00-04:00,0.9829787936660962,0.9829787936660962,0.9035461812110146,0.9432624578475952,22400,0.0,0.0
2024-09-23 00:00:00-04:00,0.9730496813103667,0.9829787500287308,0.8886524788404362,0.920425534248352,10000,0.0,0.0
2024-09-24 00:00:00-04:00,0.9402837286617851,0.9809928984752206,0.89858154545139,0.9234042763710022,1700,0.0,0.0
2024-09-25 00:00:00-04:00,0.8985815684329438,0.9104964866809162,0.8439716892133481,0.8936170339584351,4800,0.0,0.0
2024-09-26 00:00:00-04:00,0.9124823729549806,0.9273759769820171,0.8439717234123066,0.9214184880256653,5500,0.0,0.0
2024-09-27 00:00:00-04:00,0.884680782995113,0.923404219541023,0.884680782995113,0.9194325804710388,3000,0.0,0.0
2024-09-30 00:00:00-04:00,0.8936170946827829,0.9611348509788513,0.853900816187856,0.9611348509788513,9200,0.0,0.0
2024-10-01 00:00:00-04:00,0.9829787819299801,0.9829787819299801,0.8558865561737103,0.9571631550788879,21000,0.0,0.0
2024-10-02 00:00:00-04:00,0.8568794569417085,0.9492198824882507,0.8568794569417085,0.9492198824882507,2800,0.0,0.0
2024-10-03 00:00:00-04:00,0.9502128403698438,0.9502128403698438,0.8916312613987899,0.9452483057975769,1500,0.0,0.0
2024-10-04 00:00:00-04:00,0.9035461620893717,0.947234077301432,0.8836879650094177,0.8936170339584351,4500,0.0,0.0
2024-10-07 00:00:00-04:00,0.8638298453925136,0.9829787936660962,0.8638298453925136,0.9432624578475952,23000,0.0,0.0
2024-10-08 00:00:00-04:00,0.9234042824615865,0.9234042824615865,0.915461003780365,0.915461003780365,1100,0.0,0.0
2024-10-09 00:00:00-04:00,0.8985816045644412,0.9929078817367554,0.8985816045644412,0.9929078817367554,23000,0.0,0.0
2024-10-10 00:00:00-04:00,0.9919149349805696,0.9929078300273025,0.8906383382116062,0.9829787611961365,6000,0.0,0.0
2024-10-11 00:00:00-04:00,0.9432624661582466,0.9929078715732956,0.916453943683205,0.9333333969116211,14300,0.0,0.0
2024-10-14 00:00:00-04:00,0.9134752490259165,0.9452483057975769,0.863829844121327,0.9452483057975769,7600,0.0,0.0
2024-10-15 00:00:00-04:00,0.9283688541088775,0.9829787936660962,0.8956029022109303,0.9432624578475952,3500,0.0,0.0
2024-10-16 00:00:00-04:00,0.9432624525368193,1.027659599096299,0.9333333834335771,1.0226950645446777,14700,0.0,0.0
2024-10-17 00:00:00-04:00,0.9929078542594381,0.9929078542594381,0.933333380636595,0.9531915187835693,11100,0.0,0.0
2024-10-18 00:00:00-04:00,0.9631205876592474,0.9859574096111465,0.9164538711999508,0.9521985650062561,8500,0.0,0.0
2024-10-21 00:00:00-04:00,0.9482269611051367,0.9998581545363514,0.9432624266895537,0.9829787611961365,7500,0.0,0.0
2024-10-22 00:00:00-04:00,1.0127659168611118,1.0127659168611118,0.969078004360199,0.969078004360199,1300,0.0,0.0
2024-10-23 00:00:00-04:00,0.9889362147936592,0.9889362147936592,0.9432624497100822,0.9531915187835693,13400,0.0,0.0
2024-10-24 00:00:00-04:00,0.9343262910842896,0.9343262910842896,0.9343262910842896,0.9343262910842896,1200,0.0,0.0
2024-10-25 00:00:00-04:00,0.9929078403596046,0.9929078403596046,0.9700709581375122,0.9700709581375122,1100,0.0,0.0
2024-10-28 00:00:00-04:00,0.9929079033067189,0.9929079033067189,0.9035462180491602,0.9680852293968201,11700,0.0,0.0
2024-10-29 00:00:00-04:00,0.9730495925208873,1.0822694568205609,0.9353190519792803,1.0425530672073364,16600,0.0,0.0
2024-10-30 00:00:00-04:00,1.0425532027511624,1.0425532027511624,0.9929078572349509,1.0226950645446777,15000,0.0,0.0
2024-10-31 00:00:00-04:00,1.0723404807083874,1.082269549369812,1.000851091655061,1.082269549369812,24400,0.0,0.0
2024-11-01 00:00:00-04:00,1.082269549369812,1.0921986180312369,1.008794370256968,1.082269549369812,26300,0.0,0.0
2024-11-04 00:00:00-05:00,1.0028369840770097,1.0921987295150757,1.0028369840770097,1.0921987295150757,9500,0.0,0.0
2024-11-05 00:00:00-05:00,1.112056778948998,1.112056778948998,1.03758864404446,1.0524822473526,4200,0.0,0.0
2024-11-06 00:00:00-05:00,1.0326241931017495,1.0921987295150757,1.012766053751923,1.0921987295150757,9500,0.0,0.0
2024-11-07 00:00:00-05:00,1.121985832098621,1.121985832098621,1.0435461180899621,1.072340488433838,13100,0.0,0.0
2024-11-08 00:00:00-05:00,1.0921987295150757,1.0921987295150757,1.0524823324515757,1.0921987295150757,7300,0.0,0.0
2024-11-11 00:00:00-05:00,1.0296453652740178,1.1219858478210913,1.0296453652740178,1.0524822473526,3200,0.0,0.0
2024-11-12 00:00:00-05:00,1.1219857784689404,1.1815603063829194,1.1021276419522241,1.1418439149856567,11500,0.0,0.0
2024-11-13 00:00:00-05:00,1.1368793388235947,1.1368793388235947,1.0723403975304109,1.1170212030410767,13400,0.0,0.0
2024-11-14 00:00:00-05:00,1.0624114120469625,1.0921986180312369,1.0524822250217027,1.082269549369812,5400,0.0,0.0
2024-11-15 00:00:00-05:00,1.1120568048376986,1.1120568048376986,0.9829787881317086,1.0226950645446777,36400,0.0,0.0
2024-11-18 00:00:00-05:00,0.992907728145587,1.062411321195861,0.9432623299019252,1.0425530672073364,6900,0.0,0.0
2024-11-19 00:00:00-05:00,0.9829787652479463,1.0524822473526,0.9829787652479463,1.0524822473526,4100,0.0,0.0
2024-11-20 00:00:00-05:00,1.0326241419753306,1.0326241419753306,1.0087944232809147,1.0127660036087036,1000,0.0,0.0
2024-11-21 00:00:00-05:00,1.0326240876988533,1.082269549369812,1.0326240876988533,1.082269549369812,2800,0.0,0.0
2024-11-22 00:00:00-05:00,1.00283693442539,1.082269606255739,0.9958866096698389,1.0127660036087036,5600,0.0,0.0
2024-11-25 00:00:00-05:00,1.0425532027511624,1.0723405284247294,1.002836926338193,1.0226950645446777,53000,0.0,0.0
2024-11-26 00:00:00-05:00,1.022695072792017,1.022695072792017,0.9929078652420766,1.0127660036087036,9100,0.0,0.0
2024-11-27 00:00:00-05:00,1.0028369510850155,1.0326241591297958,0.9730497430402352,0.9929078817367554,5500,0.0,0.0
2024-11-29 00:00:00-05:00,1.0226950645446777,1.0226950645446777,0.9730497190284663,1.0226950645446777,2100,0.0,0.0
2024-12-02 00:00:00-05:00,0.9829787089590366,1.022694982173113,0.9333333082595258,0.9730496406555176,25600,0.0,0.0
2024-12-03 00:00:00-05:00,0.9929077848579627,1.022694989996382,0.9234042470197352,0.9631205797195435,7700,0.0,0.0
2024-12-04 00:00:00-05:00,0.9333333578583877,0.9929078300273025,0.9333333578583877,0.9829787611961365,3500,0.0,0.0
2024-12-05 00:00:00-05:00,0.9432624497100822,1.0226950614798995,0.9313475904946655,0.9531915187835693,5600,0.0,0.0
2024-12-06 00:00:00-05:00,1.0127660011435315,1.0226950703026767,0.917446889870202,0.9432624578475952,9200,0.0,0.0
2024-12-09 00:00:00-05:00,0.9909219872746181,0.9909219872746181,0.9134751716524876,0.9730496406555176,1900,0.0,0.0
2024-12-10 00:00:00-05:00,0.9253900299439444,0.9899290330987339,0.9253900299439444,0.9730496406555176,6100,0.0,0.0
2024-12-11 00:00:00-05:00,0.9333333969116211,0.9730497330800444,0.8936170607431977,0.9333333969116211,5900,0.0,0.0
2024-12-12 00:00:00-05:00,0.9035461834103348,1.082269606255739,0.9035461834103348,1.0127660036087036,76400,0.0,0.0
2024-12-13 00:00:00-05:00,1.0524822403282015,1.0723404963036893,0.9730496898815971,1.0624114274978638,49700,0.0,0.0
2024-12-16 00:00:00-05:00,1.062411459321487,1.062411459321487,0.9551773709698621,1.0226950645446777,35700,0.0,0.0
2024-12-17 00:00:00-05:00,1.0048227433083243,1.1319149732589722,1.0028369531074361,1.1319149732589722,99800,0.0,0.0
2024-12-18 00:00:00-05:00,1.1021275924452605,1.216311990651109,1.0425530672073364,1.0425530672073364,58500,0.0,0.0
2024-12-19 00:00:00-05:00,1.1775887140557446,1.2709220351035182,1.0921986720023964,1.1617021560668945,295600,0.0,0.0
2024-12-20 00:00:00-05:00,1.131914825504795,1.171631097793579,1.0822694851438153,1.171631097793579,71200,0.0,0.0
2024-12-23 00:00:00-05:00,1.2212767344583386,1.2212767344583386,1.0425532463911527,1.112056851387024,43900,0.0,0.0
2024-12-24 00:00:00-05:00,1.1418439613383604,1.1418439613383604,1.0097872061048094,1.082269549369812,35900,0.0,0.0
2024-12-26 00:00:00-05:00,1.0673758622098288,1.0723403961490632,0.9333332683047614,1.0326240062713623,42600,0.0,0.0
2024-12-27 00:00:00-05:00,1.082269613156768,1.082269613156768,0.9065248744365794,0.9333333969116211,42000,0.0,0.0
2024-12-30 00:00:00-05:00,0.9670920160528119,1.0475175053239165,0.9333331767414962,1.0028367042541504,67400,0.0,0.0
2024-12-31 00:00:00-05:00,1.0425532304260756,1.0425532304260756,0.9909220933914185,0.9909220933914185,17400,0.0,0.0
2025-01-02 00:00:00-05:00,1.002836802635956,1.0425530741498312,0.9929077347574871,1.0326240062713623,33200,0.0,0.0
2025-01-03 00:00:00-05:00,1.0524820387761127,1.0524820387761127,1.0028367042541504,1.0028367042541504,14100,0.0,0.0
2025-01-06 00:00:00-05:00,1.002836802635956,1.0524821420283,0.9929077347574871,1.0326240062713623,18800,0.0,0.0
2025-01-07 00:00:00-05:00,1.0177304980385988,1.0177304980385988,0.9879432916641235,0.9879432916641235,43400,0.0,0.0
2025-01-08 00:00:00-05:00,1.0127660017937048,1.0236880252213125,0.9829787942971467,1.0147517919540405,23000,0.0,0.0
2025-01-10 00:00:00-05:00,0.9730497430402352,1.0028369510850155,0.9730497430402352,0.9929078817367554,8800,0.0,0.0
2025-01-13 00:00:00-05:00,0.964113490801331,1.0326240755987506,0.964113490801331,1.0197162628173828,9700,0.0,0.0
2025-01-14 00:00:00-05:00,0.9631206079507476,1.016737649789836,0.9631206079507476,1.003829836845398,14400,0.0,0.0
2025-01-15 00:00:00-05:00,0.9879432956117196,1.0028368988584686,0.9531914955207198,0.9829787611961365,11300,0.0,0.0
2025-01-16 00:00:00-05:00,0.9730496774667882,1.0385815780946723,0.9730496774667882,1.0018439292907715,18600,0.0,0.0
2025-01-17 00:00:00-05:00,1.0177304920387407,1.0921986258997511,1.0127659576722623,1.072340488433838,14600,0.0,0.0
2025-01-21 00:00:00-05:00,1.0921988032333778,1.0921988032333778,1.0226951924539702,1.0773051977157593,7800,0.0,0.0
2025-01-22 00:00:00-05:00,1.0624114197008812,1.0822695571667944,1.0614184654820513,1.072340488433838,9600,0.0,0.0
2025-01-23 00:00:00-05:00,1.040567373797308,1.0822695571667944,1.040567373797308,1.072340488433838,16300,0.0,0.0
2025-01-24 00:00:00-05:00,1.0921986339153404,1.0921986339153404,1.0624114274978638,1.0624114274978638,13800,0.0,0.0
2025-01-27 00:00:00-05:00,1.042553224097109,1.091205734717445,1.0326241547905721,1.0693618059158325,8600,0.0,0.0
2025-01-28 00:00:00-05:00,1.0624115204903362,1.112056868864902,1.0326241931017495,1.0921987295150757,10900,0.0,0.0
2025-01-29 00:00:00-05:00,1.0643972622966362,1.1765957681881694,1.0643972622966362,1.1517730951309204,30800,0.0,0.0
2025-01-30 00:00:00-05:00,1.1517729616491872,1.1815602842296031,1.1249645015270235,1.171631097793579,13100,0.0,0.0
2025-01-31 00:00:00-05:00,1.1815604127348778,1.1815604127348778,1.1617021560668945,1.1617021560668945,4500,0.0,0.0
2025-02-03 00:00:00-05:00,1.1964540164629844,1.20141855103902,1.1617021560668945,1.1617021560668945,8100,0.0,0.0
2025-02-04 00:00:00-05:00,1.186524818265701,1.2242553006128114,1.171631097793579,1.171631097793579,12000,0.0,0.0
2025-02-05 00:00:00-05:00,1.1517731840652339,1.2321988166901738,1.1209930197520144,1.1855320930480957,13800,0.0,0.0
2025-02-06 00:00:00-05:00,1.112056715789806,1.161702057330669,1.112056715789806,1.1339006423950195,6000,0.0,0.0
2025-02-07 00:00:00-05:00,1.1021277411544674,1.1815604127348778,1.1021277411544674,1.1617021560668945,5900,0.0,0.0
2025-02-10 00:00:00-05:00,1.1120568103065387,1.1765957597950012,1.1120568103065387,1.1617021560668945,4900,0.0,0.0
2025-02-11 00:00:00-05:00,1.1021277411544674,1.1617021560668945,1.1021277411544674,1.1617021560668945,2400,0.0,0.0
2025-02-12 00:00:00-05:00,1.0822695195618777,1.1815603218052866,1.0822695195618777,1.1219857931137085,7900,0.0,0.0
2025-02-13 00:00:00-05:00,1.102127781868163,1.161702198981328,1.0921987123493022,1.112056851387024,11500,0.0,0.0
2025-02-14 00:00:00-05:00,1.092198573693866,1.1626950056737408,1.092198573693866,1.1418439149856567,9300,0.0,0.0
2025-02-18 00:00:00-05:00,1.151773038297491,1.151773038297491,1.072340488433838,1.072340488433838,15200,0.0,0.0
2025-02-19 00:00:00-05:00,1.0624115037927195,1.112056851387024,1.0624115037927195,1.112056851387024,2400,0.0,0.0
2025-02-20 00:00:00-05:00,1.092198695785836,1.1319149732589722,1.092198695785836,1.1319149732589722,2000,0.0,0.0
2025-02-21 00:00:00-05:00,1.0921987295150757,1.112056868864902,1.077305125002706,1.0921987295150757,7100,0.0,0.0
2025-02-24 00:00:00-05:00,1.0822695651095149,1.1319149091386427,1.0326241027165504,1.0624114274978638,12000,0.0,0.0
2025-02-25 00:00:00-05:00,1.091205671680921,1.091205671680921,1.0524822326040888,1.072340488433838,4400,0.0,0.0
2025-02-26 00:00:00-05:00,1.062411434588531,1.0723405034606244,0.9929078341200397,1.0524822473526,27700,0.0,0.0
2025-02-27 00:00:00-05:00,1.0226950011640714,1.0425531381398658,1.0127659326761742,1.02765953540802,6300,0.0,0.0
2025-02-28 00:00:00-05:00,1.032624127270932,1.0425531963128571,0.9929078511032314,1.030638337135315,4400,0.0,0.0
2025-03-03 00:00:00-05:00,1.0425529718717201,1.0455317156158008,0.992907637349758,1.0028367042541504,6500,0.0,0.0
2025-03-04 00:00:00-05:00,1.0028368532374359,1.0276595241861186,0.9134751786402622,0.9631205797195435,21400,0.0,0.0
2025-03-05 00:00:00-05:00,1.0226948380629353,1.0425529718717201,0.992907637349758,1.0028367042541504,3200,0.0,0.0
2025-03-06 00:00:00-05:00,1.0078012377063466,1.0078012377063466,0.9730495035409731,1.0028367042541504,1800,0.0,0.0
2025-03-07 00:00:00-05:00,0.9730497389387225,1.0326241547771704,0.9730497389387225,0.9978724122047424,2900,0.0,0.0
2025-03-10 00:00:00-04:00,0.9660993322518707,1.0028369233329253,0.933333380636595,0.9531915187835693,40600,0.0,0.0
2025-03-11 00:00:00-04:00,1.0326241053519667,1.0326241053519667,0.9482269611051367,0.9829787611961365,3300,0.0,0.0
2025-03-12 00:00:00-04:00,1.0028369363787795,1.0028369363787795,0.9363121372118457,0.9382979273796082,27300,0.0,0.0
2025-03-13 00:00:00-04:00,0.9631206553478059,0.973049724506951,0.9333333886884501,0.9432624578475952,15100,0.0,0.0
2025-03-14 00:00:00-04:00,0.943262401209196,0.943262401209196,0.93829786692772,0.9392907619476318,21800,0.0,0.0
2025-03-17 00:00:00-04:00,0.933333332646244,0.982978734642921,0.933333332646244,0.9392907619476318,20900,0.0,0.0
2025-03-18 00:00:00-04:00,0.9581560639185589,1.0524822803419576,0.9581560639185589,1.0127660036087036,10100,0.0,0.0
2025-03-19 00:00:00-04:00,1.0326241096084132,1.0524822473526,1.0127659718642266,1.0524822473526,7800,0.0,0.0
2025-03-20 00:00:00-04:00,1.0524821420283,1.0524821420283,1.0127658705144247,1.0326240062713623,4500,0.0,0.0
2025-03-21 00:00:00-04:00,1.0524821822966033,1.151772983244015,1.0425531140382454,1.1418439149856567,38000,0.0,0.0
2025-03-24 00:00:00-04:00,1.1418439149856567,1.161702051502373,1.0941843636727717,1.1418439149856567,37300,0.0,0.0
2025-03-25 00:00:00-04:00,1.1368795079431142,1.1666667160479662,1.092198695785836,1.1319149732589722,31600,0.0,0.0
2025-03-26 00:00:00-04:00,1.1418440599436064,1.161702198981328,1.0921987123493022,1.112056851387024,26600,0.0,0.0
2025-03-27 00:00:00-04:00,1.1021276104260014,1.1438296722454573,1.0028368123187907,1.1031204462051392,133600,0.0,0.0
2025-03-28 00:00:00-04:00,1.1120567397639878,1.1219858082862153,1.1021276712417603,1.1021276712417603,20800,0.0,0.0
2025-03-31 00:00:00-04:00,1.131914876808443,1.131914876808443,1.055460954496224,1.1021276712417603,10400,0.0,0.0
2025-04-01 00:00:00-04:00,1.121985824015511,1.1617020986612099,1.0425531563602781,1.082269549369812,47700,0.0,0.0
2025-04-02 00:00:00-04:00,1.0624114274978638,1.0921986339153404,1.0326241027165504,1.0624114274978638,31700,0.0,0.0
2025-04-03 00:00:00-04:00,1.062411434588531,1.0802837822310665,1.043546132713251,1.0524822473526,6200,0.0,0.0
2025-04-04 00:00:00-04:00,1.0226950916924502,1.0425532304260756,0.9373050477923242,0.9909220933914185,41300,0.0,0.0
2025-04-07 00:00:00-04:00,0.9680851627269472,1.0226950415678637,0.9432624313446119,0.977021336555481,29500,0.0,0.0
2025-04-08 00:00:00-04:00,0.9780142506492073,1.0226950614798995,0.908510707952877,0.9531915187835693,91000,0.0,0.0
2025-04-09 00:00:00-04:00,0.9482269947352454,1.0127660036087036,0.9482269947352454,1.0127660036087036,16300,0.0,0.0
2025-04-10 00:00:00-04:00,0.9909221130666961,0.9929079033067189,0.9680852293968201,0.9680852293968201,19300,0.0,0.0
2025-04-11 00:00:00-04:00,0.9581560798359234,1.0127660204332756,0.9323405113668315,0.9929078817367554,69900,0.0,0.0
2025-04-14 00:00:00-04:00,0.963120705377357,1.1418440778896417,0.963120705377357,1.0921987295150757,34000,0.0,0.0
2025-04-15 00:00:00-04:00,1.1120568152292547,1.1418440228173266,1.062411469249135,1.0832624435424805,11000,0.0,0.0
2025-04-16 00:00:00-04:00,1.0822694851438153,1.251063760734975,1.0822694851438153,1.171631097793579,57500,0.0,0.0
2025-04-17 00:00:00-04:00,1.1418439873315303,1.241134794569889,1.1418439873315303,1.2014185190200806,88600,0.0,0.0
2025-04-21 00:00:00-04:00,1.231205733898964,1.2709220097138212,1.1120567880905532,1.1914894580841064,174300,0.0,0.0
2025-04-22 00:00:00-04:00,1.1914893459581752,1.2312056180355053,1.151772955517018,1.1815602779388428,14800,0.0,0.0
2025-04-23 00:00:00-04:00,1.1815604897671428,1.2212767689647446,1.1517731620050928,1.2113476991653442,6100,0.0,0.0
2025-04-24 00:00:00-04:00,1.2312056645361853,1.3106383300547182,1.16170206741199,1.2808510065078735,240800,0.0,0.0
2025-04-25 00:00:00-04:00,1.2907802389759453,1.3007093086323873,1.191489542411524,1.2312058210372925,175800,0.0,0.0
2025-04-28 00:00:00-04:00,1.260992965951447,1.2907801734076605,1.1120568103065387,1.1617021560668945,149100,0.0,0.0
2025-04-29 00:00:00-04:00,1.2897872214173212,1.2897872214173212,1.1219857784689404,1.1418439149856567,52600,0.0,0.0
2025-04-30 00:00:00-04:00,1.1319149566851214,1.1914894903863602,1.1229788417300486,1.1517730951309204,37400,0.0,0.0
2025-05-01 00:00:00-04:00,1.1120568887015394,1.2312058452896988,1.1120568887015394,1.136879563331604,15700,0.0,0.0
2025-05-02 00:00:00-04:00,1.131914825504795,1.1756027960407542,1.1170212233965011,1.171631097793579,32000,0.0,0.0
2025-05-05 00:00:00-04:00,1.1914895078325198,1.2123404824876103,1.1319149732589722,1.1319149732589722,7600,0.0,0.0
2025-05-06 00:00:00-04:00,1.1815604384642358,1.1815604384642358,1.092198695785836,1.1319149732589722,16100,0.0,0.0
2025-05-07 00:00:00-04:00,1.1120567633656644,1.1120567633656644,1.0524822326040888,1.072340488433838,28800,0.0,0.0
2025-05-08 00:00:00-04:00,1.052482163582975,1.1458155929341574,1.052482163582975,1.0872340202331543,17400,0.0,0.0
2025-05-09 00:00:00-04:00,1.1319148467272986,1.1815603063829194,1.0624113689187917,1.1418439149856567,20900,0.0,0.0
2025-05-12 00:00:00-04:00,1.1021276946327077,1.1090780190730103,1.0624114197008812,1.072340488433838,30700,0.0,0.0
2025-05-13 00:00:00-04:00,1.0773050150390997,1.0921986180312369,1.0425531563602781,1.082269549369812,27600,0.0,0.0
2025-05-14 00:00:00-04:00,1.0524822473526,1.0713475492278801,1.0425531784805067,1.0524822473526,25900,0.0,0.0
2025-05-15 00:00:00-04:00,1.0624115204903362,1.0921987295150757,1.0524823324515757,1.0921987295150757,17200,0.0,0.0
2025-05-16 00:00:00-04:00,1.131914948610681,1.2351773388105256,1.0921986720023964,1.1617021560668945,121100,0.0,0.0
2025-05-19 00:00:00-04:00,1.1855320015070838,1.1934752805581719,1.1031205849204078,1.1517730951309204,26800,0.0,0.0
2025-05-20 00:00:00-04:00,1.1368794831867166,1.1865249473109132,1.131914948610681,1.1617021560668945,12700,0.0,0.0
2025-05-21 00:00:00-04:00,1.1716312507321083,1.1716312507321083,1.121985903890688,1.1319149732589722,3400,0.0,0.0
2025-05-22 00:00:00-04:00,1.290780057224859,1.290780057224859,1.1219857784689404,1.1418439149856567,9800,0.0,0.0
2025-05-23 00:00:00-04:00,1.141844089380163,1.1468086242675781,1.1219859498305014,1.1468086242675781,11600,0.0,0.0
2025-05-27 00:00:00-04:00,1.1914894063056416,1.2212766118723244,0.9690780228436942,1.1021276712417603,74600,0.0,0.0
2025-05-28 00:00:00-04:00,1.1219858403328171,1.1219858403328171,1.020709243822327,1.0624114274978638,40600,0.0,0.0
2025-05-29 00:00:00-04:00,1.1219860142686144,1.136879619786233,1.0326242627990492,1.0773051977157593,23800,0.0,0.0
2025-05-30 00:00:00-04:00,1.1070923340274454,1.1319150082147285,1.0524823324515757,1.0921987295150757,32100,0.0,0.0
2025-06-02 00:00:00-04:00,1.0822696428304412,1.112056851387024,1.0822696428304412,1.112056851387024,7000,0.0,0.0
2025-06-03 00:00:00-04:00,1.0822695571667944,1.1120567633656644,1.0524822326040888,1.072340488433838,8600,0.0,0.0
2025-06-04 00:00:00-04:00,1.0921986412048112,1.1219858478210913,1.0236879949690643,1.0524822473526,20000,0.0,0.0
2025-06-05 00:00:00-04:00,1.0524822934036457,1.0921986889936357,1.0326241547905721,1.0693618059158325,6200,0.0,0.0
2025-06-06 00:00:00-04:00,1.0514892992567462,1.067375855102036,1.0425530672073364,1.0425530672073364,2000,0.0,0.0
2025-06-09 00:00:00-04:00,1.0673759081719998,1.0872340447840467,1.0425531190431105,1.0534751415252686,4400,0.0,0.0
2025-06-10 00:00:00-04:00,1.0812766108833975,1.0921986339153404,1.0524822403282015,1.0624114274978638,8200,0.0,0.0
2025-06-11 00:00:00-04:00,1.0822695341973052,1.151773013852898,1.06241139715285,1.1021276712417603,20000,0.0,0.0
2025-06-12 00:00:00-04:00,1.121985824015511,1.1438297513978783,1.082269549369812,1.082269549369812,8900,0.0,0.0
2025-06-13 00:00:00-04:00,1.102127781868163,1.1517731294624673,1.102127781868163,1.112056851387024,17800,0.0,0.0
2025-06-16 00:00:00-04:00,1.161702198981328,1.161702198981328,1.1100710611560207,1.112056851387024,36500,0.0,0.0
2025-06-17 00:00:00-04:00,1.1269504220736717,1.16170216435382,1.121985887462222,1.1517730951309204,15700,0.0,0.0
2025-06-18 00:00:00-04:00,1.156737621490859,1.170638389322063,1.131914948610681,1.1617021560668945,10800,0.0,0.0
2025-06-20 00:00:00-04:00,1.1914895176920859,1.2709220732956619,1.1517731215264533,1.2609930038452148,64900,0.0,0.0
2025-06-23 00:00:00-04:00,1.2510638086666874,1.2709219455718994,1.242127694404875,1.2709219455718994,14800,0.0,0.0
2025-06-24 00:00:00-04:00,1.290780257560548,1.290780257560548,1.1815604897671428,1.2113476991653442,36800,0.0,0.0
2025-06-25 00:00:00-04:00,1.206383164265644,1.2560285132626463,1.1914895595665431,1.2113476991653442,21900,0.0,0.0
2025-06-26 00:00:00-04:00,1.2460994081502297,1.2609930124272628,1.2113476648371522,1.2510639429092407,11200,0.0,0.0
2025-06-27 00:00:00-04:00,1.280850914272014,1.280850914272014,1.2312055758753557,1.2411346435546875,11500,0.0,0.0
2025-06-30 00:00:00-04:00,1.2550689988588064,1.3038384363167013,1.2540736557888104,1.2918949127197266,21900,0.003,0.0
2025-07-01 00:00:00-04:00,1.3237444561533334,1.4033681043349147,1.2889089914252967,1.2938854694366455,89000,0.0,0.0
2025-07-02 00:00:00-04:00,1.3536032206518072,1.731815876521534,1.3536032206518072,1.6521921157836914,746800,0.0,0.0
2025-07-03 00:00:00-04:00,1.7218629317524905,1.8711573802281531,1.4919493790621854,1.5825214385986328,360400,0.0,0.0
2025-07-07 00:00:00-04:00,1.572568532070359,1.6322862658541066,1.2242147290527277,1.393415093421936,446800,0.0,0.0
2025-07-08 00:00:00-04:00,1.3635562526768898,1.3934151201413214,1.3058290851826038,1.3436503410339355,71500,0.0,0.0
2025-07-09 00:00:00-04:00,1.3565891178216332,1.458109355421105,1.3336972972129566,1.4511421918869019,52700,0.0,0.0
2025-07-10 00:00:00-04:00,1.50289782630731,1.531761470789979,1.3436504067290025,1.3536033630371094,113900,0.0,0.0
2025-07-11 00:00:00-04:00,1.3038383861431377,1.343650327682026,1.273979518975415,1.3237444162368774,110500,0.0,0.0
2025-07-14 00:00:00-04:00,1.2839325385054285,1.4272552978709374,1.2839325385054285,1.3336974382400513,24600,0.0,0.0
2025-07-15 00:00:00-04:00,1.3038383722305298,1.3406644029299752,1.2938854166141585,1.3038383722305298,25200,0.0,0.0
2025-07-16 00:00:00-04:00,1.3137914299964903,1.3436502964706272,1.184402889959976,1.194355845451355,73800,0.0,0.0
2025-07-17 00:00:00-04:00,1.1943558590391916,1.3088149671408054,1.17444982918138,1.214261770248413,48900,0.0,0.0
2025-07-18 00:00:00-04:00,1.1943558129397305,1.3406643495991988,1.1943558129397305,1.3137913942337036,208500,0.0,0.0
2025-07-21 00:00:00-04:00,1.3137913882681833,1.3635561641444618,1.2242146730422974,1.2242146730422974,118900,0.0,0.0
2025-07-22 00:00:00-04:00,1.2441207101639427,1.5038931514645362,1.2341677539745188,1.423274040222168,314300,0.0,0.0
2025-07-23 00:00:00-04:00,1.413320947302711,1.552662439122816,1.3436502607169512,1.4382034540176392,190200,0.0,0.0
2025-07-24 00:00:00-04:00,1.4033679817250118,1.473038786445469,1.3436502508062635,1.3834620714187622,56200,0.0,0.0
2025-07-25 00:00:00-04:00,1.383462150572323,1.4033680620174713,1.273979518975415,1.3237444162368774,38300,0.0,0.0
2025-07-28 00:00:00-04:00,1.313791525805641,1.4083446098690895,1.313791525805641,1.3336974382400513,32100,0.0,0.0
2025-07-29 00:00:00-04:00,1.35360337504142,1.423274069816036,1.35360337504142,1.3735092878341675,12600,0.0,0.0
2025-07-30 00:00:00-04:00,1.3436502508062635,1.4033679817250118,1.323744340500014,1.3834620714187622,54100,0.0,0.0
2025-07-31 00:00:00-04:00,1.3536032151154995,1.3834620807768465,1.3137913942337036,1.3137913942337036,11900,0.0,0.0
2025-08-01 00:00:00-04:00,1.313791473569504,1.3635562526768898,1.2739795316350029,1.3436503410339355,22300,0.0,0.0
2025-08-04 00:00:00-04:00,1.3137914694920498,1.4232739831885113,1.2739795276811083,1.400382161140442,41200,0.0,0.0
2025-08-05 00:00:00-04:00,1.4133211045938066,1.4332271359108448,1.3954057594624911,1.4083446264266968,13200,0.0,0.0
2025-08-06 00:00:00-04:00,1.412325690415284,1.5228035383427803,1.4083444372272855,1.4899587631225586,19100,0.0,0.0
2025-08-07 00:00:00-04:00,1.5028977394104004,1.5108601277262237,1.4531329607472447,1.5028977394104004,20300,0.0,0.0
2025-08-08 00:00:00-04:00,1.5128507908365394,1.5128507908365394,1.4630860090255737,1.4630860090255737,20800,0.0,0.0
2025-08-11 00:00:00-04:00,1.492944937828409,1.6521923646418304,1.4531331107872045,1.6392534971237183,60300,0.0,0.0
2025-08-12 00:00:00-04:00,1.791533650264274,1.8054678591470807,1.5228036145894919,1.622333288192749,216900,0.0,0.0
2025-08-13 00:00:00-04:00,1.5924743794965421,1.6123802899598538,1.5128506189947102,1.5626155138015747,37200,0.0,0.0
2025-08-14 00:00:00-04:00,1.5725684690332304,1.5944649468131562,1.522803574226366,1.5626155138015747,46700,0.0,0.0
2025-08-15 00:00:00-04:00,1.562615593386117,1.6024274163403698,1.5526625189989622,1.5924744606018066,36000,0.0,0.0
2025-08-18 00:00:00-04:00,1.542709498662826,1.6064084839115305,1.542709498662826,1.5825214385986328,13000,0.0,0.0
2025-08-19 00:00:00-04:00,1.5636106859965158,1.6054131914944212,1.5526623881473345,1.572568416595459,5700,0.0,0.0
2025-08-20 00:00:00-04:00,1.5526625685101827,1.592474511382548,1.54270961245424,1.5606249570846558,9300,0.0,0.0
2025-08-21 00:00:00-04:00,1.552662499861314,1.612380352205221,1.547686022053371,1.6074038743972778,11800,0.0,0.0
2025-08-22 00:00:00-04:00,1.6024274174536155,1.8641904145865829,1.6024274174536155,1.7716277837753296,638900,0.0,0.0
2025-08-25 00:00:00-04:00,1.7517220074219757,1.9607343314985684,1.7109148382579875,1.9010164737701416,224100,0.0,0.0
2025-08-26 00:00:00-04:00,1.9010162501073822,1.9308752347828577,1.7019570246128708,1.796510100364685,89100,0.0,0.0
2025-08-27 00:00:00-04:00,1.861204518274512,2.0204519300606982,1.801486664699322,1.9706871509552002,71500,0.0,0.0
2025-08-28 00:00:00-04:00,2.010498857511828,2.119981602484638,1.9856164694037282,2.0602636337280273,106700,0.0,0.0
2025-08-29 00:00:00-04:00,2.1398879168491596,2.3090881879187486,2.040358108334538,2.229464530944824,170300,0.0,0.0
2025-09-02 00:00:00-04:00,2.239417209145007,2.3289938120838203,2.070216721852285,2.080169677734375,177100,0.0,0.0
2025-09-03 00:00:00-04:00,2.040357581488547,2.1896521370621387,1.9905928087297342,2.179699182510376,153500,0.0,0.0
2025-09-04 00:00:00-04:00,2.1697462757648047,2.1946285440438666,2.0104987621307373,2.0104987621307373,48200,0.0,0.0
2025-09-05 00:00:00-04:00,1.9806398978175672,2.0503105812149642,1.9706869430465104,2.0104987621307373,33500,0.0,0.0
2025-09-08 00:00:00-04:00,2.0005460182558727,2.010498974076163,1.8711574739435035,1.881110429763794,133500,0.0,0.0
2025-09-09 00:00:00-04:00,1.8910634263114308,1.989597762243571,1.8432892136154169,1.8512516021728516,51700,0.0,0.0
2025-09-10 00:00:00-04:00,1.950781374985264,2.0403579836050034,1.8781246500598214,1.9010164737701416,49400,0.0,0.0
2025-09-11 00:00:00-04:00,1.9010162880988826,1.910969243640087,1.8562279881634627,1.8910633325576782,19300,0.0,0.0
2025-09-12 00:00:00-04:00,1.9607343227441243,1.9856167139162884,1.8711575958757338,1.9358519315719604,27300,0.0,0.0
2025-09-15 00:00:00-04:00,1.8910634391746008,1.930875382232579,1.861204570867564,1.8711575269699097,56200,0.0,0.0
2025-09-16 00:00:00-04:00,1.8512516125197171,1.970687204251589,1.821392744248898,1.960734248161316,42100,0.0,0.0
2025-09-17 00:00:00-04:00,1.9408283359807699,1.9975601619656072,1.9109693490613553,1.960734248161316,25100,0.0,0.0
2025-09-18 00:00:00-04:00,1.9607342080916368,2.000546031639132,1.9109693100086744,1.9905930757522583,29700,0.0,0.0
2025-09-19 00:00:00-04:00,1.9507812388860521,2.328993797302246,1.9408282830671308,2.328993797302246,244500,0.0,0.0
2025-09-22 00:00:00-04:00,2.2692763148722412,2.2692763148722412,2.1100287667541644,2.149840831756592,54800,0.0,0.0
2025-09-23 00:00:00-04:00,2.11998171290655,2.2772385563189634,2.1000755640860627,2.2195112705230713,24200,0.0,0.0
2025-09-24 00:00:00-04:00,2.209558595402306,2.309088165660296,2.1398878962217127,2.189652681350708,65800,0.0,0.0
2025-09-25 00:00:00-04:00,2.139887364303326,2.2901771441429477,2.1000753087991217,2.179699182510376,47400,0.0,0.0
2025-09-26 00:00:00-04:00,2.1548171915711385,2.1996056163881126,2.1299349179039835,2.149840831756592,10600,0.0,0.0
2025-09-29 00:00:00-04:00,2.1299349179039835,2.212544484122029,2.1209771854811468,2.149840831756592,19200,0.0,0.0
2025-09-30 00:00:00-04:00,2.1428638329775738,2.1857210906269473,2.073096005302314,2.1129631996154785,32300,0.003,0.0
2025-10-01 00:00:00-04:00,2.182730860699069,2.192697658516668,2.0980129604358737,2.1727640628814697,24300,0.0,0.0
2025-10-02 00:00:00-04:00,2.1926978248134654,2.291369201979213,2.167780709566122,2.22758150100708,18100,0.0,0.0
2025-10-03 00:00:00-04:00,2.272432202470901,2.431901216506958,2.2524986054197966,2.431901216506958,28000,0.0,0.0
2025-10-06 00:00:00-04:00,2.4518348825564837,2.9701088957246737,2.4199410313262857,2.860473871231079,251900,0.0,0.0
2025-10-07 00:00:00-04:00,3.0000092684826187,3.0000092684826187,2.7946929295449254,2.874427556991577,63300,0.0,0.0
2025-10-08 00:00:00-04:00,2.9402084431157345,3.259146236440754,2.8505070179485066,3.0797436237335205,111600,0.0,0.0
2025-10-09 00:00:00-04:00,3.1594782392610172,3.2890466208111517,3.0109726314920127,3.169445037841797,55200,0.0,0.0
2025-10-10 00:00:00-04:00,3.2491794378251977,3.2491794378251977,3.039876429271296,3.0797436237335205,63300,0.0,0.0
2025-10-13 00:00:00-04:00,3.119611211315377,3.159478407764723,2.880407794992066,3.1096441745758057,133600,0.0,0.0
2025-10-14 00:00:00-04:00,3.3687813757794967,4.744201058234481,3.2790799474984653,3.8870553970336914,842200,0.0,0.0
2025-10-15 00:00:00-04:00,3.9867231951351,3.996690231245069,3.2192789990817707,3.4385488033294678,265700,0.0,0.0
2025-10-16 00:00:00-04:00,3.3887146323013693,3.666788366601358,2.8305732338046115,2.9501750469207764,139900,0.0,0.0
2025-10-17 00:00:00-04:00,2.900341433377855,3.2491796447672407,2.8604739987492285,3.094694137573242,35500,0.0,0.0
2025-10-20 00:00:00-04:00,3.5880509106672496,4.275760743793761,3.4584825256935865,4.0166239738464355,657600,0.0,0.0
2025-10-21 00:00:00-04:00,3.857154776227698,3.98572679220374,2.7907063330452395,3.0099761486053467,391500,0.0,0.0
2025-10-22 00:00:00-04:00,2.940208519255862,3.069776904613416,2.831570340244821,2.9103081226348877,72300,0.0,0.0
2025-10-23 00:00:00-04:00,2.9402085885749654,3.124594490898382,2.881404402545832,2.970108985900879,38500,0.0,0.0
2025-10-24 00:00:00-04:00,2.970108809480016,3.1196110248565674,2.9103080183802836,3.1196110248565674,64300,0.0,0.0
2025-10-27 00:00:00-04:00,3.0697768837850075,3.1485146656408394,2.860473871231079,2.860473871231079,88700,0.0,0.0
2025-10-28 00:00:00-04:00,2.9302416874642585,3.7275863012813235,2.870440894894105,3.3189470767974854,118300,0.0,0.0
2025-10-29 00:00:00-04:00,3.428582004790357,3.578083982029134,3.159478208133339,3.2093122005462646,91200,0.0,0.0
2025-10-30 00:00:00-04:00,3.1694451545569304,3.1993455514003544,2.9900425358691565,3.099677324295044,48200,0.0,0.0
2025-10-31 00:00:00-04:00,3.079743928596424,3.1574851080696713,3.029909930585591,3.13954496383667,44900,0.0,0.0
2025-11-03 00:00:00-05:00,3.318947070845628,3.7375530933404733,3.2890466746141716,3.5481836795806885,130000,0.0,0.0
2025-11-04 00:00:00-05:00,3.4784159761444404,3.522269841676873,3.3189469637613076,3.3887147903442383,58700,0.0,0.0
2025-11-05 00:00:00-05:00,3.418615564250619,3.473432842830818,3.308980531835733,3.368781566619873,21400,0.0,0.0
2025-11-06 00:00:00-05:00,3.318947109533006,3.3936982197965984,3.1853920523344907,3.2790799140930176,26000,0.0,0.0
2025-11-07 00:00:00-05:00,3.2192793361003895,3.4285823637767687,3.189378937521942,3.368781566619873,37700,0.0,0.0
2025-11-10 00:00:00-05:00,3.458482561670592,3.478416159566208,3.079743726399428,3.099677324295044,61700,0.0,0.0
2025-11-11 00:00:00-05:00,3.1295779801207,3.4385489872382733,3.124594461799175,3.2890467643737793,27700,0.0,0.0
2025-11-12 00:00:00-05:00,3.368781288471747,3.4086484832846535,3.239212667702576,3.269113063812256,10400,0.0,0.0
2025-11-13 00:00:00-05:00,3.324927189564566,3.324927189564566,3.0029993295289596,3.0398764610290527,49500,0.0,0.0
2025-11-14 00:00:00-05:00,2.8006730973974205,3.009976111371468,2.8006730973974205,2.9103081226348877,28100,0.0,0.0
2025-11-17 00:00:00-05:00,2.9103081028884734,3.0647936031956045,2.830573474812979,2.860473871231079,30700,0.0,0.0
2025-11-18 00:00:00-05:00,2.830573287558486,3.2392124868270837,2.820606489411799,3.0747601985931396,24200,0.0,0.0
2025-11-19 00:00:00-05:00,3.0897105587573233,3.2093123850515446,2.8405403447405315,3.059810161590576,88200,0.0,0.0
2025-11-20 00:00:00-05:00,3.059810105739758,3.249179521966489,2.9103081226348877,2.9103081226348877,20900,0.0,0.0
2025-11-21 00:00:00-05:00,2.910308077673215,3.1774184259369695,2.910308077673215,3.0398764610290527,19900,0.0,0.0
2025-11-24 00:00:00-05:00,2.900341400939516,3.0697769863003947,2.0232621262095543,2.0431957244873047,247600,0.0,0.0
2025-11-25 00:00:00-05:00,2.1926979079213615,2.940208542147242,1.903660381894096,2.197681188583374,545800,0.0,0.0
2025-11-26 00:00:00-05:00,2.1528307383954868,2.421934550991518,2.023262112820313,2.272432327270508,60200,0.0,0.0
2025-11-28 00:00:00-05:00,2.262465472432861,2.3551567252890933,2.2425318747783427,2.2754223346710205,11500,0.0,0.0
2025-12-01 00:00:00-05:00,2.326253234724565,2.421934553447037,2.2325651332423577,2.4119677543640137,32300,0.0,0.0
2025-12-02 00:00:00-05:00,2.352166591670277,2.392034023416571,2.202664613723755,2.202664613723755,57300,0.0,0.0
2025-12-03 00:00:00-05:00,2.2425317764282227,2.3850570171700585,2.2425317764282227,2.2425317764282227,10400,0.0,0.0
2025-12-04 00:00:00-05:00,2.2325649525504847,2.6212705605831133,2.1827309611686645,2.5116355419158936,75600,0.0,0.0
2025-12-05 00:00:00-05:00,2.441868113668106,2.5176158330474623,2.207647982415826,2.3122994899749756,44800,0.0,0.0
2025-12-08 00:00:00-05:00,2.3621333571099967,2.4069840686792707,2.2325649780380745,2.2425317764282227,32700,0.0,0.0
2025-12-09 00:00:00-05:00,2.321269586534273,2.4418680150325103,2.262465403945349,2.431901216506958,16900,0.0,0.0
2025-12-10 00:00:00-05:00,2.4618016443971227,2.5216024363353786,2.3421998228933862,2.3920340538024902,41300,0.0,0.0
2025-12-11 00:00:00-05:00,2.3721006081762077,2.531569396875624,2.3122995747866875,2.4219346046447754,22200,0.0,0.0
2025-12-12 00:00:00-05:00,2.4119678053510616,2.6013369919316185,2.371103761907769,2.4219346046447754,19200,0.0,0.0
2025-12-15 00:00:00-05:00,2.372100405081354,2.5016687848062245,2.372100405081354,2.3820672035217285,21900,0.0,0.0
2025-12-16 00:00:00-05:00,2.3920341561979668,2.503662400978723,2.3920341561979668,2.4119677543640137,18000,0.0,0.0
2025-12-17 00:00:00-05:00,2.449841495828609,2.5305727347401628,2.40200095528099,2.4119677543640137,40600,0.0,0.0
2025-12-18 00:00:00-05:00,2.456818460301982,2.461801979121377,2.362133741378784,2.362133741378784,22800,0.0,0.0
2025-12-19 00:00:00-05:00,2.362133378784667,2.3920340118566927,2.292365789413452,2.292365789413452,11400,0.0,0.0
2025-12-22 00:00:00-05:00,2.3521666587496837,2.5016688785869516,2.3521666587496837,2.491702079772949,47100,0.0,0.0
2025-12-23 00:00:00-05:00,2.4917020983172793,2.621270721490848,2.4817352994290993,2.5415360927581787,20200,0.0,0.0
2025-12-24 00:00:00-05:00,2.631237551174265,2.910308160936694,2.606320434848578,2.8066532611846924,38700,0.0,0.0
2025-12-26 00:00:00-05:00,2.7907063800989658,2.8804078102111816,2.626254075062885,2.8804078102111816,56600,0.0,0.0
2025-12-29 00:00:00-05:00,2.790706347650003,2.940208571013867,2.730905553355351,2.9202749729156494,33400,0.0,0.0
2025-12-30 00:00:00-05:00,2.9701089526175513,3.0398765455961936,2.7907063330452395,3.0099761486053467,18400,0.0,0.0
2025-12-31 00:00:00-05:00,3.0428990367841937,3.082805871963501,2.8932484048617906,3.082805871963501,35300,0.003,0.0
2026-01-02 00:00:00-05:00,3.207514937836338,3.2324568294317193,2.993015573997388,3.072829246520996,22200,0.0,0.0
2026-01-05 00:00:00-05:00,3.2204848031888282,3.2204848031888282,3.0029923947545916,3.1725966930389404,31300,0.0,0.0
2026-01-06 00:00:00-05:00,3.1875617085824612,3.2424337306256037,3.1626200533726845,3.1925501823425293,11000,0.0,0.0
2026-01-07 00:00:00-05:00,3.153640847207635,3.8909204533106645,3.153640847207635,3.7711997032165527,123100,0.0,0.0
2026-01-08 00:00:00-05:00,3.8709669447132544,3.8709669447132544,3.3422006477166795,3.4120378494262695,62200,0.0,0.0
2026-01-09 00:00:00-05:00,3.461921508613803,3.6654465716478475,3.4100425243377686,3.4100425243377686,9100,0.0,0.0
2026-01-12 00:00:00-05:00,3.4718982197138573,3.5118050575256348,3.252410373885566,3.5118050575256348,24600,0.0,0.0
2026-01-13 00:00:00-05:00,3.5517119248712348,3.621549129486084,3.372131153224955,3.621549129486084,32100,0.0,0.0
2026-01-14 00:00:00-05:00,3.541735075887946,3.631525696039312,3.481874821029374,3.581641912460327,7100,0.0,0.0
2026-01-15 00:00:00-05:00,3.6115720726876845,3.7412695305892645,3.402061178780035,3.6913859844207764,22800,0.0,0.0
2026-01-16 00:00:00-05:00,3.651479040074503,4.190221560710097,3.5696699316192655,4.16029167175293,112200,0.0,0.0
2026-01-20 00:00:00-05:00,4.160291665829526,4.419686097906022,3.8510132133959263,4.075489521026611,101400,0.0,0.0
2026-01-21 00:00:00-05:00,4.240105673806457,4.240105673806457,3.9507808541225327,3.980710983276367,21100,0.0,0.0
2026-01-22 00:00:00-05:00,4.0804782607479595,4.100431679902327,3.89092054091795,3.9308273792266846,31200,0.0,0.0
2026-01-23 00:00:00-05:00,3.9408038766961146,4.405718803405762,3.930827167655912,4.405718803405762,43800,0.0,0.0
2026-01-26 00:00:00-05:00,4.529430505289992,4.988359629238056,4.240105684852348,4.289989471435547,61200,0.0,0.0
2026-01-27 00:00:00-05:00,4.27003613033942,4.515463242118621,4.250082710485234,4.4496169090271,41200,0.0,0.0
2026-01-28 00:00:00-05:00,4.509477112249274,4.5992677383348175,4.299965968534372,4.399733066558838,51900,0.0,0.0
2026-01-29 00:00:00-05:00,4.459592798079309,4.53940694278885,4.240105208377302,4.519453525543213,32500,0.0,0.0
2026-01-30 00:00:00-05:00,4.549384019745573,4.549384019745573,4.100431834033157,4.110408306121826,36200,0.0,0.0
2026-02-02 00:00:00-05:00,4.100431834033157,4.389756660510413,4.0505480464086405,4.110408306121826,40900,0.0,0.0
2026-02-03 00:00:00-05:00,4.100431475372547,4.3298960220655855,4.100431475372547,4.210175037384033,10700,0.0,0.0
2026-02-04 00:00:00-05:00,4.3598258505574075,4.3598258505574075,4.150314724949202,4.16029167175293,9100,0.0,0.0
2026-02-05 00:00:00-05:00,4.200198557720217,4.250082340881118,4.040571212768555,4.040571212768555,27900,0.0,0.0
2026-02-06 00:00:00-05:00,4.040571245219699,4.339872519407851,4.0136336786020985,4.150314807891846,11000,0.0,0.0
2026-02-09 00:00:00-05:00,4.130361529632127,4.369803032826747,4.130361529632127,4.190221786499023,15700,0.0,0.0
2026-02-10 00:00:00-05:00,4.060524841593592,4.160291937365429,3.89092054091795,3.9308273792266846,18600,0.0,0.0
2026-02-11 00:00:00-05:00,3.9906874070906904,3.9906874070906904,3.8909203170588254,3.9008970260620117,11100,0.0,0.0
2026-02-12 00:00:00-05:00,3.8510134167892587,3.975722403882821,3.5118050575256348,3.5118050575256348,19200,0.0,0.0
2026-02-13 00:00:00-05:00,3.7462579294492477,3.930827165524678,3.696374146411775,3.870966911315918,21000,0.0,0.0
2026-02-17 00:00:00-05:00,3.9906874796578298,3.9906874796578298,3.8609900223944655,3.9208505153656006,8600,0.0,0.0
2026-02-18 00:00:00-05:00,3.930827165524678,3.9807107106986446,3.804122746705647,3.870966911315918,10700,0.0,0.0
2026-02-19 00:00:00-05:00,3.9138667473159416,4.110407889675288,3.9008970019057636,3.960757255554199,20800,0.0,0.0
2026-02-20 00:00:00-05:00,3.9108740017028274,4.031592117512716,3.9108740017028274,3.9258389472961426,7300,0.0,0.0
2026-02-23 00:00:00-05:00,3.8809436709187186,3.9557688707228746,3.641502413100295,3.751246213912964,25100,0.0,0.0
2026-02-24 00:00:00-05:00,3.7412695244943293,3.890920400619507,3.7412695244943293,3.890920400619507,3900,0.0,0.0
2026-02-25 00:00:00-05:00,3.880943559988889,4.1602916464818,3.8210830688476562,3.8210830688476562,14900,0.0,0.0
2026-02-26 00:00:00-05:00,3.791153248146227,4.020618046621818,3.791153248146227,3.841036796569824,12000,0.0,0.0
2026-02-27 00:00:00-05:00,3.791153025209065,3.929829353030919,3.791153025209065,3.8111064434051514,2000,0.0,0.0
2026-03-02 00:00:00-05:00,3.9108739600723172,4.039573347113524,3.8011299168597774,3.9308273792266846,6400,0.0,0.0
2026-03-03 00:00:00-05:00,3.9607574801971026,4.045559392077024,3.9408040611825896,3.990687608718872,10000,0.0,0.0
2026-03-04 00:00:00-05:00,3.9926827420154907,4.319919189035119,3.8410366648622283,4.14033842086792,14600,0.0,0.0
2026-03-05 00:00:00-05:00,4.095443140082582,4.250082492828369,4.095443140082582,4.250082492828369,12000,0.0,0.0
2026-03-06 00:00:00-05:00,4.250082715620547,4.3199194473310545,4.190221980258603,4.280012607574463,14400,0.0,0.0
2026-03-09 00:00:00-04:00,4.28001226457022,4.28001226457022,4.0016620082161865,4.150314807891846,14300,0.0,0.0
2026-03-10 00:00:00-04:00,4.260059193268317,4.289989560988437,4.100431834033157,4.110408306121826,13900,0.0,0.0
2026-03-11 00:00:00-04:00,4.120385142389135,4.130361614207718,4.000664626203878,4.010641098022461,6900,0.0,0.0
2026-03-12 00:00:00-04:00,4.210175217878515,4.210175217878515,3.990687608718872,3.990687608718872,10000,0.0,0.0
2026-03-13 00:00:00-04:00,4.140338443945942,4.150314915480659,3.9108738899230957,3.9108738899230957,10700,0.0,0.0
2026-03-16 00:00:00-04:00,3.910873858319885,3.9577643683263073,3.8011298179626465,3.8011298179626465,4900,0.0,0.0
2026-03-17 00:00:00-04:00,4.05054783553467,4.070501254400278,3.880943775177002,3.880943775177002,6700,0.0,0.0
2026-03-18 00:00:00-04:00,3.9906874927939513,3.9906874927939513,3.890920400619507,3.890920400619507,6900,0.0,0.0
2026-03-19 00:00:00-04:00,3.8011299578309465,3.930827421595821,3.8011299578309465,3.841036796569824,3400,0.0,0.0
2026-03-20 00:00:00-04:00,3.9108739580426897,4.082473457826602,3.4220147132873535,3.4220147132873535,30300,0.0,0.0
2026-03-23 00:00:00-04:00,3.541735242351306,3.9008972641105513,3.541735242351306,3.5616886615753174,14900,0.0,0.0
2026-03-24 00:00:00-04:00,3.511804999922447,3.8111065164649323,3.461921453475952,3.461921453475952,8000,0.0,0.0
2026-03-25 00:00:00-04:00,3.431991306194426,3.431991306194426,3.322247266769409,3.322247266769409,10600,0.0,0.0
2026-03-26 00:00:00-04:00,3.2823405265808105,3.312270655161556,3.2823405265808105,3.2823405265808105,4200,0.0,0.0
2026-03-27 00:00:00-04:00,3.262386956628072,3.5267701036577845,2.0951108066527686,2.304621934890747,273400,0.0,0.0
2026-03-30 00:00:00-04:00,2.4842031297759104,2.4842031297759104,2.391419704440931,2.4243428707122803,34100,0.0,0.0
2026-03-31 00:00:00-04:00,2.387383343706486,3.006704404340091,2.387383343706486,2.9667482376098633,72000,0.003,0.0
2026-04-01 00:00:00-04:00,2.9567591959273063,2.996715362657534,2.7869452491663003,2.9667482376098633,31200,0.0,0.0
2026-04-02 00:00:00-04:00,2.876846882774947,3.096605801342509,2.7469891018274826,2.826901435852051,12100,0.0,0.0
2026-04-06 00:00:00-04:00,3.3173640892923557,3.3173640892923557,2.766967235661676,2.9267921447753906,30000,0.0,0.0
2026-04-07 00:00:00-04:00,2.8968249273870854,3.0766276765282554,2.557197036027577,2.743992328643799,12200,0.0,0.0
2026-04-08 00:00:00-04:00,2.697043928699156,2.9367811720981374,2.697043928699156,2.8069233894348145,12800,0.0,0.0
2026-04-09 00:00:00-04:00,2.886835868311089,2.896824909869638,2.5971531867980957,2.5971531867980957,9900,0.0,0.0
2026-04-10 00:00:00-04:00,2.5971531867980957,2.8269013808022585,2.497262771212606,2.5971531867980957,76100,0.0,0.0
2026-04-13 00:00:00-04:00,2.6071422283566448,2.9277908672538784,2.5571970205639,2.5971531867980957,22300,0.0,0.0
2026-04-14 00:00:00-04:00,2.597153150378386,2.8368903825792775,2.497262736193653,2.617131233215332,12800,0.0,0.0
2026-04-15 00:00:00-04:00,2.6970439648471087,2.8468795951312242,2.6870549228281675,2.786945343017578,9900,0.0,0.0
2026-04-16 00:00:00-04:00,2.806923241770976,2.806923241770976,2.6570876213774817,2.7569780349731445,8700,0.0,0.0
2026-04-17 00:00:00-04:00,2.757976887667825,2.9128071489429854,2.7569780549718823,2.8768467903137207,35700,0.0,0.0
2026-04-20 00:00:00-04:00,2.83689043997305,3.086616718644684,2.7370000237674112,2.9767372608184814,38600,0.0,0.0
2026-04-21 00:00:00-04:00,2.876846882774947,2.896824966281089,2.8169123940989795,2.826901435852051,5300,0.0,0.0
2026-04-22 00:00:00-04:00,2.702038170691741,3.0466604525723975,2.702038170691741,2.7669670581817627,15400,0.0,0.0
2026-04-23 00:00:00-04:00,2.7669670946156657,2.865858676176065,2.6770657217855387,2.7469890117645264,13000,0.0,0.0
2026-04-24 00:00:00-04:00,2.7469889755936836,2.8418849869658236,2.6271204800652104,2.7669670581817627,8000,0.0,0.0
2026-04-27 00:00:00-04:00,2.687054781783508,2.9927197373076764,2.687054781783508,2.8668575286865234,3700,0.0,0.0
2026-04-28 00:00:00-04:00,2.8768467541182634,2.901819238305365,2.8568684333480387,2.896824836730957,5300,0.0,0.0
2026-04-29 00:00:00-04:00,2.8668575286865234,3.0087022513305626,2.6321149344843744,2.8668575286865234,6200,0.0,0.0
2026-04-30 00:00:00-04:00,2.8169122646519598,2.8568684298281175,2.7529824480016134,2.7669670581817627,6700,0.0,0.0
2026-05-01 00:00:00-04:00,2.886835886918564,2.886835886918564,2.806923315777549,2.846879482269287,3600,0.0,0.0
2026-05-04 00:00:00-04:00,2.8269013627080755,3.0196901255273754,2.707032864772732,2.8668575286865234,15200,0.0,0.0
2026-05-05 00:00:00-04:00,2.9967153072357178,3.141556528032841,2.9967153072357178,2.9967153072357178,12100,0.0,0.0
2026-05-06 00:00:00-04:00,3.05365276142485,3.1865072727725465,2.88683579542461,2.896824836730957,24400,0.0,0.0
2026-05-07 00:00:00-04:00,2.8888336058128394,3.096605818309684,2.8888336058128394,2.946770191192627,9900,0.0,0.0
2026-05-08 00:00:00-04:00,2.931786551653748,3.146551310852937,2.7969343662261963,2.7969343662261963,5800,0.0,0.0
2026-05-11 00:00:00-04:00,2.916803107804879,2.916803107804879,2.7969343662261963,2.7969343662261963,9200,0.0,0.0
2026-05-12 00:00:00-04:00,3.0366714311985326,3.099602415579553,2.7569780349731445,2.7569780349731445,13400,0.0,0.0
2026-05-13 00:00:00-04:00,2.7969342562604793,3.186507353377608,2.6570876744341008,2.72701096534729,12500,0.0,0.0
2026-05-14 00:00:00-04:00,2.657087802886963,2.9068140920928127,2.657087802886963,2.657087802886963,5600,0.0,0.0
2026-05-15 00:00:00-04:00,2.5971532697716944,2.5971532697716944,2.2125748002447794,2.2974817752838135,93100,0.0,0.0
2026-05-18 00:00:00-04:00,2.372399747339045,2.7270110970465375,2.2375475607008117,2.277503728866577,33700,0.0,0.0
2026-05-19 00:00:00-04:00,1.7580730756993959,2.3973724842071533,1.7380949915107988,2.3973724842071533,1339900,0.0,0.0
2026-05-20 00:00:00-04:00,2.277503735662168,2.662082212641486,2.147646188735962,2.147646188735962,45100,0.0,0.0
2026-05-21 00:00:00-04:00,2.117678811490041,2.3124654879314495,2.0177883913848684,2.0277774333953857,37000,0.0,0.0
2026-05-22 00:00:00-04:00,2.2475364418288817,2.4872736718169306,2.1676241112187093,2.3674049377441406,43400,0.0,0.0
2026-05-26 00:00:00-04:00,2.3674051197667083,2.4872738630558406,2.278502573680186,2.3973724842071533,9000,0.0,0.0
2026-05-27 00:00:00-04:00,2.4123558956439943,2.437328619620773,2.2874927520751953,2.2874927520751953,11700,0.0,0.0
2026-05-28 00:00:00-04:00,2.25752555344854,2.4473175827148537,2.2475365118112363,2.327448844909668,10200,0.0,0.0
2026-05-29 00:00:00-04:00,2.4073614740958145,2.4263404869531215,2.257525607773102,2.2974817752838135,8500,0.0,0.0
2026-06-01 00:00:00-04:00,2.2475366188432004,2.8868360285479215,2.2475366188432004,2.6470987796783447,48900,0.0,0.0
2026-06-02 00:00:00-04:00,2.6271206582099995,2.8968250295952216,2.5971532941382667,2.667076826095581,35200,0.0,0.0
2026-06-03 00:00:00-04:00,2.776956273034627,2.776956273034627,2.457306693489844,2.547208070755005,29000,0.0,0.0
2026-06-04 00:00:00-04:00,2.5472079432860193,2.7290088305227793,2.5372189018675457,2.617131233215332,8900,0.0,0.0
2026-06-05 00:00:00-04:00,2.6670768119327644,2.8968250142123866,2.547208070755005,2.547208070755005,22000,0.0,0.0
2026-06-08 00:00:00-04:00,2.537218910838117,2.6121368408203125,2.497262745022955,2.6121368408203125,6900,0.0,0.0
2026-06-09 00:00:00-04:00,2.5372189195890145,2.662082057270817,2.4972627536360434,2.607142210006714,7600,0.0,0.0
2026-06-10 00:00:00-04:00,2.6870549355553823,2.7270111038203986,2.5172409822715145,2.5272300243377686,3800,0.0,0.0
2026-06-11 00:00:00-04:00,2.56718621183458,2.6470987871208176,2.39737249543612,2.5172410011291504,11300,0.0,0.0
2026-06-12 00:00:00-04:00,2.657087770014413,2.816912440708032,2.5072519030816,2.547208070755005,26700,0.0,0.0
2026-06-15 00:00:00-04:00,2.5671860803306816,2.741994427923917,2.5671860803306816,2.5871641635894775,14700,0.0,0.0
2026-06-16 00:00:00-04:00,2.702038372996883,2.702038372996883,2.547208102268162,2.657087802886963,12200,0.0,0.0
2026-06-17 00:00:00-04:00,2.7939374381963,2.7939374381963,2.4573065331687527,2.507251739501953,28100,0.0,0.0
2026-06-18 00:00:00-04:00,2.5172408018325014,2.697043784294118,2.3773942229293246,2.6271204948425293,28000,0.0,0.0
2026-06-22 00:00:00-04:00,2.692049162932648,2.692049162932648,2.607142191796859,2.617131233215332,10200,0.0,0.0
2026-06-23 00:00:00-04:00,2.557197162503785,2.7969344113733614,2.547208120390784,2.6470987796783447,11400,0.0,0.0
2026-06-24 00:00:00-04:00,2.5472079229876954,2.697043781228308,2.497262716293335,2.497262716293335,8800,0.0,0.0
2026-06-25 00:00:00-04:00,2.6970439016013046,2.7010394706836753,2.417350493472231,2.437328577041626,20000,0.0,0.0
2026-06-26 00:00:00-04:00,2.4972627081620216,2.896824836730957,2.4772846255493275,2.896824836730957,53800,0.0,0.0
2026-06-29 00:00:00-04:00,2.8968248905863203,2.966748181030704,2.697043822587689,2.736999988555908,9200,0.0,0.0
2026-06-30 00:00:00-04:00,2.671999931335449,2.7090001106262207,2.5999999046325684,2.619999885559082,6200,0.003,0.0
2026-07-01 00:00:00-04:00,2.7300000190734863,2.7699999809265137,2.680000066757202,2.680000066757202,5500,0.0,0.0
2026-07-02 00:00:00-04:00,2.619999885559082,2.9549999237060547,2.619999885559082,2.6500000953674316,6600,0.0,0.0
2026-07-06 00:00:00-04:00,2.7100000381469727,2.7100000381469727,2.3499999046325684,2.4700000286102295,16900,0.0,0.0
2026-07-07 00:00:00-04:00,2.450000047683716,2.569999933242798,2.4000000953674316,2.4200000762939453,12500,0.0,0.0
2026-07-08 00:00:00-04:00,2.3399999141693115,2.6500000953674316,2.3399999141693115,2.440000057220459,30200,0.0,0.0
2026-07-09 00:00:00-04:00,2.430000066757202,2.640000104904175,2.309999942779541,2.309999942779541,21200,0.0,0.0
2026-07-10 00:00:00-04:00,2.299999952316284,2.628000020980835,2.299999952316284,2.3499999046325684,13600,0.0,0.0
2026-07-13 00:00:00-04:00,2.3399999141693115,2.4800000190734863,2.2699999809265137,2.2699999809265137,14200,0.0,0.0
2026-07-14 00:00:00-04:00,2.259999990463257,2.4100000858306885,2.259999990463257,2.3499999046325684,7600,0.0,0.0
2026-07-15 00:00:00-04:00,2.3299999237060547,2.434999942779541,2.299999952316284,2.299999952316284,12400,0.0,0.0
2026-07-16 00:00:00-04:00,2.375999927520752,2.375999927520752,2.1549999713897705,2.180000066757202,9600,0.0,0.0
2026-07-17 00:00:00-04:00,2.180000066757202,2.4010000228881836,2.111999988555908,2.130000114440918,5400,0.0,0.0
2026-07-20 00:00:00-04:00,2.3399999141693115,2.3399999141693115,2.1700000762939453,2.1700000762939453,4300,0.0,0.0
2026-07-21 00:00:00-04:00,2.2200000286102295,2.2200000286102295,2.1500000953674316,2.1700000762939453,2400,0.0,0.0
2026-07-22 00:00:00-04:00,2.2100000381469727,2.365000009536743,2.1700000762939453,2.299999952316284,8900,0.0,0.0
2026-07-23 00:00:00-04:00,2.259999990463257,2.4600000381469727,2.25,2.299999952316284,11400,0.0,0.0
2026-07-24 00:00:00-04:00,2.369999885559082,2.369999885559082,2.2709999084472656,2.299999952316284,2400,0.0,0.0
2026-07-27 00:00:00-04:00,2.3399999141693115,2.375,2.2699999809265137,2.2699999809265137,3500,0.0,0.0
2026-07-28 00:00:00-04:00,2.359999895095825,2.359999895095825,2.259999990463257,2.3299999237060547,2600,0.0,0.0
2026-07-29 00:00:00-04:00,2.2669999599456787,2.318000078201294,2.25,2.25,24900,0.0,0.0
2026-07-30 00:00:00-04:00,2.25,2.3259999752044678,2.25,2.3259999752044678,9900,0.0,0.0
2026-07-31 00:00:00-04:00,2.259999990463257,2.3499999046325684,2.25,2.259999990463257,8500,0.0,0.0
2026-08-03 00:00:00-04:00,2.384999990463257,2.4800000190734863,2.299999952316284,2.299999952316284,3900,0.0,0.0
2026-08-04 00:00:00-04:00,2.3399999141693115,2.4800000190734863,2.3399999141693115,2.3499999046325684,6000,0.0,0.0
2026-08-05 00:00:00-04:00,2.4700000286102295,2.6600000858306885,2.3589999675750732,2.440000057220459,11000,0.0,0.0
2026-08-06 00:00:00-04:00,2.4000000953674316,2.4000000953674316,2.3399999141693115,2.390000104904175,4500,0.0,0.0
2026-08-07 00:00:00-04:00,2.4539999961853027,3.240000009536743,2.4200000762939453,2.9200000762939453,115000,0.0,0.0
2026-08-10 00:00:00-04:00,2.930000066757202,3.25,2.809999942779541,3.049999952316284,31300,0.0,0.0
2026-08-11 00:00:00-04:00,3.1500000953674316,3.200000047683716,3.049999952316284,3.1700000762939453,15700,0.0,0.0
2026-08-12 00:00:00-04:00,3.0230000019073486,3.3299999237060547,3.0230000019073486,3.180000066757202,13400,0.0,0.0
2026-08-13 00:00:00-04:00,3.2149999141693115,3.2709999084472656,3.049999952316284,3.049999952316284,16700,0.0,0.0
2026-08-14 00:00:00-04:00,3.0999999046325684,3.3299999237060547,3.0199999809265137,3.0199999809265137,22400,0.0,0.0
2026-08-17 00:00:00-04:00,2.9600000381469727,3.0899999141693115,2.880000114440918,2.9200000762939453,6300,0.0,0.0
2026-08-18 00:00:00-04:00,2.88700008392334,2.990000009536743,2.869999885559082,2.890000104904175,4900,0.0,0.0
2026-08-19 00:00:00-04:00,2.9089999198913574,2.9749999046325684,2.819999933242798,2.819999933242798,7600,0.0,0.0
2026-08-20 00:00:00-04:00,2.819999933242798,2.819999933242798,2.640000104904175,2.7100000381469727,11400,0.0,0.0
2026-08-21 00:00:00-04:00,2.799999952316284,2.950000047683716,2.799999952316284,2.8299999237060547,9300,0.0,0.0
2026-08-24 00:00:00-04:00,2.9600000381469727,2.9600000381469727,2.809999942779541,2.8499999046325684,7400,0.0,0.0
2026-08-25 00:00:00-04:00,2.9100000858306885,3.2899999618530273,2.809999942779541,3.0250000953674316,11900,0.0,0.0
2026-08-26 00:00:00-04:00,3.0299999713897705,3.196000099182129,2.9000000953674316,3.0409998893737793,5400,0.0,0.0
2026-08-27 00:00:00-04:00,2.940000057220459,3.2009999752044678,2.825000047683716,2.890000104904175,9200,0.0,0.0
2026-08-28 00:00:00-04:00,2.809999942779541,2.924999952316284,2.799999952316284,2.9200000762939453,2300,0.0,0.0
2026-08-31 00:00:00-04:00,3.249000072479248,3.249000072479248,2.869999885559082,2.9600000381469727,20800,0.0,0.0
2026-09-01 00:00:00-04:00,2.799999952316284,3.0999999046325684,2.799999952316284,2.819999933242798,11800,0.0,0.0
2026-09-02 00:00:00-04:00,2.821000099182129,2.944999933242798,2.7799999713897705,2.7799999713897705,32200,0.0,0.0
2026-09-03 00:00:00-04:00,2.799999952316284,2.880000114440918,2.75,2.7799999713897705,13100,0.0,0.0
2026-09-04 00:00:00-04:00,2.799999952316284,2.88700008392334,2.7899999618530273,2.8399999141693115,21465,0.0,0.0
