Date,Open,High,Low,Close,Volume,Dividends,Stock Splits
2022-01-03 00:00:00-05:00,41.10939211328402,41.64946220239649,39.782100861207255,40.19401931762695,31500,0.0,0.0
2022-01-04 00:00:00-05:00,40.25809345776337,40.91716296059348,40.129941830406395,40.63339614868164,20600,0.0,0.0
2022-01-05 00:00:00-05:00,40.560169377285575,40.999547895243836,39.937715603877194,40.08417510986328,24200,0.0,0.0
2022-01-06 00:00:00-05:00,40.07502335858436,40.441173905410025,39.84618013978592,40.377098083496094,37300,0.0,0.0
2022-01-07 00:00:00-05:00,40.32217418340243,40.413713565429944,39.50749288864469,39.67226028442383,19200,0.0,0.0
2022-01-10 00:00:00-05:00,39.35188200074768,39.35188200074768,38.48227705857018,38.894195556640625,38300,0.0,0.0
2022-01-11 00:00:00-05:00,38.91249415850254,38.91249415850254,38.042892837432994,38.683650970458984,43200,0.0,0.0
2022-01-12 00:00:00-05:00,38.96743692707302,39.2969718384695,38.00629576341437,38.042911529541016,74900,0.0,0.0
2022-01-13 00:00:00-05:00,38.31751633418441,38.802662932051014,38.253440500197165,38.43651580810547,31100,0.0,0.0
2022-01-14 00:00:00-05:00,38.180198708727936,38.3266582172786,37.640128616221716,38.299198150634766,39500,0.0,0.0
2022-01-18 00:00:00-05:00,38.143587688140876,38.143587688140876,37.3563699144908,37.6950569152832,51900,0.0,0.0
2022-01-19 00:00:00-05:00,37.71336419181509,38.15274276494723,36.834607045550825,37.05429458618164,43400,0.0,0.0
2022-01-20 00:00:00-05:00,37.273984160490535,37.51197956884174,35.99246075341997,36.24876403808594,40900,0.0,0.0
2022-01-21 00:00:00-05:00,36.11146116135489,37.411288987346616,35.97415383128739,36.8254508972168,65500,0.0,0.0
2022-01-24 00:00:00-05:00,36.45929601458221,37.713355625453325,36.2762207777273,37.65843200683594,64600,0.0,0.0
2022-01-25 00:00:00-05:00,37.292287658398855,37.447899350998775,36.029072275954434,36.90782928466797,45900,0.0,0.0
2022-01-26 00:00:00-05:00,37.36551463868424,38.0520441876437,35.7727680405454,36.45014190673828,84000,0.0,0.0
2022-01-27 00:00:00-05:00,36.81629787151352,37.0085253357611,35.24185542102008,35.71784973144531,45200,0.0,0.0
2022-01-28 00:00:00-05:00,35.38831199013779,35.88261413574219,34.70178239631059,35.88261413574219,40200,0.0,0.0
2022-01-31 00:00:00-05:00,35.46154682451584,36.752222442616215,35.21439572847061,36.715606689453125,146500,0.0,0.0
2022-02-01 00:00:00-05:00,36.83460614129796,37.61267169072633,36.083997168936286,36.715606689453125,59700,0.0,0.0
2022-02-02 00:00:00-05:00,36.78883476259708,37.20075325666292,36.111460787351405,36.77052688598633,101400,0.0,0.0
2022-02-03 00:00:00-05:00,36.68814095327675,37.164131703388676,35.9558399706156,36.09314727783203,83500,0.0,0.0
2022-02-04 00:00:00-05:00,34.32647883503736,35.31508310158404,33.09072699372401,33.29210662841797,96300,0.0,0.0
2022-02-07 00:00:00-05:00,33.676566999140974,34.4454803102025,33.44772379337112,34.326480865478516,130100,0.0,0.0
2022-02-08 00:00:00-05:00,34.619395515562296,35.672075525851945,34.39970802122674,35.46154022216797,64500,0.0,0.0
2022-02-09 00:00:00-05:00,35.9192255408136,35.9192255408136,34.692626008532194,34.93977355957031,60200,0.0,0.0
2022-02-10 00:00:00-05:00,34.381412854921486,34.86655945176288,33.859650498201596,34.07933807373047,55400,0.0,0.0
2022-02-11 00:00:00-05:00,34.32648136378232,34.56447676481496,33.61249166881413,33.66741180419922,42000,0.0,0.0
2022-02-14 00:00:00-05:00,33.71339492293093,34.36632671860402,33.68580734252038,34.2007942199707,63200,0.17,0.0
2022-02-15 00:00:00-05:00,34.73418018405595,34.899712695503815,34.46748852582492,34.642215728759766,46500,0.0,0.0
2022-02-16 00:00:00-05:00,34.375523971831115,34.99166997128397,34.301952415313515,34.98247528076172,41100,0.0,0.0
2022-02-17 00:00:00-05:00,34.66980368718436,34.74337173668962,34.21918666715675,34.513465881347656,34500,0.0,0.0
2022-02-18 00:00:00-05:00,34.577839929026844,34.83533687763724,34.27436601813408,34.38471984863281,35800,0.0,0.0
2022-02-22 00:00:00-05:00,34.25597458651479,34.28356216829251,33.75937706600474,33.970890045166016,36700,0.0,0.0
2022-02-23 00:00:00-05:00,34.118031106207404,34.237583145782004,33.45590455890763,33.621437072753906,59600,0.0,0.0
2022-02-24 00:00:00-05:00,33.152424948613366,33.63062956758967,32.775379471278114,33.5754508972168,75100,0.0,0.0
2022-02-25 00:00:00-05:00,33.86053375873022,34.6881962329973,33.7225888436574,34.57783889770508,63800,0.0,0.0
2022-02-28 00:00:00-05:00,34.27436543509614,34.49507309233917,33.924907551695576,34.265167236328125,90300,0.0,0.0
2022-03-01 00:00:00-05:00,34.439901732308115,35.10202828518385,34.20999585092834,34.94569396972656,115000,0.0,0.0
2022-03-02 00:00:00-05:00,35.230770687528604,35.63540368582495,35.06523820911543,35.442283630371094,74800,0.0,0.0
2022-03-03 00:00:00-05:00,35.70898175389653,36.11361482605685,35.396309627381896,35.88370895385742,71400,0.0,0.0
2022-03-04 00:00:00-05:00,35.53424645809734,35.66299316861317,35.09282766143532,35.48826599121094,28200,0.0,0.0
2022-03-07 00:00:00-05:00,35.69978582369621,36.040045553915725,35.43309415305248,35.77335739135742,45800,0.0,0.0
2022-03-08 00:00:00-05:00,36.10441573248566,36.70217238863433,35.681389780055746,35.736568450927734,63200,0.0,0.0
2022-03-09 00:00:00-05:00,36.315935334654604,36.37111050217849,35.80094488655737,35.957279205322266,37700,0.0,0.0
2022-03-10 00:00:00-05:00,35.63540138610158,35.754953392370176,35.16639506625451,35.7089729309082,39700,0.0,0.0
2022-03-11 00:00:00-05:00,35.73657077244263,35.994064237068955,35.45148621654539,35.56184005737305,31100,0.0,0.0
2022-03-14 00:00:00-04:00,35.4055090131753,35.626220223308636,31.956920472930953,32.20521926879883,229100,0.0,0.0
2022-03-15 00:00:00-04:00,32.62824003620071,33.14323043823242,32.26958744703501,33.14323043823242,138600,0.0,0.0
2022-03-16 00:00:00-04:00,33.0144805364163,33.39152597950809,32.25119145196343,33.198402404785156,215800,0.0,0.0
2022-03-17 00:00:00-04:00,32.99608160955156,33.676600817382116,32.655818497552154,33.37312698364258,125600,0.0,0.0
2022-03-18 00:00:00-04:00,33.54786442969218,33.915715228218616,32.90412728631353,33.906517028808594,819200,0.0,0.0
2022-03-21 00:00:00-04:00,33.998478276893415,34.75256918549551,33.603039933591724,33.934104919433594,99400,0.0,0.0
2022-03-22 00:00:00-04:00,33.85133590176893,34.35712802958347,33.47429047833431,33.676605224609375,73700,0.0,0.0
2022-03-23 00:00:00-04:00,33.55705425216572,33.55705425216572,33.18000885643731,33.3271484375,53900,0.0,0.0
2022-03-24 00:00:00-04:00,33.30875967581246,33.584645985956065,33.078853832678654,33.354740142822266,55000,0.0,0.0
2022-03-25 00:00:00-04:00,33.66741904868331,33.66741904868331,33.06046764020375,33.20760726928711,88200,0.0,0.0
2022-03-28 00:00:00-04:00,33.09724672109953,33.48348685368363,33.069655634425835,33.354740142822266,54900,0.0,0.0
2022-03-29 00:00:00-04:00,33.66740759258894,34.1731996762005,33.639820017799806,34.07204055786133,56700,0.0,0.0
2022-03-30 00:00:00-04:00,33.9892779763568,34.26516427813514,33.48348583841574,33.54785919189453,37300,0.0,0.0
2022-03-31 00:00:00-04:00,33.547854837852526,33.547854837852526,32.848942730184106,32.9960823059082,66500,0.0,0.0
2022-04-01 00:00:00-04:00,33.25358156986496,33.566253662109375,32.88573081142984,33.566253662109375,100600,0.0,0.0
2022-04-04 00:00:00-04:00,33.34553781555905,33.75936898357421,32.86733680816856,33.3271484375,58900,0.0,0.0
2022-04-05 00:00:00-04:00,33.05126495911383,33.39152815555688,32.40753136170267,32.563865661621094,44900,0.0,0.0
2022-04-06 00:00:00-04:00,32.287981669634846,32.52708223625019,31.88334508416777,32.297176361083984,33500,0.0,0.0
2022-04-07 00:00:00-04:00,32.15923394397008,32.56386700880917,31.99370143833474,32.39833450317383,43900,0.0,0.0
2022-04-08 00:00:00-04:00,32.3155636285899,32.5178818861165,31.883339535904774,31.956911087036133,39800,0.0,0.0
2022-04-11 00:00:00-04:00,31.93852047712732,32.2971730442604,31.653435958287872,31.800579071044922,47800,0.0,0.0
2022-04-12 00:00:00-04:00,31.95691265438733,32.41672434725621,31.72700680795289,32.02128601074219,50100,0.0,0.0
2022-04-13 00:00:00-04:00,32.196013162691315,32.453510095968184,31.80977302490323,32.11324691772461,47600,0.0,0.0
2022-04-14 00:00:00-04:00,32.26958129196207,32.297168867994294,31.681022949378445,31.75459098815918,35600,0.0,0.0
2022-04-18 00:00:00-04:00,31.72701362358706,31.92013373413792,31.48791303548869,31.67183494567871,57500,0.0,0.0
2022-04-19 00:00:00-04:00,31.717808980966737,32.17762062836322,31.432724496670506,31.9844970703125,31600,0.0,0.0
2022-04-20 00:00:00-04:00,32.00289559093321,32.50868779049155,31.77298972676259,32.18682098388672,54500,0.0,0.0
2022-04-21 00:00:00-04:00,32.48109701661395,32.48109701661395,32.03048353166072,32.15003204345703,43000,0.0,0.0
2022-04-22 00:00:00-04:00,32.23280199753849,32.517886536818274,31.864954713526174,32.39833450317383,79000,0.0,0.0
2022-04-25 00:00:00-04:00,32.27878431786746,32.50869019907189,31.359160793049757,31.8741512298584,57900,0.0,0.0
2022-04-26 00:00:00-04:00,31.552278590488015,31.552278590488015,30.31998315378008,30.375158309936523,48100,0.0,0.0
2022-04-27 00:00:00-04:00,32.1868185662654,32.333958167959224,30.779795905812946,30.95452308654785,210200,0.0,0.0
2022-04-28 00:00:00-04:00,31.239609723930748,31.6258498891098,29.46473618450876,30.503908157348633,79400,0.0,0.0
2022-04-29 00:00:00-04:00,30.540694135183372,30.540694135183372,29.142867814981745,29.299203872680664,75400,0.0,0.0
2022-05-02 00:00:00-04:00,29.216435797899415,29.731426164086027,28.489932470980325,29.09688377380371,146000,0.0,0.0
2022-05-03 00:00:00-04:00,29.161254797928443,29.869365179248607,29.060097424912914,29.455533981323242,56200,0.0,0.0
2022-05-04 00:00:00-04:00,29.46472973534069,30.476313905850432,29.262411498005022,30.467119216918945,63100,0.0,0.0
2022-05-05 00:00:00-04:00,30.33837900851496,30.522300891134268,28.683055754303343,28.97733497619629,61300,0.0,0.0
2022-05-06 00:00:00-04:00,28.885371271198217,28.885371271198217,27.910570944239915,28.30600929260254,42800,0.0,0.0
2022-05-09 00:00:00-04:00,28.094490902539675,29.01411419563809,27.984137089631513,28.48992919921875,66600,0.0,0.0
2022-05-10 00:00:00-04:00,28.6462704645975,29.078494613934037,27.588703835061967,27.84619903564453,68400,0.0,0.0
2022-05-11 00:00:00-04:00,27.873784003268156,28.50832462310791,27.505935004101048,27.588701248168945,78800,0.0,0.0
2022-05-12 00:00:00-04:00,27.44072128109215,28.13436944111567,27.403725865819084,27.967893600463867,66100,0.17,0.0
2022-05-13 00:00:00-04:00,28.078879126560423,28.273099771852028,27.810667647970803,28.023386001586914,40000,0.0,0.0
2022-05-16 00:00:00-04:00,27.76442979331574,27.98639703828621,27.46847346668844,27.58870506286621,37400,0.0,0.0
2022-05-17 00:00:00-04:00,27.884660628410792,28.07888306498314,27.57020659894227,27.634946823120117,62900,0.0,0.0
2022-05-18 00:00:00-04:00,27.34823337190853,27.819914312832875,27.07077482502994,27.27424430847168,83100,0.0,0.0
2022-05-19 00:00:00-04:00,27.255749447191963,27.42222529831511,26.79331731142261,27.089275360107422,91500,0.0,0.0
2022-05-20 00:00:00-04:00,27.33898699973817,27.85691225484103,26.173657821814608,26.599096298217773,77900,0.0,0.0
2022-05-23 00:00:00-04:00,26.987539036587652,26.987539036587652,26.4326201350272,26.48811149597168,74600,0.0,0.0
2022-05-24 00:00:00-04:00,26.506611742845816,26.56210310910472,26.034930719548324,26.451120376586914,84100,0.0,0.0
2022-05-25 00:00:00-04:00,26.552854254055116,26.867308269586776,26.275395658721873,26.451120376586914,69400,0.0,0.0
2022-05-26 00:00:00-04:00,26.765576019392558,26.95054783951426,26.377132903886505,26.719331741333008,64700,0.0,0.0
2022-05-27 00:00:00-04:00,26.969044979836315,27.283499007829317,26.728580031133504,27.26500129699707,64000,0.0,0.0
2022-05-31 00:00:00-04:00,27.07078398636565,27.736685782652817,26.87656152659084,27.551713943481445,94100,0.0,0.0
2022-06-01 00:00:00-04:00,27.625698798581706,28.180615995099046,27.607201088287464,27.82916831970215,78300,0.0,0.0
2022-06-02 00:00:00-04:00,27.810672677732356,28.02339106982013,27.459224976197728,27.560958862304688,83800,0.0,0.0
2022-06-03 00:00:00-04:00,27.320491598918757,27.468469742167667,26.876555405133413,27.200258255004883,63000,0.0,0.0
2022-06-06 00:00:00-04:00,27.43147259374042,27.81991563627238,27.301992167575936,27.570201873779297,53300,0.0,0.0
2022-06-07 00:00:00-04:00,27.5887025618695,27.5887025618695,27.089276746970064,27.37598419189453,54300,0.0,0.0
2022-06-08 00:00:00-04:00,27.385231644753635,27.385231644753635,26.941295453745713,27.089275360107422,47000,0.0,0.0
2022-06-09 00:00:00-04:00,27.080033545391725,27.080033545391725,26.654594952587473,26.747081756591797,154800,0.0,0.0
2022-06-10 00:00:00-04:00,26.71008044188042,27.579453385429463,26.395628200040477,27.523962020874023,89000,0.0,0.0
2022-06-13 00:00:00-04:00,27.11702005628756,27.181760272803235,25.942442012524786,26.071924209594727,112900,0.0,0.0
2022-06-14 00:00:00-04:00,26.247648437877768,26.340135222024667,25.526255402417043,26.108919143676758,70200,0.0,0.0
2022-06-15 00:00:00-04:00,26.247651607019133,26.414127485776113,25.849961386036103,26.025684356689453,50300,0.0,0.0
2022-06-16 00:00:00-04:00,25.572499073432763,25.785217451800722,25.38752726078014,25.526256561279297,77500,0.0,0.0
2022-06-17 00:00:00-04:00,25.590997452004064,25.896202626685593,25.44301929240325,25.609495162963867,236700,0.0,0.0
2022-06-21 00:00:00-04:00,25.94244299928298,26.451119424468896,25.618741904392184,26.007184982299805,57400,0.0,0.0
2022-06-22 00:00:00-04:00,25.86845896355353,26.13667051045658,25.655740555758083,25.923952102661133,138500,0.0,0.0
2022-06-23 00:00:00-04:00,26.044177645365668,26.219902350213832,25.526254149224254,25.81296157836914,63000,0.0,0.0
2022-06-24 00:00:00-04:00,25.91469533419272,26.617592338604883,25.849955122371863,26.580596923828125,102900,0.0,0.0
2022-06-27 00:00:00-04:00,26.811818533413277,26.895056469881634,26.460370840354862,26.719331741333008,31600,0.0,0.0
2022-06-28 00:00:00-04:00,26.941296376182766,26.941296376182766,25.94244299928298,26.007184982299805,43600,0.0,0.0
2022-06-29 00:00:00-04:00,26.118167154411257,26.118167154411257,25.563248231502342,25.914697647094727,78800,0.0,0.0
2022-06-30 00:00:00-04:00,25.58174579733627,26.17365837097168,25.544752143503366,26.17365837097168,86200,0.0,0.0
2022-07-01 00:00:00-04:00,26.145913521752117,26.39562729979289,25.627988256770088,26.312389373779297,52800,0.0,0.0
2022-07-05 00:00:00-04:00,25.89620229428355,26.08117587342966,25.285791952755684,25.75747299194336,67000,0.0,0.0
2022-07-06 00:00:00-04:00,25.637239212800957,25.886953011311704,25.480012202335537,25.655736923217773,50700,0.0,0.0
2022-07-07 00:00:00-04:00,25.812963607288726,26.0256819822761,25.711227965321402,25.803714752197266,42600,0.0,0.0
2022-07-08 00:00:00-04:00,25.89619932881574,25.89619932881574,25.387524690472294,25.443016052246094,33700,0.0,0.0
2022-07-11 00:00:00-04:00,25.36902816769624,25.498508605900295,25.13781209145262,25.239547729492188,44600,0.0,0.0
2022-07-12 00:00:00-04:00,25.20255528351783,25.526258181251524,24.97133917999932,25.03607940673828,48000,0.0,0.0
2022-07-13 00:00:00-04:00,24.91584237061109,25.378274476711322,24.8788469553846,25.276538848876953,34000,0.0,0.0
2022-07-14 00:00:00-04:00,24.934338314185847,25.276538848876953,24.823355596583347,25.276538848876953,42700,0.0,0.0
2022-07-15 00:00:00-04:00,25.692732344051407,26.0164334561519,25.41527197991544,25.655736923217773,68800,0.0,0.0
2022-07-18 00:00:00-04:00,25.729724165914288,25.785215529168575,25.12856273255004,25.267292022705078,37700,0.0,0.0
2022-07-19 00:00:00-04:00,25.507756725631847,26.219902643311084,25.433767653927422,26.17365837097168,31700,0.0,0.0
2022-07-20 00:00:00-04:00,26.136666241012882,26.506611621104334,26.127417386005757,26.460369110107422,39200,0.0,0.0
2022-07-21 00:00:00-04:00,26.229153607791467,26.75632600659888,26.229153607791467,26.67308807373047,32000,0.0,0.0
2022-07-22 00:00:00-04:00,26.6545919407616,26.82106781635068,26.219906304309216,26.44187355041504,27300,0.0,0.0
2022-07-25 00:00:00-04:00,26.414123221140784,26.67308585340127,26.312389350355883,26.562101364135742,31000,0.0,0.0
2022-07-26 00:00:00-04:00,26.40487491002063,26.978291548954008,26.40487491002063,26.913551330566406,29500,0.0,0.0
2022-07-27 00:00:00-04:00,26.996791644187315,28.03263875801408,26.959796222388384,27.893909454345703,79100,0.0,0.0
2022-07-28 00:00:00-04:00,27.67193980105067,28.707788588529407,27.67193980105067,28.69853973388672,63100,0.0,0.0
2022-07-29 00:00:00-04:00,28.06963059185006,28.532062720994084,28.06038173758255,28.393333435058594,53200,0.0,0.0
2022-08-01 00:00:00-04:00,28.25460770928456,28.25460770928456,27.82917091704274,28.03264045715332,106000,0.0,0.0
2022-08-02 00:00:00-04:00,27.78292523261649,27.78292523261649,27.28349764924761,27.357486724853516,81800,0.0,0.0
2022-08-03 00:00:00-04:00,27.26499854508552,27.394480743803545,26.182907267159926,27.070777893066406,77600,0.0,0.0
2022-08-04 00:00:00-04:00,26.93205060471732,26.987541971696924,26.52510979744314,26.682336807250977,41800,0.0,0.0
2022-08-05 00:00:00-04:00,26.358632931661784,26.543606499955587,26.062676633622647,26.108919143676758,40000,0.0,0.0
2022-08-08 00:00:00-04:00,26.08117257512412,26.24764665845625,25.63723639412275,25.849956512451172,57600,0.0,0.0
2022-08-09 00:00:00-04:00,25.729724805757183,25.729724805757183,25.036076573693826,25.23029899597168,62800,0.0,0.0
2022-08-10 00:00:00-04:00,25.415269231138545,26.007183552187133,25.39677152272234,25.711225509643555,53500,0.0,0.0
2022-08-11 00:00:00-04:00,25.775968190348895,26.044177913526383,25.498507848673068,25.54475212097168,43500,0.0,0.0
2022-08-12 00:00:00-04:00,25.544752624003955,25.972824117393014,25.367939636534633,25.879764556884766,52300,0.17,0.0
2022-08-15 00:00:00-04:00,25.79601398749763,26.34506350285785,25.57267208251505,26.196168899536133,56200,0.0,0.0
2022-08-16 00:00:00-04:00,26.13102511297196,26.94064099046781,25.926295497668455,26.23339080810547,82700,0.0,0.0
2022-08-17 00:00:00-04:00,26.02865529598131,26.02865529598131,25.144594039249565,25.423770904541016,38100,0.0,0.0
2022-08-18 00:00:00-04:00,25.40516504927411,25.628508727807056,25.274882715932947,25.479612350463867,39400,0.0,0.0
2022-08-19 00:00:00-04:00,25.37724477013983,25.414467527898346,24.73513578039384,25.386550903320312,114800,0.0,0.0
2022-08-22 00:00:00-04:00,25.17251224288013,25.17251224288013,24.3535920849168,24.437345504760742,64100,0.0,0.0
2022-08-23 00:00:00-04:00,24.334983364371137,24.549019124056883,23.962746874708195,24.083723068237305,56200,0.0,0.0
2022-08-24 00:00:00-04:00,24.102331297010615,24.549015009743812,23.944130593547197,24.46526336669922,60300,0.0,0.0
2022-08-25 00:00:00-04:00,24.48387488736472,24.837500839385054,24.36289870901884,24.68860626220703,28900,0.0,0.0
2022-08-26 00:00:00-04:00,24.558322400343403,24.558322400343403,24.009272976371506,24.130250930786133,54000,0.0,0.0
2022-08-29 00:00:00-04:00,23.934826906946057,24.195393320149908,23.86968574738596,23.98135757446289,52200,0.0,0.0
2022-08-30 00:00:00-04:00,24.065113125000522,24.688609925047718,23.90691239140754,24.604856491088867,105200,0.0,0.0
2022-08-31 00:00:00-04:00,24.884032037590554,25.200433487186714,24.52110169392112,24.576936721801758,112500,0.0,0.0
2022-09-01 00:00:00-04:00,24.576938478624594,24.790974246603135,24.027888969487524,24.49318504333496,56100,0.0,0.0
2022-09-02 00:00:00-04:00,24.58624254031626,24.92125625323094,24.251228827401576,24.4094295501709,42500,0.0,0.0
2022-09-06 00:00:00-04:00,24.325678791678584,24.43735063322727,23.925523873994383,24.102336883544922,50300,0.0,0.0
2022-09-07 00:00:00-04:00,24.186088609519466,24.837503793370253,23.990665119342378,24.818891525268555,56800,0.0,0.0
2022-09-08 00:00:00-04:00,24.86542029082254,24.902644826831715,24.41873650849387,24.642078399658203,40100,0.0,0.0
2022-09-09 00:00:00-04:00,24.837500459604577,25.516832179462337,24.530405177000155,25.1632080078125,63400,0.0,0.0
2022-09-12 00:00:00-04:00,25.27487880327896,25.330713826786873,24.837501198367413,24.939865112304688,42300,0.0,0.0
2022-09-13 00:00:00-04:00,24.48387511114132,24.669994221796617,23.888296796985784,24.400121688842773,135700,0.0,0.0
2022-09-14 00:00:00-04:00,24.26984061321337,24.651383212034037,23.69287276074894,23.98135757446289,98000,0.0,0.0
2022-09-15 00:00:00-04:00,23.82316038648308,24.334985380299138,23.506758900317752,23.720794677734375,96400,0.0,0.0
2022-09-16 00:00:00-04:00,23.478837919201197,23.692873673130446,22.929788446103693,23.66495704650879,367800,0.0,0.0
2022-09-19 00:00:00-04:00,23.61842577918677,24.38151276185587,23.61842577918677,24.14886474609375,69000,0.0,0.0
2022-09-20 00:00:00-04:00,24.04649875443253,24.04649875443253,23.627731621242962,23.88829803466797,55000,0.0,0.0
2022-09-21 00:00:00-04:00,24.13955749597248,24.27914594398085,23.413695081380155,23.46953010559082,48000,0.0,0.0
2022-09-22 00:00:00-04:00,23.525370106347694,23.525370106347694,22.92978992551517,23.05076789855957,55100,0.0,0.0
2022-09-23 00:00:00-04:00,22.929789681526312,23.013543115830885,22.352823550721087,22.697141647338867,85600,0.0,0.0
2022-09-26 00:00:00-04:00,22.52032786969022,23.032152776970864,22.166701903781444,22.455184936523438,64300,0.0,0.0
2022-09-27 00:00:00-04:00,22.380740829116725,22.976321020916377,22.03642272249482,22.846036911010742,133700,0.0,0.0
2022-09-28 00:00:00-04:00,22.752975283756516,23.20896515424344,22.678527994186478,23.03215217590332,62300,0.0,0.0
2022-09-29 00:00:00-04:00,22.91117496516335,22.91117496516335,22.222535348918917,22.445878982543945,51000,0.0,0.0
2022-09-30 00:00:00-04:00,22.380736765252795,22.47379631972671,22.064335345019508,22.138784408569336,78900,0.0,0.0
2022-10-03 00:00:00-04:00,22.334207328017825,23.134516991926727,22.241147775825088,22.892562866210938,62400,0.0,0.0
2022-10-04 00:00:00-04:00,23.069381669080066,23.916220435657337,23.069381669080066,23.878995895385742,123900,0.0,0.0
2022-10-05 00:00:00-04:00,23.51606426299415,23.990666476657438,23.292722358028545,23.39508628845215,42600,0.0,0.0
2022-10-06 00:00:00-04:00,23.329940450813652,23.506753422458885,23.013539038380422,23.2554931640625,41100,0.0,0.0
2022-10-07 00:00:00-04:00,22.976317752077062,22.976317752077062,22.11086687888764,22.455184936523438,57200,0.0,0.0
2022-10-10 00:00:00-04:00,22.650610681826567,22.69713957442916,22.296984708178357,22.436574935913086,37900,0.0,0.0
2022-10-11 00:00:00-04:00,22.24115114207913,22.464493036167067,21.93405581583777,22.092256546020508,58100,0.0,0.0
2022-10-12 00:00:00-04:00,21.989890775209922,21.989890775209922,21.53390085436996,21.552513122558594,67000,0.0,0.0
2022-10-13 00:00:00-04:00,21.245418475201255,22.473799815428873,21.09652387486843,22.334211349487305,86000,0.0,0.0
2022-10-14 00:00:00-04:00,22.594775332735043,22.594775332735043,21.93405406244922,22.269067764282227,102300,0.0,0.0
2022-10-17 00:00:00-04:00,22.529635018460656,23.236885262911763,22.529635018460656,23.05076789855957,155800,0.0,0.0
2022-10-18 00:00:00-04:00,23.43230802486137,23.897604048309887,23.143824987313064,23.618425369262695,117300,0.0,0.0
2022-10-19 00:00:00-04:00,23.367167179148353,23.813850941661965,22.985624576797537,23.785932540893555,138500,0.0,0.0
2022-10-20 00:00:00-04:00,23.70217972066462,23.795239283979477,22.901871736069342,23.125213623046875,121500,0.0,0.0
2022-10-21 00:00:00-04:00,23.218271694048152,24.4094283480355,22.8925641308622,24.195392608642578,544700,0.0,0.0
2022-10-24 00:00:00-04:00,24.400122250454217,24.521100207653696,23.878991213573382,24.009273529052734,96500,0.0,0.0
2022-10-25 00:00:00-04:00,24.139558071384297,24.82819596960888,24.02788624533764,24.623464584350586,98100,0.0,0.0
2022-10-26 00:00:00-04:00,24.874726610870862,25.014315072022153,24.455961227416992,24.455961227416992,72100,0.0,0.0
2022-10-27 00:00:00-04:00,24.576934797058158,25.13529035702748,24.46526475004233,24.939865112304688,91700,0.0,0.0
2022-10-28 00:00:00-04:00,24.735139483809466,25.87976741193458,24.735139483809466,25.563365936279297,85400,0.0,0.0
2022-10-31 00:00:00-04:00,25.31210625987814,25.55405864801944,25.032927560158516,25.256269454956055,81500,0.0,0.0
2022-11-01 00:00:00-04:00,25.31210272620195,26.010046715619687,25.31210272620195,25.702951431274414,79900,0.0,0.0
2022-11-02 00:00:00-04:00,25.526141368332922,25.647117559312647,24.76305613686381,24.83750343322754,82600,0.0,0.0
2022-11-03 00:00:00-04:00,24.455962795273123,25.209741953785258,24.437350525936107,25.191129684448242,71800,0.0,0.0
2022-11-04 00:00:00-04:00,25.37724695894694,25.83323687433959,25.28418739407907,25.823930740356445,46800,0.0,0.0
2022-11-07 00:00:00-05:00,25.758787771143197,26.5125668212846,25.60989318778103,26.45673179626465,78900,0.0,0.0
2022-11-08 00:00:00-05:00,26.484648421292903,26.894109413020583,26.158942629540313,26.45673179626465,72000,0.0,0.0
2022-11-09 00:00:00-05:00,26.242696312944393,26.335754097239437,25.591281173098324,25.62850570678711,46500,0.0,0.0
2022-11-10 00:00:00-05:00,26.36367102204232,26.88480203977559,26.251999202189225,26.60562515258789,76400,0.0,0.0
2022-11-11 00:00:00-05:00,26.59632114545007,26.98716988373022,26.15894351390751,26.23339080810547,51300,0.0,0.0
2022-11-14 00:00:00-05:00,25.975879931980327,26.34107738701423,25.88223905513669,26.022701263427734,76900,0.175,0.0
2022-11-15 00:00:00-05:00,26.25680000043164,26.78118635911593,26.181885877425742,26.528356552124023,48000,0.0,0.0
2022-11-16 00:00:00-05:00,26.537720530720666,26.537720530720666,26.032060922201246,26.36916732788086,45500,0.0,0.0
2022-11-17 00:00:00-05:00,26.172523618618673,26.172523618618673,25.517039325202244,25.929058074951172,62500,0.0,0.0
2022-11-18 00:00:00-05:00,26.39726090399411,26.39726090399411,25.554496650934365,25.732412338256836,80700,0.0,0.0
2022-11-21 00:00:00-05:00,25.582589545831965,26.106975952973954,25.43276485807711,26.08824920654297,70300,0.0,0.0
2022-11-22 00:00:00-05:00,26.125702316838083,26.378532126206924,26.003970437911057,26.219343185424805,43500,0.0,0.0
2022-11-23 00:00:00-05:00,26.35044013340317,26.397261462149906,25.919694625239586,25.93842315673828,34600,0.0,0.0
2022-11-25 00:00:00-05:00,25.72304861660542,26.24743678226248,25.72304861660542,25.93842315673828,26300,0.0,0.0
2022-11-28 00:00:00-05:00,25.882239901007637,25.882239901007637,25.273576860708705,25.38594627380371,38200,0.0,0.0
2022-11-29 00:00:00-05:00,25.292302804809708,25.367215143854104,24.93646785481054,25.133113861083984,39300,0.0,0.0
2022-11-30 00:00:00-05:00,25.07693062068281,25.957150177856803,24.917741673355415,25.919694900512695,68800,0.0,0.0
2022-12-01 00:00:00-05:00,26.106974859335402,26.256801326865087,25.723048889790107,25.919694900512695,40800,0.0,0.0
2022-12-02 00:00:00-05:00,25.62004334864711,25.90096415590558,25.48894542401568,25.58258628845215,62500,0.0,0.0
2022-12-05 00:00:00-05:00,25.28293884269249,25.98524269943395,24.87092007997654,25.93842315673828,81000,0.0,0.0
2022-12-06 00:00:00-05:00,25.91033090022155,25.91033090022155,25.301667902220107,25.432764053344727,39300,0.0,0.0
2022-12-07 00:00:00-05:00,25.254846168578645,26.022699889309337,25.16120708273075,25.517040252685547,43700,0.0,0.0
2022-12-08 00:00:00-05:00,25.629412950171858,25.73241631505317,25.226758399491228,25.376583099365234,33900,0.0,0.0
2022-12-09 00:00:00-05:00,25.42339977720563,25.54513344838777,24.945832930520304,24.964561462402344,41200,0.0,0.0
2022-12-12 00:00:00-05:00,25.011380058144347,25.19866179776468,24.89901244321298,25.02074432373047,43900,0.0,0.0
2022-12-13 00:00:00-05:00,25.423399083766363,25.910330183111355,24.945832250106974,25.06756591796875,168500,0.0,0.0
2022-12-14 00:00:00-05:00,25.020743903301714,25.395307376248507,24.79600689116424,24.992652893066406,75800,0.0,0.0
2022-12-15 00:00:00-05:00,24.60872616173843,24.60872616173843,23.915786616403874,23.981334686279297,63400,0.0,0.0
2022-12-16 00:00:00-05:00,23.691050391446137,23.878332142276605,23.38203675281166,23.700414657592773,162100,0.0,0.0
2022-12-19 00:00:00-05:00,23.925151275774223,24.056249213522925,23.41012914891846,23.606773376464844,55700,0.0,0.0
2022-12-20 00:00:00-05:00,23.5880475723142,23.962609296441315,23.47567816205047,23.72850799560547,49600,0.0,0.0
2022-12-21 00:00:00-05:00,23.981340621748913,24.62745900133844,23.84087839604986,24.430814743041992,41300,0.0,0.0
2022-12-22 00:00:00-05:00,24.290351474821737,24.290351474821737,23.37267301814632,23.72850799560547,50300,0.0,0.0
2022-12-23 00:00:00-05:00,23.709776898313887,23.9626067045215,23.644228826938058,23.943878173828125,29200,0.0,0.0
2022-12-27 00:00:00-05:00,23.97197382176124,24.084341447187647,23.737872518396482,24.065614700317383,24900,0.0,0.0
2022-12-28 00:00:00-05:00,24.12180021452334,24.346537267279764,23.55059242248535,23.55059242248535,36300,0.0,0.0
2022-12-29 00:00:00-05:00,23.822148723338866,24.25289425686341,23.822148723338866,24.149890899658203,34200,0.0,0.0
2022-12-30 00:00:00-05:00,24.05625166529301,24.318443995410355,23.71914519965494,23.990703582763672,44500,0.0,0.0
2023-01-03 00:00:00-05:00,24.046886177646574,24.23416614878749,23.559955037788026,23.887697219848633,53400,0.0,0.0
2023-01-04 00:00:00-05:00,24.12179461068688,24.177978414310854,23.41012654926317,23.419490814208984,102100,0.0,0.0
2023-01-05 00:00:00-05:00,23.485041216646533,23.662958696196053,23.007474373256397,23.62550163269043,58200,0.0,0.0
2023-01-06 00:00:00-05:00,23.79405539265105,24.402718400182966,23.63486644119952,24.121797561645508,46900,0.0,0.0
2023-01-09 00:00:00-05:00,24.47763170725624,24.599365385189483,24.07497717971755,24.4682674407959,49100,0.0,0.0
2023-01-10 00:00:00-05:00,24.412082274543707,24.842829577580403,24.14988997239634,24.786643981933594,44700,0.0,0.0
2023-01-11 00:00:00-05:00,24.917741109587727,25.19866193449145,24.664911295543746,25.133113861083984,51100,0.0,0.0
2023-01-12 00:00:00-05:00,25.320395773909183,25.86351068218721,25.03947316104403,25.826053619384766,56300,0.0,0.0
2023-01-13 00:00:00-05:00,25.66686656140297,26.172526230101738,25.66686656140297,26.00397300720215,45300,0.0,0.0
2023-01-17 00:00:00-05:00,26.041427467303873,26.116339810007528,25.4702215239577,25.526405334472656,47200,0.0,0.0
2023-01-18 00:00:00-05:00,25.488947852429014,25.648136801322167,24.964561462096132,25.142478942871094,76300,0.0,0.0
2023-01-19 00:00:00-05:00,25.12375191505264,25.133116181554147,24.796009731704746,25.048839569091797,67200,0.0,0.0
2023-01-20 00:00:00-05:00,25.24548473337473,25.47958604634468,24.927108590902776,25.460859298706055,51500,0.0,0.0
2023-01-23 00:00:00-05:00,25.423400730446726,25.71368584129802,25.264211775582886,25.55449867248535,30300,0.0,0.0
2023-01-24 00:00:00-05:00,25.3953085005613,25.760505938196506,25.18929822410978,25.451492309570312,26900,0.0,0.0
2023-01-25 00:00:00-05:00,25.395307971176447,25.91033007946704,25.0488372863993,25.779233932495117,68600,0.0,0.0
2023-01-26 00:00:00-05:00,25.966515269183915,26.041427612304688,25.563860755140595,26.041427612304688,45500,0.0,0.0
2023-01-27 00:00:00-05:00,26.05078854018995,26.771820866613115,25.975876206668772,26.603267669677734,75700,0.0,0.0
2023-01-30 00:00:00-05:00,26.593903172032743,26.67817976976301,25.760503245645573,25.910327911376953,58900,0.0,0.0
2023-01-31 00:00:00-05:00,26.041426952209694,27.38048661434589,25.844782726271365,26.90291976928711,280100,0.0,0.0
2023-02-01 00:00:00-05:00,26.846736248588833,28.176431659115234,26.781188172571166,27.82059669494629,64100,0.0,0.0
2023-02-02 00:00:00-05:00,27.961061339221086,28.344987348873847,27.72696002669861,28.13897705078125,57400,0.0,0.0
2023-02-03 00:00:00-05:00,27.539673344607927,28.49480695779745,26.696909127226387,27.099563598632812,93000,0.0,0.0
2023-02-06 00:00:00-05:00,26.818641376105862,27.099563976517615,26.387895889279207,26.659452438354492,48600,0.0,0.0
2023-02-07 00:00:00-05:00,26.49090493454748,26.987198565632998,26.27553037326851,26.771825790405273,47300,0.0,0.0
2023-02-08 00:00:00-05:00,26.57517744902025,26.696911119065614,26.10697487264811,26.209980010986328,45600,0.0,0.0
2023-02-09 00:00:00-05:00,26.331713531678435,26.49090247818409,25.79796109735872,25.80732536315918,38700,0.0,0.0
2023-02-10 00:00:00-05:00,25.79796218618566,26.434717999083144,25.694958830135413,26.266164779663086,42200,0.0,0.0
2023-02-13 00:00:00-05:00,26.322346574577104,26.54708357265689,26.303618044891063,26.44407844543457,24800,0.0,0.0
2023-02-14 00:00:00-05:00,26.269765515187444,26.571285145984092,25.996515652425177,26.034204483032227,45900,0.175,0.0
2023-02-15 00:00:00-05:00,25.845755998094255,26.34514422181258,25.74210857180343,26.25092124938965,32300,0.0,0.0
2023-02-16 00:00:00-05:00,25.874022019984707,26.22265312635467,25.789221704736434,25.911712646484375,33000,0.0,0.0
2023-02-17 00:00:00-05:00,26.06247054638291,26.335722186334117,25.80806421894998,26.279186248779297,65100,0.0,0.0
2023-02-21 00:00:00-05:00,25.93055708835058,26.429945292373542,25.68557341589927,26.3262996673584,89000,0.0,0.0
2023-02-22 00:00:00-05:00,26.4205264908553,27.06125099502543,26.4205264908553,26.957605361938477,100500,0.0,0.0
2023-02-23 00:00:00-05:00,27.098940400253166,27.31565611087714,26.316877872933098,26.646663665771484,47200,0.0,0.0
2023-02-24 00:00:00-05:00,26.250918619536076,26.552436414334178,25.817485441622942,26.0247802734375,43000,0.0,0.0
2023-02-27 00:00:00-05:00,26.26034322636073,26.32630002422479,25.732685249072347,26.0718936920166,53900,0.0,0.0
2023-02-28 00:00:00-05:00,25.939980767705183,26.524171104354544,25.817488028054576,26.25092124938965,143100,0.0,0.0
2023-03-01 00:00:00-05:00,26.18496393905725,26.288609566138373,25.883444322746087,25.92113494873047,44500,0.0,0.0
2023-03-02 00:00:00-05:00,25.779799595720505,26.109583598657842,25.525393253007675,25.798643112182617,34700,0.0,0.0
2023-03-03 00:00:00-05:00,25.968245780979466,26.307454217556707,25.572503204035318,26.279186248779297,47800,0.0,0.0
2023-03-06 00:00:00-05:00,26.335722518143122,26.38283400284445,25.252140398133083,25.487701416015625,95900,0.0,0.0
2023-03-07 00:00:00-05:00,25.44058870479149,25.563079637422273,25.08253676563486,25.421743392944336,65500,0.0,0.0
2023-03-08 00:00:00-05:00,25.450013439804334,25.638461182107168,25.157918271062737,25.270986557006836,35100,0.0,0.0
2023-03-09 00:00:00-05:00,25.261563729835174,25.30867701298394,24.50776917133483,24.63968276977539,39500,0.0,0.0
2023-03-10 00:00:00-05:00,24.65852751922485,24.65852751922485,23.45245445601282,23.725706100463867,62700,0.0,0.0
2023-03-13 00:00:00-04:00,23.433613466730023,23.433613466730023,22.453678660251573,22.58559226989746,59900,0.0,0.0
2023-03-14 00:00:00-04:00,23.235735761670256,23.414762616141317,22.547898106581073,22.821147918701172,76700,0.0,0.0
2023-03-15 00:00:00-04:00,22.227536137867936,22.53847658645735,21.888327722247556,22.105043411254883,77900,0.0,0.0
2023-03-16 00:00:00-04:00,21.81295168809348,22.44425533975836,21.59623596516669,22.114469528198242,89800,0.0,0.0
2023-03-17 00:00:00-04:00,22.12389129381309,22.821151720254544,21.954287066291762,22.529056549072266,273300,0.0,0.0
2023-03-20 00:00:00-04:00,22.472523071725316,22.83057505373696,22.472523071725316,22.708084106445312,109500,0.0,0.0
2023-03-21 00:00:00-04:00,23.113250406821283,23.311120822180143,22.858844046627187,22.877689361572266,102000,0.0,0.0
2023-03-22 00:00:00-04:00,22.839999175268087,23.009603418691444,22.265229638597418,22.425411224365234,79900,0.0,0.0
2023-03-23 00:00:00-04:00,22.510209301192422,22.75519296465053,22.274648293696686,22.481943130493164,50200,0.0,0.0
2023-03-24 00:00:00-04:00,22.218116569157097,22.72692926328167,22.218116569157097,22.613859176635742,52200,0.0,0.0
2023-03-27 00:00:00-04:00,22.95306887545683,22.95306887545683,22.67981719970703,22.67981719970703,40400,0.0,0.0
2023-03-28 00:00:00-04:00,22.538478493419756,22.91537576644926,22.538478493419756,22.792884826660156,30700,0.0,0.0
2023-03-29 00:00:00-04:00,23.028444120843265,23.037866776611217,22.660967734644416,22.934219360351562,30000,0.0,0.0
2023-03-30 00:00:00-04:00,23.103825465349573,23.273429688712227,22.81172850414146,22.887109756469727,27900,0.0,0.0
2023-03-31 00:00:00-04:00,23.113250539413276,23.58437263261396,23.037871076388694,23.55610466003418,108400,0.0,0.0
2023-04-03 00:00:00-04:00,23.584372571743135,24.112028811553344,23.44303450639719,24.046072006225586,90300,0.0,0.0
2023-04-04 00:00:00-04:00,24.15913680968961,24.15913680968961,23.08497917033341,23.301694869995117,71600,0.0,0.0
2023-04-05 00:00:00-04:00,23.226314817768774,23.34880754723806,22.265225482559288,22.632701873779297,90700,0.0,0.0
2023-04-06 00:00:00-04:00,22.764613837041722,22.764613837041722,22.171000935423752,22.3311824798584,51200,0.0,0.0
2023-04-10 00:00:00-04:00,22.350030480625733,22.943645298619206,22.350030480625733,22.802309036254883,40400,0.0,0.0
2023-04-11 00:00:00-04:00,23.00017842184391,23.358232187586484,22.915376308756876,22.9247989654541,31000,0.0,0.0
2023-04-12 00:00:00-04:00,23.21689446885844,23.21689446885844,22.830574524645534,22.86826515197754,28500,0.0,0.0
2023-04-13 00:00:00-04:00,22.905953109975027,23.047289362712593,22.54790114989399,22.792884826660156,73700,0.0,0.0
2023-04-14 00:00:00-04:00,22.840000345135927,22.90595715491484,22.52905981532942,22.689241409301758,52300,0.0,0.0
2023-04-17 00:00:00-04:00,22.651552573937355,22.764620877218842,22.57617130883199,22.689241409301758,68100,0.0,0.0
2023-04-18 00:00:00-04:00,22.755195430418468,22.755195430418468,22.24638453363028,22.32176399230957,78000,0.0,0.0
2023-04-19 00:00:00-04:00,22.142736631443867,22.7175061148496,21.954287090173395,22.576168060302734,88600,0.0,0.0
2023-04-20 00:00:00-04:00,22.46309439481066,22.642121236433283,22.35002433768385,22.519628524780273,38900,0.0,0.0
2023-04-21 00:00:00-04:00,22.613856550526314,22.613856550526314,22.312338750736018,22.387718200683594,52500,0.0,0.0
2023-04-24 00:00:00-04:00,22.321761435440678,22.5950112679079,22.31233877953659,22.434829711914062,53600,0.0,0.0
2023-04-25 00:00:00-04:00,22.340607532560085,22.415988788506628,22.16158244125122,22.36887550354004,47900,0.0,0.0
2023-04-26 00:00:00-04:00,22.199272469194447,22.22754044169883,21.87890930289739,22.095626831054688,63200,0.0,0.0
2023-04-27 00:00:00-04:00,22.359455385879148,23.73513291094036,22.359455385879148,23.66917610168457,78600,0.0,0.0
2023-04-28 00:00:00-04:00,23.424188481965594,23.88588786704174,23.009600582171274,23.132091522216797,72700,0.0,0.0
2023-05-01 00:00:00-04:00,23.122674895924952,23.98011702477743,23.122674895924952,23.753976821899414,51200,0.0,0.0
2023-05-02 00:00:00-04:00,23.75397246490096,23.810508403844683,23.11324799823045,23.622058868408203,57400,0.0,0.0
2023-05-03 00:00:00-04:00,23.716283984200103,24.168560719259972,23.66917249824353,23.857620239257812,59700,0.0,0.0
2023-05-04 00:00:00-04:00,23.631481666362262,23.782240576738737,23.22631642077999,23.4241886138916,30600,0.0,0.0
2023-05-05 00:00:00-04:00,23.80108830273095,24.196830931885646,23.706863524896374,24.046072006225586,58100,0.0,0.0
2023-05-08 00:00:00-04:00,24.121448544864364,24.215673311276277,23.565524399940823,23.678592681884766,30200,0.0,0.0
2023-05-09 00:00:00-04:00,23.27343213323875,23.367655114169857,22.934223650884658,23.264009475708008,37200,0.0,0.0
2023-05-10 00:00:00-04:00,23.622058157207228,23.622058157207228,23.25458355107659,23.395919799804688,58900,0.0,0.0
2023-05-11 00:00:00-04:00,23.273430064988933,23.39592100762681,23.084980525497425,23.169782638549805,46300,0.0,0.0
2023-05-12 00:00:00-04:00,23.29789924621582,23.592089917725893,23.240959875307727,23.29789924621582,41400,0.175,0.0
2023-05-15 00:00:00-04:00,23.33585889476375,23.449737631022746,23.17452917667194,23.307388305664062,31700,0.0,0.0
2023-05-16 00:00:00-04:00,23.259935333821748,23.40228463592419,23.165035195730255,23.21248435974121,45800,0.0,0.0
2023-05-17 00:00:00-04:00,23.36432814534721,23.943215609984694,23.24095740971954,23.886276245117188,61100,0.0,0.0
2023-05-18 00:00:00-04:00,23.75341735894092,24.332304829310505,23.75341735894092,24.29434585571289,32300,0.0,0.0
2023-05-19 00:00:00-04:00,24.5600638405715,24.5600638405715,23.829336863423457,23.981176376342773,38700,0.0,0.0
2023-05-22 00:00:00-04:00,24.085565850853936,24.4936352365381,23.962196920564928,24.446186065673828,35700,0.0,0.0
2023-05-23 00:00:00-04:00,24.322816656162583,24.569556340311056,24.019137601847522,24.057098388671875,42300,0.0,0.0
2023-05-24 00:00:00-04:00,24.00015768008459,24.00015768008459,23.516168535484436,23.563617706298828,38800,0.0,0.0
2023-05-25 00:00:00-04:00,23.535148340254004,23.57310912693319,23.203000507160812,23.411779403686523,29400,0.0,0.0
2023-05-26 00:00:00-04:00,23.373818107210816,23.80086789768777,23.288409959185323,23.62055778503418,33200,0.0,0.0
2023-05-30 00:00:00-04:00,23.677495352794903,23.8862742129265,22.851866487144736,22.90880584716797,87900,0.0,0.0
2023-05-31 00:00:00-04:00,22.85186966485336,22.85186966485336,22.415331493855593,22.70952033996582,112900,0.0,0.0
2023-06-01 00:00:00-04:00,22.690539064293105,23.11758883240695,22.557679940910933,23.03217887878418,43500,0.0,0.0
2023-06-02 00:00:00-04:00,23.288410317992764,24.759356401063275,23.08911980934306,24.626497268676758,64300,0.0,0.0
2023-06-05 00:00:00-04:00,24.95864234288859,24.95864234288859,24.465164844214716,24.56955337524414,37000,0.0,0.0
2023-06-06 00:00:00-04:00,24.351288990480615,25.35722638246861,24.351288990480615,25.08201789855957,64000,0.0,0.0
2023-06-07 00:00:00-04:00,25.338242497273953,26.031010470889797,25.338242497273953,25.85070037841797,66500,0.0,0.0
2023-06-08 00:00:00-04:00,25.822227956404387,25.822227956404387,25.36670946997896,25.5185489654541,48200,0.0,0.0
2023-06-09 00:00:00-04:00,25.651414981938206,25.765293721152823,25.262325971160063,25.414165496826172,45800,0.0,0.0
2023-06-12 00:00:00-04:00,25.39518234217542,25.812741897387525,25.39518234217542,25.641921997070312,54200,0.0,0.0
2023-06-13 00:00:00-04:00,25.70835326641861,26.277752368667638,25.70835326641861,26.116422653198242,51700,0.0,0.0
2023-06-14 00:00:00-04:00,26.391632417655543,26.439083401080595,25.622944586869053,25.67988395690918,41000,0.0,0.0
2023-06-15 00:00:00-04:00,25.395180744081742,25.95508957763377,25.395180744081742,25.86018943786621,47300,0.0,0.0
2023-06-16 00:00:00-04:00,26.154379801995297,27.008477490704625,25.575492354019158,26.99898910522461,258000,0.0,0.0
2023-06-20 00:00:00-04:00,26.75225039359007,26.799699562940607,26.09744135814791,26.296730041503906,68500,0.0,0.0
2023-06-21 00:00:00-04:00,26.144892328066334,26.752252235986116,26.144892328066334,26.676332473754883,44400,0.0,0.0
2023-06-22 00:00:00-04:00,26.761740143938038,26.761740143938038,26.29672960370942,26.458059310913086,36600,0.0,0.0
2023-06-23 00:00:00-04:00,26.144891045947073,26.410611105760704,25.898153188347774,25.993051528930664,154500,0.0,0.0
2023-06-26 00:00:00-04:00,25.907645073538138,26.230304543295116,25.717846556667606,25.822235107421875,52700,0.0,0.0
2023-06-27 00:00:00-04:00,25.983561371699135,26.201832261547594,25.86019244271507,26.040502548217773,38000,0.0,0.0
2023-06-28 00:00:00-04:00,26.08795228469385,26.54347084630884,26.012032524424683,26.524492263793945,60800,0.0,0.0
2023-06-29 00:00:00-04:00,26.505514690227916,27.036953068633697,26.505514690227916,26.894603729248047,42000,0.0,0.0
2023-06-30 00:00:00-04:00,27.122358236171287,27.473488233937605,27.046438481258264,27.359607696533203,63800,0.0,0.0
2023-07-03 00:00:00-04:00,27.17929917150416,27.198279563847407,26.856639741948328,27.18878936767578,20400,0.0,0.0
2023-07-05 00:00:00-04:00,26.894600518322882,26.894600518322882,26.439081962644785,26.448572158813477,33700,0.0,0.0
2023-07-06 00:00:00-04:00,26.192340835716706,26.391629513965754,25.96458157054505,26.287240982055664,40300,0.0,0.0
2023-07-07 00:00:00-04:00,26.37265119399797,27.027458409076768,26.37265119399797,26.60041046142578,55100,0.0,0.0
2023-07-10 00:00:00-04:00,26.58143231844836,26.998991915755106,26.57194212191072,26.676332473754883,35900,0.0,0.0
2023-07-11 00:00:00-04:00,26.80919085230146,27.017969740057065,26.496021615633122,26.571941375732422,32000,0.0,0.0
2023-07-12 00:00:00-04:00,27.01796777120459,27.141338503669342,26.733269144096234,26.76173973083496,47400,0.0,0.0
2023-07-13 00:00:00-04:00,26.79970018805091,27.027459464371645,26.666841062714603,26.828170776367188,30900,0.0,0.0
2023-07-14 00:00:00-04:00,26.761742739326888,26.961031438692356,26.391632310395412,26.704801559448242,77400,0.0,0.0
2023-07-17 00:00:00-04:00,26.57194161560711,26.961030615887193,26.57194161560711,26.88511085510254,38600,0.0,0.0
2023-07-18 00:00:00-04:00,26.9040896879646,27.226749105109622,26.761740371005267,26.961029052734375,43900,0.0,0.0
2023-07-19 00:00:00-04:00,26.923070484201634,27.19827892644978,26.80918994288081,26.989500045776367,28100,0.0,0.0
2023-07-20 00:00:00-04:00,27.084400621126957,27.084400621126957,26.799700168382607,26.923070907592773,24200,0.0,0.0
2023-07-21 00:00:00-04:00,26.98001152267982,27.122360850604643,26.66684227721724,26.676332473754883,34700,0.0,0.0
2023-07-24 00:00:00-04:00,26.714288752937083,26.847149680981413,26.524490271554757,26.76173973083496,24700,0.0,0.0
2023-07-25 00:00:00-04:00,26.61938702789152,26.828167698115834,26.458057332749828,26.6953067779541,29000,0.0,0.0
2023-07-26 00:00:00-04:00,26.704801646303913,26.98950211641332,26.42959318294175,26.56245231628418,35500,0.0,0.0
2023-07-27 00:00:00-04:00,26.695307670784008,26.695307670784008,26.30621871244141,26.514999389648438,49900,0.0,0.0
2023-07-28 00:00:00-04:00,26.989503109727472,29.314547079139913,26.904093146558242,29.200668334960938,85700,0.0,0.0
2023-07-31 00:00:00-04:00,29.333523701564406,30.367931513550296,29.333523701564406,30.083232879638672,85900,0.0,0.0
2023-08-01 00:00:00-04:00,30.026292040576006,31.136621431429248,29.855472134290892,30.851919174194336,60400,0.0,0.0
2023-08-02 00:00:00-04:00,30.719061443378887,31.611121798871874,30.47232357875429,30.5577335357666,54300,0.0,0.0
2023-08-03 00:00:00-04:00,30.339459020984428,31.459278524909184,30.25404907416025,31.39284896850586,54200,0.0,0.0
2023-08-04 00:00:00-04:00,31.592137637715837,31.71550474524241,31.117638737612467,31.39284896850586,31400,0.0,0.0
2023-08-07 00:00:00-04:00,31.297953934743852,32.01919444960758,31.297953934743852,31.791433334350586,44400,0.0,0.0
2023-08-08 00:00:00-04:00,31.402336172865297,31.497234501261907,30.719056623964338,31.354887008666992,27000,0.0,0.0
2023-08-09 00:00:00-04:00,31.212540358436605,31.212540358436605,30.60518228152938,30.624162673950195,32800,0.0,0.0
2023-08-10 00:00:00-04:00,30.61467056781377,31.146110693444037,30.54824100462745,30.861412048339844,29200,0.0,0.0
2023-08-11 00:00:00-04:00,30.38691642793559,30.908864604483316,30.38691642793559,30.785493850708008,25600,0.0,0.0
2023-08-14 00:00:00-04:00,30.523102843669662,30.771180798728068,30.332274907392954,30.46585464477539,18800,0.175,0.0
2023-08-15 00:00:00-04:00,30.42768434420986,30.52309921093605,29.874280301062647,29.912446975708008,20100,0.0,0.0
2023-08-16 00:00:00-04:00,29.960153956744687,30.217773554874153,29.56895463509057,29.616662979125977,22300,0.0,0.0
2023-08-17 00:00:00-04:00,30.00786569277164,30.00786569277164,29.23500681102179,29.26363182067871,24500,0.0,0.0
2023-08-18 00:00:00-04:00,29.044176432342898,29.607122169078327,28.777015157657292,29.349502563476562,30400,0.0,0.0
2023-08-21 00:00:00-04:00,29.263629598079483,29.712077129319905,28.729308864277893,29.282712936401367,26700,0.0,0.0
2023-08-22 00:00:00-04:00,29.3399579368947,29.46399598270685,29.13958836599343,29.244543075561523,27100,0.0,0.0
2023-08-23 00:00:00-04:00,29.34950209237196,29.597580024907852,29.28271222974446,29.483081817626953,24800,0.0,0.0
2023-08-24 00:00:00-04:00,29.387664457617735,29.883820280640567,27.670204233168985,29.244543075561523,168200,0.0,0.0
2023-08-25 00:00:00-04:00,29.244549041123705,29.492627003240262,28.996471079007147,29.177759170532227,32800,0.0,0.0
2023-08-28 00:00:00-04:00,29.235003652048675,29.91244758162872,29.225461983194055,29.54987144470215,106400,0.0,0.0
2023-08-29 00:00:00-04:00,29.664369115501774,30.208231491185344,29.40674952073991,29.797948837280273,198500,0.0,0.0
2023-08-30 00:00:00-04:00,29.64528762022762,31.08604874270576,29.64528762022762,30.933382034301758,61200,0.0,0.0
2023-08-31 00:00:00-04:00,30.771180071399172,31.06696636845092,30.3608973792652,30.666223526000977,68600,0.0,0.0
2023-09-01 00:00:00-04:00,30.771175596625564,31.32458143196659,30.771175596625564,31.190998077392578,42000,0.0,0.0
2023-09-05 00:00:00-04:00,31.124211478471594,31.21962817029961,30.160526549543718,31.066965103149414,64500,0.0,0.0
2023-09-06 00:00:00-04:00,31.15284091325624,31.429540243279376,30.561268293734535,31.400917053222656,32200,0.0,0.0
2023-09-07 00:00:00-04:00,31.46769987805353,31.46769987805353,30.79979768798899,31.152833938598633,60300,0.0,0.0
2023-09-08 00:00:00-04:00,31.248255942004562,31.572665462260655,30.9715529547736,31.448625564575195,46600,0.0,0.0
2023-09-11 00:00:00-04:00,31.60128466615962,31.60128466615962,31.124212116562752,31.353208541870117,41000,0.0,0.0
2023-09-12 00:00:00-04:00,31.17191935124233,31.267336047192703,30.704390280297236,30.713930130004883,49400,0.0,0.0
2023-09-13 00:00:00-04:00,30.92384112119128,31.171917234265106,30.11281745956604,30.294105529785156,64900,0.0,0.0
2023-09-14 00:00:00-04:00,30.437227648688758,30.952465044881517,30.437227648688758,30.628055572509766,53600,0.0,0.0
2023-09-15 00:00:00-04:00,30.580349681558893,30.68530622476673,30.065112274666696,30.217775344848633,230100,0.0,0.0
2023-09-18 00:00:00-04:00,30.150984405806206,30.284564132488352,29.406750600247214,29.463998794555664,47200,0.0,0.0
2023-09-19 00:00:00-04:00,29.339961781358824,31.219628790290855,29.320878442614244,30.217775344848633,139300,0.0,0.0
2023-09-20 00:00:00-04:00,30.31319077644377,30.46585384943469,29.893366415775045,29.969697952270508,32900,0.0,0.0
2023-09-21 00:00:00-04:00,29.58803886907703,30.25593932682164,29.58803886907703,30.160526275634766,35600,0.0,0.0
2023-09-22 00:00:00-04:00,30.122361025261426,30.351355634747808,29.96015628272265,29.969697952270508,37500,0.0,0.0
2023-09-25 00:00:00-04:00,29.874282763448996,30.418145182762704,29.874282763448996,30.150985717773438,35400,0.0,0.0
2023-09-26 00:00:00-04:00,29.998324317218376,30.208235597099694,29.883826097354724,29.893367767333984,35900,0.0,0.0
2023-09-27 00:00:00-04:00,30.141446505264447,30.828432202406663,30.141446505264447,30.227319717407227,58100,0.0,0.0
2023-09-28 00:00:00-04:00,30.150984136975975,31.70623977768088,30.150984136975975,31.544036865234375,84400,0.0,0.0
2023-09-29 00:00:00-04:00,31.87798891422879,31.89707225376132,31.047883663325546,31.391376495361328,84600,0.0,0.0
2023-10-02 00:00:00-04:00,31.12421035346415,31.486786489755772,30.837967567875815,30.9143009185791,60800,0.0,0.0
2023-10-03 00:00:00-04:00,30.81888198078416,30.97154503127363,30.141439921723016,30.17006492614746,59000,0.0,0.0
2023-10-04 00:00:00-04:00,30.179606413001995,30.733010456045154,29.96969516215363,30.675764083862305,38000,0.0,0.0
2023-10-05 00:00:00-04:00,30.656686190535584,31.00017904372759,30.551729636529686,30.952468872070312,58700,0.0,0.0
2023-10-06 00:00:00-04:00,30.847512000122776,31.37229106304837,30.6375989190427,30.857051849365234,31100,0.0,0.0
2023-10-09 00:00:00-04:00,30.74255727017411,31.181463156668666,30.74255727017411,31.019256591796875,25300,0.0,0.0
2023-10-10 00:00:00-04:00,31.009713630787605,31.343662937055537,30.799800558405217,30.818883895874023,35100,0.0,0.0
2023-10-11 00:00:00-04:00,30.799801925561567,31.25779112581894,30.799801925561567,31.229167938232422,22300,0.0,0.0
2023-10-12 00:00:00-04:00,31.200545936435972,31.200545936435972,30.551726968135732,30.780719757080078,37900,0.0,0.0
2023-10-13 00:00:00-04:00,30.67576588180245,30.828428949528504,29.960155249491507,30.026945114135742,59700,0.0,0.0
2023-10-16 00:00:00-04:00,30.303649898002103,30.56126770297003,29.969698734658575,30.46585464477539,42600,0.0,0.0
2023-10-17 00:00:00-04:00,30.17006558741866,31.477245033258683,30.17006558741866,31.105125427246094,69900,0.0,0.0
2023-10-18 00:00:00-04:00,30.79025821972804,30.923837931433393,29.626200206682825,29.65482521057129,34400,0.0,0.0
2023-10-19 00:00:00-04:00,29.521249046014187,30.084194784252325,29.339960972711914,29.39720916748047,28700,0.0,0.0
2023-10-20 00:00:00-04:00,29.578497003059848,29.807491600180935,29.406750600247214,29.463998794555664,45400,0.0,0.0
2023-10-23 00:00:00-04:00,29.378129482715323,29.67391396401539,28.624353955020492,29.187299728393555,24200,0.0,0.0
2023-10-24 00:00:00-04:00,29.48308535147598,29.48308535147598,28.738853284551748,28.853349685668945,34800,0.0,0.0
2023-10-25 00:00:00-04:00,28.59572815796927,28.843806103796975,28.233153818613303,28.36673355102539,29700,0.0,0.0
2023-10-26 00:00:00-04:00,28.376274124800457,28.93921986092541,28.376274124800457,28.70068359375,34600,0.0,0.0
2023-10-27 00:00:00-04:00,29.11096661474155,29.79795041731321,28.366732797040097,29.492624282836914,68100,0.0,0.0
2023-10-30 00:00:00-04:00,29.588037854621152,29.7407009151507,27.546168055123015,28.15682029724121,57000,0.0,0.0
2023-10-31 00:00:00-04:00,28.1568195818161,28.328565975519815,27.75607860313649,28.194984436035156,56500,0.0,0.0
2023-11-01 00:00:00-04:00,28.194985411103367,28.595726403641816,27.565249825669696,28.414440155029297,52600,0.0,0.0
2023-11-02 00:00:00-04:00,28.786558705764367,29.13005153565465,28.43352420616742,28.862890243530273,49900,0.0,0.0
2023-11-03 00:00:00-04:00,28.891512835812257,29.931531088302567,28.86288782908681,29.597579956054688,60600,0.0,0.0
2023-11-06 00:00:00-05:00,29.387664457617735,29.435372798227878,29.02509016841619,29.244543075561523,34900,0.0,0.0
2023-11-07 00:00:00-05:00,29.196838098821324,29.196838098821324,28.6434340576884,28.777013778686523,37600,0.0,0.0
2023-11-08 00:00:00-05:00,28.834261970558977,28.958301842817697,28.38581446443155,28.777013778686523,69400,0.0,0.0
2023-11-09 00:00:00-05:00,29.158673283493425,29.25408815595604,28.786557282765283,28.89151382446289,28700,0.0,0.0
2023-11-10 00:00:00-05:00,28.777016793481476,29.368587571096153,28.777016793481476,29.25408935546875,33800,0.0,0.0
2023-11-13 00:00:00-05:00,28.958303523387265,29.339961191164793,28.700683915179695,28.84380531311035,29900,0.0,0.0
2023-11-14 00:00:00-05:00,29.10296693461192,30.609947464483756,29.10296693461192,30.59075164794922,60300,0.18,0.0
2023-11-15 00:00:00-05:00,30.67714013859311,30.811520020276184,29.707682662467242,30.14921760559082,37500,0.0,0.0
2023-11-16 00:00:00-05:00,30.120418808711296,30.27399815837386,29.928447825512862,30.10122299194336,33600,0.0,0.0
2023-11-17 00:00:00-05:00,30.408377454125734,30.71553248606019,30.245201114562004,30.696334838867188,59400,0.0,0.0
2023-11-20 00:00:00-05:00,30.686735432422655,30.773124843150338,30.302791649797012,30.389179229736328,51100,0.0,0.0
2023-11-21 00:00:00-05:00,30.23560363057905,30.417977625416015,29.880454464926903,29.938047409057617,18200,0.0,0.0
2023-11-22 00:00:00-05:00,30.206808670437958,30.523562555857264,30.005238848256845,30.42757797241211,28700,0.0,0.0
2023-11-24 00:00:00-05:00,30.33159007245845,30.686737407702065,30.245202486958437,30.475568771362305,24300,0.0,0.0
2023-11-27 00:00:00-05:00,30.56195339636351,30.744325542940935,30.101220872186364,30.485164642333984,30200,0.0,0.0
2023-11-28 00:00:00-05:00,30.35078691781092,30.504364436685044,30.10122299194336,30.10122299194336,55200,0.0,0.0
2023-11-29 00:00:00-05:00,30.513965791849174,31.45462863068606,30.39878172774389,30.494768142700195,71600,0.0,0.0
2023-11-30 00:00:00-05:00,30.504364092951587,30.58115285152337,30.024433894180856,30.31239128112793,104500,0.0,0.0
2023-12-01 00:00:00-05:00,30.16841395548873,30.715534113967617,29.822863610854274,30.54275894165039,146900,0.0,0.0
2023-12-04 00:00:00-05:00,30.715531835544933,31.838566710725214,30.20680518043491,31.76177978515625,81100,0.0,0.0
2023-12-05 00:00:00-05:00,31.55060993044961,32.27050522149824,31.39703241482231,31.79057502746582,41100,0.0,0.0
2023-12-06 00:00:00-05:00,31.790580899286464,32.12653429410689,31.445030509906587,31.684995651245117,50400,0.0,0.0
2023-12-07 00:00:00-05:00,31.694589251433207,32.270503997802734,31.512217102784074,32.270503997802734,35800,0.0,0.0
2023-12-08 00:00:00-05:00,32.356897250354855,32.74084292298499,32.23211801909077,32.54887008666992,42700,0.0,0.0
2023-12-11 00:00:00-05:00,32.587270846088984,32.606468499094696,32.0113522406514,32.30891036987305,31500,0.0,0.0
2023-12-12 00:00:00-05:00,32.30889975481499,32.30889975481499,31.944151790699898,32.14572525024414,40300,0.0,0.0
2023-12-13 00:00:00-05:00,32.19371939104658,33.335951973582496,32.097731152024494,33.32635498046875,107300,0.0,0.0
2023-12-14 00:00:00-05:00,34.017453314103506,34.123038550338165,33.11518580173132,33.55672073364258,82700,0.0,0.0
2023-12-15 00:00:00-05:00,33.90227123878071,33.90227123878071,32.64485271487865,32.82722854614258,165100,0.0,0.0
2023-12-18 00:00:00-05:00,32.827223126497415,33.09598283989151,32.71204091526801,32.98080062866211,80800,0.0,0.0
2023-12-19 00:00:00-05:00,33.105587006377576,33.643106490204076,33.105587006377576,33.36474609375,58900,0.0,0.0
2023-12-20 00:00:00-05:00,33.403135413014944,34.23821279140686,33.20156564264038,33.297550201416016,58100,0.0,0.0
2023-12-21 00:00:00-05:00,33.60471103403095,33.8542767888194,33.19197443017655,33.74869155883789,43400,0.0,0.0
2023-12-22 00:00:00-05:00,33.98865330265363,34.59336632091802,33.77748286354431,34.439788818359375,51900,0.0,0.0
2023-12-26 00:00:00-05:00,34.36300270311404,35.21727790099168,34.36300270311404,34.91972351074219,33400,0.0,0.0
2023-12-27 00:00:00-05:00,34.96772074188221,35.10210063538347,34.67976330415415,34.804542541503906,29900,0.0,0.0
2023-12-28 00:00:00-05:00,34.58377159893139,34.85253502068776,34.28621719632639,34.420597076416016,38200,0.0,0.0
2023-12-29 00:00:00-05:00,34.43979707367468,34.6509639018248,33.97906445555985,34.103843688964844,52600,0.0,0.0
2024-01-02 00:00:00-05:00,33.825484570205184,34.20942656121705,33.32635668647036,33.604713439941406,38300,0.0,0.0
2024-01-03 00:00:00-05:00,33.58551705114176,33.58551705114176,32.59685834797286,32.8464241027832,53000,0.0,0.0
2024-01-04 00:00:00-05:00,33.02879689950537,33.05759154039533,32.529669041810315,32.596858978271484,35800,0.0,0.0
2024-01-05 00:00:00-05:00,32.280105851204645,32.779233692006315,32.040140754371734,32.06893539428711,51600,0.0,0.0
2024-01-08 00:00:00-05:00,32.10733593570062,32.702448447861,31.896165444272544,32.29930877685547,54600,0.0,0.0
2024-01-09 00:00:00-05:00,31.857765460112915,31.896160755014627,31.20506009309123,31.387435913085938,83800,0.0,0.0
2024-01-10 00:00:00-05:00,31.22425678638675,31.713787627482283,31.22425678638675,31.65619468688965,43900,0.0,0.0
2024-01-11 00:00:00-05:00,31.368240126480952,31.7137904779416,30.955499835744856,31.66579818725586,50800,0.0,0.0
2024-01-12 00:00:00-05:00,32.08812915151044,32.13612143274375,31.493016808749353,31.70418357849121,30800,0.0,0.0
2024-01-16 00:00:00-05:00,31.320243137167147,31.569805208240215,31.16666563306606,31.377832412719727,24000,0.0,0.0
2024-01-17 00:00:00-05:00,30.907509754931997,31.33944772514117,30.907509754931997,31.17626953125,23300,0.0,0.0
2024-01-18 00:00:00-05:00,31.329840007482062,31.560208093526715,30.926700433874558,31.483417510986328,23100,0.0,0.0
2024-01-19 00:00:00-05:00,31.694595324975904,31.809777564006513,30.907509978708237,31.243459701538086,69100,0.0,0.0
2024-01-22 00:00:00-05:00,31.45462738392521,32.14572807958671,31.253057568216285,32.049739837646484,61000,0.0,0.0
2024-01-23 00:00:00-05:00,32.34729700249522,32.34729700249522,31.80977384719694,31.867366790771484,44000,0.0,0.0
2024-01-24 00:00:00-05:00,32.145723345792184,32.212913274467404,31.397029815219515,31.58900260925293,69500,0.0,0.0
2024-01-25 00:00:00-05:00,32.145727070828904,32.596858978271484,32.01134353632965,32.596858978271484,48600,0.0,0.0
2024-01-26 00:00:00-05:00,32.7888372906607,33.10559303985289,32.12653480813729,32.44328689575195,32300,0.0,0.0
2024-01-29 00:00:00-05:00,32.32809466909615,32.70243959413188,32.18411416181638,32.587257385253906,25300,0.0,0.0
2024-01-30 00:00:00-05:00,32.4912754631974,33.019201651256886,32.25131034556203,32.616058349609375,31200,0.0,0.0
2024-01-31 00:00:00-05:00,32.644852291367755,32.760038181696025,31.780980083367915,32.049739837646484,83700,0.0,0.0
2024-02-01 00:00:00-05:00,32.09772610846673,32.529663962252855,31.694586552650577,32.452877044677734,47200,0.0,0.0
2024-02-02 00:00:00-05:00,33.374342255824814,33.88306703070395,32.55845882379212,32.97119903564453,57200,0.0,0.0
2024-02-05 00:00:00-05:00,32.817625077198315,33.24956298055534,32.31849724016095,33.182373046875,105900,0.0,0.0
2024-02-06 00:00:00-05:00,33.2399716886377,34.05585168701242,33.211173382423695,33.54712677001953,52200,0.0,0.0
2024-02-07 00:00:00-05:00,33.470328730522624,33.93106125020332,33.105584440927444,33.80628204345703,52400,0.0,0.0
2024-02-08 00:00:00-05:00,33.7582909633459,34.34380643574219,33.7582909633459,34.33420944213867,90800,0.0,0.0
2024-02-09 00:00:00-05:00,34.554980477940546,34.9869184662303,34.209430087308746,34.977317810058594,48700,0.0,0.0
2024-02-12 00:00:00-05:00,34.95811537977071,35.99476640993376,34.48778581583069,35.61082077026367,88100,0.0,0.0
2024-02-13 00:00:00-05:00,34.62216591436098,34.91972397010172,33.61431318070323,34.06544876098633,84100,0.0,0.0
2024-02-14 00:00:00-05:00,34.538177231646074,35.396807324127,34.4031123200526,35.24244689941406,128000,0.18,0.0
2024-02-15 00:00:00-05:00,35.68623438894884,37.29737100375983,35.56081540065302,37.2491340637207,133800,0.0,0.0
2024-02-16 00:00:00-05:00,37.08512771927405,37.19125120600205,36.130023699208046,36.322975158691406,63200,0.0,0.0
2024-02-20 00:00:00-05:00,35.91777262874832,36.26508448015323,35.2810354612535,35.445045471191406,90500,0.0,0.0
2024-02-21 00:00:00-05:00,35.43539916719745,35.43539916719745,35.00125931260893,35.271392822265625,49600,0.0,0.0
2024-02-22 00:00:00-05:00,35.16526731848098,35.454692644839284,34.99161138661745,35.03984832763672,37900,0.0,0.0
2024-02-23 00:00:00-05:00,34.90478712185091,35.300335968539656,34.89513752447823,35.08808898925781,35300,0.0,0.0
2024-02-26 00:00:00-05:00,34.83725220283739,35.30033347748406,34.52853135307295,35.290687561035156,45500,0.0,0.0
2024-02-27 00:00:00-05:00,35.58011586065733,35.773067327889194,35.126680464698914,35.35822296142578,76200,0.0,0.0
2024-02-28 00:00:00-05:00,35.00125566711618,35.27138914863761,34.914427705241884,35.12667465209961,37900,0.0,0.0
2024-02-29 00:00:00-05:00,35.60904953336946,36.12036768190993,35.16526383160821,36.01424789428711,91400,0.0,0.0
2024-03-01 00:00:00-05:00,36.033541270618095,36.236142299890744,35.70552493779868,35.97565841674805,47300,0.0,0.0
2024-03-04 00:00:00-05:00,35.90812524258463,36.602745236707946,35.68623238666056,35.898475646972656,58200,0.0,0.0
2024-03-05 00:00:00-05:00,35.5318720235761,35.90812528758155,34.56711855474472,34.73112487792969,74700,0.0,0.0
2024-03-06 00:00:00-05:00,34.991612159664776,35.59940793461477,34.663595801147316,35.02055358886719,71600,0.0,0.0
2024-03-07 00:00:00-05:00,35.38715942917114,35.676584749295614,35.07843859700602,35.57046127319336,72000,0.0,0.0
2024-03-08 00:00:00-05:00,36.00460254594556,36.80534976684319,35.647644759400265,36.23614501953125,74300,0.0,0.0
2024-03-11 00:00:00-04:00,35.98530524902874,36.13966566368532,35.165266236211146,35.811649322509766,51100,0.0,0.0
2024-03-12 00:00:00-04:00,35.69588538065385,35.85989173615636,35.136326491953916,35.72482681274414,74700,0.0,0.0
2024-03-13 00:00:00-04:00,35.50292963363386,35.666939649611315,35.26174124797026,35.59940719604492,83000,0.0,0.0
2024-03-14 00:00:00-04:00,35.5704610661061,35.5704610661061,34.81795450211496,35.155616760253906,67400,0.0,0.0
2024-03-15 00:00:00-04:00,35.00125418164723,35.77305989010407,34.77936132855071,35.67658233642578,329500,0.0,0.0
2024-03-18 00:00:00-04:00,35.72481541851816,36.1686047570697,35.60904604683783,35.77305603027344,103700,0.0,0.0
2024-03-19 00:00:00-04:00,35.70552757868839,36.36156029284941,35.45469327279989,36.187904357910156,79900,0.0,0.0
2024-03-20 00:00:00-04:00,36.081785680184865,37.18160418218077,35.94671708639763,36.99829864501953,68700,0.0,0.0
2024-03-21 00:00:00-04:00,37.05618165393215,38.06917208922441,36.7185194022489,37.97269821166992,102900,0.0,0.0
2024-03-22 00:00:00-04:00,37.97270331958032,37.97270331958032,37.52891753474563,37.5675048828125,57000,0.0,0.0
2024-03-25 00:00:00-04:00,37.528916628804296,37.83763748734492,37.02724431361505,37.22019577026367,39500,0.0,0.0
2024-03-26 00:00:00-04:00,37.432441402015876,37.49032794670455,37.065833979473965,37.16231155395508,54700,0.0,0.0
2024-03-27 00:00:00-04:00,37.41313950778979,37.963048707715835,37.268428691107566,37.924461364746094,48900,0.0,0.0
2024-03-28 00:00:00-04:00,37.96305059924499,38.445427372705495,37.79904426278492,38.156002044677734,96300,0.0,0.0
2024-04-01 00:00:00-04:00,38.38754228982222,38.5901396396723,37.53855818728153,37.55785369873047,38800,0.0,0.0
2024-04-02 00:00:00-04:00,37.1719483389787,37.258776294558466,36.41944184411555,37.10441589355469,59900,0.0,0.0
2024-04-03 00:00:00-04:00,36.8439359075016,37.60609207783989,36.74746202680372,37.056182861328125,105200,0.0,0.0
2024-04-04 00:00:00-04:00,37.38419682647356,37.58679417117821,36.73781377044186,37.065826416015625,53700,0.0,0.0
2024-04-05 00:00:00-04:00,37.036888501009095,37.4806742544096,36.940414617310815,37.35525894165039,61600,0.0,0.0
2024-04-08 00:00:00-04:00,37.538556914626874,37.74115425760838,37.065826100760994,37.30701446533203,31200,0.0,0.0
2024-04-09 00:00:00-04:00,37.30701934332451,37.41314282645048,36.88252909106351,37.14301300048828,39600,0.0,0.0
2024-04-10 00:00:00-04:00,36.61239381904335,36.61239381904335,35.7344683350139,36.110721588134766,70100,0.0,0.0
2024-04-11 00:00:00-04:00,36.13967045103397,36.47733643299194,35.956368584423466,36.20720291137695,45400,0.0,0.0
2024-04-12 00:00:00-04:00,35.898483339307795,35.908132936987485,35.30033709167885,35.38716506958008,44100,0.0,0.0
2024-04-15 00:00:00-04:00,35.58975721282737,35.75376722702207,35.04949759016877,35.281036376953125,54400,0.0,0.0
2024-04-16 00:00:00-04:00,35.126683058897136,35.47399498951577,34.56712781086754,35.10738754272461,62000,0.0,0.0
2024-04-17 00:00:00-04:00,35.44504943968032,35.61870170458262,34.72148422832267,34.74077606201172,55500,0.0,0.0
2024-04-18 00:00:00-04:00,34.76007238755047,35.117033883263154,34.48994254668082,34.76972198486328,79400,0.0,0.0
2024-04-19 00:00:00-04:00,34.67324518684086,35.396810431242535,34.67324518684086,34.75042724609375,200400,0.0,0.0
2024-04-22 00:00:00-04:00,35.049489970686224,35.27138279321793,34.624996153458746,34.721473693847656,235400,0.0,0.0
2024-04-23 00:00:00-04:00,34.56711992691458,35.81164915412542,34.56711992691458,35.445045471191406,193500,0.0,0.0
2024-04-24 00:00:00-04:00,35.26174328478473,35.72482457037856,35.07844142597975,35.1749153137207,142500,0.0,0.0
2024-04-25 00:00:00-04:00,33.89179049156943,33.89179049156943,29.3960376204987,30.34149742126465,255400,0.0,0.0
2024-04-26 00:00:00-04:00,30.283603921692162,32.338529374186905,30.283603921692162,32.20346450805664,186200,0.0,0.0
2024-04-29 00:00:00-04:00,32.12629388907874,32.40607331411742,31.634271176289065,31.923696517944336,119300,0.0,0.0
2024-04-30 00:00:00-04:00,31.595675073798354,32.174525664122164,31.36413262952345,32.00086975097656,144500,0.0,0.0
2024-05-01 00:00:00-04:00,32.00087341273005,32.32888976617865,31.450964184925457,31.63426971435547,84400,0.0,0.0
2024-05-02 00:00:00-04:00,31.904403852598897,31.904403852598897,31.08436469799629,31.3448486328125,128600,0.0,0.0
2024-05-03 00:00:00-04:00,31.81757083816628,31.99122676722375,31.065064265745672,31.557086944580078,315900,0.0,0.0
2024-05-06 00:00:00-04:00,31.914049126464537,32.14558791699135,31.528146235262877,31.63426971435547,140200,0.0,0.0
2024-05-07 00:00:00-04:00,31.711447535565803,32.155236956839104,31.68250610731157,31.69215202331543,85700,0.0,0.0
2024-05-08 00:00:00-04:00,31.422021772938418,31.778979543972557,31.422021772938418,31.470258712768555,114100,0.0,0.0
2024-05-09 00:00:00-04:00,31.595678181154057,32.52184068885484,31.422022250929828,32.48324966430664,190600,0.0,0.0
2024-05-10 00:00:00-04:00,32.57972687561943,32.57972687561943,31.991226638431954,32.21311950683594,62100,0.0,0.0
2024-05-13 00:00:00-04:00,32.44466060520209,32.62796244175397,31.77897834777832,31.77897834777832,69900,0.0,0.0
2024-05-14 00:00:00-04:00,32.26400751845501,32.26400751845501,31.7401809580115,31.78868293762207,51200,0.18,0.0
2024-05-15 00:00:00-04:00,32.08940501286896,32.37071800881801,31.885690753125054,31.96329689025879,33300,0.0,0.0
2024-05-16 00:00:00-04:00,31.808084429510163,31.808084429510163,31.381258128361353,31.565570831298828,56700,0.0,0.0
2024-05-17 00:00:00-04:00,31.68197626310941,31.68197626310941,31.070840960628935,31.62377166748047,66900,0.0,0.0
2024-05-20 00:00:00-04:00,31.623771801475844,32.25430863850433,31.623771801475844,32.12820053100586,125300,0.0,0.0
2024-05-21 00:00:00-04:00,32.01179697141398,32.108800936596275,31.73048029173563,32.09910202026367,36200,0.0,0.0
2024-05-22 00:00:00-04:00,32.06999970862268,32.32221222373009,31.82748610928469,32.205806732177734,57700,0.0,0.0
2024-05-23 00:00:00-04:00,32.283405232334154,32.283405232334154,31.788679178073927,32.108795166015625,136700,0.0,0.0
2024-05-24 00:00:00-04:00,32.11850164753496,32.41921614203462,31.837184984549474,32.283409118652344,95200,0.0,0.0
2024-05-28 00:00:00-04:00,32.53562544425305,32.53562544425305,32.17670265213813,32.399818420410156,98800,0.0,0.0
2024-05-29 00:00:00-04:00,31.982694582098667,32.18640511690422,31.84688755889496,31.875988006591797,159400,0.0,0.0
2024-05-30 00:00:00-04:00,32.06029897149967,32.58412926488366,31.905090406844863,32.50652313232422,72300,0.0,0.0
2024-05-31 00:00:00-04:00,32.60352919026468,33.583282512497114,32.33191514062874,33.505680084228516,165600,0.0,0.0
2024-06-03 00:00:00-04:00,33.8160936461142,34.456329339049944,33.5056765647189,34.33992385864258,143400,0.0,0.0
2024-06-04 00:00:00-04:00,34.0877115632751,35.145071024023615,33.961603453149884,35.07716751098633,151600,0.0,0.0
2024-06-05 00:00:00-04:00,35.397287406077965,35.88231461596936,35.28087821136999,35.87261199951172,131100,0.0,0.0
2024-06-06 00:00:00-04:00,35.688295256143654,35.688295256143654,35.018955483282355,35.54278564453125,121700,0.0,0.0
2024-06-07 00:00:00-04:00,35.37788568718732,35.56219469380774,34.84435279874732,35.174171447753906,81600,0.0,0.0
2024-06-10 00:00:00-04:00,34.92195900601336,35.30027963650428,34.71824846658963,35.135372161865234,62600,0.0,0.0
2024-06-11 00:00:00-04:00,35.16447258553923,35.280878079347666,34.38842979270977,35.23237609863281,64000,0.0,0.0
2024-06-12 00:00:00-04:00,35.892015498751014,36.726262937553,35.862915048711365,36.27033615112305,62600,0.0,0.0
2024-06-13 00:00:00-04:00,36.047220332684375,36.241231947269604,35.57189206197374,36.21213150024414,92000,0.0,0.0
2024-06-14 00:00:00-04:00,35.81440734081956,35.81440734081956,34.83465400672107,35.30998229980469,155200,0.0,0.0
2024-06-17 00:00:00-04:00,35.13537215930394,35.63980090007637,34.7667504448041,35.503990173339844,42500,0.0,0.0
2024-06-18 00:00:00-04:00,35.43608485973463,36.16362563534131,35.43608485973463,35.66889953613281,45200,0.0,0.0
2024-06-20 00:00:00-04:00,35.50399217981898,35.94051743212498,35.43608866284517,35.55249786376953,56600,0.0,0.0
2024-06-21 00:00:00-04:00,35.54279328482824,35.76590535692125,33.74819409164402,35.6786003112793,201700,0.0,0.0
2024-06-24 00:00:00-04:00,35.72710225240766,36.474040819694075,35.72710225240766,35.756202697753906,78000,0.0,0.0
2024-06-25 00:00:00-04:00,35.659196788471185,35.659196788471185,34.99956322545116,35.30027770996094,92900,0.0,0.0
2024-06-26 00:00:00-04:00,35.15476986911026,35.65919485456966,34.90255367591703,35.348777770996094,50000,0.0,0.0
2024-06-27 00:00:00-04:00,35.56219277575538,35.610694753780166,34.757049579245496,34.89285659790039,100100,0.0,0.0
2024-06-28 00:00:00-04:00,35.1353703182069,35.76590343578448,34.64064051932186,35.610694885253906,1140300,0.0,0.0
2024-07-01 00:00:00-04:00,35.80470234333938,35.95991087585775,34.766744588285874,34.79584503173828,91500,0.0,0.0
2024-07-02 00:00:00-04:00,34.960758221204564,35.22267332896538,34.64063852267572,35.19356918334961,77400,0.0,0.0
2024-07-03 00:00:00-04:00,35.29058073575217,35.620399385636354,35.17417154134792,35.52339172363281,36300,0.0,0.0
2024-07-05 00:00:00-04:00,35.319681126136594,35.571893646003886,34.96076202847255,35.212974548339844,50200,0.0,0.0
2024-07-08 00:00:00-04:00,35.513689163160926,36.05691721277763,35.40698259613949,35.91141128540039,58000,0.0,0.0
2024-07-09 00:00:00-04:00,35.78530690725794,35.804708439684084,35.46519087338643,35.698001861572266,66700,0.0,0.0
2024-07-10 00:00:00-04:00,35.77560817682338,36.66805647027091,35.4942915058812,36.64865493774414,78500,0.0,0.0
2024-07-11 00:00:00-04:00,37.521703778684824,38.0746344801945,37.10458009853349,37.88062286376953,88400,0.0,0.0
2024-07-12 00:00:00-04:00,38.1134396512736,38.80217741222931,37.696315948055016,38.53056335449219,102900,0.0,0.0
2024-07-15 00:00:00-04:00,38.80217363620294,39.403606291434265,38.53055960489788,38.93798065185547,95800,0.0,0.0
2024-07-16 00:00:00-04:00,39.38420508170356,40.25725547582253,39.38420508170356,40.0632438659668,169100,0.0,0.0
2024-07-17 00:00:00-04:00,39.587924906338316,40.16995611776015,39.28720668350732,39.39391326904297,99100,0.0,0.0
2024-07-18 00:00:00-04:00,39.02528373608064,39.69461986561635,38.64696315414899,38.73426818847656,81300,0.0,0.0
2024-07-19 00:00:00-04:00,38.821578936411825,38.83127785255858,38.191042073416845,38.39475631713867,93600,0.0,0.0
2024-07-22 00:00:00-04:00,38.4917528142784,39.170791527223095,38.06493027779533,38.97677993774414,56500,0.0,0.0
2024-07-23 00:00:00-04:00,38.87977801314209,39.64611809567923,38.63726443881,39.47150802612305,134300,0.0,0.0
2024-07-24 00:00:00-04:00,39.122293283824156,39.549115860988884,38.50145539822506,38.763370513916016,79700,0.0,0.0
2024-07-25 00:00:00-04:00,39.02528399029934,40.305755368469285,38.89917589534615,39.413307189941406,97400,0.0,0.0
2024-07-26 00:00:00-04:00,39.55882082510472,40.9848021062028,39.55882082510472,39.87894058227539,424100,0.0,0.0
2024-07-29 00:00:00-04:00,40.33485761401219,40.34455652833787,39.43270686272875,39.61701583862305,119600,0.0,0.0
2024-07-30 00:00:00-04:00,39.82073015682693,39.956537173170986,39.16109290561553,39.4812126159668,98200,0.0,0.0
2024-07-31 00:00:00-04:00,39.63641946410395,40.41246216741859,39.209593201933274,40.07294464111328,179000,0.0,0.0
2024-08-01 00:00:00-04:00,40.02444836790032,40.460973647456285,37.83212675346779,38.996192932128906,110400,0.0,0.0
2024-08-02 00:00:00-04:00,37.77391818711456,38.336551532961906,37.482902598091165,37.812721252441406,68800,0.0,0.0
2024-08-05 00:00:00-04:00,36.27032657293794,36.493438598739345,35.591287881106645,36.183021545410156,150100,0.0,0.0
2024-08-06 00:00:00-04:00,36.04722040388757,36.68745614295885,35.6980002370371,36.52254867553711,74400,0.0,0.0
2024-08-07 00:00:00-04:00,36.95906802427799,37.133678097501516,35.60099419977269,35.91141128540039,53200,0.0,0.0
2024-08-08 00:00:00-04:00,36.20242880770501,36.34793844345218,35.930814768138305,36.25093078613281,56100,0.0,0.0
2024-08-09 00:00:00-04:00,36.09572216177269,36.124826309141426,35.600996062069164,35.940513610839844,80300,0.0,0.0
2024-08-12 00:00:00-04:00,35.81440931468899,35.89201544863857,35.048069094489726,35.55249786376953,96900,0.0,0.0
2024-08-13 00:00:00-04:00,35.92111029401735,36.41584006959492,35.70770085988168,36.338233947753906,37100,0.0,0.0
2024-08-14 00:00:00-04:00,36.45463940269657,36.755353842920805,35.99871273466216,36.62924575805664,60900,0.0,0.0
2024-08-15 00:00:00-04:00,37.46749360742462,37.691674322469254,37.03862663753769,37.48698806762695,48600,0.18,0.0
2024-08-16 00:00:00-04:00,37.3797673645827,37.54546840377218,36.9801402583099,37.340782165527344,69500,0.0,0.0
2024-08-19 00:00:00-04:00,37.506482989500356,38.06206209844705,37.340785653023126,37.91585922241211,69700,0.0,0.0
2024-08-20 00:00:00-04:00,37.72091633045564,37.72091633045564,37.360278126919766,37.53572082519531,30900,0.0,0.0
2024-08-21 00:00:00-04:00,37.78914847897476,37.867122605424605,37.41876115332024,37.62344741821289,64400,0.0,0.0
2024-08-22 00:00:00-04:00,37.75015714643363,37.87686927678629,36.989891800693755,37.08736038208008,142200,0.0,0.0
2024-08-23 00:00:00-04:00,37.243315024527185,38.67612632682668,37.08736305216854,38.325233459472656,127700,0.0,0.0
2024-08-26 00:00:00-04:00,38.73460833867993,38.832076923630815,38.3447265625,38.3447265625,88300,0.0,0.0
2024-08-27 00:00:00-04:00,38.34472805743901,38.4421966461899,37.88661751029556,38.05231857299805,48500,0.0,0.0
2024-08-28 00:00:00-04:00,38.0620632365125,38.11079752998132,37.65269070954855,37.68193054199219,41500,0.0,0.0
2024-08-29 00:00:00-04:00,38.00358405734315,38.91980142810697,37.58446243541575,37.83788299560547,68000,0.0,0.0
2024-08-30 00:00:00-04:00,37.81838901371411,38.052318833783076,37.4285109378503,37.99383544921875,48800,0.0,0.0
2024-09-03 00:00:00-04:00,37.54547252793418,37.837882003001766,36.19063910951006,36.522037506103516,47700,0.0,0.0
2024-09-04 00:00:00-04:00,36.26861272442432,36.56102219538054,35.57657610891739,35.849491119384766,64100,0.0,0.0
2024-09-05 00:00:00-04:00,36.04442974923216,36.04442974923216,35.11846338402497,35.28416442871094,91800,0.0,0.0
2024-09-06 00:00:00-04:00,35.352391580512354,35.362136950612395,34.387436340346895,34.5726318359375,47200,0.0,0.0
2024-09-09 00:00:00-04:00,34.62136890038984,35.04049049388399,34.21199267777758,34.777320861816406,86300,0.0,0.0
2024-09-10 00:00:00-04:00,35.020993957906505,35.56682764963678,34.679850224442475,35.45960998535156,84400,0.0,0.0
2024-09-11 00:00:00-04:00,35.25492805700733,35.44012359865887,34.289976295031515,35.37189483642578,53500,0.0,0.0
2024-09-12 00:00:00-04:00,35.67404431684025,36.366084643234856,35.27441717650528,36.18088912963867,51600,0.0,0.0
2024-09-13 00:00:00-04:00,36.668237873460264,37.41875782958981,36.2881052100855,37.01913070678711,56500,0.0,0.0
2024-09-16 00:00:00-04:00,37.28230181949314,37.28230181949314,36.44405862158268,36.726722717285156,68600,0.0,0.0
2024-09-17 00:00:00-04:00,37.10685519521173,37.24331269772673,36.56102146696364,37.02888107299805,76100,0.0,0.0
2024-09-18 00:00:00-04:00,36.9119143123954,37.94509838859026,36.75596234977996,37.02888107299805,85100,0.0,0.0
2024-09-19 00:00:00-04:00,38.05231025676545,38.12053899761752,37.21406719122573,37.92559814453125,83500,0.0,0.0
2024-09-20 00:00:00-04:00,37.77939926173316,37.847631734655266,37.22382013422152,37.40901565551758,482300,0.0,0.0
2024-09-23 00:00:00-04:00,37.681930801691486,37.945100450062725,37.32129256571087,37.62344741821289,73400,0.0,0.0
2024-09-24 00:00:00-04:00,37.69167609149747,37.80864285820118,37.506484288165666,37.65269088745117,54300,0.0,0.0
2024-09-25 00:00:00-04:00,37.66243536640559,37.69167519829447,36.99963857687769,37.31154251098633,59900,0.0,0.0
2024-09-26 00:00:00-04:00,37.81839000436094,37.81839000436094,37.24331638807363,37.30179977416992,67100,0.0,0.0
2024-09-27 00:00:00-04:00,37.52597249584543,37.867116213078056,37.20431951829382,37.6331901550293,57100,0.0,0.0
2024-09-30 00:00:00-04:00,37.535725075564585,38.01333008961649,37.23357021603126,37.964595794677734,96000,0.0,0.0
2024-10-01 00:00:00-04:00,37.720919464042545,37.954845559968156,37.19458017092752,37.68193054199219,55500,0.0,0.0
2024-10-02 00:00:00-04:00,37.49673943710371,38.37396789042661,37.49673943710371,38.05231857299805,88800,0.0,0.0
2024-10-03 00:00:00-04:00,37.75990347539976,37.76964884555083,36.9801400085543,37.126346588134766,35600,0.0,0.0
2024-10-04 00:00:00-04:00,37.71116875922925,37.935349474134526,37.262807329418706,37.75990676879883,62700,0.0,0.0
2024-10-07 00:00:00-04:00,37.506478037976756,37.7209133563445,37.16533432074413,37.6331901550293,44100,0.0,0.0
2024-10-08 00:00:00-04:00,37.80864108368323,37.80864108368323,37.34078519339164,37.48698806762695,38300,0.0,0.0
2024-10-09 00:00:00-04:00,37.506486996603094,37.83788542315151,37.506486996603094,37.613704681396484,31200,0.0,0.0
2024-10-10 00:00:00-04:00,37.184835405425225,37.184835405425225,36.68773593665375,37.04837417602539,33300,0.0,0.0
2024-10-11 00:00:00-04:00,37.106858155118594,38.023075543794825,37.106858155118594,37.93535232543945,44000,0.0,0.0
2024-10-14 00:00:00-04:00,37.93535140519128,38.10105246614884,37.691676217691786,37.867122650146484,28700,0.0,0.0
2024-10-15 00:00:00-04:00,37.65268750248094,38.18877212135341,37.45774662702151,37.564964294433594,52100,0.0,0.0
2024-10-16 00:00:00-04:00,37.94509941510026,38.51042390055415,37.58446118895615,38.3447265625,43900,0.0,0.0
2024-10-17 00:00:00-04:00,38.354476482895436,38.44219970703125,38.110801273428024,38.44219970703125,24800,0.0,0.0
2024-10-18 00:00:00-04:00,38.500678477427364,38.56890723043864,37.81838722912646,38.101051330566406,37800,0.0,0.0
2024-10-21 00:00:00-04:00,38.2082709918174,38.2082709918174,37.37002773329924,37.448001861572266,58400,0.0,0.0
2024-10-22 00:00:00-04:00,37.45775109230037,37.4674964640505,37.0581239231542,37.175086975097656,20900,0.0,0.0
2024-10-23 00:00:00-04:00,36.93141174316406,37.05812388491528,36.39532706093895,36.93141174316406,38900,0.0,0.0
2024-10-24 00:00:00-04:00,37.20432716717753,37.23357071908658,36.736471236705285,37.116607666015625,51600,0.0,0.0
2024-10-25 00:00:00-04:00,37.4090129446633,37.41875831540982,36.36608351995001,36.414817810058594,54900,0.0,0.0
2024-10-28 00:00:00-04:00,36.71697066705208,36.92166062361212,36.41481585369911,36.551273345947266,63400,0.0,0.0
2024-10-29 00:00:00-04:00,36.4050695043482,37.02888107299805,36.2003832505757,37.02888107299805,64300,0.0,0.0
2024-10-30 00:00:00-04:00,37.11660892778057,38.08156065524886,37.11660892778057,37.85737991333008,66700,0.0,0.0
2024-10-31 00:00:00-04:00,37.857381796327786,37.857381796327786,35.97620882688843,36.01519775390625,74600,0.0,0.0
2024-11-01 00:00:00-04:00,36.16139288449398,36.68773213159643,36.04442984675608,36.28810501098633,57300,0.0,0.0
2024-11-04 00:00:00-05:00,36.366086065509414,37.399266473608925,36.366086065509414,36.92166519165039,61400,0.0,0.0
2024-11-05 00:00:00-05:00,36.77546316758363,37.83788725850586,36.77546316758363,37.75016403198242,50000,0.0,0.0
2024-11-06 00:00:00-05:00,39.89450319488163,41.80491582997686,39.89450319488163,41.16161346435547,144000,0.0,0.0
2024-11-07 00:00:00-05:00,41.28832397241286,41.28832397241286,40.040708214093264,40.72299575805664,180500,0.0,0.0
2024-11-08 00:00:00-05:00,40.878944637792706,41.44427280941557,40.75223622817072,41.093379974365234,69200,0.0,0.0
2024-11-11 00:00:00-05:00,41.45402285026722,41.804915724848925,41.161613360845266,41.67820358276367,64700,0.0,0.0
2024-11-12 00:00:00-05:00,41.4442777738621,41.56124082682676,40.55730020932086,40.615779876708984,76300,0.0,0.0
2024-11-13 00:00:00-05:00,40.94717242509103,41.142113297560286,40.23564140103796,40.26488494873047,54000,0.0,0.0
2024-11-14 00:00:00-05:00,40.55729965239803,40.55729965239803,39.631333176854234,39.972476959228516,38400,0.0,0.0
2024-11-15 00:00:00-05:00,40.33965169142392,40.33965169142392,39.41927862411258,39.85988235473633,48200,0.185,0.0
2024-11-18 00:00:00-05:00,40.026325426915434,40.26131154105466,39.7619632472311,39.947994232177734,40300,0.0,0.0
2024-11-19 00:00:00-05:00,39.634681701660156,39.87946111217068,39.076584944499146,39.634681701660156,51600,0.0,0.0
2024-11-20 00:00:00-05:00,39.634682049921445,40.19277881198633,39.22345442946833,40.12424087524414,51300,0.0,0.0
2024-11-21 00:00:00-05:00,40.35923051556085,41.26981022406604,40.14382343848385,41.11315155029297,57000,0.0,0.0
2024-11-22 00:00:00-05:00,41.38730620952597,41.80832712525276,41.22085425596442,41.690834045410156,79900,0.0,0.0
2024-11-25 00:00:00-05:00,41.935608982579375,42.87556099072731,41.39709130964719,42.19017791748047,89700,0.0,0.0
2024-11-26 00:00:00-05:00,42.033520746869215,42.033520746869215,41.12294103933802,41.7202033996582,43100,0.0,0.0
2024-11-27 00:00:00-05:00,41.77894907886151,42.07268736713767,41.299183513413766,41.40688705444336,47400,0.0,0.0
2024-11-29 00:00:00-05:00,41.78874227786443,41.93561142175897,41.602711265963826,41.710411071777344,33500,0.0,0.0
2024-12-02 00:00:00-05:00,41.798529247708764,42.26850525029639,41.36771884576275,41.92581558227539,49700,0.0,0.0
2024-12-03 00:00:00-05:00,41.739787141578745,42.06289402909426,41.26001784188905,41.710411071777344,49000,0.0,0.0
2024-12-04 00:00:00-05:00,41.95518630089674,42.01393469959866,41.475420784127635,41.524375915527344,70700,0.0,0.0
2024-12-05 00:00:00-05:00,41.52437864255938,41.56354424426611,40.94669909001578,40.96628189086914,72300,0.0,0.0
2024-12-06 00:00:00-05:00,41.37750900140548,41.37750900140548,40.63338125319708,41.12294006347656,38400,0.0,0.0
2024-12-09 00:00:00-05:00,41.29918192966983,41.48521293474497,40.87816104999266,41.00544738769531,63000,0.0,0.0
2024-12-10 00:00:00-05:00,41.12293722168864,41.465626871187894,40.613795645977575,40.80961990356445,79500,0.0,0.0
2024-12-11 00:00:00-05:00,41.12294006347656,41.43625740325245,40.49630538392479,41.12294006347656,89500,0.0,0.0
2024-12-12 00:00:00-05:00,41.11314963135031,41.348135763523324,40.31026976382037,40.48651123046875,49200,0.0,0.0
2024-12-13 00:00:00-05:00,40.29068933333358,40.3885995959149,39.48781322804806,39.703216552734375,40500,0.0,0.0
2024-12-16 00:00:00-05:00,39.801131357534004,40.42776601485185,38.64577230746528,40.37881088256836,55500,0.0,0.0
2024-12-17 00:00:00-05:00,40.153611772117856,40.4277672443097,39.967580769768304,40.29069137573242,83500,0.0,0.0
2024-12-18 00:00:00-05:00,40.4375574115116,40.63338168471044,38.019139402873506,38.27370834350586,120900,0.0,0.0
2024-12-19 00:00:00-05:00,38.763267517089844,39.24303680410738,38.15621562609893,38.763267517089844,89200,0.0,0.0
2024-12-20 00:00:00-05:00,38.51848764586147,39.15491559825716,37.02043886980794,38.31287384033203,299300,0.0,0.0
2024-12-23 00:00:00-05:00,38.37161949944725,38.37161949944725,37.67644686180971,37.69602966308594,57900,0.0,0.0
2024-12-24 00:00:00-05:00,37.705817680004046,37.91143521761754,37.43166594323577,37.86247634887695,19500,0.0,0.0
2024-12-26 00:00:00-05:00,37.715607048153146,37.96038642639788,37.402289742802836,37.90163803100586,34900,0.0,0.0
2024-12-27 00:00:00-05:00,37.5197880658214,37.67644674048932,37.020439707516616,37.43166732788086,48800,0.0,0.0
2024-12-30 00:00:00-05:00,37.294589759117464,37.294589759117464,36.72669975486258,37.069393157958984,35800,0.0,0.0
2024-12-31 00:00:00-05:00,37.47082906447123,37.666653321362446,36.961687490568885,37.128135681152344,32100,0.0,0.0
2025-01-02 00:00:00-05:00,37.42187001032685,37.86246987333892,36.344838577870355,36.521080017089844,55300,0.0,0.0
2025-01-03 00:00:00-05:00,36.64837359029359,36.86378066646008,36.37422184610888,36.638580322265625,40500,0.0,0.0
2025-01-06 00:00:00-05:00,36.687538146972656,37.314172821561165,36.5896241446699,36.687538146972656,63500,0.0,0.0
2025-01-07 00:00:00-05:00,36.79524340908796,36.991063952810364,35.94340835673819,36.13923263549805,77400,0.0,0.0
2025-01-08 00:00:00-05:00,35.96298934019981,36.43296534444386,35.74758227094898,36.42317581176758,52400,0.0,0.0
2025-01-10 00:00:00-05:00,35.76716543521297,36.041320908422385,34.993665354650645,35.091575622558594,63100,0.0,0.0
2025-01-13 00:00:00-05:00,34.7684649873981,35.79654147479024,34.739092654056826,35.69862747192383,39000,0.0,0.0
2025-01-14 00:00:00-05:00,35.933619335143426,36.66795758966936,35.933619335143426,36.286102294921875,37600,0.0,0.0
2025-01-15 00:00:00-05:00,37.17709729590455,37.17709729590455,36.47213141297866,36.87356948852539,35300,0.0,0.0
2025-01-16 00:00:00-05:00,36.971483369399294,36.971483369399294,36.50150731320362,36.64837646484375,30200,0.0,0.0
2025-01-17 00:00:00-05:00,37.059598626587956,37.3141712870689,36.589622639973676,36.85398483276367,65400,0.0,0.0
2025-01-21 00:00:00-05:00,37.28479522849207,37.95059167503816,37.21625356903092,37.76456069946289,72800,0.0,0.0
2025-01-22 00:00:00-05:00,37.73519306489242,37.85268613066005,37.30437893201575,37.490413665771484,82900,0.0,0.0
2025-01-23 00:00:00-05:00,37.3337602489431,37.52958454278061,37.01064960385555,37.32396697998047,45300,0.0,0.0
2025-01-24 00:00:00-05:00,37.40229611297116,37.451251249950516,36.76586812712692,37.079185485839844,32200,0.0,0.0
2025-01-27 00:00:00-05:00,37.108561109800235,37.81352329090787,36.56025387112764,36.62879180908203,68900,0.0,0.0
2025-01-28 00:00:00-05:00,36.67774351162825,37.3435437623123,36.46234018466845,37.11834716796875,80600,0.0,0.0
2025-01-29 00:00:00-05:00,37.01064377265384,38.136630483536706,36.756074845300034,37.98976135253906,87300,0.0,0.0
2025-01-30 00:00:00-05:00,38.185583902192135,38.587021942531656,38.08767364261157,38.23453903198242,50600,0.0,0.0
2025-01-31 00:00:00-05:00,38.24433729757762,38.792640798952405,37.529581851115864,37.57853698730469,159400,0.0,0.0
2025-02-03 00:00:00-05:00,36.775657471555135,37.20646786005823,35.825912228336506,36.8148193359375,91300,0.0,0.0
2025-02-04 00:00:00-05:00,36.59941542316246,37.147718866107304,36.59941542316246,37.010643005371094,43400,0.0,0.0
2025-02-05 00:00:00-05:00,37.08897556819234,37.51978596565518,37.08897556819234,37.186885833740234,35600,0.0,0.0
2025-02-06 00:00:00-05:00,37.33375359285252,37.51978458456065,36.90293947621062,37.010643005371094,31800,0.0,0.0
2025-02-07 00:00:00-05:00,36.315476192584086,36.315476192584086,35.267820536515025,36.08048629760742,82000,0.0,0.0
2025-02-10 00:00:00-05:00,36.36442625236998,37.206467967126684,35.79653999930157,36.168601989746094,52800,0.0,0.0
2025-02-11 00:00:00-05:00,36.01194755977637,37.04002412564053,36.01194755977637,36.92252731323242,48000,0.0,0.0
2025-02-12 00:00:00-05:00,36.32526145195519,37.14772038503902,36.21756165342806,36.84419631958008,53800,0.0,0.0
2025-02-13 00:00:00-05:00,36.96168933784032,37.65686193626229,36.53087893917823,37.14772033691406,41000,0.0,0.0
2025-02-14 00:00:00-05:00,37.38878180732766,38.16607580359716,36.995214181704384,37.497013092041016,74500,0.185,0.0
2025-02-18 00:00:00-05:00,37.56588876086141,38.53996286580098,37.00505730569275,38.42189407348633,78100,0.0,0.0
2025-02-19 00:00:00-05:00,38.07752676529198,39.09095842714489,38.07752676529198,38.9236946105957,51100,0.0,0.0
2025-02-20 00:00:00-05:00,38.972886906528444,39.15982946843262,38.5399617582506,39.1204719543457,93900,0.0,0.0
2025-02-21 00:00:00-05:00,39.602595158862556,39.602595158862556,38.17591706706795,38.51044845581055,156600,0.0,0.0
2025-02-24 00:00:00-05:00,38.63835854845275,38.63835854845275,37.41830179024583,37.55604934692383,67400,0.0,0.0
2025-02-25 00:00:00-05:00,37.693797750812415,38.44157175227204,37.19199882921394,38.16607666015625,61400,0.0,0.0
2025-02-26 00:00:00-05:00,38.116886138916016,38.530128825819155,37.54621337699503,38.116886138916016,58500,0.0,0.0
2025-02-27 00:00:00-05:00,37.98897094910838,37.98897094910838,37.02473438988455,37.201839447021484,39900,0.0,0.0
2025-02-28 00:00:00-05:00,37.221519860103925,37.58556749226821,36.9853785223,37.52653121948242,61100,0.0,0.0
2025-03-03 00:00:00-05:00,37.841384622920216,38.14639974199427,37.113289343418565,37.35926818847656,65600,0.0,0.0
2025-03-04 00:00:00-05:00,37.044415239457145,37.28055282675446,36.5229375402753,36.87714767456055,57900,0.0,0.0
2025-03-05 00:00:00-05:00,36.99521177336819,37.52652690737004,36.85746423936893,37.280548095703125,57200,0.0,0.0
2025-03-06 00:00:00-05:00,37.09361233341806,37.64460257017575,36.73940217930841,37.50685501098633,47900,0.0,0.0
2025-03-07 00:00:00-05:00,37.50685108771088,37.95945498914096,37.064088441387476,37.683956146240234,48600,0.0,0.0
2025-03-10 00:00:00-04:00,37.34942144403167,37.99880534941945,36.906658837326646,36.916500091552734,54200,0.0,0.0
2025-03-11 00:00:00-04:00,37.05425134202521,37.506851495031384,36.768914994258175,37.09360885620117,64100,0.0,0.0
2025-03-12 00:00:00-04:00,37.300226432917505,37.398616455145834,36.70003753864389,36.916500091552734,87400,0.0,0.0
2025-03-13 00:00:00-04:00,37.02473764023053,37.02473764023053,36.158891035254044,36.17856979370117,68300,0.0,0.0
2025-03-14 00:00:00-04:00,36.670525055501386,37.00505642017035,36.34583119273189,36.97554016113281,59600,0.0,0.0
2025-03-17 00:00:00-04:00,36.867309456559425,37.31006836248083,36.522936831205975,37.04441452026367,55600,0.0,0.0
2025-03-18 00:00:00-04:00,37.00505288474892,37.11328416199846,36.30647396311491,36.44422149658203,51600,0.0,0.0
2025-03-19 00:00:00-04:00,36.44422558922205,36.93618326590159,36.44422558922205,36.92634201049805,68500,0.0,0.0
2025-03-20 00:00:00-04:00,36.76891414583162,37.19199803011291,36.29663524663509,36.42454528808594,48900,0.0,0.0
2025-03-21 00:00:00-04:00,35.932586796819216,35.932586796819216,34.43703510746574,34.62397766113281,375500,0.0,0.0
2025-03-24 00:00:00-04:00,34.87979733413949,35.75548133048227,34.87979733413949,35.3323974609375,95600,0.0,0.0
2025-03-25 00:00:00-04:00,35.263526235690776,35.75548390987545,35.14545744482143,35.312721252441406,60600,0.0,0.0
2025-03-26 00:00:00-04:00,35.5783825344144,35.93259269707366,35.42095621249246,35.548866271972656,58300,0.0,0.0
2025-03-27 00:00:00-04:00,35.716128598267744,35.88339616954472,35.3028859280648,35.82435989379883,47900,0.0,0.0
2025-03-28 00:00:00-04:00,35.73580358022615,35.73580358022615,34.41735692128584,34.751888275146484,51100,0.0,0.0
2025-03-31 00:00:00-04:00,34.43703706038329,34.90931597538213,34.13202195236065,34.53542709350586,119200,0.0,0.0
2025-04-01 00:00:00-04:00,34.476389736192154,35.47998369721205,34.39767471807045,35.352073669433594,57100,0.0,0.0
2025-04-02 00:00:00-04:00,34.92899781429868,35.73580816777025,34.92899781429868,35.598060607910156,54300,0.0,0.0
2025-04-03 00:00:00-04:00,34.39768040252416,34.52559045144063,32.97100236667833,33.354732513427734,79400,0.0,0.0
2025-04-04 00:00:00-04:00,32.282261672779335,32.85293058317399,30.560408056921812,32.05596160888672,80800,0.0,0.0
2025-04-07 00:00:00-04:00,30.914620302926135,33.2465005029455,30.45218076506144,31.495128631591797,89700,0.0,0.0
2025-04-08 00:00:00-04:00,32.311781321780835,32.833255273604244,30.3734686932362,30.855587005615234,93900,0.0,0.0
2025-04-09 00:00:00-04:00,30.816233537102754,34.27961658991548,30.796554776461,33.61055374145508,100400,0.0,0.0
2025-04-10 00:00:00-04:00,32.843095363780314,33.15794797484064,31.98708630870458,32.50856399536133,62100,0.0,0.0
2025-04-11 00:00:00-04:00,32.60695121648084,33.0595513366761,32.24290362009238,32.8824462890625,48100,0.0,0.0
2025-04-14 00:00:00-04:00,33.10874753177284,33.443278845364,32.61678993845282,32.961158752441406,71800,0.0,0.0
2025-04-15 00:00:00-04:00,32.9119700795473,33.45312278570705,32.8135762899387,33.00052261352539,50300,0.0,0.0
2025-04-16 00:00:00-04:00,32.79390450346172,33.09891589783127,32.420015572937466,32.9316520690918,58000,0.0,0.0
2025-04-17 00:00:00-04:00,32.79390450346172,33.256342223314164,32.78406324686548,32.9316520690918,52000,0.0,0.0
2025-04-21 00:00:00-04:00,32.53808065806109,32.715185723145254,31.65255533264026,31.888696670532227,59900,0.0,0.0
2025-04-22 00:00:00-04:00,32.20354890337361,32.74470159433657,31.859180032762417,32.449527740478516,88100,0.0,0.0
2025-04-23 00:00:00-04:00,33.20714278031932,33.925400529315155,32.21338993673307,32.80373764038086,108300,0.0,0.0
2025-04-24 00:00:00-04:00,33.108750955915035,35.017545264204365,32.833252122893214,34.683013916015625,72300,0.0,0.0
2025-04-25 00:00:00-04:00,34.338648069938884,34.85028076171875,34.04347045492989,34.85028076171875,46000,0.0,0.0
2025-04-28 00:00:00-04:00,34.85027565855224,35.11593322115621,34.57478059511348,34.94866943359375,70700,0.0,0.0
2025-04-29 00:00:00-04:00,34.89947851336471,35.56854124871393,34.76173096549973,35.430789947509766,80000,0.0,0.0
2025-04-30 00:00:00-04:00,35.07658181358335,35.489824436416654,34.702692950063465,35.283203125,94200,0.0,0.0
2025-05-01 00:00:00-04:00,35.479988813400574,35.91291021548098,35.14545744482143,35.312721252441406,101800,0.0,0.0
2025-05-02 00:00:00-04:00,35.804678290969534,36.53277728730582,35.71612576105484,36.25727844238281,96000,0.0,0.0
2025-05-05 00:00:00-04:00,36.09985175471758,36.65084568535042,35.78499915245284,35.89323043823242,104500,0.0,0.0
2025-05-06 00:00:00-04:00,35.666932183682405,36.20808488683594,35.59805840800864,36.04082107543945,66500,0.0,0.0
2025-05-07 00:00:00-04:00,36.4048641757706,36.53277420894466,35.77515901758878,36.09001159667969,52300,0.0,0.0
2025-05-08 00:00:00-04:00,36.61148426038003,37.29038816107135,36.40486296596906,37.142799377441406,48100,0.0,0.0
2025-05-09 00:00:00-04:00,37.23135525108396,37.39861905115041,36.57213004571034,36.83778762817383,47900,0.0,0.0
2025-05-12 00:00:00-04:00,38.392374868745605,38.72690621575864,37.59540213674247,38.07752227783203,67700,0.0,0.0
2025-05-13 00:00:00-04:00,38.39237273476225,38.61867278731914,38.09719891635495,38.4022102355957,51900,0.0,0.0
2025-05-14 00:00:00-04:00,38.353022515461284,38.353022515461284,37.73315475163518,37.97913360595703,64300,0.0,0.0
2025-05-15 00:00:00-04:00,38.033509468865006,38.5970417824195,37.83577797238291,38.33010482788086,65400,0.185,0.0
2025-05-16 00:00:00-04:00,38.349876106401254,38.67612985076761,38.08293916751184,38.46851348876953,58400,0.0,0.0
2025-05-19 00:00:00-04:00,38.03350886553424,38.40919455433461,37.73690973980877,38.18180465698242,49000,0.0,0.0
2025-05-20 00:00:00-04:00,37.993963860309215,38.10271637608128,37.61827437984609,37.73691177368164,39100,0.0,0.0
2025-05-21 00:00:00-04:00,37.34145082124546,37.44031468299648,36.69882440562007,36.90644454956055,53300,0.0,0.0
2025-05-22 00:00:00-04:00,36.59996445586856,36.8174695006664,35.95733797155583,36.09574890136719,52800,0.0,0.0
2025-05-23 00:00:00-04:00,35.43335067598372,35.957335958481366,35.43335067598372,35.769493103027344,69600,0.0,0.0
2025-05-27 00:00:00-04:00,36.333021231072316,36.876779978206855,36.27370065502671,36.698822021484375,48300,0.0,0.0
2025-05-28 00:00:00-04:00,36.758144765533686,36.8965556797226,36.105633476204105,36.214385986328125,40400,0.0,0.0
2025-05-29 00:00:00-04:00,36.34291194553414,36.481326645206416,36.075978738989235,36.25393295288086,34600,0.0,0.0
2025-05-30 00:00:00-04:00,36.253926697695846,36.41211489859924,36.006763290905724,36.08585739135742,76000,0.0,0.0
2025-06-02 00:00:00-04:00,36.204498421959784,36.204498421959784,35.62119257225028,36.164955139160156,68300,0.0,0.0
2025-06-03 00:00:00-04:00,36.253930724134996,36.85701010710846,35.89801854681686,36.77791976928711,58100,0.0,0.0
2025-06-04 00:00:00-04:00,36.936107271934155,37.26236107098591,36.50109717797845,36.708717346191406,48700,0.0,0.0
2025-06-05 00:00:00-04:00,36.708714101826665,36.708714101826665,36.29347757351492,36.471435546875,45000,0.0,0.0
2025-06-06 00:00:00-04:00,37.03497091776905,37.26236084211513,36.481327196375105,36.78780746459961,33700,0.0,0.0
2025-06-09 00:00:00-04:00,37.015190799453904,37.015190799453904,36.64939000987966,36.73836898803711,53300,0.0,0.0
2025-06-10 00:00:00-04:00,36.876781164091966,37.17337651102925,36.6493912723929,36.995418548583984,41400,0.0,0.0
2025-06-11 00:00:00-04:00,37.15360727507347,37.23269760870066,36.50109222272298,36.797691345214844,53400,0.0,0.0
2025-06-12 00:00:00-04:00,36.67905136049856,36.77791899496207,36.22427155621032,36.32313919067383,34600,0.0,0.0
2025-06-13 00:00:00-04:00,35.56187258325269,36.08585780479855,35.0477722386694,35.11697769165039,43100,0.0,0.0
2025-06-16 00:00:00-04:00,35.344365661397156,35.631076106167455,35.23561316362813,35.52232360839844,49100,0.0,0.0
2025-06-17 00:00:00-04:00,35.314708763671455,35.512436471942145,34.84015547527608,34.88958740234375,56200,0.0,0.0
2025-06-18 00:00:00-04:00,34.810495333599285,35.23561671973896,34.810495333599285,34.83026885986328,43300,0.0,0.0
2025-06-20 00:00:00-04:00,35.057662220034814,35.502557176413916,34.563335328816905,34.602882385253906,121500,0.0,0.0
2025-06-23 00:00:00-04:00,34.60287948518027,35.88812854034691,34.57322108104563,35.78926467895508,79800,0.0,0.0
2025-06-24 00:00:00-04:00,35.9771097754908,36.253931621842156,35.91779296350968,36.03643035888672,51200,0.0,0.0
2025-06-25 00:00:00-04:00,36.1649586829798,36.31325449369297,35.74972211586984,35.89802169799805,31400,0.0,0.0
2025-06-26 00:00:00-04:00,36.125409697239895,36.71860045127002,36.125409697239895,36.64939498901367,43400,0.0,0.0
2025-06-27 00:00:00-04:00,36.807578483265544,37.163494434983626,36.580188574426714,36.65928268432617,105600,0.0,0.0
2025-06-30 00:00:00-04:00,36.797694499385166,36.797694499385166,36.24404703088007,36.303367614746094,103100,0.0,0.0
2025-07-01 00:00:00-04:00,36.23415582094477,38.00384289243695,36.23415582094477,37.3711051940918,49200,0.0,0.0
2025-07-02 00:00:00-04:00,37.55895670640504,37.87532559698022,37.10417312621539,37.707252502441406,43500,0.0,0.0
2025-07-03 00:00:00-04:00,37.8160026058074,38.40919329497978,37.73690850249672,38.31032943725586,30200,0.0,0.0
2025-07-07 00:00:00-04:00,37.93463727536607,38.428964071448455,37.1931470812425,37.450199127197266,63600,0.0,0.0
2025-07-08 00:00:00-04:00,37.47986212601002,38.122488548317975,37.47986212601002,37.5194091796875,57700,0.0,0.0
2025-07-09 00:00:00-04:00,37.83578227866477,37.83578227866477,37.32168183786478,37.746803283691406,49400,0.0,0.0
2025-07-10 00:00:00-04:00,37.81600392916829,38.09282575761412,37.74679847205683,37.756683349609375,32300,0.0,0.0
2025-07-11 00:00:00-04:00,37.55895505547548,37.71713949380997,36.85700807466512,37.22281265258789,62200,0.0,0.0
2025-07-14 00:00:00-04:00,37.04485446411269,37.0942863936532,36.63950660761734,36.91632843017578,45200,0.0,0.0
2025-07-15 00:00:00-04:00,37.09428908181639,37.09428908181639,36.17484079435696,36.234161376953125,61600,0.0,0.0
2025-07-16 00:00:00-04:00,36.30336776640983,36.73837406900019,35.99688373894388,36.60984802246094,60600,0.0,0.0
2025-07-17 00:00:00-04:00,36.510980277708875,37.43042849108399,36.510980277708875,37.03496551513672,48500,0.0,0.0
2025-07-18 00:00:00-04:00,37.292018187481936,37.292018187481936,36.51098087156045,36.797691345214844,56200,0.0,0.0
2025-07-21 00:00:00-04:00,37.173378301884114,37.173378301884114,36.669166564941406,36.669166564941406,43000,0.0,0.0
2025-07-22 00:00:00-04:00,36.65927716916058,37.64793076567843,36.65927716916058,37.3711051940918,57000,0.0,0.0
2025-07-23 00:00:00-04:00,37.60838529633073,37.736907553858124,37.20303745558929,37.509517669677734,51500,0.0,0.0
2025-07-24 00:00:00-04:00,37.24257900656791,37.54906297784808,37.074509706178695,37.450199127197266,43500,0.0,0.0
2025-07-25 00:00:00-04:00,39.54614778844322,41.03901320803455,39.07159446755164,40.5348014831543,107900,0.0,0.0
2025-07-28 00:00:00-04:00,40.84128209239674,41.424587874661334,40.3963872124637,41.147762298583984,93300,0.0,0.0
2025-07-29 00:00:00-04:00,41.55311570064536,41.7508472039528,40.722646403885875,40.861061096191406,67500,0.0,0.0
2025-07-30 00:00:00-04:00,40.97969897862629,41.32572628498246,40.35684605577041,40.663330078125,56600,0.0,0.0
2025-07-31 00:00:00-04:00,40.544685973312355,40.69298553466797,39.991042323269006,40.69298553466797,80700,0.0,0.0
2025-08-01 00:00:00-04:00,40.257979049297134,41.4641339741209,39.19023126480796,40.38650131225586,106000,0.0,0.0
2025-08-04 00:00:00-04:00,40.5743464618689,41.48390600422625,40.32718305082645,41.404815673828125,77600,0.0,0.0
2025-08-05 00:00:00-04:00,41.57288810076861,42.452789306640625,41.40481877893446,42.452789306640625,79000,0.0,0.0
2025-08-06 00:00:00-04:00,42.55165664587195,42.62086210396016,41.414703369140625,41.414703369140625,72300,0.0,0.0
2025-08-07 00:00:00-04:00,41.731074560011855,42.403359422641955,40.61389851978918,40.89072036743164,53900,0.0,0.0
2025-08-08 00:00:00-04:00,41.08845136191595,41.32572615081419,40.67321482422188,40.70287322998047,45400,0.0,0.0
2025-08-11 00:00:00-04:00,40.80173865242608,41.0291285508611,40.27775339826774,40.841285705566406,50000,0.0,0.0
2025-08-12 00:00:00-04:00,41.26640845855293,42.38358446098336,41.157655944539506,42.21551513671875,76300,0.0,0.0
2025-08-13 00:00:00-04:00,42.35392548033971,43.125074174444,42.15619398222166,42.8383674621582,68000,0.0,0.0
2025-08-14 00:00:00-04:00,42.23528995266385,42.36381222640613,41.29606812374323,41.701416015625,55300,0.0,0.0
2025-08-15 00:00:00-04:00,41.83547072996288,41.855331364763366,40.782879813709656,40.91197204589844,131300,0.185,0.0
2025-08-18 00:00:00-04:00,41.13042862831437,41.21979958476528,40.81266606938413,41.011268615722656,47500,0.0,0.0
2025-08-19 00:00:00-04:00,41.1999439954447,41.70637690542078,41.060919557149255,41.507774353027344,52800,0.0,0.0
2025-08-20 00:00:00-04:00,41.58721451354856,41.775884844128896,40.902035936333085,40.94175720214844,41000,0.0,0.0
2025-08-21 00:00:00-04:00,40.96161783505612,41.17014879854413,40.73322623866042,40.94175720214844,40200,0.0,0.0
2025-08-22 00:00:00-04:00,41.36875281370152,42.699384961703664,41.36875281370152,42.35183334350586,133200,0.0,0.0
2025-08-25 00:00:00-04:00,42.51071561478062,42.84833881805067,41.825536997187164,41.96455764770508,52900,0.0,0.0
2025-08-26 00:00:00-04:00,42.05392938843874,43.3150512656146,42.05392938843874,43.126380920410156,131500,0.0,0.0
2025-08-27 00:00:00-04:00,42.94763743078495,43.41435285318459,42.35183357123404,42.7490348815918,66700,0.0,0.0
2025-08-28 00:00:00-04:00,43.00722011833041,43.00722011833041,42.2028814840038,42.451133728027344,43400,0.0,0.0
2025-08-29 00:00:00-04:00,42.63980274442737,42.81854465761081,42.01420983631386,42.47099304199219,64100,0.0,0.0
2025-09-02 00:00:00-04:00,41.90498102663144,42.10358358646006,41.607079080902885,41.8851203918457,47800,0.0,0.0
2025-09-03 00:00:00-04:00,41.885120157363644,42.18302210142448,41.55742536727661,41.974491119384766,54800,0.0,0.0
2025-09-04 00:00:00-04:00,42.2426016107309,43.00721895622603,42.03407064051273,42.897987365722656,44400,0.0,0.0
2025-09-05 00:00:00-04:00,43.09659241868572,43.334912459067816,42.18302216247768,42.917850494384766,56300,0.0,0.0
2025-09-08 00:00:00-04:00,42.96749956591744,42.96749956591744,42.34190283990881,42.66959762573242,36000,0.0,0.0
2025-09-09 00:00:00-04:00,42.57029683121254,42.57029683121254,41.68651938449203,41.7758903503418,39400,0.0,0.0
2025-09-10 00:00:00-04:00,41.77589024336045,42.52064702752499,41.77589024336045,42.29225540161133,53200,0.0,0.0
2025-09-11 00:00:00-04:00,42.44120614285275,43.672535176221835,42.33197454724141,43.58316421508789,64700,0.0,0.0
2025-09-12 00:00:00-04:00,43.513652468571536,43.513652468571536,42.4908544485462,42.659664154052734,52100,0.0,0.0
2025-09-15 00:00:00-04:00,42.76889631257854,43.3249827030798,42.6000866048361,42.93770980834961,51800,0.0,0.0
2025-09-16 00:00:00-04:00,43.02708435058594,43.07673404593692,42.461065701892196,43.02708435058594,50700,0.0,0.0
2025-09-17 00:00:00-04:00,43.2058180317794,44.24848046655613,42.997287060035475,43.26539993286133,99400,0.0,0.0
2025-09-18 00:00:00-04:00,43.315049645713216,44.2782695462173,43.28526058917097,44.238548278808594,70400,0.0,0.0
2025-09-19 00:00:00-04:00,44.67547630766258,44.67547630766258,44.02009052313096,44.58610534667969,299600,0.0,0.0
2025-09-22 00:00:00-04:00,44.62582335814831,44.983307206330416,43.92078787313846,44.8641471862793,77200,0.0,0.0
2025-09-23 00:00:00-04:00,45.042886320772716,46.60191006032436,45.042886320772716,45.45001983642578,212700,0.0,0.0
2025-09-24 00:00:00-04:00,45.360651601229115,45.360651601229115,44.75491550276505,44.89393615722656,75800,0.0,0.0
2025-09-25 00:00:00-04:00,44.75491381205179,45.24148987231434,44.278269962749114,45.062747955322266,77500,0.0,0.0
2025-09-26 00:00:00-04:00,45.14219032838145,45.847225842013664,45.08261220995156,45.60890579223633,78500,0.0,0.0
2025-09-29 00:00:00-04:00,45.72806063351189,45.72806063351189,44.63575232179104,45.14218521118164,97600,0.0,0.0
2025-09-30 00:00:00-04:00,45.14218533900866,46.12526585276394,44.79463372648473,46.08554458618164,93000,0.0,0.0
2025-10-01 00:00:00-04:00,45.92666716395279,46.87002649033164,45.46988392398958,46.54233169555664,76800,0.0,0.0
2025-10-02 00:00:00-04:00,46.51254076751945,47.167926542696826,46.145128505624356,46.770721435546875,101500,0.0,0.0
2025-10-03 00:00:00-04:00,47.00904807492904,47.78359391346234,46.86009520381316,47.15800094604492,188800,0.0,0.0
2025-10-06 00:00:00-04:00,47.32680904117119,47.624710985156035,46.06568714987422,46.32387161254883,125900,0.0,0.0
2025-10-07 00:00:00-04:00,46.323871523637855,46.64163410168229,45.370580001475794,45.86708450317383,235500,0.0,0.0
2025-10-08 00:00:00-04:00,46.21464025173044,46.21464025173044,45.440090647782554,45.7479248046875,102900,0.0,0.0
2025-10-09 00:00:00-04:00,45.797574137749514,45.797574137749514,44.75491544265974,44.923728942871094,71800,0.0,0.0
2025-10-10 00:00:00-04:00,45.082608575459766,45.201768590741935,43.82148673396868,44.089599609375,103100,0.0,0.0
2025-10-13 00:00:00-04:00,44.74498895913946,44.874077407688716,44.14918125895263,44.66554641723633,73000,0.0,0.0
2025-10-14 00:00:00-04:00,44.27827362423725,45.33086457934006,44.27827362423725,45.0925407409668,90100,0.0,0.0
2025-10-15 00:00:00-04:00,45.519530332753114,45.89687479368182,45.14218587182441,45.87701416015625,58800,0.0,0.0
2025-10-16 00:00:00-04:00,46.115336606115406,46.67142300992399,45.37057985595705,45.926666259765625,61900,0.0,0.0
2025-10-17 00:00:00-04:00,45.73799759994311,46.40331183636336,45.02302988125842,46.24443054199219,68500,0.0,0.0
2025-10-20 00:00:00-04:00,46.47281988543935,47.11827724291533,46.44303082796554,47.10834503173828,58500,0.0,0.0
2025-10-21 00:00:00-04:00,47.16792487109881,48.041773803042936,47.12820360418578,47.912681579589844,47900,0.0,0.0
2025-10-22 00:00:00-04:00,48.09142239652088,48.45883463702071,47.555196669502706,47.843170166015625,71800,0.0,0.0
2025-10-23 00:00:00-04:00,47.84317655114613,48.905695936469755,47.70415588959409,48.77660369873047,65100,0.0,0.0
2025-10-24 00:00:00-04:00,48.260237674581816,48.260237674581816,44.68540665721607,46.24443054199219,181900,0.0,0.0
2025-10-27 00:00:00-04:00,46.27421898779815,46.78065571116585,45.569183490119556,45.996177673339844,143900,0.0,0.0
2025-10-28 00:00:00-04:00,45.90680259474982,45.90680259474982,44.55630983752821,44.62582015991211,108200,0.0,0.0
2025-10-29 00:00:00-04:00,44.4371531845798,45.34079123189591,43.871138352086675,44.3179931640625,80600,0.0,0.0
2025-10-30 00:00:00-04:00,44.07966892935716,45.09253856450521,44.07966892935716,44.466941833496094,61700,0.0,0.0
2025-10-31 00:00:00-04:00,44.427225140633254,45.12232842294447,43.94064905498661,44.655616760253906,85500,0.0,0.0
2025-11-03 00:00:00-05:00,44.65561519259526,45.3308616043031,44.42722358099241,45.25141906738281,76100,0.0,0.0
2025-11-04 00:00:00-05:00,45.05281762139197,45.29114144998686,43.99029828613181,44.347782135009766,83000,0.0,0.0
2025-11-05 00:00:00-05:00,44.37757055919614,45.18190920768258,44.21868927174522,45.07267761230469,56800,0.0,0.0
2025-11-06 00:00:00-05:00,45.07267644484665,45.07267644484665,44.476872579345184,44.546382904052734,48900,0.0,0.0
2025-11-07 00:00:00-05:00,44.5761742259182,44.88400838528513,43.99029875359327,44.16904067993164,44800,0.0,0.0
2025-11-10 00:00:00-05:00,44.67547867492981,44.69533552239712,43.77184059401133,44.17897415161133,44200,0.0,0.0
2025-11-11 00:00:00-05:00,44.17897242194448,44.516595636103794,43.910859535286015,44.347782135009766,34000,0.0,0.0
2025-11-12 00:00:00-05:00,44.37757204199681,45.29114231638652,43.692397177226134,44.50666427612305,56700,0.0,0.0
2025-11-13 00:00:00-05:00,44.55631049623117,46.35365805822657,44.51659301715925,45.36064910888672,106600,0.0,0.0
2025-11-14 00:00:00-05:00,45.25096729298124,45.55011351035945,44.23386711081488,44.91193389892578,88300,0.19,0.0
2025-11-17 00:00:00-05:00,44.67261211597897,45.64982506619582,43.835000472385914,43.86491775512695,71800,0.0,0.0
2025-11-18 00:00:00-05:00,43.775175356921295,44.273753646618125,42.18969624353138,43.43614196777344,127400,0.0,0.0
2025-11-19 00:00:00-05:00,43.306511568205316,44.43329959455918,43.29653787202001,43.486000061035156,121000,0.0,0.0
2025-11-20 00:00:00-05:00,44.14412255438643,44.592843779219464,43.17687944795195,43.52588653564453,123700,0.0,0.0
2025-11-21 00:00:00-05:00,43.555797280896215,45.191133371950606,43.555797280896215,44.98173141479492,125500,0.0,0.0
2025-11-24 00:00:00-05:00,44.81221460942011,45.470337789398094,44.37346709071826,44.77233123779297,145700,0.0,0.0
2025-11-25 00:00:00-05:00,45.051535511671304,46.60710117772609,45.051535511671304,46.29798126220703,86300,0.0,0.0
2025-11-26 00:00:00-05:00,46.58715581536487,46.86635843562155,46.09854742606528,46.3976936340332,79600,0.0,0.0
2025-11-28 00:00:00-05:00,46.607100118563054,46.706814254799646,46.04869106562689,46.357810974121094,41300,0.0,0.0
2025-12-01 00:00:00-05:00,45.92903141686761,46.46749305537342,45.500253802085915,45.70965576171875,62400,0.0,0.0
2025-12-02 00:00:00-05:00,45.968915844348814,46.02874660726974,45.310792667620255,45.64982604980469,56900,0.0,0.0
2025-12-03 00:00:00-05:00,45.97888868590602,46.557237501328885,44.96178855824824,46.347835540771484,58600,0.0,0.0
2025-12-04 00:00:00-05:00,46.347838095859856,46.80652921680122,45.44042574623649,45.879173278808594,83800,0.0,0.0
2025-12-05 00:00:00-05:00,46.04869146971661,46.42761203767165,45.69968818597546,46.118492126464844,52800,0.0,0.0
2025-12-08 00:00:00-05:00,46.457525489939044,46.61707039153144,45.82931577573438,46.228179931640625,88000,0.0,0.0
2025-12-09 00:00:00-05:00,46.307950037690794,47.00596040192673,45.66977043742381,46.57718276977539,74200,0.0,0.0
2025-12-10 00:00:00-05:00,46.806527754955624,49.090017199936455,46.74670079556688,48.880615234375,139700,0.0,0.0
2025-12-11 00:00:00-05:00,49.10996037546968,49.52876430307728,48.621351989410435,49.119930267333984,78000,0.0,0.0
2025-12-12 00:00:00-05:00,49.23959379884184,49.75811568546909,48.58147059732465,49.43902587890625,126000,0.0,0.0
2025-12-15 00:00:00-05:00,51.22393163588638,51.87208492413138,50.00740321422792,50.28660583496094,208000,0.0,0.0
2025-12-16 00:00:00-05:00,50.097147738934254,50.92478571384105,49.17976171674371,49.189735412597656,115500,0.0,0.0
2025-12-17 00:00:00-05:00,48.93047032846355,49.65839413452288,48.0729151092059,48.34214782714844,83000,0.0,0.0
2025-12-18 00:00:00-05:00,48.56152376552862,49.3791918157155,48.55155007007374,48.651268005371094,71000,0.0,0.0
2025-12-19 00:00:00-05:00,48.302261207655626,49.07007219641168,47.97320152896035,48.960384368896484,182400,0.0,0.0
2025-12-22 00:00:00-05:00,49.12990346125042,50.366375447715654,49.12990346125042,49.797996520996094,120600,0.0,0.0
2025-12-23 00:00:00-05:00,49.91765839630023,50.436180260153314,49.41908011996269,49.778053283691406,61900,0.0,0.0
2025-12-24 00:00:00-05:00,49.77805540089283,50.00740476515131,49.598570713319674,49.65839767456055,30500,0.0,0.0
2025-12-26 00:00:00-05:00,49.89771529775757,49.987459540531795,49.06010363314832,49.20967483520508,48400,0.0,0.0
2025-12-29 00:00:00-05:00,49.00027117171318,49.35924813036827,48.860669866425155,49.09001541137695,61400,0.0,0.0
2025-12-30 00:00:00-05:00,49.05013114790147,49.329337578895505,48.51166948181758,48.60141372680664,50800,0.0,0.0
2025-12-31 00:00:00-05:00,48.76095889791047,48.76095889791047,47.524483049437116,47.614227294921875,52500,0.0,0.0
2026-01-02 00:00:00-05:00,47.71394028982455,48.082890959008665,47.195422221499044,48.003116607666016,63900,0.0,0.0
2026-01-05 00:00:00-05:00,48.00311696557601,49.72819738579348,48.00311696557601,49.279476165771484,137400,0.0,0.0
2026-01-06 00:00:00-05:00,49.05012953957721,49.528764229207916,48.07291657276656,49.44899368286133,70900,0.0,0.0
2026-01-07 00:00:00-05:00,49.77805212317471,49.8677963629772,48.15268971898003,48.760955810546875,62400,0.0,0.0
2026-01-08 00:00:00-05:00,48.65127089980127,50.88489952944421,48.65127089980127,50.755271911621094,74500,0.0,0.0
2026-01-09 00:00:00-05:00,50.81509928236638,51.084332020082925,50.097149118972794,50.515953063964844,62600,0.0,0.0
2026-01-12 00:00:00-05:00,50.19686241367031,51.59288314788676,49.85782902415205,51.10427474975586,108900,0.0,0.0
2026-01-13 00:00:00-05:00,51.353562914557436,51.75242706067669,50.73532691153797,50.83504104614258,68600,0.0,0.0
2026-01-14 00:00:00-05:00,51.09430505897659,51.742454556534234,50.615666551070284,51.63276672363281,66400,0.0,0.0
2026-01-15 00:00:00-05:00,51.85214039731296,53.03875531778842,51.63276473993837,52.71966552734375,64900,0.0,0.0
2026-01-16 00:00:00-05:00,52.4903189337183,52.98889719684838,52.12137208408012,52.77949523925781,96400,0.0,0.0
2026-01-20 00:00:00-05:00,51.832197444479334,52.35071931126246,51.40341982009811,51.4931640625,59200,0.0,0.0
2026-01-21 00:00:00-05:00,51.97179963551785,53.66696657416617,51.6925970116877,53.49745178222656,71000,0.0,0.0
2026-01-22 00:00:00-05:00,53.686911161245284,54.10571510478444,52.81938598973522,53.65699768066406,80300,0.0,0.0
2026-01-23 00:00:00-05:00,53.46753378672075,53.46753378672075,51.81225404603653,52.131343841552734,64700,0.0,0.0
2026-01-26 00:00:00-05:00,52.2011449371235,52.92907258087912,51.772367307558056,51.78234100341797,67900,0.0,0.0
2026-01-27 00:00:00-05:00,51.99174202666272,53.02878575394603,51.86211060978971,52.809410095214844,96200,0.0,0.0
2026-01-28 00:00:00-05:00,52.93904157170741,53.03875570550641,52.241031223563304,52.59003829956055,111900,0.0,0.0
2026-01-29 00:00:00-05:00,53.08861545951407,54.56440667102749,52.639894259156875,54.494606018066406,134900,0.0,0.0
2026-01-30 00:00:00-05:00,54.035913916054184,54.87352559874465,53.7168241134912,54.33506393432617,386100,0.0,0.0
2026-02-02 00:00:00-05:00,54.265258649700684,56.309432658875764,54.18548810219678,56.219688415527344,154200,0.0,0.0
2026-02-03 00:00:00-05:00,56.44903210171756,57.595759835607105,56.289487208139434,56.758148193359375,139700,0.0,0.0
2026-02-04 00:00:00-05:00,57.4063041717943,58.971839702599695,56.88778229223734,58.4433479309082,113700,0.0,0.0
2026-02-05 00:00:00-05:00,58.164144036867256,60.05873922071398,57.51599075058918,59.380672454833984,170200,0.0,0.0
2026-02-06 00:00:00-05:00,59.460447323132826,66.04168296622056,57.84505094126058,65.51318359375,230200,0.0,0.0
2026-02-09 00:00:00-05:00,65.32372690284524,65.80235778054067,63.738244052190076,65.7425308227539,349700,0.0,0.0
2026-02-10 00:00:00-05:00,66.16133397456728,66.8693141950605,65.49324092803575,66.11148071289062,141500,0.0,0.0
2026-02-11 00:00:00-05:00,66.95906644644569,67.33798321134367,65.82230854405071,66.09153747558594,114900,0.0,0.0
2026-02-12 00:00:00-05:00,66.79951203314926,67.61718006163584,65.31375097322736,66.62999725341797,110200,0.0,0.0
2026-02-13 00:00:00-05:00,67.12999725341797,68.0199966430664,66.33999633789062,67.4000015258789,110800,0.19,0.0
2026-02-17 00:00:00-05:00,67.37000274658203,67.72000122070312,66.37000274658203,66.75,122600,0.0,0.0
2026-02-18 00:00:00-05:00,67.13999938964844,67.8499984741211,64.87000274658203,65.12999725341797,146400,0.0,0.0
2026-02-19 00:00:00-05:00,64.83000183105469,65.44000244140625,64.38999938964844,64.79000091552734,107500,0.0,0.0
2026-02-20 00:00:00-05:00,64.79000091552734,66.20999908447266,64.29000091552734,65.69000244140625,102300,0.0,0.0
2026-02-23 00:00:00-05:00,65.66999816894531,65.88999938964844,63.7599983215332,64.5199966430664,109700,0.0,0.0
2026-02-24 00:00:00-05:00,64.95999908447266,65.27999877929688,64.2699966430664,65.2699966430664,90600,0.0,0.0
2026-02-25 00:00:00-05:00,65.56999969482422,65.86000061035156,63.349998474121094,64.41000366210938,74400,0.0,0.0
2026-02-26 00:00:00-05:00,64.80000305175781,65.11000061035156,63.31999969482422,64.62999725341797,78000,0.0,0.0
2026-02-27 00:00:00-05:00,64.04000091552734,64.54000091552734,62.900001525878906,64.2300033569336,117200,0.0,0.0
2026-03-02 00:00:00-05:00,63.38999938964844,65.66000366210938,63.150001525878906,65.31999969482422,84200,0.0,0.0
2026-03-03 00:00:00-05:00,63.66999816894531,64.44000244140625,61.130001068115234,63.86000061035156,153100,0.0,0.0
2026-03-04 00:00:00-05:00,64.16000366210938,67.19999694824219,63.95000076293945,64.91999816894531,92800,0.0,0.0
2026-03-05 00:00:00-05:00,63.970001220703125,65.05999755859375,61.709999084472656,62.63999938964844,94000,0.0,0.0
2026-03-06 00:00:00-05:00,61.150001525878906,62.4900016784668,58.77000045776367,60.95000076293945,236400,0.0,0.0
2026-03-09 00:00:00-04:00,59.810001373291016,61.72999954223633,58.439998626708984,61.68000030517578,100200,0.0,0.0
2026-03-10 00:00:00-04:00,61.529998779296875,63.16999816894531,60.880001068115234,61.0,127700,0.0,0.0
2026-03-11 00:00:00-04:00,60.5,62.130001068115234,60.08000183105469,60.810001373291016,111900,0.0,0.0
2026-03-12 00:00:00-04:00,59.709999084472656,60.7400016784668,58.810001373291016,59.13999938964844,121800,0.0,0.0
2026-03-13 00:00:00-04:00,59.5,59.91999816894531,56.97999954223633,57.70000076293945,149000,0.0,0.0
2026-03-16 00:00:00-04:00,59.060001373291016,61.88999938964844,58.849998474121094,60.939998626708984,184800,0.0,0.0
2026-03-17 00:00:00-04:00,61.290000915527344,62.400001525878906,60.16999816894531,61.56999969482422,153400,0.0,0.0
2026-03-18 00:00:00-04:00,61.58000183105469,62.439998626708984,60.5,60.54999923706055,169100,0.0,0.0
2026-03-19 00:00:00-04:00,59.619998931884766,61.2599983215332,59.220001220703125,60.5099983215332,149200,0.0,0.0
2026-03-20 00:00:00-04:00,60.599998474121094,60.630001068115234,58.2599983215332,58.72999954223633,595900,0.0,0.0
2026-03-23 00:00:00-04:00,60.47999954223633,62.77000045776367,60.25,62.040000915527344,407300,0.0,0.0
2026-03-24 00:00:00-04:00,61.15999984741211,62.79999923706055,60.13999938964844,62.4900016784668,156900,0.0,0.0
2026-03-25 00:00:00-04:00,63.4900016784668,65.0,61.95000076293945,64.12000274658203,157600,0.0,0.0
2026-03-26 00:00:00-04:00,63.369998931884766,64.91999816894531,62.45000076293945,62.45000076293945,140600,0.0,0.0
2026-03-27 00:00:00-04:00,62.209999084472656,62.525001525878906,61.0099983215332,61.41999816894531,93039,0.0,0.0
