Date,Open,High,Low,Close,Volume,Dividends,Stock Splits
2022-01-03 00:00:00-05:00,25.231313364095676,25.530842465347042,25.231313364095676,25.42837142944336,2300,0.0,0.0
2022-01-04 00:00:00-05:00,25.42048740386963,25.42048740386963,24.64802024048307,24.829313278198242,10800,0.0,0.0
2022-01-05 00:00:00-05:00,25.168253911462685,25.168253911462685,24.994841868538572,25.128841400146484,1800,0.0,0.0
2022-01-06 00:00:00-05:00,25.19190062360485,25.223430633544922,25.136724609643352,25.223430633544922,1600,0.0,0.0
2022-01-07 00:00:00-05:00,25.13672222200469,25.223428237670394,25.06578120981156,25.07366371154785,2600,0.0,0.0
2022-01-10 00:00:00-05:00,25.207664489746094,25.207664489746094,25.207664489746094,25.207664489746094,100,0.0,0.0
2022-01-11 00:00:00-05:00,25.081548364784442,25.286490420640984,25.081548364784442,25.278606414794922,4000,0.0,0.0
2022-01-12 00:00:00-05:00,25.381076298418606,25.381076298418606,25.18401825729248,25.262840270996094,1500,0.0,0.0
2022-01-13 00:00:00-05:00,25.30225241859867,25.30225241859867,25.278606414794922,25.278606414794922,1000,0.0,0.0
2022-01-14 00:00:00-05:00,25.278606414794922,25.278606414794922,25.278606414794922,25.278606414794922,0,0.0,0.0
2022-01-18 00:00:00-05:00,25.18402099609375,25.18402099609375,25.18402099609375,25.18402099609375,1400,0.0,0.0
2022-01-19 00:00:00-05:00,25.223430633544922,25.223430633544922,25.223430633544922,25.223430633544922,600,0.0,0.0
2022-01-20 00:00:00-05:00,25.223432139858264,25.270727157592773,25.223432139858264,25.270727157592773,800,0.0,0.0
2022-01-21 00:00:00-05:00,24.852960578933413,25.18401814670897,24.852960578933413,25.14460563659668,2100,0.0,0.0
2022-01-24 00:00:00-05:00,25.042139053344727,25.065785058751043,25.042139053344727,25.042139053344727,800,0.0,0.0
2022-01-25 00:00:00-05:00,25.05790536177171,25.22343342195507,25.05790536177171,25.065786361694336,2900,0.0,0.0
2022-01-26 00:00:00-05:00,25.223431101013087,25.223431101013087,25.10519656841382,25.113079071044922,2000,0.0,0.0
2022-01-27 00:00:00-05:00,25.12096247621302,25.18402099609375,25.12096247621302,25.18402099609375,700,0.0,0.0
2022-01-28 00:00:00-05:00,25.18402099609375,25.18402099609375,25.18402099609375,25.18402099609375,0,0.0,0.0
2022-01-31 00:00:00-05:00,25.223432445395183,25.223432445395183,25.10519790649414,25.10519790649414,700,0.0,0.0
2022-02-01 00:00:00-05:00,25.065786361694336,25.128844885111874,25.065786361694336,25.065786361694336,1000,0.0,0.0
2022-02-02 00:00:00-05:00,25.10519747038441,25.18402099609375,25.06578495581289,25.18402099609375,1300,0.0,0.0
2022-02-03 00:00:00-05:00,25.38107835062141,25.38107835062141,25.073666759273888,25.34954833984375,800,0.0,0.0
2022-02-04 00:00:00-05:00,25.089430194321256,25.270724738078286,24.994841671342215,25.152488708496094,3900,0.0,0.0
2022-02-07 00:00:00-05:00,25.152488708496094,25.152488708496094,25.152488708496094,25.152488708496094,0,0.0,0.0
2022-02-08 00:00:00-05:00,25.065786361694336,25.065786361694336,25.065786361694336,25.065786361694336,500,0.0,0.0
2022-02-09 00:00:00-05:00,25.065786361694336,25.065786361694336,25.065786361694336,25.065786361694336,0,0.0,0.0
2022-02-10 00:00:00-05:00,25.223431873688472,25.223431873688472,25.097314834594727,25.097314834594727,1600,0.0,0.0
2022-02-11 00:00:00-05:00,25.065786361694336,25.065786361694336,25.065786361694336,25.065786361694336,500,0.0,0.0
2022-02-14 00:00:00-05:00,25.113078396589376,25.176136912511016,24.923902848824454,24.986961364746094,2800,0.0,0.0
2022-02-15 00:00:00-05:00,24.955432258068388,25.06578428906589,24.955432258068388,25.057903289794922,2800,0.0,0.0
2022-02-16 00:00:00-05:00,24.91602177882668,25.2155493708159,24.91602177882668,25.097314834594727,600,0.0,0.0
2022-02-17 00:00:00-05:00,25.097314834594727,25.097314834594727,25.097314834594727,25.097314834594727,0,0.0,0.0
2022-02-18 00:00:00-05:00,25.207666966090876,25.21554946899414,25.08943242940935,25.21554946899414,1200,0.0,0.0
2022-02-22 00:00:00-05:00,25.21554946899414,25.21554946899414,25.21554946899414,25.21554946899414,0,0.0,0.0
2022-02-23 00:00:00-05:00,25.22342972487198,25.22342972487198,25.152488708496094,25.152488708496094,1400,0.0,0.0
2022-02-24 00:00:00-05:00,25.002725202742376,25.050020217895508,25.002725202742376,25.050020217895508,700,0.0,0.0
2022-02-25 00:00:00-05:00,25.057902591660422,25.223430633544922,25.0027250742653,25.223430633544922,1800,0.0,0.0
2022-02-28 00:00:00-05:00,25.207664611469244,25.207664611469244,25.03425407409668,25.03425407409668,700,0.0,0.0
2022-03-01 00:00:00-05:00,25.097312696522305,25.22342972487198,25.097312696522305,25.152488708496094,1000,0.0,0.0
2022-03-02 00:00:00-05:00,25.223430633544922,25.223430633544922,25.19978312608987,25.223430633544922,400,0.0,0.0
2022-03-03 00:00:00-05:00,25.22342864228311,25.37319166737454,25.22342864228311,25.365310668945312,1300,0.0,0.0
2022-03-04 00:00:00-05:00,25.35742845442292,25.35742845442292,24.986961364746094,24.986961364746094,300,0.0,0.0
2022-03-07 00:00:00-05:00,24.971193313598633,24.971193313598633,24.971193313598633,24.971193313598633,100,0.0,0.0
2022-03-08 00:00:00-05:00,24.971193313598633,24.971193313598633,24.971193313598633,24.971193313598633,400,0.0,0.0
2022-03-09 00:00:00-05:00,24.971193313598633,24.971193313598633,24.971193313598633,24.971193313598633,0,0.0,0.0
2022-03-10 00:00:00-05:00,24.971193313598633,24.971193313598633,24.971193313598633,24.971193313598633,0,0.0,0.0
2022-03-11 00:00:00-05:00,24.876608367236013,25.0263729095459,24.837197357728297,25.0263729095459,1700,0.0,0.0
2022-03-14 00:00:00-04:00,25.0263729095459,25.0263729095459,25.0263729095459,25.0263729095459,0,0.0,0.0
2022-03-15 00:00:00-04:00,24.821429555117167,24.955429077148438,24.5928430195541,24.955429077148438,600,0.0,0.0
2022-03-16 00:00:00-04:00,24.939668349285693,25.10519790649414,24.939668349285693,25.10519790649414,400,0.0,0.0
2022-03-17 00:00:00-04:00,24.86084328654882,24.86084328654882,24.829313278198242,24.829313278198242,400,0.0,0.0
2022-03-18 00:00:00-04:00,25.002725065373934,25.026372572820577,24.963314056396484,24.963314056396484,500,0.0,0.0
2022-03-21 00:00:00-04:00,24.868726663846747,25.01849121096957,24.868726663846747,24.979080200195312,600,0.0,0.0
2022-03-22 00:00:00-04:00,25.152489232070383,25.184019241530915,24.93178367614746,24.93178367614746,1000,0.0,0.0
2022-03-23 00:00:00-04:00,25.1051936025795,25.1051936025795,24.955429077148438,24.955429077148438,300,0.0,0.0
2022-03-24 00:00:00-04:00,25.120960235595703,25.120960235595703,25.120960235595703,25.120960235595703,200,0.0,0.0
2022-03-25 00:00:00-04:00,24.923900604248047,24.923900604248047,24.923900604248047,24.923900604248047,200,0.0,0.0
2022-03-28 00:00:00-04:00,24.923900604248047,24.923900604248047,24.923900604248047,24.923900604248047,0,0.0,0.0
2022-03-29 00:00:00-04:00,24.9869627030369,24.9869627030369,24.979080200195312,24.979080200195312,300,0.0,0.0
2022-03-30 00:00:00-04:00,25.12096303257727,25.4520206451416,25.089433020221744,25.4520206451416,4300,0.0,0.0
2022-03-31 00:00:00-04:00,25.223429615803177,25.223429615803177,25.03425407409668,25.03425407409668,2300,0.0,0.0
2022-04-01 00:00:00-04:00,25.03425407409668,25.03425407409668,25.03425407409668,25.03425407409668,0,0.0,0.0
2022-04-04 00:00:00-04:00,24.986962801246122,25.097314834594727,24.986962801246122,25.097314834594727,400,0.0,0.0
2022-04-05 00:00:00-04:00,25.1051960942091,25.1051960942091,24.963314056396484,24.963314056396484,2100,0.0,0.0
2022-04-06 00:00:00-04:00,24.963314056396484,24.963314056396484,24.963314056396484,24.963314056396484,0,0.0,0.0
2022-04-07 00:00:00-04:00,24.963314056396484,24.963314056396484,24.963314056396484,24.963314056396484,0,0.0,0.0
2022-04-08 00:00:00-04:00,24.963314056396484,24.963314056396484,24.963314056396484,24.963314056396484,0,0.0,0.0
2022-04-11 00:00:00-04:00,24.916020207998308,24.916020207998308,24.837196687675714,24.90025520324707,1400,0.0,0.0
2022-04-12 00:00:00-04:00,24.955429077148438,24.955429077148438,24.955429077148438,24.955429077148438,200,0.0,0.0
2022-04-13 00:00:00-04:00,24.986962801246122,25.097314834594727,24.939667784010695,25.097314834594727,800,0.0,0.0
2022-04-14 00:00:00-04:00,25.19978358480637,25.223431092691882,24.592845916748047,24.592845916748047,3100,0.0,0.0
2022-04-18 00:00:00-04:00,24.939666557818782,25.223430633544922,24.671667487062678,25.223430633544922,1000,0.0,0.0
2022-04-19 00:00:00-04:00,25.37319218151382,25.37319218151382,24.62437253058274,25.14460563659668,9900,0.0,0.0
2022-04-20 00:00:00-04:00,25.14460697448777,25.14460697448777,25.026372444726963,25.1367244720459,1200,0.0,0.0
2022-04-21 00:00:00-04:00,25.20766841524224,25.20766841524224,25.065786361694336,25.065786361694336,300,0.0,0.0
2022-04-22 00:00:00-04:00,24.608607906419756,25.120960021753927,23.851905741785046,24.545549392700195,4000,0.0,0.0
2022-04-25 00:00:00-04:00,25.050021556291405,25.05790405923808,24.939668018471654,25.042139053344727,900,0.0,0.0
2022-04-26 00:00:00-04:00,25.105197341421132,25.105197341421132,24.83719825744629,24.83719825744629,1500,0.0,0.0
2022-04-27 00:00:00-04:00,24.63225680073415,25.12096143717152,24.63225680073415,25.0263729095459,2500,0.0,0.0
2022-04-28 00:00:00-04:00,25.14845027770539,25.376333236694336,24.896152340760043,25.376333236694336,600,1.0,0.0
2022-04-29 00:00:00-04:00,25.376333236694336,25.376333236694336,25.376333236694336,25.376333236694336,0,0.0,0.0
2022-05-02 00:00:00-04:00,25.229840086109334,25.327504666240223,24.456666946411133,24.456666946411133,1900,0.0,0.0
2022-05-03 00:00:00-04:00,24.37528107886791,24.432251435906657,24.147398098387132,24.277616500854492,5100,0.0,0.0
2022-05-04 00:00:00-04:00,24.41597307438578,24.643856048583984,24.41597307438578,24.643856048583984,1100,0.0,0.0
2022-05-05 00:00:00-04:00,24.37528040685877,24.643856048583984,24.302032363449555,24.643856048583984,3400,0.0,0.0
2022-05-06 00:00:00-04:00,24.578747011285827,24.578747011285827,24.334586347535836,24.367141723632812,3100,0.0,0.0
2022-05-09 00:00:00-04:00,24.33458556411136,24.43225013693231,24.318307876586914,24.318307876586914,1800,0.0,0.0
2022-05-10 00:00:00-04:00,24.293893814086914,24.293893814086914,24.293893814086914,24.293893814086914,400,0.0,0.0
2022-05-11 00:00:00-04:00,24.318307689503516,24.334585376902734,24.318307689503516,24.326446533203125,1200,0.0,0.0
2022-05-12 00:00:00-04:00,24.489219665527344,24.489219665527344,24.489219665527344,24.489219665527344,1700,0.0,0.0
2022-05-13 00:00:00-04:00,24.432251351663822,24.57874744201593,24.33458677398715,24.415973663330078,3900,0.0,0.0
2022-05-16 00:00:00-04:00,24.45666582212492,24.5054988861084,24.41597315446445,24.5054988861084,1400,0.0,0.0
2022-05-17 00:00:00-04:00,24.5054988861084,24.5054988861084,24.5054988861084,24.5054988861084,1300,0.0,0.0
2022-05-18 00:00:00-04:00,24.497360552673005,24.497360552673005,24.415973663330078,24.415973663330078,300,0.0,0.0
2022-05-19 00:00:00-04:00,24.456663801497207,24.456663801497207,24.37527847290039,24.37527847290039,1200,0.0,0.0
2022-05-20 00:00:00-04:00,24.35900177679587,24.399694442749023,24.139257655067155,24.399694442749023,4300,0.0,0.0
2022-05-23 00:00:00-04:00,24.285754622655066,24.578746795654297,24.285754622655066,24.578746795654297,1300,0.0,0.0
2022-05-24 00:00:00-04:00,24.489221064498807,24.578746795654297,24.456665688687444,24.578746795654297,700,0.0,0.0
2022-05-25 00:00:00-04:00,24.415973663330078,24.415973663330078,24.415973663330078,24.415973663330078,500,0.0,0.0
2022-05-26 00:00:00-04:00,24.415972449407864,24.415972449407864,24.318307876586914,24.318307876586914,1900,0.0,0.0
2022-05-27 00:00:00-04:00,24.318307484167725,24.53805160522461,24.114841050372622,24.53805160522461,900,0.0,0.0
2022-05-31 00:00:00-04:00,24.131122259412376,24.212509155273438,24.131122259412376,24.212509155273438,700,0.0,0.0
2022-06-01 00:00:00-04:00,24.131122259412376,24.212509155273438,24.131122259412376,24.212509155273438,700,0.0,0.0
2022-06-02 00:00:00-04:00,24.310171127319336,24.310171127319336,24.310171127319336,24.310171127319336,300,0.0,0.0
2022-06-03 00:00:00-04:00,24.163673400878906,24.163673400878906,24.163673400878906,24.163673400878906,400,0.0,0.0
2022-06-06 00:00:00-04:00,24.15553879386847,24.212509155273438,24.06601305318871,24.212509155273438,1200,0.0,0.0
2022-06-07 00:00:00-04:00,24.212509155273438,24.212509155273438,24.212509155273438,24.212509155273438,0,0.0,0.0
2022-06-08 00:00:00-04:00,24.383417859355525,24.407834391428256,24.367141723632812,24.367141723632812,1000,0.0,0.0
2022-06-09 00:00:00-04:00,24.37527847290039,24.38341576389956,24.37527847290039,24.37527847290039,1300,0.0,0.0
2022-06-10 00:00:00-04:00,24.37527933359997,24.472942352294922,24.37527933359997,24.472942352294922,1000,0.0,0.0
2022-06-13 00:00:00-04:00,24.432251676141696,24.432251676141696,24.33458709716797,24.33458709716797,1200,0.0,0.0
2022-06-14 00:00:00-04:00,24.33458709716797,24.33458709716797,24.33458709716797,24.33458709716797,0,0.0,0.0
2022-06-15 00:00:00-04:00,24.367142762977476,24.456666946411133,24.367142762977476,24.456666946411133,4000,0.0,0.0
2022-06-16 00:00:00-04:00,24.456666946411133,24.456666946411133,24.456666946411133,24.456666946411133,0,0.0,0.0
2022-06-17 00:00:00-04:00,24.2125079610799,24.383419036865234,22.999848084770463,24.383419036865234,7300,0.0,0.0
2022-06-21 00:00:00-04:00,24.24506015377292,24.24506015377292,23.34980756571389,24.236921310424805,2700,0.0,0.0
2022-06-22 00:00:00-04:00,24.1148403983825,24.24506034063027,23.64279834683343,24.228782653808594,2300,0.0,0.0
2022-06-23 00:00:00-04:00,24.204370216234558,24.350866317749023,23.97648721917585,24.350866317749023,2600,0.0,0.0
2022-06-24 00:00:00-04:00,24.33458653475602,24.3590030670166,23.960209020715148,24.3590030670166,1800,0.0,0.0
2022-06-27 00:00:00-04:00,24.3590030670166,24.3590030670166,24.3590030670166,24.3590030670166,0,0.0,0.0
2022-06-28 00:00:00-04:00,24.37527847290039,24.37527847290039,24.37527847290039,24.37527847290039,200,0.0,0.0
2022-06-29 00:00:00-04:00,24.318308846582298,24.4241122673857,24.318308846582298,24.3590030670166,1600,0.0,0.0
2022-06-30 00:00:00-04:00,24.3590030670166,24.3590030670166,24.3590030670166,24.3590030670166,0,0.0,0.0
2022-07-01 00:00:00-04:00,24.293893873784224,24.310171561962726,23.71604836205366,23.886960983276367,2900,0.0,0.0
2022-07-05 00:00:00-04:00,23.94393348556008,24.253201827041007,23.94393348556008,24.212509155273438,3800,0.0,0.0
2022-07-06 00:00:00-04:00,24.147395714096277,24.26947526031468,24.147395714096277,24.163673400878906,600,0.0,0.0
2022-07-07 00:00:00-04:00,24.009040348194958,24.367141723632812,24.009040348194958,24.367141723632812,1400,0.0,0.0
2022-07-08 00:00:00-04:00,24.033454814886582,24.37527847290039,24.017177128236963,24.37527847290039,1100,0.0,0.0
2022-07-11 00:00:00-04:00,24.37527847290039,24.37527847290039,24.37527847290039,24.37527847290039,0,0.0,0.0
2022-07-12 00:00:00-04:00,24.37527847290039,24.37527847290039,24.37527847290039,24.37527847290039,0,0.0,0.0
2022-07-13 00:00:00-04:00,24.37527847290039,24.37527847290039,24.37527847290039,24.37527847290039,100,0.0,0.0
2022-07-14 00:00:00-04:00,24.253198623657227,24.253198623657227,24.253198623657227,24.253198623657227,100,0.0,0.0
2022-07-15 00:00:00-04:00,24.114842191003792,24.114842191003792,24.09856605529785,24.09856605529785,500,0.0,0.0
2022-07-18 00:00:00-04:00,24.269475062003504,24.37527847290039,24.049730949210563,24.37527847290039,1000,0.0,0.0
2022-07-19 00:00:00-04:00,24.37527847290039,24.37527847290039,24.37527847290039,24.37527847290039,0,0.0,0.0
2022-07-20 00:00:00-04:00,24.253199434621784,24.253199434621784,24.09856605529785,24.09856605529785,700,0.0,0.0
2022-07-21 00:00:00-04:00,24.09856605529785,24.09856605529785,24.09856605529785,24.09856605529785,0,0.0,0.0
2022-07-22 00:00:00-04:00,24.041595916320574,24.066010896262544,23.886960983276367,23.886960983276367,1000,0.0,0.0
2022-07-25 00:00:00-04:00,24.03345483642102,24.082286344087994,23.91137373876513,23.968345642089844,1100,0.0,0.0
2022-07-26 00:00:00-04:00,24.090425491333008,24.090425491333008,24.090425491333008,24.090425491333008,200,0.0,0.0
2022-07-27 00:00:00-04:00,24.090425491333008,24.090425491333008,24.090425491333008,24.090425491333008,0,0.0,0.0
2022-07-28 00:00:00-04:00,23.911374040419215,24.090425491333008,23.911374040419215,24.090425491333008,2000,0.0,0.0
2022-07-29 00:00:00-04:00,24.09042516583461,24.37527847290039,24.09042516583461,24.37527847290039,700,0.0,0.0
2022-08-01 00:00:00-04:00,24.37527847290039,24.37527847290039,24.367139629575583,24.37527847290039,600,0.0,0.0
2022-08-02 00:00:00-04:00,24.37527847290039,24.37527847290039,24.37527847290039,24.37527847290039,0,0.0,0.0
2022-08-03 00:00:00-04:00,24.05787201592899,24.562469482421875,24.049733171851997,24.562469482421875,2900,0.0,0.0
2022-08-04 00:00:00-04:00,24.54619252954633,24.570609062508698,24.26133918762207,24.26133918762207,500,0.0,0.0
2022-08-05 00:00:00-04:00,24.26133918762207,24.26133918762207,24.26133918762207,24.26133918762207,0,0.0,0.0
2022-08-08 00:00:00-04:00,24.09042736933296,24.293893814086914,24.041595857243234,24.293893814086914,600,0.0,0.0
2022-08-09 00:00:00-04:00,24.131120681762695,24.131120681762695,24.131120681762695,24.131120681762695,200,0.0,0.0
2022-08-10 00:00:00-04:00,24.163673400878906,24.163673400878906,24.163673400878906,24.163673400878906,200,0.0,0.0
2022-08-11 00:00:00-04:00,24.407834338135736,24.415973182142206,24.29389362669665,24.302032470703125,1600,0.0,0.0
2022-08-12 00:00:00-04:00,24.36714063959783,24.36714063959783,24.19622802734375,24.19622802734375,3000,0.0,0.0
2022-08-15 00:00:00-04:00,24.38341694241463,24.570607243281376,24.38341694241463,24.391555786132812,1000,0.0,0.0
2022-08-16 00:00:00-04:00,24.407836125201577,25.213563112926,24.391558435996828,24.912433624267578,5000,0.0,0.0
2022-08-17 00:00:00-04:00,24.912433624267578,24.912433624267578,24.912433624267578,24.912433624267578,0,0.0,0.0
2022-08-18 00:00:00-04:00,25.107759475708008,25.107759475708008,25.107759475708008,25.107759475708008,200,0.0,0.0
2022-08-19 00:00:00-04:00,25.107759475708008,25.107759475708008,25.107759475708008,25.107759475708008,0,0.0,0.0
2022-08-22 00:00:00-04:00,25.107759150279882,25.107759150279882,24.23692303046394,24.24506187438965,3300,0.0,0.0
2022-08-23 00:00:00-04:00,24.415973663330078,24.415973663330078,24.415973663330078,24.415973663330078,600,0.0,0.0
2022-08-24 00:00:00-04:00,24.415973663330078,24.415973663330078,24.415973663330078,24.415973663330078,0,0.0,0.0
2022-08-25 00:00:00-04:00,24.432251351663822,24.54619206534844,24.415973663330078,24.415973663330078,1500,0.0,0.0
2022-08-26 00:00:00-04:00,24.52991485595703,24.52991485595703,24.52991485595703,24.52991485595703,200,0.0,0.0
2022-08-29 00:00:00-04:00,24.627578954691366,24.627578954691366,24.415973663330078,24.415973663330078,700,0.0,0.0
2022-08-30 00:00:00-04:00,24.415973663330078,24.415973663330078,24.415973663330078,24.415973663330078,300,0.0,0.0
2022-08-31 00:00:00-04:00,24.627578735351562,24.66827140349771,24.627578735351562,24.627578735351562,2700,0.0,0.0
2022-09-01 00:00:00-04:00,24.66827152919711,25.058928286089333,24.66827152919711,25.0263729095459,900,0.0,0.0
2022-09-02 00:00:00-04:00,24.60316276550293,24.60316276550293,24.60316276550293,24.60316276550293,100,0.0,0.0
2022-09-06 00:00:00-04:00,24.61943832429308,25.018232345581055,24.61943832429308,25.018232345581055,1100,0.0,0.0
2022-09-07 00:00:00-04:00,25.018232345581055,25.018232345581055,25.018232345581055,25.018232345581055,0,0.0,0.0
2022-09-08 00:00:00-04:00,25.018232345581055,25.018232345581055,25.018232345581055,25.018232345581055,0,0.0,0.0
2022-09-09 00:00:00-04:00,24.985678523601266,25.026371189157427,24.415971891860902,25.018232345581055,2700,0.0,0.0
2022-09-12 00:00:00-04:00,24.245061332239235,24.253198623657227,24.245061332239235,24.253198623657227,300,0.0,0.0
2022-09-13 00:00:00-04:00,24.53805160522461,24.53805160522461,24.53805160522461,24.53805160522461,500,0.0,0.0
2022-09-14 00:00:00-04:00,24.82290445735963,25.018232043859772,24.82290445735963,24.89615249633789,1200,0.0,0.0
2022-09-15 00:00:00-04:00,24.651994705200195,24.651994705200195,24.651994705200195,24.651994705200195,500,0.0,0.0
2022-09-16 00:00:00-04:00,24.228783644751807,24.253198623657227,24.228783644751807,24.253198623657227,500,0.0,0.0
2022-09-19 00:00:00-04:00,24.228784904469403,24.48108286433926,24.131120326792733,24.415973663330078,2900,0.0,0.0
2022-09-20 00:00:00-04:00,24.684548932558894,24.822906176619973,24.41597328847866,24.4322509765625,2000,0.0,0.0
2022-09-21 00:00:00-04:00,24.798490149109348,24.814767837524414,24.798490149109348,24.814767837524414,500,0.0,0.0
2022-09-22 00:00:00-04:00,24.415971626461904,24.489219665527344,24.415971626461904,24.489219665527344,600,0.0,0.0
2022-09-23 00:00:00-04:00,24.415973663330078,24.415973663330078,24.415973663330078,24.415973663330078,1300,0.0,0.0
2022-09-26 00:00:00-04:00,24.59502229105054,24.928707122802734,24.59502229105054,24.928707122802734,500,0.0,0.0
2022-09-27 00:00:00-04:00,24.92057074838369,24.92057074838369,24.904293060302734,24.904293060302734,1500,0.0,0.0
2022-09-28 00:00:00-04:00,24.72524070739746,24.72524070739746,24.72524070739746,24.72524070739746,600,0.0,0.0
2022-09-29 00:00:00-04:00,24.61944007873535,24.725241948116484,24.61944007873535,24.61944007873535,1600,0.0,0.0
2022-09-30 00:00:00-04:00,24.61944007873535,24.61944007873535,24.61944007873535,24.61944007873535,0,0.0,0.0
2022-10-03 00:00:00-04:00,24.822905092238102,24.855460466983608,24.456664887979716,24.733379364013672,2400,0.0,0.0
2022-10-04 00:00:00-04:00,24.521775960864044,24.54619249379084,24.464805603027344,24.464805603027344,800,0.0,0.0
2022-10-05 00:00:00-04:00,24.33458629440325,24.415973182142206,24.302032470703125,24.302032470703125,1200,0.0,0.0
2022-10-06 00:00:00-04:00,24.302032470703125,24.302032470703125,24.302032470703125,24.302032470703125,0,0.0,0.0
2022-10-07 00:00:00-04:00,24.302032470703125,24.302032470703125,24.302032470703125,24.302032470703125,0,0.0,0.0
2022-10-10 00:00:00-04:00,24.302032470703125,24.302032470703125,24.302032470703125,24.302032470703125,0,0.0,0.0
2022-10-11 00:00:00-04:00,24.302032470703125,24.302032470703125,24.302032470703125,24.302032470703125,0,0.0,0.0
2022-10-12 00:00:00-04:00,24.30203174138819,24.318307876586914,24.009039575251066,24.318307876586914,2200,0.0,0.0
2022-10-13 00:00:00-04:00,24.188088912370496,25.506552076664207,24.188088912370496,25.221698760986328,700,0.0,0.0
2022-10-14 00:00:00-04:00,24.415973549425942,24.757797241210938,24.415973549425942,24.757797241210938,500,0.0,0.0
2022-10-17 00:00:00-04:00,24.692688155700548,24.692688155700548,24.415973663330078,24.415973663330078,1000,0.0,0.0
2022-10-18 00:00:00-04:00,24.822904297547904,24.822904297547904,24.415971440211052,24.497358322143555,2100,0.0,0.0
2022-10-19 00:00:00-04:00,24.619438843325497,24.749657238641326,24.041594908152216,24.72524070739746,3400,0.0,0.0
2022-10-20 00:00:00-04:00,24.326447161365966,25.132174080524454,24.326447161365966,25.12403678894043,1700,0.0,0.0
2022-10-21 00:00:00-04:00,24.456666403037545,25.099621123160073,24.440390266982217,24.749658584594727,1000,0.0,0.0
2022-10-24 00:00:00-04:00,24.749658584594727,24.749658584594727,24.749658584594727,24.749658584594727,0,0.0,0.0
2022-10-25 00:00:00-04:00,24.928706767024078,24.928706767024078,24.741518020629883,24.741518020629883,700,0.0,0.0
2022-10-26 00:00:00-04:00,24.782215544362437,25.09962272644043,24.782215544362437,25.09962272644043,1400,0.0,0.0
2022-10-27 00:00:00-04:00,25.18879882091588,25.9123236682701,24.751317635753786,24.995296478271484,1400,1.006,0.0
2022-10-28 00:00:00-04:00,24.759729503823447,24.759729503823447,24.086681194855643,24.625120162963867,5300,0.0,0.0
2022-10-31 00:00:00-04:00,24.14557469096717,24.14557469096717,23.97731220903578,24.01096534729004,2300,0.0,0.0
2022-11-01 00:00:00-04:00,24.65877372153546,24.65877372153546,24.204467559981108,24.229705810546875,1600,0.0,0.0
2022-11-02 00:00:00-04:00,24.31383669473348,25.49166930881451,24.254945304729933,24.810209274291992,9500,0.0,0.0
2022-11-03 00:00:00-04:00,24.381139755249023,24.381139755249023,24.381139755249023,24.381139755249023,200,0.0,0.0
2022-11-04 00:00:00-04:00,24.20446723689794,24.818622597407906,24.20446723689794,24.650360107421875,2800,0.0,0.0
2022-11-07 00:00:00-05:00,24.56623077392578,24.56623077392578,24.549404203783013,24.56623077392578,700,0.0,0.0
2022-11-08 00:00:00-05:00,24.66718313916474,24.66718313916474,24.21287704883886,24.397964477539062,1900,0.0,0.0
2022-11-09 00:00:00-05:00,24.15398804478796,24.187641185374456,24.02779197692871,24.02779197692871,800,0.0,0.0
2022-11-10 00:00:00-05:00,24.086681079627954,24.759729385375977,23.977311592453976,24.759729385375977,2900,0.0,0.0
2022-11-11 00:00:00-05:00,24.507339687351468,24.507339687351468,24.3054256439209,24.3054256439209,1700,0.0,0.0
2022-11-14 00:00:00-05:00,24.11192285725757,24.953232103092574,24.11192285725757,24.608295440673828,5800,0.0,0.0
2022-11-15 00:00:00-05:00,24.38114128155234,24.784969329833984,24.153987402642652,24.784969329833984,1400,0.0,0.0
2022-11-16 00:00:00-05:00,24.784969329833984,24.784969329833984,24.784969329833984,24.784969329833984,0,0.0,0.0
2022-11-17 00:00:00-05:00,24.246532375447398,24.423208152719713,24.111923023558994,24.3138370513916,1300,0.0,0.0
2022-11-18 00:00:00-05:00,24.12874984741211,24.12874984741211,24.12874984741211,24.12874984741211,800,0.0,0.0
2022-11-21 00:00:00-05:00,24.01096522579192,24.330662014239916,23.89318084716797,23.89318084716797,1600,0.0,0.0
2022-11-22 00:00:00-05:00,24.17922753273757,24.608295440673828,24.061444751815085,24.608295440673828,800,0.0,0.0
2022-11-23 00:00:00-05:00,24.608295440673828,24.608295440673828,24.608295440673828,24.608295440673828,400,0.0,0.0
2022-11-25 00:00:00-05:00,24.608295440673828,24.608295440673828,24.608295440673828,24.608295440673828,0,0.0,0.0
2022-11-28 00:00:00-05:00,24.47368625851035,24.47368625851035,24.25494566052418,24.3138370513916,600,0.0,0.0
2022-11-29 00:00:00-05:00,24.3138370513916,24.3138370513916,24.3138370513916,24.3138370513916,0,0.0,0.0
2022-11-30 00:00:00-05:00,24.305423926308993,24.305423926308993,23.98572711463709,24.187641143798828,1500,0.0,0.0
2022-12-01 00:00:00-05:00,24.423208236694336,24.423208236694336,24.423208236694336,24.423208236694336,200,0.0,0.0
2022-12-02 00:00:00-05:00,24.019376754760742,24.019376754760742,24.019376754760742,24.019376754760742,200,0.0,0.0
2022-12-05 00:00:00-05:00,24.13716307916477,24.13716307916477,24.02779197692871,24.02779197692871,700,0.0,0.0
2022-12-06 00:00:00-05:00,24.17922592163086,24.17922592163086,24.17922592163086,24.17922592163086,300,0.0,0.0
2022-12-07 00:00:00-05:00,23.977313988994865,24.061445236206055,23.977313988994865,24.061445236206055,1400,0.0,0.0
2022-12-08 00:00:00-05:00,24.061445236206055,24.061445236206055,24.061445236206055,24.061445236206055,0,0.0,0.0
2022-12-09 00:00:00-05:00,24.10350974370789,24.229705810546875,24.078271493142125,24.229705810546875,1600,0.0,0.0
2022-12-12 00:00:00-05:00,24.23811712985233,24.381139755249023,24.23811712985233,24.381139755249023,400,0.0,0.0
2022-12-13 00:00:00-05:00,24.58305549621582,24.58305549621582,24.58305549621582,24.58305549621582,100,0.0,0.0
2022-12-14 00:00:00-05:00,24.566230659584832,24.566230659584832,24.23811896200819,24.44844627380371,1200,0.0,0.0
2022-12-15 00:00:00-05:00,24.397964477539062,24.397964477539062,24.397964477539062,24.397964477539062,300,0.0,0.0
2022-12-16 00:00:00-05:00,24.153986248945955,24.153986248945955,23.977312088012695,23.977312088012695,1000,0.0,0.0
2022-12-19 00:00:00-05:00,24.02779034247083,24.02779034247083,23.851116180419922,23.851116180419922,1000,0.0,0.0
2022-12-20 00:00:00-05:00,23.92683607997822,23.92683607997822,23.85953140258789,23.85953140258789,600,0.0,0.0
2022-12-21 00:00:00-05:00,24.061444952508857,24.37272847744897,24.061444952508857,24.23811912536621,1500,0.0,0.0
2022-12-22 00:00:00-05:00,24.1371612845737,24.1371612845737,23.977312088012695,23.977312088012695,1300,0.0,0.0
2022-12-23 00:00:00-05:00,23.97731388832205,24.2044677734375,23.85111782037016,24.2044677734375,1900,0.0,0.0
2022-12-27 00:00:00-05:00,23.926833834951037,24.019376754760742,23.893180697078467,24.019376754760742,1700,0.0,0.0
2022-12-28 00:00:00-05:00,23.851115792297946,24.25494381727433,23.851115792297946,24.246530532836914,1400,0.0,0.0
2022-12-29 00:00:00-05:00,23.851116180649274,23.910007568000143,23.69126698307552,23.766984939575195,4100,0.0,0.0
2022-12-30 00:00:00-05:00,24.01937885940914,24.01937885940914,23.81746482849121,23.81746482849121,1000,0.0,0.0
2023-01-03 00:00:00-05:00,23.817464858094752,24.002553923502127,23.775400036685845,23.825878143310547,1200,0.0,0.0
2023-01-04 00:00:00-05:00,24.00255364978892,24.26335906982422,23.93524897350013,24.26335906982422,800,0.0,0.0
2023-01-05 00:00:00-05:00,24.26335906982422,24.26335906982422,24.26335906982422,24.26335906982422,600,0.0,0.0
2023-01-06 00:00:00-05:00,24.246532499584504,24.26335906982422,24.187641108415573,24.26335906982422,800,0.0,0.0
2023-01-09 00:00:00-05:00,24.246532499584504,24.26335906982422,24.246532499584504,24.26335906982422,400,0.0,0.0
2023-01-10 00:00:00-05:00,24.27177038953893,24.498924255371094,24.27177038953893,24.498924255371094,700,0.0,0.0
2023-01-11 00:00:00-05:00,24.35590362548828,24.473686407942285,24.35590362548828,24.35590362548828,600,0.0,0.0
2023-01-12 00:00:00-05:00,24.35590362548828,24.35590362548828,24.35590362548828,24.35590362548828,400,0.0,0.0
2023-01-13 00:00:00-05:00,24.60829332732057,24.801794052124023,24.60829332732057,24.801794052124023,1200,0.0,0.0
2023-01-17 00:00:00-05:00,24.667186737060547,24.667186737060547,24.667186737060547,24.667186737060547,300,0.0,0.0
2023-01-18 00:00:00-05:00,24.692426686191336,24.692426686191336,24.608295440673828,24.608295440673828,600,0.0,0.0
2023-01-19 00:00:00-05:00,24.608295440673828,24.608295440673828,24.608295440673828,24.608295440673828,400,0.0,0.0
2023-01-20 00:00:00-05:00,24.397964477539062,24.448442575426427,24.397964477539062,24.397964477539062,1000,0.0,0.0
2023-01-23 00:00:00-05:00,24.52416435377686,24.52416435377686,24.38114171687305,24.482099533081055,1600,0.0,0.0
2023-01-24 00:00:00-05:00,24.482099533081055,24.482099533081055,24.482099533081055,24.482099533081055,0,0.0,0.0
2023-01-25 00:00:00-05:00,24.507335843872198,24.507335843872198,24.473684310913086,24.473684310913086,500,0.0,0.0
2023-01-26 00:00:00-05:00,24.507337468224563,24.7344913482666,24.507337468224563,24.7344913482666,2500,0.0,0.0
2023-01-27 00:00:00-05:00,24.7344895931751,24.96164345709892,24.709251344741283,24.77655601501465,2000,0.0,0.0
2023-01-30 00:00:00-05:00,24.970056528708707,25.113079152404715,24.406379318220893,24.801794052124023,2800,0.0,0.0
2023-01-31 00:00:00-05:00,24.742904663085938,24.742904663085938,24.742904663085938,24.742904663085938,300,0.0,0.0
2023-02-01 00:00:00-05:00,24.52416419515632,24.608295440673828,24.52416419515632,24.608295440673828,300,0.0,0.0
2023-02-02 00:00:00-05:00,24.818620510108374,25.104665756225586,24.784967373073457,25.104665756225586,1100,0.0,0.0
2023-02-03 00:00:00-05:00,25.197213853275368,25.205625534057617,24.54099203002158,25.205625534057617,1400,0.0,0.0
2023-02-06 00:00:00-05:00,25.205625534057617,25.205625534057617,25.205625534057617,25.205625534057617,0,0.0,0.0
2023-02-07 00:00:00-05:00,25.214035034179688,25.214035034179688,25.214035034179688,25.214035034179688,400,0.0,0.0
2023-02-08 00:00:00-05:00,24.608296995403386,25.129909466830902,24.608296995403386,25.02895164489746,1100,0.0,0.0
2023-02-09 00:00:00-05:00,25.197210070470966,25.214035034179688,25.079425696490624,25.214035034179688,2500,0.0,0.0
2023-02-10 00:00:00-05:00,25.256103722390236,26.635850359899223,24.364314774306113,24.71766471862793,6400,0.0,0.0
2023-02-13 00:00:00-05:00,24.44844627380371,24.44844627380371,24.44844627380371,24.44844627380371,400,0.0,0.0
2023-02-14 00:00:00-05:00,25.06260496514141,25.06260496514141,24.81862449645996,24.81862449645996,400,0.0,0.0
2023-02-15 00:00:00-05:00,25.634691330611723,25.634691330611723,25.399125776231234,25.5757999420166,500,0.0,0.0
2023-02-16 00:00:00-05:00,25.028948127372285,25.028948127372285,24.49051076518537,24.77655601501465,2200,0.0,0.0
2023-02-17 00:00:00-05:00,24.77655601501465,24.77655601501465,24.77655601501465,24.77655601501465,0,0.0,0.0
2023-02-21 00:00:00-05:00,24.77655601501465,24.77655601501465,24.77655601501465,24.77655601501465,0,0.0,0.0
2023-02-22 00:00:00-05:00,24.524162412686717,24.524162412686717,24.473684310913086,24.473684310913086,300,0.0,0.0
2023-02-23 00:00:00-05:00,24.76814445822094,24.76814445822094,24.726078033447266,24.726078033447266,500,0.0,0.0
2023-02-24 00:00:00-05:00,24.44844454873955,25.533734171268822,24.44844454873955,24.498924255371094,3900,0.0,0.0
2023-02-27 00:00:00-05:00,24.608295002322716,24.995296478271484,24.608295002322716,24.995296478271484,400,0.0,0.0
2023-02-28 00:00:00-05:00,24.995296478271484,24.995296478271484,24.995296478271484,24.995296478271484,0,0.0,0.0
2023-03-01 00:00:00-05:00,24.77655760542525,25.239277042672914,24.77655760542525,25.113080978393555,2200,0.0,0.0
2023-03-02 00:00:00-05:00,25.01212300889165,25.239276885986328,25.01212300889165,25.239276885986328,300,0.0,0.0
2023-03-03 00:00:00-05:00,25.214035208491005,25.2392750612334,25.012121200561523,25.012121200561523,1300,0.0,0.0
2023-03-06 00:00:00-05:00,24.77655601501465,24.77655601501465,24.77655601501465,24.77655601501465,100,0.0,0.0
2023-03-07 00:00:00-05:00,24.77655601501465,24.77655601501465,24.77655601501465,24.77655601501465,0,0.0,0.0
2023-03-08 00:00:00-05:00,24.7765575724969,25.197212189315724,24.566230264087483,25.188798904418945,1500,0.0,0.0
2023-03-09 00:00:00-05:00,24.877513885498047,24.877513885498047,24.877513885498047,24.877513885498047,200,0.0,0.0
2023-03-10 00:00:00-05:00,24.75131607055664,24.75131607055664,24.75131607055664,24.75131607055664,200,0.0,0.0
2023-03-13 00:00:00-04:00,24.498925915091814,25.00371017824528,24.473686060066125,24.599882125854492,5900,0.0,0.0
2023-03-14 00:00:00-04:00,24.995296669037614,24.995296669037614,24.271771816161394,24.79338264465332,2400,0.0,0.0
2023-03-15 00:00:00-04:00,25.205623746563408,25.239276885986328,25.205623746563408,25.239276885986328,400,0.0,0.0
2023-03-16 00:00:00-04:00,25.239276885986328,25.239276885986328,25.239276885986328,25.239276885986328,0,0.0,0.0
2023-03-17 00:00:00-04:00,24.650360107421875,24.650360107421875,24.650360107421875,24.650360107421875,200,0.0,0.0
2023-03-20 00:00:00-04:00,24.423208236694336,24.423208236694336,24.423208236694336,24.423208236694336,400,0.0,0.0
2023-03-21 00:00:00-04:00,24.423208236694336,24.423208236694336,24.423208236694336,24.423208236694336,0,0.0,0.0
2023-03-22 00:00:00-04:00,24.58305549621582,24.58305549621582,24.58305549621582,24.58305549621582,200,0.0,0.0
2023-03-23 00:00:00-04:00,24.81862449645996,24.81862449645996,24.81862449645996,24.81862449645996,500,0.0,0.0
2023-03-24 00:00:00-04:00,25.222450256347656,25.222450256347656,25.222450256347656,25.222450256347656,200,0.0,0.0
2023-03-27 00:00:00-04:00,25.222450256347656,25.222450256347656,25.222450256347656,25.222450256347656,0,0.0,0.0
2023-03-28 00:00:00-04:00,25.222450256347656,25.222450256347656,25.222450256347656,25.222450256347656,100,0.0,0.0
2023-03-29 00:00:00-04:00,24.860687090828527,25.239276885986328,24.860687090828527,25.239276885986328,600,0.0,0.0
2023-03-30 00:00:00-04:00,25.239278675867098,25.281343498458828,24.919581852027633,25.205625534057617,4100,0.0,0.0
2023-03-31 00:00:00-04:00,25.205625534057617,25.205625534057617,25.205625534057617,25.205625534057617,0,0.0,0.0
2023-04-03 00:00:00-04:00,24.776557457624904,25.281341711731145,24.776557457624904,25.071014404296875,3300,0.0,0.0
2023-04-04 00:00:00-04:00,24.91116714477539,24.91116714477539,24.91116714477539,24.91116714477539,500,0.0,0.0
2023-04-05 00:00:00-04:00,25.323406219482422,25.533733510998605,25.323406219482422,25.323406219482422,3900,0.0,0.0
2023-04-06 00:00:00-04:00,25.794540403683655,25.878671646118164,25.50849514220831,25.878671646118164,1400,0.0,0.0
2023-04-10 00:00:00-04:00,25.819780960111956,25.819780960111956,25.054189682006836,25.054189682006836,1200,0.0,0.0
2023-04-11 00:00:00-04:00,25.054189682006836,25.054189682006836,25.054189682006836,25.054189682006836,0,0.0,0.0
2023-04-12 00:00:00-04:00,25.054189682006836,25.054189682006836,25.054189682006836,25.054189682006836,0,0.0,0.0
2023-04-13 00:00:00-04:00,25.70199833216708,25.70199833216708,25.171974182128906,25.171974182128906,800,0.0,0.0
2023-04-14 00:00:00-04:00,25.171974182128906,25.171974182128906,25.171974182128906,25.171974182128906,0,0.0,0.0
2023-04-17 00:00:00-04:00,25.171974182128906,25.171974182128906,25.171974182128906,25.171974182128906,0,0.0,0.0
2023-04-18 00:00:00-04:00,25.996456715209085,26.26567543100445,25.155147426013517,25.205625534057617,2600,0.0,0.0
2023-04-19 00:00:00-04:00,25.5757999420166,25.5757999420166,25.5757999420166,25.5757999420166,700,0.0,0.0
2023-04-20 00:00:00-04:00,25.5757999420166,25.5757999420166,25.5757999420166,25.5757999420166,0,0.0,0.0
2023-04-21 00:00:00-04:00,25.42436552752202,25.979629516601562,25.42436552752202,25.979629516601562,400,0.0,0.0
2023-04-24 00:00:00-04:00,26.06376078700924,26.164718605415775,26.06376078700924,26.072174072265625,1400,0.0,0.0
2023-04-25 00:00:00-04:00,25.710410444023104,26.476001739501953,25.575801091279796,26.476001739501953,3100,0.0,0.0
2023-04-26 00:00:00-04:00,26.29091253681116,26.51806640625,25.3234072763905,26.51806640625,3000,0.0,0.0
2023-04-27 00:00:00-04:00,26.495480004003493,26.495480004003493,25.070805543839292,25.62677574157715,3700,0.994,0.0
2023-04-28 00:00:00-04:00,26.00031852722168,26.00031852722168,26.00031852722168,26.00031852722168,100,0.0,0.0
2023-05-01 00:00:00-04:00,25.80051642885885,25.80051642885885,25.426973342895508,25.426973342895508,400,0.0,0.0
2023-05-02 00:00:00-04:00,25.62677667275925,25.800518194326393,25.62677667275925,25.757081985473633,1500,0.0,0.0
2023-05-03 00:00:00-04:00,26.00900609293802,26.052440643310547,26.00900609293802,26.052440643310547,500,0.0,0.0
2023-05-04 00:00:00-04:00,25.722335815429688,25.722335815429688,25.722335815429688,25.722335815429688,100,0.0,0.0
2023-05-05 00:00:00-04:00,25.722333176322888,25.887385789578957,25.713645935058594,25.713645935058594,800,0.0,0.0
2023-05-08 00:00:00-04:00,25.531217182352083,25.713645935058594,25.07080499379736,25.713645935058594,1100,0.0,0.0
2023-05-09 00:00:00-04:00,25.713645935058594,25.713645935058594,25.713645935058594,25.713645935058594,500,0.0,0.0
2023-05-10 00:00:00-04:00,25.696273494947924,25.99163309372266,25.218486785888672,25.218486785888672,700,0.0,0.0
2023-05-11 00:00:00-04:00,25.34879115883325,25.40960019333372,25.027369846145437,25.37485122680664,3200,0.0,0.0
2023-05-12 00:00:00-04:00,25.340103639727673,25.670210533510673,25.192423847448513,25.487783432006836,3500,0.0,0.0
2023-05-15 00:00:00-04:00,25.036054383525066,25.175046920776367,25.036054383525066,25.175046920776367,1000,0.0,0.0
2023-05-16 00:00:00-04:00,25.279296035593735,25.279296035593735,24.914440155029297,24.914440155029297,2700,0.0,0.0
2023-05-17 00:00:00-04:00,25.192422019162457,25.253231048583984,24.975245967273125,25.253231048583984,1100,0.0,0.0
2023-05-18 00:00:00-04:00,24.975248336791992,24.975248336791992,24.975248336791992,24.975248336791992,800,0.0,0.0
2023-05-19 00:00:00-04:00,24.975248336791992,24.975248336791992,24.975248336791992,24.975248336791992,0,0.0,0.0
2023-05-22 00:00:00-04:00,24.975247317554224,25.713646265283682,24.88837656071749,24.94049835205078,5200,0.0,0.0
2023-05-23 00:00:00-04:00,24.97524796870717,24.97524796870717,24.758071899414062,24.758071899414062,2000,0.0,0.0
2023-05-24 00:00:00-04:00,25.37485122680664,25.37485122680664,25.37485122680664,25.37485122680664,400,0.0,0.0
2023-05-25 00:00:00-04:00,25.340101356389383,25.340101356389383,25.270605087280273,25.270605087280273,300,0.0,0.0
2023-05-26 00:00:00-04:00,25.270605087280273,25.270605087280273,25.270605087280273,25.270605087280273,0,0.0,0.0
2023-05-30 00:00:00-04:00,24.97524721281869,24.97524721281869,24.323719024658203,24.323719024658203,4900,0.0,0.0
2023-05-31 00:00:00-04:00,24.740696007455618,24.905750274658203,24.740696007455618,24.905750274658203,500,0.0,0.0
2023-06-01 00:00:00-04:00,24.905750274658203,24.905750274658203,24.905750274658203,24.905750274658203,0,0.0,0.0
2023-06-02 00:00:00-04:00,24.862315961254765,24.888376027902577,24.76675796508789,24.76675796508789,1500,0.0,0.0
2023-06-05 00:00:00-04:00,24.862316477439702,24.862316477439702,24.514833450317383,24.514833450317383,900,0.0,0.0
2023-06-06 00:00:00-04:00,24.540894639751404,24.540894639751404,24.341093063354492,24.341093063354492,4200,0.0,0.0
2023-06-07 00:00:00-04:00,24.59301563218202,24.74069541362457,24.436648609840283,24.56695556640625,2300,0.0,0.0
2023-06-08 00:00:00-04:00,24.601704375391616,24.61039161682129,24.601704375391616,24.61039161682129,500,0.0,0.0
2023-06-09 00:00:00-04:00,24.56695621886879,24.671199798583984,24.56695621886879,24.671199798583984,800,0.0,0.0
2023-06-12 00:00:00-04:00,24.75807152807185,24.75807152807185,24.540895462036133,24.540895462036133,400,0.0,0.0
2023-06-13 00:00:00-04:00,24.540895462036133,24.540895462036133,24.540895462036133,24.540895462036133,0,0.0,0.0
2023-06-14 00:00:00-04:00,24.575643459998695,24.671199798583984,24.23684768361975,24.671199798583984,6400,0.0,0.0
2023-06-15 00:00:00-04:00,24.671199798583984,24.671199798583984,24.671199798583984,24.671199798583984,0,0.0,0.0
2023-06-16 00:00:00-04:00,24.627765692950945,24.653825759887695,24.454024181070622,24.653825759887695,2200,0.0,0.0
2023-06-20 00:00:00-04:00,24.6277659312087,24.6277659312087,24.480086141758274,24.514833450317383,600,0.0,0.0
2023-06-21 00:00:00-04:00,24.514833450317383,24.514833450317383,24.514833450317383,24.514833450317383,0,0.0,0.0
2023-06-22 00:00:00-04:00,24.454024499838006,24.454024499838006,24.41927719116211,24.41927719116211,700,0.0,0.0
2023-06-23 00:00:00-04:00,24.697262085446035,24.697262085446035,24.454024299024695,24.58432960510254,1200,0.0,0.0
2023-06-26 00:00:00-04:00,24.714636330350164,24.75807087965099,24.714636330350164,24.72332191467285,1100,0.0,0.0
2023-06-27 00:00:00-04:00,24.72332191467285,24.72332191467285,24.72332191467285,24.72332191467285,0,0.0,0.0
2023-06-28 00:00:00-04:00,24.636454073219404,24.636454073219404,24.61907958984375,24.61907958984375,300,0.0,0.0
2023-06-29 00:00:00-04:00,24.62776756286621,24.62776756286621,24.62776756286621,24.62776756286621,200,0.0,0.0
2023-06-30 00:00:00-04:00,24.62776756286621,24.62776756286621,24.62776756286621,24.62776756286621,0,0.0,0.0
2023-07-03 00:00:00-04:00,24.62776756286621,24.62776756286621,24.62776756286621,24.62776756286621,100,0.0,0.0
2023-07-05 00:00:00-04:00,24.627765314021932,24.627765314021932,24.436649322509766,24.436649322509766,500,0.0,0.0
2023-07-06 00:00:00-04:00,24.419276433504077,24.671199798583984,24.419276433504077,24.671199798583984,1100,0.0,0.0
2023-07-07 00:00:00-04:00,24.671199798583984,24.671199798583984,24.671199798583984,24.671199798583984,0,0.0,0.0
2023-07-10 00:00:00-04:00,24.653826167047768,24.653826167047768,24.58432989253227,24.61039161682129,1100,0.0,0.0
2023-07-11 00:00:00-04:00,24.41927719116211,24.41927719116211,24.41927719116211,24.41927719116211,1400,0.0,0.0
2023-07-12 00:00:00-04:00,24.41927605414807,24.454023361206055,24.41927605414807,24.454023361206055,900,0.0,0.0
2023-07-13 00:00:00-04:00,24.45402482422162,24.636453582186096,24.45402482422162,24.471399307250977,600,0.0,0.0
2023-07-14 00:00:00-04:00,24.497459411621094,24.497459411621094,24.497459411621094,24.497459411621094,200,0.0,0.0
2023-07-17 00:00:00-04:00,24.506145477294922,24.506145477294922,24.454023687551466,24.506145477294922,400,0.0,0.0
2023-07-18 00:00:00-04:00,24.34978059947991,24.653825759887695,24.34109335819371,24.653825759887695,2500,0.0,0.0
2023-07-19 00:00:00-04:00,24.63645313517347,24.63645313517347,24.393215347941528,24.488773345947266,900,0.0,0.0
2023-07-20 00:00:00-04:00,24.488776018390176,24.523523330688477,24.488776018390176,24.523523330688477,400,0.0,0.0
2023-07-21 00:00:00-04:00,24.41059112548828,24.41059112548828,24.41059112548828,24.41059112548828,1400,0.0,0.0
2023-07-24 00:00:00-04:00,24.488772497239903,24.627765040291987,24.47139801512794,24.54958152770996,2300,0.0,0.0
2023-07-25 00:00:00-04:00,24.62776756286621,24.62776756286621,24.62776756286621,24.62776756286621,100,0.0,0.0
2023-07-26 00:00:00-04:00,24.62776756286621,24.62776756286621,24.62776756286621,24.62776756286621,0,0.0,0.0
2023-07-27 00:00:00-04:00,24.480085372924805,24.480085372924805,24.480085372924805,24.480085372924805,800,0.0,0.0
2023-07-28 00:00:00-04:00,24.52352158819959,24.61907958984375,24.52352158819959,24.61907958984375,800,0.0,0.0
2023-07-31 00:00:00-04:00,24.636452490986194,24.671199798583984,24.636452490986194,24.671199798583984,1100,0.0,0.0
2023-08-01 00:00:00-04:00,24.93181263053927,24.95787269760172,24.58432960510254,24.58432960510254,800,0.0,0.0
2023-08-02 00:00:00-04:00,24.49746027000235,24.94049797502067,24.49746027000235,24.72332191467285,1400,0.0,0.0
2023-08-03 00:00:00-04:00,24.64513919375984,24.67119925965846,24.488772170680956,24.497459411621094,3200,0.0,0.0
2023-08-04 00:00:00-04:00,24.566956505676576,24.697261810302734,24.566956505676576,24.697261810302734,400,0.0,0.0
2023-08-07 00:00:00-04:00,24.5408938437087,24.62776459577875,24.5408938437087,24.56695556640625,900,0.0,0.0
2023-08-08 00:00:00-04:00,24.627765095167454,24.714635848999023,24.627765095167454,24.714635848999023,800,0.0,0.0
2023-08-09 00:00:00-04:00,24.671199798583984,24.732008829571484,24.60170352646658,24.671199798583984,1400,0.0,0.0
2023-08-10 00:00:00-04:00,24.749385102476207,24.749385102476207,24.61039254818514,24.740697860717773,1900,0.0,0.0
2023-08-11 00:00:00-04:00,24.758071335771582,24.853629334300088,24.758071335771582,24.844942092895508,1300,0.0,0.0
2023-08-14 00:00:00-04:00,24.844942658515688,24.844942658515688,24.758071899414062,24.758071899414062,700,0.0,0.0
2023-08-15 00:00:00-04:00,24.836254066208504,24.862315789598213,24.671199798583984,24.671199798583984,1900,0.0,0.0
2023-08-16 00:00:00-04:00,24.72332191467285,24.72332191467285,24.72332191467285,24.72332191467285,400,0.0,0.0
2023-08-17 00:00:00-04:00,24.558269500732422,24.558269500732422,24.558269500732422,24.558269500732422,400,0.0,0.0
2023-08-18 00:00:00-04:00,24.740697416209354,24.80150645050392,24.65382665710773,24.758071899414062,2900,0.0,0.0
2023-08-21 00:00:00-04:00,24.732009443700363,24.75807116773722,24.714636617930992,24.7493839263916,3000,0.0,0.0
2023-08-22 00:00:00-04:00,24.653825759887695,24.653825759887695,24.653825759887695,24.653825759887695,300,0.0,0.0
2023-08-23 00:00:00-04:00,24.653825759887695,24.653825759887695,24.653825759887695,24.653825759887695,0,0.0,0.0
2023-08-24 00:00:00-04:00,24.732009767726876,24.80150604248047,24.705949700270455,24.80150604248047,1100,0.0,0.0
2023-08-25 00:00:00-04:00,24.71463678567056,24.844942092895508,24.71463678567056,24.844942092895508,3300,0.0,0.0
2023-08-28 00:00:00-04:00,24.844942092895508,24.844942092895508,24.844942092895508,24.844942092895508,0,0.0,0.0
2023-08-29 00:00:00-04:00,24.78413200378418,24.78413200378418,24.78413200378418,24.78413200378418,300,0.0,0.0
2023-08-30 00:00:00-04:00,24.81019272152121,24.888376235961914,24.81019272152121,24.888376235961914,1900,0.0,0.0
2023-08-31 00:00:00-04:00,24.888376235961914,24.888376235961914,24.888376235961914,24.888376235961914,0,0.0,0.0
2023-09-01 00:00:00-04:00,24.888376235961914,24.888376235961914,24.888376235961914,24.888376235961914,200,0.0,0.0
2023-09-05 00:00:00-04:00,24.888376235961914,24.888376235961914,24.888376235961914,24.888376235961914,0,0.0,0.0
2023-09-06 00:00:00-04:00,24.810195226449373,24.966562271118164,24.810195226449373,24.966562271118164,500,0.0,0.0
2023-09-07 00:00:00-04:00,24.879689367892322,25.105552673339844,24.879689367892322,25.105552673339844,1600,0.0,0.0
2023-09-08 00:00:00-04:00,24.93181463908522,24.97524919230304,24.914440155029297,24.914440155029297,500,0.0,0.0
2023-09-11 00:00:00-04:00,24.975248336791992,24.975248336791992,24.975248336791992,24.975248336791992,500,0.0,0.0
2023-09-12 00:00:00-04:00,25.001306533813477,25.001306533813477,25.001306533813477,25.001306533813477,200,0.0,0.0
2023-09-13 00:00:00-04:00,24.85362904639254,24.85362904639254,24.818880081176758,24.818880081176758,2200,0.0,0.0
2023-09-14 00:00:00-04:00,24.818880081176758,24.818880081176758,24.818880081176758,24.818880081176758,0,0.0,0.0
2023-09-15 00:00:00-04:00,24.818880081176758,24.818880081176758,24.818880081176758,24.818880081176758,0,0.0,0.0
2023-09-18 00:00:00-04:00,24.966562271118164,24.966562271118164,24.966562271118164,24.966562271118164,200,0.0,0.0
2023-09-19 00:00:00-04:00,24.79282086582348,24.79282086582348,24.758071899414062,24.758071899414062,700,0.0,0.0
2023-09-20 00:00:00-04:00,24.758071899414062,24.758071899414062,24.758071899414062,24.758071899414062,300,0.0,0.0
2023-09-21 00:00:00-04:00,24.74069644834302,24.975246991665117,24.74069644834302,24.888376235961914,1300,0.0,0.0
2023-09-22 00:00:00-04:00,24.758070552961193,24.888375856066098,24.671199798583984,24.671199798583984,1300,0.0,0.0
2023-09-25 00:00:00-04:00,24.671199798583984,24.671199798583984,24.671199798583984,24.671199798583984,100,0.0,0.0
2023-09-26 00:00:00-04:00,24.914438318304065,24.914438318304065,24.65382604744386,24.679887771606445,3500,0.0,0.0
2023-09-27 00:00:00-04:00,24.679887771606445,24.679887771606445,24.679887771606445,24.679887771606445,0,0.0,0.0
2023-09-28 00:00:00-04:00,24.679887771606445,24.679887771606445,24.679887771606445,24.679887771606445,0,0.0,0.0
2023-09-29 00:00:00-04:00,24.619078384511642,24.949185267877603,24.619078384511642,24.888376235961914,3100,0.0,0.0
2023-10-02 00:00:00-04:00,24.95787239074707,24.95787239074707,24.95787239074707,24.95787239074707,200,0.0,0.0
2023-10-03 00:00:00-04:00,24.95787239074707,24.95787239074707,24.95787239074707,24.95787239074707,200,0.0,0.0
2023-10-04 00:00:00-04:00,24.966562271118164,24.966562271118164,24.966562271118164,24.966562271118164,300,0.0,0.0
2023-10-05 00:00:00-04:00,24.818880081176758,24.818880081176758,24.818880081176758,24.818880081176758,900,0.0,0.0
2023-10-06 00:00:00-04:00,24.7493839263916,24.7493839263916,24.7493839263916,24.7493839263916,700,0.0,0.0
2023-10-09 00:00:00-04:00,24.688573625151253,24.90574967686549,24.56695556640625,24.56695556640625,500,0.0,0.0
2023-10-10 00:00:00-04:00,24.56695556640625,24.56695556640625,24.56695556640625,24.56695556640625,0,0.0,0.0
2023-10-11 00:00:00-04:00,24.56695556640625,24.56695556640625,24.56695556640625,24.56695556640625,0,0.0,0.0
2023-10-12 00:00:00-04:00,24.897064451207896,24.897064451207896,24.671201140312437,24.758071899414062,900,0.0,0.0
2023-10-13 00:00:00-04:00,24.923126220703125,24.923126220703125,24.923126220703125,24.923126220703125,300,0.0,0.0
2023-10-16 00:00:00-04:00,24.923126220703125,24.923126220703125,24.923126220703125,24.923126220703125,0,0.0,0.0
2023-10-17 00:00:00-04:00,24.92312508278373,24.95787239074707,24.92312508278373,24.95787239074707,400,0.0,0.0
2023-10-18 00:00:00-04:00,24.95787197142124,24.95787197142124,24.714635848999023,24.714635848999023,1300,0.0,0.0
2023-10-19 00:00:00-04:00,24.714635848999023,24.714635848999023,24.714635848999023,24.714635848999023,0,0.0,0.0
2023-10-20 00:00:00-04:00,24.74938360076883,24.74938360076883,24.697261810302734,24.697261810302734,700,0.0,0.0
2023-10-23 00:00:00-04:00,24.82756849893411,24.82756849893411,24.540896150007363,24.81019401550293,2800,0.0,0.0
2023-10-24 00:00:00-04:00,24.705949783325195,24.705949783325195,24.705949783325195,24.705949783325195,300,0.0,0.0
2023-10-25 00:00:00-04:00,24.705949783325195,24.705949783325195,24.705949783325195,24.705949783325195,0,0.0,0.0
2023-10-26 00:00:00-04:00,24.705949783325195,24.705949783325195,24.705949783325195,24.705949783325195,0,0.0,0.0
2023-10-27 00:00:00-04:00,25.665946738097638,25.665946738097638,24.855443500430752,25.02655029296875,1600,1.006,0.0
2023-10-30 00:00:00-04:00,24.900470733642578,24.900470733642578,24.900470733642578,24.900470733642578,100,0.0,0.0
2023-10-31 00:00:00-04:00,25.206661224365234,25.206661224365234,25.206661224365234,25.206661224365234,200,0.0,0.0
2023-11-01 00:00:00-04:00,25.035554509859963,25.035554509859963,24.855443632576968,24.927488327026367,1800,0.0,0.0
2023-11-02 00:00:00-04:00,24.94549840581588,25.458817037112706,24.90046940098578,25.440805435180664,2400,0.0,0.0
2023-11-03 00:00:00-04:00,25.440805435180664,25.440805435180664,25.440805435180664,25.440805435180664,0,0.0,0.0
2023-11-06 00:00:00-05:00,25.377766546099426,25.440805435180664,25.377766546099426,25.440805435180664,1200,0.0,0.0
2023-11-07 00:00:00-05:00,24.99953269958496,24.99953269958496,24.97251529538393,24.99953269958496,400,0.0,0.0
2023-11-08 00:00:00-05:00,25.51285171508789,25.51285171508789,25.51285171508789,25.51285171508789,800,0.0,0.0
2023-11-09 00:00:00-05:00,25.44080702055109,25.51285171508789,25.44080702055109,25.51285171508789,800,0.0,0.0
2023-11-10 00:00:00-05:00,25.512850696696216,25.683957483521453,25.422794402699726,25.548873901367188,1800,0.0,0.0
2023-11-13 00:00:00-05:00,25.47682889485493,25.69296296716688,25.215665817260742,25.215665817260742,2200,0.0,0.0
2023-11-14 00:00:00-05:00,25.24268341064453,25.24268341064453,25.24268341064453,25.24268341064453,400,0.0,0.0
2023-11-15 00:00:00-05:00,25.512851205532822,25.53086280822754,25.512851205532822,25.53086280822754,900,0.0,0.0
2023-11-16 00:00:00-05:00,25.48583239725554,25.48583239725554,25.080581665039062,25.080581665039062,1700,0.0,0.0
2023-11-17 00:00:00-05:00,25.287710317068868,25.287710317068868,25.10759773266192,25.188648223876953,1400,0.0,0.0
2023-11-20 00:00:00-05:00,25.39577821124922,25.39577821124922,25.15262673760411,25.188648223876953,2500,0.0,0.0
2023-11-21 00:00:00-05:00,25.305723245536896,25.53086312900665,25.215666948612792,25.4858341217041,4300,0.0,0.0
2023-11-22 00:00:00-05:00,25.48583266013321,25.692962646484375,25.48583266013321,25.692962646484375,1700,0.0,0.0
2023-11-24 00:00:00-05:00,25.692962646484375,25.692962646484375,25.692962646484375,25.692962646484375,0,0.0,0.0
2023-11-27 00:00:00-05:00,25.431799572149856,25.692962646484375,25.431799572149856,25.692962646484375,600,0.0,0.0
2023-11-28 00:00:00-05:00,25.548874468052038,25.710973739624023,25.548874468052038,25.710973739624023,600,0.0,0.0
2023-11-29 00:00:00-05:00,25.873073320233075,25.873073320233075,25.665945053100586,25.665945053100586,800,0.0,0.0
2023-11-30 00:00:00-05:00,25.395780563354492,25.395780563354492,25.395780563354492,25.395780563354492,700,0.0,0.0
2023-12-01 00:00:00-05:00,24.999533871568186,25.395780563354492,24.999533871568186,25.395780563354492,2000,0.0,0.0
2023-12-04 00:00:00-05:00,25.440806569323072,25.710973739624023,25.440806569323072,25.710973739624023,500,0.0,0.0
2023-12-05 00:00:00-05:00,25.638928930353853,25.638928930353853,25.404783248901367,25.404783248901367,1400,0.0,0.0
2023-12-06 00:00:00-05:00,25.476829587224138,25.67495206280746,25.476829587224138,25.656940460205078,1300,0.0,0.0
2023-12-07 00:00:00-05:00,25.701970992592027,25.701970992592027,24.990528106689453,24.990528106689453,3500,0.0,0.0
2023-12-08 00:00:00-05:00,25.053564457461633,25.539867401123047,25.053564457461633,25.539867401123047,1400,0.0,0.0
2023-12-11 00:00:00-05:00,25.53986810041201,25.575889587402344,25.53986810041201,25.575889587402344,600,0.0,0.0
2023-12-12 00:00:00-05:00,25.575889587402344,25.575889587402344,25.575889587402344,25.575889587402344,700,0.0,0.0
2023-12-13 00:00:00-05:00,25.530862299244195,25.575889587402344,25.332738108914082,25.575889587402344,2800,0.0,0.0
2023-12-14 00:00:00-05:00,25.11660340983198,25.692962646484375,25.11660340983198,25.692962646484375,1700,0.0,0.0
2023-12-15 00:00:00-05:00,25.692962646484375,25.692962646484375,25.692962646484375,25.692962646484375,0,0.0,0.0
2023-12-18 00:00:00-05:00,25.692962646484375,25.692962646484375,25.692962646484375,25.692962646484375,0,0.0,0.0
2023-12-19 00:00:00-05:00,25.386773796345423,25.63892936706543,25.305723300705136,25.63892936706543,1200,0.0,0.0
2023-12-20 00:00:00-05:00,25.404784647495966,25.42279625114104,25.395780563354492,25.395780563354492,3000,0.0,0.0
2023-12-21 00:00:00-05:00,25.575889587402344,25.575889587402344,25.575889587402344,25.575889587402344,500,0.0,0.0
2023-12-22 00:00:00-05:00,25.575889587402344,25.575889587402344,25.575889587402344,25.575889587402344,0,0.0,0.0
2023-12-26 00:00:00-05:00,25.620918336811386,25.801029205322266,25.620918336811386,25.801029205322266,600,0.0,0.0
2023-12-27 00:00:00-05:00,25.665945053100586,25.665945053100586,25.665945053100586,25.665945053100586,400,0.0,0.0
2023-12-28 00:00:00-05:00,25.665945053100586,25.665945053100586,25.665945053100586,25.665945053100586,0,0.0,0.0
2023-12-29 00:00:00-05:00,25.57589041929664,25.620919426600366,25.215666949271814,25.458818435668945,2600,0.0,0.0
2024-01-02 00:00:00-05:00,25.66594524453432,25.84605782805955,25.66594524453432,25.71997833251953,1700,0.0,0.0
2024-01-03 00:00:00-05:00,25.503845648773922,25.828047629664077,25.503845648773922,25.737991333007812,1300,0.0,0.0
2024-01-04 00:00:00-05:00,25.66594677223166,25.66594677223166,25.161633913096384,25.611913681030273,4600,0.0,0.0
2024-01-05 00:00:00-05:00,25.665947335829586,25.746997833251953,25.656941534151432,25.746997833251953,3300,0.0,0.0
2024-01-08 00:00:00-05:00,25.62091827392578,25.62091827392578,25.62091827392578,25.62091827392578,300,0.0,0.0
2024-01-09 00:00:00-05:00,25.485833670844364,25.656940460205078,25.485833670844364,25.656940460205078,800,0.0,0.0
2024-01-10 00:00:00-05:00,25.828046670238276,25.927108764648438,25.52185630358952,25.927108764648438,3200,0.0,0.0
2024-01-11 00:00:00-05:00,25.891086389147876,25.891086389147876,25.710973796759674,25.86406898498535,1000,0.0,0.0
2024-01-12 00:00:00-05:00,25.846058469394062,25.846058469394062,25.575889587402344,25.575889587402344,600,0.0,0.0
2024-01-16 00:00:00-05:00,25.91810417175293,25.91810417175293,25.900092568714918,25.91810417175293,1600,0.0,0.0
2024-01-17 00:00:00-05:00,25.91810417175293,25.91810417175293,25.91810417175293,25.91810417175293,1600,0.0,0.0
2024-01-18 00:00:00-05:00,25.575890584754717,25.91810417175293,25.575890584754717,25.91810417175293,1200,0.0,0.0
2024-01-19 00:00:00-05:00,25.629923676187747,25.91810417175293,25.629923676187747,25.91810417175293,400,0.0,0.0
2024-01-22 00:00:00-05:00,25.5758890158911,25.846057891845703,25.41378803385452,25.846057891845703,1700,0.0,0.0
2024-01-23 00:00:00-05:00,25.81003551594905,25.81003551594905,25.783018112182617,25.783018112182617,1600,0.0,0.0
2024-01-24 00:00:00-05:00,25.584894562886852,25.882079121110255,25.575888762009672,25.665945053100586,1800,0.0,0.0
2024-01-25 00:00:00-05:00,25.756002803697214,25.882080587760367,25.756002803697214,25.86406898498535,1900,0.0,0.0
2024-01-26 00:00:00-05:00,25.86406898498535,25.86406898498535,25.86406898498535,25.86406898498535,100,0.0,0.0
2024-01-29 00:00:00-05:00,25.683956909809122,25.846057891845703,25.683956909809122,25.846057891845703,600,0.0,0.0
2024-01-30 00:00:00-05:00,25.783018112182617,25.783018112182617,25.674951932478802,25.783018112182617,500,0.0,0.0
2024-01-31 00:00:00-05:00,25.66594524365225,25.692962646484375,25.66594524365225,25.692962646484375,300,0.0,0.0
2024-02-01 00:00:00-05:00,25.66594569023339,25.66594569023339,25.5218563079834,25.5218563079834,700,0.0,0.0
2024-02-02 00:00:00-05:00,25.882078170776367,25.882078170776367,25.882078170776367,25.882078170776367,300,0.0,0.0
2024-02-05 00:00:00-05:00,25.683958053588867,25.683958053588867,25.683958053588867,25.683958053588867,200,0.0,0.0
2024-02-06 00:00:00-05:00,25.837051391601562,25.837051391601562,25.837051391601562,25.837051391601562,500,0.0,0.0
2024-02-07 00:00:00-05:00,25.55787887214789,25.611913681030273,25.26970009549916,25.611913681030273,5700,0.0,0.0
2024-02-08 00:00:00-05:00,25.69296347545126,25.837052859843087,25.575889777082306,25.602907180786133,8800,0.0,0.0
2024-02-09 00:00:00-05:00,25.819040298461914,25.819040298461914,25.53986734128128,25.819040298461914,1700,0.0,0.0
2024-02-12 00:00:00-05:00,25.665945624518876,25.801029205322266,25.665945624518876,25.801029205322266,500,0.0,0.0
2024-02-13 00:00:00-05:00,25.638928857602693,25.79202404436102,25.539868478651517,25.656940460205078,1100,0.0,0.0
2024-02-14 00:00:00-05:00,25.837053675762878,25.91810417175293,25.783018866648842,25.91810417175293,1900,0.0,0.0
2024-02-15 00:00:00-05:00,25.91810417175293,25.91810417175293,25.91810417175293,25.91810417175293,100,0.0,0.0
2024-02-16 00:00:00-05:00,25.918105054555753,26.008159637451172,25.918105054555753,26.008159637451172,1900,0.0,0.0
2024-02-20 00:00:00-05:00,26.00815880634846,26.071199417114258,26.00815880634846,26.071199417114258,400,0.0,0.0
2024-02-21 00:00:00-05:00,25.909095764160156,25.909095764160156,25.909095764160156,25.909095764160156,200,0.0,0.0
2024-02-22 00:00:00-05:00,25.909096781748303,25.945118267934845,25.629922104818313,25.87307357788086,1000,0.0,0.0
2024-02-23 00:00:00-05:00,25.64793533323469,26.071199417114258,25.62091964630179,26.071199417114258,4700,0.0,0.0
2024-02-26 00:00:00-05:00,26.071199417114258,26.071199417114258,26.071199417114258,26.071199417114258,100,0.0,0.0
2024-02-27 00:00:00-05:00,26.071199417114258,26.071199417114258,26.071199417114258,26.071199417114258,300,0.0,0.0
2024-02-28 00:00:00-05:00,26.071197762967422,26.071197762967422,25.846057891845703,25.846057891845703,500,0.0,0.0
2024-02-29 00:00:00-05:00,25.846057891845703,25.846057891845703,25.846057891845703,25.846057891845703,0,0.0,0.0
2024-03-01 00:00:00-05:00,25.819040298461914,25.819040298461914,25.819040298461914,25.819040298461914,400,0.0,0.0
2024-03-04 00:00:00-05:00,25.801028696661646,25.819040298461914,25.801028696661646,25.819040298461914,1200,0.0,0.0
2024-03-05 00:00:00-05:00,25.801029266940706,25.927108764648438,25.792023465841513,25.927108764648438,900,0.0,0.0
2024-03-06 00:00:00-05:00,25.981142044067383,26.071198338038688,25.981142044067383,25.981142044067383,700,0.0,0.0
2024-03-07 00:00:00-05:00,25.981143063862945,25.981143063862945,25.945119857788086,25.945119857788086,700,0.0,0.0
2024-03-08 00:00:00-05:00,25.945119857788086,25.945119857788086,25.945119857788086,25.945119857788086,0,0.0,0.0
2024-03-11 00:00:00-04:00,25.981142044067383,25.981142044067383,25.981142044067383,25.981142044067383,300,0.0,0.0
2024-03-12 00:00:00-04:00,25.963130950927734,25.963130950927734,25.963130950927734,25.963130950927734,300,0.0,0.0
2024-03-13 00:00:00-04:00,25.89108657836914,25.89108657836914,25.89108657836914,25.89108657836914,400,0.0,0.0
2024-03-14 00:00:00-04:00,25.89108657836914,25.89108657836914,25.89108657836914,25.89108657836914,0,0.0,0.0
2024-03-15 00:00:00-04:00,25.927108764648438,25.927108764648438,25.927108764648438,25.927108764648438,400,0.0,0.0
2024-03-18 00:00:00-04:00,25.927108764648438,25.927108764648438,25.927108764648438,25.927108764648438,100,0.0,0.0
2024-03-19 00:00:00-04:00,25.891085178997688,26.02616875813454,25.846057891845703,25.846057891845703,2400,0.0,0.0
2024-03-20 00:00:00-04:00,26.071196739835287,26.116224025220227,25.909095764160156,25.909095764160156,1500,0.0,0.0
2024-03-21 00:00:00-04:00,25.864067650430297,25.972135543823242,25.81904036349709,25.972135543823242,1100,0.0,0.0
2024-03-22 00:00:00-04:00,25.972135543823242,25.972135543823242,25.84605776626555,25.972135543823242,900,0.0,0.0
2024-03-25 00:00:00-04:00,25.972135543823242,25.972135543823242,25.972135543823242,25.972135543823242,0,0.0,0.0
2024-03-26 00:00:00-04:00,25.972135543823242,25.972135543823242,25.972135543823242,25.972135543823242,0,0.0,0.0
2024-03-27 00:00:00-04:00,25.91810417175293,25.91810417175293,25.91810417175293,25.91810417175293,400,0.0,0.0
2024-03-28 00:00:00-04:00,25.91810417175293,25.91810417175293,25.91810417175293,25.91810417175293,0,0.0,0.0
2024-04-01 00:00:00-04:00,25.936113357543945,25.936113357543945,25.936113357543945,25.936113357543945,600,0.0,0.0
2024-04-02 00:00:00-04:00,25.999154213947396,26.116226196289062,25.999154213947396,26.116226196289062,200,0.0,0.0
2024-04-03 00:00:00-04:00,26.044181314277054,26.071198718166652,26.044181314277054,26.062192916870117,800,0.0,0.0
2024-04-04 00:00:00-04:00,26.062192916870117,26.062192916870117,26.062192916870117,26.062192916870117,0,0.0,0.0
2024-04-05 00:00:00-04:00,26.04418182373047,26.116226517831038,26.04418182373047,26.04418182373047,5000,0.0,0.0
2024-04-08 00:00:00-04:00,26.116226196289062,26.116226196289062,26.098214593565427,26.116226196289062,1200,0.0,0.0
2024-04-09 00:00:00-04:00,26.053187435975822,26.06219323738311,26.01716423034668,26.01716423034668,3400,0.0,0.0
2024-04-10 00:00:00-04:00,26.13423665205256,26.13423665205256,25.60290641879083,25.846057891845703,3000,0.0,0.0
2024-04-11 00:00:00-04:00,25.72898476448392,25.981142044067383,25.72898476448392,25.981142044067383,700,0.0,0.0
2024-04-12 00:00:00-04:00,25.87307478637286,25.87307478637286,25.86406898498535,25.86406898498535,2100,0.0,0.0
2024-04-15 00:00:00-04:00,25.756001344191503,25.756001344191503,25.665945053100586,25.665945053100586,900,0.0,0.0
2024-04-16 00:00:00-04:00,25.701969466711034,25.90909774359555,25.656940460205078,25.656940460205078,1100,0.0,0.0
2024-04-17 00:00:00-04:00,25.819040298461914,25.819040298461914,25.819040298461914,25.819040298461914,1100,0.0,0.0
2024-04-18 00:00:00-04:00,25.90009123405405,26.053186416625977,25.90009123405405,26.053186416625977,1100,0.0,0.0
2024-04-19 00:00:00-04:00,25.891085689317546,26.035175072261012,25.68395741604643,25.85506248474121,11100,0.0,0.0
2024-04-22 00:00:00-04:00,25.66594677150586,25.710974061225574,25.305723300705136,25.63892936706543,9000,0.0,0.0
2024-04-23 00:00:00-04:00,25.846057000842237,25.846057000842237,25.70196762570607,25.810033798217773,1200,0.0,0.0
2024-04-24 00:00:00-04:00,25.810033798217773,25.83705120018612,25.674950223737724,25.810033798217773,2200,0.0,0.0
2024-04-25 00:00:00-04:00,25.611913171380085,25.801029845662214,25.476829587224138,25.656940460205078,1800,0.0,0.0
2024-04-26 00:00:00-04:00,25.66627271159376,26.04893336233525,25.66627271159376,26.020933151245117,7700,1.0,0.0
2024-04-29 00:00:00-04:00,25.84360497369206,26.07693473601822,25.75027271272863,26.0302677154541,4000,0.0,0.0
2024-04-30 00:00:00-04:00,25.703608693144727,25.85293960571289,25.703608693144727,25.85293960571289,1100,0.0,0.0
2024-05-01 00:00:00-04:00,25.824938154831827,25.824938154831827,25.572941584383784,25.796937942504883,4200,0.0,0.0
2024-05-02 00:00:00-04:00,25.880935702624658,25.974267959594727,25.796936849368066,25.974267959594727,900,0.0,0.0
2024-05-03 00:00:00-04:00,26.01160309964529,26.048934936523438,26.01160309964529,26.048934936523438,400,0.0,0.0
2024-05-06 00:00:00-04:00,26.25426410350191,26.25426410350191,25.918270455882496,26.123600006103516,2400,0.0,0.0
2024-05-07 00:00:00-04:00,26.123600780456634,26.207599639892578,26.123600780456634,26.207599639892578,700,0.0,0.0
2024-05-08 00:00:00-04:00,26.179597854614258,26.179597854614258,26.179597854614258,26.179597854614258,200,0.0,0.0
2024-05-09 00:00:00-04:00,26.179597854614258,26.179597854614258,26.179597854614258,26.179597854614258,0,0.0,0.0
2024-05-10 00:00:00-04:00,26.151599884033203,26.151599884033203,26.13293307602506,26.151599884033203,1300,0.0,0.0
2024-05-13 00:00:00-04:00,26.132933822902032,26.14226722717285,26.132933822902032,26.14226722717285,1000,0.0,0.0
2024-05-14 00:00:00-04:00,26.11426544189453,26.11426544189453,26.11426544189453,26.11426544189453,500,0.0,0.0
2024-05-15 00:00:00-04:00,26.123600035578136,26.21693229675293,26.086268199207108,26.21693229675293,2400,0.0,0.0
2024-05-16 00:00:00-04:00,26.263597547281325,26.45026206970215,26.263597547281325,26.45026206970215,700,0.0,0.0
2024-05-17 00:00:00-04:00,26.41292729430908,26.440927505493164,26.29159660617419,26.440927505493164,1100,0.0,0.0
2024-05-20 00:00:00-04:00,26.431595310351334,26.431595310351334,26.403596878051758,26.403596878051758,500,0.0,0.0
2024-05-21 00:00:00-04:00,26.403596878051758,26.403596878051758,26.403596878051758,26.403596878051758,0,0.0,0.0
2024-05-22 00:00:00-04:00,26.366262483495007,26.366262483495007,26.1329327270039,26.319597244262695,1100,0.0,0.0
2024-05-23 00:00:00-04:00,26.09559870140245,26.30093002319336,26.09559870140245,26.30093002319336,1100,0.0,0.0
2024-05-24 00:00:00-04:00,26.282264709472656,26.282264709472656,26.282264709472656,26.282264709472656,200,0.0,0.0
2024-05-28 00:00:00-04:00,26.26359748840332,26.26359748840332,26.086268150682372,26.26359748840332,1000,0.0,0.0
2024-05-29 00:00:00-04:00,26.104932404062044,26.179597854614258,26.104932404062044,26.179597854614258,800,0.0,0.0
2024-05-30 00:00:00-04:00,26.086268150682372,26.26359748840332,26.058267938332577,26.26359748840332,1100,0.0,0.0
2024-05-31 00:00:00-04:00,26.26359748840332,26.26359748840332,26.26359748840332,26.26359748840332,0,0.0,0.0
2024-06-03 00:00:00-04:00,26.27293022486561,26.319597244262695,26.27293022486561,26.319597244262695,1500,0.0,0.0
2024-06-04 00:00:00-04:00,26.142267949540013,26.310265670727183,26.058269088946428,26.272932052612305,3600,0.0,0.0
2024-06-05 00:00:00-04:00,26.160934348050205,26.25426483154297,26.123600730521208,26.25426483154297,700,0.0,0.0
2024-06-06 00:00:00-04:00,26.086267836169505,26.151599884033203,26.076934432165437,26.151599884033203,1400,0.0,0.0
2024-06-07 00:00:00-04:00,26.039601217450677,26.086268238190222,25.81560485839533,25.93693733215332,7800,0.0,0.0
2024-06-10 00:00:00-04:00,25.955602702086185,26.216932681174548,25.955602702086185,26.14226722717285,3000,0.0,0.0
2024-06-11 00:00:00-04:00,26.142266480029132,26.151599884033203,26.142266480029132,26.151599884033203,200,0.0,0.0
2024-06-12 00:00:00-04:00,26.291597318244133,26.3382625579834,26.282263914263325,26.3382625579834,1600,0.0,0.0
2024-06-13 00:00:00-04:00,26.160933965195703,26.338263305368706,26.160933965195703,26.328929901123047,1000,0.0,0.0
2024-06-14 00:00:00-04:00,26.33826222432537,26.366262435913086,26.33826222432537,26.366262435913086,400,0.0,0.0
2024-06-17 00:00:00-04:00,26.356930573595502,26.356930573595502,26.067602157592773,26.067602157592773,3200,0.0,0.0
2024-06-18 00:00:00-04:00,26.282264296636516,26.282264296636516,26.26359748840332,26.26359748840332,400,0.0,0.0
2024-06-20 00:00:00-04:00,26.067602157592773,26.067602157592773,26.067602157592773,26.067602157592773,500,0.0,0.0
2024-06-21 00:00:00-04:00,26.067602157592773,26.067602157592773,26.067602157592773,26.067602157592773,0,0.0,0.0
2024-06-24 00:00:00-04:00,26.067600203515227,26.132932249312148,26.04893339609761,26.11426544189453,2200,0.0,0.0
2024-06-25 00:00:00-04:00,26.114266206115936,26.114266206115936,25.964935302734375,25.964935302734375,1300,0.0,0.0
2024-06-26 00:00:00-04:00,25.974267959594727,25.974267959594727,25.974267959594727,25.974267959594727,1800,0.0,0.0
2024-06-27 00:00:00-04:00,26.235598292729627,26.235598292729627,26.039600372314453,26.039600372314453,600,0.0,0.0
2024-06-28 00:00:00-04:00,26.039600372314453,26.039600372314453,26.039600372314453,26.039600372314453,200,0.0,0.0
2024-07-01 00:00:00-04:00,26.039600372314453,26.039600372314453,26.039600372314453,26.039600372314453,0,0.0,0.0
2024-07-02 00:00:00-04:00,26.198265075683594,26.198265075683594,26.198265075683594,26.198265075683594,100,0.0,0.0
2024-07-03 00:00:00-04:00,26.179597854614258,26.179597854614258,26.179597854614258,26.179597854614258,300,0.0,0.0
2024-07-05 00:00:00-04:00,26.22626528764428,26.22626528764428,26.198265075683594,26.198265075683594,800,0.0,0.0
2024-07-08 00:00:00-04:00,26.263596788920598,26.263596788920598,26.15159950283388,26.22626495361328,600,0.0,0.0
2024-07-09 00:00:00-04:00,26.142266445547445,26.45026165661633,26.142266445547445,26.431594848632812,500,0.0,0.0
2024-07-10 00:00:00-04:00,26.431594848632812,26.431594848632812,26.431594848632812,26.431594848632812,0,0.0,0.0
2024-07-11 00:00:00-04:00,26.2355983574813,26.244931761349324,26.22626495361328,26.22626495361328,700,0.0,0.0
2024-07-12 00:00:00-04:00,26.384930020904307,26.45026206970215,26.384930020904307,26.45026206970215,400,0.0,0.0
2024-07-15 00:00:00-04:00,26.42226180855489,26.49692726135254,26.188932046041636,26.49692726135254,1900,0.0,0.0
2024-07-16 00:00:00-04:00,26.49692726135254,26.49692726135254,26.49692726135254,26.49692726135254,0,0.0,0.0
2024-07-17 00:00:00-04:00,26.496927329796225,26.496927329796225,26.310264587402344,26.310264587402344,500,0.0,0.0
2024-07-18 00:00:00-04:00,26.41292953491211,26.41292953491211,26.41292953491211,26.41292953491211,300,0.0,0.0
2024-07-19 00:00:00-04:00,26.319597244262695,26.319597244262695,26.319597244262695,26.319597244262695,200,0.0,0.0
2024-07-22 00:00:00-04:00,26.319597244262695,26.319597244262695,26.319597244262695,26.319597244262695,500,0.0,0.0
2024-07-23 00:00:00-04:00,26.22626495361328,26.22626495361328,26.22626495361328,26.22626495361328,700,0.0,0.0
2024-07-24 00:00:00-04:00,26.22626495361328,26.22626495361328,26.22626495361328,26.22626495361328,0,0.0,0.0
2024-07-25 00:00:00-04:00,26.282263628745028,26.319597244262695,26.282263628745028,26.319597244262695,1700,0.0,0.0
2024-07-26 00:00:00-04:00,26.59959291594164,26.59959291594164,26.17959863151874,26.26359748840332,3400,0.0,0.0
2024-07-29 00:00:00-04:00,26.26359748840332,26.26359748840332,26.26359748840332,26.26359748840332,0,0.0,0.0
2024-07-30 00:00:00-04:00,26.26359748840332,26.26359748840332,26.26359748840332,26.26359748840332,0,0.0,0.0
2024-07-31 00:00:00-04:00,26.26359748840332,26.26359748840332,26.26359748840332,26.26359748840332,100,0.0,0.0
2024-08-01 00:00:00-04:00,26.50625991821289,26.50625991821289,26.50625991821289,26.50625991821289,500,0.0,0.0
2024-08-02 00:00:00-04:00,26.50625991821289,26.50625991821289,26.50625991821289,26.50625991821289,0,0.0,0.0
2024-08-05 00:00:00-04:00,26.17959829852322,26.291597366333008,26.17959829852322,26.291597366333008,900,0.0,0.0
2024-08-06 00:00:00-04:00,26.291597366333008,26.291597366333008,26.291597366333008,26.291597366333008,0,0.0,0.0
2024-08-07 00:00:00-04:00,26.45026206970215,26.45026206970215,26.45026206970215,26.45026206970215,200,0.0,0.0
2024-08-08 00:00:00-04:00,26.45026206970215,26.45026206970215,26.45026206970215,26.45026206970215,0,0.0,0.0
2024-08-09 00:00:00-04:00,26.59959254288972,26.664924590624835,26.571592330932617,26.571592330932617,2800,0.0,0.0
2024-08-12 00:00:00-04:00,26.599593676930752,26.646258918683984,26.487594604492188,26.487594604492188,1000,0.0,0.0
2024-08-13 00:00:00-04:00,26.59959331230062,26.59959331230062,26.42226219177246,26.42226219177246,900,0.0,0.0
2024-08-14 00:00:00-04:00,26.496926944758307,26.496926944758307,26.384929656982422,26.384929656982422,700,0.0,0.0
2024-08-15 00:00:00-04:00,26.310263792902415,26.366262435913086,26.310263792902415,26.366262435913086,300,0.0,0.0
2024-08-16 00:00:00-04:00,26.366262435913086,26.366262435913086,26.366262435913086,26.366262435913086,0,0.0,0.0
2024-08-19 00:00:00-04:00,26.366262435913086,26.366262435913086,26.366262435913086,26.366262435913086,200,0.0,0.0
2024-08-20 00:00:00-04:00,26.53426170349121,26.53426170349121,26.53426170349121,26.53426170349121,100,0.0,0.0
2024-08-21 00:00:00-04:00,26.459595139592594,26.5062603795259,26.431594927533734,26.478261947631836,3900,0.0,0.0
2024-08-22 00:00:00-04:00,26.599592176619947,26.599592176619947,26.50625991821289,26.50625991821289,1900,0.0,0.0
2024-08-23 00:00:00-04:00,26.506259538170816,26.59025839151633,26.506259538170816,26.58092498779297,1400,0.0,0.0
2024-08-26 00:00:00-04:00,26.646257861807126,26.646257861807126,26.59959262190479,26.61825942993164,500,0.0,0.0
2024-08-27 00:00:00-04:00,26.655590057373047,26.655590057373047,26.655590057373047,26.655590057373047,500,0.0,0.0
2024-08-28 00:00:00-04:00,26.506260665472848,26.506260665472848,26.49692726135254,26.49692726135254,4200,0.0,0.0
2024-08-29 00:00:00-04:00,26.53426206461154,26.599594116210938,26.478263417549897,26.599594116210938,2200,0.0,0.0
2024-08-30 00:00:00-04:00,26.65559043741512,26.65559043741512,26.58092498779297,26.58092498779297,400,0.0,0.0
2024-09-03 00:00:00-04:00,26.655590057373047,26.655590057373047,26.655590057373047,26.655590057373047,400,0.0,0.0
2024-09-04 00:00:00-04:00,26.655590057373047,26.655590057373047,26.655590057373047,26.655590057373047,0,0.0,0.0
2024-09-05 00:00:00-04:00,26.655590057373047,26.655590057373047,26.655590057373047,26.655590057373047,600,0.0,0.0
2024-09-06 00:00:00-04:00,26.655590057373047,26.655590057373047,26.655590057373047,26.655590057373047,400,0.0,0.0
2024-09-09 00:00:00-04:00,26.636926651000977,26.636926651000977,26.636926651000977,26.636926651000977,500,0.0,0.0
2024-09-10 00:00:00-04:00,26.711591720581055,26.711591720581055,26.711591720581055,26.711591720581055,100,0.0,0.0
2024-09-11 00:00:00-04:00,26.711591720581055,26.711591720581055,26.711591720581055,26.711591720581055,300,0.0,0.0
2024-09-12 00:00:00-04:00,26.711591720581055,26.711591720581055,26.711591720581055,26.711591720581055,0,0.0,0.0
2024-09-13 00:00:00-04:00,26.776924468175082,26.776924468175082,26.748924255371094,26.748924255371094,500,0.0,0.0
2024-09-16 00:00:00-04:00,26.84225541765682,26.926254272460938,26.74892315896727,26.926254272460938,3800,0.0,0.0
2024-09-17 00:00:00-04:00,26.711591720581055,26.711591720581055,26.711591720581055,26.711591720581055,600,0.0,0.0
2024-09-18 00:00:00-04:00,26.907587829238516,26.991586685180664,26.832922377308247,26.991586685180664,1400,0.0,0.0
2024-09-19 00:00:00-04:00,26.730257034301758,26.730257034301758,26.730257034301758,26.730257034301758,700,0.0,0.0
2024-09-20 00:00:00-04:00,26.730257034301758,26.730257034301758,26.730257034301758,26.730257034301758,0,0.0,0.0
2024-09-23 00:00:00-04:00,26.870255945411305,27.038251876831055,26.870255945411305,27.038251876831055,1800,0.0,0.0
2024-09-24 00:00:00-04:00,26.85158920288086,26.85158920288086,26.85158920288086,26.85158920288086,200,0.0,0.0
2024-09-25 00:00:00-04:00,26.954253432550264,27.05691909790039,26.954253432550264,27.05691909790039,3200,0.0,0.0
2024-09-26 00:00:00-04:00,27.05691909790039,27.05691909790039,27.05691909790039,27.05691909790039,0,0.0,0.0
2024-09-27 00:00:00-04:00,26.93558692932129,26.93558692932129,26.93558692932129,26.93558692932129,300,0.0,0.0
2024-09-30 00:00:00-04:00,26.93558692932129,26.93558692932129,26.93558692932129,26.93558692932129,0,0.0,0.0
2024-10-01 00:00:00-04:00,26.879589468302672,26.97292173468416,26.80492401123047,26.80492401123047,2000,0.0,0.0
2024-10-02 00:00:00-04:00,26.823589716054407,27.206250390313677,26.823589716054407,26.982254028320312,5200,0.0,0.0
2024-10-03 00:00:00-04:00,26.8795879796133,27.05691909790039,26.8795879796133,27.05691909790039,600,0.0,0.0
2024-10-04 00:00:00-04:00,27.24358367919922,27.784908659203204,27.20625006256765,27.24358367919922,2400,0.0,0.0
2024-10-07 00:00:00-04:00,27.243582458381287,27.42091178894043,27.206248843422685,27.42091178894043,1000,0.0,0.0
2024-10-08 00:00:00-04:00,27.588911099726204,27.719576979512457,27.13158497088643,27.308916091918945,5800,0.0,0.0
2024-10-09 00:00:00-04:00,27.2622494086871,27.514245986938477,27.16891892503684,27.514245986938477,1900,0.0,0.0
2024-10-10 00:00:00-04:00,27.374247777080065,27.495578470803018,27.24358367919922,27.24358367919922,1100,0.0,0.0
2024-10-11 00:00:00-04:00,27.234249827260086,27.504911422729492,27.094252327523165,27.504911422729492,2000,0.0,0.0
2024-10-14 00:00:00-04:00,27.20625009166323,27.336915969848633,27.20625009166323,27.336915969848633,500,0.0,0.0
2024-10-15 00:00:00-04:00,27.336915477779367,27.336915477779367,27.271581649780273,27.271581649780273,500,0.0,0.0
2024-10-16 00:00:00-04:00,27.40224752561367,27.40224752561367,27.271581649780273,27.271581649780273,1100,0.0,0.0
2024-10-17 00:00:00-04:00,27.271581649780273,27.271581649780273,27.271581649780273,27.271581649780273,300,0.0,0.0
2024-10-18 00:00:00-04:00,27.29024887084961,27.29024887084961,27.29024887084961,27.29024887084961,600,0.0,0.0
2024-10-21 00:00:00-04:00,27.45824588140285,27.896905183806354,27.355580218646057,27.626243591308594,15500,0.0,0.0
2024-10-22 00:00:00-04:00,27.812907101124566,27.812907101124566,27.476913452148438,27.476913452148438,9700,0.0,0.0
2024-10-23 00:00:00-04:00,27.71957657050379,27.90623931289943,27.523578643798828,27.523578643798828,1600,0.0,0.0
2024-10-24 00:00:00-04:00,27.570246776148746,29.44621658071251,27.560913371627922,28.04623794555664,12500,0.0,0.0
2024-10-25 00:00:00-04:00,27.896904370994577,28.11156909415559,27.75690687687372,27.82223892211914,5700,0.0,0.0
2024-10-28 00:00:00-04:00,27.999570924866752,28.83022429265174,27.999570924866752,28.419565200805664,17800,0.0,0.0
2024-10-29 00:00:00-04:00,28.23290069759255,29.595545628848505,27.85957344109536,28.652894973754883,9500,0.0,0.0
2024-10-30 00:00:00-04:00,28.26090078268847,28.26090078268847,26.786256791012296,27.53291130065918,1600,0.0,0.0
2024-10-31 00:00:00-04:00,27.53291123641893,27.53291123641893,26.739589709167124,27.34624671936035,5800,0.0,0.0
2024-11-01 00:00:00-04:00,27.168917386335945,27.34624671936035,27.15958398246654,27.34624671936035,1300,0.0,0.0
2024-11-04 00:00:00-05:00,27.019587365062012,28.410232543945312,27.019587365062012,28.410232543945312,5100,0.0,0.0
2024-11-05 00:00:00-05:00,28.064903215331732,28.064903215331732,27.73824119567871,27.73824119567871,600,0.0,0.0
2024-11-06 00:00:00-05:00,27.794243143300832,28.176903827818503,27.31825019374266,27.579578399658203,900,0.0,0.0
2024-11-07 00:00:00-05:00,27.280916240743966,27.4395805553155,27.056919875495602,27.374248504638672,1300,0.0,0.0
2024-11-08 00:00:00-05:00,27.11291780191305,27.448913230947287,26.636926651000977,26.636926651000977,7600,0.0,0.0
2024-11-11 00:00:00-05:00,26.851589141183183,27.402247515825312,26.66492462158203,26.66492462158203,1300,0.0,0.0
2024-11-12 00:00:00-05:00,27.03825192954705,27.103585757641035,26.59959262190479,26.61825942993164,5300,0.0,0.0
2024-11-13 00:00:00-05:00,26.515594069593156,26.804922476663446,26.49692726135254,26.49692726135254,2200,0.0,0.0
2024-11-14 00:00:00-05:00,27.896907452296567,27.896907452296567,27.36491584777832,27.36491584777832,3500,0.0,0.0
2024-11-15 00:00:00-05:00,27.364914392851425,27.364914392851425,26.84225622078258,27.103586196899414,1900,0.0,0.0
2024-11-18 00:00:00-05:00,26.851589900793456,27.159585120732945,26.851589900793456,26.8889217376709,3900,0.0,0.0
2024-11-19 00:00:00-05:00,27.150250608629868,27.159584012509598,26.69292449951172,26.69292449951172,2200,0.0,0.0
2024-11-20 00:00:00-05:00,26.85158920288086,26.85158920288086,26.85158920288086,26.85158920288086,700,0.0,0.0
2024-11-21 00:00:00-05:00,26.85158920288086,26.85158920288086,26.85158920288086,26.85158920288086,0,0.0,0.0
2024-11-22 00:00:00-05:00,27.15958289450038,27.15958289450038,27.010251998901367,27.010251998901367,600,0.0,0.0
2024-11-25 00:00:00-05:00,27.094253540039062,27.094253540039062,27.094253540039062,27.094253540039062,600,0.0,0.0
2024-11-26 00:00:00-05:00,27.150251378717673,27.159584782862137,26.916921615600586,26.916921615600586,1300,0.0,0.0
2024-11-27 00:00:00-05:00,26.86092185974121,26.879586887093197,26.851588455982846,26.86092185974121,2300,0.0,0.0
2024-11-29 00:00:00-05:00,26.86092185974121,26.86092185974121,26.86092185974121,26.86092185974121,0,0.0,0.0
2024-12-02 00:00:00-05:00,27.15958289450038,27.15958289450038,27.010251998901367,27.010251998901367,1000,0.0,0.0
2024-12-03 00:00:00-05:00,26.85158875888789,27.112916946411133,26.85158875888789,27.112916946411133,500,0.0,0.0
2024-12-04 00:00:00-05:00,27.103585770871998,27.103585770871998,26.85158920288086,26.85158920288086,700,0.0,0.0
2024-12-05 00:00:00-05:00,26.767589602322293,26.86092185974121,26.767589602322293,26.86092185974121,500,0.0,0.0
2024-12-06 00:00:00-05:00,26.79558753967285,26.79558753967285,26.79558753967285,26.79558753967285,200,0.0,0.0
2024-12-09 00:00:00-05:00,27.131582684013807,27.131582684013807,27.010251998901367,27.010251998901367,1000,0.0,0.0
2024-12-10 00:00:00-05:00,27.000919342041016,27.000919342041016,27.000919342041016,27.000919342041016,100,0.0,0.0
2024-12-11 00:00:00-05:00,27.103586196899414,27.103586196899414,27.103586196899414,27.103586196899414,300,0.0,0.0
2024-12-12 00:00:00-05:00,27.122250030508518,27.122250030508518,27.000919342041016,27.000919342041016,400,0.0,0.0
2024-12-13 00:00:00-05:00,26.851588455982846,26.86092185974121,26.851588455982846,26.86092185974121,300,0.0,0.0
2024-12-16 00:00:00-05:00,27.066252106223832,27.066252106223832,26.851589154689883,26.89825439453125,1500,0.0,0.0
2024-12-17 00:00:00-05:00,27.038252318940525,27.150251388549805,26.851589576478148,27.150251388549805,1600,0.0,0.0
2024-12-18 00:00:00-05:00,26.972920624049983,27.028919269507114,26.888921765781866,26.982254028320312,2100,0.0,0.0
2024-12-19 00:00:00-05:00,27.07558477826318,27.14091682434082,27.07558477826318,27.14091682434082,700,0.0,0.0
2024-12-20 00:00:00-05:00,27.14091682434082,27.14091682434082,27.14091682434082,27.14091682434082,0,0.0,0.0
2024-12-23 00:00:00-05:00,26.991586685180664,26.991586685180664,26.991586685180664,26.991586685180664,400,0.0,0.0
2024-12-24 00:00:00-05:00,27.075584411621094,27.075584411621094,27.075584411621094,27.075584411621094,1100,0.0,0.0
2024-12-26 00:00:00-05:00,27.075584411621094,27.075584411621094,27.075584411621094,27.075584411621094,0,0.0,0.0
2024-12-27 00:00:00-05:00,27.15025097549216,27.15025097549216,27.12225076347462,27.13158416748047,1500,0.0,0.0
2024-12-30 00:00:00-05:00,27.13158416748047,27.13158416748047,27.13158416748047,27.13158416748047,0,0.0,0.0
2024-12-31 00:00:00-05:00,27.131584580254124,27.150251388549805,27.131584580254124,27.150251388549805,800,0.0,0.0
2025-01-02 00:00:00-05:00,27.15958595275879,27.15958595275879,27.15958595275879,27.15958595275879,1000,0.0,0.0
2025-01-03 00:00:00-05:00,27.159585162356986,27.514245623978034,27.159585162356986,27.44891357421875,2400,0.0,0.0
2025-01-06 00:00:00-05:00,27.26224937827568,27.26224937827568,27.187583923339844,27.187583923339844,500,0.0,0.0
2025-01-07 00:00:00-05:00,27.09425121886614,27.09425121886614,27.075584411621094,27.075584411621094,800,0.0,0.0
2025-01-08 00:00:00-05:00,27.075584411621094,27.075584411621094,27.075584411621094,27.075584411621094,0,0.0,0.0
2025-01-10 00:00:00-05:00,27.25291552011962,27.25291552011962,27.075584411621094,27.075584411621094,1300,0.0,0.0
2025-01-13 00:00:00-05:00,27.075584411621094,27.075584411621094,27.075584411621094,27.075584411621094,0,0.0,0.0
2025-01-14 00:00:00-05:00,27.07558626947018,27.122251510620117,27.07558626947018,27.122251510620117,900,0.0,0.0
2025-01-15 00:00:00-05:00,27.150251388549805,27.150251388549805,27.07558593553189,27.150251388549805,1400,0.0,0.0
2025-01-16 00:00:00-05:00,26.982253674218292,27.150251388549805,26.982253674218292,27.150251388549805,1200,0.0,0.0
2025-01-17 00:00:00-05:00,27.187583923339844,27.187583923339844,27.187583923339844,27.187583923339844,300,0.0,0.0
2025-01-21 00:00:00-05:00,27.53291130065918,27.53291130065918,27.53291130065918,27.53291130065918,400,0.0,0.0
2025-01-22 00:00:00-05:00,27.206250390313677,27.206250390313677,26.982254028320312,26.982254028320312,5300,0.0,0.0
2025-01-23 00:00:00-05:00,26.954253787330057,27.0569194540315,26.8889217376709,26.8889217376709,2300,0.0,0.0
2025-01-24 00:00:00-05:00,27.04758644104004,27.04758644104004,27.04758644104004,27.04758644104004,200,0.0,0.0
2025-01-27 00:00:00-05:00,26.8889217376709,26.8889217376709,26.8889217376709,26.8889217376709,500,0.0,0.0
2025-01-28 00:00:00-05:00,27.00091970776527,27.066251754760742,27.00091970776527,27.066251754760742,4200,0.0,0.0
2025-01-29 00:00:00-05:00,26.94492106464983,27.066251754760742,26.898254045249658,27.066251754760742,3400,0.0,0.0
2025-01-30 00:00:00-05:00,27.48624610900879,27.48624610900879,27.48624610900879,27.48624610900879,500,0.0,0.0
2025-01-31 00:00:00-05:00,26.972919464111328,26.972919464111328,26.972919464111328,26.972919464111328,200,0.0,0.0
2025-02-03 00:00:00-05:00,27.40224838256836,27.40224838256836,27.40224838256836,27.40224838256836,500,0.0,0.0
2025-02-04 00:00:00-05:00,27.15025056186575,27.15025056186575,27.112916946411133,27.112916946411133,800,0.0,0.0
2025-02-05 00:00:00-05:00,27.122251489414722,27.33691622696519,27.122251489414722,27.262248992919922,500,0.0,0.0
2025-02-06 00:00:00-05:00,27.16891744972692,27.53291130065918,27.16891744972692,27.53291130065918,500,0.0,0.0
2025-02-07 00:00:00-05:00,27.09425231822753,27.290248461759013,26.89825439453125,26.89825439453125,3900,0.0,0.0
2025-02-10 00:00:00-05:00,27.15958398116093,27.196915816471993,26.972919464111328,26.972919464111328,800,0.0,0.0
2025-02-11 00:00:00-05:00,27.056920696820384,27.056920696820384,26.711593624141756,26.944923400878906,7200,0.0,0.0
2025-02-12 00:00:00-05:00,27.019585781795804,27.019585781795804,26.93558692932129,26.93558692932129,2700,0.0,0.0
2025-02-13 00:00:00-05:00,27.019588470458984,27.019588470458984,27.019588470458984,27.019588470458984,300,0.0,0.0
2025-02-14 00:00:00-05:00,26.73959011735422,27.01958689721631,26.73959011735422,26.991586685180664,6400,0.0,0.0
2025-02-18 00:00:00-05:00,26.76759075833907,26.935588472915523,26.76759075833907,26.870256423950195,4300,0.0,0.0
2025-02-19 00:00:00-05:00,26.786256790161133,26.786256790161133,26.786256790161133,26.786256790161133,100,0.0,0.0
2025-02-20 00:00:00-05:00,27.01025382788864,27.01025382788864,26.963586807250977,26.963586807250977,400,0.0,0.0
2025-02-21 00:00:00-05:00,26.972919464111328,26.972919464111328,26.972919464111328,26.972919464111328,400,0.0,0.0
2025-02-24 00:00:00-05:00,27.000919342041016,27.000919342041016,27.000919342041016,27.000919342041016,300,0.0,0.0
2025-02-25 00:00:00-05:00,27.467579979136083,27.467579979136083,27.05691909790039,27.05691909790039,1700,0.0,0.0
2025-02-26 00:00:00-05:00,27.05691909790039,27.05691909790039,27.05691909790039,27.05691909790039,0,0.0,0.0
2025-02-27 00:00:00-05:00,27.05691909790039,27.05691909790039,27.05691909790039,27.05691909790039,0,0.0,0.0
2025-02-28 00:00:00-05:00,26.804922604123824,27.103586196899414,26.804922604123824,27.103586196899414,1500,0.0,0.0
2025-03-03 00:00:00-05:00,27.178252684958792,27.187584309313994,26.860924051935253,26.879589080810547,800,0.0,0.0
2025-03-04 00:00:00-05:00,26.84225686182343,27.514245956245947,26.84225686182343,27.187583923339844,2000,0.0,0.0
2025-03-05 00:00:00-05:00,27.420914081821604,27.420914081821604,26.879589080810547,26.879589080810547,2300,0.0,0.0
2025-03-06 00:00:00-05:00,26.83292159466036,27.42091178894043,26.83292159466036,27.42091178894043,1300,0.0,0.0
2025-03-07 00:00:00-05:00,27.010253493204427,27.112917377005548,26.898254425226632,26.991586685180664,1700,0.0,0.0
2025-03-10 00:00:00-04:00,26.991586685180664,26.991586685180664,26.991586685180664,26.991586685180664,0,0.0,0.0
2025-03-11 00:00:00-04:00,27.028918503580957,27.13158416748047,27.028918503580957,27.13158416748047,1900,0.0,0.0
2025-03-12 00:00:00-04:00,27.16891775259947,27.16891775259947,27.028918472835826,27.038251876831055,1200,0.0,0.0
2025-03-13 00:00:00-04:00,26.9915859382874,27.000919342041016,26.9915859382874,27.000919342041016,400,0.0,0.0
2025-03-14 00:00:00-04:00,26.86092185974121,26.86092185974121,26.86092185974121,26.86092185974121,300,0.0,0.0
2025-03-17 00:00:00-04:00,26.972921016006854,27.374248504638672,26.972921016006854,27.374248504638672,2100,0.0,0.0
2025-03-18 00:00:00-04:00,27.131586126412433,27.53291362681614,27.08492088317871,27.08492088317871,2400,0.0,0.0
2025-03-19 00:00:00-04:00,27.075587092005208,27.15958595275879,27.075587092005208,27.15958595275879,500,0.0,0.0
2025-03-20 00:00:00-04:00,27.084920471184887,27.299583435058594,27.084920471184887,27.299583435058594,1100,0.0,0.0
2025-03-21 00:00:00-04:00,27.094251638085716,27.47691229170639,27.084918234318778,27.467578887939453,700,0.0,0.0
2025-03-24 00:00:00-04:00,27.131583041519036,27.31824755355978,27.131583041519036,27.2155818939209,2100,0.0,0.0
2025-03-25 00:00:00-04:00,27.178253122292045,27.34624906586229,27.178253122292045,27.224918365478516,1100,0.0,0.0
2025-03-26 00:00:00-04:00,27.2155818939209,27.2155818939209,27.2155818939209,27.2155818939209,300,0.0,0.0
2025-03-27 00:00:00-04:00,27.2155818939209,27.2155818939209,27.2155818939209,27.2155818939209,0,0.0,0.0
2025-03-28 00:00:00-04:00,27.439578993433564,27.439578993433564,27.187582429311163,27.206249237060547,2500,0.0,0.0
2025-03-31 00:00:00-04:00,27.234251022338867,27.234251022338867,27.234251022338867,27.234251022338867,700,0.0,0.0
2025-04-01 00:00:00-04:00,27.122251510620117,27.122251510620117,27.122251510620117,27.122251510620117,1100,0.0,0.0
2025-04-02 00:00:00-04:00,27.420912249884235,27.420912249884235,27.392913818359375,27.392913818359375,300,0.0,0.0
2025-04-03 00:00:00-04:00,27.392913818359375,27.392913818359375,27.392913818359375,27.392913818359375,0,0.0,0.0
2025-04-04 00:00:00-04:00,27.392913818359375,27.392913818359375,27.392913818359375,27.392913818359375,0,0.0,0.0
2025-04-07 00:00:00-04:00,27.4395805553155,27.4395805553155,27.13158533057839,27.374248504638672,1000,0.0,0.0
2025-04-08 00:00:00-04:00,27.336915969848633,27.336915969848633,27.15025144682081,27.336915969848633,700,0.0,0.0
2025-04-09 00:00:00-04:00,27.27158249647552,27.39291497207603,27.16891860961914,27.16891860961914,3500,0.0,0.0
2025-04-10 00:00:00-04:00,27.15025068900294,27.48624610900879,27.15025068900294,27.48624610900879,1300,0.0,0.0
2025-04-11 00:00:00-04:00,27.504910656008583,27.504910656008583,27.280914306640625,27.280914306640625,1200,0.0,0.0
2025-04-14 00:00:00-04:00,27.13158493631589,27.13158493631589,26.982254028320312,26.982254028320312,300,0.0,0.0
2025-04-15 00:00:00-04:00,26.982254028320312,26.982254028320312,26.982254028320312,26.982254028320312,0,0.0,0.0
2025-04-16 00:00:00-04:00,26.97291947959672,26.99158628734535,26.832921981811523,26.832921981811523,800,0.0,0.0
2025-04-17 00:00:00-04:00,27.15958361829476,27.355579756429943,27.15958361829476,27.280914306640625,700,0.0,0.0
2025-04-21 00:00:00-04:00,27.280914306640625,27.280914306640625,27.280914306640625,27.280914306640625,0,0.0,0.0
2025-04-22 00:00:00-04:00,27.262248992919922,27.262248992919922,27.262248992919922,27.262248992919922,900,0.0,0.0
2025-04-23 00:00:00-04:00,27.262248992919922,27.262248992919922,27.262248992919922,27.262248992919922,200,0.0,0.0
2025-04-24 00:00:00-04:00,27.336914360796797,27.34624598425059,27.2155818939209,27.2155818939209,1300,0.0,0.0
2025-04-25 00:00:00-04:00,27.2155818939209,27.2155818939209,27.2155818939209,27.2155818939209,0,0.0,0.0
2025-04-28 00:00:00-04:00,27.355580123229757,27.355580123229757,27.112916963119513,27.34624671936035,1900,0.0,0.0
2025-04-29 00:00:00-04:00,27.292146682739258,27.292146682739258,27.292146682739258,27.292146682739258,600,0.994,0.0
2025-04-30 00:00:00-04:00,27.475706511947475,27.475706511947475,27.137573334037867,27.17621612548828,1400,0.0,0.0
2025-05-01 00:00:00-04:00,27.195537129898188,27.35011197359409,27.195537129898188,27.205198287963867,400,0.0,0.0
2025-05-02 00:00:00-04:00,27.35011272750407,27.437061309814453,27.16655624722885,27.437061309814453,4400,0.0,0.0
2025-05-05 00:00:00-04:00,27.495025634765625,27.495025634765625,27.495025634765625,27.495025634765625,200,0.0,0.0
2025-05-06 00:00:00-04:00,27.292147092274995,27.408079147338867,27.292147092274995,27.408079147338867,300,0.0,0.0
2025-05-07 00:00:00-04:00,27.234182357788086,27.234182357788086,27.234182357788086,27.234182357788086,100,0.0,0.0
2025-05-08 00:00:00-04:00,27.263164520263672,27.263164520263672,27.263164520263672,27.263164520263672,100,0.0,0.0
2025-05-09 00:00:00-04:00,27.24384326485139,27.35011231956316,27.15689468383789,27.15689468383789,1500,0.0,0.0
2025-05-12 00:00:00-04:00,27.15689518324448,27.340451664157406,27.15689518324448,27.31147003173828,800,0.0,0.0
2025-05-13 00:00:00-04:00,27.263164520263672,27.263164520263672,27.263164520263672,27.263164520263672,200,0.0,0.0
2025-05-14 00:00:00-04:00,27.147233963012695,27.147233963012695,27.137572804669155,27.147233963012695,1200,0.0,0.0
2025-05-15 00:00:00-04:00,27.22452163696289,27.22452163696289,27.22452163696289,27.22452163696289,200,0.0,0.0
2025-05-16 00:00:00-04:00,27.15689546250486,27.263164520263672,27.15689546250486,27.263164520263672,1100,0.0,0.0
2025-05-19 00:00:00-04:00,27.263163645604156,27.321130594533876,27.263163645604156,27.282485961914062,800,0.0,0.0
2025-05-20 00:00:00-04:00,27.330791939555276,27.34045125509877,27.156894776932155,27.195537567138672,1800,0.0,0.0
2025-05-21 00:00:00-04:00,27.137572617695863,27.234182357788086,27.137572617695863,27.234182357788086,900,0.0,0.0
2025-05-22 00:00:00-04:00,27.301808965725435,27.350112915039062,27.301808965725435,27.350112915039062,1600,0.0,0.0
2025-05-23 00:00:00-04:00,27.35977388583606,27.495026417128862,27.35977388583606,27.437061309814453,1000,0.0,0.0
2025-05-27 00:00:00-04:00,27.195538004689926,27.292147745776855,27.185876846313477,27.185876846313477,1200,0.0,0.0
2025-05-28 00:00:00-04:00,27.495025634765625,27.495025634765625,27.350111949264313,27.495025634765625,1000,0.0,0.0
2025-05-29 00:00:00-04:00,27.350112915039062,27.350112915039062,27.350112915039062,27.350112915039062,500,0.0,0.0
2025-05-30 00:00:00-04:00,27.20519860422242,27.44672203063965,27.089268391441554,27.44672203063965,500,0.0,0.0
2025-06-02 00:00:00-04:00,27.292148218316548,28.499765396118164,27.292148218316548,28.499765396118164,1900,0.0,0.0
2025-06-03 00:00:00-04:00,27.920107536534488,27.920107536534488,27.53367042541504,27.53367042541504,700,0.0,0.0
2025-06-04 00:00:00-04:00,27.53367042541504,27.53367042541504,27.53367042541504,27.53367042541504,0,0.0,0.0
2025-06-05 00:00:00-04:00,27.53367042541504,27.53367042541504,27.53367042541504,27.53367042541504,0,0.0,0.0
2025-06-06 00:00:00-04:00,27.659262832281776,27.659262832281776,27.552993774414062,27.552993774414062,1200,0.0,0.0
2025-06-09 00:00:00-04:00,27.552993774414062,27.552993774414062,27.552993774414062,27.552993774414062,0,0.0,0.0
2025-06-10 00:00:00-04:00,27.485366821289062,27.485366821289062,27.485366821289062,27.485366821289062,100,0.0,0.0
2025-06-11 00:00:00-04:00,27.504688262939453,27.504688262939453,27.504688262939453,27.504688262939453,200,0.0,0.0
2025-06-12 00:00:00-04:00,27.504688262939453,27.504688262939453,27.504688262939453,27.504688262939453,0,0.0,0.0
2025-06-13 00:00:00-04:00,27.495025634765625,27.495025634765625,27.495025634765625,27.495025634765625,200,0.0,0.0
2025-06-16 00:00:00-04:00,27.71722937340958,27.71722937340958,27.127911613900885,27.437061309814453,3000,0.0,0.0
2025-06-17 00:00:00-04:00,27.51434898376465,27.51434898376465,27.51434898376465,27.51434898376465,300,0.0,0.0
2025-06-18 00:00:00-04:00,27.388756765085986,27.388756765085986,27.24384307861328,27.24384307861328,700,0.0,0.0
2025-06-20 00:00:00-04:00,27.630281448364258,27.630281448364258,27.630281448364258,27.630281448364258,1000,0.0,0.0
2025-06-23 00:00:00-04:00,27.51434898376465,27.51434898376465,27.51434898376465,27.51434898376465,500,0.0,0.0
2025-06-24 00:00:00-04:00,27.214859578406806,27.53367042541504,27.11824983995757,27.53367042541504,3500,0.0,0.0
2025-06-25 00:00:00-04:00,27.466044942076557,27.485367258851177,27.321131251622013,27.475706100463867,2400,0.0,0.0
2025-06-26 00:00:00-04:00,27.37909698486328,27.37909698486328,27.37909698486328,27.37909698486328,200,0.0,0.0
2025-06-27 00:00:00-04:00,27.417739868164062,27.417739868164062,27.417739868164062,27.417739868164062,100,0.0,0.0
2025-06-30 00:00:00-04:00,27.417739868164062,27.417739868164062,27.417739868164062,27.417739868164062,0,0.0,0.0
2025-07-01 00:00:00-04:00,27.417739868164062,27.417739868164062,27.417739868164062,27.417739868164062,0,0.0,0.0
2025-07-02 00:00:00-04:00,27.48536622553714,27.48536622553714,27.456382751464844,27.456382751464844,400,0.0,0.0
2025-07-03 00:00:00-04:00,27.41773927142343,27.80417823791504,27.26316442189781,27.80417823791504,900,0.0,0.0
2025-07-07 00:00:00-04:00,27.243843052744825,27.53367042541504,27.243843052744825,27.53367042541504,800,0.0,0.0
2025-07-08 00:00:00-04:00,27.591636657714844,27.591636657714844,27.591636657714844,27.591636657714844,100,0.0,0.0
2025-07-09 00:00:00-04:00,27.591636657714844,27.591636657714844,27.591636657714844,27.591636657714844,300,0.0,0.0
2025-07-10 00:00:00-04:00,27.726890213229048,27.726890213229048,27.069946195620595,27.195537567138672,1000,0.0,0.0
2025-07-11 00:00:00-04:00,27.195537567138672,27.195537567138672,27.195537567138672,27.195537567138672,0,0.0,0.0
2025-07-14 00:00:00-04:00,27.63994132197695,27.73654921774869,27.53367042541504,27.53367042541504,900,0.0,0.0
2025-07-15 00:00:00-04:00,27.51434810918969,27.53367042541504,27.30180815874337,27.53367042541504,2200,0.0,0.0
2025-07-16 00:00:00-04:00,27.35977326474191,27.53367042541504,27.35977326474191,27.53367042541504,200,0.0,0.0
2025-07-17 00:00:00-04:00,27.7462100982666,27.7462100982666,27.7462100982666,27.7462100982666,300,0.0,0.0
2025-07-18 00:00:00-04:00,27.7462100982666,27.7462100982666,27.7462100982666,27.7462100982666,0,0.0,0.0
2025-07-21 00:00:00-04:00,27.7462100982666,27.7462100982666,27.7462100982666,27.7462100982666,300,0.0,0.0
2025-07-22 00:00:00-04:00,27.543332897233338,27.72689122477413,27.504688262939453,27.504688262939453,1600,0.0,0.0
2025-07-23 00:00:00-04:00,27.42739990089279,27.42739990089279,27.359773635864258,27.359773635864258,600,0.0,0.0
2025-07-24 00:00:00-04:00,27.369434422854585,27.6206190057516,27.369434422854585,27.53367042541504,500,0.0,0.0
2025-07-25 00:00:00-04:00,27.417739302614915,27.678585052490234,27.417739302614915,27.678585052490234,400,0.0,0.0
2025-07-28 00:00:00-04:00,27.427400588989258,27.427400588989258,27.427400588989258,27.427400588989258,400,0.0,0.0
2025-07-29 00:00:00-04:00,27.408079147338867,27.408079147338867,27.408079147338867,27.408079147338867,300,0.0,0.0
2025-07-30 00:00:00-04:00,27.398418707030245,27.475706131538583,27.350112915039062,27.350112915039062,1100,0.0,0.0
2025-07-31 00:00:00-04:00,27.330791473388672,27.330791473388672,27.330791473388672,27.330791473388672,500,0.0,0.0
2025-08-01 00:00:00-04:00,27.292146682739258,27.292146682739258,27.292146682739258,27.292146682739258,200,0.0,0.0
2025-08-04 00:00:00-04:00,27.292147496881093,27.68824577331543,27.292147496881093,27.68824577331543,1800,0.0,0.0
2025-08-05 00:00:00-04:00,27.678585052490234,27.678585052490234,27.678585052490234,27.678585052490234,200,0.0,0.0
2025-08-06 00:00:00-04:00,27.63028110296261,27.678585052490234,27.63028110296261,27.678585052490234,600,0.0,0.0
2025-08-07 00:00:00-04:00,27.65926170349121,27.65926170349121,27.65926170349121,27.65926170349121,300,0.0,0.0
2025-08-08 00:00:00-04:00,27.65926170349121,27.65926170349121,27.65926170349121,27.65926170349121,0,0.0,0.0
2025-08-11 00:00:00-04:00,27.630280853601576,27.678584802693262,27.60129737854004,27.60129737854004,2400,0.0,0.0
2025-08-12 00:00:00-04:00,27.514348733792843,27.514348733792843,27.35977388583606,27.437061309814453,900,0.0,0.0
2025-08-13 00:00:00-04:00,27.504687607425886,27.74621103797374,27.408079709348776,27.726890563964844,2600,0.0,0.0
2025-08-14 00:00:00-04:00,27.71722984313965,27.71722984313965,27.71722984313965,27.71722984313965,500,0.0,0.0
2025-08-15 00:00:00-04:00,27.64960313989663,27.726890563964844,27.64960313989663,27.726890563964844,2100,0.0,0.0
2025-08-18 00:00:00-04:00,27.66892260879392,27.765532346039087,27.56265355623396,27.581974029541016,4400,0.0,0.0
2025-08-19 00:00:00-04:00,27.86214256286621,27.86214256286621,27.86214256286621,27.86214256286621,900,0.0,0.0
2025-08-20 00:00:00-04:00,27.794517517089844,27.794517517089844,27.794517517089844,27.794517517089844,800,0.0,0.0
2025-08-21 00:00:00-04:00,27.66892317761839,27.900785446166992,27.66892317761839,27.900785446166992,2700,0.0,0.0
2025-08-22 00:00:00-04:00,27.804177549613208,27.900785446166992,27.804177549613208,27.900785446166992,1100,0.0,0.0
2025-08-25 00:00:00-04:00,27.93942964111065,27.93942964111065,27.910446166992188,27.910446166992188,700,0.0,0.0
2025-08-26 00:00:00-04:00,27.75587244576481,27.80417823791504,27.75587244576481,27.80417823791504,200,0.0,0.0
2025-08-27 00:00:00-04:00,27.765533447265625,27.765533447265625,27.765533447265625,27.765533447265625,200,0.0,0.0
2025-08-28 00:00:00-04:00,27.74621153531333,27.881465911865234,27.74621153531333,27.881465911865234,1100,0.0,0.0
2025-08-29 00:00:00-04:00,27.881465911865234,27.881465911865234,27.881465911865234,27.881465911865234,0,0.0,0.0
2025-09-02 00:00:00-04:00,27.929769014307734,28.20027591652609,27.77519416809082,27.77519416809082,600,0.0,0.0
2025-09-03 00:00:00-04:00,28.229258021177976,28.229258021177976,27.92010832356787,28.21959686279297,600,0.0,0.0
2025-09-04 00:00:00-04:00,27.939429799547327,27.9490909576416,27.939429799547327,27.9490909576416,600,0.0,0.0
2025-09-05 00:00:00-04:00,27.9490909576416,27.9490909576416,27.9490909576416,27.9490909576416,0,0.0,0.0
2025-09-08 00:00:00-04:00,28.03604022743043,28.741288201562288,28.0167179107666,28.0167179107666,2500,0.0,0.0
2025-09-09 00:00:00-04:00,28.0167179107666,28.0167179107666,28.0167179107666,28.0167179107666,0,0.0,0.0
2025-09-10 00:00:00-04:00,28.161630630493164,28.161630630493164,28.161630630493164,28.161630630493164,300,0.0,0.0
2025-09-11 00:00:00-04:00,28.113327026367188,28.113327026367188,28.113327026367188,28.113327026367188,300,0.0,0.0
2025-09-12 00:00:00-04:00,28.345190048217773,28.345190048217773,28.345190048217773,28.345190048217773,100,0.0,0.0
2025-09-15 00:00:00-04:00,28.683322080134477,28.683322080134477,28.28722381591797,28.28722381591797,300,0.0,0.0
2025-09-16 00:00:00-04:00,28.499763763672995,28.499763763672995,28.28722381591797,28.28722381591797,400,0.0,0.0
2025-09-17 00:00:00-04:00,28.28722381591797,28.28722381591797,28.28722381591797,28.28722381591797,0,0.0,0.0
2025-09-18 00:00:00-04:00,28.422476595649144,28.422476595649144,28.33552801563893,28.364511489868164,500,0.0,0.0
2025-09-19 00:00:00-04:00,28.364511489868164,28.364511489868164,28.364511489868164,28.364511489868164,0,0.0,0.0
2025-09-22 00:00:00-04:00,28.25824134103183,28.25824134103183,28.0167179107666,28.0167179107666,600,0.0,0.0
2025-09-23 00:00:00-04:00,28.171291923157316,28.490102767944336,28.084343343426536,28.490102767944336,1500,0.0,0.0
2025-09-24 00:00:00-04:00,28.161631475764356,28.267902374267578,28.132649843574406,28.267902374267578,1700,0.0,0.0
2025-09-25 00:00:00-04:00,28.258241653442383,28.258241653442383,28.258241653442383,28.258241653442383,400,0.0,0.0
2025-09-26 00:00:00-04:00,28.46112060546875,28.46112060546875,28.46112060546875,28.46112060546875,300,0.0,0.0
2025-09-29 00:00:00-04:00,28.229257583618164,28.229257583618164,28.229257583618164,28.229257583618164,300,0.0,0.0
2025-09-30 00:00:00-04:00,28.084343831318975,28.258240993801543,28.065021514892578,28.065021514892578,1100,0.0,0.0
2025-10-01 00:00:00-04:00,28.065021514892578,28.065021514892578,28.065021514892578,28.065021514892578,0,0.0,0.0
2025-10-02 00:00:00-04:00,28.345190048217773,28.345190048217773,28.345190048217773,28.345190048217773,600,0.0,0.0
2025-10-03 00:00:00-04:00,28.074682235717773,28.074682235717773,28.074682235717773,28.074682235717773,300,0.0,0.0
2025-10-06 00:00:00-04:00,28.074682235717773,28.074682235717773,28.074682235717773,28.074682235717773,0,0.0,0.0
2025-10-07 00:00:00-04:00,28.09400608055813,28.258242091205577,28.065022604792965,28.248580932617188,1800,0.0,0.0
2025-10-08 00:00:00-04:00,28.248580932617188,28.248580932617188,28.248580932617188,28.248580932617188,0,0.0,0.0
2025-10-09 00:00:00-04:00,28.267902374267578,28.383832588382433,28.267902374267578,28.267902374267578,1400,0.0,0.0
2025-10-10 00:00:00-04:00,28.094004618514166,28.23891830444336,28.094004618514166,28.23891830444336,300,0.0,0.0
2025-10-13 00:00:00-04:00,28.287223883768803,28.451459884643555,28.287223883768803,28.451459884643555,400,0.0,0.0
2025-10-14 00:00:00-04:00,28.44179916381836,28.44179916381836,28.44179916381836,28.44179916381836,200,0.0,0.0
2025-10-15 00:00:00-04:00,28.287225624792168,28.412817001342773,28.287225624792168,28.412817001342773,1500,0.0,0.0
2025-10-16 00:00:00-04:00,28.393494397968585,28.98281216838252,28.393494397968585,28.625356674194336,900,0.0,0.0
2025-10-17 00:00:00-04:00,28.731626510620117,28.731626510620117,28.731626510620117,28.731626510620117,500,0.0,0.0
2025-10-20 00:00:00-04:00,28.53840980472551,28.876541137695312,28.40315542886003,28.876541137695312,3100,0.0,0.0
2025-10-21 00:00:00-04:00,28.944166809038236,28.944166809038236,28.68332290649414,28.68332290649414,700,0.0,0.0
2025-10-22 00:00:00-04:00,28.712304194314477,28.731626510620117,28.712304194314477,28.731626510620117,1300,0.0,0.0
2025-10-23 00:00:00-04:00,28.731627575135228,28.731627575135228,28.625356674194336,28.625356674194336,2100,0.0,0.0
2025-10-24 00:00:00-04:00,28.702643251769537,28.973150154047996,28.35485076904297,28.35485076904297,5600,0.0,0.0
2025-10-27 00:00:00-04:00,28.470781326293945,28.470781326293945,28.470781326293945,28.470781326293945,400,0.0,0.0
2025-10-28 00:00:00-04:00,28.74128883167849,28.74128883167849,28.499765396118164,28.499765396118164,1000,0.0,0.0
2025-10-29 00:00:00-04:00,28.499765454618505,28.73162773211104,28.29688665281663,28.66400146484375,3700,0.0,0.0
2025-10-30 00:00:00-04:00,28.040000915527344,28.649999618530273,28.040000915527344,28.350000381469727,4100,1.006,0.0
2025-10-31 00:00:00-04:00,28.610000610351562,28.809999465942383,28.600000381469727,28.600000381469727,500,0.0,0.0
2025-11-03 00:00:00-05:00,28.829999923706055,28.829999923706055,28.3799991607666,28.5,2000,0.0,0.0
2025-11-04 00:00:00-05:00,28.399999618530273,28.65999984741211,28.399999618530273,28.559999465942383,4100,0.0,0.0
2025-11-05 00:00:00-05:00,28.440000534057617,28.440000534057617,28.440000534057617,28.440000534057617,400,0.0,0.0
2025-11-06 00:00:00-05:00,28.459999084472656,28.459999084472656,28.450000762939453,28.450000762939453,300,0.0,0.0
2025-11-07 00:00:00-05:00,28.450000762939453,28.450000762939453,28.350000381469727,28.350000381469727,200,0.0,0.0
2025-11-10 00:00:00-05:00,28.420000076293945,28.420000076293945,28.420000076293945,28.420000076293945,200,0.0,0.0
2025-11-11 00:00:00-05:00,28.420000076293945,28.489999771118164,28.350000381469727,28.489999771118164,1800,0.0,0.0
2025-11-12 00:00:00-05:00,28.34000015258789,28.5,28.34000015258789,28.43000030517578,4800,0.0,0.0
2025-11-13 00:00:00-05:00,28.43000030517578,28.43000030517578,28.43000030517578,28.43000030517578,0,0.0,0.0
2025-11-14 00:00:00-05:00,28.43000030517578,28.43000030517578,28.43000030517578,28.43000030517578,0,0.0,0.0
2025-11-17 00:00:00-05:00,28.43000030517578,28.43000030517578,28.43000030517578,28.43000030517578,500,0.0,0.0
2025-11-18 00:00:00-05:00,28.459999084472656,28.489999771118164,28.459999084472656,28.489999771118164,2300,0.0,0.0
2025-11-19 00:00:00-05:00,28.31999969482422,28.600000381469727,28.190000534057617,28.510000228881836,1300,0.0,0.0
2025-11-20 00:00:00-05:00,28.239999771118164,28.399999618530273,28.239999771118164,28.399999618530273,600,0.0,0.0
2025-11-21 00:00:00-05:00,28.709999084472656,28.709999084472656,28.709999084472656,28.709999084472656,500,0.0,0.0
2025-11-24 00:00:00-05:00,28.950000762939453,29.0,28.25,28.850000381469727,12600,0.0,0.0
2025-11-25 00:00:00-05:00,28.850000381469727,28.850000381469727,28.850000381469727,28.850000381469727,0,0.0,0.0
2025-11-26 00:00:00-05:00,28.850000381469727,28.850000381469727,28.850000381469727,28.850000381469727,0,0.0,0.0
2025-11-28 00:00:00-05:00,28.350000381469727,28.520000457763672,28.329999923706055,28.5,2500,0.0,0.0
2025-12-01 00:00:00-05:00,28.350000381469727,28.639999389648438,28.350000381469727,28.639999389648438,600,0.0,0.0
2025-12-02 00:00:00-05:00,28.639999389648438,28.639999389648438,28.639999389648438,28.639999389648438,0,0.0,0.0
2025-12-03 00:00:00-05:00,28.600000381469727,28.600000381469727,28.600000381469727,28.600000381469727,400,0.0,0.0
2025-12-04 00:00:00-05:00,28.600000381469727,28.600000381469727,28.600000381469727,28.600000381469727,0,0.0,0.0
2025-12-05 00:00:00-05:00,28.600000381469727,28.600000381469727,28.600000381469727,28.600000381469727,200,0.0,0.0
2025-12-08 00:00:00-05:00,29.190000534057617,29.190000534057617,29.0,29.18000030517578,1500,0.0,0.0
2025-12-09 00:00:00-05:00,29.18000030517578,29.18000030517578,29.18000030517578,29.18000030517578,0,0.0,0.0
2025-12-10 00:00:00-05:00,29.18000030517578,29.18000030517578,29.18000030517578,29.18000030517578,0,0.0,0.0
2025-12-11 00:00:00-05:00,28.690000534057617,28.690000534057617,28.59000015258789,28.600000381469727,1000,0.0,0.0
2025-12-12 00:00:00-05:00,28.40999984741211,28.709999084472656,28.40999984741211,28.709999084472656,2500,0.0,0.0
2025-12-15 00:00:00-05:00,28.790000915527344,28.790000915527344,28.790000915527344,28.790000915527344,100,0.0,0.0
2025-12-16 00:00:00-05:00,28.649999618530273,28.649999618530273,28.520000457763672,28.520000457763672,500,0.0,0.0
2025-12-17 00:00:00-05:00,28.479999542236328,28.670000076293945,28.479999542236328,28.670000076293945,900,0.0,0.0
2025-12-18 00:00:00-05:00,28.530000686645508,28.559999465942383,28.520000457763672,28.530000686645508,1400,0.0,0.0
2025-12-19 00:00:00-05:00,28.649999618530273,28.690000534057617,28.579999923706055,28.579999923706055,1700,0.0,0.0
2025-12-22 00:00:00-05:00,28.579999923706055,28.579999923706055,28.579999923706055,28.579999923706055,0,0.0,0.0
2025-12-23 00:00:00-05:00,28.399999618530273,28.399999618530273,28.399999618530273,28.399999618530273,400,0.0,0.0
2025-12-24 00:00:00-05:00,28.5,28.5,28.5,28.5,100,0.0,0.0
2025-12-26 00:00:00-05:00,28.520000457763672,28.520000457763672,28.520000457763672,28.520000457763672,200,0.0,0.0
2025-12-29 00:00:00-05:00,28.5,28.5,28.40999984741211,28.40999984741211,2400,0.0,0.0
2025-12-30 00:00:00-05:00,28.649999618530273,28.649999618530273,28.649999618530273,28.649999618530273,600,0.0,0.0
2025-12-31 00:00:00-05:00,28.729999542236328,28.790000915527344,28.729999542236328,28.790000915527344,1500,0.0,0.0
2026-01-02 00:00:00-05:00,28.56999969482422,28.56999969482422,28.56999969482422,28.56999969482422,200,0.0,0.0
2026-01-05 00:00:00-05:00,28.510000228881836,28.600000381469727,28.479999542236328,28.479999542236328,700,0.0,0.0
2026-01-06 00:00:00-05:00,28.479999542236328,28.479999542236328,28.479999542236328,28.479999542236328,0,0.0,0.0
2026-01-07 00:00:00-05:00,28.479999542236328,28.479999542236328,28.479999542236328,28.479999542236328,0,0.0,0.0
2026-01-08 00:00:00-05:00,28.889999389648438,29.020000457763672,28.8799991607666,29.020000457763672,5000,0.0,0.0
2026-01-09 00:00:00-05:00,29.020000457763672,29.020000457763672,29.020000457763672,29.020000457763672,0,0.0,0.0
2026-01-12 00:00:00-05:00,28.600000381469727,28.65999984741211,28.600000381469727,28.65999984741211,600,0.0,0.0
2026-01-13 00:00:00-05:00,28.700000762939453,28.809999465942383,28.700000762939453,28.809999465942383,600,0.0,0.0
2026-01-14 00:00:00-05:00,28.68000030517578,28.68000030517578,28.68000030517578,28.68000030517578,500,0.0,0.0
2026-01-15 00:00:00-05:00,28.68000030517578,28.68000030517578,28.68000030517578,28.68000030517578,0,0.0,0.0
2026-01-16 00:00:00-05:00,28.75,28.75,28.729999542236328,28.729999542236328,700,0.0,0.0
2026-01-20 00:00:00-05:00,28.760000228881836,28.760000228881836,28.540000915527344,28.68000030517578,2000,0.0,0.0
2026-01-21 00:00:00-05:00,28.729999542236328,28.729999542236328,28.610000610351562,28.719999313354492,1000,0.0,0.0
2026-01-22 00:00:00-05:00,28.700000762939453,28.700000762939453,28.700000762939453,28.700000762939453,400,0.0,0.0
2026-01-23 00:00:00-05:00,28.860000610351562,28.860000610351562,28.860000610351562,28.860000610351562,200,0.0,0.0
2026-01-26 00:00:00-05:00,28.860000610351562,28.860000610351562,28.860000610351562,28.860000610351562,0,0.0,0.0
2026-01-27 00:00:00-05:00,28.639999389648438,28.84000015258789,28.610000610351562,28.84000015258789,2800,0.0,0.0
2026-01-28 00:00:00-05:00,28.84000015258789,28.899999618530273,28.799999237060547,28.809999465942383,800,0.0,0.0
2026-01-29 00:00:00-05:00,28.729999542236328,28.790000915527344,28.649999618530273,28.649999618530273,1500,0.0,0.0
2026-01-30 00:00:00-05:00,28.5,28.5,28.5,28.5,300,0.0,0.0
2026-02-02 00:00:00-05:00,28.81999969482422,28.81999969482422,28.81999969482422,28.81999969482422,300,0.0,0.0
2026-02-03 00:00:00-05:00,28.8799991607666,28.8799991607666,28.84000015258789,28.84000015258789,500,0.0,0.0
2026-02-04 00:00:00-05:00,28.8799991607666,28.8799991607666,28.8799991607666,28.8799991607666,400,0.0,0.0
2026-02-05 00:00:00-05:00,28.8799991607666,28.8799991607666,28.8799991607666,28.8799991607666,0,0.0,0.0
2026-02-06 00:00:00-05:00,28.700000762939453,28.809999465942383,28.690000534057617,28.780000686645508,1700,0.0,0.0
2026-02-09 00:00:00-05:00,28.739999771118164,28.739999771118164,28.739999771118164,28.739999771118164,300,0.0,0.0
2026-02-10 00:00:00-05:00,28.75,28.75,28.75,28.75,300,0.0,0.0
2026-02-11 00:00:00-05:00,28.81999969482422,28.8799991607666,28.729999542236328,28.8799991607666,3200,0.0,0.0
2026-02-12 00:00:00-05:00,28.75,28.90999984741211,28.75,28.90999984741211,700,0.0,0.0
2026-02-13 00:00:00-05:00,28.90999984741211,28.90999984741211,28.90999984741211,28.90999984741211,0,0.0,0.0
2026-02-17 00:00:00-05:00,29.0,29.0,29.0,29.0,100,0.0,0.0
2026-02-18 00:00:00-05:00,29.0,29.0,29.0,29.0,0,0.0,0.0
2026-02-19 00:00:00-05:00,28.989999771118164,28.989999771118164,28.989999771118164,28.989999771118164,200,0.0,0.0
2026-02-20 00:00:00-05:00,28.790000915527344,28.950000762939453,28.790000915527344,28.799999237060547,1100,0.0,0.0
2026-02-23 00:00:00-05:00,28.799999237060547,28.799999237060547,28.799999237060547,28.799999237060547,0,0.0,0.0
2026-02-24 00:00:00-05:00,28.770000457763672,28.940000534057617,28.770000457763672,28.790000915527344,2300,0.0,0.0
2026-02-25 00:00:00-05:00,28.6299991607666,28.6299991607666,28.600000381469727,28.600000381469727,300,0.0,0.0
2026-02-26 00:00:00-05:00,28.579999923706055,28.8799991607666,28.579999923706055,28.809999465942383,2100,0.0,0.0
2026-02-27 00:00:00-05:00,28.860000610351562,29.010000228881836,28.760000228881836,28.760000228881836,2100,0.0,0.0
2026-03-02 00:00:00-05:00,28.700000762939453,28.8700008392334,28.700000762939453,28.860000610351562,3200,0.0,0.0
2026-03-03 00:00:00-05:00,28.700000762939453,28.700000762939453,28.700000762939453,28.700000762939453,400,0.0,0.0
2026-03-04 00:00:00-05:00,28.829999923706055,28.950000762939453,28.829999923706055,28.950000762939453,800,0.0,0.0
2026-03-05 00:00:00-05:00,29.190000534057617,29.190000534057617,28.850000381469727,28.850000381469727,200,0.0,0.0
2026-03-06 00:00:00-05:00,28.75,28.799999237060547,28.75,28.799999237060547,400,0.0,0.0
2026-03-09 00:00:00-04:00,28.719999313354492,28.719999313354492,28.6200008392334,28.6200008392334,1400,0.0,0.0
2026-03-10 00:00:00-04:00,28.709999084472656,28.84000015258789,28.709999084472656,28.84000015258789,800,0.0,0.0
2026-03-11 00:00:00-04:00,29.079999923706055,29.079999923706055,29.079999923706055,29.079999923706055,700,0.0,0.0
2026-03-12 00:00:00-04:00,28.84000015258789,29.190000534057617,28.84000015258789,29.020000457763672,1700,0.0,0.0
2026-03-13 00:00:00-04:00,29.149999618530273,29.18000030517578,28.920000076293945,28.920000076293945,1200,0.0,0.0
2026-03-16 00:00:00-04:00,28.829999923706055,28.920000076293945,28.770000457763672,28.8799991607666,1900,0.0,0.0
2026-03-17 00:00:00-04:00,29.18000030517578,29.18000030517578,28.799999237060547,28.90999984741211,1000,0.0,0.0
2026-03-18 00:00:00-04:00,28.690000534057617,29.040000915527344,28.690000534057617,29.040000915527344,600,0.0,0.0
2026-03-19 00:00:00-04:00,29.139999389648438,29.139999389648438,29.139999389648438,29.139999389648438,200,0.0,0.0
2026-03-20 00:00:00-04:00,29.139999389648438,29.139999389648438,29.139999389648438,29.139999389648438,0,0.0,0.0
2026-03-23 00:00:00-04:00,29.139999389648438,29.139999389648438,29.139999389648438,29.139999389648438,0,0.0,0.0
2026-03-24 00:00:00-04:00,29.139999389648438,29.139999389648438,29.139999389648438,29.139999389648438,0,0.0,0.0
2026-03-25 00:00:00-04:00,29.239999771118164,29.239999771118164,28.829999923706055,28.829999923706055,600,0.0,0.0
2026-03-26 00:00:00-04:00,28.829999923706055,28.829999923706055,28.829999923706055,28.829999923706055,0,0.0,0.0
