Date,Open,High,Low,Close,Volume,Dividends,Stock Splits
2022-01-03 00:00:00-05:00,15.760000228881836,16.239999771118164,15.710000038146973,15.869999885559082,963100,0.0,0.0
2022-01-04 00:00:00-05:00,15.899999618530273,16.459999084472656,15.899999618530273,16.43000030517578,1263400,0.0,0.0
2022-01-05 00:00:00-05:00,16.5,17.1299991607666,16.329999923706055,16.469999313354492,1854900,0.0,0.0
2022-01-06 00:00:00-05:00,16.40999984741211,16.579999923706055,16.139999389648438,16.299999237060547,1184400,0.0,0.0
2022-01-07 00:00:00-05:00,16.299999237060547,16.81999969482422,16.280000686645508,16.700000762939453,1766600,0.0,0.0
2022-01-10 00:00:00-05:00,16.56999969482422,16.729999542236328,16.270000457763672,16.65999984741211,1087500,0.0,0.0
2022-01-11 00:00:00-05:00,16.649999618530273,16.719999313354492,16.229999542236328,16.59000015258789,881300,0.0,0.0
2022-01-12 00:00:00-05:00,16.489999771118164,16.799999237060547,16.489999771118164,16.65999984741211,765700,0.0,0.0
2022-01-13 00:00:00-05:00,16.799999237060547,17.0,16.610000610351562,16.65999984741211,517900,0.0,0.0
2022-01-14 00:00:00-05:00,16.420000076293945,16.510000228881836,16.06999969482422,16.329999923706055,643700,0.0,0.0
2022-01-18 00:00:00-05:00,16.09000015258789,16.239999771118164,15.220000267028809,15.260000228881836,1542700,0.0,0.0
2022-01-19 00:00:00-05:00,15.239999771118164,15.5,15.079999923706055,15.430000305175781,802700,0.0,0.0
2022-01-20 00:00:00-05:00,15.40999984741211,15.680000305175781,14.75,14.779999732971191,686700,0.0,0.0
2022-01-21 00:00:00-05:00,14.75,14.960000038146973,14.4399995803833,14.630000114440918,1183600,0.0,0.0
2022-01-24 00:00:00-05:00,14.289999961853027,15.479999542236328,14.270000457763672,15.390000343322754,1859200,0.0,0.0
2022-01-25 00:00:00-05:00,15.0600004196167,15.460000038146973,14.670000076293945,15.359999656677246,1411500,0.0,0.0
2022-01-26 00:00:00-05:00,15.59000015258789,15.65999984741211,14.5,14.65999984741211,920200,0.0,0.0
2022-01-27 00:00:00-05:00,14.729999542236328,14.75,14.069999694824219,14.210000038146973,2185000,0.0,0.0
2022-01-28 00:00:00-05:00,14.140000343322754,14.399999618530273,13.930000305175781,14.289999961853027,2652000,0.0,0.0
2022-01-31 00:00:00-05:00,14.180000305175781,14.420000076293945,14.069999694824219,14.220000267028809,2074300,0.0,0.0
2022-02-01 00:00:00-05:00,14.239999771118164,14.529999732971191,13.970000267028809,14.359999656677246,2928400,0.0,0.0
2022-02-02 00:00:00-05:00,14.5,14.5600004196167,14.100000381469727,14.239999771118164,1934400,0.0,0.0
2022-02-03 00:00:00-05:00,14.170000076293945,14.34000015258789,13.5600004196167,13.640000343322754,1612800,0.0,0.0
2022-02-04 00:00:00-05:00,13.569999694824219,13.649999618530273,12.960000038146973,13.109999656677246,2465300,0.0,0.0
2022-02-07 00:00:00-05:00,13.15999984741211,13.350000381469727,13.039999961853027,13.039999961853027,2009200,0.0,0.0
2022-02-08 00:00:00-05:00,13.0600004196167,13.289999961853027,12.899999618530273,12.979999542236328,2320900,0.0,0.0
2022-02-09 00:00:00-05:00,13.09000015258789,13.3100004196167,12.970000267028809,13.0,2520200,0.0,0.0
2022-02-10 00:00:00-05:00,12.75,12.979999542236328,12.350000381469727,12.4399995803833,1369000,0.0,0.0
2022-02-11 00:00:00-05:00,12.359999656677246,12.520000457763672,11.760000228881836,11.890000343322754,2421200,0.0,0.0
2022-02-14 00:00:00-05:00,11.789999961853027,12.300000190734863,11.789999961853027,12.220000267028809,3024900,0.0,0.0
2022-02-15 00:00:00-05:00,12.420000076293945,12.84000015258789,12.350000381469727,12.779999732971191,3111400,0.0,0.0
2022-02-16 00:00:00-05:00,12.770000457763672,12.90999984741211,12.260000228881836,12.359999656677246,3048700,0.0,0.0
2022-02-17 00:00:00-05:00,13.5,14.300000190734863,13.5,14.130000114440918,5273400,0.0,0.0
2022-02-18 00:00:00-05:00,13.8100004196167,14.25,13.789999961853027,13.970000267028809,2342300,0.0,0.0
2022-02-22 00:00:00-05:00,13.859999656677246,14.180000305175781,13.680000305175781,13.829999923706055,2420200,0.0,0.0
2022-02-23 00:00:00-05:00,14.010000228881836,14.0600004196167,13.520000457763672,13.550000190734863,1394800,0.0,0.0
2022-02-24 00:00:00-05:00,13.15999984741211,13.760000228881836,13.119999885559082,13.6899995803833,3818900,0.0,0.0
2022-02-25 00:00:00-05:00,22.049999237060547,22.100000381469727,18.389999389648438,18.940000534057617,19935800,0.0,0.0
2022-02-28 00:00:00-05:00,18.510000228881836,18.969999313354492,18.1299991607666,18.459999084472656,3182300,0.0,0.0
2022-03-01 00:00:00-05:00,18.40999984741211,18.510000228881836,17.760000228881836,18.079999923706055,2676100,0.0,0.0
2022-03-02 00:00:00-05:00,18.290000915527344,18.809999465942383,18.170000076293945,18.25,2059400,0.0,0.0
2022-03-03 00:00:00-05:00,18.149999618530273,18.549999237060547,17.809999465942383,18.010000228881836,1164400,0.0,0.0
2022-03-04 00:00:00-05:00,17.68000030517578,17.889999389648438,17.5,17.889999389648438,1852600,0.0,0.0
2022-03-07 00:00:00-05:00,17.690000534057617,18.100000381469727,17.670000076293945,17.90999984741211,1702700,0.0,0.0
2022-03-08 00:00:00-05:00,17.979999542236328,18.06999969482422,17.420000076293945,17.420000076293945,1802800,0.0,0.0
2022-03-09 00:00:00-05:00,17.989999771118164,18.3799991607666,17.790000915527344,18.0,1248100,0.0,0.0
2022-03-10 00:00:00-05:00,17.649999618530273,18.1299991607666,17.5,17.969999313354492,1281500,0.0,0.0
2022-03-11 00:00:00-05:00,17.719999313354492,18.06999969482422,17.65999984741211,17.670000076293945,1073200,0.0,0.0
2022-03-14 00:00:00-04:00,17.719999313354492,18.049999237060547,17.579999923706055,17.68000030517578,882100,0.0,0.0
2022-03-15 00:00:00-04:00,17.8700008392334,18.389999389648438,17.850000381469727,18.290000915527344,1241600,0.0,0.0
2022-03-16 00:00:00-04:00,18.3799991607666,18.780000686645508,18.290000915527344,18.729999542236328,1141800,0.0,0.0
2022-03-17 00:00:00-04:00,18.489999771118164,18.920000076293945,18.389999389648438,18.809999465942383,883000,0.0,0.0
2022-03-18 00:00:00-04:00,18.690000534057617,18.75,18.399999618530273,18.600000381469727,1454200,0.0,0.0
2022-03-21 00:00:00-04:00,18.459999084472656,18.760000228881836,18.31999969482422,18.68000030517578,786500,0.0,0.0
2022-03-22 00:00:00-04:00,18.899999618530273,19.049999237060547,18.690000534057617,18.75,700400,0.0,0.0
2022-03-23 00:00:00-04:00,18.510000228881836,18.790000915527344,18.360000610351562,18.520000457763672,637800,0.0,0.0
2022-03-24 00:00:00-04:00,18.540000915527344,18.540000915527344,18.200000762939453,18.299999237060547,534500,0.0,0.0
2022-03-25 00:00:00-04:00,18.34000015258789,18.489999771118164,17.989999771118164,18.09000015258789,850600,0.0,0.0
2022-03-28 00:00:00-04:00,17.920000076293945,18.18000030517578,17.81999969482422,18.149999618530273,862800,0.0,0.0
2022-03-29 00:00:00-04:00,18.489999771118164,18.68000030517578,18.18000030517578,18.520000457763672,1210500,0.0,0.0
2022-03-30 00:00:00-04:00,18.450000762939453,18.6200008392334,18.030000686645508,18.059999465942383,1131600,0.0,0.0
2022-03-31 00:00:00-04:00,18.010000228881836,18.100000381469727,17.790000915527344,18.049999237060547,1576500,0.0,0.0
2022-04-01 00:00:00-04:00,18.15999984741211,18.219999313354492,17.75,18.100000381469727,1304900,0.0,0.0
2022-04-04 00:00:00-04:00,17.940000534057617,18.239999771118164,17.790000915527344,17.989999771118164,1074700,0.0,0.0
2022-04-05 00:00:00-04:00,17.860000610351562,18.06999969482422,17.649999618530273,17.700000762939453,1744300,0.0,0.0
2022-04-06 00:00:00-04:00,17.739999771118164,18.1200008392334,17.5,17.780000686645508,1350800,0.0,0.0
2022-04-07 00:00:00-04:00,17.700000762939453,17.959999084472656,17.479999542236328,17.8700008392334,2098400,0.0,0.0
2022-04-08 00:00:00-04:00,17.719999313354492,18.18000030517578,17.610000610351562,17.93000030517578,1685200,0.0,0.0
2022-04-11 00:00:00-04:00,17.940000534057617,18.170000076293945,17.6299991607666,17.729999542236328,1759200,0.0,0.0
2022-04-12 00:00:00-04:00,17.760000228881836,18.020000457763672,17.520000457763672,17.530000686645508,1943100,0.0,0.0
2022-04-13 00:00:00-04:00,17.5,17.719999313354492,17.3799991607666,17.639999389648438,978100,0.0,0.0
2022-04-14 00:00:00-04:00,17.649999618530273,17.809999465942383,17.489999771118164,17.579999923706055,946000,0.0,0.0
2022-04-18 00:00:00-04:00,17.5,17.549999237060547,17.059999465942383,17.100000381469727,1650300,0.0,0.0
2022-04-19 00:00:00-04:00,17.15999984741211,17.420000076293945,17.0,17.25,2232800,0.0,0.0
2022-04-20 00:00:00-04:00,17.3700008392334,17.700000762939453,17.100000381469727,17.489999771118164,2314900,0.0,0.0
2022-04-21 00:00:00-04:00,17.579999923706055,17.639999389648438,16.93000030517578,16.950000762939453,1857200,0.0,0.0
2022-04-22 00:00:00-04:00,16.850000381469727,17.030000686645508,16.34000015258789,16.3700008392334,855700,0.0,0.0
2022-04-25 00:00:00-04:00,16.15999984741211,16.399999618530273,15.920000076293945,16.399999618530273,1199600,0.0,0.0
2022-04-26 00:00:00-04:00,16.25,16.299999237060547,15.609999656677246,15.640000343322754,1276700,0.0,0.0
2022-04-27 00:00:00-04:00,15.539999961853027,15.890000343322754,15.010000228881836,15.220000267028809,2786600,0.0,0.0
2022-04-28 00:00:00-04:00,15.4399995803833,15.4399995803833,14.539999961853027,15.029999732971191,1574900,0.0,0.0
2022-04-29 00:00:00-04:00,14.859999656677246,15.270000457763672,14.569999694824219,14.65999984741211,1411900,0.0,0.0
2022-05-02 00:00:00-04:00,14.619999885559082,14.699999809265137,14.15999984741211,14.460000038146973,1246500,0.0,0.0
2022-05-03 00:00:00-04:00,14.40999984741211,14.779999732971191,14.029999732971191,14.600000381469727,1734100,0.0,0.0
2022-05-04 00:00:00-04:00,15.399999618530273,15.5,14.010000228881836,15.050000190734863,2249500,0.0,0.0
2022-05-05 00:00:00-04:00,14.569999694824219,15.100000381469727,14.380000114440918,14.520000457763672,3034500,0.0,0.0
2022-05-06 00:00:00-04:00,14.329999923706055,14.470000267028809,12.84000015258789,13.229999542236328,1976400,0.0,0.0
2022-05-09 00:00:00-04:00,12.970000267028809,13.319999694824219,12.829999923706055,12.979999542236328,1972100,0.0,0.0
2022-05-10 00:00:00-04:00,13.039999961853027,13.279999732971191,12.069999694824219,12.529999732971191,1685400,0.0,0.0
2022-05-11 00:00:00-04:00,12.489999771118164,13.399999618530273,12.350000381469727,13.0600004196167,2463100,0.0,0.0
2022-05-12 00:00:00-04:00,13.0600004196167,13.359999656677246,12.609999656677246,13.109999656677246,1837600,0.0,0.0
2022-05-13 00:00:00-04:00,13.260000228881836,13.770000457763672,13.130000114440918,13.579999923706055,1608300,0.0,0.0
2022-05-16 00:00:00-04:00,14.279999732971191,14.670000076293945,14.229999542236328,14.5,1879200,0.0,0.0
2022-05-17 00:00:00-04:00,14.489999771118164,15.140000343322754,14.489999771118164,15.140000343322754,979900,0.0,0.0
2022-05-18 00:00:00-04:00,14.960000038146973,15.180000305175781,14.579999923706055,14.720000267028809,1466600,0.0,0.0
2022-05-19 00:00:00-04:00,14.699999809265137,14.960000038146973,14.34000015258789,14.640000343322754,1274300,0.0,0.0
2022-05-20 00:00:00-04:00,15.0,15.0,14.1899995803833,14.680000305175781,1601000,0.0,0.0
2022-05-23 00:00:00-04:00,14.899999618530273,15.050000190734863,14.619999885559082,14.850000381469727,1061500,0.0,0.0
2022-05-24 00:00:00-04:00,14.670000076293945,14.880000114440918,14.470000267028809,14.800000190734863,1148500,0.0,0.0
2022-05-25 00:00:00-04:00,14.649999618530273,15.279999732971191,14.5,15.15999984741211,1077000,0.0,0.0
2022-05-26 00:00:00-04:00,15.199999809265137,15.869999885559082,15.149999618530273,15.65999984741211,1078100,0.0,0.0
2022-05-27 00:00:00-04:00,15.739999771118164,16.270000457763672,15.729999542236328,16.25,949400,0.0,0.0
2022-05-31 00:00:00-04:00,15.979999542236328,16.06999969482422,15.739999771118164,15.970000267028809,1142000,0.0,0.0
2022-06-01 00:00:00-04:00,16.0,16.200000762939453,15.75,16.049999237060547,1139900,0.0,0.0
2022-06-02 00:00:00-04:00,16.18000030517578,16.610000610351562,16.049999237060547,16.600000381469727,691900,0.0,0.0
2022-06-03 00:00:00-04:00,16.59000015258789,16.65999984741211,16.25,16.639999389648438,882600,0.0,0.0
2022-06-06 00:00:00-04:00,16.8700008392334,17.020000457763672,16.489999771118164,17.0,879900,0.0,0.0
2022-06-07 00:00:00-04:00,16.850000381469727,17.270000457763672,16.670000076293945,17.25,791800,0.0,0.0
2022-06-08 00:00:00-04:00,17.06999969482422,17.34000015258789,16.959999084472656,17.280000686645508,686300,0.0,0.0
2022-06-09 00:00:00-04:00,17.219999313354492,17.299999237060547,16.829999923706055,16.979999542236328,731600,0.0,0.0
2022-06-10 00:00:00-04:00,16.670000076293945,16.75,16.200000762939453,16.200000762939453,1315200,0.0,0.0
2022-06-13 00:00:00-04:00,15.8100004196167,16.100000381469727,14.779999732971191,14.899999618530273,1737400,0.0,0.0
2022-06-14 00:00:00-04:00,14.890000343322754,15.539999961853027,14.670000076293945,14.729999542236328,1641400,0.0,0.0
2022-06-15 00:00:00-04:00,14.869999885559082,14.949999809265137,14.130000114440918,14.619999885559082,1026400,0.0,0.0
2022-06-16 00:00:00-04:00,14.130000114440918,14.15999984741211,13.460000038146973,13.779999732971191,1232600,0.0,0.0
2022-06-17 00:00:00-04:00,13.920000076293945,14.569999694824219,13.869999885559082,14.520000457763672,1090700,0.0,0.0
2022-06-21 00:00:00-04:00,14.770000457763672,15.010000228881836,14.59000015258789,14.710000038146973,717300,0.0,0.0
2022-06-22 00:00:00-04:00,14.449999809265137,14.9399995803833,14.34000015258789,14.75,654300,0.0,0.0
2022-06-23 00:00:00-04:00,14.739999771118164,15.15999984741211,14.739999771118164,15.119999885559082,554200,0.0,0.0
2022-06-24 00:00:00-04:00,15.319999694824219,15.9399995803833,15.289999961853027,15.819999694824219,1006900,0.0,0.0
2022-06-27 00:00:00-04:00,15.869999885559082,16.049999237060547,15.6899995803833,15.9399995803833,559100,0.0,0.0
2022-06-28 00:00:00-04:00,16.040000915527344,16.229999542236328,15.380000114440918,15.5,837800,0.0,0.0
2022-06-29 00:00:00-04:00,15.460000038146973,15.460000038146973,14.84000015258789,15.210000038146973,602400,0.0,0.0
2022-06-30 00:00:00-04:00,15.0,15.0,14.449999809265137,14.770000457763672,854400,0.0,0.0
2022-07-01 00:00:00-04:00,14.789999961853027,15.300000190734863,14.739999771118164,15.220000267028809,740800,0.0,0.0
2022-07-05 00:00:00-04:00,14.819999694824219,15.850000381469727,14.670000076293945,15.760000228881836,906300,0.0,0.0
2022-07-06 00:00:00-04:00,15.6899995803833,15.960000038146973,15.149999618530273,15.329999923706055,601700,0.0,0.0
2022-07-07 00:00:00-04:00,15.40999984741211,15.859999656677246,15.40999984741211,15.829999923706055,437400,0.0,0.0
2022-07-08 00:00:00-04:00,15.819999694824219,15.989999771118164,15.470000267028809,15.770000457763672,446000,0.0,0.0
2022-07-11 00:00:00-04:00,15.609999656677246,15.739999771118164,15.270000457763672,15.34000015258789,560800,0.0,0.0
2022-07-12 00:00:00-04:00,15.270000457763672,15.859999656677246,15.180000305175781,15.529999732971191,772300,0.0,0.0
2022-07-13 00:00:00-04:00,15.15999984741211,15.289999961853027,14.8100004196167,15.010000228881836,651300,0.0,0.0
2022-07-14 00:00:00-04:00,14.779999732971191,15.180000305175781,14.670000076293945,14.979999542236328,393600,0.0,0.0
2022-07-15 00:00:00-04:00,15.300000190734863,15.850000381469727,15.079999923706055,15.59000015258789,1244700,0.0,0.0
2022-07-18 00:00:00-04:00,15.84000015258789,16.200000762939453,15.789999961853027,15.90999984741211,862800,0.0,0.0
2022-07-19 00:00:00-04:00,16.1200008392334,16.579999923706055,16.1200008392334,16.34000015258789,705900,0.0,0.0
2022-07-20 00:00:00-04:00,16.260000228881836,16.969999313354492,16.190000534057617,16.93000030517578,695500,0.0,0.0
2022-07-21 00:00:00-04:00,16.68000030517578,17.0,16.600000381469727,16.979999542236328,489800,0.0,0.0
2022-07-22 00:00:00-04:00,17.010000228881836,17.100000381469727,16.709999084472656,16.90999984741211,621300,0.0,0.0
2022-07-25 00:00:00-04:00,16.979999542236328,16.979999542236328,16.670000076293945,16.850000381469727,404800,0.0,0.0
2022-07-26 00:00:00-04:00,16.739999771118164,16.790000915527344,16.579999923706055,16.639999389648438,561500,0.0,0.0
2022-07-27 00:00:00-04:00,16.649999618530273,16.649999618530273,16.239999771118164,16.579999923706055,657200,0.0,0.0
2022-07-28 00:00:00-04:00,16.6299991607666,17.239999771118164,16.56999969482422,17.0,1161800,0.0,0.0
2022-07-29 00:00:00-04:00,17.09000015258789,17.270000457763672,16.969999313354492,17.100000381469727,959200,0.0,0.0
2022-08-01 00:00:00-04:00,16.940000534057617,17.260000228881836,16.649999618530273,17.049999237060547,1313100,0.0,0.0
2022-08-02 00:00:00-04:00,17.059999465942383,17.059999465942383,16.530000686645508,16.530000686645508,1916700,0.0,0.0
2022-08-03 00:00:00-04:00,16.450000762939453,17.0,15.65999984741211,16.0,2136100,0.0,0.0
2022-08-04 00:00:00-04:00,15.9399995803833,16.270000457763672,15.770000457763672,16.229999542236328,1589900,0.0,0.0
2022-08-05 00:00:00-04:00,16.020000457763672,16.3799991607666,15.9399995803833,16.280000686645508,938100,0.0,0.0
2022-08-08 00:00:00-04:00,16.329999923706055,17.030000686645508,16.329999923706055,16.950000762939453,969300,0.0,0.0
2022-08-09 00:00:00-04:00,16.950000762939453,16.950000762939453,16.239999771118164,16.56999969482422,716800,0.0,0.0
2022-08-10 00:00:00-04:00,16.959999084472656,17.34000015258789,16.760000228881836,16.989999771118164,857800,0.0,0.0
2022-08-11 00:00:00-04:00,17.15999984741211,17.510000228881836,17.100000381469727,17.479999542236328,659000,0.0,0.0
2022-08-12 00:00:00-04:00,17.65999984741211,17.65999984741211,17.110000610351562,17.399999618530273,658800,0.0,0.0
2022-08-15 00:00:00-04:00,17.100000381469727,17.280000686645508,16.959999084472656,16.979999542236328,743200,0.0,0.0
2022-08-16 00:00:00-04:00,16.81999969482422,17.100000381469727,16.6200008392334,16.81999969482422,852100,0.0,0.0
2022-08-17 00:00:00-04:00,16.579999923706055,16.59000015258789,16.219999313354492,16.420000076293945,452800,0.0,0.0
2022-08-18 00:00:00-04:00,16.290000915527344,16.329999923706055,16.110000610351562,16.229999542236328,546500,0.0,0.0
2022-08-19 00:00:00-04:00,16.139999389648438,16.139999389648438,15.170000076293945,15.199999809265137,1709800,0.0,0.0
2022-08-22 00:00:00-04:00,14.880000114440918,15.020000457763672,14.270000457763672,14.579999923706055,1800000,0.0,0.0
2022-08-23 00:00:00-04:00,14.550000190734863,14.920000076293945,14.529999732971191,14.640000343322754,1017300,0.0,0.0
2022-08-24 00:00:00-04:00,14.5600004196167,15.140000343322754,14.5600004196167,15.020000457763672,1352200,0.0,0.0
2022-08-25 00:00:00-04:00,15.170000076293945,15.539999961853027,15.170000076293945,15.479999542236328,863700,0.0,0.0
2022-08-26 00:00:00-04:00,15.430000305175781,15.619999885559082,14.970000267028809,15.0,990600,0.0,0.0
2022-08-29 00:00:00-04:00,14.779999732971191,15.149999618530273,14.699999809265137,14.989999771118164,989900,0.0,0.0
2022-08-30 00:00:00-04:00,15.050000190734863,15.3100004196167,14.800000190734863,14.859999656677246,1251900,0.0,0.0
2022-08-31 00:00:00-04:00,14.90999984741211,14.979999542236328,14.5600004196167,14.600000381469727,1686200,0.0,0.0
2022-09-01 00:00:00-04:00,14.369999885559082,14.600000381469727,14.25,14.59000015258789,1519800,0.0,0.0
2022-09-02 00:00:00-04:00,14.829999923706055,14.829999923706055,14.229999542236328,14.279999732971191,900300,0.0,0.0
2022-09-06 00:00:00-04:00,14.260000228881836,14.319999694824219,13.489999771118164,13.550000190734863,1083200,0.0,0.0
2022-09-07 00:00:00-04:00,13.5600004196167,13.800000190734863,13.420000076293945,13.65999984741211,835000,0.0,0.0
2022-09-08 00:00:00-04:00,13.460000038146973,13.460000038146973,12.890000343322754,13.329999923706055,853800,0.0,0.0
2022-09-09 00:00:00-04:00,13.399999618530273,13.720000267028809,13.350000381469727,13.65999984741211,798700,0.0,0.0
2022-09-12 00:00:00-04:00,13.800000190734863,14.069999694824219,13.699999809265137,13.930000305175781,666600,0.0,0.0
2022-09-13 00:00:00-04:00,13.489999771118164,13.579999923706055,13.149999618530273,13.270000457763672,934700,0.0,0.0
2022-09-14 00:00:00-04:00,13.199999809265137,13.199999809265137,12.510000228881836,12.729999542236328,1219300,0.0,0.0
2022-09-15 00:00:00-04:00,12.65999984741211,13.079999923706055,12.619999885559082,13.0,1217900,0.0,0.0
2022-09-16 00:00:00-04:00,12.869999885559082,12.9399995803833,12.5600004196167,12.9399995803833,3814600,0.0,0.0
2022-09-19 00:00:00-04:00,12.850000381469727,13.279999732971191,12.850000381469727,13.260000228881836,918100,0.0,0.0
2022-09-20 00:00:00-04:00,13.109999656677246,13.199999809265137,12.869999885559082,13.079999923706055,1020400,0.0,0.0
2022-09-21 00:00:00-04:00,13.229999542236328,13.5,12.869999885559082,12.880000114440918,953000,0.0,0.0
2022-09-22 00:00:00-04:00,12.779999732971191,12.779999732971191,12.210000038146973,12.359999656677246,1229100,0.0,0.0
2022-09-23 00:00:00-04:00,12.180000305175781,12.239999771118164,11.880000114440918,12.130000114440918,929600,0.0,0.0
2022-09-26 00:00:00-04:00,12.109999656677246,12.3100004196167,11.859999656677246,11.880000114440918,697500,0.0,0.0
2022-09-27 00:00:00-04:00,12.069999694824219,12.100000381469727,11.59000015258789,11.8100004196167,846200,0.0,0.0
2022-09-28 00:00:00-04:00,11.960000038146973,12.34000015258789,11.819999694824219,12.229999542236328,1128300,0.0,0.0
2022-09-29 00:00:00-04:00,11.869999885559082,11.960000038146973,11.180000305175781,11.539999961853027,1741500,0.0,0.0
2022-09-30 00:00:00-04:00,11.5,11.739999771118164,11.149999618530273,11.170000076293945,1296800,0.0,0.0
2022-10-03 00:00:00-04:00,11.34000015258789,12.020000457763672,11.270000457763672,11.949999809265137,1545900,0.0,0.0
2022-10-04 00:00:00-04:00,12.279999732971191,12.649999618530273,12.119999885559082,12.460000038146973,1547500,0.0,0.0
2022-10-05 00:00:00-04:00,12.199999809265137,12.479999542236328,12.119999885559082,12.390000343322754,915200,0.0,0.0
2022-10-06 00:00:00-04:00,12.329999923706055,12.710000038146973,12.329999923706055,12.4399995803833,968700,0.0,0.0
2022-10-07 00:00:00-04:00,12.3100004196167,12.539999961853027,11.970000267028809,12.260000228881836,1365200,0.0,0.0
2022-10-10 00:00:00-04:00,12.34000015258789,12.59000015258789,12.229999542236328,12.4399995803833,980800,0.0,0.0
2022-10-11 00:00:00-04:00,12.34000015258789,12.899999618530273,12.289999961853027,12.630000114440918,1235700,0.0,0.0
2022-10-12 00:00:00-04:00,12.640000343322754,12.8100004196167,12.449999809265137,12.6899995803833,983300,0.0,0.0
2022-10-13 00:00:00-04:00,12.380000114440918,13.369999885559082,12.329999923706055,13.170000076293945,1212000,0.0,0.0
2022-10-14 00:00:00-04:00,13.270000457763672,13.619999885559082,12.90999984741211,12.970000267028809,1145400,0.0,0.0
2022-10-17 00:00:00-04:00,13.3100004196167,13.609999656677246,13.210000038146973,13.460000038146973,1346600,0.0,0.0
2022-10-18 00:00:00-04:00,13.8100004196167,14.100000381469727,13.699999809265137,13.819999694824219,1439800,0.0,0.0
2022-10-19 00:00:00-04:00,13.670000076293945,14.039999961853027,13.380000114440918,13.640000343322754,1166500,0.0,0.0
2022-10-20 00:00:00-04:00,13.529999732971191,13.75,13.210000038146973,13.34000015258789,697200,0.0,0.0
2022-10-21 00:00:00-04:00,13.369999885559082,13.609999656677246,13.109999656677246,13.5,924200,0.0,0.0
2022-10-24 00:00:00-04:00,13.619999885559082,13.619999885559082,13.199999809265137,13.529999732971191,1000200,0.0,0.0
2022-10-25 00:00:00-04:00,13.59000015258789,13.960000038146973,13.59000015258789,13.880000114440918,903600,0.0,0.0
2022-10-26 00:00:00-04:00,14.020000457763672,14.25,13.890000343322754,13.949999809265137,923700,0.0,0.0
2022-10-27 00:00:00-04:00,14.109999656677246,14.4399995803833,14.109999656677246,14.170000076293945,903500,0.0,0.0
2022-10-28 00:00:00-04:00,14.1899995803833,14.5,14.170000076293945,14.470000267028809,828500,0.0,0.0
2022-10-31 00:00:00-04:00,14.550000190734863,14.699999809265137,14.34000015258789,14.529999732971191,720800,0.0,0.0
2022-11-01 00:00:00-04:00,14.710000038146973,14.899999618530273,14.630000114440918,14.84000015258789,841500,0.0,0.0
2022-11-02 00:00:00-04:00,13.420000076293945,14.079999923706055,12.850000381469727,13.40999984741211,1821800,0.0,0.0
2022-11-03 00:00:00-04:00,13.050000190734863,13.449999809265137,12.819999694824219,13.260000228881836,1079100,0.0,0.0
2022-11-04 00:00:00-04:00,13.40999984741211,13.699999809265137,13.109999656677246,13.630000114440918,913200,0.0,0.0
2022-11-07 00:00:00-05:00,13.600000381469727,13.699999809265137,13.25,13.279999732971191,2159500,0.0,0.0
2022-11-08 00:00:00-05:00,13.300000190734863,13.59000015258789,12.920000076293945,13.140000343322754,1116500,0.0,0.0
2022-11-09 00:00:00-05:00,13.029999732971191,13.199999809265137,12.800000190734863,13.0,846000,0.0,0.0
2022-11-10 00:00:00-05:00,13.770000457763672,14.199999809265137,13.649999618530273,14.050000190734863,1004600,0.0,0.0
2022-11-11 00:00:00-05:00,14.170000076293945,14.930000305175781,14.010000228881836,14.800000190734863,749900,0.0,0.0
2022-11-14 00:00:00-05:00,14.729999542236328,14.960000038146973,14.5600004196167,14.699999809265137,1137000,0.0,0.0
2022-11-15 00:00:00-05:00,14.920000076293945,15.220000267028809,14.630000114440918,14.649999618530273,858300,0.0,0.0
2022-11-16 00:00:00-05:00,14.479999542236328,14.539999961853027,14.069999694824219,14.210000038146973,488900,0.0,0.0
2022-11-17 00:00:00-05:00,14.0,14.260000228881836,13.819999694824219,14.239999771118164,442000,0.0,0.0
2022-11-18 00:00:00-05:00,14.529999732971191,14.8100004196167,13.90999984741211,13.930000305175781,536200,0.0,0.0
2022-11-21 00:00:00-05:00,13.760000228881836,13.859999656677246,13.399999618530273,13.470000267028809,701300,0.0,0.0
2022-11-22 00:00:00-05:00,13.59000015258789,13.739999771118164,13.470000267028809,13.609999656677246,591500,0.0,0.0
2022-11-23 00:00:00-05:00,13.539999961853027,13.59000015258789,13.170000076293945,13.289999961853027,544700,0.0,0.0
2022-11-25 00:00:00-05:00,13.210000038146973,13.350000381469727,13.130000114440918,13.210000038146973,248000,0.0,0.0
2022-11-28 00:00:00-05:00,13.119999885559082,13.239999771118164,13.010000228881836,13.039999961853027,800500,0.0,0.0
2022-11-29 00:00:00-05:00,13.039999961853027,13.289999961853027,12.979999542236328,13.109999656677246,498700,0.0,0.0
2022-11-30 00:00:00-05:00,13.050000190734863,13.75,12.680000305175781,13.739999771118164,1056200,0.0,0.0
2022-12-01 00:00:00-05:00,13.90999984741211,14.109999656677246,13.729999542236328,13.970000267028809,865500,0.0,0.0
2022-12-02 00:00:00-05:00,13.699999809265137,14.270000457763672,13.640000343322754,14.270000457763672,668800,0.0,0.0
2022-12-05 00:00:00-05:00,14.09000015258789,14.1899995803833,13.859999656677246,13.880000114440918,677300,0.0,0.0
2022-12-06 00:00:00-05:00,13.760000228881836,13.850000381469727,13.4399995803833,13.720000267028809,648000,0.0,0.0
2022-12-07 00:00:00-05:00,13.729999542236328,13.789999961853027,13.210000038146973,13.279999732971191,780600,0.0,0.0
2022-12-08 00:00:00-05:00,13.399999618530273,13.630000114440918,13.1899995803833,13.5,467200,0.0,0.0
2022-12-09 00:00:00-05:00,13.420000076293945,13.529999732971191,13.270000457763672,13.369999885559082,477200,0.0,0.0
2022-12-12 00:00:00-05:00,13.380000114440918,13.579999923706055,13.220000267028809,13.4399995803833,766000,0.0,0.0
2022-12-13 00:00:00-05:00,13.979999542236328,14.050000190734863,13.369999885559082,13.460000038146973,784500,0.0,0.0
2022-12-14 00:00:00-05:00,13.460000038146973,13.800000190734863,13.390000343322754,13.520000457763672,812900,0.0,0.0
2022-12-15 00:00:00-05:00,13.329999923706055,13.520000457763672,13.15999984741211,13.4399995803833,860900,0.0,0.0
2022-12-16 00:00:00-05:00,13.300000190734863,13.430000305175781,13.1899995803833,13.380000114440918,3715600,0.0,0.0
2022-12-19 00:00:00-05:00,13.369999885559082,13.390000343322754,12.59000015258789,12.720000267028809,830000,0.0,0.0
2022-12-20 00:00:00-05:00,12.75,13.050000190734863,12.579999923706055,12.770000457763672,695200,0.0,0.0
2022-12-21 00:00:00-05:00,12.970000267028809,13.109999656677246,12.850000381469727,12.960000038146973,584400,0.0,0.0
2022-12-22 00:00:00-05:00,12.5,12.600000381469727,12.09000015258789,12.520000457763672,1101000,0.0,0.0
2022-12-23 00:00:00-05:00,12.479999542236328,12.829999923706055,12.390000343322754,12.789999961853027,661100,0.0,0.0
2022-12-27 00:00:00-05:00,12.779999732971191,12.90999984741211,12.579999923706055,12.84000015258789,426800,0.0,0.0
2022-12-28 00:00:00-05:00,12.890000343322754,12.899999618530273,12.470000267028809,12.569999694824219,619700,0.0,0.0
2022-12-29 00:00:00-05:00,12.699999809265137,13.09000015258789,12.65999984741211,12.979999542236328,583500,0.0,0.0
2022-12-30 00:00:00-05:00,12.850000381469727,13.079999923706055,12.779999732971191,13.050000190734863,810900,0.0,0.0
2023-01-03 00:00:00-05:00,13.239999771118164,13.319999694824219,12.960000038146973,13.199999809265137,751200,0.0,0.0
2023-01-04 00:00:00-05:00,13.369999885559082,13.600000381469727,13.239999771118164,13.5,776200,0.0,0.0
2023-01-05 00:00:00-05:00,13.479999542236328,13.479999542236328,13.260000228881836,13.380000114440918,408300,0.0,0.0
2023-01-06 00:00:00-05:00,13.510000228881836,13.850000381469727,13.460000038146973,13.84000015258789,734700,0.0,0.0
2023-01-09 00:00:00-05:00,13.34000015258789,13.350000381469727,12.4399995803833,12.5600004196167,1360000,0.0,0.0
2023-01-10 00:00:00-05:00,12.479999542236328,13.119999885559082,12.420000076293945,13.050000190734863,583600,0.0,0.0
2023-01-11 00:00:00-05:00,13.050000190734863,13.390000343322754,13.039999961853027,13.3100004196167,424800,0.0,0.0
2023-01-12 00:00:00-05:00,13.460000038146973,13.470000267028809,13.069999694824219,13.399999618530273,728200,0.0,0.0
2023-01-13 00:00:00-05:00,13.220000267028809,13.510000228881836,13.15999984741211,13.489999771118164,283100,0.0,0.0
2023-01-17 00:00:00-05:00,13.489999771118164,13.829999923706055,13.420000076293945,13.670000076293945,613400,0.0,0.0
2023-01-18 00:00:00-05:00,13.789999961853027,14.0,13.479999542236328,13.5600004196167,466100,0.0,0.0
2023-01-19 00:00:00-05:00,13.489999771118164,13.710000038146973,13.350000381469727,13.579999923706055,531800,0.0,0.0
2023-01-20 00:00:00-05:00,13.699999809265137,14.130000114440918,13.449999809265137,14.100000381469727,770000,0.0,0.0
2023-01-23 00:00:00-05:00,14.15999984741211,14.539999961853027,14.15999984741211,14.40999984741211,783100,0.0,0.0
2023-01-24 00:00:00-05:00,14.489999771118164,14.489999771118164,14.199999809265137,14.34000015258789,328000,0.0,0.0
2023-01-25 00:00:00-05:00,14.220000267028809,14.539999961853027,14.149999618530273,14.529999732971191,330200,0.0,0.0
2023-01-26 00:00:00-05:00,14.720000267028809,14.880000114440918,14.180000305175781,14.319999694824219,564500,0.0,0.0
2023-01-27 00:00:00-05:00,14.25,14.579999923706055,14.199999809265137,14.4399995803833,368700,0.0,0.0
2023-01-30 00:00:00-05:00,14.260000228881836,14.479999542236328,14.210000038146973,14.25,691800,0.0,0.0
2023-01-31 00:00:00-05:00,14.369999885559082,14.619999885559082,14.369999885559082,14.5600004196167,829400,0.0,0.0
2023-02-01 00:00:00-05:00,14.449999809265137,15.069999694824219,14.40999984741211,14.920000076293945,904600,0.0,0.0
2023-02-02 00:00:00-05:00,15.020000457763672,15.699999809265137,15.020000457763672,15.460000038146973,794400,0.0,0.0
2023-02-03 00:00:00-05:00,15.220000267028809,15.630000114440918,15.199999809265137,15.300000190734863,650800,0.0,0.0
2023-02-06 00:00:00-05:00,15.109999656677246,15.279999732971191,14.699999809265137,14.819999694824219,532000,0.0,0.0
2023-02-07 00:00:00-05:00,14.699999809265137,14.760000228881836,14.369999885559082,14.539999961853027,512100,0.0,0.0
2023-02-08 00:00:00-05:00,14.369999885559082,14.710000038146973,14.270000457763672,14.65999984741211,409100,0.0,0.0
2023-02-09 00:00:00-05:00,14.789999961853027,14.970000267028809,14.3100004196167,14.350000381469727,367300,0.0,0.0
2023-02-10 00:00:00-05:00,14.260000228881836,14.550000190734863,14.199999809265137,14.260000228881836,694600,0.0,0.0
2023-02-13 00:00:00-05:00,14.25,14.8100004196167,14.0600004196167,14.779999732971191,640100,0.0,0.0
2023-02-14 00:00:00-05:00,14.680000305175781,15.279999732971191,14.470000267028809,15.140000343322754,982900,0.0,0.0
2023-02-15 00:00:00-05:00,14.930000305175781,14.9399995803833,14.640000343322754,14.920000076293945,371400,0.0,0.0
2023-02-16 00:00:00-05:00,14.569999694824219,14.8100004196167,14.420000076293945,14.630000114440918,499900,0.0,0.0
2023-02-17 00:00:00-05:00,14.630000114440918,14.680000305175781,14.40999984741211,14.550000190734863,560900,0.0,0.0
2023-02-21 00:00:00-05:00,14.359999656677246,14.640000343322754,14.079999923706055,14.119999885559082,1082000,0.0,0.0
2023-02-22 00:00:00-05:00,14.390000343322754,15.65999984741211,14.390000343322754,15.369999885559082,1604800,0.0,0.0
2023-02-23 00:00:00-05:00,15.359999656677246,15.449999809265137,14.65999984741211,14.729999542236328,896500,0.0,0.0
2023-02-24 00:00:00-05:00,14.40999984741211,14.449999809265137,14.130000114440918,14.140000343322754,744400,0.0,0.0
2023-02-27 00:00:00-05:00,14.25,14.470000267028809,14.15999984741211,14.279999732971191,702100,0.0,0.0
2023-02-28 00:00:00-05:00,14.229999542236328,14.489999771118164,14.229999542236328,14.289999961853027,612700,0.0,0.0
2023-03-01 00:00:00-05:00,14.1899995803833,14.3100004196167,13.84000015258789,13.949999809265137,501100,0.0,0.0
2023-03-02 00:00:00-05:00,13.5600004196167,14.069999694824219,13.5600004196167,14.0600004196167,391000,0.0,0.0
2023-03-03 00:00:00-05:00,14.140000343322754,14.25,13.979999542236328,14.1899995803833,423600,0.0,0.0
2023-03-06 00:00:00-05:00,14.119999885559082,14.15999984741211,13.75,13.899999618530273,709100,0.0,0.0
2023-03-07 00:00:00-05:00,13.970000267028809,14.050000190734863,13.770000457763672,14.039999961853027,688500,0.0,0.0
2023-03-08 00:00:00-05:00,14.119999885559082,14.140000343322754,13.90999984741211,14.069999694824219,430100,0.0,0.0
2023-03-09 00:00:00-05:00,14.149999618530273,14.25,13.680000305175781,13.800000190734863,573700,0.0,0.0
2023-03-10 00:00:00-05:00,13.729999542236328,13.779999732971191,13.3100004196167,13.529999732971191,597900,0.0,0.0
2023-03-13 00:00:00-04:00,13.149999618530273,13.270000457763672,12.850000381469727,12.890000343322754,776100,0.0,0.0
2023-03-14 00:00:00-04:00,13.279999732971191,13.399999618530273,12.829999923706055,13.0,864000,0.0,0.0
2023-03-15 00:00:00-04:00,12.609999656677246,12.770000457763672,12.359999656677246,12.75,845500,0.0,0.0
2023-03-16 00:00:00-04:00,12.550000190734863,13.109999656677246,12.380000114440918,12.970000267028809,606900,0.0,0.0
2023-03-17 00:00:00-04:00,12.920000076293945,12.920000076293945,12.579999923706055,12.65999984741211,1815600,0.0,0.0
2023-03-20 00:00:00-04:00,12.880000114440918,13.220000267028809,12.829999923706055,12.850000381469727,715200,0.0,0.0
2023-03-21 00:00:00-04:00,13.079999923706055,13.300000190734863,12.970000267028809,13.029999732971191,552000,0.0,0.0
2023-03-22 00:00:00-04:00,13.130000114440918,13.15999984741211,12.680000305175781,12.680000305175781,561000,0.0,0.0
2023-03-23 00:00:00-04:00,12.65999984741211,12.8100004196167,12.34000015258789,12.40999984741211,521600,0.0,0.0
2023-03-24 00:00:00-04:00,12.300000190734863,12.649999618530273,12.1899995803833,12.640000343322754,517500,0.0,0.0
2023-03-27 00:00:00-04:00,12.899999618530273,12.9399995803833,12.680000305175781,12.859999656677246,476900,0.0,0.0
2023-03-28 00:00:00-04:00,12.84000015258789,12.970000267028809,12.649999618530273,12.800000190734863,697200,0.0,0.0
2023-03-29 00:00:00-04:00,12.9399995803833,13.109999656677246,12.760000228881836,13.050000190734863,464800,0.0,0.0
2023-03-30 00:00:00-04:00,13.25,13.319999694824219,13.149999618530273,13.279999732971191,502300,0.0,0.0
2023-03-31 00:00:00-04:00,13.359999656677246,13.699999809265137,13.270000457763672,13.680000305175781,614200,0.0,0.0
2023-04-03 00:00:00-04:00,13.609999656677246,13.760000228881836,13.470000267028809,13.600000381469727,519400,0.0,0.0
2023-04-04 00:00:00-04:00,13.619999885559082,13.630000114440918,13.0,13.0600004196167,737500,0.0,0.0
2023-04-05 00:00:00-04:00,12.960000038146973,13.020000457763672,12.65999984741211,12.770000457763672,590400,0.0,0.0
2023-04-06 00:00:00-04:00,12.800000190734863,13.039999961853027,12.720000267028809,13.0,813000,0.0,0.0
2023-04-10 00:00:00-04:00,12.9399995803833,13.3100004196167,12.9399995803833,13.1899995803833,789300,0.0,0.0
2023-04-11 00:00:00-04:00,13.289999961853027,13.75,13.210000038146973,13.5600004196167,844300,0.0,0.0
2023-04-12 00:00:00-04:00,13.75,13.819999694824219,13.369999885559082,13.390000343322754,432500,0.0,0.0
2023-04-13 00:00:00-04:00,13.449999809265137,13.569999694824219,13.369999885559082,13.470000267028809,427000,0.0,0.0
2023-04-14 00:00:00-04:00,13.489999771118164,13.739999771118164,13.3100004196167,13.470000267028809,404800,0.0,0.0
2023-04-17 00:00:00-04:00,13.520000457763672,13.5600004196167,13.40999984741211,13.470000267028809,321900,0.0,0.0
2023-04-18 00:00:00-04:00,13.470000267028809,13.579999923706055,13.420000076293945,13.5600004196167,372500,0.0,0.0
2023-04-19 00:00:00-04:00,13.40999984741211,13.65999984741211,13.40999984741211,13.619999885559082,444700,0.0,0.0
2023-04-20 00:00:00-04:00,13.529999732971191,13.5600004196167,13.369999885559082,13.5600004196167,354900,0.0,0.0
2023-04-21 00:00:00-04:00,13.630000114440918,13.649999618530273,13.430000305175781,13.59000015258789,270900,0.0,0.0
2023-04-24 00:00:00-04:00,13.649999618530273,13.890000343322754,13.550000190734863,13.729999542236328,357900,0.0,0.0
2023-04-25 00:00:00-04:00,13.649999618530273,13.75,13.25,13.319999694824219,356000,0.0,0.0
2023-04-26 00:00:00-04:00,13.149999618530273,13.430000305175781,13.149999618530273,13.229999542236328,336300,0.0,0.0
2023-04-27 00:00:00-04:00,13.34000015258789,13.520000457763672,13.239999771118164,13.449999809265137,373700,0.0,0.0
2023-04-28 00:00:00-04:00,13.460000038146973,13.770000457763672,13.430000305175781,13.539999961853027,592000,0.0,0.0
2023-05-01 00:00:00-04:00,13.470000267028809,13.800000190734863,13.399999618530273,13.6899995803833,586400,0.0,0.0
2023-05-02 00:00:00-04:00,13.579999923706055,13.609999656677246,13.210000038146973,13.390000343322754,487900,0.0,0.0
2023-05-03 00:00:00-04:00,14.5,15.109999656677246,14.079999923706055,14.489999771118164,1156000,0.0,0.0
2023-05-04 00:00:00-04:00,14.430000305175781,14.789999961853027,14.010000228881836,14.199999809265137,657100,0.0,0.0
2023-05-05 00:00:00-04:00,14.399999618530273,14.90999984741211,14.399999618530273,14.829999923706055,683900,0.0,0.0
2023-05-08 00:00:00-04:00,14.850000381469727,15.0600004196167,14.779999732971191,15.050000190734863,591500,0.0,0.0
2023-05-09 00:00:00-04:00,15.0,15.210000038146973,14.930000305175781,15.09000015258789,876700,0.0,0.0
2023-05-10 00:00:00-04:00,15.350000381469727,15.350000381469727,14.850000381469727,14.920000076293945,590500,0.0,0.0
2023-05-11 00:00:00-04:00,14.770000457763672,15.220000267028809,14.770000457763672,15.100000381469727,674400,0.0,0.0
2023-05-12 00:00:00-04:00,15.1899995803833,15.289999961853027,14.699999809265137,14.989999771118164,708200,0.0,0.0
2023-05-15 00:00:00-04:00,15.079999923706055,15.079999923706055,14.789999961853027,15.050000190734863,342500,0.0,0.0
2023-05-16 00:00:00-04:00,14.890000343322754,15.0600004196167,14.6899995803833,14.84000015258789,441200,0.0,0.0
2023-05-17 00:00:00-04:00,14.949999809265137,15.220000267028809,14.829999923706055,15.140000343322754,587900,0.0,0.0
2023-05-18 00:00:00-04:00,15.069999694824219,15.5,15.0600004196167,15.460000038146973,533700,0.0,0.0
2023-05-19 00:00:00-04:00,15.579999923706055,15.699999809265137,15.149999618530273,15.289999961853027,373600,0.0,0.0
2023-05-22 00:00:00-04:00,15.380000114440918,15.460000038146973,15.069999694824219,15.350000381469727,360600,0.0,0.0
2023-05-23 00:00:00-04:00,15.329999923706055,15.670000076293945,15.270000457763672,15.460000038146973,419300,0.0,0.0
2023-05-24 00:00:00-04:00,15.430000305175781,15.430000305175781,15.15999984741211,15.289999961853027,386300,0.0,0.0
2023-05-25 00:00:00-04:00,15.180000305175781,15.319999694824219,15.100000381469727,15.239999771118164,491100,0.0,0.0
2023-05-26 00:00:00-04:00,15.289999961853027,15.300000190734863,15.039999961853027,15.289999961853027,455900,0.0,0.0
2023-05-30 00:00:00-04:00,15.380000114440918,15.420000076293945,15.220000267028809,15.319999694824219,371000,0.0,0.0
2023-05-31 00:00:00-04:00,15.220000267028809,15.329999923706055,14.819999694824219,15.020000457763672,528900,0.0,0.0
2023-06-01 00:00:00-04:00,15.020000457763672,15.239999771118164,14.880000114440918,15.010000228881836,636700,0.0,0.0
2023-06-02 00:00:00-04:00,15.25,15.529999732971191,15.109999656677246,15.40999984741211,1640200,0.0,0.0
2023-06-05 00:00:00-04:00,15.270000457763672,15.319999694824219,14.850000381469727,15.09000015258789,793200,0.0,0.0
2023-06-06 00:00:00-04:00,15.09000015258789,15.529999732971191,14.970000267028809,15.460000038146973,1615800,0.0,0.0
2023-06-07 00:00:00-04:00,15.59000015258789,15.989999771118164,15.489999771118164,15.979999542236328,1323000,0.0,0.0
2023-06-08 00:00:00-04:00,15.880000114440918,15.979999542236328,15.539999961853027,15.550000190734863,648400,0.0,0.0
2023-06-09 00:00:00-04:00,15.529999732971191,15.579999923706055,15.039999961853027,15.050000190734863,495500,0.0,0.0
2023-06-12 00:00:00-04:00,15.010000228881836,15.3100004196167,14.890000343322754,15.1899995803833,646500,0.0,0.0
2023-06-13 00:00:00-04:00,15.239999771118164,15.489999771118164,15.239999771118164,15.380000114440918,544600,0.0,0.0
2023-06-14 00:00:00-04:00,15.359999656677246,15.390000343322754,14.989999771118164,15.180000305175781,562300,0.0,0.0
2023-06-15 00:00:00-04:00,15.0600004196167,15.319999694824219,14.989999771118164,15.3100004196167,638700,0.0,0.0
2023-06-16 00:00:00-04:00,15.460000038146973,15.460000038146973,15.239999771118164,15.390000343322754,2005200,0.0,0.0
2023-06-20 00:00:00-04:00,15.390000343322754,15.640000343322754,15.350000381469727,15.5,712400,0.0,0.0
2023-06-21 00:00:00-04:00,15.489999771118164,15.65999984741211,15.369999885559082,15.40999984741211,731400,0.0,0.0
2023-06-22 00:00:00-04:00,15.399999618530273,15.449999809265137,15.199999809265137,15.420000076293945,610900,0.0,0.0
2023-06-23 00:00:00-04:00,15.260000228881836,15.420000076293945,15.020000457763672,15.100000381469727,807600,0.0,0.0
2023-06-26 00:00:00-04:00,15.130000114440918,15.239999771118164,14.880000114440918,14.899999618530273,500700,0.0,0.0
2023-06-27 00:00:00-04:00,14.899999618530273,15.130000114440918,14.84000015258789,14.979999542236328,446800,0.0,0.0
2023-06-28 00:00:00-04:00,14.949999809265137,15.010000228881836,14.640000343322754,14.6899995803833,779800,0.0,0.0
2023-06-29 00:00:00-04:00,14.779999732971191,15.300000190734863,14.760000228881836,15.1899995803833,613900,0.0,0.0
2023-06-30 00:00:00-04:00,15.3100004196167,15.369999885559082,15.199999809265137,15.220000267028809,445800,0.0,0.0
2023-07-03 00:00:00-04:00,15.0600004196167,15.239999771118164,15.0600004196167,15.119999885559082,206700,0.0,0.0
2023-07-05 00:00:00-04:00,15.0,15.079999923706055,14.8100004196167,14.829999923706055,482300,0.0,0.0
2023-07-06 00:00:00-04:00,14.729999542236328,14.869999885559082,14.529999732971191,14.649999618530273,425400,0.0,0.0
2023-07-07 00:00:00-04:00,14.739999771118164,15.109999656677246,14.739999771118164,14.989999771118164,472400,0.0,0.0
2023-07-10 00:00:00-04:00,14.989999771118164,15.920000076293945,14.989999771118164,15.5600004196167,1090000,0.0,0.0
2023-07-11 00:00:00-04:00,15.630000114440918,15.770000457763672,15.579999923706055,15.670000076293945,700100,0.0,0.0
2023-07-12 00:00:00-04:00,16.0,16.489999771118164,15.720000267028809,16.43000030517578,711000,0.0,0.0
2023-07-13 00:00:00-04:00,16.420000076293945,16.420000076293945,15.930000305175781,16.06999969482422,527300,0.0,0.0
2023-07-14 00:00:00-04:00,15.989999771118164,16.079999923706055,15.609999656677246,15.720000267028809,471900,0.0,0.0
2023-07-17 00:00:00-04:00,15.65999984741211,15.789999961853027,15.569999694824219,15.579999923706055,469700,0.0,0.0
2023-07-18 00:00:00-04:00,15.640000343322754,15.779999732971191,15.539999961853027,15.600000381469727,452500,0.0,0.0
2023-07-19 00:00:00-04:00,15.760000228881836,15.819999694824219,15.5600004196167,15.739999771118164,343500,0.0,0.0
2023-07-20 00:00:00-04:00,15.720000267028809,15.920000076293945,15.4399995803833,15.899999618530273,507900,0.0,0.0
2023-07-21 00:00:00-04:00,16.059999465942383,16.059999465942383,15.420000076293945,15.470000267028809,473900,0.0,0.0
2023-07-24 00:00:00-04:00,15.40999984741211,15.649999618530273,15.380000114440918,15.550000190734863,326000,0.0,0.0
2023-07-25 00:00:00-04:00,15.699999809265137,15.869999885559082,15.369999885559082,15.369999885559082,302900,0.0,0.0
2023-07-26 00:00:00-04:00,15.460000038146973,15.710000038146973,15.430000305175781,15.600000381469727,398300,0.0,0.0
2023-07-27 00:00:00-04:00,15.6899995803833,15.729999542236328,15.380000114440918,15.460000038146973,361400,0.0,0.0
2023-07-28 00:00:00-04:00,15.619999885559082,15.789999961853027,15.399999618530273,15.399999618530273,332100,0.0,0.0
2023-07-31 00:00:00-04:00,15.390000343322754,15.710000038146973,15.390000343322754,15.699999809265137,583600,0.0,0.0
2023-08-01 00:00:00-04:00,15.65999984741211,15.890000343322754,15.529999732971191,15.859999656677246,484300,0.0,0.0
2023-08-02 00:00:00-04:00,15.670000076293945,15.779999732971191,15.5600004196167,15.649999618530273,431200,0.0,0.0
2023-08-03 00:00:00-04:00,16.43000030517578,16.469999313354492,14.699999809265137,14.850000381469727,1348800,0.0,0.0
2023-08-04 00:00:00-04:00,14.890000343322754,15.65999984741211,14.789999961853027,15.430000305175781,725800,0.0,0.0
2023-08-07 00:00:00-04:00,15.5600004196167,15.640000343322754,15.020000457763672,15.40999984741211,766600,0.0,0.0
2023-08-08 00:00:00-04:00,15.1899995803833,15.289999961853027,15.0,15.199999809265137,519700,0.0,0.0
2023-08-09 00:00:00-04:00,15.210000038146973,15.229999542236328,15.0,15.15999984741211,407900,0.0,0.0
2023-08-10 00:00:00-04:00,15.140000343322754,15.329999923706055,14.59000015258789,14.680000305175781,1016700,0.0,0.0
2023-08-11 00:00:00-04:00,14.539999961853027,14.989999771118164,14.4399995803833,14.949999809265137,659600,0.0,0.0
2023-08-14 00:00:00-04:00,14.829999923706055,14.890000343322754,14.670000076293945,14.829999923706055,587700,0.0,0.0
2023-08-15 00:00:00-04:00,14.75,14.949999809265137,14.6899995803833,14.850000381469727,671500,0.0,0.0
2023-08-16 00:00:00-04:00,14.829999923706055,15.0,14.779999732971191,14.850000381469727,655100,0.0,0.0
2023-08-17 00:00:00-04:00,14.920000076293945,15.170000076293945,14.850000381469727,14.930000305175781,574600,0.0,0.0
2023-08-18 00:00:00-04:00,14.760000228881836,15.220000267028809,14.760000228881836,15.109999656677246,594000,0.0,0.0
2023-08-21 00:00:00-04:00,15.130000114440918,15.289999961853027,15.020000457763672,15.130000114440918,425900,0.0,0.0
2023-08-22 00:00:00-04:00,15.140000343322754,15.449999809265137,15.140000343322754,15.359999656677246,455200,0.0,0.0
2023-08-23 00:00:00-04:00,15.329999923706055,15.680000305175781,15.289999961853027,15.59000015258789,427100,0.0,0.0
2023-08-24 00:00:00-04:00,15.5,15.630000114440918,15.260000228881836,15.359999656677246,569100,0.0,0.0
2023-08-25 00:00:00-04:00,15.420000076293945,15.649999618530273,15.359999656677246,15.510000228881836,471700,0.0,0.0
2023-08-28 00:00:00-04:00,15.59000015258789,15.84000015258789,15.59000015258789,15.829999923706055,344000,0.0,0.0
2023-08-29 00:00:00-04:00,15.789999961853027,15.920000076293945,15.720000267028809,15.779999732971191,527600,0.0,0.0
2023-08-30 00:00:00-04:00,15.670000076293945,15.899999618530273,15.649999618530273,15.729999542236328,402600,0.0,0.0
2023-08-31 00:00:00-04:00,15.729999542236328,15.850000381469727,15.600000381469727,15.609999656677246,426000,0.0,0.0
2023-09-01 00:00:00-04:00,15.770000457763672,15.9399995803833,15.710000038146973,15.819999694824219,567900,0.0,0.0
2023-09-05 00:00:00-04:00,15.649999618530273,15.670000076293945,15.229999542236328,15.270000457763672,585200,0.0,0.0
2023-09-06 00:00:00-04:00,15.319999694824219,15.529999732971191,15.25,15.520000457763672,433400,0.0,0.0
2023-09-07 00:00:00-04:00,15.460000038146973,15.649999618530273,15.34000015258789,15.600000381469727,490400,0.0,0.0
2023-09-08 00:00:00-04:00,15.579999923706055,15.760000228881836,15.380000114440918,15.420000076293945,449600,0.0,0.0
2023-09-11 00:00:00-04:00,15.479999542236328,15.630000114440918,15.239999771118164,15.279999732971191,567600,0.0,0.0
2023-09-12 00:00:00-04:00,15.300000190734863,15.529999732971191,15.300000190734863,15.489999771118164,397700,0.0,0.0
2023-09-13 00:00:00-04:00,15.5,15.720000267028809,15.470000267028809,15.489999771118164,460000,0.0,0.0
2023-09-14 00:00:00-04:00,15.619999885559082,15.819999694824219,15.619999885559082,15.819999694824219,493200,0.0,0.0
2023-09-15 00:00:00-04:00,15.75,15.859999656677246,15.420000076293945,15.5600004196167,1858500,0.0,0.0
2023-09-18 00:00:00-04:00,15.579999923706055,15.720000267028809,15.5,15.550000190734863,326400,0.0,0.0
2023-09-19 00:00:00-04:00,15.579999923706055,15.670000076293945,15.460000038146973,15.600000381469727,311400,0.0,0.0
2023-09-20 00:00:00-04:00,15.710000038146973,15.770000457763672,15.4399995803833,15.4399995803833,333100,0.0,0.0
2023-09-21 00:00:00-04:00,15.260000228881836,15.329999923706055,15.069999694824219,15.210000038146973,387500,0.0,0.0
2023-09-22 00:00:00-04:00,15.15999984741211,15.3100004196167,15.010000228881836,15.010000228881836,397300,0.0,0.0
2023-09-25 00:00:00-04:00,14.970000267028809,15.09000015258789,14.859999656677246,14.970000267028809,400100,0.0,0.0
2023-09-26 00:00:00-04:00,14.880000114440918,15.130000114440918,14.850000381469727,15.029999732971191,411500,0.0,0.0
2023-09-27 00:00:00-04:00,15.180000305175781,15.180000305175781,14.890000343322754,15.100000381469727,571300,0.0,0.0
2023-09-28 00:00:00-04:00,15.0600004196167,15.300000190734863,15.020000457763672,15.130000114440918,702800,0.0,0.0
2023-09-29 00:00:00-04:00,15.119999885559082,15.1899995803833,14.779999732971191,14.920000076293945,637800,0.0,0.0
2023-10-02 00:00:00-04:00,14.90999984741211,15.020000457763672,14.729999542236328,14.960000038146973,572200,0.0,0.0
2023-10-03 00:00:00-04:00,14.930000305175781,15.039999961853027,14.619999885559082,14.65999984741211,835600,0.0,0.0
2023-10-04 00:00:00-04:00,14.670000076293945,14.920000076293945,14.489999771118164,14.869999885559082,742100,0.0,0.0
2023-10-05 00:00:00-04:00,14.859999656677246,15.0,14.800000190734863,14.869999885559082,677600,0.0,0.0
2023-10-06 00:00:00-04:00,14.739999771118164,15.239999771118164,14.739999771118164,15.119999885559082,762100,0.0,0.0
2023-10-09 00:00:00-04:00,15.010000228881836,15.1899995803833,14.930000305175781,15.0,956200,0.0,0.0
2023-10-10 00:00:00-04:00,15.010000228881836,15.34000015258789,14.9399995803833,15.140000343322754,1897900,0.0,0.0
2023-10-11 00:00:00-04:00,15.15999984741211,15.34000015258789,15.0,15.09000015258789,690700,0.0,0.0
2023-10-12 00:00:00-04:00,15.100000381469727,15.100000381469727,13.9399995803833,14.029999732971191,715000,0.0,0.0
2023-10-13 00:00:00-04:00,14.050000190734863,14.199999809265137,13.880000114440918,14.170000076293945,887100,0.0,0.0
2023-10-16 00:00:00-04:00,14.5600004196167,14.970000267028809,14.420000076293945,14.59000015258789,590700,0.0,0.0
2023-10-17 00:00:00-04:00,14.520000457763672,14.739999771118164,14.449999809265137,14.619999885559082,1022100,0.0,0.0
2023-10-18 00:00:00-04:00,14.479999542236328,14.510000228881836,14.140000343322754,14.15999984741211,426500,0.0,0.0
2023-10-19 00:00:00-04:00,14.069999694824219,14.239999771118164,13.970000267028809,13.979999542236328,594300,0.0,0.0
2023-10-20 00:00:00-04:00,14.020000457763672,14.079999923706055,13.739999771118164,13.75,568400,0.0,0.0
2023-10-23 00:00:00-04:00,13.649999618530273,13.960000038146973,13.489999771118164,13.729999542236328,530300,0.0,0.0
2023-10-24 00:00:00-04:00,13.880000114440918,13.9399995803833,13.670000076293945,13.729999542236328,305300,0.0,0.0
2023-10-25 00:00:00-04:00,13.630000114440918,13.670000076293945,13.460000038146973,13.479999542236328,389100,0.0,0.0
2023-10-26 00:00:00-04:00,13.539999961853027,13.710000038146973,13.350000381469727,13.4399995803833,517300,0.0,0.0
2023-10-27 00:00:00-04:00,13.449999809265137,13.5,13.09000015258789,13.130000114440918,613900,0.0,0.0
2023-10-30 00:00:00-04:00,13.3100004196167,13.350000381469727,13.079999923706055,13.319999694824219,656300,0.0,0.0
2023-10-31 00:00:00-04:00,13.369999885559082,13.479999542236328,13.319999694824219,13.430000305175781,543000,0.0,0.0
2023-11-01 00:00:00-04:00,13.369999885559082,13.579999923706055,13.210000038146973,13.550000190734863,598500,0.0,0.0
2023-11-02 00:00:00-04:00,14.119999885559082,14.850000381469727,13.430000305175781,14.140000343322754,1471300,0.0,0.0
2023-11-03 00:00:00-04:00,14.470000267028809,14.850000381469727,14.350000381469727,14.720000267028809,1001400,0.0,0.0
2023-11-06 00:00:00-05:00,14.649999618530273,14.729999542236328,14.319999694824219,14.479999542236328,573600,0.0,0.0
2023-11-07 00:00:00-05:00,14.390000343322754,14.5600004196167,14.3100004196167,14.430000305175781,754900,0.0,0.0
2023-11-08 00:00:00-05:00,14.479999542236328,14.510000228881836,14.350000381469727,14.479999542236328,742600,0.0,0.0
2023-11-09 00:00:00-05:00,14.600000381469727,14.680000305175781,14.34000015258789,14.420000076293945,616700,0.0,0.0
2023-11-10 00:00:00-05:00,14.520000457763672,14.579999923706055,14.350000381469727,14.520000457763672,595600,0.0,0.0
2023-11-13 00:00:00-05:00,14.350000381469727,14.579999923706055,14.289999961853027,14.460000038146973,349900,0.0,0.0
2023-11-14 00:00:00-05:00,15.0,15.140000343322754,14.819999694824219,15.0600004196167,963700,0.0,0.0
2023-11-15 00:00:00-05:00,15.010000228881836,15.109999656677246,14.640000343322754,14.649999618530273,631000,0.0,0.0
2023-11-16 00:00:00-05:00,14.619999885559082,14.65999984741211,14.319999694824219,14.390000343322754,862400,0.0,0.0
2023-11-17 00:00:00-05:00,14.579999923706055,14.800000190734863,14.479999542236328,14.779999732971191,798800,0.0,0.0
2023-11-20 00:00:00-05:00,14.739999771118164,14.869999885559082,14.59000015258789,14.779999732971191,383300,0.0,0.0
2023-11-21 00:00:00-05:00,14.739999771118164,14.930000305175781,14.739999771118164,14.859999656677246,580800,0.0,0.0
2023-11-22 00:00:00-05:00,15.010000228881836,15.149999618530273,14.720000267028809,14.729999542236328,504800,0.0,0.0
2023-11-24 00:00:00-05:00,14.779999732971191,14.970000267028809,14.75,14.960000038146973,196500,0.0,0.0
2023-11-27 00:00:00-05:00,14.8100004196167,14.949999809265137,14.710000038146973,14.819999694824219,639100,0.0,0.0
2023-11-28 00:00:00-05:00,14.800000190734863,14.960000038146973,14.65999984741211,14.920000076293945,1069000,0.0,0.0
2023-11-29 00:00:00-05:00,14.989999771118164,15.210000038146973,14.84000015258789,14.880000114440918,2909300,0.0,0.0
2023-11-30 00:00:00-05:00,14.920000076293945,14.920000076293945,14.569999694824219,14.619999885559082,986300,0.0,0.0
2023-12-01 00:00:00-05:00,14.539999961853027,14.899999618530273,14.449999809265137,14.869999885559082,980800,0.0,0.0
2023-12-04 00:00:00-05:00,14.760000228881836,15.079999923706055,14.760000228881836,14.970000267028809,938700,0.0,0.0
2023-12-05 00:00:00-05:00,14.970000267028809,14.979999542236328,14.779999732971191,14.789999961853027,939000,0.0,0.0
2023-12-06 00:00:00-05:00,14.869999885559082,14.970000267028809,14.510000228881836,14.520000457763672,998100,0.0,0.0
2023-12-07 00:00:00-05:00,14.59000015258789,14.59000015258789,14.270000457763672,14.319999694824219,875200,0.0,0.0
2023-12-08 00:00:00-05:00,14.329999923706055,14.5,14.210000038146973,14.34000015258789,2123200,0.0,0.0
2023-12-11 00:00:00-05:00,14.329999923706055,14.859999656677246,14.329999923706055,14.760000228881836,1140700,0.0,0.0
2023-12-12 00:00:00-05:00,14.6899995803833,14.6899995803833,14.079999923706055,14.430000305175781,1249600,0.0,0.0
2023-12-13 00:00:00-05:00,14.449999809265137,15.020000457763672,14.270000457763672,15.0,1031500,0.0,0.0
2023-12-14 00:00:00-05:00,15.0600004196167,15.319999694824219,14.829999923706055,14.979999542236328,1404200,0.0,0.0
2023-12-15 00:00:00-05:00,15.039999961853027,15.069999694824219,14.510000228881836,14.649999618530273,2190300,0.0,0.0
2023-12-18 00:00:00-05:00,14.75,14.800000190734863,14.489999771118164,14.619999885559082,614700,0.0,0.0
2023-12-19 00:00:00-05:00,14.729999542236328,15.029999732971191,14.729999542236328,15.010000228881836,1114200,0.0,0.0
2023-12-20 00:00:00-05:00,14.989999771118164,15.329999923706055,14.84000015258789,14.869999885559082,887400,0.0,0.0
2023-12-21 00:00:00-05:00,14.989999771118164,15.109999656677246,14.949999809265137,15.100000381469727,430100,0.0,0.0
2023-12-22 00:00:00-05:00,15.140000343322754,15.329999923706055,15.0600004196167,15.140000343322754,484400,0.0,0.0
2023-12-26 00:00:00-05:00,15.15999984741211,15.25,15.0,15.029999732971191,375000,0.0,0.0
2023-12-27 00:00:00-05:00,15.079999923706055,15.170000076293945,14.989999771118164,15.029999732971191,626300,0.0,0.0
2023-12-28 00:00:00-05:00,14.970000267028809,15.039999961853027,14.869999885559082,14.920000076293945,311200,0.0,0.0
2023-12-29 00:00:00-05:00,14.850000381469727,14.949999809265137,14.729999542236328,14.8100004196167,450400,0.0,0.0
2024-01-02 00:00:00-05:00,14.699999809265137,14.880000114440918,14.59000015258789,14.859999656677246,797000,0.0,0.0
2024-01-03 00:00:00-05:00,14.75,14.75,14.4399995803833,14.460000038146973,660600,0.0,0.0
2024-01-04 00:00:00-05:00,14.569999694824219,14.569999694824219,14.279999732971191,14.3100004196167,471800,0.0,0.0
2024-01-05 00:00:00-05:00,14.180000305175781,14.420000076293945,14.079999923706055,14.170000076293945,398200,0.0,0.0
2024-01-08 00:00:00-05:00,14.220000267028809,14.4399995803833,14.149999618530273,14.420000076293945,445900,0.0,0.0
2024-01-09 00:00:00-05:00,14.170000076293945,14.350000381469727,14.119999885559082,14.270000457763672,280400,0.0,0.0
2024-01-10 00:00:00-05:00,14.210000038146973,14.430000305175781,14.180000305175781,14.430000305175781,330400,0.0,0.0
2024-01-11 00:00:00-05:00,14.329999923706055,14.369999885559082,14.130000114440918,14.270000457763672,336900,0.0,0.0
2024-01-12 00:00:00-05:00,14.510000228881836,14.5600004196167,14.050000190734863,14.0600004196167,371600,0.0,0.0
2024-01-16 00:00:00-05:00,13.899999618530273,14.050000190734863,13.8100004196167,14.039999961853027,587200,0.0,0.0
2024-01-17 00:00:00-05:00,13.880000114440918,13.979999542236328,13.760000228881836,13.850000381469727,486200,0.0,0.0
2024-01-18 00:00:00-05:00,13.970000267028809,13.970000267028809,13.770000457763672,13.890000343322754,414600,0.0,0.0
2024-01-19 00:00:00-05:00,13.949999809265137,14.0600004196167,13.729999542236328,14.050000190734863,459200,0.0,0.0
2024-01-22 00:00:00-05:00,14.1899995803833,14.579999923706055,14.140000343322754,14.5,605500,0.0,0.0
2024-01-23 00:00:00-05:00,14.640000343322754,14.680000305175781,14.199999809265137,14.34000015258789,578000,0.0,0.0
2024-01-24 00:00:00-05:00,14.5600004196167,14.5600004196167,14.119999885559082,14.210000038146973,621300,0.0,0.0
2024-01-25 00:00:00-05:00,14.390000343322754,14.460000038146973,14.239999771118164,14.449999809265137,638700,0.0,0.0
2024-01-26 00:00:00-05:00,14.5600004196167,14.579999923706055,14.40999984741211,14.550000190734863,456700,0.0,0.0
2024-01-29 00:00:00-05:00,14.550000190734863,14.8100004196167,14.420000076293945,14.6899995803833,486300,0.0,0.0
2024-01-30 00:00:00-05:00,14.539999961853027,14.609999656677246,14.270000457763672,14.289999961853027,861600,0.0,0.0
2024-01-31 00:00:00-05:00,14.289999961853027,14.550000190734863,14.0600004196167,14.079999923706055,575800,0.0,0.0
2024-02-01 00:00:00-05:00,14.149999618530273,14.369999885559082,14.140000343322754,14.350000381469727,950900,0.0,0.0
2024-02-02 00:00:00-05:00,14.149999618530273,14.430000305175781,14.079999923706055,14.260000228881836,688600,0.0,0.0
2024-02-05 00:00:00-05:00,14.050000190734863,14.260000228881836,13.920000076293945,14.170000076293945,545900,0.0,0.0
2024-02-06 00:00:00-05:00,14.109999656677246,14.420000076293945,14.029999732971191,14.420000076293945,440500,0.0,0.0
2024-02-07 00:00:00-05:00,14.470000267028809,14.489999771118164,14.25,14.279999732971191,895400,0.0,0.0
2024-02-08 00:00:00-05:00,14.199999809265137,14.369999885559082,14.170000076293945,14.359999656677246,697000,0.0,0.0
2024-02-09 00:00:00-05:00,14.359999656677246,14.510000228881836,14.329999923706055,14.380000114440918,503400,0.0,0.0
2024-02-12 00:00:00-05:00,14.449999809265137,14.640000343322754,14.449999809265137,14.539999961853027,821800,0.0,0.0
2024-02-13 00:00:00-05:00,14.09000015258789,14.1899995803833,13.729999542236328,13.760000228881836,1210200,0.0,0.0
2024-02-14 00:00:00-05:00,13.970000267028809,14.15999984741211,13.859999656677246,14.140000343322754,933000,0.0,0.0
2024-02-15 00:00:00-05:00,14.289999961853027,14.529999732971191,14.220000267028809,14.520000457763672,698300,0.0,0.0
2024-02-16 00:00:00-05:00,14.350000381469727,14.350000381469727,14.130000114440918,14.260000228881836,573600,0.0,0.0
2024-02-20 00:00:00-05:00,14.039999961853027,14.229999542236328,14.039999961853027,14.149999618530273,788100,0.0,0.0
2024-02-21 00:00:00-05:00,13.729999542236328,14.829999923706055,12.859999656677246,14.6899995803833,2594400,0.0,0.0
2024-02-22 00:00:00-05:00,14.649999618530273,15.039999961853027,14.449999809265137,14.65999984741211,2347900,0.0,0.0
2024-02-23 00:00:00-05:00,14.65999984741211,15.09000015258789,14.65999984741211,15.0600004196167,826000,0.0,0.0
2024-02-26 00:00:00-05:00,14.970000267028809,15.039999961853027,14.770000457763672,14.869999885559082,654400,0.0,0.0
2024-02-27 00:00:00-05:00,14.9399995803833,15.069999694824219,14.729999542236328,15.010000228881836,654700,0.0,0.0
2024-02-28 00:00:00-05:00,15.449999809265137,15.510000228881836,14.9399995803833,15.039999961853027,1363200,0.0,0.0
2024-02-29 00:00:00-05:00,15.239999771118164,15.329999923706055,15.130000114440918,15.270000457763672,1358600,0.0,0.0
2024-03-01 00:00:00-05:00,15.25,15.899999618530273,15.15999984741211,15.859999656677246,1008200,0.0,0.0
2024-03-04 00:00:00-05:00,15.850000381469727,16.09000015258789,15.59000015258789,16.020000457763672,902500,0.0,0.0
2024-03-05 00:00:00-05:00,15.930000305175781,16.049999237060547,15.729999542236328,15.739999771118164,669700,0.0,0.0
2024-03-06 00:00:00-05:00,15.829999923706055,15.899999618530273,15.699999809265137,15.75,547700,0.0,0.0
2024-03-07 00:00:00-05:00,15.880000114440918,15.979999542236328,15.550000190734863,15.619999885559082,387300,0.0,0.0
2024-03-08 00:00:00-05:00,15.84000015258789,16.170000076293945,15.729999542236328,16.030000686645508,638300,0.0,0.0
2024-03-11 00:00:00-04:00,15.899999618530273,16.09000015258789,15.800000190734863,15.899999618530273,406800,0.0,0.0
2024-03-12 00:00:00-04:00,15.850000381469727,15.979999542236328,15.739999771118164,15.90999984741211,360000,0.0,0.0
2024-03-13 00:00:00-04:00,15.859999656677246,15.989999771118164,15.739999771118164,15.760000228881836,397300,0.0,0.0
2024-03-14 00:00:00-04:00,15.609999656677246,15.619999885559082,15.430000305175781,15.619999885559082,558100,0.0,0.0
2024-03-15 00:00:00-04:00,15.550000190734863,16.020000457763672,15.550000190734863,15.989999771118164,1545000,0.0,0.0
2024-03-18 00:00:00-04:00,15.989999771118164,16.209999084472656,15.949999809265137,16.200000762939453,598600,0.0,0.0
2024-03-19 00:00:00-04:00,16.18000030517578,16.5,16.15999984741211,16.5,576300,0.0,0.0
2024-03-20 00:00:00-04:00,16.5,16.649999618530273,16.25,16.649999618530273,539500,0.0,0.0
2024-03-21 00:00:00-04:00,16.760000228881836,16.979999542236328,16.739999771118164,16.959999084472656,654500,0.0,0.0
2024-03-22 00:00:00-04:00,17.0,17.020000457763672,16.770000457763672,16.8799991607666,585600,0.0,0.0
2024-03-25 00:00:00-04:00,16.959999084472656,17.139999389648438,16.790000915527344,16.790000915527344,739100,0.0,0.0
2024-03-26 00:00:00-04:00,16.899999618530273,17.100000381469727,16.850000381469727,16.959999084472656,439800,0.0,0.0
2024-03-27 00:00:00-04:00,17.030000686645508,17.350000381469727,16.8799991607666,17.31999969482422,609100,0.0,0.0
2024-03-28 00:00:00-04:00,17.329999923706055,17.360000610351562,17.1200008392334,17.299999237060547,900300,0.0,0.0
2024-04-01 00:00:00-04:00,17.3700008392334,17.420000076293945,17.079999923706055,17.15999984741211,696300,0.0,0.0
2024-04-02 00:00:00-04:00,16.920000076293945,17.079999923706055,16.84000015258789,17.06999969482422,821300,0.0,0.0
2024-04-03 00:00:00-04:00,16.950000762939453,17.440000534057617,16.950000762939453,17.360000610351562,722700,0.0,0.0
2024-04-04 00:00:00-04:00,17.520000457763672,17.6299991607666,16.969999313354492,17.010000228881836,812500,0.0,0.0
2024-04-05 00:00:00-04:00,16.93000030517578,17.239999771118164,16.93000030517578,17.1299991607666,602100,0.0,0.0
2024-04-08 00:00:00-04:00,17.229999542236328,17.299999237060547,17.149999618530273,17.280000686645508,706800,0.0,0.0
2024-04-09 00:00:00-04:00,17.31999969482422,17.40999984741211,17.229999542236328,17.290000915527344,650400,0.0,0.0
2024-04-10 00:00:00-04:00,17.229999542236328,17.440000534057617,17.09000015258789,17.260000228881836,864900,0.0,0.0
2024-04-11 00:00:00-04:00,17.260000228881836,17.700000762939453,17.15999984741211,17.559999465942383,997100,0.0,0.0
2024-04-12 00:00:00-04:00,17.40999984741211,17.56999969482422,17.329999923706055,17.479999542236328,860800,0.0,0.0
2024-04-15 00:00:00-04:00,17.56999969482422,17.600000381469727,17.360000610351562,17.450000762939453,743400,0.0,0.0
2024-04-16 00:00:00-04:00,17.5,17.579999923706055,16.950000762939453,17.170000076293945,1033200,0.0,0.0
2024-04-17 00:00:00-04:00,17.309999465942383,17.5,17.139999389648438,17.139999389648438,829900,0.0,0.0
2024-04-18 00:00:00-04:00,17.190000534057617,17.270000457763672,17.030000686645508,17.079999923706055,726300,0.0,0.0
2024-04-19 00:00:00-04:00,17.079999923706055,17.299999237060547,16.829999923706055,16.989999771118164,1061100,0.0,0.0
2024-04-22 00:00:00-04:00,17.049999237060547,17.260000228881836,16.899999618530273,17.010000228881836,1458100,0.0,0.0
2024-04-23 00:00:00-04:00,17.049999237060547,17.649999618530273,16.8799991607666,17.559999465942383,886600,0.0,0.0
2024-04-24 00:00:00-04:00,17.450000762939453,17.68000030517578,17.43000030517578,17.5,797000,0.0,0.0
2024-04-25 00:00:00-04:00,17.360000610351562,17.469999313354492,17.229999542236328,17.3799991607666,621500,0.0,0.0
2024-04-26 00:00:00-04:00,17.520000457763672,17.600000381469727,17.399999618530273,17.420000076293945,452700,0.0,0.0
2024-04-29 00:00:00-04:00,17.469999313354492,17.649999618530273,17.40999984741211,17.40999984741211,626500,0.0,0.0
2024-04-30 00:00:00-04:00,17.260000228881836,17.520000457763672,17.100000381469727,17.18000030517578,1686000,0.0,0.0
2024-05-01 00:00:00-04:00,17.270000457763672,17.790000915527344,17.170000076293945,17.450000762939453,1184500,0.0,0.0
2024-05-02 00:00:00-04:00,17.1200008392334,17.6299991607666,16.739999771118164,17.579999923706055,1787500,0.0,0.0
2024-05-03 00:00:00-04:00,17.790000915527344,17.850000381469727,17.469999313354492,17.690000534057617,1010800,0.0,0.0
2024-05-06 00:00:00-04:00,17.8700008392334,18.360000610351562,17.799999237060547,18.350000381469727,914500,0.0,0.0
2024-05-07 00:00:00-04:00,18.40999984741211,18.40999984741211,17.8700008392334,17.8799991607666,765100,0.0,0.0
2024-05-08 00:00:00-04:00,17.790000915527344,17.920000076293945,17.639999389648438,17.68000030517578,540500,0.0,0.0
2024-05-09 00:00:00-04:00,17.709999084472656,17.760000228881836,17.540000915527344,17.709999084472656,532200,0.0,0.0
2024-05-10 00:00:00-04:00,17.81999969482422,17.860000610351562,17.65999984741211,17.739999771118164,406300,0.0,0.0
2024-05-13 00:00:00-04:00,17.860000610351562,17.979999542236328,17.760000228881836,17.790000915527344,488200,0.0,0.0
2024-05-14 00:00:00-04:00,18.030000686645508,18.149999618530273,17.93000030517578,18.030000686645508,623500,0.0,0.0
2024-05-15 00:00:00-04:00,18.09000015258789,18.170000076293945,17.8799991607666,17.950000762939453,484200,0.0,0.0
2024-05-16 00:00:00-04:00,17.889999389648438,18.020000457763672,17.81999969482422,17.979999542236328,519900,0.0,0.0
2024-05-17 00:00:00-04:00,17.940000534057617,17.959999084472656,17.579999923706055,17.600000381469727,489300,0.0,0.0
2024-05-20 00:00:00-04:00,17.540000915527344,17.65999984741211,17.450000762939453,17.540000915527344,609100,0.0,0.0
2024-05-21 00:00:00-04:00,17.520000457763672,17.6299991607666,17.31999969482422,17.399999618530273,719800,0.0,0.0
2024-05-22 00:00:00-04:00,17.34000015258789,17.459999084472656,16.90999984741211,16.93000030517578,738400,0.0,0.0
2024-05-23 00:00:00-04:00,16.93000030517578,16.93000030517578,16.59000015258789,16.649999618530273,784600,0.0,0.0
2024-05-24 00:00:00-04:00,16.790000915527344,17.139999389648438,16.600000381469727,17.079999923706055,1583300,0.0,0.0
2024-05-28 00:00:00-04:00,17.25,17.25,16.899999618530273,16.989999771118164,726100,0.0,0.0
2024-05-29 00:00:00-04:00,16.780000686645508,16.8700008392334,16.450000762939453,16.709999084472656,852600,0.0,0.0
2024-05-30 00:00:00-04:00,16.850000381469727,17.200000762939453,16.780000686645508,17.170000076293945,605500,0.0,0.0
2024-05-31 00:00:00-04:00,17.190000534057617,17.280000686645508,17.030000686645508,17.25,501400,0.0,0.0
2024-06-03 00:00:00-04:00,17.270000457763672,17.309999465942383,17.139999389648438,17.190000534057617,551600,0.0,0.0
2024-06-04 00:00:00-04:00,17.059999465942383,17.18000030517578,16.889999389648438,17.110000610351562,800700,0.0,0.0
2024-06-05 00:00:00-04:00,17.190000534057617,17.290000915527344,16.940000534057617,17.18000030517578,1227300,0.0,0.0
2024-06-06 00:00:00-04:00,17.110000610351562,17.309999465942383,17.06999969482422,17.149999618530273,618900,0.0,0.0
2024-06-07 00:00:00-04:00,16.959999084472656,17.1299991607666,16.780000686645508,16.780000686645508,530900,0.0,0.0
2024-06-10 00:00:00-04:00,16.6200008392334,16.90999984741211,16.56999969482422,16.889999389648438,704400,0.0,0.0
2024-06-11 00:00:00-04:00,16.760000228881836,16.799999237060547,16.600000381469727,16.75,504100,0.0,0.0
2024-06-12 00:00:00-04:00,17.139999389648438,17.219999313354492,17.010000228881836,17.010000228881836,648300,0.0,0.0
2024-06-13 00:00:00-04:00,16.979999542236328,16.979999542236328,16.600000381469727,16.729999542236328,644900,0.0,0.0
2024-06-14 00:00:00-04:00,16.559999465942383,16.559999465942383,16.09000015258789,16.280000686645508,705100,0.0,0.0
2024-06-17 00:00:00-04:00,16.200000762939453,16.290000915527344,16.049999237060547,16.229999542236328,601200,0.0,0.0
2024-06-18 00:00:00-04:00,16.239999771118164,16.270000457763672,16.110000610351562,16.209999084472656,511500,0.0,0.0
2024-06-20 00:00:00-04:00,16.110000610351562,16.18000030517578,15.789999961853027,16.0,694000,0.0,0.0
2024-06-21 00:00:00-04:00,16.0,16.170000076293945,15.930000305175781,16.0,1643500,0.0,0.0
2024-06-24 00:00:00-04:00,16.09000015258789,16.260000228881836,16.06999969482422,16.1200008392334,463000,0.0,0.0
2024-06-25 00:00:00-04:00,16.06999969482422,16.40999984741211,15.979999542236328,16.399999618530273,414800,0.0,0.0
2024-06-26 00:00:00-04:00,16.270000457763672,16.389999389648438,16.15999984741211,16.360000610351562,585500,0.0,0.0
2024-06-27 00:00:00-04:00,16.40999984741211,16.530000686645508,16.239999771118164,16.510000228881836,347500,0.0,0.0
2024-06-28 00:00:00-04:00,16.6299991607666,16.68000030517578,16.399999618530273,16.59000015258789,1797600,0.0,0.0
2024-07-01 00:00:00-04:00,16.559999465942383,16.65999984741211,16.34000015258789,16.3700008392334,567400,0.0,0.0
2024-07-02 00:00:00-04:00,16.450000762939453,16.8700008392334,16.440000534057617,16.760000228881836,550700,0.0,0.0
2024-07-03 00:00:00-04:00,16.770000457763672,16.829999923706055,16.700000762939453,16.81999969482422,202500,0.0,0.0
2024-07-05 00:00:00-04:00,16.709999084472656,16.829999923706055,16.670000076293945,16.75,443200,0.0,0.0
2024-07-08 00:00:00-04:00,16.899999618530273,16.940000534057617,16.75,16.799999237060547,500300,0.0,0.0
2024-07-09 00:00:00-04:00,16.729999542236328,16.790000915527344,16.59000015258789,16.649999618530273,497700,0.0,0.0
2024-07-10 00:00:00-04:00,16.700000762939453,16.8700008392334,16.6299991607666,16.84000015258789,493700,0.0,0.0
2024-07-11 00:00:00-04:00,17.209999084472656,17.31999969482422,17.020000457763672,17.280000686645508,575400,0.0,0.0
2024-07-12 00:00:00-04:00,17.459999084472656,17.81999969482422,17.389999389648438,17.709999084472656,724500,0.0,0.0
2024-07-15 00:00:00-04:00,17.8799991607666,18.219999313354492,17.760000228881836,18.020000457763672,717700,0.0,0.0
2024-07-16 00:00:00-04:00,18.200000762939453,18.549999237060547,18.170000076293945,18.489999771118164,560100,0.0,0.0
2024-07-17 00:00:00-04:00,18.40999984741211,18.709999084472656,18.360000610351562,18.510000228881836,677900,0.0,0.0
2024-07-18 00:00:00-04:00,18.3799991607666,18.729999542236328,18.100000381469727,18.219999313354492,445800,0.0,0.0
2024-07-19 00:00:00-04:00,18.15999984741211,18.219999313354492,17.8700008392334,17.8799991607666,554000,0.0,0.0
2024-07-22 00:00:00-04:00,18.010000228881836,18.18000030517578,17.729999542236328,18.030000686645508,381500,0.0,0.0
2024-07-23 00:00:00-04:00,17.920000076293945,18.260000228881836,17.920000076293945,18.18000030517578,524500,0.0,0.0
2024-07-24 00:00:00-04:00,18.139999389648438,18.329999923706055,17.649999618530273,17.65999984741211,402600,0.0,0.0
2024-07-25 00:00:00-04:00,17.709999084472656,17.90999984741211,17.559999465942383,17.6299991607666,792100,0.0,0.0
2024-07-26 00:00:00-04:00,17.920000076293945,17.93000030517578,17.68000030517578,17.860000610351562,448300,0.0,0.0
2024-07-29 00:00:00-04:00,17.90999984741211,17.969999313354492,17.729999542236328,17.889999389648438,359500,0.0,0.0
2024-07-30 00:00:00-04:00,18.0,18.139999389648438,17.719999313354492,17.899999618530273,516600,0.0,0.0
2024-07-31 00:00:00-04:00,17.93000030517578,18.25,17.799999237060547,17.8799991607666,708100,0.0,0.0
2024-08-01 00:00:00-04:00,17.8799991607666,18.09000015258789,17.75,17.920000076293945,1349800,0.0,0.0
2024-08-02 00:00:00-04:00,17.389999389648438,17.6299991607666,17.1200008392334,17.59000015258789,845100,0.0,0.0
2024-08-05 00:00:00-04:00,16.90999984741211,17.309999465942383,16.709999084472656,16.959999084472656,951200,0.0,0.0
2024-08-06 00:00:00-04:00,16.889999389648438,17.139999389648438,16.790000915527344,16.969999313354492,406700,0.0,0.0
2024-08-07 00:00:00-04:00,17.100000381469727,17.200000762939453,16.68000030517578,16.719999313354492,659100,0.0,0.0
2024-08-08 00:00:00-04:00,16.219999313354492,16.56999969482422,15.920000076293945,16.549999237060547,1713900,0.0,0.0
2024-08-09 00:00:00-04:00,16.579999923706055,17.020000457763672,16.459999084472656,17.0,772200,0.0,0.0
2024-08-12 00:00:00-04:00,16.889999389648438,16.90999984741211,16.360000610351562,16.670000076293945,1202700,0.0,0.0
2024-08-13 00:00:00-04:00,16.809999465942383,17.200000762939453,16.790000915527344,17.079999923706055,863100,0.0,0.0
2024-08-14 00:00:00-04:00,17.149999618530273,17.239999771118164,17.040000915527344,17.040000915527344,646300,0.0,0.0
2024-08-15 00:00:00-04:00,17.389999389648438,17.520000457763672,17.239999771118164,17.399999618530273,683200,0.0,0.0
2024-08-16 00:00:00-04:00,17.3799991607666,17.5,17.229999542236328,17.229999542236328,335700,0.0,0.0
2024-08-19 00:00:00-04:00,17.3700008392334,17.40999984741211,17.229999542236328,17.25,442800,0.0,0.0
2024-08-20 00:00:00-04:00,17.190000534057617,17.31999969482422,17.18000030517578,17.290000915527344,493400,0.0,0.0
2024-08-21 00:00:00-04:00,17.389999389648438,17.450000762939453,17.239999771118164,17.350000381469727,427100,0.0,0.0
2024-08-22 00:00:00-04:00,17.3799991607666,17.389999389648438,17.15999984741211,17.170000076293945,366900,0.0,0.0
2024-08-23 00:00:00-04:00,17.299999237060547,17.700000762939453,17.260000228881836,17.6200008392334,622600,0.0,0.0
2024-08-26 00:00:00-04:00,17.770000457763672,18.0,17.65999984741211,17.65999984741211,717000,0.0,0.0
2024-08-27 00:00:00-04:00,17.579999923706055,17.65999984741211,17.399999618530273,17.40999984741211,868400,0.0,0.0
2024-08-28 00:00:00-04:00,17.31999969482422,17.440000534057617,17.170000076293945,17.18000030517578,776500,0.0,0.0
2024-08-29 00:00:00-04:00,17.309999465942383,17.5,17.170000076293945,17.270000457763672,1014000,0.0,0.0
2024-08-30 00:00:00-04:00,17.3700008392334,17.43000030517578,17.190000534057617,17.329999923706055,758000,0.0,0.0
2024-09-03 00:00:00-04:00,17.170000076293945,17.3799991607666,17.110000610351562,17.209999084472656,1254600,0.0,0.0
2024-09-04 00:00:00-04:00,17.200000762939453,17.260000228881836,16.899999618530273,16.899999618530273,797900,0.0,0.0
2024-09-05 00:00:00-04:00,16.850000381469727,16.8799991607666,16.649999618530273,16.790000915527344,881200,0.0,0.0
2024-09-06 00:00:00-04:00,16.81999969482422,16.989999771118164,16.469999313354492,16.479999542236328,638000,0.0,0.0
2024-09-09 00:00:00-04:00,16.450000762939453,16.5,16.290000915527344,16.309999465942383,1023500,0.0,0.0
2024-09-10 00:00:00-04:00,16.280000686645508,16.290000915527344,15.770000457763672,16.020000457763672,823400,0.0,0.0
2024-09-11 00:00:00-04:00,15.899999618530273,15.920000076293945,15.649999618530273,15.789999961853027,841700,0.0,0.0
2024-09-12 00:00:00-04:00,15.880000114440918,16.309999465942383,15.880000114440918,16.18000030517578,704400,0.0,0.0
2024-09-13 00:00:00-04:00,16.389999389648438,16.68000030517578,16.299999237060547,16.549999237060547,636800,0.0,0.0
2024-09-16 00:00:00-04:00,16.649999618530273,16.719999313354492,16.399999618530273,16.450000762939453,406000,0.0,0.0
2024-09-17 00:00:00-04:00,16.600000381469727,16.860000610351562,16.530000686645508,16.65999984741211,411200,0.0,0.0
2024-09-18 00:00:00-04:00,16.639999389648438,16.979999542236328,16.520000457763672,16.56999969482422,431400,0.0,0.0
2024-09-19 00:00:00-04:00,16.940000534057617,17.049999237060547,16.81999969482422,16.920000076293945,670100,0.0,0.0
2024-09-20 00:00:00-04:00,16.829999923706055,16.829999923706055,16.579999923706055,16.6299991607666,1789200,0.0,0.0
2024-09-23 00:00:00-04:00,16.709999084472656,16.760000228881836,16.489999771118164,16.5,385300,0.0,0.0
2024-09-24 00:00:00-04:00,16.559999465942383,16.829999923706055,16.510000228881836,16.799999237060547,467600,0.0,0.0
2024-09-25 00:00:00-04:00,16.739999771118164,16.799999237060547,16.459999084472656,16.469999313354492,566800,0.0,0.0
2024-09-26 00:00:00-04:00,16.59000015258789,16.81999969482422,16.520000457763672,16.739999771118164,497200,0.0,0.0
2024-09-27 00:00:00-04:00,16.950000762939453,17.0,16.610000610351562,16.770000457763672,524800,0.0,0.0
2024-09-30 00:00:00-04:00,16.65999984741211,16.90999984741211,16.65999984741211,16.8799991607666,572900,0.0,0.0
2024-10-01 00:00:00-04:00,16.790000915527344,16.860000610351562,16.3799991607666,16.6299991607666,667400,0.0,0.0
2024-10-02 00:00:00-04:00,16.530000686645508,16.719999313354492,16.3799991607666,16.3799991607666,375800,0.0,0.0
2024-10-03 00:00:00-04:00,16.260000228881836,16.270000457763672,15.979999542236328,16.049999237060547,405800,0.0,0.0
2024-10-04 00:00:00-04:00,16.299999237060547,16.3799991607666,16.110000610351562,16.219999313354492,558800,0.0,0.0
2024-10-07 00:00:00-04:00,16.1200008392334,16.15999984741211,15.6899995803833,15.729999542236328,649800,0.0,0.0
2024-10-08 00:00:00-04:00,15.789999961853027,15.90999984741211,15.6899995803833,15.829999923706055,460500,0.0,0.0
2024-10-09 00:00:00-04:00,15.770000457763672,15.989999771118164,15.75,15.8100004196167,505200,0.0,0.0
2024-10-10 00:00:00-04:00,15.630000114440918,15.649999618530273,15.4399995803833,15.529999732971191,443000,0.0,0.0
2024-10-11 00:00:00-04:00,15.579999923706055,15.90999984741211,15.550000190734863,15.880000114440918,385300,0.0,0.0
2024-10-14 00:00:00-04:00,15.84000015258789,15.869999885559082,15.710000038146973,15.8100004196167,483600,0.0,0.0
2024-10-15 00:00:00-04:00,15.829999923706055,16.100000381469727,15.760000228881836,15.850000381469727,575200,0.0,0.0
2024-10-16 00:00:00-04:00,15.989999771118164,16.18000030517578,15.9399995803833,16.170000076293945,422500,0.0,0.0
2024-10-17 00:00:00-04:00,16.15999984741211,16.3700008392334,16.100000381469727,16.329999923706055,562200,0.0,0.0
2024-10-18 00:00:00-04:00,16.399999618530273,16.579999923706055,16.360000610351562,16.510000228881836,375700,0.0,0.0
2024-10-21 00:00:00-04:00,16.420000076293945,16.56999969482422,16.219999313354492,16.239999771118164,476300,0.0,0.0
2024-10-22 00:00:00-04:00,16.139999389648438,16.209999084472656,15.930000305175781,15.970000267028809,749200,0.0,0.0
2024-10-23 00:00:00-04:00,15.859999656677246,16.010000228881836,15.720000267028809,15.84000015258789,514900,0.0,0.0
2024-10-24 00:00:00-04:00,15.859999656677246,16.079999923706055,15.84000015258789,16.059999465942383,551600,0.0,0.0
2024-10-25 00:00:00-04:00,16.100000381469727,16.190000534057617,16.0,16.1200008392334,526200,0.0,0.0
2024-10-28 00:00:00-04:00,16.309999465942383,16.479999542236328,16.06999969482422,16.40999984741211,376300,0.0,0.0
2024-10-29 00:00:00-04:00,16.219999313354492,16.43000030517578,16.209999084472656,16.329999923706055,396000,0.0,0.0
2024-10-30 00:00:00-04:00,16.299999237060547,16.530000686645508,16.219999313354492,16.239999771118164,466300,0.0,0.0
2024-10-31 00:00:00-04:00,16.260000228881836,16.34000015258789,15.789999961853027,15.800000190734863,447500,0.0,0.0
2024-11-01 00:00:00-04:00,15.869999885559082,16.040000915527344,15.84000015258789,15.899999618530273,397200,0.0,0.0
2024-11-04 00:00:00-05:00,15.829999923706055,16.239999771118164,15.829999923706055,16.200000762939453,409000,0.0,0.0
2024-11-05 00:00:00-05:00,16.18000030517578,16.510000228881836,16.079999923706055,16.43000030517578,476600,0.0,0.0
2024-11-06 00:00:00-05:00,17.25,17.56999969482422,17.06999969482422,17.479999542236328,932000,0.0,0.0
2024-11-07 00:00:00-05:00,18.479999542236328,19.940000534057617,18.219999313354492,19.559999465942383,1758600,0.0,0.0
2024-11-08 00:00:00-05:00,19.15999984741211,19.530000686645508,18.780000686645508,19.440000534057617,1134800,0.0,0.0
2024-11-11 00:00:00-05:00,19.6299991607666,20.149999618530273,19.3799991607666,20.030000686645508,1189500,0.0,0.0
2024-11-12 00:00:00-05:00,20.049999237060547,20.450000762939453,19.989999771118164,20.209999084472656,782800,0.0,0.0
2024-11-13 00:00:00-05:00,20.420000076293945,20.440000534057617,19.799999237060547,19.979999542236328,769300,0.0,0.0
2024-11-14 00:00:00-05:00,20.059999465942383,20.079999923706055,19.489999771118164,19.56999969482422,767000,0.0,0.0
2024-11-15 00:00:00-05:00,19.670000076293945,19.93000030517578,19.399999618530273,19.860000610351562,602800,0.0,0.0
2024-11-18 00:00:00-05:00,19.84000015258789,20.209999084472656,19.780000686645508,19.8700008392334,450400,0.0,0.0
2024-11-19 00:00:00-05:00,19.65999984741211,19.690000534057617,19.43000030517578,19.600000381469727,506500,0.0,0.0
2024-11-20 00:00:00-05:00,20.059999465942383,20.059999465942383,19.489999771118164,19.65999984741211,612800,0.0,0.0
2024-11-21 00:00:00-05:00,19.6299991607666,19.950000762939453,19.440000534057617,19.84000015258789,532100,0.0,0.0
2024-11-22 00:00:00-05:00,19.989999771118164,20.110000610351562,19.8799991607666,19.940000534057617,507900,0.0,0.0
2024-11-25 00:00:00-05:00,20.170000076293945,20.43000030517578,20.100000381469727,20.200000762939453,885300,0.0,0.0
2024-11-26 00:00:00-05:00,20.1299991607666,20.1299991607666,19.780000686645508,19.950000762939453,658400,0.0,0.0
2024-11-27 00:00:00-05:00,20.010000228881836,20.200000762939453,19.920000076293945,20.110000610351562,648300,0.0,0.0
2024-11-29 00:00:00-05:00,20.280000686645508,20.3700008392334,20.1200008392334,20.200000762939453,257500,0.0,0.0
2024-12-02 00:00:00-05:00,20.270000457763672,20.270000457763672,19.860000610351562,20.079999923706055,823500,0.0,0.0
2024-12-03 00:00:00-05:00,20.100000381469727,20.18000030517578,19.889999389648438,19.959999084472656,949700,0.0,0.0
2024-12-04 00:00:00-05:00,19.920000076293945,20.280000686645508,19.860000610351562,20.1299991607666,700300,0.0,0.0
2024-12-05 00:00:00-05:00,20.09000015258789,20.280000686645508,20.020000457763672,20.25,464800,0.0,0.0
2024-12-06 00:00:00-05:00,20.399999618530273,20.709999084472656,19.940000534057617,20.200000762939453,480000,0.0,0.0
2024-12-09 00:00:00-05:00,20.239999771118164,20.610000610351562,20.020000457763672,20.520000457763672,788400,0.0,0.0
2024-12-10 00:00:00-05:00,20.489999771118164,20.850000381469727,20.389999389648438,20.610000610351562,686500,0.0,0.0
2024-12-11 00:00:00-05:00,20.719999313354492,20.719999313354492,20.399999618530273,20.600000381469727,740200,0.0,0.0
2024-12-12 00:00:00-05:00,20.56999969482422,20.770000457763672,20.399999618530273,20.709999084472656,922800,0.0,0.0
2024-12-13 00:00:00-05:00,20.639999389648438,20.790000915527344,20.3700008392334,20.56999969482422,582300,0.0,0.0
2024-12-16 00:00:00-05:00,20.6299991607666,20.790000915527344,20.510000228881836,20.75,667700,0.0,0.0
2024-12-17 00:00:00-05:00,20.700000762939453,20.790000915527344,20.18000030517578,20.299999237060547,926000,0.0,0.0
2024-12-18 00:00:00-05:00,20.479999542236328,20.75,19.729999542236328,19.979999542236328,1045300,0.0,0.0
2024-12-19 00:00:00-05:00,20.389999389648438,20.399999618530273,19.850000381469727,20.290000915527344,678800,0.0,0.0
2024-12-20 00:00:00-05:00,20.059999465942383,20.479999542236328,20.059999465942383,20.290000915527344,4177300,0.0,0.0
2024-12-23 00:00:00-05:00,20.209999084472656,20.329999923706055,19.93000030517578,20.329999923706055,370500,0.0,0.0
2024-12-24 00:00:00-05:00,20.309999465942383,20.510000228881836,20.25,20.5,118800,0.0,0.0
2024-12-26 00:00:00-05:00,20.3799991607666,20.559999465942383,20.329999923706055,20.450000762939453,540200,0.0,0.0
2024-12-27 00:00:00-05:00,20.31999969482422,20.399999618530273,20.0,20.1200008392334,885100,0.0,0.0
2024-12-30 00:00:00-05:00,19.979999542236328,20.200000762939453,19.729999542236328,20.100000381469727,533400,0.0,0.0
2024-12-31 00:00:00-05:00,20.190000534057617,20.190000534057617,19.739999771118164,19.84000015258789,751400,0.0,0.0
2025-01-02 00:00:00-05:00,20.0,20.65999984741211,20.0,20.18000030517578,942500,0.0,0.0
2025-01-03 00:00:00-05:00,20.09000015258789,20.260000228881836,19.790000915527344,20.030000686645508,820600,0.0,0.0
2025-01-06 00:00:00-05:00,20.0,20.40999984741211,20.0,20.360000610351562,674200,0.0,0.0
2025-01-07 00:00:00-05:00,20.3799991607666,20.510000228881836,19.700000762939453,19.979999542236328,627100,0.0,0.0
2025-01-08 00:00:00-05:00,19.809999465942383,20.280000686645508,19.739999771118164,20.280000686645508,421500,0.0,0.0
2025-01-10 00:00:00-05:00,19.979999542236328,20.030000686645508,19.6299991607666,19.760000228881836,520400,0.0,0.0
2025-01-13 00:00:00-05:00,19.489999771118164,19.8700008392334,19.489999771118164,19.8700008392334,468700,0.0,0.0
2025-01-14 00:00:00-05:00,19.93000030517578,20.280000686645508,19.90999984741211,20.170000076293945,293400,0.0,0.0
2025-01-15 00:00:00-05:00,20.549999237060547,20.600000381469727,20.190000534057617,20.420000076293945,535000,0.0,0.0
2025-01-16 00:00:00-05:00,20.329999923706055,20.56999969482422,20.059999465942383,20.190000534057617,562300,0.0,0.0
2025-01-17 00:00:00-05:00,20.520000457763672,20.520000457763672,20.010000228881836,20.100000381469727,315300,0.0,0.0
2025-01-21 00:00:00-05:00,20.280000686645508,20.65999984741211,20.049999237060547,20.559999465942383,424500,0.0,0.0
2025-01-22 00:00:00-05:00,20.450000762939453,20.549999237060547,20.209999084472656,20.34000015258789,453300,0.0,0.0
2025-01-23 00:00:00-05:00,20.229999542236328,20.760000228881836,20.229999542236328,20.639999389648438,454700,0.0,0.0
2025-01-24 00:00:00-05:00,20.6200008392334,20.780000686645508,20.549999237060547,20.649999618530273,306600,0.0,0.0
2025-01-27 00:00:00-05:00,20.639999389648438,20.959999084472656,20.510000228881836,20.850000381469727,881300,0.0,0.0
2025-01-28 00:00:00-05:00,20.899999618530273,21.049999237060547,20.709999084472656,20.770000457763672,385600,0.0,0.0
2025-01-29 00:00:00-05:00,20.709999084472656,20.799999237060547,20.389999389648438,20.6200008392334,544700,0.0,0.0
2025-01-30 00:00:00-05:00,20.81999969482422,20.969999313354492,20.6200008392334,20.75,686700,0.0,0.0
2025-01-31 00:00:00-05:00,20.6299991607666,20.739999771118164,20.15999984741211,20.309999465942383,597000,0.0,0.0
2025-02-03 00:00:00-05:00,20.020000457763672,20.25,19.600000381469727,20.030000686645508,603000,0.0,0.0
2025-02-04 00:00:00-05:00,20.030000686645508,20.5,19.940000534057617,20.43000030517578,546900,0.0,0.0
2025-02-05 00:00:00-05:00,20.549999237060547,20.709999084472656,20.350000381469727,20.549999237060547,465700,0.0,0.0
2025-02-06 00:00:00-05:00,20.579999923706055,20.920000076293945,20.540000915527344,20.84000015258789,362200,0.0,0.0
2025-02-07 00:00:00-05:00,20.81999969482422,20.850000381469727,20.479999542236328,20.670000076293945,456500,0.0,0.0
2025-02-10 00:00:00-05:00,20.719999313354492,21.510000228881836,20.65999984741211,21.09000015258789,1351700,0.0,0.0
2025-02-11 00:00:00-05:00,20.850000381469727,21.149999618530273,20.81999969482422,21.1299991607666,401500,0.0,0.0
2025-02-12 00:00:00-05:00,20.860000610351562,20.889999389648438,20.40999984741211,20.440000534057617,656300,0.0,0.0
2025-02-13 00:00:00-05:00,20.579999923706055,20.739999771118164,20.31999969482422,20.559999465942383,614400,0.0,0.0
2025-02-14 00:00:00-05:00,20.579999923706055,20.700000762939453,20.450000762939453,20.600000381469727,445700,0.0,0.0
2025-02-18 00:00:00-05:00,20.56999969482422,20.600000381469727,18.950000762939453,20.1200008392334,1270700,0.0,0.0
2025-02-19 00:00:00-05:00,19.899999618530273,20.170000076293945,19.809999465942383,20.06999969482422,890800,0.0,0.0
2025-02-20 00:00:00-05:00,21.100000381469727,21.93000030517578,20.170000076293945,20.90999984741211,1332500,0.0,0.0
2025-02-21 00:00:00-05:00,21.170000076293945,21.68000030517578,20.90999984741211,20.920000076293945,954200,0.0,0.0
2025-02-24 00:00:00-05:00,20.950000762939453,21.34000015258789,20.770000457763672,20.940000534057617,922600,0.0,0.0
2025-02-25 00:00:00-05:00,21.100000381469727,21.75,21.0,21.420000076293945,886800,0.0,0.0
2025-02-26 00:00:00-05:00,21.360000610351562,21.719999313354492,21.260000228881836,21.40999984741211,832200,0.0,0.0
2025-02-27 00:00:00-05:00,21.34000015258789,21.65999984741211,21.200000762939453,21.31999969482422,656400,0.0,0.0
2025-02-28 00:00:00-05:00,22.0,22.469999313354492,21.670000076293945,22.299999237060547,1218000,0.0,0.0
2025-03-03 00:00:00-05:00,22.350000381469727,22.459999084472656,21.729999542236328,22.110000610351562,1661000,0.0,0.0
2025-03-04 00:00:00-05:00,21.799999237060547,22.139999389648438,21.600000381469727,21.68000030517578,714500,0.0,0.0
2025-03-05 00:00:00-05:00,21.670000076293945,22.110000610351562,21.3700008392334,21.5,852400,0.0,0.0
2025-03-06 00:00:00-05:00,21.450000762939453,21.450000762939453,20.709999084472656,20.799999237060547,695300,0.0,0.0
2025-03-07 00:00:00-05:00,20.719999313354492,21.34000015258789,19.950000762939453,21.31999969482422,1427600,0.0,0.0
2025-03-10 00:00:00-04:00,20.989999771118164,21.510000228881836,20.950000762939453,21.40999984741211,1543700,0.0,0.0
2025-03-11 00:00:00-04:00,21.5,21.68000030517578,20.450000762939453,20.75,911000,0.0,0.0
2025-03-12 00:00:00-04:00,20.829999923706055,21.0,20.59000015258789,20.790000915527344,554000,0.0,0.0
2025-03-13 00:00:00-04:00,20.809999465942383,20.969999313354492,20.15999984741211,20.15999984741211,786400,0.0,0.0
2025-03-14 00:00:00-04:00,20.56999969482422,20.809999465942383,20.329999923706055,20.690000534057617,351600,0.0,0.0
2025-03-17 00:00:00-04:00,20.5,21.1299991607666,20.5,21.06999969482422,415100,0.0,0.0
2025-03-18 00:00:00-04:00,20.860000610351562,20.899999618530273,20.31999969482422,20.3700008392334,467200,0.0,0.0
2025-03-19 00:00:00-04:00,20.469999313354492,21.190000534057617,20.350000381469727,21.030000686645508,627800,0.0,0.0
2025-03-20 00:00:00-04:00,20.809999465942383,21.100000381469727,20.43000030517578,20.639999389648438,569500,0.0,0.0
2025-03-21 00:00:00-04:00,20.350000381469727,20.899999618530273,20.290000915527344,20.59000015258789,1881400,0.0,0.0
2025-03-24 00:00:00-04:00,20.790000915527344,21.329999923706055,20.790000915527344,21.06999969482422,560200,0.0,0.0
2025-03-25 00:00:00-04:00,21.020000457763672,21.270000457763672,20.979999542236328,21.1200008392334,451300,0.0,0.0
2025-03-26 00:00:00-04:00,21.239999771118164,21.420000076293945,20.809999465942383,20.989999771118164,713400,0.0,0.0
2025-03-27 00:00:00-04:00,19.610000610351562,20.100000381469727,19.079999923706055,19.34000015258789,2295300,0.0,0.0
2025-03-28 00:00:00-04:00,19.459999084472656,19.469999313354492,19.0,19.280000686645508,930100,0.0,0.0
2025-03-31 00:00:00-04:00,19.09000015258789,19.510000228881836,18.8700008392334,19.280000686645508,1038500,0.0,0.0
2025-04-01 00:00:00-04:00,19.290000915527344,20.239999771118164,19.06999969482422,20.1299991607666,1358400,0.0,0.0
2025-04-02 00:00:00-04:00,19.84000015258789,20.510000228881836,19.84000015258789,20.200000762939453,723500,0.0,0.0
2025-04-03 00:00:00-04:00,19.43000030517578,19.790000915527344,18.68000030517578,18.84000015258789,1115800,0.0,0.0
2025-04-04 00:00:00-04:00,18.149999618530273,18.450000762939453,17.440000534057617,18.0,2653300,0.0,0.0
2025-04-07 00:00:00-04:00,17.399999618530273,18.65999984741211,17.079999923706055,18.049999237060547,1504200,0.0,0.0
2025-04-08 00:00:00-04:00,18.530000686645508,18.59000015258789,17.280000686645508,17.56999969482422,898400,0.0,0.0
2025-04-09 00:00:00-04:00,17.399999618530273,19.280000686645508,17.3799991607666,18.93000030517578,1013400,0.0,0.0
2025-04-10 00:00:00-04:00,18.43000030517578,18.43000030517578,17.81999969482422,18.31999969482422,1052900,0.0,0.0
2025-04-11 00:00:00-04:00,18.299999237060547,18.649999618530273,17.979999542236328,18.649999618530273,581100,0.0,0.0
2025-04-14 00:00:00-04:00,18.829999923706055,18.850000381469727,18.309999465942383,18.6299991607666,686300,0.0,0.0
2025-04-15 00:00:00-04:00,18.5,18.799999237060547,18.5,18.780000686645508,608400,0.0,0.0
2025-04-16 00:00:00-04:00,18.510000228881836,18.68000030517578,18.360000610351562,18.59000015258789,545400,0.0,0.0
2025-04-17 00:00:00-04:00,18.56999969482422,18.989999771118164,18.56999969482422,18.719999313354492,670200,0.0,0.0
2025-04-21 00:00:00-04:00,18.540000915527344,18.6299991607666,18.190000534057617,18.260000228881836,557900,0.0,0.0
2025-04-22 00:00:00-04:00,18.43000030517578,18.760000228881836,18.1299991607666,18.59000015258789,576800,0.0,0.0
2025-04-23 00:00:00-04:00,19.079999923706055,19.219999313354492,18.5,18.559999465942383,578900,0.0,0.0
2025-04-24 00:00:00-04:00,18.610000610351562,18.790000915527344,18.309999465942383,18.459999084472656,664300,0.0,0.0
2025-04-25 00:00:00-04:00,18.350000381469727,18.639999389648438,18.219999313354492,18.479999542236328,601200,0.0,0.0
2025-04-28 00:00:00-04:00,18.43000030517578,18.639999389648438,18.020000457763672,18.239999771118164,599300,0.0,0.0
2025-04-29 00:00:00-04:00,18.18000030517578,18.59000015258789,18.18000030517578,18.43000030517578,504400,0.0,0.0
2025-04-30 00:00:00-04:00,18.260000228881836,18.579999923706055,17.829999923706055,18.510000228881836,848200,0.0,0.0
2025-05-01 00:00:00-04:00,18.649999618530273,18.860000610351562,18.309999465942383,18.6200008392334,436200,0.0,0.0
2025-05-02 00:00:00-04:00,18.809999465942383,19.030000686645508,18.75,18.989999771118164,536400,0.0,0.0
2025-05-05 00:00:00-04:00,18.780000686645508,19.200000762939453,18.780000686645508,19.149999618530273,599100,0.0,0.0
2025-05-06 00:00:00-04:00,19.020000457763672,19.5,18.989999771118164,19.34000015258789,575900,0.0,0.0
2025-05-07 00:00:00-04:00,19.5,19.75,19.020000457763672,19.170000076293945,1779400,0.0,0.0
2025-05-08 00:00:00-04:00,20.790000915527344,22.420000076293945,20.540000915527344,21.770000457763672,2474800,0.0,0.0
2025-05-09 00:00:00-04:00,21.729999542236328,21.969999313354492,21.6200008392334,21.959999084472656,1558100,0.0,0.0
2025-05-12 00:00:00-04:00,22.6200008392334,22.860000610351562,21.889999389648438,22.190000534057617,1208900,0.0,0.0
2025-05-13 00:00:00-04:00,22.479999542236328,22.5,22.219999313354492,22.329999923706055,791800,0.0,0.0
2025-05-14 00:00:00-04:00,22.309999465942383,22.489999771118164,22.219999313354492,22.34000015258789,608100,0.0,0.0
2025-05-15 00:00:00-04:00,22.350000381469727,22.540000915527344,22.18000030517578,22.290000915527344,422700,0.0,0.0
2025-05-16 00:00:00-04:00,22.3700008392334,22.450000762939453,22.239999771118164,22.290000915527344,428100,0.0,0.0
2025-05-19 00:00:00-04:00,22.149999618530273,22.510000228881836,22.100000381469727,22.459999084472656,520400,0.0,0.0
2025-05-20 00:00:00-04:00,22.479999542236328,22.510000228881836,22.309999465942383,22.469999313354492,651900,0.0,0.0
2025-05-21 00:00:00-04:00,22.219999313354492,22.5,22.010000228881836,22.1200008392334,601100,0.0,0.0
2025-05-22 00:00:00-04:00,22.15999984741211,22.56999969482422,22.030000686645508,22.40999984741211,796100,0.0,0.0
2025-05-23 00:00:00-04:00,21.950000762939453,22.229999542236328,21.84000015258789,22.100000381469727,602500,0.0,0.0
2025-05-27 00:00:00-04:00,22.3700008392334,22.81999969482422,22.209999084472656,22.75,711700,0.0,0.0
2025-05-28 00:00:00-04:00,22.75,22.940000534057617,22.68000030517578,22.799999237060547,865500,0.0,0.0
2025-05-29 00:00:00-04:00,22.899999618530273,22.950000762939453,22.59000015258789,22.8700008392334,729000,0.0,0.0
2025-05-30 00:00:00-04:00,22.690000534057617,23.0,22.510000228881836,22.93000030517578,892000,0.0,0.0
2025-06-02 00:00:00-04:00,22.790000915527344,22.959999084472656,22.549999237060547,22.799999237060547,697100,0.0,0.0
2025-06-03 00:00:00-04:00,22.799999237060547,23.610000610351562,22.690000534057617,23.600000381469727,873900,0.0,0.0
2025-06-04 00:00:00-04:00,23.56999969482422,23.799999237060547,23.260000228881836,23.729999542236328,967200,0.0,0.0
2025-06-05 00:00:00-04:00,23.690000534057617,23.81999969482422,23.469999313354492,23.690000534057617,779000,0.0,0.0
2025-06-06 00:00:00-04:00,23.979999542236328,24.09000015258789,23.530000686645508,23.6299991607666,660600,0.0,0.0
2025-06-09 00:00:00-04:00,23.690000534057617,23.8700008392334,23.3799991607666,23.799999237060547,612100,0.0,0.0
2025-06-10 00:00:00-04:00,23.760000228881836,23.93000030517578,23.579999923706055,23.770000457763672,767100,0.0,0.0
2025-06-11 00:00:00-04:00,23.790000915527344,24.420000076293945,23.760000228881836,24.100000381469727,843000,0.0,0.0
2025-06-12 00:00:00-04:00,23.93000030517578,23.940000534057617,23.420000076293945,23.440000534057617,673200,0.0,0.0
2025-06-13 00:00:00-04:00,23.15999984741211,23.3700008392334,22.84000015258789,22.899999618530273,573900,0.0,0.0
2025-06-16 00:00:00-04:00,23.100000381469727,23.110000610351562,22.700000762939453,22.850000381469727,532200,0.0,0.0
2025-06-17 00:00:00-04:00,22.610000610351562,22.75,22.219999313354492,22.299999237060547,465000,0.0,0.0
2025-06-18 00:00:00-04:00,22.31999969482422,22.510000228881836,22.100000381469727,22.110000610351562,572900,0.0,0.0
2025-06-20 00:00:00-04:00,22.25,22.399999618530273,22.09000015258789,22.280000686645508,871600,0.0,0.0
2025-06-23 00:00:00-04:00,22.270000457763672,22.6200008392334,22.100000381469727,22.610000610351562,415700,0.0,0.0
2025-06-24 00:00:00-04:00,22.690000534057617,23.100000381469727,22.559999465942383,22.889999389648438,471400,0.0,0.0
2025-06-25 00:00:00-04:00,22.860000610351562,23.059999465942383,22.610000610351562,22.829999923706055,621400,0.0,0.0
2025-06-26 00:00:00-04:00,22.850000381469727,23.43000030517578,22.6299991607666,23.389999389648438,898200,0.0,0.0
2025-06-27 00:00:00-04:00,23.520000457763672,23.93000030517578,23.3700008392334,23.90999984741211,1839600,0.0,0.0
2025-06-30 00:00:00-04:00,24.010000228881836,24.520000457763672,23.93000030517578,24.450000762939453,1118300,0.0,0.0
2025-07-01 00:00:00-04:00,24.3700008392334,25.020000457763672,24.360000610351562,24.739999771118164,1336000,0.0,0.0
2025-07-02 00:00:00-04:00,24.639999389648438,25.610000610351562,24.540000915527344,25.530000686645508,1943600,0.0,0.0
2025-07-03 00:00:00-04:00,25.40999984741211,25.799999237060547,25.229999542236328,25.799999237060547,695500,0.0,0.0
2025-07-07 00:00:00-04:00,25.719999313354492,25.860000610351562,25.350000381469727,25.40999984741211,1014000,0.0,0.0
2025-07-08 00:00:00-04:00,25.350000381469727,25.5,24.899999618530273,25.0,1413200,0.0,0.0
2025-07-09 00:00:00-04:00,25.229999542236328,25.31999969482422,24.979999542236328,25.239999771118164,787500,0.0,0.0
2025-07-10 00:00:00-04:00,25.149999618530273,26.040000915527344,25.040000915527344,25.469999313354492,2346000,0.0,0.0
2025-07-11 00:00:00-04:00,25.200000762939453,25.350000381469727,24.93000030517578,24.950000762939453,917300,0.0,0.0
2025-07-14 00:00:00-04:00,24.969999313354492,25.219999313354492,24.8799991607666,25.170000076293945,1053400,0.0,0.0
2025-07-15 00:00:00-04:00,25.190000534057617,25.270000457763672,24.899999618530273,24.90999984741211,736000,0.0,0.0
2025-07-16 00:00:00-04:00,25.0,25.219999313354492,24.639999389648438,24.920000076293945,899300,0.0,0.0
2025-07-17 00:00:00-04:00,24.93000030517578,25.43000030517578,24.93000030517578,25.360000610351562,1166500,0.0,0.0
2025-07-18 00:00:00-04:00,25.389999389648438,25.6299991607666,25.059999465942383,25.260000228881836,872300,0.0,0.0
2025-07-21 00:00:00-04:00,25.270000457763672,25.459999084472656,25.079999923706055,25.079999923706055,697200,0.0,0.0
2025-07-22 00:00:00-04:00,25.09000015258789,25.34000015258789,24.920000076293945,25.020000457763672,712500,0.0,0.0
2025-07-23 00:00:00-04:00,25.09000015258789,25.43000030517578,24.920000076293945,25.3799991607666,799500,0.0,0.0
2025-07-24 00:00:00-04:00,25.209999084472656,25.299999237060547,24.75,24.780000686645508,703600,0.0,0.0
2025-07-25 00:00:00-04:00,24.90999984741211,25.040000915527344,24.709999084472656,24.84000015258789,655100,0.0,0.0
2025-07-28 00:00:00-04:00,24.889999389648438,25.0,24.719999313354492,24.760000228881836,657800,0.0,0.0
2025-07-29 00:00:00-04:00,24.93000030517578,24.969999313354492,24.600000381469727,24.75,781000,0.0,0.0
2025-07-30 00:00:00-04:00,24.729999542236328,24.989999771118164,24.489999771118164,24.649999618530273,523200,0.0,0.0
2025-07-31 00:00:00-04:00,24.489999771118164,24.829999923706055,24.479999542236328,24.639999389648438,1008500,0.0,0.0
2025-08-01 00:00:00-04:00,24.34000015258789,24.75,24.100000381469727,24.329999923706055,712200,0.0,0.0
2025-08-04 00:00:00-04:00,24.459999084472656,24.6200008392334,24.149999618530273,24.170000076293945,804700,0.0,0.0
2025-08-05 00:00:00-04:00,24.31999969482422,25.06999969482422,24.229999542236328,25.040000915527344,1658500,0.0,0.0
2025-08-06 00:00:00-04:00,26.719999313354492,29.110000610351562,25.760000228881836,28.899999618530273,2874200,0.0,0.0
2025-08-07 00:00:00-04:00,29.0,29.1299991607666,27.760000228881836,28.0,1727300,0.0,0.0
2025-08-08 00:00:00-04:00,28.170000076293945,28.18000030517578,27.8700008392334,27.979999542236328,1037000,0.0,0.0
2025-08-11 00:00:00-04:00,27.989999771118164,28.299999237060547,27.84000015258789,28.299999237060547,833300,0.0,0.0
2025-08-12 00:00:00-04:00,28.65999984741211,28.729999542236328,27.90999984741211,28.639999389648438,689400,0.0,0.0
2025-08-13 00:00:00-04:00,28.899999618530273,29.049999237060547,28.690000534057617,28.8700008392334,1056500,0.0,0.0
2025-08-14 00:00:00-04:00,28.719999313354492,28.790000915527344,28.34000015258789,28.34000015258789,675400,0.0,0.0
2025-08-15 00:00:00-04:00,28.440000534057617,28.559999465942383,28.09000015258789,28.3799991607666,1000400,0.0,0.0
2025-08-18 00:00:00-04:00,28.34000015258789,28.56999969482422,28.25,28.329999923706055,588600,0.0,0.0
2025-08-19 00:00:00-04:00,28.399999618530273,28.479999542236328,27.989999771118164,28.09000015258789,473100,0.0,0.0
2025-08-20 00:00:00-04:00,27.860000610351562,28.15999984741211,27.809999465942383,27.959999084472656,600800,0.0,0.0
2025-08-21 00:00:00-04:00,27.719999313354492,28.43000030517578,27.719999313354492,28.18000030517578,690500,0.0,0.0
2025-08-22 00:00:00-04:00,28.3799991607666,29.190000534057617,28.329999923706055,29.170000076293945,760600,0.0,0.0
2025-08-25 00:00:00-04:00,29.079999923706055,29.3700008392334,29.010000228881836,29.030000686645508,608500,0.0,0.0
2025-08-26 00:00:00-04:00,29.0,29.350000381469727,28.93000030517578,29.1200008392334,378100,0.0,0.0
2025-08-27 00:00:00-04:00,29.020000457763672,29.219999313354492,28.850000381469727,29.100000381469727,534300,0.0,0.0
2025-08-28 00:00:00-04:00,29.200000762939453,29.200000762939453,28.75,28.90999984741211,746500,0.0,0.0
2025-08-29 00:00:00-04:00,28.959999084472656,29.020000457763672,28.68000030517578,28.920000076293945,864800,0.0,0.0
2025-09-02 00:00:00-04:00,28.520000457763672,29.030000686645508,28.450000762939453,28.84000015258789,709700,0.0,0.0
2025-09-03 00:00:00-04:00,28.709999084472656,29.110000610351562,28.149999618530273,28.670000076293945,952500,0.0,0.0
2025-09-04 00:00:00-04:00,28.850000381469727,29.229999542236328,28.510000228881836,29.149999618530273,592000,0.0,0.0
2025-09-05 00:00:00-04:00,29.149999618530273,29.299999237060547,28.700000762939453,29.06999969482422,520300,0.0,0.0
2025-09-08 00:00:00-04:00,29.06999969482422,29.31999969482422,28.920000076293945,29.209999084472656,933800,0.0,0.0
2025-09-09 00:00:00-04:00,29.25,29.639999389648438,29.010000228881836,29.549999237060547,874800,0.0,0.0
2025-09-10 00:00:00-04:00,29.610000610351562,30.93000030517578,28.829999923706055,29.309999465942383,1692900,0.0,0.0
2025-09-11 00:00:00-04:00,29.469999313354492,30.389999389648438,29.290000915527344,29.6200008392334,891000,0.0,0.0
2025-09-12 00:00:00-04:00,29.450000762939453,29.559999465942383,28.790000915527344,28.8799991607666,664900,0.0,0.0
2025-09-15 00:00:00-04:00,29.0,29.389999389648438,28.489999771118164,28.600000381469727,705300,0.0,0.0
2025-09-16 00:00:00-04:00,28.459999084472656,28.81999969482422,28.229999542236328,28.43000030517578,814100,0.0,0.0
2025-09-17 00:00:00-04:00,28.610000610351562,29.1200008392334,28.469999313354492,28.530000686645508,564900,0.0,0.0
2025-09-18 00:00:00-04:00,28.579999923706055,29.420000076293945,28.56999969482422,29.149999618530273,715300,0.0,0.0
2025-09-19 00:00:00-04:00,29.229999542236328,29.260000228881836,28.850000381469727,29.09000015258789,2490600,0.0,0.0
2025-09-22 00:00:00-04:00,29.06999969482422,29.200000762939453,28.770000457763672,28.889999389648438,844000,0.0,0.0
2025-09-23 00:00:00-04:00,28.850000381469727,28.989999771118164,28.239999771118164,28.260000228881836,684400,0.0,0.0
2025-09-24 00:00:00-04:00,28.200000762939453,28.43000030517578,27.989999771118164,28.290000915527344,639100,0.0,0.0
2025-09-25 00:00:00-04:00,28.010000228881836,28.280000686645508,27.850000381469727,28.06999969482422,744600,0.0,0.0
2025-09-26 00:00:00-04:00,28.040000915527344,28.15999984741211,27.719999313354492,28.09000015258789,1313500,0.0,0.0
2025-09-29 00:00:00-04:00,28.299999237060547,28.299999237060547,27.81999969482422,28.170000076293945,1120600,0.0,0.0
2025-09-30 00:00:00-04:00,28.020000457763672,28.860000610351562,27.979999542236328,28.780000686645508,1389500,0.0,0.0
2025-10-01 00:00:00-04:00,28.649999618530273,28.770000457763672,28.170000076293945,28.600000381469727,905300,0.0,0.0
2025-10-02 00:00:00-04:00,28.540000915527344,28.670000076293945,28.200000762939453,28.6299991607666,731900,0.0,0.0
2025-10-03 00:00:00-04:00,28.6299991607666,29.030000686645508,28.290000915527344,28.350000381469727,1088800,0.0,0.0
2025-10-06 00:00:00-04:00,28.350000381469727,28.3700008392334,26.950000762939453,27.700000762939453,1210900,0.0,0.0
2025-10-07 00:00:00-04:00,27.649999618530273,27.75,27.299999237060547,27.31999969482422,982300,0.0,0.0
2025-10-08 00:00:00-04:00,27.489999771118164,27.639999389648438,27.229999542236328,27.440000534057617,612000,0.0,0.0
2025-10-09 00:00:00-04:00,27.350000381469727,27.350000381469727,26.670000076293945,26.790000915527344,597200,0.0,0.0
2025-10-10 00:00:00-04:00,26.799999237060547,27.020000457763672,26.219999313354492,26.290000915527344,580400,0.0,0.0
2025-10-13 00:00:00-04:00,26.489999771118164,26.56999969482422,26.049999237060547,26.110000610351562,475800,0.0,0.0
2025-10-14 00:00:00-04:00,26.0,26.649999618530273,25.639999389648438,26.34000015258789,708800,0.0,0.0
2025-10-15 00:00:00-04:00,26.440000534057617,26.770000457763672,26.15999984741211,26.530000686645508,707000,0.0,0.0
2025-10-16 00:00:00-04:00,26.459999084472656,26.579999923706055,25.940000534057617,26.34000015258789,611300,0.0,0.0
2025-10-17 00:00:00-04:00,26.290000915527344,26.56999969482422,26.110000610351562,26.149999618530273,519100,0.0,0.0
2025-10-20 00:00:00-04:00,26.299999237060547,26.540000915527344,26.079999923706055,26.469999313354492,407500,0.0,0.0
2025-10-21 00:00:00-04:00,26.450000762939453,27.030000686645508,26.3799991607666,26.950000762939453,537800,0.0,0.0
2025-10-22 00:00:00-04:00,26.989999771118164,27.18000030517578,26.56999969482422,26.780000686645508,543000,0.0,0.0
2025-10-23 00:00:00-04:00,26.889999389648438,26.989999771118164,26.649999618530273,26.809999465942383,756900,0.0,0.0
2025-10-24 00:00:00-04:00,27.110000610351562,27.260000228881836,26.799999237060547,26.850000381469727,519300,0.0,0.0
2025-10-27 00:00:00-04:00,26.940000534057617,27.030000686645508,26.739999771118164,26.739999771118164,619300,0.0,0.0
2025-10-28 00:00:00-04:00,26.649999618530273,27.059999465942383,26.3799991607666,26.989999771118164,645000,0.0,0.0
2025-10-29 00:00:00-04:00,26.780000686645508,26.920000076293945,26.020000457763672,26.280000686645508,544600,0.0,0.0
2025-10-30 00:00:00-04:00,26.239999771118164,26.559999465942383,26.079999923706055,26.290000915527344,745700,0.0,0.0
2025-10-31 00:00:00-04:00,26.329999923706055,26.479999542236328,26.0,26.420000076293945,762300,0.0,0.0
2025-11-03 00:00:00-05:00,26.459999084472656,26.6200008392334,25.68000030517578,26.59000015258789,817900,0.0,0.0
2025-11-04 00:00:00-05:00,26.520000457763672,27.100000381469727,26.239999771118164,26.559999465942383,1873400,0.0,0.0
2025-11-05 00:00:00-05:00,27.229999542236328,28.459999084472656,25.739999771118164,26.059999465942383,2912500,0.0,0.0
2025-11-06 00:00:00-05:00,25.719999313354492,25.920000076293945,24.469999313354492,24.940000534057617,1617800,0.0,0.0
2025-11-07 00:00:00-05:00,25.170000076293945,25.329999923706055,24.889999389648438,25.100000381469727,1317100,0.0,0.0
2025-11-10 00:00:00-05:00,24.93000030517578,25.420000076293945,24.700000762939453,24.90999984741211,983300,0.0,0.0
2025-11-11 00:00:00-05:00,24.920000076293945,25.170000076293945,24.75,25.049999237060547,622600,0.0,0.0
2025-11-12 00:00:00-05:00,25.34000015258789,25.709999084472656,25.219999313354492,25.479999542236328,813700,0.0,0.0
2025-11-13 00:00:00-05:00,25.5,25.790000915527344,25.209999084472656,25.440000534057617,1063700,0.0,0.0
2025-11-14 00:00:00-05:00,25.34000015258789,25.709999084472656,25.219999313354492,25.68000030517578,730700,0.0,0.0
2025-11-17 00:00:00-05:00,25.68000030517578,25.68000030517578,25.020000457763672,25.15999984741211,795400,0.0,0.0
2025-11-18 00:00:00-05:00,25.420000076293945,25.450000762939453,25.079999923706055,25.360000610351562,575200,0.0,0.0
2025-11-19 00:00:00-05:00,25.34000015258789,25.530000686645508,25.040000915527344,25.110000610351562,962000,0.0,0.0
2025-11-20 00:00:00-05:00,25.260000228881836,25.59000015258789,24.479999542236328,24.489999771118164,938400,0.0,0.0
2025-11-21 00:00:00-05:00,24.65999984741211,25.190000534057617,24.40999984741211,24.93000030517578,1381000,0.0,0.0
2025-11-24 00:00:00-05:00,24.700000762939453,24.889999389648438,24.31999969482422,24.6299991607666,1100400,0.0,0.0
2025-11-25 00:00:00-05:00,24.799999237060547,25.440000534057617,24.649999618530273,25.100000381469727,1287000,0.0,0.0
2025-11-26 00:00:00-05:00,25.06999969482422,25.25,24.959999084472656,25.200000762939453,1494800,0.0,0.0
2025-11-28 00:00:00-05:00,25.309999465942383,25.440000534057617,25.1200008392334,25.440000534057617,403300,0.0,0.0
2025-12-01 00:00:00-05:00,25.139999389648438,25.729999542236328,25.0,25.690000534057617,638900,0.0,0.0
2025-12-02 00:00:00-05:00,25.860000610351562,26.260000228881836,25.5,25.829999923706055,844900,0.0,0.0
2025-12-03 00:00:00-05:00,25.920000076293945,26.15999984741211,25.610000610351562,26.100000381469727,925300,0.0,0.0
2025-12-04 00:00:00-05:00,26.020000457763672,26.110000610351562,25.690000534057617,25.760000228881836,549500,0.0,0.0
2025-12-05 00:00:00-05:00,25.719999313354492,26.299999237060547,25.600000381469727,26.139999389648438,641900,0.0,0.0
2025-12-08 00:00:00-05:00,26.200000762939453,26.649999618530273,25.950000762939453,26.43000030517578,904100,0.0,0.0
2025-12-09 00:00:00-05:00,26.290000915527344,27.139999389648438,26.290000915527344,27.059999465942383,669600,0.0,0.0
2025-12-10 00:00:00-05:00,27.059999465942383,27.979999542236328,27.0,27.760000228881836,762000,0.0,0.0
2025-12-11 00:00:00-05:00,27.860000610351562,28.65999984741211,27.860000610351562,28.65999984741211,930100,0.0,0.0
2025-12-12 00:00:00-05:00,28.739999771118164,28.75,28.31999969482422,28.649999618530273,1176200,0.0,0.0
2025-12-15 00:00:00-05:00,28.780000686645508,29.90999984741211,28.729999542236328,28.84000015258789,1343200,0.0,0.0
2025-12-16 00:00:00-05:00,29.309999465942383,30.139999389648438,28.75,29.979999542236328,1391400,0.0,0.0
2025-12-17 00:00:00-05:00,29.81999969482422,30.09000015258789,29.360000610351562,29.489999771118164,1096900,0.0,0.0
2025-12-18 00:00:00-05:00,29.760000228881836,29.950000762939453,29.559999465942383,29.690000534057617,952400,0.0,0.0
2025-12-19 00:00:00-05:00,29.860000610351562,30.670000076293945,29.59000015258789,30.549999237060547,1803100,0.0,0.0
2025-12-22 00:00:00-05:00,30.06999969482422,30.770000457763672,30.06999969482422,30.549999237060547,1212400,0.0,0.0
2025-12-23 00:00:00-05:00,30.489999771118164,30.979999542236328,30.450000762939453,30.770000457763672,733300,0.0,0.0
2025-12-24 00:00:00-05:00,30.690000534057617,30.93000030517578,30.549999237060547,30.8799991607666,311200,0.0,0.0
2025-12-26 00:00:00-05:00,30.81999969482422,31.06999969482422,30.530000686645508,31.020000457763672,362200,0.0,0.0
2025-12-29 00:00:00-05:00,30.889999389648438,31.15999984741211,30.690000534057617,30.760000228881836,732600,0.0,0.0
2025-12-30 00:00:00-05:00,30.649999618530273,30.920000076293945,30.049999237060547,30.1200008392334,793500,0.0,0.0
2025-12-31 00:00:00-05:00,30.020000457763672,30.18000030517578,29.739999771118164,29.780000686645508,462600,0.0,0.0
2026-01-02 00:00:00-05:00,29.68000030517578,30.75,28.850000381469727,29.209999084472656,1067900,0.0,0.0
2026-01-05 00:00:00-05:00,29.059999465942383,30.1200008392334,28.93000030517578,29.700000762939453,753700,0.0,0.0
2026-01-06 00:00:00-05:00,30.700000762939453,31.780000686645508,30.100000381469727,31.56999969482422,1107700,0.0,0.0
2026-01-07 00:00:00-05:00,31.209999084472656,31.489999771118164,30.459999084472656,30.780000686645508,1017600,0.0,0.0
2026-01-08 00:00:00-05:00,31.06999969482422,31.209999084472656,30.6299991607666,30.860000610351562,1087400,0.0,0.0
2026-01-09 00:00:00-05:00,30.93000030517578,31.190000534057617,30.510000228881836,30.979999542236328,761100,0.0,0.0
2026-01-12 00:00:00-05:00,30.65999984741211,31.260000228881836,30.1200008392334,30.889999389648438,516700,0.0,0.0
2026-01-13 00:00:00-05:00,30.899999618530273,30.959999084472656,30.579999923706055,30.75,417300,0.0,0.0
2026-01-14 00:00:00-05:00,30.670000076293945,30.809999465942383,30.25,30.459999084472656,533000,0.0,0.0
2026-01-15 00:00:00-05:00,30.790000915527344,31.31999969482422,30.600000381469727,31.299999237060547,530400,0.0,0.0
2026-01-16 00:00:00-05:00,31.299999237060547,31.299999237060547,30.040000915527344,30.110000610351562,838100,0.0,0.0
2026-01-20 00:00:00-05:00,29.940000534057617,30.25,29.700000762939453,29.920000076293945,649400,0.0,0.0
2026-01-21 00:00:00-05:00,30.15999984741211,31.06999969482422,30.010000228881836,30.790000915527344,1062300,0.0,0.0
2026-01-22 00:00:00-05:00,30.809999465942383,31.1299991607666,30.290000915527344,30.360000610351562,926300,0.0,0.0
2026-01-23 00:00:00-05:00,30.3700008392334,30.68000030517578,29.6299991607666,29.700000762939453,564800,0.0,0.0
2026-01-26 00:00:00-05:00,29.809999465942383,30.040000915527344,29.479999542236328,29.90999984741211,615900,0.0,0.0
2026-01-27 00:00:00-05:00,29.84000015258789,30.299999237060547,29.75,30.1200008392334,479900,0.0,0.0
2026-01-28 00:00:00-05:00,30.049999237060547,30.389999389648438,29.84000015258789,30.139999389648438,896000,0.0,0.0
2026-01-29 00:00:00-05:00,30.25,30.6200008392334,29.8700008392334,30.170000076293945,841200,0.0,0.0
2026-01-30 00:00:00-05:00,29.860000610351562,30.280000686645508,29.700000762939453,30.040000915527344,918400,0.0,0.0
2026-02-02 00:00:00-05:00,30.09000015258789,30.479999542236328,29.68000030517578,29.719999313354492,707900,0.0,0.0
2026-02-03 00:00:00-05:00,29.59000015258789,30.010000228881836,29.079999923706055,29.399999618530273,802000,0.0,0.0
2026-02-04 00:00:00-05:00,29.469999313354492,29.610000610351562,28.889999389648438,29.25,786100,0.0,0.0
2026-02-05 00:00:00-05:00,29.200000762939453,29.459999084472656,28.760000228881836,28.860000610351562,751800,0.0,0.0
2026-02-06 00:00:00-05:00,29.170000076293945,29.540000915527344,28.860000610351562,29.43000030517578,880000,0.0,0.0
2026-02-09 00:00:00-05:00,29.290000915527344,29.729999542236328,29.209999084472656,29.59000015258789,571300,0.0,0.0
2026-02-10 00:00:00-05:00,29.56999969482422,29.920000076293945,29.43000030517578,29.489999771118164,586000,0.0,0.0
2026-02-11 00:00:00-05:00,29.690000534057617,29.690000534057617,28.440000534057617,28.68000030517578,1000300,0.0,0.0
2026-02-12 00:00:00-05:00,28.889999389648438,29.079999923706055,27.450000762939453,27.850000381469727,1257800,0.0,0.0
2026-02-13 00:00:00-05:00,27.84000015258789,28.350000381469727,27.75,28.299999237060547,775100,0.0,0.0
2026-02-17 00:00:00-05:00,27.989999771118164,29.239999771118164,27.989999771118164,29.020000457763672,1568600,0.0,0.0
2026-02-18 00:00:00-05:00,29.360000610351562,29.790000915527344,28.09000015258789,29.100000381469727,1389800,0.0,0.0
2026-02-19 00:00:00-05:00,28.760000228881836,29.389999389648438,28.610000610351562,29.260000228881836,1352600,0.0,0.0
2026-02-20 00:00:00-05:00,29.030000686645508,29.329999923706055,28.530000686645508,28.6299991607666,1499500,0.0,0.0
2026-02-23 00:00:00-05:00,28.3700008392334,28.3700008392334,26.299999237060547,26.389999389648438,1683800,0.0,0.0
2026-02-24 00:00:00-05:00,26.709999084472656,26.90999984741211,25.940000534057617,26.149999618530273,1613800,0.0,0.0
2026-02-25 00:00:00-05:00,26.219999313354492,26.969999313354492,25.809999465942383,26.899999618530273,1659700,0.0,0.0
2026-02-26 00:00:00-05:00,27.030000686645508,28.549999237060547,27.030000686645508,28.489999771118164,1296700,0.0,0.0
2026-02-27 00:00:00-05:00,28.059999465942383,28.649999618530273,28.0,28.510000228881836,959100,0.0,0.0
2026-03-02 00:00:00-05:00,28.049999237060547,28.59000015258789,27.989999771118164,28.030000686645508,861400,0.0,0.0
2026-03-03 00:00:00-05:00,28.030000686645508,28.40999984741211,27.3700008392334,28.31999969482422,1237800,0.0,0.0
2026-03-04 00:00:00-05:00,28.59000015258789,29.079999923706055,28.31999969482422,28.700000762939453,1010500,0.0,0.0
2026-03-05 00:00:00-05:00,28.420000076293945,29.020000457763672,27.950000762939453,28.469999313354492,874200,0.0,0.0
2026-03-06 00:00:00-05:00,28.030000686645508,28.459999084472656,27.68000030517578,28.329999923706055,557700,0.0,0.0
2026-03-09 00:00:00-04:00,27.969999313354492,28.8700008392334,27.770000457763672,28.84000015258789,935900,0.0,0.0
2026-03-10 00:00:00-04:00,28.770000457763672,29.020000457763672,28.290000915527344,28.34000015258789,610300,0.0,0.0
2026-03-11 00:00:00-04:00,28.290000915527344,28.34000015258789,27.899999618530273,28.1299991607666,645000,0.0,0.0
2026-03-12 00:00:00-04:00,27.780000686645508,28.270000457763672,27.469999313354492,27.579999923706055,842800,0.0,0.0
2026-03-13 00:00:00-04:00,27.700000762939453,27.760000228881836,27.040000915527344,27.68000030517578,1177200,0.0,0.0
2026-03-16 00:00:00-04:00,27.8700008392334,28.25,27.329999923706055,27.329999923706055,1215700,0.0,0.0
2026-03-17 00:00:00-04:00,27.8700008392334,28.09000015258789,27.420000076293945,27.440000534057617,592500,0.0,0.0
2026-03-18 00:00:00-04:00,27.149999618530273,27.40999984741211,26.68000030517578,26.959999084472656,1032700,0.0,0.0
2026-03-19 00:00:00-04:00,26.760000228881836,27.420000076293945,26.690000534057617,27.170000076293945,599200,0.0,0.0
2026-03-20 00:00:00-04:00,27.420000076293945,27.459999084472656,26.690000534057617,26.739999771118164,2356500,0.0,0.0
2026-03-23 00:00:00-04:00,27.6299991607666,28.260000228881836,27.469999313354492,27.489999771118164,1605700,0.0,0.0
2026-03-24 00:00:00-04:00,27.1299991607666,27.59000015258789,26.959999084472656,27.170000076293945,1215600,0.0,0.0
2026-03-25 00:00:00-04:00,27.6200008392334,27.6200008392334,26.6200008392334,27.0,1138500,0.0,0.0
2026-03-26 00:00:00-04:00,26.799999237060547,27.1299991607666,26.6200008392334,26.81999969482422,1037300,0.0,0.0
2026-03-27 00:00:00-04:00,26.559999465942383,26.81999969482422,26.299999237060547,26.75,493779,0.0,0.0
