Date,Open,High,Low,Close,Volume,Dividends,Stock Splits
2022-01-03 00:00:00-05:00,80.96326838555781,81.91031979101471,78.53066087104598,79.4498519897461,2209600,0.0,0.0
2022-01-04 00:00:00-05:00,79.29198577427358,80.27616973018733,78.8927401364313,80.05333709716797,1739200,0.0,0.0
2022-01-05 00:00:00-05:00,80.34118445519431,80.87506345075886,77.74145081512391,77.83429718017578,2656900,0.0,0.0
2022-01-06 00:00:00-05:00,78.16853901717349,78.90203724259497,77.78785976394404,78.6513442993164,1641400,0.0,0.0
2022-01-07 00:00:00-05:00,78.36351019298986,79.17128116456585,78.1870971836931,78.32637023925781,2351500,0.0,0.0
2022-01-10 00:00:00-05:00,77.81570778234487,78.63277262905483,76.562264400541,78.60491943359375,1940000,0.0,0.0
2022-01-11 00:00:00-05:00,79.10631209189422,80.11835665886578,78.15926777652749,80.07192993164062,2334200,0.0,0.0
2022-01-12 00:00:00-05:00,80.51760943263318,81.0932612314471,79.96980375536309,80.73115539550781,2864100,0.0,0.0
2022-01-13 00:00:00-05:00,80.86110570878209,81.40891114193595,79.42196976933877,79.62623596191406,3365800,0.0,0.0
2022-01-14 00:00:00-05:00,78.79062112431794,79.51947246243805,77.10079193070635,78.15925598144531,2870400,0.0,0.0
2022-01-18 00:00:00-05:00,77.11006635872558,78.13139028668633,75.8380495156348,77.88998413085938,2640500,0.0,0.0
2022-01-19 00:00:00-05:00,78.17782590689029,78.40066567341441,76.92438232601603,77.15650177001953,2632200,0.0,0.0
2022-01-20 00:00:00-05:00,77.62073791530426,78.08497678690742,75.98661510381868,76.33015441894531,3534500,0.0,0.0
2022-01-21 00:00:00-05:00,76.33015534736975,77.89928501926556,75.73593015118783,77.16578674316406,2844000,0.0,0.0
2022-01-24 00:00:00-05:00,75.83806307171422,77.38861921756302,74.40820648349307,77.27720642089844,4451900,0.0,0.0
2022-01-25 00:00:00-05:00,75.88447922102637,77.64858103720002,75.13240752969924,77.0357894897461,4027200,0.0,0.0
2022-01-26 00:00:00-05:00,77.59288883895152,78.56779335460452,75.20670119548087,75.68950653076172,3633100,0.0,0.0
2022-01-27 00:00:00-05:00,76.41371228553378,77.45360270439738,75.48523464942144,76.7015380859375,3093400,0.0,0.0
2022-01-28 00:00:00-05:00,76.33014482281813,76.89651674166828,75.0581279244015,76.85009002685547,4367500,0.0,0.0
2022-01-31 00:00:00-05:00,75.48522964476884,79.56588546809826,74.76101118629008,79.31983947753906,4710600,0.0,0.0
2022-02-01 00:00:00-05:00,79.70981008443108,80.19262246110746,75.73592661415717,77.5835952758789,4970900,0.0,0.0
2022-02-02 00:00:00-05:00,77.82499659736749,78.28180459918194,76.53441322629152,77.3143310546875,2889900,0.0,0.0
2022-02-03 00:00:00-05:00,76.7572544927425,77.64859228966709,75.90305665615516,75.99590301513672,2902900,0.0,0.0
2022-02-04 00:00:00-05:00,75.44811980150274,77.2772224867271,75.17886034737953,76.5437240600586,3508500,0.0,0.0
2022-02-07 00:00:00-05:00,76.69224498484621,76.97079108613724,75.67092108631512,75.8194808959961,1790200,0.0,0.0
2022-02-08 00:00:00-05:00,76.17232009251973,78.23354195627007,76.03768684369699,78.05712890625,3294300,0.0,0.0
2022-02-09 00:00:00-05:00,78.83705088722733,79.02645547879307,77.44433423158536,77.77857971191406,2132000,0.0,0.0
2022-02-10 00:00:00-05:00,76.95223919696927,77.37005846634193,75.39239617550324,75.71736907958984,1926400,0.0,0.0
2022-02-11 00:00:00-05:00,75.7637775055489,75.98661016599569,73.45187005864182,73.94396209716797,2494800,0.0,0.0
2022-02-14 00:00:00-05:00,73.86969138264399,74.51034333040721,73.04334670866818,74.04610443115234,3899000,0.0,0.0
2022-02-15 00:00:00-05:00,75.37380778691978,75.83804656188634,72.92726745940396,73.15474700927734,4126300,0.0,0.0
2022-02-16 00:00:00-05:00,73.2940428479721,73.64686187650963,71.91989252996633,73.22904968261719,3305200,0.0,0.0
2022-02-17 00:00:00-05:00,72.67024513583247,72.73543666552476,70.92962774037656,70.98457336425781,2253500,0.24,0.0
2022-02-18 00:00:00-05:00,70.82626258910186,71.63649927744522,70.16502498307365,71.10565185546875,6320300,0.0,0.0
2022-02-22 00:00:00-05:00,70.8728230466683,72.18597603015772,70.66793332396685,71.05908966064453,2481400,0.0,0.0
2022-02-23 00:00:00-05:00,71.4967923288627,71.52473764688477,69.0660754563991,69.5596694946289,2771000,0.0,0.0
2022-02-24 00:00:00-05:00,68.28843034173542,71.6458122833324,68.07888662176964,71.32916259765625,3807000,0.0,0.0
2022-02-25 00:00:00-05:00,71.41298449299039,73.36873772552644,71.20809477337663,73.1172866821289,3005300,0.0,0.0
2022-02-28 00:00:00-05:00,71.86000551441934,73.50842389822658,71.86000551441934,72.94963836669922,3918500,0.0,0.0
2022-03-01 00:00:00-05:00,72.95894536991601,73.089335527323,71.301211903385,72.31634521484375,3501600,0.0,0.0
2022-03-02 00:00:00-05:00,72.8099355128031,73.57826468094453,72.68886757213724,73.36872100830078,3266200,0.0,0.0
2022-03-03 00:00:00-05:00,74.19761278598014,75.00785664687173,73.29423916190854,73.74127197265625,2660900,0.0,0.0
2022-03-04 00:00:00-05:00,72.83787702576468,73.18246486453488,71.39434835569455,72.60504913330078,2967900,0.0,0.0
2022-03-07 00:00:00-05:00,72.45605560099047,72.72612975060167,69.14989610983042,69.19646453857422,2768400,0.0,0.0
2022-03-08 00:00:00-05:00,69.11262341929667,70.06256509883264,68.43277002436974,68.4513931274414,3249800,0.0,0.0
2022-03-09 00:00:00-05:00,69.7924956998707,70.96594323570397,69.62485932255969,70.09051513671875,3050200,0.0,0.0
2022-03-10 00:00:00-05:00,69.19645259968183,69.42928049254033,68.26514102824785,68.73079681396484,3981100,0.0,0.0
2022-03-11 00:00:00-05:00,68.90774589548069,69.02415984987482,67.30588874616235,67.42696380615234,3290800,0.0,0.0
2022-03-14 00:00:00-04:00,68.29308162217953,68.33498893907434,66.18831540777963,67.03581237792969,4014900,0.0,0.0
2022-03-15 00:00:00-04:00,67.5201078308456,68.83326092474232,67.00788348102517,68.59111785888672,4655600,0.0,0.0
2022-03-16 00:00:00-04:00,69.3920293833678,71.55267201357873,68.91705847733857,70.31402587890625,2692800,0.0,0.0
2022-03-17 00:00:00-04:00,69.8856292145337,71.18946698563784,69.83906078846617,71.14289855957031,1868200,0.0,0.0
2022-03-18 00:00:00-04:00,71.38506400548499,72.98692173262347,71.26398890182094,72.62371063232422,3822500,0.0,0.0
2022-03-21 00:00:00-04:00,72.19527017329436,72.79597011820866,71.17082886178294,72.01832580566406,1805000,0.0,0.0
2022-03-22 00:00:00-04:00,71.99039975369435,73.18247763426213,71.99039975369435,72.20459747314453,2601700,0.0,0.0
2022-03-23 00:00:00-04:00,71.83207632126943,72.27910911003556,71.01252449810083,71.1894760131836,1675300,0.0,0.0
2022-03-24 00:00:00-04:00,71.13357741778285,72.14871075610068,70.7331131457509,72.10214233398438,1837900,0.0,0.0
2022-03-25 00:00:00-04:00,72.27911247487647,72.40949556405614,71.35711574272156,71.93452453613281,1531900,0.0,0.0
2022-03-28 00:00:00-04:00,71.67374647484573,72.68887990698131,71.07770756445841,72.65162658691406,2218200,0.0,0.0
2022-03-29 00:00:00-04:00,73.29422672629077,74.02996380966981,72.72612603033159,73.24766540527344,1812200,0.0,0.0
2022-03-30 00:00:00-04:00,72.64231278888666,73.24766681652959,72.3629164360224,72.40948486328125,1261600,0.0,0.0
2022-03-31 00:00:00-04:00,72.2791055060688,72.96362021093714,71.61787501602592,71.66443634033203,2413400,0.0,0.0
2022-04-01 00:00:00-04:00,71.62718193279896,71.94754768135115,70.54685701546242,71.04045104980469,2591900,0.0,0.0
2022-04-04 00:00:00-04:00,71.05908223980568,71.47816964313267,70.60273441222981,71.37572479248047,1872600,0.0,0.0
2022-04-05 00:00:00-04:00,71.11496155394835,71.31053615713415,69.7645624391845,69.98807525634766,1582900,0.0,0.0
2022-04-06 00:00:00-04:00,69.22439533258157,71.10564170343388,69.06607406037666,70.99388885498047,2666000,0.0,0.0
2022-04-07 00:00:00-04:00,70.57478740425512,72.63298505617784,70.57478740425512,72.21389770507812,3012100,0.0,0.0
2022-04-08 00:00:00-04:00,71.95315475192731,72.82858304994143,71.81345655485039,71.93452453613281,2107000,0.0,0.0
2022-04-11 00:00:00-04:00,71.71099900509182,71.95314203018981,70.92870060832877,71.12427520751953,1750400,0.0,0.0
2022-04-12 00:00:00-04:00,71.26396222861715,71.88794641576455,70.30471239428007,70.67723846435547,2814200,0.0,0.0
2022-04-13 00:00:00-04:00,70.09052088090029,71.2453454051607,70.09052088090029,70.63067626953125,1592600,0.0,0.0
2022-04-14 00:00:00-04:00,70.80763273835058,71.23138129899596,69.56898637893096,69.61555480957031,1717000,0.0,0.0
2022-04-18 00:00:00-04:00,69.55966690265895,69.91356275896736,68.097507949124,68.56316375732422,1517100,0.0,0.0
2022-04-19 00:00:00-04:00,68.94499382867615,70.29539985738289,68.79598767346839,70.19295501708984,1380400,0.0,0.0
2022-04-20 00:00:00-04:00,70.7610741733742,71.1242852094259,70.11846675327725,70.3326644897461,2107800,0.0,0.0
2022-04-21 00:00:00-04:00,70.87281207670082,71.36640609298404,69.69935745898921,70.0439453125,2256200,0.0,0.0
2022-04-22 00:00:00-04:00,68.76805658046044,69.50379371957136,68.28377759419931,68.37690734863281,2115500,0.0,0.0
2022-04-25 00:00:00-04:00,70.10913752187082,70.80762123592561,68.04162459141365,69.47584533691406,4038900,0.0,0.0
2022-04-26 00:00:00-04:00,68.3303365898188,68.88912214461396,67.23138858640597,67.3990249633789,2231400,0.0,0.0
2022-04-27 00:00:00-04:00,67.34313183221434,69.24300813190409,67.34313183221434,68.51658630371094,2499900,0.0,0.0
2022-04-28 00:00:00-04:00,68.53522305969291,71.26396656388027,68.39553199209251,70.84487915039062,2837400,0.0,0.0
2022-04-29 00:00:00-04:00,70.38852975996267,70.7051722813718,67.58527996093243,67.83673095703125,2808100,0.0,0.0
2022-05-02 00:00:00-04:00,67.98574688899528,68.9543118069044,66.43045822024183,67.93917846679688,2627400,0.0,0.0
2022-05-03 00:00:00-04:00,67.9112492188657,68.57247969036239,67.49030018486275,68.28377532958984,2297000,0.0,0.0
2022-05-04 00:00:00-04:00,68.86119991138702,71.55269056791049,68.22790757424352,71.33848571777344,2700800,0.0,0.0
2022-05-05 00:00:00-04:00,70.30472187556208,70.87282261033866,68.8565318230324,69.55036163330078,2377800,0.0,0.0
2022-05-06 00:00:00-04:00,69.1312795277084,69.72731852410455,67.77155801775032,69.45723724365234,2470400,0.0,0.0
2022-05-09 00:00:00-04:00,68.25581384890036,69.09399553598917,67.77152793843031,68.2744369506836,2718000,0.0,0.0
2022-05-10 00:00:00-04:00,68.7960093953384,69.66212970606901,66.56085951874209,67.77156066894531,2771000,0.0,0.0
2022-05-11 00:00:00-04:00,67.71566479631936,68.89843449356479,67.37107695040069,67.89261627197266,3214400,0.0,0.0
2022-05-12 00:00:00-04:00,67.53870042840383,69.19644070918392,66.36525316588575,67.98573303222656,2482100,0.0,0.0
2022-05-13 00:00:00-04:00,68.75874310812014,70.30471680367988,68.43743944134526,69.95082092285156,2601200,0.0,0.0
2022-05-16 00:00:00-04:00,69.43860096203986,69.7179973257808,68.5259194371295,69.23371124267578,2101000,0.0,0.0
2022-05-17 00:00:00-04:00,69.8856375577742,70.27678680419922,68.78668936161935,70.27678680419922,2742800,0.0,0.0
2022-05-18 00:00:00-04:00,69.29890520881385,69.72730772705273,67.04512555325216,67.25001525878906,1899700,0.0,0.0
2022-05-19 00:00:00-04:00,66.63286194331049,68.71805690532038,66.58610574986899,67.87649536132812,1780500,0.29,0.0
2022-05-20 00:00:00-04:00,68.54976240266662,69.53158564802335,66.81053713797462,68.67132568359375,3017700,0.0,0.0
2022-05-23 00:00:00-04:00,69.18559059634056,69.91962145931375,68.38143257690207,69.0733871459961,2473100,0.0,0.0
2022-05-24 00:00:00-04:00,69.97106294085616,70.9528789770453,68.47495721857166,70.58820343017578,3071700,0.0,0.0
2022-05-25 00:00:00-04:00,69.86820220633786,70.05521273888806,68.04949731140817,68.7554702758789,2854900,0.0,0.0
2022-05-26 00:00:00-04:00,69.55027522788725,70.66300715014958,69.26975943112829,70.20482635498047,3380100,0.0,0.0
2022-05-27 00:00:00-04:00,70.92483474620876,71.64484037411658,70.48535208860187,71.34561920166016,2837700,0.0,0.0
2022-05-31 00:00:00-04:00,70.64430569563936,70.7424837230833,68.94248425800089,69.56897735595703,9765400,0.0,0.0
2022-06-01 00:00:00-04:00,69.49416496173279,70.28897032260939,68.80221752056897,69.1668930053711,2384000,0.0,0.0
2022-06-02 00:00:00-04:00,69.19493519323998,70.46662646480813,68.86766327790833,70.35441589355469,2133600,0.0,0.0
2022-06-03 00:00:00-04:00,69.8868938628225,70.42923434403372,69.27909898794745,70.30767822265625,1415400,0.0,0.0
2022-06-06 00:00:00-04:00,70.62559034058525,71.12117457562553,70.20481315754922,70.3170166015625,1019900,0.0,0.0
2022-06-07 00:00:00-04:00,69.88690993089881,71.58873169142767,69.55028521923415,71.52327728271484,1582500,0.0,0.0
2022-06-08 00:00:00-04:00,70.90613183401724,71.94405676759142,70.30768952885673,71.38301086425781,1926900,0.0,0.0
2022-06-09 00:00:00-04:00,71.24274371506793,72.14975967720812,70.84066469475817,71.06507873535156,2505100,0.0,0.0
2022-06-10 00:00:00-04:00,69.93365972377481,70.15807379963834,68.51235393065109,68.53105926513672,2314500,0.0,0.0
2022-06-13 00:00:00-04:00,66.79182726034554,67.51182561614858,65.8754585826021,66.4832534790039,1860400,0.0,0.0
2022-06-14 00:00:00-04:00,66.31492846747149,66.5814259005471,64.18297753883763,64.7159652709961,1859400,0.0,0.0
2022-06-15 00:00:00-04:00,64.90299079917862,66.17467509932204,64.29519594501123,65.23026275634766,1629300,0.0,0.0
2022-06-16 00:00:00-04:00,63.977286307995705,64.03806794956047,62.62144192936321,63.537803649902344,1818700,0.0,0.0
2022-06-17 00:00:00-04:00,63.52844467808095,64.27649388482266,62.86454806432517,63.47233581542969,3669400,0.0,0.0
2022-06-21 00:00:00-04:00,64.33262356416624,65.5575592628404,63.73418115153183,65.33314514160156,2506000,0.0,0.0
2022-06-22 00:00:00-04:00,64.03340935837969,64.63185183643955,63.463017756791835,64.29522705078125,2621800,0.0,0.0
2022-06-23 00:00:00-04:00,64.2204054719691,65.00585837200701,63.509752514319,64.13624572753906,1791000,0.0,0.0
2022-06-24 00:00:00-04:00,64.47286122819071,66.29624600111076,64.02403310199107,66.25884246826172,3453500,0.0,0.0
2022-06-27 00:00:00-04:00,66.67027983598035,66.73573424050508,64.63650626097025,65.3798828125,2327700,0.0,0.0
2022-06-28 00:00:00-04:00,65.64170508566178,66.24950010449108,64.97780832583136,65.25833129882812,1877800,0.0,0.0
2022-06-29 00:00:00-04:00,64.98714483079537,65.64168875966631,64.0707761963823,65.24896240234375,2728700,0.0,0.0
2022-06-30 00:00:00-04:00,64.49157331171324,66.30560560779065,64.28585742650918,66.08118438720703,2822500,0.0,0.0
2022-07-01 00:00:00-04:00,66.37104819302469,67.55390718828707,65.66974805509075,67.23130798339844,2096300,0.0,0.0
2022-07-05 00:00:00-04:00,65.81001910770759,66.8479441464622,65.61833577643878,66.7357406616211,1936800,0.0,0.0
2022-07-06 00:00:00-04:00,66.81986877185456,67.11908984503022,66.00635813509895,66.63285827636719,2440000,0.0,0.0
2022-07-07 00:00:00-04:00,64.19234964657781,65.65105185347154,62.986112385494565,65.5388412475586,4386800,0.0,0.0
2022-07-08 00:00:00-04:00,65.45468746554546,65.80066481038718,64.3522427162255,65.3518295288086,2485600,0.0,0.0
2022-07-11 00:00:00-04:00,65.38923539543538,65.61364947723062,64.23909984999403,64.51962280273438,2116900,0.0,0.0
2022-07-12 00:00:00-04:00,64.41675131080635,65.64168653648987,64.10817755450645,64.3699951171875,2430700,0.0,0.0
2022-07-13 00:00:00-04:00,63.65935128844268,64.4728548621016,63.425584581714254,63.95857238769531,1635500,0.0,0.0
2022-07-14 00:00:00-04:00,62.94870901545743,64.53832003309222,62.649487866232235,64.51026916503906,2793600,0.0,0.0
2022-07-15 00:00:00-04:00,65.38922446892622,65.59494031536143,64.7627313976872,64.99649810791016,3010100,0.0,0.0
2022-07-18 00:00:00-04:00,65.35182842839258,65.90725985062018,64.31390354533913,64.48221588134766,1525900,0.0,0.0
2022-07-19 00:00:00-04:00,65.26767125358695,67.25936114511951,65.22091505586323,67.17520141601562,2450500,0.0,0.0
2022-07-20 00:00:00-04:00,67.36222719471954,68.03547657274704,66.4832619362953,67.9513168334961,1942400,0.0,0.0
2022-07-21 00:00:00-04:00,67.93261134812876,68.36741402998382,67.55858316333222,68.21312713623047,1520900,0.0,0.0
2022-07-22 00:00:00-04:00,68.3346871524409,68.53105033498315,66.74506922606098,67.23130798339844,3805300,0.0,0.0
2022-07-25 00:00:00-04:00,67.29678006247282,67.94197864180157,67.05366061991484,67.68950653076172,1620800,0.0,0.0
2022-07-26 00:00:00-04:00,67.68948076789935,68.06350889086384,66.94142452197038,67.99805450439453,1897800,0.0,0.0
2022-07-27 00:00:00-04:00,68.07288101564463,71.63548403218098,68.07288101564463,71.47652435302734,3786500,0.0,0.0
2022-07-28 00:00:00-04:00,71.12118250006839,72.45832838416091,70.98092817942444,71.8598861694336,2118300,0.0,0.0
2022-07-29 00:00:00-04:00,72.08430329042851,73.44950723086166,71.42975931953117,73.09417724609375,2183100,0.0,0.0
2022-08-01 00:00:00-04:00,72.28067516427512,73.91704226057118,72.28067516427512,73.19703674316406,2425700,0.0,0.0
2022-08-02 00:00:00-04:00,73.09418694762167,73.65522573056893,72.3741884840718,72.43029022216797,2146700,0.0,0.0
2022-08-03 00:00:00-04:00,72.79495321138275,74.52482546577389,72.4293431555632,74.0853500366211,2483600,0.0,0.0
2022-08-04 00:00:00-04:00,74.41262139096774,74.62768277072541,73.90768443754547,74.33781433105469,2129600,0.0,0.0
2022-08-05 00:00:00-04:00,73.78614373938716,74.5388658598763,73.45886456735401,74.16951751708984,1492700,0.0,0.0
2022-08-08 00:00:00-04:00,74.61834175115405,74.86613390985622,73.88431080760643,74.1321029663086,1882400,0.0,0.0
2022-08-09 00:00:00-04:00,73.77679104997122,73.94510340291242,73.27185399114764,73.73938751220703,1276600,0.0,0.0
2022-08-10 00:00:00-04:00,74.80534302053167,75.31495270770061,74.2255990438849,74.71183776855469,1419700,0.0,0.0
2022-08-11 00:00:00-04:00,75.46924433742575,76.24535153230772,74.89885299024684,75.36638641357422,1665800,0.0,0.0
2022-08-12 00:00:00-04:00,75.79653574146376,76.54459226418953,75.3196566638719,76.44173431396484,1758800,0.0,0.0
2022-08-15 00:00:00-04:00,75.98355228818419,76.61939818267092,75.74978552012283,76.25472259521484,2015600,0.0,0.0
2022-08-16 00:00:00-04:00,75.96484288944067,76.45108173604396,75.65159629306895,76.0396499633789,1862100,0.0,0.0
2022-08-17 00:00:00-04:00,75.29158553045447,75.60951199407596,74.95496800131771,75.34769439697266,1623200,0.0,0.0
2022-08-18 00:00:00-04:00,75.58230707483632,75.62922499540304,75.0849327263046,75.46031188964844,1183100,0.29,0.0
2022-08-19 00:00:00-04:00,75.10368904377324,75.26322284126448,74.12770620538276,74.52185821533203,1212500,0.0,0.0
2022-08-22 00:00:00-04:00,73.26433959784956,73.45672238031761,72.34466111661375,72.56989288330078,2493900,0.0,0.0
2022-08-23 00:00:00-04:00,72.38221240433421,72.8795939396079,71.84260975009367,72.16637420654297,1680300,0.0,0.0
2022-08-24 00:00:00-04:00,72.22267912802114,72.8795944944482,72.05375885205561,72.6074447631836,1676800,0.0,0.0
2022-08-25 00:00:00-04:00,72.92651421044403,73.42388860196726,72.62621228576418,73.36758422851562,1881600,0.0,0.0
2022-08-26 00:00:00-04:00,73.56465504419441,73.56465504419441,70.54286296756135,70.59917449951172,1482100,0.0,0.0
2022-08-29 00:00:00-04:00,70.14870910067185,70.19563417802175,69.34164645663236,69.51056671142578,1441700,0.0,0.0
2022-08-30 00:00:00-04:00,69.56686677387019,69.78271209266391,67.78382850103657,68.37504577636719,2247000,0.0,0.0
2022-08-31 00:00:00-04:00,68.69411593153428,68.96626562199906,67.4084518969817,67.77444458007812,3350600,0.0,0.0
2022-09-01 00:00:00-04:00,67.69936821443494,68.28120623203881,66.9298442090938,68.24366760253906,1653600,0.0,0.0
2022-09-02 00:00:00-04:00,68.93812033331183,69.07888841621542,67.05184520583285,67.30522918701172,1565900,0.0,0.0
2022-09-06 00:00:00-04:00,67.28646817075187,67.70877249402406,66.56386905191685,67.64308166503906,1597300,0.0,0.0
2022-09-07 00:00:00-04:00,67.76505228157,68.9850325597239,67.31460309192848,68.89118957519531,1751400,0.0,0.0
2022-09-08 00:00:00-04:00,68.45013399679736,68.71289727237043,67.9621389195083,68.42198181152344,1883900,0.0,0.0
2022-09-09 00:00:00-04:00,68.67536176428942,69.01320232247687,68.29059612200159,68.88182067871094,1803300,0.0,0.0
2022-09-12 00:00:00-04:00,69.43549407336515,69.53872352259687,68.38444100447798,69.25719451904297,1693800,0.0,0.0
2022-09-13 00:00:00-04:00,67.82137763704017,67.97153218658062,66.40433166450792,66.74217224121094,1756300,0.0,0.0
2022-09-14 00:00:00-04:00,66.6764763009959,66.79378184891478,65.04357791893614,65.55033874511719,2097200,0.0,0.0
2022-09-15 00:00:00-04:00,65.5972657965041,66.12279237582567,64.46174891774848,64.68697357177734,2129100,0.0,0.0
2022-09-16 00:00:00-04:00,63.97374184927904,64.09574418220534,62.89452954593518,63.626522064208984,3782500,0.0,0.0
2022-09-19 00:00:00-04:00,63.29806222662418,64.14266348928776,63.25114430966378,64.04882049560547,2338000,0.0,0.0
2022-09-20 00:00:00-04:00,63.65468736970006,63.82360765339626,62.77254731486853,63.45761489868164,1842500,0.0,0.0
2022-09-21 00:00:00-04:00,63.74852437356067,64.6025050008351,62.894536586524126,62.90392303466797,1579600,0.0,0.0
2022-09-22 00:00:00-04:00,62.48162355750611,62.98368753770349,61.33203071560785,61.42117691040039,1981000,0.0,0.0
2022-09-23 00:00:00-04:00,60.98949361549772,61.87163355676797,60.768958630180165,61.730865478515625,2551600,0.0,0.0
2022-09-26 00:00:00-04:00,61.44932928816526,62.48161647490055,60.8581048606699,61.346099853515625,2415500,0.0,0.0
2022-09-27 00:00:00-04:00,61.88102494631505,62.17194041410992,60.63289219777182,61.120880126953125,1890500,0.0,0.0
2022-09-28 00:00:00-04:00,61.68394222533667,62.15316433909783,60.90033499476563,61.721473693847656,2264400,0.0,0.0
2022-09-29 00:00:00-04:00,61.20534804880857,61.336729698757594,59.943139120589855,60.529666900634766,1910800,0.0,0.0
2022-09-30 00:00:00-04:00,60.55781328041549,60.92380600728011,59.816444958253264,59.87274932861328,2625600,0.0,0.0
2022-10-03 00:00:00-04:00,60.73610421793178,61.94669798444786,60.16365273547626,61.41178512573242,1905500,0.0,0.0
2022-10-04 00:00:00-04:00,62.36900550127419,63.326222668845624,62.20478204941706,62.922691345214844,2424900,0.0,0.0
2022-10-05 00:00:00-04:00,62.33146992317629,63.701597769163214,62.251703015266585,63.279300689697266,1452500,0.0,0.0
2022-10-06 00:00:00-04:00,63.08222854605144,63.44822125928938,62.59423348855952,62.68808364868164,1670000,0.0,0.0
2022-10-07 00:00:00-04:00,62.09686629898123,62.41594112869067,60.87689283418422,61.24288558959961,1446600,0.0,0.0
2022-10-10 00:00:00-04:00,61.749642172290535,61.92794173326604,60.501509446650424,61.008270263671875,841300,0.0,0.0
2022-10-11 00:00:00-04:00,60.970718199067164,61.53378326291467,60.51088256556379,60.764259338378906,1449200,0.0,0.0
2022-10-12 00:00:00-04:00,61.064556668845675,61.317933422929755,60.59064498076239,60.60472106933594,1637600,0.0,0.0
2022-10-13 00:00:00-04:00,59.29091535483734,61.51503108069332,58.64339003078626,61.008270263671875,1946400,0.0,0.0
2022-10-14 00:00:00-04:00,61.4024135374298,62.031169527755644,59.900904023307596,60.17305374145508,1632800,0.0,0.0
2022-10-17 00:00:00-04:00,61.02702510284557,61.683940337866964,60.8205662335463,61.346099853515625,1688600,0.0,0.0
2022-10-18 00:00:00-04:00,62.80068723966678,62.87576449770827,61.937320251473814,62.603614807128906,1637200,0.0,0.0
2022-10-19 00:00:00-04:00,62.378391387602896,62.82884062495725,61.61825382471646,62.2000846862793,1552300,0.0,0.0
2022-10-20 00:00:00-04:00,62.35023225933803,62.59891938886868,60.68918208726304,60.764259338378906,1923200,0.0,0.0
2022-10-21 00:00:00-04:00,61.027031705383685,62.81946375571392,60.34197137560395,62.67869567871094,2351000,0.0,0.0
2022-10-24 00:00:00-04:00,63.03530799889854,63.7109891056994,62.678701707981425,62.95085144042969,2518300,0.0,0.0
2022-10-25 00:00:00-04:00,62.85699890852887,64.6681965943429,62.85699890852887,64.61188507080078,2567100,0.0,0.0
2022-10-26 00:00:00-04:00,64.46172377801788,64.89340717978675,62.669292214386445,64.13326263427734,3656700,0.0,0.0
2022-10-27 00:00:00-04:00,64.29283375888086,67.11754650751479,64.18960429261044,65.70050048828125,3016900,0.0,0.0
2022-10-28 00:00:00-04:00,65.8037194004511,67.44599698801726,65.55033542033127,67.2770767211914,1918400,0.0,0.0
2022-10-31 00:00:00-04:00,66.32924090025864,67.11753064574131,65.91632313276112,66.29170227050781,2551900,0.0,0.0
2022-11-01 00:00:00-04:00,66.8829149047185,67.5867480538873,66.37616133790668,67.10814666748047,1885200,0.0,0.0
2022-11-02 00:00:00-04:00,66.8266203002553,68.10290516986002,65.87878951626308,65.88817596435547,1782900,0.0,0.0
2022-11-03 00:00:00-04:00,65.19372916052298,66.71400440243296,64.86527507491046,65.88817596435547,2035000,0.0,0.0
2022-11-04 00:00:00-04:00,66.9017077533016,69.32289622696605,66.9017077533016,68.71290588378906,2299000,0.0,0.0
2022-11-07 00:00:00-05:00,68.59088415762288,69.22902650946864,68.21551219986985,69.20087432861328,1777400,0.0,0.0
2022-11-08 00:00:00-05:00,69.388578783413,69.63256916379115,68.13105960862349,68.6565933227539,1528100,0.0,0.0
2022-11-09 00:00:00-05:00,68.46889597094705,69.34164946528722,68.07475107924809,68.14044189453125,1743200,0.0,0.0
2022-11-10 00:00:00-05:00,69.93286667376347,71.42499684638679,69.93286667376347,70.9463882446289,2643400,0.0,0.0
2022-11-11 00:00:00-05:00,71.00270572139226,73.22681433521556,70.96047028257902,72.6074447631836,2984500,0.0,0.0
2022-11-14 00:00:00-05:00,72.03499490459913,74.66263495631351,71.99745626903373,72.98281860351562,4193900,0.0,0.0
2022-11-15 00:00:00-05:00,73.63972745375204,74.58755822834998,73.37696418786638,73.86495208740234,2349100,0.0,0.0
2022-11-16 00:00:00-05:00,73.62096119863067,74.8409417971603,73.50835245152881,73.57404327392578,2169600,0.0,0.0
2022-11-17 00:00:00-05:00,72.52850360593698,72.91469778886876,71.31341482602157,72.8581771850586,3420800,0.29,0.0
2022-11-18 00:00:00-05:00,73.63997012112688,74.18629037365109,72.92410245183117,73.2443618774414,3697600,0.0,0.0
2022-11-21 00:00:00-05:00,72.97120150947674,73.96022211541451,72.34481819921078,73.6493911743164,2068800,0.0,0.0
2022-11-22 00:00:00-05:00,73.99788996337439,74.0261466644746,73.09363959645242,73.70589447021484,1916300,0.0,0.0
2022-11-23 00:00:00-05:00,73.44215760945538,73.96963520744511,73.00887141305763,73.56460571289062,1898000,0.0,0.0
2022-11-25 00:00:00-05:00,73.9790914505378,74.42933044346154,73.67767451125094,74.1015396118164,971100,0.0,0.0
2022-11-28 00:00:00-05:00,73.48927025657262,73.80952973510652,71.77025334145577,71.90682983398438,2065800,0.0,0.0
2022-11-29 00:00:00-05:00,72.01985044383021,73.11249092590914,71.71843361883326,72.41545867919922,1869000,0.0,0.0
2022-11-30 00:00:00-05:00,72.34951623953597,73.62583235062957,71.13442777249409,73.55518341064453,3462100,0.0,0.0
2022-12-01 00:00:00-05:00,73.11249512367226,74.32758379036493,72.84874909860595,74.25222778320312,1776700,0.0,0.0
2022-12-02 00:00:00-05:00,73.53636461553283,75.50499910236479,73.01830101732843,75.11880493164062,1998300,0.0,0.0
2022-12-05 00:00:00-05:00,74.24280626608697,74.65725711790643,73.31971314694663,73.92255401611328,2100200,0.0,0.0
2022-12-06 00:00:00-05:00,73.91312658962035,74.61957292681741,73.7059011808942,74.59131622314453,2674000,0.0,0.0
2022-12-07 00:00:00-05:00,74.38408155667985,74.87388112751879,73.80950469902976,74.41233825683594,2151300,0.0,0.0
2022-12-08 00:00:00-05:00,75.24124441232229,75.35427841703167,74.46415629068424,75.109375,2376700,0.0,0.0
2022-12-09 00:00:00-05:00,75.2318320490132,75.35428016720101,73.80481094325437,73.9037094116211,1417200,0.0,0.0
2022-12-12 00:00:00-05:00,74.31816049489179,75.93827867359293,73.96022306366831,75.86292266845703,1681200,0.0,0.0
2022-12-13 00:00:00-05:00,77.23815832158215,77.23815832158215,75.90062120707782,76.24913024902344,2600900,0.0,0.0
2022-12-14 00:00:00-05:00,76.29621388087763,77.18162903295267,75.26009389507291,75.58976745605469,3025900,0.0,0.0
2022-12-15 00:00:00-05:00,74.7326051481913,74.9492518692634,73.46100308650868,74.24280548095703,2119400,0.0,0.0
2022-12-16 00:00:00-05:00,73.6682395235578,74.15804645036202,73.18785389551589,74.03559112548828,4036900,0.0,0.0
2022-12-19 00:00:00-05:00,74.06383718799441,74.42648168158256,73.06727807530108,73.34797668457031,1532700,0.0,0.0
2022-12-20 00:00:00-05:00,73.37622990004172,73.71532472715204,73.0088783683962,73.39506530761719,1889800,0.0,0.0
2022-12-21 00:00:00-05:00,73.88487082072648,74.53479657245677,73.38564988593949,74.44060516357422,1621700,0.0,0.0
2022-12-22 00:00:00-05:00,73.99791852143044,74.20514399126402,72.62270344185266,73.60231018066406,1379600,0.0,0.0
2022-12-23 00:00:00-05:00,73.3762382491557,74.06384209223108,73.22552622602726,73.80952453613281,810400,0.0,0.0
2022-12-27 00:00:00-05:00,73.81893625411122,74.3840918948087,73.47984143242394,73.9508056640625,955400,0.0,0.0
2022-12-28 00:00:00-05:00,74.03557710985991,74.17686781916522,72.89584451112671,72.90526580810547,882800,0.0,0.0
2022-12-29 00:00:00-05:00,73.5081090610128,74.62900639852626,73.09365817594666,74.4782943725586,957700,0.0,0.0
2022-12-30 00:00:00-05:00,74.22398616099049,74.40294773143809,73.04657525860388,73.76243591308594,995900,0.0,0.0
2023-01-03 00:00:00-05:00,74.35583558386539,74.8456352253679,73.85661464550402,74.52538299560547,1317300,0.0,0.0
2023-01-04 00:00:00-05:00,75.14705215346169,76.17375792220524,74.69493051241477,76.07955932617188,1611900,0.0,0.0
2023-01-05 00:00:00-05:00,75.83466778650953,76.11724203304722,75.3166042216739,75.47673034667969,2136300,0.0,0.0
2023-01-06 00:00:00-05:00,76.2867959854079,77.28524519706927,75.74048285413468,77.09685516357422,1555400,0.0,0.0
2023-01-09 00:00:00-05:00,77.21930002718773,78.10942215419617,76.59291672501972,76.7389144897461,1652600,0.0,0.0
2023-01-10 00:00:00-05:00,76.65413176761267,77.02148327427722,76.07955485998997,76.92729187011719,1975300,0.0,0.0
2023-01-11 00:00:00-05:00,77.45477424895245,77.45477424895245,76.42806857255755,77.14393615722656,2683300,0.0,0.0
2023-01-12 00:00:00-05:00,77.2381544448953,78.17066185833369,76.06074355396701,78.08589172363281,2503600,0.0,0.0
2023-01-13 00:00:00-05:00,77.84095810594137,78.46263426508301,77.44723274635554,78.41553497314453,1272000,0.0,0.0
2023-01-17 00:00:00-05:00,78.42496317609556,78.64160269086997,78.06231871798961,78.16122436523438,1946300,0.0,0.0
2023-01-18 00:00:00-05:00,78.38729471658175,78.5568421422477,77.02149401362134,77.04033660888672,1876300,0.0,0.0
2023-01-19 00:00:00-05:00,76.79543556045512,77.02149640625069,74.99635571932646,75.02461242675781,1552100,0.0,0.0
2023-01-20 00:00:00-05:00,75.39195155537953,76.14548997913582,74.56305713334456,76.11723327636719,1787600,0.0,0.0
2023-01-23 00:00:00-05:00,75.93828120244875,77.0356288098721,75.25067020878744,76.62588500976562,1104400,0.0,0.0
2023-01-24 00:00:00-05:00,75.59918477961264,77.732652295513,75.59918477961264,77.34175109863281,1542900,0.0,0.0
2023-01-25 00:00:00-05:00,76.76717959016317,76.76717959016317,75.3919647199891,76.25853729248047,1448800,0.0,0.0
2023-01-26 00:00:00-05:00,76.6824049114134,76.72949702600525,75.50499425145198,76.37156677246094,1353100,0.0,0.0
2023-01-27 00:00:00-05:00,76.22084980218057,76.86136144700326,75.72162886463451,76.48458862304688,1457100,0.0,0.0
2023-01-30 00:00:00-05:00,76.08898985991956,76.78601499985002,75.70280287740822,76.25853729248047,1334300,0.0,0.0
2023-01-31 00:00:00-05:00,76.78600504672845,77.45478057861328,76.3056267053606,77.45478057861328,2543400,0.0,0.0
2023-02-01 00:00:00-05:00,77.680847897145,80.17695996713397,77.31349634119941,79.64947509765625,3058700,0.0,0.0
2023-02-02 00:00:00-05:00,80.46894730455702,80.572560008364,78.92418523041795,78.99011993408203,2274200,0.0,0.0
2023-02-03 00:00:00-05:00,78.63219026610895,79.92262764495915,78.58979802418479,79.80960083007812,1580500,0.0,0.0
2023-02-06 00:00:00-05:00,79.09373865596318,79.92263316314398,78.68870910653915,78.8111572265625,1500100,0.0,0.0
2023-02-07 00:00:00-05:00,78.29309729968425,78.95244435655692,77.43593893940583,78.77347564697266,1641500,0.0,0.0
2023-02-08 00:00:00-05:00,78.56625632610952,79.14082607547843,78.21774020870126,78.67928314208984,1724200,0.0,0.0
2023-02-09 00:00:00-05:00,79.14082354157223,79.35747024250439,77.70909548969271,78.00109100341797,1745200,0.0,0.0
2023-02-10 00:00:00-05:00,78.01051052443044,78.5850874286696,77.59605972495474,78.38728332519531,1906000,0.0,0.0
2023-02-13 00:00:00-05:00,78.82057996413127,79.69657378766667,78.50974182337966,79.47992706298828,1758700,0.0,0.0
2023-02-14 00:00:00-05:00,79.47993055687596,79.94148073270972,78.83000472695927,79.4328384399414,1887400,0.0,0.0
2023-02-15 00:00:00-05:00,79.34805925284516,79.73425340882733,79.08432040795223,79.65889739990234,1182000,0.0,0.0
2023-02-16 00:00:00-05:00,78.87440594927673,79.5549292643457,78.53887475517087,79.00672912597656,1427500,0.29,0.0
2023-02-17 00:00:00-05:00,79.26193279031119,80.15984113415251,78.79880164956681,80.11258697509766,1800700,0.0,0.0
2023-02-21 00:00:00-05:00,79.29972927875826,79.6872450571653,78.31675204930565,78.50578308105469,2365600,0.0,0.0
2023-02-22 00:00:00-05:00,79.15795182015091,79.51711366227448,78.49633600279918,78.79878997802734,1671900,0.0,0.0
2023-02-23 00:00:00-05:00,78.86497452480896,79.52659053481963,78.19390479720565,79.36591339111328,1371600,0.0,0.0
2023-02-24 00:00:00-05:00,79.05399412149218,79.4131560160056,78.49634745282088,79.04454040527344,1889500,0.0,0.0
2023-02-27 00:00:00-05:00,79.16741027018136,79.88573399739316,79.12960261963254,79.39424896240234,1362400,0.0,0.0
2023-02-28 00:00:00-05:00,79.36589343721892,80.32996326814765,79.33753950264334,79.98025512695312,2963600,0.0,0.0
2023-03-01 00:00:00-05:00,79.83847755398644,80.86870896039109,79.68724695612605,80.55680847167969,1914600,0.0,0.0
2023-03-02 00:00:00-05:00,80.47174039630335,81.26095615902983,80.04641695423533,80.9726791381836,1415400,0.0,0.0
2023-03-03 00:00:00-05:00,81.28458905314852,82.28646656416753,80.94432740580773,82.1635971069336,1292300,0.0,0.0
2023-03-06 00:00:00-05:00,82.12577970764977,82.54165660749543,81.7855181006981,81.89894104003906,1704900,0.0,0.0
2023-03-07 00:00:00-05:00,82.0501800335536,82.0501800335536,80.3299714536542,80.47174835205078,1952400,0.0,0.0
2023-03-08 00:00:00-05:00,80.54734325104494,80.94431269711707,79.86682008002371,80.66075897216797,1703600,0.0,0.0
2023-03-09 00:00:00-05:00,80.9632341648626,81.05774968587905,79.39424911391588,79.53602600097656,1731600,0.0,0.0
2023-03-10 00:00:00-05:00,79.51711503924555,79.51711503924555,77.3054216591664,77.64568328857422,1962300,0.0,0.0
2023-03-13 00:00:00-04:00,76.89901202935715,78.43491288494056,76.77614255689674,77.44721221923828,2497000,0.0,0.0
2023-03-14 00:00:00-04:00,78.59085293586287,79.33753777810045,77.96703754447259,78.85549926757812,2293000,0.0,0.0
2023-03-15 00:00:00-04:00,77.79691558077283,78.09936959586852,75.29222164845193,76.70997619628906,2710400,0.0,0.0
2023-03-16 00:00:00-04:00,76.00109395551607,77.16364857056615,75.62302465858608,77.04077911376953,1854400,0.0,0.0
2023-03-17 00:00:00-04:00,76.71939838294524,76.78555995242965,75.24493642810975,75.65135955810547,3538700,0.0,0.0
2023-03-20 00:00:00-04:00,76.2562970597667,77.39995161205447,76.02945833487709,77.29598236083984,1624900,0.0,0.0
2023-03-21 00:00:00-04:00,78.11828224509648,78.3829286245953,77.36687401521812,77.79692077636719,1237300,0.0,0.0
2023-03-22 00:00:00-04:00,77.62676824477865,77.96702984081293,76.19011378124465,76.21846771240234,1464400,0.0,0.0
2023-03-23 00:00:00-04:00,75.89713466730127,77.03511409794578,75.25441894159368,75.87822723388672,1890300,0.0,0.0
2023-03-24 00:00:00-04:00,74.81963485067202,76.22793564574738,74.22417334100139,76.0861587524414,1766800,0.0,0.0
2023-03-27 00:00:00-04:00,76.64379377011703,77.00296280680756,76.09560092281838,76.54927825927734,1432800,0.0,0.0
2023-03-28 00:00:00-04:00,76.49257299268787,77.26761174560768,76.34134240135157,77.2392578125,1217200,0.0,0.0
2023-03-29 00:00:00-04:00,78.00486778699414,78.50580666155876,77.6362521166136,78.28842163085938,1531400,0.0,0.0
2023-03-30 00:00:00-04:00,78.55303734399732,79.05397602281614,78.15890183745907,78.57193756103516,1189600,0.0,0.0
2023-03-31 00:00:00-04:00,79.00672369662675,79.83847756280718,78.8224159123839,79.7723159790039,2608900,0.0,0.0
2023-04-03 00:00:00-04:00,79.64943642270899,80.1503823516794,79.17685163811434,79.5832748413086,1382200,0.0,0.0
2023-04-04 00:00:00-04:00,79.48877015709607,80.06532424974382,75.84986826212455,76.20903015136719,2606800,0.0,0.0
2023-04-05 00:00:00-04:00,75.71754882158692,76.0578105065503,74.73457142181192,75.03702545166016,1723500,0.0,0.0
2023-04-06 00:00:00-04:00,74.75347125121219,74.76292496770954,73.60981673150921,74.18637084960938,1826200,0.0,0.0
2023-04-10 00:00:00-04:00,73.67597450101512,74.81018245642747,72.67409693647915,74.79127502441406,1235800,0.0,0.0
2023-04-11 00:00:00-04:00,75.19769443964908,75.77424849838235,74.89524044253263,75.39617919921875,1407100,0.0,0.0
2023-04-12 00:00:00-04:00,75.75534300574209,76.82338203130075,75.48124296320297,76.30354309082031,1327500,0.0,0.0
2023-04-13 00:00:00-04:00,76.23739134701002,76.84229937720139,75.18825240472474,76.70997619628906,1565200,0.0,0.0
2023-04-14 00:00:00-04:00,76.53510471677997,77.50390497113345,76.3318967199383,76.80448150634766,926000,0.0,0.0
2023-04-17 00:00:00-04:00,77.06913619039898,77.89143640390785,77.02187482220435,77.86307525634766,1312700,0.0,0.0
2023-04-18 00:00:00-04:00,78.26005370070189,78.67592346334601,77.54172271275657,77.77801513671875,2024100,0.0,0.0
2023-04-19 00:00:00-04:00,77.19200131832622,77.98594755077184,77.1400167006597,77.97649383544922,1143400,0.0,0.0
2023-04-20 00:00:00-04:00,77.75910682114632,78.27895303238591,77.23926782097915,78.2127914428711,1905100,0.0,0.0
2023-04-21 00:00:00-04:00,78.69482454784455,78.89330930263405,77.41884700358517,78.19388580322266,1042500,0.0,0.0
2023-04-24 00:00:00-04:00,78.05210702640304,78.8933073905831,77.96703801294244,78.496337890625,1715400,0.0,0.0
2023-04-25 00:00:00-04:00,78.43961742412318,78.87912500616243,77.9764863726462,78.1182632446289,2137700,0.0,0.0
2023-04-26 00:00:00-04:00,77.40938747067543,78.89330337349855,77.07857957088773,77.3904800415039,2947600,0.0,0.0
2023-04-27 00:00:00-04:00,78.28840977144255,81.20898074989617,77.5795324802366,81.17117309570312,2353000,0.0,0.0
2023-04-28 00:00:00-04:00,81.48307888679558,81.88950214581514,80.33942441631557,80.62297821044922,1973800,0.0,0.0
2023-05-01 00:00:00-04:00,80.93486597870132,81.64374314127303,80.67967337304692,81.23731994628906,1347200,0.0,0.0
2023-05-02 00:00:00-04:00,81.16173408287541,81.62486527011673,80.07951061352854,81.53034973144531,1290800,0.0,0.0
2023-05-03 00:00:00-04:00,82.01236229884738,82.15413917981657,80.78836940825443,80.84980773925781,1370300,0.0,0.0
2023-05-04 00:00:00-04:00,81.32240176862037,81.46417866568719,80.4150397228942,80.62297821044922,1857800,0.0,0.0
2023-05-05 00:00:00-04:00,81.42635728619652,81.94619620638125,80.9443188018565,81.24677276611328,1478000,0.0,0.0
2023-05-08 00:00:00-04:00,81.33185459163496,81.60594745559591,80.75530050468065,81.05775451660156,1546200,0.0,0.0
2023-05-09 00:00:00-04:00,80.96323195334071,80.96323195334071,80.41503185091864,80.76473999023438,1293100,0.0,0.0
2023-05-10 00:00:00-04:00,81.29403987339822,81.32239380782146,79.47930874852075,80.76473999023438,1871500,0.0,0.0
2023-05-11 00:00:00-04:00,80.18818675589581,80.36777129046935,79.46986303974546,79.9046401977539,1323100,0.0,0.0
2023-05-12 00:00:00-04:00,80.23544706562687,80.65132399871709,79.2761004949434,79.7723159790039,1437400,0.0,0.0
2023-05-15 00:00:00-04:00,79.8290203757322,80.03695883323361,79.38478952762856,79.87628173828125,1390000,0.0,0.0
2023-05-16 00:00:00-04:00,79.43204956099098,79.43204956099098,78.24964297740047,78.39236450195312,1812900,0.0,0.0
2023-05-17 00:00:00-04:00,78.85550498177311,79.46986670267226,78.3167585642925,79.157958984375,2546300,0.0,0.0
2023-05-18 00:00:00-04:00,79.3287690606343,80.32050284787395,78.6739486097055,80.1923828125,2172300,0.34,0.0
2023-05-19 00:00:00-04:00,80.89465641830864,80.89465641830864,79.64194730919142,80.24932098388672,2092800,0.0,0.0
2023-05-22 00:00:00-04:00,80.0215560378697,80.4865749142452,79.3477511074784,79.79379272460938,1553300,0.0,0.0
2023-05-23 00:00:00-04:00,79.04407620411934,79.33827082982748,77.75340516677231,78.04759979248047,2892200,0.0,0.0
2023-05-24 00:00:00-04:00,77.80085782852694,77.92327963018305,76.80438143423292,76.96571350097656,1987500,0.0,0.0
2023-05-25 00:00:00-04:00,77.22195349136864,77.39277780899839,76.5861029954619,77.27889251708984,2541800,0.0,0.0
2023-05-26 00:00:00-04:00,77.23143417565804,77.75339935041676,76.785399765051,77.62053680419922,2736400,0.0,0.0
2023-05-30 00:00:00-04:00,77.77237844785499,77.84830197333402,76.77590932768983,77.0890884399414,1823500,0.0,0.0
2023-05-31 00:00:00-04:00,76.77590462358499,76.94672892521335,75.04868434732728,75.4567642211914,6744600,0.0,0.0
2023-06-01 00:00:00-04:00,75.66555402274044,77.57308370465384,75.00123404336932,77.35481262207031,2415100,0.0,0.0
2023-06-02 00:00:00-04:00,78.90172613103275,81.56847690592679,78.90172613103275,81.23632049560547,3155200,0.0,0.0
2023-06-05 00:00:00-04:00,81.16989347410669,81.16989347410669,79.79381374177437,80.22087097167969,1683900,0.0,0.0
2023-06-06 00:00:00-04:00,80.19239309546904,81.33121708347852,80.14493907910767,81.16039276123047,1431500,0.0,0.0
2023-06-07 00:00:00-04:00,80.96109546967774,83.01098724915857,80.77129389326628,82.7452621459961,2151400,0.0,0.0
2023-06-08 00:00:00-04:00,82.76423202114724,83.03470684588434,81.61307043037321,81.70132446289062,1503700,0.0,0.0
2023-06-09 00:00:00-04:00,81.50202985478585,81.58744562403743,80.53403032621495,81.29325103759766,2064800,0.0,0.0
2023-06-12 00:00:00-04:00,81.3217254461333,82.2517632711154,80.84721428305019,82.0904312133789,1570700,0.0,0.0
2023-06-13 00:00:00-04:00,82.33718057564211,83.24824115683667,82.22329528781808,82.75474548339844,1724000,0.0,0.0
2023-06-14 00:00:00-04:00,83.21978215778962,83.56143082395481,82.37515274434425,83.04895782470703,1854200,0.0,0.0
2023-06-15 00:00:00-04:00,82.94455100231986,84.20675240716113,82.71678767618323,84.02643585205078,1495900,0.0,0.0
2023-06-16 00:00:00-04:00,84.33961152391926,84.74769138858527,83.61835257324941,84.10235595703125,3054200,0.0,0.0
2023-06-20 00:00:00-04:00,83.25772743857007,83.57564903209513,82.3276824225167,82.64086151123047,1541400,0.0,0.0
2023-06-21 00:00:00-04:00,82.3087237784358,83.19131498412904,81.91962108194652,82.56495666503906,2063700,0.0,0.0
2023-06-22 00:00:00-04:00,82.57444116223328,82.57444116223328,81.42612492554699,81.68235778808594,1542600,0.0,0.0
2023-06-23 00:00:00-04:00,80.92312598239342,82.14736558265508,80.47709159635271,81.96705627441406,2143100,0.0,0.0
2023-06-26 00:00:00-04:00,81.99552816397778,82.92841870669524,81.99552816397778,82.67882537841797,1023200,0.0,0.0
2023-06-27 00:00:00-04:00,83.03946381372174,83.44754375408212,82.51749857356312,83.26722717285156,1052900,0.0,0.0
2023-06-28 00:00:00-04:00,83.41907600630819,83.41907600630819,82.71680141050943,83.04895782470703,962000,0.0,0.0
2023-06-29 00:00:00-04:00,82.61239254721089,84.12133450022093,82.2802289561268,84.09286499023438,1107000,0.0,0.0
2023-06-30 00:00:00-04:00,84.78565264434751,85.51640390308522,84.47248077392578,84.47248077392578,2777000,0.0,0.0
2023-07-03 00:00:00-04:00,83.92204068984971,84.13082675037157,83.39533303370244,84.09286499023438,689400,0.0,0.0
2023-07-05 00:00:00-04:00,83.43804134439972,83.89357524766842,82.90659115764105,83.0774154663086,1549900,0.0,0.0
2023-07-06 00:00:00-04:00,82.53646521447924,82.81168253241222,81.6538742433373,81.98603057861328,1591800,0.0,0.0
2023-07-07 00:00:00-04:00,81.72980860773738,82.88760981001701,81.6349005789489,82.43208312988281,2034100,0.0,0.0
2023-07-10 00:00:00-04:00,82.53647099089704,83.1201176809053,82.14736837058115,82.8306655883789,1585500,0.0,0.0
2023-07-11 00:00:00-04:00,83.2767016590857,83.59936574564638,82.83066004728057,82.97301483154297,1337900,0.0,0.0
2023-07-12 00:00:00-04:00,83.7037560448737,84.87105654924403,82.80218784135435,84.18775939941406,2499900,0.0,0.0
2023-07-13 00:00:00-04:00,84.30166450287327,84.86158426319676,84.01505787440583,84.51993560791016,1250200,0.0,0.0
2023-07-14 00:00:00-04:00,84.23521975573144,84.42502131589589,83.41906001418658,84.19725799560547,930300,0.0,0.0
2023-07-17 00:00:00-04:00,83.95051232985004,84.63380954872548,83.6278482211953,84.02643585205078,1373700,0.0,0.0
2023-07-18 00:00:00-04:00,84.14032242083144,84.80463514907315,83.68478852113306,84.0169448852539,1859900,0.0,0.0
2023-07-19 00:00:00-04:00,83.0869088441516,83.9600076600906,82.51748964722402,83.58988952636719,1783000,0.0,0.0
2023-07-20 00:00:00-04:00,82.08094224857709,83.04894911467782,81.43560675133193,82.43208312988281,2714300,0.0,0.0
2023-07-21 00:00:00-04:00,82.83066219748679,83.37160459935417,82.41309008360133,82.80219268798828,1788400,0.0,0.0
2023-07-24 00:00:00-04:00,83.06792838503608,83.42381178020136,82.56494767834376,82.7832260131836,1300200,0.0,0.0
2023-07-25 00:00:00-04:00,82.09043472389511,83.33365170738878,81.74878609262775,83.10588836669922,2330300,0.0,0.0
2023-07-26 00:00:00-04:00,81.54948737956181,86.3894997119727,80.88517465881614,86.10479736328125,4285500,0.0,0.0
2023-07-27 00:00:00-04:00,86.67421173078094,86.67421173078094,84.48196520993592,85.09883117675781,3478200,0.0,0.0
2023-07-28 00:00:00-04:00,85.9054994468232,86.1902090463877,84.57212421114349,85.45946502685547,2465400,0.0,0.0
2023-07-31 00:00:00-04:00,85.58283804696917,86.58879944728317,85.50691451927517,86.32307434082031,1961900,0.0,0.0
2023-08-01 00:00:00-04:00,85.57334090765956,86.29459989861957,85.27914630523335,85.63028717041016,1500100,0.0,0.0
2023-08-02 00:00:00-04:00,84.95646965264586,85.43573052853891,84.21623344724641,84.83309936523438,1594600,0.0,0.0
2023-08-03 00:00:00-04:00,84.67178118674306,85.53538782100252,84.3680943029808,85.0513916015625,1554600,0.0,0.0
2023-08-04 00:00:00-04:00,85.31711107389602,85.31711107389602,83.82714626771364,83.99797058105469,1135000,0.0,0.0
2023-08-07 00:00:00-04:00,84.40606635108593,85.67775306911498,84.40606635108593,85.6018295288086,1671100,0.0,0.0
2023-08-08 00:00:00-04:00,84.95647142668649,85.09882621695868,83.88407885550477,84.40604400634766,1651500,0.0,0.0
2023-08-09 00:00:00-04:00,84.30164433161553,84.63380065576017,83.44752289776872,83.51395416259766,1713300,0.0,0.0
2023-08-10 00:00:00-04:00,83.63734745557613,84.4440223453378,83.02997365560354,83.30519104003906,1628800,0.0,0.0
2023-08-11 00:00:00-04:00,82.8686323790965,83.3905975745018,82.57443776375861,82.95404815673828,1559200,0.0,0.0
2023-08-14 00:00:00-04:00,82.76423604710543,82.83066732019884,82.05246930376211,82.61239624023438,2050800,0.0,0.0
2023-08-15 00:00:00-04:00,82.02399885592598,82.4510560008694,80.97058350856885,81.36917114257812,2251800,0.0,0.0
2023-08-16 00:00:00-04:00,81.2458128789456,81.80099014576683,80.6289468356553,80.92314147949219,2331600,0.0,0.0
2023-08-17 00:00:00-04:00,81.34238055896067,81.98076927020314,79.9417316791484,79.96078491210938,2218000,0.34,0.0
2023-08-18 00:00:00-04:00,79.25569985829995,80.51342406174078,79.25569985829995,79.77975463867188,1949600,0.0,0.0
2023-08-21 00:00:00-04:00,79.75116669068848,79.8940913875869,79.06514123058976,79.57965850830078,1660300,0.0,0.0
2023-08-22 00:00:00-04:00,80.03701033679525,80.25616249222847,78.85551364822231,79.03654479980469,1955700,0.0,0.0
2023-08-23 00:00:00-04:00,79.29380618926822,80.05605902563798,78.79833493964931,79.89408111572266,1663100,0.0,0.0
2023-08-24 00:00:00-04:00,79.5320143950101,80.34191124287031,78.89362571359274,78.93173217773438,1902000,0.0,0.0
2023-08-25 00:00:00-04:00,79.60824436378236,80.31333028378106,78.9269731672577,79.91314697265625,2107900,0.0,0.0
2023-08-28 00:00:00-04:00,80.18945459658102,80.99458259415914,80.13228036786941,80.64680480957031,1158000,0.0,0.0
2023-08-29 00:00:00-04:00,80.5705917949037,81.70445181985279,80.29427265985511,81.47577667236328,1589000,0.0,0.0
2023-08-30 00:00:00-04:00,81.87594908868975,82.54292120893847,81.30425766141217,81.61869049072266,1583400,0.0,0.0
2023-08-31 00:00:00-04:00,81.73303038093269,82.48576026841953,81.49482499639072,81.51388549804688,1922300,0.0,0.0
2023-09-01 00:00:00-04:00,81.90453786758412,82.41430087560222,81.63774900222757,82.10462951660156,1188600,0.0,0.0
2023-09-05 00:00:00-04:00,82.00933736470313,82.19037575639187,80.19897525616668,80.3704833984375,1814500,0.0,0.0
2023-09-06 00:00:00-04:00,80.25617504970036,80.97079132523588,80.03702285997697,80.40862274169922,2179300,0.0,0.0
2023-09-07 00:00:00-04:00,79.81786358800308,80.7230484850358,79.01749691975724,79.05561065673828,2377800,0.0,0.0
2023-09-08 00:00:00-04:00,79.09371067116268,79.46531045544121,78.56012571545573,78.807861328125,1922700,0.0,0.0
2023-09-11 00:00:00-04:00,79.22710855362165,79.61776158542398,78.6268263609104,79.07465362548828,1346000,0.0,0.0
2023-09-12 00:00:00-04:00,78.54107955593219,79.06513430886422,78.4743823391455,78.69352722167969,883300,0.0,0.0
2023-09-13 00:00:00-04:00,78.73164188681605,78.76975562106664,76.95939322614699,77.45486450195312,1579400,0.0,0.0
2023-09-14 00:00:00-04:00,78.04562159031826,78.43627467043278,77.11185321364974,77.82646942138672,1538800,0.0,0.0
2023-09-15 00:00:00-04:00,77.47392362068503,77.9217509453402,76.9022321023931,77.29289245605469,3555100,0.0,0.0
2023-09-18 00:00:00-04:00,77.2642986277522,78.0551422858154,77.1213812059531,77.5501480102539,1692200,0.0,0.0
2023-09-19 00:00:00-04:00,77.13089053720708,78.55059967773435,77.10230705790595,78.30286407470703,2322200,0.0,0.0
2023-09-20 00:00:00-04:00,78.52203743276685,78.83646305955843,77.72166344864138,77.84552764892578,1432000,0.0,0.0
2023-09-21 00:00:00-04:00,77.68354607545317,77.96939547129448,76.96892985530201,77.11185455322266,2768900,0.0,0.0
2023-09-22 00:00:00-04:00,77.12138314091219,77.68354439929783,76.90223097290215,77.00704193115234,1361500,0.0,0.0
2023-09-25 00:00:00-04:00,76.5877971333903,77.3214738318997,76.36865223759274,77.13090515136719,1074200,0.0,0.0
2023-09-26 00:00:00-04:00,76.67355462213195,76.9069912595729,75.47299738153612,75.54922485351562,3357400,0.0,0.0
2023-09-27 00:00:00-04:00,75.65402062573683,76.15901480470384,75.39675477680433,75.60637664794922,3145700,0.0,0.0
2023-09-28 00:00:00-04:00,75.77789131789068,77.15948682878113,75.40629152138074,76.67354583740234,1647900,0.0,0.0
2023-09-29 00:00:00-04:00,77.20712794532302,77.3214691467142,76.19713944278108,76.5210952758789,1763900,0.0,0.0
2023-10-02 00:00:00-04:00,76.28289878031579,76.7307261177983,75.42536511304115,75.74932098388672,1621100,0.0,0.0
2023-10-03 00:00:00-04:00,75.52063541546889,76.30194876803702,75.32054376938511,75.6540298461914,1645200,0.0,0.0
2023-10-04 00:00:00-04:00,75.80648713061119,76.35912542486449,75.06900847556787,76.28289794921875,1463200,0.0,0.0
2023-10-05 00:00:00-04:00,76.24476839680267,76.51156450622423,75.13949930700177,75.40628814697266,1197200,0.0,0.0
2023-10-06 00:00:00-04:00,75.29195093452736,76.30194665706402,74.71073651357418,75.78742218017578,2133500,0.0,0.0
2023-10-09 00:00:00-04:00,75.37771110943389,76.1780776977539,74.98705079647914,76.1780776977539,1506800,0.0,0.0
2023-10-10 00:00:00-04:00,76.37817173923698,77.10231081498692,76.1685498548801,76.51156616210938,1615900,0.0,0.0
2023-10-11 00:00:00-04:00,76.55920278351165,77.2452353971643,76.55920278351165,77.2166519165039,1576300,0.0,0.0
2023-10-12 00:00:00-04:00,77.52156790422681,77.54062113814643,76.29242713702722,76.64497375488281,1598400,0.0,0.0
2023-10-13 00:00:00-04:00,76.78789217201702,76.97846086092832,75.96370349215067,76.2257308959961,1767900,0.0,0.0
2023-10-16 00:00:00-04:00,76.84504908050977,77.21950574731734,76.31146414136391,76.71165466308594,1212200,0.0,0.0
2023-10-17 00:00:00-04:00,76.34956963342104,77.4453156035719,76.2114137407982,77.24522399902344,1172400,0.0,0.0
2023-10-18 00:00:00-04:00,76.65447953817763,76.70212351646494,75.0918530071001,75.12996673583984,2440300,0.0,0.0
2023-10-19 00:00:00-04:00,75.0728076170431,76.15902355647911,74.3810611783336,74.4820556640625,2441600,0.0,0.0
2023-10-20 00:00:00-04:00,74.54875584439075,74.73932451557044,73.75315072452575,73.87225341796875,2008100,0.0,0.0
2023-10-23 00:00:00-04:00,73.66262453737752,74.41535436097595,73.10999361692811,73.28150177001953,1822200,0.0,0.0
2023-10-24 00:00:00-04:00,73.92941429808377,74.32960483988819,73.03376706035696,73.62451171875,2970400,0.0,0.0
2023-10-25 00:00:00-04:00,71.55690011024163,73.26721312333108,69.86087883947702,71.9094467163086,2910800,0.0,0.0
2023-10-26 00:00:00-04:00,72.17623682421589,72.86226954526134,71.70935627162461,71.95708465576172,1687000,0.0,0.0
2023-10-27 00:00:00-04:00,71.68077242470336,72.995663620436,71.61407520324124,72.54783630371094,2331100,0.0,0.0
2023-10-30 00:00:00-04:00,73.0814180215798,73.34344543056248,72.20482384375798,72.92897033691406,1942500,0.0,0.0
2023-10-31 00:00:00-04:00,72.96706975774204,73.74838307065583,72.8622588147151,73.56734466552734,2165100,0.0,0.0
2023-11-01 00:00:00-04:00,73.73885648524406,74.02470584760577,72.62405705704563,73.18621826171875,2392200,0.0,0.0
2023-11-02 00:00:00-04:00,74.20573077247722,75.0537412684332,73.85319149382514,74.93940734863281,1974400,0.0,0.0
2023-11-03 00:00:00-04:00,75.88270744539693,76.78788500755111,75.8055276787978,76.04468536376953,2600600,0.0,0.0
2023-11-06 00:00:00-05:00,75.89223571429825,76.76882977025235,75.69214406692512,76.53062438964844,2205100,0.0,0.0
2023-11-07 00:00:00-05:00,76.14949676236033,76.55921032088142,75.7874271892644,76.10186004638672,1841700,0.0,0.0
2023-11-08 00:00:00-05:00,76.1590200102862,77.36910007262829,75.96845862501135,77.03561401367188,2355500,0.0,0.0
2023-11-09 00:00:00-05:00,77.369102084322,77.67400467036012,76.69259969872024,76.84505462646484,1762100,0.0,0.0
2023-11-10 00:00:00-05:00,77.05466600007446,78.4172008356502,76.83551388871679,78.1599349975586,2053400,0.0,0.0
2023-11-13 00:00:00-05:00,77.97891226714508,78.27429189126788,77.37863730684333,77.92174530029297,1250800,0.0,0.0
2023-11-14 00:00:00-05:00,79.08418101351513,80.2275638553278,78.5410730732365,79.9798355102539,2133500,0.0,0.0
2023-11-15 00:00:00-05:00,80.17993089385342,80.64681139465881,79.62729267770352,79.65587615966797,1852100,0.0,0.0
2023-11-16 00:00:00-05:00,79.6367429757252,80.48821647958066,79.60804276984148,80.28730773925781,1426900,0.34,0.0
2023-11-17 00:00:00-05:00,80.7752313239092,80.99527839597403,80.41168322564626,80.8804702758789,1775300,0.0,0.0
2023-11-20 00:00:00-05:00,80.88047177326612,81.39709737455382,80.03856744105845,81.12921905517578,1667500,0.0,0.0
2023-11-21 00:00:00-05:00,80.94745176861241,81.58844744376343,80.70349268903223,81.22489929199219,1346200,0.0,0.0
2023-11-22 00:00:00-05:00,81.45451557737879,81.69369374322713,80.93788986324978,81.26317596435547,1003300,0.0,0.0
2023-11-24 00:00:00-05:00,80.72739954824905,81.5597420656406,80.6317297563866,81.35883331298828,788800,0.0,0.0
2023-11-27 00:00:00-05:00,80.78481317419278,81.73195659147262,80.57433523721109,81.51190948486328,1423100,0.0,0.0
2023-11-28 00:00:00-05:00,81.46406778216067,81.47363695056049,80.59345593619891,80.65086364746094,1637800,0.0,0.0
2023-11-29 00:00:00-05:00,81.20575291576729,81.52146978689736,80.60302667926743,80.6795654296875,1714500,0.0,0.0
2023-11-30 00:00:00-05:00,80.89003368712848,82.15289372175164,80.3542697972844,82.07635498046875,2903000,0.0,0.0
2023-12-01 00:00:00-05:00,82.0859229358085,83.1957054714785,81.8323947457967,82.99479675292969,1662500,0.0,0.0
2023-12-04 00:00:00-05:00,82.40163358800879,83.49228510306659,82.38728348642667,83.46358489990234,1516500,0.0,0.0
2023-12-05 00:00:00-05:00,83.14788831341095,83.45403602672843,81.98069787540761,82.12419891357422,1803700,0.0,0.0
2023-12-06 00:00:00-05:00,82.5834241899108,83.1765885782439,82.2485762687297,82.70779418945312,2032700,0.0,0.0
2023-12-07 00:00:00-05:00,83.06177686563178,83.41576310940391,82.49732000843679,82.90870666503906,1678700,0.0,0.0
2023-12-08 00:00:00-05:00,82.94696085162062,83.97064281150365,82.94696085162062,83.71233367919922,3062900,0.0,0.0
2023-12-11 00:00:00-05:00,83.85584610946349,84.68818125370555,83.71233778486211,84.67861938476562,1447900,0.0,0.0
2023-12-12 00:00:00-05:00,84.85082868037237,85.46312405833766,84.45857307619701,85.18567657470703,1616400,0.0,0.0
2023-12-13 00:00:00-05:00,85.20481761876415,85.96062141139146,84.64036071618412,85.5396728515625,3047400,0.0,0.0
2023-12-14 00:00:00-05:00,86.25719150072243,87.08952659810302,85.91277446072489,86.74510955810547,3603800,0.0,0.0
2023-12-15 00:00:00-05:00,86.36243538440189,86.61118268167715,85.84102881632296,86.28590393066406,5291100,0.0,0.0
2023-12-18 00:00:00-05:00,86.25720625835247,86.32417584430216,85.01347703455822,85.61620330810547,3078700,0.0,0.0
2023-12-19 00:00:00-05:00,85.99888486532205,86.4868102774097,85.59706737260848,85.93191528320312,2702800,0.0,0.0
2023-12-20 00:00:00-05:00,85.45356384374213,85.98932053081256,84.40118150879489,84.44901275634766,1995800,0.0,0.0
2023-12-21 00:00:00-05:00,85.09956696892085,85.34831424225783,84.27679370253715,84.57337951660156,2394000,0.0,0.0
2023-12-22 00:00:00-05:00,84.83170676766596,85.59707978786892,84.48728963848845,85.2526626586914,1628300,0.0,0.0
2023-12-26 00:00:00-05:00,85.3100428720376,85.96539582880372,84.69774752057262,85.75012969970703,1788800,0.0,0.0
2023-12-27 00:00:00-05:00,85.75971827701169,86.29547500601453,85.56359043902386,85.73101806640625,1421600,0.0,0.0
2023-12-28 00:00:00-05:00,85.67361316504639,86.1041308998908,85.54923586007625,85.78841400146484,908900,0.0,0.0
2023-12-29 00:00:00-05:00,85.68316940828048,86.02758649319226,85.47269148981914,85.5970687866211,1091700,0.0,0.0
2024-01-02 00:00:00-05:00,84.55423513212824,85.29090773146902,84.2480874711276,84.6020736694336,1660600,0.0,0.0
2024-01-03 00:00:00-05:00,84.33419878617062,84.5446766802014,83.68363406786469,83.85584259033203,2146300,0.0,0.0
2024-01-04 00:00:00-05:00,84.17156867061568,84.5925172057471,83.7888822121113,83.88455200195312,2128300,0.0,0.0
2024-01-05 00:00:00-05:00,83.70277786046391,84.25767288399592,83.49229993435608,83.72191619873047,1930600,0.0,0.0
2024-01-08 00:00:00-05:00,83.74104466566598,84.13330029757066,83.44446612388053,83.76974487304688,3187600,0.0,0.0
2024-01-09 00:00:00-05:00,83.24355988584968,83.42533030446127,82.67909569348369,83.13832092285156,2953900,0.0,0.0
2024-01-10 00:00:00-05:00,82.91825382924108,83.46836778480525,82.73648345446945,83.23397064208984,5041500,0.0,0.0
2024-01-11 00:00:00-05:00,83.23398657733341,83.36314480716005,82.0093957587702,82.39208221435547,3190300,0.0,0.0
2024-01-12 00:00:00-05:00,82.77476611401838,82.92593125066641,82.0094004581274,82.47818756103516,2387800,0.0,0.0
2024-01-16 00:00:00-05:00,82.09549522121492,83.05220769711445,81.93285585210486,82.90870666503906,1929100,0.0,0.0
2024-01-17 00:00:00-05:00,82.16245472136018,82.58341049482918,81.72236791234077,81.75106811523438,1864200,0.0,0.0
2024-01-18 00:00:00-05:00,81.90415458435834,83.31052307356855,81.90415458435834,83.20528411865234,2168600,0.0,0.0
2024-01-19 00:00:00-05:00,83.36793674864903,84.20027935200253,82.65997145678557,83.98023223876953,2025200,0.0,0.0
2024-01-22 00:00:00-05:00,84.2098322349933,84.77429641356558,84.05676202836949,84.13330078125,1599700,0.0,0.0
2024-01-23 00:00:00-05:00,84.54468345747449,84.86996219313431,83.8654184808288,84.51597595214844,1760900,0.0,0.0
2024-01-24 00:00:00-05:00,85.05172975907215,85.05651069315479,84.16198697758705,84.20025634765625,2174100,0.0,0.0
2024-01-25 00:00:00-05:00,84.9656339688747,85.45355938292184,84.55424730588143,85.12828063964844,1747300,0.0,0.0
2024-01-26 00:00:00-05:00,85.24307488809342,85.52052236489773,84.66426796337088,84.79341888427734,1640100,0.0,0.0
2024-01-29 00:00:00-05:00,84.49684737921136,85.54922966528855,84.44900883474268,85.45355987548828,1485400,0.0,0.0
2024-01-30 00:00:00-05:00,85.30049097103377,86.1041259765625,84.95607388319654,86.1041259765625,2581000,0.0,0.0
2024-01-31 00:00:00-05:00,87.20912713372307,88.13713943045933,84.07589222331487,84.61165618896484,4270400,0.0,0.0
2024-02-01 00:00:00-05:00,85.28134522147778,85.70230102539062,83.77930700195019,85.70230102539062,3526400,0.0,0.0
2024-02-02 00:00:00-05:00,85.92234503529271,87.30479426956171,85.42485775996352,87.03213500976562,2051500,0.0,0.0
2024-02-05 00:00:00-05:00,86.10413095328231,87.27132145184439,85.99889198707507,86.95560455322266,1580000,0.0,0.0
2024-02-06 00:00:00-05:00,87.280894227623,87.99842868188148,86.92690793583249,87.96015930175781,1546500,0.0,0.0
2024-02-07 00:00:00-05:00,87.92187026333413,88.44805769932492,87.52005281058416,87.79749298095703,2226200,0.0,0.0
2024-02-08 00:00:00-05:00,87.68271233046768,87.83578255280248,86.55379115658884,86.93647766113281,1441200,0.0,0.0
2024-02-09 00:00:00-05:00,86.9364661319938,87.1469367474002,86.3720019703422,87.13737487792969,2087200,0.0,0.0
2024-02-12 00:00:00-05:00,86.99386010421586,87.68747514459622,86.99386010421586,87.3861083984375,1942000,0.0,0.0
2024-02-13 00:00:00-05:00,86.87905784630443,87.0034351399706,85.50139684052782,86.19022369384766,1871800,0.0,0.0
2024-02-14 00:00:00-05:00,86.85992398557809,86.98429397606553,86.3145981824613,86.898193359375,1668500,0.0,0.0
2024-02-15 00:00:00-05:00,87.74326494246341,88.5979377004488,87.33033258426897,88.55952453613281,2604600,0.34,0.0
2024-02-16 00:00:00-05:00,88.60753866711646,89.10690249453035,87.54160445709533,87.61842346191406,1967600,0.0,0.0
2024-02-20 00:00:00-05:00,87.20547904206539,87.73365083914302,86.90778620729138,87.40714263916016,2790000,0.0,0.0
2024-02-21 00:00:00-05:00,87.77206977602143,88.09857067093091,87.20548478127151,88.04095458984375,2771000,0.0,0.0
2024-02-22 00:00:00-05:00,89.06849005693687,89.24134564067589,88.01695253307132,88.74198913574219,1785100,0.0,0.0
2024-02-23 00:00:00-05:00,89.0300683450071,90.11041380803394,88.97245226481203,89.80791473388672,1671400,0.0,0.0
2024-02-26 00:00:00-05:00,89.40458604360745,90.1920375417084,89.28935388511944,90.09600830078125,1613400,0.0,0.0
2024-02-27 00:00:00-05:00,90.39370170140508,90.5473543490824,89.51982607906513,90.12481689453125,1356200,0.0,0.0
2024-02-28 00:00:00-05:00,90.1248230393195,91.30600403754804,90.01918866847947,91.15235137939453,1501700,0.0,0.0
2024-02-29 00:00:00-05:00,91.60369707466913,91.7765526521319,90.8258506393677,91.51727294921875,2401600,0.0,0.0
2024-03-01 00:00:00-05:00,91.41163844534658,92.02623442508508,90.89307171371186,91.88218688964844,1698900,0.0,0.0
2024-03-04 00:00:00-05:00,91.805369999584,92.03584168404157,91.39243759637603,91.60370635986328,1292300,0.0,0.0
2024-03-05 00:00:00-05:00,91.4404542682194,91.69973399281909,90.25927316900105,90.78744506835938,1491400,0.0,0.0
2024-03-06 00:00:00-05:00,91.22918327089182,91.89179757809619,90.99871159617128,91.4116439819336,1086800,0.0,0.0
2024-03-07 00:00:00-05:00,91.83417851057703,93.25543644616728,91.62291707257994,93.0921859741211,1659500,0.0,0.0
2024-03-08 00:00:00-05:00,93.27462246907787,93.80279428479102,92.94812158413626,93.75477600097656,2389600,0.0,0.0
2024-03-11 00:00:00-04:00,93.54352638164431,93.99486460415667,92.05024841632115,92.4871826171875,1880400,0.0,0.0
2024-03-12 00:00:00-04:00,92.60242196474,93.76919167552391,92.31432687916843,93.5819320678711,1450700,0.0,0.0
2024-03-13 00:00:00-04:00,93.60113668690184,94.4654145650919,92.96733046737516,94.398193359375,2716500,0.0,0.0
2024-03-14 00:00:00-04:00,94.5230342443724,95.05120611407297,93.91804336990263,94.58065032958984,3307100,0.0,0.0
2024-03-15 00:00:00-04:00,93.78359367125219,94.89754608281248,93.78359367125219,94.59024810791016,4137700,0.0,0.0
2024-03-18 00:00:00-04:00,94.92636793278473,95.2480699746732,94.08130021050587,94.14852142333984,1438100,0.0,0.0
2024-03-19 00:00:00-04:00,94.39819625998346,94.91675567626953,94.24454359844525,94.91675567626953,1596300,0.0,0.0
2024-03-20 00:00:00-04:00,94.77271025413786,95.49294058073862,94.3741819275647,95.3873062133789,1709600,0.0,0.0
2024-03-21 00:00:00-04:00,95.45453752169968,96.34281728926476,95.03104022784228,96.24198913574219,1816400,0.0,0.0
2024-03-22 00:00:00-04:00,96.36680850914995,96.36680850914995,95.20483788789784,95.39689636230469,1231000,0.0,0.0
2024-03-25 00:00:00-04:00,95.51214528626767,95.88666447698293,94.93596247951818,95.10881805419922,1658000,0.0,0.0
2024-03-26 00:00:00-04:00,95.10882498470225,95.6273917465329,94.71509552001953,94.71509552001953,1808600,0.0,0.0
2024-03-27 00:00:00-04:00,95.21445356767433,95.9154736708987,95.05120311366997,95.89627075195312,1501600,0.0,0.0
2024-03-28 00:00:00-04:00,96.03072416536827,96.07393623286761,95.15684105871325,95.32969665527344,1587500,0.0,0.0
2024-04-01 00:00:00-04:00,95.16644763551098,95.61779321822914,94.64788083791329,94.65748596191406,1226800,0.0,0.0
2024-04-02 00:00:00-04:00,94.40779530413239,94.61426515498286,93.82200734575977,93.87002563476562,1411900,0.0,0.0
2024-04-03 00:00:00-04:00,93.87002798376496,94.6478744645013,93.65875922935201,94.35018157958984,1374000,0.0,0.0
2024-04-04 00:00:00-04:00,94.97437652895283,95.15682990141134,93.26503101148303,93.32264709472656,1879900,0.0,0.0
2024-04-05 00:00:00-04:00,93.6395466225302,94.00446068004558,93.11137479113535,93.88922119140625,1595500,0.0,0.0
2024-04-08 00:00:00-04:00,94.2253398392159,94.43660125710477,93.52431239867975,94.13890838623047,1449500,0.0,0.0
2024-04-09 00:00:00-04:00,94.37897668749724,95.22405158932294,93.40906450542975,95.18563842773438,1718800,0.0,0.0
2024-04-10 00:00:00-04:00,93.87962951117215,94.44140831758152,93.38987081075291,93.4378890991211,1238000,0.0,0.0
2024-04-11 00:00:00-04:00,93.52431130199324,94.15811752791394,93.08257089903124,94.08129119873047,1475000,0.0,0.0
2024-04-12 00:00:00-04:00,93.28423655855201,93.45901169900185,91.83417070138614,92.3431396484375,1537300,0.0,0.0
2024-04-15 00:00:00-04:00,93.77399299918683,93.93244455531323,91.8053604459871,92.23750305175781,1475800,0.0,0.0
2024-04-16 00:00:00-04:00,92.06463846673326,92.58320514698197,91.2819858854466,92.17027282714844,1192700,0.0,0.0
2024-04-17 00:00:00-04:00,92.78488651706795,92.78488651706795,90.71061939878886,91.1907730102539,2506100,0.0,0.0
2024-04-18 00:00:00-04:00,91.48846878089203,92.46798628194792,91.45966073554855,91.69973754882812,1967000,0.0,0.0
2024-04-19 00:00:00-04:00,92.10305695588107,92.46797101425119,91.1715579019092,91.33480834960938,2339700,0.0,0.0
2024-04-22 00:00:00-04:00,91.64212222978617,93.02496703042047,91.38284249294871,92.46798706054688,2007000,0.0,0.0
2024-04-23 00:00:00-04:00,92.79448859837886,93.84122732951188,92.61875365794423,93.60115051269531,2074800,0.0,0.0
2024-04-24 00:00:00-04:00,93.06335959636021,93.06335959636021,89.32775843687841,89.66387176513672,4222900,0.0,0.0
2024-04-25 00:00:00-04:00,89.92316715959552,90.22086005218618,88.88603360748513,89.32777404785156,2219300,0.0,0.0
2024-04-26 00:00:00-04:00,89.30856234895329,89.97117660765501,88.46349471912764,88.54031372070312,2314100,0.0,0.0
2024-04-29 00:00:00-04:00,88.7899888341633,90.09600700638117,88.51149891088257,89.66387176513672,1714800,0.0,0.0
2024-04-30 00:00:00-04:00,89.23173893656592,89.58705522089032,87.51278825277295,87.58000946044922,1997800,0.0,0.0
2024-05-01 00:00:00-04:00,87.66643802121274,89.14531186785246,86.9750157213228,87.8008804321289,1937400,0.0,0.0
2024-05-02 00:00:00-04:00,88.21381945779096,88.43468600961316,87.42636785149828,88.12738800048828,1958100,0.0,0.0
2024-05-03 00:00:00-04:00,88.82840741031839,89.44300337276213,88.20420632536596,88.46349334716797,1788700,0.0,0.0
2024-05-06 00:00:00-04:00,88.98205637880933,89.42379675060995,88.58832696444009,89.39498138427734,1319600,0.0,0.0
2024-05-07 00:00:00-04:00,89.94236437110523,90.47052886765063,89.53902983047739,90.1632308959961,1705900,0.0,0.0
2024-05-08 00:00:00-04:00,89.95195946828538,90.90266872135759,89.92315142908222,90.76821899414062,1664900,0.0,0.0
2024-05-09 00:00:00-04:00,90.81623911453524,92.36233407991607,90.79703619686508,92.31431579589844,1800300,0.0,0.0
2024-05-10 00:00:00-04:00,92.76567312599829,93.32265305479729,92.44876999479585,93.2458267211914,2485500,0.0,0.0
2024-05-13 00:00:00-04:00,93.4090822157399,93.60114806009834,92.15588097173206,92.75607299804688,1746900,0.0,0.0
2024-05-14 00:00:00-04:00,93.33224998834356,93.92763570513868,92.82328839434963,93.21701049804688,1606900,0.0,0.0
2024-05-15 00:00:00-04:00,93.43788061292318,94.33096647889968,92.83288247130461,93.40906524658203,2144400,0.0,0.0
2024-05-16 00:00:00-04:00,93.3222955345968,93.71760259701144,92.71968747428666,93.10053253173828,2517300,0.39,0.0
2024-05-17 00:00:00-04:00,93.33194756148437,93.36087157396346,92.70523365223194,93.32230377197266,1627100,0.0,0.0
2024-05-20 00:00:00-04:00,93.42835440850433,93.71278364528533,92.94626796403946,93.6019058227539,1288500,0.0,0.0
2024-05-21 00:00:00-04:00,93.31265586476779,94.68177967277242,92.81128917312375,94.63357543945312,1869700,0.0,0.0
2024-05-22 00:00:00-04:00,94.28649328200999,95.17353081512806,93.82368693304639,95.16388702392578,2101100,0.0,0.0
2024-05-23 00:00:00-04:00,95.4531298074004,95.4531298074004,93.16803708201262,93.6501235961914,2439700,0.0,0.0
2024-05-24 00:00:00-04:00,93.97794025363002,94.16113547126513,93.41871816741673,94.07435607910156,1345700,0.0,0.0
2024-05-28 00:00:00-04:00,94.12257912475066,94.25756276804975,91.70250262379074,91.83748626708984,2176200,0.0,0.0
2024-05-29 00:00:00-04:00,91.00828837633972,91.90015133881158,90.8154567198326,91.39395904541016,1668900,0.0,0.0
2024-05-30 00:00:00-04:00,91.49037082111326,93.09090145224067,91.38431120791539,92.93663024902344,2657000,0.0,0.0
2024-05-31 00:00:00-04:00,93.43800081324243,95.896637335219,93.16802621769662,95.64595031738281,7140200,0.0,0.0
2024-06-03 00:00:00-04:00,95.5302506784016,95.68451451399237,93.93936395581423,95.2892074584961,2469100,0.0,0.0
2024-06-04 00:00:00-04:00,94.9613957713599,95.92556876182651,94.82641214117908,95.65560150146484,2059600,0.0,0.0
2024-06-05 00:00:00-04:00,95.95448968188241,97.17899345969971,95.60739418407324,97.16934967041016,1740700,0.0,0.0
2024-06-06 00:00:00-04:00,97.22721015383611,97.22721015383611,95.5302708242039,95.84844970703125,1508200,0.0,0.0
2024-06-07 00:00:00-04:00,95.6266795342785,96.44622512249485,95.01925318547123,95.12531280517578,1916200,0.0,0.0
2024-06-10 00:00:00-04:00,95.03852340815972,95.31331621831143,94.0647067097361,94.2479019165039,2339900,0.0,0.0
2024-06-11 00:00:00-04:00,93.94901135804643,93.98275358498233,92.53167599351555,93.04268646240234,2041200,0.0,0.0
2024-06-12 00:00:00-04:00,94.05507949629417,94.47931061599759,93.216246334512,93.95865631103516,1617000,0.0,0.0
2024-06-13 00:00:00-04:00,93.66940933030173,94.09364045230079,92.77754635422343,93.94902038574219,1307600,0.0,0.0
2024-06-14 00:00:00-04:00,92.93663761490261,93.73690299389294,92.33981868858932,93.6501235961914,1774300,0.0,0.0
2024-06-17 00:00:00-04:00,93.62120436291542,94.60466502145047,93.2471047380223,93.97795104980469,1590900,0.0,0.0
2024-06-18 00:00:00-04:00,93.37050172317666,93.99721559024852,91.23968045997681,93.04268646240234,2647300,0.0,0.0
2024-06-20 00:00:00-04:00,92.69559566331867,93.68869271954452,92.37741679402596,93.13911437988281,1557500,0.0,0.0
2024-06-21 00:00:00-04:00,93.18732427589511,93.21624828965697,92.13637185419012,92.48347473144531,2522400,0.0,0.0
2024-06-24 00:00:00-04:00,92.80164706943285,93.81403161624901,92.41597641559545,93.3994369506836,1355200,0.0,0.0
2024-06-25 00:00:00-04:00,93.33193694202076,93.49101899255511,91.80854203897074,92.23278045654297,1750900,0.0,0.0
2024-06-26 00:00:00-04:00,91.60607885849582,92.60881966197567,91.25897598975064,92.31956481933594,2094500,0.0,0.0
2024-06-27 00:00:00-04:00,92.16529344963297,92.8787867653009,91.78926656848246,92.56060791015625,1391000,0.0,0.0
2024-06-28 00:00:00-04:00,93.10054204052184,93.65976414305887,91.96281761221309,92.81129455566406,4754300,0.0,0.0
2024-07-01 00:00:00-04:00,93.14874062306458,93.26926223060337,91.38430252324345,91.54821014404297,2967400,0.0,0.0
2024-07-02 00:00:00-04:00,91.40360468467573,92.78237238916506,91.34574930170791,92.51239776611328,1793100,0.0,0.0
2024-07-03 00:00:00-04:00,92.90771022627285,93.70797557619461,92.7727265956904,93.05233764648438,1317700,0.0,0.0
2024-07-05 00:00:00-04:00,92.85950217247128,93.4090805053711,92.19422778383873,93.4090805053711,1640000,0.0,0.0
2024-07-08 00:00:00-04:00,93.85259078826495,94.47930467274362,93.51513172925512,93.91044616699219,1822600,0.0,0.0
2024-07-09 00:00:00-04:00,93.63083839441283,93.96829746518571,92.7823688227473,92.8594970703125,2927000,0.0,0.0
2024-07-10 00:00:00-04:00,92.75343547918222,93.51416935427515,92.46418800584608,93.3994369506836,1860100,0.0,0.0
2024-07-11 00:00:00-04:00,93.83332914239027,96.20519417020712,93.49587001657314,95.68453979492188,2191600,0.0,0.0
2024-07-12 00:00:00-04:00,96.41729080738271,97.21659244326524,96.11839955981759,96.61976623535156,1393900,0.0,0.0
2024-07-15 00:00:00-04:00,96.65833519388052,96.90902221268242,95.72308628486111,95.87735748291016,2214300,0.0,0.0
2024-07-16 00:00:00-04:00,95.99305557117783,96.57156522013524,95.04817020918483,96.05091094970703,2564400,0.0,0.0
2024-07-17 00:00:00-04:00,95.80023006105219,96.88974290506198,95.26993196756375,95.38563537597656,1881100,0.0,0.0
2024-07-18 00:00:00-04:00,94.6721485997943,96.68726662560228,94.6721485997943,95.17351531982422,2870900,0.0,0.0
2024-07-19 00:00:00-04:00,95.42420252037628,95.54954236158318,93.95865544815084,94.22863006591797,2410600,0.0,0.0
2024-07-22 00:00:00-04:00,95.23136264276894,95.94485594916054,93.83331475472487,95.90628814697266,1739600,0.0,0.0
2024-07-23 00:00:00-04:00,95.71344475111168,96.15214520533749,94.72034779745293,94.85533142089844,2340700,0.0,0.0
2024-07-24 00:00:00-04:00,86.97321707667926,90.24658079286245,86.97321707667926,88.15432739257812,5838200,0.0,0.0
2024-07-25 00:00:00-04:00,88.22183032810251,91.5867920699923,87.5565485979198,89.69701385498047,4281200,0.0,0.0
2024-07-26 00:00:00-04:00,90.53583309926157,90.64189270243273,88.50142777451319,90.1308822631836,2466100,0.0,0.0
2024-07-29 00:00:00-04:00,90.0634043062956,90.622619060942,89.38847878632662,89.69701385498047,1466500,0.0,0.0
2024-07-30 00:00:00-04:00,90.14051565921162,91.00827267590357,89.62950523717494,90.45869445800781,2026300,0.0,0.0
2024-07-31 00:00:00-04:00,91.22040134645067,91.97727327011268,90.81062490944923,91.11434173583984,2060800,0.0,0.0
2024-08-01 00:00:00-04:00,91.11434807513538,91.52894275744438,90.00072944229716,90.92151641845703,2687900,0.0,0.0
2024-08-02 00:00:00-04:00,90.25623493089,91.27825595482778,89.28241814321831,90.91187286376953,3107000,0.0,0.0
2024-08-05 00:00:00-04:00,89.51382169339723,91.63500679955021,89.22457419441491,90.07304382324219,3733300,0.0,0.0
2024-08-06 00:00:00-04:00,90.40085980657427,91.7169538520886,89.87056173018448,90.04411315917969,3123200,0.0,0.0
2024-08-07 00:00:00-04:00,90.83472507704904,91.77961772503464,89.03171916440913,89.15706634521484,2143600,0.0,0.0
2024-08-08 00:00:00-04:00,89.84164608721542,90.00555374207525,88.91121525852208,89.31134796142578,2477800,0.0,0.0
2024-08-09 00:00:00-04:00,89.21493869989045,90.17429361411963,88.61715606610866,90.05377197265625,1554300,0.0,0.0
2024-08-12 00:00:00-04:00,90.0923285719317,90.1260708021937,88.84854450404642,88.98352813720703,1499000,0.0,0.0
2024-08-13 00:00:00-04:00,89.33061920122428,90.02482485488616,88.27003049970988,89.10885620117188,1722600,0.0,0.0
2024-08-14 00:00:00-04:00,89.0413664789708,89.75485237036497,88.66533963377283,88.80996704101562,1830200,0.0,0.0
2024-08-15 00:00:00-04:00,89.67772043198323,90.16944329786267,88.83888738939534,89.87055206298828,2539600,0.0,0.0
2024-08-16 00:00:00-04:00,89.49295717689489,90.28690067285592,88.999160799235,89.19281005859375,1675000,0.39,0.0
2024-08-19 00:00:00-04:00,89.27027045187619,89.72533701883533,88.97012330641999,89.71566009521484,2293900,0.0,0.0
2024-08-20 00:00:00-04:00,89.71565877706455,90.11262686164532,88.98464477140547,89.80279541015625,1521800,0.0,0.0
2024-08-21 00:00:00-04:00,90.18039125754308,91.00338025761681,89.93349677361003,90.97433471679688,1360900,0.0,0.0
2024-08-22 00:00:00-04:00,91.10988109570935,91.27447741037726,90.44568229697654,90.74195861816406,974700,0.0,0.0
2024-08-23 00:00:00-04:00,91.17765764624839,91.76827491179039,90.76132100639032,91.20670318603516,1063300,0.0,0.0
2024-08-26 00:00:00-04:00,91.52623664109558,91.71020161136006,90.33532495718543,90.67420196533203,1085700,0.0,0.0
2024-08-27 00:00:00-04:00,90.4514935778511,90.76132499412839,90.05452553838501,90.17070770263672,1301400,0.0,0.0
2024-08-28 00:00:00-04:00,90.25786090527954,90.87752380094494,89.96739069113947,90.44182586669922,978500,0.0,0.0
2024-08-29 00:00:00-04:00,91.01306892571981,91.76828257106155,90.28690082258906,90.84847259521484,1194900,0.0,0.0
2024-08-30 00:00:00-04:00,91.06148186562162,91.68598317567107,90.40308916547141,91.68114471435547,1765400,0.0,0.0
2024-09-03 00:00:00-04:00,90.9937069259576,92.24270955228238,90.34499114520497,92.01033782958984,2363200,0.0,0.0
2024-09-04 00:00:00-04:00,91.93287828202781,92.63968514790935,90.75165104727851,91.26480865478516,1443200,0.0,0.0
2024-09-05 00:00:00-04:00,91.1679968631099,91.36163875394293,88.95076249433802,89.49296569824219,1153000,0.0,0.0
2024-09-06 00:00:00-04:00,89.34771584840809,90.34014699589267,88.27783238954511,88.52472686767578,1861600,0.0,0.0
2024-09-09 00:00:00-04:00,89.1831213212153,89.59945797446184,88.45695325534086,88.76678466796875,2121000,0.0,0.0
2024-09-10 00:00:00-04:00,89.15407976987174,89.56073213208663,88.77162710136467,89.22185516357422,1326300,0.0,0.0
2024-09-11 00:00:00-04:00,89.18312576640061,89.86087970687952,87.4693649088178,89.5510482788086,1486900,0.0,0.0
2024-09-12 00:00:00-04:00,89.57042410666884,89.85121001516828,88.44244201090825,89.77375030517578,1763200,0.0,0.0
2024-09-13 00:00:00-04:00,90.1126180539038,91.43908775026517,89.78342540066942,91.18734741210938,1306700,0.0,0.0
2024-09-16 00:00:00-04:00,91.67145865979298,92.44604089944802,91.27448323055474,91.79732513427734,1829000,0.0,0.0
2024-09-17 00:00:00-04:00,91.83605577776552,93.24482363715508,91.83605577776552,93.03665161132812,1901200,0.0,0.0
2024-09-18 00:00:00-04:00,93.43364001351684,93.43364001351684,90.85815996584674,91.0033950805664,2484900,0.0,0.0
2024-09-19 00:00:00-04:00,92.15557025155847,93.39489591923225,91.37614955458125,93.31743621826172,2244800,0.0,0.0
2024-09-20 00:00:00-04:00,92.71714320504502,93.11411125047846,92.02485912246279,92.4847640991211,7946600,0.0,0.0
2024-09-23 00:00:00-04:00,92.53317380611567,93.82091358835301,92.25238794019421,93.19156646728516,2607700,0.0,0.0
2024-09-24 00:00:00-04:00,94.6148723054543,96.59005060789518,94.6148723054543,95.78642272949219,3969500,0.0,0.0
2024-09-25 00:00:00-04:00,95.95100844396255,96.74979777205523,95.43301238298467,96.37702941894531,1982600,0.0,0.0
2024-09-26 00:00:00-04:00,98.27475012772852,100.67110339482961,98.05205532545081,100.09500885009766,3515300,0.0,0.0
2024-09-27 00:00:00-04:00,100.6953194764203,101.89107698615994,100.34191970237718,101.11165618896484,3657100,0.0,0.0
2024-09-30 00:00:00-04:00,101.12132670748316,101.36338273090249,99.9497764405693,100.63721466064453,3276300,0.0,0.0
2024-10-01 00:00:00-04:00,100.78244953958168,100.78244953958168,98.76370304699056,100.47261810302734,2712100,0.0,0.0
2024-10-02 00:00:00-04:00,100.20152046140322,101.76036201547664,99.48987508293646,101.47957611083984,2778400,0.0,0.0
2024-10-03 00:00:00-04:00,101.3052948080704,102.04114726421749,100.6081795931022,100.98578643798828,2843600,0.0,0.0
2024-10-04 00:00:00-04:00,101.79907476668177,101.81844338414159,100.2305491657793,101.23750305175781,1506000,0.0,0.0
2024-10-07 00:00:00-04:00,100.7824436658794,101.63448560696904,100.22087929839105,100.71466827392578,1451800,0.0,0.0
2024-10-08 00:00:00-04:00,99.41725671697353,100.59849137019889,97.24843667406375,97.93587493896484,2269100,0.0,0.0
2024-10-09 00:00:00-04:00,97.90681901830027,99.7658074294606,97.66960146571861,99.63025665283203,1591800,0.0,0.0
2024-10-10 00:00:00-04:00,99.23328278299077,99.94977391280545,98.45192672739819,99.70771789550781,1817900,0.0,0.0
2024-10-11 00:00:00-04:00,99.97882825632215,102.01693596472862,99.97882825632215,100.72435760498047,2408400,0.0,0.0
2024-10-14 00:00:00-04:00,100.50166834614375,102.73148250524339,100.06596305244216,101.9733657836914,2794600,0.0,0.0
2024-10-15 00:00:00-04:00,102.42845144831867,102.63177766858475,101.11166578538715,101.16007995605469,2350400,0.0,0.0
2024-10-16 00:00:00-04:00,100.85023456915653,102.12829019678574,100.69531515394607,101.7894058227539,2132700,0.0,0.0
2024-10-17 00:00:00-04:00,102.21542071244127,102.95127311673905,101.6054421722125,101.86685943603516,1657100,0.0,0.0
2024-10-18 00:00:00-04:00,102.48652955767507,102.76731546064522,101.90559651810015,102.64144897460938,1135200,0.0,0.0
2024-10-21 00:00:00-04:00,102.19606800694469,102.87382199708085,101.6441805044154,102.1670150756836,1091000,0.0,0.0
2024-10-22 00:00:00-04:00,101.86685096570443,101.86685096570443,99.63509424479882,99.68834686279297,2339900,0.0,0.0
2024-10-23 00:00:00-04:00,99.51407014661962,100.0659575788825,99.00091256414262,99.5915298461914,1722000,0.0,0.0
2024-10-24 00:00:00-04:00,99.27202147863113,99.98366682386019,98.58458321468169,99.23329162597656,1430500,0.0,0.0
2024-10-25 00:00:00-04:00,99.71739720025,99.73676581879613,97.91166133641282,98.04237365722656,1505400,0.0,0.0
2024-10-28 00:00:00-04:00,98.78790537834253,99.25265620430906,97.88745665494044,98.22633361816406,1492600,0.0,0.0
2024-10-29 00:00:00-04:00,97.65508364387989,98.75402006940865,97.43238884987036,98.14888000488281,2162900,0.0,0.0
2024-10-30 00:00:00-04:00,94.07266758937179,96.54163488744479,93.09475907100048,95.15707397460938,3765300,0.0,0.0
2024-10-31 00:00:00-04:00,94.20820930893704,96.52226435196167,94.1888406899446,95.07960510253906,2425500,0.0,0.0
2024-11-01 00:00:00-04:00,95.37007177492366,97.05477960391771,95.31198069401599,96.28020477294922,3060600,0.0,0.0
2024-11-04 00:00:00-05:00,96.5803518735902,97.12933622645093,95.98973459448385,96.28020477294922,1613600,0.0,0.0
2024-11-05 00:00:00-05:00,96.27051862506777,97.72285471572836,96.12528353860903,96.97732543945312,1622400,0.0,0.0
2024-11-06 00:00:00-05:00,99.35916312999878,99.35916312999878,95.57340322642717,97.36461639404297,2935000,0.0,0.0
2024-11-07 00:00:00-05:00,97.88747124453668,98.77823579119207,97.59700839860899,97.73255920410156,1662200,0.0,0.0
2024-11-08 00:00:00-05:00,97.2097089229437,98.4790479242768,96.75464237748949,96.8514633178711,2689000,0.0,0.0
2024-11-11 00:00:00-05:00,97.26779791668422,98.57489905111912,97.26779791668422,98.29411315917969,1612600,0.0,0.0
2024-11-12 00:00:00-05:00,98.2747427269259,98.48775320342057,96.43511552361046,96.56098937988281,2451400,0.0,0.0
2024-11-13 00:00:00-05:00,96.38672267838572,97.6163641699493,96.18338909456261,97.20002746582031,2324300,0.0,0.0
2024-11-14 00:00:00-05:00,97.06447293523584,97.58731487289376,96.53194668753865,96.55131530761719,1980700,0.0,0.0
2024-11-15 00:00:00-05:00,96.58047228387349,97.4164149630397,95.90977219069033,96.32774353027344,1855200,0.39,0.0
2024-11-18 00:00:00-05:00,95.92921161666219,98.1940256941505,95.92921161666219,97.95101928710938,1851400,0.0,0.0
2024-11-19 00:00:00-05:00,97.3969752364294,98.34956371541092,96.97900387564687,97.47473907470703,1755100,0.0,0.0
2024-11-20 00:00:00-05:00,97.65941629310757,97.91214503353478,95.96322889795947,96.90123748779297,1881900,0.0,0.0
2024-11-21 00:00:00-05:00,97.08593493058041,97.72747552284652,96.37636024443339,97.15397644042969,2564100,0.0,0.0
2024-11-22 00:00:00-05:00,97.1442411170758,98.96192424809554,97.11508153554644,98.36898803710938,1820000,0.0,0.0
2024-11-25 00:00:00-05:00,98.89389032583308,99.96798196220792,98.8501509501895,99.59375,2311800,0.0,0.0
2024-11-26 00:00:00-05:00,99.34102391703414,99.56459309183275,98.60228972197699,99.11746215820312,1179800,0.0,0.0
2024-11-27 00:00:00-05:00,99.22438283699452,100.12350213817697,98.8647306669411,99.65206909179688,1373400,0.0,0.0
2024-11-29 00:00:00-05:00,99.4285049433559,100.32276676435636,99.11745703100935,100.09920501708984,1060600,0.0,0.0
2024-12-02 00:00:00-05:00,100.12836728388473,100.3422141198486,98.47591917977945,98.95221710205078,1444500,0.0,0.0
2024-12-03 00:00:00-05:00,99.11744936238495,99.2632546822594,97.75758356179605,98.23290252685547,1352200,0.0,0.0
2024-12-04 00:00:00-05:00,98.19402568431495,98.61199700102249,97.5233330438062,98.30094909667969,1210100,0.0,0.0
2024-12-05 00:00:00-05:00,96.95955670540401,97.76633975907555,96.23053748205511,96.34718322753906,1989300,0.0,0.0
2024-12-06 00:00:00-05:00,97.03733066696662,97.6302669571403,96.53187313306393,97.00817108154297,1475700,0.0,0.0
2024-12-09 00:00:00-05:00,97.69830319407465,98.7772522923818,97.47473402460139,98.04823303222656,1864500,0.0,0.0
2024-12-10 00:00:00-05:00,97.23171993505021,97.98018380271357,96.07500709373419,97.26087951660156,1915000,0.0,0.0
2024-12-11 00:00:00-05:00,97.35810093861025,98.00935639963154,96.04586026680268,96.2208251953125,1587200,0.0,0.0
2024-12-12 00:00:00-05:00,95.36544531510187,95.73481242411498,94.5295025909431,95.52096557617188,1780100,0.0,0.0
2024-12-13 00:00:00-05:00,95.33629358829383,95.77370223807496,94.61213168733288,95.05440521240234,1471400,0.0,0.0
2024-12-16 00:00:00-05:00,95.27795450697984,95.34599600838135,93.3582052597534,93.49915313720703,2225800,0.0,0.0
2024-12-17 00:00:00-05:00,93.26586904160551,94.4614639937386,92.83040339804455,93.64495849609375,1851200,0.0,0.0
2024-12-18 00:00:00-05:00,93.45054909139732,94.20872794180994,91.18572745754712,91.224609375,2215200,0.0,0.0
2024-12-19 00:00:00-05:00,91.26348897600893,92.3715976394041,90.1709315960067,90.27202606201172,2299500,0.0,0.0
2024-12-20 00:00:00-05:00,90.36922692530784,91.42873133655074,90.08733859359079,90.94271850585938,4294200,0.0,0.0
2024-12-23 00:00:00-05:00,90.55391177342398,90.99132034306325,90.2438353583523,90.89411926269531,1220100,0.0,0.0
2024-12-24 00:00:00-05:00,90.72888179553395,91.46762345706985,90.28175083133193,91.37042236328125,442900,0.0,0.0
2024-12-26 00:00:00-05:00,90.91356149590948,91.71062226416569,90.82608274357321,91.51622009277344,605100,0.0,0.0
2024-12-27 00:00:00-05:00,91.03992953038698,91.73006687919835,90.573353936954,90.90383911132812,789700,0.0,0.0
2024-12-30 00:00:00-05:00,90.30118559292092,90.6413930918416,89.37775676331641,89.98041534423828,1957400,0.0,0.0
2024-12-31 00:00:00-05:00,90.20398962775714,90.5539194796347,89.55272676033809,90.01930236816406,865100,0.0,0.0
2025-01-02 00:00:00-05:00,90.77748380074772,91.04964982299816,89.50413244694694,89.65965270996094,1278400,0.0,0.0
2025-01-03 00:00:00-05:00,89.68879958320117,90.66082519115855,89.6013208381491,90.29145812988281,1284700,0.0,0.0
2025-01-06 00:00:00-05:00,90.27202863399373,90.79692339728867,89.57216894960048,89.708251953125,2037700,0.0,0.0
2025-01-07 00:00:00-05:00,89.49440264735343,90.61223364489021,89.28055581457645,89.54300689697266,2160300,0.0,0.0
2025-01-08 00:00:00-05:00,88.94035590597335,89.33889002215652,87.8419694809267,89.22224426269531,2814100,0.0,0.0
2025-01-10 00:00:00-05:00,88.12385791613981,88.9938176979964,87.98776748866324,88.23077392578125,2227600,0.0,0.0
2025-01-13 00:00:00-05:00,87.94887795918028,88.639015232773,87.59894815623655,88.60985565185547,2870700,0.0,0.0
2025-01-14 00:00:00-05:00,89.05698891422719,89.38261660313566,88.32796970790369,89.21250915527344,1856600,0.0,0.0
2025-01-15 00:00:00-05:00,90.10678116566324,90.79206107724409,89.49440763257242,89.66937255859375,1773000,0.0,0.0
2025-01-16 00:00:00-05:00,90.12621294155286,90.78719063242576,89.48467249924975,90.59278106689453,1425100,0.0,0.0
2025-01-17 00:00:00-05:00,91.36070229289302,92.3327280868005,91.03993941703945,92.11888122558594,1869800,0.0,0.0
2025-01-21 00:00:00-05:00,92.12860095498021,93.06174480082974,91.97308068865598,92.82846069335938,2041000,0.0,0.0
2025-01-22 00:00:00-05:00,92.52714016082382,93.41167980054732,91.6318992785925,92.72154235839844,1927900,0.0,0.0
2025-01-23 00:00:00-05:00,92.82845793594258,94.07264969345063,92.61461108712692,93.50887298583984,2471500,0.0,0.0
2025-01-24 00:00:00-05:00,93.50886027985085,94.22816456739496,93.36306237180379,93.96571350097656,1557500,0.0,0.0
2025-01-27 00:00:00-05:00,94.12124361330036,95.20990757361338,93.31446055987767,95.00578308105469,2136900,0.0,0.0
2025-01-28 00:00:00-05:00,94.49062128333038,94.87943306247395,92.78957623854917,93.1881103515625,3229300,0.0,0.0
2025-01-29 00:00:00-05:00,91.43845113539422,94.16984079506899,89.35831687096402,92.00222778320312,3861000,0.0,0.0
2025-01-30 00:00:00-05:00,94.21845529865247,94.28649680383094,91.99251546357371,92.69237518310547,2499600,0.0,0.0
2025-01-31 00:00:00-05:00,92.1869099831909,93.19781755894174,92.04111206704621,92.75068664550781,1789100,0.0,0.0
2025-02-03 00:00:00-05:00,91.36068988336604,92.41047937802554,90.2768833468438,91.905029296875,2002100,0.0,0.0
2025-02-04 00:00:00-05:00,92.27440398427905,92.37160507528502,91.27321865657845,91.78839111328125,1575100,0.0,0.0
2025-02-05 00:00:00-05:00,91.44817604923796,92.22093467059818,90.85621129392773,91.905029296875,1421000,0.0,0.0
2025-02-06 00:00:00-05:00,92.33272292949827,93.37279017424694,92.22579950486328,93.36307525634766,1756300,0.0,0.0
2025-02-07 00:00:00-05:00,93.67412080814073,93.6935580594116,91.88558963654604,92.17720031738281,2284300,0.0,0.0
2025-02-10 00:00:00-05:00,92.99370563978974,93.40681956732827,92.53685233149109,93.37279510498047,1870300,0.0,0.0
2025-02-11 00:00:00-05:00,93.14922065230895,94.25732930994073,92.95481107099016,93.9754409790039,1710400,0.0,0.0
2025-02-12 00:00:00-05:00,93.17838016157856,94.12124623631662,92.82845033144964,94.03376007080078,2178400,0.0,0.0
2025-02-13 00:00:00-05:00,94.53921992262315,95.47722114623595,94.05320708154689,95.2779541015625,2142500,0.0,0.0
2025-02-14 00:00:00-05:00,95.6097641319476,95.68783860476536,94.25325181050287,94.40939331054688,2267800,0.39,0.0
2025-02-18 00:00:00-05:00,94.59482754726011,95.30724415141405,94.35085038010484,95.2584457397461,1647000,0.0,0.0
2025-02-19 00:00:00-05:00,94.86807942519081,95.97085352453371,94.64362460415259,95.93182373046875,1767900,0.0,0.0
2025-02-20 00:00:00-05:00,95.82446643591419,96.7954907137446,95.49265364498737,96.64422607421875,1757200,0.0,0.0
2025-02-21 00:00:00-05:00,96.41977068695121,97.3468808597599,95.575604404384,96.00012969970703,2744900,0.0,0.0
2025-02-24 00:00:00-05:00,96.00012880664356,97.28832782249911,95.80494262509482,96.30265808105469,2247400,0.0,0.0
2025-02-25 00:00:00-05:00,96.73206835131107,98.66436331443057,96.37097946934188,97.63966369628906,4859700,0.0,0.0
2025-02-26 00:00:00-05:00,97.83484117483553,97.83484117483553,95.31699509631164,96.3514633178711,2457300,0.0,0.0
2025-02-27 00:00:00-05:00,96.05868045996598,97.14193956399468,95.63903947871532,95.72686767578125,1920300,0.0,0.0
2025-02-28 00:00:00-05:00,96.21482604241963,97.66893522846422,96.06844570776369,97.37615966796875,3727300,0.0,0.0
2025-03-03 00:00:00-05:00,97.78604584155495,99.54268442733303,97.7274937038931,98.30328369140625,2919100,0.0,0.0
2025-03-04 00:00:00-05:00,97.60062342200918,99.49388108667644,97.0638707013918,97.21025848388672,3177100,0.0,0.0
2025-03-05 00:00:00-05:00,97.54207124306573,99.19135932284394,97.54207124306573,98.91810607910156,2748800,0.0,0.0
2025-03-06 00:00:00-05:00,98.56676940104752,100.20141929756895,97.68845016479112,100.09894561767578,2251400,0.0,0.0
2025-03-07 00:00:00-05:00,99.56219369610942,102.01172640624415,99.18158993163966,101.50425720214844,3914600,0.0,0.0
2025-03-10 00:00:00-04:00,101.75798650398666,104.25436683937828,101.22124124103551,101.41641998291016,2896300,0.0,0.0
2025-03-11 00:00:00-04:00,101.07486252128996,101.35787693428932,98.3520763882193,98.71316528320312,2491800,0.0,0.0
2025-03-12 00:00:00-04:00,98.45943050781453,99.02545935432669,97.06388073553398,97.50304412841797,2619700,0.0,0.0
2025-03-13 00:00:00-04:00,97.259056893249,98.31303254691014,96.9467589862775,97.21025848388672,2075300,0.0,0.0
2025-03-14 00:00:00-04:00,97.99099055910196,98.5033366409436,97.2688128014122,98.19593048095703,1613000,0.0,0.0
2025-03-17 00:00:00-04:00,97.71773304936819,99.23039447543455,97.30785319238237,98.94738006591797,1757600,0.0,0.0
2025-03-18 00:00:00-04:00,98.82051577032556,99.4450967346106,98.08369994616362,99.22063446044922,2183400,0.0,0.0
2025-03-19 00:00:00-04:00,99.22063794267265,100.33317328970018,98.88883255119795,100.29413604736328,1833100,0.0,0.0
2025-03-20 00:00:00-04:00,99.40604638234606,100.06478763768868,98.65459262263464,99.44508361816406,1812300,0.0,0.0
2025-03-21 00:00:00-04:00,99.04496648666645,99.85497245051553,97.8641179174177,98.77171325683594,7259800,0.0,0.0
2025-03-24 00:00:00-04:00,99.12303946360458,99.71346746207979,98.6546000441407,98.93761444091797,2161400,0.0,0.0
2025-03-25 00:00:00-04:00,99.15231681222626,99.22063011953146,98.2349677492125,98.95713806152344,1392100,0.0,0.0
2025-03-26 00:00:00-04:00,98.91809659481048,100.43075790768316,98.76194764444789,100.21605682373047,1779000,0.0,0.0
2025-03-27 00:00:00-04:00,100.46004514748925,100.73037227753626,99.45486036590816,100.52835845947266,1543700,0.0,0.0
2025-03-28 00:00:00-04:00,100.80160453899313,100.84064177814935,99.52316660039338,99.65003204345703,1327600,0.0,0.0
2025-03-31 00:00:00-04:00,99.21086774626089,101.02605081723573,98.52772728716234,100.71376037597656,2477700,0.0,0.0
2025-04-01 00:00:00-04:00,100.86016054057326,101.58233087866151,100.04040082365022,101.55305480957031,1970500,0.0,0.0
2025-04-02 00:00:00-04:00,100.67473607677758,101.52865611303226,100.20629666654318,101.43594360351562,1922600,0.0,0.0
2025-04-03 00:00:00-04:00,101.14316634471685,103.39751282002253,100.73328652113248,101.78726959228516,4133800,0.0,0.0
2025-04-04 00:00:00-04:00,99.99159040042355,100.42099255042754,92.4868511736995,92.68203735351562,5319500,0.0,0.0
2025-04-07 00:00:00-04:00,91.09130377962953,93.6677092948114,89.14924777961382,89.74455261230469,4484200,0.0,0.0
2025-04-08 00:00:00-04:00,91.04252587726243,91.99891225853035,87.5390096817059,88.69058227539062,3422700,0.0,0.0
2025-04-09 00:00:00-04:00,88.31972613645449,93.48228339745967,88.09038702542522,92.00865936279297,4818800,0.0,0.0
2025-04-10 00:00:00-04:00,91.54999109133377,92.91626473548361,89.19317073043356,92.0477066040039,3937600,0.0,0.0
2025-04-11 00:00:00-04:00,91.90131001162752,95.6390416933186,91.17230468761535,94.75096130371094,2941400,0.0,0.0
2025-04-14 00:00:00-04:00,95.09254677723408,96.79062584237252,94.66314456363416,96.14652252197266,1736900,0.0,0.0
2025-04-15 00:00:00-04:00,96.48808576628723,97.31760658548276,96.10259770053942,96.4100112915039,1566800,0.0,0.0
2025-04-16 00:00:00-04:00,96.53689232261007,96.99557062906355,94.08736670673888,94.44844818115234,2005000,0.0,0.0
2025-04-17 00:00:00-04:00,94.91688291217889,96.84917798219341,94.71194297721325,96.14652252197266,1964400,0.0,0.0
2025-04-21 00:00:00-04:00,95.59024877447992,96.00013606392255,93.8043416132476,94.7119369506836,2114100,0.0,0.0
2025-04-22 00:00:00-04:00,95.54146244997966,96.90773610809921,95.06326927559516,96.566162109375,2921600,0.0,0.0
2025-04-23 00:00:00-04:00,93.62867708489014,95.03398046019602,88.3929218827272,90.07637023925781,5327100,0.0,0.0
2025-04-24 00:00:00-04:00,90.38866354723717,91.21818442625519,89.89094804158945,90.50576782226562,5064300,0.0,0.0
2025-04-25 00:00:00-04:00,91.06203523961072,91.4426390236939,89.52498206893576,90.69119262695312,4901100,0.0,0.0
2025-04-28 00:00:00-04:00,90.69118162950613,91.6573290068988,90.2715406561996,91.39383697509766,4346200,0.0,0.0
2025-04-29 00:00:00-04:00,90.91565243619193,92.98457398690067,90.88636892270753,92.61373138427734,2802300,0.0,0.0
2025-04-30 00:00:00-04:00,93.05288757653314,94.24349731171979,91.97451269606422,93.95072174072266,3275600,0.0,0.0
2025-05-01 00:00:00-04:00,93.48228925355885,94.4777127874711,93.36517753667833,94.06783294677734,2219300,0.0,0.0
2025-05-02 00:00:00-04:00,94.78024697626078,95.26820128173776,94.35084480485166,94.97542572021484,2397400,0.0,0.0
2025-05-05 00:00:00-04:00,95.06326293945312,95.4828965013368,94.00927983524574,95.06326293945312,1411000,0.0,0.0
2025-05-06 00:00:00-04:00,94.52650711826792,94.78999916288801,93.6872251308236,93.87265014648438,4212700,0.0,0.0
2025-05-07 00:00:00-04:00,94.24349426199939,95.24867893998726,93.99464024661918,94.97542572021484,3436500,0.0,0.0
2025-05-08 00:00:00-04:00,95.68784228227163,95.87325985535044,94.55578471968097,94.97542572021484,5228900,0.0,0.0
2025-05-09 00:00:00-04:00,95.1706085667733,95.4926602092131,94.6045872066698,94.66313934326172,2082300,0.0,0.0
2025-05-12 00:00:00-04:00,96.2148359083257,96.2148359083257,95.07790881609401,95.63905334472656,3758900,0.0,0.0
2025-05-13 00:00:00-04:00,95.50241688685534,95.53169295377377,94.4777098711593,94.65337371826172,3216600,0.0,0.0
2025-05-14 00:00:00-04:00,94.54601692611406,94.98518023763623,93.53107114834512,93.72625732421875,4297700,0.0,0.0
2025-05-15 00:00:00-04:00,94.15566729767285,95.61953023333226,93.96536541386081,95.5024185180664,5922700,0.0,0.0
2025-05-16 00:00:00-04:00,95.90426335840588,96.94319047435256,95.48771891744481,96.923583984375,3716200,0.42,0.0
2025-05-19 00:00:00-04:00,96.49233689248737,96.96279547108043,95.99248353248369,96.58055114746094,3165200,0.0,0.0
2025-05-20 00:00:00-04:00,96.61975590300861,96.99219697814655,96.06109055145902,96.25711059570312,2410300,0.0,0.0
2025-05-21 00:00:00-04:00,95.66903013967195,96.55113517569967,95.07115936401341,95.68862915039062,2165200,0.0,0.0
2025-05-22 00:00:00-04:00,95.28679461404742,95.9973765913326,94.81143817539295,95.24758911132812,2368400,0.0,0.0
2025-05-23 00:00:00-04:00,94.83594603070871,95.2181903491476,94.35568421303087,94.85554504394531,2286800,0.0,0.0
2025-05-27 00:00:00-04:00,95.20837153457398,95.21817477843186,94.40467752496315,95.15936279296875,2192500,0.0,0.0
2025-05-28 00:00:00-04:00,95.11037501985369,95.2377872973422,93.19914599141514,93.26776123046875,1988500,0.0,0.0
2025-05-29 00:00:00-04:00,93.79701683091956,93.79701683091956,92.5865740228807,93.26776123046875,2121600,0.0,0.0
2025-05-30 00:00:00-04:00,93.26775508146142,94.08124491900222,92.79729655046214,93.45397186279297,3846100,0.0,0.0
2025-06-02 00:00:00-04:00,92.87571335521932,93.50298645062352,91.43494289375849,92.3366470336914,2208300,0.0,0.0
2025-06-03 00:00:00-04:00,92.14062939256029,93.12074456433784,91.84659184995287,93.00312805175781,2359700,0.0,0.0
2025-06-04 00:00:00-04:00,93.43438420166214,94.12046185345912,93.0766367682314,93.37557220458984,1496400,0.0,0.0
2025-06-05 00:00:00-04:00,93.66960263205989,93.85582689953375,92.7777017525649,93.38536834716797,1707400,0.0,0.0
2025-06-06 00:00:00-04:00,93.63040433457172,94.37529398410263,93.63040433457172,94.14986419677734,1669500,0.0,0.0
2025-06-09 00:00:00-04:00,94.33608319433753,94.52230746571028,92.86591046923098,93.42457580566406,1646700,0.0,0.0
2025-06-10 00:00:00-04:00,93.84602561930201,93.90483013544703,93.15994800532636,93.42457580566406,1852300,0.0,0.0
2025-06-11 00:00:00-04:00,93.93423632189649,93.93423632189649,92.8953166122323,93.50299072265625,1781200,0.0,0.0
2025-06-12 00:00:00-04:00,93.39516858740585,95.02215576171875,93.01292429739382,95.02215576171875,2406000,0.0,0.0
2025-06-13 00:00:00-04:00,94.30668226568189,95.06136765169371,93.68920492671421,93.91463470458984,1873600,0.0,0.0
2025-06-16 00:00:00-04:00,94.65952424911212,95.62983616685251,94.1400644090863,94.5321044921875,2252800,0.0,0.0
2025-06-17 00:00:00-04:00,93.83621614774283,94.30667467874211,93.34615860522406,93.45397186279297,1925500,0.0,0.0
2025-06-18 00:00:00-04:00,93.64019637314775,94.6693127285886,93.11191290517908,93.76760864257812,1918100,0.0,0.0
2025-06-20 00:00:00-04:00,94.12045810059894,94.66442231629335,92.07202099499263,92.21903228759766,4536400,0.0,0.0
2025-06-23 00:00:00-04:00,92.63067890639459,94.14985280365424,92.00340584933383,94.07144927978516,2378500,0.0,0.0
2025-06-24 00:00:00-04:00,94.24787096486791,95.57102484534003,93.72350580064231,95.47301483154297,2929900,0.0,0.0
2025-06-25 00:00:00-04:00,95.43380953650394,95.49261404937218,94.58110671149083,94.7085189819336,2146500,0.0,0.0
2025-06-26 00:00:00-04:00,95.07116921961665,96.11008888214704,94.86534593615413,95.58082580566406,2585300,0.0,0.0
2025-06-27 00:00:00-04:00,95.79644861023579,96.22770165083132,94.9731555083914,95.65923309326172,2998800,0.0,0.0
2025-06-30 00:00:00-04:00,95.24758666047396,97.30582689532257,94.99765999946511,97.05099487304688,2350400,0.0,0.0
2025-07-01 00:00:00-04:00,97.15881541052087,98.98183024933519,96.5119432780594,98.43296813964844,1853400,0.0,0.0
2025-07-02 00:00:00-04:00,98.23694051800193,98.49176506202687,97.22741567598985,97.81549072265625,1709200,0.0,0.0
2025-07-03 00:00:00-04:00,97.71746677330134,98.02130752138603,97.14900573153365,97.53125,1052300,0.0,0.0
2025-07-07 00:00:00-04:00,97.84489192463309,97.91349968231322,96.71286018406839,97.79588317871094,1914900,0.0,0.0
2025-07-08 00:00:00-04:00,98.01151251751114,98.69269223040044,97.38423943561386,97.6978759765625,1809400,0.0,0.0
2025-07-09 00:00:00-04:00,98.16833322338192,98.16833322338192,96.49232980122311,97.36463165283203,1706800,0.0,0.0
2025-07-10 00:00:00-04:00,97.36463123892815,98.77599938730002,96.99708807343005,97.97230529785156,1590300,0.0,0.0
2025-07-11 00:00:00-04:00,97.2372190514016,97.62436870689973,97.00199351903005,97.51165008544922,1187200,0.0,0.0
2025-07-14 00:00:00-04:00,97.07060506772739,98.18793573722523,96.80596979050229,98.05072021484375,1897000,0.0,0.0
2025-07-15 00:00:00-04:00,99.22685385478471,99.4032748776252,97.37443685380222,97.40383911132812,2334000,0.0,0.0
2025-07-16 00:00:00-04:00,97.34503529915911,98.41336468898618,96.66385557671198,98.3447494506836,1899900,0.0,0.0
2025-07-17 00:00:00-04:00,98.41336198430629,99.3444683496238,98.08992220270488,99.06023406982422,1425500,0.0,0.0
2025-07-18 00:00:00-04:00,98.9622213685973,98.9622213685973,96.78636468259448,97.462646484375,2211300,0.0,0.0
2025-07-21 00:00:00-04:00,97.62927211961369,97.78608665751413,96.43842830652605,96.54134368896484,2498600,0.0,0.0
2025-07-22 00:00:00-04:00,96.44333213615765,99.1337434338589,96.38452014240453,98.98182678222656,2773200,0.0,0.0
2025-07-23 00:00:00-04:00,87.23025330469875,90.05298240506376,84.28990768768644,86.73039245605469,12607900,0.0,0.0
2025-07-24 00:00:00-04:00,86.9068096913923,88.15156013566006,86.25013432695651,87.42626953125,6741700,0.0,0.0
2025-07-25 00:00:00-04:00,88.39658704204857,88.631812582356,87.3478641393084,88.0045394897461,4084500,0.0,0.0
2025-07-28 00:00:00-04:00,87.68109972657824,87.93593175730989,86.13251600721033,86.1521224975586,4694700,0.0,0.0
2025-07-29 00:00:00-04:00,86.38734954099323,86.48535956138448,85.32882337432306,85.56405639648438,3457000,0.0,0.0
2025-07-30 00:00:00-04:00,85.27001480242005,85.77967137082787,84.3340030751744,84.71134948730469,3237200,0.0,0.0
2025-07-31 00:00:00-04:00,84.24089327801057,84.8730717307098,83.75083570809153,83.98606872558594,4071500,0.0,0.0
2025-08-01 00:00:00-04:00,84.28989561123416,84.28989561123416,82.57469424705207,83.24117279052734,3897500,0.0,0.0
2025-08-04 00:00:00-04:00,83.40779861987305,83.72143517196342,82.90793779452473,83.71163940429688,3632600,0.0,0.0
2025-08-05 00:00:00-04:00,83.97626348032799,84.7799575767458,83.44700042009895,84.5643310546875,5447400,0.0,0.0
2025-08-06 00:00:00-04:00,84.7603539282712,85.37782372592083,84.00566114234826,85.24060821533203,3897100,0.0,0.0
2025-08-07 00:00:00-04:00,85.7110691183656,86.58337102646755,85.20141251721601,85.59346008300781,5760200,0.0,0.0
2025-08-08 00:00:00-04:00,85.50524496535077,86.13251807320914,85.309224923277,85.73067474365234,3025000,0.0,0.0
2025-08-11 00:00:00-04:00,85.7306736331641,85.97570242142503,84.16249088383118,84.31930541992188,4171300,0.0,0.0
2025-08-12 00:00:00-04:00,84.77995671108448,86.52456040420093,84.37810592813628,86.39714813232422,4200200,0.0,0.0
2025-08-13 00:00:00-04:00,86.34814590747202,87.47527986059661,86.08841598285146,87.45568084716797,2417800,0.0,0.0
2025-08-14 00:00:00-04:00,86.80879563359044,86.98521665379849,85.55424947997086,85.79927825927734,2524000,0.0,0.0
2025-08-15 00:00:00-04:00,86.0947332338449,86.52806535016343,85.72049664212834,86.10458374023438,3697300,0.42,0.0
2025-08-18 00:00:00-04:00,86.45911661816587,86.9515366871744,86.26707309180189,86.28184509277344,1749400,0.0,0.0
2025-08-19 00:00:00-04:00,86.76441681338139,87.63108096517003,86.40003076204675,87.24698638916016,5778400,0.0,0.0
2025-08-20 00:00:00-04:00,88.00531858341502,88.80303672026533,87.187899435386,87.76895904541016,6282400,0.0,0.0
2025-08-21 00:00:00-04:00,87.75910931234789,87.83789833028783,86.19320951416256,86.2424545288086,4050900,0.0,0.0
2025-08-22 00:00:00-04:00,86.66593536564505,87.76895906615214,86.66593536564505,87.23714447021484,5451400,0.0,0.0
2025-08-25 00:00:00-04:00,87.23714686912636,87.34547989241119,85.26746646574344,85.54322052001953,3300200,0.0,0.0
2025-08-26 00:00:00-04:00,85.750036080772,86.39018371476799,85.37579950898616,86.30154418945312,4398100,0.0,0.0
2025-08-27 00:00:00-04:00,86.02578892060625,86.51624041621685,85.94207840627286,86.39018249511719,3144900,0.0,0.0
2025-08-28 00:00:00-04:00,86.58714805658826,86.69548107903127,84.87352822280651,84.94246673583984,3786500,0.0,0.0
2025-08-29 00:00:00-04:00,85.04095160102919,85.62201123870075,84.89815307499312,85.07049560546875,2154700,0.0,0.0
2025-09-02 00:00:00-04:00,84.69625837647867,84.90307391970332,83.8837682056865,84.46974182128906,2126100,0.0,0.0
2025-09-03 00:00:00-04:00,84.17429655408213,84.66671667431078,83.95270900272618,84.37126159667969,2058300,0.0,0.0
2025-09-04 00:00:00-04:00,84.20384229538757,85.19853306260576,83.87884320603882,85.18868255615234,1740000,0.0,0.0
2025-09-05 00:00:00-04:00,85.86822098374216,86.41776050278922,85.24776683781488,85.68109893798828,3034900,0.0,0.0
2025-09-08 00:00:00-04:00,85.59246847291321,86.06026608202339,85.03110232549935,86.04549407958984,2529300,0.0,0.0
2025-09-09 00:00:00-04:00,85.75988718467107,86.80381540159273,85.5776866367056,86.67578887939453,3176600,0.0,0.0
2025-09-10 00:00:00-04:00,86.33109570704771,86.94662083324877,86.03564064097743,86.30154418945312,2483900,0.0,0.0
2025-09-11 00:00:00-04:00,86.61669495950294,88.02501678466797,86.46404592651487,88.02501678466797,3628100,0.0,0.0
2025-09-12 00:00:00-04:00,87.74926389602042,88.37956104862772,87.0598787333983,87.70986938476562,3610800,0.0,0.0
2025-09-15 00:00:00-04:00,88.06440943393483,88.51743502713265,87.59169034265643,88.27122497558594,3109900,0.0,0.0
2025-09-16 00:00:00-04:00,88.19243928302983,88.7242463570395,87.69016869787168,87.85758972167969,2736400,0.0,0.0
2025-09-17 00:00:00-04:00,88.32046903339409,89.97500086239104,87.65077739990164,88.28107452392578,3800500,0.0,0.0
2025-09-18 00:00:00-04:00,88.54698396396225,90.43787530143068,88.36478342178886,88.98030853271484,3248700,0.0,0.0
2025-09-19 00:00:00-04:00,89.12803177716282,89.40378581140303,87.808349609375,87.808349609375,6994400,0.0,0.0
2025-09-22 00:00:00-04:00,88.05456569148318,88.48789026917376,87.27654103357665,87.97577667236328,2169000,0.0,0.0
2025-09-23 00:00:00-04:00,88.11365160369522,88.66515969695129,87.44395998456957,87.76895904541016,2640400,0.0,0.0
2025-09-24 00:00:00-04:00,87.49319794363717,87.89698602384054,87.12881188599775,87.38487243652344,2156400,0.0,0.0
2025-09-25 00:00:00-04:00,87.4538093430773,88.31061547475701,87.25683680254495,88.0841064453125,2089000,0.0,0.0
2025-09-26 00:00:00-04:00,88.48789305864601,89.01970768386849,88.16782298976645,89.00985717773438,1947500,0.0,0.0
2025-09-29 00:00:00-04:00,89.4530412833442,90.22121547247592,89.36440175412567,89.90606689453125,3035300,0.0,0.0
2025-09-30 00:00:00-04:00,90.24091035909387,90.24091035909387,89.60470739788245,90.0439453125,2291000,0.0,0.0
2025-10-01 00:00:00-04:00,89.76818316097541,91.06817188718261,89.39393908690711,90.9598388671875,2540100,0.0,0.0
2025-10-02 00:00:00-04:00,91.21590363728724,91.71816673825448,90.62992250575756,90.84165954589844,2561500,0.0,0.0
2025-10-03 00:00:00-04:00,90.72347654143033,90.94013506102738,90.06362793617654,90.15226745605469,1892600,0.0,0.0
2025-10-06 00:00:00-04:00,90.12272505594996,90.37385659155629,89.1181838860564,89.45303344726562,2121200,0.0,0.0
2025-10-07 00:00:00-04:00,89.64015239436772,89.9799234682049,88.71440770851505,89.02955627441406,1789000,0.0,0.0
2025-10-08 00:00:00-04:00,90.94999142386376,91.00908694549987,89.78787968148005,89.86666870117188,1808900,0.0,0.0
2025-10-09 00:00:00-04:00,89.91591258883629,90.09318412405163,87.72956615909202,88.35986328125,1940900,0.0,0.0
2025-10-10 00:00:00-04:00,88.78334770098274,89.0492512554334,87.73449045797291,88.10380554199219,1723400,0.0,0.0
2025-10-13 00:00:00-04:00,87.88713671323549,88.70455587666372,87.52275065064136,87.82804870605469,1746900,0.0,0.0
2025-10-14 00:00:00-04:00,87.72956410773628,89.53182342132801,87.35532003451344,89.44318389892578,2210900,0.0,0.0
2025-10-15 00:00:00-04:00,89.60076627384511,90.80226502738522,89.16743417384846,90.08333587646484,2397600,0.0,0.0
2025-10-16 00:00:00-04:00,90.25075980561601,90.25075980561601,89.01478799822503,89.29546356201172,1564100,0.0,0.0
2025-10-17 00:00:00-04:00,89.47273478220679,90.1128824443948,89.33485774896442,89.90606689453125,1435900,0.0,0.0
2025-10-20 00:00:00-04:00,90.0143934201743,90.56590151330407,89.66970086196821,90.12272644042969,1615100,0.0,0.0
2025-10-21 00:00:00-04:00,89.58106548527954,91.35378088629304,89.4628819539671,91.29468536376953,1714400,0.0,0.0
2025-10-22 00:00:00-04:00,90.94014701010965,91.4030231396394,89.9553067391902,90.03409576416016,2009100,0.0,0.0
2025-10-23 00:00:00-04:00,90.27046194305815,91.87574886377843,90.1522784067763,91.56060028076172,2550100,0.0,0.0
2025-10-24 00:00:00-04:00,91.75755940486134,91.75755940486134,90.45757064461037,90.5560531616211,1721600,0.0,0.0
2025-10-27 00:00:00-04:00,90.42803207990949,91.08787324867701,90.17197150929265,90.65454864501953,2821800,0.0,0.0
2025-10-28 00:00:00-04:00,90.22121451126445,91.0632487043283,89.78296090732717,89.9159164428711,3218000,0.0,0.0
2025-10-29 00:00:00-04:00,92.6143765180437,92.63210141819233,89.50720678160101,91.9643783569336,3921200,0.0,0.0
2025-10-30 00:00:00-04:00,91.14696325798887,92.40755750822997,90.79242018589176,91.0878677368164,2422000,0.0,0.0
2025-10-31 00:00:00-04:00,90.39848641998681,91.57044870853949,90.02424983419192,91.3537826538086,2303200,0.0,0.0
2025-11-03 00:00:00-05:00,90.94999149990431,91.00908702158982,88.70455703295137,88.80303955078125,2934300,0.0,0.0
2025-11-04 00:00:00-05:00,88.97045389969756,89.34469795856907,88.53712935104717,89.32499694824219,2318900,0.0,0.0
2025-11-05 00:00:00-05:00,89.40379355537813,90.53143980974743,89.1822060096512,89.85681915283203,1740500,0.0,0.0
2025-11-06 00:00:00-05:00,89.75833797041578,90.34924060573016,89.42349589877367,89.7681884765625,2445000,0.0,0.0
2025-11-07 00:00:00-05:00,89.60076498150252,89.89621253418335,89.04924935844296,89.64015197753906,1882700,0.0,0.0
2025-11-10 00:00:00-05:00,89.32500243169649,89.3545539490009,88.64546780838249,88.89167785644531,2021900,0.0,0.0
2025-11-11 00:00:00-05:00,89.35455561001137,89.61060865486773,88.54698693790283,88.95076751708984,1845300,0.0,0.0
2025-11-12 00:00:00-05:00,89.48257788896731,90.60529507466333,89.26591185072175,89.60076141357422,2429300,0.0,0.0
2025-11-13 00:00:00-05:00,89.62046291452147,90.0144005179916,89.11819228225367,89.2166748046875,1985000,0.0,0.0
2025-11-14 00:00:00-05:00,89.65202479742551,89.92906328474128,87.80179268752005,87.83147430419922,1901600,0.42,0.0
2025-11-17 00:00:00-05:00,87.54454675887659,87.97000087726008,86.76784256362254,87.13887786865234,2556600,0.0,0.0
2025-11-18 00:00:00-05:00,87.15372070379952,87.51485962878203,86.45617250242547,86.77278900146484,3360900,0.0,0.0
2025-11-19 00:00:00-05:00,86.82226306712228,86.82226306712228,85.25402138651563,85.66463470458984,2424500,0.0,0.0
2025-11-20 00:00:00-05:00,86.1148261108519,86.58480266374156,85.48653753452462,85.9416732788086,2159900,0.0,0.0
2025-11-21 00:00:00-05:00,86.19892583445389,87.49507343358799,85.66265631487319,87.12898254394531,2722900,0.0,0.0
2025-11-24 00:00:00-05:00,87.11909112698112,87.19823958697566,85.71409839264027,86.04061126708984,5058300,0.0,0.0
2025-11-25 00:00:00-05:00,86.54522089449858,87.71274559601696,86.2780712537477,87.50496673583984,2263600,0.0,0.0
2025-11-26 00:00:00-05:00,87.60390908194539,88.11840804479911,87.33675943780916,87.63359069824219,1682800,0.0,0.0
2025-11-28 00:00:00-05:00,87.59401278374837,88.21735692155274,87.40601914869848,87.91062927246094,940800,0.0,0.0
2025-12-01 00:00:00-05:00,87.22792922524177,88.1629378807987,87.17845483233573,87.21803283691406,2071100,0.0,0.0
2025-12-02 00:00:00-05:00,87.43570770676031,87.55443417124546,86.0158741628547,86.3176498413086,2185800,0.0,0.0
2025-12-03 00:00:00-05:00,86.5848016134433,87.099300585909,85.78336021479446,86.02082824707031,2189600,0.0,0.0
2025-12-04 00:00:00-05:00,85.84272664748036,86.1989211291127,85.63494779131688,85.99114227294922,2294300,0.0,0.0
2025-12-05 00:00:00-05:00,85.84273076647493,86.28797011551315,85.12044538052628,85.53600311279297,2662400,0.0,0.0
2025-12-08 00:00:00-05:00,85.64483849355089,85.64483849355089,84.91266428703923,85.2094955444336,2297800,0.0,0.0
2025-12-09 00:00:00-05:00,85.58547664226032,86.69363813251307,85.58547664226032,86.16923522949219,2508200,0.0,0.0
2025-12-10 00:00:00-05:00,86.16923660614148,87.56433299246396,86.11976976080909,86.92120361328125,2888100,0.0,0.0
2025-12-11 00:00:00-05:00,86.9212014404019,87.6138051963358,86.4660657115649,86.80247497558594,2774200,0.0,0.0
2025-12-12 00:00:00-05:00,87.06961826885973,88.07388655749399,86.97562145043136,87.20813751220703,2061500,0.0,0.0
2025-12-15 00:00:00-05:00,87.46538984007199,87.96010357497202,87.03003933776556,87.63359069824219,2805200,0.0,0.0
2025-12-16 00:00:00-05:00,88.03925714479155,88.06893876026591,86.5551159812152,87.03003692626953,3681600,0.0,0.0
2025-12-17 00:00:00-05:00,87.0300384206806,88.51417960974145,86.98057157695136,88.05904388427734,4374400,0.0,0.0
2025-12-18 00:00:00-05:00,87.38623666835912,88.45185353015805,86.12966706235258,86.4264907836914,3430000,0.0,0.0
2025-12-19 00:00:00-05:00,86.1593496623203,86.4561733870446,85.82294038248664,86.13955688476562,6964300,0.0,0.0
2025-12-22 00:00:00-05:00,86.02082613136324,86.50564347505339,85.7239948726854,86.3176498413086,2496400,0.0,0.0
2025-12-23 00:00:00-05:00,86.61448570760443,87.01025822398458,86.19892796233508,86.90142059326172,1926800,0.0,0.0
2025-12-24 00:00:00-05:00,86.77279020421588,87.22298153605759,85.3084417066364,86.9706802368164,687600,0.0,0.0
2025-12-26 00:00:00-05:00,86.99046538813441,87.17845903175404,86.4957516301736,86.69364166259766,987100,0.0,0.0
2025-12-29 00:00:00-05:00,86.76289589848639,87.0696159937792,86.33744179111295,87.0201416015625,1717600,0.0,0.0
2025-12-30 00:00:00-05:00,86.97067592445424,87.45549327000374,86.73321544584076,87.07951354980469,1795500,0.0,0.0
2025-12-31 00:00:00-05:00,87.0597237810269,87.07951655835582,86.40670555509526,86.4264907836914,1697400,0.0,0.0
2026-01-02 00:00:00-05:00,86.29786715706702,87.57422952903003,85.9020946500755,87.40602111816406,2001800,0.0,0.0
2026-01-05 00:00:00-05:00,86.79258123067515,88.36576732726037,86.6639508248969,88.23714447021484,3263800,0.0,0.0
2026-01-06 00:00:00-05:00,87.9897867484983,89.34035315503239,87.79190427052922,88.93963623046875,2106700,0.0,0.0
2026-01-07 00:00:00-05:00,89.38487503886016,89.79548834945497,87.36644961985651,87.48517608642578,2307500,0.0,0.0
2026-01-08 00:00:00-05:00,87.5940133485711,89.67180954094107,87.5148573386994,89.4343490600586,2437000,0.0,0.0
2026-01-09 00:00:00-05:00,89.4442431929497,89.98347934272898,89.05836709047163,89.31561279296875,2021400,0.0,0.0
2026-01-12 00:00:00-05:00,88.70217340634377,89.21172794496327,88.24703768003958,88.54386138916016,2461500,0.0,0.0
2026-01-13 00:00:00-05:00,88.88026968009832,89.15236373870164,87.9304202335732,88.83079528808594,2701700,0.0,0.0
2026-01-14 00:00:00-05:00,88.68238405146562,89.53824427351284,88.27672270206277,88.9990005493164,2710900,0.0,0.0
2026-01-15 00:00:00-05:00,89.28593013885035,89.54318338708813,88.74174957568201,89.39476776123047,2081800,0.0,0.0
2026-01-16 00:00:00-05:00,89.06826031440734,90.41388231960296,88.81101459924697,89.206787109375,3446800,0.0,0.0
2026-01-20 00:00:00-05:00,89.04847322951564,89.3947713378839,86.6441641503694,87.20813751220703,5012900,0.0,0.0
2026-01-21 00:00:00-05:00,87.85126632120183,88.94953142122661,87.4060194286679,88.53397369384766,2851100,0.0,0.0
2026-01-22 00:00:00-05:00,88.90005507472044,89.43434680478215,88.21735526580747,89.31561279296875,3356800,0.0,0.0
2026-01-23 00:00:00-05:00,89.19688559234619,90.0576826374954,88.25692499124357,90.01811218261719,2868400,0.0,0.0
2026-01-26 00:00:00-05:00,90.23578519094475,90.68103209622276,88.96437477582074,89.62234497070312,4473600,0.0,0.0
2026-01-27 00:00:00-05:00,89.79054146792747,90.41387804652479,89.52834379646518,89.59265899658203,4065500,0.0,0.0
2026-01-28 00:00:00-05:00,83.94302708733281,87.93042632977978,83.11487824680749,87.66327667236328,6820700,0.0,0.0
2026-01-29 00:00:00-05:00,87.20813720242822,87.99968220337192,85.18970424388112,86.2385025024414,5707400,0.0,0.0
2026-01-30 00:00:00-05:00,85.54589693957604,86.57490239965988,83.2306403159367,84.51689147949219,5825400,0.0,0.0
2026-02-02 00:00:00-05:00,84.51689611462321,85.9416741449906,84.4080584845961,85.23918151855469,4072200,0.0,0.0
2026-02-03 00:00:00-05:00,84.80382813182253,86.57490422116629,84.37837401484349,86.2385025024414,4252700,0.0,0.0
2026-02-04 00:00:00-05:00,86.80247803962887,89.49371450313274,86.5699619728467,89.41456604003906,5507600,0.0,0.0
2026-02-05 00:00:00-05:00,89.40466665273257,90.71071060913278,88.76153728849579,90.27536010742188,4821700,0.0,0.0
2026-02-06 00:00:00-05:00,90.77007220948072,91.07679985232191,88.59333483753181,88.90005493164062,4723900,0.0,0.0
2026-02-09 00:00:00-05:00,88.81100882289847,89.73117664088615,88.29551344464831,88.35587310791016,2915700,0.0,0.0
2026-02-10 00:00:00-05:00,88.43502289336703,89.89937884296042,88.41523766578021,89.10783386230469,3124000,0.0,0.0
2026-02-11 00:00:00-05:00,88.85058901195164,89.61244483543356,88.3509233129879,88.47460174560547,3204300,0.0,0.0
2026-02-12 00:00:00-05:00,89.02868500198123,92.59062230141392,88.89015821456827,90.77996826171875,6567600,0.0,0.0
2026-02-13 00:00:00-05:00,90.61099337200892,92.21129018493144,88.93116895488255,89.28900146484375,6472100,0.42,0.0
2026-02-17 00:00:00-05:00,90.6706317195722,92.35045617604399,90.6706317195722,91.88328552246094,4416000,0.0,0.0
2026-02-18 00:00:00-05:00,91.4260604725529,92.23117987972708,90.00467224027129,92.21129608154297,3270900,0.0,0.0
2026-02-19 00:00:00-05:00,91.79382833354599,92.85738404471543,91.56521773603649,92.47967529296875,3834100,0.0,0.0
2026-02-20 00:00:00-05:00,92.73811105711123,93.99549208655573,91.69443156687366,92.11190032958984,4292400,0.0,0.0
2026-02-23 00:00:00-05:00,92.61882738697136,92.89713988453872,89.85557104191439,90.00466918945312,5303500,0.0,0.0
2026-02-24 00:00:00-05:00,90.13388199927472,90.33267447029822,89.17966448815798,89.36852264404297,3256000,0.0,0.0
2026-02-25 00:00:00-05:00,89.41821770528243,89.64683587394116,88.04155670261338,88.89141082763672,3021900,0.0,0.0
2026-02-26 00:00:00-05:00,89.46792287893048,91.3962342010866,89.04845967448804,90.90918731689453,4191100,0.0,0.0
2026-02-27 00:00:00-05:00,90.49171336953395,92.00255584716797,90.02454272674517,92.00255584716797,3967100,0.0,0.0
2026-03-02 00:00:00-05:00,90.80979142908976,93.63268408868115,90.6408170621664,93.05618286132812,5000800,0.0,0.0
2026-03-03 00:00:00-05:00,92.93690336259847,93.046241502642,90.91913009652674,91.83358764648438,3768900,0.0,0.0
2026-03-04 00:00:00-05:00,91.6646069603152,91.69442507219048,90.5563241627535,90.6010513305664,2197400,0.0,0.0
2026-03-05 00:00:00-05:00,89.90526568056492,90.50165827278802,89.55240789972798,90.09412384033203,3010100,0.0,0.0
2026-03-06 00:00:00-05:00,89.51761572458578,89.9251501601325,87.9371950601705,88.68267822265625,2719800,0.0,0.0
2026-03-09 00:00:00-04:00,87.53959892300651,88.16083486619335,85.93929452668148,87.04261016845703,3964500,0.0,0.0
2026-03-10 00:00:00-04:00,86.71460129875828,87.04261571770007,85.54170745990795,85.57152557373047,2731400,0.0,0.0
2026-03-11 00:00:00-04:00,85.40254995096176,85.8597787175619,82.91760605632172,84.09049987792969,3704300,0.0,0.0
2026-03-12 00:00:00-04:00,83.71279061629481,83.79231064045689,81.97332990084539,82.13236236572266,4350000,0.0,0.0
2026-03-13 00:00:00-04:00,82.718813474675,83.41459473092524,82.33116283427174,82.68899536132812,3078300,0.0,0.0
2026-03-16 00:00:00-04:00,82.9871805395409,83.76248178728738,82.43055555827607,83.10646057128906,2866200,0.0,0.0
2026-03-17 00:00:00-04:00,83.5537502398221,84.03582995717194,82.51007836471949,83.63327026367188,3371900,0.0,0.0
2026-03-18 00:00:00-04:00,82.98718014970298,83.13627829282612,77.77377296547265,78.05705261230469,5905900,0.0,0.0
2026-03-19 00:00:00-04:00,78.05705223434451,80.62151601661611,78.05705223434451,79.74681854248047,8608700,0.0,0.0
2026-03-20 00:00:00-04:00,79.74682104761625,80.63642760559311,78.33536718311883,79.06097412109375,8394000,0.0,0.0
2026-03-23 00:00:00-04:00,80.49230663680623,80.8401972682402,78.54410393388193,78.5639877319336,3366600,0.0,0.0
2026-03-24 00:00:00-04:00,77.75886952785464,78.56398894206708,77.33145886452456,77.52030944824219,4089800,0.0,0.0
2026-03-25 00:00:00-04:00,78.68326477882546,78.90193346495217,77.27181092524609,78.22602844238281,3707500,0.0,0.0
2026-03-26 00:00:00-04:00,77.96760274969124,78.98145653089205,76.8245270314282,76.97362518310547,3231000,0.0,0.0
2026-03-27 00:00:00-04:00,76.94380575374343,77.08296200401016,75.44289753049883,75.49259185791016,4073500,0.0,0.0
2026-03-30 00:00:00-04:00,75.60192973815589,76.53130390060765,74.81668656663506,75.87030792236328,3029700,0.0,0.0
2026-03-31 00:00:00-04:00,76.49651128484277,77.02829291377783,75.20931217851427,76.61579132080078,4487600,0.0,0.0
2026-04-01 00:00:00-04:00,75.96970488469836,77.28175495487083,75.73115239469799,76.98355865478516,2431600,0.0,0.0
2026-04-02 00:00:00-04:00,76.50645100603693,77.88311199601067,76.118800379516,77.3910903930664,2240300,0.0,0.0
2026-04-06 00:00:00-04:00,76.78476609864745,77.7886855522344,76.78476609864745,77.63958740234375,1676100,0.0,0.0
2026-04-07 00:00:00-04:00,77.5004309698912,77.97256879056691,76.94380596727956,77.36127471923828,1851500,0.0,0.0
2026-04-08 00:00:00-04:00,77.71910518020935,79.48340922200134,77.71910518020935,79.07091522216797,3256200,0.0,0.0
2026-04-09 00:00:00-04:00,78.80253659464132,80.84019354459902,78.7130822578703,80.76067352294922,2851300,0.0,0.0
2026-04-10 00:00:00-04:00,80.93958826925818,81.09862072614288,78.81247702223048,79.46849822998047,2511500,0.0,0.0
2026-04-13 00:00:00-04:00,79.66730331313804,81.27754211425781,79.3740817516313,81.27754211425781,2360000,0.0,0.0
2026-04-14 00:00:00-04:00,81.08868866338345,81.65525555176798,80.75073236001639,81.4067611694336,2598600,0.0,0.0
2026-04-15 00:00:00-04:00,80.8203147667874,81.25766732957628,79.97543533876565,80.5121841430664,3720000,0.0,0.0
2026-04-16 00:00:00-04:00,80.44260063710614,81.24771999800178,79.98239159544279,80.20404815673828,2178300,0.0,0.0
2026-04-17 00:00:00-04:00,80.2338673188365,82.14230235364738,80.07482727421224,80.93959045410156,3520000,0.0,0.0
2026-04-20 00:00:00-04:00,80.58176129477307,81.13838630725766,80.04501249697134,80.24381256103516,3035200,0.0,0.0
2026-04-21 00:00:00-04:00,80.12453071115115,80.46247943724877,78.28069902381051,78.39501190185547,3990800,0.0,0.0
2026-04-22 00:00:00-04:00,78.86217120572914,79.01126934741046,75.79078437094768,77.41096496582031,7187400,0.0,0.0
2026-04-23 00:00:00-04:00,77.57995367698247,80.57679549427166,77.43582268017747,79.01127624511719,5220800,0.0,0.0
2026-04-24 00:00:00-04:00,78.5441006924065,79.2895838361909,77.17241443788404,77.48054504394531,3506800,0.0,0.0
2026-04-27 00:00:00-04:00,77.54018883279889,78.72301693056386,76.83446570020644,77.01338195800781,4866300,0.0,0.0
2026-04-28 00:00:00-04:00,77.67934717973958,78.20913436340392,76.83446777750902,76.89410400390625,3930700,0.0,0.0
2026-04-29 00:00:00-04:00,76.57603205706722,76.90404647157175,75.15464384432791,76.13867950439453,3505300,0.0,0.0
2026-04-30 00:00:00-04:00,75.95975872591148,77.52527783839568,75.44289376265559,77.41096496582031,3721400,0.0,0.0
2026-05-01 00:00:00-04:00,77.6296450843798,78.24889418961595,76.52632939797056,76.61579132080078,2168800,0.0,0.0
2026-05-04 00:00:00-04:00,75.95976055267839,76.75494560513799,74.9757249274308,75.42301177978516,2819100,0.0,0.0
2026-05-05 00:00:00-04:00,75.63174435384984,76.2181950223886,74.92602123868701,75.16458129882812,4641300,0.0,0.0
2026-05-06 00:00:00-04:00,76.34741259495938,77.22211768556184,75.59199512291684,76.24801635742188,3869300,0.0,0.0
2026-05-07 00:00:00-04:00,76.36729584115042,78.23100371944804,76.28777581831582,77.0034408569336,5518600,0.0,0.0
2026-05-08 00:00:00-04:00,77.08296207397169,77.36624173246929,74.17060754769457,74.36940002441406,8748400,0.0,0.0
2026-05-11 00:00:00-04:00,74.23024156541294,74.49861215934396,73.2760240553463,73.55433654785156,4052800,0.0,0.0
2026-05-12 00:00:00-04:00,74.28987730234024,74.51352072638926,72.66969668392103,73.65373229980469,4774000,0.0,0.0
2026-05-13 00:00:00-04:00,73.05734832905942,73.65373332934199,72.07331269942084,72.79891204833984,3208900,0.0,0.0
2026-05-14 00:00:00-04:00,73.11698387672685,73.47481639027092,72.40131884963871,72.6199951171875,2385200,0.0,0.0
2026-05-15 00:00:00-04:00,72.4800033569336,72.9000015258789,70.6500015258789,71.01000213623047,3767600,0.44,0.0
2026-05-18 00:00:00-04:00,71.1500015258789,71.7760009765625,70.76000213623047,71.12999725341797,4180200,0.0,0.0
2026-05-19 00:00:00-04:00,70.91000366210938,71.69999694824219,69.7249984741211,70.94000244140625,4122800,0.0,0.0
2026-05-20 00:00:00-04:00,70.72000122070312,71.33000183105469,69.94999694824219,71.2699966430664,4031500,0.0,0.0
2026-05-21 00:00:00-04:00,70.75,71.94000244140625,70.3499984741211,71.62999725341797,5184000,0.0,0.0
2026-05-22 00:00:00-04:00,71.83000183105469,73.4000015258789,71.63999938964844,72.7699966430664,3585600,0.0,0.0
2026-05-26 00:00:00-04:00,73.0999984741211,73.4000015258789,72.20999908447266,72.7300033569336,2087700,0.0,0.0
2026-05-27 00:00:00-04:00,72.51000213623047,72.88999938964844,71.5199966430664,71.79000091552734,3447700,0.0,0.0
2026-05-28 00:00:00-04:00,71.76000213623047,71.7699966430664,70.66000366210938,71.20999908447266,2391700,0.0,0.0
2026-05-29 00:00:00-04:00,70.93000030517578,71.4000015258789,70.70999908447266,70.83999633789062,3872600,0.0,0.0
2026-06-01 00:00:00-04:00,70.26000213623047,70.83999633789062,69.16000366210938,69.33999633789062,4171700,0.0,0.0
2026-06-02 00:00:00-04:00,69.44000244140625,70.48999786376953,69.41999816894531,70.33000183105469,2957000,0.0,0.0
2026-06-03 00:00:00-04:00,70.19999694824219,70.88999938964844,69.91999816894531,69.91999816894531,2945700,0.0,0.0
2026-06-04 00:00:00-04:00,70.94000244140625,70.94000244140625,69.80999755859375,69.8499984741211,2956500,0.0,0.0
2026-06-05 00:00:00-04:00,70.1500015258789,70.72000122070312,69.94999694824219,70.33999633789062,2820800,0.0,0.0
2026-06-08 00:00:00-04:00,69.83999633789062,70.69999694824219,69.44499969482422,69.62999725341797,3204600,0.0,0.0
2026-06-09 00:00:00-04:00,70.1500015258789,71.50499725341797,69.94499969482422,71.2699966430664,2939800,0.0,0.0
2026-06-10 00:00:00-04:00,71.08000183105469,71.08000183105469,69.47000122070312,69.66000366210938,4352000,0.0,0.0
2026-06-11 00:00:00-04:00,70.16000366210938,70.65499877929688,69.2699966430664,70.12999725341797,3138800,0.0,0.0
2026-06-12 00:00:00-04:00,71.0,71.5,70.11000061035156,70.75,2924200,0.0,0.0
2026-06-15 00:00:00-04:00,71.76000213623047,72.58999633789062,71.55000305175781,71.80999755859375,4272700,0.0,0.0
2026-06-16 00:00:00-04:00,72.44000244140625,73.66000366210938,72.19000244140625,73.51000213623047,3433200,0.0,0.0
2026-06-17 00:00:00-04:00,73.02999877929688,74.19000244140625,72.4800033569336,72.72000122070312,6620000,0.0,0.0
2026-06-18 00:00:00-04:00,73.48999786376953,74.4000015258789,72.79000091552734,73.2699966430664,8450500,0.0,0.0
2026-06-22 00:00:00-04:00,72.37999725341797,73.19000244140625,71.86499786376953,72.4800033569336,5098200,0.0,0.0
2026-06-23 00:00:00-04:00,72.48999786376953,72.7750015258789,71.75,71.75,3356700,0.0,0.0
2026-06-24 00:00:00-04:00,71.9000015258789,73.30000305175781,71.89399719238281,72.62999725341797,3088500,0.0,0.0
2026-06-25 00:00:00-04:00,73.37000274658203,75.29000091552734,72.62999725341797,73.62999725341797,3369000,0.0,0.0
2026-06-26 00:00:00-04:00,73.41000366210938,73.6449966430664,72.5999984741211,73.19000244140625,3904000,0.0,0.0
2026-06-29 00:00:00-04:00,73.05000305175781,73.56999969482422,72.41000366210938,72.91999816894531,2838300,0.0,0.0
2026-06-30 00:00:00-04:00,71.88999938964844,72.22000122070312,70.81999969482422,71.5999984741211,3974500,0.0,0.0
2026-07-01 00:00:00-04:00,71.77999877929688,72.45999908447266,70.61000061035156,70.63999938964844,2876100,0.0,0.0
2026-07-02 00:00:00-04:00,71.47000122070312,73.2300033569336,71.05999755859375,73.13999938964844,3254100,0.0,0.0
2026-07-06 00:00:00-04:00,73.30000305175781,73.5,71.5250015258789,73.48999786376953,3368200,0.0,0.0
2026-07-07 00:00:00-04:00,73.9800033569336,74.43000030517578,72.6500015258789,73.43000030517578,2585700,0.0,0.0
2026-07-08 00:00:00-04:00,72.51000213623047,72.8499984741211,71.7750015258789,72.06999969482422,3692200,0.0,0.0
2026-07-09 00:00:00-04:00,72.19000244140625,72.43000030517578,71.20999908447266,72.0,2539900,0.0,0.0
2026-07-10 00:00:00-04:00,72.0,73.26000213623047,71.74299621582031,73.08999633789062,2736100,0.0,0.0
2026-07-13 00:00:00-04:00,73.0,73.94999694824219,72.71499633789062,73.41999816894531,2795700,0.0,0.0
2026-07-14 00:00:00-04:00,73.43000030517578,73.86000061035156,72.1449966430664,72.55999755859375,3085000,0.0,0.0
2026-07-15 00:00:00-04:00,72.62000274658203,72.91999816894531,71.5999984741211,72.19999694824219,4058800,0.0,0.0
2026-07-16 00:00:00-04:00,72.86000061035156,75.26000213623047,72.81199645996094,75.0,4548100,0.0,0.0
2026-07-17 00:00:00-04:00,75.5199966430664,75.91000366210938,72.94999694824219,73.44999694824219,4005500,0.0,0.0
2026-07-20 00:00:00-04:00,73.27999877929688,73.80000305175781,72.91999816894531,73.4800033569336,4714200,0.0,0.0
2026-07-21 00:00:00-04:00,72.69999694824219,73.33000183105469,71.61000061035156,71.94999694824219,6195879,0.0,0.0
