Date,Open,High,Low,Close,Volume,Dividends,Stock Splits
2022-01-03 00:00:00-05:00,1479.0,1480.5,1479.0,1479.0,47,0.0,0.0
2022-01-04 00:00:00-05:00,1479.0,1479.0,1479.0,1479.0,0,0.0,0.0
2022-01-05 00:00:00-05:00,1479.0,1479.0,1479.0,1479.0,33,0.0,0.0
2022-01-06 00:00:00-05:00,1476.0,1479.75,1476.0,1477.5,113,0.0,0.0
2022-01-07 00:00:00-05:00,1477.5,1479.75,1477.5,1479.75,6,0.0,0.0
2022-01-10 00:00:00-05:00,1477.5,1482.0,1477.5,1480.5,45,0.0,0.0
2022-01-11 00:00:00-05:00,1480.5,1480.5,1480.5,1480.5,0,0.0,0.0
2022-01-12 00:00:00-05:00,1480.5,1480.5,1480.5,1480.5,0,0.0,0.0
2022-01-13 00:00:00-05:00,1480.5,1480.5,1480.5,1480.5,0,0.0,0.0
2022-01-14 00:00:00-05:00,1480.5,1480.5,1480.5,1480.5,0,0.0,0.0
2022-01-18 00:00:00-05:00,1479.0,1482.0,1479.0,1480.5,31,0.0,0.0
2022-01-19 00:00:00-05:00,1480.5,1480.5,1479.0,1479.0,3,0.0,0.0
2022-01-20 00:00:00-05:00,1479.75,1479.75,1479.75,1479.75,1,0.0,0.0
2022-01-21 00:00:00-05:00,1479.0,1479.0,1479.0,1479.0,42,0.0,0.0
2022-01-24 00:00:00-05:00,1479.0,1479.0,1477.5,1477.5,285,0.0,0.0
2022-01-25 00:00:00-05:00,1479.0,1482.0,1479.0,1480.5,29,0.0,0.0
2022-01-26 00:00:00-05:00,1480.5,1480.5,1480.5,1480.5,0,0.0,0.0
2022-01-27 00:00:00-05:00,1479.0,1480.5,1477.5,1477.5,25,0.0,0.0
2022-01-28 00:00:00-05:00,1479.0,1482.0,1477.5,1480.5,51,0.0,0.0
2022-01-31 00:00:00-05:00,1480.5,1482.0,1479.0,1481.25,157,0.0,0.0
2022-02-01 00:00:00-05:00,1482.0,1482.0,1480.5,1480.5,83,0.0,0.0
2022-02-02 00:00:00-05:00,1480.5,1480.5,1480.5,1480.5,0,0.0,0.0
2022-02-03 00:00:00-05:00,1479.0,1483.5,1479.0,1483.5,295,0.0,0.0
2022-02-04 00:00:00-05:00,1479.0,1482.0,1479.0,1482.0,32,0.0,0.0
2022-02-07 00:00:00-05:00,1483.5,1485.0,1481.25,1485.0,55,0.0,0.0
2022-02-08 00:00:00-05:00,1480.5,1485.0,1480.5,1482.0,103,0.0,0.0
2022-02-09 00:00:00-05:00,1483.5,1485.0,1483.5,1485.0,2,0.0,0.0
2022-02-10 00:00:00-05:00,1485.0,1485.0,1485.0,1485.0,0,0.0,0.0
2022-02-11 00:00:00-05:00,1485.0,1485.0,1485.0,1485.0,0,0.0,0.0
2022-02-14 00:00:00-05:00,1482.0,1483.5,1482.0,1483.5,15,0.0,0.0
2022-02-15 00:00:00-05:00,1483.5,1483.5,1483.5,1483.5,0,0.0,0.0
2022-02-16 00:00:00-05:00,1482.0,1486.5,1482.0,1483.5,158,0.0,0.0
2022-02-17 00:00:00-05:00,1482.0,1482.0,1482.0,1482.0,42,0.0,0.0
2022-02-18 00:00:00-05:00,1482.0,1482.0,1482.0,1482.0,45,0.0,0.0
2022-02-22 00:00:00-05:00,1482.0,1483.5,1482.0,1482.0,34,0.0,0.0
2022-02-23 00:00:00-05:00,1483.5,1483.5,1483.5,1483.5,7,0.0,0.0
2022-02-24 00:00:00-05:00,1483.5,1483.5,1483.5,1483.5,0,0.0,0.0
2022-02-25 00:00:00-05:00,1483.5,1485.0,1483.5,1483.5,27,0.0,0.0
2022-02-28 00:00:00-05:00,1485.0,1485.0,1482.0,1485.0,134,0.0,0.0
2022-03-01 00:00:00-05:00,1485.0,1485.0,1483.5,1484.25,12,0.0,0.0
2022-03-02 00:00:00-05:00,1483.5,1484.25,1483.5,1484.25,22,0.0,0.0
2022-03-03 00:00:00-05:00,1485.0,1485.0,1483.5,1485.0,120,0.0,0.0
2022-03-04 00:00:00-05:00,1489.5,1489.5,1483.5,1485.0,169,0.0,0.0
2022-03-07 00:00:00-05:00,1485.0,1485.0,1484.25,1485.0,174,0.0,0.0
2022-03-08 00:00:00-05:00,1486.5,1486.5,1485.0,1485.0,318,0.0,0.0
2022-03-09 00:00:00-05:00,1486.5,1486.5,1483.5,1486.5,115,0.0,0.0
2022-03-10 00:00:00-05:00,1488.0,1488.0,1485.0,1486.5,327,0.0,0.0
2022-03-11 00:00:00-05:00,1488.0,1488.0,1483.5,1488.0,222,0.0,0.0
2022-03-14 00:00:00-04:00,1488.0,1488.0,1488.0,1488.0,0,0.0,0.0
2022-03-15 00:00:00-04:00,1488.0,1488.0,1488.0,1488.0,0,0.0,0.0
2022-03-16 00:00:00-04:00,1488.0,1488.0,1488.0,1488.0,0,0.0,0.0
2022-03-17 00:00:00-04:00,1486.5,1486.5,1486.5,1486.5,1,0.0,0.0
2022-03-18 00:00:00-04:00,1486.5,1486.5,1485.0,1486.050048828125,7,0.0,0.0
2022-03-21 00:00:00-04:00,1485.0,1488.0,1485.0,1488.0,78,0.0,0.0
2022-03-22 00:00:00-04:00,1486.5,1488.0,1486.5,1488.0,121,0.0,0.0
2022-03-23 00:00:00-04:00,1486.5,1486.5,1486.5,1486.5,5,0.0,0.0
2022-03-24 00:00:00-04:00,1486.5,1486.5,1486.5,1486.5,13,0.0,0.0
2022-03-25 00:00:00-04:00,1488.0,1488.0,1486.5,1486.5,21,0.0,0.0
2022-03-28 00:00:00-04:00,1486.5,1486.5,1486.5,1486.5,0,0.0,0.0
2022-03-29 00:00:00-04:00,1486.5,1486.5,1486.5,1486.5,1,0.0,0.0
2022-03-30 00:00:00-04:00,1486.5,1486.5,1486.5,1486.5,0,0.0,0.0
2022-03-31 00:00:00-04:00,1486.5,1491.0,1486.5,1488.75,487,0.0,0.0
2022-04-01 00:00:00-04:00,1488.0,1491.0,1488.0,1491.0,408,0.0,0.0
2022-04-04 00:00:00-04:00,1491.0,1491.0,1491.0,1491.0,0,0.0,0.0
2022-04-05 00:00:00-04:00,1489.5,1491.0,1489.5,1491.0,552,0.0,0.0
2022-04-06 00:00:00-04:00,1491.0,1491.0,1491.0,1491.0,204,0.0,0.0
2022-04-07 00:00:00-04:00,1491.0,1491.0,1491.0,1491.0,0,0.0,0.0
2022-04-08 00:00:00-04:00,1491.0,1491.0,1491.0,1491.0,0,0.0,0.0
2022-04-11 00:00:00-04:00,1492.5,1494.0,1492.5,1494.0,215,0.0,0.0
2022-04-12 00:00:00-04:00,1494.0,1494.0,1494.0,1494.0,0,0.0,0.0
2022-04-13 00:00:00-04:00,1494.0,1494.0,1491.0,1491.0,5,0.0,0.0
2022-04-14 00:00:00-04:00,1491.0,1491.0,1491.0,1491.0,0,0.0,0.0
2022-04-18 00:00:00-04:00,1491.0,1491.0,1491.0,1491.0,0,0.0,0.0
2022-04-19 00:00:00-04:00,1491.0,1491.0,1491.0,1491.0,0,0.0,0.0
2022-04-20 00:00:00-04:00,1491.0,1491.0,1491.0,1491.0,0,0.0,0.0
2022-04-21 00:00:00-04:00,1491.0,1491.0,1491.0,1491.0,0,0.0,0.0
2022-04-22 00:00:00-04:00,1492.5,1492.5,1491.0,1492.5,118,0.0,0.0
2022-04-25 00:00:00-04:00,1491.0,1491.0,1491.0,1491.0,1,0.0,0.0
2022-04-26 00:00:00-04:00,1491.0,1491.0,1491.0,1491.0,36,0.0,0.0
2022-04-27 00:00:00-04:00,1491.0,1491.0,1491.0,1491.0,1,0.0,0.0
2022-04-28 00:00:00-04:00,1491.0,1491.75,1491.0,1491.0,49,0.0,0.0
2022-04-29 00:00:00-04:00,1491.0,1491.0,1491.0,1491.0,52,0.0,0.0
2022-05-02 00:00:00-04:00,1491.75,1492.5,1491.0,1492.5,61,0.0,0.0
2022-05-03 00:00:00-04:00,1492.5,1494.0,1492.5,1492.5,100,0.0,0.0
2022-05-04 00:00:00-04:00,1492.5,1492.5,1492.5,1492.5,0,0.0,0.0
2022-05-05 00:00:00-04:00,1492.5,1492.5,1492.5,1492.5,0,0.0,0.0
2022-05-06 00:00:00-04:00,1493.25,1493.25,1492.5,1492.5,145,0.0,0.0
2022-05-09 00:00:00-04:00,1492.5,1492.5,1492.5,1492.5,3,0.0,0.0
2022-05-10 00:00:00-04:00,1492.5,1493.25,1492.5,1492.5,443,0.0,0.0
2022-05-11 00:00:00-04:00,1491.0,1491.0,1491.0,1491.0,24,0.0,0.0
2022-05-12 00:00:00-04:00,1491.0,1492.5,1491.0,1492.5,247,0.0,0.0
2022-05-13 00:00:00-04:00,1491.0,1492.5,1491.0,1491.0,215,0.0,0.0
2022-05-16 00:00:00-04:00,1491.0,1491.0,1491.0,1491.0,7,0.0,0.0
2022-05-17 00:00:00-04:00,1490.8499755859375,1491.0,1490.8499755859375,1491.0,49,0.0,0.0
2022-05-18 00:00:00-04:00,1491.0,1491.75,1491.0,1491.0,1617,0.0,0.0
2022-05-19 00:00:00-04:00,1492.5,1492.5,1491.0,1492.5,21,0.0,0.0
2022-05-20 00:00:00-04:00,1491.0,1492.5,1491.0,1492.5,177,0.0,0.0
2022-05-23 00:00:00-04:00,1492.5,1493.25,1492.5,1493.25,43,0.0,0.0
2022-05-24 00:00:00-04:00,1492.5,1492.5,1492.5,1492.5,5,0.0,0.0
2022-05-25 00:00:00-04:00,1492.5,1494.0,1492.5,1494.0,5125,0.0,0.0
2022-05-26 00:00:00-04:00,1494.0,1495.5,1494.0,1495.5,59,0.0,0.0
2022-05-27 00:00:00-04:00,1495.5,1495.5,1495.5,1495.5,89,0.0,0.0
2022-05-31 00:00:00-04:00,1494.0,1497.0,1494.0,1495.5,146,0.0,0.0
2022-06-01 00:00:00-04:00,1494.0,1495.5,1494.0,1494.0,77,0.0,0.0
2022-06-02 00:00:00-04:00,1494.0,1494.0,1494.0,1494.0,0,0.0,0.0
2022-06-03 00:00:00-04:00,1495.5,1495.5,1494.75,1494.75,43,0.0,0.0
2022-06-06 00:00:00-04:00,1494.75,1494.75,1494.75,1494.75,5,0.0,0.0
2022-06-07 00:00:00-04:00,1494.75,1496.25,1494.0,1495.5,791,0.0,0.0
2022-06-08 00:00:00-04:00,1495.5,1495.5,1495.5,1495.5,0,0.0,0.0
2022-06-09 00:00:00-04:00,1495.5,1495.5,1495.5,1495.5,4,0.0,0.0
2022-06-10 00:00:00-04:00,1496.25,1496.25,1495.5,1495.5,60,0.0,0.0
2022-06-13 00:00:00-04:00,1496.25,1496.25,1495.5,1495.5,163,0.0,0.0
2022-06-14 00:00:00-04:00,1495.5,1497.0,1495.5,1495.5,571,0.0,0.0
2022-06-15 00:00:00-04:00,1497.0,1497.75,1495.5,1497.0,3230,0.0,0.0
2022-06-16 00:00:00-04:00,1496.25,1497.0,1495.5,1495.5,409,0.0,0.0
2022-06-17 00:00:00-04:00,1495.5,1497.0,1495.5,1497.0,15,0.0,0.0
2022-06-21 00:00:00-04:00,1498.5,1498.5,1497.0,1497.0,64,0.0,0.0
2022-06-22 00:00:00-04:00,1497.0,1497.0,1497.0,1497.0,0,0.0,0.0
2022-06-23 00:00:00-04:00,1497.0,1497.0,1497.0,1497.0,3,0.0,0.0
2022-06-24 00:00:00-04:00,1497.0,1497.0,1497.0,1497.0,37,0.0,0.0
2022-06-27 00:00:00-04:00,1497.0,1497.75,1497.0,1497.75,40,0.0,0.0
2022-06-28 00:00:00-04:00,1498.5,1500.0,1498.5,1498.5,41,0.0,0.0
2022-06-29 00:00:00-04:00,1500.0,1500.0,1496.25,1498.5,408,0.0,0.0
2022-06-30 00:00:00-04:00,1497.75,1498.5,1497.0,1498.5,65,0.0,0.0
2022-07-01 00:00:00-04:00,1500.0,1500.0,1497.0,1498.5,555,0.0,0.0
2022-07-05 00:00:00-04:00,1497.0,1497.300048828125,1497.0,1497.300048828125,7,0.0,0.0
2022-07-06 00:00:00-04:00,1496.8499755859375,1496.8499755859375,1496.8499755859375,1496.8499755859375,1,0.0,0.0
2022-07-07 00:00:00-04:00,1496.25,1504.5,1496.25,1500.75,58,0.0,0.0
2022-07-08 00:00:00-04:00,1503.0,1510.5,1500.0,1504.5,25,0.0,0.0
2022-07-11 00:00:00-04:00,1500.0,1500.0,1498.5,1498.5,6,0.0,0.0
2022-07-12 00:00:00-04:00,1498.5,1498.5,1498.5,1498.5,0,0.0,0.0
2022-07-13 00:00:00-04:00,1500.0,1500.0,1498.5,1500.0,9,0.0,0.0
2022-07-14 00:00:00-04:00,1500.0,1500.0,1500.0,1500.0,0,0.0,0.0
2022-07-15 00:00:00-04:00,1506.0,1506.0,1503.0,1503.0,19,0.0,0.0
2022-07-18 00:00:00-04:00,1501.5,1503.0,1501.5,1503.0,46,0.0,0.0
2022-07-19 00:00:00-04:00,1503.0,1503.0,1503.0,1503.0,0,0.0,0.0
2022-07-20 00:00:00-04:00,1515.0,1515.0,1515.0,1515.0,1,0.0,0.0
2022-07-21 00:00:00-04:00,1501.5,1501.5,1501.5,1501.5,141,0.0,0.0
2022-07-22 00:00:00-04:00,1515.0,1515.0,1515.0,1515.0,1,0.0,0.0
2022-07-25 00:00:00-04:00,1515.0,1515.0,1515.0,1515.0,0,0.0,0.0
2022-07-26 00:00:00-04:00,1515.0,1515.0,1515.0,1515.0,0,0.0,0.0
2022-07-27 00:00:00-04:00,1507.5,1509.0,1507.5,1509.0,21,0.0,0.0
2022-07-28 00:00:00-04:00,1509.0,1509.0,1509.0,1509.0,83,0.0,0.0
2022-07-29 00:00:00-04:00,1509.0,1509.0,1509.0,1509.0,3,0.0,0.0
2022-08-01 00:00:00-04:00,1509.0,1509.0,1509.0,1509.0,113,0.0,0.0
2022-08-02 00:00:00-04:00,1507.5,1507.5,1507.5,1507.5,1,0.0,0.0
2022-08-03 00:00:00-04:00,1507.5,1507.5,1507.5,1507.5,0,0.0,0.0
2022-08-04 00:00:00-04:00,1507.5,1507.5,1507.5,1507.5,0,0.0,0.0
2022-08-05 00:00:00-04:00,1507.5,1507.5,1507.5,1507.5,0,0.0,0.0
2022-08-08 00:00:00-04:00,1507.5,1507.5,1507.5,1507.5,0,0.0,0.0
2022-08-09 00:00:00-04:00,1507.5,1507.5,1507.5,1507.5,0,0.0,0.0
2022-08-10 00:00:00-04:00,1507.5,1507.5,1507.5,1507.5,2,0.0,0.0
2022-08-11 00:00:00-04:00,1507.5,1507.5,1507.5,1507.5,1,0.0,0.0
2022-08-12 00:00:00-04:00,1507.5,1507.5,1507.5,1507.5,0,0.0,0.0
2022-08-15 00:00:00-04:00,1507.5,1507.5,1507.5,1507.5,0,0.0,0.0
2022-08-16 00:00:00-04:00,1509.0,1512.0,1509.0,1512.0,3,0.0,0.0
2022-08-17 00:00:00-04:00,1512.0,1512.0,1512.0,1512.0,0,0.0,0.0
2022-08-18 00:00:00-04:00,1512.0,1512.0,1512.0,1512.0,0,0.0,0.0
2022-08-19 00:00:00-04:00,1512.0,1512.0,1512.0,1512.0,0,0.0,0.0
2022-08-22 00:00:00-04:00,1512.0,1512.0,1512.0,1512.0,0,0.0,0.0
2022-08-23 00:00:00-04:00,1507.5,1507.5,1507.5,1507.5,26,0.0,0.0
2022-08-24 00:00:00-04:00,1507.5,1509.0,1507.5,1509.0,668,0.0,0.0
2022-08-25 00:00:00-04:00,1512.0,1512.0,1506.0,1507.5,187,0.0,0.0
2022-08-26 00:00:00-04:00,1507.5,1507.5,1506.0,1506.0,165,0.0,0.0
2022-08-29 00:00:00-04:00,1506.0,1506.0,1506.0,1506.0,0,0.0,0.0
2022-08-30 00:00:00-04:00,1504.5,1504.5,1504.5,1504.5,3,0.0,0.0
2022-08-31 00:00:00-04:00,1504.5,1504.5,1504.5,1504.5,135,0.0,0.0
2022-09-01 00:00:00-04:00,1504.5,1504.5,1504.5,1504.5,81,0.0,0.0
2022-09-02 00:00:00-04:00,1504.5,1504.5,1504.5,1504.5,0,0.0,0.0
2022-09-06 00:00:00-04:00,1504.5,1504.5,1503.0,1504.5,135,0.0,0.0
2022-09-07 00:00:00-04:00,1504.5,1504.5,1504.5,1504.5,0,0.0,0.0
2022-09-08 00:00:00-04:00,1504.5,1504.5,1504.5,1504.5,0,0.0,0.0
2022-09-09 00:00:00-04:00,1504.5,1504.5,1504.5,1504.5,0,0.0,0.0
2022-09-12 00:00:00-04:00,1504.5,1504.5,1504.5,1504.5,0,0.0,0.0
2022-09-13 00:00:00-04:00,1505.25,1505.25,1505.25,1505.25,7,0.0,0.0
2022-09-14 00:00:00-04:00,1506.0,1506.0,1506.0,1506.0,1,0.0,0.0
2022-09-15 00:00:00-04:00,1506.0,1506.0,1506.0,1506.0,21,0.0,0.0
2022-09-16 00:00:00-04:00,1507.5,1507.5,1507.5,1507.5,43,0.0,0.0
2022-09-19 00:00:00-04:00,1507.5,1507.5,1503.75,1507.5,71,0.0,0.0
2022-09-20 00:00:00-04:00,1509.0,1510.5,1504.5,1504.5,2040,0.0,0.0
2022-09-21 00:00:00-04:00,1509.0,1509.0,1506.0,1506.0,6,0.0,0.0
2022-09-22 00:00:00-04:00,1506.0,1506.0,1506.0,1506.0,0,0.0,0.0
2022-09-23 00:00:00-04:00,1506.0,1506.0,1506.0,1506.0,0,0.0,0.0
2022-09-26 00:00:00-04:00,1506.0,1506.0,1504.5,1504.5,5,0.0,0.0
2022-09-27 00:00:00-04:00,1504.5,1504.5,1504.5,1504.5,0,0.0,0.0
2022-09-28 00:00:00-04:00,1504.5,1504.5,1504.5,1504.5,0,0.0,0.0
2022-09-29 00:00:00-04:00,1510.5,1512.0,1510.5,1510.5,99,0.0,0.0
2022-09-30 00:00:00-04:00,1509.0,1509.0,1509.0,1509.0,209,0.0,0.0
2022-10-03 00:00:00-04:00,1509.0,1512.0,1509.0,1510.5,145,0.0,0.0
2022-10-04 00:00:00-04:00,1510.5,1510.5,1510.5,1510.5,11,0.0,0.0
2022-10-05 00:00:00-04:00,1510.5,1510.5,1510.5,1510.5,0,0.0,0.0
2022-10-06 00:00:00-04:00,1511.25,1512.0,1511.25,1512.0,35,0.0,0.0
2022-10-07 00:00:00-04:00,1512.0,1512.0,1512.0,1512.0,0,0.0,0.0
2022-10-10 00:00:00-04:00,1513.5,1513.5,1513.5,1513.5,1,0.0,0.0
2022-10-11 00:00:00-04:00,1513.5,1513.5,1513.5,1513.5,0,0.0,0.0
2022-10-12 00:00:00-04:00,1513.5,1513.5,1513.5,1513.5,1,0.0,0.0
2022-10-13 00:00:00-04:00,1513.5,1513.5,1513.5,1513.5,201,0.0,0.0
2022-10-14 00:00:00-04:00,1515.0,1515.0,1515.0,1515.0,1,0.0,0.0
2022-10-17 00:00:00-04:00,1515.0,1515.0,1515.0,1515.0,1,0.0,0.0
2022-10-18 00:00:00-04:00,1515.0,1515.0,1515.0,1515.0,0,0.0,0.0
2022-10-19 00:00:00-04:00,1514.25,1514.25,1514.25,1514.25,2,0.0,0.0
2022-10-20 00:00:00-04:00,1514.25,1514.25,1514.25,1514.25,0,0.0,0.0
2022-10-21 00:00:00-04:00,1517.8499755859375,1517.8499755859375,1513.5,1513.5,3,0.0,0.0
2022-10-24 00:00:00-04:00,1513.5,1513.5,1513.5,1513.5,0,0.0,0.0
2022-10-25 00:00:00-04:00,1543.5,1543.5,1543.5,1543.5,1,0.0,0.0
2022-10-26 00:00:00-04:00,1516.5,1575.75,1515.0,1575.75,7,0.0,0.0
2022-10-27 00:00:00-04:00,1575.75,1575.75,1575.75,1575.75,0,0.0,0.0
2022-10-28 00:00:00-04:00,1539.0,1539.0,1515.0,1519.5,17,0.0,0.0
2022-10-31 00:00:00-04:00,1519.5,1519.5,1519.5,1519.5,0,0.0,0.0
2022-11-01 00:00:00-04:00,1519.5,1519.5,1519.5,1519.5,0,0.0,0.0
2022-11-02 00:00:00-04:00,1519.5,1519.5,1519.5,1519.5,0,0.0,0.0
2022-11-03 00:00:00-04:00,1519.5,1519.5,1519.5,1519.5,0,0.0,0.0
2022-11-04 00:00:00-04:00,1519.5,1519.5,1519.5,1519.5,0,0.0,0.0
2022-11-07 00:00:00-05:00,1518.0,1518.0,1517.25,1517.25,115,0.0,0.0
2022-11-08 00:00:00-05:00,1518.0,1522.5,1518.0,1522.5,31,0.0,0.0
2022-11-09 00:00:00-05:00,1522.5,1522.5,1521.0,1522.5,142,0.0,0.0
2022-11-10 00:00:00-05:00,1522.5,1522.5,1522.5,1522.5,0,0.0,0.0
2022-11-11 00:00:00-05:00,1522.5,1522.5,1522.5,1522.5,0,0.0,0.0
2022-11-14 00:00:00-05:00,1522.5,1522.5,1522.5,1522.5,0,0.0,0.0
2022-11-15 00:00:00-05:00,1522.5,1522.5,1522.5,1522.5,0,0.0,0.0
2022-11-16 00:00:00-05:00,1522.5,1522.5,1522.5,1522.5,0,0.0,0.0
2022-11-17 00:00:00-05:00,1522.5,1522.5,1522.5,1522.5,0,0.0,0.0
2022-11-18 00:00:00-05:00,1522.5,1522.5,1522.5,1522.5,0,0.0,0.0
2022-11-21 00:00:00-05:00,1522.5,1522.5,1522.5,1522.5,0,0.0,0.0
2022-11-22 00:00:00-05:00,1522.5,1522.5,1522.5,1522.5,686,0.0,0.0
2022-11-23 00:00:00-05:00,1522.5,1522.5,1522.5,1522.5,0,0.0,0.0
2022-11-25 00:00:00-05:00,1522.5,1522.5,1522.5,1522.5,0,0.0,0.0
2022-11-28 00:00:00-05:00,1522.5,1522.5,1522.5,1522.5,0,0.0,0.0
2022-11-29 00:00:00-05:00,1522.5,1522.5,1522.5,1522.5,0,0.0,0.0
2022-11-30 00:00:00-05:00,1522.5,1522.5,1522.5,1522.5,0,0.0,0.0
2022-12-01 00:00:00-05:00,1522.5,1522.5,1522.5,1522.5,0,0.0,0.0
2022-12-02 00:00:00-05:00,1522.5,1522.5,1522.5,1522.5,0,0.0,0.0
2022-12-05 00:00:00-05:00,1522.5,1522.5,1522.5,1522.5,0,0.0,0.0
2022-12-06 00:00:00-05:00,1525.5,1530.0,1524.0,1524.5999755859375,299,0.0,0.0
2022-12-07 00:00:00-05:00,1526.25,1526.25,1525.5,1525.5,77,0.0,0.0
2022-12-08 00:00:00-05:00,1527.0,1530.0,1527.0,1527.0,99,0.0,0.0
2022-12-09 00:00:00-05:00,1526.25,1526.25,1524.0,1525.5,79,0.0,0.0
2022-12-12 00:00:00-05:00,1525.5,1525.5,1525.5,1525.5,7,0.0,0.0
2022-12-13 00:00:00-05:00,1524.0,1524.75,1524.0,1524.75,48,0.0,0.0
2022-12-14 00:00:00-05:00,1524.0,1526.8499755859375,1524.0,1526.8499755859375,88,0.0,0.0
2022-12-15 00:00:00-05:00,1526.8499755859375,1526.8499755859375,1526.8499755859375,1526.8499755859375,7,0.0,0.0
2022-12-16 00:00:00-05:00,1522.800048828125,1522.800048828125,1522.800048828125,1522.800048828125,1,0.0,0.0
2022-12-19 00:00:00-05:00,1525.5,1530.300048828125,1525.5,1530.300048828125,75,0.0,0.0
2022-12-20 00:00:00-05:00,1535.25,1548.0,1535.25,1543.5,541,0.0,0.0
2022-12-21 00:00:00-05:00,1500.0,1503.75,1200.0,1453.5,598,0.0,0.0
2022-12-22 00:00:00-05:00,1383.0,1432.5,1383.0,1419.0,21,0.0,0.0
2022-12-23 00:00:00-05:00,1425.0,1425.0,1425.0,1425.0,2,0.0,0.0
2022-12-27 00:00:00-05:00,1492.5,6337.5,1492.5,2850.0,2954,0.0,0.0
2022-12-28 00:00:00-05:00,2451.0,4374.0,1423.5,1792.5,5713,0.0,0.0
2022-12-29 00:00:00-05:00,1659.0,1762.5,1387.5,1680.0,1271,0.0,0.0
2022-12-30 00:00:00-05:00,2019.0,2685.0,1650.0,1815.0,2074,0.0,0.0
2023-01-03 00:00:00-05:00,1500.0,1738.949951171875,982.5,1365.0,876,0.0,0.0
2023-01-04 00:00:00-05:00,1163.25,1260.0,891.0,978.75,997,0.0,0.0
2023-01-05 00:00:00-05:00,813.0,937.5,720.0,822.0,600,0.0,0.0
2023-01-06 00:00:00-05:00,654.0,3330.0,652.5,2887.5,19694,0.0,0.0
2023-01-09 00:00:00-05:00,2175.0,2339.25,1539.0,1948.5,5117,0.0,0.0
2023-01-10 00:00:00-05:00,1561.5,1815.0,1372.5,1419.0,3094,0.0,0.0
2023-01-11 00:00:00-05:00,1275.0,1425.0,1143.0,1402.5,893,0.0,0.0
2023-01-12 00:00:00-05:00,1276.5,1395.0,1200.0,1372.5,304,0.0,0.0
2023-01-13 00:00:00-05:00,1267.5,1462.5,1148.25,1197.0,397,0.0,0.0
2023-01-17 00:00:00-05:00,1243.5,1275.0,1170.0,1179.0,201,0.0,0.0
2023-01-18 00:00:00-05:00,1158.0,1258.5,1156.5,1177.5,149,0.0,0.0
2023-01-19 00:00:00-05:00,1177.5,1200.0,899.25,922.5,394,0.0,0.0
2023-01-20 00:00:00-05:00,937.5,978.75,817.6500244140625,826.5,521,0.0,0.0
2023-01-23 00:00:00-05:00,855.0,892.5,783.0,850.5,700,0.0,0.0
2023-01-24 00:00:00-05:00,840.0,869.25,783.0,783.0,275,0.0,0.0
2023-01-25 00:00:00-05:00,796.5,900.0,788.25,796.7999877929688,362,0.0,0.0
2023-01-26 00:00:00-05:00,840.0,948.0,783.0,793.5,1087,0.0,0.0
2023-01-27 00:00:00-05:00,802.5,837.75,766.5,804.0,186,0.0,0.0
2023-01-30 00:00:00-05:00,754.5,802.5,726.0,783.0,189,0.0,0.0
2023-01-31 00:00:00-05:00,759.0,814.5,757.5,795.0,90,0.0,0.0
2023-02-01 00:00:00-05:00,780.0,794.8499755859375,750.0,772.5,44,0.0,0.0
2023-02-02 00:00:00-05:00,780.0,780.0,726.0,757.5,94,0.0,0.0
2023-02-03 00:00:00-05:00,771.0,771.0,745.5,754.5,87,0.0,0.0
2023-02-06 00:00:00-05:00,727.5,775.5,699.0,775.5,128,0.0,0.0
2023-02-07 00:00:00-05:00,810.0,810.0,741.5999755859375,777.0,46,0.0,0.0
2023-02-08 00:00:00-05:00,798.0,808.5,697.5,735.0,117,0.0,0.0
2023-02-09 00:00:00-05:00,705.0,823.5,705.0,788.25,117,0.0,0.0
2023-02-10 00:00:00-05:00,781.5,823.5,780.0,808.5,101,0.0,0.0
2023-02-13 00:00:00-05:00,834.0,855.0,787.5,840.0,265,0.0,0.0
2023-02-14 00:00:00-05:00,853.5,853.5,750.0,802.5,83,0.0,0.0
2023-02-15 00:00:00-05:00,750.0,837.0,750.0,795.0,49,0.0,0.0
2023-02-16 00:00:00-05:00,784.5,810.0,757.5,786.0,27,0.0,0.0
2023-02-17 00:00:00-05:00,835.5,835.5,727.5,750.0,27,0.0,0.0
2023-02-21 00:00:00-05:00,795.9000244140625,795.9000244140625,730.5,771.0,19,0.0,0.0
2023-02-22 00:00:00-05:00,730.5,771.0,727.5,771.0,21,0.0,0.0
2023-02-23 00:00:00-05:00,750.0,813.0,724.5,796.5,161,0.0,0.0
2023-02-24 00:00:00-05:00,810.0,1095.0,751.5,990.0,523,0.0,0.0
2023-02-27 00:00:00-05:00,1339.5,1660.5,1029.0,1147.5,13690,0.0,0.0
2023-02-28 00:00:00-05:00,1075.5,1080.0,888.0,900.0,1071,0.0,0.0
2023-03-01 00:00:00-05:00,907.5,936.0,848.4000244140625,915.0,208,0.0,0.0
2023-03-02 00:00:00-05:00,873.0,885.0,816.0,862.5,139,0.0,0.0
2023-03-03 00:00:00-05:00,805.5,898.7999877929688,805.5,885.0,277,0.0,0.0
2023-03-06 00:00:00-05:00,859.5,963.0,847.5,883.5,194,0.0,0.0
2023-03-07 00:00:00-05:00,775.5,830.4000244140625,765.0,780.0,89,0.0,0.0
2023-03-08 00:00:00-05:00,793.5,793.5,712.5,733.5,169,0.0,0.0
2023-03-09 00:00:00-05:00,733.5,739.5,702.0,720.0,33,0.0,0.0
2023-03-10 00:00:00-05:00,715.5,724.5,679.5,717.0,112,0.0,0.0
2023-03-13 00:00:00-04:00,718.5,771.0,697.5,711.0,61,0.0,0.0
2023-03-14 00:00:00-04:00,711.0,736.5,663.5999755859375,721.5,120,0.0,0.0
2023-03-15 00:00:00-04:00,705.0,1488.0,666.75,903.0,30327,0.0,0.0
2023-03-16 00:00:00-04:00,774.0,817.5,705.0,735.0,1284,0.0,0.0
2023-03-17 00:00:00-04:00,780.0,780.0,712.5,720.0,537,0.0,0.0
2023-03-20 00:00:00-04:00,699.0,720.0,682.5,705.0,196,0.0,0.0
2023-03-21 00:00:00-04:00,699.0,891.0,699.0,730.5,2965,0.0,0.0
2023-03-22 00:00:00-04:00,709.5,780.0,709.5,715.5,493,0.0,0.0
2023-03-23 00:00:00-04:00,703.3499755859375,755.25,703.3499755859375,703.5,196,0.0,0.0
2023-03-24 00:00:00-04:00,700.5,711.2999877929688,673.5,694.5,143,0.0,0.0
2023-03-27 00:00:00-04:00,688.5,738.0,660.0,660.0,234,0.0,0.0
2023-03-28 00:00:00-04:00,645.0,678.0,634.5,634.5,271,0.0,0.0
2023-03-29 00:00:00-04:00,648.5999755859375,657.0,606.0,606.0,151,0.0,0.0
2023-03-30 00:00:00-04:00,623.5499877929688,626.8499755859375,609.4500122070312,612.0,35,0.0,0.0
2023-03-31 00:00:00-04:00,609.0,651.0,609.0,612.0,76,0.0,0.0
2023-04-03 00:00:00-04:00,609.0,630.0,609.0,615.0,73,0.0,0.0
2023-04-04 00:00:00-04:00,633.75,645.0,613.5,622.5,33,0.0,0.0
2023-04-05 00:00:00-04:00,616.5,670.5,612.0,649.5,307,0.0,0.0
2023-04-06 00:00:00-04:00,765.0,765.0,600.0,666.0,254,0.0,0.0
2023-04-10 00:00:00-04:00,613.5,675.0,601.5,640.5,197,0.0,0.0
2023-04-11 00:00:00-04:00,660.0,665.25,627.0,645.0,68,0.0,0.0
2023-04-12 00:00:00-04:00,661.5,661.5,601.5,601.5,223,0.0,0.0
2023-04-13 00:00:00-04:00,607.5,628.5,607.5,607.5,20,0.0,0.0
2023-04-14 00:00:00-04:00,591.0,642.1500244140625,577.5,585.0,117,0.0,0.0
2023-04-17 00:00:00-04:00,639.0,639.0,571.5,571.5,99,0.0,0.0
2023-04-18 00:00:00-04:00,580.5,585.0,505.5,538.5,187,0.0,0.0
2023-04-19 00:00:00-04:00,525.0,537.1500244140625,496.5,517.5,66,0.0,0.0
2023-04-20 00:00:00-04:00,539.25,539.25,472.5,517.5,157,0.0,0.0
2023-04-21 00:00:00-04:00,481.5,522.0,481.5,492.0,87,0.0,0.0
2023-04-24 00:00:00-04:00,478.6499938964844,519.0,476.1000061035156,510.0,17,0.0,0.0
2023-04-25 00:00:00-04:00,526.5,526.5,474.0,480.0,87,0.0,0.0
2023-04-26 00:00:00-04:00,472.5,488.25,435.0,435.0,179,0.0,0.0
2023-04-27 00:00:00-04:00,436.5,436.5,393.1499938964844,399.0,70,0.0,0.0
2023-04-28 00:00:00-04:00,402.0,426.0,390.0,415.5,126,0.0,0.0
2023-05-01 00:00:00-04:00,448.5,464.8500061035156,391.5,391.5,89,0.0,0.0
2023-05-02 00:00:00-04:00,435.0,435.0,393.0,402.0,55,0.0,0.0
2023-05-03 00:00:00-04:00,420.0,420.0,391.5,400.5,30,0.0,0.0
2023-05-04 00:00:00-04:00,409.6499938964844,438.0,405.0,438.0,166,0.0,0.0
2023-05-05 00:00:00-04:00,480.0,517.5,450.0,465.0,349,0.0,0.0
2023-05-08 00:00:00-04:00,436.5,460.5,435.0,450.0,103,0.0,0.0
2023-05-09 00:00:00-04:00,435.0,484.5,418.6499938964844,466.5,19,0.0,0.0
2023-05-10 00:00:00-04:00,465.0,477.0,450.29998779296875,460.5,30,0.0,0.0
2023-05-11 00:00:00-04:00,406.5,471.0,406.5,455.25,25,0.0,0.0
2023-05-12 00:00:00-04:00,465.0,465.0,456.0,459.75,14,0.0,0.0
2023-05-15 00:00:00-04:00,465.0,472.5,436.79998779296875,454.5,13,0.0,0.0
2023-05-16 00:00:00-04:00,454.5,459.1499938964844,441.0,457.5,60,0.0,0.0
2023-05-17 00:00:00-04:00,450.0,462.0,450.0,450.0,23,0.0,0.0
2023-05-18 00:00:00-04:00,453.0,499.5,420.0,453.0,13,0.0,0.0
2023-05-19 00:00:00-04:00,441.0,453.0,433.5,451.5,25,0.0,0.0
2023-05-22 00:00:00-04:00,451.5,451.5,451.5,451.5,5,0.0,0.0
2023-05-23 00:00:00-04:00,441.0,475.5,430.5,441.0,121,0.0,0.0
2023-05-24 00:00:00-04:00,433.20001220703125,447.0,430.5,430.5,5,0.0,0.0
2023-05-25 00:00:00-04:00,412.5,439.5,405.0,405.0,17,0.0,0.0
2023-05-26 00:00:00-04:00,427.5,436.3500061035156,405.0,436.3500061035156,31,0.0,0.0
2023-05-30 00:00:00-04:00,409.95001220703125,449.8500061035156,409.5,449.8500061035156,13,0.0,0.0
2023-05-31 00:00:00-04:00,483.0,483.0,439.5,452.3999938964844,75,0.0,0.0
2023-06-01 00:00:00-04:00,447.0,471.0,435.0,444.0,68,0.0,0.0
2023-06-02 00:00:00-04:00,471.0,471.0,437.25,453.0,110,0.0,0.0
2023-06-05 00:00:00-04:00,457.5,471.0,442.5,457.3500061035156,80,0.0,0.0
2023-06-06 00:00:00-04:00,453.0,459.0,435.1499938964844,441.75,125,0.0,0.0
2023-06-07 00:00:00-04:00,408.8999938964844,450.0,408.8999938964844,438.0,41,0.0,0.0
2023-06-08 00:00:00-04:00,439.5,442.3500061035156,439.5,442.3500061035156,9,0.0,0.0
2023-06-09 00:00:00-04:00,442.04998779296875,465.0,441.75,442.5,97,0.0,0.0
2023-06-12 00:00:00-04:00,450.0,450.0,415.04998779296875,445.5,13,0.0,0.0
2023-06-13 00:00:00-04:00,436.5,448.5,436.5,448.5,69,0.0,0.0
2023-06-14 00:00:00-04:00,445.5,512.4000244140625,432.75,447.0,647,0.0,0.0
2023-06-15 00:00:00-04:00,439.5,453.0,433.5,451.5,32,0.0,0.0
2023-06-16 00:00:00-04:00,447.75,508.5,447.0,507.0,64,0.0,0.0
2023-06-20 00:00:00-04:00,472.5,506.70001220703125,465.0,468.0,61,0.0,0.0
2023-06-21 00:00:00-04:00,448.5,511.5,442.5,486.0,115,0.0,0.0
2023-06-22 00:00:00-04:00,471.0,508.5,465.0,470.70001220703125,141,0.0,0.0
2023-06-23 00:00:00-04:00,469.5,594.0,469.5,504.0,548,0.0,0.0
2023-06-26 00:00:00-04:00,504.0,592.5,472.5,570.0,577,0.0,0.0
2023-06-27 00:00:00-04:00,600.0,660.0,493.6499938964844,514.5,519,0.0,0.0
2023-06-28 00:00:00-04:00,514.5,538.2000122070312,486.0,486.0,73,0.0,0.0
2023-06-29 00:00:00-04:00,487.5,524.7000122070312,450.0,500.25,92,0.0,0.0
2023-06-30 00:00:00-04:00,508.5,561.0,498.0,552.0,261,0.0,0.0
2023-07-03 00:00:00-04:00,531.4500122070312,547.5,514.5,514.5,7,0.0,0.0
2023-07-05 00:00:00-04:00,525.0,557.7000122070312,501.75,508.5,85,0.0,0.0
2023-07-06 00:00:00-04:00,519.0,552.0,495.0,517.5,89,0.0,0.0
2023-07-07 00:00:00-04:00,525.0,525.0,496.5,510.0,25,0.0,0.0
2023-07-10 00:00:00-04:00,504.0,586.5,504.0,568.5,73,0.0,0.0
2023-07-11 00:00:00-04:00,577.5,585.0,526.5,526.5,83,0.0,0.0
2023-07-12 00:00:00-04:00,550.5,550.5,517.5,517.5,103,0.0,0.0
2023-07-13 00:00:00-04:00,510.0,525.0,487.5,497.25,65,0.0,0.0
2023-07-14 00:00:00-04:00,517.2000122070312,534.0,515.25,517.5,44,0.0,0.0
2023-07-17 00:00:00-04:00,525.0,525.0,498.0,498.0,67,0.0,0.0
2023-07-18 00:00:00-04:00,506.3999938964844,516.0,480.0,480.0,169,0.0,0.0
2023-07-19 00:00:00-04:00,469.5,502.5,468.0,502.5,61,0.0,0.0
2023-07-20 00:00:00-04:00,487.5,504.1499938964844,468.0,502.5,72,0.0,0.0
2023-07-21 00:00:00-04:00,495.0,525.0,487.5,510.0,85,0.0,0.0
2023-07-24 00:00:00-04:00,469.5,515.7000122070312,469.5,490.5,27,0.0,0.0
2023-07-25 00:00:00-04:00,468.0,494.54998779296875,468.0,493.5,14,0.0,0.0
2023-07-26 00:00:00-04:00,489.0,489.0,487.5,487.5,9,0.0,0.0
2023-07-27 00:00:00-04:00,485.3999938964844,507.0,474.0,475.5,15,0.0,0.0
2023-07-28 00:00:00-04:00,466.5,507.0,466.5,490.5,19,0.0,0.0
2023-07-31 00:00:00-04:00,505.5,510.0,474.75,475.5,25,0.0,0.0
2023-08-01 00:00:00-04:00,498.0,498.0,480.0,481.5,13,0.0,0.0
2023-08-02 00:00:00-04:00,468.0,481.5,468.0,469.5,9,0.0,0.0
2023-08-03 00:00:00-04:00,477.0,477.0,465.0,471.0,20,0.0,0.0
2023-08-04 00:00:00-04:00,467.3999938964844,469.04998779296875,412.5,432.0,77,0.0,0.0
2023-08-07 00:00:00-04:00,439.5,462.0,439.5,450.0,33,0.0,0.0
2023-08-08 00:00:00-04:00,474.0,474.0,450.0,450.0,11,0.0,0.0
2023-08-09 00:00:00-04:00,423.1499938964844,450.0,423.1499938964844,448.5,35,0.0,0.0
2023-08-10 00:00:00-04:00,450.0,450.0,430.5,448.5,29,0.0,0.0
2023-08-11 00:00:00-04:00,462.0,463.5,434.25,453.0,15,0.0,0.0
2023-08-14 00:00:00-04:00,441.0,450.0,441.0,446.25,11,0.0,0.0
2023-08-15 00:00:00-04:00,440.3999938964844,460.5,438.0,460.5,12,0.0,0.0
2023-08-16 00:00:00-04:00,453.45001220703125,462.6000061035156,453.45001220703125,462.6000061035156,3,0.0,0.0
2023-08-17 00:00:00-04:00,465.0,465.0,450.0,457.5,20,0.0,0.0
2023-08-18 00:00:00-04:00,456.0,456.0,456.0,456.0,1,0.0,0.0
2023-08-21 00:00:00-04:00,447.0,457.5,441.29998779296875,457.5,6,0.0,0.0
2023-08-22 00:00:00-04:00,448.5,456.0,444.0,456.0,6,0.0,0.0
2023-08-23 00:00:00-04:00,445.3500061035156,451.04998779296875,445.20001220703125,451.04998779296875,11,0.0,0.0
2023-08-24 00:00:00-04:00,444.0,448.5,439.5,448.5,13,0.0,0.0
2023-08-25 00:00:00-04:00,427.95001220703125,453.0,427.5,453.0,17,0.0,0.0
2023-08-28 00:00:00-04:00,441.0,450.0,441.0,450.0,8,0.0,0.0
2023-08-29 00:00:00-04:00,454.5,487.5,450.0,487.5,172,0.0,0.0
2023-08-30 00:00:00-04:00,498.0,498.0,487.5,492.0,29,0.0,0.0
2023-08-31 00:00:00-04:00,487.5,493.5,486.0,493.5,22,0.0,0.0
2023-09-01 00:00:00-04:00,492.0,492.0,480.0,490.5,11,0.0,0.0
2023-09-05 00:00:00-04:00,480.0,490.5,472.5,490.5,78,0.0,0.0
2023-09-06 00:00:00-04:00,475.5,475.5,475.5,475.5,3,0.0,0.0
2023-09-07 00:00:00-04:00,480.0,480.0,474.0,474.0,9,0.0,0.0
2023-09-08 00:00:00-04:00,472.5,473.25,460.5,460.5,10,0.0,0.0
2023-09-11 00:00:00-04:00,463.5,480.0,463.5,480.0,77,0.0,0.0
2023-09-12 00:00:00-04:00,478.5,486.0,464.8500061035156,482.8500061035156,103,0.0,0.0
2023-09-13 00:00:00-04:00,477.0,477.0,477.0,477.0,1,0.0,0.0
2023-09-14 00:00:00-04:00,465.75,470.25,465.75,470.25,11,0.0,0.0
2023-09-15 00:00:00-04:00,454.5,474.0,454.5,464.25,7,0.0,0.0
2023-09-18 00:00:00-04:00,464.25,464.25,464.25,464.25,0,0.0,0.0
2023-09-19 00:00:00-04:00,456.29998779296875,457.5,456.29998779296875,456.45001220703125,5,0.0,0.0
2023-09-20 00:00:00-04:00,465.0,465.0,465.0,465.0,3,0.0,0.0
2023-09-21 00:00:00-04:00,454.5,454.5,454.5,454.5,1,0.0,0.0
2023-09-22 00:00:00-04:00,442.5,475.5,435.0,474.0,48,0.0,0.0
2023-09-25 00:00:00-04:00,450.0,450.0,412.5,448.5,17,0.0,0.0
2023-09-26 00:00:00-04:00,431.25,465.0,417.0,462.0,19,0.0,0.0
2023-09-27 00:00:00-04:00,465.0,466.5,421.5,424.5,25,0.0,0.0
2023-09-28 00:00:00-04:00,448.5,460.5,448.5,460.5,9,0.0,0.0
2023-09-29 00:00:00-04:00,420.0,420.0,420.0,420.0,7,0.0,0.0
2023-10-02 00:00:00-04:00,427.5,454.5,426.8999938964844,454.5,33,0.0,0.0
2023-10-03 00:00:00-04:00,454.5,454.5,454.5,454.5,0,0.0,0.0
2023-10-04 00:00:00-04:00,420.0,448.5,418.6499938964844,442.5,13,0.0,0.0
2023-10-05 00:00:00-04:00,423.75,439.5,423.75,439.5,13,0.0,0.0
2023-10-06 00:00:00-04:00,427.5,438.0,420.0,420.0,13,0.0,0.0
2023-10-09 00:00:00-04:00,421.5,421.5,421.5,421.5,1,0.0,0.0
2023-10-10 00:00:00-04:00,421.5,421.5,421.5,421.5,0,0.0,0.0
2023-10-11 00:00:00-04:00,420.29998779296875,425.70001220703125,420.0,425.70001220703125,5,0.0,0.0
2023-10-12 00:00:00-04:00,429.0,429.0,391.5,428.3999938964844,21,0.0,0.0
2023-10-13 00:00:00-04:00,413.54998779296875,413.54998779296875,398.25,408.0,19,0.0,0.0
2023-10-16 00:00:00-04:00,397.6499938964844,405.0,375.0,376.5,39,0.0,0.0
2023-10-17 00:00:00-04:00,390.0,450.0,390.0,427.04998779296875,55,0.0,0.0
2023-10-18 00:00:00-04:00,396.0,398.54998779296875,346.5,398.54998779296875,33,0.0,0.0
2023-10-19 00:00:00-04:00,390.0,405.0,352.5,405.0,54,0.0,0.0
2023-10-20 00:00:00-04:00,405.29998779296875,447.0,405.29998779296875,408.0,9,0.0,0.0
2023-10-23 00:00:00-04:00,420.0,420.0,379.5,379.5,4,0.0,0.0
2023-10-24 00:00:00-04:00,390.0,421.5,390.0,421.5,11,0.0,0.0
2023-10-25 00:00:00-04:00,421.5,421.5,421.5,421.5,0,0.0,0.0
2023-10-26 00:00:00-04:00,435.0,435.0,390.0,418.5,4,0.0,0.0
2023-10-27 00:00:00-04:00,405.0,417.0,402.0,412.5,13,0.0,0.0
2023-10-30 00:00:00-04:00,412.5,412.5,412.5,412.5,0,0.0,0.0
2023-10-31 00:00:00-04:00,385.5,385.5,357.0,357.0,6,0.0,0.0
2023-11-01 00:00:00-04:00,376.5,433.6499938964844,376.5,402.0,27,0.0,0.0
2023-11-02 00:00:00-04:00,384.0,419.25,372.0,419.25,21,0.0,0.0
2023-11-03 00:00:00-04:00,407.3999938964844,417.0,407.3999938964844,417.0,5,0.0,0.0
2023-11-06 00:00:00-05:00,362.1000061035156,390.0,355.5,390.0,121,0.0,0.0
2023-11-07 00:00:00-05:00,390.0,390.0,390.0,390.0,0,0.0,0.0
2023-11-08 00:00:00-05:00,364.5,433.5,364.5,420.0,118,0.0,0.0
2023-11-09 00:00:00-05:00,407.25,407.25,394.5,397.5,7,0.0,0.0
2023-11-10 00:00:00-05:00,397.5,397.5,397.5,397.5,0,0.0,0.0
2023-11-13 00:00:00-05:00,412.5,414.0,405.0,405.0,21,0.0,0.0
2023-11-14 00:00:00-05:00,397.5,402.0,373.5,384.0,13,0.0,0.0
2023-11-15 00:00:00-05:00,390.1499938964844,391.5,390.1499938964844,391.5,13,0.0,0.0
2023-11-16 00:00:00-05:00,372.0,372.0,372.0,372.0,3,0.0,0.0
2023-11-17 00:00:00-05:00,390.0,390.0,382.5,382.5,13,0.0,0.0
2023-11-20 00:00:00-05:00,375.0,375.0,375.0,375.0,1,0.0,0.0
2023-11-21 00:00:00-05:00,355.5,379.3500061035156,352.5,379.3500061035156,9,0.0,0.0
2023-11-22 00:00:00-05:00,389.25,389.25,376.5,387.0,5,0.0,0.0
2023-11-24 00:00:00-05:00,390.0,403.5,390.0,403.5,10,0.0,0.0
2023-11-27 00:00:00-05:00,381.0,381.0,345.0,362.25,13,0.0,0.0
2023-11-28 00:00:00-05:00,375.0,375.0,373.5,373.5,4,0.0,0.0
2023-11-29 00:00:00-05:00,345.0,397.5,321.0,361.5,357,0.0,0.0
2023-11-30 00:00:00-05:00,373.79998779296875,382.5,369.0,376.5,5,0.0,0.0
2023-12-01 00:00:00-05:00,349.5,349.5,342.0,342.0,77,0.0,0.0
2023-12-04 00:00:00-05:00,360.0,361.5,360.0,360.0,29,0.0,0.0
2023-12-05 00:00:00-05:00,360.0,390.0,341.25,379.5,151,0.0,0.0
2023-12-06 00:00:00-05:00,375.0,382.5,375.0,375.0,61,0.0,0.0
2023-12-07 00:00:00-05:00,376.5,376.5,376.5,376.5,6,0.0,0.0
2023-12-08 00:00:00-05:00,405.0,405.0,358.5,373.5,28,0.0,0.0
2023-12-11 00:00:00-05:00,375.0,375.0,372.29998779296875,375.0,13,0.0,0.0
2023-12-12 00:00:00-05:00,375.0,375.0,366.0,366.0,40,0.0,0.0
2023-12-13 00:00:00-05:00,366.0,366.0,366.0,366.0,0,0.0,0.0
2023-12-14 00:00:00-05:00,375.0,405.0,352.5,352.5,51,0.0,0.0
2023-12-15 00:00:00-05:00,375.0,375.0,354.0,354.0,74,0.0,0.0
2023-12-18 00:00:00-05:00,357.0,373.5,357.0,373.5,10,0.0,0.0
2023-12-19 00:00:00-05:00,375.0,375.0,360.0,365.25,18,0.0,0.0
2023-12-20 00:00:00-05:00,382.5,382.5,360.0,364.5,28,0.0,0.0
2023-12-21 00:00:00-05:00,372.29998779296875,375.0,367.5,367.5,47,0.0,0.0
2023-12-22 00:00:00-05:00,357.0,368.1000061035156,357.0,363.0,13,0.0,0.0
2023-12-26 00:00:00-05:00,360.0,360.0,360.0,360.0,26,0.0,0.0
2023-12-27 00:00:00-05:00,363.75,363.75,363.75,363.75,7,0.0,0.0
2023-12-28 00:00:00-05:00,358.5,373.5,357.0,357.0,59,0.0,0.0
2023-12-29 00:00:00-05:00,360.0,369.0,360.0,369.0,1,0.0,0.0
2024-01-02 00:00:00-05:00,375.0,375.0,360.0,363.75,17,0.0,0.0
2024-01-03 00:00:00-05:00,369.0,370.20001220703125,352.5,370.20001220703125,22,0.0,0.0
2024-01-04 00:00:00-05:00,367.5,367.5,352.5,352.5,10,0.0,0.0
2024-01-05 00:00:00-05:00,355.5,355.5,352.5,352.5,15,0.0,0.0
2024-01-08 00:00:00-05:00,342.0,363.75,342.0,357.6000061035156,46,0.0,0.0
2024-01-09 00:00:00-05:00,373.5,379.5,331.5,346.5,88,0.0,0.0
2024-01-10 00:00:00-05:00,337.5,351.0,285.0,300.0,109,0.0,0.0
2024-01-11 00:00:00-05:00,396.0,450.0,369.0,379.5,127626,0.0,0.0
2024-01-12 00:00:00-05:00,370.5,405.0,361.5,367.5,3261,0.0,0.0
2024-01-16 00:00:00-05:00,322.5,351.0,319.5,337.5,1121,0.0,0.0
2024-01-17 00:00:00-05:00,331.5,331.5,318.0,322.5,315,0.0,0.0
2024-01-18 00:00:00-05:00,316.5,322.5,279.0,295.20001220703125,497,0.0,0.0
2024-01-19 00:00:00-05:00,286.5,313.5,286.5,301.5,332,0.0,0.0
2024-01-22 00:00:00-05:00,300.0,300.0,285.0,289.5,59,0.0,0.0
2024-01-23 00:00:00-05:00,282.0,292.5,277.5,277.5,109,0.0,0.0
2024-01-24 00:00:00-05:00,283.5,288.0,258.29998779296875,271.5,151,0.0,0.0
2024-01-25 00:00:00-05:00,267.75,285.0,258.0,271.5,216,0.0,0.0
2024-01-26 00:00:00-05:00,267.0,282.0,265.5,274.5,60,0.0,0.0
2024-01-29 00:00:00-05:00,267.0,274.5,258.0,273.0,45,0.0,0.0
2024-01-30 00:00:00-05:00,279.0,300.0,270.0,286.5,119,0.0,0.0
2024-01-31 00:00:00-05:00,273.0,311.1000061035156,273.0,297.0,371,0.0,0.0
2024-02-01 00:00:00-05:00,285.0,315.0,261.0,298.5,224,0.0,0.0
2024-02-02 00:00:00-05:00,283.5,303.0,283.5,303.0,33,0.0,0.0
2024-02-05 00:00:00-05:00,292.5,298.5,280.5,298.5,21,0.0,0.0
2024-02-06 00:00:00-05:00,282.0,330.0,282.0,307.79998779296875,103,0.0,0.0
2024-02-07 00:00:00-05:00,289.5,310.3500061035156,288.0,288.0,33,0.0,0.0
2024-02-08 00:00:00-05:00,288.0,294.0,280.5,280.5,58,0.0,0.0
2024-02-09 00:00:00-05:00,280.5,301.5,270.0,274.5,107,0.0,0.0
2024-02-12 00:00:00-05:00,285.0,300.1499938964844,277.5,279.0,117,0.0,0.0
2024-02-13 00:00:00-05:00,264.0,271.5,255.0,271.5,139,0.0,0.0
2024-02-14 00:00:00-05:00,261.0,271.5,261.0,268.5,20,0.0,0.0
2024-02-15 00:00:00-05:00,267.45001220703125,274.5,267.0,270.0,33,0.0,0.0
2024-02-16 00:00:00-05:00,270.0,288.75,270.0,288.75,101,0.0,0.0
2024-02-20 00:00:00-05:00,271.5,300.0,270.0,281.25,41,0.0,0.0
2024-02-21 00:00:00-05:00,271.5,274.5,261.0,262.5,39,0.0,0.0
2024-02-22 00:00:00-05:00,262.5,264.8999938964844,253.5,262.5,45,0.0,0.0
2024-02-23 00:00:00-05:00,259.5,259.5,244.5,246.0,115,0.0,0.0
2024-02-26 00:00:00-05:00,254.25,254.25,242.25,246.0,26,0.0,0.0
2024-02-27 00:00:00-05:00,241.5,258.0,238.5,247.5,76,0.0,0.0
2024-02-28 00:00:00-05:00,253.5,274.5,237.0,262.5,70,0.0,0.0
2024-02-29 00:00:00-05:00,262.5,271.5,255.0,270.0,43,0.0,0.0
2024-03-01 00:00:00-05:00,247.5,270.0,247.5,267.0,31,0.0,0.0
2024-03-04 00:00:00-05:00,267.0,277.5,255.0,264.0,91,0.0,0.0
2024-03-05 00:00:00-05:00,260.8500061035156,262.20001220703125,247.5,261.0,19,0.0,0.0
2024-03-06 00:00:00-05:00,261.0,261.0,252.0,260.70001220703125,37,0.0,0.0
2024-03-07 00:00:00-05:00,249.0,251.25,249.0,251.25,25,0.0,0.0
2024-03-08 00:00:00-05:00,252.0,253.5,247.5,253.5,39,0.0,0.0
2024-03-11 00:00:00-04:00,240.0,262.79998779296875,238.8000030517578,244.5,84,0.0,0.0
2024-03-12 00:00:00-04:00,259.5,259.5,244.5,249.0,27,0.0,0.0
2024-03-13 00:00:00-04:00,248.25,252.0,244.5,244.5,72,0.0,0.0
2024-03-14 00:00:00-04:00,245.25,252.75,245.25,249.0,22,0.0,0.0
2024-03-15 00:00:00-04:00,238.5,261.0,238.5,244.5,58,0.0,0.0
2024-03-18 00:00:00-04:00,243.0,247.5,240.0,247.5,77,0.0,0.0
2024-03-19 00:00:00-04:00,241.5,241.5,219.0,225.0,185,0.0,0.0
2024-03-20 00:00:00-04:00,217.5,231.0,217.5,231.0,33,0.0,0.0
2024-03-21 00:00:00-04:00,219.0,240.0,186.0,192.0,451,0.0,0.0
2024-03-22 00:00:00-04:00,208.5,240.0,204.0,210.0,233,0.0,0.0
2024-03-25 00:00:00-04:00,208.5,217.5,202.8000030517578,211.5,63,0.0,0.0
2024-03-26 00:00:00-04:00,217.9499969482422,219.0,198.0,211.5,25,0.0,0.0
2024-03-27 00:00:00-04:00,207.0,211.5,201.4499969482422,207.0,71,0.0,0.0
2024-03-28 00:00:00-04:00,196.5,211.5,196.5,207.0,137,0.0,0.0
2024-04-01 00:00:00-04:00,213.0,213.0,201.0,201.0,79,0.0,0.0
2024-04-02 00:00:00-04:00,198.0,207.0,195.0,207.0,77,0.0,0.0
2024-04-03 00:00:00-04:00,211.5,211.5,198.89999389648438,198.89999389648438,36,0.0,0.0
2024-04-04 00:00:00-04:00,200.10000610351562,204.0,196.5,196.5,33,0.0,0.0
2024-04-05 00:00:00-04:00,190.5,202.5,180.0,181.5,127,0.0,0.0
2024-04-08 00:00:00-04:00,191.85000610351562,191.85000610351562,183.0,187.5,11,0.0,0.0
2024-04-09 00:00:00-04:00,186.89999389648438,190.5,183.0,183.0,44,0.0,0.0
2024-04-10 00:00:00-04:00,186.0,194.39999389648438,181.35000610351562,181.35000610351562,211,0.0,0.0
2024-04-11 00:00:00-04:00,183.0,183.0,176.25,178.5,50,0.0,0.0
2024-04-12 00:00:00-04:00,178.5,180.0,174.75,180.0,121,0.0,0.0
2024-04-15 00:00:00-04:00,173.39999389648438,173.39999389648438,172.5,172.5,7,0.0,0.0
2024-04-16 00:00:00-04:00,180.0,215.25,180.0,195.0,495,0.0,0.0
2024-04-17 00:00:00-04:00,210.0,232.5,195.0,211.5,619,0.0,0.0
2024-04-18 00:00:00-04:00,216.0,325.5,195.0,207.0,21895,0.0,0.0
2024-04-19 00:00:00-04:00,174.0,210.0,174.0,210.0,1452,0.0,0.0
2024-04-22 00:00:00-04:00,445.5,487.5,315.0,370.5,531220,0.0,0.0
2024-04-23 00:00:00-04:00,322.5,322.5,250.5,259.5,21073,0.0,0.0
2024-04-24 00:00:00-04:00,252.0,256.5,204.0,219.0,6065,0.0,0.0
2024-04-25 00:00:00-04:00,208.5,219.0,195.0,213.0,2139,0.0,0.0
2024-04-26 00:00:00-04:00,205.5,226.5,200.10000610351562,217.5,2059,0.0,0.0
2024-04-29 00:00:00-04:00,217.5,222.0,204.0,205.5,1409,0.0,0.0
2024-04-30 00:00:00-04:00,214.5,226.0500030517578,202.5,213.0,21791,0.0,0.0
2024-05-01 00:00:00-04:00,205.5,208.0500030517578,187.5,201.0,2513,0.0,0.0
2024-05-02 00:00:00-04:00,190.5,210.0,186.0,202.5,2446,0.0,0.0
2024-05-03 00:00:00-04:00,210.0,217.5,199.5,211.5,1526,0.0,0.0
2024-05-06 00:00:00-04:00,213.0,214.5,201.0,208.5,977,0.0,0.0
2024-05-07 00:00:00-04:00,205.5,211.5,198.0,210.0,639,0.0,0.0
2024-05-08 00:00:00-04:00,204.0,208.5,198.0,202.5,688,0.0,0.0
2024-05-09 00:00:00-04:00,204.0,204.0,193.5,198.0,349,0.0,0.0
2024-05-10 00:00:00-04:00,194.25,202.5,189.0,195.0,406,0.0,0.0
2024-05-13 00:00:00-04:00,192.0,198.0,165.0,189.0,1538,0.0,0.0
2024-05-14 00:00:00-04:00,187.5,202.5,180.0,189.0,797,0.0,0.0
2024-05-15 00:00:00-04:00,193.5,195.0,180.0,186.0,769,0.0,0.0
2024-05-16 00:00:00-04:00,187.5,187.5,178.5,180.0,439,0.0,0.0
2024-05-17 00:00:00-04:00,177.0,192.0,175.5,180.0,318,0.0,0.0
2024-05-20 00:00:00-04:00,184.5,199.5,180.3000030517578,198.0,657,0.0,0.0
2024-05-21 00:00:00-04:00,195.0,199.5,186.3000030517578,189.0,129,0.0,0.0
2024-05-22 00:00:00-04:00,187.64999389648438,189.0,181.5,183.0,261,0.0,0.0
2024-05-23 00:00:00-04:00,183.0,183.0,179.6999969482422,181.5,79,0.0,0.0
2024-05-24 00:00:00-04:00,182.25,183.0,178.5,180.0,147,0.0,0.0
2024-05-28 00:00:00-04:00,177.0,181.5,175.5,177.0,288,0.0,0.0
2024-05-29 00:00:00-04:00,180.0,180.0,172.5,175.5,297,0.0,0.0
2024-05-30 00:00:00-04:00,181.5,183.0,172.5,179.25,217,0.0,0.0
2024-05-31 00:00:00-04:00,178.35000610351562,186.0,174.14999389648438,175.5,156,0.0,0.0
2024-06-03 00:00:00-04:00,189.0,189.0,168.0,177.0,495,0.0,0.0
2024-06-04 00:00:00-04:00,174.75,180.0,172.64999389648438,177.75,189,0.0,0.0
2024-06-05 00:00:00-04:00,178.5,178.5,171.0,175.5,339,0.0,0.0
2024-06-06 00:00:00-04:00,177.0,177.0,169.5,175.5,242,0.0,0.0
2024-06-07 00:00:00-04:00,175.5,175.5,165.0,166.5,449,0.0,0.0
2024-06-10 00:00:00-04:00,166.5,166.5,159.0,162.0,189,0.0,0.0
2024-06-11 00:00:00-04:00,163.5,166.5,162.0,162.0,90,0.0,0.0
2024-06-12 00:00:00-04:00,160.5,165.0,159.0,160.5,166,0.0,0.0
2024-06-13 00:00:00-04:00,157.5,160.5,156.0,159.0,146,0.0,0.0
2024-06-14 00:00:00-04:00,156.0,170.6999969482422,156.0,165.0,327,0.0,0.0
2024-06-17 00:00:00-04:00,159.0,168.0,153.0,157.5,231,0.0,0.0
2024-06-18 00:00:00-04:00,159.0,163.5,156.0,163.5,107,0.0,0.0
2024-06-20 00:00:00-04:00,162.0,162.0,154.5,159.0,151,0.0,0.0
2024-06-21 00:00:00-04:00,153.0,168.0,153.0,168.0,45,0.0,0.0
2024-06-24 00:00:00-04:00,171.0,171.0,154.5,159.0,100,0.0,0.0
2024-06-25 00:00:00-04:00,157.5,174.0,153.0,174.0,632,0.0,0.0
2024-06-26 00:00:00-04:00,169.5,171.14999389648438,162.0,164.10000610351562,76,0.0,0.0
2024-06-27 00:00:00-04:00,165.0,169.5,162.0,162.0,112,0.0,0.0
2024-06-28 00:00:00-04:00,160.5,168.0,160.5,165.0,183,0.0,0.0
2024-07-01 00:00:00-04:00,171.0,171.0,159.0,166.5,53,0.0,0.0
2024-07-02 00:00:00-04:00,159.0,163.5,159.0,161.25,56,0.0,0.0
2024-07-03 00:00:00-04:00,160.64999389648438,160.64999389648438,159.0,160.5,25,0.0,0.0
2024-07-05 00:00:00-04:00,165.0,165.0,157.5,160.5,40,0.0,0.0
2024-07-08 00:00:00-04:00,162.0,162.0,157.5,159.0,47,0.0,0.0
2024-07-09 00:00:00-04:00,159.0,162.0,151.5,155.25,245,0.0,0.0
2024-07-10 00:00:00-04:00,150.0,156.0,150.0,151.5,198,0.0,0.0
2024-07-11 00:00:00-04:00,153.0,153.0,144.0,150.0,221,0.0,0.0
2024-07-12 00:00:00-04:00,149.6999969482422,153.0,147.14999389648438,153.0,143,0.0,0.0
2024-07-15 00:00:00-04:00,131.25,135.0,124.5,133.5,9250,0.0,0.0
2024-07-16 00:00:00-04:00,133.5,146.85000610351562,127.5,142.35000610351562,966,0.0,0.0
2024-07-17 00:00:00-04:00,145.5,147.0,136.0500030517578,142.5,235,0.0,0.0
2024-07-18 00:00:00-04:00,142.35000610351562,157.5,142.35000610351562,156.0,664,0.0,0.0
2024-07-19 00:00:00-04:00,154.5,154.5,141.75,154.5,385,0.0,0.0
2024-07-22 00:00:00-04:00,157.5,157.5,147.14999389648438,154.5,213,0.0,0.0
2024-07-23 00:00:00-04:00,153.0,160.5,150.0,160.5,124,0.0,0.0
2024-07-24 00:00:00-04:00,163.5,163.5,150.0,154.5,83,0.0,0.0
2024-07-25 00:00:00-04:00,154.5,154.5,150.0,154.5,48,0.0,0.0
2024-07-26 00:00:00-04:00,156.0,156.0,150.0,151.5,79,0.0,0.0
2024-07-29 00:00:00-04:00,156.0,156.0,144.0,146.6999969482422,104,0.0,0.0
2024-07-30 00:00:00-04:00,151.5,152.25,143.6999969482422,145.5,55,0.0,0.0
2024-07-31 00:00:00-04:00,141.60000610351562,147.0,141.0,144.0,56,0.0,0.0
2024-08-01 00:00:00-04:00,143.85000610351562,148.5,141.0,147.89999389648438,109,0.0,0.0
2024-08-02 00:00:00-04:00,143.25,143.5500030517578,137.25,137.25,73,0.0,0.0
2024-08-05 00:00:00-04:00,132.0,132.0,121.5,125.25,66,0.0,0.0
2024-08-06 00:00:00-04:00,126.0,126.0,120.0,120.1500015258789,128,0.0,0.0
2024-08-07 00:00:00-04:00,119.8499984741211,126.75,118.5,126.75,55,0.0,0.0
2024-08-08 00:00:00-04:00,123.30000305175781,130.5,121.5,130.5,69,0.0,0.0
2024-08-09 00:00:00-04:00,126.75,148.64999389648438,124.80000305175781,136.5,163,0.0,0.0
2024-08-12 00:00:00-04:00,136.5,136.5,121.5,133.64999389648438,151,0.0,0.0
2024-08-13 00:00:00-04:00,123.75,135.0,123.75,132.14999389648438,20,0.0,0.0
2024-08-14 00:00:00-04:00,133.5,135.75,119.4000015258789,129.0,265,0.0,0.0
2024-08-15 00:00:00-04:00,129.0,139.5,129.0,133.9499969482422,29,0.0,0.0
2024-08-16 00:00:00-04:00,133.5,133.9499969482422,129.3000030517578,131.5500030517578,35,0.0,0.0
2024-08-19 00:00:00-04:00,131.5500030517578,131.6999969482422,131.5500030517578,131.6999969482422,29,0.0,0.0
2024-08-20 00:00:00-04:00,131.39999389648438,139.5,131.39999389648438,136.0500030517578,51,0.0,0.0
2024-08-21 00:00:00-04:00,135.0,136.35000610351562,115.5,131.25,143,0.0,0.0
2024-08-22 00:00:00-04:00,131.10000610351562,131.25,127.80000305175781,131.10000610351562,34,0.0,0.0
2024-08-23 00:00:00-04:00,139.0500030517578,139.0500030517578,130.8000030517578,130.8000030517578,25,0.0,0.0
2024-08-26 00:00:00-04:00,126.75,138.3000030517578,126.75,127.05000305175781,45,0.0,0.0
2024-08-27 00:00:00-04:00,126.0,130.5,123.0,130.35000610351562,31,0.0,0.0
2024-08-28 00:00:00-04:00,130.35000610351562,130.35000610351562,126.0,126.0,30,0.0,0.0
2024-08-29 00:00:00-04:00,130.5,132.75,130.5,130.5,29,0.0,0.0
2024-08-30 00:00:00-04:00,130.5,137.6999969482422,130.5,130.5,60,0.0,0.0
2024-09-03 00:00:00-04:00,130.5,154.5,130.5,141.3000030517578,805,0.0,0.0
2024-09-04 00:00:00-04:00,137.10000610351562,147.0,131.25,147.0,361,0.0,0.0
2024-09-05 00:00:00-04:00,140.25,145.8000030517578,135.0,135.0,105,0.0,0.0
2024-09-06 00:00:00-04:00,141.0,144.60000610351562,135.0,138.0,24,0.0,0.0
2024-09-09 00:00:00-04:00,144.0,144.0,135.0,143.25,19,0.0,0.0
2024-09-10 00:00:00-04:00,139.5,141.0,136.5,141.0,99,0.0,0.0
2024-09-11 00:00:00-04:00,138.0,142.5,135.0,136.5,21,0.0,0.0
2024-09-12 00:00:00-04:00,126.0,143.25,112.5,142.5,89,0.0,0.0
2024-09-13 00:00:00-04:00,130.5,142.5,129.0,139.5,87,0.0,0.0
2024-09-16 00:00:00-04:00,139.5,139.5,134.25,139.35000610351562,11,0.0,0.0
2024-09-17 00:00:00-04:00,135.0,139.5,130.5,136.5,18,0.0,0.0
2024-09-18 00:00:00-04:00,136.5,139.5,136.5,138.0,53,0.0,0.0
2024-09-19 00:00:00-04:00,138.0,138.0,117.0,129.0,197,0.0,0.0
2024-09-20 00:00:00-04:00,129.0,129.0,121.80000305175781,123.1500015258789,70,0.0,0.0
2024-09-23 00:00:00-04:00,122.55000305175781,123.0,120.0,120.0,59,0.0,0.0
2024-09-24 00:00:00-04:00,126.0,126.0,121.5,123.0,47,0.0,0.0
2024-09-25 00:00:00-04:00,126.0,130.35000610351562,124.19999694824219,126.75,72,0.0,0.0
2024-09-26 00:00:00-04:00,130.5,130.5,123.44999694824219,123.44999694824219,115,0.0,0.0
2024-09-27 00:00:00-04:00,130.35000610351562,130.35000610351562,120.0,129.14999389648438,196,0.0,0.0
2024-09-30 00:00:00-04:00,125.55000305175781,131.85000610351562,120.75,131.85000610351562,69,0.0,0.0
2024-10-01 00:00:00-04:00,132.0,132.0,127.5,127.5,78,0.0,0.0
2024-10-02 00:00:00-04:00,129.89999389648438,140.5500030517578,127.3499984741211,135.0,213,0.0,0.0
2024-10-03 00:00:00-04:00,133.0500030517578,133.1999969482422,120.44999694824219,133.1999969482422,112,0.0,0.0
2024-10-04 00:00:00-04:00,133.0500030517578,133.1999969482422,127.5,133.1999969482422,33,0.0,0.0
2024-10-07 00:00:00-04:00,131.25,132.75,121.94999694824219,132.75,109,0.0,0.0
2024-10-08 00:00:00-04:00,129.14999389648438,131.85000610351562,122.4000015258789,131.85000610351562,355,0.0,0.0
2024-10-09 00:00:00-04:00,124.5,127.5,117.0,121.5,237,0.0,0.0
2024-10-10 00:00:00-04:00,124.5,126.0,124.5,124.5,27,0.0,0.0
2024-10-11 00:00:00-04:00,122.25,135.0,120.0,135.0,83,0.0,0.0
2024-10-14 00:00:00-04:00,135.0,136.64999389648438,126.9000015258789,126.9000015258789,39,0.0,0.0
2024-10-15 00:00:00-04:00,126.9000015258789,135.0,126.9000015258789,133.8000030517578,69,0.0,0.0
2024-10-16 00:00:00-04:00,132.14999389648438,145.5,117.44999694824219,138.0,3261,0.0,0.0
2024-10-17 00:00:00-04:00,136.5,138.75,129.0,133.5,339,0.0,0.0
2024-10-18 00:00:00-04:00,132.0,132.14999389648438,126.0,127.5,91,0.0,0.0
2024-10-21 00:00:00-04:00,125.8499984741211,130.5,124.5,130.35000610351562,153,0.0,0.0
2024-10-22 00:00:00-04:00,130.5,132.0,128.25,130.5,39,0.0,0.0
2024-10-23 00:00:00-04:00,124.5,133.5,124.5,132.3000030517578,111,0.0,0.0
2024-10-24 00:00:00-04:00,132.0,132.0,125.0999984741211,129.0,99,0.0,0.0
2024-10-25 00:00:00-04:00,136.5,136.5,129.60000610351562,133.5,118,0.0,0.0
2024-10-28 00:00:00-04:00,133.5,133.5,123.0,133.5,37,0.0,0.0
2024-10-29 00:00:00-04:00,131.25,131.25,131.25,131.25,10,0.0,0.0
2024-10-30 00:00:00-04:00,127.5,132.0,126.5999984741211,129.0,25,0.0,0.0
2024-10-31 00:00:00-04:00,132.0,132.0,120.44999694824219,127.3499984741211,137,0.0,0.0
2024-11-01 00:00:00-04:00,120.44999694824219,127.19999694824219,120.44999694824219,126.0,21,0.0,0.0
2024-11-04 00:00:00-05:00,126.0,133.64999389648438,123.0,133.64999389648438,34,0.0,0.0
2024-11-05 00:00:00-05:00,135.0,135.0,127.5,132.0,73,0.0,0.0
2024-11-06 00:00:00-05:00,132.0,135.0,127.5,132.0,48,0.0,0.0
2024-11-07 00:00:00-05:00,129.3000030517578,132.0,129.0,132.0,19,0.0,0.0
2024-11-08 00:00:00-05:00,133.5,133.5,127.6500015258789,131.85000610351562,77,0.0,0.0
2024-11-11 00:00:00-05:00,135.0,135.0,124.05000305175781,131.85000610351562,87,0.0,0.0
2024-11-12 00:00:00-05:00,128.39999389648438,135.0,128.25,128.25,47,0.0,0.0
2024-11-13 00:00:00-05:00,130.5,135.0,124.6500015258789,127.5,106,0.0,0.0
2024-11-14 00:00:00-05:00,134.25,134.25,124.5,124.5,157,0.0,0.0
2024-11-15 00:00:00-05:00,120.75,129.14999389648438,120.75,124.6500015258789,107,0.0,0.0
2024-11-18 00:00:00-05:00,120.0,130.5,120.0,130.5,114,0.0,0.0
2024-11-19 00:00:00-05:00,124.6500015258789,130.5,121.80000305175781,130.5,94,0.0,0.0
2024-11-20 00:00:00-05:00,132.0,135.0,126.9000015258789,128.25,123,0.0,0.0
2024-11-21 00:00:00-05:00,127.6500015258789,131.25,127.5,127.6500015258789,12,0.0,0.0
2024-11-22 00:00:00-05:00,127.94999694824219,136.8000030517578,127.94999694824219,133.5,120,0.0,0.0
2024-11-25 00:00:00-05:00,132.0,135.0,129.0,133.5,49,0.0,0.0
2024-11-26 00:00:00-05:00,129.3000030517578,133.5,124.5,132.0,96,0.0,0.0
2024-11-27 00:00:00-05:00,128.6999969482422,132.60000610351562,127.5,132.0,36,0.0,0.0
2024-11-29 00:00:00-05:00,129.14999389648438,133.5,127.5,130.5,89,0.0,0.0
2024-12-02 00:00:00-05:00,124.5,130.5,124.5,128.85000610351562,41,0.0,0.0
2024-12-03 00:00:00-05:00,121.94999694824219,130.8000030517578,121.94999694824219,129.75,241,0.0,0.0
2024-12-04 00:00:00-05:00,131.25,133.35000610351562,127.5,131.10000610351562,102,0.0,0.0
2024-12-05 00:00:00-05:00,127.19999694824219,131.10000610351562,124.05000305175781,127.6500015258789,189,0.0,0.0
2024-12-06 00:00:00-05:00,121.94999694824219,132.0,121.94999694824219,127.5,116,0.0,0.0
2024-12-09 00:00:00-05:00,122.4000015258789,133.1999969482422,122.4000015258789,128.6999969482422,139,0.0,0.0
2024-12-10 00:00:00-05:00,132.75,132.75,123.0,123.1500015258789,199,0.0,0.0
2024-12-11 00:00:00-05:00,126.0,138.0,120.44999694824219,138.0,122,0.0,0.0
2024-12-12 00:00:00-05:00,132.0,132.0,124.6500015258789,126.0,53,0.0,0.0
2024-12-13 00:00:00-05:00,126.0,132.0,126.0,129.0,185,0.0,0.0
2024-12-16 00:00:00-05:00,124.6500015258789,130.5,124.6500015258789,130.5,26,0.0,0.0
2024-12-17 00:00:00-05:00,124.94999694824219,128.10000610351562,120.75,123.0,368,0.0,0.0
2024-12-18 00:00:00-05:00,123.0,141.0,123.0,130.35000610351562,589,0.0,0.0
2024-12-19 00:00:00-05:00,127.6500015258789,130.35000610351562,125.69999694824219,129.75,193,0.0,0.0
2024-12-20 00:00:00-05:00,129.3000030517578,129.60000610351562,127.5,127.5,70,0.0,0.0
2024-12-23 00:00:00-05:00,121.19999694824219,125.25,117.0,120.5999984741211,561,0.0,0.0
2024-12-24 00:00:00-05:00,124.3499984741211,124.3499984741211,112.5,114.0,175,0.0,0.0
2024-12-26 00:00:00-05:00,114.1500015258789,120.0,113.25,120.0,165,0.0,0.0
2024-12-27 00:00:00-05:00,122.55000305175781,122.55000305175781,114.0,121.80000305175781,164,0.0,0.0
2024-12-30 00:00:00-05:00,120.0,120.0,112.5,117.0,121,0.0,0.0
2024-12-31 00:00:00-05:00,117.0,121.5,116.25,120.0,68,0.0,0.0
2025-01-02 00:00:00-05:00,124.3499984741211,124.5,121.5,123.1500015258789,82,0.0,0.0
2025-01-03 00:00:00-05:00,121.5,132.0,121.5,132.0,32,0.0,0.0
2025-01-06 00:00:00-05:00,132.0,136.5,129.0,130.5,228,0.0,0.0
2025-01-07 00:00:00-05:00,132.0,141.0,132.0,139.5,235,0.0,0.0
2025-01-08 00:00:00-05:00,136.64999389648438,136.64999389648438,129.0,133.5,87,0.0,0.0
2025-01-10 00:00:00-05:00,133.5,133.5,123.0,133.5,62,0.0,0.0
2025-01-13 00:00:00-05:00,130.5,130.5,126.75,127.5,57,0.0,0.0
2025-01-14 00:00:00-05:00,126.5999984741211,137.85000610351562,126.5999984741211,137.85000610351562,78,0.0,0.0
2025-01-15 00:00:00-05:00,136.5,136.5,127.5,129.0,24,0.0,0.0
2025-01-16 00:00:00-05:00,123.0,127.5,121.5,127.5,105,0.0,0.0
2025-01-17 00:00:00-05:00,127.5,127.5,121.94999694824219,125.8499984741211,39,0.0,0.0
2025-01-21 00:00:00-05:00,121.94999694824219,121.94999694824219,115.6500015258789,116.69999694824219,75,0.0,0.0
2025-01-22 00:00:00-05:00,120.44999694824219,122.25,120.0,122.25,39,0.0,0.0
2025-01-23 00:00:00-05:00,121.94999694824219,121.94999694824219,120.44999694824219,121.94999694824219,15,0.0,0.0
2025-01-24 00:00:00-05:00,121.94999694824219,121.94999694824219,116.25,118.94999694824219,76,0.0,0.0
2025-01-27 00:00:00-05:00,118.94999694824219,118.94999694824219,116.25,117.1500015258789,34,0.0,0.0
2025-01-28 00:00:00-05:00,117.1500015258789,117.1500015258789,116.8499984741211,116.8499984741211,4,0.0,0.0
2025-01-29 00:00:00-05:00,116.8499984741211,117.44999694824219,112.5,114.0,49,0.0,0.0
2025-01-30 00:00:00-05:00,116.69999694824219,116.69999694824219,105.1500015258789,112.5,50,0.0,0.0
2025-01-31 00:00:00-05:00,126.0,126.0,113.55000305175781,113.55000305175781,27,0.0,0.0
2025-02-03 00:00:00-05:00,112.5,113.4000015258789,106.5,111.30000305175781,29,0.0,0.0
2025-02-04 00:00:00-05:00,112.19999694824219,116.55000305175781,111.1500015258789,114.75,26,0.0,0.0
2025-02-05 00:00:00-05:00,109.94999694824219,109.94999694824219,109.94999694824219,109.94999694824219,10,0.0,0.0
2025-02-06 00:00:00-05:00,106.5,109.80000305175781,105.0,105.0,65,0.0,0.0
2025-02-07 00:00:00-05:00,105.0,105.0,87.9000015258789,97.5,177,0.0,0.0
2025-02-10 00:00:00-05:00,96.0,97.5,82.5,89.69999694824219,377,0.0,0.0
2025-02-11 00:00:00-05:00,89.55000305175781,89.69999694824219,82.5,82.5,83,0.0,0.0
2025-02-12 00:00:00-05:00,82.5,84.5999984741211,82.5,83.8499984741211,137,0.0,0.0
2025-02-13 00:00:00-05:00,79.6500015258789,89.25,79.5,89.0999984741211,107,0.0,0.0
2025-02-14 00:00:00-05:00,89.0999984741211,105.0,89.0999984741211,102.5999984741211,261,0.0,0.0
2025-02-18 00:00:00-05:00,96.0,100.80000305175781,95.4000015258789,100.80000305175781,35,0.0,0.0
2025-02-19 00:00:00-05:00,113.25,120.0,107.25,108.9000015258789,157,0.0,0.0
2025-02-20 00:00:00-05:00,114.0,114.0,109.05000305175781,109.3499984741211,29,0.0,0.0
2025-02-21 00:00:00-05:00,111.1500015258789,118.5,104.69999694824219,117.0,107,0.0,0.0
2025-02-24 00:00:00-05:00,118.5,118.5,84.0,97.5,383,0.0,0.0
2025-02-25 00:00:00-05:00,109.5,109.5,90.0,97.5,141,0.0,0.0
2025-02-26 00:00:00-05:00,88.5,127.5,88.5,127.5,773,0.0,0.0
2025-02-27 00:00:00-05:00,125.0999984741211,127.3499984741211,107.4000015258789,108.30000305175781,137,0.0,0.0
2025-02-28 00:00:00-05:00,97.5,111.0,97.5,111.0,37,0.0,0.0
2025-03-03 00:00:00-05:00,96.9000015258789,120.0,96.9000015258789,112.5,62,0.0,0.0
2025-03-04 00:00:00-05:00,104.69999694824219,120.0,96.1500015258789,106.5,161,0.0,0.0
2025-03-05 00:00:00-05:00,125.4000015258789,125.4000015258789,103.3499984741211,110.25,47,0.0,0.0
2025-03-06 00:00:00-05:00,110.69999694824219,113.25,110.69999694824219,111.0,37,0.0,0.0
2025-03-07 00:00:00-05:00,111.0,130.5,111.0,129.0,102,0.0,0.0
2025-03-10 00:00:00-04:00,130.1999969482422,132.0,120.1500015258789,126.75,208,0.0,0.0
2025-03-11 00:00:00-04:00,121.94999694824219,142.5,117.0,141.0,239,0.0,0.0
2025-03-12 00:00:00-04:00,143.25,143.25,125.55000305175781,128.39999389648438,133,0.0,0.0
2025-03-13 00:00:00-04:00,121.3499984741211,124.5,114.30000305175781,124.5,71,0.0,0.0
2025-03-14 00:00:00-04:00,123.0,132.0,117.0,131.85000610351562,223,0.0,0.0
2025-03-17 00:00:00-04:00,139.1999969482422,139.1999969482422,124.5,126.30000305175781,50,0.0,0.0
2025-03-18 00:00:00-04:00,119.25,120.75,112.3499984741211,113.69999694824219,183,0.0,0.0
2025-03-19 00:00:00-04:00,112.5,113.4000015258789,105.0,113.4000015258789,76,0.0,0.0
2025-03-20 00:00:00-04:00,115.3499984741211,115.3499984741211,107.55000305175781,108.0,88,0.0,0.0
2025-03-21 00:00:00-04:00,108.0,108.0,106.5,106.5,11,0.0,0.0
2025-03-24 00:00:00-04:00,106.5,112.5,105.0,105.0,162,0.0,0.0
2025-03-25 00:00:00-04:00,106.19999694824219,112.5,106.19999694824219,110.25,14,0.0,0.0
2025-03-26 00:00:00-04:00,106.5,114.0,93.5999984741211,93.5999984741211,415,0.0,0.0
2025-03-27 00:00:00-04:00,94.94999694824219,108.75,91.94999694824219,91.94999694824219,251,0.0,0.0
2025-03-28 00:00:00-04:00,102.0,105.44999694824219,83.25,88.94999694824219,303,0.0,0.0
2025-03-31 00:00:00-04:00,84.5999984741211,92.4000015258789,84.0,84.0,101,0.0,0.0
2025-04-01 00:00:00-04:00,88.19999694824219,92.4000015258789,84.0,84.0,49,0.0,0.0
2025-04-02 00:00:00-04:00,92.55000305175781,94.94999694824219,88.5,90.9000015258789,305,0.0,0.0
2025-04-03 00:00:00-04:00,97.94999694824219,97.94999694824219,87.1500015258789,87.1500015258789,5,0.0,0.0
2025-04-04 00:00:00-04:00,99.75,99.75,90.0,94.05000305175781,13,0.0,0.0
2025-04-07 00:00:00-04:00,94.5,94.5,88.3499984741211,89.0999984741211,6,0.0,0.0
2025-04-08 00:00:00-04:00,99.75,99.75,91.6500015258789,99.5999984741211,138,0.0,0.0
2025-04-09 00:00:00-04:00,99.5999984741211,99.5999984741211,92.0999984741211,96.30000305175781,45,0.0,0.0
2025-04-10 00:00:00-04:00,93.44999694824219,93.44999694824219,92.69999694824219,93.44999694824219,7,0.0,0.0
2025-04-11 00:00:00-04:00,90.5999984741211,110.25,83.0999984741211,100.5,174,0.0,0.0
2025-04-14 00:00:00-04:00,105.0,109.5,105.0,108.0,24,0.0,0.0
2025-04-15 00:00:00-04:00,107.8499984741211,107.8499984741211,107.8499984741211,107.8499984741211,2,0.0,0.0
2025-04-16 00:00:00-04:00,109.6500015258789,110.4000015258789,106.5,106.5,54,0.0,0.0
2025-04-17 00:00:00-04:00,106.5,107.55000305175781,92.8499984741211,101.4000015258789,64,0.0,0.0
2025-04-21 00:00:00-04:00,106.5,108.0,84.0,103.19999694824219,15946,0.0,0.0
2025-04-22 00:00:00-04:00,95.0999984741211,103.19999694824219,90.75,102.0,1361,0.0,0.0
2025-04-23 00:00:00-04:00,91.6500015258789,99.75,85.5,92.25,517,0.0,0.0
2025-04-24 00:00:00-04:00,85.6500015258789,106.5,85.6500015258789,87.44999694824219,199,0.0,0.0
2025-04-25 00:00:00-04:00,87.0,95.25,86.25,91.5,198,0.0,0.0
2025-04-28 00:00:00-04:00,93.0,98.0999984741211,91.5,96.1500015258789,186,0.0,0.0
2025-04-29 00:00:00-04:00,94.80000305175781,108.1500015258789,94.5,108.0,315,0.0,0.0
2025-04-30 00:00:00-04:00,101.55000305175781,112.5,97.80000305175781,111.0,255,0.0,0.0
2025-05-01 00:00:00-04:00,114.44999694824219,117.0,98.8499984741211,112.3499984741211,318,0.0,0.0
2025-05-02 00:00:00-04:00,111.5999984741211,114.0,108.75,112.19999694824219,117,0.0,0.0
2025-05-05 00:00:00-04:00,112.3499984741211,114.0,100.6500015258789,114.0,103,0.0,0.0
2025-05-06 00:00:00-04:00,114.0,114.0,106.6500015258789,112.5,81,0.0,0.0
2025-05-07 00:00:00-04:00,114.0,141.0,109.6500015258789,137.39999389648438,675,0.0,0.0
2025-05-08 00:00:00-04:00,142.5,142.5,122.8499984741211,132.75,191,0.0,0.0
2025-05-09 00:00:00-04:00,132.75,142.5,126.5999984741211,136.5,228,0.0,0.0
2025-05-12 00:00:00-04:00,136.0500030517578,136.0500030517578,130.5,133.9499969482422,280,0.0,0.0
2025-05-13 00:00:00-04:00,135.0,148.5,125.0999984741211,139.5,1115,0.0,0.0
2025-05-14 00:00:00-04:00,139.5,139.5,125.55000305175781,128.39999389648438,800,0.0,0.1
2025-05-15 00:00:00-04:00,132.17999267578125,157.0500030517578,116.25,117.19499969482422,453,0.0,0.0
2025-05-16 00:00:00-04:00,122.32499694824219,133.64999389648438,118.6500015258789,132.9149932861328,313,0.0,0.0
2025-05-19 00:00:00-04:00,135.0,135.14999389648438,135.0,135.14999389648438,60,0.0,0.0
2025-05-20 00:00:00-04:00,142.0500030517578,142.0500030517578,135.0,135.0,153,0.0,0.0
2025-05-21 00:00:00-04:00,122.16000366210938,131.77499389648438,122.16000366210938,128.39999389648438,173,0.0,0.0
2025-05-22 00:00:00-04:00,135.60000610351562,135.60000610351562,123.0,135.3000030517578,187,0.0,0.0
2025-05-23 00:00:00-04:00,133.5,133.5,133.35000610351562,133.5,67,0.0,0.0
2025-05-27 00:00:00-04:00,128.625,128.625,123.75,123.75,93,0.0,0.0
2025-05-28 00:00:00-04:00,117.13500213623047,117.13500213623047,117.0,117.0,47,0.0,0.0
2025-05-29 00:00:00-04:00,110.55000305175781,120.0,110.55000305175781,120.0,27,0.0,0.0
2025-05-30 00:00:00-04:00,120.0,120.0,120.0,120.0,0,0.0,0.0
2025-06-02 00:00:00-04:00,120.0,120.0,120.0,120.0,0,0.0,0.0
2025-06-03 00:00:00-04:00,111.5999984741211,126.5999984741211,95.69999694824219,126.5999984741211,207,0.0,0.0
2025-06-04 00:00:00-04:00,114.1500015258789,114.1500015258789,105.0,113.4000015258789,113,0.0,0.0
2025-06-05 00:00:00-04:00,113.4000015258789,113.4000015258789,113.4000015258789,113.4000015258789,0,0.0,0.0
2025-06-06 00:00:00-04:00,112.62000274658203,112.62000274658203,103.5,103.5,313,0.0,0.0
2025-06-09 00:00:00-04:00,103.5,103.5,103.5,103.5,0,0.0,0.0
2025-06-10 00:00:00-04:00,104.0999984741211,107.0999984741211,104.0999984741211,104.0999984741211,60,0.0,0.0
2025-06-11 00:00:00-04:00,111.375,114.82499694824219,105.75,105.75,73,0.0,0.0
2025-06-12 00:00:00-04:00,105.75,108.0,101.55000305175781,103.94999694824219,87,0.0,0.0
2025-06-13 00:00:00-04:00,103.94999694824219,103.94999694824219,103.94999694824219,103.94999694824219,0,0.0,0.0
2025-06-16 00:00:00-04:00,102.30000305175781,106.5,102.30000305175781,106.5,47,0.0,0.0
2025-06-17 00:00:00-04:00,120.0,120.0,97.5,102.67500305175781,947,0.0,0.0
2025-06-18 00:00:00-04:00,93.0,117.9000015258789,84.44999694824219,117.9000015258789,707,0.0,0.0
2025-06-20 00:00:00-04:00,115.94999694824219,115.94999694824219,85.05000305175781,101.55000305175781,433,0.0,0.0
2025-06-23 00:00:00-04:00,97.6500015258789,105.30000305175781,97.52999877929688,105.30000305175781,113,0.0,0.0
2025-06-24 00:00:00-04:00,107.55000305175781,112.91999816894531,105.66000366210938,108.5999984741211,200,0.0,0.0
2025-06-25 00:00:00-04:00,106.5,109.5,105.44999694824219,108.0,133,0.0,0.0
2025-06-26 00:00:00-04:00,108.0,120.0,96.5999984741211,115.125,5847,0.0,0.0
2025-06-27 00:00:00-04:00,113.8499984741211,114.5999984741211,103.5,106.5,4547,0.0,0.0
2025-06-30 00:00:00-04:00,102.0,102.0,89.25,94.5,3727,0.0,0.0
2025-07-01 00:00:00-04:00,90.44999694824219,93.9000015258789,90.0,93.9000015258789,200,0.0,0.0
2025-07-02 00:00:00-04:00,95.0999984741211,95.0999984741211,90.1500015258789,90.1500015258789,127,0.0,0.0
2025-07-03 00:00:00-04:00,92.8499984741211,100.19999694824219,87.76499938964844,90.67500305175781,2553,0.0,0.0
2025-07-07 00:00:00-04:00,90.75,91.6500015258789,86.69999694824219,91.6500015258789,447,0.0,0.0
2025-07-08 00:00:00-04:00,89.8499984741211,89.95500183105469,89.4000015258789,89.69999694824219,80,0.0,0.0
2025-07-09 00:00:00-04:00,87.75,88.05000305175781,84.44999694824219,86.0999984741211,167,0.0,0.0
2025-07-10 00:00:00-04:00,88.19999694824219,88.19999694824219,85.44000244140625,86.55000305175781,87,0.0,0.0
2025-07-11 00:00:00-04:00,82.5,82.6500015258789,69.0,75.44999694824219,1347,0.0,0.0
2025-07-14 00:00:00-04:00,78.0,78.44999694824219,70.05000305175781,70.05000305175781,560,0.0,0.0
2025-07-15 00:00:00-04:00,57.29999923706055,69.44999694824219,55.79999923706055,69.0,43153,0.0,0.0
2025-07-16 00:00:00-04:00,65.25,65.8499984741211,57.45000076293945,61.04999923706055,97540,0.0,0.0
2025-07-17 00:00:00-04:00,60.0,62.25,58.5,58.95000076293945,4327,0.0,0.0
2025-07-18 00:00:00-04:00,60.0,63.45000076293945,55.68000030517578,58.20000076293945,2640,0.0,0.0
2025-07-21 00:00:00-04:00,57.900001525878906,59.849998474121094,56.099998474121094,56.25,4560,0.0,0.0
2025-07-22 00:00:00-04:00,55.20000076293945,55.349998474121094,48.900001525878906,48.900001525878906,3553,0.0,0.0
2025-07-23 00:00:00-04:00,51.0,55.04999923706055,48.0,50.849998474121094,10920,0.0,0.0
2025-07-24 00:00:00-04:00,51.150001525878906,53.099998474121094,48.45000076293945,49.45500183105469,14707,0.0,0.0
2025-07-25 00:00:00-04:00,50.70000076293945,50.70000076293945,44.849998474121094,47.25,7100,0.0,0.0
2025-07-28 00:00:00-04:00,50.70000076293945,54.0,49.5,50.25,4600,0.0,0.0
2025-07-29 00:00:00-04:00,51.0,51.900001525878906,46.5,47.625,5067,0.0,0.0
2025-07-30 00:00:00-04:00,48.900001525878906,48.900001525878906,45.67499923706055,47.70000076293945,4873,0.0,0.0
2025-07-31 00:00:00-04:00,49.650001525878906,53.400001525878906,45.900001525878906,48.0,5233,0.0,0.0
2025-08-01 00:00:00-04:00,48.75,51.900001525878906,47.25,48.0,2353,0.0,0.0
2025-08-04 00:00:00-04:00,48.45000076293945,49.04999923706055,44.625,46.349998474121094,5773,0.0,0.0
2025-08-05 00:00:00-04:00,46.349998474121094,47.849998474121094,43.650001525878906,45.01499938964844,4680,0.0,0.0
2025-08-06 00:00:00-04:00,43.349998474121094,45.974998474121094,43.349998474121094,45.01499938964844,1053,0.0,0.0
2025-08-07 00:00:00-04:00,45.599998474121094,45.599998474121094,43.69499969482422,44.25,527,0.0,0.0
2025-08-08 00:00:00-04:00,48.0,48.0,42.45000076293945,44.25,3340,0.0,0.0
2025-08-11 00:00:00-04:00,44.25,44.70000076293945,39.150001525878906,40.79999923706055,767,0.0,0.0
2025-08-12 00:00:00-04:00,40.79999923706055,42.10499954223633,39.29999923706055,39.76499938964844,1247,0.0,0.0
2025-08-13 00:00:00-04:00,39.959999084472656,41.70000076293945,34.650001525878906,40.349998474121094,2840,0.0,0.0
2025-08-14 00:00:00-04:00,39.150001525878906,43.04999923706055,35.54999923706055,36.67499923706055,4340,0.0,0.0
2025-08-15 00:00:00-04:00,36.45000076293945,37.935001373291016,35.54999923706055,36.915000915527344,660,0.0,0.0
2025-08-18 00:00:00-04:00,37.275001525878906,37.5,36.0,37.5,2500,0.0,0.0
2025-08-19 00:00:00-04:00,38.099998474121094,38.25,34.650001525878906,37.349998474121094,4067,0.0,0.0
2025-08-20 00:00:00-04:00,38.05500030517578,38.54999923706055,32.25,35.849998474121094,3833,0.0,0.0
2025-08-21 00:00:00-04:00,30.899999618530273,31.200000762939453,26.700000762939453,28.5,53593,0.0,0.0
2025-08-22 00:00:00-04:00,24.149999618530273,28.350000381469727,24.149999618530273,26.25,12707,0.0,0.0
2025-08-25 00:00:00-04:00,26.399999618530273,26.850000381469727,22.799999237060547,22.950000762939453,150813,0.0,0.0
2025-08-26 00:00:00-04:00,19.049999237060547,20.90999984741211,18.600000381469727,19.049999237060547,17920,0.0,0.0
2025-08-27 00:00:00-04:00,19.5,21.75,18.75,19.799999237060547,13273,0.0,0.0
2025-08-28 00:00:00-04:00,19.350000381469727,20.700000762939453,19.125,19.799999237060547,4380,0.0,0.0
2025-08-29 00:00:00-04:00,19.049999237060547,20.850000381469727,18.0,19.665000915527344,3960,0.0,0.0
2025-09-02 00:00:00-04:00,20.850000381469727,21.149999618530273,18.450000762939453,18.899999618530273,8113,0.0,0.0
2025-09-03 00:00:00-04:00,18.299999237060547,18.975000381469727,18.0,18.0,4853,0.0,0.0
2025-09-04 00:00:00-04:00,17.700000762939453,18.434999465942383,17.399999618530273,17.700000762939453,1853,0.0,0.0
2025-09-05 00:00:00-04:00,18.0,18.600000381469727,16.799999237060547,17.774999618530273,5813,0.0,0.0
2025-09-08 00:00:00-04:00,17.399999618530273,17.625,16.5,16.950000762939453,4260,0.0,0.0
2025-09-09 00:00:00-04:00,17.399999618530273,18.0,17.25,17.700000762939453,2427,0.0,0.0
2025-09-10 00:00:00-04:00,17.850000381469727,19.200000762939453,17.25,18.600000381469727,7887,0.0,0.0
2025-09-11 00:00:00-04:00,19.5,20.850000381469727,17.774999618530273,20.700000762939453,11527,0.0,0.0
2025-09-12 00:00:00-04:00,20.700000762939453,21.75,18.75,20.700000762939453,8367,0.0,0.0
2025-09-15 00:00:00-04:00,20.399999618530273,20.399999618530273,19.049999237060547,19.950000762939453,1107,0.0,0.0
2025-09-16 00:00:00-04:00,19.649999618530273,19.649999618530273,18.75,19.049999237060547,4287,0.0,0.0
2025-09-17 00:00:00-04:00,18.75,19.274999618530273,18.0,18.0,2273,0.0,0.0
2025-09-18 00:00:00-04:00,18.450000762939453,19.049999237060547,17.850000381469727,18.0,3860,0.0,0.0
2025-09-19 00:00:00-04:00,18.149999618530273,18.84000015258789,16.200000762939453,17.549999237060547,4047,0.0,0.0
2025-09-22 00:00:00-04:00,18.0,18.299999237060547,17.700000762939453,18.149999618530273,1673,0.0,0.0
2025-09-23 00:00:00-04:00,19.200000762939453,19.5,18.149999618530273,18.600000381469727,3687,0.0,0.0
2025-09-24 00:00:00-04:00,18.600000381469727,19.350000381469727,18.0,18.0,567,0.0,0.0
2025-09-25 00:00:00-04:00,19.03499984741211,19.03499984741211,16.875,17.100000381469727,2627,0.0,0.0
2025-09-26 00:00:00-04:00,17.100000381469727,17.399999618530273,16.649999618530273,17.100000381469727,1667,0.0,0.0
2025-09-29 00:00:00-04:00,16.950000762939453,17.100000381469727,15.899999618530273,16.125,2680,0.0,0.0
2025-09-30 00:00:00-04:00,16.200000762939453,16.68000030517578,14.625,14.71500015258789,4887,0.0,0.0
2025-10-01 00:00:00-04:00,15.300000190734863,15.449999809265137,13.199999809265137,13.949999809265137,8460,0.0,0.0
2025-10-02 00:00:00-04:00,14.654999732971191,14.699999809265137,13.154999732971191,14.25,2013,0.0,0.0
2025-10-03 00:00:00-04:00,14.850000381469727,14.850000381469727,13.949999809265137,13.949999809265137,2740,0.0,0.0
2025-10-06 00:00:00-04:00,14.175000190734863,14.399999618530273,13.649999618530273,14.100000381469727,1167,0.0,0.0
2025-10-07 00:00:00-04:00,14.385000228881836,14.385000228881836,12.510000228881836,12.539999961853027,4660,0.0,0.0
2025-10-08 00:00:00-04:00,12.449999809265137,12.75,11.279999732971191,11.895000457763672,8993,0.0,0.0
2025-10-09 00:00:00-04:00,12.0,13.350000381469727,11.880000114440918,12.300000190734863,18413,0.0,0.0
2025-10-10 00:00:00-04:00,12.539999961853027,13.78499984741211,11.774999618530273,12.0,89693,0.0,0.0
2025-10-13 00:00:00-04:00,11.414999961853027,12.0,9.765000343322754,11.25,22527,0.0,0.0
2025-10-14 00:00:00-04:00,12.0,12.449999809265137,11.265000343322754,11.279999732971191,75520,0.0,0.0
2025-10-15 00:00:00-04:00,11.654999732971191,12.0,10.050000190734863,10.199999809265137,96447,0.0,0.0
2025-10-16 00:00:00-04:00,9.899999618530273,10.649999618530273,9.449999809265137,10.199999809265137,11407,0.0,0.0
2025-10-17 00:00:00-04:00,9.869999885559082,10.095000267028809,9.600000381469727,9.75,8800,0.0,0.0
2025-10-20 00:00:00-04:00,9.675000190734863,10.050000190734863,9.375,9.930000305175781,4713,0.0,0.0
2025-10-21 00:00:00-04:00,9.899999618530273,10.274999618530273,9.420000076293945,9.614999771118164,9420,0.0,0.0
2025-10-22 00:00:00-04:00,9.600000381469727,10.5,9.375,10.005000114440918,7813,0.0,0.0
2025-10-23 00:00:00-04:00,9.899999618530273,10.380000114440918,9.75,10.170000076293945,10887,0.0,0.0
2025-10-24 00:00:00-04:00,10.050000190734863,10.380000114440918,9.779999732971191,10.199999809265137,2880,0.0,0.0
2025-10-27 00:00:00-04:00,10.800000190734863,10.800000190734863,10.199999809265137,10.199999809265137,3293,0.0,0.0
2025-10-28 00:00:00-04:00,10.229999542236328,10.635000228881836,9.149999618530273,9.494999885559082,9140,0.0,0.0
2025-10-29 00:00:00-04:00,9.015000343322754,9.8100004196167,9.015000343322754,9.345000267028809,7360,0.0,0.0
2025-10-30 00:00:00-04:00,9.600000381469727,10.170000076293945,8.805000305175781,9.0,10347,0.0,0.0
2025-10-31 00:00:00-04:00,9.449999809265137,10.1850004196167,9.0,9.65999984741211,5860,0.0,0.0
2025-11-03 00:00:00-05:00,9.585000038146973,10.5,9.300000190734863,9.734999656677246,5967,0.0,0.0
2025-11-04 00:00:00-05:00,9.75,10.170000076293945,9.300000190734863,9.300000190734863,1893,0.0,0.0
2025-11-05 00:00:00-05:00,9.225000381469727,9.390000343322754,8.550000190734863,8.71500015258789,4407,0.0,0.0
2025-11-06 00:00:00-05:00,8.699999809265137,9.645000457763672,8.699999809265137,9.09000015258789,11980,0.0,0.0
2025-11-07 00:00:00-05:00,9.135000228881836,10.050000190734863,8.850000381469727,9.824999809265137,4013,0.0,0.0
2025-11-10 00:00:00-05:00,10.170000076293945,10.199999809265137,9.824999809265137,10.154999732971191,4420,0.0,0.0
2025-11-11 00:00:00-05:00,9.75,9.75,9.164999961853027,9.300000190734863,5433,0.0,0.0
2025-11-12 00:00:00-05:00,9.6899995803833,9.899999618530273,8.699999809265137,9.0,7087,0.0,0.0
2025-11-13 00:00:00-05:00,8.970000267028809,8.970000267028809,8.444999694824219,8.550000190734863,6167,0.0,0.0
2025-11-14 00:00:00-05:00,8.550000190734863,8.835000038146973,8.295000076293945,8.625,4960,0.0,0.0
2025-11-17 00:00:00-05:00,8.699999809265137,8.760000228881836,8.265000343322754,8.324999809265137,1333,0.0,0.0
2025-11-18 00:00:00-05:00,8.399999618530273,8.699999809265137,8.354999542236328,8.354999542236328,2380,0.0,0.0
2025-11-19 00:00:00-05:00,8.460000038146973,8.71500015258789,8.354999542236328,8.444999694824219,3920,0.0,0.0
2025-11-20 00:00:00-05:00,8.550000190734863,8.760000228881836,6.764999866485596,7.065000057220459,13080,0.0,0.0
2025-11-21 00:00:00-05:00,7.170000076293945,7.454999923706055,6.614999771118164,6.75,3407,0.0,0.0
2025-11-24 00:00:00-05:00,6.735000133514404,6.735000133514404,6.0,6.644999980926514,24467,0.0,0.0
2025-11-25 00:00:00-05:00,6.360000133514404,6.570000171661377,5.880000114440918,6.284999847412109,7880,0.0,0.0
2025-11-26 00:00:00-05:00,6.195000171661377,6.284999847412109,5.880000114440918,6.150000095367432,5047,0.0,0.0
2025-11-28 00:00:00-05:00,6.420000076293945,6.420000076293945,5.954999923706055,6.0,3547,0.0,0.0
2025-12-01 00:00:00-05:00,6.300000190734863,6.300000190734863,6.0,6.269999980926514,6353,0.0,0.0
2025-12-02 00:00:00-05:00,6.824999809265137,8.550000190734863,6.465000152587891,7.244999885559082,50087,0.0,0.0
2025-12-03 00:00:00-05:00,6.900000095367432,7.5,6.614999771118164,6.75,8473,0.0,0.0
2025-12-04 00:00:00-05:00,6.704999923706055,7.380000114440918,6.704999923706055,7.380000114440918,6007,0.0,0.0
2025-12-05 00:00:00-05:00,7.019999980926514,7.5,6.75,7.005000114440918,7433,0.0,0.0
2025-12-08 00:00:00-05:00,7.110000133514404,7.139999866485596,6.34499979019165,6.449999809265137,4833,0.0,0.0
2025-12-09 00:00:00-05:00,6.449999809265137,6.75,6.449999809265137,6.735000133514404,1087,0.0,0.0
2025-12-10 00:00:00-05:00,6.735000133514404,7.199999809265137,6.449999809265137,6.989999771118164,7527,0.0,0.0
2025-12-11 00:00:00-05:00,7.050000190734863,7.050000190734863,6.150000095367432,6.525000095367432,12973,0.0,0.0
2025-12-12 00:00:00-05:00,6.659999847412109,6.75,6.300000190734863,6.539999961853027,1333,0.0,0.0
2025-12-15 00:00:00-05:00,6.224999904632568,6.239999771118164,5.264999866485596,5.519999980926514,7380,0.0,0.0
2025-12-16 00:00:00-05:00,5.400000095367432,5.460000038146973,4.125,4.889999866485596,18733,0.0,0.0
2025-12-17 00:00:00-05:00,4.949999809265137,4.949999809265137,4.275000095367432,4.889999866485596,3380,0.0,0.0
2025-12-18 00:00:00-05:00,5.085000038146973,5.21999979019165,4.755000114440918,5.010000228881836,1073,0.0,0.0
2025-12-19 00:00:00-05:00,5.099999904632568,5.099999904632568,4.755000114440918,4.889999866485596,1053,0.0,0.0
2025-12-22 00:00:00-05:00,5.085000038146973,5.130000114440918,4.755000114440918,4.889999866485596,7953,0.0,0.0
2025-12-23 00:00:00-05:00,4.800000190734863,4.949999809265137,3.075000047683716,3.4800000190734863,53060,0.0,0.0
2025-12-24 00:00:00-05:00,3.375,3.450000047683716,3.1649999618530273,3.375,11447,0.0,0.0
2025-12-26 00:00:00-05:00,3.4800000190734863,3.5999999046325684,3.194999933242798,3.5999999046325684,2773,0.0,0.0
2025-12-29 00:00:00-05:00,3.375,4.46999979019165,3.2699999809265137,3.7950000762939453,88860,0.0,0.0
2025-12-30 00:00:00-05:00,3.5999999046325684,4.199999809265137,3.5999999046325684,3.990000009536743,310233,0.0,0.0
2025-12-31 00:00:00-05:00,3.6600000858306885,4.125,3.3450000286102295,3.825000047683716,133520,0.0,0.0
2026-01-02 00:00:00-05:00,3.434999942779541,4.139999866485596,3.134999990463257,4.139999866485596,90840,0.0,0.0
2026-01-05 00:00:00-05:00,4.019999980926514,4.769999980926514,3.552000045776367,4.300000190734863,169300,0.0,0.06666666666666667
2026-01-06 00:00:00-05:00,4.230000019073486,4.349999904632568,3.75,3.799999952316284,92000,0.0,0.0
2026-01-07 00:00:00-05:00,3.7699999809265137,4.199999809265137,3.759999990463257,3.990000009536743,38500,0.0,0.0
2026-01-08 00:00:00-05:00,4.0,4.71999979019165,4.0,4.46999979019165,49300,0.0,0.0
2026-01-09 00:00:00-05:00,4.510000228881836,4.510000228881836,4.090000152587891,4.210000038146973,11800,0.0,0.0
2026-01-12 00:00:00-05:00,4.21999979019165,4.36899995803833,4.050000190734863,4.110000133514404,24500,0.0,0.0
2026-01-13 00:00:00-05:00,4.0,4.929999828338623,4.0,4.909999847412109,746400,0.0,0.0
2026-01-14 00:00:00-05:00,3.930000066757202,3.990000009536743,3.4000000953674316,3.5299999713897705,111000,0.0,0.0
2026-01-15 00:00:00-05:00,3.619999885559082,12.960000038146973,3.5299999713897705,7.699999809265137,9893400,0.0,0.0
2026-01-16 00:00:00-05:00,6.71999979019165,7.269999980926514,4.760000228881836,5.050000190734863,599100,0.0,0.0
2026-01-20 00:00:00-05:00,4.730000019073486,5.289999961853027,4.179999828338623,4.389999866485596,107600,0.0,0.0
2026-01-21 00:00:00-05:00,6.119999885559082,7.789999961853027,4.619999885559082,6.480000019073486,5677700,0.0,0.0
2026-01-22 00:00:00-05:00,6.309999942779541,7.5,5.800000190734863,6.78000020980835,456500,0.0,0.0
2026-01-23 00:00:00-05:00,6.670000076293945,8.0,6.5,7.5,130200,0.0,0.0
2026-01-26 00:00:00-05:00,7.199999809265137,7.840000152587891,6.829999923706055,7.119999885559082,74100,0.0,0.0
2026-01-27 00:00:00-05:00,6.989999771118164,7.01200008392334,6.559999942779541,6.690000057220459,39700,0.0,0.0
2026-01-28 00:00:00-05:00,6.690000057220459,7.119999885559082,6.03000020980835,6.619999885559082,38400,0.0,0.0
2026-01-29 00:00:00-05:00,6.53000020980835,6.75,6.119999885559082,6.46999979019165,44400,0.0,0.0
2026-01-30 00:00:00-05:00,4.929999828338623,7.400000095367432,4.921999931335449,6.5,246200,0.0,0.0
2026-02-02 00:00:00-05:00,5.510000228881836,6.590000152587891,5.309999942779541,5.369999885559082,56300,0.0,0.0
2026-02-03 00:00:00-05:00,5.25,5.559999942779541,4.849999904632568,5.079999923706055,56000,0.0,0.0
2026-02-04 00:00:00-05:00,5.03000020980835,5.659999847412109,4.909999847412109,5.349999904632568,33400,0.0,0.0
2026-02-05 00:00:00-05:00,5.289999961853027,5.889999866485596,5.119999885559082,5.75,44400,0.0,0.0
2026-02-06 00:00:00-05:00,5.639999866485596,5.880000114440918,5.360000133514404,5.389999866485596,15600,0.0,0.0
2026-02-09 00:00:00-05:00,5.360000133514404,5.610000133514404,4.789999961853027,5.139999866485596,19000,0.0,0.0
2026-02-10 00:00:00-05:00,5.039999961853027,5.909999847412109,4.973999977111816,5.010000228881836,57500,0.0,0.0
2026-02-11 00:00:00-05:00,5.199999809265137,5.389999866485596,4.789000034332275,5.0,21800,0.0,0.0
2026-02-12 00:00:00-05:00,5.03000020980835,5.099999904632568,4.619999885559082,5.099999904632568,17100,0.0,0.0
2026-02-13 00:00:00-05:00,11.170000076293945,12.229999542236328,8.119999885559082,8.630000114440918,50594700,0.0,0.0
2026-02-17 00:00:00-05:00,7.829999923706055,10.199999809265137,7.800000190734863,9.579999923706055,903500,0.0,0.0
2026-02-18 00:00:00-05:00,9.40999984741211,19.5,9.25,14.359999656677246,7218400,0.0,0.0
2026-02-19 00:00:00-05:00,16.3799991607666,23.219999313354492,15.800000190734863,17.100000381469727,3028300,0.0,0.0
2026-02-20 00:00:00-05:00,18.0,21.75,15.300000190734863,16.420000076293945,739800,0.0,0.0
2026-02-23 00:00:00-05:00,15.050000190734863,17.51799964904785,14.75,16.010000228881836,148400,0.0,0.0
2026-02-24 00:00:00-05:00,15.729999542236328,20.799999237060547,15.649999618530273,15.710000038146973,278300,0.0,0.0
2026-02-25 00:00:00-05:00,16.709999084472656,16.709999084472656,15.0,16.1299991607666,201800,0.0,0.0
2026-02-26 00:00:00-05:00,15.8100004196167,16.200000762939453,15.0,15.319999694824219,86300,0.0,0.0
2026-02-27 00:00:00-05:00,14.609999656677246,15.470000267028809,13.140000343322754,13.300000190734863,173600,0.0,0.0
2026-03-02 00:00:00-05:00,11.609999656677246,11.739999771118164,9.96500015258789,10.270000457763672,72900,0.0,0.0
2026-03-03 00:00:00-05:00,9.59000015258789,9.59000015258789,8.380000114440918,9.260000228881836,66000,0.0,0.0
2026-03-04 00:00:00-05:00,9.15999984741211,11.329999923706055,9.151000022888184,9.84000015258789,93400,0.0,0.0
2026-03-05 00:00:00-05:00,9.960000038146973,10.319999694824219,8.65999984741211,9.40999984741211,155100,0.0,0.0
2026-03-06 00:00:00-05:00,9.300000190734863,9.460000038146973,8.814000129699707,9.350000381469727,22000,0.0,0.0
2026-03-09 00:00:00-04:00,9.0,9.199999809265137,8.550000190734863,8.970000267028809,244100,0.0,0.0
2026-03-10 00:00:00-04:00,8.8100004196167,10.489999771118164,8.789999961853027,10.475000381469727,179700,0.0,0.0
2026-03-11 00:00:00-04:00,9.880000114440918,10.430000305175781,9.5649995803833,9.979999542236328,15200,0.0,0.0
2026-03-12 00:00:00-04:00,9.829999923706055,12.420000076293945,9.399999618530273,11.40999984741211,206700,0.0,0.0
2026-03-13 00:00:00-04:00,11.0,11.0,9.90999984741211,10.229999542236328,20500,0.0,0.0
2026-03-16 00:00:00-04:00,10.279999732971191,10.609999656677246,9.8149995803833,9.949999809265137,7600,0.0,0.0
2026-03-17 00:00:00-04:00,9.75,10.010000228881836,9.649999618530273,10.010000228881836,4900,0.0,0.0
2026-03-18 00:00:00-04:00,9.694999694824219,9.859999656677246,9.489999771118164,9.489999771118164,9500,0.0,0.0
2026-03-19 00:00:00-04:00,9.3100004196167,9.399999618530273,9.020000457763672,9.239999771118164,6100,0.0,0.0
2026-03-20 00:00:00-04:00,9.0600004196167,9.069999694824219,7.340000152587891,8.199999809265137,25100,0.0,0.0
2026-03-23 00:00:00-04:00,8.40999984741211,8.40999984741211,7.329999923706055,7.389999866485596,10900,0.0,0.0
2026-03-24 00:00:00-04:00,7.239999771118164,7.329999923706055,6.570000171661377,6.769999980926514,12100,0.0,0.0
2026-03-25 00:00:00-04:00,6.630000114440918,6.78000020980835,6.210000038146973,6.659999847412109,22500,0.0,0.0
2026-03-26 00:00:00-04:00,6.53000020980835,7.363999843597412,6.53000020980835,7.21999979019165,14000,0.0,0.0
2026-03-27 00:00:00-04:00,7.079999923706055,7.599999904632568,6.659999847412109,6.945000171661377,6600,0.0,0.0
2026-03-30 00:00:00-04:00,6.300000190734863,6.800000190734863,5.900000095367432,6.409999847412109,11800,0.0,0.0
2026-03-31 00:00:00-04:00,6.28000020980835,6.28000020980835,5.409999847412109,5.920000076293945,52400,0.0,0.0
2026-04-01 00:00:00-04:00,5.920000076293945,6.295000076293945,5.557000160217285,6.28000020980835,14500,0.0,0.0
2026-04-02 00:00:00-04:00,6.739999771118164,7.068999767303467,6.110000133514404,6.949999809265137,23200,0.0,0.0
2026-04-06 00:00:00-04:00,8.6899995803833,11.760000228881836,8.0600004196167,11.4399995803833,10593500,0.0,0.0
2026-04-07 00:00:00-04:00,10.6899995803833,11.4399995803833,10.119999885559082,10.890000343322754,243000,0.0,0.0
2026-04-08 00:00:00-04:00,10.65999984741211,10.895999908447266,8.829999923706055,9.020000457763672,87400,0.0,0.0
2026-04-09 00:00:00-04:00,8.90999984741211,9.489999771118164,7.710000038146973,8.109999656677246,74600,0.0,0.0
2026-04-10 00:00:00-04:00,7.820000171661377,7.989999771118164,7.110000133514404,7.110000133514404,32100,0.0,0.0
2026-04-13 00:00:00-04:00,7.070000171661377,7.739999771118164,7.0,7.519999980926514,25800,0.0,0.0
2026-04-14 00:00:00-04:00,7.75,8.505000114440918,7.75,7.940000057220459,9900,0.0,0.0
2026-04-15 00:00:00-04:00,7.78000020980835,8.024999618530273,7.131999969482422,7.610000133514404,22400,0.0,0.0
2026-04-16 00:00:00-04:00,7.46999979019165,7.849999904632568,7.251999855041504,7.849999904632568,4600,0.0,0.0
2026-04-17 00:00:00-04:00,7.71999979019165,7.860000133514404,7.25,7.269999980926514,14200,0.0,0.0
2026-04-20 00:00:00-04:00,7.260000228881836,7.400000095367432,7.230000019073486,7.28000020980835,3900,0.0,0.0
2026-04-21 00:00:00-04:00,7.150000095367432,7.260000228881836,6.789000034332275,7.170000076293945,6800,0.0,0.0
2026-04-22 00:00:00-04:00,7.164999961853027,7.309999942779541,7.0,7.309999942779541,2500,0.0,0.0
2026-04-23 00:00:00-04:00,7.449999809265137,7.869999885559082,7.139999866485596,7.190000057220459,27100,0.0,0.0
2026-04-24 00:00:00-04:00,7.239999771118164,7.860000133514404,7.239999771118164,7.269999980926514,10700,0.0,0.0
2026-04-27 00:00:00-04:00,7.170000076293945,8.449999809265137,6.8420000076293945,8.09000015258789,438400,0.0,0.0
2026-04-28 00:00:00-04:00,8.6899995803833,9.460000038146973,7.400000095367432,8.600000381469727,2987400,0.0,0.0
2026-04-29 00:00:00-04:00,8.6899995803833,9.1899995803833,8.039999961853027,8.989999771118164,110400,0.0,0.0
2026-04-30 00:00:00-04:00,8.670000076293945,11.699999809265137,8.670000076293945,11.25,210400,0.0,0.0
2026-05-01 00:00:00-04:00,10.260000228881836,10.899999618530273,10.0,10.369999885559082,49800,0.0,0.0
2026-05-04 00:00:00-04:00,9.649999618530273,10.579999923706055,8.6899995803833,10.449999809265137,36200,0.0,0.0
2026-05-05 00:00:00-04:00,10.050000190734863,10.307000160217285,9.369999885559082,9.529999732971191,32100,0.0,0.0
2026-05-06 00:00:00-04:00,9.0,9.65999984741211,8.619999885559082,8.920000076293945,43200,0.0,0.0
2026-05-07 00:00:00-04:00,8.819999694824219,8.989999771118164,8.107000350952148,8.979999542236328,44100,0.0,0.0
2026-05-08 00:00:00-04:00,8.930000305175781,8.989999771118164,7.989999771118164,8.899999618530273,24300,0.0,0.0
2026-05-11 00:00:00-04:00,8.640000343322754,8.739999771118164,7.800000190734863,7.949999809265137,27600,0.0,0.0
2026-05-12 00:00:00-04:00,8.097000122070312,8.789999961853027,7.960999965667725,8.789999961853027,23300,0.0,0.0
2026-05-13 00:00:00-04:00,8.65999984741211,8.744999885559082,8.25,8.34000015258789,14200,0.0,0.0
2026-05-14 00:00:00-04:00,8.600000381469727,8.920000076293945,7.954999923706055,8.479999542236328,13300,0.0,0.0
2026-05-15 00:00:00-04:00,8.100000381469727,10.975000381469727,8.100000381469727,8.930000305175781,95800,0.0,0.0
2026-05-18 00:00:00-04:00,8.819999694824219,9.1899995803833,8.210000038146973,8.319999694824219,25900,0.0,0.0
2026-05-19 00:00:00-04:00,8.0,8.550000190734863,7.139999866485596,7.5,23100,0.0,0.0
2026-05-20 00:00:00-04:00,7.741000175476074,7.741000175476074,7.385000228881836,7.440000057220459,7900,0.0,0.0
2026-05-21 00:00:00-04:00,7.489999771118164,7.559000015258789,7.309999942779541,7.363999843597412,4000,0.0,0.0
2026-05-22 00:00:00-04:00,7.494999885559082,7.789999961853027,7.300000190734863,7.769999980926514,6200,0.0,0.0
