Date,Open,High,Low,Close,Volume,Dividends,Stock Splits
2022-01-03 00:00:00-05:00,22.596401328843662,22.743250258227793,22.20174417465732,22.32105827331543,1471800,0.0,0.0
2022-01-04 00:00:00-05:00,22.43119705035321,22.770784561325716,22.16503225743875,22.23845672607422,1992800,0.0,0.0
2022-01-05 00:00:00-05:00,22.440376762033644,22.98188290929717,21.568459609503552,21.62352752685547,2157900,0.0,0.0
2022-01-06 00:00:00-05:00,21.283937848746408,21.32064920642132,20.705718647814706,20.733253479003906,2654700,0.0,0.0
2022-01-07 00:00:00-05:00,20.870927506337125,20.999419904828486,20.485448560285406,20.63229751586914,2479500,0.0,0.0
2022-01-10 00:00:00-05:00,20.47626913493352,21.127912870595456,20.320241909542148,21.100378036499023,3136200,0.0,0.0
2022-01-11 00:00:00-05:00,21.173803589887132,21.678598403930664,20.990243271616635,21.678598403930664,1608700,0.0,0.0
2022-01-12 00:00:00-05:00,21.80709261345075,21.981476418286032,21.495038120830888,21.935585021972656,1536300,0.0,0.0
2022-01-13 00:00:00-05:00,21.926403100493808,22.091608598623967,21.51339110574589,21.53174591064453,1286600,0.0,0.0
2022-01-14 00:00:00-05:00,21.57763799070529,21.678597298481343,20.88928289349232,21.100378036499023,1822400,0.0,0.0
2022-01-18 00:00:00-05:00,21.182982402340475,21.797913072731156,20.825038284699428,20.86174964904785,3052900,0.0,0.0
2022-01-19 00:00:00-05:00,21.23804773495574,23.137907436321466,21.182979819857774,22.8533878326416,5458200,0.0,0.0
2022-01-20 00:00:00-05:00,22.899279870710558,23.36735978819612,22.51380095292788,22.550512313842773,3421400,0.0,0.0
2022-01-21 00:00:00-05:00,22.651472679394995,22.669829235999828,21.430789674415163,21.577638626098633,2432400,0.0,0.0
2022-01-24 00:00:00-05:00,21.155445720887528,21.302294666627834,20.329419963453933,21.11873435974121,3717200,0.0,0.0
2022-01-25 00:00:00-05:00,20.825038480360327,21.632707759968408,20.724079163942683,21.495037078857422,2371600,0.0,0.0
2022-01-26 00:00:00-05:00,21.192161488363944,21.75202425827051,20.540517678223523,20.687368392944336,3143300,0.0,0.0
2022-01-27 00:00:00-05:00,20.366138120784626,20.6873709256419,19.705315950660413,19.75120735168457,3520500,0.0,0.0
2022-01-28 00:00:00-05:00,19.558458799949005,19.751199102596566,19.035309300812685,19.393253326416016,3730800,0.0,0.0
2022-01-31 00:00:00-05:00,19.659420461366675,19.94394006090231,19.365722584352156,19.888872146606445,3737200,0.0,0.0
2022-02-01 00:00:00-05:00,20.155036543498003,20.71489925323213,19.90723003725118,20.4487361907959,2654900,0.0,0.0
2022-02-02 00:00:00-05:00,20.375317152095963,20.696548218217004,19.925590158370476,19.953125,2352900,0.0,0.0
2022-02-03 00:00:00-05:00,19.787915062648946,19.86133954013163,19.237230606239986,19.475860595703125,2462000,0.0,0.0
2022-02-04 00:00:00-05:00,19.347372544672766,19.79709778911958,19.31066117297202,19.567646026611328,1510200,0.0,0.0
2022-02-07 00:00:00-05:00,19.833805047163306,20.8250362980998,19.75120229703714,20.742433547973633,2566100,0.0,0.0
2022-02-08 00:00:00-05:00,20.7148997993832,21.192159769425558,20.522161206045475,21.182981491088867,2314300,0.0,0.0
2022-02-09 00:00:00-05:00,21.192158832611362,21.49503500202293,21.0361316089401,21.11873435974121,1614200,0.0,0.0
2022-02-10 00:00:00-05:00,21.008596123097888,21.687772913711388,20.512981384251265,20.6414737701416,2284200,0.0,0.0
2022-02-11 00:00:00-05:00,20.7516158244463,22.128326257723263,20.632299939905373,21.880517959594727,2675000,0.0,0.0
2022-02-14 00:00:00-05:00,22.100787763703217,22.21092535040448,21.779555032283547,21.990650177001953,2572800,0.0,0.0
2022-02-15 00:00:00-05:00,21.412433610289607,21.981474624084008,21.03613294412372,21.92640495300293,2119000,0.0,0.0
2022-02-16 00:00:00-05:00,22.054895245273194,22.467907202699557,21.972292503672456,22.32105827331543,2301000,0.0,0.0
2022-02-17 00:00:00-05:00,22.633118538517856,22.75243441860675,22.311885765957147,22.57805061340332,2865500,0.0,0.0
2022-02-18 00:00:00-05:00,22.5688720446016,22.57805032376591,21.742846176168968,21.953941345214844,3409300,0.0,0.0
2022-02-22 00:00:00-05:00,22.128319394339186,22.321057954940244,21.449142667980663,21.55927848815918,2574200,0.0,0.0
2022-02-23 00:00:00-05:00,21.522568942383256,22.63311426726618,21.522568942383256,22.348594665527344,2957600,0.0,0.0
2022-02-24 00:00:00-05:00,22.80750027984906,23.11955474488961,21.182981756063413,21.55010414123535,4683800,0.0,0.0
2022-02-25 00:00:00-05:00,21.155445807691404,21.55010300745438,20.586406578257254,21.375720977783203,3902200,0.0,0.0
2022-02-28 00:00:00-05:00,21.678601943479563,22.064080950537168,21.449150195244748,21.68777847290039,3332900,0.0,0.0
2022-03-01 00:00:00-05:00,21.834623648743587,23.752838165563926,21.825445371079308,23.624345779418945,3868700,0.0,0.0
2022-03-02 00:00:00-05:00,23.183801329121827,23.54174544179646,23.0002392581936,23.459142684936523,2359400,0.0,0.0
2022-03-03 00:00:00-05:00,23.46831797174667,23.752837569894343,23.12873045957177,23.532564163208008,2067900,0.0,0.0
2022-03-04 00:00:00-05:00,23.78154334319246,24.666780218971947,23.569453802745464,24.510019302368164,3846600,0.12,0.0
2022-03-07 00:00:00-05:00,24.39014432365718,25.2753812062842,23.99363131042699,24.574567794799805,4107800,0.0,0.0
2022-03-08 00:00:00-05:00,25.173946911049676,26.69545064645047,24.639115859920267,25.09095573425293,7987500,0.0,0.0
2022-03-09 00:00:00-05:00,23.809202841223204,25.08173288538299,23.56945077842775,24.795873641967773,3328600,0.0,0.0
2022-03-10 00:00:00-05:00,24.860424930855075,25.727220684025635,24.860424930855075,25.515132904052734,3293600,0.0,0.0
2022-03-11 00:00:00-05:00,24.897307583917936,25.52435116744088,24.657555522052743,25.220050811767578,2455300,0.0,0.0
2022-03-14 00:00:00-04:00,24.417809003740018,24.620677126118576,23.670890099116722,23.96596908569336,3501700,0.0,0.0
2022-03-15 00:00:00-04:00,23.136053879391785,24.72210396086944,23.071505585205063,24.491573333740234,2938700,0.0,0.0
2022-03-16 00:00:00-04:00,24.362476891396366,24.878865006794484,23.947521056552894,24.860422134399414,2738800,0.0,0.0
2022-03-17 00:00:00-04:00,25.367591926822513,26.21594475539023,25.29382219211268,25.45980453491211,2749300,0.0,0.0
2022-03-18 00:00:00-04:00,25.22927538501059,25.662672382191214,24.758992638890692,25.515132904052734,4389100,0.0,0.0
2022-03-21 00:00:00-04:00,25.690333453316228,26.234385869878583,25.496686813430244,25.70877456665039,2237300,0.0,0.0
2022-03-22 00:00:00-04:00,25.671891829313633,25.6811132658336,25.063291089469452,25.42291831970215,1939600,0.0,0.0
2022-03-23 00:00:00-04:00,25.616563995052292,25.893200044896695,25.229272469984664,25.68111228942871,1761800,0.0,0.0
2022-03-24 00:00:00-04:00,25.948526064914493,26.879869982226403,25.75488118804035,26.096065521240234,2897800,0.0,0.0
2022-03-25 00:00:00-04:00,25.819429749321635,26.179056958011138,25.754881456357783,26.068403244018555,2373300,0.0,0.0
2022-03-28 00:00:00-04:00,25.635006753768625,25.736440799332257,24.602230459846847,24.731327056884766,2966300,0.0,0.0
2022-03-29 00:00:00-04:00,24.17805208739669,25.238494403240846,24.01207150950643,25.201608657836914,2503400,0.0,0.0
2022-03-30 00:00:00-04:00,25.45980374425974,25.847095279161373,25.210830237792447,25.38603401184082,1705200,0.0,0.0
2022-03-31 00:00:00-04:00,25.422917979546856,25.76410409098378,25.13706048648943,25.1739444732666,1698100,0.0,0.0
2022-04-01 00:00:00-04:00,24.998739763331077,25.97618905148216,24.998739763331077,25.920862197875977,2075200,0.0,0.0
2022-04-04 00:00:00-04:00,26.215943551743113,26.455695618244693,25.579678519827727,25.837873458862305,1621300,0.0,0.0
2022-04-05 00:00:00-04:00,26.01307570982282,26.437252987922314,25.03562632113751,25.201608657836914,1700600,0.0,0.0
2022-04-06 00:00:00-04:00,25.1923863045883,25.469024108621895,24.79587334997317,25.155502319335938,1440600,0.0,0.0
2022-04-07 00:00:00-04:00,25.29382120688592,25.708775288912296,24.92497254770387,25.505908966064453,1631600,0.0,0.0
2022-04-08 00:00:00-04:00,25.671893384687788,26.53868912317968,25.561237898553156,26.36348533630371,2559200,0.0,0.0
2022-04-11 00:00:00-04:00,26.806104215361746,27.10118317161881,26.179060553910823,26.584794998168945,2628600,0.0,0.0
2022-04-12 00:00:00-04:00,26.852209091186523,27.433145516483076,26.54790872387706,26.852209091186523,2727600,0.0,0.0
2022-04-13 00:00:00-04:00,27.156511480902957,27.737447949463164,27.04585599418186,27.617572784423828,2103700,0.0,0.0
2022-04-14 00:00:00-04:00,27.525359513689228,27.82043845947629,27.119625083827394,27.516138076782227,1917900,0.0,0.0
2022-04-18 00:00:00-04:00,27.848101901294896,28.180064825542974,27.2948280158025,27.350154876708984,2279700,0.0,0.0
2022-04-19 00:00:00-04:00,26.741553401461623,27.073518075471107,26.243606390447393,26.39114761352539,2147900,0.0,0.0
2022-04-20 00:00:00-04:00,26.30815825214589,26.916759023762324,26.2712725041404,26.879873275756836,1530700,0.0,0.0
2022-04-21 00:00:00-04:00,26.658562315742394,26.658562315742394,24.841981557035417,25.1739444732666,3049700,0.0,0.0
2022-04-22 00:00:00-04:00,24.685222708660174,25.072514275476845,24.15039166484756,24.380922317504883,1906500,0.0,0.0
2022-04-25 00:00:00-04:00,23.431132750333155,23.846088581797257,22.592001410091623,23.514123916625977,3260900,0.0,0.0
2022-04-26 00:00:00-04:00,23.64322155692439,23.8092038968968,22.674993585497575,22.7672061920166,2166200,0.0,0.0
2022-04-27 00:00:00-04:00,22.785648422979605,23.080729130063993,22.42602117462046,22.481348037719727,1659800,0.0,0.0
2022-04-28 00:00:00-04:00,22.49057278617126,23.23749346262819,22.33381185196778,23.145280838012695,1985600,0.0,0.0
2022-04-29 00:00:00-04:00,23.33892004448019,23.652441836017072,22.813310499494555,22.840974807739258,1899000,0.0,0.0
2022-05-02 00:00:00-04:00,22.17704654990979,22.555116653442383,21.798976446377196,22.555116653442383,2281600,0.0,0.0
2022-05-03 00:00:00-04:00,22.592005747497343,23.43113724884249,22.490571689485478,23.21904945373535,1405400,0.0,0.0
2022-05-04 00:00:00-04:00,23.172939235035223,23.938300891996676,22.923967479712474,23.87375259399414,2034400,0.0,0.0
2022-05-05 00:00:00-04:00,24.039736256794313,24.12272743272876,22.416800245689682,22.794870376586914,1872400,0.0,0.0
2022-05-06 00:00:00-04:00,22.794873410509513,22.92397178959528,22.260042293752875,22.444467544555664,1513100,0.0,0.0
2022-05-09 00:00:00-04:00,21.706762812925945,21.89118624335593,20.554109777204957,20.6186580657959,3084700,0.0,0.0
2022-05-10 00:00:00-04:00,20.99673296462391,21.208820750009764,19.853301100463117,20.26825523376465,2931000,0.0,0.0
2022-05-11 00:00:00-04:00,20.65554454269459,21.264145278344376,20.129934976343336,20.231369018554688,2585300,0.0,0.0
2022-05-12 00:00:00-04:00,19.788746690448715,20.249807909802794,18.986501153705646,19.37379264831543,3781100,0.0,0.0
2022-05-13 00:00:00-04:00,19.42912571769098,20.295921579837504,19.383020284529696,19.963956832885742,2707600,0.0,0.0
2022-05-16 00:00:00-04:00,19.954730344564503,20.157598420277385,19.696537170106787,20.065385818481445,1939600,0.0,0.0
2022-05-17 00:00:00-04:00,20.508001508748514,20.73853210362043,20.065383188708562,20.388126373291016,1823000,0.0,0.0
2022-05-18 00:00:00-04:00,20.231365946830394,20.305135668472072,19.548995581942645,19.60432243347168,1706000,0.0,0.0
2022-05-19 00:00:00-04:00,20.176042131002315,21.19037736372242,20.074609838896826,20.8399715423584,2160300,0.0,0.0
2022-05-20 00:00:00-04:00,20.97902419677508,21.17370453491683,20.413528040129776,20.784345626831055,2140000,0.12,0.0
2022-05-23 00:00:00-04:00,21.081001782806844,21.18297729231746,20.376447414238186,20.59893798828125,1418100,0.0,0.0
2022-05-24 00:00:00-04:00,20.802890661168846,21.05319147174296,20.274475284781875,20.8399715423584,1603700,0.0,0.0
2022-05-25 00:00:00-04:00,20.469150330020017,20.821426596953422,20.376445490869838,20.728723526000977,1423300,0.0,0.0
2022-05-26 00:00:00-04:00,20.663832200020753,21.09954267765096,20.552586031158853,20.988296508789062,1338300,0.0,0.0
2022-05-27 00:00:00-04:00,21.39619960545039,21.479633801102775,20.87705487443408,21.090274810791016,1357500,0.0,0.0
2022-05-31 00:00:00-04:00,21.145893922519512,21.32203295068579,20.153956150768828,20.367176055908203,1889000,0.0,0.0
2022-06-01 00:00:00-04:00,20.728724714514644,20.99756681844714,20.394987981717776,20.478422164916992,1567400,0.0,0.0
2022-06-02 00:00:00-04:00,20.849241555110325,22.443758296938142,20.839970893052268,22.239809036254883,2584600,0.0,0.0
2022-06-03 00:00:00-04:00,22.110025684071406,22.397409166017166,21.776288886845244,21.850452423095703,2207100,0.0,0.0
2022-06-06 00:00:00-04:00,22.17491698066852,22.276892498836943,21.33130615272445,21.516714096069336,1789600,0.0,0.0
2022-06-07 00:00:00-04:00,21.32203077271361,21.72993098693913,21.220055277107814,21.52597999572754,1670700,0.0,0.0
2022-06-08 00:00:00-04:00,21.34984386853076,21.572334423853544,21.0161071514477,21.386924743652344,2097200,0.0,0.0
2022-06-09 00:00:00-04:00,21.17371078113829,21.210791666648376,20.450614947610024,20.48769760131836,2180500,0.0,0.0
2022-06-10 00:00:00-04:00,20.21884859360358,21.868989137439716,19.931465172261706,21.69285011291504,2575300,0.0,0.0
2022-06-13 00:00:00-04:00,20.70091032387819,20.923400863808467,19.87584101727871,19.894380569458008,3255600,0.0,0.0
2022-06-14 00:00:00-04:00,20.03344220898826,20.03344220898826,19.060043937272493,19.365968704223633,2388200,0.0,0.0
2022-06-15 00:00:00-04:00,20.024171018099583,20.15395674361998,19.226911805450534,19.829490661621094,2256400,0.0,0.0
2022-06-16 00:00:00-04:00,19.569919903291794,20.534045753652027,19.18056094475067,20.07979393005371,3073300,0.0,0.0
2022-06-17 00:00:00-04:00,19.8573021260868,19.9500069711146,19.347428130730673,19.46794319152832,2610100,0.0,0.0
2022-06-21 00:00:00-04:00,19.569919236051565,20.237390955851073,19.43086108058684,19.866573333740234,1745700,0.0,0.0
2022-06-22 00:00:00-04:00,19.848031464764237,20.218849076677586,19.43086054623806,19.46794319152832,1688200,0.0,0.0
2022-06-23 00:00:00-04:00,19.46794567975339,19.662624287815852,18.652146829275644,19.041505813598633,2606700,0.0,0.0
2022-06-24 00:00:00-04:00,19.2083717583351,19.66262359603041,18.85609543643601,19.52356719970703,1838900,0.0,0.0
2022-06-27 00:00:00-04:00,19.61627171146568,19.88511560544396,19.356698479507124,19.857303619384766,1680100,0.0,0.0
2022-06-28 00:00:00-04:00,19.885114299670526,20.005629361617352,19.19909950084197,19.338157653808594,1920000,0.0,0.0
2022-06-29 00:00:00-04:00,19.616268798413437,19.63481011969948,18.763387469430345,19.022960662841797,1553000,0.0,0.0
2022-06-30 00:00:00-04:00,18.837550790056817,18.93025562732317,18.16080848394853,18.23497200012207,1854100,0.0,0.0
2022-07-01 00:00:00-04:00,17.845613731804686,18.66141243868017,17.400632618963513,18.559438705444336,3353600,0.0,0.0
2022-07-05 00:00:00-04:00,18.142268012446657,18.290595051739803,16.94638103712094,17.345008850097656,3689600,0.0,0.0
2022-07-06 00:00:00-04:00,17.35428228454107,17.586043541500104,16.835137564048296,17.42844581604004,2096400,0.0,0.0
2022-07-07 00:00:00-04:00,17.437713421382924,18.13299707036531,17.437713421382924,17.71582794189453,2229200,0.0,0.0
2022-07-08 00:00:00-04:00,17.789990636764372,17.929047006483376,17.215222068875438,17.539688110351562,1629200,0.0,0.0
2022-07-11 00:00:00-04:00,17.354281522804687,17.725100932221114,17.187414910404883,17.28938865661621,1187200,0.0,0.0
2022-07-12 00:00:00-04:00,17.187413464223926,17.493338213512807,16.816594086008934,16.955652236938477,1732400,0.0,0.0
2022-07-13 00:00:00-04:00,16.751702657905508,17.73436985053925,16.742431995837514,17.32647132873535,2082300,0.0,0.0
2022-07-14 00:00:00-04:00,16.64972756990257,16.992735002413934,16.000797122299883,16.91857147216797,3300100,0.0,0.0
2022-07-15 00:00:00-04:00,17.15033080544397,17.18741345051503,16.41796447907113,16.937110900878906,2040800,0.0,0.0
2022-07-18 00:00:00-04:00,17.178143583431698,17.465527023227427,17.0668974112732,17.094709396362305,1947600,0.0,0.0
2022-07-19 00:00:00-04:00,17.354281522804687,17.57677210753575,17.159602924239255,17.28938865661621,1617100,0.0,0.0
2022-07-20 00:00:00-04:00,17.40063348978437,17.576770750641913,16.696079141760624,16.7331600189209,2202800,0.0,0.0
2022-07-21 00:00:00-04:00,16.798055619547164,17.743640144280235,16.686809445238474,17.623125076293945,3762200,0.0,0.0
2022-07-22 00:00:00-04:00,17.891968461517965,18.35549097884432,17.372823737207916,17.4099063873291,2456700,0.0,0.0
2022-07-25 00:00:00-04:00,17.298662607484847,17.45626035598984,16.66827161346488,17.00200843811035,2143200,0.0,0.0
2022-07-26 00:00:00-04:00,17.103981564100614,17.42844591105367,16.992735382146655,17.35428237915039,1874300,0.0,0.0
2022-07-27 00:00:00-04:00,17.428445296707093,18.068106841948843,17.28938890031489,17.92905044555664,2842600,0.0,0.0
2022-07-28 00:00:00-04:00,18.587246935555996,18.893171638999444,18.28132223211255,18.63360023498535,3464500,0.0,0.0
2022-07-29 00:00:00-04:00,18.78193177936667,18.995151703491352,18.318409282644485,18.846824645996094,2471300,0.0,0.0
2022-08-01 00:00:00-04:00,18.967335971335817,18.985877291910555,18.661411254643227,18.79119873046875,1583700,0.0,0.0
2022-08-02 00:00:00-04:00,18.85609266859489,19.208368938784183,18.56870925595117,18.596519470214844,1878400,0.0,0.0
2022-08-03 00:00:00-04:00,18.726310415128726,18.726310415128726,17.938321781703365,18.160812377929688,1772800,0.0,0.0
2022-08-04 00:00:00-04:00,18.33695036509883,19.375239753875263,18.197892203357327,19.10639762878418,2625200,0.0,0.0
2022-08-05 00:00:00-04:00,18.457461897644368,18.98587715276826,18.095914990074892,18.958066940307617,2046100,0.0,0.0
2022-08-08 00:00:00-04:00,19.449399152719447,19.505023112886793,19.124933124533673,19.31034278869629,2119200,0.0,0.0
2022-08-09 00:00:00-04:00,19.393780689654808,19.50502686318156,18.9302582083229,19.365968704223633,1585200,0.0,0.0
2022-08-10 00:00:00-04:00,19.597728827912174,19.950006883837094,19.356696939173503,19.54210662841797,2229600,0.0,0.0
2022-08-11 00:00:00-04:00,17.808530215748583,17.993939887780215,16.34379946493126,16.52920913696289,11654900,0.0,0.0
2022-08-12 00:00:00-04:00,16.64045499951153,17.224492450145597,16.631184339254148,16.844404220581055,5047700,0.0,0.0
2022-08-15 00:00:00-04:00,16.362340893635604,16.51993858544208,16.05641617050511,16.492128372192383,2845100,0.0,0.0
2022-08-16 00:00:00-04:00,16.35307706661788,16.43651127762703,16.03788155129409,16.334537506103516,2118500,0.0,0.0
2022-08-17 00:00:00-04:00,16.10277535269922,16.149126903838685,15.45384302755665,15.565089225769043,3990900,0.0,0.0
2022-08-18 00:00:00-04:00,15.60216807244146,15.69487293079391,15.370406810659382,15.583626747131348,2080800,0.0,0.0
2022-08-19 00:00:00-04:00,15.462316259435294,15.508974890843112,14.94908377286291,15.051729202270508,3521400,0.11,0.0
2022-08-22 00:00:00-04:00,14.865099596759611,15.014403653362459,14.65980607396951,14.939751625061035,2994600,0.0,0.0
2022-08-23 00:00:00-04:00,14.977075573356148,15.555630082150223,14.977075573356148,15.219695091247559,2591200,0.0,0.0
2022-08-24 00:00:00-04:00,15.163706706417317,15.499641701463613,15.014402659695547,15.434321403503418,1762600,0.0,0.0
2022-08-25 00:00:00-04:00,15.555631683693857,15.62095198757346,15.341007319562365,15.536968231201172,1727400,0.0,0.0
2022-08-26 00:00:00-04:00,15.56496251681233,15.658277994076453,14.66913731678164,14.827773094177246,3495700,0.0,0.0
2022-08-29 00:00:00-04:00,14.631810253859019,14.995738631243881,14.529163058250136,14.603815078735352,2411500,0.0,0.0
2022-08-30 00:00:00-04:00,14.771783491033966,14.799777777981223,14.0812518135194,14.14657211303711,2611800,0.0,0.0
2022-08-31 00:00:00-04:00,14.034595161383955,14.267882980482705,13.847965084089434,13.88529109954834,2619200,0.0,0.0
2022-09-01 00:00:00-04:00,13.614674889459979,13.754647200527463,13.437375679524097,13.530691146850586,2638800,0.0,0.0
2022-09-02 00:00:00-04:00,13.857295597651012,14.183897981851738,13.605344347912256,13.941278457641602,2673300,0.0,0.0
2022-09-06 00:00:00-04:00,14.13724105455231,14.29587683794337,13.726654896901698,13.745317459106445,2138900,0.0,0.0
2022-09-07 00:00:00-04:00,13.726653763251072,14.323870833160742,13.596012278917684,14.277213096618652,1913500,0.0,0.0
2022-09-08 00:00:00-04:00,14.109246893564055,14.482507930172376,14.043926590374614,14.417186737060547,1701300,0.0,0.0
2022-09-09 00:00:00-04:00,14.669135450948504,14.83710204276822,14.501167969206554,14.818439483642578,2164400,0.0,0.0
2022-09-12 00:00:00-04:00,15.322343231190528,15.620951339302033,15.0983871501069,15.462315559387207,3252000,0.0,0.0
2022-09-13 00:00:00-04:00,14.799777116717058,15.266353587884282,14.762451105814357,14.790446281433105,2966200,0.0,0.0
2022-09-14 00:00:00-04:00,14.958412953565372,15.117048713666177,14.799776303542316,14.97707462310791,1647800,0.0,0.0
2022-09-15 00:00:00-04:00,14.809108513670799,15.173037779347165,14.463842697993247,14.631810188293457,2956900,0.0,0.0
2022-09-16 00:00:00-04:00,14.351864394151937,15.005070002978465,14.258548925781465,14.69713020324707,3313600,0.0,0.0
2022-09-19 00:00:00-04:00,14.473174514442464,15.098385854596721,14.3891907687617,15.07972240447998,2440000,0.0,0.0
2022-09-20 00:00:00-04:00,14.818441062497733,14.939750824467374,14.519832965293894,14.902424812316895,2337700,0.0,0.0
2022-09-21 00:00:00-04:00,15.070393215288618,15.424991707796039,14.697133049368858,14.930420875549316,2746200,0.0,0.0
2022-09-22 00:00:00-04:00,15.089055063977286,15.247690840104479,14.594485174245506,14.613147735595703,2138000,0.0,0.0
2022-09-23 00:00:00-04:00,14.211891715357883,14.211891715357883,13.558686082458271,13.847963333129883,3165200,0.0,0.0
2022-09-26 00:00:00-04:00,13.745317210237594,14.090583948959098,13.46537255277833,13.586682319641113,2817800,0.0,0.0
2022-09-27 00:00:00-04:00,13.894622224597814,14.025262828089247,13.558687210083008,13.558687210083008,2895200,0.0,0.0
2022-09-28 00:00:00-04:00,13.801304794858556,14.538494131544276,13.791973070235665,14.529162406921387,3117600,0.0,0.0
2022-09-29 00:00:00-04:00,14.342534050522136,14.631811318390309,13.997268208177767,14.585153579711914,2499000,0.0,0.0
2022-09-30 00:00:00-04:00,14.501167969206554,15.229025573551281,14.417184228335579,14.818439483642578,2743600,0.0,0.0
2022-10-03 00:00:00-04:00,15.247686318366819,15.835570620355771,15.21969114976005,15.760918617248535,3671600,0.0,0.0
2022-10-04 00:00:00-04:00,16.143511106923107,16.311478566692113,15.648942230763518,16.068859100341797,3774800,0.0,0.0
2022-10-05 00:00:00-04:00,15.686270989047818,15.863570213317871,15.322342594880812,15.863570213317871,2245500,0.0,0.0
2022-10-06 00:00:00-04:00,15.770255686511518,16.143515828589443,15.667610259843059,16.096858978271484,1933600,0.0,0.0
2022-10-07 00:00:00-04:00,15.788918746794371,15.947554525721735,15.26635456085205,15.26635456085205,2093700,0.0,0.0
2022-10-10 00:00:00-04:00,14.949083110016131,15.247691218406587,14.809109891766335,14.986408233642578,1421800,0.0,0.0
2022-10-11 00:00:00-04:00,14.930419585387687,15.27568632143145,14.71579523101047,14.781115531921387,2502200,0.0,0.0
2022-10-12 00:00:00-04:00,14.818441181376722,15.145043567832962,14.67846796724776,15.117050170898438,1536300,0.0,0.0
2022-10-13 00:00:00-04:00,14.445179630463421,15.135711280101923,14.258549575145219,15.005070686340332,2707900,0.0,0.0
2022-10-14 00:00:00-04:00,14.949083907008655,14.949083907008655,14.174567527214366,14.333203315734863,1950100,0.0,0.0
2022-10-17 00:00:00-04:00,14.743789402881834,15.229027572840353,14.51050159869042,14.566490173339844,2457900,0.0,0.0
2022-10-18 00:00:00-04:00,14.753120597249644,14.818440895295367,14.435849052589303,14.706462860107422,1140100,0.0,0.0
2022-10-19 00:00:00-04:00,14.389191021695845,14.454511318408073,14.230555252604178,14.295875549316406,1781800,0.0,0.0
2022-10-20 00:00:00-04:00,14.361198618277648,14.911757129726853,14.295877423081452,14.538496971130371,1815000,0.0,0.0
2022-10-21 00:00:00-04:00,14.566489929897992,15.135711842239898,14.50116963059121,15.117050170898438,2477600,0.0,0.0
2022-10-24 00:00:00-04:00,14.939751357026044,14.939751357026044,14.510501757032863,14.762452125549316,2133700,0.0,0.0
2022-10-25 00:00:00-04:00,14.827773537343244,15.117050813569948,14.77178407132691,14.958415031433105,2110100,0.0,0.0
2022-10-26 00:00:00-04:00,15.117049691062858,15.826243015178305,15.117049691062858,15.452982902526855,2336200,0.0,0.0
2022-10-27 00:00:00-04:00,15.480978983665686,15.73293024187996,15.210364273766343,15.238359451293945,1598600,0.0,0.0
2022-10-28 00:00:00-04:00,15.023735402355669,15.173039459186839,14.790447591076372,15.163707733154297,1509300,0.0,0.0
2022-10-31 00:00:00-04:00,14.930419967625204,15.145044327497073,14.865099665042004,14.91175651550293,1709100,0.0,0.0
2022-11-01 00:00:00-04:00,15.508974161193288,15.620951311614267,15.173039150240923,15.238359451293945,1386000,0.0,0.0
2022-11-02 00:00:00-04:00,15.331675431324662,15.499642942294525,14.407855010912803,14.417186737060547,2638400,0.0,0.0
2022-11-03 00:00:00-04:00,14.221222855906683,14.5291626543278,14.053256259445691,14.230554580688477,3689200,0.0,0.0
2022-11-04 00:00:00-04:00,14.463844483848806,14.659806283420428,12.914813539579033,13.950611114501953,21696100,0.0,0.0
2022-11-07 00:00:00-05:00,13.96927244204241,14.351864256840843,13.717321213806027,14.01593017578125,9430300,0.0,0.0
2022-11-08 00:00:00-05:00,14.04392376043696,15.005069111918283,13.773309986139413,14.1838960647583,13895100,0.0,0.0
2022-11-09 00:00:00-05:00,14.043924800798932,14.137239380618421,12.504224889593482,12.728181838989258,15284200,0.0,0.0
2022-11-10 00:00:00-05:00,13.400051231639742,13.633339037210977,12.980133359595987,13.614676475524902,12970500,0.0,0.0
2022-11-11 00:00:00-05:00,13.6146769767246,14.435850189356037,13.39072088871304,14.417186737060547,11014000,0.0,0.0
2022-11-14 00:00:00-05:00,14.239888013894554,14.473175821894442,13.93194817852849,14.286545753479004,5433800,0.0,0.0
2022-11-15 00:00:00-05:00,14.379862063864184,14.482509281220386,13.773314046435141,13.866628646850586,4940900,0.0,0.0
2022-11-16 00:00:00-05:00,13.7826443633607,13.931948420688194,13.577350839574203,13.745317459106445,3995600,0.0,0.0
2022-11-17 00:00:00-05:00,13.493364461047449,13.679994496416404,13.269408418604701,13.465370178222656,3751100,0.0,0.0
2022-11-18 00:00:00-05:00,13.568733411553673,13.982185636003846,13.408991524984827,13.944599151611328,3902200,0.1,0.0
2022-11-21 00:00:00-05:00,13.766064198864472,13.963393487749821,13.625115090860325,13.925806999206543,2618700,0.0,0.0
2022-11-22 00:00:00-05:00,14.076151384817509,14.724519360104509,14.029168951473284,14.70572566986084,5731600,0.0,0.0
2022-11-23 00:00:00-05:00,14.630554369623951,15.100385925705723,14.452018772611211,15.0346097946167,4288800,0.0,0.0
2022-11-25 00:00:00-05:00,14.968832153078184,14.968832153078184,14.696329913893251,14.818486213684082,1793600,0.0,0.0
2022-11-28 00:00:00-05:00,14.724520824186218,14.74331362016601,13.925806832062403,14.04796314239502,3764000,0.0,0.0
2022-11-29 00:00:00-05:00,14.23589402921431,14.733916062249069,14.23589402921431,14.32986068725586,3008600,0.0,0.0
2022-11-30 00:00:00-05:00,14.686934012491985,15.41987096220608,14.470811038624632,15.401077270507812,6455500,0.0,0.0
2022-12-01 00:00:00-05:00,15.645387481818034,16.46289502242871,15.448059126101725,16.444101333618164,9293900,0.0,0.0
2022-12-02 00:00:00-05:00,16.021252253619963,16.528671096551292,15.88030317244953,16.38772201538086,4360800,0.0,0.0
2022-12-05 00:00:00-05:00,16.218584557705658,16.350136811988996,15.551422856129339,15.589010238647461,4056800,0.0,0.0
2022-12-06 00:00:00-05:00,15.861511963524837,15.917893038619637,15.354094833527231,15.401077270507812,2836500,0.0,0.0
2022-12-07 00:00:00-05:00,15.607805910688334,16.105826246401755,15.570218523400008,15.964877128601074,4681900,0.0,0.0
2022-12-08 00:00:00-05:00,16.19039285050396,16.227980230305104,15.57021542190446,15.682975769042969,2762600,0.0,0.0
2022-12-09 00:00:00-05:00,15.823925171927577,15.9742711095777,15.372887358977206,15.438663482666016,3848100,0.0,0.0
2022-12-12 00:00:00-05:00,15.382283913260471,15.448060035705566,15.05340150877008,15.448060035705566,2409500,0.0,0.0
2022-12-13 00:00:00-05:00,16.16220497302799,16.256169843030644,15.335300495790552,15.598406791687012,6465800,0.0,0.0
2022-12-14 00:00:00-05:00,15.542027511232417,15.72056219804947,15.23193698806962,15.598406791687012,2905800,0.0,0.0
2022-12-15 00:00:00-05:00,15.147368628208044,15.222541597905096,14.818486213684082,14.818486213684082,2400100,0.0,0.0
2022-12-16 00:00:00-05:00,14.668139567811657,15.166160722526989,14.658743618577404,15.015814781188965,3350700,0.0,0.0
2022-12-19 00:00:00-05:00,15.081590911485629,15.128575138334941,14.705726058016095,14.75270938873291,3254800,0.0,0.0
2022-12-20 00:00:00-05:00,15.100386642081022,15.908497530403992,15.034610507871522,15.711167335510254,4738900,0.0,0.0
2022-12-21 00:00:00-05:00,16.040047373720935,16.115220343204246,15.692373061959977,15.814528465270996,3107400,0.0,0.0
2022-12-22 00:00:00-05:00,15.617199900052858,15.711164766550507,14.987624720155438,15.701767921447754,3371800,0.0,0.0
2022-12-23 00:00:00-05:00,15.8239258958904,15.899098868154711,15.23193717107704,15.795735359191895,2701300,0.0,0.0
2022-12-27 00:00:00-05:00,15.936684114871017,16.62263948830524,15.823925555035936,16.27496337890625,2631800,0.0,0.0
2022-12-28 00:00:00-05:00,16.143413319589484,16.16220701286798,15.645391201300754,15.711167335510254,2657600,0.0,0.0
2022-12-29 00:00:00-05:00,15.899098084075694,16.152807525055213,15.664182333301683,15.701767921447754,2936100,0.0,0.0
2022-12-30 00:00:00-05:00,15.692372804901748,15.75814892808904,15.222541305261156,15.354093551635742,2830800,0.0,0.0
2023-01-03 00:00:00-05:00,15.786339889790751,16.38772551259572,15.748754296514608,16.134016036987305,5326800,0.0,0.0
2023-01-04 00:00:00-05:00,16.472297923581436,16.913939019428728,16.350140693661345,16.810575485229492,5695200,0.0,0.0
2023-01-05 00:00:00-05:00,16.340739619076878,16.41591259025046,15.78633828457233,16.359533309936523,4532600,0.0,0.0
2023-01-06 00:00:00-05:00,16.726001702867876,16.904538185587317,16.199790892619315,16.66962242126465,4087200,0.0,0.0
2023-01-09 00:00:00-05:00,16.86695438947929,16.942127370368393,16.51927823270141,16.528675079345703,3030600,0.0,0.0
2023-01-10 00:00:00-05:00,16.528674970491505,16.998506546020508,16.331344776791408,16.998506546020508,2598500,0.0,0.0
2023-01-11 00:00:00-05:00,17.261614337624138,17.402563463784787,16.92333500102628,17.15825080871582,4350800,0.0,0.0
2023-01-12 00:00:00-05:00,17.430751183409733,17.53411470620873,16.91393715394529,17.393165588378906,3541300,0.0,0.0
2023-01-13 00:00:00-05:00,17.2897998102459,17.703252055244647,17.261611065716124,17.665664672851562,3838100,0.0,0.0
2023-01-17 00:00:00-05:00,17.440145929442735,17.59988872167844,17.16764457343186,17.28040313720703,3034500,0.0,0.0
2023-01-18 00:00:00-05:00,17.571699106408833,18.041530614149547,17.03608968208184,17.07367706298828,3424400,0.0,0.0
2023-01-19 00:00:00-05:00,17.130056836485263,17.581094666790474,16.979710893050196,17.46833610534668,3283500,0.0,0.0
2023-01-20 00:00:00-05:00,17.374370597295762,17.9945481032473,17.21462779774672,17.92877197265625,3821200,0.0,0.0
2023-01-23 00:00:00-05:00,17.59049170033043,17.750234490970968,17.252214220117853,17.665664672851562,3639200,0.0,0.0
2023-01-24 00:00:00-05:00,17.52471399828342,17.919372516613656,17.30859194574338,17.862993240356445,2493400,0.0,0.0
2023-01-25 00:00:00-05:00,17.64687379118084,18.06032426774806,17.581095868201146,17.985151290893555,4305900,0.0,0.0
2023-01-26 00:00:00-05:00,18.00394394532918,18.06032322665377,17.364972782767033,17.665664672851562,3419400,0.0,0.0
2023-01-27 00:00:00-05:00,17.346178249194534,17.515317877219477,17.186437258576476,17.458938598632812,3747800,0.0,0.0
2023-01-30 00:00:00-05:00,17.3273876960443,17.49652733719705,17.017298951352622,17.036090850830078,3599100,0.0,0.0
2023-01-31 00:00:00-05:00,16.94212485305885,17.289799165913045,16.77298522312331,17.130056381225586,3039800,0.0,0.0
2023-02-01 00:00:00-05:00,16.979713514303633,17.787824429218503,16.81057385376189,17.618684768676758,3227300,0.0,0.0
2023-02-02 00:00:00-05:00,17.759632903932154,17.91937570867067,17.04548870582262,17.35557746887207,4526800,0.0,0.0
2023-02-03 00:00:00-05:00,16.74479534166116,16.932728669436127,16.058841742133097,16.11522102355957,5526000,0.0,0.0
2023-02-06 00:00:00-05:00,16.068240060704824,16.07763690718147,15.748754449559534,15.983670234680176,3035900,0.0,0.0
2023-02-07 00:00:00-05:00,16.011860774110126,16.284362152872163,15.80513373615423,15.983670234680176,3163700,0.0,0.0
2023-02-08 00:00:00-05:00,16.021253465947808,16.105823279502424,15.814528250739267,15.852115631103516,1884000,0.0,0.0
2023-02-09 00:00:00-05:00,15.993064840810444,16.134013933685306,15.466852265422366,15.49504280090332,3112900,0.0,0.0
2023-02-10 00:00:00-05:00,15.607805367381909,15.645390961096611,15.288319755613491,15.485648155212402,2380500,0.0,0.0
2023-02-13 00:00:00-05:00,15.438665503649043,15.551424075514708,15.20374972128619,15.316508293151855,1616900,0.0,0.0
2023-02-14 00:00:00-05:00,15.184954079672645,15.551422079600272,15.09098742033442,15.49504280090332,2000100,0.0,0.0
2023-02-15 00:00:00-05:00,15.128576238236842,15.241334806343158,14.921850105732616,15.15676498413086,3795600,0.0,0.0
2023-02-16 00:00:00-05:00,14.997022325414862,15.38228492896339,14.762106562733635,15.269524574279785,3385100,0.0,0.0
2023-02-17 00:00:00-05:00,15.034608083958174,15.335299958874947,14.950038270104713,15.23193645477295,4783900,0.0,0.0
2023-02-21 00:00:00-05:00,15.184954398549005,15.260127369145188,14.668139553600872,14.724519729614258,4664800,0.0,0.0
2023-02-22 00:00:00-05:00,14.69633020387404,14.884262631824859,14.60236354183238,14.809089660644531,5877000,0.0,0.0
2023-02-23 00:00:00-05:00,14.63994978140484,14.874865536428835,14.16072142608409,14.348654747009277,4901500,0.0,0.0
2023-02-24 00:00:00-05:00,14.094947049312388,14.226500211047039,13.88822090833868,14.000980377197266,3524800,0.0,0.0
2023-02-27 00:00:00-05:00,13.982186739776749,14.170119176574982,13.672097995026528,13.794254302978516,4307900,0.0,0.0
2023-02-28 00:00:00-05:00,13.747273008379011,14.094948292046913,13.540546849178506,13.963395118713379,4570300,0.0,0.0
2023-03-01 00:00:00-05:00,14.21710192858078,14.452017689007826,13.963392477175965,14.395637512207031,4485100,0.0,0.0
2023-03-02 00:00:00-05:00,14.188914556868104,14.470812797546387,14.123137524061539,14.470812797546387,3363200,0.0,0.0
2023-03-03 00:00:00-05:00,14.659971565649279,15.208538171430538,14.508642971225424,15.180163383483887,5608700,0.1,0.0
2023-03-06 00:00:00-05:00,15.085583292915917,15.44498915161606,15.019377259099162,15.274744033813477,5586800,0.0,0.0
2023-03-07 00:00:00-05:00,15.142332212621222,15.142332212621222,14.187069328054706,14.404603958129883,5172500,0.0,0.0
2023-03-08 00:00:00-05:00,14.442437523988827,14.707262575000138,14.064115120554492,14.253275871276855,3874000,0.0,0.0
2023-03-09 00:00:00-05:00,14.35731422173672,14.726177441163602,14.35731422173672,14.395146369934082,3488300,0.0,0.0
2023-03-10 00:00:00-05:00,14.716720581054688,15.208538524344856,14.555933720250888,14.716720581054688,5195900,0.0,0.0
2023-03-13 00:00:00-04:00,15.577399996519913,16.078677048038244,15.435529677480078,15.870600700378418,8651300,0.0,0.0
2023-03-14 00:00:00-04:00,15.936807472500819,16.29621241776771,15.69089806616913,16.135425567626953,4796500,0.0,0.0
2023-03-15 00:00:00-04:00,16.504289809136733,16.646160128176568,15.671980810539464,15.870600700378418,5238700,0.0,0.0
2023-03-16 00:00:00-04:00,15.898978481024429,15.946269804298934,15.35987002355175,15.567946434020996,4379200,0.0,0.0
2023-03-17 00:00:00-04:00,15.889516705097755,16.901529151782942,15.851685458817641,16.62724494934082,9009700,0.0,0.0
2023-03-20 00:00:00-04:00,16.816407540491678,17.06231696909941,16.693451924198197,16.863697052001953,5083700,0.0,0.0
2023-03-21 00:00:00-04:00,16.61778564798118,16.674533415843555,15.832767943965452,16.11651039123535,5197800,0.0,0.0
2023-03-22 00:00:00-04:00,16.154343199050967,16.80694890657351,16.050304111248753,16.513748168945312,4222700,0.0,0.0
2023-03-23 00:00:00-04:00,16.64616372121462,17.21364692384295,16.48537684386958,16.977195739746094,5083600,0.0,0.0
2023-03-24 00:00:00-04:00,17.137984191451608,17.412266652131322,16.844783397371817,17.033945083618164,5174500,0.0,0.0
2023-03-27 00:00:00-04:00,16.608331853609997,17.128525578212866,16.53266754144697,17.0906925201416,2414000,0.0,0.0
2023-03-28 00:00:00-04:00,17.16635438004934,17.497386374966172,16.731285098257516,17.478469848632812,4122300,0.0,0.0
2023-03-29 00:00:00-04:00,17.36497441830948,17.54467600777758,17.204187551325898,17.346057891845703,3638300,0.0,0.0
2023-03-30 00:00:00-04:00,17.573051361427282,17.714921706499986,17.346058448515095,17.364974975585938,7348700,0.0,0.0
2023-03-31 00:00:00-04:00,17.450095172024774,17.563590711067604,17.005565866166325,17.21364402770996,9713300,0.0,0.0
2023-04-03 00:00:00-04:00,17.27985307011781,17.733838913344375,17.0244853568106,17.45955467224121,5294100,0.0,0.0
2023-04-04 00:00:00-04:00,17.402804151869095,18.159448908720247,17.16635300359919,18.0364933013916,8334600,0.0,0.0
2023-04-05 00:00:00-04:00,18.2256566487773,18.424274766018403,17.83787687361006,17.960830688476562,6954300,0.0,0.0
2023-04-06 00:00:00-04:00,17.941913907047496,18.40535797800674,17.64871496500782,18.358068466186523,5089000,0.0,0.0
2023-04-10 00:00:00-04:00,18.07432476934658,18.131072534851228,17.80004059544604,17.97974395751953,4526100,0.0,0.0
2023-04-11 00:00:00-04:00,18.13107394875149,18.33915030781408,17.856789753461676,17.894622802734375,5835200,0.0,0.0
2023-04-12 00:00:00-04:00,18.25402792484493,18.386441794581863,17.73383612024278,18.0364933013916,6995400,0.0,0.0
2023-04-13 00:00:00-04:00,18.426317245064542,18.873189895904265,18.207635887221873,18.53090476989746,6880800,0.1,0.0
2023-04-14 00:00:00-04:00,18.169603256062793,18.426315259415425,17.45651052938515,17.80830192565918,6035000,0.0,0.0
2023-04-17 00:00:00-04:00,17.703722114386863,17.72273654850506,16.94308853149414,16.94308853149414,6641900,0.0,0.0
2023-04-18 00:00:00-04:00,17.085702926123837,17.237829245854794,16.867021568196684,16.952592849731445,4092600,0.0,0.0
2023-04-19 00:00:00-04:00,16.733915359364605,16.943088643966828,16.553264632873613,16.667360305786133,5122500,0.0,0.0
2023-04-20 00:00:00-04:00,16.743417675200938,16.809972705692505,16.410640709254523,16.477195739746094,4655700,0.0,0.0
2023-04-21 00:00:00-04:00,16.353595737589956,16.54375273103383,15.96377181551791,16.27753257751465,4073500,0.0,0.0
2023-04-24 00:00:00-04:00,16.277534439265878,16.553262746017133,16.163438779358774,16.41064453125,3344000,0.0,0.0
2023-04-25 00:00:00-04:00,16.372612052794555,16.429660789536772,15.92574116258115,16.33458137512207,3411800,0.0,0.0
2023-04-26 00:00:00-04:00,16.61981588766026,16.66735649612795,16.068357523856527,16.11589813232422,2966600,0.0,0.0
2023-04-27 00:00:00-04:00,16.14442252417303,16.781452242343036,15.944757386315816,16.7529296875,5356100,0.0,0.0
2023-04-28 00:00:00-04:00,16.73391335439831,17.09521295060215,16.63883394061131,16.933578491210938,8606800,0.0,0.0
2023-05-01 00:00:00-04:00,17.20931067176991,17.3899613982609,16.657852181919324,16.667360305786133,4209600,0.0,0.0
2023-05-02 00:00:00-04:00,16.591291504664692,17.351923021298795,16.458179629137287,17.304384231567383,5545700,0.0,0.0
2023-05-03 00:00:00-04:00,17.30438993067235,17.323404364734063,16.85751718067224,17.08570671081543,4625000,0.0,0.0
2023-05-04 00:00:00-04:00,17.275861713905684,17.694209999459158,17.171274189145123,17.332908630371094,5680200,0.0,0.0
2023-05-05 00:00:00-04:00,17.000133571190897,17.380451227107947,16.80046843397453,17.22832489013672,2800900,0.0,0.0
2023-05-08 00:00:00-04:00,17.247339285242084,17.361434944470897,16.92407036649759,17.019149780273438,2127600,0.0,0.0
2023-05-09 00:00:00-04:00,17.085704825869836,17.16176799419272,16.89554781180712,17.019149780273438,1876100,0.0,0.0
2023-05-10 00:00:00-04:00,17.066690422899434,17.076196732153086,16.325073170374708,16.695880889892578,4159400,0.0,0.0
2023-05-11 00:00:00-04:00,16.543750764384725,17.56109608951266,15.859182405085475,16.039833068847656,6595400,0.0,0.0
2023-05-12 00:00:00-04:00,16.020818730012042,16.087373768382736,15.364772841021718,15.6405029296875,5311000,0.0,0.0
2023-05-15 00:00:00-04:00,15.640501045180427,16.096879950581275,15.62148480408325,15.802135467529297,2529000,0.0,0.0
2023-05-16 00:00:00-04:00,15.64050291884637,15.745088630432635,15.326742157110006,15.39329719543457,3376000,0.0,0.0
2023-05-17 00:00:00-04:00,15.383790039465419,15.526408246755036,15.079536473572748,15.488377571105957,4043400,0.0,0.0
2023-05-18 00:00:00-04:00,15.165106761771103,15.165106761771103,14.708727803108875,14.917901039123535,6542100,0.0,0.0
2023-05-19 00:00:00-04:00,15.051012980006506,15.174615849196824,14.7847919038436,14.955933570861816,6450600,0.0,0.0
2023-05-22 00:00:00-04:00,14.870362263015267,15.022488582760587,14.765774738132066,14.775282859802246,2104900,0.0,0.0
2023-05-23 00:00:00-04:00,14.775283783722806,15.079536442238819,14.604141209935324,15.041504859924316,3067200,0.0,0.0
2023-05-24 00:00:00-04:00,15.003471355793154,15.089042631725944,14.575615882873535,14.575615882873535,2741700,0.0,0.0
2023-05-25 00:00:00-04:00,14.471030199262879,14.490045535831191,14.128745073589387,14.242839813232422,5184600,0.0,0.0
2023-05-26 00:00:00-04:00,14.518570892773308,14.556602475252806,14.08120724088686,14.176285743713379,4694200,0.0,0.0
2023-05-30 00:00:00-04:00,14.20480919947431,14.280873271154126,13.948096244503558,14.214317321777344,4270500,0.0,0.0
2023-05-31 00:00:00-04:00,14.366442674904784,14.556601481059166,14.100221615730792,14.480537414550781,4959300,0.0,0.0
2023-06-01 00:00:00-04:00,14.642172790126565,15.193631186979095,14.518570827680692,14.955933570861816,5273000,0.0,0.0
2023-06-02 00:00:00-04:00,14.927410168966647,15.108060865696402,14.613649387009124,14.756268501281738,4055800,0.0,0.0
2023-06-05 00:00:00-04:00,14.765775716837686,14.87036324865316,14.537586222094843,14.756268501281738,2593900,0.0,0.0
2023-06-06 00:00:00-04:00,14.670696262094749,14.870362283724647,14.585124980432738,14.832330703735352,2942200,0.0,0.0
2023-06-07 00:00:00-04:00,14.908395812374753,15.260187293199737,14.509063716918678,14.594635009765625,3641500,0.0,0.0
2023-06-08 00:00:00-04:00,14.89888574203052,15.11756710028287,14.775282880379214,14.832330703735352,2601600,0.0,0.0
2023-06-09 00:00:00-04:00,14.67069720157697,14.870363235993084,14.547094332010383,14.661189079284668,2011800,0.0,0.0
2023-06-12 00:00:00-04:00,14.566109669850539,14.680204417124825,14.413983340151491,14.661189079284668,2020600,0.0,0.0
2023-06-13 00:00:00-04:00,14.708727806171211,14.898885705653397,14.290379520566013,14.366442680358887,3496300,0.0,0.0
2023-06-14 00:00:00-04:00,14.632663710116267,14.642170924423771,14.176283873815818,14.318902969360352,3585300,0.0,0.0
2023-06-15 00:00:00-04:00,14.214316360773138,14.394967045339506,14.071698162847596,14.366442680358887,3113500,0.0,0.0
2023-06-16 00:00:00-04:00,14.356935476794,14.661188116206047,14.261856073605541,14.613648414611816,6410800,0.0,0.0
2023-06-20 00:00:00-04:00,14.33791923510074,14.423490516631277,13.824492452661913,13.862524032592773,5365100,0.0,0.0
2023-06-21 00:00:00-04:00,13.757937399331846,13.814984315793177,13.539255134911704,13.691381454467773,3468600,0.0,0.0
2023-06-22 00:00:00-04:00,13.691381454467773,13.710397697784476,13.510731676681036,13.691381454467773,2717900,0.0,0.0
2023-06-23 00:00:00-04:00,13.805475181128273,13.995633054130536,13.596301067453652,13.729411125183105,3401200,0.0,0.0
2023-06-26 00:00:00-04:00,13.843508681092132,14.03366658054167,13.691381454788115,13.929079055786133,2307900,0.0,0.0
2023-06-27 00:00:00-04:00,13.910063732226233,13.967110648742267,13.482208231378419,13.662858009338379,2770600,0.0,0.0
2023-06-28 00:00:00-04:00,13.577286714471825,13.662857995906139,13.377620693373222,13.453683853149414,2533400,0.0,0.0
2023-06-29 00:00:00-04:00,13.330081928244521,13.605811109733098,13.215986281581865,13.558271408081055,3490100,0.0,0.0
2023-06-30 00:00:00-04:00,13.643842674676415,13.891047490854822,13.520239813215017,13.862524032592773,2719300,0.0,0.0
2023-07-03 00:00:00-04:00,13.891048419972876,14.204809202074818,13.891048419972876,14.090714454650879,1684300,0.0,0.0
2023-07-05 00:00:00-04:00,14.28087231461769,14.337919231125975,13.691381465736168,13.700889587402344,3064100,0.0,0.0
2023-07-06 00:00:00-04:00,13.577286754388528,13.662858036074418,13.292049451017023,13.36811351776123,3790100,0.0,0.0
2023-07-07 00:00:00-04:00,13.52023982244564,13.814984340424953,13.47270012081351,13.67236614227295,3080800,0.0,0.0
2023-07-10 00:00:00-04:00,13.548763284183666,14.100221647070537,13.548763284183666,14.071698188781738,2373800,0.0,0.0
2023-07-11 00:00:00-04:00,14.166777617006627,14.242840781941993,13.957604366806592,14.214317321777344,2791500,0.0,0.0
2023-07-12 00:00:00-04:00,14.518571760015702,15.174616823660893,14.471032052390512,15.051013946533203,4971500,0.0,0.0
2023-07-13 00:00:00-04:00,15.108061800660844,15.26018723315926,14.936919215640305,14.984458923339844,4727100,0.0,0.0
2023-07-14 00:00:00-04:00,15.136584296894165,15.374281913482648,14.946426384972268,15.108060836791992,4212200,0.0,0.0
2023-07-17 00:00:00-04:00,14.95593264705465,15.345756568328994,14.85134602885122,15.2982177734375,2770500,0.0,0.0
2023-07-18 00:00:00-04:00,15.450343181390464,15.868691443001865,15.307724991644594,15.716565132141113,3854300,0.0,0.0
2023-07-19 00:00:00-04:00,15.754598609378629,16.03983685316672,15.659519194782598,16.01131248474121,3782100,0.0,0.0
2023-07-20 00:00:00-04:00,16.011309544674646,16.058848336498883,15.412310612152751,15.421818733215332,2914800,0.0,0.0
2023-07-21 00:00:00-04:00,15.3457575312779,15.621487636719259,15.250679935528778,15.554932594299316,3046300,0.0,0.0
2023-07-24 00:00:00-04:00,15.497883821813996,15.583455108564817,15.212647408303855,15.269694328308105,2443000,0.0,0.0
2023-07-25 00:00:00-04:00,15.307726864146039,15.583455156251068,15.19363121029951,15.478869438171387,2605800,0.0,0.0
2023-07-26 00:00:00-04:00,15.43132875209326,15.57394695859447,15.17461579904219,15.412312507629395,3589400,0.0,0.0
2023-07-27 00:00:00-04:00,15.298216764884845,15.298216764884845,14.680202497850445,14.803805351257324,4826200,0.0,0.0
2023-07-28 00:00:00-04:00,14.965440755799792,15.136583318843341,14.794299099500632,15.089043617248535,2451800,0.0,0.0
2023-07-31 00:00:00-04:00,15.345758345041668,16.3155651064169,15.336250222264773,16.04934310913086,5028500,0.0,0.0
2023-08-01 00:00:00-04:00,15.726076071033022,15.878202409151564,15.42182158130694,15.497884750366211,3244100,0.0,0.0
2023-08-02 00:00:00-04:00,15.45034406430719,15.488376550940098,14.813314421116205,14.917901039123535,3207200,0.0,0.0
2023-08-03 00:00:00-04:00,14.775283826558955,14.95593361639046,14.575617792142841,14.661189079284668,2918400,0.0,0.0
2023-08-04 00:00:00-04:00,14.784790973904094,15.079535491573676,14.67069623415351,14.689711570739746,2922400,0.0,0.0
2023-08-07 00:00:00-04:00,14.613647485236687,14.756266580949317,14.509060873776223,14.670695304870605,2269400,0.0,0.0
2023-08-08 00:00:00-04:00,14.623157484247763,14.623157484247763,14.366443623043693,14.566109657287598,3033700,0.0,0.0
2023-08-09 00:00:00-04:00,14.566107733161722,14.566107733161722,14.252346993188503,14.29037857055664,3205000,0.0,0.0
2023-08-10 00:00:00-04:00,14.375951726298968,14.908394785826092,14.337920143957348,14.841838836669922,6163600,0.0,0.0
2023-08-11 00:00:00-04:00,14.68971157464318,15.089043617248535,14.651679994716213,15.089043617248535,2172600,0.0,0.0
2023-08-14 00:00:00-04:00,14.917901994942367,15.12707615110361,14.670697163200296,15.003473281860352,2653800,0.0,0.0
2023-08-15 00:00:00-04:00,14.841837879013857,15.003472320222539,14.594633063116218,14.680203437805176,4533500,0.0,0.0
2023-08-16 00:00:00-04:00,14.727743160066893,14.879869479831541,14.46152210047876,14.499553680419922,2191300,0.0,0.0
2023-08-17 00:00:00-04:00,14.756266580949317,14.78479003739411,14.480536510587097,14.670695304870605,2308800,0.0,0.0
2023-08-18 00:00:00-04:00,14.56542766923488,14.718546339647666,14.469728043897256,14.594137191772461,1814100,0.1,0.0
2023-08-21 00:00:00-04:00,14.71854620464067,14.775965249189152,14.37402919937201,14.632416725158691,2427100,0.0,0.0
2023-08-22 00:00:00-04:00,14.651556507176645,14.785534881584532,14.460157264892418,14.775964736938477,2607800,0.0,0.0
2023-08-23 00:00:00-04:00,15.053493261809002,15.627689190758996,14.967364693859848,15.407581329345703,4163600,0.0,0.0
2023-08-24 00:00:00-04:00,15.273601846202641,15.551129662128096,15.13005332207747,15.177902221679688,2351800,0.0,0.0
2023-08-25 00:00:00-04:00,15.22575161023869,15.417150853958335,14.833384803400037,15.02478313446045,2857100,0.0,0.0
2023-08-28 00:00:00-04:00,15.015213423564575,15.618118868318538,14.97693375624651,15.445859909057617,3312200,0.0,0.0
2023-08-29 00:00:00-04:00,15.455427645325091,15.924353725054116,15.398008609626375,15.9052152633667,3329700,0.0,0.0
2023-08-30 00:00:00-04:00,16.115757262132774,16.240165510363912,15.646831056771225,15.761669158935547,2789500,0.0,0.0
2023-08-31 00:00:00-04:00,15.64682889936935,15.91478565101908,15.618118465127534,15.838226318359375,3242000,0.0,0.0
2023-09-01 00:00:00-04:00,16.07747544002446,16.19231535866572,15.570270514765228,15.579840660095215,2606400,0.0,0.0
2023-09-05 00:00:00-04:00,15.321452057405851,15.455430440035421,14.795105934143066,14.795105934143066,4338200,0.0,0.0
2023-09-06 00:00:00-04:00,14.79510484839011,14.94822351024959,14.65155633106165,14.83338451385498,2922100,0.0,0.0
2023-09-07 00:00:00-04:00,14.699406712319343,14.84295615679849,14.59413784982875,14.680267333984375,1733300,0.0,0.0
2023-09-08 00:00:00-04:00,14.737684182965173,15.05349163598163,14.737684182965173,14.76639461517334,1909400,0.0,0.0
2023-09-11 00:00:00-04:00,14.938655369483213,15.197043830523882,14.938655369483213,15.082204818725586,1685000,0.0,0.0
2023-09-12 00:00:00-04:00,15.053493161709314,15.445859981730377,14.986503971752333,15.15876293182373,2174600,0.0,0.0
2023-09-13 00:00:00-04:00,15.206611678507654,15.311880528584359,15.130052348877468,15.187471389770508,1376900,0.0,0.0
2023-09-14 00:00:00-04:00,15.244892099723373,15.71381824513961,15.149192476607745,15.512848854064941,2357100,0.0,0.0
2023-09-15 00:00:00-04:00,15.771237546539664,16.173174509937038,15.685108066860332,15.991345405578613,6291800,0.0,0.0
2023-09-18 00:00:00-04:00,15.924356215898804,16.125325610256752,15.771237546539664,15.991345405578613,2856500,0.0,0.0
2023-09-19 00:00:00-04:00,15.962636691052255,16.077474779658072,15.36930048219384,15.484140396118164,2510400,0.0,0.0
2023-09-20 00:00:00-04:00,15.579840043498082,15.771237466567214,15.436289694548094,15.474570274353027,2862300,0.0,0.0
2023-09-21 00:00:00-04:00,15.149192164201647,15.149192164201647,14.766395504951646,14.775964736938477,3152500,0.0,0.0
2023-09-22 00:00:00-04:00,15.01521170631919,15.024781850219012,14.527146231997287,14.555855751037598,3333300,0.0,0.0
2023-09-25 00:00:00-04:00,14.594137041027565,14.60370718599433,14.192200079016033,14.364459037780762,3085700,0.0,0.0
2023-09-26 00:00:00-04:00,14.230479119160812,14.230479119160812,13.665853368231426,13.704133033752441,4662000,0.0,0.0
2023-09-27 00:00:00-04:00,13.732843059345337,13.732843059345337,13.426604831617217,13.541443824768066,4083400,0.0,0.0
2023-09-28 00:00:00-04:00,13.541444052270828,13.761552810668945,13.378755247742411,13.761552810668945,4539500,0.0,0.0
2023-09-29 00:00:00-04:00,14.086931033803449,14.16349036719429,13.713703599028664,13.85725212097168,3415700,0.0,0.0
2023-10-02 00:00:00-04:00,13.55101548163388,13.656285254933746,13.02466935311243,13.110798835754395,4738200,0.0,0.0
2023-10-03 00:00:00-04:00,13.16821961466414,13.244778956742241,12.87155147961699,13.149079322814941,3875500,0.0,0.0
2023-10-04 00:00:00-04:00,13.149077438254153,13.177787871913095,12.900259155831952,13.139507293701172,3259900,0.0,0.0
2023-10-05 00:00:00-04:00,13.062948597982691,13.254347847715175,12.928970218361066,13.235207557678223,2423200,0.0,0.0
2023-10-06 00:00:00-04:00,13.196929653355571,13.474457507353907,12.9098316530602,13.273488998413086,4574700,0.0,0.0
2023-10-09 00:00:00-04:00,13.551014349158704,13.818972007360703,13.464884873714686,13.713703155517578,2329500,0.0,0.0
2023-10-10 00:00:00-04:00,13.637143910783003,13.780692428990715,13.551014434794688,13.694563865661621,2202800,0.0,0.0
2023-10-11 00:00:00-04:00,13.905102547800308,13.981661884578864,13.608435345948218,13.962522506713867,3442800,0.0,0.0
2023-10-12 00:00:00-04:00,13.857253212149732,14.02951218217314,13.254348642386443,13.283058166503906,3349500,0.0,0.0
2023-10-13 00:00:00-04:00,13.876392080888502,14.268758883357116,13.74241279430881,14.240049362182617,6768900,0.0,0.0
2023-10-16 00:00:00-04:00,14.058221253139605,14.383598891513715,14.019941584663785,14.22091007232666,3181000,0.0,0.0
2023-10-17 00:00:00-04:00,14.134781573604421,14.622847120952843,14.134781573604421,14.47929859161377,2806800,0.0,0.0
2023-10-18 00:00:00-04:00,14.775965634054865,15.17790260700041,14.469728288061795,14.527148246765137,4144500,0.0,0.0
2023-10-19 00:00:00-04:00,14.50800773467862,14.68026669549784,14.28789987377341,14.584567070007324,4049600,0.0,0.0
2023-10-20 00:00:00-04:00,14.603707092664669,15.28317186575523,14.603707092664669,14.661126136779785,7004300,0.0,0.0
2023-10-23 00:00:00-04:00,14.517578037145922,14.737685900437342,14.125211211167807,14.536717414855957,2607600,0.0,0.0
2023-10-24 00:00:00-04:00,14.34531889602205,14.699406049516435,14.249620183343692,14.594137191772461,2739100,0.0,0.0
2023-10-25 00:00:00-04:00,14.488867290858783,14.756824944788738,14.335747718811035,14.335747718811035,2034000,0.0,0.0
2023-10-26 00:00:00-04:00,14.335746614749498,14.460155744086174,14.039079463196686,14.383596420288086,3308300,0.0,0.0
2023-10-27 00:00:00-04:00,14.335748228119831,14.536716703871942,13.991231232255883,14.469727516174316,2943700,0.0,0.0
2023-10-30 00:00:00-04:00,14.689836826493414,14.737685726533524,14.220909757230642,14.316609382629395,2249800,0.0,0.0
2023-10-31 00:00:00-04:00,14.24004829846803,14.421876469203129,13.809401862382455,13.981659889221191,3397100,0.0,0.0
2023-11-01 00:00:00-04:00,14.058220997736427,14.163490768626904,13.723274132822985,14.019941329956055,2421100,0.0,0.0
2023-11-02 00:00:00-04:00,14.240048920724108,14.259188296694022,13.637143518795115,13.809402465820312,3262500,0.0,0.0
2023-11-03 00:00:00-04:00,14.058221566560025,14.84295615679849,13.962522849566568,14.680267333984375,4351300,0.0,0.0
2023-11-06 00:00:00-05:00,14.641987115940763,14.823815310275762,14.565427780151367,14.565427780151367,3772500,0.0,0.0
2023-11-07 00:00:00-05:00,14.42187717014977,14.42187717014977,13.96252119270818,14.345317840576172,2843500,0.0,0.0
2023-11-08 00:00:00-05:00,14.000802563444989,14.000802563444989,12.96725057560743,13.034239768981934,7675300,0.0,0.0
2023-11-09 00:00:00-05:00,13.110798835754395,13.484026289649815,12.948110015799413,13.110798835754395,3625500,0.0,0.0
2023-11-10 00:00:00-05:00,13.053381084039287,13.053381084039287,12.565314575756478,12.747142791748047,4704600,0.0,0.0
2023-11-13 00:00:00-05:00,12.728001170172616,12.842840167308916,12.565312362731389,12.574882507324219,2883900,0.0,0.0
2023-11-14 00:00:00-05:00,12.909830178406905,13.570155594925096,12.890690800658454,13.436176300048828,3413600,0.0,0.0
2023-11-15 00:00:00-05:00,13.512734631539672,13.589293962158996,13.311766160499143,13.455315589904785,2322900,0.0,0.0
2023-11-16 00:00:00-05:00,13.646713860585896,14.058220032815328,13.512734576220959,13.742412567138672,4141100,0.0,0.0
2023-11-17 00:00:00-05:00,13.944791844863426,14.041161656852294,13.71350227415945,13.800235748291016,2483200,0.1,0.0
2023-11-20 00:00:00-05:00,13.559309322616222,13.867695098774098,13.424391407165313,13.742413520812988,2290400,0.0,0.0
2023-11-21 00:00:00-05:00,13.944791350986527,14.224265358257218,13.944791350986527,14.050798416137695,2748900,0.0,0.0
2023-11-22 00:00:00-05:00,14.195353686706063,14.195353686706063,13.809872611618218,13.858057975769043,2105900,0.0,0.0
2023-11-24 00:00:00-05:00,13.858057419601101,14.310998353945893,13.858057419601101,14.253175735473633,1747700,0.0,0.0
2023-11-27 00:00:00-05:00,14.532650801752565,14.600109762379644,14.272451297148546,14.465191841125488,3273600,0.0,0.0
2023-11-28 00:00:00-05:00,14.657932082242317,15.05305041899602,14.571198609479916,15.043413162231445,3357900,0.0,0.0
2023-11-29 00:00:00-05:00,14.985590708035593,15.16869398208051,14.831398283774748,15.062686920166016,3316500,0.0,0.0
2023-11-30 00:00:00-05:00,15.081961253987991,15.130146618699586,14.763939133574603,15.091598510742188,2655600,0.0,0.0
2023-12-01 00:00:00-05:00,15.043412193982505,15.61199835872412,14.908494284199815,15.592723846435547,3728000,0.0,0.0
2023-12-04 00:00:00-05:00,15.101235653621286,15.525265757014544,15.101235653621286,15.332524299621582,3928900,0.0,0.0
2023-12-05 00:00:00-05:00,15.265065406814205,15.293976257924102,14.64829476242698,14.831398963928223,3513000,0.0,0.0
2023-12-06 00:00:00-05:00,15.043412143347783,15.178330971735681,14.783212661743164,14.783212661743164,1551300,0.0,0.0
2023-12-07 00:00:00-05:00,14.86031004694583,14.879583641633413,14.551925179469304,14.754302978515625,1970700,0.0,0.0
2023-12-08 00:00:00-05:00,14.580834865206608,14.657931075911442,14.262812766284332,14.33027172088623,2193500,0.0,0.0
2023-12-11 00:00:00-05:00,14.089345682672125,14.310997975383286,13.86769430902028,14.262812614440918,3140800,0.0,0.0
2023-12-12 00:00:00-05:00,14.310997565789789,14.339908413904027,13.79059770443703,13.81950855255127,2889500,0.0,0.0
2023-12-13 00:00:00-05:00,13.80987177203942,14.995227614224094,13.742412817765096,14.975953102111816,4493300,0.0,0.0
2023-12-14 00:00:00-05:00,15.342162985076097,15.650547875128854,15.072326206279936,15.178333282470703,4988500,0.0,0.0
2023-12-15 00:00:00-05:00,15.081959948253797,15.139782564713544,14.850671320533422,15.004863739013672,5611400,0.0,0.0
2023-12-18 00:00:00-05:00,15.08196098790987,15.120509095187197,14.783213386275424,14.860309600830078,2504900,0.0,0.0
2023-12-19 00:00:00-05:00,15.06268780136892,15.621634912484543,15.033776949893495,15.563813209533691,5001800,0.0,0.0
2023-12-20 00:00:00-05:00,15.650546417636836,15.69873270104446,15.313250705317916,15.332524299621582,3761800,0.0,0.0
2023-12-21 00:00:00-05:00,15.515627537044114,15.920383101945044,15.496353024877726,15.833649635314941,3324200,0.0,0.0
2023-12-22 00:00:00-05:00,16.170947813894735,16.57570341804596,16.074577081836097,16.103487014770508,3260100,0.0,0.0
2023-12-26 00:00:00-05:00,16.180585861206055,16.24804482550629,15.968569872697977,16.180585861206055,1609100,0.0,0.0
2023-12-27 00:00:00-05:00,16.170949066586818,16.411874996337474,16.122762777765303,16.286592483520508,2602300,0.0,0.0
2023-12-28 00:00:00-05:00,16.122763416418852,16.450422840908477,15.939661026000977,15.939661026000977,2563900,0.0,0.0
2023-12-29 00:00:00-05:00,15.785463380669444,15.872196847441144,15.534902074571928,15.737278938293457,3209800,0.0,0.0
2024-01-02 00:00:00-05:00,15.718005966358373,15.843288469802658,15.303614023149334,15.342162132263184,2600400,0.0,0.0
2024-01-03 00:00:00-05:00,15.024139384875756,15.024139384875756,14.590472945402077,14.667569160461426,3585700,0.0,0.0
2024-01-04 00:00:00-05:00,14.763939963160324,14.93740691824542,14.542288559715535,14.927769660949707,2731100,0.0,0.0
2024-01-05 00:00:00-05:00,14.966317193868878,15.399983645797015,14.773576650685195,14.918131828308105,2356900,0.0,0.0
2024-01-08 00:00:00-05:00,14.81212386082007,14.908494586095776,14.571197966690153,14.869946479797363,2127300,0.0,0.0
2024-01-09 00:00:00-05:00,15.03377724955361,15.03377724955361,14.532650912340763,14.629021644592285,2028000,0.0,0.0
2024-01-10 00:00:00-05:00,14.706116948155302,14.744665054846612,14.282086855491519,14.484464645385742,2774000,0.0,0.0
2024-01-11 00:00:00-05:00,14.465192348771886,14.542288569068305,13.973703255087642,14.214629173278809,3263600,0.0,0.0
2024-01-12 00:00:00-05:00,14.561562155247524,15.014503138492255,14.561562155247524,14.927769660949707,3550400,0.0,0.0
2024-01-16 00:00:00-05:00,14.619383655618956,14.648294506223191,14.137531856604644,14.14716911315918,2607100,0.0,0.0
2024-01-17 00:00:00-05:00,13.800235863509524,13.819510377503864,13.09673264578554,13.202739715576172,6298300,0.0,0.0
2024-01-18 00:00:00-05:00,13.116005490722435,13.231649810897476,12.952175807376287,13.222013473510742,4711500,0.0,0.0
2024-01-19 00:00:00-05:00,13.241288858158127,13.26056337365709,12.923266704901103,13.10637092590332,3688600,0.0,0.0
2024-01-22 00:00:00-05:00,12.923265310687132,13.395479860753518,12.855806351837472,13.2605619430542,2799000,0.0,0.0
2024-01-23 00:00:00-05:00,13.395479175244741,13.559308854689464,13.260561264449798,13.491849899291992,2435600,0.0,0.0
2024-01-24 00:00:00-05:00,13.858057694003149,13.896605800728162,13.193101704172461,13.222013473510742,2792400,0.0,0.0
2024-01-25 00:00:00-05:00,13.37620690232982,13.588221964727655,13.337658792717434,13.482213973999023,2479400,0.0,0.0
2024-01-26 00:00:00-05:00,13.385845184326172,13.626771117613876,13.34729707176252,13.385845184326172,1871300,0.0,0.0
2024-01-29 00:00:00-05:00,13.424391429952893,13.501487644358388,13.193101867677035,13.241287231445312,5062900,0.0,0.0
2024-01-30 00:00:00-05:00,13.231651600408647,13.289474227846052,12.923266704901103,13.10637092590332,2587300,0.0,0.0
2024-01-31 00:00:00-05:00,13.17383013314069,13.405118809004435,12.942541457276944,13.029274940490723,4209800,0.0,0.0
2024-02-01 00:00:00-05:00,13.24128783082845,13.568947216413394,13.164191612933099,13.559309959411621,4159600,0.0,0.0
2024-02-02 00:00:00-05:00,13.21237794793191,13.222015205640519,12.942541165507262,13.154555320739746,3452800,0.0,0.0
2024-02-05 00:00:00-05:00,12.971451550164302,12.971451550164302,12.585970446364547,12.643792152404785,3473500,0.0,0.0
2024-02-06 00:00:00-05:00,12.701614861838639,12.894355415018246,12.595606868295267,12.855807304382324,2606100,0.0,0.0
2024-02-07 00:00:00-05:00,12.923265559392505,12.923265559392505,12.682339651367858,12.730525016784668,1879500,0.0,0.0
2024-02-08 00:00:00-05:00,12.653429409764641,12.749799226184857,12.585970446364547,12.643792152404785,2474500,0.0,0.0
2024-02-09 00:00:00-05:00,12.711250606647894,12.711250606647894,12.364317627124729,12.537784576416016,3366400,0.0,0.0
2024-02-12 00:00:00-05:00,12.508871210529927,12.76907160128957,12.499234873844204,12.672700881958008,3559800,0.0,0.0
2024-02-13 00:00:00-05:00,12.345044411865572,12.345044411865572,11.71863647519481,11.815007209777832,5345800,0.0,0.0
2024-02-14 00:00:00-05:00,11.86319191557696,11.988472576866016,11.7282730784957,11.94992446899414,3212200,0.0,0.0
2024-02-15 00:00:00-05:00,12.152303322588368,12.54742261148289,12.14266698407638,12.470325469970703,3519800,0.0,0.0
2024-02-16 00:00:00-05:00,12.393228975405222,12.797984593924689,12.31613275464527,12.643792152404785,4371100,0.0,0.0
2024-02-20 00:00:00-05:00,12.643791080251189,12.759435401584842,12.412502437583882,12.479961395263672,3039600,0.0,0.0
2024-02-21 00:00:00-05:00,12.49923765718242,12.518511253905013,12.325770691381589,12.460689544677734,2022300,0.0,0.0
2024-02-22 00:00:00-05:00,12.142666600870765,12.48959959095928,12.03665860904914,12.171577453613281,3830200,0.0,0.0
2024-02-23 00:00:00-05:00,12.229398303604153,12.412502502636594,11.95956155241144,12.383591651916504,3112200,0.0,0.0
2024-02-26 00:00:00-05:00,12.287222002052973,12.287222002052973,12.055933337882715,12.142666816711426,3957600,0.0,0.0
2024-02-27 00:00:00-05:00,12.181215350140297,12.210126204400032,11.93065216239731,12.036659240722656,5083900,0.0,0.0
2024-02-28 00:00:00-05:00,12.03665765630304,12.03665765630304,11.75718365108828,11.766820907592773,3160600,0.0,0.0
2024-02-29 00:00:00-05:00,11.94992409153302,12.190849987886988,11.911375984878761,11.959561347961426,4386800,0.0,0.0
2024-03-01 00:00:00-05:00,12.085861000296862,12.591058224140244,11.842977933416476,12.523051261901855,4791500,0.1,0.0
2024-03-04 00:00:00-05:00,12.756218575871468,13.076824144807109,12.629919271968738,12.999101638793945,4704300,0.0,0.0
2024-03-05 00:00:00-05:00,13.173977626269854,13.222553497212552,12.795079717849529,12.824225425720215,4621500,0.0,0.0
2024-03-06 00:00:00-05:00,13.076824188232422,13.261414908995333,12.960240428825527,13.076824188232422,3599400,0.0,0.0
2024-03-07 00:00:00-05:00,13.261413824229427,13.630596162081986,13.096253280281564,13.611166000366211,7046800,0.0,0.0
2024-03-08 00:00:00-05:00,13.650028092174047,13.786042012148837,13.358568236259678,13.436290740966797,4090300,0.0,0.0
2024-03-11 00:00:00-04:00,13.455721507430576,13.892910817545673,13.387713622550224,13.659743309020996,4263000,0.0,0.0
2024-03-12 00:00:00-04:00,13.465436539731728,13.630597094983463,13.300275984479992,13.572305679321289,2911200,0.0,0.0
2024-03-13 00:00:00-04:00,13.582020948649992,14.08721818340784,13.484868275714138,13.892911911010742,3330700,0.0,0.0
2024-03-14 00:00:00-04:00,13.834618522075875,13.922056569687888,13.650027808859097,13.756896018981934,3591300,0.0,0.0
2024-03-15 00:00:00-04:00,13.708319427792896,14.106648420259168,13.679173720328404,14.087217330932617,5254700,0.0,0.0
2024-03-18 00:00:00-04:00,14.01920968768699,14.067785555583871,13.756895553722439,13.786041259765625,2698400,0.0,0.0
2024-03-19 00:00:00-04:00,13.630598386313563,13.747182155208122,13.241985823331701,13.309992790222168,3369100,0.0,0.0
2024-03-20 00:00:00-04:00,13.290561491284576,13.990064044965083,13.135116479355576,13.82490348815918,4484300,0.0,0.0
2024-03-21 00:00:00-04:00,14.096934039412506,14.16494100461929,13.572306629112733,13.591736793518066,5018500,0.0,0.0
2024-03-22 00:00:00-04:00,13.523729282437298,13.73746664142111,13.397429976061654,13.446006774902344,2853100,0.0,0.0
2024-03-25 00:00:00-04:00,13.640312681362266,13.854050034667791,13.601451428627202,13.669458389282227,2217400,0.0,0.0
2024-03-26 00:00:00-04:00,13.844333924264284,13.960917677706629,13.514012826248313,13.523728370666504,2301800,0.0,0.0
2024-03-27 00:00:00-04:00,13.56258909408642,14.184370014777084,13.552873550046266,14.164938926696777,3235000,0.0,0.0
2024-03-28 00:00:00-04:00,14.27180745022583,14.757573544776442,14.27180745022583,14.650705337524414,4232700,0.0,0.0
2024-04-01 00:00:00-04:00,15.029603819827884,15.136472031310703,14.670137006812586,14.815866470336914,4425000,0.0,0.0
2024-04-02 00:00:00-04:00,15.058749841079445,15.437647751275087,15.010173043383796,15.340494155883789,7433500,0.0,0.0
2024-04-03 00:00:00-04:00,15.466792241096003,16.486900279732733,15.40849990314734,16.409177780151367,11033800,0.0,0.0
2024-04-04 00:00:00-04:00,16.370321209724718,16.574342123002918,16.07886037969031,16.214876174926758,6470900,0.0,0.0
2024-04-05 00:00:00-04:00,16.244017669125878,17.17668954196908,16.09828821016461,17.030960083007812,7969000,0.0,0.0
2024-04-08 00:00:00-04:00,17.516729344586896,17.75961243773011,17.05039239743321,17.55558967590332,8970800,0.0,0.0
2024-04-09 00:00:00-04:00,18.05106963225893,18.857441348034435,17.973347124222162,18.750572204589844,12170900,0.0,0.0
2024-04-10 00:00:00-04:00,17.749895501472054,18.81858139821324,17.6041660276098,18.48826026916504,9926100,0.0,0.0
2024-04-11 00:00:00-04:00,18.750573336647157,19.100325570454125,18.32310044316183,19.042034149169922,7595300,0.0,0.0
2024-04-12 00:00:00-04:00,19.624953679682065,20.013566238546385,18.391107183868357,18.614559173583984,13014500,0.0,0.0
2024-04-15 00:00:00-04:00,18.82829413888632,18.983741003273803,18.138507132710703,18.546550750732422,8175500,0.0,0.0
2024-04-16 00:00:00-04:00,18.012208095711806,18.410536154294153,17.67217145098158,18.26480484008789,6731300,0.0,0.0
2024-04-17 00:00:00-04:00,18.517404471718546,18.876872225492765,18.128791935915835,18.36195945739746,5161300,0.0,0.0
2024-04-18 00:00:00-04:00,18.74086031716578,18.74086031716578,18.216231947610154,18.517406463623047,4627800,0.0,0.0
2024-04-19 00:00:00-04:00,18.536836135537094,18.799150300217292,18.38139111640456,18.52712059020996,4199100,0.0,0.0
2024-04-22 00:00:00-04:00,17.6041660632616,18.14822363153954,17.497296917455813,17.720748901367188,5167300,0.0,0.0
2024-04-23 00:00:00-04:00,17.62359459513781,18.21622986643541,17.53615654353486,18.08993148803711,3467900,0.0,0.0
2024-04-24 00:00:00-04:00,17.924770929792732,18.20651432147389,17.808186243305226,18.08993148803711,2109800,0.0,0.0
2024-04-25 00:00:00-04:00,18.099642989047254,18.55626428171257,17.808184087684694,18.429964065551758,5597000,0.0,0.0
2024-04-26 00:00:00-04:00,18.740856458651383,18.818578958170363,18.274519608486933,18.47854232788086,2535900,0.0,0.0
2024-04-29 00:00:00-04:00,18.604843179188897,18.838010708882944,18.216230629698817,18.682565689086914,4104200,0.0,0.0
2024-04-30 00:00:00-04:00,17.94420101184426,18.429967164495654,17.915056228637695,17.915056228637695,4523400,0.0,0.0
2024-05-01 00:00:00-04:00,17.934482191315738,18.672846830875336,17.847046004612412,18.041351318359375,4415400,0.0,0.0
2024-05-02 00:00:00-04:00,17.749894644991127,18.08993130296255,17.681887684006984,17.856761932373047,4655500,0.0,0.0
2024-05-03 00:00:00-04:00,17.885909959094196,18.1870844610588,17.623595786552034,17.730464935302734,3882300,0.0,0.0
2024-05-06 00:00:00-04:00,18.23566157045193,18.527120516909605,18.119076880038385,18.332815170288086,3301800,0.0,0.0
2024-05-07 00:00:00-04:00,18.264805860184097,18.44939750958441,18.157938570995064,18.36195945739746,2466200,0.0,0.0
2024-05-08 00:00:00-04:00,18.060785286895413,18.50768924755367,17.963631687997733,18.099645614624023,4334300,0.0,0.0
2024-05-09 00:00:00-04:00,18.604840305676763,20.30502156852282,18.439679766021126,20.042707443237305,10806900,0.0,0.0
2024-05-10 00:00:00-04:00,20.266161089003017,20.285590323537967,19.751248386291497,19.770679473876953,5211000,0.0,0.0
2024-05-13 00:00:00-04:00,19.683244042752104,19.945558200786564,19.226624542250107,19.401498794555664,3784800,0.0,0.0
2024-05-14 00:00:00-04:00,19.43064333480975,19.828971374929306,19.372351923659473,19.7803955078125,3561200,0.0,0.0
2024-05-15 00:00:00-04:00,19.964984131515855,20.47989681722959,19.595802744831786,20.21758270263672,5909200,0.0,0.0
2024-05-16 00:00:00-04:00,19.9844165238081,20.217584023215053,19.702673156918657,20.01356315612793,4134000,0.0,0.0
2024-05-17 00:00:00-04:00,21.038648078499236,21.263191917324107,20.345496273250525,21.224140167236328,12764100,0.1,0.0
2024-05-20 00:00:00-04:00,21.438918926700477,22.141835522388956,20.76529300528556,21.917293548583984,8065300,0.0,0.0
2024-05-21 00:00:00-04:00,21.53654575426759,21.94657980136107,21.243665090096464,21.6927490234375,4982000,0.0,0.0
2024-05-22 00:00:00-04:00,21.419393916557834,21.751326324155773,20.73600322748212,20.823867797851562,7045300,0.0,0.0
2024-05-23 00:00:00-04:00,20.814104229349468,20.95078161818148,20.228341065356922,20.335731506347656,5797400,0.0,0.0
2024-05-24 00:00:00-04:00,20.550511578593802,20.882443993117576,20.462647006391045,20.54075050354004,4357200,0.0,0.0
2024-05-28 00:00:00-04:00,21.58536243187726,22.21017556622308,21.380344458363773,22.102785110473633,6006400,0.0,0.0
2024-05-29 00:00:00-04:00,21.751326951059482,21.946580109215855,21.546308993591936,21.62441062927246,3330700,0.0,0.0
2024-05-30 00:00:00-04:00,21.41939688628582,22.01492122546973,21.41939688628582,21.7025146484375,2873700,0.0,0.0
2024-05-31 00:00:00-04:00,21.84895630487021,21.99539852593774,21.05817687672044,21.47797393798828,3413500,0.0,0.0
2024-06-03 00:00:00-04:00,21.351057978106276,21.507261265142997,21.058175418344877,21.194852828979492,2931300,0.0,0.0
2024-06-04 00:00:00-04:00,20.716480287304616,20.823870746761674,19.671870093971684,19.730445861816406,5299800,0.0,0.0
2024-06-05 00:00:00-04:00,19.82807120195892,20.1795294945487,19.64258098050532,20.111190795898438,3420800,0.0,0.0
2024-06-06 00:00:00-04:00,20.306444028022746,21.155800950822446,20.16976663022804,21.097225189208984,4123100,0.0,0.0
2024-06-07 00:00:00-04:00,20.238106709062052,20.238106709062052,19.330173962741437,19.408275604248047,5666900,0.0,0.0
2024-06-10 00:00:00-04:00,19.55471649869364,19.63281813495729,18.920138609200368,19.584003448486328,5174900,0.0,0.0
2024-06-11 00:00:00-04:00,19.330172665106996,19.67186802204417,19.066580806523362,19.584003448486328,2767900,0.0,0.0
2024-06-12 00:00:00-04:00,20.29668368284498,20.50169978691091,19.681631646467274,19.808547973632812,3722400,0.0,0.0
2024-06-13 00:00:00-04:00,19.71092411514261,19.954992015015783,19.134923722474703,19.30088996887207,3312100,0.0,0.0
2024-06-14 00:00:00-04:00,19.56447961320023,19.623055375406064,19.017766292312743,19.41803741455078,3623200,0.0,0.0
2024-06-17 00:00:00-04:00,19.261834235752854,19.34969881054057,18.92013887403284,19.15444564819336,3723200,0.0,0.0
2024-06-18 00:00:00-04:00,19.134920872443846,19.68163236534509,18.949428774782877,19.457090377807617,3338900,0.0,0.0
2024-06-20 00:00:00-04:00,19.82807132889589,20.404071595621126,19.603529357010434,20.208818435668945,6126100,0.0,0.0
2024-06-21 00:00:00-04:00,20.023327406398202,20.06237729561106,19.593767452516815,19.83783531188965,11490800,0.0,0.0
2024-06-24 00:00:00-04:00,20.013562499964713,20.14047695503522,19.662104221169766,19.789020538330078,2702300,0.0,0.0
2024-06-25 00:00:00-04:00,19.632819374515794,19.681632201978765,19.20325941689963,19.310649871826172,2516200,0.0,0.0
2024-06-26 00:00:00-04:00,19.25207000961459,19.642580032348633,19.047053923560032,19.642580032348633,2835900,0.0,0.0
2024-06-27 00:00:00-04:00,19.837836321273464,20.091667131387368,19.710921847261556,19.730445861816406,2074900,0.0,0.0
2024-06-28 00:00:00-04:00,19.96475189483392,20.013564722491797,19.27159819713398,19.408275604248047,3058600,0.0,0.0
2024-07-01 00:00:00-04:00,19.418038653688253,19.584004875603963,19.09586914786246,19.144683837890625,2370900,0.0,0.0
2024-07-02 00:00:00-04:00,19.222786912423736,19.45709185575043,19.086107632248876,19.42780303955078,2162700,0.0,0.0
2024-07-03 00:00:00-04:00,20.062377979656492,20.599328405838552,19.94522644593354,20.423599243164062,3070500,0.0,0.0
2024-07-05 00:00:00-04:00,20.696953174319024,21.28271448925519,20.609088604660638,20.98983383178711,4673900,0.0,0.0
2024-07-08 00:00:00-04:00,20.696954370941103,21.038647870379396,20.57003804650124,21.028886795043945,3013100,0.0,0.0
2024-07-09 00:00:00-04:00,21.028888620196604,21.312006381745142,20.833633578922377,20.980073928833008,2643000,0.0,0.0
2024-07-10 00:00:00-04:00,21.448683580492446,22.180887184868123,21.33153204656277,22.1320743560791,3500700,0.0,0.0
2024-07-11 00:00:00-04:00,22.971664628583916,23.53790191473672,22.659256244767068,23.430511474609375,6438900,0.0,0.0
2024-07-12 00:00:00-04:00,22.942378851394942,23.567191977436472,22.86427721063975,23.15715789794922,3310500,0.0,0.0
2024-07-15 00:00:00-04:00,23.05953086864929,23.137632504747675,22.53234342841778,22.659257888793945,3301700,0.0,0.0
2024-07-16 00:00:00-04:00,22.9716670856508,23.69410770993995,22.561633016503993,23.606243133544922,6156700,0.0,0.0
2024-07-17 00:00:00-04:00,23.625769437904832,23.645293451388405,22.77641247135508,23.010717391967773,3694800,0.0,0.0
2024-07-18 00:00:00-04:00,23.147395646046935,23.147395646046935,22.307803448570525,22.395668029785156,4804900,0.0,0.0
2024-07-19 00:00:00-04:00,21.23390253262354,22.219936850692704,21.194850783587984,21.985631942749023,3017900,0.0,0.0
2024-07-22 00:00:00-04:00,21.819665390777246,22.415189657495702,21.673225058374012,22.317564010620117,2766400,0.0,0.0
2024-07-23 00:00:00-04:00,22.278513081924824,22.473768107040016,22.171122631902477,22.376140594482422,1501000,0.0,0.0
2024-07-24 00:00:00-04:00,22.551868692288156,22.961902736223934,22.09301996330655,22.17112159729004,2463200,0.0,0.0
2024-07-25 00:00:00-04:00,21.0776990544288,21.419394406787095,20.833631211614282,20.90196990966797,4477100,0.0,0.0
2024-07-26 00:00:00-04:00,21.21437728347429,21.272954908754404,20.716478641132944,20.960546493530273,2117600,0.0,0.0
2024-07-29 00:00:00-04:00,21.17532881466745,21.272956334587917,20.755531782472488,21.194852828979492,1852000,0.0,0.0
2024-07-30 00:00:00-04:00,21.28271561620817,21.80014012469601,21.1655640918535,21.60488510131836,2933500,0.0,0.0
2024-07-31 00:00:00-04:00,22.18088638124014,22.65925916198302,22.06373485155494,22.434717178344727,3908600,0.0,0.0
2024-08-01 00:00:00-04:00,22.405429614450284,22.59091984172926,21.175327413844194,21.58536148071289,3941900,0.0,0.0
2024-08-02 00:00:00-04:00,21.819666213111866,21.91729372575667,20.062376571775182,20.501699447631836,6189200,0.0,0.0
2024-08-05 00:00:00-04:00,17.63146100196548,19.252071380615234,17.43620783878366,19.252071380615234,5427400,0.0,0.0
2024-08-06 00:00:00-04:00,19.105633122281912,19.925701338340676,18.968955706968824,19.759735107421875,3777100,0.0,0.0
2024-08-07 00:00:00-04:00,20.13071925721197,20.208820903146957,18.90061693716832,18.988481521606445,3624500,0.0,0.0
2024-08-08 00:00:00-04:00,18.549159960748447,18.90061832429467,17.719328747981123,18.13912582397461,6851500,0.0,0.0
2024-08-09 00:00:00-04:00,18.441766640933075,18.666310484097334,17.89505516376829,18.65654754638672,4024100,0.0,0.0
2024-08-12 00:00:00-04:00,18.79322646791747,19.4863783425413,18.558921530209833,19.349700927734375,4384400,0.0,0.0
2024-08-13 00:00:00-04:00,19.242308224726834,19.63281827083772,19.183732462646162,19.369224548339844,2663300,0.0,0.0
2024-08-14 00:00:00-04:00,19.25207395274698,19.349701478426166,18.968956176576523,19.164209365844727,2162200,0.0,0.0
2024-08-15 00:00:00-04:00,19.515666732052864,19.789023417790037,19.13492144935008,19.63282012939453,2624800,0.0,0.0
2024-08-16 00:00:00-04:00,19.93546329981955,20.111192460660934,19.65234368244398,19.915937423706055,3183000,0.0,0.0
2024-08-19 00:00:00-04:00,19.91593698267148,20.83815334245297,19.758964224146485,20.671369552612305,3672500,0.1,0.0
2024-08-20 00:00:00-04:00,21.04417880279398,21.230582762259445,20.573258710888027,21.014745712280273,4518600,0.0,0.0
2024-08-21 00:00:00-04:00,20.955883433859555,21.230584820231456,20.661558113980277,21.171720504760742,2128200,0.0,0.0
2024-08-22 00:00:00-04:00,20.700800219547393,21.122665160346425,20.357421648808927,20.50458335876465,2701000,0.0,0.0
2024-08-23 00:00:00-04:00,20.847962450001397,21.00493519404157,20.416286468259575,20.926448822021484,3228600,0.0,0.0
2024-08-26 00:00:00-04:00,21.37774605411217,21.466041581932437,20.867583719691506,20.955881118774414,2159200,0.0,0.0
2024-08-27 00:00:00-04:00,20.87739651667838,20.87739651667838,20.44572051476754,20.79891014099121,1917300,0.0,0.0
2024-08-28 00:00:00-04:00,20.063098304274845,20.34761069508981,19.709908702044036,19.94536781311035,3992400,0.0,0.0
2024-08-29 00:00:00-04:00,20.131773045058647,20.2004483831672,19.964989279111045,20.082717895507812,1980300,0.0,0.0
2024-08-30 00:00:00-04:00,20.05328859306737,20.09253084519489,19.621612592087853,19.827638626098633,2800400,0.0,0.0
2024-09-03 00:00:00-04:00,19.445017097311048,19.484261219324857,18.463936502118663,18.78769302368164,4041200,0.0,0.0
2024-09-04 00:00:00-04:00,18.768072370597178,18.86618081172875,18.503182012183657,18.62091064453125,2899900,0.0,0.0
2024-09-05 00:00:00-04:00,19.082019677431543,19.3959651907419,18.817127448852357,18.925046920776367,2311100,0.0,0.0
2024-09-06 00:00:00-04:00,19.0329648162267,19.0329648162267,18.169614641251354,18.267723083496094,3340700,0.0,0.0
2024-09-09 00:00:00-04:00,18.356017919547945,18.620910142076657,18.346208759836056,18.454126358032227,1688200,0.0,0.0
2024-09-10 00:00:00-04:00,18.63072093434389,18.63072093434389,18.1499916503194,18.601287841796875,2195900,0.0,0.0
2024-09-11 00:00:00-04:00,18.512992966740807,18.944667111911116,18.356018338822768,18.925046920776367,2526900,0.0,0.0
2024-09-12 00:00:00-04:00,19.405775106013788,20.484962278143882,19.405775106013788,20.121963500976562,4534700,0.0,0.0
2024-09-13 00:00:00-04:00,20.377045169949113,20.926449799759315,20.377045169949113,20.79891014099121,4898100,0.0,0.0
2024-09-16 00:00:00-04:00,20.897013958833302,21.3385009335497,20.759663287260448,20.828338623046875,3649600,0.0,0.0
2024-09-17 00:00:00-04:00,20.661557647533588,21.073611589051936,20.426098519703505,20.494773864746094,2870500,0.0,0.0
2024-09-18 00:00:00-04:00,20.475155593674792,21.279641490327414,20.014046454425372,20.033668518066406,3530100,0.0,0.0
2024-09-19 00:00:00-04:00,21.16190802917805,21.16190802917805,20.27893587233546,20.622314453125,3497900,0.0,0.0
2024-09-20 00:00:00-04:00,20.99512490728237,21.220773000924773,20.740043721366394,20.94607162475586,8773500,0.0,0.0
2024-09-23 00:00:00-04:00,20.857772530669852,21.279637462792046,20.52420499695754,20.543827056884766,2343700,0.0,0.0
2024-09-24 00:00:00-04:00,20.749853528861376,21.897717862182013,20.671367158688284,21.77998924255371,5961700,0.0,0.0
2024-09-25 00:00:00-04:00,21.44642137614279,21.887906499945245,21.299257796945998,21.466041564941406,4243400,0.0,0.0
2024-09-26 00:00:00-04:00,21.76036885035561,22.358828638342832,21.603396097975814,21.927152633666992,5230700,0.0,0.0
2024-09-27 00:00:00-04:00,21.72112616135847,21.907532018845558,20.975504602673062,21.04418182373047,3391200,0.0,0.0
2024-09-30 00:00:00-04:00,20.887206896693947,20.887206896693947,20.13177438470523,20.47515296936035,3161800,0.0,0.0
2024-10-01 00:00:00-04:00,20.90682529377687,21.201150571640902,20.73023050131097,21.142284393310547,3925300,0.0,0.0
2024-10-02 00:00:00-04:00,21.260018378843974,21.64263924467102,20.965694923786693,21.132478713989258,1881700,0.0,0.0
2024-10-03 00:00:00-04:00,20.936259058697622,20.99512336766535,20.553638243513447,20.955881118774414,1789400,0.0,0.0
2024-10-04 00:00:00-04:00,20.95588279010025,21.740746543141807,20.85777435315436,21.103044509887695,2512800,0.0,0.0
2024-10-07 00:00:00-04:00,20.936259621390594,20.975501871336224,20.573258985264385,20.81852912902832,1912500,0.0,0.0
2024-10-08 00:00:00-04:00,20.65174391713262,20.808716648500596,20.327987424778353,20.779285430908203,1898700,0.0,0.0
2024-10-09 00:00:00-04:00,20.740042757874367,20.83815118963248,20.337799871802527,20.81852912902832,1580900,0.0,0.0
2024-10-10 00:00:00-04:00,20.906828050236157,22.1331788582013,20.749855296517644,22.035070419311523,3423800,0.0,0.0
2024-10-11 00:00:00-04:00,22.172421381443996,22.47655583590767,21.829042805752653,21.83885383605957,3413000,0.0,0.0
2024-10-14 00:00:00-04:00,21.652449115384798,21.87809721025096,21.299259491237557,21.61320686340332,1548900,0.0,0.0
2024-10-15 00:00:00-04:00,21.672071166559963,21.917341322930028,21.34831463500199,21.868288040161133,2025300,0.0,0.0
2024-10-16 00:00:00-04:00,22.08412435680973,22.63352896453385,21.593584060668945,21.593584060668945,2890500,0.0,0.0
2024-10-17 00:00:00-04:00,21.829045758140417,21.946776266483838,21.495478167640833,21.662261962890625,2103900,0.0,0.0
2024-10-18 00:00:00-04:00,22.133177850260267,24.09533905364802,22.025260256532608,23.948177337646484,7936700,0.0,0.0
2024-10-21 00:00:00-04:00,24.968503774903407,25.243205164619003,24.242502433121956,24.350421905517578,8451000,0.0,0.0
2024-10-22 00:00:00-04:00,24.880204045386684,25.557148296584717,24.654554090391308,25.360933303833008,5590600,0.0,0.0
2024-10-23 00:00:00-04:00,24.664365535103897,25.174527893102425,24.546636911727457,25.066608428955078,4405000,0.0,0.0
2024-10-24 00:00:00-04:00,25.321690311236463,25.341312372765092,24.28174537663516,24.880205154418945,4644500,0.0,0.0
2024-10-25 00:00:00-04:00,24.42890688695364,24.782096506401672,24.18363673372868,24.262123107910156,3063500,0.0,0.0
2024-10-28 00:00:00-04:00,24.1345842956005,24.311179111500223,23.850070009703657,23.977611541748047,2204700,0.0,0.0
2024-10-29 00:00:00-04:00,24.409287179857518,24.703612514872678,24.1051526844785,24.477964401245117,2976200,0.0,0.0
2024-10-30 00:00:00-04:00,24.340610483501052,24.340610483501052,23.536124647227457,23.87950325012207,2532200,0.0,0.0
2024-10-31 00:00:00-04:00,23.27123078591444,23.290852846703466,22.466745006191406,22.96709632873535,5408300,0.0,0.0
2024-11-01 00:00:00-04:00,23.32028579144807,23.3693390718499,22.496177956110966,22.555042266845703,2615600,0.0,0.0
2024-11-04 00:00:00-05:00,22.594288693701763,22.761072483854406,22.21166595672635,22.30977439880371,2249900,0.0,0.0
2024-11-05 00:00:00-05:00,22.564853997291465,22.721826744962904,21.936963006605698,22.113557815551758,4470800,0.0,0.0
2024-11-06 00:00:00-05:00,20.455528655089612,22.447120858445583,20.357420231528533,22.044878005981445,6492200,0.0,0.0
2024-11-07 00:00:00-05:00,22.47655603658592,23.075015791812294,22.054691085935374,22.96709632873535,3732900,0.0,0.0
2024-11-08 00:00:00-05:00,22.59428690653984,22.790501903911462,21.829043364381107,22.2116641998291,2957200,0.0,0.0
2024-11-11 00:00:00-05:00,21.142285736835376,21.554339655019664,20.63212525772463,21.279638290405273,5618600,0.0,0.0
2024-11-12 00:00:00-05:00,20.936261479351906,21.642638882424016,20.936261479351906,21.58377456665039,3551800,0.0,0.0
2024-11-13 00:00:00-05:00,21.79960927001307,22.074312499213395,20.99512351388821,21.11285400390625,3076500,0.0,0.0
2024-11-14 00:00:00-05:00,21.103042810121345,21.466041564941406,20.7596642440999,21.466041564941406,4600600,0.0,0.0
2024-11-15 00:00:00-05:00,21.672069380666233,21.819231088108808,20.975501220919515,21.004934310913086,10321600,0.0,0.0
2024-11-18 00:00:00-05:00,22.158186361062164,22.562316842021275,21.8624817730583,22.375038146972656,3785000,0.1,0.0
2024-11-19 00:00:00-05:00,22.621459778144658,22.66088618008803,22.128617533566725,22.4243221282959,2634600,0.0,0.0
2024-11-20 00:00:00-05:00,22.227182947348933,22.306037625847814,21.931478372989087,22.099044799804688,2544600,0.0,0.0
2024-11-21 00:00:00-05:00,22.542604848486395,22.591888320389387,22.059617799626174,22.58203125,2373000,0.0,0.0
2024-11-22 00:00:00-05:00,22.710173620527303,22.818597645872973,22.24690066480297,22.256757736206055,2796500,0.0,0.0
2024-11-25 00:00:00-05:00,21.537206899123376,21.63577572603888,21.093648118025612,21.379497528076172,5392900,0.0,0.0
2024-11-26 00:00:00-05:00,21.379497821481014,21.60620481046712,21.034507862564233,21.409067153930664,3336200,0.0,0.0
2024-11-27 00:00:00-05:00,21.556921336355018,21.675202426241672,21.152788952450884,21.409067153930664,4323500,0.0,0.0
2024-11-29 00:00:00-05:00,21.49777769624952,21.961050598911424,21.49777769624952,21.655487060546875,1566900,0.0,0.0
2024-12-02 00:00:00-05:00,21.65548620654261,21.65548620654261,20.85708234626757,21.03450584411621,3554200,0.0,0.0
2024-12-03 00:00:00-05:00,21.3104999232323,22.51303434804161,21.280928711130596,22.286327362060547,3152600,0.0,0.0
2024-12-04 00:00:00-05:00,22.444034920928413,22.63131360898531,22.207470883348243,22.29618263244629,2252800,0.0,0.0
2024-12-05 00:00:00-05:00,22.18775629616542,22.759453178801294,22.18775629616542,22.43417739868164,2378700,0.0,0.0
2024-12-06 00:00:00-05:00,22.345467130851688,22.394750602600432,21.793484351081194,21.852624893188477,2658900,0.0,0.0
2024-12-09 00:00:00-05:00,22.769311874789047,23.981703334552513,22.749597733969164,22.946735382080078,4218900,0.0,0.0
2024-12-10 00:00:00-05:00,23.232583153323667,23.50857548763447,22.7200267667653,22.789026260375977,2436400,0.0,0.0
2024-12-11 00:00:00-05:00,23.065015719734703,23.892990806908493,22.966446898872324,23.597286224365234,3289700,0.0,0.0
2024-12-12 00:00:00-05:00,22.670742517020646,22.99601831271527,22.315895510792362,22.355323791503906,3003400,0.0,0.0
2024-12-13 00:00:00-05:00,22.138472820136176,22.207472313913584,21.665344714497774,21.892051696777344,2645800,0.0,0.0
2024-12-16 00:00:00-05:00,21.852625138906422,22.039905717736588,21.5470634745317,21.694915771484375,3070300,0.0,0.0
2024-12-17 00:00:00-05:00,21.320356383633474,21.714631714961467,21.073935241575533,21.685060501098633,2015800,0.0,0.0
2024-12-18 00:00:00-05:00,21.50763434761782,21.57663195814855,20.305099998261376,20.35438346862793,4744300,0.0,0.0
2024-12-19 00:00:00-05:00,20.40366884352743,20.788085176970817,19.989681299802285,20.176959991455078,2638600,0.0,0.0
2024-12-20 00:00:00-05:00,20.28538703918457,20.610662850656645,20.15724888074454,20.28538703918457,5869800,0.0,0.0
2024-12-23 00:00:00-05:00,20.147391353482703,20.52195062970205,20.12767721261749,20.423381805419922,1572300,0.0,0.0
2024-12-24 00:00:00-05:00,20.53180610857878,20.53180610857878,20.255813797991596,20.452951431274414,721200,0.0,0.0
2024-12-26 00:00:00-05:00,20.492380545562817,20.728944587122246,20.393811724902083,20.53180694580078,1077400,0.0,0.0
2024-12-27 00:00:00-05:00,20.137534739432535,20.364241724388588,20.029108842260513,20.28538703918457,1203700,0.0,0.0
2024-12-30 00:00:00-05:00,19.96011223799425,20.08825040292,19.51655343624341,19.654550552368164,2738800,0.0,0.0
2024-12-31 00:00:00-05:00,19.68411895771653,20.029108911696603,19.565837869522447,19.930540084838867,1249800,0.0,0.0
2025-01-02 00:00:00-05:00,20.334671076251112,21.202074517590273,20.305101743507215,21.06407928466797,2466600,0.0,0.0
2025-01-03 00:00:00-05:00,21.02464927925592,21.03450634937805,20.541664123535156,20.541664123535156,1946700,0.0,0.0
2025-01-06 00:00:00-05:00,20.748657064612598,20.965508848347042,20.285386046710293,20.55152130126953,2431700,0.0,0.0
2025-01-07 00:00:00-05:00,21.083792096527223,21.418924996690826,20.77823040992303,20.93593978881836,3055200,0.0,0.0
2025-01-08 00:00:00-05:00,20.975366348188732,21.231644537823936,20.80779991189048,21.133075714111328,1781100,0.0,0.0
2025-01-10 00:00:00-05:00,21.685059272222645,21.694916342951664,20.965510029400367,21.02465057373047,3640000,0.0,0.0
2025-01-13 00:00:00-05:00,20.531808490116738,20.620520247379535,20.058680371411178,20.314958572387695,2246900,0.0,0.0
2025-01-14 00:00:00-05:00,20.58108898476978,21.35978054578615,20.482522051007898,21.113359451293945,3535200,0.0,0.0
2025-01-15 00:00:00-05:00,21.56677500705915,21.5864891473321,20.63037590462093,20.9063663482666,2953800,0.0,0.0
2025-01-16 00:00:00-05:00,21.20207534703982,21.68506056120686,21.123220656564467,21.142934799194336,3699900,0.0,0.0
2025-01-17 00:00:00-05:00,20.70923098292324,21.399208985316807,20.68951684227213,21.123218536376953,2043500,0.0,0.0
2025-01-21 00:00:00-05:00,21.35978374826253,21.931480697997326,21.26121491967845,21.59634780883789,2792100,0.0,0.0
2025-01-22 00:00:00-05:00,21.7441974570731,21.86248041294234,21.32035286193705,21.527347564697266,3138600,0.0,0.0
2025-01-23 00:00:00-05:00,21.172502241979746,21.60620394087826,20.995078734246537,21.50763511657715,2477700,0.0,0.0
2025-01-24 00:00:00-05:00,22.059616520533332,22.453891793071573,21.921621303171246,22.099044799804688,3026100,0.0,0.0
2025-01-27 00:00:00-05:00,21.64562982893365,21.694915179936665,21.18235880976873,21.458351135253906,2407900,0.0,0.0
2025-01-28 00:00:00-05:00,21.635776092289134,21.704773708284776,21.113362616824357,21.59634780883789,1728800,0.0,0.0
2025-01-29 00:00:00-05:00,21.64563246952371,22.296186021818396,21.57663484974625,22.256757736206055,2498300,0.0,0.0
2025-01-30 00:00:00-05:00,23.065019293968437,23.853568103019807,22.946738194639448,23.764856338500977,4554900,0.0,0.0
2025-01-31 00:00:00-05:00,23.794421975477853,23.9422761467277,22.759454056992237,22.877735137939453,3313600,0.0,0.0
2025-02-03 00:00:00-05:00,22.867881001862667,23.981703652329738,22.670743351139517,23.5184326171875,4169100,0.0,0.0
2025-02-04 00:00:00-05:00,23.88313454729589,24.050700984435167,23.676141708500047,23.853565216064453,2618700,0.0,0.0
2025-02-05 00:00:00-05:00,24.277408530787238,24.918104963068647,24.159127443012572,24.63225555419922,4073500,0.0,0.0
2025-02-06 00:00:00-05:00,24.513974393673767,24.59282907863752,24.208410844400728,24.444974899291992,2069600,0.0,0.0
2025-02-07 00:00:00-05:00,24.691397268535116,24.92796321538639,24.188699801597387,24.19855499267578,2653300,0.0,0.0
2025-02-10 00:00:00-05:00,24.819536102013572,25.125097771724132,24.543543764183525,24.80967903137207,3399100,0.0,0.0
2025-02-11 00:00:00-05:00,24.523830127370186,24.612541884924557,23.952133178710938,23.952133178710938,3119200,0.0,0.0
2025-02-12 00:00:00-05:00,24.168985285485014,25.016672708420312,24.030988171949087,24.888534545898438,3433000,0.0,0.0
2025-02-13 00:00:00-05:00,24.809677983585114,24.84910438444203,24.4548309756533,24.711109161376953,2206900,0.0,0.0
2025-02-14 00:00:00-05:00,25.263093256537417,25.292664468761483,23.902849454978618,24.10984230041504,3911400,0.0,0.0
2025-02-18 00:00:00-05:00,24.435120281029064,24.44497547184187,23.981704421834582,24.316837310791016,3247700,0.0,0.0
2025-02-19 00:00:00-05:00,24.19855645087434,24.19855645087434,23.725428288749377,23.97184944152832,2694200,0.0,0.0
2025-02-20 00:00:00-05:00,24.06055820982717,25.44051611748585,24.050701139338557,25.13495445251465,5324400,0.0,0.0
2025-02-21 00:00:00-05:00,24.87867670505253,24.89839084638247,24.070415710964983,24.090129852294922,4178600,0.0,0.0
2025-02-24 00:00:00-05:00,24.306977902231417,24.37597551154948,23.33115054178199,24.277406692504883,3743600,0.0,0.0
2025-02-25 00:00:00-05:00,23.863420349151706,24.21826736342856,23.370578109342272,24.030986785888672,3433500,0.0,0.0
2025-02-26 00:00:00-05:00,23.823994767876496,25.0068169361626,23.823994767876496,24.65196990966797,2956700,0.0,0.0
2025-02-27 00:00:00-05:00,24.405550677251895,24.602686467251626,23.518434922142717,23.557861328125,2724400,0.0,0.0
2025-02-28 00:00:00-05:00,23.084730597574367,23.49871815438998,22.700314251975563,23.488861083984375,3356000,0.0,0.0
2025-03-03 00:00:00-05:00,24.122359221019888,24.389614116300027,23.083027915493478,23.280996322631836,3908800,0.1,0.0
2025-03-04 00:00:00-05:00,23.60764422802856,23.78581542708766,22.548517531362542,23.449270248413086,2884500,0.0,0.0
2025-03-05 00:00:00-05:00,23.478962888672925,24.73605793418766,23.38987729407949,24.676668167114258,2775000,0.0,0.0
2025-03-06 00:00:00-05:00,24.320326505885205,24.765754491986904,23.89469573871396,24.260936737060547,2757000,0.0,0.0
2025-03-07 00:00:00-05:00,24.161952722299947,25.04290820406908,23.57794797497957,24.30052947998047,3114400,0.0,0.0
2025-03-10 00:00:00-04:00,23.914491014978175,24.033272430945125,22.89495697848091,23.152315139770508,2975500,0.0,0.0
2025-03-11 00:00:00-04:00,23.350285739880597,24.251038445386172,23.350285739880597,24.23124122619629,4252900,0.0,0.0
2025-03-12 00:00:00-04:00,24.102561784399292,25.171587019736904,23.904593379054067,24.99341583251953,4108800,0.0,0.0
2025-03-13 00:00:00-04:00,25.013213828701673,25.864473467045265,24.716261211446906,25.3299617767334,5637600,0.0,0.0
2025-03-14 00:00:00-04:00,25.69619946155842,25.834778097127995,25.211178956981385,25.518030166625977,3487900,0.0,0.0
2025-03-17 00:00:00-04:00,25.676406875315237,26.44847956641564,25.676406875315237,26.42868423461914,3270400,0.0,0.0
2025-03-18 00:00:00-04:00,27.09187645207261,27.1908587766329,26.290106029773128,26.329700469970703,4718800,0.0,0.0
2025-03-19 00:00:00-04:00,26.131729747251697,26.40888514036502,25.83477902374694,26.250511169433594,2584200,0.0,0.0
2025-03-20 00:00:00-04:00,25.636810006590768,26.428681730388004,25.39924905584158,26.131729125976562,2299400,0.0,0.0
2025-03-21 00:00:00-04:00,25.676404449813525,25.894168182738458,25.013212754125526,25.48833465576172,4101400,0.0,0.0
2025-03-24 00:00:00-04:00,25.617013420439907,25.963457190146872,25.478436667743786,25.60711669921875,1845600,0.0,0.0
2025-03-25 00:00:00-04:00,26.092136756089143,26.517767503737932,25.65660739942914,25.706098556518555,2653900,0.0,0.0
2025-03-26 00:00:00-04:00,25.894168182738458,25.9238640095782,25.369553236369363,25.48833465576172,2505100,0.0,0.0
2025-03-27 00:00:00-04:00,25.77538885508482,26.349494962758907,25.438843700106908,26.171323776245117,3971800,0.0,0.0
2025-03-28 00:00:00-04:00,26.54746124127563,26.725632426191567,25.498233237618763,25.666505813598633,5039400,0.0,0.0
2025-03-31 00:00:00-04:00,25.735794627804506,25.854576049099695,24.290631681851778,25.567522048950195,3690200,0.0,0.0
2025-04-01 00:00:00-04:00,25.478437674308505,25.52793072220289,24.93402736323741,25.339860916137695,3521500,0.0,0.0
2025-04-02 00:00:00-04:00,25.498233431183074,25.913965569820657,25.062704074523076,25.706098556518555,3051600,0.0,0.0
2025-04-03 00:00:00-04:00,23.3502845303129,24.98351726954046,23.09292635807604,24.171850204467773,5031000,0.0,0.0
2025-04-04 00:00:00-04:00,23.013741208911124,23.300795231289346,20.895487783509108,21.271625518798828,7602300,0.0,0.0
2025-04-07 00:00:00-04:00,20.786604064004234,22.924654616693047,20.341176078874604,21.647764205932617,4536200,0.0,0.0
2025-04-08 00:00:00-04:00,22.64749689026771,22.86526249972948,21.23202986859877,21.499284744262695,5821300,0.0,0.0
2025-04-09 00:00:00-04:00,22.499022535088397,24.40941062278675,22.112986229189396,24.161951065063477,7278700,0.0,0.0
2025-04-10 00:00:00-04:00,24.201547208723785,24.95382265588927,24.16195277046943,24.587583541870117,5467000,0.0,0.0
2025-04-11 00:00:00-04:00,25.77538787433032,26.161424171777085,25.201279900534438,25.61701202392578,6175100,0.0,0.0
2025-04-14 00:00:00-04:00,25.52793017264286,26.973093156646517,25.300265933163267,26.903804779052734,6879400,0.0,0.0
2025-04-15 00:00:00-04:00,27.072076869083055,27.378926201964706,26.775124257420174,27.180957794189453,3476100,0.0,0.0
2025-04-16 00:00:00-04:00,28.052015570473632,28.309373736657477,27.378925272449198,27.735267639160156,5238500,0.0,0.0
2025-04-17 00:00:00-04:00,27.44821615913677,27.46801337864782,26.794923019006273,26.923603057861328,3654400,0.0,0.0
2025-04-21 00:00:00-04:00,27.88374282616157,27.88374282616157,26.08223756181201,26.69593620300293,5042000,0.0,0.0
2025-04-22 00:00:00-04:00,26.567260045463325,26.87410938893667,25.676405955657884,25.874372482299805,4498000,0.0,0.0
2025-04-23 00:00:00-04:00,24.993417530494554,26.072341448194827,24.765755170457517,25.419048309326172,8040000,0.0,0.0
2025-04-24 00:00:00-04:00,25.69620016131925,25.943659724758614,25.320062455596744,25.74569320678711,3060200,0.0,0.0
2025-04-25 00:00:00-04:00,24.904330402149952,25.48833512498301,24.795447589699727,25.211179733276367,3102500,0.0,0.0
2025-04-28 00:00:00-04:00,25.14189153847828,25.438844150581957,24.805346377540776,25.428945541381836,3651800,0.0,0.0
2025-04-29 00:00:00-04:00,25.221079246585123,25.547725807679488,24.89443268549076,25.013214111328125,4140000,0.0,0.0
2025-04-30 00:00:00-04:00,24.716262454752616,24.993417867205512,24.528194531127554,24.924129486083984,3377700,0.0,0.0
2025-05-01 00:00:00-04:00,24.300530698959793,24.46880329371288,23.706629200270605,23.785816192626953,4177700,0.0,0.0
2025-05-02 00:00:00-04:00,24.152054259759247,24.270835687041753,23.073130356479517,23.30079460144043,4634900,0.0,0.0
2025-05-05 00:00:00-04:00,24.053068552486476,24.112460206409292,23.340385697112293,23.66703224182129,3291600,0.0,0.0
2025-05-06 00:00:00-04:00,24.211443064802587,24.81524501082952,23.80560952703694,24.785551071166992,4320900,0.0,0.0
2025-05-07 00:00:00-04:00,24.08276489456771,24.706362170362766,23.934289532518093,24.32032585144043,3900400,0.0,0.0
2025-05-08 00:00:00-04:00,25.300267643848553,26.250513439581134,24.99341828462838,25.290369033813477,6090600,0.0,0.0
2025-05-09 00:00:00-04:00,25.61701356083992,26.943396991810427,25.448740979658087,26.93349838256836,6555900,0.0,0.0
2025-05-12 00:00:00-04:00,24.7954468582538,25.240874816077092,22.518819688853092,22.58810806274414,20732500,0.0,0.0
2025-05-13 00:00:00-04:00,22.93455147715484,23.22160357726266,22.667294706457984,22.795974731445312,13273300,0.0,0.0
2025-05-14 00:00:00-04:00,22.25156327240798,22.48912422441626,21.855628352394188,22.3802433013916,8169100,0.0,0.0
2025-05-15 00:00:00-04:00,22.469330113889345,22.716789688324397,22.073393284419883,22.61780548095703,5251700,0.0,0.0
2025-05-16 00:00:00-04:00,22.1624769184514,22.518819278211964,21.944713191912474,22.508920669555664,7493300,0.0,0.0
2025-05-19 00:00:00-04:00,22.76627919568146,22.98404292571131,22.459429874283355,22.94445037841797,4025500,0.0,0.0
2025-05-20 00:00:00-04:00,22.85497878601691,23.670162597079486,22.795331698807793,23.660221099853516,5433800,0.1,0.0
2025-05-21 00:00:00-04:00,23.650281030805637,24.15728410627114,23.650281030805637,23.958459854125977,5198800,0.0,0.0
2025-05-22 00:00:00-04:00,23.491221256326988,23.998226277187594,23.22280839505114,23.709930419921875,4108700,0.0,0.0
2025-05-23 00:00:00-04:00,23.948518668776334,24.25669749610749,23.650281338603822,23.99822425842285,3923900,0.0,0.0
2025-05-27 00:00:00-04:00,23.799399693951177,24.415757340591856,23.59063204863008,23.958459854125977,5192800,0.0,0.0
2025-05-28 00:00:00-04:00,23.988284253560124,24.266640502878413,23.84910707697439,24.24675750732422,3695900,0.0,0.0
2025-05-29 00:00:00-04:00,24.44558361119645,24.544996692579147,23.948520100429782,24.05787467956543,3262600,0.0,0.0
2025-05-30 00:00:00-04:00,23.918695665267258,24.266640502878413,23.73975249757313,24.24675750732422,3225500,0.0,0.0
2025-06-02 00:00:00-04:00,24.80346830152385,26.235009752411013,24.753760816054143,26.00636100769043,8307000,0.0,0.0
2025-06-03 00:00:00-04:00,25.618653819740608,26.13560032641173,25.40988615906131,26.105775833129883,4723700,0.0,0.0
2025-06-04 00:00:00-04:00,26.294660713132842,26.513367977212923,25.9665988689393,26.433837890625,5267700,0.0,0.0
2025-06-05 00:00:00-04:00,27.686438263654313,28.71038789467896,27.656613770034888,28.43203353881836,15862200,0.0,0.0
2025-06-06 00:00:00-04:00,28.620918117837313,29.018568550802275,28.08408861122449,28.481739044189453,10889800,0.0,0.0
2025-06-09 00:00:00-04:00,28.988744647012116,29.48580817236712,28.640799800034237,29.038450241088867,7417000,0.0,0.0
2025-06-10 00:00:00-04:00,29.098099303803888,29.16768789414813,28.014500664065874,28.32267951965332,6257500,0.0,0.0
2025-06-11 00:00:00-04:00,28.392267064370127,28.64079881853059,28.004558134646782,28.491680145263672,6627700,0.0,0.0
2025-06-12 00:00:00-04:00,28.660681316571363,29.157744816266426,28.551326739871485,28.7899169921875,3982800,0.0,0.0
2025-06-13 00:00:00-04:00,28.779977316019906,28.978801577693233,28.48173807928976,28.839624404907227,5051400,0.0,0.0
2025-06-16 00:00:00-04:00,28.919153455000036,29.296920865977615,28.64079722323197,28.770034790039062,6008900,0.0,0.0
2025-06-17 00:00:00-04:00,29.12792007624124,29.267099144353388,28.72032816164537,29.177627563476562,5308100,0.0,0.0
2025-06-18 00:00:00-04:00,29.098097326661275,29.35657057048219,28.760093999829827,28.79985809326172,5201800,0.0,0.0
2025-06-20 00:00:00-04:00,28.57120983315093,29.306863587690895,28.372385570277494,28.50162124633789,9557000,0.0,0.0
2025-06-23 00:00:00-04:00,28.511563672855708,29.286981546775994,28.382326096437765,28.859508514404297,3993200,0.0,0.0
2025-06-24 00:00:00-04:00,28.10397051702408,28.382324861231425,27.596965523600584,28.223264694213867,4933600,0.0,0.0
2025-06-25 00:00:00-04:00,28.133793029756436,28.591092430684867,27.9946158580658,28.51156234741211,3100000,0.0,0.0
2025-06-26 00:00:00-04:00,28.849564941172417,28.97880061214673,28.382324054707247,28.95891761779785,3194800,0.0,0.0
2025-06-27 00:00:00-04:00,27.934968796163663,28.054262973112657,27.368316715289044,27.557199478149414,4917400,0.0,0.0
2025-06-30 00:00:00-04:00,27.596965136150423,28.312735877680293,27.467727567171377,28.233205795288086,4606800,0.0,0.0
2025-07-01 00:00:00-04:00,28.779976770862906,28.929095438329956,28.0642041331863,28.233205795288086,3699300,0.0,0.0
2025-07-02 00:00:00-04:00,28.511562187931364,28.670622353587174,28.094028779048184,28.61097526550293,3776700,0.0,0.0
2025-07-03 00:00:00-04:00,28.451915556226876,29.02850914001465,28.372385472123277,29.02850914001465,2691600,0.0,0.0
2025-07-07 00:00:00-04:00,28.491680883754274,29.19751206986113,27.92502877296456,29.187570571899414,4442000,0.0,0.0
2025-07-08 00:00:00-04:00,29.09809758650429,29.376451931453456,28.02444050820109,28.41214942932129,8641000,0.0,0.0
2025-07-09 00:00:00-04:00,28.4916810044513,28.74021276610642,28.20338514692773,28.660682678222656,2953900,0.0,0.0
2025-07-10 00:00:00-04:00,28.889330218542092,29.197510955148836,28.282914035204335,29.167686462402344,3941400,0.0,0.0
2025-07-11 00:00:00-04:00,29.843691899770743,30.300989392836847,29.416217002076177,30.151870727539062,7840500,0.0,0.0
2025-07-14 00:00:00-04:00,30.410346095367068,30.84776252086867,29.54545474223286,29.575279235839844,6191800,0.0,0.0
2025-07-15 00:00:00-04:00,29.6249834010401,29.8933981421242,28.90921265429591,29.5156307220459,5094300,0.0,0.0
2025-07-16 00:00:00-04:00,29.774104068823167,29.774104068823167,28.362443669080218,28.750152587890625,6428500,0.0,0.0
2025-07-17 00:00:00-04:00,28.45191534343002,28.45191534343002,27.92502735509264,28.223264694213867,3894400,0.0,0.0
2025-07-18 00:00:00-04:00,28.58115152183877,28.61097601473527,27.716260189308105,27.92502784729004,5416000,0.0,0.0
2025-07-21 00:00:00-04:00,28.551325557696167,29.545452515924197,28.481736974003677,29.296920776367188,5777700,0.0,0.0
2025-07-22 00:00:00-04:00,29.68463126467317,30.3009889103964,29.366510944797092,29.97292709350586,5175600,0.0,0.0
2025-07-23 00:00:00-04:00,29.734339742361648,30.07234308910449,29.217393224267084,29.376453399658203,4848000,0.0,0.0
2025-07-24 00:00:00-04:00,28.9589177824474,29.555394343278227,28.61097486009724,29.09809684753418,3868400,0.0,0.0
2025-07-25 00:00:00-04:00,28.710387374641332,29.247216873186215,28.422091526129556,28.968860626220703,4200200,0.0,0.0
2025-07-28 00:00:00-04:00,28.63085564642266,28.730268721502284,27.97473200550253,28.342559814453125,3253300,0.0,0.0
2025-07-29 00:00:00-04:00,28.382325259988534,28.392266757585148,27.86538065799205,28.21332359313965,3596200,0.0,0.0
2025-07-30 00:00:00-04:00,27.93496938882206,28.153676648633073,27.020372462840058,27.209257125854492,4521700,0.0,0.0
2025-07-31 00:00:00-04:00,27.268904797737758,27.288787793457807,26.612781108150838,26.861312866210938,3874700,0.0,0.0
2025-08-01 00:00:00-04:00,27.38819897976438,27.457789464784547,26.612781108150838,26.861312866210938,5123300,0.0,0.0
2025-08-04 00:00:00-04:00,27.139664665200485,27.9747314453125,27.139664665200485,27.9747314453125,3382500,0.0,0.0
2025-08-05 00:00:00-04:00,27.855439430652268,29.008626616992977,27.706320757549847,28.968860626220703,5692800,0.0,0.0
2025-08-06 00:00:00-04:00,29.12792007624124,29.217391657118064,28.730269659092432,29.177627563476562,5780200,0.0,0.0
2025-08-07 00:00:00-04:00,30.11210640035993,31.394529187304236,29.58521843119014,31.255352020263672,11991300,0.0,0.0
2025-08-08 00:00:00-04:00,31.44423737425151,31.931359395281465,30.927292755618744,31.762359619140625,7555000,0.0,0.0
2025-08-11 00:00:00-04:00,30.81793694879588,31.63312078405796,30.51969960775011,31.36470603942871,4777700,0.0,0.0
2025-08-12 00:00:00-04:00,31.653002647512075,31.90153438821418,31.145997668942172,31.822002410888672,3324200,0.0,0.0
2025-08-13 00:00:00-04:00,32.3091268741086,32.3091268741086,30.957113573532794,31.47406005859375,4923100,0.0,0.0
2025-08-14 00:00:00-04:00,31.275234308261926,31.87171277979339,31.036644057337394,31.225528717041016,3023200,0.0,0.0
2025-08-15 00:00:00-04:00,31.245411935241638,31.6629453513796,30.947172697344936,31.553590774536133,3428300,0.0,0.0
2025-08-18 00:00:00-04:00,31.434296682309423,31.56353235844888,31.056527359169255,31.50388526916504,2305700,0.0,0.0
2025-08-19 00:00:00-04:00,31.484002072461447,31.613237747773542,30.410344991491883,30.460050582885742,3603900,0.0,0.0
2025-08-20 00:00:00-04:00,30.589287900256483,31.096292892078868,30.499816319573313,31.08635139465332,5179100,0.0,0.0
2025-08-21 00:00:00-04:00,31.066468300033314,32.09041788166849,30.97699671963748,31.851829528808594,4076000,0.0,0.0
2025-08-22 00:00:00-04:00,31.84188517299874,32.62724637804022,31.414412174871888,32.44830322265625,4242800,0.0,0.0
2025-08-25 00:00:00-04:00,32.27930670861098,32.57754406682987,32.209718118103034,32.319068908691406,3034800,0.0,0.0
2025-08-26 00:00:00-04:00,32.37871691337841,33.01495760285729,32.37871691337841,32.91554641723633,3467100,0.0,0.0
2025-08-27 00:00:00-04:00,32.279304402435876,32.855896081492325,32.13018383783338,32.806190490722656,3493200,0.0,0.0
2025-08-28 00:00:00-04:00,32.945368545411064,33.005017531310585,32.26936187439085,32.736602783203125,3655200,0.0,0.0
2025-08-29 00:00:00-04:00,32.756482702074,33.790375606802826,32.756482702074,33.72078323364258,4285800,0.0,0.0
2025-09-02 00:00:00-04:00,34.794442308485785,34.794442308485785,33.3032519238364,34.09855270385742,11008200,0.0,0.0
2025-09-03 00:00:00-04:00,34.57573593410807,34.704973506277845,33.49213734966963,33.840084075927734,8973800,0.0,0.0
2025-09-04 00:00:00-04:00,33.30325381844587,33.85002289879748,33.134254052205364,33.38278579711914,4856900,0.0,0.0
2025-09-05 00:00:00-04:00,34.33714817136309,34.54591393535433,33.52196431857419,34.396793365478516,6506900,0.0,0.0
2025-09-08 00:00:00-04:00,35.59968804573263,35.927747972778505,34.814326831823465,35.5400390625,9248000,0.0,0.0
2025-09-09 00:00:00-04:00,35.73886579232006,36.09675211291706,34.933621570976804,35.19209671020508,8179300,0.0,0.0
2025-09-10 00:00:00-04:00,35.6593347356058,36.27569621137131,35.251742813783366,36.027164459228516,7354700,0.0,0.0
2025-09-11 00:00:00-04:00,35.95757188199232,36.65346154262426,35.61957234153858,36.603755950927734,4577900,0.0,0.0
2025-09-12 00:00:00-04:00,37.25988141826973,37.339413402654706,36.41487494179493,36.46458053588867,6946300,0.0,0.0
2025-09-15 00:00:00-04:00,36.52422640444464,37.50840997723493,36.474517022303104,36.971580505371094,6772900,0.0,0.0
2025-09-16 00:00:00-04:00,36.99146432974988,37.16046788977752,35.82833757357446,35.997337341308594,6304900,0.0,0.0
2025-09-17 00:00:00-04:00,35.15233309983788,36.04704516959071,34.85409574325361,35.132450103759766,6620100,0.0,0.0
2025-09-18 00:00:00-04:00,35.29150741407292,35.29150741407292,34.23773146127215,35.013153076171875,5721700,0.0,0.0
2025-09-19 00:00:00-04:00,35.27162841232791,36.37511008005371,35.09268523419433,36.245872497558594,20235000,0.0,0.0
2025-09-22 00:00:00-04:00,37.52829730671341,37.9358892582204,36.32540444888716,37.15052795410156,11079500,0.0,0.0
2025-09-23 00:00:00-04:00,37.597881401411485,38.18441646071372,37.319527065570895,37.54817581176758,7162200,0.0,0.0
2025-09-24 00:00:00-04:00,37.727120462801324,37.836475039725805,36.146458378832776,36.1762809753418,4609700,0.0,0.0
2025-09-25 00:00:00-04:00,36.872171496079204,36.872171496079204,36.1862252142942,36.5838737487793,5296800,0.0,0.0
2025-09-26 00:00:00-04:00,36.86223087636024,38.28382899344169,36.68328771348133,38.13471221923828,8045800,0.0,0.0
2025-09-29 00:00:00-04:00,39.23819693059536,39.367430720113845,38.37330364342113,38.58207321166992,7180200,0.0,0.0
2025-09-30 00:00:00-04:00,37.587945513250595,38.89024953510911,37.329470353901264,38.502540588378906,6391900,0.0,0.0
2025-10-01 00:00:00-04:00,39.337606527566365,40.10308480068132,38.72124882683117,39.04930877685547,6115200,0.0,0.0
2025-10-02 00:00:00-04:00,39.596083383378904,39.685551179901516,37.33941445860275,38.9598388671875,6461600,0.0,0.0
2025-10-03 00:00:00-04:00,39.2680167557674,39.526488108841754,38.52242150091105,38.84054183959961,4571800,0.0,0.0
2025-10-06 00:00:00-04:00,39.59608043432405,40.18261172674441,39.337605289307845,39.79490280151367,5506600,0.0,0.0
2025-10-07 00:00:00-04:00,39.76508210709297,39.96390827608719,38.93995483306979,39.128841400146484,4221400,0.0,0.0
2025-10-08 00:00:00-04:00,40.40131895824829,40.40131895824829,39.46684098314137,39.556312561035156,8136500,0.0,0.0
2025-10-09 00:00:00-04:00,40.31184703838292,40.600144763849826,37.806646670902275,38.32359313964844,9606900,0.0,0.0
2025-10-10 00:00:00-04:00,38.77095497428597,38.99960374085394,37.876239111808026,38.27389144897461,7380500,0.0,0.0
2025-10-13 00:00:00-04:00,39.784961932520574,41.256269398150486,39.77501853910175,40.590206146240234,7579300,0.0,0.0
2025-10-14 00:00:00-04:00,39.615958152452386,40.40131936721516,39.02942308972104,39.30778121948242,7660800,0.0,0.0
2025-10-15 00:00:00-04:00,39.963909274554496,40.958036352069314,39.8644942914267,40.76914978027344,6690600,0.0,0.0
2025-10-16 00:00:00-04:00,41.355682427554065,42.319986848447094,40.68961914586472,41.78315734863281,7425400,0.0,0.0
2025-10-17 00:00:00-04:00,40.70950195501735,41.19662206787296,37.47858916163968,38.21424102783203,9495000,0.0,0.0
2025-10-20 00:00:00-04:00,39.1785461997364,39.61596072881742,38.33353973901586,39.14872360229492,5077100,0.0,0.0
2025-10-21 00:00:00-04:00,35.83827533844714,36.0768674720564,34.51608848356352,35.23185729980469,10031500,0.0,0.0
2025-10-22 00:00:00-04:00,34.158203722804664,35.828337356657975,34.028966153247566,35.66927719116211,6979200,0.0,0.0
2025-10-23 00:00:00-04:00,36.73299453424638,36.78270012731104,35.90786727865709,36.00728225708008,3609500,0.0,0.0
2025-10-24 00:00:00-04:00,35.41080281369706,36.39499021607332,35.41080281369706,36.1265754699707,3916000,0.0,0.0
2025-10-27 00:00:00-04:00,34.92368382533067,35.46050954245544,33.55178745424807,34.526031494140625,6877100,0.0,0.0
2025-10-28 00:00:00-04:00,33.76055388363232,35.042978694960084,33.700908687389756,35.03303909301758,4958500,0.0,0.0
2025-10-29 00:00:00-04:00,36.02716640058629,36.02716640058629,34.675152989308,34.88391876220703,5232900,0.0,0.0
2025-10-30 00:00:00-04:00,34.93362210173046,35.718983340273425,34.814327923816826,35.32133102416992,4029800,0.0,0.0
2025-10-31 00:00:00-04:00,35.55992060428284,35.55992060428284,34.48626170371525,35.00320816040039,6791400,0.0,0.0
2025-11-03 00:00:00-05:00,34.88391406295096,35.321328546142425,34.2774960299695,34.476322174072266,4573500,0.0,0.0
2025-11-04 00:00:00-05:00,33.502079814380885,33.869905733271395,32.885722151752084,33.0050163269043,4404600,0.0,0.0
2025-11-05 00:00:00-05:00,33.81025505588205,33.82019844881782,33.16407482990785,33.5716667175293,4194100,0.0,0.0
2025-11-06 00:00:00-05:00,33.909671476102915,34.43655755546694,33.49213617766293,33.631317138671875,4049300,0.0,0.0
2025-11-07 00:00:00-05:00,33.88979142496664,34.64532631745122,33.42255049601934,34.60556411743164,3765200,0.0,0.0
2025-11-10 00:00:00-05:00,35.967515105734236,37.56806017993583,35.7587493462193,37.18035125732422,8869200,0.0,0.0
2025-11-11 00:00:00-05:00,37.548179164964736,37.59788475904754,36.573935110225534,37.36923599243164,4861400,0.0,0.0
2025-11-12 00:00:00-05:00,37.50841262385877,38.94989758492695,37.299646856389955,38.1446533203125,7956100,0.0,0.0
2025-11-13 00:00:00-05:00,38.71130505773796,40.5504423326643,38.43295070377245,38.82065963745117,9545000,0.0,0.0
2025-11-14 00:00:00-05:00,36.59381588534495,38.572126472745545,36.4347557185575,38.28382873535156,6313000,0.0,0.0
2025-11-17 00:00:00-05:00,37.955767548284385,38.26394827039631,36.96164059058661,37.170406341552734,5636000,0.0,0.0
2025-11-18 00:00:00-05:00,37.41894153869411,38.02535964569308,36.792640435628684,37.84641647338867,3590400,0.0,0.0
2025-11-19 00:00:00-05:00,38.63177686758795,39.705432084521824,38.10489075692647,38.82065963745117,4553200,0.0,0.0
2025-11-20 00:00:00-05:00,38.77095126818295,39.327663728541445,36.22598489663558,36.265750885009766,5216700,0.0,0.0
2025-11-21 00:00:00-05:00,35.868103483120485,36.91193606019284,35.60962834301891,36.524227142333984,4961000,0.0,0.0
2025-11-24 00:00:00-05:00,36.66340447413228,38.85048461184907,36.544106504812326,38.76101303100586,4443100,0.0,0.0
2025-11-25 00:00:00-05:00,38.60195581654158,39.77502226622423,38.57212942578367,39.258079528808594,4295200,0.0,0.0
2025-11-26 00:00:00-05:00,40.01360944074425,42.349806239000806,39.72531171723196,42.339866638183594,7993600,0.0,0.0
2025-11-28 00:00:00-05:00,43.71176627494833,45.7000203145851,43.34393654716412,45.40177917480469,7336900,0.0,0.0
2025-12-01 00:00:00-05:00,46.29649203294964,46.326314628092796,44.6064754494584,45.80937194824219,9831200,0.0,0.0
2025-12-02 00:00:00-05:00,45.550898014050034,45.78949015835066,43.35387829387467,44.58659362792969,6506300,0.0,0.0
2025-12-03 00:00:00-05:00,45.173131717668646,45.64037264398786,44.02988788729382,44.17900466918945,4135500,0.0,0.0
2025-12-04 00:00:00-05:00,43.711765672379876,44.159119791296455,43.18487578037967,43.94041442871094,3362700,0.0,0.0
2025-12-05 00:00:00-05:00,44.79536238735483,45.57078020616139,43.79129202948609,44.129295349121094,4561200,0.0,0.0
2025-12-08 00:00:00-05:00,44.46730161403236,44.586595795836296,43.16499383900268,43.29423141479492,4134700,0.0,0.0
2025-12-09 00:00:00-05:00,43.940412996347966,48.49351256393757,43.78135283224644,48.12568664550781,17203900,0.0,0.0
2025-12-10 00:00:00-05:00,47.73797733594008,49.020402031519815,46.72396737610681,48.37421798706055,7430500,0.0,0.0
2025-12-11 00:00:00-05:00,49.20928437489346,51.58524719552036,48.71222089635918,50.054290771484375,8126000,0.0,0.0
2025-12-12 00:00:00-05:00,51.06830253620823,51.933195750021525,48.69233963121073,49.43793487548828,8476700,0.0,0.0
2025-12-15 00:00:00-05:00,51.08818381150139,51.09812720477477,48.2648630965117,49.05022430419922,6748300,0.0,0.0
2025-12-16 00:00:00-05:00,48.722163739798454,49.954882917210455,48.23504362210113,48.97069549560547,4885500,0.0,0.0
2025-12-17 00:00:00-05:00,50.1040045686753,50.30282694377587,48.90110796247202,49.70635223388672,5332800,0.0,0.0
2025-12-18 00:00:00-05:00,49.925057480891056,50.5215321439899,49.17946225587079,49.75605392456055,5065700,0.0,0.0
2025-12-19 00:00:00-05:00,49.95488037346748,52.03260589790642,49.85546919312422,51.4659538269043,11740100,0.0,0.0
2025-12-22 00:00:00-05:00,53.16590993475006,54.090448320828706,52.86767260201676,53.42438507080078,6952000,0.0,0.0
2025-12-23 00:00:00-05:00,53.92144838545775,54.05068216078064,52.4700201307742,53.52379608154297,5528000,0.0,0.0
2025-12-24 00:00:00-05:00,53.513858795166016,53.70274156193409,52.21155104619384,53.513858795166016,2268100,0.0,0.0
2025-12-26 00:00:00-05:00,54.67698453102019,55.521990956854914,53.275265624734864,55.064693450927734,6500200,0.0,0.0
2025-12-29 00:00:00-05:00,52.19166454353651,52.71855061015644,50.879417281253914,51.93319320678711,9207400,0.0,0.0
2025-12-30 00:00:00-05:00,53.60332614224165,53.62320913736232,52.11213563883263,52.380550384521484,5104100,0.0,0.0
2025-12-31 00:00:00-05:00,51.57531063361024,52.69867143083999,51.13789231965764,51.50572204589844,3810600,0.0,0.0
2026-01-02 00:00:00-05:00,52.58931879523856,52.837850540410216,49.31864011862921,50.74024200439453,6469600,0.0,0.0
2026-01-05 00:00:00-05:00,52.181729582119196,54.04074607025341,51.65483967636083,52.817970275878906,6028100,0.0,0.0
2026-01-06 00:00:00-05:00,53.17585351334963,55.36292982254028,53.08638193398867,55.18398666381836,6122900,0.0,0.0
2026-01-07 00:00:00-05:00,52.93726331536743,53.05655749479929,50.839654716198105,53.03667449951172,6398200,0.0,0.0
2026-01-08 00:00:00-05:00,51.098128808816476,52.8279076479318,50.92912524850434,52.778202056884766,5508000,0.0,0.0
2026-01-09 00:00:00-05:00,54.468217536030686,54.468217536030686,53.00684967821783,53.951271057128906,5179500,0.0,0.0
2026-01-12 00:00:00-05:00,55.74070034736059,56.3570580228728,55.13428227319655,55.392757415771484,7765300,0.0,0.0
2026-01-13 00:00:00-05:00,55.949467291990025,56.8541227255866,55.313226608004776,55.601524353027344,5871400,0.0,0.0
2026-01-14 00:00:00-05:00,56.77459112951168,56.81435711794802,54.56762807110836,55.78046417236328,6840300,0.0,0.0
2026-01-15 00:00:00-05:00,54.82610657933055,55.69099602345931,53.94133034746579,55.55181884765625,5955700,0.0,0.0
2026-01-16 00:00:00-05:00,54.54774500012222,54.94539729933929,53.036671572308066,54.87580871582031,7894400,0.0,0.0
2026-01-20 00:00:00-05:00,57.8681305935685,58.76284639245372,56.95353559230226,58.27572250366211,8756400,0.0,0.0
2026-01-21 00:00:00-05:00,59.48855941765889,59.89615133313036,56.21788070027195,56.87400436401367,11903000,0.0,0.0
2026-01-22 00:00:00-05:00,57.67925031452726,61.516581229075776,57.371069572251734,61.357521057128906,10081000,0.0,0.0
2026-01-23 00:00:00-05:00,62.9580661364517,64.99602198121661,62.053406905644586,64.1211929321289,11589100,0.0,0.0
2026-01-26 00:00:00-05:00,69.39999949028551,69.57894264347738,64.32995359596518,64.4393081665039,16018500,0.0,0.0
2026-01-27 00:00:00-05:00,64.56854890263853,64.65802428117802,61.456933964711844,63.932308197021484,11735600,0.0,0.0
2026-01-28 00:00:00-05:00,65.9603271002802,66.07962507465122,62.82882922276759,65.53285217285156,11709400,0.0,0.0
2026-01-29 00:00:00-05:00,66.9544539427406,67.11351790811675,60.57216023147504,62.91830062866211,14400500,0.0,0.0
2026-01-30 00:00:00-05:00,54.7962776882953,59.17043788628315,53.61326795568596,54.27933120727539,20635000,0.0,0.0
2026-02-02 00:00:00-05:00,53.931390647398146,55.84011269885766,52.2712003500741,53.315032958984375,11750200,0.0,0.0
2026-02-03 00:00:00-05:00,57.17224413805085,57.38101369763099,54.478160782229345,56.33717727661133,13208400,0.0,0.0
2026-02-04 00:00:00-05:00,57.94766670405562,58.365198245110605,54.57757660844934,57.172245025634766,8942500,0.0,0.0
2026-02-05 00:00:00-05:00,53.662974821013584,55.531934636450565,51.85366399059785,52.102195739746094,12548200,0.0,0.0
2026-02-06 00:00:00-05:00,53.18579358625079,55.07463637071727,52.73843568547783,54.88574981689453,9533500,0.0,0.0
2026-02-09 00:00:00-05:00,56.665241012270684,58.73302706600188,56.2377660837069,58.62367248535156,6636600,0.0,0.0
2026-02-10 00:00:00-05:00,57.66930637851677,59.538266225544234,57.63948378164883,58.94179153442383,6597100,0.0,0.0
2026-02-11 00:00:00-05:00,60.99963549921871,61.12887307566359,58.19619756276006,59.52832794189453,5957800,0.0,0.0
2026-02-12 00:00:00-05:00,58.55408272238134,59.090908428539564,54.19980533320582,54.26939392089844,9075000,0.0,0.0
2026-02-13 00:00:00-05:00,55.67110974962337,57.8979558082174,55.21381225825902,57.58977508544922,6726600,0.0,0.0
2026-02-17 00:00:00-05:00,55.929581735029856,56.188056871244335,53.205675957434934,55.760581970214844,8190700,0.0,0.0
2026-02-18 00:00:00-05:00,56.99330104296666,58.03713360360442,56.168173837094336,57.66930389404297,7545700,0.0,0.0
2026-02-19 00:00:00-05:00,58.15642652167534,61.1885129579365,56.933650829371736,60.85050964355469,9356300,0.0,0.0
2026-02-20 00:00:00-05:00,61.00957395963683,64.5387241108449,60.04527333209317,64.32001495361328,10838900,0.0,0.0
2026-02-23 00:00:00-05:00,64.97614624088172,65.84103952674454,63.703664798178494,64.79720306396484,8627800,0.0,0.0
2026-02-24 00:00:00-05:00,62.81888526963002,65.3240858247185,62.12299938679459,64.97614288330078,5206300,0.0,0.0
2026-02-25 00:00:00-05:00,66.07962474030745,66.07962474030745,63.80307293687713,63.92237091064453,7001600,0.0,0.0
2026-02-26 00:00:00-05:00,63.85278232402898,67.15328375248748,63.02765507076752,67.11351776123047,7373700,0.0,0.0
2026-02-27 00:00:00-05:00,67.700049345715,68.50529739895732,66.90475227106202,68.29652404785156,6155600,0.0,0.0
2026-03-02 00:00:00-05:00,68.08720813592063,68.45600413823031,64.51888989487924,66.8014144897461,6473100,0.18,0.0
2026-03-03 00:00:00-05:00,62.79452699023731,62.79452699023731,58.60822443043701,61.38912582397461,10040300,0.0,0.0
2026-03-04 00:00:00-05:00,63.06364798908974,63.75139621404476,60.71134442233695,61.648277282714844,5315000,0.0,0.0
2026-03-05 00:00:00-05:00,61.64827946963101,61.64827946963101,57.85070792451486,59.754478454589844,7652000,0.0,0.0
2026-03-06 00:00:00-05:00,59.36574935913086,60.17310515053868,57.182889502940355,59.36574935913086,6505900,0.0,0.0
2026-03-09 00:00:00-04:00,58.28926978951334,60.472125839276266,56.28582698244389,60.36248779296875,7738400,0.0,0.0
2026-03-10 00:00:00-04:00,61.837661229834175,63.980650656638836,60.95056451900764,61.30938720703125,9893800,0.0,0.0
2026-03-11 00:00:00-04:00,59.99369119782754,60.671473707446026,58.49858339171424,60.63160705566406,6584900,0.0,0.0
2026-03-12 00:00:00-04:00,60.292716641377,60.302682353897474,58.0500549009428,59.87408447265625,5524500,0.0,0.0
2026-03-13 00:00:00-04:00,59.046792932713416,59.046792932713416,55.4884328377913,55.93696594238281,7812900,0.0,0.0
2026-03-16 00:00:00-04:00,55.368825061390915,56.78419576344269,53.84381631398282,56.22602081298828,8856300,0.0,0.0
2026-03-17 00:00:00-04:00,56.61474830376555,57.76099914551028,54.9402272526153,55.62797927856445,7131700,0.0,0.0
2026-03-18 00:00:00-04:00,52.777306490422454,53.1560682005194,50.8536008026944,51.621089935302734,9949400,0.0,0.0
2026-03-19 00:00:00-04:00,47.40488766297736,48.73054798124668,45.79016844519022,48.182342529296875,15575000,0.0,0.0
2026-03-20 00:00:00-04:00,48.29198302873098,48.29198302873098,45.90977852623146,46.50782012939453,28015500,0.0,0.0
2026-03-23 00:00:00-04:00,46.717135512866015,49.527937964148386,46.109124379387225,48.979732513427734,10519700,0.0,0.0
2026-03-24 00:00:00-04:00,48.282015217739776,49.986441071182675,47.51452605850364,49.70735168457031,5934800,0.0,0.0
2026-03-25 00:00:00-04:00,52.3287728327723,52.73743547804277,50.69412225169043,51.29216384887695,6369200,0.0,0.0
2026-03-26 00:00:00-04:00,49.398364818404715,52.05965497093312,49.21895157191338,49.48807144165039,6932300,0.0,0.0
2026-03-27 00:00:00-04:00,48.730546835367676,52.02975278668624,48.72058112291459,51.5313835144043,5367000,0.0,0.0
2026-03-30 00:00:00-04:00,52.348710049913734,52.73743748308974,50.24559106298107,50.99314498901367,5585600,0.0,0.0
2026-03-31 00:00:00-04:00,52.219131979913556,54.51162988243302,52.129425358402735,54.45182800292969,5696400,0.0,0.0
2026-04-01 00:00:00-04:00,55.478468339664445,56.784197227775856,54.800685811725565,55.39873123168945,6629600,0.0,0.0
2026-04-02 00:00:00-04:00,52.70753433037154,56.07650781132156,52.50818586467932,55.58810806274414,5108400,0.0,0.0
2026-04-06 00:00:00-04:00,55.78745822332424,56.275857986739815,55.32895559762557,55.777488708496094,3648600,0.0,0.0
2026-04-07 00:00:00-04:00,55.428632465847656,56.10641499738096,54.03319694745418,56.01670837402344,5060400,0.0,0.0
2026-04-08 00:00:00-04:00,59.18633459258964,59.704639081102464,56.1363133417373,57.18288803100586,6067000,0.0,0.0
2026-04-09 00:00:00-04:00,57.2925314653987,58.478648972487555,55.95690165473093,56.66458511352539,4054000,0.0,0.0
2026-04-10 00:00:00-04:00,57.01344750227348,58.060022250194905,56.93370659083843,57.45201110839844,2867500,0.0,0.0
2026-04-13 00:00:00-04:00,56.27585802079412,57.432074594928984,56.076509548924825,57.08321762084961,3093100,0.0,0.0
2026-04-14 00:00:00-04:00,58.30920451943182,58.897280409410335,57.6613229483136,57.930442810058594,3846300,0.0,0.0
2026-04-15 00:00:00-04:00,57.56165108599455,58.53845440572861,56.594813478737365,57.15298843383789,4188000,0.0,0.0
2026-04-16 00:00:00-04:00,57.62145822341019,58.010185658178344,56.28582838467125,56.3256950378418,3977400,0.0,0.0
2026-04-17 00:00:00-04:00,58.18959950929966,60.36248992326733,57.85070823916922,58.86738204956055,6294500,0.0,0.0
2026-04-20 00:00:00-04:00,58.329139311444315,58.697931503415816,57.561650186026604,58.50855255126953,3239100,0.0,0.0
2026-04-21 00:00:00-04:00,57.84073627105753,58.09989042077265,55.40869560178273,55.42863082885742,5334400,0.0,0.0
2026-04-22 00:00:00-04:00,56.923737578021026,57.24269360075864,55.91702954192266,56.275856018066406,3500800,0.0,0.0
2026-04-23 00:00:00-04:00,55.318989220088866,55.857228946663554,53.67436910075147,54.94022750854492,4774200,0.0,0.0
2026-04-24 00:00:00-04:00,55.44856564021879,56.07650817821248,54.54153372752771,55.80739212036133,3968800,0.0,0.0
2026-04-27 00:00:00-04:00,55.25918371984491,55.43859696262491,54.25247945958452,55.049869537353516,4053000,0.0,0.0
2026-04-28 00:00:00-04:00,53.46505464395083,53.734174505853964,51.90017544130561,52.21913146972656,6122100,0.0,0.0
2026-04-29 00:00:00-04:00,51.401806095614106,51.46161177670052,50.34526187662203,51.11275100708008,4523500,0.0,0.0
2026-04-30 00:00:00-04:00,53.544797527649266,53.544797527649266,51.64102699928769,52.11946105957031,5198700,0.0,0.0
2026-05-01 00:00:00-04:00,52.22910143865183,53.25574092642009,51.56128463428621,51.64102554321289,4452100,0.0,0.0
2026-05-04 00:00:00-04:00,50.6642241963303,51.750665605866715,50.524677600271716,50.94330978393555,4151300,0.0,0.0
2026-05-05 00:00:00-04:00,51.940046692803016,51.940046692803016,50.295426556676546,50.35523223876953,3526400,0.0,0.0
2026-05-06 00:00:00-04:00,54.16277195870699,56.77422584684196,53.68433791981433,56.405433654785156,8610600,0.0,0.0
2026-05-07 00:00:00-04:00,58.8574098018587,61.13994196228645,57.601520919245644,57.621456146240234,7512000,0.0,0.0
2026-05-08 00:00:00-04:00,58.74776838266367,60.04353153096506,58.26933433807403,58.94711685180664,5956800,0.0,0.0
2026-05-11 00:00:00-04:00,60.80105175164355,62.48553853791797,60.60170328053126,62.08684539794922,6344400,0.0,0.0
2026-05-12 00:00:00-04:00,60.88079230118668,64.0603830963724,60.0634631942311,63.571983337402344,5383800,0.0,0.0
2026-05-13 00:00:00-04:00,63.78130287306424,64.72820527658571,62.07687702582323,63.45237731933594,4786700,0.0,0.0
2026-05-14 00:00:00-04:00,62.90417085301048,63.07361458238165,60.65153958806494,60.8907585144043,3632600,0.0,0.0
2026-05-15 00:00:00-04:00,57.93044457721888,58.03012071549232,55.64791614346746,56.21605682373047,7443900,0.0,0.0
2026-05-18 00:00:00-04:00,56.49514041015564,57.22275908369021,54.60133567469171,55.0099983215332,12110400,0.0,0.0
2026-05-19 00:00:00-04:00,53.689998626708984,54.400001525878906,52.66999816894531,52.869998931884766,7040300,0.18,0.0
2026-05-20 00:00:00-04:00,53.380001068115234,55.16999816894531,52.86000061035156,54.83000183105469,4154800,0.0,0.0
2026-05-21 00:00:00-04:00,53.79999923706055,55.630001068115234,53.36000061035156,54.79999923706055,2933700,0.0,0.0
2026-05-22 00:00:00-04:00,54.40999984741211,54.630001068115234,53.130001068115234,53.939998626708984,2548100,0.0,0.0
