Date,Open,High,Low,Close,Volume,Dividends,Stock Splits
2022-01-03 00:00:00-05:00,91.76973846640068,93.24895876284526,91.4796994653211,93.23929595947266,161500,0.0,0.0
2022-01-04 00:00:00-05:00,93.1232804274995,94.18677156848737,92.76555752843313,94.17710876464844,119100,0.0,0.0
2022-01-05 00:00:00-05:00,93.8387162466457,94.07075630369457,90.48387936105334,90.58056640625,187800,0.0,0.0
2022-01-06 00:00:00-05:00,89.96181446095113,90.87061226964565,89.14968895237553,89.40106201171875,198600,0.0,0.0
2022-01-07 00:00:00-05:00,89.19801931682306,89.84578116629251,87.18704989118302,87.28372955322266,167000,0.0,0.0
2022-01-10 00:00:00-05:00,86.81965657223398,87.35139835467422,85.35009928449841,87.24504852294922,186500,0.0,0.0
2022-01-11 00:00:00-05:00,87.51576551306051,87.51576551306051,85.35978020126274,86.40393829345703,183600,0.0,0.0
2022-01-12 00:00:00-05:00,86.76164916691457,87.50609804294082,85.27275879104735,85.46612548828125,170200,0.0,0.0
2022-01-13 00:00:00-05:00,85.86251720794486,86.25891341851744,83.7258649206291,84.25761413574219,142800,0.0,0.0
2022-01-14 00:00:00-05:00,83.28113543915933,84.18027035815854,82.24664751095041,82.95242309570312,161100,0.0,0.0
2022-01-18 00:00:00-05:00,81.85025308880563,82.08228574933693,80.50637851542425,80.64173889160156,197700,0.0,0.0
2022-01-19 00:00:00-05:00,81.29916787352265,82.69137866339776,81.2121583872483,81.57954406738281,215700,0.0,0.0
2022-01-20 00:00:00-05:00,81.6762423936802,83.13612251267567,80.68042030844802,81.04781341552734,276400,0.0,0.0
2022-01-21 00:00:00-05:00,81.13480697364277,83.4454855172227,80.30334861996623,80.31301879882812,215600,0.0,0.0
2022-01-24 00:00:00-05:00,79.0368483663691,83.37783038868193,78.62111908297251,82.81708526611328,270000,0.0,0.0
2022-01-25 00:00:00-05:00,81.39585772813679,81.39585772813679,79.23019478545281,79.94564056396484,217800,0.0,0.0
2022-01-26 00:00:00-05:00,81.21215566497678,82.07261720037991,77.38358349734156,78.06034851074219,295600,0.0,0.0
2022-01-27 00:00:00-05:00,78.79513164429801,80.38070180140129,78.09902623363104,78.72745513916016,260300,0.0,0.0
2022-01-28 00:00:00-05:00,78.9014717491121,80.82542419433594,77.71229059003122,80.82542419433594,204500,0.0,0.0
2022-01-31 00:00:00-05:00,80.44836215656505,82.68169375395969,80.31300917346141,82.372314453125,200600,0.0,0.0
2022-02-01 00:00:00-05:00,82.56569683708305,82.94275270121676,81.21215937230744,82.8944091796875,170100,0.0,0.0
2022-02-02 00:00:00-05:00,82.74938659738437,83.90956473691224,82.51735391995312,83.62918853759766,191800,0.0,0.0
2022-02-03 00:00:00-05:00,82.58502637676126,83.8902202655901,82.2659768508162,83.40681457519531,253500,0.0,0.0
2022-02-04 00:00:00-05:00,82.77840085080507,84.46065074599571,82.14030173900295,83.71620178222656,189000,0.0,0.0
2022-02-07 00:00:00-05:00,83.10710550355793,84.0352435450461,82.49801698838347,83.38748168945312,184200,0.0,0.0
2022-02-08 00:00:00-05:00,83.38747625287697,86.23956669308109,83.38747625287697,86.13321685791016,192400,0.0,0.0
2022-02-09 00:00:00-05:00,86.96469047567265,87.95084232501034,85.29211073054782,85.70783996582031,157300,0.0,0.0
2022-02-10 00:00:00-05:00,84.08359892579278,85.74651591743988,83.43583697882386,83.7452163696289,342100,0.0,0.0
2022-02-11 00:00:00-05:00,83.62918271187694,84.71201409143431,80.83509846917033,81.20248413085938,328900,0.0,0.0
2022-02-14 00:00:00-05:00,81.21216241670574,82.73005610968482,81.09614238639776,81.60855865478516,321000,0.0,0.0
2022-02-15 00:00:00-05:00,84.779696377043,84.779696377043,79.75227253193762,83.30047607421875,876500,0.0,0.0
2022-02-16 00:00:00-05:00,82.36267206415016,82.73005776988563,78.40840928865282,78.52442932128906,821400,0.0,0.0
2022-02-17 00:00:00-05:00,87.12904155255741,88.20220274158493,84.73134615806916,84.8280258178711,1519400,0.0,0.0
2022-02-18 00:00:00-05:00,83.69685786351795,86.04620972753052,83.16510867315465,84.15126037597656,838500,0.0,0.0
2022-02-22 00:00:00-05:00,83.4841557896715,85.02138962009029,81.17347733097498,81.19281768798828,1023400,0.0,0.0
2022-02-23 00:00:00-05:00,81.87925771790384,83.50350112312532,81.87925771790384,82.69137573242188,933200,0.0,0.0
2022-02-24 00:00:00-05:00,80.9317722998926,83.44548018173474,80.76741615067563,83.11676788330078,592000,0.0,0.0
2022-02-25 00:00:00-05:00,83.15545456100055,86.09456224287385,82.47868212288381,85.7755126953125,804600,0.0,0.0
2022-02-28 00:00:00-05:00,84.64434015434254,86.18156672404363,83.66785858500252,84.41230010986328,277400,0.0,0.0
2022-03-01 00:00:00-05:00,84.45096504139525,85.19541386831297,82.4786691168263,83.4841537475586,773900,0.0,0.0
2022-03-02 00:00:00-05:00,84.24794090357588,85.76583443622027,84.18993458264211,85.25342559814453,320600,0.0,0.0
2022-03-03 00:00:00-05:00,85.73683072892017,85.89151670915207,84.29628388416553,84.59599304199219,477000,0.0,0.0
2022-03-04 00:00:00-05:00,83.71618398160052,85.08906158520817,83.43581520550555,84.88603210449219,404600,0.0,0.0
2022-03-07 00:00:00-05:00,84.83769103416688,85.80450232800354,83.397144271682,83.4841537475586,518600,0.0,0.0
2022-03-08 00:00:00-05:00,83.19412285594458,84.96338208940455,82.42067079536723,83.94823455810547,464100,0.0,0.0
2022-03-09 00:00:00-05:00,85.64981319535099,85.64981319535099,83.23278484181446,83.70652770996094,339400,0.0,0.0
2022-03-10 00:00:00-05:00,82.9427417833892,83.61950673860093,82.56568596888768,83.4841537475586,257000,0.0,0.0
2022-03-11 00:00:00-05:00,83.4841682026083,83.99657709687432,82.30465703970896,82.34333038330078,356400,0.0,0.0
2022-03-14 00:00:00-04:00,82.59469264231944,84.0352394661066,81.87925431976667,83.20378112792969,947200,0.0,0.0
2022-03-15 00:00:00-04:00,83.38748287965244,85.05039966045665,83.19412355098545,84.97305297851562,1704500,0.0,0.0
2022-03-16 00:00:00-04:00,85.55314364254009,87.05170434922653,85.14708460146406,87.01303100585938,3044700,0.0,0.0
2022-03-17 00:00:00-04:00,87.01303096554963,88.07652209100247,85.6014871261397,87.07103729248047,1316000,0.0,0.0
2022-03-18 00:00:00-04:00,87.26439484756152,90.638564406537,84.92470576577999,89.74909973144531,1545500,0.0,0.0
2022-03-21 00:00:00-04:00,89.14000821508924,90.9962917107721,88.8306288618397,90.57089233398438,557400,0.0,0.0
2022-03-22 00:00:00-04:00,90.97695456022366,91.29600410406515,89.37205141370572,89.61375427246094,993100,0.0,0.0
2022-03-23 00:00:00-04:00,89.08201239760339,90.42587981329207,88.57927365535029,89.45906829833984,381900,0.0,0.0
2022-03-24 00:00:00-04:00,90.01981137951542,93.45199485090521,89.30437299823404,92.13713073730469,967100,0.0,0.0
2022-03-25 00:00:00-04:00,92.01143658404749,92.89123847391187,89.90378749618255,92.08878326416016,926700,0.0,0.0
2022-03-28 00:00:00-04:00,91.72139917669607,94.01273744903746,91.38300928942485,94.0030746459961,710900,0.0,0.0
2022-03-29 00:00:00-04:00,94.84419227471702,99.45588656019503,94.73784243576904,99.35919952392578,853300,0.0,0.0
2022-03-30 00:00:00-04:00,99.11751173254919,99.9296372281503,98.3924031075633,98.79846954345703,477500,0.0,0.0
2022-03-31 00:00:00-04:00,98.79847092155003,99.88129509587348,95.08591087422063,95.0955810546875,548700,0.0,0.0
2022-04-01 00:00:00-04:00,95.2309195387898,96.43943374613485,94.75718403484245,95.9656982421875,526500,0.0,0.0
2022-04-04 00:00:00-04:00,95.76267952341861,96.73915380205142,94.55416517999427,94.96989440917969,472800,0.0,0.0
2022-04-05 00:00:00-04:00,94.56382266646273,95.65632429224495,92.82356653549986,92.92991638183594,312400,0.0,0.0
2022-04-06 00:00:00-04:00,92.32080888986411,93.93538936533393,92.05977308461675,92.68820190429688,402600,0.0,0.0
2022-04-07 00:00:00-04:00,92.79455894960162,93.52933028320635,91.7600710741618,92.41749572753906,460800,0.0,0.0
2022-04-08 00:00:00-04:00,92.35948897219079,93.70335618605084,91.60537728397412,91.74073028564453,432800,0.0,0.0
2022-04-11 00:00:00-04:00,91.17031028359118,91.92442193181974,90.29050844320122,90.43553161621094,1013500,0.0,0.0
2022-04-12 00:00:00-04:00,90.75458537155764,92.39816173947514,90.49354217267872,91.14130401611328,526600,0.0,0.0
2022-04-13 00:00:00-04:00,91.46036229333107,93.24896201229949,91.37335280283091,92.47551727294922,414300,0.0,0.0
2022-04-14 00:00:00-04:00,92.74621205111785,93.345637736762,92.15645654419616,92.81388854980469,422700,0.0,0.0
2022-04-18 00:00:00-04:00,92.66886503743098,93.68401989023471,91.58604106237111,92.36915588378906,701200,0.0,0.0
2022-04-19 00:00:00-04:00,92.45617450445332,94.93121678397706,92.14679514153607,94.53482055664062,298200,0.0,0.0
2022-04-20 00:00:00-04:00,95.42427443007008,95.9946969450634,94.65082979899856,95.29859161376953,602600,0.0,0.0
2022-04-21 00:00:00-04:00,95.84967969824476,95.89802321775683,92.62053322708235,93.05559539794922,444200,0.0,0.0
2022-04-22 00:00:00-04:00,92.76555455904254,93.02659777806068,89.84578726075254,90.15516662597656,474300,0.0,0.0
2022-04-25 00:00:00-04:00,89.11099676849962,89.60407260246306,87.86380929211265,89.54606628417969,498500,0.0,0.0
2022-04-26 00:00:00-04:00,88.59860581739062,89.54608433876746,87.8251536621366,88.08619689941406,513700,0.0,0.0
2022-04-27 00:00:00-04:00,90.72557259206864,91.85674746560774,87.7864726099315,88.16352844238281,697200,0.0,0.0
2022-04-28 00:00:00-04:00,89.35271099615026,90.18416941982157,87.40942532387778,89.57508087158203,353700,0.0,0.0
2022-04-29 00:00:00-04:00,88.3569051871374,89.40106341041935,85.45647059547862,85.75617980957031,292200,0.0,0.0
2022-05-02 00:00:00-04:00,85.56280118730133,87.60277364751146,83.48415538943499,85.41777801513672,352100,0.0,0.0
2022-05-03 00:00:00-04:00,85.40811547936647,86.0462145435167,84.79902695319312,85.26309967041016,282600,0.0,0.0
2022-05-04 00:00:00-04:00,85.35010546994091,86.2975838459238,83.01042375480041,85.46612548828125,253200,0.0,0.0
2022-05-05 00:00:00-04:00,84.08359010541206,85.09873766741457,80.61273328323058,82.15963745117188,451100,0.0,0.0
2022-05-06 00:00:00-04:00,81.91793396161155,83.07810470238368,80.9704555349053,81.57954406738281,636400,0.0,0.0
2022-05-09 00:00:00-04:00,80.67074479498997,81.26050033337236,78.87247501831345,79.25920104980469,282300,0.0,0.0
2022-05-10 00:00:00-04:00,79.88762959477947,80.29369602054163,77.54794759348604,78.38907623291016,286700,0.0,0.0
2022-05-11 00:00:00-04:00,78.98848601196629,80.29368726296715,77.29656611374999,77.40291595458984,330800,0.0,0.0
2022-05-12 00:00:00-04:00,77.54793482688405,78.61142580001045,75.18891285377147,76.6004638671875,398000,0.0,0.0
2022-05-13 00:00:00-04:00,77.49961489101872,79.47190389841417,77.39326503385108,77.93467712402344,573100,0.0,0.0
2022-05-16 00:00:00-04:00,77.170879222012,77.82831121427313,76.22340088344728,77.1225357055664,450600,0.0,0.0
2022-05-17 00:00:00-04:00,78.31172619923233,79.35588431884003,77.39325828687618,79.07550811767578,460200,0.0,0.0
2022-05-18 00:00:00-04:00,78.54374298768462,78.95947211548429,74.16408925539056,74.23176574707031,450600,0.0,0.0
2022-05-19 00:00:00-04:00,73.29396758434292,73.99974312982026,70.85760617796237,72.50118255615234,789600,0.0,0.0
2022-05-20 00:00:00-04:00,73.26496472041558,73.68069390616317,70.65457696184204,72.84923553466797,428300,0.0,0.0
2022-05-23 00:00:00-04:00,73.1779444880041,73.63234694709416,71.37967500694116,73.61300659179688,444200,0.0,0.0
2022-05-24 00:00:00-04:00,72.86859108205088,73.15863012891384,71.0026444467701,72.42385864257812,301600,0.0,0.0
2022-05-25 00:00:00-04:00,71.75674448610293,73.28430829388876,71.56337777716348,71.98877716064453,432700,0.0,0.0
2022-05-26 00:00:00-04:00,72.79124198344535,75.30495052090009,72.55920927837528,75.12125396728516,357400,0.0,0.0
2022-05-27 00:00:00-04:00,75.41130095074891,76.62948556990098,75.41130095074891,75.89470672607422,250800,0.0,0.0
2022-05-31 00:00:00-04:00,75.45964453213152,76.27176269468285,74.1641132177262,75.93338012695312,417900,0.0,0.0
2022-06-01 00:00:00-04:00,76.39742658958662,77.07419893335091,75.05355945668975,76.11705780029297,413300,0.0,0.0
2022-06-02 00:00:00-04:00,76.57146141623731,77.5866163564218,75.79801670693148,77.31591033935547,208100,0.0,0.0
2022-06-03 00:00:00-04:00,76.96786089229897,77.2095637572098,75.98170907279861,76.64881134033203,174900,0.0,0.0
2022-06-06 00:00:00-04:00,77.22888513048684,77.56727499143818,76.1943973192382,76.63912963867188,196300,0.0,0.0
2022-06-07 00:00:00-04:00,76.44577888069908,77.9346693564655,75.8270201604047,77.7606430053711,172800,0.0,0.0
2022-06-08 00:00:00-04:00,77.52860159022234,77.52860159022234,75.91402109077099,76.44577026367188,167000,0.0,0.0
2022-06-09 00:00:00-04:00,76.3297492592491,76.80349210756596,75.27592848178618,75.304931640625,215700,0.0,0.0
2022-06-10 00:00:00-04:00,74.68617576454177,74.68617576454177,73.27463209801758,73.99974060058594,225100,0.0,0.0
2022-06-13 00:00:00-04:00,72.08545619696694,72.88791143563398,70.68358260629111,71.00263214111328,246200,0.0,0.0
2022-06-14 00:00:00-04:00,71.26366875307508,72.6462093762008,70.86727990721467,72.00811767578125,370800,0.0,0.0
2022-06-15 00:00:00-04:00,71.544044613007,72.80090240127736,70.5965661820698,71.62139129638672,306700,0.0,0.0
2022-06-16 00:00:00-04:00,70.48055047356316,70.48055047356316,67.33841351547592,67.71546936035156,293000,0.0,0.0
2022-06-17 00:00:00-04:00,68.40189326369655,68.80795220253958,66.86466697685466,68.05384063720703,365300,0.0,0.0
2022-06-21 00:00:00-04:00,69.05934220699665,70.37420636982358,68.47925681191087,70.25818634033203,253900,0.0,0.0
2022-06-22 00:00:00-04:00,69.41705428228703,71.24432704897673,69.3783809451494,70.75125122070312,227400,0.0,0.0
2022-06-23 00:00:00-04:00,71.40868418674224,72.07578635326395,70.5192195488366,72.0467758178711,243200,0.0,0.0
2022-06-24 00:00:00-04:00,72.04677390346134,74.06741333007812,72.04677390346134,74.06741333007812,893700,0.0,0.0
2022-06-27 00:00:00-04:00,74.59915908111716,75.45962049764616,73.75803064393497,74.57981872558594,251400,0.0,0.0
2022-06-28 00:00:00-04:00,74.95688489976267,75.32427794388498,72.90724950070323,73.1006088256836,165600,0.0,0.0
2022-06-29 00:00:00-04:00,72.9265747128859,73.0909308592267,71.92109010250773,73.08126068115234,179700,0.0,0.0
2022-06-30 00:00:00-04:00,72.39484585018164,75.11159130803937,71.93078043914358,75.04391479492188,444000,0.0,0.0
2022-07-01 00:00:00-04:00,74.57981942876887,75.72065700178176,73.48732536885544,75.2179183959961,152700,0.0,0.0
2022-07-05 00:00:00-04:00,73.71936936329767,75.51763916015625,72.9652576503284,75.51763916015625,170500,0.0,0.0
2022-07-06 00:00:00-04:00,75.92369497979102,76.58112700015089,75.06323345881513,76.43610382080078,157800,0.0,0.0
2022-07-07 00:00:00-04:00,76.8518307054916,78.31171788195618,76.69714472800767,78.0506820678711,310500,0.0,0.0
2022-07-08 00:00:00-04:00,78.08935169688044,78.34072472030354,77.39325370123909,78.15702819824219,251800,0.0,0.0
2022-07-11 00:00:00-04:00,77.43191490731323,77.72196125314699,76.52311728432504,76.8905029296875,115400,0.0,0.0
2022-07-12 00:00:00-04:00,77.0548779845431,77.69297715142532,75.75935404138724,76.41678619384766,137200,0.0,0.0
2022-07-13 00:00:00-04:00,75.46929563960771,76.14606804635919,74.79253060904185,75.51763916015625,133400,0.0,0.0
2022-07-14 00:00:00-04:00,74.14475731561176,75.41127769602492,73.94172783772613,75.2179183959961,93300,0.0,0.0
2022-07-15 00:00:00-04:00,76.53279044095865,76.77449327983052,75.22758921010232,75.85601806640625,166300,0.0,0.0
2022-07-18 00:00:00-04:00,76.54245269464761,76.9968552086571,74.95688267311569,75.1985855102539,166000,0.0,0.0
2022-07-19 00:00:00-04:00,75.72066623540955,77.74130583518141,75.72066623540955,77.40291595458984,137600,0.0,0.0
2022-07-20 00:00:00-04:00,77.49961161642779,78.92081829307998,76.82283915612149,78.85314178466797,193000,0.0,0.0
2022-07-21 00:00:00-04:00,78.66945326600042,79.83929427884004,78.16670716264964,79.81995391845703,131300,0.0,0.0
2022-07-22 00:00:00-04:00,80.10031337433205,80.10998355250017,77.45125252249034,78.04100799560547,192800,0.0,0.0
2022-07-25 00:00:00-04:00,78.25371171695285,78.86280020181088,76.89050419574687,78.2247085571289,212300,0.0,0.0
2022-07-26 00:00:00-04:00,77.3739119668069,77.74130500439492,75.42095626497203,76.24274444580078,210400,0.0,0.0
2022-07-27 00:00:00-04:00,80.35169881747458,82.178971836449,77.1515553333994,78.84347534179688,444900,0.0,0.0
2022-07-28 00:00:00-04:00,78.41807261372966,80.04231604772058,77.7413075896441,79.5879135131836,228000,0.0,0.0
2022-07-29 00:00:00-04:00,79.03682389692827,80.15832854722711,78.31171542080966,79.76193237304688,236800,0.0,0.0
2022-08-01 00:00:00-04:00,79.2495197221727,80.19699062104634,78.85312356720604,79.69425201416016,172400,0.0,0.0
2022-08-02 00:00:00-04:00,79.51057419877971,79.935973611156,78.65011257006309,79.2398681640625,191300,0.0,0.0
2022-08-03 00:00:00-04:00,79.2978758209453,81.50221223239593,79.09484629150636,81.21216583251953,213900,0.0,0.0
2022-08-04 00:00:00-04:00,81.10580083379836,81.6182096518763,80.16799267564743,81.19281768798828,222300,0.0,0.0
2022-08-05 00:00:00-04:00,80.53539324922845,81.4345281538538,79.92629734133618,81.3475112915039,143200,0.0,0.0
2022-08-08 00:00:00-04:00,81.61821859265484,83.20378873692648,81.11547989801159,83.10710906982422,322500,0.0,0.0
2022-08-09 00:00:00-04:00,83.35847870925173,83.63885489575595,82.06294761906624,83.50350189208984,259000,0.0,0.0
2022-08-10 00:00:00-04:00,85.38878694226058,86.7133212837735,84.7410250412477,86.31692504882812,341500,0.0,0.0
2022-08-11 00:00:00-04:00,87.01303055351615,87.59311594863571,86.04621910292153,86.20091247558594,287800,0.0,0.0
2022-08-12 00:00:00-04:00,86.51028205345341,88.4439047357943,86.10421568426109,88.39556121826172,229500,0.0,0.0
2022-08-15 00:00:00-04:00,87.54478536797642,89.58475824852886,87.39976216592935,88.91765594482422,279700,0.0,0.0
2022-08-16 00:00:00-04:00,87.03235720838795,88.01850894694991,86.6746417184385,87.96050262451172,305400,0.0,0.0
2022-08-17 00:00:00-04:00,87.78647569449242,88.03784134083546,87.11937348616846,87.26439666748047,170300,0.0,0.0
2022-08-18 00:00:00-04:00,86.57795684084066,87.16771233739134,86.08488100125886,86.22990417480469,264800,0.0,0.0
2022-08-19 00:00:00-04:00,86.22024547202477,86.89701053706824,85.19542769462008,86.54895782470703,186200,0.0,0.0
2022-08-22 00:00:00-04:00,85.61115229015276,85.73683511653462,84.62500053298999,85.37911224365234,189200,0.0,0.0
2022-08-23 00:00:00-04:00,85.0020597437139,85.64982163601321,84.22861502007149,84.53799438476562,110000,0.0,0.0
2022-08-24 00:00:00-04:00,84.48964674375102,84.50898710220616,83.50350237191915,84.21894073486328,126000,0.0,0.0
2022-08-25 00:00:00-04:00,83.92889395837389,84.7990256799752,83.58084126973336,83.79354095458984,126900,0.0,0.0
2022-08-26 00:00:00-04:00,83.93856626039805,83.93856626039805,81.14448187761526,81.32817840576172,196300,0.0,0.0
2022-08-29 00:00:00-04:00,80.77710329080949,81.17349216781423,79.94564481570336,80.728759765625,106900,0.0,0.0
2022-08-30 00:00:00-04:00,80.46771115095247,80.46771115095247,78.83379762440504,78.97882080078125,120300,0.0,0.0
2022-08-31 00:00:00-04:00,79.82962412671806,80.04232383388846,79.20119518540176,79.66526794433594,158700,0.0,0.0
2022-09-01 00:00:00-04:00,79.15285900896818,80.40004671096736,78.59210657684088,79.81995391845703,196500,0.0,0.0
2022-09-02 00:00:00-04:00,80.3323456489149,80.53538250859133,77.21921952585674,77.75096130371094,163700,0.0,0.0
2022-09-06 00:00:00-04:00,78.263389871791,78.77580617520958,76.73583327066153,78.55343627929688,142900,0.0,0.0
2022-09-07 00:00:00-04:00,78.71778186744893,79.7716101216988,78.28271969096443,79.7232666015625,164500,0.0,0.0
2022-09-08 00:00:00-04:00,77.7799729044493,79.3462100022002,77.49960409408882,78.75645446777344,173500,0.0,0.0
2022-09-09 00:00:00-04:00,79.0465015068707,80.03264588158352,78.7951284795182,79.4332275390625,149900,0.0,0.0
2022-09-12 00:00:00-04:00,79.80062060843872,80.33236249782043,78.99816530810392,79.3365478515625,167000,0.0,0.0
2022-09-13 00:00:00-04:00,77.59628052187512,77.62528368200066,74.47347663575265,74.81185913085938,313600,0.0,0.0
2022-09-14 00:00:00-04:00,75.04390666319446,75.04390666319446,73.284310136622,74.5411605834961,237100,0.0,0.0
2022-09-15 00:00:00-04:00,74.28978315656852,74.51215302026219,73.34231213154271,73.71936798095703,340000,0.0,0.0
2022-09-16 00:00:00-04:00,72.86858417458492,73.82572547801973,72.52053145039294,73.81605529785156,325100,0.0,0.0
2022-09-19 00:00:00-04:00,73.11028055967972,75.30493918724262,73.11028055967972,75.16958618164062,122700,0.0,0.0
2022-09-20 00:00:00-04:00,74.21244085714274,74.86020268756846,73.70969482742038,74.59916687011719,207000,0.0,0.0
2022-09-21 00:00:00-04:00,75.42095037210763,76.00103566759323,73.70002746582031,73.70002746582031,145500,0.0,0.0
2022-09-22 00:00:00-04:00,73.16829234027568,73.16829234027568,71.66973161139076,72.07579803466797,106400,0.0,0.0
2022-09-23 00:00:00-04:00,71.07997467418603,71.07997467418603,69.69743400338801,70.39353942871094,167100,0.0,0.0
2022-09-26 00:00:00-04:00,70.24851142241737,70.4902142433706,68.8949741498423,69.43638610839844,164200,0.0,0.0
2022-09-27 00:00:00-04:00,70.09382955282899,70.77059461183022,68.80796856454076,69.17536163330078,153000,0.0,0.0
2022-09-28 00:00:00-04:00,69.86178678360311,71.24432724121802,69.18501444614586,70.86727142333984,178300,0.0,0.0
2022-09-29 00:00:00-04:00,69.69744101588144,69.69744101588144,68.22789070715467,69.27204895019531,196500,0.0,0.0
2022-09-30 00:00:00-04:00,69.42673085227459,71.44737070536046,68.78863910342758,68.85631561279297,227800,0.0,0.0
2022-10-03 00:00:00-04:00,69.81345121868847,71.54404453238438,69.04966931759235,71.48603820800781,181400,0.0,0.0
2022-10-04 00:00:00-04:00,72.38516636918243,73.42931699155557,72.38516636918243,72.78155517578125,233700,0.0,0.0
2022-10-05 00:00:00-04:00,71.81474746398239,72.88790867598124,71.65039130118248,72.48184967041016,137600,0.0,0.0
2022-10-06 00:00:00-04:00,71.75673971599348,72.04677869584339,70.36452900892117,70.62557220458984,142300,0.0,0.0
2022-10-07 00:00:00-04:00,69.71677330902534,69.8134529774838,68.18920946834952,68.84664154052734,171000,0.0,0.0
2022-10-10 00:00:00-04:00,69.06901520852034,69.37839459028427,68.15053986727479,68.77896881103516,95800,0.0,0.0
2022-10-11 00:00:00-04:00,68.71128426627317,68.79830112581698,67.07737067881304,68.35356140136719,229400,0.0,0.0
2022-10-12 00:00:00-04:00,68.74029149825039,69.31071408006054,67.67680039583865,68.63394165039062,165200,0.0,0.0
2022-10-13 00:00:00-04:00,67.17406650866471,70.96396583209787,66.41994733993855,70.32586669921875,168300,0.0,0.0
2022-10-14 00:00:00-04:00,70.98329715426871,70.98329715426871,67.69613664411617,67.8121566772461,152400,0.0,0.0
2022-10-17 00:00:00-04:00,69.10768604689103,70.87694540358765,69.10768604689103,70.64491271972656,163200,0.0,0.0
2022-10-18 00:00:00-04:00,72.31749626801073,73.13928448956378,70.60623594520719,71.09931182861328,271900,0.0,0.0
2022-10-19 00:00:00-04:00,70.44187682479098,72.49151957927832,70.29685364443169,72.23047637939453,418300,0.0,0.0
2022-10-20 00:00:00-04:00,72.25948237908837,73.21663098135193,70.73192596435547,70.73192596435547,228200,0.0,0.0
2022-10-21 00:00:00-04:00,70.83827243871316,71.31201536503424,69.40739560837466,71.0703125,122400,0.0,0.0
2022-10-24 00:00:00-04:00,71.4086954204638,72.37550688580863,70.91561950780583,71.84375762939453,166600,0.0,0.0
2022-10-25 00:00:00-04:00,71.92110207170292,74.39613698534147,71.92110207170292,74.01908111572266,310900,0.0,0.0
2022-10-26 00:00:00-04:00,65.74316981594086,68.2665479533828,61.92426804916535,63.50016784667969,881700,0.0,0.0
2022-10-27 00:00:00-04:00,63.70319996773935,64.28328530893423,61.75024057651404,62.10795974731445,667900,0.0,0.0
2022-10-28 00:00:00-04:00,62.06929861134979,63.4035032722233,62.06929861134979,63.161800384521484,382400,0.0,0.0
2022-10-31 00:00:00-04:00,63.16179255980479,63.68387161770602,62.64938368154594,62.82341003417969,516100,0.0,0.0
2022-11-01 00:00:00-04:00,63.36482567435753,63.87723458172165,62.523697026153286,62.697723388671875,375700,0.0,0.0
2022-11-02 00:00:00-04:00,62.29165515631522,62.90074364728929,60.36769896000299,60.66741180419922,414800,0.0,0.0
2022-11-03 00:00:00-04:00,59.87463340063342,60.27102594765661,59.2268678112484,59.275211334228516,284400,0.0,0.0
2022-11-04 00:00:00-04:00,60.290362876990756,60.290362876990756,58.598442832057025,59.70060729980469,220600,0.0,0.0
2022-11-07 00:00:00-05:00,64.96971893738683,65.6078179607829,64.12859779441854,64.81503295898438,710200,0.0,0.0
2022-11-08 00:00:00-05:00,64.65067646455702,64.83436560193995,64.0029072658327,64.37030029296875,567500,0.0,0.0
2022-11-09 00:00:00-05:00,64.4863129025417,65.06640560276728,64.06092093221072,64.27362060546875,621500,0.0,0.0
2022-11-10 00:00:00-05:00,64.96972393027521,66.68098426003037,64.79569758108292,66.52629089355469,657400,0.0,0.0
2022-11-11 00:00:00-05:00,67.0193664506743,67.20306297841792,65.5981525019299,65.98487854003906,300800,0.0,0.0
2022-11-14 00:00:00-05:00,65.70449923909437,67.48343597978129,65.38544971953094,66.9420166015625,342600,0.0,0.0
2022-11-15 00:00:00-05:00,67.6767994190133,68.91431685677126,67.1933937088775,67.31907653808594,332900,0.0,0.0
2022-11-16 00:00:00-05:00,67.21271869204222,67.2610622077762,66.42960389520869,66.77765655517578,313300,0.0,0.0
2022-11-17 00:00:00-05:00,66.01389000456639,67.91850989644297,65.81086046866604,67.08705139160156,346700,0.0,0.0
2022-11-18 00:00:00-05:00,67.98617104132839,68.2665472064414,66.86467375706121,67.06770324707031,354500,0.0,0.0
2022-11-21 00:00:00-05:00,66.84533762529452,67.89916585568636,66.84533762529452,67.61878967285156,196100,0.0,0.0
2022-11-22 00:00:00-05:00,67.83150086668539,68.19888659472348,67.2514080444751,67.68647766113281,245900,0.0,0.0
2022-11-23 00:00:00-05:00,67.66712618403646,68.45991121781434,67.66712618403646,68.25688171386719,126600,0.0,0.0
2022-11-25 00:00:00-05:00,68.5082548837043,69.35904624152022,68.10219587494116,68.430908203125,90000,0.0,0.0
2022-11-28 00:00:00-05:00,67.98618339171006,68.84664502404426,67.67680401127738,68.14087677001953,261000,0.0,0.0
2022-11-29 00:00:00-05:00,68.13119146928231,68.81762658676902,68.13119146928231,68.37289428710938,258600,0.0,0.0
2022-11-30 00:00:00-05:00,68.2085433242565,70.0648193359375,68.11185628883098,70.0648193359375,469700,0.0,0.0
2022-12-01 00:00:00-05:00,70.33552864958652,70.87694066781565,69.12701441162112,69.53307342529297,310900,0.0,0.0
2022-12-02 00:00:00-05:00,69.30103299009865,69.78443863110766,69.12700666428802,69.35903930664062,377500,0.0,0.0
2022-12-05 00:00:00-05:00,69.32038510192567,69.41707215775986,69.11735556181,69.27204895019531,568100,0.0,0.0
2022-12-06 00:00:00-05:00,69.46538508983545,69.51372860159314,68.69194053500242,69.1173324584961,555300,0.0,0.0
2022-12-07 00:00:00-05:00,68.98199962042887,69.52341908071459,64.64101801484948,64.84404754638672,373300,0.0,0.0
2022-12-08 00:00:00-05:00,65.13408717885086,66.24591439652988,64.16727577134866,66.08155822753906,258900,0.0,0.0
2022-12-09 00:00:00-05:00,65.96553747398427,66.12989362278007,65.21141847279779,65.40478515625,219900,0.0,0.0
2022-12-12 00:00:00-05:00,65.53048321256567,65.62716288868978,64.77637141213661,65.46280670166016,189000,0.0,0.0
2022-12-13 00:00:00-05:00,67.17405588744833,67.64779138392625,65.42412232699805,65.91719818115234,217200,0.0,0.0
2022-12-14 00:00:00-05:00,65.54981579135668,66.53596017264475,64.79569670427098,65.28877258300781,239100,0.0,0.0
2022-12-15 00:00:00-05:00,64.53465171372994,64.53465171372994,62.74605235495336,63.30680465698242,250600,0.0,0.0
2022-12-16 00:00:00-05:00,62.77506212365445,63.44216432481211,62.07895676178303,62.378665924072266,311800,0.0,0.0
2022-12-19 00:00:00-05:00,62.40767918890711,62.40767918890711,60.52239252206568,60.725425720214844,179300,0.0,0.0
2022-12-20 00:00:00-05:00,60.493385616048045,61.286170624614165,59.874626944785966,60.91878128051758,161500,0.0,0.0
2022-12-21 00:00:00-05:00,61.16049696251012,63.22947677521738,60.8317808883504,63.21013641357422,195900,0.0,0.0
2022-12-22 00:00:00-05:00,62.456009321988894,63.074767971990454,61.59554784382469,62.78472900390625,309600,0.0,0.0
2022-12-23 00:00:00-05:00,62.62036967450332,63.47116840745317,62.54303037020506,63.2391357421875,212000,0.0,0.0
2022-12-27 00:00:00-05:00,63.44216957144091,64.45731716130103,63.094116861721446,64.11893463134766,228800,0.0,0.0
2022-12-28 00:00:00-05:00,64.27362788881179,65.02773963313717,63.519508768300476,63.79022216796875,199300,0.0,0.0
2022-12-29 00:00:00-05:00,64.3606276093943,66.19757054502543,64.3606276093943,66.04287719726562,228000,0.0,0.0
2022-12-30 00:00:00-05:00,65.51113897784882,66.21690713092384,65.13408314238457,65.54981231689453,187300,0.0,0.0
2023-01-03 00:00:00-05:00,66.3232580072111,67.49309887095751,65.82051934411932,67.0773696899414,293700,0.0,0.0
2023-01-04 00:00:00-05:00,67.66712980960112,68.12153236114702,67.3094143018456,67.8604965209961,228100,0.0,0.0
2023-01-05 00:00:00-05:00,67.34808711495533,67.73480578233509,66.50695852341424,67.26107025146484,229200,0.0,0.0
2023-01-06 00:00:00-05:00,67.89917149432821,70.14217376708984,67.54144860179377,70.14217376708984,285600,0.0,0.0
2023-01-09 00:00:00-05:00,70.20017218128635,70.75125435156023,69.42672015667712,69.89079284667969,367700,0.0,0.0
2023-01-10 00:00:00-05:00,69.63942842190144,71.65039803297951,69.34938940903712,71.24433898925781,328000,0.0,0.0
2023-01-11 00:00:00-05:00,71.15731467770811,71.72773721618096,69.95847065568059,71.5150375366211,405900,0.0,0.0
2023-01-12 00:00:00-05:00,71.75675201416016,71.8050881643267,70.53856743669101,71.75675201416016,308300,0.0,0.0
2023-01-13 00:00:00-05:00,71.33133030509414,72.63652397088647,71.27332399253845,72.39482116699219,232600,0.0,0.0
2023-01-17 00:00:00-05:00,72.4528567874015,72.99426887163263,70.63524643116311,70.65458679199219,274800,0.0,0.0
2023-01-18 00:00:00-05:00,70.8382610485597,71.63104602335189,70.7995950874151,71.19598388671875,399200,0.0,0.0
2023-01-19 00:00:00-05:00,71.03162413952319,71.62137959562031,70.93494448918592,71.28299713134766,323500,0.0,0.0
2023-01-20 00:00:00-05:00,71.52470551917129,73.66135767572638,70.88660650008651,73.5743408203125,267100,0.0,0.0
2023-01-23 00:00:00-05:00,73.57435997020757,73.93208291124348,72.99427449580939,73.58403015136719,357100,0.0,0.0
2023-01-24 00:00:00-05:00,73.48734289088777,74.2994609960685,73.35198987335765,73.52601623535156,252300,0.0,0.0
2023-01-25 00:00:00-05:00,72.96526696418532,73.42933236547152,72.42385487062255,72.58821105957031,517800,0.0,0.0
2023-01-26 00:00:00-05:00,72.88791325714567,73.53567514620119,72.63654021953239,73.51634216308594,275600,0.0,0.0
2023-01-27 00:00:00-05:00,73.21663230993192,73.85472401350071,72.35616335736371,72.49152374267578,419500,0.0,0.0
2023-01-30 00:00:00-05:00,72.18214760057506,73.97074733764711,71.87276085028019,71.88243103027344,467500,0.0,0.0
2023-01-31 00:00:00-05:00,72.04678788460127,73.32297873678628,71.82442537597504,72.9459228515625,299800,0.0,0.0
2023-02-01 00:00:00-05:00,72.58821129788531,73.071617061921,71.21534069830871,72.93626403808594,332900,0.0,0.0
2023-02-02 00:00:00-05:00,73.47766376146053,76.97752355920946,73.21662793835584,76.82283020019531,432700,0.0,0.0
2023-02-03 00:00:00-05:00,76.34908993895681,76.79382225413161,75.48862846756872,75.65298461914062,296500,0.0,0.0
2023-02-06 00:00:00-05:00,74.88921286313457,75.59498845614205,73.53567537902072,73.92240142822266,161200,0.0,0.0
2023-02-07 00:00:00-05:00,73.38098969251429,74.3478011314771,72.60753759086968,74.21244812011719,152700,0.0,0.0
2023-02-08 00:00:00-05:00,73.53567979011528,74.98589702947557,73.39066396712832,74.91822052001953,321200,0.0,0.0
2023-02-09 00:00:00-05:00,75.18891867266063,76.3490967681909,74.1447679757246,74.60883331298828,269500,0.0,0.0
2023-02-10 00:00:00-05:00,74.52183183666958,75.23727027794254,73.97074957933198,75.22760009765625,245900,0.0,0.0
2023-02-13 00:00:00-05:00,75.34362059132307,75.80769335746888,75.092247535653,75.6336669921875,186600,0.0,0.0
2023-02-14 00:00:00-05:00,75.01490116894348,76.3781089322274,74.86021516368503,76.21375274658203,374500,0.0,0.0
2023-02-15 00:00:00-05:00,75.7303405307686,77.78964620624726,75.72067035120698,77.70263671875,461700,0.0,0.0
2023-02-16 00:00:00-05:00,77.10320555397044,85.63048140921794,74.44447432797145,85.15674591064453,1295300,0.0,0.0
2023-02-17 00:00:00-05:00,84.77968866532744,88.37622802608962,84.55731881186735,88.0281753540039,931200,0.0,0.0
2023-02-21 00:00:00-05:00,86.61662868913452,87.97983628644965,83.10710600698094,84.19960021972656,687300,0.0,0.0
2023-02-22 00:00:00-05:00,84.40264862954646,84.96339370513223,84.00625236585644,84.01592254638672,585200,0.0,0.0
2023-02-23 00:00:00-05:00,84.11260161288949,85.04073978002727,83.06844340878956,83.14579010009766,407000,0.0,0.0
2023-02-24 00:00:00-05:00,81.81158405066596,82.1596367478547,80.94145230769406,81.28950500488281,405600,0.0,0.0
2023-02-27 00:00:00-05:00,81.49253085766537,83.13610722802751,81.3571778566325,81.43452453613281,358500,0.0,0.0
2023-02-28 00:00:00-05:00,81.00913952588391,81.78258432934716,80.11967468261719,80.11967468261719,439400,0.0,0.0
2023-03-01 00:00:00-05:00,80.09065235922982,81.02846059184353,79.76194002575336,79.8586196899414,355200,0.0,0.0
2023-03-02 00:00:00-05:00,79.17217401376236,81.18314321811704,79.03682102656393,80.79641723632812,342700,0.0,0.0
2023-03-03 00:00:00-05:00,81.15415555571911,81.45386474514368,80.39037362430186,81.163818359375,267400,0.0,0.0
2023-03-06 00:00:00-05:00,81.01879540609366,81.66655725090781,80.42903988284934,81.62788391113281,249000,0.0,0.0
2023-03-07 00:00:00-05:00,81.85992459570457,82.97175925059086,81.48286871617934,82.30465698242188,324500,0.0,0.0
2023-03-08 00:00:00-05:00,82.47868307608044,83.75487390488867,81.3668558009429,81.95660400390625,230600,0.0,0.0
2023-03-09 00:00:00-05:00,82.17896936174704,82.76872490843795,80.70941927279982,80.80609893798828,389600,0.0,0.0
2023-03-10 00:00:00-05:00,80.64174792090925,81.20249296529671,77.00653474335945,77.24823760986328,488700,0.0,0.0
2023-03-13 00:00:00-04:00,76.03972026646463,76.33942944868251,71.40869264247962,73.2262954711914,589400,0.0,0.0
2023-03-14 00:00:00-04:00,75.26625453291106,76.64879491905224,74.39612293041235,75.2179183959961,362100,0.0,0.0
2023-03-15 00:00:00-04:00,73.3906599667389,75.19859263916838,73.25529957901877,74.4444808959961,412000,0.0,0.0
2023-03-16 00:00:00-04:00,73.55501291754138,76.21374426158654,73.33264305051776,75.16958618164062,369900,0.0,0.0
2023-03-17 00:00:00-04:00,74.98588123271242,75.6819865411514,73.9030573095271,74.14476013183594,463500,0.0,0.0
2023-03-20 00:00:00-04:00,75.04389956397092,76.0590470546985,74.62817038885815,75.14057922363281,270500,0.0,0.0
2023-03-21 00:00:00-04:00,76.33942020778187,77.16120834664045,75.35327591638857,76.07838439941406,258500,0.0,0.0
2023-03-22 00:00:00-04:00,76.18474867825533,77.12254963144598,74.68618791206939,74.80220794677734,334100,0.0,0.0
2023-03-23 00:00:00-04:00,74.8892014492673,75.76900326151572,73.5550045278608,74.06741333007812,221700,0.0,0.0
2023-03-24 00:00:00-04:00,73.53567909676795,74.35747475893935,72.57853779314695,73.91273498535156,254100,0.0,0.0
2023-03-27 00:00:00-04:00,73.91272380256432,74.69584600175753,73.61301464831384,74.19309997558594,442600,0.0,0.0
2023-03-28 00:00:00-04:00,74.12542783237744,75.13091256761452,73.35198314263124,74.6668472290039,277900,0.0,0.0
2023-03-29 00:00:00-04:00,75.39195598863313,75.50796863552213,74.36713089193827,75.13091278076172,211100,0.0,0.0
2023-03-30 00:00:00-04:00,75.53698026704032,76.45545562294984,75.39196444216877,76.21375274658203,244300,0.0,0.0
2023-03-31 00:00:00-04:00,76.79383923674132,78.05069716171174,76.73583290599043,77.93467712402344,257600,0.0,0.0
2023-04-03 00:00:00-04:00,77.6832999818365,78.32139909131274,76.87118188925162,77.6156234741211,288100,0.0,0.0
2023-04-04 00:00:00-04:00,79.22051897233031,79.58790460482841,77.22888271145978,77.98300170898438,444300,0.0,0.0
2023-04-05 00:00:00-04:00,77.6059420528653,78.2537112485245,77.34490623982731,77.85731506347656,396900,0.0,0.0
2023-04-06 00:00:00-04:00,78.03133732473623,78.81445209916076,77.40290851910132,77.51892852783203,420700,0.0,0.0
2023-04-10 00:00:00-04:00,77.02585405602781,79.04649349697831,76.71647473686131,78.94981384277344,414000,0.0,0.0
2023-04-11 00:00:00-04:00,79.54923664504086,80.40003535323503,78.98848429212839,79.9649658203125,265600,0.0,0.0
2023-04-12 00:00:00-04:00,80.5740552710822,81.88891931190712,80.20666960939315,81.20248413085938,423400,0.0,0.0
2023-04-13 00:00:00-04:00,81.63755455787724,82.30464938830843,80.61272948843134,82.24664306640625,326100,0.0,0.0
2023-04-14 00:00:00-04:00,82.25630866198578,83.17477646312341,80.8350948450919,81.19281768798828,269900,0.0,0.0
2023-04-17 00:00:00-04:00,81.26050234185996,82.09196074845204,80.51605342200658,81.94693756103516,236100,0.0,0.0
2023-04-18 00:00:00-04:00,82.34332260628247,82.71071564761286,81.29916455647827,82.16929626464844,190500,0.0,0.0
2023-04-19 00:00:00-04:00,82.08229778159706,82.1403041111866,81.01880660739977,81.38619232177734,240200,0.0,0.0
2023-04-20 00:00:00-04:00,80.76742253213564,82.11128974296636,80.63206953077034,81.80191040039062,172300,0.0,0.0
2023-04-21 00:00:00-04:00,82.23696949068722,83.12644152149949,81.2411549995084,82.70104217529297,299400,0.0,0.0
2023-04-24 00:00:00-04:00,82.56570061627428,83.17478918401886,81.63756249467896,82.92341613769531,797700,0.0,0.0
2023-04-25 00:00:00-04:00,83.14577949337843,83.3294760177548,78.34072570758303,79.27853393554688,726200,0.0,0.0
2023-04-26 00:00:00-04:00,78.34072570758303,80.44837483164865,78.09902286021857,79.27853393554688,472800,0.0,0.0
2023-04-27 00:00:00-04:00,78.19570510446484,88.25054536188391,76.37810228772805,87.95083618164062,743400,0.0,0.0
2023-04-28 00:00:00-04:00,86.6359695413039,89.74910340783319,84.11259121476606,89.70075988769531,903000,0.0,0.0
2023-05-01 00:00:00-04:00,88.9466555161406,90.06816036539173,87.30307896251247,89.19802856445312,400600,0.0,0.0
2023-05-02 00:00:00-04:00,89.19802149284722,91.11230392696197,88.31821958159703,90.04881286621094,793600,0.0,0.0
2023-05-03 00:00:00-04:00,89.81676974304303,92.43682743708013,88.57925247993019,91.12196350097656,1086400,0.0,0.0
2023-05-04 00:00:00-04:00,90.49354264601632,91.31533083427354,86.35559116767003,86.89700317382812,543200,0.0,0.0
2023-05-05 00:00:00-04:00,87.64144967535111,88.63726417796477,86.56828849505081,88.47290802001953,412700,0.0,0.0
2023-05-08 00:00:00-04:00,88.30855152668123,88.34722486860795,86.68431542287341,87.68013000488281,217900,0.0,0.0
2023-05-09 00:00:00-04:00,87.37074276490755,88.405230595534,86.69397040651268,87.42874908447266,187100,0.0,0.0
2023-05-10 00:00:00-04:00,88.61792615716699,88.61792615716699,86.38458706712677,87.24504852294922,207900,0.0,0.0
2023-05-11 00:00:00-04:00,86.63596268503503,86.68430620134706,85.47579205539598,85.86251068115234,184000,0.0,0.0
2023-05-12 00:00:00-04:00,86.6263061830833,89.03366467655943,86.6263061830833,88.7146224975586,229300,0.0,0.0
2023-05-15 00:00:00-04:00,88.55992618170754,90.76425507856838,88.55992618170754,90.17449951171875,178500,0.0,0.0
2023-05-16 00:00:00-04:00,89.88444705129612,89.88444705129612,87.82513427734375,87.82513427734375,442900,0.0,0.0
2023-05-17 00:00:00-04:00,88.33756277829376,89.31403700912865,86.76165543084913,88.89830780029297,207500,0.0,0.0
2023-05-18 00:00:00-04:00,88.03785423439726,89.7297743863944,87.21606592152166,89.40106201171875,236900,0.0,0.0
2023-05-19 00:00:00-04:00,90.20350952394222,90.25184566981349,88.46324599648779,89.3237075805664,278600,0.0,0.0
2023-05-22 00:00:00-04:00,89.56541882235608,90.88028308258198,89.2947127763425,90.46455383300781,182400,0.0,0.0
2023-05-23 00:00:00-04:00,89.91346696303697,90.8802784357578,89.22703170254752,89.35271453857422,222000,0.0,0.0
2023-05-24 00:00:00-04:00,89.21734826083062,89.21734826083062,86.86799643628952,86.92601013183594,311300,0.0,0.0
2023-05-25 00:00:00-04:00,86.82933031959055,87.24505952068839,85.43712690583266,86.50061798095703,277600,0.0,0.0
2023-05-26 00:00:00-04:00,86.51993969956192,87.36106817167695,85.99786072130271,86.8003158569336,197000,0.0,0.0
2023-05-30 00:00:00-04:00,86.84867356035103,87.62211828784056,84.30595474844348,85.40811920166016,312900,0.0,0.0
2023-05-31 00:00:00-04:00,85.45646709478012,86.51995825958542,84.32529942065592,85.92053985595703,382800,0.0,0.0
2023-06-01 00:00:00-04:00,86.0172101334113,88.96598043297061,85.85285396818894,88.57926177978516,305400,0.0,0.0
2023-06-02 00:00:00-04:00,88.93697555075225,91.6537205067822,88.90797238994308,91.3926773071289,360500,0.0,0.0
2023-06-05 00:00:00-04:00,88.62759516200612,90.71591122983311,88.62759516200612,90.07781219482422,216100,0.0,0.0
2023-06-06 00:00:00-04:00,90.27118818666504,92.38850025678991,90.27118818666504,92.2048110961914,263800,0.0,0.0
2023-06-07 00:00:00-04:00,92.69786603212225,95.3759374997123,92.48517373926424,94.42845916748047,252500,0.0,0.0
2023-06-08 00:00:00-04:00,94.37046408992518,94.48648411672775,92.34016156608803,94.090087890625,209900,0.0,0.0
2023-06-09 00:00:00-04:00,94.24477691740537,108.13785177876576,93.91605721136996,103.30379486083984,2592200,0.0,0.0
2023-06-12 00:00:00-04:00,103.0330940132027,103.0330940132027,98.13136034800965,99.91996002197266,862600,0.0,0.0
2023-06-13 00:00:00-04:00,99.83293886520522,100.20032451099837,98.83712438682548,99.5815658569336,645200,0.0,0.0
2023-06-14 00:00:00-04:00,99.58157485530498,100.30668341007663,95.52096989905807,96.30408477783203,431500,0.0,0.0
2023-06-15 00:00:00-04:00,96.53610902084317,96.99051152234632,94.67983305299563,95.27925872802734,555900,0.0,0.0
2023-06-16 00:00:00-04:00,96.43944431654852,96.43944431654852,94.38013853694547,94.77652740478516,598300,0.0,0.0
2023-06-20 00:00:00-04:00,94.5638161492557,95.27926186187915,93.9547276518241,94.573486328125,380000,0.0,0.0
2023-06-21 00:00:00-04:00,93.90638377833977,95.1439085024443,93.86771043919414,94.03207397460938,274200,0.0,0.0
2023-06-22 00:00:00-04:00,94.11908657709428,94.7088421103008,93.12327203366915,93.38430786132812,203600,0.0,0.0
2023-06-23 00:00:00-04:00,92.21447305637294,93.31663751462627,90.86094293303444,91.21865844726562,455900,0.0,0.0
2023-06-26 00:00:00-04:00,91.450683357469,92.9492439217708,90.96727767558912,91.14130401611328,395800,0.0,0.0
2023-06-27 00:00:00-04:00,91.47968685020972,92.12744864376499,91.1316341959623,91.5860366821289,287400,0.0,0.0
2023-06-28 00:00:00-04:00,91.83741378492405,92.22413982422164,90.9672820405509,91.71173095703125,226500,0.0,0.0
2023-06-29 00:00:00-04:00,91.3733560535749,92.92025296349463,91.04463631111216,91.80841827392578,220200,0.0,0.0
2023-06-30 00:00:00-04:00,92.14678941298533,92.69787159942797,91.61504758462719,91.81807708740234,306500,0.0,0.0
2023-07-03 00:00:00-04:00,91.22831854384033,93.03625840331006,91.17031222387595,92.81388854980469,172900,0.0,0.0
2023-07-05 00:00:00-04:00,91.93408895090867,92.27247882884733,90.38719224561818,91.00595092773438,263200,0.0,0.0
2023-07-06 00:00:00-04:00,90.26151970951757,90.50322257776796,88.82097268007742,89.19802856445312,228300,0.0,0.0
2023-07-07 00:00:00-04:00,89.08199979497921,89.24635595898451,87.97983541395418,87.9991683959961,297900,0.0,0.0
2023-07-10 00:00:00-04:00,87.54478182048128,89.84579047052765,87.54478182048128,89.44939422607422,177500,0.0,0.0
2023-07-11 00:00:00-04:00,89.4880567121597,90.36785858630697,88.994988231667,90.01980590820312,195500,0.0,0.0
2023-07-12 00:00:00-04:00,91.54737263662315,91.57637579805653,88.86930096276362,88.94664764404297,266400,0.0,0.0
2023-07-13 00:00:00-04:00,88.7532965550525,90.48388260815021,88.7532965550525,89.72010803222656,266400,0.0,0.0
2023-07-14 00:00:00-04:00,89.43005555994549,92.11779010361143,89.02399653741732,92.04044342041016,271400,0.0,0.0
2023-07-17 00:00:00-04:00,91.84708618520312,94.90221385572225,91.77940967990357,94.68951416015625,242100,0.0,0.0
2023-07-18 00:00:00-04:00,94.79587184589248,95.94637253111114,94.6895219893162,95.0955810546875,222600,0.0,0.0
2023-07-19 00:00:00-04:00,95.32760221583884,96.06238094248133,94.00307532344574,94.93121337890625,153100,0.0,0.0
2023-07-20 00:00:00-04:00,94.49614738943902,95.17291981820291,93.76137601126453,94.65084075927734,202000,0.0,0.0
2023-07-21 00:00:00-04:00,95.42427696632768,95.42427696632768,93.45198831015409,93.58734130859375,172400,0.0,0.0
2023-07-24 00:00:00-04:00,93.65501839768164,94.97954523020987,93.65501839768164,94.59281921386719,298800,0.0,0.0
2023-07-25 00:00:00-04:00,94.22543645550037,94.45746912197384,92.93957554646094,93.32630157470703,320200,0.0,0.0
2023-07-26 00:00:00-04:00,92.63019952746097,94.38979601182977,92.07911731466925,92.48518371582031,232200,0.0,0.0
2023-07-27 00:00:00-04:00,100.69341440329912,103.25546623148269,96.92284825768802,97.64795684814453,538600,0.0,0.0
2023-07-28 00:00:00-04:00,98.9434687068542,98.9434687068542,96.50710738267166,97.07752990722656,369500,0.0,0.0
2023-07-31 00:00:00-04:00,100.06497716510616,102.27897609573724,100.06497716510616,101.73756408691406,404300,0.0,0.0
2023-08-01 00:00:00-04:00,101.48619050002925,101.83424318267569,99.75559726581096,101.13813781738281,373400,0.0,0.0
2023-08-02 00:00:00-04:00,100.75142257164006,101.06080194750875,99.59125175617902,100.239013671875,557900,0.0,0.0
2023-08-03 00:00:00-04:00,100.21966957839166,101.83424278672153,100.21966957839166,100.80941772460938,421300,0.0,0.0
2023-08-04 00:00:00-04:00,100.55805984638167,101.25416526272521,100.49038334069193,100.82876586914062,503300,0.0,0.0
2023-08-07 00:00:00-04:00,102.67536493873507,102.67536493873507,100.98344503472268,101.98892974853516,577300,0.0,0.0
2023-08-08 00:00:00-04:00,101.51520562363051,102.55936379461541,101.51520562363051,101.7665786743164,372400,0.0,0.0
2023-08-09 00:00:00-04:00,101.74723413464851,101.79557765724373,100.97378940642635,101.31217193603516,317400,0.0,0.0
2023-08-10 00:00:00-04:00,101.68922790364954,102.10495711932542,100.83843648895318,101.54420471191406,195500,0.0,0.0
2023-08-11 00:00:00-04:00,101.58287501512626,102.7623861208743,101.51519851116625,102.42400360107422,307300,0.0,0.0
2023-08-14 00:00:00-04:00,102.50133950926497,103.0524217021465,101.55386848524395,102.97508239746094,409800,0.0,0.0
2023-08-15 00:00:00-04:00,102.10495426600488,103.06209550281426,102.10495426600488,102.88806915283203,316100,0.0,0.0
2023-08-16 00:00:00-04:00,102.45300640180973,103.110438456324,101.67955432255093,101.94059753417969,361500,0.0,0.0
2023-08-17 00:00:00-04:00,101.6698909185301,102.153296621164,100.9351121851946,101.30249786376953,433600,0.0,0.0
2023-08-18 00:00:00-04:00,100.98344865392937,102.26930959734804,100.79975950214505,101.84391021728516,337800,0.0,0.0
2023-08-21 00:00:00-04:00,101.70856496958199,102.33699390820361,101.37985260622723,101.7665786743164,222200,0.0,0.0
2023-08-22 00:00:00-04:00,101.66022491455078,102.37566331850158,101.45719539624797,101.66022491455078,237400,0.0,0.0
2023-08-23 00:00:00-04:00,101.85359253947563,103.05243676344804,101.7472426817811,102.91708374023438,341300,0.0,0.0
2023-08-24 00:00:00-04:00,102.96540765520629,103.09109047391276,101.90191665700927,102.07594299316406,3179900,0.0,0.0
2023-08-25 00:00:00-04:00,102.48201747495376,102.67537682160182,101.64088882704361,102.54002380371094,4814500,0.0,0.0
2023-08-28 00:00:00-04:00,102.67536564747223,103.06209167486732,102.00827081080581,102.76238250732422,3477300,0.0,0.0
2023-08-29 00:00:00-04:00,101.99860418067789,102.72371274120404,101.73756834441019,102.48200988769531,878800,0.0,0.0
2023-08-30 00:00:00-04:00,102.7140433960239,104.82169259078664,102.50134370301886,103.77753448486328,1176500,0.0,0.0
2023-08-31 00:00:00-04:00,103.9322267604881,108.40856094135019,103.9322267604881,107.2483901977539,890100,0.0,0.0
2023-09-01 00:00:00-04:00,107.37408072074898,108.05085318316871,107.15171821078064,107.28707122802734,2233000,0.0,0.0
2023-09-05 00:00:00-04:00,106.0011898968075,106.54260186215497,104.4832964572285,105.74981689453125,595800,0.0,0.0
2023-09-06 00:00:00-04:00,105.63381609656261,106.42660115302176,104.73468119553822,106.30091094970703,451700,0.0,0.0
2023-09-07 00:00:00-04:00,106.34926335856397,108.33122985344808,105.57581122002719,107.94450378417969,609200,0.0,0.0
2023-09-08 00:00:00-04:00,108.04117295594342,110.34218141134566,108.04117295594342,109.24968719482422,590200,0.0,0.0
2023-09-11 00:00:00-04:00,110.02314306008547,110.92227797993026,109.10466778108638,109.18201446533203,445900,0.0,0.0
2023-09-12 00:00:00-04:00,108.78561814385623,109.61707655829223,107.72212705307564,109.20134735107422,454200,0.0,0.0
2023-09-13 00:00:00-04:00,109.18201563045663,110.90293880426519,109.07566578253041,110.70957946777344,547900,0.0,0.0
2023-09-14 00:00:00-04:00,111.00928310499516,113.67768459711787,110.92227362077755,113.43598175048828,552000,0.0,0.0
2023-09-15 00:00:00-04:00,113.43599733808676,114.52849169954888,112.78823539039296,114.11276245117188,716300,0.0,0.0
2023-09-18 00:00:00-04:00,113.4553090352726,113.4553090352726,111.06728385030277,111.12529754638672,463000,0.0,0.0
2023-09-19 00:00:00-04:00,111.25100042663786,113.14595010562603,111.2026569005477,112.6432113647461,366200,0.0,0.0
2023-09-20 00:00:00-04:00,113.25227751620605,114.69282431871092,113.22327435677478,113.30062103271484,277200,0.0,0.0
2023-09-21 00:00:00-04:00,112.33382030260982,112.93323865719466,111.48302153942768,112.26614379882812,378400,0.0,0.0
2023-09-22 00:00:00-04:00,112.15978904032129,112.6528575279097,110.82558462966104,110.88359832763672,250300,0.0,0.0
2023-09-25 00:00:00-04:00,110.43887020702935,111.78273747193316,109.88778800038669,111.53136444091797,253400,0.0,0.0
2023-09-26 00:00:00-04:00,111.23165364325061,112.1501215155329,109.13366731589522,109.42371368408203,347200,0.0,0.0
2023-09-27 00:00:00-04:00,109.90711468251243,113.61966672997893,109.90711468251243,113.02024841308594,330800,0.0,0.0
2023-09-28 00:00:00-04:00,112.81721923546827,114.08373974856886,112.28547004040338,113.61966705322266,511600,0.0,0.0
2023-09-29 00:00:00-04:00,114.18043428317321,114.75085689184222,112.50785455387094,112.61420440673828,265400,0.0,0.0
2023-10-02 00:00:00-04:00,112.38215240381312,113.26195429750432,111.42501120585828,112.08244323730469,216600,0.0,0.0
2023-10-03 00:00:00-04:00,111.76338069023116,111.95674736882333,110.12947466918857,110.40984344482422,192500,0.0,0.0
2023-10-04 00:00:00-04:00,110.79659735269954,112.01478191823419,110.35186494411721,111.94710540771484,222100,0.0,0.0
2023-10-05 00:00:00-04:00,111.78273819462297,112.82688891446419,111.51202480306414,112.49817657470703,312100,0.0,0.0
2023-10-06 00:00:00-04:00,112.39181716114854,115.54362416364461,112.00509115374412,114.86685180664062,283300,0.0,0.0
2023-10-09 00:00:00-04:00,114.30612311650782,116.8681676059684,114.08375323332774,116.2977523803711,238800,0.0,0.0
2023-10-10 00:00:00-04:00,116.41377194606096,117.21621985545359,115.56297313679731,115.64031982421875,265100,0.0,0.0
2023-10-11 00:00:00-04:00,115.6499823286912,116.20106453166885,114.38345437882732,115.44695281982422,181400,0.0,0.0
2023-10-12 00:00:00-04:00,115.50495506482308,115.68865158472427,114.34477700002624,115.32125854492188,193000,0.0,0.0
2023-10-13 00:00:00-04:00,115.0312156476892,115.40827147747038,114.01606079754902,115.21490478515625,150800,0.0,0.0
2023-10-16 00:00:00-04:00,115.71765569108842,117.56426157943937,115.71765569108842,116.40409088134766,229400,0.0,0.0
2023-10-17 00:00:00-04:00,116.42342338511226,117.38057195210128,115.84333803844899,115.94001770019531,274600,0.0,0.0
2023-10-18 00:00:00-04:00,115.19557811767257,115.33093112161836,113.10726198333383,113.39730834960938,201400,0.0,0.0
2023-10-19 00:00:00-04:00,112.85590234815463,113.11693819076537,110.980285798971,111.25099182128906,212300,0.0,0.0
2023-10-20 00:00:00-04:00,111.11563366838047,111.31866317572405,108.45690233820848,109.61707305908203,399300,0.0,0.0
2023-10-23 00:00:00-04:00,109.60740174829333,111.19297171930201,108.48589707913915,108.61157989501953,350900,0.0,0.0
2023-10-24 00:00:00-04:00,109.24969097000053,110.78691759440747,109.05633163557219,109.18201446533203,300600,0.0,0.0
2023-10-25 00:00:00-04:00,108.0121666240191,108.09917610609556,104.0675744938096,105.30509185791016,295900,0.0,0.0
2023-10-26 00:00:00-04:00,106.97767574315954,109.40437426047949,105.61446821960133,106.3395767211914,369900,0.0,0.0
2023-10-27 00:00:00-04:00,106.13656247867,106.37826534726824,99.72660505887166,100.78042602539062,419700,0.0,0.0
2023-10-30 00:00:00-04:00,101.83424970312814,102.93641414335171,99.15617791107627,99.45589447021484,328400,0.0,0.0
2023-10-31 00:00:00-04:00,99.92962215430558,101.46684866682388,99.11749678120921,99.3398666381836,432500,0.0,0.0
2023-11-01 00:00:00-04:00,97.83165389526397,98.50841896608038,96.19774016919658,98.24738311767578,501300,0.0,0.0
2023-11-02 00:00:00-04:00,99.38821802362489,100.49038246449686,98.2473802403837,99.49456787109375,301200,0.0,0.0
2023-11-03 00:00:00-04:00,101.26383577252541,102.02761775268313,100.0746617425963,100.77076721191406,238000,0.0,0.0
2023-11-06 00:00:00-05:00,100.49038669408154,101.34117813345593,99.76527809055762,100.3936996459961,255300,0.0,0.0
2023-11-07 00:00:00-05:00,100.37435314396957,103.01375135085222,99.37853864276653,102.50133514404297,342600,0.0,0.0
2023-11-08 00:00:00-05:00,102.1532932879687,102.54001193650892,100.97378223183897,101.98892974853516,285200,0.0,0.0
2023-11-09 00:00:00-05:00,102.94607996802382,104.91836871095786,101.66021905009723,104.0965805053711,262200,0.0,0.0
2023-11-10 00:00:00-05:00,104.37696521420696,105.42112337007237,103.39082076223593,105.3727798461914,229500,0.0,0.0
2023-11-13 00:00:00-05:00,104.80235014808697,106.52327314352165,104.80235014808697,106.2042236328125,246300,0.0,0.0
2023-11-14 00:00:00-05:00,108.58258864800138,109.89745277448124,107.73179725047328,109.04666137695312,257000,0.0,0.0
2023-11-15 00:00:00-05:00,108.81463222302187,110.09082304871866,108.46657950908767,108.72761535644531,282800,0.0,0.0
2023-11-16 00:00:00-05:00,108.82428915992746,108.84362951865116,106.0592079572875,106.12688446044922,318500,0.0,0.0
2023-11-17 00:00:00-05:00,106.5909555053711,108.84362780923853,106.31057931776573,108.76628112792969,227800,0.0,0.0
2023-11-20 00:00:00-05:00,106.5136155152488,107.71246702229098,105.12141204515922,107.47076416015625,290800,0.0,0.0
2023-11-21 00:00:00-05:00,106.73598135117135,108.04117528202579,106.55228482252718,107.3450698852539,185400,0.0,0.0
2023-11-22 00:00:00-05:00,107.78014075430113,109.43338740360458,107.78014075430113,109.20134735107422,155000,0.0,0.0
2023-11-24 00:00:00-05:00,108.68893473430629,109.70408964466148,107.40307381483917,109.11433410644531,134200,0.0,0.0
2023-11-27 00:00:00-05:00,108.3312165528921,110.98027763143013,108.3312165528921,110.49687194824219,253900,0.0,0.0
2023-11-28 00:00:00-05:00,110.313179464362,111.89874957313606,110.11982013448637,110.93193817138672,383000,0.0,0.0
2023-11-29 00:00:00-05:00,111.6473872672406,112.55618499632872,109.63641772101926,110.1488265991211,208300,0.0,0.0
2023-11-30 00:00:00-05:00,110.4195264885764,112.22746641910038,109.6364116335393,112.08244323730469,252900,0.0,0.0
2023-12-01 00:00:00-05:00,111.74405501143757,114.51879880082025,111.74405501143757,114.2674331665039,258600,0.0,0.0
2023-12-04 00:00:00-05:00,113.27163012099209,114.74118024182611,113.08793358981816,114.37379455566406,290400,0.0,0.0
2023-12-05 00:00:00-05:00,114.17074838243929,114.38344805888654,112.43049238422446,112.4594955444336,181900,0.0,0.0
2023-12-06 00:00:00-05:00,112.92356722069992,113.5713290468286,111.105957184633,111.27998352050781,197900,0.0,0.0
2023-12-07 00:00:00-05:00,111.23164322968276,111.72471168277922,110.57421124936928,110.80624389648438,196400,0.0,0.0
2023-12-08 00:00:00-05:00,110.7385788415111,111.55069687841144,110.5645524941488,110.93193817138672,231500,0.0,0.0
2023-12-11 00:00:00-05:00,111.37666495372562,113.48431399904348,111.37666495372562,113.42630767822266,250200,0.0,0.0
2023-12-12 00:00:00-05:00,113.58101472842125,116.7231520055699,113.17494830516519,116.70381164550781,208600,0.0,0.0
2023-12-13 00:00:00-05:00,116.91650028040941,118.94680269973331,115.06988700716826,117.158203125,308500,0.0,0.0
2023-12-14 00:00:00-05:00,118.29903725515442,119.56555776198034,115.25358003053083,117.4385757446289,357000,0.0,0.0
2023-12-15 00:00:00-05:00,117.80597586859871,118.50208130555961,115.74667009774446,116.35575866699219,1182400,0.0,0.0
2023-12-18 00:00:00-05:00,117.31288951108107,118.92747012436834,115.6403099514585,117.73828887939453,257500,0.0,0.0
2023-12-19 00:00:00-05:00,118.43439414390932,119.05315283750511,116.40409171953654,117.50625610351562,262800,0.0,0.0
2023-12-20 00:00:00-05:00,117.448248602279,118.71476913799246,115.94968802665687,116.11404418945312,158400,0.0,0.0
2023-12-21 00:00:00-05:00,116.558787879911,116.558787879911,114.85720501207462,115.71766662597656,186600,0.0,0.0
2023-12-22 00:00:00-05:00,115.7563393530811,116.00770502183096,114.731514189659,114.7895278930664,205500,0.0,0.0
2023-12-26 00:00:00-05:00,115.14724026844759,116.15272504455069,114.15142567201268,116.03670501708984,131400,0.0,0.0
2023-12-27 00:00:00-05:00,115.54364760208848,116.04638635036703,114.8282017615948,115.42762756347656,112200,0.0,0.0
2023-12-28 00:00:00-05:00,115.31158821737162,116.19139009978039,114.6251530336059,115.14723205566406,127400,0.0,0.0
2023-12-29 00:00:00-05:00,114.80885329231819,115.74666152676934,114.77985013062352,114.98287963867188,116000,0.0,0.0
2024-01-02 00:00:00-05:00,114.08374778436195,114.7315096667513,112.31448111199785,113.94839477539062,164800,0.0,0.0
2024-01-03 00:00:00-05:00,113.28128322407233,113.28128322407233,111.47335073445747,111.84073638916016,173600,0.0,0.0
2024-01-04 00:00:00-05:00,111.50235473161952,113.06858439738107,111.43467823218766,113.00090789794922,220800,0.0,0.0
2024-01-05 00:00:00-05:00,112.46917207527011,113.43598347649925,110.78691492627776,110.89326477050781,224800,0.0,0.0
2024-01-08 00:00:00-05:00,111.56035969259848,116.02703072921972,110.8642543491058,115.8143310546875,245700,0.0,0.0
2024-01-09 00:00:00-05:00,114.77985724218142,115.37927562417198,113.74536927925774,114.13209533691406,208200,0.0,0.0
2024-01-10 00:00:00-05:00,114.58647844156067,114.85719181670228,112.78821610903844,113.56166076660156,226800,0.0,0.0
2024-01-11 00:00:00-05:00,113.52299867884051,113.62934852842614,111.42501960280764,113.2232894897461,241100,0.0,0.0
2024-01-12 00:00:00-05:00,113.68735341907698,114.43180235677337,110.43887377448162,111.09630584716797,329800,0.0,0.0
2024-01-16 00:00:00-05:00,110.2358260201315,111.94708622692399,109.28835503519845,111.84073638916016,211000,0.0,0.0
2024-01-17 00:00:00-05:00,111.00929073514767,114.05474828724532,111.00929073514767,113.80337524414062,179600,0.0,0.0
2024-01-18 00:00:00-05:00,113.67767866342595,113.67767866342595,110.3808484669155,111.0672836303711,251500,0.0,0.0
2024-01-19 00:00:00-05:00,111.50235447147709,113.15560099047117,110.89325860182623,112.4401626586914,191100,0.0,0.0
2024-01-22 00:00:00-05:00,113.55198587501194,113.71634940428699,111.99541906942943,112.43048858642578,166800,0.0,0.0
2024-01-23 00:00:00-05:00,113.43598538611447,113.99673777855179,112.60452697696554,113.19428253173828,205100,0.0,0.0
2024-01-24 00:00:00-05:00,114.43179148505799,114.43179148505799,112.02443329922004,112.32414245605469,154600,0.0,0.0
2024-01-25 00:00:00-05:00,113.53266742466096,113.53266742466096,110.74825313949955,111.09630584716797,174300,0.0,0.0
2024-01-26 00:00:00-05:00,111.6377181031569,112.65286568895584,110.84493301778663,111.65705108642578,143100,0.0,0.0
2024-01-29 00:00:00-05:00,111.63771498615833,112.81722608964657,111.42501529520986,112.40149688720703,177900,0.0,0.0
2024-01-30 00:00:00-05:00,112.03411104918592,112.8752396877249,111.6570551640927,111.87942504882812,145800,0.0,0.0
2024-01-31 00:00:00-05:00,111.92775192887879,112.85589735891686,109.74276348751556,109.92645263671875,191500,0.0,0.0
2024-02-01 00:00:00-05:00,110.6999019798335,111.66671335083642,109.39470810421665,111.15430450439453,216400,0.0,0.0
2024-02-02 00:00:00-05:00,110.16815641956028,111.67638722402165,109.41404470542241,111.10596466064453,364100,0.0,0.0
2024-02-05 00:00:00-05:00,110.42919597614235,111.46368384806806,109.67508428694974,111.15430450439453,201200,0.0,0.0
2024-02-06 00:00:00-05:00,110.98027882229968,112.36281938609991,110.98027882229968,112.14044952392578,127700,0.0,0.0
2024-02-07 00:00:00-05:00,112.4498278661286,112.4498278661286,110.54520829073458,110.8642578125,190500,0.0,0.0
2024-02-08 00:00:00-05:00,110.55488040091298,110.55488040091298,105.89484982020139,108.32154846191406,428600,0.0,0.0
2024-02-09 00:00:00-05:00,108.97899990799188,109.62676188103234,107.09371294573603,108.89198303222656,268600,0.0,0.0
2024-02-12 00:00:00-05:00,109.24001762368732,110.04247285305573,109.19168147957434,109.88778686523438,189100,0.0,0.0
2024-02-13 00:00:00-05:00,107.75113323360277,108.94031456352492,107.45142404425539,107.97350311279297,274500,0.0,0.0
2024-02-14 00:00:00-05:00,109.1336635285282,109.67508290527516,107.9928258300695,109.39470672607422,310700,0.0,0.0
2024-02-15 00:00:00-05:00,109.30769650648574,113.53266505655439,109.30769650648574,113.44564819335938,438400,0.0,0.0
2024-02-16 00:00:00-05:00,114.19010378308468,126.38159706019677,110.82559660807665,122.9590835571289,812800,0.0,0.0
2024-02-20 00:00:00-05:00,121.48951507049462,121.48951507049462,117.46757640367645,119.14982604980469,484300,0.0,0.0
2024-02-21 00:00:00-05:00,118.56007828403096,119.53655985477639,116.40409301165327,119.32386016845703,310800,0.0,0.0
2024-02-22 00:00:00-05:00,118.94681272399617,121.47986140420547,118.94681272399617,120.46470642089844,289300,0.0,0.0
2024-02-23 00:00:00-05:00,120.85142015745939,124.18691640333114,120.58071415649633,124.09990692138672,269800,0.0,0.0
2024-02-26 00:00:00-05:00,123.8678526389035,126.34288707871752,123.51980737496606,125.20205688476562,323000,0.0,0.0
2024-02-27 00:00:00-05:00,125.68547901724557,126.89399323856524,125.13438945118578,126.84564971923828,232000,0.0,0.0
2024-02-28 00:00:00-05:00,126.25590762020582,128.21853374422287,123.84855647676108,123.90656280517578,244800,0.0,0.0
2024-02-29 00:00:00-05:00,124.93136095398619,125.92717544139455,121.856900636646,123.76151275634766,288700,0.0,0.0
2024-03-01 00:00:00-05:00,123.59716022360935,125.0473772577635,121.84723402944262,123.36512756347656,254000,0.0,0.0
2024-03-04 00:00:00-05:00,124.24493327842863,125.25042544087628,122.27264442496883,122.94940948486328,184800,0.0,0.0
2024-03-05 00:00:00-05:00,122.79472567952651,123.925885941989,119.74926810331526,120.44537353515625,158400,0.0,0.0
2024-03-06 00:00:00-05:00,121.43150677264016,122.05993563928743,120.53237190219048,121.01577758789062,201400,0.0,0.0
2024-03-07 00:00:00-05:00,121.85691389725729,122.57235229232643,120.58072310077829,121.15113830566406,180500,0.0,0.0
2024-03-08 00:00:00-05:00,121.75056474978088,122.98808221091615,121.2478260472644,121.86658477783203,169200,0.0,0.0
2024-03-11 00:00:00-04:00,121.12213385656082,121.12213385656082,118.27970591342238,119.14017486572266,225500,0.0,0.0
2024-03-12 00:00:00-04:00,119.44955508965523,120.89010205457313,118.14435375861434,120.62905883789062,179400,0.0,0.0
2024-03-13 00:00:00-04:00,119.99096443695362,123.03642184739022,119.91361775402908,122.0502700805664,214200,0.0,0.0
2024-03-14 00:00:00-04:00,122.10827605787448,122.63034769413154,120.90942467692471,121.91490936279297,164600,0.0,0.0
2024-03-15 00:00:00-04:00,121.20915237656996,123.29746124253796,120.81275614727403,121.4798583984375,245800,0.0,0.0
2024-03-18 00:00:00-04:00,121.9632726692102,123.78087564077215,121.29617037126542,122.89141082763672,191600,0.0,0.0
2024-03-19 00:00:00-04:00,122.89140070464224,125.17307625556104,122.82372420000421,124.71867370605469,165200,0.0,0.0
2024-03-20 00:00:00-04:00,124.88303046660906,126.13988827431,124.47697143686659,125.60813903808594,204800,0.0,0.0
2024-03-21 00:00:00-04:00,126.22691093828732,128.11219047044443,126.16890460689375,127.82215881347656,248500,0.0,0.0
2024-03-22 00:00:00-04:00,128.55692588805775,128.55692588805775,126.68130922420167,127.40641784667969,140200,0.0,0.0
2024-03-25 00:00:00-04:00,127.60943896844,127.60943896844,126.42025035295441,126.84564971923828,105900,0.0,0.0
2024-03-26 00:00:00-04:00,127.32906361057296,127.76412580780149,126.40093289013501,127.29039764404297,157600,0.0,0.0
2024-03-27 00:00:00-04:00,128.12184854061792,129.04997920649782,127.19370312236705,127.87046813964844,149100,0.0,0.0
2024-03-28 00:00:00-04:00,128.4613321447087,129.73994702597207,128.2966647336929,128.33541870117188,232900,0.25,0.0
2024-04-01 00:00:00-04:00,128.21919585428543,128.2676309326502,126.06880844162376,128.25794982910156,199500,0.0,0.0
2024-04-02 00:00:00-04:00,126.79527432423889,128.62600772574407,126.68872307736572,128.15138244628906,218200,0.0,0.0
2024-04-03 00:00:00-04:00,127.43458721758793,130.04023754516743,127.43458721758793,129.3718719482422,186700,0.0,0.0
2024-04-04 00:00:00-04:00,130.44705984066167,130.44705984066167,123.75374523284914,123.8409194946289,178700,0.0,0.0
2024-04-05 00:00:00-04:00,124.14120247439722,125.46823771450302,123.3372275803676,124.78050994873047,175400,0.0,0.0
2024-04-08 00:00:00-04:00,124.99360024146102,125.72008199176014,124.32524944664544,125.58447265625,178100,0.0,0.0
2024-04-09 00:00:00-04:00,125.92350684216566,127.07619361580116,124.59647153822033,126.87277221679688,185700,0.0,0.0
2024-04-10 00:00:00-04:00,125.58447688135834,125.94288460750751,123.33723427725522,125.72978210449219,207400,0.0,0.0
2024-04-11 00:00:00-04:00,125.60385256663747,127.15368624882709,124.80957352023961,127.05681610107422,252200,0.0,0.0
2024-04-12 00:00:00-04:00,125.94287927321487,126.8921446135165,123.52126606982536,124.03465270996094,136700,0.0,0.0
2024-04-15 00:00:00-04:00,124.68365409525148,125.14859832064086,121.94239425959358,122.75605773925781,150500,0.0,0.0
2024-04-16 00:00:00-04:00,122.36859005044438,123.42440666640707,121.08998244194714,122.83353424072266,96000,0.0,0.0
2024-04-17 00:00:00-04:00,123.90872287895132,125.62322391108287,122.78510163899074,125.07109069824219,193000,0.0,0.0
2024-04-18 00:00:00-04:00,125.05171985118596,127.14397586918523,125.05171985118596,125.43917083740234,295200,0.0,0.0
2024-04-19 00:00:00-04:00,125.41982022720427,126.3691004695716,123.56971699147472,124.23807525634766,169400,0.0,0.0
2024-04-22 00:00:00-04:00,125.11952314238552,126.72747289512982,124.62552089414604,125.613525390625,115600,0.0,0.0
2024-04-23 00:00:00-04:00,125.82664960642376,126.5918854265823,124.70303558617668,125.59418487548828,136300,0.0,0.0
2024-04-24 00:00:00-04:00,124.9451976040783,125.31327169229613,123.25006589036633,123.5987777709961,221800,0.0,0.0
2024-04-25 00:00:00-04:00,122.85292421450438,123.59877565241628,121.3902720397203,122.80448913574219,254700,0.0,0.0
2024-04-26 00:00:00-04:00,109.31130257181194,110.78364328234838,102.15303522391636,102.4048843383789,774200,0.0,0.0
2024-04-29 00:00:00-04:00,101.93022564878197,103.64471915319996,98.94680579110904,100.07042694091797,597700,0.0,0.0
2024-04-30 00:00:00-04:00,100.68068618570666,102.74389168898422,96.7479932990135,97.2226333618164,661200,0.0,0.0
2024-05-01 00:00:00-04:00,97.85225211432677,100.72912122822065,97.61978000728985,98.55936431884766,458100,0.0,0.0
2024-05-02 00:00:00-04:00,99.29553323056328,99.6636146774268,97.55197397667304,98.73371887207031,317300,0.0,0.0
2024-05-03 00:00:00-04:00,99.86702794134666,100.72911906869146,97.93943167359137,97.95880126953125,275900,0.0,0.0
2024-05-06 00:00:00-04:00,98.54968157260232,100.72912710232666,98.41407221974303,99.11149597167969,369400,0.0,0.0
2024-05-07 00:00:00-04:00,99.55706440036074,102.08522164822882,98.50124773470232,101.7171401977539,366500,0.0,0.0
2024-05-08 00:00:00-04:00,101.54276893343656,101.54276893343656,99.43112853091098,99.9929428100586,240400,0.0,0.0
2024-05-09 00:00:00-04:00,100.26418001280457,100.90348017381477,98.90807913258064,99.2664794921875,236900,0.0,0.0
2024-05-10 00:00:00-04:00,99.89609024589585,100.48696271408757,98.65622912908545,100.21574401855469,251000,0.0,0.0
2024-05-13 00:00:00-04:00,100.67100828309398,101.62996222181367,98.79183959960938,98.79183959960938,171500,0.0,0.0
2024-05-14 00:00:00-04:00,99.46988062000992,99.58611296685824,97.75537960245414,97.86193084716797,174100,0.0,0.0
2024-05-15 00:00:00-04:00,98.43344732203597,100.00264334368237,98.06535846547767,99.56675720214844,201800,0.0,0.0
2024-05-16 00:00:00-04:00,99.39239402663573,101.26187409351535,99.31490086351573,99.95420837402344,199500,0.0,0.0
2024-05-17 00:00:00-04:00,100.30292296150652,101.31030454900223,99.85734095645594,100.66131591796875,184500,0.0,0.0
2024-05-20 00:00:00-04:00,100.48695460342098,101.15532018500592,98.91775873730619,99.63455200195312,254000,0.0,0.0
2024-05-21 00:00:00-04:00,99.52800286085859,101.20375740157083,99.26647267435217,101.1940689086914,286100,0.0,0.0
2024-05-22 00:00:00-04:00,100.59350910603861,103.46068964751899,100.22542766421273,103.41226196289062,373200,0.0,0.0
2024-05-23 00:00:00-04:00,103.14103531864963,105.36890817375746,102.61796759001885,103.98374938964844,352900,0.0,0.0
2024-05-24 00:00:00-04:00,104.21623622045814,105.36892308501601,103.73191500209336,104.16780853271484,520300,0.0,0.0
2024-05-28 00:00:00-04:00,104.45838164050039,104.89427510773925,103.17977410554404,103.5962905883789,483500,0.0,0.0
2024-05-29 00:00:00-04:00,102.6760828607524,104.0612416326876,102.08521047194517,102.15301513671875,405300,0.0,0.0
2024-05-30 00:00:00-04:00,102.39517292279909,102.43391950020866,100.60318621099172,100.77754211425781,222400,0.0,0.0
2024-05-31 00:00:00-04:00,100.76787112497937,101.01972022680887,99.50864039614237,100.70975494384766,443900,0.0,0.0
2024-06-03 00:00:00-04:00,101.40717402680393,101.76556698088471,100.80661308541958,101.51372528076172,304900,0.0,0.0
2024-06-04 00:00:00-04:00,101.71713571773145,103.31539708072579,101.57183788652203,101.85274505615234,290900,0.0,0.0
2024-06-05 00:00:00-04:00,102.5792345910947,102.66640886232987,101.24250331091349,102.14334106445312,223900,0.0,0.0
2024-06-06 00:00:00-04:00,101.77525192963992,104.02250189731127,100.84535615579192,101.9496078491211,650400,0.0,0.0
2024-06-07 00:00:00-04:00,101.88180811821258,103.4897506623402,101.63964751775953,102.49205017089844,205700,0.0,0.0
2024-06-10 00:00:00-04:00,101.82369064594498,102.70515137752022,100.88410634569365,101.80431365966797,217100,0.0,0.0
2024-06-11 00:00:00-04:00,101.69774800120052,102.35642502838017,101.05844795755333,101.8139877319336,233400,0.0,0.0
2024-06-12 00:00:00-04:00,102.86014645534222,103.58662830926319,101.06815197021265,101.14564514160156,261200,0.0,0.0
2024-06-13 00:00:00-04:00,100.91316055910926,101.13595155180828,98.78215034009236,98.97587585449219,283600,0.0,0.0
2024-06-14 00:00:00-04:00,98.67559550418335,100.36103106670694,98.67559550418335,99.21803283691406,233200,0.0,0.0
2024-06-17 00:00:00-04:00,99.05337072798986,99.78953360755412,98.82089123850712,99.09211730957031,258200,0.0,0.0
2024-06-18 00:00:00-04:00,99.32457830551647,100.3513367370766,99.13084541927137,99.6248550415039,552600,0.0,0.0
2024-06-20 00:00:00-04:00,99.77984980197107,101.35873416029366,99.77984980197107,100.49664306640625,428300,0.0,0.0
2024-06-21 00:00:00-04:00,100.54507775181219,101.31029869634364,99.537688832358,100.10918426513672,367000,0.0,0.0
2024-06-24 00:00:00-04:00,100.28354417288828,101.84305899207376,99.77016489517285,100.25448608398438,349800,0.0,0.0
2024-06-25 00:00:00-04:00,100.08012609125429,100.43852641685838,98.90806974880356,98.95650482177734,227000,0.0,0.0
2024-06-26 00:00:00-04:00,98.67560690811362,98.67560690811362,96.96110567020239,97.25170135498047,339500,0.0,0.0
2024-06-27 00:00:00-04:00,97.53260310912462,98.18159172677423,96.53490264524288,97.08702850341797,319400,0.0,0.0
2024-06-28 00:00:00-04:00,97.70695642861362,97.96848661124125,96.62207433700561,96.8642349243164,506900,0.0,0.0
2024-07-01 00:00:00-04:00,97.02930930297838,97.58281888769824,96.16505762523465,96.2330322265625,329100,0.25,0.0
2024-07-02 00:00:00-04:00,96.28160002356107,96.84482244868595,96.14565080490013,96.77684783935547,337900,0.0,0.0
2024-07-03 00:00:00-04:00,96.69915711637007,97.99068205773746,96.38841499749066,96.46609497070312,105100,0.0,0.0
2024-07-05 00:00:00-04:00,96.3398633573603,97.08759148031199,95.19400034746869,95.55329895019531,278900,0.0,0.0
2024-07-08 00:00:00-04:00,96.223325155126,96.88365306802042,95.30081159547892,95.5435791015625,320100,0.0,0.0
2024-07-09 00:00:00-04:00,95.1648580036345,95.53386192877014,94.57250472336678,94.89295959472656,387700,0.0,0.0
2024-07-10 00:00:00-04:00,95.17458039967089,95.33966053481457,93.96074280242007,94.26177215576172,214700,0.0,0.0
2024-07-11 00:00:00-04:00,95.11630645232685,98.82579366969442,95.11630645232685,98.17517852783203,808800,0.0,0.0
2024-07-12 00:00:00-04:00,99.13653141364144,99.80657207542734,98.19459974956806,98.24314880371094,409400,0.0,0.0
2024-07-15 00:00:00-04:00,98.92290202270419,105.06006403054161,98.67042175221668,104.97266387939453,742700,0.0,0.0
2024-07-16 00:00:00-04:00,105.76894328401515,107.65282146658431,105.49704486770129,106.49724578857422,519300,0.0,0.0
2024-07-17 00:00:00-04:00,106.71088181898477,108.24517419867277,106.3807215748038,106.5069580078125,533800,0.0,0.0
2024-07-18 00:00:00-04:00,105.68156313310104,107.98299458020335,104.34148162346973,104.38032531738281,268300,0.0,0.0
2024-07-19 00:00:00-04:00,104.62308146913696,105.39994044555394,103.739411606922,104.68135070800781,294900,0.0,0.0
2024-07-22 00:00:00-04:00,104.63279683701442,106.80799165274662,104.01131260394808,105.72039794921875,386500,0.0,0.0
2024-07-23 00:00:00-04:00,105.1863036861191,105.914606197076,104.32205196581104,104.92411804199219,343900,0.0,0.0
2024-07-24 00:00:00-04:00,104.89498216055875,106.43898737224842,104.51626543873753,104.8852767944336,227700,0.0,0.0
2024-07-25 00:00:00-04:00,104.97267097289783,107.11873489537135,104.97267097289783,105.70097351074219,418700,0.0,0.0
2024-07-26 00:00:00-04:00,107.23527110961277,112.89661155328736,105.02123247380895,107.77906799316406,594000,0.0,0.0
2024-07-29 00:00:00-04:00,107.73050824875939,107.73050824875939,100.83590531682766,100.86504364013672,475800,0.0,0.0
2024-07-30 00:00:00-04:00,101.47680170255053,103.82678901652754,100.97184862853673,103.36067962646484,395700,0.0,0.0
2024-07-31 00:00:00-04:00,103.41894662980553,105.50674844256488,100.97185368767808,101.23403930664062,361100,0.0,0.0
2024-08-01 00:00:00-04:00,101.64188856797722,102.52556576716164,98.06835090205439,99.16566467285156,286400,0.0,0.0
2024-08-02 00:00:00-04:00,97.66050578302054,98.4276519420497,96.757410422004,97.56340026855469,276900,0.0,0.0
2024-08-05 00:00:00-04:00,94.67933457150765,95.4756117556594,92.77603806813703,93.63057708740234,289900,0.0,0.0
2024-08-06 00:00:00-04:00,93.03821511409745,94.30060908821751,92.1059887952743,92.44586181640625,239800,0.0,0.0
2024-08-07 00:00:00-04:00,92.59152979562067,93.73739277584063,90.12501092603952,90.19298553466797,290500,0.0,0.0
2024-08-08 00:00:00-04:00,90.45517091111212,92.54297286813623,90.13471603682274,91.39710998535156,212500,0.0,0.0
2024-08-09 00:00:00-04:00,91.21261776683693,91.21261776683693,89.26076472769228,90.82418823242188,194300,0.0,0.0
2024-08-12 00:00:00-04:00,90.7756303604564,91.3291399854547,89.64918556085203,89.88224029541016,159500,0.0,0.0
2024-08-13 00:00:00-04:00,90.62024821747477,90.77562296697619,88.94029392970077,90.600830078125,184200,0.0,0.0
2024-08-14 00:00:00-04:00,90.78534095081271,90.79505372617551,89.62005980228976,90.63967895507812,323100,0.0,0.0
2024-08-15 00:00:00-04:00,92.15454999146216,93.58202416219602,91.6884331037765,92.85372161865234,300300,0.0,0.0
2024-08-16 00:00:00-04:00,92.59153651616691,93.49463204416632,92.3487689807765,93.08678436279297,199300,0.0,0.0
2024-08-19 00:00:00-04:00,92.69834465127099,94.10640064721487,92.42644622686153,94.08697509765625,220800,0.0,0.0
2024-08-20 00:00:00-04:00,92.06714609199389,93.23243455951085,91.8535095025153,92.91197967529297,254200,0.0,0.0
2024-08-21 00:00:00-04:00,93.48490260056958,93.75680841501666,92.75660012424996,93.708251953125,168200,0.0,0.0
2024-08-22 00:00:00-04:00,94.06754965678468,95.8834457397461,93.50432730211526,95.8834457397461,263900,0.0,0.0
2024-08-23 00:00:00-04:00,96.32044499315569,100.38922364905287,96.2718885249857,99.63179016113281,357200,0.0,0.0
2024-08-26 00:00:00-04:00,100.52516758563065,100.87475339378422,98.00038695571443,98.15576171875,221200,0.0,0.0
2024-08-27 00:00:00-04:00,98.27228578317967,100.02992760597532,97.40803403412954,99.10740661621094,226700,0.0,0.0
2024-08-28 00:00:00-04:00,99.04915334480198,100.21443453832879,98.84522950636864,99.57353210449219,256100,0.0,0.0
2024-08-29 00:00:00-04:00,100.02021648647629,100.36008952678239,98.51505492539361,99.92311096191406,206500,0.0,0.0
2024-08-30 00:00:00-04:00,100.27269346627934,101.04954504580215,99.31132880143063,99.85513305664062,403600,0.0,0.0
2024-09-03 00:00:00-04:00,99.05885187661842,99.93281635043256,96.38840940082174,96.79625701904297,201800,0.0,0.0
2024-09-04 00:00:00-04:00,96.1067990683631,97.1555564462596,95.68923867209003,96.903076171875,178200,0.0,0.0
2024-09-05 00:00:00-04:00,97.11671300869612,97.11671300869612,94.30060852016783,94.3782958984375,150700,0.0,0.0
2024-09-06 00:00:00-04:00,94.33946183852697,94.59194213933598,90.94071648341868,91.34856414794922,268200,0.0,0.0
2024-09-09 00:00:00-04:00,91.29030166582157,91.8923603829075,89.76572191367929,90.28038787841797,353400,0.0,0.0
2024-09-10 00:00:00-04:00,90.28038135672803,91.85351005475322,90.04732662529399,91.58161163330078,206800,0.0,0.0
2024-09-11 00:00:00-04:00,90.96984128489078,92.62065738291172,89.94050941732547,92.40702819824219,295800,0.0,0.0
2024-09-12 00:00:00-04:00,93.06734253351654,93.55287751937672,91.66900681213883,93.22271728515625,167300,0.0,0.0
2024-09-13 00:00:00-04:00,94.28118787146771,95.59213836970675,94.09668959933325,95.01920318603516,167400,0.0,0.0
2024-09-16 00:00:00-04:00,95.48532746982244,95.98056790088343,94.72789395532715,95.14545440673828,139700,0.0,0.0
2024-09-17 00:00:00-04:00,96.01939284863722,96.8739391360419,94.46568242882284,94.47539520263672,163700,0.0,0.0
2024-09-18 00:00:00-04:00,94.4559703684953,96.34956120801769,94.05783554322723,94.82498168945312,147700,0.0,0.0
2024-09-19 00:00:00-04:00,96.54379433436077,96.54379433436077,94.1840935295321,95.56301879882812,150800,0.0,0.0
2024-09-20 00:00:00-04:00,96.06795741503556,96.06795741503556,93.57230775894121,93.9898681640625,602400,0.0,0.0
2024-09-23 00:00:00-04:00,93.75681690274789,94.93181078187371,93.72767857776947,93.81507873535156,448100,0.0,0.0
2024-09-24 00:00:00-04:00,94.4948187420454,94.57250611964493,92.57210430285153,93.06734466552734,367300,0.0,0.0
2024-09-25 00:00:00-04:00,93.59172559130289,93.59172559130289,92.22252071955245,92.55268096923828,184700,0.0,0.0
2024-09-26 00:00:00-04:00,93.81507175409364,93.95102095916994,92.3681795522525,92.84400177001953,198900,0.0,0.0
2024-09-27 00:00:00-04:00,93.72768800734424,94.4559906228682,92.59153770520943,93.4266586303711,168600,0.0,0.0
2024-09-30 00:00:00-04:00,92.7760197015526,94.4268355781627,92.31961566037762,94.1646499633789,182500,0.0,0.0
2024-10-01 00:00:00-04:00,93.63893227200832,96.05341413557056,92.19803048720357,93.95047760009766,428500,0.25,0.0
2024-10-02 00:00:00-04:00,93.38580964478005,93.96995627072913,92.29540459042907,93.5999984741211,254600,0.0,0.0
2024-10-03 00:00:00-04:00,93.57077598550396,94.68065661015267,92.8892729450446,94.41779327392578,402400,0.0,0.0
2024-10-04 00:00:00-04:00,95.32323622460508,96.14103998673014,94.90459646223333,95.6055679321289,142400,0.0,0.0
2024-10-07 00:00:00-04:00,95.0214148065775,95.0214148065775,93.88232788985212,94.10625457763672,250200,0.0,0.0
2024-10-08 00:00:00-04:00,94.64171277570355,94.81695747627373,93.59024457228251,93.96994018554688,190100,0.0,0.0
2024-10-09 00:00:00-04:00,94.15492815638761,95.84895540699682,93.29818036445542,95.00194549560547,223800,0.0,0.0
2024-10-10 00:00:00-04:00,94.3204359569537,95.41084832612701,93.81417758101794,94.10625457763672,196300,0.0,0.0
2024-10-11 00:00:00-04:00,94.09651543131599,95.50820356438963,94.09651543131599,94.92405700683594,151100,0.0,0.0
2024-10-14 00:00:00-04:00,94.73907698794505,95.6055626811993,94.73907698794505,95.44005584716797,114200,0.0,0.0
2024-10-15 00:00:00-04:00,95.6445058695696,97.14382009806286,94.01862890351597,94.26202392578125,276500,0.0,0.0
2024-10-16 00:00:00-04:00,95.07009185565896,95.18691670599164,93.75576029463305,93.8336410522461,141300,0.0,0.0
2024-10-17 00:00:00-04:00,93.92127938318947,94.40806946401635,92.49011535710612,94.36912536621094,144200,0.0,0.0
2024-10-18 00:00:00-04:00,94.35937560211757,94.35937560211757,90.97132122580373,91.31207275390625,399300,0.0,0.0
2024-10-21 00:00:00-04:00,91.48732393064354,91.48732393064354,88.48869541554042,88.84892272949219,297400,0.0,0.0
2024-10-22 00:00:00-04:00,88.28424496592449,90.13404866665022,87.56379776191669,89.60831451416016,311500,0.0,0.0
2024-10-23 00:00:00-04:00,89.43306890114317,91.28287258334625,89.33571237635915,90.84475708007812,295300,0.0,0.0
2024-10-24 00:00:00-04:00,90.70845112543832,91.29259766761665,88.76129103295969,89.20913696289062,420500,0.0,0.0
2024-10-25 00:00:00-04:00,79.49281063137701,80.69030990411953,72.35646725606186,78.1882095336914,2085700,0.0,0.0
2024-10-28 00:00:00-04:00,77.09780643965617,80.64163722298298,76.65969096101016,80.46639251708984,1016900,0.0,0.0
2024-10-29 00:00:00-04:00,80.48586077206433,84.60410764266138,80.10616514763373,84.53595733642578,948400,0.0,0.0
2024-10-30 00:00:00-04:00,83.95181172696515,85.94764639053349,82.61800437257598,83.37739562988281,572300,0.0,0.0
2024-10-31 00:00:00-04:00,83.83497800711989,84.09784135020465,82.15068126629119,82.64720916748047,566300,0.0,0.0
2024-11-01 00:00:00-04:00,82.8419136253414,83.17293466779464,81.43996356103645,81.80992126464844,417200,0.0,0.0
2024-11-04 00:00:00-05:00,82.01439768410637,82.98797792821722,79.3759961139053,79.83358001708984,665400,0.0,0.0
2024-11-05 00:00:00-05:00,80.19378833190247,81.7515148668862,79.49280953420327,81.60547637939453,407600,0.0,0.0
2024-11-06 00:00:00-05:00,85.97685327492107,91.10762438371823,85.83082220724252,90.62083435058594,476700,0.0,0.0
2024-11-07 00:00:00-05:00,89.78354978492331,91.58467131934803,89.12151508046261,90.533203125,526400,0.0,0.0
2024-11-08 00:00:00-05:00,91.04920141795218,91.60414173964935,89.37465000056551,90.28981018066406,543400,0.0,0.0
2024-11-11 00:00:00-05:00,91.85728486345995,94.80723150370446,91.3802326739243,93.74603271484375,383100,0.0,0.0
2024-11-12 00:00:00-05:00,93.12293768537043,94.46647554408395,92.93795509019132,93.28844451904297,377900,0.0,0.0
2024-11-13 00:00:00-05:00,93.86286791307484,95.741870513624,92.8990181951166,94.68067169189453,354900,0.0,0.0
2024-11-14 00:00:00-05:00,95.38164482776368,95.90737897995038,93.41500884056602,93.75576782226562,424400,0.0,0.0
2024-11-15 00:00:00-05:00,94.53462940222711,94.81696853205717,88.97548773569513,89.28703308105469,312600,0.0,0.0
2024-11-18 00:00:00-05:00,89.08257185511216,89.50121156094322,85.31481450263266,85.56794738769531,451900,0.0,0.0
2024-11-19 00:00:00-05:00,84.65278249473594,86.86281337090887,84.00048564300218,86.68756866455078,316300,0.0,0.0
2024-11-20 00:00:00-05:00,87.60274088299042,92.26618303704122,86.91149247379263,91.71124267578125,392800,0.0,0.0
2024-11-21 00:00:00-05:00,91.98385215944833,92.35380992762647,89.48175157118465,89.87117767333984,335200,0.0,0.0
2024-11-22 00:00:00-05:00,90.28981296563714,90.9323793725938,90.02694961686258,90.5429458618164,321800,0.0,0.0
2024-11-25 00:00:00-05:00,91.12710517152347,93.54158733410068,91.11736728973851,91.574951171875,386000,0.0,0.0
2024-11-26 00:00:00-05:00,90.81555166351522,91.48732431773387,89.67646471509585,90.47480010986328,450500,0.0,0.0
2024-11-27 00:00:00-05:00,90.51372982871416,91.31206509667605,90.29954104963221,90.4455795288086,371100,0.0,0.0
2024-11-29 00:00:00-05:00,90.57214488926088,92.03251486794055,90.23139337980079,90.96157836914062,206000,0.0,0.0
2024-12-02 00:00:00-05:00,90.93237853451342,92.3635424024298,89.94906060012421,91.77938842773438,256300,0.0,0.0
2024-12-03 00:00:00-05:00,92.2369739902456,92.49010688889082,90.10483868236055,90.25086975097656,205400,0.0,0.0
2024-12-04 00:00:00-05:00,90.29956037352267,91.54574179723322,90.03669699701352,91.42891693115234,404200,0.0,0.0
2024-12-05 00:00:00-05:00,91.66256141234113,92.71402962859263,90.58188698360924,91.94490051269531,375800,0.0,0.0
2024-12-06 00:00:00-05:00,92.64589258437923,93.53184667700901,91.81834349724387,92.18830871582031,297400,0.0,0.0
2024-12-09 00:00:00-05:00,92.46089166903337,93.24948907405259,90.3871615627595,90.46504974365234,250100,0.0,0.0
2024-12-10 00:00:00-05:00,90.81554713583752,92.53878800783447,88.85864912838937,91.75018310546875,438700,0.0,0.0
2024-12-11 00:00:00-05:00,91.86701550958777,93.79469987832647,91.77938944128523,92.35380554199219,645600,0.0,0.0
2024-12-12 00:00:00-05:00,92.49010526457975,92.9866331726336,91.55546930271895,92.38301086425781,379800,0.0,0.0
2024-12-13 00:00:00-05:00,92.49010785255167,93.35659353189156,91.33154517728363,92.89900970458984,273200,0.0,0.0
2024-12-16 00:00:00-05:00,92.76270334317317,93.17160516989125,88.9657397703563,89.11177825927734,334800,0.0,0.0
2024-12-17 00:00:00-05:00,88.10899207738056,89.87116954202382,87.55405176140955,88.50816345214844,276400,0.0,0.0
2024-12-18 00:00:00-05:00,88.87812916163718,90.78634528650767,86.79466831979762,86.85308074951172,323500,0.0,0.0
2024-12-19 00:00:00-05:00,87.37881289911222,88.55684391426801,85.441390603759,86.22998809814453,285100,0.0,0.0
2024-12-20 00:00:00-05:00,85.20772402943594,88.45948530934454,85.04221720104704,87.68061828613281,814200,0.0,0.0
2024-12-23 00:00:00-05:00,87.9142787452881,87.9142787452881,86.47337704796651,87.30091857910156,193800,0.0,0.0
2024-12-24 00:00:00-05:00,87.29118986286285,88.40107051310649,86.80439984335858,88.10899353027344,95500,0.0,0.0
2024-12-26 00:00:00-05:00,87.68062195243922,88.38160081707547,87.38855237739195,87.90454864501953,137400,0.0,0.0
2024-12-27 00:00:00-05:00,87.18410508396165,88.1284715866243,86.40523799568662,87.86560821533203,186500,0.0,0.0
2024-12-30 00:00:00-05:00,86.95042584347554,89.36490746785529,86.41496130989883,88.28423309326172,240400,0.0,0.0
2024-12-31 00:00:00-05:00,88.48868896790951,89.35517460660563,87.97269273675633,88.37185668945312,169700,0.0,0.0
2025-01-02 00:00:00-05:00,89.07477394612921,90.39273549507075,86.76102137861919,87.37606811523438,274300,0.25,0.0
2025-01-03 00:00:00-05:00,87.77634282272261,89.56290929881999,87.35654688607879,89.25050354003906,274100,0.0,0.0
2025-01-06 00:00:00-05:00,87.98135870173394,89.96318343899709,87.59084963984947,87.66895294189453,290100,0.0,0.0
2025-01-07 00:00:00-05:00,88.33281233939718,89.05524923160249,87.48345572470491,88.0887451171875,185400,0.0,0.0
2025-01-08 00:00:00-05:00,87.23939287007138,88.3425740882865,86.39003621285669,88.04969787597656,255200,0.0,0.0
2025-01-10 00:00:00-05:00,86.9172240426296,88.45973078216107,86.71220845547785,87.6982421875,312100,0.0,0.0
2025-01-13 00:00:00-05:00,87.13199662220956,89.62148521932313,86.72196548453026,89.27978515625,196000,0.0,0.0
2025-01-14 00:00:00-05:00,89.31884761240703,90.05104935329081,88.74285248478228,89.68983459472656,131200,0.0,0.0
2025-01-15 00:00:00-05:00,91.27137708903497,91.41781891324352,90.45131479081199,90.70514678955078,182500,0.0,0.0
2025-01-16 00:00:00-05:00,90.50013282156753,91.2128124649074,89.51410649981112,90.0705795288086,284000,0.0,0.0
2025-01-17 00:00:00-05:00,91.25185790787674,91.25185790787674,88.19613139576342,88.22542572021484,230200,0.0,0.0
2025-01-21 00:00:00-05:00,89.06501916485477,91.55450050658506,88.65498054705343,91.50569152832031,298000,0.0,0.0
2025-01-22 00:00:00-05:00,91.07613125039484,92.15979038089411,91.00779272182015,92.0719223022461,186700,0.0,0.0
2025-01-23 00:00:00-05:00,91.92548351668803,92.59910399514291,91.55449656646876,92.11096954345703,234200,0.0,0.0
2025-01-24 00:00:00-05:00,91.53498077392578,92.42338166408227,91.29091353126263,91.53498077392578,185800,0.0,0.0
2025-01-27 00:00:00-05:00,92.52101103844512,93.46799317231591,91.49593304431292,93.44847106933594,369500,0.0,0.0
2025-01-28 00:00:00-05:00,93.54609579761544,94.71761562473534,91.68142587047642,92.41362762451172,219400,0.0,0.0
2025-01-29 00:00:00-05:00,92.26718528169687,93.11653454481511,91.69118269852089,92.31599426269531,225300,0.0,0.0
2025-01-30 00:00:00-05:00,93.00913405958072,93.43869475551128,87.95206090130401,89.39694213867188,307100,0.0,0.0
2025-01-31 00:00:00-05:00,89.83626075876565,91.85713708063851,89.64100995841044,91.17375183105469,408000,0.0,0.0
2025-02-03 00:00:00-05:00,89.48480917315598,90.85157964735654,88.7330779640052,90.12914276123047,245200,0.0,0.0
2025-02-04 00:00:00-05:00,90.34392462092133,91.32995829241294,89.68982624754219,90.5196533203125,173200,0.0,0.0
2025-02-05 00:00:00-05:00,90.91015827707099,91.23232133783767,88.8795172751331,89.07476806640625,212200,0.0,0.0
2025-02-06 00:00:00-05:00,89.1431166995521,89.1431166995521,87.77634610892885,88.26448059082031,222900,0.0,0.0
2025-02-07 00:00:00-05:00,88.37186220023634,88.37186220023634,84.40821264116596,85.92143249511719,463400,0.0,0.0
2025-02-10 00:00:00-05:00,86.58529800424053,92.1890798499625,86.36075286212908,91.73023223876953,480200,0.0,0.0
2025-02-11 00:00:00-05:00,90.72467592860073,92.29646957047441,89.09430853183574,89.95342254638672,306500,0.0,0.0
2025-02-12 00:00:00-05:00,88.77212961455996,91.56425920905858,87.9911115307115,89.94364929199219,371200,0.0,0.0
2025-02-13 00:00:00-05:00,84.90611404864985,84.90611404864985,76.60782775126249,76.62734985351562,1155800,0.0,0.0
2025-02-14 00:00:00-05:00,76.63711130794515,76.92023019256521,73.99142339098769,75.74870300292969,666900,0.0,0.0
2025-02-18 00:00:00-05:00,72.90776351046082,74.06952591298327,69.57868290586894,70.42803955078125,745900,0.0,0.0
2025-02-19 00:00:00-05:00,70.05706470774724,71.25787139265886,69.11008259706692,70.85760498046875,578800,0.0,0.0
2025-02-20 00:00:00-05:00,69.76416822083505,70.15467723423454,66.56200771797097,68.0947494506836,686800,0.0,0.0
2025-02-21 00:00:00-05:00,68.22166976303987,68.23143453782035,64.55090396970466,64.93164825439453,547400,0.0,0.0
2025-02-24 00:00:00-05:00,64.97069547704277,68.42668067970665,63.87727167471718,67.39183807373047,1285800,0.0,0.0
2025-02-25 00:00:00-05:00,67.71402104098455,70.594011722448,67.55781441977106,69.96920013427734,1168500,0.0,0.0
2025-02-26 00:00:00-05:00,69.31509580812255,71.58980426097686,68.88553508443407,69.80323028564453,894500,0.0,0.0
2025-02-27 00:00:00-05:00,71.03333580461315,72.57583519164906,70.10587576890781,71.44336700439453,611100,0.0,0.0
2025-02-28 00:00:00-05:00,71.70695289427788,72.52702270252536,71.18953153171681,71.96078491210938,552100,0.0,0.0
2025-03-03 00:00:00-05:00,72.20484813536918,72.84918919514888,70.59400293426066,71.07238006591797,779800,0.0,0.0
2025-03-04 00:00:00-05:00,70.6232913074175,72.55630707940121,70.6232913074175,71.27739715576172,587800,0.0,0.0
2025-03-05 00:00:00-05:00,72.49772862993734,73.53257125235403,71.52145975646035,73.08348846435547,713100,0.0,0.0
2025-03-06 00:00:00-05:00,72.75155605806779,74.30382750156443,72.02911914859313,72.83942413330078,898700,0.0,0.0
2025-03-07 00:00:00-05:00,72.97610565429724,74.07928691121357,72.72227363605111,73.8254623413086,574500,0.0,0.0
2025-03-10 00:00:00-04:00,73.45447227182828,74.50884450475108,72.2731877592973,72.39034271240234,524200,0.0,0.0
2025-03-11 00:00:00-04:00,72.17555986500334,73.23968938770471,71.09190079328802,71.33596801757812,666300,0.0,0.0
2025-03-12 00:00:00-04:00,71.6972031694091,71.95102776581238,69.8032387826074,70.46710205078125,554700,0.0,0.0
2025-03-13 00:00:00-04:00,70.45732017533221,72.0974521193477,70.0961054725971,71.56050872802734,622100,0.0,0.0
2025-03-14 00:00:00-04:00,71.94126266381151,73.43495299370706,71.09190597991314,73.17135620117188,766700,0.0,0.0
2025-03-17 00:00:00-04:00,73.17135360216909,76.79331790077023,73.17135360216909,75.93419647216797,768400,0.0,0.0
2025-03-18 00:00:00-04:00,75.67060930942776,78.00389153210133,74.35264770075699,77.73053741455078,497900,0.0,0.0
2025-03-19 00:00:00-04:00,78.00388970361368,78.50178894796154,76.68592812583722,77.24240112304688,480000,0.0,0.0
2025-03-20 00:00:00-04:00,76.40280370638014,78.33581189423201,76.21731023796411,76.98856353759766,390400,0.0,0.0
2025-03-21 00:00:00-04:00,76.50043104531805,76.50043104531805,74.35264246022355,74.87006378173828,1877000,0.0,0.0
2025-03-24 00:00:00-04:00,75.29961609385431,78.35534245766183,75.29961609385431,77.83792114257812,495400,0.0,0.0
2025-03-25 00:00:00-04:00,78.60917225316301,78.8239526130135,76.27589006813442,76.59806060791016,382900,0.0,0.0
2025-03-26 00:00:00-04:00,76.58829358709852,77.63290103073385,76.58829358709852,77.22286987304688,311700,0.0,0.0
2025-03-27 00:00:00-04:00,77.13500830929165,79.04849447027577,76.39304185557434,78.98015594482422,290100,0.0,0.0
2025-03-28 00:00:00-04:00,78.73607860657891,78.98991057494597,76.67615088465244,77.18380737304688,237800,0.0,0.0
2025-03-31 00:00:00-04:00,77.07642398177407,78.39439290938236,76.4711420518672,77.35954284667969,488300,0.0,0.0
2025-04-01 00:00:00-04:00,77.46241569071762,78.22655619803196,76.04189884755947,77.77590942382812,271300,0.275,0.0
2025-04-02 00:00:00-04:00,76.85502381148521,77.98164456474004,76.81584363203835,77.92286682128906,275100,0.0,0.0
2025-04-03 00:00:00-04:00,75.15039168034505,76.24762341145244,73.7690625786517,75.62063598632812,324000,0.0,0.0
2025-04-04 00:00:00-04:00,73.74946199091728,74.87608254348865,71.5158184462878,72.2309799194336,532400,0.0,0.0
2025-04-07 00:00:00-04:00,70.83006684354783,73.55354528132352,67.98902544307448,72.15261840820312,555800,0.0,0.0
2025-04-08 00:00:00-04:00,73.42616865192971,74.70953977647498,70.45777358264864,71.20232391357422,461600,0.0,0.0
2025-04-09 00:00:00-04:00,71.02599507539418,77.1195368142991,69.17442145688841,76.2574234008789,619600,0.0,0.0
2025-04-10 00:00:00-04:00,75.1308050865811,76.18884174424794,73.72987835843296,75.18958282470703,329600,0.0,0.0
2025-04-11 00:00:00-04:00,74.20991329386385,77.19790619177762,74.13153799424776,77.03135681152344,290100,0.0,0.0
2025-04-14 00:00:00-04:00,77.56037656173785,78.50085770627108,75.99290798751582,78.09919738769531,305400,0.0,0.0
2025-04-15 00:00:00-04:00,77.83468332349338,78.26573998811138,76.6198961019006,77.14891815185547,214500,0.0,0.0
2025-04-16 00:00:00-04:00,77.07054475603377,77.96204697544579,75.87534759229807,76.8354263305664,247000,0.0,0.0
2025-04-17 00:00:00-04:00,76.4337531095321,77.1195257237941,73.05389888860762,74.87608337402344,606100,0.0,0.0
2025-04-21 00:00:00-04:00,74.6899556318738,74.6899556318738,72.25058213791432,72.7991943359375,321200,0.0,0.0
2025-04-22 00:00:00-04:00,73.6221166424488,74.66056324677291,72.67183664825171,74.65076446533203,281900,0.0,0.0
2025-04-23 00:00:00-04:00,75.56186342455955,76.8060471766865,74.81732040402407,75.2679672241211,320900,0.0,0.0
2025-04-24 00:00:00-04:00,74.92508175500804,76.00271606445312,72.63265261195951,76.00271606445312,958700,0.0,0.0
2025-04-25 00:00:00-04:00,82.71343991506332,86.75946950685785,74.2295042289207,75.7186050415039,1190400,0.0,0.0
2025-04-28 00:00:00-04:00,76.05168901127547,78.32452041072857,74.85649931032691,77.86408233642578,554400,0.0,0.0
2025-04-29 00:00:00-04:00,77.07054829077175,77.43302846379693,74.42544532867993,76.76685333251953,588500,0.0,0.0
2025-04-30 00:00:00-04:00,76.33579707768857,76.98238212395712,74.45483462827522,76.73746490478516,393200,0.0,0.0
2025-05-01 00:00:00-04:00,76.70807236538691,77.8542831024606,75.93413309290776,77.16851043701172,319700,0.0,0.0
2025-05-02 00:00:00-04:00,77.717134563784,79.54911059809172,77.67794691140837,78.82415771484375,374000,0.0,0.0
2025-05-05 00:00:00-04:00,78.27554538004703,79.80382644836364,76.88441735764191,79.02009582519531,408700,0.0,0.0
2025-05-06 00:00:00-04:00,78.2167624350584,78.30493652386424,76.87462080763713,77.78571319580078,430400,0.0,0.0
2025-05-07 00:00:00-04:00,78.04042273506015,79.45114077045412,76.41416888648816,79.3139877319336,382800,0.0,0.0
2025-05-08 00:00:00-04:00,79.95077222962838,81.93949871922729,79.73524389541534,80.51898193359375,301800,0.0,0.0
2025-05-09 00:00:00-04:00,80.14671163649182,81.47906196036553,79.94098206101906,80.26427459716797,250800,0.0,0.0
2025-05-12 00:00:00-04:00,83.27184777845258,84.88830278900791,81.31251018366545,82.75262451171875,279300,0.0,0.0
2025-05-13 00:00:00-04:00,82.84078946023719,83.60492991104788,82.12563543802908,82.14522552490234,252700,0.0,0.0
2025-05-14 00:00:00-04:00,82.12563499857585,83.0269284755154,80.85206260451982,82.17461395263672,258800,0.0,0.0
2025-05-15 00:00:00-04:00,82.1844132709227,83.9184311953188,81.93949607617701,83.76168060302734,434800,0.0,0.0
2025-05-16 00:00:00-04:00,83.76168646443875,84.53562575090685,83.105310130416,84.2417221069336,284400,0.0,0.0
2025-05-19 00:00:00-04:00,83.47758029458518,84.97647241196165,83.10530882909116,84.69236755371094,288800,0.0,0.0
2025-05-20 00:00:00-04:00,84.74135249722512,85.01565856953945,83.63432942701948,83.72249603271484,262200,0.0,0.0
2025-05-21 00:00:00-04:00,82.71343531656073,83.11509562935748,81.25373092853222,81.42027282714844,281400,0.0,0.0
2025-05-22 00:00:00-04:00,80.9108511665575,81.32231778655269,80.11732174635354,80.15650939941406,251000,0.0,0.0
2025-05-23 00:00:00-04:00,79.10826021986904,80.00955377467683,78.37350857696003,79.5295181274414,225700,0.0,0.0
2025-05-27 00:00:00-04:00,80.37203172988355,81.25373517195642,79.29439751147447,80.76390075683594,248000,0.0,0.0
2025-05-28 00:00:00-04:00,80.8324859006355,81.86113379757506,79.61769104003906,79.61769104003906,213500,0.0,0.0
2025-05-29 00:00:00-04:00,79.54911008155665,80.67573078862897,78.91233128885874,80.47000122070312,185300,0.0,0.0
2025-05-30 00:00:00-04:00,80.35243359093568,81.91011090646388,79.87239796036155,81.51824188232422,311100,0.0,0.0
2025-06-02 00:00:00-04:00,81.35170070175361,81.43007600213654,79.58829381453783,80.56796264648438,231500,0.0,0.0
2025-06-03 00:00:00-04:00,80.56796411469273,81.03820845127964,80.3034568139302,80.6463394165039,172600,0.0,0.0
2025-06-04 00:00:00-04:00,80.62675582007702,82.37056531724252,80.35244224165078,81.79255676269531,229700,0.0,0.0
2025-06-05 00:00:00-04:00,81.71418145700748,81.76316041439445,80.74430392481656,81.06759643554688,163400,0.0,0.0
2025-06-06 00:00:00-04:00,82.04727354072713,82.08646119515282,81.03821573067835,81.5672378540039,148900,0.0,0.0
2025-06-09 00:00:00-04:00,81.78275693881858,81.78275693881858,80.17609318674762,80.95983123779297,244700,0.0,0.0
2025-06-10 00:00:00-04:00,81.21454543275894,81.66519218616425,79.80381996173028,80.1858901977539,242500,0.0,0.0
2025-06-11 00:00:00-04:00,80.34264207036024,80.34264207036024,76.62969634336544,77.227294921875,363700,0.0,0.0
2025-06-12 00:00:00-04:00,77.00197131772558,77.52119462044975,75.77738523610056,77.15872192382812,251100,0.0,0.0
2025-06-13 00:00:00-04:00,75.52266842257085,76.16925345433935,74.12174913563283,74.3470687866211,294500,0.0,0.0
2025-06-16 00:00:00-04:00,74.77812992320175,76.03210493595826,74.21971894176234,76.00271606445312,287500,0.0,0.0
2025-06-17 00:00:00-04:00,75.60105303998864,75.94393568653238,74.68996059386892,74.95447540283203,304500,0.0,0.0
2025-06-18 00:00:00-04:00,74.92508567994625,75.6892262762316,73.4555822334649,73.59273529052734,257700,0.0,0.0
2025-06-20 00:00:00-04:00,73.94541720987792,73.94541720987792,71.01620160549714,73.20086669921875,1370900,0.0,0.0
2025-06-23 00:00:00-04:00,73.02451632488066,73.51435074551365,72.07423635296783,72.9853286743164,345900,0.0,0.0
2025-06-24 00:00:00-04:00,73.44577304885084,74.0139827615085,72.41711779229058,73.6025161743164,268400,0.0,0.0
2025-06-25 00:00:00-04:00,73.38699483763712,73.7396687362294,70.76148210307716,71.48643493652344,442200,0.0,0.0
2025-06-26 00:00:00-04:00,71.64317938099211,72.27996562009298,71.4570473844156,71.92728424072266,402000,0.0,0.0
2025-06-27 00:00:00-04:00,72.33873843885667,72.9853234151552,70.01692823590005,71.1925277709961,779500,0.0,0.0
2025-06-30 00:00:00-04:00,71.68236585849941,71.9272830638169,70.81046120551149,71.6529769897461,370800,0.0,0.0
2025-07-01 00:00:00-04:00,71.50055665023453,74.82433175872931,71.21537954735501,73.9393081665039,565500,0.275,0.0
2025-07-02 00:00:00-04:00,74.26381592978227,74.26381592978227,72.03157784244935,72.77893829345703,345000,0.0,0.0
2025-07-03 00:00:00-04:00,73.21161490156929,73.72296955708457,72.78876711056171,73.12311553955078,144500,0.0,0.0
2025-07-07 00:00:00-04:00,72.61175466398313,73.28044396219103,70.34018120355843,70.47785186767578,411400,0.0,0.0
2025-07-08 00:00:00-04:00,70.47786030603571,72.1692515276899,70.20251894483421,70.92037963867188,580300,0.0,0.0
2025-07-09 00:00:00-04:00,71.4710584153409,72.10041220691056,69.93700948620099,70.44835662841797,404000,0.0,0.0
2025-07-10 00:00:00-04:00,70.57618921296843,71.1268793893142,69.65183008220684,70.01567077636719,394400,0.0,0.0
2025-07-11 00:00:00-04:00,69.7009958181953,69.7009958181953,66.82956822156144,67.56709289550781,429700,0.0,0.0
2025-07-14 00:00:00-04:00,67.45892549407905,68.08827931482057,66.80007188525424,67.84243774414062,388600,0.0,0.0
2025-07-15 00:00:00-04:00,67.73426310520867,67.93094085236434,64.49898731376474,64.73500061035156,296000,0.0,0.0
2025-07-16 00:00:00-04:00,64.78417018276618,65.21685376250655,63.554962288039725,64.54816436767578,429100,0.0,0.0
2025-07-17 00:00:00-04:00,64.84316709898394,65.7085266203266,63.28944676300401,63.59428787231445,545400,0.0,0.0
2025-07-18 00:00:00-04:00,63.78113549589074,64.03681282126976,62.70926613467377,62.83710479736328,360600,0.0,0.0
2025-07-21 00:00:00-04:00,62.66992803116132,63.151779123978464,62.178244926804574,62.67976379394531,355800,0.0,0.0
2025-07-22 00:00:00-04:00,62.7682633184711,64.56782517825222,62.7682633184711,64.5186538696289,526000,0.0,0.0
2025-07-23 00:00:00-04:00,64.73499782290838,65.14800982041793,64.27281451510498,64.90216827392578,386900,0.0,0.0
2025-07-24 00:00:00-04:00,65.0103432914204,65.3938555281533,64.10564814335761,64.6268310546875,547900,0.0,0.0
2025-07-25 00:00:00-04:00,67.62608966755853,68.85529740655544,65.98386992885595,67.68509674072266,2088700,0.0,0.0
2025-07-28 00:00:00-04:00,68.12761093827967,70.16317872604189,67.68509913756616,69.06181335449219,851900,0.0,0.0
2025-07-29 00:00:00-04:00,69.3469797340435,69.50432192408688,68.49145595877046,69.03230285644531,689800,0.0,0.0
2025-07-30 00:00:00-04:00,69.23881756391391,69.23881756391391,67.61626183761747,67.93093872070312,643700,0.0,0.0
2025-07-31 00:00:00-04:00,67.6064268790971,68.50129373061867,66.58372512128193,66.68206024169922,498100,0.0,0.0
2025-08-01 00:00:00-04:00,66.37721661484484,66.5345588035708,62.18807837236654,62.24707794189453,809200,0.0,0.0
2025-08-04 00:00:00-04:00,62.16841272808641,62.93543716817535,61.85373584234508,62.15857696533203,385600,0.0,0.0
2025-08-05 00:00:00-04:00,61.9225754365994,62.66993215383822,61.6767338682486,61.98157501220703,465500,0.0,0.0
2025-08-06 00:00:00-04:00,61.765233882797155,62.68959678295269,61.74556610816689,62.37491989135742,387000,0.0,0.0
2025-08-07 00:00:00-04:00,63.11244594021444,64.01714108553332,62.58142726731273,62.738765716552734,494000,0.0,0.0
2025-08-08 00:00:00-04:00,62.51258850097656,63.73196047788449,62.40441761969963,62.51258850097656,292300,0.0,0.0
2025-08-11 00:00:00-04:00,62.6797598947983,63.181274979496685,61.50955177842849,61.78489685058594,361300,0.0,0.0
2025-08-12 00:00:00-04:00,61.79473317213254,64.17448136583246,61.79473317213254,63.397621154785156,437900,0.0,0.0
2025-08-13 00:00:00-04:00,63.02393551700851,65.94453430175781,63.02393551700851,65.94453430175781,525500,0.0,0.0
2025-08-14 00:00:00-04:00,65.53152203274658,66.13137600638649,64.7153262977954,64.90216827392578,296800,0.0,0.0
2025-08-15 00:00:00-04:00,65.2561872781202,65.70853486895835,64.095814761626,64.26298522949219,255700,0.0,0.0
2025-08-18 00:00:00-04:00,64.59732791226479,65.30535277483769,64.22364395563537,64.49898529052734,290600,0.0,0.0
2025-08-19 00:00:00-04:00,64.97100502905514,67.16391497286268,64.9218337176849,65.6888656616211,378900,0.0,0.0
2025-08-20 00:00:00-04:00,65.74786275655991,66.29854541121621,64.84316768034212,65.2070083618164,291500,0.0,0.0
2025-08-21 00:00:00-04:00,64.59733246754793,65.42335653047354,64.1843129335959,64.46949005126953,253300,0.0,0.0
2025-08-22 00:00:00-04:00,64.8530019355543,68.28495558948539,64.49898948126635,67.8522720336914,1673100,0.0,0.0
2025-08-25 00:00:00-04:00,67.65559799975324,68.23578046032124,66.47555405060723,67.4294204711914,353100,0.0,0.0
2025-08-26 00:00:00-04:00,67.2819114020651,68.60945422813266,66.8787351745504,68.54061889648438,493000,0.0,0.0
2025-08-27 00:00:00-04:00,67.98994320596533,70.24185286119774,67.98994320596533,69.93701171875,456000,0.0,0.0
2025-08-28 00:00:00-04:00,69.96651284860528,70.52703133232048,68.82580435403294,69.87800598144531,420200,0.0,0.0
2025-08-29 00:00:00-04:00,70.72370228845048,71.62839748120568,69.9960133292769,71.21538543701172,392300,0.0,0.0
2025-09-02 00:00:00-04:00,70.92037040299766,71.46121729135702,69.76982628996586,70.03533935546875,404600,0.0,0.0
2025-09-03 00:00:00-04:00,69.71083124705096,70.53686277920555,69.34698304208551,70.00584411621094,540400,0.0,0.0
2025-09-04 00:00:00-04:00,70.48769968211754,70.54669926183031,68.98315037952361,70.3991928100586,282800,0.0,0.0
2025-09-05 00:00:00-04:00,70.24184593864722,71.62838833933209,68.75696091880992,69.48465728759766,241100,0.0,0.0
2025-09-08 00:00:00-04:00,69.28798061361502,69.28798061361502,67.78343154838323,68.38328552246094,227500,0.0,0.0
2025-09-09 00:00:00-04:00,68.33411663440633,68.33411663440633,66.97707394957139,67.12458038330078,270900,0.0,0.0
2025-09-10 00:00:00-04:00,66.6623981043051,67.45892235545205,66.23955032230964,66.86890411376953,364500,0.0,0.0
2025-09-11 00:00:00-04:00,66.86890831847114,70.40902549365703,66.66240229602167,70.36968994140625,261600,0.0,0.0
2025-09-12 00:00:00-04:00,70.35001380095095,70.55651978783628,67.80309162438887,67.86209869384766,310100,0.0,0.0
2025-09-15 00:00:00-04:00,68.06860377621791,68.06860377621791,66.86889591383628,67.37041473388672,289100,0.0,0.0
2025-09-16 00:00:00-04:00,67.37041767936613,67.52775236357189,66.78039948423978,67.35074615478516,221600,0.0,0.0
2025-09-17 00:00:00-04:00,67.26225830372995,69.54366788350606,66.37722710845264,66.92790985107422,353300,0.0,0.0
2025-09-18 00:00:00-04:00,67.67526101789244,68.04893746987123,66.44605327817303,66.88856506347656,345000,0.0,0.0
2025-09-19 00:00:00-04:00,67.12458304970438,67.63593020412459,66.41655814166936,66.90824127197266,1012300,0.0,0.0
2025-09-22 00:00:00-04:00,66.80006234806899,67.58675826292232,66.01336643321567,67.5572509765625,315700,0.0,0.0
2025-09-23 00:00:00-04:00,67.61626603776087,68.14728471767002,66.40672223866406,66.80990600585938,429100,0.0,0.0
2025-09-24 00:00:00-04:00,66.76073630310324,67.39992588707653,66.55423028412528,66.89840698242188,229300,0.0,0.0
2025-09-25 00:00:00-04:00,66.89839967392692,67.59658875776428,63.623788511114434,64.45965576171875,427200,0.0,0.0
2025-09-26 00:00:00-04:00,64.75466008427135,66.4952223874878,64.5973254000898,66.45588684082031,382400,0.0,0.0
2025-09-29 00:00:00-04:00,66.76073336209676,67.26225224465803,65.7478673363768,66.91807556152344,336200,0.0,0.0
2025-09-30 00:00:00-04:00,66.8099041824637,67.07540976392744,64.70550104682579,65.7773666381836,469500,0.0,0.0
2025-10-01 00:00:00-04:00,65.10098184834425,65.79217687959671,64.10367970314212,64.62701416015625,262700,0.275,0.0
2025-10-02 00:00:00-04:00,63.995063513546725,64.51839798077212,63.264370532899626,63.49148178100586,333200,0.0,0.0
2025-10-03 00:00:00-04:00,63.619838957316844,65.77242731189183,63.619838957316844,65.1898422241211,366200,0.0,0.0
2025-10-06 00:00:00-04:00,65.24909458917263,66.60186302911026,64.6862622197294,65.33795928955078,310000,0.0,0.0
2025-10-07 00:00:00-04:00,65.63419213516094,65.66381370290627,63.738336464851976,63.8765754699707,254900,0.0,0.0
2025-10-08 00:00:00-04:00,64.24191460911548,64.24191460911548,63.21499096146951,64.12342834472656,341300,0.0,0.0
2025-10-09 00:00:00-04:00,64.23205059043273,64.26167215875019,62.84965297908463,62.997764587402344,234500,0.0,0.0
2025-10-10 00:00:00-04:00,63.1261291909794,63.580344136944326,60.647688421935776,60.74643325805664,368700,0.0,0.0
2025-10-13 00:00:00-04:00,61.13153012892446,62.03008744157991,60.48970186271466,61.70423889160156,275900,0.0,0.0
2025-10-14 00:00:00-04:00,61.02291008619464,62.31643916389713,60.87479848497179,62.14857482910156,258600,0.0,0.0
2025-10-15 00:00:00-04:00,62.30656481250503,63.0471341427649,60.1243547566879,60.16385269165039,369700,0.0,0.0
2025-10-16 00:00:00-04:00,60.03548551011541,60.66743739442236,57.10283356158283,59.68988800048828,532900,0.0,0.0
2025-10-17 00:00:00-04:00,59.640514277795134,60.647685185366065,59.640514277795134,60.44032669067383,249500,0.0,0.0
2025-10-20 00:00:00-04:00,60.63781314468304,61.36850983279763,59.95649075581431,60.40082931518555,231600,0.0,0.0
2025-10-21 00:00:00-04:00,60.40083374001997,61.47712800132144,60.40083374001997,61.15127944946289,272200,0.0,0.0
2025-10-22 00:00:00-04:00,60.934039675860745,61.881967453690926,60.3119641904454,60.96366500854492,336900,0.0,0.0
2025-10-23 00:00:00-04:00,60.72668286782241,61.990586606709584,60.40083056635479,61.90171813964844,352600,0.0,0.0
2025-10-24 00:00:00-04:00,62.30656490445666,62.9780147328883,61.91159685444008,62.53367614746094,342000,0.0,0.0
2025-10-27 00:00:00-04:00,62.74103479544038,64.70600998295419,60.963669149595944,61.467254638671875,386200,0.0,0.0
2025-10-28 00:00:00-04:00,60.973538478532156,62.30656169971082,60.88467001267156,61.96096420288086,392900,0.0,0.0
2025-10-29 00:00:00-04:00,63.01751125600309,64.31103658174378,57.04358620361559,57.873023986816406,856800,0.0,0.0
2025-10-30 00:00:00-04:00,57.74465833693219,60.5785692303369,57.70516040228151,60.460079193115234,599000,0.0,0.0
2025-10-31 00:00:00-04:00,59.93674320533173,60.47982660929362,58.801202096995745,59.24554443359375,715600,0.0,0.0
2025-11-03 00:00:00-05:00,59.25541675460984,59.70963545584353,57.91252091782538,59.26529312133789,663300,0.0,0.0
2025-11-04 00:00:00-05:00,57.27069456886653,59.40353407800338,55.987041823255254,57.28056716918945,1252800,0.0,0.0
2025-11-05 00:00:00-05:00,57.102832049611386,57.813776017267124,56.82635028250004,57.41880798339844,691700,0.0,0.0
2025-11-06 00:00:00-05:00,57.08308281618009,57.44842928165231,53.92331972634376,54.52565002441406,558100,0.0,0.0
2025-11-07 00:00:00-05:00,54.82188041802142,56.24377220232734,54.150430578194346,55.078609466552734,672000,0.0,0.0
2025-11-10 00:00:00-05:00,55.14772790183176,55.39458434502121,53.64684404196263,53.83445358276367,427500,0.0,0.0
2025-11-11 00:00:00-05:00,54.219549734013036,55.750058948273164,54.00231485583777,55.631568908691406,380000,0.0,0.0
2025-11-12 00:00:00-05:00,55.71055724950226,56.26351700808129,54.713258930824765,54.831748962402344,391600,0.0,0.0
2025-11-13 00:00:00-05:00,54.7231335880772,55.631567242273526,54.663890453426134,55.21684646606445,349100,0.0,0.0
2025-11-14 00:00:00-05:00,55.06873421634468,55.503200187851064,54.16030057281097,54.99961471557617,271500,0.0,0.0
2025-11-17 00:00:00-05:00,55.177353320467105,55.177353320467105,53.933194735527465,54.091182708740234,301200,0.0,0.0
2025-11-18 00:00:00-05:00,53.8344505485967,54.75275676684318,53.78508001608746,54.57501983642578,286000,0.0,0.0
2025-11-19 00:00:00-05:00,54.63427059159995,55.2760950929808,53.87395228375733,54.30841827392578,359100,0.0,0.0
2025-11-20 00:00:00-05:00,54.308416462581064,55.295842216446175,53.53822557991998,54.1701774597168,377200,0.0,0.0
2025-11-21 00:00:00-05:00,54.397281749347606,57.448427300995505,54.397281749347606,57.043582916259766,432000,0.0,0.0
2025-11-24 00:00:00-05:00,56.40175850925912,56.84610085580852,55.838926125873314,56.776981353759766,400600,0.0,0.0
2025-11-25 00:00:00-05:00,56.77697786087704,58.62346286879852,56.77697786087704,58.080379486083984,237000,0.0,0.0
2025-11-26 00:00:00-05:00,57.517551829890465,58.39636017362737,57.517551829890465,57.75453567504883,247900,0.0,0.0
2025-11-28 00:00:00-05:00,58.19887264296079,58.43585648151921,57.39906019212804,57.8631477355957,127400,0.0,0.0
2025-12-01 00:00:00-05:00,57.62616659961721,58.57409440288541,57.11270476449771,57.408931732177734,290500,0.0,0.0
2025-12-02 00:00:00-05:00,57.64591940512802,57.76440944674449,56.39188818393462,56.618995666503906,222100,0.0,0.0
2025-12-03 00:00:00-05:00,56.77698101606686,57.665665703880045,56.74735944871654,57.32994079589844,347000,0.0,0.0
2025-12-04 00:00:00-05:00,57.576794422975944,58.38648320266825,56.7967272091872,56.99421310424805,335100,0.0,0.0
2025-12-05 00:00:00-05:00,55.829053194416616,56.9547179545105,55.31559134886442,56.27339553833008,300000,0.0,0.0
2025-12-08 00:00:00-05:00,55.93766814249461,56.283265635317655,54.97986399562765,55.65131378173828,236400,0.0,0.0
2025-12-09 00:00:00-05:00,55.631569431747565,55.957417985343696,54.95024698933347,55.0687370300293,287500,0.0,0.0
2025-12-10 00:00:00-05:00,54.93049484034174,55.809303144176404,54.42690560476957,55.55257034301758,519600,0.0,0.0
2025-12-11 00:00:00-05:00,55.78955550175044,57.66566595451914,55.76980653452094,57.57679748535156,367500,0.0,0.0
2025-12-12 00:00:00-05:00,57.665663454131995,59.3146625956259,57.28056425995018,58.544471740722656,403300,0.0,0.0
2025-12-15 00:00:00-05:00,58.83082966650235,59.69976163917372,58.30749144273913,59.354164123535156,354600,0.0,0.0
2025-12-16 00:00:00-05:00,59.136924814112966,60.34158537843277,58.61359039630918,59.92686462402344,388800,0.0,0.0
2025-12-17 00:00:00-05:00,59.77875657838538,61.08215828382211,59.69976070933813,60.73655700683594,470300,0.0,0.0
2025-12-18 00:00:00-05:00,60.81555402773536,61.39813538943671,58.9591925039993,59.07768630981445,541400,0.0,0.0
2025-12-19 00:00:00-05:00,58.909821160738375,59.492402514453694,57.28056713705289,57.54717254638672,1056100,0.0,0.0
2025-12-22 00:00:00-05:00,57.47805198936364,58.29761716969284,57.47805198936364,58.14950180053711,286000,0.0,0.0
2025-12-23 00:00:00-05:00,58.02113558648082,58.20874889025034,56.618992825310286,56.81647872924805,203300,0.0,0.0
2025-12-24 00:00:00-05:00,56.76710645624121,57.68540891297428,56.76710645624121,57.20157241821289,140500,0.0,0.0
2025-12-26 00:00:00-05:00,57.221326357684546,57.97176831480624,56.99421887373021,57.91252517700195,269800,0.0,0.0
2025-12-29 00:00:00-05:00,57.981642282374864,58.77158214315715,57.981642282374864,58.60371780395508,238200,0.0,0.0
2025-12-30 00:00:00-05:00,58.22849745217026,59.30479166607552,58.11988001742372,58.69258499145508,340800,0.0,0.0
2025-12-31 00:00:00-05:00,58.317366551830176,58.593844558376674,57.24107232626374,58.3864860534668,244100,0.0,0.0
2026-01-02 00:00:00-05:00,58.27240267314101,58.4112875995025,56.60577598814228,56.71489715576172,506600,0.275,0.0
2026-01-05 00:00:00-05:00,57.111713481321694,60.99058775926421,56.91330482525789,59.74061965942383,627300,0.0,0.0
2026-01-06 00:00:00-05:00,59.026351637190906,60.841785781334394,58.679139317763145,60.53425216674805,346900,0.0,0.0
2026-01-07 00:00:00-05:00,60.70289708162423,60.70289708162423,58.9866691600601,60.00847244262695,585300,0.0,0.0
2026-01-08 00:00:00-05:00,59.5818928890893,62.0520690899036,59.433085452463246,61.55604934692383,378500,0.0,0.0
2026-01-09 00:00:00-05:00,61.367564946678115,62.052070849036554,60.196958017313534,61.97270965576172,236400,0.0,0.0
2026-01-12 00:00:00-05:00,61.655258364739744,62.38936549844702,60.92114744670198,62.1016731262207,235300,0.0,0.0
2026-01-13 00:00:00-05:00,61.992548610123585,61.992548610123585,60.266398254278435,61.04018783569336,321300,0.0,0.0
2026-01-14 00:00:00-05:00,60.42512474358139,62.08183264764353,60.42512474358139,61.635414123535156,281200,0.0,0.0
2026-01-15 00:00:00-05:00,61.665176879912366,62.96475002333608,61.506450706880734,62.706817626953125,238400,0.0,0.0
2026-01-16 00:00:00-05:00,62.16119565460143,62.63737416611963,61.7941420948681,62.20087814331055,230900,0.0,0.0
2026-01-20 00:00:00-05:00,61.51636977138824,61.66517721505874,59.13547716297372,60.14735794067383,338600,0.0,0.0
2026-01-21 00:00:00-05:00,60.5540917837102,63.21275793747665,60.51440929560494,62.36952209472656,249700,0.0,0.0
2026-01-22 00:00:00-05:00,62.677057585653785,63.85758704413462,61.87350420684729,63.08379364013672,239300,0.0,0.0
2026-01-23 00:00:00-05:00,62.69689688762455,63.09371041532227,61.94294475163726,62.22071838378906,307400,0.0,0.0
2026-01-26 00:00:00-05:00,62.20087819795374,63.00442778120207,61.16915619659273,62.34968185424805,338600,0.0,0.0
2026-01-27 00:00:00-05:00,62.02230910083533,62.34968016326854,60.36560119184449,60.50448989868164,470000,0.0,0.0
2026-01-28 00:00:00-05:00,60.54416869918687,60.54416869918687,56.962905544526016,57.27043914794922,345200,0.0,0.0
2026-01-29 00:00:00-05:00,57.34980549468236,58.05415263927042,56.695059568779435,57.99462890625,356700,0.0,0.0
2026-01-30 00:00:00-05:00,58.66921715921045,61.159238497059214,58.66921715921045,60.75250244140625,450400,0.0,0.0
2026-02-02 00:00:00-05:00,61.1195528640112,62.95482438514776,59.63149364655011,62.09175109863281,478500,0.0,0.0
2026-02-03 00:00:00-05:00,61.15923789258853,62.31992231395682,57.28036352261011,57.458927154541016,723900,0.0,0.0
2026-02-04 00:00:00-05:00,57.50853130278491,58.32200339395388,55.88158712044699,56.199039459228516,502100,0.0,0.0
2026-02-05 00:00:00-05:00,55.79230396600512,56.74466099177833,54.869706914684066,55.28636169433594,810000,0.0,0.0
2026-02-06 00:00:00-05:00,55.5442939405887,57.01251196419213,54.85978425535445,55.514530181884766,385100,0.0,0.0
2026-02-09 00:00:00-05:00,55.29628171089322,55.29628171089322,52.240798327478444,52.47888946533203,409800,0.0,0.0
2026-02-10 00:00:00-05:00,52.399526033944106,53.09395444010369,50.85194305315963,51.020591735839844,762800,0.0,0.0
2026-02-11 00:00:00-05:00,51.090036172198104,51.83406582519128,44.046556970928236,44.89970779418945,978100,0.0,0.0
2026-02-12 00:00:00-05:00,42.221203562120536,47.04251247658279,39.62205728093232,40.02879333496094,1157000,0.0,0.0
2026-02-13 00:00:00-05:00,40.39585069770683,40.54465435596435,38.302646692975706,39.503013610839844,1277300,0.0,0.0
2026-02-17 00:00:00-05:00,40.108156003421655,41.516850231834525,39.50301132230646,41.42756652832031,1464300,0.0,0.0
2026-02-18 00:00:00-05:00,41.477174684161234,42.6973828687839,41.37796845919362,42.19144058227539,769400,0.0,0.0
2026-02-19 00:00:00-05:00,41.91367080056624,42.955311566554435,40.961313745053054,42.340248107910156,790900,0.0,0.0
2026-02-20 00:00:00-05:00,42.112077361896496,42.112077361896496,38.13399686372752,38.17367935180664,805100,0.0,0.0
2026-02-23 00:00:00-05:00,37.35028905289057,37.42965024581253,33.40196847418445,33.580535888671875,987500,0.0,0.0
2026-02-24 00:00:00-05:00,33.56069746641532,34.651939382033795,33.34244756955951,34.12615966796875,848600,0.0,0.0
2026-02-25 00:00:00-05:00,34.43369015122005,35.95151316020206,33.52101562731538,35.46541213989258,653000,0.0,0.0
2026-02-26 00:00:00-05:00,36.0804760142688,38.41177113951706,35.743182428605785,37.40980911254883,861000,0.0,0.0
2026-02-27 00:00:00-05:00,36.42769255390738,37.80662688759373,35.217403122922605,37.7768669128418,1282700,0.0,0.0
2026-03-02 00:00:00-05:00,36.94355104220375,37.46933074340558,36.46736877265356,37.300682067871094,542700,0.0,0.0
2026-03-03 00:00:00-05:00,37.23124305854095,38.223282607422554,36.09039984792543,37.608219146728516,491400,0.0,0.0
2026-03-04 00:00:00-05:00,37.568533056098936,38.02487408094159,36.606257359249646,36.626094818115234,489200,0.0,0.0
2026-03-05 00:00:00-05:00,36.149916628698826,38.32248547219641,36.149916628698826,37.598297119140625,534700,0.0,0.0
2026-03-06 00:00:00-05:00,37.60821714400142,38.92763149023067,36.2094416059397,38.699459075927734,508400,0.0,0.0
2026-03-09 00:00:00-04:00,37.88598660063073,38.124077742329874,35.951512630770296,36.90386962890625,429500,0.0,0.0
2026-03-10 00:00:00-04:00,36.596336361944566,37.06259613554062,34.88010848986018,36.070556640625,508600,0.0,0.0
2026-03-11 00:00:00-04:00,36.14991826450044,36.70546175065306,35.07851756503589,35.91183090209961,513200,0.0,0.0
2026-03-12 00:00:00-04:00,35.63405698222652,37.09235625652227,34.989233578572,35.84238815307617,639900,0.0,0.0
2026-03-13 00:00:00-04:00,36.13007506660245,36.804662197478876,35.852305230711046,36.10031509399414,368300,0.0,0.0
2026-03-16 00:00:00-04:00,35.99119054811773,36.94355130978587,34.929708624231274,36.84434509277344,365600,0.0,0.0
2026-03-17 00:00:00-04:00,37.25108265670022,38.6399394774628,37.23124141248014,37.34036636352539,449400,0.0,0.0
2026-03-18 00:00:00-04:00,36.864186715694395,37.81654370283685,36.44753195294342,37.06259536743164,399700,0.0,0.0
2026-03-19 00:00:00-04:00,37.0625953535364,38.2431209652185,36.40784945208015,36.53681564331055,404300,0.0,0.0
2026-03-20 00:00:00-04:00,37.261003263354624,38.19351898797488,36.497132429475506,37.52885437011719,855100,0.0,0.0
2026-03-23 00:00:00-04:00,38.11415735072884,39.01691696604322,37.42965142976213,38.59033966064453,535700,0.0,0.0
2026-03-24 00:00:00-04:00,38.01495367303999,38.59033840460095,37.20148157860102,37.637977600097656,425000,0.0,0.0
2026-03-25 00:00:00-04:00,38.124076845432505,38.8681064422843,35.45549205374961,36.69554138183594,653000,0.0,0.0
2026-03-26 00:00:00-04:00,36.566577040556524,38.25304496887155,36.566577040556524,37.40980911254883,311300,0.0,0.0
2026-03-27 00:00:00-04:00,37.13203939752405,37.72726159356657,36.090398662284436,37.707420349121094,417700,0.0,0.0
2026-03-30 00:00:00-04:00,37.81654365568265,38.57049577447802,37.27092270233327,37.439571380615234,556500,0.0,0.0
2026-03-31 00:00:00-04:00,38.14391963941843,38.193520857692214,36.10031690129726,36.13999938964844,540500,0.0,0.0
2026-04-01 00:00:00-04:00,37.02000045776367,37.02000045776367,34.779998779296875,35.95000076293945,590300,0.29,0.0
2026-04-02 00:00:00-04:00,35.790000915527344,38.0099983215332,35.130001068115234,37.79999923706055,639600,0.0,0.0
2026-04-06 00:00:00-04:00,37.619998931884766,37.869998931884766,37.06999969482422,37.61000061035156,336900,0.0,0.0
2026-04-07 00:00:00-04:00,37.43000030517578,37.83000183105469,37.04999923706055,37.16999816894531,279900,0.0,0.0
2026-04-08 00:00:00-04:00,37.56999969482422,37.970001220703125,36.06999969482422,36.279998779296875,372300,0.0,0.0
2026-04-09 00:00:00-04:00,35.720001220703125,36.36000061035156,34.86000061035156,36.130001068115234,437400,0.0,0.0
2026-04-10 00:00:00-04:00,36.099998474121094,36.33000183105469,34.209999084472656,34.630001068115234,308200,0.0,0.0
2026-04-13 00:00:00-04:00,34.7400016784668,37.45000076293945,34.540000915527344,37.310001373291016,553700,0.0,0.0
2026-04-14 00:00:00-04:00,37.13999938964844,37.88999938964844,37.02000045776367,37.709999084472656,271800,0.0,0.0
2026-04-15 00:00:00-04:00,38.040000915527344,39.04999923706055,38.040000915527344,38.29999923706055,316900,0.0,0.0
2026-04-16 00:00:00-04:00,38.52000045776367,39.900001525878906,37.869998931884766,38.849998474121094,276800,0.0,0.0
2026-04-17 00:00:00-04:00,38.83000183105469,39.619998931884766,38.36000061035156,38.77000045776367,441000,0.0,0.0
2026-04-20 00:00:00-04:00,38.79999923706055,40.290000915527344,38.79999923706055,40.119998931884766,540000,0.0,0.0
2026-04-21 00:00:00-04:00,40.13999938964844,41.959999084472656,40.130001068115234,40.56999969482422,462500,0.0,0.0
2026-04-22 00:00:00-04:00,40.61000061035156,41.02000045776367,40.150001525878906,40.72999954223633,333100,0.0,0.0
2026-04-23 00:00:00-04:00,40.13999938964844,40.13999938964844,38.0,38.90999984741211,308700,0.0,0.0
2026-04-24 00:00:00-04:00,38.5099983215332,40.220001220703125,38.31999969482422,40.11000061035156,300900,0.0,0.0
2026-04-27 00:00:00-04:00,39.95000076293945,41.290000915527344,39.95000076293945,40.29999923706055,387600,0.0,0.0
2026-04-28 00:00:00-04:00,41.16999816894531,42.529998779296875,41.16999816894531,41.849998474121094,427400,0.0,0.0
2026-04-29 00:00:00-04:00,41.70000076293945,43.13999938964844,41.70000076293945,42.849998474121094,479900,0.0,0.0
2026-04-30 00:00:00-04:00,43.75,45.880001068115234,41.099998474121094,45.779998779296875,635500,0.0,0.0
2026-05-01 00:00:00-04:00,46.0,46.380001068115234,43.45000076293945,44.470001220703125,519200,0.0,0.0
2026-05-04 00:00:00-04:00,44.25,45.2400016784668,42.68000030517578,42.939998626708984,449300,0.0,0.0
2026-05-05 00:00:00-04:00,42.7400016784668,43.650001525878906,40.939998626708984,42.400001525878906,420900,0.0,0.0
2026-05-06 00:00:00-04:00,41.880001068115234,41.959999084472656,40.72999954223633,40.88999938964844,339000,0.0,0.0
2026-05-07 00:00:00-04:00,40.95000076293945,43.5099983215332,40.95000076293945,42.869998931884766,421500,0.0,0.0
2026-05-08 00:00:00-04:00,42.459999084472656,42.900001525878906,41.220001220703125,42.79999923706055,289400,0.0,0.0
2026-05-11 00:00:00-04:00,42.84000015258789,43.650001525878906,41.7599983215332,41.88999938964844,510800,0.0,0.0
2026-05-12 00:00:00-04:00,41.470001220703125,42.65999984741211,41.16999816894531,41.45000076293945,309500,0.0,0.0
2026-05-13 00:00:00-04:00,40.79999923706055,40.79999923706055,38.36000061035156,39.63999938964844,471400,0.0,0.0
2026-05-14 00:00:00-04:00,39.849998474121094,40.779998779296875,39.16999816894531,39.63999938964844,318100,0.0,0.0
2026-05-15 00:00:00-04:00,40.29999923706055,41.380001068115234,39.70000076293945,40.52000045776367,510600,0.0,0.0
2026-05-18 00:00:00-04:00,40.38999938964844,43.29999923706055,40.29999923706055,42.869998931884766,558900,0.0,0.0
2026-05-19 00:00:00-04:00,43.459999084472656,44.869998931884766,42.130001068115234,42.65999984741211,593800,0.0,0.0
2026-05-20 00:00:00-04:00,41.9900016784668,42.91999816894531,40.66999816894531,42.619998931884766,409200,0.0,0.0
2026-05-21 00:00:00-04:00,41.970001220703125,42.9900016784668,40.84000015258789,41.83000183105469,290600,0.0,0.0
2026-05-22 00:00:00-04:00,41.91999816894531,43.060001373291016,41.88999938964844,42.779998779296875,527600,0.0,0.0
