Date,Open,High,Low,Close,Volume,Dividends,Stock Splits
2022-01-03 00:00:00-05:00,32.70000076293945,38.79999923706055,29.600000381469727,32.0,6421150,0.0,0.0
2022-01-04 00:00:00-05:00,28.610000610351562,31.5,25.100000381469727,30.600000381469727,618420,0.0,0.0
2022-01-05 00:00:00-05:00,27.66900062561035,33.400001525878906,26.301000595092773,30.299999237060547,764690,0.0,0.0
2022-01-06 00:00:00-05:00,30.200000762939453,33.900001525878906,26.799999237060547,31.600000381469727,353070,0.0,0.0
2022-01-07 00:00:00-05:00,30.299999237060547,36.099998474121094,29.399999618530273,32.099998474121094,448540,0.0,0.0
2022-01-10 00:00:00-05:00,33.79999923706055,36.117000579833984,31.100000381469727,33.400001525878906,228180,0.0,0.0
2022-01-11 00:00:00-05:00,32.099998474121094,32.400001525878906,29.0,30.899999618530273,122870,0.0,0.0
2022-01-12 00:00:00-05:00,30.100000381469727,30.5,26.299999237060547,27.5,110640,0.0,0.0
2022-01-13 00:00:00-05:00,27.600000381469727,27.600000381469727,24.299999237060547,24.32900047302246,48450,0.0,0.0
2022-01-14 00:00:00-05:00,23.600000381469727,26.799999237060547,22.600000381469727,23.399999618530273,114280,0.0,0.0
2022-01-18 00:00:00-05:00,23.399999618530273,25.299999237060547,21.5,23.299999237060547,86540,0.0,0.0
2022-01-19 00:00:00-05:00,23.5,24.899999618530273,22.417999267578125,23.600000381469727,81130,0.0,0.0
2022-01-20 00:00:00-05:00,25.0,27.799999237060547,24.10099983215332,24.299999237060547,148530,0.0,0.0
2022-01-21 00:00:00-05:00,24.0,25.600000381469727,23.020000457763672,25.299999237060547,75810,0.0,0.0
2022-01-24 00:00:00-05:00,25.0,27.39900016784668,24.100000381469727,27.0,86930,0.0,0.0
2022-01-25 00:00:00-05:00,26.5,27.200000762939453,25.500999450683594,26.799999237060547,32610,0.0,0.0
2022-01-26 00:00:00-05:00,26.799999237060547,27.0,23.0,24.0,44830,0.0,0.0
2022-01-27 00:00:00-05:00,24.0,24.899999618530273,21.0,21.0,57910,0.0,0.0
2022-01-28 00:00:00-05:00,21.0,22.49799919128418,20.799999237060547,21.0,37220,0.0,0.0
2022-01-31 00:00:00-05:00,21.100000381469727,22.100000381469727,20.100000381469727,20.5,31510,0.0,0.0
2022-02-01 00:00:00-05:00,20.600000381469727,21.0,20.100000381469727,20.100000381469727,27660,0.0,0.0
2022-02-02 00:00:00-05:00,20.700000762939453,20.700000762939453,20.100000381469727,20.299999237060547,17650,0.0,0.0
2022-02-03 00:00:00-05:00,20.100000381469727,20.39900016784668,18.399999618530273,18.600000381469727,29940,0.0,0.0
2022-02-04 00:00:00-05:00,18.600000381469727,19.299999237060547,17.78499984741211,18.0,29680,0.0,0.0
2022-02-07 00:00:00-05:00,17.700000762939453,18.5,17.299999237060547,17.799999237060547,21540,0.0,0.0
2022-02-08 00:00:00-05:00,17.899999618530273,18.0,16.549999237060547,17.0,24180,0.0,0.0
2022-02-09 00:00:00-05:00,17.600000381469727,17.600000381469727,16.700000762939453,16.899999618530273,16970,0.0,0.0
2022-02-10 00:00:00-05:00,16.799999237060547,17.600000381469727,16.799999237060547,17.399999618530273,12180,0.0,0.0
2022-02-11 00:00:00-05:00,17.0,17.5,15.399999618530273,15.699999809265137,34990,0.0,0.0
2022-02-14 00:00:00-05:00,15.699999809265137,16.299999237060547,14.699999809265137,15.300000190734863,20960,0.0,0.0
2022-02-15 00:00:00-05:00,16.0,16.0,15.100000381469727,15.600000381469727,6670,0.0,0.0
2022-02-16 00:00:00-05:00,15.5,15.696000099182129,14.5,14.899999618530273,20100,0.0,0.0
2022-02-17 00:00:00-05:00,14.399999618530273,16.5,13.199999809265137,15.699999809265137,257620,0.0,0.0
2022-02-18 00:00:00-05:00,19.899999618530273,23.299999237060547,16.899999618530273,18.299999237060547,2864870,0.0,0.0
2022-02-22 00:00:00-05:00,16.799999237060547,19.700000762939453,16.5,19.100000381469727,208400,0.0,0.0
2022-02-23 00:00:00-05:00,18.649999618530273,19.299999237060547,17.5,18.899999618530273,63670,0.0,0.0
2022-02-24 00:00:00-05:00,15.300000190734863,18.799999237060547,15.300000190734863,18.299999237060547,37320,0.0,0.0
2022-02-25 00:00:00-05:00,21.0,21.024999618530273,18.600000381469727,18.600000381469727,139800,0.0,0.0
2022-02-28 00:00:00-05:00,18.565000534057617,18.565000534057617,17.600000381469727,18.200000762939453,24580,0.0,0.0
2022-03-01 00:00:00-05:00,17.600000381469727,18.200000762939453,17.0,17.200000762939453,21520,0.0,0.0
2022-03-02 00:00:00-05:00,17.700000762939453,18.200000762939453,17.301000595092773,17.799999237060547,17730,0.0,0.0
2022-03-03 00:00:00-05:00,17.600000381469727,17.92300033569336,17.301000595092773,17.700000762939453,9130,0.0,0.0
2022-03-04 00:00:00-05:00,17.549999237060547,17.700000762939453,16.5,16.700000762939453,14740,0.0,0.0
2022-03-07 00:00:00-05:00,16.0,16.399999618530273,14.899999618530273,14.899999618530273,34430,0.0,0.0
2022-03-08 00:00:00-05:00,14.199999809265137,14.899999618530273,13.199999809265137,13.300000190734863,27740,0.0,0.0
2022-03-09 00:00:00-05:00,14.699999809265137,16.100000381469727,14.4350004196167,15.600000381469727,49190,0.0,0.0
2022-03-10 00:00:00-05:00,15.5,16.89900016784668,14.199999809265137,16.299999237060547,23990,0.0,0.0
2022-03-11 00:00:00-05:00,16.5,16.5,15.0,15.699999809265137,11930,0.0,0.0
2022-03-14 00:00:00-04:00,15.199999809265137,16.200000762939453,14.41100025177002,15.199999809265137,7020,0.0,0.0
2022-03-15 00:00:00-04:00,14.899999618530273,15.899999618530273,14.300000190734863,15.199999809265137,4120,0.0,0.0
2022-03-16 00:00:00-04:00,15.399999618530273,17.0,15.0,17.0,15790,0.0,0.0
2022-03-17 00:00:00-04:00,17.0,17.899999618530273,16.899999618530273,17.100000381469727,9240,0.0,0.0
2022-03-18 00:00:00-04:00,17.100000381469727,20.600000381469727,15.600000381469727,15.600000381469727,139690,0.0,0.0
2022-03-21 00:00:00-04:00,17.700000762939453,18.899999618530273,16.299999237060547,17.0,114050,0.0,0.0
2022-03-22 00:00:00-04:00,17.0,18.0,16.299999237060547,17.0,47240,0.0,0.0
2022-03-23 00:00:00-04:00,34.5,39.0,26.299999237060547,31.0,14001000,0.0,0.0
2022-03-24 00:00:00-04:00,28.799999237060547,32.900001525878906,27.299999237060547,32.400001525878906,709250,0.0,0.0
2022-03-25 00:00:00-04:00,31.0,36.5,29.399999618530273,34.79999923706055,559270,0.0,0.0
2022-03-28 00:00:00-04:00,40.599998474121094,51.45000076293945,38.0,45.400001525878906,4339490,0.0,0.0
2022-03-29 00:00:00-04:00,39.400001525878906,39.96500015258789,34.5,36.5,344390,0.0,0.0
2022-03-30 00:00:00-04:00,35.79999923706055,36.599998474121094,31.0,33.900001525878906,211760,0.0,0.0
2022-03-31 00:00:00-04:00,37.70000076293945,45.0,37.099998474121094,39.0,2026210,0.0,0.0
2022-04-01 00:00:00-04:00,36.400001525878906,37.29999923706055,33.70399856567383,36.599998474121094,163230,0.0,0.0
2022-04-04 00:00:00-04:00,36.5,41.5,35.400001525878906,36.0,162480,0.0,0.0
2022-04-05 00:00:00-04:00,35.5,36.707000732421875,33.0,34.0,72730,0.0,0.0
2022-04-06 00:00:00-04:00,32.79999923706055,38.0,32.79999923706055,36.099998474121094,112010,0.0,0.0
2022-04-07 00:00:00-04:00,35.400001525878906,37.099998474121094,33.5,35.5,121320,0.0,0.0
2022-04-08 00:00:00-04:00,34.70000076293945,38.29999923706055,34.0,35.099998474121094,119180,0.0,0.0
2022-04-11 00:00:00-04:00,34.5,35.79999923706055,30.100000381469727,32.5,95740,0.0,0.0
2022-04-12 00:00:00-04:00,31.600000381469727,32.29999923706055,29.200000762939453,30.200000762939453,27860,0.0,0.0
2022-04-13 00:00:00-04:00,30.200000762939453,31.200000762939453,28.0,29.299999237060547,45300,0.0,0.0
2022-04-14 00:00:00-04:00,30.200000762939453,30.399999618530273,26.0,26.200000762939453,44150,0.0,0.0
2022-04-18 00:00:00-04:00,26.200000762939453,27.200000762939453,22.5,22.5,38580,0.0,0.0
2022-04-19 00:00:00-04:00,22.5,23.399999618530273,22.200000762939453,22.399999618530273,13150,0.0,0.0
2022-04-20 00:00:00-04:00,24.100000381469727,27.5,23.399999618530273,24.5,751360,0.0,0.0
2022-04-21 00:00:00-04:00,23.5,24.0,20.0,20.5,89380,0.0,0.0
2022-04-22 00:00:00-04:00,20.299999237060547,22.0,20.299999237060547,21.899999618530273,35060,0.0,0.0
2022-04-25 00:00:00-04:00,19.600000381469727,22.350000381469727,19.200000762939453,22.0,40730,0.0,0.0
2022-04-26 00:00:00-04:00,22.0,22.5,20.500999450683594,20.899999618530273,32260,0.0,0.0
2022-04-27 00:00:00-04:00,20.600000381469727,21.399999618530273,19.649999618530273,20.0,20440,0.0,0.0
2022-04-28 00:00:00-04:00,20.399999618530273,20.799999237060547,19.5,20.0,40630,0.0,0.0
2022-04-29 00:00:00-04:00,19.0,20.100000381469727,18.5,18.799999237060547,32030,0.0,0.0
2022-05-02 00:00:00-04:00,19.200000762939453,20.200000762939453,17.899999618530273,18.700000762939453,38870,0.0,0.0
2022-05-03 00:00:00-04:00,18.100000381469727,18.999000549316406,17.799999237060547,18.299999237060547,18150,0.0,0.0
2022-05-04 00:00:00-04:00,18.5,18.700000762939453,16.899999618530273,18.100000381469727,64430,0.0,0.0
2022-05-05 00:00:00-04:00,17.5,18.0,16.200000762939453,16.5,58480,0.0,0.0
2022-05-06 00:00:00-04:00,16.100000381469727,16.100000381469727,14.701000213623047,15.0,32210,0.0,0.0
2022-05-09 00:00:00-04:00,14.800000190734863,14.878000259399414,13.600000381469727,13.800000190734863,18260,0.0,0.0
2022-05-10 00:00:00-04:00,14.600000381469727,15.199999809265137,14.0,14.100000381469727,21700,0.0,0.0
2022-05-11 00:00:00-04:00,14.100000381469727,14.600000381469727,13.5,13.899999618530273,9250,0.0,0.0
2022-05-12 00:00:00-04:00,13.899999618530273,14.800000190734863,13.199999809265137,14.800000190734863,11480,0.0,0.0
2022-05-13 00:00:00-04:00,15.199999809265137,19.0,15.0,18.5,31650,0.0,0.0
2022-05-16 00:00:00-04:00,18.5,18.799999237060547,16.600000381469727,16.899999618530273,18010,0.0,0.0
2022-05-17 00:00:00-04:00,16.899999618530273,17.39900016784668,15.800000190734863,16.0,8740,0.0,0.0
2022-05-18 00:00:00-04:00,15.5,16.200000762939453,14.899999618530273,15.699999809265137,11720,0.0,0.0
2022-05-19 00:00:00-04:00,14.699999809265137,16.600000381469727,14.699999809265137,15.300000190734863,17770,0.0,0.0
2022-05-20 00:00:00-04:00,16.0,16.0,9.395000457763672,10.199999809265137,276420,0.0,0.0
2022-05-23 00:00:00-04:00,10.0,10.800000190734863,9.0,10.100000381469727,81870,0.0,0.0
2022-05-24 00:00:00-04:00,10.0,10.17300033569336,9.600000381469727,10.0,41900,0.0,0.0
2022-05-25 00:00:00-04:00,9.800000190734863,10.100000381469727,9.699999809265137,9.800999641418457,37120,0.0,0.0
2022-05-26 00:00:00-04:00,9.70300006866455,10.100000381469727,9.104999542236328,9.699999809265137,35770,0.0,0.0
2022-05-27 00:00:00-04:00,9.800000190734863,9.800000190734863,9.199999809265137,9.293999671936035,30320,0.0,0.0
2022-05-31 00:00:00-04:00,9.192999839782715,9.75,9.192999839782715,9.210000038146973,18360,0.0,0.0
2022-06-01 00:00:00-04:00,10.100000381469727,10.100000381469727,9.321000099182129,9.5,24360,0.0,0.0
2022-06-02 00:00:00-04:00,9.600000381469727,9.699999809265137,9.25,9.489999771118164,12480,0.0,0.0
2022-06-03 00:00:00-04:00,9.454000473022461,9.699999809265137,9.199999809265137,9.420000076293945,11090,0.0,0.0
2022-06-06 00:00:00-04:00,9.600000381469727,9.600000381469727,8.76099967956543,9.239999771118164,28900,0.0,0.0
2022-06-07 00:00:00-04:00,9.53600025177002,9.600000381469727,8.779999732971191,8.845999717712402,19180,0.0,0.0
2022-06-08 00:00:00-04:00,8.800000190734863,9.100000381469727,8.699999809265137,8.899999618530273,18420,0.0,0.0
2022-06-09 00:00:00-04:00,9.100000381469727,9.100000381469727,8.399999618530273,8.600000381469727,24230,0.0,0.0
2022-06-10 00:00:00-04:00,8.600000381469727,9.059000015258789,8.20199966430664,8.480999946594238,19740,0.0,0.0
2022-06-13 00:00:00-04:00,8.480999946594238,8.600000381469727,7.0,7.360000133514404,56060,0.0,0.0
2022-06-14 00:00:00-04:00,7.331999778747559,10.5,6.599999904632568,7.0,578790,0.0,0.0
2022-06-15 00:00:00-04:00,7.883999824523926,8.149999618530273,6.800000190734863,7.099999904632568,308570,0.0,0.0
2022-06-16 00:00:00-04:00,6.710000038146973,7.078999996185303,6.159999847412109,6.638999938964844,51520,0.0,0.0
2022-06-17 00:00:00-04:00,6.224999904632568,6.869999885559082,6.0,6.210000038146973,52780,0.0,0.0
2022-06-21 00:00:00-04:00,6.401000022888184,6.598999977111816,6.099999904632568,6.357999801635742,26470,0.0,0.0
2022-06-22 00:00:00-04:00,6.111000061035156,6.679999828338623,5.909999847412109,6.349999904632568,29530,0.0,0.0
2022-06-23 00:00:00-04:00,6.400000095367432,6.900000095367432,6.25,6.326000213623047,26480,0.0,0.0
2022-06-24 00:00:00-04:00,6.5,6.900000095367432,6.357999801635742,6.5229997634887695,111090,0.0,0.0
2022-06-27 00:00:00-04:00,6.599999904632568,7.150000095367432,6.400000095367432,6.900000095367432,139940,0.0,0.0
2022-06-28 00:00:00-04:00,6.666999816894531,7.089000225067139,6.599999904632568,6.8379998207092285,99140,0.0,0.0
2022-06-29 00:00:00-04:00,6.800000190734863,7.252999782562256,6.599999904632568,6.943999767303467,194550,0.0,0.0
2022-06-30 00:00:00-04:00,6.9029998779296875,8.119999885559082,6.300000190734863,7.5,308570,0.0,0.0
2022-07-01 00:00:00-04:00,7.622000217437744,8.300000190734863,7.099999904632568,7.400000095367432,283070,0.0,0.0
2022-07-05 00:00:00-04:00,7.275000095367432,8.199999809265137,7.110000133514404,7.420000076293945,147970,0.0,0.0
2022-07-06 00:00:00-04:00,7.699999809265137,7.699999809265137,5.800000190734863,6.370999813079834,280270,0.0,0.0
2022-07-07 00:00:00-04:00,6.374000072479248,6.539999961853027,6.099999904632568,6.4670000076293945,67700,0.0,0.0
2022-07-08 00:00:00-04:00,6.400000095367432,6.429999828338623,6.001999855041504,6.249000072479248,77110,0.0,0.0
2022-07-11 00:00:00-04:00,6.449999809265137,6.449999809265137,6.201000213623047,6.348999977111816,43490,0.0,0.0
2022-07-12 00:00:00-04:00,6.223999977111816,6.550000190734863,6.1539998054504395,6.531000137329102,70160,0.0,0.0
2022-07-13 00:00:00-04:00,6.25,6.598999977111816,6.099999904632568,6.3520002365112305,46630,0.0,0.0
2022-07-14 00:00:00-04:00,6.3379998207092285,6.433000087738037,6.119999885559082,6.25,24460,0.0,0.0
2022-07-15 00:00:00-04:00,6.199999809265137,6.389999866485596,5.889999866485596,6.382999897003174,54500,0.0,0.0
2022-07-18 00:00:00-04:00,7.449999809265137,7.800000190734863,7.0,7.300000190734863,390810,0.0,0.0
2022-07-19 00:00:00-04:00,7.110000133514404,7.389999866485596,6.829999923706055,7.099999904632568,45780,0.0,0.0
2022-07-20 00:00:00-04:00,7.0,7.199999809265137,6.800000190734863,7.199999809265137,38730,0.0,0.0
2022-07-21 00:00:00-04:00,7.256999969482422,7.300000190734863,6.921000003814697,7.000999927520752,22840,0.0,0.0
2022-07-22 00:00:00-04:00,7.0,7.199999809265137,6.710999965667725,6.75,21890,0.0,0.0
2022-07-25 00:00:00-04:00,6.900000095367432,6.998000144958496,6.125,6.690999984741211,16470,0.0,0.0
2022-07-26 00:00:00-04:00,6.665999889373779,6.900000095367432,6.510000228881836,6.751999855041504,21260,0.0,0.0
2022-07-27 00:00:00-04:00,6.752999782562256,6.900000095367432,6.598999977111816,6.800000190734863,27180,0.0,0.0
2022-07-28 00:00:00-04:00,7.329999923706055,7.659999847412109,7.0,7.380000114440918,541990,0.0,0.0
2022-07-29 00:00:00-04:00,7.369999885559082,8.0,7.099999904632568,7.400000095367432,88730,0.0,0.0
2022-08-01 00:00:00-04:00,7.5,8.0,7.301000118255615,7.478000164031982,84110,0.0,0.0
2022-08-02 00:00:00-04:00,7.5,7.50600004196167,6.800000190734863,6.994999885559082,60970,0.0,0.0
2022-08-03 00:00:00-04:00,6.9670000076293945,7.2789998054504395,6.800000190734863,7.199999809265137,48580,0.0,0.0
2022-08-04 00:00:00-04:00,6.984000205993652,7.599999904632568,6.900000095367432,7.322999954223633,48710,0.0,0.0
2022-08-05 00:00:00-04:00,7.260000228881836,7.599999904632568,7.099999904632568,7.416999816894531,23080,0.0,0.0
2022-08-08 00:00:00-04:00,7.610000133514404,7.800000190734863,7.250999927520752,7.800000190734863,54080,0.0,0.0
2022-08-09 00:00:00-04:00,7.765999794006348,7.800000190734863,7.429999828338623,7.561999797821045,26940,0.0,0.0
2022-08-10 00:00:00-04:00,7.579999923706055,7.579999923706055,7.201000213623047,7.400000095367432,29610,0.0,0.0
2022-08-11 00:00:00-04:00,7.605999946594238,7.699999809265137,7.199999809265137,7.599999904632568,44130,0.0,0.0
2022-08-12 00:00:00-04:00,7.550000190734863,7.75,7.401000022888184,7.625,16790,0.0,0.0
2022-08-15 00:00:00-04:00,7.565000057220459,7.75,7.341000080108643,7.4679999351501465,17310,0.0,0.0
2022-08-16 00:00:00-04:00,7.473999977111816,7.599999904632568,6.620999813079834,7.304999828338623,48340,0.0,0.0
2022-08-17 00:00:00-04:00,7.296999931335449,7.296999931335449,7.099999904632568,7.257999897003174,6400,0.0,0.0
2022-08-18 00:00:00-04:00,7.229000091552734,7.301000118255615,7.033999919891357,7.252999782562256,15780,0.0,0.0
2022-08-19 00:00:00-04:00,7.28000020980835,7.369999885559082,7.0,7.249000072479248,24260,0.0,0.0
2022-08-22 00:00:00-04:00,7.124000072479248,7.449999809265137,7.0,7.199999809265137,20940,0.0,0.0
2022-08-23 00:00:00-04:00,7.400000095367432,7.400000095367432,6.817999839782715,7.099999904632568,18420,0.0,0.0
2022-08-24 00:00:00-04:00,7.0,7.289999961853027,7.0,7.099999904632568,4220,0.0,0.0
2022-08-25 00:00:00-04:00,7.099999904632568,7.300000190734863,6.998000144958496,7.10099983215332,10280,0.0,0.0
2022-08-26 00:00:00-04:00,7.179999828338623,7.190000057220459,6.800000190734863,7.098999977111816,18450,0.0,0.0
2022-08-29 00:00:00-04:00,6.985000133514404,7.099999904632568,6.800000190734863,6.894000053405762,10650,0.0,0.0
2022-08-30 00:00:00-04:00,7.048999786376953,7.048999786376953,6.826000213623047,6.8520002365112305,5400,0.0,0.0
2022-08-31 00:00:00-04:00,7.116000175476074,7.199999809265137,6.800000190734863,6.980000019073486,10720,0.0,0.0
2022-09-01 00:00:00-04:00,6.801000118255615,7.081999778747559,6.800000190734863,6.806000232696533,16690,0.0,0.0
2022-09-02 00:00:00-04:00,6.800000190734863,7.0,6.800000190734863,6.855000019073486,6900,0.0,0.0
2022-09-06 00:00:00-04:00,6.800000190734863,6.900000095367432,6.800000190734863,6.8480000495910645,14220,0.0,0.0
2022-09-07 00:00:00-04:00,7.0,7.039999961853027,6.800000190734863,6.800000190734863,6630,0.0,0.0
2022-09-08 00:00:00-04:00,6.800000190734863,7.5,6.800000190734863,7.400000095367432,61570,0.0,0.0
2022-09-09 00:00:00-04:00,7.300000190734863,7.334000110626221,6.809999942779541,7.199999809265137,35270,0.0,0.0
2022-09-12 00:00:00-04:00,7.005000114440918,7.170000076293945,6.900000095367432,7.0,12990,0.0,0.0
2022-09-13 00:00:00-04:00,6.800000190734863,7.28000020980835,6.800000190734863,7.14900016784668,22540,0.0,0.0
2022-09-14 00:00:00-04:00,7.1479997634887695,7.150000095367432,6.835000038146973,6.835000038146973,9960,0.0,0.0
2022-09-15 00:00:00-04:00,7.099999904632568,7.099999904632568,6.8520002365112305,6.900000095367432,4670,0.0,0.0
2022-09-16 00:00:00-04:00,6.811999797821045,7.038000106811523,6.800000190734863,6.803999900817871,16940,0.0,0.0
2022-09-19 00:00:00-04:00,6.803999900817871,7.008999824523926,6.803999900817871,6.808000087738037,30610,0.0,0.0
2022-09-20 00:00:00-04:00,6.900000095367432,6.900000095367432,6.010000228881836,6.199999809265137,69220,0.0,0.0
2022-09-21 00:00:00-04:00,6.099999904632568,6.26200008392334,5.639999866485596,6.0,12910,0.0,0.0
2022-09-22 00:00:00-04:00,6.0,6.006999969482422,5.119999885559082,5.48799991607666,60200,0.0,0.0
2022-09-23 00:00:00-04:00,5.3460001945495605,5.669000148773193,5.105999946594238,5.47599983215332,19630,0.0,0.0
2022-09-26 00:00:00-04:00,5.426000118255615,5.75,4.769999980926514,4.849999904632568,48030,0.0,0.0
2022-09-27 00:00:00-04:00,5.0,5.449999809265137,4.900000095367432,5.065999984741211,18600,0.0,0.0
2022-09-28 00:00:00-04:00,5.130000114440918,5.150000095367432,4.440999984741211,5.060999870300293,18980,0.0,0.0
2022-09-29 00:00:00-04:00,4.999000072479248,5.0,4.650000095367432,4.7870001792907715,12570,0.0,0.0
2022-09-30 00:00:00-04:00,4.800000190734863,4.800000190734863,4.303999900817871,4.400000095367432,11600,0.0,0.0
2022-10-03 00:00:00-04:00,4.5,4.800000190734863,4.420000076293945,4.525000095367432,8250,0.0,0.0
2022-10-04 00:00:00-04:00,4.349999904632568,4.765999794006348,4.349999904632568,4.525000095367432,5020,0.0,0.0
2022-10-05 00:00:00-04:00,4.599999904632568,4.775000095367432,4.559999942779541,4.60099983215332,7910,0.0,0.0
2022-10-06 00:00:00-04:00,4.599999904632568,5.646999835968018,4.599999904632568,5.171999931335449,26510,0.0,0.0
2022-10-07 00:00:00-04:00,5.300000190734863,5.300000190734863,4.5,4.577000141143799,17880,0.0,0.0
2022-10-10 00:00:00-04:00,4.64300012588501,5.0,4.611999988555908,4.801000118255615,12960,0.0,0.0
2022-10-11 00:00:00-04:00,4.699999809265137,5.202000141143799,4.560999870300293,4.626999855041504,17770,0.0,0.0
2022-10-12 00:00:00-04:00,4.732999801635742,4.980000019073486,4.421000003814697,4.75,16440,0.0,0.0
2022-10-13 00:00:00-04:00,4.800000190734863,4.800000190734863,4.0,4.099999904632568,20650,0.0,0.0
2022-10-14 00:00:00-04:00,4.439000129699707,4.439000129699707,3.9000000953674316,3.9600000381469727,20220,0.0,0.0
2022-10-17 00:00:00-04:00,3.941999912261963,4.21999979019165,3.299999952316284,4.091000080108643,39350,0.0,0.0
2022-10-18 00:00:00-04:00,4.091000080108643,4.335999965667725,3.74399995803833,3.8529999256134033,37580,0.0,0.0
2022-10-19 00:00:00-04:00,3.8529999256134033,4.199999809265137,3.7290000915527344,3.9000000953674316,18990,0.0,0.0
2022-10-20 00:00:00-04:00,4.0980000495910645,4.519999980926514,3.869999885559082,4.113999843597412,26810,0.0,0.0
2022-10-21 00:00:00-04:00,4.301000118255615,4.776000022888184,4.199999809265137,4.40500020980835,10720,0.0,0.0
2022-10-24 00:00:00-04:00,4.699999809265137,4.716000080108643,4.205999851226807,4.236000061035156,16170,0.0,0.0
2022-10-25 00:00:00-04:00,4.521999835968018,4.659999847412109,4.239999771118164,4.290999889373779,13810,0.0,0.0
2022-10-26 00:00:00-04:00,4.199999809265137,4.598999977111816,4.199999809265137,4.38700008392334,17070,0.0,0.0
2022-10-27 00:00:00-04:00,4.304999828338623,4.598999977111816,4.199999809265137,4.201000213623047,5540,0.0,0.0
2022-10-28 00:00:00-04:00,4.400000095367432,4.400000095367432,4.050000190734863,4.078999996185303,4800,0.0,0.0
2022-10-31 00:00:00-04:00,4.199999809265137,4.380000114440918,4.0,4.300000190734863,7480,0.0,0.0
2022-11-01 00:00:00-04:00,4.35699987411499,4.35699987411499,4.000999927520752,4.239999771118164,3970,0.0,0.0
2022-11-02 00:00:00-04:00,4.296999931335449,4.400000095367432,4.0,4.005000114440918,10630,0.0,0.0
2022-11-03 00:00:00-04:00,4.800000190734863,6.800000190734863,4.099999904632568,5.0,1536780,0.0,0.0
2022-11-04 00:00:00-04:00,4.300000190734863,4.800000190734863,3.8499999046325684,4.443999767303467,174950,0.0,0.0
2022-11-07 00:00:00-05:00,4.215000152587891,5.099999904632568,4.099999904632568,4.949999809265137,68070,0.0,0.0
2022-11-08 00:00:00-05:00,4.900000095367432,5.099999904632568,4.500999927520752,4.554999828338623,22870,0.0,0.0
2022-11-09 00:00:00-05:00,4.650000095367432,4.900000095367432,4.0,4.051000118255615,27770,0.0,0.0
2022-11-10 00:00:00-05:00,4.170000076293945,4.298999786376953,4.020999908447266,4.050000190734863,15330,0.0,0.0
2022-11-11 00:00:00-05:00,4.050000190734863,4.2870001792907715,3.9000000953674316,4.0,10880,0.0,0.0
2022-11-14 00:00:00-05:00,4.0970001220703125,4.199999809265137,3.819999933242798,3.9100000858306885,15710,0.0,0.0
2022-11-15 00:00:00-05:00,4.065999984741211,4.199999809265137,3.802000045776367,3.9790000915527344,10710,0.0,0.0
2022-11-16 00:00:00-05:00,4.0269999504089355,4.199999809265137,3.9000000953674316,3.9010000228881836,6560,0.0,0.0
2022-11-17 00:00:00-05:00,3.8499999046325684,4.099999904632568,3.700000047683716,4.0,16640,0.0,0.0
2022-11-18 00:00:00-05:00,4.0,4.14900016784668,3.9000000953674316,3.999000072479248,17460,0.0,0.0
2022-11-21 00:00:00-05:00,3.9000000953674316,4.0,3.811000108718872,3.869999885559082,9820,0.0,0.0
2022-11-22 00:00:00-05:00,3.990999937057495,3.992000102996826,3.750999927520752,3.890000104904175,19420,0.0,0.0
2022-11-23 00:00:00-05:00,3.994999885559082,4.09499979019165,3.8519999980926514,4.0,22040,0.0,0.0
2022-11-25 00:00:00-05:00,4.000999927520752,4.453999996185303,4.000999927520752,4.099999904632568,12180,0.0,0.0
2022-11-28 00:00:00-05:00,4.179999828338623,4.199999809265137,4.099999904632568,4.127999782562256,8080,0.0,0.0
2022-11-29 00:00:00-05:00,3.9779999256134033,4.076000213623047,3.8499999046325684,3.9159998893737793,24050,0.0,0.0
2022-11-30 00:00:00-05:00,3.9000000953674316,4.099999904632568,3.9000000953674316,4.098999977111816,5290,0.0,0.0
2022-12-01 00:00:00-05:00,4.0,4.099999904632568,3.9000000953674316,4.099999904632568,5690,0.0,0.0
2022-12-02 00:00:00-05:00,3.9000000953674316,4.25,3.9000000953674316,4.176000118255615,10780,0.0,0.0
2022-12-05 00:00:00-05:00,4.199999809265137,4.249000072479248,3.9519999027252197,3.9600000381469727,5730,0.0,0.0
2022-12-06 00:00:00-05:00,3.9600000381469727,4.005000114440918,3.700000047683716,3.8429999351501465,7140,0.0,0.0
2022-12-07 00:00:00-05:00,3.7769999504089355,4.078999996185303,3.75,4.0,10810,0.0,0.0
2022-12-08 00:00:00-05:00,3.799999952316284,3.950000047683716,3.700000047683716,3.8399999141693115,12630,0.0,0.0
2022-12-09 00:00:00-05:00,3.9700000286102295,3.9700000286102295,3.614000082015991,3.622999906539917,5560,0.0,0.0
2022-12-12 00:00:00-05:00,3.6040000915527344,5.199999809265137,3.5999999046325684,4.10099983215332,423750,0.0,0.0
2022-12-13 00:00:00-05:00,4.010000228881836,4.199999809265137,3.5999999046325684,4.199999809265137,34520,0.0,0.0
2022-12-14 00:00:00-05:00,4.199999809265137,4.199999809265137,3.884999990463257,3.9509999752044678,18580,0.0,0.0
2022-12-15 00:00:00-05:00,3.7730000019073486,4.175000190734863,3.609999895095825,3.7170000076293945,23410,0.0,0.0
2022-12-16 00:00:00-05:00,3.799999952316284,4.098999977111816,3.7190001010894775,3.8970000743865967,15170,0.0,0.0
2022-12-19 00:00:00-05:00,3.9000000953674316,3.9739999771118164,3.703000068664551,3.8559999465942383,13160,0.0,0.0
2022-12-20 00:00:00-05:00,3.799999952316284,3.8499999046325684,3.700000047683716,3.796999931335449,7590,0.0,0.0
2022-12-21 00:00:00-05:00,3.549999952316284,3.9000000953674316,3.549999952316284,3.6050000190734863,7940,0.0,0.0
2022-12-22 00:00:00-05:00,3.8320000171661377,3.930999994277954,3.4609999656677246,3.4670000076293945,14410,0.0,0.0
2022-12-23 00:00:00-05:00,3.7799999713897705,3.989000082015991,3.505000114440918,3.700000047683716,8270,0.0,0.0
2022-12-27 00:00:00-05:00,3.799999952316284,3.8499999046325684,3.5,3.6389999389648438,8800,0.0,0.0
2022-12-28 00:00:00-05:00,3.5999999046325684,3.8310000896453857,3.4560000896453857,3.6500000953674316,13990,0.0,0.0
2022-12-29 00:00:00-05:00,3.700000047683716,3.799999952316284,3.5999999046325684,3.7100000381469727,6090,0.0,0.0
2022-12-30 00:00:00-05:00,3.5999999046325684,3.8320000171661377,3.5999999046325684,3.811000108718872,13350,0.0,0.0
2023-01-03 00:00:00-05:00,3.765000104904175,4.199999809265137,3.6010000705718994,3.7200000286102295,18860,0.0,0.0
2023-01-04 00:00:00-05:00,3.8010001182556152,4.099999904632568,3.799999952316284,3.809999942779541,3690,0.0,0.0
2023-01-05 00:00:00-05:00,3.799999952316284,4.281000137329102,3.7750000953674316,4.197999954223633,6660,0.0,0.0
2023-01-06 00:00:00-05:00,4.091000080108643,4.453000068664551,3.9000000953674316,4.199999809265137,10350,0.0,0.0
2023-01-09 00:00:00-05:00,4.400000095367432,4.400000095367432,4.005000114440918,4.199999809265137,4580,0.0,0.0
2023-01-10 00:00:00-05:00,4.409999847412109,4.5,4.151000022888184,4.199999809265137,3890,0.0,0.0
2023-01-11 00:00:00-05:00,4.005000114440918,4.651000022888184,4.0,4.625,9350,0.0,0.0
2023-01-12 00:00:00-05:00,4.639999866485596,4.639999866485596,4.25,4.519999980926514,5360,0.0,0.0
2023-01-13 00:00:00-05:00,4.416999816894531,4.706999778747559,4.201000213623047,4.4720001220703125,9170,0.0,0.0
2023-01-17 00:00:00-05:00,4.697999954223633,4.697999954223633,4.5,4.640999794006348,7820,0.0,0.0
2023-01-18 00:00:00-05:00,4.525000095367432,5.124000072479248,4.47599983215332,5.124000072479248,15380,0.0,0.0
2023-01-19 00:00:00-05:00,5.124000072479248,5.5,4.769999980926514,5.0,20270,0.0,0.0
2023-01-20 00:00:00-05:00,4.900000095367432,5.198999881744385,4.300000190734863,4.699999809265137,8680,0.0,0.0
2023-01-23 00:00:00-05:00,4.800000190734863,4.800000190734863,4.5,4.617000102996826,5340,0.0,0.0
2023-01-24 00:00:00-05:00,4.75,5.198999881744385,4.59499979019165,5.098999977111816,18400,0.0,0.0
2023-01-25 00:00:00-05:00,5.349999904632568,5.489999771118164,5.139999866485596,5.24399995803833,13370,0.0,0.0
2023-01-26 00:00:00-05:00,5.099999904632568,5.400000095367432,5.099999904632568,5.400000095367432,8280,0.0,0.0
2023-01-27 00:00:00-05:00,5.438000202178955,5.800000190734863,5.39900016784668,5.599999904632568,13740,0.0,0.0
2023-01-30 00:00:00-05:00,5.599999904632568,5.697000026702881,5.199999809265137,5.360000133514404,8300,0.0,0.0
2023-01-31 00:00:00-05:00,5.6479997634887695,5.697000026702881,5.300000190734863,5.349999904632568,6230,0.0,0.0
2023-02-01 00:00:00-05:00,5.599999904632568,5.599999904632568,5.0,5.202000141143799,13790,0.0,0.0
2023-02-02 00:00:00-05:00,5.35099983215332,5.599999904632568,5.210000038146973,5.451000213623047,9130,0.0,0.0
2023-02-03 00:00:00-05:00,5.699999809265137,5.699999809265137,4.974999904632568,5.2210001945495605,18380,0.0,0.0
2023-02-06 00:00:00-05:00,5.2210001945495605,5.5,5.005000114440918,5.317999839782715,4810,0.0,0.0
2023-02-07 00:00:00-05:00,5.199999809265137,5.300000190734863,4.927000045776367,5.172999858856201,13950,0.0,0.0
2023-02-08 00:00:00-05:00,13.699999809265137,14.199999809265137,9.810999870300293,10.399999618530273,13782850,0.0,0.0
2023-02-09 00:00:00-05:00,9.99899959564209,10.600000381469727,8.5,8.732000350952148,705160,0.0,0.0
2023-02-10 00:00:00-05:00,8.067000389099121,8.66100025177002,7.210000038146973,8.598999977111816,180270,0.0,0.0
2023-02-13 00:00:00-05:00,7.800000190734863,8.055000305175781,7.010000228881836,7.3379998207092285,83670,0.0,0.0
2023-02-14 00:00:00-05:00,8.02299976348877,8.399999618530273,7.5,8.131999969482422,162620,0.0,0.0
2023-02-15 00:00:00-05:00,8.0,9.199999809265137,8.0,8.814000129699707,76260,0.0,0.0
2023-02-16 00:00:00-05:00,8.814000129699707,8.930000305175781,7.699999809265137,8.930000305175781,49360,0.0,0.0
2023-02-17 00:00:00-05:00,8.800000190734863,8.800000190734863,8.300000190734863,8.71399974822998,19390,0.0,0.0
2023-02-21 00:00:00-05:00,8.470000267028809,8.5,7.0,7.515999794006348,44230,0.0,0.0
2023-02-22 00:00:00-05:00,7.515999794006348,7.515999794006348,7.0,7.199999809265137,16500,0.0,0.0
2023-02-23 00:00:00-05:00,7.056000232696533,7.448999881744385,6.474999904632568,6.920000076293945,39080,0.0,0.0
2023-02-24 00:00:00-05:00,7.070000171661377,7.070000171661377,6.070000171661377,6.349999904632568,13620,0.0,0.0
2023-02-27 00:00:00-05:00,6.2170000076293945,6.400000095367432,6.0,6.001999855041504,16940,0.0,0.0
2023-02-28 00:00:00-05:00,6.0,6.0,5.550000190734863,5.699999809265137,11410,0.0,0.0
2023-03-01 00:00:00-05:00,5.699999809265137,6.175000190734863,5.349999904632568,6.0,30230,0.0,0.0
2023-03-02 00:00:00-05:00,5.599999904632568,5.998000144958496,5.519999980926514,5.8460001945495605,9120,0.0,0.0
2023-03-03 00:00:00-05:00,5.849999904632568,6.5,5.599999904632568,6.079999923706055,25200,0.0,0.0
2023-03-06 00:00:00-05:00,6.099999904632568,6.479000091552734,6.099999904632568,6.400000095367432,18260,0.0,0.0
2023-03-07 00:00:00-05:00,6.5,6.5,5.679999828338623,6.0980000495910645,21450,0.0,0.0
2023-03-08 00:00:00-05:00,5.885000228881836,6.099999904632568,5.591000080108643,5.9710001945495605,7710,0.0,0.0
2023-03-09 00:00:00-05:00,5.99399995803833,5.99399995803833,5.573999881744385,5.710999965667725,8620,0.0,0.0
2023-03-10 00:00:00-05:00,5.800000190734863,5.800000190734863,5.27400016784668,5.300000190734863,17530,0.0,0.0
2023-03-13 00:00:00-04:00,5.199999809265137,5.228000164031982,4.510000228881836,4.724999904632568,14530,0.0,0.0
2023-03-14 00:00:00-04:00,4.89900016784668,5.388999938964844,4.60099983215332,4.710999965667725,22270,0.0,0.0
2023-03-15 00:00:00-04:00,4.794000148773193,4.900000095367432,4.513999938964844,4.630000114440918,18120,0.0,0.0
2023-03-16 00:00:00-04:00,4.581999778747559,5.198999881744385,4.513999938964844,4.800000190734863,14540,0.0,0.0
2023-03-17 00:00:00-04:00,4.656000137329102,5.0,4.599999904632568,4.800000190734863,13370,0.0,0.0
2023-03-20 00:00:00-04:00,4.599999904632568,4.78000020980835,4.599999904632568,4.599999904632568,5810,0.0,0.0
2023-03-21 00:00:00-04:00,4.849999904632568,5.797999858856201,4.651000022888184,5.323999881744385,150720,0.0,0.0
2023-03-22 00:00:00-04:00,5.144000053405762,5.322000026702881,5.0,5.199999809265137,9850,0.0,0.0
2023-03-23 00:00:00-04:00,5.199999809265137,5.550000190734863,5.119999885559082,5.5,14140,0.0,0.0
2023-03-24 00:00:00-04:00,5.5,5.5,5.025000095367432,5.300000190734863,9440,0.0,0.0
2023-03-27 00:00:00-04:00,5.5,5.5,5.199999809265137,5.224999904632568,4920,0.0,0.0
2023-03-28 00:00:00-04:00,5.300000190734863,5.400000095367432,5.0,5.190999984741211,6150,0.0,0.0
2023-03-29 00:00:00-04:00,5.099999904632568,5.400000095367432,4.809999942779541,4.989999771118164,22170,0.0,0.0
2023-03-30 00:00:00-04:00,4.989999771118164,5.0,4.558000087738037,4.8460001945495605,8590,0.0,0.0
2023-03-31 00:00:00-04:00,4.800000190734863,5.400000095367432,4.800000190734863,5.0,13660,0.0,0.0
2023-04-03 00:00:00-04:00,4.900000095367432,5.25,4.900000095367432,4.9710001945495605,4900,0.0,0.0
2023-04-04 00:00:00-04:00,4.949999809265137,5.1620001792907715,4.949999809265137,5.046999931335449,4830,0.0,0.0
2023-04-05 00:00:00-04:00,5.0,5.119999885559082,4.699999809265137,4.800000190734863,6430,0.0,0.0
2023-04-06 00:00:00-04:00,4.800000190734863,5.300000190734863,4.800000190734863,5.158999919891357,4770,0.0,0.0
2023-04-10 00:00:00-04:00,5.0,5.150000095367432,4.5,4.879000186920166,16620,0.0,0.0
2023-04-11 00:00:00-04:00,4.880000114440918,5.339000225067139,4.400000095367432,4.840000152587891,14010,0.0,0.0
2023-04-12 00:00:00-04:00,12.600000381469727,13.300000190734863,8.182999610900879,8.75,8694870,0.0,0.0
2023-04-13 00:00:00-04:00,7.96999979019165,8.5,6.176000118255615,6.5,439670,0.0,0.0
2023-04-14 00:00:00-04:00,6.276000022888184,7.599999904632568,5.900000095367432,7.086999893188477,308420,0.0,0.0
2023-04-17 00:00:00-04:00,6.5,6.974999904632568,5.519999980926514,5.900000095367432,129370,0.0,0.0
2023-04-18 00:00:00-04:00,6.198999881744385,6.5,5.800000190734863,6.309999942779541,71750,0.0,0.0
2023-04-19 00:00:00-04:00,6.0,6.800000190734863,6.0,6.535999774932861,75840,0.0,0.0
2023-04-20 00:00:00-04:00,6.599999904632568,6.822999954223633,6.400000095367432,6.599999904632568,47730,0.0,0.0
2023-04-21 00:00:00-04:00,6.5,7.400000095367432,6.5,6.900000095367432,61500,0.0,0.0
2023-04-24 00:00:00-04:00,6.800000190734863,7.099999904632568,6.323999881744385,6.501999855041504,51390,0.0,0.0
2023-04-25 00:00:00-04:00,6.440999984741211,6.796999931335449,6.308000087738037,6.650000095367432,28400,0.0,0.0
2023-04-26 00:00:00-04:00,6.599999904632568,6.699999809265137,6.013000011444092,6.296000003814697,29570,0.0,0.0
2023-04-27 00:00:00-04:00,6.300000190734863,6.598999977111816,6.199999809265137,6.449999809265137,13790,0.0,0.0
2023-04-28 00:00:00-04:00,6.329999923706055,6.573999881744385,6.099999904632568,6.484000205993652,20130,0.0,0.0
2023-05-01 00:00:00-04:00,6.300000190734863,7.199999809265137,6.199999809265137,7.199999809265137,40090,0.0,0.0
2023-05-02 00:00:00-04:00,6.984000205993652,6.984000205993652,6.5,6.690000057220459,23470,0.0,0.0
2023-05-03 00:00:00-04:00,6.800000190734863,6.900000095367432,6.289999961853027,6.382999897003174,19530,0.0,0.0
2023-05-04 00:00:00-04:00,6.400000095367432,6.599999904632568,6.295000076293945,6.353000164031982,24320,0.0,0.0
2023-05-05 00:00:00-04:00,6.199999809265137,6.400000095367432,6.0,6.400000095367432,29600,0.0,0.0
2023-05-08 00:00:00-04:00,6.400000095367432,6.8460001945495605,6.201000213623047,6.443999767303467,11700,0.0,0.0
2023-05-09 00:00:00-04:00,6.443999767303467,6.630000114440918,6.070000171661377,6.353000164031982,19890,0.0,0.0
2023-05-10 00:00:00-04:00,6.289999961853027,6.5,6.124000072479248,6.497000217437744,13530,0.0,0.0
2023-05-11 00:00:00-04:00,6.360000133514404,6.629000186920166,6.199999809265137,6.5,18070,0.0,0.0
2023-05-12 00:00:00-04:00,6.59499979019165,6.599999904632568,6.35699987411499,6.599999904632568,20300,0.0,0.0
2023-05-15 00:00:00-04:00,6.800000190734863,6.900000095367432,6.401000022888184,6.599999904632568,15280,0.0,0.0
2023-05-16 00:00:00-04:00,6.525000095367432,6.599999904632568,6.099999904632568,6.2210001945495605,8660,0.0,0.0
2023-05-17 00:00:00-04:00,6.25,6.599999904632568,6.25,6.599999904632568,9160,0.0,0.0
2023-05-18 00:00:00-04:00,7.0,7.190000057220459,5.400000095367432,5.921000003814697,471660,0.0,0.0
2023-05-19 00:00:00-04:00,5.921000003814697,6.4720001220703125,5.5,6.201000213623047,87260,0.0,0.0
2023-05-22 00:00:00-04:00,6.099999904632568,6.5,6.0,6.2829999923706055,78290,0.0,0.0
2023-05-23 00:00:00-04:00,6.296000003814697,6.449999809265137,5.900000095367432,5.951000213623047,20970,0.0,0.0
2023-05-24 00:00:00-04:00,6.0,6.099999904632568,5.610000133514404,5.989999771118164,12230,0.0,0.0
2023-05-25 00:00:00-04:00,5.985000133514404,5.998000144958496,5.699999809265137,5.750999927520752,19390,0.0,0.0
2023-05-26 00:00:00-04:00,5.901000022888184,6.0,5.599999904632568,5.6020002365112305,8740,0.0,0.0
2023-05-30 00:00:00-04:00,5.599999904632568,5.800000190734863,5.525000095367432,5.599999904632568,8010,0.0,0.0
2023-05-31 00:00:00-04:00,5.703000068664551,5.833000183105469,5.599999904632568,5.701000213623047,32090,0.0,0.0
2023-06-01 00:00:00-04:00,5.986000061035156,6.089000225067139,5.599999904632568,5.800000190734863,46070,0.0,0.0
2023-06-02 00:00:00-04:00,5.800000190734863,5.875,5.599999904632568,5.798999786376953,10770,0.0,0.0
2023-06-05 00:00:00-04:00,5.699999809265137,5.796999931335449,5.599999904632568,5.734000205993652,12050,0.0,0.0
2023-06-06 00:00:00-04:00,5.709000110626221,5.818999767303467,5.636000156402588,5.670000076293945,12520,0.0,0.0
2023-06-07 00:00:00-04:00,5.769000053405762,5.816999912261963,5.5,5.502999782562256,16960,0.0,0.0
2023-06-08 00:00:00-04:00,5.502999782562256,5.729000091552734,5.5,5.729000091552734,9310,0.0,0.0
2023-06-09 00:00:00-04:00,5.580999851226807,5.599999904632568,4.004000186920166,4.298999786376953,157310,0.0,0.0
2023-06-12 00:00:00-04:00,4.260000228881836,4.729300022125244,4.110000133514404,4.420000076293945,266100,0.0,0.1
2023-06-13 00:00:00-04:00,4.639999866485596,5.179999828338623,4.300000190734863,4.78000020980835,123000,0.0,0.0
2023-06-14 00:00:00-04:00,4.769999980926514,4.895199775695801,4.510000228881836,4.519999980926514,75600,0.0,0.0
2023-06-15 00:00:00-04:00,4.409999847412109,6.719900131225586,4.409999847412109,5.670000076293945,1547600,0.0,0.0
2023-06-16 00:00:00-04:00,5.079999923706055,5.313000202178955,4.720099925994873,4.949999809265137,178000,0.0,0.0
2023-06-20 00:00:00-04:00,4.909999847412109,5.289899826049805,4.810100078582764,4.960000038146973,158400,0.0,0.0
2023-06-21 00:00:00-04:00,5.0,5.070000171661377,4.820000171661377,4.889999866485596,24200,0.0,0.0
2023-06-22 00:00:00-04:00,4.78000020980835,4.949999809265137,4.739999771118164,4.809999942779541,25200,0.0,0.0
2023-06-23 00:00:00-04:00,4.78000020980835,5.159900188446045,4.762899875640869,4.880000114440918,56200,0.0,0.0
2023-06-26 00:00:00-04:00,4.880000114440918,5.079999923706055,4.449999809265137,4.599999904632568,67000,0.0,0.0
2023-06-27 00:00:00-04:00,4.699999809265137,4.760000228881836,4.400000095367432,4.460000038146973,40200,0.0,0.0
2023-06-28 00:00:00-04:00,4.550000190734863,4.650000095367432,4.269999980926514,4.409999847412109,27800,0.0,0.0
2023-06-29 00:00:00-04:00,4.449999809265137,4.7017998695373535,4.449999809265137,4.650000095367432,14600,0.0,0.0
2023-06-30 00:00:00-04:00,4.699999809265137,4.820000171661377,4.5,4.635000228881836,34200,0.0,0.0
2023-07-03 00:00:00-04:00,4.659999847412109,4.659999847412109,4.420000076293945,4.519999980926514,11800,0.0,0.0
2023-07-05 00:00:00-04:00,4.420000076293945,4.71999979019165,4.380000114440918,4.380000114440918,29000,0.0,0.0
2023-07-06 00:00:00-04:00,4.289999961853027,4.559999942779541,4.289999961853027,4.369999885559082,58800,0.0,0.0
2023-07-07 00:00:00-04:00,4.400000095367432,4.599999904632568,4.400000095367432,4.519999980926514,19600,0.0,0.0
2023-07-10 00:00:00-04:00,4.519999980926514,4.800000190734863,4.5,4.789999961853027,39200,0.0,0.0
2023-07-11 00:00:00-04:00,4.869999885559082,5.5,4.760000228881836,4.909999847412109,189300,0.0,0.0
2023-07-12 00:00:00-04:00,4.949999809265137,5.630000114440918,4.900000095367432,5.309999942779541,109500,0.0,0.0
2023-07-13 00:00:00-04:00,5.579999923706055,5.579999923706055,4.889999866485596,5.0,70600,0.0,0.0
2023-07-14 00:00:00-04:00,5.03000020980835,5.380000114440918,4.869999885559082,4.920000076293945,70400,0.0,0.0
2023-07-17 00:00:00-04:00,4.949999809265137,5.210000038146973,4.920100212097168,4.963200092315674,98200,0.0,0.0
2023-07-18 00:00:00-04:00,5.050000190734863,5.359399795532227,4.949999809265137,5.28000020980835,54700,0.0,0.0
2023-07-19 00:00:00-04:00,5.25,5.579999923706055,5.019999980926514,5.389999866485596,66900,0.0,0.0
2023-07-20 00:00:00-04:00,5.489999771118164,5.670000076293945,5.369999885559082,5.53000020980835,47600,0.0,0.0
2023-07-21 00:00:00-04:00,5.630000114440918,5.857900142669678,5.610000133514404,5.769999980926514,51500,0.0,0.0
2023-07-24 00:00:00-04:00,5.800000190734863,6.46999979019165,5.78000020980835,6.460000038146973,60900,0.0,0.0
2023-07-25 00:00:00-04:00,6.539999961853027,6.75,6.369999885559082,6.630000114440918,63600,0.0,0.0
2023-07-26 00:00:00-04:00,6.579999923706055,6.579999923706055,6.150000095367432,6.159999847412109,35200,0.0,0.0
2023-07-27 00:00:00-04:00,6.2052001953125,6.21619987487793,5.570000171661377,5.619999885559082,44400,0.0,0.0
2023-07-28 00:00:00-04:00,5.820000171661377,5.919899940490723,5.599999904632568,5.610000133514404,72100,0.0,0.0
2023-07-31 00:00:00-04:00,5.539999961853027,5.730000019073486,5.510000228881836,5.510000228881836,48500,0.0,0.0
2023-08-01 00:00:00-04:00,5.610000133514404,5.728799819946289,5.480000019073486,5.579999923706055,34400,0.0,0.0
2023-08-02 00:00:00-04:00,5.570000171661377,5.570000171661377,5.260000228881836,5.260000228881836,28400,0.0,0.0
2023-08-03 00:00:00-04:00,5.909999847412109,6.059999942779541,5.25,5.570000171661377,262700,0.0,0.0
2023-08-04 00:00:00-04:00,5.510000228881836,5.589099884033203,5.357999801635742,5.389999866485596,78900,0.0,0.0
2023-08-07 00:00:00-04:00,5.449999809265137,5.630000114440918,5.369999885559082,5.579999923706055,27700,0.0,0.0
2023-08-08 00:00:00-04:00,5.420000076293945,5.46999979019165,5.159999847412109,5.429999828338623,20200,0.0,0.0
2023-08-09 00:00:00-04:00,5.340000152587891,5.364999771118164,4.89300012588501,5.170000076293945,45900,0.0,0.0
2023-08-10 00:00:00-04:00,5.050000190734863,5.300000190734863,4.96999979019165,5.300000190734863,11000,0.0,0.0
2023-08-11 00:00:00-04:00,5.179999828338623,5.300000190734863,5.0,5.170000076293945,4500,0.0,0.0
2023-08-14 00:00:00-04:00,5.173699855804443,5.289999961853027,5.0,5.210000038146973,17700,0.0,0.0
2023-08-15 00:00:00-04:00,5.25,5.25,5.0,5.079999923706055,11300,0.0,0.0
2023-08-16 00:00:00-04:00,5.050000190734863,5.138199806213379,4.475500106811523,4.519999980926514,43800,0.0,0.0
2023-08-17 00:00:00-04:00,4.449999809265137,4.684000015258789,4.309999942779541,4.590000152587891,54000,0.0,0.0
2023-08-18 00:00:00-04:00,4.558599948883057,4.558599948883057,4.400100231170654,4.519999980926514,5000,0.0,0.0
2023-08-21 00:00:00-04:00,4.53000020980835,4.730000019073486,4.489999771118164,4.730000019073486,4700,0.0,0.0
2023-08-22 00:00:00-04:00,4.730000019073486,4.730000019073486,4.489999771118164,4.5,14100,0.0,0.0
2023-08-23 00:00:00-04:00,4.494999885559082,4.499300003051758,4.369999885559082,4.380000114440918,9900,0.0,0.0
2023-08-24 00:00:00-04:00,4.349999904632568,4.480000019073486,4.21999979019165,4.320000171661377,7200,0.0,0.0
2023-08-25 00:00:00-04:00,4.399899959564209,4.399899959564209,4.199999809265137,4.230000019073486,14600,0.0,0.0
2023-08-28 00:00:00-04:00,4.260000228881836,4.489999771118164,4.260000228881836,4.489999771118164,20400,0.0,0.0
2023-08-29 00:00:00-04:00,4.5,4.800000190734863,4.440400123596191,4.789999961853027,18200,0.0,0.0
2023-08-30 00:00:00-04:00,4.690000057220459,4.860000133514404,4.599999904632568,4.610000133514404,21700,0.0,0.0
2023-08-31 00:00:00-04:00,4.670000076293945,4.78000020980835,4.598999977111816,4.7399001121521,10000,0.0,0.0
2023-09-01 00:00:00-04:00,4.630000114440918,4.630000114440918,4.519999980926514,4.574999809265137,9200,0.0,0.0
2023-09-05 00:00:00-04:00,4.619999885559082,4.649899959564209,4.5,4.619999885559082,13000,0.0,0.0
2023-09-06 00:00:00-04:00,4.590199947357178,4.670000076293945,4.509099960327148,4.599999904632568,14800,0.0,0.0
2023-09-07 00:00:00-04:00,4.510000228881836,4.710000038146973,4.510000228881836,4.659999847412109,7500,0.0,0.0
2023-09-08 00:00:00-04:00,4.738999843597412,4.75,4.639900207519531,4.739999771118164,8200,0.0,0.0
2023-09-11 00:00:00-04:00,4.71999979019165,5.440000057220459,4.71999979019165,5.349999904632568,57800,0.0,0.0
2023-09-12 00:00:00-04:00,5.259900093078613,6.190000057220459,5.139999866485596,6.159999847412109,121700,0.0,0.0
2023-09-13 00:00:00-04:00,6.920000076293945,7.010000228881836,4.840000152587891,5.639999866485596,868200,0.0,0.0
2023-09-14 00:00:00-04:00,4.960000038146973,5.775000095367432,4.835999965667725,5.429999828338623,101800,0.0,0.0
2023-09-15 00:00:00-04:00,5.46999979019165,5.46999979019165,5.059999942779541,5.380000114440918,23200,0.0,0.0
2023-09-18 00:00:00-04:00,5.380000114440918,5.590000152587891,5.0,5.059999942779541,28600,0.0,0.0
2023-09-19 00:00:00-04:00,5.186699867248535,5.229899883270264,4.96999979019165,5.139999866485596,40100,0.0,0.0
2023-09-20 00:00:00-04:00,5.150000095367432,5.300000190734863,4.950099945068359,5.150000095367432,12900,0.0,0.0
2023-09-21 00:00:00-04:00,5.047999858856201,5.169899940490723,5.0,5.079999923706055,13800,0.0,0.0
2023-09-22 00:00:00-04:00,5.079999923706055,5.299900054931641,5.000100135803223,5.239999771118164,17900,0.0,0.0
2023-09-25 00:00:00-04:00,5.099999904632568,5.231500148773193,4.954400062561035,5.139999866485596,8300,0.0,0.0
2023-09-26 00:00:00-04:00,5.059999942779541,5.360000133514404,5.010000228881836,5.360000133514404,25900,0.0,0.0
2023-09-27 00:00:00-04:00,5.4899001121521,5.592599868774414,5.244999885559082,5.449999809265137,18500,0.0,0.0
2023-09-28 00:00:00-04:00,5.474999904632568,5.5,5.21999979019165,5.289999961853027,18600,0.0,0.0
2023-09-29 00:00:00-04:00,5.21999979019165,5.324999809265137,4.87060022354126,4.920000076293945,44300,0.0,0.0
2023-10-02 00:00:00-04:00,4.869999885559082,4.949900150299072,4.71999979019165,4.71999979019165,14000,0.0,0.0
2023-10-03 00:00:00-04:00,4.655799865722656,4.980000019073486,4.640100002288818,4.75,12200,0.0,0.0
2023-10-04 00:00:00-04:00,4.710000038146973,4.975100040435791,4.710000038146973,4.849999904632568,6500,0.0,0.0
2023-10-05 00:00:00-04:00,4.989999771118164,5.119999885559082,4.894000053405762,4.949999809265137,9400,0.0,0.0
2023-10-06 00:00:00-04:00,5.02400016784668,5.079999923706055,4.730100154876709,5.0,8000,0.0,0.0
2023-10-09 00:00:00-04:00,5.090000152587891,5.090000152587891,4.800000190734863,4.909999847412109,6700,0.0,0.0
2023-10-10 00:00:00-04:00,4.949999809265137,4.960000038146973,4.820000171661377,4.820000171661377,3600,0.0,0.0
2023-10-11 00:00:00-04:00,4.838200092315674,4.945000171661377,4.820000171661377,4.820000171661377,6600,0.0,0.0
2023-10-12 00:00:00-04:00,4.914999961853027,4.949999809265137,4.849999904632568,4.949999809265137,3200,0.0,0.0
2023-10-13 00:00:00-04:00,4.890399932861328,5.159999847412109,4.890399932861328,5.039999961853027,26600,0.0,0.0
2023-10-16 00:00:00-04:00,4.950099945068359,5.0507001876831055,4.950099945068359,4.980000019073486,2900,0.0,0.0
2023-10-17 00:00:00-04:00,5.015200138092041,5.079999923706055,4.849999904632568,4.849999904632568,10400,0.0,0.0
2023-10-18 00:00:00-04:00,4.849999904632568,4.9120001792907715,4.701300144195557,4.75,8100,0.0,0.0
2023-10-19 00:00:00-04:00,4.875,4.875,4.75,4.809999942779541,1000,0.0,0.0
2023-10-20 00:00:00-04:00,4.7164998054504395,4.71999979019165,4.565000057220459,4.590000152587891,8100,0.0,0.0
2023-10-23 00:00:00-04:00,4.559999942779541,4.777299880981445,4.510000228881836,4.539999961853027,4500,0.0,0.0
2023-10-24 00:00:00-04:00,4.650000095367432,4.840000152587891,4.584199905395508,4.681399822235107,3300,0.0,0.0
2023-10-25 00:00:00-04:00,4.699999809265137,4.809999942779541,4.599999904632568,4.680200099945068,2400,0.0,0.0
2023-10-26 00:00:00-04:00,4.630000114440918,4.630000114440918,4.410099983215332,4.5,8900,0.0,0.0
2023-10-27 00:00:00-04:00,4.423999786376953,4.458499908447266,4.309999942779541,4.380000114440918,9600,0.0,0.0
2023-10-30 00:00:00-04:00,4.420000076293945,4.4542999267578125,4.230000019073486,4.273099899291992,7100,0.0,0.0
2023-10-31 00:00:00-04:00,4.399899959564209,4.399899959564209,4.25,4.389999866485596,4100,0.0,0.0
2023-11-01 00:00:00-04:00,4.361700057983398,4.429900169372559,4.269999980926514,4.349999904632568,3700,0.0,0.0
2023-11-02 00:00:00-04:00,4.300000190734863,4.416399955749512,4.269999980926514,4.400000095367432,1800,0.0,0.0
2023-11-03 00:00:00-04:00,4.346499919891357,4.650000095367432,4.3007001876831055,4.650000095367432,3700,0.0,0.0
2023-11-06 00:00:00-05:00,4.439899921417236,4.439899921417236,4.301499843597412,4.301499843597412,1300,0.0,0.0
2023-11-07 00:00:00-05:00,4.389999866485596,4.399899959564209,4.300000190734863,4.300000190734863,3500,0.0,0.0
2023-11-08 00:00:00-05:00,4.399499893188477,4.399499893188477,4.21999979019165,4.21999979019165,4800,0.0,0.0
2023-11-09 00:00:00-05:00,4.269999980926514,4.394999980926514,4.21999979019165,4.21999979019165,3800,0.0,0.0
2023-11-10 00:00:00-05:00,4.2332000732421875,4.340000152587891,4.21999979019165,4.260000228881836,3800,0.0,0.0
2023-11-13 00:00:00-05:00,4.269999980926514,4.340000152587891,4.230000019073486,4.25,2700,0.0,0.0
2023-11-14 00:00:00-05:00,4.21999979019165,4.349999904632568,4.21999979019165,4.25,9300,0.0,0.0
2023-11-15 00:00:00-05:00,4.300000190734863,4.5,4.300000190734863,4.4328999519348145,13800,0.0,0.0
2023-11-16 00:00:00-05:00,4.480000019073486,4.480000019073486,4.300000190734863,4.420000076293945,4400,0.0,0.0
2023-11-17 00:00:00-05:00,4.420000076293945,4.747600078582764,4.420000076293945,4.497600078582764,9400,0.0,0.0
2023-11-20 00:00:00-05:00,4.460000038146973,4.460000038146973,4.317599773406982,4.369999885559082,3800,0.0,0.0
2023-11-21 00:00:00-05:00,4.399899959564209,4.399899959564209,4.260000228881836,4.260000228881836,9500,0.0,0.0
2023-11-22 00:00:00-05:00,4.179999828338623,4.389999866485596,4.179999828338623,4.389999866485596,5500,0.0,0.0
2023-11-24 00:00:00-05:00,4.480000019073486,4.715700149536133,4.480000019073486,4.690000057220459,3000,0.0,0.0
2023-11-27 00:00:00-05:00,4.690000057220459,4.690000057220459,4.25,4.260000228881836,11100,0.0,0.0
2023-11-28 00:00:00-05:00,4.425000190734863,4.509900093078613,4.261000156402588,4.28000020980835,2600,0.0,0.0
2023-11-29 00:00:00-05:00,4.472300052642822,4.5,4.3059000968933105,4.5,4900,0.0,0.0
2023-11-30 00:00:00-05:00,4.477399826049805,4.599899768829346,4.356500148773193,4.449999809265137,7700,0.0,0.0
2023-12-01 00:00:00-05:00,4.48360013961792,4.570000171661377,4.371099948883057,4.570000171661377,1600,0.0,0.0
2023-12-04 00:00:00-05:00,4.409999847412109,4.590000152587891,4.340799808502197,4.539999961853027,4200,0.0,0.0
2023-12-05 00:00:00-05:00,4.53000020980835,4.545000076293945,4.369999885559082,4.433199882507324,5300,0.0,0.0
2023-12-06 00:00:00-05:00,4.420000076293945,4.599999904632568,4.420000076293945,4.5,2600,0.0,0.0
2023-12-07 00:00:00-05:00,4.409999847412109,4.5366997718811035,4.360000133514404,4.367499828338623,5300,0.0,0.0
2023-12-08 00:00:00-05:00,4.554999828338623,4.554999828338623,4.449999809265137,4.460000038146973,2800,0.0,0.0
2023-12-11 00:00:00-05:00,4.3958001136779785,4.5,4.349999904632568,4.349999904632568,3600,0.0,0.0
2023-12-12 00:00:00-05:00,4.482500076293945,4.739999771118164,4.440000057220459,4.550000190734863,30300,0.0,0.0
2023-12-13 00:00:00-05:00,4.550000190734863,4.630000114440918,4.550000190734863,4.570000171661377,2900,0.0,0.0
2023-12-14 00:00:00-05:00,4.570000171661377,4.710000038146973,4.512400150299072,4.605000019073486,8300,0.0,0.0
2023-12-15 00:00:00-05:00,4.635000228881836,4.71999979019165,4.635000228881836,4.670000076293945,2800,0.0,0.0
2023-12-18 00:00:00-05:00,4.670000076293945,4.670000076293945,4.570000171661377,4.650000095367432,2000,0.0,0.0
2023-12-19 00:00:00-05:00,4.639999866485596,4.679999828338623,4.550300121307373,4.659999847412109,7700,0.0,0.0
2023-12-20 00:00:00-05:00,4.610000133514404,6.599999904632568,4.420000076293945,4.659999847412109,233500,0.0,0.0
2023-12-21 00:00:00-05:00,4.440000057220459,4.679999828338623,4.440000057220459,4.650000095367432,27000,0.0,0.0
2023-12-22 00:00:00-05:00,4.610000133514404,4.90500020980835,4.54010009765625,4.730000019073486,5300,0.0,0.0
2023-12-26 00:00:00-05:00,4.889999866485596,4.900000095367432,4.570000171661377,4.71999979019165,17600,0.0,0.0
2023-12-27 00:00:00-05:00,4.664999961853027,4.789999961853027,4.599999904632568,4.789899826049805,9100,0.0,0.0
2023-12-28 00:00:00-05:00,4.581699848175049,4.735099792480469,4.581699848175049,4.650000095367432,7700,0.0,0.0
2023-12-29 00:00:00-05:00,4.599999904632568,4.75,4.590000152587891,4.610000133514404,11400,0.0,0.0
2024-01-02 00:00:00-05:00,4.659999847412109,4.75,4.570099830627441,4.600399971008301,3000,0.0,0.0
2024-01-03 00:00:00-05:00,4.639999866485596,4.649899959564209,4.5320000648498535,4.579999923706055,2400,0.0,0.0
2024-01-04 00:00:00-05:00,4.670000076293945,4.729899883270264,4.635000228881836,4.729899883270264,1000,0.0,0.0
2024-01-05 00:00:00-05:00,4.590000152587891,4.650000095367432,4.519999980926514,4.650000095367432,4400,0.0,0.0
2024-01-08 00:00:00-05:00,4.7399001121521,4.7399001121521,4.570000171661377,4.628499984741211,2500,0.0,0.0
2024-01-09 00:00:00-05:00,4.608099937438965,4.619999885559082,4.550000190734863,4.619999885559082,7200,0.0,0.0
2024-01-10 00:00:00-05:00,4.549799919128418,4.679999828338623,4.549799919128418,4.604499816894531,3300,0.0,0.0
2024-01-11 00:00:00-05:00,4.550099849700928,4.640500068664551,4.500400066375732,4.519999980926514,8100,0.0,0.0
2024-01-12 00:00:00-05:00,4.5,4.718500137329102,4.5,4.500100135803223,2500,0.0,0.0
2024-01-16 00:00:00-05:00,4.5,4.6092000007629395,4.340000152587891,4.340000152587891,7800,0.0,0.0
2024-01-17 00:00:00-05:00,4.289999961853027,4.549699783325195,4.280099868774414,4.434100151062012,5700,0.0,0.0
2024-01-18 00:00:00-05:00,4.349999904632568,4.480000019073486,4.25,4.375,13600,0.0,0.0
2024-01-19 00:00:00-05:00,4.199999809265137,4.369999885559082,4.199999809265137,4.230000019073486,6400,0.0,0.0
2024-01-22 00:00:00-05:00,4.199999809265137,4.409599781036377,4.199999809265137,4.25,7600,0.0,0.0
2024-01-23 00:00:00-05:00,4.25,4.355000019073486,4.25,4.355000019073486,3700,0.0,0.0
2024-01-24 00:00:00-05:00,4.289999961853027,4.349999904632568,4.255000114440918,4.329999923706055,4600,0.0,0.0
2024-01-25 00:00:00-05:00,4.21999979019165,4.25,4.21999979019165,4.24970006942749,7500,0.0,0.0
2024-01-26 00:00:00-05:00,4.25,4.349899768829346,4.249899864196777,4.300000190734863,10300,0.0,0.0
2024-01-29 00:00:00-05:00,4.269999980926514,4.269999980926514,4.26639986038208,4.26639986038208,700,0.0,0.0
2024-01-30 00:00:00-05:00,4.239999771118164,4.300899982452393,4.239999771118164,4.239999771118164,1600,0.0,0.0
2024-01-31 00:00:00-05:00,4.239999771118164,4.289899826049805,4.230000019073486,4.230000019073486,7500,0.0,0.0
2024-02-01 00:00:00-05:00,4.231599807739258,4.276299953460693,4.21999979019165,4.234600067138672,5200,0.0,0.0
2024-02-02 00:00:00-05:00,4.300000190734863,4.307600021362305,4.21999979019165,4.255000114440918,6000,0.0,0.0
2024-02-05 00:00:00-05:00,4.230000019073486,4.2428998947143555,4.21999979019165,4.220099925994873,1700,0.0,0.0
2024-02-06 00:00:00-05:00,4.230000019073486,4.25,4.230000019073486,4.25,1000,0.0,0.0
2024-02-07 00:00:00-05:00,4.21999979019165,4.349999904632568,4.21999979019165,4.249499797821045,6700,0.0,0.0
2024-02-08 00:00:00-05:00,4.300000190734863,4.319399833679199,4.230000019073486,4.230000019073486,2000,0.0,0.0
2024-02-09 00:00:00-05:00,4.21999979019165,4.3684000968933105,4.210000038146973,4.294000148773193,4200,0.0,0.0
2024-02-12 00:00:00-05:00,4.210000038146973,4.359899997711182,4.210000038146973,4.21999979019165,5300,0.0,0.0
2024-02-13 00:00:00-05:00,4.210000038146973,4.349999904632568,4.210000038146973,4.210000038146973,13000,0.0,0.0
2024-02-14 00:00:00-05:00,4.234099864959717,4.349899768829346,4.234099864959717,4.349899768829346,2500,0.0,0.0
2024-02-15 00:00:00-05:00,4.318699836730957,4.319900035858154,4.230000019073486,4.230000019073486,3100,0.0,0.0
2024-02-16 00:00:00-05:00,4.324999809265137,4.349999904632568,4.229300022125244,4.229300022125244,4800,0.0,0.0
2024-02-20 00:00:00-05:00,4.21999979019165,4.40500020980835,4.21999979019165,4.309999942779541,5700,0.0,0.0
2024-02-21 00:00:00-05:00,4.300000190734863,4.31790018081665,4.300000190734863,4.300000190734863,1700,0.0,0.0
2024-02-22 00:00:00-05:00,4.210000038146973,4.299900054931641,4.199999809265137,4.199999809265137,7700,0.0,0.0
2024-02-23 00:00:00-05:00,4.117499828338623,4.159999847412109,3.930000066757202,4.03000020980835,7300,0.0,0.0
2024-02-26 00:00:00-05:00,4.03000020980835,4.28000020980835,3.9732000827789307,4.28000020980835,3700,0.0,0.0
2024-02-27 00:00:00-05:00,4.157899856567383,4.479899883270264,4.150000095367432,4.304200172424316,5500,0.0,0.0
2024-02-28 00:00:00-05:00,4.21999979019165,4.389999866485596,4.21999979019165,4.389999866485596,3000,0.0,0.0
2024-02-29 00:00:00-05:00,4.409999847412109,4.434999942779541,4.159999847412109,4.159999847412109,9600,0.0,0.0
2024-03-01 00:00:00-05:00,4.244800090789795,4.2845001220703125,4.202099800109863,4.2845001220703125,4200,0.0,0.0
2024-03-04 00:00:00-05:00,4.239999771118164,4.239999771118164,4.0,4.059999942779541,12900,0.0,0.0
2024-03-05 00:00:00-05:00,4.204999923706055,4.204999923706055,4.090000152587891,4.129000186920166,12000,0.0,0.0
2024-03-06 00:00:00-05:00,4.670000076293945,5.880000114440918,4.389999866485596,4.760000228881836,3570800,0.0,0.0
2024-03-07 00:00:00-05:00,7.96999979019165,10.281200408935547,5.679999828338623,6.300000190734863,7918700,0.0,0.0
2024-03-08 00:00:00-05:00,6.010000228881836,7.444399833679199,5.789999961853027,6.25,587700,0.0,0.0
2024-03-11 00:00:00-04:00,6.010000228881836,6.7399001121521,6.010000228881836,6.449999809265137,108500,0.0,0.0
2024-03-12 00:00:00-04:00,6.199999809265137,6.49970006942749,6.150199890136719,6.25,59900,0.0,0.0
2024-03-13 00:00:00-04:00,6.369999885559082,6.369999885559082,5.889999866485596,5.889999866485596,54900,0.0,0.0
2024-03-14 00:00:00-04:00,5.929999828338623,6.074999809265137,5.050000190734863,5.184999942779541,53400,0.0,0.0
2024-03-15 00:00:00-04:00,5.289999961853027,5.360000133514404,4.800000190734863,5.360000133514404,64800,0.0,0.0
2024-03-18 00:00:00-04:00,5.389999866485596,5.829999923706055,4.909999847412109,5.230000019073486,48700,0.0,0.0
2024-03-19 00:00:00-04:00,5.380000114440918,5.409999847412109,5.079999923706055,5.139999866485596,28200,0.0,0.0
2024-03-20 00:00:00-04:00,5.340000152587891,5.419899940490723,5.060100078582764,5.269999980926514,15100,0.0,0.0
2024-03-21 00:00:00-04:00,5.409999847412109,5.815000057220459,5.139999866485596,5.289999961853027,58600,0.0,0.0
2024-03-22 00:00:00-04:00,5.400000095367432,5.465700149536133,5.150000095367432,5.190000057220459,11800,0.0,0.0
2024-03-25 00:00:00-04:00,5.21999979019165,5.599999904632568,5.1753997802734375,5.420000076293945,9400,0.0,0.0
2024-03-26 00:00:00-04:00,5.320000171661377,5.320000171661377,5.000199794769287,5.090000152587891,35100,0.0,0.0
2024-03-27 00:00:00-04:00,5.179999828338623,5.369999885559082,5.020599842071533,5.150000095367432,11400,0.0,0.0
2024-03-28 00:00:00-04:00,5.199999809265137,5.400000095367432,5.099999904632568,5.210000038146973,14500,0.0,0.0
2024-04-01 00:00:00-04:00,5.210000038146973,5.800000190734863,5.210000038146973,5.559999942779541,62600,0.0,0.0
2024-04-02 00:00:00-04:00,5.659999847412109,5.679999828338623,5.469900131225586,5.619999885559082,13000,0.0,0.0
2024-04-03 00:00:00-04:00,5.630000114440918,5.789899826049805,5.420100212097168,5.5,27100,0.0,0.0
2024-04-04 00:00:00-04:00,5.586699962615967,5.730000019073486,5.420000076293945,5.525700092315674,6900,0.0,0.0
2024-04-05 00:00:00-04:00,5.639999866485596,5.730000019073486,5.510000228881836,5.519999980926514,13700,0.0,0.0
2024-04-08 00:00:00-04:00,5.670000076293945,5.849999904632568,5.53000020980835,5.53000020980835,17500,0.0,0.0
2024-04-09 00:00:00-04:00,5.5,5.639999866485596,5.47730016708374,5.639999866485596,3400,0.0,0.0
2024-04-10 00:00:00-04:00,5.519999980926514,5.59499979019165,5.5100998878479,5.59499979019165,2200,0.0,0.0
2024-04-11 00:00:00-04:00,5.46999979019165,5.650000095367432,5.21999979019165,5.465000152587891,6100,0.0,0.0
2024-04-12 00:00:00-04:00,5.239999771118164,5.383900165557861,5.199999809265137,5.210000038146973,4100,0.0,0.0
2024-04-15 00:00:00-04:00,5.199999809265137,5.616499900817871,5.199999809265137,5.210000038146973,7900,0.0,0.0
2024-04-16 00:00:00-04:00,5.199999809265137,5.301599979400635,5.199999809265137,5.199999809265137,4300,0.0,0.0
2024-04-17 00:00:00-04:00,5.119999885559082,5.295000076293945,4.900000095367432,4.994999885559082,19000,0.0,0.0
2024-04-18 00:00:00-04:00,4.920000076293945,5.0,4.809999942779541,4.809999942779541,14500,0.0,0.0
2024-04-19 00:00:00-04:00,4.809999942779541,4.875,4.809999942779541,4.809999942779541,22300,0.0,0.0
2024-04-22 00:00:00-04:00,4.809999942779541,4.96999979019165,4.809999942779541,4.830100059509277,37000,0.0,0.0
2024-04-23 00:00:00-04:00,4.860000133514404,4.929900169372559,4.820000171661377,4.820099830627441,9600,0.0,0.0
2024-04-24 00:00:00-04:00,4.894199848175049,4.894199848175049,4.809999942779541,4.809999942779541,9200,0.0,0.0
2024-04-25 00:00:00-04:00,4.800000190734863,4.800000190734863,4.349999904632568,4.400000095367432,21500,0.0,0.0
2024-04-26 00:00:00-04:00,4.320000171661377,4.420000076293945,4.297999858856201,4.320000171661377,11200,0.0,0.0
2024-04-29 00:00:00-04:00,4.420000076293945,4.499899864196777,4.329999923706055,4.385000228881836,3300,0.0,0.0
2024-04-30 00:00:00-04:00,4.309999942779541,4.5630998611450195,4.309999942779541,4.440000057220459,6700,0.0,0.0
2024-05-01 00:00:00-04:00,4.574999809265137,4.574999809265137,4.574999809265137,4.574999809265137,500,0.0,0.0
2024-05-02 00:00:00-04:00,4.550000190734863,4.550000190734863,4.550000190734863,4.550000190734863,1000,0.0,0.0
2024-05-03 00:00:00-04:00,4.539999961853027,4.539999961853027,4.253900051116943,4.394999980926514,5100,0.0,0.0
2024-05-06 00:00:00-04:00,4.260000228881836,4.539999961853027,4.260000228881836,4.460000038146973,5500,0.0,0.0
2024-05-07 00:00:00-04:00,4.898099899291992,4.898099899291992,4.599999904632568,4.599999904632568,7400,0.0,0.0
2024-05-08 00:00:00-04:00,4.420000076293945,4.516600131988525,4.320400238037109,4.429999828338623,3800,0.0,0.0
2024-05-09 00:00:00-04:00,4.366799831390381,4.579999923706055,4.300000190734863,4.300000190734863,11200,0.0,0.0
2024-05-10 00:00:00-04:00,4.300000190734863,4.396500110626221,4.300000190734863,4.349999904632568,3400,0.0,0.0
2024-05-13 00:00:00-04:00,4.309999942779541,4.525000095367432,4.309999942779541,4.329999923706055,2800,0.0,0.0
2024-05-14 00:00:00-04:00,4.760000228881836,4.760000228881836,4.329999923706055,4.440100193023682,6200,0.0,0.0
2024-05-15 00:00:00-04:00,4.474100112915039,4.474100112915039,4.400000095367432,4.400000095367432,1700,0.0,0.0
2024-05-16 00:00:00-04:00,4.45419979095459,4.45419979095459,4.340099811553955,4.340099811553955,3900,0.0,0.0
2024-05-17 00:00:00-04:00,4.340000152587891,4.449999809265137,4.330100059509277,4.449999809265137,2100,0.0,0.0
2024-05-20 00:00:00-04:00,4.400000095367432,4.400000095367432,4.300000190734863,4.300099849700928,5100,0.0,0.0
2024-05-21 00:00:00-04:00,4.389999866485596,4.440000057220459,4.300000190734863,4.400000095367432,6400,0.0,0.0
2024-05-22 00:00:00-04:00,4.40500020980835,4.40500020980835,4.40500020980835,4.40500020980835,500,0.0,0.0
2024-05-23 00:00:00-04:00,4.404399871826172,4.489999771118164,4.300000190734863,4.400000095367432,4500,0.0,0.0
2024-05-24 00:00:00-04:00,4.310100078582764,4.310100078582764,4.309999942779541,4.310100078582764,2800,0.0,0.0
2024-05-28 00:00:00-04:00,4.300000190734863,4.400000095367432,4.300000190734863,4.400000095367432,2700,0.0,0.0
2024-05-29 00:00:00-04:00,4.300099849700928,4.400000095367432,4.300099849700928,4.349999904632568,3700,0.0,0.0
2024-05-30 00:00:00-04:00,4.309999942779541,4.467700004577637,4.309999942779541,4.467700004577637,2600,0.0,0.0
2024-05-31 00:00:00-04:00,4.46999979019165,4.46999979019165,4.333700180053711,4.349999904632568,2800,0.0,0.0
2024-06-03 00:00:00-04:00,4.349999904632568,4.360000133514404,4.349999904632568,4.360000133514404,1900,0.0,0.0
2024-06-04 00:00:00-04:00,4.349999904632568,4.375,4.349999904632568,4.349999904632568,3500,0.0,0.0
2024-06-05 00:00:00-04:00,4.409999847412109,4.441500186920166,4.320000171661377,4.320000171661377,1300,0.0,0.0
2024-06-06 00:00:00-04:00,4.449999809265137,4.449999809265137,4.360199928283691,4.395400047302246,3900,0.0,0.0
2024-06-07 00:00:00-04:00,4.414999961853027,4.414999961853027,4.360000133514404,4.385000228881836,2600,0.0,0.0
2024-06-10 00:00:00-04:00,4.320000171661377,4.38070011138916,4.25,4.25,4600,0.0,0.0
2024-06-11 00:00:00-04:00,4.262499809265137,4.262499809265137,4.25,4.25,2000,0.0,0.0
2024-06-12 00:00:00-04:00,4.190000057220459,4.300000190734863,4.179999828338623,4.179999828338623,8100,0.0,0.0
2024-06-13 00:00:00-04:00,4.179999828338623,4.230000019073486,4.159999847412109,4.159999847412109,12300,0.0,0.0
2024-06-14 00:00:00-04:00,4.170000076293945,4.179999828338623,4.159999847412109,4.159999847412109,15400,0.0,0.0
2024-06-17 00:00:00-04:00,4.159999847412109,4.159999847412109,3.9200000762939453,3.9200000762939453,15200,0.0,0.0
2024-06-18 00:00:00-04:00,4.0,4.059999942779541,3.7300000190734863,3.7300000190734863,12600,0.0,0.0
2024-06-20 00:00:00-04:00,3.819999933242798,3.819999933242798,3.200000047683716,3.3299999237060547,20000,0.0,0.0
2024-06-21 00:00:00-04:00,3.3399999141693115,3.5950000286102295,2.900099992752075,3.549999952316284,13100,0.0,0.0
2024-06-24 00:00:00-04:00,3.759999990463257,3.9690001010894775,3.5100998878479004,3.690000057220459,38700,0.0,0.0
2024-06-25 00:00:00-04:00,3.549999952316284,3.809999942779541,3.549999952316284,3.5799999237060547,7300,0.0,0.0
2024-06-26 00:00:00-04:00,3.630000114440918,3.690000057220459,3.569999933242798,3.609999895095825,4400,0.0,0.0
2024-06-27 00:00:00-04:00,3.680000066757202,3.680000066757202,3.569999933242798,3.640000104904175,5800,0.0,0.0
2024-06-28 00:00:00-04:00,3.690000057220459,3.9298999309539795,3.6649999618530273,3.8499999046325684,11000,0.0,0.0
2024-07-01 00:00:00-04:00,3.640000104904175,3.7950000762939453,3.630000114440918,3.7249999046325684,2000,0.0,0.0
2024-07-02 00:00:00-04:00,3.68969988822937,3.7899999618530273,3.6600000858306885,3.690000057220459,4600,0.0,0.0
2024-07-03 00:00:00-04:00,3.7300000190734863,3.851599931716919,3.650099992752075,3.7950000762939453,3900,0.0,0.0
2024-07-05 00:00:00-04:00,3.8299999237060547,3.930000066757202,3.7500998973846436,3.8094000816345215,5400,0.0,0.0
2024-07-08 00:00:00-04:00,3.7699999809265137,3.7699999809265137,3.569999933242798,3.569999933242798,7300,0.0,0.0
2024-07-09 00:00:00-04:00,3.569999933242798,3.7100000381469727,3.4100000858306885,3.509999990463257,10200,0.0,0.0
2024-07-10 00:00:00-04:00,3.490000009536743,3.6649999618530273,3.4049999713897705,3.5404999256134033,6000,0.0,0.0
2024-07-11 00:00:00-04:00,3.2500998973846436,3.543600082397461,3.2500998973846436,3.450000047683716,3100,0.0,0.0
2024-07-12 00:00:00-04:00,3.559999942779541,3.7000999450683594,3.5199999809265137,3.590100049972534,11100,0.0,0.0
2024-07-15 00:00:00-04:00,3.799999952316284,3.799999952316284,3.6600000858306885,3.6600000858306885,1800,0.0,0.0
2024-07-16 00:00:00-04:00,3.6050000190734863,3.7300000190734863,3.470099925994873,3.5399999618530273,3900,0.0,0.0
2024-07-17 00:00:00-04:00,3.569999933242798,3.664799928665161,3.549999952316284,3.664799928665161,1400,0.0,0.0
2024-07-18 00:00:00-04:00,3.630000114440918,3.799999952316284,3.630000114440918,3.799999952316284,9300,0.0,0.0
2024-07-19 00:00:00-04:00,3.6466000080108643,3.6982998847961426,3.5299999713897705,3.5399999618530273,3000,0.0,0.0
2024-07-22 00:00:00-04:00,3.5,3.5999999046325684,3.460099935531616,3.5999999046325684,1900,0.0,0.0
2024-07-23 00:00:00-04:00,3.549999952316284,3.6050000190734863,3.549999952316284,3.559999942779541,1800,0.0,0.0
2024-07-24 00:00:00-04:00,3.799999952316284,3.799999952316284,3.549999952316284,3.549999952316284,5500,0.0,0.0
2024-07-25 00:00:00-04:00,3.5999999046325684,3.640000104904175,3.555000066757202,3.555000066757202,2600,0.0,0.0
2024-07-26 00:00:00-04:00,3.6319000720977783,3.6319000720977783,3.569999933242798,3.630000114440918,2100,0.0,0.0
2024-07-29 00:00:00-04:00,3.5999999046325684,3.6500000953674316,3.559999942779541,3.559999942779541,1200,0.0,0.0
2024-07-30 00:00:00-04:00,3.5999999046325684,3.5999999046325684,3.4700000286102295,3.4700000286102295,3400,0.0,0.0
2024-07-31 00:00:00-04:00,3.4800000190734863,3.4800000190734863,3.390000104904175,3.469899892807007,2600,0.0,0.0
2024-08-01 00:00:00-04:00,3.3299999237060547,3.4049999713897705,3.3299999237060547,3.3399999141693115,2000,0.0,0.0
2024-08-02 00:00:00-04:00,3.359999895095825,3.4319000244140625,3.255000114440918,3.259999990463257,3900,0.0,0.0
2024-08-05 00:00:00-04:00,2.9500999450683594,3.2499001026153564,2.950000047683716,3.0713999271392822,7300,0.0,0.0
2024-08-06 00:00:00-04:00,3.130000114440918,3.3232998847961426,3.130000114440918,3.130000114440918,1400,0.0,0.0
2024-08-07 00:00:00-04:00,3.069999933242798,3.130000114440918,2.9800000190734863,3.0199999809265137,2700,0.0,0.0
2024-08-08 00:00:00-04:00,2.990000009536743,3.0299999713897705,2.9100000858306885,3.0199999809265137,5700,0.0,0.0
2024-08-09 00:00:00-04:00,2.930000066757202,3.0199999809265137,2.9200000762939453,2.9200000762939453,3600,0.0,0.0
2024-08-12 00:00:00-04:00,2.9800000190734863,4.329999923706055,2.9800000190734863,3.408900022506714,56100,0.0,0.0
2024-08-13 00:00:00-04:00,3.5,3.8303000926971436,3.5,3.509999990463257,23200,0.0,0.0
2024-08-14 00:00:00-04:00,3.619999885559082,3.623699903488159,3.3828999996185303,3.4100000858306885,4700,0.0,0.0
2024-08-15 00:00:00-04:00,3.5299999713897705,3.5299999713897705,3.4549999237060547,3.4549999237060547,600,0.0,0.0
2024-08-16 00:00:00-04:00,3.4700000286102295,3.5,3.4600000381469727,3.5,8100,0.0,0.0
2024-08-19 00:00:00-04:00,3.4000000953674316,3.430000066757202,3.2149999141693115,3.240000009536743,11900,0.0,0.0
2024-08-20 00:00:00-04:00,3.240000009536743,3.25,3.0999999046325684,3.119999885559082,5100,0.0,0.0
2024-08-21 00:00:00-04:00,3.325000047683716,3.325000047683716,3.160099983215332,3.1830999851226807,5900,0.0,0.0
2024-08-22 00:00:00-04:00,3.275700092315674,3.5,3.275700092315674,3.450000047683716,1500,0.0,0.0
2024-08-23 00:00:00-04:00,3.430000066757202,3.430000066757202,3.1730000972747803,3.359999895095825,2800,0.0,0.0
2024-08-26 00:00:00-04:00,3.450000047683716,3.450000047683716,3.2500998973846436,3.3550000190734863,4200,0.0,0.0
2024-08-27 00:00:00-04:00,3.430000066757202,3.430000066757202,3.3499999046325684,3.3499999046325684,5400,0.0,0.0
2024-08-28 00:00:00-04:00,3.4100000858306885,3.4100000858306885,3.259999990463257,3.259999990463257,2100,0.0,0.0
2024-08-29 00:00:00-04:00,3.390000104904175,3.4600000381469727,3.3550000190734863,3.424999952316284,7100,0.0,0.0
2024-08-30 00:00:00-04:00,3.5,3.5,3.240000009536743,3.4800000190734863,10300,0.0,0.0
2024-09-03 00:00:00-04:00,3.5199999809265137,3.869999885559082,3.5199999809265137,3.759999990463257,2200,0.0,0.0
2024-09-04 00:00:00-04:00,3.4000000953674316,3.694200038909912,3.3350000381469727,3.509999990463257,11300,0.0,0.0
2024-09-05 00:00:00-04:00,3.4200000762939453,3.619999885559082,3.3499999046325684,3.5,11100,0.0,0.0
2024-09-06 00:00:00-04:00,3.489500045776367,3.489500045776367,3.2799999713897705,3.309999942779541,6200,0.0,0.0
2024-09-09 00:00:00-04:00,3.33489990234375,3.630000114440918,3.33489990234375,3.5999999046325684,2100,0.0,0.0
2024-09-10 00:00:00-04:00,3.502500057220459,3.502500057220459,3.3701000213623047,3.3701000213623047,900,0.0,0.0
2024-09-11 00:00:00-04:00,3.380000114440918,3.450000047683716,3.380000114440918,3.450000047683716,1000,0.0,0.0
2024-09-12 00:00:00-04:00,3.5,3.512700080871582,3.0201001167297363,3.0201001167297363,7600,0.0,0.0
2024-09-13 00:00:00-04:00,3.180000066757202,3.25,3.0999999046325684,3.25,5300,0.0,0.0
2024-09-16 00:00:00-04:00,3.160099983215332,3.430000066757202,3.160099983215332,3.3940000534057617,6500,0.0,0.0
2024-09-17 00:00:00-04:00,3.259999990463257,3.5,3.25,3.25,11800,0.0,0.0
2024-09-18 00:00:00-04:00,3.4600000381469727,3.4600000381469727,3.25,3.25,1900,0.0,0.0
2024-09-19 00:00:00-04:00,3.119999885559082,3.190000057220459,3.0899999141693115,3.109999895095825,7800,0.0,0.0
2024-09-20 00:00:00-04:00,2.880000114440918,3.200000047683716,2.6500000953674316,3.119999885559082,93200,0.0,0.0
2024-09-23 00:00:00-04:00,3.0,3.1740000247955322,2.9800000190734863,2.990000009536743,6900,0.0,0.0
2024-09-24 00:00:00-04:00,3.2070000171661377,3.2300000190734863,2.9356000423431396,3.0905001163482666,14600,0.0,0.0
2024-09-25 00:00:00-04:00,3.0278000831604004,3.1700000762939453,2.9700000286102295,3.1700000762939453,6500,0.0,0.0
2024-09-26 00:00:00-04:00,3.1700000762939453,3.2300000190734863,2.9800000190734863,3.0199999809265137,8800,0.0,0.0
2024-09-27 00:00:00-04:00,3.0,3.200000047683716,2.9800000190734863,2.9800000190734863,10600,0.0,0.0
2024-09-30 00:00:00-04:00,3.0199999809265137,3.0999999046325684,3.0199999809265137,3.099900007247925,8500,0.0,0.0
2024-10-01 00:00:00-04:00,2.9800000190734863,3.049999952316284,2.9649999141693115,3.01990008354187,3400,0.0,0.0
2024-10-02 00:00:00-04:00,3.0,3.100100040435791,2.940000057220459,2.9600000381469727,3300,0.0,0.0
2024-10-03 00:00:00-04:00,2.9200000762939453,3.1500000953674316,2.890000104904175,2.9100000858306885,15400,0.0,0.0
2024-10-04 00:00:00-04:00,2.9800000190734863,3.0799999237060547,2.8299999237060547,3.0,7700,0.0,0.0
2024-10-07 00:00:00-04:00,2.9200000762939453,3.139899969100952,2.8436999320983887,2.9200000762939453,25300,0.0,0.0
2024-10-08 00:00:00-04:00,2.9200000762939453,3.1298999786376953,2.7799999713897705,3.1298999786376953,25000,0.0,0.0
2024-10-09 00:00:00-04:00,3.369999885559082,4.299900054931641,3.1600000858306885,3.630000114440918,161400,0.0,0.0
2024-10-10 00:00:00-04:00,3.549999952316284,4.199999809265137,3.5201001167297363,4.159999847412109,40500,0.0,0.0
2024-10-11 00:00:00-04:00,4.389999866485596,4.389999866485596,4.020100116729736,4.252900123596191,34600,0.0,0.0
2024-10-14 00:00:00-04:00,4.360000133514404,4.673099994659424,4.067500114440918,4.500100135803223,29000,0.0,0.0
2024-10-15 00:00:00-04:00,4.739999771118164,5.5,4.700099945068359,5.300000190734863,91600,0.0,0.0
2024-10-16 00:00:00-04:00,5.349999904632568,5.579999923706055,4.230000019073486,4.480000019073486,97700,0.0,0.0
2024-10-17 00:00:00-04:00,4.295000076293945,4.40500020980835,4.010000228881836,4.144999980926514,29000,0.0,0.0
2024-10-18 00:00:00-04:00,4.269999980926514,4.5,4.269999980926514,4.409999847412109,6000,0.0,0.0
2024-10-21 00:00:00-04:00,4.400000095367432,4.570000171661377,4.300000190734863,4.570000171661377,4900,0.0,0.0
2024-10-22 00:00:00-04:00,4.5,4.673999786376953,4.5,4.519999980926514,10100,0.0,0.0
2024-10-23 00:00:00-04:00,4.5,4.5,3.5,3.5,50400,0.0,0.0
2024-10-24 00:00:00-04:00,3.509999990463257,3.849900007247925,3.4000000953674316,3.4000000953674316,25400,0.0,0.0
2024-10-25 00:00:00-04:00,3.7699999809265137,4.099999904632568,2.9800000190734863,3.25,187000,0.0,0.0
2024-10-28 00:00:00-04:00,3.869999885559082,3.9700000286102295,3.4000000953674316,3.940000057220459,78900,0.0,0.0
2024-10-29 00:00:00-04:00,3.9200000762939453,4.0,3.75,3.8299999237060547,63000,0.0,0.0
2024-10-30 00:00:00-04:00,3.990000009536743,4.800000190734863,3.880000114440918,4.230000019073486,170600,0.0,0.0
2024-10-31 00:00:00-04:00,4.150000095367432,4.28000020980835,3.859999895095825,4.139999866485596,53100,0.0,0.0
2024-11-01 00:00:00-04:00,4.110000133514404,4.191800117492676,3.950000047683716,4.019999980926514,50900,0.0,0.0
2024-11-04 00:00:00-05:00,4.0,4.1153998374938965,3.4700000286102295,3.509999990463257,56100,0.0,0.0
2024-11-05 00:00:00-05:00,3.5199999809265137,3.613300085067749,3.049999952316284,3.1500000953674316,102100,0.0,0.0
2024-11-06 00:00:00-05:00,3.25,3.300800085067749,3.059999942779541,3.1600000858306885,65300,0.0,0.0
2024-11-07 00:00:00-05:00,3.190000057220459,3.352299928665161,3.0,3.1600000858306885,99600,0.0,0.0
2024-11-08 00:00:00-05:00,3.1500000953674316,3.2300000190734863,2.650099992752075,2.809999942779541,72400,0.0,0.0
2024-11-11 00:00:00-05:00,2.799999952316284,2.9100000858306885,2.759999990463257,2.9000000953674316,28100,0.0,0.0
2024-11-12 00:00:00-05:00,2.809999942779541,2.960099935531616,2.700000047683716,2.759999990463257,43200,0.0,0.0
2024-11-13 00:00:00-05:00,2.680000066757202,2.950000047683716,2.5199999809265137,2.690000057220459,212900,0.0,0.0
2024-11-14 00:00:00-05:00,2.680000066757202,2.7834999561309814,2.6110000610351562,2.6600000858306885,15700,0.0,0.0
2024-11-15 00:00:00-05:00,2.680000066757202,2.8299999237060547,2.609999895095825,2.700000047683716,20400,0.0,0.0
2024-11-18 00:00:00-05:00,2.700000047683716,2.819999933242798,2.4800000190734863,2.5,51600,0.0,0.0
2024-11-19 00:00:00-05:00,2.4700000286102295,2.6898999214172363,2.4700000286102295,2.5199999809265137,7300,0.0,0.0
2024-11-20 00:00:00-05:00,2.549999952316284,2.5815000534057617,2.410099983215332,2.549999952316284,27000,0.0,0.0
2024-11-21 00:00:00-05:00,2.509999990463257,2.6700000762939453,2.440000057220459,2.549999952316284,20000,0.0,0.0
2024-11-22 00:00:00-05:00,2.505000114440918,2.6094000339508057,2.4200000762939453,2.5450000762939453,24300,0.0,0.0
2024-11-25 00:00:00-05:00,2.559999942779541,2.6500000953674316,2.559999942779541,2.5799999237060547,9700,0.0,0.0
2024-11-26 00:00:00-05:00,2.6500000953674316,2.699899911880493,2.5764000415802,2.690000057220459,11000,0.0,0.0
2024-11-27 00:00:00-05:00,2.700000047683716,2.799999952316284,2.5999999046325684,2.6500000953674316,17500,0.0,0.0
2024-11-29 00:00:00-05:00,2.630000114440918,2.684999942779541,2.630000114440918,2.6649999618530273,4000,0.0,0.0
2024-12-02 00:00:00-05:00,2.6600000858306885,2.6600000858306885,2.440999984741211,2.450000047683716,33900,0.0,0.0
2024-12-03 00:00:00-05:00,2.4600000381469727,2.4700000286102295,2.2899999618530273,2.450000047683716,31500,0.0,0.0
2024-12-04 00:00:00-05:00,2.417799949645996,2.6126999855041504,2.417799949645996,2.430000066757202,14700,0.0,0.0
2024-12-05 00:00:00-05:00,2.4800000190734863,2.4800000190734863,2.2100000381469727,2.4000000953674316,30100,0.0,0.0
2024-12-06 00:00:00-05:00,2.2799999713897705,2.5399999618530273,2.259999990463257,2.450000047683716,24000,0.0,0.0
2024-12-09 00:00:00-05:00,2.5199999809265137,2.5299999713897705,2.319999933242798,2.450000047683716,41800,0.0,0.0
2024-12-10 00:00:00-05:00,2.3554000854492188,2.450000047683716,2.352799892425537,2.430000066757202,9400,0.0,0.0
2024-12-11 00:00:00-05:00,2.369999885559082,2.430000066757202,2.180000066757202,2.430000066757202,35500,0.0,0.0
2024-12-12 00:00:00-05:00,2.4700000286102295,2.5,2.3004000186920166,2.309999942779541,28700,0.0,0.0
2024-12-13 00:00:00-05:00,2.2799999713897705,2.3578999042510986,2.119999885559082,2.187999963760376,15400,0.0,0.0
2024-12-16 00:00:00-05:00,2.213099956512451,2.390000104904175,2.213099956512451,2.3410000801086426,22100,0.0,0.0
2024-12-17 00:00:00-05:00,2.380000114440918,2.5,2.2555999755859375,2.2899999618530273,21900,0.0,0.0
2024-12-18 00:00:00-05:00,2.2699999809265137,2.4049999713897705,2.190000057220459,2.190000057220459,24600,0.0,0.0
2024-12-19 00:00:00-05:00,2.1700000762939453,2.197700023651123,1.9570000171661377,2.0,42300,0.0,0.0
2024-12-20 00:00:00-05:00,2.0,2.172300100326538,2.0,2.069999933242798,21200,0.0,0.0
2024-12-23 00:00:00-05:00,2.1700000762939453,2.1700000762939453,2.0871999263763428,2.1700000762939453,11900,0.0,0.0
2024-12-24 00:00:00-05:00,2.1600000858306885,2.1649999618530273,2.009999990463257,2.109999895095825,8700,0.0,0.0
2024-12-26 00:00:00-05:00,2.109999895095825,2.450000047683716,2.049999952316284,2.319999933242798,58900,0.0,0.0
2024-12-27 00:00:00-05:00,2.4000000953674316,2.5,2.200000047683716,2.309999942779541,52800,0.0,0.0
2024-12-30 00:00:00-05:00,2.259999990463257,2.3399999141693115,2.2344000339508057,2.3399999141693115,12400,0.0,0.0
2024-12-31 00:00:00-05:00,2.369999885559082,2.4800000190734863,2.200000047683716,2.309999942779541,20800,0.0,0.0
2025-01-02 00:00:00-05:00,2.309999942779541,2.5,2.2899999618530273,2.309999942779541,22500,0.0,0.0
2025-01-03 00:00:00-05:00,2.4800000190734863,2.4800000190734863,2.399199962615967,2.440000057220459,8300,0.0,0.0
2025-01-06 00:00:00-05:00,2.4600000381469727,2.548799991607666,2.4346001148223877,2.4800000190734863,14200,0.0,0.0
2025-01-07 00:00:00-05:00,2.4354000091552734,2.5299999713897705,2.4149999618530273,2.5,15100,0.0,0.0
2025-01-08 00:00:00-05:00,2.359999895095825,2.9200000762939453,2.2600998878479004,2.420799970626831,163200,0.0,0.0
2025-01-10 00:00:00-05:00,2.359999895095825,2.4200000762939453,2.1649999618530273,2.1700000762939453,35800,0.0,0.0
2025-01-13 00:00:00-05:00,2.319999933242798,2.3224000930786133,2.2000999450683594,2.2332000732421875,11100,0.0,0.0
2025-01-14 00:00:00-05:00,2.25,2.329900026321411,2.130000114440918,2.1500000953674316,34200,0.0,0.0
2025-01-15 00:00:00-05:00,2.259999990463257,2.299999952316284,2.119999885559082,2.140000104904175,40400,0.0,0.0
2025-01-16 00:00:00-05:00,2.5,2.5,2.160099983215332,2.180000066757202,12900,0.0,0.0
2025-01-17 00:00:00-05:00,2.190000057220459,2.2899999618530273,2.180000066757202,2.2699999809265137,8400,0.0,0.0
2025-01-21 00:00:00-05:00,2.200000047683716,2.3399999141693115,2.200000047683716,2.315000057220459,30800,0.0,0.0
2025-01-22 00:00:00-05:00,2.3399999141693115,2.819999933242798,2.3399999141693115,2.4600000381469727,41800,0.0,0.0
2025-01-23 00:00:00-05:00,2.375,2.4858999252319336,2.259999990463257,2.4000000953674316,11600,0.0,0.0
2025-01-24 00:00:00-05:00,2.4000000953674316,2.700000047683716,2.360100030899048,2.430000066757202,42000,0.0,0.0
2025-01-27 00:00:00-05:00,2.5199999809265137,2.609999895095825,2.5,2.5899999141693115,29300,0.0,0.0
2025-01-28 00:00:00-05:00,2.7200000286102295,3.159899950027466,2.5999999046325684,3.1500000953674316,150000,0.0,0.0
2025-01-29 00:00:00-05:00,3.4000000953674316,3.430000066757202,3.030600070953369,3.2100000381469727,129000,0.0,0.0
2025-01-30 00:00:00-05:00,3.4800000190734863,3.5,3.059999942779541,3.380000114440918,250800,0.0,0.0
2025-01-31 00:00:00-05:00,3.319999933242798,3.490000009536743,3.0,3.130000114440918,75100,0.0,0.0
2025-02-03 00:00:00-05:00,3.130000114440918,3.196000099182129,3.0999999046325684,3.1700000762939453,46400,0.0,0.0
2025-02-04 00:00:00-05:00,3.240000009536743,3.869999885559082,3.106300115585327,3.759999990463257,101300,0.0,0.0
2025-02-05 00:00:00-05:00,3.940000057220459,4.159999847412109,3.4200000762939453,3.5899999141693115,117600,0.0,0.0
2025-02-06 00:00:00-05:00,3.619999885559082,3.69950008392334,3.4200000762939453,3.549999952316284,35100,0.0,0.0
2025-02-07 00:00:00-05:00,3.559999942779541,4.400000095367432,3.549999952316284,4.230000019073486,137700,0.0,0.0
2025-02-10 00:00:00-05:00,4.300000190734863,4.650000095367432,3.859999895095825,3.9800000190734863,125300,0.0,0.0
2025-02-11 00:00:00-05:00,4.0,4.050000190734863,3.549999952316284,3.9100000858306885,73700,0.0,0.0
2025-02-12 00:00:00-05:00,3.9000000953674316,4.139999866485596,3.819999933242798,4.130000114440918,46500,0.0,0.0
2025-02-13 00:00:00-05:00,4.170000076293945,5.7403998374938965,4.150000095367432,4.590000152587891,431000,0.0,0.0
2025-02-14 00:00:00-05:00,4.980000019073486,5.199999809265137,4.599999904632568,4.739999771118164,172700,0.0,0.0
2025-02-18 00:00:00-05:00,4.690000057220459,4.949999809265137,4.5,4.849999904632568,110700,0.0,0.0
2025-02-19 00:00:00-05:00,4.949999809265137,6.389999866485596,4.75,6.150000095367432,287100,0.0,0.0
2025-02-20 00:00:00-05:00,6.300000190734863,6.900000095367432,5.550000190734863,5.989999771118164,335100,0.0,0.0
2025-02-21 00:00:00-05:00,5.820000171661377,5.96999979019165,5.260000228881836,5.400000095367432,99900,0.0,0.0
2025-02-24 00:00:00-05:00,5.550000190734863,6.03000020980835,4.71999979019165,4.920000076293945,103100,0.0,0.0
2025-02-25 00:00:00-05:00,5.039999961853027,5.099999904632568,4.409999847412109,4.519999980926514,111500,0.0,0.0
2025-02-26 00:00:00-05:00,4.550000190734863,5.119900226593018,4.449999809265137,5.0,35100,0.0,0.0
2025-02-27 00:00:00-05:00,5.0,5.199999809265137,4.860000133514404,5.050000190734863,16100,0.0,0.0
2025-02-28 00:00:00-05:00,5.099999904632568,5.189899921417236,4.75,4.96999979019165,37500,0.0,0.0
2025-03-03 00:00:00-05:00,5.159999847412109,5.929900169372559,5.019999980926514,5.21999979019165,158100,0.0,0.0
2025-03-04 00:00:00-05:00,5.340000152587891,6.769999980926514,5.340000152587891,5.989999771118164,271800,0.0,0.0
2025-03-05 00:00:00-05:00,6.289999961853027,6.75,5.800000190734863,6.449999809265137,173600,0.0,0.0
2025-03-06 00:00:00-05:00,6.429999828338623,6.429999828338623,4.53249979019165,4.559999942779541,217600,0.0,0.0
2025-03-07 00:00:00-05:00,4.510000228881836,4.699999809265137,3.880000114440918,4.150000095367432,142200,0.0,0.0
2025-03-10 00:00:00-04:00,4.090000152587891,4.269599914550781,3.659600019454956,3.819999933242798,104200,0.0,0.0
2025-03-11 00:00:00-04:00,4.070000171661377,4.25,3.680000066757202,3.819999933242798,98100,0.0,0.0
2025-03-12 00:00:00-04:00,4.079999923706055,4.25,3.436199903488159,3.515000104904175,160100,0.0,0.0
2025-03-13 00:00:00-04:00,3.549999952316284,3.5799999237060547,2.9000000953674316,3.0,156000,0.0,0.0
2025-03-14 00:00:00-04:00,3.0899999141693115,3.465399980545044,2.859999895095825,3.2699999809265137,155300,0.0,0.0
2025-03-17 00:00:00-04:00,3.180000066757202,3.259999990463257,2.890000104904175,3.2100000381469727,115700,0.0,0.0
2025-03-18 00:00:00-04:00,3.2100000381469727,3.3399999141693115,2.9600000381469727,2.990000009536743,55900,0.0,0.0
2025-03-19 00:00:00-04:00,3.009999990463257,3.279900074005127,2.865000009536743,3.0299999713897705,94100,0.0,0.0
2025-03-20 00:00:00-04:00,2.990000009536743,3.0399999618530273,2.619999885559082,2.7799999713897705,502400,0.0,0.0
2025-03-21 00:00:00-04:00,2.640000104904175,2.880000114440918,2.630000114440918,2.880000114440918,57400,0.0,0.0
2025-03-24 00:00:00-04:00,2.930000066757202,2.940000057220459,2.5,2.640000104904175,85700,0.0,0.0
2025-03-25 00:00:00-04:00,2.5799999237060547,2.7200000286102295,2.174999952316284,2.200000047683716,133200,0.0,0.0
2025-03-26 00:00:00-04:00,2.200000047683716,2.3710999488830566,1.9199999570846558,2.2100000381469727,279000,0.0,0.0
2025-03-27 00:00:00-04:00,2.0999999046325684,2.358599901199341,2.0899999141693115,2.2100000381469727,121100,0.0,0.0
2025-03-28 00:00:00-04:00,2.5,2.5,2.2300000190734863,2.2699999809265137,47600,0.0,0.0
2025-03-31 00:00:00-04:00,2.2300000190734863,2.2397000789642334,2.049999952316284,2.1700000762939453,27100,0.0,0.0
2025-04-01 00:00:00-04:00,2.119999885559082,2.1700000762939453,1.9515999555587769,2.0,78400,0.0,0.0
2025-04-02 00:00:00-04:00,2.0,2.240000009536743,2.0,2.140000104904175,56800,0.0,0.0
2025-04-03 00:00:00-04:00,2.0299999713897705,2.319999933242798,2.0,2.240000009536743,72800,0.0,0.0
2025-04-04 00:00:00-04:00,2.2699999809265137,2.3399999141693115,2.0999999046325684,2.309999942779541,53500,0.0,0.0
2025-04-07 00:00:00-04:00,2.309999942779541,2.359999895095825,2.0999999046325684,2.180000066757202,63600,0.0,0.0
2025-04-08 00:00:00-04:00,2.140000104904175,2.2100000381469727,1.9600000381469727,1.9600000381469727,47500,0.0,0.0
2025-04-09 00:00:00-04:00,1.9700000286102295,2.240299940109253,1.899999976158142,2.049999952316284,94500,0.0,0.0
2025-04-10 00:00:00-04:00,2.049999952316284,2.2499001026153564,1.7999999523162842,1.7999999523162842,405400,0.0,0.0
2025-04-11 00:00:00-04:00,1.690000057220459,2.219899892807007,1.690000057220459,2.200000047683716,429600,0.0,0.0
2025-04-14 00:00:00-04:00,2.1700000762939453,2.430000066757202,1.9800000190734863,2.140000104904175,130100,0.0,0.0
2025-04-15 00:00:00-04:00,2.109999895095825,2.119999885559082,1.9889999628067017,2.049999952316284,50800,0.0,0.0
2025-04-16 00:00:00-04:00,2.0799999237060547,2.0799999237060547,1.899999976158142,1.9800000190734863,40500,0.0,0.0
2025-04-17 00:00:00-04:00,1.9800000190734863,2.0299999713897705,1.910099983215332,1.9700000286102295,78500,0.0,0.0
2025-04-21 00:00:00-04:00,1.9500000476837158,2.0011000633239746,1.899999976158142,1.940000057220459,42600,0.0,0.0
2025-04-22 00:00:00-04:00,2.0250000953674316,2.0999999046325684,1.899999976158142,2.0199999809265137,61500,0.0,0.0
2025-04-23 00:00:00-04:00,2.0199999809265137,2.0950000286102295,1.9600000381469727,1.9700000286102295,42400,0.0,0.0
2025-04-24 00:00:00-04:00,1.9700000286102295,2.059999942779541,1.899999976158142,1.9299999475479126,72800,0.0,0.0
2025-04-25 00:00:00-04:00,1.9299999475479126,1.9700000286102295,1.850000023841858,1.9700000286102295,41800,0.0,0.0
2025-04-28 00:00:00-04:00,1.9700000286102295,2.0255000591278076,1.909999966621399,1.9500000476837158,58700,0.0,0.0
2025-04-29 00:00:00-04:00,1.9700000286102295,2.0404000282287598,1.899999976158142,2.0199999809265137,25300,0.0,0.0
2025-04-30 00:00:00-04:00,1.9900000095367432,2.0899999141693115,1.9318000078201294,2.069999933242798,14900,0.0,0.0
2025-05-01 00:00:00-04:00,2.119999885559082,2.119999885559082,1.9500000476837158,1.9900000095367432,17400,0.0,0.0
2025-05-02 00:00:00-04:00,2.0,2.0947999954223633,1.9537999629974365,2.0,25500,0.0,0.0
2025-05-05 00:00:00-04:00,2.0,2.119999885559082,1.9900000095367432,2.0399999618530273,18800,0.0,0.0
2025-05-06 00:00:00-04:00,2.0051000118255615,2.069999933242798,1.916100025177002,1.9800000190734863,33300,0.0,0.0
2025-05-07 00:00:00-04:00,1.9800000190734863,2.009999990463257,1.9299999475479126,1.9299999475479126,15300,0.0,0.0
2025-05-08 00:00:00-04:00,1.9299999475479126,2.0941998958587646,1.9199999570846558,2.0899999141693115,43100,0.0,0.0
2025-05-09 00:00:00-04:00,2.119999885559082,2.190000057220459,1.9601999521255493,2.140000104904175,35000,0.0,0.0
2025-05-12 00:00:00-04:00,2.119999885559082,2.200000047683716,1.9800000190734863,1.9800000190734863,42900,0.0,0.0
2025-05-13 00:00:00-04:00,1.9775999784469604,2.0799999237060547,1.944200038909912,2.0,36200,0.0,0.0
2025-05-14 00:00:00-04:00,2.0399999618530273,2.0399999618530273,1.9600000381469727,2.0399999618530273,44500,0.0,0.0
2025-05-15 00:00:00-04:00,2.0399999618530273,2.0399999618530273,1.9800000190734863,2.0199999809265137,19100,0.0,0.0
2025-05-16 00:00:00-04:00,1.9800000190734863,2.065000057220459,1.9800000190734863,2.0199999809265137,7900,0.0,0.0
2025-05-19 00:00:00-04:00,2.0199999809265137,2.0596001148223877,1.9600000381469727,2.0199999809265137,19900,0.0,0.0
2025-05-20 00:00:00-04:00,1.9801000356674194,2.009999990463257,1.9775999784469604,2.0,12800,0.0,0.0
2025-05-21 00:00:00-04:00,2.0,2.0199999809265137,1.9500000476837158,1.9800000190734863,35900,0.0,0.0
2025-05-22 00:00:00-04:00,1.9800000190734863,1.9800000190734863,1.9299999475479126,1.9600000381469727,35300,0.0,0.0
2025-05-23 00:00:00-04:00,1.9299999475479126,2.0416998863220215,1.9299999475479126,2.0199999809265137,20000,0.0,0.0
2025-05-27 00:00:00-04:00,1.9900000095367432,2.049999952316284,1.9609999656677246,2.049999952316284,19700,0.0,0.0
2025-05-28 00:00:00-04:00,2.0399999618530273,2.049999952316284,1.9700000286102295,1.9700000286102295,17400,0.0,0.0
2025-05-29 00:00:00-04:00,1.9600000381469727,2.0399999618530273,1.9299999475479126,2.0155999660491943,38300,0.0,0.0
2025-05-30 00:00:00-04:00,2.0099000930786133,2.240999937057495,1.9773000478744507,2.180000066757202,93700,0.0,0.0
2025-06-02 00:00:00-04:00,2.1500000953674316,2.2200000286102295,2.0315001010894775,2.190000057220459,67300,0.0,0.0
2025-06-03 00:00:00-04:00,2.190000057220459,2.3499999046325684,2.160099983215332,2.2899999618530273,106800,0.0,0.0
2025-06-04 00:00:00-04:00,2.309999942779541,2.440000057220459,2.259999990463257,2.2699999809265137,104000,0.0,0.0
2025-06-05 00:00:00-04:00,2.2799999713897705,2.3399999141693115,2.2200000286102295,2.2500998973846436,55500,0.0,0.0
2025-06-06 00:00:00-04:00,2.3907999992370605,2.430000066757202,2.2997000217437744,2.3942999839782715,106700,0.0,0.0
2025-06-09 00:00:00-04:00,2.309999942779541,2.577399969100952,2.309999942779541,2.450000047683716,62800,0.0,0.0
2025-06-10 00:00:00-04:00,2.4932000637054443,2.609999895095825,2.369999885559082,2.4200000762939453,68500,0.0,0.0
2025-06-11 00:00:00-04:00,2.4274001121520996,2.4649999141693115,2.200000047683716,2.200000047683716,114800,0.0,0.0
2025-06-12 00:00:00-04:00,2.309999942779541,2.309999942779541,2.1700000762939453,2.200000047683716,34800,0.0,0.0
2025-06-13 00:00:00-04:00,2.190000057220459,2.2283999919891357,2.070499897003174,2.180000066757202,37700,0.0,0.0
2025-06-16 00:00:00-04:00,2.1500000953674316,2.1995999813079834,2.112499952316284,2.140000104904175,36300,0.0,0.0
2025-06-17 00:00:00-04:00,2.1500000953674316,2.2799999713897705,2.1500000953674316,2.240000009536743,81000,0.0,0.0
2025-06-18 00:00:00-04:00,2.2899999618530273,2.759999990463257,2.25,2.5,270300,0.0,0.0
2025-06-20 00:00:00-04:00,2.5299999713897705,2.890000104904175,2.4600000381469727,2.4700000286102295,116800,0.0,0.0
2025-06-23 00:00:00-04:00,2.569999933242798,2.7239999771118164,2.359999895095825,2.444999933242798,66200,0.0,0.0
2025-06-24 00:00:00-04:00,2.4200000762939453,2.6510000228881836,2.382699966430664,2.5999999046325684,53700,0.0,0.0
2025-06-25 00:00:00-04:00,2.7100000381469727,2.7699999809265137,2.5799999237060547,2.7200000286102295,66200,0.0,0.0
2025-06-26 00:00:00-04:00,2.799999952316284,2.8598999977111816,2.5922000408172607,2.7899999618530273,85900,0.0,0.0
2025-06-27 00:00:00-04:00,2.8499999046325684,2.8499999046325684,2.6500000953674316,2.6500000953674316,59200,0.0,0.0
2025-06-30 00:00:00-04:00,2.619999885559082,2.690000057220459,2.5999999046325684,2.6500000953674316,29900,0.0,0.0
2025-07-01 00:00:00-04:00,2.630000114440918,2.7200000286102295,2.5999999046325684,2.640000104904175,23900,0.0,0.0
2025-07-02 00:00:00-04:00,2.6396000385284424,2.700000047683716,2.600399971008301,2.6700000762939453,14300,0.0,0.0
2025-07-03 00:00:00-04:00,2.6600000858306885,2.699899911880493,2.6600000858306885,2.6700000762939453,12200,0.0,0.0
2025-07-07 00:00:00-04:00,2.630000114440918,2.700000047683716,2.619999885559082,2.6500000953674316,29200,0.0,0.0
2025-07-08 00:00:00-04:00,2.6600000858306885,2.799999952316284,2.6600000858306885,2.690000057220459,34900,0.0,0.0
2025-07-09 00:00:00-04:00,2.700000047683716,4.280099868774414,2.6989998817443848,3.940000057220459,2295600,0.0,0.0
2025-07-10 00:00:00-04:00,3.130000114440918,3.190000057220459,2.75,2.869999885559082,437000,0.0,0.0
2025-07-11 00:00:00-04:00,2.9200000762939453,3.130000114440918,2.9000000953674316,2.9100000858306885,844600,0.0,0.0
2025-07-14 00:00:00-04:00,2.8299999237060547,2.859999895095825,2.5899999141693115,2.640000104904175,115900,0.0,0.0
2025-07-15 00:00:00-04:00,2.6500000953674316,2.7100000381469727,2.5,2.509999990463257,127700,0.0,0.0
2025-07-16 00:00:00-04:00,2.4800000190734863,2.5399999618530273,2.3427999019622803,2.5,80000,0.0,0.0
2025-07-17 00:00:00-04:00,2.5299999713897705,2.736999988555908,2.5,2.619999885559082,117600,0.0,0.0
2025-07-18 00:00:00-04:00,2.640000104904175,2.805000066757202,2.609999895095825,2.7699999809265137,69400,0.0,0.0
2025-07-21 00:00:00-04:00,2.7799999713897705,2.8847999572753906,2.660099983215332,2.740000009536743,50600,0.0,0.0
2025-07-22 00:00:00-04:00,2.7300000190734863,2.7899999618530273,2.701200008392334,2.740000009536743,14100,0.0,0.0
2025-07-23 00:00:00-04:00,2.7300000190734863,2.8399999141693115,2.7000999450683594,2.7699999809265137,47400,0.0,0.0
2025-07-24 00:00:00-04:00,2.76200008392334,2.8499999046325684,2.70740008354187,2.7200000286102295,114700,0.0,0.0
2025-07-25 00:00:00-04:00,2.7200000286102295,2.753999948501587,2.509999990463257,2.70989990234375,100500,0.0,0.0
2025-07-28 00:00:00-04:00,2.7200000286102295,2.7200000286102295,2.5248000621795654,2.6500000953674316,21900,0.0,0.0
2025-07-29 00:00:00-04:00,2.6101999282836914,2.7300000190734863,2.5899999141693115,2.619999885559082,32500,0.0,0.0
2025-07-30 00:00:00-04:00,2.6500000953674316,2.8499999046325684,2.611299991607666,2.75,75400,0.0,0.0
2025-07-31 00:00:00-04:00,2.7899999618530273,2.791300058364868,2.700000047683716,2.7799999713897705,56600,0.0,0.0
2025-08-01 00:00:00-04:00,2.7899999618530273,2.90120005607605,2.6401000022888184,2.869999885559082,57600,0.0,0.0
2025-08-04 00:00:00-04:00,2.819999933242798,3.0299999713897705,2.757699966430664,2.9200000762939453,153500,0.0,0.0
2025-08-05 00:00:00-04:00,3.0399999618530273,3.1798999309539795,2.9000000953674316,2.9600000381469727,130300,0.0,0.0
2025-08-06 00:00:00-04:00,3.0399999618530273,3.5999999046325684,2.930000066757202,3.509999990463257,287200,0.0,0.0
2025-08-07 00:00:00-04:00,3.5199999809265137,3.7899999618530273,3.47160005569458,3.7300000190734863,215500,0.0,0.0
2025-08-08 00:00:00-04:00,4.0,4.0,3.0199999809265137,3.3299999237060547,163500,0.0,0.0
2025-08-11 00:00:00-04:00,3.2100000381469727,3.25,2.75,2.9200000762939453,80700,0.0,0.0
2025-08-12 00:00:00-04:00,2.9100000858306885,3.1089999675750732,2.898200035095215,3.0850000381469727,37800,0.0,0.0
2025-08-13 00:00:00-04:00,3.299999952316284,3.359999895095825,2.9200000762939453,3.2300000190734863,1345200,0.0,0.0
2025-08-14 00:00:00-04:00,3.1500000953674316,3.2200000286102295,3.069999933242798,3.069999933242798,107800,0.0,0.0
2025-08-15 00:00:00-04:00,3.069999933242798,3.2298998832702637,3.009999990463257,3.119999885559082,75900,0.0,0.0
2025-08-18 00:00:00-04:00,3.119999885559082,3.4198999404907227,3.009999990463257,3.294300079345703,288100,0.0,0.0
2025-08-19 00:00:00-04:00,3.299999952316284,3.299999952316284,3.1124000549316406,3.2300000190734863,107500,0.0,0.0
2025-08-20 00:00:00-04:00,3.130000114440918,3.1700000762939453,3.049999952316284,3.049999952316284,35900,0.0,0.0
2025-08-21 00:00:00-04:00,3.069999933242798,3.2200000286102295,3.009999990463257,3.1600000858306885,32600,0.0,0.0
2025-08-22 00:00:00-04:00,3.0899999141693115,3.299999952316284,3.0899999141693115,3.190000057220459,43500,0.0,0.0
2025-08-25 00:00:00-04:00,3.119999885559082,3.2337000370025635,3.0999999046325684,3.194999933242798,49800,0.0,0.0
2025-08-26 00:00:00-04:00,3.2200000286102295,3.2699999809265137,3.130000114440918,3.1600000858306885,37200,0.0,0.0
2025-08-27 00:00:00-04:00,3.1500000953674316,3.2899999618530273,3.1500000953674316,3.240000009536743,27000,0.0,0.0
2025-08-28 00:00:00-04:00,3.200000047683716,3.2799999713897705,3.1500000953674316,3.1600000858306885,29600,0.0,0.0
2025-08-29 00:00:00-04:00,3.140000104904175,3.2100000381469727,3.090100049972534,3.180000066757202,25500,0.0,0.0
2025-09-02 00:00:00-04:00,3.130000114440918,3.2114999294281006,3.1201000213623047,3.2100000381469727,7500,0.0,0.0
2025-09-03 00:00:00-04:00,3.1700000762939453,3.3399999141693115,3.1500000953674316,3.3350000381469727,32900,0.0,0.0
2025-09-04 00:00:00-04:00,3.2899999618530273,3.367799997329712,3.200000047683716,3.2899999618530273,47200,0.0,0.0
2025-09-05 00:00:00-04:00,3.2899999618530273,3.309999942779541,3.2100000381469727,3.309999942779541,4300,0.0,0.0
2025-09-08 00:00:00-04:00,3.180000066757202,3.3499999046325684,3.1602001190185547,3.299999952316284,25700,0.0,0.0
2025-09-09 00:00:00-04:00,3.369999885559082,3.427799940109253,3.2699999809265137,3.4100000858306885,22200,0.0,0.0
2025-09-10 00:00:00-04:00,3.440000057220459,3.461899995803833,3.380000114440918,3.440000057220459,19800,0.0,0.0
2025-09-11 00:00:00-04:00,3.440000057220459,3.5999999046325684,3.4077999591827393,3.490000009536743,40600,0.0,0.0
2025-09-12 00:00:00-04:00,3.549999952316284,3.5599000453948975,3.3940000534057617,3.5,24300,0.0,0.0
2025-09-15 00:00:00-04:00,3.4200000762939453,3.5648000240325928,3.4100000858306885,3.4800000190734863,30600,0.0,0.0
2025-09-16 00:00:00-04:00,3.5,3.7400999069213867,3.5,3.7100000381469727,41700,0.0,0.0
2025-09-17 00:00:00-04:00,3.700000047683716,3.700000047683716,3.5899999141693115,3.630000114440918,24500,0.0,0.0
2025-09-18 00:00:00-04:00,3.5799999237060547,3.700000047683716,3.4000000953674316,3.509999990463257,59900,0.0,0.0
2025-09-19 00:00:00-04:00,3.390000104904175,3.549999952316284,3.380000114440918,3.509999990463257,19400,0.0,0.0
2025-09-22 00:00:00-04:00,3.450000047683716,3.5299999713897705,3.450000047683716,3.4800000190734863,14100,0.0,0.0
2025-09-23 00:00:00-04:00,3.450000047683716,3.505000114440918,3.309999942779541,3.365000009536743,22200,0.0,0.0
2025-09-24 00:00:00-04:00,3.3499999046325684,3.3499999046325684,3.0899999141693115,3.109999895095825,75200,0.0,0.0
2025-09-25 00:00:00-04:00,3.140000104904175,3.3399999141693115,3.109999895095825,3.25,35300,0.0,0.0
2025-09-26 00:00:00-04:00,3.2899999618530273,3.3299999237060547,3.2200000286102295,3.305000066757202,18700,0.0,0.0
2025-09-29 00:00:00-04:00,3.319999933242798,3.3548998832702637,3.2757999897003174,3.309999942779541,11900,0.0,0.0
2025-09-30 00:00:00-04:00,3.2899999618530273,3.3399999141693115,3.2300000190734863,3.3299999237060547,11600,0.0,0.0
2025-10-01 00:00:00-04:00,3.2899999618530273,3.369800090789795,3.2300000190734863,3.3399999141693115,13800,0.0,0.0
2025-10-02 00:00:00-04:00,3.350399971008301,3.350399971008301,3.109999895095825,3.200000047683716,50300,0.0,0.0
2025-10-03 00:00:00-04:00,3.200000047683716,3.369999885559082,3.130000114440918,3.234999895095825,42800,0.0,0.0
2025-10-06 00:00:00-04:00,3.2200000286102295,3.390000104904175,3.2177999019622803,3.380000114440918,24100,0.0,0.0
2025-10-07 00:00:00-04:00,3.3399999141693115,3.450000047683716,3.2200000286102295,3.4100000858306885,58000,0.0,0.0
2025-10-08 00:00:00-04:00,3.4200000762939453,3.6898999214172363,3.4000000953674316,3.569999933242798,114800,0.0,0.0
2025-10-09 00:00:00-04:00,3.5299999713897705,3.559999942779541,3.434999942779541,3.5227999687194824,6300,0.0,0.0
2025-10-10 00:00:00-04:00,3.4800000190734863,3.634999990463257,3.3299999237060547,3.3299999237060547,38900,0.0,0.0
2025-10-13 00:00:00-04:00,3.4000000953674316,3.4700000286102295,3.299999952316284,3.4100000858306885,12900,0.0,0.0
2025-10-14 00:00:00-04:00,3.359999895095825,3.5,3.299999952316284,3.4700000286102295,16800,0.0,0.0
2025-10-15 00:00:00-04:00,3.5299999713897705,3.7100000381469727,3.490000009536743,3.7100000381469727,84100,0.0,0.0
2025-10-16 00:00:00-04:00,3.680000066757202,4.229899883270264,3.600100040435791,4.019999980926514,189400,0.0,0.0
2025-10-17 00:00:00-04:00,3.990000009536743,4.050000190734863,3.3499999046325684,3.5899999141693115,98100,0.0,0.0
2025-10-20 00:00:00-04:00,3.630000114440918,3.631999969482422,3.509999990463257,3.609999895095825,14200,0.0,0.0
2025-10-21 00:00:00-04:00,3.690000057220459,3.849900007247925,3.5199999809265137,3.7100000381469727,48800,0.0,0.0
2025-10-22 00:00:00-04:00,3.799999952316284,4.0,3.7109999656677246,3.9100000858306885,110400,0.0,0.0
2025-10-23 00:00:00-04:00,3.9200000762939453,4.150000095367432,3.880000114440918,4.130000114440918,48900,0.0,0.0
2025-10-24 00:00:00-04:00,4.150000095367432,5.019999980926514,4.050000190734863,4.880000114440918,243800,0.0,0.0
2025-10-27 00:00:00-04:00,5.050000190734863,5.199999809265137,4.900000095367432,5.144999980926514,156400,0.0,0.0
2025-10-28 00:00:00-04:00,5.190000057220459,6.25,5.150000095367432,5.590000152587891,408000,0.0,0.0
2025-10-29 00:00:00-04:00,5.340000152587891,5.480000019073486,3.5299999713897705,3.759999990463257,604700,0.0,0.0
2025-10-30 00:00:00-04:00,3.7799999713897705,3.8499999046325684,3.119999885559082,3.2699999809265137,294600,0.0,0.0
2025-10-31 00:00:00-04:00,3.299999952316284,3.366300106048584,3.050100088119507,3.1700000762939453,129000,0.0,0.0
2025-11-03 00:00:00-05:00,3.130000114440918,3.2920000553131104,3.0,3.0,97000,0.0,0.0
2025-11-04 00:00:00-05:00,2.9600000381469727,3.0,2.5799999237060547,2.8499999046325684,77400,0.0,0.0
2025-11-05 00:00:00-05:00,2.8299999237060547,2.990000009536743,2.7200000286102295,2.799999952316284,110000,0.0,0.0
2025-11-06 00:00:00-05:00,2.8299999237060547,3.049999952316284,2.799999952316284,2.9700000286102295,132700,0.0,0.0
2025-11-07 00:00:00-05:00,3.0799999237060547,3.2799999713897705,2.9000000953674316,3.0199999809265137,171000,0.0,0.0
2025-11-10 00:00:00-05:00,3.180000066757202,3.339900016784668,2.9900999069213867,3.2799999713897705,205800,0.0,0.0
2025-11-11 00:00:00-05:00,3.2899999618530273,3.3089001178741455,3.1113998889923096,3.2019999027252197,43100,0.0,0.0
2025-11-12 00:00:00-05:00,3.2200000286102295,3.299999952316284,2.940000057220459,2.990000009536743,129600,0.0,0.0
2025-11-13 00:00:00-05:00,2.990000009536743,3.2200000286102295,2.805000066757202,2.819999933242798,140300,0.0,0.0
2025-11-14 00:00:00-05:00,2.950000047683716,3.1500000953674316,2.7699999809265137,3.1500000953674316,182500,0.0,0.0
2025-11-17 00:00:00-05:00,3.1700000762939453,3.2170000076293945,2.9600000381469727,3.049999952316284,96600,0.0,0.0
2025-11-18 00:00:00-05:00,3.0199999809265137,3.149600028991699,2.9200000762939453,3.049999952316284,92800,0.0,0.0
2025-11-19 00:00:00-05:00,3.069999933242798,3.1500000953674316,2.880000114440918,2.9100000858306885,142900,0.0,0.0
2025-11-20 00:00:00-05:00,2.9700000286102295,3.0899999141693115,2.690000057220459,2.7300000190734863,194500,0.0,0.0
2025-11-21 00:00:00-05:00,2.7799999713897705,2.859999895095825,2.6500000953674316,2.7300000190734863,88800,0.0,0.0
2025-11-24 00:00:00-05:00,2.7699999809265137,2.859999895095825,2.690000057220459,2.7200000286102295,62900,0.0,0.0
2025-11-25 00:00:00-05:00,2.759999990463257,2.829900026321411,2.690000057220459,2.740000009536743,77200,0.0,0.0
2025-11-26 00:00:00-05:00,2.7799999713897705,2.7899999618530273,2.5799999237060547,2.6700000762939453,83700,0.0,0.0
2025-11-28 00:00:00-05:00,2.700000047683716,2.7249999046325684,2.6500000953674316,2.690000057220459,11800,0.0,0.0
2025-12-01 00:00:00-05:00,2.7300000190734863,2.7300000190734863,2.4700000286102295,2.509999990463257,93200,0.0,0.0
2025-12-02 00:00:00-05:00,2.4800000190734863,2.509999990463257,2.1700000762939453,2.2149999141693115,268400,0.0,0.0
2025-12-03 00:00:00-05:00,2.200000047683716,2.25,2.200000047683716,2.2109999656677246,54800,0.0,0.0
2025-12-04 00:00:00-05:00,2.1700000762939453,2.4049999713897705,2.0799999237060547,2.2200000286102295,234300,0.0,0.0
2025-12-05 00:00:00-05:00,2.25,2.4100000858306885,2.2200000286102295,2.3399999141693115,112400,0.0,0.0
2025-12-08 00:00:00-05:00,2.380000114440918,2.380000114440918,2.2200000286102295,2.2200000286102295,23500,0.0,0.0
2025-12-09 00:00:00-05:00,2.2699999809265137,2.319999933242798,2.180000066757202,2.190000057220459,28600,0.0,0.0
2025-12-10 00:00:00-05:00,2.190000057220459,2.2802999019622803,2.0999999046325684,2.190000057220459,71500,0.0,0.0
2025-12-11 00:00:00-05:00,2.1700000762939453,2.2799999713897705,2.109999895095825,2.2100000381469727,55700,0.0,0.0
2025-12-12 00:00:00-05:00,2.25,2.3299999237060547,2.140000104904175,2.1500000953674316,52200,0.0,0.0
2025-12-15 00:00:00-05:00,2.1500000953674316,2.190000057220459,2.109999895095825,2.119999885559082,71700,0.0,0.0
2025-12-16 00:00:00-05:00,2.109999895095825,2.1600000858306885,2.02839994430542,2.0899999141693115,31500,0.0,0.0
2025-12-17 00:00:00-05:00,2.1798999309539795,2.240000009536743,2.0399999618530273,2.115000009536743,76000,0.0,0.0
2025-12-18 00:00:00-05:00,2.1600000858306885,2.259999990463257,2.0399999618530273,2.2200000286102295,75700,0.0,0.0
2025-12-19 00:00:00-05:00,2.1700000762939453,2.248300075531006,2.109999895095825,2.109999895095825,48700,0.0,0.0
2025-12-22 00:00:00-05:00,2.140000104904175,2.2167000770568848,2.0999999046325684,2.119999885559082,46500,0.0,0.0
2025-12-23 00:00:00-05:00,2.109999895095825,2.180000066757202,2.0399999618530273,2.1700000762939453,94900,0.0,0.0
2025-12-24 00:00:00-05:00,2.1600000858306885,2.25,2.0399999618530273,2.2200000286102295,43400,0.0,0.0
2025-12-26 00:00:00-05:00,2.1600000858306885,2.2049999237060547,2.0899999141693115,2.0999999046325684,55500,0.0,0.0
2025-12-29 00:00:00-05:00,2.0999999046325684,2.180000066757202,1.503999948501587,1.8799999952316284,410800,0.0,0.0
2025-12-30 00:00:00-05:00,1.8799999952316284,1.9600000381469727,1.8300000429153442,1.840000033378601,53700,0.0,0.0
2025-12-31 00:00:00-05:00,1.840000033378601,2.069999933242798,1.7584999799728394,1.9600000381469727,138800,0.0,0.0
2026-01-02 00:00:00-05:00,1.9700000286102295,2.0350000858306885,1.9199999570846558,1.9700000286102295,91700,0.0,0.0
2026-01-05 00:00:00-05:00,2.0,2.0799999237060547,1.9955999851226807,2.0399999618530273,45200,0.0,0.0
2026-01-06 00:00:00-05:00,2.0799999237060547,2.4999001026153564,2.009999990463257,2.2300000190734863,640700,0.0,0.0
2026-01-07 00:00:00-05:00,2.2300000190734863,2.4800000190734863,2.222100019454956,2.390000104904175,112700,0.0,0.0
2026-01-08 00:00:00-05:00,2.380000114440918,2.4700000286102295,2.29010009765625,2.450000047683716,57300,0.0,0.0
2026-01-09 00:00:00-05:00,2.440000057220459,2.440000057220459,2.2300000190734863,2.25,131900,0.0,0.0
2026-01-12 00:00:00-05:00,2.25,2.2899999618530273,2.0199999809265137,2.049999952316284,133100,0.0,0.0
2026-01-13 00:00:00-05:00,2.2799999713897705,2.329900026321411,1.7999999523162842,1.8200000524520874,610700,0.0,0.0
2026-01-14 00:00:00-05:00,1.7799999713897705,1.8799999952316284,1.6799999475479126,1.850000023841858,184600,0.0,0.0
2026-01-15 00:00:00-05:00,1.8300000429153442,2.089900016784668,1.7999999523162842,1.899999976158142,159900,0.0,0.0
2026-01-16 00:00:00-05:00,1.9299999475479126,2.059999942779541,1.9299999475479126,2.0,267700,0.0,0.0
2026-01-20 00:00:00-05:00,1.9299999475479126,2.0999999046325684,1.9299999475479126,1.9800000190734863,103000,0.0,0.0
2026-01-21 00:00:00-05:00,2.0,2.0799999237060547,1.909999966621399,1.9500000476837158,140900,0.0,0.0
2026-01-22 00:00:00-05:00,1.9800000190734863,2.25,1.9299999475479126,2.25,77300,0.0,0.0
2026-01-23 00:00:00-05:00,2.240000009536743,2.299999952316284,2.0999999046325684,2.0999999046325684,68000,0.0,0.0
2026-01-26 00:00:00-05:00,2.119999885559082,2.1898999214172363,2.049999952316284,2.0799999237060547,66900,0.0,0.0
2026-01-27 00:00:00-05:00,2.109999895095825,2.1661999225616455,2.0399999618530273,2.1600000858306885,17900,0.0,0.0
2026-01-28 00:00:00-05:00,2.140000104904175,2.200000047683716,2.049999952316284,2.0899999141693115,39400,0.0,0.0
2026-01-29 00:00:00-05:00,2.0799999237060547,2.109999895095825,2.029599905014038,2.109999895095825,26700,0.0,0.0
2026-01-30 00:00:00-05:00,2.069999933242798,2.0999999046325684,1.9500000476837158,2.0199999809265137,35200,0.0,0.0
2026-02-02 00:00:00-05:00,2.009999990463257,2.106800079345703,1.9900000095367432,2.0799999237060547,25600,0.0,0.0
2026-02-03 00:00:00-05:00,2.0999999046325684,2.119999885559082,2.0,2.0,17600,0.0,0.0
2026-02-04 00:00:00-05:00,1.9900000095367432,1.9900000095367432,1.9199999570846558,1.9700000286102295,22900,0.0,0.0
2026-02-05 00:00:00-05:00,1.9019999504089355,1.9900000095367432,1.7799999713897705,1.7799999713897705,30700,0.0,0.0
2026-02-06 00:00:00-05:00,1.8600000143051147,1.9799000024795532,1.7999999523162842,1.9299999475479126,37500,0.0,0.0
2026-02-09 00:00:00-05:00,1.9199999570846558,1.9700000286102295,1.8300000429153442,1.899999976158142,14800,0.0,0.0
2026-02-10 00:00:00-05:00,1.8600000143051147,1.9803999662399292,1.8600000143051147,1.9299999475479126,31600,0.0,0.0
2026-02-11 00:00:00-05:00,1.850000023841858,1.9500000476837158,1.840000033378601,1.8899999856948853,61000,0.0,0.0
2026-02-12 00:00:00-05:00,1.8700000047683716,1.932800054550171,1.7599999904632568,1.8300000429153442,50800,0.0,0.0
2026-02-13 00:00:00-05:00,1.850000023841858,1.9299999475479126,1.8300000429153442,1.8600000143051147,6500,0.0,0.0
2026-02-17 00:00:00-05:00,1.8600000143051147,1.930299997329712,1.8253999948501587,1.8300000429153442,6800,0.0,0.0
2026-02-18 00:00:00-05:00,1.8451000452041626,1.9500000476837158,1.8300000429153442,1.940000057220459,21900,0.0,0.0
2026-02-19 00:00:00-05:00,1.9299999475479126,1.9600000381469727,1.899999976158142,1.9450000524520874,9900,0.0,0.0
2026-02-20 00:00:00-05:00,1.899999976158142,1.934999942779541,1.8550000190734863,1.899999976158142,15100,0.0,0.0
2026-02-23 00:00:00-05:00,1.909999966621399,1.9299999475479126,1.8200000524520874,1.8200000524520874,13000,0.0,0.0
2026-02-24 00:00:00-05:00,1.8011000156402588,1.8650000095367432,1.8003000020980835,1.809999942779541,9500,0.0,0.0
2026-02-25 00:00:00-05:00,1.8180999755859375,1.850000023841858,1.7999999523162842,1.850000023841858,6000,0.0,0.0
2026-02-26 00:00:00-05:00,1.809999942779541,1.8600000143051147,1.7999999523162842,1.840000033378601,21700,0.0,0.0
2026-02-27 00:00:00-05:00,1.7899999618530273,1.8499000072479248,1.7799999713897705,1.809999942779541,15900,0.0,0.0
2026-03-02 00:00:00-05:00,1.7999999523162842,1.8200000524520874,1.75,1.7899999618530273,21400,0.0,0.0
2026-03-03 00:00:00-05:00,1.8200000524520874,1.8300000429153442,1.7599999904632568,1.7799999713897705,22900,0.0,0.0
2026-03-04 00:00:00-05:00,1.7999999523162842,1.909999966621399,1.75,1.8600000143051147,37400,0.0,0.0
2026-03-05 00:00:00-05:00,1.8804999589920044,1.899999976158142,1.840000033378601,1.850000023841858,12100,0.0,0.0
2026-03-06 00:00:00-05:00,1.809999942779541,1.8799999952316284,1.809999942779541,1.8799999952316284,8300,0.0,0.0
2026-03-09 00:00:00-04:00,1.899999976158142,1.940000057220459,1.8206000328063965,1.909999966621399,29900,0.0,0.0
2026-03-10 00:00:00-04:00,1.9199999570846558,1.9600000381469727,1.9199999570846558,1.940000057220459,7000,0.0,0.0
2026-03-11 00:00:00-04:00,1.9450000524520874,2.0,1.9450000524520874,1.9700000286102295,12300,0.0,0.0
2026-03-12 00:00:00-04:00,1.9500000476837158,2.009999990463257,1.9198999404907227,1.940000057220459,15700,0.0,0.0
2026-03-13 00:00:00-04:00,1.940000057220459,1.940000057220459,1.850000023841858,1.8799999952316284,16600,0.0,0.0
2026-03-16 00:00:00-04:00,1.9600000381469727,1.9700000286102295,1.8899999856948853,1.899999976158142,12900,0.0,0.0
2026-03-17 00:00:00-04:00,1.9000999927520752,1.9500000476837158,1.850000023841858,1.8799999952316284,14000,0.0,0.0
2026-03-18 00:00:00-04:00,1.8799999952316284,1.9500000476837158,1.8600000143051147,1.8799999952316284,16900,0.0,0.0
2026-03-19 00:00:00-04:00,1.8899999856948853,1.9300999641418457,1.8600000143051147,1.8799999952316284,20200,0.0,0.0
2026-03-20 00:00:00-04:00,1.875,1.8844000101089478,1.809999942779541,1.840000033378601,51400,0.0,0.0
2026-03-23 00:00:00-04:00,1.909999966621399,1.909999966621399,1.840000033378601,1.8600000143051147,27500,0.0,0.0
2026-03-24 00:00:00-04:00,1.840000033378601,1.9700000286102295,1.7799999713897705,1.809999942779541,10400,0.0,0.0
2026-03-25 00:00:00-04:00,1.8200000524520874,1.9600000381469727,1.809999942779541,1.8700000047683716,22200,0.0,0.0
2026-03-26 00:00:00-04:00,1.8799999952316284,2.0199999809265137,1.8450000286102295,1.9800000190734863,35100,0.0,0.0
2026-03-27 00:00:00-04:00,1.9600000381469727,2.0,1.8601000308990479,1.9700000286102295,66000,0.0,0.0
2026-03-30 00:00:00-04:00,1.9900000095367432,2.0199999809265137,1.9299999475479126,1.940000057220459,11300,0.0,0.0
2026-03-31 00:00:00-04:00,1.9500000476837158,2.0999999046325684,1.9500000476837158,2.059999942779541,26700,0.0,0.0
2026-04-01 00:00:00-04:00,2.0,2.0999999046325684,1.8899999856948853,1.9900000095367432,102000,0.0,0.0
2026-04-02 00:00:00-04:00,2.0399999618530273,2.099900007247925,1.9500000476837158,2.0534000396728516,4300,0.0,0.0
2026-04-06 00:00:00-04:00,2.0999999046325684,2.2699999809265137,2.055000066757202,2.140000104904175,233100,0.0,0.0
2026-04-07 00:00:00-04:00,2.0399999618530273,2.359999895095825,2.0399999618530273,2.25,257300,0.0,0.0
2026-04-08 00:00:00-04:00,2.3299999237060547,2.4000000953674316,2.1500000953674316,2.2100000381469727,160100,0.0,0.0
2026-04-09 00:00:00-04:00,2.234999895095825,2.2567999362945557,2.0399999618530273,2.0399999618530273,54700,0.0,0.0
2026-04-10 00:00:00-04:00,2.0299999713897705,2.200000047683716,1.9500999450683594,2.140000104904175,76000,0.0,0.0
2026-04-13 00:00:00-04:00,2.180000066757202,2.319999933242798,2.109999895095825,2.1700000762939453,93500,0.0,0.0
2026-04-14 00:00:00-04:00,2.200000047683716,2.2899999618530273,2.1600000858306885,2.2899999618530273,60500,0.0,0.0
2026-04-15 00:00:00-04:00,2.259999990463257,2.32450008392334,2.200000047683716,2.319999933242798,43800,0.0,0.0
2026-04-16 00:00:00-04:00,2.285399913787842,2.430000066757202,2.240000009536743,2.3299999237060547,102600,0.0,0.0
2026-04-17 00:00:00-04:00,2.259999990463257,2.4800000190734863,2.2300000190734863,2.4700000286102295,82000,0.0,0.0
2026-04-20 00:00:00-04:00,2.4200000762939453,2.4600000381469727,2.1600000858306885,2.259999990463257,129700,0.0,0.0
2026-04-21 00:00:00-04:00,2.25,2.305000066757202,2.1514999866485596,2.1700000762939453,30600,0.0,0.0
2026-04-22 00:00:00-04:00,2.319999933242798,2.319999933242798,2.2100000381469727,2.240000009536743,37600,0.0,0.0
2026-04-23 00:00:00-04:00,2.315000057220459,2.315000057220459,2.2200000286102295,2.240000009536743,21000,0.0,0.0
2026-04-24 00:00:00-04:00,2.2100000381469727,2.319999933242798,2.2100000381469727,2.299999952316284,19400,0.0,0.0
2026-04-27 00:00:00-04:00,2.200000047683716,2.4000000953674316,2.200000047683716,2.2799999713897705,103200,0.0,0.0
2026-04-28 00:00:00-04:00,2.25,2.359999895095825,2.0799999237060547,2.2300000190734863,225000,0.0,0.0
2026-04-29 00:00:00-04:00,2.1600000858306885,2.240000009536743,2.1566998958587646,2.2200000286102295,28000,0.0,0.0
2026-04-30 00:00:00-04:00,2.25,2.319999933242798,2.160799980163574,2.25,47100,0.0,0.0
2026-05-01 00:00:00-04:00,2.299999952316284,2.299999952316284,2.200000047683716,2.240000009536743,39800,0.0,0.0
2026-05-04 00:00:00-04:00,2.200000047683716,2.219899892807007,2.1600000858306885,2.1700000762939453,33500,0.0,0.0
2026-05-05 00:00:00-04:00,2.200000047683716,2.2300000190734863,2.1500000953674316,2.2300000190734863,42000,0.0,0.0
2026-05-06 00:00:00-04:00,2.200000047683716,2.325000047683716,2.190000057220459,2.2300000190734863,93500,0.0,0.0
2026-05-07 00:00:00-04:00,2.25,2.3299999237060547,2.140000104904175,2.2899999618530273,31600,0.0,0.0
2026-05-08 00:00:00-04:00,2.299999952316284,2.380000114440918,2.0999999046325684,2.309999942779541,68100,0.0,0.0
2026-05-11 00:00:00-04:00,2.259999990463257,2.319999933242798,2.180000066757202,2.180000066757202,68075,0.0,0.0
