Date,Open,High,Low,Close,Volume,Dividends,Stock Splits
2022-01-03 00:00:00-05:00,276.0,298.0,266.0,276.0,11373,0.0,0.0
2022-01-04 00:00:00-05:00,270.0,288.0,260.0,280.0,6965,0.0,0.0
2022-01-05 00:00:00-05:00,278.0,280.0,244.0,252.0,7533,0.0,0.0
2022-01-06 00:00:00-05:00,250.0,258.0,234.0,240.0,5960,0.0,0.0
2022-01-07 00:00:00-05:00,246.0,250.0,228.0,232.0,14232,0.0,0.0
2022-01-10 00:00:00-05:00,228.0,234.0,206.0,208.0,8487,0.0,0.0
2022-01-11 00:00:00-05:00,210.0,234.0,208.0,220.0,6903,0.0,0.0
2022-01-12 00:00:00-05:00,228.0,228.0,210.0,216.0,8291,0.0,0.0
2022-01-13 00:00:00-05:00,212.0,216.0,200.0,202.0,7727,0.0,0.0
2022-01-14 00:00:00-05:00,200.0,202.0,190.0,194.0,6721,0.0,0.0
2022-01-18 00:00:00-05:00,190.0,206.0,188.0,196.0,4977,0.0,0.0
2022-01-19 00:00:00-05:00,196.0,200.0,182.0,186.0,3102,0.0,0.0
2022-01-20 00:00:00-05:00,184.0,194.0,184.0,184.0,2781,0.0,0.0
2022-01-21 00:00:00-05:00,180.0,184.0,162.0,162.0,6369,0.0,0.0
2022-01-24 00:00:00-05:00,154.0,160.0,140.0,156.0,8102,0.0,0.0
2022-01-25 00:00:00-05:00,150.0,164.0,150.0,158.0,2647,0.0,0.0
2022-01-26 00:00:00-05:00,160.0,166.0,148.0,148.0,3570,0.0,0.0
2022-01-27 00:00:00-05:00,156.0,156.0,134.0,136.0,3569,0.0,0.0
2022-01-28 00:00:00-05:00,140.0,142.0,130.0,136.0,3383,0.0,0.0
2022-01-31 00:00:00-05:00,140.0,172.0,138.0,166.0,8840,0.0,0.0
2022-02-01 00:00:00-05:00,164.0,182.0,156.0,172.0,3312,0.0,0.0
2022-02-02 00:00:00-05:00,176.0,176.0,156.0,166.0,3093,0.0,0.0
2022-02-03 00:00:00-05:00,158.0,164.0,154.0,160.0,2811,0.0,0.0
2022-02-04 00:00:00-05:00,168.0,172.0,160.0,170.0,3376,0.0,0.0
2022-02-07 00:00:00-05:00,176.0,192.0,170.0,170.0,5073,0.0,0.0
2022-02-08 00:00:00-05:00,172.0,182.0,166.0,170.0,2865,0.0,0.0
2022-02-09 00:00:00-05:00,172.0,180.0,170.0,180.0,2056,0.0,0.0
2022-02-10 00:00:00-05:00,178.0,184.0,172.0,174.0,2782,0.0,0.0
2022-02-11 00:00:00-05:00,176.0,178.0,162.0,168.0,2155,0.0,0.0
2022-02-14 00:00:00-05:00,162.0,168.0,154.0,160.0,2142,0.0,0.0
2022-02-15 00:00:00-05:00,164.0,168.0,162.0,164.0,1807,0.0,0.0
2022-02-16 00:00:00-05:00,166.0,170.0,162.0,166.0,2889,0.0,0.0
2022-02-17 00:00:00-05:00,160.0,168.0,154.0,156.0,2423,0.0,0.0
2022-02-18 00:00:00-05:00,158.0,168.0,156.0,158.0,2435,0.0,0.0
2022-02-22 00:00:00-05:00,156.0,158.0,144.0,146.0,2408,0.0,0.0
2022-02-23 00:00:00-05:00,146.0,156.0,140.0,140.0,2714,0.0,0.0
2022-02-24 00:00:00-05:00,140.0,148.0,136.0,146.0,2930,0.0,0.0
2022-02-25 00:00:00-05:00,150.0,156.0,146.0,148.0,1839,0.0,0.0
2022-02-28 00:00:00-05:00,146.0,160.0,146.0,150.0,2054,0.0,0.0
2022-03-01 00:00:00-05:00,156.0,164.0,148.0,164.0,2584,0.0,0.0
2022-03-02 00:00:00-05:00,158.0,168.0,152.0,164.0,1471,0.0,0.0
2022-03-03 00:00:00-05:00,164.0,166.0,146.0,148.0,2071,0.0,0.0
2022-03-04 00:00:00-05:00,150.0,154.0,140.0,140.0,2481,0.0,0.0
2022-03-07 00:00:00-05:00,142.0,146.0,130.0,130.0,2214,0.0,0.0
2022-03-08 00:00:00-05:00,134.0,136.0,124.0,132.0,3225,0.0,0.0
2022-03-09 00:00:00-05:00,138.0,142.0,134.0,136.0,2886,0.0,0.0
2022-03-10 00:00:00-05:00,134.0,140.0,134.0,138.0,1350,0.0,0.0
2022-03-11 00:00:00-05:00,142.0,144.0,126.0,130.0,1578,0.0,0.0
2022-03-14 00:00:00-04:00,126.0,128.0,120.0,120.0,2189,0.0,0.0
2022-03-15 00:00:00-04:00,122.0,128.0,116.0,124.0,2017,0.0,0.0
2022-03-16 00:00:00-04:00,134.0,154.0,128.0,154.0,3985,0.0,0.0
2022-03-17 00:00:00-04:00,152.0,154.0,144.0,152.0,2771,0.0,0.0
2022-03-18 00:00:00-04:00,166.0,186.0,162.0,168.0,16406,0.0,0.0
2022-03-21 00:00:00-04:00,170.0,174.0,154.0,156.0,4492,0.0,0.0
2022-03-22 00:00:00-04:00,158.0,182.0,158.0,176.0,9432,0.0,0.0
2022-03-23 00:00:00-04:00,172.0,178.0,160.0,170.0,5143,0.0,0.0
2022-03-24 00:00:00-04:00,168.0,172.0,160.0,164.0,4003,0.0,0.0
2022-03-25 00:00:00-04:00,172.0,172.0,154.0,156.0,3284,0.0,0.0
2022-03-28 00:00:00-04:00,168.0,168.0,156.0,166.0,5159,0.0,0.0
2022-03-29 00:00:00-04:00,166.0,168.0,156.0,160.0,2646,0.0,0.0
2022-03-30 00:00:00-04:00,162.0,168.0,156.0,160.0,2142,0.0,0.0
2022-03-31 00:00:00-04:00,160.0,162.0,150.0,152.0,2295,0.0,0.0
2022-04-01 00:00:00-04:00,152.0,160.0,152.0,160.0,4297,0.0,0.0
2022-04-04 00:00:00-04:00,162.0,168.0,158.0,164.0,3381,0.0,0.0
2022-04-05 00:00:00-04:00,164.0,166.0,154.0,156.0,1365,0.0,0.0
2022-04-06 00:00:00-04:00,156.0,156.0,144.0,150.0,1709,0.0,0.0
2022-04-07 00:00:00-04:00,148.0,150.0,140.0,142.0,1129,0.0,0.0
2022-04-08 00:00:00-04:00,142.0,144.0,140.0,140.0,832,0.0,0.0
2022-04-11 00:00:00-04:00,142.0,144.0,138.0,140.0,855,0.0,0.0
2022-04-12 00:00:00-04:00,144.0,144.0,136.0,140.0,1344,0.0,0.0
2022-04-13 00:00:00-04:00,140.0,140.0,136.0,138.0,1092,0.0,0.0
2022-04-14 00:00:00-04:00,136.0,142.0,136.0,140.0,658,0.0,0.0
2022-04-18 00:00:00-04:00,140.0,146.0,136.0,146.0,1048,0.0,0.0
2022-04-19 00:00:00-04:00,148.0,148.0,140.0,144.0,1107,0.0,0.0
2022-04-20 00:00:00-04:00,138.0,146.0,136.0,140.0,1037,0.0,0.0
2022-04-21 00:00:00-04:00,136.0,144.0,134.0,134.0,1090,0.0,0.0
2022-04-22 00:00:00-04:00,144.0,144.0,134.0,136.0,1051,0.0,0.0
2022-04-25 00:00:00-04:00,136.0,138.0,130.0,136.0,1034,0.0,0.0
2022-04-26 00:00:00-04:00,134.0,136.0,124.0,126.0,1696,0.0,0.0
2022-04-27 00:00:00-04:00,128.0,130.0,124.0,128.0,828,0.0,0.0
2022-04-28 00:00:00-04:00,128.0,130.0,122.0,126.0,1008,0.0,0.0
2022-04-29 00:00:00-04:00,122.0,130.0,120.0,124.0,919,0.0,0.0
2022-05-02 00:00:00-04:00,120.0,128.0,120.0,124.0,1600,0.0,0.0
2022-05-03 00:00:00-04:00,130.0,136.0,124.0,126.0,948,0.0,0.0
2022-05-04 00:00:00-04:00,130.0,152.0,122.0,148.0,2358,0.0,0.0
2022-05-05 00:00:00-04:00,138.0,144.0,122.0,128.0,1589,0.0,0.0
2022-05-06 00:00:00-04:00,128.0,130.0,120.0,122.0,838,0.0,0.0
2022-05-09 00:00:00-04:00,120.0,122.0,110.0,112.0,2132,0.0,0.0
2022-05-10 00:00:00-04:00,114.0,114.0,102.0,106.0,1063,0.0,0.0
2022-05-11 00:00:00-04:00,106.0,112.0,100.0,100.0,1391,0.0,0.0
2022-05-12 00:00:00-04:00,100.0,106.0,92.0,94.0,1961,0.0,0.0
2022-05-13 00:00:00-04:00,98.0,104.0,90.0,92.0,2626,0.0,0.0
2022-05-16 00:00:00-04:00,98.0,102.0,94.0,96.0,1629,0.0,0.0
2022-05-17 00:00:00-04:00,102.0,104.0,98.0,102.0,710,0.0,0.0
2022-05-18 00:00:00-04:00,100.0,106.0,100.0,102.0,909,0.0,0.0
2022-05-19 00:00:00-04:00,100.0,104.0,98.0,102.0,980,0.0,0.0
2022-05-20 00:00:00-04:00,100.0,104.0,94.0,94.0,1546,0.0,0.0
2022-05-23 00:00:00-04:00,94.0,98.0,90.0,90.0,1193,0.0,0.0
2022-05-24 00:00:00-04:00,92.0,94.0,86.0,86.0,924,0.0,0.0
2022-05-25 00:00:00-04:00,88.0,94.0,84.0,88.0,816,0.0,0.0
2022-05-26 00:00:00-04:00,86.0,96.0,86.0,88.0,1291,0.0,0.0
2022-05-27 00:00:00-04:00,94.0,136.0,92.0,98.0,37410,0.0,0.0
2022-05-31 00:00:00-04:00,102.0,110.0,96.0,104.0,5563,0.0,0.0
2022-06-01 00:00:00-04:00,106.0,108.0,100.0,104.0,3051,0.0,0.0
2022-06-02 00:00:00-04:00,100.0,104.0,98.0,100.0,2184,0.0,0.0
2022-06-03 00:00:00-04:00,100.0,104.0,96.0,100.0,856,0.0,0.0
2022-06-06 00:00:00-04:00,104.0,104.0,94.0,96.0,1716,0.0,0.0
2022-06-07 00:00:00-04:00,92.0,98.0,92.0,96.0,1190,0.0,0.0
2022-06-08 00:00:00-04:00,94.0,98.0,92.0,96.0,2316,0.0,0.0
2022-06-09 00:00:00-04:00,94.0,114.0,94.0,106.0,18572,0.0,0.0
2022-06-10 00:00:00-04:00,102.0,104.0,98.0,98.0,2556,0.0,0.0
2022-06-13 00:00:00-04:00,92.0,94.0,72.0,80.0,7731,0.0,0.0
2022-06-14 00:00:00-04:00,80.0,88.0,78.0,80.0,1541,0.0,0.0
2022-06-15 00:00:00-04:00,78.0,86.0,76.0,84.0,1355,0.0,0.0
2022-06-16 00:00:00-04:00,78.0,82.0,76.0,80.0,1627,0.0,0.0
2022-06-17 00:00:00-04:00,82.0,88.0,76.0,78.0,2650,0.0,0.0
2022-06-21 00:00:00-04:00,80.0,88.0,80.0,80.0,1662,0.0,0.0
2022-06-22 00:00:00-04:00,80.0,84.0,80.0,82.0,638,0.0,0.0
2022-06-23 00:00:00-04:00,88.0,88.0,78.0,78.0,2139,0.0,0.0
2022-06-24 00:00:00-04:00,82.0,86.0,80.0,84.0,1569,0.0,0.0
2022-06-27 00:00:00-04:00,84.0,88.0,82.0,86.0,848,0.0,0.0
2022-06-28 00:00:00-04:00,86.0,92.0,82.0,92.0,1376,0.0,0.0
2022-06-29 00:00:00-04:00,92.0,92.0,86.0,90.0,734,0.0,0.0
2022-06-30 00:00:00-04:00,92.0,92.0,82.0,84.0,997,0.0,0.0
2022-07-01 00:00:00-04:00,88.0,90.0,72.0,76.0,3221,0.0,0.0
2022-07-05 00:00:00-04:00,80.0,84.0,76.0,80.0,1812,0.0,0.0
2022-07-06 00:00:00-04:00,80.0,84.0,80.0,84.0,559,0.0,0.0
2022-07-07 00:00:00-04:00,84.0,92.0,82.0,90.0,1871,0.0,0.0
2022-07-08 00:00:00-04:00,88.0,94.0,84.0,90.0,862,0.0,0.0
2022-07-11 00:00:00-04:00,88.0,88.0,82.0,84.0,648,0.0,0.0
2022-07-12 00:00:00-04:00,84.0,84.0,80.0,84.0,364,0.0,0.0
2022-07-13 00:00:00-04:00,84.0,86.0,80.0,82.0,483,0.0,0.0
2022-07-14 00:00:00-04:00,82.0,86.0,80.0,84.0,2444,0.0,0.0
2022-07-15 00:00:00-04:00,84.0,86.0,80.0,84.0,741,0.0,0.0
2022-07-18 00:00:00-04:00,88.0,90.0,82.0,84.0,3114,0.0,0.0
2022-07-19 00:00:00-04:00,84.0,90.0,84.0,88.0,3039,0.0,0.0
2022-07-20 00:00:00-04:00,90.0,102.0,90.0,100.0,6039,0.0,0.0
2022-07-21 00:00:00-04:00,102.0,104.0,94.0,96.0,1025,0.0,0.0
2022-07-22 00:00:00-04:00,94.0,96.0,88.0,88.0,1218,0.0,0.0
2022-07-25 00:00:00-04:00,86.0,90.0,84.0,84.0,664,0.0,0.0
2022-07-26 00:00:00-04:00,84.0,86.0,80.0,80.0,1152,0.0,0.0
2022-07-27 00:00:00-04:00,82.0,88.0,82.0,86.0,2401,0.0,0.0
2022-07-28 00:00:00-04:00,86.0,88.0,82.0,88.0,1249,0.0,0.0
2022-07-29 00:00:00-04:00,90.0,90.0,84.0,86.0,639,0.0,0.0
2022-08-01 00:00:00-04:00,84.0,88.0,84.0,88.0,346,0.0,0.0
2022-08-02 00:00:00-04:00,88.0,98.0,84.0,98.0,1557,0.0,0.0
2022-08-03 00:00:00-04:00,98.0,104.0,94.0,104.0,1557,0.0,0.0
2022-08-04 00:00:00-04:00,104.0,110.0,100.0,106.0,4032,0.0,0.0
2022-08-05 00:00:00-04:00,104.0,104.0,102.0,104.0,1000,0.0,0.0
2022-08-08 00:00:00-04:00,106.0,110.0,100.0,100.0,1524,0.0,0.0
2022-08-09 00:00:00-04:00,102.0,106.0,100.0,106.0,880,0.0,0.0
2022-08-10 00:00:00-04:00,102.0,108.0,102.0,106.0,810,0.0,0.0
2022-08-11 00:00:00-04:00,108.0,112.0,106.0,112.0,1283,0.0,0.0
2022-08-12 00:00:00-04:00,112.0,114.0,108.0,114.0,1240,0.0,0.0
2022-08-15 00:00:00-04:00,114.0,114.0,110.0,114.0,785,0.0,0.0
2022-08-16 00:00:00-04:00,114.0,116.0,110.0,110.0,1517,0.0,0.0
2022-08-17 00:00:00-04:00,110.0,114.0,110.0,112.0,1018,0.0,0.0
2022-08-18 00:00:00-04:00,114.0,114.0,106.0,106.0,659,0.0,0.0
2022-08-19 00:00:00-04:00,108.0,116.0,94.0,94.0,3962,0.0,0.0
2022-08-22 00:00:00-04:00,96.0,100.0,96.0,96.0,1384,0.0,0.0
2022-08-23 00:00:00-04:00,96.0,98.0,94.0,94.0,699,0.0,0.0
2022-08-24 00:00:00-04:00,94.0,98.0,92.0,96.0,545,0.0,0.0
2022-08-25 00:00:00-04:00,100.0,102.0,94.0,96.0,2132,0.0,0.0
2022-08-26 00:00:00-04:00,100.0,100.0,90.0,92.0,1726,0.0,0.0
2022-08-29 00:00:00-04:00,90.0,92.0,86.0,90.0,369,0.0,0.0
2022-08-30 00:00:00-04:00,88.0,90.0,84.0,88.0,850,0.0,0.0
2022-08-31 00:00:00-04:00,88.0,88.0,86.0,88.0,604,0.0,0.0
2022-09-01 00:00:00-04:00,88.0,94.0,88.0,90.0,685,0.0,0.0
2022-09-02 00:00:00-04:00,92.0,92.0,86.0,88.0,671,0.0,0.0
2022-09-06 00:00:00-04:00,92.0,92.0,84.0,86.0,485,0.0,0.0
2022-09-07 00:00:00-04:00,88.0,92.0,86.0,90.0,420,0.0,0.0
2022-09-08 00:00:00-04:00,90.0,92.0,86.0,92.0,1231,0.0,0.0
2022-09-09 00:00:00-04:00,92.0,96.0,90.0,94.0,785,0.0,0.0
2022-09-12 00:00:00-04:00,94.0,96.0,92.0,96.0,546,0.0,0.0
2022-09-13 00:00:00-04:00,96.0,96.0,92.0,96.0,389,0.0,0.0
2022-09-14 00:00:00-04:00,96.0,102.0,96.0,100.0,1358,0.0,0.0
2022-09-15 00:00:00-04:00,98.0,102.0,96.0,98.0,597,0.0,0.0
2022-09-16 00:00:00-04:00,96.0,96.0,90.0,96.0,297,0.0,0.0
2022-09-19 00:00:00-04:00,96.0,96.0,92.0,94.0,371,0.0,0.0
2022-09-20 00:00:00-04:00,96.0,96.0,92.0,94.0,461,0.0,0.0
2022-09-21 00:00:00-04:00,90.0,96.0,86.0,94.0,497,0.0,0.0
2022-09-22 00:00:00-04:00,88.0,96.0,82.0,88.0,1068,0.0,0.0
2022-09-23 00:00:00-04:00,86.0,92.0,82.0,92.0,935,0.0,0.0
2022-09-26 00:00:00-04:00,92.0,94.0,90.0,94.0,821,0.0,0.0
2022-09-27 00:00:00-04:00,94.0,98.0,94.0,96.0,817,0.0,0.0
2022-09-28 00:00:00-04:00,94.0,96.0,92.0,94.0,412,0.0,0.0
2022-09-29 00:00:00-04:00,92.0,96.0,90.0,94.0,367,0.0,0.0
2022-09-30 00:00:00-04:00,88.0,96.0,88.0,92.0,258,0.0,0.0
2022-10-03 00:00:00-04:00,88.0,96.0,88.0,96.0,643,0.0,0.0
2022-10-04 00:00:00-04:00,94.0,96.0,92.0,96.0,540,0.0,0.0
2022-10-05 00:00:00-04:00,96.0,96.0,88.0,96.0,447,0.0,0.0
2022-10-06 00:00:00-04:00,90.0,100.0,90.0,96.0,1586,0.0,0.0
2022-10-07 00:00:00-04:00,94.0,94.0,90.0,92.0,539,0.0,0.0
2022-10-10 00:00:00-04:00,90.0,96.0,86.0,90.0,380,0.0,0.0
2022-10-11 00:00:00-04:00,86.0,88.0,84.0,86.0,345,0.0,0.0
2022-10-12 00:00:00-04:00,84.0,94.0,84.0,90.0,1228,0.0,0.0
2022-10-13 00:00:00-04:00,86.0,94.0,86.0,94.0,740,0.0,0.0
2022-10-14 00:00:00-04:00,92.0,94.0,88.0,88.0,314,0.0,0.0
2022-10-17 00:00:00-04:00,88.0,94.0,88.0,90.0,412,0.0,0.0
2022-10-18 00:00:00-04:00,88.0,92.0,88.0,90.0,374,0.0,0.0
2022-10-19 00:00:00-04:00,90.0,90.0,88.0,90.0,183,0.0,0.0
2022-10-20 00:00:00-04:00,88.0,92.0,88.0,90.0,229,0.0,0.0
2022-10-21 00:00:00-04:00,86.0,92.0,86.0,88.0,512,0.0,0.0
2022-10-24 00:00:00-04:00,86.0,90.0,86.0,88.0,881,0.0,0.0
2022-10-25 00:00:00-04:00,86.0,90.0,86.0,88.0,693,0.0,0.0
2022-10-26 00:00:00-04:00,86.0,92.0,86.0,92.0,731,0.0,0.0
2022-10-27 00:00:00-04:00,92.0,92.0,88.0,92.0,189,0.0,0.0
2022-10-28 00:00:00-04:00,92.0,96.0,90.0,94.0,503,0.0,0.0
2022-10-31 00:00:00-04:00,96.0,98.0,88.0,98.0,307,0.0,0.0
2022-11-01 00:00:00-04:00,94.0,98.0,84.0,90.0,1324,0.0,0.0
2022-11-02 00:00:00-04:00,90.0,90.0,86.0,88.0,300,0.0,0.0
2022-11-03 00:00:00-04:00,88.0,90.0,86.0,86.0,470,0.0,0.0
2022-11-04 00:00:00-04:00,88.0,92.0,86.0,88.0,613,0.0,0.0
2022-11-07 00:00:00-05:00,88.0,88.0,84.0,86.0,455,0.0,0.0
2022-11-08 00:00:00-05:00,84.0,86.0,82.0,86.0,722,0.0,0.0
2022-11-09 00:00:00-05:00,86.0,86.0,80.0,80.0,943,0.0,0.0
2022-11-10 00:00:00-05:00,82.0,84.0,80.0,84.0,730,0.0,0.0
2022-11-11 00:00:00-05:00,80.0,84.0,74.0,82.0,832,0.0,0.0
2022-11-14 00:00:00-05:00,82.0,82.0,82.0,82.0,246,0.0,0.0
2022-11-15 00:00:00-05:00,82.0,84.0,82.0,84.0,403,0.0,0.0
2022-11-16 00:00:00-05:00,82.0,84.0,80.0,82.0,375,0.0,0.0
2022-11-17 00:00:00-05:00,82.0,82.0,80.0,82.0,301,0.0,0.0
2022-11-18 00:00:00-05:00,80.0,84.0,78.0,80.0,252,0.0,0.0
2022-11-21 00:00:00-05:00,76.0,78.0,72.0,76.0,1010,0.0,0.0
2022-11-22 00:00:00-05:00,76.0,76.0,72.0,72.0,1031,0.0,0.0
2022-11-23 00:00:00-05:00,70.0,76.0,66.0,68.0,1463,0.0,0.0
2022-11-25 00:00:00-05:00,70.0,74.0,68.0,72.0,242,0.0,0.0
2022-11-28 00:00:00-05:00,72.0,72.0,68.0,72.0,737,0.0,0.0
2022-11-29 00:00:00-05:00,70.0,76.0,70.0,72.0,488,0.0,0.0
2022-11-30 00:00:00-05:00,72.0,72.0,68.0,72.0,518,0.0,0.0
2022-12-01 00:00:00-05:00,70.0,72.0,70.0,70.0,274,0.0,0.0
2022-12-02 00:00:00-05:00,70.0,74.0,70.0,72.0,421,0.0,0.0
2022-12-05 00:00:00-05:00,72.0,74.0,72.0,72.0,264,0.0,0.0
2022-12-06 00:00:00-05:00,74.0,76.0,70.0,72.0,550,0.0,0.0
2022-12-07 00:00:00-05:00,72.0,76.0,70.0,70.0,359,0.0,0.0
2022-12-08 00:00:00-05:00,70.0,72.0,70.0,72.0,196,0.0,0.0
2022-12-09 00:00:00-05:00,70.0,72.0,66.0,70.0,935,0.0,0.0
2022-12-12 00:00:00-05:00,70.0,70.0,66.0,68.0,542,0.0,0.0
2022-12-13 00:00:00-05:00,68.0,76.0,68.0,70.0,1941,0.0,0.0
2022-12-14 00:00:00-05:00,66.0,72.0,66.0,70.0,506,0.0,0.0
2022-12-15 00:00:00-05:00,70.0,76.0,68.0,72.0,745,0.0,0.0
2022-12-16 00:00:00-05:00,72.0,92.0,72.0,92.0,6709,0.0,0.0
2022-12-19 00:00:00-05:00,94.0,114.0,92.0,108.0,6236,0.0,0.0
2022-12-20 00:00:00-05:00,104.0,104.0,90.0,100.0,2026,0.0,0.0
2022-12-21 00:00:00-05:00,98.0,100.0,96.0,100.0,1193,0.0,0.0
2022-12-22 00:00:00-05:00,100.0,100.0,86.0,86.0,1736,0.0,0.0
2022-12-23 00:00:00-05:00,86.0,86.0,84.0,86.0,626,0.0,0.0
2022-12-27 00:00:00-05:00,82.0,86.0,80.0,86.0,3011,0.0,0.0
2022-12-28 00:00:00-05:00,80.0,82.0,72.0,72.0,4059,0.0,0.0
2022-12-29 00:00:00-05:00,72.0,78.0,72.0,74.0,1689,0.0,0.0
2022-12-30 00:00:00-05:00,74.0,78.0,70.0,74.0,3533,0.0,0.0
2023-01-03 00:00:00-05:00,76.0,80.0,74.0,76.0,1343,0.0,0.0
2023-01-04 00:00:00-05:00,76.0,88.0,76.0,80.0,2365,0.0,0.0
2023-01-05 00:00:00-05:00,80.0,84.0,76.0,80.0,641,0.0,0.0
2023-01-06 00:00:00-05:00,80.0,80.0,74.0,78.0,1888,0.0,0.0
2023-01-09 00:00:00-05:00,78.0,88.0,78.0,84.0,3495,0.0,0.0
2023-01-10 00:00:00-05:00,90.0,94.0,84.0,90.0,923,0.0,0.0
2023-01-11 00:00:00-05:00,94.0,96.0,86.0,92.0,1550,0.0,0.0
2023-01-12 00:00:00-05:00,92.0,102.0,92.0,100.0,2761,0.0,0.0
2023-01-13 00:00:00-05:00,106.0,116.0,100.0,108.0,7100,0.0,0.0
2023-01-17 00:00:00-05:00,118.0,118.0,100.0,106.0,4220,0.0,0.0
2023-01-18 00:00:00-05:00,106.0,106.0,94.0,96.0,1716,0.0,0.0
2023-01-19 00:00:00-05:00,100.0,100.0,94.0,98.0,1002,0.0,0.0
2023-01-20 00:00:00-05:00,96.0,104.0,96.0,100.0,1596,0.0,0.0
2023-01-23 00:00:00-05:00,106.0,106.0,100.0,102.0,1247,0.0,0.0
2023-01-24 00:00:00-05:00,102.0,106.0,98.0,106.0,613,0.0,0.0
2023-01-25 00:00:00-05:00,102.0,104.0,98.0,100.0,800,0.0,0.0
2023-01-26 00:00:00-05:00,106.0,106.0,98.0,104.0,399,0.0,0.0
2023-01-27 00:00:00-05:00,100.0,100.0,98.0,100.0,838,0.0,0.0
2023-01-30 00:00:00-05:00,98.0,100.0,84.0,90.0,1005,0.0,0.0
2023-01-31 00:00:00-05:00,90.0,98.0,86.0,88.0,1820,0.0,0.0
2023-02-01 00:00:00-05:00,86.4000015258789,86.4000015258789,73.5999984741211,79.5999984741211,7263,0.0,0.0
2023-02-02 00:00:00-05:00,82.80000305175781,84.4000015258789,75.5999984741211,78.80000305175781,5800,0.0,0.0
2023-02-03 00:00:00-05:00,80.80000305175781,87.5999984741211,78.0,82.80000305175781,4913,0.0,0.0
2023-02-06 00:00:00-05:00,82.80000305175781,84.0,80.80000305175781,83.19999694824219,765,0.0,0.0
2023-02-07 00:00:00-05:00,83.5999984741211,83.5999984741211,78.0,81.19999694824219,535,0.0,0.0
2023-02-08 00:00:00-05:00,81.19999694824219,81.5999984741211,79.19999694824219,80.0,540,0.0,0.0
2023-02-09 00:00:00-05:00,80.0,80.0,74.0,75.19999694824219,1790,0.0,0.0
2023-02-10 00:00:00-05:00,74.80000305175781,74.80000305175781,64.4000015258789,72.4000015258789,2690,0.0,0.0
2023-02-13 00:00:00-05:00,76.0,77.19999694824219,70.80000305175781,76.4000015258789,1653,0.0,0.0
2023-02-14 00:00:00-05:00,75.19999694824219,75.5999984741211,70.80000305175781,74.80000305175781,458,0.0,0.0
2023-02-15 00:00:00-05:00,74.80000305175781,79.19999694824219,73.19999694824219,78.0,1098,0.0,0.0
2023-02-16 00:00:00-05:00,74.80000305175781,82.80000305175781,74.80000305175781,78.0,1845,0.0,0.0
2023-02-17 00:00:00-05:00,78.4000015258789,81.19999694824219,74.0,79.5999984741211,1050,0.0,0.0
2023-02-21 00:00:00-05:00,80.0,80.0,72.0,74.4000015258789,1173,0.0,0.0
2023-02-22 00:00:00-05:00,74.4000015258789,78.80000305175781,70.80000305175781,71.19999694824219,770,0.0,0.0
2023-02-23 00:00:00-05:00,72.0,73.19999694824219,69.19999694824219,70.0,505,0.0,0.0
2023-02-24 00:00:00-05:00,68.4000015258789,70.4000015258789,68.0,69.5999984741211,565,0.0,0.0
2023-02-27 00:00:00-05:00,68.80000305175781,72.0,68.80000305175781,69.19999694824219,518,0.0,0.0
2023-02-28 00:00:00-05:00,70.80000305175781,71.19999694824219,69.5999984741211,70.80000305175781,348,0.0,0.0
2023-03-01 00:00:00-05:00,72.0,72.0,70.80000305175781,71.5999984741211,1385,0.0,0.0
2023-03-02 00:00:00-05:00,70.4000015258789,70.4000015258789,68.80000305175781,69.5999984741211,373,0.0,0.0
2023-03-03 00:00:00-05:00,70.0,70.0,66.4000015258789,69.19999694824219,1933,0.0,0.0
2023-03-06 00:00:00-05:00,68.4000015258789,71.19999694824219,68.0,68.4000015258789,383,0.0,0.0
2023-03-07 00:00:00-05:00,68.4000015258789,71.19999694824219,66.0,66.80000305175781,600,0.0,0.0
2023-03-08 00:00:00-05:00,68.80000305175781,68.80000305175781,60.79999923706055,61.599998474121094,990,0.0,0.0
2023-03-09 00:00:00-05:00,60.400001525878906,60.400001525878906,54.0,55.20000076293945,1478,0.0,0.0
2023-03-10 00:00:00-05:00,54.79999923706055,56.400001525878906,48.400001525878906,50.0,1605,0.0,0.0
2023-03-13 00:00:00-04:00,48.79999923706055,55.20000076293945,48.79999923706055,52.400001525878906,3503,0.0,0.0
2023-03-14 00:00:00-04:00,52.400001525878906,55.20000076293945,48.79999923706055,50.0,1203,0.0,0.0
2023-03-15 00:00:00-04:00,52.0,52.400001525878906,48.79999923706055,48.79999923706055,623,0.0,0.0
2023-03-16 00:00:00-04:00,48.79999923706055,50.400001525878906,48.0,48.400001525878906,373,0.0,0.0
2023-03-17 00:00:00-04:00,46.79999923706055,50.0,46.79999923706055,48.79999923706055,1043,0.0,0.0
2023-03-20 00:00:00-04:00,48.0,54.0,46.79999923706055,47.599998474121094,1453,0.0,0.0
2023-03-21 00:00:00-04:00,48.79999923706055,50.400001525878906,48.0,49.599998474121094,1053,0.0,0.0
2023-03-22 00:00:00-04:00,49.599998474121094,52.79999923706055,47.20000076293945,48.400001525878906,1003,0.0,0.0
2023-03-23 00:00:00-04:00,50.0,50.0,47.20000076293945,47.20000076293945,985,0.0,0.0
2023-03-24 00:00:00-04:00,47.20000076293945,47.599998474121094,46.400001525878906,47.599998474121094,918,0.0,0.0
2023-03-27 00:00:00-04:00,47.599998474121094,47.599998474121094,45.20000076293945,46.0,645,0.0,0.0
2023-03-28 00:00:00-04:00,45.20000076293945,46.79999923706055,44.0,44.0,970,0.0,0.0
2023-03-29 00:00:00-04:00,45.20000076293945,45.20000076293945,42.0,42.79999923706055,1030,0.0,0.0
2023-03-30 00:00:00-04:00,42.79999923706055,45.20000076293945,42.0,42.400001525878906,1378,0.0,0.0
2023-03-31 00:00:00-04:00,43.599998474121094,44.0,41.599998474121094,42.400001525878906,683,0.0,0.0
2023-04-03 00:00:00-04:00,43.599998474121094,46.0,42.0,43.599998474121094,635,0.0,0.0
2023-04-04 00:00:00-04:00,44.79999923706055,50.79999923706055,42.400001525878906,48.0,3298,0.0,0.0
2023-04-05 00:00:00-04:00,48.79999923706055,51.20000076293945,46.79999923706055,50.400001525878906,2223,0.0,0.0
2023-04-06 00:00:00-04:00,52.0,52.400001525878906,48.0,49.599998474121094,690,0.0,0.0
2023-04-10 00:00:00-04:00,49.599998474121094,51.599998474121094,48.0,50.400001525878906,663,0.0,0.0
2023-04-11 00:00:00-04:00,49.599998474121094,56.400001525878906,49.599998474121094,54.79999923706055,2245,0.0,0.0
2023-04-12 00:00:00-04:00,54.0,55.599998474121094,53.20000076293945,54.0,720,0.0,0.0
2023-04-13 00:00:00-04:00,56.0,58.79999923706055,53.599998474121094,58.0,808,0.0,0.0
2023-04-14 00:00:00-04:00,60.0,60.0,54.400001525878906,56.400001525878906,655,0.0,0.0
2023-04-17 00:00:00-04:00,57.599998474121094,58.400001525878906,56.0,58.0,258,0.0,0.0
2023-04-18 00:00:00-04:00,58.0,58.79999923706055,54.79999923706055,55.20000076293945,620,0.0,0.0
2023-04-19 00:00:00-04:00,55.20000076293945,55.20000076293945,53.20000076293945,55.20000076293945,555,0.0,0.0
2023-04-20 00:00:00-04:00,53.20000076293945,54.79999923706055,53.20000076293945,54.400001525878906,440,0.0,0.0
2023-04-21 00:00:00-04:00,53.599998474121094,53.599998474121094,49.20000076293945,49.20000076293945,600,0.0,0.0
2023-04-24 00:00:00-04:00,48.79999923706055,58.400001525878906,48.0,50.0,1270,0.0,0.0
2023-04-25 00:00:00-04:00,50.0,51.20000076293945,50.0,51.20000076293945,278,0.0,0.0
2023-04-26 00:00:00-04:00,51.20000076293945,54.400001525878906,49.599998474121094,50.400001525878906,345,0.0,0.0
2023-04-27 00:00:00-04:00,50.0,50.400001525878906,48.400001525878906,49.599998474121094,173,0.0,0.0
2023-04-28 00:00:00-04:00,50.0,50.79999923706055,48.79999923706055,49.20000076293945,493,0.0,0.0
2023-05-01 00:00:00-04:00,50.0,57.599998474121094,49.20000076293945,52.400001525878906,1365,0.0,0.0
2023-05-02 00:00:00-04:00,52.400001525878906,58.0,52.400001525878906,54.79999923706055,1628,0.0,0.0
2023-05-03 00:00:00-04:00,56.0,57.599998474121094,54.0,54.79999923706055,1673,0.0,0.0
2023-05-04 00:00:00-04:00,53.20000076293945,57.599998474121094,50.79999923706055,52.79999923706055,1270,0.0,0.0
2023-05-05 00:00:00-04:00,51.599998474121094,53.599998474121094,50.0,52.400001525878906,1053,0.0,0.0
2023-05-08 00:00:00-04:00,52.79999923706055,52.79999923706055,50.0,51.20000076293945,450,0.0,0.0
2023-05-09 00:00:00-04:00,51.599998474121094,53.20000076293945,48.400001525878906,49.599998474121094,545,0.0,0.0
2023-05-10 00:00:00-04:00,50.0,51.599998474121094,49.20000076293945,50.0,448,0.0,0.0
2023-05-11 00:00:00-04:00,48.0,49.20000076293945,46.0,47.599998474121094,435,0.0,0.0
2023-05-12 00:00:00-04:00,46.0,48.0,44.79999923706055,45.20000076293945,340,0.0,0.0
2023-05-15 00:00:00-04:00,45.20000076293945,52.79999923706055,45.20000076293945,48.0,713,0.0,0.0
2023-05-16 00:00:00-04:00,46.79999923706055,50.400001525878906,46.400001525878906,47.599998474121094,498,0.0,0.0
2023-05-17 00:00:00-04:00,47.20000076293945,49.599998474121094,46.0,48.400001525878906,325,0.0,0.0
2023-05-18 00:00:00-04:00,47.20000076293945,49.599998474121094,46.400001525878906,47.20000076293945,360,0.0,0.0
2023-05-19 00:00:00-04:00,46.400001525878906,50.79999923706055,46.400001525878906,47.599998474121094,658,0.0,0.0
2023-05-22 00:00:00-04:00,48.79999923706055,50.79999923706055,47.20000076293945,48.79999923706055,673,0.0,0.0
2023-05-23 00:00:00-04:00,49.20000076293945,49.599998474121094,48.0,48.400001525878906,265,0.0,0.0
2023-05-24 00:00:00-04:00,49.599998474121094,49.599998474121094,47.20000076293945,48.0,400,0.0,0.0
2023-05-25 00:00:00-04:00,46.79999923706055,48.79999923706055,46.0,46.79999923706055,313,0.0,0.0
2023-05-26 00:00:00-04:00,46.79999923706055,48.79999923706055,46.79999923706055,47.599998474121094,355,0.0,0.0
2023-05-30 00:00:00-04:00,48.79999923706055,50.0,44.400001525878906,45.599998474121094,1468,0.0,0.0
2023-05-31 00:00:00-04:00,44.400001525878906,50.0,44.400001525878906,49.20000076293945,623,0.0,0.0
2023-06-01 00:00:00-04:00,47.20000076293945,63.599998474121094,47.20000076293945,56.0,11420,0.0,0.0
2023-06-02 00:00:00-04:00,53.20000076293945,55.599998474121094,50.0,52.0,3103,0.0,0.0
2023-06-05 00:00:00-04:00,50.400001525878906,54.79999923706055,50.400001525878906,52.400001525878906,955,0.0,0.0
2023-06-06 00:00:00-04:00,51.20000076293945,54.400001525878906,51.20000076293945,53.599998474121094,788,0.0,0.0
2023-06-07 00:00:00-04:00,54.0,55.20000076293945,52.79999923706055,55.20000076293945,683,0.0,0.0
2023-06-08 00:00:00-04:00,56.0,56.0,49.20000076293945,55.20000076293945,528,0.0,0.0
2023-06-09 00:00:00-04:00,52.79999923706055,54.400001525878906,52.79999923706055,53.599998474121094,365,0.0,0.0
2023-06-12 00:00:00-04:00,53.20000076293945,54.400001525878906,52.0,54.400001525878906,393,0.0,0.0
2023-06-13 00:00:00-04:00,52.400001525878906,54.0,51.599998474121094,52.400001525878906,418,0.0,0.0
2023-06-14 00:00:00-04:00,52.400001525878906,53.20000076293945,49.20000076293945,51.599998474121094,518,0.0,0.0
2023-06-15 00:00:00-04:00,52.79999923706055,52.79999923706055,49.20000076293945,51.20000076293945,448,0.0,0.0
2023-06-16 00:00:00-04:00,49.599998474121094,51.20000076293945,49.599998474121094,50.79999923706055,405,0.0,0.0
2023-06-20 00:00:00-04:00,49.599998474121094,51.599998474121094,49.599998474121094,50.79999923706055,493,0.0,0.0
2023-06-21 00:00:00-04:00,49.599998474121094,57.599998474121094,49.599998474121094,53.599998474121094,7905,0.0,0.0
2023-06-22 00:00:00-04:00,54.400001525878906,56.400001525878906,52.0,56.400001525878906,1188,0.0,0.0
2023-06-23 00:00:00-04:00,57.20000076293945,57.20000076293945,50.0,56.0,1303,0.0,0.0
2023-06-26 00:00:00-04:00,56.400001525878906,56.79999923706055,50.79999923706055,52.79999923706055,1330,0.0,0.0
2023-06-27 00:00:00-04:00,54.0,54.400001525878906,52.0,52.400001525878906,468,0.0,0.0
2023-06-28 00:00:00-04:00,52.0,54.79999923706055,51.599998474121094,54.0,450,0.0,0.0
2023-06-29 00:00:00-04:00,54.0,54.0,51.599998474121094,52.0,595,0.0,0.0
2023-06-30 00:00:00-04:00,52.0,53.599998474121094,50.0,52.0,948,0.0,0.0
2023-07-03 00:00:00-04:00,49.599998474121094,56.0,49.599998474121094,55.20000076293945,745,0.0,0.0
2023-07-05 00:00:00-04:00,52.400001525878906,54.79999923706055,51.20000076293945,54.400001525878906,253,0.0,0.0
2023-07-06 00:00:00-04:00,52.0,54.0,51.20000076293945,52.0,233,0.0,0.0
2023-07-07 00:00:00-04:00,53.20000076293945,56.79999923706055,52.400001525878906,55.599998474121094,1123,0.0,0.0
2023-07-10 00:00:00-04:00,55.599998474121094,55.599998474121094,51.20000076293945,53.20000076293945,1600,0.0,0.0
2023-07-11 00:00:00-04:00,52.0,58.0,51.20000076293945,54.400001525878906,1863,0.0,0.0
2023-07-12 00:00:00-04:00,58.0,58.0,53.20000076293945,54.0,1000,0.0,0.0
2023-07-13 00:00:00-04:00,54.0,65.5999984741211,51.20000076293945,59.599998474121094,9438,0.0,0.0
2023-07-14 00:00:00-04:00,60.0,62.0,55.599998474121094,57.20000076293945,1878,0.0,0.0
2023-07-17 00:00:00-04:00,57.599998474121094,57.599998474121094,54.0,55.20000076293945,1140,0.0,0.0
2023-07-18 00:00:00-04:00,53.20000076293945,55.599998474121094,51.20000076293945,51.599998474121094,1773,0.0,0.0
2023-07-19 00:00:00-04:00,54.400001525878906,54.400001525878906,52.0,53.20000076293945,580,0.0,0.0
2023-07-20 00:00:00-04:00,52.400001525878906,53.20000076293945,51.20000076293945,52.79999923706055,590,0.0,0.0
2023-07-21 00:00:00-04:00,51.599998474121094,52.79999923706055,50.400001525878906,51.20000076293945,1425,0.0,0.0
2023-07-24 00:00:00-04:00,52.0,52.0,50.400001525878906,51.20000076293945,833,0.0,0.0
2023-07-25 00:00:00-04:00,52.400001525878906,52.400001525878906,49.20000076293945,49.20000076293945,1108,0.0,0.0
2023-07-26 00:00:00-04:00,50.0,51.20000076293945,48.400001525878906,48.79999923706055,680,0.0,0.0
2023-07-27 00:00:00-04:00,49.599998474121094,49.599998474121094,46.79999923706055,46.79999923706055,690,0.0,0.0
2023-07-28 00:00:00-04:00,47.599998474121094,50.400001525878906,47.20000076293945,49.599998474121094,348,0.0,0.0
2023-07-31 00:00:00-04:00,50.0,55.20000076293945,50.0,55.20000076293945,1065,0.0,0.0
2023-08-01 00:00:00-04:00,54.0,60.400001525878906,54.0,57.599998474121094,4530,0.0,0.0
2023-08-02 00:00:00-04:00,57.20000076293945,66.4000015258789,57.20000076293945,61.599998474121094,3863,0.0,0.0
2023-08-03 00:00:00-04:00,60.400001525878906,64.0,60.400001525878906,63.599998474121094,1358,0.0,0.0
2023-08-04 00:00:00-04:00,64.0,64.0,57.599998474121094,57.599998474121094,775,0.0,0.0
2023-08-07 00:00:00-04:00,57.599998474121094,71.19999694824219,56.400001525878906,65.19999694824219,2345,0.0,0.0
2023-08-08 00:00:00-04:00,64.0,67.5999984741211,62.400001525878906,65.19999694824219,1113,0.0,0.0
2023-08-09 00:00:00-04:00,65.5999984741211,69.5999984741211,65.19999694824219,67.5999984741211,1275,0.0,0.0
2023-08-10 00:00:00-04:00,68.0,76.80000305175781,68.0,74.4000015258789,3598,0.0,0.0
2023-08-11 00:00:00-04:00,75.5999984741211,78.0,74.0,76.0,1565,0.0,0.0
2023-08-14 00:00:00-04:00,75.19999694824219,76.0,66.0,66.4000015258789,1300,0.0,0.0
2023-08-15 00:00:00-04:00,66.80000305175781,66.80000305175781,59.20000076293945,59.599998474121094,1038,0.0,0.0
2023-08-16 00:00:00-04:00,61.20000076293945,61.20000076293945,54.400001525878906,54.400001525878906,1723,0.0,0.0
2023-08-17 00:00:00-04:00,55.20000076293945,58.0,53.20000076293945,54.0,498,0.0,0.0
2023-08-18 00:00:00-04:00,54.0,57.20000076293945,52.400001525878906,55.599998474121094,1440,0.0,0.0
2023-08-21 00:00:00-04:00,60.0,60.0,54.0,56.79999923706055,688,0.0,0.0
2023-08-22 00:00:00-04:00,56.0,59.20000076293945,55.20000076293945,58.400001525878906,958,0.0,0.0
2023-08-23 00:00:00-04:00,61.599998474121094,63.599998474121094,56.0,56.0,1308,0.0,0.0
2023-08-24 00:00:00-04:00,54.79999923706055,56.0,52.79999923706055,54.79999923706055,293,0.0,0.0
2023-08-25 00:00:00-04:00,55.20000076293945,59.599998474121094,54.400001525878906,57.20000076293945,498,0.0,0.0
2023-08-28 00:00:00-04:00,58.0,60.0,55.599998474121094,56.79999923706055,195,0.0,0.0
2023-08-29 00:00:00-04:00,54.79999923706055,60.0,54.79999923706055,58.79999923706055,1198,0.0,0.0
2023-08-30 00:00:00-04:00,58.400001525878906,58.400001525878906,56.0,58.0,470,0.0,0.0
2023-08-31 00:00:00-04:00,55.20000076293945,58.400001525878906,54.400001525878906,54.400001525878906,535,0.0,0.0
2023-09-01 00:00:00-04:00,56.0,59.599998474121094,54.400001525878906,55.20000076293945,650,0.0,0.0
2023-09-05 00:00:00-04:00,55.20000076293945,55.20000076293945,50.400001525878906,51.20000076293945,2710,0.0,0.0
2023-09-06 00:00:00-04:00,50.400001525878906,51.20000076293945,49.20000076293945,49.599998474121094,673,0.0,0.0
2023-09-07 00:00:00-04:00,48.79999923706055,50.79999923706055,42.79999923706055,45.20000076293945,2358,0.0,0.0
2023-09-08 00:00:00-04:00,43.20000076293945,46.79999923706055,43.20000076293945,45.20000076293945,813,0.0,0.0
2023-09-11 00:00:00-04:00,46.0,47.599998474121094,44.0,44.0,1018,0.0,0.0
2023-09-12 00:00:00-04:00,44.400001525878906,47.20000076293945,44.400001525878906,46.0,810,0.0,0.0
2023-09-13 00:00:00-04:00,46.79999923706055,47.599998474121094,46.79999923706055,47.20000076293945,338,0.0,0.0
2023-09-14 00:00:00-04:00,47.20000076293945,49.20000076293945,47.20000076293945,48.0,260,0.0,0.0
2023-09-15 00:00:00-04:00,48.400001525878906,48.400001525878906,47.20000076293945,47.599998474121094,420,0.0,0.0
2023-09-18 00:00:00-04:00,47.20000076293945,47.20000076293945,45.20000076293945,46.400001525878906,320,0.0,0.0
2023-09-19 00:00:00-04:00,46.400001525878906,46.400001525878906,44.79999923706055,45.20000076293945,875,0.0,0.0
2023-09-20 00:00:00-04:00,46.400001525878906,46.400001525878906,44.79999923706055,44.79999923706055,255,0.0,0.0
2023-09-21 00:00:00-04:00,44.0,46.79999923706055,44.0,46.0,210,0.0,0.0
2023-09-22 00:00:00-04:00,46.0,46.400001525878906,45.599998474121094,45.599998474121094,198,0.0,0.0
2023-09-25 00:00:00-04:00,44.79999923706055,45.599998474121094,43.20000076293945,44.400001525878906,620,0.0,0.0
2023-09-26 00:00:00-04:00,44.0,44.400001525878906,43.20000076293945,44.400001525878906,170,0.0,0.0
2023-09-27 00:00:00-04:00,42.0,44.400001525878906,42.0,43.20000076293945,853,0.0,0.0
2023-09-28 00:00:00-04:00,43.20000076293945,45.20000076293945,43.20000076293945,44.0,663,0.0,0.0
2023-09-29 00:00:00-04:00,42.79999923706055,45.599998474121094,42.79999923706055,44.400001525878906,560,0.0,0.0
2023-10-02 00:00:00-04:00,45.20000076293945,45.599998474121094,43.20000076293945,43.599998474121094,418,0.0,0.0
2023-10-03 00:00:00-04:00,43.599998474121094,45.20000076293945,43.599998474121094,44.400001525878906,383,0.0,0.0
2023-10-04 00:00:00-04:00,44.0,44.0,42.400001525878906,42.79999923706055,670,0.0,0.0
2023-10-05 00:00:00-04:00,44.79999923706055,44.79999923706055,42.400001525878906,42.79999923706055,308,0.0,0.0
2023-10-06 00:00:00-04:00,42.0,44.0,42.0,42.400001525878906,310,0.0,0.0
2023-10-09 00:00:00-04:00,42.400001525878906,44.400001525878906,41.599998474121094,41.599998474121094,638,0.0,0.0
2023-10-10 00:00:00-04:00,41.599998474121094,42.79999923706055,40.0,42.400001525878906,405,0.0,0.0
2023-10-11 00:00:00-04:00,42.0,43.599998474121094,40.0,40.0,875,0.0,0.0
2023-10-12 00:00:00-04:00,40.79999923706055,42.0,40.400001525878906,40.400001525878906,475,0.0,0.0
2023-10-13 00:00:00-04:00,40.400001525878906,41.599998474121094,40.400001525878906,40.79999923706055,263,0.0,0.0
2023-10-16 00:00:00-04:00,40.400001525878906,42.400001525878906,40.400001525878906,41.599998474121094,468,0.0,0.0
2023-10-17 00:00:00-04:00,41.599998474121094,42.400001525878906,41.20000076293945,41.20000076293945,288,0.0,0.0
2023-10-18 00:00:00-04:00,42.400001525878906,42.400001525878906,40.0,40.400001525878906,438,0.0,0.0
2023-10-19 00:00:00-04:00,40.400001525878906,41.20000076293945,40.0,40.400001525878906,520,0.0,0.0
2023-10-20 00:00:00-04:00,40.0,41.599998474121094,36.79999923706055,38.400001525878906,915,0.0,0.0
2023-10-23 00:00:00-04:00,36.79999923706055,39.599998474121094,36.400001525878906,37.599998474121094,2568,0.0,0.0
2023-10-24 00:00:00-04:00,42.400001525878906,44.79999923706055,40.0,42.79999923706055,2870,0.0,0.0
2023-10-25 00:00:00-04:00,44.400001525878906,44.400001525878906,42.0,43.20000076293945,1660,0.0,0.0
2023-10-26 00:00:00-04:00,42.0,42.0,36.0,36.79999923706055,2438,0.0,0.0
2023-10-27 00:00:00-04:00,36.79999923706055,38.79999923706055,32.400001525878906,32.79999923706055,2278,0.0,0.0
2023-10-30 00:00:00-04:00,32.79999923706055,34.79999923706055,32.400001525878906,33.599998474121094,973,0.0,0.0
2023-10-31 00:00:00-04:00,32.400001525878906,34.0,28.399999618530273,29.600000381469727,1693,0.0,0.0
2023-11-01 00:00:00-04:00,32.0,33.20000076293945,30.0,30.0,828,0.0,0.0
2023-11-02 00:00:00-04:00,30.0,31.600000381469727,30.0,31.600000381469727,865,0.0,0.0
2023-11-03 00:00:00-04:00,31.600000381469727,32.79999923706055,31.600000381469727,32.400001525878906,315,0.0,0.0
2023-11-06 00:00:00-05:00,34.0,34.0,29.600000381469727,29.600000381469727,765,0.0,0.0
2023-11-07 00:00:00-05:00,33.20000076293945,33.20000076293945,30.0,30.399999618530273,710,0.0,0.0
2023-11-08 00:00:00-05:00,32.79999923706055,32.79999923706055,30.799999237060547,32.0,300,0.0,0.0
2023-11-09 00:00:00-05:00,33.20000076293945,34.400001525878906,31.200000762939453,32.400001525878906,1238,0.0,0.0
2023-11-10 00:00:00-05:00,31.600000381469727,31.600000381469727,28.399999618530273,30.0,1580,0.0,0.0
2023-11-13 00:00:00-05:00,30.0,30.0,27.200000762939453,29.200000762939453,1020,0.0,0.0
2023-11-14 00:00:00-05:00,29.200000762939453,30.799999237060547,27.600000381469727,28.0,903,0.0,0.0
2023-11-15 00:00:00-05:00,28.399999618530273,30.0,27.200000762939453,28.0,1835,0.0,0.0
2023-11-16 00:00:00-05:00,29.200000762939453,29.200000762939453,27.200000762939453,29.200000762939453,830,0.0,0.0
2023-11-17 00:00:00-05:00,28.799999237060547,29.600000381469727,28.0,29.600000381469727,258,0.0,0.0
2023-11-20 00:00:00-05:00,29.600000381469727,29.600000381469727,28.0,29.200000762939453,745,0.0,0.0
2023-11-21 00:00:00-05:00,28.0,30.0,28.0,30.0,675,0.0,0.0
2023-11-22 00:00:00-05:00,30.0,30.799999237060547,28.0,30.0,735,0.0,0.0
2023-11-24 00:00:00-05:00,28.0,30.799999237060547,28.0,30.399999618530273,620,0.0,0.0
2023-11-27 00:00:00-05:00,30.399999618530273,30.399999618530273,28.0,29.200000762939453,535,0.0,0.0
2023-11-28 00:00:00-05:00,29.600000381469727,30.0,28.399999618530273,29.600000381469727,193,0.0,0.0
2023-11-29 00:00:00-05:00,30.0,30.399999618530273,29.600000381469727,30.0,473,0.0,0.0
2023-11-30 00:00:00-05:00,28.799999237060547,30.399999618530273,28.399999618530273,29.200000762939453,348,0.0,0.0
2023-12-01 00:00:00-05:00,30.0,32.0,29.200000762939453,31.200000762939453,1603,0.0,0.0
2023-12-04 00:00:00-05:00,33.20000076293945,36.0,32.79999923706055,34.79999923706055,3383,0.0,0.0
2023-12-05 00:00:00-05:00,33.599998474121094,38.400001525878906,33.599998474121094,36.79999923706055,2355,0.0,0.0
2023-12-06 00:00:00-05:00,42.79999923706055,45.599998474121094,40.0,43.599998474121094,4075,0.0,0.0
2023-12-07 00:00:00-05:00,40.79999923706055,42.400001525878906,36.79999923706055,38.400001525878906,3548,0.0,0.0
2023-12-08 00:00:00-05:00,38.400001525878906,38.400001525878906,35.20000076293945,37.599998474121094,1560,0.0,0.0
2023-12-11 00:00:00-05:00,36.0,36.400001525878906,33.20000076293945,33.599998474121094,1225,0.0,0.0
2023-12-12 00:00:00-05:00,33.599998474121094,36.0,33.20000076293945,34.400001525878906,453,0.0,0.0
2023-12-13 00:00:00-05:00,33.599998474121094,37.599998474121094,33.599998474121094,36.0,1260,0.0,0.0
2023-12-14 00:00:00-05:00,36.79999923706055,40.0,36.79999923706055,38.400001525878906,1103,0.0,0.0
2023-12-15 00:00:00-05:00,38.79999923706055,39.20000076293945,36.79999923706055,37.599998474121094,455,0.0,0.0
2023-12-18 00:00:00-05:00,36.79999923706055,38.0,35.599998474121094,36.79999923706055,1485,0.0,0.0
2023-12-19 00:00:00-05:00,37.20000076293945,38.400001525878906,34.79999923706055,38.0,1730,0.0,0.0
2023-12-20 00:00:00-05:00,38.400001525878906,51.599998474121094,36.79999923706055,44.79999923706055,12120,0.0,0.0
2023-12-21 00:00:00-05:00,48.0,49.599998474121094,42.0,46.0,3638,0.0,0.0
2023-12-22 00:00:00-05:00,45.599998474121094,52.400001525878906,45.599998474121094,49.599998474121094,5948,0.0,0.0
2023-12-26 00:00:00-05:00,49.599998474121094,51.20000076293945,44.0,48.0,4605,0.0,0.0
2023-12-27 00:00:00-05:00,51.20000076293945,67.5999984741211,48.79999923706055,64.0,11560,0.0,0.0
2023-12-28 00:00:00-05:00,64.4000015258789,91.5999984741211,60.400001525878906,81.19999694824219,34853,0.0,0.0
2023-12-29 00:00:00-05:00,84.0,104.0,68.0,73.19999694824219,23220,0.0,0.0
2024-01-02 00:00:00-05:00,82.4000015258789,88.0,74.0,74.80000305175781,6510,0.0,0.0
2024-01-03 00:00:00-05:00,70.4000015258789,74.0,62.79999923706055,72.80000305175781,4340,0.0,0.0
2024-01-04 00:00:00-05:00,70.0,80.0,68.4000015258789,72.80000305175781,4020,0.0,0.0
2024-01-05 00:00:00-05:00,73.19999694824219,76.80000305175781,55.599998474121094,56.79999923706055,9200,0.0,0.0
2024-01-08 00:00:00-05:00,56.0,65.19999694824219,56.0,62.0,5855,0.0,0.0
2024-01-09 00:00:00-05:00,61.20000076293945,61.599998474121094,55.20000076293945,56.400001525878906,1958,0.0,0.0
2024-01-10 00:00:00-05:00,56.0,58.79999923706055,51.20000076293945,53.20000076293945,4785,0.0,0.0
2024-01-11 00:00:00-05:00,59.20000076293945,66.80000305175781,49.599998474121094,51.599998474121094,14838,0.0,0.0
2024-01-12 00:00:00-05:00,43.20000076293945,44.0,37.599998474121094,40.79999923706055,9383,0.0,0.0
2024-01-16 00:00:00-05:00,40.0,40.0,38.0,38.79999923706055,1843,0.0,0.0
2024-01-17 00:00:00-05:00,39.20000076293945,39.20000076293945,32.400001525878906,34.0,4125,0.0,0.0
2024-01-18 00:00:00-05:00,36.400001525878906,38.0,34.0,36.0,2383,0.0,0.0
2024-01-19 00:00:00-05:00,37.20000076293945,39.20000076293945,36.0,36.79999923706055,958,0.0,0.0
2024-01-22 00:00:00-05:00,36.0,38.0,34.79999923706055,35.599998474121094,2305,0.0,0.0
2024-01-23 00:00:00-05:00,34.79999923706055,37.20000076293945,34.79999923706055,36.0,928,0.0,0.0
2024-01-24 00:00:00-05:00,36.400001525878906,37.20000076293945,34.400001525878906,36.79999923706055,3128,0.0,0.0
2024-01-25 00:00:00-05:00,36.79999923706055,36.79999923706055,34.400001525878906,34.79999923706055,985,0.0,0.0
2024-01-26 00:00:00-05:00,34.79999923706055,39.599998474121094,34.79999923706055,38.0,2788,0.0,0.0
2024-01-29 00:00:00-05:00,39.599998474121094,46.0,39.599998474121094,44.0,4205,0.0,0.0
2024-01-30 00:00:00-05:00,46.0,46.79999923706055,40.0,41.20000076293945,2045,0.0,0.0
2024-01-31 00:00:00-05:00,42.0,43.599998474121094,41.20000076293945,42.0,1140,0.0,0.0
2024-02-01 00:00:00-05:00,42.79999923706055,44.79999923706055,38.0,39.599998474121094,3473,0.0,0.0
2024-02-02 00:00:00-05:00,38.0,41.20000076293945,38.0,40.400001525878906,1030,0.0,0.0
2024-02-05 00:00:00-05:00,42.0,42.0,38.400001525878906,39.599998474121094,868,0.0,0.0
2024-02-06 00:00:00-05:00,39.599998474121094,41.20000076293945,39.599998474121094,39.599998474121094,658,0.0,0.0
2024-02-07 00:00:00-05:00,39.20000076293945,43.20000076293945,39.20000076293945,41.20000076293945,1295,0.0,0.0
2024-02-08 00:00:00-05:00,45.20000076293945,46.400001525878906,42.79999923706055,46.0,2423,0.0,0.0
2024-02-09 00:00:00-05:00,45.599998474121094,51.20000076293945,45.599998474121094,47.20000076293945,2658,0.0,0.0
2024-02-12 00:00:00-05:00,47.20000076293945,55.20000076293945,46.0,53.20000076293945,4015,0.0,0.0
2024-02-13 00:00:00-05:00,52.0,52.0,46.79999923706055,48.79999923706055,2485,0.0,0.0
2024-02-14 00:00:00-05:00,48.400001525878906,54.400001525878906,48.400001525878906,52.79999923706055,5668,0.0,0.0
2024-02-15 00:00:00-05:00,53.599998474121094,54.79999923706055,48.400001525878906,49.20000076293945,2015,0.0,0.0
2024-02-16 00:00:00-05:00,50.400001525878906,52.0,47.20000076293945,48.79999923706055,1783,0.0,0.0
2024-02-20 00:00:00-05:00,48.79999923706055,48.79999923706055,42.79999923706055,45.599998474121094,2365,0.0,0.0
2024-02-21 00:00:00-05:00,45.599998474121094,45.599998474121094,42.400001525878906,43.599998474121094,2775,0.0,0.0
2024-02-22 00:00:00-05:00,46.0,46.0,42.0,42.79999923706055,1655,0.0,0.0
2024-02-23 00:00:00-05:00,42.0,42.79999923706055,40.79999923706055,40.79999923706055,1043,0.0,0.0
2024-02-26 00:00:00-05:00,44.400001525878906,47.599998474121094,40.79999923706055,46.79999923706055,3445,0.0,0.0
2024-02-27 00:00:00-05:00,48.79999923706055,51.20000076293945,44.0,46.0,4138,0.0,0.0
2024-02-28 00:00:00-05:00,48.400001525878906,50.400001525878906,42.79999923706055,44.400001525878906,5093,0.0,0.0
2024-02-29 00:00:00-05:00,44.400001525878906,47.20000076293945,42.0,44.0,2033,0.0,0.0
2024-03-01 00:00:00-05:00,43.599998474121094,45.599998474121094,42.400001525878906,44.0,1673,0.0,0.0
2024-03-04 00:00:00-05:00,44.400001525878906,46.400001525878906,40.79999923706055,42.79999923706055,3355,0.0,0.0
2024-03-05 00:00:00-05:00,40.0,42.79999923706055,38.400001525878906,40.0,3558,0.0,0.0
2024-03-06 00:00:00-05:00,39.20000076293945,41.599998474121094,39.20000076293945,40.0,1458,0.0,0.0
2024-03-07 00:00:00-05:00,38.79999923706055,40.400001525878906,38.79999923706055,39.599998474121094,1728,0.0,0.0
2024-03-08 00:00:00-05:00,40.0,42.79999923706055,38.400001525878906,39.599998474121094,2468,0.0,0.0
2024-03-11 00:00:00-04:00,40.0,41.599998474121094,38.400001525878906,38.400001525878906,2233,0.0,0.0
2024-03-12 00:00:00-04:00,40.0,42.0,38.79999923706055,40.79999923706055,3910,0.0,0.0
2024-03-13 00:00:00-04:00,43.599998474121094,44.79999923706055,40.79999923706055,44.0,3845,0.0,0.0
2024-03-14 00:00:00-04:00,43.599998474121094,45.599998474121094,38.400001525878906,44.400001525878906,12768,0.0,0.0
2024-03-15 00:00:00-04:00,44.400001525878906,48.400001525878906,41.599998474121094,48.0,8128,0.0,0.0
2024-03-18 00:00:00-04:00,36.0,48.0,36.0,42.400001525878906,10223,0.0,0.0
2024-03-19 00:00:00-04:00,41.20000076293945,42.0,39.20000076293945,40.400001525878906,1593,0.0,0.0
2024-03-20 00:00:00-04:00,40.400001525878906,44.0,39.599998474121094,40.400001525878906,10938,0.0,0.0
2024-03-21 00:00:00-04:00,41.599998474121094,41.599998474121094,40.400001525878906,40.79999923706055,413,0.0,0.0
2024-03-22 00:00:00-04:00,40.400001525878906,40.79999923706055,40.0,40.400001525878906,853,0.0,0.0
2024-03-25 00:00:00-04:00,40.400001525878906,41.599998474121094,40.0,40.79999923706055,1168,0.0,0.0
2024-03-26 00:00:00-04:00,42.400001525878906,42.79999923706055,38.79999923706055,38.79999923706055,3863,0.0,0.0
2024-03-27 00:00:00-04:00,38.79999923706055,41.599998474121094,38.79999923706055,39.599998474121094,1630,0.0,0.0
2024-03-28 00:00:00-04:00,39.599998474121094,41.599998474121094,39.599998474121094,40.0,2440,0.0,0.0
2024-04-01 00:00:00-04:00,40.79999923706055,40.79999923706055,39.20000076293945,40.0,495,0.0,0.0
2024-04-02 00:00:00-04:00,38.400001525878906,38.400001525878906,36.400001525878906,38.0,1845,0.0,0.0
2024-04-03 00:00:00-04:00,37.599998474121094,38.0,34.400001525878906,35.20000076293945,2943,0.0,0.0
2024-04-04 00:00:00-04:00,37.20000076293945,38.0,35.20000076293945,35.20000076293945,1030,0.0,0.0
2024-04-05 00:00:00-04:00,36.0,38.0,34.79999923706055,35.20000076293945,478,0.0,0.0
2024-04-08 00:00:00-04:00,36.0,38.0,35.599998474121094,37.599998474121094,600,0.0,0.0
2024-04-09 00:00:00-04:00,37.599998474121094,38.0,36.79999923706055,36.79999923706055,618,0.0,0.0
2024-04-10 00:00:00-04:00,37.599998474121094,37.599998474121094,36.0,37.20000076293945,463,0.0,0.0
2024-04-11 00:00:00-04:00,36.79999923706055,38.0,33.20000076293945,36.0,2943,0.0,0.0
2024-04-12 00:00:00-04:00,35.599998474121094,36.0,34.0,34.400001525878906,720,0.0,0.0
2024-04-15 00:00:00-04:00,34.79999923706055,35.20000076293945,33.20000076293945,33.20000076293945,423,0.0,0.0
2024-04-16 00:00:00-04:00,33.599998474121094,35.20000076293945,33.20000076293945,33.20000076293945,520,0.0,0.0
2024-04-17 00:00:00-04:00,33.20000076293945,37.20000076293945,33.20000076293945,35.20000076293945,2708,0.0,0.0
2024-04-18 00:00:00-04:00,36.0,37.20000076293945,34.400001525878906,35.599998474121094,945,0.0,0.0
2024-04-19 00:00:00-04:00,36.79999923706055,36.79999923706055,33.599998474121094,34.400001525878906,593,0.0,0.0
2024-04-22 00:00:00-04:00,34.0,34.400001525878906,32.79999923706055,34.0,418,0.0,0.0
2024-04-23 00:00:00-04:00,32.79999923706055,36.0,32.79999923706055,33.599998474121094,533,0.0,0.0
2024-04-24 00:00:00-04:00,34.400001525878906,35.599998474121094,33.599998474121094,34.400001525878906,368,0.0,0.0
2024-04-25 00:00:00-04:00,34.400001525878906,34.400001525878906,33.20000076293945,33.599998474121094,360,0.0,0.0
2024-04-26 00:00:00-04:00,36.0,36.0,34.0,35.599998474121094,830,0.0,0.0
2024-04-29 00:00:00-04:00,33.599998474121094,35.599998474121094,33.599998474121094,34.0,740,0.0,0.0
2024-04-30 00:00:00-04:00,33.599998474121094,35.599998474121094,33.599998474121094,34.79999923706055,570,0.0,0.0
2024-05-01 00:00:00-04:00,35.20000076293945,35.599998474121094,34.0,34.0,268,0.0,0.0
2024-05-02 00:00:00-04:00,34.0,35.20000076293945,32.0,32.79999923706055,1938,0.0,0.0
2024-05-03 00:00:00-04:00,34.79999923706055,34.79999923706055,32.79999923706055,34.0,363,0.0,0.0
2024-05-06 00:00:00-04:00,34.0,36.0,33.20000076293945,33.599998474121094,1553,0.0,0.0
2024-05-07 00:00:00-04:00,35.20000076293945,35.20000076293945,32.400001525878906,34.0,855,0.0,0.0
2024-05-08 00:00:00-04:00,32.79999923706055,34.0,32.400001525878906,33.599998474121094,538,0.0,0.0
2024-05-09 00:00:00-04:00,33.599998474121094,34.79999923706055,32.400001525878906,32.400001525878906,1025,0.0,0.0
2024-05-10 00:00:00-04:00,33.20000076293945,33.20000076293945,30.399999618530273,31.200000762939453,4070,0.0,0.0
2024-05-13 00:00:00-04:00,32.79999923706055,34.400001525878906,30.399999618530273,31.600000381469727,2713,0.0,0.0
2024-05-14 00:00:00-04:00,33.599998474121094,33.599998474121094,31.200000762939453,32.400001525878906,2080,0.0,0.0
2024-05-15 00:00:00-04:00,31.600000381469727,32.79999923706055,31.600000381469727,32.400001525878906,1193,0.0,0.0
2024-05-16 00:00:00-04:00,32.79999923706055,32.79999923706055,31.200000762939453,32.400001525878906,640,0.0,0.0
2024-05-17 00:00:00-04:00,32.79999923706055,32.79999923706055,32.0,32.0,598,0.0,0.0
2024-05-20 00:00:00-04:00,32.0,33.599998474121094,31.200000762939453,33.599998474121094,1048,0.0,0.0
2024-05-21 00:00:00-04:00,33.599998474121094,33.599998474121094,32.0,32.400001525878906,478,0.0,0.0
2024-05-22 00:00:00-04:00,33.599998474121094,33.599998474121094,32.0,33.20000076293945,858,0.0,0.0
2024-05-23 00:00:00-04:00,32.79999923706055,33.20000076293945,32.0,32.400001525878906,363,0.0,0.0
2024-05-24 00:00:00-04:00,32.400001525878906,32.79999923706055,31.600000381469727,32.400001525878906,870,0.0,0.0
2024-05-28 00:00:00-04:00,32.79999923706055,32.79999923706055,32.400001525878906,32.79999923706055,418,0.0,0.0
2024-05-29 00:00:00-04:00,32.79999923706055,32.79999923706055,31.200000762939453,32.0,415,0.0,0.0
2024-05-30 00:00:00-04:00,31.200000762939453,31.600000381469727,30.0,30.399999618530273,1025,0.0,0.0
2024-05-31 00:00:00-04:00,30.799999237060547,32.400001525878906,30.799999237060547,32.0,1360,0.0,0.0
2024-06-03 00:00:00-04:00,32.400001525878906,32.79999923706055,30.0,31.200000762939453,833,0.0,0.0
2024-06-04 00:00:00-04:00,30.799999237060547,31.200000762939453,30.0,30.799999237060547,1408,0.0,0.0
2024-06-05 00:00:00-04:00,30.399999618530273,31.200000762939453,30.0,31.200000762939453,508,0.0,0.0
2024-06-06 00:00:00-04:00,30.799999237060547,30.799999237060547,29.600000381469727,30.0,1315,0.0,0.0
2024-06-07 00:00:00-04:00,29.600000381469727,30.799999237060547,28.799999237060547,28.799999237060547,873,0.0,0.0
2024-06-10 00:00:00-04:00,30.0,31.200000762939453,28.0,29.600000381469727,1690,0.0,0.0
2024-06-11 00:00:00-04:00,29.600000381469727,29.600000381469727,28.0,29.600000381469727,625,0.0,0.0
2024-06-12 00:00:00-04:00,29.200000762939453,30.399999618530273,27.600000381469727,28.799999237060547,1920,0.0,0.0
2024-06-13 00:00:00-04:00,28.0,28.0,27.600000381469727,27.600000381469727,615,0.0,0.0
2024-06-14 00:00:00-04:00,28.0,28.0,26.399999618530273,27.200000762939453,458,0.0,0.0
2024-06-17 00:00:00-04:00,26.0,27.200000762939453,22.0,23.600000381469727,3458,0.0,0.0
2024-06-18 00:00:00-04:00,23.600000381469727,24.0,22.0,22.799999237060547,2330,0.0,0.0
2024-06-20 00:00:00-04:00,23.200000762939453,24.0,22.399999618530273,22.799999237060547,1178,0.0,0.0
2024-06-21 00:00:00-04:00,22.0,23.600000381469727,22.0,22.799999237060547,563,0.0,0.0
2024-06-24 00:00:00-04:00,23.600000381469727,23.600000381469727,22.0,22.399999618530273,1065,0.0,0.0
2024-06-25 00:00:00-04:00,22.399999618530273,23.600000381469727,21.200000762939453,22.0,2548,0.0,0.0
2024-06-26 00:00:00-04:00,22.0,22.399999618530273,18.0,19.200000762939453,4988,0.0,0.0
2024-06-27 00:00:00-04:00,22.0,22.399999618530273,18.399999618530273,19.600000381469727,3795,0.0,0.0
2024-06-28 00:00:00-04:00,20.399999618530273,21.600000381469727,16.399999618530273,19.200000762939453,6583,0.0,0.0
2024-07-01 00:00:00-04:00,19.200000762939453,20.0,18.0,18.399999618530273,1730,0.0,0.0
2024-07-02 00:00:00-04:00,18.0,19.200000762939453,17.600000381469727,19.200000762939453,1943,0.0,0.0
2024-07-03 00:00:00-04:00,19.200000762939453,19.200000762939453,18.0,18.0,1990,0.0,0.0
2024-07-05 00:00:00-04:00,18.799999237060547,21.600000381469727,18.399999618530273,20.0,1565,0.0,0.0
2024-07-08 00:00:00-04:00,20.0,21.200000762939453,18.799999237060547,19.200000762939453,2343,0.0,0.0
2024-07-09 00:00:00-04:00,18.799999237060547,20.0,18.799999237060547,18.799999237060547,1090,0.0,0.0
2024-07-10 00:00:00-04:00,20.399999618530273,21.600000381469727,16.799999237060547,17.200000762939453,10970,0.0,0.0
2024-07-11 00:00:00-04:00,16.799999237060547,18.0,16.799999237060547,16.799999237060547,8235,0.0,0.0
2024-07-12 00:00:00-04:00,17.200000762939453,18.0,16.0,17.600000381469727,9660,0.0,0.0
2024-07-15 00:00:00-04:00,18.0,18.399999618530273,16.799999237060547,17.600000381469727,4398,0.0,0.0
2024-07-16 00:00:00-04:00,17.600000381469727,18.399999618530273,17.200000762939453,18.0,3940,0.0,0.0
2024-07-17 00:00:00-04:00,18.399999618530273,19.200000762939453,18.0,18.799999237060547,3513,0.0,0.0
2024-07-18 00:00:00-04:00,18.799999237060547,19.600000381469727,17.600000381469727,18.0,1435,0.0,0.0
2024-07-19 00:00:00-04:00,19.200000762939453,19.200000762939453,17.600000381469727,18.0,983,0.0,0.0
2024-07-22 00:00:00-04:00,18.799999237060547,18.799999237060547,18.0,18.399999618530273,1795,0.0,0.0
2024-07-23 00:00:00-04:00,18.399999618530273,18.799999237060547,17.600000381469727,18.399999618530273,1098,0.0,0.0
2024-07-24 00:00:00-04:00,18.399999618530273,18.399999618530273,17.600000381469727,17.600000381469727,650,0.0,0.0
2024-07-25 00:00:00-04:00,17.600000381469727,18.399999618530273,17.200000762939453,18.0,1208,0.0,0.0
2024-07-26 00:00:00-04:00,18.0,18.0,17.200000762939453,17.600000381469727,1285,0.0,0.0
2024-07-29 00:00:00-04:00,17.600000381469727,18.799999237060547,17.200000762939453,17.200000762939453,1913,0.0,0.0
2024-07-30 00:00:00-04:00,17.200000762939453,18.0,14.800000190734863,14.800000190734863,6268,0.0,0.0
2024-07-31 00:00:00-04:00,15.199999809265137,16.0,15.199999809265137,15.600000381469727,2233,0.0,0.0
2024-08-01 00:00:00-04:00,15.600000381469727,16.399999618530273,14.0,14.399999618530273,3343,0.0,0.0
2024-08-02 00:00:00-04:00,14.399999618530273,14.399999618530273,12.800000190734863,13.199999809265137,3763,0.0,0.0
2024-08-05 00:00:00-04:00,12.800000190734863,13.199999809265137,12.0,12.399999618530273,5310,0.0,0.0
2024-08-06 00:00:00-04:00,12.800000190734863,13.199999809265137,12.800000190734863,12.800000190734863,1478,0.0,0.0
2024-08-07 00:00:00-04:00,13.600000381469727,14.399999618530273,12.399999618530273,12.800000190734863,2145,0.0,0.0
2024-08-08 00:00:00-04:00,13.600000381469727,13.600000381469727,12.800000190734863,13.199999809265137,433,0.0,0.0
2024-08-09 00:00:00-04:00,14.0,14.399999618530273,12.800000190734863,12.800000190734863,585,0.0,0.0
2024-08-12 00:00:00-04:00,12.399999618530273,12.399999618530273,12.0,12.0,2203,0.0,0.0
2024-08-13 00:00:00-04:00,12.399999618530273,12.399999618530273,11.600000381469727,12.0,1478,0.0,0.0
2024-08-14 00:00:00-04:00,12.0,13.199999809265137,12.0,12.399999618530273,1675,0.0,0.0
2024-08-15 00:00:00-04:00,12.800000190734863,12.800000190734863,12.0,12.0,1295,0.0,0.0
2024-08-16 00:00:00-04:00,12.0,12.800000190734863,11.600000381469727,11.600000381469727,1113,0.0,0.0
2024-08-19 00:00:00-04:00,13.600000381469727,13.600000381469727,11.600000381469727,12.800000190734863,4123,0.0,0.0
2024-08-20 00:00:00-04:00,12.800000190734863,13.199999809265137,12.0,12.800000190734863,3355,0.0,0.0
2024-08-21 00:00:00-04:00,13.600000381469727,14.399999618530273,12.399999618530273,13.199999809265137,1585,0.0,0.0
2024-08-22 00:00:00-04:00,14.0,14.399999618530273,12.399999618530273,12.800000190734863,5950,0.0,0.0
2024-08-23 00:00:00-04:00,14.0,15.199999809265137,13.199999809265137,14.399999618530273,7513,0.0,0.0
2024-08-26 00:00:00-04:00,15.199999809265137,15.600000381469727,14.399999618530273,14.800000190734863,2463,0.0,0.0
2024-08-27 00:00:00-04:00,14.800000190734863,15.199999809265137,14.0,14.0,1143,0.0,0.0
2024-08-28 00:00:00-04:00,14.800000190734863,14.800000190734863,13.199999809265137,13.600000381469727,1170,0.0,0.0
2024-08-29 00:00:00-04:00,13.600000381469727,14.800000190734863,13.199999809265137,14.0,1590,0.0,0.0
2024-08-30 00:00:00-04:00,14.0,14.800000190734863,13.199999809265137,14.0,4208,0.0,0.0
2024-09-03 00:00:00-04:00,13.600000381469727,14.399999618530273,12.399999618530273,12.800000190734863,2130,0.0,0.0
2024-09-04 00:00:00-04:00,12.399999618530273,14.0,12.399999618530273,12.399999618530273,1723,0.0,0.0
2024-09-05 00:00:00-04:00,12.399999618530273,13.600000381469727,12.399999618530273,12.800000190734863,1713,0.0,0.0
2024-09-06 00:00:00-04:00,14.0,14.0,12.0,12.399999618530273,1158,0.0,0.0
2024-09-09 00:00:00-04:00,12.0,12.399999618530273,12.0,12.0,940,0.0,0.0
2024-09-10 00:00:00-04:00,12.0,12.800000190734863,11.600000381469727,11.600000381469727,1300,0.0,0.0
2024-09-11 00:00:00-04:00,11.600000381469727,12.0,11.600000381469727,11.600000381469727,2443,0.0,0.0
2024-09-12 00:00:00-04:00,12.0,12.399999618530273,11.600000381469727,12.0,1030,0.0,0.0
2024-09-13 00:00:00-04:00,12.399999618530273,13.199999809265137,12.0,12.0,1115,0.0,0.0
2024-09-16 00:00:00-04:00,12.800000190734863,13.199999809265137,12.0,12.399999618530273,1103,0.0,0.0
2024-09-17 00:00:00-04:00,12.399999618530273,13.199999809265137,12.0,12.800000190734863,598,0.0,0.0
2024-09-18 00:00:00-04:00,12.800000190734863,12.800000190734863,12.399999618530273,12.399999618530273,500,0.0,0.0
2024-09-19 00:00:00-04:00,12.399999618530273,14.0,12.399999618530273,12.800000190734863,3463,0.0,0.0
2024-09-20 00:00:00-04:00,13.199999809265137,13.600000381469727,12.800000190734863,13.199999809265137,665,0.0,0.0
2024-09-23 00:00:00-04:00,14.0,14.0,12.800000190734863,13.199999809265137,1163,0.0,0.0
2024-09-24 00:00:00-04:00,12.800000190734863,14.399999618530273,12.800000190734863,14.0,1920,0.0,0.0
2024-09-25 00:00:00-04:00,14.800000190734863,14.800000190734863,13.199999809265137,13.600000381469727,3728,0.0,0.0
2024-09-26 00:00:00-04:00,13.199999809265137,16.399999618530273,13.199999809265137,15.600000381469727,10380,0.0,0.0
2024-09-27 00:00:00-04:00,16.0,17.200000762939453,14.399999618530273,15.199999809265137,6893,0.0,0.0
2024-09-30 00:00:00-04:00,16.799999237060547,17.200000762939453,14.399999618530273,15.199999809265137,5815,0.0,0.0
2024-10-01 00:00:00-04:00,15.199999809265137,15.600000381469727,13.199999809265137,14.0,4603,0.0,0.0
2024-10-02 00:00:00-04:00,14.800000190734863,15.199999809265137,14.0,14.800000190734863,4223,0.0,0.0
2024-10-03 00:00:00-04:00,14.399999618530273,14.399999618530273,13.600000381469727,13.600000381469727,1728,0.0,0.0
2024-10-04 00:00:00-04:00,13.600000381469727,14.399999618530273,13.199999809265137,14.0,1933,0.0,0.0
2024-10-07 00:00:00-04:00,14.0,14.800000190734863,13.600000381469727,14.399999618530273,1795,0.0,0.0
2024-10-08 00:00:00-04:00,14.0,14.0,13.199999809265137,13.199999809265137,2540,0.0,0.0
2024-10-09 00:00:00-04:00,12.800000190734863,13.600000381469727,12.399999618530273,12.800000190734863,2450,0.0,0.0
2024-10-10 00:00:00-04:00,13.199999809265137,13.199999809265137,12.399999618530273,12.399999618530273,1885,0.0,0.0
2024-10-11 00:00:00-04:00,12.399999618530273,12.800000190734863,12.0,12.399999618530273,3453,0.0,0.0
2024-10-14 00:00:00-04:00,12.399999618530273,12.800000190734863,12.399999618530273,12.800000190734863,1435,0.0,0.0
2024-10-15 00:00:00-04:00,12.800000190734863,14.0,12.399999618530273,13.199999809265137,3570,0.0,0.0
2024-10-16 00:00:00-04:00,14.0,14.399999618530273,12.800000190734863,14.0,6795,0.0,0.0
2024-10-17 00:00:00-04:00,14.0,14.399999618530273,13.199999809265137,13.199999809265137,1180,0.0,0.0
2024-10-18 00:00:00-04:00,13.199999809265137,14.0,13.199999809265137,13.600000381469727,3110,0.0,0.0
2024-10-21 00:00:00-04:00,14.399999618530273,14.399999618530273,13.199999809265137,13.199999809265137,2810,0.0,0.0
2024-10-22 00:00:00-04:00,14.399999618530273,14.399999618530273,12.800000190734863,12.800000190734863,1035,0.0,0.0
2024-10-23 00:00:00-04:00,12.800000190734863,13.600000381469727,12.0,12.800000190734863,4523,0.0,0.0
2024-10-24 00:00:00-04:00,12.800000190734863,13.199999809265137,12.0,12.399999618530273,2025,0.0,0.0
2024-10-25 00:00:00-04:00,12.399999618530273,13.600000381469727,12.399999618530273,12.800000190734863,4128,0.0,0.0
2024-10-28 00:00:00-04:00,13.199999809265137,13.600000381469727,12.0,13.199999809265137,1400,0.0,0.0
2024-10-29 00:00:00-04:00,13.600000381469727,13.600000381469727,12.399999618530273,13.600000381469727,3345,0.0,0.0
2024-10-30 00:00:00-04:00,13.600000381469727,13.600000381469727,12.399999618530273,13.199999809265137,1910,0.0,0.0
2024-10-31 00:00:00-04:00,13.199999809265137,13.199999809265137,12.399999618530273,12.399999618530273,1853,0.0,0.0
2024-11-01 00:00:00-04:00,12.399999618530273,12.800000190734863,12.399999618530273,12.399999618530273,1703,0.0,0.0
2024-11-04 00:00:00-05:00,12.399999618530273,13.600000381469727,12.399999618530273,12.399999618530273,2005,0.0,0.0
2024-11-05 00:00:00-05:00,13.199999809265137,13.199999809265137,12.399999618530273,12.399999618530273,1948,0.0,0.0
2024-11-06 00:00:00-05:00,12.800000190734863,13.199999809265137,12.399999618530273,12.800000190734863,3645,0.0,0.0
2024-11-07 00:00:00-05:00,12.800000190734863,13.199999809265137,12.399999618530273,12.800000190734863,2748,0.0,0.0
2024-11-08 00:00:00-05:00,12.800000190734863,13.199999809265137,12.800000190734863,12.800000190734863,2270,0.0,0.0
2024-11-11 00:00:00-05:00,13.199999809265137,18.0,12.399999618530273,18.0,91888,0.0,0.0
2024-11-12 00:00:00-05:00,18.0,21.200000762939453,16.399999618530273,18.0,42588,0.0,0.0
2024-11-13 00:00:00-05:00,17.600000381469727,22.799999237060547,15.199999809265137,15.600000381469727,52605,0.0,0.0
2024-11-14 00:00:00-05:00,16.399999618530273,17.600000381469727,15.199999809265137,17.200000762939453,15260,0.0,0.0
2024-11-15 00:00:00-05:00,18.0,18.0,16.399999618530273,17.600000381469727,4593,0.0,0.0
2024-11-18 00:00:00-05:00,16.799999237060547,20.0,16.399999618530273,20.0,16883,0.0,0.0
2024-11-19 00:00:00-05:00,20.0,20.0,18.0,19.200000762939453,10840,0.0,0.0
2024-11-20 00:00:00-05:00,19.600000381469727,20.799999237060547,16.799999237060547,17.200000762939453,12033,0.0,0.0
2024-11-21 00:00:00-05:00,18.0,19.600000381469727,16.0,17.600000381469727,6585,0.0,0.0
2024-11-22 00:00:00-05:00,17.600000381469727,17.600000381469727,16.0,16.0,6613,0.0,0.0
2024-11-25 00:00:00-05:00,16.0,17.200000762939453,15.199999809265137,16.0,4643,0.0,0.0
2024-11-26 00:00:00-05:00,16.0,16.799999237060547,15.600000381469727,16.0,2895,0.0,0.0
2024-11-27 00:00:00-05:00,16.0,16.799999237060547,15.199999809265137,16.799999237060547,6788,0.0,0.0
2024-11-29 00:00:00-05:00,16.0,18.399999618530273,16.0,17.200000762939453,7845,0.0,0.0
2024-12-02 00:00:00-05:00,18.0,18.399999618530273,16.399999618530273,16.799999237060547,6610,0.0,0.0
2024-12-03 00:00:00-05:00,16.399999618530273,16.799999237060547,15.199999809265137,15.199999809265137,4868,0.0,0.0
2024-12-04 00:00:00-05:00,16.0,17.200000762939453,15.199999809265137,16.399999618530273,7688,0.0,0.0
2024-12-05 00:00:00-05:00,16.799999237060547,17.200000762939453,14.0,14.800000190734863,9268,0.0,0.0
2024-12-06 00:00:00-05:00,14.399999618530273,16.0,14.399999618530273,15.199999809265137,8263,0.0,0.0
2024-12-09 00:00:00-05:00,16.0,16.0,14.800000190734863,15.199999809265137,8455,0.0,0.0
2024-12-10 00:00:00-05:00,16.0,16.0,13.199999809265137,13.600000381469727,8858,0.0,0.0
2024-12-11 00:00:00-05:00,13.199999809265137,14.0,12.800000190734863,12.800000190734863,11228,0.0,0.0
2024-12-12 00:00:00-05:00,13.600000381469727,14.0,12.0,12.399999618530273,8515,0.0,0.0
2024-12-13 00:00:00-05:00,12.800000190734863,13.600000381469727,10.399999618530273,11.199999809265137,13135,0.0,0.0
2024-12-16 00:00:00-05:00,11.600000381469727,11.600000381469727,10.800000190734863,10.800000190734863,6633,0.0,0.0
2024-12-17 00:00:00-05:00,10.800000190734863,13.199999809265137,10.399999618530273,11.600000381469727,27325,0.0,0.0
2024-12-18 00:00:00-05:00,13.199999809265137,14.399999618530273,11.600000381469727,12.0,47108,0.0,0.0
2024-12-19 00:00:00-05:00,13.199999809265137,13.199999809265137,10.800000190734863,10.800000190734863,15038,0.0,0.0
2024-12-20 00:00:00-05:00,10.800000190734863,12.800000190734863,10.399999618530273,12.0,17375,0.0,0.0
2024-12-23 00:00:00-05:00,12.399999618530273,12.399999618530273,11.600000381469727,11.600000381469727,3023,0.0,0.0
2024-12-24 00:00:00-05:00,12.0,12.0,11.199999809265137,11.199999809265137,3675,0.0,0.0
2024-12-26 00:00:00-05:00,12.0,12.399999618530273,11.199999809265137,12.0,5923,0.0,0.0
2024-12-27 00:00:00-05:00,12.0,12.800000190734863,11.600000381469727,12.0,7750,0.0,0.0
2024-12-30 00:00:00-05:00,12.399999618530273,12.800000190734863,11.199999809265137,12.800000190734863,19895,0.0,0.0
2024-12-31 00:00:00-05:00,13.199999809265137,13.600000381469727,12.0,12.399999618530273,20985,0.0,0.0
2025-01-02 00:00:00-05:00,12.399999618530273,13.199999809265137,12.0,12.399999618530273,5885,0.0,0.0
2025-01-03 00:00:00-05:00,12.399999618530273,14.800000190734863,12.0,14.0,21818,0.0,0.0
2025-01-06 00:00:00-05:00,14.399999618530273,15.199999809265137,13.600000381469727,14.399999618530273,13650,0.0,0.0
2025-01-07 00:00:00-05:00,14.0,14.399999618530273,12.800000190734863,13.199999809265137,9280,0.0,0.0
2025-01-08 00:00:00-05:00,14.0,14.0,12.0,12.800000190734863,6923,0.0,0.0
2025-01-10 00:00:00-05:00,12.399999618530273,12.800000190734863,11.600000381469727,11.600000381469727,6705,0.0,0.0
2025-01-13 00:00:00-05:00,12.0,12.399999618530273,10.399999618530273,10.800000190734863,10283,0.0,0.0
2025-01-14 00:00:00-05:00,11.199999809265137,12.0,10.800000190734863,12.0,4395,0.0,0.0
2025-01-15 00:00:00-05:00,12.0,12.0,10.800000190734863,11.199999809265137,9248,0.0,0.0
2025-01-16 00:00:00-05:00,11.199999809265137,11.600000381469727,10.800000190734863,11.600000381469727,5015,0.0,0.0
2025-01-17 00:00:00-05:00,11.600000381469727,13.600000381469727,11.199999809265137,13.199999809265137,39073,0.0,0.0
2025-01-21 00:00:00-05:00,12.800000190734863,12.800000190734863,11.199999809265137,11.600000381469727,22715,0.0,0.0
2025-01-22 00:00:00-05:00,11.600000381469727,11.600000381469727,10.800000190734863,10.800000190734863,7160,0.0,0.0
2025-01-23 00:00:00-05:00,11.600000381469727,11.600000381469727,10.399999618530273,10.800000190734863,10273,0.0,0.0
2025-01-24 00:00:00-05:00,10.800000190734863,11.199999809265137,10.800000190734863,11.199999809265137,5038,0.0,0.0
2025-01-27 00:00:00-05:00,11.199999809265137,12.0,11.199999809265137,11.199999809265137,11268,0.0,0.0
2025-01-28 00:00:00-05:00,11.199999809265137,12.0,10.399999618530273,10.800000190734863,10468,0.0,0.0
2025-01-29 00:00:00-05:00,11.199999809265137,11.199999809265137,10.399999618530273,10.399999618530273,4368,0.0,0.0
2025-01-30 00:00:00-05:00,10.800000190734863,11.199999809265137,10.399999618530273,10.399999618530273,7015,0.0,0.0
2025-01-31 00:00:00-05:00,10.800000190734863,10.800000190734863,10.0,10.0,7443,0.0,0.0
2025-02-03 00:00:00-05:00,10.0,10.0,9.199999809265137,10.0,11698,0.0,0.0
2025-02-04 00:00:00-05:00,10.0,10.399999618530273,9.600000381469727,9.600000381469727,3535,0.0,0.0
2025-02-05 00:00:00-05:00,9.600000381469727,10.0,9.600000381469727,10.0,5458,0.0,0.0
2025-02-06 00:00:00-05:00,9.600000381469727,10.399999618530273,9.600000381469727,10.0,5788,0.0,0.0
2025-02-07 00:00:00-05:00,10.399999618530273,10.399999618530273,9.600000381469727,10.0,3328,0.0,0.0
2025-02-10 00:00:00-05:00,10.399999618530273,10.399999618530273,9.600000381469727,9.600000381469727,8183,0.0,0.0
2025-02-11 00:00:00-05:00,10.0,10.0,9.600000381469727,9.600000381469727,4355,0.0,0.0
2025-02-12 00:00:00-05:00,9.600000381469727,10.0,9.600000381469727,9.600000381469727,3538,0.0,0.0
2025-02-13 00:00:00-05:00,10.0,11.199999809265137,9.600000381469727,10.399999618530273,18425,0.0,0.0
2025-02-14 00:00:00-05:00,10.800000190734863,10.800000190734863,10.0,10.0,10938,0.0,0.0
2025-02-18 00:00:00-05:00,10.399999618530273,10.800000190734863,10.0,10.800000190734863,14625,0.0,0.0
2025-02-19 00:00:00-05:00,10.800000190734863,10.800000190734863,10.0,10.0,4440,0.0,0.0
2025-02-20 00:00:00-05:00,11.199999809265137,11.199999809265137,9.600000381469727,10.0,10448,0.0,0.0
2025-02-21 00:00:00-05:00,10.399999618530273,10.399999618530273,9.199999809265137,9.600000381469727,9983,0.0,0.0
2025-02-24 00:00:00-05:00,9.600000381469727,10.0,9.199999809265137,9.199999809265137,6645,0.0,0.0
2025-02-25 00:00:00-05:00,9.199999809265137,9.199999809265137,8.399999618530273,9.199999809265137,11878,0.0,0.0
2025-02-26 00:00:00-05:00,8.800000190734863,9.199999809265137,8.800000190734863,8.800000190734863,5510,0.0,0.0
2025-02-27 00:00:00-05:00,9.199999809265137,9.199999809265137,8.399999618530273,8.399999618530273,5590,0.0,0.0
2025-02-28 00:00:00-05:00,8.399999618530273,8.800000190734863,7.599999904632568,8.0,7760,0.0,0.0
2025-03-03 00:00:00-05:00,15.199999809265137,20.0,8.800000190734863,10.0,5500650,0.0,0.0
2025-03-04 00:00:00-05:00,8.800000190734863,10.399999618530273,8.0,9.600000381469727,130735,0.0,0.0
2025-03-05 00:00:00-05:00,8.800000190734863,10.0,8.800000190734863,9.199999809265137,52335,0.0,0.0
2025-03-06 00:00:00-05:00,8.800000190734863,9.199999809265137,8.399999618530273,8.800000190734863,48583,0.0,0.0
2025-03-07 00:00:00-05:00,9.199999809265137,10.0,8.399999618530273,9.199999809265137,44305,0.0,0.0
2025-03-10 00:00:00-04:00,9.199999809265137,9.199999809265137,8.399999618530273,8.800000190734863,25190,0.0,0.0
2025-03-11 00:00:00-04:00,8.800000190734863,8.800000190734863,8.0,8.800000190734863,25638,0.0,0.0
2025-03-12 00:00:00-04:00,8.399999618530273,8.800000190734863,8.0,8.399999618530273,14888,0.0,0.0
2025-03-13 00:00:00-04:00,8.0,8.0,7.199999809265137,7.599999904632568,22198,0.0,0.0
2025-03-14 00:00:00-04:00,7.599999904632568,8.399999618530273,7.599999904632568,7.599999904632568,28703,0.0,0.0
2025-03-17 00:00:00-04:00,8.399999618530273,8.399999618530273,7.599999904632568,7.599999904632568,10595,0.0,0.0
2025-03-18 00:00:00-04:00,7.599999904632568,8.0,7.199999809265137,7.599999904632568,10230,0.0,0.0
2025-03-19 00:00:00-04:00,8.0,8.0,7.599999904632568,7.599999904632568,6775,0.0,0.0
2025-03-20 00:00:00-04:00,8.0,8.0,7.599999904632568,7.599999904632568,5030,0.0,0.0
2025-03-21 00:00:00-04:00,8.0,8.0,7.599999904632568,7.599999904632568,8838,0.0,0.0
2025-03-24 00:00:00-04:00,8.0,8.0,7.599999904632568,8.0,7823,0.0,0.0
2025-03-25 00:00:00-04:00,8.0,8.0,7.599999904632568,7.599999904632568,5960,0.0,0.0
2025-03-26 00:00:00-04:00,7.599999904632568,8.0,7.599999904632568,7.599999904632568,3455,0.0,0.0
2025-03-27 00:00:00-04:00,7.599999904632568,7.599999904632568,7.199999809265137,7.599999904632568,3645,0.0,0.0
2025-03-28 00:00:00-04:00,7.599999904632568,7.599999904632568,6.800000190734863,6.800000190734863,10493,0.0,0.0
2025-03-31 00:00:00-04:00,6.400000095367432,7.599999904632568,6.400000095367432,6.800000190734863,9098,0.0,0.0
2025-04-01 00:00:00-04:00,6.0,6.800000190734863,6.0,6.400000095367432,10843,0.0,0.0
2025-04-02 00:00:00-04:00,6.0,6.0,5.199999809265137,5.599999904632568,20388,0.0,0.0
2025-04-03 00:00:00-04:00,4.800000190734863,5.199999809265137,4.800000190734863,5.199999809265137,14518,0.0,0.0
2025-04-04 00:00:00-04:00,4.800000190734863,6.71999979019165,4.800000190734863,5.920000076293945,80175,0.0,0.1
2025-04-07 00:00:00-04:00,5.159999847412109,5.519999980926514,4.599999904632568,4.880000114440918,41625,0.0,0.0
2025-04-08 00:00:00-04:00,4.920000076293945,5.519999980926514,4.880000114440918,5.400000095367432,26800,0.0,0.0
2025-04-09 00:00:00-04:00,5.400000095367432,5.760000228881836,4.679999828338623,5.239999771118164,56150,0.0,0.0
2025-04-10 00:00:00-04:00,5.239999771118164,5.559999942779541,5.079999923706055,5.199999809265137,4725,0.0,0.0
2025-04-11 00:00:00-04:00,5.199999809265137,5.440000057220459,4.71999979019165,5.28000020980835,6025,0.0,0.0
2025-04-14 00:00:00-04:00,5.28000020980835,5.960000038146973,5.28000020980835,5.679999828338623,20500,0.0,0.0
2025-04-15 00:00:00-04:00,5.679999828338623,5.840000152587891,5.199999809265137,5.639999866485596,7775,0.0,0.0
2025-04-16 00:00:00-04:00,5.599999904632568,5.599999904632568,5.119999885559082,5.360000133514404,9275,0.0,0.0
2025-04-17 00:00:00-04:00,5.239999771118164,5.599999904632568,5.199999809265137,5.480000019073486,8750,0.0,0.0
2025-04-21 00:00:00-04:00,5.480000019073486,5.599999904632568,5.119999885559082,5.360000133514404,5425,0.0,0.0
2025-04-22 00:00:00-04:00,5.360000133514404,6.360000133514404,5.320000171661377,6.199999809265137,49525,0.0,0.0
2025-04-23 00:00:00-04:00,6.039999961853027,6.360000133514404,5.559999942779541,5.840000152587891,12400,0.0,0.0
2025-04-24 00:00:00-04:00,5.840000152587891,5.960000038146973,5.71999979019165,5.840000152587891,4475,0.0,0.0
2025-04-25 00:00:00-04:00,5.840000152587891,6.320000171661377,5.559999942779541,6.119999885559082,17400,0.0,0.0
2025-04-28 00:00:00-04:00,6.119999885559082,6.559999942779541,5.920000076293945,6.400000095367432,16775,0.0,0.0
2025-04-29 00:00:00-04:00,6.199999809265137,6.440000057220459,5.800000190734863,6.199999809265137,12175,0.0,0.0
2025-04-30 00:00:00-04:00,6.360000133514404,6.360000133514404,5.760000228881836,6.0,8700,0.0,0.0
2025-05-01 00:00:00-04:00,6.039999961853027,6.679999828338623,6.0,6.480000019073486,19575,0.0,0.0
2025-05-02 00:00:00-04:00,6.760000228881836,7.320000171661377,6.199999809265137,6.71999979019165,72925,0.0,0.0
2025-05-05 00:00:00-04:00,6.519999980926514,6.639999866485596,6.039999961853027,6.079999923706055,29275,0.0,0.0
2025-05-06 00:00:00-04:00,6.0,6.0,5.71999979019165,5.840000152587891,24700,0.0,0.0
2025-05-07 00:00:00-04:00,5.840000152587891,6.159999847412109,5.679999828338623,5.960000038146973,12525,0.0,0.0
2025-05-08 00:00:00-04:00,6.0,6.840000152587891,5.760000228881836,6.840000152587891,54850,0.0,0.0
2025-05-09 00:00:00-04:00,6.880000114440918,7.440000057220459,6.360000133514404,7.159999847412109,45400,0.0,0.0
2025-05-12 00:00:00-04:00,7.0,7.199999809265137,6.400000095367432,6.559999942779541,29450,0.0,0.0
2025-05-13 00:00:00-04:00,6.960000038146973,7.0,6.039999961853027,6.28000020980835,344975,0.0,0.0
2025-05-14 00:00:00-04:00,6.71999979019165,6.71999979019165,6.239999771118164,6.400000095367432,30700,0.0,0.0
2025-05-15 00:00:00-04:00,6.239999771118164,6.320000171661377,5.760000228881836,5.760000228881836,15850,0.0,0.0
2025-05-16 00:00:00-04:00,5.800000190734863,6.039999961853027,5.599999904632568,6.0,11250,0.0,0.0
2025-05-19 00:00:00-04:00,6.199999809265137,7.159999847412109,6.0,6.0,20825,0.0,0.0
2025-05-20 00:00:00-04:00,6.639999866485596,6.639999866485596,5.920000076293945,6.199999809265137,11450,0.0,0.0
2025-05-21 00:00:00-04:00,6.159999847412109,6.599999904632568,5.840000152587891,5.920000076293945,47375,0.0,0.0
2025-05-22 00:00:00-04:00,6.0,6.71999979019165,5.920000076293945,6.28000020980835,30400,0.0,0.0
2025-05-23 00:00:00-04:00,6.320000171661377,6.400000095367432,6.0,6.119999885559082,15600,0.0,0.0
2025-05-27 00:00:00-04:00,6.0,6.039999961853027,5.599999904632568,5.599999904632568,37925,0.0,0.0
2025-05-28 00:00:00-04:00,5.880000114440918,6.28000020980835,5.400000095367432,5.639999866485596,24800,0.0,0.0
2025-05-29 00:00:00-04:00,5.639999866485596,5.679999828338623,5.400000095367432,5.679999828338623,6825,0.0,0.0
2025-05-30 00:00:00-04:00,5.559999942779541,5.639999866485596,5.320000171661377,5.559999942779541,15000,0.0,0.0
2025-06-02 00:00:00-04:00,5.559999942779541,5.599999904632568,5.320000171661377,5.440000057220459,13475,0.0,0.0
2025-06-03 00:00:00-04:00,5.400000095367432,5.400000095367432,5.239999771118164,5.360000133514404,9150,0.0,0.0
2025-06-04 00:00:00-04:00,5.360000133514404,5.360000133514404,4.639999866485596,4.639999866485596,18625,0.0,0.0
2025-06-05 00:00:00-04:00,4.71999979019165,4.880000114440918,4.360000133514404,4.400000095367432,30000,0.0,0.0
2025-06-06 00:00:00-04:00,4.400000095367432,4.71999979019165,4.239999771118164,4.679999828338623,13125,0.0,0.0
2025-06-09 00:00:00-04:00,4.480000019073486,4.800000190734863,4.400000095367432,4.599999904632568,11900,0.0,0.0
2025-06-10 00:00:00-04:00,4.519999980926514,4.840000152587891,4.440000057220459,4.800000190734863,6000,0.0,0.0
2025-06-11 00:00:00-04:00,4.760000228881836,5.0,4.559999942779541,4.880000114440918,19900,0.0,0.0
2025-06-12 00:00:00-04:00,4.880000114440918,4.880000114440918,4.639999866485596,4.639999866485596,6200,0.0,0.0
2025-06-13 00:00:00-04:00,4.519999980926514,4.519999980926514,4.320000171661377,4.360000133514404,4975,0.0,0.0
2025-06-16 00:00:00-04:00,4.480000019073486,4.599999904632568,4.400000095367432,4.519999980926514,5825,0.0,0.0
2025-06-17 00:00:00-04:00,4.599999904632568,4.71999979019165,4.199999809265137,4.28000020980835,5950,0.0,0.0
2025-06-18 00:00:00-04:00,4.360000133514404,4.800000190734863,4.360000133514404,4.519999980926514,23600,0.0,0.0
2025-06-20 00:00:00-04:00,4.760000228881836,4.800000190734863,4.079999923706055,4.119999885559082,13950,0.0,0.0
2025-06-23 00:00:00-04:00,4.039999961853027,4.320000171661377,4.039999961853027,4.199999809265137,7725,0.0,0.0
2025-06-24 00:00:00-04:00,4.079999923706055,4.559999942779541,4.079999923706055,4.519999980926514,6125,0.0,0.0
2025-06-25 00:00:00-04:00,4.639999866485596,4.639999866485596,4.039999961853027,4.320000171661377,11875,0.0,0.0
2025-06-26 00:00:00-04:00,4.28000020980835,4.360000133514404,4.079999923706055,4.320000171661377,14225,0.0,0.0
2025-06-27 00:00:00-04:00,4.28000020980835,4.599999904632568,4.239999771118164,4.519999980926514,5425,0.0,0.0
2025-06-30 00:00:00-04:00,4.840000152587891,4.840000152587891,4.480000019073486,4.760000228881836,10025,0.0,0.0
2025-07-01 00:00:00-04:00,4.599999904632568,5.0,4.599999904632568,4.840000152587891,9550,0.0,0.0
2025-07-02 00:00:00-04:00,4.800000190734863,5.0,4.679999828338623,4.960000038146973,5825,0.0,0.0
2025-07-03 00:00:00-04:00,4.880000114440918,5.159999847412109,4.639999866485596,5.159999847412109,8525,0.0,0.0
2025-07-07 00:00:00-04:00,5.119999885559082,5.159999847412109,4.960000038146973,5.119999885559082,7000,0.0,0.0
2025-07-08 00:00:00-04:00,5.119999885559082,5.960000038146973,5.119999885559082,5.800000190734863,50175,0.0,0.0
2025-07-09 00:00:00-04:00,5.880000114440918,6.0,5.400000095367432,5.599999904632568,16800,0.0,0.0
2025-07-10 00:00:00-04:00,5.639999866485596,6.320000171661377,5.440000057220459,6.039999961853027,38475,0.0,0.0
2025-07-11 00:00:00-04:00,9.319999694824219,16.1200008392334,8.720000267028809,15.760000228881836,24147025,0.0,0.0
2025-07-14 00:00:00-04:00,12.0,13.4399995803833,9.4399995803833,10.399999618530273,580850,0.0,0.0
2025-07-15 00:00:00-04:00,11.199999809265137,13.800000190734863,10.199999809265137,10.479999542236328,858800,0.0,0.0
2025-07-16 00:00:00-04:00,10.720000267028809,10.760000228881836,9.0,9.0,133650,0.0,0.0
2025-07-17 00:00:00-04:00,9.199999809265137,10.239999771118164,9.199999809265137,9.960000038146973,128275,0.0,0.0
2025-07-18 00:00:00-04:00,10.479999542236328,10.760000228881836,9.960000038146973,10.399999618530273,49250,0.0,0.0
2025-07-21 00:00:00-04:00,10.5600004196167,11.920000076293945,10.079999923706055,11.079999923706055,70900,0.0,0.0
2025-07-22 00:00:00-04:00,11.279999732971191,11.520000457763672,10.119999885559082,11.15999984741211,32750,0.0,0.0
2025-07-23 00:00:00-04:00,11.039999961853027,11.119999885559082,10.399999618530273,10.960000038146973,19725,0.0,0.0
2025-07-24 00:00:00-04:00,10.800000190734863,10.920000076293945,9.399999618530273,10.640000343322754,20325,0.0,0.0
2025-07-25 00:00:00-04:00,10.640000343322754,10.640000343322754,9.4399995803833,10.0,13300,0.0,0.0
2025-07-28 00:00:00-04:00,10.199999809265137,10.359999656677246,10.199999809265137,10.199999809265137,10050,0.0,0.0
2025-07-29 00:00:00-04:00,9.640000343322754,9.720000267028809,8.600000381469727,8.640000343322754,13875,0.0,0.0
2025-07-30 00:00:00-04:00,8.640000343322754,9.640000343322754,8.0,8.760000228881836,27475,0.0,0.0
2025-07-31 00:00:00-04:00,8.640000343322754,9.239999771118164,8.399999618530273,8.399999618530273,4300,0.0,0.0
2025-08-01 00:00:00-04:00,8.880000114440918,8.880000114440918,8.039999961853027,8.079999923706055,16100,0.0,0.0
2025-08-04 00:00:00-04:00,7.920000076293945,8.84000015258789,7.440000057220459,8.720000267028809,176675,0.0,0.0
2025-08-05 00:00:00-04:00,9.0,9.319999694824219,7.559999942779541,8.479999542236328,43725,0.0,0.0
2025-08-06 00:00:00-04:00,8.239999771118164,8.479999542236328,7.679999828338623,8.4399995803833,13500,0.0,0.0
2025-08-07 00:00:00-04:00,8.199999809265137,8.319999694824219,7.840000152587891,8.0,8225,0.0,0.0
2025-08-08 00:00:00-04:00,7.920000076293945,8.199999809265137,7.559999942779541,7.559999942779541,8225,0.0,0.0
2025-08-11 00:00:00-04:00,7.239999771118164,7.519999980926514,6.079999923706055,7.079999923706055,205875,0.0,0.0
2025-08-12 00:00:00-04:00,7.039999961853027,7.079999923706055,6.760000228881836,7.0,12000,0.0,0.0
2025-08-13 00:00:00-04:00,7.159999847412109,7.840000152587891,6.880000114440918,7.239999771118164,60900,0.0,0.0
2025-08-14 00:00:00-04:00,7.119999885559082,7.440000057220459,6.960000038146973,7.079999923706055,8100,0.0,0.0
2025-08-15 00:00:00-04:00,7.400000095367432,7.71999979019165,7.039999961853027,7.559999942779541,10200,0.0,0.0
2025-08-18 00:00:00-04:00,7.71999979019165,7.760000228881836,7.320000171661377,7.320000171661377,10350,0.0,0.0
2025-08-19 00:00:00-04:00,7.679999828338623,7.679999828338623,7.0,7.320000171661377,42125,0.0,0.0
2025-08-20 00:00:00-04:00,7.199999809265137,7.639999866485596,7.039999961853027,7.239999771118164,14400,0.0,0.0
2025-08-21 00:00:00-04:00,7.199999809265137,8.039999961853027,7.119999885559082,7.920000076293945,10725,0.0,0.0
2025-08-22 00:00:00-04:00,8.119999885559082,8.920000076293945,7.800000190734863,8.800000190734863,25200,0.0,0.0
2025-08-25 00:00:00-04:00,8.680000305175781,9.319999694824219,8.5600004196167,9.039999961853027,12700,0.0,0.0
2025-08-26 00:00:00-04:00,8.920000076293945,9.039999961853027,8.5600004196167,8.84000015258789,5600,0.0,0.0
2025-08-27 00:00:00-04:00,9.039999961853027,9.279999732971191,8.319999694824219,9.119999885559082,14475,0.0,0.0
2025-08-28 00:00:00-04:00,9.119999885559082,9.119999885559082,8.680000305175781,9.0,4900,0.0,0.0
2025-08-29 00:00:00-04:00,8.800000190734863,9.079999923706055,8.600000381469727,8.880000114440918,4325,0.0,0.0
2025-09-02 00:00:00-04:00,9.0,9.0,8.279999732971191,8.399999618530273,12175,0.0,0.0
2025-09-03 00:00:00-04:00,8.5600004196167,8.5600004196167,8.199999809265137,8.399999618530273,4500,0.0,0.0
2025-09-04 00:00:00-04:00,8.079999923706055,8.239999771118164,7.920000076293945,8.239999771118164,7725,0.0,0.0
2025-09-05 00:00:00-04:00,8.239999771118164,8.960000038146973,8.079999923706055,8.960000038146973,10125,0.0,0.0
2025-09-08 00:00:00-04:00,8.960000038146973,9.079999923706055,8.0,8.720000267028809,26050,0.0,0.0
2025-09-09 00:00:00-04:00,8.479999542236328,11.119999885559082,8.239999771118164,10.4399995803833,84725,0.0,0.0
2025-09-10 00:00:00-04:00,9.479999542236328,12.399999618530273,8.84000015258789,10.880000114440918,134850,0.0,0.0
2025-09-11 00:00:00-04:00,11.15999984741211,12.199999809265137,10.199999809265137,10.600000381469727,185825,0.0,0.0
2025-09-12 00:00:00-04:00,10.760000228881836,15.520000457763672,10.399999618530273,12.720000267028809,920100,0.0,0.0
2025-09-15 00:00:00-04:00,12.15999984741211,12.4399995803833,8.760000228881836,9.359999656677246,348975,0.0,0.0
2025-09-16 00:00:00-04:00,9.600000381469727,9.600000381469727,8.079999923706055,9.039999961853027,138700,0.0,0.0
2025-09-17 00:00:00-04:00,8.760000228881836,9.199999809265137,7.28000020980835,8.4399995803833,87650,0.0,0.0
2025-09-18 00:00:00-04:00,8.239999771118164,9.0,8.0,8.760000228881836,41175,0.0,0.0
2025-09-19 00:00:00-04:00,8.4399995803833,8.720000267028809,7.840000152587891,8.199999809265137,69225,0.0,0.0
2025-09-22 00:00:00-04:00,8.15999984741211,8.319999694824219,7.559999942779541,8.199999809265137,61700,0.0,0.0
2025-09-23 00:00:00-04:00,8.199999809265137,9.399999618530273,8.15999984741211,8.479999542236328,141100,0.0,0.0
2025-09-24 00:00:00-04:00,8.920000076293945,8.920000076293945,8.479999542236328,8.5600004196167,15775,0.0,0.0
2025-09-25 00:00:00-04:00,8.279999732971191,8.479999542236328,8.0,8.279999732971191,49850,0.0,0.0
2025-09-26 00:00:00-04:00,8.399999618530273,8.800000190734863,8.15999984741211,8.4399995803833,25750,0.0,0.0
2025-09-29 00:00:00-04:00,8.199999809265137,9.359999656677246,8.199999809265137,8.640000343322754,27000,0.0,0.0
2025-09-30 00:00:00-04:00,8.880000114440918,8.960000038146973,8.319999694824219,8.640000343322754,18825,0.0,0.0
2025-10-01 00:00:00-04:00,8.399999618530273,9.039999961853027,8.0,8.319999694824219,26150,0.0,0.0
2025-10-02 00:00:00-04:00,8.5600004196167,9.0,8.479999542236328,8.920000076293945,20625,0.0,0.0
2025-10-03 00:00:00-04:00,8.84000015258789,9.119999885559082,8.5600004196167,8.760000228881836,15675,0.0,0.0
2025-10-06 00:00:00-04:00,8.640000343322754,9.079999923706055,8.399999618530273,8.520000457763672,23950,0.0,0.0
2025-10-07 00:00:00-04:00,8.680000305175781,9.279999732971191,8.640000343322754,9.279999732971191,63150,0.0,0.0
2025-10-08 00:00:00-04:00,9.279999732971191,9.680000305175781,9.039999961853027,9.399999618530273,47800,0.0,0.0
2025-10-09 00:00:00-04:00,9.5600004196167,9.5600004196167,8.640000343322754,8.960000038146973,21175,0.0,0.0
2025-10-10 00:00:00-04:00,8.960000038146973,9.15999984741211,8.199999809265137,8.359999656677246,28575,0.0,0.0
2025-10-13 00:00:00-04:00,8.399999618530273,8.960000038146973,8.0,8.479999542236328,14800,0.0,0.0
2025-10-14 00:00:00-04:00,8.359999656677246,8.880000114440918,8.239999771118164,8.84000015258789,11550,0.0,0.0
2025-10-15 00:00:00-04:00,8.800000190734863,8.920000076293945,8.640000343322754,8.84000015258789,22500,0.0,0.0
2025-10-16 00:00:00-04:00,8.800000190734863,9.479999542236328,8.399999618530273,8.479999542236328,18775,0.0,0.0
2025-10-17 00:00:00-04:00,8.199999809265137,8.640000343322754,8.039999961853027,8.239999771118164,8625,0.0,0.0
2025-10-20 00:00:00-04:00,8.239999771118164,8.920000076293945,8.239999771118164,8.84000015258789,19675,0.0,0.0
2025-10-21 00:00:00-04:00,8.800000190734863,8.960000038146973,8.279999732971191,8.479999542236328,12700,0.0,0.0
2025-10-22 00:00:00-04:00,8.319999694824219,8.640000343322754,8.119999885559082,8.279999732971191,11025,0.0,0.0
2025-10-23 00:00:00-04:00,8.119999885559082,8.319999694824219,7.960000038146973,8.079999923706055,14325,0.0,0.0
2025-10-24 00:00:00-04:00,8.239999771118164,8.600000381469727,8.079999923706055,8.479999542236328,7600,0.0,0.0
2025-10-27 00:00:00-04:00,8.479999542236328,8.640000343322754,8.199999809265137,8.600000381469727,6775,0.0,0.0
2025-10-28 00:00:00-04:00,8.359999656677246,8.880000114440918,8.279999732971191,8.5600004196167,5150,0.0,0.0
2025-10-29 00:00:00-04:00,8.479999542236328,8.479999542236328,8.15999984741211,8.239999771118164,11575,0.0,0.0
2025-10-30 00:00:00-04:00,8.319999694824219,8.319999694824219,7.599999904632568,7.880000114440918,10700,0.0,0.0
2025-10-31 00:00:00-04:00,7.960000038146973,7.960000038146973,7.0,7.28000020980835,37350,0.0,0.0
2025-11-03 00:00:00-05:00,7.440000057220459,7.639999866485596,6.800000190734863,6.920000076293945,8375,0.0,0.0
2025-11-04 00:00:00-05:00,6.760000228881836,7.0,5.28000020980835,5.599999904632568,37000,0.0,0.0
2025-11-05 00:00:00-05:00,5.679999828338623,5.800000190734863,5.400000095367432,5.519999980926514,41900,0.0,0.0
2025-11-06 00:00:00-05:00,5.760000228881836,5.760000228881836,5.0,5.480000019073486,31250,0.0,0.0
2025-11-07 00:00:00-05:00,5.360000133514404,5.599999904632568,5.199999809265137,5.599999904632568,6125,0.0,0.0
2025-11-10 00:00:00-05:00,5.599999904632568,6.079999923706055,5.519999980926514,5.960000038146973,6850,0.0,0.0
2025-11-11 00:00:00-05:00,5.840000152587891,6.039999961853027,5.800000190734863,5.960000038146973,1500,0.0,0.0
2025-11-12 00:00:00-05:00,5.71999979019165,5.960000038146973,5.599999904632568,5.880000114440918,2550,0.0,0.0
2025-11-13 00:00:00-05:00,5.679999828338623,5.679999828338623,5.320000171661377,5.519999980926514,2275,0.0,0.0
2025-11-14 00:00:00-05:00,5.239999771118164,5.480000019073486,5.039999961853027,5.400000095367432,311575,0.0,0.0
2025-11-17 00:00:00-05:00,5.320000171661377,5.320000171661377,4.159999847412109,4.320000171661377,61250,0.0,0.0
2025-11-18 00:00:00-05:00,4.28000020980835,4.679999828338623,4.159999847412109,4.480000019073486,9550,0.0,0.0
2025-11-19 00:00:00-05:00,4.559999942779541,4.559999942779541,4.199999809265137,4.360000133514404,5475,0.0,0.0
2025-11-20 00:00:00-05:00,4.239999771118164,4.800000190734863,4.159999847412109,4.199999809265137,10850,0.0,0.0
2025-11-21 00:00:00-05:00,4.28000020980835,4.440000057220459,4.159999847412109,4.28000020980835,5150,0.0,0.0
2025-11-24 00:00:00-05:00,4.320000171661377,4.599999904632568,4.239999771118164,4.599999904632568,7900,0.0,0.0
2025-11-25 00:00:00-05:00,4.639999866485596,4.880000114440918,4.480000019073486,4.71999979019165,8000,0.0,0.0
2025-11-26 00:00:00-05:00,4.760000228881836,5.119999885559082,4.599999904632568,4.920000076293945,11050,0.0,0.0
2025-11-28 00:00:00-05:00,5.199999809265137,5.199999809265137,4.679999828338623,4.71999979019165,5825,0.0,0.0
2025-12-01 00:00:00-05:00,4.71999979019165,4.71999979019165,4.360000133514404,4.400000095367432,6775,0.0,0.0
2025-12-02 00:00:00-05:00,4.480000019073486,4.760000228881836,4.320000171661377,4.760000228881836,15700,0.0,0.0
2025-12-03 00:00:00-05:00,5.039999961853027,5.039999961853027,4.519999980926514,4.840000152587891,12550,0.0,0.0
2025-12-04 00:00:00-05:00,4.800000190734863,5.199999809265137,4.639999866485596,5.119999885559082,11775,0.0,0.0
2025-12-05 00:00:00-05:00,5.0,5.28000020980835,4.599999904632568,4.880000114440918,11600,0.0,0.0
2025-12-08 00:00:00-05:00,4.800000190734863,5.0,4.400000095367432,4.679999828338623,20300,0.0,0.0
2025-12-09 00:00:00-05:00,4.679999828338623,4.800000190734863,4.480000019073486,4.519999980926514,15600,0.0,0.0
2025-12-10 00:00:00-05:00,4.559999942779541,4.760000228881836,4.519999980926514,4.639999866485596,4650,0.0,0.0
2025-12-11 00:00:00-05:00,4.71999979019165,4.71999979019165,4.480000019073486,4.519999980926514,6475,0.0,0.0
2025-12-12 00:00:00-05:00,4.639999866485596,4.639999866485596,4.320000171661377,4.320000171661377,4500,0.0,0.0
2025-12-15 00:00:00-05:00,4.360000133514404,4.360000133514404,3.799999952316284,4.159999847412109,11975,0.0,0.0
2025-12-16 00:00:00-05:00,4.079999923706055,4.28000020980835,3.880000114440918,3.880000114440918,8950,0.0,0.0
2025-12-17 00:00:00-05:00,3.9600000381469727,4.119999885559082,3.680000066757202,3.759999990463257,54400,0.0,0.0
2025-12-18 00:00:00-05:00,3.759999990463257,3.9200000762939453,3.5199999809265137,3.8399999141693115,10625,0.0,0.0
2025-12-19 00:00:00-05:00,3.7200000286102295,4.0,3.5999999046325684,3.759999990463257,3775,0.0,0.0
2025-12-22 00:00:00-05:00,3.9200000762939453,3.9600000381469727,3.799999952316284,3.9200000762939453,3575,0.0,0.0
2025-12-23 00:00:00-05:00,3.9200000762939453,3.9200000762939453,3.7200000286102295,3.8399999141693115,2550,0.0,0.0
2025-12-24 00:00:00-05:00,3.7200000286102295,3.8399999141693115,3.5999999046325684,3.759999990463257,825,0.0,0.0
2025-12-26 00:00:00-05:00,3.5999999046325684,3.8399999141693115,3.5999999046325684,3.7200000286102295,2225,0.0,0.0
2025-12-29 00:00:00-05:00,3.640000104904175,3.640000104904175,3.359999895095825,3.4000000953674316,9825,0.0,0.0
2025-12-30 00:00:00-05:00,3.2799999713897705,3.359999895095825,3.119999885559082,3.240000009536743,15850,0.0,0.0
2025-12-31 00:00:00-05:00,3.200000047683716,3.240000009536743,3.0799999237060547,3.0799999237060547,9450,0.0,0.0
2026-01-02 00:00:00-05:00,3.200000047683716,3.240000009536743,2.9200000762939453,3.0,13900,0.0,0.0
2026-01-05 00:00:00-05:00,3.200000047683716,3.359999895095825,3.119999885559082,3.319999933242798,16100,0.0,0.0
2026-01-06 00:00:00-05:00,3.319999933242798,3.5999999046325684,3.1600000858306885,3.2799999713897705,13625,0.0,0.0
2026-01-07 00:00:00-05:00,3.2799999713897705,3.4800000190734863,3.2799999713897705,3.2799999713897705,5425,0.0,0.0
2026-01-08 00:00:00-05:00,3.359999895095825,3.359999895095825,2.9200000762939453,3.0,25950,0.0,0.0
2026-01-09 00:00:00-05:00,3.0,3.240000009536743,3.0,3.0,9175,0.0,0.0
2026-01-12 00:00:00-05:00,3.0,3.240000009536743,2.9600000381469727,3.0399999618530273,9425,0.0,0.0
2026-01-13 00:00:00-05:00,3.0799999237060547,3.0799999237060547,2.559999942779541,2.680000066757202,25900,0.0,0.0
2026-01-14 00:00:00-05:00,2.4800000190734863,2.799999952316284,2.240000009536743,2.759999990463257,51725,0.0,0.0
2026-01-15 00:00:00-05:00,2.7200000286102295,3.0399999618530273,2.4800000190734863,2.8399999141693115,29925,0.0,0.0
2026-01-16 00:00:00-05:00,2.8399999141693115,2.8399999141693115,2.680000066757202,2.680000066757202,17275,0.0,0.0
2026-01-20 00:00:00-05:00,2.440000057220459,2.7100000381469727,2.2699999809265137,2.380000114440918,71400,0.0,0.25
2026-01-21 00:00:00-05:00,2.609999895095825,2.680000066757202,1.9600000381469727,2.0899999141693115,236600,0.0,0.0
2026-01-22 00:00:00-05:00,2.0999999046325684,2.3399999141693115,2.049999952316284,2.2799999713897705,54900,0.0,0.0
2026-01-23 00:00:00-05:00,2.2899999618530273,2.5,2.1700000762939453,2.2200000286102295,16100,0.0,0.0
2026-01-26 00:00:00-05:00,2.200000047683716,2.200000047683716,2.069999933242798,2.0999999046325684,19400,0.0,0.0
2026-01-27 00:00:00-05:00,2.0899999141693115,2.2200000286102295,2.069999933242798,2.2100000381469727,17600,0.0,0.0
2026-01-28 00:00:00-05:00,2.2200000286102295,2.25,2.119999885559082,2.2200000286102295,27700,0.0,0.0
2026-01-29 00:00:00-05:00,2.2300000190734863,2.2899999618530273,2.140000104904175,2.180000066757202,16900,0.0,0.0
2026-01-30 00:00:00-05:00,2.109999895095825,2.2899999618530273,2.009999990463257,2.049999952316284,20900,0.0,0.0
2026-02-02 00:00:00-05:00,2.049999952316284,2.109999895095825,1.9500000476837158,2.0399999618530273,9600,0.0,0.0
2026-02-03 00:00:00-05:00,2.0799999237060547,2.1700000762939453,1.809999942779541,1.9199999570846558,123100,0.0,0.0
2026-02-04 00:00:00-05:00,1.8600000143051147,1.8600000143051147,1.5299999713897705,1.6399999856948853,64900,0.0,0.0
2026-02-05 00:00:00-05:00,1.5199999809265137,1.6299999952316284,1.309999942779541,1.4199999570846558,65800,0.0,0.0
2026-02-06 00:00:00-05:00,1.5299999713897705,1.7200000286102295,1.5299999713897705,1.7000000476837158,59600,0.0,0.0
2026-02-09 00:00:00-05:00,1.7000000476837158,1.7000000476837158,1.6100000143051147,1.6299999952316284,26800,0.0,0.0
2026-02-10 00:00:00-05:00,1.6799999475479126,1.7699999809265137,1.659999966621399,1.690000057220459,16000,0.0,0.0
2026-02-11 00:00:00-05:00,1.7000000476837158,1.7100000381469727,1.5499999523162842,1.590000033378601,23300,0.0,0.0
2026-02-12 00:00:00-05:00,1.5700000524520874,1.5700000524520874,1.409999966621399,1.4900000095367432,18700,0.0,0.0
2026-02-13 00:00:00-05:00,1.4900000095367432,1.6299999952316284,1.4600000381469727,1.5800000429153442,12400,0.0,0.0
2026-02-17 00:00:00-05:00,1.559999942779541,1.690000057220459,1.4199999570846558,1.4800000190734863,11500,0.0,0.0
2026-02-18 00:00:00-05:00,1.5099999904632568,1.659999966621399,1.5099999904632568,1.6200000047683716,11800,0.0,0.0
2026-02-19 00:00:00-05:00,1.6100000143051147,1.7400000095367432,1.5499999523162842,1.6100000143051147,13300,0.0,0.0
2026-02-20 00:00:00-05:00,1.5499999523162842,1.6699999570846558,1.5499999523162842,1.6299999952316284,5800,0.0,0.0
2026-02-23 00:00:00-05:00,1.6100000143051147,1.7000000476837158,1.4900000095367432,1.5499999523162842,7900,0.0,0.0
2026-02-24 00:00:00-05:00,1.5499999523162842,1.5499999523162842,1.4900000095367432,1.5099999904632568,4600,0.0,0.0
2026-02-25 00:00:00-05:00,1.5399999618530273,1.5800000429153442,1.440000057220459,1.5,19200,0.0,0.0
2026-02-26 00:00:00-05:00,1.5199999809265137,1.559999942779541,1.4700000286102295,1.5,14300,0.0,0.0
2026-02-27 00:00:00-05:00,1.4600000381469727,1.5,1.440000057220459,1.4900000095367432,6600,0.0,0.0
2026-03-02 00:00:00-05:00,1.440000057220459,1.4800000190734863,1.340000033378601,1.3899999856948853,22400,0.0,0.0
2026-03-03 00:00:00-05:00,1.350000023841858,1.3899999856948853,1.2999999523162842,1.3700000047683716,7500,0.0,0.0
2026-03-04 00:00:00-05:00,1.3799999952316284,1.4900000095367432,1.350000023841858,1.4700000286102295,9400,0.0,0.0
2026-03-05 00:00:00-05:00,1.5,1.600000023841858,1.399999976158142,1.4600000381469727,8600,0.0,0.0
2026-03-06 00:00:00-05:00,1.409999966621399,1.4500000476837158,1.409999966621399,1.4500000476837158,1800,0.0,0.0
2026-03-09 00:00:00-04:00,1.3799999952316284,1.4299999475479126,1.350000023841858,1.4299999475479126,8000,0.0,0.0
2026-03-10 00:00:00-04:00,1.350000023841858,1.4900000095367432,1.350000023841858,1.440000057220459,5100,0.0,0.0
2026-03-11 00:00:00-04:00,1.4800000190734863,1.4800000190734863,1.3899999856948853,1.409999966621399,5000,0.0,0.0
2026-03-12 00:00:00-04:00,1.3899999856948853,1.399999976158142,1.3300000429153442,1.340000033378601,24400,0.0,0.0
2026-03-13 00:00:00-04:00,1.3700000047683716,1.4800000190734863,1.340000033378601,1.3899999856948853,3300,0.0,0.0
2026-03-16 00:00:00-04:00,1.3700000047683716,1.3700000047683716,1.340000033378601,1.3700000047683716,16800,0.0,0.0
2026-03-17 00:00:00-04:00,1.3700000047683716,1.3700000047683716,1.3300000429153442,1.3600000143051147,11500,0.0,0.0
2026-03-18 00:00:00-04:00,1.350000023841858,1.350000023841858,1.2999999523162842,1.2999999523162842,9500,0.0,0.0
2026-03-19 00:00:00-04:00,1.6100000143051147,1.6100000143051147,1.1799999475479126,1.2100000381469727,43300,0.0,0.0
2026-03-20 00:00:00-04:00,1.2000000476837158,1.309999942779541,1.1799999475479126,1.2200000286102295,6600,0.0,0.0
2026-03-23 00:00:00-04:00,1.2699999809265137,1.3200000524520874,1.2400000095367432,1.25,5800,0.0,0.0
2026-03-24 00:00:00-04:00,1.2300000190734863,1.2899999618530273,1.190000057220459,1.2400000095367432,24100,0.0,0.0
2026-03-25 00:00:00-04:00,1.2000000476837158,1.25,1.2000000476837158,1.25,16600,0.0,0.0
2026-03-26 00:00:00-04:00,1.2400000095367432,1.25,1.2100000381469727,1.2200000286102295,6100,0.0,0.0
2026-03-27 00:00:00-04:00,1.2300000190734863,1.2300000190734863,1.2000000476837158,1.2000000476837158,2800,0.0,0.0
2026-03-30 00:00:00-04:00,1.149999976158142,1.1799999475479126,1.1299999952316284,1.149999976158142,5600,0.0,0.0
2026-03-31 00:00:00-04:00,1.149999976158142,1.2999999523162842,1.149999976158142,1.2200000286102295,18600,0.0,0.0
2026-04-01 00:00:00-04:00,1.2000000476837158,1.309999942779541,1.149999976158142,1.190000057220459,12700,0.0,0.0
2026-04-02 00:00:00-04:00,1.2300000190734863,1.2899999618530273,1.1100000143051147,1.1699999570846558,25200,0.0,0.0
2026-04-06 00:00:00-04:00,1.2100000381469727,1.2599999904632568,1.0,1.159999966621399,69800,0.0,0.0
2026-04-07 00:00:00-04:00,1.1399999856948853,1.440000057220459,1.1399999856948853,1.440000057220459,45700,0.0,0.0
2026-04-08 00:00:00-04:00,1.4500000476837158,1.7000000476837158,1.3799999952316284,1.7000000476837158,99700,0.0,0.0
2026-04-09 00:00:00-04:00,1.7000000476837158,1.840000033378601,1.6299999952316284,1.7200000286102295,81400,0.0,0.0
2026-04-10 00:00:00-04:00,1.7300000190734863,1.7300000190734863,1.3899999856948853,1.5700000524520874,18400,0.0,0.0
2026-04-13 00:00:00-04:00,1.5,1.5099999904632568,1.4700000286102295,1.4800000190734863,8000,0.0,0.0
2026-04-14 00:00:00-04:00,1.4700000286102295,1.600000023841858,1.4600000381469727,1.4600000381469727,6300,0.0,0.0
2026-04-15 00:00:00-04:00,1.4800000190734863,1.4800000190734863,1.350000023841858,1.3600000143051147,17600,0.0,0.0
2026-04-16 00:00:00-04:00,1.3899999856948853,1.4299999475479126,1.309999942779541,1.350000023841858,9900,0.0,0.0
2026-04-17 00:00:00-04:00,1.3899999856948853,1.4800000190734863,1.309999942779541,1.409999966621399,111800,0.0,0.0
2026-04-20 00:00:00-04:00,1.4700000286102295,1.6299999952316284,1.3200000524520874,1.3700000047683716,81000,0.0,0.0
2026-04-21 00:00:00-04:00,1.3600000143051147,1.4199999570846558,1.159999966621399,1.1799999475479126,46300,0.0,0.0
2026-04-22 00:00:00-04:00,1.25,1.2699999809265137,1.190000057220459,1.2100000381469727,18500,0.0,0.0
2026-04-23 00:00:00-04:00,1.2000000476837158,1.7100000381469727,1.1799999475479126,1.409999966621399,1982800,0.0,0.0
2026-04-24 00:00:00-04:00,1.4199999570846558,1.5800000429153442,1.3799999952316284,1.5499999523162842,229000,0.0,0.0
2026-04-27 00:00:00-04:00,1.5399999618530273,1.6699999570846558,1.4500000476837158,1.6299999952316284,236800,0.0,0.0
2026-04-28 00:00:00-04:00,1.6200000047683716,1.8700000047683716,1.6100000143051147,1.850000023841858,411700,0.0,0.0
2026-04-29 00:00:00-04:00,1.8300000429153442,1.9500000476837158,1.5,1.6100000143051147,622100,0.0,0.0
2026-04-30 00:00:00-04:00,1.600000023841858,1.6200000047683716,1.4199999570846558,1.5,218100,0.0,0.0
2026-05-01 00:00:00-04:00,1.4900000095367432,1.6699999570846558,1.4800000190734863,1.5499999523162842,474600,0.0,0.0
2026-05-04 00:00:00-04:00,1.5499999523162842,1.6399999856948853,1.5199999809265137,1.5499999523162842,48100,0.0,0.0
2026-05-05 00:00:00-04:00,1.5700000524520874,1.6100000143051147,1.5299999713897705,1.5299999713897705,12100,0.0,0.0
2026-05-06 00:00:00-04:00,1.590000033378601,1.590000033378601,1.3899999856948853,1.3899999856948853,90600,0.0,0.0
2026-05-07 00:00:00-04:00,1.3700000047683716,1.3700000047683716,1.190000057220459,1.25,215500,0.0,0.0
2026-05-08 00:00:00-04:00,1.25,1.309999942779541,1.2400000095367432,1.2999999523162842,34200,0.0,0.0
2026-05-11 00:00:00-04:00,1.2899999618530273,1.2899999618530273,1.2200000286102295,1.2200000286102295,38174,0.0,0.0
