Date,Open,High,Low,Close,Volume,Dividends,Stock Splits
2025-02-20 00:00:00-05:00,8.75,10.039999961853027,4.320000171661377,5.949999809265137,19086600,0.0,0.0
2025-02-21 00:00:00-05:00,5.849999904632568,5.989999771118164,4.21999979019165,4.329999923706055,5078800,0.0,0.0
2025-02-24 00:00:00-05:00,4.0,4.0,3.0199999809265137,3.059999942779541,2079800,0.0,0.0
2025-02-25 00:00:00-05:00,2.619999885559082,3.799999952316284,2.200000047683716,3.0299999713897705,4830500,0.0,0.0
2025-02-26 00:00:00-05:00,2.9700000286102295,3.309999942779541,2.880000114440918,3.0,903600,0.0,0.0
2025-02-27 00:00:00-05:00,2.799999952316284,2.884999990463257,2.5350000858306885,2.559999942779541,730400,0.0,0.0
2025-02-28 00:00:00-05:00,2.369999885559082,2.4100000858306885,2.2300000190734863,2.2799999713897705,780000,0.0,0.0
2025-03-03 00:00:00-05:00,2.450000047683716,2.490000009536743,1.8600000143051147,1.8700000047683716,1232300,0.0,0.0
2025-03-04 00:00:00-05:00,1.7699999809265137,1.7860000133514404,1.5800000429153442,1.7000000476837158,728700,0.0,0.0
2025-03-05 00:00:00-05:00,1.7699999809265137,1.9299999475479126,1.6649999618530273,1.6749999523162842,1005900,0.0,0.0
2025-03-06 00:00:00-05:00,1.6399999856948853,1.7000000476837158,1.5299999713897705,1.590000033378601,597100,0.0,0.0
2025-03-07 00:00:00-05:00,1.6100000143051147,1.6100000143051147,1.4500000476837158,1.5099999904632568,496200,0.0,0.0
2025-03-10 00:00:00-04:00,1.7300000190734863,3.25,1.559999942779541,2.559999942779541,37584100,0.0,0.0
2025-03-11 00:00:00-04:00,2.180000066757202,2.364000082015991,1.9600000381469727,2.130000114440918,2746200,0.0,0.0
2025-03-12 00:00:00-04:00,2.130000114440918,2.940000057220459,1.9500000476837158,2.549999952316284,8484700,0.0,0.0
2025-03-13 00:00:00-04:00,2.8499999046325684,4.800000190734863,2.5999999046325684,4.079999923706055,84650800,0.0,0.0
2025-03-14 00:00:00-04:00,3.690000057220459,3.880000114440918,3.0899999141693115,3.450000047683716,4634700,0.0,0.0
2025-03-17 00:00:00-04:00,3.240000009536743,3.25,2.559999942779541,2.700000047683716,1993500,0.0,0.0
2025-03-18 00:00:00-04:00,2.819999933242798,4.039999961853027,2.819999933242798,3.4600000381469727,22495700,0.0,0.0
2025-03-19 00:00:00-04:00,3.440000057220459,3.5999999046325684,3.0399999618530273,3.2699999809265137,2047700,0.0,0.0
2025-03-20 00:00:00-04:00,3.200000047683716,3.5190000534057617,3.0,3.2300000190734863,1199000,0.0,0.0
2025-03-21 00:00:00-04:00,3.2799999713897705,3.2799999713897705,3.049999952316284,3.2100000381469727,651000,0.0,0.0
2025-03-24 00:00:00-04:00,3.2300000190734863,3.390000104904175,2.880000114440918,3.069999933242798,1171900,0.0,0.0
2025-03-25 00:00:00-04:00,3.0,3.6700000762939453,2.940000057220459,3.4200000762939453,2007600,0.0,0.0
2025-03-26 00:00:00-04:00,3.359999895095825,3.5,3.059999942779541,3.1600000858306885,729900,0.0,0.0
2025-03-27 00:00:00-04:00,3.4100000858306885,3.7799999713897705,3.25,3.5399999618530273,1625400,0.0,0.0
2025-03-28 00:00:00-04:00,3.5199999809265137,3.549999952316284,3.1500000953674316,3.1700000762939453,627800,0.0,0.0
2025-03-31 00:00:00-04:00,3.0999999046325684,3.200000047683716,2.9000000953674316,3.0899999141693115,425400,0.0,0.0
2025-04-01 00:00:00-04:00,3.0299999713897705,3.190000057220459,2.890000104904175,2.890000104904175,491600,0.0,0.0
2025-04-02 00:00:00-04:00,2.9100000858306885,3.0899999141693115,2.8299999237060547,3.0199999809265137,435600,0.0,0.0
2025-04-03 00:00:00-04:00,2.869999885559082,2.937000036239624,2.7309999465942383,2.8299999237060547,324400,0.0,0.0
2025-04-04 00:00:00-04:00,2.759999990463257,2.815000057220459,2.5999999046325684,2.759999990463257,304900,0.0,0.0
2025-04-07 00:00:00-04:00,2.609999895095825,2.8299999237060547,2.509999990463257,2.680000066757202,234300,0.0,0.0
2025-04-08 00:00:00-04:00,2.759999990463257,2.8499999046325684,2.4240000247955322,2.4800000190734863,302500,0.0,0.0
2025-04-09 00:00:00-04:00,2.4800000190734863,2.740000009536743,2.3499999046325684,2.6600000858306885,269200,0.0,0.0
2025-04-10 00:00:00-04:00,2.680000066757202,2.7200000286102295,2.490000009536743,2.5,157100,0.0,0.0
2025-04-11 00:00:00-04:00,2.5299999713897705,2.7699999809265137,2.447999954223633,2.75,333200,0.0,0.0
2025-04-14 00:00:00-04:00,2.799999952316284,2.8399999141693115,2.6619999408721924,2.7899999618530273,148500,0.0,0.0
2025-04-15 00:00:00-04:00,2.799999952316284,3.450000047683716,2.799999952316284,2.9700000286102295,669000,0.0,0.0
2025-04-16 00:00:00-04:00,2.9100000858306885,3.118000030517578,2.880000114440918,2.9800000190734863,202500,0.0,0.0
2025-04-17 00:00:00-04:00,3.0999999046325684,3.0999999046325684,2.930000066757202,3.0,217900,0.0,0.0
2025-04-21 00:00:00-04:00,2.9700000286102295,2.9820001125335693,2.700000047683716,2.819999933242798,122100,0.0,0.0
2025-04-22 00:00:00-04:00,2.821000099182129,2.940000057220459,2.7850000858306885,2.940000057220459,115100,0.0,0.0
2025-04-23 00:00:00-04:00,2.990000009536743,3.059999942779541,2.9019999504089355,2.9700000286102295,107200,0.0,0.0
2025-04-24 00:00:00-04:00,2.950000047683716,3.0250000953674316,2.8499999046325684,2.869999885559082,88900,0.0,0.0
2025-04-25 00:00:00-04:00,2.869999885559082,2.869999885559082,2.740000009536743,2.7699999809265137,110900,0.0,0.0
2025-04-28 00:00:00-04:00,2.75,2.8499999046325684,2.6700000762939453,2.680000066757202,143100,0.0,0.0
2025-04-29 00:00:00-04:00,2.7100000381469727,2.740000009536743,2.6500000953674316,2.7100000381469727,90900,0.0,0.0
2025-04-30 00:00:00-04:00,2.6600000858306885,2.7179999351501465,2.559999942779541,2.6700000762939453,82500,0.0,0.0
2025-05-01 00:00:00-04:00,2.6500000953674316,2.755000114440918,2.5899999141693115,2.6600000858306885,151200,0.0,0.0
2025-05-02 00:00:00-04:00,2.619999885559082,2.680000066757202,2.5299999713897705,2.680000066757202,189500,0.0,0.0
2025-05-05 00:00:00-04:00,2.630000114440918,2.6500000953674316,2.5,2.5,160800,0.0,0.0
2025-05-06 00:00:00-04:00,2.4700000286102295,2.5139999389648438,2.390000104904175,2.440000057220459,104400,0.0,0.0
2025-05-07 00:00:00-04:00,2.440000057220459,2.4649999141693115,2.259999990463257,2.2899999618530273,139200,0.0,0.0
2025-05-08 00:00:00-04:00,2.359999895095825,2.680000066757202,2.309999942779541,2.5899999141693115,140000,0.0,0.0
2025-05-09 00:00:00-04:00,2.5899999141693115,2.619999885559082,2.5,2.5399999618530273,51000,0.0,0.0
2025-05-12 00:00:00-04:00,2.609999895095825,2.6700000762939453,2.559999942779541,2.6700000762939453,67300,0.0,0.0
2025-05-13 00:00:00-04:00,2.619999885559082,2.7699999809265137,2.549999952316284,2.740000009536743,111800,0.0,0.0
2025-05-14 00:00:00-04:00,2.680000066757202,2.7300000190734863,2.630000114440918,2.6600000858306885,83000,0.0,0.0
2025-05-15 00:00:00-04:00,2.6700000762939453,2.859999895095825,2.640000104904175,2.7799999713897705,126100,0.0,0.0
2025-05-16 00:00:00-04:00,2.6500000953674316,2.700000047683716,2.5,2.569999933242798,122500,0.0,0.0
2025-05-19 00:00:00-04:00,2.509999990463257,2.559999942779541,2.375,2.4100000858306885,216000,0.0,0.0
2025-05-20 00:00:00-04:00,2.380000114440918,2.4049999713897705,2.2300000190734863,2.240000009536743,118400,0.0,0.0
2025-05-21 00:00:00-04:00,2.200000047683716,2.25,2.0850000381469727,2.0999999046325684,169200,0.0,0.0
2025-05-22 00:00:00-04:00,2.069999933242798,2.180000066757202,2.0299999713897705,2.1600000858306885,124200,0.0,0.0
2025-05-23 00:00:00-04:00,2.1700000762939453,2.25,2.1500000953674316,2.2100000381469727,68700,0.0,0.0
2025-05-27 00:00:00-04:00,2.299999952316284,2.299999952316284,2.069999933242798,2.140000104904175,182200,0.0,0.0
2025-05-28 00:00:00-04:00,2.109999895095825,2.1500000953674316,2.009999990463257,2.0399999618530273,168800,0.0,0.0
2025-05-29 00:00:00-04:00,2.0899999141693115,2.0899999141693115,1.9500000476837158,2.009999990463257,164800,0.0,0.0
2025-05-30 00:00:00-04:00,2.0,2.009999990463257,1.8899999856948853,1.8899999856948853,148000,0.0,0.0
2025-06-02 00:00:00-04:00,1.8799999952316284,1.9249999523162842,1.8700000047683716,1.8700000047683716,116100,0.0,0.0
2025-06-03 00:00:00-04:00,2.0,2.0,1.8600000143051147,1.940000057220459,455000,0.0,0.0
2025-06-04 00:00:00-04:00,1.9500000476837158,1.9600000381469727,1.8600000143051147,1.899999976158142,150500,0.0,0.0
2025-06-05 00:00:00-04:00,1.899999976158142,1.899999976158142,1.7100000381469727,1.7100000381469727,221000,0.0,0.0
2025-06-06 00:00:00-04:00,1.7100000381469727,1.8799999952316284,1.7100000381469727,1.7300000190734863,170100,0.0,0.0
2025-06-09 00:00:00-04:00,1.8200000524520874,1.909999966621399,1.7519999742507935,1.899999976158142,239500,0.0,0.0
2025-06-10 00:00:00-04:00,1.899999976158142,1.940000057220459,1.840000033378601,1.8799999952316284,160100,0.0,0.0
2025-06-11 00:00:00-04:00,1.850000023841858,2.0,1.621999979019165,1.9600000381469727,505200,0.0,0.0
2025-06-12 00:00:00-04:00,1.899999976158142,1.899999976158142,1.7999999523162842,1.8200000524520874,91100,0.0,0.0
2025-06-13 00:00:00-04:00,1.8200000524520874,1.8799999952316284,1.690000057220459,1.7000000476837158,264900,0.0,0.0
2025-06-16 00:00:00-04:00,1.7300000190734863,1.7649999856948853,1.5299999713897705,1.5399999618530273,456900,0.0,0.0
2025-06-17 00:00:00-04:00,1.5399999618530273,1.5499999523162842,1.5099999904632568,1.5199999809265137,221400,0.0,0.0
2025-06-18 00:00:00-04:00,1.5299999713897705,1.559999942779541,1.4600000381469727,1.5199999809265137,254100,0.0,0.0
2025-06-20 00:00:00-04:00,1.5,1.5399999618530273,1.4800000190734863,1.4800000190734863,190400,0.0,0.0
2025-06-23 00:00:00-04:00,1.4800000190734863,1.7599999904632568,1.4700000286102295,1.6799999475479126,387600,0.0,0.0
2025-06-24 00:00:00-04:00,1.659999966621399,1.7100000381469727,1.6399999856948853,1.6699999570846558,122200,0.0,0.0
2025-06-25 00:00:00-04:00,1.6799999475479126,1.75,1.6399999856948853,1.6399999856948853,113800,0.0,0.0
2025-06-26 00:00:00-04:00,1.649999976158142,1.7100000381469727,1.5800000429153442,1.659999966621399,164100,0.0,0.0
2025-06-27 00:00:00-04:00,1.659999966621399,1.7200000286102295,1.649999976158142,1.690000057220459,70000,0.0,0.0
2025-06-30 00:00:00-04:00,1.649999976158142,1.7200000286102295,1.600000023841858,1.7100000381469727,125300,0.0,0.0
2025-07-01 00:00:00-04:00,1.7200000286102295,1.8600000143051147,1.7100000381469727,1.850000023841858,314400,0.0,0.0
2025-07-02 00:00:00-04:00,1.9199999570846558,2.0950000286102295,1.8200000524520874,2.0899999141693115,320500,0.0,0.0
2025-07-03 00:00:00-04:00,2.049999952316284,2.075000047683716,1.871000051498413,1.9800000190734863,218700,0.0,0.0
2025-07-07 00:00:00-04:00,1.909999966621399,1.9249999523162842,1.7100000381469727,1.7100000381469727,212800,0.0,0.0
2025-07-08 00:00:00-04:00,1.7200000286102295,1.7209999561309814,1.600000023841858,1.6200000047683716,174900,0.0,0.0
2025-07-09 00:00:00-04:00,1.6200000047683716,1.6699999570846558,1.5700000524520874,1.6100000143051147,158100,0.0,0.0
2025-07-10 00:00:00-04:00,1.590000033378601,1.6200000047683716,1.5,1.5199999809265137,196000,0.0,0.0
2025-07-11 00:00:00-04:00,1.590000033378601,1.590000033378601,1.4700000286102295,1.5,261600,0.0,0.0
2025-07-14 00:00:00-04:00,1.5099999904632568,1.5199999809265137,1.4700000286102295,1.5,139200,0.0,0.0
2025-07-15 00:00:00-04:00,1.5299999713897705,1.6299999952316284,1.5,1.559999942779541,236100,0.0,0.0
2025-07-16 00:00:00-04:00,1.590000033378601,1.590000033378601,1.5,1.5700000524520874,193700,0.0,0.0
2025-07-17 00:00:00-04:00,1.559999942779541,1.5750000476837158,1.5299999713897705,1.5399999618530273,131900,0.0,0.0
2025-07-18 00:00:00-04:00,1.559999942779541,1.5700000524520874,1.5399999618530273,1.559999942779541,98000,0.0,0.0
2025-07-21 00:00:00-04:00,1.5700000524520874,1.5800000429153442,1.5,1.5,134700,0.0,0.0
2025-07-22 00:00:00-04:00,1.5299999713897705,1.559999942779541,1.5,1.559999942779541,111300,0.0,0.0
2025-07-23 00:00:00-04:00,1.5499999523162842,1.5700000524520874,1.5099999904632568,1.5399999618530273,66700,0.0,0.0
2025-07-24 00:00:00-04:00,1.5399999618530273,1.5499999523162842,1.5099999904632568,1.5499999523162842,104300,0.0,0.0
2025-07-25 00:00:00-04:00,1.5399999618530273,1.5399999618530273,1.5199999809265137,1.5399999618530273,67000,0.0,0.0
2025-07-28 00:00:00-04:00,1.5399999618530273,1.5700000524520874,1.5149999856948853,1.5299999713897705,93100,0.0,0.0
2025-07-29 00:00:00-04:00,1.5099999904632568,1.5199999809265137,1.4900000095367432,1.4900000095367432,77300,0.0,0.0
2025-07-30 00:00:00-04:00,1.4900000095367432,1.5299999713897705,1.4609999656677246,1.4800000190734863,112200,0.0,0.0
2025-07-31 00:00:00-04:00,1.4900000095367432,1.5,1.4700000286102295,1.4900000095367432,59600,0.0,0.0
2025-08-01 00:00:00-04:00,1.4800000190734863,1.5499999523162842,1.4600000381469727,1.5399999618530273,104600,0.0,0.0
2025-08-04 00:00:00-04:00,1.5099999904632568,1.5329999923706055,1.4900000095367432,1.5299999713897705,28400,0.0,0.0
2025-08-05 00:00:00-04:00,1.5299999713897705,1.6100000143051147,1.5099999904632568,1.6100000143051147,127700,0.0,0.0
2025-08-06 00:00:00-04:00,1.6100000143051147,1.6100000143051147,1.5499999523162842,1.5800000429153442,66100,0.0,0.0
2025-08-07 00:00:00-04:00,1.5700000524520874,1.5750000476837158,1.5299999713897705,1.5399999618530273,21300,0.0,0.0
2025-08-08 00:00:00-04:00,1.5399999618530273,1.600000023841858,1.5260000228881836,1.565000057220459,38800,0.0,0.0
2025-08-11 00:00:00-04:00,1.6100000143051147,1.6100000143051147,1.559999942779541,1.5800000429153442,85200,0.0,0.0
2025-08-12 00:00:00-04:00,1.6200000047683716,1.6299999952316284,1.4800000190734863,1.5499999523162842,179600,0.0,0.0
2025-08-13 00:00:00-04:00,1.5,1.5499999523162842,1.4700000286102295,1.4700000286102295,101700,0.0,0.0
2025-08-14 00:00:00-04:00,1.4600000381469727,1.5800000429153442,1.4600000381469727,1.559999942779541,98000,0.0,0.0
2025-08-15 00:00:00-04:00,1.5700000524520874,1.5700000524520874,1.5,1.5399999618530273,69000,0.0,0.0
2025-08-18 00:00:00-04:00,1.5199999809265137,1.559999942779541,1.5,1.5299999713897705,37900,0.0,0.0
2025-08-19 00:00:00-04:00,1.5,1.5299999713897705,1.5,1.5199999809265137,42500,0.0,0.0
2025-08-20 00:00:00-04:00,1.4900000095367432,1.4910000562667847,1.4600000381469727,1.4800000190734863,41500,0.0,0.0
2025-08-21 00:00:00-04:00,1.4800000190734863,1.531000018119812,1.4800000190734863,1.5199999809265137,39300,0.0,0.0
2025-08-22 00:00:00-04:00,1.4800000190734863,1.5099999904632568,1.4700000286102295,1.5,80400,0.0,0.0
2025-08-25 00:00:00-04:00,1.5199999809265137,1.5299999713897705,1.5,1.5199999809265137,45900,0.0,0.0
2025-08-26 00:00:00-04:00,1.5099999904632568,1.5360000133514404,1.5099999904632568,1.5099999904632568,59600,0.0,0.0
2025-08-27 00:00:00-04:00,1.5199999809265137,1.5199999809265137,1.409999966621399,1.4199999570846558,140700,0.0,0.0
2025-08-28 00:00:00-04:00,1.4199999570846558,1.4600000381469727,1.4149999618530273,1.4149999618530273,107500,0.0,0.0
2025-08-29 00:00:00-04:00,1.440000057220459,1.4579999446868896,1.399999976158142,1.409999966621399,56500,0.0,0.0
2025-09-02 00:00:00-04:00,1.399999976158142,1.4199999570846558,1.2899999618530273,1.315000057220459,178700,0.0,0.0
2025-09-03 00:00:00-04:00,1.3300000429153442,1.3700000047683716,1.2899999618530273,1.2999999523162842,94700,0.0,0.0
2025-09-04 00:00:00-04:00,1.3200000524520874,1.340000033378601,1.2200000286102295,1.2400000095367432,73900,0.0,0.0
2025-09-05 00:00:00-04:00,1.2000000476837158,1.2400000095367432,1.159999966621399,1.1699999570846558,173600,0.0,0.0
2025-09-08 00:00:00-04:00,1.190000057220459,1.190000057220459,1.090000033378601,1.1100000143051147,162300,0.0,0.0
2025-09-09 00:00:00-04:00,1.1100000143051147,1.1699999570846558,1.1100000143051147,1.1299999952316284,185900,0.0,0.0
2025-09-10 00:00:00-04:00,1.100000023841858,1.159999966621399,1.100000023841858,1.159999966621399,111100,0.0,0.0
2025-09-11 00:00:00-04:00,1.1699999570846558,1.2100000381469727,1.1399999856948853,1.1449999809265137,191600,0.0,0.0
2025-09-12 00:00:00-04:00,1.159999966621399,1.159999966621399,1.090000033378601,1.1100000143051147,240100,0.0,0.0
2025-09-15 00:00:00-04:00,1.1200000047683716,1.3600000143051147,1.1200000047683716,1.350000023841858,577200,0.0,0.0
2025-09-16 00:00:00-04:00,1.3600000143051147,1.3600000143051147,1.25,1.2899999618530273,113900,0.0,0.0
2025-09-17 00:00:00-04:00,1.2799999713897705,1.3020000457763672,1.2400000095367432,1.25,77700,0.0,0.0
2025-09-18 00:00:00-04:00,1.2899999618530273,1.3860000371932983,1.2599999904632568,1.350000023841858,208000,0.0,0.0
2025-09-19 00:00:00-04:00,1.309999942779541,1.399999976158142,1.2799999713897705,1.350000023841858,135800,0.0,0.0
2025-09-22 00:00:00-04:00,1.309999942779541,1.3450000286102295,1.309999942779541,1.3300000429153442,55800,0.0,0.0
2025-09-23 00:00:00-04:00,1.3300000429153442,1.350000023841858,1.3200000524520874,1.340000033378601,35800,0.0,0.0
2025-09-24 00:00:00-04:00,1.340000033378601,1.5299999713897705,1.340000033378601,1.4800000190734863,360100,0.0,0.0
2025-09-25 00:00:00-04:00,1.5299999713897705,1.5299999713897705,1.4299999475479126,1.4450000524520874,71800,0.0,0.0
2025-09-26 00:00:00-04:00,1.440000057220459,1.5,1.3700000047683716,1.4700000286102295,127100,0.0,0.0
2025-09-29 00:00:00-04:00,1.4600000381469727,1.4700000286102295,1.350000023841858,1.399999976158142,97900,0.0,0.0
2025-09-30 00:00:00-04:00,1.399999976158142,1.399999976158142,1.2999999523162842,1.3200000524520874,65500,0.0,0.0
2025-10-01 00:00:00-04:00,1.340000033378601,1.340000033378601,1.309999942779541,1.315000057220459,42300,0.0,0.0
2025-10-02 00:00:00-04:00,1.3300000429153442,1.3300000429153442,1.2999999523162842,1.309999942779541,67600,0.0,0.0
2025-10-03 00:00:00-04:00,1.2999999523162842,1.3300000429153442,1.2999999523162842,1.3300000429153442,76800,0.0,0.0
2025-10-06 00:00:00-04:00,1.3300000429153442,1.3300000429153442,1.2799999713897705,1.309999942779541,51300,0.0,0.0
2025-10-07 00:00:00-04:00,1.2999999523162842,1.3200000524520874,1.2009999752044678,1.2300000190734863,204600,0.0,0.0
2025-10-08 00:00:00-04:00,1.2300000190734863,1.2899999618530273,1.2100000381469727,1.2599999904632568,74100,0.0,0.0
2025-10-09 00:00:00-04:00,1.2400000095367432,1.340000033378601,1.2400000095367432,1.340000033378601,71500,0.0,0.0
2025-10-10 00:00:00-04:00,1.340000033378601,1.340000033378601,1.2200000286102295,1.2599999904632568,56700,0.0,0.0
2025-10-13 00:00:00-04:00,1.2899999618530273,1.2999999523162842,1.25,1.25,28100,0.0,0.0
2025-10-14 00:00:00-04:00,1.25,1.350000023841858,1.2000000476837158,1.3200000524520874,110600,0.0,0.0
2025-10-15 00:00:00-04:00,1.2999999523162842,1.2999999523162842,1.25,1.2599999904632568,68200,0.0,0.0
2025-10-16 00:00:00-04:00,1.2300000190734863,1.25,1.2000000476837158,1.2200000286102295,56500,0.0,0.0
2025-10-17 00:00:00-04:00,1.2100000381469727,1.2599999904632568,1.190000057220459,1.2599999904632568,47300,0.0,0.0
2025-10-20 00:00:00-04:00,1.2400000095367432,1.2599999904632568,1.2300000190734863,1.2400000095367432,33300,0.0,0.0
2025-10-21 00:00:00-04:00,1.2400000095367432,1.2400000095367432,1.2100000381469727,1.2200000286102295,33800,0.0,0.0
2025-10-22 00:00:00-04:00,1.2200000286102295,1.2200000286102295,1.159999966621399,1.2100000381469727,94400,0.0,0.0
2025-10-23 00:00:00-04:00,1.2799999713897705,1.2799999713897705,1.25,1.274999976158142,62700,0.0,0.0
2025-10-24 00:00:00-04:00,1.2599999904632568,1.2699999809265137,1.25,1.2699999809265137,36500,0.0,0.0
2025-10-27 00:00:00-04:00,1.2699999809265137,1.5099999904632568,1.25,1.2999999523162842,217600,0.0,0.0
2025-10-28 00:00:00-04:00,1.2699999809265137,1.3300000429153442,1.2699999809265137,1.309999942779541,24500,0.0,0.0
2025-10-29 00:00:00-04:00,1.309999942779541,1.3200000524520874,1.2599999904632568,1.2699999809265137,17600,0.0,0.0
2025-10-30 00:00:00-04:00,1.2949999570846558,1.3200000524520874,1.2699999809265137,1.2799999713897705,30900,0.0,0.0
2025-10-31 00:00:00-04:00,1.2799999713897705,1.2999999523162842,1.2599999904632568,1.2999999523162842,15900,0.0,0.0
2025-11-03 00:00:00-05:00,1.2999999523162842,1.3200000524520874,1.2599999904632568,1.2599999904632568,18800,0.0,0.0
2025-11-04 00:00:00-05:00,1.2599999904632568,1.2699999809265137,1.2419999837875366,1.2699999809265137,43600,0.0,0.0
2025-11-05 00:00:00-05:00,1.2999999523162842,1.309999942779541,1.2510000467300415,1.2999999523162842,55700,0.0,0.0
2025-11-06 00:00:00-05:00,1.309999942779541,1.3200000524520874,1.2599999904632568,1.309999942779541,32200,0.0,0.0
2025-11-07 00:00:00-05:00,1.2899999618530273,1.3270000219345093,1.2599999904632568,1.2999999523162842,147800,0.0,0.0
2025-11-10 00:00:00-05:00,1.2999999523162842,1.2999999523162842,1.274999976158142,1.2799999713897705,33500,0.0,0.0
2025-11-11 00:00:00-05:00,1.2699999809265137,1.2799999713897705,1.2300000190734863,1.2699999809265137,38600,0.0,0.0
2025-11-12 00:00:00-05:00,1.2999999523162842,1.2999999523162842,1.2000000476837158,1.2000000476837158,51300,0.0,0.0
2025-11-13 00:00:00-05:00,1.2100000381469727,1.246999979019165,1.1799999475479126,1.1799999475479126,35900,0.0,0.0
2025-11-14 00:00:00-05:00,1.1299999952316284,1.1699999570846558,1.1299999952316284,1.1699999570846558,27500,0.0,0.0
2025-11-17 00:00:00-05:00,1.1299999952316284,1.2100000381469727,1.1299999952316284,1.190000057220459,19500,0.0,0.0
2025-11-18 00:00:00-05:00,1.2000000476837158,1.2000000476837158,1.1299999952316284,1.1699999570846558,45100,0.0,0.0
2025-11-19 00:00:00-05:00,1.149999976158142,1.190000057220459,1.1200000047683716,1.1399999856948853,56600,0.0,0.0
2025-11-20 00:00:00-05:00,1.149999976158142,1.2029999494552612,1.1299999952316284,1.149999976158142,51600,0.0,0.0
2025-11-21 00:00:00-05:00,1.1399999856948853,1.1699999570846558,1.128000020980835,1.159999966621399,12100,0.0,0.0
2025-11-24 00:00:00-05:00,1.149999976158142,1.1790000200271606,1.100000023841858,1.1399999856948853,13800,0.0,0.0
2025-11-25 00:00:00-05:00,1.149999976158142,1.149999976158142,1.1260000467300415,1.1399999856948853,12600,0.0,0.0
2025-11-26 00:00:00-05:00,1.1200000047683716,1.149999976158142,1.1119999885559082,1.1200000047683716,28900,0.0,0.0
2025-11-28 00:00:00-05:00,1.1200000047683716,1.149999976158142,1.1200000047683716,1.1200000047683716,12800,0.0,0.0
2025-12-01 00:00:00-05:00,1.1299999952316284,1.159999966621399,1.1100000143051147,1.149999976158142,59700,0.0,0.0
2025-12-02 00:00:00-05:00,1.1410000324249268,1.149999976158142,1.1100000143051147,1.1100000143051147,14800,0.0,0.0
2025-12-03 00:00:00-05:00,1.1100000143051147,1.1200000047683716,1.100000023841858,1.100000023841858,41200,0.0,0.0
2025-12-04 00:00:00-05:00,1.1100000143051147,1.1399999856948853,1.100000023841858,1.1200000047683716,42700,0.0,0.0
2025-12-05 00:00:00-05:00,1.1299999952316284,1.1349999904632568,1.0700000524520874,1.090000033378601,119000,0.0,0.0
2025-12-08 00:00:00-05:00,1.1100000143051147,1.1200000047683716,1.090000033378601,1.1100000143051147,24900,0.0,0.0
2025-12-09 00:00:00-05:00,1.1299999952316284,1.2300000190734863,1.1100000143051147,1.2000000476837158,91400,0.0,0.0
2025-12-10 00:00:00-05:00,1.1699999570846558,1.190000057220459,1.1200000047683716,1.1799999475479126,45600,0.0,0.0
2025-12-11 00:00:00-05:00,1.1100000143051147,1.1699999570846558,1.1100000143051147,1.1299999952316284,46400,0.0,0.0
2025-12-12 00:00:00-05:00,1.1100000143051147,1.1399999856948853,1.100000023841858,1.100000023841858,32700,0.0,0.0
2025-12-15 00:00:00-05:00,1.1200000047683716,1.1299999952316284,1.0299999713897705,1.0299999713897705,78700,0.0,0.0
2025-12-16 00:00:00-05:00,1.0299999713897705,1.0499999523162842,1.0299999713897705,1.0299999713897705,41300,0.0,0.0
2025-12-17 00:00:00-05:00,1.0099999904632568,1.0399999618530273,1.0099999904632568,1.0099999904632568,22700,0.0,0.0
2025-12-18 00:00:00-05:00,1.0099999904632568,1.0199999809265137,0.9800000190734863,0.9800000190734863,66400,0.0,0.0
2025-12-19 00:00:00-05:00,0.9599999785423279,0.9800000190734863,0.800000011920929,0.9200000166893005,164000,0.0,0.0
2025-12-22 00:00:00-05:00,0.9700000286102295,0.9800000190734863,0.9309999942779541,0.9399999976158142,64400,0.0,0.0
2025-12-23 00:00:00-05:00,0.949999988079071,0.949999988079071,0.8899999856948853,0.890999972820282,26000,0.0,0.0
2025-12-24 00:00:00-05:00,0.9079999923706055,0.9079999923706055,0.8709999918937683,0.8809999823570251,36100,0.0,0.0
2025-12-26 00:00:00-05:00,0.8730000257492065,0.8730000257492065,0.8399999737739563,0.8479999899864197,75900,0.0,0.0
2025-12-29 00:00:00-05:00,0.8479999899864197,0.8479999899864197,0.7559999823570251,0.7680000066757202,132700,0.0,0.0
2025-12-30 00:00:00-05:00,0.7799999713897705,0.8500000238418579,0.7799999713897705,0.8360000252723694,107500,0.0,0.0
2025-12-31 00:00:00-05:00,0.8100000023841858,0.8360000252723694,0.7649999856948853,0.7829999923706055,57300,0.0,0.0
2026-01-02 00:00:00-05:00,0.8339999914169312,0.8360000252723694,0.7900000214576721,0.8289999961853027,37000,0.0,0.0
2026-01-05 00:00:00-05:00,0.8500000238418579,0.8500000238418579,0.8299999833106995,0.8429999947547913,21900,0.0,0.0
2026-01-06 00:00:00-05:00,0.8309999704360962,0.9509999752044678,0.8309999704360962,0.9279999732971191,59200,0.0,0.0
2026-01-07 00:00:00-05:00,0.9100000262260437,0.9279999732971191,0.8930000066757202,0.9010000228881836,24300,0.0,0.0
2026-01-08 00:00:00-05:00,0.921999990940094,0.9279999732971191,0.8949999809265137,0.9020000100135803,39200,0.0,0.0
2026-01-09 00:00:00-05:00,0.8999999761581421,0.9240000247955322,0.8980000019073486,0.9110000133514404,16500,0.0,0.0
2026-01-12 00:00:00-05:00,0.9240000247955322,0.9240000247955322,0.8899999856948853,0.8999999761581421,32400,0.0,0.0
2026-01-13 00:00:00-05:00,0.9070000052452087,0.9459999799728394,0.8999999761581421,0.8999999761581421,10200,0.0,0.0
2026-01-14 00:00:00-05:00,0.902999997138977,0.9480000138282776,0.8999999761581421,0.8999999761581421,22800,0.0,0.0
2026-01-15 00:00:00-05:00,0.9300000071525574,0.9300000071525574,0.8999999761581421,0.9100000262260437,35200,0.0,0.0
2026-01-16 00:00:00-05:00,0.9279999732971191,0.9399999976158142,0.8700000047683716,0.8700000047683716,43100,0.0,0.0
2026-01-20 00:00:00-05:00,0.8980000019073486,0.9079999923706055,0.8700000047683716,0.8989999890327454,38700,0.0,0.0
2026-01-21 00:00:00-05:00,0.8989999890327454,0.925000011920929,0.8989999890327454,0.9100000262260437,28500,0.0,0.0
2026-01-22 00:00:00-05:00,0.9399999976158142,0.9399999976158142,0.8999999761581421,0.9300000071525574,18600,0.0,0.0
2026-01-23 00:00:00-05:00,0.9399999976158142,1.1699999570846558,0.9369999766349792,1.059999942779541,175200,0.0,0.0
2026-01-26 00:00:00-05:00,1.1299999952316284,1.1699999570846558,1.0399999618530273,1.0499999523162842,58200,0.0,0.0
2026-01-27 00:00:00-05:00,1.0369999408721924,1.0499999523162842,1.0199999809265137,1.0379999876022339,14000,0.0,0.0
2026-01-28 00:00:00-05:00,1.0499999523162842,1.0549999475479126,1.0199999809265137,1.0499999523162842,18800,0.0,0.0
2026-01-29 00:00:00-05:00,1.0399999618530273,1.0499999523162842,1.0199999809265137,1.024999976158142,20700,0.0,0.0
2026-01-30 00:00:00-05:00,1.0299999713897705,1.0299999713897705,0.9599999785423279,0.9800000190734863,38300,0.0,0.0
2026-02-02 00:00:00-05:00,0.9900000095367432,1.0219999551773071,0.9100000262260437,0.9200000166893005,49400,0.0,0.0
2026-02-03 00:00:00-05:00,0.9269999861717224,1.0099999904632568,0.9200000166893005,0.984000027179718,86700,0.0,0.0
2026-02-04 00:00:00-05:00,0.9800000190734863,1.0299999713897705,0.949999988079071,1.0,39500,0.0,0.0
2026-02-05 00:00:00-05:00,1.0199999809265137,1.0199999809265137,0.9229999780654907,0.9229999780654907,17800,0.0,0.0
2026-02-06 00:00:00-05:00,0.949999988079071,0.9800000190734863,0.9110000133514404,0.9200000166893005,25600,0.0,0.0
2026-02-09 00:00:00-05:00,0.9100000262260437,0.9459999799728394,0.8849999904632568,0.9010000228881836,51600,0.0,0.0
2026-02-10 00:00:00-05:00,0.8899999856948853,0.9100000262260437,0.8809999823570251,0.8980000019073486,44800,0.0,0.0
2026-02-11 00:00:00-05:00,0.8899999856948853,0.9150000214576721,0.8799999952316284,0.9089999794960022,29600,0.0,0.0
2026-02-12 00:00:00-05:00,0.9120000004768372,0.9150000214576721,0.8870000243186951,0.9150000214576721,13600,0.0,0.0
2026-02-13 00:00:00-05:00,0.9089999794960022,0.9150000214576721,0.890999972820282,0.9100000262260437,14200,0.0,0.0
2026-02-17 00:00:00-05:00,0.9100000262260437,0.9100000262260437,0.8970000147819519,0.8989999890327454,11500,0.0,0.0
2026-02-18 00:00:00-05:00,0.8989999890327454,0.9860000014305115,0.8989999890327454,0.9710000157356262,121900,0.0,0.0
2026-02-19 00:00:00-05:00,0.8999999761581421,0.9509999752044678,0.8899999856948853,0.9049999713897705,38400,0.0,0.0
2026-02-20 00:00:00-05:00,0.949999988079071,0.949999988079071,0.9200000166893005,0.9290000200271606,7200,0.0,0.0
2026-02-23 00:00:00-05:00,0.921999990940094,0.9290000200271606,0.8960000276565552,0.9010000228881836,10600,0.0,0.0
2026-02-24 00:00:00-05:00,0.9340000152587891,0.949999988079071,0.9259999990463257,0.9300000071525574,24500,0.0,0.0
2026-02-25 00:00:00-05:00,0.9350000023841858,0.9399999976158142,0.9100000262260437,0.9399999976158142,35100,0.0,0.0
2026-02-26 00:00:00-05:00,0.9300000071525574,0.9750000238418579,0.9010000228881836,0.9340000152587891,90900,0.0,0.0
2026-02-27 00:00:00-05:00,0.9549999833106995,0.9829999804496765,0.9200000166893005,0.9399999976158142,92900,0.0,0.0
2026-03-02 00:00:00-05:00,1.0499999523162842,1.1399999856948853,1.0,1.059999942779541,550300,0.0,0.0
2026-03-03 00:00:00-05:00,1.2000000476837158,1.2400000095367432,0.9449999928474426,0.9800000190734863,1381100,0.0,0.0
2026-03-04 00:00:00-05:00,0.9599999785423279,0.9860000014305115,0.9020000100135803,0.925000011920929,162400,0.0,0.0
2026-03-05 00:00:00-05:00,0.9100000262260437,1.0499999523162842,0.9010000228881836,0.9760000109672546,206800,0.0,0.0
2026-03-06 00:00:00-05:00,0.9800000190734863,1.0800000429153442,0.949999988079071,1.0199999809265137,196700,0.0,0.0
2026-03-09 00:00:00-04:00,1.0299999713897705,1.0499999523162842,0.9700000286102295,0.9800000190734863,96700,0.0,0.0
2026-03-10 00:00:00-04:00,0.9729999899864197,1.0199999809265137,0.9300000071525574,0.9750000238418579,109700,0.0,0.0
2026-03-11 00:00:00-04:00,0.9599999785423279,1.003999948501587,0.949999988079071,0.9549999833106995,43400,0.0,0.0
2026-03-12 00:00:00-04:00,0.9589999914169312,0.9620000123977661,0.9100000262260437,0.9200000166893005,43500,0.0,0.0
2026-03-13 00:00:00-04:00,0.9700000286102295,0.9700000286102295,0.8399999737739563,0.8399999737739563,99500,0.0,0.0
2026-03-16 00:00:00-04:00,0.8500000238418579,0.9200000166893005,0.8500000238418579,0.906000018119812,80200,0.0,0.0
2026-03-17 00:00:00-04:00,0.8870000243186951,0.9200000166893005,0.8740000128746033,0.8899999856948853,32300,0.0,0.0
2026-03-18 00:00:00-04:00,0.8899999856948853,0.9120000004768372,0.8460000157356262,0.859000027179718,18700,0.0,0.0
2026-03-19 00:00:00-04:00,0.8619999885559082,0.8899999856948853,0.8619999885559082,0.8629999756813049,27700,0.0,0.0
2026-03-20 00:00:00-04:00,0.8889999985694885,0.8899999856948853,0.8700000047683716,0.8700000047683716,22900,0.0,0.0
2026-03-23 00:00:00-04:00,0.8870000243186951,0.906000018119812,0.8700000047683716,0.9020000100135803,56400,0.0,0.0
2026-03-24 00:00:00-04:00,0.8920000195503235,0.9179999828338623,0.8510000109672546,0.8560000061988831,90300,0.0,0.0
2026-03-25 00:00:00-04:00,0.8579999804496765,0.8640000224113464,0.7900000214576721,0.8169999718666077,122200,0.0,0.0
2026-03-26 00:00:00-04:00,0.828000009059906,0.828000009059906,0.7919999957084656,0.8149999976158142,29800,0.0,0.0
2026-03-27 00:00:00-04:00,0.8009999990463257,0.8370000123977661,0.7940000295639038,0.8330000042915344,43900,0.0,0.0
2026-03-30 00:00:00-04:00,0.8330000042915344,0.8429999947547913,0.8159999847412109,0.8379999995231628,15400,0.0,0.0
2026-03-31 00:00:00-04:00,0.8100000023841858,0.859000027179718,0.8009999990463257,0.843999981880188,43600,0.0,0.0
2026-04-01 00:00:00-04:00,0.847000002861023,0.847000002861023,0.8100000023841858,0.8199999928474426,15000,0.0,0.0
2026-04-02 00:00:00-04:00,0.8240000009536743,0.8299999833106995,0.800000011920929,0.8190000057220459,21400,0.0,0.0
2026-04-06 00:00:00-04:00,0.8029999732971191,0.8180000185966492,0.7749999761581421,0.7749999761581421,19300,0.0,0.0
2026-04-07 00:00:00-04:00,0.800000011920929,0.8159999847412109,0.7699999809265137,0.7870000004768372,40600,0.0,0.0
2026-04-08 00:00:00-04:00,0.800000011920929,0.8600000143051147,0.7829999923706055,0.8399999737739563,45500,0.0,0.0
2026-04-09 00:00:00-04:00,0.8500000238418579,0.8500000238418579,0.8100000023841858,0.8169999718666077,51200,0.0,0.0
2026-04-10 00:00:00-04:00,0.8399999737739563,0.8709999918937683,0.8199999928474426,0.8629999756813049,59100,0.0,0.0
2026-04-13 00:00:00-04:00,0.8899999856948853,0.9599999785423279,0.875,0.9010000228881836,96700,0.0,0.0
2026-04-14 00:00:00-04:00,0.9100000262260437,0.949999988079071,0.8820000290870667,0.8960000276565552,27300,0.0,0.0
2026-04-15 00:00:00-04:00,0.8999999761581421,0.9100000262260437,0.8650000095367432,0.8809999823570251,36200,0.0,0.0
2026-04-16 00:00:00-04:00,0.8700000047683716,0.9100000262260437,0.8399999737739563,0.8410000205039978,42300,0.0,0.0
2026-04-17 00:00:00-04:00,0.8500000238418579,0.8510000109672546,0.8009999990463257,0.8349999785423279,76200,0.0,0.0
2026-04-20 00:00:00-04:00,0.8450000286102295,0.8500000238418579,0.8100000023841858,0.8140000104904175,40100,0.0,0.0
2026-04-21 00:00:00-04:00,0.8199999928474426,0.8379999995231628,0.800000011920929,0.8130000233650208,31900,0.0,0.0
2026-04-22 00:00:00-04:00,0.8100000023841858,0.8100000023841858,0.7839999794960022,0.7900000214576721,58000,0.0,0.0
2026-04-23 00:00:00-04:00,0.800000011920929,0.8579999804496765,0.7300000190734863,0.8100000023841858,199700,0.0,0.0
2026-04-24 00:00:00-04:00,0.8100000023841858,0.8299999833106995,0.8019999861717224,0.8199999928474426,18200,0.0,0.0
2026-04-27 00:00:00-04:00,0.800000011920929,0.8130000233650208,0.7450000047683716,0.7850000262260437,35500,0.0,0.0
2026-04-28 00:00:00-04:00,0.800000011920929,0.8080000281333923,0.7889999747276306,0.7910000085830688,41000,0.0,0.0
2026-04-29 00:00:00-04:00,0.800000011920929,0.800000011920929,0.7799999713897705,0.800000011920929,24900,0.0,0.0
2026-04-30 00:00:00-04:00,0.8080000281333923,0.8230000138282776,0.781000018119812,0.8230000138282776,26900,0.0,0.0
2026-05-01 00:00:00-04:00,0.828000009059906,0.8309999704360962,0.7929999828338623,0.8050000071525574,20600,0.0,0.0
2026-05-04 00:00:00-04:00,0.7799999713897705,0.8069999814033508,0.7739999890327454,0.7799999713897705,38100,0.0,0.0
2026-05-05 00:00:00-04:00,0.7680000066757202,0.796999990940094,0.7599999904632568,0.7900000214576721,64200,0.0,0.0
2026-05-06 00:00:00-04:00,0.8159999847412109,0.8899999856948853,0.800000011920929,0.8600000143051147,135800,0.0,0.0
2026-05-07 00:00:00-04:00,0.8600000143051147,0.9100000262260437,0.8410000205039978,0.8560000061988831,74300,0.0,0.0
2026-05-08 00:00:00-04:00,0.8370000123977661,0.8560000061988831,0.8270000219345093,0.8299999833106995,21100,0.0,0.0
2026-05-11 00:00:00-04:00,0.8100000023841858,0.8245999813079834,0.8004999756813049,0.8130000233650208,21725,0.0,0.0
