Date,Open,High,Low,Close,Volume,Dividends,Stock Splits
2025-05-30 00:00:00-04:00,4.510000228881836,5.139999866485596,3.5999999046325684,3.799999952316284,5701500,0.0,0.0
2025-06-02 00:00:00-04:00,3.740000009536743,4.340000152587891,3.5199999809265137,4.050000190734863,478800,0.0,0.0
2025-06-03 00:00:00-04:00,4.050000190734863,4.900000095367432,4.050000190734863,4.690000057220459,667100,0.0,0.0
2025-06-04 00:00:00-04:00,5.070000171661377,7.199999809265137,4.699999809265137,5.28000020980835,3448300,0.0,0.0
2025-06-05 00:00:00-04:00,5.269999980926514,5.599999904632568,5.099999904632568,5.559999942779541,1856800,0.0,0.0
2025-06-06 00:00:00-04:00,5.5,5.849999904632568,5.199999809265137,5.630000114440918,2329200,0.0,0.0
2025-06-09 00:00:00-04:00,5.599999904632568,6.28000020980835,5.590000152587891,6.010000228881836,2417800,0.0,0.0
2025-06-10 00:00:00-04:00,6.010000228881836,6.230000019073486,5.150000095367432,5.570000171661377,3325800,0.0,0.0
2025-06-11 00:00:00-04:00,5.699999809265137,5.849999904632568,5.5,5.769999980926514,491400,0.0,0.0
2025-06-12 00:00:00-04:00,5.699999809265137,5.849999904632568,5.400000095367432,5.849999904632568,296100,0.0,0.0
2025-06-13 00:00:00-04:00,5.760000228881836,6.0,5.6519999504089355,5.949999809265137,555800,0.0,0.0
2025-06-16 00:00:00-04:00,5.900000095367432,6.0,5.730000019073486,6.0,969600,0.0,0.0
2025-06-17 00:00:00-04:00,6.150000095367432,6.599999904632568,6.150000095367432,6.579999923706055,2738000,0.0,0.0
2025-06-18 00:00:00-04:00,6.489999771118164,6.949999809265137,6.400000095367432,6.849999904632568,2209000,0.0,0.0
2025-06-20 00:00:00-04:00,6.849999904632568,7.360000133514404,6.75,7.340000152587891,1092600,0.0,0.0
2025-06-23 00:00:00-04:00,7.25,7.380000114440918,6.800000190734863,7.199999809265137,659400,0.0,0.0
2025-06-24 00:00:00-04:00,7.119999885559082,7.420000076293945,7.0,7.25,1442600,0.0,0.0
2025-06-25 00:00:00-04:00,7.260000228881836,7.650000095367432,7.099999904632568,7.179999828338623,866600,0.0,0.0
2025-06-26 00:00:00-04:00,7.480000019073486,8.0,6.60699987411499,6.949999809265137,1964200,0.0,0.0
2025-06-27 00:00:00-04:00,7.019999980926514,7.900000095367432,6.889999866485596,7.789999961853027,714000,0.0,0.0
2025-06-30 00:00:00-04:00,7.570000171661377,7.78000020980835,7.309999942779541,7.309999942779541,212600,0.0,0.0
2025-07-01 00:00:00-04:00,7.769999980926514,8.680000305175781,7.679999828338623,8.680000305175781,1905900,0.0,0.0
2025-07-02 00:00:00-04:00,8.680000305175781,8.84000015258789,8.369999885559082,8.760000228881836,1364600,0.0,0.0
2025-07-03 00:00:00-04:00,8.399999618530273,8.642999649047852,8.001999855041504,8.5,240600,0.0,0.0
2025-07-07 00:00:00-04:00,8.5,9.180000305175781,8.5,8.75,831800,0.0,0.0
2025-07-08 00:00:00-04:00,9.0,9.199999809265137,8.720000267028809,9.039999961853027,1956700,0.0,0.0
2025-07-09 00:00:00-04:00,9.079999923706055,9.180999755859375,8.899999618530273,9.100000381469727,513200,0.0,0.0
2025-07-10 00:00:00-04:00,8.600000381469727,9.140000343322754,6.880000114440918,9.010000228881836,1896100,0.0,0.0
2025-07-11 00:00:00-04:00,9.0,10.548999786376953,8.880000114440918,10.220000267028809,1745700,0.0,0.0
2025-07-14 00:00:00-04:00,9.420000076293945,10.5,8.319999694824219,9.505000114440918,2326600,0.0,0.0
2025-07-15 00:00:00-04:00,9.399999618530273,14.0,9.25,13.970000267028809,1486000,0.0,0.0
2025-07-16 00:00:00-04:00,14.0,14.789999961853027,12.0,13.40999984741211,732800,0.0,0.0
2025-07-17 00:00:00-04:00,12.420000076293945,12.539999961853027,4.5,6.610000133514404,2344300,0.0,0.0
2025-07-18 00:00:00-04:00,6.300000190734863,6.394000053405762,1.25,2.130000114440918,4618300,0.0,0.0
2025-07-21 00:00:00-04:00,2.049999952316284,2.1600000858306885,1.8509999513626099,2.0299999713897705,1000700,0.0,0.0
2025-07-22 00:00:00-04:00,1.9600000381469727,2.119999885559082,1.850000023841858,1.9900000095367432,668900,0.0,0.0
2025-07-23 00:00:00-04:00,1.9600000381469727,2.180000066757202,1.899999976158142,1.899999976158142,443800,0.0,0.0
2025-07-24 00:00:00-04:00,1.909999966621399,2.0999999046325684,1.899999976158142,1.899999976158142,281500,0.0,0.0
2025-07-25 00:00:00-04:00,1.899999976158142,1.9700000286102295,1.7000000476837158,1.8799999952316284,192400,0.0,0.0
2025-07-28 00:00:00-04:00,1.8600000143051147,1.8899999856948853,1.7699999809265137,1.7699999809265137,105200,0.0,0.0
2025-07-29 00:00:00-04:00,1.7400000095367432,1.7699999809265137,1.25,1.3200000524520874,420000,0.0,0.0
2025-07-30 00:00:00-04:00,1.4299999475479126,1.5800000429153442,1.3300000429153442,1.3300000429153442,232200,0.0,0.0
2025-07-31 00:00:00-04:00,1.350000023841858,1.4500000476837158,1.149999976158142,1.159999966621399,351900,0.0,0.0
2025-08-01 00:00:00-04:00,1.1699999570846558,1.2000000476837158,1.0499999523162842,1.1799999475479126,117800,0.0,0.0
2025-08-04 00:00:00-04:00,1.149999976158142,1.2799999713897705,1.149999976158142,1.2699999809265137,123100,0.0,0.0
2025-08-05 00:00:00-04:00,1.190000057220459,1.2999999523162842,1.1699999570846558,1.25,100700,0.0,0.0
2025-08-06 00:00:00-04:00,1.1200000047683716,1.2400000095367432,1.1200000047683716,1.2200000286102295,84200,0.0,0.0
2025-08-07 00:00:00-04:00,1.2300000190734863,1.2400000095367432,1.149999976158142,1.159999966621399,59700,0.0,0.0
2025-08-08 00:00:00-04:00,1.149999976158142,1.190000057220459,1.0800000429153442,1.090000033378601,104400,0.0,0.0
2025-08-11 00:00:00-04:00,1.0800000429153442,1.1619999408721924,1.0800000429153442,1.1299999952316284,53200,0.0,0.0
2025-08-12 00:00:00-04:00,1.1200000047683716,1.2200000286102295,1.1139999628067017,1.1699999570846558,78600,0.0,0.0
2025-08-13 00:00:00-04:00,1.100000023841858,1.190000057220459,1.0099999904632568,1.1399999856948853,51000,0.0,0.0
2025-08-14 00:00:00-04:00,1.149999976158142,1.149999976158142,1.0700000524520874,1.090000033378601,31500,0.0,0.0
2025-08-15 00:00:00-04:00,1.0199999809265137,1.1239999532699585,1.0199999809265137,1.1100000143051147,41400,0.0,0.0
2025-08-18 00:00:00-04:00,1.0499999523162842,1.1419999599456787,1.0499999523162842,1.059999942779541,59900,0.0,0.0
2025-08-19 00:00:00-04:00,1.0399999618530273,1.1299999952316284,1.0299999713897705,1.0299999713897705,56200,0.0,0.0
2025-08-20 00:00:00-04:00,1.0299999713897705,1.0700000524520874,1.0299999713897705,1.0399999618530273,43800,0.0,0.0
2025-08-21 00:00:00-04:00,1.0299999713897705,1.059999942779541,1.0199999809265137,1.059999942779541,73700,0.0,0.0
2025-08-22 00:00:00-04:00,1.0299999713897705,1.059999942779541,1.0199999809265137,1.0499999523162842,35100,0.0,0.0
2025-08-25 00:00:00-04:00,1.0499999523162842,1.059999942779541,0.9800000190734863,0.9800000190734863,80900,0.0,0.0
2025-08-26 00:00:00-04:00,1.0,1.0099999904632568,0.9800000190734863,0.9909999966621399,46600,0.0,0.0
2025-08-27 00:00:00-04:00,1.3200000524520874,1.8200000524520874,1.149999976158142,1.6100000143051147,52525400,0.0,0.0
2025-08-28 00:00:00-04:00,1.659999966621399,2.4000000953674316,1.649999976158142,2.130000114440918,10795200,0.0,0.0
2025-08-29 00:00:00-04:00,2.200000047683716,2.200000047683716,1.718999981880188,1.7799999713897705,774600,0.0,0.0
2025-09-02 00:00:00-04:00,1.9500000476837158,2.180000066757202,1.9199999570846558,1.9900000095367432,666400,0.0,0.0
2025-09-03 00:00:00-04:00,2.0,2.109999895095825,1.9199999570846558,2.009999990463257,351400,0.0,0.0
2025-09-04 00:00:00-04:00,2.0,2.2899999618530273,2.0,2.1500000953674316,839600,0.0,0.0
2025-09-05 00:00:00-04:00,2.2100000381469727,2.369999885559082,2.194000005722046,2.3499999046325684,526100,0.0,0.0
2025-09-08 00:00:00-04:00,2.4000000953674316,2.7699999809265137,2.3299999237060547,2.740000009536743,628200,0.0,0.0
2025-09-09 00:00:00-04:00,2.799999952316284,5.760000228881836,2.799999952316284,4.53000020980835,26785300,0.0,0.0
2025-09-10 00:00:00-04:00,5.28000020980835,8.199999809265137,5.269999980926514,7.929999828338623,14122800,0.0,0.0
2025-09-11 00:00:00-04:00,8.960000038146973,9.0,5.199999809265137,6.5,3910000,0.0,0.0
2025-09-12 00:00:00-04:00,5.96999979019165,6.429999828338623,5.849999904632568,5.96999979019165,656600,0.0,0.0
2025-09-15 00:00:00-04:00,6.210000038146973,7.699999809265137,6.210000038146973,7.239999771118164,1347500,0.0,0.0
2025-09-16 00:00:00-04:00,7.489999771118164,7.739999771118164,7.010000228881836,7.25,381300,0.0,0.0
2025-09-17 00:00:00-04:00,7.46999979019165,7.889999866485596,6.849999904632568,7.369999885559082,617900,0.0,0.0
2025-09-18 00:00:00-04:00,7.369999885559082,7.940000057220459,7.199999809265137,7.800000190734863,530300,0.0,0.0
2025-09-19 00:00:00-04:00,7.949999809265137,8.0,7.03000020980835,7.550000190734863,373100,0.0,0.0
2025-09-22 00:00:00-04:00,7.699999809265137,8.0,7.079999923706055,7.769999980926514,2524300,0.0,0.0
2025-09-23 00:00:00-04:00,8.0,8.399999618530273,7.71999979019165,8.390000343322754,1896300,0.0,0.0
2025-09-24 00:00:00-04:00,8.199999809265137,8.859999656677246,8.109999656677246,8.609999656677246,1028800,0.0,0.0
2025-09-25 00:00:00-04:00,8.800000190734863,11.83899974822998,8.65999984741211,11.380000114440918,3371000,0.0,0.0
2025-09-26 00:00:00-04:00,11.699999809265137,11.84000015258789,8.649999618530273,9.739999771118164,1225200,0.0,0.0
2025-09-29 00:00:00-04:00,10.649999618530273,11.699000358581543,10.0,11.359999656677246,2005400,0.0,0.0
2025-09-30 00:00:00-04:00,11.600000381469727,12.229999542236328,11.199999809265137,12.229999542236328,1637000,0.0,0.0
2025-10-01 00:00:00-04:00,12.229999542236328,12.539999961853027,11.739999771118164,12.380000114440918,665700,0.0,0.0
2025-10-02 00:00:00-04:00,12.149999618530273,12.489999771118164,11.819999694824219,12.119999885559082,810300,0.0,0.0
2025-10-03 00:00:00-04:00,11.899999618530273,12.092000007629395,9.800000190734863,10.390000343322754,1490600,0.0,0.0
2025-10-06 00:00:00-04:00,10.390000343322754,10.390000343322754,10.390000343322754,10.390000343322754,0,0.0,0.0
2025-10-07 00:00:00-04:00,10.390000343322754,10.390000343322754,10.390000343322754,10.390000343322754,0,0.0,0.0
2025-10-08 00:00:00-04:00,10.390000343322754,10.390000343322754,10.390000343322754,10.390000343322754,0,0.0,0.0
2025-10-09 00:00:00-04:00,10.390000343322754,10.390000343322754,10.390000343322754,10.390000343322754,0,0.0,0.0
2025-10-10 00:00:00-04:00,10.390000343322754,10.390000343322754,10.390000343322754,10.390000343322754,0,0.0,0.0
2025-10-13 00:00:00-04:00,10.390000343322754,10.390000343322754,10.390000343322754,10.390000343322754,0,0.0,0.0
2025-10-14 00:00:00-04:00,10.390000343322754,10.390000343322754,10.390000343322754,10.390000343322754,0,0.0,0.0
2025-10-15 00:00:00-04:00,10.390000343322754,10.390000343322754,10.390000343322754,10.390000343322754,0,0.0,0.0
2025-10-16 00:00:00-04:00,10.390000343322754,10.390000343322754,10.390000343322754,10.390000343322754,0,0.0,0.0
2025-10-17 00:00:00-04:00,10.390000343322754,10.390000343322754,10.390000343322754,10.390000343322754,0,0.0,0.0
2025-10-20 00:00:00-04:00,10.390000343322754,10.390000343322754,10.390000343322754,10.390000343322754,0,0.0,0.0
2025-10-21 00:00:00-04:00,10.390000343322754,10.390000343322754,10.390000343322754,10.390000343322754,0,0.0,0.0
2025-10-22 00:00:00-04:00,10.390000343322754,10.390000343322754,10.390000343322754,10.390000343322754,0,0.0,0.0
2025-10-23 00:00:00-04:00,10.390000343322754,10.390000343322754,10.390000343322754,10.390000343322754,0,0.0,0.0
2025-10-24 00:00:00-04:00,10.390000343322754,10.390000343322754,10.390000343322754,10.390000343322754,0,0.0,0.0
2025-10-27 00:00:00-04:00,10.390000343322754,10.390000343322754,10.390000343322754,10.390000343322754,0,0.0,0.0
2025-10-28 00:00:00-04:00,10.390000343322754,10.390000343322754,10.390000343322754,10.390000343322754,0,0.0,0.0
2025-10-29 00:00:00-04:00,10.390000343322754,10.390000343322754,10.390000343322754,10.390000343322754,0,0.0,0.0
2025-10-30 00:00:00-04:00,10.390000343322754,10.390000343322754,10.390000343322754,10.390000343322754,0,0.0,0.0
2025-10-31 00:00:00-04:00,10.390000343322754,10.390000343322754,10.390000343322754,10.390000343322754,0,0.0,0.0
2025-11-03 00:00:00-05:00,10.390000343322754,10.390000343322754,10.390000343322754,10.390000343322754,0,0.0,0.0
2025-11-04 00:00:00-05:00,10.390000343322754,10.390000343322754,10.390000343322754,10.390000343322754,0,0.0,0.0
2025-11-05 00:00:00-05:00,10.390000343322754,10.390000343322754,10.390000343322754,10.390000343322754,0,0.0,0.0
2025-11-06 00:00:00-05:00,10.390000343322754,10.390000343322754,10.390000343322754,10.390000343322754,0,0.0,0.0
2025-11-07 00:00:00-05:00,10.390000343322754,10.390000343322754,10.390000343322754,10.390000343322754,0,0.0,0.0
2025-11-10 00:00:00-05:00,10.390000343322754,10.390000343322754,10.390000343322754,10.390000343322754,0,0.0,0.0
2025-11-11 00:00:00-05:00,10.390000343322754,10.390000343322754,10.390000343322754,10.390000343322754,0,0.0,0.0
2025-11-12 00:00:00-05:00,10.390000343322754,10.390000343322754,10.390000343322754,10.390000343322754,0,0.0,0.0
2025-11-13 00:00:00-05:00,10.390000343322754,10.390000343322754,10.390000343322754,10.390000343322754,0,0.0,0.0
2025-11-14 00:00:00-05:00,10.390000343322754,10.390000343322754,10.390000343322754,10.390000343322754,0,0.0,0.0
2025-11-17 00:00:00-05:00,10.390000343322754,10.390000343322754,10.390000343322754,10.390000343322754,0,0.0,0.0
2025-11-18 00:00:00-05:00,10.390000343322754,10.390000343322754,10.390000343322754,10.390000343322754,0,0.0,0.0
2025-11-19 00:00:00-05:00,10.390000343322754,10.390000343322754,10.390000343322754,10.390000343322754,0,0.0,0.0
2025-11-20 00:00:00-05:00,10.390000343322754,10.390000343322754,10.390000343322754,10.390000343322754,0,0.0,0.0
2025-11-21 00:00:00-05:00,10.390000343322754,10.390000343322754,10.390000343322754,10.390000343322754,0,0.0,0.0
2025-11-24 00:00:00-05:00,10.390000343322754,10.390000343322754,10.390000343322754,10.390000343322754,0,0.0,0.0
2025-11-25 00:00:00-05:00,10.390000343322754,10.390000343322754,10.390000343322754,10.390000343322754,0,0.0,0.0
2025-11-26 00:00:00-05:00,10.390000343322754,10.390000343322754,10.390000343322754,10.390000343322754,0,0.0,0.0
2025-11-28 00:00:00-05:00,10.390000343322754,10.390000343322754,10.390000343322754,10.390000343322754,0,0.0,0.0
2025-12-01 00:00:00-05:00,10.390000343322754,10.390000343322754,10.390000343322754,10.390000343322754,0,0.0,0.0
2025-12-02 00:00:00-05:00,10.390000343322754,10.390000343322754,10.390000343322754,10.390000343322754,0,0.0,0.0
2025-12-03 00:00:00-05:00,10.390000343322754,10.390000343322754,10.390000343322754,10.390000343322754,0,0.0,0.0
2025-12-04 00:00:00-05:00,10.390000343322754,10.390000343322754,10.390000343322754,10.390000343322754,0,0.0,0.0
2025-12-05 00:00:00-05:00,10.390000343322754,10.390000343322754,10.390000343322754,10.390000343322754,0,0.0,0.0
2025-12-08 00:00:00-05:00,10.390000343322754,10.390000343322754,10.390000343322754,10.390000343322754,0,0.0,0.0
2025-12-09 00:00:00-05:00,10.390000343322754,10.390000343322754,10.390000343322754,10.390000343322754,0,0.0,0.0
2025-12-10 00:00:00-05:00,10.390000343322754,10.390000343322754,10.390000343322754,10.390000343322754,0,0.0,0.0
2025-12-11 00:00:00-05:00,10.390000343322754,10.390000343322754,10.390000343322754,10.390000343322754,0,0.0,0.0
2025-12-12 00:00:00-05:00,10.390000343322754,10.390000343322754,10.390000343322754,10.390000343322754,0,0.0,0.0
2025-12-15 00:00:00-05:00,10.390000343322754,10.390000343322754,10.390000343322754,10.390000343322754,0,0.0,0.0
2025-12-16 00:00:00-05:00,10.390000343322754,10.390000343322754,10.390000343322754,10.390000343322754,0,0.0,0.0
2025-12-17 00:00:00-05:00,10.390000343322754,10.390000343322754,10.390000343322754,10.390000343322754,0,0.0,0.0
2025-12-18 00:00:00-05:00,10.390000343322754,10.390000343322754,10.390000343322754,10.390000343322754,0,0.0,0.0
2025-12-19 00:00:00-05:00,10.390000343322754,10.390000343322754,10.390000343322754,10.390000343322754,0,0.0,0.0
2025-12-22 00:00:00-05:00,10.390000343322754,10.390000343322754,10.390000343322754,10.390000343322754,0,0.0,0.0
2025-12-23 00:00:00-05:00,10.390000343322754,10.390000343322754,10.390000343322754,10.390000343322754,0,0.0,0.0
2025-12-24 00:00:00-05:00,10.390000343322754,10.390000343322754,10.390000343322754,10.390000343322754,0,0.0,0.0
2025-12-26 00:00:00-05:00,10.390000343322754,10.390000343322754,10.390000343322754,10.390000343322754,0,0.0,0.0
2025-12-29 00:00:00-05:00,10.390000343322754,10.390000343322754,10.390000343322754,10.390000343322754,0,0.0,0.0
2025-12-30 00:00:00-05:00,10.390000343322754,10.390000343322754,10.390000343322754,10.390000343322754,0,0.0,0.0
2025-12-31 00:00:00-05:00,10.390000343322754,10.390000343322754,10.390000343322754,10.390000343322754,0,0.0,0.0
2026-01-02 00:00:00-05:00,10.390000343322754,10.390000343322754,10.390000343322754,10.390000343322754,0,0.0,0.0
2026-01-05 00:00:00-05:00,10.390000343322754,10.390000343322754,10.390000343322754,10.390000343322754,0,0.0,0.0
2026-01-06 00:00:00-05:00,10.390000343322754,10.390000343322754,10.390000343322754,10.390000343322754,0,0.0,0.0
2026-01-07 00:00:00-05:00,10.390000343322754,10.390000343322754,10.390000343322754,10.390000343322754,0,0.0,0.0
2026-01-08 00:00:00-05:00,10.390000343322754,10.390000343322754,10.390000343322754,10.390000343322754,0,0.0,0.0
2026-01-09 00:00:00-05:00,10.390000343322754,10.390000343322754,10.390000343322754,10.390000343322754,0,0.0,0.0
2026-01-12 00:00:00-05:00,10.390000343322754,10.390000343322754,10.390000343322754,10.390000343322754,0,0.0,0.0
2026-01-13 00:00:00-05:00,10.390000343322754,10.390000343322754,10.390000343322754,10.390000343322754,0,0.0,0.0
2026-01-14 00:00:00-05:00,10.390000343322754,10.390000343322754,10.390000343322754,10.390000343322754,0,0.0,0.0
2026-01-15 00:00:00-05:00,10.390000343322754,10.390000343322754,10.390000343322754,10.390000343322754,0,0.0,0.0
2026-01-16 00:00:00-05:00,10.390000343322754,10.390000343322754,10.390000343322754,10.390000343322754,0,0.0,0.0
2026-01-20 00:00:00-05:00,10.390000343322754,10.390000343322754,10.390000343322754,10.390000343322754,0,0.0,0.0
2026-01-21 00:00:00-05:00,10.390000343322754,10.390000343322754,10.390000343322754,10.390000343322754,0,0.0,0.0
2026-01-22 00:00:00-05:00,10.390000343322754,10.390000343322754,10.390000343322754,10.390000343322754,0,0.0,0.0
2026-01-23 00:00:00-05:00,10.390000343322754,10.390000343322754,10.390000343322754,10.390000343322754,0,0.0,0.0
2026-01-26 00:00:00-05:00,10.390000343322754,10.390000343322754,10.390000343322754,10.390000343322754,0,0.0,0.0
2026-01-27 00:00:00-05:00,10.390000343322754,10.390000343322754,10.390000343322754,10.390000343322754,0,0.0,0.0
2026-01-28 00:00:00-05:00,10.390000343322754,10.390000343322754,10.390000343322754,10.390000343322754,0,0.0,0.0
2026-01-29 00:00:00-05:00,10.390000343322754,10.390000343322754,10.390000343322754,10.390000343322754,0,0.0,0.0
2026-01-30 00:00:00-05:00,10.390000343322754,10.390000343322754,10.390000343322754,10.390000343322754,0,0.0,0.0
2026-02-02 00:00:00-05:00,10.390000343322754,10.390000343322754,10.390000343322754,10.390000343322754,0,0.0,0.0
2026-02-03 00:00:00-05:00,10.390000343322754,10.390000343322754,10.390000343322754,10.390000343322754,0,0.0,0.0
2026-02-04 00:00:00-05:00,10.390000343322754,10.390000343322754,10.390000343322754,10.390000343322754,0,0.0,0.0
2026-02-05 00:00:00-05:00,10.390000343322754,10.390000343322754,10.390000343322754,10.390000343322754,0,0.0,0.0
2026-02-06 00:00:00-05:00,10.390000343322754,10.390000343322754,10.390000343322754,10.390000343322754,0,0.0,0.0
2026-02-09 00:00:00-05:00,10.390000343322754,10.390000343322754,10.390000343322754,10.390000343322754,0,0.0,0.0
2026-02-10 00:00:00-05:00,10.390000343322754,10.390000343322754,10.390000343322754,10.390000343322754,0,0.0,0.0
2026-02-11 00:00:00-05:00,10.390000343322754,10.390000343322754,10.390000343322754,10.390000343322754,0,0.0,0.0
2026-02-12 00:00:00-05:00,10.390000343322754,10.390000343322754,10.390000343322754,10.390000343322754,0,0.0,0.0
2026-02-13 00:00:00-05:00,10.390000343322754,10.390000343322754,10.390000343322754,10.390000343322754,0,0.0,0.0
2026-02-17 00:00:00-05:00,10.390000343322754,10.390000343322754,10.390000343322754,10.390000343322754,0,0.0,0.0
2026-02-18 00:00:00-05:00,10.390000343322754,10.390000343322754,10.390000343322754,10.390000343322754,0,0.0,0.0
2026-02-19 00:00:00-05:00,10.390000343322754,10.390000343322754,10.390000343322754,10.390000343322754,0,0.0,0.0
2026-02-20 00:00:00-05:00,10.390000343322754,10.390000343322754,10.390000343322754,10.390000343322754,0,0.0,0.0
2026-02-23 00:00:00-05:00,10.390000343322754,10.390000343322754,10.390000343322754,10.390000343322754,0,0.0,0.0
2026-02-24 00:00:00-05:00,10.390000343322754,10.390000343322754,10.390000343322754,10.390000343322754,0,0.0,0.0
2026-02-25 00:00:00-05:00,10.390000343322754,10.390000343322754,10.390000343322754,10.390000343322754,0,0.0,0.0
2026-02-26 00:00:00-05:00,10.390000343322754,10.390000343322754,10.390000343322754,10.390000343322754,0,0.0,0.0
2026-02-27 00:00:00-05:00,10.390000343322754,10.390000343322754,10.390000343322754,10.390000343322754,0,0.0,0.0
2026-03-02 00:00:00-05:00,10.390000343322754,10.390000343322754,10.390000343322754,10.390000343322754,0,0.0,0.0
2026-03-03 00:00:00-05:00,10.390000343322754,10.390000343322754,10.390000343322754,10.390000343322754,0,0.0,0.0
2026-03-04 00:00:00-05:00,10.390000343322754,10.390000343322754,10.390000343322754,10.390000343322754,0,0.0,0.0
2026-03-05 00:00:00-05:00,10.390000343322754,10.390000343322754,10.390000343322754,10.390000343322754,0,0.0,0.0
2026-03-06 00:00:00-05:00,10.390000343322754,10.390000343322754,10.390000343322754,10.390000343322754,0,0.0,0.0
2026-03-09 00:00:00-04:00,10.390000343322754,10.390000343322754,10.390000343322754,10.390000343322754,0,0.0,0.0
2026-03-10 00:00:00-04:00,10.390000343322754,10.390000343322754,10.390000343322754,10.390000343322754,0,0.0,0.0
2026-03-11 00:00:00-04:00,10.390000343322754,10.390000343322754,10.390000343322754,10.390000343322754,0,0.0,0.0
2026-03-12 00:00:00-04:00,10.390000343322754,10.390000343322754,10.390000343322754,10.390000343322754,0,0.0,0.0
2026-03-13 00:00:00-04:00,10.390000343322754,10.390000343322754,10.390000343322754,10.390000343322754,0,0.0,0.0
2026-03-16 00:00:00-04:00,10.390000343322754,10.390000343322754,10.390000343322754,10.390000343322754,0,0.0,0.0
2026-03-17 00:00:00-04:00,10.390000343322754,10.390000343322754,10.390000343322754,10.390000343322754,0,0.0,0.0
2026-03-18 00:00:00-04:00,10.390000343322754,10.390000343322754,10.390000343322754,10.390000343322754,0,0.0,0.0
2026-03-19 00:00:00-04:00,10.390000343322754,10.390000343322754,10.390000343322754,10.390000343322754,0,0.0,0.0
2026-03-20 00:00:00-04:00,10.390000343322754,10.390000343322754,10.390000343322754,10.390000343322754,0,0.0,0.0
2026-03-23 00:00:00-04:00,10.390000343322754,10.390000343322754,10.390000343322754,10.390000343322754,0,0.0,0.0
2026-03-24 00:00:00-04:00,10.390000343322754,10.390000343322754,10.390000343322754,10.390000343322754,0,0.0,0.0
2026-03-25 00:00:00-04:00,10.390000343322754,10.390000343322754,10.390000343322754,10.390000343322754,0,0.0,0.0
2026-03-26 00:00:00-04:00,10.390000343322754,10.390000343322754,10.390000343322754,10.390000343322754,0,0.0,0.0
2026-03-27 00:00:00-04:00,10.390000343322754,10.390000343322754,10.390000343322754,10.390000343322754,0,0.0,0.0
2026-03-30 00:00:00-04:00,10.390000343322754,10.390000343322754,10.390000343322754,10.390000343322754,0,0.0,0.0
2026-03-31 00:00:00-04:00,10.390000343322754,10.390000343322754,10.390000343322754,10.390000343322754,0,0.0,0.0
2026-04-01 00:00:00-04:00,10.390000343322754,10.390000343322754,10.390000343322754,10.390000343322754,0,0.0,0.0
2026-04-02 00:00:00-04:00,10.390000343322754,10.390000343322754,10.390000343322754,10.390000343322754,0,0.0,0.0
2026-04-06 00:00:00-04:00,10.390000343322754,10.390000343322754,10.390000343322754,10.390000343322754,0,0.0,0.0
2026-04-07 00:00:00-04:00,10.390000343322754,10.390000343322754,10.390000343322754,10.390000343322754,0,0.0,0.0
2026-04-08 00:00:00-04:00,10.390000343322754,10.390000343322754,10.390000343322754,10.390000343322754,0,0.0,0.0
2026-04-09 00:00:00-04:00,10.390000343322754,10.390000343322754,10.390000343322754,10.390000343322754,0,0.0,0.0
2026-04-10 00:00:00-04:00,10.390000343322754,10.390000343322754,10.390000343322754,10.390000343322754,0,0.0,0.0
2026-04-13 00:00:00-04:00,10.390000343322754,10.390000343322754,10.390000343322754,10.390000343322754,0,0.0,0.0
2026-04-14 00:00:00-04:00,10.390000343322754,10.390000343322754,10.390000343322754,10.390000343322754,0,0.0,0.0
2026-04-15 00:00:00-04:00,10.390000343322754,10.390000343322754,10.390000343322754,10.390000343322754,0,0.0,0.0
2026-04-16 00:00:00-04:00,10.390000343322754,10.390000343322754,10.390000343322754,10.390000343322754,0,0.0,0.0
2026-04-17 00:00:00-04:00,10.390000343322754,10.390000343322754,10.390000343322754,10.390000343322754,0,0.0,0.0
2026-04-20 00:00:00-04:00,10.390000343322754,10.390000343322754,10.390000343322754,10.390000343322754,0,0.0,0.0
2026-04-21 00:00:00-04:00,10.390000343322754,10.390000343322754,10.390000343322754,10.390000343322754,0,0.0,0.0
2026-04-22 00:00:00-04:00,10.390000343322754,10.390000343322754,10.390000343322754,10.390000343322754,0,0.0,0.0
2026-04-23 00:00:00-04:00,10.390000343322754,10.390000343322754,10.390000343322754,10.390000343322754,0,0.0,0.0
2026-04-24 00:00:00-04:00,10.390000343322754,10.390000343322754,10.390000343322754,10.390000343322754,0,0.0,0.0
2026-04-27 00:00:00-04:00,10.390000343322754,10.390000343322754,10.390000343322754,10.390000343322754,0,0.0,0.0
2026-04-28 00:00:00-04:00,10.390000343322754,10.390000343322754,10.390000343322754,10.390000343322754,0,0.0,0.0
2026-04-29 00:00:00-04:00,10.390000343322754,10.390000343322754,10.390000343322754,10.390000343322754,0,0.0,0.0
2026-04-30 00:00:00-04:00,10.390000343322754,10.390000343322754,10.390000343322754,10.390000343322754,0,0.0,0.0
2026-05-01 00:00:00-04:00,10.390000343322754,10.390000343322754,10.390000343322754,10.390000343322754,0,0.0,0.0
2026-05-04 00:00:00-04:00,10.390000343322754,10.390000343322754,10.390000343322754,10.390000343322754,0,0.0,0.0
2026-05-05 00:00:00-04:00,10.390000343322754,10.390000343322754,10.390000343322754,10.390000343322754,0,0.0,0.0
2026-05-06 00:00:00-04:00,10.390000343322754,10.390000343322754,10.390000343322754,10.390000343322754,0,0.0,0.0
2026-05-07 00:00:00-04:00,10.390000343322754,10.390000343322754,10.390000343322754,10.390000343322754,0,0.0,0.0
2026-05-08 00:00:00-04:00,10.390000343322754,10.390000343322754,10.390000343322754,10.390000343322754,0,0.0,0.0
