Date,Open,High,Low,Close,Volume,Dividends,Stock Splits
2022-01-03 00:00:00-05:00,7.709117714918172,7.709117714918172,7.6851019859313965,7.6851019859313965,20700,0.0,0.0
2022-01-04 00:00:00-05:00,7.6610817301446374,7.669087223689776,7.6370660129551045,7.645071506500244,9600,0.0,0.0
2022-01-05 00:00:00-05:00,7.637067786580258,7.645073281984586,7.581030845642089,7.58103084564209,12800,0.0,0.0
2022-01-06 00:00:00-05:00,7.565019960848547,7.565019960848547,7.557014465332031,7.557014465332031,8500,0.0,0.0
2022-01-07 00:00:00-05:00,7.5490103323607105,7.565020561218262,7.524993843905185,7.565020561218262,5900,0.0,0.0
2022-01-10 00:00:00-05:00,7.533000590775826,7.565021817253607,7.516990359260066,7.541006088256836,3500,0.0,0.0
2022-01-11 00:00:00-05:00,7.533001129126305,7.669091542244222,7.500979900360107,7.500979900360107,20500,0.0,0.0
2022-01-12 00:00:00-05:00,7.565020561218262,7.565020561218262,7.516989111199477,7.565020561218262,17900,0.0,0.0
2022-01-13 00:00:00-05:00,7.557014465332031,7.581030951881578,7.549009733261589,7.557014465332031,18600,0.0,0.0
2022-01-14 00:00:00-05:00,7.5330023765563965,7.541007875935198,7.516992141245234,7.5330023765563965,14600,0.0,0.0
2022-01-18 00:00:00-05:00,7.500981664093549,7.500981664093549,7.420928955078125,7.420928955078125,9600,0.0,0.0
2022-01-19 00:00:00-05:00,7.436937112959285,7.436937112959285,7.252815246582031,7.252815246582031,28300,0.0,0.0
2022-01-20 00:00:00-05:00,7.276831431881099,7.364889621734619,7.276831431881099,7.364889621734619,45800,0.0,0.0
2022-01-21 00:00:00-05:00,7.2878368708966486,7.384151804578268,7.2878368708966486,7.335994720458984,24400,0.024,0.0
2022-01-24 00:00:00-05:00,7.287837643989125,7.528625386457418,7.263759099375235,7.360074043273926,56500,0.0,0.0
2022-01-25 00:00:00-05:00,7.21559937093504,7.4002035395512955,7.183494397972596,7.392177104949951,21000,0.0,0.0
2022-01-26 00:00:00-05:00,7.4323110622459225,7.45638960886742,7.376126766204834,7.376126766204834,28700,0.0,0.0
2022-01-27 00:00:00-05:00,7.392179175333248,7.432310594136946,7.3761263016345096,7.400205612182617,13200,0.0,0.0
2022-01-28 00:00:00-05:00,7.408229208709707,7.43230851251374,7.3520456973861625,7.392177104949951,15200,0.0,0.0
2022-01-31 00:00:00-05:00,7.376123284747112,7.4884910583496085,7.352044749490446,7.488491058349609,7200,0.0,0.0
2022-02-01 00:00:00-05:00,7.488492646867122,7.544676162865039,7.488492646867122,7.528624057769775,16500,0.0,0.0
2022-02-02 00:00:00-05:00,7.528622794441611,7.592832734934015,7.488491390273141,7.504544258117676,15200,0.0,0.0
2022-02-03 00:00:00-05:00,7.504546003297681,7.504546003297681,7.2557318519458045,7.408230304718018,8000,0.0,0.0
2022-02-04 00:00:00-05:00,7.408228085169635,7.440333818705822,7.352044582366943,7.352044582366943,8400,0.0,0.0
2022-02-07 00:00:00-05:00,7.392179175333248,7.400205612182617,7.3761263016345096,7.400205612182617,16600,0.0,0.0
2022-02-08 00:00:00-05:00,7.400207184273614,7.5045485891521295,7.384154307164622,7.440338611602783,26600,0.0,0.0
2022-02-09 00:00:00-05:00,7.432309654140603,7.432309654140603,7.311915412956291,7.335994720458984,17200,0.0,0.0
2022-02-10 00:00:00-05:00,7.319942497796696,7.376126022731596,7.255732536315918,7.255732536315918,13800,0.0,0.0
2022-02-11 00:00:00-05:00,7.271785560529698,7.303890541937291,7.2557326871043335,7.295864105224609,7000,0.0,0.0
2022-02-14 00:00:00-05:00,7.279812735045724,7.303892050156033,7.119287794860125,7.167445659637451,24700,0.0,0.0
2022-02-15 00:00:00-05:00,7.135340297427546,7.287838791246116,7.135340297427546,7.247707366943359,21400,0.0,0.0
2022-02-16 00:00:00-05:00,7.20757453103001,7.231653840161659,7.143364570898486,7.215600967407227,68200,0.0,0.0
2022-02-17 00:00:00-05:00,7.19467594948194,7.267105699332783,7.11419904658585,7.146389961242676,43200,0.024,0.0
2022-02-18 00:00:00-05:00,7.138341225887413,7.210770967470641,7.122246154142172,7.154437065124512,17900,0.0,0.0
2022-02-22 00:00:00-05:00,7.122246354651009,7.146389346694483,7.122246354651009,7.138341426849365,18200,0.0,0.0
2022-02-23 00:00:00-05:00,7.122248769064938,7.259060382843018,7.122248769064938,7.259060382843018,27000,0.0,0.0
2022-02-24 00:00:00-05:00,7.2027236382267095,7.299296379089356,7.194675717948509,7.2992963790893555,33300,0.0,0.0
2022-02-25 00:00:00-05:00,7.32344114692911,7.32344114692911,7.2751543861121855,7.291250228881836,7700,0.0,0.0
2022-02-28 00:00:00-05:00,7.315392494201659,7.331487567870209,7.299296653041161,7.31539249420166,10800,0.0,0.0
2022-03-01 00:00:00-05:00,7.339534282684326,7.428059092048034,7.315391292401829,7.339534282684326,24100,0.0,0.0
2022-03-02 00:00:00-05:00,7.3717277229972495,7.3717277229972495,7.315393803834268,7.3475847244262695,6000,0.0,0.0
2022-03-03 00:00:00-05:00,7.363679218869183,7.379775061638833,7.291250228881836,7.291250228881836,13500,0.0,0.0
2022-03-04 00:00:00-05:00,7.2832033317581155,7.315394254332507,7.170534719001681,7.2671074867248535,17600,0.0,0.0
2022-03-07 00:00:00-05:00,7.315395875199721,7.315395875199721,7.154441226665158,7.18663215637207,17100,0.0,0.0
2022-03-08 00:00:00-05:00,7.130293869619578,7.202723616925339,7.130293869619578,7.170532703399658,7600,0.0,0.0
2022-03-09 00:00:00-05:00,7.146389145505962,7.1705321368697525,7.106150314905074,7.154437065124512,11800,0.0,0.0
2022-03-10 00:00:00-05:00,7.146393641713935,7.146393641713935,7.09005970392488,7.098106861114502,15600,0.0,0.0
2022-03-11 00:00:00-05:00,7.138341337408067,7.138341337408067,7.082007434181847,7.122246265411377,10100,0.0,0.0
2022-03-14 00:00:00-04:00,7.082011089180987,7.10615409338207,7.033724313286554,7.073963165283203,17300,0.0,0.0
2022-03-15 00:00:00-04:00,7.073959260567019,7.09005509947793,7.049816269692493,7.057864189147949,22300,0.0,0.0
2022-03-16 00:00:00-04:00,7.041768183892057,7.049816103157401,6.929099616652728,7.00957727432251,23100,0.0,0.0
2022-03-17 00:00:00-04:00,6.993485461289905,7.073963165283203,6.993485461289905,7.073963165283203,2100,0.0,0.0
2022-03-18 00:00:00-04:00,7.057863883019238,7.073958953740199,7.0015292167663565,7.001529216766357,10500,0.0,0.0
2022-03-21 00:00:00-04:00,6.969339876939577,6.985435718776232,6.864719207477262,6.921053886413574,23800,0.0,0.0
2022-03-22 00:00:00-04:00,6.872767079253879,6.945196832016976,6.872767079253879,6.92910099029541,7800,0.0,0.0
2022-03-23 00:00:00-04:00,6.948469638824463,6.948469638824463,6.932329574655162,6.948469638824463,6500,0.024,0.0
2022-03-24 00:00:00-04:00,6.9484695904548035,6.956540007301933,6.883907794952393,6.883907794952393,6700,0.0,0.0
2022-03-25 00:00:00-04:00,6.85162650080639,6.924258708953857,6.835486437683212,6.924258708953857,17500,0.0,0.0
2022-03-28 00:00:00-04:00,6.9161882400512695,6.932329072689139,6.875837697731118,6.9161882400512695,6900,0.0,0.0
2022-03-29 00:00:00-04:00,6.900050112949651,6.908120531532846,6.859698789671148,6.891979694366455,16000,0.0,0.0
2022-03-30 00:00:00-04:00,6.932329019474527,6.972680331122191,6.827415917045504,6.851626396179199,36200,0.0,0.0
2022-03-31 00:00:00-04:00,6.859697912841052,6.964611032099812,6.843557077737837,6.932330131530762,20500,0.0,0.0
2022-04-01 00:00:00-04:00,6.883907396690012,6.964610021217703,6.883907396690012,6.924258708953857,9500,0.0,0.0
2022-04-04 00:00:00-04:00,6.948470706778111,6.956541124921812,6.883908900903367,6.908120155334473,16600,0.0,0.0
2022-04-05 00:00:00-04:00,6.851627379428112,6.891978696866428,6.827416896820068,6.827416896820068,6600,0.0,0.0
2022-04-06 00:00:00-04:00,6.78706693649292,6.819347842970843,6.778996517464059,6.78706693649292,13200,0.0,0.0
2022-04-07 00:00:00-04:00,6.827414949905912,6.827414949905912,6.7305722774521515,6.738642692565918,19000,0.0,0.0
2022-04-08 00:00:00-04:00,6.738642692565918,6.738642692565918,6.706361801747997,6.738642692565918,14500,0.0,0.0
2022-04-11 00:00:00-04:00,6.738644021374856,6.738644021374856,6.657941393597543,6.666011810302734,21500,0.0,0.0
2022-04-12 00:00:00-04:00,6.71443312982983,6.71443312982983,6.561099052429199,6.561099052429199,28600,0.0,0.0
2022-04-13 00:00:00-04:00,6.561098574002255,6.625660367109214,6.561098574002255,6.617589950561523,18400,0.0,0.0
2022-04-14 00:00:00-04:00,6.617590004903829,6.617590004903829,6.569169044494629,6.569169044494629,24700,0.0,0.0
2022-04-18 00:00:00-04:00,6.57723911706421,6.59337995133656,6.544958218156849,6.561099052429199,17600,0.0,0.0
2022-04-19 00:00:00-04:00,6.544957794652739,6.569169044494629,6.536888147676065,6.569169044494629,36700,0.0,0.0
2022-04-20 00:00:00-04:00,6.585308051663886,6.617588943303918,6.536887099022421,6.609518527984619,30700,0.0,0.0
2022-04-21 00:00:00-04:00,6.59656849901616,6.628944265969769,6.467065431201729,6.523723602294922,54600,0.024,0.0
2022-04-22 00:00:00-04:00,6.507536752355619,6.556100799328877,6.499442615876852,6.531818389892578,27800,0.0,0.0
2022-04-25 00:00:00-04:00,6.515629812235926,6.5560997160434455,6.483254043569753,6.5480055809021,41700,0.0,0.0
2022-04-26 00:00:00-04:00,6.564192777695726,6.5803810472346544,6.523723647646761,6.5560994148254395,27600,0.0,0.0
2022-04-27 00:00:00-04:00,6.572288132148255,6.572288132148255,6.45087878972231,6.515630722045898,81300,0.0,0.0
2022-04-28 00:00:00-04:00,6.52372601138528,6.564195156097412,6.515631873683072,6.564195156097412,19600,0.0,0.0
2022-04-29 00:00:00-04:00,6.556100279484403,6.588476050932998,6.45087844335201,6.499442100524902,28600,0.0,0.0
2022-05-02 00:00:00-04:00,6.5318177454444655,6.5318177454444655,6.426596683249607,6.458972454071045,30700,0.0,0.0
2022-05-03 00:00:00-04:00,6.483253957294918,6.653226933505246,6.45087780310998,6.604662895202637,44900,0.0,0.0
2022-05-04 00:00:00-04:00,6.572287214426926,6.572287214426926,6.515629812235926,6.5480055809021,12000,0.0,0.0
2022-05-05 00:00:00-04:00,6.515630466007317,6.515630466007317,6.418502764313501,6.442784786224365,36800,0.0,0.0
2022-05-06 00:00:00-04:00,6.458971761405849,6.491347914704875,6.37803234303226,6.475159645080566,53400,0.0,0.0
2022-05-09 00:00:00-04:00,6.418503504431655,6.4751613047904595,6.402315616607666,6.402315616607666,29800,0.0,0.0
2022-05-10 00:00:00-04:00,6.491348830046096,6.491348830046096,6.4023148783561385,6.442784786224365,9100,0.0,0.0
2022-05-11 00:00:00-04:00,6.458972672181727,6.483254694092593,6.442784786224365,6.442784786224365,11200,0.0,0.0
2022-05-12 00:00:00-04:00,6.458973814805799,6.458973814805799,6.305188678030695,6.394222259521484,49000,0.0,0.0
2022-05-13 00:00:00-04:00,6.378031768343633,6.386125516476914,6.305186105396322,6.353749752044678,56300,0.0,0.0
2022-05-16 00:00:00-04:00,6.361844494640811,6.361844494640811,6.297092959582822,6.329468727111816,32900,0.0,0.0
2022-05-17 00:00:00-04:00,6.321374154310482,6.345656171249767,6.288998389024478,6.3051862716674805,17600,0.0,0.0
2022-05-18 00:00:00-04:00,6.297092691956352,6.329468458109376,6.248528656777239,6.256622791290283,29500,0.0,0.0
2022-05-19 00:00:00-04:00,6.288999732230584,6.31328175435603,6.264717710105138,6.297093868255615,41200,0.0,0.0
2022-05-20 00:00:00-04:00,6.332816675875663,6.332816675875663,6.284102361950452,6.324697494506836,46600,0.024,0.0
2022-05-23 00:00:00-04:00,6.332816908522201,6.373411655426025,6.316578932331893,6.373411655426025,33100,0.0,0.0
2022-05-24 00:00:00-04:00,6.38153076171875,6.41400671371578,6.365292785720234,6.38153076171875,30900,0.0,0.0
2022-05-25 00:00:00-04:00,6.405887135236162,6.592624041220824,6.3734111852513395,6.543910503387451,84600,0.0,0.0
2022-05-26 00:00:00-04:00,6.560148781466454,6.65757664167186,6.560148781466454,6.616981506347656,51000,0.0,0.0
2022-05-27 00:00:00-04:00,6.665696764839587,6.730648680814879,6.657577581770697,6.681934356689453,37300,0.0,0.0
2022-05-31 00:00:00-04:00,6.657577023945659,6.74688648164456,6.6251010686791085,6.72252893447876,30000,0.0,0.0
2022-06-01 00:00:00-04:00,6.70629134398941,6.72252893447876,6.673815388722859,6.72252893447876,23800,0.0,0.0
2022-06-02 00:00:00-04:00,6.706291274742508,6.722528865064195,6.681933727828216,6.698172092437744,19300,0.0,0.0
2022-06-03 00:00:00-04:00,6.698172510000756,6.698172510000756,6.608863821944386,6.6413397789001465,20100,0.0,0.0
2022-06-06 00:00:00-04:00,6.681933727828216,6.722528865064195,6.625101000270551,6.698172092437744,34300,0.0,0.0
2022-06-07 00:00:00-04:00,6.706291350939047,6.706291350939047,6.665696213241828,6.6900529861450195,10800,0.0,0.0
2022-06-08 00:00:00-04:00,6.714411088965012,6.714411088965012,6.665696764839587,6.681934356689453,16700,0.0,0.0
2022-06-09 00:00:00-04:00,6.665695818513823,6.7144101357233,6.62510068322056,6.6494574546813965,14800,0.0,0.0
2022-06-10 00:00:00-04:00,6.649458909490062,6.649458909490062,6.576388579120787,6.584506988525391,28600,0.0,0.0
2022-06-13 00:00:00-04:00,6.568268474409722,6.568268474409722,6.422126285587634,6.454602241516113,36500,0.0,0.0
2022-06-14 00:00:00-04:00,6.4951968898102335,6.527672843287772,6.438363777652588,6.5195536613464355,34300,0.0,0.0
2022-06-15 00:00:00-04:00,6.5276727772698635,6.5276727772698635,6.414006941248042,6.46272087097168,13600,0.0,0.0
2022-06-16 00:00:00-04:00,6.45460239928062,6.487078356002882,6.3815316902275026,6.478959560394287,25600,0.0,0.0
2022-06-17 00:00:00-04:00,6.511435904260491,6.584506226169667,6.478959560394287,6.478959560394287,69200,0.0,0.0
2022-06-21 00:00:00-04:00,6.470841483530257,6.503317832946777,6.422127540121488,6.503317832946777,28100,0.0,0.0
2022-06-22 00:00:00-04:00,6.506573491514905,6.596151348319245,6.490286714361587,6.571720600128174,12300,0.024,0.0
2022-06-23 00:00:00-04:00,6.588006911978639,6.59615049365383,6.465855905002208,6.490285873413086,84000,0.0,0.0
2022-06-24 00:00:00-04:00,6.4902863750758515,6.555433868590872,6.368135746965208,6.433282852172852,47200,0.0,0.0
2022-06-27 00:00:00-04:00,6.433283701969457,6.474000453948975,6.392566561682511,6.474000453948975,17400,0.0,0.0
2022-06-28 00:00:00-04:00,6.4251389941193455,6.58800713845599,6.4251389941193455,6.539146423339844,34600,0.0,0.0
2022-06-29 00:00:00-04:00,6.563577636660488,6.604293996106572,6.498430141301638,6.579864025115967,22300,0.0,0.0
2022-06-30 00:00:00-04:00,6.596150726375692,6.60429353172348,6.547290011215365,6.563577175140381,24000,0.0,0.0
2022-07-01 00:00:00-04:00,6.5961511901862195,6.645011132167429,6.579864025115967,6.579864025115967,46000,0.0,0.0
2022-07-05 00:00:00-04:00,6.60429288213784,6.60429288213784,6.5310029815280854,6.588006496429443,39200,0.0,0.0
2022-07-06 00:00:00-04:00,6.596150077590964,6.63686643016928,6.588006496429443,6.588006496429443,11900,0.0,0.0
2022-07-07 00:00:00-04:00,6.563577636660488,6.604293996106572,6.539146889055108,6.579864025115967,24100,0.0,0.0
2022-07-08 00:00:00-04:00,6.588007765588888,6.588007765588888,6.555434211282253,6.571720600128174,6900,0.0,0.0
2022-07-11 00:00:00-04:00,6.596151811913727,6.636868175197575,6.579864645308309,6.612438201904297,20300,0.0,0.0
2022-07-12 00:00:00-04:00,6.636867523193359,6.6694410765893295,6.628724717305446,6.636867523193359,42800,0.0,0.0
2022-07-13 00:00:00-04:00,6.62058162689209,6.645011599601186,6.588008071075019,6.62058162689209,21800,0.0,0.0
2022-07-14 00:00:00-04:00,6.6287252100000655,6.6287252100000655,6.571720904859069,6.62058162689209,13600,0.0,0.0
2022-07-15 00:00:00-04:00,6.645013012663113,6.68573016024666,6.636869427823404,6.661300182342529,11000,0.0,0.0
2022-07-18 00:00:00-04:00,6.685728738526233,6.685728738526233,6.596151654182994,6.62058162689209,28200,0.0,0.0
2022-07-19 00:00:00-04:00,6.5717204425808395,6.628724743711952,6.5717204425808395,6.579864025115967,27000,0.0,0.0
2022-07-20 00:00:00-04:00,6.5635765295595245,6.645010011330801,6.5635765295595245,6.588006496429443,16700,0.0,0.0
2022-07-21 00:00:00-04:00,6.574939275056873,6.623944596269293,6.574939275056873,6.607609748840332,5600,0.024,0.0
2022-07-22 00:00:00-04:00,6.607609367024258,6.656614685404941,6.607609367024258,6.6321120262146,10000,0.0,0.0
2022-07-25 00:00:00-04:00,6.6484474867715635,6.6484474867715635,6.599441390680535,6.615777015686035,8600,0.0,0.0
2022-07-26 00:00:00-04:00,6.632112909778342,6.664783386026488,6.623945095984907,6.640280723571777,21300,0.0,0.0
2022-07-27 00:00:00-04:00,6.664782455139132,6.672950267791748,6.640279796106772,6.672950267791748,6800,0.0,0.0
2022-07-28 00:00:00-04:00,6.656613181760825,6.72195411079238,6.656613181760825,6.713787078857422,10500,0.0,0.0
2022-07-29 00:00:00-04:00,6.721956729888916,6.7791306492623615,6.6974540666863644,6.721956729888916,12400,0.0,0.0
2022-08-01 00:00:00-04:00,6.664783070524204,6.7709623080356875,6.664783070524204,6.762794494628906,20100,0.0,0.0
2022-08-02 00:00:00-04:00,6.7301252309788975,6.803634007016342,6.7301252309788975,6.787299156188965,21500,0.0,0.0
2022-08-03 00:00:00-04:00,6.7627959413441445,6.80363423818873,6.7627959413441445,6.795466423034668,14700,0.0,0.0
2022-08-04 00:00:00-04:00,6.803634007016342,6.803634007016342,6.787299156188965,6.787299156188965,12700,0.0,0.0
2022-08-05 00:00:00-04:00,6.672951596518784,6.779130845368884,6.672951596518784,6.7546281814575195,23000,0.0,0.0
2022-08-08 00:00:00-04:00,6.795464969330474,6.803632782737255,6.754627460147683,6.762794494628906,14400,0.0,0.0
2022-08-09 00:00:00-04:00,6.738292552899516,6.770963031089882,6.730124738620514,6.7546281814575195,6900,0.0,0.0
2022-08-10 00:00:00-04:00,6.754629236208102,6.811802387237549,6.754629236208102,6.811802387237549,11600,0.0,0.0
2022-08-11 00:00:00-04:00,6.852640350187378,6.852640350187378,6.795466423034668,6.795466423034668,23300,0.0,0.0
2022-08-12 00:00:00-04:00,6.828135756959905,6.868974046939839,6.819968722104394,6.852639198303223,20200,0.0,0.0
2022-08-15 00:00:00-04:00,6.836302757263184,6.877141042383614,6.836302757263184,6.836302757263184,8500,0.0,0.0
2022-08-16 00:00:00-04:00,6.836304719879253,6.844472535033315,6.795466423034668,6.795466423034668,4500,0.0,0.0
2022-08-17 00:00:00-04:00,6.795466263505027,6.795466263505027,6.762795782581473,6.7791314125061035,18700,0.0,0.0
2022-08-18 00:00:00-04:00,6.754627460147683,6.795464969330474,6.754627460147683,6.762794494628906,6600,0.0,0.0
2022-08-19 00:00:00-04:00,6.697451457136876,6.730121921652653,6.6892836462766025,6.713787078857422,10800,0.0,0.0
2022-08-22 00:00:00-04:00,6.754629162030308,6.754629162030308,6.640282082301385,6.648449897766113,7800,0.0,0.0
2022-08-23 00:00:00-04:00,6.717258337116906,6.717258337116906,6.635341019349817,6.692683219909668,33100,0.024,0.0
2022-08-24 00:00:00-04:00,6.70906617756181,6.70906617756181,6.66810791047346,6.676299095153809,9900,0.0,0.0
2022-08-25 00:00:00-04:00,6.709066540540648,6.709066540540648,6.6353411870555545,6.651724338531494,18400,0.0,0.0
2022-08-26 00:00:00-04:00,6.635341167449951,6.643532352549263,6.6107652684652916,6.635341167449951,30400,0.0,0.0
2022-08-29 00:00:00-04:00,6.553424152041564,6.602575176922652,6.520657062530518,6.520657062530518,22000,0.0,0.0
2022-08-30 00:00:00-04:00,6.496081550089974,6.537040607286041,6.496081550089974,6.520657062530518,4500,0.0,0.0
2022-08-31 00:00:00-04:00,6.537038008963886,6.537038008963886,6.496078968048096,6.496078968048096,17100,0.0,0.0
2022-09-01 00:00:00-04:00,6.512463246199547,6.520655211559174,6.430545545675319,6.46331262588501,31200,0.0,0.0
2022-09-02 00:00:00-04:00,6.479695429804652,6.5288460445349825,6.455120317746667,6.496078968048096,18500,0.0,0.0
2022-09-06 00:00:00-04:00,6.49607969523065,6.49607969523065,6.4469290749983115,6.455121040344238,13700,0.0,0.0
2022-09-07 00:00:00-04:00,6.471504591244637,6.487888131349483,6.446929085780164,6.46331262588501,24100,0.0,0.0
2022-09-08 00:00:00-04:00,6.471506118774414,6.48788966274642,6.471506118774414,6.471506118774414,19600,0.0,0.0
2022-09-09 00:00:00-04:00,6.479695796966553,6.487887761859641,6.479695796966553,6.479695796966553,35200,0.0,0.0
2022-09-12 00:00:00-04:00,6.446929763145995,6.49608038862469,6.446929763145995,6.487888813018799,7900,0.0,0.0
2022-09-13 00:00:00-04:00,6.455121051139791,6.479696165989856,6.438737511034946,6.46331262588501,14400,0.0,0.0
2022-09-14 00:00:00-04:00,6.463314108089889,6.479697651951904,6.373204812156051,6.389588356018066,58700,0.0,0.0
2022-09-15 00:00:00-04:00,6.3732044117044335,6.397779530646065,6.315861816483174,6.340436935424805,62100,0.0,0.0
2022-09-16 00:00:00-04:00,6.307668209075928,6.324051747646993,6.274901131933796,6.307668209075928,59900,0.0,0.0
2022-09-19 00:00:00-04:00,6.307670377081905,6.31586234449028,6.266711711883545,6.266711711883545,23000,0.0,0.0
2022-09-20 00:00:00-04:00,6.266711129808166,6.266711129808166,6.2421356204802105,6.2503275871276855,15000,0.0,0.0
2022-09-21 00:00:00-04:00,6.25032871884855,6.283095810142512,6.209369659423828,6.209369659423828,104500,0.0,0.0
2022-09-22 00:00:00-04:00,6.220873580078667,6.220873580078667,6.146913268488055,6.155130863189697,83500,0.024,0.0
2022-09-23 00:00:00-04:00,6.163349027300273,6.163349027300273,6.114042282104492,6.114042282104492,25800,0.0,0.0
2022-09-26 00:00:00-04:00,6.097606356844482,6.114041937650458,5.998992872008626,6.089388370513916,58700,0.0,0.0
2022-09-27 00:00:00-04:00,6.114042156782779,6.114042156782779,6.048299831202615,6.064735412597656,26700,0.0,0.0
2022-09-28 00:00:00-04:00,6.0647351952325295,6.14691309926241,6.056517208901964,6.089388370513916,38100,0.0,0.0
2022-09-29 00:00:00-04:00,6.031864818912922,6.048300401858658,5.990775665620981,6.023646831512451,21700,0.0,0.0
2022-09-30 00:00:00-04:00,5.99899321937765,6.064735546408334,5.99899321937765,6.040081977844238,17100,0.0,0.0
2022-10-03 00:00:00-04:00,6.072951883302705,6.155129775067303,6.072951883302705,6.105823040008545,43700,0.0,0.0
2022-10-04 00:00:00-04:00,6.122261282995778,6.220875187888808,6.122261282995778,6.188004016876221,38200,0.0,0.0
2022-10-05 00:00:00-04:00,6.163347850163334,6.163347850163334,6.11404111438464,6.1386942863464355,17900,0.0,0.0
2022-10-06 00:00:00-04:00,6.114043750106746,6.163350507141244,6.114043750106746,6.130479335784912,7200,0.0,0.0
2022-10-07 00:00:00-04:00,6.130478301583728,6.130478301583728,6.097607135772705,6.097607135772705,19400,0.0,0.0
2022-10-10 00:00:00-04:00,6.1386954587747935,6.1386954587747935,6.072953131847086,6.114042282104492,42200,0.0,0.0
2022-10-11 00:00:00-04:00,6.048299614426553,6.114041937650458,6.048299614426553,6.089388370513916,18500,0.0,0.0
2022-10-12 00:00:00-04:00,6.089388588762633,6.114042156782779,6.056517425972551,6.064735412597656,15400,0.0,0.0
2022-10-13 00:00:00-04:00,6.023647132123491,6.0729538834213574,6.015429536168126,6.031865119934082,19500,0.0,0.0
2022-10-14 00:00:00-04:00,6.048299964650663,6.072953141359581,6.040081977844238,6.040081977844238,20000,0.0,0.0
2022-10-17 00:00:00-04:00,6.064736287465993,6.0729538834213574,6.031865119934082,6.031865119934082,20700,0.0,0.0
2022-10-18 00:00:00-04:00,6.040081894568488,6.056517476099559,6.007210731506348,6.007210731506348,75100,0.0,0.0
2022-10-19 00:00:00-04:00,6.0154285008591195,6.0565172572746535,5.990774933525673,5.998992919921875,16800,0.0,0.0
2022-10-20 00:00:00-04:00,6.015427718791315,6.064734455192665,5.990774154663086,5.990774154663086,22400,0.0,0.0
2022-10-21 00:00:00-04:00,5.994073137659787,6.010563006812448,5.985828399658203,5.985828399658203,10800,0.024,0.0
2022-10-24 00:00:00-04:00,5.985829190108195,6.018808932768608,5.8786448298870795,5.903379440307617,119300,0.0,0.0
2022-10-25 00:00:00-04:00,5.9198697581904165,5.9693393759126705,5.903379885616332,5.928114891052246,43600,0.0,0.0
2022-10-26 00:00:00-04:00,5.936358451843262,5.985828452890677,5.928113713768356,5.936358451843262,17700,0.0,0.0
2022-10-27 00:00:00-04:00,5.961094636200415,5.961094636200415,5.928114891052246,5.928114891052246,112000,0.0,0.0
2022-10-28 00:00:00-04:00,5.936359151405316,5.969338893890381,5.928114412358821,5.969338893890381,23900,0.0,0.0
2022-10-31 00:00:00-04:00,5.936358312115422,5.969338049937769,5.919868443204248,5.944603443145752,37600,0.0,0.0
2022-11-01 00:00:00-04:00,5.985828399658203,5.994073137659787,5.936358399050729,5.985828399658203,42200,0.0,0.0
2022-11-02 00:00:00-04:00,5.936358064386225,6.0105626679646305,5.936358064386225,5.977582931518555,13200,0.0,0.0
2022-11-03 00:00:00-04:00,5.977582931518555,5.977582931518555,5.961093063295516,5.977582931518555,11700,0.0,0.0
2022-11-04 00:00:00-04:00,5.961092344351421,6.043541675522718,5.961092344351421,6.010561943054199,14400,0.0,0.0
2022-11-07 00:00:00-05:00,6.0105635972307105,6.084768212281556,6.002318858419245,6.043543338775635,25900,0.0,0.0
2022-11-08 00:00:00-05:00,6.060033209548097,6.109502821865484,6.035298599964169,6.043543338775635,35300,0.0,0.0
2022-11-09 00:00:00-05:00,6.051787876268845,6.051787876268845,5.96933813735605,5.985828399658203,26500,0.0,0.0
2022-11-10 00:00:00-05:00,6.04354269962064,6.1259920447632465,6.04354269962064,6.1177473068237305,19700,0.0,0.0
2022-11-11 00:00:00-05:00,6.117747924279573,6.158972404436862,6.109502792358398,6.109502792358398,105400,0.0,0.0
2022-11-14 00:00:00-05:00,6.142481568895878,6.150726699521925,6.068277359008789,6.068277359008789,66600,0.0,0.0
2022-11-15 00:00:00-05:00,6.109501339024383,6.15897093933497,6.109501339024383,6.1342363357543945,36100,0.0,0.0
2022-11-16 00:00:00-05:00,6.117748257768833,6.2084427480980295,6.117748257768833,6.15897274017334,30300,0.0,0.0
2022-11-17 00:00:00-05:00,6.15897274017334,6.241422491281456,6.150728000952259,6.15897274017334,27600,0.0,0.0
2022-11-18 00:00:00-05:00,6.191952876506317,6.191952876506317,6.117748257768833,6.15897274017334,605200,0.0,0.0
2022-11-21 00:00:00-05:00,6.187095045165329,6.236724102349139,6.187095045165329,6.211909770965576,19300,0.024,0.0
2022-11-22 00:00:00-05:00,6.211910087370732,6.311168206794089,6.211910087370732,6.302896499633789,67400,0.0,0.0
2022-11-23 00:00:00-05:00,6.302896499633789,6.344254246601874,6.294625186890196,6.302896499633789,31500,0.0,0.0
2022-11-25 00:00:00-05:00,6.269810459826004,6.3359825394415745,6.269810459826004,6.302896499633789,3700,0.0,0.0
2022-11-28 00:00:00-05:00,6.31944046146791,6.360798214600485,6.311169147491455,6.311169147491455,56500,0.0,0.0
2022-11-29 00:00:00-05:00,6.28635288545118,6.443511756889543,6.28635288545118,6.3277106285095215,76800,0.0,0.0
2022-11-30 00:00:00-05:00,6.41869748869833,6.41869748869833,6.302895964781087,6.385611057281494,56500,0.0,0.0
2022-12-01 00:00:00-05:00,6.393881059307488,6.393881059307488,6.352523326873779,6.352523326873779,101000,0.0,0.0
2022-12-02 00:00:00-05:00,6.319439765682642,6.37734053480988,6.319439765682642,6.344254493713379,55100,0.0,0.0
2022-12-05 00:00:00-05:00,6.311169050987667,6.352526409071082,6.302897342720929,6.3194403648376465,93700,0.0,0.0
2022-12-06 00:00:00-05:00,6.28635288545118,6.393882701869534,6.28635288545118,6.3277106285095215,78900,0.0,0.0
2022-12-07 00:00:00-05:00,6.344253708239627,6.410425782239953,6.344253708239627,6.385611057281494,64500,0.0,0.0
2022-12-08 00:00:00-05:00,6.4021547872876825,6.476598576019725,6.4021547872876825,6.435241222381592,66300,0.0,0.0
2022-12-09 00:00:00-05:00,6.385611521242625,6.426969267706106,6.369068501540573,6.393883228302002,31800,0.0,0.0
2022-12-12 00:00:00-05:00,6.402154432911747,6.4269691592544405,6.377340100985748,6.410426139831543,26900,0.0,0.0
2022-12-13 00:00:00-05:00,6.435241837579425,6.484870903339667,6.377341063650766,6.40215539932251,88000,0.0,0.0
2022-12-14 00:00:00-05:00,6.369068394065952,6.468326905020032,6.369068394065952,6.410426139831543,71600,0.0,0.0
2022-12-15 00:00:00-05:00,6.385611521242625,6.435240974765482,6.385611521242625,6.393883228302002,51900,0.0,0.0
2022-12-16 00:00:00-05:00,6.377339683529531,6.385610995491198,6.3194389221311855,6.3277106285095215,76100,0.0,0.0
2022-12-19 00:00:00-05:00,6.278083006754231,6.335983386954364,6.269811298487492,6.3194403648376465,58800,0.0,0.0
2022-12-20 00:00:00-05:00,6.294626217791129,6.311169240404351,6.211911104725016,6.220182418823242,58900,0.0,0.0
2022-12-21 00:00:00-05:00,6.215201649284752,6.273287790226657,6.215201649284752,6.248394012451172,133400,0.024,0.0
2022-12-22 00:00:00-05:00,6.248394698352997,6.256692493295874,6.206904536600092,6.215202331542969,105000,0.0,0.0
2022-12-23 00:00:00-05:00,6.231798360488337,6.264990329742432,6.215201980181805,6.264990329742432,53800,0.0,0.0
2022-12-27 00:00:00-05:00,6.223501205444336,6.273289167606345,6.206905218057,6.223501205444336,56800,0.0,0.0
2022-12-28 00:00:00-05:00,6.231797695159912,6.28158564372552,6.2234995058925895,6.231797695159912,68300,0.0,0.0
2022-12-29 00:00:00-05:00,6.206904185708024,6.314778283623574,6.206904185708024,6.264990329742432,81000,0.0,0.0
2022-12-30 00:00:00-05:00,6.28158555120272,6.381161446867261,6.24009539683611,6.298181533813477,87000,0.0,0.0
2023-01-03 00:00:00-05:00,6.298182654282713,6.372864391477549,6.273288478098096,6.356268405914307,29500,0.0,0.0
2023-01-04 00:00:00-05:00,6.347970979870236,6.447546899036315,6.331374993342556,6.422652721405029,60000,0.0,0.0
2023-01-05 00:00:00-05:00,6.372864598189532,6.406056570392641,6.364566802978516,6.364566802978516,16700,0.0,0.0
2023-01-06 00:00:00-05:00,6.372864225653993,6.439248561859131,6.364566430928036,6.439248561859131,24600,0.0,0.0
2023-01-09 00:00:00-05:00,6.455844546990542,6.4641423417164985,6.422652181048224,6.439248561859131,33000,0.0,0.0
2023-01-10 00:00:00-05:00,6.45584511160364,6.45584511160364,6.3894607695926835,6.397758960723877,17000,0.0,0.0
2023-01-11 00:00:00-05:00,6.414355131410048,6.464143092587619,6.414355131410048,6.430951118469238,17800,0.0,0.0
2023-01-12 00:00:00-05:00,6.439247989055087,6.52222790733065,6.439247989055087,6.505631923675537,19400,0.0,0.0
2023-01-13 00:00:00-05:00,6.472442477288215,6.513932254745935,6.472442477288215,6.489038467407227,7000,0.0,0.0
2023-01-17 00:00:00-05:00,6.489038139396076,6.489038139396076,6.422653786596045,6.472442150115967,39800,0.0,0.0
2023-01-18 00:00:00-05:00,6.4890359400204245,6.52222790733065,6.4890359400204245,6.505631923675537,6800,0.0,0.0
2023-01-19 00:00:00-05:00,6.489036540792077,6.5554204815585235,6.489036540792077,6.513930320739746,18100,0.0,0.0
2023-01-20 00:00:00-05:00,6.522227605884428,6.580313348152967,6.505631622996353,6.563717365264893,20200,0.0,0.0
2023-01-23 00:00:00-05:00,6.525431669484371,6.592017642130751,6.525431669484371,6.550401210784912,34300,0.024,0.0
2023-01-24 00:00:00-05:00,6.575371518305115,6.608664506498358,6.567048072814941,6.567048072814941,8800,0.0,0.0
2023-01-25 00:00:00-05:00,6.5836945669115625,6.592018012401736,6.483815602331833,6.567048072814941,28000,0.0,0.0
2023-01-26 00:00:00-05:00,6.542077474250442,6.583693504333496,6.542077474250442,6.583693504333496,36200,0.0,0.0
2023-01-27 00:00:00-05:00,6.5836945669115625,6.592018012401736,6.558725024208493,6.567048072814941,26200,0.0,0.0
2023-01-30 00:00:00-05:00,6.517108590525076,6.608664506498358,6.517108590525076,6.567048072814941,86800,0.0,0.0
2023-01-31 00:00:00-05:00,6.592017794868891,6.61698733674798,6.583694349653387,6.600340843200684,43300,0.0,0.0
2023-02-01 00:00:00-05:00,6.600340965341391,6.666927337646484,6.600340965341391,6.666927337646484,45200,0.0,0.0
2023-02-02 00:00:00-05:00,6.6502804821351225,6.708543806263036,6.6502804821351225,6.691896915435791,28400,0.0,0.0
2023-02-03 00:00:00-05:00,6.658602914120119,6.6669263582669265,6.583693504333496,6.583693504333496,53300,0.0,0.0
2023-02-06 00:00:00-05:00,6.592016909165538,6.592016909165538,6.5587239265441895,6.5587239265441895,36900,0.0,0.0
2023-02-07 00:00:00-05:00,6.56704785610609,6.608664288416188,6.56704785610609,6.600340843200684,10200,0.0,0.0
2023-02-08 00:00:00-05:00,6.600341543372969,6.616988038686147,6.600341543372969,6.6086649894714355,23300,0.0,0.0
2023-02-09 00:00:00-05:00,6.600341543372969,6.616988038686147,6.600341543372969,6.6086649894714355,28700,0.0,0.0
2023-02-10 00:00:00-05:00,6.592015786772191,6.616985321044922,6.592015786772191,6.616985321044922,12100,0.0,0.0
2023-02-13 00:00:00-05:00,6.641957398421609,6.666927337646484,6.641957398421609,6.666927337646484,29300,0.0,0.0
2023-02-14 00:00:00-05:00,6.658603892276953,6.700220325357172,6.658603892276953,6.666927337646484,37600,0.0,0.0
2023-02-15 00:00:00-05:00,6.641958490836404,6.725190973802517,6.6336350440979,6.6336350440979,27000,0.0,0.0
2023-02-16 00:00:00-05:00,6.650280699364544,6.683573688339095,6.608664661588222,6.658604145050049,86200,0.0,0.0
2023-02-17 00:00:00-05:00,6.645247697134477,6.737078722475806,6.645247697134477,6.670292377471924,85900,0.024,0.0
2023-02-21 00:00:00-05:00,6.645246240699801,6.645246240699801,6.486628507040728,6.494976997375488,36100,0.0,0.0
2023-02-22 00:00:00-05:00,6.486628853044846,6.5450670942715385,6.486628853044846,6.511673927307129,6200,0.0,0.0
2023-02-23 00:00:00-05:00,6.520020083756147,6.636896133422852,6.520020083756147,6.636896133422852,30500,0.0,0.0
2023-02-24 00:00:00-05:00,6.578459649352058,6.578459649352058,6.49497673970605,6.528369903564453,16100,0.0,0.0
2023-02-27 00:00:00-05:00,6.561763067422857,6.5701111593485,6.503324831631693,6.528369903564453,8800,0.0,0.0
2023-02-28 00:00:00-05:00,6.486628853044846,6.628550011682563,6.486628853044846,6.511673927307129,31500,0.0,0.0
2023-03-01 00:00:00-05:00,6.545066485493654,6.586807741277702,6.511673321635252,6.528369903564453,20700,0.0,0.0
2023-03-02 00:00:00-05:00,6.528370667996478,6.528370667996478,6.453235841478288,6.486629009246826,17200,0.0,0.0
2023-03-03 00:00:00-05:00,6.469933452897867,6.5534163855777186,6.469933452897867,6.536719799041748,39300,0.0,0.0
2023-03-06 00:00:00-05:00,6.520022177015364,6.561763835765016,6.486629009246826,6.486629009246826,60300,0.0,0.0
2023-03-07 00:00:00-05:00,6.478280916343672,6.528370667996478,6.478280916343672,6.486629009246826,19400,0.0,0.0
2023-03-08 00:00:00-05:00,6.461584354939521,6.511674507930451,6.428191184997559,6.428191184997559,13200,0.0,0.0
2023-03-09 00:00:00-05:00,6.453235341857548,6.511673579967078,6.436538759265957,6.494976997375488,11400,0.0,0.0
2023-03-10 00:00:00-05:00,6.520023212505778,6.58680955864966,6.503326625969808,6.536719799041748,10900,0.0,0.0
2023-03-13 00:00:00-04:00,6.536719799041748,6.578461464420686,6.494978531740834,6.536719799041748,8700,0.0,0.0
2023-03-14 00:00:00-04:00,6.536716812206512,6.57010997002005,6.536716812206512,6.553413391113281,7600,0.0,0.0
2023-03-15 00:00:00-04:00,6.603503935231296,6.611852424744355,6.520021030490159,6.5784592628479,10700,0.0,0.0
2023-03-16 00:00:00-04:00,6.586807599338796,6.645245833870675,6.528369762884822,6.603504180908203,24500,0.0,0.0
2023-03-17 00:00:00-04:00,6.611851616325892,6.620199706740356,6.553413391113281,6.553413391113281,7000,0.0,0.0
2023-03-20 00:00:00-04:00,6.561764877884715,6.58680955864966,6.536719799041748,6.536719799041748,13300,0.0,0.0
2023-03-21 00:00:00-04:00,6.536717995490097,6.5701111593485,6.528369903564453,6.528369903564453,76500,0.0,0.0
2023-03-22 00:00:00-04:00,6.503324831631693,6.561763067422857,6.503324831631693,6.528369903564453,9100,0.0,0.0
2023-03-23 00:00:00-04:00,6.531721115112305,6.581965074545046,6.5065989357441865,6.531721115112305,4400,0.024,0.0
2023-03-24 00:00:00-04:00,6.62383484108725,6.62383484108725,6.531721115112305,6.531721115112305,12200,0.0,0.0
2023-03-27 00:00:00-04:00,6.540094397546677,6.5735903678839005,6.498224634276879,6.548468589782715,17700,0.0,0.0
2023-03-28 00:00:00-04:00,6.5652174949646,6.5652174949646,6.540095314039466,6.5652174949646,2900,0.0,0.0
2023-03-29 00:00:00-04:00,6.556842803955078,6.556842803955078,6.548469010484535,6.556842803955078,4800,0.0,0.0
2023-03-30 00:00:00-04:00,6.598711967468262,6.60708575966758,6.581963983766197,6.598711967468262,12300,0.0,0.0
2023-03-31 00:00:00-04:00,6.581963897257893,6.640581639792977,6.581963897257893,6.623833656311035,15700,0.0,0.0
2023-04-03 00:00:00-04:00,6.648956844719991,6.682452816789836,6.531720942475534,6.6154608726501465,21500,0.0,0.0
2023-04-04 00:00:00-04:00,6.590337721240475,6.6489558633626595,6.5819639291106915,6.607085704803467,5300,0.0,0.0
2023-04-05 00:00:00-04:00,6.573589674213403,6.648955799170965,6.573589674213403,6.6405816078186035,14000,0.0,0.0
2023-04-06 00:00:00-04:00,6.615459951170326,6.623833743369644,6.598711967468262,6.598711967468262,17800,0.0,0.0
2023-04-10 00:00:00-04:00,6.556840926548036,6.590336889446354,6.531719154025985,6.540092945098877,35100,0.0,0.0
2023-04-11 00:00:00-04:00,6.5400933830451855,6.598711521694194,6.523345400474526,6.581963539123535,25800,0.0,0.0
2023-04-12 00:00:00-04:00,6.581964560119939,6.59871254528855,6.540094397546677,6.548468589782715,72800,0.0,0.0
2023-04-13 00:00:00-04:00,6.581965074545046,6.590338868132089,6.531721115112305,6.531721115112305,101300,0.0,0.0
2023-04-14 00:00:00-04:00,6.556840926548036,6.556840926548036,6.531719154025985,6.540092945098877,16900,0.0,0.0
2023-04-17 00:00:00-04:00,6.531719692818618,6.565215658479973,6.506597518920898,6.506597518920898,29800,0.0,0.0
2023-04-18 00:00:00-04:00,6.514972230379325,6.523346022811826,6.464727878570557,6.464727878570557,23600,0.0,0.0
2023-04-19 00:00:00-04:00,6.431231910233671,6.473102070306498,6.422858117801169,6.464727878570557,20600,0.0,0.0
2023-04-20 00:00:00-04:00,6.493287414863033,6.518487930297852,6.451286689321204,6.518487930297852,17700,0.024,0.0
2023-04-21 00:00:00-04:00,6.543689671270851,6.5520899786861095,6.5100892427072266,6.535289764404297,18400,0.0,0.0
2023-04-24 00:00:00-04:00,6.5520884093378315,6.585688829853525,6.510087683418912,6.526887893676758,6200,0.0,0.0
2023-04-25 00:00:00-04:00,6.577288524450298,6.577288524450298,6.484887167757838,6.526887893676758,20600,0.0,0.0
2023-04-26 00:00:00-04:00,6.5436895734367795,6.56889009475708,6.501688838085846,6.56889009475708,14400,0.0,0.0
2023-04-27 00:00:00-04:00,6.594088675505097,6.594088675505097,6.493287414863033,6.518487930297852,9800,0.0,0.0
2023-04-28 00:00:00-04:00,6.5520898095607105,6.5520898095607105,6.442888219273336,6.484888553619385,38700,0.0,0.0
2023-05-01 00:00:00-04:00,6.518489133144797,6.518489133144797,6.4428879734383795,6.459688186645508,24100,0.0,0.0
2023-05-02 00:00:00-04:00,6.484888742875897,6.510089264657938,6.442888407304101,6.5016889572143555,30400,0.0,0.0
2023-05-03 00:00:00-04:00,6.526889039474023,6.526889039474023,6.4428879734383795,6.459688186645508,34100,0.0,0.0
2023-05-04 00:00:00-04:00,6.476488399852637,6.484888306181862,6.4428879734383795,6.459688186645508,11900,0.0,0.0
2023-05-05 00:00:00-04:00,6.493289050319478,6.5016889572143555,6.468088528537437,6.5016889572143555,11000,0.0,0.0
2023-05-08 00:00:00-04:00,6.518488844837826,6.518488844837826,6.45968790093925,6.47648811340332,26900,0.0,0.0
2023-05-09 00:00:00-04:00,6.510088538331461,6.510088538331461,6.47648811340332,6.47648811340332,20600,0.0,0.0
2023-05-10 00:00:00-04:00,6.510087923819999,6.510087923819999,6.459687291185292,6.468087196350098,151800,0.0,0.0
2023-05-11 00:00:00-04:00,6.493288613059765,6.493288613059765,6.4428879734383795,6.459688186645508,38400,0.0,0.0
2023-05-12 00:00:00-04:00,6.4848867815838265,6.493287086486816,6.468086572326429,6.493287086486816,7900,0.0,0.0
2023-05-15 00:00:00-04:00,6.510087875763291,6.577288718780165,6.493287665009072,6.5436882972717285,23500,0.0,0.0
2023-05-16 00:00:00-04:00,6.560489080416119,6.560489080416119,6.4932882315360985,6.5100884437561035,26500,0.0,0.0
2023-05-17 00:00:00-04:00,6.543688103934604,6.5520884093378315,6.518487988822139,6.526887893676758,4700,0.0,0.0
2023-05-18 00:00:00-04:00,6.543689502362285,6.5520898095607105,6.468088339771227,6.484888553619385,11800,0.0,0.0
2023-05-19 00:00:00-04:00,6.50168958147457,6.50168958147457,6.426088809967041,6.426088809967041,13500,0.0,0.0
2023-05-22 00:00:00-04:00,6.454736663597812,6.454736663597812,6.345191827591202,6.387324333190918,11400,0.024,0.0
2023-05-23 00:00:00-04:00,6.404178353874402,6.412605097314201,6.303059843452258,6.35361909866333,113200,0.0,0.0
2023-05-24 00:00:00-04:00,6.370471433446627,6.378898175893961,6.303059101104736,6.303059101104736,43500,0.0,0.0
2023-05-25 00:00:00-04:00,6.345192031783272,6.345192031783272,6.311485463685944,6.336765289306641,35600,0.0,0.0
2023-05-26 00:00:00-04:00,6.370471455594772,6.370471455594772,6.336765289306641,6.336765289306641,5800,0.0,0.0
2023-05-30 00:00:00-04:00,6.370471954345703,6.378898697482073,6.31991270095517,6.370471954345703,46900,0.0,0.0
2023-05-31 00:00:00-04:00,6.395751724495246,6.412604808807373,6.38732498143457,6.412604808807373,9300,0.0,0.0
2023-06-01 00:00:00-04:00,6.446309614815039,6.454735954285336,6.395750372565836,6.404176712036133,17900,0.0,0.0
2023-06-02 00:00:00-04:00,6.421029792785868,6.429456534065305,6.395750372565836,6.404176712036133,15000,0.0,0.0
2023-06-05 00:00:00-04:00,6.421031397940916,6.429458141326904,6.40417831297818,6.429458141326904,13500,0.0,0.0
2023-06-06 00:00:00-04:00,6.429456961464915,6.463163125205008,6.429456961464915,6.446310043334961,11500,0.0,0.0
2023-06-07 00:00:00-04:00,6.471589465235448,6.471589465235448,6.429456961464915,6.446310043334961,10200,0.0,0.0
2023-06-08 00:00:00-04:00,6.429459108208815,6.463165283203125,6.429459108208815,6.463165283203125,5700,0.0,0.0
2023-06-09 00:00:00-04:00,6.471590652829123,6.471590652829123,6.40417831297818,6.429458141326904,21700,0.0,0.0
2023-06-12 00:00:00-04:00,6.421032363555587,6.463165283203125,6.421032363555587,6.463165283203125,30500,0.0,0.0
2023-06-13 00:00:00-04:00,6.463165283203125,6.48001837070028,6.4463121957059695,6.463165283203125,43500,0.0,0.0
2023-06-14 00:00:00-04:00,6.463163949509195,6.513723201567601,6.463163949509195,6.488443374633789,21800,0.0,0.0
2023-06-15 00:00:00-04:00,6.522149215403959,6.522149215403959,6.480016708374023,6.480016708374023,1400,0.0,0.0
2023-06-16 00:00:00-04:00,6.496869337742142,6.522148759832499,6.496869337742142,6.5137224197387695,36200,0.0,0.0
2023-06-20 00:00:00-04:00,6.53900146484375,6.581133963912757,6.513721643955048,6.53900146484375,26800,0.0,0.0
2023-06-21 00:00:00-04:00,6.52215051651001,6.539004004855129,6.52215051651001,6.52215051651001,10600,0.0,0.0
2023-06-22 00:00:00-04:00,6.483266915425939,6.559341883594427,6.483266915425939,6.517077922821045,10400,0.024,0.0
2023-06-23 00:00:00-04:00,6.5001724191234915,6.517077922821045,6.491719465745215,6.517077922821045,4500,0.0,0.0
2023-06-26 00:00:00-04:00,6.4917199198581645,6.517078378707886,6.474814414978027,6.474814414978027,11100,0.0,0.0
2023-06-27 00:00:00-04:00,6.500171244086564,6.517076744728107,6.474812791594785,6.491718292236328,24200,0.0,0.0
2023-06-28 00:00:00-04:00,6.4832682609558105,6.4832682609558105,6.474815305823218,6.4832682609558105,18100,0.0,0.0
2023-06-29 00:00:00-04:00,6.4832669415952235,6.491719491948618,6.424097476885455,6.432550430297852,14500,0.0,0.0
2023-06-30 00:00:00-04:00,6.449456276462479,6.474814331927911,6.441003322601318,6.441003322601318,8200,0.0,0.0
2023-07-03 00:00:00-04:00,6.500173768161912,6.508626320235421,6.474815305823218,6.4832682609558105,16000,0.0,0.0
2023-07-05 00:00:00-04:00,6.491720813029319,6.525531827441522,6.4832682609558105,6.4832682609558105,21000,0.0,0.0
2023-07-06 00:00:00-04:00,6.4748137047515915,6.4748137047515915,6.407191692648544,6.415644645690918,15000,0.0,0.0
2023-07-07 00:00:00-04:00,6.424097622075355,6.4748141345189625,6.424097622075355,6.457908630371094,12200,0.0,0.0
2023-07-10 00:00:00-04:00,6.415645267135886,6.466361781125776,6.415645267135886,6.441003322601318,5100,0.0,0.0
2023-07-11 00:00:00-04:00,6.432550575678796,6.4748141345189625,6.398739567383059,6.457908630371094,3900,0.0,0.0
2023-07-12 00:00:00-04:00,6.45790891009789,6.483267368947611,6.45790891009789,6.474814414978027,7700,0.0,0.0
2023-07-13 00:00:00-04:00,6.466362555350761,6.525531627227167,6.466362555350761,6.500173568725586,25400,0.0,0.0
2023-07-14 00:00:00-04:00,6.491719098419376,6.500172051319353,6.457908092937425,6.466361045837402,7000,0.0,0.0
2023-07-17 00:00:00-04:00,6.4832680620381735,6.500173568725586,6.466362555350761,6.500173568725586,14100,0.0,0.0
2023-07-18 00:00:00-04:00,6.4832660263040625,6.54243507960149,6.466360524924949,6.508624076843262,18800,0.0,0.0
2023-07-19 00:00:00-04:00,6.517076999044315,6.559340953826904,6.517076999044315,6.559340953826904,17700,0.0,0.0
2023-07-20 00:00:00-04:00,6.542435976837873,6.542435976837873,6.517077922821045,6.517077922821045,14600,0.0,0.0
2023-07-21 00:00:00-04:00,6.495031723960606,6.545906598575727,6.495031723960606,6.5289483070373535,30900,0.024,0.0
2023-07-24 00:00:00-04:00,6.5119922827441155,6.528950580186768,6.503513336181641,6.503513336181641,28500,0.0,0.0
2023-07-25 00:00:00-04:00,6.478073367458578,6.503511006669825,6.469594423933201,6.486552715301514,26700,0.0,0.0
2023-07-26 00:00:00-04:00,6.47807568785881,6.5119922827441155,6.47807568785881,6.503513336181641,18900,0.0,0.0
2023-07-27 00:00:00-04:00,6.495031713715834,6.495031713715834,6.469594478607178,6.469594478607178,11100,0.0,0.0
2023-07-28 00:00:00-04:00,6.5035101742286185,6.520468463426291,6.486551885030947,6.511989116668701,7000,0.0,0.0
2023-07-31 00:00:00-04:00,6.495032974836293,6.545907859249387,6.478074680031928,6.52047061920166,9500,0.0,0.0
2023-08-01 00:00:00-04:00,6.520468463426291,6.528947405866374,6.5035101742286185,6.511989116668701,20900,0.0,0.0
2023-08-02 00:00:00-04:00,6.478073367458578,6.511989950195202,6.478073367458578,6.486552715301514,25100,0.0,0.0
2023-08-03 00:00:00-04:00,6.486553168828809,6.503511461382812,6.401761706058793,6.410240650177002,24300,0.0,0.0
2023-08-04 00:00:00-04:00,6.401761706058793,6.452636583720803,6.401761706058793,6.410240650177002,21700,0.0,0.0
2023-08-07 00:00:00-04:00,6.38480281829834,6.410240052599232,6.38480281829834,6.38480281829834,20900,0.0,0.0
2023-08-08 00:00:00-04:00,6.367844527325229,6.461114925518565,6.367844527325229,6.38480281829834,37400,0.0,0.0
2023-08-09 00:00:00-04:00,6.342406888706788,6.418719400244562,6.342406888706788,6.38480281829834,69200,0.0,0.0
2023-08-10 00:00:00-04:00,6.401761761992547,6.427198998887009,6.393282413482666,6.393282413482666,17200,0.0,0.0
2023-08-11 00:00:00-04:00,6.41024089659957,6.427199189805483,6.401761952155414,6.418720245361328,25400,0.0,0.0
2023-08-14 00:00:00-04:00,6.401760647674272,6.452635516925287,6.401760647674272,6.444156169891357,14300,0.0,0.0
2023-08-15 00:00:00-04:00,6.410241430082595,6.469595663401766,6.401762484932792,6.461116313934326,12400,0.0,0.0
2023-08-16 00:00:00-04:00,6.444157370136764,6.469595011658876,6.444157370136764,6.45263671875,27100,0.0,0.0
2023-08-17 00:00:00-04:00,6.435678005218506,6.435678005218506,6.435678005218506,6.435678005218506,8200,0.0,0.0
2023-08-18 00:00:00-04:00,6.45263671875,6.469595011658876,6.45263671875,6.45263671875,15200,0.0,0.0
2023-08-21 00:00:00-04:00,6.427198942731005,6.427198942731005,6.393282357622999,6.410240650177002,8600,0.0,0.0
2023-08-22 00:00:00-04:00,6.41024089659957,6.427199189805483,6.41024089659957,6.418720245361328,14300,0.0,0.0
2023-08-23 00:00:00-04:00,6.430628389844449,6.430628389844449,6.413616161522249,6.422122478485107,1700,0.024,0.0
2023-08-24 00:00:00-04:00,6.3795915924733775,6.3795915924733775,6.303036363570574,6.3540730476379395,21600,0.0,0.0
2023-08-25 00:00:00-04:00,6.3880979998709,6.3880979998709,6.320048681212616,6.345567226409912,16800,0.0,0.0
2023-08-28 00:00:00-04:00,6.37959300801182,6.37959300801182,6.345568544417379,6.3625807762146,33600,0.0,0.0
2023-08-29 00:00:00-04:00,6.337062225716968,6.388099326712231,6.337062225716968,6.3625807762146,30700,0.0,0.0
2023-08-30 00:00:00-04:00,6.3625799523753255,6.388098499568765,6.337061405181885,6.337061405181885,10900,0.0,0.0
2023-08-31 00:00:00-04:00,6.3795916829372965,6.405110228134593,6.32855499814622,6.345567226409912,24000,0.0,0.0
2023-09-01 00:00:00-04:00,6.37959218196977,6.388098499568765,6.337061405181885,6.337061405181885,11700,0.0,0.0
2023-09-05 00:00:00-04:00,6.320049175587441,6.354073634776329,6.320049175587441,6.337061405181885,25300,0.0,0.0
2023-09-06 00:00:00-04:00,6.320048809051514,6.354073266267129,6.320048809051514,6.320048809051514,8200,0.0,0.0
2023-09-07 00:00:00-04:00,6.320047590609654,6.328553906075388,6.277517230091326,6.286023139953613,30700,0.0,0.0
2023-09-08 00:00:00-04:00,6.28602359876935,6.303035825339089,6.28602359876935,6.294529914855957,17800,0.0,0.0
2023-09-11 00:00:00-04:00,6.277516964243092,6.3030350983527255,6.251998424530029,6.251998424530029,43900,0.0,0.0
2023-09-12 00:00:00-04:00,6.277517903422296,6.286023814196932,6.260505676269531,6.260505676269531,53000,0.0,0.0
2023-09-13 00:00:00-04:00,6.277517903422296,6.277517903422296,6.209468994811239,6.260505676269531,57600,0.0,0.0
2023-09-14 00:00:00-04:00,6.260504739635526,6.28602287374516,6.234986199922464,6.251998424530029,111900,0.0,0.0
2023-09-15 00:00:00-04:00,6.243494530436798,6.260506760535935,6.234988212585449,6.234988212585449,39500,0.0,0.0
2023-09-18 00:00:00-04:00,6.20946806581283,6.277516964243092,6.20946806581283,6.251998424530029,29500,0.0,0.0
2023-09-19 00:00:00-04:00,6.260506760535935,6.260506760535935,6.090384053941001,6.234988212585449,35200,0.0,0.0
2023-09-20 00:00:00-04:00,6.2179752897234515,6.2860242025384725,6.2179752897234515,6.269011974334717,22800,0.0,0.0
2023-09-21 00:00:00-04:00,6.24682394068174,6.255357641365984,6.229756132384603,6.238289833068848,15700,0.024,0.0
2023-09-22 00:00:00-04:00,6.221222400665283,6.2809599367789986,6.221222400665283,6.221222400665283,11900,0.0,0.0
2023-09-25 00:00:00-04:00,6.221220866031239,6.246822777172756,6.195619361818295,6.204153060913086,92600,0.0,0.0
2023-09-26 00:00:00-04:00,6.221221791158283,6.221221791158283,6.06761152225228,6.118814945220947,22800,0.0,0.0
2023-09-27 00:00:00-04:00,6.118815522033645,6.170018949829193,6.093213604671536,6.135883331298828,63400,0.0,0.0
2023-09-28 00:00:00-04:00,6.170018747640899,6.187086556346779,6.101747512817383,6.101747512817383,31900,0.0,0.0
2023-09-29 00:00:00-04:00,6.1102800369262695,6.135881948518741,6.101746337681165,6.1102800369262695,36800,0.0,0.0
2023-10-02 00:00:00-04:00,6.118814143099954,6.127347842345058,6.093212231507481,6.1102800369262695,23300,0.0,0.0
2023-10-03 00:00:00-04:00,6.076145273560539,6.118814996523169,6.076145273560539,6.093213081359863,15100,0.0,0.0
2023-10-04 00:00:00-04:00,6.093214231473767,6.127349853515625,6.093214231473767,6.127349853515625,10600,0.0,0.0
2023-10-05 00:00:00-04:00,6.101747512817383,6.101747512817383,6.084679704111503,6.101747512817383,20200,0.0,0.0
2023-10-06 00:00:00-04:00,6.067610726843589,6.1102800369262695,6.042008815251117,6.1102800369262695,13400,0.0,0.0
2023-10-09 00:00:00-04:00,6.118815321523262,6.118815321523262,6.084679704111503,6.101747512817383,10600,0.0,0.0
2023-10-10 00:00:00-04:00,6.101748340448588,6.152951773511376,6.093214231473767,6.127349853515625,19800,0.0,0.0
2023-10-11 00:00:00-04:00,6.161485475557484,6.161485475557484,6.127349853515625,6.127349853515625,41800,0.0,0.0
2023-10-12 00:00:00-04:00,6.118814143099954,6.135881948518741,6.093212231507481,6.1102800369262695,15800,0.0,0.0
2023-10-13 00:00:00-04:00,6.13588275287717,6.144416453240964,6.093213030272297,6.118814945220947,22600,0.0,0.0
2023-10-16 00:00:00-04:00,6.101747412000535,6.12734892117202,6.067611795152786,6.08467960357666,36400,0.0,0.0
2023-10-17 00:00:00-04:00,6.093213081359863,6.093213081359863,6.059077465761214,6.093213081359863,22300,0.0,0.0
2023-10-18 00:00:00-04:00,6.093212140868858,6.144415556363555,6.050542831420898,6.050542831420898,34100,0.0,0.0
2023-10-19 00:00:00-04:00,6.04200993114455,6.093213356857629,6.04200993114455,6.059077739715576,21100,0.0,0.0
2023-10-20 00:00:00-04:00,6.059077739715576,6.076145548286603,6.059077739715576,6.059077739715576,5100,0.0,0.0
2023-10-23 00:00:00-04:00,6.036815178952844,6.062503524834455,6.019689478928805,6.028252124786377,30000,0.024,0.0
2023-10-24 00:00:00-04:00,6.071066485116492,6.113880530360055,6.028252031564039,6.045377731323242,9500,0.0,0.0
2023-10-25 00:00:00-04:00,6.045377427291818,6.053940480895216,6.011126029495967,6.019689083099365,50400,0.0,0.0
2023-10-26 00:00:00-04:00,6.028250884922824,6.028250884922824,5.976873795417715,5.98543643951416,44700,0.0,0.0
2023-10-27 00:00:00-04:00,5.976873874664307,6.011125268121847,5.968310822145513,5.976873874664307,31200,0.0,0.0
2023-10-30 00:00:00-04:00,5.993999491919418,6.011125188421121,5.976873795417715,5.98543643951416,4800,0.0,0.0
2023-10-31 00:00:00-04:00,5.959748944616728,6.019689095032726,5.959748944616728,6.0111260414123535,22600,0.0,0.0
2023-11-01 00:00:00-04:00,6.036815548774236,6.12244405414012,6.01112679301001,6.053941249847412,70500,0.0,0.0
2023-11-02 00:00:00-04:00,6.088191058970635,6.173819541931152,6.088191058970635,6.173819541931152,35700,0.0,0.0
2023-11-03 00:00:00-04:00,6.208071525312466,6.259448619973162,6.199508472047923,6.24232292175293,13100,0.0,0.0
2023-11-06 00:00:00-05:00,6.242322328299567,6.242322328299567,6.1481307928885895,6.173819541931152,8000,0.0,0.0
2023-11-07 00:00:00-05:00,6.1995080884834985,6.225196838378906,6.1995080884834985,6.225196838378906,10000,0.0,0.0
2023-11-08 00:00:00-05:00,6.208071513814233,6.276574306568285,6.208071513814233,6.250885963439941,16800,0.0,0.0
2023-11-09 00:00:00-05:00,6.276574318193394,6.276574318193394,6.182382773827691,6.24232292175293,40900,0.0,0.0
2023-11-10 00:00:00-05:00,6.285137187841038,6.293699832546574,6.233760094681296,6.27657413482666,46800,0.0,0.0
2023-11-13 00:00:00-05:00,6.233760476662526,6.302263271739773,6.233760476662526,6.293700218200684,12500,0.0,0.0
2023-11-14 00:00:00-05:00,6.3365145025166045,6.430706047423358,6.3365145025166045,6.413579940795898,18900,0.0,0.0
2023-11-15 00:00:00-05:00,6.405018615551887,6.422144317399261,6.2937013493894876,6.353641510009766,125900,0.0,0.0
2023-11-16 00:00:00-05:00,6.362202845840084,6.439268692428233,6.362202845840084,6.413579940795898,28100,0.0,0.0
2023-11-17 00:00:00-05:00,6.413579940795898,6.439268692428233,6.396454242477294,6.413579940795898,29200,0.0,0.0
2023-11-20 00:00:00-05:00,6.370766740374299,6.44783259713852,6.370766740374299,6.439269542694092,35700,0.0,0.0
2023-11-21 00:00:00-05:00,6.425523919741909,6.451294917767214,6.416933450528101,6.4341139793396,11400,0.024,0.0
2023-11-22 00:00:00-05:00,6.425523919741909,6.4341139793396,6.425523919741909,6.4341139793396,18100,0.0,0.0
2023-11-24 00:00:00-05:00,6.416935329037274,6.502838407858356,6.416935329037274,6.451296806335449,3500,0.0,0.0
2023-11-27 00:00:00-05:00,6.425523919741909,6.451294917767214,6.416933450528101,6.4341139793396,34600,0.0,0.0
2023-11-28 00:00:00-05:00,6.416933450528101,6.442704448553407,6.408343390930411,6.4341139793396,44500,0.0,0.0
2023-11-29 00:00:00-05:00,6.468475417717758,6.511426534746804,6.468475417717758,6.494246006011963,20900,0.0,0.0
2023-11-30 00:00:00-05:00,6.468475763714354,6.477065823733197,6.416933765136749,6.4255242347717285,45200,0.0,0.0
2023-12-01 00:00:00-05:00,6.451294719168403,6.5543778888640425,6.451294719168403,6.52860689163208,44800,0.0,0.0
2023-12-04 00:00:00-05:00,6.5028373417922145,6.54578846454517,6.5028373417922145,6.511427402496338,35100,0.0,0.0
2023-12-05 00:00:00-05:00,6.5028373417922145,6.528607933520754,6.5028373417922145,6.511427402496338,28700,0.0,0.0
2023-12-06 00:00:00-05:00,6.537197360581436,6.545787419914687,6.511426363349473,6.52860689163208,20500,0.0,0.0
2023-12-07 00:00:00-05:00,6.511428086116346,6.56296968460083,6.502838024510372,6.56296968460083,10000,0.0,0.0
2023-12-08 00:00:00-05:00,6.537198066711426,6.562968657110951,6.502837006434627,6.537198066711426,10800,0.0,0.0
2023-12-11 00:00:00-05:00,6.537197360581436,6.537197360581436,6.511426363349473,6.52860689163208,52900,0.0,0.0
2023-12-12 00:00:00-05:00,6.520017536573026,6.5457881269725515,6.511427066695752,6.537198066711426,19400,0.0,0.0
2023-12-13 00:00:00-05:00,6.52860742331902,6.605920011695106,6.52860742331902,6.571558952331543,42200,0.0,0.0
2023-12-14 00:00:00-05:00,6.580148839298726,6.64887095621838,6.580148839298726,6.60591983795166,52800,0.0,0.0
2023-12-15 00:00:00-05:00,6.59732936852864,6.631690426988466,6.588739308721746,6.60591983795166,57100,0.0,0.0
2023-12-18 00:00:00-05:00,6.597328578509798,6.648870160027522,6.597328578509798,6.614509105682373,22100,0.0,0.0
2023-12-19 00:00:00-05:00,6.614510200576184,6.6402812004089355,6.614510200576184,6.6402812004089355,26000,0.0,0.0
2023-12-20 00:00:00-05:00,6.658393259735123,6.684268026601353,6.658393259735123,6.675642967224121,22800,0.031,0.0
2023-12-21 00:00:00-05:00,6.692893761599336,6.727393180059909,6.692893761599336,6.718768119812012,29300,0.0,0.0
2023-12-22 00:00:00-05:00,6.744642859483645,6.770517217581975,6.710143441175535,6.72739315032959,46400,0.0,0.0
2023-12-26 00:00:00-05:00,6.7618925985204825,6.7618925985204825,6.710143470829623,6.718768119812012,51800,0.0,0.0
2023-12-27 00:00:00-05:00,6.718768340998069,6.744643111328067,6.684268921401753,6.692893981933594,27200,0.0,0.0
2023-12-28 00:00:00-05:00,6.667018182582047,6.692892948918401,6.598019354039046,6.632518768310547,73700,0.0,0.0
2023-12-29 00:00:00-05:00,6.615268967287293,6.6583930288819,6.589394201318168,6.641143321990967,78000,0.0,0.0
2024-01-02 00:00:00-05:00,6.6583941510717555,6.701518631199911,6.649769501805438,6.692893981933594,33600,0.0,0.0
2024-01-03 00:00:00-05:00,6.710142871272073,6.736017227172852,6.701517811794833,6.736017227172852,14500,0.0,0.0
2024-01-04 00:00:00-05:00,6.744642859483645,6.744642859483645,6.710143441175535,6.72739315032959,42600,0.0,0.0
2024-01-05 00:00:00-05:00,6.744642889290196,6.753267538272585,6.710143470829623,6.718768119812012,25300,0.0,0.0
2024-01-08 00:00:00-05:00,6.74464189025876,6.796391010284424,6.74464189025876,6.796391010284424,26100,0.0,0.0
2024-01-09 00:00:00-05:00,6.8136401247196385,6.822264771674873,6.744641304016113,6.744641304016113,38700,0.0,0.0
2024-01-10 00:00:00-05:00,6.770516381407413,6.770516381407413,6.710142612457275,6.710142612457275,32600,0.0,0.0
2024-01-11 00:00:00-05:00,6.710142871272073,6.736017227172852,6.710142871272073,6.736017227172852,8300,0.0,0.0
2024-01-12 00:00:00-05:00,6.761892348136531,6.779142056728083,6.736017579616455,6.753267288208008,9000,0.0,0.0
2024-01-16 00:00:00-05:00,6.753265863881097,6.753265863881097,6.675641985957966,6.684267044067383,17400,0.0,0.0
2024-01-17 00:00:00-05:00,6.701518914602931,6.701518914602931,6.632520072492382,6.6497697830200195,21200,0.0,0.0
2024-01-18 00:00:00-05:00,6.658393383026123,6.692893209908406,6.61526931913785,6.658393383026123,46800,0.0,0.0
2024-01-19 00:00:00-05:00,6.692894264971883,6.692894264971883,6.598020651437108,6.6497697830200195,31500,0.0,0.0
2024-01-22 00:00:00-05:00,6.658393259735123,6.736017149068347,6.658393259735123,6.675642967224121,27200,0.0,0.0
2024-01-23 00:00:00-05:00,6.659190526782866,6.693828675685512,6.641871452331543,6.641871452331543,44800,0.031,0.0
2024-01-24 00:00:00-05:00,6.685169188275697,6.711148007408231,6.6678501131604495,6.676509857177734,33600,0.0,0.0
2024-01-25 00:00:00-05:00,6.676509540575334,6.737126507063887,6.676509540575334,6.702487945556641,17000,0.0,0.0
2024-01-26 00:00:00-05:00,6.7111473985494845,6.7111473985494845,6.641871104373479,6.6591901779174805,42800,0.0,0.0
2024-01-29 00:00:00-05:00,6.685169062319705,6.7198076248168945,6.685169062319705,6.7198076248168945,14300,0.0,0.0
2024-01-30 00:00:00-05:00,6.754445581357858,6.754445581357858,6.693828614869306,6.702487945556641,31100,0.0,0.0
2024-01-31 00:00:00-05:00,6.737125873565674,6.78042334876965,6.719806800900231,6.737125873565674,16900,0.0,0.0
2024-02-01 00:00:00-05:00,6.7890836414085065,6.849700194187249,6.780423897914802,6.815062046051025,21100,0.0,0.0
2024-02-02 00:00:00-05:00,6.815061755275138,6.815061755275138,6.737126131753536,6.771764278411865,13100,0.0,0.0
2024-02-05 00:00:00-05:00,6.771765009290247,6.780424340429794,6.728467114834542,6.745786190032959,14300,0.0,0.0
2024-02-06 00:00:00-05:00,6.745785749778579,6.82372178954473,6.745785749778579,6.815062046051025,15400,0.0,0.0
2024-02-07 00:00:00-05:00,6.815061884863046,6.841040701810417,6.780423737546075,6.789083480834961,34100,0.0,0.0
2024-02-08 00:00:00-05:00,6.789083480834961,6.832380958521531,6.763104663887589,6.789083480834961,22900,0.0,0.0
2024-02-09 00:00:00-05:00,6.797742247415104,6.841040134429932,6.797742247415104,6.841040134429932,39300,0.0,0.0
2024-02-12 00:00:00-05:00,6.84104016752959,6.858359239835467,6.832380424917023,6.8496994972229,18300,0.0,0.0
2024-02-13 00:00:00-05:00,6.832380958521531,6.832380958521531,6.763104663887589,6.789083480834961,28800,0.0,0.0
2024-02-14 00:00:00-05:00,6.823721062207851,6.849699464081346,6.823721062207851,6.841040134429932,11900,0.0,0.0
2024-02-15 00:00:00-05:00,6.88433726057636,6.892997002709344,6.849699117882884,6.858358860015869,24200,0.0,0.0
2024-02-16 00:00:00-05:00,6.858360513563027,6.858360513563027,6.806403286995953,6.8237223625183105,36800,0.0,0.0
2024-02-20 00:00:00-05:00,6.8410407721878155,6.867019176483154,6.8410407721878155,6.867019176483154,18100,0.0,0.0
2024-02-21 00:00:00-05:00,6.893968200338376,6.928742282431552,6.8765811592917885,6.885274887084961,60500,0.031,0.0
2024-02-22 00:00:00-05:00,6.893969932172115,6.893969932172115,6.824421750514569,6.841808795928955,523800,0.0,0.0
2024-02-23 00:00:00-05:00,6.867887784779393,6.867887784779393,6.807032934389259,6.824419975280762,68100,0.0,0.0
2024-02-26 00:00:00-05:00,6.841808547465564,6.841808547465564,6.7896474131166595,6.815728187561035,70200,0.0,0.0
2024-02-27 00:00:00-05:00,6.850501448627698,6.850501448627698,6.78964659197717,6.798340320587158,56900,0.0,0.0
2024-02-28 00:00:00-05:00,6.82441994267503,6.893968105908751,6.780952547923831,6.833113670349121,34400,0.0,0.0
2024-02-29 00:00:00-05:00,6.867888961596661,6.867888961596661,6.77226001303744,6.859195232391357,25500,0.0,0.0
2024-03-01 00:00:00-05:00,6.885275971244078,6.9026630150284385,6.859195198297625,6.867888927459717,28700,0.0,0.0
2024-03-04 00:00:00-05:00,6.885276102391236,6.902663146506777,6.841808284832471,6.850502014160156,15500,0.0,0.0
2024-03-05 00:00:00-05:00,6.876582242081986,6.9026630150284385,6.867888927459717,6.867888927459717,36800,0.0,0.0
2024-03-06 00:00:00-05:00,6.885275971244078,6.9026630150284385,6.850501883675356,6.867888927459717,14200,0.0,0.0
2024-03-07 00:00:00-05:00,6.867888961596661,6.867888961596661,6.841808188520574,6.859195232391357,78400,0.0,0.0
2024-03-08 00:00:00-05:00,6.867888927459717,6.9026630150284385,6.850501883675356,6.867888927459717,13400,0.0,0.0
2024-03-11 00:00:00-04:00,6.850501883675356,6.911356329650708,6.850501883675356,6.867888927459717,18500,0.0,0.0
2024-03-12 00:00:00-04:00,6.8852760054674444,6.902663049338228,6.850501917725878,6.859195232391357,44900,0.0,0.0
2024-03-13 00:00:00-04:00,6.885275874731147,6.8939691892315595,6.8678888311905055,6.876582145690918,9700,0.0,0.0
2024-03-14 00:00:00-04:00,6.867887751965982,6.885274792774412,6.815726629540691,6.833113670349121,36500,0.0,0.0
2024-03-15 00:00:00-04:00,6.859195232391357,6.87658227626214,6.841808188520574,6.859195232391357,10000,0.0,0.0
2024-03-18 00:00:00-04:00,6.8852765306387695,6.928743936361273,6.8852765306387695,6.920050621032715,36500,0.0,0.0
2024-03-19 00:00:00-04:00,6.920050655876545,6.928743971248875,6.9113569259643555,6.9113569259643555,19100,0.0,0.0
2024-03-20 00:00:00-04:00,6.939323902130127,6.983022165007908,6.913104611010263,6.939323902130127,50100,0.042,0.0
2024-03-21 00:00:00-04:00,6.94806335668203,6.9830221335232325,6.921844482421875,6.921844482421875,15000,0.0,0.0
2024-03-22 00:00:00-04:00,6.974282232380964,6.991761619760707,6.921844070241735,6.956802845001221,55100,0.0,0.0
2024-03-25 00:00:00-04:00,6.9830221335232325,6.9830221335232325,6.886885705580673,6.921844482421875,38600,0.0,0.0
2024-03-26 00:00:00-04:00,6.948061873013907,6.9830206423901195,6.904363619664344,6.913103103637695,14400,0.0,0.0
2024-03-27 00:00:00-04:00,6.93058396826143,6.9830221335232325,6.913104579840828,6.921844482421875,49200,0.0,0.0
2024-03-28 00:00:00-04:00,6.913104579840828,6.9568032592630775,6.895625191420227,6.921844482421875,46700,0.0,0.0
2024-04-01 00:00:00-04:00,6.904365016924396,6.956803181600806,6.869406240473457,6.895625114440918,23800,0.0,0.0
2024-04-02 00:00:00-04:00,6.886885579791546,6.886885579791546,6.834447415487527,6.851926803588867,73200,0.0,0.0
2024-04-03 00:00:00-04:00,6.851926359491522,6.869405746459961,6.843186457636573,6.869405746459961,21300,0.0,0.0
2024-04-04 00:00:00-04:00,6.869405779116678,6.886885166168213,6.869405779116678,6.886885166168213,23600,0.0,0.0
2024-04-05 00:00:00-04:00,6.886885597176141,6.886885597176141,6.878145694732666,6.878145694732666,12600,0.0,0.0
2024-04-08 00:00:00-04:00,6.895624571887611,6.895624571887611,6.843186411337078,6.860665798187256,39000,0.0,0.0
2024-04-09 00:00:00-04:00,6.895625082878129,6.895625082878129,6.869406209030678,6.878145694732666,10600,0.0,0.0
2024-04-10 00:00:00-04:00,6.860666257540629,6.886885547942126,6.825707481499622,6.834447383880615,37900,0.0,0.0
2024-04-11 00:00:00-04:00,6.8606652871901215,6.8606652871901215,6.8344464172384205,6.843185901641846,8700,0.0,0.0
2024-04-12 00:00:00-04:00,6.886885579791546,6.886885579791546,6.834447415487527,6.851926803588867,45100,0.0,0.0
2024-04-15 00:00:00-04:00,6.843186759409156,6.843186759409156,6.738310432973657,6.790748596191406,78000,0.0,0.0
2024-04-16 00:00:00-04:00,6.8082279839306565,6.8082279839306565,6.7557898207129075,6.790748596191406,124100,0.0,0.0
2024-04-17 00:00:00-04:00,6.816967886171019,6.816967886171019,6.764529306211794,6.790748596191406,63300,0.0,0.0
2024-04-18 00:00:00-04:00,6.790748052617927,6.790748052617927,6.755789279937744,6.755789279937744,117900,0.0,0.0
2024-04-19 00:00:00-04:00,6.782009988628264,6.790749475258483,6.755790695254547,6.764530181884766,160300,0.0,0.0
2024-04-22 00:00:00-04:00,6.739923977454008,6.77507348192712,6.739923977454008,6.7662858963012695,121800,0.042,0.0
2024-04-23 00:00:00-04:00,6.775074449570873,6.783861617436598,6.748712107943289,6.757499694824219,363500,0.0,0.0
2024-04-24 00:00:00-04:00,6.775073411664788,6.783860578184365,6.722349155501909,6.731136322021484,125100,0.0,0.0
2024-04-25 00:00:00-04:00,6.7311372430148815,6.7311372430148815,6.687200566375046,6.713562488555908,61400,0.0,0.0
2024-04-26 00:00:00-04:00,6.731136322021484,6.739923907556202,6.704774403447615,6.731136322021484,122700,0.0,0.0
2024-04-29 00:00:00-04:00,6.739923907556202,6.757498659610495,6.722349155501909,6.731136322021484,60900,0.0,0.0
2024-04-30 00:00:00-04:00,6.739923942596117,6.757498694741779,6.731136357015714,6.748711109161377,59500,0.0,0.0
2024-05-01 00:00:00-04:00,6.7662858963012695,6.783860648537825,6.739923977454008,6.7662858963012695,214400,0.0,0.0
2024-05-02 00:00:00-04:00,6.77507348192712,6.77507348192712,6.748711144064713,6.7662858963012695,30400,0.0,0.0
2024-05-03 00:00:00-04:00,6.7926488710610515,6.8453731327142915,6.7926488710610515,6.819011211395264,72800,0.0,0.0
2024-05-06 00:00:00-04:00,6.827798445085024,6.854160785675049,6.819011277565141,6.854160785675049,25700,0.0,0.0
2024-05-07 00:00:00-04:00,6.871735095977783,6.880522262930222,6.871735095977783,6.871735095977783,63600,0.0,0.0
2024-05-08 00:00:00-04:00,6.880522285291886,6.898097038269043,6.871735118310889,6.898097038269043,12500,0.0,0.0
2024-05-09 00:00:00-04:00,6.906884670257568,6.915671837297078,6.898097084202893,6.906884670257568,6200,0.0,0.0
2024-05-10 00:00:00-04:00,6.906884601817861,6.9156717687702995,6.854160343057744,6.871735095977783,24200,0.0,0.0
2024-05-13 00:00:00-04:00,6.880522262930222,6.880522262930222,6.862947510010183,6.871735095977783,58300,0.0,0.0
2024-05-14 00:00:00-04:00,6.871735539730003,6.889310293784957,6.845373199139978,6.854160785675049,71600,0.0,0.0
2024-05-15 00:00:00-04:00,6.880522262930222,6.898097015850261,6.871735095977783,6.871735095977783,56500,0.0,0.0
2024-05-16 00:00:00-04:00,6.8717350841917835,6.9068845899715745,6.862947498239255,6.88052225112915,85100,0.0,0.0
2024-05-17 00:00:00-04:00,6.889310855359552,6.915672779083252,6.871736099872011,6.915672779083252,63400,0.0,0.0
2024-05-20 00:00:00-04:00,6.9156717912462,6.9156717912462,6.871735118310889,6.898097038269043,68800,0.0,0.0
2024-05-21 00:00:00-04:00,6.906885114178588,6.915672281782869,6.889310359954834,6.889310359954834,37300,0.0,0.0
2024-05-22 00:00:00-04:00,6.908745434595604,6.9264148430207815,6.846902294471516,6.855737209320068,24400,0.042,0.0
2024-05-23 00:00:00-04:00,6.864572064715703,6.899910883428705,6.811563836646201,6.820398330688477,45100,0.0,0.0
2024-05-24 00:00:00-04:00,6.838067740044978,6.873406980029928,6.785059511975476,6.820398330688477,56500,0.0,0.0
2024-05-28 00:00:00-04:00,6.855738126045422,6.873407536833292,6.767390650834087,6.776225566864014,55400,0.0,0.0
2024-05-29 00:00:00-04:00,6.785060562478945,6.829234303345413,6.7143829141102085,6.732052326202393,41800,0.0,0.0
2024-05-30 00:00:00-04:00,6.740886688232422,6.785060004192217,6.732051772277275,6.740886688232422,26200,0.0,0.0
2024-05-31 00:00:00-04:00,6.76739133845956,6.8027301636260304,6.7232180176374845,6.758556842803955,53400,0.0,0.0
2024-06-03 00:00:00-04:00,6.793895244598389,6.802729739703459,6.749721505257042,6.793895244598389,72500,0.0,0.0
2024-06-04 00:00:00-04:00,6.776225149260559,6.829233378357392,6.776225149260559,6.811563968658447,23200,0.0,0.0
2024-06-05 00:00:00-04:00,6.811565053961797,6.855738795883448,6.802730137068657,6.838068962097168,56700,0.0,0.0
2024-06-06 00:00:00-04:00,6.820398996867675,6.882242146291901,6.820398996867675,6.846903324127197,59200,0.0,0.0
2024-06-07 00:00:00-04:00,6.811564236000384,6.838068140953054,6.793894825607946,6.829233646392822,34700,0.0,0.0
2024-06-10 00:00:00-04:00,6.802729585785323,6.846903324127197,6.802729585785323,6.846903324127197,34600,0.0,0.0
2024-06-11 00:00:00-04:00,6.829232886046337,6.882241111321872,6.829232886046337,6.855737209320068,13400,0.0,0.0
2024-06-12 00:00:00-04:00,6.899911403656006,6.935250225033421,6.8910769089476425,6.899911403656006,50200,0.0,0.0
2024-06-13 00:00:00-04:00,6.926415311276564,6.9352498054504395,6.917580395830733,6.9352498054504395,15000,0.0,0.0
2024-06-14 00:00:00-04:00,6.926414966583252,6.93524946031748,6.917580051577091,6.926414966583252,39800,0.0,0.0
2024-06-17 00:00:00-04:00,6.899910642836702,6.926414966583252,6.899910642836702,6.926414966583252,23500,0.0,0.0
2024-06-18 00:00:00-04:00,6.908745901656856,6.9352498054504395,6.908745901656856,6.9352498054504395,24600,0.0,0.0
2024-06-20 00:00:00-04:00,6.926415042819468,6.926415042819468,6.9175801277160645,6.9175801277160645,9200,0.0,0.0
2024-06-21 00:00:00-04:00,6.928239954514769,6.954886793426731,6.910475254058838,6.910475254058838,69300,0.042,0.0
2024-06-24 00:00:00-04:00,6.901592942768191,6.946004907293273,6.901592942768191,6.937122344970703,30600,0.0,0.0
2024-06-25 00:00:00-04:00,6.910475505090761,6.946004907293273,6.910475505090761,6.937122344970703,18800,0.0,0.0
2024-06-26 00:00:00-04:00,6.901592942768191,6.937122344970703,6.901592942768191,6.937122344970703,46500,0.0,0.0
2024-06-27 00:00:00-04:00,6.928240548938532,6.9637699528987165,6.928240548938532,6.954887390136719,4900,0.0,0.0
2024-06-28 00:00:00-04:00,6.963768828263141,6.990415665157913,6.9548862669356595,6.981533527374268,31500,0.0,0.0
2024-07-01 00:00:00-04:00,6.963769343187997,6.981534043612706,6.937122080778999,6.972651481628418,84300,0.0,0.0
2024-07-02 00:00:00-04:00,6.954887124192837,6.999299089216777,6.954887124192837,6.990416526794434,22200,0.0,0.0
2024-07-03 00:00:00-04:00,6.972651785805974,7.017063750577125,6.972651785805974,6.999299049377441,42000,0.0,0.0
2024-07-05 00:00:00-04:00,6.972651785805974,7.017063750577125,6.972651785805974,6.999299049377441,36000,0.0,0.0
2024-07-08 00:00:00-04:00,6.9815343481777585,7.008181188205341,6.9815343481777585,6.999299049377441,13700,0.0,0.0
2024-07-09 00:00:00-04:00,6.999299089216777,7.008181228095232,6.981534387915978,6.990416526794434,9600,0.0,0.0
2024-07-10 00:00:00-04:00,6.98153520549784,7.017064612260154,6.98153520549784,7.008182048797607,10900,0.0,0.0
2024-07-11 00:00:00-04:00,7.017064777277643,7.079241028801898,7.017064777277643,7.052594184875488,31700,0.0,0.0
2024-07-12 00:00:00-04:00,7.070357230394447,7.105886629659236,7.034827831129659,7.079239368438721,41500,0.0,0.0
2024-07-15 00:00:00-04:00,7.08812141418457,7.08812141418457,7.061474154903325,7.08812141418457,27700,0.0,0.0
2024-07-16 00:00:00-04:00,7.070357230394447,7.097004068071114,7.070357230394447,7.079239368438721,33800,0.0,0.0
2024-07-17 00:00:00-04:00,7.061474067769463,7.079238765889817,6.954885879047345,7.03482723236084,44400,0.0,0.0
2024-07-18 00:00:00-04:00,7.034827624707649,7.043709762491294,6.981533527374268,6.981533527374268,10900,0.0,0.0
2024-07-19 00:00:00-04:00,6.981533527374268,7.00818036426904,6.981533527374268,6.981533527374268,18200,0.0,0.0
2024-07-22 00:00:00-04:00,7.017063524909897,7.052592926166646,6.999298824281523,7.025945663452148,41400,0.0,0.0
2024-07-23 00:00:00-04:00,7.0348294810765655,7.061476325002976,7.0348294810765655,7.052594184875488,25000,0.0,0.0
2024-07-24 00:00:00-04:00,7.054379243776127,7.054379243776127,7.018660902353157,7.027590274810791,21700,0.042,0.0
2024-07-25 00:00:00-04:00,7.036520073064643,7.063308616233762,7.027590274810791,7.027590274810791,25300,0.0,0.0
2024-07-26 00:00:00-04:00,7.036519697244808,7.072238036760066,7.036519697244808,7.063308238983154,12200,0.0,0.0
2024-07-29 00:00:00-04:00,7.09009713802994,7.09009713802994,7.072237968444824,7.072237968444824,39200,0.0,0.0
2024-07-30 00:00:00-04:00,7.090097206517695,7.099026578498412,7.063308238983154,7.063308238983154,46600,0.0,0.0
2024-07-31 00:00:00-04:00,7.099026679992676,7.107956477897256,7.072238137871335,7.099026679992676,8400,0.0,0.0
2024-08-01 00:00:00-04:00,7.107956442219147,7.161534377785294,7.107956442219147,7.152604579925537,43700,0.0,0.0
2024-08-02 00:00:00-04:00,7.161534036467532,7.170462982309341,7.090096934382751,7.134744644165039,102200,0.0,0.0
2024-08-05 00:00:00-04:00,7.152605287298045,7.152605287298045,7.063309003054114,7.081168174743652,32800,0.0,0.0
2024-08-06 00:00:00-04:00,7.107956222170097,7.152604358494265,7.09902642458679,7.125815391540527,40400,0.0,0.0
2024-08-07 00:00:00-04:00,7.152604612487082,7.277618376723213,7.152604612487082,7.1972527503967285,52300,0.0,0.0
2024-08-08 00:00:00-04:00,7.179391794215229,7.23296971987312,7.170461998006875,7.188321590423584,29100,0.0,0.0
2024-08-09 00:00:00-04:00,7.232970335524136,7.232970335524136,7.170462608337402,7.170462608337402,12700,0.0,0.0
2024-08-12 00:00:00-04:00,7.179392575317512,7.224040709624667,7.161533832550049,7.161533832550049,17400,0.0,0.0
2024-08-13 00:00:00-04:00,7.206181696704738,7.241900036713975,7.17939315459591,7.1972527503967285,29400,0.0,0.0
2024-08-14 00:00:00-04:00,7.107956776718632,7.215111801301233,7.107956776718632,7.20618200302124,37600,0.0,0.0
2024-08-15 00:00:00-04:00,7.206180944618832,7.215110741587266,7.170462608337402,7.170462608337402,36500,0.0,0.0
2024-08-16 00:00:00-04:00,7.215113069792048,7.215113069792048,7.161535973877563,7.179394721984863,37200,0.0,0.0
2024-08-19 00:00:00-04:00,7.1793937281530456,7.2508304138785515,7.1793937281530456,7.232971668243408,48400,0.0,0.0
2024-08-20 00:00:00-04:00,7.268690011106162,7.268690011106162,7.2061822724019935,7.232971668243408,64700,0.0,0.0
2024-08-21 00:00:00-04:00,7.2686886413329495,7.2686886413329495,7.206180914408266,7.224040508270264,51500,0.0,0.0
2024-08-22 00:00:00-04:00,7.250829047470952,7.259758844401951,7.215110711339265,7.224040508270264,61200,0.0,0.0
2024-08-23 00:00:00-04:00,7.252764641737155,7.261741041134222,7.243788242340088,7.243788242340088,11600,0.042,0.0
2024-08-26 00:00:00-04:00,7.243788242340088,7.270717440531289,7.243788242340088,7.243788242340088,22600,0.0,0.0
2024-08-27 00:00:00-04:00,7.252764641737155,7.261741041134222,7.225836299582516,7.243788242340088,38900,0.0,0.0
2024-08-28 00:00:00-04:00,7.279692148369268,7.279692148369268,7.252763809305313,7.261740207672119,21300,0.0,0.0
2024-08-29 00:00:00-04:00,7.279692148369268,7.279692148369268,7.261740207672119,7.261740207672119,23900,0.0,0.0
2024-08-30 00:00:00-04:00,7.261740121581623,7.288668460326332,7.234811782836914,7.234811782836914,52400,0.0,0.0
2024-09-03 00:00:00-04:00,7.2617402931264845,7.288668632507324,7.2617402931264845,7.288668632507324,182600,0.0,0.0
2024-09-04 00:00:00-04:00,7.3155975341796875,7.333550332504452,7.288669192729081,7.3155975341796875,14900,0.0,0.0
2024-09-05 00:00:00-04:00,7.3155975341796875,7.351502274792677,7.3155975341796875,7.3155975341796875,31200,0.0,0.0
2024-09-06 00:00:00-04:00,7.342527329916949,7.342527329916949,7.315598130235681,7.333550930023193,33900,0.0,0.0
2024-09-09 00:00:00-04:00,7.351502274792677,7.369455073117441,7.3155975341796875,7.3155975341796875,31300,0.0,0.0
2024-09-10 00:00:00-04:00,7.333550332504452,7.3604786739550585,7.3155975341796875,7.3155975341796875,65400,0.0,0.0
2024-09-11 00:00:00-04:00,7.342526912689209,7.36047885542002,7.333550513305523,7.342526912689209,72900,0.0,0.0
2024-09-12 00:00:00-04:00,7.360478401184082,7.414335938125936,7.342526459561136,7.360478401184082,75200,0.0,0.0
2024-09-13 00:00:00-04:00,7.378431878928081,7.405360221862793,7.369455479270982,7.405360221862793,38700,0.0,0.0
2024-09-16 00:00:00-04:00,7.432287964644068,7.432287964644068,7.3604784852590255,7.387406826019287,67700,0.0,0.0
2024-09-17 00:00:00-04:00,7.405359623883807,7.423312421748327,7.387406826019287,7.387406826019287,28800,0.0,0.0
2024-09-18 00:00:00-04:00,7.405359623883807,7.414336022816067,7.369454884191286,7.387406826019287,47900,0.0,0.0
2024-09-19 00:00:00-04:00,7.405360639359945,7.405360639359945,7.378432294907077,7.396384239196777,29200,0.0,0.0
2024-09-20 00:00:00-04:00,7.441264881856663,7.441264881856663,7.369455397470126,7.378431797027588,47200,0.0,0.0
2024-09-23 00:00:00-04:00,7.407302573642279,7.43436921167073,7.362190936639589,7.371213436126709,36000,0.042,0.0
2024-09-24 00:00:00-04:00,7.371213436126709,7.38925757466804,7.371213436126709,7.371213436126709,14300,0.0,0.0
2024-09-25 00:00:00-04:00,7.380237102508545,7.416326245730196,7.371214601594871,7.380237102508545,25800,0.0,0.0
2024-09-26 00:00:00-04:00,7.380235507603273,7.389257146134281,7.344146372180662,7.35316801071167,51400,0.0,0.0
2024-09-27 00:00:00-04:00,7.344146798098259,7.38925757466804,7.344146798098259,7.371213436126709,19400,0.0,0.0
2024-09-30 00:00:00-04:00,7.425346782020811,7.425346782020811,7.344146867171755,7.398280143737793,70700,0.0,0.0
2024-10-01 00:00:00-04:00,7.479480868023081,7.479480868023081,7.4073025928052125,7.416325092315674,46100,0.0,0.0
2024-10-02 00:00:00-04:00,7.41632514288175,7.41632514288175,7.380236005026752,7.398280143737793,41000,0.0,0.0
2024-10-03 00:00:00-04:00,7.43436921167073,7.43436921167073,7.371213436126709,7.371213436126709,27000,0.0,0.0
2024-10-04 00:00:00-04:00,7.362190509675538,7.371213008639406,7.35316801071167,7.35316801071167,184300,0.0,0.0
2024-10-07 00:00:00-04:00,7.389258742989174,7.398281243902848,7.362192100681197,7.380237102508545,82800,0.0,0.0
2024-10-08 00:00:00-04:00,7.398278975503227,7.398278975503227,7.371212341494199,7.389256477355957,68400,0.0,0.0
2024-10-09 00:00:00-04:00,7.407302144062017,7.425346281556893,7.35316801071167,7.35316801071167,45800,0.0,0.0
2024-10-10 00:00:00-04:00,7.416325212125583,7.425346851348877,7.389257713156927,7.425346851348877,162100,0.0,0.0
2024-10-11 00:00:00-04:00,7.425346111624696,7.43436861038208,7.416324473300152,7.43436861038208,76500,0.0,0.0
2024-10-14 00:00:00-04:00,7.425347886210825,7.425347886210825,7.380237102508545,7.380237102508545,28400,0.0,0.0
2024-10-15 00:00:00-04:00,7.452415388951847,7.452415388951847,7.380237102508545,7.380237102508545,21400,0.0,0.0
2024-10-16 00:00:00-04:00,7.416325833694874,7.416325833694874,7.389258332457665,7.407303333282471,26800,0.0,0.0
2024-10-17 00:00:00-04:00,7.416325092315674,7.416325092315674,7.398280093294751,7.416325092315674,26200,0.0,0.0
2024-10-18 00:00:00-04:00,7.452413607896848,7.452413607896848,7.416324473300152,7.43436861038208,15300,0.0,0.0
2024-10-21 00:00:00-04:00,7.434368824072877,7.461436321123046,7.4163246864722945,7.4433913230896,41000,0.0,0.0
2024-10-22 00:00:00-04:00,7.43436861038208,7.452413607896848,7.407301974542769,7.43436861038208,65000,0.0,0.0
2024-10-23 00:00:00-04:00,7.434369408330154,7.434369408330154,7.317079493193684,7.335124492645264,91600,0.0,0.0
2024-10-24 00:00:00-04:00,7.355076517983405,7.355076517983405,7.300662130594248,7.309731483459473,34100,0.042,0.0
2024-10-25 00:00:00-04:00,7.318799698973612,7.336938404028827,7.264385313610088,7.273454666137695,31500,0.0,0.0
2024-10-28 00:00:00-04:00,7.309731211347065,7.318799698973612,7.264385313610088,7.273454666137695,37800,0.0,0.0
2024-10-29 00:00:00-04:00,7.264386208044841,7.282524050432235,7.200902029886626,7.209970951080322,56800,0.0,0.0
2024-10-30 00:00:00-04:00,7.237177894392674,7.255316167513436,7.228108541607021,7.246246814727783,21200,0.0,0.0
2024-10-31 00:00:00-04:00,7.25531596252523,7.2915925077418136,7.2462466099958185,7.282523155212402,24500,0.0,0.0
2024-11-01 00:00:00-04:00,7.309731600376149,7.318800088485326,7.255316347215545,7.26438570022583,54900,0.0,0.0
2024-11-04 00:00:00-05:00,7.300662157066256,7.300662157066256,7.2371779841311366,7.255316257476807,42600,0.0,0.0
2024-11-05 00:00:00-05:00,7.2643858799955465,7.309731781268027,7.2643858799955465,7.291593074798584,45900,0.0,0.0
2024-11-06 00:00:00-05:00,7.291592804168147,7.318799997961378,7.255316257476807,7.255316257476807,149900,0.0,0.0
2024-11-07 00:00:00-05:00,7.282522367954505,7.364144802093506,7.282522367954505,7.364144802093506,61300,0.0,0.0
2024-11-08 00:00:00-05:00,7.34600830078125,7.373215495478641,7.300662399684847,7.34600830078125,89100,0.0,0.0
2024-11-11 00:00:00-05:00,7.373215495478641,7.373215495478641,7.34600830078125,7.34600830078125,22600,0.0,0.0
2024-11-12 00:00:00-05:00,7.3460077565564355,7.355076244182982,7.264385313610088,7.273454666137695,22800,0.0,0.0
2024-11-13 00:00:00-05:00,7.300662130594248,7.309731483459473,7.291592777729025,7.309731483459473,16300,0.0,0.0
2024-11-14 00:00:00-05:00,7.336938947581744,7.34600830078125,7.309731752884352,7.34600830078125,30500,0.0,0.0
2024-11-15 00:00:00-05:00,7.3550757432768155,7.3550757432768155,7.318799200538003,7.33693790435791,25500,0.0,0.0
2024-11-18 00:00:00-05:00,7.3550766093156295,7.3550766093156295,7.30973157422862,7.327869415283203,10800,0.0,0.0
2024-11-19 00:00:00-05:00,7.3550757432768155,7.3550757432768155,7.309730713529053,7.33693790435791,27400,0.0,0.0
2024-11-20 00:00:00-05:00,7.336938200248442,7.336938200248442,7.300661656046638,7.3187994956970215,21400,0.0,0.0
2024-11-21 00:00:00-05:00,7.311506748199463,7.375322610028216,7.311506748199463,7.311506748199463,30100,0.042,0.0
2024-11-22 00:00:00-05:00,7.338856279065227,7.357089009833766,7.302389948102238,7.311506748199463,34900,0.0,0.0
2024-11-25 00:00:00-05:00,7.375323357183766,7.375323357183766,7.320623420484963,7.347973823547363,42000,0.0,0.0
2024-11-26 00:00:00-05:00,7.366205335468358,7.411788463592529,7.347972605874202,7.411788463592529,27400,0.0,0.0
2024-11-27 00:00:00-05:00,7.411788613659437,7.457371742706532,7.375322284306935,7.402671813964844,21000,0.0,0.0
2024-11-29 00:00:00-05:00,7.475605701496677,7.49383930388307,7.439139366149902,7.439139366149902,38700,0.0,0.0
2024-12-02 00:00:00-05:00,7.493838460781516,7.493838460781516,7.44825532936992,7.484721660614014,32200,0.0,0.0
2024-12-03 00:00:00-05:00,7.521188295143468,7.521188295143468,7.420906097534899,7.466488361358643,79900,0.0,0.0
2024-12-04 00:00:00-05:00,7.484721719861198,7.484721719861198,7.439138588088777,7.457372188568115,35000,0.0,0.0
2024-12-05 00:00:00-05:00,7.475605549374626,7.475605549374626,7.430022413762232,7.448256015777588,29200,0.0,0.0
2024-12-06 00:00:00-05:00,7.502954450914611,7.502954450914611,7.430021787849108,7.457372188568115,56700,0.0,0.0
2024-12-09 00:00:00-05:00,7.484721962428902,7.484721962428902,7.448255629714335,7.466488361358643,63200,0.0,0.0
2024-12-10 00:00:00-05:00,7.46648811938186,7.475604919621529,7.4482553883284455,7.457372188568115,27600,0.0,0.0
2024-12-11 00:00:00-05:00,7.493837768975504,7.493837768975504,7.402671514568475,7.420905113220215,57000,0.0,0.0
2024-12-12 00:00:00-05:00,7.430021401662041,7.430021401662041,7.3662055421531365,7.375322341918945,26000,0.0,0.0
2024-12-13 00:00:00-05:00,7.4117889409912046,7.420905741088429,7.284156347907789,7.311506748199463,68800,0.0,0.0
2024-12-16 00:00:00-05:00,7.329739512694918,7.338856312834093,7.25680685043335,7.25680685043335,59700,0.0,0.0
2024-12-17 00:00:00-05:00,7.265924472096527,7.275041273811945,7.156525459789709,7.165642261505127,100200,0.0,0.0
2024-12-18 00:00:00-05:00,7.183874223238261,7.21122375436337,7.092708394966295,7.101824760437012,81300,0.0,0.0
2024-12-19 00:00:00-05:00,7.07447613123082,7.129175635167592,7.028892993927002,7.028892993927002,77100,0.0,0.0
2024-12-20 00:00:00-05:00,7.083592414855957,7.101825582621219,7.047126079325433,7.083592414855957,192500,0.0,0.0
2024-12-23 00:00:00-05:00,7.103756966982478,7.11292331480064,7.030427932739258,7.030427932739258,58600,0.042,0.0
2024-12-24 00:00:00-05:00,7.057926177978516,7.057926177978516,6.993763490863136,7.057926177978516,79500,0.0,0.0
2024-12-26 00:00:00-05:00,7.076259761739669,7.076259761739669,7.039595237358293,7.067093849182129,63100,0.0,0.0
2024-12-27 00:00:00-05:00,7.0854250405192865,7.0854250405192865,7.030428262259144,7.0395941734313965,41300,0.0,0.0
2024-12-30 00:00:00-05:00,7.002929654591302,7.076258692271492,7.002929654591302,7.0395941734313965,55900,0.0,0.0
2024-12-31 00:00:00-05:00,7.057926620929945,7.12208974914769,7.057926620929945,7.09459114074707,129900,0.0,0.0
2025-01-02 00:00:00-05:00,7.103757315461582,7.177086353302002,7.103757315461582,7.177086353302002,49000,0.0,0.0
2025-01-03 00:00:00-05:00,7.213750764234889,7.268747541791922,7.177086245863534,7.186252593994141,42200,0.0,0.0
2025-01-06 00:00:00-05:00,7.213751020501562,7.213751020501562,7.131256069773168,7.1679205894470215,42900,0.0,0.0
2025-01-07 00:00:00-05:00,7.195418313583238,7.195418313583238,7.122089278791772,7.131255626678467,40900,0.0,0.0
2025-01-08 00:00:00-05:00,7.158754348754883,7.177086608867773,7.122089828529101,7.158754348754883,70200,0.0,0.0
2025-01-10 00:00:00-05:00,7.177086608867773,7.186252957461997,7.094591219821987,7.158754348754883,33800,0.0,0.0
2025-01-13 00:00:00-05:00,7.167920400190028,7.167920400190028,7.0762586663500215,7.112923622131348,16100,0.0,0.0
2025-01-14 00:00:00-05:00,7.140421792622918,7.149588140837135,7.0762586663500215,7.112923622131348,28800,0.0,0.0
2025-01-15 00:00:00-05:00,7.140421981153856,7.213751020501562,7.140421981153856,7.1679205894470215,39700,0.0,0.0
2025-01-16 00:00:00-05:00,7.186252849283948,7.195418760664635,7.1679205894470215,7.1679205894470215,34200,0.0,0.0
2025-01-17 00:00:00-05:00,7.195418357849121,7.204584705792207,7.177086099038475,7.195418357849121,24100,0.0,0.0
2025-01-21 00:00:00-05:00,7.222917556762695,7.222917556762695,7.195418947754532,7.222917556762695,44600,0.0,0.0
2025-01-22 00:00:00-05:00,7.250415134281058,7.250415134281058,7.186252446981562,7.195418357849121,53800,0.0,0.0
2025-01-23 00:00:00-05:00,7.2045848858693144,7.2045848858693144,7.149588108062744,7.149588108062744,86900,0.0,0.0
2025-01-24 00:00:00-05:00,7.1882942357762305,7.1975097688819005,7.13299927937518,7.142215251922607,80600,0.042,0.0
2025-01-27 00:00:00-05:00,7.15143138212696,7.1698628881863895,7.1422154093763615,7.160646915435791,42200,0.0,0.0
2025-01-28 00:00:00-05:00,7.169863224029541,7.169863224029541,7.151431717106762,7.169863224029541,23500,0.0,0.0
2025-01-29 00:00:00-05:00,7.188294394245819,7.188294394245819,7.15143138212696,7.160646915435791,43000,0.0,0.0
2025-01-30 00:00:00-05:00,7.179078757770036,7.188294730952319,7.160647250847258,7.169863224029541,71400,0.0,0.0
2025-01-31 00:00:00-05:00,7.188294730952319,7.197510264692815,7.160647250847258,7.169863224029541,50300,0.0,0.0
2025-02-03 00:00:00-05:00,7.169863224029541,7.188294730952319,7.169863224029541,7.169863224029541,49400,0.0,0.0
2025-02-04 00:00:00-05:00,7.1882950293509875,7.215942071161938,7.16064754809823,7.179079055786133,204500,0.0,0.0
2025-02-05 00:00:00-05:00,7.197509923090187,7.2343729351861805,7.197509923090187,7.215941429138184,78300,0.0,0.0
2025-02-06 00:00:00-05:00,7.234373569488525,7.2435895430414545,7.215942061824473,7.234373569488525,95700,0.0,0.0
2025-02-07 00:00:00-05:00,7.243588907931063,7.2528044412341774,7.188294389787072,7.215941429138184,50400,0.0,0.0
2025-02-10 00:00:00-05:00,7.234373271463416,7.252804778368169,7.2159417645586625,7.225157737731934,48600,0.0,0.0
2025-02-11 00:00:00-05:00,7.225157401883066,7.225157401883066,7.206725895835069,7.215941429138184,58300,0.0,0.0
2025-02-12 00:00:00-05:00,7.197510264692815,7.215941771615594,7.151431717106762,7.169863224029541,40100,0.0,0.0
2025-02-13 00:00:00-05:00,7.206725895835069,7.215941429138184,7.169862883739075,7.215941429138184,55600,0.0,0.0
2025-02-14 00:00:00-05:00,7.25280477138293,7.280452251434326,7.243589237660323,7.280452251434326,47600,0.0,0.0
2025-02-18 00:00:00-05:00,7.298883900266807,7.298883900266807,7.234373405186835,7.271236419677734,86200,0.0,0.0
2025-02-19 00:00:00-05:00,7.289668083190918,7.289668083190918,7.252805067909791,7.289668083190918,115100,0.0,0.0
2025-02-20 00:00:00-05:00,7.298883259936436,7.308098793029785,7.28966728740133,7.308098793029785,72300,0.0,0.0
2025-02-21 00:00:00-05:00,7.337747097015381,7.337747097015381,7.282158157405461,7.337747097015381,28000,0.042,0.0
2025-02-24 00:00:00-05:00,7.337747097015381,7.337747097015381,7.319217450478741,7.337747097015381,38900,0.0,0.0
2025-02-25 00:00:00-05:00,7.356276132714748,7.356276132714748,7.337746487716739,7.347011089324951,50600,0.0,0.0
2025-02-26 00:00:00-05:00,7.347011089324951,7.347011089324951,7.328481444326942,7.347011089324951,33600,0.0,0.0
2025-02-27 00:00:00-05:00,7.356276743552021,7.356276743552021,7.319217450478741,7.337747097015381,11900,0.0,0.0
2025-02-28 00:00:00-05:00,7.337746881268906,7.393335819244385,7.337746881268906,7.393335819244385,32600,0.0,0.0
2025-03-03 00:00:00-05:00,7.384070760185823,7.393335804053504,7.347011468278316,7.356276512145996,37800,0.0,0.0
2025-03-04 00:00:00-05:00,7.3470116993928904,7.38407099246617,7.319217450478741,7.337747097015381,44200,0.0,0.0
2025-03-05 00:00:00-05:00,7.337747195314742,7.356276842099613,7.291422857461753,7.328482151031494,112600,0.0,0.0
2025-03-06 00:00:00-05:00,7.328481658173361,7.328481658173361,7.27289272155724,7.291422367095947,38700,0.0,0.0
2025-03-07 00:00:00-05:00,7.3099521303902275,7.31921717419963,7.24509859085083,7.24509859085083,29500,0.0,0.0
2025-03-10 00:00:00-04:00,7.24509859085083,7.28215788252523,7.24509859085083,7.24509859085083,24300,0.0,0.0
2025-03-11 00:00:00-04:00,7.26362798929525,7.272892591007503,7.217303655389213,7.226568698883057,58600,0.0,0.0
2025-03-12 00:00:00-04:00,7.235833531557964,7.245098575347541,7.198774239962865,7.208039283752441,40700,0.0,0.0
2025-03-13 00:00:00-04:00,7.208039283752441,7.217303885760415,7.189509637954892,7.208039283752441,39900,0.0,0.0
2025-03-14 00:00:00-04:00,7.189509637954892,7.217303885760415,7.189509637954892,7.208039283752441,48400,0.0,0.0
2025-03-17 00:00:00-04:00,7.198774337768555,7.217303983817856,7.180244691719253,7.198774337768555,36100,0.0,0.0
2025-03-18 00:00:00-04:00,7.180243872089665,7.18950891494751,7.170978829231821,7.18950891494751,42800,0.0,0.0
2025-03-19 00:00:00-04:00,7.208039134813589,7.208039134813589,7.1617148003861075,7.180244445800781,44900,0.0,0.0
2025-03-20 00:00:00-04:00,7.22656881264168,7.254363059997559,7.1987741235042035,7.254363059997559,36200,0.0,0.0
2025-03-21 00:00:00-04:00,7.254363059997559,7.319217040130604,7.245098458139465,7.254363059997559,44700,0.0,0.0
2025-03-24 00:00:00-04:00,7.26554189943703,7.349374771118164,7.26554189943703,7.349374771118164,50700,0.042,0.0
2025-03-25 00:00:00-04:00,7.358690288582821,7.358690288582821,7.321431133231144,7.340060710906982,29000,0.0,0.0
2025-03-26 00:00:00-04:00,7.3307448209539885,7.3307448209539885,7.265541528989195,7.284171104431152,22400,0.0,0.0
2025-03-27 00:00:00-04:00,7.284170697999958,7.284170697999958,7.21896696550919,7.2282819747924805,39500,0.0,0.0
2025-03-28 00:00:00-04:00,7.2655406220055205,7.2748551864816715,7.237596040248951,7.24691104888916,13300,0.0,0.0
2025-03-31 00:00:00-04:00,7.274856119167656,7.274856119167656,7.21896739265326,7.2655415534973145,15200,0.0,0.0
2025-04-01 00:00:00-04:00,7.302800626842048,7.321430202148722,7.293485617106656,7.31211519241333,24900,0.0,0.0
2025-04-02 00:00:00-04:00,7.349374367586279,7.349374367586279,7.284171075877084,7.293485641479492,28300,0.0,0.0
2025-04-03 00:00:00-04:00,7.302799652523123,7.358688370986631,7.302799652523123,7.330743789672852,26900,0.0,0.0
2025-04-04 00:00:00-04:00,7.321429353227819,7.321429353227819,7.20033690569307,7.209651470184326,47100,0.0,0.0
2025-04-07 00:00:00-04:00,7.218967588197687,7.218967588197687,7.079245546044906,7.107190132141113,75500,0.0,0.0
2025-04-08 00:00:00-04:00,7.079245720530355,7.135134449936157,6.930209108781549,6.96746826171875,106500,0.0,0.0
2025-04-09 00:00:00-04:00,6.920893533699734,7.079245142842948,6.8743198184108545,7.051301002502441,74300,0.0,0.0
2025-04-10 00:00:00-04:00,7.014042447173829,7.069931176756536,6.874320401134994,6.939523696899414,77000,0.0,0.0
2025-04-11 00:00:00-04:00,6.939523297703943,7.172393212984802,6.799801703866719,6.89294958114624,155700,0.0,0.0
2025-04-14 00:00:00-04:00,6.939523151941133,7.014041896363618,6.939523151941133,7.004726886749268,58500,0.0,0.0
2025-04-15 00:00:00-04:00,6.986096382141113,7.032670535687672,6.948837236969484,6.986096382141113,36500,0.0,0.0
2025-04-16 00:00:00-04:00,6.96746826171875,7.004727414655951,6.948838685250149,6.96746826171875,38400,0.0,0.0
2025-04-17 00:00:00-04:00,6.948838205486961,7.265541427751419,6.948838205486961,6.958152770996094,48500,0.0,0.0
2025-04-21 00:00:00-04:00,6.958153325028918,6.976782901694644,6.892950028780947,6.902264595031738,57600,0.0,0.0
2025-04-22 00:00:00-04:00,6.958151860945759,6.958151860945759,6.874319005671555,6.920892715454102,51300,0.0,0.0
2025-04-23 00:00:00-04:00,7.025813276196507,7.025813276196507,6.960238858143901,6.978974342346191,28400,0.042,0.0
2025-04-24 00:00:00-04:00,7.016444661306378,7.02581262588501,6.978973696370122,7.02581262588501,55800,0.0,0.0
2025-04-25 00:00:00-04:00,7.0539154495521155,7.091386411176928,7.0539154495521155,7.0632829666137695,36200,0.0,0.0
2025-04-28 00:00:00-04:00,7.110122777132818,7.110122777132818,7.02581287963665,7.082019329071045,57700,0.0,0.0
2025-04-29 00:00:00-04:00,7.04454896543395,7.072652415899939,7.04454896543395,7.053916931152344,45400,0.0,0.0
2025-04-30 00:00:00-04:00,7.0351814464047475,7.110123385395132,7.016445514967961,7.053916931152344,135300,0.0,0.0
2025-05-01 00:00:00-04:00,7.100754312612677,7.100754312612677,7.07265131321736,7.091386795043945,60000,0.0,0.0
2025-05-02 00:00:00-04:00,7.091387824481668,7.119490827956623,7.063284374317527,7.072652339935303,43700,0.0,0.0
2025-05-05 00:00:00-04:00,7.091386411176928,7.091386411176928,7.0539154495521155,7.0632829666137695,51300,0.0,0.0
2025-05-06 00:00:00-04:00,7.0632829666137695,7.260005738488588,7.044547485801363,7.0632829666137695,104300,0.0,0.0
2025-05-07 00:00:00-04:00,7.072650930364522,7.082018447426177,7.0539154495521155,7.0632829666137695,78100,0.0,0.0
2025-05-08 00:00:00-04:00,7.0445488897711614,7.091387824481668,7.0445488897711614,7.072652339935303,115200,0.0,0.0
2025-05-09 00:00:00-04:00,7.091386795043945,7.091386795043945,7.082018830786092,7.091386795043945,69600,0.0,0.0
2025-05-12 00:00:00-04:00,7.091386795043945,7.1101222768705306,7.063283348959506,7.091386795043945,129400,0.0,0.0
2025-05-13 00:00:00-04:00,7.110121891989335,7.119489409050989,7.0632829666137695,7.0632829666137695,105300,0.0,0.0
2025-05-14 00:00:00-04:00,7.0820199579593295,7.0820199579593295,7.0164455377849055,7.044548988342285,129900,0.0,0.0
2025-05-15 00:00:00-04:00,7.07265131321736,7.1101222768705306,7.063283348959506,7.091386795043945,64900,0.0,0.0
2025-05-16 00:00:00-04:00,7.1288581635546615,7.1288581635546615,7.091387197773464,7.1101226806640625,97300,0.0,0.0
2025-05-19 00:00:00-04:00,7.01644543960702,7.091387824481668,7.01644543960702,7.072652339935303,54600,0.0,0.0
2025-05-20 00:00:00-04:00,7.082019730484425,7.100755214691162,7.072652211725645,7.100755214691162,16500,0.0,0.0
2025-05-21 00:00:00-04:00,7.100754630427786,7.100754630427786,7.007077217102051,7.007077217102051,50300,0.0,0.0
2025-05-22 00:00:00-04:00,7.037223357923475,7.037223357923475,6.999540804540036,7.02780294418335,35400,0.042,0.0
2025-05-23 00:00:00-04:00,7.037222862243652,7.037222862243652,7.018381586879054,7.037222862243652,31200,0.0,0.0
2025-05-27 00:00:00-04:00,7.074906809649353,7.074906809649353,7.018382526774437,7.056065082550049,56400,0.0,0.0
2025-05-28 00:00:00-04:00,7.027802476151054,7.046643751587996,6.99954033838992,7.008961200714111,66600,0.0,0.0
2025-05-29 00:00:00-04:00,7.027803412865758,7.046644690813998,7.018382549285889,7.018382549285889,35900,0.0,0.0
2025-05-30 00:00:00-04:00,7.037222889263805,7.0560641647007465,7.008961200714111,7.008961200714111,35700,0.0,0.0
2025-06-02 00:00:00-04:00,7.037223827234128,7.046644690813998,6.99012085696928,7.018382549285889,78800,0.0,0.0
2025-06-03 00:00:00-04:00,6.999540347206649,7.0372228981279985,6.990119934082031,6.990119934082031,76300,0.0,0.0
2025-06-04 00:00:00-04:00,6.99954127133765,7.056065105182367,6.99954127133765,7.018382549285889,44500,0.0,0.0
2025-06-05 00:00:00-04:00,7.037222871677623,7.074905871668777,7.018381596287766,7.0466437339782715,118900,0.0,0.0
2025-06-06 00:00:00-04:00,7.027802476151054,7.046643751587996,6.99954033838992,7.008961200714111,56100,0.0,0.0
2025-06-09 00:00:00-04:00,6.99012085696928,7.046644690813998,6.99012085696928,7.018382549285889,39500,0.0,0.0
2025-06-10 00:00:00-04:00,7.056064614522741,7.06548547744751,7.018382061246606,7.06548547744751,61400,0.0,0.0
2025-06-11 00:00:00-04:00,7.056065082550049,7.0937480875371595,7.037223804662243,7.056065082550049,106600,0.0,0.0
2025-06-12 00:00:00-04:00,7.056064147741873,7.08432628543508,7.056064147741873,7.074905872344971,280100,0.0,0.0
2025-06-13 00:00:00-04:00,7.06548547744751,7.084326754085578,7.056064614522741,7.06548547744751,41500,0.0,0.0
2025-06-16 00:00:00-04:00,7.06548547744751,7.084326754085578,7.056064614522741,7.06548547744751,43500,0.0,0.0
2025-06-17 00:00:00-04:00,7.074906809649353,7.074906809649353,7.046644668211895,7.056065082550049,59500,0.0,0.0
2025-06-18 00:00:00-04:00,7.074906809649353,7.084327223987507,7.037223804662243,7.056065082550049,89000,0.0,0.0
2025-06-20 00:00:00-04:00,7.0749063605183835,7.0749063605183835,7.02780294418335,7.02780294418335,45400,0.0,0.0
2025-06-23 00:00:00-04:00,7.058119495479726,7.133911764094017,7.048645744249729,7.086541652679443,94600,0.042,0.0
2025-06-24 00:00:00-04:00,7.105489532083578,7.105489532083578,7.067593624052853,7.0770673751831055,52200,0.0,0.0
2025-06-25 00:00:00-04:00,7.067593499746063,7.1244373607923634,7.058119297027588,7.058119297027588,35700,0.0,0.0
2025-06-26 00:00:00-04:00,7.086541578068215,7.086541578068215,7.010749762006768,7.0770673751831055,48600,0.0,0.0
2025-06-27 00:00:00-04:00,7.086541702042634,7.096015453338623,7.06759374769579,7.096015453338623,47200,0.0,0.0
2025-06-30 00:00:00-04:00,7.1244378089904785,7.1244378089904785,7.0675939443681335,7.1244378089904785,80000,0.0,0.0
2025-07-01 00:00:00-04:00,7.152860335559548,7.181282043457031,7.124438175907162,7.181282043457031,66800,0.0,0.0
2025-07-02 00:00:00-04:00,7.181280863781872,7.228650971502686,7.162332911044512,7.219176769256592,75700,0.0,0.0
2025-07-03 00:00:00-04:00,7.238124972175342,7.257072925567627,7.200229065390773,7.257072925567627,57400,0.0,0.0
2025-07-07 00:00:00-04:00,7.257073278563211,7.257073278563211,7.2097036186557855,7.238125324249268,89000,0.0,0.0
2025-07-08 00:00:00-04:00,7.238124319880725,7.238124319880725,7.209702618231063,7.2286505699157715,30700,0.0,0.0
2025-07-09 00:00:00-04:00,7.247599174748906,7.266547128141191,7.228651221356622,7.257072925567627,32800,0.0,0.0
2025-07-10 00:00:00-04:00,7.257072925567627,7.266547128141191,7.238124972175342,7.257072925567627,47200,0.0,0.0
2025-07-11 00:00:00-04:00,7.257073476608169,7.266547679901123,7.219177566946106,7.266547679901123,22600,0.0,0.0
2025-07-14 00:00:00-04:00,7.266547128141191,7.266547128141191,7.219177018783058,7.257072925567627,13900,0.0,0.0
2025-07-15 00:00:00-04:00,7.26654780290487,7.285495758056641,7.247599847753099,7.285495758056641,32400,0.0,0.0
2025-07-16 00:00:00-04:00,7.285495081533475,7.30444303492576,7.247599174748906,7.257072925567627,30200,0.0,0.0
2025-07-17 00:00:00-04:00,7.266546473285189,7.285494424969897,7.2286505699157715,7.2286505699157715,33000,0.0,0.0
2025-07-18 00:00:00-04:00,7.247599725070092,7.2760214314392,7.228651770239061,7.266547679901123,26100,0.0,0.0
2025-07-21 00:00:00-04:00,7.285495758056641,7.3044437132084115,7.257073599451542,7.285495758056641,19900,0.0,0.0
2025-07-22 00:00:00-04:00,7.285495634732155,7.304443589563186,7.266547679901123,7.266547679901123,29600,0.0,0.0
2025-07-23 00:00:00-04:00,7.285495758056641,7.285495758056641,7.257073599451542,7.285495758056641,16000,0.0,0.0
2025-07-24 00:00:00-04:00,7.2588224601858204,7.287400701660578,7.24929668251806,7.27787446975708,18500,0.042,0.0
2025-07-25 00:00:00-04:00,7.268348195516584,7.287400203786212,7.258821964263916,7.258821964263916,6100,0.0,0.0
2025-07-28 00:00:00-04:00,7.23024463482753,7.277874431386695,7.23024463482753,7.239770412445068,18900,0.0,0.0
2025-07-29 00:00:00-04:00,7.230244159698486,7.268348176136141,7.2207179284712195,7.230244159698486,67800,0.0,0.0
2025-07-30 00:00:00-04:00,7.230245093083272,7.2492971037616085,7.1921410717265974,7.220718860626221,33800,0.0,0.0
2025-07-31 00:00:00-04:00,7.211192586935575,7.25882238324097,7.201666355133057,7.201666355133057,85000,0.0,0.0
2025-08-01 00:00:00-04:00,7.239769502441397,7.277873516593535,7.211191718945132,7.26834774017334,39700,0.0,0.0
2025-08-04 00:00:00-04:00,7.249297142028809,7.296926941858195,7.2397709095214715,7.249297142028809,53700,0.0,0.0
2025-08-05 00:00:00-04:00,7.26834774017334,7.306451754325478,7.249295733097271,7.26834774017334,64400,0.0,0.0
2025-08-06 00:00:00-04:00,7.287400722503662,7.306452732129412,7.258822480947166,7.287400722503662,49200,0.0,0.0
2025-08-07 00:00:00-04:00,7.287400203786212,7.30645221205584,7.249296187246956,7.258821964263916,49300,0.0,0.0
2025-08-08 00:00:00-04:00,7.249295733097271,7.296925523669604,7.230243726021202,7.26834774017334,81800,0.0,0.0
2025-08-11 00:00:00-04:00,7.287400722503662,7.296926500198667,7.258822480947166,7.287400722503662,33800,0.0,0.0
2025-08-12 00:00:00-04:00,7.287400244505741,7.296926021575928,7.2588220048237595,7.296926021575928,40300,0.0,0.0
2025-08-13 00:00:00-04:00,7.2969265381106965,7.335030557560172,7.2969265381106965,7.325504779815674,68000,0.0,0.0
2025-08-14 00:00:00-04:00,7.315977573394775,7.315977573394775,7.306451796919049,7.315977573394775,22700,0.0,0.0
2025-08-15 00:00:00-04:00,7.325504760835041,7.325504760835041,7.296926519204111,7.306452751159668,37000,0.0,0.0
2025-08-18 00:00:00-04:00,7.287400701660578,7.325504720803097,7.1540366346617645,7.27787446975708,19400,0.0,0.0
2025-08-19 00:00:00-04:00,7.306452751159668,7.306452751159668,7.258822499853364,7.306452751159668,54700,0.0,0.0
2025-08-20 00:00:00-04:00,7.287399747249409,7.287399747249409,7.258821509517466,7.26834774017334,34300,0.0,0.0
2025-08-21 00:00:00-04:00,7.287401163586624,7.287401163586624,7.230245131249901,7.249297142028809,61300,0.0,0.0
2025-08-22 00:00:00-04:00,7.232054585431149,7.3278432941159695,7.232054585431149,7.279948711395264,44400,0.042,0.0
2025-08-25 00:00:00-04:00,7.2991062663217114,7.337421748815008,7.2991062663217114,7.318264007568359,40200,0.0,0.0
2025-08-26 00:00:00-04:00,7.289527479008822,7.337421602794018,7.289527479008822,7.299106121063232,20100,0.0,0.0
2025-08-27 00:00:00-04:00,7.308685447776725,7.356579573055376,7.308685447776725,7.327843189239502,49300,0.0,0.0
2025-08-28 00:00:00-04:00,7.318263467435288,7.356578947100665,7.308684825897217,7.308684825897217,20600,0.0,0.0
2025-08-29 00:00:00-04:00,7.327843106569974,7.347000847816622,7.279948525075063,7.318264007568359,47600,0.0,0.0
2025-09-02 00:00:00-04:00,7.327842565729905,7.337421207267976,7.299105727602599,7.308684825897217,48900,0.0,0.0
2025-09-03 00:00:00-04:00,7.337421831592598,7.34700093070228,7.31826409012982,7.327843189239502,29600,0.0,0.0
2025-09-04 00:00:00-04:00,7.308685365323325,7.337421748815008,7.308685365323325,7.318264007568359,7600,0.0,0.0
2025-09-05 00:00:00-04:00,7.337421933989097,7.414052900909621,7.337421933989097,7.404474258422852,43500,0.0,0.0
2025-09-08 00:00:00-04:00,7.404473206692091,7.461946423718993,7.404473206692091,7.452367782592773,52200,0.0,0.0
2025-09-09 00:00:00-04:00,7.461946423718993,7.461946423718993,7.423630945701058,7.452367782592773,23800,0.0,0.0
2025-09-10 00:00:00-04:00,7.452368550474278,7.5289995144060935,7.452368550474278,7.4906840324401855,150600,0.0,0.0
2025-09-11 00:00:00-04:00,7.519420437872669,7.576893660992254,7.500262696832807,7.557735919952393,31200,0.0,0.0
2025-09-12 00:00:00-04:00,7.557735589418354,7.5864724280996425,7.538577849216347,7.576893329620361,43600,0.0,0.0
2025-09-15 00:00:00-04:00,7.5768934755544946,7.605630314789266,7.5768934755544946,7.596051216125488,40600,0.0,0.0
2025-09-16 00:00:00-04:00,7.605629773662299,7.605629773662299,7.5768929364721025,7.586472034454346,59100,0.0,0.0
2025-09-17 00:00:00-04:00,7.586472034454346,7.615208414888011,7.5768929364721025,7.586472034454346,38600,0.0,0.0
2025-09-18 00:00:00-04:00,7.586472133634397,7.586472133634397,7.509841175800763,7.538577556610107,74800,0.0,0.0
2025-09-19 00:00:00-04:00,7.528999474237664,7.567314955999152,7.519420375419006,7.548157215118408,48200,0.0,0.0
2025-09-22 00:00:00-04:00,7.567314833647281,7.596051216125488,7.538577994412509,7.596051216125488,39900,0.0,0.0
2025-09-23 00:00:00-04:00,7.569087952936617,7.636496838153306,7.540198102709042,7.617237091064453,54000,0.042,0.0
2025-09-24 00:00:00-04:00,7.626866743190375,7.626866743190375,7.5594574027713275,7.569087505340576,43400,0.0,0.0
2025-09-25 00:00:00-04:00,7.588347993921542,7.597977638244629,7.501678899070723,7.597977638244629,36600,0.0,0.0
2025-09-26 00:00:00-04:00,7.58834733442524,7.597976977911422,7.5594574855895535,7.578717231750488,19000,0.0,0.0
2025-09-29 00:00:00-04:00,7.569087505340576,7.607606997240442,7.569087505340576,7.569087505340576,29200,0.0,0.0
2025-09-30 00:00:00-04:00,7.58834770002547,7.626867194203175,7.58834770002547,7.617237091064453,31900,0.0,0.0
2025-10-01 00:00:00-04:00,7.636496351564425,7.694275589149356,7.636496351564425,7.665386199951172,36600,0.0,0.0
2025-10-02 00:00:00-04:00,7.684646055886921,7.684646055886921,7.607607071336847,7.626866817474365,19300,0.0,0.0
2025-10-03 00:00:00-04:00,7.607607447114323,7.675016332331012,7.607607447114323,7.617237091064453,63900,0.0,0.0
2025-10-06 00:00:00-04:00,7.569087505340576,7.636496386571059,7.569087505340576,7.569087505340576,29500,0.0,0.0
2025-10-07 00:00:00-04:00,7.578717666864804,7.69427615046493,7.578717666864804,7.675016403198242,86000,0.0,0.0
2025-10-08 00:00:00-04:00,7.694275589149356,7.694275589149356,7.655756097426068,7.665386199951172,32900,0.0,0.0
2025-10-09 00:00:00-04:00,7.675015843287713,7.684645945812815,7.665386199951172,7.665386199951172,27200,0.0,0.0
2025-10-10 00:00:00-04:00,7.684647280620432,7.7135371340252865,7.655757427215576,7.655757427215576,68800,0.0,0.0
2025-10-13 00:00:00-04:00,7.655756207086358,7.675015953223877,7.626866817474365,7.626866817474365,17900,0.0,0.0
2025-10-14 00:00:00-04:00,7.607607841491699,7.684646833840802,7.607607841491699,7.607607841491699,80100,0.0,0.0
2025-10-15 00:00:00-04:00,7.636497051306512,7.69427629418583,7.578717808427195,7.588347911834717,91000,0.0,0.0
2025-10-16 00:00:00-04:00,7.607607292613891,7.626867039311604,7.540197949577605,7.549828052520752,68900,0.0,0.0
2025-10-17 00:00:00-04:00,7.578718481943021,7.597978231281062,7.501679484590858,7.5594587326049805,79800,0.0,0.0
2025-10-20 00:00:00-04:00,7.578718481943021,7.597978231281062,7.54019898326694,7.5594587326049805,58100,0.0,0.0
2025-10-21 00:00:00-04:00,7.569087588264305,7.58834733442524,7.54019773942862,7.578717231750488,64700,0.0,0.0
2025-10-22 00:00:00-04:00,7.61723738607941,7.655756881748972,7.559458142575066,7.597977638244629,31100,0.0,0.0
2025-10-23 00:00:00-04:00,7.588347251290509,7.617236640621126,7.549827759390643,7.569087505340576,41400,0.0,0.0
2025-10-24 00:00:00-04:00,7.571024929352172,7.62911457801865,7.571024929352172,7.600069522857666,29000,0.042,0.0
2025-10-27 00:00:00-04:00,7.638794860185094,7.638794860185094,7.590387057397305,7.609750270843506,21600,0.0,0.0
2025-10-28 00:00:00-04:00,7.6194315924796605,7.6194315924796605,7.571023790036591,7.580705165863037,34700,0.0,0.0
2025-10-29 00:00:00-04:00,7.600069009420529,7.609750847705278,7.551661202963157,7.571024417877197,58100,0.0,0.0
2025-10-30 00:00:00-04:00,7.580705931480952,7.580705931480952,7.541979500953129,7.561342716217041,54100,0.0,0.0
2025-10-31 00:00:00-04:00,7.600068282604223,7.629113333025352,7.580705069541942,7.619431495666504,53200,0.0,0.0
2025-11-03 00:00:00-05:00,7.648476697735906,7.648476697735906,7.5613420064002925,7.609750270843506,42100,0.0,0.0
2025-11-04 00:00:00-05:00,7.609750270843506,7.619431646738894,7.551660630504904,7.609750270843506,13700,0.0,0.0
2025-11-05 00:00:00-05:00,7.6194327390798255,7.6194327390798255,7.590388145574331,7.600069522857666,36600,0.0,0.0
2025-11-06 00:00:00-05:00,7.6291134842897055,7.648476697735906,7.580705219846493,7.609750270843506,12700,0.0,0.0
2025-11-07 00:00:00-05:00,7.580705165863037,7.600068379171349,7.561341952554725,7.580705165863037,10900,0.0,0.0
2025-11-10 00:00:00-05:00,7.600069009420529,7.629114062619319,7.571024417877197,7.571024417877197,66200,0.0,0.0
2025-11-11 00:00:00-05:00,7.600068282604223,7.629113333025352,7.600068282604223,7.619431495666504,22000,0.0,0.0
2025-11-12 00:00:00-05:00,7.6000684332926935,7.658158073631294,7.6000684332926935,7.609750270843506,20300,0.0,0.0
2025-11-13 00:00:00-05:00,7.6291134842897055,7.638794860185094,7.580705219846493,7.609750270843506,46300,0.0,0.0
2025-11-14 00:00:00-05:00,7.600069522857666,7.6194327390798255,7.5807063066355065,7.600069522857666,9400,0.0,0.0
2025-11-17 00:00:00-05:00,7.619432224334569,7.619432224334569,7.561342579592448,7.571024417877197,27600,0.0,0.0
2025-11-18 00:00:00-05:00,7.561342716217041,7.619432362008774,7.561342716217041,7.561342716217041,43100,0.0,0.0
2025-11-19 00:00:00-05:00,7.5419793128967285,7.600068957240018,7.5419793128967285,7.5419793128967285,30800,0.0,0.0
2025-11-20 00:00:00-05:00,7.563393975620098,7.563393975620098,7.5049894444913585,7.514723300933838,50400,0.042,0.0
2025-11-21 00:00:00-05:00,7.514724126294188,7.5439266271449155,7.466053910420313,7.495255947113037,55100,0.0,0.0
2025-11-24 00:00:00-05:00,7.485521267448445,7.514723300933838,7.485521267448445,7.514723300933838,52700,0.0,0.0
2025-11-25 00:00:00-05:00,7.514723480698768,7.543925979040688,7.5049896240234375,7.5049896240234375,64300,0.0,0.0
2025-11-26 00:00:00-05:00,7.485521267448445,7.534191477976751,7.485521267448445,7.514723300933838,25000,0.0,0.0
2025-11-28 00:00:00-05:00,7.514723739665398,7.553660560182424,7.514723739665398,7.543926239013672,25200,0.0,0.0
2025-12-01 00:00:00-05:00,7.504990229277041,7.602331124670401,7.495255907658704,7.524458408355713,54600,0.0,0.0
2025-12-02 00:00:00-05:00,7.495255689636462,7.573128867843974,7.495255689636462,7.563394546508789,64500,0.0,0.0
2025-12-03 00:00:00-05:00,7.543926496316846,7.602331032847436,7.524458317473316,7.582862854003906,39600,0.0,0.0
2025-12-04 00:00:00-05:00,7.553660650924677,7.612065186164859,7.553660650924677,7.592597007751465,28000,0.0,0.0
2025-12-05 00:00:00-05:00,7.612065135094584,7.631533313377363,7.602330813874202,7.621798992156982,13500,0.0,0.0
2025-12-08 00:00:00-05:00,7.59259717550467,7.602331032847436,7.573128996661139,7.582862854003906,22300,0.0,0.0
2025-12-09 00:00:00-05:00,7.592596878337912,7.612065056419477,7.563394379136576,7.573128700256348,34700,0.0,0.0
2025-12-10 00:00:00-05:00,7.553660650924677,7.612065186164859,7.553660650924677,7.592597007751465,23400,0.0,0.0
2025-12-11 00:00:00-05:00,7.592597303991535,7.6315336623375005,7.592597303991535,7.602331161499023,26500,0.0,0.0
2025-12-12 00:00:00-05:00,7.602330605052308,7.6120649260053055,7.5536603927612305,7.5536603927612305,64400,0.0,0.0
2025-12-15 00:00:00-05:00,7.543926071808233,7.582862427304283,7.543926071808233,7.5536603927612305,15900,0.0,0.0
2025-12-16 00:00:00-05:00,7.534191750855235,7.5731285705092555,7.534191750855235,7.5536603927612305,13700,0.0,0.0
2025-12-17 00:00:00-05:00,7.553660522174782,7.631533234501042,7.553660522174782,7.573128700256348,23900,0.0,0.0
2025-12-18 00:00:00-05:00,7.660735569378026,7.660735569378026,7.563394675160376,7.582862854003906,57100,0.0,0.0
2025-12-19 00:00:00-05:00,7.553660689331593,7.602330903533551,7.553660689331593,7.563394546508789,22000,0.0,0.0
2025-12-22 00:00:00-05:00,7.563394546508789,7.602330903533551,7.553660689331593,7.563394546508789,47300,0.0,0.0
2025-12-23 00:00:00-05:00,7.584925764309351,7.604499747614539,7.545777797698975,7.545777797698975,79600,0.042,0.0
2025-12-24 00:00:00-05:00,7.526203814393786,7.555564556011282,7.526203814393786,7.545777797698975,27000,0.0,0.0
2025-12-26 00:00:00-05:00,7.526203814393786,7.545777797698975,7.526203814393786,7.545777797698975,23000,0.0,0.0
2025-12-29 00:00:00-05:00,7.52620392744687,7.545777911046085,7.506629943847656,7.506629943847656,92900,0.0,0.0
2025-12-30 00:00:00-05:00,7.4772681089254736,7.535990054805453,7.45769412696548,7.516416072845459,147300,0.0,0.0
2025-12-31 00:00:00-05:00,7.516416072845459,7.54577727912572,7.506629315205734,7.516416072845459,111600,0.0,0.0
2026-01-02 00:00:00-05:00,7.516416589400905,7.545777797698975,7.496842606095717,7.545777797698975,44500,0.0,0.0
2026-01-05 00:00:00-05:00,7.516417206950625,7.555565176777403,7.516417206950625,7.535991191864014,54100,0.0,0.0
2026-01-06 00:00:00-05:00,7.516416618733449,7.575138568878174,7.516416618733449,7.575138568878174,47300,0.0,0.0
2026-01-07 00:00:00-05:00,7.555564443688713,7.60449963456449,7.555564443688713,7.584925651550293,42100,0.0,0.0
2026-01-08 00:00:00-05:00,7.555564443688713,7.60449963456449,7.555564443688713,7.584925651550293,20900,0.0,0.0
2026-01-09 00:00:00-05:00,7.584925872608922,7.633861064910889,7.5751386474762965,7.633861064910889,21600,0.0,0.0
2026-01-12 00:00:00-05:00,7.624074020840538,7.653435230255127,7.624074020840538,7.653435230255127,5100,0.0,0.0
2026-01-13 00:00:00-05:00,7.624073727182934,7.673008918762207,7.624073727182934,7.673008918762207,34400,0.0,0.0
2026-01-14 00:00:00-05:00,7.643647710478528,7.682795677069717,7.643647710478528,7.673008918762207,7200,0.0,0.0
2026-01-15 00:00:00-05:00,7.663221653939695,7.702369620327389,7.624073687552003,7.64364767074585,161800,0.0,0.0
2026-01-16 00:00:00-05:00,7.6240739822387695,7.702369918040461,7.6240739822387695,7.6240739822387695,53400,0.0,0.0
2026-01-20 00:00:00-05:00,7.624073839778263,7.643647823362934,7.614287081326218,7.633861064910889,70600,0.0,0.0
2026-01-21 00:00:00-05:00,7.604499856193592,7.633861064910889,7.604499856193592,7.633861064910889,29800,0.0,0.0
2026-01-22 00:00:00-05:00,7.663222017312326,7.682796001434326,7.6142872903476215,7.682796001434326,57300,0.0,0.0
2026-01-23 00:00:00-05:00,7.665084151948733,7.665084151948733,7.6158857345581055,7.6158857345581055,18700,0.042,0.0
2026-01-26 00:00:00-05:00,7.655244890970988,7.655244890970988,7.615885874819087,7.625725746154785,12700,0.0,0.0
2026-01-27 00:00:00-05:00,7.5962068083683985,7.674924373626709,7.586367405955424,7.674924373626709,37500,0.0,0.0
2026-01-28 00:00:00-05:00,7.674924029577176,7.684763431549072,7.655244756442501,7.684763431549072,11700,0.0,0.0
2026-01-29 00:00:00-05:00,7.694603169553504,7.743801116943359,7.68476329856101,7.743801116943359,52800,0.0,0.0
2026-01-30 00:00:00-05:00,7.753641332690123,7.753641332690123,7.704442913921859,7.733962059020996,34100,0.0,0.0
2026-02-02 00:00:00-05:00,7.753640987935854,7.753640987935854,7.7142824423476215,7.743801116943359,8200,0.0,0.0
2026-02-03 00:00:00-05:00,7.733961715141738,7.763480389737476,7.733961715141738,7.743801116943359,6200,0.0,0.0
2026-02-04 00:00:00-05:00,7.743801389812004,7.773320534638783,7.743801389812004,7.7634806632995605,9000,0.0,0.0
2026-02-05 00:00:00-05:00,7.7536413296169355,7.812679150600915,7.7536413296169355,7.802839279174805,44500,0.0,0.0
2026-02-06 00:00:00-05:00,7.773319995455588,7.802838669043965,7.763480124798892,7.792999267578125,7500,0.0,0.0
2026-02-09 00:00:00-05:00,7.793000016757083,7.822518693183233,7.793000016757083,7.812679290771484,12200,0.0,0.0
2026-02-10 00:00:00-05:00,7.812678743853165,7.861876690849665,7.812678743853165,7.842197418212891,21000,0.0,0.0
2026-02-11 00:00:00-05:00,7.8618773091434955,7.8618773091434955,7.832358632462286,7.8520379066467285,32700,0.0,0.0
2026-02-12 00:00:00-05:00,7.87171718083117,7.87171718083117,7.8520379066467285,7.8520379066467285,23500,0.0,0.0
2026-02-13 00:00:00-05:00,7.852037289126713,7.881556432677308,7.8323580164899385,7.842197418212891,63000,0.0,0.0
2026-02-17 00:00:00-05:00,7.87171718083117,7.87171718083117,7.7930000840934035,7.8520379066467285,52700,0.0,0.0
2026-02-18 00:00:00-05:00,7.842198099878356,7.861877374225707,7.812679422952785,7.822518825531006,34100,0.0,0.0
2026-02-19 00:00:00-05:00,7.802839551183655,7.861877374225707,7.802839551183655,7.822518825531006,43800,0.0,0.0
2026-02-20 00:00:00-05:00,7.804712954824344,7.883848119779895,7.804712954824344,7.824496746063232,38900,0.042,0.0
2026-02-23 00:00:00-05:00,7.864064479257186,7.864064479257186,7.814605236053467,7.814605236053467,39300,0.0,0.0
2026-02-24 00:00:00-05:00,7.824496783761301,7.913524080606619,7.824496783761301,7.854172706604004,44800,0.0,0.0
2026-02-25 00:00:00-05:00,7.873956680297852,7.923416395620239,7.864064548560253,7.873956680297852,67500,0.0,0.0
2026-02-26 00:00:00-05:00,7.883848157763916,7.923416212115117,7.854172706604004,7.854172706604004,17800,0.0,0.0
2026-02-27 00:00:00-05:00,7.9036321321450425,7.923416395620239,7.873956680297852,7.873956680297852,50500,0.0,0.0
2026-03-02 00:00:00-05:00,7.893740321856949,7.903631981723487,7.873956530441078,7.883848190307617,12300,0.0,0.0
2026-03-03 00:00:00-05:00,7.883848007571079,7.8937401388911255,7.854172556976506,7.8640642166137695,18700,0.0,0.0
2026-03-04 00:00:00-05:00,7.893740472090246,7.893740472090246,7.864064548560253,7.873956680297852,16700,0.0,0.0
2026-03-05 00:00:00-05:00,7.873956460001845,7.873956460001845,7.824496746063232,7.824496746063232,27000,0.0,0.0
2026-03-06 00:00:00-05:00,7.814604903598969,7.814604903598969,7.794821112822578,7.804712772369385,24500,0.0,0.0
2026-03-09 00:00:00-04:00,7.804712772369385,7.804712772369385,7.784928981592993,7.804712772369385,16400,0.0,0.0
2026-03-10 00:00:00-04:00,7.864064144698558,7.873956275928142,7.794821112822578,7.804712772369385,39200,0.0,0.0
2026-03-11 00:00:00-04:00,7.77503761559243,7.844280650082678,7.77503761559243,7.784929275512695,15000,0.0,0.0
2026-03-12 00:00:00-04:00,7.784929275512695,7.834388990162412,7.77503761559243,7.784929275512695,31400,0.0,0.0
2026-03-13 00:00:00-04:00,7.8047130670360225,7.834388990162412,7.77503761559243,7.784929275512695,20900,0.0,0.0
2026-03-16 00:00:00-04:00,7.784929388583506,7.794821520330244,7.745361804962158,7.745361804962158,19900,0.0,0.0
2026-03-17 00:00:00-04:00,7.755253314971924,7.8343884758703695,7.735469524747312,7.755253314971924,17300,0.0,0.0
2026-03-18 00:00:00-04:00,7.745361184018235,7.794820895421147,7.745361184018235,7.755253314971924,9100,0.0,0.0
2026-03-19 00:00:00-04:00,7.7354701448982235,7.784929388583506,7.7354701448982235,7.745361804962158,26900,0.0,0.0
2026-03-20 00:00:00-04:00,7.745361697936249,7.765145489473549,7.636550608639702,7.656334400177002,63200,0.0,0.0
2026-03-23 00:00:00-04:00,7.686010139988028,7.686010139988028,7.626658766791851,7.636550426483154,52600,0.0,0.0
2026-03-24 00:00:00-04:00,7.628593786005315,7.628593786005315,7.568917751312256,7.568917751312256,89200,0.042,0.0
2026-03-25 00:00:00-04:00,7.588809997788391,7.668378046508834,7.588809997788391,7.638539791107178,63400,0.0,0.0
2026-03-26 00:00:00-04:00,7.638539932055104,7.638539932055104,7.558971881866455,7.558971881866455,44000,0.0,0.0
2026-03-27 00:00:00-04:00,7.529134070268436,7.539079839371014,7.499295814434728,7.509242057800293,44500,0.0,0.0
2026-03-30 00:00:00-04:00,7.558971473353192,7.598755496297448,7.499295438936807,7.5191874504089355,45800,0.0,0.0
2026-03-31 00:00:00-04:00,7.558971742386735,7.648486034328723,7.519187718026513,7.638539791107178,78000,0.0,0.0
2026-04-01 00:00:00-04:00,7.618647575378418,7.747945888226143,7.618647575378418,7.618647575378418,67400,0.0,0.0
2026-04-02 00:00:00-04:00,7.598755836486816,7.628594092162323,7.558971811761466,7.598755836486816,35900,0.0,0.0
2026-04-06 00:00:00-04:00,7.59875590696078,7.668378188007342,7.549026112724369,7.558971881866455,77600,0.0,0.0
2026-04-07 00:00:00-04:00,7.558971742386735,7.6882700586889445,7.479403693666293,7.638539791107178,87900,0.0,0.0
2026-04-08 00:00:00-04:00,7.698215791369816,7.747946058717229,7.658431767197076,7.728054046630859,31900,0.0,0.0
2026-04-09 00:00:00-04:00,7.767837932407656,7.857352222332975,7.738000151941196,7.807621955871582,75600,0.0,0.0
2026-04-10 00:00:00-04:00,7.767838104316595,7.8175683718785605,7.767838104316595,7.77778434753418,22900,0.0,0.0
2026-04-13 00:00:00-04:00,7.777784143455671,7.777784143455671,7.75789213180542,7.75789213180542,12600,0.0,0.0
2026-04-14 00:00:00-04:00,7.777784378105886,7.8672981961011,7.777784378105886,7.827514171600342,28600,0.0,0.0
2026-04-15 00:00:00-04:00,7.797676460325911,7.817568472754783,7.7877302169799805,7.7877302169799805,13400,0.0,0.0
2026-04-16 00:00:00-04:00,7.807621855031822,7.8175680979008275,7.777784074950734,7.797676086425781,17400,0.0,0.0
2026-04-17 00:00:00-04:00,7.797676086425781,7.867297889456963,7.787729843556776,7.797676086425781,33300,0.0,0.0
2026-04-20 00:00:00-04:00,7.807621855031822,7.837460109375875,7.787729843556776,7.797676086425781,34900,0.0,0.0
2026-04-21 00:00:00-04:00,7.827513935449815,7.827513935449815,7.75789213180542,7.75789213180542,37200,0.0,0.0
2026-04-22 00:00:00-04:00,7.797676429968107,7.797676429968107,7.71810838056239,7.738000392913818,59300,0.0,0.0
2026-04-23 00:00:00-04:00,7.78000020980835,7.78000020980835,7.670000076293945,7.730000019073486,65200,0.042,0.0
2026-04-24 00:00:00-04:00,7.71999979019165,7.71999979019165,7.659999847412109,7.690000057220459,53800,0.0,0.0
2026-04-27 00:00:00-04:00,7.710000038146973,7.75,7.690000057220459,7.710000038146973,81600,0.0,0.0
2026-04-28 00:00:00-04:00,7.679999828338623,7.710000038146973,7.650000095367432,7.670000076293945,34400,0.0,0.0
2026-04-29 00:00:00-04:00,7.679999828338623,7.690000057220459,7.639999866485596,7.639999866485596,26400,0.0,0.0
2026-04-30 00:00:00-04:00,7.679999828338623,7.690000057220459,7.659999847412109,7.690000057220459,35900,0.0,0.0
2026-05-01 00:00:00-04:00,7.71999979019165,7.71999979019165,7.650000095367432,7.659999847412109,48000,0.0,0.0
2026-05-04 00:00:00-04:00,7.630000114440918,7.659999847412109,7.590000152587891,7.590000152587891,84100,0.0,0.0
2026-05-05 00:00:00-04:00,7.619999885559082,7.699999809265137,7.619999885559082,7.679999828338623,94800,0.0,0.0
2026-05-06 00:00:00-04:00,7.679999828338623,7.760000228881836,7.679999828338623,7.75,54300,0.0,0.0
2026-05-07 00:00:00-04:00,7.78000020980835,7.820000171661377,7.760000228881836,7.78000020980835,54000,0.0,0.0
2026-05-08 00:00:00-04:00,7.769999980926514,7.840000152587891,7.769999980926514,7.78000020980835,19100,0.0,0.0
2026-05-11 00:00:00-04:00,7.75,7.880000114440918,7.780099868774414,7.800000190734863,92854,0.0,0.0
