Date,Open,High,Low,Close,Volume,Dividends,Stock Splits
2022-01-03 00:00:00-05:00,18.5,20.0,18.5,19.5,94220,0.0,0.0
2022-01-04 00:00:00-05:00,22.0,30.5,21.5,22.0,1256482,0.0,0.0
2022-01-05 00:00:00-05:00,22.5,23.0,19.5,20.0,171522,0.0,0.0
2022-01-06 00:00:00-05:00,20.0,21.0,19.0,20.0,83212,0.0,0.0
2022-01-07 00:00:00-05:00,19.5,20.0,19.0,19.0,74612,0.0,0.0
2022-01-10 00:00:00-05:00,19.5,19.5,18.0,18.5,86262,0.0,0.0
2022-01-11 00:00:00-05:00,18.0,18.5,17.5,18.0,82616,0.0,0.0
2022-01-12 00:00:00-05:00,18.5,19.0,18.0,18.0,66338,0.0,0.0
2022-01-13 00:00:00-05:00,18.0,18.5,17.0,17.0,82614,0.0,0.0
2022-01-14 00:00:00-05:00,17.5,17.5,16.5,17.5,64884,0.0,0.0
2022-01-18 00:00:00-05:00,17.0,17.5,16.5,17.0,72354,0.0,0.0
2022-01-19 00:00:00-05:00,16.5,17.5,16.0,17.5,104338,0.0,0.0
2022-01-20 00:00:00-05:00,17.5,19.0,17.0,17.0,111598,0.0,0.0
2022-01-21 00:00:00-05:00,17.0,17.0,15.5,15.5,83140,0.0,0.0
2022-01-24 00:00:00-05:00,16.0,16.5,13.5,15.5,261218,0.0,0.0
2022-01-25 00:00:00-05:00,16.0,16.0,15.0,15.5,51308,0.0,0.0
2022-01-26 00:00:00-05:00,16.0,16.0,14.0,14.0,93430,0.0,0.0
2022-01-27 00:00:00-05:00,14.5,15.0,13.5,13.5,68930,0.0,0.0
2022-01-28 00:00:00-05:00,14.0,14.5,13.0,14.0,127198,0.0,0.0
2022-01-31 00:00:00-05:00,14.0,15.5,14.0,15.0,89016,0.0,0.0
2022-02-01 00:00:00-05:00,15.5,16.5,15.0,15.5,78402,0.0,0.0
2022-02-02 00:00:00-05:00,16.0,16.0,14.0,14.0,93868,0.0,0.0
2022-02-03 00:00:00-05:00,14.0,14.5,13.0,13.0,175198,0.0,0.0
2022-02-04 00:00:00-05:00,14.0,14.0,13.0,13.5,137548,0.0,0.0
2022-02-07 00:00:00-05:00,14.0,14.0,13.0,13.5,91088,0.0,0.0
2022-02-08 00:00:00-05:00,13.0,13.5,13.0,13.0,60320,0.0,0.0
2022-02-09 00:00:00-05:00,13.5,14.0,13.0,14.0,133876,0.0,0.0
2022-02-10 00:00:00-05:00,13.5,14.0,13.0,13.0,133740,0.0,0.0
2022-02-11 00:00:00-05:00,13.5,13.5,12.5,12.5,146198,0.0,0.0
2022-02-14 00:00:00-05:00,12.5,13.0,12.0,12.0,80414,0.0,0.0
2022-02-15 00:00:00-05:00,12.0,13.5,12.0,13.0,73336,0.0,0.0
2022-02-16 00:00:00-05:00,13.0,13.5,12.5,13.0,73596,0.0,0.0
2022-02-17 00:00:00-05:00,12.5,13.0,12.0,12.0,61542,0.0,0.0
2022-02-18 00:00:00-05:00,12.0,12.0,12.0,12.0,71132,0.0,0.0
2022-02-22 00:00:00-05:00,11.5,12.0,11.0,11.0,126246,0.0,0.0
2022-02-23 00:00:00-05:00,11.0,11.5,10.5,10.5,118928,0.0,0.0
2022-02-24 00:00:00-05:00,10.0,10.5,9.0,10.0,239284,0.0,0.0
2022-02-25 00:00:00-05:00,10.5,11.5,10.0,11.0,268392,0.0,0.0
2022-02-28 00:00:00-05:00,11.0,12.5,11.0,12.0,125978,0.0,0.0
2022-03-01 00:00:00-05:00,12.0,12.0,11.0,11.5,82094,0.0,0.0
2022-03-02 00:00:00-05:00,11.5,12.0,11.0,11.0,78984,0.0,0.0
2022-03-03 00:00:00-05:00,11.0,11.5,11.0,11.0,72430,0.0,0.0
2022-03-04 00:00:00-05:00,11.0,11.0,10.5,10.5,69304,0.0,0.0
2022-03-07 00:00:00-05:00,16.0,18.0,14.0,15.0,964272,0.0,0.0
2022-03-08 00:00:00-05:00,14.5,15.5,14.0,14.0,144848,0.0,0.0
2022-03-09 00:00:00-05:00,15.0,21.0,14.5,20.0,509896,0.0,0.0
2022-03-10 00:00:00-05:00,15.5,16.0,13.5,14.5,378584,0.0,0.0
2022-03-11 00:00:00-05:00,14.5,15.0,13.5,14.5,123782,0.0,0.0
2022-03-14 00:00:00-04:00,14.0,14.0,13.0,13.5,142182,0.0,0.0
2022-03-15 00:00:00-04:00,14.0,17.0,13.0,16.5,219636,0.0,0.0
2022-03-16 00:00:00-04:00,16.5,18.5,15.0,18.5,245222,0.0,0.0
2022-03-17 00:00:00-04:00,18.0,20.5,18.0,19.5,193122,0.0,0.0
2022-03-18 00:00:00-04:00,19.5,22.0,18.5,20.5,226614,0.0,0.0
2022-03-21 00:00:00-04:00,20.5,21.0,19.5,20.0,71410,0.0,0.0
2022-03-22 00:00:00-04:00,19.5,20.5,19.5,20.0,60526,0.0,0.0
2022-03-23 00:00:00-04:00,20.0,23.0,19.5,22.0,161288,0.0,0.0
2022-03-24 00:00:00-04:00,21.0,21.5,20.0,20.5,76780,0.0,0.0
2022-03-25 00:00:00-04:00,20.5,21.0,19.5,20.0,56974,0.0,0.0
2022-03-28 00:00:00-04:00,21.0,21.0,18.5,20.5,58476,0.0,0.0
2022-03-29 00:00:00-04:00,20.0,21.0,20.0,20.5,52176,0.0,0.0
2022-03-30 00:00:00-04:00,20.5,21.0,19.5,19.5,50588,0.0,0.0
2022-03-31 00:00:00-04:00,20.0,20.0,18.5,19.0,56460,0.0,0.0
2022-04-01 00:00:00-04:00,18.5,19.0,17.5,19.0,78888,0.0,0.0
2022-04-04 00:00:00-04:00,19.0,20.0,18.5,18.5,49900,0.0,0.0
2022-04-05 00:00:00-04:00,19.0,19.5,18.0,18.0,124520,0.0,0.0
2022-04-06 00:00:00-04:00,18.5,18.5,16.5,17.5,175268,0.0,0.0
2022-04-07 00:00:00-04:00,17.5,18.0,16.5,17.0,120494,0.0,0.0
2022-04-08 00:00:00-04:00,16.5,17.5,16.5,16.5,122314,0.0,0.0
2022-04-11 00:00:00-04:00,16.0,17.0,15.5,16.0,119742,0.0,0.0
2022-04-12 00:00:00-04:00,15.5,16.0,14.5,15.0,153466,0.0,0.0
2022-04-13 00:00:00-04:00,15.0,15.5,14.5,15.0,146974,0.0,0.0
2022-04-14 00:00:00-04:00,15.0,15.5,14.0,14.5,59600,0.0,0.0
2022-04-18 00:00:00-04:00,15.0,15.0,13.0,14.0,172404,0.0,0.0
2022-04-19 00:00:00-04:00,13.0,14.5,13.0,13.5,186056,0.0,0.0
2022-04-20 00:00:00-04:00,13.5,14.0,12.5,13.0,152190,0.0,0.0
2022-04-21 00:00:00-04:00,13.0,14.0,12.0,12.0,209390,0.0,0.0
2022-04-22 00:00:00-04:00,12.0,12.0,11.0,11.0,130288,0.0,0.0
2022-04-25 00:00:00-04:00,11.5,12.0,11.0,12.0,107690,0.0,0.0
2022-04-26 00:00:00-04:00,11.5,12.0,11.0,11.0,112736,0.0,0.0
2022-04-27 00:00:00-04:00,11.0,11.5,10.5,11.0,126792,0.0,0.0
2022-04-28 00:00:00-04:00,11.0,11.0,9.5,10.5,179696,0.0,0.0
2022-04-29 00:00:00-04:00,10.5,10.5,10.0,10.0,88060,0.0,0.0
2022-05-02 00:00:00-04:00,10.5,10.5,9.0,9.5,215466,0.0,0.0
2022-05-03 00:00:00-04:00,9.5,10.0,9.0,9.5,143288,0.0,0.0
2022-05-04 00:00:00-04:00,9.5,9.5,9.0,9.0,217968,0.0,0.0
2022-05-05 00:00:00-04:00,9.0,9.0,8.5,8.5,209778,0.0,0.0
2022-05-06 00:00:00-04:00,9.0,9.0,7.5,7.5,244138,0.0,0.0
2022-05-09 00:00:00-04:00,6.550000190734863,6.550000190734863,4.110000133514404,4.840000152587891,1689200,0.0,0.02
2022-05-10 00:00:00-04:00,4.579999923706055,5.039999961853027,3.7300000190734863,4.599999904632568,1283800,0.0,0.0
2022-05-11 00:00:00-04:00,4.150000095367432,4.639999866485596,3.450000047683716,3.4600000381469727,1131100,0.0,0.0
2022-05-12 00:00:00-04:00,3.119999885559082,3.7799999713897705,2.859999895095825,2.9800000190734863,1225100,0.0,0.0
2022-05-13 00:00:00-04:00,3.180000066757202,3.359999895095825,2.9700000286102295,3.069999933242798,791600,0.0,0.0
2022-05-16 00:00:00-04:00,3.130000114440918,3.380000114440918,2.9800000190734863,3.140000104904175,766800,0.0,0.0
2022-05-17 00:00:00-04:00,3.1500000953674316,3.1500000953674316,2.559999942779541,2.700000047683716,883500,0.0,0.0
2022-05-18 00:00:00-04:00,2.7300000190734863,2.7300000190734863,2.369999885559082,2.430000066757202,562400,0.0,0.0
2022-05-19 00:00:00-04:00,2.380000114440918,2.390000104904175,2.2100000381469727,2.2699999809265137,432900,0.0,0.0
2022-05-20 00:00:00-04:00,2.259999990463257,3.3499999046325684,2.240000009536743,3.0999999046325684,22132200,0.0,0.0
2022-05-23 00:00:00-04:00,3.0,3.049999952316284,2.5,2.559999942779541,1770900,0.0,0.0
2022-05-24 00:00:00-04:00,2.369999885559082,2.4000000953674316,2.049999952316284,2.1500000953674316,1545100,0.0,0.0
2022-05-25 00:00:00-04:00,2.1500000953674316,2.299999952316284,2.109999895095825,2.180000066757202,579000,0.0,0.0
2022-05-26 00:00:00-04:00,2.180000066757202,2.180000066757202,1.9900000095367432,2.069999933242798,585300,0.0,0.0
2022-05-27 00:00:00-04:00,2.109999895095825,2.2300000190734863,2.0199999809265137,2.140000104904175,600100,0.0,0.0
2022-05-31 00:00:00-04:00,9.539999961853027,9.989999771118164,9.119999885559082,9.930000305175781,7453000,0.0,0.0
2022-06-01 00:00:00-04:00,9.90999984741211,9.970000267028809,9.649999618530273,9.9399995803833,3194900,0.0,0.0
2022-06-02 00:00:00-04:00,9.890000343322754,9.960000038146973,9.829999923706055,9.960000038146973,1793500,0.0,0.0
2022-06-03 00:00:00-04:00,9.890000343322754,9.949999809265137,9.869999885559082,9.930000305175781,1012400,0.0,0.0
2022-06-06 00:00:00-04:00,9.859999656677246,9.979999542236328,9.850000381469727,9.970000267028809,879700,0.0,0.0
2022-06-07 00:00:00-04:00,9.890000343322754,10.029999732971191,9.890000343322754,9.930000305175781,714500,0.0,0.0
2022-06-08 00:00:00-04:00,9.90999984741211,9.970000267028809,9.880000114440918,9.920000076293945,849000,0.0,0.0
2022-06-09 00:00:00-04:00,9.90999984741211,10.069999694824219,9.869999885559082,9.90999984741211,1073700,0.0,0.0
2022-06-10 00:00:00-04:00,9.90999984741211,9.979999542236328,9.890000343322754,9.949999809265137,723100,0.0,0.0
2022-06-13 00:00:00-04:00,9.899999618530273,10.170000076293945,9.800000190734863,9.970000267028809,1268100,0.0,0.0
2022-06-14 00:00:00-04:00,9.9399995803833,10.119999885559082,9.899999618530273,9.90999984741211,1137500,0.0,0.0
2022-06-15 00:00:00-04:00,9.920000076293945,10.09000015258789,9.819999694824219,9.920000076293945,1608000,0.0,0.0
2022-06-16 00:00:00-04:00,9.90999984741211,10.020000457763672,9.84000015258789,9.970000267028809,1408200,0.0,0.0
2022-06-17 00:00:00-04:00,9.920000076293945,10.069999694824219,9.850000381469727,9.880000114440918,1519000,0.0,0.0
2022-06-21 00:00:00-04:00,9.9399995803833,10.0,9.880000114440918,9.890000343322754,935200,0.0,0.0
2022-06-22 00:00:00-04:00,9.899999618530273,10.020000457763672,9.880000114440918,9.899999618530273,1289400,0.0,0.0
2022-06-23 00:00:00-04:00,9.930000305175781,9.989999771118164,9.920000076293945,9.960000038146973,710300,0.0,0.0
2022-06-24 00:00:00-04:00,9.9399995803833,10.050000190734863,9.890000343322754,9.899999618530273,2239500,0.0,0.0
2022-06-27 00:00:00-04:00,9.9399995803833,9.970000267028809,9.90999984741211,9.920000076293945,611500,0.0,0.0
2022-06-28 00:00:00-04:00,9.9399995803833,9.989999771118164,9.920000076293945,9.920000076293945,500400,0.0,0.0
2022-06-29 00:00:00-04:00,9.9399995803833,9.979999542236328,9.920000076293945,9.930000305175781,635600,0.0,0.0
2022-06-30 00:00:00-04:00,9.930000305175781,9.979999542236328,9.930000305175781,9.949999809265137,642800,0.0,0.0
2022-07-01 00:00:00-04:00,9.989999771118164,9.989999771118164,9.9399995803833,9.960000038146973,572600,0.0,0.0
2022-07-05 00:00:00-04:00,9.949999809265137,10.0,9.949999809265137,10.0,680800,0.0,0.0
2022-07-06 00:00:00-04:00,9.4399995803833,9.890000343322754,9.1899995803833,9.789999961853027,2177300,0.0,0.0
2022-07-07 00:00:00-04:00,9.880000114440918,9.979999542236328,9.850000381469727,9.90999984741211,666900,0.0,0.0
2022-07-08 00:00:00-04:00,9.890000343322754,9.899999618530273,9.359999656677246,9.479999542236328,724800,0.0,0.0
2022-07-11 00:00:00-04:00,9.4399995803833,9.5,7.610000133514404,7.610000133514404,1415300,0.0,0.0
2022-07-12 00:00:00-04:00,7.840000152587891,8.930000305175781,7.449999809265137,8.270000457763672,1662800,0.0,0.0
2022-07-13 00:00:00-04:00,4.440000057220459,5.650000095367432,4.03000020980835,5.329999923706055,3837300,0.0,0.0
2022-07-14 00:00:00-04:00,4.619999885559082,5.739999771118164,4.510000228881836,5.28000020980835,1724400,0.0,0.0
2022-07-15 00:00:00-04:00,5.239999771118164,5.960000038146973,5.03000020980835,5.940000057220459,612900,0.0,0.0
2022-07-18 00:00:00-04:00,5.760000228881836,6.179999828338623,5.559999942779541,5.809999942779541,636800,0.0,0.0
2022-07-19 00:00:00-04:00,5.710000038146973,7.110000133514404,5.710000038146973,6.5,1152100,0.0,0.0
2022-07-20 00:00:00-04:00,6.539999961853027,7.230000019073486,6.440000057220459,6.539999961853027,557600,0.0,0.0
2022-07-21 00:00:00-04:00,6.539999961853027,6.659999847412109,6.019999980926514,6.21999979019165,404400,0.0,0.0
2022-07-22 00:00:00-04:00,6.139999866485596,6.239999771118164,5.510000228881836,5.570000171661377,573700,0.0,0.0
2022-07-25 00:00:00-04:00,5.230000019073486,5.340000152587891,4.980000019073486,5.190000057220459,371100,0.0,0.0
2022-07-26 00:00:00-04:00,5.039999961853027,5.239999771118164,4.760000228881836,4.840000152587891,335600,0.0,0.0
2022-07-27 00:00:00-04:00,4.849999904632568,5.309999942779541,4.710000038146973,4.71999979019165,416400,0.0,0.0
2022-07-28 00:00:00-04:00,4.699999809265137,6.130000114440918,4.519999980926514,6.0,579200,0.0,0.0
2022-07-29 00:00:00-04:00,5.940000057220459,6.329999923706055,5.539999961853027,6.230000019073486,311500,0.0,0.0
2022-08-01 00:00:00-04:00,6.809999942779541,9.609999656677246,6.800000190734863,8.510000228881836,6440900,0.0,0.0
2022-08-02 00:00:00-04:00,8.109999656677246,9.489999771118164,7.889999866485596,9.449999809265137,648300,0.0,0.0
2022-08-03 00:00:00-04:00,9.489999771118164,9.84000015258789,8.510000228881836,8.880000114440918,532400,0.0,0.0
2022-08-04 00:00:00-04:00,8.779999732971191,9.300000190734863,8.390000343322754,8.899999618530273,206700,0.0,0.0
2022-08-05 00:00:00-04:00,8.760000228881836,9.390000343322754,8.609999656677246,9.289999961853027,170700,0.0,0.0
2022-08-08 00:00:00-04:00,9.239999771118164,9.850000381469727,9.180000305175781,9.239999771118164,250800,0.0,0.0
2022-08-09 00:00:00-04:00,9.109999656677246,9.229999542236328,8.75,8.859999656677246,107100,0.0,0.0
2022-08-10 00:00:00-04:00,8.859999656677246,9.399999618530273,8.800000190734863,9.149999618530273,107100,0.0,0.0
2022-08-11 00:00:00-04:00,9.180000305175781,9.430000305175781,8.9399995803833,9.050000190734863,77900,0.0,0.0
2022-08-12 00:00:00-04:00,9.149999618530273,9.3100004196167,8.789999961853027,9.210000038146973,81900,0.0,0.0
2022-08-15 00:00:00-04:00,10.5,11.6899995803833,9.15999984741211,9.239999771118164,2673700,0.0,0.0
2022-08-16 00:00:00-04:00,9.1899995803833,9.760000228881836,9.1899995803833,9.59000015258789,370900,0.0,0.0
2022-08-17 00:00:00-04:00,9.359999656677246,10.329999923706055,9.130000114440918,10.199999809265137,329600,0.0,0.0
2022-08-18 00:00:00-04:00,9.960000038146973,10.319999694824219,9.960000038146973,10.220000267028809,114500,0.0,0.0
2022-08-19 00:00:00-04:00,10.119999885559082,10.3100004196167,9.869999885559082,9.989999771118164,171400,0.0,0.0
2022-08-22 00:00:00-04:00,9.649999618530273,9.90999984741211,9.489999771118164,9.59000015258789,133200,0.0,0.0
2022-08-23 00:00:00-04:00,9.510000228881836,10.470000267028809,9.510000228881836,10.399999618530273,185000,0.0,0.0
2022-08-24 00:00:00-04:00,10.350000381469727,10.460000038146973,9.300000190734863,9.449999809265137,142800,0.0,0.0
2022-08-25 00:00:00-04:00,9.470000267028809,9.770000457763672,9.350000381469727,9.5,89000,0.0,0.0
2022-08-26 00:00:00-04:00,9.40999984741211,9.520000457763672,8.9399995803833,9.130000114440918,80100,0.0,0.0
2022-08-29 00:00:00-04:00,9.130000114440918,9.899999618530273,8.9399995803833,9.760000228881836,82200,0.0,0.0
2022-08-30 00:00:00-04:00,9.84000015258789,9.890000343322754,9.420000076293945,9.890000343322754,51100,0.0,0.0
2022-08-31 00:00:00-04:00,9.890000343322754,10.119999885559082,9.710000038146973,9.90999984741211,94100,0.0,0.0
2022-09-01 00:00:00-04:00,9.789999961853027,9.979999542236328,9.399999618530273,9.859999656677246,104200,0.0,0.0
2022-09-02 00:00:00-04:00,9.930000305175781,10.180000305175781,9.75,10.180000305175781,89700,0.0,0.0
2022-09-06 00:00:00-04:00,10.15999984741211,10.15999984741211,8.010000228881836,8.100000381469727,377300,0.0,0.0
2022-09-07 00:00:00-04:00,8.279999732971191,8.40999984741211,8.010000228881836,8.09000015258789,77300,0.0,0.0
2022-09-08 00:00:00-04:00,7.949999809265137,8.279999732971191,7.650000095367432,8.079999923706055,123600,0.0,0.0
2022-09-09 00:00:00-04:00,8.0600004196167,8.680000305175781,8.0600004196167,8.470000267028809,51500,0.0,0.0
2022-09-12 00:00:00-04:00,8.470000267028809,9.029999732971191,8.40999984741211,8.9399995803833,78200,0.0,0.0
2022-09-13 00:00:00-04:00,8.930000305175781,8.930000305175781,8.039999961853027,8.1899995803833,96900,0.0,0.0
2022-09-14 00:00:00-04:00,8.119999885559082,8.670000076293945,8.119999885559082,8.550000190734863,44300,0.0,0.0
2022-09-15 00:00:00-04:00,8.369999885559082,8.529999732971191,7.78000020980835,7.800000190734863,96500,0.0,0.0
2022-09-16 00:00:00-04:00,7.75,8.1899995803833,7.550000190734863,7.980000019073486,133400,0.0,0.0
2022-09-19 00:00:00-04:00,7.989999771118164,7.989999771118164,7.010000228881836,7.059999942779541,121000,0.0,0.0
2022-09-20 00:00:00-04:00,6.869999885559082,7.059999942779541,6.809999942779541,6.829999923706055,78600,0.0,0.0
2022-09-21 00:00:00-04:00,6.809999942779541,7.179999828338623,6.579999923706055,6.71999979019165,133800,0.0,0.0
2022-09-22 00:00:00-04:00,6.71999979019165,6.71999979019165,6.150000095367432,6.349999904632568,138700,0.0,0.0
2022-09-23 00:00:00-04:00,6.199999809265137,6.409999847412109,6.110000133514404,6.21999979019165,88600,0.0,0.0
2022-09-26 00:00:00-04:00,6.119999885559082,7.300000190734863,6.119999885559082,6.96999979019165,88100,0.0,0.0
2022-09-27 00:00:00-04:00,7.489999771118164,7.510000228881836,6.820000171661377,6.889999866485596,100800,0.0,0.0
2022-09-28 00:00:00-04:00,6.900000095367432,7.429999828338623,6.900000095367432,7.019999980926514,62500,0.0,0.0
2022-09-29 00:00:00-04:00,7.019999980926514,7.039999961853027,6.619999885559082,6.730000019073486,39800,0.0,0.0
2022-09-30 00:00:00-04:00,6.730000019073486,6.849999904632568,6.590000152587891,6.639999866485596,38200,0.0,0.0
2022-10-03 00:00:00-04:00,6.550000190734863,6.610000133514404,6.010000228881836,6.139999866485596,127900,0.0,0.0
2022-10-04 00:00:00-04:00,6.360000133514404,6.980000019073486,6.349999904632568,6.940000057220459,56800,0.0,0.0
2022-10-05 00:00:00-04:00,6.829999923706055,6.989999771118164,6.590000152587891,6.670000076293945,46300,0.0,0.0
2022-10-06 00:00:00-04:00,6.739999771118164,6.869999885559082,6.289999961853027,6.610000133514404,51100,0.0,0.0
2022-10-07 00:00:00-04:00,6.429999828338623,6.630000114440918,6.349999904632568,6.349999904632568,23800,0.0,0.0
2022-10-10 00:00:00-04:00,6.449999809265137,6.659999847412109,6.130000114440918,6.21999979019165,43000,0.0,0.0
2022-10-11 00:00:00-04:00,6.159999847412109,6.460000038146973,5.949999809265137,6.159999847412109,27700,0.0,0.0
2022-10-12 00:00:00-04:00,6.119999885559082,6.309999942779541,6.0,6.119999885559082,19600,0.0,0.0
2022-10-13 00:00:00-04:00,6.0,6.360000133514404,6.0,6.28000020980835,23800,0.0,0.0
2022-10-14 00:00:00-04:00,6.429999828338623,6.570000171661377,6.329999923706055,6.440000057220459,17900,0.0,0.0
2022-10-17 00:00:00-04:00,6.449999809265137,6.900000095367432,6.449999809265137,6.679999828338623,44800,0.0,0.0
2022-10-18 00:00:00-04:00,6.739999771118164,7.300000190734863,6.619999885559082,7.21999979019165,69800,0.0,0.0
2022-10-19 00:00:00-04:00,7.0,7.489999771118164,7.0,7.260000228881836,62700,0.0,0.0
2022-10-20 00:00:00-04:00,7.090000152587891,7.53000020980835,6.550000190734863,6.670000076293945,61100,0.0,0.0
2022-10-21 00:00:00-04:00,6.590000152587891,6.809999942779541,6.159999847412109,6.369999885559082,55300,0.0,0.0
2022-10-24 00:00:00-04:00,6.320000171661377,6.599999904632568,6.010000228881836,6.150000095367432,41300,0.0,0.0
2022-10-25 00:00:00-04:00,6.099999904632568,6.349999904632568,6.070000171661377,6.28000020980835,45400,0.0,0.0
2022-10-26 00:00:00-04:00,6.210000038146973,6.449999809265137,6.199999809265137,6.210000038146973,30800,0.0,0.0
2022-10-27 00:00:00-04:00,6.21999979019165,6.230000019073486,5.900000095367432,5.949999809265137,99500,0.0,0.0
2022-10-28 00:00:00-04:00,5.909999847412109,6.050000190734863,5.650000095367432,5.960000038146973,85900,0.0,0.0
2022-10-31 00:00:00-04:00,5.909999847412109,6.340000152587891,5.860000133514404,6.329999923706055,57200,0.0,0.0
2022-11-01 00:00:00-04:00,6.429999828338623,6.460000038146973,5.860000133514404,5.929999828338623,47500,0.0,0.0
2022-11-02 00:00:00-04:00,5.849999904632568,5.880000114440918,5.400000095367432,5.460000038146973,69300,0.0,0.0
2022-11-03 00:00:00-04:00,5.400000095367432,5.610000133514404,5.300000190734863,5.420000076293945,34300,0.0,0.0
2022-11-04 00:00:00-04:00,5.5,5.5,5.119999885559082,5.28000020980835,29300,0.0,0.0
2022-11-07 00:00:00-05:00,5.360000133514404,5.480000019073486,5.190000057220459,5.340000152587891,33400,0.0,0.0
2022-11-08 00:00:00-05:00,5.360000133514404,5.389999866485596,5.170000076293945,5.260000228881836,27600,0.0,0.0
2022-11-09 00:00:00-05:00,5.139999866485596,5.340000152587891,5.139999866485596,5.300000190734863,21100,0.0,0.0
2022-11-10 00:00:00-05:00,5.349999904632568,6.230000019073486,5.349999904632568,6.170000076293945,66800,0.0,0.0
2022-11-11 00:00:00-05:00,6.090000152587891,6.980000019073486,5.920000076293945,6.980000019073486,68100,0.0,0.0
2022-11-14 00:00:00-05:00,6.809999942779541,6.809999942779541,6.349999904632568,6.460000038146973,64700,0.0,0.0
2022-11-15 00:00:00-05:00,5.849999904632568,6.139999866485596,5.809999942779541,5.929999828338623,126500,0.0,0.0
2022-11-16 00:00:00-05:00,5.820000171661377,5.929999828338623,5.460000038146973,5.460000038146973,25700,0.0,0.0
2022-11-17 00:00:00-05:00,5.400000095367432,5.409999847412109,4.900000095367432,5.320000171661377,136900,0.0,0.0
2022-11-18 00:00:00-05:00,5.170000076293945,5.230000019073486,5.019999980926514,5.039999961853027,41100,0.0,0.0
2022-11-21 00:00:00-05:00,5.039999961853027,5.099999904632568,4.460000038146973,4.559999942779541,56900,0.0,0.0
2022-11-22 00:00:00-05:00,4.460000038146973,4.679999828338623,4.440000057220459,4.449999809265137,40700,0.0,0.0
2022-11-23 00:00:00-05:00,4.349999904632568,4.610000133514404,4.139999866485596,4.210000038146973,71600,0.0,0.0
2022-11-25 00:00:00-05:00,4.25,4.619999885559082,4.25,4.460000038146973,37000,0.0,0.0
2022-11-28 00:00:00-05:00,4.369999885559082,4.449999809265137,4.199999809265137,4.230000019073486,96100,0.0,0.0
2022-11-29 00:00:00-05:00,4.25,4.920000076293945,4.25,4.800000190734863,45500,0.0,0.0
2022-11-30 00:00:00-05:00,4.869999885559082,4.869999885559082,4.449999809265137,4.579999923706055,139400,0.0,0.0
2022-12-01 00:00:00-05:00,4.559999942779541,4.599999904632568,4.289999961853027,4.369999885559082,47100,0.0,0.0
2022-12-02 00:00:00-05:00,4.269999980926514,4.480000019073486,4.269999980926514,4.449999809265137,27100,0.0,0.0
2022-12-05 00:00:00-05:00,4.550000190734863,6.070000171661377,4.480000019073486,5.119999885559082,3480700,0.0,0.0
2022-12-06 00:00:00-05:00,4.949999809265137,5.449999809265137,4.599999904632568,5.400000095367432,280100,0.0,0.0
2022-12-07 00:00:00-05:00,5.139999866485596,6.199999809265137,5.090000152587891,6.010000228881836,328700,0.0,0.0
2022-12-08 00:00:00-05:00,6.010000228881836,6.46999979019165,5.760000228881836,5.980000019073486,197700,0.0,0.0
2022-12-09 00:00:00-05:00,5.980000019073486,6.570000171661377,5.96999979019165,6.420000076293945,176800,0.0,0.0
2022-12-12 00:00:00-05:00,6.429999828338623,6.900000095367432,6.429999828338623,6.679999828338623,132400,0.0,0.0
2022-12-13 00:00:00-05:00,6.96999979019165,7.099999904632568,6.320000171661377,6.71999979019165,118300,0.0,0.0
2022-12-14 00:00:00-05:00,6.570000171661377,7.099999904632568,6.570000171661377,7.0,95300,0.0,0.0
2022-12-15 00:00:00-05:00,6.550000190734863,6.989999771118164,6.400000095367432,6.630000114440918,91600,0.0,0.0
2022-12-16 00:00:00-05:00,6.639999866485596,7.179999828338623,6.46999979019165,7.090000152587891,527700,0.0,0.0
2022-12-19 00:00:00-05:00,6.940000057220459,6.96999979019165,6.349999904632568,6.96999979019165,96000,0.0,0.0
2022-12-20 00:00:00-05:00,6.730000019073486,6.75,6.400000095367432,6.710000038146973,57400,0.0,0.0
2022-12-21 00:00:00-05:00,6.559999942779541,6.599999904632568,6.03000020980835,6.119999885559082,69600,0.0,0.0
2022-12-22 00:00:00-05:00,5.980000019073486,6.039999961853027,5.769999980926514,5.860000133514404,19400,0.0,0.0
2022-12-23 00:00:00-05:00,5.75,5.75,5.420000076293945,5.619999885559082,78300,0.0,0.0
2022-12-27 00:00:00-05:00,5.460000038146973,5.619999885559082,4.949999809265137,5.239999771118164,224900,0.0,0.0
2022-12-28 00:00:00-05:00,5.25,5.659999847412109,5.079999923706055,5.650000095367432,44800,0.0,0.0
2022-12-29 00:00:00-05:00,5.639999866485596,5.75,5.400000095367432,5.630000114440918,79100,0.0,0.0
2022-12-30 00:00:00-05:00,5.46999979019165,5.619999885559082,5.079999923706055,5.590000152587891,71400,0.0,0.0
2023-01-03 00:00:00-05:00,6.130000114440918,6.489999771118164,5.610000133514404,6.25,98200,0.0,0.0
2023-01-04 00:00:00-05:00,6.010000228881836,6.269999980926514,5.900000095367432,6.25,42400,0.0,0.0
2023-01-05 00:00:00-05:00,6.300000190734863,6.300000190734863,5.650000095367432,5.650000095367432,42900,0.0,0.0
2023-01-06 00:00:00-05:00,5.809999942779541,5.889999866485596,5.309999942779541,5.5,55700,0.0,0.0
2023-01-09 00:00:00-05:00,5.369999885559082,5.730000019073486,5.21999979019165,5.329999923706055,61800,0.0,0.0
2023-01-10 00:00:00-05:00,5.28000020980835,5.639999866485596,5.28000020980835,5.639999866485596,29100,0.0,0.0
2023-01-11 00:00:00-05:00,5.510000228881836,5.610000133514404,5.039999961853027,5.170000076293945,148300,0.0,0.0
2023-01-12 00:00:00-05:00,5.079999923706055,5.440000057220459,5.019999980926514,5.400000095367432,50500,0.0,0.0
2023-01-13 00:00:00-05:00,5.300000190734863,5.5,5.150000095367432,5.400000095367432,36500,0.0,0.0
2023-01-17 00:00:00-05:00,5.300000190734863,5.599999904632568,5.260000228881836,5.519999980926514,53700,0.0,0.0
2023-01-18 00:00:00-05:00,5.46999979019165,5.639999866485596,5.260000228881836,5.389999866485596,39600,0.0,0.0
2023-01-19 00:00:00-05:00,5.429999828338623,5.429999828338623,5.28000020980835,5.349999904632568,13600,0.0,0.0
2023-01-20 00:00:00-05:00,5.25,5.489999771118164,5.25,5.489999771118164,13900,0.0,0.0
2023-01-23 00:00:00-05:00,5.380000114440918,5.550000190734863,5.300000190734863,5.320000171661377,53900,0.0,0.0
2023-01-24 00:00:00-05:00,5.260000228881836,5.429999828338623,5.159999847412109,5.239999771118164,52400,0.0,0.0
2023-01-25 00:00:00-05:00,5.099999904632568,5.349999904632568,5.099999904632568,5.210000038146973,34100,0.0,0.0
2023-01-26 00:00:00-05:00,5.170000076293945,5.340000152587891,5.010000228881836,5.079999923706055,62700,0.0,0.0
2023-01-27 00:00:00-05:00,5.070000171661377,5.510000228881836,5.039999961853027,5.340000152587891,224800,0.0,0.0
2023-01-30 00:00:00-05:00,5.199999809265137,5.440000057220459,5.170000076293945,5.21999979019165,41500,0.0,0.0
2023-01-31 00:00:00-05:00,5.179999828338623,5.300000190734863,5.179999828338623,5.269999980926514,24600,0.0,0.0
2023-02-01 00:00:00-05:00,5.150000095367432,5.369999885559082,5.150000095367432,5.309999942779541,24100,0.0,0.0
2023-02-02 00:00:00-05:00,5.400000095367432,5.480000019073486,5.150000095367432,5.25,71500,0.0,0.0
2023-02-03 00:00:00-05:00,5.320000171661377,5.400000095367432,5.150000095367432,5.199999809265137,34500,0.0,0.0
2023-02-06 00:00:00-05:00,5.150000095367432,5.329999923706055,5.119999885559082,5.159999847412109,30800,0.0,0.0
2023-02-07 00:00:00-05:00,5.110000133514404,5.300000190734863,5.099999904632568,5.239999771118164,17300,0.0,0.0
2023-02-08 00:00:00-05:00,5.110000133514404,5.269999980926514,5.079999923706055,5.190000057220459,17300,0.0,0.0
2023-02-09 00:00:00-05:00,5.139999866485596,5.190000057220459,4.949999809265137,4.980000019073486,28900,0.0,0.0
2023-02-10 00:00:00-05:00,4.949999809265137,5.090000152587891,4.909999847412109,5.0,23700,0.0,0.0
2023-02-13 00:00:00-05:00,5.050000190734863,5.090000152587891,4.880000114440918,5.010000228881836,24800,0.0,0.0
2023-02-14 00:00:00-05:00,5.010000228881836,5.059999942779541,4.920000076293945,5.03000020980835,16200,0.0,0.0
2023-02-15 00:00:00-05:00,4.980000019073486,5.179999828338623,4.980000019073486,5.130000114440918,17100,0.0,0.0
2023-02-16 00:00:00-05:00,5.110000133514404,5.190000057220459,5.010000228881836,5.190000057220459,23300,0.0,0.0
2023-02-17 00:00:00-05:00,5.190000057220459,5.349999904632568,5.099999904632568,5.269999980926514,48200,0.0,0.0
2023-02-21 00:00:00-05:00,5.289999961853027,5.300000190734863,5.050000190734863,5.119999885559082,13600,0.0,0.0
2023-02-22 00:00:00-05:00,5.150000095367432,5.300000190734863,5.039999961853027,5.039999961853027,27700,0.0,0.0
2023-02-23 00:00:00-05:00,5.110000133514404,5.210000038146973,4.889999866485596,4.980000019073486,25300,0.0,0.0
2023-02-24 00:00:00-05:00,4.900000095367432,5.03000020980835,4.840000152587891,4.989999771118164,36700,0.0,0.0
2023-02-27 00:00:00-05:00,5.010000228881836,5.03000020980835,4.75,4.940000057220459,31300,0.0,0.0
2023-02-28 00:00:00-05:00,4.900000095367432,4.96999979019165,4.75,4.960000038146973,9400,0.0,0.0
2023-03-01 00:00:00-05:00,4.869999885559082,5.019999980926514,4.829999923706055,4.909999847412109,34300,0.0,0.0
2023-03-02 00:00:00-05:00,4.860000133514404,5.0,4.849999904632568,5.0,14000,0.0,0.0
2023-03-03 00:00:00-05:00,5.03000020980835,5.03000020980835,4.820000171661377,4.949999809265137,20800,0.0,0.0
2023-03-06 00:00:00-05:00,4.909999847412109,4.989999771118164,4.71999979019165,4.75,21800,0.0,0.0
2023-03-07 00:00:00-05:00,4.670000076293945,4.829999923706055,4.25,4.550000190734863,99900,0.0,0.0
2023-03-08 00:00:00-05:00,4.53000020980835,4.679999828338623,4.389999866485596,4.670000076293945,10200,0.0,0.0
2023-03-09 00:00:00-05:00,4.570000171661377,4.690000057220459,4.300000190734863,4.360000133514404,28000,0.0,0.0
2023-03-10 00:00:00-05:00,4.28000020980835,4.349999904632568,3.8299999237060547,3.880000114440918,61500,0.0,0.0
2023-03-13 00:00:00-04:00,3.7699999809265137,3.9800000190734863,3.75,3.859999895095825,21600,0.0,0.0
2023-03-14 00:00:00-04:00,3.9200000762939453,4.309999942779541,3.809999942779541,3.809999942779541,38300,0.0,0.0
2023-03-15 00:00:00-04:00,3.700000047683716,3.799999952316284,3.5899999141693115,3.6500000953674316,47600,0.0,0.0
2023-03-16 00:00:00-04:00,3.609999895095825,3.630000114440918,3.380000114440918,3.450000047683716,54200,0.0,0.0
2023-03-17 00:00:00-04:00,3.4700000286102295,3.509999990463257,3.25,3.4800000190734863,41500,0.0,0.0
2023-03-20 00:00:00-04:00,3.380000114440918,3.5799999237060547,3.309999942779541,3.569999933242798,61000,0.0,0.0
2023-03-21 00:00:00-04:00,3.640000104904175,3.640000104904175,3.4600000381469727,3.5199999809265137,46400,0.0,0.0
2023-03-22 00:00:00-04:00,3.490000009536743,3.5799999237060547,3.4000000953674316,3.4000000953674316,28100,0.0,0.0
2023-03-23 00:00:00-04:00,3.4100000858306885,3.5899999141693115,3.4100000858306885,3.5899999141693115,54700,0.0,0.0
2023-03-24 00:00:00-04:00,3.5899999141693115,3.9000000953674316,3.440000057220459,3.859999895095825,59800,0.0,0.0
2023-03-27 00:00:00-04:00,3.8399999141693115,3.8399999141693115,3.5299999713897705,3.7200000286102295,90000,0.0,0.0
2023-03-28 00:00:00-04:00,3.609999895095825,3.6600000858306885,3.4700000286102295,3.490000009536743,41100,0.0,0.0
2023-03-29 00:00:00-04:00,3.569999933242798,3.6700000762939453,3.4700000286102295,3.5399999618530273,33000,0.0,0.0
2023-03-30 00:00:00-04:00,3.5399999618530273,3.700000047683716,3.430000066757202,3.700000047683716,12400,0.0,0.0
2023-03-31 00:00:00-04:00,3.6600000858306885,3.8499999046325684,3.630000114440918,3.75,28200,0.0,0.0
2023-04-03 00:00:00-04:00,3.6600000858306885,3.8299999237060547,3.5899999141693115,3.7100000381469727,21200,0.0,0.0
2023-04-04 00:00:00-04:00,3.690000057220459,3.7200000286102295,3.5999999046325684,3.6700000762939453,7900,0.0,0.0
2023-04-05 00:00:00-04:00,3.700000047683716,3.700000047683716,3.5799999237060547,3.6500000953674316,3600,0.0,0.0
2023-04-06 00:00:00-04:00,3.619999885559082,3.7200000286102295,3.5,3.559999942779541,20300,0.0,0.0
2023-04-10 00:00:00-04:00,3.5,3.6700000762939453,3.490000009536743,3.5799999237060547,37600,0.0,0.0
2023-04-11 00:00:00-04:00,3.5399999618530273,3.690000057220459,3.5299999713897705,3.6500000953674316,32900,0.0,0.0
2023-04-12 00:00:00-04:00,3.680000066757202,3.7200000286102295,3.609999895095825,3.630000114440918,31300,0.0,0.0
2023-04-13 00:00:00-04:00,3.690000057220459,3.799999952316284,3.559999942779541,3.7799999713897705,15400,0.0,0.0
2023-04-14 00:00:00-04:00,3.6600000858306885,3.75,3.5899999141693115,3.619999885559082,21800,0.0,0.0
2023-04-17 00:00:00-04:00,3.75,3.809999942779541,3.4800000190734863,3.6700000762939453,156500,0.0,0.0
2023-04-18 00:00:00-04:00,3.630000114440918,3.75,3.5399999618530273,3.640000104904175,16000,0.0,0.0
2023-04-19 00:00:00-04:00,3.559999942779541,3.7300000190734863,3.549999952316284,3.690000057220459,20300,0.0,0.0
2023-04-20 00:00:00-04:00,3.700000047683716,3.7300000190734863,3.5999999046325684,3.690000057220459,14500,0.0,0.0
2023-04-21 00:00:00-04:00,3.6600000858306885,3.799999952316284,3.630000114440918,3.740000009536743,36800,0.0,0.0
2023-04-24 00:00:00-04:00,3.700000047683716,3.75,3.5999999046325684,3.700000047683716,24600,0.0,0.0
2023-04-25 00:00:00-04:00,3.5899999141693115,3.700000047683716,3.559999942779541,3.609999895095825,11000,0.0,0.0
2023-04-26 00:00:00-04:00,3.609999895095825,3.640000104904175,3.509999990463257,3.5299999713897705,24600,0.0,0.0
2023-04-27 00:00:00-04:00,3.5999999046325684,3.630000114440918,3.509999990463257,3.630000114440918,20000,0.0,0.0
2023-04-28 00:00:00-04:00,3.6500000953674316,3.6600000858306885,3.5,3.5399999618530273,50300,0.0,0.0
2023-05-01 00:00:00-04:00,3.5399999618530273,3.690000057220459,3.299999952316284,3.4200000762939453,114100,0.0,0.0
2023-05-02 00:00:00-04:00,3.440000057220459,3.700000047683716,3.359999895095825,3.690000057220459,33100,0.0,0.0
2023-05-03 00:00:00-04:00,3.7200000286102295,3.880000114440918,3.6500000953674316,3.8299999237060547,40200,0.0,0.0
2023-05-04 00:00:00-04:00,3.75,4.070000171661377,3.7200000286102295,4.050000190734863,30700,0.0,0.0
2023-05-05 00:00:00-04:00,4.039999961853027,4.119999885559082,3.7699999809265137,3.8299999237060547,45600,0.0,0.0
2023-05-08 00:00:00-04:00,3.890000104904175,3.9200000762939453,3.819999933242798,3.880000114440918,32200,0.0,0.0
2023-05-09 00:00:00-04:00,3.7899999618530273,3.9000000953674316,3.7899999618530273,3.8399999141693115,27900,0.0,0.0
2023-05-10 00:00:00-04:00,3.7899999618530273,4.0,3.7899999618530273,3.869999885559082,29400,0.0,0.0
2023-05-11 00:00:00-04:00,3.859999895095825,4.0,3.6500000953674316,4.0,166100,0.0,0.0
2023-05-12 00:00:00-04:00,4.0,4.590000152587891,3.890000104904175,4.389999866485596,99400,0.0,0.0
2023-05-15 00:00:00-04:00,4.420000076293945,4.71999979019165,4.139999866485596,4.389999866485596,77300,0.0,0.0
2023-05-16 00:00:00-04:00,4.639999866485596,4.699999809265137,4.309999942779541,4.400000095367432,39200,0.0,0.0
2023-05-17 00:00:00-04:00,4.179999828338623,4.349999904632568,4.050000190734863,4.190000057220459,28500,0.0,0.0
2023-05-18 00:00:00-04:00,4.159999847412109,4.25,4.079999923706055,4.239999771118164,21600,0.0,0.0
2023-05-19 00:00:00-04:00,4.239999771118164,4.449999809265137,4.239999771118164,4.320000171661377,27000,0.0,0.0
2023-05-22 00:00:00-04:00,4.380000114440918,4.409999847412109,4.230000019073486,4.309999942779541,14900,0.0,0.0
2023-05-23 00:00:00-04:00,4.309999942779541,4.519999980926514,4.269999980926514,4.489999771118164,22600,0.0,0.0
2023-05-24 00:00:00-04:00,4.489999771118164,4.5,4.320000171661377,4.329999923706055,11600,0.0,0.0
2023-05-25 00:00:00-04:00,4.28000020980835,4.340000152587891,3.75,3.8399999141693115,41100,0.0,0.0
2023-05-26 00:00:00-04:00,3.8499999046325684,3.9800000190734863,3.7899999618530273,3.859999895095825,19500,0.0,0.0
2023-05-30 00:00:00-04:00,3.809999942779541,4.110000133514404,3.809999942779541,4.110000133514404,20600,0.0,0.0
2023-05-31 00:00:00-04:00,4.079999923706055,4.190000057220459,4.03000020980835,4.150000095367432,7600,0.0,0.0
2023-06-01 00:00:00-04:00,4.190000057220459,4.340000152587891,4.119999885559082,4.150000095367432,28400,0.0,0.0
2023-06-02 00:00:00-04:00,4.019999980926514,4.429999828338623,4.019999980926514,4.400000095367432,24000,0.0,0.0
2023-06-05 00:00:00-04:00,4.440000057220459,4.489999771118164,4.300000190734863,4.360000133514404,13500,0.0,0.0
2023-06-06 00:00:00-04:00,4.320000171661377,4.5,4.320000171661377,4.449999809265137,17300,0.0,0.0
2023-06-07 00:00:00-04:00,4.429999828338623,4.429999828338623,3.9600000381469727,3.9700000286102295,73300,0.0,0.0
2023-06-08 00:00:00-04:00,4.010000228881836,4.070000171661377,3.990000009536743,4.019999980926514,19000,0.0,0.0
2023-06-09 00:00:00-04:00,4.039999961853027,4.130000114440918,3.9800000190734863,4.03000020980835,31600,0.0,0.0
2023-06-12 00:00:00-04:00,4.0,4.010000228881836,3.890000104904175,3.9000000953674316,24000,0.0,0.0
2023-06-13 00:00:00-04:00,4.079999923706055,4.079999923706055,3.7300000190734863,3.7699999809265137,71700,0.0,0.0
2023-06-14 00:00:00-04:00,3.8299999237060547,3.930000066757202,3.740000009536743,3.7799999713897705,54200,0.0,0.0
2023-06-15 00:00:00-04:00,3.799999952316284,3.9600000381469727,3.7799999713897705,3.8399999141693115,24700,0.0,0.0
2023-06-16 00:00:00-04:00,3.8499999046325684,3.990000009536743,3.799999952316284,3.8499999046325684,87400,0.0,0.0
2023-06-20 00:00:00-04:00,3.799999952316284,3.9700000286102295,3.799999952316284,3.9200000762939453,37000,0.0,0.0
2023-06-21 00:00:00-04:00,3.9200000762939453,3.9700000286102295,3.8399999141693115,3.940000057220459,21300,0.0,0.0
2023-06-22 00:00:00-04:00,3.9100000858306885,4.0,3.9000000953674316,3.9700000286102295,17900,0.0,0.0
2023-06-23 00:00:00-04:00,3.9200000762939453,4.059999942779541,3.799999952316284,4.059999942779541,40300,0.0,0.0
2023-06-26 00:00:00-04:00,3.940000057220459,4.0,3.8499999046325684,3.950000047683716,17700,0.0,0.0
2023-06-27 00:00:00-04:00,3.950000047683716,4.0,3.9100000858306885,4.0,15000,0.0,0.0
2023-06-28 00:00:00-04:00,4.0,4.010000228881836,3.8299999237060547,3.950000047683716,30100,0.0,0.0
2023-06-29 00:00:00-04:00,3.9200000762939453,4.110000133514404,3.8499999046325684,4.110000133514404,27900,0.0,0.0
2023-06-30 00:00:00-04:00,4.199999809265137,4.340000152587891,4.119999885559082,4.119999885559082,51800,0.0,0.0
2023-07-03 00:00:00-04:00,4.079999923706055,4.28000020980835,4.079999923706055,4.179999828338623,14500,0.0,0.0
2023-07-05 00:00:00-04:00,4.199999809265137,4.320000171661377,4.070000171661377,4.139999866485596,16600,0.0,0.0
2023-07-06 00:00:00-04:00,4.110000133514404,4.159999847412109,3.990000009536743,3.990000009536743,13900,0.0,0.0
2023-07-07 00:00:00-04:00,4.010000228881836,4.269999980926514,4.0,4.070000171661377,15800,0.0,0.0
2023-07-10 00:00:00-04:00,3.9700000286102295,4.090000152587891,3.930000066757202,3.950000047683716,34600,0.0,0.0
2023-07-11 00:00:00-04:00,3.9800000190734863,3.990000009536743,3.9200000762939453,3.940000057220459,12400,0.0,0.0
2023-07-12 00:00:00-04:00,3.9600000381469727,3.9800000190734863,3.9100000858306885,3.940000057220459,9400,0.0,0.0
2023-07-13 00:00:00-04:00,3.950000047683716,4.050000190734863,3.9000000953674316,3.940000057220459,26800,0.0,0.0
2023-07-14 00:00:00-04:00,3.950000047683716,4.019999980926514,3.9000000953674316,3.930000066757202,11500,0.0,0.0
2023-07-17 00:00:00-04:00,3.940000057220459,4.0,3.9200000762939453,3.9700000286102295,14700,0.0,0.0
2023-07-18 00:00:00-04:00,4.039999961853027,4.050000190734863,3.9600000381469727,4.0,18500,0.0,0.0
2023-07-19 00:00:00-04:00,3.9600000381469727,4.050000190734863,3.9600000381469727,4.050000190734863,15500,0.0,0.0
2023-07-20 00:00:00-04:00,4.059999942779541,4.150000095367432,3.9800000190734863,4.139999866485596,17600,0.0,0.0
2023-07-21 00:00:00-04:00,4.139999866485596,4.28000020980835,4.139999866485596,4.199999809265137,26500,0.0,0.0
2023-07-24 00:00:00-04:00,4.260000228881836,4.269999980926514,4.059999942779541,4.139999866485596,15400,0.0,0.0
2023-07-25 00:00:00-04:00,4.150000095367432,4.170000076293945,3.930000066757202,4.03000020980835,31500,0.0,0.0
2023-07-26 00:00:00-04:00,4.039999961853027,4.230000019073486,3.9600000381469727,4.099999904632568,19600,0.0,0.0
2023-07-27 00:00:00-04:00,4.150000095367432,4.150000095367432,3.9700000286102295,3.9800000190734863,15000,0.0,0.0
2023-07-28 00:00:00-04:00,4.119999885559082,4.119999885559082,3.9700000286102295,4.0,18300,0.0,0.0
2023-07-31 00:00:00-04:00,4.03000020980835,4.119999885559082,4.0,4.059999942779541,15000,0.0,0.0
2023-08-01 00:00:00-04:00,4.050000190734863,4.199999809265137,4.010000228881836,4.110000133514404,33800,0.0,0.0
2023-08-02 00:00:00-04:00,4.110000133514404,4.170000076293945,4.050000190734863,4.170000076293945,18300,0.0,0.0
2023-08-03 00:00:00-04:00,4.150000095367432,4.239999771118164,4.130000114440918,4.210000038146973,19100,0.0,0.0
2023-08-04 00:00:00-04:00,4.239999771118164,4.349999904632568,4.099999904632568,4.260000228881836,36600,0.0,0.0
2023-08-07 00:00:00-04:00,4.21999979019165,4.28000020980835,4.099999904632568,4.179999828338623,9500,0.0,0.0
2023-08-08 00:00:00-04:00,4.309999942779541,4.309999942779541,4.090000152587891,4.119999885559082,17700,0.0,0.0
2023-08-09 00:00:00-04:00,4.099999904632568,4.199999809265137,4.010000228881836,4.010000228881836,8900,0.0,0.0
2023-08-10 00:00:00-04:00,4.010000228881836,4.070000171661377,3.950000047683716,4.0,17500,0.0,0.0
2023-08-11 00:00:00-04:00,3.990000009536743,4.059999942779541,3.950000047683716,3.9600000381469727,17700,0.0,0.0
2023-08-14 00:00:00-04:00,4.039999961853027,4.039999961853027,3.8499999046325684,3.8499999046325684,25900,0.0,0.0
2023-08-15 00:00:00-04:00,3.8399999141693115,3.8499999046325684,3.700000047683716,3.8399999141693115,26800,0.0,0.0
2023-08-16 00:00:00-04:00,3.7300000190734863,3.75,3.509999990463257,3.6600000858306885,31600,0.0,0.0
2023-08-17 00:00:00-04:00,3.5,3.6700000762939453,3.5,3.6500000953674316,26000,0.0,0.0
2023-08-18 00:00:00-04:00,3.5999999046325684,3.759999990463257,3.5199999809265137,3.75,18600,0.0,0.0
2023-08-21 00:00:00-04:00,3.7200000286102295,3.819999933242798,3.6700000762939453,3.819999933242798,9400,0.0,0.0
2023-08-22 00:00:00-04:00,3.740000009536743,3.8399999141693115,3.740000009536743,3.8399999141693115,13700,0.0,0.0
2023-08-23 00:00:00-04:00,3.799999952316284,3.930000066757202,3.759999990463257,3.930000066757202,22100,0.0,0.0
2023-08-24 00:00:00-04:00,3.740000009536743,3.930000066757202,3.740000009536743,3.930000066757202,23400,0.0,0.0
2023-08-25 00:00:00-04:00,3.890000104904175,4.03000020980835,3.8399999141693115,4.03000020980835,13500,0.0,0.0
2023-08-28 00:00:00-04:00,3.9800000190734863,4.03000020980835,3.740000009536743,3.7799999713897705,49500,0.0,0.0
2023-08-29 00:00:00-04:00,3.8499999046325684,3.9200000762939453,3.75,3.890000104904175,16100,0.0,0.0
2023-08-30 00:00:00-04:00,3.869999885559082,3.950000047683716,3.7899999618530273,3.7899999618530273,8500,0.0,0.0
2023-08-31 00:00:00-04:00,3.799999952316284,3.9600000381469727,3.759999990463257,3.7899999618530273,17100,0.0,0.0
2023-09-01 00:00:00-04:00,3.7899999618530273,3.869999885559082,3.6700000762939453,3.7799999713897705,17100,0.0,0.0
2023-09-05 00:00:00-04:00,3.859999895095825,3.859999895095825,3.7300000190734863,3.7899999618530273,11100,0.0,0.0
2023-09-06 00:00:00-04:00,3.819999933242798,3.819999933242798,3.619999885559082,3.680000066757202,10200,0.0,0.0
2023-09-07 00:00:00-04:00,3.75,3.75,3.640000104904175,3.640000104904175,9200,0.0,0.0
2023-09-08 00:00:00-04:00,3.640000104904175,3.6600000858306885,3.5399999618530273,3.5999999046325684,15800,0.0,0.0
2023-09-11 00:00:00-04:00,3.569999933242798,3.7300000190734863,3.5299999713897705,3.630000114440918,15500,0.0,0.0
2023-09-12 00:00:00-04:00,3.5899999141693115,3.7200000286102295,3.5899999141693115,3.619999885559082,21800,0.0,0.0
2023-09-13 00:00:00-04:00,3.569999933242798,3.7200000286102295,3.5299999713897705,3.5299999713897705,5700,0.0,0.0
2023-09-14 00:00:00-04:00,3.609999895095825,3.700000047683716,3.5199999809265137,3.619999885559082,14800,0.0,0.0
2023-09-15 00:00:00-04:00,3.559999942779541,3.6700000762939453,3.3299999237060547,3.3299999237060547,100800,0.0,0.0
2023-09-18 00:00:00-04:00,3.440000057220459,3.4700000286102295,3.3399999141693115,3.4200000762939453,11800,0.0,0.0
2023-09-19 00:00:00-04:00,3.4200000762939453,3.4200000762939453,3.299999952316284,3.3299999237060547,10500,0.0,0.0
2023-09-20 00:00:00-04:00,3.2799999713897705,3.3499999046325684,3.25,3.25,18100,0.0,0.0
2023-09-21 00:00:00-04:00,3.25,3.25,3.0,3.0799999237060547,15400,0.0,0.0
2023-09-22 00:00:00-04:00,3.0999999046325684,3.119999885559082,2.940000057220459,3.009999990463257,20000,0.0,0.0
2023-09-25 00:00:00-04:00,2.8499999046325684,3.0,2.690000057220459,2.890000104904175,19300,0.0,0.0
2023-09-26 00:00:00-04:00,2.7899999618530273,2.9600000381469727,2.7899999618530273,2.9200000762939453,13000,0.0,0.0
2023-09-27 00:00:00-04:00,2.930000066757202,3.1500000953674316,2.930000066757202,3.0199999809265137,19300,0.0,0.0
2023-09-28 00:00:00-04:00,3.0399999618530273,3.069999933242798,2.940000057220459,2.940000057220459,10300,0.0,0.0
2023-09-29 00:00:00-04:00,2.950000047683716,3.0199999809265137,2.859999895095825,3.0199999809265137,12400,0.0,0.0
2023-10-02 00:00:00-04:00,2.9700000286102295,3.0299999713897705,2.9000000953674316,2.990000009536743,9600,0.0,0.0
2023-10-03 00:00:00-04:00,2.940000057220459,2.9600000381469727,2.859999895095825,2.9000000953674316,9900,0.0,0.0
2023-10-04 00:00:00-04:00,2.8499999046325684,2.859999895095825,2.5999999046325684,2.759999990463257,17800,0.0,0.0
2023-10-05 00:00:00-04:00,2.7100000381469727,2.869999885559082,2.690000057220459,2.75,26800,0.0,0.0
2023-10-06 00:00:00-04:00,2.740000009536743,2.869999885559082,2.609999895095825,2.8499999046325684,36300,0.0,0.0
2023-10-09 00:00:00-04:00,2.880000114440918,2.880000114440918,2.6700000762939453,2.680000066757202,10400,0.0,0.0
2023-10-10 00:00:00-04:00,2.619999885559082,2.819999933242798,2.609999895095825,2.759999990463257,14400,0.0,0.0
2023-10-11 00:00:00-04:00,2.7300000190734863,2.859999895095825,2.5999999046325684,2.5999999046325684,17500,0.0,0.0
2023-10-12 00:00:00-04:00,2.700000047683716,2.700000047683716,2.3499999046325684,2.569999933242798,33900,0.0,0.0
2023-10-13 00:00:00-04:00,2.740000009536743,2.740000009536743,2.4700000286102295,2.5399999618530273,7900,0.0,0.0
2023-10-16 00:00:00-04:00,2.4600000381469727,2.740000009536743,2.3299999237060547,2.6700000762939453,32600,0.0,0.0
2023-10-17 00:00:00-04:00,2.6700000762939453,2.7899999618530273,2.5399999618530273,2.569999933242798,23500,0.0,0.0
2023-10-18 00:00:00-04:00,2.490000009536743,2.490000009536743,2.380000114440918,2.380000114440918,13800,0.0,0.0
2023-10-19 00:00:00-04:00,2.4000000953674316,2.4700000286102295,2.3499999046325684,2.3499999046325684,10400,0.0,0.0
2023-10-20 00:00:00-04:00,2.3499999046325684,2.369999885559082,2.2699999809265137,2.2799999713897705,17900,0.0,0.0
2023-10-23 00:00:00-04:00,2.25,2.319999933242798,2.1600000858306885,2.180000066757202,28200,0.0,0.0
2023-10-24 00:00:00-04:00,2.109999895095825,2.2899999618530273,2.049999952316284,2.140000104904175,17800,0.0,0.0
2023-10-25 00:00:00-04:00,2.1500000953674316,2.190000057220459,2.0299999713897705,2.059999942779541,24500,0.0,0.0
2023-10-26 00:00:00-04:00,2.049999952316284,2.049999952316284,1.9500000476837158,2.0,21900,0.0,0.0
2023-10-27 00:00:00-04:00,1.9700000286102295,2.0999999046325684,1.9700000286102295,2.009999990463257,15200,0.0,0.0
2023-10-30 00:00:00-04:00,2.0299999713897705,2.109999895095825,1.9800000190734863,2.069999933242798,13100,0.0,0.0
2023-10-31 00:00:00-04:00,2.0999999046325684,2.190000057220459,2.059999942779541,2.130000114440918,16500,0.0,0.0
2023-11-01 00:00:00-04:00,2.180000066757202,2.180000066757202,2.0299999713897705,2.109999895095825,9200,0.0,0.0
2023-11-02 00:00:00-04:00,2.0399999618530273,2.200000047683716,2.0399999618530273,2.200000047683716,11800,0.0,0.0
2023-11-03 00:00:00-04:00,2.200000047683716,2.259999990463257,2.140000104904175,2.2100000381469727,16400,0.0,0.0
2023-11-06 00:00:00-05:00,2.25,2.440000057220459,2.25,2.3299999237060547,19800,0.0,0.0
2023-11-07 00:00:00-05:00,2.2799999713897705,2.4100000858306885,2.2799999713897705,2.359999895095825,11700,0.0,0.0
2023-11-08 00:00:00-05:00,2.299999952316284,2.4100000858306885,2.200000047683716,2.200000047683716,21400,0.0,0.0
2023-11-09 00:00:00-05:00,2.180000066757202,2.240000009536743,2.0,2.0,11500,0.0,0.0
2023-11-10 00:00:00-05:00,2.0,2.359999895095825,2.0,2.0,17700,0.0,0.0
2023-11-13 00:00:00-05:00,2.0,2.0399999618530273,2.0,2.0199999809265137,10700,0.0,0.0
2023-11-14 00:00:00-05:00,2.0,2.190000057220459,2.0,2.009999990463257,60500,0.0,0.0
2023-11-15 00:00:00-05:00,2.009999990463257,2.369999885559082,2.009999990463257,2.359999895095825,26600,0.0,0.0
2023-11-16 00:00:00-05:00,2.259999990463257,2.380000114440918,2.2300000190734863,2.3499999046325684,10600,0.0,0.0
2023-11-17 00:00:00-05:00,2.2799999713897705,2.4200000762939453,2.180000066757202,2.2699999809265137,26000,0.0,0.0
2023-11-20 00:00:00-05:00,2.259999990463257,3.069999933242798,2.1700000762939453,2.9200000762939453,95200,0.0,0.0
2023-11-21 00:00:00-05:00,2.869999885559082,2.869999885559082,2.6500000953674316,2.7899999618530273,17900,0.0,0.0
2023-11-22 00:00:00-05:00,2.740000009536743,2.7799999713897705,2.700000047683716,2.7799999713897705,9800,0.0,0.0
2023-11-24 00:00:00-05:00,2.7200000286102295,2.990000009536743,2.690000057220459,2.9700000286102295,8100,0.0,0.0
2023-11-27 00:00:00-05:00,2.880000114440918,2.9700000286102295,2.759999990463257,2.7899999618530273,21100,0.0,0.0
2023-11-28 00:00:00-05:00,2.799999952316284,2.9200000762939453,2.799999952316284,2.8499999046325684,20000,0.0,0.0
2023-11-29 00:00:00-05:00,2.8299999237060547,2.990000009536743,2.7899999618530273,2.7899999618530273,15900,0.0,0.0
2023-11-30 00:00:00-05:00,2.799999952316284,2.8399999141693115,2.5799999237060547,2.5799999237060547,17000,0.0,0.0
2023-12-01 00:00:00-05:00,2.5999999046325684,2.759999990463257,2.5999999046325684,2.740000009536743,18000,0.0,0.0
2023-12-04 00:00:00-05:00,2.5799999237060547,2.609999895095825,2.490000009536743,2.5399999618530273,24200,0.0,0.0
2023-12-05 00:00:00-05:00,2.549999952316284,2.619999885559082,2.430000066757202,2.490000009536743,8700,0.0,0.0
2023-12-06 00:00:00-05:00,2.490000009536743,2.490000009536743,2.2100000381469727,2.25,46000,0.0,0.0
2023-12-07 00:00:00-05:00,2.299999952316284,2.309999942779541,2.140000104904175,2.2100000381469727,23900,0.0,0.0
2023-12-08 00:00:00-05:00,2.1600000858306885,2.2699999809265137,2.009999990463257,2.0799999237060547,85200,0.0,0.0
2023-12-11 00:00:00-05:00,2.0999999046325684,2.25,2.0999999046325684,2.200000047683716,27900,0.0,0.0
2023-12-12 00:00:00-05:00,2.2100000381469727,2.259999990463257,2.0999999046325684,2.200000047683716,23900,0.0,0.0
2023-12-13 00:00:00-05:00,2.200000047683716,2.25,2.109999895095825,2.25,49500,0.0,0.0
2023-12-14 00:00:00-05:00,2.25,2.390000104904175,2.119999885559082,2.390000104904175,24600,0.0,0.0
2023-12-15 00:00:00-05:00,2.380000114440918,2.380000114440918,2.25,2.3399999141693115,19900,0.0,0.0
2023-12-18 00:00:00-05:00,2.3299999237060547,2.3499999046325684,2.190000057220459,2.3499999046325684,20500,0.0,0.0
2023-12-19 00:00:00-05:00,2.380000114440918,2.380000114440918,2.180000066757202,2.369999885559082,20500,0.0,0.0
2023-12-20 00:00:00-05:00,2.3499999046325684,2.380000114440918,2.190000057220459,2.309999942779541,33400,0.0,0.0
2023-12-21 00:00:00-05:00,2.380000114440918,2.4000000953674316,2.2699999809265137,2.4000000953674316,19400,0.0,0.0
2023-12-22 00:00:00-05:00,2.380000114440918,2.440000057220459,2.2899999618530273,2.309999942779541,40500,0.0,0.0
2023-12-26 00:00:00-05:00,2.3499999046325684,2.4600000381469727,2.309999942779541,2.4600000381469727,27600,0.0,0.0
2023-12-27 00:00:00-05:00,2.430000066757202,2.5,2.369999885559082,2.390000104904175,25300,0.0,0.0
2023-12-28 00:00:00-05:00,2.380000114440918,2.490000009536743,2.309999942779541,2.359999895095825,41200,0.0,0.0
2023-12-29 00:00:00-05:00,2.319999933242798,2.3399999141693115,2.2200000286102295,2.25,34200,0.0,0.0
2024-01-02 00:00:00-05:00,2.2699999809265137,2.359999895095825,2.25,2.3299999237060547,12000,0.0,0.0
2024-01-03 00:00:00-05:00,2.319999933242798,2.319999933242798,2.259999990463257,2.299999952316284,10900,0.0,0.0
2024-01-04 00:00:00-05:00,2.299999952316284,2.359999895095825,2.2699999809265137,2.2799999713897705,11800,0.0,0.0
2024-01-05 00:00:00-05:00,2.259999990463257,2.319999933242798,2.259999990463257,2.2799999713897705,18300,0.0,0.0
2024-01-08 00:00:00-05:00,2.2799999713897705,2.359999895095825,2.2799999713897705,2.359999895095825,22900,0.0,0.0
2024-01-09 00:00:00-05:00,2.3299999237060547,2.359999895095825,2.2899999618530273,2.359999895095825,12700,0.0,0.0
2024-01-10 00:00:00-05:00,2.359999895095825,2.369999885559082,2.2899999618530273,2.369999885559082,21100,0.0,0.0
2024-01-11 00:00:00-05:00,2.3499999046325684,2.359999895095825,2.319999933242798,2.3399999141693115,10300,0.0,0.0
2024-01-12 00:00:00-05:00,2.359999895095825,2.369999885559082,2.2799999713897705,2.2799999713897705,20500,0.0,0.0
2024-01-16 00:00:00-05:00,2.2799999713897705,2.309999942779541,2.259999990463257,2.2799999713897705,12400,0.0,0.0
2024-01-17 00:00:00-05:00,2.2699999809265137,2.299999952316284,2.2699999809265137,2.2799999713897705,12400,0.0,0.0
2024-01-18 00:00:00-05:00,2.2899999618530273,2.2899999618530273,2.259999990463257,2.2699999809265137,16700,0.0,0.0
2024-01-19 00:00:00-05:00,2.309999942779541,2.309999942779541,2.130000114440918,2.2300000190734863,27400,0.0,0.0
2024-01-22 00:00:00-05:00,2.119999885559082,2.299999952316284,2.119999885559082,2.240000009536743,20900,0.0,0.0
2024-01-23 00:00:00-05:00,2.240000009536743,2.3399999141693115,2.240000009536743,2.309999942779541,39300,0.0,0.0
2024-01-24 00:00:00-05:00,2.2899999618530273,2.3399999141693115,2.2200000286102295,2.2899999618530273,8100,0.0,0.0
2024-01-25 00:00:00-05:00,2.2899999618530273,2.319999933242798,2.2799999713897705,2.299999952316284,11600,0.0,0.0
2024-01-26 00:00:00-05:00,2.2799999713897705,2.309999942779541,2.259999990463257,2.2699999809265137,5800,0.0,0.0
2024-01-29 00:00:00-05:00,2.2699999809265137,2.309999942779541,2.2699999809265137,2.299999952316284,12600,0.0,0.0
2024-01-30 00:00:00-05:00,2.299999952316284,2.319999933242798,2.2699999809265137,2.2899999618530273,6600,0.0,0.0
2024-01-31 00:00:00-05:00,2.2699999809265137,2.319999933242798,2.259999990463257,2.259999990463257,8000,0.0,0.0
2024-02-01 00:00:00-05:00,2.2899999618530273,2.2899999618530273,2.259999990463257,2.259999990463257,10600,0.0,0.0
2024-02-02 00:00:00-05:00,2.259999990463257,2.3299999237060547,2.259999990463257,2.2699999809265137,10000,0.0,0.0
2024-02-05 00:00:00-05:00,2.25,2.2899999618530273,2.25,2.2899999618530273,6900,0.0,0.0
2024-02-06 00:00:00-05:00,2.259999990463257,2.309999942779541,2.259999990463257,2.2899999618530273,16100,0.0,0.0
2024-02-07 00:00:00-05:00,2.2799999713897705,2.2799999713897705,2.2200000286102295,2.2699999809265137,12900,0.0,0.0
2024-02-08 00:00:00-05:00,2.2200000286102295,2.2899999618530273,2.2200000286102295,2.2899999618530273,6300,0.0,0.0
2024-02-09 00:00:00-05:00,2.2300000190734863,2.2899999618530273,2.2200000286102295,2.2899999618530273,12700,0.0,0.0
2024-02-12 00:00:00-05:00,2.2300000190734863,2.299999952316284,2.2300000190734863,2.25,13800,0.0,0.0
2024-02-13 00:00:00-05:00,2.2300000190734863,2.2799999713897705,2.2300000190734863,2.240000009536743,7300,0.0,0.0
2024-02-14 00:00:00-05:00,2.25,2.2899999618530273,2.2300000190734863,2.2899999618530273,8800,0.0,0.0
2024-02-15 00:00:00-05:00,2.2699999809265137,2.2799999713897705,2.2300000190734863,2.240000009536743,9600,0.0,0.0
2024-02-16 00:00:00-05:00,2.2799999713897705,2.2799999713897705,2.2300000190734863,2.259999990463257,12500,0.0,0.0
2024-02-20 00:00:00-05:00,2.259999990463257,2.2799999713897705,2.2200000286102295,2.2699999809265137,20500,0.0,0.0
2024-02-21 00:00:00-05:00,2.240000009536743,2.2699999809265137,2.2200000286102295,2.259999990463257,8200,0.0,0.0
2024-02-22 00:00:00-05:00,2.25,2.2699999809265137,2.2300000190734863,2.259999990463257,16700,0.0,0.0
2024-02-23 00:00:00-05:00,2.2300000190734863,2.25,2.2200000286102295,2.25,16600,0.0,0.0
2024-02-26 00:00:00-05:00,2.240000009536743,2.299999952316284,2.240000009536743,2.2899999618530273,29500,0.0,0.0
2024-02-27 00:00:00-05:00,2.2300000190734863,2.359999895095825,2.2200000286102295,2.3499999046325684,27200,0.0,0.0
2024-02-28 00:00:00-05:00,2.3499999046325684,2.390000104904175,2.2699999809265137,2.369999885559082,20200,0.0,0.0
2024-02-29 00:00:00-05:00,2.380000114440918,2.4100000858306885,2.2899999618530273,2.4000000953674316,13200,0.0,0.0
2024-03-01 00:00:00-05:00,2.4000000953674316,2.5899999141693115,2.240000009536743,2.5399999618530273,72800,0.0,0.0
2024-03-04 00:00:00-05:00,2.5899999141693115,2.6600000858306885,2.549999952316284,2.640000104904175,50600,0.0,0.0
2024-03-05 00:00:00-05:00,2.640000104904175,2.7200000286102295,2.619999885559082,2.690000057220459,26600,0.0,0.0
2024-03-06 00:00:00-05:00,2.740000009536743,2.75,2.380000114440918,2.450000047683716,37200,0.0,0.0
2024-03-07 00:00:00-05:00,2.309999942779541,2.490000009536743,2.140000104904175,2.2899999618530273,37400,0.0,0.0
2024-03-08 00:00:00-05:00,2.359999895095825,2.440000057220459,2.259999990463257,2.3299999237060547,18400,0.0,0.0
2024-03-11 00:00:00-04:00,2.319999933242798,2.509999990463257,2.2300000190734863,2.2300000190734863,45400,0.0,0.0
2024-03-12 00:00:00-04:00,2.240000009536743,2.4000000953674316,2.2300000190734863,2.380000114440918,14400,0.0,0.0
2024-03-13 00:00:00-04:00,2.3399999141693115,2.4800000190734863,2.3399999141693115,2.380000114440918,14700,0.0,0.0
2024-03-14 00:00:00-04:00,2.359999895095825,2.430000066757202,2.319999933242798,2.359999895095825,24800,0.0,0.0
2024-03-15 00:00:00-04:00,2.299999952316284,2.4000000953674316,2.299999952316284,2.4000000953674316,14500,0.0,0.0
2024-03-18 00:00:00-04:00,2.430000066757202,2.609999895095825,2.2100000381469727,2.299999952316284,54600,0.0,0.0
2024-03-19 00:00:00-04:00,2.299999952316284,2.4100000858306885,2.240000009536743,2.2899999618530273,20800,0.0,0.0
2024-03-20 00:00:00-04:00,2.319999933242798,2.4000000953674316,2.2699999809265137,2.3499999046325684,8100,0.0,0.0
2024-03-21 00:00:00-04:00,2.359999895095825,2.4000000953674316,2.299999952316284,2.299999952316284,8100,0.0,0.0
2024-03-22 00:00:00-04:00,2.359999895095825,2.390000104904175,2.259999990463257,2.2899999618530273,36600,0.0,0.0
2024-03-25 00:00:00-04:00,2.3399999141693115,2.3399999141693115,2.240000009536743,2.2899999618530273,14700,0.0,0.0
2024-03-26 00:00:00-04:00,2.299999952316284,2.299999952316284,2.240000009536743,2.25,12200,0.0,0.0
2024-03-27 00:00:00-04:00,2.259999990463257,2.299999952316284,2.2100000381469727,2.25,12700,0.0,0.0
2024-03-28 00:00:00-04:00,2.259999990463257,2.309999942779541,2.25,2.2899999618530273,12300,0.0,0.0
2024-04-01 00:00:00-04:00,2.3499999046325684,2.380000114440918,2.2799999713897705,2.319999933242798,20400,0.0,0.0
2024-04-02 00:00:00-04:00,2.309999942779541,2.369999885559082,2.240000009536743,2.25,12800,0.0,0.0
2024-04-03 00:00:00-04:00,2.2300000190734863,2.2699999809265137,2.2200000286102295,2.2300000190734863,44400,0.0,0.0
2024-04-04 00:00:00-04:00,2.25,2.2799999713897705,2.2200000286102295,2.240000009536743,53800,0.0,0.0
2024-04-05 00:00:00-04:00,2.259999990463257,2.259999990463257,2.2100000381469727,2.2100000381469727,12800,0.0,0.0
2024-04-08 00:00:00-04:00,2.1500000953674316,2.240000009536743,2.1500000953674316,2.1600000858306885,46000,0.0,0.0
2024-04-09 00:00:00-04:00,2.1600000858306885,2.3399999141693115,2.0299999713897705,2.1500000953674316,88600,0.0,0.0
2024-04-10 00:00:00-04:00,2.1600000858306885,2.240000009536743,2.069999933242798,2.109999895095825,19400,0.0,0.0
2024-04-11 00:00:00-04:00,2.0999999046325684,2.109999895095825,2.049999952316284,2.0799999237060547,28100,0.0,0.0
2024-04-12 00:00:00-04:00,2.0799999237060547,2.0799999237060547,1.9600000381469727,1.9900000095367432,32000,0.0,0.0
2024-04-15 00:00:00-04:00,1.9900000095367432,2.049999952316284,1.9500000476837158,1.9500000476837158,38100,0.0,0.0
2024-04-16 00:00:00-04:00,2.0199999809265137,2.0199999809265137,1.8600000143051147,1.899999976158142,45700,0.0,0.0
2024-04-17 00:00:00-04:00,1.9500000476837158,2.0199999809265137,1.8799999952316284,1.8899999856948853,29000,0.0,0.0
2024-04-18 00:00:00-04:00,1.9600000381469727,1.9900000095367432,1.8799999952316284,1.8899999856948853,5700,0.0,0.0
2024-04-19 00:00:00-04:00,1.8799999952316284,1.9800000190734863,1.8600000143051147,1.8600000143051147,10300,0.0,0.0
2024-04-22 00:00:00-04:00,1.8700000047683716,1.9299999475479126,1.8600000143051147,1.8799999952316284,19000,0.0,0.0
2024-04-23 00:00:00-04:00,1.8700000047683716,1.8899999856948853,1.8600000143051147,1.8799999952316284,20700,0.0,0.0
2024-04-24 00:00:00-04:00,1.8899999856948853,1.9299999475479126,1.8600000143051147,1.9199999570846558,14800,0.0,0.0
2024-04-25 00:00:00-04:00,1.8799999952316284,1.909999966621399,1.8700000047683716,1.8700000047683716,10600,0.0,0.0
2024-04-26 00:00:00-04:00,1.8700000047683716,1.899999976158142,1.8600000143051147,1.8600000143051147,6200,0.0,0.0
2024-04-29 00:00:00-04:00,1.8799999952316284,1.9299999475479126,1.8600000143051147,1.8899999856948853,31800,0.0,0.0
2024-04-30 00:00:00-04:00,1.909999966621399,1.9500000476837158,1.850000023841858,1.8799999952316284,15700,0.0,0.0
2024-05-01 00:00:00-04:00,1.8899999856948853,1.909999966621399,1.850000023841858,1.8899999856948853,9200,0.0,0.0
2024-05-02 00:00:00-04:00,1.8700000047683716,1.9199999570846558,1.8700000047683716,1.899999976158142,7100,0.0,0.0
2024-05-03 00:00:00-04:00,1.899999976158142,1.9199999570846558,1.840000033378601,1.8799999952316284,24600,0.0,0.0
2024-05-06 00:00:00-04:00,1.899999976158142,1.9800000190734863,1.8600000143051147,1.9600000381469727,14800,0.0,0.0
2024-05-07 00:00:00-04:00,1.9800000190734863,2.009999990463257,1.8899999856948853,1.9600000381469727,16700,0.0,0.0
2024-05-08 00:00:00-04:00,1.9900000095367432,2.0299999713897705,1.9900000095367432,2.0299999713897705,7100,0.0,0.0
2024-05-09 00:00:00-04:00,2.0199999809265137,2.0299999713897705,1.9700000286102295,2.0299999713897705,14800,0.0,0.0
2024-05-10 00:00:00-04:00,2.009999990463257,2.0299999713897705,2.0,2.0299999713897705,7400,0.0,0.0
2024-05-13 00:00:00-04:00,2.0199999809265137,2.0799999237060547,2.0,2.0799999237060547,10200,0.0,0.0
2024-05-14 00:00:00-04:00,2.069999933242798,2.0999999046325684,2.0299999713897705,2.0399999618530273,14900,0.0,0.0
2024-05-15 00:00:00-04:00,2.049999952316284,2.0999999046325684,2.0299999713897705,2.0899999141693115,10000,0.0,0.0
2024-05-16 00:00:00-04:00,2.069999933242798,2.130000114440918,2.049999952316284,2.119999885559082,19900,0.0,0.0
2024-05-17 00:00:00-04:00,2.130000114440918,2.25,2.0899999141693115,2.2200000286102295,22200,0.0,0.0
2024-05-20 00:00:00-04:00,2.1700000762939453,2.190000057220459,2.130000114440918,2.140000104904175,15500,0.0,0.0
2024-05-21 00:00:00-04:00,2.140000104904175,2.140000104904175,2.049999952316284,2.0899999141693115,5400,0.0,0.0
2024-05-22 00:00:00-04:00,2.0999999046325684,2.1700000762939453,2.059999942779541,2.140000104904175,6000,0.0,0.0
2024-05-23 00:00:00-04:00,2.059999942779541,2.140000104904175,2.059999942779541,2.109999895095825,18400,0.0,0.0
2024-05-24 00:00:00-04:00,2.0799999237060547,2.140000104904175,2.0799999237060547,2.140000104904175,8100,0.0,0.0
2024-05-28 00:00:00-04:00,2.140000104904175,2.200000047683716,2.0799999237060547,2.200000047683716,11400,0.0,0.0
2024-05-29 00:00:00-04:00,2.0899999141693115,2.190000057220459,2.0899999141693115,2.180000066757202,5700,0.0,0.0
2024-05-30 00:00:00-04:00,2.180000066757202,2.200000047683716,2.119999885559082,2.130000114440918,11400,0.0,0.0
2024-05-31 00:00:00-04:00,2.109999895095825,2.2200000286102295,2.0999999046325684,2.2200000286102295,10500,0.0,0.0
2024-06-03 00:00:00-04:00,2.2200000286102295,2.2200000286102295,2.119999885559082,2.2100000381469727,12100,0.0,0.0
2024-06-04 00:00:00-04:00,2.200000047683716,2.200000047683716,2.109999895095825,2.1700000762939453,7700,0.0,0.0
2024-06-05 00:00:00-04:00,2.140000104904175,2.2200000286102295,2.049999952316284,2.0999999046325684,26400,0.0,0.0
2024-06-06 00:00:00-04:00,2.0999999046325684,2.109999895095825,2.0399999618530273,2.0999999046325684,7800,0.0,0.0
2024-06-07 00:00:00-04:00,2.059999942779541,2.140000104904175,2.0199999809265137,2.0999999046325684,6600,0.0,0.0
2024-06-10 00:00:00-04:00,2.0899999141693115,2.1700000762939453,2.049999952316284,2.0799999237060547,11600,0.0,0.0
2024-06-11 00:00:00-04:00,2.059999942779541,2.0899999141693115,2.0,2.0799999237060547,13300,0.0,0.0
2024-06-12 00:00:00-04:00,2.069999933242798,2.0899999141693115,2.0199999809265137,2.049999952316284,10900,0.0,0.0
2024-06-13 00:00:00-04:00,2.0299999713897705,2.049999952316284,1.9600000381469727,1.9800000190734863,14700,0.0,0.0
2024-06-14 00:00:00-04:00,1.9800000190734863,2.049999952316284,1.9800000190734863,2.0299999713897705,10700,0.0,0.0
2024-06-17 00:00:00-04:00,2.0299999713897705,2.0399999618530273,1.9600000381469727,1.9900000095367432,14800,0.0,0.0
2024-06-18 00:00:00-04:00,1.9700000286102295,2.0,1.8600000143051147,1.8600000143051147,19200,0.0,0.0
2024-06-20 00:00:00-04:00,1.9500000476837158,1.9600000381469727,1.850000023841858,1.850000023841858,16800,0.0,0.0
2024-06-21 00:00:00-04:00,1.840000033378601,1.9299999475479126,1.840000033378601,1.9199999570846558,36300,0.0,0.0
2024-06-24 00:00:00-04:00,1.909999966621399,1.9199999570846558,1.809999942779541,1.809999942779541,25500,0.0,0.0
2024-06-25 00:00:00-04:00,1.809999942779541,1.8700000047683716,1.809999942779541,1.809999942779541,8200,0.0,0.0
2024-06-26 00:00:00-04:00,1.8200000524520874,1.8600000143051147,1.7200000286102295,1.7200000286102295,12400,0.0,0.0
2024-06-27 00:00:00-04:00,1.7100000381469727,1.840000033378601,1.6699999570846558,1.7400000095367432,62500,0.0,0.0
2024-06-28 00:00:00-04:00,1.75,1.8300000429153442,1.6100000143051147,1.6100000143051147,37600,0.0,0.0
2024-07-01 00:00:00-04:00,1.690000057220459,1.8200000524520874,1.659999966621399,1.7100000381469727,26200,0.0,0.0
2024-07-02 00:00:00-04:00,1.7100000381469727,1.75,1.649999976158142,1.659999966621399,33900,0.0,0.0
2024-07-03 00:00:00-04:00,1.649999976158142,1.75,1.5700000524520874,1.5700000524520874,10500,0.0,0.0
2024-07-05 00:00:00-04:00,1.5700000524520874,1.5700000524520874,1.4299999475479126,1.5099999904632568,50800,0.0,0.0
2024-07-08 00:00:00-04:00,1.5,1.7300000190734863,1.4800000190734863,1.7000000476837158,33300,0.0,0.0
2024-07-09 00:00:00-04:00,1.7899999618530273,1.840000033378601,1.7599999904632568,1.7799999713897705,27100,0.0,0.0
2024-07-10 00:00:00-04:00,1.809999942779541,1.809999942779541,1.7000000476837158,1.75,8800,0.0,0.0
2024-07-11 00:00:00-04:00,1.7699999809265137,1.8300000429153442,1.7100000381469727,1.7799999713897705,12100,0.0,0.0
2024-07-12 00:00:00-04:00,1.8300000429153442,1.8700000047683716,1.7899999618530273,1.850000023841858,32500,0.0,0.0
2024-07-15 00:00:00-04:00,1.850000023841858,1.850000023841858,1.7999999523162842,1.8300000429153442,12700,0.0,0.0
2024-07-16 00:00:00-04:00,1.850000023841858,1.909999966621399,1.8200000524520874,1.8700000047683716,8000,0.0,0.0
2024-07-17 00:00:00-04:00,1.850000023841858,1.899999976158142,1.7699999809265137,1.7999999523162842,9900,0.0,0.0
2024-07-18 00:00:00-04:00,1.7699999809265137,1.8899999856948853,1.7699999809265137,1.809999942779541,5200,0.0,0.0
2024-07-19 00:00:00-04:00,1.809999942779541,1.8799999952316284,1.809999942779541,1.840000033378601,6800,0.0,0.0
2024-07-22 00:00:00-04:00,1.8799999952316284,1.8799999952316284,1.75,1.7799999713897705,17400,0.0,0.0
2024-07-23 00:00:00-04:00,1.7400000095367432,1.8200000524520874,1.7200000286102295,1.7899999618530273,8900,0.0,0.0
2024-07-24 00:00:00-04:00,1.809999942779541,1.809999942779541,1.7799999713897705,1.7999999523162842,9900,0.0,0.0
2024-07-25 00:00:00-04:00,1.7999999523162842,1.7999999523162842,1.7100000381469727,1.7899999618530273,8200,0.0,0.0
2024-07-26 00:00:00-04:00,1.8300000429153442,1.840000033378601,1.7200000286102295,1.8300000429153442,7400,0.0,0.0
2024-07-29 00:00:00-04:00,1.7899999618530273,1.840000033378601,1.7300000190734863,1.7300000190734863,8400,0.0,0.0
2024-07-30 00:00:00-04:00,1.75,1.7899999618530273,1.75,1.7799999713897705,4000,0.0,0.0
2024-07-31 00:00:00-04:00,1.7699999809265137,1.7699999809265137,1.7400000095367432,1.75,6700,0.0,0.0
2024-08-01 00:00:00-04:00,1.7300000190734863,1.75,1.659999966621399,1.6799999475479126,15700,0.0,0.0
2024-08-02 00:00:00-04:00,1.6299999952316284,1.75,1.5800000429153442,1.600000023841858,12000,0.0,0.0
2024-08-05 00:00:00-04:00,1.5399999618530273,1.8799999952316284,1.5099999904632568,1.690000057220459,51200,0.0,0.0
2024-08-06 00:00:00-04:00,1.7899999618530273,1.809999942779541,1.5700000524520874,1.7400000095367432,34100,0.0,0.0
2024-08-07 00:00:00-04:00,1.7699999809265137,1.7699999809265137,1.7100000381469727,1.7300000190734863,3700,0.0,0.0
2024-08-08 00:00:00-04:00,1.6399999856948853,1.8300000429153442,1.6399999856948853,1.8300000429153442,23400,0.0,0.0
2024-08-09 00:00:00-04:00,1.7400000095367432,1.7699999809265137,1.7000000476837158,1.7300000190734863,10700,0.0,0.0
2024-08-12 00:00:00-04:00,1.7400000095367432,1.75,1.649999976158142,1.6699999570846558,11300,0.0,0.0
2024-08-13 00:00:00-04:00,1.75,1.8200000524520874,1.6799999475479126,1.7100000381469727,11200,0.0,0.0
2024-08-14 00:00:00-04:00,1.690000057220459,1.690000057220459,1.6100000143051147,1.6299999952316284,11000,0.0,0.0
2024-08-15 00:00:00-04:00,1.659999966621399,1.6799999475479126,1.600000023841858,1.6100000143051147,8600,0.0,0.0
2024-08-16 00:00:00-04:00,1.600000023841858,1.6699999570846558,1.600000023841858,1.659999966621399,9500,0.0,0.0
2024-08-19 00:00:00-04:00,1.649999976158142,1.6699999570846558,1.6100000143051147,1.649999976158142,8500,0.0,0.0
2024-08-20 00:00:00-04:00,1.649999976158142,1.7100000381469727,1.6100000143051147,1.649999976158142,26000,0.0,0.0
2024-08-21 00:00:00-04:00,1.6399999856948853,1.7100000381469727,1.6399999856948853,1.690000057220459,17600,0.0,0.0
2024-08-22 00:00:00-04:00,1.7100000381469727,1.7999999523162842,1.649999976158142,1.75,24100,0.0,0.0
2024-08-23 00:00:00-04:00,1.7899999618530273,1.8200000524520874,1.7300000190734863,1.7699999809265137,17500,0.0,0.0
2024-08-26 00:00:00-04:00,1.75,1.899999976158142,1.75,1.8899999856948853,51400,0.0,0.0
2024-08-27 00:00:00-04:00,1.9299999475479126,1.9500000476837158,1.8799999952316284,1.9199999570846558,12400,0.0,0.0
2024-08-28 00:00:00-04:00,1.9199999570846558,1.940000057220459,1.8799999952316284,1.940000057220459,5600,0.0,0.0
2024-08-29 00:00:00-04:00,1.940000057220459,1.9500000476837158,1.840000033378601,1.8799999952316284,7000,0.0,0.0
2024-08-30 00:00:00-04:00,1.8799999952316284,1.9500000476837158,1.8700000047683716,1.8899999856948853,5300,0.0,0.0
2024-09-03 00:00:00-04:00,1.8600000143051147,1.8600000143051147,1.7200000286102295,1.7899999618530273,10100,0.0,0.0
2024-09-04 00:00:00-04:00,1.7799999713897705,1.8300000429153442,1.7599999904632568,1.7599999904632568,10100,0.0,0.0
2024-09-05 00:00:00-04:00,1.75,1.8799999952316284,1.75,1.7799999713897705,25300,0.0,0.0
2024-09-06 00:00:00-04:00,1.8200000524520874,1.8700000047683716,1.7300000190734863,1.7300000190734863,18100,0.0,0.0
2024-09-09 00:00:00-04:00,1.7200000286102295,1.7899999618530273,1.7200000286102295,1.7899999618530273,4900,0.0,0.0
2024-09-10 00:00:00-04:00,1.8200000524520874,1.8200000524520874,1.7100000381469727,1.75,3800,0.0,0.0
2024-09-11 00:00:00-04:00,1.7300000190734863,1.809999942779541,1.649999976158142,1.7799999713897705,5800,0.0,0.0
2024-09-12 00:00:00-04:00,1.7699999809265137,1.8200000524520874,1.7599999904632568,1.7899999618530273,2800,0.0,0.0
2024-09-13 00:00:00-04:00,1.7599999904632568,1.840000033378601,1.7000000476837158,1.7899999618530273,15700,0.0,0.0
2024-09-16 00:00:00-04:00,1.7999999523162842,1.840000033378601,1.7100000381469727,1.7100000381469727,13500,0.0,0.0
2024-09-17 00:00:00-04:00,1.7400000095367432,1.7699999809265137,1.7200000286102295,1.7200000286102295,3600,0.0,0.0
2024-09-18 00:00:00-04:00,1.7300000190734863,1.7400000095367432,1.659999966621399,1.659999966621399,8600,0.0,0.0
2024-09-19 00:00:00-04:00,1.690000057220459,1.7400000095367432,1.6799999475479126,1.7200000286102295,9000,0.0,0.0
2024-09-20 00:00:00-04:00,1.7100000381469727,1.7100000381469727,1.649999976158142,1.7100000381469727,34000,0.0,0.0
2024-09-23 00:00:00-04:00,1.690000057220459,1.690000057220459,1.659999966621399,1.690000057220459,4900,0.0,0.0
2024-09-24 00:00:00-04:00,1.6699999570846558,1.690000057220459,1.649999976158142,1.6699999570846558,4500,0.0,0.0
2024-09-25 00:00:00-04:00,1.6399999856948853,1.690000057220459,1.559999942779541,1.600000023841858,27200,0.0,0.0
2024-09-26 00:00:00-04:00,1.5800000429153442,1.7000000476837158,1.559999942779541,1.649999976158142,23600,0.0,0.0
2024-09-27 00:00:00-04:00,1.6699999570846558,1.6699999570846558,1.600000023841858,1.6399999856948853,9300,0.0,0.0
2024-09-30 00:00:00-04:00,1.659999966621399,1.6799999475479126,1.6399999856948853,1.659999966621399,6200,0.0,0.0
2024-10-01 00:00:00-04:00,1.649999976158142,1.6799999475479126,1.590000033378601,1.6399999856948853,31000,0.0,0.0
2024-10-02 00:00:00-04:00,1.659999966621399,1.6799999475479126,1.559999942779541,1.649999976158142,19000,0.0,0.0
2024-10-03 00:00:00-04:00,1.659999966621399,1.659999966621399,1.5800000429153442,1.600000023841858,11900,0.0,0.0
2024-10-04 00:00:00-04:00,1.600000023841858,1.649999976158142,1.600000023841858,1.6399999856948853,5000,0.0,0.0
2024-10-07 00:00:00-04:00,1.600000023841858,1.659999966621399,1.590000033378601,1.659999966621399,10200,0.0,0.0
2024-10-08 00:00:00-04:00,1.649999976158142,1.659999966621399,1.600000023841858,1.6200000047683716,9900,0.0,0.0
2024-10-09 00:00:00-04:00,1.6299999952316284,1.6399999856948853,1.5800000429153442,1.5800000429153442,8800,0.0,0.0
2024-10-10 00:00:00-04:00,1.590000033378601,1.600000023841858,1.5700000524520874,1.5800000429153442,6100,0.0,0.0
2024-10-11 00:00:00-04:00,1.5800000429153442,1.6200000047683716,1.559999942779541,1.5800000429153442,6500,0.0,0.0
2024-10-14 00:00:00-04:00,1.5800000429153442,1.590000033378601,1.5199999809265137,1.5199999809265137,15400,0.0,0.0
2024-10-15 00:00:00-04:00,1.5199999809265137,1.590000033378601,1.5199999809265137,1.5299999713897705,7400,0.0,0.0
2024-10-16 00:00:00-04:00,1.590000033378601,1.590000033378601,1.5299999713897705,1.5800000429153442,15400,0.0,0.0
2024-10-17 00:00:00-04:00,1.7100000381469727,1.7100000381469727,1.5499999523162842,1.5800000429153442,40300,0.0,0.0
2024-10-18 00:00:00-04:00,1.600000023841858,1.600000023841858,1.5700000524520874,1.600000023841858,8100,0.0,0.0
2024-10-21 00:00:00-04:00,1.6200000047683716,1.6200000047683716,1.559999942779541,1.5800000429153442,10200,0.0,0.0
2024-10-22 00:00:00-04:00,1.5700000524520874,1.6299999952316284,1.5700000524520874,1.5800000429153442,13900,0.0,0.0
2024-10-23 00:00:00-04:00,1.5800000429153442,1.590000033378601,1.5700000524520874,1.5800000429153442,7900,0.0,0.0
2024-10-24 00:00:00-04:00,1.600000023841858,1.600000023841858,1.5700000524520874,1.5800000429153442,8600,0.0,0.0
2024-10-25 00:00:00-04:00,1.5700000524520874,1.600000023841858,1.5700000524520874,1.590000033378601,8300,0.0,0.0
2024-10-28 00:00:00-04:00,1.590000033378601,1.590000033378601,1.559999942779541,1.5700000524520874,12100,0.0,0.0
2024-10-29 00:00:00-04:00,1.5800000429153442,1.600000023841858,1.559999942779541,1.5700000524520874,16500,0.0,0.0
2024-10-30 00:00:00-04:00,1.5800000429153442,1.590000033378601,1.5399999618530273,1.5499999523162842,19800,0.0,0.0
2024-10-31 00:00:00-04:00,1.5700000524520874,1.5700000524520874,1.5299999713897705,1.5499999523162842,20100,0.0,0.0
2024-11-01 00:00:00-04:00,1.5499999523162842,1.5499999523162842,1.5199999809265137,1.5499999523162842,9500,0.0,0.0
2024-11-04 00:00:00-05:00,1.5399999618530273,1.5700000524520874,1.5299999713897705,1.5499999523162842,11600,0.0,0.0
2024-11-05 00:00:00-05:00,1.559999942779541,1.5700000524520874,1.5199999809265137,1.5399999618530273,8600,0.0,0.0
2024-11-06 00:00:00-05:00,1.5499999523162842,1.5800000429153442,1.5299999713897705,1.5399999618530273,15300,0.0,0.0
2024-11-07 00:00:00-05:00,1.5299999713897705,1.5700000524520874,1.5199999809265137,1.5199999809265137,13900,0.0,0.0
2024-11-08 00:00:00-05:00,1.5199999809265137,1.5399999618530273,1.4700000286102295,1.5199999809265137,14300,0.0,0.0
2024-11-11 00:00:00-05:00,1.5499999523162842,1.5499999523162842,1.5,1.5199999809265137,35800,0.0,0.0
2024-11-12 00:00:00-05:00,1.5199999809265137,1.5499999523162842,1.4800000190734863,1.5,25000,0.0,0.0
2024-11-13 00:00:00-05:00,1.4900000095367432,1.5499999523162842,1.4800000190734863,1.5,31900,0.0,0.0
2024-11-14 00:00:00-05:00,1.4900000095367432,1.5199999809265137,1.4500000476837158,1.4600000381469727,37500,0.0,0.0
2024-11-15 00:00:00-05:00,1.4600000381469727,1.4800000190734863,1.3600000143051147,1.399999976158142,26500,0.0,0.0
2024-11-18 00:00:00-05:00,1.399999976158142,1.4500000476837158,1.149999976158142,1.2899999618530273,85000,0.0,0.0
2024-11-19 00:00:00-05:00,1.350000023841858,1.3799999952316284,1.2999999523162842,1.2999999523162842,28100,0.0,0.0
2024-11-20 00:00:00-05:00,1.3799999952316284,1.4500000476837158,1.2999999523162842,1.340000033378601,22700,0.0,0.0
2024-11-21 00:00:00-05:00,1.3200000524520874,1.3799999952316284,1.3200000524520874,1.3300000429153442,13200,0.0,0.0
2024-11-22 00:00:00-05:00,1.350000023841858,1.399999976158142,1.350000023841858,1.3700000047683716,25100,0.0,0.0
2024-11-25 00:00:00-05:00,1.3600000143051147,1.440000057220459,1.3600000143051147,1.3899999856948853,21400,0.0,0.0
2024-11-26 00:00:00-05:00,1.399999976158142,1.4199999570846558,1.3899999856948853,1.399999976158142,10700,0.0,0.0
2024-11-27 00:00:00-05:00,1.409999966621399,1.4199999570846558,1.399999976158142,1.409999966621399,6800,0.0,0.0
2024-11-29 00:00:00-05:00,1.409999966621399,1.4299999475479126,1.409999966621399,1.4199999570846558,7800,0.0,0.0
2024-12-02 00:00:00-05:00,1.3799999952316284,1.4199999570846558,1.3700000047683716,1.3700000047683716,26200,0.0,0.0
2024-12-03 00:00:00-05:00,1.3700000047683716,1.3700000047683716,1.309999942779541,1.350000023841858,14300,0.0,0.0
2024-12-04 00:00:00-05:00,1.3300000429153442,1.3700000047683716,1.3200000524520874,1.3200000524520874,13300,0.0,0.0
2024-12-05 00:00:00-05:00,1.309999942779541,1.340000033378601,1.25,1.2599999904632568,27100,0.0,0.0
2024-12-06 00:00:00-05:00,1.2599999904632568,1.2899999618530273,1.2200000286102295,1.2300000190734863,17800,0.0,0.0
2024-12-09 00:00:00-05:00,1.2400000095367432,1.2999999523162842,1.2300000190734863,1.2999999523162842,18800,0.0,0.0
2024-12-10 00:00:00-05:00,1.2899999618530273,1.2899999618530273,1.25,1.2599999904632568,5800,0.0,0.0
2024-12-11 00:00:00-05:00,1.2400000095367432,1.2999999523162842,1.2400000095367432,1.25,15100,0.0,0.0
2024-12-12 00:00:00-05:00,1.25,1.25,1.2400000095367432,1.25,8200,0.0,0.0
2024-12-13 00:00:00-05:00,1.2400000095367432,1.2599999904632568,1.2100000381469727,1.2200000286102295,8900,0.0,0.0
2024-12-16 00:00:00-05:00,1.2599999904632568,1.2599999904632568,1.149999976158142,1.1799999475479126,42600,0.0,0.0
2024-12-17 00:00:00-05:00,1.2000000476837158,1.2100000381469727,1.100000023841858,1.1399999856948853,32300,0.0,0.0
2024-12-18 00:00:00-05:00,1.1699999570846558,1.1799999475479126,1.100000023841858,1.100000023841858,30300,0.0,0.0
2024-12-19 00:00:00-05:00,1.090000033378601,1.149999976158142,1.0499999523162842,1.090000033378601,18900,0.0,0.0
2024-12-20 00:00:00-05:00,1.100000023841858,1.159999966621399,1.0800000429153442,1.1100000143051147,40400,0.0,0.0
2024-12-23 00:00:00-05:00,1.1100000143051147,1.1399999856948853,1.059999942779541,1.100000023841858,50000,0.0,0.0
2024-12-24 00:00:00-05:00,1.090000033378601,1.149999976158142,1.090000033378601,1.1100000143051147,8500,0.0,0.0
2024-12-26 00:00:00-05:00,1.090000033378601,1.1200000047683716,1.059999942779541,1.090000033378601,36200,0.0,0.0
2024-12-27 00:00:00-05:00,1.0700000524520874,1.100000023841858,1.0700000524520874,1.090000033378601,31100,0.0,0.0
2024-12-30 00:00:00-05:00,1.100000023841858,1.1100000143051147,1.0199999809265137,1.0299999713897705,63000,0.0,0.0
2024-12-31 00:00:00-05:00,1.0399999618530273,1.090000033378601,0.699999988079071,0.8600000143051147,572700,0.0,0.0
2025-01-02 00:00:00-05:00,0.9399999976158142,1.7999999523162842,0.8999999761581421,1.5700000524520874,7409300,0.0,0.0
2025-01-03 00:00:00-05:00,1.7999999523162842,2.440000057220459,1.350000023841858,1.4700000286102295,7497500,0.0,0.0
2025-01-06 00:00:00-05:00,1.440000057220459,1.5399999618530273,1.1699999570846558,1.25,696600,0.0,0.0
2025-01-07 00:00:00-05:00,1.2899999618530273,1.3300000429153442,1.0800000429153442,1.1399999856948853,276500,0.0,0.0
2025-01-08 00:00:00-05:00,1.1799999475479126,1.1799999475479126,1.0399999618530273,1.1100000143051147,161200,0.0,0.0
2025-01-10 00:00:00-05:00,1.090000033378601,1.1299999952316284,1.0499999523162842,1.100000023841858,63100,0.0,0.0
2025-01-13 00:00:00-05:00,1.100000023841858,1.100000023841858,1.0299999713897705,1.0399999618530273,61800,0.0,0.0
2025-01-14 00:00:00-05:00,1.0,1.0700000524520874,0.9900000095367432,1.0,111000,0.0,0.0
2025-01-15 00:00:00-05:00,1.0299999713897705,1.1399999856948853,1.0299999713897705,1.1100000143051147,94100,0.0,0.0
2025-01-16 00:00:00-05:00,1.100000023841858,1.1299999952316284,1.0299999713897705,1.0399999618530273,81700,0.0,0.0
2025-01-17 00:00:00-05:00,1.0299999713897705,1.100000023841858,1.0199999809265137,1.059999942779541,60600,0.0,0.0
2025-01-21 00:00:00-05:00,1.0399999618530273,1.100000023841858,1.0399999618530273,1.0499999523162842,109100,0.0,0.0
2025-01-22 00:00:00-05:00,1.0399999618530273,1.0800000429153442,1.0199999809265137,1.0399999618530273,56200,0.0,0.0
2025-01-23 00:00:00-05:00,1.0499999523162842,1.0800000429153442,1.0199999809265137,1.0800000429153442,70200,0.0,0.0
2025-01-24 00:00:00-05:00,1.0700000524520874,1.1799999475479126,1.0399999618530273,1.149999976158142,127200,0.0,0.0
2025-01-27 00:00:00-05:00,1.159999966621399,1.1699999570846558,1.0800000429153442,1.159999966621399,67800,0.0,0.0
2025-01-28 00:00:00-05:00,1.1299999952316284,1.1399999856948853,1.0700000524520874,1.090000033378601,70700,0.0,0.0
2025-01-29 00:00:00-05:00,1.0800000429153442,1.100000023841858,1.059999942779541,1.0800000429153442,11600,0.0,0.0
2025-01-30 00:00:00-05:00,1.0700000524520874,1.100000023841858,1.059999942779541,1.0800000429153442,47400,0.0,0.0
2025-01-31 00:00:00-05:00,1.0700000524520874,1.1299999952316284,1.0700000524520874,1.0800000429153442,12600,0.0,0.0
2025-02-03 00:00:00-05:00,1.0399999618530273,1.059999942779541,1.0,1.0299999713897705,40300,0.0,0.0
2025-02-04 00:00:00-05:00,1.0199999809265137,1.0299999713897705,0.9900000095367432,0.9900000095367432,55500,0.0,0.0
2025-02-05 00:00:00-05:00,1.0,1.0399999618530273,1.0,1.0199999809265137,44100,0.0,0.0
2025-02-06 00:00:00-05:00,1.0199999809265137,1.090000033378601,1.0,1.0099999904632568,54000,0.0,0.0
2025-02-07 00:00:00-05:00,1.0099999904632568,1.0499999523162842,1.0,1.0199999809265137,17100,0.0,0.0
2025-02-10 00:00:00-05:00,1.0,1.0399999618530273,1.0,1.0099999904632568,22200,0.0,0.0
2025-02-11 00:00:00-05:00,1.0099999904632568,1.0499999523162842,1.0,1.0,18800,0.0,0.0
2025-02-12 00:00:00-05:00,1.0099999904632568,1.0499999523162842,1.0,1.0099999904632568,21800,0.0,0.0
2025-02-13 00:00:00-05:00,1.0099999904632568,1.0399999618530273,1.0,1.0299999713897705,26800,0.0,0.0
2025-02-14 00:00:00-05:00,1.0399999618530273,1.0499999523162842,1.0099999904632568,1.0299999713897705,37500,0.0,0.0
2025-02-18 00:00:00-05:00,1.0499999523162842,1.0800000429153442,1.0199999809265137,1.0199999809265137,28500,0.0,0.0
2025-02-19 00:00:00-05:00,1.0299999713897705,1.0499999523162842,1.0099999904632568,1.0199999809265137,21500,0.0,0.0
2025-02-20 00:00:00-05:00,1.0399999618530273,1.0399999618530273,0.949999988079071,1.0099999904632568,34700,0.0,0.0
2025-02-21 00:00:00-05:00,1.0499999523162842,1.659999966621399,1.0199999809265137,1.2999999523162842,13999200,0.0,0.0
2025-02-24 00:00:00-05:00,1.2000000476837158,1.3700000047683716,0.9900000095367432,1.0,649400,0.0,0.0
2025-02-25 00:00:00-05:00,0.9900000095367432,1.0399999618530273,0.8399999737739563,0.949999988079071,302100,0.0,0.0
2025-02-26 00:00:00-05:00,0.9300000071525574,0.949999988079071,0.8500000238418579,0.8600000143051147,122200,0.0,0.0
2025-02-27 00:00:00-05:00,0.8799999952316284,0.949999988079071,0.8700000047683716,0.8700000047683716,109500,0.0,0.0
2025-02-28 00:00:00-05:00,0.8700000047683716,0.9700000286102295,0.8500000238418579,0.9300000071525574,188000,0.0,0.0
2025-03-03 00:00:00-05:00,0.9300000071525574,0.9599999785423279,0.8600000143051147,0.8700000047683716,97000,0.0,0.0
2025-03-04 00:00:00-05:00,0.8199999928474426,0.8999999761581421,0.7400000095367432,0.8700000047683716,223500,0.0,0.0
2025-03-05 00:00:00-05:00,0.8700000047683716,0.8899999856948853,0.8500000238418579,0.8700000047683716,58100,0.0,0.0
2025-03-06 00:00:00-05:00,0.8500000238418579,0.8899999856948853,0.8100000023841858,0.8600000143051147,55400,0.0,0.0
2025-03-07 00:00:00-05:00,0.8500000238418579,0.9100000262260437,0.8399999737739563,0.8700000047683716,57400,0.0,0.0
2025-03-10 00:00:00-04:00,0.8700000047683716,0.8700000047683716,0.7900000214576721,0.800000011920929,102900,0.0,0.0
2025-03-11 00:00:00-04:00,0.7900000214576721,0.8100000023841858,0.7599999904632568,0.7599999904632568,25300,0.0,0.0
2025-03-12 00:00:00-04:00,0.7900000214576721,0.7900000214576721,0.75,0.7699999809265137,26600,0.0,0.0
2025-03-13 00:00:00-04:00,0.7699999809265137,0.800000011920929,0.7200000286102295,0.7400000095367432,106200,0.0,0.0
2025-03-14 00:00:00-04:00,0.7300000190734863,0.800000011920929,0.7200000286102295,0.7300000190734863,46000,0.0,0.0
2025-03-17 00:00:00-04:00,0.7200000286102295,0.7699999809265137,0.7200000286102295,0.7699999809265137,32700,0.0,0.0
2025-03-18 00:00:00-04:00,0.75,0.800000011920929,0.7400000095367432,0.7400000095367432,20700,0.0,0.0
2025-03-19 00:00:00-04:00,0.75,0.8500000238418579,0.7400000095367432,0.8199999928474426,36200,0.0,0.0
2025-03-20 00:00:00-04:00,0.8199999928474426,0.8799999952316284,0.8199999928474426,0.8399999737739563,15900,0.0,0.0
2025-03-21 00:00:00-04:00,0.8700000047683716,0.8899999856948853,0.8199999928474426,0.8899999856948853,73000,0.0,0.0
2025-03-24 00:00:00-04:00,0.8899999856948853,0.8999999761581421,0.8299999833106995,0.8700000047683716,50200,0.0,0.0
2025-03-25 00:00:00-04:00,0.8500000238418579,0.9200000166893005,0.8500000238418579,0.9100000262260437,86200,0.0,0.0
2025-03-26 00:00:00-04:00,0.9200000166893005,1.149999976158142,0.9200000166893005,1.0099999904632568,177500,0.0,0.0
2025-03-27 00:00:00-04:00,0.9900000095367432,1.100000023841858,0.9800000190734863,1.0499999523162842,56200,0.0,0.0
2025-03-28 00:00:00-04:00,1.0199999809265137,1.0700000524520874,0.9599999785423279,0.9800000190734863,47400,0.0,0.0
2025-03-31 00:00:00-04:00,0.9599999785423279,0.9700000286102295,0.9200000166893005,0.9300000071525574,29300,0.0,0.0
2025-04-01 00:00:00-04:00,0.9200000166893005,0.9800000190734863,0.9200000166893005,0.9800000190734863,27200,0.0,0.0
2025-04-02 00:00:00-04:00,0.9700000286102295,1.0299999713897705,0.9200000166893005,1.0,85900,0.0,0.0
2025-04-03 00:00:00-04:00,0.9800000190734863,1.0299999713897705,0.9399999976158142,0.9700000286102295,25700,0.0,0.0
2025-04-04 00:00:00-04:00,0.949999988079071,0.9700000286102295,0.8600000143051147,0.8799999952316284,33300,0.0,0.0
2025-04-07 00:00:00-04:00,0.8999999761581421,0.9100000262260437,0.8700000047683716,0.8999999761581421,20300,0.0,0.0
2025-04-08 00:00:00-04:00,0.8899999856948853,0.9100000262260437,0.8399999737739563,0.8799999952316284,28100,0.0,0.0
2025-04-09 00:00:00-04:00,0.8399999737739563,0.8999999761581421,0.8399999737739563,0.8899999856948853,30700,0.0,0.0
2025-04-10 00:00:00-04:00,0.8600000143051147,0.8999999761581421,0.8399999737739563,0.8799999952316284,17200,0.0,0.0
2025-04-11 00:00:00-04:00,0.8799999952316284,0.9900000095367432,0.8600000143051147,0.9900000095367432,25600,0.0,0.0
2025-04-14 00:00:00-04:00,1.0099999904632568,1.059999942779541,0.9700000286102295,1.0299999713897705,28300,0.0,0.0
2025-04-15 00:00:00-04:00,1.0299999713897705,1.100000023841858,1.0099999904632568,1.0399999618530273,49400,0.0,0.0
2025-04-16 00:00:00-04:00,1.0399999618530273,1.0399999618530273,0.9300000071525574,0.9900000095367432,14700,0.0,0.0
2025-04-17 00:00:00-04:00,1.0199999809265137,1.0299999713897705,0.949999988079071,1.0099999904632568,11100,0.0,0.0
2025-04-21 00:00:00-04:00,0.9700000286102295,1.0,0.9700000286102295,1.0,13800,0.0,0.0
2025-04-22 00:00:00-04:00,0.9900000095367432,1.149999976158142,0.9900000095367432,1.1100000143051147,65200,0.0,0.0
2025-04-23 00:00:00-04:00,1.100000023841858,1.149999976158142,1.0099999904632568,1.0800000429153442,56600,0.0,0.0
2025-04-24 00:00:00-04:00,1.059999942779541,1.1399999856948853,1.059999942779541,1.1399999856948853,32100,0.0,0.0
2025-04-25 00:00:00-04:00,1.1100000143051147,1.1799999475479126,1.0800000429153442,1.149999976158142,55300,0.0,0.0
2025-04-28 00:00:00-04:00,1.1299999952316284,1.2300000190734863,1.1100000143051147,1.2200000286102295,49300,0.0,0.0
2025-04-29 00:00:00-04:00,1.159999966621399,1.2400000095367432,1.159999966621399,1.2300000190734863,49100,0.0,0.0
2025-04-30 00:00:00-04:00,1.2300000190734863,1.2699999809265137,1.2000000476837158,1.2400000095367432,34600,0.0,0.0
2025-05-01 00:00:00-04:00,1.25,1.4800000190734863,1.25,1.3899999856948853,191600,0.0,0.0
2025-05-02 00:00:00-04:00,1.399999976158142,1.4700000286102295,1.350000023841858,1.4199999570846558,85500,0.0,0.0
2025-05-05 00:00:00-04:00,1.4199999570846558,1.5399999618530273,1.3200000524520874,1.4299999475479126,113000,0.0,0.0
2025-05-06 00:00:00-04:00,1.409999966621399,1.4600000381469727,1.409999966621399,1.409999966621399,21600,0.0,0.0
2025-05-07 00:00:00-04:00,1.3899999856948853,1.4500000476837158,1.3799999952316284,1.3799999952316284,14000,0.0,0.0
2025-05-08 00:00:00-04:00,1.3799999952316284,1.4700000286102295,1.350000023841858,1.399999976158142,39600,0.0,0.0
2025-05-09 00:00:00-04:00,1.4199999570846558,1.4700000286102295,1.399999976158142,1.4600000381469727,22900,0.0,0.0
2025-05-12 00:00:00-04:00,1.4600000381469727,1.5299999713897705,1.4600000381469727,1.4800000190734863,35700,0.0,0.0
2025-05-13 00:00:00-04:00,1.4800000190734863,1.5199999809265137,1.4800000190734863,1.5199999809265137,32500,0.0,0.0
2025-05-14 00:00:00-04:00,1.5099999904632568,1.5399999618530273,1.4600000381469727,1.4600000381469727,23200,0.0,0.0
2025-05-15 00:00:00-04:00,1.4600000381469727,1.5,1.399999976158142,1.4600000381469727,7300,0.0,0.0
2025-05-16 00:00:00-04:00,1.4199999570846558,1.5199999809265137,1.4199999570846558,1.5,43500,0.0,0.0
2025-05-19 00:00:00-04:00,1.5,1.5299999713897705,1.4700000286102295,1.4800000190734863,44600,0.0,0.0
2025-05-20 00:00:00-04:00,1.4900000095367432,1.4900000095367432,1.4600000381469727,1.4900000095367432,11000,0.0,0.0
2025-05-21 00:00:00-04:00,1.5,1.5,1.4199999570846558,1.4600000381469727,16400,0.0,0.0
2025-05-22 00:00:00-04:00,1.4700000286102295,1.5099999904632568,1.409999966621399,1.4500000476837158,13100,0.0,0.0
2025-05-23 00:00:00-04:00,1.4199999570846558,1.4900000095367432,1.4199999570846558,1.4500000476837158,14100,0.0,0.0
2025-05-27 00:00:00-04:00,1.4700000286102295,1.5,1.4199999570846558,1.4900000095367432,10000,0.0,0.0
2025-05-28 00:00:00-04:00,1.4800000190734863,1.4900000095367432,1.440000057220459,1.4500000476837158,21100,0.0,0.0
2025-05-29 00:00:00-04:00,1.440000057220459,1.5099999904632568,1.4299999475479126,1.4800000190734863,26200,0.0,0.0
2025-05-30 00:00:00-04:00,1.4900000095367432,1.5,1.4500000476837158,1.4600000381469727,30500,0.0,0.0
2025-06-02 00:00:00-04:00,1.440000057220459,1.4700000286102295,1.059999942779541,1.100000023841858,335500,0.0,0.0
2025-06-03 00:00:00-04:00,1.1399999856948853,1.1799999475479126,1.0,1.0800000429153442,264000,0.0,0.0
2025-06-04 00:00:00-04:00,1.059999942779541,1.149999976158142,1.059999942779541,1.1299999952316284,78700,0.0,0.0
2025-06-05 00:00:00-04:00,1.1399999856948853,1.1799999475479126,1.100000023841858,1.1100000143051147,41200,0.0,0.0
2025-06-06 00:00:00-04:00,1.1299999952316284,1.3600000143051147,1.1299999952316284,1.25,151400,0.0,0.0
2025-06-09 00:00:00-04:00,1.2100000381469727,1.3300000429153442,1.1699999570846558,1.25,56100,0.0,0.0
2025-06-10 00:00:00-04:00,1.2400000095367432,1.2999999523162842,1.159999966621399,1.2100000381469727,58700,0.0,0.0
2025-06-11 00:00:00-04:00,1.190000057220459,1.2599999904632568,1.1699999570846558,1.2000000476837158,14000,0.0,0.0
2025-06-12 00:00:00-04:00,1.2000000476837158,1.2300000190734863,1.1699999570846558,1.2000000476837158,10600,0.0,0.0
2025-06-13 00:00:00-04:00,1.2100000381469727,1.2100000381469727,1.1699999570846558,1.1699999570846558,13900,0.0,0.0
2025-06-16 00:00:00-04:00,1.159999966621399,1.159999966621399,1.0800000429153442,1.0800000429153442,45100,0.0,0.0
2025-06-17 00:00:00-04:00,1.0800000429153442,1.149999976158142,1.0700000524520874,1.1200000047683716,48700,0.0,0.0
2025-06-18 00:00:00-04:00,1.2200000286102295,1.2200000286102295,1.0800000429153442,1.0800000429153442,73300,0.0,0.0
2025-06-20 00:00:00-04:00,1.090000033378601,1.1299999952316284,1.0800000429153442,1.090000033378601,22800,0.0,0.0
2025-06-23 00:00:00-04:00,1.100000023841858,1.159999966621399,1.0800000429153442,1.1100000143051147,17900,0.0,0.0
2025-06-24 00:00:00-04:00,1.100000023841858,1.2000000476837158,1.100000023841858,1.1799999475479126,48000,0.0,0.0
2025-06-25 00:00:00-04:00,1.1799999475479126,1.2300000190734863,1.149999976158142,1.190000057220459,18700,0.0,0.0
2025-06-26 00:00:00-04:00,1.2300000190734863,1.2300000190734863,1.1100000143051147,1.1699999570846558,58000,0.0,0.0
2025-06-27 00:00:00-04:00,1.1799999475479126,1.190000057220459,1.1100000143051147,1.1200000047683716,27900,0.0,0.0
2025-06-30 00:00:00-04:00,1.1100000143051147,1.2100000381469727,1.1100000143051147,1.159999966621399,70400,0.0,0.0
2025-07-01 00:00:00-04:00,1.2000000476837158,1.2000000476837158,0.9800000190734863,1.1299999952316284,94200,0.0,0.0
2025-07-02 00:00:00-04:00,1.1100000143051147,1.159999966621399,1.090000033378601,1.1399999856948853,21300,0.0,0.0
2025-07-03 00:00:00-04:00,1.149999976158142,1.2000000476837158,1.1399999856948853,1.1799999475479126,22500,0.0,0.0
2025-07-07 00:00:00-04:00,1.159999966621399,1.2300000190734863,1.159999966621399,1.1699999570846558,17200,0.0,0.0
2025-07-08 00:00:00-04:00,1.2000000476837158,1.2300000190734863,1.1699999570846558,1.1799999475479126,17400,0.0,0.0
2025-07-09 00:00:00-04:00,1.1799999475479126,1.2300000190734863,1.1699999570846558,1.2200000286102295,25400,0.0,0.0
2025-07-10 00:00:00-04:00,1.2100000381469727,1.2400000095367432,1.1299999952316284,1.2000000476837158,36600,0.0,0.0
2025-07-11 00:00:00-04:00,1.2000000476837158,1.2300000190734863,1.159999966621399,1.1799999475479126,12400,0.0,0.0
2025-07-14 00:00:00-04:00,1.1799999475479126,1.190000057220459,1.1699999570846558,1.1699999570846558,12800,0.0,0.0
2025-07-15 00:00:00-04:00,1.1699999570846558,1.1799999475479126,1.0700000524520874,1.1399999856948853,31800,0.0,0.0
2025-07-16 00:00:00-04:00,1.1699999570846558,1.1699999570846558,1.1299999952316284,1.149999976158142,14200,0.0,0.0
2025-07-17 00:00:00-04:00,1.1699999570846558,1.1799999475479126,1.149999976158142,1.149999976158142,21700,0.0,0.0
2025-07-18 00:00:00-04:00,1.1799999475479126,1.1799999475479126,1.1299999952316284,1.149999976158142,19400,0.0,0.0
2025-07-21 00:00:00-04:00,1.1299999952316284,1.1799999475479126,1.1299999952316284,1.159999966621399,23600,0.0,0.0
2025-07-22 00:00:00-04:00,1.1299999952316284,1.159999966621399,1.1200000047683716,1.1399999856948853,16600,0.0,0.0
2025-07-23 00:00:00-04:00,1.149999976158142,1.2000000476837158,1.1299999952316284,1.2000000476837158,40200,0.0,0.0
2025-07-24 00:00:00-04:00,1.190000057220459,1.2000000476837158,1.1399999856948853,1.1399999856948853,15800,0.0,0.0
2025-07-25 00:00:00-04:00,1.1399999856948853,1.2300000190734863,1.1399999856948853,1.190000057220459,74700,0.0,0.0
2025-07-28 00:00:00-04:00,1.1699999570846558,1.190000057220459,1.149999976158142,1.1699999570846558,16500,0.0,0.0
2025-07-29 00:00:00-04:00,1.149999976158142,1.2100000381469727,1.149999976158142,1.159999966621399,32700,0.0,0.0
2025-07-30 00:00:00-04:00,1.159999966621399,1.190000057220459,1.1299999952316284,1.1299999952316284,22000,0.0,0.0
2025-07-31 00:00:00-04:00,1.1299999952316284,1.149999976158142,1.100000023841858,1.1200000047683716,27900,0.0,0.0
2025-08-01 00:00:00-04:00,1.100000023841858,1.149999976158142,1.100000023841858,1.1100000143051147,9100,0.0,0.0
2025-08-04 00:00:00-04:00,1.1100000143051147,1.1200000047683716,1.100000023841858,1.100000023841858,11000,0.0,0.0
2025-08-05 00:00:00-04:00,1.1299999952316284,1.1299999952316284,1.100000023841858,1.100000023841858,19400,0.0,0.0
2025-08-06 00:00:00-04:00,1.100000023841858,1.1100000143051147,1.100000023841858,1.1100000143051147,7400,0.0,0.0
2025-08-07 00:00:00-04:00,1.100000023841858,1.1200000047683716,1.100000023841858,1.100000023841858,15900,0.0,0.0
2025-08-08 00:00:00-04:00,1.100000023841858,1.100000023841858,1.059999942779541,1.059999942779541,18900,0.0,0.0
2025-08-11 00:00:00-04:00,1.0700000524520874,1.100000023841858,1.0700000524520874,1.0800000429153442,14600,0.0,0.0
2025-08-12 00:00:00-04:00,1.0700000524520874,1.1100000143051147,1.0700000524520874,1.1100000143051147,36400,0.0,0.0
2025-08-13 00:00:00-04:00,1.100000023841858,1.159999966621399,1.0800000429153442,1.159999966621399,31500,0.0,0.0
2025-08-14 00:00:00-04:00,1.149999976158142,1.1699999570846558,1.1299999952316284,1.149999976158142,15900,0.0,0.0
2025-08-15 00:00:00-04:00,1.149999976158142,1.1799999475479126,1.1100000143051147,1.1699999570846558,32900,0.0,0.0
2025-08-18 00:00:00-04:00,1.1799999475479126,1.1799999475479126,1.1100000143051147,1.1399999856948853,11800,0.0,0.0
2025-08-19 00:00:00-04:00,1.1299999952316284,1.1799999475479126,1.1100000143051147,1.159999966621399,6900,0.0,0.0
2025-08-20 00:00:00-04:00,1.1200000047683716,1.1399999856948853,1.100000023841858,1.1100000143051147,12000,0.0,0.0
2025-08-21 00:00:00-04:00,1.100000023841858,1.1200000047683716,1.059999942779541,1.0800000429153442,13000,0.0,0.0
2025-08-22 00:00:00-04:00,1.0700000524520874,1.100000023841858,1.059999942779541,1.100000023841858,21600,0.0,0.0
2025-08-25 00:00:00-04:00,1.1100000143051147,1.1299999952316284,1.100000023841858,1.1100000143051147,16700,0.0,0.0
2025-08-26 00:00:00-04:00,1.1100000143051147,1.1399999856948853,1.100000023841858,1.1200000047683716,9700,0.0,0.0
2025-08-27 00:00:00-04:00,1.1200000047683716,1.1399999856948853,1.1200000047683716,1.1200000047683716,12300,0.0,0.0
2025-08-28 00:00:00-04:00,1.1299999952316284,1.1299999952316284,1.1200000047683716,1.1200000047683716,4400,0.0,0.0
2025-08-29 00:00:00-04:00,1.100000023841858,1.1299999952316284,1.090000033378601,1.1100000143051147,21200,0.0,0.0
2025-09-02 00:00:00-04:00,1.0499999523162842,1.1100000143051147,1.0499999523162842,1.059999942779541,16600,0.0,0.0
2025-09-03 00:00:00-04:00,1.059999942779541,1.1100000143051147,1.059999942779541,1.1100000143051147,14700,0.0,0.0
2025-09-04 00:00:00-04:00,1.100000023841858,1.100000023841858,1.059999942779541,1.0800000429153442,12200,0.0,0.0
2025-09-05 00:00:00-04:00,1.0700000524520874,1.100000023841858,1.059999942779541,1.0800000429153442,18800,0.0,0.0
2025-09-08 00:00:00-04:00,1.0800000429153442,1.090000033378601,1.0800000429153442,1.0800000429153442,9000,0.0,0.0
2025-09-09 00:00:00-04:00,1.0800000429153442,1.2400000095367432,1.059999942779541,1.0800000429153442,67800,0.0,0.0
2025-09-10 00:00:00-04:00,1.0800000429153442,1.100000023841858,1.0700000524520874,1.100000023841858,22400,0.0,0.0
2025-09-11 00:00:00-04:00,1.0800000429153442,1.1399999856948853,1.0700000524520874,1.1100000143051147,18400,0.0,0.0
2025-09-12 00:00:00-04:00,1.1100000143051147,1.1299999952316284,1.090000033378601,1.1100000143051147,11000,0.0,0.0
2025-09-15 00:00:00-04:00,1.090000033378601,1.1100000143051147,1.0800000429153442,1.0800000429153442,20600,0.0,0.0
2025-09-16 00:00:00-04:00,1.090000033378601,1.090000033378601,1.059999942779541,1.0800000429153442,19500,0.0,0.0
2025-09-17 00:00:00-04:00,1.0700000524520874,1.090000033378601,1.059999942779541,1.059999942779541,12500,0.0,0.0
2025-09-18 00:00:00-04:00,1.059999942779541,1.090000033378601,1.059999942779541,1.0800000429153442,11300,0.0,0.0
2025-09-19 00:00:00-04:00,1.0800000429153442,1.090000033378601,1.0700000524520874,1.090000033378601,24700,0.0,0.0
2025-09-22 00:00:00-04:00,1.0800000429153442,1.090000033378601,1.0700000524520874,1.0800000429153442,10600,0.0,0.0
2025-09-23 00:00:00-04:00,1.059999942779541,1.090000033378601,1.059999942779541,1.0700000524520874,9300,0.0,0.0
2025-09-24 00:00:00-04:00,1.0700000524520874,1.0800000429153442,1.059999942779541,1.0800000429153442,9200,0.0,0.0
2025-09-25 00:00:00-04:00,1.0700000524520874,1.0800000429153442,1.059999942779541,1.059999942779541,7800,0.0,0.0
2025-09-26 00:00:00-04:00,1.0499999523162842,1.0700000524520874,1.0499999523162842,1.0700000524520874,15000,0.0,0.0
2025-09-29 00:00:00-04:00,1.0800000429153442,1.0800000429153442,1.059999942779541,1.0800000429153442,16000,0.0,0.0
2025-09-30 00:00:00-04:00,1.059999942779541,1.090000033378601,1.059999942779541,1.0800000429153442,5300,0.0,0.0
2025-10-01 00:00:00-04:00,1.0700000524520874,1.0800000429153442,1.0299999713897705,1.059999942779541,28300,0.0,0.0
2025-10-02 00:00:00-04:00,1.059999942779541,1.0800000429153442,1.059999942779541,1.059999942779541,5700,0.0,0.0
2025-10-03 00:00:00-04:00,1.059999942779541,1.0800000429153442,1.0499999523162842,1.0700000524520874,20300,0.0,0.0
2025-10-06 00:00:00-04:00,1.1100000143051147,1.1299999952316284,0.9900000095367432,1.0499999523162842,42000,0.0,0.0
2025-10-07 00:00:00-04:00,1.059999942779541,1.090000033378601,1.0499999523162842,1.0800000429153442,30000,0.0,0.0
2025-10-08 00:00:00-04:00,1.0800000429153442,1.0800000429153442,1.059999942779541,1.059999942779541,13700,0.0,0.0
2025-10-09 00:00:00-04:00,1.0499999523162842,1.0800000429153442,1.0499999523162842,1.059999942779541,12900,0.0,0.0
2025-10-10 00:00:00-04:00,1.090000033378601,1.090000033378601,1.0399999618530273,1.0399999618530273,27200,0.0,0.0
2025-10-13 00:00:00-04:00,1.059999942779541,1.059999942779541,1.0299999713897705,1.0499999523162842,17800,0.0,0.0
2025-10-14 00:00:00-04:00,1.0399999618530273,1.0399999618530273,1.0299999713897705,1.0399999618530273,10900,0.0,0.0
2025-10-15 00:00:00-04:00,1.0299999713897705,1.0399999618530273,1.0299999713897705,1.0399999618530273,16500,0.0,0.0
2025-10-16 00:00:00-04:00,1.0499999523162842,1.059999942779541,1.0299999713897705,1.0499999523162842,36400,0.0,0.0
2025-10-17 00:00:00-04:00,1.0700000524520874,1.7000000476837158,1.0499999523162842,1.25,8763500,0.0,0.0
2025-10-20 00:00:00-04:00,1.1699999570846558,1.350000023841858,1.149999976158142,1.149999976158142,482300,0.0,0.0
2025-10-21 00:00:00-04:00,1.100000023841858,1.2400000095367432,1.0800000429153442,1.1699999570846558,122300,0.0,0.0
2025-10-22 00:00:00-04:00,1.2300000190734863,1.2300000190734863,1.149999976158142,1.2200000286102295,107900,0.0,0.0
2025-10-23 00:00:00-04:00,1.25,1.3200000524520874,1.2300000190734863,1.309999942779541,122900,0.0,0.0
2025-10-24 00:00:00-04:00,1.2999999523162842,1.340000033378601,1.2599999904632568,1.2899999618530273,99200,0.0,0.0
2025-10-27 00:00:00-04:00,1.2899999618530273,1.3700000047683716,1.2400000095367432,1.309999942779541,64400,0.0,0.0
2025-10-28 00:00:00-04:00,1.3300000429153442,1.340000033378601,1.2000000476837158,1.25,111000,0.0,0.0
2025-10-29 00:00:00-04:00,1.2100000381469727,1.25,1.190000057220459,1.2100000381469727,46500,0.0,0.0
2025-10-30 00:00:00-04:00,1.2300000190734863,1.2799999713897705,1.2000000476837158,1.2400000095367432,39500,0.0,0.0
2025-10-31 00:00:00-04:00,1.2200000286102295,1.2400000095367432,1.1799999475479126,1.190000057220459,64000,0.0,0.0
2025-11-03 00:00:00-05:00,1.1699999570846558,1.190000057220459,1.1200000047683716,1.149999976158142,41700,0.0,0.0
2025-11-04 00:00:00-05:00,1.1399999856948853,1.2100000381469727,1.1399999856948853,1.1699999570846558,43000,0.0,0.0
2025-11-05 00:00:00-05:00,1.159999966621399,1.2400000095367432,1.1100000143051147,1.190000057220459,88300,0.0,0.0
2025-11-06 00:00:00-05:00,1.2000000476837158,1.3200000524520874,1.1799999475479126,1.2699999809265137,90200,0.0,0.0
2025-11-07 00:00:00-05:00,1.2799999713897705,1.4600000381469727,1.2400000095367432,1.3899999856948853,168100,0.0,0.0
2025-11-10 00:00:00-05:00,1.3899999856948853,1.4500000476837158,1.2899999618530273,1.350000023841858,64700,0.0,0.0
2025-11-11 00:00:00-05:00,1.3600000143051147,1.7100000381469727,1.3600000143051147,1.6399999856948853,542100,0.0,0.0
2025-11-12 00:00:00-05:00,1.6399999856948853,1.7200000286102295,1.600000023841858,1.6799999475479126,195900,0.0,0.0
2025-11-13 00:00:00-05:00,1.7000000476837158,1.7200000286102295,1.5700000524520874,1.6200000047683716,154800,0.0,0.0
2025-11-14 00:00:00-05:00,1.590000033378601,2.0,1.5700000524520874,1.9600000381469727,290700,0.0,0.0
2025-11-17 00:00:00-05:00,1.9600000381469727,2.0999999046325684,1.5099999904632568,1.5199999809265137,398800,0.0,0.0
2025-11-18 00:00:00-05:00,1.4700000286102295,1.5800000429153442,1.440000057220459,1.5399999618530273,118400,0.0,0.0
2025-11-19 00:00:00-05:00,1.5299999713897705,1.9600000381469727,1.5,1.649999976158142,364400,0.0,0.0
2025-11-20 00:00:00-05:00,1.590000033378601,2.0799999237060547,1.590000033378601,1.9199999570846558,274800,0.0,0.0
2025-11-21 00:00:00-05:00,1.8899999856948853,1.940000057220459,1.7300000190734863,1.7799999713897705,137400,0.0,0.0
2025-11-24 00:00:00-05:00,1.7999999523162842,1.8899999856948853,1.5499999523162842,1.6399999856948853,197200,0.0,0.0
2025-11-25 00:00:00-05:00,1.6799999475479126,1.7400000095367432,1.590000033378601,1.6200000047683716,26700,0.0,0.0
2025-11-26 00:00:00-05:00,1.6399999856948853,1.7300000190734863,1.6299999952316284,1.649999976158142,35400,0.0,0.0
2025-11-28 00:00:00-05:00,1.6799999475479126,1.75,1.649999976158142,1.7000000476837158,13500,0.0,0.0
2025-12-01 00:00:00-05:00,1.7000000476837158,1.7000000476837158,1.5099999904632568,1.5199999809265137,87600,0.0,0.0
2025-12-02 00:00:00-05:00,1.5,1.5399999618530273,1.440000057220459,1.4600000381469727,59800,0.0,0.0
2025-12-03 00:00:00-05:00,1.4299999475479126,1.6299999952316284,1.4299999475479126,1.590000033378601,35200,0.0,0.0
2025-12-04 00:00:00-05:00,1.5399999618530273,1.6299999952316284,1.5,1.6100000143051147,20800,0.0,0.0
2025-12-05 00:00:00-05:00,1.600000023841858,1.7400000095367432,1.4600000381469727,1.7400000095367432,146500,0.0,0.0
2025-12-08 00:00:00-05:00,1.75,1.850000023841858,1.6399999856948853,1.659999966621399,29100,0.0,0.0
2025-12-09 00:00:00-05:00,1.6799999475479126,1.840000033378601,1.6799999475479126,1.7000000476837158,38800,0.0,0.0
2025-12-10 00:00:00-05:00,1.7799999713897705,2.009999990463257,1.7200000286102295,1.8799999952316284,145400,0.0,0.0
2025-12-11 00:00:00-05:00,1.850000023841858,1.9299999475479126,1.809999942779541,1.840000033378601,78100,0.0,0.0
2025-12-12 00:00:00-05:00,1.8300000429153442,1.8600000143051147,1.75,1.75,40000,0.0,0.0
2025-12-15 00:00:00-05:00,1.840000033378601,1.850000023841858,1.6699999570846558,1.7000000476837158,44400,0.0,0.0
2025-12-16 00:00:00-05:00,1.7400000095367432,1.7999999523162842,1.6200000047683716,1.6200000047683716,33600,0.0,0.0
2025-12-17 00:00:00-05:00,1.6399999856948853,1.7100000381469727,1.6299999952316284,1.6699999570846558,50200,0.0,0.0
2025-12-18 00:00:00-05:00,1.7300000190734863,1.7400000095367432,1.6399999856948853,1.6699999570846558,39800,0.0,0.0
2025-12-19 00:00:00-05:00,1.7000000476837158,1.7400000095367432,1.6100000143051147,1.7000000476837158,52000,0.0,0.0
2025-12-22 00:00:00-05:00,1.7000000476837158,1.8300000429153442,1.649999976158142,1.6799999475479126,88700,0.0,0.0
2025-12-23 00:00:00-05:00,1.659999966621399,1.7400000095367432,1.6399999856948853,1.6399999856948853,28500,0.0,0.0
2025-12-24 00:00:00-05:00,1.649999976158142,1.7799999713897705,1.649999976158142,1.7000000476837158,38100,0.0,0.0
2025-12-26 00:00:00-05:00,1.7000000476837158,1.7699999809265137,1.6699999570846558,1.7400000095367432,34400,0.0,0.0
2025-12-29 00:00:00-05:00,1.7100000381469727,1.7799999713897705,1.649999976158142,1.6799999475479126,76800,0.0,0.0
2025-12-30 00:00:00-05:00,1.75,1.7699999809265137,1.6100000143051147,1.6399999856948853,58900,0.0,0.0
2025-12-31 00:00:00-05:00,1.6699999570846558,1.690000057220459,1.600000023841858,1.6299999952316284,68800,0.0,0.0
2026-01-02 00:00:00-05:00,1.659999966621399,1.659999966621399,1.5800000429153442,1.649999976158142,60100,0.0,0.0
2026-01-05 00:00:00-05:00,1.649999976158142,1.9800000190734863,1.6299999952316284,1.7999999523162842,120400,0.0,0.0
2026-01-06 00:00:00-05:00,1.7799999713897705,2.1500000953674316,1.7200000286102295,2.0399999618530273,411800,0.0,0.0
2026-01-07 00:00:00-05:00,2.059999942779541,2.140000104904175,1.7999999523162842,2.0399999618530273,209000,0.0,0.0
2026-01-08 00:00:00-05:00,2.049999952316284,2.0799999237060547,1.9600000381469727,2.059999942779541,84800,0.0,0.0
2026-01-09 00:00:00-05:00,2.059999942779541,2.190000057220459,2.009999990463257,2.1600000858306885,127600,0.0,0.0
2026-01-12 00:00:00-05:00,2.0899999141693115,2.1500000953674316,2.0199999809265137,2.0799999237060547,364800,0.0,0.0
2026-01-13 00:00:00-05:00,2.0999999046325684,2.119999885559082,1.940000057220459,2.0999999046325684,298200,0.0,0.0
2026-01-14 00:00:00-05:00,2.130000114440918,2.140000104904175,2.0,2.140000104904175,197800,0.0,0.0
2026-01-15 00:00:00-05:00,2.140000104904175,2.240000009536743,2.069999933242798,2.240000009536743,102500,0.0,0.0
2026-01-16 00:00:00-05:00,2.240000009536743,2.369999885559082,2.180000066757202,2.2300000190734863,152400,0.0,0.0
2026-01-20 00:00:00-05:00,2.190000057220459,2.5899999141693115,2.1600000858306885,2.5,278100,0.0,0.0
2026-01-21 00:00:00-05:00,2.490000009536743,2.569999933242798,2.309999942779541,2.490000009536743,102600,0.0,0.0
2026-01-22 00:00:00-05:00,2.5199999809265137,2.6500000953674316,2.4100000858306885,2.549999952316284,97700,0.0,0.0
2026-01-23 00:00:00-05:00,2.5799999237060547,2.6500000953674316,2.359999895095825,2.609999895095825,87500,0.0,0.0
2026-01-26 00:00:00-05:00,2.609999895095825,2.8499999046325684,2.4200000762939453,2.7699999809265137,154200,0.0,0.0
2026-01-27 00:00:00-05:00,2.7899999618530273,2.950000047683716,2.4200000762939453,2.4200000762939453,236900,0.0,0.0
2026-01-28 00:00:00-05:00,2.3499999046325684,2.4200000762939453,2.119999885559082,2.140000104904175,160000,0.0,0.0
2026-01-29 00:00:00-05:00,2.0799999237060547,2.4200000762939453,2.0799999237060547,2.299999952316284,133900,0.0,0.0
2026-01-30 00:00:00-05:00,2.240000009536743,2.3499999046325684,2.140000104904175,2.1600000858306885,62200,0.0,0.0
2026-02-02 00:00:00-05:00,2.109999895095825,2.3299999237060547,2.0999999046325684,2.259999990463257,56500,0.0,0.0
2026-02-03 00:00:00-05:00,2.25,2.4200000762939453,2.2100000381469727,2.3299999237060547,47900,0.0,0.0
2026-02-04 00:00:00-05:00,2.359999895095825,2.369999885559082,2.130000114440918,2.25,88000,0.0,0.0
2026-02-05 00:00:00-05:00,2.190000057220459,2.359999895095825,2.119999885559082,2.190000057220459,49400,0.0,0.0
2026-02-06 00:00:00-05:00,2.2300000190734863,2.319999933242798,2.190000057220459,2.2899999618530273,31400,0.0,0.0
2026-02-09 00:00:00-05:00,2.2699999809265137,2.5399999618530273,2.259999990463257,2.4800000190734863,63300,0.0,0.0
2026-02-10 00:00:00-05:00,2.440000057220459,2.5299999713897705,2.259999990463257,2.380000114440918,32300,0.0,0.0
2026-02-11 00:00:00-05:00,2.369999885559082,2.440000057220459,2.2799999713897705,2.430000066757202,41500,0.0,0.0
2026-02-12 00:00:00-05:00,2.440000057220459,2.450000047683716,2.3399999141693115,2.4200000762939453,66400,0.0,0.0
2026-02-13 00:00:00-05:00,2.430000066757202,2.509999990463257,2.3299999237060547,2.359999895095825,22200,0.0,0.0
2026-02-17 00:00:00-05:00,2.359999895095825,2.390000104904175,2.2899999618530273,2.299999952316284,48000,0.0,0.0
2026-02-18 00:00:00-05:00,2.309999942779541,2.4000000953674316,2.2799999713897705,2.319999933242798,17100,0.0,0.0
2026-02-19 00:00:00-05:00,2.299999952316284,2.359999895095825,2.259999990463257,2.3299999237060547,26900,0.0,0.0
2026-02-20 00:00:00-05:00,2.2899999618530273,2.359999895095825,2.259999990463257,2.299999952316284,17800,0.0,0.0
2026-02-23 00:00:00-05:00,2.25,2.3299999237060547,2.240000009536743,2.2799999713897705,21500,0.0,0.0
2026-02-24 00:00:00-05:00,2.2300000190734863,2.3499999046325684,2.1600000858306885,2.25,18100,0.0,0.0
2026-02-25 00:00:00-05:00,2.200000047683716,2.309999942779541,2.180000066757202,2.25,22100,0.0,0.0
2026-02-26 00:00:00-05:00,2.2100000381469727,2.299999952316284,2.2100000381469727,2.259999990463257,15800,0.0,0.0
2026-02-27 00:00:00-05:00,2.2899999618530273,2.2899999618530273,2.2200000286102295,2.259999990463257,11800,0.0,0.0
2026-03-02 00:00:00-05:00,2.240000009536743,2.2799999713897705,2.190000057220459,2.240000009536743,21600,0.0,0.0
2026-03-03 00:00:00-05:00,2.190000057220459,2.309999942779541,2.1500000953674316,2.2200000286102295,39800,0.0,0.0
2026-03-04 00:00:00-05:00,2.180000066757202,2.319999933242798,2.069999933242798,2.1600000858306885,41900,0.0,0.0
2026-03-05 00:00:00-05:00,2.1500000953674316,2.2699999809265137,2.1500000953674316,2.2300000190734863,17800,0.0,0.0
2026-03-06 00:00:00-05:00,2.200000047683716,2.2799999713897705,2.180000066757202,2.25,15900,0.0,0.0
2026-03-09 00:00:00-04:00,2.25,2.319999933242798,2.25,2.299999952316284,13100,0.0,0.0
2026-03-10 00:00:00-04:00,2.25,2.3499999046325684,2.25,2.299999952316284,36400,0.0,0.0
2026-03-11 00:00:00-04:00,2.2899999618530273,2.309999942779541,2.259999990463257,2.2899999618530273,17400,0.0,0.0
2026-03-12 00:00:00-04:00,2.25,2.3299999237060547,2.25,2.2799999713897705,15200,0.0,0.0
2026-03-13 00:00:00-04:00,2.2799999713897705,2.2799999713897705,2.1500000953674316,2.1700000762939453,21300,0.0,0.0
2026-03-16 00:00:00-04:00,2.1600000858306885,2.200000047683716,2.1600000858306885,2.1700000762939453,13600,0.0,0.0
2026-03-17 00:00:00-04:00,2.180000066757202,2.3299999237060547,2.180000066757202,2.2300000190734863,32400,0.0,0.0
2026-03-18 00:00:00-04:00,2.2200000286102295,2.299999952316284,2.200000047683716,2.2200000286102295,27700,0.0,0.0
2026-03-19 00:00:00-04:00,2.1600000858306885,2.259999990463257,2.1600000858306885,2.2300000190734863,18100,0.0,0.0
2026-03-20 00:00:00-04:00,2.2100000381469727,2.3299999237060547,2.190000057220459,2.240000009536743,38400,0.0,0.0
2026-03-23 00:00:00-04:00,2.259999990463257,2.3499999046325684,2.2300000190734863,2.309999942779541,23900,0.0,0.0
2026-03-24 00:00:00-04:00,2.309999942779541,2.4000000953674316,2.2799999713897705,2.2899999618530273,12200,0.0,0.0
2026-03-25 00:00:00-04:00,2.2799999713897705,2.4000000953674316,2.2799999713897705,2.2899999618530273,12400,0.0,0.0
2026-03-26 00:00:00-04:00,2.299999952316284,2.359999895095825,2.2200000286102295,2.2200000286102295,5800,0.0,0.0
2026-03-27 00:00:00-04:00,2.200000047683716,2.2699999809265137,2.0999999046325684,2.0999999046325684,20300,0.0,0.0
2026-03-30 00:00:00-04:00,2.0899999141693115,2.190000057220459,1.9500000476837158,1.9900000095367432,41100,0.0,0.0
2026-03-31 00:00:00-04:00,1.899999976158142,2.049999952316284,1.899999976158142,2.0199999809265137,15400,0.0,0.0
2026-04-01 00:00:00-04:00,2.049999952316284,2.1600000858306885,1.9900000095367432,2.0,26600,0.0,0.0
2026-04-02 00:00:00-04:00,2.0,2.049999952316284,1.940000057220459,2.0,16100,0.0,0.0
2026-04-06 00:00:00-04:00,2.0,2.2799999713897705,2.0,2.200000047683716,31100,0.0,0.0
2026-04-07 00:00:00-04:00,2.1700000762939453,2.1700000762939453,2.009999990463257,2.0199999809265137,17600,0.0,0.0
2026-04-08 00:00:00-04:00,2.0799999237060547,2.140000104904175,2.0399999618530273,2.049999952316284,22400,0.0,0.0
2026-04-09 00:00:00-04:00,2.059999942779541,2.059999942779541,2.0199999809265137,2.049999952316284,6300,0.0,0.0
2026-04-10 00:00:00-04:00,2.069999933242798,2.119999885559082,2.0299999713897705,2.069999933242798,12100,0.0,0.0
2026-04-13 00:00:00-04:00,2.0799999237060547,2.130000114440918,1.9700000286102295,2.049999952316284,36000,0.0,0.0
2026-04-14 00:00:00-04:00,2.0299999713897705,2.2200000286102295,2.0299999713897705,2.109999895095825,59700,0.0,0.0
2026-04-15 00:00:00-04:00,2.0399999618530273,2.190000057220459,2.0399999618530273,2.0899999141693115,20100,0.0,0.0
2026-04-16 00:00:00-04:00,2.0899999141693115,2.109999895095825,2.0199999809265137,2.0799999237060547,29000,0.0,0.0
2026-04-17 00:00:00-04:00,2.049999952316284,2.130000114440918,2.049999952316284,2.069999933242798,20900,0.0,0.0
2026-04-20 00:00:00-04:00,2.059999942779541,2.190000057220459,2.059999942779541,2.190000057220459,29800,0.0,0.0
2026-04-21 00:00:00-04:00,2.190000057220459,2.25,2.0899999141693115,2.180000066757202,34700,0.0,0.0
2026-04-22 00:00:00-04:00,2.0799999237060547,2.2200000286102295,2.0799999237060547,2.109999895095825,11800,0.0,0.0
2026-04-23 00:00:00-04:00,2.0999999046325684,2.240000009536743,2.0899999141693115,2.180000066757202,8800,0.0,0.0
2026-04-24 00:00:00-04:00,2.130000114440918,2.200000047683716,2.119999885559082,2.190000057220459,9600,0.0,0.0
2026-04-27 00:00:00-04:00,2.1500000953674316,2.200000047683716,2.0399999618530273,2.069999933242798,33000,0.0,0.0
2026-04-28 00:00:00-04:00,2.0799999237060547,2.1600000858306885,2.0799999237060547,2.0999999046325684,10100,0.0,0.0
2026-04-29 00:00:00-04:00,2.190000057220459,2.190000057220459,2.0299999713897705,2.109999895095825,23500,0.0,0.0
2026-04-30 00:00:00-04:00,2.0999999046325684,2.1700000762939453,2.0399999618530273,2.0399999618530273,19200,0.0,0.0
2026-05-01 00:00:00-04:00,2.049999952316284,2.0899999141693115,2.0399999618530273,2.069999933242798,2700,0.0,0.0
2026-05-04 00:00:00-04:00,2.0199999809265137,2.0899999141693115,2.0,2.0199999809265137,8800,0.0,0.0
2026-05-05 00:00:00-04:00,2.0199999809265137,2.069999933242798,1.9900000095367432,2.069999933242798,61600,0.0,0.0
2026-05-06 00:00:00-04:00,1.9900000095367432,2.0999999046325684,1.9199999570846558,2.0299999713897705,23700,0.0,0.0
2026-05-07 00:00:00-04:00,2.0299999713897705,2.0399999618530273,1.9500000476837158,2.009999990463257,12500,0.0,0.0
2026-05-08 00:00:00-04:00,1.9700000286102295,2.0999999046325684,1.9600000381469727,1.9800000190734863,59700,0.0,0.0
2026-05-11 00:00:00-04:00,1.9600000381469727,2.0299999713897705,1.940000057220459,1.9600000381469727,23176,0.0,0.0
