Date,Open,High,Low,Close,Volume,Dividends,Stock Splits
2022-01-03 00:00:00-05:00,5.639999866485596,5.679999828338623,5.0,5.239999771118164,241600,0.0,0.0
2022-01-04 00:00:00-05:00,5.239999771118164,5.239999771118164,4.820000171661377,5.079999923706055,163000,0.0,0.0
2022-01-05 00:00:00-05:00,5.010000228881836,5.501999855041504,5.010000228881836,5.25,161500,0.0,0.0
2022-01-06 00:00:00-05:00,5.130000114440918,5.309999942779541,4.809999942779541,5.099999904632568,186000,0.0,0.0
2022-01-07 00:00:00-05:00,5.050000190734863,6.03000020980835,5.050000190734863,5.71999979019165,189900,0.0,0.0
2022-01-10 00:00:00-05:00,5.510000228881836,5.59499979019165,5.199999809265137,5.329999923706055,72900,0.0,0.0
2022-01-11 00:00:00-05:00,5.28000020980835,5.28000020980835,5.010000228881836,5.110000133514404,96900,0.0,0.0
2022-01-12 00:00:00-05:00,5.050000190734863,5.195000171661377,4.929999828338623,5.090000152587891,64000,0.0,0.0
2022-01-13 00:00:00-05:00,5.050000190734863,5.333000183105469,5.019999980926514,5.139999866485596,117600,0.0,0.0
2022-01-14 00:00:00-05:00,5.230000019073486,5.360000133514404,5.0960001945495605,5.340000152587891,44100,0.0,0.0
2022-01-18 00:00:00-05:00,5.151000022888184,5.521999835968018,5.151000022888184,5.400000095367432,70800,0.0,0.0
2022-01-19 00:00:00-05:00,5.380000114440918,5.510000228881836,5.159999847412109,5.320000171661377,44600,0.0,0.0
2022-01-20 00:00:00-05:00,5.260000228881836,5.570000171661377,5.164999961853027,5.199999809265137,38800,0.0,0.0
2022-01-21 00:00:00-05:00,5.010000228881836,5.138999938964844,4.809999942779541,4.840000152587891,55200,0.0,0.0
2022-01-24 00:00:00-05:00,4.75,4.889999866485596,4.349999904632568,4.860000133514404,69300,0.0,0.0
2022-01-25 00:00:00-05:00,4.670000076293945,4.920000076293945,4.666999816894531,4.730000019073486,57900,0.0,0.0
2022-01-26 00:00:00-05:00,4.71999979019165,4.949999809265137,4.619999885559082,4.619999885559082,27100,0.0,0.0
2022-01-27 00:00:00-05:00,4.590000152587891,4.75,4.360000133514404,4.429999828338623,54600,0.0,0.0
2022-01-28 00:00:00-05:00,4.429999828338623,4.73799991607666,4.28000020980835,4.679999828338623,94300,0.0,0.0
2022-01-31 00:00:00-05:00,4.579999923706055,5.300000190734863,4.579999923706055,5.289999961853027,101000,0.0,0.0
2022-02-01 00:00:00-05:00,5.349999904632568,5.809999942779541,5.300000190734863,5.730000019073486,221600,0.0,0.0
2022-02-02 00:00:00-05:00,5.78000020980835,5.861999988555908,5.650000095367432,5.755000114440918,41400,0.0,0.0
2022-02-03 00:00:00-05:00,5.659999847412109,5.789999961853027,5.289999961853027,5.550000190734863,69200,0.0,0.0
2022-02-04 00:00:00-05:00,5.53000020980835,5.630000114440918,5.307000160217285,5.599999904632568,33000,0.0,0.0
2022-02-07 00:00:00-05:00,5.650000095367432,5.650000095367432,5.489999771118164,5.590000152587891,16300,0.0,0.0
2022-02-08 00:00:00-05:00,5.550000190734863,5.739999771118164,5.489999771118164,5.690000057220459,26200,0.0,0.0
2022-02-09 00:00:00-05:00,5.800000190734863,6.039999961853027,5.71999979019165,5.989999771118164,79900,0.0,0.0
2022-02-10 00:00:00-05:00,5.840000152587891,6.199999809265137,5.840000152587891,6.050000190734863,50500,0.0,0.0
2022-02-11 00:00:00-05:00,6.0,6.119999885559082,5.599999904632568,5.78000020980835,54500,0.0,0.0
2022-02-14 00:00:00-05:00,5.699999809265137,5.72599983215332,5.400000095367432,5.599999904632568,23600,0.0,0.0
2022-02-15 00:00:00-05:00,5.639999866485596,6.130000114440918,5.605000019073486,6.099999904632568,98900,0.0,0.0
2022-02-16 00:00:00-05:00,6.050000190734863,6.150000095367432,5.900000095367432,5.940000057220459,45000,0.0,0.0
2022-02-17 00:00:00-05:00,5.980000019073486,6.0,5.650000095367432,5.769999980926514,42100,0.0,0.0
2022-02-18 00:00:00-05:00,5.789999961853027,5.800000190734863,5.510000228881836,5.639999866485596,19800,0.0,0.0
2022-02-22 00:00:00-05:00,5.519999980926514,5.679999828338623,5.519999980926514,5.670000076293945,12700,0.0,0.0
2022-02-23 00:00:00-05:00,5.699999809265137,5.78000020980835,5.473999977111816,5.75,14800,0.0,0.0
2022-02-24 00:00:00-05:00,5.369999885559082,5.489999771118164,4.880000114440918,5.440000057220459,54100,0.0,0.0
2022-02-25 00:00:00-05:00,5.5,5.848999977111816,5.5,5.75,47300,0.0,0.0
2022-02-28 00:00:00-05:00,5.71999979019165,6.050000190734863,5.650000095367432,5.909999847412109,164900,0.0,0.0
2022-03-01 00:00:00-05:00,5.900000095367432,6.099999904632568,5.900000095367432,5.96999979019165,39700,0.0,0.0
2022-03-02 00:00:00-05:00,6.050000190734863,6.39900016784668,5.980999946594238,6.269999980926514,85300,0.0,0.0
2022-03-03 00:00:00-05:00,6.171999931335449,6.25,6.0,6.050000190734863,31400,0.0,0.0
2022-03-04 00:00:00-05:00,6.079999923706055,6.300000190734863,5.960000038146973,6.010000228881836,41500,0.0,0.0
2022-03-07 00:00:00-05:00,6.03000020980835,6.03000020980835,5.71999979019165,5.840000152587891,19600,0.0,0.0
2022-03-08 00:00:00-05:00,5.809999942779541,5.880000114440918,5.360000133514404,5.550000190734863,100200,0.0,0.0
2022-03-09 00:00:00-05:00,5.71999979019165,6.210000038146973,5.5320000648498535,5.960000038146973,94400,0.0,0.0
2022-03-10 00:00:00-05:00,5.829999923706055,6.190000057220459,5.829999923706055,6.130000114440918,111200,0.0,0.0
2022-03-11 00:00:00-05:00,6.039999961853027,6.25,6.039999961853027,6.170000076293945,64300,0.0,0.0
2022-03-14 00:00:00-04:00,6.25,6.300000190734863,5.960000038146973,5.989999771118164,38600,0.0,0.0
2022-03-15 00:00:00-04:00,6.019999980926514,6.070000171661377,5.965000152587891,6.0,13800,0.0,0.0
2022-03-16 00:00:00-04:00,6.090000152587891,6.0970001220703125,5.909999847412109,6.070000171661377,33100,0.0,0.0
2022-03-17 00:00:00-04:00,6.005000114440918,6.199999809265137,5.973999977111816,6.199999809265137,8600,0.0,0.0
2022-03-18 00:00:00-04:00,6.199999809265137,6.369999885559082,6.0,6.010000228881836,52900,0.0,0.0
2022-03-21 00:00:00-04:00,5.960000038146973,6.139999866485596,5.820000171661377,6.039999961853027,19200,0.0,0.0
2022-03-22 00:00:00-04:00,6.079999923706055,6.440000057220459,6.050000190734863,6.420000076293945,93900,0.0,0.0
2022-03-23 00:00:00-04:00,6.420000076293945,6.650000095367432,6.21999979019165,6.449999809265137,57800,0.0,0.0
2022-03-24 00:00:00-04:00,6.260000228881836,6.822000026702881,6.260000228881836,6.460000038146973,58100,0.0,0.0
2022-03-25 00:00:00-04:00,6.960000038146973,6.960000038146973,6.480000019073486,6.630000114440918,28300,0.0,0.0
2022-03-28 00:00:00-04:00,6.840000152587891,6.869999885559082,6.449999809265137,6.800000190734863,25400,0.0,0.0
2022-03-29 00:00:00-04:00,7.03000020980835,7.03000020980835,6.679999828338623,6.96999979019165,50000,0.0,0.0
2022-03-30 00:00:00-04:00,7.0,7.010000228881836,6.598999977111816,6.949999809265137,49500,0.0,0.0
2022-03-31 00:00:00-04:00,6.880000114440918,6.880000114440918,4.849999904632568,5.46999979019165,361400,0.0,0.0
2022-04-01 00:00:00-04:00,5.360000133514404,5.599999904632568,5.300000190734863,5.5,73000,0.0,0.0
2022-04-04 00:00:00-04:00,5.440000057220459,5.71999979019165,5.260000228881836,5.690000057220459,38200,0.0,0.0
2022-04-05 00:00:00-04:00,5.480000019073486,5.610000133514404,5.130000114440918,5.300000190734863,36900,0.0,0.0
2022-04-06 00:00:00-04:00,5.190000057220459,5.421999931335449,5.190000057220459,5.380000114440918,19500,0.0,0.0
2022-04-07 00:00:00-04:00,5.389999866485596,5.5,5.260000228881836,5.420000076293945,20400,0.0,0.0
2022-04-08 00:00:00-04:00,5.409999847412109,5.5329999923706055,5.380000114440918,5.46999979019165,9200,0.0,0.0
2022-04-11 00:00:00-04:00,5.46999979019165,5.550000190734863,5.389999866485596,5.5,4500,0.0,0.0
2022-04-12 00:00:00-04:00,5.550000190734863,5.630000114440918,5.340000152587891,5.550000190734863,61800,0.0,0.0
2022-04-13 00:00:00-04:00,5.679999828338623,5.679999828338623,5.53000020980835,5.570000171661377,6500,0.0,0.0
2022-04-14 00:00:00-04:00,5.730000019073486,5.730000019073486,5.349999904632568,5.440000057220459,34600,0.0,0.0
2022-04-18 00:00:00-04:00,5.440000057220459,5.440000057220459,5.039999961853027,5.179999828338623,43100,0.0,0.0
2022-04-19 00:00:00-04:00,5.139999866485596,5.199999809265137,4.9629998207092285,5.150000095367432,18600,0.0,0.0
2022-04-20 00:00:00-04:00,5.170000076293945,5.199999809265137,5.0,5.130000114440918,14900,0.0,0.0
2022-04-21 00:00:00-04:00,5.099999904632568,5.150000095367432,4.801000118255615,4.860000133514404,42600,0.0,0.0
2022-04-22 00:00:00-04:00,4.909999847412109,4.955999851226807,4.724999904632568,4.840000152587891,22600,0.0,0.0
2022-04-25 00:00:00-04:00,4.989999771118164,4.989999771118164,4.800000190734863,4.960000038146973,12000,0.0,0.0
2022-04-26 00:00:00-04:00,4.809999942779541,4.909999847412109,4.599999904632568,4.599999904632568,29300,0.0,0.0
2022-04-27 00:00:00-04:00,4.650000095367432,4.699999809265137,4.340000152587891,4.640999794006348,47600,0.0,0.0
2022-04-28 00:00:00-04:00,4.699999809265137,4.710000038146973,4.61899995803833,4.670000076293945,19700,0.0,0.0
2022-04-29 00:00:00-04:00,4.699999809265137,4.710000038146973,4.650000095367432,4.710000038146973,13800,0.0,0.0
2022-05-02 00:00:00-04:00,4.703000068664551,4.750999927520752,4.650000095367432,4.650000095367432,27000,0.0,0.0
2022-05-03 00:00:00-04:00,4.664999961853027,4.668000221252441,4.610000133514404,4.639999866485596,37500,0.0,0.0
2022-05-04 00:00:00-04:00,4.650000095367432,4.769999980926514,4.46999979019165,4.710000038146973,56700,0.0,0.0
2022-05-05 00:00:00-04:00,4.599999904632568,4.900000095367432,4.599999904632568,4.869999885559082,94000,0.0,0.0
2022-05-06 00:00:00-04:00,4.869999885559082,5.255000114440918,4.869999885559082,5.239999771118164,76000,0.0,0.0
2022-05-09 00:00:00-04:00,5.315999984741211,5.329999923706055,4.789999961853027,4.789999961853027,67200,0.0,0.0
2022-05-10 00:00:00-04:00,4.820000171661377,5.099999904632568,4.820000171661377,4.940000057220459,32500,0.0,0.0
2022-05-11 00:00:00-04:00,4.980000019073486,5.019999980926514,4.849999904632568,4.929999828338623,9500,0.0,0.0
2022-05-12 00:00:00-04:00,4.900000095367432,4.900000095367432,4.519999980926514,4.550000190734863,44200,0.0,0.0
2022-05-13 00:00:00-04:00,4.650000095367432,4.650000095367432,4.579999923706055,4.630000114440918,13900,0.0,0.0
2022-05-16 00:00:00-04:00,4.610000133514404,4.929999828338623,4.610000133514404,4.849999904632568,68600,0.0,0.0
2022-05-17 00:00:00-04:00,4.949999809265137,5.099999904632568,4.840000152587891,4.949999809265137,16400,0.0,0.0
2022-05-18 00:00:00-04:00,4.980000019073486,5.054999828338623,4.78000020980835,4.869999885559082,70300,0.0,0.0
2022-05-19 00:00:00-04:00,4.909999847412109,4.920000076293945,4.800000190734863,4.840000152587891,13800,0.0,0.0
2022-05-20 00:00:00-04:00,4.840000152587891,4.860000133514404,4.730000019073486,4.769999980926514,7000,0.0,0.0
2022-05-23 00:00:00-04:00,4.75,4.811999797821045,4.630000114440918,4.650000095367432,8100,0.0,0.0
2022-05-24 00:00:00-04:00,4.65500020980835,4.65500020980835,4.489999771118164,4.619999885559082,15200,0.0,0.0
2022-05-25 00:00:00-04:00,4.610000133514404,4.96999979019165,4.610000133514404,4.849999904632568,16000,0.0,0.0
2022-05-26 00:00:00-04:00,4.900000095367432,5.0,4.699999809265137,4.760000228881836,38400,0.0,0.0
2022-05-27 00:00:00-04:00,4.820000171661377,5.105000019073486,4.699999809265137,4.920000076293945,149100,0.0,0.0
2022-05-31 00:00:00-04:00,4.849999904632568,5.25,4.849999904632568,5.199999809265137,123000,0.0,0.0
2022-06-01 00:00:00-04:00,5.309999942779541,5.429999828338623,5.304999828338623,5.330999851226807,45800,0.0,0.0
2022-06-02 00:00:00-04:00,5.269999980926514,5.429999828338623,5.269999980926514,5.420000076293945,33800,0.0,0.0
2022-06-03 00:00:00-04:00,5.389999866485596,5.730000019073486,5.340000152587891,5.599999904632568,18300,0.0,0.0
2022-06-06 00:00:00-04:00,5.699999809265137,5.744999885559082,5.5,5.659999847412109,34400,0.0,0.0
2022-06-07 00:00:00-04:00,5.619999885559082,5.699999809265137,4.960000038146973,5.039999961853027,109100,0.0,0.0
2022-06-08 00:00:00-04:00,4.960000038146973,5.321000099182129,4.349999904632568,4.400000095367432,71300,0.0,0.0
2022-06-09 00:00:00-04:00,4.630000114440918,4.630000114440918,3.509999990463257,3.619999885559082,109500,0.0,0.0
2022-06-10 00:00:00-04:00,3.950000047683716,4.369999885559082,3.559999942779541,4.340000152587891,146600,0.0,0.0
2022-06-13 00:00:00-04:00,4.230000019073486,4.230000019073486,3.8499999046325684,3.930000066757202,31800,0.0,0.0
2022-06-14 00:00:00-04:00,4.119999885559082,4.230000019073486,4.0,4.019999980926514,60000,0.0,0.0
2022-06-15 00:00:00-04:00,3.9100000858306885,4.119999885559082,3.6519999504089355,4.03000020980835,47100,0.0,0.0
2022-06-16 00:00:00-04:00,4.0,4.070000171661377,3.819999933242798,3.869999885559082,47700,0.0,0.0
2022-06-17 00:00:00-04:00,3.9200000762939453,4.380000114440918,3.880000114440918,4.050000190734863,6700,0.0,0.0
2022-06-21 00:00:00-04:00,4.050000190734863,4.050000190734863,3.8299999237060547,3.940000057220459,42500,0.0,0.0
2022-06-22 00:00:00-04:00,3.940000057220459,4.038000106811523,3.549999952316284,3.7200000286102295,62600,0.0,0.0
2022-06-23 00:00:00-04:00,3.700000047683716,3.880000114440918,3.690000057220459,3.7699999809265137,21100,0.0,0.0
2022-06-24 00:00:00-04:00,3.6700000762939453,3.9600000381469727,3.6700000762939453,3.799999952316284,45300,0.0,0.0
2022-06-27 00:00:00-04:00,3.700000047683716,3.7950000762939453,3.5999999046325684,3.619999885559082,25500,0.0,0.0
2022-06-28 00:00:00-04:00,3.8559999465942383,3.8559999465942383,3.4700000286102295,3.4700000286102295,5500,0.0,0.0
2022-06-29 00:00:00-04:00,3.3399999141693115,3.4800000190734863,3.319999933242798,3.359999895095825,22700,0.0,0.0
2022-06-30 00:00:00-04:00,3.4600000381469727,3.5399999618530273,3.190000057220459,3.3399999141693115,24100,0.0,0.0
2022-07-01 00:00:00-04:00,3.25,3.490000009536743,3.0999999046325684,3.259999990463257,30100,0.0,0.0
2022-07-05 00:00:00-04:00,3.109999895095825,3.5299999713897705,2.940000057220459,3.0199999809265137,103700,0.0,0.0
2022-07-06 00:00:00-04:00,2.944000005722046,3.009999990463257,2.4600000381469727,2.7300000190734863,330500,0.0,0.0
2022-07-07 00:00:00-04:00,2.7300000190734863,3.0399999618530273,2.5810000896453857,2.950000047683716,55800,0.0,0.0
2022-07-08 00:00:00-04:00,2.890000104904175,3.0269999504089355,2.869999885559082,2.9700000286102295,18700,0.0,0.0
2022-07-11 00:00:00-04:00,2.7100000381469727,3.055000066757202,2.7100000381469727,2.990000009536743,42500,0.0,0.0
2022-07-12 00:00:00-04:00,2.8299999237060547,2.990000009536743,2.7100000381469727,2.819999933242798,51100,0.0,0.0
2022-07-13 00:00:00-04:00,2.75,3.0,2.75,2.9700000286102295,26900,0.0,0.0
2022-07-14 00:00:00-04:00,3.049999952316284,3.3469998836517334,3.0199999809265137,3.190000057220459,82200,0.0,0.0
2022-07-15 00:00:00-04:00,3.2300000190734863,3.380000114440918,3.1489999294281006,3.319999933242798,60000,0.0,0.0
2022-07-18 00:00:00-04:00,3.3399999141693115,3.4000000953674316,3.0399999618530273,3.380000114440918,35700,0.0,0.0
2022-07-19 00:00:00-04:00,3.319999933242798,3.430999994277954,3.25,3.2899999618530273,19000,0.0,0.0
2022-07-20 00:00:00-04:00,3.299999952316284,3.7799999713897705,3.2750000953674316,3.5999999046325684,28900,0.0,0.0
2022-07-21 00:00:00-04:00,3.569999933242798,3.5999999046325684,3.2100000381469727,3.509999990463257,13700,0.0,0.0
2022-07-22 00:00:00-04:00,3.5299999713897705,3.5299999713897705,3.200000047683716,3.4600000381469727,18800,0.0,0.0
2022-07-25 00:00:00-04:00,3.2200000286102295,3.640000104904175,3.1500000953674316,3.390000104904175,19200,0.0,0.0
2022-07-26 00:00:00-04:00,3.2100000381469727,3.559999942779541,3.2100000381469727,3.4800000190734863,17300,0.0,0.0
2022-07-27 00:00:00-04:00,3.5799999237060547,3.5899999141693115,3.4000000953674316,3.4200000762939453,21900,0.0,0.0
2022-07-28 00:00:00-04:00,3.380000114440918,3.5799999237060547,3.380000114440918,3.4700000286102295,19000,0.0,0.0
2022-07-29 00:00:00-04:00,3.4800000190734863,3.799999952316284,3.4200000762939453,3.490000009536743,15700,0.0,0.0
2022-08-01 00:00:00-04:00,3.5399999618530273,3.750999927520752,3.490000009536743,3.5799999237060547,9100,0.0,0.0
2022-08-02 00:00:00-04:00,3.4200000762939453,3.553999900817871,3.130000114440918,3.299999952316284,16700,0.0,0.0
2022-08-03 00:00:00-04:00,3.4000000953674316,3.5799999237060547,3.109999895095825,3.180000066757202,46100,0.0,0.0
2022-08-04 00:00:00-04:00,3.490000009536743,3.5420000553131104,3.1010000705718994,3.299999952316284,24400,0.0,0.0
2022-08-05 00:00:00-04:00,3.299999952316284,3.4200000762939453,3.197999954223633,3.4000000953674316,2900,0.0,0.0
2022-08-08 00:00:00-04:00,3.390000104904175,3.428999900817871,3.2079999446868896,3.3299999237060547,13300,0.0,0.0
2022-08-09 00:00:00-04:00,3.246000051498413,3.3519999980926514,3.2100000381469727,3.25,1300,0.0,0.0
2022-08-10 00:00:00-04:00,3.4070000648498535,3.4070000648498535,3.109999895095825,3.200000047683716,20700,0.0,0.0
2022-08-11 00:00:00-04:00,3.109999895095825,3.121000051498413,3.062000036239624,3.069999933242798,4200,0.0,0.0
2022-08-12 00:00:00-04:00,3.0999999046325684,3.0999999046325684,3.015000104904175,3.0399999618530273,20600,0.0,0.0
2022-08-15 00:00:00-04:00,2.9000000953674316,3.0399999618530273,2.9000000953674316,3.0399999618530273,4700,0.0,0.0
2022-08-16 00:00:00-04:00,3.049999952316284,3.062000036239624,2.9019999504089355,2.9749999046325684,9700,0.0,0.0
2022-08-17 00:00:00-04:00,2.950000047683716,3.0820000171661377,2.950000047683716,2.950000047683716,5200,0.0,0.0
2022-08-18 00:00:00-04:00,2.924999952316284,2.984999895095825,2.9000000953674316,2.9100000858306885,4800,0.0,0.0
2022-08-19 00:00:00-04:00,2.940000057220459,2.950000047683716,2.940000057220459,2.940000057220459,800,0.0,0.0
2022-08-22 00:00:00-04:00,2.819999933242798,2.9779999256134033,2.75,2.9100000858306885,3600,0.0,0.0
2022-08-23 00:00:00-04:00,2.8499999046325684,2.9600000381469727,2.809999942779541,2.9600000381469727,1700,0.0,0.0
2022-08-24 00:00:00-04:00,2.944999933242798,2.9709999561309814,2.890000104904175,2.940000057220459,4900,0.0,0.0
2022-08-25 00:00:00-04:00,3.058000087738037,3.0999999046325684,2.9700000286102295,3.005000114440918,9500,0.0,0.0
2022-08-26 00:00:00-04:00,2.9600000381469727,3.049999952316284,2.8399999141693115,2.869999885559082,12900,0.0,0.0
2022-08-29 00:00:00-04:00,2.9010000228881836,2.9800000190734863,2.819999933242798,2.819999933242798,7100,0.0,0.0
2022-08-30 00:00:00-04:00,2.8499999046325684,2.8499999046325684,2.6549999713897705,2.6700000762939453,8500,0.0,0.0
2022-08-31 00:00:00-04:00,2.6600000858306885,2.7300000190734863,2.6449999809265137,2.700000047683716,11700,0.0,0.0
2022-09-01 00:00:00-04:00,2.6500000953674316,2.7149999141693115,2.6110000610351562,2.6689999103546143,7300,0.0,0.0
2022-09-02 00:00:00-04:00,2.640000104904175,2.7699999809265137,2.619999885559082,2.700000047683716,11000,0.0,0.0
2022-09-06 00:00:00-04:00,2.6600000858306885,2.6600000858306885,2.5299999713897705,2.5299999713897705,1600,0.0,0.0
2022-09-07 00:00:00-04:00,2.5999999046325684,2.7799999713897705,2.5,2.7699999809265137,10000,0.0,0.0
2022-09-08 00:00:00-04:00,2.8299999237060547,2.8299999237060547,2.609999895095825,2.630000114440918,2300,0.0,0.0
2022-09-09 00:00:00-04:00,2.630000114440918,3.0,2.630000114440918,2.7300000190734863,3700,0.0,0.0
2022-09-12 00:00:00-04:00,2.559999942779541,2.819999933242798,2.559999942779541,2.7200000286102295,9600,0.0,0.0
2022-09-13 00:00:00-04:00,2.5999999046325684,2.75,2.5199999809265137,2.559999942779541,5100,0.0,0.0
2022-09-14 00:00:00-04:00,2.5999999046325684,2.7799999713897705,2.559999942779541,2.559999942779541,7300,0.0,0.0
2022-09-15 00:00:00-04:00,2.940000057220459,2.940000057220459,2.640000104904175,2.690000057220459,2800,0.0,0.0
2022-09-16 00:00:00-04:00,2.75,2.990000009536743,2.509999990463257,2.5199999809265137,15100,0.0,0.0
2022-09-19 00:00:00-04:00,2.450000047683716,2.4700000286102295,2.359999895095825,2.4560000896453857,7300,0.0,0.0
2022-09-20 00:00:00-04:00,2.4000000953674316,2.4000000953674316,2.359999895095825,2.390000104904175,2200,0.0,0.0
2022-09-21 00:00:00-04:00,2.3610000610351562,2.36299991607666,2.3610000610351562,2.36299991607666,700,0.0,0.0
2022-09-22 00:00:00-04:00,2.259999990463257,2.259999990463257,2.2100000381469727,2.2200000286102295,3000,0.0,0.0
2022-09-23 00:00:00-04:00,2.25,2.25,2.0799999237060547,2.140000104904175,7800,0.0,0.0
2022-09-26 00:00:00-04:00,2.190000057220459,2.190000057220459,2.0399999618530273,2.0999999046325684,4900,0.0,0.0
2022-09-27 00:00:00-04:00,2.078000068664551,2.200000047683716,2.078000068664551,2.0899999141693115,5800,0.0,0.0
2022-09-28 00:00:00-04:00,2.055999994277954,2.130000114440918,2.0399999618530273,2.059999942779541,2000,0.0,0.0
2022-09-29 00:00:00-04:00,2.1440000534057617,2.2200000286102295,2.0399999618530273,2.1570000648498535,3200,0.0,0.0
2022-09-30 00:00:00-04:00,2.180000066757202,2.190000057220459,2.1040000915527344,2.130000114440918,4800,0.0,0.0
2022-10-03 00:00:00-04:00,2.247999906539917,2.4200000762939453,2.2049999237060547,2.390000104904175,17300,0.0,0.0
2022-10-04 00:00:00-04:00,2.4700000286102295,2.4700000286102295,2.25,2.319999933242798,5300,0.0,0.0
2022-10-05 00:00:00-04:00,2.2100000381469727,2.4200000762939453,2.049999952316284,2.1700000762939453,6700,0.0,0.0
2022-10-06 00:00:00-04:00,2.25,2.25,2.25,2.25,400,0.0,0.0
2022-10-07 00:00:00-04:00,2.2249999046325684,2.3340001106262207,2.0999999046325684,2.200000047683716,1000,0.0,0.0
2022-10-10 00:00:00-04:00,2.1500000953674316,2.3540000915527344,2.1500000953674316,2.2249999046325684,1600,0.0,0.0
2022-10-11 00:00:00-04:00,2.2200000286102295,2.2200000286102295,2.140000104904175,2.140000104904175,1100,0.0,0.0
2022-10-12 00:00:00-04:00,2.140000104904175,2.140000104904175,2.140000104904175,2.140000104904175,100,0.0,0.0
2022-10-13 00:00:00-04:00,2.0899999141693115,2.190999984741211,2.009999990463257,2.049999952316284,16700,0.0,0.0
2022-10-14 00:00:00-04:00,2.1600000858306885,2.200000047683716,2.0199999809265137,2.059999942779541,24300,0.0,0.0
2022-10-17 00:00:00-04:00,2.0950000286102295,2.115000009536743,2.0199999809265137,2.062000036239624,13700,0.0,0.0
2022-10-18 00:00:00-04:00,2.3399999141693115,2.3399999141693115,2.0799999237060547,2.0999999046325684,17400,0.0,0.0
2022-10-19 00:00:00-04:00,2.0869998931884766,2.119999885559082,2.049999952316284,2.049999952316284,19500,0.0,0.0
2022-10-20 00:00:00-04:00,2.1050000190734863,2.119999885559082,2.059999942779541,2.114000082015991,3000,0.0,0.0
2022-10-21 00:00:00-04:00,2.0899999141693115,2.1600000858306885,2.049999952316284,2.0799999237060547,1500,0.0,0.0
2022-10-24 00:00:00-04:00,2.180000066757202,2.180000066757202,2.069999933242798,2.130000114440918,1300,0.0,0.0
2022-10-25 00:00:00-04:00,2.119999885559082,2.119999885559082,1.9700000286102295,2.0199999809265137,36000,0.0,0.0
2022-10-26 00:00:00-04:00,2.140000104904175,2.140000104904175,2.009999990463257,2.009999990463257,5600,0.0,0.0
2022-10-27 00:00:00-04:00,1.9900000095367432,2.140000104904175,1.9500000476837158,1.9700000286102295,27700,0.0,0.0
2022-10-28 00:00:00-04:00,1.9500000476837158,2.0880000591278076,1.899999976158142,2.059999942779541,30500,0.0,0.0
2022-10-31 00:00:00-04:00,2.0199999809265137,2.059999942779541,1.9259999990463257,2.0199999809265137,7100,0.0,0.0
2022-11-01 00:00:00-04:00,2.0299999713897705,2.0999999046325684,1.9900000095367432,2.0,13600,0.0,0.0
2022-11-02 00:00:00-04:00,1.9700000286102295,1.9700000286102295,1.9500000476837158,1.9500000476837158,1000,0.0,0.0
2022-11-03 00:00:00-04:00,1.9500000476837158,1.9500000476837158,1.9500000476837158,1.9500000476837158,0,0.0,0.0
2022-11-04 00:00:00-04:00,2.0,2.0,1.8600000143051147,1.8600000143051147,4700,0.0,0.0
2022-11-07 00:00:00-05:00,2.0320000648498535,2.0320000648498535,1.9049999713897705,1.9049999713897705,600,0.0,0.0
2022-11-08 00:00:00-05:00,1.9299999475479126,1.9299999475479126,1.8799999952316284,1.909999966621399,1600,0.0,0.0
2022-11-09 00:00:00-05:00,1.899999976158142,1.909999966621399,1.8519999980926514,1.8899999856948853,3200,0.0,0.0
2022-11-10 00:00:00-05:00,1.909999966621399,1.909999966621399,1.8899999856948853,1.8899999856948853,2000,0.0,0.0
2022-11-11 00:00:00-05:00,1.909999966621399,1.9600000381469727,1.840000033378601,1.8799999952316284,14800,0.0,0.0
2022-11-14 00:00:00-05:00,1.9600000381469727,2.0999999046325684,1.8899999856948853,1.8899999856948853,6600,0.0,0.0
2022-11-15 00:00:00-05:00,1.850000023841858,1.850000023841858,1.8359999656677246,1.8359999656677246,1700,0.0,0.0
2022-11-16 00:00:00-05:00,1.8200000524520874,1.8200000524520874,1.6200000047683716,1.7200000286102295,9300,0.0,0.0
2022-11-17 00:00:00-05:00,1.8200000524520874,1.899999976158142,1.809999942779541,1.899999976158142,5100,0.0,0.0
2022-11-18 00:00:00-05:00,1.9299999475479126,1.9299999475479126,1.8450000286102295,1.8700000047683716,27700,0.0,0.0
2022-11-21 00:00:00-05:00,1.8880000114440918,1.8880000114440918,1.8300000429153442,1.8700000047683716,2400,0.0,0.0
2022-11-22 00:00:00-05:00,1.9500000476837158,1.9500000476837158,1.7400000095367432,1.7799999713897705,1500,0.0,0.0
2022-11-23 00:00:00-05:00,1.9390000104904175,1.9390000104904175,1.680999994277954,1.899999976158142,700,0.0,0.0
2022-11-25 00:00:00-05:00,1.909999966621399,1.909999966621399,1.7100000381469727,1.815000057220459,4200,0.0,0.0
2022-11-28 00:00:00-05:00,1.690000057220459,1.7799999713897705,1.5700000524520874,1.7799999713897705,14600,0.0,0.0
2022-11-29 00:00:00-05:00,1.7649999856948853,1.7649999856948853,1.659999966621399,1.6699999570846558,10000,0.0,0.0
2022-11-30 00:00:00-05:00,1.6799999475479126,1.7999999523162842,1.6799999475479126,1.75,49200,0.0,0.0
2022-12-01 00:00:00-05:00,1.8300000429153442,1.8849999904632568,1.690000057220459,1.850000023841858,14200,0.0,0.0
2022-12-02 00:00:00-05:00,1.840000033378601,1.902999997138977,1.6799999475479126,1.7000000476837158,16000,0.0,0.0
2022-12-05 00:00:00-05:00,1.725000023841858,1.7400000095367432,1.6699999570846558,1.7050000429153442,17000,0.0,0.0
2022-12-06 00:00:00-05:00,1.9199999570846558,1.9199999570846558,1.6399999856948853,1.659999966621399,3500,0.0,0.0
2022-12-07 00:00:00-05:00,1.6100000143051147,1.8730000257492065,1.6100000143051147,1.809999942779541,1200,0.0,0.0
2022-12-08 00:00:00-05:00,1.5499999523162842,1.8450000286102295,1.5499999523162842,1.7799999713897705,7100,0.0,0.0
2022-12-09 00:00:00-05:00,1.5499999523162842,1.7699999809265137,1.5499999523162842,1.7400000095367432,3000,0.0,0.0
2022-12-12 00:00:00-05:00,1.5499999523162842,1.659999966621399,1.4850000143051147,1.6299999952316284,3200,0.0,0.0
2022-12-13 00:00:00-05:00,1.399999976158142,1.6799999475479126,1.399999976158142,1.590000033378601,5900,0.0,0.0
2022-12-14 00:00:00-05:00,1.3600000143051147,1.5720000267028809,1.3600000143051147,1.440000057220459,3600,0.0,0.0
2022-12-15 00:00:00-05:00,1.409999966621399,1.5729999542236328,1.409999966621399,1.4800000190734863,1700,0.0,0.0
2022-12-16 00:00:00-05:00,1.4800000190734863,1.5700000524520874,1.409999966621399,1.5700000524520874,2000,0.0,0.0
2022-12-19 00:00:00-05:00,1.590000033378601,1.590000033378601,1.409999966621399,1.4199999570846558,3100,0.0,0.0
2022-12-20 00:00:00-05:00,1.409999966621399,1.5759999752044678,1.409999966621399,1.4500000476837158,3300,0.0,0.0
2022-12-21 00:00:00-05:00,1.4500000476837158,1.4700000286102295,1.4500000476837158,1.4600000381469727,4200,0.0,0.0
2022-12-22 00:00:00-05:00,1.4600000381469727,1.4600000381469727,1.0700000524520874,1.2300000190734863,72900,0.0,0.0
2022-12-23 00:00:00-05:00,1.2799999713897705,1.3600000143051147,1.2050000429153442,1.2450000047683716,13100,0.0,0.0
2022-12-27 00:00:00-05:00,1.2400000095367432,1.25,1.1200000047683716,1.2000000476837158,20400,0.0,0.0
2022-12-28 00:00:00-05:00,1.1740000247955322,1.1799999475479126,1.1399999856948853,1.1399999856948853,6300,0.0,0.0
2022-12-29 00:00:00-05:00,1.25,1.25,1.1200000047683716,1.1770000457763672,3800,0.0,0.0
2022-12-30 00:00:00-05:00,1.0800000429153442,1.2000000476837158,1.0700000524520874,1.2000000476837158,33100,0.0,0.0
2023-01-03 00:00:00-05:00,1.25,1.25,1.159999966621399,1.190000057220459,2500,0.0,0.0
2023-01-04 00:00:00-05:00,1.2400000095367432,1.4900000095367432,1.2000000476837158,1.440000057220459,17900,0.0,0.0
2023-01-05 00:00:00-05:00,1.399999976158142,1.5399999618530273,1.343999981880188,1.5399999618530273,24600,0.0,0.0
2023-01-06 00:00:00-05:00,1.4850000143051147,2.309999942779541,1.4850000143051147,2.2100000381469727,96900,0.0,0.0
2023-01-09 00:00:00-05:00,2.3499999046325684,2.4000000953674316,2.0999999046325684,2.369999885559082,37100,0.0,0.0
2023-01-10 00:00:00-05:00,2.369999885559082,2.4489998817443848,2.299999952316284,2.4200000762939453,13500,0.0,0.0
2023-01-11 00:00:00-05:00,2.4000000953674316,2.869999885559082,2.4000000953674316,2.7799999713897705,55400,0.0,0.0
2023-01-12 00:00:00-05:00,2.75,2.75,2.319999933242798,2.630000114440918,40100,0.0,0.0
2023-01-13 00:00:00-05:00,2.559999942779541,2.5999999046325684,2.3499999046325684,2.4800000190734863,17600,0.0,0.0
2023-01-17 00:00:00-05:00,2.5199999809265137,2.549999952316284,2.3499999046325684,2.390000104904175,9400,0.0,0.0
2023-01-18 00:00:00-05:00,2.430000066757202,2.430000066757202,2.299999952316284,2.3299999237060547,2500,0.0,0.0
2023-01-19 00:00:00-05:00,2.309999942779541,2.309999942779541,2.0850000381469727,2.25,22500,0.0,0.0
2023-01-20 00:00:00-05:00,2.240000009536743,2.25,2.11299991607666,2.1500000953674316,13000,0.0,0.0
2023-01-23 00:00:00-05:00,2.2139999866485596,2.2279999256134033,1.9700000286102295,2.059999942779541,4700,0.0,0.0
2023-01-24 00:00:00-05:00,2.0899999141693115,2.1610000133514404,2.0899999141693115,2.140000104904175,2900,0.0,0.0
2023-01-25 00:00:00-05:00,2.180000066757202,2.180000066757202,1.9600000381469727,2.009999990463257,6900,0.0,0.0
2023-01-26 00:00:00-05:00,2.109999895095825,2.140000104904175,2.0199999809265137,2.140000104904175,4100,0.0,0.0
2023-01-27 00:00:00-05:00,2.190000057220459,2.190000057220459,2.0999999046325684,2.1500000953674316,3800,0.0,0.0
2023-01-30 00:00:00-05:00,2.0899999141693115,2.200000047683716,2.0799999237060547,2.200000047683716,11100,0.0,0.0
2023-01-31 00:00:00-05:00,2.25,2.25,2.25,2.25,7700,0.0,0.0
2023-02-01 00:00:00-05:00,2.299999952316284,2.700000047683716,2.2899999618530273,2.5999999046325684,46500,0.0,0.0
2023-02-02 00:00:00-05:00,2.5999999046325684,2.7249999046325684,2.5999999046325684,2.619999885559082,12300,0.0,0.0
2023-02-03 00:00:00-05:00,2.5999999046325684,2.6500000953674316,2.5999999046325684,2.619999885559082,7300,0.0,0.0
2023-02-06 00:00:00-05:00,2.6730000972747803,2.6730000972747803,2.509999990463257,2.509999990463257,34900,0.0,0.0
2023-02-07 00:00:00-05:00,2.553999900817871,2.553999900817871,2.049999952316284,2.140000104904175,35600,0.0,0.0
2023-02-08 00:00:00-05:00,2.1500000953674316,2.2119998931884766,2.049999952316284,2.2119998931884766,3300,0.0,0.0
2023-02-09 00:00:00-05:00,2.109999895095825,2.2100000381469727,2.0999999046325684,2.0999999046325684,1000,0.0,0.0
2023-02-10 00:00:00-05:00,2.1700000762939453,2.1700000762939453,1.9199999570846558,2.0899999141693115,11500,0.0,0.0
2023-02-13 00:00:00-05:00,1.909999966621399,2.0999999046325684,1.909999966621399,2.0999999046325684,1600,0.0,0.0
2023-02-14 00:00:00-05:00,2.065000057220459,2.065000057220459,2.065000057220459,2.065000057220459,500,0.0,0.0
2023-02-15 00:00:00-05:00,2.069999933242798,2.138000011444092,2.0,2.0,11400,0.0,0.0
2023-02-16 00:00:00-05:00,2.0,2.109999895095825,1.9900000095367432,2.049999952316284,28300,0.0,0.0
2023-02-17 00:00:00-05:00,2.009999990463257,2.0380001068115234,2.0,2.0,2400,0.0,0.0
2023-02-21 00:00:00-05:00,2.055000066757202,2.055000066757202,2.0399999618530273,2.0399999618530273,1000,0.0,0.0
2023-02-22 00:00:00-05:00,2.315000057220459,2.315000057220459,2.0,2.0199999809265137,5600,0.0,0.0
2023-02-23 00:00:00-05:00,2.0899999141693115,2.0899999141693115,1.9620000123977661,2.0199999809265137,1700,0.0,0.0
2023-02-24 00:00:00-05:00,2.049999952316284,2.0829999446868896,1.8869999647140503,1.940000057220459,6900,0.0,0.0
2023-02-27 00:00:00-05:00,2.130000114440918,2.130000114440918,1.9199999570846558,2.009999990463257,7100,0.0,0.0
2023-02-28 00:00:00-05:00,2.1700000762939453,2.1700000762939453,1.9199999570846558,1.9550000429153442,24800,0.0,0.0
2023-03-01 00:00:00-05:00,1.9600000381469727,2.1710000038146973,1.9600000381469727,1.9600000381469727,9000,0.0,0.0
2023-03-02 00:00:00-05:00,1.9479999542236328,1.9600000381469727,1.7999999523162842,1.840000033378601,10100,0.0,0.0
2023-03-03 00:00:00-05:00,2.119999885559082,2.119999885559082,1.8899999856948853,1.8899999856948853,17800,0.0,0.0
2023-03-06 00:00:00-05:00,1.9830000400543213,1.9830000400543213,1.909999966621399,1.9700000286102295,1900,0.0,0.0
2023-03-07 00:00:00-05:00,1.9119999408721924,1.940000057220459,1.909999966621399,1.909999966621399,1800,0.0,0.0
2023-03-08 00:00:00-05:00,1.899999976158142,1.940000057220459,1.8700000047683716,1.9299999475479126,1900,0.0,0.0
2023-03-09 00:00:00-05:00,1.899999976158142,1.899999976158142,1.840000033378601,1.840000033378601,2300,0.0,0.0
2023-03-10 00:00:00-05:00,1.840000033378601,1.8930000066757202,1.840000033378601,1.8559999465942383,1200,0.0,0.0
2023-03-13 00:00:00-04:00,1.840000033378601,1.899999976158142,1.840000033378601,1.8600000143051147,4600,0.0,0.0
2023-03-14 00:00:00-04:00,1.840000033378601,1.940000057220459,1.840000033378601,1.850000023841858,2500,0.0,0.0
2023-03-15 00:00:00-04:00,1.8799999952316284,1.8799999952316284,1.840000033378601,1.840000033378601,1700,0.0,0.0
2023-03-16 00:00:00-04:00,1.7699999809265137,1.8899999856948853,1.6399999856948853,1.7999999523162842,10300,0.0,0.0
2023-03-17 00:00:00-04:00,1.5700000524520874,1.850000023841858,1.5700000524520874,1.7400000095367432,4000,0.0,0.0
2023-03-20 00:00:00-04:00,1.6299999952316284,1.7200000286102295,1.6299999952316284,1.7200000286102295,2600,0.0,0.0
2023-03-21 00:00:00-04:00,1.7200000286102295,1.7999999523162842,1.7200000286102295,1.7799999713897705,800,0.0,0.0
2023-03-22 00:00:00-04:00,1.7799999713897705,1.7799999713897705,1.7799999713897705,1.7799999713897705,400,0.0,0.0
2023-03-23 00:00:00-04:00,1.8600000143051147,1.9500000476837158,1.7899999618530273,1.9500000476837158,8500,0.0,0.0
2023-03-24 00:00:00-04:00,1.9500000476837158,2.4119999408721924,1.934000015258789,2.0399999618530273,295200,0.0,0.0
2023-03-27 00:00:00-04:00,2.0899999141693115,2.0899999141693115,1.7599999904632568,1.809999942779541,50800,0.0,0.0
2023-03-28 00:00:00-04:00,1.7200000286102295,1.8960000276565552,1.649999976158142,1.7100000381469727,41300,0.0,0.0
2023-03-29 00:00:00-04:00,1.8600000143051147,2.055000066757202,1.7100000381469727,1.7799999713897705,8500,0.0,0.0
2023-03-30 00:00:00-04:00,1.7300000190734863,2.059999942779541,1.7300000190734863,1.850000023841858,5100,0.0,0.0
2023-03-31 00:00:00-04:00,2.049999952316284,2.049999952316284,1.75,1.75,8900,0.0,0.0
2023-04-03 00:00:00-04:00,1.7899999618530273,1.7899999618530273,1.690999984741211,1.690999984741211,3900,0.0,0.0
2023-04-04 00:00:00-04:00,1.649999976158142,1.6799999475479126,1.6399999856948853,1.6399999856948853,3400,0.0,0.0
2023-04-05 00:00:00-04:00,1.75,1.75,1.659999966621399,1.7410000562667847,9600,0.0,0.0
2023-04-06 00:00:00-04:00,1.6710000038146973,1.690000057220459,1.6710000038146973,1.690000057220459,900,0.0,0.0
2023-04-10 00:00:00-04:00,1.6200000047683716,1.7699999809265137,1.6200000047683716,1.7640000581741333,2100,0.0,0.0
2023-04-11 00:00:00-04:00,1.6299999952316284,1.7569999694824219,1.6200000047683716,1.687999963760376,12300,0.0,0.0
2023-04-12 00:00:00-04:00,1.600000023841858,1.7059999704360962,1.600000023841858,1.6200000047683716,2800,0.0,0.0
2023-04-13 00:00:00-04:00,1.6399999856948853,1.6699999570846558,1.5700000524520874,1.5700000524520874,2500,0.0,0.0
2023-04-14 00:00:00-04:00,1.590000033378601,1.6399999856948853,1.590000033378601,1.600000023841858,4400,0.0,0.0
2023-04-17 00:00:00-04:00,1.5499999523162842,1.6299999952316284,1.475000023841858,1.5099999904632568,21600,0.0,0.0
2023-04-18 00:00:00-04:00,1.5099999904632568,1.5099999904632568,1.309999942779541,1.309999942779541,14100,0.0,0.0
2023-04-19 00:00:00-04:00,1.25,1.5110000371932983,1.2100000381469727,1.2100000381469727,47100,0.0,0.0
2023-04-20 00:00:00-04:00,1.309999942779541,1.309999942779541,1.2100000381469727,1.2599999904632568,15300,0.0,0.0
2023-04-21 00:00:00-04:00,1.2599999904632568,1.4199999570846558,1.2599999904632568,1.3700000047683716,24900,0.0,0.0
2023-04-24 00:00:00-04:00,1.2899999618530273,1.4600000381469727,1.2599999904632568,1.350000023841858,36200,0.0,0.0
2023-04-25 00:00:00-04:00,1.440000057220459,1.440000057220459,1.315999984741211,1.3300000429153442,2500,0.0,0.0
2023-04-26 00:00:00-04:00,1.3389999866485596,1.3700000047683716,1.2200000286102295,1.2799999713897705,4300,0.0,0.0
2023-04-27 00:00:00-04:00,1.4220000505447388,1.4220000505447388,1.2200000286102295,1.3700000047683716,900,0.0,0.0
2023-04-28 00:00:00-04:00,1.3600000143051147,1.3600000143051147,1.1399999856948853,1.190000057220459,19400,0.0,0.0
2023-05-01 00:00:00-04:00,1.190000057220459,1.2000000476837158,1.1699999570846558,1.1699999570846558,1600,0.0,0.0
2023-05-02 00:00:00-04:00,1.159999966621399,1.25,1.159999966621399,1.25,4500,0.0,0.0
2023-05-03 00:00:00-04:00,1.1699999570846558,1.2309999465942383,1.1399999856948853,1.1399999856948853,4000,0.0,0.0
2023-05-04 00:00:00-04:00,1.1399999856948853,1.190000057220459,1.1399999856948853,1.1799999475479126,4300,0.0,0.0
2023-05-05 00:00:00-04:00,1.2280000448226929,1.3070000410079956,1.1299999952316284,1.1799999475479126,34200,0.0,0.0
2023-05-08 00:00:00-04:00,1.25,1.25,1.149999976158142,1.190000057220459,7900,0.0,0.0
2023-05-09 00:00:00-04:00,1.1399999856948853,1.309999942779541,1.1100000143051147,1.2899999618530273,19700,0.0,0.0
2023-05-10 00:00:00-04:00,1.3550000190734863,1.3700000047683716,1.2660000324249268,1.3600000143051147,4400,0.0,0.0
2023-05-11 00:00:00-04:00,1.3700000047683716,1.371000051498413,1.2799999713897705,1.3539999723434448,4000,0.0,0.0
2023-05-12 00:00:00-04:00,1.309999942779541,1.375,1.2949999570846558,1.3200000524520874,10300,0.0,0.0
2023-05-15 00:00:00-04:00,1.309999942779541,1.312999963760376,1.2300000190734863,1.25,3000,0.0,0.0
2023-05-16 00:00:00-04:00,1.2899999618530273,1.2899999618530273,1.2259999513626099,1.2899999618530273,4000,0.0,0.0
2023-05-17 00:00:00-04:00,1.1799999475479126,1.2400000095367432,1.1799999475479126,1.2400000095367432,700,0.0,0.0
2023-05-18 00:00:00-04:00,1.2400000095367432,1.2450000047683716,1.1230000257492065,1.2450000047683716,12400,0.0,0.0
2023-05-19 00:00:00-04:00,1.2799999713897705,1.2799999713897705,1.190000057220459,1.2599999904632568,6300,0.0,0.0
2023-05-22 00:00:00-04:00,1.159999966621399,1.340000033378601,1.159999966621399,1.2999999523162842,3100,0.0,0.0
2023-05-23 00:00:00-04:00,1.2999999523162842,1.2999999523162842,1.2120000123977661,1.2400000095367432,5900,0.0,0.0
2023-05-24 00:00:00-04:00,1.2799999713897705,1.2799999713897705,1.2200000286102295,1.2200000286102295,1300,0.0,0.0
2023-05-25 00:00:00-04:00,1.2899999618530273,1.2899999618530273,1.1799999475479126,1.190000057220459,3300,0.0,0.0
2023-05-26 00:00:00-04:00,1.2589999437332153,1.2589999437332153,1.1699999570846558,1.1699999570846558,3300,0.0,0.0
2023-05-30 00:00:00-04:00,1.2899999618530273,1.3300000429153442,1.1699999570846558,1.2330000400543213,6600,0.0,0.0
2023-05-31 00:00:00-04:00,1.2100000381469727,1.2960000038146973,1.2000000476837158,1.2890000343322754,76500,0.0,0.0
2023-06-01 00:00:00-04:00,1.2999999523162842,1.4600000381469727,1.2999999523162842,1.4279999732971191,32600,0.0,0.0
2023-06-02 00:00:00-04:00,1.3899999856948853,1.600000023841858,1.3899999856948853,1.5099999904632568,45300,0.0,0.0
2023-06-05 00:00:00-04:00,1.5199999809265137,1.600000023841858,1.3600000143051147,1.5219999551773071,19100,0.0,0.0
2023-06-06 00:00:00-04:00,1.3869999647140503,1.7100000381469727,1.3869999647140503,1.6460000276565552,35100,0.0,0.0
2023-06-07 00:00:00-04:00,1.7699999809265137,1.7699999809265137,1.559999942779541,1.5700000524520874,17600,0.0,0.0
2023-06-08 00:00:00-04:00,1.7599999904632568,1.7599999904632568,1.4299999475479126,1.5399999618530273,24100,0.0,0.0
2023-06-09 00:00:00-04:00,1.6369999647140503,1.659999966621399,1.4900000095367432,1.5700000524520874,4500,0.0,0.0
2023-06-12 00:00:00-04:00,1.569000005722046,1.7000000476837158,1.569000005722046,1.600000023841858,6700,0.0,0.0
2023-06-13 00:00:00-04:00,1.6510000228881836,1.7200000286102295,1.5700000524520874,1.6100000143051147,33200,0.0,0.0
2023-06-14 00:00:00-04:00,1.6549999713897705,1.8200000524520874,1.590000033378601,1.7599999904632568,65900,0.0,0.0
2023-06-15 00:00:00-04:00,1.722000002861023,1.9199999570846558,1.600000023841858,1.7899999618530273,19500,0.0,0.0
2023-06-16 00:00:00-04:00,1.75,1.899999976158142,1.75,1.850000023841858,8100,0.0,0.0
2023-06-20 00:00:00-04:00,1.7799999713897705,1.8380000591278076,1.7039999961853027,1.809999942779541,9200,0.0,0.0
2023-06-21 00:00:00-04:00,1.7109999656677246,1.7899999618530273,1.7109999656677246,1.7599999904632568,5400,0.0,0.0
2023-06-22 00:00:00-04:00,1.850000023841858,1.850000023841858,1.7400000095367432,1.75,4900,0.0,0.0
2023-06-23 00:00:00-04:00,1.7970000505447388,1.7970000505447388,1.7000000476837158,1.7000000476837158,5700,0.0,0.0
2023-06-26 00:00:00-04:00,1.7699999809265137,1.9900000095367432,1.7699999809265137,1.899999976158142,37300,0.0,0.0
2023-06-27 00:00:00-04:00,1.9700000286102295,1.9700000286102295,1.899999976158142,1.906000018119812,14300,0.0,0.0
2023-06-28 00:00:00-04:00,1.9700000286102295,2.0,1.899999976158142,1.899999976158142,16200,0.0,0.0
2023-06-29 00:00:00-04:00,1.940000057220459,1.940000057220459,1.8600000143051147,1.899999976158142,3600,0.0,0.0
2023-06-30 00:00:00-04:00,1.8899999856948853,1.9700000286102295,1.7899999618530273,1.7999999523162842,2500,0.0,0.0
2023-07-03 00:00:00-04:00,1.690000057220459,1.7890000343322754,1.690000057220459,1.7000000476837158,1700,0.0,0.0
2023-07-05 00:00:00-04:00,1.7000000476837158,1.7910000085830688,1.7000000476837158,1.7000000476837158,2200,0.0,0.0
2023-07-06 00:00:00-04:00,1.5,1.6699999570846558,1.5,1.6260000467300415,7500,0.0,0.0
2023-07-07 00:00:00-04:00,1.559999942779541,1.746999979019165,1.559999942779541,1.5700000524520874,5800,0.0,0.0
2023-07-10 00:00:00-04:00,1.784999966621399,1.784999966621399,1.4800000190734863,1.5299999713897705,22500,0.0,0.0
2023-07-11 00:00:00-04:00,1.5199999809265137,1.75,1.440000057220459,1.5099999904632568,12900,0.0,0.0
2023-07-12 00:00:00-04:00,1.4500000476837158,1.7649999856948853,1.4500000476837158,1.5800000429153442,137100,0.0,0.0
2023-07-13 00:00:00-04:00,1.7799999713897705,1.809999942779541,1.649999976158142,1.6799999475479126,4100,0.0,0.0
2023-07-14 00:00:00-04:00,1.649999976158142,1.8700000047683716,1.649999976158142,1.7999999523162842,44600,0.0,0.0
2023-07-17 00:00:00-04:00,1.8220000267028809,2.0299999713897705,1.809999942779541,1.850000023841858,24700,0.0,0.0
2023-07-18 00:00:00-04:00,1.9010000228881836,1.9010000228881836,1.850000023841858,1.8600000143051147,14000,0.0,0.0
2023-07-19 00:00:00-04:00,1.9500000476837158,1.968000054359436,1.850000023841858,1.9320000410079956,5200,0.0,0.0
2023-07-20 00:00:00-04:00,1.909999966621399,1.909999966621399,1.7999999523162842,1.7999999523162842,7400,0.0,0.0
2023-07-21 00:00:00-04:00,1.7999999523162842,1.9500000476837158,1.7999999523162842,1.8200000524520874,3900,0.0,0.0
2023-07-24 00:00:00-04:00,1.9199999570846558,1.9500000476837158,1.7999999523162842,1.850000023841858,12800,0.0,0.0
2023-07-25 00:00:00-04:00,1.840000033378601,1.8869999647140503,1.8300000429153442,1.850000023841858,22100,0.0,0.0
2023-07-26 00:00:00-04:00,1.850000023841858,1.940000057220459,1.7999999523162842,1.8600000143051147,12000,0.0,0.0
2023-07-27 00:00:00-04:00,1.8600000143051147,1.9160000085830688,1.7300000190734863,1.8200000524520874,6200,0.0,0.0
2023-07-28 00:00:00-04:00,1.690000057220459,1.8200000524520874,1.6699999570846558,1.7070000171661377,4000,0.0,0.0
2023-07-31 00:00:00-04:00,1.6699999570846558,1.7389999628067017,1.6100000143051147,1.6100000143051147,18300,0.0,0.0
2023-08-01 00:00:00-04:00,1.6399999856948853,1.6399999856948853,1.559999942779541,1.600000023841858,9200,0.0,0.0
2023-08-02 00:00:00-04:00,1.5199999809265137,1.6230000257492065,1.319000005722046,1.4049999713897705,43700,0.0,0.0
2023-08-03 00:00:00-04:00,1.3200000524520874,1.4859999418258667,1.3200000524520874,1.3899999856948853,15600,0.0,0.0
2023-08-04 00:00:00-04:00,1.5199999809265137,1.5199999809265137,1.2999999523162842,1.2999999523162842,5400,0.0,0.0
2023-08-07 00:00:00-04:00,1.2899999618530273,1.8200000524520874,1.2899999618530273,1.5800000429153442,103900,0.0,0.0
2023-08-08 00:00:00-04:00,1.5299999713897705,1.590000033378601,1.399999976158142,1.5399999618530273,15100,0.0,0.0
2023-08-09 00:00:00-04:00,1.5880000591278076,1.7699999809265137,1.5700000524520874,1.7699999809265137,23200,0.0,0.0
2023-08-10 00:00:00-04:00,1.7899999618530273,1.909999966621399,1.6799999475479126,1.7699999809265137,16600,0.0,0.0
2023-08-11 00:00:00-04:00,1.7619999647140503,1.7999999523162842,1.6770000457763672,1.7899999618530273,6300,0.0,0.0
2023-08-14 00:00:00-04:00,1.6799999475479126,1.7100000381469727,1.5490000247955322,1.6200000047683716,12900,0.0,0.0
2023-08-15 00:00:00-04:00,1.4299999475479126,1.649999976158142,1.3300000429153442,1.3300000429153442,43500,0.0,0.0
2023-08-16 00:00:00-04:00,1.3300000429153442,1.4199999570846558,1.3109999895095825,1.3200000524520874,28200,0.0,0.0
2023-08-17 00:00:00-04:00,1.2799999713897705,1.5,1.25,1.2599999904632568,32600,0.0,0.0
2023-08-18 00:00:00-04:00,1.3799999952316284,1.3799999952316284,1.2599999904632568,1.2699999809265137,9900,0.0,0.0
2023-08-21 00:00:00-04:00,1.2599999904632568,1.3700000047683716,1.2100000381469727,1.2100000381469727,17000,0.0,0.0
2023-08-22 00:00:00-04:00,1.2200000286102295,1.3600000143051147,1.159999966621399,1.2000000476837158,14100,0.0,0.0
2023-08-23 00:00:00-04:00,1.2430000305175781,1.350000023841858,1.1799999475479126,1.190000057220459,13500,0.0,0.0
2023-08-24 00:00:00-04:00,1.190000057220459,1.2699999809265137,1.149999976158142,1.190000057220459,12900,0.0,0.0
2023-08-25 00:00:00-04:00,1.159999966621399,1.253000020980835,1.159999966621399,1.2200000286102295,1900,0.0,0.0
2023-08-28 00:00:00-04:00,1.2000000476837158,1.2289999723434448,1.1200000047683716,1.1299999952316284,44600,0.0,0.0
2023-08-29 00:00:00-04:00,1.2400000095367432,1.2400000095367432,1.1299999952316284,1.1299999952316284,2600,0.0,0.0
2023-08-30 00:00:00-04:00,1.149999976158142,1.2000000476837158,1.1299999952316284,1.2000000476837158,10200,0.0,0.0
2023-08-31 00:00:00-04:00,1.190000057220459,1.2100000381469727,1.1200000047683716,1.1699999570846558,10700,0.0,0.0
2023-09-01 00:00:00-04:00,1.2400000095367432,1.2400000095367432,1.1100000143051147,1.159999966621399,10800,0.0,0.0
2023-09-05 00:00:00-04:00,1.1100000143051147,1.2209999561309814,1.1100000143051147,1.1299999952316284,2500,0.0,0.0
2023-09-06 00:00:00-04:00,1.2400000095367432,1.2400000095367432,1.0499999523162842,1.0700000524520874,15100,0.0,0.0
2023-09-07 00:00:00-04:00,1.0399999618530273,1.0399999618530273,1.0099999904632568,1.0099999904632568,12600,0.0,0.0
2023-09-08 00:00:00-04:00,1.0099999904632568,1.1460000276565552,1.0099999904632568,1.100000023841858,36000,0.0,0.0
2023-09-11 00:00:00-04:00,1.100000023841858,1.1200000047683716,1.100000023841858,1.100000023841858,37200,0.0,0.0
2023-09-12 00:00:00-04:00,1.100000023841858,1.1200000047683716,1.0850000381469727,1.0850000381469727,86100,0.0,0.0
2023-09-13 00:00:00-04:00,1.2100000381469727,1.2100000381469727,1.0199999809265137,1.0199999809265137,12000,0.0,0.0
2023-09-14 00:00:00-04:00,1.093000054359436,1.093000054359436,0.9810000061988831,1.0199999809265137,13800,0.0,0.0
2023-09-15 00:00:00-04:00,1.0,1.100000023841858,1.0,1.0299999713897705,21600,0.0,0.0
2023-09-18 00:00:00-04:00,1.0099999904632568,1.031999945640564,0.9599999785423279,0.9599999785423279,21400,0.0,0.0
2023-09-19 00:00:00-04:00,0.9700000286102295,0.9940000176429749,0.9599999785423279,0.9599999785423279,9000,0.0,0.0
2023-09-20 00:00:00-04:00,0.9599999785423279,1.1030000448226929,0.9599999785423279,1.0049999952316284,134200,0.0,0.0
2023-09-21 00:00:00-04:00,0.9750000238418579,1.1260000467300415,0.9700000286102295,1.0299999713897705,11300,0.0,0.0
2023-09-22 00:00:00-04:00,1.065000057220459,1.149999976158142,0.9810000061988831,0.9810000061988831,26200,0.0,0.0
2023-09-25 00:00:00-04:00,1.0199999809265137,1.1360000371932983,0.9909999966621399,1.0399999618530273,31500,0.0,0.0
2023-09-26 00:00:00-04:00,1.1180000305175781,1.1180000305175781,1.0399999618530273,1.090000033378601,9000,0.0,0.0
2023-09-27 00:00:00-04:00,1.0729999542236328,1.1100000143051147,1.0299999713897705,1.0950000286102295,7100,0.0,0.0
2023-09-28 00:00:00-04:00,1.0800000429153442,1.1399999856948853,1.024999976158142,1.0800000429153442,11700,0.0,0.0
2023-09-29 00:00:00-04:00,1.1399999856948853,1.399999976158142,1.1299999952316284,1.399999976158142,98800,0.0,0.0
2023-10-02 00:00:00-04:00,1.4299999475479126,1.6799999475479126,1.399999976158142,1.6699999570846558,88900,0.0,0.0
2023-10-03 00:00:00-04:00,1.6399999856948853,1.8300000429153442,1.6100000143051147,1.6349999904632568,52000,0.0,0.0
2023-10-04 00:00:00-04:00,1.6200000047683716,1.6200000047683716,1.3600000143051147,1.590000033378601,22700,0.0,0.0
2023-10-05 00:00:00-04:00,1.5,1.590000033378601,1.3799999952316284,1.5299999713897705,10900,0.0,0.0
2023-10-06 00:00:00-04:00,1.6100000143051147,1.6100000143051147,1.4900000095367432,1.5700000524520874,3900,0.0,0.0
2023-10-09 00:00:00-04:00,1.4630000591278076,1.4800000190734863,1.4199999570846558,1.4800000190734863,1000,0.0,0.0
2023-10-10 00:00:00-04:00,1.5199999809265137,1.7000000476837158,1.5149999856948853,1.5800000429153442,13100,0.0,0.0
2023-10-11 00:00:00-04:00,1.4600000381469727,1.559999942779541,1.4600000381469727,1.4700000286102295,800,0.0,0.0
2023-10-12 00:00:00-04:00,1.75,1.75,1.5,1.5,3700,0.0,0.0
2023-10-13 00:00:00-04:00,1.5750000476837158,1.5750000476837158,1.5099999904632568,1.5499999523162842,1100,0.0,0.0
2023-10-16 00:00:00-04:00,1.5399999618530273,1.5800000429153442,1.496000051498413,1.5,3500,0.0,0.0
2023-10-17 00:00:00-04:00,1.5499999523162842,1.600000023841858,1.5499999523162842,1.5800000429153442,8000,0.0,0.0
2023-10-18 00:00:00-04:00,1.5149999856948853,1.562999963760376,1.4700000286102295,1.559999942779541,2700,0.0,0.0
2023-10-19 00:00:00-04:00,1.559999942779541,1.559999942779541,1.340000033378601,1.5,12600,0.0,0.0
2023-10-20 00:00:00-04:00,1.4299999475479126,1.5399999618530273,1.4299999475479126,1.440000057220459,1700,0.0,0.0
2023-10-23 00:00:00-04:00,1.4299999475479126,1.5399999618530273,1.4299999475479126,1.5199999809265137,14700,0.0,0.0
2023-10-24 00:00:00-04:00,1.5299999713897705,1.5399999618530273,1.4299999475479126,1.4700000286102295,17400,0.0,0.0
2023-10-25 00:00:00-04:00,1.4199999570846558,1.5,1.4199999570846558,1.5,6900,0.0,0.0
2023-10-26 00:00:00-04:00,1.440000057220459,1.4800000190734863,1.4299999475479126,1.4800000190734863,13800,0.0,0.0
2023-10-27 00:00:00-04:00,1.440000057220459,1.496999979019165,1.4199999570846558,1.4500000476837158,16200,0.0,0.0
2023-10-30 00:00:00-04:00,1.440000057220459,1.4700000286102295,1.4199999570846558,1.4299999475479126,3300,0.0,0.0
2023-10-31 00:00:00-04:00,1.4210000038146973,1.4299999475479126,1.0800000429153442,1.149999976158142,108700,0.0,0.0
2023-11-01 00:00:00-04:00,1.1130000352859497,1.1699999570846558,1.1130000352859497,1.1699999570846558,4600,0.0,0.0
2023-11-02 00:00:00-04:00,1.090000033378601,1.2450000047683716,1.090000033378601,1.2200000286102295,4400,0.0,0.0
2023-11-03 00:00:00-04:00,1.2999999523162842,1.2999999523162842,1.2300000190734863,1.2300000190734863,1700,0.0,0.0
2023-11-06 00:00:00-05:00,1.1699999570846558,1.2910000085830688,1.1699999570846558,1.2910000085830688,600,0.0,0.0
2023-11-07 00:00:00-05:00,1.25,1.25,1.2300000190734863,1.2300000190734863,1900,0.0,0.0
2023-11-08 00:00:00-05:00,1.1799999475479126,1.2999999523162842,1.1799999475479126,1.2999999523162842,2100,0.0,0.0
2023-11-09 00:00:00-05:00,1.2599999904632568,1.2899999618530273,1.1299999952316284,1.190000057220459,10400,0.0,0.0
2023-11-10 00:00:00-05:00,1.1200000047683716,1.2400000095367432,1.1200000047683716,1.2400000095367432,2500,0.0,0.0
2023-11-13 00:00:00-05:00,1.149999976158142,1.2300000190734863,1.1100000143051147,1.149999976158142,2400,0.0,0.0
2023-11-14 00:00:00-05:00,1.1449999809265137,1.1740000247955322,1.0700000524520874,1.090000033378601,21800,0.0,0.0
2023-11-15 00:00:00-05:00,1.149999976158142,1.25,1.1299999952316284,1.149999976158142,18300,0.0,0.0
2023-11-16 00:00:00-05:00,1.2400000095367432,1.2400000095367432,1.159999966621399,1.159999966621399,700,0.0,0.0
2023-11-17 00:00:00-05:00,1.1200000047683716,1.1699999570846558,1.1200000047683716,1.1299999952316284,2200,0.0,0.0
2023-11-20 00:00:00-05:00,1.1619999408721924,1.2300000190734863,1.0299999713897705,1.2300000190734863,7300,0.0,0.0
2023-11-21 00:00:00-05:00,1.1299999952316284,1.1419999599456787,1.0540000200271606,1.100000023841858,5600,0.0,0.0
2023-11-22 00:00:00-05:00,1.218000054359436,1.218000054359436,1.0700000524520874,1.090000033378601,9300,0.0,0.0
2023-11-24 00:00:00-05:00,1.2200000286102295,1.2200000286102295,1.0700000524520874,1.0700000524520874,4100,0.0,0.0
2023-11-27 00:00:00-05:00,1.0700000524520874,1.215999960899353,1.0700000524520874,1.100000023841858,1600,0.0,0.0
2023-11-28 00:00:00-05:00,1.1679999828338623,1.1799999475479126,1.093999981880188,1.125,1200,0.0,0.0
2023-11-29 00:00:00-05:00,1.1100000143051147,1.1699999570846558,1.100000023841858,1.100000023841858,1000,0.0,0.0
2023-11-30 00:00:00-05:00,1.0700000524520874,1.1699999570846558,1.0499999523162842,1.0499999523162842,13200,0.0,0.0
2023-12-01 00:00:00-05:00,1.1510000228881836,1.1510000228881836,1.0399999618530273,1.1050000190734863,4000,0.0,0.0
2023-12-04 00:00:00-05:00,1.0499999523162842,1.059999942779541,1.0399999618530273,1.059999942779541,8900,0.0,0.0
2023-12-05 00:00:00-05:00,1.0299999713897705,1.1799999475479126,1.0299999713897705,1.1100000143051147,14700,0.0,0.0
2023-12-06 00:00:00-05:00,1.100000023841858,1.100000023841858,1.0399999618530273,1.090999960899353,3000,0.0,0.0
2023-12-07 00:00:00-05:00,1.0499999523162842,1.1799999475479126,1.0299999713897705,1.0499999523162842,10500,0.0,0.0
2023-12-08 00:00:00-05:00,1.0429999828338623,1.0789999961853027,1.0299999713897705,1.0540000200271606,3100,0.0,0.0
2023-12-11 00:00:00-05:00,1.1100000143051147,1.1100000143051147,1.0299999713897705,1.0700000524520874,7500,0.0,0.0
2023-12-12 00:00:00-05:00,1.1100000143051147,1.159999966621399,1.0299999713897705,1.0299999713897705,19900,0.0,0.0
2023-12-13 00:00:00-05:00,1.0360000133514404,1.100000023841858,1.0099999904632568,1.0099999904632568,11200,0.0,0.0
2023-12-14 00:00:00-05:00,1.0399999618530273,1.0499999523162842,1.0399999618530273,1.0499999523162842,900,0.0,0.0
2023-12-15 00:00:00-05:00,1.149999976158142,1.2799999713897705,1.0299999713897705,1.1100000143051147,89500,0.0,0.0
2023-12-18 00:00:00-05:00,1.0700000524520874,1.1779999732971191,1.0700000524520874,1.1169999837875366,3000,0.0,0.0
2023-12-19 00:00:00-05:00,1.0700000524520874,1.190000057220459,1.0700000524520874,1.159999966621399,1600,0.0,0.0
2023-12-20 00:00:00-05:00,1.090000033378601,1.159999966621399,1.0800000429153442,1.159999966621399,5000,0.0,0.0
2023-12-21 00:00:00-05:00,1.1299999952316284,1.1299999952316284,1.0959999561309814,1.100000023841858,900,0.0,0.0
2023-12-22 00:00:00-05:00,1.1299999952316284,1.1399999856948853,1.1100000143051147,1.1299999952316284,3400,0.0,0.0
2023-12-26 00:00:00-05:00,1.1100000143051147,1.1200000047683716,1.100000023841858,1.1200000047683716,4200,0.0,0.0
2023-12-27 00:00:00-05:00,1.1399999856948853,1.1399999856948853,1.0299999713897705,1.031000018119812,20100,0.0,0.0
2023-12-28 00:00:00-05:00,1.090000033378601,1.149999976158142,1.0299999713897705,1.0499999523162842,9700,0.0,0.0
2023-12-29 00:00:00-05:00,1.0440000295639038,1.1699999570846558,1.0299999713897705,1.100000023841858,59700,0.0,0.0
2024-01-02 00:00:00-05:00,1.100000023841858,1.1100000143051147,1.0499999523162842,1.0499999523162842,6300,0.0,0.0
2024-01-03 00:00:00-05:00,1.1009999513626099,1.1299999952316284,0.9900000095367432,1.059999942779541,54800,0.0,0.0
2024-01-04 00:00:00-05:00,1.100000023841858,1.100000023841858,0.9990000128746033,1.0199999809265137,19900,0.0,0.0
2024-01-05 00:00:00-05:00,0.996999979019165,1.100000023841858,0.9909999966621399,1.0700000524520874,39300,0.0,0.0
2024-01-08 00:00:00-05:00,1.0399999618530273,1.059999942779541,1.0299999713897705,1.031000018119812,8000,0.0,0.0
2024-01-09 00:00:00-05:00,1.0449999570846558,1.059999942779541,1.0299999713897705,1.059999942779541,4000,0.0,0.0
2024-01-10 00:00:00-05:00,1.090000033378601,1.090000033378601,1.0,1.0870000123977661,11400,0.0,0.0
2024-01-11 00:00:00-05:00,1.0720000267028809,1.0800000429153442,1.0199999809265137,1.0800000429153442,800,0.0,0.0
2024-01-12 00:00:00-05:00,1.0470000505447388,1.065000057220459,1.0169999599456787,1.0169999599456787,4200,0.0,0.0
2024-01-16 00:00:00-05:00,1.0099999904632568,1.059999942779541,1.0099999904632568,1.059999942779541,2000,0.0,0.0
2024-01-17 00:00:00-05:00,1.0700000524520874,1.0700000524520874,1.0299999713897705,1.0299999713897705,2000,0.0,0.0
2024-01-18 00:00:00-05:00,1.0199999809265137,1.0199999809265137,1.0099999904632568,1.0199999809265137,1600,0.0,0.0
2024-01-19 00:00:00-05:00,1.0470000505447388,1.0470000505447388,1.0,1.0,15300,0.0,0.0
2024-01-22 00:00:00-05:00,1.0,1.0499999523162842,1.0,1.0499999523162842,16900,0.0,0.0
2024-01-23 00:00:00-05:00,1.0010000467300415,1.0299999713897705,1.0,1.0,6800,0.0,0.0
2024-01-24 00:00:00-05:00,1.0499999523162842,1.100000023841858,1.0199999809265137,1.0549999475479126,18200,0.0,0.0
2024-01-25 00:00:00-05:00,1.0420000553131104,1.0420000553131104,1.0099999904632568,1.0099999904632568,8600,0.0,0.0
2024-01-26 00:00:00-05:00,1.0160000324249268,1.0399999618530273,1.0,1.0,3500,0.0,0.0
2024-01-29 00:00:00-05:00,1.0,1.0,1.0,1.0,600,0.0,0.0
2024-01-30 00:00:00-05:00,1.0,1.0099999904632568,1.0,1.0,2400,0.0,0.0
2024-01-31 00:00:00-05:00,1.0099999904632568,1.0099999904632568,1.0,1.0,1800,0.0,0.0
2024-02-01 00:00:00-05:00,1.0099999904632568,1.100000023841858,1.0,1.0,7700,0.0,0.0
2024-02-02 00:00:00-05:00,1.0219999551773071,1.034999966621399,1.0,1.0,6000,0.0,0.0
2024-02-05 00:00:00-05:00,1.059999942779541,1.059999942779541,0.9900000095367432,0.9900000095367432,3300,0.0,0.0
2024-02-06 00:00:00-05:00,0.9900000095367432,1.024999976158142,0.9900000095367432,1.0,1700,0.0,0.0
2024-02-07 00:00:00-05:00,0.9909999966621399,1.0099999904632568,0.9869999885559082,0.9869999885559082,3400,0.0,0.0
2024-02-08 00:00:00-05:00,0.9810000061988831,0.9909999966621399,0.9800000190734863,0.9800000190734863,1900,0.0,0.0
2024-02-09 00:00:00-05:00,0.9900000095367432,1.0,0.9850000143051147,1.0,3700,0.0,0.0
2024-02-12 00:00:00-05:00,1.0,1.0499999523162842,1.0,1.0099999904632568,7500,0.0,0.0
2024-02-13 00:00:00-05:00,1.0449999570846558,1.090000033378601,1.0199999809265137,1.0240000486373901,11400,0.0,0.0
2024-02-14 00:00:00-05:00,1.0,1.0199999809265137,1.0,1.0199999809265137,1400,0.0,0.0
2024-02-15 00:00:00-05:00,1.0449999570846558,1.0499999523162842,1.0,1.0499999523162842,15000,0.0,0.0
2024-02-16 00:00:00-05:00,1.0499999523162842,1.0499999523162842,0.9800000190734863,1.0299999713897705,75600,0.0,0.0
2024-02-20 00:00:00-05:00,1.0099999904632568,1.0499999523162842,0.9819999933242798,1.0199999809265137,20900,0.0,0.0
2024-02-21 00:00:00-05:00,1.0,1.0,0.9860000014305115,0.9900000095367432,4400,0.0,0.0
2024-02-22 00:00:00-05:00,0.9900000095367432,0.9900000095367432,0.9800000190734863,0.9800000190734863,4900,0.0,0.0
2024-02-23 00:00:00-05:00,0.9990000128746033,0.9990000128746033,0.9800000190734863,0.9990000128746033,1900,0.0,0.0
2024-02-26 00:00:00-05:00,1.0,1.0,0.9710000157356262,0.9710000157356262,2100,0.0,0.0
2024-02-27 00:00:00-05:00,0.9800000190734863,0.9800000190734863,0.9309999942779541,0.9380000233650208,20100,0.0,0.0
2024-02-28 00:00:00-05:00,0.949999988079071,0.9900000095367432,0.9300000071525574,0.9300000071525574,9200,0.0,0.0
2024-02-29 00:00:00-05:00,0.9279999732971191,0.949999988079071,0.9279999732971191,0.949999988079071,10900,0.0,0.0
2024-03-01 00:00:00-05:00,0.9929999709129333,0.9929999709129333,0.9300000071525574,0.9649999737739563,5000,0.0,0.0
2024-03-04 00:00:00-05:00,0.949999988079071,0.949999988079071,0.9300000071525574,0.9300000071525574,2900,0.0,0.0
2024-03-05 00:00:00-05:00,0.9399999976158142,0.9399999976158142,0.8700000047683716,0.8849999904632568,11600,0.0,0.0
2024-03-06 00:00:00-05:00,0.9399999976158142,0.9399999976158142,0.8700000047683716,0.9300000071525574,11200,0.0,0.0
2024-03-07 00:00:00-05:00,0.8999999761581421,0.8999999761581421,0.8700000047683716,0.8999999761581421,11600,0.0,0.0
2024-03-08 00:00:00-05:00,0.8799999952316284,0.9399999976158142,0.8799999952316284,0.8849999904632568,2000,0.0,0.0
2024-03-11 00:00:00-04:00,0.8700000047683716,1.0199999809265137,0.8700000047683716,0.9900000095367432,55400,0.0,0.0
2024-03-12 00:00:00-04:00,1.0,1.1100000143051147,1.0,1.090000033378601,76200,0.0,0.0
2024-03-13 00:00:00-04:00,1.0800000429153442,1.149999976158142,1.0800000429153442,1.100000023841858,34600,0.0,0.0
2024-03-14 00:00:00-04:00,1.100000023841858,1.1200000047683716,1.059999942779541,1.059999942779541,5900,0.0,0.0
2024-03-15 00:00:00-04:00,1.1399999856948853,1.2100000381469727,1.100000023841858,1.1299999952316284,31600,0.0,0.0
2024-03-18 00:00:00-04:00,1.1799999475479126,1.1799999475479126,1.1299999952316284,1.1299999952316284,4500,0.0,0.0
2024-03-19 00:00:00-04:00,1.1299999952316284,1.149999976158142,1.090000033378601,1.090000033378601,5300,0.0,0.0
2024-03-20 00:00:00-04:00,1.100000023841858,1.1059999465942383,1.100000023841858,1.100000023841858,1800,0.0,0.0
2024-03-21 00:00:00-04:00,1.1100000143051147,1.2000000476837158,1.100000023841858,1.1299999952316284,4300,0.0,0.0
2024-03-22 00:00:00-04:00,1.184999942779541,1.184999942779541,1.090000033378601,1.100000023841858,25300,0.0,0.0
2024-03-25 00:00:00-04:00,1.0800000429153442,1.0800000429153442,1.0499999523162842,1.0499999523162842,6700,0.0,0.0
2024-03-26 00:00:00-04:00,1.0499999523162842,1.0800000429153442,1.0,1.0700000524520874,17400,0.0,0.0
2024-03-27 00:00:00-04:00,1.25,1.25,1.0399999618530273,1.0399999618530273,7100,0.0,0.0
2024-03-28 00:00:00-04:00,1.0399999618530273,1.1799999475479126,0.9900000095367432,1.059999942779541,58500,0.0,0.0
2024-04-01 00:00:00-04:00,1.0800000429153442,1.1349999904632568,1.0750000476837158,1.1200000047683716,5400,0.0,0.0
2024-04-02 00:00:00-04:00,1.1299999952316284,1.1399999856948853,1.100000023841858,1.1299999952316284,11800,0.0,0.0
2024-04-03 00:00:00-04:00,1.1299999952316284,1.1299999952316284,1.100000023841858,1.1299999952316284,5900,0.0,0.0
2024-04-04 00:00:00-04:00,1.1399999856948853,1.1399999856948853,1.0299999713897705,1.0700000524520874,13800,0.0,0.0
2024-04-05 00:00:00-04:00,1.090000033378601,1.1050000190734863,1.0499999523162842,1.090000033378601,8500,0.0,0.0
2024-04-08 00:00:00-04:00,1.1100000143051147,1.1100000143051147,1.0499999523162842,1.0499999523162842,9200,0.0,0.0
2024-04-09 00:00:00-04:00,1.0499999523162842,1.0499999523162842,1.0499999523162842,1.0499999523162842,300,0.0,0.0
2024-04-10 00:00:00-04:00,1.0499999523162842,1.0770000219345093,0.9399999976158142,1.0299999713897705,2900,0.0,0.0
2024-04-11 00:00:00-04:00,1.0499999523162842,1.059999942779541,0.9399999976158142,1.0299999713897705,26000,0.0,0.0
2024-04-12 00:00:00-04:00,1.0199999809265137,1.0800000429153442,1.0,1.0,5600,0.0,0.0
2024-04-15 00:00:00-04:00,1.0199999809265137,1.0800000429153442,1.0099999904632568,1.0099999904632568,1600,0.0,0.0
2024-04-16 00:00:00-04:00,1.0099999904632568,1.059999942779541,0.9900000095367432,1.0099999904632568,14000,0.0,0.0
2024-04-17 00:00:00-04:00,1.0,1.0729999542236328,1.0,1.0449999570846558,7100,0.0,0.0
2024-04-18 00:00:00-04:00,1.0399999618530273,1.0399999618530273,1.0299999713897705,1.0299999713897705,500,0.0,0.0
2024-04-19 00:00:00-04:00,1.0399999618530273,1.0399999618530273,1.0099999904632568,1.0399999618530273,2800,0.0,0.0
2024-04-22 00:00:00-04:00,1.0399999618530273,1.0399999618530273,0.9789999723434448,1.0199999809265137,9300,0.0,0.0
2024-04-23 00:00:00-04:00,1.0,1.0989999771118164,1.0,1.0700000524520874,5400,0.0,0.0
2024-04-24 00:00:00-04:00,1.0989999771118164,1.0989999771118164,1.0989999771118164,1.0989999771118164,600,0.0,0.0
2024-04-25 00:00:00-04:00,1.0399999618530273,1.090000033378601,1.0399999618530273,1.059999942779541,8100,0.0,0.0
2024-04-26 00:00:00-04:00,1.0800000429153442,1.0800000429153442,1.0499999523162842,1.0499999523162842,900,0.0,0.0
2024-04-29 00:00:00-04:00,1.0099999904632568,1.0800000429153442,1.0099999904632568,1.065000057220459,21500,0.0,0.0
2024-04-30 00:00:00-04:00,1.0399999618530273,1.0800000429153442,1.0399999618530273,1.065000057220459,2600,0.0,0.0
2024-05-01 00:00:00-04:00,1.0800000429153442,1.100000023841858,1.0750000476837158,1.0989999771118164,14400,0.0,0.0
2024-05-02 00:00:00-04:00,1.149999976158142,1.2000000476837158,1.1480000019073486,1.1699999570846558,18800,0.0,0.0
2024-05-03 00:00:00-04:00,1.159999966621399,1.2200000286102295,1.149999976158142,1.1799999475479126,21200,0.0,0.0
2024-05-06 00:00:00-04:00,1.2000000476837158,1.2899999618530273,1.2000000476837158,1.25,27000,0.0,0.0
2024-05-07 00:00:00-04:00,1.2200000286102295,1.340000033378601,1.2200000286102295,1.2699999809265137,14700,0.0,0.0
2024-05-08 00:00:00-04:00,1.340000033378601,1.7799999713897705,1.3300000429153442,1.5399999618530273,303500,0.0,0.0
2024-05-09 00:00:00-04:00,1.5499999523162842,1.6510000228881836,1.2599999904632568,1.2949999570846558,108600,0.0,0.0
2024-05-10 00:00:00-04:00,1.5399999618530273,1.5479999780654907,1.2899999618530273,1.3300000429153442,41800,0.0,0.0
2024-05-13 00:00:00-04:00,1.350000023841858,1.4479999542236328,1.3200000524520874,1.3200000524520874,11300,0.0,0.0
2024-05-14 00:00:00-04:00,1.4700000286102295,1.4800000190734863,1.3700000047683716,1.4789999723434448,29900,0.0,0.0
2024-05-15 00:00:00-04:00,1.5099999904632568,1.600000023841858,1.49399995803833,1.5800000429153442,27100,0.0,0.0
2024-05-16 00:00:00-04:00,1.6349999904632568,1.75,1.6349999904632568,1.75,37200,0.0,0.0
2024-05-17 00:00:00-04:00,1.75,2.0,1.7450000047683716,1.9800000190734863,88100,0.0,0.0
2024-05-20 00:00:00-04:00,2.0999999046325684,2.249000072479248,1.809999942779541,2.0199999809265137,75000,0.0,0.0
2024-05-21 00:00:00-04:00,2.0899999141693115,2.1989998817443848,2.0799999237060547,2.130000114440918,24500,0.0,0.0
2024-05-22 00:00:00-04:00,2.2100000381469727,2.390000104904175,2.184999942779541,2.369999885559082,73500,0.0,0.0
2024-05-23 00:00:00-04:00,2.549999952316284,2.549999952316284,2.2160000801086426,2.2300000190734863,43800,0.0,0.0
2024-05-24 00:00:00-04:00,2.299999952316284,2.299999952316284,1.9600000381469727,2.200000047683716,64400,0.0,0.0
2024-05-28 00:00:00-04:00,2.319999933242798,2.319999933242798,2.1600000858306885,2.2200000286102295,36100,0.0,0.0
2024-05-29 00:00:00-04:00,2.2699999809265137,2.2699999809265137,2.140000104904175,2.180000066757202,14200,0.0,0.0
2024-05-30 00:00:00-04:00,2.2799999713897705,2.2799999713897705,2.0999999046325684,2.1700000762939453,30200,0.0,0.0
2024-05-31 00:00:00-04:00,2.2799999713897705,2.2899999618530273,2.1500000953674316,2.200000047683716,25200,0.0,0.0
2024-06-03 00:00:00-04:00,2.240000009536743,2.240000009536743,2.1740000247955322,2.2100000381469727,14400,0.0,0.0
2024-06-04 00:00:00-04:00,2.1700000762939453,2.2300000190734863,2.0850000381469727,2.1500000953674316,16700,0.0,0.0
2024-06-05 00:00:00-04:00,2.1500000953674316,2.200000047683716,2.109999895095825,2.180000066757202,10800,0.0,0.0
2024-06-06 00:00:00-04:00,2.180000066757202,2.259999990463257,2.140000104904175,2.194999933242798,8900,0.0,0.0
2024-06-07 00:00:00-04:00,2.0899999141693115,2.184999942779541,2.0899999141693115,2.180000066757202,6600,0.0,0.0
2024-06-10 00:00:00-04:00,2.2100000381469727,2.359999895095825,2.0,2.1600000858306885,55200,0.0,0.0
2024-06-11 00:00:00-04:00,2.2100000381469727,2.2300000190734863,2.1500000953674316,2.2300000190734863,64600,0.0,0.0
2024-06-12 00:00:00-04:00,2.299999952316284,2.299999952316284,2.2200000286102295,2.240000009536743,5000,0.0,0.0
2024-06-13 00:00:00-04:00,2.2100000381469727,2.609999895095825,2.200000047683716,2.390000104904175,114500,0.0,0.0
2024-06-14 00:00:00-04:00,2.569999933242798,2.7249999046325684,2.440000057220459,2.549999952316284,54500,0.0,0.0
2024-06-17 00:00:00-04:00,2.8399999141693115,2.8989999294281006,2.569999933242798,2.700000047683716,62000,0.0,0.0
2024-06-18 00:00:00-04:00,2.75,2.75,2.380000114440918,2.390000104904175,70600,0.0,0.0
2024-06-20 00:00:00-04:00,2.440000057220459,2.549999952316284,2.440000057220459,2.509999990463257,21200,0.0,0.0
2024-06-21 00:00:00-04:00,2.4700000286102295,2.5840001106262207,2.240999937057495,2.3499999046325684,63800,0.0,0.0
2024-06-24 00:00:00-04:00,2.3499999046325684,2.5799999237060547,2.3499999046325684,2.4000000953674316,17500,0.0,0.0
2024-06-25 00:00:00-04:00,2.4000000953674316,2.490000009536743,2.359999895095825,2.440000057220459,13800,0.0,0.0
2024-06-26 00:00:00-04:00,2.4700000286102295,2.4700000286102295,2.3499999046325684,2.440000057220459,18000,0.0,0.0
2024-06-27 00:00:00-04:00,2.430000066757202,2.4600000381469727,2.4000000953674316,2.4200000762939453,6500,0.0,0.0
2024-06-28 00:00:00-04:00,2.490000009536743,2.490000009536743,2.369999885559082,2.380000114440918,8200,0.0,0.0
2024-07-01 00:00:00-04:00,2.424999952316284,2.424999952316284,2.2899999618530273,2.2899999618530273,6400,0.0,0.0
2024-07-02 00:00:00-04:00,2.319999933242798,2.3529999256134033,2.2899999618530273,2.3399999141693115,13600,0.0,0.0
2024-07-03 00:00:00-04:00,2.2899999618530273,2.515000104904175,2.2300000190734863,2.2300000190734863,21500,0.0,0.0
2024-07-05 00:00:00-04:00,2.390000104904175,2.4000000953674316,2.259999990463257,2.259999990463257,8500,0.0,0.0
2024-07-08 00:00:00-04:00,2.325000047683716,2.4700000286102295,2.25,2.265000104904175,8100,0.0,0.0
2024-07-09 00:00:00-04:00,2.259999990463257,2.305000066757202,2.130000114440918,2.2200000286102295,28600,0.0,0.0
2024-07-10 00:00:00-04:00,2.25,2.3399999141693115,2.2279999256134033,2.3399999141693115,9000,0.0,0.0
2024-07-11 00:00:00-04:00,2.3499999046325684,2.6500000953674316,2.3499999046325684,2.5,29200,0.0,0.0
2024-07-12 00:00:00-04:00,2.549999952316284,2.559999942779541,2.5199999809265137,2.5399999618530273,26800,0.0,0.0
2024-07-15 00:00:00-04:00,2.5399999618530273,2.559999942779541,2.5299999713897705,2.5399999618530273,9500,0.0,0.0
2024-07-16 00:00:00-04:00,2.549999952316284,2.559999942779541,2.5199999809265137,2.5399999618530273,9000,0.0,0.0
2024-07-17 00:00:00-04:00,2.6500000953674316,3.2200000286102295,2.569999933242798,2.799999952316284,79000,0.0,0.0
2024-07-18 00:00:00-04:00,2.890000104904175,3.0999999046325684,2.8499999046325684,2.869999885559082,44000,0.0,0.0
2024-07-19 00:00:00-04:00,2.9000000953674316,2.950000047683716,2.8499999046325684,2.884999990463257,46700,0.0,0.0
2024-07-22 00:00:00-04:00,2.990000009536743,3.7200000286102295,2.9049999713897705,3.390000104904175,158800,0.0,0.0
2024-07-23 00:00:00-04:00,3.619999885559082,3.619999885559082,3.2799999713897705,3.4000000953674316,51900,0.0,0.0
2024-07-24 00:00:00-04:00,3.319999933242798,3.438999891281128,3.319999933242798,3.430000066757202,22400,0.0,0.0
2024-07-25 00:00:00-04:00,3.4700000286102295,3.549999952316284,3.25,3.4200000762939453,82100,0.0,0.0
2024-07-26 00:00:00-04:00,3.490000009536743,3.490000009536743,2.799999952316284,2.950000047683716,82700,0.0,0.0
2024-07-29 00:00:00-04:00,3.059999942779541,3.3389999866485596,3.0,3.069999933242798,19500,0.0,0.0
2024-07-30 00:00:00-04:00,3.200000047683716,3.200000047683716,2.819999933242798,2.8299999237060547,46700,0.0,0.0
2024-07-31 00:00:00-04:00,2.759999990463257,2.859999895095825,2.609999895095825,2.809999942779541,14700,0.0,0.0
2024-08-01 00:00:00-04:00,2.890000104904175,2.890000104904175,2.75,2.809999942779541,2500,0.0,0.0
2024-08-02 00:00:00-04:00,2.950000047683716,2.950000047683716,2.75,2.7899999618530273,11400,0.0,0.0
2024-08-05 00:00:00-04:00,2.75,3.059999942779541,2.309999942779541,2.6500000953674316,117600,0.0,0.0
2024-08-06 00:00:00-04:00,2.5799999237060547,2.990000009536743,2.575000047683716,2.9200000762939453,60100,0.0,0.0
2024-08-07 00:00:00-04:00,2.990000009536743,3.2699999809265137,2.559999942779541,2.7300000190734863,152300,0.0,0.0
2024-08-08 00:00:00-04:00,2.7300000190734863,2.7899999618530273,2.690000057220459,2.7100000381469727,12600,0.0,0.0
2024-08-09 00:00:00-04:00,2.5899999141693115,2.819999933242798,2.5399999618530273,2.5899999141693115,14800,0.0,0.0
2024-08-12 00:00:00-04:00,2.6429998874664307,2.6600000858306885,2.549999952316284,2.6600000858306885,7700,0.0,0.0
2024-08-13 00:00:00-04:00,2.680000066757202,2.680000066757202,2.609999895095825,2.6500000953674316,2500,0.0,0.0
2024-08-14 00:00:00-04:00,2.609999895095825,2.609999895095825,2.502000093460083,2.5250000953674316,2900,0.0,0.0
2024-08-15 00:00:00-04:00,2.5220000743865967,2.5220000743865967,2.4100000858306885,2.4800000190734863,6600,0.0,0.0
2024-08-16 00:00:00-04:00,2.5399999618530273,2.549999952316284,2.2249999046325684,2.240000009536743,35500,0.0,0.0
2024-08-19 00:00:00-04:00,2.1600000858306885,2.2669999599456787,2.0799999237060547,2.0999999046325684,29200,0.0,0.0
2024-08-20 00:00:00-04:00,2.0999999046325684,2.140000104904175,2.0399999618530273,2.140000104904175,3400,0.0,0.0
2024-08-21 00:00:00-04:00,2.119999885559082,2.190000057220459,2.119999885559082,2.1700000762939453,3400,0.0,0.0
2024-08-22 00:00:00-04:00,2.130000114440918,2.200000047683716,2.0799999237060547,2.190000057220459,9300,0.0,0.0
2024-08-23 00:00:00-04:00,2.1700000762939453,2.1700000762939453,2.0999999046325684,2.119999885559082,12600,0.0,0.0
2024-08-26 00:00:00-04:00,2.140000104904175,2.1500000953674316,1.940000057220459,2.0299999713897705,28900,0.0,0.0
2024-08-27 00:00:00-04:00,2.0,2.1449999809265137,1.7300000190734863,1.8849999904632568,39100,0.0,0.0
2024-08-28 00:00:00-04:00,1.899999976158142,1.9630000591278076,1.8700000047683716,1.899999976158142,6500,0.0,0.0
2024-08-29 00:00:00-04:00,1.899999976158142,1.9900000095367432,1.8799999952316284,1.9199999570846558,8000,0.0,0.0
2024-08-30 00:00:00-04:00,1.9199999570846558,2.0899999141693115,1.9199999570846558,2.0899999141693115,6700,0.0,0.0
2024-09-03 00:00:00-04:00,2.0899999141693115,2.319999933242798,2.0899999141693115,2.2799999713897705,18400,0.0,0.0
2024-09-04 00:00:00-04:00,2.3949999809265137,2.430000066757202,2.259999990463257,2.2899999618530273,8100,0.0,0.0
2024-09-05 00:00:00-04:00,2.3299999237060547,2.3299999237060547,2.119999885559082,2.119999885559082,11000,0.0,0.0
2024-09-06 00:00:00-04:00,2.1600000858306885,2.424999952316284,2.1500000953674316,2.1500000953674316,4900,0.0,0.0
2024-09-09 00:00:00-04:00,2.119999885559082,2.369999885559082,2.119999885559082,2.2300000190734863,4200,0.0,0.0
2024-09-10 00:00:00-04:00,2.3499999046325684,2.390000104904175,2.200000047683716,2.2100000381469727,8700,0.0,0.0
2024-09-11 00:00:00-04:00,2.2709999084472656,2.319999933242798,2.25,2.2799999713897705,7100,0.0,0.0
2024-09-12 00:00:00-04:00,2.2899999618530273,2.450000047683716,2.2899999618530273,2.390000104904175,1600,0.0,0.0
2024-09-13 00:00:00-04:00,2.2899999618530273,2.378999948501587,2.2799999713897705,2.3399999141693115,4900,0.0,0.0
2024-09-16 00:00:00-04:00,2.299999952316284,2.3399999141693115,2.2869999408721924,2.299999952316284,3100,0.0,0.0
2024-09-17 00:00:00-04:00,2.3299999237060547,2.3499999046325684,2.319999933242798,2.3499999046325684,2200,0.0,0.0
2024-09-18 00:00:00-04:00,2.325000047683716,2.3399999141693115,2.200000047683716,2.200000047683716,18200,0.0,0.0
2024-09-19 00:00:00-04:00,2.2799999713897705,2.375999927520752,2.2799999713897705,2.3499999046325684,10800,0.0,0.0
2024-09-20 00:00:00-04:00,2.390000104904175,2.700000047683716,2.390000104904175,2.559999942779541,116900,0.0,0.0
2024-09-23 00:00:00-04:00,2.549999952316284,2.700000047683716,2.494999885559082,2.559999942779541,29700,0.0,0.0
2024-09-24 00:00:00-04:00,2.5999999046325684,2.700000047683716,2.559999942779541,2.700000047683716,4000,0.0,0.0
2024-09-25 00:00:00-04:00,2.6549999713897705,2.999000072479248,2.6500000953674316,2.7799999713897705,47600,0.0,0.0
2024-09-26 00:00:00-04:00,2.799999952316284,2.950000047683716,2.799999952316284,2.799999952316284,22900,0.0,0.0
2024-09-27 00:00:00-04:00,2.799999952316284,2.819999933242798,2.7300000190734863,2.7899999618530273,9200,0.0,0.0
2024-09-30 00:00:00-04:00,2.740000009536743,2.7799999713897705,2.740000009536743,2.7799999713897705,1700,0.0,0.0
2024-10-01 00:00:00-04:00,2.809999942779541,2.950000047683716,2.740000009536743,2.950000047683716,900,0.0,0.0
2024-10-02 00:00:00-04:00,2.9700000286102295,2.9700000286102295,2.8499999046325684,2.8949999809265137,1900,0.0,0.0
2024-10-03 00:00:00-04:00,2.8550000190734863,2.8550000190734863,2.8550000190734863,2.8550000190734863,400,0.0,0.0
2024-10-04 00:00:00-04:00,2.88700008392334,2.88700008392334,2.7699999809265137,2.7699999809265137,2500,0.0,0.0
2024-10-07 00:00:00-04:00,2.7200000286102295,2.878000020980835,2.609999895095825,2.609999895095825,4500,0.0,0.0
2024-10-08 00:00:00-04:00,2.816999912261963,2.816999912261963,2.4200000762939453,2.4200000762939453,18200,0.0,0.0
2024-10-09 00:00:00-04:00,2.890000104904175,2.890000104904175,2.319999933242798,2.319999933242798,10200,0.0,0.0
2024-10-10 00:00:00-04:00,2.3499999046325684,2.509999990463257,2.3499999046325684,2.509999990463257,15000,0.0,0.0
2024-10-11 00:00:00-04:00,2.890000104904175,2.890000104904175,2.440000057220459,2.450000047683716,116000,0.0,0.0
2024-10-14 00:00:00-04:00,2.430000066757202,2.811000108718872,2.430000066757202,2.630000114440918,9300,0.0,0.0
2024-10-15 00:00:00-04:00,2.700000047683716,2.8239998817443848,2.6500000953674316,2.700000047683716,7000,0.0,0.0
2024-10-16 00:00:00-04:00,2.9000000953674316,2.950000047683716,2.6500000953674316,2.7100000381469727,50400,0.0,0.0
2024-10-17 00:00:00-04:00,2.9000000953674316,3.0,2.309999942779541,2.549999952316284,108100,0.0,0.0
2024-10-18 00:00:00-04:00,2.5999999046325684,2.7149999141693115,2.569999933242798,2.700000047683716,9300,0.0,0.0
2024-10-21 00:00:00-04:00,2.6500000953674316,2.890000104904175,2.6500000953674316,2.859999895095825,7800,0.0,0.0
2024-10-22 00:00:00-04:00,2.7200000286102295,2.930000066757202,2.6500000953674316,2.6500000953674316,6900,0.0,0.0
2024-10-23 00:00:00-04:00,2.6600000858306885,2.802000045776367,2.6600000858306885,2.799999952316284,1100,0.0,0.0
2024-10-24 00:00:00-04:00,2.680000066757202,2.877000093460083,2.6500000953674316,2.6500000953674316,45300,0.0,0.0
2024-10-25 00:00:00-04:00,2.884000062942505,3.0,2.6600000858306885,2.7100000381469727,24200,0.0,0.0
2024-10-28 00:00:00-04:00,2.700000047683716,2.9000000953674316,2.690000057220459,2.890000104904175,4400,0.0,0.0
2024-10-29 00:00:00-04:00,2.890000104904175,2.934999942779541,2.869999885559082,2.9200000762939453,3000,0.0,0.0
2024-10-30 00:00:00-04:00,2.9000000953674316,2.9000000953674316,2.700000047683716,2.8299999237060547,10800,0.0,0.0
2024-10-31 00:00:00-04:00,2.859999895095825,3.0,2.75,2.7799999713897705,2400,0.0,0.0
2024-11-01 00:00:00-04:00,2.7799999713897705,2.809999942779541,2.6500000953674316,2.7799999713897705,22700,0.0,0.0
2024-11-04 00:00:00-05:00,2.8499999046325684,2.8499999046325684,2.7100000381469727,2.7100000381469727,1800,0.0,0.0
2024-11-05 00:00:00-05:00,2.7300000190734863,2.760999917984009,2.619999885559082,2.700000047683716,8400,0.0,0.0
2024-11-06 00:00:00-05:00,2.6700000762939453,2.8450000286102295,2.5999999046325684,2.6500000953674316,11300,0.0,0.0
2024-11-07 00:00:00-05:00,2.6700000762939453,2.799999952316284,2.6700000762939453,2.6700000762939453,2000,0.0,0.0
2024-11-08 00:00:00-05:00,2.6600000858306885,2.880000114440918,2.615000009536743,2.7219998836517334,8400,0.0,0.0
2024-11-11 00:00:00-05:00,2.7730000019073486,2.878000020980835,2.549999952316284,2.5999999046325684,17900,0.0,0.0
2024-11-12 00:00:00-05:00,2.5799999237060547,2.7769999504089355,2.4700000286102295,2.7100000381469727,14400,0.0,0.0
2024-11-13 00:00:00-05:00,2.740000009536743,2.9660000801086426,2.549999952316284,2.5899999141693115,61900,0.0,0.0
2024-11-14 00:00:00-05:00,2.4100000858306885,2.7100000381469727,2.4100000858306885,2.7100000381469727,20400,0.0,0.0
2024-11-15 00:00:00-05:00,2.819999933242798,2.869999885559082,2.7009999752044678,2.740000009536743,6200,0.0,0.0
2024-11-18 00:00:00-05:00,2.7300000190734863,3.0950000286102295,2.7300000190734863,3.0399999618530273,21700,0.0,0.0
2024-11-19 00:00:00-05:00,3.134999990463257,3.3499999046325684,2.990000009536743,3.059999942779541,63900,0.0,0.0
2024-11-20 00:00:00-05:00,3.059999942779541,3.109999895095825,3.0199999809265137,3.0999999046325684,11000,0.0,0.0
2024-11-21 00:00:00-05:00,3.0899999141693115,3.2300000190734863,2.930000066757202,3.0899999141693115,15400,0.0,0.0
2024-11-22 00:00:00-05:00,2.990000009536743,3.2019999027252197,2.9800000190734863,3.049999952316284,14400,0.0,0.0
2024-11-25 00:00:00-05:00,3.0399999618530273,3.25,3.0399999618530273,3.0799999237060547,19800,0.0,0.0
2024-11-26 00:00:00-05:00,3.1600000858306885,3.190000057220459,3.0,3.049999952316284,11700,0.0,0.0
2024-11-27 00:00:00-05:00,3.0899999141693115,3.115000009536743,3.0399999618530273,3.0799999237060547,13100,0.0,0.0
2024-11-29 00:00:00-05:00,3.0999999046325684,3.130000114440918,3.055000066757202,3.0799999237060547,12700,0.0,0.0
2024-12-02 00:00:00-05:00,3.190000057220459,4.070000171661377,3.121000051498413,3.9000000953674316,166100,0.0,0.0
2024-12-03 00:00:00-05:00,4.190000057220459,4.190000057220459,3.2899999618530273,3.630000114440918,139100,0.0,0.0
2024-12-04 00:00:00-05:00,3.450000047683716,3.6500000953674316,3.450000047683716,3.6500000953674316,13300,0.0,0.0
2024-12-05 00:00:00-05:00,3.7300000190734863,3.9230000972747803,3.5999999046325684,3.6449999809265137,25000,0.0,0.0
2024-12-06 00:00:00-05:00,3.740000009536743,3.759999990463257,3.549999952316284,3.75,23000,0.0,0.0
2024-12-09 00:00:00-05:00,3.874000072479248,3.9100000858306885,3.622999906539917,3.75,26700,0.0,0.0
2024-12-10 00:00:00-05:00,3.8499999046325684,3.8499999046325684,3.549999952316284,3.619999885559082,20800,0.0,0.0
2024-12-11 00:00:00-05:00,3.7100000381469727,4.067999839782715,3.700000047683716,3.859999895095825,53700,0.0,0.0
2024-12-12 00:00:00-05:00,3.9600000381469727,4.099999904632568,3.7300000190734863,3.8399999141693115,25700,0.0,0.0
2024-12-13 00:00:00-05:00,3.9000000953674316,3.9089999198913574,3.6700000762939453,3.7799999713897705,10300,0.0,0.0
2024-12-16 00:00:00-05:00,3.7899999618530273,3.9170000553131104,3.549999952316284,3.75,33500,0.0,0.0
2024-12-17 00:00:00-05:00,4.0,4.072999954223633,3.5999999046325684,3.6600000858306885,56400,0.0,0.0
2024-12-18 00:00:00-05:00,3.7209999561309814,3.763000011444092,3.6500000953674316,3.6600000858306885,20100,0.0,0.0
2024-12-19 00:00:00-05:00,3.680000066757202,3.75,3.619999885559082,3.740000009536743,9100,0.0,0.0
2024-12-20 00:00:00-05:00,3.7200000286102295,4.034999847412109,3.7200000286102295,3.950000047683716,22900,0.0,0.0
2024-12-23 00:00:00-05:00,3.9000000953674316,3.9000000953674316,3.759999990463257,3.818000078201294,7000,0.0,0.0
2024-12-24 00:00:00-05:00,3.8299999237060547,4.0,3.759999990463257,3.950000047683716,17900,0.0,0.0
2024-12-26 00:00:00-05:00,4.0,4.010000228881836,3.799999952316284,3.990000009536743,38200,0.0,0.0
2024-12-27 00:00:00-05:00,4.050000190734863,4.889999866485596,4.013000011444092,4.804999828338623,163100,0.0,0.0
2024-12-30 00:00:00-05:00,4.960000038146973,4.960000038146973,3.809999942779541,4.119999885559082,99800,0.0,0.0
2024-12-31 00:00:00-05:00,4.230000019073486,4.263999938964844,3.759999990463257,4.120999813079834,38000,0.0,0.0
2025-01-02 00:00:00-05:00,3.9700000286102295,4.235000133514404,3.759999990463257,4.125,13500,0.0,0.0
2025-01-03 00:00:00-05:00,3.930000066757202,4.0960001945495605,3.7799999713897705,3.930000066757202,20800,0.0,0.0
2025-01-06 00:00:00-05:00,3.940000057220459,4.111999988555908,3.752000093460083,3.805999994277954,15400,0.0,0.0
2025-01-07 00:00:00-05:00,4.019999980926514,4.079999923706055,3.75,3.9739999771118164,19700,0.0,0.0
2025-01-08 00:00:00-05:00,3.740000009536743,3.9189999103546143,3.7300000190734863,3.8469998836517334,21300,0.0,0.0
2025-01-10 00:00:00-05:00,3.859999895095825,4.110000133514404,3.859999895095825,4.050000190734863,11800,0.0,0.0
2025-01-13 00:00:00-05:00,3.890000104904175,4.050000190734863,3.8499999046325684,3.940000057220459,47700,0.0,0.0
2025-01-14 00:00:00-05:00,4.109000205993652,4.109000205993652,3.7799999713897705,3.7799999713897705,13800,0.0,0.0
2025-01-15 00:00:00-05:00,3.809999942779541,3.930000066757202,3.630000114440918,3.871000051498413,21200,0.0,0.0
2025-01-16 00:00:00-05:00,3.990000009536743,4.0970001220703125,3.8499999046325684,3.9549999237060547,13800,0.0,0.0
2025-01-17 00:00:00-05:00,4.050000190734863,4.400000095367432,3.9609999656677246,4.324999809265137,42500,0.0,0.0
2025-01-21 00:00:00-05:00,4.519999980926514,4.619999885559082,4.269999980926514,4.360000133514404,38100,0.0,0.0
2025-01-22 00:00:00-05:00,4.429999828338623,5.050000190734863,4.429999828338623,4.900000095367432,114000,0.0,0.0
2025-01-23 00:00:00-05:00,4.900000095367432,5.00600004196167,4.5,4.514999866485596,65500,0.0,0.0
2025-01-24 00:00:00-05:00,4.550000190734863,5.039999961853027,4.361000061035156,4.85699987411499,38400,0.0,0.0
2025-01-27 00:00:00-05:00,4.949999809265137,4.989999771118164,4.5,4.5,23600,0.0,0.0
2025-01-28 00:00:00-05:00,4.599999904632568,4.71999979019165,4.400000095367432,4.670000076293945,15900,0.0,0.0
2025-01-29 00:00:00-05:00,4.590000152587891,4.699999809265137,4.369999885559082,4.369999885559082,28800,0.0,0.0
2025-01-30 00:00:00-05:00,4.619999885559082,4.73799991607666,4.460000038146973,4.550000190734863,12300,0.0,0.0
2025-01-31 00:00:00-05:00,4.659999847412109,4.691999912261963,4.25,4.269999980926514,54700,0.0,0.0
2025-02-03 00:00:00-05:00,4.159999847412109,4.546999931335449,4.159999847412109,4.369999885559082,33900,0.0,0.0
2025-02-04 00:00:00-05:00,4.318999767303467,4.949999809265137,4.25,4.769999980926514,39000,0.0,0.0
2025-02-05 00:00:00-05:00,4.835000038146973,4.882999897003174,4.5,4.614999771118164,16500,0.0,0.0
2025-02-06 00:00:00-05:00,4.610000133514404,4.900000095367432,4.460000038146973,4.677999973297119,14100,0.0,0.0
2025-02-07 00:00:00-05:00,4.610000133514404,4.781000137329102,4.449999809265137,4.449999809265137,13300,0.0,0.0
2025-02-10 00:00:00-05:00,4.639999866485596,4.7779998779296875,4.5,4.630000114440918,12000,0.0,0.0
2025-02-11 00:00:00-05:00,4.599999904632568,4.690000057220459,4.409999847412109,4.474999904632568,13800,0.0,0.0
2025-02-12 00:00:00-05:00,4.565000057220459,4.639999866485596,4.349999904632568,4.349999904632568,8300,0.0,0.0
2025-02-13 00:00:00-05:00,4.559999942779541,5.072000026702881,4.5,4.820000171661377,78600,0.0,0.0
2025-02-14 00:00:00-05:00,4.96999979019165,5.329999923706055,4.599999904632568,5.139999866485596,96100,0.0,0.0
2025-02-18 00:00:00-05:00,5.239999771118164,5.289999961853027,5.0,5.110000133514404,30900,0.0,0.0
2025-02-19 00:00:00-05:00,5.150000095367432,5.5,5.059999942779541,5.5,36200,0.0,0.0
2025-02-20 00:00:00-05:00,5.809999942779541,5.809999942779541,5.320000171661377,5.340000152587891,42400,0.0,0.0
2025-02-21 00:00:00-05:00,5.75,5.75,5.010000228881836,5.139999866485596,35900,0.0,0.0
2025-02-24 00:00:00-05:00,5.400000095367432,5.400000095367432,4.599999904632568,4.940000057220459,42100,0.0,0.0
2025-02-25 00:00:00-05:00,4.639999866485596,4.639999866485596,3.615999937057495,4.0,128000,0.0,0.0
2025-02-26 00:00:00-05:00,4.14900016784668,4.27400016784668,3.700000047683716,3.9200000762939453,29700,0.0,0.0
2025-02-27 00:00:00-05:00,3.9000000953674316,3.9200000762939453,3.513000011444092,3.5199999809265137,24800,0.0,0.0
2025-02-28 00:00:00-05:00,3.4100000858306885,3.680000066757202,3.380000114440918,3.619999885559082,11600,0.0,0.0
2025-03-03 00:00:00-05:00,3.88700008392334,4.5,3.640000104904175,3.640000104904175,36900,0.0,0.0
2025-03-04 00:00:00-05:00,3.680000066757202,3.7009999752044678,3.3499999046325684,3.5369999408721924,50100,0.0,0.0
2025-03-05 00:00:00-05:00,3.6700000762939453,3.680999994277954,3.0899999141693115,3.2300000190734863,42500,0.0,0.0
2025-03-06 00:00:00-05:00,3.140000104904175,3.25,3.059999942779541,3.1500000953674316,26600,0.0,0.0
2025-03-07 00:00:00-05:00,3.255000114440918,3.4779999256134033,3.2100000381469727,3.25,23600,0.0,0.0
2025-03-10 00:00:00-04:00,3.2899999618530273,3.2899999618530273,2.9200000762939453,3.1500000953674316,34200,0.0,0.0
2025-03-11 00:00:00-04:00,3.134999990463257,3.2200000286102295,2.9739999771118164,3.0350000858306885,20400,0.0,0.0
2025-03-12 00:00:00-04:00,3.049999952316284,3.1619999408721924,2.7820000648498535,2.9200000762939453,22600,0.0,0.0
2025-03-13 00:00:00-04:00,2.9200000762939453,3.0399999618530273,2.5850000381469727,2.759999990463257,19200,0.0,0.0
2025-03-14 00:00:00-04:00,2.8550000190734863,2.865000009536743,2.609999895095825,2.819999933242798,10700,0.0,0.0
2025-03-17 00:00:00-04:00,2.7300000190734863,2.937999963760376,2.5999999046325684,2.700000047683716,33000,0.0,0.0
2025-03-18 00:00:00-04:00,2.6619999408721924,2.7290000915527344,2.549999952316284,2.5840001106262207,16900,0.0,0.0
2025-03-19 00:00:00-04:00,2.880000114440918,2.934000015258789,2.549999952316284,2.569999933242798,30400,0.0,0.0
2025-03-20 00:00:00-04:00,2.5799999237060547,2.6649999618530273,2.3399999141693115,2.3399999141693115,44300,0.0,0.0
2025-03-21 00:00:00-04:00,2.380000114440918,2.4000000953674316,2.0999999046325684,2.1700000762939453,28700,0.0,0.0
2025-03-24 00:00:00-04:00,2.2799999713897705,2.2920000553131104,2.069999933242798,2.0999999046325684,57300,0.0,0.0
2025-03-25 00:00:00-04:00,2.0899999141693115,2.2950000762939453,2.059999942779541,2.200000047683716,90000,0.0,0.0
2025-03-26 00:00:00-04:00,2.180000066757202,2.305000066757202,2.049999952316284,2.1050000190734863,107400,0.0,0.0
2025-03-27 00:00:00-04:00,2.0999999046325684,2.0999999046325684,1.8300000429153442,1.9900000095367432,61600,0.0,0.0
2025-03-28 00:00:00-04:00,1.899999976158142,2.0399999618530273,1.899999976158142,2.0199999809265137,8400,0.0,0.0
2025-03-31 00:00:00-04:00,1.9900000095367432,1.9900000095367432,1.8799999952316284,1.8899999856948853,27900,0.0,0.0
2025-04-01 00:00:00-04:00,1.8700000047683716,1.9509999752044678,1.8350000381469727,1.9320000410079956,12300,0.0,0.0
2025-04-02 00:00:00-04:00,1.9600000381469727,2.0799999237060547,1.899999976158142,1.9199999570846558,19800,0.0,0.0
2025-04-03 00:00:00-04:00,1.8200000524520874,1.909999966621399,1.7899999618530273,1.809999942779541,7900,0.0,0.0
2025-04-04 00:00:00-04:00,1.815999984741211,1.8650000095367432,1.590000033378601,1.600000023841858,27600,0.0,0.0
2025-04-07 00:00:00-04:00,1.5700000524520874,1.7400000095367432,1.5399999618530273,1.5800000429153442,25600,0.0,0.0
2025-04-08 00:00:00-04:00,1.690000057220459,1.7000000476837158,1.5,1.5199999809265137,15900,0.0,0.0
2025-04-09 00:00:00-04:00,1.5199999809265137,1.5700000524520874,1.4700000286102295,1.5199999809265137,13100,0.0,0.0
2025-04-10 00:00:00-04:00,1.559999942779541,1.559999942779541,1.4600000381469727,1.4600000381469727,5300,0.0,0.0
2025-04-11 00:00:00-04:00,1.4800000190734863,1.559999942779541,1.4199999570846558,1.4800000190734863,5400,0.0,0.0
2025-04-14 00:00:00-04:00,1.5499999523162842,1.6770000457763672,1.5399999618530273,1.6100000143051147,38700,0.0,0.0
2025-04-15 00:00:00-04:00,1.590000033378601,1.6660000085830688,1.5089999437332153,1.5089999437332153,5600,0.0,0.0
2025-04-16 00:00:00-04:00,1.6399999856948853,1.6399999856948853,1.4600000381469727,1.5099999904632568,10100,0.0,0.0
2025-04-17 00:00:00-04:00,1.6100000143051147,1.6100000143051147,1.399999976158142,1.440000057220459,4900,0.0,0.0
2025-04-21 00:00:00-04:00,1.4800000190734863,1.5199999809265137,1.3600000143051147,1.3700000047683716,12800,0.0,0.0
2025-04-22 00:00:00-04:00,1.559999942779541,1.559999942779541,1.3300000429153442,1.3799999952316284,4900,0.0,0.0
2025-04-23 00:00:00-04:00,1.4600000381469727,1.4600000381469727,1.3300000429153442,1.371999979019165,13000,0.0,0.0
2025-04-24 00:00:00-04:00,1.3700000047683716,1.4490000009536743,1.2899999618530273,1.2899999618530273,15000,0.0,0.0
2025-04-25 00:00:00-04:00,1.3860000371932983,1.3930000066757202,1.2669999599456787,1.309999942779541,9600,0.0,0.0
2025-04-28 00:00:00-04:00,1.350000023841858,1.402999997138977,1.309999942779541,1.3799999952316284,5100,0.0,0.0
2025-04-29 00:00:00-04:00,1.3700000047683716,1.440000057220459,1.3300000429153442,1.350000023841858,13200,0.0,0.0
2025-04-30 00:00:00-04:00,1.2899999618530273,1.4170000553131104,1.2899999618530273,1.3600000143051147,13700,0.0,0.0
2025-05-01 00:00:00-04:00,1.3600000143051147,1.649999976158142,1.3600000143051147,1.5700000524520874,32700,0.0,0.0
2025-05-02 00:00:00-04:00,1.5499999523162842,1.7999999523162842,1.5130000114440918,1.7949999570846558,21500,0.0,0.0
2025-05-05 00:00:00-04:00,1.7899999618530273,1.909999966621399,1.7899999618530273,1.8320000171661377,29100,0.0,0.0
2025-05-06 00:00:00-04:00,1.8849999904632568,2.549999952316284,1.7999999523162842,1.8070000410079956,1427600,0.0,0.0
2025-05-07 00:00:00-04:00,1.7999999523162842,1.809999942779541,1.5,1.5119999647140503,151400,0.0,0.0
2025-05-08 00:00:00-04:00,1.4700000286102295,1.7339999675750732,1.409999966621399,1.440000057220459,39500,0.0,0.0
2025-05-09 00:00:00-04:00,1.472000002861023,2.0,1.4700000286102295,1.649999976158142,283300,0.0,0.0
2025-05-12 00:00:00-04:00,1.6200000047683716,2.1559998989105225,1.600000023841858,1.968000054359436,209600,0.0,0.0
2025-05-13 00:00:00-04:00,1.899999976158142,2.190000057220459,1.8070000410079956,2.0399999618530273,95100,0.0,0.0
2025-05-14 00:00:00-04:00,1.9800000190734863,2.0739998817443848,1.9199999570846558,2.009999990463257,16800,0.0,0.0
2025-05-15 00:00:00-04:00,2.109999895095825,2.1649999618530273,2.0,2.0,64400,0.0,0.0
2025-05-16 00:00:00-04:00,2.0450000762939453,2.0799999237060547,1.8919999599456787,1.9299999475479126,24200,0.0,0.0
2025-05-19 00:00:00-04:00,1.8600000143051147,2.0199999809265137,1.7829999923706055,1.9199999570846558,17600,0.0,0.0
2025-05-20 00:00:00-04:00,1.909999966621399,1.9800000190734863,1.7300000190734863,1.850000023841858,46800,0.0,0.0
2025-05-21 00:00:00-04:00,1.8259999752044678,1.9800000190734863,1.7200000286102295,1.7200000286102295,23800,0.0,0.0
2025-05-22 00:00:00-04:00,1.7200000286102295,1.9129999876022339,1.684999942779541,1.7400000095367432,23200,0.0,0.0
2025-05-23 00:00:00-04:00,1.7000000476837158,1.8700000047683716,1.7000000476837158,1.7369999885559082,10100,0.0,0.0
2025-05-27 00:00:00-04:00,1.840000033378601,1.9299999475479126,1.7000000476837158,1.7999999523162842,56300,0.0,0.0
2025-05-28 00:00:00-04:00,1.7599999904632568,1.8799999952316284,1.6299999952316284,1.6699999570846558,33900,0.0,0.0
2025-05-29 00:00:00-04:00,1.6699999570846558,1.8569999933242798,1.590000033378601,1.7599999904632568,45600,0.0,0.0
2025-05-30 00:00:00-04:00,1.9500000476837158,2.1500000953674316,1.809999942779541,2.0999999046325684,177700,0.0,0.0
2025-06-02 00:00:00-04:00,2.069999933242798,2.190000057220459,1.75,1.8220000267028809,131000,0.0,0.0
2025-06-03 00:00:00-04:00,1.7999999523162842,1.7999999523162842,1.4500000476837158,1.5399999618530273,289300,0.0,0.0
2025-06-04 00:00:00-04:00,1.5299999713897705,1.6670000553131104,1.4500000476837158,1.5299999713897705,30600,0.0,0.0
2025-06-05 00:00:00-04:00,1.5099999904632568,1.6299999952316284,1.4789999723434448,1.5299999713897705,22200,0.0,0.0
2025-06-06 00:00:00-04:00,1.5299999713897705,1.7699999809265137,1.5210000276565552,1.7100000381469727,56000,0.0,0.0
2025-06-09 00:00:00-04:00,1.690000057220459,1.7400000095367432,1.5800000429153442,1.6799999475479126,20000,0.0,0.0
2025-06-10 00:00:00-04:00,1.725000023841858,1.7640000581741333,1.6699999570846558,1.6970000267028809,20900,0.0,0.0
2025-06-11 00:00:00-04:00,1.690000057220459,1.7200000286102295,1.6399999856948853,1.6799999475479126,18900,0.0,0.0
2025-06-12 00:00:00-04:00,1.7000000476837158,1.7510000467300415,1.6440000534057617,1.6799999475479126,14300,0.0,0.0
2025-06-13 00:00:00-04:00,1.7100000381469727,1.781000018119812,1.5499999523162842,1.5499999523162842,57200,0.0,0.0
2025-06-16 00:00:00-04:00,1.5099999904632568,1.6890000104904175,1.5099999904632568,1.5299999713897705,34700,0.0,0.0
2025-06-17 00:00:00-04:00,1.5399999618530273,1.6799999475479126,1.5399999618530273,1.600000023841858,40300,0.0,0.0
2025-06-18 00:00:00-04:00,1.5499999523162842,1.7699999809265137,1.5499999523162842,1.690000057220459,91700,0.0,0.0
2025-06-20 00:00:00-04:00,1.7000000476837158,1.9359999895095825,1.7000000476837158,1.7799999713897705,97100,0.0,0.0
2025-06-23 00:00:00-04:00,1.600000023841858,1.8700000047683716,1.600000023841858,1.7999999523162842,578400,0.0,0.0
2025-06-24 00:00:00-04:00,1.690000057220459,1.7899999618530273,1.6699999570846558,1.690000057220459,23600,0.0,0.0
2025-06-25 00:00:00-04:00,1.7400000095367432,1.9500000476837158,1.649999976158142,1.899999976158142,92700,0.0,0.0
2025-06-26 00:00:00-04:00,1.9600000381469727,1.9600000381469727,1.649999976158142,1.7599999904632568,134800,0.0,0.0
2025-06-27 00:00:00-04:00,1.718000054359436,1.7699999809265137,1.718000054359436,1.75,6500,0.0,0.0
2025-06-30 00:00:00-04:00,1.8200000524520874,1.8200000524520874,1.7100000381469727,1.7400000095367432,18300,0.0,0.0
2025-07-01 00:00:00-04:00,1.7630000114440918,1.8799999952316284,1.7400000095367432,1.7799999713897705,72500,0.0,0.0
2025-07-02 00:00:00-04:00,1.781000018119812,2.380000114440918,1.75,2.2699999809265137,1407400,0.0,0.0
2025-07-03 00:00:00-04:00,2.119999885559082,2.25,2.009999990463257,2.1600000858306885,322800,0.0,0.0
2025-07-07 00:00:00-04:00,2.109999895095825,2.140000104904175,1.850000023841858,1.9500000476837158,173400,0.0,0.0
2025-07-08 00:00:00-04:00,1.9299999475479126,2.259999990463257,1.8700000047683716,2.119999885559082,298900,0.0,0.0
2025-07-09 00:00:00-04:00,2.1700000762939453,2.190000057220459,2.0,2.0299999713897705,144900,0.0,0.0
2025-07-10 00:00:00-04:00,1.9800000190734863,2.25,1.899999976158142,2.25,190700,0.0,0.0
2025-07-11 00:00:00-04:00,2.180000066757202,2.369999885559082,2.1619999408721924,2.3399999141693115,183400,0.0,0.0
2025-07-14 00:00:00-04:00,2.259999990463257,2.5409998893737793,2.2200000286102295,2.450000047683716,149200,0.0,0.0
2025-07-15 00:00:00-04:00,2.440000057220459,2.5290000438690186,2.200000047683716,2.2100000381469727,98700,0.0,0.0
2025-07-16 00:00:00-04:00,2.259999990463257,2.4000000953674316,2.200000047683716,2.259999990463257,126400,0.0,0.0
2025-07-17 00:00:00-04:00,2.2699999809265137,2.438999891281128,2.2100000381469727,2.319999933242798,99900,0.0,0.0
2025-07-18 00:00:00-04:00,2.359999895095825,2.4749999046325684,2.2200000286102295,2.309999942779541,141400,0.0,0.0
2025-07-21 00:00:00-04:00,2.309999942779541,2.5899999141693115,2.309999942779541,2.440000057220459,215200,0.0,0.0
2025-07-22 00:00:00-04:00,2.509999990463257,2.5899999141693115,2.3350000381469727,2.3399999141693115,84800,0.0,0.0
2025-07-23 00:00:00-04:00,2.3499999046325684,2.4200000762939453,2.299999952316284,2.4000000953674316,56900,0.0,0.0
2025-07-24 00:00:00-04:00,2.450000047683716,2.489000082015991,2.0799999237060547,2.0999999046325684,134100,0.0,0.0
2025-07-25 00:00:00-04:00,2.194999933242798,2.194999933242798,1.9800000190734863,2.0399999618530273,46100,0.0,0.0
2025-07-28 00:00:00-04:00,2.0299999713897705,2.0299999713897705,1.8899999856948853,1.8899999856948853,36200,0.0,0.0
2025-07-29 00:00:00-04:00,1.9299999475479126,2.0999999046325684,1.7699999809265137,1.7799999713897705,106600,0.0,0.0
2025-07-30 00:00:00-04:00,1.7899999618530273,2.0269999504089355,1.7899999618530273,1.8600000143051147,95600,0.0,0.0
2025-07-31 00:00:00-04:00,1.8940000534057617,2.063999891281128,1.809999942779541,1.809999942779541,32500,0.0,0.0
2025-08-01 00:00:00-04:00,1.7599999904632568,1.8550000190734863,1.6200000047683716,1.6299999952316284,59300,0.0,0.0
2025-08-04 00:00:00-04:00,1.6399999856948853,1.9299999475479126,1.6299999952316284,1.7949999570846558,62200,0.0,0.0
2025-08-05 00:00:00-04:00,1.8600000143051147,1.8700000047683716,1.7300000190734863,1.7300000190734863,34200,0.0,0.0
2025-08-06 00:00:00-04:00,1.784999966621399,1.784999966621399,1.6319999694824219,1.7000000476837158,111200,0.0,0.0
2025-08-07 00:00:00-04:00,1.7699999809265137,1.7699999809265137,1.7200000286102295,1.7699999809265137,11300,0.0,0.0
2025-08-08 00:00:00-04:00,1.7799999713897705,1.850000023841858,1.7400000095367432,1.7860000133514404,24900,0.0,0.0
2025-08-11 00:00:00-04:00,1.7899999618530273,1.8200000524520874,1.6950000524520874,1.6950000524520874,20200,0.0,0.0
2025-08-12 00:00:00-04:00,1.690000057220459,1.725000023841858,1.6100000143051147,1.6399999856948853,15200,0.0,0.0
2025-08-13 00:00:00-04:00,1.659999966621399,1.8300000429153442,1.6200000047683716,1.7300000190734863,49200,0.0,0.0
2025-08-14 00:00:00-04:00,1.7699999809265137,1.7999999523162842,1.649999976158142,1.690000057220459,42700,0.0,0.0
2025-08-15 00:00:00-04:00,1.6399999856948853,1.8300000429153442,1.6399999856948853,1.659999966621399,29300,0.0,0.0
2025-08-18 00:00:00-04:00,1.784999966621399,1.784999966621399,1.659999966621399,1.7050000429153442,10300,0.0,0.0
2025-08-19 00:00:00-04:00,1.649999976158142,1.718999981880188,1.6109999418258667,1.659999966621399,12300,0.0,0.0
2025-08-20 00:00:00-04:00,1.625,1.6440000534057617,1.5509999990463257,1.600000023841858,14500,0.0,0.0
2025-08-21 00:00:00-04:00,1.600000023841858,1.6399999856948853,1.559999942779541,1.6399999856948853,18000,0.0,0.0
2025-08-22 00:00:00-04:00,1.6449999809265137,1.9830000400543213,1.6449999809265137,1.809999942779541,91200,0.0,0.0
2025-08-25 00:00:00-04:00,1.7999999523162842,1.940000057220459,1.7999999523162842,1.8350000381469727,8600,0.0,0.0
2025-08-26 00:00:00-04:00,1.850000023841858,1.9500000476837158,1.8200000524520874,1.9500000476837158,23300,0.0,0.0
2025-08-27 00:00:00-04:00,1.9500000476837158,2.4800000190734863,1.9500000476837158,2.130000114440918,343600,0.0,0.0
2025-08-28 00:00:00-04:00,2.059999942779541,2.259999990463257,2.059999942779541,2.140000104904175,45700,0.0,0.0
2025-08-29 00:00:00-04:00,2.2899999618530273,2.299999952316284,2.0999999046325684,2.1500000953674316,21900,0.0,0.0
2025-09-02 00:00:00-04:00,2.140000104904175,2.2690000534057617,1.9700000286102295,1.9700000286102295,17800,0.0,0.0
2025-09-03 00:00:00-04:00,2.191999912261963,2.191999912261963,1.9299999475479126,1.9600000381469727,18300,0.0,0.0
2025-09-04 00:00:00-04:00,2.0,2.071000099182129,1.9500000476837158,1.9900000095367432,41000,0.0,0.0
2025-09-05 00:00:00-04:00,2.0,2.0429999828338623,1.9900000095367432,2.0,4200,0.0,0.0
2025-09-08 00:00:00-04:00,2.0999999046325684,2.3299999237060547,2.069999933242798,2.2699999809265137,181500,0.0,0.0
2025-09-09 00:00:00-04:00,2.299999952316284,2.299999952316284,2.200000047683716,2.265000104904175,66700,0.0,0.0
2025-09-10 00:00:00-04:00,2.2899999618530273,2.3499999046325684,2.200000047683716,2.2899999618530273,114300,0.0,0.0
2025-09-11 00:00:00-04:00,2.2899999618530273,2.319999933242798,2.2300000190734863,2.299999952316284,38300,0.0,0.0
2025-09-12 00:00:00-04:00,2.2899999618530273,2.450000047683716,2.2699999809265137,2.440000057220459,106300,0.0,0.0
2025-09-15 00:00:00-04:00,2.4800000190734863,2.799999952316284,2.441999912261963,2.75,164000,0.0,0.0
2025-09-16 00:00:00-04:00,2.799999952316284,2.859999895095825,2.359999895095825,2.359999895095825,118900,0.0,0.0
2025-09-17 00:00:00-04:00,2.299999952316284,2.489000082015991,2.240000009536743,2.299999952316284,39200,0.0,0.0
2025-09-18 00:00:00-04:00,2.380000114440918,2.490000009536743,2.2799999713897705,2.4600000381469727,43400,0.0,0.0
2025-09-19 00:00:00-04:00,2.4100000858306885,2.5799999237060547,2.240000009536743,2.4000000953674316,155400,0.0,0.0
2025-09-22 00:00:00-04:00,2.430000066757202,2.440000057220459,2.2300000190734863,2.240000009536743,45300,0.0,0.0
2025-09-23 00:00:00-04:00,2.190000057220459,2.3499999046325684,2.0999999046325684,2.1600000858306885,46200,0.0,0.0
2025-09-24 00:00:00-04:00,2.109999895095825,2.319999933242798,1.9910000562667847,2.0299999713897705,123600,0.0,0.0
2025-09-25 00:00:00-04:00,2.009999990463257,2.109999895095825,1.899999976158142,1.940000057220459,103800,0.0,0.0
2025-09-26 00:00:00-04:00,1.909999966621399,2.0399999618530273,1.909999966621399,1.9600000381469727,31900,0.0,0.0
2025-09-29 00:00:00-04:00,2.049999952316284,2.0929999351501465,1.9149999618530273,1.9450000524520874,68400,0.0,0.0
2025-09-30 00:00:00-04:00,1.9210000038146973,1.9950000047683716,1.7510000467300415,1.7899999618530273,81700,0.0,0.0
2025-10-01 00:00:00-04:00,1.8200000524520874,1.899999976158142,1.7599999904632568,1.8200000524520874,35900,0.0,0.0
2025-10-02 00:00:00-04:00,1.8480000495910645,1.899999976158142,1.8140000104904175,1.899999976158142,34100,0.0,0.0
2025-10-03 00:00:00-04:00,1.899999976158142,1.9600000381469727,1.850000023841858,1.850000023841858,29200,0.0,0.0
2025-10-06 00:00:00-04:00,1.909999966621399,2.0299999713897705,1.8600000143051147,1.9450000524520874,88600,0.0,0.0
2025-10-07 00:00:00-04:00,2.0299999713897705,2.0299999713897705,1.850000023841858,1.8799999952316284,51900,0.0,0.0
2025-10-08 00:00:00-04:00,1.9299999475479126,2.134000062942505,1.9299999475479126,2.049999952316284,32000,0.0,0.0
2025-10-09 00:00:00-04:00,2.069999933242798,2.069999933242798,1.8799999952316284,1.8949999809265137,23800,0.0,0.0
2025-10-10 00:00:00-04:00,1.9500000476837158,1.9500000476837158,1.7999999523162842,1.899999976158142,52600,0.0,0.0
2025-10-13 00:00:00-04:00,1.8600000143051147,1.8650000095367432,1.7699999809265137,1.7899999618530273,24100,0.0,0.0
2025-10-14 00:00:00-04:00,1.8669999837875366,1.8669999837875366,1.7599999904632568,1.7599999904632568,12900,0.0,0.0
2025-10-15 00:00:00-04:00,1.809999942779541,1.8350000381469727,1.7599999904632568,1.7999999523162842,23100,0.0,0.0
2025-10-16 00:00:00-04:00,1.8200000524520874,1.8519999980926514,1.7400000095367432,1.7899999618530273,22200,0.0,0.0
2025-10-17 00:00:00-04:00,1.7599999904632568,1.7599999904632568,1.6799999475479126,1.7100000381469727,15900,0.0,0.0
2025-10-20 00:00:00-04:00,1.7200000286102295,1.8200000524520874,1.6799999475479126,1.690000057220459,19300,0.0,0.0
2025-10-21 00:00:00-04:00,1.7200000286102295,1.7549999952316284,1.5499999523162842,1.6100000143051147,22200,0.0,0.0
2025-10-22 00:00:00-04:00,1.6200000047683716,1.6619999408721924,1.5099999904632568,1.5149999856948853,17400,0.0,0.0
2025-10-23 00:00:00-04:00,1.5299999713897705,1.6399999856948853,1.5099999904632568,1.6299999952316284,28200,0.0,0.0
2025-10-24 00:00:00-04:00,1.590000033378601,1.7400000095367432,1.559000015258789,1.7100000381469727,16000,0.0,0.0
2025-10-27 00:00:00-04:00,1.7300000190734863,1.75,1.6200000047683716,1.6200000047683716,8400,0.0,0.0
2025-10-28 00:00:00-04:00,1.6799999475479126,1.6799999475479126,1.600000023841858,1.659999966621399,7600,0.0,0.0
2025-10-29 00:00:00-04:00,1.6950000524520874,1.6950000524520874,1.590000033378601,1.6299999952316284,6100,0.0,0.0
2025-10-30 00:00:00-04:00,1.7100000381469727,1.7100000381469727,1.5399999618530273,1.5800000429153442,16300,0.0,0.0
2025-10-31 00:00:00-04:00,1.5700000524520874,1.5700000524520874,1.5199999809265137,1.5199999809265137,5400,0.0,0.0
2025-11-03 00:00:00-05:00,1.5,1.5499999523162842,1.4700000286102295,1.5399999618530273,22100,0.0,0.0
2025-11-04 00:00:00-05:00,1.559999942779541,1.5609999895095825,1.4500000476837158,1.4700000286102295,5200,0.0,0.0
2025-11-05 00:00:00-05:00,1.4500000476837158,1.4800000190734863,1.350000023841858,1.4049999713897705,18800,0.0,0.0
2025-11-06 00:00:00-05:00,1.350000023841858,1.4199999570846558,1.3300000429153442,1.3300000429153442,21900,0.0,0.0
2025-11-07 00:00:00-05:00,1.3200000524520874,1.36899995803833,1.2999999523162842,1.3200000524520874,32200,0.0,0.0
2025-11-10 00:00:00-05:00,1.340000033378601,1.340000033378601,1.2599999904632568,1.305999994277954,13400,0.0,0.0
2025-11-11 00:00:00-05:00,1.25,1.4199999570846558,1.25,1.409999966621399,14400,0.0,0.0
2025-11-12 00:00:00-05:00,1.3899999856948853,1.3899999856948853,1.2599999904632568,1.340000033378601,34000,0.0,0.0
2025-11-13 00:00:00-05:00,1.4500000476837158,1.4500000476837158,1.2100000381469727,1.2400000095367432,45400,0.0,0.0
2025-11-14 00:00:00-05:00,1.2100000381469727,1.2999999523162842,1.2100000381469727,1.25,3100,0.0,0.0
2025-11-17 00:00:00-05:00,1.25,1.309999942779541,1.25,1.309999942779541,21200,0.0,0.0
2025-11-18 00:00:00-05:00,1.2899999618530273,1.2899999618530273,1.1200000047683716,1.2100000381469727,65400,0.0,0.0
2025-11-19 00:00:00-05:00,1.2000000476837158,1.2300000190734863,1.1959999799728394,1.2000000476837158,17000,0.0,0.0
2025-11-20 00:00:00-05:00,1.159999966621399,1.1890000104904175,1.149999976158142,1.1699999570846558,12300,0.0,0.0
2025-11-21 00:00:00-05:00,1.149999976158142,1.2899999618530273,1.149999976158142,1.2799999713897705,30700,0.0,0.0
2025-11-24 00:00:00-05:00,1.309999942779541,1.440000057220459,1.2799999713897705,1.409999966621399,26700,0.0,0.0
2025-11-25 00:00:00-05:00,1.4299999475479126,1.4800000190734863,1.4299999475479126,1.4800000190734863,5100,0.0,0.0
2025-11-26 00:00:00-05:00,1.4500000476837158,1.4950000047683716,1.4299999475479126,1.4299999475479126,19400,0.0,0.0
2025-11-28 00:00:00-05:00,1.375,1.3899999856948853,1.3700000047683716,1.3899999856948853,800,0.0,0.0
2025-12-01 00:00:00-05:00,1.3300000429153442,1.4149999618530273,1.3200000524520874,1.3200000524520874,1700,0.0,0.0
2025-12-02 00:00:00-05:00,1.3350000381469727,1.3600000143051147,1.2899999618530273,1.3200000524520874,11700,0.0,0.0
2025-12-03 00:00:00-05:00,1.350000023841858,1.3600000143051147,1.3300000429153442,1.3600000143051147,11400,0.0,0.0
2025-12-04 00:00:00-05:00,1.340000033378601,1.3600000143051147,1.2999999523162842,1.3559999465942383,14200,0.0,0.0
2025-12-05 00:00:00-05:00,1.3600000143051147,1.409999966621399,1.350000023841858,1.409999966621399,6400,0.0,0.0
2025-12-08 00:00:00-05:00,1.3899999856948853,1.440000057220459,1.3899999856948853,1.4299999475479126,5400,0.0,0.0
2025-12-09 00:00:00-05:00,1.378999948501587,1.4470000267028809,1.378999948501587,1.3899999856948853,16300,0.0,0.0
2025-12-10 00:00:00-05:00,1.4299999475479126,1.4600000381469727,1.399999976158142,1.399999976158142,14400,0.0,0.0
2025-12-11 00:00:00-05:00,1.4700000286102295,1.4800000190734863,1.3700000047683716,1.4299999475479126,53900,0.0,0.0
2025-12-12 00:00:00-05:00,1.3739999532699585,1.440000057220459,1.2999999523162842,1.409999966621399,9500,0.0,0.0
2025-12-15 00:00:00-05:00,1.399999976158142,1.399999976158142,1.2899999618530273,1.2999999523162842,8200,0.0,0.0
2025-12-16 00:00:00-05:00,1.3329999446868896,1.4049999713897705,1.2999999523162842,1.2999999523162842,12700,0.0,0.0
2025-12-17 00:00:00-05:00,1.3600000143051147,1.3700000047683716,1.2899999618530273,1.2899999618530273,6300,0.0,0.0
2025-12-18 00:00:00-05:00,1.3300000429153442,1.3700000047683716,1.309999942779541,1.309999942779541,13500,0.0,0.0
2025-12-19 00:00:00-05:00,1.2999999523162842,1.3650000095367432,1.25,1.25,22700,0.0,0.0
2025-12-22 00:00:00-05:00,1.2599999904632568,1.277999997138977,1.2400000095367432,1.2400000095367432,7400,0.0,0.0
2025-12-23 00:00:00-05:00,1.274999976158142,1.2999999523162842,1.190000057220459,1.190000057220459,6000,0.0,0.0
2025-12-24 00:00:00-05:00,1.1699999570846558,1.2799999713897705,1.1699999570846558,1.2100000381469727,19500,0.0,0.0
2025-12-26 00:00:00-05:00,1.1799999475479126,1.2400000095367432,1.1799999475479126,1.2300000190734863,1900,0.0,0.0
2025-12-29 00:00:00-05:00,1.25,1.25,1.1799999475479126,1.2400000095367432,5200,0.0,0.0
2025-12-30 00:00:00-05:00,1.25,1.2599999904632568,1.25,1.2599999904632568,4400,0.0,0.0
2025-12-31 00:00:00-05:00,1.2200000286102295,1.3300000429153442,1.2200000286102295,1.3200000524520874,22200,0.0,0.0
2026-01-02 00:00:00-05:00,1.2860000133514404,1.3109999895095825,1.2860000133514404,1.309999942779541,1800,0.0,0.0
2026-01-05 00:00:00-05:00,1.3200000524520874,1.399999976158142,1.3200000524520874,1.375,20900,0.0,0.0
2026-01-06 00:00:00-05:00,1.3799999952316284,1.4299999475479126,1.3200000524520874,1.350000023841858,4400,0.0,0.0
2026-01-07 00:00:00-05:00,1.3200000524520874,1.3289999961853027,1.3200000524520874,1.3289999961853027,1700,0.0,0.0
2026-01-08 00:00:00-05:00,1.3849999904632568,1.3849999904632568,1.3300000429153442,1.3300000429153442,1100,0.0,0.0
2026-01-09 00:00:00-05:00,1.3200000524520874,1.378000020980835,1.3200000524520874,1.3700000047683716,1500,0.0,0.0
2026-01-12 00:00:00-05:00,1.340000033378601,1.3600000143051147,1.3040000200271606,1.3300000429153442,1800,0.0,0.0
2026-01-13 00:00:00-05:00,1.2899999618530273,1.3300000429153442,1.2899999618530273,1.3109999895095825,2900,0.0,0.0
2026-01-14 00:00:00-05:00,1.2899999618530273,1.340000033378601,1.25,1.25,42800,0.0,0.0
2026-01-15 00:00:00-05:00,1.2899999618530273,1.2899999618530273,1.215999960899353,1.2269999980926514,2400,0.0,0.0
2026-01-16 00:00:00-05:00,1.25,1.2549999952316284,1.2200000286102295,1.2549999952316284,12800,0.0,0.0
2026-01-20 00:00:00-05:00,1.2100000381469727,1.2899999618530273,1.2000000476837158,1.2000000476837158,9400,0.0,0.0
2026-01-21 00:00:00-05:00,1.2280000448226929,1.2699999809265137,1.2200000286102295,1.2200000286102295,2500,0.0,0.0
2026-01-22 00:00:00-05:00,1.2300000190734863,1.2400000095367432,1.1699999570846558,1.190000057220459,8900,0.0,0.0
2026-01-23 00:00:00-05:00,1.190000057220459,1.2649999856948853,1.190000057220459,1.2300000190734863,18800,0.0,0.0
2026-01-26 00:00:00-05:00,1.190000057220459,1.2300000190734863,1.1399999856948853,1.1399999856948853,29600,0.0,0.0
2026-01-27 00:00:00-05:00,1.1699999570846558,1.1699999570846558,1.0149999856948853,1.034999966621399,47400,0.0,0.0
2026-01-28 00:00:00-05:00,1.0499999523162842,1.0800000429153442,1.0499999523162842,1.0499999523162842,10600,0.0,0.0
2026-01-29 00:00:00-05:00,1.0800000429153442,1.125,1.0099999904632568,1.0199999809265137,53600,0.0,0.0
2026-01-30 00:00:00-05:00,1.0399999618530273,1.1050000190734863,1.0299999713897705,1.0499999523162842,13400,0.0,0.0
2026-02-02 00:00:00-05:00,1.1200000047683716,1.1260000467300415,1.0499999523162842,1.059999942779541,4600,0.0,0.0
2026-02-03 00:00:00-05:00,1.1200000047683716,1.1200000047683716,1.0399999618530273,1.0449999570846558,4700,0.0,0.0
2026-02-04 00:00:00-05:00,1.0800000429153442,1.0800000429153442,1.0099999904632568,1.0199999809265137,13000,0.0,0.0
2026-02-05 00:00:00-05:00,1.0,1.0299999713897705,0.9900000095367432,1.0,16500,0.0,0.0
2026-02-06 00:00:00-05:00,1.090000033378601,1.1480000019073486,1.0499999523162842,1.1100000143051147,40700,0.0,0.0
2026-02-09 00:00:00-05:00,1.149999976158142,1.149999976158142,1.100000023841858,1.100000023841858,22200,0.0,0.0
2026-02-10 00:00:00-05:00,1.1299999952316284,1.1799999475479126,1.1299999952316284,1.149999976158142,13600,0.0,0.0
2026-02-11 00:00:00-05:00,1.149999976158142,1.2599999904632568,1.149999976158142,1.2200000286102295,13100,0.0,0.0
2026-02-12 00:00:00-05:00,1.277999997138977,1.277999997138977,1.2000000476837158,1.2300000190734863,7300,0.0,0.0
2026-02-13 00:00:00-05:00,1.2039999961853027,1.2419999837875366,1.1699999570846558,1.1699999570846558,14000,0.0,0.0
2026-02-17 00:00:00-05:00,1.1299999952316284,1.1920000314712524,1.100000023841858,1.149999976158142,14700,0.0,0.0
2026-02-18 00:00:00-05:00,1.2200000286102295,1.2200000286102295,1.1200000047683716,1.1299999952316284,14800,0.0,0.0
2026-02-19 00:00:00-05:00,1.152999997138977,1.152999997138977,1.1200000047683716,1.1200000047683716,800,0.0,0.0
2026-02-20 00:00:00-05:00,1.159999966621399,1.159999966621399,1.159999966621399,1.159999966621399,600,0.0,0.0
2026-02-23 00:00:00-05:00,1.1100000143051147,1.1200000047683716,1.100000023841858,1.100000023841858,2300,0.0,0.0
2026-02-24 00:00:00-05:00,1.1299999952316284,1.1449999809265137,1.1299999952316284,1.1299999952316284,7600,0.0,0.0
2026-02-25 00:00:00-05:00,1.149999976158142,1.1699999570846558,1.1100000143051147,1.1200000047683716,23400,0.0,0.0
2026-02-26 00:00:00-05:00,1.1399999856948853,1.1399999856948853,1.1100000143051147,1.1100000143051147,9600,0.0,0.0
2026-02-27 00:00:00-05:00,1.1349999904632568,1.1349999904632568,1.0399999618530273,1.0700000524520874,9500,0.0,0.0
2026-03-02 00:00:00-05:00,1.0700000524520874,1.0700000524520874,1.0299999713897705,1.0299999713897705,22400,0.0,0.0
2026-03-03 00:00:00-05:00,1.0399999618530273,1.0399999618530273,1.0,1.0099999904632568,7000,0.0,0.0
2026-03-04 00:00:00-05:00,1.0,1.0099999904632568,1.0,1.0,10100,0.0,0.0
2026-03-05 00:00:00-05:00,1.0099999904632568,1.0099999904632568,1.0049999952316284,1.0099999904632568,1600,0.0,0.0
2026-03-06 00:00:00-05:00,1.0,1.0,0.9399999976158142,0.9399999976158142,27500,0.0,0.0
2026-03-09 00:00:00-04:00,0.9810000061988831,1.003000020980835,0.9129999876022339,0.9129999876022339,7500,0.0,0.0
2026-03-10 00:00:00-04:00,0.9990000128746033,0.9990000128746033,0.9020000100135803,0.9020000100135803,8600,0.0,0.0
2026-03-11 00:00:00-04:00,0.9599999785423279,0.9599999785423279,0.8289999961853027,0.8289999961853027,18700,0.0,0.0
2026-03-12 00:00:00-04:00,0.8299999833106995,0.8899999856948853,0.8299999833106995,0.8600000143051147,6700,0.0,0.0
2026-03-13 00:00:00-04:00,0.8700000047683716,0.878000020980835,0.7599999904632568,0.7860000133514404,19400,0.0,0.0
2026-03-16 00:00:00-04:00,0.8059999942779541,0.8600000143051147,0.800000011920929,0.8600000143051147,1900,0.0,0.0
2026-03-17 00:00:00-04:00,0.8790000081062317,0.8849999904632568,0.8700000047683716,0.8700000047683716,3600,0.0,0.0
2026-03-18 00:00:00-04:00,0.8700000047683716,0.9200000166893005,0.8600000143051147,0.8830000162124634,9600,0.0,0.0
2026-03-19 00:00:00-04:00,0.847000002861023,0.847000002861023,0.847000002861023,0.847000002861023,2500,0.0,0.0
2026-03-20 00:00:00-04:00,0.8389999866485596,0.9490000009536743,0.8389999866485596,0.9490000009536743,21800,0.0,0.0
2026-03-23 00:00:00-04:00,0.8799999952316284,0.9419999718666077,0.8460000157356262,0.9229999780654907,12500,0.0,0.0
2026-03-24 00:00:00-04:00,0.8700000047683716,0.8999999761581421,0.8700000047683716,0.8999999761581421,13200,0.0,0.0
2026-03-25 00:00:00-04:00,0.8999999761581421,0.8999999761581421,0.8450000286102295,0.8799999952316284,1900,0.0,0.0
2026-03-26 00:00:00-04:00,0.8799999952316284,0.8949999809265137,0.8799999952316284,0.8899999856948853,9100,0.0,0.0
2026-03-27 00:00:00-04:00,0.8889999985694885,0.8889999985694885,0.8880000114440918,0.8880000114440918,1500,0.0,0.0
2026-03-30 00:00:00-04:00,0.8450000286102295,0.8790000081062317,0.8399999737739563,0.8669999837875366,1477500,0.0,0.0
2026-03-31 00:00:00-04:00,0.9950000047683716,1.409999966621399,0.8730000257492065,1.1799999475479126,32698600,0.0,0.0
2026-04-01 00:00:00-04:00,1.149999976158142,1.159999966621399,0.9900000095367432,1.1200000047683716,1110500,0.0,0.0
2026-04-02 00:00:00-04:00,0.8730000257492065,1.0,0.7559999823570251,0.8410000205039978,615200,0.0,0.0
2026-04-06 00:00:00-04:00,0.800000011920929,0.8399999737739563,0.75,0.8299999833106995,231300,0.0,0.0
2026-04-07 00:00:00-04:00,0.7400000095367432,0.7699999809265137,0.6700000166893005,0.7369999885559082,256800,0.0,0.0
2026-04-08 00:00:00-04:00,0.722000002861023,0.7559999823570251,0.703000009059906,0.7559999823570251,102700,0.0,0.0
2026-04-09 00:00:00-04:00,0.7300000190734863,0.7570000290870667,0.7099999785423279,0.7519999742507935,90700,0.0,0.0
2026-04-10 00:00:00-04:00,0.699999988079071,0.7400000095367432,0.6710000038146973,0.7329999804496765,137100,0.0,0.0
2026-04-13 00:00:00-04:00,0.7179999947547913,0.7369999885559082,0.7049999833106995,0.7250000238418579,22600,0.0,0.0
2026-04-14 00:00:00-04:00,0.7009999752044678,0.7120000123977661,0.6690000295639038,0.6850000023841858,81700,0.0,0.0
2026-04-15 00:00:00-04:00,0.6620000004768372,0.7400000095367432,0.6600000262260437,0.7300000190734863,81800,0.0,0.0
2026-04-16 00:00:00-04:00,0.7139999866485596,0.7540000081062317,0.699999988079071,0.7519999742507935,21200,0.0,0.0
2026-04-17 00:00:00-04:00,0.7080000042915344,0.800000011920929,0.7080000042915344,0.7739999890327454,37000,0.0,0.0
2026-04-20 00:00:00-04:00,0.7799999713897705,0.800000011920929,0.7699999809265137,0.7699999809265137,19000,0.0,0.0
2026-04-21 00:00:00-04:00,0.7850000262260437,0.8399999737739563,0.7699999809265137,0.8050000071525574,30700,0.0,0.0
2026-04-22 00:00:00-04:00,0.8270000219345093,0.9430000185966492,0.8100000023841858,0.9200000166893005,33300,0.0,0.0
2026-04-23 00:00:00-04:00,0.8999999761581421,0.8999999761581421,0.8230000138282776,0.8600000143051147,19700,0.0,0.0
2026-04-24 00:00:00-04:00,0.8450000286102295,0.8799999952316284,0.7599999904632568,0.7860000133514404,27500,0.0,0.0
2026-04-27 00:00:00-04:00,0.8009999990463257,0.8659999966621399,0.8009999990463257,0.8399999737739563,14000,0.0,0.0
2026-04-28 00:00:00-04:00,0.8709999918937683,0.9259999990463257,0.8600000143051147,0.906000018119812,27600,0.0,0.0
2026-04-29 00:00:00-04:00,0.9150000214576721,0.9319999814033508,0.9049999713897705,0.9319999814033508,29000,0.0,0.0
2026-04-30 00:00:00-04:00,0.9399999976158142,1.034999966621399,0.9300000071525574,1.0199999809265137,36600,0.0,0.0
2026-05-01 00:00:00-04:00,0.9599999785423279,0.9919999837875366,0.9599999785423279,0.9700000286102295,7700,0.0,0.0
2026-05-04 00:00:00-04:00,0.9580000042915344,1.024999976158142,0.949999988079071,0.9599999785423279,16300,0.0,0.0
2026-05-05 00:00:00-04:00,0.9599999785423279,1.0,0.9599999785423279,0.9750000238418579,34200,0.0,0.0
2026-05-06 00:00:00-04:00,0.9900000095367432,1.0299999713897705,0.9900000095367432,1.0,32100,0.0,0.0
2026-05-07 00:00:00-04:00,1.0199999809265137,1.0449999570846558,0.9800000190734863,0.9800000190734863,68300,0.0,0.0
2026-05-08 00:00:00-04:00,0.949999988079071,1.0099999904632568,0.949999988079071,0.9700000286102295,33100,0.0,0.0
2026-05-11 00:00:00-04:00,1.0,1.0299999713897705,0.9700000286102295,1.024999976158142,2030200,0.0,0.0
2026-05-12 00:00:00-04:00,0.8870000243186951,1.0099999904632568,0.8799999952316284,0.925000011920929,120700,0.0,0.0
2026-05-13 00:00:00-04:00,0.8799999952316284,0.9399999976158142,0.8600000143051147,0.9139999747276306,29300,0.0,0.0
2026-05-14 00:00:00-04:00,0.9409999847412109,0.9940000176429749,0.8999999761581421,0.9350000023841858,25800,0.0,0.0
2026-05-15 00:00:00-04:00,0.8999999761581421,1.0149999856948853,0.8999999761581421,0.9700000286102295,10800,0.0,0.0
2026-05-18 00:00:00-04:00,0.9200000166893005,0.9700000286102295,0.9100000262260437,0.9620000123977661,18300,0.0,0.0
2026-05-19 00:00:00-04:00,0.9409999847412109,0.9700000286102295,0.925000011920929,0.9570000171661377,14800,0.0,0.0
2026-05-20 00:00:00-04:00,0.9789999723434448,0.9789999723434448,0.8999999761581421,0.9509999752044678,20900,0.0,0.0
2026-05-21 00:00:00-04:00,0.9100000262260437,0.9800000190734863,0.9100000262260437,0.9800000190734863,5700,0.0,0.0
2026-05-22 00:00:00-04:00,0.9800000190734863,1.0299999713897705,0.9649999737739563,1.0299999713897705,36500,0.0,0.0
2026-05-26 00:00:00-04:00,1.0099999904632568,1.0099999904632568,0.9800000190734863,1.0,14300,0.0,0.0
2026-05-27 00:00:00-04:00,0.9929999709129333,1.0,0.9800000190734863,0.9829999804496765,13000,0.0,0.0
2026-05-28 00:00:00-04:00,0.9900000095367432,1.0299999713897705,0.9750000238418579,1.0199999809265137,8200,0.0,0.0
2026-05-29 00:00:00-04:00,0.9900000095367432,1.0299999713897705,0.9819999933242798,1.0299999713897705,7200,0.0,0.0
2026-06-01 00:00:00-04:00,1.0199999809265137,1.0199999809265137,0.7570000290870667,0.8980000019073486,158000,0.0,0.0
2026-06-02 00:00:00-04:00,0.8820000290870667,1.0,0.8700000047683716,0.984000027179718,7500,0.0,0.0
2026-06-03 00:00:00-04:00,0.9100000262260437,0.9200000166893005,0.8999999761581421,0.9049999713897705,8600,0.0,0.0
2026-06-04 00:00:00-04:00,0.8899999856948853,0.9200000166893005,0.8899999856948853,0.9200000166893005,6100,0.0,0.0
2026-06-05 00:00:00-04:00,0.8899999856948853,0.9200000166893005,0.8899999856948853,0.9200000166893005,5200,0.0,0.0
2026-06-08 00:00:00-04:00,0.8920000195503235,0.8920000195503235,0.8550000190734863,0.8550000190734863,16100,0.0,0.0
2026-06-09 00:00:00-04:00,0.8199999928474426,0.9200000166893005,0.8199999928474426,0.9200000166893005,20300,0.0,0.0
2026-06-10 00:00:00-04:00,0.8100000023841858,0.8799999952316284,0.8100000023841858,0.8500000238418579,2596400,0.0,0.0
2026-06-11 00:00:00-04:00,0.8399999737739563,0.9900000095367432,0.699999988079071,0.875,293500,0.0,0.0
2026-06-12 00:00:00-04:00,0.8500000238418579,1.090000033378601,0.8500000238418579,0.9620000123977661,190600,0.0,0.0
2026-06-15 00:00:00-04:00,0.9819999933242798,1.0399999618530273,0.8510000109672546,0.9100000262260437,68000,0.0,0.0
2026-06-16 00:00:00-04:00,1.0099999904632568,1.0099999904632568,0.890999972820282,0.9300000071525574,13500,0.0,0.0
2026-06-17 00:00:00-04:00,0.9900000095367432,1.1399999856948853,0.9850000143051147,1.0299999713897705,125500,0.0,0.0
2026-06-18 00:00:00-04:00,0.9990000128746033,1.0399999618530273,0.949999988079071,0.9549999833106995,34500,0.0,0.0
2026-06-22 00:00:00-04:00,0.9900000095367432,1.090000033378601,0.8859999775886536,0.9100000262260437,98200,0.0,0.0
2026-06-23 00:00:00-04:00,0.8899999856948853,1.0,0.8709999918937683,0.949999988079071,54400,0.0,0.0
2026-06-24 00:00:00-04:00,0.9259999990463257,1.0299999713897705,0.9200000166893005,1.0099999904632568,43600,0.0,0.0
2026-06-25 00:00:00-04:00,1.0,1.0299999713897705,0.8899999856948853,0.9399999976158142,29800,0.0,0.0
2026-06-26 00:00:00-04:00,0.9950000047683716,1.0199999809265137,0.9300000071525574,1.0,15300,0.0,0.0
2026-06-29 00:00:00-04:00,1.0099999904632568,1.0800000429153442,0.9639999866485596,1.0,58200,0.0,0.0
2026-06-30 00:00:00-04:00,0.9800000190734863,1.065000057220459,0.9800000190734863,1.0299999713897705,12900,0.0,0.0
2026-07-01 00:00:00-04:00,1.0299999713897705,1.2869999408721924,1.0299999713897705,1.2699999809265137,117600,0.0,0.0
2026-07-02 00:00:00-04:00,1.2300000190734863,1.3569999933242798,1.1799999475479126,1.2799999713897705,102300,0.0,0.0
2026-07-06 00:00:00-04:00,1.3200000524520874,1.5399999618530273,1.2799999713897705,1.4600000381469727,74000,0.0,0.0
2026-07-07 00:00:00-04:00,1.4900000095367432,1.590000033378601,1.3300000429153442,1.4700000286102295,74600,0.0,0.0
2026-07-08 00:00:00-04:00,1.4700000286102295,1.4900000095367432,1.4199999570846558,1.4299999475479126,19600,0.0,0.0
2026-07-09 00:00:00-04:00,1.4299999475479126,1.6449999809265137,1.4251999855041504,1.5099999904632568,62555,0.0,0.0
