Date,Open,High,Low,Close,Volume,Dividends,Stock Splits
2022-01-03 00:00:00-05:00,20.739999771118164,21.670000076293945,20.399999618530273,20.770000457763672,17300,0.0,0.0
2022-01-04 00:00:00-05:00,20.5,21.520000457763672,20.25,20.40999984741211,24800,0.0,0.0
2022-01-05 00:00:00-05:00,20.030000686645508,23.700000762939453,20.030000686645508,23.0,94500,0.0,0.0
2022-01-06 00:00:00-05:00,23.329999923706055,23.889999389648438,22.190000534057617,22.989999771118164,20000,0.0,0.0
2022-01-07 00:00:00-05:00,22.520000457763672,22.969999313354492,22.200000762939453,22.299999237060547,6200,0.0,0.0
2022-01-10 00:00:00-05:00,21.979999542236328,24.190000534057617,21.5,24.040000915527344,28900,0.0,0.0
2022-01-11 00:00:00-05:00,23.600000381469727,25.65999984741211,23.1299991607666,24.579999923706055,36800,0.0,0.0
2022-01-12 00:00:00-05:00,24.860000610351562,26.889999389648438,23.530000686645508,23.540000915527344,58800,0.0,0.0
2022-01-13 00:00:00-05:00,23.459999084472656,23.56999969482422,22.25,22.43000030517578,19000,0.0,0.0
2022-01-14 00:00:00-05:00,22.110000610351562,22.75,21.020000457763672,22.31999969482422,21900,0.0,0.0
2022-01-18 00:00:00-05:00,22.450000762939453,22.889999389648438,20.649999618530273,20.899999618530273,30100,0.0,0.0
2022-01-19 00:00:00-05:00,21.0,22.479999542236328,20.530000686645508,20.770000457763672,30300,0.0,0.0
2022-01-20 00:00:00-05:00,21.280000686645508,22.299999237060547,20.56999969482422,20.889999389648438,38000,0.0,0.0
2022-01-21 00:00:00-05:00,20.65999984741211,21.6299991607666,20.65999984741211,21.34000015258789,44400,0.0,0.0
2022-01-24 00:00:00-05:00,20.739999771118164,21.239999771118164,20.030000686645508,20.690000534057617,33300,0.0,0.0
2022-01-25 00:00:00-05:00,20.559999465942383,21.06999969482422,20.31999969482422,20.93000030517578,18200,0.0,0.0
2022-01-26 00:00:00-05:00,21.149999618530273,21.940000534057617,20.1299991607666,20.1299991607666,8700,0.0,0.0
2022-01-27 00:00:00-05:00,20.170000076293945,20.780000686645508,20.0,20.329999923706055,20500,0.0,0.0
2022-01-28 00:00:00-05:00,20.450000762939453,20.450000762939453,20.010000228881836,20.440000534057617,14200,0.0,0.0
2022-01-31 00:00:00-05:00,20.420000076293945,20.889999389648438,20.06999969482422,20.719999313354492,24000,0.0,0.0
2022-02-01 00:00:00-05:00,20.68000030517578,20.68000030517578,20.059999465942383,20.479999542236328,21900,0.0,0.0
2022-02-02 00:00:00-05:00,20.75,20.889999389648438,20.010000228881836,20.100000381469727,16200,0.0,0.0
2022-02-03 00:00:00-05:00,20.059999465942383,20.270000457763672,20.0,20.049999237060547,26700,0.0,0.0
2022-02-04 00:00:00-05:00,20.049999237060547,20.639999389648438,20.0,20.280000686645508,16300,0.0,0.0
2022-02-07 00:00:00-05:00,20.1200008392334,20.329999923706055,20.059999465942383,20.06999969482422,15600,0.0,0.0
2022-02-08 00:00:00-05:00,20.010000228881836,20.049999237060547,19.079999923706055,19.6200008392334,12900,0.0,0.0
2022-02-09 00:00:00-05:00,19.729999542236328,20.809999465942383,19.610000610351562,19.950000762939453,24700,0.0,0.0
2022-02-10 00:00:00-05:00,19.709999084472656,20.6200008392334,19.709999084472656,20.049999237060547,19300,0.0,0.0
2022-02-11 00:00:00-05:00,20.059999465942383,20.270000457763672,19.579999923706055,19.729999542236328,14200,0.0,0.0
2022-02-14 00:00:00-05:00,20.0,20.030000686645508,19.610000610351562,19.739999771118164,11400,0.0,0.0
2022-02-15 00:00:00-05:00,19.729999542236328,20.190000534057617,19.649999618530273,20.110000610351562,24200,0.0,0.0
2022-02-16 00:00:00-05:00,20.219999313354492,21.3799991607666,19.799999237060547,20.299999237060547,23300,0.0,0.0
2022-02-17 00:00:00-05:00,20.510000228881836,20.510000228881836,19.889999389648438,20.040000915527344,14300,0.0,0.0
2022-02-18 00:00:00-05:00,19.809999465942383,21.079999923706055,19.610000610351562,20.1299991607666,35400,0.0,0.0
2022-02-22 00:00:00-05:00,20.25,20.8700008392334,19.829999923706055,20.219999313354492,32100,0.0,0.0
2022-02-23 00:00:00-05:00,20.260000228881836,21.010000228881836,20.260000228881836,20.809999465942383,21800,0.0,0.0
2022-02-24 00:00:00-05:00,19.729999542236328,21.969999313354492,19.709999084472656,21.600000381469727,36900,0.0,0.0
2022-02-25 00:00:00-05:00,21.100000381469727,22.489999771118164,20.8700008392334,22.190000534057617,44700,0.0,0.0
2022-02-28 00:00:00-05:00,22.969999313354492,22.969999313354492,21.059999465942383,21.93000030517578,38300,0.0,0.0
2022-03-01 00:00:00-05:00,22.0,22.0,20.600000381469727,20.989999771118164,12700,0.0,0.0
2022-03-02 00:00:00-05:00,21.0,21.84000015258789,20.75,20.899999618530273,23000,0.0,0.0
2022-03-03 00:00:00-05:00,20.899999618530273,21.0,20.600000381469727,20.860000610351562,18100,0.0,0.0
2022-03-04 00:00:00-05:00,21.260000228881836,21.260000228881836,20.860000610351562,20.940000534057617,24200,0.0,0.0
2022-03-07 00:00:00-05:00,20.8700008392334,21.700000762939453,20.8700008392334,21.530000686645508,20700,0.0,0.0
2022-03-08 00:00:00-05:00,21.6200008392334,24.850000381469727,21.6200008392334,24.0,30000,0.0,0.0
2022-03-09 00:00:00-05:00,24.3799991607666,26.81999969482422,23.790000915527344,26.479999542236328,32100,0.0,0.0
2022-03-10 00:00:00-05:00,26.229999542236328,26.829999923706055,24.030000686645508,26.18000030517578,36500,0.0,0.0
2022-03-11 00:00:00-05:00,26.020000457763672,26.549999237060547,24.06999969482422,24.610000610351562,19500,0.0,0.0
2022-03-14 00:00:00-04:00,24.979999542236328,26.239999771118164,24.979999542236328,25.959999084472656,36900,0.0,0.0
2022-03-15 00:00:00-04:00,25.940000534057617,26.75,25.65999984741211,26.149999618530273,22000,0.0,0.0
2022-03-16 00:00:00-04:00,26.43000030517578,26.760000228881836,25.260000228881836,26.520000457763672,26400,0.0,0.0
2022-03-17 00:00:00-04:00,26.010000228881836,27.889999389648438,25.030000686645508,27.639999389648438,14600,0.0,0.0
2022-03-18 00:00:00-04:00,27.639999389648438,30.530000686645508,26.81999969482422,29.600000381469727,79400,0.0,0.0
2022-03-21 00:00:00-04:00,28.600000381469727,30.959999084472656,27.81999969482422,29.520000457763672,104500,0.0,0.0
2022-03-22 00:00:00-04:00,29.020000457763672,30.219999313354492,28.700000762939453,29.610000610351562,42300,0.0,0.0
2022-03-23 00:00:00-04:00,29.809999465942383,30.219999313354492,27.790000915527344,28.06999969482422,27800,0.0,0.0
2022-03-24 00:00:00-04:00,28.510000228881836,28.510000228881836,27.329999923706055,27.719999313354492,10800,0.0,0.0
2022-03-25 00:00:00-04:00,27.8700008392334,28.5,27.309999465942383,27.940000534057617,13400,0.0,0.0
2022-03-28 00:00:00-04:00,28.469999313354492,28.469999313354492,26.25,26.68000030517578,25600,0.0,0.0
2022-03-29 00:00:00-04:00,26.8700008392334,30.100000381469727,26.8700008392334,27.6200008392334,40200,0.0,0.0
2022-03-30 00:00:00-04:00,27.639999389648438,28.56999969482422,26.010000228881836,26.219999313354492,26000,0.0,0.0
2022-03-31 00:00:00-04:00,26.360000610351562,28.469999313354492,25.979999542236328,27.979999542236328,41100,0.0,0.0
2022-04-01 00:00:00-04:00,27.700000762939453,28.309999465942383,26.950000762939453,28.110000610351562,15900,0.0,0.0
2022-04-04 00:00:00-04:00,27.520000457763672,28.790000915527344,27.389999389648438,27.65999984741211,25000,0.0,0.0
2022-04-05 00:00:00-04:00,27.799999237060547,29.850000381469727,27.290000915527344,27.700000762939453,21000,0.0,0.0
2022-04-06 00:00:00-04:00,27.6200008392334,29.700000762939453,26.760000228881836,27.969999313354492,45500,0.0,0.0
2022-04-07 00:00:00-04:00,28.290000915527344,29.5,27.969999313354492,28.219999313354492,21600,0.0,0.0
2022-04-08 00:00:00-04:00,28.25,28.489999771118164,26.770000457763672,27.639999389648438,31400,0.0,0.0
2022-04-11 00:00:00-04:00,27.479999542236328,27.479999542236328,25.34000015258789,25.540000915527344,25300,0.0,0.0
2022-04-12 00:00:00-04:00,25.639999389648438,26.65999984741211,23.989999771118164,24.18000030517578,43900,0.0,0.0
2022-04-13 00:00:00-04:00,24.510000228881836,26.290000915527344,24.510000228881836,25.690000534057617,16500,0.0,0.0
2022-04-14 00:00:00-04:00,25.719999313354492,27.209999084472656,24.06999969482422,24.209999084472656,26300,0.0,0.0
2022-04-18 00:00:00-04:00,24.010000228881836,25.149999618530273,23.270000457763672,23.760000228881836,21200,0.0,0.0
2022-04-19 00:00:00-04:00,24.540000915527344,25.34000015258789,23.56999969482422,25.030000686645508,19100,0.0,0.0
2022-04-20 00:00:00-04:00,25.100000381469727,26.06999969482422,24.079999923706055,24.350000381469727,14600,0.0,0.0
2022-04-21 00:00:00-04:00,24.850000381469727,24.850000381469727,23.309999465942383,23.790000915527344,17900,0.0,0.0
2022-04-22 00:00:00-04:00,23.65999984741211,25.18000030517578,22.709999084472656,23.459999084472656,21300,0.0,0.0
2022-04-25 00:00:00-04:00,23.479999542236328,24.020000457763672,22.84000015258789,23.31999969482422,19500,0.0,0.0
2022-04-26 00:00:00-04:00,23.219999313354492,23.3799991607666,21.18000030517578,21.18000030517578,22300,0.0,0.0
2022-04-27 00:00:00-04:00,20.850000381469727,21.610000610351562,20.510000228881836,20.649999618530273,21100,0.0,0.0
2022-04-28 00:00:00-04:00,20.510000228881836,20.68000030517578,19.700000762939453,20.139999389648438,42500,0.0,0.0
2022-04-29 00:00:00-04:00,20.299999237060547,20.670000076293945,18.81999969482422,19.229999542236328,52400,0.0,0.0
2022-05-02 00:00:00-04:00,19.350000381469727,20.309999465942383,18.860000610351562,19.389999389648438,50500,0.0,0.0
2022-05-03 00:00:00-04:00,19.389999389648438,19.81999969482422,18.68000030517578,18.8700008392334,46100,0.0,0.0
2022-05-04 00:00:00-04:00,19.1299991607666,19.1299991607666,18.030000686645508,18.65999984741211,68500,0.0,0.0
2022-05-05 00:00:00-04:00,18.260000228881836,18.530000686645508,17.889999389648438,17.889999389648438,46600,0.0,0.0
2022-05-06 00:00:00-04:00,18.040000915527344,20.399999618530273,17.860000610351562,19.1200008392334,42800,0.0,0.0
2022-05-09 00:00:00-04:00,19.09000015258789,19.149999618530273,17.469999313354492,17.579999923706055,53700,0.0,0.0
2022-05-10 00:00:00-04:00,18.030000686645508,19.110000610351562,17.540000915527344,17.81999969482422,44500,0.0,0.0
2022-05-11 00:00:00-04:00,18.040000915527344,18.770000457763672,16.959999084472656,17.049999237060547,52800,0.0,0.0
2022-05-12 00:00:00-04:00,17.049999237060547,18.610000610351562,17.049999237060547,18.239999771118164,36300,0.0,0.0
2022-05-13 00:00:00-04:00,18.420000076293945,18.790000915527344,17.0,17.209999084472656,61000,0.0,0.0
2022-05-16 00:00:00-04:00,17.190000534057617,17.59000015258789,17.049999237060547,17.260000228881836,43700,0.0,0.0
2022-05-17 00:00:00-04:00,17.459999084472656,18.229999542236328,17.459999084472656,17.770000457763672,40200,0.0,0.0
2022-05-18 00:00:00-04:00,17.809999465942383,17.989999771118164,17.049999237060547,17.860000610351562,66200,0.0,0.0
2022-05-19 00:00:00-04:00,17.709999084472656,18.989999771118164,17.6200008392334,18.06999969482422,30400,0.0,0.0
2022-05-20 00:00:00-04:00,18.170000076293945,18.450000762939453,17.40999984741211,18.350000381469727,41800,0.0,0.0
2022-05-23 00:00:00-04:00,18.389999389648438,18.989999771118164,17.729999542236328,17.8700008392334,41000,0.0,0.0
2022-05-24 00:00:00-04:00,17.719999313354492,18.059999465942383,17.059999465942383,17.260000228881836,35400,0.0,0.0
2022-05-25 00:00:00-04:00,17.260000228881836,17.600000381469727,17.049999237060547,17.170000076293945,35700,0.0,0.0
2022-05-26 00:00:00-04:00,17.149999618530273,18.239999771118164,17.059999465942383,17.8799991607666,49400,0.0,0.0
2022-05-27 00:00:00-04:00,18.15999984741211,19.360000610351562,17.760000228881836,19.010000228881836,40200,0.0,0.0
2022-05-31 00:00:00-04:00,19.049999237060547,19.09000015258789,18.059999465942383,18.209999084472656,21000,0.0,0.0
2022-06-01 00:00:00-04:00,18.6299991607666,18.790000915527344,17.049999237060547,17.059999465942383,49500,0.0,0.0
2022-06-02 00:00:00-04:00,17.149999618530273,18.170000076293945,17.1299991607666,17.899999618530273,40200,0.0,0.0
2022-06-03 00:00:00-04:00,17.739999771118164,18.530000686645508,17.239999771118164,18.389999389648438,32900,0.0,0.0
2022-06-06 00:00:00-04:00,18.790000915527344,18.790000915527344,18.0,18.290000915527344,86400,0.0,0.0
2022-06-07 00:00:00-04:00,18.0,21.209999084472656,18.0,21.1299991607666,76900,0.0,0.0
2022-06-08 00:00:00-04:00,21.030000686645508,21.3799991607666,19.920000076293945,20.68000030517578,27000,0.0,0.0
2022-06-09 00:00:00-04:00,20.420000076293945,20.829999923706055,19.610000610351562,19.700000762939453,42200,0.0,0.0
2022-06-10 00:00:00-04:00,19.600000381469727,19.610000610351562,17.260000228881836,17.510000228881836,39000,0.0,0.0
2022-06-13 00:00:00-04:00,17.299999237060547,19.65999984741211,17.09000015258789,19.260000228881836,71200,0.0,0.0
2022-06-14 00:00:00-04:00,19.209999084472656,19.360000610351562,17.100000381469727,17.170000076293945,34000,0.0,0.0
2022-06-15 00:00:00-04:00,17.389999389648438,17.940000534057617,17.049999237060547,17.510000228881836,34300,0.0,0.0
2022-06-16 00:00:00-04:00,17.170000076293945,17.799999237060547,17.030000686645508,17.549999237060547,48000,0.0,0.0
2022-06-17 00:00:00-04:00,17.6200008392334,18.68000030517578,17.219999313354492,17.709999084472656,58000,0.0,0.0
2022-06-21 00:00:00-04:00,18.239999771118164,18.719999313354492,17.719999313354492,18.389999389648438,72000,0.0,0.0
2022-06-22 00:00:00-04:00,18.31999969482422,19.5,18.31999969482422,18.65999984741211,46600,0.0,0.0
2022-06-23 00:00:00-04:00,18.649999618530273,19.860000610351562,18.5,19.84000015258789,59600,0.0,0.0
2022-06-24 00:00:00-04:00,19.84000015258789,21.0,19.420000076293945,20.799999237060547,764100,0.0,0.0
2022-06-27 00:00:00-04:00,21.100000381469727,22.559999465942383,19.520000457763672,21.889999389648438,69600,0.0,0.0
2022-06-28 00:00:00-04:00,21.899999618530273,22.350000381469727,20.190000534057617,20.229999542236328,36200,0.0,0.0
2022-06-29 00:00:00-04:00,20.100000381469727,20.68000030517578,19.459999084472656,20.450000762939453,34700,0.0,0.0
2022-06-30 00:00:00-04:00,19.950000762939453,22.6200008392334,19.8799991607666,22.280000686645508,44800,0.0,0.0
2022-07-01 00:00:00-04:00,21.989999771118164,22.299999237060547,20.389999389648438,20.84000015258789,33000,0.0,0.0
2022-07-05 00:00:00-04:00,20.3700008392334,21.280000686645508,20.020000457763672,21.0,55800,0.0,0.0
2022-07-06 00:00:00-04:00,21.06999969482422,22.559999465942383,21.06999969482422,22.239999771118164,42700,0.0,0.0
2022-07-07 00:00:00-04:00,22.579999923706055,25.989999771118164,22.579999923706055,25.190000534057617,47800,0.0,0.0
2022-07-08 00:00:00-04:00,25.149999618530273,29.479999542236328,24.989999771118164,27.459999084472656,126400,0.0,0.0
2022-07-11 00:00:00-04:00,26.700000762939453,27.729999542236328,26.700000762939453,27.479999542236328,46500,0.0,0.0
2022-07-12 00:00:00-04:00,27.260000228881836,27.889999389648438,26.81999969482422,27.760000228881836,36500,0.0,0.0
2022-07-13 00:00:00-04:00,27.690000534057617,29.43000030517578,26.860000610351562,28.579999923706055,18700,0.0,0.0
2022-07-14 00:00:00-04:00,28.489999771118164,28.790000915527344,27.170000076293945,27.989999771118164,29300,0.0,0.0
2022-07-15 00:00:00-04:00,28.59000015258789,32.09000015258789,28.25,29.559999465942383,96000,0.0,0.0
2022-07-18 00:00:00-04:00,30.31999969482422,30.989999771118164,26.020000457763672,26.200000762939453,66400,0.0,0.0
2022-07-19 00:00:00-04:00,26.479999542236328,27.440000534057617,24.68000030517578,24.93000030517578,81800,0.0,0.0
2022-07-20 00:00:00-04:00,24.739999771118164,25.420000076293945,24.6299991607666,25.010000228881836,29300,0.0,0.0
2022-07-21 00:00:00-04:00,24.989999771118164,25.889999389648438,24.989999771118164,25.43000030517578,10400,0.0,0.0
2022-07-22 00:00:00-04:00,25.190000534057617,25.3799991607666,23.280000686645508,23.479999542236328,21100,0.0,0.0
2022-07-25 00:00:00-04:00,23.299999237060547,23.3700008392334,21.899999618530273,22.729999542236328,28000,0.0,0.0
2022-07-26 00:00:00-04:00,22.56999969482422,24.350000381469727,21.700000762939453,23.59000015258789,28000,0.0,0.0
2022-07-27 00:00:00-04:00,23.600000381469727,23.600000381469727,21.709999084472656,23.030000686645508,23000,0.0,0.0
2022-07-28 00:00:00-04:00,23.020000457763672,23.75,22.31999969482422,23.149999618530273,15500,0.0,0.0
2022-07-29 00:00:00-04:00,23.31999969482422,23.920000076293945,22.5,23.5,10800,0.0,0.0
2022-08-01 00:00:00-04:00,23.59000015258789,23.649999618530273,22.510000228881836,22.860000610351562,15300,0.0,0.0
2022-08-02 00:00:00-04:00,22.510000228881836,23.0,21.799999237060547,22.360000610351562,10100,0.0,0.0
2022-08-03 00:00:00-04:00,22.860000610351562,23.170000076293945,21.799999237060547,21.829999923706055,14200,0.0,0.0
2022-08-04 00:00:00-04:00,21.739999771118164,21.8700008392334,19.90999984741211,20.3799991607666,47700,0.0,0.0
2022-08-05 00:00:00-04:00,20.360000610351562,21.350000381469727,18.860000610351562,20.84000015258789,36000,0.0,0.0
2022-08-08 00:00:00-04:00,20.610000610351562,20.770000457763672,19.389999389648438,20.579999923706055,34700,0.0,0.0
2022-08-09 00:00:00-04:00,20.270000457763672,20.270000457763672,18.90999984741211,19.270000457763672,40700,0.0,0.0
2022-08-10 00:00:00-04:00,19.81999969482422,20.600000381469727,19.229999542236328,20.600000381469727,43400,0.0,0.0
2022-08-11 00:00:00-04:00,21.100000381469727,21.200000762939453,20.0,20.530000686645508,16600,0.0,0.0
2022-08-12 00:00:00-04:00,20.56999969482422,20.739999771118164,19.350000381469727,20.079999923706055,79000,0.0,0.0
2022-08-15 00:00:00-04:00,19.829999923706055,19.829999923706055,18.600000381469727,19.030000686645508,68200,0.0,0.0
2022-08-16 00:00:00-04:00,18.760000228881836,19.139999389648438,17.75,18.0,109100,0.0,0.0
2022-08-17 00:00:00-04:00,18.0,18.170000076293945,17.639999389648438,17.850000381469727,20300,0.0,0.0
2022-08-18 00:00:00-04:00,18.139999389648438,18.649999618530273,17.799999237060547,18.559999465942383,12300,0.0,0.0
2022-08-19 00:00:00-04:00,18.5,18.979999542236328,17.979999542236328,18.700000762939453,21900,0.0,0.0
2022-08-22 00:00:00-04:00,18.209999084472656,18.860000610351562,18.149999618530273,18.5,14700,0.0,0.0
2022-08-23 00:00:00-04:00,18.6299991607666,18.6299991607666,17.940000534057617,18.149999618530273,9900,0.0,0.0
2022-08-24 00:00:00-04:00,18.170000076293945,18.170000076293945,17.549999237060547,17.90999984741211,37300,0.0,0.0
2022-08-25 00:00:00-04:00,18.329999923706055,19.25,18.299999237060547,19.25,16900,0.0,0.0
2022-08-26 00:00:00-04:00,19.040000915527344,19.100000381469727,18.479999542236328,19.049999237060547,17200,0.0,0.0
2022-08-29 00:00:00-04:00,18.90999984741211,19.100000381469727,18.579999923706055,19.100000381469727,15600,0.0,0.0
2022-08-30 00:00:00-04:00,19.1299991607666,19.34000015258789,18.360000610351562,19.299999237060547,6800,0.0,0.0
2022-08-31 00:00:00-04:00,19.440000534057617,19.8799991607666,19.1200008392334,19.8799991607666,12400,0.0,0.0
2022-09-01 00:00:00-04:00,19.8700008392334,19.8700008392334,18.1200008392334,18.420000076293945,30400,0.0,0.0
2022-09-02 00:00:00-04:00,18.780000686645508,19.399999618530273,18.149999618530273,18.639999389648438,20000,0.0,0.0
2022-09-06 00:00:00-04:00,18.520000457763672,18.600000381469727,16.700000762939453,17.0,52100,0.0,0.0
2022-09-07 00:00:00-04:00,17.190000534057617,17.43000030517578,16.799999237060547,17.170000076293945,27000,0.0,0.0
2022-09-08 00:00:00-04:00,17.469999313354492,17.469999313354492,16.040000915527344,17.020000457763672,135500,0.0,0.0
2022-09-09 00:00:00-04:00,17.15999984741211,18.010000228881836,16.600000381469727,17.0,20200,0.0,0.0
2022-09-12 00:00:00-04:00,17.100000381469727,17.549999237060547,16.84000015258789,16.84000015258789,21800,0.0,0.0
2022-09-13 00:00:00-04:00,16.389999389648438,17.81999969482422,15.699999809265137,15.899999618530273,41500,0.0,0.0
2022-09-14 00:00:00-04:00,15.739999771118164,18.139999389648438,15.729999542236328,17.950000762939453,62500,0.0,0.0
2022-09-15 00:00:00-04:00,18.1200008392334,18.489999771118164,17.6200008392334,18.270000457763672,42800,0.0,0.0
2022-09-16 00:00:00-04:00,18.260000228881836,18.260000228881836,16.649999618530273,18.0,231900,0.0,0.0
2022-09-19 00:00:00-04:00,18.200000762939453,18.56999969482422,17.799999237060547,18.459999084472656,10700,0.0,0.0
2022-09-20 00:00:00-04:00,18.15999984741211,18.15999984741211,17.309999465942383,17.700000762939453,9600,0.0,0.0
2022-09-21 00:00:00-04:00,17.84000015258789,18.06999969482422,16.889999389648438,17.329999923706055,21800,0.0,0.0
2022-09-22 00:00:00-04:00,17.3799991607666,17.3799991607666,16.18000030517578,16.18000030517578,49100,0.0,0.0
2022-09-23 00:00:00-04:00,16.010000228881836,17.239999771118164,15.680000305175781,17.0,49300,0.0,0.0
2022-09-26 00:00:00-04:00,16.889999389648438,17.84000015258789,16.229999542236328,17.06999969482422,34800,0.0,0.0
2022-09-27 00:00:00-04:00,17.079999923706055,17.360000610351562,16.780000686645508,17.149999618530273,5000,0.0,0.0
2022-09-28 00:00:00-04:00,17.3799991607666,17.8700008392334,17.0,17.649999618530273,6700,0.0,0.0
2022-09-29 00:00:00-04:00,17.610000610351562,18.559999465942383,17.5,18.399999618530273,14900,0.0,0.0
2022-09-30 00:00:00-04:00,18.139999389648438,18.469999313354492,17.799999237060547,17.90999984741211,12600,0.0,0.0
2022-10-03 00:00:00-04:00,18.149999618530273,18.149999618530273,16.8700008392334,17.010000228881836,6900,0.0,0.0
2022-10-04 00:00:00-04:00,16.219999313354492,17.760000228881836,16.219999313354492,17.290000915527344,5400,0.0,0.0
2022-10-05 00:00:00-04:00,16.979999542236328,16.979999542236328,16.31999969482422,16.540000915527344,2700,0.0,0.0
2022-10-06 00:00:00-04:00,16.56999969482422,17.649999618530273,16.56999969482422,17.149999618530273,10200,0.0,0.0
2022-10-07 00:00:00-04:00,16.8799991607666,17.110000610351562,16.309999465942383,16.399999618530273,8700,0.0,0.0
2022-10-10 00:00:00-04:00,16.3799991607666,16.649999618530273,16.0,16.0,8300,0.0,0.0
2022-10-11 00:00:00-04:00,15.899999618530273,17.31999969482422,15.899999618530273,16.690000534057617,26200,0.0,0.0
2022-10-12 00:00:00-04:00,16.6200008392334,17.219999313354492,16.549999237060547,16.56999969482422,3600,0.0,0.0
2022-10-13 00:00:00-04:00,16.290000915527344,17.010000228881836,16.190000534057617,16.760000228881836,4600,0.0,0.0
2022-10-14 00:00:00-04:00,16.850000381469727,16.959999084472656,16.649999618530273,16.780000686645508,1800,0.0,0.0
2022-10-17 00:00:00-04:00,16.8700008392334,17.190000534057617,16.8700008392334,16.920000076293945,2700,0.0,0.0
2022-10-18 00:00:00-04:00,17.030000686645508,17.030000686645508,16.239999771118164,16.399999618530273,82000,0.0,0.0
2022-10-19 00:00:00-04:00,15.890000343322754,16.65999984741211,15.890000343322754,16.3799991607666,65900,0.0,0.0
2022-10-20 00:00:00-04:00,16.239999771118164,16.709999084472656,16.239999771118164,16.469999313354492,10300,0.0,0.0
2022-10-21 00:00:00-04:00,16.290000915527344,16.6299991607666,16.290000915527344,16.329999923706055,10100,0.0,0.0
2022-10-24 00:00:00-04:00,16.15999984741211,16.75,16.15999984741211,16.420000076293945,15500,0.0,0.0
2022-10-25 00:00:00-04:00,16.329999923706055,16.579999923706055,16.219999313354492,16.399999618530273,15600,0.0,0.0
2022-10-26 00:00:00-04:00,16.34000015258789,16.68000030517578,16.34000015258789,16.510000228881836,8800,0.0,0.0
2022-10-27 00:00:00-04:00,16.739999771118164,16.739999771118164,16.43000030517578,16.5,6200,0.0,0.0
2022-10-28 00:00:00-04:00,16.40999984741211,17.010000228881836,16.40999984741211,16.850000381469727,10800,0.0,0.0
2022-10-31 00:00:00-04:00,16.850000381469727,17.360000610351562,16.559999465942383,16.559999465942383,13200,0.0,0.0
2022-11-01 00:00:00-04:00,16.8700008392334,17.360000610351562,16.8700008392334,17.1200008392334,4900,0.0,0.0
2022-11-02 00:00:00-04:00,17.1299991607666,17.5,17.1200008392334,17.360000610351562,9100,0.0,0.0
2022-11-03 00:00:00-04:00,16.850000381469727,17.649999618530273,16.68000030517578,16.68000030517578,14300,0.0,0.0
2022-11-04 00:00:00-04:00,16.610000610351562,17.280000686645508,16.610000610351562,17.100000381469727,10300,0.0,0.0
2022-11-07 00:00:00-05:00,17.280000686645508,17.65999984741211,17.260000228881836,17.459999084472656,5800,0.0,0.0
2022-11-08 00:00:00-05:00,17.350000381469727,18.489999771118164,17.350000381469727,18.030000686645508,16700,0.0,0.0
2022-11-09 00:00:00-05:00,18.3799991607666,18.3799991607666,17.649999618530273,17.649999618530273,5100,0.0,0.0
2022-11-10 00:00:00-05:00,18.399999618530273,18.399999618530273,17.399999618530273,17.520000457763672,5600,0.0,0.0
2022-11-11 00:00:00-05:00,17.40999984741211,18.399999618530273,17.40999984741211,17.809999465942383,12900,0.0,0.0
2022-11-14 00:00:00-05:00,18.770000457763672,19.399999618530273,17.799999237060547,18.399999618530273,19900,0.0,0.0
2022-11-15 00:00:00-05:00,18.81999969482422,19.389999389648438,18.229999542236328,18.290000915527344,16500,0.0,0.0
2022-11-16 00:00:00-05:00,19.25,19.25,17.81999969482422,18.040000915527344,22800,0.0,0.0
2022-11-17 00:00:00-05:00,17.950000762939453,18.440000534057617,17.40999984741211,17.549999237060547,7200,0.0,0.0
2022-11-18 00:00:00-05:00,17.799999237060547,18.700000762939453,17.799999237060547,18.40999984741211,10700,0.0,0.0
2022-11-21 00:00:00-05:00,18.530000686645508,19.260000228881836,17.969999313354492,18.979999542236328,15500,0.0,0.0
2022-11-22 00:00:00-05:00,18.979999542236328,22.0,18.010000228881836,22.0,42000,0.0,0.0
2022-11-23 00:00:00-05:00,22.06999969482422,26.0,22.0,25.450000762939453,60300,0.0,0.0
2022-11-25 00:00:00-05:00,25.389999389648438,25.459999084472656,23.1200008392334,24.100000381469727,26700,0.0,0.0
2022-11-28 00:00:00-05:00,23.84000015258789,23.84000015258789,21.059999465942383,21.510000228881836,19100,0.0,0.0
2022-11-29 00:00:00-05:00,21.469999313354492,21.829999923706055,20.5,21.040000915527344,22700,0.0,0.0
2022-11-30 00:00:00-05:00,20.989999771118164,21.290000915527344,20.489999771118164,21.170000076293945,8900,0.0,0.0
2022-12-01 00:00:00-05:00,21.209999084472656,23.770000457763672,20.139999389648438,23.139999389648438,15700,0.0,0.0
2022-12-02 00:00:00-05:00,22.5,22.5,20.559999465942383,21.059999465942383,22000,0.0,0.0
2022-12-05 00:00:00-05:00,21.09000015258789,22.0,19.219999313354492,19.520000457763672,65100,0.0,0.0
2022-12-06 00:00:00-05:00,19.68000030517578,19.68000030517578,18.489999771118164,19.489999771118164,19100,0.0,0.0
2022-12-07 00:00:00-05:00,19.1299991607666,20.31999969482422,18.610000610351562,19.030000686645508,20100,0.0,0.0
2022-12-08 00:00:00-05:00,19.270000457763672,20.280000686645508,19.0,19.170000076293945,22200,0.0,0.0
2022-12-09 00:00:00-05:00,19.15999984741211,19.40999984741211,18.670000076293945,18.84000015258789,10900,0.0,0.0
2022-12-12 00:00:00-05:00,19.0,19.030000686645508,18.610000610351562,19.0,9900,0.0,0.0
2022-12-13 00:00:00-05:00,19.31999969482422,19.5,18.959999084472656,19.5,10300,0.0,0.0
2022-12-14 00:00:00-05:00,19.639999389648438,19.639999389648438,18.5,19.399999618530273,37700,0.0,0.0
2022-12-15 00:00:00-05:00,19.510000228881836,19.510000228881836,18.399999618530273,18.889999389648438,18900,0.0,0.0
2022-12-16 00:00:00-05:00,18.979999542236328,19.40999984741211,18.510000228881836,18.559999465942383,23700,0.0,0.0
2022-12-19 00:00:00-05:00,18.489999771118164,18.489999771118164,17.360000610351562,17.559999465942383,16900,0.0,0.0
2022-12-20 00:00:00-05:00,17.84000015258789,17.84000015258789,16.799999237060547,16.799999237060547,29000,0.0,0.0
2022-12-21 00:00:00-05:00,16.829999923706055,18.889999389648438,16.829999923706055,17.25,24300,0.0,0.0
2022-12-22 00:00:00-05:00,17.25,17.770000457763672,16.700000762939453,16.93000030517578,20600,0.0,0.0
2022-12-23 00:00:00-05:00,16.5,18.100000381469727,16.5,17.5,5500,0.0,0.0
2022-12-27 00:00:00-05:00,17.68000030517578,18.700000762939453,17.639999389648438,17.760000228881836,28300,0.0,0.0
2022-12-28 00:00:00-05:00,17.510000228881836,18.079999923706055,17.5,17.739999771118164,8200,0.0,0.0
2022-12-29 00:00:00-05:00,18.030000686645508,18.420000076293945,17.850000381469727,18.420000076293945,13500,0.0,0.0
2022-12-30 00:00:00-05:00,18.010000228881836,18.610000610351562,17.850000381469727,18.399999618530273,13900,0.0,0.0
2023-01-03 00:00:00-05:00,18.43000030517578,18.65999984741211,17.93000030517578,18.65999984741211,12800,0.0,0.0
2023-01-04 00:00:00-05:00,18.31999969482422,18.31999969482422,17.649999618530273,18.030000686645508,14300,0.0,0.0
2023-01-05 00:00:00-05:00,17.950000762939453,23.190000534057617,17.950000762939453,21.829999923706055,114600,0.0,0.0
2023-01-06 00:00:00-05:00,22.049999237060547,23.190000534057617,21.579999923706055,22.09000015258789,39200,0.0,0.0
2023-01-09 00:00:00-05:00,22.0,22.0,18.0,18.010000228881836,54000,0.0,0.0
2023-01-10 00:00:00-05:00,18.899999618530273,20.950000762939453,18.65999984741211,19.5,67300,0.0,0.0
2023-01-11 00:00:00-05:00,19.260000228881836,20.559999465942383,19.0,19.899999618530273,42900,0.0,0.0
2023-01-12 00:00:00-05:00,20.110000610351562,22.139999389648438,20.110000610351562,21.81999969482422,41700,0.0,0.0
2023-01-13 00:00:00-05:00,21.860000610351562,22.989999771118164,21.59000015258789,22.469999313354492,15500,0.0,0.0
2023-01-17 00:00:00-05:00,22.0,22.049999237060547,20.549999237060547,21.940000534057617,18600,0.0,0.0
2023-01-18 00:00:00-05:00,22.459999084472656,23.0,22.459999084472656,22.729999542236328,24600,0.0,0.0
2023-01-19 00:00:00-05:00,22.200000762939453,22.709999084472656,21.93000030517578,22.43000030517578,13300,0.0,0.0
2023-01-20 00:00:00-05:00,22.510000228881836,23.510000228881836,22.510000228881836,23.1200008392334,21200,0.0,0.0
2023-01-23 00:00:00-05:00,23.09000015258789,23.1200008392334,21.56999969482422,22.5,30400,0.0,0.0
2023-01-24 00:00:00-05:00,21.329999923706055,22.5,21.329999923706055,21.700000762939453,21300,0.0,0.0
2023-01-25 00:00:00-05:00,21.5,21.5,21.0,21.309999465942383,20600,0.0,0.0
2023-01-26 00:00:00-05:00,21.5,22.0,20.850000381469727,21.239999771118164,17800,0.0,0.0
2023-01-27 00:00:00-05:00,20.969999313354492,21.260000228881836,20.549999237060547,20.850000381469727,9700,0.0,0.0
2023-01-30 00:00:00-05:00,20.530000686645508,21.299999237060547,20.290000915527344,21.239999771118164,40300,0.0,0.0
2023-01-31 00:00:00-05:00,20.030000686645508,21.1299991607666,19.6299991607666,20.290000915527344,46800,0.0,0.0
2023-02-01 00:00:00-05:00,20.049999237060547,20.940000534057617,19.350000381469727,20.299999237060547,20900,0.0,0.0
2023-02-02 00:00:00-05:00,20.780000686645508,20.8799991607666,20.030000686645508,20.850000381469727,23900,0.0,0.0
2023-02-03 00:00:00-05:00,20.530000686645508,21.059999465942383,20.350000381469727,20.56999969482422,69600,0.0,0.0
2023-02-06 00:00:00-05:00,20.709999084472656,21.049999237060547,20.200000762939453,20.399999618530273,49300,0.0,0.0
2023-02-07 00:00:00-05:00,20.059999465942383,21.049999237060547,20.059999465942383,20.940000534057617,102400,0.0,0.0
2023-02-08 00:00:00-05:00,20.530000686645508,21.25,19.600000381469727,20.5,64800,0.0,0.0
2023-02-09 00:00:00-05:00,20.780000686645508,20.8799991607666,20.149999618530273,20.459999084472656,25300,0.0,0.0
2023-02-10 00:00:00-05:00,20.020000457763672,20.389999389648438,19.530000686645508,20.329999923706055,65600,0.0,0.0
2023-02-13 00:00:00-05:00,20.170000076293945,20.8799991607666,20.170000076293945,20.780000686645508,14100,0.0,0.0
2023-02-14 00:00:00-05:00,20.989999771118164,21.850000381469727,20.700000762939453,21.049999237060547,35000,0.0,0.0
2023-02-15 00:00:00-05:00,21.729999542236328,21.799999237060547,20.639999389648438,21.200000762939453,17400,0.0,0.0
2023-02-16 00:00:00-05:00,20.950000762939453,21.459999084472656,20.649999618530273,21.389999389648438,15100,0.0,0.0
2023-02-17 00:00:00-05:00,21.420000076293945,21.6299991607666,20.850000381469727,21.350000381469727,17600,0.0,0.0
2023-02-21 00:00:00-05:00,21.100000381469727,21.530000686645508,20.719999313354492,20.979999542236328,9000,0.0,0.0
2023-02-22 00:00:00-05:00,20.989999771118164,21.280000686645508,20.549999237060547,21.200000762939453,17600,0.0,0.0
2023-02-23 00:00:00-05:00,21.0,21.139999389648438,20.81999969482422,21.0,10400,0.0,0.0
2023-02-24 00:00:00-05:00,22.0,22.0,20.260000228881836,21.600000381469727,20300,0.0,0.0
2023-02-27 00:00:00-05:00,21.600000381469727,21.600000381469727,20.920000076293945,21.5,16800,0.0,0.0
2023-02-28 00:00:00-05:00,21.0,21.5,20.600000381469727,21.280000686645508,52900,0.0,0.0
2023-03-01 00:00:00-05:00,21.149999618530273,21.860000610351562,20.8700008392334,21.65999984741211,30000,0.0,0.0
2023-03-02 00:00:00-05:00,21.219999313354492,22.889999389648438,21.0,22.829999923706055,40400,0.0,0.0
2023-03-03 00:00:00-05:00,23.1200008392334,23.1200008392334,21.309999465942383,21.520000457763672,34200,0.0,0.0
2023-03-06 00:00:00-05:00,21.420000076293945,21.420000076293945,20.540000915527344,21.34000015258789,25300,0.0,0.0
2023-03-07 00:00:00-05:00,20.75,21.290000915527344,20.739999771118164,21.239999771118164,17300,0.0,0.0
2023-03-08 00:00:00-05:00,21.079999923706055,21.270000457763672,21.0,21.020000457763672,26700,0.0,0.0
2023-03-09 00:00:00-05:00,21.020000457763672,22.43000030517578,20.850000381469727,22.229999542236328,34400,0.0,0.0
2023-03-10 00:00:00-05:00,22.31999969482422,22.5,20.809999465942383,21.649999618530273,38800,0.0,0.0
2023-03-13 00:00:00-04:00,21.420000076293945,21.420000076293945,20.290000915527344,21.030000686645508,21700,0.0,0.0
2023-03-14 00:00:00-04:00,21.139999389648438,21.139999389648438,20.219999313354492,20.6299991607666,21800,0.0,0.0
2023-03-15 00:00:00-04:00,20.459999084472656,20.639999389648438,19.8799991607666,20.329999923706055,13500,0.0,0.0
2023-03-16 00:00:00-04:00,20.5,21.020000457763672,20.110000610351562,20.989999771118164,19700,0.0,0.0
2023-03-17 00:00:00-04:00,20.65999984741211,20.65999984741211,19.56999969482422,19.93000030517578,30400,0.0,0.0
2023-03-20 00:00:00-04:00,20.010000228881836,20.8700008392334,19.260000228881836,19.639999389648438,17800,0.0,0.0
2023-03-21 00:00:00-04:00,19.709999084472656,19.920000076293945,19.079999923706055,19.479999542236328,39100,0.0,0.0
2023-03-22 00:00:00-04:00,19.280000686645508,19.5,19.15999984741211,19.440000534057617,33700,0.0,0.0
2023-03-23 00:00:00-04:00,19.5,20.510000228881836,19.25,20.290000915527344,23500,0.0,0.0
2023-03-24 00:00:00-04:00,20.290000915527344,22.25,19.40999984741211,21.770000457763672,23800,0.0,0.0
2023-03-27 00:00:00-04:00,22.0,22.309999465942383,21.0,21.030000686645508,22200,0.0,0.0
2023-03-28 00:00:00-04:00,21.15999984741211,21.979999542236328,20.510000228881836,21.219999313354492,38300,0.0,0.0
2023-03-29 00:00:00-04:00,21.360000610351562,22.700000762939453,21.0,22.229999542236328,35900,0.0,0.0
2023-03-30 00:00:00-04:00,22.170000076293945,23.139999389648438,21.059999465942383,21.850000381469727,27500,0.0,0.0
2023-03-31 00:00:00-04:00,21.8700008392334,21.8700008392334,20.079999923706055,21.110000610351562,57800,0.0,0.0
2023-04-03 00:00:00-04:00,20.860000610351562,21.610000610351562,20.170000076293945,21.049999237060547,36300,0.0,0.0
2023-04-04 00:00:00-04:00,21.100000381469727,21.100000381469727,19.700000762939453,19.780000686645508,43600,0.0,0.0
2023-04-05 00:00:00-04:00,19.610000610351562,20.559999465942383,19.610000610351562,19.8700008392334,28300,0.0,0.0
2023-04-06 00:00:00-04:00,20.15999984741211,20.15999984741211,19.229999542236328,19.270000457763672,23400,0.0,0.0
2023-04-10 00:00:00-04:00,19.469999313354492,21.81999969482422,19.469999313354492,21.479999542236328,36800,0.0,0.0
2023-04-11 00:00:00-04:00,21.25,22.389999389648438,21.020000457763672,21.579999923706055,29200,0.0,0.0
2023-04-12 00:00:00-04:00,21.559999465942383,21.559999465942383,20.40999984741211,20.760000228881836,21600,0.0,0.0
2023-04-13 00:00:00-04:00,20.809999465942383,21.3799991607666,20.059999465942383,20.389999389648438,22400,0.0,0.0
2023-04-14 00:00:00-04:00,20.479999542236328,20.479999542236328,19.360000610351562,19.670000076293945,27900,0.0,0.0
2023-04-17 00:00:00-04:00,19.690000534057617,20.31999969482422,19.3799991607666,19.43000030517578,28600,0.0,0.0
2023-04-18 00:00:00-04:00,19.579999923706055,19.579999923706055,19.0,19.469999313354492,22200,0.0,0.0
2023-04-19 00:00:00-04:00,19.139999389648438,19.950000762939453,19.139999389648438,19.350000381469727,17700,0.0,0.0
2023-04-20 00:00:00-04:00,19.489999771118164,19.489999771118164,18.56999969482422,18.709999084472656,17000,0.0,0.0
2023-04-21 00:00:00-04:00,18.59000015258789,19.190000534057617,18.020000457763672,18.579999923706055,18600,0.0,0.0
2023-04-24 00:00:00-04:00,18.690000534057617,19.260000228881836,17.5,18.15999984741211,43700,0.0,0.0
2023-04-25 00:00:00-04:00,18.110000610351562,18.639999389648438,17.549999237060547,18.18000030517578,42900,0.0,0.0
2023-04-26 00:00:00-04:00,18.239999771118164,19.420000076293945,17.959999084472656,19.200000762939453,45100,0.0,0.0
2023-04-27 00:00:00-04:00,18.239999771118164,19.440000534057617,18.239999771118164,18.829999923706055,23900,0.0,0.0
2023-04-28 00:00:00-04:00,19.040000915527344,19.040000915527344,18.010000228881836,18.389999389648438,15200,0.0,0.0
2023-05-01 00:00:00-04:00,18.209999084472656,18.889999389648438,18.1299991607666,18.59000015258789,11900,0.0,0.0
2023-05-02 00:00:00-04:00,18.5,18.770000457763672,18.350000381469727,18.399999618530273,19700,0.0,0.0
2023-05-03 00:00:00-04:00,18.399999618530273,18.979999542236328,18.239999771118164,18.450000762939453,23600,0.0,0.0
2023-05-04 00:00:00-04:00,18.600000381469727,19.030000686645508,17.770000457763672,17.780000686645508,27900,0.0,0.0
2023-05-05 00:00:00-04:00,18.0,18.700000762939453,17.850000381469727,18.329999923706055,21100,0.0,0.0
2023-05-08 00:00:00-04:00,18.5,18.5,18.0,18.260000228881836,33600,0.0,0.0
2023-05-09 00:00:00-04:00,18.1299991607666,18.700000762939453,17.899999618530273,18.309999465942383,25800,0.0,0.0
2023-05-10 00:00:00-04:00,18.43000030517578,18.799999237060547,17.520000457763672,18.799999237060547,42000,0.0,0.0
2023-05-11 00:00:00-04:00,18.75,18.940000534057617,17.93000030517578,18.549999237060547,34100,0.0,0.0
2023-05-12 00:00:00-04:00,18.8700008392334,19.649999618530273,18.81999969482422,19.139999389648438,40600,0.0,0.0
2023-05-15 00:00:00-04:00,19.1200008392334,20.100000381469727,19.1200008392334,20.059999465942383,21300,0.0,0.0
2023-05-16 00:00:00-04:00,20.200000762939453,20.510000228881836,19.059999465942383,20.5,41900,0.0,0.0
2023-05-17 00:00:00-04:00,20.149999618530273,21.389999389648438,20.110000610351562,21.389999389648438,42600,0.0,0.0
2023-05-18 00:00:00-04:00,19.850000381469727,21.209999084472656,19.850000381469727,20.479999542236328,18100,0.0,0.0
2023-05-19 00:00:00-04:00,20.3700008392334,20.950000762939453,19.360000610351562,19.43000030517578,45800,0.0,0.0
2023-05-22 00:00:00-04:00,19.290000915527344,20.15999984741211,19.010000228881836,19.40999984741211,35800,0.0,0.0
2023-05-23 00:00:00-04:00,19.600000381469727,19.829999923706055,18.559999465942383,18.559999465942383,28200,0.0,0.0
2023-05-24 00:00:00-04:00,18.670000076293945,18.899999618530273,17.549999237060547,17.799999237060547,27300,0.0,0.0
2023-05-25 00:00:00-04:00,17.799999237060547,18.190000534057617,17.010000228881836,17.420000076293945,39100,0.0,0.0
2023-05-26 00:00:00-04:00,17.780000686645508,17.979999542236328,17.270000457763672,17.510000228881836,27100,0.0,0.0
2023-05-30 00:00:00-04:00,17.280000686645508,18.3799991607666,16.520000457763672,17.25,74500,0.0,0.0
2023-05-31 00:00:00-04:00,17.25,17.25,16.68000030517578,17.0,93100,0.0,0.0
2023-06-01 00:00:00-04:00,16.989999771118164,17.309999465942383,16.520000457763672,17.010000228881836,94300,0.0,0.0
2023-06-02 00:00:00-04:00,17.25,18.18000030517578,16.790000915527344,17.969999313354492,30500,0.0,0.0
2023-06-05 00:00:00-04:00,18.389999389648438,19.81999969482422,17.979999542236328,19.81999969482422,31200,0.0,0.0
2023-06-06 00:00:00-04:00,19.59000015258789,20.0,17.940000534057617,18.15999984741211,29200,0.0,0.0
2023-06-07 00:00:00-04:00,18.5,18.5,17.09000015258789,17.43000030517578,36900,0.0,0.0
2023-06-08 00:00:00-04:00,17.6200008392334,18.329999923706055,17.450000762939453,17.739999771118164,21100,0.0,0.0
2023-06-09 00:00:00-04:00,17.280000686645508,18.1299991607666,17.0,17.209999084472656,33800,0.0,0.0
2023-06-12 00:00:00-04:00,17.450000762939453,17.690000534057617,17.06999969482422,17.34000015258789,28200,0.0,0.0
2023-06-13 00:00:00-04:00,17.34000015258789,18.010000228881836,17.18000030517578,17.18000030517578,35600,0.0,0.0
2023-06-14 00:00:00-04:00,17.239999771118164,17.850000381469727,17.18000030517578,17.18000030517578,25400,0.0,0.0
2023-06-15 00:00:00-04:00,17.440000534057617,17.790000915527344,17.030000686645508,17.149999618530273,45900,0.0,0.0
2023-06-16 00:00:00-04:00,17.079999923706055,17.299999237060547,16.549999237060547,17.100000381469727,56200,0.0,0.0
2023-06-20 00:00:00-04:00,16.899999618530273,18.790000915527344,16.899999618530273,18.690000534057617,89800,0.0,0.0
2023-06-21 00:00:00-04:00,18.459999084472656,18.8799991607666,17.420000076293945,18.56999969482422,45400,0.0,0.0
2023-06-22 00:00:00-04:00,18.700000762939453,19.610000610351562,18.639999389648438,19.350000381469727,45100,0.0,0.0
2023-06-23 00:00:00-04:00,19.440000534057617,19.639999389648438,17.950000762939453,18.510000228881836,937800,0.0,0.0
2023-06-26 00:00:00-04:00,18.309999465942383,18.649999618530273,17.329999923706055,17.8799991607666,55900,0.0,0.0
2023-06-27 00:00:00-04:00,17.729999542236328,18.3799991607666,17.110000610351562,18.149999618530273,115700,0.0,0.0
2023-06-28 00:00:00-04:00,18.040000915527344,19.079999923706055,17.360000610351562,18.360000610351562,46200,0.0,0.0
2023-06-29 00:00:00-04:00,18.5,18.920000076293945,18.139999389648438,18.84000015258789,29000,0.0,0.0
2023-06-30 00:00:00-04:00,18.40999984741211,19.209999084472656,18.40999984741211,18.889999389648438,26200,0.0,0.0
2023-07-03 00:00:00-04:00,18.6299991607666,18.950000762939453,17.6200008392334,17.6200008392334,23300,0.0,0.0
2023-07-05 00:00:00-04:00,17.719999313354492,18.440000534057617,16.940000534057617,16.940000534057617,53200,0.0,0.0
2023-07-06 00:00:00-04:00,16.8700008392334,17.049999237060547,16.229999542236328,16.3799991607666,56600,0.0,0.0
2023-07-07 00:00:00-04:00,16.0,16.790000915527344,16.0,16.690000534057617,36300,0.0,0.0
2023-07-10 00:00:00-04:00,16.780000686645508,17.010000228881836,16.530000686645508,16.729999542236328,30800,0.0,0.0
2023-07-11 00:00:00-04:00,16.950000762939453,17.06999969482422,16.40999984741211,16.889999389648438,31300,0.0,0.0
2023-07-12 00:00:00-04:00,17.09000015258789,17.09000015258789,16.610000610351562,16.670000076293945,11500,0.0,0.0
2023-07-13 00:00:00-04:00,16.950000762939453,17.549999237060547,16.809999465942383,17.040000915527344,20500,0.0,0.0
2023-07-14 00:00:00-04:00,17.0,17.0,16.530000686645508,16.549999237060547,13500,0.0,0.0
2023-07-17 00:00:00-04:00,16.510000228881836,16.719999313354492,15.699999809265137,16.100000381469727,54300,0.0,0.0
2023-07-18 00:00:00-04:00,15.930000305175781,16.190000534057617,15.529999732971191,15.8100004196167,26700,0.0,0.0
2023-07-19 00:00:00-04:00,15.84000015258789,16.5,15.84000015258789,16.1299991607666,19800,0.0,0.0
2023-07-20 00:00:00-04:00,16.200000762939453,16.43000030517578,15.880000114440918,16.299999237060547,18200,0.0,0.0
2023-07-21 00:00:00-04:00,16.40999984741211,16.719999313354492,16.079999923706055,16.149999618530273,21900,0.0,0.0
2023-07-24 00:00:00-04:00,16.030000686645508,16.309999465942383,15.789999961853027,15.890000343322754,24600,0.0,0.0
2023-07-25 00:00:00-04:00,15.899999618530273,16.0,15.289999961853027,15.449999809265137,25900,0.0,0.0
2023-07-26 00:00:00-04:00,15.430000305175781,15.789999961853027,15.239999771118164,15.479999542236328,16200,0.0,0.0
2023-07-27 00:00:00-04:00,15.470000267028809,15.859999656677246,15.220000267028809,15.489999771118164,25000,0.0,0.0
2023-07-28 00:00:00-04:00,15.510000228881836,15.989999771118164,15.430000305175781,15.619999885559082,6600,0.0,0.0
2023-07-31 00:00:00-04:00,15.619999885559082,16.040000915527344,15.210000038146973,15.75,12300,0.0,0.0
2023-08-01 00:00:00-04:00,15.949999809265137,16.270000457763672,15.770000457763672,16.059999465942383,10400,0.0,0.0
2023-08-02 00:00:00-04:00,15.960000038146973,16.399999618530273,15.680000305175781,15.680000305175781,17800,0.0,0.0
2023-08-03 00:00:00-04:00,15.600000381469727,16.280000686645508,15.399999618530273,15.710000038146973,11000,0.0,0.0
2023-08-04 00:00:00-04:00,15.710000038146973,16.1299991607666,15.489999771118164,15.75,39800,0.0,0.0
2023-08-07 00:00:00-04:00,15.579999923706055,16.020000457763672,15.3100004196167,15.9399995803833,14700,0.0,0.0
2023-08-08 00:00:00-04:00,16.290000915527344,16.75,15.649999618530273,15.649999618530273,19700,0.0,0.0
2023-08-09 00:00:00-04:00,16.350000381469727,16.43000030517578,15.5600004196167,16.149999618530273,25000,0.0,0.0
2023-08-10 00:00:00-04:00,16.520000457763672,16.56999969482422,15.90999984741211,16.299999237060547,21600,0.0,0.0
2023-08-11 00:00:00-04:00,16.299999237060547,16.520000457763672,16.09000015258789,16.389999389648438,13000,0.0,0.0
2023-08-14 00:00:00-04:00,15.90999984741211,16.229999542236328,15.8100004196167,15.819999694824219,5000,0.0,0.0
2023-08-15 00:00:00-04:00,15.819999694824219,15.819999694824219,15.470000267028809,15.489999771118164,28900,0.0,0.0
2023-08-16 00:00:00-04:00,15.489999771118164,15.6899995803833,15.100000381469727,15.449999809265137,15000,0.0,0.0
2023-08-17 00:00:00-04:00,15.180000305175781,15.640000343322754,14.899999618530273,15.300000190734863,27900,0.0,0.0
2023-08-18 00:00:00-04:00,15.3100004196167,15.970000267028809,15.3100004196167,15.720000267028809,10400,0.0,0.0
2023-08-21 00:00:00-04:00,16.3799991607666,16.3799991607666,15.680000305175781,15.84000015258789,7500,0.0,0.0
2023-08-22 00:00:00-04:00,16.059999465942383,16.059999465942383,15.369999885559082,15.460000038146973,12600,0.0,0.0
2023-08-23 00:00:00-04:00,15.470000267028809,15.470000267028809,14.979999542236328,15.1899995803833,30400,0.0,0.0
2023-08-24 00:00:00-04:00,15.0,15.270000457763672,14.869999885559082,14.899999618530273,8200,0.0,0.0
2023-08-25 00:00:00-04:00,14.890000343322754,15.09000015258789,14.890000343322754,15.020000457763672,7100,0.0,0.0
2023-08-28 00:00:00-04:00,14.9399995803833,14.9399995803833,14.550000190734863,14.710000038146973,24200,0.0,0.0
2023-08-29 00:00:00-04:00,14.520000457763672,15.0,14.119999885559082,14.989999771118164,17700,0.0,0.0
2023-08-30 00:00:00-04:00,14.319999694824219,15.0,14.319999694824219,14.550000190734863,6400,0.0,0.0
2023-08-31 00:00:00-04:00,14.890000343322754,14.90999984741211,14.0,14.020000457763672,12800,0.0,0.0
2023-09-01 00:00:00-04:00,14.039999961853027,14.390000343322754,13.680000305175781,14.270000457763672,42600,0.0,0.0
2023-09-05 00:00:00-04:00,14.140000343322754,14.890000343322754,14.140000343322754,14.550000190734863,20600,0.0,0.0
2023-09-06 00:00:00-04:00,14.399999618530273,14.75,14.0,14.75,27700,0.0,0.0
2023-09-07 00:00:00-04:00,14.699999809265137,15.289999961853027,14.460000038146973,14.920000076293945,14000,0.0,0.0
2023-09-08 00:00:00-04:00,15.109999656677246,15.279999732971191,14.619999885559082,15.210000038146973,14700,0.0,0.0
2023-09-11 00:00:00-04:00,14.970000267028809,15.619999885559082,14.819999694824219,15.5,16900,0.0,0.0
2023-09-12 00:00:00-04:00,15.229999542236328,15.720000267028809,15.229999542236328,15.539999961853027,10500,0.0,0.0
2023-09-13 00:00:00-04:00,15.420000076293945,16.049999237060547,15.319999694824219,15.8100004196167,14200,0.0,0.0
2023-09-14 00:00:00-04:00,16.020000457763672,16.450000762939453,15.579999923706055,16.450000762939453,18100,0.0,0.0
2023-09-15 00:00:00-04:00,16.360000610351562,17.989999771118164,15.960000038146973,17.709999084472656,83000,0.0,0.0
2023-09-18 00:00:00-04:00,17.790000915527344,17.790000915527344,15.640000343322754,16.270000457763672,19700,0.0,0.0
2023-09-19 00:00:00-04:00,16.40999984741211,16.579999923706055,16.0,16.170000076293945,11500,0.0,0.0
2023-09-20 00:00:00-04:00,16.329999923706055,16.329999923706055,15.680000305175781,15.890000343322754,14000,0.0,0.0
2023-09-21 00:00:00-04:00,15.869999885559082,16.09000015258789,15.489999771118164,15.729999542236328,12200,0.0,0.0
2023-09-22 00:00:00-04:00,15.800000190734863,16.040000915527344,15.359999656677246,15.65999984741211,8600,0.0,0.0
2023-09-25 00:00:00-04:00,15.640000343322754,15.640000343322754,14.34000015258789,14.680000305175781,9400,0.0,0.0
2023-09-26 00:00:00-04:00,14.600000381469727,14.960000038146973,14.0,14.239999771118164,20600,0.0,0.0
2023-09-27 00:00:00-04:00,14.260000228881836,14.75,13.899999618530273,14.460000038146973,22000,0.0,0.0
2023-09-28 00:00:00-04:00,14.529999732971191,15.149999618530273,14.239999771118164,14.239999771118164,13000,0.0,0.0
2023-09-29 00:00:00-04:00,14.199999809265137,14.550000190734863,13.970000267028809,14.09000015258789,32800,0.0,0.0
2023-10-02 00:00:00-04:00,14.25,14.529999732971191,13.75,14.020000457763672,31800,0.0,0.0
2023-10-03 00:00:00-04:00,14.020000457763672,14.020000457763672,13.739999771118164,13.819999694824219,10300,0.0,0.0
2023-10-04 00:00:00-04:00,13.6899995803833,14.069999694824219,13.479999542236328,13.949999809265137,15900,0.0,0.0
2023-10-05 00:00:00-04:00,14.739999771118164,15.979999542236328,14.329999923706055,15.819999694824219,39600,0.0,0.0
2023-10-06 00:00:00-04:00,15.619999885559082,15.619999885559082,14.390000343322754,15.5,17400,0.0,0.0
2023-10-09 00:00:00-04:00,15.329999923706055,15.5,14.8100004196167,15.289999961853027,21400,0.0,0.0
2023-10-10 00:00:00-04:00,15.489999771118164,17.0,15.489999771118164,16.170000076293945,24300,0.0,0.0
2023-10-11 00:00:00-04:00,15.979999542236328,16.760000228881836,15.729999542236328,16.020000457763672,16600,0.0,0.0
2023-10-12 00:00:00-04:00,16.239999771118164,16.65999984741211,15.8100004196167,16.309999465942383,27500,0.0,0.0
2023-10-13 00:00:00-04:00,16.309999465942383,16.719999313354492,16.040000915527344,16.610000610351562,17200,0.0,0.0
2023-10-16 00:00:00-04:00,16.780000686645508,17.18000030517578,16.649999618530273,16.809999465942383,31500,0.0,0.0
2023-10-17 00:00:00-04:00,16.68000030517578,17.450000762939453,16.68000030517578,17.010000228881836,21000,0.0,0.0
2023-10-18 00:00:00-04:00,16.950000762939453,17.389999389648438,16.610000610351562,16.959999084472656,22600,0.0,0.0
2023-10-19 00:00:00-04:00,16.959999084472656,17.579999923706055,16.0,17.40999984741211,22300,0.0,0.0
2023-10-20 00:00:00-04:00,17.469999313354492,17.700000762939453,16.600000381469727,17.049999237060547,29200,0.0,0.0
2023-10-23 00:00:00-04:00,17.209999084472656,17.8799991607666,17.0,17.329999923706055,64800,0.0,0.0
2023-10-24 00:00:00-04:00,17.31999969482422,17.31999969482422,16.559999465942383,16.639999389648438,34400,0.0,0.0
2023-10-25 00:00:00-04:00,16.649999618530273,17.780000686645508,16.649999618530273,17.579999923706055,22200,0.0,0.0
2023-10-26 00:00:00-04:00,17.270000457763672,17.829999923706055,17.229999542236328,17.59000015258789,23600,0.0,0.0
2023-10-27 00:00:00-04:00,17.25,17.979999542236328,16.850000381469727,17.559999465942383,94300,0.0,0.0
2023-10-30 00:00:00-04:00,17.43000030517578,18.0,17.43000030517578,17.84000015258789,37000,0.0,0.0
2023-10-31 00:00:00-04:00,17.5,18.979999542236328,17.5,18.850000381469727,40100,0.0,0.0
2023-11-01 00:00:00-04:00,18.829999923706055,19.899999618530273,18.5,19.1299991607666,49100,0.0,0.0
2023-11-02 00:00:00-04:00,19.229999542236328,19.229999542236328,18.579999923706055,18.780000686645508,44700,0.0,0.0
2023-11-03 00:00:00-04:00,19.200000762939453,19.200000762939453,18.139999389648438,18.3700008392334,37800,0.0,0.0
2023-11-06 00:00:00-05:00,18.3700008392334,18.399999618530273,17.010000228881836,17.3799991607666,18500,0.0,0.0
2023-11-07 00:00:00-05:00,17.56999969482422,17.56999969482422,16.0,16.260000228881836,15200,0.0,0.0
2023-11-08 00:00:00-05:00,16.209999084472656,16.270000457763672,15.109999656677246,15.260000228881836,14000,0.0,0.0
2023-11-09 00:00:00-05:00,15.300000190734863,16.610000610351562,14.649999618530273,15.149999618530273,10400,0.0,0.0
2023-11-10 00:00:00-05:00,14.270000457763672,16.3799991607666,14.270000457763672,16.0,26000,0.0,0.0
2023-11-13 00:00:00-05:00,15.930000305175781,16.170000076293945,15.600000381469727,15.90999984741211,10800,0.0,0.0
2023-11-14 00:00:00-05:00,16.0,16.299999237060547,15.609999656677246,16.079999923706055,19100,0.0,0.0
2023-11-15 00:00:00-05:00,16.149999618530273,17.0,15.829999923706055,15.859999656677246,17900,0.0,0.0
2023-11-16 00:00:00-05:00,16.0,16.149999618530273,14.739999771118164,14.800000190734863,34400,0.0,0.0
2023-11-17 00:00:00-05:00,15.0,16.0,15.0,15.970000267028809,24600,0.0,0.0
2023-11-20 00:00:00-05:00,15.239999771118164,15.979999542236328,15.039999961853027,15.270000457763672,20000,0.0,0.0
2023-11-21 00:00:00-05:00,15.300000190734863,16.579999923706055,15.0600004196167,15.720000267028809,17900,0.0,0.0
2023-11-22 00:00:00-05:00,15.949999809265137,16.260000228881836,15.420000076293945,15.619999885559082,23000,0.0,0.0
2023-11-24 00:00:00-05:00,15.789999961853027,15.789999961853027,15.479999542236328,15.600000381469727,11300,0.0,0.0
2023-11-27 00:00:00-05:00,15.729999542236328,15.760000228881836,14.399999618530273,14.84000015258789,39800,0.0,0.0
2023-11-28 00:00:00-05:00,14.680000305175781,15.600000381469727,14.680000305175781,15.0,20500,0.0,0.0
2023-11-29 00:00:00-05:00,14.989999771118164,15.34000015258789,14.680000305175781,14.800000190734863,17800,0.0,0.0
2023-11-30 00:00:00-05:00,14.890000343322754,14.970000267028809,14.329999923706055,14.84000015258789,58000,0.0,0.0
2023-12-01 00:00:00-05:00,15.100000381469727,15.970000267028809,14.90999984741211,15.380000114440918,24700,0.0,0.0
2023-12-04 00:00:00-05:00,15.279999732971191,16.940000534057617,15.279999732971191,16.329999923706055,40800,0.0,0.0
2023-12-05 00:00:00-05:00,16.479999542236328,16.799999237060547,15.970000267028809,16.25,26400,0.0,0.0
2023-12-06 00:00:00-05:00,16.260000228881836,16.350000381469727,16.100000381469727,16.200000762939453,11400,0.0,0.0
2023-12-07 00:00:00-05:00,15.84000015258789,16.469999313354492,15.84000015258789,16.040000915527344,17500,0.0,0.0
2023-12-08 00:00:00-05:00,16.149999618530273,16.399999618530273,15.449999809265137,15.949999809265137,20600,0.0,0.0
2023-12-11 00:00:00-05:00,15.739999771118164,16.299999237060547,14.90999984741211,15.579999923706055,32800,0.0,0.0
2023-12-12 00:00:00-05:00,15.34000015258789,15.609999656677246,14.770000457763672,14.789999961853027,20600,0.0,0.0
2023-12-13 00:00:00-05:00,14.890000343322754,15.989999771118164,14.890000343322754,15.989999771118164,30800,0.0,0.0
2023-12-14 00:00:00-05:00,16.0,16.389999389648438,15.630000114440918,16.18000030517578,35500,0.0,0.0
2023-12-15 00:00:00-05:00,16.34000015258789,16.34000015258789,15.5600004196167,15.75,41200,0.0,0.0
2023-12-18 00:00:00-05:00,15.699999809265137,16.149999618530273,15.680000305175781,15.899999618530273,29000,0.0,0.0
2023-12-19 00:00:00-05:00,16.0,18.700000762939453,16.0,18.479999542236328,98000,0.0,0.0
2023-12-20 00:00:00-05:00,18.1200008392334,18.739999771118164,17.520000457763672,18.31999969482422,28800,0.0,0.0
2023-12-21 00:00:00-05:00,18.329999923706055,18.700000762939453,17.6200008392334,18.079999923706055,26900,0.0,0.0
2023-12-22 00:00:00-05:00,17.889999389648438,19.1299991607666,17.799999237060547,18.399999618530273,55200,0.0,0.0
2023-12-26 00:00:00-05:00,18.399999618530273,19.0,18.030000686645508,18.75,15300,0.0,0.0
2023-12-27 00:00:00-05:00,18.600000381469727,18.850000381469727,18.5,18.709999084472656,15700,0.0,0.0
2023-12-28 00:00:00-05:00,18.579999923706055,19.43000030517578,18.530000686645508,18.940000534057617,61500,0.0,0.0
2023-12-29 00:00:00-05:00,18.979999542236328,19.239999771118164,18.239999771118164,18.5,32900,0.0,0.0
2024-01-02 00:00:00-05:00,19.25,21.0,19.25,20.889999389648438,86200,0.0,0.0
2024-01-03 00:00:00-05:00,21.0,22.0,20.649999618530273,20.84000015258789,62000,0.0,0.0
2024-01-04 00:00:00-05:00,20.649999618530273,21.0,19.68000030517578,20.8799991607666,18300,0.0,0.0
2024-01-05 00:00:00-05:00,20.719999313354492,21.079999923706055,20.110000610351562,20.90999984741211,27200,0.0,0.0
2024-01-08 00:00:00-05:00,21.0,21.950000762939453,20.670000076293945,21.850000381469727,39400,0.0,0.0
2024-01-09 00:00:00-05:00,21.8700008392334,22.0,21.020000457763672,21.020000457763672,19100,0.0,0.0
2024-01-10 00:00:00-05:00,21.049999237060547,21.309999465942383,20.469999313354492,20.760000228881836,13700,0.0,0.0
2024-01-11 00:00:00-05:00,21.309999465942383,21.309999465942383,20.209999084472656,20.760000228881836,26800,0.0,0.0
2024-01-12 00:00:00-05:00,21.0,21.0,19.84000015258789,20.15999984741211,13600,0.0,0.0
2024-01-16 00:00:00-05:00,20.0,20.18000030517578,19.450000762939453,19.75,23600,0.0,0.0
2024-01-17 00:00:00-05:00,19.40999984741211,19.75,19.010000228881836,19.34000015258789,21200,0.0,0.0
2024-01-18 00:00:00-05:00,19.270000457763672,20.0,18.6299991607666,19.100000381469727,21300,0.0,0.0
2024-01-19 00:00:00-05:00,19.0,20.149999618530273,18.56999969482422,19.899999618530273,26800,0.0,0.0
2024-01-22 00:00:00-05:00,19.5,20.6299991607666,19.15999984741211,20.399999618530273,18500,0.0,0.0
2024-01-23 00:00:00-05:00,20.079999923706055,20.079999923706055,18.950000762939453,19.75,37000,0.0,0.0
2024-01-24 00:00:00-05:00,19.829999923706055,20.5,19.270000457763672,20.450000762939453,25200,0.0,0.0
2024-01-25 00:00:00-05:00,20.719999313354492,21.0,20.40999984741211,20.610000610351562,14100,0.0,0.0
2024-01-26 00:00:00-05:00,20.90999984741211,20.93000030517578,19.860000610351562,20.190000534057617,14300,0.0,0.0
2024-01-29 00:00:00-05:00,19.979999542236328,20.719999313354492,19.780000686645508,20.719999313354492,30400,0.0,0.0
2024-01-30 00:00:00-05:00,20.239999771118164,21.0,20.239999771118164,20.549999237060547,15700,0.0,0.0
2024-01-31 00:00:00-05:00,20.5,20.719999313354492,19.6200008392334,19.969999313354492,16800,0.0,0.0
2024-02-01 00:00:00-05:00,20.610000610351562,20.729999542236328,20.049999237060547,20.600000381469727,20300,0.0,0.0
2024-02-02 00:00:00-05:00,20.200000762939453,20.299999237060547,19.6200008392334,20.200000762939453,14200,0.0,0.0
2024-02-05 00:00:00-05:00,19.559999465942383,20.399999618530273,19.559999465942383,20.040000915527344,9500,0.0,0.0
2024-02-06 00:00:00-05:00,19.899999618530273,20.809999465942383,19.899999618530273,20.809999465942383,26300,0.0,0.0
2024-02-07 00:00:00-05:00,20.610000610351562,21.110000610351562,20.260000228881836,20.329999923706055,20400,0.0,0.0
2024-02-08 00:00:00-05:00,21.440000534057617,21.440000534057617,19.799999237060547,20.040000915527344,8000,0.0,0.0
2024-02-09 00:00:00-05:00,20.84000015258789,20.989999771118164,20.18000030517578,20.40999984741211,8800,0.0,0.0
2024-02-12 00:00:00-05:00,20.8799991607666,20.899999618530273,20.559999465942383,20.899999618530273,13300,0.0,0.0
2024-02-13 00:00:00-05:00,20.540000915527344,21.239999771118164,19.5,19.520000457763672,18500,0.0,0.0
2024-02-14 00:00:00-05:00,19.6200008392334,20.40999984741211,19.610000610351562,20.399999618530273,8200,0.0,0.0
2024-02-15 00:00:00-05:00,20.920000076293945,22.5,20.510000228881836,22.18000030517578,57100,0.0,0.0
2024-02-16 00:00:00-05:00,22.5,23.799999237060547,21.219999313354492,23.1299991607666,35200,0.0,0.0
2024-02-20 00:00:00-05:00,23.389999389648438,23.8700008392334,22.1299991607666,22.280000686645508,22300,0.0,0.0
2024-02-21 00:00:00-05:00,22.139999389648438,24.920000076293945,21.25,24.5,46500,0.0,0.0
2024-02-22 00:00:00-05:00,24.530000686645508,25.0,22.979999542236328,23.34000015258789,27500,0.0,0.0
2024-02-23 00:00:00-05:00,23.219999313354492,23.600000381469727,22.959999084472656,23.31999969482422,5600,0.0,0.0
2024-02-26 00:00:00-05:00,23.209999084472656,25.1299991607666,23.209999084472656,24.760000228881836,33200,0.0,0.0
2024-02-27 00:00:00-05:00,24.670000076293945,25.0,24.010000228881836,24.360000610351562,12700,0.0,0.0
2024-02-28 00:00:00-05:00,24.190000534057617,25.3700008392334,24.020000457763672,24.950000762939453,26100,0.0,0.0
2024-02-29 00:00:00-05:00,25.0,25.0,24.309999465942383,24.309999465942383,11200,0.0,0.0
2024-03-01 00:00:00-05:00,24.270000457763672,25.520000457763672,23.899999618530273,24.899999618530273,40400,0.0,0.0
2024-03-04 00:00:00-05:00,25.0,25.90999984741211,24.530000686645508,24.969999313354492,18900,0.0,0.0
2024-03-05 00:00:00-05:00,24.540000915527344,25.079999923706055,24.25,24.59000015258789,14700,0.0,0.0
2024-03-06 00:00:00-05:00,24.65999984741211,25.040000915527344,23.959999084472656,25.0,16300,0.0,0.0
2024-03-07 00:00:00-05:00,24.75,25.260000228881836,24.610000610351562,25.1200008392334,6800,0.0,0.0
2024-03-08 00:00:00-05:00,25.030000686645508,25.06999969482422,24.40999984741211,24.709999084472656,6700,0.0,0.0
2024-03-11 00:00:00-04:00,24.489999771118164,26.5,24.399999618530273,26.280000686645508,21000,0.0,0.0
2024-03-12 00:00:00-04:00,26.030000686645508,26.40999984741211,25.440000534057617,25.649999618530273,14500,0.0,0.0
2024-03-13 00:00:00-04:00,25.670000076293945,25.670000076293945,24.940000534057617,25.610000610351562,8600,0.0,0.0
2024-03-14 00:00:00-04:00,25.469999313354492,25.989999771118164,25.149999618530273,25.770000457763672,28400,0.0,0.0
2024-03-15 00:00:00-04:00,25.190000534057617,26.31999969482422,24.799999237060547,26.31999969482422,80600,0.0,0.0
2024-03-18 00:00:00-04:00,26.290000915527344,26.829999923706055,25.030000686645508,25.18000030517578,16300,0.0,0.0
2024-03-19 00:00:00-04:00,25.020000457763672,25.889999389648438,24.399999618530273,25.200000762939453,27200,0.0,0.0
2024-03-20 00:00:00-04:00,24.899999618530273,25.049999237060547,24.5,24.6200008392334,8500,0.0,0.0
2024-03-21 00:00:00-04:00,24.760000228881836,24.799999237060547,24.34000015258789,24.530000686645508,16000,0.0,0.0
2024-03-22 00:00:00-04:00,24.290000915527344,25.950000762939453,24.290000915527344,24.799999237060547,39200,0.0,0.0
2024-03-25 00:00:00-04:00,25.06999969482422,25.950000762939453,24.0,24.0,16600,0.0,0.0
2024-03-26 00:00:00-04:00,24.010000228881836,24.010000228881836,23.149999618530273,23.149999618530273,7800,0.0,0.0
2024-03-27 00:00:00-04:00,23.059999465942383,23.479999542236328,23.0,23.34000015258789,7200,0.0,0.0
2024-03-28 00:00:00-04:00,23.25,24.540000915527344,23.25,24.049999237060547,19800,0.0,0.0
2024-04-01 00:00:00-04:00,24.049999237060547,26.09000015258789,23.440000534057617,25.25,35900,0.0,0.0
2024-04-02 00:00:00-04:00,25.299999237060547,27.0,25.25,26.350000381469727,24000,0.0,0.0
2024-04-03 00:00:00-04:00,26.209999084472656,27.0,25.459999084472656,25.829999923706055,17500,0.0,0.0
2024-04-04 00:00:00-04:00,25.389999389648438,26.100000381469727,25.25,25.799999237060547,12300,0.0,0.0
2024-04-05 00:00:00-04:00,25.670000076293945,26.399999618530273,23.989999771118164,25.34000015258789,21900,0.0,0.0
2024-04-08 00:00:00-04:00,25.34000015258789,26.420000076293945,25.239999771118164,25.239999771118164,19600,0.0,0.0
2024-04-09 00:00:00-04:00,24.790000915527344,25.65999984741211,24.75,25.610000610351562,5000,0.0,0.0
2024-04-10 00:00:00-04:00,25.239999771118164,25.780000686645508,25.100000381469727,25.780000686645508,6200,0.0,0.0
2024-04-11 00:00:00-04:00,25.989999771118164,26.5,25.889999389648438,26.200000762939453,18300,0.0,0.0
2024-04-12 00:00:00-04:00,26.110000610351562,26.68000030517578,25.43000030517578,25.850000381469727,11200,0.0,0.0
2024-04-15 00:00:00-04:00,25.170000076293945,25.520000457763672,24.34000015258789,24.34000015258789,6100,0.0,0.0
2024-04-16 00:00:00-04:00,24.6200008392334,24.6200008392334,24.0,24.3799991607666,7200,0.0,0.0
2024-04-17 00:00:00-04:00,24.020000457763672,24.280000686645508,24.020000457763672,24.25,9000,0.0,0.0
2024-04-18 00:00:00-04:00,24.25,25.059999465942383,24.239999771118164,24.59000015258789,14900,0.0,0.0
2024-04-19 00:00:00-04:00,24.459999084472656,26.40999984741211,24.459999084472656,25.479999542236328,17400,0.0,0.0
2024-04-22 00:00:00-04:00,25.25,26.5,25.25,25.81999969482422,7300,0.0,0.0
2024-04-23 00:00:00-04:00,26.479999542236328,26.790000915527344,25.81999969482422,26.09000015258789,11800,0.0,0.0
2024-04-24 00:00:00-04:00,26.139999389648438,26.139999389648438,25.520000457763672,25.639999389648438,8200,0.0,0.0
2024-04-25 00:00:00-04:00,25.549999237060547,26.75,25.200000762939453,25.360000610351562,6800,0.0,0.0
2024-04-26 00:00:00-04:00,25.079999923706055,25.5,25.079999923706055,25.40999984741211,6100,0.0,0.0
2024-04-29 00:00:00-04:00,25.56999969482422,26.739999771118164,25.56999969482422,26.5,12300,0.0,0.0
2024-04-30 00:00:00-04:00,25.920000076293945,26.0,25.020000457763672,25.34000015258789,10200,0.0,0.0
2024-05-01 00:00:00-04:00,25.280000686645508,25.81999969482422,25.25,25.81999969482422,13400,0.0,0.0
2024-05-02 00:00:00-04:00,25.809999465942383,25.809999465942383,25.0,25.440000534057617,13500,0.0,0.0
2024-05-03 00:00:00-04:00,25.579999923706055,25.579999923706055,24.600000381469727,24.780000686645508,8200,0.0,0.0
2024-05-06 00:00:00-04:00,24.760000228881836,25.260000228881836,24.760000228881836,25.020000457763672,5900,0.0,0.0
2024-05-07 00:00:00-04:00,24.559999465942383,25.200000762939453,24.520000457763672,24.520000457763672,7000,0.0,0.0
2024-05-08 00:00:00-04:00,23.979999542236328,24.780000686645508,23.93000030517578,24.200000762939453,7900,0.0,0.0
2024-05-09 00:00:00-04:00,24.010000228881836,25.399999618530273,23.690000534057617,23.690000534057617,9500,0.0,0.0
2024-05-10 00:00:00-04:00,24.280000686645508,25.739999771118164,24.280000686645508,25.440000534057617,11000,0.0,0.0
2024-05-13 00:00:00-04:00,25.440000534057617,26.399999618530273,25.440000534057617,25.770000457763672,5600,0.0,0.0
2024-05-14 00:00:00-04:00,25.68000030517578,25.8799991607666,24.780000686645508,25.59000015258789,12100,0.0,0.0
2024-05-15 00:00:00-04:00,25.670000076293945,26.290000915527344,24.709999084472656,24.709999084472656,11900,0.0,0.0
2024-05-16 00:00:00-04:00,24.979999542236328,26.0,24.969999313354492,25.65999984741211,10700,0.0,0.0
2024-05-17 00:00:00-04:00,25.899999618530273,25.899999618530273,25.40999984741211,25.510000228881836,7200,0.0,0.0
2024-05-20 00:00:00-04:00,25.510000228881836,26.190000534057617,24.809999465942383,25.030000686645508,31900,0.0,0.0
2024-05-21 00:00:00-04:00,24.469999313354492,26.18000030517578,24.260000228881836,25.899999618530273,8600,0.0,0.0
2024-05-22 00:00:00-04:00,25.700000762939453,26.31999969482422,25.200000762939453,25.200000762939453,9900,0.0,0.0
2024-05-23 00:00:00-04:00,25.450000762939453,25.799999237060547,25.079999923706055,25.079999923706055,10500,0.0,0.0
2024-05-24 00:00:00-04:00,25.100000381469727,25.479999542236328,24.43000030517578,24.90999984741211,6400,0.0,0.0
2024-05-28 00:00:00-04:00,25.170000076293945,25.579999923706055,24.90999984741211,25.5,6500,0.0,0.0
2024-05-29 00:00:00-04:00,25.350000381469727,25.40999984741211,24.719999313354492,24.719999313354492,6700,0.0,0.0
2024-05-30 00:00:00-04:00,25.0,25.399999618530273,25.0,25.239999771118164,6000,0.0,0.0
2024-05-31 00:00:00-04:00,24.799999237060547,25.790000915527344,24.799999237060547,25.790000915527344,9400,0.0,0.0
2024-06-03 00:00:00-04:00,26.0,26.0,24.049999237060547,24.079999923706055,32300,0.0,0.0
2024-06-04 00:00:00-04:00,24.229999542236328,24.489999771118164,23.809999465942383,24.489999771118164,14900,0.0,0.0
2024-06-05 00:00:00-04:00,24.18000030517578,24.43000030517578,23.799999237060547,24.34000015258789,11300,0.0,0.0
2024-06-06 00:00:00-04:00,23.709999084472656,24.739999771118164,23.6299991607666,23.979999542236328,18100,0.0,0.0
2024-06-07 00:00:00-04:00,23.979999542236328,24.200000762939453,23.690000534057617,24.049999237060547,6000,0.0,0.0
2024-06-10 00:00:00-04:00,23.5,23.6299991607666,23.290000915527344,23.290000915527344,8400,0.0,0.0
2024-06-11 00:00:00-04:00,23.739999771118164,24.0,23.420000076293945,24.0,9200,0.0,0.0
2024-06-12 00:00:00-04:00,24.020000457763672,25.479999542236328,24.020000457763672,25.010000228881836,11000,0.0,0.0
2024-06-13 00:00:00-04:00,25.020000457763672,27.360000610351562,24.950000762939453,26.700000762939453,26000,0.0,0.0
2024-06-14 00:00:00-04:00,26.350000381469727,26.719999313354492,25.280000686645508,25.280000686645508,9000,0.0,0.0
2024-06-17 00:00:00-04:00,25.520000457763672,25.520000457763672,24.190000534057617,24.190000534057617,10700,0.0,0.0
2024-06-18 00:00:00-04:00,24.190000534057617,24.989999771118164,22.25,22.309999465942383,29200,0.0,0.0
2024-06-20 00:00:00-04:00,22.389999389648438,26.100000381469727,21.270000457763672,25.799999237060547,30500,0.0,0.0
2024-06-21 00:00:00-04:00,25.450000762939453,26.799999237060547,24.450000762939453,24.450000762939453,33500,0.0,0.0
2024-06-24 00:00:00-04:00,24.5,25.950000762939453,24.5,25.829999923706055,30600,0.0,0.0
2024-06-25 00:00:00-04:00,25.8799991607666,25.8799991607666,24.290000915527344,24.520000457763672,7900,0.0,0.0
2024-06-26 00:00:00-04:00,24.420000076293945,24.420000076293945,21.860000610351562,22.6200008392334,50200,0.0,0.0
2024-06-27 00:00:00-04:00,23.25,23.389999389648438,22.59000015258789,22.899999618530273,11100,0.0,0.0
2024-06-28 00:00:00-04:00,22.65999984741211,23.850000381469727,22.549999237060547,23.690000534057617,235500,0.0,0.0
2024-07-01 00:00:00-04:00,23.40999984741211,25.34000015258789,23.209999084472656,24.899999618530273,16300,0.0,0.0
2024-07-02 00:00:00-04:00,25.09000015258789,25.09000015258789,24.290000915527344,24.639999389648438,7500,0.0,0.0
2024-07-03 00:00:00-04:00,24.93000030517578,25.979999542236328,23.6299991607666,25.899999618530273,17700,0.0,0.0
2024-07-05 00:00:00-04:00,25.959999084472656,27.100000381469727,25.440000534057617,25.6299991607666,20200,0.0,0.0
2024-07-08 00:00:00-04:00,25.6200008392334,25.75,24.360000610351562,24.649999618530273,28800,0.0,0.0
2024-07-09 00:00:00-04:00,24.81999969482422,25.190000534057617,24.559999465942383,24.559999465942383,12400,0.0,0.0
2024-07-10 00:00:00-04:00,24.649999618530273,25.68000030517578,24.649999618530273,25.68000030517578,12900,0.0,0.0
2024-07-11 00:00:00-04:00,25.940000534057617,26.459999084472656,25.639999389648438,26.18000030517578,26700,0.0,0.0
2024-07-12 00:00:00-04:00,26.59000015258789,27.0,26.030000686645508,27.0,14500,0.0,0.0
2024-07-15 00:00:00-04:00,27.0,27.049999237060547,26.5,26.969999313354492,26100,0.0,0.0
2024-07-16 00:00:00-04:00,27.0,27.010000228881836,26.75,27.0,24300,0.0,0.0
2024-07-17 00:00:00-04:00,27.0,29.0,25.459999084472656,28.719999313354492,61800,0.0,0.0
2024-07-18 00:00:00-04:00,28.399999618530273,29.0,27.0,27.40999984741211,24300,0.0,0.0
2024-07-19 00:00:00-04:00,27.579999923706055,28.100000381469727,27.299999237060547,28.059999465942383,12900,0.0,0.0
2024-07-22 00:00:00-04:00,28.239999771118164,28.649999618530273,27.670000076293945,28.59000015258789,11300,0.0,0.0
2024-07-23 00:00:00-04:00,28.0,28.93000030517578,27.06999969482422,28.8799991607666,30300,0.0,0.0
2024-07-24 00:00:00-04:00,28.700000762939453,29.0,27.260000228881836,28.229999542236328,17200,0.0,0.0
2024-07-25 00:00:00-04:00,28.360000610351562,30.360000610351562,28.31999969482422,28.920000076293945,100300,0.0,0.0
2024-07-26 00:00:00-04:00,29.0,29.489999771118164,27.610000610351562,29.239999771118164,36000,0.0,0.0
2024-07-29 00:00:00-04:00,29.270000457763672,29.579999923706055,27.25,27.260000228881836,17800,0.0,0.0
2024-07-30 00:00:00-04:00,27.260000228881836,27.3799991607666,25.829999923706055,26.510000228881836,23700,0.0,0.0
2024-07-31 00:00:00-04:00,26.790000915527344,27.920000076293945,26.360000610351562,26.760000228881836,22900,0.0,0.0
2024-08-01 00:00:00-04:00,26.65999984741211,27.0,25.0,25.770000457763672,29300,0.0,0.0
2024-08-02 00:00:00-04:00,25.049999237060547,25.850000381469727,24.780000686645508,24.889999389648438,12500,0.0,0.0
2024-08-05 00:00:00-04:00,24.020000457763672,24.020000457763672,22.940000534057617,23.540000915527344,20200,0.0,0.0
2024-08-06 00:00:00-04:00,23.420000076293945,24.530000686645508,23.06999969482422,23.43000030517578,11900,0.0,0.0
2024-08-07 00:00:00-04:00,24.31999969482422,24.31999969482422,22.979999542236328,23.100000381469727,12500,0.0,0.0
2024-08-08 00:00:00-04:00,23.59000015258789,24.100000381469727,23.350000381469727,23.350000381469727,9200,0.0,0.0
2024-08-09 00:00:00-04:00,23.40999984741211,24.540000915527344,23.200000762939453,23.81999969482422,9100,0.0,0.0
2024-08-12 00:00:00-04:00,23.200000762939453,23.690000534057617,22.700000762939453,23.1299991607666,12500,0.0,0.0
2024-08-13 00:00:00-04:00,25.420000076293945,26.59000015258789,24.280000686645508,26.459999084472656,22500,0.0,0.0
2024-08-14 00:00:00-04:00,26.709999084472656,26.940000534057617,25.850000381469727,26.15999984741211,9800,0.0,0.0
2024-08-15 00:00:00-04:00,26.5,28.299999237060547,26.399999618530273,27.81999969482422,18500,0.0,0.0
2024-08-16 00:00:00-04:00,27.8799991607666,28.690000534057617,27.209999084472656,28.1299991607666,12200,0.0,0.0
2024-08-19 00:00:00-04:00,28.399999618530273,29.799999237060547,28.25,29.399999618530273,22400,0.0,0.0
2024-08-20 00:00:00-04:00,29.280000686645508,29.860000610351562,28.280000686645508,28.690000534057617,33900,0.0,0.0
2024-08-21 00:00:00-04:00,28.899999618530273,29.0,28.530000686645508,28.989999771118164,15600,0.0,0.0
2024-08-22 00:00:00-04:00,28.889999389648438,28.989999771118164,28.440000534057617,28.549999237060547,6800,0.0,0.0
2024-08-23 00:00:00-04:00,28.989999771118164,29.0,27.850000381469727,28.25,35500,0.0,0.0
2024-08-26 00:00:00-04:00,28.579999923706055,29.649999618530273,28.15999984741211,29.139999389648438,30900,0.0,0.0
2024-08-27 00:00:00-04:00,29.350000381469727,29.75,28.920000076293945,29.469999313354492,25800,0.0,0.0
2024-08-28 00:00:00-04:00,29.34000015258789,29.34000015258789,28.670000076293945,29.0,20600,0.0,0.0
2024-08-29 00:00:00-04:00,28.989999771118164,29.799999237060547,28.989999771118164,29.5,27900,0.0,0.0
2024-08-30 00:00:00-04:00,29.010000228881836,29.34000015258789,28.280000686645508,29.25,15100,0.0,0.0
2024-09-03 00:00:00-04:00,29.299999237060547,29.299999237060547,28.549999237060547,29.040000915527344,17000,0.0,0.0
2024-09-04 00:00:00-04:00,29.0,29.0,27.84000015258789,28.399999618530273,12200,0.0,0.0
2024-09-05 00:00:00-04:00,28.25,28.8799991607666,25.950000762939453,26.6200008392334,35500,0.0,0.0
2024-09-06 00:00:00-04:00,26.600000381469727,28.059999465942383,26.15999984741211,27.280000686645508,30200,0.0,0.0
2024-09-09 00:00:00-04:00,27.5,28.43000030517578,26.8700008392334,27.100000381469727,25300,0.0,0.0
2024-09-10 00:00:00-04:00,26.93000030517578,28.389999389648438,26.93000030517578,27.700000762939453,28800,0.0,0.0
2024-09-11 00:00:00-04:00,27.360000610351562,27.5,27.0,27.1200008392334,15600,0.0,0.0
2024-09-12 00:00:00-04:00,27.350000381469727,28.450000762939453,27.149999618530273,27.770000457763672,11600,0.0,0.0
2024-09-13 00:00:00-04:00,27.770000457763672,29.0,27.770000457763672,28.979999542236328,17400,0.0,0.0
2024-09-16 00:00:00-04:00,28.979999542236328,29.0,27.959999084472656,28.600000381469727,14900,0.0,0.0
2024-09-17 00:00:00-04:00,28.420000076293945,29.239999771118164,28.420000076293945,28.600000381469727,16500,0.0,0.0
2024-09-18 00:00:00-04:00,28.43000030517578,29.420000076293945,27.56999969482422,28.65999984741211,17300,0.0,0.0
2024-09-19 00:00:00-04:00,28.809999465942383,29.899999618530273,28.6200008392334,29.850000381469727,20300,0.0,0.0
2024-09-20 00:00:00-04:00,29.68000030517578,29.700000762939453,28.0,28.190000534057617,63200,0.0,0.0
2024-09-23 00:00:00-04:00,28.639999389648438,28.639999389648438,26.139999389648438,27.09000015258789,31400,0.0,0.0
2024-09-24 00:00:00-04:00,27.399999618530273,27.56999969482422,25.450000762939453,26.920000076293945,33500,0.0,0.0
2024-09-25 00:00:00-04:00,26.719999313354492,26.780000686645508,25.959999084472656,26.110000610351562,11900,0.0,0.0
2024-09-26 00:00:00-04:00,26.559999465942383,26.600000381469727,25.329999923706055,25.479999542236328,35800,0.0,0.0
2024-09-27 00:00:00-04:00,25.950000762939453,27.049999237060547,25.540000915527344,26.0,40900,0.0,0.0
2024-09-30 00:00:00-04:00,26.399999618530273,27.520000457763672,26.149999618530273,26.479999542236328,17900,0.0,0.0
2024-10-01 00:00:00-04:00,26.389999389648438,27.559999465942383,26.389999389648438,27.139999389648438,41400,0.0,0.0
2024-10-02 00:00:00-04:00,27.649999618530273,27.780000686645508,26.579999923706055,27.3799991607666,36600,0.0,0.0
2024-10-03 00:00:00-04:00,27.0,27.1200008392334,25.90999984741211,26.399999618530273,13200,0.0,0.0
2024-10-04 00:00:00-04:00,26.530000686645508,27.889999389648438,26.510000228881836,27.639999389648438,22900,0.0,0.0
2024-10-07 00:00:00-04:00,27.530000686645508,27.940000534057617,26.860000610351562,27.40999984741211,11700,0.0,0.0
2024-10-08 00:00:00-04:00,27.40999984741211,28.239999771118164,27.40999984741211,27.450000762939453,22700,0.0,0.0
2024-10-09 00:00:00-04:00,27.65999984741211,27.81999969482422,27.209999084472656,27.309999465942383,9200,0.0,0.0
2024-10-10 00:00:00-04:00,27.09000015258789,27.350000381469727,26.739999771118164,26.809999465942383,10000,0.0,0.0
2024-10-11 00:00:00-04:00,27.010000228881836,27.690000534057617,26.989999771118164,27.59000015258789,11100,0.0,0.0
2024-10-14 00:00:00-04:00,27.43000030517578,28.229999542236328,27.43000030517578,28.229999542236328,11400,0.0,0.0
2024-10-15 00:00:00-04:00,28.25,29.270000457763672,27.989999771118164,28.700000762939453,18700,0.0,0.0
2024-10-16 00:00:00-04:00,28.75,30.0,28.75,29.479999542236328,24400,0.0,0.0
2024-10-17 00:00:00-04:00,29.860000610351562,30.5,28.65999984741211,28.84000015258789,14700,0.0,0.0
2024-10-18 00:00:00-04:00,28.889999389648438,30.0,28.889999389648438,29.399999618530273,9900,0.0,0.0
2024-10-21 00:00:00-04:00,29.530000686645508,29.530000686645508,28.399999618530273,28.459999084472656,9600,0.0,0.0
2024-10-22 00:00:00-04:00,28.350000381469727,28.649999618530273,27.799999237060547,28.649999618530273,8900,0.0,0.0
2024-10-23 00:00:00-04:00,28.989999771118164,29.1299991607666,28.100000381469727,29.1200008392334,8700,0.0,0.0
2024-10-24 00:00:00-04:00,28.889999389648438,29.540000915527344,28.600000381469727,29.5,12800,0.0,0.0
2024-10-25 00:00:00-04:00,29.90999984741211,30.0,29.360000610351562,29.510000228881836,36300,0.0,0.0
2024-10-28 00:00:00-04:00,29.510000228881836,30.219999313354492,29.450000762939453,30.219999313354492,19900,0.0,0.0
2024-10-29 00:00:00-04:00,30.229999542236328,31.93000030517578,28.25,31.93000030517578,23000,0.0,0.0
2024-10-30 00:00:00-04:00,31.030000686645508,31.34000015258789,26.739999771118164,29.860000610351562,51000,0.0,0.0
2024-10-31 00:00:00-04:00,30.40999984741211,30.40999984741211,29.40999984741211,30.200000762939453,17700,0.0,0.0
2024-11-01 00:00:00-04:00,30.309999465942383,30.43000030517578,29.639999389648438,30.3799991607666,9700,0.0,0.0
2024-11-04 00:00:00-05:00,30.399999618530273,30.979999542236328,30.0,30.860000610351562,13000,0.0,0.0
2024-11-05 00:00:00-05:00,30.420000076293945,31.489999771118164,30.219999313354492,31.020000457763672,16000,0.0,0.0
2024-11-06 00:00:00-05:00,32.0,33.779998779296875,31.809999465942383,32.459999084472656,63500,0.0,0.0
2024-11-07 00:00:00-05:00,31.309999465942383,32.060001373291016,29.8799991607666,30.200000762939453,34300,0.0,0.0
2024-11-08 00:00:00-05:00,30.670000076293945,30.989999771118164,30.290000915527344,30.969999313354492,23700,0.0,0.0
2024-11-11 00:00:00-05:00,31.3700008392334,31.3700008392334,30.1200008392334,31.15999984741211,23100,0.0,0.0
2024-11-12 00:00:00-05:00,31.3700008392334,32.5,30.8700008392334,31.260000228881836,39100,0.0,0.0
2024-11-13 00:00:00-05:00,30.780000686645508,31.75,29.09000015258789,29.709999084472656,116300,0.0,0.0
2024-11-14 00:00:00-05:00,29.719999313354492,30.93000030517578,29.440000534057617,29.8799991607666,26800,0.0,0.0
2024-11-15 00:00:00-05:00,30.100000381469727,31.239999771118164,29.200000762939453,30.209999084472656,53800,0.0,0.0
2024-11-18 00:00:00-05:00,30.389999389648438,31.079999923706055,29.5,30.010000228881836,22700,0.0,0.0
2024-11-19 00:00:00-05:00,29.8799991607666,30.25,29.520000457763672,30.100000381469727,19400,0.0,0.0
2024-11-20 00:00:00-05:00,30.31999969482422,30.31999969482422,29.579999923706055,30.020000457763672,19200,0.0,0.0
2024-11-21 00:00:00-05:00,30.43000030517578,30.489999771118164,29.799999237060547,30.06999969482422,24200,0.0,0.0
2024-11-22 00:00:00-05:00,30.0,30.559999465942383,29.81999969482422,30.200000762939453,40000,0.0,0.0
2024-11-25 00:00:00-05:00,30.600000381469727,31.059999465942383,30.329999923706055,31.010000228881836,55200,0.0,0.0
2024-11-26 00:00:00-05:00,31.0,34.279998779296875,30.389999389648438,33.880001068115234,65400,0.0,0.0
2024-11-27 00:00:00-05:00,34.02000045776367,35.0,32.900001525878906,33.16999816894531,13300,0.0,0.0
2024-11-29 00:00:00-05:00,33.400001525878906,33.790000915527344,33.310001373291016,33.45000076293945,8000,0.0,0.0
2024-12-02 00:00:00-05:00,34.779998779296875,34.779998779296875,32.16999816894531,32.43000030517578,53300,0.0,0.0
2024-12-03 00:00:00-05:00,32.380001068115234,32.81999969482422,31.65999984741211,31.65999984741211,15900,0.0,0.0
2024-12-04 00:00:00-05:00,31.3700008392334,32.060001373291016,30.0,31.739999771118164,74400,0.0,0.0
2024-12-05 00:00:00-05:00,31.829999923706055,31.829999923706055,30.010000228881836,30.1299991607666,37400,0.0,0.0
2024-12-06 00:00:00-05:00,30.3799991607666,30.489999771118164,29.690000534057617,30.149999618530273,19700,0.0,0.0
2024-12-09 00:00:00-05:00,30.84000015258789,30.860000610351562,30.0,30.309999465942383,13700,0.0,0.0
2024-12-10 00:00:00-05:00,30.239999771118164,30.399999618530273,29.25,29.489999771118164,41600,0.0,0.0
2024-12-11 00:00:00-05:00,29.43000030517578,29.920000076293945,29.239999771118164,29.350000381469727,33100,0.0,0.0
2024-12-12 00:00:00-05:00,29.0,29.219999313354492,27.75,28.030000686645508,21500,0.0,0.0
2024-12-13 00:00:00-05:00,27.739999771118164,28.56999969482422,27.010000228881836,27.149999618530273,24600,0.0,0.0
2024-12-16 00:00:00-05:00,27.059999465942383,27.850000381469727,27.059999465942383,27.81999969482422,13600,0.0,0.0
2024-12-17 00:00:00-05:00,26.940000534057617,28.139999389648438,26.75,27.139999389648438,22500,0.0,0.0
2024-12-18 00:00:00-05:00,27.510000228881836,27.510000228881836,25.18000030517578,25.260000228881836,50300,0.0,0.0
2024-12-19 00:00:00-05:00,25.290000915527344,25.989999771118164,24.850000381469727,25.110000610351562,28700,0.0,0.0
2024-12-20 00:00:00-05:00,24.8799991607666,27.489999771118164,24.540000915527344,27.1299991607666,132200,0.0,0.0
2024-12-23 00:00:00-05:00,26.860000610351562,27.5,26.5,26.6200008392334,21700,0.0,0.0
2024-12-24 00:00:00-05:00,26.420000076293945,27.1299991607666,26.420000076293945,27.1299991607666,13800,0.0,0.0
2024-12-26 00:00:00-05:00,27.280000686645508,27.68000030517578,27.010000228881836,27.280000686645508,14400,0.0,0.0
2024-12-27 00:00:00-05:00,27.510000228881836,27.510000228881836,26.049999237060547,26.299999237060547,11300,0.0,0.0
2024-12-30 00:00:00-05:00,26.219999313354492,26.219999313354492,25.25,26.09000015258789,22800,0.0,0.0
2024-12-31 00:00:00-05:00,25.850000381469727,26.43000030517578,25.5,26.280000686645508,21800,0.0,0.0
2025-01-02 00:00:00-05:00,26.280000686645508,26.75,25.6200008392334,26.0,15700,0.0,0.0
2025-01-03 00:00:00-05:00,26.5,27.0,26.020000457763672,26.81999969482422,19000,0.0,0.0
2025-01-06 00:00:00-05:00,26.90999984741211,27.059999465942383,26.270000457763672,26.270000457763672,78700,0.0,0.0
2025-01-07 00:00:00-05:00,26.190000534057617,26.3799991607666,25.40999984741211,25.670000076293945,40100,0.0,0.0
2025-01-08 00:00:00-05:00,25.350000381469727,26.010000228881836,25.0,25.739999771118164,18100,0.0,0.0
2025-01-10 00:00:00-05:00,25.170000076293945,25.3799991607666,23.8799991607666,25.18000030517578,35500,0.0,0.0
2025-01-13 00:00:00-05:00,24.6299991607666,25.520000457763672,24.0,25.399999618530273,30400,0.0,0.0
2025-01-14 00:00:00-05:00,25.56999969482422,26.860000610351562,25.56999969482422,26.709999084472656,40600,0.0,0.0
2025-01-15 00:00:00-05:00,27.43000030517578,29.020000457763672,27.06999969482422,28.1200008392334,89600,0.0,0.0
2025-01-16 00:00:00-05:00,28.920000076293945,28.920000076293945,27.049999237060547,27.290000915527344,21700,0.0,0.0
2025-01-17 00:00:00-05:00,27.43000030517578,27.43000030517578,26.020000457763672,26.760000228881836,21300,0.0,0.0
2025-01-21 00:00:00-05:00,27.15999984741211,27.5,26.540000915527344,26.979999542236328,46200,0.0,0.0
2025-01-22 00:00:00-05:00,26.770000457763672,26.770000457763672,25.93000030517578,26.049999237060547,14400,0.0,0.0
2025-01-23 00:00:00-05:00,25.780000686645508,26.190000534057617,25.739999771118164,26.010000228881836,12400,0.0,0.0
2025-01-24 00:00:00-05:00,26.010000228881836,26.8700008392334,25.5,26.700000762939453,665300,0.0,0.0
2025-01-27 00:00:00-05:00,26.420000076293945,27.290000915527344,25.639999389648438,27.260000228881836,17300,0.0,0.0
2025-01-28 00:00:00-05:00,26.979999542236328,27.079999923706055,26.209999084472656,26.479999542236328,11400,0.0,0.0
2025-01-29 00:00:00-05:00,26.510000228881836,27.25,25.84000015258789,26.5,31300,0.0,0.0
2025-01-30 00:00:00-05:00,26.489999771118164,27.239999771118164,25.6299991607666,26.260000228881836,18900,0.0,0.0
2025-01-31 00:00:00-05:00,26.549999237060547,27.0,26.34000015258789,26.610000610351562,29000,0.0,0.0
2025-02-03 00:00:00-05:00,26.1299991607666,26.1299991607666,24.799999237060547,24.8799991607666,48200,0.0,0.0
2025-02-04 00:00:00-05:00,24.8799991607666,25.719999313354492,24.84000015258789,25.719999313354492,17300,0.0,0.0
2025-02-05 00:00:00-05:00,25.760000228881836,26.399999618530273,25.530000686645508,26.34000015258789,21100,0.0,0.0
2025-02-06 00:00:00-05:00,26.549999237060547,26.549999237060547,25.760000228881836,26.110000610351562,12500,0.0,0.0
2025-02-07 00:00:00-05:00,25.850000381469727,25.860000610351562,25.5,25.549999237060547,10500,0.0,0.0
2025-02-10 00:00:00-05:00,25.549999237060547,26.65999984741211,25.549999237060547,26.329999923706055,14700,0.0,0.0
2025-02-11 00:00:00-05:00,26.190000534057617,27.399999618530273,25.559999465942383,27.100000381469727,54100,0.0,0.0
2025-02-12 00:00:00-05:00,26.579999923706055,27.389999389648438,26.200000762939453,27.100000381469727,43700,0.0,0.0
2025-02-13 00:00:00-05:00,27.3799991607666,27.43000030517578,26.0,27.059999465942383,29200,0.0,0.0
2025-02-14 00:00:00-05:00,27.079999923706055,27.209999084472656,26.760000228881836,26.760000228881836,16100,0.0,0.0
2025-02-18 00:00:00-05:00,26.81999969482422,26.81999969482422,24.649999618530273,25.1299991607666,30300,0.0,0.0
2025-02-19 00:00:00-05:00,24.84000015258789,25.469999313354492,24.010000228881836,25.059999465942383,29900,0.0,0.0
2025-02-20 00:00:00-05:00,24.84000015258789,25.299999237060547,24.389999389648438,24.540000915527344,20500,0.0,0.0
2025-02-21 00:00:00-05:00,24.780000686645508,24.780000686645508,23.520000457763672,23.520000457763672,49200,0.0,0.0
2025-02-24 00:00:00-05:00,23.889999389648438,24.649999618530273,23.3700008392334,23.530000686645508,32800,0.0,0.0
2025-02-25 00:00:00-05:00,23.760000228881836,23.760000228881836,22.799999237060547,23.100000381469727,25800,0.0,0.0
2025-02-26 00:00:00-05:00,23.239999771118164,23.959999084472656,22.790000915527344,22.93000030517578,20800,0.0,0.0
2025-02-27 00:00:00-05:00,23.18000030517578,23.579999923706055,22.56999969482422,22.700000762939453,13800,0.0,0.0
2025-02-28 00:00:00-05:00,22.229999542236328,22.969999313354492,22.110000610351562,22.700000762939453,23700,0.0,0.0
2025-03-03 00:00:00-05:00,22.65999984741211,22.790000915527344,21.010000228881836,21.489999771118164,59500,0.0,0.0
2025-03-04 00:00:00-05:00,20.899999618530273,21.59000015258789,20.8700008392334,20.989999771118164,23300,0.0,0.0
2025-03-05 00:00:00-05:00,20.989999771118164,21.920000076293945,20.889999389648438,21.600000381469727,33000,0.0,0.0
2025-03-06 00:00:00-05:00,21.270000457763672,22.290000915527344,21.100000381469727,21.690000534057617,24600,0.0,0.0
2025-03-07 00:00:00-05:00,21.75,22.260000228881836,20.770000457763672,21.81999969482422,72800,0.0,0.0
2025-03-10 00:00:00-04:00,21.479999542236328,21.790000915527344,19.920000076293945,21.15999984741211,37400,0.0,0.0
2025-03-11 00:00:00-04:00,20.68000030517578,20.940000534057617,20.040000915527344,20.5,26300,0.0,0.0
2025-03-12 00:00:00-04:00,20.56999969482422,21.6200008392334,20.3700008392334,21.15999984741211,17100,0.0,0.0
2025-03-13 00:00:00-04:00,20.270000457763672,20.760000228881836,19.93000030517578,20.270000457763672,17300,0.0,0.0
2025-03-14 00:00:00-04:00,20.18000030517578,20.56999969482422,19.940000534057617,20.43000030517578,9100,0.0,0.0
2025-03-17 00:00:00-04:00,20.5,20.889999389648438,20.239999771118164,20.729999542236328,20200,0.0,0.0
2025-03-18 00:00:00-04:00,21.0,21.25,20.34000015258789,20.889999389648438,42600,0.0,0.0
2025-03-19 00:00:00-04:00,20.889999389648438,21.610000610351562,20.5,20.899999618530273,36600,0.0,0.0
2025-03-20 00:00:00-04:00,20.5,21.770000457763672,20.5,21.059999465942383,24000,0.0,0.0
2025-03-21 00:00:00-04:00,20.700000762939453,21.239999771118164,20.3799991607666,20.8799991607666,81400,0.0,0.0
2025-03-24 00:00:00-04:00,20.989999771118164,21.889999389648438,20.760000228881836,20.93000030517578,35100,0.0,0.0
2025-03-25 00:00:00-04:00,20.799999237060547,21.1200008392334,20.450000762939453,20.739999771118164,29900,0.0,0.0
2025-03-26 00:00:00-04:00,20.989999771118164,21.450000762939453,20.68000030517578,21.1299991607666,31300,0.0,0.0
2025-03-27 00:00:00-04:00,21.25,21.25,20.799999237060547,20.969999313354492,10400,0.0,0.0
2025-03-28 00:00:00-04:00,20.940000534057617,20.979999542236328,20.0,20.329999923706055,11800,0.0,0.0
2025-03-31 00:00:00-04:00,20.030000686645508,20.280000686645508,19.790000915527344,19.93000030517578,28900,0.0,0.0
2025-04-01 00:00:00-04:00,19.700000762939453,19.700000762939453,19.079999923706055,19.299999237060547,16600,0.0,0.0
2025-04-02 00:00:00-04:00,19.139999389648438,19.790000915527344,19.139999389648438,19.780000686645508,16600,0.0,0.0
2025-04-03 00:00:00-04:00,19.329999923706055,20.399999618530273,18.729999542236328,19.809999465942383,42200,0.0,0.0
2025-04-04 00:00:00-04:00,19.239999771118164,20.079999923706055,19.149999618530273,19.440000534057617,26900,0.0,0.0
2025-04-07 00:00:00-04:00,18.780000686645508,19.90999984741211,18.350000381469727,19.229999542236328,31500,0.0,0.0
2025-04-08 00:00:00-04:00,20.0,20.200000762939453,18.399999618530273,18.760000228881836,27600,0.0,0.0
2025-04-09 00:00:00-04:00,18.520000457763672,21.920000076293945,18.510000228881836,20.190000534057617,40700,0.0,0.0
2025-04-10 00:00:00-04:00,19.6200008392334,20.5,19.149999618530273,19.700000762939453,20700,0.0,0.0
2025-04-11 00:00:00-04:00,19.610000610351562,20.3799991607666,19.3799991607666,19.969999313354492,15000,0.0,0.0
2025-04-14 00:00:00-04:00,20.040000915527344,20.3700008392334,20.0,20.280000686645508,13300,0.0,0.0
2025-04-15 00:00:00-04:00,20.3700008392334,21.549999237060547,20.3700008392334,20.799999237060547,18900,0.0,0.0
2025-04-16 00:00:00-04:00,20.600000381469727,20.719999313354492,20.0,20.530000686645508,9600,0.0,0.0
2025-04-17 00:00:00-04:00,20.639999389648438,21.579999923706055,20.59000015258789,21.18000030517578,14800,0.0,0.0
2025-04-21 00:00:00-04:00,21.079999923706055,22.56999969482422,20.950000762939453,22.09000015258789,13900,0.0,0.0
2025-04-22 00:00:00-04:00,21.979999542236328,23.260000228881836,21.979999542236328,23.149999618530273,15900,0.0,0.0
2025-04-23 00:00:00-04:00,23.719999313354492,24.18000030517578,23.020000457763672,23.34000015258789,18600,0.0,0.0
2025-04-24 00:00:00-04:00,23.43000030517578,24.399999618530273,23.43000030517578,24.229999542236328,17300,0.0,0.0
2025-04-25 00:00:00-04:00,23.84000015258789,24.420000076293945,23.5,24.139999389648438,15800,0.0,0.0
2025-04-28 00:00:00-04:00,24.25,24.799999237060547,23.309999465942383,24.610000610351562,22700,0.0,0.0
2025-04-29 00:00:00-04:00,24.290000915527344,24.959999084472656,23.989999771118164,24.3799991607666,15400,0.0,0.0
2025-04-30 00:00:00-04:00,24.010000228881836,25.100000381469727,23.920000076293945,24.040000915527344,34200,0.0,0.0
2025-05-01 00:00:00-04:00,23.90999984741211,23.90999984741211,22.790000915527344,23.440000534057617,31700,0.0,0.0
2025-05-02 00:00:00-04:00,23.690000534057617,24.329999923706055,23.260000228881836,24.31999969482422,14000,0.0,0.0
2025-05-05 00:00:00-04:00,24.219999313354492,24.93000030517578,23.489999771118164,23.959999084472656,14800,0.0,0.0
2025-05-06 00:00:00-04:00,23.579999923706055,23.719999313354492,22.90999984741211,23.040000915527344,18000,0.0,0.0
2025-05-07 00:00:00-04:00,23.3799991607666,24.600000381469727,23.010000228881836,24.479999542236328,35500,0.0,0.0
2025-05-08 00:00:00-04:00,24.469999313354492,25.170000076293945,23.84000015258789,24.440000534057617,18300,0.0,0.0
2025-05-09 00:00:00-04:00,24.65999984741211,25.0,24.1299991607666,24.190000534057617,9400,0.0,0.0
2025-05-12 00:00:00-04:00,25.049999237060547,25.34000015258789,24.479999542236328,24.790000915527344,16300,0.0,0.0
2025-05-13 00:00:00-04:00,25.829999923706055,27.5,25.829999923706055,27.489999771118164,35400,0.0,0.0
2025-05-14 00:00:00-04:00,27.15999984741211,27.15999984741211,24.1299991607666,26.739999771118164,22300,0.0,0.0
2025-05-15 00:00:00-04:00,25.600000381469727,27.0,25.600000381469727,26.899999618530273,16100,0.0,0.0
2025-05-16 00:00:00-04:00,26.920000076293945,27.84000015258789,26.790000915527344,26.989999771118164,422100,0.0,0.0
2025-05-19 00:00:00-04:00,27.0,28.170000076293945,26.899999618530273,27.479999542236328,28000,0.0,0.0
2025-05-20 00:00:00-04:00,26.8700008392334,26.8700008392334,24.610000610351562,26.600000381469727,112900,0.0,0.0
2025-05-21 00:00:00-04:00,25.940000534057617,26.940000534057617,24.93000030517578,25.1200008392334,51400,0.0,0.0
2025-05-22 00:00:00-04:00,24.690000534057617,25.200000762939453,24.5,25.110000610351562,17900,0.0,0.0
2025-05-23 00:00:00-04:00,24.530000686645508,25.459999084472656,24.530000686645508,24.850000381469727,15700,0.0,0.0
2025-05-27 00:00:00-04:00,24.729999542236328,25.530000686645508,24.5,24.920000076293945,21200,0.0,0.0
2025-05-28 00:00:00-04:00,24.979999542236328,25.229999542236328,24.81999969482422,25.149999618530273,20400,0.0,0.0
2025-05-29 00:00:00-04:00,25.520000457763672,27.0,25.25,25.5,31800,0.0,0.0
2025-05-30 00:00:00-04:00,25.760000228881836,25.760000228881836,24.6299991607666,24.760000228881836,13900,0.0,0.0
2025-06-02 00:00:00-04:00,25.049999237060547,25.110000610351562,24.010000228881836,24.219999313354492,19400,0.0,0.0
2025-06-03 00:00:00-04:00,24.510000228881836,25.049999237060547,24.0,24.389999389648438,25100,0.0,0.0
2025-06-04 00:00:00-04:00,24.700000762939453,25.049999237060547,24.0,25.0,34500,0.0,0.0
2025-06-05 00:00:00-04:00,25.170000076293945,25.8799991607666,24.56999969482422,25.0,18600,0.0,0.0
2025-06-06 00:00:00-04:00,25.450000762939453,26.469999313354492,25.010000228881836,25.25,34400,0.0,0.0
2025-06-09 00:00:00-04:00,25.440000534057617,25.610000610351562,24.479999542236328,25.280000686645508,23600,0.0,0.0
2025-06-10 00:00:00-04:00,25.270000457763672,25.5,23.40999984741211,25.0,56400,0.0,0.0
2025-06-11 00:00:00-04:00,25.18000030517578,25.6200008392334,25.020000457763672,25.09000015258789,20100,0.0,0.0
2025-06-12 00:00:00-04:00,24.770000457763672,25.0,24.079999923706055,24.600000381469727,13600,0.0,0.0
2025-06-13 00:00:00-04:00,24.049999237060547,24.549999237060547,23.75,23.850000381469727,35900,0.0,0.0
2025-06-16 00:00:00-04:00,23.989999771118164,24.649999618530273,23.989999771118164,24.270000457763672,13800,0.0,0.0
2025-06-17 00:00:00-04:00,23.93000030517578,24.229999542236328,23.510000228881836,23.93000030517578,93400,0.0,0.0
2025-06-18 00:00:00-04:00,24.1200008392334,24.719999313354492,23.700000762939453,24.6200008392334,156400,0.0,0.0
2025-06-20 00:00:00-04:00,24.75,24.959999084472656,23.469999313354492,24.049999237060547,142200,0.0,0.0
2025-06-23 00:00:00-04:00,24.0,26.329999923706055,23.610000610351562,26.219999313354492,158500,0.0,0.0
2025-06-24 00:00:00-04:00,26.229999542236328,28.200000762939453,26.229999542236328,27.59000015258789,166400,0.0,0.0
2025-06-25 00:00:00-04:00,27.600000381469727,27.760000228881836,26.690000534057617,27.450000762939453,50700,0.0,0.0
2025-06-26 00:00:00-04:00,27.979999542236328,28.09000015258789,27.1299991607666,27.31999969482422,16200,0.0,0.0
2025-06-27 00:00:00-04:00,27.700000762939453,27.799999237060547,26.510000228881836,27.489999771118164,269600,0.0,0.0
2025-06-30 00:00:00-04:00,27.600000381469727,27.6299991607666,25.200000762939453,25.200000762939453,122900,0.0,0.0
2025-07-01 00:00:00-04:00,24.940000534057617,26.639999389648438,24.8700008392334,26.34000015258789,87600,0.0,0.0
2025-07-02 00:00:00-04:00,26.5,26.90999984741211,25.530000686645508,26.110000610351562,69300,0.0,0.0
2025-07-03 00:00:00-04:00,26.739999771118164,26.979999542236328,26.280000686645508,26.959999084472656,25300,0.0,0.0
2025-07-07 00:00:00-04:00,26.5,27.020000457763672,26.149999618530273,26.170000076293945,64800,0.0,0.0
2025-07-08 00:00:00-04:00,26.1299991607666,26.8799991607666,26.100000381469727,26.459999084472656,20900,0.0,0.0
2025-07-09 00:00:00-04:00,26.75,27.860000610351562,26.600000381469727,27.709999084472656,83300,0.0,0.0
2025-07-10 00:00:00-04:00,27.8700008392334,28.700000762939453,27.600000381469727,27.899999618530273,82900,0.0,0.0
2025-07-11 00:00:00-04:00,27.739999771118164,28.100000381469727,27.079999923706055,27.139999389648438,79300,0.0,0.0
2025-07-14 00:00:00-04:00,27.280000686645508,27.860000610351562,27.280000686645508,27.760000228881836,50100,0.0,0.0
2025-07-15 00:00:00-04:00,27.989999771118164,27.989999771118164,25.84000015258789,26.260000228881836,87300,0.0,0.0
2025-07-16 00:00:00-04:00,26.329999923706055,26.8799991607666,26.229999542236328,26.610000610351562,26100,0.0,0.0
2025-07-17 00:00:00-04:00,27.059999465942383,27.059999465942383,26.299999237060547,26.299999237060547,20700,0.0,0.0
2025-07-18 00:00:00-04:00,26.65999984741211,26.65999984741211,25.579999923706055,25.670000076293945,20600,0.0,0.0
2025-07-21 00:00:00-04:00,25.770000457763672,26.110000610351562,25.479999542236328,25.479999542236328,18400,0.0,0.0
2025-07-22 00:00:00-04:00,25.59000015258789,25.899999618530273,25.420000076293945,25.450000762939453,18200,0.0,0.0
2025-07-23 00:00:00-04:00,25.65999984741211,25.969999313354492,25.450000762939453,25.93000030517578,17000,0.0,0.0
2025-07-24 00:00:00-04:00,25.600000381469727,26.6299991607666,25.600000381469727,25.809999465942383,13000,0.0,0.0
2025-07-25 00:00:00-04:00,25.760000228881836,25.93000030517578,25.479999542236328,25.829999923706055,13300,0.0,0.0
2025-07-28 00:00:00-04:00,25.850000381469727,26.40999984741211,25.639999389648438,26.229999542236328,19900,0.0,0.0
2025-07-29 00:00:00-04:00,26.479999542236328,26.700000762939453,25.1299991607666,26.469999313354492,21400,0.0,0.0
2025-07-30 00:00:00-04:00,26.5,27.219999313354492,25.6299991607666,25.649999618530273,22000,0.0,0.0
2025-07-31 00:00:00-04:00,25.559999465942383,25.559999465942383,24.8700008392334,24.8799991607666,22100,0.0,0.0
2025-08-01 00:00:00-04:00,24.510000228881836,25.079999923706055,24.079999923706055,24.770000457763672,20800,0.0,0.0
2025-08-04 00:00:00-04:00,25.520000457763672,27.489999771118164,25.520000457763672,27.25,38400,0.0,0.0
2025-08-05 00:00:00-04:00,27.6200008392334,28.440000534057617,26.809999465942383,28.440000534057617,52300,0.0,0.0
2025-08-06 00:00:00-04:00,28.239999771118164,28.959999084472656,26.3799991607666,26.420000076293945,49600,0.0,0.0
2025-08-07 00:00:00-04:00,26.0,26.360000610351562,25.149999618530273,25.84000015258789,18600,0.0,0.0
2025-08-08 00:00:00-04:00,25.799999237060547,27.639999389648438,25.68000030517578,26.5,38900,0.0,0.0
2025-08-11 00:00:00-04:00,27.6299991607666,28.0,25.770000457763672,27.229999542236328,53500,0.0,0.0
2025-08-12 00:00:00-04:00,27.450000762939453,29.209999084472656,26.93000030517578,28.459999084472656,57000,0.0,0.0
2025-08-13 00:00:00-04:00,29.989999771118164,31.0,29.1200008392334,30.889999389648438,70300,0.0,0.0
2025-08-14 00:00:00-04:00,31.190000534057617,33.150001525878906,30.899999618530273,31.59000015258789,93800,0.0,0.0
2025-08-15 00:00:00-04:00,31.989999771118164,32.20000076293945,30.670000076293945,31.3700008392334,58000,0.0,0.0
2025-08-18 00:00:00-04:00,30.549999237060547,32.599998474121094,30.549999237060547,31.739999771118164,100000,0.0,0.0
2025-08-19 00:00:00-04:00,31.329999923706055,33.4900016784668,31.079999923706055,32.060001373291016,45400,0.0,0.0
2025-08-20 00:00:00-04:00,32.470001220703125,33.41999816894531,32.029998779296875,32.459999084472656,64100,0.0,0.0
2025-08-21 00:00:00-04:00,32.22999954223633,33.75,32.0099983215332,32.75,76600,0.0,0.0
2025-08-22 00:00:00-04:00,32.9900016784668,35.0,31.90999984741211,34.20000076293945,111600,0.0,0.0
2025-08-25 00:00:00-04:00,34.08000183105469,35.22999954223633,33.52000045776367,33.77000045776367,70300,0.0,0.0
2025-08-26 00:00:00-04:00,33.77000045776367,34.5,32.599998474121094,34.189998626708984,59600,0.0,0.0
2025-08-27 00:00:00-04:00,34.220001220703125,34.599998474121094,33.45000076293945,33.68000030517578,25000,0.0,0.0
2025-08-28 00:00:00-04:00,33.65999984741211,34.0,32.52000045776367,32.70000076293945,25500,0.0,0.0
2025-08-29 00:00:00-04:00,32.68000030517578,32.77000045776367,32.0099983215332,32.470001220703125,30700,0.0,0.0
2025-09-02 00:00:00-04:00,32.20000076293945,35.0,32.20000076293945,34.7599983215332,69600,0.0,0.0
2025-09-03 00:00:00-04:00,34.529998779296875,35.709999084472656,34.369998931884766,34.86000061035156,74100,0.0,0.0
2025-09-04 00:00:00-04:00,35.119998931884766,35.9900016784668,34.400001525878906,35.400001525878906,64400,0.0,0.0
2025-09-05 00:00:00-04:00,35.72999954223633,36.31999969482422,34.279998779296875,35.2400016784668,33400,0.0,0.0
2025-09-08 00:00:00-04:00,35.310001373291016,35.81999969482422,33.59000015258789,35.349998474121094,78100,0.0,0.0
2025-09-09 00:00:00-04:00,35.599998474121094,36.7599983215332,34.43000030517578,36.7599983215332,34800,0.0,0.0
2025-09-10 00:00:00-04:00,36.95000076293945,36.9900016784668,35.7400016784668,36.58000183105469,56400,0.0,0.0
2025-09-11 00:00:00-04:00,36.900001525878906,38.0,35.84000015258789,37.720001220703125,49500,0.0,0.0
2025-09-12 00:00:00-04:00,37.97999954223633,37.97999954223633,37.0,37.41999816894531,28700,0.0,0.0
2025-09-15 00:00:00-04:00,37.400001525878906,37.93000030517578,37.2400016784668,37.86000061035156,27000,0.0,0.0
2025-09-16 00:00:00-04:00,37.90999984741211,38.34000015258789,36.68000030517578,37.09000015258789,51300,0.0,0.0
2025-09-17 00:00:00-04:00,37.369998931884766,38.25,36.65999984741211,36.7400016784668,52100,0.0,0.0
2025-09-18 00:00:00-04:00,37.119998931884766,38.45000076293945,37.0099983215332,37.59000015258789,63900,0.0,0.0
2025-09-19 00:00:00-04:00,37.709999084472656,37.83000183105469,35.9900016784668,36.70000076293945,125700,0.0,0.0
2025-09-22 00:00:00-04:00,36.18000030517578,37.369998931884766,35.56999969482422,37.15999984741211,79200,0.0,0.0
2025-09-23 00:00:00-04:00,37.439998626708984,38.47999954223633,37.08000183105469,37.599998474121094,57700,0.0,0.0
2025-09-24 00:00:00-04:00,37.349998474121094,37.86000061035156,33.5,36.779998779296875,39400,0.0,0.0
2025-09-25 00:00:00-04:00,35.38999938964844,36.63999938964844,35.279998779296875,35.709999084472656,28000,0.0,0.0
2025-09-26 00:00:00-04:00,36.33000183105469,37.029998779296875,36.02000045776367,36.68000030517578,30100,0.0,0.0
2025-09-29 00:00:00-04:00,38.0,38.0,34.41999816894531,37.20000076293945,79200,0.0,0.0
2025-09-30 00:00:00-04:00,37.189998626708984,38.75,36.20000076293945,38.540000915527344,38700,0.0,0.0
2025-10-01 00:00:00-04:00,38.09000015258789,39.33000183105469,37.47999954223633,39.22999954223633,65000,0.0,0.0
2025-10-02 00:00:00-04:00,38.84000015258789,39.75,37.4900016784668,39.540000915527344,80800,0.0,0.0
2025-10-03 00:00:00-04:00,39.560001373291016,39.91999816894531,39.34000015258789,39.720001220703125,44100,0.0,0.0
2025-10-06 00:00:00-04:00,39.369998931884766,39.45000076293945,36.40999984741211,36.61000061035156,54500,0.0,0.0
2025-10-07 00:00:00-04:00,38.650001525878906,39.150001525878906,37.040000915527344,37.15999984741211,57800,0.0,0.0
2025-10-08 00:00:00-04:00,37.66999816894531,37.900001525878906,36.11000061035156,36.349998474121094,43600,0.0,0.0
2025-10-09 00:00:00-04:00,36.43000030517578,38.790000915527344,36.43000030517578,38.77000045776367,56500,0.0,0.0
2025-10-10 00:00:00-04:00,38.75,39.0,35.90999984741211,36.43000030517578,50500,0.0,0.0
2025-10-13 00:00:00-04:00,36.59000015258789,37.0,34.65999984741211,36.16999816894531,76800,0.0,0.0
2025-10-14 00:00:00-04:00,35.290000915527344,37.36000061035156,35.20000076293945,37.0099983215332,31500,0.0,0.0
2025-10-15 00:00:00-04:00,36.91999816894531,37.65999984741211,36.880001068115234,37.38999938964844,22600,0.0,0.0
2025-10-16 00:00:00-04:00,37.25,39.0,35.779998779296875,36.4900016784668,53100,0.0,0.0
2025-10-17 00:00:00-04:00,36.130001068115234,36.619998931884766,34.25,34.689998626708984,51800,0.0,0.0
2025-10-20 00:00:00-04:00,34.93000030517578,35.4900016784668,34.70000076293945,34.9900016784668,41400,0.0,0.0
2025-10-21 00:00:00-04:00,34.630001068115234,35.47999954223633,34.209999084472656,34.810001373291016,32800,0.0,0.0
2025-10-22 00:00:00-04:00,34.72999954223633,35.599998474121094,33.0099983215332,33.869998931884766,44400,0.0,0.0
2025-10-23 00:00:00-04:00,34.369998931884766,34.91999816894531,33.16999816894531,34.27000045776367,36400,0.0,0.0
2025-10-24 00:00:00-04:00,34.88999938964844,35.189998626708984,34.27000045776367,35.16999816894531,31300,0.0,0.0
2025-10-27 00:00:00-04:00,35.25,35.709999084472656,34.099998474121094,34.90999984741211,65200,0.0,0.0
2025-10-28 00:00:00-04:00,34.72999954223633,35.209999084472656,33.84000015258789,34.790000915527344,21600,0.0,0.0
2025-10-29 00:00:00-04:00,34.5,34.790000915527344,32.29999923706055,33.349998474121094,67700,0.0,0.0
2025-10-30 00:00:00-04:00,33.209999084472656,33.599998474121094,32.54999923706055,33.220001220703125,42500,0.0,0.0
2025-10-31 00:00:00-04:00,32.77000045776367,33.900001525878906,32.59000015258789,32.97999954223633,35700,0.0,0.0
2025-11-03 00:00:00-05:00,33.0,33.380001068115234,32.61000061035156,33.060001373291016,46400,0.0,0.0
2025-11-04 00:00:00-05:00,33.2599983215332,33.540000915527344,32.47999954223633,32.4900016784668,36700,0.0,0.0
2025-11-05 00:00:00-05:00,32.40999984741211,33.63999938964844,31.969999313354492,33.380001068115234,51000,0.0,0.0
2025-11-06 00:00:00-05:00,32.90999984741211,34.709999084472656,32.88999938964844,34.06999969482422,44900,0.0,0.0
2025-11-07 00:00:00-05:00,34.040000915527344,34.040000915527344,32.529998779296875,33.189998626708984,26400,0.0,0.0
2025-11-10 00:00:00-05:00,33.459999084472656,34.02000045776367,32.58000183105469,33.4900016784668,35000,0.0,0.0
2025-11-11 00:00:00-05:00,33.91999816894531,34.939998626708984,33.529998779296875,34.4900016784668,46900,0.0,0.0
2025-11-12 00:00:00-05:00,34.5,34.93000030517578,32.5,33.619998931884766,58300,0.0,0.0
2025-11-13 00:00:00-05:00,34.290000915527344,34.290000915527344,31.81999969482422,32.2400016784668,48700,0.0,0.0
2025-11-14 00:00:00-05:00,31.950000762939453,33.0,31.690000534057617,32.63999938964844,37800,0.0,0.0
2025-11-17 00:00:00-05:00,32.650001525878906,33.119998931884766,31.899999618530273,32.029998779296875,72300,0.0,0.0
2025-11-18 00:00:00-05:00,31.610000610351562,33.5,31.510000228881836,32.790000915527344,122600,0.0,0.0
2025-11-19 00:00:00-05:00,32.84000015258789,33.720001220703125,32.68000030517578,33.150001525878906,90700,0.0,0.0
2025-11-20 00:00:00-05:00,33.75,34.11000061035156,31.450000762939453,31.829999923706055,68900,0.0,0.0
2025-11-21 00:00:00-05:00,31.709999084472656,32.2400016784668,31.260000228881836,31.75,44900,0.0,0.0
2025-11-24 00:00:00-05:00,31.5,32.2400016784668,31.5,31.799999237060547,78400,0.0,0.0
2025-11-25 00:00:00-05:00,32.099998474121094,32.779998779296875,31.18000030517578,31.850000381469727,54500,0.0,0.0
2025-11-26 00:00:00-05:00,31.979999542236328,32.61000061035156,31.649999618530273,32.290000915527344,51700,0.0,0.0
2025-11-28 00:00:00-05:00,32.18000030517578,33.0,31.84000015258789,32.130001068115234,21100,0.0,0.0
2025-12-01 00:00:00-05:00,32.060001373291016,33.5,30.709999084472656,31.079999923706055,54500,0.0,0.0
2025-12-02 00:00:00-05:00,31.450000762939453,32.29999923706055,29.729999542236328,29.760000228881836,72500,0.0,0.0
2025-12-03 00:00:00-05:00,29.940000534057617,31.059999465942383,29.06999969482422,31.0,96200,0.0,0.0
2025-12-04 00:00:00-05:00,30.739999771118164,31.440000534057617,30.309999465942383,31.1299991607666,37600,0.0,0.0
2025-12-05 00:00:00-05:00,30.3799991607666,31.15999984741211,29.600000381469727,29.90999984741211,44500,0.0,0.0
2025-12-08 00:00:00-05:00,30.18000030517578,32.459999084472656,29.90999984741211,30.489999771118164,63200,0.0,0.0
2025-12-09 00:00:00-05:00,32.93000030517578,34.25,31.360000610351562,32.08000183105469,82900,0.0,0.0
2025-12-10 00:00:00-05:00,32.08000183105469,34.790000915527344,32.08000183105469,34.36000061035156,107800,0.0,0.0
2025-12-11 00:00:00-05:00,27.899999618530273,29.450000762939453,25.5,26.540000915527344,290500,0.0,0.0
2025-12-12 00:00:00-05:00,26.81999969482422,27.170000076293945,25.06999969482422,25.219999313354492,134600,0.0,0.0
2025-12-15 00:00:00-05:00,25.5,25.93000030517578,24.959999084472656,25.489999771118164,58300,0.0,0.0
2025-12-16 00:00:00-05:00,25.450000762939453,26.3700008392334,25.139999389648438,25.829999923706055,82100,0.0,0.0
2025-12-17 00:00:00-05:00,26.0,26.09000015258789,25.020000457763672,25.260000228881836,50200,0.0,0.0
2025-12-18 00:00:00-05:00,25.510000228881836,25.540000915527344,24.8799991607666,24.899999618530273,38600,0.0,0.0
2025-12-19 00:00:00-05:00,24.809999465942383,25.700000762939453,24.809999465942383,25.389999389648438,272600,0.0,0.0
2025-12-22 00:00:00-05:00,25.420000076293945,26.059999465942383,25.389999389648438,25.579999923706055,113500,0.0,0.0
2025-12-23 00:00:00-05:00,25.360000610351562,25.829999923706055,25.219999313354492,25.489999771118164,72800,0.0,0.0
2025-12-24 00:00:00-05:00,25.489999771118164,26.239999771118164,25.040000915527344,25.989999771118164,147300,0.0,0.0
2025-12-26 00:00:00-05:00,25.75,26.209999084472656,25.209999084472656,26.059999465942383,143300,0.0,0.0
2025-12-29 00:00:00-05:00,26.010000228881836,26.579999923706055,25.25,25.25,254000,0.0,0.0
2025-12-30 00:00:00-05:00,25.469999313354492,27.079999923706055,25.1200008392334,26.18000030517578,615600,0.0,0.0
2025-12-31 00:00:00-05:00,26.15999984741211,26.989999771118164,25.770000457763672,26.59000015258789,834900,0.0,0.0
2026-01-02 00:00:00-05:00,26.59000015258789,28.290000915527344,26.059999465942383,27.989999771118164,709700,0.0,0.0
2026-01-05 00:00:00-05:00,28.010000228881836,28.610000610351562,25.299999237060547,26.6200008392334,1236000,0.0,0.0
2026-01-06 00:00:00-05:00,26.360000610351562,26.920000076293945,25.549999237060547,26.450000762939453,732700,0.0,0.0
2026-01-07 00:00:00-05:00,26.459999084472656,27.670000076293945,26.290000915527344,27.209999084472656,795400,0.0,0.0
2026-01-08 00:00:00-05:00,27.030000686645508,30.15999984741211,26.8799991607666,29.920000076293945,748500,0.0,0.0
2026-01-09 00:00:00-05:00,29.969999313354492,30.790000915527344,29.139999389648438,29.850000381469727,855600,0.0,0.0
2026-01-12 00:00:00-05:00,29.239999771118164,29.56999969482422,24.399999618530273,26.790000915527344,837800,0.0,0.0
2026-01-13 00:00:00-05:00,26.59000015258789,27.610000610351562,25.559999465942383,27.139999389648438,491500,0.0,0.0
2026-01-14 00:00:00-05:00,27.25,29.440000534057617,26.760000228881836,29.360000610351562,1298500,0.0,0.0
2026-01-15 00:00:00-05:00,29.479999542236328,29.479999542236328,28.110000610351562,28.790000915527344,1041300,0.0,0.0
2026-01-16 00:00:00-05:00,28.469999313354492,29.459999084472656,26.31999969482422,26.3700008392334,1214000,0.0,0.0
2026-01-20 00:00:00-05:00,26.020000457763672,27.1200008392334,25.6200008392334,26.110000610351562,713100,0.0,0.0
2026-01-21 00:00:00-05:00,26.200000762939453,27.3799991607666,26.059999465942383,27.270000457763672,522800,0.0,0.0
2026-01-22 00:00:00-05:00,27.489999771118164,28.600000381469727,26.510000228881836,26.920000076293945,806500,0.0,0.0
2026-01-23 00:00:00-05:00,26.799999237060547,27.549999237060547,26.200000762939453,26.700000762939453,623500,0.0,0.0
2026-01-26 00:00:00-05:00,26.5,26.709999084472656,25.360000610351562,25.790000915527344,943500,0.0,0.0
2026-01-27 00:00:00-05:00,25.68000030517578,26.399999618530273,25.0,25.709999084472656,1430400,0.0,0.0
2026-01-28 00:00:00-05:00,25.600000381469727,25.8799991607666,24.530000686645508,24.65999984741211,1160300,0.0,0.0
2026-01-29 00:00:00-05:00,24.65999984741211,25.1200008392334,24.139999389648438,24.969999313354492,178300,0.0,0.0
2026-01-30 00:00:00-05:00,24.559999465942383,25.760000228881836,24.34000015258789,25.65999984741211,274500,0.0,0.0
2026-02-02 00:00:00-05:00,25.389999389648438,27.34000015258789,25.110000610351562,26.469999313354492,384900,0.0,0.0
2026-02-03 00:00:00-05:00,26.450000762939453,27.8700008392334,26.15999984741211,26.969999313354492,224300,0.0,0.0
2026-02-04 00:00:00-05:00,27.170000076293945,27.5,26.25,26.90999984741211,203400,0.0,0.0
2026-02-05 00:00:00-05:00,26.8700008392334,27.399999618530273,24.700000762939453,24.920000076293945,197100,0.0,0.0
2026-02-06 00:00:00-05:00,25.40999984741211,26.290000915527344,24.770000457763672,24.860000610351562,400900,0.0,0.0
2026-02-09 00:00:00-05:00,24.739999771118164,24.90999984741211,22.6200008392334,23.649999618530273,221200,0.0,0.0
2026-02-10 00:00:00-05:00,23.420000076293945,23.43000030517578,22.649999618530273,22.889999389648438,297700,0.0,0.0
2026-02-11 00:00:00-05:00,22.700000762939453,23.600000381469727,22.290000915527344,23.270000457763672,244000,0.0,0.0
2026-02-12 00:00:00-05:00,23.530000686645508,23.969999313354492,23.010000228881836,23.56999969482422,185500,0.0,0.0
2026-02-13 00:00:00-05:00,23.360000610351562,24.399999618530273,23.239999771118164,24.010000228881836,117400,0.0,0.0
2026-02-17 00:00:00-05:00,24.09000015258789,24.790000915527344,24.0,24.469999313354492,100100,0.0,0.0
2026-02-18 00:00:00-05:00,24.5,25.079999923706055,24.31999969482422,24.350000381469727,69600,0.0,0.0
2026-02-19 00:00:00-05:00,24.459999084472656,24.459999084472656,23.559999465942383,24.399999618530273,192800,0.0,0.0
2026-02-20 00:00:00-05:00,24.450000762939453,26.489999771118164,24.420000076293945,25.809999465942383,240900,0.0,0.0
2026-02-23 00:00:00-05:00,25.540000915527344,26.239999771118164,24.829999923706055,25.31999969482422,86600,0.0,0.0
2026-02-24 00:00:00-05:00,25.790000915527344,27.389999389648438,25.59000015258789,27.040000915527344,196700,0.0,0.0
2026-02-25 00:00:00-05:00,27.139999389648438,27.40999984741211,26.34000015258789,26.739999771118164,64400,0.0,0.0
2026-02-26 00:00:00-05:00,26.940000534057617,26.940000534057617,25.850000381469727,26.760000228881836,67200,0.0,0.0
2026-02-27 00:00:00-05:00,26.75,26.940000534057617,25.280000686645508,25.530000686645508,164000,0.0,0.0
2026-03-02 00:00:00-05:00,25.530000686645508,26.760000228881836,24.479999542236328,26.209999084472656,119900,0.0,0.0
2026-03-03 00:00:00-05:00,25.6200008392334,26.25,25.25,25.540000915527344,64900,0.0,0.0
2026-03-04 00:00:00-05:00,25.920000076293945,26.889999389648438,25.040000915527344,26.450000762939453,72000,0.0,0.0
2026-03-05 00:00:00-05:00,26.049999237060547,27.420000076293945,26.049999237060547,26.309999465942383,171000,0.0,0.0
2026-03-06 00:00:00-05:00,25.760000228881836,27.190000534057617,25.399999618530273,25.979999542236328,194100,0.0,0.0
2026-03-09 00:00:00-04:00,25.850000381469727,27.790000915527344,25.729999542236328,27.450000762939453,278200,0.0,0.0
2026-03-10 00:00:00-04:00,27.239999771118164,28.190000534057617,26.920000076293945,27.280000686645508,176600,0.0,0.0
2026-03-11 00:00:00-04:00,27.1299991607666,27.299999237060547,26.239999771118164,26.959999084472656,147300,0.0,0.0
2026-03-12 00:00:00-04:00,26.40999984741211,27.170000076293945,26.020000457763672,26.860000610351562,95100,0.0,0.0
2026-03-13 00:00:00-04:00,27.170000076293945,27.600000381469727,25.719999313354492,26.3799991607666,117500,0.0,0.0
2026-03-16 00:00:00-04:00,26.540000915527344,27.389999389648438,26.229999542236328,26.610000610351562,77400,0.0,0.0
2026-03-17 00:00:00-04:00,26.68000030517578,27.389999389648438,26.059999465942383,27.0,104000,0.0,0.0
2026-03-18 00:00:00-04:00,29.299999237060547,30.1200008392334,27.18000030517578,27.350000381469727,122800,0.0,0.0
2026-03-19 00:00:00-04:00,27.709999084472656,29.309999465942383,27.579999923706055,28.760000228881836,105400,0.0,0.0
2026-03-20 00:00:00-04:00,28.889999389648438,29.709999084472656,28.270000457763672,28.709999084472656,136200,0.0,0.0
2026-03-23 00:00:00-04:00,29.420000076293945,30.489999771118164,29.059999465942383,29.770000457763672,112900,0.0,0.0
2026-03-24 00:00:00-04:00,29.649999618530273,29.760000228881836,28.700000762939453,29.219999313354492,88300,0.0,0.0
2026-03-25 00:00:00-04:00,29.360000610351562,30.950000762939453,29.360000610351562,30.200000762939453,100800,0.0,0.0
2026-03-26 00:00:00-04:00,30.100000381469727,31.5,29.700000762939453,30.530000686645508,100900,0.0,0.0
2026-03-27 00:00:00-04:00,30.389999389648438,30.81999969482422,29.489999771118164,30.170000076293945,100000,0.0,0.0
2026-03-30 00:00:00-04:00,30.170000076293945,30.5,28.639999389648438,30.25,76500,0.0,0.0
2026-03-31 00:00:00-04:00,30.799999237060547,31.56999969482422,30.020000457763672,31.3700008392334,123600,0.0,0.0
2026-04-01 00:00:00-04:00,31.850000381469727,34.0,31.579999923706055,33.08000183105469,169800,0.0,0.0
2026-04-02 00:00:00-04:00,32.33000183105469,33.41999816894531,32.11000061035156,32.97999954223633,93500,0.0,0.0
2026-04-06 00:00:00-04:00,33.220001220703125,33.900001525878906,33.0099983215332,33.75,119400,0.0,0.0
2026-04-07 00:00:00-04:00,33.79999923706055,35.040000915527344,33.099998474121094,34.58000183105469,213300,0.0,0.0
2026-04-08 00:00:00-04:00,35.0,35.0,33.279998779296875,34.65999984741211,183400,0.0,0.0
2026-04-09 00:00:00-04:00,34.709999084472656,37.0,34.689998626708984,36.7599983215332,308000,0.0,0.0
2026-04-10 00:00:00-04:00,36.790000915527344,36.939998626708984,35.779998779296875,36.7400016784668,84900,0.0,0.0
2026-04-13 00:00:00-04:00,36.709999084472656,39.45000076293945,36.709999084472656,38.650001525878906,229900,0.0,0.0
2026-04-14 00:00:00-04:00,38.619998931884766,40.0,38.619998931884766,39.40999984741211,138200,0.0,0.0
2026-04-15 00:00:00-04:00,39.38999938964844,40.25,39.34000015258789,40.130001068115234,176700,0.0,0.0
2026-04-16 00:00:00-04:00,39.95000076293945,40.70000076293945,39.04999923706055,39.61000061035156,106300,0.0,0.0
2026-04-17 00:00:00-04:00,40.470001220703125,40.7400016784668,39.36000061035156,39.709999084472656,174200,0.0,0.0
2026-04-20 00:00:00-04:00,39.41999816894531,40.5,39.16999816894531,40.0,110100,0.0,0.0
2026-04-21 00:00:00-04:00,39.88999938964844,40.45000076293945,39.2599983215332,39.58000183105469,101600,0.0,0.0
2026-04-22 00:00:00-04:00,39.869998931884766,40.150001525878906,38.400001525878906,39.369998931884766,150500,0.0,0.0
2026-04-23 00:00:00-04:00,39.22999954223633,39.22999954223633,37.77000045776367,37.88999938964844,67300,0.0,0.0
2026-04-24 00:00:00-04:00,37.88999938964844,38.380001068115234,37.0,37.900001525878906,89600,0.0,0.0
2026-04-27 00:00:00-04:00,41.220001220703125,42.810001373291016,40.5,41.970001220703125,3180400,0.0,0.0
2026-04-28 00:00:00-04:00,41.599998474121094,42.099998474121094,40.7400016784668,40.86000061035156,913900,0.0,0.0
2026-04-29 00:00:00-04:00,40.93000030517578,41.709999084472656,40.70000076293945,40.9900016784668,727900,0.0,0.0
2026-04-30 00:00:00-04:00,40.97999954223633,41.720001220703125,40.779998779296875,40.939998626708984,822800,0.0,0.0
2026-05-01 00:00:00-04:00,41.0,41.54999923706055,40.61000061035156,41.380001068115234,375600,0.0,0.0
2026-05-04 00:00:00-04:00,41.40999984741211,41.849998474121094,40.959999084472656,41.040000915527344,250300,0.0,0.0
2026-05-05 00:00:00-04:00,41.20000076293945,41.75,41.04999923706055,41.65999984741211,196900,0.0,0.0
2026-05-06 00:00:00-04:00,41.75,42.0,41.400001525878906,41.599998474121094,164100,0.0,0.0
2026-05-07 00:00:00-04:00,41.5,41.529998779296875,41.209999084472656,41.290000915527344,194900,0.0,0.0
2026-05-08 00:00:00-04:00,41.29999923706055,41.939998626708984,41.20000076293945,41.88999938964844,111700,0.0,0.0
2026-05-11 00:00:00-04:00,41.869998931884766,41.9900016784668,41.5,41.5,119400,0.0,0.0
2026-05-12 00:00:00-04:00,41.529998779296875,41.88999938964844,41.529998779296875,41.75,83700,0.0,0.0
2026-05-13 00:00:00-04:00,41.88999938964844,41.88999938964844,41.75,41.79999923706055,74400,0.0,0.0
2026-05-14 00:00:00-04:00,41.849998474121094,42.29999923706055,41.650001525878906,42.0,162800,0.0,0.0
2026-05-15 00:00:00-04:00,41.84000015258789,41.88999938964844,41.54999923706055,41.75,102500,0.0,0.0
2026-05-18 00:00:00-04:00,41.970001220703125,41.970001220703125,41.599998474121094,41.63999938964844,96100,0.0,0.0
2026-05-19 00:00:00-04:00,41.54999923706055,41.779998779296875,41.5,41.540000915527344,121700,0.0,0.0
2026-05-20 00:00:00-04:00,41.630001068115234,41.97999954223633,41.58000183105469,41.97999954223633,111400,0.0,0.0
2026-05-21 00:00:00-04:00,41.790000915527344,41.9900016784668,41.72999954223633,41.81999969482422,52200,0.0,0.0
2026-05-22 00:00:00-04:00,41.779998779296875,41.869998931884766,41.4900016784668,41.650001525878906,124800,0.0,0.0
2026-05-26 00:00:00-04:00,41.54999923706055,41.7599983215332,41.54999923706055,41.720001220703125,67600,0.0,0.0
2026-05-27 00:00:00-04:00,41.650001525878906,41.849998474121094,41.63999938964844,41.7400016784668,45200,0.0,0.0
2026-05-28 00:00:00-04:00,41.630001068115234,41.70000076293945,41.45000076293945,41.70000076293945,249000,0.0,0.0
2026-05-29 00:00:00-04:00,41.560001373291016,41.75,41.560001373291016,41.709999084472656,78300,0.0,0.0
2026-06-01 00:00:00-04:00,41.709999084472656,41.7400016784668,41.540000915527344,41.689998626708984,119300,0.0,0.0
2026-06-02 00:00:00-04:00,41.58000183105469,41.720001220703125,41.45000076293945,41.689998626708984,79500,0.0,0.0
2026-06-03 00:00:00-04:00,41.560001373291016,41.72999954223633,41.560001373291016,41.70000076293945,67900,0.0,0.0
2026-06-04 00:00:00-04:00,41.70000076293945,42.439998626708984,41.65999984741211,42.400001525878906,133400,0.0,0.0
2026-06-05 00:00:00-04:00,42.29999923706055,42.29999923706055,42.029998779296875,42.09000015258789,42000,0.0,0.0
2026-06-08 00:00:00-04:00,42.400001525878906,42.400001525878906,41.900001525878906,41.91999816894531,107400,0.0,0.0
2026-06-09 00:00:00-04:00,42.22999954223633,42.310001373291016,41.93000030517578,41.95000076293945,95100,0.0,0.0
2026-06-10 00:00:00-04:00,42.06999969482422,42.130001068115234,41.7599983215332,41.7599983215332,125200,0.0,0.0
2026-06-11 00:00:00-04:00,41.81999969482422,41.91999816894531,41.650001525878906,41.79999923706055,142900,0.0,0.0
2026-06-12 00:00:00-04:00,41.79999923706055,41.900001525878906,41.66999816894531,41.790000915527344,129400,0.0,0.0
2026-06-15 00:00:00-04:00,41.81999969482422,42.20000076293945,41.75,41.95000076293945,108400,0.0,0.0
2026-06-16 00:00:00-04:00,41.939998626708984,42.06999969482422,41.779998779296875,41.779998779296875,133600,0.0,0.0
2026-06-17 00:00:00-04:00,41.93000030517578,41.959999084472656,41.540000915527344,41.720001220703125,80500,0.0,0.0
2026-06-18 00:00:00-04:00,41.900001525878906,41.97999954223633,41.599998474121094,41.88999938964844,88300,0.0,0.0
2026-06-22 00:00:00-04:00,42.04999923706055,42.15999984741211,41.849998474121094,42.0,105500,0.0,0.0
2026-06-23 00:00:00-04:00,41.09000015258789,42.150001525878906,40.7599983215332,41.95000076293945,134900,0.0,0.0
2026-06-24 00:00:00-04:00,41.810001373291016,42.18000030517578,41.810001373291016,42.150001525878906,164700,0.0,0.0
2026-06-25 00:00:00-04:00,42.18000030517578,42.22999954223633,42.0099983215332,42.20000076293945,122000,0.0,0.0
2026-06-26 00:00:00-04:00,42.290000915527344,42.5,42.06999969482422,42.150001525878906,439300,0.0,0.0
2026-06-29 00:00:00-04:00,42.34000015258789,42.34000015258789,42.0099983215332,42.150001525878906,368100,0.0,0.0
2026-06-30 00:00:00-04:00,42.220001220703125,42.540000915527344,42.06999969482422,42.5,200000,0.0,0.0
2026-07-01 00:00:00-04:00,42.5,42.75,42.2400016784668,42.619998931884766,124600,0.0,0.0
2026-07-02 00:00:00-04:00,42.619998931884766,43.0,42.459999084472656,43.0,137600,0.0,0.0
2026-07-06 00:00:00-04:00,43.11000061035156,44.0,42.90999984741211,43.849998474121094,209000,0.0,0.0
2026-07-07 00:00:00-04:00,43.849998474121094,44.0099983215332,43.58000183105469,43.88999938964844,144700,0.0,0.0
2026-07-08 00:00:00-04:00,43.810001373291016,45.189998626708984,43.810001373291016,45.0,255300,0.0,0.0
2026-07-09 00:00:00-04:00,45.0,45.20000076293945,44.130001068115234,44.79999923706055,375364,0.0,0.0
