Date,Open,High,Low,Close,Volume,Dividends,Stock Splits
2022-01-03 00:00:00-05:00,13.34000015258789,13.380000114440918,13.020000457763672,13.260000228881836,723200,0.0,0.0
2022-01-04 00:00:00-05:00,13.279999732971191,13.829999923706055,13.109999656677246,13.670000076293945,1186900,0.0,0.0
2022-01-05 00:00:00-05:00,13.84000015258789,14.210000038146973,12.949999809265137,12.979999542236328,1350400,0.0,0.0
2022-01-06 00:00:00-05:00,12.90999984741211,12.979999542236328,12.359999656677246,12.829999923706055,1057800,0.0,0.0
2022-01-07 00:00:00-05:00,12.880000114440918,12.899999618530273,12.039999961853027,12.039999961853027,1394600,0.0,0.0
2022-01-10 00:00:00-05:00,12.470000267028809,12.630000114440918,12.279999732971191,12.630000114440918,934800,0.0,0.0
2022-01-11 00:00:00-05:00,12.550000190734863,12.670000076293945,12.130000114440918,12.65999984741211,1742200,0.0,0.0
2022-01-12 00:00:00-05:00,12.630000114440918,13.229999542236328,12.229999542236328,12.75,1223300,0.0,0.0
2022-01-13 00:00:00-05:00,12.800000190734863,13.34000015258789,12.739999771118164,13.0,1029000,0.0,0.0
2022-01-14 00:00:00-05:00,12.869999885559082,13.180000305175781,12.789999961853027,13.119999885559082,692500,0.0,0.0
2022-01-18 00:00:00-05:00,13.550000190734863,14.369999885559082,13.4399995803833,13.739999771118164,2510500,0.0,0.0
2022-01-19 00:00:00-05:00,13.819999694824219,14.739999771118164,13.75,14.279999732971191,1942400,0.0,0.0
2022-01-20 00:00:00-05:00,14.359999656677246,14.510000228881836,13.5,13.579999923706055,1162600,0.0,0.0
2022-01-21 00:00:00-05:00,13.489999771118164,13.5,12.930000305175781,13.0600004196167,1384400,0.0,0.0
2022-01-24 00:00:00-05:00,12.770000457763672,13.699999809265137,12.449999809265137,13.649999618530273,1587700,0.0,0.0
2022-01-25 00:00:00-05:00,13.529999732971191,13.670000076293945,12.829999923706055,13.399999618530273,1118500,0.0,0.0
2022-01-26 00:00:00-05:00,13.510000228881836,13.920000076293945,13.270000457763672,13.34000015258789,1482200,0.0,0.0
2022-01-27 00:00:00-05:00,12.90999984741211,13.180000305175781,12.569999694824219,12.710000038146973,1247600,0.0,0.0
2022-01-28 00:00:00-05:00,12.529999732971191,13.020000457763672,12.329999923706055,13.020000457763672,962800,0.0,0.0
2022-01-31 00:00:00-05:00,12.789999961853027,13.0,12.470000267028809,12.6899995803833,1683100,0.0,0.0
2022-02-01 00:00:00-05:00,12.760000228881836,12.920000076293945,12.300000190734863,12.739999771118164,1195200,0.0,0.0
2022-02-02 00:00:00-05:00,12.699999809265137,13.09000015258789,12.369999885559082,13.020000457763672,1135500,0.0,0.0
2022-02-03 00:00:00-05:00,12.859999656677246,13.220000267028809,12.670000076293945,12.710000038146973,785900,0.0,0.0
2022-02-04 00:00:00-05:00,12.640000343322754,12.699999809265137,11.859999656677246,12.479999542236328,1683100,0.0,0.0
2022-02-07 00:00:00-05:00,12.380000114440918,12.479999542236328,11.4399995803833,11.520000457763672,1676900,0.0,0.0
2022-02-08 00:00:00-05:00,11.430000305175781,12.149999618530273,11.279999732971191,11.970000267028809,1313000,0.0,0.0
2022-02-09 00:00:00-05:00,12.039999961853027,12.789999961853027,12.039999961853027,12.710000038146973,1751200,0.0,0.0
2022-02-10 00:00:00-05:00,12.420000076293945,13.6899995803833,12.289999961853027,13.289999961853027,1680800,0.0,0.0
2022-02-11 00:00:00-05:00,13.3100004196167,13.600000381469727,12.979999542236328,13.220000267028809,1157000,0.0,0.0
2022-02-14 00:00:00-05:00,13.279999732971191,13.550000190734863,12.859999656677246,12.970000267028809,979800,0.0,0.0
2022-02-15 00:00:00-05:00,13.0600004196167,13.75,13.0600004196167,13.670000076293945,861400,0.0,0.0
2022-02-16 00:00:00-05:00,13.619999885559082,14.289999961853027,13.420000076293945,14.100000381469727,1316100,0.0,0.0
2022-02-17 00:00:00-05:00,13.989999771118164,14.100000381469727,12.220000267028809,12.289999961853027,2615500,0.0,0.0
2022-02-18 00:00:00-05:00,12.020000457763672,12.350000381469727,10.729999542236328,10.760000228881836,3256700,0.0,0.0
2022-02-22 00:00:00-05:00,10.699999809265137,10.739999771118164,9.779999732971191,9.850000381469727,2867600,0.0,0.0
2022-02-23 00:00:00-05:00,9.90999984741211,10.15999984741211,9.529999732971191,9.600000381469727,1959400,0.0,0.0
2022-02-24 00:00:00-05:00,9.800000190734863,9.9399995803833,9.220000267028809,9.859999656677246,2610600,0.0,0.0
2022-02-25 00:00:00-05:00,9.859999656677246,10.649999618530273,9.859999656677246,10.619999885559082,1737600,0.0,0.0
2022-02-28 00:00:00-05:00,10.300000190734863,10.569999694824219,10.149999618530273,10.510000228881836,1412100,0.0,0.0
2022-03-01 00:00:00-05:00,10.380000114440918,10.529999732971191,10.0600004196167,10.180000305175781,1398300,0.0,0.0
2022-03-02 00:00:00-05:00,10.3100004196167,10.9399995803833,10.3100004196167,10.710000038146973,1032000,0.0,0.0
2022-03-03 00:00:00-05:00,10.770000457763672,11.079999923706055,10.680000305175781,10.970000267028809,1270200,0.0,0.0
2022-03-04 00:00:00-05:00,10.789999961853027,11.010000228881836,10.619999885559082,11.0,1051700,0.0,0.0
2022-03-07 00:00:00-05:00,10.989999771118164,11.109999656677246,10.609999656677246,10.649999618530273,1251800,0.0,0.0
2022-03-08 00:00:00-05:00,10.640000343322754,11.140000343322754,10.470000267028809,10.729999542236328,1130800,0.0,0.0
2022-03-09 00:00:00-05:00,11.069999694824219,12.0,10.979999542236328,11.84000015258789,1620300,0.0,0.0
2022-03-10 00:00:00-05:00,11.579999923706055,12.149999618530273,11.479999542236328,11.970000267028809,1228700,0.0,0.0
2022-03-11 00:00:00-05:00,12.029999732971191,12.180000305175781,11.619999885559082,11.670000076293945,850500,0.0,0.0
2022-03-14 00:00:00-04:00,11.720000267028809,12.0,11.079999923706055,11.3100004196167,1215200,0.0,0.0
2022-03-15 00:00:00-04:00,11.489999771118164,11.699999809265137,11.1899995803833,11.470000267028809,753200,0.0,0.0
2022-03-16 00:00:00-04:00,11.579999923706055,11.84000015258789,11.09000015258789,11.550000190734863,1022000,0.0,0.0
2022-03-17 00:00:00-04:00,11.510000228881836,11.789999961853027,11.399999618530273,11.710000038146973,534800,0.0,0.0
2022-03-18 00:00:00-04:00,11.649999618530273,11.84000015258789,11.399999618530273,11.609999656677246,1351300,0.0,0.0
2022-03-21 00:00:00-04:00,11.609999656677246,11.850000381469727,11.319999694824219,11.449999809265137,744700,0.0,0.0
2022-03-22 00:00:00-04:00,11.399999618530273,11.59000015258789,11.34000015258789,11.449999809265137,560200,0.0,0.0
2022-03-23 00:00:00-04:00,11.34000015258789,11.510000228881836,11.109999656677246,11.390000343322754,568700,0.0,0.0
2022-03-24 00:00:00-04:00,11.399999618530273,11.619999885559082,11.199999809265137,11.539999961853027,861300,0.0,0.0
2022-03-25 00:00:00-04:00,11.579999923706055,12.329999923706055,11.460000038146973,12.3100004196167,1817800,0.0,0.0
2022-03-28 00:00:00-04:00,12.300000190734863,12.319999694824219,11.9399995803833,12.239999771118164,875700,0.0,0.0
2022-03-29 00:00:00-04:00,12.289999961853027,12.510000228881836,12.109999656677246,12.239999771118164,943600,0.0,0.0
2022-03-30 00:00:00-04:00,12.3100004196167,12.369999885559082,11.569999694824219,11.800000190734863,1315200,0.0,0.0
2022-03-31 00:00:00-04:00,11.770000457763672,12.020000457763672,11.539999961853027,11.869999885559082,1013900,0.0,0.0
2022-04-01 00:00:00-04:00,12.069999694824219,12.229999542236328,11.789999961853027,11.9399995803833,1097900,0.0,0.0
2022-04-04 00:00:00-04:00,11.9399995803833,12.039999961853027,11.529999732971191,11.739999771118164,880800,0.0,0.0
2022-04-05 00:00:00-04:00,11.800000190734863,11.899999618530273,11.09000015258789,11.140000343322754,901500,0.0,0.0
2022-04-06 00:00:00-04:00,11.050000190734863,11.180000305175781,10.850000381469727,11.170000076293945,1316200,0.0,0.0
2022-04-07 00:00:00-04:00,11.25,11.539999961853027,11.029999732971191,11.350000381469727,1035200,0.0,0.0
2022-04-08 00:00:00-04:00,11.270000457763672,11.470000267028809,10.9399995803833,10.949999809265137,815900,0.0,0.0
2022-04-11 00:00:00-04:00,10.9399995803833,11.119999885559082,10.720000267028809,10.789999961853027,995200,0.0,0.0
2022-04-12 00:00:00-04:00,10.859999656677246,11.479999542236328,10.859999656677246,11.210000038146973,875500,0.0,0.0
2022-04-13 00:00:00-04:00,11.300000190734863,11.529999732971191,11.170000076293945,11.289999961853027,606800,0.0,0.0
2022-04-14 00:00:00-04:00,11.380000114440918,11.710000038146973,11.34000015258789,11.460000038146973,756900,0.0,0.0
2022-04-18 00:00:00-04:00,11.380000114440918,11.529999732971191,11.199999809265137,11.260000228881836,518000,0.0,0.0
2022-04-19 00:00:00-04:00,11.350000381469727,11.710000038146973,11.300000190734863,11.329999923706055,745400,0.0,0.0
2022-04-20 00:00:00-04:00,11.430000305175781,11.869999885559082,11.329999923706055,11.680000305175781,849600,0.0,0.0
2022-04-21 00:00:00-04:00,11.850000381469727,12.119999885559082,11.449999809265137,11.489999771118164,1050900,0.0,0.0
2022-04-22 00:00:00-04:00,10.800000190734863,10.869999885559082,9.260000228881836,9.430000305175781,3096500,0.0,0.0
2022-04-25 00:00:00-04:00,9.1899995803833,9.479999542236328,8.800000190734863,9.079999923706055,3223900,0.0,0.0
2022-04-26 00:00:00-04:00,8.710000038146973,9.079999923706055,8.449999809265137,8.850000381469727,2080800,0.0,0.0
2022-04-27 00:00:00-04:00,8.760000228881836,9.1899995803833,8.630000114440918,8.920000076293945,1517700,0.0,0.0
2022-04-28 00:00:00-04:00,8.850000381469727,8.930000305175781,7.329999923706055,8.479999542236328,3944200,0.0,0.0
2022-04-29 00:00:00-04:00,8.270000457763672,8.289999961853027,7.610000133514404,7.670000076293945,2397000,0.0,0.0
2022-05-02 00:00:00-04:00,7.599999904632568,7.659999847412109,6.940000057220459,7.159999847412109,4083300,0.0,0.0
2022-05-03 00:00:00-04:00,7.150000095367432,7.440000057220459,6.929999828338623,7.059999942779541,2279600,0.0,0.0
2022-05-04 00:00:00-04:00,7.139999866485596,7.440000057220459,6.929999828338623,7.369999885559082,2611700,0.0,0.0
2022-05-05 00:00:00-04:00,7.289999961853027,7.429999828338623,6.929999828338623,7.079999923706055,1661800,0.0,0.0
2022-05-06 00:00:00-04:00,7.0,7.340000152587891,6.900000095367432,7.03000020980835,1504600,0.0,0.0
2022-05-09 00:00:00-04:00,6.849999904632568,6.960000038146973,6.489999771118164,6.610000133514404,1523800,0.0,0.0
2022-05-10 00:00:00-04:00,6.710000038146973,6.840000152587891,6.320000171661377,6.389999866485596,2045700,0.0,0.0
2022-05-11 00:00:00-04:00,6.400000095367432,6.599999904632568,6.050000190734863,6.119999885559082,2253800,0.0,0.0
2022-05-12 00:00:00-04:00,6.070000171661377,6.46999979019165,6.039999961853027,6.320000171661377,2989800,0.0,0.0
2022-05-13 00:00:00-04:00,6.46999979019165,6.71999979019165,6.429999828338623,6.489999771118164,2552900,0.0,0.0
2022-05-16 00:00:00-04:00,6.46999979019165,6.570000171661377,6.239999771118164,6.239999771118164,1233600,0.0,0.0
2022-05-17 00:00:00-04:00,6.389999866485596,6.46999979019165,6.21999979019165,6.440000057220459,1602600,0.0,0.0
2022-05-18 00:00:00-04:00,6.210000038146973,6.340000152587891,5.760000228881836,5.909999847412109,2875400,0.0,0.0
2022-05-19 00:00:00-04:00,5.829999923706055,6.0,5.659999847412109,5.769999980926514,2540300,0.0,0.0
2022-05-20 00:00:00-04:00,5.869999885559082,5.96999979019165,5.5,5.800000190734863,1937400,0.0,0.0
2022-05-23 00:00:00-04:00,5.849999904632568,5.900000095367432,5.510000228881836,5.699999809265137,1650400,0.0,0.0
2022-05-24 00:00:00-04:00,5.619999885559082,5.650000095367432,5.179999828338623,5.269999980926514,2380100,0.0,0.0
2022-05-25 00:00:00-04:00,5.230000019073486,5.579999923706055,5.21999979019165,5.389999866485596,2387400,0.0,0.0
2022-05-26 00:00:00-04:00,5.320000171661377,5.489999771118164,5.230000019073486,5.349999904632568,2805000,0.0,0.0
2022-05-27 00:00:00-04:00,5.360000133514404,5.610000133514404,5.28000020980835,5.300000190734863,1760500,0.0,0.0
2022-05-31 00:00:00-04:00,5.230000019073486,5.329999923706055,5.110000133514404,5.239999771118164,2499700,0.0,0.0
2022-06-01 00:00:00-04:00,5.199999809265137,5.260000228881836,5.0,5.0,2337300,0.0,0.0
2022-06-02 00:00:00-04:00,5.050000190734863,5.289999961853027,4.960000038146973,5.230000019073486,2989400,0.0,0.0
2022-06-03 00:00:00-04:00,5.360000133514404,5.670000076293945,5.300000190734863,5.449999809265137,2637400,0.0,0.0
2022-06-06 00:00:00-04:00,5.440000057220459,5.539999961853027,5.199999809265137,5.28000020980835,1861100,0.0,0.0
2022-06-07 00:00:00-04:00,5.199999809265137,5.300000190734863,5.099999904632568,5.25,1695800,0.0,0.0
2022-06-08 00:00:00-04:00,5.199999809265137,5.28000020980835,5.070000171661377,5.159999847412109,1752000,0.0,0.0
2022-06-09 00:00:00-04:00,5.110000133514404,5.139999866485596,4.820000171661377,4.849999904632568,1965200,0.0,0.0
2022-06-10 00:00:00-04:00,4.71999979019165,4.829999923706055,4.559999942779541,4.78000020980835,1988000,0.0,0.0
2022-06-13 00:00:00-04:00,4.599999904632568,4.880000114440918,4.539999961853027,4.820000171661377,2697700,0.0,0.0
2022-06-14 00:00:00-04:00,4.829999923706055,5.010000228881836,4.730000019073486,4.789999961853027,2400300,0.0,0.0
2022-06-15 00:00:00-04:00,4.570000171661377,4.599999904632568,4.159999847412109,4.170000076293945,4920400,0.0,0.0
2022-06-16 00:00:00-04:00,4.059999942779541,4.099999904632568,3.9000000953674316,4.079999923706055,3180800,0.0,0.0
2022-06-17 00:00:00-04:00,4.079999923706055,4.340000152587891,4.010000228881836,4.230000019073486,7325700,0.0,0.0
2022-06-21 00:00:00-04:00,4.269999980926514,4.300000190734863,3.990000009536743,4.0,2990600,0.0,0.0
2022-06-22 00:00:00-04:00,3.9200000762939453,4.25,3.9000000953674316,4.139999866485596,2487500,0.0,0.0
2022-06-23 00:00:00-04:00,4.119999885559082,4.25,4.079999923706055,4.130000114440918,2128000,0.0,0.0
2022-06-24 00:00:00-04:00,4.110000133514404,4.309999942779541,4.110000133514404,4.199999809265137,4696000,0.0,0.0
2022-06-27 00:00:00-04:00,4.179999828338623,4.260000228881836,4.0,4.090000152587891,2262000,0.0,0.0
2022-06-28 00:00:00-04:00,4.150000095367432,4.28000020980835,4.03000020980835,4.050000190734863,1865000,0.0,0.0
2022-06-29 00:00:00-04:00,4.050000190734863,4.050000190734863,3.8299999237060547,3.990000009536743,1509200,0.0,0.0
2022-06-30 00:00:00-04:00,3.859999895095825,3.9600000381469727,3.6700000762939453,3.75,2715600,0.0,0.0
2022-07-01 00:00:00-04:00,3.740000009536743,4.070000171661377,3.700000047683716,4.03000020980835,4098800,0.0,0.0
2022-07-05 00:00:00-04:00,3.9700000286102295,4.179999828338623,3.880000114440918,4.179999828338623,2159700,0.0,0.0
2022-07-06 00:00:00-04:00,4.119999885559082,4.150000095367432,3.869999885559082,3.9000000953674316,3681700,0.0,0.0
2022-07-07 00:00:00-04:00,3.8499999046325684,4.050000190734863,3.8499999046325684,3.950000047683716,1740500,0.0,0.0
2022-07-08 00:00:00-04:00,3.9800000190734863,4.199999809265137,3.930000066757202,3.940000057220459,1849100,0.0,0.0
2022-07-11 00:00:00-04:00,3.930000066757202,3.9800000190734863,3.759999990463257,3.8299999237060547,2474900,0.0,0.0
2022-07-12 00:00:00-04:00,3.759999990463257,3.8299999237060547,3.440000057220459,3.490000009536743,2737300,0.0,0.0
2022-07-13 00:00:00-04:00,3.450000047683716,3.680000066757202,3.3499999046325684,3.640000104904175,2674800,0.0,0.0
2022-07-14 00:00:00-04:00,3.5299999713897705,3.5999999046325684,3.390000104904175,3.440000057220459,2109400,0.0,0.0
2022-07-15 00:00:00-04:00,3.559999942779541,3.7899999618530273,3.4200000762939453,3.640000104904175,2133000,0.0,0.0
2022-07-18 00:00:00-04:00,3.680000066757202,3.8499999046325684,3.640000104904175,3.7699999809265137,2102600,0.0,0.0
2022-07-19 00:00:00-04:00,3.869999885559082,4.179999828338623,3.8299999237060547,4.150000095367432,2515800,0.0,0.0
2022-07-20 00:00:00-04:00,4.110000133514404,4.199999809265137,4.03000020980835,4.119999885559082,2447000,0.0,0.0
2022-07-21 00:00:00-04:00,4.090000152587891,4.159999847412109,3.940000057220459,4.110000133514404,1619100,0.0,0.0
2022-07-22 00:00:00-04:00,4.829999923706055,5.059999942779541,4.650000095367432,4.900000095367432,8752100,0.0,0.0
2022-07-25 00:00:00-04:00,4.880000114440918,5.21999979019165,4.800000190734863,4.949999809265137,3822100,0.0,0.0
2022-07-26 00:00:00-04:00,4.980000019073486,5.019999980926514,4.820000171661377,5.019999980926514,2237300,0.0,0.0
2022-07-27 00:00:00-04:00,5.079999923706055,5.260000228881836,4.940000057220459,5.179999828338623,4271800,0.0,0.0
2022-07-28 00:00:00-04:00,2.990000009536743,3.4800000190734863,2.9200000762939453,2.9600000381469727,20187000,0.0,0.0
2022-07-29 00:00:00-04:00,3.109999895095825,3.140000104904175,2.880000114440918,2.9800000190734863,5574000,0.0,0.0
2022-08-01 00:00:00-04:00,2.9200000762939453,3.1500000953674316,2.809999942779541,3.0299999713897705,5570700,0.0,0.0
2022-08-02 00:00:00-04:00,3.009999990463257,3.0299999713897705,2.8499999046325684,2.8499999046325684,5002100,0.0,0.0
2022-08-03 00:00:00-04:00,3.130000114440918,3.630000114440918,3.119999885559082,3.5,9359100,0.0,0.0
2022-08-04 00:00:00-04:00,3.4200000762939453,3.4700000286102295,3.25,3.299999952316284,3672300,0.0,0.0
2022-08-05 00:00:00-04:00,3.2100000381469727,3.609999895095825,3.200000047683716,3.5199999809265137,3814800,0.0,0.0
2022-08-08 00:00:00-04:00,3.549999952316284,3.7799999713897705,3.490000009536743,3.609999895095825,2502500,0.0,0.0
2022-08-09 00:00:00-04:00,3.609999895095825,3.799999952316284,3.4600000381469727,3.4700000286102295,2298700,0.0,0.0
2022-08-10 00:00:00-04:00,3.569999933242798,3.75,3.4800000190734863,3.609999895095825,3697400,0.0,0.0
2022-08-11 00:00:00-04:00,3.690000057220459,4.199999809265137,3.690000057220459,3.7799999713897705,3540000,0.0,0.0
2022-08-12 00:00:00-04:00,3.7899999618530273,3.9000000953674316,3.690000057220459,3.740000009536743,2534400,0.0,0.0
2022-08-15 00:00:00-04:00,3.680000066757202,3.7100000381469727,3.430000066757202,3.4800000190734863,2537000,0.0,0.0
2022-08-16 00:00:00-04:00,3.4800000190734863,3.549999952316284,3.1500000953674316,3.309999942779541,3507200,0.0,0.0
2022-08-17 00:00:00-04:00,3.299999952316284,3.309999942779541,3.1700000762939453,3.200000047683716,1645800,0.0,0.0
2022-08-18 00:00:00-04:00,3.200000047683716,3.309999942779541,3.200000047683716,3.2100000381469727,1638200,0.0,0.0
2022-08-19 00:00:00-04:00,3.200000047683716,3.2300000190734863,3.0799999237060547,3.1600000858306885,2617200,0.0,0.0
2022-08-22 00:00:00-04:00,3.109999895095825,3.190000057220459,3.0799999237060547,3.1500000953674316,2029000,0.0,0.0
2022-08-23 00:00:00-04:00,3.130000114440918,3.25,3.009999990463257,3.0299999713897705,2318300,0.0,0.0
2022-08-24 00:00:00-04:00,3.0199999809265137,3.0999999046325684,2.9700000286102295,3.059999942779541,2576800,0.0,0.0
2022-08-25 00:00:00-04:00,3.109999895095825,3.3299999237060547,3.0899999141693115,3.2899999618530273,2609400,0.0,0.0
2022-08-26 00:00:00-04:00,3.299999952316284,3.3499999046325684,3.059999942779541,3.0799999237060547,1792900,0.0,0.0
2022-08-29 00:00:00-04:00,3.059999942779541,3.059999942779541,2.9700000286102295,2.990000009536743,2375000,0.0,0.0
2022-08-30 00:00:00-04:00,2.9600000381469727,2.990000009536743,2.7899999618530273,2.8299999237060547,2625100,0.0,0.0
2022-08-31 00:00:00-04:00,2.9000000953674316,2.9100000858306885,2.6600000858306885,2.6600000858306885,2427600,0.0,0.0
2022-09-01 00:00:00-04:00,2.619999885559082,2.690000057220459,2.559999942779541,2.6700000762939453,2103300,0.0,0.0
2022-09-02 00:00:00-04:00,2.7699999809265137,2.819999933242798,2.609999895095825,2.6700000762939453,1936200,0.0,0.0
2022-09-06 00:00:00-04:00,2.700000047683716,2.75,2.609999895095825,2.700000047683716,1919000,0.0,0.0
2022-09-07 00:00:00-04:00,2.7200000286102295,2.9100000858306885,2.690000057220459,2.880000114440918,1954500,0.0,0.0
2022-09-08 00:00:00-04:00,2.8299999237060547,3.059999942779541,2.8299999237060547,3.0399999618530273,1763300,0.0,0.0
2022-09-09 00:00:00-04:00,3.069999933242798,3.2799999713897705,3.0299999713897705,3.2300000190734863,2640700,0.0,0.0
2022-09-12 00:00:00-04:00,3.2100000381469727,3.3399999141693115,3.190000057220459,3.240000009536743,3088900,0.0,0.0
2022-09-13 00:00:00-04:00,3.1700000762939453,3.2200000286102295,2.9700000286102295,3.009999990463257,3608600,0.0,0.0
2022-09-14 00:00:00-04:00,2.990000009536743,3.049999952316284,2.809999942779541,2.9000000953674316,2192100,0.0,0.0
2022-09-15 00:00:00-04:00,2.9000000953674316,3.140000104904175,2.9000000953674316,2.9600000381469727,2191700,0.0,0.0
2022-09-16 00:00:00-04:00,2.9200000762939453,2.9600000381469727,2.759999990463257,2.9100000858306885,4174000,0.0,0.0
2022-09-19 00:00:00-04:00,2.8399999141693115,2.9200000762939453,2.7899999618530273,2.9000000953674316,1438500,0.0,0.0
2022-09-20 00:00:00-04:00,2.859999895095825,2.9200000762939453,2.799999952316284,2.809999942779541,1186400,0.0,0.0
2022-09-21 00:00:00-04:00,2.8299999237060547,2.859999895095825,2.700000047683716,2.7200000286102295,1496400,0.0,0.0
2022-09-22 00:00:00-04:00,2.700000047683716,2.700000047683716,2.5399999618530273,2.559999942779541,2443400,0.0,0.0
2022-09-23 00:00:00-04:00,2.5299999713897705,2.559999942779541,2.359999895095825,2.380000114440918,2221700,0.0,0.0
2022-09-26 00:00:00-04:00,2.4100000858306885,2.509999990463257,2.319999933242798,2.319999933242798,2033500,0.0,0.0
2022-09-27 00:00:00-04:00,2.359999895095825,2.430000066757202,2.2100000381469727,2.2300000190734863,2427300,0.0,0.0
2022-09-28 00:00:00-04:00,2.2699999809265137,2.5,2.259999990463257,2.450000047683716,2986500,0.0,0.0
2022-09-29 00:00:00-04:00,2.390000104904175,2.390000104904175,2.180000066757202,2.259999990463257,2926700,0.0,0.0
2022-09-30 00:00:00-04:00,2.2799999713897705,2.3499999046325684,2.140000104904175,2.1500000953674316,1486700,0.0,0.0
2022-10-03 00:00:00-04:00,2.200000047683716,2.2899999618530273,2.140000104904175,2.2200000286102295,2343000,0.0,0.0
2022-10-04 00:00:00-04:00,2.259999990463257,2.5399999618530273,2.25,2.4800000190734863,2587000,0.0,0.0
2022-10-05 00:00:00-04:00,2.4000000953674316,2.440000057220459,2.2699999809265137,2.4000000953674316,2269900,0.0,0.0
2022-10-06 00:00:00-04:00,2.369999885559082,2.4000000953674316,2.1600000858306885,2.180000066757202,1875200,0.0,0.0
2022-10-07 00:00:00-04:00,2.1500000953674316,2.1500000953674316,2.0199999809265137,2.069999933242798,2991400,0.0,0.0
2022-10-10 00:00:00-04:00,2.059999942779541,2.1700000762939453,2.0399999618530273,2.0799999237060547,1420900,0.0,0.0
2022-10-11 00:00:00-04:00,2.119999885559082,2.25,2.0299999713897705,2.180000066757202,1619400,0.0,0.0
2022-10-12 00:00:00-04:00,2.1700000762939453,2.190000057220459,2.0999999046325684,2.1500000953674316,1208000,0.0,0.0
2022-10-13 00:00:00-04:00,2.069999933242798,2.259999990463257,1.9800000190734863,2.2300000190734863,2005800,0.0,0.0
2022-10-14 00:00:00-04:00,2.25,2.3299999237060547,2.180000066757202,2.190000057220459,1204100,0.0,0.0
2022-10-17 00:00:00-04:00,2.2300000190734863,2.4100000858306885,2.2100000381469727,2.3499999046325684,2364300,0.0,0.0
2022-10-18 00:00:00-04:00,2.430000066757202,2.5399999618530273,2.3499999046325684,2.380000114440918,1635700,0.0,0.0
2022-10-19 00:00:00-04:00,2.359999895095825,2.4100000858306885,2.259999990463257,2.309999942779541,1477900,0.0,0.0
2022-10-20 00:00:00-04:00,2.299999952316284,2.4600000381469727,2.299999952316284,2.380000114440918,1815000,0.0,0.0
2022-10-21 00:00:00-04:00,2.130000114440918,2.1700000762939453,1.8799999952316284,2.049999952316284,6255000,0.0,0.0
2022-10-24 00:00:00-04:00,2.1500000953674316,2.1700000762939453,1.9800000190734863,2.0799999237060547,3495300,0.0,0.0
2022-10-25 00:00:00-04:00,2.069999933242798,2.2300000190734863,2.049999952316284,2.119999885559082,3500900,0.0,0.0
2022-10-26 00:00:00-04:00,2.190000057220459,2.5299999713897705,2.190000057220459,2.299999952316284,4050400,0.0,0.0
2022-10-27 00:00:00-04:00,2.390000104904175,2.940000057220459,2.2899999618530273,2.9000000953674316,8350100,0.0,0.0
2022-10-28 00:00:00-04:00,2.869999885559082,3.059999942779541,2.6700000762939453,3.0299999713897705,4596200,0.0,0.0
2022-10-31 00:00:00-04:00,3.0199999809265137,3.190000057220459,2.869999885559082,2.869999885559082,4577800,0.0,0.0
2022-11-01 00:00:00-04:00,2.890000104904175,3.2899999618530273,2.869999885559082,3.259999990463257,3915400,0.0,0.0
2022-11-02 00:00:00-04:00,3.25,3.25,2.9000000953674316,2.9600000381469727,4707400,0.0,0.0
2022-11-03 00:00:00-04:00,2.940000057220459,2.9600000381469727,2.740000009536743,2.819999933242798,1834200,0.0,0.0
2022-11-04 00:00:00-04:00,2.859999895095825,3.0199999809265137,2.7200000286102295,2.940000057220459,2163300,0.0,0.0
2022-11-07 00:00:00-05:00,2.9600000381469727,3.0199999809265137,2.819999933242798,2.930000066757202,1386900,0.0,0.0
2022-11-08 00:00:00-05:00,2.940000057220459,3.119999885559082,2.9200000762939453,3.049999952316284,1556900,0.0,0.0
2022-11-09 00:00:00-05:00,3.0,3.0,2.680000066757202,2.700000047683716,1964700,0.0,0.0
2022-11-10 00:00:00-05:00,2.930000066757202,3.3499999046325684,2.9100000858306885,3.2200000286102295,2857300,0.0,0.0
2022-11-11 00:00:00-05:00,3.25,3.4000000953674316,3.140000104904175,3.3499999046325684,2201800,0.0,0.0
2022-11-14 00:00:00-05:00,3.3399999141693115,3.430000066757202,3.109999895095825,3.200000047683716,2083700,0.0,0.0
2022-11-15 00:00:00-05:00,3.319999933242798,3.559999942779541,3.2899999618530273,3.430000066757202,1410700,0.0,0.0
2022-11-16 00:00:00-05:00,3.4100000858306885,3.440000057220459,3.1600000858306885,3.1700000762939453,1360700,0.0,0.0
2022-11-17 00:00:00-05:00,3.119999885559082,3.25,3.049999952316284,3.2200000286102295,906500,0.0,0.0
2022-11-18 00:00:00-05:00,3.299999952316284,3.4000000953674316,3.259999990463257,3.3399999141693115,1132800,0.0,0.0
2022-11-21 00:00:00-05:00,3.3399999141693115,3.3399999141693115,3.0799999237060547,3.140000104904175,1011600,0.0,0.0
2022-11-22 00:00:00-05:00,3.190000057220459,3.309999942779541,3.1500000953674316,3.2699999809265137,840800,0.0,0.0
2022-11-23 00:00:00-05:00,3.190000057220459,3.450000047683716,3.190000057220459,3.390000104904175,1268700,0.0,0.0
2022-11-25 00:00:00-05:00,3.4000000953674316,3.5799999237060547,3.380000114440918,3.5799999237060547,667200,0.0,0.0
2022-11-28 00:00:00-05:00,3.5299999713897705,3.5299999713897705,3.0299999713897705,3.059999942779541,4313800,0.0,0.0
2022-11-29 00:00:00-05:00,3.069999933242798,3.2899999618530273,3.0299999713897705,3.140000104904175,1755400,0.0,0.0
2022-11-30 00:00:00-05:00,3.140000104904175,3.430000066757202,3.0199999809265137,3.430000066757202,3460600,0.0,0.0
2022-12-01 00:00:00-05:00,3.450000047683716,3.640000104904175,3.3499999046325684,3.369999885559082,3176800,0.0,0.0
2022-12-02 00:00:00-05:00,3.25,3.5,3.140000104904175,3.450000047683716,2086200,0.0,0.0
2022-12-05 00:00:00-05:00,3.380000114440918,3.440000057220459,3.259999990463257,3.309999942779541,1653100,0.0,0.0
2022-12-06 00:00:00-05:00,3.299999952316284,3.4200000762939453,3.240000009536743,3.359999895095825,2015100,0.0,0.0
2022-12-07 00:00:00-05:00,3.359999895095825,3.7100000381469727,3.3299999237060547,3.509999990463257,3981300,0.0,0.0
2022-12-08 00:00:00-05:00,3.5899999141693115,3.8499999046325684,3.4600000381469727,3.5899999141693115,3604600,0.0,0.0
2022-12-09 00:00:00-05:00,3.5899999141693115,3.8499999046325684,3.549999952316284,3.5799999237060547,3208500,0.0,0.0
2022-12-12 00:00:00-05:00,3.5199999809265137,3.549999952316284,3.2100000381469727,3.5,3037500,0.0,0.0
2022-12-13 00:00:00-05:00,3.7100000381469727,3.940000057220459,3.6700000762939453,3.869999885559082,3642300,0.0,0.0
2022-12-14 00:00:00-05:00,3.809999942779541,3.9600000381469727,3.609999895095825,3.7300000190734863,1882200,0.0,0.0
2022-12-15 00:00:00-05:00,3.609999895095825,3.690000057220459,3.5,3.549999952316284,1777700,0.0,0.0
2022-12-16 00:00:00-05:00,3.4700000286102295,3.8299999237060547,3.4000000953674316,3.809999942779541,9532100,0.0,0.0
2022-12-19 00:00:00-05:00,3.759999990463257,3.819999933242798,3.6600000858306885,3.7300000190734863,1410600,0.0,0.0
2022-12-20 00:00:00-05:00,3.700000047683716,3.869999885559082,3.630000114440918,3.8299999237060547,2606700,0.0,0.0
2022-12-21 00:00:00-05:00,3.890000104904175,3.9800000190734863,3.809999942779541,3.8299999237060547,1687000,0.0,0.0
2022-12-22 00:00:00-05:00,3.799999952316284,3.9100000858306885,3.6600000858306885,3.9000000953674316,3237700,0.0,0.0
2022-12-23 00:00:00-05:00,3.9000000953674316,3.9200000762939453,3.7899999618530273,3.880000114440918,973400,0.0,0.0
2022-12-27 00:00:00-05:00,3.9100000858306885,4.050000190734863,3.7899999618530273,4.019999980926514,1384800,0.0,0.0
2022-12-28 00:00:00-05:00,4.010000228881836,4.099999904632568,3.8499999046325684,3.890000104904175,1696400,0.0,0.0
2022-12-29 00:00:00-05:00,3.940000057220459,4.289999961853027,3.940000057220459,4.28000020980835,2268600,0.0,0.0
2022-12-30 00:00:00-05:00,4.159999847412109,4.340000152587891,4.099999904632568,4.320000171661377,1565500,0.0,0.0
2023-01-03 00:00:00-05:00,4.480000019073486,4.590000152587891,4.21999979019165,4.400000095367432,2363000,0.0,0.0
2023-01-04 00:00:00-05:00,4.449999809265137,4.900000095367432,4.420000076293945,4.639999866485596,2339100,0.0,0.0
2023-01-05 00:00:00-05:00,4.579999923706055,4.760000228881836,4.510000228881836,4.639999866485596,1322000,0.0,0.0
2023-01-06 00:00:00-05:00,4.699999809265137,4.880000114440918,4.659999847412109,4.760000228881836,4480300,0.0,0.0
2023-01-09 00:00:00-05:00,4.880000114440918,4.949999809265137,4.559999942779541,4.570000171661377,3829700,0.0,0.0
2023-01-10 00:00:00-05:00,4.539999961853027,4.820000171661377,4.539999961853027,4.690000057220459,1182400,0.0,0.0
2023-01-11 00:00:00-05:00,4.670000076293945,4.78000020980835,4.550000190734863,4.650000095367432,3189800,0.0,0.0
2023-01-12 00:00:00-05:00,4.650000095367432,4.75,4.570000171661377,4.679999828338623,946500,0.0,0.0
2023-01-13 00:00:00-05:00,4.650000095367432,4.730000019073486,4.559999942779541,4.599999904632568,893500,0.0,0.0
2023-01-17 00:00:00-05:00,4.590000152587891,4.659999847412109,4.409999847412109,4.610000133514404,2535000,0.0,0.0
2023-01-18 00:00:00-05:00,4.659999847412109,4.760000228881836,4.409999847412109,4.429999828338623,1098300,0.0,0.0
2023-01-19 00:00:00-05:00,4.340000152587891,4.679999828338623,4.309999942779541,4.400000095367432,2946700,0.0,0.0
2023-01-20 00:00:00-05:00,4.440000057220459,4.800000190734863,4.260000228881836,4.710000038146973,3176100,0.0,0.0
2023-01-23 00:00:00-05:00,4.800000190734863,4.900000095367432,4.710000038146973,4.75,2351600,0.0,0.0
2023-01-24 00:00:00-05:00,4.690000057220459,4.739999771118164,4.409999847412109,4.440000057220459,4111000,0.0,0.0
2023-01-25 00:00:00-05:00,4.389999866485596,4.800000190734863,4.349999904632568,4.739999771118164,3466100,0.0,0.0
2023-01-26 00:00:00-05:00,4.789999961853027,4.829999923706055,4.46999979019165,4.679999828338623,3690400,0.0,0.0
2023-01-27 00:00:00-05:00,4.610000133514404,5.010000228881836,4.5,4.920000076293945,3245900,0.0,0.0
2023-01-30 00:00:00-05:00,4.900000095367432,4.989999771118164,4.769999980926514,4.789999961853027,2717800,0.0,0.0
2023-01-31 00:00:00-05:00,4.840000152587891,5.309999942779541,4.840000152587891,5.21999979019165,4412300,0.0,0.0
2023-02-01 00:00:00-05:00,5.190000057220459,5.599999904632568,5.159999847412109,5.46999979019165,5076900,0.0,0.0
2023-02-02 00:00:00-05:00,5.590000152587891,5.699999809265137,5.409999847412109,5.619999885559082,4481000,0.0,0.0
2023-02-03 00:00:00-05:00,5.5,5.570000171661377,5.28000020980835,5.329999923706055,2419700,0.0,0.0
2023-02-06 00:00:00-05:00,5.260000228881836,5.300000190734863,5.090000152587891,5.170000076293945,1603200,0.0,0.0
2023-02-07 00:00:00-05:00,5.139999866485596,5.239999771118164,5.010000228881836,5.199999809265137,2680100,0.0,0.0
2023-02-08 00:00:00-05:00,5.110000133514404,5.300000190734863,5.079999923706055,5.139999866485596,1417200,0.0,0.0
2023-02-09 00:00:00-05:00,5.21999979019165,5.300000190734863,5.019999980926514,5.079999923706055,1669500,0.0,0.0
2023-02-10 00:00:00-05:00,5.03000020980835,5.210000038146973,4.960000038146973,5.190000057220459,1200900,0.0,0.0
2023-02-13 00:00:00-05:00,5.210000038146973,5.230000019073486,5.119999885559082,5.179999828338623,947700,0.0,0.0
2023-02-14 00:00:00-05:00,5.119999885559082,5.150000095367432,4.940000057220459,5.079999923706055,1727500,0.0,0.0
2023-02-15 00:00:00-05:00,4.980000019073486,5.099999904632568,4.940000057220459,5.079999923706055,1485800,0.0,0.0
2023-02-16 00:00:00-05:00,5.889999866485596,8.010000228881836,5.840000152587891,7.739999771118164,19607000,0.0,0.0
2023-02-17 00:00:00-05:00,7.809999942779541,8.0,7.389999866485596,7.940000057220459,4982900,0.0,0.0
2023-02-21 00:00:00-05:00,7.820000171661377,7.989999771118164,6.650000095367432,6.710000038146973,7694200,0.0,0.0
2023-02-22 00:00:00-05:00,6.789999961853027,7.019999980926514,6.71999979019165,6.849999904632568,2953300,0.0,0.0
2023-02-23 00:00:00-05:00,6.980000019073486,6.980000019073486,6.420000076293945,6.639999866485596,2426000,0.0,0.0
2023-02-24 00:00:00-05:00,6.519999980926514,6.519999980926514,6.25,6.300000190734863,2380700,0.0,0.0
2023-02-27 00:00:00-05:00,6.349999904632568,6.429999828338623,6.050000190734863,6.190000057220459,1681700,0.0,0.0
2023-02-28 00:00:00-05:00,6.139999866485596,6.199999809265137,6.0,6.059999942779541,1932500,0.0,0.0
2023-03-01 00:00:00-05:00,6.159999847412109,6.400000095367432,6.079999923706055,6.150000095367432,3035900,0.0,0.0
2023-03-02 00:00:00-05:00,6.0,6.110000133514404,5.769999980926514,5.800000190734863,1957500,0.0,0.0
2023-03-03 00:00:00-05:00,5.809999942779541,6.28000020980835,5.800000190734863,6.199999809265137,2763800,0.0,0.0
2023-03-06 00:00:00-05:00,6.199999809265137,6.25,5.889999866485596,6.019999980926514,2363100,0.0,0.0
2023-03-07 00:00:00-05:00,6.010000228881836,6.03000020980835,5.789999961853027,5.909999847412109,3143700,0.0,0.0
2023-03-08 00:00:00-05:00,5.900000095367432,5.900000095367432,5.690000057220459,5.78000020980835,1129100,0.0,0.0
2023-03-09 00:00:00-05:00,5.800000190734863,5.809999942779541,5.409999847412109,5.440000057220459,1495600,0.0,0.0
2023-03-10 00:00:00-05:00,5.409999847412109,5.409999847412109,5.03000020980835,5.260000228881836,2089500,0.0,0.0
2023-03-13 00:00:00-04:00,5.090000152587891,5.21999979019165,4.900000095367432,5.159999847412109,2187500,0.0,0.0
2023-03-14 00:00:00-04:00,5.389999866485596,5.510000228881836,5.300000190734863,5.400000095367432,1673500,0.0,0.0
2023-03-15 00:00:00-04:00,5.170000076293945,5.269999980926514,4.960000038146973,5.099999904632568,1842600,0.0,0.0
2023-03-16 00:00:00-04:00,5.050000190734863,5.440000057220459,5.0,5.380000114440918,1363400,0.0,0.0
2023-03-17 00:00:00-04:00,5.269999980926514,5.269999980926514,5.0,5.050000190734863,6223000,0.0,0.0
2023-03-20 00:00:00-04:00,5.119999885559082,5.289999961853027,5.079999923706055,5.179999828338623,2197200,0.0,0.0
2023-03-21 00:00:00-04:00,5.389999866485596,5.449999809265137,5.070000171661377,5.210000038146973,1795300,0.0,0.0
2023-03-22 00:00:00-04:00,5.230000019073486,5.260000228881836,4.949999809265137,4.949999809265137,1202800,0.0,0.0
2023-03-23 00:00:00-04:00,4.980000019073486,4.989999771118164,4.579999923706055,4.630000114440918,1633000,0.0,0.0
2023-03-24 00:00:00-04:00,4.510000228881836,4.630000114440918,4.400000095367432,4.579999923706055,940900,0.0,0.0
2023-03-27 00:00:00-04:00,4.710000038146973,4.78000020980835,4.610000133514404,4.739999771118164,984600,0.0,0.0
2023-03-28 00:00:00-04:00,4.670000076293945,4.829999923706055,4.639999866485596,4.650000095367432,1134500,0.0,0.0
2023-03-29 00:00:00-04:00,4.769999980926514,4.880000114440918,4.679999828338623,4.71999979019165,990600,0.0,0.0
2023-03-30 00:00:00-04:00,4.809999942779541,4.889999866485596,4.800000190734863,4.820000171661377,1154100,0.0,0.0
2023-03-31 00:00:00-04:00,4.869999885559082,4.960000038146973,4.840000152587891,4.900000095367432,1253200,0.0,0.0
2023-04-03 00:00:00-04:00,4.929999828338623,5.199999809265137,4.800000190734863,4.820000171661377,2138600,0.0,0.0
2023-04-04 00:00:00-04:00,4.869999885559082,4.96999979019165,4.75,4.929999828338623,1237900,0.0,0.0
2023-04-05 00:00:00-04:00,4.840000152587891,4.920000076293945,4.71999979019165,4.849999904632568,1375400,0.0,0.0
2023-04-06 00:00:00-04:00,4.909999847412109,4.929999828338623,4.800000190734863,4.880000114440918,1072700,0.0,0.0
2023-04-10 00:00:00-04:00,4.860000133514404,5.099999904632568,4.809999942779541,5.070000171661377,1293400,0.0,0.0
2023-04-11 00:00:00-04:00,5.110000133514404,5.360000133514404,5.090000152587891,5.199999809265137,1010700,0.0,0.0
2023-04-12 00:00:00-04:00,5.28000020980835,5.360000133514404,5.179999828338623,5.28000020980835,1618200,0.0,0.0
2023-04-13 00:00:00-04:00,5.329999923706055,5.369999885559082,5.239999771118164,5.289999961853027,1241700,0.0,0.0
2023-04-14 00:00:00-04:00,5.309999942779541,5.400000095367432,5.190000057220459,5.21999979019165,960400,0.0,0.0
2023-04-17 00:00:00-04:00,5.199999809265137,5.230000019073486,5.03000020980835,5.090000152587891,776600,0.0,0.0
2023-04-18 00:00:00-04:00,5.099999904632568,5.159999847412109,5.010000228881836,5.019999980926514,1411000,0.0,0.0
2023-04-19 00:00:00-04:00,5.010000228881836,5.170000076293945,4.960000038146973,5.159999847412109,1211400,0.0,0.0
2023-04-20 00:00:00-04:00,5.079999923706055,5.139999866485596,5.0,5.099999904632568,1329000,0.0,0.0
2023-04-21 00:00:00-04:00,5.360000133514404,5.949999809265137,5.360000133514404,5.900000095367432,3148700,0.0,0.0
2023-04-24 00:00:00-04:00,5.860000133514404,6.130000114440918,5.789999961853027,5.929999828338623,1900500,0.0,0.0
2023-04-25 00:00:00-04:00,6.150000095367432,6.230000019073486,5.860000133514404,5.909999847412109,2186100,0.0,0.0
2023-04-26 00:00:00-04:00,5.860000133514404,5.920000076293945,5.679999828338623,5.860000133514404,1993900,0.0,0.0
2023-04-27 00:00:00-04:00,5.889999866485596,5.960000038146973,5.739999771118164,5.929999828338623,1447900,0.0,0.0
2023-04-28 00:00:00-04:00,5.929999828338623,6.409999847412109,5.900000095367432,6.340000152587891,3087300,0.0,0.0
2023-05-01 00:00:00-04:00,6.25,6.53000020980835,6.179999828338623,6.230000019073486,2162300,0.0,0.0
2023-05-02 00:00:00-04:00,3.9100000858306885,4.210000038146973,3.4600000381469727,3.809999942779541,7885100,0.0,0.0
2023-05-03 00:00:00-04:00,3.8399999141693115,3.880000114440918,3.440000057220459,3.619999885559082,4010300,0.0,0.0
2023-05-04 00:00:00-04:00,3.630000114440918,3.630000114440918,3.390000104904175,3.5899999141693115,2784600,0.0,0.0
2023-05-05 00:00:00-04:00,3.6700000762939453,3.859999895095825,3.619999885559082,3.6600000858306885,1892700,0.0,0.0
2023-05-08 00:00:00-04:00,3.6500000953674316,3.690000057220459,3.4600000381469727,3.4800000190734863,1535400,0.0,0.0
2023-05-09 00:00:00-04:00,3.4600000381469727,3.5399999618530273,3.3299999237060547,3.450000047683716,1614500,0.0,0.0
2023-05-10 00:00:00-04:00,3.5199999809265137,3.619999885559082,3.490000009536743,3.5999999046325684,1116600,0.0,0.0
2023-05-11 00:00:00-04:00,3.569999933242798,3.609999895095825,3.509999990463257,3.549999952316284,1179300,0.0,0.0
2023-05-12 00:00:00-04:00,3.5999999046325684,3.5999999046325684,3.4100000858306885,3.5,1630500,0.0,0.0
2023-05-15 00:00:00-04:00,3.4700000286102295,3.5399999618530273,3.450000047683716,3.509999990463257,982900,0.0,0.0
2023-05-16 00:00:00-04:00,3.4700000286102295,3.4800000190734863,3.4000000953674316,3.430000066757202,1387000,0.0,0.0
2023-05-17 00:00:00-04:00,3.4600000381469727,3.640000104904175,3.3299999237060547,3.609999895095825,2016400,0.0,0.0
2023-05-18 00:00:00-04:00,3.5999999046325684,3.609999895095825,3.4700000286102295,3.559999942779541,1693700,0.0,0.0
2023-05-19 00:00:00-04:00,3.609999895095825,3.619999885559082,3.450000047683716,3.4700000286102295,1645300,0.0,0.0
2023-05-22 00:00:00-04:00,3.4700000286102295,3.4800000190734863,3.4000000953674316,3.430000066757202,1238900,0.0,0.0
2023-05-23 00:00:00-04:00,3.4100000858306885,3.4800000190734863,3.2100000381469727,3.2300000190734863,1959000,0.0,0.0
2023-05-24 00:00:00-04:00,3.190000057220459,3.200000047683716,3.0399999618530273,3.0899999141693115,1491100,0.0,0.0
2023-05-25 00:00:00-04:00,3.069999933242798,3.130000114440918,2.9800000190734863,3.069999933242798,1124200,0.0,0.0
2023-05-26 00:00:00-04:00,3.0299999713897705,3.119999885559082,3.0199999809265137,3.069999933242798,885300,0.0,0.0
2023-05-30 00:00:00-04:00,3.069999933242798,3.240000009536743,3.069999933242798,3.200000047683716,1595500,0.0,0.0
2023-05-31 00:00:00-04:00,3.180000066757202,3.299999952316284,3.0999999046325684,3.2699999809265137,1735100,0.0,0.0
2023-06-01 00:00:00-04:00,3.2699999809265137,3.390000104904175,3.25,3.3399999141693115,1251900,0.0,0.0
2023-06-02 00:00:00-04:00,3.450000047683716,3.799999952316284,3.440000057220459,3.7699999809265137,2905100,0.0,0.0
2023-06-05 00:00:00-04:00,3.759999990463257,4.050000190734863,3.740000009536743,4.0,1991400,0.0,0.0
2023-06-06 00:00:00-04:00,4.019999980926514,4.039999961853027,3.759999990463257,3.8399999141693115,2084100,0.0,0.0
2023-06-07 00:00:00-04:00,3.950000047683716,4.03000020980835,3.809999942779541,3.8399999141693115,1774100,0.0,0.0
2023-06-08 00:00:00-04:00,3.8399999141693115,3.8499999046325684,3.6600000858306885,3.75,1258000,0.0,0.0
2023-06-09 00:00:00-04:00,3.7799999713897705,3.7799999713897705,3.680000066757202,3.700000047683716,598300,0.0,0.0
2023-06-12 00:00:00-04:00,3.7200000286102295,3.940000057220459,3.7200000286102295,3.9100000858306885,1292500,0.0,0.0
2023-06-13 00:00:00-04:00,3.9000000953674316,4.21999979019165,3.890000104904175,4.099999904632568,1243200,0.0,0.0
2023-06-14 00:00:00-04:00,4.650000095367432,4.730000019073486,4.139999866485596,4.150000095367432,2949100,0.0,0.0
2023-06-15 00:00:00-04:00,4.130000114440918,4.210000038146973,4.059999942779541,4.079999923706055,1424400,0.0,0.0
2023-06-16 00:00:00-04:00,4.190000057220459,4.510000228881836,4.159999847412109,4.21999979019165,6043400,0.0,0.0
2023-06-20 00:00:00-04:00,4.21999979019165,4.28000020980835,4.110000133514404,4.159999847412109,1159800,0.0,0.0
2023-06-21 00:00:00-04:00,4.119999885559082,4.159999847412109,4.050000190734863,4.079999923706055,1037100,0.0,0.0
2023-06-22 00:00:00-04:00,4.059999942779541,4.090000152587891,3.990000009536743,4.010000228881836,872900,0.0,0.0
2023-06-23 00:00:00-04:00,3.950000047683716,3.990000009536743,3.700000047683716,3.7699999809265137,3538900,0.0,0.0
2023-06-26 00:00:00-04:00,3.7699999809265137,4.070000171661377,3.7699999809265137,3.990000009536743,1369900,0.0,0.0
2023-06-27 00:00:00-04:00,3.9800000190734863,4.239999771118164,3.9700000286102295,4.190000057220459,962200,0.0,0.0
2023-06-28 00:00:00-04:00,4.170000076293945,4.269999980926514,4.079999923706055,4.210000038146973,825400,0.0,0.0
2023-06-29 00:00:00-04:00,4.260000228881836,4.309999942779541,4.21999979019165,4.230000019073486,650600,0.0,0.0
2023-06-30 00:00:00-04:00,4.28000020980835,4.539999961853027,4.239999771118164,4.400000095367432,1405300,0.0,0.0
2023-07-03 00:00:00-04:00,4.400000095367432,4.5,4.309999942779541,4.5,956700,0.0,0.0
2023-07-05 00:00:00-04:00,4.5,4.510000228881836,4.340000152587891,4.340000152587891,1333500,0.0,0.0
2023-07-06 00:00:00-04:00,4.400000095367432,4.409999847412109,4.159999847412109,4.25,878200,0.0,0.0
2023-07-07 00:00:00-04:00,4.239999771118164,4.5,4.239999771118164,4.409999847412109,2348300,0.0,0.0
2023-07-10 00:00:00-04:00,4.400000095367432,4.619999885559082,4.369999885559082,4.559999942779541,845100,0.0,0.0
2023-07-11 00:00:00-04:00,4.630000114440918,4.670000076293945,4.5,4.53000020980835,749000,0.0,0.0
2023-07-12 00:00:00-04:00,4.670000076293945,4.699999809265137,4.53000020980835,4.539999961853027,820300,0.0,0.0
2023-07-13 00:00:00-04:00,4.579999923706055,4.590000152587891,4.409999847412109,4.409999847412109,772400,0.0,0.0
2023-07-14 00:00:00-04:00,4.400000095367432,4.46999979019165,4.289999961853027,4.369999885559082,665700,0.0,0.0
2023-07-17 00:00:00-04:00,4.349999904632568,4.449999809265137,4.309999942779541,4.420000076293945,901100,0.0,0.0
2023-07-18 00:00:00-04:00,4.440000057220459,4.590000152587891,4.409999847412109,4.429999828338623,642500,0.0,0.0
2023-07-19 00:00:00-04:00,4.460000038146973,4.610000133514404,4.429999828338623,4.590000152587891,990300,0.0,0.0
2023-07-20 00:00:00-04:00,4.610000133514404,4.659999847412109,4.429999828338623,4.440000057220459,782900,0.0,0.0
2023-07-21 00:00:00-04:00,4.510000228881836,4.559999942779541,4.309999942779541,4.369999885559082,1035900,0.0,0.0
2023-07-24 00:00:00-04:00,4.340000152587891,4.510000228881836,4.320000171661377,4.429999828338623,645200,0.0,0.0
2023-07-25 00:00:00-04:00,4.449999809265137,4.550000190734863,4.349999904632568,4.519999980926514,820900,0.0,0.0
2023-07-26 00:00:00-04:00,4.489999771118164,4.690000057220459,4.440000057220459,4.489999771118164,1284900,0.0,0.0
2023-07-27 00:00:00-04:00,4.53000020980835,4.550000190734863,4.269999980926514,4.329999923706055,1387300,0.0,0.0
2023-07-28 00:00:00-04:00,4.400000095367432,4.440000057220459,4.239999771118164,4.28000020980835,2092200,0.0,0.0
2023-07-31 00:00:00-04:00,4.320000171661377,4.449999809265137,4.320000171661377,4.389999866485596,1078100,0.0,0.0
2023-08-01 00:00:00-04:00,4.389999866485596,4.519999980926514,4.320000171661377,4.400000095367432,1863500,0.0,0.0
2023-08-02 00:00:00-04:00,4.309999942779541,4.369999885559082,4.099999904632568,4.139999866485596,1768800,0.0,0.0
2023-08-03 00:00:00-04:00,4.559999942779541,5.199999809265137,4.559999942779541,4.920000076293945,4955200,0.0,0.0
2023-08-04 00:00:00-04:00,4.960000038146973,5.0,4.480000019073486,4.519999980926514,1965200,0.0,0.0
2023-08-07 00:00:00-04:00,4.510000228881836,4.510000228881836,4.0,4.03000020980835,2648500,0.0,0.0
2023-08-08 00:00:00-04:00,4.050000190734863,4.079999923706055,3.75,3.759999990463257,2087300,0.0,0.0
2023-08-09 00:00:00-04:00,3.75,3.799999952316284,3.5999999046325684,3.7899999618530273,1686300,0.0,0.0
2023-08-10 00:00:00-04:00,3.759999990463257,3.8299999237060547,3.7300000190734863,3.75,1889700,0.0,0.0
2023-08-11 00:00:00-04:00,3.7200000286102295,3.8299999237060547,3.6600000858306885,3.7899999618530273,1240200,0.0,0.0
2023-08-14 00:00:00-04:00,3.75,3.7699999809265137,3.619999885559082,3.680000066757202,826600,0.0,0.0
2023-08-15 00:00:00-04:00,3.6500000953674316,3.6700000762939453,3.490000009536743,3.509999990463257,971600,0.0,0.0
2023-08-16 00:00:00-04:00,3.509999990463257,3.609999895095825,3.4100000858306885,3.4200000762939453,1482100,0.0,0.0
2023-08-17 00:00:00-04:00,3.4600000381469727,3.4800000190734863,3.2699999809265137,3.309999942779541,1237500,0.0,0.0
2023-08-18 00:00:00-04:00,3.240000009536743,3.4000000953674316,3.240000009536743,3.3299999237060547,1386500,0.0,0.0
2023-08-21 00:00:00-04:00,3.299999952316284,3.359999895095825,3.2100000381469727,3.25,916400,0.0,0.0
2023-08-22 00:00:00-04:00,3.259999990463257,3.299999952316284,3.200000047683716,3.2200000286102295,1373500,0.0,0.0
2023-08-23 00:00:00-04:00,3.240000009536743,3.299999952316284,3.200000047683716,3.2899999618530273,1032700,0.0,0.0
2023-08-24 00:00:00-04:00,3.259999990463257,3.3499999046325684,3.2100000381469727,3.259999990463257,1045800,0.0,0.0
2023-08-25 00:00:00-04:00,3.259999990463257,3.319999933242798,3.119999885559082,3.259999990463257,979600,0.0,0.0
2023-08-28 00:00:00-04:00,3.299999952316284,3.369999885559082,3.25,3.2899999618530273,725800,0.0,0.0
2023-08-29 00:00:00-04:00,3.299999952316284,3.4100000858306885,3.2799999713897705,3.390000104904175,859000,0.0,0.0
2023-08-30 00:00:00-04:00,3.4000000953674316,3.5399999618530273,3.390000104904175,3.430000066757202,847900,0.0,0.0
2023-08-31 00:00:00-04:00,3.430000066757202,3.4800000190734863,3.319999933242798,3.380000114440918,1006900,0.0,0.0
2023-09-01 00:00:00-04:00,3.440000057220459,3.5899999141693115,3.4200000762939453,3.569999933242798,1434200,0.0,0.0
2023-09-05 00:00:00-04:00,3.509999990463257,3.509999990463257,3.3499999046325684,3.369999885559082,1319200,0.0,0.0
2023-09-06 00:00:00-04:00,3.369999885559082,3.4200000762939453,3.2899999618530273,3.3299999237060547,983400,0.0,0.0
2023-09-07 00:00:00-04:00,3.309999942779541,3.3299999237060547,3.130000114440918,3.140000104904175,1659100,0.0,0.0
2023-09-08 00:00:00-04:00,3.130000114440918,3.190000057220459,3.0899999141693115,3.140000104904175,883800,0.0,0.0
2023-09-11 00:00:00-04:00,3.1500000953674316,3.1700000762939453,3.049999952316284,3.069999933242798,1124500,0.0,0.0
2023-09-12 00:00:00-04:00,3.059999942779541,3.0999999046325684,3.0199999809265137,3.0299999713897705,855700,0.0,0.0
2023-09-13 00:00:00-04:00,3.0199999809265137,3.200000047683716,3.0199999809265137,3.059999942779541,986600,0.0,0.0
2023-09-14 00:00:00-04:00,3.130000114440918,3.2200000286102295,3.0999999046325684,3.1600000858306885,849600,0.0,0.0
2023-09-15 00:00:00-04:00,3.180000066757202,3.200000047683716,3.049999952316284,3.119999885559082,2669100,0.0,0.0
2023-09-18 00:00:00-04:00,3.119999885559082,3.180000066757202,3.049999952316284,3.119999885559082,754300,0.0,0.0
2023-09-19 00:00:00-04:00,3.119999885559082,3.1700000762939453,2.990000009536743,3.009999990463257,919700,0.0,0.0
2023-09-20 00:00:00-04:00,3.0399999618530273,3.130000114440918,2.9800000190734863,2.9800000190734863,681200,0.0,0.0
2023-09-21 00:00:00-04:00,2.950000047683716,3.009999990463257,2.869999885559082,2.880000114440918,993800,0.0,0.0
2023-09-22 00:00:00-04:00,2.930000066757202,2.930000066757202,2.759999990463257,2.7799999713897705,910400,0.0,0.0
2023-09-25 00:00:00-04:00,2.7899999618530273,2.9000000953674316,2.7699999809265137,2.8399999141693115,740800,0.0,0.0
2023-09-26 00:00:00-04:00,2.799999952316284,2.9100000858306885,2.690000057220459,2.700000047683716,1038100,0.0,0.0
2023-09-27 00:00:00-04:00,2.759999990463257,2.880000114440918,2.680000066757202,2.7699999809265137,1253200,0.0,0.0
2023-09-28 00:00:00-04:00,2.7899999618530273,2.880000114440918,2.7200000286102295,2.75,1409700,0.0,0.0
2023-09-29 00:00:00-04:00,2.8399999141693115,3.0199999809265137,2.819999933242798,2.9000000953674316,2970900,0.0,0.0
2023-10-02 00:00:00-04:00,2.859999895095825,2.990000009536743,2.8299999237060547,2.9200000762939453,1338800,0.0,0.0
2023-10-03 00:00:00-04:00,2.890000104904175,2.9800000190734863,2.7699999809265137,2.9000000953674316,1931800,0.0,0.0
2023-10-04 00:00:00-04:00,2.880000114440918,2.9200000762939453,2.7799999713897705,2.869999885559082,1859000,0.0,0.0
2023-10-05 00:00:00-04:00,2.859999895095825,2.9600000381469727,2.7100000381469727,2.759999990463257,1241300,0.0,0.0
2023-10-06 00:00:00-04:00,2.809999942779541,2.8299999237060547,2.6500000953674316,2.799999952316284,1163300,0.0,0.0
2023-10-09 00:00:00-04:00,2.7699999809265137,2.819999933242798,2.740000009536743,2.7799999713897705,564900,0.0,0.0
2023-10-10 00:00:00-04:00,2.809999942779541,2.930000066757202,2.7899999618530273,2.9200000762939453,957600,0.0,0.0
2023-10-11 00:00:00-04:00,2.9100000858306885,2.9700000286102295,2.75,2.7899999618530273,1385200,0.0,0.0
2023-10-12 00:00:00-04:00,2.7799999713897705,2.819999933242798,2.619999885559082,2.6700000762939453,1414200,0.0,0.0
2023-10-13 00:00:00-04:00,2.6700000762939453,2.7100000381469727,2.5799999237060547,2.619999885559082,968300,0.0,0.0
2023-10-16 00:00:00-04:00,2.6500000953674316,2.7200000286102295,2.619999885559082,2.630000114440918,938700,0.0,0.0
2023-10-17 00:00:00-04:00,2.619999885559082,2.8399999141693115,2.619999885559082,2.799999952316284,1429200,0.0,0.0
2023-10-18 00:00:00-04:00,2.7799999713897705,2.7899999618530273,2.6700000762939453,2.700000047683716,612200,0.0,0.0
2023-10-19 00:00:00-04:00,2.6700000762939453,2.759999990463257,2.640000104904175,2.6500000953674316,814500,0.0,0.0
2023-10-20 00:00:00-04:00,2.640000104904175,2.690000057220459,2.5199999809265137,2.5199999809265137,1280400,0.0,0.0
2023-10-23 00:00:00-04:00,2.5,2.609999895095825,2.4600000381469727,2.5199999809265137,1136900,0.0,0.0
2023-10-24 00:00:00-04:00,2.4800000190734863,2.619999885559082,2.450000047683716,2.559999942779541,1190400,0.0,0.0
2023-10-25 00:00:00-04:00,2.569999933242798,2.5999999046325684,2.4000000953674316,2.4200000762939453,1597500,0.0,0.0
2023-10-26 00:00:00-04:00,2.259999990463257,2.440000057220459,2.009999990463257,2.380000114440918,3508000,0.0,0.0
2023-10-27 00:00:00-04:00,2.3399999141693115,2.3399999141693115,2.0799999237060547,2.0899999141693115,2596700,0.0,0.0
2023-10-30 00:00:00-04:00,2.1500000953674316,2.1600000858306885,2.0399999618530273,2.0999999046325684,1437500,0.0,0.0
2023-10-31 00:00:00-04:00,2.119999885559082,2.1500000953674316,2.009999990463257,2.140000104904175,4678600,0.0,0.0
2023-11-01 00:00:00-04:00,2.119999885559082,2.119999885559082,2.0399999618530273,2.069999933242798,1498100,0.0,0.0
2023-11-02 00:00:00-04:00,2.2699999809265137,2.4600000381469727,2.259999990463257,2.3399999141693115,3144700,0.0,0.0
2023-11-03 00:00:00-04:00,2.440000057220459,2.569999933242798,2.4000000953674316,2.5,1789100,0.0,0.0
2023-11-06 00:00:00-05:00,2.5399999618530273,2.559999942779541,2.440000057220459,2.4800000190734863,1405500,0.0,0.0
2023-11-07 00:00:00-05:00,2.4800000190734863,2.5999999046325684,2.4100000858306885,2.559999942779541,942300,0.0,0.0
2023-11-08 00:00:00-05:00,2.609999895095825,2.6600000858306885,2.4700000286102295,2.5,2023500,0.0,0.0
2023-11-09 00:00:00-05:00,2.559999942779541,2.569999933242798,2.3299999237060547,2.3399999141693115,1063400,0.0,0.0
2023-11-10 00:00:00-05:00,2.3299999237060547,2.450000047683716,2.2799999713897705,2.359999895095825,1148200,0.0,0.0
2023-11-13 00:00:00-05:00,2.3299999237060547,2.4600000381469727,2.2799999713897705,2.440000057220459,1037500,0.0,0.0
2023-11-14 00:00:00-05:00,2.549999952316284,2.6700000762939453,2.5399999618530273,2.609999895095825,1545500,0.0,0.0
2023-11-15 00:00:00-05:00,2.609999895095825,2.819999933242798,2.5899999141693115,2.690000057220459,1177300,0.0,0.0
2023-11-16 00:00:00-05:00,2.690000057220459,2.740000009536743,2.5999999046325684,2.6500000953674316,1005700,0.0,0.0
2023-11-17 00:00:00-05:00,2.680000066757202,2.8299999237060547,2.680000066757202,2.799999952316284,1402100,0.0,0.0
2023-11-20 00:00:00-05:00,2.7899999618530273,2.990000009536743,2.680000066757202,2.869999885559082,1279600,0.0,0.0
2023-11-21 00:00:00-05:00,2.8499999046325684,2.9000000953674316,2.809999942779541,2.809999942779541,982300,0.0,0.0
2023-11-22 00:00:00-05:00,2.869999885559082,2.9700000286102295,2.819999933242798,2.930000066757202,1661800,0.0,0.0
2023-11-24 00:00:00-05:00,2.9100000858306885,2.950000047683716,2.8399999141693115,2.869999885559082,486800,0.0,0.0
2023-11-27 00:00:00-05:00,2.869999885559082,2.890000104904175,2.75,2.759999990463257,1948000,0.0,0.0
2023-11-28 00:00:00-05:00,2.75,2.7699999809265137,2.609999895095825,2.630000114440918,1666500,0.0,0.0
2023-11-29 00:00:00-05:00,2.6700000762939453,2.7899999618530273,2.609999895095825,2.6500000953674316,1821200,0.0,0.0
2023-11-30 00:00:00-05:00,2.680000066757202,2.7100000381469727,2.559999942779541,2.569999933242798,1929600,0.0,0.0
2023-12-01 00:00:00-05:00,2.609999895095825,2.799999952316284,2.559999942779541,2.7300000190734863,3060500,0.0,0.0
2023-12-04 00:00:00-05:00,2.6500000953674316,2.8399999141693115,2.5799999237060547,2.630000114440918,4864200,0.0,0.0
2023-12-05 00:00:00-05:00,2.6500000953674316,2.690000057220459,2.440000057220459,2.490000009536743,2654600,0.0,0.0
2023-12-06 00:00:00-05:00,2.509999990463257,2.6600000858306885,2.490000009536743,2.5799999237060547,2664200,0.0,0.0
2023-12-07 00:00:00-05:00,2.609999895095825,2.6600000858306885,2.5,2.569999933242798,2670300,0.0,0.0
2023-12-08 00:00:00-05:00,2.5399999618530273,2.6600000858306885,2.5,2.6500000953674316,1921900,0.0,0.0
2023-12-11 00:00:00-05:00,2.549999952316284,2.630000114440918,2.4700000286102295,2.5299999713897705,3294700,0.0,0.0
2023-12-12 00:00:00-05:00,2.5,2.5299999713897705,2.3499999046325684,2.4000000953674316,2512600,0.0,0.0
2023-12-13 00:00:00-05:00,2.390000104904175,2.630000114440918,2.309999942779541,2.630000114440918,3322900,0.0,0.0
2023-12-14 00:00:00-05:00,2.680000066757202,3.0899999141693115,2.6600000858306885,3.069999933242798,6782500,0.0,0.0
2023-12-15 00:00:00-05:00,3.069999933242798,3.0999999046325684,2.890000104904175,2.9200000762939453,33621300,0.0,0.0
2023-12-18 00:00:00-05:00,2.9200000762939453,3.2100000381469727,2.9200000762939453,3.0799999237060547,3933600,0.0,0.0
2023-12-19 00:00:00-05:00,3.180000066757202,3.2799999713897705,3.109999895095825,3.1600000858306885,3060800,0.0,0.0
2023-12-20 00:00:00-05:00,3.180000066757202,3.3399999141693115,3.0799999237060547,3.0799999237060547,3465500,0.0,0.0
2023-12-21 00:00:00-05:00,3.1600000858306885,3.259999990463257,3.109999895095825,3.2200000286102295,1319300,0.0,0.0
2023-12-22 00:00:00-05:00,3.200000047683716,3.299999952316284,3.200000047683716,3.2899999618530273,1532000,0.0,0.0
2023-12-26 00:00:00-05:00,3.3299999237060547,3.3299999237060547,3.25,3.2899999618530273,891500,0.0,0.0
2023-12-27 00:00:00-05:00,3.2799999713897705,3.299999952316284,3.1500000953674316,3.2100000381469727,1202200,0.0,0.0
2023-12-28 00:00:00-05:00,3.180000066757202,3.2200000286102295,3.130000114440918,3.2200000286102295,932600,0.0,0.0
2023-12-29 00:00:00-05:00,3.190000057220459,3.190000057220459,3.0399999618530273,3.130000114440918,1443600,0.0,0.0
2024-01-02 00:00:00-05:00,3.0899999141693115,3.3299999237060547,3.049999952316284,3.1600000858306885,1316600,0.0,0.0
2024-01-03 00:00:00-05:00,3.119999885559082,3.390000104904175,3.109999895095825,3.369999885559082,2963000,0.0,0.0
2024-01-04 00:00:00-05:00,3.4000000953674316,3.4700000286102295,3.2699999809265137,3.2699999809265137,2142200,0.0,0.0
2024-01-05 00:00:00-05:00,3.2300000190734863,3.4600000381469727,3.200000047683716,3.380000114440918,2658400,0.0,0.0
2024-01-08 00:00:00-05:00,3.369999885559082,3.6600000858306885,3.309999942779541,3.5999999046325684,2569900,0.0,0.0
2024-01-09 00:00:00-05:00,3.5999999046325684,3.6700000762939453,3.5199999809265137,3.549999952316284,1993700,0.0,0.0
2024-01-10 00:00:00-05:00,3.5299999713897705,3.5899999141693115,3.440000057220459,3.5799999237060547,2012500,0.0,0.0
2024-01-11 00:00:00-05:00,3.559999942779541,3.7200000286102295,3.4800000190734863,3.630000114440918,1925600,0.0,0.0
2024-01-12 00:00:00-05:00,3.680000066757202,3.7899999618530273,3.5899999141693115,3.630000114440918,2328900,0.0,0.0
2024-01-16 00:00:00-05:00,3.609999895095825,3.630000114440918,3.4000000953674316,3.4700000286102295,1611600,0.0,0.0
2024-01-17 00:00:00-05:00,3.3499999046325684,3.4700000286102295,3.299999952316284,3.4600000381469727,2016900,0.0,0.0
2024-01-18 00:00:00-05:00,3.5,3.5899999141693115,3.4000000953674316,3.490000009536743,1671500,0.0,0.0
2024-01-19 00:00:00-05:00,3.549999952316284,3.7300000190734863,3.4600000381469727,3.690000057220459,1837500,0.0,0.0
2024-01-22 00:00:00-05:00,3.740000009536743,3.819999933242798,3.6700000762939453,3.740000009536743,2528100,0.0,0.0
2024-01-23 00:00:00-05:00,3.759999990463257,3.869999885559082,3.640000104904175,3.7300000190734863,1030600,0.0,0.0
2024-01-24 00:00:00-05:00,3.7699999809265137,3.819999933242798,3.619999885559082,3.6700000762939453,993500,0.0,0.0
2024-01-25 00:00:00-05:00,3.740000009536743,3.930000066757202,3.6500000953674316,3.9200000762939453,2957400,0.0,0.0
2024-01-26 00:00:00-05:00,3.9000000953674316,3.950000047683716,3.7100000381469727,3.759999990463257,1543800,0.0,0.0
2024-01-29 00:00:00-05:00,3.7300000190734863,3.8499999046325684,3.609999895095825,3.8299999237060547,1228100,0.0,0.0
2024-01-30 00:00:00-05:00,3.9000000953674316,3.9600000381469727,3.8299999237060547,3.8299999237060547,1316400,0.0,0.0
2024-01-31 00:00:00-05:00,3.799999952316284,3.9000000953674316,3.6600000858306885,3.6700000762939453,1647100,0.0,0.0
2024-02-01 00:00:00-05:00,3.700000047683716,3.8299999237060547,3.700000047683716,3.8299999237060547,1352800,0.0,0.0
2024-02-02 00:00:00-05:00,3.799999952316284,3.8399999141693115,3.6700000762939453,3.7799999713897705,986000,0.0,0.0
2024-02-05 00:00:00-05:00,3.7100000381469727,3.7100000381469727,3.559999942779541,3.6500000953674316,1384500,0.0,0.0
2024-02-06 00:00:00-05:00,3.640000104904175,3.690000057220459,3.559999942779541,3.6700000762939453,1272600,0.0,0.0
2024-02-07 00:00:00-05:00,3.690000057220459,3.690000057220459,3.609999895095825,3.640000104904175,897300,0.0,0.0
2024-02-08 00:00:00-05:00,3.6500000953674316,3.7799999713897705,3.6500000953674316,3.7300000190734863,761400,0.0,0.0
2024-02-09 00:00:00-05:00,3.7300000190734863,3.9800000190734863,3.7100000381469727,3.890000104904175,2307700,0.0,0.0
2024-02-12 00:00:00-05:00,3.890000104904175,4.150000095367432,3.890000104904175,4.130000114440918,2149700,0.0,0.0
2024-02-13 00:00:00-05:00,3.930000066757202,4.010000228881836,3.75,3.819999933242798,2093300,0.0,0.0
2024-02-14 00:00:00-05:00,3.9600000381469727,4.03000020980835,3.859999895095825,3.940000057220459,1345300,0.0,0.0
2024-02-15 00:00:00-05:00,3.9700000286102295,4.210000038146973,3.9700000286102295,4.159999847412109,2486600,0.0,0.0
2024-02-16 00:00:00-05:00,4.079999923706055,4.159999847412109,3.9600000381469727,4.050000190734863,1681300,0.0,0.0
2024-02-20 00:00:00-05:00,3.9600000381469727,4.050000190734863,3.9200000762939453,4.039999961853027,2487800,0.0,0.0
2024-02-21 00:00:00-05:00,3.3299999237060547,3.4000000953674316,2.7899999618530273,2.9000000953674316,9392600,0.0,0.0
2024-02-22 00:00:00-05:00,2.9200000762939453,2.9200000762939453,2.509999990463257,2.640000104904175,8498900,0.0,0.0
2024-02-23 00:00:00-05:00,2.5999999046325684,2.9600000381469727,2.5999999046325684,2.930000066757202,3688300,0.0,0.0
2024-02-26 00:00:00-05:00,2.9000000953674316,2.9600000381469727,2.680000066757202,2.690000057220459,2732500,0.0,0.0
2024-02-27 00:00:00-05:00,2.700000047683716,2.799999952316284,2.680000066757202,2.759999990463257,2040100,0.0,0.0
2024-02-28 00:00:00-05:00,2.7100000381469727,2.7899999618530273,2.680000066757202,2.740000009536743,1424200,0.0,0.0
2024-02-29 00:00:00-05:00,2.819999933242798,2.8499999046325684,2.7799999713897705,2.7899999618530273,1565300,0.0,0.0
2024-03-01 00:00:00-05:00,2.8499999046325684,2.9200000762939453,2.740000009536743,2.869999885559082,1320900,0.0,0.0
2024-03-04 00:00:00-05:00,2.890000104904175,2.940000057220459,2.819999933242798,2.890000104904175,1536000,0.0,0.0
2024-03-05 00:00:00-05:00,2.869999885559082,2.9200000762939453,2.819999933242798,2.8399999141693115,1250800,0.0,0.0
2024-03-06 00:00:00-05:00,2.8499999046325684,2.890000104904175,2.7699999809265137,2.7899999618530273,1385500,0.0,0.0
2024-03-07 00:00:00-05:00,2.8399999141693115,2.890000104904175,2.759999990463257,2.759999990463257,944700,0.0,0.0
2024-03-08 00:00:00-05:00,2.799999952316284,2.9200000762939453,2.799999952316284,2.859999895095825,941200,0.0,0.0
2024-03-11 00:00:00-04:00,2.8299999237060547,2.8499999046325684,2.759999990463257,2.799999952316284,981400,0.0,0.0
2024-03-12 00:00:00-04:00,2.819999933242798,2.880000114440918,2.7200000286102295,2.8499999046325684,1348300,0.0,0.0
2024-03-13 00:00:00-04:00,2.8399999141693115,2.940000057220459,2.8299999237060547,2.9000000953674316,1141000,0.0,0.0
2024-03-14 00:00:00-04:00,2.880000114440918,2.880000114440918,2.7300000190734863,2.75,1082400,0.0,0.0
2024-03-15 00:00:00-04:00,2.7200000286102295,2.799999952316284,2.690000057220459,2.7799999713897705,12639600,0.0,0.0
2024-03-18 00:00:00-04:00,2.7699999809265137,2.950000047683716,2.740000009536743,2.950000047683716,1519000,0.0,0.0
2024-03-19 00:00:00-04:00,2.930000066757202,3.2300000190734863,2.869999885559082,3.2100000381469727,2685800,0.0,0.0
2024-03-20 00:00:00-04:00,3.190000057220459,3.4700000286102295,3.130000114440918,3.4000000953674316,2295600,0.0,0.0
2024-03-21 00:00:00-04:00,3.450000047683716,3.630000114440918,3.450000047683716,3.5799999237060547,3831800,0.0,0.0
2024-03-22 00:00:00-04:00,3.5799999237060547,3.5999999046325684,3.25,3.2699999809265137,1809100,0.0,0.0
2024-03-25 00:00:00-04:00,3.2699999809265137,3.380000114440918,3.240000009536743,3.3399999141693115,1112000,0.0,0.0
2024-03-26 00:00:00-04:00,3.380000114440918,3.430000066757202,3.2699999809265137,3.2799999713897705,1331100,0.0,0.0
2024-03-27 00:00:00-04:00,3.309999942779541,3.440000057220459,3.309999942779541,3.4000000953674316,1291400,0.0,0.0
2024-03-28 00:00:00-04:00,3.390000104904175,3.5299999713897705,3.380000114440918,3.5,1384900,0.0,0.0
2024-04-01 00:00:00-04:00,3.559999942779541,3.559999942779541,3.309999942779541,3.359999895095825,1379600,0.0,0.0
2024-04-02 00:00:00-04:00,3.299999952316284,3.309999942779541,3.119999885559082,3.190000057220459,1191700,0.0,0.0
2024-04-03 00:00:00-04:00,3.140000104904175,3.180000066757202,3.0899999141693115,3.0999999046325684,1245600,0.0,0.0
2024-04-04 00:00:00-04:00,3.1500000953674316,3.1700000762939453,3.0199999809265137,3.0799999237060547,1616500,0.0,0.0
2024-04-05 00:00:00-04:00,3.059999942779541,3.259999990463257,3.059999942779541,3.180000066757202,1171600,0.0,0.0
2024-04-08 00:00:00-04:00,3.2100000381469727,3.2200000286102295,3.0799999237060547,3.0799999237060547,1432900,0.0,0.0
2024-04-09 00:00:00-04:00,3.109999895095825,3.1700000762939453,3.0899999141693115,3.109999895095825,928700,0.0,0.0
2024-04-10 00:00:00-04:00,3.0199999809265137,3.0999999046325684,2.940000057220459,3.0,3145000,0.0,0.0
2024-04-11 00:00:00-04:00,3.0199999809265137,3.059999942779541,2.990000009536743,3.0299999713897705,1203600,0.0,0.0
2024-04-12 00:00:00-04:00,3.009999990463257,3.059999942779541,2.950000047683716,3.0,1547800,0.0,0.0
2024-04-15 00:00:00-04:00,3.009999990463257,3.069999933242798,2.950000047683716,3.0,1806800,0.0,0.0
2024-04-16 00:00:00-04:00,2.9700000286102295,2.9700000286102295,2.8499999046325684,2.9100000858306885,1968800,0.0,0.0
2024-04-17 00:00:00-04:00,2.9800000190734863,3.0199999809265137,2.880000114440918,2.9100000858306885,1330300,0.0,0.0
2024-04-18 00:00:00-04:00,2.9100000858306885,2.9200000762939453,2.75,2.7799999713897705,2144700,0.0,0.0
2024-04-19 00:00:00-04:00,2.7799999713897705,2.940000057220459,2.7799999713897705,2.859999895095825,2001300,0.0,0.0
2024-04-22 00:00:00-04:00,2.930000066757202,2.940000057220459,2.7699999809265137,2.8399999141693115,1786400,0.0,0.0
2024-04-23 00:00:00-04:00,2.809999942779541,2.9600000381469727,2.809999942779541,2.9600000381469727,1185100,0.0,0.0
2024-04-24 00:00:00-04:00,2.940000057220459,3.059999942779541,2.9000000953674316,3.0299999713897705,2573100,0.0,0.0
2024-04-25 00:00:00-04:00,3.200000047683716,3.4000000953674316,3.0999999046325684,3.25,4951200,0.0,0.0
2024-04-26 00:00:00-04:00,3.319999933242798,3.450000047683716,3.309999942779541,3.390000104904175,2505400,0.0,0.0
2024-04-29 00:00:00-04:00,3.440000057220459,3.4800000190734863,3.2899999618530273,3.2899999618530273,1791100,0.0,0.0
2024-04-30 00:00:00-04:00,3.259999990463257,3.359999895095825,3.190000057220459,3.299999952316284,1609300,0.0,0.0
2024-05-01 00:00:00-04:00,3.309999942779541,3.5399999618530273,3.309999942779541,3.440000057220459,2658800,0.0,0.0
2024-05-02 00:00:00-04:00,3.5,3.5,3.2200000286102295,3.2899999618530273,1313900,0.0,0.0
2024-05-03 00:00:00-04:00,3.359999895095825,3.4800000190734863,3.3499999046325684,3.4200000762939453,987700,0.0,0.0
2024-05-06 00:00:00-04:00,3.4600000381469727,3.5,3.3499999046325684,3.380000114440918,830400,0.0,0.0
2024-05-07 00:00:00-04:00,3.390000104904175,3.430000066757202,3.359999895095825,3.369999885559082,651700,0.0,0.0
2024-05-08 00:00:00-04:00,3.3499999046325684,3.390000104904175,3.299999952316284,3.390000104904175,834500,0.0,0.0
2024-05-09 00:00:00-04:00,3.369999885559082,3.4100000858306885,3.25,3.259999990463257,1223000,0.0,0.0
2024-05-10 00:00:00-04:00,3.259999990463257,3.2799999713897705,3.1600000858306885,3.2300000190734863,1684100,0.0,0.0
2024-05-13 00:00:00-04:00,3.2899999618530273,3.430000066757202,3.2799999713897705,3.430000066757202,1108400,0.0,0.0
2024-05-14 00:00:00-04:00,3.4800000190734863,3.75,3.4200000762939453,3.740000009536743,2802300,0.0,0.0
2024-05-15 00:00:00-04:00,3.7799999713897705,3.799999952316284,3.640000104904175,3.7699999809265137,1438400,0.0,0.0
2024-05-16 00:00:00-04:00,3.759999990463257,3.759999990463257,3.6600000858306885,3.7100000381469727,984300,0.0,0.0
2024-05-17 00:00:00-04:00,3.7100000381469727,3.7100000381469727,3.5799999237060547,3.609999895095825,882700,0.0,0.0
2024-05-20 00:00:00-04:00,3.5999999046325684,3.6500000953674316,3.5,3.640000104904175,1079200,0.0,0.0
2024-05-21 00:00:00-04:00,3.619999885559082,3.7200000286102295,3.5399999618530273,3.630000114440918,1325000,0.0,0.0
2024-05-22 00:00:00-04:00,3.5999999046325684,3.799999952316284,3.549999952316284,3.6700000762939453,2161500,0.0,0.0
2024-05-23 00:00:00-04:00,3.630000114440918,3.630000114440918,3.5299999713897705,3.549999952316284,954300,0.0,0.0
2024-05-24 00:00:00-04:00,3.5799999237060547,3.619999885559082,3.549999952316284,3.5799999237060547,871300,0.0,0.0
2024-05-28 00:00:00-04:00,3.5999999046325684,3.640000104904175,3.4800000190734863,3.619999885559082,888200,0.0,0.0
2024-05-29 00:00:00-04:00,3.549999952316284,3.880000114440918,3.5,3.740000009536743,2586900,0.0,0.0
2024-05-30 00:00:00-04:00,3.740000009536743,3.9100000858306885,3.690000057220459,3.859999895095825,1825500,0.0,0.0
2024-05-31 00:00:00-04:00,3.890000104904175,3.9800000190734863,3.869999885559082,3.9600000381469727,1712600,0.0,0.0
2024-06-03 00:00:00-04:00,3.990000009536743,3.990000009536743,3.7699999809265137,3.7799999713897705,900200,0.0,0.0
2024-06-04 00:00:00-04:00,3.740000009536743,3.740000009536743,3.5299999713897705,3.559999942779541,959600,0.0,0.0
2024-06-05 00:00:00-04:00,3.5299999713897705,3.859999895095825,3.5199999809265137,3.859999895095825,1300800,0.0,0.0
2024-06-06 00:00:00-04:00,3.8299999237060547,3.950000047683716,3.7699999809265137,3.8499999046325684,823900,0.0,0.0
2024-06-07 00:00:00-04:00,3.7699999809265137,3.799999952316284,3.7100000381469727,3.7699999809265137,707700,0.0,0.0
2024-06-10 00:00:00-04:00,3.700000047683716,3.7799999713897705,3.640000104904175,3.75,679900,0.0,0.0
2024-06-11 00:00:00-04:00,3.7100000381469727,3.7100000381469727,3.549999952316284,3.6500000953674316,799000,0.0,0.0
2024-06-12 00:00:00-04:00,3.7899999618530273,3.9600000381469727,3.700000047683716,3.7200000286102295,1933000,0.0,0.0
2024-06-13 00:00:00-04:00,3.7200000286102295,3.7200000286102295,3.450000047683716,3.549999952316284,1244800,0.0,0.0
2024-06-14 00:00:00-04:00,3.5,3.569999933242798,3.380000114440918,3.5399999618530273,1066200,0.0,0.0
2024-06-17 00:00:00-04:00,3.5,3.559999942779541,3.4600000381469727,3.5,1644500,0.0,0.0
2024-06-18 00:00:00-04:00,3.4600000381469727,3.549999952316284,3.450000047683716,3.4800000190734863,1084000,0.0,0.0
2024-06-20 00:00:00-04:00,3.4700000286102295,3.4700000286102295,3.069999933242798,3.1500000953674316,2117700,0.0,0.0
2024-06-21 00:00:00-04:00,3.130000114440918,3.1600000858306885,3.069999933242798,3.130000114440918,2141600,0.0,0.0
2024-06-24 00:00:00-04:00,3.119999885559082,3.200000047683716,3.049999952316284,3.180000066757202,1555200,0.0,0.0
2024-06-25 00:00:00-04:00,3.190000057220459,3.190000057220459,2.950000047683716,2.9600000381469727,3282000,0.0,0.0
2024-06-26 00:00:00-04:00,2.9200000762939453,3.0199999809265137,2.9000000953674316,3.009999990463257,1277700,0.0,0.0
2024-06-27 00:00:00-04:00,3.0299999713897705,3.2100000381469727,2.9800000190734863,3.200000047683716,1302300,0.0,0.0
2024-06-28 00:00:00-04:00,3.2200000286102295,3.4000000953674316,3.2100000381469727,3.359999895095825,6046900,0.0,0.0
2024-07-01 00:00:00-04:00,3.380000114440918,3.559999942779541,3.2899999618530273,3.319999933242798,1387100,0.0,0.0
2024-07-02 00:00:00-04:00,3.3399999141693115,3.430000066757202,3.299999952316284,3.430000066757202,782400,0.0,0.0
2024-07-03 00:00:00-04:00,3.440000057220459,3.4800000190734863,3.359999895095825,3.369999885559082,503800,0.0,0.0
2024-07-05 00:00:00-04:00,3.369999885559082,3.390000104904175,3.2699999809265137,3.309999942779541,1177700,0.0,0.0
2024-07-08 00:00:00-04:00,3.3399999141693115,3.359999895095825,3.2300000190734863,3.240000009536743,865800,0.0,0.0
2024-07-09 00:00:00-04:00,3.2300000190734863,3.3299999237060547,3.200000047683716,3.319999933242798,951000,0.0,0.0
2024-07-10 00:00:00-04:00,3.319999933242798,3.390000104904175,3.2899999618530273,3.3399999141693115,1528900,0.0,0.0
2024-07-11 00:00:00-04:00,3.450000047683716,3.7200000286102295,3.440000057220459,3.7100000381469727,2029600,0.0,0.0
2024-07-12 00:00:00-04:00,3.700000047683716,4.0,3.700000047683716,3.799999952316284,2565400,0.0,0.0
2024-07-15 00:00:00-04:00,3.7899999618530273,3.930000066757202,3.759999990463257,3.9000000953674316,1607900,0.0,0.0
2024-07-16 00:00:00-04:00,3.9700000286102295,4.03000020980835,3.9100000858306885,4.0,1753100,0.0,0.0
2024-07-17 00:00:00-04:00,3.9700000286102295,4.010000228881836,3.890000104904175,3.940000057220459,939100,0.0,0.0
2024-07-18 00:00:00-04:00,3.9000000953674316,4.019999980926514,3.7100000381469727,3.7699999809265137,1330200,0.0,0.0
2024-07-19 00:00:00-04:00,3.7799999713897705,3.8399999141693115,3.640000104904175,3.7699999809265137,3597300,0.0,0.0
2024-07-22 00:00:00-04:00,3.8299999237060547,3.9700000286102295,3.7699999809265137,3.950000047683716,996800,0.0,0.0
2024-07-23 00:00:00-04:00,4.0,4.090000152587891,3.9000000953674316,4.050000190734863,1898800,0.0,0.0
2024-07-24 00:00:00-04:00,4.059999942779541,4.380000114440918,3.990000009536743,4.329999923706055,4892100,0.0,0.0
2024-07-25 00:00:00-04:00,4.199999809265137,4.789999961853027,4.090000152587891,4.760000228881836,3897200,0.0,0.0
2024-07-26 00:00:00-04:00,4.739999771118164,5.179999828338623,4.610000133514404,5.090000152587891,4849900,0.0,0.0
2024-07-29 00:00:00-04:00,5.130000114440918,5.28000020980835,5.03000020980835,5.179999828338623,2272900,0.0,0.0
2024-07-30 00:00:00-04:00,5.050000190734863,5.349999904632568,4.929999828338623,5.159999847412109,3333900,0.0,0.0
2024-07-31 00:00:00-04:00,5.190000057220459,5.480000019073486,5.090000152587891,5.260000228881836,4022900,0.0,0.0
2024-08-01 00:00:00-04:00,5.269999980926514,5.329999923706055,4.909999847412109,5.010000228881836,1881000,0.0,0.0
2024-08-02 00:00:00-04:00,4.849999904632568,5.059999942779541,4.679999828338623,4.989999771118164,2190500,0.0,0.0
2024-08-05 00:00:00-04:00,4.550000190734863,4.929999828338623,4.489999771118164,4.820000171661377,2046200,0.0,0.0
2024-08-06 00:00:00-04:00,4.820000171661377,5.019999980926514,4.769999980926514,4.889999866485596,983100,0.0,0.0
2024-08-07 00:00:00-04:00,4.980000019073486,5.010000228881836,4.679999828338623,4.699999809265137,1210600,0.0,0.0
2024-08-08 00:00:00-04:00,4.769999980926514,4.960000038146973,4.699999809265137,4.940000057220459,1187600,0.0,0.0
2024-08-09 00:00:00-04:00,4.96999979019165,4.96999979019165,4.739999771118164,4.840000152587891,782200,0.0,0.0
2024-08-12 00:00:00-04:00,4.800000190734863,4.869999885559082,4.349999904632568,4.840000152587891,1854200,0.0,0.0
2024-08-13 00:00:00-04:00,4.909999847412109,5.039999961853027,4.869999885559082,5.019999980926514,1183700,0.0,0.0
2024-08-14 00:00:00-04:00,5.050000190734863,5.090000152587891,4.849999904632568,4.960000038146973,797200,0.0,0.0
2024-08-15 00:00:00-04:00,5.059999942779541,5.099999904632568,4.860000133514404,4.949999809265137,984700,0.0,0.0
2024-08-16 00:00:00-04:00,4.929999828338623,5.010000228881836,4.900000095367432,5.010000228881836,1272000,0.0,0.0
2024-08-19 00:00:00-04:00,5.0,5.130000114440918,4.909999847412109,4.980000019073486,1138600,0.0,0.0
2024-08-20 00:00:00-04:00,4.989999771118164,5.03000020980835,4.880000114440918,4.96999979019165,641200,0.0,0.0
2024-08-21 00:00:00-04:00,5.0,5.010000228881836,4.889999866485596,4.940000057220459,693700,0.0,0.0
2024-08-22 00:00:00-04:00,4.929999828338623,4.989999771118164,4.829999923706055,4.869999885559082,830200,0.0,0.0
2024-08-23 00:00:00-04:00,4.909999847412109,5.139999866485596,4.909999847412109,5.059999942779541,1545400,0.0,0.0
2024-08-26 00:00:00-04:00,5.119999885559082,5.449999809265137,5.039999961853027,5.400000095367432,1860400,0.0,0.0
2024-08-27 00:00:00-04:00,5.349999904632568,5.440000057220459,5.28000020980835,5.329999923706055,852400,0.0,0.0
2024-08-28 00:00:00-04:00,5.309999942779541,5.510000228881836,5.300000190734863,5.440000057220459,1200200,0.0,0.0
2024-08-29 00:00:00-04:00,5.53000020980835,5.650000095367432,5.389999866485596,5.519999980926514,1258100,0.0,0.0
2024-08-30 00:00:00-04:00,5.550000190734863,5.630000114440918,5.320000171661377,5.449999809265137,1082000,0.0,0.0
2024-09-03 00:00:00-04:00,5.380000114440918,5.610000133514404,5.360000133514404,5.369999885559082,1603600,0.0,0.0
2024-09-04 00:00:00-04:00,5.329999923706055,5.5,5.309999942779541,5.409999847412109,986600,0.0,0.0
2024-09-05 00:00:00-04:00,5.429999828338623,5.619999885559082,5.420000076293945,5.539999961853027,1105800,0.0,0.0
2024-09-06 00:00:00-04:00,5.599999904632568,5.809999942779541,5.460000038146973,5.699999809265137,2944000,0.0,0.0
2024-09-09 00:00:00-04:00,5.690000057220459,5.789999961853027,5.550000190734863,5.570000171661377,2010500,0.0,0.0
2024-09-10 00:00:00-04:00,5.590000152587891,5.619999885559082,5.119999885559082,5.389999866485596,1874400,0.0,0.0
2024-09-11 00:00:00-04:00,5.420000076293945,5.570000171661377,5.309999942779541,5.519999980926514,1021100,0.0,0.0
2024-09-12 00:00:00-04:00,5.420000076293945,5.690000057220459,5.409999847412109,5.599999904632568,870100,0.0,0.0
2024-09-13 00:00:00-04:00,5.650000095367432,5.730000019073486,5.599999904632568,5.71999979019165,784500,0.0,0.0
2024-09-16 00:00:00-04:00,5.75,5.820000171661377,5.579999923706055,5.760000228881836,920100,0.0,0.0
2024-09-17 00:00:00-04:00,5.820000171661377,5.849999904632568,5.619999885559082,5.639999866485596,843600,0.0,0.0
2024-09-18 00:00:00-04:00,5.639999866485596,5.929999828338623,5.619999885559082,5.71999979019165,965800,0.0,0.0
2024-09-19 00:00:00-04:00,5.869999885559082,5.929999828338623,5.710000038146973,5.829999923706055,837600,0.0,0.0
2024-09-20 00:00:00-04:00,5.789999961853027,5.980000019073486,5.71999979019165,5.900000095367432,2379000,0.0,0.0
2024-09-23 00:00:00-04:00,5.929999828338623,5.980000019073486,5.800000190734863,5.909999847412109,994000,0.0,0.0
2024-09-24 00:00:00-04:00,5.909999847412109,6.269999980926514,5.840000152587891,6.21999979019165,1679100,0.0,0.0
2024-09-25 00:00:00-04:00,6.210000038146973,6.289999961853027,5.96999979019165,6.050000190734863,1088200,0.0,0.0
2024-09-26 00:00:00-04:00,6.119999885559082,6.269999980926514,6.010000228881836,6.039999961853027,1165200,0.0,0.0
2024-09-27 00:00:00-04:00,6.090000152587891,6.150000095367432,5.980000019073486,6.010000228881836,873400,0.0,0.0
2024-09-30 00:00:00-04:00,6.0,6.199999809265137,5.929999828338623,6.070000171661377,1165500,0.0,0.0
2024-10-01 00:00:00-04:00,6.019999980926514,6.059999942779541,5.730000019073486,5.920000076293945,1185700,0.0,0.0
2024-10-02 00:00:00-04:00,5.889999866485596,5.920000076293945,5.730000019073486,5.820000171661377,1123500,0.0,0.0
2024-10-03 00:00:00-04:00,5.800000190734863,5.800000190734863,5.269999980926514,5.369999885559082,1354200,0.0,0.0
2024-10-04 00:00:00-04:00,5.46999979019165,5.800000190734863,5.380000114440918,5.639999866485596,1113100,0.0,0.0
2024-10-07 00:00:00-04:00,5.599999904632568,5.610000133514404,5.329999923706055,5.460000038146973,1008000,0.0,0.0
2024-10-08 00:00:00-04:00,5.429999828338623,5.489999771118164,5.159999847412109,5.289999961853027,1293400,0.0,0.0
2024-10-09 00:00:00-04:00,5.25,5.349999904632568,5.179999828338623,5.21999979019165,1030000,0.0,0.0
2024-10-10 00:00:00-04:00,5.150000095367432,5.28000020980835,5.150000095367432,5.21999979019165,882900,0.0,0.0
2024-10-11 00:00:00-04:00,5.21999979019165,5.429999828338623,5.21999979019165,5.429999828338623,1401500,0.0,0.0
2024-10-14 00:00:00-04:00,5.429999828338623,5.699999809265137,5.429999828338623,5.590000152587891,1186800,0.0,0.0
2024-10-15 00:00:00-04:00,5.610000133514404,5.829999923706055,5.590000152587891,5.630000114440918,1539400,0.0,0.0
2024-10-16 00:00:00-04:00,5.730000019073486,6.010000228881836,5.679999828338623,5.920000076293945,1895300,0.0,0.0
2024-10-17 00:00:00-04:00,5.840000152587891,6.0,5.78000020980835,5.989999771118164,1679000,0.0,0.0
2024-10-18 00:00:00-04:00,5.960000038146973,6.119999885559082,5.909999847412109,5.949999809265137,992400,0.0,0.0
2024-10-21 00:00:00-04:00,5.949999809265137,5.980000019073486,5.650000095367432,5.75,2096500,0.0,0.0
2024-10-22 00:00:00-04:00,5.760000228881836,5.809999942779541,5.46999979019165,5.489999771118164,1854300,0.0,0.0
2024-10-23 00:00:00-04:00,5.460000038146973,5.599999904632568,5.360000133514404,5.550000190734863,1973600,0.0,0.0
2024-10-24 00:00:00-04:00,4.889999866485596,4.889999866485596,4.150000095367432,4.25,8336700,0.0,0.0
2024-10-25 00:00:00-04:00,4.159999847412109,4.21999979019165,3.9000000953674316,3.990000009536743,5166300,0.0,0.0
2024-10-28 00:00:00-04:00,4.039999961853027,4.28000020980835,4.010000228881836,4.099999904632568,3315200,0.0,0.0
2024-10-29 00:00:00-04:00,4.110000133514404,4.210000038146973,4.03000020980835,4.090000152587891,2074700,0.0,0.0
2024-10-30 00:00:00-04:00,4.110000133514404,4.420000076293945,4.090000152587891,4.320000171661377,1925200,0.0,0.0
2024-10-31 00:00:00-04:00,4.349999904632568,4.369999885559082,4.019999980926514,4.050000190734863,1987700,0.0,0.0
2024-11-01 00:00:00-04:00,4.090000152587891,4.28000020980835,4.050000190734863,4.199999809265137,1655800,0.0,0.0
2024-11-04 00:00:00-05:00,4.210000038146973,4.400000095367432,4.199999809265137,4.380000114440918,1381300,0.0,0.0
2024-11-05 00:00:00-05:00,4.369999885559082,4.53000020980835,4.28000020980835,4.420000076293945,1730300,0.0,0.0
2024-11-06 00:00:00-05:00,4.119999885559082,4.449999809265137,4.079999923706055,4.420000076293945,1848100,0.0,0.0
2024-11-07 00:00:00-05:00,4.400000095367432,4.449999809265137,4.289999961853027,4.389999866485596,1440500,0.0,0.0
2024-11-08 00:00:00-05:00,4.420000076293945,4.53000020980835,4.380000114440918,4.489999771118164,2022600,0.0,0.0
2024-11-11 00:00:00-05:00,4.610000133514404,4.639999866485596,4.46999979019165,4.510000228881836,2340500,0.0,0.0
2024-11-12 00:00:00-05:00,4.489999771118164,4.550000190734863,4.079999923706055,4.21999979019165,2455100,0.0,0.0
2024-11-13 00:00:00-05:00,4.269999980926514,4.300000190734863,4.039999961853027,4.039999961853027,2082700,0.0,0.0
2024-11-14 00:00:00-05:00,4.019999980926514,4.190000057220459,3.950000047683716,3.990000009536743,1575700,0.0,0.0
2024-11-15 00:00:00-05:00,4.039999961853027,4.039999961853027,3.7899999618530273,3.8399999141693115,2196100,0.0,0.0
2024-11-18 00:00:00-05:00,3.8299999237060547,3.890000104904175,3.690000057220459,3.700000047683716,1545600,0.0,0.0
2024-11-19 00:00:00-05:00,3.6500000953674316,3.819999933242798,3.609999895095825,3.809999942779541,1251400,0.0,0.0
2024-11-20 00:00:00-05:00,3.799999952316284,3.8499999046325684,3.6700000762939453,3.8299999237060547,1153800,0.0,0.0
2024-11-21 00:00:00-05:00,3.7699999809265137,3.7799999713897705,3.5,3.75,2072500,0.0,0.0
2024-11-22 00:00:00-05:00,3.619999885559082,3.680000066757202,3.4800000190734863,3.6500000953674316,2850100,0.0,0.0
2024-11-25 00:00:00-05:00,3.5,3.7799999713897705,3.5,3.700000047683716,2092700,0.0,0.0
2024-11-26 00:00:00-05:00,3.700000047683716,3.700000047683716,3.4800000190734863,3.569999933242798,1635100,0.0,0.0
2024-11-27 00:00:00-05:00,3.640000104904175,3.799999952316284,3.4100000858306885,3.4600000381469727,2008800,0.0,0.0
2024-11-29 00:00:00-05:00,3.4700000286102295,3.509999990463257,3.430000066757202,3.440000057220459,649800,0.0,0.0
2024-12-02 00:00:00-05:00,3.430000066757202,3.4700000286102295,3.359999895095825,3.4200000762939453,1547800,0.0,0.0
2024-12-03 00:00:00-05:00,3.390000104904175,3.450000047683716,3.3399999141693115,3.4000000953674316,1382500,0.0,0.0
2024-12-04 00:00:00-05:00,3.4200000762939453,3.4600000381469727,3.3399999141693115,3.430000066757202,3817600,0.0,0.0
2024-12-05 00:00:00-05:00,3.450000047683716,3.490000009536743,3.3499999046325684,3.369999885559082,3272300,0.0,0.0
2024-12-06 00:00:00-05:00,3.4100000858306885,3.559999942779541,3.380000114440918,3.4700000286102295,6115200,0.0,0.0
2024-12-09 00:00:00-05:00,3.559999942779541,3.619999885559082,3.4800000190734863,3.509999990463257,4278400,0.0,0.0
2024-12-10 00:00:00-05:00,3.5,3.680000066757202,3.390000104904175,3.630000114440918,6113300,0.0,0.0
2024-12-11 00:00:00-05:00,3.700000047683716,3.759999990463257,3.5899999141693115,3.640000104904175,5570800,0.0,0.0
2024-12-12 00:00:00-05:00,3.640000104904175,3.7300000190734863,3.319999933242798,3.450000047683716,7384300,0.0,0.0
2024-12-13 00:00:00-05:00,3.4200000762939453,3.509999990463257,3.390000104904175,3.4700000286102295,5116200,0.0,0.0
2024-12-16 00:00:00-05:00,3.4700000286102295,3.5299999713897705,3.3299999237060547,3.3299999237060547,6744600,0.0,0.0
2024-12-17 00:00:00-05:00,3.299999952316284,3.3299999237060547,3.200000047683716,3.2100000381469727,6171300,0.0,0.0
2024-12-18 00:00:00-05:00,3.2200000286102295,3.2699999809265137,3.0399999618530273,3.0399999618530273,5935200,0.0,0.0
2024-12-19 00:00:00-05:00,3.0799999237060547,3.190000057220459,3.0399999618530273,3.0399999618530273,4505200,0.0,0.0
2024-12-20 00:00:00-05:00,3.0299999713897705,3.180000066757202,3.0299999713897705,3.1600000858306885,3260900,0.0,0.0
2024-12-23 00:00:00-05:00,3.140000104904175,3.1600000858306885,3.0,3.0999999046325684,1628900,0.0,0.0
2024-12-24 00:00:00-05:00,3.0899999141693115,3.1600000858306885,3.059999942779541,3.140000104904175,767400,0.0,0.0
2024-12-26 00:00:00-05:00,3.0999999046325684,3.130000114440918,3.0399999618530273,3.069999933242798,924400,0.0,0.0
2024-12-27 00:00:00-05:00,3.069999933242798,3.0899999141693115,3.0,3.0299999713897705,2187600,0.0,0.0
2024-12-30 00:00:00-05:00,3.009999990463257,3.0899999141693115,2.9100000858306885,3.009999990463257,2138100,0.0,0.0
2024-12-31 00:00:00-05:00,3.0199999809265137,3.0799999237060547,2.9800000190734863,2.990000009536743,1484600,0.0,0.0
2025-01-02 00:00:00-05:00,3.0299999713897705,3.1700000762939453,3.0199999809265137,3.069999933242798,2096400,0.0,0.0
2025-01-03 00:00:00-05:00,3.069999933242798,3.0999999046325684,2.9700000286102295,3.069999933242798,1544100,0.0,0.0
2025-01-06 00:00:00-05:00,3.059999942779541,3.140000104904175,3.0399999618530273,3.059999942779541,1474900,0.0,0.0
2025-01-07 00:00:00-05:00,3.059999942779541,3.1600000858306885,3.009999990463257,3.049999952316284,1124400,0.0,0.0
2025-01-08 00:00:00-05:00,3.0199999809265137,3.119999885559082,2.9600000381469727,3.0999999046325684,1281700,0.0,0.0
2025-01-10 00:00:00-05:00,3.059999942779541,3.0899999141693115,2.9600000381469727,2.9700000286102295,2063800,0.0,0.0
2025-01-13 00:00:00-05:00,2.950000047683716,3.009999990463257,2.9100000858306885,3.009999990463257,1446600,0.0,0.0
2025-01-14 00:00:00-05:00,3.009999990463257,3.0299999713897705,2.8499999046325684,2.9100000858306885,1019300,0.0,0.0
2025-01-15 00:00:00-05:00,2.940000057220459,3.0399999618530273,2.940000057220459,3.009999990463257,2266700,0.0,0.0
2025-01-16 00:00:00-05:00,3.0299999713897705,3.0299999713897705,2.880000114440918,3.009999990463257,1999500,0.0,0.0
2025-01-17 00:00:00-05:00,3.069999933242798,3.0799999237060547,2.9800000190734863,3.059999942779541,1607200,0.0,0.0
2025-01-21 00:00:00-05:00,3.109999895095825,3.359999895095825,3.109999895095825,3.299999952316284,2209400,0.0,0.0
2025-01-22 00:00:00-05:00,3.2799999713897705,3.4100000858306885,3.2799999713897705,3.3399999141693115,2162500,0.0,0.0
2025-01-23 00:00:00-05:00,3.3399999141693115,3.4100000858306885,3.2799999713897705,3.390000104904175,3378600,0.0,0.0
2025-01-24 00:00:00-05:00,3.369999885559082,3.4200000762939453,3.299999952316284,3.4000000953674316,1992400,0.0,0.0
2025-01-27 00:00:00-05:00,3.4000000953674316,3.549999952316284,3.4000000953674316,3.440000057220459,2235500,0.0,0.0
2025-01-28 00:00:00-05:00,3.4600000381469727,3.4800000190734863,3.2799999713897705,3.2899999618530273,2735900,0.0,0.0
2025-01-29 00:00:00-05:00,3.259999990463257,3.359999895095825,3.200000047683716,3.319999933242798,2785900,0.0,0.0
2025-01-30 00:00:00-05:00,3.3399999141693115,3.390000104904175,3.259999990463257,3.2799999713897705,2171700,0.0,0.0
2025-01-31 00:00:00-05:00,3.259999990463257,3.3499999046325684,3.190000057220459,3.200000047683716,1891100,0.0,0.0
2025-02-03 00:00:00-05:00,3.119999885559082,3.2799999713897705,3.049999952316284,3.180000066757202,1950500,0.0,0.0
2025-02-04 00:00:00-05:00,3.1600000858306885,3.259999990463257,3.109999895095825,3.25,2549200,0.0,0.0
2025-02-05 00:00:00-05:00,3.2799999713897705,3.440000057220459,3.259999990463257,3.440000057220459,3107500,0.0,0.0
2025-02-06 00:00:00-05:00,3.4800000190734863,3.549999952316284,3.3399999141693115,3.369999885559082,2767400,0.0,0.0
2025-02-07 00:00:00-05:00,3.380000114440918,3.490000009536743,3.380000114440918,3.4100000858306885,2566800,0.0,0.0
2025-02-10 00:00:00-05:00,3.440000057220459,3.440000057220459,3.2899999618530273,3.380000114440918,1725800,0.0,0.0
2025-02-11 00:00:00-05:00,3.3499999046325684,3.4600000381469727,3.3299999237060547,3.450000047683716,3168600,0.0,0.0
2025-02-12 00:00:00-05:00,3.4000000953674316,3.4000000953674316,3.200000047683716,3.259999990463257,2726400,0.0,0.0
2025-02-13 00:00:00-05:00,3.2799999713897705,3.4000000953674316,3.2300000190734863,3.380000114440918,2260000,0.0,0.0
2025-02-14 00:00:00-05:00,3.4200000762939453,3.509999990463257,3.369999885559082,3.380000114440918,2809300,0.0,0.0
2025-02-18 00:00:00-05:00,3.4000000953674316,3.4600000381469727,3.299999952316284,3.3499999046325684,3730400,0.0,0.0
2025-02-19 00:00:00-05:00,3.190000057220459,3.7200000286102295,3.109999895095825,3.609999895095825,5510500,0.0,0.0
2025-02-20 00:00:00-05:00,3.5899999141693115,3.7899999618530273,3.4100000858306885,3.5399999618530273,4981800,0.0,0.0
2025-02-21 00:00:00-05:00,3.5899999141693115,3.690000057220459,3.4600000381469727,3.509999990463257,3202500,0.0,0.0
2025-02-24 00:00:00-05:00,3.549999952316284,3.7100000381469727,3.5,3.680000066757202,4109600,0.0,0.0
2025-02-25 00:00:00-05:00,3.7200000286102295,3.930000066757202,3.630000114440918,3.9200000762939453,4128600,0.0,0.0
2025-02-26 00:00:00-05:00,3.9100000858306885,3.9100000858306885,3.5199999809265137,3.640000104904175,4811100,0.0,0.0
2025-02-27 00:00:00-05:00,3.619999885559082,3.880000114440918,3.319999933242798,3.3399999141693115,2793300,0.0,0.0
2025-02-28 00:00:00-05:00,3.0799999237060547,3.190000057220459,2.9200000762939453,3.009999990463257,6142300,0.0,0.0
2025-03-03 00:00:00-05:00,3.0299999713897705,3.1700000762939453,3.009999990463257,3.0999999046325684,2015000,0.0,0.0
2025-03-04 00:00:00-05:00,3.059999942779541,3.0899999141693115,2.9000000953674316,3.0299999713897705,2393900,0.0,0.0
2025-03-05 00:00:00-05:00,3.0199999809265137,3.069999933242798,2.950000047683716,3.0199999809265137,2169900,0.0,0.0
2025-03-06 00:00:00-05:00,2.990000009536743,3.0799999237060547,2.890000104904175,2.940000057220459,2344400,0.0,0.0
2025-03-07 00:00:00-05:00,2.940000057220459,3.0199999809265137,2.799999952316284,2.940000057220459,2743700,0.0,0.0
2025-03-10 00:00:00-04:00,2.869999885559082,2.9000000953674316,2.6500000953674316,2.700000047683716,2898900,0.0,0.0
2025-03-11 00:00:00-04:00,2.700000047683716,2.7100000381469727,2.5299999713897705,2.690000057220459,3389900,0.0,0.0
2025-03-12 00:00:00-04:00,2.690000057220459,2.740000009536743,2.569999933242798,2.619999885559082,2389300,0.0,0.0
2025-03-13 00:00:00-04:00,2.630000114440918,2.630000114440918,2.5399999618530273,2.5399999618530273,2373800,0.0,0.0
2025-03-14 00:00:00-04:00,2.569999933242798,2.7100000381469727,2.549999952316284,2.700000047683716,1642300,0.0,0.0
2025-03-17 00:00:00-04:00,2.700000047683716,2.880000114440918,2.680000066757202,2.859999895095825,2156800,0.0,0.0
2025-03-18 00:00:00-04:00,2.869999885559082,2.869999885559082,2.759999990463257,2.7799999713897705,1149800,0.0,0.0
2025-03-19 00:00:00-04:00,2.7699999809265137,2.859999895095825,2.6700000762939453,2.7300000190734863,1041800,0.0,0.0
2025-03-20 00:00:00-04:00,2.6700000762939453,2.740000009536743,2.630000114440918,2.6700000762939453,1115800,0.0,0.0
2025-03-21 00:00:00-04:00,2.630000114440918,2.640000104904175,2.5799999237060547,2.5999999046325684,2691900,0.0,0.0
2025-03-24 00:00:00-04:00,2.6500000953674316,2.809999942779541,2.640000104904175,2.759999990463257,2134800,0.0,0.0
2025-03-25 00:00:00-04:00,2.809999942779541,2.8399999141693115,2.7699999809265137,2.809999942779541,1394100,0.0,0.0
2025-03-26 00:00:00-04:00,2.799999952316284,2.8499999046325684,2.7200000286102295,2.7699999809265137,1499800,0.0,0.0
2025-03-27 00:00:00-04:00,2.7899999618530273,2.809999942779541,2.740000009536743,2.7799999713897705,885100,0.0,0.0
2025-03-28 00:00:00-04:00,2.759999990463257,2.759999990463257,2.630000114440918,2.700000047683716,1825600,0.0,0.0
2025-03-31 00:00:00-04:00,2.630000114440918,2.740000009536743,2.5999999046325684,2.700000047683716,1836000,0.0,0.0
2025-04-01 00:00:00-04:00,2.759999990463257,2.759999990463257,2.569999933242798,2.5899999141693115,2124200,0.0,0.0
2025-04-02 00:00:00-04:00,2.569999933242798,2.680000066757202,2.5299999713897705,2.6500000953674316,1655500,0.0,0.0
2025-04-03 00:00:00-04:00,2.559999942779541,2.6500000953674316,2.5,2.5299999713897705,2271000,0.0,0.0
2025-04-04 00:00:00-04:00,2.5,2.559999942779541,2.3499999046325684,2.450000047683716,3510200,0.0,0.0
2025-04-07 00:00:00-04:00,2.3499999046325684,2.559999942779541,2.240000009536743,2.4000000953674316,3863100,0.0,0.0
2025-04-08 00:00:00-04:00,2.5199999809265137,2.5799999237060547,2.369999885559082,2.4200000762939453,2843300,0.0,0.0
2025-04-09 00:00:00-04:00,2.3499999046325684,2.6700000762939453,2.3399999141693115,2.609999895095825,5355200,0.0,0.0
2025-04-10 00:00:00-04:00,2.5399999618530273,2.569999933242798,2.4200000762939453,2.5299999713897705,2369500,0.0,0.0
2025-04-11 00:00:00-04:00,2.5299999713897705,2.549999952316284,2.3299999237060547,2.4800000190734863,2353500,0.0,0.0
2025-04-14 00:00:00-04:00,2.509999990463257,2.5899999141693115,2.440000057220459,2.5799999237060547,1752500,0.0,0.0
2025-04-15 00:00:00-04:00,2.5899999141693115,2.5999999046325684,2.4700000286102295,2.490000009536743,1747800,0.0,0.0
2025-04-16 00:00:00-04:00,2.490000009536743,2.5799999237060547,2.450000047683716,2.5199999809265137,3251800,0.0,0.0
2025-04-17 00:00:00-04:00,2.509999990463257,2.5799999237060547,2.380000114440918,2.4100000858306885,2620600,0.0,0.0
2025-04-21 00:00:00-04:00,2.390000104904175,2.4200000762939453,2.259999990463257,2.390000104904175,3465000,0.0,0.0
2025-04-22 00:00:00-04:00,2.430000066757202,2.430000066757202,2.3399999141693115,2.4100000858306885,2509800,0.0,0.0
2025-04-23 00:00:00-04:00,2.4800000190734863,2.549999952316284,2.4000000953674316,2.430000066757202,3898600,0.0,0.0
2025-04-24 00:00:00-04:00,2.9200000762939453,3.180000066757202,2.799999952316284,2.880000114440918,10510200,0.0,0.0
2025-04-25 00:00:00-04:00,2.869999885559082,2.880000114440918,2.5899999141693115,2.6700000762939453,3916200,0.0,0.0
2025-04-28 00:00:00-04:00,2.6700000762939453,2.7200000286102295,2.5799999237060547,2.630000114440918,3753800,0.0,0.0
2025-04-29 00:00:00-04:00,2.630000114440918,2.7699999809265137,2.630000114440918,2.700000047683716,2618000,0.0,0.0
2025-04-30 00:00:00-04:00,2.6700000762939453,2.7699999809265137,2.609999895095825,2.7300000190734863,2624400,0.0,0.0
2025-05-01 00:00:00-04:00,2.7200000286102295,2.819999933242798,2.700000047683716,2.759999990463257,2480800,0.0,0.0
2025-05-02 00:00:00-04:00,2.799999952316284,2.859999895095825,2.700000047683716,2.8299999237060547,2626200,0.0,0.0
2025-05-05 00:00:00-04:00,2.7899999618530273,2.940000057220459,2.7899999618530273,2.8399999141693115,1996500,0.0,0.0
2025-05-06 00:00:00-04:00,2.7899999618530273,2.9100000858306885,2.7699999809265137,2.9000000953674316,2039100,0.0,0.0
2025-05-07 00:00:00-04:00,2.930000066757202,3.309999942779541,2.8499999046325684,3.2799999713897705,8875000,0.0,0.0
2025-05-08 00:00:00-04:00,3.3299999237060547,3.5,3.2100000381469727,3.390000104904175,3794400,0.0,0.0
2025-05-09 00:00:00-04:00,3.4100000858306885,3.5999999046325684,3.3499999046325684,3.5,2611600,0.0,0.0
2025-05-12 00:00:00-04:00,3.6600000858306885,3.890000104904175,3.5899999141693115,3.859999895095825,4737600,0.0,0.0
2025-05-13 00:00:00-04:00,3.8299999237060547,3.890000104904175,3.5899999141693115,3.799999952316284,5521400,0.0,0.0
2025-05-14 00:00:00-04:00,3.7699999809265137,3.9600000381469727,3.7200000286102295,3.9200000762939453,3997200,0.0,0.0
2025-05-15 00:00:00-04:00,3.9200000762939453,4.349999904632568,3.859999895095825,4.289999961853027,7301900,0.0,0.0
2025-05-16 00:00:00-04:00,4.269999980926514,4.46999979019165,4.170000076293945,4.349999904632568,5484600,0.0,0.0
2025-05-19 00:00:00-04:00,4.260000228881836,4.409999847412109,4.159999847412109,4.170000076293945,2730800,0.0,0.0
2025-05-20 00:00:00-04:00,4.139999866485596,4.260000228881836,4.090000152587891,4.210000038146973,2025900,0.0,0.0
2025-05-21 00:00:00-04:00,4.090000152587891,4.150000095367432,3.869999885559082,3.950000047683716,2481600,0.0,0.0
2025-05-22 00:00:00-04:00,3.9200000762939453,3.930000066757202,3.7100000381469727,3.7200000286102295,2187300,0.0,0.0
2025-05-23 00:00:00-04:00,3.609999895095825,3.7799999713897705,3.609999895095825,3.6700000762939453,1770100,0.0,0.0
2025-05-27 00:00:00-04:00,3.7699999809265137,3.8399999141693115,3.7200000286102295,3.75,1530100,0.0,0.0
2025-05-28 00:00:00-04:00,3.759999990463257,3.799999952316284,3.559999942779541,3.7699999809265137,2197100,0.0,0.0
2025-05-29 00:00:00-04:00,3.809999942779541,3.9600000381469727,3.700000047683716,3.9000000953674316,2227500,0.0,0.0
2025-05-30 00:00:00-04:00,3.880000114440918,3.950000047683716,3.7899999618530273,3.880000114440918,2310300,0.0,0.0
2025-06-02 00:00:00-04:00,3.880000114440918,3.890000104904175,3.7899999618530273,3.8399999141693115,1305300,0.0,0.0
2025-06-03 00:00:00-04:00,3.859999895095825,3.990000009536743,3.7899999618530273,3.940000057220459,1753000,0.0,0.0
2025-06-04 00:00:00-04:00,3.9600000381469727,3.9600000381469727,3.7899999618530273,3.8299999237060547,1518200,0.0,0.0
2025-06-05 00:00:00-04:00,3.8299999237060547,3.890000104904175,3.7699999809265137,3.799999952316284,1269400,0.0,0.0
2025-06-06 00:00:00-04:00,3.880000114440918,3.9200000762939453,3.799999952316284,3.9100000858306885,1186700,0.0,0.0
2025-06-09 00:00:00-04:00,3.950000047683716,3.950000047683716,3.299999952316284,3.440000057220459,4311400,0.0,0.0
2025-06-10 00:00:00-04:00,3.4100000858306885,3.4100000858306885,3.190000057220459,3.25,3672400,0.0,0.0
2025-06-11 00:00:00-04:00,3.25,3.4100000858306885,3.2300000190734863,3.309999942779541,2172000,0.0,0.0
2025-06-12 00:00:00-04:00,3.2899999618530273,3.369999885559082,3.180000066757202,3.240000009536743,2668300,0.0,0.0
2025-06-13 00:00:00-04:00,3.1600000858306885,3.2300000190734863,3.140000104904175,3.200000047683716,1337300,0.0,0.0
2025-06-16 00:00:00-04:00,3.240000009536743,3.2699999809265137,3.009999990463257,3.180000066757202,3087900,0.0,0.0
2025-06-17 00:00:00-04:00,3.130000114440918,3.240000009536743,3.109999895095825,3.200000047683716,1856200,0.0,0.0
2025-06-18 00:00:00-04:00,3.2200000286102295,3.3399999141693115,3.180000066757202,3.309999942779541,2715000,0.0,0.0
2025-06-20 00:00:00-04:00,3.319999933242798,3.4000000953674316,3.2799999713897705,3.309999942779541,3006500,0.0,0.0
2025-06-23 00:00:00-04:00,3.299999952316284,3.4000000953674316,3.25,3.359999895095825,2144200,0.0,0.0
2025-06-24 00:00:00-04:00,3.4000000953674316,3.559999942779541,3.380000114440918,3.390000104904175,1999800,0.0,0.0
2025-06-25 00:00:00-04:00,3.380000114440918,3.4100000858306885,3.2799999713897705,3.369999885559082,2020600,0.0,0.0
2025-06-26 00:00:00-04:00,3.4800000190734863,3.6700000762939453,3.440000057220459,3.4800000190734863,7352400,0.0,0.0
2025-06-27 00:00:00-04:00,3.5,3.5999999046325684,3.380000114440918,3.390000104904175,2795800,0.0,0.0
2025-06-30 00:00:00-04:00,3.4200000762939453,3.490000009536743,3.309999942779541,3.4000000953674316,2010500,0.0,0.0
2025-07-01 00:00:00-04:00,3.3499999046325684,3.549999952316284,3.319999933242798,3.4800000190734863,2253000,0.0,0.0
2025-07-02 00:00:00-04:00,3.5299999713897705,3.619999885559082,3.430000066757202,3.430000066757202,1873700,0.0,0.0
2025-07-03 00:00:00-04:00,3.450000047683716,3.509999990463257,3.369999885559082,3.4100000858306885,1013400,0.0,0.0
2025-07-07 00:00:00-04:00,3.4000000953674316,3.430000066757202,3.309999942779541,3.3299999237060547,1287300,0.0,0.0
2025-07-08 00:00:00-04:00,3.319999933242798,3.5299999713897705,3.319999933242798,3.5199999809265137,1659600,0.0,0.0
2025-07-09 00:00:00-04:00,3.549999952316284,3.559999942779541,3.4600000381469727,3.509999990463257,1128700,0.0,0.0
2025-07-10 00:00:00-04:00,3.5199999809265137,3.640000104904175,3.440000057220459,3.5799999237060547,1341900,0.0,0.0
2025-07-11 00:00:00-04:00,3.5399999618530273,3.609999895095825,3.509999990463257,3.5999999046325684,1442200,0.0,0.0
2025-07-14 00:00:00-04:00,3.5899999141693115,3.7699999809265137,3.569999933242798,3.7100000381469727,1993800,0.0,0.0
2025-07-15 00:00:00-04:00,3.75,3.7899999618530273,3.5999999046325684,3.6600000858306885,1678500,0.0,0.0
2025-07-16 00:00:00-04:00,3.7300000190734863,3.7300000190734863,3.5299999713897705,3.630000114440918,1270100,0.0,0.0
2025-07-17 00:00:00-04:00,3.640000104904175,3.740000009536743,3.5899999141693115,3.640000104904175,2509700,0.0,0.0
2025-07-18 00:00:00-04:00,3.6700000762939453,3.680000066757202,3.549999952316284,3.5899999141693115,1616100,0.0,0.0
2025-07-21 00:00:00-04:00,3.640000104904175,3.7699999809265137,3.5899999141693115,3.75,2076200,0.0,0.0
2025-07-22 00:00:00-04:00,3.809999942779541,3.9700000286102295,3.75,3.8399999141693115,5364100,0.0,0.0
2025-07-23 00:00:00-04:00,3.7799999713897705,3.9100000858306885,3.759999990463257,3.880000114440918,4326500,0.0,0.0
2025-07-24 00:00:00-04:00,2.880000114440918,2.9600000381469727,2.680000066757202,2.9000000953674316,27522700,0.0,0.0
2025-07-25 00:00:00-04:00,2.9200000762939453,2.9200000762939453,2.75,2.7699999809265137,7089800,0.0,0.0
2025-07-28 00:00:00-04:00,2.7699999809265137,2.7699999809265137,2.5799999237060547,2.5799999237060547,5452400,0.0,0.0
2025-07-29 00:00:00-04:00,2.609999895095825,2.619999885559082,2.440000057220459,2.4600000381469727,4826800,0.0,0.0
2025-07-30 00:00:00-04:00,2.4700000286102295,2.569999933242798,2.430000066757202,2.5199999809265137,2616300,0.0,0.0
2025-07-31 00:00:00-04:00,2.4800000190734863,2.6500000953674316,2.4600000381469727,2.5999999046325684,3255000,0.0,0.0
2025-08-01 00:00:00-04:00,2.5799999237060547,2.5999999046325684,2.440000057220459,2.440000057220459,3458200,0.0,0.0
2025-08-04 00:00:00-04:00,2.440000057220459,2.559999942779541,2.380000114440918,2.490000009536743,2798000,0.0,0.0
2025-08-05 00:00:00-04:00,2.490000009536743,2.5199999809265137,2.450000047683716,2.490000009536743,2275400,0.0,0.0
2025-08-06 00:00:00-04:00,2.5,2.509999990463257,2.440000057220459,2.4600000381469727,1840300,0.0,0.0
2025-08-07 00:00:00-04:00,2.4600000381469727,2.5,2.4600000381469727,2.4800000190734863,2040200,0.0,0.0
2025-08-08 00:00:00-04:00,2.5199999809265137,2.549999952316284,2.4800000190734863,2.490000009536743,1852800,0.0,0.0
2025-08-11 00:00:00-04:00,2.490000009536743,2.509999990463257,2.440000057220459,2.450000047683716,1423300,0.0,0.0
2025-08-12 00:00:00-04:00,2.4700000286102295,2.559999942779541,2.430000066757202,2.559999942779541,2220400,0.0,0.0
2025-08-13 00:00:00-04:00,2.5899999141693115,2.7699999809265137,2.5899999141693115,2.7699999809265137,3230600,0.0,0.0
2025-08-14 00:00:00-04:00,2.75,2.7799999713897705,2.7100000381469727,2.7300000190734863,1342600,0.0,0.0
2025-08-15 00:00:00-04:00,2.75,2.809999942779541,2.7200000286102295,2.7300000190734863,1669700,0.0,0.0
2025-08-18 00:00:00-04:00,2.619999885559082,2.740000009536743,2.5999999046325684,2.6500000953674316,2406100,0.0,0.0
2025-08-19 00:00:00-04:00,2.6600000858306885,2.759999990463257,2.630000114440918,2.700000047683716,2029000,0.0,0.0
2025-08-20 00:00:00-04:00,2.690000057220459,2.75,2.680000066757202,2.7100000381469727,1175300,0.0,0.0
2025-08-21 00:00:00-04:00,2.700000047683716,2.7300000190734863,2.6500000953674316,2.6700000762939453,1276700,0.0,0.0
2025-08-22 00:00:00-04:00,2.680000066757202,2.7899999618530273,2.6700000762939453,2.759999990463257,1881200,0.0,0.0
2025-08-25 00:00:00-04:00,2.759999990463257,2.759999990463257,2.700000047683716,2.7200000286102295,805200,0.0,0.0
2025-08-26 00:00:00-04:00,2.700000047683716,2.740000009536743,2.680000066757202,2.7200000286102295,1464900,0.0,0.0
2025-08-27 00:00:00-04:00,2.700000047683716,2.890000104904175,2.700000047683716,2.7899999618530273,2091500,0.0,0.0
2025-08-28 00:00:00-04:00,2.819999933242798,2.819999933242798,2.75,2.799999952316284,1454000,0.0,0.0
2025-08-29 00:00:00-04:00,2.799999952316284,2.819999933242798,2.7100000381469727,2.759999990463257,876700,0.0,0.0
2025-09-02 00:00:00-04:00,2.700000047683716,2.8299999237060547,2.690000057220459,2.819999933242798,1781700,0.0,0.0
2025-09-03 00:00:00-04:00,2.799999952316284,2.859999895095825,2.7899999618530273,2.799999952316284,1815300,0.0,0.0
2025-09-04 00:00:00-04:00,2.819999933242798,2.9200000762939453,2.7699999809265137,2.8399999141693115,2150100,0.0,0.0
2025-09-05 00:00:00-04:00,2.869999885559082,3.0,2.869999885559082,2.9200000762939453,1942200,0.0,0.0
2025-09-08 00:00:00-04:00,2.930000066757202,2.9700000286102295,2.8499999046325684,2.9600000381469727,1407200,0.0,0.0
2025-09-09 00:00:00-04:00,2.9700000286102295,3.0199999809265137,2.9000000953674316,3.0,1113800,0.0,0.0
2025-09-10 00:00:00-04:00,3.0199999809265137,3.0399999618530273,2.859999895095825,2.9200000762939453,1505200,0.0,0.0
2025-09-11 00:00:00-04:00,2.940000057220459,3.0199999809265137,2.9200000762939453,3.0,1279900,0.0,0.0
2025-09-12 00:00:00-04:00,2.9800000190734863,3.0,2.9200000762939453,2.940000057220459,787400,0.0,0.0
2025-09-15 00:00:00-04:00,2.9600000381469727,2.9800000190734863,2.9000000953674316,2.930000066757202,1008700,0.0,0.0
2025-09-16 00:00:00-04:00,2.930000066757202,2.9600000381469727,2.890000104904175,2.890000104904175,1417600,0.0,0.0
2025-09-17 00:00:00-04:00,2.890000104904175,3.130000114440918,2.869999885559082,2.950000047683716,2295800,0.0,0.0
2025-09-18 00:00:00-04:00,2.9700000286102295,3.109999895095825,2.950000047683716,3.0799999237060547,1813400,0.0,0.0
2025-09-19 00:00:00-04:00,3.0799999237060547,3.119999885559082,3.0199999809265137,3.0399999618530273,2868800,0.0,0.0
2025-09-22 00:00:00-04:00,3.0299999713897705,3.1600000858306885,3.009999990463257,3.130000114440918,792800,0.0,0.0
2025-09-23 00:00:00-04:00,3.140000104904175,3.2100000381469727,3.130000114440918,3.1600000858306885,1334400,0.0,0.0
2025-09-24 00:00:00-04:00,3.1600000858306885,3.259999990463257,3.109999895095825,3.200000047683716,1425700,0.0,0.0
2025-09-25 00:00:00-04:00,3.180000066757202,3.200000047683716,3.119999885559082,3.180000066757202,879400,0.0,0.0
2025-09-26 00:00:00-04:00,3.190000057220459,3.2300000190734863,3.1500000953674316,3.180000066757202,1527300,0.0,0.0
2025-09-29 00:00:00-04:00,3.190000057220459,3.200000047683716,3.119999885559082,3.140000104904175,1073500,0.0,0.0
2025-09-30 00:00:00-04:00,3.119999885559082,3.2200000286102295,3.0999999046325684,3.2100000381469727,1802200,0.0,0.0
2025-10-01 00:00:00-04:00,3.1600000858306885,3.2200000286102295,3.109999895095825,3.130000114440918,1535600,0.0,0.0
2025-10-02 00:00:00-04:00,3.109999895095825,3.109999895095825,2.9700000286102295,3.009999990463257,1953200,0.0,0.0
2025-10-03 00:00:00-04:00,3.0299999713897705,3.130000114440918,3.009999990463257,3.119999885559082,2016300,0.0,0.0
2025-10-06 00:00:00-04:00,3.119999885559082,3.200000047683716,3.0899999141693115,3.0899999141693115,1331900,0.0,0.0
2025-10-07 00:00:00-04:00,3.0999999046325684,3.240000009536743,3.0899999141693115,3.130000114440918,1051600,0.0,0.0
2025-10-08 00:00:00-04:00,3.1600000858306885,3.2300000190734863,3.1500000953674316,3.1700000762939453,1171200,0.0,0.0
2025-10-09 00:00:00-04:00,3.1700000762939453,3.1700000762939453,3.0999999046325684,3.0999999046325684,1770500,0.0,0.0
2025-10-10 00:00:00-04:00,3.119999885559082,3.119999885559082,2.9000000953674316,2.9000000953674316,1329900,0.0,0.0
2025-10-13 00:00:00-04:00,3.009999990463257,3.009999990463257,2.890000104904175,2.9100000858306885,976400,0.0,0.0
2025-10-14 00:00:00-04:00,2.869999885559082,2.990000009536743,2.8399999141693115,2.9700000286102295,1268100,0.0,0.0
2025-10-15 00:00:00-04:00,2.9700000286102295,3.0899999141693115,2.9600000381469727,3.0799999237060547,1664400,0.0,0.0
2025-10-16 00:00:00-04:00,3.069999933242798,3.240000009536743,3.0399999618530273,3.059999942779541,2384900,0.0,0.0
2025-10-17 00:00:00-04:00,3.009999990463257,3.119999885559082,3.009999990463257,3.0799999237060547,1936200,0.0,0.0
2025-10-20 00:00:00-04:00,3.109999895095825,3.25,3.0999999046325684,3.190000057220459,3484400,0.0,0.0
2025-10-21 00:00:00-04:00,3.1700000762939453,3.190000057220459,3.0999999046325684,3.1500000953674316,1939300,0.0,0.0
2025-10-22 00:00:00-04:00,3.1500000953674316,3.2300000190734863,3.119999885559082,3.2300000190734863,2119000,0.0,0.0
2025-10-23 00:00:00-04:00,3.240000009536743,3.309999942779541,3.190000057220459,3.259999990463257,3028200,0.0,0.0
2025-10-24 00:00:00-04:00,3.700000047683716,4.170000076293945,3.369999885559082,4.099999904632568,12314300,0.0,0.0
2025-10-27 00:00:00-04:00,4.199999809265137,4.429999828338623,4.159999847412109,4.409999847412109,5173100,0.0,0.0
2025-10-28 00:00:00-04:00,4.409999847412109,4.420000076293945,4.070000171661377,4.119999885559082,3941300,0.0,0.0
2025-10-29 00:00:00-04:00,4.139999866485596,4.329999923706055,4.079999923706055,4.210000038146973,4406600,0.0,0.0
2025-10-30 00:00:00-04:00,4.179999828338623,4.300000190734863,4.090000152587891,4.130000114440918,1984400,0.0,0.0
2025-10-31 00:00:00-04:00,4.150000095367432,4.199999809265137,3.8399999141693115,3.880000114440918,1818100,0.0,0.0
2025-11-03 00:00:00-05:00,3.8299999237060547,3.880000114440918,3.6700000762939453,3.8499999046325684,2495000,0.0,0.0
2025-11-04 00:00:00-05:00,3.759999990463257,3.9200000762939453,3.7200000286102295,3.7799999713897705,1558600,0.0,0.0
2025-11-05 00:00:00-05:00,3.7799999713897705,3.930000066757202,3.7200000286102295,3.890000104904175,2100200,0.0,0.0
2025-11-06 00:00:00-05:00,3.859999895095825,3.880000114440918,3.690000057220459,3.700000047683716,1212900,0.0,0.0
2025-11-07 00:00:00-05:00,3.6600000858306885,3.819999933242798,3.630000114440918,3.7699999809265137,1516800,0.0,0.0
2025-11-10 00:00:00-05:00,3.759999990463257,3.759999990463257,3.4700000286102295,3.4800000190734863,2282900,0.0,0.0
2025-11-11 00:00:00-05:00,3.450000047683716,3.5799999237060547,3.4000000953674316,3.4600000381469727,1232000,0.0,0.0
2025-11-12 00:00:00-05:00,3.440000057220459,3.5299999713897705,3.4000000953674316,3.4200000762939453,1301000,0.0,0.0
2025-11-13 00:00:00-05:00,3.369999885559082,3.4100000858306885,3.309999942779541,3.3399999141693115,1649100,0.0,0.0
2025-11-14 00:00:00-05:00,3.309999942779541,3.359999895095825,3.240000009536743,3.259999990463257,1173400,0.0,0.0
2025-11-17 00:00:00-05:00,3.2799999713897705,3.2899999618530273,3.0,3.009999990463257,1480100,0.0,0.0
2025-11-18 00:00:00-05:00,2.9600000381469727,3.0199999809265137,2.9100000858306885,2.9200000762939453,1633000,0.0,0.0
2025-11-19 00:00:00-05:00,2.930000066757202,3.0199999809265137,2.9000000953674316,2.9000000953674316,1568700,0.0,0.0
2025-11-20 00:00:00-05:00,2.950000047683716,3.109999895095825,2.9200000762939453,2.940000057220459,2520900,0.0,0.0
2025-11-21 00:00:00-05:00,3.0,3.2200000286102295,2.9600000381469727,3.119999885559082,1645700,0.0,0.0
2025-11-24 00:00:00-05:00,3.25,3.4000000953674316,3.2100000381469727,3.390000104904175,2928500,0.0,0.0
2025-11-25 00:00:00-05:00,3.4000000953674316,3.5399999618530273,3.3499999046325684,3.4700000286102295,1320800,0.0,0.0
2025-11-26 00:00:00-05:00,3.450000047683716,3.5299999713897705,3.440000057220459,3.450000047683716,1563800,0.0,0.0
2025-11-28 00:00:00-05:00,3.4700000286102295,3.509999990463257,3.4000000953674316,3.4600000381469727,749000,0.0,0.0
2025-12-01 00:00:00-05:00,3.430000066757202,3.8299999237060547,3.369999885559082,3.630000114440918,6843100,0.0,0.0
2025-12-02 00:00:00-05:00,3.6600000858306885,3.869999885559082,3.5799999237060547,3.609999895095825,2945500,0.0,0.0
2025-12-03 00:00:00-05:00,3.6600000858306885,3.6600000858306885,3.4600000381469727,3.569999933242798,1807300,0.0,0.0
2025-12-04 00:00:00-05:00,3.569999933242798,3.740000009536743,3.5299999713897705,3.630000114440918,1990100,0.0,0.0
2025-12-05 00:00:00-05:00,3.630000114440918,3.680000066757202,3.4600000381469727,3.569999933242798,1657600,0.0,0.0
2025-12-08 00:00:00-05:00,3.5799999237060547,3.5899999141693115,3.309999942779541,3.319999933242798,1723300,0.0,0.0
2025-12-09 00:00:00-05:00,3.2799999713897705,3.4200000762939453,3.259999990463257,3.390000104904175,1235800,0.0,0.0
2025-12-10 00:00:00-05:00,3.380000114440918,3.4200000762939453,3.309999942779541,3.3399999141693115,1742700,0.0,0.0
2025-12-11 00:00:00-05:00,3.3499999046325684,3.4000000953674316,3.2699999809265137,3.2799999713897705,882900,0.0,0.0
2025-12-12 00:00:00-05:00,3.2899999618530273,3.319999933242798,3.200000047683716,3.240000009536743,3099800,0.0,0.0
2025-12-15 00:00:00-05:00,3.2699999809265137,3.2899999618530273,3.180000066757202,3.2200000286102295,1358000,0.0,0.0
2025-12-16 00:00:00-05:00,3.2300000190734863,3.259999990463257,3.1700000762939453,3.25,1248900,0.0,0.0
2025-12-17 00:00:00-05:00,3.240000009536743,3.2799999713897705,3.200000047683716,3.200000047683716,1089400,0.0,0.0
2025-12-18 00:00:00-05:00,3.2799999713897705,3.3399999141693115,3.200000047683716,3.2200000286102295,1457000,0.0,0.0
2025-12-19 00:00:00-05:00,3.25,3.2699999809265137,3.200000047683716,3.259999990463257,2098100,0.0,0.0
2025-12-22 00:00:00-05:00,3.2699999809265137,3.299999952316284,3.2100000381469727,3.2899999618530273,1116100,0.0,0.0
2025-12-23 00:00:00-05:00,3.2699999809265137,3.2899999618530273,3.200000047683716,3.2200000286102295,905900,0.0,0.0
2025-12-24 00:00:00-05:00,3.2200000286102295,3.25,3.1500000953674316,3.2100000381469727,463300,0.0,0.0
2025-12-26 00:00:00-05:00,3.2300000190734863,3.259999990463257,3.190000057220459,3.2300000190734863,847800,0.0,0.0
2025-12-29 00:00:00-05:00,3.2300000190734863,3.240000009536743,3.1600000858306885,3.2100000381469727,925300,0.0,0.0
2025-12-30 00:00:00-05:00,3.200000047683716,3.25,3.180000066757202,3.180000066757202,753600,0.0,0.0
2025-12-31 00:00:00-05:00,3.1500000953674316,3.180000066757202,3.0999999046325684,3.119999885559082,1014800,0.0,0.0
2026-01-02 00:00:00-05:00,3.119999885559082,3.1600000858306885,3.0399999618530273,3.0999999046325684,1068900,0.0,0.0
2026-01-05 00:00:00-05:00,3.1500000953674316,3.259999990463257,3.119999885559082,3.259999990463257,1006600,0.0,0.0
2026-01-06 00:00:00-05:00,3.25,3.380000114440918,3.2300000190734863,3.3399999141693115,1895600,0.0,0.0
2026-01-07 00:00:00-05:00,3.3499999046325684,3.380000114440918,3.240000009536743,3.259999990463257,1902100,0.0,0.0
2026-01-08 00:00:00-05:00,3.2300000190734863,3.4100000858306885,3.2200000286102295,3.3499999046325684,1009100,0.0,0.0
2026-01-09 00:00:00-05:00,3.369999885559082,3.4000000953674316,3.2899999618530273,3.319999933242798,936400,0.0,0.0
2026-01-12 00:00:00-05:00,3.299999952316284,3.390000104904175,3.2200000286102295,3.359999895095825,1036300,0.0,0.0
2026-01-13 00:00:00-05:00,3.390000104904175,3.390000104904175,3.2899999618530273,3.2899999618530273,1113500,0.0,0.0
2026-01-14 00:00:00-05:00,3.2899999618530273,3.299999952316284,3.2100000381469727,3.25,879400,0.0,0.0
2026-01-15 00:00:00-05:00,3.259999990463257,3.4100000858306885,3.240000009536743,3.3399999141693115,882200,0.0,0.0
2026-01-16 00:00:00-05:00,3.309999942779541,3.319999933242798,3.200000047683716,3.200000047683716,951900,0.0,0.0
2026-01-20 00:00:00-05:00,3.140000104904175,3.180000066757202,3.0999999046325684,3.130000114440918,1096500,0.0,0.0
2026-01-21 00:00:00-05:00,3.299999952316284,3.3499999046325684,3.119999885559082,3.2699999809265137,2446500,0.0,0.0
2026-01-22 00:00:00-05:00,3.25,3.5299999713897705,3.240000009536743,3.3499999046325684,2305500,0.0,0.0
2026-01-23 00:00:00-05:00,3.319999933242798,3.3299999237060547,3.1600000858306885,3.25,1604100,0.0,0.0
2026-01-26 00:00:00-05:00,3.240000009536743,3.3499999046325684,3.190000057220459,3.200000047683716,1640400,0.0,0.0
2026-01-27 00:00:00-05:00,3.25,3.299999952316284,3.0899999141693115,3.130000114440918,2051700,0.0,0.0
2026-01-28 00:00:00-05:00,3.059999942779541,3.0999999046325684,2.950000047683716,3.0899999141693115,2413200,0.0,0.0
2026-01-29 00:00:00-05:00,3.059999942779541,3.2200000286102295,3.049999952316284,3.1700000762939453,1333300,0.0,0.0
2026-01-30 00:00:00-05:00,3.1500000953674316,3.2200000286102295,3.009999990463257,3.2100000381469727,2359000,0.0,0.0
2026-02-02 00:00:00-05:00,3.119999885559082,3.2899999618530273,3.0799999237060547,3.190000057220459,4090600,0.0,0.0
2026-02-03 00:00:00-05:00,3.200000047683716,3.259999990463257,3.0199999809265137,3.130000114440918,2301800,0.0,0.0
2026-02-04 00:00:00-05:00,3.130000114440918,3.180000066757202,3.069999933242798,3.0999999046325684,1584800,0.0,0.0
2026-02-05 00:00:00-05:00,3.0999999046325684,3.190000057220459,3.0199999809265137,3.0399999618530273,2809100,0.0,0.0
2026-02-06 00:00:00-05:00,3.069999933242798,3.180000066757202,3.059999942779541,3.1500000953674316,3546600,0.0,0.0
2026-02-09 00:00:00-05:00,3.1600000858306885,3.180000066757202,3.0899999141693115,3.130000114440918,1378600,0.0,0.0
2026-02-10 00:00:00-05:00,3.109999895095825,3.25,3.109999895095825,3.1500000953674316,1022800,0.0,0.0
2026-02-11 00:00:00-05:00,3.180000066757202,3.380000114440918,3.1600000858306885,3.369999885559082,2277800,0.0,0.0
2026-02-12 00:00:00-05:00,3.390000104904175,3.5399999618530273,3.390000104904175,3.440000057220459,1351300,0.0,0.0
2026-02-13 00:00:00-05:00,3.440000057220459,3.569999933242798,3.4100000858306885,3.4200000762939453,971900,0.0,0.0
2026-02-17 00:00:00-05:00,3.4100000858306885,3.5,3.369999885559082,3.440000057220459,972800,0.0,0.0
2026-02-18 00:00:00-05:00,3.390000104904175,3.430000066757202,3.319999933242798,3.3399999141693115,1782000,0.0,0.0
2026-02-19 00:00:00-05:00,3.109999895095825,3.6500000953674316,3.069999933242798,3.5199999809265137,3641400,0.0,0.0
2026-02-20 00:00:00-05:00,3.549999952316284,3.6700000762939453,3.4200000762939453,3.559999942779541,1650500,0.0,0.0
2026-02-23 00:00:00-05:00,3.559999942779541,3.5999999046325684,3.299999952316284,3.3299999237060547,1889700,0.0,0.0
2026-02-24 00:00:00-05:00,3.3399999141693115,3.509999990463257,3.3399999141693115,3.490000009536743,2074700,0.0,0.0
2026-02-25 00:00:00-05:00,3.5399999618530273,3.700000047683716,3.490000009536743,3.640000104904175,1790900,0.0,0.0
2026-02-26 00:00:00-05:00,3.619999885559082,3.7300000190734863,3.5399999618530273,3.6600000858306885,944900,0.0,0.0
2026-02-27 00:00:00-05:00,3.5999999046325684,3.630000114440918,3.440000057220459,3.4600000381469727,1860700,0.0,0.0
2026-03-02 00:00:00-05:00,3.3399999141693115,3.4700000286102295,3.299999952316284,3.390000104904175,871800,0.0,0.0
2026-03-03 00:00:00-05:00,3.2799999713897705,3.4600000381469727,3.240000009536743,3.450000047683716,1073336,0.0,0.0
