Date,Open,High,Low,Close,Volume,Dividends,Stock Splits
2022-01-03 00:00:00-05:00,154.25,154.4499969482422,151.74000549316406,154.0,153700,0.0,0.0
2022-01-04 00:00:00-05:00,154.1699981689453,156.94000244140625,154.1699981689453,155.25999450683594,172000,0.0,0.0
2022-01-05 00:00:00-05:00,154.91000366210938,157.5399932861328,154.1699981689453,154.24000549316406,243800,0.0,0.0
2022-01-06 00:00:00-05:00,154.38999938964844,157.86000061035156,153.88999938964844,154.89999389648438,211200,0.0,0.0
2022-01-07 00:00:00-05:00,155.11000061035156,155.8000030517578,148.55999755859375,148.61000061035156,154000,0.0,0.0
2022-01-10 00:00:00-05:00,147.6699981689453,149.58999633789062,146.4600067138672,148.9499969482422,115100,0.0,0.0
2022-01-11 00:00:00-05:00,151.4199981689453,151.7100067138672,148.33999633789062,151.64999389648438,165500,0.0,0.0
2022-01-12 00:00:00-05:00,151.1999969482422,153.66000366210938,148.82000732421875,151.32000732421875,142400,0.0,0.0
2022-01-13 00:00:00-05:00,151.44000244140625,154.08999633789062,149.27000427246094,150.2100067138672,107400,0.0,0.0
2022-01-14 00:00:00-05:00,149.17999267578125,151.3800048828125,149.17999267578125,151.3000030517578,94900,0.0,0.0
2022-01-18 00:00:00-05:00,149.91000366210938,151.44000244140625,147.89999389648438,150.0500030517578,172200,0.0,0.0
2022-01-19 00:00:00-05:00,150.8300018310547,152.07000732421875,148.94000244140625,151.72000122070312,257700,0.0,0.0
2022-01-20 00:00:00-05:00,152.5,153.3800048828125,150.16000366210938,150.25,353800,0.0,0.0
2022-01-21 00:00:00-05:00,149.72999572753906,151.1300048828125,147.9499969482422,148.8300018310547,183800,0.0,0.0
2022-01-24 00:00:00-05:00,147.39999389648438,152.69000244140625,146.7899932861328,152.52999877929688,290800,0.0,0.0
2022-01-25 00:00:00-05:00,150.89999389648438,150.89999389648438,141.6999969482422,144.0800018310547,390800,0.0,0.0
2022-01-26 00:00:00-05:00,143.82000732421875,145.17999267578125,141.75,143.61000061035156,274100,0.0,0.0
2022-01-27 00:00:00-05:00,144.00999450683594,147.27999877929688,142.1999969482422,143.22999572753906,247800,0.0,0.0
2022-01-28 00:00:00-05:00,143.4199981689453,144.60000610351562,140.6199951171875,144.60000610351562,317500,0.0,0.0
2022-01-31 00:00:00-05:00,144.0800018310547,146.27000427246094,143.3699951171875,145.80999755859375,499600,0.0,0.0
2022-02-01 00:00:00-05:00,145.92999267578125,145.92999267578125,143.67999267578125,144.91000366210938,141000,0.0,0.0
2022-02-02 00:00:00-05:00,144.69000244140625,146.19000244140625,143.13999938964844,144.13999938964844,213000,0.0,0.0
2022-02-03 00:00:00-05:00,143.27999877929688,145.50999450683594,143.27999877929688,144.72999572753906,307500,0.0,0.0
2022-02-04 00:00:00-05:00,144.16000366210938,148.07000732421875,144.00999450683594,147.30999755859375,191600,0.0,0.0
2022-02-07 00:00:00-05:00,147.3300018310547,148.10000610351562,145.75,146.9499969482422,138500,0.0,0.0
2022-02-08 00:00:00-05:00,146.88999938964844,150.3699951171875,146.6999969482422,149.9499969482422,151200,0.0,0.0
2022-02-09 00:00:00-05:00,150.77999877929688,153.6699981689453,150.77999877929688,152.57000732421875,209800,0.0,0.0
2022-02-10 00:00:00-05:00,151.05999755859375,153.22000122070312,150.02999877929688,150.61000061035156,145700,0.0,0.0
2022-02-11 00:00:00-05:00,150.94000244140625,152.0399932861328,147.24000549316406,149.14999389648438,135600,0.0,0.0
2022-02-14 00:00:00-05:00,148.38999938964844,149.77000427246094,146.83999633789062,147.5,238000,0.0,0.0
2022-02-15 00:00:00-05:00,148.1300048828125,148.72999572753906,145.3800048828125,146.25,146500,0.0,0.0
2022-02-16 00:00:00-05:00,145.97000122070312,146.0,143.27000427246094,145.1300048828125,145500,0.0,0.0
2022-02-17 00:00:00-05:00,144.69000244140625,145.08999633789062,143.4199981689453,143.50999450683594,154500,0.0,0.0
2022-02-18 00:00:00-05:00,143.36000061035156,144.7100067138672,141.94000244140625,142.64999389648438,161600,0.0,0.0
2022-02-22 00:00:00-05:00,142.55999755859375,145.0399932861328,141.1300048828125,141.97999572753906,164300,0.0,0.0
2022-02-23 00:00:00-05:00,142.2100067138672,143.16000366210938,137.30999755859375,137.30999755859375,294600,0.0,0.0
2022-02-24 00:00:00-05:00,133.4199981689453,142.83999633789062,132.36000061035156,142.0399932861328,259100,0.0,0.0
2022-02-25 00:00:00-05:00,140.5500030517578,145.92999267578125,140.5500030517578,145.57000732421875,280100,0.0,0.0
2022-02-28 00:00:00-05:00,143.60000610351562,146.30999755859375,143.5,146.0,172600,0.0,0.0
2022-03-01 00:00:00-05:00,145.0500030517578,148.22999572753906,145.0500030517578,146.8300018310547,175400,0.0,0.0
2022-03-02 00:00:00-05:00,146.7100067138672,151.52999877929688,146.50999450683594,150.33999633789062,200300,0.0,0.0
2022-03-03 00:00:00-05:00,150.30999755859375,151.86000061035156,149.1300048828125,149.4199981689453,118700,0.0,0.0
2022-03-04 00:00:00-05:00,148.82000732421875,150.0399932861328,147.7899932861328,149.7100067138672,96600,0.0,0.0
2022-03-07 00:00:00-05:00,149.19000244140625,150.3699951171875,147.05999755859375,148.2899932861328,196200,0.0,0.0
2022-03-08 00:00:00-05:00,147.50999450683594,149.3000030517578,144.47999572753906,145.05999755859375,201700,0.0,0.0
2022-03-09 00:00:00-05:00,147.47000122070312,151.36000061035156,145.4499969482422,145.7100067138672,95800,0.0,0.0
2022-03-10 00:00:00-05:00,144.7899932861328,147.52999877929688,143.99000549316406,145.33999633789062,91900,0.0,0.0
2022-03-11 00:00:00-05:00,146.32000732421875,147.44000244140625,144.82000732421875,145.3800048828125,92600,0.0,0.0
2022-03-14 00:00:00-04:00,145.69000244140625,148.77000427246094,145.5,147.80999755859375,107300,0.0,0.0
2022-03-15 00:00:00-04:00,147.89999389648438,152.38999938964844,147.3000030517578,152.1699981689453,213900,0.0,0.0
2022-03-16 00:00:00-04:00,152.52999877929688,154.02000427246094,151.16000366210938,153.69000244140625,191200,0.0,0.0
2022-03-17 00:00:00-04:00,153.0399932861328,155.38999938964844,152.8300018310547,155.2899932861328,133100,0.0,0.0
2022-03-18 00:00:00-04:00,155.36000061035156,155.6199951171875,152.72000122070312,155.1699981689453,237000,0.0,0.0
2022-03-21 00:00:00-04:00,154.97000122070312,156.02000427246094,152.57000732421875,155.77000427246094,149800,0.0,0.0
2022-03-22 00:00:00-04:00,156.0,156.66000366210938,153.8000030517578,155.10000610351562,168200,0.0,0.0
2022-03-23 00:00:00-04:00,154.27000427246094,154.6300048828125,149.25999450683594,149.2899932861328,165700,0.0,0.0
2022-03-24 00:00:00-04:00,149.82000732421875,151.82000732421875,148.49000549316406,150.9199981689453,228200,0.0,0.0
2022-03-25 00:00:00-04:00,151.6199951171875,152.0800018310547,150.42999267578125,151.57000732421875,84900,0.0,0.0
2022-03-28 00:00:00-04:00,151.72000122070312,154.6999969482422,151.72000122070312,154.5500030517578,139600,0.0,0.0
2022-03-29 00:00:00-04:00,155.9499969482422,158.4199981689453,155.9499969482422,156.67999267578125,163200,0.0,0.0
2022-03-30 00:00:00-04:00,156.0,158.22999572753906,155.0800018310547,158.08999633789062,139100,0.0,0.0
2022-03-31 00:00:00-04:00,158.3300018310547,159.4199981689453,157.1999969482422,157.22000122070312,196700,0.0,0.0
2022-04-01 00:00:00-04:00,160.35000610351562,160.35000610351562,157.44000244140625,159.52000427246094,157600,0.0,0.0
2022-04-04 00:00:00-04:00,158.8300018310547,159.08999633789062,156.32000732421875,156.91000366210938,198800,0.0,0.0
2022-04-05 00:00:00-04:00,156.91000366210938,160.0399932861328,156.91000366210938,158.94000244140625,189900,0.0,0.0
2022-04-06 00:00:00-04:00,158.39999389648438,162.30999755859375,157.75,162.1999969482422,397600,0.0,0.0
2022-04-07 00:00:00-04:00,162.1999969482422,163.9499969482422,158.07000732421875,160.00999450683594,427000,0.0,0.0
2022-04-08 00:00:00-04:00,160.61000061035156,162.30999755859375,159.6699981689453,160.58999633789062,160600,0.0,0.0
2022-04-11 00:00:00-04:00,160.67999267578125,163.69000244140625,160.44000244140625,161.66000366210938,179000,0.0,0.0
2022-04-12 00:00:00-04:00,162.6699981689453,163.97000122070312,160.2100067138672,163.5,194000,0.0,0.0
2022-04-13 00:00:00-04:00,162.6199951171875,164.49000549316406,161.4499969482422,162.8000030517578,92000,0.0,0.0
2022-04-14 00:00:00-04:00,162.4600067138672,165.42999267578125,162.4600067138672,162.9499969482422,96600,0.0,0.0
2022-04-18 00:00:00-04:00,162.32000732421875,163.72000122070312,160.30999755859375,161.0,131500,0.0,0.0
2022-04-19 00:00:00-04:00,161.0800018310547,163.77999877929688,160.9199981689453,163.58999633789062,359600,0.0,0.0
2022-04-20 00:00:00-04:00,164.52000427246094,167.27999877929688,164.52000427246094,166.88999938964844,207900,0.0,0.0
2022-04-21 00:00:00-04:00,168.1199951171875,169.60000610351562,166.64999389648438,169.27999877929688,233500,0.0,0.0
2022-04-22 00:00:00-04:00,169.82000732421875,170.30999755859375,166.77999877929688,167.3000030517578,526800,0.0,0.0
2022-04-25 00:00:00-04:00,167.0,167.0,159.49000549316406,161.25999450683594,239700,0.0,0.0
2022-04-26 00:00:00-04:00,160.83999633789062,161.9199981689453,158.6699981689453,158.8300018310547,248800,0.0,0.0
2022-04-27 00:00:00-04:00,158.57000732421875,160.6999969482422,157.4199981689453,158.07000732421875,302400,0.0,0.0
2022-04-28 00:00:00-04:00,162.0,165.19000244140625,153.88999938964844,155.55999755859375,198000,0.0,0.0
2022-04-29 00:00:00-04:00,155.8800048828125,158.6699981689453,154.38999938964844,157.7100067138672,295600,0.0,0.0
2022-05-02 00:00:00-04:00,157.7100067138672,159.66000366210938,153.88999938964844,155.77000427246094,348100,0.0,0.0
2022-05-03 00:00:00-04:00,155.1699981689453,158.4600067138672,154.3800048828125,155.08999633789062,179500,0.0,0.0
2022-05-04 00:00:00-04:00,155.75999450683594,163.77000427246094,154.10000610351562,163.5,353800,0.0,0.0
2022-05-05 00:00:00-04:00,162.30999755859375,163.5399932861328,159.50999450683594,163.2899932861328,369400,0.0,0.0
2022-05-06 00:00:00-04:00,162.24000549316406,166.0399932861328,161.05999755859375,165.7899932861328,424100,0.0,0.0
2022-05-09 00:00:00-04:00,164.50999450683594,167.6699981689453,163.8000030517578,167.1999969482422,409000,0.0,0.0
2022-05-10 00:00:00-04:00,167.22999572753906,169.57000732421875,165.8000030517578,166.1199951171875,479500,0.0,0.0
2022-05-11 00:00:00-04:00,165.8800048828125,168.36000061035156,164.97999572753906,165.57000732421875,391400,0.0,0.0
2022-05-12 00:00:00-04:00,164.4199981689453,166.4199981689453,162.30999755859375,164.10000610351562,375100,0.0,0.0
2022-05-13 00:00:00-04:00,165.0399932861328,167.3300018310547,164.36000061035156,165.74000549316406,237000,0.0,0.0
2022-05-16 00:00:00-04:00,165.2899932861328,169.2899932861328,165.0,169.25,149500,0.0,0.0
2022-05-17 00:00:00-04:00,170.64999389648438,170.64999389648438,166.00999450683594,167.36000061035156,207100,0.0,0.0
2022-05-18 00:00:00-04:00,166.5800018310547,167.24000549316406,162.58999633789062,162.6699981689453,230400,0.0,0.0
2022-05-19 00:00:00-04:00,162.2899932861328,162.7899932861328,159.57000732421875,161.0,256500,0.0,0.0
2022-05-20 00:00:00-04:00,161.27000427246094,162.3800048828125,159.9199981689453,161.9499969482422,213500,0.0,0.0
2022-05-23 00:00:00-04:00,162.92999267578125,164.02000427246094,160.27999877929688,161.92999267578125,201800,0.0,0.0
2022-05-24 00:00:00-04:00,162.22000122070312,165.69000244140625,159.8699951171875,164.5399932861328,318300,0.0,0.0
2022-05-25 00:00:00-04:00,163.88999938964844,164.75999450683594,162.89999389648438,163.6300048828125,153400,0.0,0.0
2022-05-26 00:00:00-04:00,164.91000366210938,165.55999755859375,163.25,165.0,127300,0.0,0.0
2022-05-27 00:00:00-04:00,166.1999969482422,168.1300048828125,166.1999969482422,167.0800018310547,132800,0.0,0.0
2022-05-31 00:00:00-04:00,166.02999877929688,169.33999633789062,163.5500030517578,168.0,364100,0.0,0.0
2022-06-01 00:00:00-04:00,168.35000610351562,168.5500030517578,166.25,167.52999877929688,168400,0.0,0.0
2022-06-02 00:00:00-04:00,167.77999877929688,170.80999755859375,167.0,169.67999267578125,205200,0.0,0.0
2022-06-03 00:00:00-04:00,168.60000610351562,168.60000610351562,166.27999877929688,166.74000549316406,147400,0.0,0.0
2022-06-06 00:00:00-04:00,170.02999877929688,172.52999877929688,167.17999267578125,170.52999877929688,231800,0.0,0.0
2022-06-07 00:00:00-04:00,170.1199951171875,172.69000244140625,168.69000244140625,172.67999267578125,174100,0.0,0.0
2022-06-08 00:00:00-04:00,170.86000061035156,172.6699981689453,168.33999633789062,169.63999938964844,150300,0.0,0.0
2022-06-09 00:00:00-04:00,170.1199951171875,170.41000366210938,165.64999389648438,165.69000244140625,131300,0.0,0.0
2022-06-10 00:00:00-04:00,163.69000244140625,165.6300048828125,160.82000732421875,164.24000549316406,183600,0.0,0.0
2022-06-13 00:00:00-04:00,162.11000061035156,163.6199951171875,161.00999450683594,162.8000030517578,308900,0.0,0.0
2022-06-14 00:00:00-04:00,161.75,163.47000122070312,161.25,162.11000061035156,265000,0.0,0.0
2022-06-15 00:00:00-04:00,163.4199981689453,164.69000244140625,161.57000732421875,162.8699951171875,228300,0.0,0.0
2022-06-16 00:00:00-04:00,161.1199951171875,163.75999450683594,160.44000244140625,162.9499969482422,347400,0.0,0.0
2022-06-17 00:00:00-04:00,164.64999389648438,165.3300018310547,162.47999572753906,164.02000427246094,451800,0.0,0.0
2022-06-21 00:00:00-04:00,164.11000061035156,170.05999755859375,163.77000427246094,169.02999877929688,310200,0.0,0.0
2022-06-22 00:00:00-04:00,168.22000122070312,171.27000427246094,167.8800048828125,169.00999450683594,252600,0.0,0.0
2022-06-23 00:00:00-04:00,169.3800048828125,174.35000610351562,169.3800048828125,173.4600067138672,267900,0.0,0.0
2022-06-24 00:00:00-04:00,174.44000244140625,178.13999938964844,174.44000244140625,177.6199951171875,708900,0.0,0.0
2022-06-27 00:00:00-04:00,177.75999450683594,178.1300048828125,173.64999389648438,174.33999633789062,285400,0.0,0.0
2022-06-28 00:00:00-04:00,174.8800048828125,174.8800048828125,171.39999389648438,172.2100067138672,314500,0.0,0.0
2022-06-29 00:00:00-04:00,172.10000610351562,177.1699981689453,171.91000366210938,176.85000610351562,203800,0.0,0.0
2022-06-30 00:00:00-04:00,176.2100067138672,182.08999633789062,175.33999633789062,180.85000610351562,499400,0.0,0.0
2022-07-01 00:00:00-04:00,181.0,184.5800018310547,179.17999267578125,183.72999572753906,246800,0.0,0.0
2022-07-05 00:00:00-04:00,182.47999572753906,184.14999389648438,178.8699951171875,181.99000549316406,354600,0.0,0.0
2022-07-06 00:00:00-04:00,183.0500030517578,186.39999389648438,181.64999389648438,185.50999450683594,486400,0.0,0.0
2022-07-07 00:00:00-04:00,185.92999267578125,188.61000061035156,184.1300048828125,187.63999938964844,302700,0.0,0.0
2022-07-08 00:00:00-04:00,187.58999633789062,188.99000549316406,186.5800018310547,188.6999969482422,207600,0.0,0.0
2022-07-11 00:00:00-04:00,188.25999450683594,190.42999267578125,187.94000244140625,188.74000549316406,251200,0.0,0.0
2022-07-12 00:00:00-04:00,189.0500030517578,190.16000366210938,185.80999755859375,186.75999450683594,153200,0.0,0.0
2022-07-13 00:00:00-04:00,185.02000427246094,187.38999938964844,185.02000427246094,186.39999389648438,196900,0.0,0.0
2022-07-14 00:00:00-04:00,185.89999389648438,187.27999877929688,184.4199981689453,186.85000610351562,145900,0.0,0.0
2022-07-15 00:00:00-04:00,187.74000549316406,188.47999572753906,186.02000427246094,187.6199951171875,132800,0.0,0.0
2022-07-18 00:00:00-04:00,187.77999877929688,188.55999755859375,186.3300018310547,186.61000061035156,134600,0.0,0.0
2022-07-19 00:00:00-04:00,188.1199951171875,190.33999633789062,186.7100067138672,187.3800048828125,250900,0.0,0.0
2022-07-20 00:00:00-04:00,187.89999389648438,188.52999877929688,184.5,187.60000610351562,308300,0.0,0.0
2022-07-21 00:00:00-04:00,187.11000061035156,187.11000061035156,180.25,184.27999877929688,321400,0.0,0.0
2022-07-22 00:00:00-04:00,183.7899932861328,185.02999877929688,180.6199951171875,182.0500030517578,280100,0.0,0.0
2022-07-25 00:00:00-04:00,183.36000061035156,185.92999267578125,182.97999572753906,183.63999938964844,216900,0.0,0.0
2022-07-26 00:00:00-04:00,183.0800018310547,185.9600067138672,182.13999938964844,184.99000549316406,186600,0.0,0.0
2022-07-27 00:00:00-04:00,184.4600067138672,185.61000061035156,181.35000610351562,182.02999877929688,307300,0.0,0.0
2022-07-28 00:00:00-04:00,178.92999267578125,181.52000427246094,162.97999572753906,165.5500030517578,733000,0.0,0.0
2022-07-29 00:00:00-04:00,164.6300048828125,168.9199981689453,162.88999938964844,163.55999755859375,381200,0.0,0.0
2022-08-01 00:00:00-04:00,162.58999633789062,163.72999572753906,160.57000732421875,161.17999267578125,502300,0.0,0.0
2022-08-02 00:00:00-04:00,161.10000610351562,162.72999572753906,158.77000427246094,161.49000549316406,315800,0.0,0.0
2022-08-03 00:00:00-04:00,161.49000549316406,162.55999755859375,158.92999267578125,159.86000061035156,292100,0.0,0.0
2022-08-04 00:00:00-04:00,160.47000122070312,162.00999450683594,158.52999877929688,159.66000366210938,219700,0.0,0.0
2022-08-05 00:00:00-04:00,158.9199981689453,161.1300048828125,157.5500030517578,160.97999572753906,223400,0.0,0.0
2022-08-08 00:00:00-04:00,160.99000549316406,161.36000061035156,157.99000549316406,159.74000549316406,154600,0.0,0.0
2022-08-09 00:00:00-04:00,161.07000732421875,161.8800048828125,159.47999572753906,161.66000366210938,216200,0.0,0.0
2022-08-10 00:00:00-04:00,162.6999969482422,164.60000610351562,161.8300018310547,162.0,226800,0.0,0.0
2022-08-11 00:00:00-04:00,162.72000122070312,163.75999450683594,161.57000732421875,162.64999389648438,171400,0.0,0.0
2022-08-12 00:00:00-04:00,162.9600067138672,164.58999633789062,162.39999389648438,164.1199951171875,129000,0.0,0.0
2022-08-15 00:00:00-04:00,163.75999450683594,168.10000610351562,163.6300048828125,167.1999969482422,180800,0.0,0.0
2022-08-16 00:00:00-04:00,166.63999938964844,167.94000244140625,164.8800048828125,166.50999450683594,434200,0.0,0.0
2022-08-17 00:00:00-04:00,166.85000610351562,169.25,166.0500030517578,168.97000122070312,119000,0.0,0.0
2022-08-18 00:00:00-04:00,170.0,170.32000732421875,168.63999938964844,168.83999633789062,105700,0.0,0.0
2022-08-19 00:00:00-04:00,169.19000244140625,171.5800018310547,167.67999267578125,171.14999389648438,201000,0.0,0.0
2022-08-22 00:00:00-04:00,170.16000366210938,171.57000732421875,169.97000122070312,170.52000427246094,191700,0.0,0.0
2022-08-23 00:00:00-04:00,169.85000610351562,169.85000610351562,163.24000549316406,163.50999450683594,151600,0.0,0.0
2022-08-24 00:00:00-04:00,163.6999969482422,164.77999877929688,162.1699981689453,164.22000122070312,130800,0.0,0.0
2022-08-25 00:00:00-04:00,163.7100067138672,166.22000122070312,162.10000610351562,162.60000610351562,141100,0.0,0.0
2022-08-26 00:00:00-04:00,162.80999755859375,164.60000610351562,161.61000061035156,161.8300018310547,133500,0.0,0.0
2022-08-29 00:00:00-04:00,160.66000366210938,161.05999755859375,159.17999267578125,159.9499969482422,113900,0.0,0.0
2022-08-30 00:00:00-04:00,159.42999267578125,159.9600067138672,157.39999389648438,157.61000061035156,369700,0.0,0.0
2022-08-31 00:00:00-04:00,158.41000366210938,161.14999389648438,157.08999633789062,160.60000610351562,200900,0.0,0.0
2022-09-01 00:00:00-04:00,160.85000610351562,162.8300018310547,160.30999755859375,160.7899932861328,146700,0.0,0.0
2022-09-02 00:00:00-04:00,161.67999267578125,161.67999267578125,155.47000122070312,156.24000549316406,151600,0.0,0.0
2022-09-06 00:00:00-04:00,156.44000244140625,158.52000427246094,155.9199981689453,157.9600067138672,178300,0.0,0.0
2022-09-07 00:00:00-04:00,158.44000244140625,159.05999755859375,157.3800048828125,158.02999877929688,114400,0.0,0.0
2022-09-08 00:00:00-04:00,158.82000732421875,159.86000061035156,157.13999938964844,158.4199981689453,107300,0.0,0.0
2022-09-09 00:00:00-04:00,158.4600067138672,160.27000427246094,158.22999572753906,158.9600067138672,118600,0.0,0.0
2022-09-12 00:00:00-04:00,159.0,159.89999389648438,158.4499969482422,158.8699951171875,98500,0.0,0.0
2022-09-13 00:00:00-04:00,158.8699951171875,159.00999450683594,156.07000732421875,156.9600067138672,145700,0.0,0.0
2022-09-14 00:00:00-04:00,157.13999938964844,157.58999633789062,155.3300018310547,155.91000366210938,172700,0.0,0.0
2022-09-15 00:00:00-04:00,155.52000427246094,155.52000427246094,152.94000244140625,153.57000732421875,186100,0.0,0.0
2022-09-16 00:00:00-04:00,153.30999755859375,155.25,152.9600067138672,154.97000122070312,367700,0.0,0.0
2022-09-19 00:00:00-04:00,154.7899932861328,157.36000061035156,154.0399932861328,157.11000061035156,383700,0.0,0.0
2022-09-20 00:00:00-04:00,156.63999938964844,157.35000610351562,154.52999877929688,157.00999450683594,230800,0.0,0.0
2022-09-21 00:00:00-04:00,157.7100067138672,159.0,156.9499969482422,157.16000366210938,644100,0.0,0.0
2022-09-22 00:00:00-04:00,156.3800048828125,157.97000122070312,155.1999969482422,157.33999633789062,205600,0.0,0.0
2022-09-23 00:00:00-04:00,155.80999755859375,159.6300048828125,155.57000732421875,159.5800018310547,346200,0.0,0.0
2022-09-26 00:00:00-04:00,158.13999938964844,160.77000427246094,155.99000549316406,159.94000244140625,348500,0.0,0.0
2022-09-27 00:00:00-04:00,160.4499969482422,162.17999267578125,158.89999389648438,161.4600067138672,513500,0.0,0.0
2022-09-28 00:00:00-04:00,163.16000366210938,165.74000549316406,160.02000427246094,164.6699981689453,318400,0.0,0.0
2022-09-29 00:00:00-04:00,164.63999938964844,165.2899932861328,163.2899932861328,165.0800018310547,319400,0.0,0.0
2022-09-30 00:00:00-04:00,164.6199951171875,167.00999450683594,163.1300048828125,165.7100067138672,350800,0.0,0.0
2022-10-03 00:00:00-04:00,165.57000732421875,167.92999267578125,164.64999389648438,166.9199981689453,209000,0.0,0.0
2022-10-04 00:00:00-04:00,167.8300018310547,173.52000427246094,166.9499969482422,171.63999938964844,370400,0.0,0.0
2022-10-05 00:00:00-04:00,171.5,174.47999572753906,169.47999572753906,173.50999450683594,383000,0.0,0.0
2022-10-06 00:00:00-04:00,173.8800048828125,174.0500030517578,171.24000549316406,171.66000366210938,276900,0.0,0.0
2022-10-07 00:00:00-04:00,171.3800048828125,172.97999572753906,169.5,172.69000244140625,204400,0.0,0.0
2022-10-10 00:00:00-04:00,173.14999389648438,174.74000549316406,172.1199951171875,174.3800048828125,145600,0.0,0.0
2022-10-11 00:00:00-04:00,174.7899932861328,178.67999267578125,174.7899932861328,178.63999938964844,429600,0.0,0.0
2022-10-12 00:00:00-04:00,179.1199951171875,181.02000427246094,173.1699981689453,173.25999450683594,399000,0.0,0.0
2022-10-13 00:00:00-04:00,172.30999755859375,180.35000610351562,170.75999450683594,179.32000732421875,398200,0.0,0.0
2022-10-14 00:00:00-04:00,179.5500030517578,181.0,179.2100067138672,179.9600067138672,375000,0.0,0.0
2022-10-17 00:00:00-04:00,181.3300018310547,181.77999877929688,178.3000030517578,179.0800018310547,265200,0.0,0.0
2022-10-18 00:00:00-04:00,181.5500030517578,182.97000122070312,178.33999633789062,182.92999267578125,282400,0.0,0.0
2022-10-19 00:00:00-04:00,182.08999633789062,184.22999572753906,181.38999938964844,183.97999572753906,237600,0.0,0.0
2022-10-20 00:00:00-04:00,184.77000427246094,184.77000427246094,180.9199981689453,182.27999877929688,187500,0.0,0.0
2022-10-21 00:00:00-04:00,182.9199981689453,186.97999572753906,182.25999450683594,185.80999755859375,238600,0.0,0.0
2022-10-24 00:00:00-04:00,186.67999267578125,187.67999267578125,184.4600067138672,185.27999877929688,195400,0.0,0.0
2022-10-25 00:00:00-04:00,186.11000061035156,186.11000061035156,178.66000366210938,178.74000549316406,375000,0.0,0.0
2022-10-26 00:00:00-04:00,179.97000122070312,179.97000122070312,175.4499969482422,176.2100067138672,680000,0.0,0.0
2022-10-27 00:00:00-04:00,176.38999938964844,176.80999755859375,141.9499969482422,143.24000549316406,1742900,0.0,0.0
2022-10-28 00:00:00-04:00,142.52000427246094,155.08999633789062,140.08999633789062,153.97000122070312,1226900,0.0,0.0
2022-10-31 00:00:00-04:00,153.1300048828125,156.75999450683594,148.22999572753906,155.6300048828125,645900,0.0,0.0
2022-11-01 00:00:00-04:00,156.67999267578125,157.1999969482422,151.75,153.4199981689453,532000,0.0,0.0
2022-11-02 00:00:00-04:00,154.05999755859375,160.47999572753906,152.5800018310547,157.08999633789062,452400,0.0,0.0
2022-11-03 00:00:00-04:00,155.7899932861328,158.57000732421875,155.39999389648438,157.75999450683594,355200,0.0,0.0
2022-11-04 00:00:00-04:00,157.6300048828125,159.58999633789062,153.25,159.5500030517578,392400,0.0,0.0
2022-11-07 00:00:00-05:00,160.07000732421875,165.00999450683594,159.42999267578125,164.75,258800,0.0,0.0
2022-11-08 00:00:00-05:00,162.0,163.44000244140625,158.38999938964844,159.91000366210938,306100,0.0,0.0
2022-11-09 00:00:00-05:00,160.67999267578125,165.97000122070312,159.86000061035156,162.99000549316406,260300,0.0,0.0
2022-11-10 00:00:00-05:00,164.08999633789062,166.80999755859375,162.99000549316406,166.07000732421875,261200,0.0,0.0
2022-11-11 00:00:00-05:00,166.83999633789062,166.89999389648438,158.6199951171875,160.75,294300,0.0,0.0
2022-11-14 00:00:00-05:00,161.47000122070312,168.14999389648438,159.72999572753906,166.3699951171875,276100,0.0,0.0
2022-11-15 00:00:00-05:00,166.5800018310547,168.5399932861328,164.61000061035156,165.86000061035156,196000,0.0,0.0
2022-11-16 00:00:00-05:00,166.8000030517578,169.60000610351562,165.19000244140625,168.11000061035156,289100,0.0,0.0
2022-11-17 00:00:00-05:00,168.85000610351562,172.49000549316406,165.60000610351562,172.4600067138672,242100,0.0,0.0
2022-11-18 00:00:00-05:00,173.00999450683594,173.25,167.52999877929688,168.77999877929688,444100,0.0,0.0
2022-11-21 00:00:00-05:00,170.77000427246094,171.19000244140625,167.9199981689453,170.36000061035156,157400,0.0,0.0
2022-11-22 00:00:00-05:00,170.4199981689453,173.4600067138672,170.02000427246094,172.00999450683594,193000,0.0,0.0
2022-11-23 00:00:00-05:00,171.44000244140625,173.80999755859375,170.22999572753906,173.3000030517578,121000,0.0,0.0
2022-11-25 00:00:00-05:00,173.99000549316406,174.24000549316406,172.4600067138672,173.35000610351562,51500,0.0,0.0
2022-11-28 00:00:00-05:00,173.1300048828125,175.97999572753906,171.2899932861328,173.77999877929688,169400,0.0,0.0
2022-11-29 00:00:00-05:00,173.55999755859375,175.49000549316406,170.5500030517578,170.55999755859375,250600,0.0,0.0
2022-11-30 00:00:00-05:00,169.9600067138672,172.8300018310547,167.75,172.82000732421875,401500,0.0,0.0
2022-12-01 00:00:00-05:00,172.39999389648438,172.6999969482422,168.3000030517578,168.47000122070312,218000,0.0,0.0
2022-12-02 00:00:00-05:00,169.9499969482422,172.41000366210938,166.39999389648438,171.4499969482422,562300,0.0,0.0
2022-12-05 00:00:00-05:00,171.3000030517578,171.8800048828125,167.8300018310547,169.86000061035156,480900,0.0,0.0
2022-12-06 00:00:00-05:00,169.1300048828125,171.1999969482422,164.36000061035156,165.17999267578125,302100,0.0,0.0
2022-12-07 00:00:00-05:00,165.14999389648438,169.27000427246094,165.14999389648438,168.57000732421875,161400,0.0,0.0
2022-12-08 00:00:00-05:00,168.67999267578125,170.61000061035156,164.0,164.02000427246094,240300,0.0,0.0
2022-12-09 00:00:00-05:00,163.50999450683594,163.77999877929688,161.10000610351562,162.0,217100,0.0,0.0
2022-12-12 00:00:00-05:00,161.77000427246094,163.16000366210938,158.0399932861328,161.8800048828125,260300,0.0,0.0
2022-12-13 00:00:00-05:00,163.3000030517578,164.25,158.22000122070312,158.35000610351562,318400,0.0,0.0
2022-12-14 00:00:00-05:00,158.67999267578125,160.8699951171875,156.97999572753906,159.6300048828125,243400,0.0,0.0
2022-12-15 00:00:00-05:00,159.8800048828125,160.4499969482422,154.5,157.4199981689453,269300,0.0,0.0
2022-12-16 00:00:00-05:00,156.5,156.66000366210938,153.7100067138672,154.52999877929688,315700,0.0,0.0
2022-12-19 00:00:00-05:00,153.50999450683594,155.86000061035156,152.4199981689453,155.72999572753906,204600,0.0,0.0
2022-12-20 00:00:00-05:00,155.58999633789062,156.4199981689453,153.8699951171875,154.41000366210938,266500,0.0,0.0
2022-12-21 00:00:00-05:00,154.55999755859375,156.6199951171875,154.47000122070312,155.05999755859375,485500,0.0,0.0
2022-12-22 00:00:00-05:00,155.2899932861328,155.6699981689453,152.94000244140625,155.44000244140625,400400,0.0,0.0
2022-12-23 00:00:00-05:00,155.6199951171875,157.0800018310547,154.92999267578125,156.88999938964844,120400,0.0,0.0
2022-12-27 00:00:00-05:00,157.24000549316406,159.77999877929688,157.14999389648438,159.52999877929688,101300,0.0,0.0
2022-12-28 00:00:00-05:00,159.77000427246094,160.8699951171875,158.3000030517578,158.72999572753906,158800,0.0,0.0
2022-12-29 00:00:00-05:00,159.22999572753906,161.66000366210938,158.27000427246094,159.3300018310547,191700,0.0,0.0
2022-12-30 00:00:00-05:00,159.1300048828125,159.27000427246094,157.2100067138672,158.8000030517578,118400,0.0,0.0
2023-01-03 00:00:00-05:00,158.5,162.2100067138672,157.49000549316406,161.88999938964844,438300,0.0,0.0
2023-01-04 00:00:00-05:00,161.39999389648438,163.36000061035156,160.6300048828125,161.82000732421875,246900,0.0,0.0
2023-01-05 00:00:00-05:00,161.27000427246094,163.60000610351562,159.57000732421875,160.25999450683594,418900,0.0,0.0
2023-01-06 00:00:00-05:00,161.39999389648438,162.27999877929688,159.83999633789062,162.11000061035156,125400,0.0,0.0
2023-01-09 00:00:00-05:00,162.27999877929688,162.27999877929688,156.72000122070312,156.72999572753906,187600,0.0,0.0
2023-01-10 00:00:00-05:00,157.00999450683594,162.3000030517578,157.00999450683594,161.1300048828125,158600,0.0,0.0
2023-01-11 00:00:00-05:00,158.9600067138672,161.02000427246094,158.41000366210938,159.00999450683594,155800,0.0,0.0
2023-01-12 00:00:00-05:00,158.6300048828125,162.27000427246094,158.22999572753906,160.72000122070312,163900,0.0,0.0
2023-01-13 00:00:00-05:00,160.30999755859375,162.66000366210938,159.07000732421875,162.39999389648438,121400,0.0,0.0
2023-01-17 00:00:00-05:00,163.25,165.25,162.6999969482422,163.2899932861328,206800,0.0,0.0
2023-01-18 00:00:00-05:00,163.60000610351562,163.6199951171875,155.13999938964844,155.13999938964844,456800,0.0,0.0
2023-01-19 00:00:00-05:00,154.75,157.55999755859375,154.60000610351562,156.64999389648438,180800,0.0,0.0
2023-01-20 00:00:00-05:00,157.41000366210938,160.22999572753906,156.05999755859375,159.5399932861328,194600,0.0,0.0
2023-01-23 00:00:00-05:00,159.83999633789062,163.72000122070312,159.83999633789062,161.3800048828125,100100,0.0,0.0
2023-01-24 00:00:00-05:00,160.07000732421875,163.97000122070312,160.07000732421875,162.82000732421875,154600,0.0,0.0
2023-01-25 00:00:00-05:00,163.1300048828125,163.1300048828125,160.00999450683594,161.17999267578125,114900,0.0,0.0
2023-01-26 00:00:00-05:00,161.89999389648438,163.41000366210938,160.8000030517578,161.0,233500,0.0,0.0
2023-01-27 00:00:00-05:00,160.86000061035156,161.75999450683594,157.17999267578125,158.24000549316406,225600,0.0,0.0
2023-01-30 00:00:00-05:00,158.19000244140625,159.16000366210938,156.1300048828125,156.42999267578125,188100,0.0,0.0
2023-01-31 00:00:00-05:00,157.19000244140625,160.0399932861328,157.19000244140625,159.52000427246094,200500,0.0,0.0
2023-02-01 00:00:00-05:00,159.74000549316406,163.02999877929688,158.07000732421875,161.80999755859375,225200,0.0,0.0
2023-02-02 00:00:00-05:00,161.2100067138672,162.39999389648438,158.2100067138672,161.0399932861328,315200,0.0,0.0
2023-02-03 00:00:00-05:00,160.97000122070312,166.88999938964844,160.36000061035156,164.6300048828125,207200,0.0,0.0
2023-02-06 00:00:00-05:00,165.0500030517578,166.58999633789062,163.6999969482422,165.36000061035156,98100,0.0,0.0
2023-02-07 00:00:00-05:00,164.72999572753906,167.3699951171875,162.47000122070312,165.5,171700,0.0,0.0
2023-02-08 00:00:00-05:00,165.30999755859375,165.86000061035156,164.49000549316406,164.61000061035156,99800,0.0,0.0
2023-02-09 00:00:00-05:00,164.60000610351562,165.72000122070312,161.44000244140625,161.60000610351562,111000,0.0,0.0
2023-02-10 00:00:00-05:00,161.89999389648438,164.1300048828125,160.9199981689453,163.3000030517578,108400,0.0,0.0
2023-02-13 00:00:00-05:00,163.6300048828125,164.66000366210938,162.8800048828125,162.9199981689453,82500,0.0,0.0
2023-02-14 00:00:00-05:00,161.9199981689453,163.49000549316406,160.35000610351562,161.16000366210938,612800,0.0,0.0
2023-02-15 00:00:00-05:00,160.75,162.0800018310547,159.4600067138672,160.60000610351562,197800,0.0,0.0
2023-02-16 00:00:00-05:00,160.17999267578125,163.4600067138672,159.80999755859375,162.1999969482422,129700,0.0,0.0
2023-02-17 00:00:00-05:00,162.5500030517578,164.64999389648438,162.5500030517578,164.1300048828125,175100,0.0,0.0
2023-02-21 00:00:00-05:00,163.4499969482422,166.8699951171875,162.94000244140625,164.7100067138672,236600,0.0,0.0
2023-02-22 00:00:00-05:00,164.72000122070312,165.72000122070312,163.1699981689453,163.8000030517578,213700,0.0,0.0
2023-02-23 00:00:00-05:00,169.0,184.74000549316406,168.0,180.9499969482422,544400,0.0,0.0
2023-02-24 00:00:00-05:00,180.5,183.82000732421875,178.08999633789062,183.6999969482422,207400,0.0,0.0
2023-02-27 00:00:00-05:00,184.1300048828125,188.60000610351562,183.63999938964844,184.25,275100,0.0,0.0
2023-02-28 00:00:00-05:00,183.42999267578125,185.7899932861328,182.77999877929688,183.7100067138672,233100,0.0,0.0
2023-03-01 00:00:00-05:00,182.58999633789062,184.4600067138672,181.83999633789062,183.5,154300,0.0,0.0
2023-03-02 00:00:00-05:00,182.52999877929688,185.0,181.77999877929688,183.3000030517578,187100,0.0,0.0
2023-03-03 00:00:00-05:00,183.6699981689453,183.89999389648438,181.47000122070312,183.8000030517578,205300,0.0,0.0
2023-03-06 00:00:00-05:00,183.8000030517578,184.6999969482422,182.35000610351562,182.75,171400,0.0,0.0
2023-03-07 00:00:00-05:00,182.75,183.1300048828125,180.52000427246094,181.60000610351562,188100,0.0,0.0
2023-03-08 00:00:00-05:00,181.72999572753906,183.10000610351562,179.27000427246094,180.67999267578125,155900,0.0,0.0
2023-03-09 00:00:00-05:00,181.75999450683594,181.75999450683594,179.08999633789062,179.94000244140625,192100,0.0,0.0
2023-03-10 00:00:00-05:00,179.58999633789062,192.24000549316406,178.61000061035156,186.5800018310547,921500,0.0,0.0
2023-03-13 00:00:00-04:00,186.83999633789062,201.6300048828125,186.61000061035156,195.24000549316406,799000,0.0,0.0
2023-03-14 00:00:00-04:00,194.24000549316406,196.77000427246094,192.4199981689453,196.13999938964844,427900,0.0,0.0
2023-03-15 00:00:00-04:00,195.94000244140625,198.1199951171875,192.6699981689453,196.1300048828125,399200,0.0,0.0
2023-03-16 00:00:00-04:00,195.58999633789062,199.25,193.6999969482422,198.00999450683594,237700,0.0,0.0
2023-03-17 00:00:00-04:00,199.9499969482422,200.0,194.83999633789062,195.94000244140625,410800,0.0,0.0
2023-03-20 00:00:00-04:00,196.63999938964844,197.9600067138672,194.49000549316406,196.00999450683594,251800,0.0,0.0
2023-03-21 00:00:00-04:00,196.6300048828125,196.6300048828125,191.27000427246094,193.85000610351562,166200,0.0,0.0
2023-03-22 00:00:00-04:00,194.35000610351562,196.24000549316406,192.50999450683594,193.39999389648438,165800,0.0,0.0
2023-03-23 00:00:00-04:00,193.39999389648438,195.63999938964844,191.3800048828125,193.57000732421875,248900,0.0,0.0
2023-03-24 00:00:00-04:00,193.27000427246094,194.9600067138672,192.8000030517578,193.60000610351562,125100,0.0,0.0
2023-03-27 00:00:00-04:00,193.41000366210938,196.13999938964844,192.74000549316406,195.99000549316406,99100,0.0,0.0
2023-03-28 00:00:00-04:00,196.16000366210938,197.07000732421875,194.25999450683594,195.35000610351562,140300,0.0,0.0
2023-03-29 00:00:00-04:00,195.63999938964844,196.4199981689453,194.00999450683594,194.89999389648438,177400,0.0,0.0
2023-03-30 00:00:00-04:00,195.4199981689453,197.25999450683594,194.97000122070312,196.42999267578125,107900,0.0,0.0
2023-03-31 00:00:00-04:00,197.22999572753906,198.58999633789062,195.82000732421875,197.35000610351562,138600,0.0,0.0
2023-04-03 00:00:00-04:00,197.38999938964844,199.32000732421875,196.4199981689453,198.11000061035156,278200,0.0,0.0
2023-04-04 00:00:00-04:00,198.00999450683594,198.75999450683594,194.50999450683594,197.49000549316406,243300,0.0,0.0
2023-04-05 00:00:00-04:00,198.5,198.5,195.85000610351562,197.3000030517578,390100,0.0,0.0
2023-04-06 00:00:00-04:00,196.61000061035156,200.52000427246094,196.61000061035156,200.39999389648438,154900,0.0,0.0
2023-04-10 00:00:00-04:00,199.97000122070312,203.69000244140625,199.72000122070312,202.82000732421875,143700,0.0,0.0
2023-04-11 00:00:00-04:00,202.64999389648438,204.19000244140625,202.11000061035156,202.77000427246094,108600,0.0,0.0
2023-04-12 00:00:00-04:00,202.50999450683594,204.47000122070312,202.50999450683594,202.99000549316406,122100,0.0,0.0
2023-04-13 00:00:00-04:00,203.3699951171875,205.6300048828125,202.5,203.91000366210938,114400,0.0,0.0
2023-04-14 00:00:00-04:00,203.33999633789062,204.83999633789062,203.27999877929688,204.07000732421875,87200,0.0,0.0
2023-04-17 00:00:00-04:00,204.9600067138672,204.9600067138672,200.89999389648438,202.35000610351562,128100,0.0,0.0
2023-04-18 00:00:00-04:00,202.1699981689453,202.8699951171875,200.35000610351562,202.32000732421875,149700,0.0,0.0
2023-04-19 00:00:00-04:00,202.0500030517578,203.44000244140625,197.05999755859375,197.72000122070312,169900,0.0,0.0
2023-04-20 00:00:00-04:00,197.6999969482422,200.22000122070312,197.1300048828125,199.6999969482422,287100,0.0,0.0
2023-04-21 00:00:00-04:00,200.4199981689453,200.77000427246094,196.0,196.8300018310547,248600,0.0,0.0
2023-04-24 00:00:00-04:00,196.8300018310547,199.6199951171875,196.16000366210938,198.75,251400,0.0,0.0
2023-04-25 00:00:00-04:00,199.3300018310547,199.3300018310547,196.8699951171875,197.4199981689453,133500,0.0,0.0
2023-04-26 00:00:00-04:00,196.8699951171875,198.92999267578125,194.52999877929688,198.25999450683594,183500,0.0,0.0
2023-04-27 00:00:00-04:00,173.4600067138672,194.39999389648438,167.38999938964844,181.6300048828125,835100,0.0,0.0
2023-04-28 00:00:00-04:00,180.9600067138672,182.97000122070312,175.77999877929688,180.5,369800,0.0,0.0
2023-05-01 00:00:00-04:00,180.0800018310547,182.42999267578125,177.7100067138672,177.85000610351562,404000,0.0,0.0
2023-05-02 00:00:00-04:00,176.97999572753906,179.83999633789062,174.7100067138672,179.35000610351562,340300,0.0,0.0
2023-05-03 00:00:00-04:00,178.6699981689453,180.08999633789062,176.9499969482422,177.05999755859375,259500,0.0,0.0
2023-05-04 00:00:00-04:00,176.36000061035156,179.13999938964844,174.9199981689453,177.13999938964844,207000,0.0,0.0
2023-05-05 00:00:00-04:00,176.58999633789062,177.5,173.10000610351562,175.11000061035156,290500,0.0,0.0
2023-05-08 00:00:00-04:00,175.1300048828125,176.74000549316406,173.4499969482422,176.30999755859375,231400,0.0,0.0
2023-05-09 00:00:00-04:00,177.39999389648438,178.5,174.4499969482422,177.1300048828125,219500,0.0,0.0
2023-05-10 00:00:00-04:00,177.47999572753906,178.05999755859375,175.77999877929688,177.02999877929688,198100,0.0,0.0
2023-05-11 00:00:00-04:00,177.35000610351562,177.82000732421875,174.74000549316406,177.11000061035156,185300,0.0,0.0
2023-05-12 00:00:00-04:00,177.94000244140625,177.94000244140625,175.8800048828125,176.05999755859375,115600,0.0,0.0
2023-05-15 00:00:00-04:00,175.77999877929688,175.88999938964844,172.3800048828125,172.8800048828125,180000,0.0,0.0
2023-05-16 00:00:00-04:00,172.8699951171875,176.89999389648438,172.3800048828125,176.8699951171875,243100,0.0,0.0
2023-05-17 00:00:00-04:00,177.5,178.4199981689453,173.1199951171875,177.5800018310547,258300,0.0,0.0
2023-05-18 00:00:00-04:00,177.25,179.1999969482422,175.77000427246094,178.63999938964844,303500,0.0,0.0
2023-05-19 00:00:00-04:00,180.0,182.92999267578125,177.60000610351562,182.05999755859375,267300,0.0,0.0
2023-05-22 00:00:00-04:00,181.74000549316406,185.77999877929688,181.63999938964844,181.7100067138672,258100,0.0,0.0
2023-05-23 00:00:00-04:00,180.8699951171875,187.39999389648438,180.8699951171875,184.3300018310547,437100,0.0,0.0
2023-05-24 00:00:00-04:00,184.60000610351562,186.75999450683594,182.60000610351562,186.47999572753906,272000,0.0,0.0
2023-05-25 00:00:00-04:00,186.94000244140625,188.1699981689453,184.5500030517578,186.6699981689453,232400,0.0,0.0
2023-05-26 00:00:00-04:00,186.64999389648438,188.97999572753906,185.58999633789062,188.61000061035156,130200,0.0,0.0
2023-05-30 00:00:00-04:00,188.97999572753906,189.0,185.52999877929688,186.19000244140625,192700,0.0,0.0
2023-05-31 00:00:00-04:00,186.80999755859375,188.39999389648438,185.0500030517578,188.00999450683594,455100,0.0,0.0
2023-06-01 00:00:00-04:00,188.57000732421875,189.99000549316406,187.77000427246094,188.25,249300,0.0,0.0
2023-06-02 00:00:00-04:00,188.0800018310547,193.24000549316406,188.0800018310547,192.10000610351562,217600,0.0,0.0
2023-06-05 00:00:00-04:00,190.6999969482422,191.3699951171875,186.33999633789062,186.89999389648438,200400,0.0,0.0
2023-06-06 00:00:00-04:00,186.42999267578125,187.35000610351562,184.63999938964844,186.0,139300,0.0,0.0
2023-06-07 00:00:00-04:00,185.25,189.27000427246094,185.25,187.97999572753906,272300,0.0,0.0
2023-06-08 00:00:00-04:00,186.91000366210938,191.5399932861328,186.77000427246094,191.19000244140625,154800,0.0,0.0
2023-06-09 00:00:00-04:00,190.80999755859375,192.69000244140625,189.88999938964844,191.1699981689453,172300,0.0,0.0
2023-06-12 00:00:00-04:00,190.8000030517578,192.5800018310547,189.92999267578125,192.52999877929688,174300,0.0,0.0
2023-06-13 00:00:00-04:00,191.89999389648438,193.36000061035156,191.8000030517578,193.0800018310547,182000,0.0,0.0
2023-06-14 00:00:00-04:00,192.13999938964844,193.8300018310547,189.32000732421875,193.16000366210938,154500,0.0,0.0
2023-06-15 00:00:00-04:00,193.72999572753906,194.97000122070312,192.5,193.91000366210938,221500,0.0,0.0
2023-06-16 00:00:00-04:00,195.0,195.0,191.9199981689453,193.1300048828125,438200,0.0,0.0
2023-06-20 00:00:00-04:00,193.0,194.0,191.82000732421875,192.05999755859375,204500,0.0,0.0
2023-06-21 00:00:00-04:00,192.10000610351562,193.6199951171875,191.3000030517578,192.66000366210938,190200,0.0,0.0
2023-06-22 00:00:00-04:00,192.97999572753906,194.1699981689453,192.0,193.6999969482422,168100,0.0,0.0
2023-06-23 00:00:00-04:00,193.2100067138672,194.2899932861328,187.77000427246094,188.22000122070312,396700,0.0,0.0
2023-06-26 00:00:00-04:00,187.80999755859375,189.52000427246094,187.0,187.2899932861328,192800,0.0,0.0
2023-06-27 00:00:00-04:00,187.42999267578125,188.0800018310547,184.77999877929688,186.94000244140625,215300,0.0,0.0
2023-06-28 00:00:00-04:00,186.67999267578125,186.75999450683594,181.47000122070312,184.99000549316406,229700,0.0,0.0
2023-06-29 00:00:00-04:00,184.24000549316406,189.17999267578125,180.52000427246094,188.91000366210938,513400,0.0,0.0
2023-06-30 00:00:00-04:00,189.7899932861328,192.36000061035156,189.11000061035156,190.1999969482422,329600,0.0,0.0
2023-07-03 00:00:00-04:00,190.1300048828125,192.8699951171875,189.35000610351562,192.36000061035156,147000,0.0,0.0
2023-07-05 00:00:00-04:00,192.86000061035156,197.0500030517578,192.75999450683594,196.5800018310547,347900,0.0,0.0
2023-07-06 00:00:00-04:00,196.8000030517578,199.0500030517578,194.0500030517578,194.55999755859375,418200,0.0,0.0
2023-07-07 00:00:00-04:00,194.02000427246094,195.5800018310547,192.47000122070312,194.63999938964844,261000,0.0,0.0
2023-07-10 00:00:00-04:00,194.7899932861328,199.14999389648438,194.5,198.75999450683594,177100,0.0,0.0
2023-07-11 00:00:00-04:00,199.11000061035156,202.1199951171875,199.10000610351562,202.0500030517578,178100,0.0,0.0
2023-07-12 00:00:00-04:00,201.2899932861328,202.74000549316406,193.63999938964844,194.5,448700,0.0,0.0
2023-07-13 00:00:00-04:00,195.85000610351562,198.6999969482422,193.86000061035156,195.5399932861328,206500,0.0,0.0
2023-07-14 00:00:00-04:00,194.7100067138672,197.7899932861328,194.7100067138672,197.47000122070312,252900,0.0,0.0
2023-07-17 00:00:00-04:00,198.0500030517578,199.27000427246094,197.10000610351562,197.44000244140625,195700,0.0,0.0
2023-07-18 00:00:00-04:00,197.41000366210938,201.1199951171875,197.41000366210938,200.4199981689453,197800,0.0,0.0
2023-07-19 00:00:00-04:00,201.19000244140625,202.4600067138672,198.6699981689453,200.41000366210938,612900,0.0,0.0
2023-07-20 00:00:00-04:00,201.17999267578125,201.89999389648438,196.36000061035156,196.64999389648438,290900,0.0,0.0
2023-07-21 00:00:00-04:00,197.4600067138672,199.2100067138672,194.3300018310547,194.6699981689453,215500,0.0,0.0
2023-07-24 00:00:00-04:00,195.3000030517578,195.97999572753906,192.61000061035156,193.13999938964844,319500,0.0,0.0
2023-07-25 00:00:00-04:00,192.27999877929688,194.49000549316406,191.13999938964844,193.99000549316406,357900,0.0,0.0
2023-07-26 00:00:00-04:00,193.99000549316406,197.2100067138672,193.0500030517578,196.35000610351562,403600,0.0,0.0
2023-07-27 00:00:00-04:00,191.89999389648438,193.2899932861328,171.80999755859375,176.3000030517578,1113200,0.0,0.0
2023-07-28 00:00:00-04:00,175.52999877929688,180.9499969482422,172.69000244140625,176.75999450683594,515600,0.0,0.0
2023-07-31 00:00:00-04:00,176.38999938964844,176.82000732421875,173.8300018310547,175.16000366210938,536000,0.0,0.0
2023-08-01 00:00:00-04:00,174.6999969482422,179.16000366210938,174.6999969482422,178.99000549316406,347800,0.0,0.0
2023-08-02 00:00:00-04:00,179.13999938964844,185.1999969482422,177.89999389648438,184.5800018310547,389400,0.0,0.0
2023-08-03 00:00:00-04:00,183.91000366210938,185.44000244140625,181.19000244140625,182.9600067138672,389300,0.0,0.0
2023-08-04 00:00:00-04:00,183.47000122070312,186.64999389648438,183.10000610351562,184.30999755859375,290400,0.0,0.0
2023-08-07 00:00:00-04:00,184.66000366210938,187.7899932861328,184.36000061035156,184.85000610351562,239000,0.0,0.0
2023-08-08 00:00:00-04:00,184.82000732421875,184.91000366210938,181.07000732421875,181.49000549316406,400200,0.0,0.0
2023-08-09 00:00:00-04:00,182.0,182.25,179.5500030517578,181.4199981689453,388200,0.0,0.0
2023-08-10 00:00:00-04:00,182.0399932861328,183.75,180.27999877929688,183.47000122070312,224100,0.0,0.0
2023-08-11 00:00:00-04:00,183.44000244140625,189.75,183.44000244140625,187.30999755859375,273700,0.0,0.0
2023-08-14 00:00:00-04:00,187.1699981689453,191.0,187.1699981689453,190.19000244140625,294600,0.0,0.0
2023-08-15 00:00:00-04:00,190.24000549316406,192.99000549316406,190.24000549316406,192.42999267578125,257200,0.0,0.0
2023-08-16 00:00:00-04:00,192.6699981689453,193.97000122070312,184.27000427246094,191.2100067138672,234700,0.0,0.0
2023-08-17 00:00:00-04:00,190.8699951171875,192.2100067138672,184.49000549316406,184.8000030517578,159700,0.0,0.0
2023-08-18 00:00:00-04:00,184.22999572753906,186.32000732421875,183.08999633789062,183.77000427246094,181900,0.0,0.0
2023-08-21 00:00:00-04:00,183.6199951171875,185.80999755859375,182.44000244140625,184.17999267578125,139100,0.0,0.0
2023-08-22 00:00:00-04:00,184.36000061035156,184.5500030517578,181.3800048828125,183.0800018310547,177000,0.0,0.0
2023-08-23 00:00:00-04:00,183.35000610351562,184.0500030517578,181.8699951171875,184.0,201800,0.0,0.0
2023-08-24 00:00:00-04:00,182.75,186.11000061035156,176.52000427246094,185.5500030517578,135800,0.0,0.0
2023-08-25 00:00:00-04:00,186.42999267578125,188.3000030517578,184.8699951171875,187.33999633789062,121800,0.0,0.0
2023-08-28 00:00:00-04:00,187.4199981689453,188.8699951171875,186.9600067138672,187.88999938964844,124600,0.0,0.0
2023-08-29 00:00:00-04:00,187.88999938964844,191.0,187.1300048828125,190.6199951171875,153000,0.0,0.0
2023-08-30 00:00:00-04:00,190.11000061035156,191.49000549316406,187.3000030517578,188.11000061035156,150700,0.0,0.0
2023-08-31 00:00:00-04:00,188.0399932861328,190.24000549316406,185.7100067138672,185.82000732421875,171600,0.0,0.0
2023-09-01 00:00:00-04:00,186.02000427246094,187.4199981689453,181.88999938964844,183.32000732421875,279500,0.0,0.0
2023-09-05 00:00:00-04:00,182.22999572753906,182.61000061035156,176.33999633789062,178.35000610351562,277400,0.0,0.0
2023-09-06 00:00:00-04:00,178.0,182.07000732421875,176.88999938964844,177.9600067138672,182100,0.0,0.0
2023-09-07 00:00:00-04:00,177.61000061035156,179.63999938964844,175.55999755859375,177.55999755859375,277700,0.0,0.0
2023-09-08 00:00:00-04:00,178.1999969482422,179.1199951171875,174.94000244140625,175.66000366210938,175800,0.0,0.0
2023-09-11 00:00:00-04:00,175.44000244140625,179.5800018310547,174.75,179.08999633789062,167800,0.0,0.0
2023-09-12 00:00:00-04:00,179.57000732421875,179.57000732421875,177.52000427246094,179.1999969482422,96400,0.0,0.0
2023-09-13 00:00:00-04:00,179.8300018310547,180.9600067138672,178.1999969482422,180.27000427246094,141200,0.0,0.0
2023-09-14 00:00:00-04:00,180.33999633789062,184.5,178.8300018310547,183.9600067138672,165600,0.0,0.0
2023-09-15 00:00:00-04:00,183.94000244140625,186.00999450683594,183.4199981689453,184.67999267578125,482000,0.0,0.0
2023-09-18 00:00:00-04:00,184.57000732421875,187.17999267578125,183.61000061035156,186.47999572753906,109000,0.0,0.0
2023-09-19 00:00:00-04:00,185.1699981689453,185.97999572753906,181.8800048828125,181.89999389648438,204500,0.0,0.0
2023-09-20 00:00:00-04:00,181.8000030517578,184.58999633789062,181.4499969482422,182.4499969482422,97900,0.0,0.0
2023-09-21 00:00:00-04:00,181.82000732421875,182.07000732421875,179.80999755859375,180.32000732421875,94900,0.0,0.0
2023-09-22 00:00:00-04:00,179.94000244140625,181.5,178.02000427246094,178.19000244140625,111000,0.0,0.0
2023-09-25 00:00:00-04:00,177.9499969482422,178.3800048828125,176.6199951171875,177.35000610351562,126800,0.0,0.0
2023-09-26 00:00:00-04:00,177.75999450683594,179.35000610351562,175.02999877929688,176.55999755859375,151000,0.0,0.0
2023-09-27 00:00:00-04:00,176.08999633789062,180.72999572753906,176.08999633789062,180.33999633789062,168700,0.0,0.0
2023-09-28 00:00:00-04:00,181.10000610351562,183.7899932861328,180.38999938964844,182.0800018310547,145500,0.0,0.0
2023-09-29 00:00:00-04:00,182.3300018310547,182.36000061035156,177.5399932861328,178.41000366210938,171400,0.0,0.0
2023-10-02 00:00:00-04:00,178.4600067138672,180.16000366210938,177.17999267578125,177.77999877929688,180800,0.0,0.0
2023-10-03 00:00:00-04:00,177.0,180.97999572753906,177.0,178.5500030517578,221300,0.0,0.0
2023-10-04 00:00:00-04:00,179.19000244140625,185.60000610351562,179.19000244140625,184.63999938964844,262100,0.0,0.0
2023-10-05 00:00:00-04:00,184.4199981689453,191.3000030517578,183.02000427246094,187.86000061035156,397300,0.0,0.0
2023-10-06 00:00:00-04:00,187.60000610351562,189.8699951171875,186.99000549316406,189.77999877929688,165100,0.0,0.0
2023-10-09 00:00:00-04:00,189.86000061035156,192.3800048828125,186.92999267578125,191.22000122070312,166800,0.0,0.0
2023-10-10 00:00:00-04:00,190.89999389648438,193.52000427246094,188.8300018310547,189.6300048828125,186100,0.0,0.0
2023-10-11 00:00:00-04:00,189.30999755859375,189.72000122070312,186.3800048828125,188.4600067138672,195500,0.0,0.0
2023-10-12 00:00:00-04:00,188.25,190.05999755859375,185.49000549316406,187.41000366210938,155500,0.0,0.0
2023-10-13 00:00:00-04:00,187.63999938964844,190.17999267578125,185.63999938964844,189.66000366210938,151600,0.0,0.0
2023-10-16 00:00:00-04:00,190.4499969482422,192.9499969482422,188.35000610351562,189.0,172900,0.0,0.0
2023-10-17 00:00:00-04:00,188.82000732421875,191.8300018310547,188.0399932861328,189.0800018310547,185800,0.0,0.0
2023-10-18 00:00:00-04:00,189.5399932861328,190.77000427246094,186.69000244140625,190.60000610351562,306100,0.0,0.0
2023-10-19 00:00:00-04:00,190.75,191.41000366210938,187.63999938964844,189.69000244140625,224700,0.0,0.0
2023-10-20 00:00:00-04:00,190.19000244140625,191.0500030517578,186.00999450683594,186.1999969482422,161700,0.0,0.0
2023-10-23 00:00:00-04:00,185.75999450683594,186.61000061035156,184.0,184.0399932861328,133800,0.0,0.0
2023-10-24 00:00:00-04:00,184.3300018310547,185.1999969482422,181.25,184.5800018310547,188500,0.0,0.0
2023-10-25 00:00:00-04:00,184.7899932861328,185.50999450683594,182.6699981689453,183.92999267578125,295900,0.0,0.0
2023-10-26 00:00:00-04:00,194.66000366210938,216.6300048828125,193.02999877929688,216.3800048828125,709100,0.0,0.0
2023-10-27 00:00:00-04:00,217.66000366210938,218.0,212.8000030517578,215.9499969482422,363600,0.0,0.0
2023-10-30 00:00:00-04:00,215.9199981689453,215.9199981689453,211.13999938964844,214.64999389648438,262100,0.0,0.0
2023-10-31 00:00:00-04:00,215.39999389648438,216.0,210.75,212.25999450683594,278600,0.0,0.0
2023-11-01 00:00:00-04:00,212.5,218.3300018310547,210.86000061035156,217.8000030517578,307600,0.0,0.0
2023-11-02 00:00:00-04:00,216.8000030517578,217.85000610351562,211.3699951171875,213.55999755859375,240200,0.0,0.0
2023-11-03 00:00:00-04:00,215.3699951171875,215.3699951171875,211.8300018310547,215.0,162000,0.0,0.0
2023-11-06 00:00:00-05:00,216.16000366210938,216.92999267578125,215.32000732421875,216.7100067138672,115300,0.0,0.0
2023-11-07 00:00:00-05:00,216.89999389648438,217.19000244140625,214.33999633789062,216.39999389648438,141800,0.0,0.0
2023-11-08 00:00:00-05:00,216.30999755859375,216.7899932861328,213.86000061035156,216.22000122070312,234100,0.0,0.0
2023-11-09 00:00:00-05:00,216.8000030517578,219.3699951171875,214.3300018310547,216.27000427246094,157400,0.0,0.0
2023-11-10 00:00:00-05:00,216.50999450683594,221.6699981689453,216.50999450683594,220.8800048828125,148600,0.0,0.0
2023-11-13 00:00:00-05:00,220.6999969482422,222.1999969482422,219.3300018310547,221.5399932861328,120700,0.0,0.0
2023-11-14 00:00:00-05:00,221.75,222.75999450683594,219.97999572753906,222.52000427246094,258700,0.0,0.0
2023-11-15 00:00:00-05:00,222.19000244140625,223.00999450683594,218.0800018310547,218.7899932861328,279000,0.0,0.0
2023-11-16 00:00:00-05:00,218.7899932861328,220.7899932861328,217.47000122070312,219.91000366210938,223100,0.0,0.0
2023-11-17 00:00:00-05:00,221.19000244140625,221.19000244140625,217.52999877929688,219.08999633789062,474400,0.0,0.0
2023-11-20 00:00:00-05:00,218.41000366210938,223.57000732421875,217.86000061035156,222.25,246100,0.0,0.0
2023-11-21 00:00:00-05:00,222.38999938964844,223.47999572753906,220.25999450683594,221.16000366210938,115900,0.0,0.0
2023-11-22 00:00:00-05:00,222.42999267578125,223.17999267578125,221.19000244140625,221.47000122070312,130300,0.0,0.0
2023-11-24 00:00:00-05:00,221.0,222.02000427246094,219.6300048828125,221.75999450683594,53900,0.0,0.0
2023-11-27 00:00:00-05:00,221.1199951171875,222.08999633789062,218.36000061035156,221.08999633789062,343800,0.0,0.0
2023-11-28 00:00:00-05:00,220.85000610351562,221.6699981689453,217.58999633789062,217.63999938964844,138100,0.0,0.0
2023-11-29 00:00:00-05:00,218.33999633789062,219.0800018310547,215.80999755859375,217.85000610351562,230800,0.0,0.0
2023-11-30 00:00:00-05:00,218.41000366210938,220.6199951171875,217.47999572753906,220.4600067138672,287900,0.0,0.0
2023-12-01 00:00:00-05:00,219.5800018310547,221.8800048828125,219.50999450683594,221.35000610351562,163500,0.0,0.0
2023-12-04 00:00:00-05:00,223.1300048828125,232.14999389648438,222.6699981689453,231.0,335200,0.0,0.0
2023-12-05 00:00:00-05:00,230.52999877929688,230.52999877929688,223.8000030517578,224.52000427246094,218100,0.0,0.0
2023-12-06 00:00:00-05:00,224.5800018310547,226.3699951171875,221.75999450683594,222.27999877929688,164100,0.0,0.0
2023-12-07 00:00:00-05:00,221.19000244140625,223.17999267578125,221.19000244140625,222.0,177400,0.0,0.0
2023-12-08 00:00:00-05:00,222.39999389648438,223.1999969482422,218.55999755859375,222.1199951171875,163300,0.0,0.0
2023-12-11 00:00:00-05:00,222.0800018310547,222.86000061035156,219.91000366210938,221.97999572753906,178900,0.0,0.0
2023-12-12 00:00:00-05:00,222.3699951171875,223.67999267578125,220.44000244140625,221.8800048828125,153400,0.0,0.0
2023-12-13 00:00:00-05:00,221.35000610351562,223.91000366210938,220.4600067138672,221.3000030517578,344300,0.0,0.0
2023-12-14 00:00:00-05:00,221.41000366210938,221.77999877929688,206.30999755859375,206.5,751700,0.0,0.0
2023-12-15 00:00:00-05:00,205.6699981689453,208.97000122070312,199.35000610351562,199.6999969482422,1103000,0.0,0.0
2023-12-18 00:00:00-05:00,200.77999877929688,204.0,200.50999450683594,203.63999938964844,240400,0.0,0.0
2023-12-19 00:00:00-05:00,201.6999969482422,203.94000244140625,200.7100067138672,200.89999389648438,260400,0.0,0.0
2023-12-20 00:00:00-05:00,199.5500030517578,202.00999450683594,197.8300018310547,198.0500030517578,402900,0.0,0.0
2023-12-21 00:00:00-05:00,198.2899932861328,199.0,195.3699951171875,198.75,220900,0.0,0.0
2023-12-22 00:00:00-05:00,198.5800018310547,201.72000122070312,198.5500030517578,200.41000366210938,174400,0.0,0.0
2023-12-26 00:00:00-05:00,199.88999938964844,200.16000366210938,198.5,199.3300018310547,128900,0.0,0.0
2023-12-27 00:00:00-05:00,199.6300048828125,202.97999572753906,199.6300048828125,200.11000061035156,169900,0.0,0.0
2023-12-28 00:00:00-05:00,199.41000366210938,200.80999755859375,198.27999877929688,199.3800048828125,99400,0.0,0.0
2023-12-29 00:00:00-05:00,199.64999389648438,201.5800018310547,195.3000030517578,199.14999389648438,177000,0.0,0.0
2024-01-02 00:00:00-05:00,198.1699981689453,199.0,196.25999450683594,196.89999389648438,238700,0.0,0.0
2024-01-03 00:00:00-05:00,197.4199981689453,198.32000732421875,193.67999267578125,194.25,191000,0.0,0.0
2024-01-04 00:00:00-05:00,194.58999633789062,196.0500030517578,192.9600067138672,193.05999755859375,180700,0.0,0.0
2024-01-05 00:00:00-05:00,192.58999633789062,195.1699981689453,191.25999450683594,194.72000122070312,276000,0.0,0.0
2024-01-08 00:00:00-05:00,195.85000610351562,196.3000030517578,192.80999755859375,194.50999450683594,127700,0.0,0.0
2024-01-09 00:00:00-05:00,194.97000122070312,198.69000244140625,192.97000122070312,195.19000244140625,229600,0.0,0.0
2024-01-10 00:00:00-05:00,195.25999450683594,199.14999389648438,194.3000030517578,196.1699981689453,143300,0.0,0.0
2024-01-11 00:00:00-05:00,196.47999572753906,198.32000732421875,193.75999450683594,197.32000732421875,166600,0.0,0.0
2024-01-12 00:00:00-05:00,198.05999755859375,201.1699981689453,197.0,200.8300018310547,130200,0.0,0.0
2024-01-16 00:00:00-05:00,198.9499969482422,202.0500030517578,198.9499969482422,201.33999633789062,115100,0.0,0.0
2024-01-17 00:00:00-05:00,201.14999389648438,204.4600067138672,200.00999450683594,201.19000244140625,155200,0.0,0.0
2024-01-18 00:00:00-05:00,201.3699951171875,204.57000732421875,201.3699951171875,204.52000427246094,130200,0.0,0.0
2024-01-19 00:00:00-05:00,204.6199951171875,205.75,200.14999389648438,200.32000732421875,351500,0.0,0.0
2024-01-22 00:00:00-05:00,201.0,202.75,200.77999877929688,201.0,204900,0.0,0.0
2024-01-23 00:00:00-05:00,200.8300018310547,201.14999389648438,198.36000061035156,199.55999755859375,144100,0.0,0.0
2024-01-24 00:00:00-05:00,200.0500030517578,200.0500030517578,195.91000366210938,198.33999633789062,178800,0.0,0.0
2024-01-25 00:00:00-05:00,198.27999877929688,199.38999938964844,193.6699981689453,194.41000366210938,355700,0.0,0.0
2024-01-26 00:00:00-05:00,195.91000366210938,197.8800048828125,193.19000244140625,197.25,247700,0.0,0.0
2024-01-29 00:00:00-05:00,196.8300018310547,197.97999572753906,194.77000427246094,197.50999450683594,172900,0.0,0.0
2024-01-30 00:00:00-05:00,198.16000366210938,198.5800018310547,196.1699981689453,196.86000061035156,145300,0.0,0.0
2024-01-31 00:00:00-05:00,196.16000366210938,197.86000061035156,191.5500030517578,191.61000061035156,261300,0.0,0.0
2024-02-01 00:00:00-05:00,191.94000244140625,193.05999755859375,189.77000427246094,191.42999267578125,248300,0.0,0.0
2024-02-02 00:00:00-05:00,191.39999389648438,192.80999755859375,189.7899932861328,192.57000732421875,158900,0.0,0.0
2024-02-05 00:00:00-05:00,192.4600067138672,192.9499969482422,190.52999877929688,192.44000244140625,130200,0.0,0.0
2024-02-06 00:00:00-05:00,192.64999389648438,193.92999267578125,191.9199981689453,193.5399932861328,130600,0.0,0.0
2024-02-07 00:00:00-05:00,193.89999389648438,194.2899932861328,192.6699981689453,193.9199981689453,114600,0.0,0.0
2024-02-08 00:00:00-05:00,193.4600067138672,195.3699951171875,192.1999969482422,194.17999267578125,79100,0.0,0.0
2024-02-09 00:00:00-05:00,194.8000030517578,195.5800018310547,193.9499969482422,195.10000610351562,149600,0.0,0.0
2024-02-12 00:00:00-05:00,193.97999572753906,195.38999938964844,192.94000244140625,192.94000244140625,155300,0.0,0.0
2024-02-13 00:00:00-05:00,193.08999633789062,193.08999633789062,185.92999267578125,186.5,259400,0.0,0.0
2024-02-14 00:00:00-05:00,186.52000427246094,191.3800048828125,186.42999267578125,191.05999755859375,253200,0.0,0.0
2024-02-15 00:00:00-05:00,190.8699951171875,192.77000427246094,190.61000061035156,190.92999267578125,209000,0.0,0.0
2024-02-16 00:00:00-05:00,191.02999877929688,193.49000549316406,190.39999389648438,192.17999267578125,159400,0.0,0.0
2024-02-20 00:00:00-05:00,193.0500030517578,193.0800018310547,189.58999633789062,190.33999633789062,177900,0.0,0.0
2024-02-21 00:00:00-05:00,189.25999450683594,191.22999572753906,189.08999633789062,190.1199951171875,247500,0.0,0.0
2024-02-22 00:00:00-05:00,208.88999938964844,226.92999267578125,205.36000061035156,221.6699981689453,699600,0.0,0.0
2024-02-23 00:00:00-05:00,222.6699981689453,223.22000122070312,214.82000732421875,216.10000610351562,339800,0.0,0.0
2024-02-26 00:00:00-05:00,215.0,220.88999938964844,215.0,220.0,355000,0.0,0.0
2024-02-27 00:00:00-05:00,217.99000549316406,218.9600067138672,215.3699951171875,216.11000061035156,322200,0.0,0.0
2024-02-28 00:00:00-05:00,216.99000549316406,216.99000549316406,214.1199951171875,214.72000122070312,203200,0.0,0.0
2024-02-29 00:00:00-05:00,214.0,214.4199981689453,205.7100067138672,206.8800048828125,532400,0.0,0.0
2024-03-01 00:00:00-05:00,206.05999755859375,207.22000122070312,202.2899932861328,204.38999938964844,283800,0.0,0.0
2024-03-04 00:00:00-05:00,204.0,207.80999755859375,203.74000549316406,205.69000244140625,190800,0.0,0.0
2024-03-05 00:00:00-05:00,204.72999572753906,211.02000427246094,204.5800018310547,207.9600067138672,208800,0.0,0.0
2024-03-06 00:00:00-05:00,208.5500030517578,208.72999572753906,206.2100067138672,206.5,107000,0.0,0.0
2024-03-07 00:00:00-05:00,207.74000549316406,208.0,204.77000427246094,205.9199981689453,202300,0.0,0.0
2024-03-08 00:00:00-05:00,206.0500030517578,207.22000122070312,203.44000244140625,204.0800018310547,164800,0.0,0.0
2024-03-11 00:00:00-04:00,204.0800018310547,204.42999267578125,201.44000244140625,204.11000061035156,157400,0.0,0.0
2024-03-12 00:00:00-04:00,203.19000244140625,205.67999267578125,201.60000610351562,205.1699981689453,247200,0.0,0.0
2024-03-13 00:00:00-04:00,204.94000244140625,205.19000244140625,199.77000427246094,204.0500030517578,256300,0.0,0.0
2024-03-14 00:00:00-04:00,203.3699951171875,204.5800018310547,201.77000427246094,204.0,257300,0.0,0.0
2024-03-15 00:00:00-04:00,202.19000244140625,206.49000549316406,202.19000244140625,205.6199951171875,345900,0.0,0.0
2024-03-18 00:00:00-04:00,205.57000732421875,210.1999969482422,204.60000610351562,207.97999572753906,229700,0.0,0.0
2024-03-19 00:00:00-04:00,209.25999450683594,212.2100067138672,206.42999267578125,210.3000030517578,226800,0.0,0.0
2024-03-20 00:00:00-04:00,210.85000610351562,211.08999633789062,203.61000061035156,204.83999633789062,198200,0.0,0.0
2024-03-21 00:00:00-04:00,206.22999572753906,206.63999938964844,204.50999450683594,206.02000427246094,151700,0.0,0.0
2024-03-22 00:00:00-04:00,206.6300048828125,206.6300048828125,204.55999755859375,206.25,227600,0.0,0.0
2024-03-25 00:00:00-04:00,207.10000610351562,210.22000122070312,205.75999450683594,209.19000244140625,215400,0.0,0.0
2024-03-26 00:00:00-04:00,208.39999389648438,209.47000122070312,207.2100067138672,208.19000244140625,124200,0.0,0.0
2024-03-27 00:00:00-04:00,209.02999877929688,209.77000427246094,206.94000244140625,209.42999267578125,133600,0.0,0.0
2024-03-28 00:00:00-04:00,209.75999450683594,211.99000549316406,208.8000030517578,210.2899932861328,137600,0.0,0.0
2024-04-01 00:00:00-04:00,209.3699951171875,209.75999450683594,207.9600067138672,208.1199951171875,106200,0.0,0.0
2024-04-02 00:00:00-04:00,206.8699951171875,208.5,205.94000244140625,207.30999755859375,166300,0.0,0.0
2024-04-03 00:00:00-04:00,206.91000366210938,208.88999938964844,206.02000427246094,207.0800018310547,164700,0.0,0.0
2024-04-04 00:00:00-04:00,208.66000366210938,209.83999633789062,205.2899932861328,205.6999969482422,88900,0.0,0.0
2024-04-05 00:00:00-04:00,206.52999877929688,209.0,205.07000732421875,208.08999633789062,139400,0.0,0.0
2024-04-08 00:00:00-04:00,208.08999633789062,209.63999938964844,206.77999877929688,207.72000122070312,112900,0.0,0.0
2024-04-09 00:00:00-04:00,208.24000549316406,208.8699951171875,206.6699981689453,207.83999633789062,76100,0.0,0.0
2024-04-10 00:00:00-04:00,205.8800048828125,208.49000549316406,204.91000366210938,207.27999877929688,101600,0.0,0.0
2024-04-11 00:00:00-04:00,207.5399932861328,207.5399932861328,203.9600067138672,205.2899932861328,93900,0.0,0.0
2024-04-12 00:00:00-04:00,204.42999267578125,206.3800048828125,204.42999267578125,205.7899932861328,126800,0.0,0.0
2024-04-15 00:00:00-04:00,207.33999633789062,207.33999633789062,203.6699981689453,205.08999633789062,102400,0.0,0.0
2024-04-16 00:00:00-04:00,206.1300048828125,209.9199981689453,204.3000030517578,207.6199951171875,159700,0.0,0.0
2024-04-17 00:00:00-04:00,207.6199951171875,209.86000061035156,204.42999267578125,204.4600067138672,138800,0.0,0.0
2024-04-18 00:00:00-04:00,204.74000549316406,208.17999267578125,204.07000732421875,207.63999938964844,120400,0.0,0.0
2024-04-19 00:00:00-04:00,207.8699951171875,212.67999267578125,207.8699951171875,211.25,328300,0.0,0.0
2024-04-22 00:00:00-04:00,212.67999267578125,214.25999450683594,210.97000122070312,211.72999572753906,189500,0.0,0.0
2024-04-23 00:00:00-04:00,213.02999877929688,214.6300048828125,211.99000549316406,212.97000122070312,147200,0.0,0.0
2024-04-24 00:00:00-04:00,212.6999969482422,214.25,211.91000366210938,213.74000549316406,214900,0.0,0.0
2024-04-25 00:00:00-04:00,220.0,228.41000366210938,211.24000549316406,215.30999755859375,535400,0.0,0.0
2024-04-26 00:00:00-04:00,212.8699951171875,218.8000030517578,211.13999938964844,211.36000061035156,388100,0.0,0.0
2024-04-29 00:00:00-04:00,212.69000244140625,214.1999969482422,211.25999450683594,213.5,241600,0.0,0.0
2024-04-30 00:00:00-04:00,213.5,217.7100067138672,213.5,213.8300018310547,347700,0.0,0.0
2024-05-01 00:00:00-04:00,213.5,214.3699951171875,211.6300048828125,212.5399932861328,255700,0.0,0.0
2024-05-02 00:00:00-04:00,212.5399932861328,215.3800048828125,211.4600067138672,215.25,181900,0.0,0.0
2024-05-03 00:00:00-04:00,215.47000122070312,216.64999389648438,213.25,215.13999938964844,169700,0.0,0.0
2024-05-06 00:00:00-04:00,216.1300048828125,221.3800048828125,216.1300048828125,220.1699981689453,151900,0.0,0.0
2024-05-07 00:00:00-04:00,220.11000061035156,223.38999938964844,220.11000061035156,221.13999938964844,196300,0.0,0.0
2024-05-08 00:00:00-04:00,221.0,221.0,218.75,219.24000549316406,89900,0.0,0.0
2024-05-09 00:00:00-04:00,219.0,219.5399932861328,217.88999938964844,218.36000061035156,168200,0.0,0.0
2024-05-10 00:00:00-04:00,218.8000030517578,222.32000732421875,218.0800018310547,221.77999877929688,189800,0.0,0.0
2024-05-13 00:00:00-04:00,222.60000610351562,223.7100067138672,221.72999572753906,222.7899932861328,211400,0.0,0.0
2024-05-14 00:00:00-04:00,223.49000549316406,223.83999633789062,219.6199951171875,220.85000610351562,162200,0.0,0.0
2024-05-15 00:00:00-04:00,221.7100067138672,224.19000244140625,221.5800018310547,224.16000366210938,172500,0.0,0.0
2024-05-16 00:00:00-04:00,223.69000244140625,223.88999938964844,221.22000122070312,221.83999633789062,126400,0.0,0.0
2024-05-17 00:00:00-04:00,222.3300018310547,224.52999877929688,220.72999572753906,223.10000610351562,145600,0.0,0.0
2024-05-20 00:00:00-04:00,224.17999267578125,227.42999267578125,223.9199981689453,224.8000030517578,137200,0.0,0.0
2024-05-21 00:00:00-04:00,224.42999267578125,225.2899932861328,221.5800018310547,223.13999938964844,117300,0.0,0.0
2024-05-22 00:00:00-04:00,223.5800018310547,224.1699981689453,220.83999633789062,224.14999389648438,123200,0.0,0.0
2024-05-23 00:00:00-04:00,224.92999267578125,224.92999267578125,218.41000366210938,218.8300018310547,130500,0.0,0.0
2024-05-24 00:00:00-04:00,219.55999755859375,221.41000366210938,217.57000732421875,220.77999877929688,140900,0.0,0.0
2024-05-28 00:00:00-04:00,221.0,221.6300048828125,215.83999633789062,216.1999969482422,203500,0.0,0.0
2024-05-29 00:00:00-04:00,214.6199951171875,215.60000610351562,212.50999450683594,212.52000427246094,111200,0.0,0.0
2024-05-30 00:00:00-04:00,211.75999450683594,215.0800018310547,211.75999450683594,213.39999389648438,105900,0.0,0.0
2024-05-31 00:00:00-04:00,213.80999755859375,215.24000549316406,211.64999389648438,214.8000030517578,172300,0.0,0.0
2024-06-03 00:00:00-04:00,215.22999572753906,217.58999633789062,213.49000549316406,217.08999633789062,162300,0.0,0.0
2024-06-04 00:00:00-04:00,216.64999389648438,219.57000732421875,216.33999633789062,218.52000427246094,199400,0.0,0.0
2024-06-05 00:00:00-04:00,218.30999755859375,218.64999389648438,216.41000366210938,218.22000122070312,100800,0.0,0.0
2024-06-06 00:00:00-04:00,218.27999877929688,219.2100067138672,217.32000732421875,217.99000549316406,71700,0.0,0.0
2024-06-07 00:00:00-04:00,218.39999389648438,219.63999938964844,217.08999633789062,217.13999938964844,72100,0.0,0.0
2024-06-10 00:00:00-04:00,215.22000122070312,215.82000732421875,212.39999389648438,212.4199981689453,127200,0.0,0.0
2024-06-11 00:00:00-04:00,211.14999389648438,212.02999877929688,209.55999755859375,211.2100067138672,117600,0.0,0.0
2024-06-12 00:00:00-04:00,212.94000244140625,213.85000610351562,209.27000427246094,211.0,109300,0.0,0.0
2024-06-13 00:00:00-04:00,211.52999877929688,211.52999877929688,207.25999450683594,208.25,96500,0.0,0.0
2024-06-14 00:00:00-04:00,206.75,208.49000549316406,206.39999389648438,207.25,127600,0.0,0.0
2024-06-17 00:00:00-04:00,206.80999755859375,209.6300048828125,206.72000122070312,209.58999633789062,126600,0.0,0.0
2024-06-18 00:00:00-04:00,209.75,210.0,207.8000030517578,208.16000366210938,117600,0.0,0.0
2024-06-20 00:00:00-04:00,208.47000122070312,209.75999450683594,206.69000244140625,206.97000122070312,115800,0.0,0.0
2024-06-21 00:00:00-04:00,207.61000061035156,210.22000122070312,206.4600067138672,209.91000366210938,197700,0.0,0.0
2024-06-24 00:00:00-04:00,211.0,212.9199981689453,210.4199981689453,210.47999572753906,169900,0.0,0.0
2024-06-25 00:00:00-04:00,211.77999877929688,214.44000244140625,210.08999633789062,214.32000732421875,173900,0.0,0.0
2024-06-26 00:00:00-04:00,213.16000366210938,215.27000427246094,211.60000610351562,214.25999450683594,140600,0.0,0.0
2024-06-27 00:00:00-04:00,214.2100067138672,219.30999755859375,214.14999389648438,219.25,152300,0.0,0.0
2024-06-28 00:00:00-04:00,219.97000122070312,220.55999755859375,214.69000244140625,215.52999877929688,394100,0.0,0.0
2024-07-01 00:00:00-04:00,215.80999755859375,215.83999633789062,212.6199951171875,213.89999389648438,117900,0.0,0.0
2024-07-02 00:00:00-04:00,214.41000366210938,218.9600067138672,214.41000366210938,215.19000244140625,110500,0.0,0.0
2024-07-03 00:00:00-04:00,216.30999755859375,218.30999755859375,214.66000366210938,217.77000427246094,101100,0.0,0.0
2024-07-05 00:00:00-04:00,217.6300048828125,217.6300048828125,212.2899932861328,213.61000061035156,106900,0.0,0.0
2024-07-08 00:00:00-04:00,214.10000610351562,218.24000549316406,213.25,213.7100067138672,138800,0.0,0.0
2024-07-09 00:00:00-04:00,214.97999572753906,215.5399932861328,213.6199951171875,213.72999572753906,104700,0.0,0.0
2024-07-10 00:00:00-04:00,213.72999572753906,216.22999572753906,212.92999267578125,215.5399932861328,153800,0.0,0.0
2024-07-11 00:00:00-04:00,216.86000061035156,219.36000061035156,216.86000061035156,217.9199981689453,114600,0.0,0.0
2024-07-12 00:00:00-04:00,219.5,223.27000427246094,218.55999755859375,220.2100067138672,116200,0.0,0.0
2024-07-15 00:00:00-04:00,221.47000122070312,224.0,221.3800048828125,221.94000244140625,127600,0.0,0.0
2024-07-16 00:00:00-04:00,223.24000549316406,227.97000122070312,222.69000244140625,227.6300048828125,113300,0.0,0.0
2024-07-17 00:00:00-04:00,227.67999267578125,230.47000122070312,226.27000427246094,226.32000732421875,148500,0.0,0.0
2024-07-18 00:00:00-04:00,226.64999389648438,228.5,226.3699951171875,228.16000366210938,117100,0.0,0.0
2024-07-19 00:00:00-04:00,229.07000732421875,229.07000732421875,224.5500030517578,226.5800018310547,103700,0.0,0.0
2024-07-22 00:00:00-04:00,226.3699951171875,230.8699951171875,225.0399932861328,230.58999633789062,166100,0.0,0.0
2024-07-23 00:00:00-04:00,230.52000427246094,230.5800018310547,227.16000366210938,227.19000244140625,105500,0.0,0.0
2024-07-24 00:00:00-04:00,226.61000061035156,231.1199951171875,226.61000061035156,230.49000549316406,205600,0.0,0.0
2024-07-25 00:00:00-04:00,232.61000061035156,243.60000610351562,224.25999450683594,225.63999938964844,407800,0.0,0.0
2024-07-26 00:00:00-04:00,225.17999267578125,228.13999938964844,223.9499969482422,225.4199981689453,214500,0.0,0.0
2024-07-29 00:00:00-04:00,225.64999389648438,230.63999938964844,223.50999450683594,226.33999633789062,176000,0.0,0.0
2024-07-30 00:00:00-04:00,227.17999267578125,228.27999877929688,223.4600067138672,223.47999572753906,128400,0.0,0.0
2024-07-31 00:00:00-04:00,223.6300048828125,223.6300048828125,216.82000732421875,217.97000122070312,185200,0.0,0.0
2024-08-01 00:00:00-04:00,218.3300018310547,220.2899932861328,213.94000244140625,219.5800018310547,193300,0.0,0.0
2024-08-02 00:00:00-04:00,217.99000549316406,222.24000549316406,217.11000061035156,221.64999389648438,185400,0.0,0.0
2024-08-05 00:00:00-04:00,218.92999267578125,219.3000030517578,213.0399932861328,215.17999267578125,168700,0.0,0.0
2024-08-06 00:00:00-04:00,215.7899932861328,218.6300048828125,215.02000427246094,216.52000427246094,194200,0.0,0.0
2024-08-07 00:00:00-04:00,217.61000061035156,218.77999877929688,214.52000427246094,214.52000427246094,141600,0.0,0.0
2024-08-08 00:00:00-04:00,215.9499969482422,220.67999267578125,214.8300018310547,219.85000610351562,117600,0.0,0.0
2024-08-09 00:00:00-04:00,220.07000732421875,221.3300018310547,218.22000122070312,219.85000610351562,138800,0.0,0.0
2024-08-12 00:00:00-04:00,218.99000549316406,221.07000732421875,217.4499969482422,218.4600067138672,91500,0.0,0.0
2024-08-13 00:00:00-04:00,219.38999938964844,220.38999938964844,218.00999450683594,219.11000061035156,116000,0.0,0.0
2024-08-14 00:00:00-04:00,218.1699981689453,221.11000061035156,215.22000122070312,220.63999938964844,162500,0.0,0.0
2024-08-15 00:00:00-04:00,222.89999389648438,223.91000366210938,221.0500030517578,222.86000061035156,104600,0.0,0.0
2024-08-16 00:00:00-04:00,222.92999267578125,225.5500030517578,221.8000030517578,224.97000122070312,100300,0.0,0.0
2024-08-19 00:00:00-04:00,224.6300048828125,225.60000610351562,221.6300048828125,223.52000427246094,118200,0.0,0.0
2024-08-20 00:00:00-04:00,224.22000122070312,224.80999755859375,222.02999877929688,223.07000732421875,102400,0.0,0.0
2024-08-21 00:00:00-04:00,224.27999877929688,225.99000549316406,222.5500030517578,224.83999633789062,97400,0.0,0.0
2024-08-22 00:00:00-04:00,225.0500030517578,225.6300048828125,221.9499969482422,223.52999877929688,109500,0.0,0.0
2024-08-23 00:00:00-04:00,224.97999572753906,226.0500030517578,222.61000061035156,223.6999969482422,56600,0.0,0.0
2024-08-26 00:00:00-04:00,224.5500030517578,225.3699951171875,222.5,222.52999877929688,85100,0.0,0.0
2024-08-27 00:00:00-04:00,223.2899932861328,223.47999572753906,220.9600067138672,222.4499969482422,97300,0.0,0.0
2024-08-28 00:00:00-04:00,222.4499969482422,224.33999633789062,220.05999755859375,224.11000061035156,137100,0.0,0.0
2024-08-29 00:00:00-04:00,225.5,228.36000061035156,224.0500030517578,225.0,128100,0.0,0.0
2024-08-30 00:00:00-04:00,224.8800048828125,228.36000061035156,224.3800048828125,228.30999755859375,113500,0.0,0.0
2024-09-03 00:00:00-04:00,228.0,228.89999389648438,221.67999267578125,222.52000427246094,201000,0.0,0.0
2024-09-04 00:00:00-04:00,222.24000549316406,223.83999633789062,221.8000030517578,223.36000061035156,88600,0.0,0.0
2024-09-05 00:00:00-04:00,222.9199981689453,223.05999755859375,219.83999633789062,221.77000427246094,99700,0.0,0.0
2024-09-06 00:00:00-04:00,222.42999267578125,222.42999267578125,217.35000610351562,217.74000549316406,226700,0.0,0.0
2024-09-09 00:00:00-04:00,218.2100067138672,218.88999938964844,216.10000610351562,217.91000366210938,106000,0.0,0.0
2024-09-10 00:00:00-04:00,218.35000610351562,221.13999938964844,216.9499969482422,219.1699981689453,156400,0.0,0.0
2024-09-11 00:00:00-04:00,217.60000610351562,221.07000732421875,214.69000244140625,219.3699951171875,154900,0.0,0.0
2024-09-12 00:00:00-04:00,219.6999969482422,220.77999877929688,218.92999267578125,220.22000122070312,93600,0.0,0.0
2024-09-13 00:00:00-04:00,221.42999267578125,222.77000427246094,220.3800048828125,221.9499969482422,86600,0.0,0.0
2024-09-16 00:00:00-04:00,222.99000549316406,226.9499969482422,222.64999389648438,223.83999633789062,109500,0.0,0.0
2024-09-17 00:00:00-04:00,225.30999755859375,226.05999755859375,221.9499969482422,224.1199951171875,116300,0.0,0.0
2024-09-18 00:00:00-04:00,224.67999267578125,227.08999633789062,222.24000549316406,222.6300048828125,95700,0.0,0.0
2024-09-19 00:00:00-04:00,224.63999938964844,226.10000610351562,221.6199951171875,225.25999450683594,151000,0.0,0.0
2024-09-20 00:00:00-04:00,224.6300048828125,227.49000549316406,222.77000427246094,227.10000610351562,243800,0.0,0.0
2024-09-23 00:00:00-04:00,227.8800048828125,228.97000122070312,226.55999755859375,227.50999450683594,109000,0.0,0.0
2024-09-24 00:00:00-04:00,228.11000061035156,228.4199981689453,226.2100067138672,227.33999633789062,102100,0.0,0.0
2024-09-25 00:00:00-04:00,228.86000061035156,228.86000061035156,225.89999389648438,227.4499969482422,128800,0.0,0.0
2024-09-26 00:00:00-04:00,228.30999755859375,228.5800018310547,225.7899932861328,227.3699951171875,96900,0.0,0.0
2024-09-27 00:00:00-04:00,226.58999633789062,228.3000030517578,224.67999267578125,225.3000030517578,114000,0.0,0.0
2024-09-30 00:00:00-04:00,225.3800048828125,227.55999755859375,224.25999450683594,227.55999755859375,181800,0.0,0.0
2024-10-01 00:00:00-04:00,227.61000061035156,229.80999755859375,225.44000244140625,228.80999755859375,104200,0.0,0.0
2024-10-02 00:00:00-04:00,228.5800018310547,229.9499969482422,225.72000122070312,225.92999267578125,142800,0.0,0.0
2024-10-03 00:00:00-04:00,226.8800048828125,226.8800048828125,224.2899932861328,225.05999755859375,121200,0.0,0.0
2024-10-04 00:00:00-04:00,226.33999633789062,228.02999877929688,224.83999633789062,225.39999389648438,155400,0.0,0.0
2024-10-07 00:00:00-04:00,225.10000610351562,226.75,221.52999877929688,222.44000244140625,176200,0.0,0.0
2024-10-08 00:00:00-04:00,223.7899932861328,225.25999450683594,221.5,222.47000122070312,118200,0.0,0.0
2024-10-09 00:00:00-04:00,223.05999755859375,227.69000244140625,222.6199951171875,224.3300018310547,92500,0.0,0.0
2024-10-10 00:00:00-04:00,223.10000610351562,223.10000610351562,221.10000610351562,221.77999877929688,112800,0.0,0.0
2024-10-11 00:00:00-04:00,222.86000061035156,224.05999755859375,222.2100067138672,223.49000549316406,91700,0.0,0.0
2024-10-14 00:00:00-04:00,224.02999877929688,224.72999572753906,223.30999755859375,223.8699951171875,58700,0.0,0.0
2024-10-15 00:00:00-04:00,224.75,228.22000122070312,224.6999969482422,226.86000061035156,180000,0.0,0.0
2024-10-16 00:00:00-04:00,227.27999877929688,231.64999389648438,226.74000549316406,231.0,139800,0.0,0.0
2024-10-17 00:00:00-04:00,231.4199981689453,231.64999389648438,229.42999267578125,229.7100067138672,113900,0.0,0.0
2024-10-18 00:00:00-04:00,229.7100067138672,230.19000244140625,228.0399932861328,228.42999267578125,94400,0.0,0.0
2024-10-21 00:00:00-04:00,228.17999267578125,231.25,225.1999969482422,226.69000244140625,156100,0.0,0.0
2024-10-22 00:00:00-04:00,225.61000061035156,230.27999877929688,225.61000061035156,229.42999267578125,195500,0.0,0.0
2024-10-23 00:00:00-04:00,228.0800018310547,231.47000122070312,228.0500030517578,229.5,200500,0.0,0.0
2024-10-24 00:00:00-04:00,211.9600067138672,213.07000732421875,196.52000427246094,201.3800048828125,858100,0.0,0.0
2024-10-25 00:00:00-04:00,201.10000610351562,202.3300018310547,197.14999389648438,199.08999633789062,454200,0.0,0.0
2024-10-28 00:00:00-04:00,199.8800048828125,200.82000732421875,195.02999877929688,198.2899932861328,413300,0.0,0.0
2024-10-29 00:00:00-04:00,198.3000030517578,202.4499969482422,198.02999877929688,201.1300048828125,394700,0.0,0.0
2024-10-30 00:00:00-04:00,200.5,204.27000427246094,199.7100067138672,200.74000549316406,357300,0.0,0.0
2024-10-31 00:00:00-04:00,200.52999877929688,201.1300048828125,194.9600067138672,195.0800018310547,174200,0.0,0.0
2024-11-01 00:00:00-04:00,196.5800018310547,198.94000244140625,196.5800018310547,198.69000244140625,160900,0.0,0.0
2024-11-04 00:00:00-05:00,198.49000549316406,199.9499969482422,197.6199951171875,199.5,221000,0.0,0.0
2024-11-05 00:00:00-05:00,200.30999755859375,200.99000549316406,198.5,198.99000549316406,263000,0.0,0.0
2024-11-06 00:00:00-05:00,202.0,204.0,197.63999938964844,200.88999938964844,323800,0.0,0.0
2024-11-07 00:00:00-05:00,202.3699951171875,206.85000610351562,200.38999938964844,204.8800048828125,226300,0.0,0.0
2024-11-08 00:00:00-05:00,205.0,207.57000732421875,203.6999969482422,204.27000427246094,196400,0.0,0.0
2024-11-11 00:00:00-05:00,205.3699951171875,209.1300048828125,203.67999267578125,203.9600067138672,164700,0.0,0.0
2024-11-12 00:00:00-05:00,204.6300048828125,204.64999389648438,201.3699951171875,202.00999450683594,169900,0.0,0.0
2024-11-13 00:00:00-05:00,202.24000549316406,203.22999572753906,199.72999572753906,199.91000366210938,212100,0.0,0.0
2024-11-14 00:00:00-05:00,200.5399932861328,200.5399932861328,195.3699951171875,195.7899932861328,220600,0.0,0.0
2024-11-15 00:00:00-05:00,195.27999877929688,196.22000122070312,193.11000061035156,194.9600067138672,341400,0.0,0.0
2024-11-18 00:00:00-05:00,195.1699981689453,198.77999877929688,194.60000610351562,195.7899932861328,211500,0.0,0.0
2024-11-19 00:00:00-05:00,194.63999938964844,198.75,194.14999389648438,197.41000366210938,219600,0.0,0.0
2024-11-20 00:00:00-05:00,197.3699951171875,199.9600067138672,196.1300048828125,198.97999572753906,162200,0.0,0.0
2024-11-21 00:00:00-05:00,198.6199951171875,200.58999633789062,197.8699951171875,198.17999267578125,171400,0.0,0.0
2024-11-22 00:00:00-05:00,198.80999755859375,202.0399932861328,198.80999755859375,201.86000061035156,186500,0.0,0.0
2024-11-25 00:00:00-05:00,203.1699981689453,206.24000549316406,201.58999633789062,204.10000610351562,263400,0.0,0.0
2024-11-26 00:00:00-05:00,204.67999267578125,205.61000061035156,202.5800018310547,203.8000030517578,180300,0.0,0.0
2024-11-27 00:00:00-05:00,203.7100067138672,205.17999267578125,203.13999938964844,203.72000122070312,129200,0.0,0.0
2024-11-29 00:00:00-05:00,203.07000732421875,204.8000030517578,202.52000427246094,202.52000427246094,76000,0.0,0.0
2024-12-02 00:00:00-05:00,203.5,203.77999877929688,201.27999877929688,201.85000610351562,185100,0.0,0.0
2024-12-03 00:00:00-05:00,201.77999877929688,205.08999633789062,199.07000732421875,204.66000366210938,228900,0.0,0.0
2024-12-04 00:00:00-05:00,204.77999877929688,208.27999877929688,204.61000061035156,204.99000549316406,156200,0.0,0.0
2024-12-05 00:00:00-05:00,204.22999572753906,204.22999572753906,199.64999389648438,199.9199981689453,143400,0.0,0.0
2024-12-06 00:00:00-05:00,200.3699951171875,201.58999633789062,197.1300048828125,198.0,197300,0.0,0.0
2024-12-09 00:00:00-05:00,196.89999389648438,199.6999969482422,196.89999389648438,198.6199951171875,193800,0.0,0.0
2024-12-10 00:00:00-05:00,199.6699981689453,202.9600067138672,197.91000366210938,202.02999877929688,261600,0.0,0.0
2024-12-11 00:00:00-05:00,202.75,204.75999450683594,198.91000366210938,198.94000244140625,200700,0.0,0.0
2024-12-12 00:00:00-05:00,199.47999572753906,202.33999633789062,196.39999389648438,199.7100067138672,254900,0.0,0.0
2024-12-13 00:00:00-05:00,199.00999450683594,200.2899932861328,197.3300018310547,198.6699981689453,166400,0.0,0.0
2024-12-16 00:00:00-05:00,198.3300018310547,201.97000122070312,198.3300018310547,199.19000244140625,285600,0.0,0.0
2024-12-17 00:00:00-05:00,198.19000244140625,198.89999389648438,195.49000549316406,196.77000427246094,230400,0.0,0.0
2024-12-18 00:00:00-05:00,196.6999969482422,198.25999450683594,192.19000244140625,192.8300018310547,299900,0.0,0.0
2024-12-19 00:00:00-05:00,192.77999877929688,197.5,192.0,195.41000366210938,276100,0.0,0.0
2024-12-20 00:00:00-05:00,194.77999877929688,198.22000122070312,193.25999450683594,195.2899932861328,1570200,0.0,0.0
2024-12-23 00:00:00-05:00,195.6300048828125,196.0399932861328,191.2899932861328,192.72000122070312,222900,0.0,0.0
2024-12-24 00:00:00-05:00,192.72000122070312,194.92999267578125,191.47000122070312,194.08999633789062,106600,0.0,0.0
2024-12-26 00:00:00-05:00,193.75,195.44000244140625,191.35000610351562,193.4499969482422,153400,0.0,0.0
2024-12-27 00:00:00-05:00,192.49000549316406,194.0,191.3000030517578,192.91000366210938,165200,0.0,0.0
2024-12-30 00:00:00-05:00,192.32000732421875,192.36000061035156,189.35000610351562,190.38999938964844,131000,0.0,0.0
2024-12-31 00:00:00-05:00,190.80999755859375,192.47000122070312,190.7899932861328,191.1300048828125,116400,0.0,0.0
2025-01-02 00:00:00-05:00,192.32000732421875,192.32000732421875,189.52000427246094,189.8300018310547,140500,0.0,0.0
2025-01-03 00:00:00-05:00,190.07000732421875,192.63999938964844,190.0,191.58999633789062,89300,0.0,0.0
2025-01-06 00:00:00-05:00,191.0,193.36000061035156,189.3300018310547,190.19000244140625,172800,0.0,0.0
2025-01-07 00:00:00-05:00,191.33999633789062,197.17999267578125,189.66000366210938,193.49000549316406,257900,0.0,0.0
2025-01-08 00:00:00-05:00,192.50999450683594,194.32000732421875,191.22999572753906,194.1699981689453,148900,0.0,0.0
2025-01-10 00:00:00-05:00,192.88999938964844,195.0500030517578,192.14999389648438,192.77999877929688,208400,0.0,0.0
2025-01-13 00:00:00-05:00,191.05999755859375,195.0,191.05999755859375,194.9499969482422,130100,0.0,0.0
2025-01-14 00:00:00-05:00,194.6999969482422,197.5399932861328,194.67999267578125,197.00999450683594,195300,0.0,0.0
2025-01-15 00:00:00-05:00,196.42999267578125,196.44000244140625,190.89999389648438,193.0399932861328,226400,0.0,0.0
2025-01-16 00:00:00-05:00,192.3300018310547,194.5,192.3300018310547,193.69000244140625,128300,0.0,0.0
2025-01-17 00:00:00-05:00,194.3800048828125,194.94000244140625,190.30999755859375,190.52999877929688,273500,0.0,0.0
2025-01-21 00:00:00-05:00,191.89999389648438,195.30999755859375,190.5399932861328,195.22999572753906,595300,0.0,0.0
2025-01-22 00:00:00-05:00,195.13999938964844,195.44000244140625,192.0,193.10000610351562,411700,0.0,0.0
2025-01-23 00:00:00-05:00,193.60000610351562,194.0399932861328,190.0,191.7899932861328,208200,0.0,0.0
2025-01-24 00:00:00-05:00,191.9199981689453,192.27999877929688,190.0,191.22000122070312,153100,0.0,0.0
2025-01-27 00:00:00-05:00,192.6199951171875,197.3699951171875,191.97999572753906,196.99000549316406,154400,0.0,0.0
2025-01-28 00:00:00-05:00,196.49000549316406,204.69000244140625,195.3000030517578,197.3300018310547,453500,0.0,0.0
2025-01-29 00:00:00-05:00,196.97999572753906,198.2100067138672,193.85000610351562,195.27000427246094,94600,0.0,0.0
2025-01-30 00:00:00-05:00,196.92999267578125,199.6300048828125,196.1300048828125,198.75,134300,0.0,0.0
2025-01-31 00:00:00-05:00,197.9600067138672,198.64999389648438,194.82000732421875,195.35000610351562,196600,0.0,0.0
2025-02-03 00:00:00-05:00,194.3800048828125,195.6999969482422,189.7899932861328,194.0800018310547,307700,0.0,0.0
2025-02-04 00:00:00-05:00,193.99000549316406,194.6699981689453,192.75999450683594,193.5800018310547,163700,0.0,0.0
2025-02-05 00:00:00-05:00,195.08999633789062,197.27999877929688,193.47000122070312,194.75999450683594,146400,0.0,0.0
2025-02-06 00:00:00-05:00,194.36000061035156,195.74000549316406,193.24000549316406,193.39999389648438,98000,0.0,0.0
2025-02-07 00:00:00-05:00,194.22000122070312,195.61000061035156,193.0,193.99000549316406,125100,0.0,0.0
2025-02-10 00:00:00-05:00,195.0800018310547,196.5,193.66000366210938,194.1999969482422,176500,0.0,0.0
2025-02-11 00:00:00-05:00,193.74000549316406,194.25999450683594,191.99000549316406,193.08999633789062,121400,0.0,0.0
2025-02-12 00:00:00-05:00,192.16000366210938,194.3300018310547,191.2100067138672,191.8699951171875,122700,0.0,0.0
2025-02-13 00:00:00-05:00,192.7899932861328,195.0,190.22999572753906,191.41000366210938,111800,0.0,0.0
2025-02-14 00:00:00-05:00,192.44000244140625,192.44000244140625,187.2100067138672,187.61000061035156,191000,0.0,0.0
2025-02-18 00:00:00-05:00,186.82000732421875,190.38999938964844,186.82000732421875,188.38999938964844,185800,0.0,0.0
2025-02-19 00:00:00-05:00,188.0,190.69000244140625,187.6199951171875,190.16000366210938,384200,0.0,0.0
2025-02-20 00:00:00-05:00,183.6999969482422,183.6999969482422,161.57000732421875,162.99000549316406,843300,0.0,0.0
2025-02-21 00:00:00-05:00,163.00999450683594,167.2899932861328,161.24000549316406,164.69000244140625,797700,0.0,0.0
2025-02-24 00:00:00-05:00,165.63999938964844,167.25999450683594,161.7899932861328,166.02999877929688,640900,0.0,0.0
2025-02-25 00:00:00-05:00,164.39999389648438,167.17999267578125,164.02999877929688,164.1999969482422,554100,0.0,0.0
2025-02-26 00:00:00-05:00,162.58999633789062,166.44000244140625,162.58999633789062,164.07000732421875,456700,0.0,0.0
2025-02-27 00:00:00-05:00,162.88999938964844,165.77999877929688,162.72000122070312,164.83999633789062,434200,0.0,0.0
2025-02-28 00:00:00-05:00,164.97999572753906,165.75,162.52999877929688,165.60000610351562,267200,0.0,0.0
2025-03-03 00:00:00-05:00,165.60000610351562,167.69000244140625,164.47999572753906,164.75999450683594,357700,0.0,0.0
2025-03-04 00:00:00-05:00,164.2899932861328,171.47999572753906,164.0399932861328,169.6999969482422,446300,0.0,0.0
2025-03-05 00:00:00-05:00,168.92999267578125,172.00999450683594,167.39999389648438,169.80999755859375,485300,0.0,0.0
2025-03-06 00:00:00-05:00,169.6999969482422,170.02999877929688,167.67999267578125,168.75,451300,0.0,0.0
2025-03-07 00:00:00-05:00,167.82000732421875,173.5,167.82000732421875,169.55999755859375,373800,0.0,0.0
2025-03-10 00:00:00-04:00,168.13999938964844,169.89999389648438,166.36000061035156,166.36000061035156,466000,0.0,0.0
2025-03-11 00:00:00-04:00,166.16000366210938,167.89999389648438,162.47999572753906,163.19000244140625,436100,0.0,0.0
2025-03-12 00:00:00-04:00,163.9499969482422,163.9499969482422,160.0,160.6300048828125,337900,0.0,0.0
2025-03-13 00:00:00-04:00,159.80999755859375,161.99000549316406,158.9199981689453,161.6300048828125,321200,0.0,0.0
2025-03-14 00:00:00-04:00,161.5,164.52000427246094,161.35000610351562,162.6999969482422,412200,0.0,0.0
2025-03-17 00:00:00-04:00,162.66000366210938,164.6999969482422,162.66000366210938,163.64999389648438,276300,0.0,0.0
2025-03-18 00:00:00-04:00,163.17999267578125,166.89999389648438,162.44000244140625,166.58999633789062,341900,0.0,0.0
2025-03-19 00:00:00-04:00,166.8699951171875,167.6999969482422,163.3800048828125,165.02000427246094,215300,0.0,0.0
2025-03-20 00:00:00-04:00,164.8800048828125,164.8800048828125,161.11000061035156,161.89999389648438,281700,0.0,0.0
2025-03-21 00:00:00-04:00,160.7100067138672,161.07000732421875,158.8800048828125,160.5399932861328,1379300,0.0,0.0
2025-03-24 00:00:00-04:00,161.27999877929688,163.75999450683594,159.9499969482422,160.89999389648438,452400,0.0,0.0
2025-03-25 00:00:00-04:00,160.86000061035156,162.7899932861328,160.14999389648438,161.2899932861328,267900,0.0,0.0
2025-03-26 00:00:00-04:00,162.0,163.7100067138672,160.92999267578125,162.36000061035156,245200,0.0,0.0
2025-03-27 00:00:00-04:00,162.77000427246094,164.7100067138672,161.83999633789062,163.36000061035156,357700,0.0,0.0
2025-03-28 00:00:00-04:00,162.97000122070312,163.47000122070312,161.38999938964844,162.07000732421875,224100,0.0,0.0
2025-03-31 00:00:00-04:00,161.6999969482422,165.42999267578125,161.07000732421875,164.0800018310547,336500,0.0,0.0
2025-04-01 00:00:00-04:00,163.27999877929688,165.19000244140625,162.69000244140625,164.1199951171875,290800,0.0,0.0
2025-04-02 00:00:00-04:00,160.89999389648438,162.99000549316406,157.52000427246094,161.27000427246094,549500,0.0,0.0
2025-04-03 00:00:00-04:00,160.16000366210938,162.77999877929688,159.08999633789062,161.42999267578125,455800,0.0,0.0
2025-04-04 00:00:00-04:00,159.35000610351562,161.5800018310547,157.4600067138672,157.9499969482422,578900,0.0,0.0
2025-04-07 00:00:00-04:00,154.91000366210938,160.52000427246094,153.41000366210938,154.85000610351562,599900,0.0,0.0
2025-04-08 00:00:00-04:00,156.2100067138672,158.1699981689453,151.85000610351562,152.8699951171875,689300,0.0,0.0
2025-04-09 00:00:00-04:00,152.2899932861328,162.2899932861328,151.75,161.58999633789062,810900,0.0,0.0
2025-04-10 00:00:00-04:00,160.27000427246094,163.10000610351562,158.6199951171875,160.52000427246094,460300,0.0,0.0
2025-04-11 00:00:00-04:00,160.42999267578125,165.3300018310547,160.42999267578125,164.61000061035156,351200,0.0,0.0
2025-04-14 00:00:00-04:00,165.3300018310547,167.52000427246094,164.25999450683594,167.10000610351562,379700,0.0,0.0
2025-04-15 00:00:00-04:00,167.02000427246094,167.77000427246094,164.88999938964844,165.0,240100,0.0,0.0
2025-04-16 00:00:00-04:00,165.69000244140625,165.77999877929688,163.00999450683594,163.8800048828125,298900,0.0,0.0
2025-04-17 00:00:00-04:00,163.02999877929688,166.2899932861328,163.02999877929688,165.27000427246094,284300,0.0,0.0
2025-04-21 00:00:00-04:00,164.66000366210938,165.72999572753906,163.8800048828125,165.00999450683594,399200,0.0,0.0
2025-04-22 00:00:00-04:00,164.6699981689453,168.58999633789062,164.6699981689453,167.5,384800,0.0,0.0
2025-04-23 00:00:00-04:00,168.0,169.33999633789062,166.47000122070312,168.50999450683594,673600,0.0,0.0
2025-04-24 00:00:00-04:00,169.0,172.2899932861328,160.57000732421875,161.91000366210938,981500,0.0,0.0
2025-04-25 00:00:00-04:00,162.67999267578125,164.13999938964844,160.1699981689453,162.67999267578125,663100,0.0,0.0
2025-04-28 00:00:00-04:00,162.0399932861328,163.2899932861328,160.8699951171875,162.44000244140625,570600,0.0,0.0
2025-04-29 00:00:00-04:00,162.3000030517578,164.4600067138672,161.85000610351562,164.32000732421875,403000,0.0,0.0
2025-04-30 00:00:00-04:00,164.5,166.27999877929688,163.16000366210938,166.27999877929688,460300,0.0,0.0
2025-05-01 00:00:00-04:00,164.7100067138672,166.22999572753906,163.1699981689453,165.2100067138672,483300,0.0,0.0
2025-05-02 00:00:00-04:00,166.66000366210938,168.6699981689453,165.30999755859375,166.44000244140625,286200,0.0,0.0
2025-05-05 00:00:00-04:00,166.17999267578125,167.85000610351562,165.5,166.4199981689453,392100,0.0,0.0
2025-05-06 00:00:00-04:00,166.27999877929688,166.3300018310547,164.7100067138672,165.22000122070312,389200,0.0,0.0
2025-05-07 00:00:00-04:00,165.8000030517578,166.77000427246094,164.8300018310547,165.08999633789062,403000,0.0,0.0
2025-05-08 00:00:00-04:00,165.52000427246094,168.32000732421875,165.52000427246094,166.82000732421875,322300,0.0,0.0
2025-05-09 00:00:00-04:00,166.60000610351562,167.1699981689453,164.6999969482422,164.91000366210938,241700,0.0,0.0
2025-05-12 00:00:00-04:00,165.3800048828125,165.94000244140625,161.3800048828125,164.80999755859375,431700,0.0,0.0
2025-05-13 00:00:00-04:00,164.8800048828125,165.19000244140625,162.80999755859375,162.91000366210938,356900,0.0,0.0
2025-05-14 00:00:00-04:00,162.55999755859375,163.0399932861328,161.02999877929688,161.75999450683594,484200,0.0,0.0
2025-05-15 00:00:00-04:00,162.19000244140625,165.30999755859375,161.25999450683594,165.25999450683594,393000,0.0,0.0
2025-05-16 00:00:00-04:00,165.25,167.66000366210938,164.82000732421875,166.83999633789062,442300,0.0,0.0
2025-05-19 00:00:00-04:00,167.0,168.0800018310547,166.47999572753906,167.5,231100,0.0,0.0
2025-05-20 00:00:00-04:00,168.24000549316406,168.42999267578125,166.3800048828125,168.02999877929688,468300,0.0,0.0
2025-05-21 00:00:00-04:00,166.86000061035156,167.25,164.52000427246094,165.4600067138672,408400,0.0,0.0
2025-05-22 00:00:00-04:00,165.88999938964844,167.07000732421875,164.75999450683594,166.60000610351562,319300,0.0,0.0
2025-05-23 00:00:00-04:00,166.0,167.67999267578125,164.41000366210938,166.75,349100,0.0,0.0
2025-05-27 00:00:00-04:00,167.8300018310547,168.41000366210938,166.16000366210938,167.6699981689453,425500,0.0,0.0
2025-05-28 00:00:00-04:00,167.14999389648438,167.47999572753906,161.4600067138672,162.17999267578125,493100,0.0,0.0
2025-05-29 00:00:00-04:00,162.22999572753906,164.14999389648438,161.6999969482422,164.13999938964844,411900,0.0,0.0
2025-05-30 00:00:00-04:00,164.13999938964844,164.42999267578125,162.36000061035156,164.16000366210938,465000,0.0,0.0
2025-06-02 00:00:00-04:00,163.52999877929688,163.75999450683594,161.7100067138672,161.99000549316406,330000,0.0,0.0
2025-06-03 00:00:00-04:00,161.6199951171875,163.99000549316406,160.02999877929688,163.1300048828125,481500,0.0,0.0
2025-06-04 00:00:00-04:00,162.6199951171875,164.6300048828125,162.2899932861328,163.41000366210938,440400,0.0,0.0
2025-06-05 00:00:00-04:00,163.57000732421875,163.57000732421875,161.19000244140625,162.0399932861328,336000,0.0,0.0
2025-06-06 00:00:00-04:00,163.33999633789062,164.47000122070312,163.02999877929688,164.02000427246094,265000,0.0,0.0
2025-06-09 00:00:00-04:00,163.9499969482422,164.52999877929688,157.1300048828125,160.0500030517578,590100,0.0,0.0
2025-06-10 00:00:00-04:00,161.1300048828125,161.9600067138672,159.42999267578125,159.6999969482422,363600,0.0,0.0
2025-06-11 00:00:00-04:00,159.5800018310547,160.42999267578125,158.27000427246094,159.82000732421875,453900,0.0,0.0
2025-06-12 00:00:00-04:00,159.82000732421875,163.00999450683594,159.0399932861328,162.32000732421875,347500,0.0,0.0
2025-06-13 00:00:00-04:00,162.0,163.32000732421875,160.72000122070312,161.25,326300,0.0,0.0
2025-06-16 00:00:00-04:00,161.60000610351562,163.0399932861328,161.05999755859375,162.07000732421875,363900,0.0,0.0
2025-06-17 00:00:00-04:00,161.52000427246094,163.08999633789062,161.1999969482422,161.38999938964844,301000,0.0,0.0
2025-06-18 00:00:00-04:00,161.6300048828125,163.42999267578125,161.1199951171875,161.41000366210938,392000,0.0,0.0
2025-06-20 00:00:00-04:00,161.8300018310547,162.82000732421875,158.36000061035156,158.77000427246094,868200,0.0,0.0
2025-06-23 00:00:00-04:00,158.97000122070312,161.27000427246094,158.42999267578125,161.1199951171875,497400,0.0,0.0
2025-06-24 00:00:00-04:00,161.1999969482422,162.8699951171875,160.64999389648438,162.4600067138672,326400,0.0,0.0
2025-06-25 00:00:00-04:00,162.57000732421875,162.92999267578125,161.1300048828125,161.6699981689453,292900,0.0,0.0
2025-06-26 00:00:00-04:00,162.0,162.74000549316406,159.75,160.11000061035156,565900,0.0,0.0
2025-06-27 00:00:00-04:00,160.0,161.88999938964844,159.7100067138672,160.6999969482422,548500,0.0,0.0
2025-06-30 00:00:00-04:00,160.97999572753906,161.75999450683594,159.5399932861328,161.5,207100,0.0,0.0
2025-07-01 00:00:00-04:00,161.3300018310547,165.39999389648438,160.92999267578125,164.27000427246094,308100,0.0,0.0
2025-07-02 00:00:00-04:00,163.60000610351562,164.3300018310547,162.10000610351562,163.86000061035156,265800,0.0,0.0
2025-07-03 00:00:00-04:00,164.25,165.35000610351562,162.82000732421875,164.88999938964844,216500,0.0,0.0
2025-07-07 00:00:00-04:00,165.3000030517578,166.5399932861328,164.0,166.0,418600,0.0,0.0
2025-07-08 00:00:00-04:00,165.5,167.05999755859375,165.32000732421875,166.36000061035156,291800,0.0,0.0
2025-07-09 00:00:00-04:00,166.38999938964844,166.97999572753906,165.0,166.02000427246094,311200,0.0,0.0
2025-07-10 00:00:00-04:00,165.69000244140625,166.97000122070312,164.5500030517578,164.5500030517578,335100,0.0,0.0
2025-07-11 00:00:00-04:00,164.00999450683594,164.8000030517578,163.19000244140625,164.13999938964844,278900,0.0,0.0
2025-07-14 00:00:00-04:00,163.63999938964844,167.52999877929688,163.63999938964844,167.3000030517578,320300,0.0,0.0
2025-07-15 00:00:00-04:00,167.02000427246094,167.1300048828125,163.61000061035156,163.61000061035156,253700,0.0,0.0
2025-07-16 00:00:00-04:00,164.55999755859375,165.9199981689453,164.5,164.8300018310547,310900,0.0,0.0
2025-07-17 00:00:00-04:00,165.00999450683594,166.94000244140625,165.00999450683594,166.22000122070312,236900,0.0,0.0
2025-07-18 00:00:00-04:00,166.7899932861328,166.99000549316406,164.2100067138672,164.24000549316406,213900,0.0,0.0
2025-07-21 00:00:00-04:00,164.50999450683594,165.47999572753906,162.4600067138672,162.60000610351562,339700,0.0,0.0
2025-07-22 00:00:00-04:00,162.88999938964844,165.77999877929688,162.88999938964844,165.24000549316406,558600,0.0,0.0
2025-07-23 00:00:00-04:00,165.97999572753906,167.58999633789062,164.22000122070312,167.5500030517578,580500,0.0,0.0
2025-07-24 00:00:00-04:00,166.0,176.99000549316406,166.0,173.49000549316406,1046900,0.0,0.0
2025-07-25 00:00:00-04:00,174.22999572753906,174.64999389648438,171.6300048828125,174.17999267578125,417400,0.0,0.0
2025-07-28 00:00:00-04:00,173.39999389648438,173.57000732421875,170.22000122070312,170.72000122070312,421800,0.0,0.0
2025-07-29 00:00:00-04:00,170.72999572753906,171.3699951171875,169.35000610351562,171.07000732421875,418400,0.0,0.0
2025-07-30 00:00:00-04:00,171.1699981689453,173.16000366210938,170.4499969482422,171.0,549700,0.0,0.0
2025-07-31 00:00:00-04:00,169.83999633789062,171.0399932861328,165.94000244140625,166.35000610351562,272700,0.0,0.0
2025-08-01 00:00:00-04:00,167.0,167.24000549316406,163.1199951171875,165.52000427246094,438700,0.0,0.0
2025-08-04 00:00:00-04:00,165.5,166.85000610351562,164.58999633789062,166.2899932861328,377800,0.0,0.0
2025-08-05 00:00:00-04:00,166.10000610351562,169.02000427246094,165.9600067138672,168.4199981689453,275700,0.0,0.0
2025-08-06 00:00:00-04:00,168.6999969482422,169.08999633789062,167.47000122070312,168.02000427246094,236500,0.0,0.0
2025-08-07 00:00:00-04:00,168.3800048828125,169.38999938964844,167.1999969482422,168.22000122070312,217200,0.0,0.0
2025-08-08 00:00:00-04:00,168.0,169.44000244140625,167.11000061035156,167.3699951171875,192900,0.0,0.0
2025-08-11 00:00:00-04:00,167.7100067138672,168.66000366210938,167.27000427246094,167.55999755859375,219100,0.0,0.0
2025-08-12 00:00:00-04:00,166.0,166.00999450683594,156.50999450683594,165.44000244140625,521000,0.0,0.0
2025-08-13 00:00:00-04:00,165.69000244140625,169.0800018310547,165.35000610351562,169.0800018310547,295100,0.0,0.0
2025-08-14 00:00:00-04:00,168.32000732421875,168.74000549316406,167.22000122070312,167.5,221400,0.0,0.0
2025-08-15 00:00:00-04:00,167.19000244140625,168.9600067138672,165.1999969482422,165.49000549316406,482300,0.0,0.0
2025-08-18 00:00:00-04:00,166.2100067138672,168.6199951171875,165.4199981689453,167.85000610351562,304900,0.0,0.0
2025-08-19 00:00:00-04:00,167.72999572753906,169.67999267578125,167.25,169.10000610351562,305800,0.0,0.0
2025-08-20 00:00:00-04:00,169.72999572753906,170.6999969482422,168.44000244140625,168.44000244140625,378000,0.0,0.0
2025-08-21 00:00:00-04:00,168.08999633789062,169.57000732421875,167.1699981689453,169.1300048828125,187700,0.0,0.0
2025-08-22 00:00:00-04:00,170.0800018310547,172.24000549316406,167.86000061035156,168.22999572753906,371200,0.0,0.0
2025-08-25 00:00:00-04:00,167.83999633789062,168.42999267578125,166.63999938964844,166.86000061035156,269800,0.0,0.0
2025-08-26 00:00:00-04:00,167.14999389648438,167.3699951171875,165.94000244140625,165.97000122070312,245000,0.0,0.0
2025-08-27 00:00:00-04:00,166.0,170.0500030517578,165.13999938964844,169.94000244140625,272200,0.0,0.0
2025-08-28 00:00:00-04:00,170.1699981689453,170.1699981689453,167.50999450683594,168.17999267578125,246100,0.0,0.0
2025-08-29 00:00:00-04:00,168.32000732421875,168.75,167.0,168.63999938964844,209000,0.0,0.0
2025-09-02 00:00:00-04:00,168.64999389648438,169.38999938964844,167.66000366210938,168.61000061035156,152800,0.0,0.0
2025-09-03 00:00:00-04:00,168.63999938964844,168.63999938964844,167.0,167.88999938964844,215000,0.0,0.0
2025-09-04 00:00:00-04:00,167.77999877929688,168.47000122070312,167.08999633789062,168.47000122070312,209300,0.0,0.0
2025-09-05 00:00:00-04:00,168.89999389648438,170.0,167.36000061035156,168.74000549316406,222100,0.0,0.0
2025-09-08 00:00:00-04:00,168.0800018310547,168.63999938964844,160.17999267578125,167.0500030517578,517600,0.0,0.0
2025-09-09 00:00:00-04:00,166.91000366210938,167.85000610351562,165.6699981689453,167.1699981689453,197100,0.0,0.0
2025-09-10 00:00:00-04:00,166.42999267578125,167.00999450683594,161.61000061035156,161.6199951171875,233000,0.0,0.0
2025-09-11 00:00:00-04:00,162.02000427246094,166.9499969482422,160.6999969482422,166.75,325400,0.0,0.0
2025-09-12 00:00:00-04:00,166.6699981689453,167.22999572753906,164.25,164.38999938964844,294400,0.0,0.0
2025-09-15 00:00:00-04:00,163.8699951171875,164.83999633789062,162.64999389648438,163.00999450683594,248300,0.0,0.0
2025-09-16 00:00:00-04:00,163.24000549316406,164.22999572753906,161.9499969482422,163.88999938964844,291200,0.0,0.0
2025-09-17 00:00:00-04:00,164.39999389648438,166.1199951171875,162.9600067138672,163.0,380400,0.0,0.0
2025-09-18 00:00:00-04:00,163.11000061035156,164.9499969482422,162.85000610351562,164.13999938964844,327300,0.0,0.0
2025-09-19 00:00:00-04:00,163.08999633789062,164.72000122070312,161.17999267578125,161.74000549316406,1118000,0.0,0.0
2025-09-22 00:00:00-04:00,161.80999755859375,161.80999755859375,158.13999938964844,159.5500030517578,409300,0.0,0.0
2025-09-23 00:00:00-04:00,160.22000122070312,160.8699951171875,155.86000061035156,157.99000549316406,537600,0.0,0.0
2025-09-24 00:00:00-04:00,158.32000732421875,161.4499969482422,158.32000732421875,160.60000610351562,324900,0.0,0.0
2025-09-25 00:00:00-04:00,160.83999633789062,161.10000610351562,159.25999450683594,160.58999633789062,375400,0.0,0.0
2025-09-26 00:00:00-04:00,161.1300048828125,162.02999877929688,159.8000030517578,161.52000427246094,286300,0.0,0.0
2025-09-29 00:00:00-04:00,161.25,163.16000366210938,160.33999633789062,161.25999450683594,246900,0.0,0.0
2025-09-30 00:00:00-04:00,160.77000427246094,161.9499969482422,159.9499969482422,161.64999389648438,232100,0.0,0.0
2025-10-01 00:00:00-04:00,161.82000732421875,161.8699951171875,159.75999450683594,161.0500030517578,234000,0.0,0.0
2025-10-02 00:00:00-04:00,160.30999755859375,161.14999389648438,159.1199951171875,159.52000427246094,286000,0.0,0.0
2025-10-03 00:00:00-04:00,160.27000427246094,161.4199981689453,159.47999572753906,160.0,492600,0.0,0.0
2025-10-06 00:00:00-04:00,159.6199951171875,161.10000610351562,159.5399932861328,161.07000732421875,479800,0.0,0.0
2025-10-07 00:00:00-04:00,161.05999755859375,161.10000610351562,159.6999969482422,160.64999389648438,379200,0.0,0.0
2025-10-08 00:00:00-04:00,161.67999267578125,163.41000366210938,159.8800048828125,163.35000610351562,393200,0.0,0.0
2025-10-09 00:00:00-04:00,163.11000061035156,163.9600067138672,159.55999755859375,160.55999755859375,277200,0.0,0.0
2025-10-10 00:00:00-04:00,161.0,162.32000732421875,159.08999633789062,161.6999969482422,519900,0.0,0.0
2025-10-13 00:00:00-04:00,160.64999389648438,160.64999389648438,155.47999572753906,157.60000610351562,401800,0.0,0.0
2025-10-14 00:00:00-04:00,158.3699951171875,159.19000244140625,155.8300018310547,157.52999877929688,318900,0.0,0.0
2025-10-15 00:00:00-04:00,156.8699951171875,157.72999572753906,152.3800048828125,152.5,405900,0.0,0.0
2025-10-16 00:00:00-04:00,152.50999450683594,152.99000549316406,149.30999755859375,151.67999267578125,302300,0.0,0.0
2025-10-17 00:00:00-04:00,151.72999572753906,154.32000732421875,151.0399932861328,152.25,332000,0.0,0.0
2025-10-20 00:00:00-04:00,152.32000732421875,153.4199981689453,151.80999755859375,152.66000366210938,314800,0.0,0.0
2025-10-21 00:00:00-04:00,152.6999969482422,154.08999633789062,152.36000061035156,153.25,269700,0.0,0.0
2025-10-22 00:00:00-04:00,153.0,157.25999450683594,151.92999267578125,155.7899932861328,911500,0.0,0.0
2025-10-23 00:00:00-04:00,158.64999389648438,161.5500030517578,151.5500030517578,153.6999969482422,1402800,0.0,0.0
2025-10-24 00:00:00-04:00,154.05999755859375,157.9199981689453,149.77999877929688,157.8300018310547,791100,0.0,0.0
2025-10-27 00:00:00-04:00,162.72000122070312,166.69000244140625,159.1199951171875,166.5800018310547,607200,0.0,0.0
2025-10-28 00:00:00-04:00,165.3800048828125,170.77999877929688,163.57000732421875,170.07000732421875,662300,0.0,0.0
2025-10-29 00:00:00-04:00,168.85000610351562,170.97999572753906,166.57000732421875,168.77999877929688,614700,0.0,0.0
2025-10-30 00:00:00-04:00,167.4199981689453,170.44000244140625,167.4199981689453,168.16000366210938,328700,0.0,0.0
2025-10-31 00:00:00-04:00,167.10000610351562,167.1199951171875,163.64999389648438,165.00999450683594,519100,0.0,0.0
2025-11-03 00:00:00-05:00,164.3000030517578,165.39999389648438,161.1999969482422,165.07000732421875,469200,0.0,0.0
2025-11-04 00:00:00-05:00,165.80999755859375,167.89999389648438,164.67999267578125,167.3800048828125,328900,0.0,0.0
2025-11-05 00:00:00-05:00,167.3800048828125,169.02000427246094,166.4199981689453,166.80999755859375,404100,0.0,0.0
2025-11-06 00:00:00-05:00,165.77999877929688,168.89999389648438,163.88999938964844,163.97999572753906,345000,0.0,0.0
2025-11-07 00:00:00-05:00,163.6999969482422,166.17999267578125,163.16000366210938,163.41000366210938,306400,0.0,0.0
2025-11-10 00:00:00-05:00,162.58999633789062,163.94000244140625,161.2899932861328,162.89999389648438,196100,0.0,0.0
2025-11-11 00:00:00-05:00,164.1999969482422,165.5,162.72999572753906,163.86000061035156,344600,0.0,0.0
2025-11-12 00:00:00-05:00,164.11000061035156,166.91000366210938,162.77000427246094,165.36000061035156,263200,0.0,0.0
2025-11-13 00:00:00-05:00,164.2899932861328,167.6699981689453,164.2899932861328,164.9600067138672,249500,0.0,0.0
2025-11-14 00:00:00-05:00,165.3800048828125,165.83999633789062,163.3800048828125,164.99000549316406,214200,0.0,0.0
2025-11-17 00:00:00-05:00,163.33999633789062,165.1999969482422,161.1999969482422,161.32000732421875,217800,0.0,0.0
2025-11-18 00:00:00-05:00,161.47999572753906,161.91000366210938,159.3800048828125,161.38999938964844,175300,0.0,0.0
2025-11-19 00:00:00-05:00,162.0,163.41000366210938,160.75999450683594,163.35000610351562,258900,0.0,0.0
2025-11-20 00:00:00-05:00,162.91000366210938,165.58999633789062,160.3699951171875,162.02000427246094,221000,0.0,0.0
2025-11-21 00:00:00-05:00,161.82000732421875,165.66000366210938,161.82000732421875,164.02999877929688,283800,0.0,0.0
2025-11-24 00:00:00-05:00,162.7100067138672,164.22999572753906,161.3699951171875,162.27000427246094,377300,0.0,0.0
2025-11-25 00:00:00-05:00,163.11000061035156,166.36000061035156,162.0,165.5,190000,0.0,0.0
2025-11-26 00:00:00-05:00,165.0399932861328,166.6300048828125,163.9499969482422,163.9499969482422,245700,0.0,0.0
2025-11-28 00:00:00-05:00,163.22000122070312,164.32000732421875,162.86000061035156,163.14999389648438,130000,0.0,0.0
2025-12-01 00:00:00-05:00,163.25,167.4499969482422,162.16000366210938,164.1999969482422,370000,0.0,0.0
2025-12-02 00:00:00-05:00,164.14999389648438,166.75999450683594,163.66000366210938,164.42999267578125,274000,0.0,0.0
2025-12-03 00:00:00-05:00,164.57000732421875,165.25999450683594,161.99000549316406,165.02999877929688,204000,0.0,0.0
2025-12-04 00:00:00-05:00,165.32000732421875,167.0800018310547,165.2899932861328,166.66000366210938,208100,0.0,0.0
2025-12-05 00:00:00-05:00,165.94000244140625,170.92999267578125,165.50999450683594,170.7899932861328,337700,0.0,0.0
2025-12-08 00:00:00-05:00,169.0500030517578,169.69000244140625,164.6999969482422,165.4199981689453,527900,0.0,0.0
2025-12-09 00:00:00-05:00,165.0,167.57000732421875,165.0,166.60000610351562,275000,0.0,0.0
2025-12-10 00:00:00-05:00,166.5399932861328,168.75,163.77999877929688,166.61000061035156,221100,0.0,0.0
2025-12-11 00:00:00-05:00,167.24000549316406,169.77999877929688,166.55999755859375,168.3300018310547,312400,0.0,0.0
2025-12-12 00:00:00-05:00,169.5399932861328,171.1699981689453,167.47999572753906,170.72000122070312,265500,0.0,0.0
2025-12-15 00:00:00-05:00,170.6699981689453,171.0,169.02000427246094,170.58999633789062,368300,0.0,0.0
2025-12-16 00:00:00-05:00,170.52000427246094,171.66000366210938,167.94000244140625,170.8699951171875,389800,0.0,0.0
2025-12-17 00:00:00-05:00,169.80999755859375,176.75999450683594,169.75999450683594,176.6999969482422,433500,0.0,0.0
2025-12-18 00:00:00-05:00,176.2100067138672,176.66000366210938,173.47999572753906,174.67999267578125,579400,0.0,0.0
2025-12-19 00:00:00-05:00,175.0,177.10000610351562,173.19000244140625,176.5399932861328,995200,0.0,0.0
2025-12-22 00:00:00-05:00,176.05999755859375,179.6199951171875,174.89999389648438,178.64999389648438,365300,0.0,0.0
2025-12-23 00:00:00-05:00,178.80999755859375,179.8300018310547,176.3300018310547,176.3300018310547,340400,0.0,0.0
2025-12-24 00:00:00-05:00,176.25999450683594,177.57000732421875,175.0800018310547,175.85000610351562,102300,0.0,0.0
2025-12-26 00:00:00-05:00,175.14999389648438,176.07000732421875,174.49000549316406,175.49000549316406,144200,0.0,0.0
2025-12-29 00:00:00-05:00,176.7899932861328,176.7899932861328,175.00999450683594,175.8699951171875,145100,0.0,0.0
2025-12-30 00:00:00-05:00,177.3699951171875,177.3699951171875,172.55999755859375,172.6699981689453,120400,0.0,0.0
2025-12-31 00:00:00-05:00,172.22000122070312,172.5,170.3000030517578,170.8300018310547,123600,0.0,0.0
2026-01-02 00:00:00-05:00,169.8699951171875,170.75,167.5,170.27999877929688,165200,0.0,0.0
2026-01-05 00:00:00-05:00,174.80999755859375,181.25,172.02000427246094,179.05999755859375,257100,0.0,0.0
2026-01-06 00:00:00-05:00,178.17999267578125,179.3300018310547,176.69000244140625,177.6699981689453,127300,0.0,0.0
2026-01-07 00:00:00-05:00,177.5,178.3300018310547,175.0800018310547,176.0,197400,0.0,0.0
2026-01-08 00:00:00-05:00,176.0,177.47000122070312,174.75999450683594,176.0,346800,0.0,0.0
2026-01-09 00:00:00-05:00,175.36000061035156,177.00999450683594,174.9600067138672,176.5500030517578,196500,0.0,0.0
2026-01-12 00:00:00-05:00,176.32000732421875,178.89999389648438,175.47999572753906,177.83999633789062,151800,0.0,0.0
2026-01-13 00:00:00-05:00,177.50999450683594,178.47999572753906,175.63999938964844,176.67999267578125,189800,0.0,0.0
2026-01-14 00:00:00-05:00,175.5500030517578,177.77999877929688,174.77999877929688,175.3000030517578,163500,0.0,0.0
2026-01-15 00:00:00-05:00,175.80999755859375,178.13999938964844,174.66000366210938,177.57000732421875,234100,0.0,0.0
2026-01-16 00:00:00-05:00,176.83999633789062,178.67999267578125,176.35000610351562,178.1699981689453,226100,0.0,0.0
2026-01-20 00:00:00-05:00,180.0,180.4499969482422,176.38999938964844,178.1199951171875,196400,0.0,0.0
2026-01-21 00:00:00-05:00,179.50999450683594,181.2100067138672,177.47999572753906,181.0500030517578,218000,0.0,0.0
2026-01-22 00:00:00-05:00,181.1199951171875,182.27000427246094,180.8300018310547,182.0399932861328,196300,0.0,0.0
2026-01-23 00:00:00-05:00,182.6199951171875,182.8800048828125,179.9199981689453,182.41000366210938,131200,0.0,0.0
2026-01-26 00:00:00-05:00,182.57000732421875,183.61000061035156,179.3000030517578,183.5,199300,0.0,0.0
2026-01-27 00:00:00-05:00,182.7899932861328,183.72000122070312,181.1699981689453,182.99000549316406,338100,0.0,0.0
2026-01-28 00:00:00-05:00,182.24000549316406,183.02000427246094,179.19000244140625,179.24000549316406,257300,0.0,0.0
2026-01-29 00:00:00-05:00,178.77999877929688,180.1999969482422,170.42999267578125,174.60000610351562,329800,0.0,0.0
2026-01-30 00:00:00-05:00,173.77999877929688,174.6999969482422,171.6999969482422,174.6699981689453,196400,0.0,0.0
2026-02-02 00:00:00-05:00,174.0,176.92999267578125,171.02999877929688,176.80999755859375,211000,0.0,0.0
2026-02-03 00:00:00-05:00,174.5399932861328,174.5800018310547,168.19000244140625,171.52999877929688,278800,0.0,0.0
2026-02-04 00:00:00-05:00,170.60000610351562,176.02000427246094,170.60000610351562,174.1999969482422,210400,0.0,0.0
2026-02-05 00:00:00-05:00,176.10000610351562,178.32000732421875,174.10000610351562,177.39999389648438,285500,0.0,0.0
2026-02-06 00:00:00-05:00,177.8699951171875,180.4199981689453,175.14999389648438,178.92999267578125,315600,0.0,0.0
2026-02-09 00:00:00-05:00,178.75999450683594,180.00999450683594,176.5,176.5,181500,0.0,0.0
2026-02-10 00:00:00-05:00,177.3699951171875,177.4199981689453,173.1999969482422,173.36000061035156,185100,0.0,0.0
2026-02-11 00:00:00-05:00,172.39999389648438,173.89999389648438,155.8800048828125,156.80999755859375,556500,0.0,0.0
2026-02-12 00:00:00-05:00,155.6199951171875,163.92999267578125,153.38999938964844,160.91000366210938,817600,0.0,0.0
2026-02-13 00:00:00-05:00,163.75,164.3300018310547,160.9199981689453,162.80999755859375,409100,0.0,0.0
2026-02-17 00:00:00-05:00,163.88999938964844,164.8800048828125,159.89999389648438,160.22999572753906,482900,0.0,0.0
2026-02-18 00:00:00-05:00,159.8000030517578,163.64999389648438,159.13999938964844,162.6199951171875,394100,0.0,0.0
2026-02-19 00:00:00-05:00,163.60000610351562,164.41000366210938,161.72000122070312,162.24000549316406,344600,0.0,0.0
2026-02-20 00:00:00-05:00,162.16000366210938,163.82000732421875,160.88999938964844,161.6199951171875,424000,0.0,0.0
2026-02-23 00:00:00-05:00,160.49000549316406,162.19000244140625,156.2100067138672,156.30999755859375,579200,0.0,0.0
2026-02-24 00:00:00-05:00,156.85000610351562,161.1699981689453,156.24000549316406,156.6999969482422,544300,0.0,0.0
2026-02-25 00:00:00-05:00,157.3800048828125,160.44000244140625,156.47999572753906,159.97999572753906,1218600,0.0,0.0
2026-02-26 00:00:00-05:00,163.97000122070312,168.30999755859375,153.38999938964844,168.11000061035156,1543500,0.0,0.0
2026-02-27 00:00:00-05:00,166.17999267578125,167.05999755859375,153.36000061035156,164.4199981689453,1258700,0.0,0.0
2026-03-02 00:00:00-05:00,163.66000366210938,167.3699951171875,163.50999450683594,163.97999572753906,561600,0.0,0.0
2026-03-03 00:00:00-05:00,162.75,166.3300018310547,162.0399932861328,166.3000030517578,1066808,0.0,0.0
