Date,Open,High,Low,Close,Volume,Dividends,Stock Splits
2022-01-03 00:00:00-05:00,36.39315344628636,36.428659774500474,35.55877504967372,36.002593994140625,29200,0.0,0.0
2022-01-04 00:00:00-05:00,36.117985242708365,36.14461668246497,35.66529139968495,35.87832260131836,31500,0.0,0.0
2022-01-05 00:00:00-05:00,35.7806831621983,35.940458247020324,34.36046056223246,34.44922637939453,29000,0.0,0.0
2022-01-06 00:00:00-05:00,34.45810839823376,34.866421083459265,33.73912036775983,34.70664596557617,26700,0.0,0.0
2022-01-07 00:00:00-05:00,34.84866241118216,34.86641557548357,33.81012769507359,33.827880859375,29900,0.0,0.0
2022-01-10 00:00:00-05:00,33.72137147722255,33.76575270312421,32.9668770926124,33.59709930419922,36000,0.0,0.0
2022-01-11 00:00:00-05:00,33.78349746080004,34.245069544630866,33.233159561192345,33.46394729614258,65200,0.0,0.0
2022-01-12 00:00:00-05:00,33.80125079353157,34.32495387192908,33.07338464478816,33.126644134521484,27400,0.0,0.0
2022-01-13 00:00:00-05:00,33.242040915822955,33.65922843738473,33.162153367256664,33.34855651855469,24400,0.0,0.0
2022-01-14 00:00:00-05:00,33.144397909707244,33.29529472096649,32.62069143557094,32.80709457397461,22000,0.0,0.0
2022-01-18 00:00:00-05:00,32.45204505485539,33.17990791157956,31.51114759774044,32.176876068115234,44600,0.0,0.0
2022-01-19 00:00:00-05:00,32.11474060927826,32.51417835537774,31.42238410675249,31.511146545410156,70700,0.0,0.0
2022-01-20 00:00:00-05:00,31.733050700595882,32.079228893740364,31.05844747627194,31.262603759765625,37500,0.0,0.0
2022-01-21 00:00:00-05:00,31.031827149118943,31.706434001009278,30.730030059814453,30.730030059814453,57200,0.0,0.0
2022-01-24 00:00:00-05:00,30.366088130188363,31.47563537305759,29.753619271109557,31.280357360839844,52600,0.0,0.0
2022-01-25 00:00:00-05:00,30.960814242013345,30.97856740825801,30.046544803799488,30.383848190307617,36900,0.0,0.0
2022-01-26 00:00:00-05:00,30.934176226387212,31.182717114929638,29.77137286604365,30.259572982788086,46700,0.0,0.0
2022-01-27 00:00:00-05:00,30.35721710674755,31.031820426421987,29.877891824150772,29.984407424926758,31500,0.0,0.0
2022-01-28 00:00:00-05:00,30.0909307728798,30.28620883825929,29.105652011212335,30.1796932220459,40000,0.0,0.0
2022-01-31 00:00:00-05:00,29.948909879739205,31.03182601928711,29.948909879739205,31.03182601928711,36700,0.0,0.0
2022-02-01 00:00:00-05:00,31.06732443973358,31.173840032570308,30.23294608805152,30.66788673400879,30300,0.0,0.0
2022-02-02 00:00:00-05:00,30.605759072969864,30.605759072969864,29.966658603548723,30.1796932220459,35200,0.0,0.0
2022-02-03 00:00:00-05:00,29.89564670808291,30.44598129415972,29.2121650738257,29.35418701171875,46200,0.0,0.0
2022-02-04 00:00:00-05:00,29.01688063981018,29.043512078335272,28.31564760558298,28.679580688476562,36700,0.0,0.0
2022-02-07 00:00:00-05:00,28.564190457497403,29.07901872496449,28.01385416515055,28.768346786499023,73100,0.0,0.0
2022-02-08 00:00:00-05:00,28.936998462457083,29.576098928458418,28.74172039812252,29.10565185546875,101100,0.0,0.0
2022-02-09 00:00:00-05:00,29.292051868397774,29.51396135224927,29.105648714619317,29.487333297729492,44400,0.0,0.0
2022-02-10 00:00:00-05:00,28.839359176917107,29.176659168034867,28.439921412624876,28.670705795288086,67200,0.0,0.0
2022-02-11 00:00:00-05:00,28.874856358096356,29.150025293248223,28.46654378547317,28.928115844726562,65900,0.0,0.0
2022-02-14 00:00:00-05:00,28.89261528810931,29.141156222596777,28.644077739691983,28.670705795288086,63400,0.0,0.0
2022-02-15 00:00:00-05:00,28.688459180388037,29.842387874667065,28.635199682718483,29.72699737548828,104900,0.0,0.0
2022-02-16 00:00:00-05:00,29.726993596901146,30.43710321188261,28.226883437553706,28.33340072631836,50000,0.0,0.0
2022-02-17 00:00:00-05:00,28.004976113692763,28.004976113692763,26.416105093731087,27.117338180541992,164200,0.0,0.0
2022-02-18 00:00:00-05:00,27.277111558738916,27.57003199047968,26.46936122596787,26.504867553710938,50000,0.0,0.0
2022-02-22 00:00:00-05:00,26.611388726673333,26.842174826254524,26.362851152536088,26.59363555908203,103300,0.0,0.0
2022-02-23 00:00:00-05:00,26.957566629647864,26.957566629647864,25.945658164963763,25.963411331176758,91300,0.0,0.0
2022-02-24 00:00:00-05:00,25.350940424248478,26.673520821170555,25.164537259711956,26.65576934814453,54700,0.0,0.0
2022-02-25 00:00:00-05:00,26.57539949187502,27.789867208653146,26.521820534736086,27.77200698852539,54800,0.18,0.0
2022-02-28 00:00:00-05:00,27.53983030061142,28.477469751368442,27.53983030061142,28.379241943359375,65100,0.0,0.0
2022-03-01 00:00:00-05:00,28.30779990273854,28.682854282545375,28.281009574219095,28.504257202148438,81700,0.0,0.0
2022-03-02 00:00:00-05:00,28.754293079474525,29.34366663833291,28.593554526468765,29.18292808532715,37400,0.0,0.0
2022-03-03 00:00:00-05:00,29.468685729245053,29.977690028412947,29.38831645008758,29.772302627563477,44800,0.0,0.0
2022-03-04 00:00:00-05:00,29.51333504254884,29.941970069396447,29.084700015701234,29.83481216430664,41600,0.0,0.0
2022-03-07 00:00:00-05:00,29.691938400268555,30.022343979026076,29.39724985772264,29.691938400268555,50800,0.0,0.0
2022-03-08 00:00:00-05:00,29.620496621488645,29.986626038392828,29.111492251069436,29.316883087158203,91700,0.0,0.0
2022-03-09 00:00:00-05:00,29.843743480448534,29.843743480448534,29.102563072112392,29.459760665893555,42900,0.0,0.0
2022-03-10 00:00:00-05:00,29.093632669331818,29.26329964116973,28.57569653452901,29.25436782836914,39500,0.0,0.0
2022-03-11 00:00:00-05:00,29.343671172422606,29.834815312946567,28.790017963458617,29.01326560974121,50700,0.0,0.0
2022-03-14 00:00:00-04:00,28.977544293711713,28.977544293711713,27.15584273750037,27.745216369628906,84100,0.0,0.0
2022-03-15 00:00:00-04:00,27.879163542499853,28.191710566508206,27.530897783223136,28.093481063842773,54700,0.0,0.0
2022-03-16 00:00:00-04:00,28.47746850214155,28.727504769644682,27.98632437390812,28.459609985351562,90400,0.0,0.0
2022-03-17 00:00:00-04:00,28.468537506451714,29.22757980185268,28.468537506451714,29.057912826538086,85800,0.0,0.0
2022-03-18 00:00:00-04:00,29.200788652984365,32.022638363530035,28.68285255231715,30.87067985534668,452400,0.0,0.0
2022-03-21 00:00:00-04:00,30.772451996494617,30.808172434265483,29.566916176879605,30.11164093017578,104700,0.0,0.0
2022-03-22 00:00:00-04:00,30.18308160770502,30.57599965197505,30.138432758989463,30.3080997467041,139500,0.0,0.0
2022-03-23 00:00:00-04:00,30.531348720365276,30.531348720365276,29.263303648129405,29.272232055664062,28300,0.0,0.0
2022-03-24 00:00:00-04:00,29.218651929379327,29.432967754063327,28.968612258596504,29.397247314453125,29900,0.0,0.0
2022-03-25 00:00:00-04:00,29.415110997055557,29.843746103371835,29.17400311103596,29.816957473754883,42500,0.0,0.0
2022-03-28 00:00:00-04:00,29.78123815854655,29.78123815854655,29.004337211811976,29.468692779541016,25800,0.0,0.0
2022-03-29 00:00:00-04:00,29.629423706452812,30.102707559715476,29.611563488491623,29.718721389770508,52800,0.0,0.0
2022-03-30 00:00:00-04:00,29.82588726234258,29.950905400716486,29.165072722594914,29.299022674560547,42400,0.0,0.0
2022-03-31 00:00:00-04:00,29.15614378277534,29.54013000447292,28.754297340709424,28.781085968017578,56900,0.0,0.0
2022-04-01 00:00:00-04:00,28.977543151734093,28.977543151734093,28.46853712291497,28.807872772216797,58200,0.0,0.0
2022-04-04 00:00:00-04:00,28.736437843493267,28.736437843493267,28.075625002434464,28.379241943359375,43000,0.0,0.0
2022-04-05 00:00:00-04:00,28.1649231840646,28.414959451712452,27.67377735230256,28.227432250976562,83700,0.0,0.0
2022-04-06 00:00:00-04:00,28.084552779356514,28.084552779356514,27.46838883829357,27.620197296142578,48900,0.0,0.0
2022-04-07 00:00:00-04:00,27.72735876901684,28.21850464435074,27.521971330015404,28.066696166992188,143900,0.0,0.0
2022-04-08 00:00:00-04:00,28.298870858930425,28.65606673642006,28.00418404709594,28.15599250793457,39600,0.0,0.0
2022-04-11 00:00:00-04:00,27.90595855634499,28.414962967893597,27.852379592825283,27.941679000854492,33600,0.0,0.0
2022-04-12 00:00:00-04:00,28.245290818703687,29.075774019834235,28.245290818703687,28.718576431274414,64100,0.0,0.0
2022-04-13 00:00:00-04:00,28.700718072696052,29.3079519687391,28.584628337911354,28.96861457824707,47900,0.0,0.0
2022-04-14 00:00:00-04:00,29.09363048347925,29.09363048347925,28.45960637856766,28.709644317626953,41900,0.0,0.0
2022-04-18 00:00:00-04:00,28.736437380348182,28.736437380348182,28.048834219144783,28.102413177490234,27700,0.0,0.0
2022-04-19 00:00:00-04:00,28.173851343895528,28.977544206417257,28.173851343895528,28.92396354675293,63200,0.0,0.0
2022-04-20 00:00:00-04:00,29.290085819663854,29.83481053438448,29.27222560204322,29.629423141479492,36100,0.0,0.0
2022-04-21 00:00:00-04:00,29.62942321925981,29.959828729888383,29.066838285441705,29.156139373779297,33400,0.0,0.0
2022-04-22 00:00:00-04:00,29.165071678305527,29.165071678305527,27.914885229597655,27.995254516601562,26600,0.0,0.0
2022-04-25 00:00:00-04:00,27.807725133615374,28.05776310034861,27.236211727647184,27.950603485107422,26900,0.0,0.0
2022-04-26 00:00:00-04:00,27.754148268829145,27.798797118317985,27.218353558740898,27.24514389038086,30300,0.0,0.0
2022-04-27 00:00:00-04:00,27.316580665520238,27.86130543817688,27.316580665520238,27.432668685913086,29500,0.0,0.0
2022-04-28 00:00:00-04:00,27.763075066117203,28.20064021121745,27.12012251268823,28.013113021850586,33500,0.0,0.0
2022-04-29 00:00:00-04:00,27.79879967540554,28.24529502434279,27.405884994676864,27.557693481445312,45500,0.0,0.0
2022-05-02 00:00:00-04:00,27.700567452732237,28.129202510784605,26.90580469977695,27.486249923706055,49000,0.0,0.0
2022-05-03 00:00:00-04:00,27.71843098567707,27.71843098567707,27.01296754463985,27.20049476623535,28300,0.0,0.0
2022-05-04 00:00:00-04:00,28.843598399086172,32.40663272551823,28.843598399086172,32.326263427734375,155000,0.0,0.0
2022-05-05 00:00:00-04:00,31.89762092857465,32.013707237913266,30.236658096313477,30.236658096313477,79500,0.0,0.0
2022-05-06 00:00:00-04:00,30.35275022334044,30.35275022334044,29.406179016187995,30.04913330078125,79100,0.0,0.0
2022-05-09 00:00:00-04:00,29.915183605243026,30.325958443160733,28.647138651717416,29.138282775878906,108700,0.0,0.0
2022-05-10 00:00:00-04:00,29.38832067341142,29.718726243434666,28.379242039219143,28.388172149658203,59100,0.0,0.0
2022-05-11 00:00:00-04:00,28.4149617434189,28.89717750404999,28.057765829939097,28.28101348876953,51300,0.0,0.0
2022-05-12 00:00:00-04:00,28.084556373271063,28.90610612882776,28.084556373271063,28.772159576416016,46700,0.0,0.0
2022-05-13 00:00:00-04:00,28.960733510209558,29.804859083173337,28.781131376959074,29.571378707885742,70700,0.18,0.0
2022-05-16 00:00:00-04:00,29.499534403753135,30.047319330000615,29.239114925814196,29.777917861938477,40100,0.0,0.0
2022-05-17 00:00:00-04:00,29.957525975339596,30.93635413142013,29.8767051761907,30.828594207763672,34500,0.0,0.0
2022-05-18 00:00:00-04:00,30.532254490594234,30.873498294076352,29.88568800518111,30.03835105895996,43400,0.0,0.0
2022-05-19 00:00:00-04:00,29.652203609766193,30.235906341766256,29.310959851817298,29.562400817871094,42800,0.0,0.0
2022-05-20 00:00:00-04:00,29.903646437837963,30.13713028567738,28.852979399439953,29.670166015625,39300,0.0,0.0
2022-05-23 00:00:00-04:00,29.94854641429593,30.15509113770618,28.592556702541142,28.682357788085938,47100,0.0,0.0
2022-05-24 00:00:00-04:00,28.556629990136422,29.05951528556758,28.08068724174899,29.050533294677734,57500,0.0,0.0
2022-05-25 00:00:00-04:00,29.122377170447454,29.733022411797883,29.059516933157795,29.364839553833008,32300,0.0,0.0
2022-05-26 00:00:00-04:00,29.724041931523303,30.532249917229862,29.724041931523303,30.388568878173828,45700,0.0,0.0
2022-05-27 00:00:00-04:00,30.693893197309162,31.31351706990721,30.693893197309162,31.20575714111328,21000,0.0,0.0
2022-05-31 00:00:00-04:00,31.097996723158374,31.097996723158374,30.09222598481424,30.77471351623535,88700,0.0,0.0
2022-06-01 00:00:00-04:00,30.693891986505395,31.448218309559188,30.577150069968457,31.19677734375,86400,0.0,0.0
2022-06-02 00:00:00-04:00,31.187796549707127,32.04988283041747,31.187796549707127,31.852323532104492,28000,0.0,0.0
2022-06-03 00:00:00-04:00,31.564956066679233,31.995999133677707,31.564956066679233,31.807415008544922,32300,0.0,0.0
2022-06-06 00:00:00-04:00,32.14866466310787,32.418066201571136,31.789463753699,32.01396560668945,40300,0.0,0.0
2022-06-07 00:00:00-04:00,31.6278224266256,32.579708099365234,31.6278224266256,32.579708099365234,38600,0.0,0.0
2022-06-08 00:00:00-04:00,32.27438002993827,32.36418281225638,30.810630647224833,30.909408569335938,37500,0.0,0.0
2022-06-09 00:00:00-04:00,30.702865775432763,31.304532397231977,30.460403413718964,30.532245635986328,16900,0.0,0.0
2022-06-10 00:00:00-04:00,29.8767005398036,29.8767005398036,28.951754201901313,29.34687614440918,26900,0.0,0.0
2022-06-13 00:00:00-04:00,28.655417207430116,28.655417207430116,28.071712715336048,28.305194854736328,42400,0.0,0.0
2022-06-14 00:00:00-04:00,28.421932004473614,28.655414118707217,28.107629092512497,28.62847328186035,35300,0.0,0.0
2022-06-15 00:00:00-04:00,29.059522191628073,29.248102937621713,28.421935999144857,29.13136100769043,84500,0.0,0.0
2022-06-16 00:00:00-04:00,28.58357378047291,28.58357378047291,26.931240125316126,27.505964279174805,96000,0.0,0.0
2022-06-17 00:00:00-04:00,28.0357894817642,28.96971625613379,27.694547434717055,28.206411361694336,167000,0.0,0.0
2022-06-21 00:00:00-04:00,28.736236572265625,29.05951978180383,28.466835039525904,28.736236572265625,81100,0.0,0.0
2022-06-22 00:00:00-04:00,28.33213001943137,29.176259085438478,28.33213001943137,29.086456298828125,74400,0.0,0.0
2022-06-23 00:00:00-04:00,28.91583901247793,29.67016536673827,28.826036216955046,29.337900161743164,34200,0.0,0.0
2022-06-24 00:00:00-04:00,29.56239184336865,30.54121971130371,29.56239184336865,30.54121971130371,66100,0.0,0.0
2022-06-27 00:00:00-04:00,30.613069239607363,30.89145273806595,30.17304415180198,30.280807495117188,35000,0.0,0.0
2022-06-28 00:00:00-04:00,30.631032220425613,30.801652389068863,29.436680763043995,29.490562438964844,20700,0.0,0.0
2022-06-29 00:00:00-04:00,29.616280572613327,29.948542317014898,29.21217659935411,29.939563751220703,33200,0.0,0.0
2022-06-30 00:00:00-04:00,29.44565975207174,30.60408997402675,29.31993928003804,30.325706481933594,31600,0.0,0.0
2022-07-01 00:00:00-04:00,30.06528450103425,30.41550680585292,29.966503148264668,30.30774688720703,19100,0.0,0.0
2022-07-05 00:00:00-04:00,29.62526123475376,30.334684371948242,29.131354497583985,30.334684371948242,32800,0.0,0.0
2022-07-06 00:00:00-04:00,30.182028513717462,30.55021140156308,29.777924508612205,30.137128829956055,25200,0.0,0.0
2022-07-07 00:00:00-04:00,30.47836780771263,31.31351490580728,30.47836780771263,31.142894744873047,28100,0.0,0.0
2022-07-08 00:00:00-04:00,31.008186265915946,31.133906720732064,30.532243565361924,30.702863693237305,33500,0.0,0.0
2022-07-11 00:00:00-04:00,30.44245269625793,31.20575762769191,30.119169479208953,30.182029724121094,41300,0.0,0.0
2022-07-12 00:00:00-04:00,29.9844636413291,30.58613032253238,29.589341656724322,29.733022689819336,28100,0.0,0.0
2022-07-13 00:00:00-04:00,29.212175553653324,29.894663000866068,28.852974699101367,29.041555404663086,38100,0.0,0.0
2022-07-14 00:00:00-04:00,28.421933642193835,28.942777861553623,27.892109143367634,28.736236572265625,38500,0.0,0.0
2022-07-15 00:00:00-04:00,29.292999943269685,29.69710395169661,28.763175449026896,29.589344024658203,34200,0.0,0.0
2022-07-18 00:00:00-04:00,29.786900894315895,29.957524475994134,29.25707986884443,29.463621139526367,16900,0.0,0.0
2022-07-19 00:00:00-04:00,29.742003694192032,30.532251153819193,29.742003694192032,30.39754867553711,22000,0.0,0.0
2022-07-20 00:00:00-04:00,30.469387777160247,30.837570630888973,30.397545549298073,30.72981071472168,21100,0.0,0.0
2022-07-21 00:00:00-04:00,30.720823867772722,31.627813010233517,30.720823867772722,31.223709106445312,16400,0.0,0.0
2022-07-22 00:00:00-04:00,31.349431617136048,31.43025240319787,30.388564174859766,30.675926208496094,28300,0.0,0.0
2022-07-25 00:00:00-04:00,30.514291754184576,30.819614414346432,30.22692965351771,30.244890213012695,23200,0.0,0.0
2022-07-26 00:00:00-04:00,30.307752075553225,30.675935000779322,29.975490271233728,30.52327537536621,14700,0.0,0.0
2022-07-27 00:00:00-04:00,30.864509499573618,31.133911000588224,30.487348083278363,30.666950225830078,24100,0.0,0.0
2022-07-28 00:00:00-04:00,30.981259680279212,31.906206336852172,30.505316787188562,31.771507263183594,24500,0.0,0.0
2022-07-29 00:00:00-04:00,32.031928958512935,32.29235198068631,31.56496802819616,32.1037712097168,15300,0.0,0.0
2022-08-01 00:00:00-04:00,32.09478522058214,33.4866959723798,32.09478522058214,32.54378890991211,33100,0.0,0.0
2022-08-02 00:00:00-04:00,33.51363438076553,33.51363438076553,32.21152302443229,32.588687896728516,13800,0.0,0.0
2022-08-03 00:00:00-04:00,31.32249750796133,31.600877595667317,27.98190905047987,28.520713806152344,70200,0.0,0.0
2022-08-04 00:00:00-04:00,28.745213231942696,28.745213231942696,27.999868926621883,28.56561279296875,32600,0.0,0.0
2022-08-05 00:00:00-04:00,28.27824682704683,29.38279699668165,28.188445763517024,29.284015655517578,27900,0.0,0.0
2022-08-08 00:00:00-04:00,29.38280106020184,29.60730289366762,28.341110977132598,28.700313568115234,27000,0.0,0.0
2022-08-09 00:00:00-04:00,28.421929294646716,28.826031531942988,27.748423853006685,27.963945388793945,20400,0.0,0.0
2022-08-10 00:00:00-04:00,28.55663394997603,28.924816838120524,28.179470782509338,28.70929527282715,15500,0.0,0.0
2022-08-11 00:00:00-04:00,29.113393033992534,29.44565817875796,29.032575671111264,29.301977157592773,28000,0.0,0.0
2022-08-12 00:00:00-04:00,29.13944188003715,29.906980794924678,28.859514180266327,29.83474349975586,21700,0.18,0.0
2022-08-15 00:00:00-04:00,29.735415999499512,30.033400457576036,29.536757397696313,29.789596557617188,25100,0.0,0.0
2022-08-16 00:00:00-04:00,29.771535096591926,30.223029394352178,29.47354720664866,30.08757972717285,17600,0.0,0.0
2022-08-17 00:00:00-04:00,29.717358060025955,29.906984860830764,29.040116533184317,29.193626403808594,15200,0.0,0.0
2022-08-18 00:00:00-04:00,29.04914077048079,30.096610823103212,29.04914077048079,29.97922134399414,21900,0.0,0.0
2022-08-19 00:00:00-04:00,29.67220806791593,30.466839057206837,29.365191784187285,30.06049346923828,22600,0.0,0.0
2022-08-22 00:00:00-04:00,29.816685027457186,29.816685027457186,28.61571021637533,28.958845138549805,22200,0.0,0.0
2022-08-23 00:00:00-04:00,28.80533638934128,29.500636311888183,28.715037183643965,28.778247833251953,15400,0.0,0.0
2022-08-24 00:00:00-04:00,28.77824883493226,29.50063733871256,28.579590231020667,28.9317569732666,11600,0.0,0.0
2022-08-25 00:00:00-04:00,28.922719155855603,29.66316941452429,28.642793216622906,29.455482482910156,16900,0.0,0.0
2022-08-26 00:00:00-04:00,29.320038474064614,29.780561105629147,27.830106031740325,27.839136123657227,19000,0.0,0.0
2022-08-29 00:00:00-04:00,27.450854356885376,27.532123472404763,26.836821805100744,26.84585189819336,16900,0.0,0.0
2022-08-30 00:00:00-04:00,26.76457952080268,27.333463260106996,26.692340507179875,27.2431640625,22300,0.0,0.0
2022-08-31 00:00:00-04:00,26.99033123431088,27.441825576657003,26.737495504878158,27.16189956665039,27400,0.0,0.0
2022-09-01 00:00:00-04:00,26.981299043362128,27.026449507475455,26.674284498962006,26.927120208740234,34700,0.0,0.0
2022-09-02 00:00:00-04:00,27.35152718632692,27.685632024176904,26.35823932137621,26.43950843811035,22600,0.0,0.0
2022-09-06 00:00:00-04:00,26.358239131805856,26.529805734953634,25.74420657525925,26.322118759155273,19800,0.0,0.0
2022-09-07 00:00:00-04:00,26.28599742303712,26.710401424432852,26.069280376219258,26.665252685546875,16700,0.0,0.0
2022-09-08 00:00:00-04:00,26.222788499671157,26.990327394616674,26.15957785399121,26.665252685546875,14600,0.0,0.0
2022-09-09 00:00:00-04:00,26.972268998221118,27.441821739647803,26.863909613390963,27.27928352355957,20400,0.0,0.0
2022-09-12 00:00:00-04:00,27.279286431160283,27.35152717695626,26.719434429754862,26.818763732910156,17500,0.0,0.0
2022-09-13 00:00:00-04:00,26.276968770361506,26.276968770361506,25.166293198704675,25.319801330566406,26800,0.0,0.0
2022-09-14 00:00:00-04:00,25.5184568343307,25.969951112951595,25.401067357393433,25.834503173828125,34800,0.0,0.0
2022-09-15 00:00:00-04:00,25.56360522514384,25.780322269252952,25.03987193796832,25.292709350585938,32700,0.0,0.0
2022-09-16 00:00:00-04:00,24.91345543413072,27.360553695970047,24.42584076689708,26.484655380249023,128200,0.0,0.0
2022-09-19 00:00:00-04:00,26.37629729722052,27.02645021905757,25.77129656299972,26.15958023071289,28700,0.0,0.0
2022-09-20 00:00:00-04:00,25.73517608642578,26.168610217683877,25.256591490048635,25.73517608642578,34600,0.0,0.0
2022-09-21 00:00:00-04:00,26.123459746487665,26.574954033921426,25.509427240007508,25.708084106445312,26600,0.0,0.0
2022-09-22 00:00:00-04:00,25.879651026916147,25.879651026916147,25.112110435070388,25.15726089477539,30400,0.0,0.0
2022-09-23 00:00:00-04:00,24.841212073589574,25.202407103418526,24.10979192289673,24.19106101989746,28500,0.0,0.0
2022-09-26 00:00:00-04:00,24.0014378346905,24.489052524002293,23.64927281839696,24.100767135620117,30800,0.0,0.0
2022-09-27 00:00:00-04:00,24.118827033768127,24.42584332552417,23.70345306393009,23.82084083557129,32300,0.0,0.0
2022-09-28 00:00:00-04:00,24.14591519327617,24.76897781561268,24.14591519327617,24.6064395904541,35600,0.0,0.0
2022-09-29 00:00:00-04:00,24.3084511536719,24.3084511536719,23.694418681309326,23.947256088256836,16200,0.0,0.0
2022-09-30 00:00:00-04:00,24.046583991909355,24.516138444688597,23.757627935526422,24.227182388305664,42700,0.0,0.0
2022-10-03 00:00:00-04:00,24.678678051080958,25.536517898951868,24.678678051080958,25.41912841796875,28900,0.0,0.0
2022-10-04 00:00:00-04:00,25.843533970392777,26.367267278973777,25.301740476819393,25.82547378540039,58700,0.0,0.0
2022-10-05 00:00:00-04:00,25.680994941601544,26.276967249075685,25.563605465160705,25.644874572753906,31000,0.0,0.0
2022-10-06 00:00:00-04:00,25.58166581995224,25.58166581995224,25.17532027928008,25.38300895690918,23800,0.0,0.0
2022-10-07 00:00:00-04:00,25.23853353901737,25.23853353901737,24.36263344336997,24.61547088623047,84200,0.0,0.0
2022-10-10 00:00:00-04:00,24.615468032240162,25.274649259114472,24.525168832951387,25.220470428466797,40900,0.0,0.0
2022-10-11 00:00:00-04:00,25.112112931978796,25.112112931978796,24.037557718865163,24.20009422302246,58500,0.0,0.0
2022-10-12 00:00:00-04:00,24.18203768875383,24.18203768875383,23.48673598552108,23.5860652923584,47700,0.0,0.0
2022-10-13 00:00:00-04:00,23.288078440555683,25.635847586007806,23.215837694109336,25.53652000427246,54500,0.0,0.0
2022-10-14 00:00:00-04:00,25.6719661244183,25.879653088665282,24.92248565674583,25.085023880004883,38400,0.0,0.0
2022-10-17 00:00:00-04:00,25.644876786672146,26.20473049594472,25.500398743436797,25.924802780151367,27200,0.0,0.0
2022-10-18 00:00:00-04:00,26.50271349826831,26.728460629050296,25.789351738286538,26.06024932861328,37200,0.0,0.0
2022-10-19 00:00:00-04:00,25.83450407011147,25.83450407011147,25.13017235099427,25.68099594116211,24400,0.0,0.0
2022-10-20 00:00:00-04:00,25.328829504287217,25.84353445228349,25.012784872597493,25.202411651611328,20100,0.0,0.0
2022-10-21 00:00:00-04:00,25.464276464628476,26.195696669555034,25.238529338957353,26.11442756652832,28300,0.0,0.0
2022-10-24 00:00:00-04:00,25.978983830545552,26.38532768897963,25.780325225595668,26.322118759155273,35400,0.0,0.0
2022-10-25 00:00:00-04:00,26.240849335384322,27.22510708849014,26.240849335384322,26.800703048706055,25700,0.0,0.0
2022-10-26 00:00:00-04:00,27.098689337844135,27.378615334458605,26.683313667154586,26.84585189819336,20500,0.0,0.0
2022-10-27 00:00:00-04:00,27.125777212664875,28.001675497238214,26.936148719157124,27.351524353027344,25700,0.0,0.0
2022-10-28 00:00:00-04:00,27.288318729324672,28.36287579746731,27.288318729324672,28.281606674194336,50100,0.0,0.0
2022-10-31 00:00:00-04:00,28.281602870797844,28.832426471723938,27.920407772778308,28.660858154296875,41600,0.0,0.0
2022-11-01 00:00:00-04:00,29.094291060283627,29.094291060283627,27.757866748909038,28.05585289001465,85700,0.0,0.0
2022-11-02 00:00:00-04:00,26.41241322123329,26.41241322123329,20.597166887883105,20.77776527404785,120200,0.0,0.0
2022-11-03 00:00:00-04:00,20.515901454288844,20.741648616198198,20.10955759624051,20.353364944458008,33700,0.0,0.0
2022-11-04 00:00:00-04:00,20.470752415533706,21.464040258069108,20.407543486681167,21.445980072021484,35300,0.0,0.0
2022-11-07 00:00:00-05:00,21.32859338062466,22.02389335530518,21.247324261634926,21.906505584716797,38600,0.0,0.0
2022-11-08 00:00:00-05:00,21.897474779389913,22.854642266880226,21.84329594259609,22.294790267944336,32300,0.0,0.0
2022-11-09 00:00:00-05:00,21.987777539045922,22.68307932570032,21.75300024528024,21.87038803100586,29900,0.0,0.0
2022-11-10 00:00:00-05:00,22.67096290496239,23.999196652314815,22.02503970677672,23.935514450073242,37400,0.18,0.0
2022-11-11 00:00:00-05:00,23.899126006096846,24.554145192024453,23.216813703385203,23.316884994506836,29900,0.0,0.0
2022-11-14 00:00:00-05:00,22.998473912376554,23.04396070501668,22.39803922643533,22.570890426635742,36600,0.0,0.0
2022-11-15 00:00:00-05:00,22.91659613572942,22.998473750071753,22.325259159531388,22.725547790527344,43700,0.0,0.0
2022-11-16 00:00:00-05:00,22.38893940797397,22.64366819905525,22.152404291105817,22.297964096069336,58400,0.0,0.0
2022-11-17 00:00:00-05:00,21.8794740590112,22.452617196817858,21.8794740590112,22.179691314697266,37700,0.0,0.0
2022-11-18 00:00:00-05:00,22.680060094593074,22.743742295386582,22.35254965027236,22.43442726135254,34300,0.0,0.0
2022-11-21 00:00:00-05:00,22.325259317085177,22.58908583777576,22.061431061184685,22.570890426635742,27000,0.0,0.0
2022-11-22 00:00:00-05:00,22.561791553081786,22.989375016687358,22.561791553081786,22.90749740600586,17300,0.0,0.0
2022-11-23 00:00:00-05:00,22.880204985087207,23.1986177323775,22.634572145588134,22.92569351196289,17200,0.0,0.0
2022-11-25 00:00:00-05:00,22.871108322433535,23.171325672660828,22.78013473495432,23.007572174072266,12500,0.0,0.0
2022-11-28 00:00:00-05:00,22.989374600711344,23.089445884570374,22.32525775738684,22.47081756591797,18600,0.0,0.0
2022-11-29 00:00:00-05:00,22.26157848041392,22.689162025741723,22.11601864142876,22.1251163482666,24800,0.0,0.0
2022-11-30 00:00:00-05:00,22.243379102122866,22.461718804651458,21.53377376749766,22.388938903808594,83300,0.0,0.0
2022-12-01 00:00:00-05:00,22.589086028083084,22.962083283546256,22.33435547560656,22.789230346679688,41200,0.0,0.0
2022-12-02 00:00:00-05:00,22.589085854359208,22.90749860870359,22.57998814878252,22.780134201049805,23600,0.0,0.0
2022-12-05 00:00:00-05:00,22.74374303175762,22.95298505119942,22.17060147084968,22.77103614807129,52400,0.0,0.0
2022-12-06 00:00:00-05:00,22.9711803036287,23.562517271333604,22.589085353922325,22.92569351196289,37000,0.0,0.0
2022-12-07 00:00:00-05:00,22.91659551025067,23.6807853997816,22.8074247823706,23.34417724609375,37200,0.0,0.0
2022-12-08 00:00:00-05:00,23.289592206624555,23.87183144784698,23.043959376030163,23.171323776245117,26200,0.0,0.0
2022-12-09 00:00:00-05:00,23.11673936541426,23.22591009114616,22.507207006834882,22.534500122070312,19700,0.0,0.0
2022-12-12 00:00:00-05:00,22.661866256492882,23.098545722408957,22.0341384397323,22.370746612548828,33600,0.0,0.0
2022-12-13 00:00:00-05:00,23.189516685986586,23.744464487447043,22.34344929530413,22.889299392700195,167200,0.0,0.0
2022-12-14 00:00:00-05:00,22.84381395942926,23.426053172328764,22.4071328145449,22.716447830200195,33400,0.0,0.0
2022-12-15 00:00:00-05:00,22.507205583460557,22.670960794097482,21.460993858536508,21.4882869720459,33400,0.0,0.0
2022-12-16 00:00:00-05:00,21.279048578147854,21.351828497224833,20.842369063685965,21.160781860351562,74500,0.0,0.0
2022-12-19 00:00:00-05:00,21.288147383036616,21.297245090291792,20.53305503295933,20.660419464111328,28600,0.0,0.0
2022-12-20 00:00:00-05:00,20.478464138462005,20.58763312105948,20.251026733639296,20.533048629760742,46500,0.0,0.0
2022-12-21 00:00:00-05:00,20.96063546896003,21.670239176833903,20.70590490947122,21.424606323242188,38400,0.0,0.0
2022-12-22 00:00:00-05:00,21.133485665927815,21.633849055108332,20.833268326503458,21.606555938720703,105600,0.0,0.0
2022-12-23 00:00:00-05:00,21.57016581398272,21.924969397648997,21.51558131465327,21.679336547851562,29100,0.0,0.0
2022-12-27 00:00:00-05:00,21.770308762836642,21.888575450371384,21.542871357015464,21.806697845458984,34000,0.0,0.0
2022-12-28 00:00:00-05:00,21.824893666701467,21.97955117499012,21.224459042806636,21.233556747436523,20700,0.0,0.0
2022-12-29 00:00:00-05:00,21.524676969932763,22.01594262272884,21.46099477091322,21.779407501220703,26100,0.0,0.0
2022-12-30 00:00:00-05:00,21.652045166260276,21.77941132185222,21.34273008658141,21.406414031982422,25300,0.0,0.0
2023-01-03 00:00:00-05:00,21.233559541752328,21.670239010195214,21.142584218690903,21.57926368713379,31500,0.0,0.0
2023-01-04 00:00:00-05:00,21.59745784967471,21.59745784967471,20.97882777088815,21.27904510498047,39100,0.0,0.0
2023-01-05 00:00:00-05:00,21.015217331998112,21.28814153382273,20.824169002553074,20.92424201965332,35200,0.0,0.0
2023-01-06 00:00:00-05:00,21.251750771870995,21.934062957763672,21.0698001615491,21.934062957763672,28300,0.0,0.0
2023-01-09 00:00:00-05:00,22.09781989823479,22.288866492411923,21.861284780294227,21.879478454589844,87600,0.0,0.0
2023-01-10 00:00:00-05:00,21.915869719926512,22.570888858571827,21.870382930446482,22.525402069091797,27600,0.0,0.0
2023-01-11 00:00:00-05:00,22.52540399794681,22.880205844860217,22.452624087420727,22.84381675720215,28600,0.0,0.0
2023-01-12 00:00:00-05:00,22.871110383254127,23.780860221699687,22.816525878806225,23.280498504638672,40700,0.0,0.0
2023-01-13 00:00:00-05:00,23.043959768414663,23.65349213515197,22.95298445162211,23.55341911315918,23500,0.0,0.0
2023-01-17 00:00:00-05:00,23.43515517220734,23.60800812092161,22.962084857415675,23.043962478637695,18300,0.0,0.0
2023-01-18 00:00:00-05:00,23.216813309123584,23.262300101114615,22.7164499211728,22.825620651245117,20900,0.0,0.0
2023-01-19 00:00:00-05:00,22.634571423333135,22.707351328801995,22.33435409637286,22.64366912841797,22200,0.0,0.0
2023-01-20 00:00:00-05:00,22.825621034138337,23.2804959025186,22.643670392702266,23.262300491333008,22600,0.0,0.0
2023-01-23 00:00:00-05:00,23.253202776044542,23.79905296491524,23.125838368218346,23.15313148498535,71600,0.0,0.0
2023-01-24 00:00:00-05:00,22.9529857553863,23.19861860411556,22.707352906657047,22.84381675720215,31400,0.0,0.0
2023-01-25 00:00:00-05:00,22.398039415133137,22.84381658055961,22.33435547560656,22.789230346679688,38800,0.0,0.0
2023-01-26 00:00:00-05:00,22.85291585259301,23.216815427351968,22.625478401467408,23.043962478637695,50400,0.0,0.0
2023-01-27 00:00:00-05:00,22.962082951569865,23.18952038381823,22.752840930351745,22.989376068115234,40600,0.0,0.0
2023-01-30 00:00:00-05:00,23.47154195279211,23.689883411375646,22.907498101212617,22.92569351196289,56300,0.0,0.0
2023-01-31 00:00:00-05:00,23.034860102129777,24.099267227001164,22.952982497508156,23.91731834411621,49800,0.0,0.0
2023-02-01 00:00:00-05:00,23.953710266458607,24.690607060206837,23.662590631161034,24.581438064575195,82800,0.0,0.0
2023-02-02 00:00:00-05:00,24.836166082601185,26.664763185373513,24.836166082601185,26.628374099731445,60600,0.0,0.0
2023-02-03 00:00:00-05:00,26.27356872605696,26.419130264220264,25.74591400654781,26.100717544555664,38300,0.0,0.0
2023-02-06 00:00:00-05:00,25.85508831132023,25.85508831132023,25.245555901233402,25.673137664794922,21700,0.0,0.0
2023-02-07 00:00:00-05:00,25.418406843634486,26.200790397682034,25.418406843634486,26.14620590209961,32300,0.0,0.0
2023-02-08 00:00:00-05:00,25.91876652323358,26.300861433891974,25.800499835862748,25.827791213989258,44400,0.0,0.0
2023-02-09 00:00:00-05:00,26.02794194300102,26.17350177000168,25.245556571464995,25.263751983642578,32100,0.0,0.0
2023-02-10 00:00:00-05:00,25.2455543180387,25.45479633377388,25.10909220930749,25.25465202331543,21700,0.0,0.0
2023-02-13 00:00:00-05:00,25.01811899462261,26.582887994337952,25.01811899462261,26.53740119934082,41100,0.0,0.0
2023-02-14 00:00:00-05:00,26.27357154897006,26.719350445522185,26.164402552630285,26.44642448425293,38300,0.0,0.0
2023-02-15 00:00:00-05:00,26.755739217682468,26.892201329106143,26.14620683379415,26.81032371520996,31300,0.0,0.0
2023-02-16 00:00:00-05:00,26.28267063581088,27.028665179107847,26.28267063581088,26.53740119934082,62300,0.0,0.0
2023-02-17 00:00:00-05:00,26.619274788070605,26.701152394836328,25.955157964490624,26.373641967773438,46700,0.0,0.0
2023-02-21 00:00:00-05:00,25.918772444940185,26.109820811523377,25.48209294305016,25.50938606262207,46900,0.0,0.0
2023-02-22 00:00:00-05:00,25.482088203358483,26.737541971579283,25.482088203358483,26.173498153686523,51900,0.0,0.0
2023-02-23 00:00:00-05:00,26.35544698148094,26.71934823304063,25.65494106321101,25.800500869750977,46900,0.0,0.0
2023-02-24 00:00:00-05:00,25.47299436990327,25.773211734140155,25.2637523326009,25.38201904296875,52600,0.0,0.0
2023-02-27 00:00:00-05:00,25.62764806288575,25.836890068817365,25.281943954616555,25.436599731445312,59200,0.0,0.0
2023-02-28 00:00:00-05:00,25.50937932132984,25.827790289472766,25.209160291007134,25.59125518798828,86400,0.0,0.0
2023-03-01 00:00:00-05:00,25.472993148880537,25.99155023177773,25.236458004272883,25.34562873840332,59600,0.0,0.0
2023-03-02 00:00:00-05:00,25.172771954798666,25.39111165450605,24.84526153763274,25.081796646118164,39700,0.0,0.0
2023-03-03 00:00:00-05:00,25.1092915530167,25.15511247748509,24.632764425882726,24.971832275390625,68700,0.2,0.0
2023-03-06 00:00:00-05:00,25.127619550351763,25.127619550351763,23.54225229292495,23.899646759033203,126000,0.0,0.0
2023-03-07 00:00:00-05:00,23.963795809159052,24.23871612548828,23.487268659166755,24.23871612548828,146400,0.0,0.0
2023-03-08 00:00:00-05:00,24.18372813841441,24.36700832751136,23.780514519024194,24.110416412353516,97200,0.0,0.0
2023-03-09 00:00:00-05:00,24.11957897683561,24.2753666027392,23.340640847317655,23.826332092285156,104900,0.0,0.0
2023-03-10 00:00:00-05:00,23.63389083654382,23.762185918927543,23.047395285883777,23.588069915771484,107200,0.0,0.0
2023-03-13 00:00:00-04:00,23.102380540793998,23.26733237334647,22.323444050457727,23.0107421875,117700,0.0,0.0
2023-03-14 00:00:00-04:00,23.7805159237214,23.890482645363683,23.249005441411622,23.698040008544922,115500,0.0,0.0
2023-03-15 00:00:00-04:00,22.95575878827262,23.276498292365524,22.607528475299254,23.03823471069336,364300,0.0,0.0
2023-03-16 00:00:00-04:00,22.818295639085306,23.578905435458502,22.56170547754071,23.267330169677734,336200,0.0,0.0
2023-03-17 00:00:00-04:00,23.148199558798694,23.148199558798694,22.295949659396946,22.40591812133789,477600,0.0,0.0
2023-03-20 00:00:00-04:00,22.717494995806003,23.129872824465128,22.635019080496274,22.69000244140625,315200,0.0,0.0
2023-03-21 00:00:00-04:00,23.175696246669702,23.560581562417465,23.093220322469545,23.276498794555664,449500,0.0,0.0
2023-03-22 00:00:00-04:00,23.29482350621614,24.147073423791884,23.203183410626053,23.423118591308594,102800,0.0,0.0
2023-03-23 00:00:00-04:00,23.56057808171403,23.890481729776596,23.120707716223585,23.368135452270508,116000,0.0,0.0
2023-03-24 00:00:00-04:00,23.23984036597483,23.643053993729673,23.047395988641846,23.368135452270508,145200,0.0,0.0
2023-03-27 00:00:00-04:00,23.743858058510675,24.046269150519173,23.395627792639154,23.85382652282715,108800,0.0,0.0
2023-03-28 00:00:00-04:00,23.826334625211864,24.376173466140806,23.78051545008841,23.835498809814453,199000,0.0,0.0
2023-03-29 00:00:00-04:00,24.13790776006581,24.13790776006581,23.74385659670189,23.890480041503906,97000,0.0,0.0
2023-03-30 00:00:00-04:00,24.165403537654612,24.3670103642008,23.817171498841702,23.881319046020508,92100,0.0,0.0
2023-03-31 00:00:00-04:00,24.046270532847178,24.706076113007388,24.046270532847178,24.59610939025879,203200,0.0,0.0
2023-04-03 00:00:00-04:00,24.632764455736712,25.10929158344822,24.32119090842178,24.394502639770508,116900,0.0,0.0
2023-04-04 00:00:00-04:00,24.45865019410016,24.495305185841566,23.377300845440622,23.560579299926758,211800,0.0,0.0
2023-04-05 00:00:00-04:00,23.45061331087137,23.661384326678345,23.212349739480597,23.34064483642578,82400,0.0,0.0
2023-04-06 00:00:00-04:00,23.166529817210975,24.055434777857272,23.129873077610114,23.991287231445312,91200,0.0,0.0
2023-04-10 00:00:00-04:00,23.698043196919116,24.32119386303021,23.698043196919116,24.06460189819336,131000,0.0,0.0
2023-04-11 00:00:00-04:00,24.183729141075073,24.376173522394584,23.927138963168385,24.21122169494629,186800,0.0,0.0
2023-04-12 00:00:00-04:00,24.541127055483997,24.632765412311375,24.156240013984306,24.266206741333008,61700,0.0,0.0
2023-04-13 00:00:00-04:00,24.275370193869506,24.504469574802087,24.11958254491977,24.486141204833984,42900,0.0,0.0
2023-04-14 00:00:00-04:00,24.357846846050002,24.632765412311375,24.147075828723644,24.266206741333008,41800,0.0,0.0
2023-04-17 00:00:00-04:00,24.440322218877867,24.531962321545254,24.20205865109849,24.458650588989258,38600,0.0,0.0
2023-04-18 00:00:00-04:00,24.45865202786281,24.605275501600488,24.110419966818576,24.192895889282227,51100,0.0,0.0
2023-04-19 00:00:00-04:00,24.009610858251293,24.385333625489974,23.945461576622197,24.29369354248047,61600,0.0,0.0
2023-04-20 00:00:00-04:00,23.991286507645057,24.339516783899633,23.954629769150102,24.21122169494629,44400,0.0,0.0
2023-04-21 00:00:00-04:00,24.27537123619673,24.28453542157427,23.82633664003513,24.00961685180664,50300,0.0,0.0
2023-04-24 00:00:00-04:00,23.93630386993357,24.23871498008248,23.69804030619662,23.991287231445312,68300,0.0,0.0
2023-04-25 00:00:00-04:00,23.68887457248464,23.862990578425684,23.478103577228836,23.679710388183594,76300,0.0,0.0
2023-04-26 00:00:00-04:00,23.496431439051523,23.734694999795842,23.331479608698572,23.698040008544922,106900,0.0,0.0
2023-04-27 00:00:00-04:00,23.908810714097193,24.403664451039944,23.661382971681068,24.385337829589844,60700,0.0,0.0
2023-04-28 00:00:00-04:00,24.32119071822998,24.733568548383197,24.257041424398135,24.421993255615234,64900,0.0,0.0
2023-05-01 00:00:00-04:00,24.21122202846206,24.788551684594466,24.21122202846206,24.47697639465332,56300,0.0,0.0
2023-05-02 00:00:00-04:00,24.23871324387715,24.339515774779994,23.780514519024194,24.110416412353516,117600,0.0,0.0
2023-05-03 00:00:00-04:00,22.781642238474447,22.781642238474447,18.80447697846991,20.985502243041992,312000,0.0,0.0
2023-05-04 00:00:00-04:00,20.719744942057723,21.28791032844516,20.362348781831553,20.939680099487305,185300,0.0,0.0
2023-05-05 00:00:00-04:00,21.35206091261752,21.654472015744226,21.35206091261752,21.388717651367188,61100,0.0,0.0
2023-05-08 00:00:00-04:00,21.4711929374901,21.59948802358143,21.278748560463644,21.379552841186523,68400,0.0,0.0
2023-05-09 00:00:00-04:00,21.526180497654064,21.553673056278043,21.232933530557457,21.4711971282959,43500,0.0,0.0
2023-05-10 00:00:00-04:00,21.782769563430723,21.984376389456198,21.53534181247475,21.746112823486328,83900,0.0,0.0
2023-05-11 00:00:00-04:00,21.4986844235927,21.85608063570429,21.370389333439036,21.764440536499023,64200,0.0,0.0
2023-05-12 00:00:00-04:00,21.718233108520508,22.032454494513544,21.54263838982235,21.718233108520508,41300,0.2,0.0
2023-05-15 00:00:00-04:00,21.62581346158224,21.921550804353465,21.330076118811014,21.90306854248047,59800,0.0,0.0
2023-05-16 00:00:00-04:00,21.718231383905348,21.930792374393896,21.588846739735548,21.755199432373047,39900,0.0,0.0
2023-05-17 00:00:00-04:00,21.87534315623128,22.226530820534443,21.866101143653086,22.1248722076416,47500,0.0,0.0
2023-05-18 00:00:00-04:00,21.986245963256664,22.725589356259682,21.986245963256664,22.614686965942383,34500,0.0,0.0
2023-05-19 00:00:00-04:00,22.882696929948867,22.928905224690748,22.281980284637175,22.513025283813477,54700,0.0,0.0
2023-05-22 00:00:00-04:00,22.59620449164084,23.20616322584183,22.44833581442446,23.1691951751709,48900,0.0,0.0
2023-05-23 00:00:00-04:00,23.169192796845568,23.732943172572405,22.62392644455681,23.631282806396484,63700,0.0,0.0
2023-05-24 00:00:00-04:00,23.575835663740232,23.668254030603762,23.28934031292364,23.409482955932617,47500,0.0,0.0
2023-05-25 00:00:00-04:00,23.317063503883876,23.649768904014863,23.317063503883876,23.381755828857422,41300,0.0,0.0
2023-05-26 00:00:00-04:00,23.363274088048488,23.714461758344257,23.363274088048488,23.54810905456543,37500,0.0,0.0
2023-05-30 00:00:00-04:00,23.603561576861438,23.603561576861438,23.33554849065852,23.354032516479492,40700,0.0,0.0
2023-05-31 00:00:00-04:00,23.29857828490197,23.29857828490197,22.818005997125002,22.99359893798828,111900,0.0,0.0
2023-06-01 00:00:00-04:00,23.058294006893153,23.622042664510747,22.799522946477225,23.594318389892578,54700,0.0,0.0
2023-06-02 00:00:00-04:00,23.954748633899857,24.490773029700946,23.853088257248963,24.42608070373535,65000,0.0,0.0
2023-06-05 00:00:00-04:00,24.39835163379602,24.39835163379602,23.80687699820181,24.056406021118164,37300,0.0,0.0
2023-06-06 00:00:00-04:00,23.936262887522425,24.333660590147815,23.751427935586733,24.176549911499023,89200,0.0,0.0
2023-06-07 00:00:00-04:00,24.352145159373926,24.749542870896526,24.176550452780166,24.68484878540039,160600,0.0,0.0
2023-06-08 00:00:00-04:00,24.592434054141595,24.906655442308836,24.426081347143207,24.647884368896484,51600,0.0,0.0
2023-06-09 00:00:00-04:00,24.657125768503175,24.657125768503175,24.398354701527357,24.46304702758789,39300,0.0,0.0
2023-06-12 00:00:00-04:00,24.42608164751945,24.888171722538026,24.19503661001016,24.74030303955078,61000,0.0,0.0
2023-06-13 00:00:00-04:00,24.758782032901454,25.377980915337684,24.65712167298702,25.267080307006836,53000,0.0,0.0
2023-06-14 00:00:00-04:00,25.257840218385123,25.50736925022278,24.87892654606876,24.96210289001465,43300,0.0,0.0
2023-06-15 00:00:00-04:00,24.83272091321689,25.2855689662006,24.749544560349094,25.23935890197754,43200,0.0,0.0
2023-06-16 00:00:00-04:00,25.414949415247065,25.414949415247065,25.017551742353128,25.109970092773438,68400,0.0,0.0
2023-06-20 00:00:00-04:00,24.971346375675484,25.304050008361656,24.943620338479292,25.15618133544922,28600,0.0,0.0
2023-06-21 00:00:00-04:00,25.06376315067909,25.47964310589976,25.06376315067909,25.248598098754883,23500,0.0,0.0
2023-06-22 00:00:00-04:00,25.257838295857034,25.396464937637287,24.925132945397724,25.267080307006836,42600,0.0,0.0
2023-06-23 00:00:00-04:00,24.888167109404744,25.239354725721817,24.721814431194872,25.109970092773438,158000,0.0,0.0
2023-06-26 00:00:00-04:00,24.999071427741733,25.405711172266408,24.999071427741733,25.091489791870117,40800,0.0,0.0
2023-06-27 00:00:00-04:00,25.193146972907954,25.664478983713437,25.193146972907954,25.581302642822266,31100,0.0,0.0
2023-06-28 00:00:00-04:00,25.498127114977958,25.79386444191729,25.424192783243125,25.553577423095703,29300,0.0,0.0
2023-06-29 00:00:00-04:00,25.553579511390225,25.84007484993404,25.470403161049497,25.590547561645508,38500,0.0,0.0
2023-06-30 00:00:00-04:00,25.877045042411545,25.877045042411545,25.61827395740326,25.66448402404785,45700,0.0,0.0
2023-07-03 00:00:00-04:00,25.442677028568433,25.71993033430667,25.414950992901197,25.627511978149414,19400,0.0,0.0
2023-07-05 00:00:00-04:00,25.48888590349976,25.5258539518947,24.361386868457625,25.18390655517578,45200,0.0,0.0
2023-07-06 00:00:00-04:00,24.89740943707889,25.23935504642552,24.82347510834988,25.202388763427734,53600,0.0,0.0
2023-07-07 00:00:00-04:00,25.174664006329383,25.40570901567095,25.017553329467773,25.017553329467773,30500,0.0,0.0
2023-07-10 00:00:00-04:00,25.0175565700102,25.553580990604935,25.0175565700102,25.44268035888672,32100,0.0,0.0
2023-07-11 00:00:00-04:00,25.488887661094545,25.70144866582196,25.19315030447663,25.43343734741211,37400,0.0,0.0
2023-07-12 00:00:00-04:00,25.86780087248412,25.86780087248412,25.294810195731884,25.30405044555664,36700,0.0,0.0
2023-07-13 00:00:00-04:00,25.433436602548635,25.479644902141757,25.100731204730508,25.19314956665039,32000,0.0,0.0
2023-07-14 00:00:00-04:00,25.109972786466244,25.442678178577232,25.017554426131678,25.387226104736328,27700,0.0,0.0
2023-07-17 00:00:00-04:00,25.37798268506232,25.729172082311305,25.37798268506232,25.516611099243164,31100,0.0,0.0
2023-07-18 00:00:00-04:00,25.442675903443657,25.793863526030794,25.304047493971428,25.56281852722168,26400,0.0,0.0
2023-07-19 00:00:00-04:00,25.599787403425317,25.599787403425317,25.211631722327553,25.230113983154297,24100,0.0,0.0
2023-07-20 00:00:00-04:00,25.26708437442705,25.470403364252213,25.026797334051675,25.37798500061035,26800,0.0,0.0
2023-07-21 00:00:00-04:00,25.535091579417536,25.535091579417536,25.220872013991215,25.267080307006836,28200,0.0,0.0
2023-07-24 00:00:00-04:00,25.294807681112815,26.089601292053562,25.294807681112815,26.015666961669922,43300,0.0,0.0
2023-07-25 00:00:00-04:00,25.840072929785254,26.292922698093392,25.71993030085057,26.237470626831055,46700,0.0,0.0
2023-07-26 00:00:00-04:00,26.23747245826728,27.004541870270927,26.23747245826728,26.847431182861328,56400,0.0,0.0
2023-07-27 00:00:00-04:00,26.95833047614386,27.19861748593944,26.671835171774816,26.745769500732422,63500,0.0,0.0
2023-07-28 00:00:00-04:00,26.958332676593166,27.069235060448605,25.830833627275226,26.209747314453125,59200,0.0,0.0
2023-07-31 00:00:00-04:00,26.163537600001483,26.579419341552192,26.163537600001483,26.33913230895996,37800,0.0,0.0
2023-08-01 00:00:00-04:00,26.283680434795077,26.949089418976325,26.283680434795077,26.773494720458984,36600,0.0,0.0
2023-08-02 00:00:00-04:00,27.725402777035313,28.31687747220397,26.35761666309098,27.401939392089844,152200,0.0,0.0
2023-08-03 00:00:00-04:00,27.309521560875424,29.231816120254923,27.0507522580784,29.167123794555664,112900,0.0,0.0
2023-08-04 00:00:00-04:00,29.083947277480338,29.684663993342944,28.889870301491015,29.41665267944336,78800,0.0,0.0
2023-08-07 00:00:00-04:00,29.638456504954444,30.701265065282996,29.583004427952698,30.64581298828125,55400,0.0,0.0
2023-08-08 00:00:00-04:00,30.645807814490105,30.913820853216663,30.35931075321687,30.81216049194336,87000,0.0,0.0
2023-08-09 00:00:00-04:00,30.72899144459306,31.03397260077891,30.01737227229373,30.396286010742188,82200,0.0,0.0
2023-08-10 00:00:00-04:00,30.38704342187979,30.69202102913149,29.851017258482866,30.248414993286133,53200,0.0,0.0
2023-08-11 00:00:00-04:00,30.229812734440383,30.815626800724306,30.229812734440383,30.499473571777344,116400,0.2,0.0
2023-08-14 00:00:00-04:00,30.42508853311018,31.20617282580091,30.42508853311018,31.141082763671875,37300,0.0,0.0
2023-08-15 00:00:00-04:00,31.04809745618472,31.30845773010306,30.983007387705136,31.187578201293945,33600,0.0,0.0
2023-08-16 00:00:00-04:00,31.1875709438119,31.52232181646191,31.075984954833984,31.075984954833984,69100,0.0,0.0
2023-08-17 00:00:00-04:00,31.03879796006286,31.187575754507243,30.443686782285326,30.555269241333008,43400,0.0,0.0
2023-08-18 00:00:00-04:00,30.294908582292486,30.843523809908795,30.25771324739371,30.694746017456055,37000,0.0,0.0
2023-08-21 00:00:00-04:00,30.629655452213314,30.806331516511445,30.415787600769224,30.741241455078125,27600,0.0,0.0
2023-08-22 00:00:00-04:00,30.7877309248901,30.806328590267672,30.04384204549705,30.35069465637207,24600,0.0,0.0
2023-08-23 00:00:00-04:00,30.267012267084393,30.49947780453841,30.192625139613263,30.360000610351562,25000,0.0,0.0
2023-08-24 00:00:00-04:00,30.313501634250986,30.52737302881024,30.127532060596025,30.211219787597656,26300,0.0,0.0
2023-08-25 00:00:00-04:00,30.248411574043303,30.415787028046566,29.87646887959113,30.211219787597656,20300,0.0,0.0
2023-08-28 00:00:00-04:00,30.267012662182335,30.555271209359507,30.211223202636376,30.248414993286133,24400,0.0,0.0
2023-08-29 00:00:00-04:00,30.201917246784987,30.93650907596943,30.08103419393567,30.648250579833984,38000,0.0,0.0
2023-08-30 00:00:00-04:00,30.611051830101594,30.843517303466797,30.49017233789366,30.843517303466797,26400,0.0,0.0
2023-08-31 00:00:00-04:00,30.908614071709447,31.49442457077291,30.406487746390493,31.466529846191406,87500,0.0,0.0
2023-09-01 00:00:00-04:00,31.466531085178215,32.173224663824044,31.364245694829265,31.987255096435547,73200,0.0,0.0
2023-09-05 00:00:00-04:00,31.95935414010327,31.95935414010327,31.187570568246887,31.624603271484375,65500,0.0,0.0
2023-09-06 00:00:00-04:00,31.699000195963784,31.866375663358948,31.373549868885704,31.550222396850586,44300,0.0,0.0
2023-09-07 00:00:00-04:00,31.58741718716215,31.652507251452143,30.49017960749878,31.020200729370117,58500,0.0,0.0
2023-09-08 00:00:00-04:00,30.89931860087458,31.513027473659683,30.053144192229322,30.127534866333008,55000,0.0,0.0
2023-09-11 00:00:00-04:00,30.136831770586777,30.313504299952076,29.55101940363146,29.588212966918945,71200,0.0,0.0
2023-09-12 00:00:00-04:00,29.392941276496384,29.699795695713444,29.206968148789176,29.411537170410156,47300,0.0,0.0
2023-09-13 00:00:00-04:00,29.290655290706326,29.458030747567463,28.92800964988797,29.08608627319336,55300,0.0,0.0
2023-09-14 00:00:00-04:00,29.16047524899625,29.476628496484437,29.16047524899625,29.420835494995117,59500,0.0,0.0
2023-09-15 00:00:00-04:00,29.374343492083188,29.699795577489702,29.309253429716122,29.346446990966797,302700,0.0,0.0
2023-09-18 00:00:00-04:00,29.448735496432523,30.369298847583586,29.448735496432523,30.201923370361328,45700,0.0,0.0
2023-09-19 00:00:00-04:00,30.155427279663815,30.629655375655865,30.155427279663815,30.267009735107422,39200,0.0,0.0
2023-09-20 00:00:00-04:00,30.45298647483247,30.629659012524243,30.09963785230621,30.13683319091797,40200,0.0,0.0
2023-09-21 00:00:00-04:00,29.98805444267648,30.462282580096986,29.811381910528176,30.425090789794922,36700,0.0,0.0
2023-09-22 00:00:00-04:00,30.452984330442934,30.87142299250347,29.736990074726567,29.90436553955078,30600,0.0,0.0
2023-09-25 00:00:00-04:00,29.653302636856754,30.062444242554324,29.634706742246983,29.662601470947266,27900,0.0,0.0
2023-09-26 00:00:00-04:00,29.736986010168167,30.55526555444754,29.718388344713862,30.313499450683594,103700,0.0,0.0
2023-09-27 00:00:00-04:00,30.55527337518262,31.726898221549483,30.55527337518262,31.224775314331055,57100,0.0,0.0
2023-09-28 00:00:00-04:00,31.206179390512368,32.00585797162865,31.206179390512368,31.66180992126465,31600,0.0,0.0
2023-09-29 00:00:00-04:00,32.08024713886318,32.08024713886318,30.880724003226167,31.1503849029541,46300,0.0,0.0
2023-10-02 00:00:00-04:00,31.150380661834188,31.485131588728034,30.815629734940345,31.39214324951172,57000,0.0,0.0
2023-10-03 00:00:00-04:00,31.38284956864182,31.689705800385987,30.815633053339813,31.131786346435547,43800,0.0,0.0
2023-10-04 00:00:00-04:00,31.28056355066437,31.606017445934942,31.141086350242208,31.513029098510742,28100,0.0,0.0
2023-10-05 00:00:00-04:00,31.559515753611517,32.01514970519039,31.43863624467889,31.81987953186035,40700,0.0,0.0
2023-10-06 00:00:00-04:00,31.66180619667809,32.28481569543873,31.66180619667809,31.829181671142578,40600,0.0,0.0
2023-10-09 00:00:00-04:00,31.671101865876118,32.2848106608277,31.671101865876118,31.987255096435547,19100,0.0,0.0
2023-10-10 00:00:00-04:00,32.201126128754844,32.21972379676571,31.280561071500475,31.28986167907715,49800,0.0,0.0
2023-10-11 00:00:00-04:00,31.206171112670702,31.773383973350693,31.01089738986123,31.708293914794922,47100,0.0,0.0
2023-10-12 00:00:00-04:00,31.64320603977716,31.717596710198315,31.16897793084071,31.606014251708984,29000,0.0,0.0
2023-10-13 00:00:00-04:00,31.652508368695027,31.652508368695027,30.973709426323705,31.271265029907227,44900,0.0,0.0
2023-10-16 00:00:00-04:00,31.45723846808787,32.11743974812085,31.45723846808787,31.671106338500977,27900,0.0,0.0
2023-10-17 00:00:00-04:00,31.410743203718066,32.10813983646238,31.410743203718066,31.959362030029297,44000,0.0,0.0
2023-10-18 00:00:00-04:00,31.76408902731549,31.829179090202295,31.215470249310687,31.234067916870117,36400,0.0,0.0
2023-10-19 00:00:00-04:00,31.103888707447005,31.59671449729264,30.666852374780877,31.048095703125,38200,0.0,0.0
2023-10-20 00:00:00-04:00,31.187577627221554,31.33635543059957,30.229817192529367,30.28561019897461,56000,0.0,0.0
2023-10-23 00:00:00-04:00,30.313504153559844,30.722645762745287,30.257714695683678,30.332101821899414,37200,0.0,0.0
2023-10-24 00:00:00-04:00,30.313504608482926,30.313504608482926,29.988054275512695,29.988054275512695,26500,0.0,0.0
2023-10-25 00:00:00-04:00,29.85787144398614,29.85787144398614,29.188369622789146,29.22556495666504,32500,0.0,0.0
2023-10-26 00:00:00-04:00,29.40223986398447,29.653301278643927,29.197669070505658,29.383642196655273,32300,0.0,0.0
2023-10-27 00:00:00-04:00,29.309252968344943,29.31855180190403,28.835023098258446,28.983800888061523,41400,0.0,0.0
2023-10-30 00:00:00-04:00,29.327850929043557,29.746287801964208,29.05819007384412,29.653301239013672,40600,0.0,0.0
2023-10-31 00:00:00-04:00,30.22051650999743,30.22051650999743,29.3557445230169,29.70909309387207,175500,0.0,0.0
2023-11-01 00:00:00-04:00,31.79198502609836,32.98221096748927,30.955111235320917,32.73114776611328,124300,0.0,0.0
2023-11-02 00:00:00-04:00,32.73114886077831,32.935716124667245,31.736196629721764,31.801286697387695,64600,0.0,0.0
2023-11-03 00:00:00-04:00,32.210420360761226,32.76833971066842,32.06164257688108,32.182525634765625,70400,0.0,0.0
2023-11-06 00:00:00-05:00,32.480082777405926,33.205374065596494,32.18252719521787,32.898521423339844,89900,0.0,0.0
2023-11-07 00:00:00-05:00,32.60096909344764,33.065900180391104,32.182530405769974,32.9729118347168,107400,0.0,0.0
2023-11-08 00:00:00-05:00,33.23327024131504,33.493630472501536,32.74974156401004,33.475032806396484,44900,0.0,0.0
2023-11-09 00:00:00-05:00,33.279771233677835,33.670311681387055,33.19608348814828,33.456443786621094,36900,0.0,0.0
2023-11-10 00:00:00-05:00,33.783702610791195,34.08292138205844,33.60603901306001,34.0174674987793,34900,0.2,0.0
2023-11-13 00:00:00-05:00,34.01747718687757,34.23254051703986,33.31618232318613,33.606048583984375,38500,0.0,0.0
2023-11-14 00:00:00-05:00,33.83045930719377,34.653312819466976,33.7463037938139,34.615909576416016,49400,0.0,0.0
2023-11-15 00:00:00-05:00,34.840329352900596,34.887085200199856,33.87721882363764,33.94267272949219,83800,0.0,0.0
2023-11-16 00:00:00-05:00,33.97072562255769,34.26059188944153,33.662154163909484,34.00812530517578,46800,0.0,0.0
2023-11-17 00:00:00-05:00,34.08292704310855,34.26993969795497,33.81175887192972,34.195133209228516,47000,0.0,0.0
2023-11-20 00:00:00-05:00,34.01747183984643,34.494350702731616,33.91461470529072,34.26058578491211,34300,0.0,0.0
2023-11-21 00:00:00-05:00,33.94267262677636,34.56916459559306,33.64345375321237,34.33539962768555,55300,0.0,0.0
2023-11-22 00:00:00-05:00,34.15773369886123,34.84032693174496,34.15773369886123,34.58786392211914,39600,0.0,0.0
2023-11-24 00:00:00-05:00,34.344745690959236,35.214351581834556,34.27929179095529,34.85902786254883,48800,0.0,0.0
2023-11-27 00:00:00-05:00,34.57851000376035,34.84032559896877,34.372795712113756,34.653316497802734,23200,0.0,0.0
2023-11-28 00:00:00-05:00,34.428903808455985,34.71877364957459,33.6808566327938,33.69955825805664,26700,0.0,0.0
2023-11-29 00:00:00-05:00,34.0548787284921,34.21384076110108,33.41904129896714,33.624752044677734,31600,0.0,0.0
2023-11-30 00:00:00-05:00,33.72760820801589,33.830465361328045,32.92345617336105,33.297481536865234,55100,0.0,0.0
2023-12-01 00:00:00-05:00,33.36293519130407,34.65331876209064,33.08241795425573,34.559810638427734,53900,0.0,0.0
2023-12-04 00:00:00-05:00,34.61591211888256,34.709416666408096,34.12033159645153,34.288639068603516,36000,0.0,0.0
2023-12-05 00:00:00-05:00,34.31669409478422,34.4663035145311,33.746307067321126,34.13903045654297,31200,0.0,0.0
2023-12-06 00:00:00-05:00,34.41019813493577,34.66266469582675,33.58734455502849,33.89591598510742,39100,0.0,0.0
2023-12-07 00:00:00-05:00,33.89591648706801,34.17643370322217,33.699554792457086,34.13903045654297,30500,0.0,0.0
2023-12-08 00:00:00-05:00,34.541105487306005,34.541105487306005,33.68085223925386,34.32604217529297,38800,0.0,0.0
2023-12-11 00:00:00-05:00,34.269943217946924,34.53175882144213,33.905266898402786,34.42890167236328,36300,0.0,0.0
2023-12-12 00:00:00-05:00,34.559812833117974,34.5972160849584,33.46579446906374,34.185791015625,39800,0.0,0.0
2023-12-13 00:00:00-05:00,34.195139089115884,35.111497331765364,33.59670134428115,34.8870849609375,134200,0.0,0.0
2023-12-14 00:00:00-05:00,35.064741272638415,35.71928382312166,34.56916073741551,35.56032180786133,50200,0.0,0.0
2023-12-15 00:00:00-05:00,35.52292081656034,35.915644192168955,34.74681952623405,35.46681594848633,107900,0.0,0.0
2023-12-18 00:00:00-05:00,35.56967544555664,35.850192670565505,35.261104001167865,35.56967544555664,36000,0.0,0.0
2023-12-19 00:00:00-05:00,35.86888782230792,36.448623791647925,35.86888782230792,36.41122055053711,53300,0.0,0.0
2023-12-20 00:00:00-05:00,36.46732541220333,37.15927110487578,36.23356050571485,36.41122055053711,46600,0.0,0.0
2023-12-21 00:00:00-05:00,36.23356842939943,36.486035011653605,35.53227355657235,36.01850509643555,67600,0.0,0.0
2023-12-22 00:00:00-05:00,36.39252260459261,36.86940505948356,36.34577033196814,36.44862747192383,41100,0.0,0.0
2023-12-26 00:00:00-05:00,36.35512497786675,36.97226428545071,36.35512497786675,36.78525161743164,37400,0.0,0.0
2023-12-27 00:00:00-05:00,37.06576670526385,37.084468327687695,36.68239236299936,36.84135437011719,30500,0.0,0.0
2023-12-28 00:00:00-05:00,36.719794457844195,36.719794457844195,35.78473476775487,36.47667694091797,37300,0.0,0.0
2023-12-29 00:00:00-05:00,36.64499181967639,36.64499181967639,36.233566796930134,36.31772232055664,34300,0.0,0.0
2024-01-02 00:00:00-05:00,35.887594378824296,36.22421646118164,35.42941352962238,36.22421646118164,49100,0.0,0.0
2024-01-03 00:00:00-05:00,36.280317210438845,36.3177204561238,35.205000649270026,35.23305130004883,45700,0.0,0.0
2024-01-04 00:00:00-05:00,35.560317730452354,35.83148588794092,34.95253109159847,35.083438873291016,36900,0.0,0.0
2024-01-05 00:00:00-05:00,34.73747046283189,35.055390914319695,34.326041897983075,34.400848388671875,55000,0.0,0.0
2024-01-08 00:00:00-05:00,34.513057264309495,34.84032676931355,34.30734296575262,34.78422546386719,26100,0.0,0.0
2024-01-09 00:00:00-05:00,34.32604394479795,34.91513260970452,34.04552672192769,34.73747253417969,38600,0.0,0.0
2024-01-10 00:00:00-05:00,34.67201869028011,35.34525931285961,34.67201869028011,35.25175476074219,35300,0.0,0.0
2024-01-11 00:00:00-05:00,34.96187830438487,35.66317301303223,34.60655465325212,35.61642074584961,42800,0.0,0.0
2024-01-12 00:00:00-05:00,36.04655301942892,36.19616243828713,35.6164263860828,35.79408645629883,32600,0.0,0.0
2024-01-16 00:00:00-05:00,35.51356822172976,35.75668574974731,35.05539095018637,35.46681594848633,34300,0.0,0.0
2024-01-17 00:00:00-05:00,35.11149201853715,35.34525695017451,34.802924163600125,35.148895263671875,24900,0.0,0.0
2024-01-18 00:00:00-05:00,35.35461355766292,35.906299001621726,35.15824828190321,35.62577819824219,43600,0.0,0.0
2024-01-19 00:00:00-05:00,35.85018736945556,35.99044774470494,35.37330851415282,35.831485748291016,27100,0.0,0.0
2024-01-22 00:00:00-05:00,35.89694750440244,37.22473436226599,35.8782458791401,37.177978515625,337100,0.0,0.0
2024-01-23 00:00:00-05:00,37.40239173433518,37.94472812662866,36.4673319409768,37.54265213012695,370200,0.0,0.0
2024-01-24 00:00:00-05:00,38.010177914264574,38.38419965095832,37.24342925202729,37.38368606567383,57100,0.0,0.0
2024-01-25 00:00:00-05:00,37.78576680805721,38.58056622037151,37.4304430812363,38.10368728637695,234300,0.0,0.0
2024-01-26 00:00:00-05:00,38.477713779135236,39.207059311698224,37.55200296959972,37.720314025878906,149000,0.0,0.0
2024-01-29 00:00:00-05:00,38.24394797039102,39.515626326197236,37.95407814279725,39.450172424316406,334200,0.0,0.0
2024-01-30 00:00:00-05:00,39.384716132722524,40.65639797833811,39.27250996015936,40.64704895019531,170300,0.0,0.0
2024-01-31 00:00:00-05:00,40.768602923168984,40.9743172058147,39.31926105072732,39.768089294433594,100600,0.0,0.0
2024-02-01 00:00:00-05:00,39.90835478991405,41.123931884765625,39.90835478991405,41.123931884765625,64400,0.0,0.0
2024-02-02 00:00:00-05:00,40.72185581408691,40.93691915186725,40.282380109479355,40.76860809326172,70600,0.0,0.0
2024-02-05 00:00:00-05:00,40.67510135213746,40.703152004742996,40.123415926751505,40.46938705444336,49100,0.0,0.0
2024-02-06 00:00:00-05:00,40.488093721433906,40.77796358001896,39.908357571234305,40.28238296508789,41100,0.0,0.0
2024-02-07 00:00:00-05:00,40.2823776490381,40.94626924689272,39.88030165214698,40.70315170288086,45700,0.0,0.0
2024-02-08 00:00:00-05:00,40.60029871792013,41.413803390564375,40.60029871792013,41.33899688720703,33300,0.0,0.0
2024-02-09 00:00:00-05:00,41.544706769524005,41.96548438856453,41.17068142660576,41.806522369384766,31000,0.0,0.0
2024-02-12 00:00:00-05:00,42.04029432233883,42.87249710368729,41.806529335804065,42.6293830871582,62900,0.0,0.0
2024-02-13 00:00:00-05:00,41.78782108555045,41.78782108555045,40.31977748815205,40.50679016113281,72500,0.0,0.0
2024-02-14 00:00:00-05:00,40.97432677075813,41.94678997594931,40.95562514370015,41.918739318847656,54800,0.0,0.0
2024-02-15 00:00:00-05:00,42.227301145861546,42.74158333124292,41.703666364817344,42.685482025146484,67100,0.0,0.0
2024-02-16 00:00:00-05:00,42.43301264768352,42.65742499120603,42.087037970384,42.10573959350586,45900,0.0,0.0
2024-02-20 00:00:00-05:00,41.83457688966202,41.91873241407568,40.974320021547925,41.572757720947266,42800,0.0,0.0
2024-02-21 00:00:00-05:00,41.26419416322353,41.70366988831364,40.936921059806174,41.49795913696289,76400,0.0,0.0
2024-02-22 00:00:00-05:00,41.39509492904409,41.60080921233623,40.89951441053465,41.18938064575195,65900,0.0,0.0
2024-02-23 00:00:00-05:00,41.41380196202783,41.815877986278224,41.02107496688942,41.797176361083984,39400,0.0,0.0
2024-02-26 00:00:00-05:00,41.75042138369202,42.058989262031716,41.41379928588867,41.41379928588867,43100,0.0,0.0
2024-02-27 00:00:00-05:00,41.82522511486692,41.82522511486692,41.42314910888672,41.42314910888672,44500,0.0,0.0
2024-02-28 00:00:00-05:00,41.15198440988926,41.43250523196837,40.94627365852712,40.98367691040039,37400,0.0,0.0
2024-02-29 00:00:00-05:00,41.00236511230469,41.34833975850372,40.66574662728037,41.00236511230469,105100,0.0,0.0
2024-03-01 00:00:00-05:00,41.71301694707264,41.71301694707264,38.84238373600751,39.4688720703125,77000,0.0,0.0
2024-03-04 00:00:00-05:00,40.796656994408686,42.34885600260752,40.693799853454635,41.26418685913086,120400,0.0,0.0
2024-03-05 00:00:00-05:00,40.974318717917576,42.32080349872662,40.974318717917576,41.63821029663086,94000,0.0,0.0
2024-03-06 00:00:00-05:00,41.65691213968762,42.10574040232416,41.58210921273317,41.95613098144531,71100,0.0,0.0
2024-03-07 00:00:00-05:00,42.030934937959316,42.74157875248973,42.030934937959316,42.28340148925781,69100,0.0,0.0
2024-03-08 00:00:00-05:00,42.62189810454441,43.19545248835792,42.02953454296683,42.142364501953125,85900,0.25,0.0
2024-03-11 00:00:00-04:00,42.10475412397549,42.37742981796527,41.540600731472296,42.33041763305664,64700,0.0,0.0
2024-03-12 00:00:00-04:00,42.45265434383968,42.75353664672776,42.0953552641101,42.12356185913086,86600,0.0,0.0
2024-03-13 00:00:00-04:00,42.05774286410143,42.452653116979306,41.775666161645724,42.17997741699219,142500,0.0,0.0
2024-03-14 00:00:00-04:00,42.057740436999346,42.3116105305989,41.01405347002329,41.61581802368164,191900,0.0,0.0
2024-03-15 00:00:00-04:00,41.418367079695734,42.05774285136158,41.183302563253875,41.794471740722656,280100,0.0,0.0
2024-03-18 00:00:00-04:00,42.095349617002185,42.32100952049589,41.68163740273073,41.869686126708984,181300,0.0,0.0
2024-03-19 00:00:00-04:00,41.61581511360135,42.80054213422121,41.61581511360135,42.74412536621094,147500,0.0,0.0
2024-03-20 00:00:00-04:00,42.65010193174125,43.81601980152281,42.65010193174125,43.703189849853516,66700,0.0,0.0
2024-03-21 00:00:00-04:00,44.116908676509645,44.163924451318564,43.4493262811033,43.80662536621094,105300,0.0,0.0
2024-03-22 00:00:00-04:00,44.041682830226385,44.041682830226385,42.9979959245217,43.00740051269531,118500,0.0,0.0
2024-03-25 00:00:00-04:00,42.96038880179188,43.06381776067075,42.33041763305664,42.33041763305664,75500,0.0,0.0
2024-03-26 00:00:00-04:00,42.537274476285695,43.016804489120084,42.42444093119549,42.43384552001953,77900,0.0,0.0
2024-03-27 00:00:00-04:00,42.480857907183236,42.65010463882936,42.01072889412171,42.31161117553711,99800,0.0,0.0
2024-03-28 00:00:00-04:00,42.480860065892585,42.847560140826864,41.99192543704691,42.10475540161133,77100,0.0,0.0
2024-04-01 00:00:00-04:00,42.17057088877095,42.245793252260434,41.21151086187798,41.3243408203125,51200,0.0,0.0
2024-04-02 00:00:00-04:00,41.16449593822636,42.31161189744411,40.778990284410526,42.28340530395508,85400,0.0,0.0
2024-04-03 00:00:00-04:00,42.26459618835023,42.56547844980932,41.681637255123185,41.82267379760742,74500,0.0,0.0
2024-04-04 00:00:00-04:00,42.1893748981444,42.960386161011165,41.77566267485966,42.27399826049805,87200,0.0,0.0
2024-04-05 00:00:00-04:00,42.33041271658641,42.90397063153526,42.11415382168427,42.60308837890625,217000,0.0,0.0
2024-04-08 00:00:00-04:00,42.856959662021055,42.91337284423203,41.973114881521255,41.991920471191406,43800,0.0,0.0
2024-04-09 00:00:00-04:00,41.98252253530316,42.02953471951162,40.985847730805126,41.63462448120117,57800,0.0,0.0
2024-04-10 00:00:00-04:00,40.92002683820779,40.93883242781848,39.72589879892477,40.11140441894531,89900,0.0,0.0
2024-04-11 00:00:00-04:00,40.308861543260136,40.308861543260136,39.60366800673872,39.72590255737305,84200,0.0,0.0
2024-04-12 00:00:00-04:00,39.622466616386504,39.72589555740608,39.21815543974589,39.31218338012695,44200,0.0,0.0
2024-04-15 00:00:00-04:00,39.37800825259835,39.91395505570995,38.58819134483392,38.83265686035156,48400,0.0,0.0
2024-04-16 00:00:00-04:00,38.550584834774,38.92668953617483,38.240297918098285,38.46596145629883,48000,0.0,0.0
2024-04-17 00:00:00-04:00,38.719827437952866,38.719827437952866,37.600921630859375,37.600921630859375,52300,0.0,0.0
2024-04-18 00:00:00-04:00,37.97702241040007,38.221491514227466,37.60092133906539,37.770164489746094,56900,0.0,0.0
2024-04-19 00:00:00-04:00,37.751360152296215,38.17447338305351,37.619721019323244,38.0992546081543,56200,0.0,0.0
2024-04-22 00:00:00-04:00,38.34371943608356,38.34371943608356,37.9206062127636,37.958213806152344,154300,0.0,0.0
2024-04-23 00:00:00-04:00,37.96762117350471,38.9078792262338,37.96762117350471,38.83265686035156,52700,0.0,0.0
2024-04-24 00:00:00-04:00,38.50356896812567,38.86086804166752,38.080452116141885,38.512969970703125,72300,0.0,0.0
2024-04-25 00:00:00-04:00,38.193277955684245,38.27790131694054,37.7231489679936,38.0334358215332,62000,0.0,0.0
2024-04-26 00:00:00-04:00,38.042837218979095,38.30611189384924,37.65733158853307,37.78896713256836,42200,0.0,0.0
2024-04-29 00:00:00-04:00,37.66673170466597,37.9300027614773,36.9615382995221,37.04616165161133,61700,0.0,0.0
2024-04-30 00:00:00-04:00,36.95213614221597,36.95213614221597,36.13411274275819,36.20933151245117,78800,0.0,0.0
2024-05-01 00:00:00-04:00,34.78954585101397,35.43832257698772,32.13801858931309,32.457706451416016,224700,0.0,0.0
2024-05-02 00:00:00-04:00,32.523523358280094,33.02185893510235,32.08160096416254,32.99365234375,123000,0.0,0.0
2024-05-03 00:00:00-04:00,33.37916072276395,33.37916072276395,32.57053822714142,32.711578369140625,84900,0.0,0.0
2024-05-06 00:00:00-04:00,32.909033864108444,33.13469738879721,32.70217593204375,32.890228271484375,62400,0.0,0.0
2024-05-07 00:00:00-04:00,32.86201689857439,33.09708139200225,32.53292445569568,32.65515899658203,44100,0.0,0.0
2024-05-08 00:00:00-04:00,32.467108151342025,33.209912844965814,32.43890155863215,32.9842529296875,66700,0.0,0.0
2024-05-09 00:00:00-04:00,33.01245888242167,33.93391129001093,32.98425229025861,33.783470153808594,66100,0.0,0.0
2024-05-10 00:00:00-04:00,33.78347242539292,33.78347242539292,32.82715574862483,33.18695831298828,62600,0.25,0.0
2024-05-13 00:00:00-04:00,33.281639116953485,33.281639116953485,32.760870915326244,32.83662033081055,67900,0.0,0.0
2024-05-14 00:00:00-04:00,33.07333423159504,33.07333423159504,32.476820183212695,32.741939544677734,77800,0.0,0.0
2024-05-15 00:00:00-04:00,32.988116718929156,33.2721698132001,32.609376851947175,33.26270294189453,95000,0.0,0.0
2024-05-16 00:00:00-04:00,33.36685469094527,33.36685469094527,32.58097077576535,32.609375,106700,0.0,0.0
2024-05-17 00:00:00-04:00,32.789283002772564,33.03546141114828,32.44841781276664,32.97865295410156,90900,0.0,0.0
2024-05-20 00:00:00-04:00,32.80822231574822,33.272174931645964,32.68513129825363,32.79875183105469,82600,0.0,0.0
2024-05-21 00:00:00-04:00,32.76087113918417,32.94077419622321,32.38213489496752,32.8934326171875,47100,0.0,0.0
2024-05-22 00:00:00-04:00,32.77981246623603,33.53728865840959,32.59991299932337,33.50888442993164,110600,0.0,0.0
2024-05-23 00:00:00-04:00,33.58463197293334,33.925497143291196,32.969180569572615,33.300575256347656,55800,0.0,0.0
2024-05-24 00:00:00-04:00,33.3384570368859,33.61304332812013,33.215369619655625,33.57516860961914,49500,0.0,0.0
2024-05-28 00:00:00-04:00,33.603565952773046,33.8402774515299,32.95971038719993,32.997581481933594,83900,0.0,0.0
2024-05-29 00:00:00-04:00,32.56203916953924,32.69459705527204,32.25904868445527,32.34426498413086,40100,0.0,0.0
2024-05-30 00:00:00-04:00,32.27798604126446,32.85556278218436,32.04127449904689,32.34426498413086,52200,0.0,0.0
2024-05-31 00:00:00-04:00,32.35372542272894,32.90289782519274,32.30638384608604,32.77033996582031,54200,0.0,0.0
2024-06-03 00:00:00-04:00,33.13961736457351,33.13961736457351,32.22117538465149,32.410545349121094,53400,0.0,0.0
2024-06-04 00:00:00-04:00,32.07914711074235,32.34426286483675,31.71934457880618,31.99393081665039,66900,0.0,0.0
2024-06-05 00:00:00-04:00,32.240108489990234,32.57150678708526,31.908713804826384,32.240108489990234,52800,0.0,0.0
2024-06-06 00:00:00-04:00,32.11702237792112,32.306392346248785,31.321675012422016,31.66253662109375,64400,0.0,0.0
2024-06-07 00:00:00-04:00,31.46369934597867,31.74775248858852,31.321674580639584,31.492103576660156,44500,0.0,0.0
2024-06-10 00:00:00-04:00,31.24592227660574,31.73828269742644,31.122831268417727,31.539445877075195,37400,0.0,0.0
2024-06-11 00:00:00-04:00,31.30273338525678,31.993930605243722,31.23645444717113,31.96552276611328,44500,0.0,0.0
2024-06-12 00:00:00-04:00,32.67565734154344,32.9975851602157,31.937118538914067,31.96552276611328,51900,0.0,0.0
2024-06-13 00:00:00-04:00,31.738282485372164,31.93711930439491,31.17964312816684,31.511037826538086,54600,0.0,0.0
2024-06-14 00:00:00-04:00,31.094424752681252,31.094424752681252,30.365352853101015,30.422164916992188,74400,0.0,0.0
2024-06-17 00:00:00-04:00,30.242266567855484,30.715687837377956,30.062365293499575,30.10970687866211,128200,0.0,0.0
2024-06-18 00:00:00-04:00,30.09077079894106,30.48844624759546,30.04342740864549,30.35588836669922,102600,0.0,0.0
2024-06-20 00:00:00-04:00,30.299074923824055,30.507382219743327,29.721498230179666,29.844589233398438,57500,0.0,0.0
2024-06-21 00:00:00-04:00,29.8161841152907,30.299075853420465,29.702563592181136,30.21385955810547,111300,0.0,0.0
2024-06-24 00:00:00-04:00,30.11917679673553,30.469510681643097,29.78778026905881,29.825654983520508,44800,0.0,0.0
2024-06-25 00:00:00-04:00,29.712029221844414,29.79724551359643,29.361697183277755,29.465850830078125,37300,0.0,0.0
2024-06-26 00:00:00-04:00,29.352229582337362,29.645751372490356,29.29541932107419,29.390104293823242,66800,0.0,0.0
2024-06-27 00:00:00-04:00,29.52266074619641,29.617345714372338,29.23860584166863,29.35222816467285,36900,0.0,0.0
2024-06-28 00:00:00-04:00,29.560534571574355,29.82565212954011,29.200733848446042,29.69309425354004,298500,0.0,0.0
2024-07-01 00:00:00-04:00,29.70256602170199,29.70256602170199,28.92615062244006,29.1439266204834,93300,0.0,0.0
2024-07-02 00:00:00-04:00,29.068176559120626,29.683626174926758,29.068176559120626,29.683626174926758,63200,0.0,0.0
2024-07-03 00:00:00-04:00,29.816182756605667,29.816182756605667,29.31435368550346,29.43744468688965,30900,0.0,0.0
2024-07-05 00:00:00-04:00,29.399571023262396,29.399571023262396,28.52847252893048,28.623157501220703,61700,0.0,0.0
2024-07-08 00:00:00-04:00,28.76518400592281,29.134455216606614,28.76518400592281,29.096580505371094,141500,0.0,0.0
2024-07-09 00:00:00-04:00,28.97348976135254,29.134453663592048,28.80305718180888,28.97348976135254,59700,0.0,0.0
2024-07-10 00:00:00-04:00,28.982959257688556,29.33329129801455,28.85986825522168,29.314353942871094,58600,0.0,0.0
2024-07-11 00:00:00-04:00,29.607877336736994,30.6778144178166,29.371165816883256,30.204389572143555,82500,0.0,0.0
2024-07-12 00:00:00-04:00,30.65888045492843,30.94293358779463,30.403231551769384,30.744096755981445,81700,0.0,0.0
2024-07-15 00:00:00-04:00,31.047085965944483,31.662533793125462,30.952399184271826,31.2364559173584,64900,0.0,0.0
2024-07-16 00:00:00-04:00,31.634134565265807,33.15855767782582,31.634134565265807,33.04493713378906,86600,0.0,0.0
2024-07-17 00:00:00-04:00,32.91236973881474,33.186955982120686,32.69459556334389,32.77981185913086,57000,0.0,0.0
2024-07-18 00:00:00-04:00,32.60937545368435,33.61303352979882,32.18329763651331,32.249576568603516,74000,0.0,0.0
2024-07-19 00:00:00-04:00,32.382142219973915,32.382142219973915,31.511041798559436,31.832969665527344,55200,0.0,0.0
2024-07-22 00:00:00-04:00,31.97499342092439,32.67565751641714,31.62466137317801,32.495758056640625,48200,0.0,0.0
2024-07-23 00:00:00-04:00,32.552564429047955,33.41419408998416,32.40106922312282,33.17748260498047,62900,0.0,0.0
2024-07-24 00:00:00-04:00,32.88396144649781,33.196422363074525,32.20223116446198,32.221168518066406,72800,0.0,0.0
2024-07-25 00:00:00-04:00,32.48629671145501,33.73613349457072,32.48629671145501,33.20589828491211,82600,0.0,0.0
2024-07-26 00:00:00-04:00,33.527819137557785,34.067521107591155,33.253232910858394,33.9633674621582,59100,0.0,0.0
2024-07-29 00:00:00-04:00,33.98231093151282,34.10540195389369,33.19643043153901,33.33845520019531,50300,0.0,0.0
2024-07-30 00:00:00-04:00,33.63197136501171,34.24741911636459,33.395259857891915,33.89708709716797,86400,0.0,0.0
2024-07-31 00:00:00-04:00,32.53363293625255,33.94443161828384,31.795094125845065,33.02599334716797,177700,0.0,0.0
2024-08-01 00:00:00-04:00,33.10174232647857,33.82134746205902,32.29692450024605,32.79875183105469,111500,0.0,0.0
2024-08-02 00:00:00-04:00,31.785624069149296,31.918181948497793,30.829311073898484,31.511037826538086,93200,0.0,0.0
2024-08-05 00:00:00-04:00,30.28013822580881,30.83877757631958,29.8067151698482,30.630470275878906,75400,0.0,0.0
2024-08-06 00:00:00-04:00,30.867185150576393,31.113367189049253,30.128646259021146,30.66834831237793,107900,0.0,0.0
2024-08-07 00:00:00-04:00,31.141769941267533,31.141769941267533,29.89193328630861,30.071834564208984,50600,0.0,0.0
2024-08-08 00:00:00-04:00,30.365354940004003,30.460038107732125,29.882463199534808,30.033958435058594,45000,0.0,0.0
2024-08-09 00:00:00-04:00,29.986616506418603,30.194922001377368,29.721498944317375,29.891931533813477,49800,0.0,0.0
2024-08-12 00:00:00-04:00,30.06372261840238,30.06372261840238,29.414727680140995,29.891929626464844,45500,0.25,0.0
2024-08-13 00:00:00-04:00,30.22597312927246,30.416854647172013,29.74877115490465,30.22597312927246,50100,0.0,0.0
2024-08-14 00:00:00-04:00,30.45503071571777,30.45503071571777,29.958740211515078,30.13053321838379,39600,0.0,0.0
2024-08-15 00:00:00-04:00,30.655454130155846,31.065848123605946,30.33095845898946,30.77952766418457,43600,0.0,0.0
2024-08-16 00:00:00-04:00,30.741350156809577,31.22809820698694,30.588645671428115,30.913143157958984,55900,0.0,0.0
2024-08-19 00:00:00-04:00,30.7699854617463,31.084936877288715,30.665000442978094,30.979951858520508,47900,0.0,0.0
2024-08-20 00:00:00-04:00,30.97995330984118,31.11356928880125,30.569559294028174,30.941776275634766,58200,0.0,0.0
2024-08-21 00:00:00-04:00,31.209007024814078,31.733928420917493,31.094479580753394,31.705297470092773,31800,0.0,0.0
2024-08-22 00:00:00-04:00,31.705302568585097,31.714845006807245,31.266273954356166,31.30445098876953,34700,0.0,0.0
2024-08-23 00:00:00-04:00,31.428528331986524,32.478371420011726,31.065853742713358,32.37338638305664,59100,0.0,0.0
2024-08-26 00:00:00-04:00,32.44973370393775,33.31824113685384,32.44973370393775,32.79331970214844,62100,0.0,0.0
2024-08-27 00:00:00-04:00,32.554719012870336,33.06055193660057,32.07751704232873,32.12523651123047,20500,0.0,0.0
2024-08-28 00:00:00-04:00,31.829367350841096,32.14432237296023,31.342622983011843,31.705297470092773,39500,0.0,0.0
2024-08-29 00:00:00-04:00,31.924813532229482,32.03934098924324,31.380803560461345,31.68621253967285,24700,0.0,0.0
2024-08-30 00:00:00-04:00,31.514420694004354,31.9725341796875,31.495332177005597,31.9725341796875,26700,0.0,0.0
2024-09-03 00:00:00-04:00,31.581223458473374,31.83891293418218,30.521834605257762,30.97040557861328,59100,0.0,0.0
2024-09-04 00:00:00-04:00,30.979951662003938,31.104025196194065,30.39776648437232,30.435941696166992,33800,0.0,0.0
2024-09-05 00:00:00-04:00,30.5409257662104,30.5409257662104,29.853755591807836,29.996915817260742,35700,0.0,0.0
2024-09-06 00:00:00-04:00,30.00645937791799,30.24506035492349,29.51971316638106,29.58652114868164,30100,0.0,0.0
2024-09-09 00:00:00-04:00,29.500627576327595,30.18779780289946,29.500627576327595,29.853757858276367,35600,0.0,0.0
2024-09-10 00:00:00-04:00,29.720139307326253,30.49320784056897,29.720139307326253,30.311870574951172,49100,0.0,0.0
2024-09-11 00:00:00-04:00,30.07326804422038,30.292780511166704,29.30974380820821,30.16870880126953,53100,0.0,0.0
2024-09-12 00:00:00-04:00,30.416852820436546,30.817702527647047,30.416852820436546,30.75089454650879,27900,0.0,0.0
2024-09-13 00:00:00-04:00,30.92269117206557,31.056307150043796,30.598193665220304,30.741352081298828,75200,0.0,0.0
2024-09-16 00:00:00-04:00,30.846337498096307,31.39989357480295,30.741352473840745,31.30445098876953,49900,0.0,0.0
2024-09-17 00:00:00-04:00,31.648035060801753,31.848459017940147,30.922689655593302,31.294906616210938,63600,0.0,0.0
2024-09-18 00:00:00-04:00,31.237643426454277,32.21113597274426,31.180377874050475,31.333086013793945,49700,0.0,0.0
2024-09-19 00:00:00-04:00,31.94390108406185,32.325660476168885,31.657576989028936,32.30657196044922,80800,0.0,0.0
2024-09-20 00:00:00-04:00,32.316121219024275,32.316121219024275,31.495333166112676,31.714845657348633,142500,0.0,0.0
2024-09-23 00:00:00-04:00,31.705299352119862,32.048885345458984,31.638491369055256,32.048885345458984,42200,0.0,0.0
2024-09-24 00:00:00-04:00,32.21113279695754,32.21113279695754,31.676665282837384,31.934354782104492,49200,0.0,0.0
2024-09-25 00:00:00-04:00,32.0202512818602,32.0202512818602,31.52396079891192,31.934354782104492,40900,0.0,0.0
2024-09-26 00:00:00-04:00,32.14432741870447,32.44973641131468,32.04888847379967,32.17295837402344,50200,0.0,0.0
2024-09-27 00:00:00-04:00,32.44019129673261,32.917393263411,32.2397637037485,32.44973373413086,26400,0.0,0.0
2024-09-30 00:00:00-04:00,32.239765344498096,32.440192947682384,32.04888746072222,32.421104431152344,32900,0.0,0.0
2024-10-01 00:00:00-04:00,32.24931147139992,32.37338136788744,31.35216939695694,32.077518463134766,50800,0.0,0.0
2024-10-02 00:00:00-04:00,31.953446673094398,32.08706265554845,31.40943666409578,31.533510208129883,18500,0.0,0.0
2024-10-03 00:00:00-04:00,31.285360106950456,31.390345123271032,30.894054635695106,31.266271591186523,28800,0.0,0.0
2024-10-04 00:00:00-04:00,31.26627417746293,31.562140735134147,31.075396285558828,31.50487518310547,37200,0.0,0.0
2024-10-07 00:00:00-04:00,31.294904956688036,31.5812254003829,31.14220047733331,31.495328903198242,77500,0.0,0.0
2024-10-08 00:00:00-04:00,31.6766660623311,31.6766660623311,31.094482706062937,31.13265609741211,43000,0.0,0.0
2024-10-09 00:00:00-04:00,30.989496947423717,31.37125633712575,30.865423416408564,31.056304931640625,57300,0.0,0.0
2024-10-10 00:00:00-04:00,30.703172885432586,30.941773869524894,30.674541932385377,30.712718963623047,36800,0.0,0.0
2024-10-11 00:00:00-04:00,30.617281181991974,31.43806554001126,30.617281181991974,31.352169036865234,65800,0.0,0.0
2024-10-14 00:00:00-04:00,31.237636838085848,31.84845470518162,31.199459811201944,31.781646728515625,34100,0.0,0.0
2024-10-15 00:00:00-04:00,31.571685060962892,32.02025245094279,31.562138982440345,31.85800552368164,77100,0.0,0.0
2024-10-16 00:00:00-04:00,32.20159223319101,32.71696762095019,31.91526812350421,32.45927810668945,96200,0.0,0.0
2024-10-17 00:00:00-04:00,32.28749374803168,33.12736676843264,32.18250871029085,33.09873580932617,61600,0.0,0.0
2024-10-18 00:00:00-04:00,33.15599511029994,33.451858007258586,32.54517351880257,33.394596099853516,76100,0.0,0.0
2024-10-21 00:00:00-04:00,33.432774469152136,33.432774469152136,32.382931415105645,32.62153244018555,84500,0.0,0.0
2024-10-22 00:00:00-04:00,32.44973620985731,32.583352188199456,31.94390325162996,31.98207664489746,35300,0.0,0.0
2024-10-23 00:00:00-04:00,31.772105014335615,32.16341044688558,31.56213500246333,31.84845542907715,51700,0.0,0.0
2024-10-24 00:00:00-04:00,32.048888704463515,32.10615061551357,31.609860088759465,32.010711669921875,33100,0.0,0.0
2024-10-25 00:00:00-04:00,32.163414020665165,32.545173418314846,31.848458967861074,31.991621017456055,47500,0.0,0.0
2024-10-28 00:00:00-04:00,31.99161842337309,32.36383535322374,31.695751910556538,31.76255989074707,82200,0.0,0.0
2024-10-29 00:00:00-04:00,31.58122397960561,31.8770904878783,31.333080577103406,31.543046951293945,56400,0.0,0.0
2024-10-30 00:00:00-04:00,24.346845564816686,27.792244489181023,23.869643578411925,25.043560028076172,546000,0.0,0.0
2024-10-31 00:00:00-04:00,25.10082489568459,26.49425570581141,24.83359293621622,25.32033920288086,257000,0.0,0.0
2024-11-01 00:00:00-04:00,25.501672602278468,25.864347118619023,24.995839679502865,25.482585906982422,183100,0.0,0.0
2024-11-04 00:00:00-05:00,25.587567190740074,26.160209875602085,25.301246758499527,25.310791015625,108200,0.0,0.0
2024-11-05 00:00:00-05:00,25.186718332910264,25.89297700030842,25.186718332910264,25.740272521972656,65700,0.0,0.0
2024-11-06 00:00:00-05:00,27.486834158502855,28.880264929216217,27.20051368991932,28.412607192993164,508000,0.0,0.0
2024-11-07 00:00:00-05:00,28.30761910825378,28.708468813119975,27.67771268923275,27.964033126831055,96000,0.0,0.0
2024-11-08 00:00:00-05:00,27.829268094917158,28.00253951575226,27.290202880355558,27.415342330932617,93700,0.25,0.0
2024-11-11 00:00:00-05:00,27.704128500666275,27.704128500666275,27.2035670288601,27.540483474731445,82200,0.0,0.0
2024-11-12 00:00:00-05:00,27.50197861059066,27.675250035012162,26.91478141361711,27.059175491333008,85300,0.0,0.0
2024-11-13 00:00:00-05:00,27.14581095910161,27.646370603310007,26.85702464231724,27.232446670532227,99900,0.0,0.0
2024-11-14 00:00:00-05:00,27.174688905510042,27.48272618137666,26.5393615650234,26.828147888183594,64200,0.0,0.0
2024-11-15 00:00:00-05:00,26.972541159804674,27.039924086962937,26.10618582939674,26.125436782836914,60900,0.0,0.0
2024-11-18 00:00:00-05:00,25.961789492539282,26.44309817169234,25.961789492539282,26.38534164428711,72100,0.0,0.0
2024-11-19 00:00:00-05:00,26.212070350549237,26.394968163589418,26.07730450728116,26.289079666137695,48300,0.0,0.0
2024-11-20 00:00:00-05:00,26.202443956594813,26.289079666137695,25.93291227005866,26.289079666137695,59700,0.0,0.0
2024-11-21 00:00:00-05:00,26.53935957736594,26.9821645052957,26.356461770000593,26.885902404785156,70000,0.0,0.0
2024-11-22 00:00:00-05:00,27.193943424326694,27.521233509768727,26.568242438410014,26.914783477783203,59500,0.0,0.0
2024-11-25 00:00:00-05:00,27.28057646443563,28.06992241556553,27.24207088826006,27.453847885131836,72000,0.0,0.0
2024-11-26 00:00:00-05:00,27.86777388408888,27.86777388408888,26.722258687850402,27.299829483032227,70300,0.0,0.0
2024-11-27 00:00:00-05:00,27.48272524773356,27.646370274484227,26.847397928830254,27.424968719482422,86200,0.0,0.0
2024-11-29 00:00:00-05:00,27.588614097155325,27.65599702031324,27.13618458734722,27.193941116333008,30400,0.0,0.0
2024-12-02 00:00:00-05:00,27.059174040291147,27.18431348674779,26.587491763574775,26.74151039123535,82000,0.0,0.0
2024-12-03 00:00:00-05:00,26.93403267040041,26.93403267040041,26.106183008422484,26.770387649536133,95100,0.0,0.0
2024-12-04 00:00:00-05:00,26.60674286412551,26.808893461592348,26.37571492133976,26.597116470336914,78300,0.0,0.0
2024-12-05 00:00:00-05:00,26.606742945993712,26.87627646476321,26.577865600585938,26.577865600585938,74500,0.0,0.0
2024-12-06 00:00:00-05:00,26.703005162443485,26.953285894647987,26.231322879612772,26.500856399536133,92200,0.0,0.0
2024-12-09 00:00:00-05:00,26.75113845772876,27.020670154965256,26.73188566905559,26.895530700683594,81200,0.0,0.0
2024-12-10 00:00:00-05:00,26.751138728322875,26.91478192555919,26.260203628472933,26.683753967285156,77200,0.0,0.0
2024-12-11 00:00:00-05:00,26.712631436654032,27.020668694588487,26.125434266187174,26.587491989135742,265000,0.0,0.0
2024-12-12 00:00:00-05:00,26.587491989135742,26.80889353877027,26.0773041331525,26.587491989135742,97600,0.0,0.0
2024-12-13 00:00:00-05:00,26.44309875794581,26.529734468997855,25.778894087942682,25.99066925048828,69400,0.0,0.0
2024-12-16 00:00:00-05:00,25.923286818778703,26.125435591031753,25.461230908445742,25.644126892089844,99700,0.0,0.0
2024-12-17 00:00:00-05:00,25.39384492954316,25.63449926746397,25.076181276929567,25.191696166992188,127700,0.0,0.0
2024-12-18 00:00:00-05:00,25.16281807703681,25.60562303276452,24.17132333686169,24.431228637695312,117100,0.0,0.0
2024-12-19 00:00:00-05:00,24.46973432071562,24.72001506442014,24.257959154218092,24.373472213745117,81200,0.0,0.0
2024-12-20 00:00:00-05:00,24.075059651642075,24.58524749768882,24.065433258013247,24.257957458496094,271200,0.0,0.0
2024-12-23 00:00:00-05:00,23.776650790434818,24.20020112939786,23.72851881824788,24.161697387695312,206400,0.0,0.0
2024-12-24 00:00:00-05:00,24.113564845064133,24.60449993347505,23.921042469011805,24.527490615844727,60700,0.0,0.0
2024-12-26 00:00:00-05:00,24.22908006521191,24.527490945534677,24.142444352207402,24.33496856689453,74700,0.0,0.0
2024-12-27 00:00:00-05:00,24.12319230121116,24.508238906313075,23.68038916435572,23.834407806396484,97200,0.0,0.0
2024-12-30 00:00:00-05:00,23.718891035228935,23.85365871341562,23.372350036005635,23.786273956298828,144400,0.0,0.0
2024-12-31 00:00:00-05:00,24.01730369430981,24.09431300911608,23.661134465801496,23.863285064697266,74800,0.0,0.0
2025-01-02 00:00:00-05:00,23.795899456361706,23.96917086748846,23.035432729362633,23.06431007385254,117500,0.0,0.0
2025-01-03 00:00:00-05:00,23.285715120104864,23.391601784228786,23.0450607732052,23.2568359375,61900,0.0,0.0
2025-01-06 00:00:00-05:00,23.266460650517004,23.77664849005612,23.073936452489875,23.093189239501953,105200,0.0,0.0
2025-01-07 00:00:00-05:00,23.122067962671707,23.680385922650814,23.122067962671707,23.43973159790039,156300,0.0,0.0
2025-01-08 00:00:00-05:00,23.23758455192356,23.74777245912723,23.141324276190137,23.593753814697266,117500,0.0,0.0
2025-01-10 00:00:00-05:00,23.189452243257332,23.208705031020564,22.226834887658597,22.496368408203125,170900,0.0,0.0
2025-01-13 00:00:00-05:00,22.390482392720983,23.314594275197372,22.390482392720983,23.304967880249023,81500,0.0,0.0
2025-01-14 00:00:00-05:00,23.42048039507444,23.64188194816583,23.131695920263656,23.63225555419922,215400,0.0,0.0
2025-01-15 00:00:00-05:00,24.200201622231543,24.25795999003211,23.68038916435572,23.834407806396484,81200,0.0,0.0
2025-01-16 00:00:00-05:00,23.81515490967377,24.036556477102508,23.632257084557967,23.89216423034668,95300,0.0,0.0
2025-01-17 00:00:00-05:00,24.10393909787644,24.219452150600294,23.872909320334998,24.026927947998047,55600,0.0,0.0
2025-01-21 00:00:00-05:00,24.113565058687232,24.546743621724694,24.113565058687232,24.40235137939453,77700,0.0,0.0
2025-01-22 00:00:00-05:00,24.30608751409138,24.633377552253982,24.25795738214558,24.267581939697266,64000,0.0,0.0
2025-01-23 00:00:00-05:00,24.084689479421883,24.488988889246006,24.084689479421883,24.469736099243164,109700,0.0,0.0
2025-01-24 00:00:00-05:00,24.402351402411394,24.45048153788452,24.190574399816896,24.363845825195312,116700,0.0,0.0
2025-01-27 00:00:00-05:00,24.46010780905048,24.565996309814665,23.853659659326,24.450481414794922,339800,0.0,0.0
2025-01-28 00:00:00-05:00,24.334969878034862,24.893287927452693,24.334969878034862,24.700763702392578,76900,0.0,0.0
2025-01-29 00:00:00-05:00,24.623752810626552,24.854780764350036,24.354219279925672,24.498613357543945,68400,0.0,0.0
2025-01-30 00:00:00-05:00,24.739267717021786,24.797024246467785,24.325341944557024,24.479360580444336,49400,0.0,0.0
2025-01-31 00:00:00-05:00,24.344593784699427,24.344593784699427,23.632255326411386,23.786273956298828,131000,0.0,0.0
2025-02-03 00:00:00-05:00,23.45898652655852,23.670761690699116,23.102817285545697,23.285715103149414,106300,0.0,0.0
2025-02-04 00:00:00-05:00,23.19907727314997,23.43973159790039,23.13169435598734,23.43973159790039,184200,0.0,0.0
2025-02-05 00:00:00-05:00,23.55524680784047,23.55524680784047,23.227956749252673,23.266462326049805,67400,0.0,0.0
2025-02-06 00:00:00-05:00,23.21833232487908,23.430107490342635,23.06431185285007,23.160573959350586,91000,0.0,0.0
2025-02-07 00:00:00-05:00,23.112444047433414,23.199079760516245,22.756274800754337,23.025808334350586,116200,0.0,0.0
2025-02-10 00:00:00-05:00,22.67926583328592,22.95842576555368,22.525247193430268,22.794780731201172,107800,0.0,0.0
2025-02-11 00:00:00-05:00,22.75627444976954,23.516743067090296,22.75627444976954,23.266462326049805,105200,0.0,0.0
2025-02-12 00:00:00-05:00,23.054687989032477,23.112444520253582,22.717771524156483,22.727397918701172,112000,0.0,0.0
2025-02-13 00:00:00-05:00,22.910291301048783,23.266460514502786,22.852534776397015,23.21833038330078,73800,0.0,0.0
2025-02-14 00:00:00-05:00,23.41085433959961,23.49749005050487,23.179826389201224,23.41085433959961,70900,0.0,0.0
2025-02-18 00:00:00-05:00,23.314592125162946,23.584125650719493,23.295341173088637,23.47823715209961,68300,0.0,0.0
2025-02-19 00:00:00-05:00,23.237584545787207,23.77665163719679,23.09319229617813,23.60338020324707,242700,0.0,0.0
2025-02-20 00:00:00-05:00,23.487861398088302,23.767021292175023,23.237580683542305,23.68038558959961,101100,0.0,0.0
2025-02-21 00:00:00-05:00,23.8825351465289,23.8825351465289,22.98730074698235,23.093189239501953,127600,0.0,0.0
2025-02-24 00:00:00-05:00,23.131695140001085,23.295340159819744,22.823656051600725,22.88141441345215,96900,0.0,0.0
2025-02-25 00:00:00-05:00,23.045060630516005,23.449360004246003,23.045060630516005,23.381977081298828,115800,0.0,0.0
2025-02-26 00:00:00-05:00,23.41085455558546,24.20020051907409,22.746648044532872,23.285715103149414,146900,0.0,0.0
2025-02-27 00:00:00-05:00,23.054688485971923,23.11244501843796,22.303846219725195,22.40973472595215,89100,0.0,0.0
2025-02-28 00:00:00-05:00,22.505992852421798,22.58300216703906,22.313470483902094,22.57337760925293,109200,0.0,0.0
2025-03-03 00:00:00-05:00,22.602257119112977,22.6985192306144,22.294219831146073,22.400108337402344,184700,0.0,0.0
2025-03-04 00:00:00-05:00,22.140199894143823,22.390480635011954,21.94767568238466,21.986181259155273,162800,0.0,0.0
2025-03-05 00:00:00-05:00,21.96692823420781,22.26533910677866,21.774405860568876,22.149826049804688,153700,0.0,0.0
2025-03-06 00:00:00-05:00,22.053562910909474,22.939170929055397,22.034310123634228,22.900667190551758,154500,0.0,0.0
2025-03-07 00:00:00-05:00,22.919919616770795,23.29534164861062,22.756274586493685,23.15094757080078,119800,0.0,0.0
2025-03-10 00:00:00-04:00,22.85900748020291,23.365039598957708,22.65464942615565,22.66438102722168,85500,0.26,0.0
2025-03-11 00:00:00-04:00,22.654649291686525,22.72276864263128,22.284855877824846,22.372438430786133,149100,0.0,0.0
2025-03-12 00:00:00-04:00,22.460018374291902,22.479481574047156,22.08049525962891,22.275121688842773,75300,0.0,0.0
2025-03-13 00:00:00-04:00,22.382169397584228,22.382169397584228,21.496614148168852,21.506345748901367,62000,0.0,0.0
2025-03-14 00:00:00-04:00,21.79828613869514,21.924795090899213,21.535538489760253,21.866405487060547,93200,0.0,0.0
2025-03-17 00:00:00-04:00,21.70097108383357,22.129152213570425,21.70097108383357,21.95398712158203,108100,0.0,0.0
2025-03-18 00:00:00-04:00,21.749629850004183,22.40163223972001,21.749629850004183,22.284854888916016,148300,0.0,0.0
2025-03-19 00:00:00-04:00,22.362705758276835,22.372437358818814,21.99291421824669,22.109689712524414,58700,0.0,0.0
2025-03-20 00:00:00-04:00,21.86640525818239,23.1314854864162,21.86640525818239,22.051301956176758,74000,0.0,0.0
2025-03-21 00:00:00-04:00,21.82747839337768,22.012375071730194,21.574462374609194,21.76909065246582,161700,0.0,0.0
2025-03-24 00:00:00-04:00,22.03183824454321,22.411363232274887,22.012376900031384,22.36270523071289,55800,0.0,0.0
2025-03-25 00:00:00-04:00,22.187542321451165,22.450289987411832,22.119422968671692,22.177812576293945,74200,0.0,0.0
2025-03-26 00:00:00-04:00,22.265392682172195,22.54760354315325,22.1194223792327,22.43082618713379,81900,0.0,0.0
2025-03-27 00:00:00-04:00,22.537869498137102,22.66437844144899,22.265390267714725,22.625452041625977,73500,0.0,0.0
2025-03-28 00:00:00-04:00,22.5767975464977,22.5767975464977,21.710703648323303,21.924795150756836,78000,0.0,0.0
2025-03-31 00:00:00-04:00,21.866405787288976,22.031839288210545,21.62312133629332,21.79828643798828,118700,0.0,0.0
2025-04-01 00:00:00-04:00,21.846942607103703,22.080495437711715,21.525807233003572,21.915061950683594,78300,0.0,0.0
2025-04-02 00:00:00-04:00,21.632851592739577,22.304317155472464,21.632851592739577,22.255661010742188,76300,0.0,0.0
2025-04-03 00:00:00-04:00,21.3506456252887,21.632854645552737,20.932196039550416,21.214405059814453,156000,0.0,0.0
2025-04-04 00:00:00-04:00,20.533208165809988,21.370105420399312,20.474820416911445,21.2630615234375,144000,0.0,0.0
2025-04-07 00:00:00-04:00,20.834879229087832,21.56473254684508,20.25099620365944,20.82514762878418,278000,0.0,0.0
2025-04-08 00:00:00-04:00,21.379836706563353,21.379836706563353,20.25099701186959,20.504013061523438,144100,0.0,0.0
2025-04-09 00:00:00-04:00,20.280190483604123,22.1486150033103,20.23153433944873,21.730165481567383,124300,0.0,0.0
2025-04-10 00:00:00-04:00,21.389568002749147,22.207003888112695,20.7667604162295,21.28252410888672,268700,0.0,0.0
2025-04-11 00:00:00-04:00,21.37010588905968,21.78855545358775,20.971119526628986,21.778823852539062,76700,0.0,0.0
2025-04-14 00:00:00-04:00,21.94425619715995,22.08049674852056,21.457687307146532,21.9929141998291,81000,0.0,0.0
2025-04-15 00:00:00-04:00,21.86640355213457,22.158345977155232,21.67177712490033,21.7496280670166,155000,0.0,0.0
2025-04-16 00:00:00-04:00,21.681510157780313,21.837212052304412,21.32144836662271,21.40903091430664,318100,0.0,0.0
2025-04-17 00:00:00-04:00,21.311716518145847,21.438225466044816,20.766759893654452,20.883535385131836,215800,0.0,0.0
2025-04-21 00:00:00-04:00,20.795955280939637,20.844611427741622,20.416430282654684,20.68890953063965,138900,0.0,0.0
2025-04-22 00:00:00-04:00,20.94192325447267,21.194939273225796,20.44562281646995,21.17547607421875,125900,0.0,0.0
2025-04-23 00:00:00-04:00,21.603660995747877,21.817750654381673,20.990583111298356,21.000314712524414,70700,0.0,0.0
2025-04-24 00:00:00-04:00,21.019777150129567,21.642584757029883,21.019777150129567,21.496614456176758,72300,0.0,0.0
2025-04-25 00:00:00-04:00,21.263060690431004,21.525808334350586,21.02950784787349,21.525808334350586,76500,0.0,0.0
2025-04-28 00:00:00-04:00,21.5063457408138,21.55500188834503,21.2727928916604,21.44795799255371,69500,0.0,0.0
2025-04-29 00:00:00-04:00,21.438227384128965,21.788555746018066,21.360376430807705,21.593929290771484,134200,0.0,0.0
2025-04-30 00:00:00-04:00,24.746894611296664,25.350239009343955,24.046234205676505,24.99017906188965,303200,0.0,0.0
2025-05-01 00:00:00-04:00,24.776085959636312,25.19453548464837,24.05596425505556,24.92205810546875,128900,0.0,0.0
2025-05-02 00:00:00-04:00,25.097225203232405,25.457285156269343,24.756626595898723,25.214000701904297,140900,0.0,0.0
2025-05-05 00:00:00-04:00,24.980446158379603,25.33077634291965,24.844207467108678,24.91232681274414,70600,0.0,0.0
2025-05-06 00:00:00-04:00,24.659311918761894,25.038835065547882,24.503610019766974,24.6982364654541,79600,0.0,0.0
2025-05-07 00:00:00-04:00,24.8636685046906,25.10695293959408,24.659310470305886,24.92205810546875,85200,0.0,0.0
2025-05-08 00:00:00-04:00,24.970714369886323,25.5254025871512,24.941519569357087,25.27238655090332,70900,0.0,0.0
2025-05-09 00:00:00-04:00,25.330775445646452,25.330775445646452,25.08749101635865,25.116683959960938,65900,0.0,0.0
2025-05-12 00:00:00-04:00,25.94243939378916,26.483112818774032,25.608205458344273,26.21769142150879,107000,0.26,0.0
2025-05-13 00:00:00-04:00,26.443789471678965,26.74853150625009,26.355315675351708,26.502771377563477,72700,0.0,0.0
2025-05-14 00:00:00-04:00,26.3749768180181,26.39463807822558,25.824474657215536,25.922779083251953,103600,0.0,0.0
2025-05-15 00:00:00-04:00,26.00142439165396,26.7190435733515,25.873628064775634,26.61090850830078,116400,0.0,0.0
2025-05-16 00:00:00-04:00,26.817345454656945,26.92547863441298,26.601075345142977,26.886157989501953,71500,0.0,0.0
2025-05-19 00:00:00-04:00,26.52243375466222,27.053276554978435,26.52243375466222,26.905820846557617,56900,0.0,0.0
2025-05-20 00:00:00-04:00,26.80751690545681,27.053277048979513,26.610908040638208,26.640399932861328,56100,0.0,0.0
2025-05-21 00:00:00-04:00,26.3848095181361,26.3848095181361,25.98176302726675,26.030914306640625,60800,0.0,0.0
2025-05-22 00:00:00-04:00,25.853964485496807,26.119385871374767,25.67701876991246,25.932607650756836,60100,0.0,0.0
2025-05-23 00:00:00-04:00,25.559054059937047,25.86379610257447,25.559054059937047,25.75566291809082,50100,0.0,0.0
2025-05-27 00:00:00-04:00,26.109555897156678,26.31599538302516,25.893287656009655,26.247182846069336,83700,0.0,0.0
2025-05-28 00:00:00-04:00,26.21769143060733,26.21769143060733,25.785153065469537,25.86379623413086,37900,0.0,0.0
2025-05-29 00:00:00-04:00,25.90311875596204,26.089896984658072,25.529562298569978,25.86379623413086,34800,0.0,0.0
2025-05-30 00:00:00-04:00,25.80481465696059,25.863796565461918,25.568885147954223,25.608205795288086,85100,0.0,0.0
2025-06-02 00:00:00-04:00,25.539392953428447,25.775322459637824,25.185499631614903,25.745832443237305,80000,0.0,0.0
2025-06-03 00:00:00-04:00,25.81464554962509,26.728873578182053,25.81464554962509,26.650230407714844,71300,0.0,0.0
2025-06-04 00:00:00-04:00,26.601075185406913,26.728871499352483,26.27667189808491,26.306163787841797,47300,0.0,0.0
2025-06-05 00:00:00-04:00,26.47328327031393,26.768194695994662,26.374978836753314,26.620738983154297,52500,0.0,0.0
2025-06-06 00:00:00-04:00,26.994292758441215,26.994292758441215,26.532264372281087,26.669889450073242,70500,0.0,0.0
2025-06-09 00:00:00-04:00,26.679718190010508,26.876327037210665,26.522431862250752,26.551923751831055,59500,0.0,0.0
2025-06-10 00:00:00-04:00,26.748531827896898,27.023783850336116,26.699380551568932,26.954971313476562,71000,0.0,0.0
2025-06-11 00:00:00-04:00,27.033616421186572,27.07293894507248,26.59124740247579,26.601078033447266,110700,0.0,0.0
2025-06-12 00:00:00-04:00,26.52243376101138,26.699381361159148,26.237352974663033,26.4339599609375,69300,0.0,0.0
2025-06-13 00:00:00-04:00,26.3651456858111,26.384806945644147,25.627865317080364,25.716339111328125,58800,0.0,0.0
2025-06-16 00:00:00-04:00,25.863796217434935,26.276673321390614,25.59837669524996,26.0997257232666,81100,0.0,0.0
2025-06-17 00:00:00-04:00,25.942439255217195,26.237352542270305,25.794983549191155,25.991592407226562,79900,0.0,0.0
2025-06-18 00:00:00-04:00,26.0112508415657,26.266841597662083,25.9915914564821,26.16853904724121,110300,0.0,0.0
2025-06-20 00:00:00-04:00,26.365148098420978,26.46345253158086,25.971932240782554,26.04074478149414,111900,0.0,0.0
2025-06-23 00:00:00-04:00,25.93260689309306,26.571584701538086,25.93260689309306,26.571584701538086,105100,0.0,0.0
2025-06-24 00:00:00-04:00,26.7092116443267,27.01395368783915,26.66006036714764,26.925479888916016,66300,0.0,0.0
2025-06-25 00:00:00-04:00,26.935310863241146,27.122089093908077,26.39463930736446,26.905820846557617,101800,0.0,0.0
2025-06-26 00:00:00-04:00,27.09259605407715,27.348186812842147,26.945140351905298,27.09259605407715,76100,0.0,0.0
2025-06-27 00:00:00-04:00,27.21056270384468,27.377679672220935,26.807516228643312,26.9156494140625,198600,0.0,0.0
2025-06-30 00:00:00-04:00,26.886157667070762,26.984462090670842,26.49294184767138,26.551923751831055,46300,0.0,0.0
2025-07-01 00:00:00-04:00,26.33565778959066,27.92818246415653,26.33565778959066,27.584117889404297,72500,0.0,0.0
2025-07-02 00:00:00-04:00,27.55462740572064,27.741403760994118,27.44649234477206,27.613609313964844,51600,0.0,0.0
2025-07-03 00:00:00-04:00,27.81021896700256,27.839708984464206,27.338358062604016,27.80038833618164,30900,0.0,0.0
2025-07-07 00:00:00-04:00,27.721744218672015,27.98716374177552,27.58411726687648,27.62343978881836,63400,0.0,0.0
2025-07-08 00:00:00-04:00,27.633270575046595,28.0658070688388,27.584117422342214,27.613609313964844,57500,0.0,0.0
2025-07-09 00:00:00-04:00,27.8200449912098,27.859367510632453,27.407167912276613,27.731571197509766,40200,0.0,0.0
2025-07-10 00:00:00-04:00,27.721742933780334,28.105128129938688,27.544795343245415,27.938011169433594,65100,0.0,0.0
2025-07-11 00:00:00-04:00,27.721744895645298,27.75123491282082,27.141750807846257,27.230224609375,59600,0.0,0.0
2025-07-14 00:00:00-04:00,27.161407315872903,27.18106857524038,26.807514022262783,27.17123794555664,63200,0.0,0.0
2025-07-15 00:00:00-04:00,27.259714158469848,27.259714158469848,26.66006069451757,26.669889450073242,77700,0.0,0.0
2025-07-16 00:00:00-04:00,26.73870342003447,26.73870342003447,26.237352519971207,26.581417083740234,64700,0.0,0.0
2025-07-17 00:00:00-04:00,26.581415796647583,26.935309098673315,26.483111372473406,26.54209327697754,45800,0.0,0.0
2025-07-18 00:00:00-04:00,26.699381046845243,26.797685476325736,26.374977742060345,26.45362091064453,47700,0.0,0.0
2025-07-21 00:00:00-04:00,26.561756283266913,26.807516422360795,26.4339599609375,26.4339599609375,60700,0.0,0.0
2025-07-22 00:00:00-04:00,26.54209483753551,27.24005272770724,26.502772315553475,27.033615112304688,75400,0.0,0.0
2025-07-23 00:00:00-04:00,27.26954332768151,27.41699902812841,27.033613831966285,27.348186492919922,50700,0.0,0.0
2025-07-24 00:00:00-04:00,27.10242622401497,27.34818634846197,26.817345454656945,26.886157989501953,59100,0.0,0.0
2025-07-25 00:00:00-04:00,27.02378401556164,27.131919074145515,26.728872605788727,27.063106536865234,61000,0.0,0.0
2025-07-28 00:00:00-04:00,27.07293747045527,27.299036345480605,26.5715865682245,26.925479888916016,64200,0.0,0.0
2025-07-29 00:00:00-04:00,27.063107521417955,27.14175069188516,26.610907884980698,26.650230407714844,114100,0.0,0.0
2025-07-30 00:00:00-04:00,28.96037445377158,33.91489985421377,27.94784386102329,33.79693603515625,496700,0.0,0.0
2025-07-31 00:00:00-04:00,33.31524200454407,33.885407295564036,31.948816307102156,33.48236083984375,334300,0.0,0.0
2025-08-01 00:00:00-04:00,33.039991994245206,33.37422591615969,32.450165440865675,32.64677429199219,195800,0.0,0.0
2025-08-04 00:00:00-04:00,32.97117961823347,34.32777282256008,32.94168585292067,33.9345588684082,231800,0.0,0.0
2025-08-05 00:00:00-04:00,33.91489791870117,34.30811562645502,33.47252893497859,33.91489791870117,160600,0.0,0.0
2025-08-06 00:00:00-04:00,34.12133762882054,34.12133762882054,33.38405719388491,33.66913986206055,115700,0.0,0.0
2025-08-07 00:00:00-04:00,33.8264238122658,34.20980901131471,33.18744598051632,33.9345588684082,118800,0.0,0.0
2025-08-08 00:00:00-04:00,34.15083266167192,34.20981269865084,33.60032856652036,34.06235885620117,133500,0.0,0.0
2025-08-11 00:00:00-04:00,33.99302042231886,34.05245014043614,33.378928448519886,33.85435485839844,119100,0.26,0.0
2025-08-12 00:00:00-04:00,33.963307541209105,35.06273276995644,33.93359079289617,35.052825927734375,117500,0.0,0.0
2025-08-13 00:00:00-04:00,35.171682279782296,36.0829190861728,35.06273346166306,35.7857780456543,127100,0.0,0.0
2025-08-14 00:00:00-04:00,35.53816244347191,35.91453935869006,34.60711566349727,34.716068267822266,117300,0.0,0.0
2025-08-15 00:00:00-04:00,34.83492069701714,34.97359003948578,34.32978131654632,34.656639099121094,104300,0.0,0.0
2025-08-18 00:00:00-04:00,34.72597490377282,35.53816223144531,34.68635508819036,35.53816223144531,109700,0.0,0.0
2025-08-19 00:00:00-04:00,35.68672991021612,36.06311059139489,35.57777730947857,35.63720703125,98300,0.0,0.0
2025-08-20 00:00:00-04:00,35.657014839269635,35.726347621411065,34.894350457360645,35.052825927734375,77900,0.0,0.0
2025-08-21 00:00:00-04:00,35.052828892363124,35.38958976768336,34.765590897281896,35.141971588134766,72100,0.0,0.0
2025-08-22 00:00:00-04:00,35.28063685355625,36.439491888385696,35.28063685355625,35.973968505859375,234700,0.0,0.0
2025-08-25 00:00:00-04:00,35.97396874542078,36.88520560894971,35.64711471386129,36.74653625488281,180600,0.0,0.0
2025-08-26 00:00:00-04:00,36.72672998786328,37.25167931634016,36.63758729261687,37.16253662109375,137700,0.0,0.0
2025-08-27 00:00:00-04:00,37.01396186405248,37.410152435302734,36.736630731189294,37.410152435302734,168000,0.0,0.0
2025-08-28 00:00:00-04:00,37.53891460417737,37.53891460417737,36.79606012344842,37.043678283691406,142400,0.0,0.0
2025-08-29 00:00:00-04:00,37.11301172856267,37.35072305075999,36.62767846335034,36.97434616088867,91400,0.0,0.0
2025-09-02 00:00:00-04:00,36.627677701169226,37.26157958497575,36.46920223021759,37.05358123779297,159600,0.0,0.0
2025-09-03 00:00:00-04:00,36.984249224999665,37.28139026692299,36.54844261540235,36.97434616088867,108000,0.0,0.0
2025-09-04 00:00:00-04:00,37.08329425067535,37.93510132490629,36.845582933150084,37.855865478515625,118800,0.0,0.0
2025-09-05 00:00:00-04:00,37.8657712760403,38.16291233357474,37.13282358601225,37.56863021850586,163800,0.0,0.0
2025-09-08 00:00:00-04:00,37.88557998277732,38.420436136397825,37.49929624239144,38.09357833862305,218300,0.0,0.0
2025-09-09 00:00:00-04:00,37.796438552466626,38.01434375825863,36.52863468972087,37.16253662109375,118900,0.0,0.0
2025-09-10 00:00:00-04:00,37.10310612569131,37.558722657085845,36.845584888315024,37.24177169799805,89600,0.0,0.0
2025-09-11 00:00:00-04:00,37.32101179767334,38.06386632584621,37.06348677869544,37.99453353881836,120300,0.0,0.0
2025-09-12 00:00:00-04:00,37.77662595744993,37.836055676170986,36.61777478003894,36.6375846862793,98000,0.0,0.0
2025-09-15 00:00:00-04:00,36.885205905711466,36.91491887835951,35.90463624643665,36.71682357788086,99000,0.0,0.0
2025-09-16 00:00:00-04:00,36.79606071114532,37.142724629681005,36.20177485005842,36.578155517578125,73600,0.0,0.0
2025-09-17 00:00:00-04:00,36.44939324047659,37.1328217960505,36.04329959980582,36.152252197265625,76900,0.0,0.0
2025-09-18 00:00:00-04:00,36.221584687268205,36.63758516706814,36.17206181019409,36.18196487426758,114900,0.0,0.0
2025-09-19 00:00:00-04:00,36.36025096797872,36.36025096797872,35.449017921201516,35.706539154052734,177900,0.0,0.0
2025-09-22 00:00:00-04:00,35.59758804636824,36.40977537107246,35.11225853149437,36.35034942626953,132300,0.0,0.0
2025-09-23 00:00:00-04:00,36.63758431416512,37.00405813000629,36.2017739380103,36.2711067199707,91500,0.0,0.0
2025-09-24 00:00:00-04:00,36.20177737608285,36.57815806986498,35.756063893755794,36.31072998046875,110000,0.0,0.0
2025-09-25 00:00:00-04:00,36.1918715331447,36.39986988281312,35.934346528300004,36.20177459716797,64600,0.0,0.0
2025-09-26 00:00:00-04:00,36.271106463644585,36.59796424345081,36.043298213334126,36.30082321166992,55000,0.0,0.0
2025-09-29 00:00:00-04:00,36.5484446787088,36.5484446787088,35.77587339206939,35.954158782958984,65500,0.0,0.0
2025-09-30 00:00:00-04:00,35.993778900762244,36.43949238173106,35.84520648098811,36.32063293457031,84100,0.0,0.0
2025-10-01 00:00:00-04:00,36.162155237343775,36.350347461323,35.32025498574766,35.34996795654297,68500,0.0,0.0
2025-10-02 00:00:00-04:00,35.25092321243544,35.6867298361274,34.9141623464701,35.64711380004883,63400,0.0,0.0
2025-10-03 00:00:00-04:00,35.67682799334612,36.023491935613244,35.23111451160725,35.51835250854492,65300,0.0,0.0
2025-10-06 00:00:00-04:00,35.5777755871948,35.5777755871948,34.92406379276849,35.013206481933594,77400,0.0,0.0
2025-10-07 00:00:00-04:00,34.98349586220211,35.181591160140485,34.082165846018356,34.36940383911133,187800,0.0,0.0
2025-10-08 00:00:00-04:00,34.43873434834275,34.904257700948214,34.17130628057067,34.607112884521484,67300,0.0,0.0
2025-10-09 00:00:00-04:00,34.60711554639679,34.66654526992395,34.2307386324522,34.32978439331055,66900,0.0,0.0
2025-10-10 00:00:00-04:00,34.33968451799282,34.64673239573091,33.69587957082706,33.83454513549805,68100,0.0,0.0
2025-10-13 00:00:00-04:00,34.052451331406814,34.210926806908944,33.2501671113535,33.32940673828125,77800,0.0,0.0
2025-10-14 00:00:00-04:00,33.07188364874952,34.13168916112682,33.07188364874952,33.92369079589844,102500,0.0,0.0
2025-10-15 00:00:00-04:00,33.953403214085405,34.86464006999919,33.6166423423015,33.98311996459961,99300,0.0,0.0
2025-10-16 00:00:00-04:00,33.96330734237449,34.131685875631284,33.547306873608086,33.8642578125,122700,0.0,0.0
2025-10-17 00:00:00-04:00,33.844450624005,34.399116700778386,33.65626216966305,34.37930679321289,81600,0.0,0.0
2025-10-20 00:00:00-04:00,34.53778116612034,34.89435193414015,34.12178445566617,34.498165130615234,62300,0.0,0.0
2025-10-21 00:00:00-04:00,34.39911682235151,34.98349587336169,34.27035431189746,34.76559066772461,61600,0.0,0.0
2025-10-22 00:00:00-04:00,34.745783670826604,35.062734628373306,34.2604503917594,34.45854568481445,74400,0.0,0.0
2025-10-23 00:00:00-04:00,34.418923895699635,34.74578167723957,34.0821630503342,34.666542053222656,68400,0.0,0.0
2025-10-24 00:00:00-04:00,34.89435163680216,34.97359126384398,34.47835492989274,34.52787780761719,51700,0.0,0.0
2025-10-27 00:00:00-04:00,34.66654337658699,35.16177971053824,34.399115302850916,34.52787780761719,116900,0.0,0.0
2025-10-28 00:00:00-04:00,34.40902359193223,34.95378282650911,34.05245281196088,34.77549743652344,149100,0.0,0.0
2025-10-29 00:00:00-04:00,27.069618199950934,29.96179849375849,26.356478552269223,28.476089477539062,385000,0.0,0.0
2025-10-30 00:00:00-04:00,28.43646891521497,28.911897223666678,27.66390145618718,27.95113754272461,218900,0.0,0.0
2025-10-31 00:00:00-04:00,27.83228191779452,28.446373904509496,27.624281678362465,28.149232864379883,144500,0.0,0.0
2025-11-03 00:00:00-05:00,28.149233402691586,28.466184355338157,27.82237749662772,27.89171028137207,184900,0.0,0.0
2025-11-04 00:00:00-05:00,27.91151978610703,27.91151978610703,27.396473550887876,27.733234405517578,119900,0.0,0.0
2025-11-05 00:00:00-05:00,27.683711179824833,27.822376745570295,27.138950091639604,27.366758346557617,138000,0.0,0.0
2025-11-06 00:00:00-05:00,27.465806918622206,27.79266282692705,26.86161986943853,27.069618225097656,133100,0.0,0.0
2025-11-07 00:00:00-05:00,27.069618611975827,27.158761305439967,26.79228557795665,27.030000686645508,133300,0.0,0.0
2025-11-10 00:00:00-05:00,27.219999313354492,27.219999313354492,26.579999923706055,26.8799991607666,102700,0.26,0.0
2025-11-11 00:00:00-05:00,26.90999984741211,26.969999313354492,26.549999237060547,26.649999618530273,138400,0.0,0.0
2025-11-12 00:00:00-05:00,26.649999618530273,27.360000610351562,26.649999618530273,27.0,97700,0.0,0.0
2025-11-13 00:00:00-05:00,26.93000030517578,27.15999984741211,26.770000457763672,26.899999618530273,109800,0.0,0.0
2025-11-14 00:00:00-05:00,26.760000228881836,27.139999389648438,26.600000381469727,27.059999465942383,128700,0.0,0.0
2025-11-17 00:00:00-05:00,27.059999465942383,27.5,26.790000915527344,26.81999969482422,120400,0.0,0.0
2025-11-18 00:00:00-05:00,26.81999969482422,26.989999771118164,26.399999618530273,26.899999618530273,103400,0.0,0.0
2025-11-19 00:00:00-05:00,26.829999923706055,27.290000915527344,26.729999542236328,26.739999771118164,84800,0.0,0.0
2025-11-20 00:00:00-05:00,27.09000015258789,27.18000030517578,26.56999969482422,26.68000030517578,73800,0.0,0.0
2025-11-21 00:00:00-05:00,26.8799991607666,27.84000015258789,26.8799991607666,27.510000228881836,95800,0.0,0.0
2025-11-24 00:00:00-05:00,27.420000076293945,27.600000381469727,27.030000686645508,27.600000381469727,149000,0.0,0.0
2025-11-25 00:00:00-05:00,27.84000015258789,28.350000381469727,27.719999313354492,28.06999969482422,102200,0.0,0.0
2025-11-26 00:00:00-05:00,27.969999313354492,28.709999084472656,27.969999313354492,28.56999969482422,91700,0.0,0.0
2025-11-28 00:00:00-05:00,28.56999969482422,28.649999618530273,28.399999618530273,28.639999389648438,49400,0.0,0.0
2025-12-01 00:00:00-05:00,28.260000228881836,28.729999542236328,28.219999313354492,28.31999969482422,113300,0.0,0.0
2025-12-02 00:00:00-05:00,28.479999542236328,28.559999465942383,28.010000228881836,28.440000534057617,81700,0.0,0.0
2025-12-03 00:00:00-05:00,28.639999389648438,28.729999542236328,28.34000015258789,28.670000076293945,84000,0.0,0.0
2025-12-04 00:00:00-05:00,28.5,28.93000030517578,28.25,28.350000381469727,97600,0.0,0.0
2025-12-05 00:00:00-05:00,28.280000686645508,28.81999969482422,28.030000686645508,28.1200008392334,92100,0.0,0.0
2025-12-08 00:00:00-05:00,28.360000610351562,28.690000534057617,28.1299991607666,28.239999771118164,106500,0.0,0.0
2025-12-09 00:00:00-05:00,28.239999771118164,28.6200008392334,28.149999618530273,28.479999542236328,56500,0.0,0.0
2025-12-10 00:00:00-05:00,28.3700008392334,29.600000381469727,28.3700008392334,29.239999771118164,149000,0.0,0.0
2025-12-11 00:00:00-05:00,29.440000534057617,30.010000228881836,29.440000534057617,30.010000228881836,116600,0.0,0.0
2025-12-12 00:00:00-05:00,30.059999465942383,30.190000534057617,29.3700008392334,29.979999542236328,89000,0.0,0.0
2025-12-15 00:00:00-05:00,30.149999618530273,30.309999465942383,29.700000762939453,29.809999465942383,75600,0.0,0.0
2025-12-16 00:00:00-05:00,29.969999313354492,30.200000762939453,29.65999984741211,30.079999923706055,63500,0.0,0.0
2025-12-17 00:00:00-05:00,29.959999084472656,30.31999969482422,29.959999084472656,30.110000610351562,74400,0.0,0.0
2025-12-18 00:00:00-05:00,30.219999313354492,30.399999618530273,29.549999237060547,29.600000381469727,163200,0.0,0.0
2025-12-19 00:00:00-05:00,29.510000228881836,29.770000457763672,29.260000228881836,29.68000030517578,129800,0.0,0.0
2025-12-22 00:00:00-05:00,29.610000610351562,30.06999969482422,29.610000610351562,29.790000915527344,81600,0.0,0.0
2025-12-23 00:00:00-05:00,29.65999984741211,29.979999542236328,29.459999084472656,29.920000076293945,101300,0.0,0.0
2025-12-24 00:00:00-05:00,29.860000610351562,29.979999542236328,29.700000762939453,29.8799991607666,45600,0.0,0.0
2025-12-26 00:00:00-05:00,29.950000762939453,30.219999313354492,29.770000457763672,30.100000381469727,51500,0.0,0.0
2025-12-29 00:00:00-05:00,30.040000915527344,30.100000381469727,29.75,29.989999771118164,91500,0.0,0.0
2025-12-30 00:00:00-05:00,30.010000228881836,30.010000228881836,29.729999542236328,29.770000457763672,79400,0.0,0.0
2025-12-31 00:00:00-05:00,29.770000457763672,29.770000457763672,29.190000534057617,29.219999313354492,65900,0.0,0.0
2026-01-02 00:00:00-05:00,29.219999313354492,29.809999465942383,29.06999969482422,29.420000076293945,73800,0.0,0.0
2026-01-05 00:00:00-05:00,29.40999984741211,30.329999923706055,29.40999984741211,30.149999618530273,89300,0.0,0.0
2026-01-06 00:00:00-05:00,29.969999313354492,30.459999084472656,29.90999984741211,30.200000762939453,88100,0.0,0.0
2026-01-07 00:00:00-05:00,30.329999923706055,30.329999923706055,29.75,30.0,60900,0.0,0.0
2026-01-08 00:00:00-05:00,29.829999923706055,31.040000915527344,29.829999923706055,30.889999389648438,98600,0.0,0.0
2026-01-09 00:00:00-05:00,31.059999465942383,31.139999389648438,30.579999923706055,30.850000381469727,69100,0.0,0.0
2026-01-12 00:00:00-05:00,30.84000015258789,31.239999771118164,30.84000015258789,31.049999237060547,42400,0.0,0.0
2026-01-13 00:00:00-05:00,31.1200008392334,31.440000534057617,31.030000686645508,31.239999771118164,56800,0.0,0.0
2026-01-14 00:00:00-05:00,31.3700008392334,31.450000762939453,31.190000534057617,31.309999465942383,81800,0.0,0.0
2026-01-15 00:00:00-05:00,31.280000686645508,31.770000457763672,31.280000686645508,31.649999618530273,81300,0.0,0.0
2026-01-16 00:00:00-05:00,31.600000381469727,31.75,31.260000228881836,31.399999618530273,97600,0.0,0.0
2026-01-20 00:00:00-05:00,30.920000076293945,31.040000915527344,30.719999313354492,30.8700008392334,51400,0.0,0.0
2026-01-21 00:00:00-05:00,31.100000381469727,31.579999923706055,30.920000076293945,31.440000534057617,245400,0.0,0.0
2026-01-22 00:00:00-05:00,31.59000015258789,31.850000381469727,30.65999984741211,31.389999389648438,82700,0.0,0.0
2026-01-23 00:00:00-05:00,31.299999237060547,31.299999237060547,30.459999084472656,30.600000381469727,64800,0.0,0.0
2026-01-26 00:00:00-05:00,30.770000457763672,31.200000762939453,30.260000228881836,30.309999465942383,60400,0.0,0.0
2026-01-27 00:00:00-05:00,30.219999313354492,30.350000381469727,29.940000534057617,30.260000228881836,102900,0.0,0.0
2026-01-28 00:00:00-05:00,30.280000686645508,30.3799991607666,30.0,30.030000686645508,74300,0.0,0.0
2026-01-29 00:00:00-05:00,30.139999389648438,30.600000381469727,29.969999313354492,30.56999969482422,72300,0.0,0.0
2026-01-30 00:00:00-05:00,30.219999313354492,30.68000030517578,30.079999923706055,30.559999465942383,121500,0.0,0.0
2026-02-02 00:00:00-05:00,30.610000610351562,31.719999313354492,30.450000762939453,31.399999618530273,100800,0.0,0.0
2026-02-03 00:00:00-05:00,31.270000457763672,31.969999313354492,31.1200008392334,31.84000015258789,82900,0.0,0.0
2026-02-04 00:00:00-05:00,32.13999938964844,32.720001220703125,31.709999084472656,32.599998474121094,69600,0.0,0.0
2026-02-05 00:00:00-05:00,32.47999954223633,32.599998474121094,31.979999542236328,32.20000076293945,93800,0.0,0.0
2026-02-06 00:00:00-05:00,32.16999816894531,32.93000030517578,31.559999465942383,32.68000030517578,118500,0.0,0.0
2026-02-09 00:00:00-05:00,32.7599983215332,32.93000030517578,32.38999938964844,32.47999954223633,64000,0.0,0.0
2026-02-10 00:00:00-05:00,32.68000030517578,33.560001373291016,32.04999923706055,32.84000015258789,61900,0.0,0.0
2026-02-11 00:00:00-05:00,32.9900016784668,33.15999984741211,32.68000030517578,32.93000030517578,91000,0.0,0.0
2026-02-12 00:00:00-05:00,33.11000061035156,33.11000061035156,31.84000015258789,31.989999771118164,78500,0.0,0.0
2026-02-13 00:00:00-05:00,32.0099983215332,32.470001220703125,31.610000610351562,32.16999816894531,51900,0.0,0.0
2026-02-17 00:00:00-05:00,32.209999084472656,32.22999954223633,31.579999923706055,31.799999237060547,85500,0.0,0.0
2026-02-18 00:00:00-05:00,31.780000686645508,31.989999771118164,31.309999465942383,31.489999771118164,113500,0.0,0.0
2026-02-19 00:00:00-05:00,31.389999389648438,32.06999969482422,31.149999618530273,31.889999389648438,95900,0.0,0.0
2026-02-20 00:00:00-05:00,31.799999237060547,32.40999984741211,31.479999542236328,32.0099983215332,160500,0.0,0.0
2026-02-23 00:00:00-05:00,31.979999542236328,31.979999542236328,30.850000381469727,30.920000076293945,95200,0.0,0.0
2026-02-24 00:00:00-05:00,31.170000076293945,31.329999923706055,30.860000610351562,30.93000030517578,93900,0.0,0.0
2026-02-25 00:00:00-05:00,33.150001525878906,34.38999938964844,32.5,33.220001220703125,191600,0.0,0.0
2026-02-26 00:00:00-05:00,33.310001373291016,33.810001373291016,32.43000030517578,33.2599983215332,154400,0.0,0.0
2026-02-27 00:00:00-05:00,32.93000030517578,33.349998474121094,32.529998779296875,32.97999954223633,113100,0.0,0.0
2026-03-02 00:00:00-05:00,32.66999816894531,33.689998626708984,32.540000915527344,33.689998626708984,134700,0.0,0.0
2026-03-03 00:00:00-05:00,33.15999984741211,33.239898681640625,32.060001373291016,33.20000076293945,105166,0.0,0.0
