Date,Open,High,Low,Close,Volume,Dividends,Stock Splits
2022-01-03 00:00:00-05:00,55.20471458257813,55.4261877847018,53.731430894903475,54.01068115234375,1916100,0.0,0.0
2022-01-04 00:00:00-05:00,54.44399887335839,54.95434999602694,54.28993040198965,54.8002815246582,2157100,0.0,0.0
2022-01-05 00:00:00-05:00,54.7521305077055,55.79209167029647,53.952897864586824,54.02993392944336,2249100,0.0,0.0
2022-01-06 00:00:00-05:00,54.07807785007743,54.07807785007743,52.72997614579661,52.989967346191406,2259000,0.0,0.0
2022-01-07 00:00:00-05:00,52.93218385071145,52.93218385071145,50.32264467462721,50.34190368652344,3247800,0.0,0.0
2022-01-10 00:00:00-05:00,49.68711573661322,51.0833629819011,49.09973235907613,51.03521728515625,2378200,0.0,0.0
2022-01-11 00:00:00-05:00,51.14114476965873,52.93219277177648,50.8715259042325,52.86478805541992,2102700,0.0,0.0
2022-01-12 00:00:00-05:00,52.57590707446518,53.4136577125079,52.39295193854402,52.98033905029297,1651800,0.0,0.0
2022-01-13 00:00:00-05:00,55.70542699295225,55.936531510336096,54.24177851822073,54.81953430175781,3844200,0.0,0.0
2022-01-14 00:00:00-05:00,54.183997256600684,55.24321733513578,53.70253291666993,54.97359848022461,2931500,0.0,0.0
2022-01-18 00:00:00-05:00,54.049186575965955,54.23214169851636,51.99814750689735,52.498870849609375,3728100,0.0,0.0
2022-01-19 00:00:00-05:00,52.43146370486438,52.75885958016791,50.97743944240886,51.131507873535156,4139000,0.0,0.0
2022-01-20 00:00:00-05:00,51.555205966549295,52.03667033977456,50.332286017763316,50.4285774230957,2994800,0.0,0.0
2022-01-21 00:00:00-05:00,50.52487059112302,51.40113557032598,49.494537165245305,49.60045623779297,2540600,0.0,0.0
2022-01-24 00:00:00-05:00,48.7915919537643,52.046291754007036,48.55085979609241,51.998146057128906,4311300,0.0,0.0
2022-01-25 00:00:00-05:00,50.95818642975413,51.555204884789276,49.927852986533615,51.054481506347656,2985500,0.0,0.0
2022-01-26 00:00:00-05:00,51.84409028523292,52.123340537922175,48.502725945222714,49.17677688598633,3564700,0.0,0.0
2022-01-27 00:00:00-05:00,49.118991150327204,49.889337045495346,47.73237515093118,48.14643478393555,3876500,0.0,0.0
2022-01-28 00:00:00-05:00,48.348647153229315,49.3789805259124,47.00054923274594,49.350093841552734,3602500,0.0,0.0
2022-01-31 00:00:00-05:00,49.12862788893504,50.813753291409505,48.89752336035166,50.736717224121094,4024700,0.0,0.0
2022-02-01 00:00:00-05:00,52.104078017260235,52.104078017260235,48.79160059044779,51.21818161010742,5637100,0.0,0.0
2022-02-02 00:00:00-05:00,51.88260407407775,52.681833057212,50.9870800082707,52.38332748413086,4698900,0.0,0.0
2022-02-03 00:00:00-05:00,51.940377110891205,51.98852648855378,50.76560649621647,50.88115692138672,4001300,0.0,0.0
2022-02-04 00:00:00-05:00,50.370806761165944,50.52487522196179,46.93315124511719,46.93315124511719,4946600,0.0,0.0
2022-02-07 00:00:00-05:00,47.29905827932675,47.568680822072665,46.53834737286934,47.04869842529297,4119800,0.0,0.0
2022-02-08 00:00:00-05:00,47.10646958936857,48.358279820681915,46.99091917548539,48.30050277709961,3708100,0.0,0.0
2022-02-09 00:00:00-05:00,48.82048912270717,50.09155479871105,48.82048912270717,49.53305435180664,3565700,0.0,0.0
2022-02-10 00:00:00-05:00,47.953851048561354,49.215289034316555,46.64426735992914,46.740562438964844,3605900,0.0,0.0
2022-02-11 00:00:00-05:00,47.20276683434748,47.838299649875324,45.85466514163674,46.08576965332031,3164600,0.0,0.0
2022-02-14 00:00:00-05:00,45.90281567555935,46.75019407655757,45.51764634658342,46.04725646972656,2983500,0.0,0.0
2022-02-15 00:00:00-05:00,46.45168262143919,47.24128387036813,46.45168262143919,47.087215423583984,2028500,0.0,0.0
2022-02-16 00:00:00-05:00,46.798336954412235,47.7323790407886,46.49983138532584,47.453128814697266,1849000,0.0,0.0
2022-02-17 00:00:00-05:00,47.22202437678099,47.79015245728004,46.04725018615686,46.17243194580078,2154600,0.0,0.0
2022-02-18 00:00:00-05:00,46.220582387670724,46.85611524856992,45.873927432038094,46.34576416015625,2779500,0.0,0.0
2022-02-22 00:00:00-05:00,45.70058741850575,46.19168302870458,44.09249852721036,44.51618576049805,3205000,0.0,0.0
2022-02-23 00:00:00-05:00,44.737668480305445,45.007291025948625,43.02365649466711,43.20661163330078,2853200,0.0,0.0
2022-02-24 00:00:00-05:00,41.887394994563934,45.09394906421931,41.502222077025586,44.89173126220703,3706800,0.0,0.0
2022-02-25 00:00:00-05:00,44.6895237183276,47.05832759236457,44.641378014861495,46.85611343383789,2787000,0.0,0.0
2022-02-28 00:00:00-05:00,47.79014408120286,48.1271675981577,46.94276594435535,47.81903076171875,4421700,0.0,0.0
2022-03-01 00:00:00-05:00,47.81904569858358,48.44495090932981,46.9812986424147,47.27980422973633,3993300,0.0,0.0
2022-03-02 00:00:00-05:00,47.66496564256836,48.733816975005475,47.39534681034318,48.1849479675293,2981700,0.0,0.0
2022-03-03 00:00:00-05:00,48.66641514516273,48.77233788502453,47.13535843552699,47.42423629760742,2515900,0.0,0.0
2022-03-04 00:00:00-05:00,47.14499425171773,47.58794062832697,46.51909272127823,47.539794921875,2526900,0.0,0.0
2022-03-07 00:00:00-05:00,47.34720135143824,47.98273780550131,44.487305674561405,44.554710388183594,3842000,0.0,0.0
2022-03-08 00:00:00-05:00,44.43916222435775,46.25909693082632,43.7265933500698,44.37175750732422,2667200,0.0,0.0
2022-03-09 00:00:00-05:00,45.642821627815785,46.69241405265355,45.296166709773004,45.902809143066406,2492700,0.0,0.0
2022-03-10 00:00:00-05:00,44.83396387119779,45.51764240132969,44.22731773087148,45.40209197998047,2115900,0.0,0.0
2022-03-11 00:00:00-05:00,45.81615278867837,45.94133088442235,44.612491822266456,44.670265197753906,1845800,0.0,0.0
2022-03-14 00:00:00-04:00,44.82483199972547,44.82483199972547,42.206827243706016,42.757476806640625,3272600,0.15,0.0
2022-03-15 00:00:00-04:00,43.14389993659756,45.047024339449884,43.07627656357009,44.87313461303711,2709100,0.0,0.0
2022-03-16 00:00:00-04:00,45.37548178036975,46.14832295265293,43.11491904819308,45.02770233154297,2857900,0.0,0.0
2022-03-17 00:00:00-04:00,44.960084064991506,45.742584228515625,44.50603821243951,45.742584228515625,2130300,0.0,0.0
2022-03-18 00:00:00-04:00,45.018041484626316,47.046753786158604,44.8924573228477,46.785919189453125,4193700,0.0,0.0
2022-03-21 00:00:00-04:00,46.57338092388157,46.71829024428378,44.47704918263153,44.95041275024414,2329400,0.0,0.0
2022-03-22 00:00:00-04:00,45.182267386337806,45.723258011462995,44.09062723438748,44.81516647338867,2190200,0.0,0.0
2022-03-23 00:00:00-04:00,44.506039646301986,44.506039646301986,43.09560384062507,43.134246826171875,2578400,0.0,0.0
2022-03-24 00:00:00-04:00,42.844413139781025,43.24049439015631,42.168179555137854,43.05694580078125,2252600,0.0,0.0
2022-03-25 00:00:00-04:00,43.008650134300076,43.36608846421639,41.99429592577167,42.31309127807617,2366700,0.0,0.0
2022-03-28 00:00:00-04:00,42.30343657373275,42.78646278621603,41.79142628256615,42.18750762939453,1773800,0.0,0.0
2022-03-29 00:00:00-04:00,42.88306553316503,44.042329152550906,42.88306553316503,43.66556930541992,2781800,0.0,0.0
2022-03-30 00:00:00-04:00,43.665568207668926,43.762171971356864,42.438681245805874,42.83476257324219,1709900,0.0,0.0
2022-03-31 00:00:00-04:00,42.168187951587626,42.77679829895182,40.43895330322867,40.477596282958984,3496300,0.0,0.0
2022-04-01 00:00:00-04:00,41.17315757087235,41.58856045130932,40.40031628815167,40.931644439697266,3546800,0.0,0.0
2022-04-04 00:00:00-04:00,41.32771938129325,42.0812427389627,40.92197915309977,41.7044792175293,3193100,0.0,0.0
2022-04-05 00:00:00-04:00,41.66584027068571,42.1875057562554,40.16845981551125,40.477596282958984,3389600,0.0,0.0
2022-04-06 00:00:00-04:00,39.782041040837676,40.04287565016742,38.94157642312919,39.36663818359375,3434600,0.0,0.0
2022-04-07 00:00:00-04:00,39.28935387234568,39.98491285986307,38.26534056872048,38.88361358642578,3502000,0.0,0.0
2022-04-08 00:00:00-04:00,38.82564767088973,40.48725910832182,38.60345604370717,39.28935241699219,3370600,0.0,0.0
2022-04-11 00:00:00-04:00,38.77733965118283,40.612840538753154,38.74835926075921,40.062191009521484,2118000,0.0,0.0
2022-04-12 00:00:00-04:00,41.192477159717114,41.68516598825356,40.13947980905428,40.390655517578125,7494600,0.0,0.0
2022-04-13 00:00:00-04:00,40.438950777815826,41.52092834631338,40.390648898768085,41.25043487548828,2141900,0.0,0.0
2022-04-14 00:00:00-04:00,41.3566949790903,41.96530519659725,40.59351287564262,40.777061462402344,1834700,0.0,0.0
2022-04-18 00:00:00-04:00,40.57420706071725,41.3470483629294,40.26507053983239,40.64183044433594,1976700,0.0,0.0
2022-04-19 00:00:00-04:00,40.92197756506461,42.41935794964748,40.69012338281051,42.206825256347656,2310700,0.0,0.0
2022-04-20 00:00:00-04:00,42.515968704668275,43.269492157078616,42.032942456927366,42.41936492919922,2251400,0.0,0.0
2022-04-21 00:00:00-04:00,43.22118448763939,43.462697579202604,41.59821621751882,41.83972930908203,1720100,0.0,0.0
2022-04-22 00:00:00-04:00,41.59822072683256,41.685165596628174,40.419635532980415,40.48725891113281,2152900,0.0,0.0
2022-04-25 00:00:00-04:00,40.274724270184464,42.30343657373275,39.51154565521102,42.18750762939453,2262500,0.0,0.0
2022-04-26 00:00:00-04:00,41.83006521296348,42.544945559692785,41.08620447555501,41.1345100402832,1898900,0.0,0.0
2022-04-27 00:00:00-04:00,41.24077568088083,41.694821488711575,40.02355127684615,40.236083984375,2932700,0.0,0.0
2022-04-28 00:00:00-04:00,41.076538920045444,42.36138639639381,39.830330729944684,42.0425910949707,3014000,0.0,0.0
2022-04-29 00:00:00-04:00,42.25514115802152,42.651222565482804,40.21676963967269,40.34235382080078,2656200,0.0,0.0
2022-05-02 00:00:00-04:00,40.274720694334825,41.076545904760664,39.71441225390475,40.99925994873047,3546500,0.0,0.0
2022-05-03 00:00:00-04:00,41.0089264462268,42.525628468570574,40.6321665876468,42.129547119140625,6817100,0.0,0.0
2022-05-04 00:00:00-04:00,42.48697850224482,44.43840453491471,41.192468309689424,44.303157806396484,3321400,0.0,0.0
2022-05-05 00:00:00-04:00,43.33710969746373,43.57862278879137,41.28907971486057,41.8300666809082,2824900,0.0,0.0
2022-05-06 00:00:00-04:00,41.34704980399837,41.81075460148716,39.97525690541044,41.3373908996582,2262700,0.0,0.0
2022-05-09 00:00:00-04:00,40.68047139320522,42.303439889161005,40.603185424255976,41.221458435058594,3234000,0.0,0.0
2022-05-10 00:00:00-04:00,41.84938889660862,41.965314150602175,39.92694671999287,40.477596282958984,3411000,0.0,0.0
2022-05-11 00:00:00-04:00,40.274723187473214,40.583859660336145,38.864287569386406,39.11546325683594,3908800,0.0,0.0
2022-05-12 00:00:00-04:00,39.15410101463116,41.21179357555117,38.93190941381028,40.72876739501953,2741000,0.0,0.0
2022-05-13 00:00:00-04:00,41.00892987354206,41.694826272649735,40.51624102868599,41.086212158203125,5990900,0.0,0.0
2022-05-16 00:00:00-04:00,41.17316400544819,41.61755103700993,39.18309785208303,41.2794303894043,2827600,0.0,0.0
2022-05-17 00:00:00-04:00,42.216485526019426,43.04729107946154,41.327715508896354,42.93136215209961,6018800,0.0,0.0
2022-05-18 00:00:00-04:00,41.79142521272843,42.12954576392955,39.95592786339824,40.22642135620117,3210900,0.0,0.0
2022-05-19 00:00:00-04:00,40.22641740673228,41.27941456701328,40.042868795379476,40.25539779663086,3300700,0.0,0.0
2022-05-20 00:00:00-04:00,40.9219730647264,41.32771323255384,39.868975986302154,41.2890739440918,2171400,0.0,0.0
2022-05-23 00:00:00-04:00,41.772108745881305,41.907355496615445,40.20710115402104,40.98960494995117,2696800,0.0,0.0
2022-05-24 00:00:00-04:00,40.69979102871822,40.86401817744657,38.758023527226975,39.54052734375,2940700,0.0,0.0
2022-05-25 00:00:00-04:00,39.51154790632078,41.723805284784014,39.41494044720153,41.51127624511719,2605500,0.0,0.0
2022-05-26 00:00:00-04:00,42.02328012743701,43.66556997290509,41.91701377196591,43.45303726196289,2534100,0.0,0.0
2022-05-27 00:00:00-04:00,43.63658360188695,44.15825276395711,43.10525553764392,44.13893127441406,2189500,0.0,0.0
2022-05-31 00:00:00-04:00,43.404726867571405,44.14858752481887,42.82509700526789,43.7235221862793,3045700,0.0,0.0
2022-06-01 00:00:00-04:00,44.00368699346011,44.148596330537465,43.11492053596502,43.39507293701172,2049200,0.0,0.0
2022-06-02 00:00:00-04:00,43.63658037203498,44.25485693605732,43.172875712915996,43.96503829956055,1691600,0.0,0.0
2022-06-03 00:00:00-04:00,43.308127620714565,44.09062764764397,42.998987485461825,43.53031921386719,1167300,0.0,0.0
2022-06-06 00:00:00-04:00,43.491683578513694,44.051992106880945,43.095602204689285,43.588287353515625,1587100,0.0,0.0
2022-06-07 00:00:00-04:00,42.82510438298979,43.82979607171999,42.544948304360425,43.76217269897461,2085400,0.0,0.0
2022-06-08 00:00:00-04:00,43.28881698564447,43.54965162175181,42.371066307162664,42.573936462402344,1736600,0.0,0.0
2022-06-09 00:00:00-04:00,42.33158870922004,43.46573216782338,42.26373438324535,42.64178466796875,1701100,0.15,0.0
2022-06-10 00:00:00-04:00,42.04078713375479,42.418833749533015,40.65461374404549,40.71277618408203,2270800,0.0,0.0
2022-06-13 00:00:00-04:00,39.49139260666418,40.45104878504244,38.39602407479504,38.744991302490234,4716900,0.0,0.0
2022-06-14 00:00:00-04:00,38.81284530952085,39.48169669188564,38.37663627850751,38.65774917602539,2747900,0.0,0.0
2022-06-15 00:00:00-04:00,38.987331179658945,39.375069686959556,37.416978577072754,38.22154235839844,2793600,0.0,0.0
2022-06-16 00:00:00-04:00,36.932301907006156,37.232802294630766,34.76095595716374,35.158390045166016,3090500,0.0,0.0
2022-06-17 00:00:00-04:00,34.92573758518837,35.517042663338565,33.95638596796719,35.13899612426758,8333200,0.0,0.0
2022-06-21 00:00:00-04:00,36.26344973330655,36.65119192218975,35.0614519059955,36.03080368041992,2909200,0.0,0.0
2022-06-22 00:00:00-04:00,34.8094173260588,37.18432958918062,34.73187111752427,36.7578125,4543500,0.0,0.0
2022-06-23 00:00:00-04:00,37.1455573376053,38.58989301666043,37.07770301353391,38.50265121459961,3264500,0.0,0.0
2022-06-24 00:00:00-04:00,38.657750890970604,39.61740710398897,38.24092932037599,39.15211868286133,3589000,0.0,0.0
2022-06-27 00:00:00-04:00,39.1230311736004,39.84034928695117,38.77406400590202,39.34598159790039,2195000,0.0,0.0
2022-06-28 00:00:00-04:00,39.530169940378094,39.97607463193206,38.618980470789566,38.6480598449707,2174800,0.0,0.0
2022-06-29 00:00:00-04:00,38.64805765757746,38.81284939677329,37.785335093047024,38.37664031982422,1920600,0.0,0.0
2022-06-30 00:00:00-04:00,37.90165393389176,38.91947628300502,37.49452795247338,38.41541290283203,2109400,0.0,0.0
2022-07-01 00:00:00-04:00,38.599583688954695,41.19744649304464,38.337858291029605,40.926029205322266,3384300,0.0,0.0
2022-07-05 00:00:00-04:00,40.2571792834704,42.39944958310799,39.99545385235313,42.380062103271484,3319000,0.0,0.0
2022-07-06 00:00:00-04:00,42.57392395862794,42.99074547634113,40.848479153627494,41.91476821899414,2758400,0.0,0.0
2022-07-07 00:00:00-04:00,42.060171236912815,42.583622061864624,41.294382477940744,42.24435043334961,1924700,0.0,0.0
2022-07-08 00:00:00-04:00,41.8178304422973,43.213699213349486,41.8178304422973,42.84534454345703,2341500,0.0,0.0
2022-07-11 00:00:00-04:00,42.632086521653534,43.41726271511023,42.45760292310759,42.65147399902344,2007300,0.0,0.0
2022-07-12 00:00:00-04:00,42.33158642391834,44.07642241988108,42.254040211755125,42.70963668823242,2853200,0.0,0.0
2022-07-13 00:00:00-04:00,41.57549792980452,43.262171681504604,41.05204707260963,42.97136688232422,1874400,0.0,0.0
2022-07-14 00:00:00-04:00,42.40913660944998,42.62239516540529,41.41070554799243,42.457603454589844,2959600,0.0,0.0
2022-07-15 00:00:00-04:00,43.28154745393918,43.3784811281852,41.65303658168414,42.60300064086914,1775900,0.0,0.0
2022-07-18 00:00:00-04:00,42.47699226736078,42.97136371756318,41.837220277168484,42.12802505493164,2118900,0.0,0.0
2022-07-19 00:00:00-04:00,42.65148094599356,43.475428530609456,41.876000213804986,43.18462371826172,2033000,0.0,0.0
2022-07-20 00:00:00-04:00,43.08767792158795,43.38817454097839,42.48668098502428,43.010128021240234,2210800,0.0,0.0
2022-07-21 00:00:00-04:00,42.50607037545216,44.21213143056735,41.6821229132569,44.18305206298828,2773400,0.0,0.0
2022-07-22 00:00:00-04:00,44.62895790137191,45.76309773604191,43.863169089468904,44.5029411315918,1912500,0.0,0.0
2022-07-25 00:00:00-04:00,43.85346783926142,43.97948088436417,42.93258308331171,43.33001708984375,2879200,0.0,0.0
2022-07-26 00:00:00-04:00,43.80501271499457,43.91164201974209,41.45918280168587,41.48826217651367,3209700,0.0,0.0
2022-07-27 00:00:00-04:00,41.12959343730102,42.54484604939838,40.334725329258205,42.321895599365234,3401000,0.0,0.0
2022-07-28 00:00:00-04:00,42.46729871544191,43.02952077074709,41.6239600858093,42.370361328125,2697500,0.0,0.0
2022-07-29 00:00:00-04:00,42.360665289220705,42.535148871517926,41.41070117325966,42.28311538696289,2154000,0.0,0.0
2022-08-01 00:00:00-04:00,42.28311861501929,43.40756639912223,41.83721773634365,42.816261291503906,2776700,0.0,0.0
2022-08-02 00:00:00-04:00,42.2831240285991,42.525461976008415,40.40258288790486,40.42197036743164,2388200,0.0,0.0
2022-08-03 00:00:00-04:00,40.71276551149202,41.052037078308025,40.00513931657383,40.577056884765625,2340600,0.0,0.0
2022-08-04 00:00:00-04:00,40.48012346497525,41.77905482991913,40.11177249866836,41.31376647949219,2045800,0.0,0.0
2022-08-05 00:00:00-04:00,40.40258772264207,41.17806850759234,39.86944491410026,41.08113479614258,1510300,0.0,0.0
2022-08-08 00:00:00-04:00,41.40101151143747,42.61270117424786,41.352544664481734,42.186187744140625,1685400,0.0,0.0
2022-08-09 00:00:00-04:00,41.91476688567785,42.13771732097927,40.72246110461339,40.88725280761719,1776300,0.0,0.0
2022-08-10 00:00:00-04:00,42.11832930055654,43.35909821066251,42.11832930055654,42.777488708496094,1985400,0.0,0.0
2022-08-11 00:00:00-04:00,43.262167583491944,43.805002171132976,42.78718362152274,42.91320037841797,1975900,0.0,0.0
2022-08-12 00:00:00-04:00,42.98105960855984,43.601444178276985,42.699946694849345,43.572364807128906,1367900,0.0,0.0
2022-08-15 00:00:00-04:00,43.25247120026437,43.77592199824887,42.864732744477614,43.04890823364258,1350200,0.0,0.0
2022-08-16 00:00:00-04:00,42.767802131375895,43.68868711863024,42.29282180069081,43.18462371826172,1315000,0.0,0.0
2022-08-17 00:00:00-04:00,42.64178929851965,42.76780237599468,41.924467306027466,42.166805267333984,1075100,0.0,0.0
2022-08-18 00:00:00-04:00,42.244348271287855,42.50606997258545,41.80813927281982,42.370361328125,1023300,0.0,0.0
2022-08-19 00:00:00-04:00,41.96323554417634,42.021394278990364,40.84847962165314,41.01327133178711,2217100,0.0,0.0
2022-08-22 00:00:00-04:00,40.46074025252194,40.58675330696796,39.665868482739015,39.733726501464844,1643900,0.0,0.0
2022-08-23 00:00:00-04:00,39.77249579137189,40.48012203034579,39.77249579137189,39.88882064819336,1402900,0.0,0.0
2022-08-24 00:00:00-04:00,39.56894105363756,41.21683988957065,39.38476553877411,40.800018310546875,1880200,0.0,0.0
2022-08-25 00:00:00-04:00,40.48981439903985,41.85659992690018,40.48981439903985,41.73058319091797,1700900,0.0,0.0
2022-08-26 00:00:00-04:00,41.7111999248678,41.866296039501336,39.607708639039,39.78219223022461,1665700,0.0,0.0
2022-08-29 00:00:00-04:00,39.37506085531009,40.35410803954945,39.33628960172484,39.65617370605469,1969200,0.0,0.0
2022-08-30 00:00:00-04:00,40.04391735536015,40.29594715332426,39.29751615300595,39.724029541015625,1997500,0.0,0.0
2022-08-31 00:00:00-04:00,39.82097475166195,40.082696490399876,39.026102853086606,39.41384506225586,3292600,0.0,0.0
2022-09-01 00:00:00-04:00,39.02610129587403,39.44292285987473,38.39602485334488,39.31690979003906,2839800,0.0,0.0
2022-09-02 00:00:00-04:00,39.89852414991794,40.08269968014881,38.861317910301466,39.21028518676758,1810300,0.0,0.0
2022-09-06 00:00:00-04:00,39.26844435102799,39.355686171070296,38.21185061841957,38.589900970458984,2907600,0.0,0.0
2022-09-07 00:00:00-04:00,38.7449860639266,39.47199979073363,38.66743615813133,39.38475799560547,2029900,0.0,0.0
2022-09-08 00:00:00-04:00,38.96793838635754,39.61740223886828,38.58989182172792,39.56893539428711,2191100,0.0,0.0
2022-09-09 00:00:00-04:00,39.908216648215564,40.712780514267216,39.6367992947447,40.489830017089844,1837200,0.0,0.0
2022-09-12 00:00:00-04:00,40.82908386377137,41.32345519612897,40.60613346403888,40.83877944946289,1641200,0.0,0.0
2022-09-13 00:00:00-04:00,39.278128606855084,39.57862894424077,37.87256799966458,37.99858474731445,3404200,0.0,0.0
2022-09-14 00:00:00-04:00,38.192459868667974,38.26031419434959,37.19402506632649,37.71747589111328,2670800,0.0,0.0
2022-09-15 00:00:00-04:00,37.82410246636772,38.62866242662622,37.53329770600661,37.66900634765625,2290100,0.0,0.0
2022-09-16 00:00:00-04:00,37.35881836234785,38.46387879616597,37.24249348673699,38.1536865234375,6318700,0.0,0.0
2022-09-19 00:00:00-04:00,38.62866250635356,39.69495156025591,38.61897061669421,39.42353057861328,3144400,0.0,0.0
2022-09-20 00:00:00-04:00,38.68682250215452,39.093952100096296,38.40570964854983,38.754676818847656,2918200,0.0,0.0
2022-09-21 00:00:00-04:00,39.02712438584159,39.73741564744561,38.20007017120259,38.27791213989258,2213600,0.15,0.0
2022-09-22 00:00:00-04:00,37.98601129882597,38.6281926787718,37.63572987127202,37.859519958496094,3085500,0.0,0.0
2022-09-23 00:00:00-04:00,37.45086286509179,38.20980352616037,37.197880170262614,38.09304428100586,2625000,0.0,0.0
2022-09-26 00:00:00-04:00,37.8497904688321,38.161150903898644,36.847595588734315,36.88651657104492,1949800,0.0,0.0
2022-09-27 00:00:00-04:00,37.382751612738346,37.606545438144984,36.22488005620821,36.526512145996094,2067500,0.0,0.0
2022-09-28 00:00:00-04:00,37.051926100113064,38.676838016283845,36.740561976782125,38.375205993652344,2496200,0.0,0.0
2022-09-29 00:00:00-04:00,37.59680305383341,37.68437339713337,36.90597240763853,37.11030197143555,1821700,0.0,0.0
2022-09-30 00:00:00-04:00,37.05193010193296,37.25625969818328,36.42920549972216,36.487586975097656,2481600,0.0,0.0
2022-10-03 00:00:00-04:00,37.22707171555516,38.414135879920764,36.77949148403395,38.190345764160156,2542300,0.0,0.0
2022-10-04 00:00:00-04:00,38.89090284664229,39.902822410663276,38.89090284664229,39.883365631103516,2159400,0.0,0.0
2022-10-05 00:00:00-04:00,39.38713595494723,39.98066800149405,39.09523598285965,39.75687789916992,1957100,0.0,0.0
2022-10-06 00:00:00-04:00,39.59146434958019,40.379597590575486,39.426055731432086,40.15580749511719,1732700,0.0,0.0
2022-10-07 00:00:00-04:00,39.59146751443592,39.59146751443592,38.45305645370558,39.007667541503906,1950700,0.0,0.0
2022-10-10 00:00:00-04:00,39.37740266979409,39.503890291227314,38.472510270601276,38.783870697021484,1591800,0.0,0.0
2022-10-11 00:00:00-04:00,38.56008424646596,39.64011745098741,38.22926329833966,38.87144470214844,1647000,0.0,0.0
2022-10-12 00:00:00-04:00,38.82278590851153,39.0173833623218,37.917893643801406,37.94708251953125,2199700,0.0,0.0
2022-10-13 00:00:00-04:00,36.97408558708144,38.14168903217319,35.53404269909493,37.8011360168457,2804700,0.0,0.0
2022-10-14 00:00:00-04:00,38.044393945719094,38.37521492401708,36.21515202968061,36.565433502197266,2140400,0.0,0.0
2022-10-17 00:00:00-04:00,37.31463423811841,37.840056335977145,37.04219479998824,37.2951774597168,2066700,0.0,0.0
2022-10-18 00:00:00-04:00,38.06385953628318,38.60874231223084,37.69412123175358,38.56009292602539,2487000,0.0,0.0
2022-10-19 00:00:00-04:00,37.927628856767065,37.966549839216235,35.6508033474192,36.15676498413086,2849400,0.0,0.0
2022-10-20 00:00:00-04:00,36.30271661144534,37.16868805174381,35.51458342390502,35.60215377807617,2135000,0.0,0.0
2022-10-21 00:00:00-04:00,35.13511154925817,36.59461491212378,35.018352319507436,36.47785568237305,2764000,0.0,0.0
2022-10-24 00:00:00-04:00,36.80868158380297,37.15895932054764,36.20541743959437,36.9351692199707,3586200,0.0,0.0
2022-10-25 00:00:00-04:00,36.93516136114416,39.41631614415762,36.76002067418239,38.482234954833984,5781900,0.0,0.0
2022-10-26 00:00:00-04:00,38.04439171012408,38.83252497697364,37.75249173741631,37.8303337097168,3130300,0.0,0.0
2022-10-27 00:00:00-04:00,37.92763258207497,39.153617667677594,37.470320272652295,38.17088317871094,3234700,0.0,0.0
2022-10-28 00:00:00-04:00,37.91789683700581,39.35793964438246,37.742756144460515,39.241180419921875,2043200,0.0,0.0
2022-10-31 00:00:00-04:00,38.7352215388664,39.036849865779566,37.9957377382793,38.910362243652344,2742700,0.0,0.0
2022-11-01 00:00:00-04:00,39.80551978950735,39.93201111458237,38.37520537006108,38.725486755371094,2860400,0.0,0.0
2022-11-02 00:00:00-04:00,38.55034731248398,39.52334954246284,37.57734508250512,37.596805572509766,2584200,0.0,0.0
2022-11-03 00:00:00-04:00,36.79894497927523,37.05192764407806,36.05946489878571,36.215145111083984,2750900,0.0,0.0
2022-11-04 00:00:00-04:00,36.876780775323134,37.57733975767435,36.32216987976206,37.22705841064453,2192600,0.0,0.0
2022-11-07 00:00:00-05:00,37.47032257965263,37.72330529428721,36.61408309920731,37.67465591430664,2046400,0.0,0.0
2022-11-08 00:00:00-05:00,37.8692512512207,38.33629566489829,37.17842044487485,37.8692512512207,2991700,0.0,0.0
2022-11-09 00:00:00-05:00,37.557889855973606,39.13415636187243,37.2757219906347,37.53843307495117,2829100,0.0,0.0
2022-11-10 00:00:00-05:00,39.97093816871,43.02616494230146,39.922285082026164,42.59804153442383,4704600,0.0,0.0
2022-11-11 00:00:00-05:00,42.63695344755803,43.65860495149015,42.306132571724824,43.17210388183594,2785300,0.0,0.0
2022-11-14 00:00:00-05:00,43.0066999289076,43.152648038488195,41.34286698240945,41.36232376098633,2646000,0.0,0.0
2022-11-15 00:00:00-05:00,42.40343884143137,43.103997921027435,41.54719584224846,42.44235610961914,2415000,0.0,0.0
2022-11-16 00:00:00-05:00,42.16992120344078,42.607772995038246,41.897481738317616,42.52020263671875,2262400,0.0,0.0
2022-11-17 00:00:00-05:00,41.40124292999354,41.74179592753159,40.5936530328662,41.683414459228516,1918900,0.0,0.0
2022-11-18 00:00:00-05:00,42.38398018400751,42.47155053670685,41.050964402727665,41.693145751953125,1442300,0.0,0.0
2022-11-21 00:00:00-05:00,41.663960726049744,41.68342121863983,40.91474846402388,41.26502990722656,1599200,0.0,0.0
2022-11-22 00:00:00-05:00,41.94613227708493,42.568853192774284,41.8391014237553,42.54939270019531,1540500,0.0,0.0
2022-11-23 00:00:00-05:00,42.549381356031546,43.5807649174815,42.150450643795814,43.493194580078125,1806800,0.0,0.0
2022-11-25 00:00:00-05:00,43.074815052576575,43.37644712130211,43.00670518410782,43.31806564331055,988000,0.0,0.0
2022-11-28 00:00:00-05:00,42.83155260760364,43.19156234297348,42.442350285462766,42.6369514465332,1910500,0.0,0.0
2022-11-29 00:00:00-05:00,42.30614143866424,43.113735165173836,42.22830318129393,42.89967346191406,1924000,0.0,0.0
2022-11-30 00:00:00-05:00,42.66615242123238,43.639154790808576,41.64450067551927,43.571044921875,6002300,0.0,0.0
2022-12-01 00:00:00-05:00,44.135382743726915,44.88459492315729,43.60996063684706,43.931053161621094,2285500,0.0,0.0
2022-12-02 00:00:00-05:00,43.01643133038644,43.87267440437784,42.851022718937365,43.386173248291016,1467700,0.0,0.0
2022-12-05 00:00:00-05:00,42.50074123316872,42.9385930153756,42.27695114708726,42.529930114746094,1410400,0.0,0.0
2022-12-06 00:00:00-05:00,42.705072799475495,42.86075302792523,41.625039590732605,42.20884323120117,2177900,0.0,0.0
2022-12-07 00:00:00-05:00,42.51047252617938,43.648887237659984,42.3742527872368,43.395904541015625,1568400,0.0,0.0
2022-12-08 00:00:00-05:00,43.16238349379072,43.79483277454121,42.88994403203416,43.21103286743164,1468800,0.0,0.0
2022-12-09 00:00:00-05:00,42.646693912608434,43.269414810038434,42.44236060237538,42.73426055908203,1156300,0.0,0.0
2022-12-12 00:00:00-05:00,42.870474854028146,43.804556000828185,42.61749222361863,43.609954833984375,1944900,0.0,0.0
2022-12-13 00:00:00-05:00,46.051189771601685,46.490610267753944,44.371628641867446,44.713401794433594,2780200,0.16,0.0
2022-12-14 00:00:00-05:00,45.123518502905696,45.728943864548846,44.43997602282891,45.240699768066406,2773300,0.0,0.0
2022-12-15 00:00:00-05:00,44.068915712560404,46.25624730392874,43.844323862331066,45.94377136230469,4093600,0.0,0.0
2022-12-16 00:00:00-05:00,45.02587147615888,45.52387881891428,44.70362858231191,45.211402893066406,4336600,0.0,0.0
2022-12-19 00:00:00-05:00,44.80128186394374,45.113757805322024,43.94197116264995,44.02009201049805,2126600,0.0,0.0
2022-12-20 00:00:00-05:00,43.66855542340292,44.16656278838047,43.35607948361171,43.727142333984375,1616500,0.0,0.0
2022-12-21 00:00:00-05:00,44.449746008517884,44.99658077470606,44.273977823850515,44.68410110473633,1388400,0.0,0.0
2022-12-22 00:00:00-05:00,44.07867994136814,44.967284118663954,43.83455787370438,44.94775390625,1211800,0.0,0.0
2022-12-23 00:00:00-05:00,44.6352809395588,44.96728712276191,44.273981298281335,44.713401794433594,963800,0.0,0.0
2022-12-27 00:00:00-05:00,44.527859281444364,44.967279705111316,44.27397399499611,44.79151153564453,1092200,0.0,0.0
2022-12-28 00:00:00-05:00,44.859872392431164,44.947756490843936,43.746676295874344,43.83456039428711,1221700,0.0,0.0
2022-12-29 00:00:00-05:00,43.98103140175605,45.06493394854774,43.54161094697468,44.74269104003906,930500,0.0,0.0
2022-12-30 00:00:00-05:00,44.20562927887405,44.684106497654845,44.04939128753638,44.45951461791992,1320800,0.0,0.0
2023-01-03 00:00:00-05:00,45.309056482991465,45.39694057486608,44.45950901986784,45.1137580871582,1500600,0.0,0.0
2023-01-04 00:00:00-05:00,45.77776958590266,46.53942921863298,45.426233224640356,46.29530715942383,2442900,0.0,0.0
2023-01-05 00:00:00-05:00,45.68988359065582,46.80307953823638,45.50434844938783,46.549190521240234,2150800,0.0,0.0
2023-01-06 00:00:00-05:00,46.89096607390262,47.38897344093284,46.69566767947638,47.17414855957031,1952700,0.0,0.0
2023-01-09 00:00:00-05:00,47.408505863269895,47.94557367922724,46.959322142651544,46.998382568359375,1506800,0.0,0.0
2023-01-10 00:00:00-05:00,46.60778587859737,47.36944555678082,46.29530992216276,47.29132843017578,1292900,0.0,0.0
2023-01-11 00:00:00-05:00,47.847922119241474,48.74628948123209,47.70144739826145,48.658409118652344,1848100,0.0,0.0
2023-01-12 00:00:00-05:00,48.81464884699887,49.32241945473299,47.96510139462061,49.12712478637695,2071700,0.0,0.0
2023-01-13 00:00:00-05:00,48.19946871865825,49.73255523087992,48.11158461238406,49.54702377319336,2086000,0.0,0.0
2023-01-17 00:00:00-05:00,49.61536216714612,50.162193124268505,49.37124013985748,49.86924743652344,2638400,0.0,0.0
2023-01-18 00:00:00-05:00,50.09384178591589,51.05079973424255,49.6837185473502,49.771602630615234,2472600,0.0,0.0
2023-01-19 00:00:00-05:00,49.74230482820991,49.85948608776291,48.716993019664464,49.00017547607422,1973300,0.0,0.0
2023-01-20 00:00:00-05:00,49.23453677654801,49.55677969359352,48.316639143915545,49.51771926879883,1945100,0.0,0.0
2023-01-23 00:00:00-05:00,49.34194438050241,50.24031540372601,49.234530089409816,49.8594856262207,1528400,0.0,0.0
2023-01-24 00:00:00-05:00,50.43562347670056,50.777392900450664,49.60560616543879,50.40632629394531,1704400,0.0,0.0
2023-01-25 00:00:00-05:00,49.918077793830925,50.962919912798505,49.83996067162201,50.75785827636719,1662100,0.0,0.0
2023-01-26 00:00:00-05:00,51.04103599419645,51.58787069862777,50.17196213760513,51.1386833190918,1800800,0.0,0.0
2023-01-27 00:00:00-05:00,50.96292223956136,51.939410524301046,50.75786059376775,51.3828125,2225200,0.0,0.0
2023-01-30 00:00:00-05:00,50.93362510979783,51.77340557011194,50.709033267505646,50.76762390136719,2971900,0.0,0.0
2023-01-31 00:00:00-05:00,54.87863841326313,55.64029802875636,53.77520568760753,55.55241394042969,7896100,0.0,0.0
2023-02-01 00:00:00-05:00,55.45476801436537,57.27103673580894,54.75169528993379,57.06597137451172,5325100,0.0,0.0
2023-02-02 00:00:00-05:00,57.729980516446574,59.45836505276106,57.58350952354273,58.852943420410156,3653700,0.0,0.0
2023-02-03 00:00:00-05:00,57.35892026184284,58.37446518990723,56.89020263349685,57.41750717163086,2772700,0.0,0.0
2023-02-06 00:00:00-05:00,56.63632203717047,56.79256001792789,55.982076656813554,56.12854766845703,2527300,0.0,0.0
2023-02-07 00:00:00-05:00,55.640297656450194,56.958558972529424,55.36688215015534,56.70466995239258,2849400,0.0,0.0
2023-02-08 00:00:00-05:00,56.362902533592354,56.372665777011576,53.96073862669804,54.20486068725586,3785800,0.0,0.0
2023-02-09 00:00:00-05:00,54.88840249352091,55.29852948696929,54.04862202003768,54.263450622558594,2636100,0.0,0.0
2023-02-10 00:00:00-05:00,53.94121528924124,54.89817337549948,53.92168507625549,54.663814544677734,2657600,0.0,0.0
2023-02-13 00:00:00-05:00,54.66380883435248,56.069950497371956,54.35133290923704,56.04065704345703,2632400,0.0,0.0
2023-02-14 00:00:00-05:00,55.337585252508184,56.0699514123879,54.92746199097886,55.15205383300781,2125300,0.0,0.0
2023-02-15 00:00:00-05:00,54.64427769560385,55.737947139945376,54.4099226182498,55.405941009521484,1496800,0.0,0.0
2023-02-16 00:00:00-05:00,54.224384821520516,55.06416521171623,53.93143912668649,54.59545135498047,2438200,0.0,0.0
2023-02-17 00:00:00-05:00,54.07791293951127,54.15603005183471,52.290937898156514,53.0233039855957,3175300,0.0,0.0
2023-02-21 00:00:00-05:00,51.60740007854933,52.62294870445816,51.353514784575566,51.51951599121094,2617900,0.0,0.0
2023-02-22 00:00:00-05:00,52.14447868508588,52.55460199861669,51.587880631004126,51.87105941772461,2212200,0.0,0.0
2023-02-23 00:00:00-05:00,52.232362160955546,52.94519819144625,51.55858283247249,52.730369567871094,1901100,0.0,0.0
2023-02-24 00:00:00-05:00,51.52928698757036,52.447184629856295,51.40234246815611,52.32024383544922,2756800,0.0,0.0
2023-02-27 00:00:00-05:00,53.04284542349682,53.218613619690885,52.2421252963938,52.43742370605469,1609600,0.0,0.0
2023-02-28 00:00:00-05:00,52.339763384526094,53.65802462289976,52.339763384526094,53.384605407714844,3437300,0.0,0.0
2023-03-01 00:00:00-05:00,53.12096625520277,54.09745457809247,52.85731396102167,52.94519805908203,2327400,0.0,0.0
2023-03-02 00:00:00-05:00,52.41788891221125,53.14048812230486,52.14447339758199,53.003780364990234,2146300,0.0,0.0
2023-03-03 00:00:00-05:00,53.71661539766068,54.263450142417625,53.19907783253817,53.89238357543945,2133200,0.0,0.0
2023-03-06 00:00:00-05:00,53.59942877918654,54.116966256684414,53.16000840913819,53.50178146362305,2817700,0.0,0.0
2023-03-07 00:00:00-05:00,53.716619364476784,54.04862553313137,52.749898040310946,52.76942825317383,2893000,0.0,0.0
2023-03-08 00:00:00-05:00,53.14049129662971,53.501794648265836,52.496009170072156,53.46273422241211,2886800,0.0,0.0
2023-03-09 00:00:00-05:00,53.540848624891105,54.5271000463524,53.12095841005923,53.16001510620117,2944600,0.0,0.0
2023-03-10 00:00:00-05:00,53.4724927349072,53.872852751964324,51.177746931654134,52.212825775146484,3497000,0.0,0.0
2023-03-13 00:00:00-04:00,51.16798353411476,53.35531503167599,51.01174557000324,52.9354248046875,4165700,0.0,0.0
2023-03-14 00:00:00-04:00,53.59943869550519,54.36109832783115,53.1502550008005,53.726383209228516,3146000,0.0,0.0
2023-03-15 00:00:00-04:00,53.140494126841105,54.5075793044733,52.29095030681645,53.335792541503906,3351600,0.0,0.0
2023-03-16 00:00:00-04:00,53.35531906213762,54.86887515224078,52.65224630802222,54.644283294677734,3010400,0.0,0.0
2023-03-17 00:00:00-04:00,54.800964636246675,54.87930948231869,53.78250405143776,54.27214813232422,8678900,0.16,0.0
2023-03-20 00:00:00-04:00,54.419039956812384,54.918478984741164,54.01753198126556,54.2133903503418,2707900,0.0,0.0
2023-03-21 00:00:00-04:00,54.75200403935885,55.32978423656645,54.458218321523546,54.66386795043945,2826800,0.0,0.0
2023-03-22 00:00:00-04:00,55.36894989393328,55.98589870527006,54.76178858417507,54.771583557128906,3243300,0.0,0.0
2023-03-23 00:00:00-04:00,55.61377409085824,56.69098954523118,54.703035826328055,55.2220573425293,2749400,0.0,0.0
2023-03-24 00:00:00-04:00,55.04579261601224,55.760672602957925,54.11546801481039,55.486473083496094,2105700,0.0,0.0
2023-03-27 00:00:00-04:00,55.75087274812612,56.250308043631826,55.300401111287606,55.37874221801758,1953900,0.0,0.0
2023-03-28 00:00:00-04:00,55.55501907781175,56.37762131435225,55.535432865550305,56.08383560180664,1683300,0.0,0.0
2023-03-29 00:00:00-04:00,56.50492392921572,56.7497459534015,55.5843907274371,55.96631622314453,1711500,0.0,0.0
2023-03-30 00:00:00-04:00,56.13280522763228,56.142600202647536,55.457097643427836,55.60398864746094,1456500,0.0,0.0
2023-03-31 00:00:00-04:00,55.62356806062942,57.17084518327146,55.62356806062942,57.072914123535156,2728800,0.0,0.0
2023-04-03 00:00:00-04:00,56.82809294497207,57.924898416629176,56.82809294497207,57.77800369262695,1893900,0.0,0.0
2023-04-04 00:00:00-04:00,57.650694776489296,58.01303409696973,56.798715096041306,57.21001434326172,2290100,0.0,0.0
2023-04-05 00:00:00-04:00,56.9553942676854,57.63110169429263,56.85746695450321,57.4156608581543,1932000,0.0,0.0
2023-04-06 00:00:00-04:00,57.15125911342483,57.36670370969243,56.211143351746514,56.64202880859375,2150700,0.0,0.0
2023-04-10 00:00:00-04:00,56.41679091427825,57.65069233946774,56.07403782039552,57.12187957763672,2976600,0.0,0.0
2023-04-11 00:00:00-04:00,57.787796405860846,59.002115446300756,57.6702828650725,58.52226257324219,3059700,0.0,0.0
2023-04-12 00:00:00-04:00,58.904190861848946,59.149012929045846,58.34599684749508,58.512474060058594,2115300,0.0,0.0
2023-04-13 00:00:00-04:00,58.83563358393243,58.83563358393243,57.964063996323944,57.98365020751953,2584000,0.0,0.0
2023-04-14 00:00:00-04:00,58.22847762150042,58.96294379856987,58.12075531782013,58.89439392089844,2915700,0.0,0.0
2023-04-17 00:00:00-04:00,58.72791015643292,59.54071735907524,58.70832394561545,59.33506774902344,2125000,0.0,0.0
2023-04-18 00:00:00-04:00,59.85410038619172,61.42096392164102,59.73658683513176,61.29365539550781,3667500,0.0,0.0
2023-04-19 00:00:00-04:00,60.892138125751956,61.293646122175645,60.461252679930006,61.146751403808594,2063900,0.0,0.0
2023-04-20 00:00:00-04:00,62.39044752257667,63.154291088841234,61.420954340115934,61.509090423583984,3213600,0.0,0.0
2023-04-21 00:00:00-04:00,61.548265186388115,61.86163712838926,60.892143850225786,61.528682708740234,2301000,0.0,0.0
2023-04-24 00:00:00-04:00,61.058622316962044,62.69403193946545,61.058622316962044,62.537349700927734,4045500,0.0,0.0
2023-04-25 00:00:00-04:00,63.47746206690813,64.71136731503141,63.164090135632904,63.604766845703125,6770700,0.0,0.0
2023-04-26 00:00:00-04:00,63.36973812866902,64.06503184975057,63.07595615333405,63.2913932800293,4256500,0.0,0.0
2023-04-27 00:00:00-04:00,64.15318425538828,64.8974380493164,63.5166453102471,64.8974380493164,3958200,0.0,0.0
2023-04-28 00:00:00-04:00,65.0834898325562,65.80816097469003,64.9072176659425,65.75920104980469,3065800,0.0,0.0
2023-05-01 00:00:00-04:00,65.66127990774115,66.00402929969579,64.20213504125702,64.4175796508789,3758400,0.0,0.0
2023-05-02 00:00:00-04:00,64.40776062011719,64.56445026727363,63.35992288672266,64.40776062011719,3898400,0.0,0.0
2023-05-03 00:00:00-04:00,64.63302014451673,65.8179579506011,64.60364269441664,65.11286926269531,4048100,0.0,0.0
2023-05-04 00:00:00-04:00,65.17163350516172,65.61231021206544,64.45674982290835,64.995361328125,3393800,0.0,0.0
2023-05-05 00:00:00-04:00,65.36747722821418,65.82774380636467,64.6819785829102,65.63188171386719,2454600,0.0,0.0
2023-05-08 00:00:00-04:00,65.31851149694423,66.50345664038169,65.25975660338949,66.37614440917969,2101400,0.0,0.0
2023-05-09 00:00:00-04:00,66.55241866446713,67.30647468866677,66.23904676998002,66.32718658447266,3538200,0.0,0.0
2023-05-10 00:00:00-04:00,66.86579848549559,67.10082556637815,65.63189323595381,66.39574432373047,3006200,0.0,0.0
2023-05-11 00:00:00-04:00,66.54263701480926,66.84622146842925,66.09216529325019,66.70912170410156,1939100,0.0,0.0
2023-05-12 00:00:00-04:00,66.8266205457651,67.45336435731883,66.26842660511957,67.01268768310547,2560000,0.0,0.0
2023-05-15 00:00:00-04:00,66.84621639437825,67.2673106303858,66.42512215837071,67.13021087646484,2431100,0.0,0.0
2023-05-16 00:00:00-04:00,66.4349091211911,68.23680332738147,66.2194719891925,67.92343139648438,3037400,0.0,0.0
2023-05-17 00:00:00-04:00,67.80591458580524,68.40328100057849,67.49254265275832,68.06053161621094,2595100,0.0,0.0
2023-05-18 00:00:00-04:00,68.12908589002699,69.07899672470579,67.71778660224133,68.69707489013672,2702100,0.0,0.0
2023-05-19 00:00:00-04:00,68.80479497509918,68.90272230644744,67.2868951893834,67.74716186523438,2237400,0.0,0.0
2023-05-22 00:00:00-04:00,67.77652420156362,68.47181781185706,65.96484282585537,66.02359771728516,2771900,0.0,0.0
2023-05-23 00:00:00-04:00,65.04432109435562,65.05411606843782,63.810423329539375,64.3294448852539,4263800,0.0,0.0
2023-05-24 00:00:00-04:00,64.62322710019339,65.17163358014756,64.05524561475592,64.39799499511719,2388000,0.0,0.0
2023-05-25 00:00:00-04:00,65.15205266590566,65.71024672600075,64.8386806930694,65.14225769042969,2302300,0.0,0.0
2023-05-26 00:00:00-04:00,64.67218396310889,65.03452323267396,64.15316249006631,64.50570678710938,2493400,0.0,0.0
2023-05-30 00:00:00-04:00,64.89741678413672,65.39685578930245,64.52529000910884,65.30872344970703,2387700,0.0,0.0
2023-05-31 00:00:00-04:00,65.13245128342854,65.35768335436805,63.92792367629002,64.71135711669922,6403100,0.0,0.0
2023-06-01 00:00:00-04:00,64.77011953860782,65.98443478815621,64.67219221501738,65.90609741210938,2136500,0.0,0.0
2023-06-02 00:00:00-04:00,66.08236693506532,68.0017707917518,66.08236693506532,67.94300842285156,2472700,0.0,0.0
2023-06-05 00:00:00-04:00,67.81571577284494,68.33473738406157,67.05187208302598,67.98219299316406,1835700,0.0,0.0
2023-06-06 00:00:00-04:00,68.25638986374891,70.75357795665197,68.25638986374891,70.68502807617188,3192100,0.0,0.0
2023-06-07 00:00:00-04:00,70.7535857728048,71.38032974110976,69.97994705256454,70.0876693725586,3011600,0.0,0.0
2023-06-08 00:00:00-04:00,69.88200978233985,70.37165390499,69.66656517295357,69.73511505126953,2332300,0.0,0.0
2023-06-09 00:00:00-04:00,69.72533129689346,70.86130943050183,69.3727868741445,70.49897003173828,2454700,0.0,0.0
2023-06-12 00:00:00-04:00,70.66542752470394,71.91891500224973,70.01909384144612,71.39009857177734,2365300,0.0,0.0
2023-06-13 00:00:00-04:00,71.67411269336273,72.65340098824622,71.67411269336273,72.35961151123047,3233300,0.0,0.0
2023-06-14 00:00:00-04:00,72.42815814147077,72.98635214564005,71.33135261074497,71.73286437988281,2696600,0.0,0.0
2023-06-15 00:00:00-04:00,72.59463119168694,72.96676548739599,71.78182766823909,72.42815399169922,2476700,0.0,0.0
2023-06-16 00:00:00-04:00,72.21226082320604,73.41939278947615,71.63322413780139,72.14356231689453,5782900,0.16,0.0
2023-06-20 00:00:00-04:00,72.58517865972593,73.78250164060752,72.42815674567493,73.48807525634766,2272200,0.0,0.0
2023-06-21 00:00:00-04:00,72.91886782371239,74.51856566211224,72.72258105706624,74.34191131591797,2384800,0.0,0.0
2023-06-22 00:00:00-04:00,73.95914592226242,74.90129974124737,73.73341805999745,74.63632202148438,2392100,0.0,0.0
2023-06-23 00:00:00-04:00,74.44986674999076,75.09759435737016,74.25358747201506,74.85224151611328,4495300,0.0,0.0
2023-06-26 00:00:00-04:00,74.95038295105866,76.03975008252026,74.45967730580834,74.61669921875,2266400,0.0,0.0
2023-06-27 00:00:00-04:00,75.00926709401476,77.33521460575227,74.82279654816824,77.20762634277344,2253600,0.0,0.0
2023-06-28 00:00:00-04:00,76.84451182380582,77.67870997513461,76.13789445265574,76.2752914428711,3099700,0.0,0.0
2023-06-29 00:00:00-04:00,76.01030171995006,76.24584582154682,75.12703754547105,75.88272094726562,1835500,0.0,0.0
2023-06-30 00:00:00-04:00,76.32436164038495,76.6973027661768,75.55886194281719,76.23603820800781,2183600,0.0,0.0
2023-07-03 00:00:00-04:00,76.5598964369591,76.59915378686672,75.26443384030286,75.85327911376953,1389600,0.0,0.0
2023-07-05 00:00:00-04:00,76.65802684344938,76.90337963516761,75.35274819449087,75.68643188476562,2481900,0.0,0.0
2023-07-06 00:00:00-04:00,74.85224219051044,74.8718746110296,72.9483092167539,73.61566925048828,3177400,0.0,0.0
2023-07-07 00:00:00-04:00,73.50771127383724,74.44986526698746,73.43901277915674,73.63529205322266,2728500,0.0,0.0
2023-07-10 00:00:00-04:00,73.77268651361157,75.95142082389691,73.60584838761743,75.94160461425781,2127900,0.0,0.0
2023-07-11 00:00:00-04:00,76.05937586281918,76.98190488221125,76.02993472178736,76.7463607788086,2423800,0.0,0.0
2023-07-12 00:00:00-04:00,77.50205643101363,78.67974707001704,77.08986545611988,78.51290893554688,2332700,0.0,0.0
2023-07-13 00:00:00-04:00,78.99378888180327,79.5531929910175,78.51289946907579,78.85639190673828,2997400,0.0,0.0
2023-07-14 00:00:00-04:00,79.45507413373163,81.00570610059832,79.23916240574061,80.97626495361328,2401900,0.0,0.0
2023-07-17 00:00:00-04:00,80.4168490485498,80.89773851731744,79.71023167297115,80.18130493164062,2150700,0.0,0.0
2023-07-18 00:00:00-04:00,80.38740534139215,80.98605936194227,79.96539817152703,80.49535369873047,2203200,0.0,0.0
2023-07-19 00:00:00-04:00,80.07334515168024,80.66219792746605,79.56301456524982,80.43647003173828,2436800,0.0,0.0
2023-07-20 00:00:00-04:00,81.08419798087141,81.42769041158077,75.48034079321077,76.07899475097656,4334000,0.0,0.0
2023-07-21 00:00:00-04:00,76.05937577305144,77.33521345846772,75.78458180698,76.6384048461914,2258500,0.0,0.0
2023-07-24 00:00:00-04:00,76.57952292420458,77.12911085893113,76.01030257033835,77.07022857666016,2845400,0.0,0.0
2023-07-25 00:00:00-04:00,76.3930472218307,82.31096328040161,76.1771430388913,81.86932373046875,5395900,0.0,0.0
2023-07-26 00:00:00-04:00,82.74278754313113,83.41996376263987,81.68286898823288,82.73297882080078,4217400,0.0,0.0
2023-07-27 00:00:00-04:00,83.41996323587765,84.4111907779071,81.5847213491616,82.08524322509766,2978100,0.0,0.0
2023-07-28 00:00:00-04:00,83.25311760055922,83.5867938293838,82.43854447126596,83.24330139160156,2277600,0.0,0.0
2023-07-31 00:00:00-04:00,83.72420097819548,83.90085532303148,81.67305482364235,82.82130432128906,1909500,0.0,0.0
2023-08-01 00:00:00-04:00,82.52687330502951,83.59661552440916,82.27171175597394,83.04702758789062,1596300,0.0,0.0
2023-08-02 00:00:00-04:00,82.40910370234508,82.81147842053453,80.91735441216694,82.00672149658203,2231100,0.0,0.0
2023-08-03 00:00:00-04:00,81.54546524328201,81.55528145327465,78.98398851570649,79.93595123291016,2621500,0.0,0.0
2023-08-04 00:00:00-04:00,80.64256647701957,83.02739628736482,80.04390497199972,82.78204345703125,2732200,0.0,0.0
2023-08-07 00:00:00-04:00,82.78204090028736,84.16583441466548,82.64464391855003,84.03824615478516,1752700,0.0,0.0
2023-08-08 00:00:00-04:00,83.518113457526,84.5191573362807,82.82131222186253,84.41120147705078,1501700,0.0,0.0
2023-08-09 00:00:00-04:00,84.33267707442238,84.49951520585486,83.27275102607307,83.48866271972656,1499600,0.0,0.0
2023-08-10 00:00:00-04:00,83.97936905322989,84.55840564418722,80.53461311274397,81.41788482666016,1917500,0.0,0.0
2023-08-11 00:00:00-04:00,81.36881163128992,82.09505387137003,80.92717206919116,81.23140716552734,1716800,0.0,0.0
2023-08-14 00:00:00-04:00,81.07438014104429,82.51705580857298,80.69163037058647,82.47779846191406,1673200,0.0,0.0
2023-08-15 00:00:00-04:00,82.39930876081726,83.74384521329155,81.49641197652787,82.67410278320312,2268200,0.0,0.0
2023-08-16 00:00:00-04:00,82.63482826005759,83.15498253732991,80.7701527847407,81.02531433105469,2196100,0.0,0.0
2023-08-17 00:00:00-04:00,81.40806863606582,81.88896558949718,77.18800431590749,77.32540130615234,3032300,0.0,0.0
2023-08-18 00:00:00-04:00,76.68747187023362,78.23810338956244,76.33416323323279,77.82591247558594,2762800,0.0,0.0
2023-08-21 00:00:00-04:00,77.9240530466214,78.24792054906982,75.56866460051909,76.51081848144531,2409100,0.0,0.0
2023-08-22 00:00:00-04:00,76.51083156006844,78.26755885802397,76.51083156006844,77.36466217041016,2330200,0.0,0.0
2023-08-23 00:00:00-04:00,77.97312676903184,79.56301581091198,77.45297996484166,78.17922973632812,2492600,0.0,0.0
2023-08-24 00:00:00-04:00,78.13995665826003,79.01341196263067,76.8837441256407,76.91319274902344,2581800,0.0,0.0
2023-08-25 00:00:00-04:00,77.11929760299594,77.33520927539452,73.72361558614864,75.73550415039062,2898900,0.0,0.0
2023-08-28 00:00:00-04:00,75.97105488776107,76.64822361603579,75.48034922122105,76.32435607910156,2010400,0.0,0.0
2023-08-29 00:00:00-04:00,76.0593711225282,78.51289922325492,75.32331269231018,78.42457580566406,2420200,0.0,0.0
2023-08-30 00:00:00-04:00,78.45402733633631,80.42665879954869,77.98294658406833,79.59246063232422,2607200,0.0,0.0
2023-08-31 00:00:00-04:00,79.54338693562774,80.67200391326377,78.8858356899797,80.53460693359375,2823700,0.0,0.0
2023-09-01 00:00:00-04:00,80.72106822329835,81.60433976824113,80.18128908817415,81.09400177001953,2120500,0.0,0.0
2023-09-05 00:00:00-04:00,80.71126095078236,80.9958711183053,76.0004913355074,76.44212341308594,2897600,0.0,0.0
2023-09-06 00:00:00-04:00,76.67766851580352,77.96332251669564,76.402874527086,77.73759460449219,2055800,0.0,0.0
2023-09-07 00:00:00-04:00,77.63945140415764,79.95558275654695,77.2959589340097,79.47469329833984,2971200,0.0,0.0
2023-09-08 00:00:00-04:00,79.19007942814386,80.01446131814582,78.66011643275378,79.21952056884766,1697500,0.0,0.0
2023-09-11 00:00:00-04:00,79.5335773290765,81.62398082551796,79.39618033800002,80.18130493164062,2348900,0.0,0.0
2023-09-12 00:00:00-04:00,79.87705105920706,80.6523667483533,76.62858262357183,76.91319274902344,2298100,0.0,0.0
2023-09-13 00:00:00-04:00,76.95246216645239,77.73758669900607,74.97982339437301,75.52941131591797,2942600,0.0,0.0
2023-09-14 00:00:00-04:00,76.3537936816534,77.16835927991396,75.56866173354831,77.11929321289062,2480100,0.0,0.0
2023-09-15 00:00:00-04:00,75.634358466361,75.7228621064152,73.785535732587,75.00496673583984,5886900,0.16,0.0
2023-09-18 00:00:00-04:00,75.12297079193324,75.92936971346565,74.48375039615549,75.34915924072266,1876700,0.0,0.0
2023-09-19 00:00:00-04:00,75.26065169136523,76.2834028727409,74.55259260403966,75.86053466796875,2135400,0.0,0.0
2023-09-20 00:00:00-04:00,76.20471202692522,77.22746299428012,75.02461879689636,75.18196105957031,2485900,0.0,0.0
2023-09-21 00:00:00-04:00,73.87403648984856,74.02154253586832,71.5531796630281,72.67427062988281,2872800,0.0,0.0
2023-09-22 00:00:00-04:00,73.19547069653707,73.3233117567839,72.11371729402947,72.7136001586914,1600000,0.0,0.0
2023-09-25 00:00:00-04:00,72.32025035357582,73.49051515385399,72.18257302446682,72.70378112792969,1817600,0.0,0.0
2023-09-26 00:00:00-04:00,72.59560623677895,73.29382913271408,71.95638576778565,72.05472564697266,1852400,0.0,0.0
2023-09-27 00:00:00-04:00,72.88079576035683,73.09714799218848,71.58268987221871,71.98588562011719,1763400,0.0,0.0
2023-09-28 00:00:00-04:00,71.70069599471795,73.85436688155217,71.55318244012219,73.52983856201172,2267100,0.0,0.0
2023-09-29 00:00:00-04:00,73.97237716175465,74.43458278526064,72.24156700868461,72.82178497314453,1559000,0.0,0.0
2023-10-02 00:00:00-04:00,72.22189111470146,73.48065921644664,71.74984932512217,72.00553894042969,1939000,0.0,0.0
2023-10-03 00:00:00-04:00,71.27782822170568,71.65152272638805,68.81929397362168,69.55685424804688,2567500,0.0,0.0
2023-10-04 00:00:00-04:00,70.03872195681633,71.33682768588504,69.56668009949553,71.1598129272461,2393800,0.0,0.0
2023-10-05 00:00:00-04:00,70.78612410937382,71.64168925896686,70.33374718772407,70.67794799804688,2311300,0.0,0.0
2023-10-06 00:00:00-04:00,69.83221462741946,71.46467760094278,68.95697696333704,71.00247192382812,2387400,0.0,0.0
2023-10-09 00:00:00-04:00,70.34358710753877,71.96622135951681,69.82237899996713,71.90721893310547,1444700,0.0,0.0
2023-10-10 00:00:00-04:00,71.92688334061367,73.93304835415408,71.92688334061367,72.70378112792969,2037400,0.0,0.0
2023-10-11 00:00:00-04:00,73.96254055616883,75.42782481051223,73.3036552038699,74.33623504638672,1979900,0.0,0.0
2023-10-12 00:00:00-04:00,73.2544789826331,73.52983359776785,69.94037986109643,70.71727752685547,2107300,0.0,0.0
2023-10-13 00:00:00-04:00,71.01230104051139,72.2022306947799,70.71728143777305,71.68102264404297,1823000,0.0,0.0
2023-10-16 00:00:00-04:00,72.56609843034651,72.88079051686482,71.22865518693091,71.67118835449219,1692500,0.0,0.0
2023-10-17 00:00:00-04:00,71.12046347900788,73.19546654845524,70.82543643011175,72.2415542602539,2057100,0.0,0.0
2023-10-18 00:00:00-04:00,71.36634094419973,71.93672276309701,70.5894431224987,70.60911560058594,1751100,0.0,0.0
2023-10-19 00:00:00-04:00,70.84512055608047,71.11063894148701,68.59310238739245,68.966796875,2991600,0.0,0.0
2023-10-20 00:00:00-04:00,69.143823082579,69.96005835149415,68.06206938428949,68.4947738647461,2673000,0.0,0.0
2023-10-23 00:00:00-04:00,68.41609189955706,70.14690213994747,68.18990344369674,69.39950561523438,3260400,0.0,0.0
2023-10-24 00:00:00-04:00,68.11123546773365,71.11064277325876,67.65886606272218,70.46159362792969,4691600,0.0,0.0
2023-10-25 00:00:00-04:00,70.61893877615212,70.64843998810798,69.04547828141114,69.842041015625,2521400,0.0,0.0
2023-10-26 00:00:00-04:00,70.64843749198256,72.35958275347907,70.29441545816906,71.14014434814453,2378100,0.0,0.0
2023-10-27 00:00:00-04:00,71.75969920711769,71.75969920711769,70.51075960099234,70.72711181640625,2096300,0.0,0.0
2023-10-30 00:00:00-04:00,71.39583305934957,71.9170411194548,70.01905237993792,71.03197479248047,1862900,0.0,0.0
2023-10-31 00:00:00-04:00,71.52367126841163,72.70376453511969,71.24830917018642,72.36940002441406,2400100,0.0,0.0
2023-11-01 00:00:00-04:00,72.3399165633233,76.15556690051058,71.87771087791334,75.94905090332031,3653700,0.0,0.0
2023-11-02 00:00:00-04:00,77.99454974686135,80.19740216456258,77.86670864787288,78.84028625488281,3721200,0.0,0.0
2023-11-03 00:00:00-04:00,81.3086400633969,82.85259917823636,81.21030019995725,81.98719787597656,3094200,0.0,0.0
2023-11-06 00:00:00-05:00,81.14147880337173,81.75119058808848,80.20723114486188,80.50225830078125,2345300,0.0,0.0
2023-11-07 00:00:00-05:00,80.64976099127993,81.93803055898759,80.30556769107383,80.66942596435547,1949800,0.0,0.0
2023-11-08 00:00:00-05:00,80.88578470314381,81.25947924451465,79.92203588202176,80.33507537841797,1618600,0.0,0.0
2023-11-09 00:00:00-05:00,80.3448909624446,81.0332850085186,79.263137464729,79.56800079345703,1770200,0.0,0.0
2023-11-10 00:00:00-05:00,80.15805539930035,81.27914645359675,79.26314530177618,81.00379180908203,2055900,0.0,0.0
2023-11-13 00:00:00-05:00,80.26622830363368,81.1709671002834,79.65650911309963,80.67926025390625,1935800,0.0,0.0
2023-11-14 00:00:00-05:00,83.97368674396536,87.27795704177495,83.89501185524362,86.39288330078125,3182400,0.0,0.0
2023-11-15 00:00:00-05:00,86.05852670090573,87.33695988609003,85.49798124599675,85.59632110595703,1833000,0.0,0.0
2023-11-16 00:00:00-05:00,86.08803420439887,86.61907849044113,85.40947636620305,85.5274887084961,2212100,0.0,0.0
2023-11-17 00:00:00-05:00,85.98970512065773,86.98294765715588,85.85202778880944,86.83544158935547,2079600,0.0,0.0
2023-11-20 00:00:00-05:00,86.53057089645323,87.06161520421117,85.82251181944264,86.79609680175781,1407600,0.0,0.0
2023-11-21 00:00:00-05:00,86.24538936990174,87.01245845507299,85.81269238924982,85.84219360351562,1576100,0.0,0.0
2023-11-22 00:00:00-05:00,86.93378425734109,87.68118087052821,86.01920909338315,86.48141479492188,1498700,0.0,0.0
2023-11-24 00:00:00-05:00,85.79301176036552,86.70758682997617,85.79301176036552,86.63874816894531,613300,0.0,0.0
2023-11-27 00:00:00-05:00,86.62891156490548,86.86493626131539,86.0880385170482,86.451904296875,1563600,0.0,0.0
2023-11-28 00:00:00-05:00,86.43223415831577,86.99277969745954,85.91102606963754,86.13720703125,1482900,0.0,0.0
2023-11-29 00:00:00-05:00,87.04195407280314,87.38614738852705,86.43223484005537,86.55024719238281,1263600,0.0,0.0
2023-11-30 00:00:00-05:00,86.21588509271959,87.06162155160322,85.15379639977012,86.95344543457031,2742900,0.0,0.0
2023-12-01 00:00:00-05:00,87.04193702831333,89.89383787686431,87.04193702831333,89.51029968261719,2474700,0.0,0.0
2023-12-04 00:00:00-05:00,88.73340956619253,89.92333908345637,88.32037016535335,89.51029968261719,1831800,0.0,0.0
2023-12-05 00:00:00-05:00,89.45131712709843,90.08070135028237,88.99894768561322,89.41197967529297,1581900,0.0,0.0
2023-12-06 00:00:00-05:00,90.474067938579,92.22454326997784,90.474067938579,90.92643737792969,2144200,0.0,0.0
2023-12-07 00:00:00-05:00,91.2312780953886,92.92275071982039,90.95592348263934,92.89324951171875,2142500,0.0,0.0
2023-12-08 00:00:00-05:00,92.43104328154459,95.017425882662,92.43104328154459,94.71256256103516,2226900,0.0,0.0
2023-12-11 00:00:00-05:00,94.27988676044596,94.95843720248274,93.79800858078615,94.45690155029297,1774200,0.0,0.0
2023-12-12 00:00:00-05:00,94.71256498856391,95.01742831800455,94.21102943569338,94.39787292480469,1608000,0.0,0.0
2023-12-13 00:00:00-05:00,95.17478415038957,97.23995158179666,93.77833838754637,96.33521270751953,3163500,0.0,0.0
2023-12-14 00:00:00-05:00,98.03650735903672,103.34693496869197,98.03650735903672,103.14041900634766,4060700,0.0,0.0
2023-12-15 00:00:00-05:00,101.89149564223816,103.38628118823635,100.46554875619677,100.79006958007812,6866200,0.0,0.0
2023-12-18 00:00:00-05:00,100.7802188917652,100.79992983213913,98.9277889252356,100.50432586669922,2324600,0.2,0.0
2023-12-19 00:00:00-05:00,100.81963065421414,102.68191604289055,100.20871931624077,101.4305419921875,2348100,0.0,0.0
2023-12-20 00:00:00-05:00,101.29259626118277,102.68191683153087,100.48462062347483,100.5831527709961,1672300,0.0,0.0
2023-12-21 00:00:00-05:00,102.32718493475004,102.60307792744715,100.09047458608111,100.92800903320312,1259400,0.0,0.0
2023-12-22 00:00:00-05:00,101.51920937719981,101.54876826677162,100.48461065458565,100.92800903320312,1410200,0.0,0.0
2023-12-26 00:00:00-05:00,101.24332769964883,102.11042113325064,100.90831689036668,101.66702270507812,1111800,0.0,0.0
2023-12-27 00:00:00-05:00,101.84437962279105,102.76074285392815,101.44038805580165,102.40602111816406,1177900,0.0,0.0
2023-12-28 00:00:00-05:00,101.77540884986907,102.68191663334865,101.52907472278085,101.97247314453125,880700,0.0,0.0
2023-12-29 00:00:00-05:00,101.67687726461592,102.32719545461292,101.21376790032662,101.70643615722656,1227800,0.0,0.0
2024-01-02 00:00:00-05:00,100.33681372186729,101.05610512925985,99.22337870868063,100.06092071533203,2533700,0.0,0.0
2024-01-03 00:00:00-05:00,98.53364815817747,99.82443654344294,97.57787056823982,98.99675750732422,2018700,0.0,0.0
2024-01-04 00:00:00-05:00,98.4351196355278,99.99195313791701,98.21834439880006,98.83910369873047,1984900,0.0,0.0
2024-01-05 00:00:00-05:00,98.39571066547344,100.82949320072487,98.39571066547344,99.99195861816406,1601900,0.0,0.0
2024-01-08 00:00:00-05:00,100.82948884236212,102.24836833256782,100.74080464561862,102.2089614868164,1538100,0.0,0.0
2024-01-09 00:00:00-05:00,101.04626227364714,102.05130220779039,100.8196315682653,101.79511260986328,1289000,0.0,0.0
2024-01-10 00:00:00-05:00,103.1745909332632,104.55406362929457,102.997230050666,103.6672592163086,1421500,0.0,0.0
2024-01-11 00:00:00-05:00,102.4158805902319,104.32742833263903,101.93306028142213,104.268310546875,1341400,0.0,0.0
2024-01-12 00:00:00-05:00,104.58360260202768,104.8299366966278,102.4848388223418,103.37164306640625,1113800,0.0,0.0
2024-01-16 00:00:00-05:00,102.55382446856215,103.25341247971573,101.79511115564173,102.5932388305664,1620400,0.0,0.0
2024-01-17 00:00:00-05:00,101.67687455607377,102.45529128334216,100.95757561245182,102.2286605834961,1705300,0.0,0.0
2024-01-18 00:00:00-05:00,103.6573920558814,104.2485999428801,101.45024050165338,102.70162200927734,1439300,0.0,0.0
2024-01-19 00:00:00-05:00,103.12532779941715,104.66245042474831,101.97247831289742,104.5146484375,1543500,0.0,0.0
2024-01-22 00:00:00-05:00,105.32261389242286,107.65786401523664,104.82009019156003,107.63815307617188,2386900,0.0,0.0
2024-01-23 00:00:00-05:00,104.7215583515075,106.52472588759416,100.93786993236233,102.08085632324219,3189200,0.0,0.0
2024-01-24 00:00:00-05:00,103.01693632359625,103.61799220307655,100.14960343779474,100.85904693603516,2313500,0.0,0.0
2024-01-25 00:00:00-05:00,101.61773669235023,103.60812036095403,101.40096900660436,103.58840942382812,2157500,0.0,0.0
2024-01-26 00:00:00-05:00,103.37164775812965,104.78067162637448,103.00707057526724,103.57856750488281,1891800,0.0,0.0
2024-01-29 00:00:00-05:00,103.5194471601092,105.036866226415,103.04648986419505,104.5047836303711,2840400,0.0,0.0
2024-01-30 00:00:00-05:00,106.22912090795755,109.12601249399154,103.65739215658463,104.00226593017578,3473100,0.0,0.0
2024-01-31 00:00:00-05:00,103.58842066351505,106.15030150642478,102.76074163489797,103.02677917480469,2255500,0.0,0.0
2024-02-01 00:00:00-05:00,104.21903315976633,105.44085577215108,102.9085413926835,105.16496276855469,1563700,0.0,0.0
2024-02-02 00:00:00-05:00,103.26325776413024,105.59850022175685,101.81481205280632,104.41609954833984,1641300,0.0,0.0
2024-02-05 00:00:00-05:00,103.36179277862048,103.49973927710938,101.74584163844736,102.81985473632812,1893500,0.0,0.0
2024-02-06 00:00:00-05:00,103.00708561426717,103.00708561426717,100.05107591332501,101.06597137451172,2195200,0.0,0.0
2024-02-07 00:00:00-05:00,101.81482674104466,102.75089344941406,101.2728886356595,101.49951934814453,1765500,0.0,0.0
2024-02-08 00:00:00-05:00,101.76556066263743,102.57353635660796,100.70139535325531,101.74585723876953,1430900,0.0,0.0
2024-02-09 00:00:00-05:00,101.50936707335266,102.40602693343016,100.65212909451067,101.58819580078125,1695500,0.0,0.0
2024-02-12 00:00:00-05:00,101.88379740738279,104.78068165675865,101.64731874810172,104.13036346435547,1516800,0.0,0.0
2024-02-13 00:00:00-05:00,99.82444125670008,101.73599652683033,98.77013147232869,100.50432586669922,2120500,0.0,0.0
2024-02-14 00:00:00-05:00,101.95276405480942,102.97751486863594,100.72109348783341,102.2976303100586,1390600,0.0,0.0
2024-02-15 00:00:00-05:00,102.87897902194182,103.39135065164345,101.65715645088665,102.94795227050781,1336900,0.0,0.0
2024-02-16 00:00:00-05:00,101.54877173527997,101.88379003608382,99.80472953329202,99.9623794555664,1528000,0.0,0.0
2024-02-20 00:00:00-05:00,99.02631252573458,101.73598774410046,98.7701229456379,101.52906799316406,1704500,0.0,0.0
2024-02-21 00:00:00-05:00,103.08590717719004,104.3175778002889,101.08566777055992,102.10057067871094,1264800,0.0,0.0
2024-02-22 00:00:00-05:00,103.09575732766174,104.56391415431317,102.69177326378285,103.14502716064453,1462400,0.0,0.0
2024-02-23 00:00:00-05:00,103.57856462962468,105.26348896428856,103.57856462962468,104.18946838378906,1013300,0.0,0.0
2024-02-26 00:00:00-05:00,104.38654864182217,105.61821923645375,104.1697734143637,104.64273071289062,1527400,0.0,0.0
2024-02-27 00:00:00-05:00,105.25364594014098,106.32766664762785,104.51464355593737,105.29306030273438,1653200,0.0,0.0
2024-02-28 00:00:00-05:00,104.93833513034738,105.7266073214334,104.24860260128767,104.8693618774414,1226700,0.0,0.0
2024-02-29 00:00:00-05:00,105.70690279402659,107.13564528734508,105.3817399316657,106.790771484375,2580300,0.0,0.0
2024-03-01 00:00:00-05:00,106.79077279239343,109.77634885947397,106.4656174435711,109.57927703857422,1836800,0.0,0.0
2024-03-04 00:00:00-05:00,110.58431716862123,111.76671794520993,109.16543022269813,109.40190887451172,2510000,0.0,0.0
2024-03-05 00:00:00-05:00,109.01762251713575,111.41199035379142,108.1800880512729,108.83040618896484,2096300,0.0,0.0
2024-03-06 00:00:00-05:00,109.81574852599059,110.02267580378602,108.65305117002785,109.80590057373047,2046500,0.0,0.0
2024-03-07 00:00:00-05:00,110.84050589342121,113.03780969749708,110.84050589342121,112.13130187988281,1864200,0.0,0.0
2024-03-08 00:00:00-05:00,112.68307547488997,113.510754473106,110.24929327403218,111.0277099609375,1284900,0.0,0.0
2024-03-11 00:00:00-04:00,110.57446203654716,110.69269760405464,107.51006495329784,109.22454833984375,1464400,0.0,0.0
2024-03-12 00:00:00-04:00,108.99793116250623,111.2839116430238,108.13083019289945,110.51535034179688,1528400,0.0,0.0
2024-03-13 00:00:00-04:00,110.89962771596583,113.11663487363046,110.44636630386924,112.60425567626953,1988300,0.0,0.0
2024-03-14 00:00:00-04:00,112.88062741158623,113.15700409672809,107.80711960376826,108.30065155029297,2828700,0.2,0.0
2024-03-15 00:00:00-04:00,107.19515045055185,110.00828138526411,107.18527770181228,109.46540069580078,4465500,0.0,0.0
2024-03-18 00:00:00-04:00,109.87008689937777,110.29452470310292,107.60970952890662,108.75470733642578,1596400,0.0,0.0
2024-03-19 00:00:00-04:00,108.14271398324559,110.16619790649469,107.71827622264355,109.96878814697266,1635300,0.0,0.0
2024-03-20 00:00:00-04:00,110.10699552417573,113.10766354741588,109.42591893386549,112.51542663574219,1512700,0.0,0.0
2024-03-21 00:00:00-04:00,113.79861117782167,115.65428881472131,113.76900046228775,114.55864715576172,1625600,0.0,0.0
2024-03-22 00:00:00-04:00,114.83501062527215,115.89117622879265,113.99600781557918,114.94358825683594,1645600,0.0,0.0
2024-03-25 00:00:00-04:00,114.3020133105448,115.76286380182766,114.15395220557272,114.19343566894531,1107300,0.0,0.0
2024-03-26 00:00:00-04:00,114.38098533469439,115.31870074924453,114.21318624486065,114.48956298828125,1360900,0.0,0.0
2024-03-27 00:00:00-04:00,115.49635735468887,116.73018731843229,114.81528080487837,116.4834213256836,1407500,0.0,0.0
2024-03-28 00:00:00-04:00,116.65122330604684,119.32616583054909,116.56238363047484,119.05966186523438,1624200,0.0,0.0
2024-04-01 00:00:00-04:00,118.93133675318684,119.51370841691816,116.33536119876895,116.89798736572266,1246300,0.0,0.0
2024-04-02 00:00:00-04:00,114.3316211123289,114.53890364172818,110.90650794170662,112.72270202636719,2025400,0.0,0.0
2024-04-03 00:00:00-04:00,112.22916774144427,114.24277909664632,112.04163071242418,114.12433624267578,1461000,0.0,0.0
2024-04-04 00:00:00-04:00,115.5753209997929,116.22678685934596,111.78499882650472,112.36736297607422,1778800,0.0,0.0
2024-04-05 00:00:00-04:00,112.62400041855253,115.13114387165571,112.396979916703,114.84489440917969,1298900,0.0,0.0
2024-04-08 00:00:00-04:00,115.06205584209556,115.47662093513217,113.52223833613037,113.56172180175781,1679800,0.0,0.0
2024-04-09 00:00:00-04:00,114.38095991370841,114.50928303799228,111.30132542209245,113.89730072021484,1307100,0.0,0.0
2024-04-10 00:00:00-04:00,109.5542303788577,110.41297876307043,107.68868003617195,107.98480224609375,2239000,0.0,0.0
2024-04-11 00:00:00-04:00,108.00453830739156,110.12672735919729,108.00453830739156,109.1495361328125,1175400,0.0,0.0
2024-04-12 00:00:00-04:00,108.47832942961412,109.47526612604194,107.86634707058609,109.45552062988281,1535400,0.0,0.0
2024-04-15 00:00:00-04:00,109.47526876161592,110.09711635299395,107.0174740489541,107.3826904296875,1839600,0.0,0.0
2024-04-16 00:00:00-04:00,105.9810658885216,106.2376971100432,103.9871923631566,105.4776611328125,1576900,0.0,0.0
2024-04-17 00:00:00-04:00,106.6621206792248,106.79044380353281,104.5991607805782,104.7768325805664,1285000,0.0,0.0
2024-04-18 00:00:00-04:00,108.08350169339295,108.24143553891393,104.5498109722135,104.58929443359375,1905500,0.0,0.0
2024-04-19 00:00:00-04:00,104.87553125529844,106.59302019973057,103.24687444025277,104.0661392211914,2319200,0.0,0.0
2024-04-22 00:00:00-04:00,104.94463574135283,106.43510437011719,103.82925622208022,106.43510437011719,2698900,0.0,0.0
2024-04-23 00:00:00-04:00,105.67506166159457,111.78498978225441,104.45110450016857,111.30133056640625,3514500,0.0,0.0
2024-04-24 00:00:00-04:00,111.93304487808489,113.13726400992606,109.75163461905281,110.80779266357422,2045200,0.0,0.0
2024-04-25 00:00:00-04:00,108.57703365908527,110.19581792209198,105.72441946813441,109.91944122314453,1889800,0.0,0.0
2024-04-26 00:00:00-04:00,110.84729245876308,113.226112831009,110.57090820737318,112.32788848876953,1747100,0.0,0.0
2024-04-29 00:00:00-04:00,113.00894690299243,113.79860105693788,112.18968956684668,113.07804107666016,1238900,0.0,0.0
2024-04-30 00:00:00-04:00,111.8047350924755,112.85102804517273,109.63319732173143,109.97866821289062,1547700,0.0,0.0
2024-05-01 00:00:00-04:00,110.13659614307137,113.39390262400435,109.01134385484177,110.37348937988281,1416300,0.0,0.0
2024-05-02 00:00:00-04:00,111.4494003691912,112.43646437374753,109.56410450575227,112.37723541259766,1679100,0.0,0.0
2024-05-03 00:00:00-04:00,116.09846767346315,119.17810246172779,115.08178545147268,115.13114166259766,1875000,0.0,0.0
2024-05-06 00:00:00-04:00,116.60185346192581,117.20396303132937,115.44699052941071,116.12806701660156,1653700,0.0,0.0
2024-05-07 00:00:00-04:00,116.25639873063433,117.21385203214588,115.40752307346125,115.4371337890625,1887300,0.0,0.0
2024-05-08 00:00:00-04:00,114.30200989421931,115.20023418432216,113.5913226361553,114.2921371459961,1293400,0.0,0.0
2024-05-09 00:00:00-04:00,114.62774025849544,116.12808176418963,114.52903536407625,115.47661590576172,1277900,0.0,0.0
2024-05-10 00:00:00-04:00,115.70364341872538,116.55251906216317,115.34829977585835,116.1576919555664,1614500,0.0,0.0
2024-05-13 00:00:00-04:00,117.02629610981249,117.02629610981249,114.77579157396227,114.87449645996094,1254400,0.0,0.0
2024-05-14 00:00:00-04:00,115.5160963827795,115.78260787459092,114.34148783667102,114.67709350585938,1351900,0.0,0.0
2024-05-15 00:00:00-04:00,117.01643628251543,120.76727483813055,116.91772386126995,120.49089813232422,2897700,0.0,0.0
2024-05-16 00:00:00-04:00,120.0862150154408,121.1325004905807,116.87825687757882,117.1250228881836,1872900,0.0,0.0
2024-05-17 00:00:00-04:00,117.52970123291016,117.92452830899772,116.3254820396581,117.52970123291016,1319800,0.0,0.0
2024-05-20 00:00:00-04:00,117.49022095512576,118.72405089463722,117.49022095512576,117.65802001953125,1541100,0.0,0.0
2024-05-21 00:00:00-04:00,117.41125239907338,117.8554356895415,115.85169710054812,116.37483978271484,1084800,0.0,0.0
2024-05-22 00:00:00-04:00,115.17062397819276,115.83195502875718,111.64680591700422,112.72270202636719,2004000,0.0,0.0
2024-05-23 00:00:00-04:00,113.43338536844105,113.7196348126836,110.83740993580727,111.28158569335938,1378200,0.0,0.0
2024-05-24 00:00:00-04:00,112.49567822588385,113.30507035386701,112.15020735370206,112.8214111328125,812900,0.0,0.0
2024-05-28 00:00:00-04:00,113.05830144294868,113.53208790376301,111.00520669755316,111.79486083984375,1335800,0.0,0.0
2024-05-29 00:00:00-04:00,110.63999942373411,111.81460798589822,110.05763528226828,111.08418273925781,1511700,0.0,0.0
2024-05-30 00:00:00-04:00,112.11072730369558,114.37110469431916,111.83435059754082,114.27239227294922,1343400,0.0,0.0
2024-05-31 00:00:00-04:00,115.02254867570157,115.90103489546948,113.76898090581128,115.80233001708984,3452400,0.0,0.0
2024-06-03 00:00:00-04:00,116.26625985124505,116.26625985124505,113.7986000552615,113.99600982666016,1481400,0.0,0.0
2024-06-04 00:00:00-04:00,113.22610545111706,113.81834231837846,110.70909688258111,111.42964935302734,1364100,0.0,0.0
2024-06-05 00:00:00-04:00,111.9429349361242,114.19343971316042,110.9459981600859,114.07498931884766,1333800,0.0,0.0
2024-06-06 00:00:00-04:00,114.0947104135745,114.37109462609929,112.35748340476022,113.00894165039062,1477400,0.0,0.0
2024-06-07 00:00:00-04:00,109.44564873725031,110.58077379286321,107.43203736319707,110.09711456298828,1628000,0.0,0.0
2024-06-10 00:00:00-04:00,109.28772040821218,112.07124041183701,108.85340986571605,111.93305206298828,1828300,0.0,0.0
2024-06-11 00:00:00-04:00,111.10391351954075,111.46912988458948,109.16926912097216,109.51473999023438,1247000,0.0,0.0
2024-06-12 00:00:00-04:00,115.1114013637127,116.57225180271959,113.34455597719327,113.8676986694336,2509800,0.0,0.0
2024-06-13 00:00:00-04:00,113.88743291382622,114.42044833681544,112.21930000206194,113.97627258300781,908200,0.0,0.0
2024-06-14 00:00:00-04:00,112.56477180517636,113.0583037715982,110.98547101876652,112.61412048339844,1458800,0.0,0.0
2024-06-17 00:00:00-04:00,112.27851925400114,112.99907921854579,111.43951644044091,112.92998504638672,1324600,0.0,0.0
2024-06-18 00:00:00-04:00,111.95108405796356,112.46525282028593,109.52853799316763,109.89439392089844,1916700,0.2,0.0
2024-06-20 00:00:00-04:00,109.68674043503037,111.01171862031613,108.10467411532825,109.44943237304688,2068300,0.0,0.0
2024-06-21 00:00:00-04:00,109.7361885290348,110.31957244873047,107.56084063037032,110.31957244873047,3713700,0.0,0.0
2024-06-24 00:00:00-04:00,110.31957688773615,112.55425000879282,110.12182140894016,111.4171371459961,1522000,0.0,0.0
2024-06-25 00:00:00-04:00,111.14026759326948,111.14026759326948,107.87724964618764,108.80671691894531,1495500,0.0,0.0
2024-06-26 00:00:00-04:00,108.13433545689973,109.1725704751501,107.77836959600745,108.81660461425781,1224200,0.0,0.0
2024-06-27 00:00:00-04:00,108.72761162465326,109.14290262298321,107.98601732311234,108.51996612548828,1204000,0.0,0.0
2024-06-28 00:00:00-04:00,108.87593312723227,110.27012650582256,107.8179255477746,108.86604309082031,3680600,0.0,0.0
2024-07-01 00:00:00-04:00,109.25167131846621,109.74606752369182,104.7625528697512,105.03942108154297,2152300,0.0,0.0
2024-07-02 00:00:00-04:00,101.91484095289013,103.9418685612285,101.59842765998681,103.34858703613281,2588500,0.0,0.0
2024-07-03 00:00:00-04:00,103.10138328795733,105.45471409787426,102.7157548440258,103.88253021240234,1180700,0.0,0.0
2024-07-05 00:00:00-04:00,103.62545277019245,104.20883670021463,102.08293140357286,102.78497314453125,1853300,0.0,0.0
2024-07-08 00:00:00-04:00,103.79354865071471,104.67357336133996,102.854191260978,104.0802993774414,1543400,0.0,0.0
2024-07-09 00:00:00-04:00,103.60567839279246,105.30640272361377,103.08161956748108,103.52657318115234,1445400,0.0,0.0
2024-07-10 00:00:00-04:00,104.18906259426328,106.10731480677725,103.91219437293366,105.94911193847656,1439600,0.0,0.0
2024-07-11 00:00:00-04:00,109.73619312825146,113.65181045729203,109.17258171446277,112.56413269042969,2624500,0.0,0.0
2024-07-12 00:00:00-04:00,113.69136153252786,116.23255787895437,113.69136153252786,115.02622985839844,2337200,0.0,0.0
2024-07-15 00:00:00-04:00,115.54039697285214,116.94448044981513,114.59115712037486,114.9372329711914,2146300,0.0,0.0
2024-07-16 00:00:00-04:00,117.01368865928029,123.40129418357829,116.62806022789745,123.16397857666016,2862100,0.0,0.0
2024-07-17 00:00:00-04:00,121.95765093183728,122.90689827396702,120.23715426901585,120.3558120727539,2643500,0.0,0.0
2024-07-18 00:00:00-04:00,122.27407575405518,128.3947033217722,122.05654021200763,123.40129852294922,3257700,0.0,0.0
2024-07-19 00:00:00-04:00,123.2035449487978,124.89437923167291,122.1949799102697,123.36175537109375,2098800,0.0,0.0
2024-07-22 00:00:00-04:00,122.88712942771755,124.26155038505532,121.42372076736231,124.23188781738281,2564600,0.0,0.0
2024-07-23 00:00:00-04:00,119.35714103862816,125.53709412577372,118.65509927319498,124.26155090332031,3585300,0.0,0.0
2024-07-24 00:00:00-04:00,123.9154706664555,124.46919202947971,121.04797102643144,121.1864013671875,2765700,0.0,0.0
2024-07-25 00:00:00-04:00,121.79945052758558,125.62607990659308,120.68211780942511,123.59905242919922,2618100,0.0,0.0
2024-07-26 00:00:00-04:00,126.84230028170461,129.4625943630981,126.19958365001094,128.53314208984375,2541400,0.0,0.0
2024-07-29 00:00:00-04:00,129.0374316764232,132.0136919103102,128.13762680765132,131.42042541503906,2915700,0.0,0.0
2024-07-30 00:00:00-04:00,131.65770010635265,133.1310061924823,130.39204705981794,131.68736267089844,2031200,0.0,0.0
2024-07-31 00:00:00-04:00,132.65639461227693,134.100023095496,129.33405147946905,130.52059936523438,1866700,0.0,0.0
2024-08-01 00:00:00-04:00,131.45006915000158,132.03345306748085,126.59509465731261,127.83108520507812,2417700,0.0,0.0
2024-08-02 00:00:00-04:00,124.87460481795621,127.63333677806801,122.74869944971006,126.2391357421875,1964000,0.0,0.0
2024-08-05 00:00:00-04:00,117.74540194493797,123.95501707016375,117.12245789880608,121.97743225097656,2255000,0.0,0.0
2024-08-06 00:00:00-04:00,120.74144936165355,125.72496432589183,119.53512133876929,122.26419067382812,2052000,0.0,0.0
2024-08-07 00:00:00-04:00,124.01434841885428,125.59641484475237,118.56610740041423,118.63532257080078,2348400,0.0,0.0
2024-08-08 00:00:00-04:00,120.03940096990347,121.56214219782345,118.8133004847307,120.76121520996094,1261600,0.0,0.0
2024-08-09 00:00:00-04:00,121.39404487028344,123.28264205689585,120.4448050305633,121.64124298095703,1564100,0.0,0.0
2024-08-12 00:00:00-04:00,121.64124195602922,121.96754526990203,119.39668644933569,120.59312438964844,1294500,0.0,0.0
2024-08-13 00:00:00-04:00,121.51270757962259,123.33208967037471,120.95898620342705,122.19497680664062,1350000,0.0,0.0
2024-08-14 00:00:00-04:00,122.73879280209582,123.58915483431369,119.96028868745775,120.5041275024414,1683600,0.0,0.0
2024-08-15 00:00:00-04:00,121.621474292732,122.01699279107945,119.14949310792038,121.1468505859375,1644000,0.0,0.0
2024-08-16 00:00:00-04:00,120.64256296447549,122.93656103315745,120.35581226290432,121.21605682373047,1439800,0.0,0.0
2024-08-19 00:00:00-04:00,122.27407737703992,123.80670114054848,121.06774938704613,123.77703857421875,1430000,0.0,0.0
2024-08-20 00:00:00-04:00,124.14289171408143,125.6854054797792,122.91678367807229,123.34196472167969,1390000,0.0,0.0
2024-08-21 00:00:00-04:00,125.63596428561173,128.236493215857,124.95370263580187,127.09937286376953,2025500,0.0,0.0
2024-08-22 00:00:00-04:00,127.20813251013566,128.5331257541517,126.59508606812584,127.7717514038086,1656300,0.0,0.0
2024-08-23 00:00:00-04:00,129.6900171849354,134.07036035518482,128.75066740525287,133.6155242919922,2783700,0.0,0.0
2024-08-26 00:00:00-04:00,133.73417841306772,134.94050640503573,131.91480393224808,132.13233947753906,1386800,0.0,0.0
2024-08-27 00:00:00-04:00,130.9161181490263,131.53906223871581,129.5614772812515,130.10531616210938,1149400,0.0,0.0
2024-08-28 00:00:00-04:00,129.48236880995577,131.20287311119884,128.65178676981446,129.6405792236328,1227700,0.0,0.0
2024-08-29 00:00:00-04:00,129.93720757852455,130.4810463937858,127.62343707843932,128.6715545654297,1206000,0.0,0.0
2024-08-30 00:00:00-04:00,129.77900384152926,130.80734130953837,127.80141902108691,130.1745147705078,2317000,0.0,0.0
2024-09-03 00:00:00-04:00,130.2140800309194,132.70584122713086,126.13036238820834,127.34657287597656,2032200,0.0,0.0
2024-09-04 00:00:00-04:00,126.39733678777326,127.00050076714373,123.93523823176429,126.8521728515625,1844700,0.0,0.0
2024-09-05 00:00:00-04:00,127.20815124580113,127.93986313980155,125.6854174086155,126.8324203491211,1816300,0.0,0.0
2024-09-06 00:00:00-04:00,127.48501296052788,131.11389480322356,127.48501296052788,128.74078369140625,2570500,0.0,0.0
2024-09-09 00:00:00-04:00,128.5529001014277,131.56872007056904,128.00907632791927,130.12509155273438,2105400,0.0,0.0
2024-09-10 00:00:00-04:00,131.06444046554492,131.4896139710751,128.90886510849768,131.21275329589844,1678300,0.0,0.0
2024-09-11 00:00:00-04:00,129.5318325220233,130.27342698302726,126.42702431546456,129.96690368652344,1823300,0.0,0.0
2024-09-12 00:00:00-04:00,130.45138933401165,134.02093091864816,130.34263664156683,133.78363037109375,1466900,0.0,0.0
2024-09-13 00:00:00-04:00,135.4645633360609,139.1923150334624,135.4645633360609,137.97608947753906,1968600,0.0,0.0
2024-09-16 00:00:00-04:00,139.15276933982602,139.59772296338474,136.27539452733208,138.4902801513672,1810300,0.0,0.0
2024-09-17 00:00:00-04:00,139.6191164829134,140.04489802537228,137.50997180317884,139.08441162109375,1453500,0.2,0.0
2024-09-18 00:00:00-04:00,139.45077050151238,142.76795290864288,137.37133099724792,139.6092071533203,2211600,0.0,0.0
2024-09-19 00:00:00-04:00,143.45121156775346,144.41171308650829,139.83696386765487,143.5601348876953,2182400,0.0,0.0
2024-09-20 00:00:00-04:00,141.87677921473974,142.4015874254811,139.51018639915193,140.47068786621094,7599500,0.0,0.0
2024-09-23 00:00:00-04:00,141.63911312147968,142.4114879939798,138.80712228681318,142.13421630859375,1582700,0.0,0.0
2024-09-24 00:00:00-04:00,141.35196428424976,142.80756890804403,140.60930948065476,141.85696411132812,1958300,0.0,0.0
2024-09-25 00:00:00-04:00,140.6093229827922,141.3420812320693,138.7279366767633,139.08441162109375,1641200,0.0,0.0
2024-09-26 00:00:00-04:00,140.51027310586693,140.708326460647,138.3021172060858,138.59918212890625,1202800,0.0,0.0
2024-09-27 00:00:00-04:00,140.13401821729113,143.1937524600323,139.21311838044267,141.76785278320312,1343800,0.0,0.0
2024-09-30 00:00:00-04:00,141.24303032505244,142.29264661749198,139.7973224349521,142.1243133544922,1249800,0.0,0.0
2024-10-01 00:00:00-04:00,142.92639612996956,144.11464085444442,141.3915731024035,143.19375610351562,1305900,0.0,0.0
2024-10-02 00:00:00-04:00,141.62921597705645,142.59961398961877,140.26272635064714,141.89657592773438,1072600,0.0,0.0
2024-10-03 00:00:00-04:00,141.58963257932731,142.40159405077227,139.70823116763643,141.56982421875,1124100,0.0,0.0
2024-10-04 00:00:00-04:00,142.21344220900036,142.21344220900036,136.4603452856972,138.0743865966797,1457700,0.0,0.0
2024-10-07 00:00:00-04:00,136.36134238045142,138.53979363649213,135.23250758627154,138.06448364257812,1766100,0.0,0.0
2024-10-08 00:00:00-04:00,138.87645954287206,140.53999918544216,137.5792914648164,138.7972412109375,977400,0.0,0.0
2024-10-09 00:00:00-04:00,138.9655649002126,139.47057984273877,137.18319032819548,138.02487182617188,1253100,0.0,0.0
2024-10-10 00:00:00-04:00,136.52964228854987,138.57936136473828,136.1335507238009,137.302001953125,966200,0.0,0.0
2024-10-11 00:00:00-04:00,137.55948959564213,138.77743939923576,137.26242461420762,137.8367462158203,785800,0.0,0.0
2024-10-14 00:00:00-04:00,138.21300999242857,141.28264074166177,137.6188801135574,141.14401245117188,1087300,0.0,0.0
2024-10-15 00:00:00-04:00,142.07479397605778,144.93648954409318,142.07479397605778,143.20362854003906,1397400,0.0,0.0
2024-10-16 00:00:00-04:00,144.81768813759103,146.01584454739077,144.34239328919358,145.3623046875,1246300,0.0,0.0
2024-10-17 00:00:00-04:00,145.36230258692774,145.8574057870812,144.0354296367606,144.53053283691406,1430500,0.0,0.0
2024-10-18 00:00:00-04:00,145.75839173379086,147.85763975870725,144.67907029017343,147.5803680419922,1657100,0.0,0.0
2024-10-21 00:00:00-04:00,147.29321582006264,148.00616570370454,142.4214016880776,142.84718322753906,2396600,0.0,0.0
2024-10-22 00:00:00-04:00,137.22280032594597,138.14368499593536,132.46980673645035,132.49951171875,3692800,0.0,0.0
2024-10-23 00:00:00-04:00,131.38057081221277,133.8065884488222,130.67753276737434,131.8558807373047,2521200,0.0,0.0
2024-10-24 00:00:00-04:00,132.93520380997953,135.33150138769665,132.5589205582442,134.50962829589844,2026300,0.0,0.0
2024-10-25 00:00:00-04:00,134.6779774782078,134.9453374575782,131.0736265068156,131.1726531982422,1655400,0.0,0.0
2024-10-28 00:00:00-04:00,132.69753367638168,133.91549823851193,131.53899418090393,132.56881713867188,1328500,0.0,0.0
2024-10-29 00:00:00-04:00,123.3698083637632,128.78623843185258,120.88439580734374,128.31094360351562,3715700,0.0,0.0
2024-10-30 00:00:00-04:00,127.73662879145958,130.70724806567958,127.31084728130985,128.98428344726562,1405900,0.0,0.0
2024-10-31 00:00:00-04:00,128.21191549304868,129.41007183892015,127.31083918693211,128.2614288330078,1858600,0.0,0.0
2024-11-01 00:00:00-04:00,129.90518114250418,131.2023491200821,126.9543702759311,127.1227035522461,1809900,0.0,0.0
2024-11-04 00:00:00-05:00,128.05349900038138,131.20234810234948,127.9445756919224,128.22183227539062,1801100,0.0,0.0
2024-11-05 00:00:00-05:00,127.1325948475082,132.05392169996563,126.74641496877422,131.95489501953125,1546600,0.0,0.0
2024-11-06 00:00:00-05:00,125.3502337491068,128.39017487269388,123.12226918559831,127.90496826171875,3670900,0.0,0.0
2024-11-07 00:00:00-05:00,127.73660859811102,130.87556065519084,127.5187620103586,129.87545776367188,1590200,0.0,0.0
2024-11-08 00:00:00-05:00,129.91509606194663,133.1728840657586,129.91509606194663,131.40040588378906,1599200,0.0,0.0
2024-11-11 00:00:00-05:00,132.22226069338694,133.42041709737322,131.08352936584396,132.1529541015625,1055900,0.0,0.0
2024-11-12 00:00:00-05:00,131.25186233386415,131.92519543846487,127.36034329558996,127.60789489746094,1909000,0.0,0.0
2024-11-13 00:00:00-05:00,129.71703714733428,130.11311365976917,125.97405820022793,126.23151397705078,1861600,0.0,0.0
2024-11-14 00:00:00-05:00,127.30093104692328,129.80615200420652,126.6969045448105,128.1723175048828,1422400,0.0,0.0
2024-11-15 00:00:00-05:00,127.78614509292917,128.61791488272274,126.4691687044137,127.6277084350586,1510000,0.0,0.0
2024-11-18 00:00:00-05:00,126.73651534014171,128.28124246521452,126.21170715556693,127.31084442138672,1112400,0.0,0.0
2024-11-19 00:00:00-05:00,126.92464153234802,127.79602794738872,125.1818838116163,127.25141143798828,1292200,0.0,0.0
2024-11-20 00:00:00-05:00,127.12269756806208,127.34054417641497,125.77600875691014,126.80582427978516,1133100,0.0,0.0
2024-11-21 00:00:00-05:00,127.27123791763731,128.86547095796783,126.64741055368552,126.86524963378906,1510500,0.0,0.0
2024-11-22 00:00:00-05:00,127.89506672338581,128.72683650223289,126.5483853679115,128.4891815185547,1316700,0.0,0.0
2024-11-25 00:00:00-05:00,130.4398900896533,137.72781009125805,129.50909361870646,136.30191040039062,3181200,0.0,0.0
2024-11-26 00:00:00-05:00,134.97504130523401,136.05436272966656,132.48962850863805,134.27200317382812,1520800,0.0,0.0
2024-11-27 00:00:00-05:00,136.58908108301995,137.17329926634977,134.90573312815116,135.19288635253906,1270800,0.0,0.0
2024-11-29 00:00:00-05:00,136.64849569461217,137.9456637797241,133.91553122008662,133.9452362060547,1072700,0.0,0.0
2024-12-02 00:00:00-05:00,133.598635943066,134.7571755335517,132.15294316561187,133.8164825439453,1615500,0.0,0.0
2024-12-03 00:00:00-05:00,134.4997475117379,134.8067091019466,132.6282578755879,132.6876678466797,880800,0.0,0.0
2024-12-04 00:00:00-05:00,131.0241189850571,131.75686205601963,127.51877984415557,128.03369140625,1898100,0.0,0.0
2024-12-05 00:00:00-05:00,128.06339914776842,128.5486057368601,126.32063371916013,126.6176986694336,1574300,0.0,0.0
2024-12-06 00:00:00-05:00,128.6773156520206,129.449675417229,124.142176187522,125.57797241210938,1698000,0.0,0.0
2024-12-09 00:00:00-05:00,126.52857764891533,127.33064244753048,125.21160127106715,127.21182250976562,1803000,0.0,0.0
2024-12-10 00:00:00-05:00,124.5382539533288,125.70669779202942,122.79549615179332,124.11246490478516,2149500,0.0,0.0
2024-12-11 00:00:00-05:00,124.66698582808955,124.77590913520294,120.22096125885513,120.716064453125,2636700,0.0,0.0
2024-12-12 00:00:00-05:00,119.27035589280766,120.7457688438622,119.18124094452023,119.50801086425781,1898300,0.0,0.0
2024-12-13 00:00:00-05:00,118.47820353733121,118.62673601612227,115.87395573259852,117.26024627685547,2174700,0.0,0.0
2024-12-16 00:00:00-05:00,117.10181372623843,118.65643750851919,115.41845827394575,115.89376068115234,2077700,0.0,0.0
2024-12-17 00:00:00-05:00,116.00289302171066,117.05448613786481,114.27669114433046,114.97113800048828,2155800,0.22,0.0
2024-12-18 00:00:00-05:00,115.47708464045151,115.983043051794,110.28854913872136,110.40760040283203,3173300,0.0,0.0
2024-12-19 00:00:00-05:00,107.04449339077708,109.84213411761436,106.35996178063603,108.02664184570312,3831600,0.0,0.0
2024-12-20 00:00:00-05:00,108.30442018605234,110.29848558486529,107.709178929827,109.64371490478516,4865700,0.0,0.0
2024-12-23 00:00:00-05:00,109.0782322899066,109.70324202941161,108.1357676180445,109.25680541992188,1477300,0.0,0.0
2024-12-24 00:00:00-05:00,108.98894443002195,109.95125472087321,108.74092662594288,109.87188720703125,700900,0.0,0.0
2024-12-26 00:00:00-05:00,108.94926125943083,110.22903404363451,108.5127474998536,109.7726821899414,1259000,0.0,0.0
2024-12-27 00:00:00-05:00,108.859975828411,110.22903135611104,108.06631584287608,108.6516342163086,990600,0.0,0.0
2024-12-30 00:00:00-05:00,108.38377911255971,108.54251413838362,106.84606571772665,107.99687194824219,1148200,0.0,0.0
2024-12-31 00:00:00-05:00,108.73099922386777,109.11790637645487,107.69924429400136,108.03655242919922,1217600,0.0,0.0
2025-01-02 00:00:00-05:00,109.30639878056287,109.61393841268118,106.33018535314028,106.78653717041016,1384800,0.0,0.0
2025-01-03 00:00:00-05:00,109.61394300272701,110.11990142586828,107.90757935519366,109.17743682861328,1934500,0.0,0.0
2025-01-06 00:00:00-05:00,109.83220019901297,110.75482670563296,107.74885222019759,108.06631469726562,1539800,0.0,0.0
2025-01-07 00:00:00-05:00,107.65956826323205,108.83021263602491,106.69726551269046,106.97504425048828,1682800,0.0,0.0
2025-01-08 00:00:00-05:00,107.1436885201233,109.80243961208247,105.96312138197315,109.58418273925781,2626500,0.0,0.0
2025-01-10 00:00:00-05:00,108.78061646382054,109.21712267654705,106.5682941974467,106.75679016113281,2041400,0.0,0.0
2025-01-13 00:00:00-05:00,106.46908212655684,108.21512957827217,106.20122622974101,108.12583923339844,1570500,0.0,0.0
2025-01-14 00:00:00-05:00,111.01276054698353,112.0147545038412,109.32623509092878,111.60800170898438,1765800,0.0,0.0
2025-01-15 00:00:00-05:00,116.52869066735914,116.55845159448609,113.58223777934151,115.05050659179688,2414100,0.0,0.0
2025-01-16 00:00:00-05:00,113.61198872331586,116.11201234694451,113.21516630462145,116.00288391113281,2252700,0.0,0.0
2025-01-17 00:00:00-05:00,117.6398022840399,118.06639319398968,115.48700964101769,116.10208892822266,2448200,0.0,0.0
2025-01-21 00:00:00-05:00,118.35410353240168,119.36601288033195,114.40565661441241,114.89176940917969,2693500,0.0,0.0
2025-01-22 00:00:00-05:00,114.33620724709591,116.19138313938087,113.8798553975884,115.96320343017578,1771500,0.0,0.0
2025-01-23 00:00:00-05:00,115.3481125765061,117.04456095211974,114.97112825353774,115.59613037109375,2159200,0.0,0.0
2025-01-24 00:00:00-05:00,115.43740622893444,115.63581744273368,114.19731722043257,114.77272033691406,1510500,0.0,0.0
2025-01-27 00:00:00-05:00,114.08818591034088,117.80845284219983,113.99890313704945,117.11400604248047,3131500,0.0,0.0
2025-01-28 00:00:00-05:00,116.905666479741,117.064401504685,113.9989051322542,114.1377944946289,2130300,0.0,0.0
2025-01-29 00:00:00-05:00,114.16755660398348,114.95129376774436,111.20125823801568,112.09412384033203,2965900,0.0,0.0
2025-01-30 00:00:00-05:00,115.45724180781117,120.34815305356261,112.50087391452514,117.57035827636719,3758800,0.0,0.0
2025-01-31 00:00:00-05:00,115.98304875325134,116.9751199629013,112.72904882772119,112.87786102294922,3251000,0.0,0.0
2025-02-03 00:00:00-05:00,110.62586512752213,110.63578039022563,107.5405229925005,108.28457641601562,3191000,0.0,0.0
2025-02-04 00:00:00-05:00,107.87782553393839,110.04054116025571,106.83615526347317,109.50482177734375,2560000,0.0,0.0
2025-02-05 00:00:00-05:00,111.55840341309245,111.74689936314238,109.56434575069062,110.4472885131836,2403100,0.0,0.0
2025-02-06 00:00:00-05:00,110.44729004709485,111.00284750476496,108.24489074147023,109.13775634765625,2563600,0.0,0.0
2025-02-07 00:00:00-05:00,108.38377647885183,108.50282774532684,104.56430394738216,105.03057861328125,2662500,0.0,0.0
2025-02-10 00:00:00-05:00,105.95320870127628,106.28058644958745,105.30836089828306,105.72502899169922,1963400,0.0,0.0
2025-02-11 00:00:00-05:00,105.22899207268318,107.63972539582504,104.51469959635928,106.47900390625,2326800,0.0,0.0
2025-02-12 00:00:00-05:00,103.49286600030993,105.21906774765196,102.87777913911795,105.1595458984375,2274700,0.0,0.0
2025-02-13 00:00:00-05:00,105.65558506017211,106.35003188746661,104.62383008183262,105.85399627685547,1594600,0.0,0.0
2025-02-14 00:00:00-05:00,106.54844799847467,108.49290663499222,105.9532067944636,106.57820892333984,1519300,0.0,0.0
2025-02-18 00:00:00-05:00,106.10201281961638,106.62781691848576,103.6912794779763,104.7627182006836,1642500,0.0,0.0
2025-02-19 00:00:00-05:00,101.70713678177368,104.19723762991296,100.32815840995653,104.0285873413086,2294600,0.0,0.0
2025-02-20 00:00:00-05:00,103.57223138173657,105.22898841462039,103.14564047703392,105.00080871582031,1694300,0.0,0.0
2025-02-21 00:00:00-05:00,105.54645763585425,105.65558607675092,101.38967675688905,102.29246520996094,1818700,0.0,0.0
2025-02-24 00:00:00-05:00,102.38175316158829,102.41152165789407,99.74284749021702,100.89364624023438,2296700,0.0,0.0
2025-02-25 00:00:00-05:00,101.80634822913962,105.99288229250777,101.00276541849219,105.38772583007812,2894400,0.0,0.0
2025-02-26 00:00:00-05:00,104.83216187616348,105.0901025074284,102.84801947637735,103.62183380126953,1734200,0.0,0.0
2025-02-27 00:00:00-05:00,103.0960369560886,104.63375033870706,101.97499922849681,102.10396575927734,1392600,0.0,0.0
2025-02-28 00:00:00-05:00,102.08412864248358,103.4035851634048,101.23094679954974,102.46111297607422,3722400,0.0,0.0
2025-03-03 00:00:00-05:00,102.32223091203065,103.6813712864289,100.60595184127621,101.22103118896484,1921600,0.0,0.0
2025-03-04 00:00:00-05:00,100.50673216896556,103.35397927513674,100.20911534640129,102.0841293334961,3381400,0.0,0.0
2025-03-05 00:00:00-05:00,103.17540220451126,105.8242304253405,102.044441670474,105.1297836303711,2866000,0.0,0.0
2025-03-06 00:00:00-05:00,105.82423992048767,108.22505056297032,105.43733273301746,107.41155242919922,2776800,0.0,0.0
2025-03-07 00:00:00-05:00,107.83814247321014,108.56235782022999,105.42740901896484,107.05441284179688,2461700,0.0,0.0
2025-03-10 00:00:00-04:00,106.40956491450122,110.16951587865098,105.95321304553859,106.54845428466797,2653200,0.0,0.0
2025-03-11 00:00:00-04:00,106.09209305499154,107.05440329831396,103.97897662450757,105.00080871582031,2157600,0.0,0.0
2025-03-12 00:00:00-04:00,105.35795760054754,105.70518857299383,101.71705814114102,102.7091293334961,2672500,0.0,0.0
2025-03-13 00:00:00-04:00,102.51071999775654,103.6218349094216,99.92141353283289,100.2884750366211,2211800,0.0,0.0
2025-03-14 00:00:00-04:00,101.50872295730619,102.30238292982466,100.26863398081012,102.12380981445312,1791300,0.0,0.0
2025-03-17 00:00:00-04:00,102.56032571001968,103.73097011756488,102.11389666372071,103.0662841796875,1527900,0.0,0.0
2025-03-18 00:00:00-04:00,103.05633723781663,104.20957800685673,102.30076099157098,102.88732147216797,1355600,0.22,0.0
2025-03-19 00:00:00-04:00,102.76802653020421,105.30317202942393,102.46977054913616,104.5078353881836,2047700,0.0,0.0
2025-03-20 00:00:00-04:00,104.10021878653473,106.89385228091811,104.10021878653473,104.72654724121094,2090500,0.0,0.0
2025-03-21 00:00:00-04:00,101.89314698155346,103.14581149067612,99.76560988627789,102.12181091308594,8818500,0.0,0.0
2025-03-24 00:00:00-04:00,102.74814028033384,105.34294156532187,102.66860433953798,105.23358154296875,1859200,0.0,0.0
2025-03-25 00:00:00-04:00,103.6926083816756,106.3172336436982,102.56918412132623,104.7066650390625,1979900,0.0,0.0
2025-03-26 00:00:00-04:00,104.8060862971565,106.13828677024655,103.56336565451815,104.60725402832031,1248700,0.0,0.0
2025-03-27 00:00:00-04:00,104.55753916272685,105.54177934457542,103.87156254548758,104.42829895019531,1143400,0.0,0.0
2025-03-28 00:00:00-04:00,104.93533194196033,104.93533194196033,100.82937816868255,101.14751434326172,1413000,0.0,0.0
2025-03-31 00:00:00-04:00,100.80949873248667,103.00662788980807,99.00009780381231,102.20134735107422,1717300,0.0,0.0
2025-04-01 00:00:00-04:00,102.91714951535667,103.12593325831621,101.00833242657839,102.43994903564453,1562400,0.0,0.0
2025-04-02 00:00:00-04:00,101.33640990513001,103.78208315975579,101.07792189400105,103.7224349975586,1431100,0.0,0.0
2025-04-03 00:00:00-04:00,99.70596490663421,100.85920573497081,96.33570708339924,97.18075561523438,2705600,0.0,0.0
2025-04-04 00:00:00-04:00,95.28186682394175,103.46394230160865,94.58594634660334,100.65042114257812,3953800,0.0,0.0
2025-04-07 00:00:00-04:00,98.49306908361993,100.85920650788368,94.7847872682543,95.58013153076172,3507900,0.0,0.0
2025-04-08 00:00:00-04:00,97.54859814673208,98.50300664949495,90.06244294246775,91.48411560058594,2569000,0.0,0.0
2025-04-09 00:00:00-04:00,89.47588955821116,98.24452643151726,87.55712851206425,96.60413360595703,3324800,0.0,0.0
2025-04-10 00:00:00-04:00,94.72514142831146,95.39123790315571,90.2712346868519,93.13446044921875,2409000,0.0,0.0
2025-04-11 00:00:00-04:00,92.55782717166161,93.99938759373106,89.28698569878411,93.97949981689453,2580000,0.0,0.0
2025-04-14 00:00:00-04:00,95.83861721998763,95.83861721998763,93.28358388898066,94.88420867919922,1903900,0.0,0.0
2025-04-15 00:00:00-04:00,94.82455182714888,96.10704042217878,93.55200712090782,94.23799133300781,1725900,0.0,0.0
2025-04-16 00:00:00-04:00,94.39706214270018,95.36141462771522,91.45430041021048,92.3192367553711,1647500,0.0,0.0
2025-04-17 00:00:00-04:00,92.97539138154734,95.03333661993861,92.54789514434697,94.39706420898438,2870600,0.0,0.0
2025-04-21 00:00:00-04:00,93.48241244543901,93.71107637137577,91.22563519145889,92.5677719116211,2666100,0.0,0.0
2025-04-22 00:00:00-04:00,95.44094482591838,100.8293796821568,94.37717626511142,100.3024673461914,3688900,0.0,0.0
2025-04-23 00:00:00-04:00,103.06628276705331,105.0049316215486,100.04398509650412,100.47148132324219,2422000,0.0,0.0
2025-04-24 00:00:00-04:00,100.65043557350482,102.5592603856764,98.90069024104855,102.25106048583984,1940300,0.0,0.0
2025-04-25 00:00:00-04:00,101.306592795834,101.81362496429756,100.17323212630268,101.28670501708984,1861800,0.0,0.0
2025-04-28 00:00:00-04:00,101.25687469283821,102.5592510615605,100.69019439300062,101.82355499267578,1885100,0.0,0.0
2025-04-29 00:00:00-04:00,100.90891410856852,101.89314671352207,100.00420985853623,101.14751434326172,1551600,0.0,0.0
2025-04-30 00:00:00-04:00,100.07381079634882,102.1019241950683,98.78137830376728,101.98262786865234,1733800,0.0,0.0
2025-05-01 00:00:00-04:00,102.24110308792527,103.4142316093312,100.86914230931743,101.29663848876953,1576900,0.0,0.0
2025-05-02 00:00:00-04:00,102.20134788459374,103.97098085226476,101.71419593531795,103.85167694091797,1439500,0.0,0.0
2025-05-05 00:00:00-04:00,103.45401243890774,104.20958876314234,102.70838000425876,103.0662841796875,1537600,0.0,0.0
2025-05-06 00:00:00-04:00,102.02239474559794,103.49377171203265,100.1235139975388,100.25275421142578,1571700,0.0,0.0
2025-05-07 00:00:00-04:00,101.3562936901258,101.5949015173014,100.25275714057466,100.72996520996094,1652800,0.0,0.0
2025-05-08 00:00:00-04:00,101.85338287150488,103.81191185702525,101.52531037986734,102.75808715820312,1525900,0.0,0.0
2025-05-09 00:00:00-04:00,103.06627690468429,103.06627690468429,101.44577192501916,101.8732681274414,1157200,0.0,0.0
2025-05-12 00:00:00-04:00,106.66519565489354,108.17634057002044,103.93121032962632,105.91956329345703,1967300,0.0,0.0
2025-05-13 00:00:00-04:00,106.95351005762939,107.37106236867157,105.73066962104613,105.83008575439453,1951700,0.0,0.0
2025-05-14 00:00:00-04:00,105.09439825441315,105.5914865107967,101.24693241941718,101.46565246582031,2237400,0.0,0.0
2025-05-15 00:00:00-04:00,101.65454797153643,102.25105235951092,99.46736268730837,102.17151641845703,1795500,0.0,0.0
2025-05-16 00:00:00-04:00,102.15164232192551,104.10022748424524,101.6644979275869,103.8019790649414,1402100,0.0,0.0
2025-05-19 00:00:00-04:00,101.23700313079406,103.00663623255377,101.00833917962757,102.46977996826172,1580000,0.0,0.0
2025-05-20 00:00:00-04:00,101.81362438463383,102.63878515865416,100.41183180479352,100.72002410888672,1283300,0.0,0.0
2025-05-21 00:00:00-04:00,99.96444863836517,100.93873734645172,98.06556791051736,98.52288818359375,2730400,0.0,0.0
2025-05-22 00:00:00-04:00,97.96615244027709,98.25446453317757,96.6936077440023,98.00592041015625,2317700,0.0,0.0
2025-05-23 00:00:00-04:00,96.79302824282452,98.02580502483416,96.44506797189014,97.63807678222656,1389700,0.0,0.0
2025-05-27 00:00:00-04:00,98.83108844024801,100.13345721401797,97.79714398119958,99.98432922363281,1975100,0.0,0.0
2025-05-28 00:00:00-04:00,99.44747272672522,99.73578481799359,96.85267149027462,97.14098358154297,1815700,0.0,0.0
2025-05-29 00:00:00-04:00,98.2445242201804,98.31411627376066,96.82285148135661,97.96615600585938,1520200,0.0,0.0
2025-05-30 00:00:00-04:00,97.71760971954325,98.21469797271929,96.87256120613692,97.45912170410156,3156100,0.0,0.0
2025-06-02 00:00:00-04:00,96.4251743502394,97.339822473366,94.64559754677101,96.98191833496094,1547900,0.0,0.0
2025-06-03 00:00:00-04:00,96.81290929499944,98.23458205882719,95.8982686932968,98.09539794921875,1650900,0.0,0.0
2025-06-04 00:00:00-04:00,98.24452252318453,101.71419642312212,98.07551433668964,101.27676391601562,2063700,0.0,0.0
2025-06-05 00:00:00-04:00,100.789615307271,101.89315187798637,100.16328681509408,101.04810333251953,1201600,0.0,0.0
2025-06-06 00:00:00-04:00,101.51536566642454,101.65454977325331,99.5071248365266,99.64631652832031,1396300,0.0,0.0
2025-06-09 00:00:00-04:00,100.37206481432672,101.62472940654902,99.2983523067076,100.87909698486328,1098000,0.0,0.0
2025-06-10 00:00:00-04:00,102.1516366151958,104.62713400646003,101.16740399203663,104.4183578491211,2169600,0.0,0.0
2025-06-11 00:00:00-04:00,105.90962334523671,107.27164790672241,102.57913352390167,102.81773376464844,1765200,0.0,0.0
2025-06-12 00:00:00-04:00,102.31071077027099,103.9908639552101,101.24693459716292,103.54348754882812,1367900,0.0,0.0
2025-06-13 00:00:00-04:00,102.10192111867534,103.65284158003598,100.13345594247488,101.01827239990234,1599600,0.0,0.0
2025-06-16 00:00:00-04:00,102.32064324112856,102.32064324112856,100.35217802483581,101.82355499267578,1752600,0.0,0.0
2025-06-17 00:00:00-04:00,102.16230578220035,103.66674598695944,97.95784848493649,98.35637664794922,1953300,0.22,0.0
2025-06-18 00:00:00-04:00,97.91799317494922,99.91062635344242,97.9080278806949,98.77482604980469,1915700,0.0,0.0
2025-06-20 00:00:00-04:00,99.23313755562455,101.61433375867935,99.08368853675772,101.09625244140625,3054700,0.0,0.0
2025-06-23 00:00:00-04:00,100.32908293326471,104.65310111757759,100.32908293326471,104.46379852294922,2007000,0.0,0.0
2025-06-24 00:00:00-04:00,104.46379838695054,106.02801521074163,103.60696546678035,105.1014404296875,2578300,0.0,0.0
2025-06-25 00:00:00-04:00,104.34424698762399,105.09148448148717,102.71028067452039,103.17855072021484,1667800,0.0,0.0
2025-06-26 00:00:00-04:00,103.68666561189933,104.15493561815602,101.79366259994964,104.05530548095703,1731300,0.0,0.0
2025-06-27 00:00:00-04:00,104.4339137641777,106.16750265354815,103.95567841471707,105.13133239746094,2996000,0.0,0.0
2025-06-30 00:00:00-04:00,105.56971443097986,105.96824262297548,103.87597911661476,105.0715560913086,1635100,0.0,0.0
2025-07-01 00:00:00-04:00,104.48372458043312,111.82657305774427,103.65677997810737,109.53504943847656,3341500,0.0,0.0
2025-07-02 00:00:00-04:00,109.73431653982131,111.7070268750647,108.92730247605,110.92989349365234,2498500,0.0,0.0
2025-07-03 00:00:00-04:00,111.55757076850448,111.76679634206862,108.3992489750529,108.95718383789062,1616100,0.0,0.0
2025-07-07 00:00:00-04:00,108.69814704988958,109.43541925646714,106.67562542835675,107.74168395996094,1710200,0.0,0.0
2025-07-08 00:00:00-04:00,107.45274560139326,109.44537883498903,106.98447557529146,108.47895050048828,1947800,0.0,0.0
2025-07-09 00:00:00-04:00,109.15644489166857,113.91883705086441,108.64832889567543,113.35093688964844,3865100,0.0,0.0
2025-07-10 00:00:00-04:00,112.96237203478705,115.9911753751006,112.70333519478292,114.75574493408203,2533400,0.0,0.0
2025-07-11 00:00:00-04:00,113.2413520531743,114.76571528408138,112.58377942736742,113.8490982055664,2650500,0.0,0.0
2025-07-14 00:00:00-04:00,113.17160731728887,114.1480010020866,110.59115078101907,112.42436981201172,2961100,0.0,0.0
2025-07-15 00:00:00-04:00,112.84282332728455,113.58009550306532,107.52248858525827,107.6021957397461,2495900,0.0,0.0
2025-07-16 00:00:00-04:00,108.08042951839701,109.82398359107584,106.7652918933424,108.88744354248047,2301200,0.0,0.0
2025-07-17 00:00:00-04:00,108.49888197222475,109.6546053044404,108.23983752138798,108.87747955322266,2120000,0.0,0.0
2025-07-18 00:00:00-04:00,109.67454110466731,110.27232958775369,107.51253575021332,108.25977325439453,1941100,0.0,0.0
2025-07-21 00:00:00-04:00,109.11659222513006,109.93357154459144,107.92101532879866,108.24980163574219,2211000,0.0,0.0
2025-07-22 00:00:00-04:00,117.29636212357352,121.18199096344406,115.24394466313962,120.72368621826172,5151100,0.0,0.0
2025-07-23 00:00:00-04:00,121.67018798082725,122.03882026421827,118.18307982200587,118.84064483642578,2785400,0.0,0.0
2025-07-24 00:00:00-04:00,117.9539231705425,118.70116063007443,115.353536203268,115.60261535644531,2154600,0.0,0.0
2025-07-25 00:00:00-04:00,115.63250738530903,116.47938261458609,114.16792070096456,115.92144012451172,1415000,0.0,0.0
2025-07-28 00:00:00-04:00,115.71221385403373,117.1768005296804,114.50667163290846,116.38970947265625,1569100,0.0,0.0
2025-07-29 00:00:00-04:00,116.43952733575594,117.37605979948866,115.51295256539687,116.62882232666016,1630600,0.0,0.0
2025-07-30 00:00:00-04:00,116.32993732831261,117.1668396883247,111.99596130386597,112.94245910644531,1932600,0.0,0.0
2025-07-31 00:00:00-04:00,111.44798088194274,113.37087231712721,111.08930628046741,112.50407409667969,1932300,0.0,0.0
2025-08-01 00:00:00-04:00,114.63618408318219,116.94763826128052,114.00850736975323,116.31996154785156,2028900,0.0,0.0
2025-08-04 00:00:00-04:00,116.56904135405388,119.4185074174786,116.41959234487996,118.92034912109375,1965700,0.0,0.0
2025-08-05 00:00:00-04:00,118.6911962050775,121.70007665422524,118.6911962050775,120.57423400878906,1856500,0.0,0.0
2025-08-06 00:00:00-04:00,120.97275910075341,121.9890062840425,119.69747507578015,119.78714752197266,1655500,0.0,0.0
2025-08-07 00:00:00-04:00,121.05247720444109,123.07499885839894,119.92664208707104,120.22553253173828,1611100,0.0,0.0
2025-08-08 00:00:00-04:00,120.53439053621777,121.94915834169873,120.20560422047716,121.19195556640625,1495000,0.0,0.0
2025-08-11 00:00:00-04:00,121.71004283273477,122.52702216302306,117.92403660869091,119.75725555419922,1651400,0.0,0.0
2025-08-12 00:00:00-04:00,120.73365013631391,123.26429530143112,118.96020774217723,122.875732421875,2446000,0.0,0.0
2025-08-13 00:00:00-04:00,123.89196382247313,130.59717767573957,123.50340096870545,129.48130798339844,3062200,0.0,0.0
2025-08-14 00:00:00-04:00,126.30305755776152,128.3156138331557,125.63552723089595,128.07650756835938,2495900,0.0,0.0
2025-08-15 00:00:00-04:00,130.9060399905429,131.01563542675996,127.31930168162776,128.2159881591797,1920200,0.0,0.0
2025-08-18 00:00:00-04:00,128.3056473644141,129.00306592668053,127.57834052109231,127.73775482177734,1556900,0.0,0.0
2025-08-19 00:00:00-04:00,128.87356895515978,130.92597888858054,128.40529889820425,129.88980102539062,1818700,0.0,0.0
2025-08-20 00:00:00-04:00,129.52116053617024,130.5473654380577,125.68534307131911,126.07390594482422,2065100,0.0,0.0
2025-08-21 00:00:00-04:00,125.09751337422244,125.27685067130692,122.78605910140735,124.90821838378906,1450000,0.0,0.0
2025-08-22 00:00:00-04:00,125.89457843501808,133.17765105732684,124.46984525432431,131.84259033203125,2943700,0.0,0.0
2025-08-25 00:00:00-04:00,130.6769005590504,132.40052417404817,130.0591738742007,131.7927703857422,3012300,0.0,0.0
2025-08-26 00:00:00-04:00,131.87246835903267,132.01195207765284,130.43776999460533,130.64700317382812,2520200,0.0,0.0
2025-08-27 00:00:00-04:00,130.2185769779338,131.3244890154211,129.52115839631674,130.54736328125,1369900,0.0,0.0
2025-08-28 00:00:00-04:00,131.4041994504387,131.50383719426648,129.11266816566777,130.98574829101562,1133800,0.0,0.0
2025-08-29 00:00:00-04:00,130.9957176422032,131.68317860907294,129.869890090201,131.5337371826172,1344300,0.0,0.0
2025-09-02 00:00:00-04:00,129.4215188275624,131.9721020655242,128.85362627718743,131.60345458984375,1443200,0.0,0.0
2025-09-03 00:00:00-04:00,131.1252282519461,134.52267150443777,130.75659597500422,132.8090057373047,2042300,0.0,0.0
2025-09-04 00:00:00-04:00,134.31344450817195,137.63118076102722,133.90495103501587,137.10313415527344,2280600,0.0,0.0
2025-09-05 00:00:00-04:00,139.9227048129886,141.5865516996978,138.60755961242722,140.05223083496094,2190500,0.0,0.0
2025-09-08 00:00:00-04:00,139.23524670803653,141.20794934563767,138.0894886837808,140.8990936279297,1905200,0.0,0.0
2025-09-09 00:00:00-04:00,139.94264519847283,141.26773298221792,133.7156660536391,136.21641540527344,3122900,0.0,0.0
2025-09-10 00:00:00-04:00,136.69463971722075,136.79427746207253,133.76546636856986,134.91123962402344,2184400,0.0,0.0
2025-09-11 00:00:00-04:00,136.04703286987512,139.17546634206602,135.419348555817,138.14926147460938,1736000,0.0,0.0
2025-09-12 00:00:00-04:00,136.87398392055428,138.35848597422353,135.90755557023726,136.5950164794922,1266200,0.0,0.0
2025-09-15 00:00:00-04:00,137.32233037058134,137.32233037058134,133.11787274818374,134.3433380126953,2008100,0.0,0.0
2025-09-16 00:00:00-04:00,134.5828347135577,135.05186998209382,131.10999111513252,133.59486389160156,2257800,0.22,0.0
2025-09-17 00:00:00-04:00,134.70258291224698,138.76422549927648,131.9083344667568,133.82440185546875,2323700,0.0,0.0
2025-09-18 00:00:00-04:00,134.03396173310884,134.8622577325445,132.57697087332392,133.82440185546875,1830900,0.0,0.0
2025-09-19 00:00:00-04:00,132.14785710189997,133.6647375593002,130.1918936952538,131.62892150878906,5783600,0.0,0.0
2025-09-22 00:00:00-04:00,131.0002225455837,132.00814134545445,128.09619942577365,128.97439575195312,2172700,0.0,0.0
2025-09-23 00:00:00-04:00,129.53324389135673,130.40145103349371,128.38559818346005,129.78273010253906,1316600,0.0,0.0
2025-09-24 00:00:00-04:00,128.5752023670554,132.3873587526157,128.53529127574828,130.63096618652344,1720200,0.0,0.0
2025-09-25 00:00:00-04:00,128.2758169503421,131.2397142027804,127.91655621588203,128.4754180908203,2147900,0.0,0.0
2025-09-26 00:00:00-04:00,129.16399626452005,131.78859612608542,128.64507589968815,130.88046264648438,1099400,0.0,0.0
2025-09-29 00:00:00-04:00,131.60897373551882,133.35537725015178,130.32161633165703,132.8663787841797,1361600,0.0,0.0
2025-09-30 00:00:00-04:00,131.908344533806,133.27553934923074,129.88251768238902,131.85845947265625,1719200,0.0,0.0
2025-10-01 00:00:00-04:00,132.89631729182088,134.68264714698253,131.8584613209893,134.16371154785156,1585200,0.0,0.0
2025-10-02 00:00:00-04:00,133.74456533141523,134.92213287719576,132.37737061127476,134.60279846191406,1449400,0.0,0.0
2025-10-03 00:00:00-04:00,134.96206974398586,138.0457157386922,134.82235807123826,137.3271942138672,1619200,0.0,0.0
2025-10-06 00:00:00-04:00,137.43697062526746,137.8161945539172,133.87430008067207,135.20156860351562,1419500,0.0,0.0
2025-10-07 00:00:00-04:00,132.25761955758793,132.4572054667174,128.23590334028535,129.33364868164062,2809500,0.0,0.0
2025-10-08 00:00:00-04:00,129.93241727856065,130.13200320438654,126.07037555645302,127.39764404296875,2667700,0.0,0.0
2025-10-09 00:00:00-04:00,125.99053359070051,126.33981275513969,120.37210699210796,121.16048431396484,4278000,0.0,0.0
2025-10-10 00:00:00-04:00,121.16048395496409,121.95883524078603,119.4539916168616,119.79329681396484,2866900,0.0,0.0
2025-10-13 00:00:00-04:00,119.7932984768175,120.24237060546875,118.36623706334409,120.24237060546875,2604800,0.0,0.0
2025-10-14 00:00:00-04:00,119.51387697604818,125.09238501467745,119.15461622212872,124.63333129882812,2632300,0.0,0.0
2025-10-15 00:00:00-04:00,124.36388520811997,126.66913528737236,124.18425483741754,124.42375946044922,1671400,0.0,0.0
2025-10-16 00:00:00-04:00,124.42376327746037,124.7630608693545,121.56964041858352,123.62540435791016,2481800,0.0,0.0
2025-10-17 00:00:00-04:00,123.45575209504543,124.68322756698346,122.72725664409997,124.19422912597656,2391400,0.0,0.0
2025-10-20 00:00:00-04:00,124.50359823625027,125.66121027167706,122.7871319226761,123.01665496826172,4499000,0.0,0.0
2025-10-21 00:00:00-04:00,115.66180649630125,124.53353536274275,114.87342917256825,123.01665496826172,4706800,0.0,0.0
2025-10-22 00:00:00-04:00,121.46984281733981,123.14639039338499,119.69350228359134,119.96294403076172,2630100,0.0,0.0
2025-10-23 00:00:00-04:00,120.31222392394572,121.65945550916474,119.09473003687606,120.61161041259766,1661400,0.0,0.0
2025-10-24 00:00:00-04:00,122.45780760367795,122.9567800122727,120.25235047133492,120.28228759765625,1774500,0.0,0.0
2025-10-27 00:00:00-04:00,121.42992600325334,121.73928646106744,119.89309006679359,120.05276489257812,1508000,0.0,0.0
2025-10-28 00:00:00-04:00,116.77950336416761,121.64947912025838,115.17281915523333,120.49185943603516,2354200,0.0,0.0
2025-10-29 00:00:00-04:00,119.01490437228026,121.25029869372354,116.10089963782667,117.98702239990234,2879600,0.0,0.0
2025-10-30 00:00:00-04:00,117.57786280614343,120.07272494989432,117.31839501135313,118.79535675048828,2092300,0.0,0.0
2025-10-31 00:00:00-04:00,117.67765260907046,120.30225238659382,116.85933815244354,119.62364959716797,2308500,0.0,0.0
2025-11-03 00:00:00-05:00,119.60368638620231,119.60368638620231,117.67765255921513,118.51593017578125,2421100,0.0,0.0
2025-11-04 00:00:00-05:00,117.77744589159829,119.97292909337737,117.47806700979763,119.39411926269531,1649600,0.0,0.0
2025-11-05 00:00:00-05:00,119.54380878050573,120.41202349943921,118.30635935750063,119.21448516845703,1863000,0.0,0.0
2025-11-06 00:00:00-05:00,119.83321545489254,120.1126387854634,118.5159286009765,118.68557739257812,1241900,0.0,0.0
2025-11-07 00:00:00-05:00,118.30636550873817,119.57375212351445,117.4980249995247,119.51387786865234,2675000,0.0,0.0
2025-11-10 00:00:00-05:00,119.22446871095447,120.35214361517342,117.81736286197287,119.92302703857422,1692800,0.0,0.0
2025-11-11 00:00:00-05:00,120.78125902157079,121.3900059641907,119.25440468191303,120.97087097167969,1611800,0.0,0.0
2025-11-12 00:00:00-05:00,120.84113377856171,122.46778869689223,120.04278249621233,120.382080078125,1244500,0.0,0.0
2025-11-13 00:00:00-05:00,119.01490575162138,120.84113905310839,118.13670940487589,118.17662811279297,1496300,0.0,0.0
2025-11-14 00:00:00-05:00,118.156668999164,120.81119827894514,117.88721963228579,118.1267318725586,1340200,0.0,0.0
2025-11-17 00:00:00-05:00,117.667682129192,117.81736776726068,113.46632756737988,113.64595794677734,1857100,0.0,0.0
2025-11-18 00:00:00-05:00,112.7677687956615,114.01519986640996,111.42054476199615,113.25675964355469,2082400,0.0,0.0
2025-11-19 00:00:00-05:00,113.79564872660049,114.24472847219641,112.54821767835885,113.52620697021484,1387300,0.0,0.0
2025-11-20 00:00:00-05:00,114.40439514985344,115.77158231324161,113.30665735530013,114.114990234375,1451800,0.0,0.0
2025-11-21 00:00:00-05:00,115.06304361919209,121.43991056660819,115.02312491176531,120.07272338867188,2348100,0.0,0.0
2025-11-24 00:00:00-05:00,119.55379428150673,119.85317316378537,117.90718378097215,119.03485870361328,2195800,0.0,0.0
2025-11-25 00:00:00-05:00,120.53177653270427,126.09032898583497,119.66356939485686,125.45164489746094,2286200,0.0,0.0
2025-11-26 00:00:00-05:00,125.03250556399476,127.67706082066239,125.01254240420947,127.32777404785156,1429100,0.0,0.0
2025-11-28 00:00:00-05:00,127.16810875100019,127.68703670750384,126.41965013580095,126.92860412597656,675500,0.0,0.0
2025-12-01 00:00:00-05:00,126.94856200489336,128.09620009202845,126.05041012740874,126.91862487792969,1420800,0.0,0.0
2025-12-02 00:00:00-05:00,126.79887101646588,127.11821306596192,124.82294446449501,126.28992462158203,1750400,0.0,0.0
2025-12-03 00:00:00-05:00,126.68909071381817,130.2218238721982,126.65915358768184,130.06214904785156,1450700,0.0,0.0
2025-12-04 00:00:00-05:00,130.09209175521733,131.28962253433505,127.28786915232568,127.62716674804688,1594000,0.0,0.0
2025-12-05 00:00:00-05:00,128.49537053060922,129.11410667842492,126.4994884889577,126.72901153564453,1205000,0.0,0.0
2025-12-08 00:00:00-05:00,126.06038737598286,126.19011745960597,123.90483055780328,124.62334442138672,1291900,0.0,0.0
2025-12-09 00:00:00-05:00,123.24618596934266,124.68322895468567,122.60750189001573,122.7871322631836,1695100,0.0,0.0
2025-12-10 00:00:00-05:00,123.60544794662047,127.95648803893744,123.60544794662047,127.63714599609375,1882800,0.0,0.0
2025-12-11 00:00:00-05:00,128.30577563680268,129.9523785350242,127.10823725825124,127.30782318115234,1508500,0.0,0.0
2025-12-12 00:00:00-05:00,127.5772642763194,127.81677651901558,125.32191442712528,126.170166015625,1280000,0.0,0.0
2025-12-15 00:00:00-05:00,127.76687276062559,127.89661045865681,125.58137119111485,126.25,1396700,0.0,0.0
2025-12-16 00:00:00-05:00,126.72000122070312,127.25,122.55000305175781,124.38999938964844,2170300,0.26,0.0
2025-12-17 00:00:00-05:00,122.5999984741211,125.11000061035156,120.55999755859375,122.80000305175781,2033100,0.0,0.0
2025-12-18 00:00:00-05:00,124.19999694824219,124.83999633789062,121.12000274658203,121.66000366210938,2694900,0.0,0.0
2025-12-19 00:00:00-05:00,119.98999786376953,120.20999908447266,118.16000366210938,119.73999786376953,5550100,0.0,0.0
2025-12-22 00:00:00-05:00,119.80000305175781,120.02999877929688,118.6500015258789,119.11000061035156,1269300,0.0,0.0
2025-12-23 00:00:00-05:00,119.5199966430664,119.62000274658203,116.33999633789062,117.37999725341797,2967000,0.0,0.0
2025-12-24 00:00:00-05:00,117.0,119.8499984741211,116.93000030517578,119.3499984741211,891400,0.0,0.0
2025-12-26 00:00:00-05:00,119.66000366210938,119.9000015258789,118.19000244140625,119.19999694824219,790600,0.0,0.0
2025-12-29 00:00:00-05:00,118.05999755859375,119.47000122070312,118.02999877929688,118.69000244140625,1270900,0.0,0.0
2025-12-30 00:00:00-05:00,118.41999816894531,118.61000061035156,117.19000244140625,118.12999725341797,1732700,0.0,0.0
2025-12-31 00:00:00-05:00,118.3499984741211,119.0,117.18000030517578,117.26000213623047,984200,0.0,0.0
2026-01-02 00:00:00-05:00,118.44999694824219,119.08000183105469,116.68000030517578,119.06999969482422,1281700,0.0,0.0
2026-01-05 00:00:00-05:00,118.01000213623047,121.20999908447266,118.0,119.86000061035156,1429300,0.0,0.0
2026-01-06 00:00:00-05:00,118.19000244140625,121.48999786376953,117.48999786376953,121.1500015258789,1723300,0.0,0.0
2026-01-07 00:00:00-05:00,121.87999725341797,123.1500015258789,117.02999877929688,117.29000091552734,1725600,0.0,0.0
2026-01-08 00:00:00-05:00,116.44000244140625,123.41999816894531,116.05000305175781,123.16000366210938,1986400,0.0,0.0
2026-01-09 00:00:00-05:00,125.44999694824219,132.83999633789062,125.44999694824219,132.1999969482422,4091200,0.0,0.0
2026-01-12 00:00:00-05:00,131.75999450683594,134.58999633789062,130.44000244140625,133.22999572753906,2579500,0.0,0.0
2026-01-13 00:00:00-05:00,133.19000244140625,134.5,132.17999267578125,133.66000366210938,1841700,0.0,0.0
2026-01-14 00:00:00-05:00,132.5,134.1699981689453,130.47999572753906,130.72999572753906,1727100,0.0,0.0
2026-01-15 00:00:00-05:00,131.63999938964844,133.13999938964844,130.1699981689453,132.8699951171875,1641100,0.0,0.0
2026-01-16 00:00:00-05:00,132.8699951171875,134.33999633789062,129.0500030517578,130.22999572753906,1725900,0.0,0.0
2026-01-20 00:00:00-05:00,127.37999725341797,130.88999938964844,126.55000305175781,126.80999755859375,1940600,0.0,0.0
2026-01-21 00:00:00-05:00,127.56999969482422,131.41000366210938,126.86000061035156,129.97000122070312,1799500,0.0,0.0
2026-01-22 00:00:00-05:00,130.5800018310547,131.8000030517578,126.79000091552734,127.7699966430664,1619900,0.0,0.0
2026-01-23 00:00:00-05:00,127.54000091552734,127.7699966430664,124.22000122070312,125.16000366210938,1300100,0.0,0.0
2026-01-26 00:00:00-05:00,125.83999633789062,126.12999725341797,124.12000274658203,125.06999969482422,1642100,0.0,0.0
2026-01-27 00:00:00-05:00,124.20999908447266,124.87999725341797,123.0199966430664,123.87999725341797,1788300,0.0,0.0
2026-01-28 00:00:00-05:00,124.02999877929688,127.13999938964844,123.16999816894531,123.2699966430664,2289100,0.0,0.0
2026-01-29 00:00:00-05:00,124.23999786376953,129.36000061035156,124.2300033569336,127.26000213623047,2860600,0.0,0.0
2026-01-30 00:00:00-05:00,126.62000274658203,127.45999908447266,123.41999816894531,125.08999633789062,1927400,0.0,0.0
2026-02-02 00:00:00-05:00,124.61000061035156,127.43000030517578,123.75,127.06999969482422,2347500,0.0,0.0
2026-02-03 00:00:00-05:00,126.13999938964844,135.60000610351562,126.12000274658203,130.4600067138672,2816000,0.0,0.0
2026-02-04 00:00:00-05:00,132.08999633789062,135.8000030517578,131.60000610351562,134.57000732421875,2477400,0.0,0.0
2026-02-05 00:00:00-05:00,134.7100067138672,135.60000610351562,132.66000366210938,134.0500030517578,1621500,0.0,0.0
2026-02-06 00:00:00-05:00,134.58999633789062,136.4199981689453,131.1199951171875,135.08999633789062,1989400,0.0,0.0
2026-02-09 00:00:00-05:00,135.0,136.33999633789062,132.0,132.3699951171875,1465700,0.0,0.0
2026-02-10 00:00:00-05:00,133.82000732421875,137.8800048828125,133.1699981689453,137.3300018310547,1348700,0.0,0.0
2026-02-11 00:00:00-05:00,135.9499969482422,139.35000610351562,135.75,139.32000732421875,2104500,0.0,0.0
2026-02-12 00:00:00-05:00,140.0,142.64999389648438,138.67999267578125,138.88999938964844,2383400,0.0,0.0
2026-02-13 00:00:00-05:00,139.8300018310547,143.66000366210938,139.38999938964844,142.55999755859375,2159900,0.0,0.0
2026-02-17 00:00:00-05:00,142.35000610351562,144.5,139.02999877929688,141.5800018310547,1848200,0.0,0.0
2026-02-18 00:00:00-05:00,141.24000549316406,143.5399932861328,140.11000061035156,142.10000610351562,1747600,0.0,0.0
2026-02-19 00:00:00-05:00,141.5,142.17999267578125,139.10000610351562,139.61000061035156,1404000,0.0,0.0
2026-02-20 00:00:00-05:00,140.52000427246094,142.35000610351562,138.97999572753906,140.02000427246094,1243800,0.0,0.0
2026-02-23 00:00:00-05:00,139.9199981689453,141.02999877929688,137.25,140.2100067138672,1312500,0.0,0.0
2026-02-24 00:00:00-05:00,140.33999633789062,142.74000549316406,140.22000122070312,140.89999389648438,1112200,0.0,0.0
2026-02-25 00:00:00-05:00,140.8699951171875,141.17999267578125,131.22999572753906,134.61000061035156,2631100,0.0,0.0
2026-02-26 00:00:00-05:00,135.64999389648438,135.9199981689453,133.72000122070312,135.66000366210938,1256100,0.0,0.0
2026-02-27 00:00:00-05:00,135.27000427246094,138.25,134.47000122070312,137.1999969482422,2184900,0.0,0.0
2026-03-02 00:00:00-05:00,134.1300048828125,135.4199981689453,131.74000549316406,133.72000122070312,1223200,0.0,0.0
2026-03-03 00:00:00-05:00,130.10000610351562,132.75,127.7699966430664,132.02999877929688,895746,0.0,0.0
