Date,Open,High,Low,Close,Volume,Dividends,Stock Splits
2022-01-03 00:00:00-05:00,19.921141382117195,20.197919732243502,19.61668453708662,20.12180519104004,190400,0.0,0.0
2022-01-04 00:00:00-05:00,20.184074197411718,20.3847379438274,20.045684405565623,20.322463989257812,164900,0.0,0.0
2022-01-05 00:00:00-05:00,20.25326921660141,20.25326921660141,19.38833631175628,19.409093856811523,155000,0.0,0.0
2022-01-06 00:00:00-05:00,19.436769383600026,19.838098137545998,19.339897335338726,19.755064010620117,87900,0.0,0.0
2022-01-07 00:00:00-05:00,19.851942649744156,20.066445664898655,19.789667367960107,19.796586990356445,74000,0.0,0.0
2022-01-10 00:00:00-05:00,19.82426280710643,19.82426280710643,19.31914228469636,19.59592056274414,85400,0.0,0.0
2022-01-11 00:00:00-05:00,19.74609920350305,19.885156772475764,19.523608154067723,19.766958236694336,59700,0.136,0.0
2022-01-12 00:00:00-05:00,19.77391596024148,19.892114524191772,19.502753768736945,19.64181137084961,52300,0.0,0.0
2022-01-13 00:00:00-05:00,19.627893929355128,19.80866817649833,19.474931716918945,19.474931716918945,75900,0.0,0.0
2022-01-14 00:00:00-05:00,19.419316947559064,19.77391257877174,19.273306357694384,19.65571403503418,149100,0.0,0.0
2022-01-18 00:00:00-05:00,19.586186851490048,19.655715646356278,19.440176249655817,19.523611068725586,128300,0.0,0.0
2022-01-19 00:00:00-05:00,19.50274994215061,19.73914702366831,19.32892863669062,19.377599716186523,133300,0.0,0.0
2022-01-20 00:00:00-05:00,19.43322776651637,19.69048262592297,19.189877607453493,19.210735321044922,123200,0.0,0.0
2022-01-21 00:00:00-05:00,19.14815705994655,19.287213318891823,18.098276138305664,18.098276138305664,542100,0.0,0.0
2022-01-24 00:00:00-05:00,18.00788173633184,18.00788173633184,16.95800119795208,17.903589248657227,395400,0.0,0.0
2022-01-25 00:00:00-05:00,17.70196411281383,18.035702083756398,17.458615304831753,17.799304962158203,133100,0.0,0.0
2022-01-26 00:00:00-05:00,17.959221818166313,18.16780690758036,17.50728657366811,17.569862365722656,105500,0.0,0.0
2022-01-27 00:00:00-05:00,17.660246672535912,18.00093631652787,17.3890858250253,17.437755584716797,113000,0.0,0.0
2022-01-28 00:00:00-05:00,17.43775516558917,17.889690342628132,17.277839865831783,17.841020584106445,105700,0.0,0.0
2022-01-31 00:00:00-05:00,17.834065035212365,18.306859181287443,17.778442272506545,18.2651424407959,136000,0.0,0.0
2022-02-01 00:00:00-05:00,18.299907474163632,18.52935155244337,18.20256796403022,18.369436264038086,107100,0.0,0.0
2022-02-02 00:00:00-05:00,18.36943906799004,18.76575150677165,18.32076930549427,18.66145896911621,132700,0.0,0.0
2022-02-03 00:00:00-05:00,18.564124201150058,18.932624683703676,18.52240611447644,18.58498191833496,76600,0.0,0.0
2022-02-04 00:00:00-05:00,18.515447041752935,18.515447041752935,17.987031378304447,18.13999366760254,106100,0.0,0.0
2022-02-07 00:00:00-05:00,18.139992545259908,18.279050127764677,18.0774167657479,18.18170928955078,85700,0.0,0.0
2022-02-08 00:00:00-05:00,18.230383505610565,18.230383505610565,17.973128639036634,18.077421188354492,84600,0.0,0.0
2022-02-09 00:00:00-05:00,18.133043162314756,18.33467656468253,18.133043162314756,18.299911499023438,54500,0.0,0.0
2022-02-10 00:00:00-05:00,18.153901146980747,18.41810899988128,18.091325358581646,18.126089096069336,64800,0.0,0.0
2022-02-11 00:00:00-05:00,18.098275835666094,18.25819112754719,17.938359217633607,17.966171264648438,71000,0.0,0.0
2022-02-14 00:00:00-05:00,17.938362778764247,18.07742038914138,17.562909352588633,17.569862365722656,85400,0.0,0.0
2022-02-15 00:00:00-05:00,17.664929930634514,17.91658611379506,17.532110537674043,17.567062377929688,104600,0.136,0.0
2022-02-16 00:00:00-05:00,17.67192146637733,17.73483584870705,17.553083336790895,17.60201644897461,72000,0.0,0.0
2022-02-17 00:00:00-05:00,17.51812942228779,17.560073230956082,17.063748828332624,17.126663208007812,152200,0.0,0.0
2022-02-18 00:00:00-05:00,17.133656652992705,17.252494797056478,16.902971000789783,17.04977035522461,165700,0.0,0.0
2022-02-22 00:00:00-05:00,16.784129800867348,16.916949192598178,16.364701055046513,16.497520446777344,260900,0.0,0.0
2022-02-23 00:00:00-05:00,16.53247314313165,16.798111940354044,16.287806250951224,16.329750061035156,174900,0.0,0.0
2022-02-24 00:00:00-05:00,15.826437402473474,16.86102887459763,15.637695561832967,16.85403823852539,276700,0.0,0.0
2022-02-25 00:00:00-05:00,16.861026587640584,17.322397839210076,16.861026587640584,17.30142593383789,71500,0.0,0.0
2022-02-28 00:00:00-05:00,17.224528336221436,17.44822330162787,17.070738380836303,17.210548400878906,137200,0.0,0.0
2022-03-01 00:00:00-05:00,17.189583437960955,17.343373455436947,17.084726547257883,17.168611526489258,93300,0.0,0.0
2022-03-02 00:00:00-05:00,17.231516084824296,17.399287280782772,17.182582986002274,17.224525451660156,100500,0.0,0.0
2022-03-03 00:00:00-05:00,17.371331763156437,17.469197992809935,17.231521720799403,17.385313034057617,68900,0.0,0.0
2022-03-04 00:00:00-05:00,17.336373079890226,17.47618307784376,17.168601882342163,17.37831687927246,69400,0.0,0.0
2022-03-07 00:00:00-05:00,17.3293888118148,17.336378113747653,16.923939966687257,16.993844985961914,75800,0.0,0.0
2022-03-08 00:00:00-05:00,16.92393684387207,17.20355686937504,16.833061268912573,16.92393684387207,100100,0.0,0.0
2022-03-09 00:00:00-05:00,17.05675879793707,17.2734631504262,17.05675879793707,17.10569190979004,65100,0.0,0.0
2022-03-10 00:00:00-05:00,16.986855473531744,17.16161736660646,16.875007968630115,17.11268424987793,138800,0.0,0.0
2022-03-11 00:00:00-05:00,17.126668028162253,17.273467399834956,16.979868656489554,17.000839233398438,86900,0.0,0.0
2022-03-14 00:00:00-04:00,17.112679576190306,17.196565848619848,16.707232148322838,16.79810905456543,117900,0.0,0.0
2022-03-15 00:00:00-04:00,16.823421462724987,17.08354047202183,16.80936061332613,17.01323890686035,108600,0.136,0.0
2022-03-16 00:00:00-04:00,17.020267408873597,17.37881101079066,16.92184414827861,17.329599380493164,120300,0.0,0.0
2022-03-17 00:00:00-04:00,17.231179606672814,17.59675370702388,17.174937540535467,17.5545711517334,64000,0.0,0.0
2022-03-18 00:00:00-04:00,17.43505085734853,17.821716108129824,17.43505085734853,17.67407989501953,67000,0.0,0.0
2022-03-21 00:00:00-04:00,17.652994446989588,17.751417720106794,17.34366243601427,17.42802619934082,73600,0.0,0.0
2022-03-22 00:00:00-04:00,17.420991356032435,17.73735237121582,17.420991356032435,17.73735237121582,99500,0.0,0.0
2022-03-23 00:00:00-04:00,17.716266714443158,17.716266714443158,17.449115917987488,17.596752166748047,58000,0.0,0.0
2022-03-24 00:00:00-04:00,17.575656754760026,17.61080753190307,17.399900187212427,17.43505096435547,91800,0.0,0.0
2022-03-25 00:00:00-04:00,17.4842621784953,17.652988305532222,17.470201332679874,17.638927459716797,46900,0.0,0.0
2022-03-28 00:00:00-04:00,17.709231907073978,17.9552913668438,17.638929012723146,17.913108825683594,58900,0.0,0.0
2022-03-29 00:00:00-04:00,18.081842103031832,18.51771914727983,17.962327537747438,18.503658294677734,115000,0.0,0.0
2022-03-30 00:00:00-04:00,18.475538152792527,18.51068894380419,18.320871454141066,18.398204803466797,71600,0.0,0.0
2022-03-31 00:00:00-04:00,18.595048249874704,19.08716591033264,18.454442437791634,18.90437889099121,139200,0.0,0.0
2022-04-01 00:00:00-04:00,18.85516748395671,19.185590744018555,18.66535003765519,19.185590744018555,111000,0.0,0.0
2022-04-04 00:00:00-04:00,19.199655993198682,19.241838554488865,18.925476049396583,18.98874855041504,69600,0.0,0.0
2022-04-05 00:00:00-04:00,18.981716473633107,19.02389769034006,18.559900283813477,18.559900283813477,61700,0.0,0.0
2022-04-06 00:00:00-04:00,18.475532533969297,18.524744162785954,18.285715102033905,18.348987579345703,74600,0.0,0.0
2022-04-07 00:00:00-04:00,18.29274733330045,18.384140175714297,17.955294981580405,18.081838607788086,88800,0.0,0.0
2022-04-08 00:00:00-04:00,17.983415340432185,18.1943227250281,17.962324065606012,18.081838607788086,55300,0.0,0.0
2022-04-11 00:00:00-04:00,17.941234650538224,18.081839130696153,17.906082524811374,17.948265075683594,82000,0.0,0.0
2022-04-12 00:00:00-04:00,17.987836837768555,18.122126197068617,17.924225521006523,17.987836837768555,57200,0.136,0.0
2022-04-13 00:00:00-04:00,17.924232956262248,18.05852237126769,17.874757766723633,17.874757766723633,79800,0.0,0.0
2022-04-14 00:00:00-04:00,17.95956696597423,18.05851731735893,17.669782638549805,17.669782638549805,65000,0.0,0.0
2022-04-18 00:00:00-04:00,17.65564909382283,17.825278870408518,17.54256257609904,17.599105834960938,109600,0.0,0.0
2022-04-19 00:00:00-04:00,17.627378853475662,18.058520714249795,17.627378853475662,18.04438591003418,89100,0.0,0.0
2022-04-20 00:00:00-04:00,18.100925264616873,18.46845570875779,18.100925264616873,18.454320907592773,88500,0.0,0.0
2022-04-21 00:00:00-04:00,18.475531988554415,18.52500718484788,18.26349504784014,18.27056312561035,69500,0.0,0.0
2022-04-22 00:00:00-04:00,18.199874334556405,18.27055372780521,17.994904228944602,18.051448822021484,65100,0.0,0.0
2022-04-25 00:00:00-04:00,17.938366729975183,18.037318451458603,17.69805887290961,17.917163848876953,59100,0.0,0.0
2022-04-26 00:00:00-04:00,17.85355384218623,17.92423326335138,17.676855963322268,17.719263076782227,54800,0.0,0.0
2022-04-27 00:00:00-04:00,17.775802889093704,17.910093628396233,17.577902166013736,17.61324119567871,71100,0.0,0.0
2022-04-28 00:00:00-04:00,17.747529048180304,18.03024528380638,17.59910218191577,17.980770111083984,97600,0.0,0.0
2022-04-29 00:00:00-04:00,17.95250757475039,17.95250757475039,17.309327283449544,17.323463439941406,134400,0.0,0.0
2022-05-02 00:00:00-04:00,17.387073626278116,17.46481978555654,16.637874907889536,16.86404800415039,149000,0.0,0.0
2022-05-03 00:00:00-04:00,16.864046735802912,17.210374431917238,16.864046735802912,17.125558853149414,76500,0.0,0.0
2022-05-04 00:00:00-04:00,17.238636556482344,17.655643463134766,17.090211054841923,17.655643463134766,61100,0.0,0.0
2022-05-05 00:00:00-04:00,17.59910522729615,17.59910522729615,16.97006132566509,17.069011688232422,79600,0.0,0.0
2022-05-06 00:00:00-04:00,17.026609680888136,17.03367775863044,16.48237982761274,16.616670608520508,144300,0.0,0.0
2022-05-09 00:00:00-04:00,16.482376179105675,16.538919440429797,15.980554903366281,16.015893936157227,136200,0.0,0.0
2022-05-10 00:00:00-04:00,16.169481268768813,16.46812609879831,15.415759119165752,15.721514701843262,190700,0.136,0.0
2022-05-11 00:00:00-04:00,15.643302440289297,15.998832041204961,15.62197017598875,15.664634704589844,107400,0.0,0.0
2022-05-12 00:00:00-04:00,15.66463040755769,15.764178234510588,15.429980989570552,15.643298149108887,137900,0.0,0.0
2022-05-13 00:00:00-04:00,15.728625685538875,16.04149066922287,15.728625685538875,15.91349983215332,101700,0.0,0.0
2022-05-16 00:00:00-04:00,15.792623521082133,15.949057406537444,15.707297180140815,15.835288047790527,96600,0.0,0.0
2022-05-17 00:00:00-04:00,16.1054858153328,16.1054858153328,15.813951738600094,16.048601150512695,120500,0.0,0.0
2022-05-18 00:00:00-04:00,15.94194476904369,16.034381853517857,15.600636733117819,15.650410652160645,75700,0.0,0.0
2022-05-19 00:00:00-04:00,15.572195211690707,15.785513771774951,15.543753550755431,15.565084457397461,127200,0.0,0.0
2022-05-20 00:00:00-04:00,15.643299776210858,15.72862746264381,15.380207319593692,15.47264575958252,109700,0.0,0.0
2022-05-23 00:00:00-04:00,15.607749157396627,15.685964743020088,15.408652103676223,15.678853988647461,132000,0.0,0.0
2022-05-24 00:00:00-04:00,15.600634848469324,15.977495250688095,15.47975476415224,15.91349983215332,112500,0.0,0.0
2022-05-25 00:00:00-04:00,15.913501547191162,16.176594002436858,15.856616875278249,16.105487823486328,126600,0.0,0.0
2022-05-26 00:00:00-04:00,16.105489518320812,16.354360492718413,16.105489518320812,16.297475814819336,149400,0.0,0.0
2022-05-27 00:00:00-04:00,16.397022636890245,16.773884452057622,16.397022636890245,16.745441436767578,78200,0.0,0.0
2022-05-31 00:00:00-04:00,16.809438521559095,16.92320788145639,16.532125876339162,16.57478904724121,105900,0.0,0.0
2022-06-01 00:00:00-04:00,16.596123458974848,16.702782078154485,16.375695465171873,16.62456512451172,96500,0.0,0.0
2022-06-02 00:00:00-04:00,16.61745722405052,16.894769930176263,16.36858618602683,16.702783584594727,176200,0.0,0.0
2022-06-03 00:00:00-04:00,16.56056889443236,16.724112179755,16.532125876339162,16.57478904724121,64700,0.0,0.0
2022-06-06 00:00:00-04:00,16.7170014252317,16.76677535065705,16.53923663086246,16.57478904724121,71800,0.0,0.0
2022-06-07 00:00:00-04:00,16.62455953740759,16.802324295043945,16.53212246018117,16.802324295043945,74200,0.0,0.0
2022-06-08 00:00:00-04:00,16.773883247372464,16.816546411005884,16.41124296589461,16.432575225830078,100800,0.0,0.0
2022-06-09 00:00:00-04:00,16.389914416993676,16.43968970144665,16.105491001308682,16.133934020996094,65700,0.0,0.0
2022-06-10 00:00:00-04:00,15.998832616913186,15.998832616913186,15.742850861046463,15.821067810058594,109600,0.0,0.0
2022-06-13 00:00:00-04:00,15.408654959540815,15.671747495139135,14.818475799605205,14.875360488891602,176500,0.0,0.0
2022-06-14 00:00:00-04:00,14.929750942208747,15.09436435457396,14.636309167083926,14.650622367858887,380400,0.136,0.0
2022-06-15 00:00:00-04:00,14.786607483778988,15.330548681990834,14.786607483778988,15.216034889221191,159700,0.0,0.0
2022-06-16 00:00:00-04:00,14.89396595728864,14.965537428482742,14.52895268279976,14.543267250061035,167500,0.0,0.0
2022-06-17 00:00:00-04:00,14.528949282322051,14.822391016937253,14.493164237656568,14.521793365478516,204000,0.0,0.0
2022-06-21 00:00:00-04:00,14.629151940649018,14.843864969336318,14.579052324962792,14.750823020935059,114500,0.0,0.0
2022-06-22 00:00:00-04:00,14.593368066332754,15.008480995143554,14.593368066332754,14.793767929077148,99400,0.0,0.0
2022-06-23 00:00:00-04:00,14.779449955617812,14.987007054760499,14.672093447318383,14.972692489624023,104200,0.0,0.0
2022-06-24 00:00:00-04:00,15.11583546608828,15.294763435612888,15.01563487487829,15.27329158782959,130200,0.0,0.0
2022-06-27 00:00:00-04:00,15.287609594857482,15.409280696131624,15.216038117911685,15.301922798156738,80600,0.0,0.0
2022-06-28 00:00:00-04:00,15.387806790358988,15.559577493042555,15.1587791867809,15.165936470031738,72900,0.0,0.0
2022-06-29 00:00:00-04:00,15.137304334667473,15.266132677406146,14.958376384221967,15.230347633361816,88900,0.0,0.0
2022-06-30 00:00:00-04:00,15.208877409591764,15.473691405137497,15.065734487927248,15.27329158782959,159700,0.0,0.0
2022-07-01 00:00:00-04:00,15.201723617834778,15.638308400565537,15.1730958459952,15.616836547851562,123300,0.0,0.0
2022-07-05 00:00:00-04:00,15.50947395872506,15.731344223022461,15.230346807992461,15.731344223022461,108000,0.0,0.0
2022-07-06 00:00:00-04:00,15.817232349540706,15.903117008117885,15.552418361184996,15.674089431762695,146100,0.0,0.0
2022-07-07 00:00:00-04:00,15.752817337826583,15.981844902038574,15.58104666466759,15.981844902038574,160300,0.0,0.0
2022-07-08 00:00:00-04:00,15.996158378801026,16.0534152659622,15.817230435783367,15.960371971130371,163400,0.0,0.0
2022-07-11 00:00:00-04:00,15.917436027725453,15.9603783690323,15.759979866192067,15.795764923095703,131400,0.0,0.0
2022-07-12 00:00:00-04:00,15.742473115793768,15.879300571854658,15.548032364242102,15.735271453857422,111500,0.136,0.0
2022-07-13 00:00:00-04:00,15.526427811746544,15.706465244450023,15.281576793383683,15.663256645202637,114100,0.0,0.0
2022-07-14 00:00:00-04:00,15.353591572631542,15.670457829121238,15.310382974702762,15.620047569274902,116800,0.0,0.0
2022-07-15 00:00:00-04:00,15.77127748160493,15.886501318796949,15.670456967456035,15.850494384765625,359000,0.0,0.0
2022-07-18 00:00:00-04:00,15.980121971089295,16.044935552935033,15.641650738433428,15.728069305419922,90000,0.0,0.0
2022-07-19 00:00:00-04:00,15.836092555594574,15.987324714660645,15.785682293764756,15.987324714660645,62600,0.0,0.0
2022-07-20 00:00:00-04:00,15.944113338078369,16.145755741225997,15.944113338078369,16.04493522644043,58200,0.0,0.0
2022-07-21 00:00:00-04:00,16.030529592386024,16.296984164072605,16.023327931857157,16.23937225341797,86700,0.0,0.0
2022-07-22 00:00:00-04:00,16.23936806012089,16.44101038213259,16.232167775027563,16.325786590576172,110700,0.0,0.0
2022-07-25 00:00:00-04:00,16.448214117390933,16.55623626391589,16.390602214339214,16.52022933959961,130900,0.0,0.0
2022-07-26 00:00:00-04:00,16.47701938212873,16.628251486124565,16.46981909612637,16.52022933959961,100200,0.0,0.0
2022-07-27 00:00:00-04:00,16.628254019540897,16.865903327533577,16.563440447035955,16.75788116455078,70700,0.0,0.0
2022-07-28 00:00:00-04:00,16.779491043872238,17.261991500854492,16.779491043872238,17.261991500854492,83400,0.0,0.0
2022-07-29 00:00:00-04:00,17.334002474784068,17.37001078271592,17.21157697496878,17.319599151611328,101500,0.0,0.0
2022-08-01 00:00:00-04:00,17.391609453273645,17.888512972960353,17.36280418868769,17.751684188842773,159100,0.0,0.0
2022-08-02 00:00:00-04:00,17.694074588891763,17.996537461076933,17.5500455000651,17.59325408935547,58000,0.0,0.0
2022-08-03 00:00:00-04:00,17.694076990698044,17.81650248828579,17.607659800386973,17.636465072631836,78000,0.0,0.0
2022-08-04 00:00:00-04:00,17.758892068574117,17.7948990053123,17.58605629979299,17.722885131835938,44600,0.0,0.0
2022-08-05 00:00:00-04:00,17.622057413913232,18.28459499544919,17.614855754229822,18.205379486083984,184500,0.0,0.0
2022-08-08 00:00:00-04:00,18.21258188454359,18.291797397122096,17.895715713500977,17.895715713500977,169000,0.0,0.0
2022-08-09 00:00:00-04:00,17.967734729141892,17.99654000154298,17.809300923418213,17.866912841796875,53500,0.0,0.0
2022-08-10 00:00:00-04:00,18.025345739494735,18.111762925921223,17.902920247410197,17.982135772705078,126400,0.0,0.0
2022-08-11 00:00:00-04:00,18.068557623001382,18.133371211412044,17.64366915389891,17.70848274230957,87400,0.0,0.0
2022-08-12 00:00:00-04:00,17.859713193686844,18.23419139215254,17.80930293111966,18.126169204711914,67100,0.0,0.0
2022-08-15 00:00:00-04:00,18.198182189965994,18.493443439902833,18.0181447754398,18.378219604492188,116000,0.0,0.0
2022-08-16 00:00:00-04:00,18.339119467257262,18.45496061709033,18.179838231470654,18.18707847595215,69400,0.136,0.0
2022-08-17 00:00:00-04:00,18.179842027483446,18.33188305053524,18.006080266451796,18.107440948486328,78200,0.0,0.0
2022-08-18 00:00:00-04:00,18.136401268640007,18.136401268640007,17.817838717953833,17.8250789642334,53000,0.0,0.0
2022-08-19 00:00:00-04:00,17.78887635308796,17.839556692178245,17.44135284423828,17.44135284423828,76900,0.0,0.0
2022-08-22 00:00:00-04:00,17.274826500461536,17.383427393963682,17.014183251308165,17.04314422607422,94300,0.0,0.0
2022-08-23 00:00:00-04:00,16.977991335161533,17.19519322350512,16.77526856002117,16.854909896850586,89900,0.0,0.0
2022-08-24 00:00:00-04:00,16.95626407726147,17.383428823645534,16.94902383297449,17.195186614990234,64300,0.0,0.0
2022-08-25 00:00:00-04:00,17.166225521005813,17.347227484142202,17.12278543651499,17.25310707092285,54100,0.0,0.0
2022-08-26 00:00:00-04:00,17.245871115966946,17.303791703338806,17.014188766479492,17.014188766479492,67200,0.0,0.0
2022-08-29 00:00:00-04:00,17.014188603592064,17.361712124496183,16.94902777080558,17.14451026916504,86800,0.0,0.0
2022-08-30 00:00:00-04:00,17.245863867730865,17.245863867730865,16.862140655517578,16.862140655517578,103900,0.0,0.0
2022-08-31 00:00:00-04:00,17.05762322890877,17.260345908233916,16.941782092418766,17.028663635253906,75000,0.0,0.0
2022-09-01 00:00:00-04:00,16.891105106480573,17.282070055113078,16.65942278770674,17.11554718017578,64500,0.0,0.0
2022-09-02 00:00:00-04:00,17.296551457300357,17.35447204467222,16.833186758325457,17.014188766479492,63300,0.0,0.0
2022-09-06 00:00:00-04:00,17.028671634852717,17.1951931741674,16.74630752369312,16.84766960144043,71100,0.0,0.0
2022-09-07 00:00:00-04:00,16.789746436462746,17.448593626777825,16.789746436462746,17.057628631591797,43200,0.0,0.0
2022-09-08 00:00:00-04:00,16.977985641333202,17.115546146714347,16.768022689537567,16.789743423461914,69100,0.0,0.0
2022-09-09 00:00:00-04:00,16.927305597806104,17.00694691577889,16.760784097440826,16.90558624267578,64500,0.0,0.0
2022-09-12 00:00:00-04:00,16.992467799060794,17.2024307885353,16.992467799060794,17.057628631591797,57700,0.0,0.0
2022-09-13 00:00:00-04:00,16.92363387314745,16.952762997744806,16.69060643218102,16.72701644897461,61400,0.136,0.0
2022-09-14 00:00:00-04:00,16.74886607748173,16.77799520692278,16.45029944547767,16.523120880126953,87200,0.0,0.0
2022-09-15 00:00:00-04:00,16.501273114008878,16.60322228346782,16.28281021118164,16.28281021118164,43600,0.0,0.0
2022-09-16 00:00:00-04:00,16.144447500588683,16.144447500588683,15.904137783622673,15.984241485595703,85000,0.0,0.0
2022-09-19 00:00:00-04:00,15.824038427814221,15.969681309775385,15.75121698683364,15.845885276794434,66900,0.0,0.0
2022-09-20 00:00:00-04:00,15.627413941022942,15.751209918450229,15.445361114744747,15.452643394470215,104800,0.0,0.0
2022-09-21 00:00:00-04:00,15.49634254583947,15.612856284691746,15.175929069519043,15.175929069519043,96900,0.0,0.0
2022-09-22 00:00:00-04:00,15.05213240493431,15.095824707897863,14.753565788269043,14.753565788269043,160600,0.0,0.0
2022-09-23 00:00:00-04:00,14.615201934605269,14.746280203087407,13.996221993969032,14.127300262451172,343300,0.0,0.0
2022-09-26 00:00:00-04:00,13.981660723059875,14.178276763560651,13.690375025074886,13.886992454528809,219200,0.0,0.0
2022-09-27 00:00:00-04:00,14.025355081108598,14.134586539411654,13.792327599674524,13.974380493164062,237700,0.0,0.0
2022-09-28 00:00:00-04:00,14.090891373472028,14.491407102264173,14.061762249729219,14.447714805603027,169100,0.0,0.0
2022-09-29 00:00:00-04:00,14.367614818452747,14.367614818452747,13.836020673301055,13.901559829711914,204100,0.0,0.0
2022-09-30 00:00:00-04:00,13.959821432697357,14.280235040485056,13.952539147411967,14.120027542114258,131800,0.0,0.0
2022-10-03 00:00:00-04:00,14.243820106278699,14.92105719254617,14.243820106278699,14.484129905700684,343000,0.0,0.0
2022-10-04 00:00:00-04:00,14.964749321783874,15.343419725022258,14.673464930428786,15.30700969696045,202400,0.0,0.0
2022-10-05 00:00:00-04:00,15.24874767733135,15.24874767733135,14.316636550317636,14.44043254852295,491100,0.0,0.0
2022-10-06 00:00:00-04:00,14.469563833475835,14.768130452161179,14.141868086648858,14.72443675994873,158800,0.0,0.0
2022-10-07 00:00:00-04:00,14.688029736125484,14.695312019646996,14.141870972594225,14.251102447509766,112900,0.0,0.0
2022-10-10 00:00:00-04:00,14.302072300548486,14.673460303269541,14.302072300548486,14.476842880249023,113100,0.0,0.0
2022-10-11 00:00:00-04:00,14.40059134474203,14.774537633443199,14.297939915949062,14.686551094055176,150700,0.136,0.0
2022-10-12 00:00:00-04:00,14.679219448222396,14.679219448222396,14.40792457354984,14.525240898132324,69400,0.0,0.0
2022-10-13 00:00:00-04:00,14.297936919684641,14.686548016353719,14.217281443380362,14.613224983215332,97400,0.0,0.0
2022-10-14 00:00:00-04:00,14.708546692628904,14.825863008138784,14.393258570250804,14.422588348388672,111100,0.0,0.0
2022-10-17 00:00:00-04:00,14.62788495838924,14.847852585432058,14.547229509164175,14.708539009094238,112600,0.0,0.0
2022-10-18 00:00:00-04:00,14.95051029315419,15.14848208049036,14.81119805630636,14.906517028808594,208200,0.0,0.0
2022-10-19 00:00:00-04:00,14.84052613173382,14.877188350044706,14.561900265174232,14.781867980957031,206100,0.0,0.0
2022-10-20 00:00:00-04:00,14.77453676124283,14.98717344949927,14.64255556143135,14.737875938415527,93800,0.0,0.0
2022-10-21 00:00:00-04:00,14.708546586457013,14.789202077233151,14.48124640161246,14.62789249420166,87000,0.0,0.0
2022-10-24 00:00:00-04:00,14.811197015844467,14.950509242905847,14.649886060374676,14.85519027709961,168900,0.0,0.0
2022-10-25 00:00:00-04:00,14.877191151865064,15.346456446456072,14.877191151865064,15.295130729675293,149200,0.0,0.0
2022-10-26 00:00:00-04:00,15.397777697101358,15.50042910088881,15.28779385039759,15.331787109375,107200,0.0,0.0
2022-10-27 00:00:00-04:00,15.390445783879649,15.72773117703615,15.34645252338812,15.529759407043457,81500,0.0,0.0
2022-10-28 00:00:00-04:00,15.471102510104872,15.764393267943884,15.397779471014957,15.654409408569336,121000,0.0,0.0
2022-10-31 00:00:00-04:00,15.669077627102238,16.24099437683907,15.595754572424942,16.021026611328125,156200,0.0,0.0
2022-11-01 00:00:00-04:00,16.072351152849908,16.21899725146362,15.566423651005527,15.610418319702148,187400,0.0,0.0
2022-11-02 00:00:00-04:00,15.705733306984206,15.727730635733154,15.28779385039759,15.331787109375,167300,0.0,0.0
2022-11-03 00:00:00-04:00,15.214468235697874,15.361114272076556,15.163142542521411,15.199803352355957,116900,0.0,0.0
2022-11-04 00:00:00-04:00,15.309791236417247,15.39044671764568,15.089823522093221,15.273130416870117,119600,0.0,0.0
2022-11-07 00:00:00-05:00,15.309795132247064,15.603087357339636,15.177815309180579,15.493102073669434,125600,0.0,0.0
2022-11-08 00:00:00-05:00,15.617751208813905,15.639748545757836,15.412448324754568,15.500434875488281,113300,0.0,0.0
2022-11-09 00:00:00-05:00,15.500432588995519,15.764394999301173,15.471104209250893,15.749730110168457,126100,0.0,0.0
2022-11-10 00:00:00-05:00,16.079683454833866,16.65893260232012,15.955034691675431,16.607606887817383,190900,0.0,0.0
2022-11-11 00:00:00-05:00,16.658929328401644,16.673594214954914,16.31431288552316,16.431629180908203,104200,0.0,0.0
2022-11-14 00:00:00-05:00,16.468287596925062,16.55627550489137,15.962361671309926,15.999022483825684,116400,0.0,0.0
2022-11-15 00:00:00-05:00,16.1288877971779,16.23956149110948,15.78948687418969,15.863269805908203,158200,0.136,0.0
2022-11-16 00:00:00-05:00,15.892783349307363,16.06986153891481,15.582896165671242,15.605030059814453,141300,0.0,0.0
2022-11-17 00:00:00-05:00,15.479596800353224,15.553379718313568,15.213980265904937,15.464839935302734,121400,0.0,0.0
2022-11-18 00:00:00-05:00,15.553382286459406,15.634543650346211,15.531246985228732,15.597651481628418,100200,0.0,0.0
2022-11-21 00:00:00-05:00,15.63454232333601,15.996077102330418,15.63454232333601,15.973941802978516,174400,0.0,0.0
2022-11-22 00:00:00-05:00,15.94442556860162,16.217420490548676,15.937047137293337,16.187908172607422,111500,0.0,0.0
2022-11-23 00:00:00-05:00,16.26907100427689,16.637984191741598,16.261693978944667,16.53468894958496,223000,0.0,0.0
2022-11-25 00:00:00-05:00,16.63797647378298,16.896215866675636,16.615842593469438,16.7486515045166,86700,0.0,0.0
2022-11-28 00:00:00-05:00,16.660123494097686,16.748663299579476,16.41664078813834,16.46828842163086,139100,0.0,0.0
2022-11-29 00:00:00-05:00,16.468283381366163,16.674875259399414,16.468283381366163,16.674875259399414,73600,0.0,0.0
2022-11-30 00:00:00-05:00,16.711762838199174,17.11018965430033,16.637979938110988,17.07329750061035,141400,0.0,0.0
2022-12-01 00:00:00-05:00,17.20611176072294,17.70045551472244,17.183977868955274,17.27251625061035,287900,0.0,0.0
2022-12-02 00:00:00-05:00,17.154461890151822,18.017718738335013,17.154461890151822,17.892288208007812,333300,0.0,0.0
2022-12-05 00:00:00-05:00,17.707829501491133,18.039851867560834,17.427456153592605,17.538129806518555,281700,0.0,0.0
2022-12-06 00:00:00-05:00,17.471726836476734,17.69307416137215,17.220865784372876,17.346296310424805,212700,0.0,0.0
2022-12-07 00:00:00-05:00,17.331614120235386,17.54033596369313,17.27750137736745,17.486223220825195,141800,1.071,0.0
2022-12-08 00:00:00-05:00,17.486215348574866,17.540328067081393,16.62040742908747,16.697711944580078,182600,0.0,0.0
2022-12-09 00:00:00-05:00,16.620407219381217,16.790475971750332,16.543102704863994,16.6126766204834,137400,0.0,0.0
2022-12-12 00:00:00-05:00,16.72091198448906,17.200199079512856,16.628147691556617,16.94509506225586,139500,0.0,0.0
2022-12-13 00:00:00-05:00,17.144219963391365,18.311022544010573,17.144219963391365,17.70428466796875,363400,0.136,0.0
2022-12-14 00:00:00-05:00,17.65761844800078,17.696511285931763,17.323134700594302,17.626502990722656,208300,0.0,0.0
2022-12-15 00:00:00-05:00,17.564278462924843,18.101008381467985,17.47093354869979,17.673179626464844,396100,0.0,0.0
2022-12-16 00:00:00-05:00,17.517601161738504,17.642060018573833,16.88752652988472,17.19867515563965,146600,0.0,0.0
2022-12-19 00:00:00-05:00,17.09755139977214,17.09755139977214,16.22633940230176,16.381912231445312,239400,0.0,0.0
2022-12-20 00:00:00-05:00,16.2963444151363,16.739729188649537,16.25745010292776,16.3974666595459,103700,0.0,0.0
2022-12-21 00:00:00-05:00,16.451918280054695,16.59193484575441,15.977419509664601,16.008533477783203,205900,0.0,0.0
2022-12-22 00:00:00-05:00,16.03186572914602,16.171882256963784,15.347340811740505,15.604037284851074,248600,0.0,0.0
2022-12-23 00:00:00-05:00,15.510690872818605,15.915181171403376,15.510690872818605,15.736271858215332,114600,0.0,0.0
2022-12-27 00:00:00-05:00,15.674049640258643,15.992975599687748,15.611820220947266,15.611820220947266,103400,0.0,0.0
2022-12-28 00:00:00-05:00,15.744055378272124,15.86073533516769,15.518474326096184,15.580703735351562,173700,0.0,0.0
2022-12-29 00:00:00-05:00,15.596264274779456,16.047427987182555,15.572929167166581,15.860739707946777,146900,0.0,0.0
2022-12-30 00:00:00-05:00,15.821842808470512,16.086318173698924,15.658489678810058,15.852956771850586,178500,0.0,0.0
2023-01-03 00:00:00-05:00,16.0785392791698,16.615268870294344,16.000752145378883,16.451915740966797,111500,0.0,0.0
2023-01-04 00:00:00-05:00,16.490812732991582,17.050877516817803,16.490812732991582,16.545263290405273,64600,0.0,0.0
2023-01-05 00:00:00-05:00,16.545261735694638,16.74750770398846,16.32745804283984,16.49858856201172,82900,0.0,0.0
2023-01-06 00:00:00-05:00,16.59971650856129,17.369806266133722,16.568601051528066,17.074216842651367,90900,0.0,0.0
2023-01-09 00:00:00-05:00,17.0819949844538,17.64984023128131,17.0819949844538,17.463151931762695,102900,0.0,0.0
2023-01-10 00:00:00-05:00,17.486480985466663,17.79762804356521,17.369801024137985,17.70428466796875,76900,0.0,0.0
2023-01-11 00:00:00-05:00,17.642053255949207,17.859855430088903,17.346462471522425,17.603158950805664,150100,0.0,0.0
2023-01-12 00:00:00-05:00,17.80540488655398,17.813183747582688,17.595381573442992,17.603158950805664,133600,0.0,0.0
2023-01-13 00:00:00-05:00,17.478711383601887,17.657622335001708,17.37758909252111,17.48649024963379,84500,0.0,0.0
2023-01-17 00:00:00-05:00,17.49118149854202,17.725961857167906,17.35031268628764,17.467702865600586,137500,0.136,0.0
2023-01-18 00:00:00-05:00,17.5929151663222,17.632046212128362,17.217266082763672,17.217266082763672,117600,0.0,0.0
2023-01-19 00:00:00-05:00,17.12335449119618,17.397265863857772,17.107703564267407,17.185962677001953,80100,0.0,0.0
2023-01-20 00:00:00-05:00,17.20162283095212,17.27205725823999,16.99814576242023,17.225101470947266,107700,0.0,0.0
2023-01-23 00:00:00-05:00,17.201616116714437,17.295529147340755,17.013791548158785,17.131181716918945,134600,0.0,0.0
2023-01-24 00:00:00-05:00,17.217270725316265,17.381616683926914,16.990315076533363,17.24074935913086,66600,0.0,0.0
2023-01-25 00:00:00-05:00,17.162488739112714,17.373791965352552,17.092054330366103,17.24074935913086,73400,0.0,0.0
2023-01-26 00:00:00-05:00,17.303353488918564,17.51465517278825,17.303353488918564,17.45987319946289,67900,0.0,0.0
2023-01-27 00:00:00-05:00,17.514655702426086,17.81987190870629,17.49117856611775,17.67117691040039,84900,0.0,0.0
2023-01-30 00:00:00-05:00,17.51465439293798,17.63204603649032,17.37378710752933,17.44422149658203,90800,0.0,0.0
2023-01-31 00:00:00-05:00,17.444227046550115,18.179873022066165,17.42857462340367,18.062482833862305,129100,0.0,0.0
2023-02-01 00:00:00-05:00,17.905948209075852,18.085947955375786,17.639864677881054,17.882471084594727,130100,0.0,0.0
2023-02-02 00:00:00-05:00,17.999873062095677,18.32074024509118,17.992046851205895,18.203350067138672,80500,0.0,0.0
2023-02-03 00:00:00-05:00,18.15639237508394,18.15639237508394,17.68683022021683,17.72595977783203,148100,0.0,0.0
2023-02-06 00:00:00-05:00,17.686835368931472,17.859007562334146,17.499010750847457,17.63205337524414,103100,0.0,0.0
2023-02-07 00:00:00-05:00,17.725957579635647,17.952913165210475,17.358134708496888,17.913782119750977,128200,0.0,0.0
2023-02-08 00:00:00-05:00,17.819871848311262,17.90595716897819,17.522481852707376,17.639873504638672,70200,0.0,0.0
2023-02-09 00:00:00-05:00,17.780736170438942,17.827693416063703,17.3268265782749,17.358131408691406,84600,0.0,0.0
2023-02-10 00:00:00-05:00,17.287699288295236,17.514653367637337,17.25639445379472,17.35030746459961,88500,0.0,0.0
2023-02-13 00:00:00-05:00,17.311183748145947,17.694659143830876,17.311183748145947,17.569442749023438,85300,0.0,0.0
2023-02-14 00:00:00-05:00,17.51904790681357,17.692269412886535,17.41669008545107,17.495426177978516,62300,0.136,0.0
2023-02-15 00:00:00-05:00,17.432434025052007,17.49542379155882,17.26708645114455,17.330076217651367,102600,0.0,0.0
2023-02-16 00:00:00-05:00,17.211967974664315,17.28283163892808,16.857649653345483,16.912765502929688,160800,0.0,0.0
2023-02-17 00:00:00-05:00,16.889146857692335,16.975756842918162,16.77103973837587,16.960010528564453,72500,0.0,0.0
2023-02-21 00:00:00-05:00,16.920645369950158,16.920645369950158,16.550580605404203,16.589948654174805,113200,0.0,0.0
2023-02-22 00:00:00-05:00,16.550579488875233,16.77891685957134,16.550579488875233,16.645063400268555,77100,0.0,0.0
2023-02-23 00:00:00-05:00,16.771045309281135,16.8025409520394,16.582075958116253,16.778919219970703,65600,0.0,0.0
2023-02-24 00:00:00-05:00,16.67656138459615,17.015132035272984,16.621445511564087,16.778919219970703,97300,0.0,0.0
2023-02-27 00:00:00-05:00,16.818288428037373,17.062373647221772,16.708055182442102,16.857656478881836,63300,0.0,0.0
2023-02-28 00:00:00-05:00,16.920650060372846,17.196230983542772,16.684438698681603,16.715932846069336,94300,0.0,0.0
2023-03-01 00:00:00-05:00,16.715927871004794,16.81041328863727,16.61357004521481,16.668685913085938,62700,0.0,0.0
2023-03-02 00:00:00-05:00,16.605696170954058,16.77104377492283,16.54270639299527,16.73954963684082,71100,0.0,0.0
2023-03-03 00:00:00-05:00,16.81040802335473,16.912765817084654,16.794660208382652,16.834028244018555,58400,0.0,0.0
2023-03-06 00:00:00-05:00,16.9206396444204,17.19622039794922,16.904891829522917,17.19622039794922,93700,0.0,0.0
2023-03-07 00:00:00-05:00,17.211974527398553,17.219848437735994,16.794666290283203,16.794666290283203,81200,0.0,0.0
2023-03-08 00:00:00-05:00,16.818280801904805,17.038744189538008,16.731669327166507,16.826154708862305,60600,0.0,0.0
2023-03-09 00:00:00-05:00,16.873402489225366,16.881276398908273,16.267124959794057,16.290746688842773,104000,0.0,0.0
2023-03-10 00:00:00-05:00,16.27499222578609,16.337981975741283,15.873432006648965,16.125391006469727,140200,0.0,0.0
2023-03-13 00:00:00-04:00,15.983668988684578,16.306491751873768,15.967922672324923,16.101776123046875,112100,0.0,0.0
2023-03-14 00:00:00-04:00,16.21750157400784,16.60589860955964,15.551681756123786,15.567533493041992,120000,0.136,0.0
2023-03-15 00:00:00-04:00,15.456566519730172,15.670580880539495,15.258405410502862,15.623021125793457,184800,0.0,0.0
2023-03-16 00:00:00-04:00,15.535828215219427,15.718136037067273,15.202917556612976,15.353520393371582,137400,0.0,0.0
2023-03-17 00:00:00-04:00,15.266332294846809,15.416935163727997,14.838303565979004,14.838303565979004,140000,0.0,0.0
2023-03-20 00:00:00-04:00,14.830374392136477,15.076095218055578,14.774889532041534,14.870007514953613,126100,0.0,0.0
2023-03-21 00:00:00-04:00,14.90964018098671,15.115727898672255,14.7431855889229,14.790743827819824,139600,0.0,0.0
2023-03-22 00:00:00-04:00,14.743187709404705,14.846230827143374,14.568804955286286,14.632216453552246,120300,0.0,0.0
2023-03-23 00:00:00-04:00,14.592583963793855,14.798671698829722,14.331011360065503,14.378569602966309,130000,0.0,0.0
2023-03-24 00:00:00-04:00,14.267599356712774,14.545025202129812,14.15662962328565,14.505392074584961,188100,0.0,0.0
2023-03-27 00:00:00-04:00,14.600507125695138,14.671845229046413,14.275523104583296,14.307228088378906,193200,0.0,0.0
2023-03-28 00:00:00-04:00,14.370641386706836,14.465759373830567,14.283451536346627,14.386494636535645,149000,0.0,0.0
2023-03-29 00:00:00-04:00,14.51331542088852,14.917564159412796,14.481610437865438,14.83037281036377,157900,0.0,0.0
2023-03-30 00:00:00-04:00,14.941347874230868,15.250478719512085,14.941347874230868,15.07609748840332,111400,0.0,0.0
2023-03-31 00:00:00-04:00,15.234623311630678,15.741916705337035,15.194991700303977,15.46449089050293,150000,0.0,0.0
2023-04-03 00:00:00-04:00,15.409005627445943,15.829106139193225,15.401079003017822,15.512048721313477,140100,0.0,0.0
2023-04-04 00:00:00-04:00,15.710211307905434,15.710211307905434,15.48034522477122,15.583388328552246,76200,0.0,0.0
2023-04-05 00:00:00-04:00,15.47241801836638,15.53582950566095,15.274256931589706,15.337668418884277,75600,0.0,0.0
2023-04-06 00:00:00-04:00,15.234621280531046,15.464488828757053,15.171209803752985,15.345592498779297,101000,0.0,0.0
2023-04-10 00:00:00-04:00,15.210842761292811,15.504120271356301,15.068166562084045,15.456562042236328,155800,0.0,0.0
2023-04-11 00:00:00-04:00,15.413462775440937,15.692837089287428,15.413462775440937,15.493284225463867,54100,0.136,0.0
2023-04-12 00:00:00-04:00,15.589069544683698,15.692836359158354,15.205926906893335,15.30969524383545,102900,0.0,0.0
2023-04-13 00:00:00-04:00,15.285746616344198,15.389514941495532,15.205925179104852,15.277764320373535,85100,0.0,0.0
2023-04-14 00:00:00-04:00,15.309698724903635,15.485304728738475,15.05427125661012,15.166020393371582,92600,0.0,0.0
2023-04-17 00:00:00-04:00,15.086193784479477,15.301711208285523,15.078211488508813,15.277764320373535,112000,0.0,0.0
2023-04-18 00:00:00-04:00,15.31767627070907,15.381533117968452,15.22987253480217,15.261801719665527,72500,0.0,0.0
2023-04-19 00:00:00-04:00,15.253820148486941,15.357586959290382,15.181981001597098,15.197945594787598,98300,0.0,0.0
2023-04-20 00:00:00-04:00,15.166017618756573,15.277766735073593,15.0782138716689,15.150053024291992,74700,0.0,0.0
2023-04-21 00:00:00-04:00,15.142067950981255,15.229871681971387,15.070228811528828,15.134085655212402,71800,0.0,0.0
2023-04-24 00:00:00-04:00,15.213905842611677,15.245835023068302,15.05426450772991,15.189960479736328,82000,0.0,0.0
2023-04-25 00:00:00-04:00,15.134090564978928,15.158037460054281,14.862700033130283,14.870680809020996,88200,0.0,0.0
2023-04-26 00:00:00-04:00,14.830767901084418,14.998393088462665,14.830767901084418,14.886642456054688,116100,0.0,0.0
2023-04-27 00:00:00-04:00,14.934531603484682,15.189960479736328,14.870674765038551,15.189960479736328,115700,0.0,0.0
2023-04-28 00:00:00-04:00,15.221890418010286,15.477317810058594,15.15005127368828,15.477317810058594,118700,0.0,0.0
2023-05-01 00:00:00-04:00,15.445387234856693,15.445387234856693,15.19794218577731,15.229869842529297,123100,0.0,0.0
2023-05-02 00:00:00-04:00,15.13408770915703,15.173999193417938,14.894624893461394,14.966464042663574,120200,0.0,0.0
2023-05-03 00:00:00-04:00,14.982427259172239,15.030319513415584,14.822784381738003,14.830766677856445,102000,0.0,0.0
2023-05-04 00:00:00-04:00,14.766907531632704,14.830764368168108,14.631211563686584,14.68708610534668,107300,0.0,0.0
2023-05-05 00:00:00-04:00,14.727001311335293,14.990411019096484,14.727001311335293,14.950499534606934,103300,0.0,0.0
2023-05-08 00:00:00-04:00,15.006376836179188,15.006376836179188,14.806823944621124,14.870680809020996,79700,0.0,0.0
2023-05-09 00:00:00-04:00,14.795095986278524,14.827259975247854,14.682525092212686,14.738810539245605,91300,0.136,0.0
2023-05-10 00:00:00-04:00,14.803138326896649,14.907669766869727,14.706649418559167,14.74685287475586,102900,0.0,0.0
2023-05-11 00:00:00-04:00,14.706645876382652,14.714685338754807,14.529747030931748,14.569952011108398,97700,0.0,0.0
2023-05-12 00:00:00-04:00,14.577993566365274,14.674483998978673,14.481504667415273,14.553872108459473,81400,0.0,0.0
2023-05-15 00:00:00-04:00,14.602112342341542,14.66643876762513,14.513662932452997,14.54582691192627,147100,0.0,0.0
2023-05-16 00:00:00-04:00,14.537791380255111,14.56995537181538,14.360894027664228,14.385015487670898,167700,0.0,0.0
2023-05-17 00:00:00-04:00,14.433258775977377,14.449339235086917,14.336768353003908,14.360891342163086,206000,0.0,0.0
2023-05-18 00:00:00-04:00,14.360888907794086,14.47345977079478,14.336765922724087,14.417174339294434,105000,0.0,0.0
2023-05-19 00:00:00-04:00,14.385011286679473,14.537787134647106,14.328725851550105,14.376970291137695,117200,0.0,0.0
2023-05-22 00:00:00-04:00,14.34480691774742,14.47345977079478,14.34480691774742,14.417174339294434,186300,0.0,0.0
2023-05-23 00:00:00-04:00,14.36893384645635,14.513667195610317,14.296566405047665,14.312646865844727,166600,0.0,0.0
2023-05-24 00:00:00-04:00,14.288523163614549,14.320685613820533,14.0714208734873,14.09554386138916,147000,0.0,0.0
2023-05-25 00:00:00-04:00,14.135747250874072,14.183991692821154,13.991012391369667,14.007094383239746,134200,0.0,0.0
2023-05-26 00:00:00-04:00,14.111625004193293,14.2965648530857,14.095544545141845,14.272441864013672,152000,0.0,0.0
2023-05-30 00:00:00-04:00,14.32068624204324,14.505626090077486,14.31264524572321,14.473462104797363,276700,0.0,0.0
2023-05-31 00:00:00-04:00,14.513665038861088,14.63427844572786,14.417176153763483,14.569952011108398,156700,0.0,0.0
2023-06-01 00:00:00-04:00,14.666438956748618,14.8272557888628,14.529745109550454,14.779009819030762,115900,0.0,0.0
2023-06-02 00:00:00-04:00,14.819217913716335,14.996115239352982,14.80313592038665,14.891585350036621,149800,0.0,0.0
2023-06-05 00:00:00-04:00,14.923744408985318,14.996111828847372,14.843335994287152,14.947867393493652,90100,0.0,0.0
2023-06-06 00:00:00-04:00,14.89962569191123,15.132808450290852,14.89962569191123,15.060441017150879,102400,0.0,0.0
2023-06-07 00:00:00-04:00,15.068480268145532,15.325785985656948,15.068480268145532,15.285582542419434,115200,0.0,0.0
2023-06-08 00:00:00-04:00,15.245380159126354,15.269503149370596,15.156932262224087,15.164973258972168,107800,0.0,0.0
2023-06-09 00:00:00-04:00,15.156932786284907,15.237341222882579,15.060442355635027,15.068483352661133,79000,0.0,0.0
2023-06-12 00:00:00-04:00,15.076527363222853,15.132812819992697,14.915710457883007,14.955915451049805,120400,0.0,0.0
2023-06-13 00:00:00-04:00,14.98507203817744,15.098472088944073,14.952671140838506,15.00937271118164,125900,0.136,0.0
2023-06-14 00:00:00-04:00,15.001268130729853,15.138968814514715,14.936467899828706,15.057968139648438,110600,0.0,0.0
2023-06-15 00:00:00-04:00,15.017469147852948,15.147069614601586,14.960767591810916,15.074169158935547,109600,0.0,0.0
2023-06-16 00:00:00-04:00,15.074169892530342,15.130869906372288,14.960768319886947,14.976968765258789,117300,0.0,0.0
2023-06-20 00:00:00-04:00,14.920270598038222,15.025570416068723,14.782569885253906,14.782569885253906,145800,0.0,0.0
2023-06-21 00:00:00-04:00,14.750166680947713,14.774467348208121,14.636766656984713,14.733967781066895,107100,0.0,0.0
2023-06-22 00:00:00-04:00,14.701564461496343,14.701564461496343,14.523364232584829,14.628664016723633,167000,0.0,0.0
2023-06-23 00:00:00-04:00,14.596268940066263,14.742069872191532,14.588168716619343,14.604369163513184,126800,0.0,0.0
2023-06-26 00:00:00-04:00,14.596267400632248,14.83116767597996,14.596267400632248,14.806868553161621,168900,0.0,0.0
2023-06-27 00:00:00-04:00,14.895974617584871,15.098475638682917,14.831174352631905,15.066076278686523,146300,0.0,0.0
2023-06-28 00:00:00-04:00,15.066066780294822,15.14706744665926,15.041766116897728,15.130867004394531,111100,0.0,0.0
2023-06-29 00:00:00-04:00,15.09036597458066,15.260467529296875,15.082267298366798,15.260467529296875,97500,0.0,0.0
2023-06-30 00:00:00-04:00,15.390070628146459,15.4953704316095,15.276670602115573,15.381970405578613,108900,0.0,0.0
2023-07-03 00:00:00-04:00,15.276674034606282,15.705975112444724,15.244273137054792,15.527774810791016,135500,0.0,0.0
2023-07-05 00:00:00-04:00,15.535872576037507,15.738373518801374,15.487272782362862,15.576372146606445,118000,0.0,0.0
2023-07-06 00:00:00-04:00,15.446775035402325,15.471075710018829,15.28477517283873,15.333374977111816,103700,0.0,0.0
2023-07-07 00:00:00-04:00,15.349569011160028,15.65736970285061,15.32526834670053,15.633069038391113,193400,0.0,0.0
2023-07-10 00:00:00-04:00,15.673574429824997,15.73837467446933,15.57637329037865,15.608774185180664,156400,0.0,0.0
2023-07-11 00:00:00-04:00,15.63814331182562,15.79313838585229,15.63814331182562,15.736035346984863,92900,0.136,0.0
2023-07-12 00:00:00-04:00,15.784974183346105,15.988914414252537,15.784974183346105,15.923653602600098,130000,0.0,0.0
2023-07-13 00:00:00-04:00,15.964443005668603,15.964443005668603,15.784976140359305,15.915497779846191,90900,0.0,0.0
2023-07-14 00:00:00-04:00,15.874704823089559,15.931809387525231,15.76865660101817,15.784972190856934,98000,0.0,0.0
2023-07-17 00:00:00-04:00,15.84208191145866,15.907342742523683,15.687086854201373,15.711560249328613,101500,0.0,0.0
2023-07-18 00:00:00-04:00,15.646295408497053,15.71155622283731,15.507615983531437,15.589192390441895,109900,0.0,0.0
2023-07-19 00:00:00-04:00,15.662616341508409,15.84208325315134,15.662616341508409,15.809452056884766,81000,0.0,0.0
2023-07-20 00:00:00-04:00,15.801289010646915,15.899179445418582,15.736028202152335,15.825760841369629,131100,0.0,0.0
2023-07-21 00:00:00-04:00,15.866554199619864,15.907341632712022,15.80129337310791,15.80129337310791,84000,0.0,0.0
2023-07-24 00:00:00-04:00,15.776815623983795,15.948124662804416,15.760500032875049,15.825760841369629,134500,0.0,0.0
2023-07-25 00:00:00-04:00,15.92365666587078,15.956286300003796,15.874709880760081,15.89918327331543,91200,0.0,0.0
2023-07-26 00:00:00-04:00,15.86655154235824,16.021545006903473,15.86655154235824,15.99707317352295,103200,0.0,0.0
2023-07-27 00:00:00-04:00,16.029708860434198,16.103127500199363,15.809452941138696,15.817610740661621,102900,0.0,0.0
2023-07-28 00:00:00-04:00,15.866555474397432,16.00523493636996,15.817608683625272,15.907342910766602,101200,0.0,0.0
2023-07-31 00:00:00-04:00,16.0297109171809,16.16023261441241,15.931820422227945,16.152074813842773,147700,0.0,0.0
2023-08-01 00:00:00-04:00,16.152067669573803,16.152067669573803,15.997074195130356,16.135753631591797,139400,0.0,0.0
2023-08-02 00:00:00-04:00,16.070493972678587,16.09496580938963,15.915498931098545,15.964444160461426,111900,0.0,0.0
2023-08-03 00:00:00-04:00,15.923653849474858,15.923653849474858,15.654452802742385,15.744185447692871,154900,0.0,0.0
2023-08-04 00:00:00-04:00,15.727871411482196,15.948125681761125,15.703398023255424,15.744185447692871,100200,0.0,0.0
2023-08-07 00:00:00-04:00,15.744192100896454,15.874713781380937,15.68708906017714,15.817610740661621,76800,0.0,0.0
2023-08-08 00:00:00-04:00,15.727874134908918,15.801292756361843,15.638139918479617,15.760503768920898,93400,0.0,0.0
2023-08-09 00:00:00-04:00,15.776820054733815,15.825765285865389,15.695243632220627,15.719717025756836,96900,0.0,0.0
2023-08-10 00:00:00-04:00,15.752347685266397,15.866555306585898,15.703402450952867,15.711560249328613,83800,0.0,0.0
2023-08-11 00:00:00-04:00,15.65445632600766,15.809449818505929,15.65445632600766,15.776820182800293,66700,0.0,0.0
2023-08-14 00:00:00-04:00,15.768655905891986,15.81760111731035,15.736026283593151,15.752340316772461,88000,0.0,0.0
2023-08-15 00:00:00-04:00,15.675121850609298,15.773708212489824,15.592966810205036,15.617613792419434,70700,0.136,0.0
2023-08-16 00:00:00-04:00,15.691552566142175,15.691552566142175,15.461518775288617,15.477950096130371,145400,0.0,0.0
2023-08-17 00:00:00-04:00,15.56010816110816,15.56010816110816,15.362936973571777,15.362936973571777,119500,0.0,0.0
2023-08-18 00:00:00-04:00,15.338288855150024,15.404012579476703,15.272565130823345,15.280780792236328,128500,0.0,0.0
2023-08-21 00:00:00-04:00,15.338285858235707,15.346501518043452,15.09182233191093,15.157546043395996,93200,0.0,0.0
2023-08-22 00:00:00-04:00,15.173975968184282,15.247915340315938,15.14933055545833,15.206838607788086,70700,0.0,0.0
2023-08-23 00:00:00-04:00,15.247916545340765,15.486166000366211,15.247916545340765,15.486166000366211,82500,0.0,0.0
2023-08-24 00:00:00-04:00,15.412233433340493,15.592973344386653,15.305431365966797,15.305431365966797,90500,0.0,0.0
2023-08-25 00:00:00-04:00,15.362935454937015,15.428659177618982,15.272564748632877,15.387580871582031,71300,0.0,0.0
2023-08-28 00:00:00-04:00,15.395791479799804,15.519023223510963,15.395791479799804,15.453299522399902,66600,0.0,0.0
2023-08-29 00:00:00-04:00,15.477952360301845,15.64226245880127,15.404012972674828,15.64226245880127,167800,0.0,0.0
2023-08-30 00:00:00-04:00,15.642263795426338,15.650477890773692,15.469738020561962,15.50260066986084,118100,0.0,0.0
2023-08-31 00:00:00-04:00,15.592962583132985,15.601178241643948,15.436869772354616,15.453299522399902,95500,0.0,0.0
2023-09-01 00:00:00-04:00,15.469736504212387,15.609399616088051,15.453305181173553,15.527244567871094,146500,0.0,0.0
2023-09-05 00:00:00-04:00,15.5272444680987,15.576536869921256,15.362935939697781,15.404012680053711,88700,0.0,0.0
2023-09-06 00:00:00-04:00,15.362940625979215,15.44509413175102,15.198630480480249,15.247922897338867,96300,0.0,0.0
2023-09-07 00:00:00-04:00,15.280780792236328,15.404012579476703,15.223272729322632,15.280780792236328,77900,0.0,0.0
2023-09-08 00:00:00-04:00,15.231486521024767,15.354718293138072,15.165761237788873,15.17397689819336,123800,0.0,0.0
2023-09-11 00:00:00-04:00,15.182191431712877,15.256130802888173,15.124683380126951,15.124683380126953,120500,0.0,0.0
2023-09-12 00:00:00-04:00,15.104817710245841,15.228966581177687,15.046881675720215,15.046881675720215,91400,0.136,0.0
2023-09-13 00:00:00-04:00,15.046884243430757,15.113097091136023,14.864797728262166,14.873074531555176,109900,0.0,0.0
2023-09-14 00:00:00-04:00,15.013777284667526,15.22896943801578,15.005500481234264,15.22069263458252,144900,0.0,0.0
2023-09-15 00:00:00-04:00,15.195859856564034,15.25379588691206,15.162752651428919,15.212411880493164,91000,0.0,0.0
2023-09-18 00:00:00-04:00,15.25379870479046,15.46071403919372,15.22896829635213,15.344841957092285,170700,0.0,0.0
2023-09-19 00:00:00-04:00,15.28690642688831,15.369672887690262,15.104821476035163,15.12137508392334,143500,0.0,0.0
2023-09-20 00:00:00-04:00,15.121374266144644,15.303459207150459,15.121374266144644,15.129651069641113,119000,0.0,0.0
2023-09-21 00:00:00-04:00,14.980670764769838,15.07171243988083,14.81513786315918,14.81513786315918,124700,0.0,0.0
2023-09-22 00:00:00-04:00,14.815142424642927,14.87307848445316,14.707547110515238,14.782036781311035,148300,0.0,0.0
2023-09-25 00:00:00-04:00,14.740650716117559,14.782034737860586,14.566842560713884,14.616501808166504,150800,0.0,0.0
2023-09-26 00:00:00-04:00,14.583392975242988,14.608221804211588,14.285434398510446,14.34337043762207,191200,0.0,0.0
2023-09-27 00:00:00-04:00,14.384752891453772,14.442690509283777,14.161285537235571,14.169562339782715,150800,0.0,0.0
2023-09-28 00:00:00-04:00,14.111626157044599,14.277159067544122,14.111626157044599,14.219223022460938,136600,0.0,0.0
2023-09-29 00:00:00-04:00,14.35164651718952,14.467518589575679,14.161284804372665,14.202667236328125,183500,0.0,0.0
2023-10-02 00:00:00-04:00,14.202676005228279,14.260612077191773,13.979206945963742,14.053696632385254,230300,0.0,0.0
2023-10-03 00:00:00-04:00,13.937821546806829,14.028864828471189,13.590203609752912,13.689523696899414,251600,0.0,0.0
2023-10-04 00:00:00-04:00,13.706075177437908,13.821948870883796,13.623308704587751,13.813672065734863,150500,0.0,0.0
2023-10-05 00:00:00-04:00,13.722625573554353,13.81366883022884,13.557092666625977,13.557092666625977,282500,0.0,0.0
2023-10-06 00:00:00-04:00,13.466051179942223,13.59847687591117,13.34190228730119,13.54881763458252,253300,0.0,0.0
2023-10-09 00:00:00-04:00,13.482604428447733,13.821945462683793,13.408114779114083,13.780561447143555,218900,0.0,0.0
2023-10-10 00:00:00-04:00,13.885705316148595,13.99418828422825,13.810602212597924,13.902395248413086,105700,0.136,0.0
2023-10-11 00:00:00-04:00,14.01087699493945,14.077635126537494,13.935773897936723,14.069290161132812,157900,0.0,0.0
2023-10-12 00:00:00-04:00,14.077642161634317,14.077642161634317,13.785574593071576,13.81060791015625,203200,0.0,0.0
2023-10-13 00:00:00-04:00,13.877359677028846,13.92742947139417,13.685430240213506,13.785568237304688,176400,0.0,0.0
2023-10-16 00:00:00-04:00,13.877360350016348,14.002533250360495,13.802258838105223,13.902395248413086,143000,0.0,0.0
2023-10-17 00:00:00-04:00,13.860674866457678,14.069294287847399,13.852329898605305,13.969156265258789,168800,0.0,0.0
2023-10-18 00:00:00-04:00,13.94411781120981,14.01922091111833,13.777223271577133,13.785568237304688,109100,0.0,0.0
2023-10-19 00:00:00-04:00,13.752189220816632,13.810602392865267,13.359985357318966,13.38502025604248,163900,0.0,0.0
2023-10-20 00:00:00-04:00,13.41005274391997,13.485155843862975,13.284881441228116,13.309915542602539,110900,0.0,0.0
2023-10-23 00:00:00-04:00,13.268194184541048,13.351642267037994,13.159712791442871,13.159712791442871,175500,0.0,0.0
2023-10-24 00:00:00-04:00,13.226468272747882,13.351639575439735,13.226468272747882,13.309915542602539,148100,0.0,0.0
2023-10-25 00:00:00-04:00,13.234816547587139,13.318264639143896,12.951094787098116,12.96778392791748,180100,0.0,0.0
2023-10-26 00:00:00-04:00,13.00950782172171,13.376678465298266,13.00950782172171,13.28488540649414,177100,0.0,0.0
2023-10-27 00:00:00-04:00,13.351640325906994,13.38502019070875,13.11798684303316,13.134675979614258,158600,0.0,0.0
2023-10-30 00:00:00-04:00,13.22647093911247,13.34329729962432,13.092953847953378,13.159712791442871,266500,0.0,0.0
2023-10-31 00:00:00-04:00,13.234815778340106,13.560262361511562,13.201436702821491,13.543572425842285,254800,0.0,0.0
2023-11-01 00:00:00-04:00,13.768883377758426,13.994192760478994,13.660401966618922,13.977502822875977,346300,0.0,0.0
2023-11-02 00:00:00-04:00,14.186120377301433,14.511566158985364,14.144397130494719,14.494877815246582,198000,0.0,0.0
2023-11-03 00:00:00-04:00,14.72852686682994,15.212523730495327,14.645078802410506,15.070662498474121,198000,0.0,0.0
2023-11-06 00:00:00-05:00,15.137422066349137,15.137422066349137,14.336324391932235,14.41142749786377,223000,0.0,0.0
2023-11-07 00:00:00-05:00,14.49487681623807,14.553289994397483,14.186119399572942,14.20280933380127,192300,0.0,0.0
2023-11-08 00:00:00-05:00,14.22784231417774,14.336325292511123,14.127705894405057,14.14439582824707,182200,0.0,0.0
2023-11-09 00:00:00-05:00,14.16942650494013,14.194461401052104,13.877359083524691,13.910738945007324,112600,0.0,0.0
2023-11-10 00:00:00-05:00,13.977504069122855,14.16943359375,13.977504069122855,14.16943359375,147100,0.0,0.0
2023-11-13 00:00:00-05:00,14.211153337003992,14.428117692336833,14.010878914767435,14.152738571166992,118300,0.0,0.0
2023-11-14 00:00:00-05:00,14.452218004331469,14.965364782385954,14.452218004331469,14.92330265045166,196600,0.136,0.0
2023-11-15 00:00:00-05:00,14.94853720515231,15.057895519237725,14.87282698597549,14.99059772491455,162000,0.0,0.0
2023-11-16 00:00:00-05:00,15.007424680938499,15.217730518278438,14.990599828869815,15.049485206604004,173700,0.0,0.0
2023-11-17 00:00:00-05:00,15.175668363592953,15.192491609349554,14.923300423171538,14.965362548828125,177600,0.0,0.0
2023-11-20 00:00:00-05:00,15.032661635860864,15.268203141733819,14.973774654886453,15.091547012329102,261300,0.0,0.0
2023-11-21 00:00:00-05:00,15.150430999005149,15.18407909482629,14.982185706381369,15.108368873596191,137700,0.0,0.0
2023-11-22 00:00:00-05:00,15.158845340306328,15.394386854347037,15.125195635725527,15.360738754272461,176300,0.0,0.0
2023-11-24 00:00:00-05:00,15.42802946666298,15.461677551269531,15.293433919225796,15.461677551269531,77700,0.0,0.0
2023-11-27 00:00:00-05:00,15.419623181495393,15.629929008632267,15.377562657870468,15.444860458374023,205600,0.0,0.0
2023-11-28 00:00:00-05:00,15.436449757025954,15.78135122369603,15.436449757025954,15.680403709411621,181700,0.0,0.0
2023-11-29 00:00:00-05:00,15.71405239702047,16.00848088971533,15.71405239702047,15.772937774658203,210500,0.0,0.0
2023-11-30 00:00:00-05:00,15.772937770460507,16.01689331147327,15.57945678555768,15.604692459106445,308800,0.0,0.0
2023-12-01 00:00:00-05:00,15.63833740037377,16.269254719040255,15.63833740037377,16.176719665527344,198800,0.0,0.0
2023-12-04 00:00:00-05:00,16.16830653736858,16.471147350570874,16.117833603336745,16.319726943969727,209000,0.0,0.0
2023-12-05 00:00:00-05:00,16.193543524890103,16.294490995703057,16.025298275037052,16.09259605407715,205500,0.0,0.0
2023-12-06 00:00:00-05:00,16.193545574484666,16.454324300708244,16.168308302460776,16.3365535736084,124600,0.0,0.0
2023-12-07 00:00:00-05:00,16.286082125998277,16.42909013822266,16.168309783603753,16.21878433227539,141800,0.0,0.0
2023-12-08 00:00:00-05:00,16.151491484943815,16.302910363812842,16.067368815901165,16.193552017211914,112800,0.0,0.0
2023-12-11 00:00:00-05:00,16.235606767931586,16.336554255736356,16.185133826282144,16.286081314086914,110700,0.0,0.0
2023-12-12 00:00:00-05:00,16.274219651422513,16.375881291667874,16.113257676831374,16.138671875,99500,0.136,0.0
2023-12-13 00:00:00-05:00,16.13867273194358,16.807941327441903,16.13867273194358,16.7740535736084,198200,0.0,0.0
2023-12-14 00:00:00-05:00,16.85029925870716,17.35860425083125,16.816413121022638,16.90960121154785,252900,0.0,0.0
2023-12-15 00:00:00-05:00,16.918072017708784,16.94348783116402,16.52837257320333,16.646976470947266,151400,0.0,0.0
2023-12-18 00:00:00-05:00,16.689335197031266,16.858769096052082,16.663919385042576,16.731693267822266,143200,0.0,0.0
2023-12-19 00:00:00-05:00,16.858768956129722,17.33318613165005,16.858768956129722,17.03667640686035,219100,0.0,0.0
2023-12-20 00:00:00-05:00,17.08750883314014,17.104452710056893,16.7740535736084,16.7740535736084,115400,0.0,0.0
2023-12-21 00:00:00-05:00,16.89265684537034,16.951958790820466,16.613089376922012,16.731693267822266,130500,0.0,0.0
2023-12-22 00:00:00-05:00,16.867241428609763,16.97737500061789,16.570730078554543,16.70627784729004,136500,0.0,0.0
2023-12-26 00:00:00-05:00,16.706278197276998,17.062091501625975,16.706278197276998,17.019733428955078,166500,0.0,0.0
2023-12-27 00:00:00-05:00,17.15528210608546,17.214584057297774,16.97737625244852,17.002790451049805,154900,0.0,0.0
2023-12-28 00:00:00-05:00,17.08750908144834,17.231528805619476,17.011263250072027,17.155282974243164,128000,0.0,0.0
2023-12-29 00:00:00-05:00,17.197642538679588,17.290832255278644,16.95196276199644,17.079038619995117,141600,0.0,0.0
2024-01-02 00:00:00-05:00,16.935015790671418,17.400962672717622,16.935015790671418,17.265413284301758,150800,0.0,0.0
2024-01-03 00:00:00-05:00,17.28235750345921,17.33318751521524,16.8672422397616,16.926544189453125,152600,0.0,0.0
2024-01-04 00:00:00-05:00,16.841829892780407,17.23153103874694,16.790999870561215,17.197643280029297,92700,0.0,0.0
2024-01-05 00:00:00-05:00,17.180697750766253,17.48567944196679,17.087508047863803,17.30777359008789,123800,0.0,0.0
2024-01-08 00:00:00-05:00,17.33318695000459,17.782189950802824,17.248470805125994,17.63817024230957,177100,0.0,0.0
2024-01-09 00:00:00-05:00,17.73135790532337,17.85843372391113,17.42637464802739,17.77371597290039,206600,0.0,0.0
2024-01-10 00:00:00-05:00,17.79065984627388,18.010925352559124,17.73135790532337,17.77371597290039,144700,0.0,0.0
2024-01-11 00:00:00-05:00,17.807607253156807,17.968569234574037,17.511095873711714,17.561925888061523,186000,0.0,0.0
2024-01-12 00:00:00-05:00,17.595812439160042,17.663586325614276,17.350131090852877,17.367074966430664,165000,0.0,0.0
2024-01-16 00:00:00-05:00,17.397773492150016,17.397773492150016,16.996943014301376,17.031055450439453,158600,0.136,0.0
2024-01-17 00:00:00-05:00,16.860492860017906,17.0737009084451,16.63875629445583,16.715511322021484,117900,0.0,0.0
2024-01-18 00:00:00-05:00,16.75815485526161,16.834909894617574,16.527889737193703,16.647287368774414,167700,0.0,0.0
2024-01-19 00:00:00-05:00,16.75815402077033,16.817852020263672,16.570531504270043,16.817852020263672,124700,0.0,0.0
2024-01-22 00:00:00-05:00,16.954299068254176,17.201621123559963,16.928715149876275,17.15045166015625,126400,0.0,0.0
2024-01-23 00:00:00-05:00,17.201629829622835,17.23574228027428,16.996950245767948,17.05664825439453,117300,0.0,0.0
2024-01-24 00:00:00-05:00,17.29544171901574,17.29544171901574,16.869025517501388,16.937252044677734,126300,0.0,0.0
2024-01-25 00:00:00-05:00,17.039585625857658,17.1760386369971,17.039585625857658,17.15898323059082,126100,0.0,0.0
2024-01-26 00:00:00-05:00,17.22721137599178,17.346607365441855,17.116342277232402,17.20162582397461,106700,0.0,0.0
2024-01-29 00:00:00-05:00,17.227209567945845,17.508644104003906,17.184566985726025,17.508644104003906,132200,0.0,0.0
2024-01-30 00:00:00-05:00,17.440421676157587,17.483062641697423,17.34660959999167,17.423364639282227,89400,0.0,0.0
2024-01-31 00:00:00-05:00,17.483062715215983,17.585403310249937,17.15898714646418,17.176042556762695,127000,0.0,0.0
2024-02-01 00:00:00-05:00,17.21015536851456,17.61951446533203,17.21015536851456,17.61951446533203,105000,0.0,0.0
2024-02-02 00:00:00-05:00,17.491588094686687,17.50011661162972,17.25279450022656,17.414833068847656,92400,0.0,0.0
2024-02-05 00:00:00-05:00,17.38071815370626,17.38071815370626,17.107812131427377,17.15898323059082,123400,0.0,0.0
2024-02-06 00:00:00-05:00,17.158985349346352,17.34660785616827,17.099285726284087,17.23573875427246,95700,0.0,0.0
2024-02-07 00:00:00-05:00,17.34660873279999,17.39777821421944,17.133400662462375,17.329551696777344,73700,0.0,0.0
2024-02-08 00:00:00-05:00,17.286904646998092,17.397772088814122,17.099280570104625,17.15045166015625,71900,0.0,0.0
2024-02-09 00:00:00-05:00,17.150456346588626,17.244266784021534,17.014003322460436,17.20162582397461,131000,0.0,0.0
2024-02-12 00:00:00-05:00,17.201626969153715,17.355137038179777,17.184569933340047,17.210155487060547,121600,0.0,0.0
2024-02-13 00:00:00-05:00,17.0178261798713,17.02641256531481,16.811757842283768,16.94913673400879,125100,0.136,0.0
2024-02-14 00:00:00-05:00,17.03499635396891,17.232478276009083,17.026409969834297,17.18096160888672,80300,0.0,0.0
2024-02-15 00:00:00-05:00,17.18096242223461,17.42996102318476,17.18096242223461,17.335514068603516,100900,0.0,0.0
2024-02-16 00:00:00-05:00,17.24964853096328,17.301165190579546,17.120856063080076,17.13802719116211,83000,0.0,0.0
2024-02-20 00:00:00-05:00,17.02641465525491,17.25824217762909,17.000655495762526,17.163793563842773,96300,0.0,0.0
2024-02-21 00:00:00-05:00,17.26682322317988,17.30116712086076,17.138029103242108,17.241064071655273,78700,0.0,0.0
2024-02-22 00:00:00-05:00,17.26682454146949,17.335513979760822,17.189548718681067,17.30116844177246,130100,0.0,0.0
2024-02-23 00:00:00-05:00,17.30117113916519,17.498653100331133,17.30117113916519,17.45572280883789,101200,0.0,0.0
2024-02-26 00:00:00-05:00,17.455718171210453,17.455718171210453,17.335512076817164,17.40420150756836,180900,0.0,0.0
2024-02-27 00:00:00-05:00,17.515818621286492,17.644611080137906,17.404198926997925,17.429956436157227,98700,0.0,0.0
2024-02-28 00:00:00-05:00,17.42996034086567,17.532995313639965,17.37844367332119,17.464305877685547,107500,0.0,0.0
2024-02-29 00:00:00-05:00,17.644616678195,17.687548603223004,17.54158333349876,17.567340850830078,112200,0.0,0.0
2024-03-01 00:00:00-05:00,17.618854770160226,17.7304744720459,17.49864704772364,17.7304744720459,123200,0.0,0.0
2024-03-04 00:00:00-05:00,17.721890814938813,17.902201607484294,17.636030248444644,17.885028839111328,93600,0.0,0.0
2024-03-05 00:00:00-05:00,17.867856886740103,18.116857126463636,17.850685755268284,17.936546325683594,158200,0.0,0.0
2024-03-06 00:00:00-05:00,18.091093891761552,18.211299973375375,17.95371504486432,18.142610549926758,112400,0.0,0.0
2024-03-07 00:00:00-05:00,18.176960584385785,18.211304485777315,18.04816808821802,18.116857528686523,67300,0.0,0.0
2024-03-08 00:00:00-05:00,18.185545555911315,18.26282137514377,18.091096968474915,18.125442504882812,81600,0.0,0.0
2024-03-11 00:00:00-04:00,18.116853039686674,18.194128845776998,18.005231703029526,18.142610549926758,100700,0.0,0.0
2024-03-12 00:00:00-04:00,18.15644367736723,18.15644367736723,18.035458860359785,18.10459327697754,62300,0.136,0.0
2024-03-13 00:00:00-04:00,18.104592990566907,18.199651781728445,17.89718809570023,17.99224853515625,72300,0.0,0.0
2024-03-14 00:00:00-04:00,17.99224666989486,18.061381078251742,17.76755943066142,17.78484344482422,104300,0.0,0.0
2024-03-15 00:00:00-04:00,17.76755828495187,17.905827092749615,17.73299190714954,17.81941032409668,88700,0.0,0.0
2024-03-18 00:00:00-04:00,17.802129649761746,17.88854808291629,17.681143184027572,17.698427200317383,144600,0.0,0.0
2024-03-19 00:00:00-04:00,17.74163195274269,17.81076634900034,17.58607914908948,17.62064552307129,73800,0.0,0.0
2024-03-20 00:00:00-04:00,17.63793262102906,17.819411473149817,17.58608222683498,17.78484344482422,82200,0.0,0.0
2024-03-21 00:00:00-04:00,17.793489456176758,17.905832276928102,17.73299704128798,17.793489456176758,80800,0.0,0.0
2024-03-22 00:00:00-04:00,17.75028010141087,17.871264924659233,17.568801218243728,17.637935638427734,105800,0.0,0.0
2024-03-25 00:00:00-04:00,17.65521671612374,17.750277146160578,17.63793270188171,17.689783096313477,83600,0.0,0.0
2024-03-26 00:00:00-04:00,17.80212180612902,17.97495694799226,17.724345415387734,17.897180557250977,125500,0.0,0.0
2024-03-27 00:00:00-04:00,17.89718588989282,18.026814345281558,17.862619510538295,17.96632194519043,76100,0.0,0.0
2024-03-28 00:00:00-04:00,18.05274057460144,18.277427832546824,17.974964152685946,18.17372703552246,191900,0.0,0.0
2024-04-01 00:00:00-04:00,18.21693188320794,18.21693188320794,17.845333861505072,17.879901885986328,127900,0.0,0.0
2024-04-02 00:00:00-04:00,17.73299167522599,17.93175287779894,17.551512837181072,17.61200523376465,118400,0.0,0.0
2024-04-03 00:00:00-04:00,17.586083898214778,17.707068712264125,17.4996654674819,17.663860321044922,127100,0.0,0.0
2024-04-04 00:00:00-04:00,17.79348124498168,18.000884421015858,17.54286804375668,17.560152053833008,96400,0.0,0.0
2024-04-05 00:00:00-04:00,17.603367506589006,17.637933889105433,17.525591085559004,17.53423309326172,67900,0.0,0.0
2024-04-08 00:00:00-04:00,17.637936491086613,17.681144887679938,17.50830965301196,17.577444076538086,94000,0.0,0.0
2024-04-09 00:00:00-04:00,17.669658660888672,17.695759197892986,17.600058888266645,17.669658660888672,133600,0.136,0.0
2024-04-10 00:00:00-04:00,17.50435990269892,17.573959673987627,17.252059694658957,17.29555892944336,139100,0.0,0.0
2024-04-11 00:00:00-04:00,17.312959773776484,17.33906031101447,17.156359869127545,17.208560943603516,129200,0.0,0.0
2024-04-12 00:00:00-04:00,17.173759408041615,17.19985994403452,16.947559740937997,16.9649600982666,83400,0.0,0.0
2024-04-15 00:00:00-04:00,17.060665925307696,17.104165173316897,16.52126628928791,16.634366989135742,146700,0.0,0.0
2024-04-16 00:00:00-04:00,16.52996264412612,16.582162061531125,16.3298634945823,16.382062911987305,120400,0.0,0.0
2024-04-17 00:00:00-04:00,16.425562426071206,16.643061938203125,16.399463546624713,16.54736328125,94100,0.0,0.0
2024-04-18 00:00:00-04:00,16.59956083235999,16.730060193082235,16.46906147163775,16.71265983581543,140300,0.0,0.0
2024-04-19 00:00:00-04:00,16.66046048257368,17.0084593321987,16.66046048257368,16.9649600982666,134000,0.0,0.0
2024-04-22 00:00:00-04:00,16.999763770140163,17.37386156144536,16.921463807930085,17.33036231994629,179900,0.0,0.0
2024-04-23 00:00:00-04:00,17.286859418495634,17.50435889872166,17.20855947286312,17.391258239746094,118600,0.0,0.0
2024-04-24 00:00:00-04:00,17.391259768484538,17.434760663987195,17.26076040075555,17.417360305786133,89800,0.0,0.0
2024-04-25 00:00:00-04:00,17.225961919167588,17.225961919167588,16.973663330078125,16.973663330078125,136500,0.0,0.0
2024-04-26 00:00:00-04:00,17.04325972492008,17.330358977861287,17.04325972492008,17.199859619140625,114100,0.0,0.0
2024-04-29 00:00:00-04:00,17.234657901477924,17.356458735630188,17.034558783113255,17.165058135986328,121000,0.0,0.0
2024-04-30 00:00:00-04:00,17.165061020727475,17.243360977488184,16.869261552829148,16.904062271118164,127000,0.0,0.0
2024-05-01 00:00:00-04:00,16.97366460138086,17.208564506995188,16.956264239619095,17.043264389038086,86100,0.0,0.0
2024-05-02 00:00:00-04:00,17.15635667282264,17.21725791503177,17.060658039558074,17.138957977294922,62800,0.0,0.0
2024-05-03 00:00:00-04:00,17.382563401223248,17.47826373292582,17.278164547902126,17.373863220214844,92100,0.0,0.0
2024-05-06 00:00:00-04:00,17.47825737220661,17.486957550048828,17.35645820119406,17.486957550048828,102000,0.0,0.0
2024-05-07 00:00:00-04:00,17.60006256027226,17.704463070681737,17.478263347619382,17.608762741088867,74900,0.0,0.0
2024-05-08 00:00:00-04:00,17.55655730226816,17.617456887735834,17.3825570643126,17.443456649780273,83500,0.0,0.0
2024-05-09 00:00:00-04:00,17.460859343022587,17.71315955589586,17.44345898501971,17.669658660888672,70100,0.0,0.0
2024-05-10 00:00:00-04:00,17.713160184638426,17.756659421800183,17.591359333684355,17.6435604095459,54600,0.0,0.0
2024-05-13 00:00:00-04:00,17.739256821870917,17.834957122802734,17.617457645695385,17.834957122802734,86700,0.0,0.0
2024-05-14 00:00:00-04:00,17.840218913094873,17.962831561898366,17.822702343130928,17.89276695251465,93800,0.136,0.0
2024-05-15 00:00:00-04:00,18.00661595395849,18.129230236719454,17.96282621256129,18.120471954345703,62900,0.0,0.0
2024-05-16 00:00:00-04:00,18.11171681405522,18.12923338184156,17.954071044921875,17.954071044921875,83500,0.0,0.0
2024-05-17 00:00:00-04:00,18.085439157232514,18.09419743976723,17.89276195288355,18.067922592163086,78400,0.0,0.0
2024-05-20 00:00:00-04:00,18.11171681405522,18.12047509794839,17.9190379093492,17.954071044921875,103400,0.0,0.0
2024-05-21 00:00:00-04:00,17.971592318251993,18.12923812866211,17.971592318251993,18.12923812866211,89700,0.0,0.0
2024-05-22 00:00:00-04:00,18.137990990184893,18.278121869690338,17.761394784952305,17.77890968322754,105200,0.0,0.0
2024-05-23 00:00:00-04:00,17.94531298845255,17.954071272456716,17.638779730194283,17.673812866210938,99600,0.0,0.0
2024-05-24 00:00:00-04:00,17.778908933317172,17.787667217321335,17.630021446190117,17.673812866210938,104800,0.0,0.0
2024-05-28 00:00:00-04:00,17.726358338554576,17.796422929992673,17.41106684184733,17.437341690063477,108900,0.0,0.0
2024-05-29 00:00:00-04:00,17.341004423385996,17.367279274894607,17.051987738678623,17.087020874023438,168600,0.0,0.0
2024-05-30 00:00:00-04:00,17.078264565661684,17.402314423197314,17.078264565661684,17.30597496032715,120300,0.0,0.0
2024-05-31 00:00:00-04:00,17.454861292382823,17.691329956054688,17.384796688754708,17.691329956054688,118000,0.0,0.0
2024-06-03 00:00:00-04:00,17.717600297469847,17.901520896548146,17.700083731753505,17.875246047973633,118600,0.0,0.0
2024-06-04 00:00:00-04:00,17.8577299558813,18.111715154089534,17.77890707853886,17.962827682495117,96700,0.0,0.0
2024-06-05 00:00:00-04:00,17.962827158321133,18.024133467693673,17.682568789491448,17.945310592651367,99700,0.0,0.0
2024-06-06 00:00:00-04:00,17.866491317749023,17.927797639474928,17.813943280622816,17.866491317749023,61300,0.0,0.0
2024-06-07 00:00:00-04:00,17.77890974330331,17.848974348056814,17.665055387005843,17.708845138549805,74800,0.0,0.0
2024-06-10 00:00:00-04:00,17.612508127211456,17.82270195073485,17.612508127211456,17.73512077331543,67600,0.0,0.0
2024-06-11 00:00:00-04:00,17.740409312204054,17.79331264420869,17.59051513671875,17.59051513671875,75600,0.136,0.0
2024-06-12 00:00:00-04:00,17.749228647726802,18.013748723667803,17.73159532141095,17.819766998291016,117300,0.0,0.0
2024-06-13 00:00:00-04:00,17.802130146503895,17.86385098080374,17.546427625242718,17.59051513671875,111700,0.0,0.0
2024-06-14 00:00:00-04:00,17.572881528874955,17.669872380064753,17.484708180681203,17.564064025878906,90900,0.0,0.0
2024-06-17 00:00:00-04:00,17.51997518742367,17.705137673279136,17.493522682972987,17.61696434020996,93000,0.0,0.0
2024-06-18 00:00:00-04:00,17.69632034372683,17.73159035000375,17.555243682152074,17.625782012939453,102500,0.0,0.0
2024-06-20 00:00:00-04:00,17.64341718732376,17.722773020450585,17.61696468235932,17.634599685668945,91900,0.0,0.0
2024-06-21 00:00:00-04:00,17.60815004564746,17.705140897864858,17.60815004564746,17.69632339477539,115700,0.0,0.0
2024-06-24 00:00:00-04:00,17.678685512176525,17.81094635523223,17.555243852542116,17.634599685668945,149400,0.0,0.0
2024-06-25 00:00:00-04:00,17.66986755708833,17.69631837709001,17.422982585886235,17.502338409423828,117500,0.0,0.0
2024-06-26 00:00:00-04:00,17.414170710997112,17.52879489215539,17.361267372136894,17.387718200683594,77400,0.0,0.0
2024-06-27 00:00:00-04:00,17.484706818153413,17.713956832885742,17.484706818153413,17.713956832885742,86400,0.0,0.0
2024-06-28 00:00:00-04:00,17.837396885843678,17.960840225219727,17.71395522823408,17.960840225219727,88300,0.0,0.0
2024-07-01 00:00:00-04:00,18.013743590921347,18.146002750323113,17.82857942234571,18.08428192138672,166000,0.0,0.0
2024-07-02 00:00:00-04:00,18.110736077166006,18.26944607385816,18.08428357016734,18.1812744140625,113000,0.0,0.0
2024-07-03 00:00:00-04:00,18.181274779063283,18.375254788981263,18.181274779063283,18.322351455688477,64500,0.0,0.0
2024-07-05 00:00:00-04:00,18.304717508447983,18.36643834781735,18.225361663039724,18.27826499938965,107000,0.0,0.0
2024-07-08 00:00:00-04:00,18.278263432972402,18.357619271579996,18.260628428444804,18.2958984375,73500,0.0,0.0
2024-07-09 00:00:00-04:00,18.313533782958984,18.36643711576005,18.198907933162282,18.313533782958984,101700,0.0,0.0
2024-07-10 00:00:00-04:00,18.36643431348014,18.525145969434348,18.29589598658565,18.498693466186523,74100,0.0,0.0
2024-07-11 00:00:00-04:00,18.50751182347361,18.921924302929746,18.50751182347361,18.89547348022461,86800,0.0,0.0
2024-07-12 00:00:00-04:00,19.001283172800758,19.168812364375086,18.833755662993145,18.842573165893555,104700,0.0,0.0
2024-07-15 00:00:00-04:00,19.0012828299608,19.0012828299608,18.719129469305482,18.82493782043457,110500,0.0,0.0
2024-07-16 00:00:00-04:00,18.83026191007024,18.94562261885491,18.723776924705668,18.856884002685547,129200,0.136,0.0
2024-07-17 00:00:00-04:00,18.723774245501954,19.158591540710223,18.723774245501954,19.131969451904297,99400,0.0,0.0
2024-07-18 00:00:00-04:00,19.114226606226428,19.27395409084068,18.848010746772555,18.94562339782715,103100,0.0,0.0
2024-07-19 00:00:00-04:00,18.94562261885491,18.998865111537196,18.785893448259724,18.856884002685547,55200,0.0,0.0
2024-07-22 00:00:00-04:00,19.01660894752573,19.114221572875977,18.803637331573512,19.114221572875977,108400,0.0,0.0
2024-07-23 00:00:00-04:00,19.220709132993054,19.291699681240885,19.105350126795898,19.265077590942383,104900,0.0,0.0
2024-07-24 00:00:00-04:00,19.23845695225625,19.300573469626652,18.998863220214844,18.998863220214844,72300,0.0,0.0
2024-07-25 00:00:00-04:00,19.114226119545457,19.27395360009277,18.998865408954877,19.04323387145996,87100,0.0,0.0
2024-07-26 00:00:00-04:00,19.096475675830366,19.16746622251364,18.954494582463816,19.016611099243164,86000,0.0,0.0
2024-07-29 00:00:00-04:00,19.078728609111565,19.24733180096605,19.025486119464755,19.229583740234375,89700,0.0,0.0
2024-07-30 00:00:00-04:00,19.30057493059011,19.655527694252225,19.08760327239284,19.620033264160156,124300,0.0,0.0
2024-07-31 00:00:00-04:00,19.77088973604365,19.877374726062467,19.575664433428482,19.655529022216797,113900,0.0,0.0
2024-08-01 00:00:00-04:00,19.69989308674307,19.788629986802626,19.602280465620108,19.69101905822754,88500,0.0,0.0
2024-08-02 00:00:00-04:00,19.63777696872317,19.788632084381963,19.46917548670009,19.67327308654785,128800,0.0,0.0
2024-08-05 00:00:00-04:00,19.23845474562272,19.522416902487596,18.72377291316815,18.732646942138672,132700,0.0,0.0
2024-08-06 00:00:00-04:00,18.86575406328725,19.478048524196222,18.759267407784307,19.238454818725586,89700,0.0,0.0
2024-08-07 00:00:00-04:00,19.309450420644872,19.469179599502116,19.16746930444919,19.211837768554688,75000,0.0,0.0
2024-08-08 00:00:00-04:00,19.238456651926967,19.362689684728387,19.22958262207713,19.318321228027344,62900,0.0,0.0
2024-08-09 00:00:00-04:00,19.371563607415965,19.371563607415965,19.229582515700308,19.25620460510254,56700,0.0,0.0
2024-08-12 00:00:00-04:00,19.33606860348961,19.371563029084793,19.211833882536304,19.291698455810547,90800,0.0,0.0
2024-08-13 00:00:00-04:00,19.38635580607144,19.645317628714746,19.38635580607144,19.600669860839844,77300,0.136,0.0
2024-08-14 00:00:00-04:00,19.573877021071187,19.663174245621178,19.41314235752178,19.5649471282959,55200,0.0,0.0
2024-08-15 00:00:00-04:00,19.636383283490915,19.65424306787384,19.511368199216008,19.582805633544922,67600,0.0,0.0
2024-08-16 00:00:00-04:00,19.573877416502356,19.672104535812018,19.529229654926837,19.636384963989258,44400,0.0,0.0
2024-08-19 00:00:00-04:00,19.689960858869778,19.90427486424769,19.645313101284334,19.814977645874023,96500,0.0,0.0
2024-08-20 00:00:00-04:00,19.975712788091705,20.002500762018677,19.823908024095196,19.948923110961914,133700,0.0,0.0
2024-08-21 00:00:00-04:00,20.05607795715332,20.091797525847717,19.922132980954892,20.05607795715332,66100,0.0,0.0
2024-08-22 00:00:00-04:00,20.07394225776731,20.136449813842773,19.97571682816437,20.136449813842773,87200,0.0,0.0
2024-08-23 00:00:00-04:00,20.136449942240485,20.672231674194336,20.127521751204057,20.672231674194336,76800,0.0,0.0
2024-08-26 00:00:00-04:00,20.743664957776854,20.80617250169394,20.64543954727979,20.716876983642578,158500,0.0,0.0
2024-08-27 00:00:00-04:00,20.68115488099221,20.716874446400364,20.600787562026486,20.69901466369629,85600,0.0,0.0
2024-08-28 00:00:00-04:00,20.707947891553314,20.832962984219286,20.502563763769782,20.565073013305664,81900,0.0,0.0
2024-08-29 00:00:00-04:00,20.74366996238023,20.913334553376075,20.618654844385,20.877614974975586,94400,0.0,0.0
2024-08-30 00:00:00-04:00,20.95797601634515,21.074062908009783,20.850820719796126,20.9758358001709,137900,0.0,0.0
2024-09-03 00:00:00-04:00,20.957982948435713,21.01156231763494,20.797249950447913,20.895475387573242,112100,0.0,0.0
2024-09-04 00:00:00-04:00,20.90440325218167,21.16336506855074,20.90440325218167,21.12764549255371,102600,0.0,0.0
2024-09-05 00:00:00-04:00,21.154433103132572,21.190150972429016,21.002628326416016,21.002628326416016,70000,0.0,0.0
2024-09-06 00:00:00-04:00,21.038343340358285,21.181218204558807,20.850820719796126,20.9758358001709,93900,0.0,0.0
2024-09-09 00:00:00-04:00,20.99370269361537,21.172295482745966,20.949053218930242,21.136577606201172,93000,0.0,0.0
2024-09-10 00:00:00-04:00,21.150940301429053,21.537136100962524,21.13297902076464,21.447322845458984,107900,0.136,0.0
2024-09-11 00:00:00-04:00,21.50121120737208,21.50121120737208,21.14195990874941,21.321584701538086,82500,0.0,0.0
2024-09-12 00:00:00-04:00,21.357515375289587,21.447326934872347,21.21381482430234,21.267702102661133,65200,0.0,0.0
2024-09-13 00:00:00-04:00,21.33057126254386,21.4563088186537,21.294645267629207,21.384458541870117,65700,0.0,0.0
2024-09-16 00:00:00-04:00,21.510194500154554,21.869445828776133,21.47426851076967,21.779632568359375,181200,0.0,0.0
2024-09-17 00:00:00-04:00,21.896387632801147,21.92333212364007,21.249735270075433,21.357511520385742,188100,0.0,0.0
2024-09-18 00:00:00-04:00,21.34853261955139,21.626952206562922,21.204832077026367,21.204832077026367,111100,0.0,0.0
2024-09-19 00:00:00-04:00,21.37547291017575,21.44732317306702,20.88150256692892,20.899465560913086,264000,0.0,0.0
2024-09-20 00:00:00-04:00,20.926409656535164,21.061130406854094,20.665953079545925,20.7827091217041,134200,0.0,0.0
2024-09-23 00:00:00-04:00,20.791693730773286,21.106039340150637,20.791693730773286,20.935394287109375,124000,0.0,0.0
2024-09-24 00:00:00-04:00,20.845578633749952,21.1419629245677,20.845578633749952,21.097055435180664,143900,0.0,0.0
2024-09-25 00:00:00-04:00,21.088072708699332,21.21381195861182,20.917429398107064,20.944372177124023,80100,0.0,0.0
2024-09-26 00:00:00-04:00,21.043167411738835,21.19584944412753,20.764747839634342,20.7827091217041,93800,0.0,0.0
2024-09-27 00:00:00-04:00,20.97131684785801,21.141961872949597,20.872522089166225,21.043167114257812,112900,0.0,0.0
2024-09-30 00:00:00-04:00,21.079095745666542,21.330572586541212,21.070114246380392,21.25872230529785,108900,0.0,0.0
2024-10-01 00:00:00-04:00,21.357510525014085,21.357510525014085,21.034183502197266,21.034183502197266,80400,0.0,0.0
2024-10-02 00:00:00-04:00,21.016225857485647,21.09705763376044,20.899469799003025,20.92641258239746,71100,0.0,0.0
2024-10-03 00:00:00-04:00,20.80964896220957,20.87251771801265,20.5222479567983,20.55817222595215,140200,0.0,0.0
2024-10-04 00:00:00-04:00,20.701878627010018,20.809654891269275,20.486327811537105,20.74678611755371,114500,0.0,0.0
2024-10-07 00:00:00-04:00,20.836599812389764,20.917431583978477,20.66595477091963,20.77372932434082,138800,0.0,0.0
2024-10-08 00:00:00-04:00,20.836600569390495,21.016225402633523,20.755768794865133,20.998262405395508,98400,0.0,0.0
2024-10-09 00:00:00-04:00,21.052148611688473,21.097054385796298,20.96233535042735,21.043167114257812,103600,0.0,0.0
2024-10-10 00:00:00-04:00,20.92641278820765,21.097057841248912,20.91743300235168,20.935394287109375,90800,0.0,0.0
2024-10-11 00:00:00-04:00,20.935394081210855,21.079094636133657,20.89048830018963,20.92641258239746,91100,0.0,0.0
2024-10-14 00:00:00-04:00,20.926408314463625,21.070108840078753,20.9174285305274,20.98927879333496,76500,0.0,0.0
2024-10-15 00:00:00-04:00,21.094073503545236,21.319920111242567,21.094073503545236,21.274749755859375,74300,0.136,0.0
2024-10-16 00:00:00-04:00,21.410262008068763,21.57287014032411,21.37412571885217,21.419294357299805,109200,0.0,0.0
2024-10-17 00:00:00-04:00,21.446397629444863,21.53673663385821,21.31992405711009,21.410263061523438,68500,0.0,0.0
2024-10-18 00:00:00-04:00,21.473495139272313,21.545765982341777,21.33798752390117,21.437358856201172,68600,0.0,0.0
2024-10-21 00:00:00-04:00,21.41025755391419,21.482528394239164,21.148274680815696,21.175376892089844,149000,0.0,0.0
2024-10-22 00:00:00-04:00,21.18441250402552,21.301851981946953,21.18441250402552,21.256683349609375,106000,0.0,0.0
2024-10-23 00:00:00-04:00,21.238615904264233,21.347021314660253,21.14827691355226,21.229581832885742,71800,0.0,0.0
2024-10-24 00:00:00-04:00,21.283783131020506,21.392190257322703,21.157309586228624,21.301851272583008,59800,0.0,0.0
2024-10-25 00:00:00-04:00,21.410258257068733,21.554799942465706,21.121173163201977,21.14827537536621,87200,0.0,0.0
2024-10-28 00:00:00-04:00,21.229582904934492,21.4012268236476,21.066973058056078,21.12117576599121,74600,0.0,0.0
2024-10-29 00:00:00-04:00,21.09407169955038,21.202477097053308,20.723683432448716,20.750783920288086,69900,0.0,0.0
2024-10-30 00:00:00-04:00,20.795956461150947,21.20247932919365,20.795956461150947,21.039871215820312,90800,0.0,0.0
2024-10-31 00:00:00-04:00,21.05793578458312,21.085037995966587,20.669479370117188,20.669479370117188,108600,0.0,0.0
2024-11-01 00:00:00-04:00,20.741750063609057,20.967596654317724,20.497837055178984,20.51590347290039,78800,0.0,0.0
2024-11-04 00:00:00-05:00,20.588180257772038,20.669483461871806,20.353299548502996,20.416536331176758,77600,0.0,0.0
2024-11-05 00:00:00-05:00,20.51590410121982,20.877260035878756,20.51590410121982,20.85919189453125,84700,0.0,0.0
2024-11-06 00:00:00-05:00,20.949529528385934,20.99469815577162,20.47976822205499,20.543004989624023,147900,0.0,0.0
2024-11-07 00:00:00-05:00,20.54300978932075,20.931466278658814,20.54300978932075,20.687551498413086,128200,0.0,0.0
2024-11-08 00:00:00-05:00,20.696580650688688,21.301849559782617,20.696580650688688,21.184410095214844,73600,0.0,0.0
2024-11-11 00:00:00-05:00,21.184417679479264,21.184417679479264,20.85919793336276,20.913400650024414,103000,0.0,0.0
2024-11-12 00:00:00-05:00,20.891585247578572,20.982458084249487,20.409960426501364,20.46448516845703,118300,0.136,0.0
2024-11-13 00:00:00-05:00,20.555356554531205,20.76436285084604,20.446308811570596,20.519006729125977,76900,0.0,0.0
2024-11-14 00:00:00-05:00,20.519005014235947,20.582615470123734,20.119165634470665,20.137340545654297,76900,0.0,0.0
2024-11-15 00:00:00-05:00,20.110083045423163,20.300916192522163,20.06464748972382,20.146432876586914,73900,0.0,0.0
2024-11-18 00:00:00-05:00,20.146431912993016,20.419048700660635,20.110082083567857,20.355438232421875,112600,0.0,0.0
2024-11-19 00:00:00-05:00,20.337264481595835,20.718929046126043,20.2009560799612,20.682580947875977,82800,0.0,0.0
2024-11-20 00:00:00-05:00,20.673491300769555,20.673491300769555,20.528095456655326,20.5462703704834,47600,0.0,0.0
2024-11-21 00:00:00-05:00,20.537182352605438,20.737101199488013,20.4463095192024,20.691665649414062,85400,0.0,0.0
2024-11-22 00:00:00-05:00,20.691669964162312,20.86432647705078,20.691669964162312,20.86432647705078,62800,0.0,0.0
2024-11-25 00:00:00-05:00,20.90067284285091,21.100591698245434,20.718927168306642,20.78253936767578,120300,0.0,0.0
2024-11-26 00:00:00-05:00,20.76436424255371,20.855237078902356,20.67349140620507,20.76436424255371,78700,0.0,0.0
2024-11-27 00:00:00-05:00,20.764368577603314,21.14603318334491,20.700758098855637,21.136945724487305,97300,0.0,0.0
2024-11-29 00:00:00-05:00,21.345945698258994,21.35503315440041,21.04606657861251,21.182374954223633,76200,0.0,0.0
2024-12-02 00:00:00-05:00,21.07333106034244,21.18237707846483,20.655316702192714,20.78253936767578,144100,0.0,0.0
2024-12-03 00:00:00-05:00,20.81888982687254,20.964285689717357,20.782541727789038,20.837064743041992,71300,0.0,0.0
2024-12-04 00:00:00-05:00,20.891589658220777,20.96428759625449,20.682583303030793,20.737106323242188,75300,0.0,0.0
2024-12-05 00:00:00-05:00,20.900673943743207,20.946109498144878,20.746190632220113,20.80980110168457,91100,0.0,0.0
2024-12-06 00:00:00-05:00,20.973370303953544,21.027893311813546,20.519007860858142,20.646228790283203,102000,0.0,0.0
2024-12-09 00:00:00-05:00,20.64622978255752,20.746190079484336,20.45539837924842,20.53718376159668,101300,0.0,0.0
2024-12-10 00:00:00-05:00,20.533530188115225,20.597527519817096,20.213552248350833,20.27754783630371,90600,0.136,0.0
2024-12-11 00:00:00-05:00,20.29583051627022,20.33239867225737,20.067273874166947,20.131269454956055,113800,0.0,0.0
2024-12-12 00:00:00-05:00,20.048984824508793,20.25011400068147,19.984989256806053,20.012414932250977,115200,0.0,0.0
2024-12-13 00:00:00-05:00,19.975844529636895,20.122120594665272,19.893564025089905,19.95755958557129,80100,0.0,0.0
2024-12-16 00:00:00-05:00,19.939282240686126,20.268404384307825,19.793006119909574,19.86614418029785,151300,0.0,0.0
2024-12-17 00:00:00-05:00,19.884423005366042,20.021556608377512,19.71986198425293,19.71986198425293,90700,0.0,0.0
2024-12-18 00:00:00-05:00,19.68329713187698,19.902711282171527,18.988484784069925,18.99762725830078,154100,0.0,0.0
2024-12-19 00:00:00-05:00,18.988482832155217,19.299319949057256,18.878774896411006,18.90620231628418,179500,0.0,0.0
2024-12-20 00:00:00-05:00,18.906204714217655,19.326748076454262,18.906204714217655,19.171329498291016,126400,0.0,0.0
2024-12-23 00:00:00-05:00,19.180474702131686,19.51873932994527,19.162189750628478,19.28104019165039,109800,0.0,0.0
2024-12-24 00:00:00-05:00,19.345035130852946,19.63758737011933,19.345035130852946,19.564449310302734,69700,0.0,0.0
2024-12-26 00:00:00-05:00,19.473023692788367,19.619299792839932,19.22618386379426,19.363317489624023,152400,0.0,0.0
2024-12-27 00:00:00-05:00,19.2627483701281,19.427309387468746,19.189610333948742,19.207895278930664,114800,0.0,0.0
2024-12-30 00:00:00-05:00,19.20789837628696,19.299321372190594,18.933629388576055,19.00676918029785,169900,0.0,0.0
2024-12-31 00:00:00-05:00,19.134761560624938,19.29932261509977,18.970200506150103,19.10733413696289,164600,0.0,0.0
2025-01-02 00:00:00-05:00,19.189613428356513,19.27189395029492,18.970199284436955,19.00676918029785,156800,0.0,0.0
2025-01-03 00:00:00-05:00,19.006771448245015,19.226185618345752,19.006771448245015,19.153047561645508,164300,0.0,0.0
2025-01-06 00:00:00-05:00,19.171332620053196,19.29932553945498,18.878780364990234,18.878780364990234,204700,0.0,0.0
2025-01-07 00:00:00-05:00,19.015913914259233,19.098194453521568,18.741646612550763,18.759931564331055,143800,0.0,0.0
2025-01-08 00:00:00-05:00,18.80563651133038,18.915344445076517,18.78735156508128,18.851348876953125,141600,0.0,0.0
2025-01-10 00:00:00-05:00,18.63193277655353,18.750783181938537,18.439946074583265,18.549654006958008,154400,0.0,0.0
2025-01-13 00:00:00-05:00,18.54051196753651,18.705071254324366,18.494799601416158,18.631933212280273,158100,0.0,0.0
2025-01-14 00:00:00-05:00,18.839937210083008,18.858344996164107,18.65586461566131,18.839937210083008,172400,0.136,0.0
2025-01-15 00:00:00-05:00,19.116051699544947,19.235698816701504,18.904367393172297,18.9595890045166,154400,0.0,0.0
2025-01-16 00:00:00-05:00,19.051623208066307,19.373750686645508,18.996399849912933,19.373750686645508,81700,0.0,0.0
2025-01-17 00:00:00-05:00,19.45658395893905,19.539417240665685,19.438177928359984,19.44738006591797,123400,0.0,0.0
2025-01-21 00:00:00-05:00,19.48419667479999,19.760306458272456,19.46578888777831,19.732696533203125,92700,0.0,0.0
2025-01-22 00:00:00-05:00,19.76951134119223,19.96278960366655,19.594642622124134,19.668272018432617,234000,0.0,0.0
2025-01-23 00:00:00-05:00,19.649863225776258,19.714288724819145,19.493400547187886,19.64065933227539,80600,0.0,0.0
2025-01-24 00:00:00-05:00,19.7050838470459,19.78791712895298,19.60384277905655,19.7050838470459,84800,0.0,0.0
2025-01-27 00:00:00-05:00,19.686677017909755,19.870751376753823,19.576233806973864,19.787918090820312,84700,0.0,0.0
2025-01-28 00:00:00-05:00,19.787918146692398,20.036418005194584,19.613047680843096,19.89836311340332,348400,0.0,0.0
2025-01-29 00:00:00-05:00,19.916770151125288,19.990399547497788,19.585438745180685,19.594642639160156,70200,0.0,0.0
2025-01-30 00:00:00-05:00,19.732698294873483,20.03641978599373,19.732698294873483,19.990400314331055,114800,0.0,0.0
2025-01-31 00:00:00-05:00,20.064026824081,20.146860105681533,19.870750337321823,19.98119354248047,95500,0.0,0.0
2025-02-03 00:00:00-05:00,19.907564153887005,19.990397435487537,19.714287667127827,19.98119354248047,113400,0.0,0.0
2025-02-04 00:00:00-05:00,19.94438268399698,19.999604294766584,19.797123884969142,19.95358657836914,73800,0.0,0.0
2025-02-05 00:00:00-05:00,20.054826652238567,20.156065974313258,19.9075661051546,20.09164047241211,90300,0.0,0.0
2025-02-06 00:00:00-05:00,20.183673818766426,20.321728690231243,20.11004443695433,20.238895416259766,103900,0.0,0.0
2025-02-07 00:00:00-05:00,20.38615905300086,20.38615905300086,20.082437560991366,20.192882537841797,126800,0.0,0.0
2025-02-10 00:00:00-05:00,20.220493404372462,20.284920667880442,20.100846283070222,20.183679580688477,112400,0.0,0.0
2025-02-11 00:00:00-05:00,20.0595732315059,20.30036241286347,20.0595732315059,20.263317108154297,65800,0.136,0.0
2025-02-12 00:00:00-05:00,20.087363449058255,20.21701852297578,19.911401729871677,20.198495864868164,81000,0.0,0.0
2025-02-13 00:00:00-05:00,20.217017165875312,20.32815134064306,20.161450961700332,20.30036735534668,111400,0.0,0.0
2025-02-14 00:00:00-05:00,20.411501737219005,20.420761299327303,20.142928509215587,20.20775604248047,106400,0.0,0.0
2025-02-18 00:00:00-05:00,20.25406265258789,20.346672404864556,20.198494681520536,20.25406265258789,101400,0.0,0.0
2025-02-19 00:00:00-05:00,20.28184335534239,20.309627338798812,20.152188298714414,20.235538482666016,90300,0.0,0.0
2025-02-20 00:00:00-05:00,20.207756590177258,20.3374116602211,20.12440639760112,20.309629440307617,79600,0.0,0.0
2025-02-21 00:00:00-05:00,20.33741110901023,20.374456423114616,20.059578318898513,20.20775604248047,68600,0.0,0.0
2025-02-24 00:00:00-05:00,20.179971526762063,20.300365251064463,19.920659656795426,20.226276397705078,83500,0.0,0.0
2025-02-25 00:00:00-05:00,20.24479944401008,20.42075937012917,20.24479944401008,20.374454498291016,102600,0.0,0.0
2025-02-26 00:00:00-05:00,20.374455821016635,20.476328665375398,20.263321648405462,20.318889617919922,106600,0.0,0.0
2025-02-27 00:00:00-05:00,20.411500930786133,20.513372007712803,20.309628087441734,20.411500930786133,90500,0.0,0.0
2025-02-28 00:00:00-05:00,20.48558866027156,20.744898768790193,20.448543349673105,20.707855224609375,174800,0.0,0.0
2025-03-03 00:00:00-05:00,20.707858856788203,20.818991275241032,20.53189713341696,20.633769989013672,120600,0.0,0.0
2025-03-04 00:00:00-05:00,20.624506577434875,20.698595437729203,20.28184449456252,20.39297866821289,97800,0.0,0.0
2025-03-05 00:00:00-05:00,20.30962755591453,20.51337147085338,20.272582244243278,20.430021286010742,87800,0.0,0.0
2025-03-06 00:00:00-05:00,20.3744574234631,20.448546288891702,19.920662901910656,19.957706451416016,84900,0.0,0.0
2025-03-07 00:00:00-05:00,19.985491556811386,20.18923550653775,19.88361869873921,20.11514663696289,57800,0.0,0.0
2025-03-10 00:00:00-04:00,20.087362132418537,20.374456248597244,19.91140042476549,19.96696662902832,79100,0.0,0.0
2025-03-11 00:00:00-04:00,19.90732263089067,20.103039831608484,19.86072202764982,19.963241577148438,165300,0.136,0.0
2025-03-12 00:00:00-04:00,20.0098345718747,20.10303397356676,19.963235759844036,20.028474807739258,82400,0.0,0.0
2025-03-13 00:00:00-04:00,20.08439495095326,20.121675424934406,19.75819969177246,19.75819969177246,259200,0.0,0.0
2025-03-14 00:00:00-04:00,19.870037443822163,20.16827412342739,19.832758747686924,20.037796020507812,81800,0.0,0.0
2025-03-17 00:00:00-04:00,20.056439489166117,20.37331645671405,20.037799249279505,20.28011703491211,61500,0.0,0.0
2025-03-18 00:00:00-04:00,20.280116499428864,20.363995799072722,20.15895672099615,20.308076858520508,96000,0.0,0.0
2025-03-19 00:00:00-04:00,20.308079074938203,20.58767558584543,20.270798592080567,20.41059684753418,93600,0.0,0.0
2025-03-20 00:00:00-04:00,20.466514587402344,20.51311518822663,20.317396220026932,20.466514587402344,103300,0.0,0.0
2025-03-21 00:00:00-04:00,20.345355601047316,20.494473961243813,20.196237240850824,20.39195442199707,175000,0.0,0.0
2025-03-24 00:00:00-04:00,20.457195260010227,20.634272201724144,20.326715361614987,20.39195442199707,83900,0.0,0.0
2025-03-25 00:00:00-04:00,20.401273224320427,20.494472637832743,20.10303652318579,20.214876174926758,121800,0.0,0.0
2025-03-26 00:00:00-04:00,20.196237028840333,20.3267151482348,20.103037610288116,20.224197387695312,70000,0.0,0.0
2025-03-27 00:00:00-04:00,20.224195379763337,20.4478728955025,20.149636207850282,20.2894344329834,32900,0.0,0.0
2025-03-28 00:00:00-04:00,20.289433705030653,20.457192280223836,20.214874535792667,20.447872161865234,86300,0.0,0.0
2025-03-31 00:00:00-04:00,20.457192893325395,20.56903076171875,20.270794075828647,20.56903076171875,134500,0.0,0.0
2025-04-01 00:00:00-04:00,20.559712935696922,20.578353175051348,20.289436575582044,20.52243423461914,89900,0.0,0.0
2025-04-02 00:00:00-04:00,20.49447444171755,21.044349074445076,20.438555499740666,20.92319107055664,225900,0.0,0.0
2025-04-03 00:00:00-04:00,20.624952473820997,20.736792134908526,20.270796806034177,20.345355987548828,175300,0.0,0.0
2025-04-04 00:00:00-04:00,19.97256176812297,20.01916059389665,19.320167541503906,19.320167541503906,278200,0.0,0.0
2025-04-07 00:00:00-04:00,18.947371022065305,19.077849152340086,18.211099287131773,18.406816482543945,232500,0.0,0.0
2025-04-08 00:00:00-04:00,18.740903287544526,19.12566882347121,18.04644837416571,18.215370178222656,133800,0.136,0.0
2025-04-09 00:00:00-04:00,18.046450800330295,19.4916692827066,17.830607039442523,19.303977966308594,180700,0.0,0.0
2025-04-10 00:00:00-04:00,19.163206853785088,19.163206853785088,18.215369281007487,18.67521095275879,92200,0.0,0.0
2025-04-11 00:00:00-04:00,18.618908248084274,18.98490435679529,18.534447332234485,18.909828186035156,66000,0.0,0.0
2025-04-14 00:00:00-04:00,18.98489767904357,19.369663142596416,18.98489767904357,19.163204193115234,97500,0.0,0.0
2025-04-15 00:00:00-04:00,19.172589259648962,19.40720243847001,19.050589404286377,19.247665405273438,57000,0.0,0.0
2025-04-16 00:00:00-04:00,19.125666397840973,19.41658804124567,19.125666397840973,19.14443588256836,61100,0.0,0.0
2025-04-17 00:00:00-04:00,19.116283409217345,19.5948927391628,19.116283409217345,19.4728946685791,57400,0.0,0.0
2025-04-21 00:00:00-04:00,19.350898245379113,19.41658965743637,18.909824267354566,19.05997657775879,89000,0.0,0.0
2025-04-22 00:00:00-04:00,19.17259178404337,19.519818332041098,19.17259178404337,19.416589736938477,73400,0.0,0.0
2025-04-23 00:00:00-04:00,19.716892599703076,19.95150578848114,19.388433777422474,19.4728946685791,81800,0.0,0.0
2025-04-24 00:00:00-04:00,19.435356361937494,19.79196942341627,19.435356361937494,19.66996955871582,48800,0.0,0.0
2025-04-25 00:00:00-04:00,19.726279481234087,19.942123208727153,19.529203450511496,19.707509994506836,45200,0.0,0.0
2025-04-28 00:00:00-04:00,19.782587804325665,19.88581819999384,19.566744058798513,19.829509735107422,74100,0.0,0.0
2025-04-29 00:00:00-04:00,19.88581749475147,20.101661232623815,19.651204269249305,19.989046096801758,105300,0.0,0.0
2025-04-30 00:00:00-04:00,19.92335496177756,20.073507285025602,19.566743641552677,20.04535484313965,104300,0.0,0.0
2025-05-01 00:00:00-04:00,20.0641211142522,20.298734326387763,20.01719918780779,20.186120986938477,103700,0.0,0.0
2025-05-02 00:00:00-04:00,20.18612232971971,20.373811837939215,20.18612232971971,20.22365951538086,94500,0.0,0.0
2025-05-05 00:00:00-04:00,20.1955064860852,20.411350219738775,20.045354167895162,20.233043670654297,38000,0.0,0.0
2025-05-06 00:00:00-04:00,20.186118020491744,20.355039794798564,20.007811504283822,20.082887649536133,76900,0.0,0.0
2025-05-07 00:00:00-04:00,20.186119910065297,20.355041700184476,20.04535234828487,20.054737091064453,91900,0.0,0.0
2025-05-08 00:00:00-04:00,20.08288896964022,20.355041132791968,20.08288896964022,20.092273712158203,68800,0.0,0.0
2025-05-09 00:00:00-04:00,20.129812560564016,20.289349602492297,20.12042781810275,20.21427345275879,57000,0.0,0.0
2025-05-12 00:00:00-04:00,20.364429759568434,20.50519734427464,20.251814617829297,20.270584106445312,102100,0.0,0.0
2025-05-13 00:00:00-04:00,20.351797950126198,20.484015036442372,20.125142403824672,20.285690307617188,59200,0.136,0.0
2025-05-14 00:00:00-04:00,20.22902717051073,20.389575076677406,19.89848715177954,19.917375564575195,99600,0.0,0.0
2025-05-15 00:00:00-04:00,20.002369567912375,20.332909552718558,19.992925362483856,20.32346534729004,109500,0.0,0.0
2025-05-16 00:00:00-04:00,20.399018475068846,20.578454786923697,20.219582163213996,20.52178955078125,91500,0.0,0.0
2025-05-19 00:00:00-04:00,20.38012920866816,20.616228945469828,20.38012920866816,20.550121307373047,87800,0.0,0.0
2025-05-20 00:00:00-04:00,20.578453986540204,20.710669263133934,20.427348497335597,20.56900978088379,82100,0.0,0.0
2025-05-21 00:00:00-04:00,20.48401549499132,20.512346313101865,19.96459494695351,20.030702590942383,88900,0.0,0.0
2025-05-22 00:00:00-04:00,20.030703574438785,20.096813022971794,19.841824839667904,20.04014778137207,53800,0.0,0.0
2025-05-23 00:00:00-04:00,19.70961129735286,20.049593770683686,19.70016708958,19.964597702026367,61000,0.0,0.0
2025-05-27 00:00:00-04:00,20.087369210097474,20.304580569929307,20.011817354447345,20.266803741455078,62100,0.0,0.0
2025-05-28 00:00:00-04:00,20.304578503662665,20.304578503662665,20.096811372092517,20.153474807739258,55100,0.0,0.0
2025-05-29 00:00:00-04:00,20.304581064511453,20.53123663698275,20.229029207021018,20.49346160888672,86400,0.0,0.0
2025-05-30 00:00:00-04:00,20.4934597166029,20.57845577359374,20.38013104018238,20.531234741210938,110200,0.0,0.0
2025-06-02 00:00:00-04:00,20.587896328586332,20.644561562353324,20.39901761992382,20.550121307373047,111400,0.0,0.0
2025-06-03 00:00:00-04:00,20.672895286031157,20.672895286031157,20.38957628253339,20.559568405151367,84400,0.0,0.0
2025-06-04 00:00:00-04:00,20.55956743615899,20.682338518208823,20.55956743615899,20.58789825439453,72400,0.0,0.0
2025-06-05 00:00:00-04:00,20.682339506187454,20.691783713149846,20.569012625235338,20.59734344482422,109400,0.0,0.0
2025-06-06 00:00:00-04:00,20.63512058230806,20.776780086272982,20.61623216809985,20.72956085205078,93800,0.0,0.0
2025-06-09 00:00:00-04:00,20.72956093608001,20.908995467890385,20.701228314652845,20.823999404907227,89900,0.0,0.0
2025-06-10 00:00:00-04:00,20.782189005424456,20.89621920145465,20.782189005424456,20.81069564819336,60600,0.136,0.0
2025-06-11 00:00:00-04:00,20.82969978314671,21.00074687733633,20.782187506972775,20.801191329956055,61400,0.0,0.0
2025-06-12 00:00:00-04:00,20.810696560750515,20.972240855941475,20.810696560750515,20.962738037109375,76500,0.0,0.0
2025-06-13 00:00:00-04:00,20.896219559993874,20.934230834307662,20.65865453296464,20.715669631958008,61100,0.0,0.0
2025-06-16 00:00:00-04:00,20.78219223022461,21.000751650261037,20.763186590444683,20.78219223022461,97400,0.0,0.0
2025-06-17 00:00:00-04:00,20.763181686401367,20.98174105481639,20.763181686401367,20.763181686401367,70200,0.0,0.0
2025-06-18 00:00:00-04:00,20.715667034297606,20.98174048369765,20.6871603946142,20.905719757080078,65700,0.0,0.0
2025-06-20 00:00:00-04:00,20.9057223992134,21.13378460788936,20.9057223992134,21.01975440979004,71400,0.0,0.0
2025-06-23 00:00:00-04:00,21.171795298794702,21.266819857099705,21.01975383053398,21.16229248046875,111900,0.0,0.0
2025-06-24 00:00:00-04:00,21.181296109755447,21.4188611079583,21.162290474904715,21.380849838256836,116200,0.0,0.0
2025-06-25 00:00:00-04:00,21.40936050404179,21.437867146788086,21.086271928083686,21.200302124023438,103700,0.0,0.0
2025-06-26 00:00:00-04:00,21.190799253274584,21.228810526812136,20.915224770036446,21.114778518676758,73700,0.0,0.0
2025-06-27 00:00:00-04:00,21.19079923795781,21.589908547427232,21.152789776925008,21.504384994506836,96000,0.0,0.0
2025-06-30 00:00:00-04:00,21.57090654720397,21.63742446899414,21.333341505109114,21.63742446899414,154100,0.0,0.0
2025-07-01 00:00:00-04:00,21.61841670085184,21.751452531325896,21.39985731865095,21.684934616088867,109500,0.0,0.0
2025-07-02 00:00:00-04:00,21.73245020993393,21.74195121635849,21.570905913555716,21.694438934326172,69400,0.0,0.0
2025-07-03 00:00:00-04:00,21.694435401115083,21.79896457953515,21.5994090400493,21.732446670532227,46800,0.0,0.0
2025-07-07 00:00:00-04:00,21.58040526587133,21.665928816956143,21.390354339831823,21.428363800048828,134300,0.0,0.0
2025-07-08 00:00:00-04:00,21.456875120544055,21.713445808068396,21.437869481658367,21.49488639831543,63000,0.0,0.0
2025-07-09 00:00:00-04:00,21.6184170550553,21.63742269185649,21.437867130398562,21.589908599853516,76500,0.0,0.0
2025-07-10 00:00:00-04:00,21.646926245352414,21.732449801384732,21.475879133287783,21.703941345214844,70600,0.0,0.0
2025-07-11 00:00:00-04:00,21.70394306464271,21.84648173182964,21.542398758503527,21.836978912353516,81100,0.0,0.0
2025-07-14 00:00:00-04:00,21.675431445805295,21.81797009220923,21.6564276221014,21.77996063232422,113000,0.0,0.0
2025-07-15 00:00:00-04:00,21.81437392266819,21.823933464081772,21.565831315803297,21.69010353088379,115800,0.136,0.0
2025-07-16 00:00:00-04:00,21.67098581821845,21.747460331066176,21.537155876558984,21.632747650146484,105800,0.0,0.0
2025-07-17 00:00:00-04:00,21.575394786226433,21.69966702393765,21.470241634824085,21.479801177978516,107300,0.0,0.0
2025-07-18 00:00:00-04:00,21.479798998028656,21.62319030749619,21.412884026035133,21.44156265258789,77000,0.0,0.0
2025-07-21 00:00:00-04:00,21.470238823492593,21.5658324192234,21.326849341544474,21.365087509155273,160200,0.0,0.0
2025-07-22 00:00:00-04:00,21.345965098123656,21.690101259795092,21.345965098123656,21.65186309814453,132100,0.0,0.0
2025-07-23 00:00:00-04:00,21.70922216299421,21.747460331066176,21.50847725050501,21.632747650146484,89400,0.0,0.0
2025-07-24 00:00:00-04:00,21.632749998953734,21.76658177844039,21.632749998953734,21.6805477142334,65900,0.0,0.0
2025-07-25 00:00:00-04:00,21.776139047002214,21.776139047002214,21.575392310388214,21.64230728149414,47800,0.0,0.0
2025-07-28 00:00:00-04:00,21.604071133248432,21.623190217537392,21.345968965236136,21.432003021240234,102900,0.0,0.0
2025-07-29 00:00:00-04:00,21.374651046464212,21.441566028994846,21.317293784326644,21.393768310546875,70600,0.0,0.0
2025-07-30 00:00:00-04:00,21.422443300609757,21.546715524156376,21.326849703257636,21.412883758544922,92100,0.0,0.0
2025-07-31 00:00:00-04:00,21.44156147536901,21.451121017028406,21.221697487091266,21.298171997070312,133600,0.0,0.0
2025-08-01 00:00:00-04:00,21.183461695297307,21.24081712838758,21.087868091282616,21.12610626220703,62100,0.0,0.0
2025-08-04 00:00:00-04:00,21.145222894074024,21.212137862130895,21.04006975952972,21.059188842773438,134500,0.0,0.0
2025-08-05 00:00:00-04:00,21.00182852980649,21.183456147538102,20.98271127264727,21.15477752685547,64600,0.0,0.0
2025-08-06 00:00:00-04:00,21.097423002513427,21.23125292477661,21.030508041381836,21.030508041381836,73700,0.0,0.0
2025-08-07 00:00:00-04:00,21.040069849133385,21.240814754158915,21.030510307470816,21.068748474121094,66400,0.0,0.0
2025-08-08 00:00:00-04:00,21.05919066122173,21.23125695538459,21.030512033879777,21.049631118774414,73800,0.0,0.0
2025-08-11 00:00:00-04:00,21.15478143090866,21.17390051489212,20.944476976979207,21.16434097290039,186100,0.0,0.0
2025-08-12 00:00:00-04:00,21.324007163277166,21.324007163277166,21.016218450548447,21.03545570373535,119600,0.136,0.0
2025-08-13 00:00:00-04:00,21.054692036807733,21.304770835402643,20.8911790467482,21.25667953491211,330400,0.0,0.0
2025-08-14 00:00:00-04:00,21.20858401957224,21.256677149230697,21.025835630566032,21.07392692565918,80800,0.0,0.0
2025-08-15 00:00:00-04:00,21.07392719186334,21.333624591603552,21.07392719186334,21.093164443969727,56300,0.0,0.0
2025-08-18 00:00:00-04:00,21.01621831804727,21.26629710420404,21.01621831804727,21.025836944580078,92100,0.0,0.0
2025-08-19 00:00:00-04:00,21.07392889727196,21.29515181070187,21.07392889727196,21.22782325744629,80600,0.0,0.0
2025-08-20 00:00:00-04:00,21.24705972438391,21.372098199433633,21.24705972438391,21.314388275146484,99300,0.0,0.0
2025-08-21 00:00:00-04:00,21.3240075582131,21.3240075582131,21.198969079313297,21.218204498291016,47500,0.0,0.0
2025-08-22 00:00:00-04:00,21.237441105027827,21.612558364868164,21.237441105027827,21.612558364868164,86600,0.0,0.0
2025-08-25 00:00:00-04:00,21.689504814337006,21.689504814337006,21.468281916447438,21.554847717285156,85600,0.0,0.0
2025-08-26 00:00:00-04:00,21.631795681069264,21.670270187096357,21.381716895589424,21.46828269958496,74900,0.0,0.0
2025-08-27 00:00:00-04:00,21.516374187862063,21.641412653763975,21.44904380745996,21.487518310546875,67800,0.0,0.0
2025-08-28 00:00:00-04:00,21.53561073049774,21.574085235595703,21.372097752962155,21.574085235595703,101100,0.0,0.0
2025-08-29 00:00:00-04:00,21.487518710160863,21.574084509151046,21.42980878902251,21.516374588012695,91600,0.0,0.0
2025-09-02 00:00:00-04:00,21.24705932706381,21.458663601869965,21.23744070076825,21.285531997680664,75500,0.0,0.0
2025-09-03 00:00:00-04:00,21.24706103878603,21.429811283993754,21.122020721435547,21.122020721435547,72000,0.0,0.0
2025-09-04 00:00:00-04:00,21.131641375242218,21.497141900712833,21.131641375242218,21.27591896057129,62100,0.0,0.0
2025-09-05 00:00:00-04:00,21.324009657487952,21.525995335879845,21.324009657487952,21.3817195892334,73600,0.0,0.0
2025-09-08 00:00:00-04:00,21.35286180796586,21.554847451048794,21.25667738216027,21.53561019897461,116200,0.0,0.0
2025-09-09 00:00:00-04:00,21.483355471478603,21.647867721194295,21.483355471478603,21.541418075561523,39400,0.136,0.0
2025-09-10 00:00:00-04:00,21.560773894669328,21.62851391021185,21.36722941102469,21.44464683532715,73800,0.0,0.0
2025-09-11 00:00:00-04:00,21.41561540311183,21.715609548462123,21.41561540311183,21.69625473022461,83900,0.0,0.0
2025-09-12 00:00:00-04:00,21.60915899699331,21.69625382966999,21.551096390467855,21.63819122314453,60100,0.0,0.0
2025-09-15 00:00:00-04:00,21.63819122314453,21.725286055821208,21.560773799184926,21.63819122314453,68400,0.0,0.0
2025-09-16 00:00:00-04:00,21.638190312884326,21.705930325277215,21.51238585063161,21.541418075561523,60800,0.0,0.0
2025-09-17 00:00:00-04:00,21.61883396963112,21.822053992459228,21.58012433912475,21.667219161987305,110300,0.0,0.0
2025-09-18 00:00:00-04:00,21.696251873763806,21.83173189203541,21.609157048938684,21.715606689453125,62400,0.0,0.0
2025-09-19 00:00:00-04:00,21.705929805451195,21.754315000065386,21.64786720275879,21.64786720275879,56000,0.0,0.0
2025-09-22 00:00:00-04:00,21.64786868236718,21.64786868236718,21.541419032008,21.560773849487305,60200,0.0,0.0
2025-09-23 00:00:00-04:00,21.522064164316635,21.67689901223584,21.522064164316635,21.63819122314453,63700,0.0,0.0
2025-09-24 00:00:00-04:00,21.59948168393206,21.61883650145192,21.386584228544553,21.44464683532715,51400,0.0,0.0
2025-09-25 00:00:00-04:00,21.454323286385186,21.512385890575917,21.367228457210636,21.425291061401367,31800,0.0,0.0
2025-09-26 00:00:00-04:00,21.38658423398315,21.589804280662406,21.38658423398315,21.483356475830078,57800,0.0,0.0
2025-09-29 00:00:00-04:00,21.667218642695776,21.79302309304958,21.589801229315253,21.73495864868164,151200,0.0,0.0
2025-09-30 00:00:00-04:00,21.802701461714065,21.851086655043893,21.560771803511287,21.754314422607422,154400,0.0,0.0
2025-10-01 00:00:00-04:00,21.647868631861602,21.77367125362959,21.618836405710383,21.63819122314453,100200,0.0,0.0
2025-10-02 00:00:00-04:00,21.570448902799548,21.638188910803116,21.39625925606078,21.434967041015625,118300,0.0,0.0
2025-10-03 00:00:00-04:00,21.43496895467965,21.609158616969665,21.396261166269063,21.473678588867188,146500,0.0,0.0
2025-10-06 00:00:00-04:00,21.560771623333668,21.560771623333668,21.193037512303487,21.202714920043945,136100,0.0,0.0
2025-10-07 00:00:00-04:00,21.28013430032013,21.29948911758747,21.10594463646801,21.12529945373535,108000,0.0,0.0
2025-10-08 00:00:00-04:00,21.183361200489777,21.2414256499365,20.931754123551325,20.989818572998047,128300,0.0,0.0
2025-10-09 00:00:00-04:00,21.04788223119885,21.134977063955624,20.815629959106445,20.815629959106445,94500,0.0,0.0
2025-10-10 00:00:00-04:00,20.83498396778878,20.970463993139393,20.515636875335975,20.602731704711914,99000,0.0,0.0
2025-10-13 00:00:00-04:00,20.65111627695908,20.85433630884712,20.641438868901048,20.786596298217773,93600,0.0,0.0
2025-10-14 00:00:00-04:00,20.802180172664126,20.98721694946289,20.69505224896326,20.98721694946289,78400,0.136,0.0
2025-10-15 00:00:00-04:00,20.996955302198632,21.22095021295942,20.889829239700312,21.15277671813965,83400,0.0,0.0
2025-10-16 00:00:00-04:00,21.10408304828955,21.211210967442696,21.00669419974467,21.045650482177734,73600,0.0,0.0
2025-10-17 00:00:00-04:00,21.123560514904998,21.123560514904998,20.821654908303735,20.96773910522461,105700,0.0,0.0
2025-10-20 00:00:00-04:00,21.07486680172958,21.211211938952367,20.987217019778456,21.104084014892578,115700,0.0,0.0
2025-10-21 00:00:00-04:00,21.23068822352316,21.23068822352316,21.03591237505012,21.104084014892578,105200,0.0,0.0
2025-10-22 00:00:00-04:00,21.191733647358934,21.191733647358934,21.035912226664504,21.11382293701172,48900,0.0,0.0
2025-10-23 00:00:00-04:00,21.172255583799515,21.172255583799515,20.880090883299886,20.98721694946289,84800,0.0,0.0
2025-10-24 00:00:00-04:00,21.07486556671512,21.24042604986097,21.045650212802048,21.18199348449707,44300,0.0,0.0
2025-10-27 00:00:00-04:00,21.220948827295746,21.308596742693847,21.133299054359966,21.24042510986328,107500,0.0,0.0
2025-10-28 00:00:00-04:00,21.269642169955002,21.269642169955002,20.85087144833591,20.889827728271484,101800,0.0,0.0
2025-10-29 00:00:00-04:00,20.88982775999569,21.17225335980684,20.587922162649498,20.6463565826416,168800,0.0,0.0
2025-10-30 00:00:00-04:00,20.65609434966729,20.90930460381812,20.646357136944854,20.850872039794922,120600,0.0,0.0
2025-10-31 00:00:00-04:00,20.96774064396349,21.016434141485387,20.792441080824084,20.870351791381836,104600,0.0,0.0
2025-11-03 00:00:00-05:00,20.84113590855663,20.870353123457306,20.548971189701764,20.665836334228516,132000,0.0,0.0
2025-11-04 00:00:00-05:00,20.578184127807617,20.724268327598768,20.548968773879597,20.578184127807617,72300,0.0,0.0
2025-11-05 00:00:00-05:00,20.500274579784243,20.69505228548632,20.48079829524433,20.626880645751953,134200,0.0,0.0
2025-11-06 00:00:00-05:00,20.56844715990951,20.665834150880194,20.3152368968026,20.324975967407227,214200,0.0,0.0
2025-11-07 00:00:00-05:00,20.20810819188912,20.412623094020255,20.20810819188912,20.373668670654297,143600,0.0,0.0
2025-11-10 00:00:00-05:00,20.38340762388965,20.548968101704595,20.32497506040723,20.500272750854492,115800,0.0,0.0
2025-11-11 00:00:00-05:00,20.461318633685206,20.772961453635276,20.461318633685206,20.724267959594727,86700,0.0,0.0
2025-11-12 00:00:00-05:00,20.73014683083581,20.857567222268496,20.583124884131966,20.632131576538086,70200,0.136,0.0
2025-11-13 00:00:00-05:00,20.61253149860736,20.62233321168819,20.30868400155852,20.347890853881836,111400,0.0,0.0
2025-11-14 00:00:00-05:00,20.318486600758423,20.396898439339093,20.191068064121975,20.279281616210938,135700,0.0,0.0
2025-11-17 00:00:00-05:00,20.27928042484745,20.27928042484745,19.906822811356072,19.946029663085938,122000,0.0,0.0
2025-11-18 00:00:00-05:00,20.00483879214313,20.09305234222884,19.877420258400246,19.995037078857422,135300,0.0,0.0
2025-11-19 00:00:00-05:00,19.906823998193552,20.142059514140637,19.64218521118164,19.64218521118164,152700,0.0,0.0
2025-11-20 00:00:00-05:00,19.73039555983147,19.94602950365093,19.553970336914062,19.553970336914062,160600,0.0,0.0
2025-11-21 00:00:00-05:00,19.583372753696832,19.877418518066406,19.583372753696832,19.877418518066406,137200,0.0,0.0
2025-11-24 00:00:00-05:00,19.99503486825424,20.04404342926451,19.848012924194336,19.848012924194336,116600,0.0,0.0
2025-11-25 00:00:00-05:00,19.779405443488038,20.093052797799388,19.769603729980094,20.024442672729492,119200,0.0,0.0
2025-11-26 00:00:00-05:00,20.0146400624792,20.31848568966901,20.004838349410416,20.220470428466797,87900,0.0,0.0
2025-11-28 00:00:00-05:00,20.220470904447392,20.39689800486727,20.220470904447392,20.377296447753906,86300,0.0,0.0
2025-12-01 00:00:00-05:00,20.387098341042986,20.426305198182416,20.240076365741807,20.259679794311523,151800,0.0,0.0
2025-12-02 00:00:00-05:00,20.259678608212848,20.387097147484617,20.00483966018357,20.05384635925293,140900,0.0,0.0
2025-12-03 00:00:00-05:00,20.0146425741452,20.151862835356898,20.004840859846386,20.132261276245117,88000,0.0,0.0
2025-12-04 00:00:00-05:00,20.13225993782911,20.259678476271066,19.89702254926813,19.9166259765625,173200,0.0,0.0
2025-12-05 00:00:00-05:00,19.916625540574557,20.004839091982443,19.750000151191404,19.759801864624023,218200,0.0,0.0
2025-12-08 00:00:00-05:00,19.671587571519385,19.70099271070855,19.50496218841867,19.5833740234375,221400,0.0,0.0
2025-12-09 00:00:00-05:00,19.490609269714643,19.638638837075646,19.352448591150782,19.38205337524414,239400,0.136,0.0
2025-12-10 00:00:00-05:00,19.372183922341485,19.411659476380553,19.20441658227147,19.263629913330078,310600,0.0,0.0
2025-12-11 00:00:00-05:00,19.243892120757817,19.40179057219045,19.095862557826976,19.194549560546875,344000,0.0,0.0
2025-12-12 00:00:00-05:00,19.145205917240837,19.34257993091987,19.016914125958127,19.16494369506836,200100,0.0,0.0
2025-12-15 00:00:00-05:00,19.184681800059618,19.38205393480642,19.14520624373138,19.36231803894043,280100,0.0,0.0
2025-12-16 00:00:00-05:00,19.362317734195155,19.480740636719744,19.224155171519005,19.303104400634766,417000,0.0,0.0
2025-12-17 00:00:00-05:00,19.293234214662643,19.530083768385097,19.28336720869735,19.49060821533203,255600,0.0,0.0
2025-12-18 00:00:00-05:00,19.62876969262372,19.62876969262372,19.362317227763555,19.461002349853516,142600,0.0,0.0
2025-12-19 00:00:00-05:00,19.50047841457321,19.539952087982037,19.293235511708033,19.303104400634766,357300,0.0,0.0
2025-12-22 00:00:00-05:00,19.243892669677734,19.293235231296144,19.10573199130774,19.243892669677734,530600,0.0,0.0
2025-12-23 00:00:00-05:00,19.283368238388277,19.332710800041426,19.21428601685657,19.312973022460938,231000,0.0,0.0
2025-12-24 00:00:00-05:00,19.36231669732294,19.4906084819041,19.312972255331726,19.48073959350586,99000,0.0,0.0
2025-12-26 00:00:00-05:00,19.49060958841598,19.530085144250037,19.391922581128934,19.510347366333008,175200,0.0,0.0
2025-12-29 00:00:00-05:00,19.451132662278965,19.628768886421817,19.411658991523872,19.49060821533203,303600,0.0,0.0
2025-12-30 00:00:00-05:00,19.539952752721696,19.78666933738888,19.539952752721696,19.76693344116211,283300,0.0,0.0
2025-12-31 00:00:00-05:00,19.826143755876018,19.83601264457174,19.589296074072834,19.599164962768555,168600,0.0,0.0
2026-01-02 00:00:00-05:00,19.59916415538583,19.776800379995052,19.480739378213688,19.69784927368164,176900,0.0,0.0
2026-01-05 00:00:00-05:00,19.717587918914315,19.91496192879716,19.589296130099108,19.875486373901367,231900,0.0,0.0
2026-01-06 00:00:00-05:00,19.944567564755598,19.993912010483463,19.826144659605,19.98404312133789,289400,0.0,0.0
2026-01-07 00:00:00-05:00,20.053123429408085,20.053123429408085,19.687983943125303,19.77680206298828,241100,0.0,0.0
2026-01-08 00:00:00-05:00,19.68798313504053,19.91496192879716,19.68798313504053,19.875486373901367,111400,0.0,0.0
2026-01-09 00:00:00-05:00,19.93469945361102,20.033384575003737,19.91496167641326,19.954435348510742,90700,0.0,0.0
2026-01-12 00:00:00-05:00,19.93470082469928,20.102468177823017,19.905094156866326,19.97417449951172,167900,0.0,0.0
2026-01-13 00:00:00-05:00,20.000003828803617,20.149036676144792,19.90065112395133,20.06955337524414,150500,0.136,0.0
2026-01-14 00:00:00-05:00,20.069553916533142,20.258325576868877,19.990070613488772,20.188777923583984,150000,0.0,0.0
2026-01-15 00:00:00-05:00,20.198713033917176,20.36761528525469,20.198713033917176,20.278196334838867,187800,0.0,0.0
2026-01-16 00:00:00-05:00,20.30800409813031,20.417292456887953,20.139101840016007,20.178842544555664,505400,0.0,0.0
2026-01-20 00:00:00-05:00,20.11922999808033,20.11922999808033,19.880780092173513,19.990070343017578,257500,0.0,0.0
2026-01-21 00:00:00-05:00,20.11922999893721,20.14903694781361,19.960263394992566,20.05961799621582,139200,0.0,0.0
2026-01-22 00:00:00-05:00,20.08942332137039,20.139101570168627,19.870844711752426,19.910587310791016,123000,0.0,0.0
2026-01-23 00:00:00-05:00,19.841038302583804,19.950328557883584,19.81123324752494,19.890716552734375,129700,0.0,0.0
2026-01-26 00:00:00-05:00,19.950329102055182,20.000005458529266,19.82116943820365,19.870845794677734,150000,0.0,0.0
2026-01-27 00:00:00-05:00,19.930457257823356,19.930457257823356,19.85097395261392,19.890716552734375,153100,0.0,0.0
2026-01-28 00:00:00-05:00,19.94039180538759,19.94039180538759,19.711877552423505,19.721813201904297,210200,0.0,0.0
2026-01-29 00:00:00-05:00,19.721813489075597,20.07948740043535,19.721813489075597,20.05961799621582,256900,0.0,0.0
2026-01-30 00:00:00-05:00,20.139101030219162,20.238455630120413,19.990070077882972,20.208648681640625,185900,0.0,0.0
2026-02-02 00:00:00-05:00,20.268261226541657,20.42722783262972,20.228520522535355,20.258325576782227,204800,0.0,0.0
2026-02-03 00:00:00-05:00,20.268262324474282,20.317940575962513,20.039748052723,20.218585968017578,256100,0.0,0.0
2026-02-04 00:00:00-05:00,20.34774561652099,20.586195538390587,20.25832665894095,20.496776580810547,140800,0.0,0.0
2026-02-05 00:00:00-05:00,20.5067111477553,20.526582447285872,20.347744541573586,20.466970443725586,198600,0.0,0.0
2026-02-06 00:00:00-05:00,20.51664679701688,20.77496800581368,20.51664679701688,20.745161056518555,125100,0.0,0.0
2026-02-09 00:00:00-05:00,20.804775774563335,20.93393543653334,20.506711954966292,20.923999786376953,198800,0.0,0.0
2026-02-10 00:00:00-05:00,20.950000762939453,21.229999542236328,20.950000762939453,21.1200008392334,111100,0.136,0.0
2026-02-11 00:00:00-05:00,21.15999984741211,21.200000762939453,21.0,21.030000686645508,176900,0.0,0.0
2026-02-12 00:00:00-05:00,21.200000762939453,21.3799991607666,21.079999923706055,21.139999389648438,183600,0.0,0.0
2026-02-13 00:00:00-05:00,21.290000915527344,21.489999771118164,21.18000030517578,21.459999084472656,131600,0.0,0.0
2026-02-17 00:00:00-05:00,21.489999771118164,21.670000076293945,21.3799991607666,21.65999984741211,125100,0.0,0.0
2026-02-18 00:00:00-05:00,21.739999771118164,21.739999771118164,21.34000015258789,21.34000015258789,95433,0.0,0.0
