Date,Open,High,Low,Close,Volume,Dividends,Stock Splits
2022-01-03 00:00:00-05:00,7.099999904632568,7.71999979019165,7.090000152587891,7.539999961853027,201900,0.0,0.0
2022-01-04 00:00:00-05:00,7.5,7.539999961853027,7.260000228881836,7.420000076293945,117500,0.0,0.0
2022-01-05 00:00:00-05:00,7.349999904632568,8.25,7.110000133514404,7.269999980926514,1624600,0.0,0.0
2022-01-06 00:00:00-05:00,7.190000057220459,7.389999866485596,6.949999809265137,7.150000095367432,154600,0.0,0.0
2022-01-07 00:00:00-05:00,7.090000152587891,7.150000095367432,6.659999847412109,6.75,212400,0.0,0.0
2022-01-10 00:00:00-05:00,6.670000076293945,6.869999885559082,6.559999942779541,6.849999904632568,409300,0.0,0.0
2022-01-11 00:00:00-05:00,6.949999809265137,7.0,6.860000133514404,6.949999809265137,153400,0.0,0.0
2022-01-12 00:00:00-05:00,6.920000076293945,7.079999923706055,6.71999979019165,6.739999771118164,133200,0.0,0.0
2022-01-13 00:00:00-05:00,6.800000190734863,6.820000171661377,6.519999980926514,6.690000057220459,103500,0.0,0.0
2022-01-14 00:00:00-05:00,6.570000171661377,6.800000190734863,6.480000019073486,6.699999809265137,147100,0.0,0.0
2022-01-18 00:00:00-05:00,6.679999828338623,6.840000152587891,6.5,6.519999980926514,85700,0.0,0.0
2022-01-19 00:00:00-05:00,6.489999771118164,6.690000057220459,6.440000057220459,6.5,69300,0.0,0.0
2022-01-20 00:00:00-05:00,6.489999771118164,6.710000038146973,6.300000190734863,6.300000190734863,68600,0.0,0.0
2022-01-21 00:00:00-05:00,6.210000038146973,6.309999942779541,5.940000057220459,5.989999771118164,160900,0.0,0.0
2022-01-24 00:00:00-05:00,5.809999942779541,6.139999866485596,5.340000152587891,6.050000190734863,256100,0.0,0.0
2022-01-25 00:00:00-05:00,5.980000019073486,6.050000190734863,5.681000232696533,5.929999828338623,71200,0.0,0.0
2022-01-26 00:00:00-05:00,5.989999771118164,6.139999866485596,5.650000095367432,5.650000095367432,106600,0.0,0.0
2022-01-27 00:00:00-05:00,5.760000228881836,6.090000152587891,5.349999904632568,5.380000114440918,147700,0.0,0.0
2022-01-28 00:00:00-05:00,5.349999904632568,5.510000228881836,5.269999980926514,5.380000114440918,156600,0.0,0.0
2022-01-31 00:00:00-05:00,5.449999809265137,5.769999980926514,5.449999809265137,5.690000057220459,138000,0.0,0.0
2022-02-01 00:00:00-05:00,5.789999961853027,6.110000133514404,5.650000095367432,5.78000020980835,111000,0.0,0.0
2022-02-02 00:00:00-05:00,5.860000133514404,5.960000038146973,5.468999862670898,5.559999942779541,89700,0.0,0.0
2022-02-03 00:00:00-05:00,5.46999979019165,5.570000171661377,5.449999809265137,5.519999980926514,39400,0.0,0.0
2022-02-04 00:00:00-05:00,5.489999771118164,5.670000076293945,5.260000228881836,5.630000114440918,74000,0.0,0.0
2022-02-07 00:00:00-05:00,5.510000228881836,5.809999942779541,5.320000171661377,5.559999942779541,91400,0.0,0.0
2022-02-08 00:00:00-05:00,5.679999828338623,5.690000057220459,5.420000076293945,5.610000133514404,91000,0.0,0.0
2022-02-09 00:00:00-05:00,5.639999866485596,5.860000133514404,5.480000019073486,5.809999942779541,101100,0.0,0.0
2022-02-10 00:00:00-05:00,5.769999980926514,5.945000171661377,5.510000228881836,5.539999961853027,118400,0.0,0.0
2022-02-11 00:00:00-05:00,5.610000133514404,5.659999847412109,5.25,5.389999866485596,102300,0.0,0.0
2022-02-14 00:00:00-05:00,5.400000095367432,5.400000095367432,5.150000095367432,5.159999847412109,89000,0.0,0.0
2022-02-15 00:00:00-05:00,5.28000020980835,5.389999866485596,5.210000038146973,5.260000228881836,68800,0.0,0.0
2022-02-16 00:00:00-05:00,5.210000038146973,5.251999855041504,5.03000020980835,5.199999809265137,127400,0.0,0.0
2022-02-17 00:00:00-05:00,5.130000114440918,5.25,5.059999942779541,5.099999904632568,94500,0.0,0.0
2022-02-18 00:00:00-05:00,5.090000152587891,5.230000019073486,4.954999923706055,5.010000228881836,112600,0.0,0.0
2022-02-22 00:00:00-05:00,4.880000114440918,5.190000057220459,4.880000114440918,5.099999904632568,117700,0.0,0.0
2022-02-23 00:00:00-05:00,5.170000076293945,5.179999828338623,5.0,5.03000020980835,104800,0.0,0.0
2022-02-24 00:00:00-05:00,4.909999847412109,5.070000171661377,4.820000171661377,5.050000190734863,104900,0.0,0.0
2022-02-25 00:00:00-05:00,5.039999961853027,5.119999885559082,4.909999847412109,5.050000190734863,67800,0.0,0.0
2022-02-28 00:00:00-05:00,4.980000019073486,5.110000133514404,4.920000076293945,4.960000038146973,73000,0.0,0.0
2022-03-01 00:00:00-05:00,4.909999847412109,5.039999961853027,4.860000133514404,4.989999771118164,85600,0.0,0.0
2022-03-02 00:00:00-05:00,4.960000038146973,5.199999809265137,4.869999885559082,5.159999847412109,102500,0.0,0.0
2022-03-03 00:00:00-05:00,5.139999866485596,5.300000190734863,5.010000228881836,5.159999847412109,86100,0.0,0.0
2022-03-04 00:00:00-05:00,5.130000114440918,5.230000019073486,4.960000038146973,5.010000228881836,44800,0.0,0.0
2022-03-07 00:00:00-05:00,5.019999980926514,5.090000152587891,4.760000228881836,4.849999904632568,106600,0.0,0.0
2022-03-08 00:00:00-05:00,4.820000171661377,4.940000057220459,4.744999885559082,4.869999885559082,63500,0.0,0.0
2022-03-09 00:00:00-05:00,4.909999847412109,5.260000228881836,4.880000114440918,5.179999828338623,85000,0.0,0.0
2022-03-10 00:00:00-05:00,5.150000095367432,5.489999771118164,5.130000114440918,5.269999980926514,135300,0.0,0.0
2022-03-11 00:00:00-05:00,4.940000057220459,5.380000114440918,4.920000076293945,5.239999771118164,55500,0.0,0.0
2022-03-14 00:00:00-04:00,5.230000019073486,5.3460001945495605,4.510000228881836,4.75,200700,0.0,0.0
2022-03-15 00:00:00-04:00,4.699999809265137,4.980000019073486,4.610000133514404,4.75,111000,0.0,0.0
2022-03-16 00:00:00-04:00,4.760000228881836,4.989999771118164,4.550000190734863,4.800000190734863,82400,0.0,0.0
2022-03-17 00:00:00-04:00,4.809999942779541,5.440000057220459,4.809999942779541,5.130000114440918,43300,0.0,0.0
2022-03-18 00:00:00-04:00,5.110000133514404,5.251999855041504,4.920000076293945,5.059999942779541,69300,0.0,0.0
2022-03-21 00:00:00-04:00,5.0,5.349999904632568,5.0,5.239999771118164,116700,0.0,0.0
2022-03-22 00:00:00-04:00,5.320000171661377,5.460000038146973,5.199999809265137,5.320000171661377,46500,0.0,0.0
2022-03-23 00:00:00-04:00,5.510000228881836,6.619999885559082,5.5,5.980000019073486,1156600,0.0,0.0
2022-03-24 00:00:00-04:00,6.199999809265137,6.400000095367432,5.650000095367432,5.920000076293945,481500,0.0,0.0
2022-03-25 00:00:00-04:00,6.0,6.074999809265137,5.710000038146973,5.769999980926514,142200,0.0,0.0
2022-03-28 00:00:00-04:00,5.690000057220459,5.817999839782715,5.519999980926514,5.539999961853027,93300,0.0,0.0
2022-03-29 00:00:00-04:00,5.550000190734863,5.840000152587891,5.550000190734863,5.739999771118164,93100,0.0,0.0
2022-03-30 00:00:00-04:00,5.789999961853027,5.900000095367432,5.449999809265137,5.449999809265137,97700,0.0,0.0
2022-03-31 00:00:00-04:00,5.460000038146973,5.579999923706055,5.349999904632568,5.349999904632568,56700,0.0,0.0
2022-04-01 00:00:00-04:00,5.599999904632568,5.96999979019165,5.400000095367432,5.590000152587891,135200,0.0,0.0
2022-04-04 00:00:00-04:00,5.699999809265137,5.849999904632568,5.550000190734863,5.610000133514404,65200,0.0,0.0
2022-04-05 00:00:00-04:00,5.590000152587891,5.802999973297119,5.480000019073486,5.510000228881836,59900,0.0,0.0
2022-04-06 00:00:00-04:00,5.380000114440918,5.480000019073486,5.35099983215332,5.360000133514404,55000,0.0,0.0
2022-04-07 00:00:00-04:00,5.349999904632568,5.4670000076293945,5.179999828338623,5.230000019073486,64500,0.0,0.0
2022-04-08 00:00:00-04:00,5.159999847412109,5.269999980926514,5.059999942779541,5.079999923706055,84100,0.0,0.0
2022-04-11 00:00:00-04:00,5.010000228881836,5.059999942779541,4.849999904632568,4.900000095367432,106500,0.0,0.0
2022-04-12 00:00:00-04:00,4.929999828338623,5.130000114440918,4.710000038146973,4.739999771118164,217700,0.0,0.0
2022-04-13 00:00:00-04:00,4.75,5.260000228881836,4.75,5.090000152587891,407700,0.0,0.0
2022-04-14 00:00:00-04:00,5.119999885559082,5.119999885559082,4.920000076293945,4.949999809265137,130800,0.0,0.0
2022-04-18 00:00:00-04:00,4.940000057220459,4.940000057220459,4.5,4.559999942779541,158600,0.0,0.0
2022-04-19 00:00:00-04:00,4.519999980926514,4.690000057220459,4.429999828338623,4.53000020980835,64400,0.0,0.0
2022-04-20 00:00:00-04:00,4.559999942779541,4.639999866485596,4.460000038146973,4.559999942779541,102400,0.0,0.0
2022-04-21 00:00:00-04:00,4.570000171661377,4.690000057220459,4.400000095367432,4.409999847412109,66900,0.0,0.0
2022-04-22 00:00:00-04:00,4.400000095367432,4.418000221252441,4.25,4.320000171661377,65400,0.0,0.0
2022-04-25 00:00:00-04:00,4.260000228881836,4.449999809265137,4.229000091552734,4.360000133514404,72600,0.0,0.0
2022-04-26 00:00:00-04:00,4.340000152587891,4.409999847412109,4.210000038146973,4.260000228881836,61000,0.0,0.0
2022-04-27 00:00:00-04:00,4.300000190734863,4.320000171661377,4.150000095367432,4.199999809265137,117600,0.0,0.0
2022-04-28 00:00:00-04:00,4.21999979019165,4.309999942779541,4.079999923706055,4.179999828338623,87200,0.0,0.0
2022-04-29 00:00:00-04:00,4.130000114440918,4.239999771118164,4.099999904632568,4.159999847412109,51200,0.0,0.0
2022-05-02 00:00:00-04:00,4.070000171661377,4.300000190734863,4.070000171661377,4.190000057220459,48000,0.0,0.0
2022-05-03 00:00:00-04:00,4.230000019073486,4.369999885559082,4.189000129699707,4.340000152587891,39400,0.0,0.0
2022-05-04 00:00:00-04:00,4.340000152587891,4.380000114440918,4.150000095367432,4.380000114440918,78100,0.0,0.0
2022-05-05 00:00:00-04:00,4.289999961853027,4.289999961853027,4.050000190734863,4.139999866485596,52400,0.0,0.0
2022-05-06 00:00:00-04:00,4.090000152587891,4.090000152587891,3.880000114440918,3.9049999713897705,80400,0.0,0.0
2022-05-09 00:00:00-04:00,3.8399999141693115,3.9049999713897705,3.450000047683716,3.5899999141693115,146400,0.0,0.0
2022-05-10 00:00:00-04:00,3.6500000953674316,3.690000057220459,3.2699999809265137,3.4800000190734863,80300,0.0,0.0
2022-05-11 00:00:00-04:00,3.440000057220459,3.4549999237060547,3.109999895095825,3.1600000858306885,181400,0.0,0.0
2022-05-12 00:00:00-04:00,3.259999990463257,3.259999990463257,2.950000047683716,3.0199999809265137,128500,0.0,0.0
2022-05-13 00:00:00-04:00,3.0,3.187000036239624,3.0,3.059999942779541,160200,0.0,0.0
2022-05-16 00:00:00-04:00,3.059999942779541,3.2200000286102295,2.9700000286102295,3.0799999237060547,108000,0.0,0.0
2022-05-17 00:00:00-04:00,3.1500000953674316,3.2699999809265137,3.049999952316284,3.200000047683716,97800,0.0,0.0
2022-05-18 00:00:00-04:00,3.180000066757202,3.184999942779541,2.9200000762939453,3.0,65800,0.0,0.0
2022-05-19 00:00:00-04:00,2.990000009536743,3.052000045776367,2.9549999237060547,3.0,91500,0.0,0.0
2022-05-20 00:00:00-04:00,3.049999952316284,3.049999952316284,2.890000104904175,3.0,79300,0.0,0.0
2022-05-23 00:00:00-04:00,3.0,3.0850000381469727,2.8499999046325684,2.9800000190734863,82700,0.0,0.0
2022-05-24 00:00:00-04:00,2.9200000762939453,2.934999942779541,2.680000066757202,2.809999942779541,92400,0.0,0.0
2022-05-25 00:00:00-04:00,2.7799999713897705,2.869999885559082,2.7699999809265137,2.799999952316284,20800,0.0,0.0
2022-05-26 00:00:00-04:00,2.7899999618530273,2.9049999713897705,2.7190001010894775,2.799999952316284,67400,0.0,0.0
2022-05-27 00:00:00-04:00,2.806999921798706,2.9000000953674316,2.806999921798706,2.8399999141693115,67700,0.0,0.0
2022-05-31 00:00:00-04:00,2.9000000953674316,2.9000000953674316,2.759999990463257,2.809999942779541,81600,0.0,0.0
2022-06-01 00:00:00-04:00,2.7799999713897705,2.9519999027252197,2.734999895095825,2.7899999618530273,44300,0.0,0.0
2022-06-02 00:00:00-04:00,2.7799999713897705,2.950000047683716,2.7799999713897705,2.890000104904175,72400,0.0,0.0
2022-06-03 00:00:00-04:00,2.880000114440918,2.930000066757202,2.799999952316284,2.9100000858306885,66900,0.0,0.0
2022-06-06 00:00:00-04:00,2.9800000190734863,2.9800000190734863,2.799999952316284,2.8399999141693115,53000,0.0,0.0
2022-06-07 00:00:00-04:00,2.8399999141693115,3.0399999618530273,2.759999990463257,3.0,140000,0.0,0.0
2022-06-08 00:00:00-04:00,3.009999990463257,3.190000057220459,2.9100000858306885,3.049999952316284,78000,0.0,0.0
2022-06-09 00:00:00-04:00,3.009999990463257,3.072999954223633,2.8949999809265137,2.940000057220459,59800,0.0,0.0
2022-06-10 00:00:00-04:00,2.9000000953674316,2.9100000858306885,2.7200000286102295,2.819999933242798,55400,0.0,0.0
2022-06-13 00:00:00-04:00,2.7200000286102295,2.7799999713897705,2.5999999046325684,2.6500000953674316,94100,0.0,0.0
2022-06-14 00:00:00-04:00,2.6500000953674316,2.700000047683716,2.5999999046325684,2.680000066757202,81000,0.0,0.0
2022-06-15 00:00:00-04:00,2.7200000286102295,2.759999990463257,2.5999999046325684,2.690000057220459,79500,0.0,0.0
2022-06-16 00:00:00-04:00,2.625,2.690000057220459,2.5999999046325684,2.630000114440918,39900,0.0,0.0
2022-06-17 00:00:00-04:00,2.690000057220459,2.740000009536743,2.609999895095825,2.640000104904175,64900,0.0,0.0
2022-06-21 00:00:00-04:00,2.7100000381469727,2.8399999141693115,2.680000066757202,2.7300000190734863,185400,0.0,0.0
2022-06-22 00:00:00-04:00,2.7300000190734863,2.819999933242798,2.687999963760376,2.700000047683716,77300,0.0,0.0
2022-06-23 00:00:00-04:00,2.759999990463257,2.9000000953674316,2.740000009536743,2.890000104904175,244300,0.0,0.0
2022-06-24 00:00:00-04:00,2.950000047683716,2.950000047683716,2.8499999046325684,2.859999895095825,89400,0.0,0.0
2022-06-27 00:00:00-04:00,2.8499999046325684,2.930000066757202,2.819999933242798,2.869999885559082,121600,0.0,0.0
2022-06-28 00:00:00-04:00,2.869999885559082,2.999000072479248,2.7799999713897705,2.809999942779541,89300,0.0,0.0
2022-06-29 00:00:00-04:00,2.7899999618530273,2.880000114440918,2.75,2.75,68000,0.0,0.0
2022-06-30 00:00:00-04:00,2.75,2.86899995803833,2.75,2.8299999237060547,69800,0.0,0.0
2022-07-01 00:00:00-04:00,2.799999952316284,2.890000104904175,2.7899999618530273,2.8499999046325684,74400,0.0,0.0
2022-07-05 00:00:00-04:00,2.8299999237060547,2.934000015258789,2.799999952316284,2.890000104904175,58900,0.0,0.0
2022-07-06 00:00:00-04:00,2.890000104904175,2.9800000190734863,2.7799999713897705,2.890000104904175,57500,0.0,0.0
2022-07-07 00:00:00-04:00,3.0299999713897705,3.069999933242798,2.950000047683716,2.950000047683716,91700,0.0,0.0
2022-07-08 00:00:00-04:00,2.990000009536743,3.25,2.9800000190734863,3.2249999046325684,85200,0.0,0.0
2022-07-11 00:00:00-04:00,3.2100000381469727,3.2899999618530273,3.059999942779541,3.0999999046325684,104500,0.0,0.0
2022-07-12 00:00:00-04:00,3.109999895095825,3.1500000953674316,3.049999952316284,3.109999895095825,50600,0.0,0.0
2022-07-13 00:00:00-04:00,3.0899999141693115,3.183000087738037,3.049999952316284,3.0999999046325684,65500,0.0,0.0
2022-07-14 00:00:00-04:00,3.0799999237060547,3.0799999237060547,3.0,3.0299999713897705,42800,0.0,0.0
2022-07-15 00:00:00-04:00,3.0399999618530273,3.069999933242798,2.950000047683716,2.950000047683716,53500,0.0,0.0
2022-07-18 00:00:00-04:00,2.9800000190734863,3.059999942779541,2.947999954223633,3.0,33700,0.0,0.0
2022-07-19 00:00:00-04:00,3.069999933242798,3.069999933242798,2.9700000286102295,3.0,47900,0.0,0.0
2022-07-20 00:00:00-04:00,3.059999942779541,3.200000047683716,2.9700000286102295,3.059999942779541,109400,0.0,0.0
2022-07-21 00:00:00-04:00,3.25,3.5899999141693115,3.25,3.3499999046325684,974800,0.0,0.0
2022-07-22 00:00:00-04:00,3.3399999141693115,3.380000114440918,3.257999897003174,3.3399999141693115,225600,0.0,0.0
2022-07-25 00:00:00-04:00,3.380000114440918,3.4700000286102295,3.299999952316284,3.430000066757202,168800,0.0,0.0
2022-07-26 00:00:00-04:00,3.430000066757202,3.549999952316284,3.3399999141693115,3.4600000381469727,103300,0.0,0.0
2022-07-27 00:00:00-04:00,3.5,3.5,3.369999885559082,3.450000047683716,71300,0.0,0.0
2022-07-28 00:00:00-04:00,3.4600000381469727,3.494999885559082,3.3399999141693115,3.4000000953674316,62800,0.0,0.0
2022-07-29 00:00:00-04:00,3.4100000858306885,3.509999990463257,3.359999895095825,3.509999990463257,69500,0.0,0.0
2022-08-01 00:00:00-04:00,3.4600000381469727,3.8499999046325684,3.4100000858306885,3.5899999141693115,177900,0.0,0.0
2022-08-02 00:00:00-04:00,3.559999942779541,3.609999895095825,3.5,3.5299999713897705,43600,0.0,0.0
2022-08-03 00:00:00-04:00,3.5799999237060547,3.740000009536743,3.5399999618530273,3.680000066757202,91600,0.0,0.0
2022-08-04 00:00:00-04:00,3.700000047683716,3.740000009536743,3.6600000858306885,3.7200000286102295,45300,0.0,0.0
2022-08-05 00:00:00-04:00,3.700000047683716,3.759999990463257,3.609999895095825,3.609999895095825,58700,0.0,0.0
2022-08-08 00:00:00-04:00,3.630000114440918,3.7699999809265137,3.609999895095825,3.700000047683716,93000,0.0,0.0
2022-08-09 00:00:00-04:00,3.700000047683716,3.759999990463257,3.6600000858306885,3.680000066757202,48100,0.0,0.0
2022-08-10 00:00:00-04:00,3.7300000190734863,3.740000009536743,3.680000066757202,3.7300000190734863,84800,0.0,0.0
2022-08-11 00:00:00-04:00,3.7699999809265137,3.86899995803833,3.5799999237060547,3.6500000953674316,644100,0.0,0.0
2022-08-12 00:00:00-04:00,3.7300000190734863,3.7300000190734863,3.5,3.5399999618530273,153500,0.0,0.0
2022-08-15 00:00:00-04:00,3.5,3.6600000858306885,3.4000000953674316,3.640000104904175,116900,0.0,0.0
2022-08-16 00:00:00-04:00,4.074999809265137,4.28000020980835,3.880000114440918,4.150000095367432,1407900,0.0,0.0
2022-08-17 00:00:00-04:00,4.159999847412109,4.179999828338623,3.8559999465942383,3.9700000286102295,262800,0.0,0.0
2022-08-18 00:00:00-04:00,4.050000190734863,4.050000190734863,3.9200000762939453,3.9800000190734863,65200,0.0,0.0
2022-08-19 00:00:00-04:00,3.9700000286102295,3.9700000286102295,3.6110000610351562,3.6700000762939453,178000,0.0,0.0
2022-08-22 00:00:00-04:00,3.5999999046325684,3.700000047683716,3.559999942779541,3.609999895095825,69900,0.0,0.0
2022-08-23 00:00:00-04:00,3.559999942779541,3.690000057220459,3.5399999618530273,3.609999895095825,91900,0.0,0.0
2022-08-24 00:00:00-04:00,3.5999999046325684,3.6700000762939453,3.5399999618530273,3.6600000858306885,75300,0.0,0.0
2022-08-25 00:00:00-04:00,3.640000104904175,3.680000066757202,3.609999895095825,3.680000066757202,62500,0.0,0.0
2022-08-26 00:00:00-04:00,3.690000057220459,3.880000114440918,3.4800000190734863,3.5299999713897705,119200,0.0,0.0
2022-08-29 00:00:00-04:00,3.4600000381469727,3.5399999618530273,3.440999984741211,3.490000009536743,37900,0.0,0.0
2022-08-30 00:00:00-04:00,3.559999942779541,3.559999942779541,3.3469998836517334,3.4000000953674316,59900,0.0,0.0
2022-08-31 00:00:00-04:00,3.380000114440918,3.450000047683716,3.3499999046325684,3.4200000762939453,38900,0.0,0.0
2022-09-01 00:00:00-04:00,3.4200000762939453,3.4200000762939453,3.2899999618530273,3.309999942779541,59700,0.0,0.0
2022-09-02 00:00:00-04:00,3.319999933242798,3.490000009536743,3.309999942779541,3.450000047683716,58800,0.0,0.0
2022-09-06 00:00:00-04:00,3.4200000762939453,3.549999952316284,3.4100000858306885,3.4700000286102295,71800,0.0,0.0
2022-09-07 00:00:00-04:00,3.440000057220459,3.619999885559082,3.4000000953674316,3.559999942779541,86400,0.0,0.0
2022-09-08 00:00:00-04:00,3.549999952316284,3.674999952316284,3.4200000762939453,3.6500000953674316,137600,0.0,0.0
2022-09-09 00:00:00-04:00,3.6500000953674316,3.700000047683716,3.5299999713897705,3.640000104904175,102900,0.0,0.0
2022-09-12 00:00:00-04:00,3.6600000858306885,3.7300000190734863,3.5899999141693115,3.700000047683716,45900,0.0,0.0
2022-09-13 00:00:00-04:00,3.7100000381469727,3.75,3.559999942779541,3.690000057220459,281300,0.0,0.0
2022-09-14 00:00:00-04:00,3.6500000953674316,3.6500000953674316,3.4200000762939453,3.4200000762939453,130200,0.0,0.0
2022-09-15 00:00:00-04:00,3.4200000762939453,3.509999990463257,3.380000114440918,3.4200000762939453,53900,0.0,0.0
2022-09-16 00:00:00-04:00,3.3499999046325684,3.4100000858306885,3.190000057220459,3.190000057220459,101100,0.0,0.0
2022-09-19 00:00:00-04:00,3.200000047683716,3.4000000953674316,3.049999952316284,3.049999952316284,108700,0.0,0.0
2022-09-20 00:00:00-04:00,3.0299999713897705,3.1480000019073486,2.9200000762939453,2.930000066757202,62000,0.0,0.0
2022-09-21 00:00:00-04:00,2.940000057220459,3.0199999809265137,2.799999952316284,2.8299999237060547,88500,0.0,0.0
2022-09-22 00:00:00-04:00,2.9200000762939453,2.9200000762939453,2.75,2.7899999618530273,52700,0.0,0.0
2022-09-23 00:00:00-04:00,2.75,2.8949999809265137,2.700000047683716,2.809999942779541,123300,0.0,0.0
2022-09-26 00:00:00-04:00,2.7899999618530273,2.8989999294281006,2.7699999809265137,2.8299999237060547,81500,0.0,0.0
2022-09-27 00:00:00-04:00,2.9100000858306885,2.9100000858306885,2.75,2.7899999618530273,33500,0.0,0.0
2022-09-28 00:00:00-04:00,2.8299999237060547,2.869999885559082,2.7200000286102295,2.740000009536743,77000,0.0,0.0
2022-09-29 00:00:00-04:00,2.7100000381469727,2.9100000858306885,2.697999954223633,2.8499999046325684,101700,0.0,0.0
2022-09-30 00:00:00-04:00,2.819999933242798,3.0,2.75,3.0,110100,0.0,0.0
2022-10-03 00:00:00-04:00,3.009999990463257,3.009999990463257,2.8499999046325684,2.859999895095825,36900,0.0,0.0
2022-10-04 00:00:00-04:00,2.880000114440918,3.069999933242798,2.869999885559082,3.049999952316284,71400,0.0,0.0
2022-10-05 00:00:00-04:00,2.9700000286102295,3.049999952316284,2.880000114440918,2.880000114440918,36500,0.0,0.0
2022-10-06 00:00:00-04:00,2.8499999046325684,2.9100000858306885,2.7699999809265137,2.7799999713897705,64700,0.0,0.0
2022-10-07 00:00:00-04:00,2.759999990463257,2.8299999237060547,2.7200000286102295,2.7300000190734863,188600,0.0,0.0
2022-10-10 00:00:00-04:00,2.7699999809265137,2.7699999809265137,2.6500000953674316,2.734999895095825,197200,0.0,0.0
2022-10-11 00:00:00-04:00,2.740000009536743,2.765000104904175,2.5999999046325684,2.690000057220459,127800,0.0,0.0
2022-10-12 00:00:00-04:00,2.690000057220459,2.690000057220459,2.619999885559082,2.6500000953674316,52300,0.0,0.0
2022-10-13 00:00:00-04:00,2.630000114440918,2.7300000190734863,2.5799999237060547,2.6700000762939453,132800,0.0,0.0
2022-10-14 00:00:00-04:00,2.6600000858306885,2.7290000915527344,2.5199999809265137,2.5299999713897705,83300,0.0,0.0
2022-10-17 00:00:00-04:00,2.5399999618530273,2.619999885559082,2.5299999713897705,2.549999952316284,124900,0.0,0.0
2022-10-18 00:00:00-04:00,2.5899999141693115,2.7100000381469727,2.549999952316284,2.630000114440918,118700,0.0,0.0
2022-10-19 00:00:00-04:00,2.630000114440918,2.630000114440918,2.5,2.549999952316284,141600,0.0,0.0
2022-10-20 00:00:00-04:00,2.569999933242798,2.6029999256134033,2.509999990463257,2.5399999618530273,26000,0.0,0.0
2022-10-21 00:00:00-04:00,2.549999952316284,2.549999952316284,2.4600000381469727,2.490000009536743,94500,0.0,0.0
2022-10-24 00:00:00-04:00,2.490000009536743,2.490000009536743,2.3399999141693115,2.369999885559082,134900,0.0,0.0
2022-10-25 00:00:00-04:00,2.369999885559082,2.4749999046325684,2.369999885559082,2.430000066757202,24300,0.0,0.0
2022-10-26 00:00:00-04:00,2.440000057220459,2.549999952316284,2.4200000762939453,2.490000009536743,32500,0.0,0.0
2022-10-27 00:00:00-04:00,2.4700000286102295,2.499000072479248,2.4000000953674316,2.440000057220459,93200,0.0,0.0
2022-10-28 00:00:00-04:00,2.430000066757202,2.450000047683716,2.390000104904175,2.390000104904175,62500,0.0,0.0
2022-10-31 00:00:00-04:00,2.4200000762939453,2.496000051498413,2.390000104904175,2.4700000286102295,78000,0.0,0.0
2022-11-01 00:00:00-04:00,2.490000009536743,2.5299999713897705,2.4709999561309814,2.490000009536743,31800,0.0,0.0
2022-11-02 00:00:00-04:00,2.484999895095825,2.5199999809265137,2.4200000762939453,2.430000066757202,15600,0.0,0.0
2022-11-03 00:00:00-04:00,2.4100000858306885,2.5199999809265137,2.390000104904175,2.4700000286102295,66500,0.0,0.0
2022-11-04 00:00:00-04:00,2.490000009536743,2.490000009536743,2.4000000953674316,2.4000000953674316,22100,0.0,0.0
2022-11-07 00:00:00-05:00,2.450000047683716,2.4600000381469727,2.380000114440918,2.4000000953674316,23100,0.0,0.0
2022-11-08 00:00:00-05:00,2.4000000953674316,2.4100000858306885,2.3499999046325684,2.380000114440918,24400,0.0,0.0
2022-11-09 00:00:00-05:00,2.380000114440918,2.384999990463257,2.2200000286102295,2.2699999809265137,85600,0.0,0.0
2022-11-10 00:00:00-05:00,2.25,2.5299999713897705,2.25,2.380000114440918,79700,0.0,0.0
2022-11-11 00:00:00-05:00,2.319999933242798,2.509999990463257,2.319999933242798,2.490000009536743,58900,0.0,0.0
2022-11-14 00:00:00-05:00,2.490000009536743,2.490000009536743,2.3929998874664307,2.430000066757202,69400,0.0,0.0
2022-11-15 00:00:00-05:00,2.4730000495910645,2.5399999618530273,2.430000066757202,2.4700000286102295,147000,0.0,0.0
2022-11-16 00:00:00-05:00,2.490000009536743,2.494999885559082,2.3499999046325684,2.380000114440918,59700,0.0,0.0
2022-11-17 00:00:00-05:00,2.390000104904175,2.390000104904175,2.259999990463257,2.2899999618530273,77900,0.0,0.0
2022-11-18 00:00:00-05:00,2.2799999713897705,2.318000078201294,2.140000104904175,2.2200000286102295,103800,0.0,0.0
2022-11-21 00:00:00-05:00,2.25,2.25,2.0999999046325684,2.130000114440918,110500,0.0,0.0
2022-11-22 00:00:00-05:00,2.1500000953674316,2.190000057220459,2.0899999141693115,2.130000114440918,110600,0.0,0.0
2022-11-23 00:00:00-05:00,2.1500000953674316,2.2249999046325684,2.0999999046325684,2.109999895095825,83100,0.0,0.0
2022-11-25 00:00:00-05:00,2.119999885559082,2.1500000953674316,2.119999885559082,2.1449999809265137,56800,0.0,0.0
2022-11-28 00:00:00-05:00,2.1500000953674316,2.194999933242798,2.059999942779541,2.119999885559082,53400,0.0,0.0
2022-11-29 00:00:00-05:00,2.140000104904175,2.1600000858306885,2.0799999237060547,2.130000114440918,45100,0.0,0.0
2022-11-30 00:00:00-05:00,2.140000104904175,2.180000066757202,2.0799999237060547,2.1600000858306885,61600,0.0,0.0
2022-12-01 00:00:00-05:00,2.25,2.490000009536743,2.25,2.2799999713897705,242900,0.0,0.0
2022-12-02 00:00:00-05:00,2.299999952316284,2.3499999046325684,2.2699999809265137,2.309999942779541,87100,0.0,0.0
2022-12-05 00:00:00-05:00,2.299999952316284,2.36899995803833,2.25,2.2899999618530273,204400,0.0,0.0
2022-12-06 00:00:00-05:00,2.259999990463257,2.2799999713897705,2.0199999809265137,2.069999933242798,215700,0.0,0.0
2022-12-07 00:00:00-05:00,2.069999933242798,2.0899999141693115,2.0,2.0199999809265137,104300,0.0,0.0
2022-12-08 00:00:00-05:00,2.0999999046325684,2.200000047683716,2.009999990463257,2.130000114440918,236100,0.0,0.0
2022-12-09 00:00:00-05:00,2.1500000953674316,2.240000009536743,2.1110000610351562,2.1700000762939453,140500,0.0,0.0
2022-12-12 00:00:00-05:00,2.190000057220459,2.240000009536743,2.119999885559082,2.1600000858306885,148600,0.0,0.0
2022-12-13 00:00:00-05:00,2.180000066757202,2.2899999618530273,2.140000104904175,2.2200000286102295,104700,0.0,0.0
2022-12-14 00:00:00-05:00,2.2300000190734863,2.2799999713897705,2.1600000858306885,2.2100000381469727,135900,0.0,0.0
2022-12-15 00:00:00-05:00,2.2100000381469727,2.2100000381469727,2.1500000953674316,2.1700000762939453,77700,0.0,0.0
2022-12-16 00:00:00-05:00,2.1600000858306885,2.180000066757202,2.119999885559082,2.180000066757202,73400,0.0,0.0
2022-12-19 00:00:00-05:00,2.1500000953674316,2.200000047683716,2.1110000610351562,2.1500000953674316,66000,0.0,0.0
2022-12-20 00:00:00-05:00,2.0999999046325684,2.1700000762939453,2.0899999141693115,2.0999999046325684,126900,0.0,0.0
2022-12-21 00:00:00-05:00,2.1500000953674316,2.1500000953674316,2.0199999809265137,2.059999942779541,213800,0.0,0.0
2022-12-22 00:00:00-05:00,2.049999952316284,2.0899999141693115,2.0,2.069999933242798,131300,0.0,0.0
2022-12-23 00:00:00-05:00,2.059999942779541,2.140000104904175,2.0299999713897705,2.140000104904175,82600,0.0,0.0
2022-12-27 00:00:00-05:00,2.119999885559082,2.119999885559082,2.069999933242798,2.119999885559082,99300,0.0,0.0
2022-12-28 00:00:00-05:00,2.0899999141693115,2.0999999046325684,2.009999990463257,2.0399999618530273,146100,0.0,0.0
2022-12-29 00:00:00-05:00,2.059999942779541,2.0999999046325684,2.0299999713897705,2.0799999237060547,172200,0.0,0.0
2022-12-30 00:00:00-05:00,2.069999933242798,2.190000057220459,2.009999990463257,2.190000057220459,247900,0.0,0.0
2023-01-03 00:00:00-05:00,2.25,2.390000104904175,2.2100000381469727,2.359999895095825,168500,0.0,0.0
2023-01-04 00:00:00-05:00,2.3299999237060547,2.569999933242798,2.25,2.4200000762939453,338700,0.0,0.0
2023-01-05 00:00:00-05:00,2.609999895095825,2.61899995803833,2.4200000762939453,2.450000047683716,77100,0.0,0.0
2023-01-06 00:00:00-05:00,2.450000047683716,2.569999933242798,2.450000047683716,2.5,97100,0.0,0.0
2023-01-09 00:00:00-05:00,2.490000009536743,2.549999952316284,2.369999885559082,2.4000000953674316,72500,0.0,0.0
2023-01-10 00:00:00-05:00,2.380000114440918,2.4800000190734863,2.1519999504089355,2.2799999713897705,163900,0.0,0.0
2023-01-11 00:00:00-05:00,2.2300000190734863,2.2899999618530273,2.181999921798706,2.2300000190734863,101500,0.0,0.0
2023-01-12 00:00:00-05:00,2.2799999713897705,2.309999942779541,2.2339999675750732,2.2899999618530273,206900,0.0,0.0
2023-01-13 00:00:00-05:00,2.2899999618530273,2.372999906539917,2.2899999618530273,2.319999933242798,105200,0.0,0.0
2023-01-17 00:00:00-05:00,2.3299999237060547,2.4800000190734863,2.2699999809265137,2.2899999618530273,49100,0.0,0.0
2023-01-18 00:00:00-05:00,2.2899999618530273,2.3459999561309814,2.2290000915527344,2.240000009536743,203700,0.0,0.0
2023-01-19 00:00:00-05:00,2.240000009536743,2.299999952316284,2.2200000286102295,2.2799999713897705,208100,0.0,0.0
2023-01-20 00:00:00-05:00,2.319999933242798,2.4100000858306885,2.2799999713897705,2.390000104904175,131200,0.0,0.0
2023-01-23 00:00:00-05:00,2.4200000762939453,2.450000047683716,2.390000104904175,2.4100000858306885,71700,0.0,0.0
2023-01-24 00:00:00-05:00,2.4100000858306885,2.48799991607666,2.380000114440918,2.4200000762939453,55600,0.0,0.0
2023-01-25 00:00:00-05:00,2.390000104904175,2.5,2.390000104904175,2.490000009536743,76400,0.0,0.0
2023-01-26 00:00:00-05:00,2.490000009536743,2.5,2.440000057220459,2.450000047683716,171300,0.0,0.0
2023-01-27 00:00:00-05:00,2.4600000381469727,2.4600000381469727,2.3299999237060547,2.369999885559082,252400,0.0,0.0
2023-01-30 00:00:00-05:00,2.369999885559082,2.4100000858306885,2.25,2.25,124700,0.0,0.0
2023-01-31 00:00:00-05:00,2.259999990463257,2.3299999237060547,2.259999990463257,2.299999952316284,110600,0.0,0.0
2023-02-01 00:00:00-05:00,2.309999942779541,2.369999885559082,2.2699999809265137,2.2699999809265137,197000,0.0,0.0
2023-02-02 00:00:00-05:00,2.2799999713897705,2.315999984741211,2.2100000381469727,2.240000009536743,213800,0.0,0.0
2023-02-03 00:00:00-05:00,2.25,2.319999933242798,2.2200000286102295,2.299999952316284,110600,0.0,0.0
2023-02-06 00:00:00-05:00,2.359999895095825,2.509999990463257,2.3299999237060547,2.450000047683716,386400,0.0,0.0
2023-02-07 00:00:00-05:00,2.4800000190734863,2.549999952316284,2.430000066757202,2.4700000286102295,211400,0.0,0.0
2023-02-08 00:00:00-05:00,2.5,2.5,2.319999933242798,2.380000114440918,297600,0.0,0.0
2023-02-09 00:00:00-05:00,2.180000066757202,2.259999990463257,2.0999999046325684,2.200000047683716,1918600,0.0,0.0
2023-02-10 00:00:00-05:00,2.240000009536743,2.259999990463257,2.140000104904175,2.200000047683716,800800,0.0,0.0
2023-02-13 00:00:00-05:00,2.2300000190734863,2.25,2.1700000762939453,2.200000047683716,404600,0.0,0.0
2023-02-14 00:00:00-05:00,2.2300000190734863,2.2300000190734863,2.1600000858306885,2.200000047683716,178300,0.0,0.0
2023-02-15 00:00:00-05:00,2.200000047683716,2.200000047683716,2.1500000953674316,2.180000066757202,214400,0.0,0.0
2023-02-16 00:00:00-05:00,2.190000057220459,2.25,2.1600000858306885,2.194999933242798,1333600,0.0,0.0
2023-02-17 00:00:00-05:00,2.200000047683716,2.259999990463257,2.1700000762939453,2.259999990463257,271700,0.0,0.0
2023-02-21 00:00:00-05:00,2.259999990463257,2.259999990463257,2.1500000953674316,2.1700000762939453,106000,0.0,0.0
2023-02-22 00:00:00-05:00,2.180000066757202,2.2190001010894775,2.1500000953674316,2.190000057220459,375600,0.0,0.0
2023-02-23 00:00:00-05:00,2.200000047683716,2.200000047683716,2.1500000953674316,2.1600000858306885,121200,0.0,0.0
2023-02-24 00:00:00-05:00,2.1500000953674316,2.174999952316284,2.109999895095825,2.130000114440918,97000,0.0,0.0
2023-02-27 00:00:00-05:00,2.119999885559082,2.1649999618530273,2.1050000190734863,2.109999895095825,111500,0.0,0.0
2023-02-28 00:00:00-05:00,2.0999999046325684,2.1500000953674316,2.0999999046325684,2.109999895095825,68500,0.0,0.0
2023-03-01 00:00:00-05:00,2.140000104904175,2.1500000953674316,2.049999952316284,2.059999942779541,166600,0.0,0.0
2023-03-02 00:00:00-05:00,2.0799999237060547,2.1500000953674316,2.0399999618530273,2.119999885559082,207400,0.0,0.0
2023-03-03 00:00:00-05:00,2.130000114440918,2.240000009536743,2.130000114440918,2.184999942779541,251400,0.0,0.0
2023-03-06 00:00:00-05:00,2.190000057220459,2.2200000286102295,2.109999895095825,2.1600000858306885,284400,0.0,0.0
2023-03-07 00:00:00-05:00,2.1700000762939453,2.190000057220459,2.0999999046325684,2.0999999046325684,208500,0.0,0.0
2023-03-08 00:00:00-05:00,2.0899999141693115,2.1549999713897705,2.069999933242798,2.125,181100,0.0,0.0
2023-03-09 00:00:00-05:00,2.130000114440918,2.1500000953674316,1.899999976158142,1.9299999475479126,658000,0.0,0.0
2023-03-10 00:00:00-05:00,1.9600000381469727,2.049999952316284,1.8799999952316284,1.940000057220459,398000,0.0,0.0
2023-03-13 00:00:00-04:00,1.9500000476837158,2.0299999713897705,1.909999966621399,1.9500000476837158,168700,0.0,0.0
2023-03-14 00:00:00-04:00,2.0,2.0,1.9600000381469727,1.9700000286102295,69800,0.0,0.0
2023-03-15 00:00:00-04:00,1.9700000286102295,1.9900000095367432,1.850000023841858,1.9700000286102295,292100,0.0,0.0
2023-03-16 00:00:00-04:00,1.940000057220459,1.9600000381469727,1.850000023841858,1.909999966621399,283800,0.0,0.0
2023-03-17 00:00:00-04:00,1.909999966621399,1.9600000381469727,1.815000057220459,1.8799999952316284,933400,0.0,0.0
2023-03-20 00:00:00-04:00,1.9600000381469727,1.9919999837875366,1.8799999952316284,1.9199999570846558,145300,0.0,0.0
2023-03-21 00:00:00-04:00,1.909999966621399,1.9850000143051147,1.8899999856948853,1.940000057220459,111700,0.0,0.0
2023-03-22 00:00:00-04:00,1.9199999570846558,1.9299999475479126,1.8700000047683716,1.8899999856948853,150200,0.0,0.0
2023-03-23 00:00:00-04:00,1.8899999856948853,1.909999966621399,1.8300000429153442,1.8799999952316284,202900,0.0,0.0
2023-03-24 00:00:00-04:00,1.8600000143051147,1.9199999570846558,1.8300000429153442,1.9199999570846558,81600,0.0,0.0
2023-03-27 00:00:00-04:00,1.9500000476837158,1.9900000095367432,1.8899999856948853,1.9700000286102295,172700,0.0,0.0
2023-03-28 00:00:00-04:00,1.9500000476837158,2.200000047683716,1.9500000476837158,2.1600000858306885,922900,0.0,0.0
2023-03-29 00:00:00-04:00,2.319999933242798,2.319999933242798,2.0799999237060547,2.109999895095825,851900,0.0,0.0
2023-03-30 00:00:00-04:00,2.130000114440918,2.240000009536743,2.049999952316284,2.0999999046325684,510700,0.0,0.0
2023-03-31 00:00:00-04:00,2.119999885559082,2.119999885559082,2.015000104904175,2.0999999046325684,333900,0.0,0.0
2023-04-03 00:00:00-04:00,2.119999885559082,2.119999885559082,2.059999942779541,2.0999999046325684,151300,0.0,0.0
2023-04-04 00:00:00-04:00,2.0999999046325684,2.109999895095825,2.049999952316284,2.0999999046325684,111500,0.0,0.0
2023-04-05 00:00:00-04:00,2.059999942779541,2.1489999294281006,2.059999942779541,2.0899999141693115,133800,0.0,0.0
2023-04-06 00:00:00-04:00,2.0799999237060547,2.0999999046325684,2.069999933242798,2.0950000286102295,54100,0.0,0.0
2023-04-10 00:00:00-04:00,2.0999999046325684,2.0999999046325684,1.8799999952316284,1.899999976158142,457300,0.0,0.0
2023-04-11 00:00:00-04:00,1.9199999570846558,2.049999952316284,1.8559999465942383,1.9900000095367432,1201900,0.0,0.0
2023-04-12 00:00:00-04:00,1.9800000190734863,2.0199999809265137,1.8700000047683716,1.940000057220459,460900,0.0,0.0
2023-04-13 00:00:00-04:00,1.940000057220459,1.9900000095367432,1.899999976158142,1.9299999475479126,408200,0.0,0.0
2023-04-14 00:00:00-04:00,1.9199999570846558,1.9500000476837158,1.850000023841858,1.909999966621399,316700,0.0,0.0
2023-04-17 00:00:00-04:00,1.9299999475479126,1.9500000476837158,1.8700000047683716,1.9199999570846558,418000,0.0,0.0
2023-04-18 00:00:00-04:00,1.940000057220459,1.940000057220459,1.8799999952316284,1.9199999570846558,253700,0.0,0.0
2023-04-19 00:00:00-04:00,1.9199999570846558,1.9299999475479126,1.8700000047683716,1.8700000047683716,272900,0.0,0.0
2023-04-20 00:00:00-04:00,1.8700000047683716,1.899999976158142,1.7100000381469727,1.7200000286102295,742800,0.0,0.0
2023-04-21 00:00:00-04:00,1.7599999904632568,1.9800000190734863,1.5549999475479126,1.875,4956000,0.0,0.0
2023-04-24 00:00:00-04:00,1.909999966621399,2.2179999351501465,1.909999966621399,2.1500000953674316,2683800,0.0,0.0
2023-04-25 00:00:00-04:00,2.130000114440918,2.2699999809265137,1.9819999933242798,2.049999952316284,1236500,0.0,0.0
2023-04-26 00:00:00-04:00,2.0399999618530273,2.0799999237060547,1.9199999570846558,2.0199999809265137,470800,0.0,0.0
2023-04-27 00:00:00-04:00,1.9900000095367432,2.068000078201294,1.9600000381469727,1.9900000095367432,526300,0.0,0.0
2023-04-28 00:00:00-04:00,1.9600000381469727,2.0199999809265137,1.9199999570846558,1.9500000476837158,299300,0.0,0.0
2023-05-01 00:00:00-04:00,1.9600000381469727,2.140000104904175,1.9299999475479126,2.0999999046325684,1178800,0.0,0.0
2023-05-02 00:00:00-04:00,2.0999999046325684,2.130000114440918,1.9800000190734863,1.9800000190734863,683800,0.0,0.0
2023-05-03 00:00:00-04:00,2.0,2.1050000190734863,1.9800000190734863,2.049999952316284,971600,0.0,0.0
2023-05-04 00:00:00-04:00,2.069999933242798,2.0999999046325684,2.0299999713897705,2.049999952316284,787000,0.0,0.0
2023-05-05 00:00:00-04:00,2.0899999141693115,2.194999933242798,2.0239999294281006,2.1500000953674316,1997000,0.0,0.0
2023-05-08 00:00:00-04:00,2.1500000953674316,2.180000066757202,2.109999895095825,2.140000104904175,707200,0.0,0.0
2023-05-09 00:00:00-04:00,2.1600000858306885,2.1700000762939453,2.059999942779541,2.130000114440918,489100,0.0,0.0
2023-05-10 00:00:00-04:00,2.130000114440918,2.3399999141693115,2.119999885559082,2.259999990463257,1791500,0.0,0.0
2023-05-11 00:00:00-04:00,2.3499999046325684,2.4200000762939453,2.2899999618530273,2.3399999141693115,1162300,0.0,0.0
2023-05-12 00:00:00-04:00,2.3499999046325684,2.390000104904175,2.2699999809265137,2.369999885559082,735300,0.0,0.0
2023-05-15 00:00:00-04:00,2.440000057220459,2.700000047683716,2.4149999618530273,2.569999933242798,1241600,0.0,0.0
2023-05-16 00:00:00-04:00,2.4200000762939453,2.569999933242798,2.2109999656677246,2.549999952316284,977200,0.0,0.0
2023-05-17 00:00:00-04:00,2.5,2.5999999046325684,2.4200000762939453,2.5199999809265137,663700,0.0,0.0
2023-05-18 00:00:00-04:00,2.5999999046325684,2.5999999046325684,2.359999895095825,2.4200000762939453,619700,0.0,0.0
2023-05-19 00:00:00-04:00,2.450000047683716,2.5199999809265137,2.4089999198913574,2.440000057220459,410000,0.0,0.0
2023-05-22 00:00:00-04:00,2.490000009536743,2.509999990463257,2.365000009536743,2.440000057220459,880100,0.0,0.0
2023-05-23 00:00:00-04:00,2.490000009536743,2.549999952316284,2.450000047683716,2.490000009536743,918100,0.0,0.0
2023-05-24 00:00:00-04:00,2.5299999713897705,2.5299999713897705,2.4200000762939453,2.4649999141693115,469500,0.0,0.0
2023-05-25 00:00:00-04:00,2.4800000190734863,2.4800000190734863,2.3399999141693115,2.359999895095825,662100,0.0,0.0
2023-05-26 00:00:00-04:00,2.359999895095825,2.4000000953674316,2.299999952316284,2.3499999046325684,319800,0.0,0.0
2023-05-30 00:00:00-04:00,2.3299999237060547,2.369999885559082,2.259999990463257,2.2799999713897705,318300,0.0,0.0
2023-05-31 00:00:00-04:00,2.2699999809265137,2.2899999618530273,2.2100000381469727,2.2699999809265137,357700,0.0,0.0
2023-06-01 00:00:00-04:00,2.2699999809265137,2.309999942779541,2.2239999771118164,2.2699999809265137,424300,0.0,0.0
2023-06-02 00:00:00-04:00,2.299999952316284,2.319999933242798,2.259999990463257,2.319999933242798,368200,0.0,0.0
2023-06-05 00:00:00-04:00,2.319999933242798,2.3589999675750732,2.2899999618530273,2.3299999237060547,302600,0.0,0.0
2023-06-06 00:00:00-04:00,2.3299999237060547,2.384999990463257,2.319999933242798,2.3499999046325684,374000,0.0,0.0
2023-06-07 00:00:00-04:00,2.359999895095825,2.4049999713897705,2.2990000247955322,2.299999952316284,379800,0.0,0.0
2023-06-08 00:00:00-04:00,2.299999952316284,2.309999942779541,2.240000009536743,2.259999990463257,296600,0.0,0.0
2023-06-09 00:00:00-04:00,2.2699999809265137,2.2699999809265137,2.190000057220459,2.200000047683716,285200,0.0,0.0
2023-06-12 00:00:00-04:00,2.200000047683716,2.259999990463257,2.196000099182129,2.240000009536743,300600,0.0,0.0
2023-06-13 00:00:00-04:00,2.25,2.2899999618530273,2.234999895095825,2.2899999618530273,269500,0.0,0.0
2023-06-14 00:00:00-04:00,2.2899999618530273,2.2980000972747803,2.2100000381469727,2.2100000381469727,236800,0.0,0.0
2023-06-15 00:00:00-04:00,2.200000047683716,2.240000009536743,2.180000066757202,2.2100000381469727,242800,0.0,0.0
2023-06-16 00:00:00-04:00,2.190000057220459,2.450000047683716,2.190000057220459,2.450000047683716,2376900,0.0,0.0
2023-06-20 00:00:00-04:00,2.440000057220459,2.440000057220459,2.259999990463257,2.3299999237060547,470600,0.0,0.0
2023-06-21 00:00:00-04:00,2.299999952316284,2.3350000381469727,2.2320001125335693,2.309999942779541,249100,0.0,0.0
2023-06-22 00:00:00-04:00,2.3399999141693115,2.3489999771118164,2.240000009536743,2.2699999809265137,184900,0.0,0.0
2023-06-23 00:00:00-04:00,2.2699999809265137,2.2699999809265137,2.1600000858306885,2.190000057220459,386400,0.0,0.0
2023-06-26 00:00:00-04:00,2.200000047683716,2.200000047683716,2.0899999141693115,2.109999895095825,448400,0.0,0.0
2023-06-27 00:00:00-04:00,2.109999895095825,2.109999895095825,1.9500000476837158,2.059999942779541,499600,0.0,0.0
2023-06-28 00:00:00-04:00,2.0199999809265137,2.109999895095825,2.009999990463257,2.0999999046325684,346300,0.0,0.0
2023-06-29 00:00:00-04:00,2.1700000762939453,2.1700000762939453,2.1019999980926514,2.119999885559082,294000,0.0,0.0
2023-06-30 00:00:00-04:00,2.140000104904175,2.200000047683716,2.0899999141693115,2.1600000858306885,397600,0.0,0.0
2023-07-03 00:00:00-04:00,2.180000066757202,2.240000009536743,2.1600000858306885,2.2300000190734863,190400,0.0,0.0
2023-07-05 00:00:00-04:00,2.200000047683716,2.2039999961853027,2.0899999141693115,2.109999895095825,420600,0.0,0.0
2023-07-06 00:00:00-04:00,2.0899999141693115,2.0899999141693115,1.8799999952316284,1.9900000095367432,762800,0.0,0.0
2023-07-07 00:00:00-04:00,2.0,2.0450000762939453,1.9739999771118164,2.009999990463257,131600,0.0,0.0
2023-07-10 00:00:00-04:00,2.0199999809265137,2.069000005722046,1.9800000190734863,2.009999990463257,315300,0.0,0.0
2023-07-11 00:00:00-04:00,2.0199999809265137,2.0250000953674316,2.0,2.009999990463257,122500,0.0,0.0
2023-07-12 00:00:00-04:00,2.0299999713897705,2.0299999713897705,1.9900000095367432,2.0,132600,0.0,0.0
2023-07-13 00:00:00-04:00,2.0,2.0190000534057617,1.9600000381469727,1.9800000190734863,227000,0.0,0.0
2023-07-14 00:00:00-04:00,1.9900000095367432,1.9900000095367432,1.940000057220459,1.9500000476837158,207000,0.0,0.0
2023-07-17 00:00:00-04:00,1.9500000476837158,1.9950000047683716,1.9420000314712524,1.9900000095367432,106300,0.0,0.0
2023-07-18 00:00:00-04:00,1.9700000286102295,2.009999990463257,1.909999966621399,1.9299999475479126,181600,0.0,0.0
2023-07-19 00:00:00-04:00,1.9600000381469727,2.0,1.9199999570846558,1.9500000476837158,208800,0.0,0.0
2023-07-20 00:00:00-04:00,1.9600000381469727,2.0899999141693115,1.9600000381469727,2.0299999713897705,650600,0.0,0.0
2023-07-21 00:00:00-04:00,2.0899999141693115,2.109999895095825,2.0299999713897705,2.069999933242798,369800,0.0,0.0
2023-07-24 00:00:00-04:00,2.069999933242798,2.075000047683716,1.9800000190734863,1.9900000095367432,363700,0.0,0.0
2023-07-25 00:00:00-04:00,2.009999990463257,2.009999990463257,1.9500000476837158,1.9600000381469727,251900,0.0,0.0
2023-07-26 00:00:00-04:00,1.9800000190734863,1.9900000095367432,1.940000057220459,1.9600000381469727,125900,0.0,0.0
2023-07-27 00:00:00-04:00,1.9800000190734863,1.9800000190734863,1.909999966621399,1.940000057220459,235600,0.0,0.0
2023-07-28 00:00:00-04:00,1.9700000286102295,2.0199999809265137,1.934999942779541,2.009999990463257,196100,0.0,0.0
2023-07-31 00:00:00-04:00,2.009999990463257,2.049999952316284,1.9600000381469727,1.9600000381469727,480900,0.0,0.0
2023-08-01 00:00:00-04:00,1.9700000286102295,2.0199999809265137,1.9270000457763672,1.9700000286102295,246200,0.0,0.0
2023-08-02 00:00:00-04:00,1.9900000095367432,2.0199999809265137,1.968999981880188,2.0,337000,0.0,0.0
2023-08-03 00:00:00-04:00,2.009999990463257,2.059999942779541,2.0,2.009999990463257,121100,0.0,0.0
2023-08-04 00:00:00-04:00,2.0399999618530273,2.0399999618530273,1.9900000095367432,2.0,157400,0.0,0.0
2023-08-07 00:00:00-04:00,2.009999990463257,2.0199999809265137,1.9450000524520874,1.9700000286102295,171500,0.0,0.0
2023-08-08 00:00:00-04:00,1.9600000381469727,1.9850000143051147,1.940000057220459,1.9600000381469727,107900,0.0,0.0
2023-08-09 00:00:00-04:00,1.9600000381469727,1.9700000286102295,1.9299999475479126,1.9600000381469727,121600,0.0,0.0
2023-08-10 00:00:00-04:00,1.9800000190734863,2.0,1.940000057220459,1.9600000381469727,190700,0.0,0.0
2023-08-11 00:00:00-04:00,1.9500000476837158,2.0,1.899999976158142,2.0,1699300,0.0,0.0
2023-08-14 00:00:00-04:00,1.9800000190734863,1.9910000562667847,1.9199999570846558,1.9500000476837158,168800,0.0,0.0
2023-08-15 00:00:00-04:00,1.9500000476837158,1.9600000381469727,1.909999966621399,1.9600000381469727,174300,0.0,0.0
2023-08-16 00:00:00-04:00,1.9600000381469727,1.9800000190734863,1.8899999856948853,1.9299999475479126,184600,0.0,0.0
2023-08-17 00:00:00-04:00,1.909999966621399,1.909999966621399,1.8799999952316284,1.8899999856948853,131800,0.0,0.0
2023-08-18 00:00:00-04:00,1.8899999856948853,1.909999966621399,1.8799999952316284,1.909999966621399,161400,0.0,0.0
2023-08-21 00:00:00-04:00,1.9199999570846558,1.940000057220459,1.875,1.909999966621399,117700,0.0,0.0
2023-08-22 00:00:00-04:00,1.899999976158142,1.9249999523162842,1.840000033378601,1.850000023841858,117900,0.0,0.0
2023-08-23 00:00:00-04:00,1.850000023841858,1.8650000095367432,1.809999942779541,1.8200000524520874,139700,0.0,0.0
2023-08-24 00:00:00-04:00,1.840000033378601,1.850000023841858,1.7999999523162842,1.840000033378601,101800,0.0,0.0
2023-08-25 00:00:00-04:00,1.840000033378601,1.899999976158142,1.7899999618530273,1.850000023841858,287400,0.0,0.0
2023-08-28 00:00:00-04:00,1.8600000143051147,1.8899999856948853,1.7799999713897705,1.7899999618530273,174200,0.0,0.0
2023-08-29 00:00:00-04:00,1.7899999618530273,1.7999999523162842,1.7599999904632568,1.7799999713897705,131500,0.0,0.0
2023-08-30 00:00:00-04:00,1.7999999523162842,1.7999999523162842,1.7599999904632568,1.7699999809265137,130300,0.0,0.0
2023-08-31 00:00:00-04:00,1.7699999809265137,1.7890000343322754,1.659999966621399,1.7000000476837158,376500,0.0,0.0
2023-09-01 00:00:00-04:00,1.7400000095367432,1.7400000095367432,1.7000000476837158,1.7000000476837158,186200,0.0,0.0
2023-09-05 00:00:00-04:00,1.7300000190734863,1.7450000047683716,1.6699999570846558,1.7000000476837158,196100,0.0,0.0
2023-09-06 00:00:00-04:00,1.6799999475479126,1.7200000286102295,1.6200000047683716,1.649999976158142,345800,0.0,0.0
2023-09-07 00:00:00-04:00,1.7000000476837158,1.7000000476837158,1.6399999856948853,1.649999976158142,183400,0.0,0.0
2023-09-08 00:00:00-04:00,1.6299999952316284,1.6799999475479126,1.6299999952316284,1.659999966621399,117000,0.0,0.0
2023-09-11 00:00:00-04:00,1.6399999856948853,1.6799999475479126,1.61899995803833,1.659999966621399,190200,0.0,0.0
2023-09-12 00:00:00-04:00,1.649999976158142,1.7000000476837158,1.6419999599456787,1.649999976158142,123300,0.0,0.0
2023-09-13 00:00:00-04:00,1.649999976158142,1.6699999570846558,1.6399999856948853,1.6399999856948853,220100,0.0,0.0
2023-09-14 00:00:00-04:00,1.659999966621399,1.7300000190734863,1.659999966621399,1.690000057220459,275600,0.0,0.0
2023-09-15 00:00:00-04:00,1.6799999475479126,1.7400000095367432,1.659999966621399,1.690000057220459,403500,0.0,0.0
2023-09-18 00:00:00-04:00,1.690000057220459,1.718999981880188,1.6100000143051147,1.6100000143051147,302100,0.0,0.0
2023-09-19 00:00:00-04:00,1.6299999952316284,1.6799999475479126,1.6200000047683716,1.6200000047683716,122800,0.0,0.0
2023-09-20 00:00:00-04:00,1.6299999952316284,1.6610000133514404,1.6109999418258667,1.6200000047683716,177200,0.0,0.0
2023-09-21 00:00:00-04:00,1.6100000143051147,1.6349999904632568,1.600000023841858,1.6299999952316284,77300,0.0,0.0
2023-09-22 00:00:00-04:00,1.6200000047683716,1.6299999952316284,1.600000023841858,1.6100000143051147,118100,0.0,0.0
2023-09-25 00:00:00-04:00,1.600000023841858,1.600000023841858,1.5299999713897705,1.5499999523162842,279900,0.0,0.0
2023-09-26 00:00:00-04:00,1.5499999523162842,1.6349999904632568,1.5499999523162842,1.590000033378601,134800,0.0,0.0
2023-09-27 00:00:00-04:00,1.590000033378601,1.6399999856948853,1.5700000524520874,1.6399999856948853,111000,0.0,0.0
2023-09-28 00:00:00-04:00,1.6299999952316284,1.6299999952316284,1.5700000524520874,1.590000033378601,113100,0.0,0.0
2023-09-29 00:00:00-04:00,1.5800000429153442,1.6200000047683716,1.5800000429153442,1.5800000429153442,98600,0.0,0.0
2023-10-02 00:00:00-04:00,1.5700000524520874,1.6100000143051147,1.5,1.5099999904632568,237900,0.0,0.0
2023-10-03 00:00:00-04:00,1.5099999904632568,1.5399999618530273,1.3600000143051147,1.3799999952316284,297900,0.0,0.0
2023-10-04 00:00:00-04:00,1.440000057220459,1.4600000381469727,1.3849999904632568,1.4500000476837158,129400,0.0,0.0
2023-10-05 00:00:00-04:00,1.4500000476837158,1.5,1.4299999475479126,1.4900000095367432,131100,0.0,0.0
2023-10-06 00:00:00-04:00,1.4800000190734863,1.4850000143051147,1.4299999475479126,1.4500000476837158,82900,0.0,0.0
2023-10-09 00:00:00-04:00,1.4500000476837158,1.4579999446868896,1.3899999856948853,1.4500000476837158,146500,0.0,0.0
2023-10-10 00:00:00-04:00,1.4500000476837158,1.5099999904632568,1.399999976158142,1.4149999618530273,112900,0.0,0.0
2023-10-11 00:00:00-04:00,1.4299999475479126,1.4490000009536743,1.399999976158142,1.4199999570846558,117500,0.0,0.0
2023-10-12 00:00:00-04:00,1.4199999570846558,1.4299999475479126,1.3700000047683716,1.3899999856948853,133100,0.0,0.0
2023-10-13 00:00:00-04:00,1.399999976158142,1.4199999570846558,1.3700000047683716,1.3899999856948853,143600,0.0,0.0
2023-10-16 00:00:00-04:00,1.4199999570846558,1.4320000410079956,1.3700000047683716,1.399999976158142,105200,0.0,0.0
2023-10-17 00:00:00-04:00,1.3899999856948853,1.406999945640564,1.350000023841858,1.375,112100,0.0,0.0
2023-10-18 00:00:00-04:00,1.3700000047683716,1.3700000047683716,1.3200000524520874,1.3300000429153442,84200,0.0,0.0
2023-10-19 00:00:00-04:00,1.3300000429153442,1.3300000429153442,1.2799999713897705,1.2799999713897705,226200,0.0,0.0
2023-10-20 00:00:00-04:00,1.309999942779541,1.3550000190734863,1.2799999713897705,1.309999942779541,100000,0.0,0.0
2023-10-23 00:00:00-04:00,1.340000033378601,1.340000033378601,1.2309999465942383,1.25,161900,0.0,0.0
2023-10-24 00:00:00-04:00,1.25,1.2760000228881836,1.2100000381469727,1.2300000190734863,113900,0.0,0.0
2023-10-25 00:00:00-04:00,1.2300000190734863,1.2580000162124634,1.2100000381469727,1.2400000095367432,67100,0.0,0.0
2023-10-26 00:00:00-04:00,1.2300000190734863,1.2599999904632568,1.2100000381469727,1.2300000190734863,128800,0.0,0.0
2023-10-27 00:00:00-04:00,1.2200000286102295,1.25,1.190000057220459,1.2000000476837158,115100,0.0,0.0
2023-10-30 00:00:00-04:00,1.1799999475479126,1.2699999809265137,1.1799999475479126,1.25,46600,0.0,0.0
2023-10-31 00:00:00-04:00,1.2400000095367432,1.2699999809265137,1.2200000286102295,1.25,53100,0.0,0.0
2023-11-01 00:00:00-04:00,1.3200000524520874,1.3200000524520874,1.2200000286102295,1.2300000190734863,132600,0.0,0.0
2023-11-02 00:00:00-04:00,1.2699999809265137,1.2899999618530273,1.25,1.2899999618530273,147400,0.0,0.0
2023-11-03 00:00:00-04:00,1.2999999523162842,1.3200000524520874,1.2799999713897705,1.2999999523162842,157700,0.0,0.0
2023-11-06 00:00:00-05:00,1.309999942779541,1.3200000524520874,1.2599999904632568,1.2799999713897705,69300,0.0,0.0
2023-11-07 00:00:00-05:00,1.2999999523162842,1.2999999523162842,1.2239999771118164,1.25,88100,0.0,0.0
2023-11-08 00:00:00-05:00,1.25,1.2899999618530273,1.190000057220459,1.2200000286102295,85400,0.0,0.0
2023-11-09 00:00:00-05:00,1.2000000476837158,1.2200000286102295,1.149999976158142,1.149999976158142,159900,0.0,0.0
2023-11-10 00:00:00-05:00,1.159999966621399,1.1699999570846558,1.100000023841858,1.1200000047683716,240900,0.0,0.0
2023-11-13 00:00:00-05:00,1.100000023841858,1.1699999570846558,1.0800000429153442,1.1150000095367432,290900,0.0,0.0
2023-11-14 00:00:00-05:00,1.2100000381469727,1.2100000381469727,1.1100000143051147,1.1100000143051147,196600,0.0,0.0
2023-11-15 00:00:00-05:00,1.159999966621399,1.1699999570846558,1.1100000143051147,1.1200000047683716,266400,0.0,0.0
2023-11-16 00:00:00-05:00,1.159999966621399,1.159999966621399,1.090999960899353,1.1399999856948853,138600,0.0,0.0
2023-11-17 00:00:00-05:00,1.1299999952316284,1.1699999570846558,1.1200000047683716,1.1399999856948853,196300,0.0,0.0
2023-11-20 00:00:00-05:00,1.159999966621399,1.2000000476837158,1.1399999856948853,1.1799999475479126,292200,0.0,0.0
2023-11-21 00:00:00-05:00,1.1799999475479126,1.2000000476837158,1.1399999856948853,1.1399999856948853,262000,0.0,0.0
2023-11-22 00:00:00-05:00,1.149999976158142,1.190000057220459,1.1399999856948853,1.1699999570846558,108100,0.0,0.0
2023-11-24 00:00:00-05:00,1.1799999475479126,1.2100000381469727,1.1699999570846558,1.2100000381469727,74300,0.0,0.0
2023-11-27 00:00:00-05:00,1.2300000190734863,1.2899999618530273,1.190000057220459,1.2699999809265137,184700,0.0,0.0
2023-11-28 00:00:00-05:00,1.2599999904632568,1.2899999618530273,1.2000000476837158,1.25,214300,0.0,0.0
2023-11-29 00:00:00-05:00,1.2799999713897705,1.2799999713897705,1.2100000381469727,1.2200000286102295,76100,0.0,0.0
2023-11-30 00:00:00-05:00,1.2899999618530273,1.3200000524520874,1.2300000190734863,1.2999999523162842,131500,0.0,0.0
2023-12-01 00:00:00-05:00,1.2899999618530273,1.3200000524520874,1.2200000286102295,1.2699999809265137,187700,0.0,0.0
2023-12-04 00:00:00-05:00,1.2899999618530273,1.2999999523162842,1.25,1.2649999856948853,149100,0.0,0.0
2023-12-05 00:00:00-05:00,1.2599999904632568,1.2999999523162842,1.2339999675750732,1.25,138300,0.0,0.0
2023-12-06 00:00:00-05:00,1.2599999904632568,1.2899999618530273,1.2300000190734863,1.2400000095367432,158000,0.0,0.0
2023-12-07 00:00:00-05:00,1.2699999809265137,1.2699999809265137,1.2000000476837158,1.2100000381469727,117800,0.0,0.0
2023-12-08 00:00:00-05:00,1.2200000286102295,1.2369999885559082,1.149999976158142,1.2000000476837158,117300,0.0,0.0
2023-12-11 00:00:00-05:00,1.1799999475479126,1.194000005722046,1.1399999856948853,1.1699999570846558,164500,0.0,0.0
2023-12-12 00:00:00-05:00,1.159999966621399,1.2400000095367432,1.1399999856948853,1.190000057220459,235800,0.0,0.0
2023-12-13 00:00:00-05:00,1.2000000476837158,1.2699999809265137,1.190000057220459,1.2100000381469727,623400,0.0,0.0
2023-12-14 00:00:00-05:00,1.2300000190734863,1.2699999809265137,1.2000000476837158,1.2000000476837158,299100,0.0,0.0
2023-12-15 00:00:00-05:00,1.2000000476837158,1.2599999904632568,1.190000057220459,1.2200000286102295,2720100,0.0,0.0
2023-12-18 00:00:00-05:00,1.2200000286102295,1.3250000476837158,1.2200000286102295,1.2699999809265137,1080200,0.0,0.0
2023-12-19 00:00:00-05:00,1.2799999713897705,1.4800000190734863,1.2799999713897705,1.399999976158142,4490200,0.0,0.0
2023-12-20 00:00:00-05:00,1.4500000476837158,1.4500000476837158,1.2899999618530273,1.309999942779541,483700,0.0,0.0
2023-12-21 00:00:00-05:00,1.309999942779541,1.409999966621399,1.2799999713897705,1.3300000429153442,444300,0.0,0.0
2023-12-22 00:00:00-05:00,1.3600000143051147,1.3700000047683716,1.340000033378601,1.350000023841858,356400,0.0,0.0
2023-12-26 00:00:00-05:00,1.340000033378601,1.4800000190734863,1.340000033378601,1.4600000381469727,331200,0.0,0.0
2023-12-27 00:00:00-05:00,1.4600000381469727,1.4800000190734863,1.4299999475479126,1.4700000286102295,296200,0.0,0.0
2023-12-28 00:00:00-05:00,1.4800000190734863,1.4900000095367432,1.4199999570846558,1.4700000286102295,276400,0.0,0.0
2023-12-29 00:00:00-05:00,1.4500000476837158,1.4600000381469727,1.3799999952316284,1.409999966621399,277700,0.0,0.0
2024-01-02 00:00:00-05:00,1.3899999856948853,1.5399999618530273,1.3899999856948853,1.4950000047683716,490100,0.0,0.0
2024-01-03 00:00:00-05:00,1.5299999713897705,1.6200000047683716,1.5099999904632568,1.5549999475479126,594400,0.0,0.0
2024-01-04 00:00:00-05:00,1.600000023841858,1.600000023841858,1.5,1.5099999904632568,304000,0.0,0.0
2024-01-05 00:00:00-05:00,1.5199999809265137,1.5399999618530273,1.4700000286102295,1.5,276200,0.0,0.0
2024-01-08 00:00:00-05:00,1.5099999904632568,1.5700000524520874,1.4700000286102295,1.5700000524520874,550600,0.0,0.0
2024-01-09 00:00:00-05:00,1.5700000524520874,1.590000033378601,1.5199999809265137,1.5800000429153442,242800,0.0,0.0
2024-01-10 00:00:00-05:00,1.5800000429153442,1.600000023841858,1.5499999523162842,1.590000033378601,229100,0.0,0.0
2024-01-11 00:00:00-05:00,1.600000023841858,1.600000023841858,1.5399999618530273,1.559999942779541,272800,0.0,0.0
2024-01-12 00:00:00-05:00,1.559999942779541,1.5800000429153442,1.5199999809265137,1.5399999618530273,158100,0.0,0.0
2024-01-16 00:00:00-05:00,1.5499999523162842,1.5499999523162842,1.5099999904632568,1.5299999713897705,163600,0.0,0.0
2024-01-17 00:00:00-05:00,1.5199999809265137,1.5299999713897705,1.409999966621399,1.4550000429153442,277000,0.0,0.0
2024-01-18 00:00:00-05:00,1.4800000190734863,1.4800000190734863,1.3949999809265137,1.4199999570846558,225900,0.0,0.0
2024-01-19 00:00:00-05:00,1.440000057220459,1.5099999904632568,1.4220000505447388,1.5,535200,0.0,0.0
2024-01-22 00:00:00-05:00,1.5,1.5549999475479126,1.5,1.5499999523162842,454400,0.0,0.0
2024-01-23 00:00:00-05:00,1.5499999523162842,1.5700000524520874,1.5399999618530273,1.5399999618530273,225800,0.0,0.0
2024-01-24 00:00:00-05:00,1.5700000524520874,1.5700000524520874,1.5,1.5399999618530273,125800,0.0,0.0
2024-01-25 00:00:00-05:00,1.5499999523162842,1.559999942779541,1.5,1.5499999523162842,284500,0.0,0.0
2024-01-26 00:00:00-05:00,1.5499999523162842,1.590000033378601,1.5399999618530273,1.5800000429153442,117000,0.0,0.0
2024-01-29 00:00:00-05:00,1.5800000429153442,1.6299999952316284,1.5509999990463257,1.6200000047683716,240700,0.0,0.0
2024-01-30 00:00:00-05:00,1.6100000143051147,1.6299999952316284,1.5800000429153442,1.6100000143051147,142400,0.0,0.0
2024-01-31 00:00:00-05:00,1.5700000524520874,1.6299999952316284,1.5700000524520874,1.5950000286102295,185800,0.0,0.0
2024-02-01 00:00:00-05:00,1.590000033378601,1.6150000095367432,1.5800000429153442,1.600000023841858,161200,0.0,0.0
2024-02-02 00:00:00-05:00,1.600000023841858,1.7699999809265137,1.4800000190734863,1.7599999904632568,547200,0.0,0.0
2024-02-05 00:00:00-05:00,1.75,1.7869999408721924,1.659999966621399,1.7000000476837158,742200,0.0,0.0
2024-02-06 00:00:00-05:00,1.7200000286102295,1.7200000286102295,1.649999976158142,1.649999976158142,196100,0.0,0.0
2024-02-07 00:00:00-05:00,1.659999966621399,1.7000000476837158,1.6299999952316284,1.659999966621399,137500,0.0,0.0
2024-02-08 00:00:00-05:00,1.649999976158142,2.0230000019073486,1.649999976158142,1.9700000286102295,1525000,0.0,0.0
2024-02-09 00:00:00-05:00,2.0,2.049999952316284,1.9299999475479126,1.9700000286102295,594000,0.0,0.0
2024-02-12 00:00:00-05:00,1.9299999475479126,2.0299999713897705,1.9299999475479126,1.9700000286102295,833600,0.0,0.0
2024-02-13 00:00:00-05:00,1.9700000286102295,1.9900000095367432,1.75,1.909999966621399,830000,0.0,0.0
2024-02-14 00:00:00-05:00,1.909999966621399,1.9500000476837158,1.8600000143051147,1.9199999570846558,587300,0.0,0.0
2024-02-15 00:00:00-05:00,1.899999976158142,1.9600000381469727,1.875,1.9249999523162842,253200,0.0,0.0
2024-02-16 00:00:00-05:00,1.9199999570846558,2.0799999237060547,1.8799999952316284,2.0199999809265137,558200,0.0,0.0
2024-02-20 00:00:00-05:00,2.049999952316284,2.115999937057495,1.809999942779541,1.8799999952316284,1714100,0.0,0.0
2024-02-21 00:00:00-05:00,1.909999966621399,2.009999990463257,1.840000033378601,1.9700000286102295,730400,0.0,0.0
2024-02-22 00:00:00-05:00,2.0199999809265137,2.0399999618530273,1.8559999465942383,1.8899999856948853,1126100,0.0,0.0
2024-02-23 00:00:00-05:00,1.8700000047683716,1.9199999570846558,1.850000023841858,1.909999966621399,495600,0.0,0.0
2024-02-26 00:00:00-05:00,1.8899999856948853,1.9500000476837158,1.850000023841858,1.940000057220459,305300,0.0,0.0
2024-02-27 00:00:00-05:00,2.009999990463257,2.0799999237060547,1.975000023841858,2.0,822000,0.0,0.0
2024-02-28 00:00:00-05:00,2.0,2.0299999713897705,1.850000023841858,1.899999976158142,1184900,0.0,0.0
2024-02-29 00:00:00-05:00,1.899999976158142,2.0,1.899999976158142,1.9199999570846558,295300,0.0,0.0
2024-03-01 00:00:00-05:00,1.940000057220459,1.9500000476837158,1.8899999856948853,1.909999966621399,304800,0.0,0.0
2024-03-04 00:00:00-05:00,1.899999976158142,1.909999966621399,1.7200000286102295,1.7899999618530273,958600,0.0,0.0
2024-03-05 00:00:00-05:00,1.7699999809265137,1.7899999618530273,1.6299999952316284,1.6699999570846558,1082500,0.0,0.0
2024-03-06 00:00:00-05:00,1.690000057220459,1.7200000286102295,1.6699999570846558,1.7000000476837158,611700,0.0,0.0
2024-03-07 00:00:00-05:00,1.7200000286102295,1.7300000190734863,1.6399999856948853,1.659999966621399,1282100,0.0,0.0
2024-03-08 00:00:00-05:00,1.6699999570846558,1.7200000286102295,1.5750000476837158,1.590000033378601,751500,0.0,0.0
2024-03-11 00:00:00-04:00,1.5700000524520874,1.659999966621399,1.5700000524520874,1.600000023841858,472000,0.0,0.0
2024-03-12 00:00:00-04:00,1.590000033378601,1.6299999952316284,1.5700000524520874,1.6200000047683716,427400,0.0,0.0
2024-03-13 00:00:00-04:00,1.6200000047683716,1.6799999475479126,1.6100000143051147,1.6299999952316284,301200,0.0,0.0
2024-03-14 00:00:00-04:00,1.6200000047683716,1.6349999904632568,1.5499999523162842,1.6200000047683716,484100,0.0,0.0
2024-03-15 00:00:00-04:00,1.6200000047683716,2.009999990463257,1.6200000047683716,1.9900000095367432,1442800,0.0,0.0
2024-03-18 00:00:00-04:00,2.0299999713897705,2.0299999713897705,1.9019999504089355,1.9550000429153442,867600,0.0,0.0
2024-03-19 00:00:00-04:00,2.009999990463257,2.049999952316284,1.909999966621399,2.0,399400,0.0,0.0
2024-03-20 00:00:00-04:00,2.009999990463257,2.1500000953674316,1.9500000476837158,2.0199999809265137,904400,0.0,0.0
2024-03-21 00:00:00-04:00,2.0,2.0250000953674316,1.850000023841858,2.0199999809265137,891100,0.0,0.0
2024-03-22 00:00:00-04:00,1.9700000286102295,2.0299999713897705,1.940000057220459,1.9500000476837158,355100,0.0,0.0
2024-03-25 00:00:00-04:00,1.9299999475479126,1.9800000190734863,1.8700000047683716,1.9199999570846558,338000,0.0,0.0
2024-03-26 00:00:00-04:00,1.909999966621399,1.940000057220459,1.850000023841858,1.9149999618530273,282100,0.0,0.0
2024-03-27 00:00:00-04:00,1.9199999570846558,2.0899999141693115,1.9199999570846558,2.0,1200900,0.0,0.0
2024-03-28 00:00:00-04:00,2.0399999618530273,2.049999952316284,1.8899999856948853,1.9500000476837158,726100,0.0,0.0
2024-04-01 00:00:00-04:00,1.9700000286102295,1.9900000095367432,1.8899999856948853,1.909999966621399,293200,0.0,0.0
2024-04-02 00:00:00-04:00,1.8899999856948853,1.9019999504089355,1.809999942779541,1.840000033378601,374900,0.0,0.0
2024-04-03 00:00:00-04:00,1.840000033378601,1.8600000143051147,1.7599999904632568,1.850000023841858,319500,0.0,0.0
2024-04-04 00:00:00-04:00,1.8700000047683716,1.940000057220459,1.8200000524520874,1.8700000047683716,459600,0.0,0.0
2024-04-05 00:00:00-04:00,1.8799999952316284,1.8899999856948853,1.8200000524520874,1.8600000143051147,241600,0.0,0.0
2024-04-08 00:00:00-04:00,1.8799999952316284,1.899999976158142,1.8200000524520874,1.8300000429153442,241400,0.0,0.0
2024-04-09 00:00:00-04:00,1.8700000047683716,1.8700000047683716,1.690000057220459,1.7200000286102295,789800,0.0,0.0
2024-04-10 00:00:00-04:00,1.7000000476837158,1.7799999713897705,1.690000057220459,1.7699999809265137,452300,0.0,0.0
2024-04-11 00:00:00-04:00,1.7699999809265137,1.7899999618530273,1.715000033378601,1.7599999904632568,232300,0.0,0.0
2024-04-12 00:00:00-04:00,1.7400000095367432,1.7799999713897705,1.7000000476837158,1.7400000095367432,252500,0.0,0.0
2024-04-15 00:00:00-04:00,1.7400000095367432,1.7400000095367432,1.649999976158142,1.7000000476837158,307700,0.0,0.0
2024-04-16 00:00:00-04:00,1.7000000476837158,1.7000000476837158,1.600000023841858,1.6100000143051147,359600,0.0,0.0
2024-04-17 00:00:00-04:00,1.6399999856948853,1.6399999856948853,1.5800000429153442,1.590000033378601,537200,0.0,0.0
2024-04-18 00:00:00-04:00,1.600000023841858,1.6399999856948853,1.5800000429153442,1.6200000047683716,276500,0.0,0.0
2024-04-19 00:00:00-04:00,1.649999976158142,1.649999976158142,1.5800000429153442,1.600000023841858,159100,0.0,0.0
2024-04-22 00:00:00-04:00,1.600000023841858,1.684999942779541,1.5750000476837158,1.6399999856948853,293500,0.0,0.0
2024-04-23 00:00:00-04:00,1.6799999475479126,1.6950000524520874,1.6100000143051147,1.6200000047683716,238300,0.0,0.0
2024-04-24 00:00:00-04:00,1.649999976158142,1.659999966621399,1.5700000524520874,1.600000023841858,288000,0.0,0.0
2024-04-25 00:00:00-04:00,1.5700000524520874,1.6200000047683716,1.5399999618530273,1.5950000286102295,306500,0.0,0.0
2024-04-26 00:00:00-04:00,1.590000033378601,1.6100000143051147,1.5700000524520874,1.5700000524520874,240000,0.0,0.0
2024-04-29 00:00:00-04:00,1.5700000524520874,1.6200000047683716,1.5540000200271606,1.600000023841858,784900,0.0,0.0
2024-04-30 00:00:00-04:00,1.5800000429153442,1.6100000143051147,1.559999942779541,1.5700000524520874,246600,0.0,0.0
2024-05-01 00:00:00-04:00,1.559999942779541,1.6100000143051147,1.559999942779541,1.590000033378601,619700,0.0,0.0
2024-05-02 00:00:00-04:00,1.6100000143051147,1.6100000143051147,1.5399999618530273,1.600000023841858,488200,0.0,0.0
2024-05-03 00:00:00-04:00,1.600000023841858,1.6200000047683716,1.5829999446868896,1.6100000143051147,258100,0.0,0.0
2024-05-06 00:00:00-04:00,1.649999976158142,1.75,1.590000033378601,1.659999966621399,1323700,0.0,0.0
2024-05-07 00:00:00-04:00,1.690000057220459,1.7100000381469727,1.6399999856948853,1.7000000476837158,256300,0.0,0.0
2024-05-08 00:00:00-04:00,1.6799999475479126,1.7200000286102295,1.6299999952316284,1.690000057220459,271200,0.0,0.0
2024-05-09 00:00:00-04:00,1.7300000190734863,1.7300000190734863,1.6920000314712524,1.7200000286102295,214000,0.0,0.0
2024-05-10 00:00:00-04:00,1.7100000381469727,1.7350000143051147,1.6690000295639038,1.690000057220459,224300,0.0,0.0
2024-05-13 00:00:00-04:00,1.7200000286102295,1.75,1.6799999475479126,1.7000000476837158,4636600,0.0,0.0
2024-05-14 00:00:00-04:00,1.7300000190734863,1.8200000524520874,1.690000057220459,1.8200000524520874,415500,0.0,0.0
2024-05-15 00:00:00-04:00,1.8899999856948853,1.9989999532699585,1.8700000047683716,1.9149999618530273,489600,0.0,0.0
2024-05-16 00:00:00-04:00,1.940000057220459,1.968999981880188,1.8799999952316284,1.9299999475479126,423200,0.0,0.0
2024-05-17 00:00:00-04:00,1.9199999570846558,2.0199999809265137,1.9149999618530273,2.0,577300,0.0,0.0
2024-05-20 00:00:00-04:00,2.009999990463257,2.0899999141693115,2.0,2.069999933242798,379400,0.0,0.0
2024-05-21 00:00:00-04:00,2.0899999141693115,2.0899999141693115,1.9049999713897705,1.9500000476837158,387800,0.0,0.0
2024-05-22 00:00:00-04:00,1.9500000476837158,1.9500000476837158,1.8600000143051147,1.8600000143051147,292200,0.0,0.0
2024-05-23 00:00:00-04:00,1.8899999856948853,1.899999976158142,1.7699999809265137,1.7999999523162842,396200,0.0,0.0
2024-05-24 00:00:00-04:00,1.7999999523162842,1.8279999494552612,1.7799999713897705,1.7999999523162842,113700,0.0,0.0
2024-05-28 00:00:00-04:00,1.8200000524520874,1.8600000143051147,1.715000033378601,1.7899999618530273,207900,0.0,0.0
2024-05-29 00:00:00-04:00,1.7899999618530273,1.7999999523162842,1.659999966621399,1.6799999475479126,400200,0.0,0.0
2024-05-30 00:00:00-04:00,1.690000057220459,1.8300000429153442,1.649999976158142,1.7599999904632568,335100,0.0,0.0
2024-05-31 00:00:00-04:00,1.7699999809265137,1.8730000257492065,1.7100000381469727,1.7300000190734863,210100,0.0,0.0
2024-06-03 00:00:00-04:00,1.8200000524520874,1.8700000047683716,1.7999999523162842,1.850000023841858,289700,0.0,0.0
2024-06-04 00:00:00-04:00,1.8600000143051147,1.9500000476837158,1.8200000524520874,1.899999976158142,268400,0.0,0.0
2024-06-05 00:00:00-04:00,1.75,1.934000015258789,1.75,1.8200000524520874,382500,0.0,0.0
2024-06-06 00:00:00-04:00,1.850000023841858,1.8899999856948853,1.840000033378601,1.8600000143051147,121400,0.0,0.0
2024-06-07 00:00:00-04:00,1.8799999952316284,2.069999933242798,1.8700000047683716,1.9800000190734863,475800,0.0,0.0
2024-06-10 00:00:00-04:00,2.0,2.0399999618530273,1.899999976158142,1.9299999475479126,345800,0.0,0.0
2024-06-11 00:00:00-04:00,1.9500000476837158,2.0,1.8600000143051147,1.9500000476837158,260500,0.0,0.0
2024-06-12 00:00:00-04:00,1.9600000381469727,1.9900000095367432,1.899999976158142,1.899999976158142,189300,0.0,0.0
2024-06-13 00:00:00-04:00,1.8899999856948853,1.940000057220459,1.850000023841858,1.850000023841858,1226100,0.0,0.0
2024-06-14 00:00:00-04:00,1.8300000429153442,1.909999966621399,1.8200000524520874,1.8300000429153442,141800,0.0,0.0
2024-06-17 00:00:00-04:00,1.8300000429153442,1.8700000047683716,1.7200000286102295,1.7699999809265137,336100,0.0,0.0
2024-06-18 00:00:00-04:00,1.7400000095367432,1.7899999618530273,1.649999976158142,1.649999976158142,284800,0.0,0.0
2024-06-20 00:00:00-04:00,1.7000000476837158,1.7200000286102295,1.5499999523162842,1.5800000429153442,628000,0.0,0.0
2024-06-21 00:00:00-04:00,1.559999942779541,1.600000023841858,1.4199999570846558,1.4900000095367432,1204800,0.0,0.0
2024-06-24 00:00:00-04:00,1.5399999618530273,1.690000057220459,1.5199999809265137,1.6299999952316284,432500,0.0,0.0
2024-06-25 00:00:00-04:00,1.600000023841858,1.6449999809265137,1.4600000381469727,1.4600000381469727,580900,0.0,0.0
2024-06-26 00:00:00-04:00,1.4700000286102295,1.5759999752044678,1.4700000286102295,1.5299999713897705,376000,0.0,0.0
2024-06-27 00:00:00-04:00,1.5199999809265137,1.590000033378601,1.4700000286102295,1.5399999618530273,364400,0.0,0.0
2024-06-28 00:00:00-04:00,1.5299999713897705,1.5700000524520874,1.4900000095367432,1.559999942779541,193300,0.0,0.0
2024-07-01 00:00:00-04:00,1.5800000429153442,1.600000023841858,1.5299999713897705,1.559999942779541,146100,0.0,0.0
2024-07-02 00:00:00-04:00,1.5399999618530273,1.559999942779541,1.5,1.5199999809265137,179100,0.0,0.0
2024-07-03 00:00:00-04:00,1.5299999713897705,1.6200000047683716,1.5299999713897705,1.5399999618530273,107100,0.0,0.0
2024-07-05 00:00:00-04:00,1.5299999713897705,1.5700000524520874,1.4800000190734863,1.5099999904632568,163600,0.0,0.0
2024-07-08 00:00:00-04:00,1.5099999904632568,1.5499999523162842,1.4800000190734863,1.5299999713897705,136900,0.0,0.0
2024-07-09 00:00:00-04:00,1.5099999904632568,1.597000002861023,1.5099999904632568,1.5800000429153442,126000,0.0,0.0
2024-07-10 00:00:00-04:00,1.600000023841858,1.7200000286102295,1.5800000429153442,1.6799999475479126,228700,0.0,0.0
2024-07-11 00:00:00-04:00,1.649999976158142,1.75,1.6200000047683716,1.6200000047683716,342500,0.0,0.0
2024-07-12 00:00:00-04:00,1.659999966621399,1.7400000095367432,1.6399999856948853,1.7400000095367432,381000,0.0,0.0
2024-07-15 00:00:00-04:00,1.7400000095367432,1.7699999809265137,1.690000057220459,1.7649999856948853,340000,0.0,0.0
2024-07-16 00:00:00-04:00,1.7699999809265137,1.7979999780654907,1.7120000123977661,1.7400000095367432,534200,0.0,0.0
2024-07-17 00:00:00-04:00,1.690000057220459,1.7400000095367432,1.6399999856948853,1.690000057220459,331200,0.0,0.0
2024-07-18 00:00:00-04:00,1.690000057220459,1.7200000286102295,1.6200000047683716,1.6399999856948853,138400,0.0,0.0
2024-07-19 00:00:00-04:00,1.6699999570846558,1.6859999895095825,1.6200000047683716,1.6399999856948853,298400,0.0,0.0
2024-07-22 00:00:00-04:00,1.7000000476837158,1.86899995803833,1.5800000429153442,1.8600000143051147,897500,0.0,0.0
2024-07-23 00:00:00-04:00,1.8600000143051147,1.8899999856948853,1.7400000095367432,1.8700000047683716,412100,0.0,0.0
2024-07-24 00:00:00-04:00,1.8700000047683716,1.9809999465942383,1.7999999523162842,1.9299999475479126,701300,0.0,0.0
2024-07-25 00:00:00-04:00,2.0,2.5,1.9900000095367432,2.2300000190734863,1625800,0.0,0.0
2024-07-26 00:00:00-04:00,2.299999952316284,2.309999942779541,2.180000066757202,2.2200000286102295,944100,0.0,0.0
2024-07-29 00:00:00-04:00,2.200000047683716,2.2360000610351562,1.909999966621399,2.119999885559082,581900,0.0,0.0
2024-07-30 00:00:00-04:00,2.0999999046325684,2.119999885559082,1.9700000286102295,1.9800000190734863,373900,0.0,0.0
2024-07-31 00:00:00-04:00,2.0,2.075000047683716,1.899999976158142,1.9800000190734863,351000,0.0,0.0
2024-08-01 00:00:00-04:00,2.0199999809265137,2.0399999618530273,1.9299999475479126,1.9500000476837158,181100,0.0,0.0
2024-08-02 00:00:00-04:00,1.8799999952316284,1.9299999475479126,1.8200000524520874,1.8300000429153442,243100,0.0,0.0
2024-08-05 00:00:00-04:00,1.75,1.9199999570846558,1.6799999475479126,1.8799999952316284,670900,0.0,0.0
2024-08-06 00:00:00-04:00,1.8899999856948853,1.9299999475479126,1.850000023841858,1.8700000047683716,194800,0.0,0.0
2024-08-07 00:00:00-04:00,1.899999976158142,1.899999976158142,1.7400000095367432,1.7799999713897705,259500,0.0,0.0
2024-08-08 00:00:00-04:00,1.7599999904632568,1.8600000143051147,1.7599999904632568,1.8600000143051147,153500,0.0,0.0
2024-08-09 00:00:00-04:00,1.8300000429153442,1.8730000257492065,1.7799999713897705,1.8200000524520874,210600,0.0,0.0
2024-08-12 00:00:00-04:00,1.809999942779541,1.8700000047683716,1.7599999904632568,1.809999942779541,180400,0.0,0.0
2024-08-13 00:00:00-04:00,1.809999942779541,1.9199999570846558,1.7200000286102295,1.7400000095367432,313800,0.0,0.0
2024-08-14 00:00:00-04:00,1.840000033378601,1.8799999952316284,1.75,1.850000023841858,452400,0.0,0.0
2024-08-15 00:00:00-04:00,1.8799999952316284,2.0399999618530273,1.8300000429153442,2.0,711000,0.0,0.0
2024-08-16 00:00:00-04:00,1.9600000381469727,2.009999990463257,1.899999976158142,1.909999966621399,796000,0.0,0.0
2024-08-19 00:00:00-04:00,1.9299999475479126,1.934999942779541,1.8200000524520874,1.8899999856948853,326200,0.0,0.0
2024-08-20 00:00:00-04:00,1.8700000047683716,1.8899999856948853,1.809999942779541,1.8600000143051147,252100,0.0,0.0
2024-08-21 00:00:00-04:00,1.850000023841858,1.8899999856948853,1.7699999809265137,1.8799999952316284,408900,0.0,0.0
2024-08-22 00:00:00-04:00,1.8799999952316284,1.909999966621399,1.815000057220459,1.8700000047683716,186700,0.0,0.0
2024-08-23 00:00:00-04:00,1.8700000047683716,1.9199999570846558,1.8509999513626099,1.8899999856948853,160200,0.0,0.0
2024-08-26 00:00:00-04:00,1.909999966621399,1.9800000190734863,1.8799999952316284,1.9299999475479126,182200,0.0,0.0
2024-08-27 00:00:00-04:00,1.9199999570846558,1.930999994277954,1.8600000143051147,1.8700000047683716,78600,0.0,0.0
2024-08-28 00:00:00-04:00,1.899999976158142,1.909999966621399,1.7799999713897705,1.850000023841858,188700,0.0,0.0
2024-08-29 00:00:00-04:00,1.840000033378601,1.8899999856948853,1.8229999542236328,1.8899999856948853,200700,0.0,0.0
2024-08-30 00:00:00-04:00,1.909999966621399,1.909999966621399,1.850000023841858,1.8700000047683716,98700,0.0,0.0
2024-09-03 00:00:00-04:00,1.8700000047683716,1.878999948501587,1.7300000190734863,1.7799999713897705,331200,0.0,0.0
2024-09-04 00:00:00-04:00,1.7599999904632568,1.7999999523162842,1.7300000190734863,1.7699999809265137,149600,0.0,0.0
2024-09-05 00:00:00-04:00,1.7999999523162842,1.8680000305175781,1.75,1.75,606800,0.0,0.0
2024-09-06 00:00:00-04:00,1.7699999809265137,1.9800000190734863,1.75,1.8799999952316284,803300,0.0,0.0
2024-09-09 00:00:00-04:00,1.8899999856948853,1.9299999475479126,1.8600000143051147,1.8899999856948853,228900,0.0,0.0
2024-09-10 00:00:00-04:00,1.909999966621399,1.909999966621399,1.8300000429153442,1.8949999809265137,301500,0.0,0.0
2024-09-11 00:00:00-04:00,1.8799999952316284,2.0,1.8700000047683716,1.8899999856948853,427000,0.0,0.0
2024-09-12 00:00:00-04:00,1.909999966621399,1.9600000381469727,1.8600000143051147,1.8700000047683716,305500,0.0,0.0
2024-09-13 00:00:00-04:00,1.899999976158142,1.9199999570846558,1.8600000143051147,1.899999976158142,247200,0.0,0.0
2024-09-16 00:00:00-04:00,1.909999966621399,1.9600000381469727,1.899999976158142,1.909999966621399,235500,0.0,0.0
2024-09-17 00:00:00-04:00,1.909999966621399,1.9299999475479126,1.8300000429153442,1.840000033378601,191200,0.0,0.0
2024-09-18 00:00:00-04:00,1.8799999952316284,1.899999976158142,1.8200000524520874,1.8200000524520874,1454500,0.0,0.0
2024-09-19 00:00:00-04:00,1.8550000190734863,1.9199999570846558,1.850000023841858,1.8700000047683716,201100,0.0,0.0
2024-09-20 00:00:00-04:00,1.8799999952316284,1.909999966621399,1.8200000524520874,1.8200000524520874,499400,0.0,0.0
2024-09-23 00:00:00-04:00,1.8200000524520874,1.840000033378601,1.7699999809265137,1.7699999809265137,174500,0.0,0.0
2024-09-24 00:00:00-04:00,1.7899999618530273,1.7999999523162842,1.7400000095367432,1.7400000095367432,243200,0.0,0.0
2024-09-25 00:00:00-04:00,1.7300000190734863,1.7699999809265137,1.7200000286102295,1.7200000286102295,148700,0.0,0.0
2024-09-26 00:00:00-04:00,1.7699999809265137,1.7799999713897705,1.7300000190734863,1.7400000095367432,111200,0.0,0.0
2024-09-27 00:00:00-04:00,1.75,1.809999942779541,1.7309999465942383,1.7699999809265137,130700,0.0,0.0
2024-09-30 00:00:00-04:00,1.7400000095367432,1.7899999618530273,1.7400000095367432,1.7599999904632568,103700,0.0,0.0
2024-10-01 00:00:00-04:00,1.7690000534057617,1.7799999713897705,1.6699999570846558,1.7200000286102295,467700,0.0,0.0
2024-10-02 00:00:00-04:00,1.7599999904632568,1.7999999523162842,1.7100000381469727,1.7799999713897705,472400,0.0,0.0
2024-10-03 00:00:00-04:00,1.7699999809265137,1.7999999523162842,1.7400000095367432,1.7400000095367432,247100,0.0,0.0
2024-10-04 00:00:00-04:00,1.899999976158142,1.9600000381469727,1.840000033378601,1.8700000047683716,2873500,0.0,0.0
2024-10-07 00:00:00-04:00,1.8899999856948853,1.9149999618530273,1.8300000429153442,1.8899999856948853,718300,0.0,0.0
2024-10-08 00:00:00-04:00,1.9199999570846558,1.9600000381469727,1.8799999952316284,1.940000057220459,630300,0.0,0.0
2024-10-09 00:00:00-04:00,1.9700000286102295,2.180000066757202,1.9700000286102295,2.109999895095825,1605900,0.0,0.0
2024-10-10 00:00:00-04:00,2.130000114440918,2.180000066757202,2.059999942779541,2.119999885559082,424800,0.0,0.0
2024-10-11 00:00:00-04:00,2.109999895095825,2.2699999809265137,2.109999895095825,2.2300000190734863,781300,0.0,0.0
2024-10-14 00:00:00-04:00,2.240000009536743,2.299999952316284,2.180000066757202,2.240000009536743,5687400,0.0,0.0
2024-10-15 00:00:00-04:00,2.2699999809265137,2.8399999141693115,2.2699999809265137,2.75,3035700,0.0,0.0
2024-10-16 00:00:00-04:00,2.819999933242798,2.859999895095825,2.549999952316284,2.7200000286102295,1653100,0.0,0.0
2024-10-17 00:00:00-04:00,2.7100000381469727,2.7100000381469727,2.559999942779541,2.6500000953674316,711000,0.0,0.0
2024-10-18 00:00:00-04:00,2.6500000953674316,3.0250000953674316,2.630000114440918,2.990000009536743,1487900,0.0,0.0
2024-10-21 00:00:00-04:00,2.9700000286102295,3.5399999618530273,2.9600000381469727,3.259999990463257,3414800,0.0,0.0
2024-10-22 00:00:00-04:00,3.299999952316284,3.490000009536743,3.2009999752044678,3.3499999046325684,1409500,0.0,0.0
2024-10-23 00:00:00-04:00,3.359999895095825,3.380000114440918,3.109999895095825,3.2799999713897705,999100,0.0,0.0
2024-10-24 00:00:00-04:00,3.259999990463257,3.390000104904175,3.1700000762939453,3.240000009536743,611900,0.0,0.0
2024-10-25 00:00:00-04:00,3.2200000286102295,3.450000047683716,3.1600000858306885,3.25,1233700,0.0,0.0
2024-10-28 00:00:00-04:00,3.2899999618530273,3.359999895095825,3.130000114440918,3.315000057220459,2312100,0.0,0.0
2024-10-29 00:00:00-04:00,3.4700000286102295,3.680000066757202,3.309999942779541,3.319999933242798,1161000,0.0,0.0
2024-10-30 00:00:00-04:00,3.319999933242798,3.359999895095825,3.109999895095825,3.130000114440918,807500,0.0,0.0
2024-10-31 00:00:00-04:00,3.109999895095825,3.200000047683716,3.0409998893737793,3.119999885559082,648100,0.0,0.0
2024-11-01 00:00:00-04:00,3.1700000762939453,3.25,3.009999990463257,3.0399999618530273,675400,0.0,0.0
2024-11-04 00:00:00-05:00,3.049999952316284,3.25,2.880000114440918,3.0799999237060547,1065600,0.0,0.0
2024-11-05 00:00:00-05:00,3.0799999237060547,3.1700000762939453,3.0399999618530273,3.1500000953674316,400400,0.0,0.0
2024-11-06 00:00:00-05:00,3.2699999809265137,3.2899999618530273,3.11299991607666,3.25,435800,0.0,0.0
2024-11-07 00:00:00-05:00,3.25,3.2899999618530273,3.069999933242798,3.0999999046325684,632500,0.0,0.0
2024-11-08 00:00:00-05:00,3.049999952316284,3.1500000953674316,2.937999963760376,3.119999885559082,760900,0.0,0.0
2024-11-11 00:00:00-05:00,3.1500000953674316,3.4200000762939453,3.130000114440918,3.359999895095825,662200,0.0,0.0
2024-11-12 00:00:00-05:00,3.3499999046325684,3.5299999713897705,3.265000104904175,3.490000009536743,1059700,0.0,0.0
2024-11-13 00:00:00-05:00,3.5299999713897705,3.799999952316284,3.500999927520752,3.5199999809265137,1217100,0.0,0.0
2024-11-14 00:00:00-05:00,3.509999990463257,3.509999990463257,3.1600000858306885,3.190000057220459,677300,0.0,0.0
2024-11-15 00:00:00-05:00,3.1500000953674316,3.1500000953674316,2.809999942779541,2.9049999713897705,1388100,0.0,0.0
2024-11-18 00:00:00-05:00,2.9600000381469727,3.0999999046325684,2.8499999046325684,3.009999990463257,884900,0.0,0.0
2024-11-19 00:00:00-05:00,3.0,3.0999999046325684,2.930000066757202,3.0399999618530273,394700,0.0,0.0
2024-11-20 00:00:00-05:00,3.059999942779541,3.0899999141693115,2.930999994277954,2.990000009536743,521700,0.0,0.0
2024-11-21 00:00:00-05:00,2.9600000381469727,3.109999895095825,2.880000114440918,2.9800000190734863,1571600,0.0,0.0
2024-11-22 00:00:00-05:00,3.0,3.190000057220459,2.950000047683716,3.0299999713897705,1273800,0.0,0.0
2024-11-25 00:00:00-05:00,3.049999952316284,3.2100000381469727,3.049999952316284,3.119999885559082,619400,0.0,0.0
2024-11-26 00:00:00-05:00,3.109999895095825,3.369999885559082,3.055000066757202,3.2899999618530273,694600,0.0,0.0
2024-11-27 00:00:00-05:00,3.369999885559082,3.619999885559082,3.3499999046325684,3.440000057220459,718500,0.0,0.0
2024-11-29 00:00:00-05:00,3.440000057220459,3.559999942779541,3.319999933242798,3.5299999713897705,543500,0.0,0.0
2024-12-02 00:00:00-05:00,3.5999999046325684,3.640000104904175,3.4700000286102295,3.559999942779541,667000,0.0,0.0
2024-12-03 00:00:00-05:00,3.559999942779541,3.5950000286102295,3.25,3.3299999237060547,589200,0.0,0.0
2024-12-04 00:00:00-05:00,3.3499999046325684,3.434999942779541,3.253999948501587,3.3299999237060547,469200,0.0,0.0
2024-12-05 00:00:00-05:00,3.3299999237060547,3.4000000953674316,3.2300000190734863,3.2699999809265137,365400,0.0,0.0
2024-12-06 00:00:00-05:00,3.299999952316284,3.549999952316284,3.2799999713897705,3.359999895095825,877700,0.0,0.0
2024-12-09 00:00:00-05:00,3.3499999046325684,3.7799999713897705,3.3499999046325684,3.5299999713897705,1293600,0.0,0.0
2024-12-10 00:00:00-05:00,3.5999999046325684,3.5999999046325684,3.240000009536743,3.2899999618530273,857200,0.0,0.0
2024-12-11 00:00:00-05:00,3.25,3.259999990463257,3.109999895095825,3.1700000762939453,542600,0.0,0.0
2024-12-12 00:00:00-05:00,3.1700000762939453,3.180000066757202,2.984999895095825,3.0199999809265137,738600,0.0,0.0
2024-12-13 00:00:00-05:00,3.009999990463257,3.140000104904175,2.9800000190734863,3.059999942779541,416300,0.0,0.0
2024-12-16 00:00:00-05:00,3.069999933242798,3.2300000190734863,3.015000104904175,3.0299999713897705,1084300,0.0,0.0
2024-12-17 00:00:00-05:00,3.069999933242798,3.259999990463257,3.0399999618530273,3.0799999237060547,746500,0.0,0.0
2024-12-18 00:00:00-05:00,3.140000104904175,3.200000047683716,3.0899999141693115,3.1500000953674316,1136700,0.0,0.0
2024-12-19 00:00:00-05:00,3.180000066757202,3.259999990463257,3.049999952316284,3.1500000953674316,1378900,0.0,0.0
2024-12-20 00:00:00-05:00,3.1500000953674316,3.3499999046325684,3.130000114440918,3.3499999046325684,1626700,0.0,0.0
2024-12-23 00:00:00-05:00,3.4000000953674316,3.505000114440918,3.299999952316284,3.380000114440918,754400,0.0,0.0
2024-12-24 00:00:00-05:00,3.4200000762939453,3.444999933242798,3.2799999713897705,3.4200000762939453,371700,0.0,0.0
2024-12-26 00:00:00-05:00,3.430000066757202,3.7699999809265137,3.3299999237060547,3.7699999809265137,1047800,0.0,0.0
2024-12-27 00:00:00-05:00,3.859999895095825,3.9800000190734863,3.640000104904175,3.740000009536743,1051300,0.0,0.0
2024-12-30 00:00:00-05:00,3.700000047683716,3.7200000286102295,3.440000057220459,3.509999990463257,850300,0.0,0.0
2024-12-31 00:00:00-05:00,3.549999952316284,3.680000066757202,3.4709999561309814,3.619999885559082,665800,0.0,0.0
2025-01-02 00:00:00-05:00,3.690000057220459,3.9700000286102295,3.630000114440918,3.9100000858306885,1397800,0.0,0.0
2025-01-03 00:00:00-05:00,4.0,4.019999980926514,3.8299999237060547,3.9800000190734863,1116800,0.0,0.0
2025-01-06 00:00:00-05:00,4.150000095367432,4.224999904632568,3.890000104904175,3.9700000286102295,1359700,0.0,0.0
2025-01-07 00:00:00-05:00,4.0,4.066999912261963,3.7699999809265137,3.890000104904175,690700,0.0,0.0
2025-01-08 00:00:00-05:00,3.880000114440918,3.884999990463257,3.6110000610351562,3.740000009536743,781600,0.0,0.0
2025-01-10 00:00:00-05:00,3.7200000286102295,3.7260000705718994,3.5199999809265137,3.5299999713897705,885400,0.0,0.0
2025-01-13 00:00:00-05:00,3.5,3.5,3.244999885559082,3.2899999618530273,1085400,0.0,0.0
2025-01-14 00:00:00-05:00,3.299999952316284,3.390000104904175,3.1700000762939453,3.2899999618530273,856200,0.0,0.0
2025-01-15 00:00:00-05:00,3.390000104904175,3.490000009536743,3.312000036239624,3.4600000381469727,901800,0.0,0.0
2025-01-16 00:00:00-05:00,3.5,3.805000066757202,3.450000047683716,3.75,1656500,0.0,0.0
2025-01-17 00:00:00-05:00,3.7899999618530273,3.8299999237060547,3.6010000705718994,3.609999895095825,670200,0.0,0.0
2025-01-21 00:00:00-05:00,3.6500000953674316,3.6500000953674316,3.4600000381469727,3.630000114440918,558800,0.0,0.0
2025-01-22 00:00:00-05:00,3.630000114440918,3.686000108718872,3.4000000953674316,3.5,667800,0.0,0.0
2025-01-23 00:00:00-05:00,3.4600000381469727,3.5850000381469727,3.3399999141693115,3.559999942779541,644800,0.0,0.0
2025-01-24 00:00:00-05:00,3.559999942779541,3.680000066757202,3.549999952316284,3.5899999141693115,448200,0.0,0.0
2025-01-27 00:00:00-05:00,3.569999933242798,3.690000057220459,3.4200000762939453,3.4600000381469727,383500,0.0,0.0
2025-01-28 00:00:00-05:00,3.5,3.5380001068115234,3.380000114440918,3.4600000381469727,394000,0.0,0.0
2025-01-29 00:00:00-05:00,3.490000009536743,3.734999895095825,3.4779999256134033,3.630000114440918,492200,0.0,0.0
2025-01-30 00:00:00-05:00,3.6600000858306885,3.8299999237060547,3.630000114440918,3.740000009536743,571600,0.0,0.0
2025-01-31 00:00:00-05:00,3.75,3.950000047683716,3.75,3.859999895095825,692100,0.0,0.0
2025-02-03 00:00:00-05:00,3.5,3.6050000190734863,3.3299999237060547,3.569999933242798,1300800,0.0,0.0
2025-02-04 00:00:00-05:00,3.609999895095825,3.869999885559082,3.569999933242798,3.809999942779541,878800,0.0,0.0
2025-02-05 00:00:00-05:00,3.809999942779541,3.9549999237060547,3.7300000190734863,3.940000057220459,768700,0.0,0.0
2025-02-06 00:00:00-05:00,3.950000047683716,3.990000009536743,3.8399999141693115,3.869999885559082,586100,0.0,0.0
2025-02-07 00:00:00-05:00,3.859999895095825,3.9749999046325684,3.7799999713897705,3.9000000953674316,748400,0.0,0.0
2025-02-10 00:00:00-05:00,3.930000066757202,3.930000066757202,3.690000057220459,3.7699999809265137,638000,0.0,0.0
2025-02-11 00:00:00-05:00,3.75,3.75,3.5999999046325684,3.7100000381469727,511400,0.0,0.0
2025-02-12 00:00:00-05:00,3.6700000762939453,3.809999942779541,3.5999999046325684,3.5999999046325684,1327800,0.0,0.0
2025-02-13 00:00:00-05:00,3.609999895095825,3.7149999141693115,3.509999990463257,3.5899999141693115,496100,0.0,0.0
2025-02-14 00:00:00-05:00,3.609999895095825,3.6500000953674316,3.380000114440918,3.4100000858306885,1056500,0.0,0.0
2025-02-18 00:00:00-05:00,3.5799999237060547,3.819999933242798,3.5199999809265137,3.7899999618530273,1307900,0.0,0.0
2025-02-19 00:00:00-05:00,3.8299999237060547,4.284999847412109,3.8299999237060547,4.25,3812700,0.0,0.0
2025-02-20 00:00:00-05:00,4.480000019073486,4.574999809265137,4.110000133514404,4.429999828338623,2095300,0.0,0.0
2025-02-21 00:00:00-05:00,4.559999942779541,4.659999847412109,4.304999828338623,4.320000171661377,1774000,0.0,0.0
2025-02-24 00:00:00-05:00,4.349999904632568,4.401000022888184,3.8299999237060547,3.8299999237060547,1922900,0.0,0.0
2025-02-25 00:00:00-05:00,3.809999942779541,3.890000104904175,3.509999990463257,3.7899999618530273,3971600,0.0,0.0
2025-02-26 00:00:00-05:00,3.8450000286102295,3.9200000762939453,3.684999942779541,3.869999885559082,1369900,0.0,0.0
2025-02-27 00:00:00-05:00,3.9649999141693115,4.139999866485596,3.859999895095825,3.869999885559082,1312200,0.0,0.0
2025-02-28 00:00:00-05:00,3.859999895095825,3.9600000381469727,3.700000047683716,3.9549999237060547,954700,0.0,0.0
2025-03-03 00:00:00-05:00,3.9800000190734863,4.010000228881836,3.2899999618530273,3.299999952316284,1804300,0.0,0.0
2025-03-04 00:00:00-05:00,3.240000009536743,3.244999885559082,2.7049999237060547,3.0299999713897705,3112100,0.0,0.0
2025-03-05 00:00:00-05:00,3.1500000953674316,3.259999990463257,3.069999933242798,3.1500000953674316,1832900,0.0,0.0
2025-03-06 00:00:00-05:00,3.109999895095825,3.1659998893737793,2.944999933242798,3.0799999237060547,1356700,0.0,0.0
2025-03-07 00:00:00-05:00,3.2799999713897705,3.7249999046325684,3.2699999809265137,3.4000000953674316,2884000,0.0,0.0
2025-03-10 00:00:00-04:00,3.319999933242798,3.3910000324249268,3.0999999046325684,3.0999999046325684,1461600,0.0,0.0
2025-03-11 00:00:00-04:00,3.0999999046325684,3.2699999809265137,2.9800000190734863,3.069999933242798,2308200,0.0,0.0
2025-03-12 00:00:00-04:00,3.0999999046325684,3.7049999237060547,3.0999999046325684,3.549999952316284,2146500,0.0,0.0
2025-03-13 00:00:00-04:00,3.549999952316284,4.039999961853027,3.5299999713897705,3.990000009536743,1902500,0.0,0.0
2025-03-14 00:00:00-04:00,3.6600000858306885,4.28000020980835,3.6500000953674316,3.9700000286102295,2403500,0.0,0.0
2025-03-17 00:00:00-04:00,4.0,4.320000171661377,3.9000000953674316,4.010000228881836,2060600,0.0,0.0
2025-03-18 00:00:00-04:00,4.150000095367432,4.170000076293945,3.8499999046325684,3.869999885559082,1306300,0.0,0.0
2025-03-19 00:00:00-04:00,3.859999895095825,3.9800000190734863,3.805000066757202,3.8399999141693115,1279500,0.0,0.0
2025-03-20 00:00:00-04:00,3.809999942779541,3.9000000953674316,3.674999952316284,3.759999990463257,1511500,0.0,0.0
2025-03-21 00:00:00-04:00,3.7100000381469727,3.7899999618530273,3.630000114440918,3.680000066757202,819700,0.0,0.0
2025-03-24 00:00:00-04:00,3.8499999046325684,3.940000057220459,3.684999942779541,3.700000047683716,749400,0.0,0.0
2025-03-25 00:00:00-04:00,3.680000066757202,3.700000047683716,3.430000066757202,3.490000009536743,1259000,0.0,0.0
2025-03-26 00:00:00-04:00,3.5,3.509999990463257,3.200000047683716,3.240000009536743,1415800,0.0,0.0
2025-03-27 00:00:00-04:00,3.2899999618530273,3.3399999141693115,3.2100000381469727,3.259999990463257,1275900,0.0,0.0
2025-03-28 00:00:00-04:00,3.259999990463257,3.259999990463257,3.069999933242798,3.130000114440918,1131800,0.0,0.0
2025-03-31 00:00:00-04:00,3.059999942779541,3.109999895095825,2.9709999561309814,3.0199999809265137,1837700,0.0,0.0
2025-04-01 00:00:00-04:00,3.0299999713897705,3.0399999618530273,2.880000114440918,2.880000114440918,1725800,0.0,0.0
2025-04-02 00:00:00-04:00,2.819999933242798,2.990000009536743,2.819999933242798,2.9600000381469727,1134800,0.0,0.0
2025-04-03 00:00:00-04:00,2.9200000762939453,2.9200000762939453,2.7100000381469727,2.7899999618530273,1486100,0.0,0.0
2025-04-04 00:00:00-04:00,2.6700000762939453,2.7300000190734863,2.4600000381469727,2.619999885559082,1875000,0.0,0.0
2025-04-07 00:00:00-04:00,2.430000066757202,2.8949999809265137,2.299999952316284,2.8499999046325684,1702300,0.0,0.0
2025-04-08 00:00:00-04:00,3.009999990463257,3.130000114440918,2.6500000953674316,2.7200000286102295,1589500,0.0,0.0
2025-04-09 00:00:00-04:00,2.680000066757202,2.9749999046325684,2.5299999713897705,2.869999885559082,2265200,0.0,0.0
2025-04-10 00:00:00-04:00,2.819999933242798,2.880000114440918,2.6700000762939453,2.740000009536743,1279100,0.0,0.0
2025-04-11 00:00:00-04:00,2.809999942779541,3.125,2.75,2.9700000286102295,2202400,0.0,0.0
2025-04-14 00:00:00-04:00,3.069999933242798,3.119999885559082,2.940000057220459,3.009999990463257,730200,0.0,0.0
2025-04-15 00:00:00-04:00,3.009999990463257,3.1500000953674316,2.940000057220459,2.990000009536743,819900,0.0,0.0
2025-04-16 00:00:00-04:00,2.940000057220459,3.0199999809265137,2.8499999046325684,3.0199999809265137,887000,0.0,0.0
2025-04-17 00:00:00-04:00,3.0,3.140000104904175,2.9700000286102295,3.0999999046325684,801700,0.0,0.0
2025-04-21 00:00:00-04:00,3.069999933242798,3.3299999237060547,3.049999952316284,3.2799999713897705,1532600,0.0,0.0
2025-04-22 00:00:00-04:00,3.3299999237060547,3.6500000953674316,3.3299999237060547,3.4700000286102295,1239400,0.0,0.0
2025-04-23 00:00:00-04:00,3.5799999237060547,3.5999999046325684,3.450000047683716,3.5199999809265137,1394900,0.0,0.0
2025-04-24 00:00:00-04:00,3.509999990463257,3.5399999618530273,3.3499999046325684,3.450000047683716,915800,0.0,0.0
2025-04-25 00:00:00-04:00,3.4200000762939453,3.4700000286102295,3.2899999618530273,3.3499999046325684,633300,0.0,0.0
2025-04-28 00:00:00-04:00,3.430000066757202,3.5399999618530273,3.194999933242798,3.2699999809265137,1566300,0.0,0.0
2025-04-29 00:00:00-04:00,3.299999952316284,3.440000057220459,3.190000057220459,3.380000114440918,1038100,0.0,0.0
2025-04-30 00:00:00-04:00,3.380000114440918,3.490000009536743,3.25,3.4700000286102295,745700,0.0,0.0
2025-05-01 00:00:00-04:00,3.490000009536743,3.497999906539917,3.3399999141693115,3.3399999141693115,1042900,0.0,0.0
2025-05-02 00:00:00-04:00,3.450000047683716,3.6700000762939453,3.4149999618530273,3.5999999046325684,1375100,0.0,0.0
2025-05-05 00:00:00-04:00,3.640000104904175,3.6500000953674316,3.444999933242798,3.5799999237060547,746100,0.0,0.0
2025-05-06 00:00:00-04:00,3.5299999713897705,3.569999933242798,3.2200000286102295,3.2300000190734863,1174400,0.0,0.0
2025-05-07 00:00:00-04:00,3.2300000190734863,3.299999952316284,3.059999942779541,3.1600000858306885,1036700,0.0,0.0
2025-05-08 00:00:00-04:00,3.109999895095825,3.450000047683716,3.109999895095825,3.3399999141693115,1120900,0.0,0.0
2025-05-09 00:00:00-04:00,3.3499999046325684,3.4200000762939453,3.200000047683716,3.2799999713897705,927900,0.0,0.0
2025-05-12 00:00:00-04:00,3.3399999141693115,3.4700000286102295,3.2100000381469727,3.240000009536743,1304300,0.0,0.0
2025-05-13 00:00:00-04:00,3.240000009536743,3.3399999141693115,3.069999933242798,3.309999942779541,1417900,0.0,0.0
2025-05-14 00:00:00-04:00,3.2899999618530273,3.3450000286102295,3.005000114440918,3.0299999713897705,2019600,0.0,0.0
2025-05-15 00:00:00-04:00,3.0399999618530273,3.119999885559082,2.9800000190734863,3.0,1379400,0.0,0.0
2025-05-16 00:00:00-04:00,3.069999933242798,3.380000114440918,3.049999952316284,3.2699999809265137,1524000,0.0,0.0
2025-05-19 00:00:00-04:00,3.299999952316284,3.5,3.25,3.440000057220459,1224700,0.0,0.0
2025-05-20 00:00:00-04:00,3.430000066757202,3.5299999713897705,3.369999885559082,3.490000009536743,867800,0.0,0.0
2025-05-21 00:00:00-04:00,3.490000009536743,3.8450000286102295,3.4240000247955322,3.75,2350200,0.0,0.0
2025-05-22 00:00:00-04:00,3.9200000762939453,3.940000057220459,3.700000047683716,3.799999952316284,1852600,0.0,0.0
2025-05-23 00:00:00-04:00,3.7799999713897705,3.880000114440918,3.700000047683716,3.75,991800,0.0,0.0
2025-05-27 00:00:00-04:00,3.9600000381469727,4.019999980926514,3.7799999713897705,3.869999885559082,2247300,0.0,0.0
2025-05-28 00:00:00-04:00,3.9100000858306885,4.300000190734863,3.7300000190734863,4.199999809265137,2364600,0.0,0.0
2025-05-29 00:00:00-04:00,4.400000095367432,4.480000019073486,4.210000038146973,4.255000114440918,1721500,0.0,0.0
2025-05-30 00:00:00-04:00,4.28000020980835,4.510000228881836,4.159999847412109,4.46999979019165,1720000,0.0,0.0
2025-06-02 00:00:00-04:00,4.505000114440918,4.829999923706055,4.364999771118164,4.75,2477900,0.0,0.0
2025-06-03 00:00:00-04:00,4.775000095367432,5.75,4.670000076293945,5.389999866485596,5830600,0.0,0.0
2025-06-04 00:00:00-04:00,5.494999885559082,5.650000095367432,5.074999809265137,5.139999866485596,4689400,0.0,0.0
2025-06-05 00:00:00-04:00,5.239999771118164,5.65500020980835,5.184999942779541,5.349999904632568,3035600,0.0,0.0
2025-06-06 00:00:00-04:00,5.46999979019165,5.519999980926514,5.336999893188477,5.380000114440918,2595400,0.0,0.0
2025-06-09 00:00:00-04:00,5.5,5.525000095367432,5.150000095367432,5.449999809265137,2618200,0.0,0.0
2025-06-10 00:00:00-04:00,5.400000095367432,5.980000019073486,5.389999866485596,5.5,2732400,0.0,0.0
2025-06-11 00:00:00-04:00,5.550000190734863,5.749000072479248,5.329999923706055,5.394999980926514,2086600,0.0,0.0
2025-06-12 00:00:00-04:00,5.349999904632568,5.610000133514404,5.25,5.429999828338623,1375700,0.0,0.0
2025-06-13 00:00:00-04:00,5.300000190734863,5.5,5.150000095367432,5.199999809265137,2114100,0.0,0.0
2025-06-16 00:00:00-04:00,5.25,5.489999771118164,5.142000198364258,5.480000019073486,2039400,0.0,0.0
2025-06-17 00:00:00-04:00,5.449999809265137,5.460000038146973,5.070000171661377,5.139999866485596,2835500,0.0,0.0
2025-06-18 00:00:00-04:00,5.090000152587891,5.230000019073486,5.019999980926514,5.170000076293945,1906500,0.0,0.0
2025-06-20 00:00:00-04:00,5.489999771118164,5.489999771118164,5.065000057220459,5.21999979019165,3331400,0.0,0.0
2025-06-23 00:00:00-04:00,5.150000095367432,5.210000038146973,4.934999942779541,4.980000019073486,2949400,0.0,0.0
2025-06-24 00:00:00-04:00,5.079999923706055,5.414999961853027,4.960000038146973,5.309999942779541,3780500,0.0,0.0
2025-06-25 00:00:00-04:00,5.300000190734863,5.315000057220459,4.949999809265137,5.110000133514404,2575800,0.0,0.0
2025-06-26 00:00:00-04:00,5.25,5.5,5.15500020980835,5.309999942779541,2884100,0.0,0.0
2025-06-27 00:00:00-04:00,5.364999771118164,5.369999885559082,4.78000020980835,5.03000020980835,15793100,0.0,0.0
2025-06-30 00:00:00-04:00,5.170000076293945,5.349999904632568,4.980000019073486,5.070000171661377,4107900,0.0,0.0
2025-07-01 00:00:00-04:00,5.059999942779541,5.289999961853027,4.96999979019165,5.130000114440918,4015900,0.0,0.0
2025-07-02 00:00:00-04:00,5.130000114440918,5.46999979019165,4.954999923706055,5.28000020980835,4545900,0.0,0.0
2025-07-03 00:00:00-04:00,5.340000152587891,5.340000152587891,4.994999885559082,5.309999942779541,2380700,0.0,0.0
2025-07-07 00:00:00-04:00,5.190000057220459,5.420000076293945,5.079999923706055,5.300000190734863,4479700,0.0,0.0
2025-07-08 00:00:00-04:00,5.380000114440918,5.449999809265137,5.114999771118164,5.190000057220459,3792700,0.0,0.0
2025-07-09 00:00:00-04:00,5.150000095367432,5.579999923706055,5.070000171661377,5.53000020980835,4364600,0.0,0.0
2025-07-10 00:00:00-04:00,5.550000190734863,5.550000190734863,5.201000213623047,5.329999923706055,2500300,0.0,0.0
2025-07-11 00:00:00-04:00,5.434999942779541,5.590000152587891,5.190000057220459,5.300000190734863,2470900,0.0,0.0
2025-07-14 00:00:00-04:00,5.300000190734863,5.570000171661377,5.238999843597412,5.53000020980835,3685900,0.0,0.0
2025-07-15 00:00:00-04:00,5.53000020980835,5.784999847412109,5.489999771118164,5.630000114440918,3131100,0.0,0.0
2025-07-16 00:00:00-04:00,5.679999828338623,5.929999828338623,5.650000095367432,5.840000152587891,3729600,0.0,0.0
2025-07-17 00:00:00-04:00,5.809999942779541,5.920000076293945,5.659999847412109,5.789999961853027,3553300,0.0,0.0
2025-07-18 00:00:00-04:00,5.909999847412109,6.440000057220459,5.840000152587891,5.989999771118164,5096500,0.0,0.0
2025-07-21 00:00:00-04:00,6.260000228881836,6.260000228881836,5.559999942779541,5.710000038146973,4771000,0.0,0.0
2025-07-22 00:00:00-04:00,5.659999847412109,5.659999847412109,5.150000095367432,5.239999771118164,5448700,0.0,0.0
2025-07-23 00:00:00-04:00,5.929999828338623,7.099999904632568,5.800000190734863,6.610000133514404,19355100,0.0,0.0
2025-07-24 00:00:00-04:00,6.699999809265137,6.90500020980835,5.550000190734863,5.554999828338623,7674000,0.0,0.0
2025-07-25 00:00:00-04:00,5.670000076293945,5.900000095367432,5.459000110626221,5.829999923706055,3810800,0.0,0.0
2025-07-28 00:00:00-04:00,6.039999961853027,7.289999961853027,6.0,6.159999847412109,12303000,0.0,0.0
2025-07-29 00:00:00-04:00,6.204999923706055,6.210000038146973,5.179999828338623,5.244999885559082,12839900,0.0,0.0
2025-07-30 00:00:00-04:00,5.25,5.269999980926514,4.849999904632568,4.940000057220459,6797600,0.0,0.0
2025-07-31 00:00:00-04:00,4.900000095367432,4.980000019073486,4.650000095367432,4.71999979019165,5082700,0.0,0.0
2025-08-01 00:00:00-04:00,4.510000228881836,4.755000114440918,4.465000152587891,4.699999809265137,4265200,0.0,0.0
2025-08-04 00:00:00-04:00,4.820000171661377,5.09499979019165,4.754000186920166,5.019999980926514,4145500,0.0,0.0
2025-08-05 00:00:00-04:00,4.994999885559082,5.260000228881836,4.954999923706055,5.21999979019165,3350700,0.0,0.0
2025-08-06 00:00:00-04:00,5.170000076293945,5.385000228881836,5.079999923706055,5.340000152587891,3530000,0.0,0.0
2025-08-07 00:00:00-04:00,5.429999828338623,5.739999771118164,5.170000076293945,5.239999771118164,4011200,0.0,0.0
2025-08-08 00:00:00-04:00,5.239999771118164,5.394999980926514,5.199999809265137,5.300000190734863,3251500,0.0,0.0
2025-08-11 00:00:00-04:00,5.375,5.744999885559082,5.309999942779541,5.610000133514404,4693300,0.0,0.0
2025-08-12 00:00:00-04:00,5.625,5.690000057220459,5.139999866485596,5.230000019073486,5078600,0.0,0.0
2025-08-13 00:00:00-04:00,5.199999809265137,5.329999923706055,5.039999961853027,5.150000095367432,3267700,0.0,0.0
2025-08-14 00:00:00-04:00,5.090000152587891,5.139999866485596,4.840000152587891,4.989999771118164,3787500,0.0,0.0
2025-08-15 00:00:00-04:00,4.949999809265137,4.96999979019165,4.710000038146973,4.900000095367432,4270700,0.0,0.0
2025-08-18 00:00:00-04:00,4.925000190734863,5.0269999504089355,4.809999942779541,4.909999847412109,4010400,0.0,0.0
2025-08-19 00:00:00-04:00,4.849999904632568,4.989999771118164,4.639999866485596,4.659999847412109,4744900,0.0,0.0
2025-08-20 00:00:00-04:00,4.639999866485596,4.96999979019165,4.579999923706055,4.920000076293945,3395700,0.0,0.0
2025-08-21 00:00:00-04:00,4.900000095367432,4.989999771118164,4.820000171661377,4.949999809265137,2610700,0.0,0.0
2025-08-22 00:00:00-04:00,5.110000133514404,5.454999923706055,5.050000190734863,5.349999904632568,6047000,0.0,0.0
2025-08-25 00:00:00-04:00,5.375,5.519999980926514,5.070000171661377,5.159999847412109,4090600,0.0,0.0
2025-08-26 00:00:00-04:00,5.119999885559082,5.195000171661377,5.03000020980835,5.139999866485596,2111500,0.0,0.0
2025-08-27 00:00:00-04:00,5.150000095367432,5.3520002365112305,5.119999885559082,5.170000076293945,2462100,0.0,0.0
2025-08-28 00:00:00-04:00,5.21999979019165,5.400000095367432,5.175000190734863,5.349999904632568,2800700,0.0,0.0
2025-08-29 00:00:00-04:00,5.480000019073486,5.71999979019165,5.164999961853027,5.380000114440918,4681000,0.0,0.0
2025-09-02 00:00:00-04:00,5.440000057220459,6.079999923706055,5.440000057220459,5.650000095367432,8165200,0.0,0.0
2025-09-03 00:00:00-04:00,5.639999866485596,5.900000095367432,5.420000076293945,5.710000038146973,4979100,0.0,0.0
2025-09-04 00:00:00-04:00,5.630000114440918,5.820000171661377,5.230000019073486,5.46999979019165,4952300,0.0,0.0
2025-09-05 00:00:00-04:00,5.539999961853027,5.630000114440918,5.269999980926514,5.610000133514404,3973700,0.0,0.0
2025-09-08 00:00:00-04:00,5.599999904632568,5.769999980926514,5.320000171661377,5.460000038146973,4301600,0.0,0.0
2025-09-09 00:00:00-04:00,5.449999809265137,5.599999904632568,5.170000076293945,5.309999942779541,4935900,0.0,0.0
2025-09-10 00:00:00-04:00,5.315000057220459,5.434999942779541,5.079999923706055,5.239999771118164,4079400,0.0,0.0
2025-09-11 00:00:00-04:00,5.199999809265137,5.585000038146973,5.184999942779541,5.260000228881836,4768400,0.0,0.0
2025-09-12 00:00:00-04:00,5.269999980926514,6.5,5.21999979019165,6.03000020980835,16838100,0.0,0.0
2025-09-15 00:00:00-04:00,1.2599999904632568,1.3700000047683716,1.0,1.0149999856948853,155055000,0.0,0.0
2025-09-16 00:00:00-04:00,1.0800000429153442,1.2000000476837158,1.059999942779541,1.0800000429153442,46375600,0.0,0.0
2025-09-17 00:00:00-04:00,1.0700000524520874,1.0800000429153442,0.968999981880188,1.024999976158142,32060300,0.0,0.0
2025-09-18 00:00:00-04:00,1.0199999809265137,1.0800000429153442,1.0,1.0499999523162842,15912300,0.0,0.0
2025-09-19 00:00:00-04:00,1.0399999618530273,1.0700000524520874,0.9449999928474426,0.9919999837875366,26939000,0.0,0.0
2025-09-22 00:00:00-04:00,0.9599999785423279,1.0499999523162842,0.9589999914169312,1.0499999523162842,21352800,0.0,0.0
2025-09-23 00:00:00-04:00,1.0399999618530273,1.0499999523162842,0.9800000190734863,0.9900000095367432,9457200,0.0,0.0
2025-09-24 00:00:00-04:00,0.9890000224113464,0.9950000047683716,0.9509999752044678,0.9509999752044678,12251500,0.0,0.0
2025-09-25 00:00:00-04:00,0.9340000152587891,0.9599999785423279,0.8700000047683716,0.8930000066757202,14146300,0.0,0.0
2025-09-26 00:00:00-04:00,0.871999979019165,0.8999999761581421,0.8019999861717224,0.8410000205039978,16689700,0.0,0.0
2025-09-29 00:00:00-04:00,0.8209999799728394,0.8370000123977661,0.7699999809265137,0.7950000166893005,13788700,0.0,0.0
2025-09-30 00:00:00-04:00,0.824999988079071,0.8330000042915344,0.699999988079071,0.7210000157356262,23582100,0.0,0.0
2025-10-01 00:00:00-04:00,0.7099999785423279,0.7400000095367432,0.6819999814033508,0.6899999976158142,13556800,0.0,0.0
2025-10-02 00:00:00-04:00,0.6970000267028809,0.7289999723434448,0.6899999976158142,0.7099999785423279,10576500,0.0,0.0
2025-10-03 00:00:00-04:00,0.7080000042915344,0.7900000214576721,0.7080000042915344,0.7749999761581421,10694100,0.0,0.0
2025-10-06 00:00:00-04:00,0.800000011920929,0.8600000143051147,0.7900000214576721,0.824999988079071,10686900,0.0,0.0
2025-10-07 00:00:00-04:00,0.8199999928474426,0.847000002861023,0.800000011920929,0.8360000252723694,5655900,0.0,0.0
2025-10-08 00:00:00-04:00,0.8370000123977661,1.0,0.8100000023841858,1.0,11937700,0.0,0.0
2025-10-09 00:00:00-04:00,0.9900000095367432,1.0199999809265137,0.9269999861717224,0.953000009059906,10278800,0.0,0.0
2025-10-10 00:00:00-04:00,1.0700000524520874,1.1200000047683716,1.0099999904632568,1.059999942779541,21621400,0.0,0.0
2025-10-13 00:00:00-04:00,1.065000057220459,1.0800000429153442,0.949999988079071,0.9660000205039978,9581400,0.0,0.0
2025-10-14 00:00:00-04:00,0.9240000247955322,1.059999942779541,0.8999999761581421,1.0399999618530273,8286700,0.0,0.0
2025-10-15 00:00:00-04:00,1.0399999618530273,1.0800000429153442,1.0,1.0199999809265137,5496300,0.0,0.0
2025-10-16 00:00:00-04:00,0.9950000047683716,1.100000023841858,0.9950000047683716,1.0,9344300,0.0,0.0
2025-10-17 00:00:00-04:00,0.9900000095367432,1.0399999618530273,0.9599999785423279,1.0199999809265137,6396100,0.0,0.0
2025-10-20 00:00:00-04:00,1.0299999713897705,1.0399999618530273,0.9800000190734863,1.0199999809265137,6405300,0.0,0.0
2025-10-21 00:00:00-04:00,1.0099999904632568,1.065000057220459,0.9950000047683716,1.0299999713897705,7040800,0.0,0.0
2025-10-22 00:00:00-04:00,1.0199999809265137,1.0499999523162842,0.953000009059906,0.9660000205039978,7983500,0.0,0.0
2025-10-23 00:00:00-04:00,0.9649999737739563,0.9869999885559082,0.9409999847412109,0.9729999899864197,2753500,0.0,0.0
2025-10-24 00:00:00-04:00,0.9879999756813049,0.9900000095367432,0.9440000057220459,0.9660000205039978,2788200,0.0,0.0
2025-10-27 00:00:00-04:00,0.9700000286102295,1.0099999904632568,0.968999981880188,0.9729999899864197,3411000,0.0,0.0
2025-10-28 00:00:00-04:00,0.9850000143051147,1.0199999809265137,0.9599999785423279,0.9599999785423279,3606300,0.0,0.0
2025-10-29 00:00:00-04:00,0.9599999785423279,1.0,0.9509999752044678,0.968999981880188,4081400,0.0,0.0
2025-10-30 00:00:00-04:00,0.9549999833106995,0.9599999785423279,0.8880000114440918,0.8880000114440918,4298900,0.0,0.0
2025-10-31 00:00:00-04:00,0.8899999856948853,0.9240000247955322,0.8659999966621399,0.8659999966621399,3637300,0.0,0.0
2025-11-03 00:00:00-05:00,0.8759999871253967,0.8820000290870667,0.8230000138282776,0.8809999823570251,3846100,0.0,0.0
2025-11-04 00:00:00-05:00,0.8399999737739563,0.8700000047683716,0.8180000185966492,0.8270000219345093,2682700,0.0,0.0
2025-11-05 00:00:00-05:00,0.8059999942779541,0.8299999833106995,0.7900000214576721,0.8140000104904175,3688500,0.0,0.0
2025-11-06 00:00:00-05:00,0.8100000023841858,0.824999988079071,0.7699999809265137,0.7699999809265137,3460800,0.0,0.0
2025-11-07 00:00:00-05:00,0.75,0.8299999833106995,0.7429999709129333,0.8169999718666077,4505200,0.0,0.0
2025-11-10 00:00:00-05:00,0.8100000023841858,0.8349999785423279,0.7720000147819519,0.7900000214576721,3861600,0.0,0.0
2025-11-11 00:00:00-05:00,0.7839999794960022,0.800000011920929,0.7699999809265137,0.7870000004768372,2799800,0.0,0.0
2025-11-12 00:00:00-05:00,0.7699999809265137,0.8100000023841858,0.7229999899864197,0.7229999899864197,5416000,0.0,0.0
2025-11-13 00:00:00-05:00,0.7289999723434448,0.7440000176429749,0.699999988079071,0.7129999995231628,5875900,0.0,0.0
2025-11-14 00:00:00-05:00,0.6909999847412109,0.753000020980835,0.6880000233650208,0.753000020980835,3498900,0.0,0.0
2025-11-17 00:00:00-05:00,0.7429999709129333,0.7699999809265137,0.6759999990463257,0.6800000071525574,4286300,0.0,0.0
2025-11-18 00:00:00-05:00,0.6830000281333923,0.718999981880188,0.6809999942779541,0.7009999752044678,4273700,0.0,0.0
2025-11-19 00:00:00-05:00,0.699999988079071,0.7200000286102295,0.6660000085830688,0.675000011920929,4583900,0.0,0.0
2025-11-20 00:00:00-05:00,0.6899999976158142,0.7200000286102295,0.6510000228881836,0.6510000228881836,4354500,0.0,0.0
2025-11-21 00:00:00-05:00,0.6430000066757202,0.6899999976158142,0.6399999856948853,0.6650000214576721,2839900,0.0,0.0
2025-11-24 00:00:00-05:00,0.6600000262260437,0.7789999842643738,0.6539999842643738,0.777999997138977,4015100,0.0,0.0
2025-11-25 00:00:00-05:00,0.7599999904632568,0.7889999747276306,0.7400000095367432,0.7670000195503235,2100900,0.0,0.0
2025-11-26 00:00:00-05:00,0.7739999890327454,0.7979999780654907,0.7409999966621399,0.7649999856948853,1777200,0.0,0.0
2025-11-28 00:00:00-05:00,0.7710000276565552,0.796999990940094,0.7580000162124634,0.781000018119812,977600,0.0,0.0
2025-12-01 00:00:00-05:00,0.7699999809265137,0.8080000281333923,0.7409999966621399,0.7409999966621399,2464300,0.0,0.0
2025-12-02 00:00:00-05:00,0.7400000095367432,0.746999979019165,0.7049999833106995,0.7049999833106995,2213200,0.0,0.0
2025-12-03 00:00:00-05:00,0.7049999833106995,0.7749999761581421,0.699999988079071,0.7710000276565552,2324100,0.0,0.0
2025-12-04 00:00:00-05:00,0.7699999809265137,0.8600000143051147,0.7519999742507935,0.828000009059906,3228300,0.0,0.0
2025-12-05 00:00:00-05:00,0.8289999961853027,0.8500000238418579,0.8100000023841858,0.8240000009536743,1484100,0.0,0.0
2025-12-08 00:00:00-05:00,0.800000011920929,0.8349999785423279,0.800000011920929,0.8119999766349792,1435200,0.0,0.0
2025-12-09 00:00:00-05:00,0.800000011920929,0.8289999961853027,0.800000011920929,0.8080000281333923,1081400,0.0,0.0
2025-12-10 00:00:00-05:00,0.8100000023841858,0.8299999833106995,0.7820000052452087,0.8159999847412109,2674700,0.0,0.0
2025-12-11 00:00:00-05:00,0.8100000023841858,0.8240000009536743,0.7609999775886536,0.7649999856948853,1588300,0.0,0.0
2025-12-12 00:00:00-05:00,0.7580000162124634,0.7950000166893005,0.7580000162124634,0.7760000228881836,1558500,0.0,0.0
2025-12-15 00:00:00-05:00,0.7630000114440918,0.7879999876022339,0.7260000109672546,0.7329999804496765,1730800,0.0,0.0
2025-12-16 00:00:00-05:00,0.7160000205039978,0.7540000081062317,0.7160000205039978,0.7329999804496765,2355300,0.0,0.0
2025-12-17 00:00:00-05:00,0.7329999804496765,0.7509999871253967,0.703000009059906,0.7099999785423279,1259700,0.0,0.0
2025-12-18 00:00:00-05:00,0.7099999785423279,0.7480000257492065,0.699999988079071,0.703000009059906,1673000,0.0,0.0
2025-12-19 00:00:00-05:00,0.699999988079071,0.75,0.6909999847412109,0.75,5868300,0.0,0.0
2025-12-22 00:00:00-05:00,0.7179999947547913,0.7480000257492065,0.7049999833106995,0.7260000109672546,1667700,0.0,0.0
2025-12-23 00:00:00-05:00,0.7149999737739563,0.7630000114440918,0.7099999785423279,0.7200000286102295,2073600,0.0,0.0
2025-12-24 00:00:00-05:00,0.7099999785423279,0.7400000095367432,0.7099999785423279,0.7379999756813049,626500,0.0,0.0
2025-12-26 00:00:00-05:00,0.7269999980926514,0.7450000047683716,0.7049999833106995,0.7429999709129333,1712800,0.0,0.0
2025-12-29 00:00:00-05:00,0.7200000286102295,0.7490000128746033,0.7099999785423279,0.7490000128746033,2577200,0.0,0.0
2025-12-30 00:00:00-05:00,0.7200000286102295,0.7450000047683716,0.7149999737739563,0.7450000047683716,1471400,0.0,0.0
2025-12-31 00:00:00-05:00,0.7229999899864197,0.8500000238418579,0.7200000286102295,0.7829999923706055,3675200,0.0,0.0
2026-01-02 00:00:00-05:00,0.7829999923706055,0.800000011920929,0.7400000095367432,0.7590000033378601,1157700,0.0,0.0
2026-01-05 00:00:00-05:00,0.75,0.777999997138977,0.7409999966621399,0.7459999918937683,1545500,0.0,0.0
2026-01-06 00:00:00-05:00,0.734000027179718,0.7599999904632568,0.7110000252723694,0.7239999771118164,2249100,0.0,0.0
2026-01-07 00:00:00-05:00,0.722000002861023,0.7620000243186951,0.722000002861023,0.746999979019165,1255700,0.0,0.0
2026-01-08 00:00:00-05:00,0.7300000190734863,0.7450000047683716,0.7170000076293945,0.7250000238418579,1348800,0.0,0.0
2026-01-09 00:00:00-05:00,0.7210000157356262,0.7400000095367432,0.7099999785423279,0.7129999995231628,1857100,0.0,0.0
2026-01-12 00:00:00-05:00,0.7089999914169312,0.7200000286102295,0.656000018119812,0.6830000281333923,2437300,0.0,0.0
2026-01-13 00:00:00-05:00,0.6800000071525574,0.7099999785423279,0.6629999876022339,0.7059999704360962,1471900,0.0,0.0
2026-01-14 00:00:00-05:00,0.699999988079071,0.7269999980926514,0.6909999847412109,0.7179999947547913,1033000,0.0,0.0
2026-01-15 00:00:00-05:00,0.699999988079071,0.7429999709129333,0.6940000057220459,0.7070000171661377,827600,0.0,0.0
2026-01-16 00:00:00-05:00,0.6970000267028809,0.7390000224113464,0.6970000267028809,0.7089999914169312,1252300,0.0,0.0
2026-01-20 00:00:00-05:00,0.6899999976158142,0.7300000190734863,0.6899999976158142,0.7070000171661377,858700,0.0,0.0
2026-01-21 00:00:00-05:00,0.7020000219345093,0.718999981880188,0.6909999847412109,0.7089999914169312,828700,0.0,0.0
2026-01-22 00:00:00-05:00,0.7099999785423279,0.7590000033378601,0.7009999752044678,0.7459999918937683,1179600,0.0,0.0
2026-01-23 00:00:00-05:00,0.7300000190734863,0.7440000176429749,0.7149999737739563,0.7229999899864197,740300,0.0,0.0
2026-01-26 00:00:00-05:00,0.7099999785423279,0.734000027179718,0.699999988079071,0.7009999752044678,1160600,0.0,0.0
2026-01-27 00:00:00-05:00,0.7020000219345093,0.7200000286102295,0.6899999976158142,0.7070000171661377,859900,0.0,0.0
2026-01-28 00:00:00-05:00,0.7009999752044678,0.7099999785423279,0.6700000166893005,0.6740000247955322,886500,0.0,0.0
2026-01-29 00:00:00-05:00,0.75,0.8949999809265137,0.7400000095367432,0.8510000109672546,15728800,0.0,0.0
2026-01-30 00:00:00-05:00,0.8450000286102295,0.8870000243186951,0.8199999928474426,0.8830000162124634,3124900,0.0,0.0
2026-02-02 00:00:00-05:00,0.8799999952316284,1.0199999809265137,0.8700000047683716,0.9700000286102295,7287700,0.0,0.0
2026-02-03 00:00:00-05:00,0.9739999771118164,1.0399999618530273,0.8700000047683716,0.9599999785423279,3573100,0.0,0.0
2026-02-04 00:00:00-05:00,0.9610000252723694,1.0299999713897705,0.8700000047683716,0.8809999823570251,2026500,0.0,0.0
2026-02-05 00:00:00-05:00,0.8600000143051147,0.8999999761581421,0.8100000023841858,0.8109999895095825,2016700,0.0,0.0
2026-02-06 00:00:00-05:00,0.8289999961853027,0.921999990940094,0.8159999847412109,0.8989999890327454,1629500,0.0,0.0
2026-02-09 00:00:00-05:00,0.9240000247955322,0.9240000247955322,0.8360000252723694,0.8999999761581421,1351000,0.0,0.0
2026-02-10 00:00:00-05:00,0.8840000033378601,0.9350000023841858,0.8650000095367432,0.8799999952316284,1316500,0.0,0.0
2026-02-11 00:00:00-05:00,0.8880000114440918,0.9269999861717224,0.8199999928474426,0.9269999861717224,1968700,0.0,0.0
2026-02-12 00:00:00-05:00,0.9100000262260437,0.9179999828338623,0.8519999980926514,0.890999972820282,1169200,0.0,0.0
2026-02-13 00:00:00-05:00,0.8899999856948853,0.9470000267028809,0.8700000047683716,0.8939999938011169,1369200,0.0,0.0
2026-02-17 00:00:00-05:00,0.8849999904632568,1.0,0.8740000128746033,0.9829999804496765,2611500,0.0,0.0
2026-02-18 00:00:00-05:00,0.9710000157356262,1.0199999809265137,0.9599999785423279,0.9940000176429749,1970200,0.0,0.0
2026-02-19 00:00:00-05:00,0.9700000286102295,1.1100000143051147,0.9639999866485596,1.0499999523162842,3005500,0.0,0.0
2026-02-20 00:00:00-05:00,1.0499999523162842,1.0750000476837158,0.9980000257492065,1.0399999618530273,1527500,0.0,0.0
2026-02-23 00:00:00-05:00,1.0499999523162842,1.100000023841858,0.9900000095367432,1.0099999904632568,2260000,0.0,0.0
2026-02-24 00:00:00-05:00,0.9980000257492065,1.034999966621399,0.9599999785423279,0.9890000224113464,1333900,0.0,0.0
2026-02-25 00:00:00-05:00,0.9800000190734863,1.0449999570846558,0.9800000190734863,1.0199999809265137,1208400,0.0,0.0
2026-02-26 00:00:00-05:00,1.0299999713897705,1.0299999713897705,0.9649999737739563,0.9900000095367432,1408500,0.0,0.0
2026-02-27 00:00:00-05:00,0.9900000095367432,1.0099999904632568,0.9409999847412109,0.9599999785423279,933500,0.0,0.0
2026-03-02 00:00:00-05:00,0.9300000071525574,0.9900000095367432,0.925000011920929,0.9900000095367432,1280200,0.0,0.0
2026-03-03 00:00:00-05:00,0.949999988079071,0.9700000286102295,0.8550000190734863,0.9599999785423279,1249700,0.0,0.0
2026-03-04 00:00:00-05:00,0.9599999785423279,0.9959999918937683,0.9200000166893005,0.9649999737739563,1040700,0.0,0.0
2026-03-05 00:00:00-05:00,0.9449999928474426,0.9639999866485596,0.8899999856948853,0.9020000100135803,1298200,0.0,0.0
2026-03-06 00:00:00-05:00,0.875,0.8880000114440918,0.8199999928474426,0.8240000009536743,1754800,0.0,0.0
2026-03-09 00:00:00-04:00,0.8199999928474426,0.9039999842643738,0.8199999928474426,0.8999999761581421,1556200,0.0,0.0
2026-03-10 00:00:00-04:00,0.9039999842643738,0.9700000286102295,0.8999999761581421,0.9359999895095825,1124900,0.0,0.0
2026-03-11 00:00:00-04:00,0.9169999957084656,0.9350000023841858,0.8999999761581421,0.921999990940094,562900,0.0,0.0
2026-03-12 00:00:00-04:00,0.8999999761581421,0.9100000262260437,0.8500000238418579,0.8679999709129333,1173700,0.0,0.0
2026-03-13 00:00:00-04:00,0.8799999952316284,0.8989999890327454,0.824999988079071,0.8500000238418579,791100,0.0,0.0
2026-03-16 00:00:00-04:00,0.8500000238418579,0.8999999761581421,0.8410000205039978,0.8949999809265137,963600,0.0,0.0
2026-03-17 00:00:00-04:00,0.8999999761581421,0.9100000262260437,0.8700000047683716,0.8820000290870667,652500,0.0,0.0
2026-03-18 00:00:00-04:00,0.8799999952316284,0.8939999938011169,0.8140000104904175,0.8149999976158142,801000,0.0,0.0
2026-03-19 00:00:00-04:00,0.8169999718666077,0.8450000286102295,0.7900000214576721,0.828000009059906,1055400,0.0,0.0
2026-03-20 00:00:00-04:00,0.824999988079071,0.8460000157356262,0.8009999990463257,0.8080000281333923,876600,0.0,0.0
2026-03-23 00:00:00-04:00,0.8270000219345093,0.8460000157356262,0.800000011920929,0.8270000219345093,896800,0.0,0.0
2026-03-24 00:00:00-04:00,0.8199999928474426,0.824999988079071,0.7799999713897705,0.7900000214576721,767900,0.0,0.0
2026-03-25 00:00:00-04:00,0.7960000038146973,0.8399999737739563,0.7710000276565552,0.7990000247955322,1475500,0.0,0.0
2026-03-26 00:00:00-04:00,0.7799999713897705,0.8109999895095825,0.7799999713897705,0.7929999828338623,789600,0.0,0.0
2026-03-27 00:00:00-04:00,0.7760000228881836,0.7929999828338623,0.75,0.7519999742507935,1300600,0.0,0.0
2026-03-30 00:00:00-04:00,0.75,0.7549999952316284,0.7200000286102295,0.7310000061988831,1476300,0.0,0.0
2026-03-31 00:00:00-04:00,0.7390000224113464,0.7799999713897705,0.7390000224113464,0.7799999713897705,1034800,0.0,0.0
2026-04-01 00:00:00-04:00,0.800000011920929,0.8650000095367432,0.7900000214576721,0.8510000109672546,1801800,0.0,0.0
2026-04-02 00:00:00-04:00,0.8389999866485596,0.8700000047683716,0.8119999766349792,0.847000002861023,703900,0.0,0.0
2026-04-06 00:00:00-04:00,0.8399999737739563,0.8659999966621399,0.8199999928474426,0.8240000009536743,728800,0.0,0.0
2026-04-07 00:00:00-04:00,0.8090000152587891,0.8199999928474426,0.7630000114440918,0.7950000166893005,919600,0.0,0.0
2026-04-08 00:00:00-04:00,0.8299999833106995,0.8349999785423279,0.7919999957084656,0.800000011920929,686100,0.0,0.0
2026-04-09 00:00:00-04:00,0.7860000133514404,0.800000011920929,0.75,0.75,1198100,0.0,0.0
2026-04-10 00:00:00-04:00,0.7699999809265137,0.8479999899864197,0.7519999742507935,0.8320000171661377,980600,0.0,0.0
2026-04-13 00:00:00-04:00,0.8299999833106995,0.8500000238418579,0.800000011920929,0.8100000023841858,793200,0.0,0.0
2026-04-14 00:00:00-04:00,0.8199999928474426,0.875,0.8199999928474426,0.8410000205039978,653600,0.0,0.0
2026-04-15 00:00:00-04:00,0.8500000238418579,0.871999979019165,0.8299999833106995,0.8429999947547913,1058500,0.0,0.0
2026-04-16 00:00:00-04:00,0.859000027179718,0.8700000047683716,0.824999988079071,0.8309999704360962,613400,0.0,0.0
2026-04-17 00:00:00-04:00,0.8500000238418579,0.8700000047683716,0.8320000171661377,0.8529999852180481,700900,0.0,0.0
2026-04-20 00:00:00-04:00,0.8560000061988831,0.8700000047683716,0.8420000076293945,0.8529999852180481,850400,0.0,0.0
2026-04-21 00:00:00-04:00,0.8410000205039978,0.8579999804496765,0.8180000185966492,0.8240000009536743,584500,0.0,0.0
2026-04-22 00:00:00-04:00,0.8349999785423279,0.8650000095367432,0.8299999833106995,0.843999981880188,751300,0.0,0.0
2026-04-23 00:00:00-04:00,0.847000002861023,0.847000002861023,0.7850000262260437,0.7919999957084656,836700,0.0,0.0
2026-04-24 00:00:00-04:00,0.7829999923706055,0.8159999847412109,0.7799999713897705,0.7850000262260437,910200,0.0,0.0
2026-04-27 00:00:00-04:00,0.7900000214576721,0.8360000252723694,0.7720000147819519,0.7910000085830688,1155400,0.0,0.0
2026-04-28 00:00:00-04:00,0.7870000004768372,0.8130000233650208,0.7799999713897705,0.7940000295639038,585700,0.0,0.0
2026-04-29 00:00:00-04:00,0.800000011920929,0.8019999861717224,0.7519999742507935,0.7649999856948853,1005000,0.0,0.0
2026-04-30 00:00:00-04:00,0.7599999904632568,0.8130000233650208,0.7599999904632568,0.8069999814033508,752300,0.0,0.0
2026-05-01 00:00:00-04:00,0.8137999773025513,0.875,0.8109999895095825,0.8335000276565552,1515153,0.0,0.0
