Date,Open,High,Low,Close,Volume,Dividends,Stock Splits
2022-01-03 00:00:00-05:00,83.5999984741211,84.80000305175781,80.80000305175781,83.19999694824219,8055,0.0,0.0
2022-01-04 00:00:00-05:00,86.4000015258789,86.80000305175781,83.5999984741211,85.5999984741211,6303,0.0,0.0
2022-01-05 00:00:00-05:00,85.5999984741211,86.0,82.80000305175781,84.0,3483,0.0,0.0
2022-01-06 00:00:00-05:00,82.80000305175781,84.80000305175781,80.4000015258789,83.5999984741211,4593,0.0,0.0
2022-01-07 00:00:00-05:00,81.5999984741211,84.4000015258789,81.5999984741211,82.0,4750,0.0,0.0
2022-01-10 00:00:00-05:00,80.0,82.0,80.0,81.5999984741211,5743,0.0,0.0
2022-01-11 00:00:00-05:00,81.5999984741211,82.80000305175781,80.0,81.19999694824219,5293,0.0,0.0
2022-01-12 00:00:00-05:00,81.19999694824219,81.5999984741211,78.4000015258789,80.0,4860,0.0,0.0
2022-01-13 00:00:00-05:00,80.4000015258789,81.19999694824219,78.4000015258789,78.4000015258789,6215,0.0,0.0
2022-01-14 00:00:00-05:00,78.80000305175781,80.4000015258789,77.19999694824219,80.4000015258789,4793,0.0,0.0
2022-01-18 00:00:00-05:00,84.80000305175781,87.5999984741211,80.0,87.19999694824219,15808,0.0,0.0
2022-01-19 00:00:00-05:00,86.4000015258789,86.4000015258789,78.4000015258789,80.4000015258789,19933,0.0,0.0
2022-01-20 00:00:00-05:00,81.19999694824219,82.80000305175781,75.5999984741211,75.5999984741211,16488,0.0,0.0
2022-01-21 00:00:00-05:00,78.0,78.0,71.19999694824219,73.19999694824219,10738,0.0,0.0
2022-01-24 00:00:00-05:00,71.5999984741211,74.0,68.0,72.80000305175781,17145,0.0,0.0
2022-01-25 00:00:00-05:00,70.80000305175781,73.5999984741211,70.80000305175781,72.80000305175781,5975,0.0,0.0
2022-01-26 00:00:00-05:00,73.5999984741211,75.19999694824219,72.0,72.4000015258789,7843,0.0,0.0
2022-01-27 00:00:00-05:00,72.80000305175781,73.19999694824219,66.80000305175781,67.19999694824219,6948,0.0,0.0
2022-01-28 00:00:00-05:00,66.80000305175781,70.4000015258789,66.80000305175781,69.19999694824219,3788,0.0,0.0
2022-01-31 00:00:00-05:00,70.80000305175781,74.80000305175781,69.19999694824219,72.80000305175781,11915,0.0,0.0
2022-02-01 00:00:00-05:00,72.80000305175781,78.4000015258789,72.4000015258789,76.0,8530,0.0,0.0
2022-02-02 00:00:00-05:00,76.80000305175781,76.80000305175781,70.80000305175781,72.0,2613,0.0,0.0
2022-02-03 00:00:00-05:00,70.4000015258789,71.19999694824219,68.4000015258789,69.19999694824219,3375,0.0,0.0
2022-02-04 00:00:00-05:00,69.5999984741211,70.80000305175781,67.5999984741211,70.4000015258789,3895,0.0,0.0
2022-02-07 00:00:00-05:00,71.19999694824219,72.0,70.0,71.5999984741211,3543,0.0,0.0
2022-02-08 00:00:00-05:00,72.0,72.4000015258789,70.0,71.5999984741211,1788,0.0,0.0
2022-02-09 00:00:00-05:00,73.5999984741211,73.5999984741211,68.0,72.0,6650,0.0,0.0
2022-02-10 00:00:00-05:00,72.4000015258789,73.19999694824219,70.4000015258789,71.5999984741211,3273,0.0,0.0
2022-02-11 00:00:00-05:00,71.5999984741211,72.80000305175781,68.0,68.4000015258789,4418,0.0,0.0
2022-02-14 00:00:00-05:00,67.5999984741211,69.5999984741211,66.80000305175781,69.5999984741211,5403,0.0,0.0
2022-02-15 00:00:00-05:00,69.5999984741211,71.5999984741211,68.80000305175781,70.4000015258789,5808,0.0,0.0
2022-02-16 00:00:00-05:00,71.19999694824219,73.5999984741211,70.0,73.19999694824219,2808,0.0,0.0
2022-02-17 00:00:00-05:00,72.0,72.80000305175781,68.80000305175781,68.80000305175781,6338,0.0,0.0
2022-02-18 00:00:00-05:00,68.80000305175781,70.0,68.0,68.80000305175781,3323,0.0,0.0
2022-02-22 00:00:00-05:00,67.19999694824219,69.5999984741211,63.599998474121094,63.599998474121094,9038,0.0,0.0
2022-02-23 00:00:00-05:00,64.4000015258789,65.5999984741211,59.20000076293945,59.20000076293945,6313,0.0,0.0
2022-02-24 00:00:00-05:00,53.599998474121094,64.80000305175781,53.599998474121094,64.0,12133,0.0,0.0
2022-02-25 00:00:00-05:00,64.4000015258789,66.4000015258789,62.0,64.0,3020,0.0,0.0
2022-02-28 00:00:00-05:00,62.400001525878906,64.4000015258789,60.400001525878906,60.79999923706055,3858,0.0,0.0
2022-03-01 00:00:00-05:00,60.400001525878906,63.599998474121094,60.400001525878906,62.0,3695,0.0,0.0
2022-03-02 00:00:00-05:00,62.400001525878906,63.599998474121094,59.599998474121094,62.79999923706055,2760,0.0,0.0
2022-03-03 00:00:00-05:00,64.80000305175781,66.80000305175781,61.20000076293945,62.79999923706055,13033,0.0,0.0
2022-03-04 00:00:00-05:00,63.20000076293945,64.0,60.400001525878906,62.0,4705,0.0,0.0
2022-03-07 00:00:00-05:00,60.0,62.400001525878906,58.79999923706055,58.79999923706055,6910,0.0,0.0
2022-03-08 00:00:00-05:00,59.599998474121094,62.400001525878906,56.400001525878906,58.400001525878906,6025,0.0,0.0
2022-03-09 00:00:00-05:00,60.0,62.79999923706055,59.20000076293945,60.79999923706055,4998,0.0,0.0
2022-03-10 00:00:00-05:00,60.0,64.0,59.599998474121094,61.20000076293945,3035,0.0,0.0
2022-03-11 00:00:00-05:00,61.599998474121094,64.0,60.79999923706055,63.20000076293945,2370,0.0,0.0
2022-03-14 00:00:00-04:00,64.0,64.0,58.400001525878906,60.0,4530,0.0,0.0
2022-03-15 00:00:00-04:00,60.0,63.599998474121094,59.20000076293945,61.20000076293945,4510,0.0,0.0
2022-03-16 00:00:00-04:00,60.79999923706055,62.79999923706055,56.400001525878906,59.20000076293945,6568,0.0,0.0
2022-03-17 00:00:00-04:00,59.599998474121094,62.400001525878906,57.599998474121094,62.0,6145,0.0,0.0
2022-03-18 00:00:00-04:00,59.599998474121094,62.79999923706055,59.599998474121094,61.20000076293945,3300,0.0,0.0
2022-03-21 00:00:00-04:00,62.0,62.0,60.0,61.20000076293945,7550,0.0,0.0
2022-03-22 00:00:00-04:00,60.0,62.79999923706055,60.0,60.79999923706055,3533,0.0,0.0
2022-03-23 00:00:00-04:00,60.79999923706055,63.20000076293945,60.0,63.20000076293945,3598,0.0,0.0
2022-03-24 00:00:00-04:00,63.599998474121094,67.19999694824219,62.400001525878906,66.4000015258789,3173,0.0,0.0
2022-03-25 00:00:00-04:00,66.80000305175781,70.4000015258789,66.4000015258789,70.4000015258789,4798,0.0,0.0
2022-03-28 00:00:00-04:00,70.0,70.0,66.0,67.19999694824219,4048,0.0,0.0
2022-03-29 00:00:00-04:00,67.5999984741211,70.0,66.80000305175781,69.5999984741211,1560,0.0,0.0
2022-03-30 00:00:00-04:00,69.19999694824219,72.0,66.4000015258789,66.4000015258789,4788,0.0,0.0
2022-03-31 00:00:00-04:00,66.4000015258789,70.4000015258789,66.4000015258789,68.4000015258789,4233,0.0,0.0
2022-04-01 00:00:00-04:00,67.5999984741211,73.19999694824219,67.5999984741211,72.80000305175781,8883,0.0,0.0
2022-04-04 00:00:00-04:00,72.4000015258789,73.19999694824219,70.80000305175781,71.5999984741211,3905,0.0,0.0
2022-04-05 00:00:00-04:00,70.80000305175781,71.19999694824219,68.80000305175781,68.80000305175781,2838,0.0,0.0
2022-04-06 00:00:00-04:00,70.4000015258789,70.4000015258789,65.19999694824219,66.4000015258789,4233,0.0,0.0
2022-04-07 00:00:00-04:00,66.80000305175781,67.19999694824219,66.0,67.19999694824219,2443,0.0,0.0
2022-04-08 00:00:00-04:00,68.0,68.80000305175781,65.19999694824219,65.5999984741211,4503,0.0,0.0
2022-04-11 00:00:00-04:00,66.0,66.0,63.20000076293945,63.20000076293945,2893,0.0,0.0
2022-04-12 00:00:00-04:00,64.4000015258789,64.4000015258789,60.400001525878906,61.20000076293945,4403,0.0,0.0
2022-04-13 00:00:00-04:00,60.79999923706055,63.20000076293945,60.79999923706055,62.0,2793,0.0,0.0
2022-04-14 00:00:00-04:00,62.400001525878906,62.400001525878906,60.79999923706055,61.599998474121094,2345,0.0,0.0
2022-04-18 00:00:00-04:00,61.599998474121094,61.599998474121094,58.400001525878906,59.20000076293945,4743,0.0,0.0
2022-04-19 00:00:00-04:00,59.20000076293945,61.599998474121094,59.20000076293945,60.0,3235,0.0,0.0
2022-04-20 00:00:00-04:00,60.0,61.20000076293945,58.79999923706055,61.20000076293945,2073,0.0,0.0
2022-04-21 00:00:00-04:00,60.400001525878906,60.79999923706055,58.0,58.0,4778,0.0,0.0
2022-04-22 00:00:00-04:00,58.400001525878906,59.599998474121094,55.20000076293945,57.20000076293945,7425,0.0,0.0
2022-04-25 00:00:00-04:00,56.400001525878906,57.599998474121094,55.599998474121094,56.400001525878906,3178,0.0,0.0
2022-04-26 00:00:00-04:00,55.599998474121094,57.599998474121094,55.599998474121094,56.0,4703,0.0,0.0
2022-04-27 00:00:00-04:00,55.599998474121094,56.400001525878906,52.79999923706055,54.400001525878906,4858,0.0,0.0
2022-04-28 00:00:00-04:00,54.79999923706055,56.0,50.400001525878906,50.400001525878906,7818,0.0,0.0
2022-04-29 00:00:00-04:00,50.400001525878906,53.20000076293945,48.0,48.79999923706055,12970,0.0,0.0
2022-05-02 00:00:00-04:00,49.20000076293945,52.400001525878906,49.20000076293945,52.0,5600,0.0,0.0
2022-05-03 00:00:00-04:00,51.599998474121094,53.20000076293945,51.599998474121094,52.0,2068,0.0,0.0
2022-05-04 00:00:00-04:00,52.400001525878906,52.400001525878906,48.79999923706055,52.0,6338,0.0,0.0
2022-05-05 00:00:00-04:00,52.0,53.20000076293945,49.599998474121094,50.79999923706055,4890,0.0,0.0
2022-05-06 00:00:00-04:00,50.0,51.20000076293945,48.400001525878906,50.79999923706055,5375,0.0,0.0
2022-05-09 00:00:00-04:00,50.400001525878906,50.400001525878906,46.0,46.400001525878906,8883,0.0,0.0
2022-05-10 00:00:00-04:00,45.599998474121094,48.79999923706055,45.599998474121094,48.400001525878906,6895,0.0,0.0
2022-05-11 00:00:00-04:00,48.0,50.400001525878906,42.0,42.400001525878906,10215,0.0,0.0
2022-05-12 00:00:00-04:00,42.0,44.400001525878906,40.400001525878906,43.20000076293945,18528,0.0,0.0
2022-05-13 00:00:00-04:00,43.20000076293945,49.599998474121094,43.20000076293945,48.0,7843,0.0,0.0
2022-05-16 00:00:00-04:00,46.79999923706055,47.20000076293945,46.0,46.400001525878906,2668,0.0,0.0
2022-05-17 00:00:00-04:00,47.20000076293945,53.599998474121094,46.0,52.79999923706055,6933,0.0,0.0
2022-05-18 00:00:00-04:00,51.599998474121094,55.20000076293945,50.0,50.79999923706055,6145,0.0,0.0
2022-05-19 00:00:00-04:00,50.400001525878906,52.400001525878906,50.0,52.0,2378,0.0,0.0
2022-05-20 00:00:00-04:00,52.400001525878906,52.400001525878906,50.0,50.79999923706055,2965,0.0,0.0
2022-05-23 00:00:00-04:00,50.400001525878906,52.79999923706055,50.0,50.79999923706055,1975,0.0,0.0
2022-05-24 00:00:00-04:00,50.400001525878906,50.400001525878906,46.400001525878906,49.599998474121094,2820,0.0,0.0
2022-05-25 00:00:00-04:00,49.599998474121094,50.0,47.599998474121094,49.599998474121094,3790,0.0,0.0
2022-05-26 00:00:00-04:00,50.400001525878906,58.0,48.79999923706055,58.0,5563,0.0,0.0
2022-05-27 00:00:00-04:00,58.79999923706055,65.19999694824219,56.400001525878906,63.20000076293945,8438,0.0,0.0
2022-05-31 00:00:00-04:00,62.79999923706055,63.20000076293945,58.400001525878906,62.400001525878906,4590,0.0,0.0
2022-06-01 00:00:00-04:00,61.599998474121094,63.20000076293945,60.0,60.79999923706055,1620,0.0,0.0
2022-06-02 00:00:00-04:00,59.599998474121094,60.79999923706055,58.0,58.400001525878906,1828,0.0,0.0
2022-06-03 00:00:00-04:00,60.400001525878906,60.79999923706055,58.400001525878906,58.400001525878906,2228,0.0,0.0
2022-06-06 00:00:00-04:00,58.400001525878906,61.599998474121094,57.20000076293945,58.0,1933,0.0,0.0
2022-06-07 00:00:00-04:00,58.0,60.79999923706055,58.0,60.400001525878906,910,0.0,0.0
2022-06-08 00:00:00-04:00,60.400001525878906,62.79999923706055,58.79999923706055,59.599998474121094,1540,0.0,0.0
2022-06-09 00:00:00-04:00,59.20000076293945,60.400001525878906,58.0,58.400001525878906,1485,0.0,0.0
2022-06-10 00:00:00-04:00,56.0,57.599998474121094,55.599998474121094,56.400001525878906,2055,0.0,0.0
2022-06-13 00:00:00-04:00,54.400001525878906,54.79999923706055,51.20000076293945,52.0,2395,0.0,0.0
2022-06-14 00:00:00-04:00,50.79999923706055,54.400001525878906,50.79999923706055,53.20000076293945,1495,0.0,0.0
2022-06-15 00:00:00-04:00,52.400001525878906,55.20000076293945,52.400001525878906,54.0,1763,0.0,0.0
2022-06-16 00:00:00-04:00,54.400001525878906,54.79999923706055,50.400001525878906,51.599998474121094,3548,0.0,0.0
2022-06-17 00:00:00-04:00,54.400001525878906,55.20000076293945,51.599998474121094,52.0,1730,0.0,0.0
2022-06-21 00:00:00-04:00,52.0,56.79999923706055,52.0,54.400001525878906,2103,0.0,0.0
2022-06-22 00:00:00-04:00,54.400001525878906,55.599998474121094,52.79999923706055,52.79999923706055,3135,0.0,0.0
2022-06-23 00:00:00-04:00,57.20000076293945,57.20000076293945,53.20000076293945,53.599998474121094,2948,0.0,0.0
2022-06-24 00:00:00-04:00,56.0,56.79999923706055,53.599998474121094,54.0,2300,0.0,0.0
2022-06-27 00:00:00-04:00,53.599998474121094,54.0,51.599998474121094,52.400001525878906,4290,0.0,0.0
2022-06-28 00:00:00-04:00,54.79999923706055,54.79999923706055,50.79999923706055,52.0,3688,0.0,0.0
2022-06-29 00:00:00-04:00,50.0,50.79999923706055,48.0,49.20000076293945,4415,0.0,0.0
2022-06-30 00:00:00-04:00,50.0,51.20000076293945,48.79999923706055,51.20000076293945,1270,0.0,0.0
2022-07-01 00:00:00-04:00,51.20000076293945,52.79999923706055,50.400001525878906,52.0,1693,0.0,0.0
2022-07-05 00:00:00-04:00,48.79999923706055,52.79999923706055,48.0,52.0,5225,0.0,0.0
2022-07-06 00:00:00-04:00,50.0,54.400001525878906,49.20000076293945,52.0,2573,0.0,0.0
2022-07-07 00:00:00-04:00,52.79999923706055,56.79999923706055,52.0,53.599998474121094,2953,0.0,0.0
2022-07-08 00:00:00-04:00,54.79999923706055,58.79999923706055,54.79999923706055,58.79999923706055,2830,0.0,0.0
2022-07-11 00:00:00-04:00,58.79999923706055,58.79999923706055,54.79999923706055,56.79999923706055,1785,0.0,0.0
2022-07-12 00:00:00-04:00,56.79999923706055,57.20000076293945,54.79999923706055,55.20000076293945,1080,0.0,0.0
2022-07-13 00:00:00-04:00,54.400001525878906,56.79999923706055,54.400001525878906,56.0,1365,0.0,0.0
2022-07-14 00:00:00-04:00,54.79999923706055,56.0,52.79999923706055,53.599998474121094,1843,0.0,0.0
2022-07-15 00:00:00-04:00,53.20000076293945,54.79999923706055,52.400001525878906,53.599998474121094,1990,0.0,0.0
2022-07-18 00:00:00-04:00,54.0,54.79999923706055,53.20000076293945,53.20000076293945,740,0.0,0.0
2022-07-19 00:00:00-04:00,55.599998474121094,55.599998474121094,53.599998474121094,54.400001525878906,1015,0.0,0.0
2022-07-20 00:00:00-04:00,54.79999923706055,56.0,52.79999923706055,54.79999923706055,1130,0.0,0.0
2022-07-21 00:00:00-04:00,54.0,55.20000076293945,51.20000076293945,51.599998474121094,3115,0.0,0.0
2022-07-22 00:00:00-04:00,52.400001525878906,53.599998474121094,52.0,52.400001525878906,1473,0.0,0.0
2022-07-25 00:00:00-04:00,54.400001525878906,54.400001525878906,53.20000076293945,54.0,1355,0.0,0.0
2022-07-26 00:00:00-04:00,52.79999923706055,52.79999923706055,51.20000076293945,51.599998474121094,1768,0.0,0.0
2022-07-27 00:00:00-04:00,52.0,53.599998474121094,51.20000076293945,52.79999923706055,758,0.0,0.0
2022-07-28 00:00:00-04:00,53.599998474121094,54.0,51.20000076293945,51.599998474121094,2060,0.0,0.0
2022-07-29 00:00:00-04:00,52.0,52.79999923706055,51.20000076293945,52.79999923706055,2495,0.0,0.0
2022-08-01 00:00:00-04:00,52.0,57.599998474121094,52.0,54.79999923706055,2950,0.0,0.0
2022-08-02 00:00:00-04:00,54.79999923706055,56.400001525878906,52.79999923706055,56.400001525878906,1315,0.0,0.0
2022-08-03 00:00:00-04:00,54.400001525878906,65.19999694824219,54.400001525878906,61.20000076293945,6540,0.0,0.0
2022-08-04 00:00:00-04:00,60.79999923706055,67.5999984741211,60.400001525878906,63.599998474121094,6675,0.0,0.0
2022-08-05 00:00:00-04:00,62.79999923706055,70.80000305175781,60.79999923706055,69.5999984741211,7273,0.0,0.0
2022-08-08 00:00:00-04:00,70.80000305175781,70.80000305175781,66.80000305175781,68.0,2630,0.0,0.0
2022-08-09 00:00:00-04:00,66.4000015258789,69.5999984741211,64.80000305175781,68.4000015258789,4133,0.0,0.0
2022-08-10 00:00:00-04:00,68.0,68.80000305175781,66.80000305175781,68.0,3593,0.0,0.0
2022-08-11 00:00:00-04:00,67.19999694824219,71.5999984741211,67.19999694824219,70.4000015258789,3160,0.0,0.0
2022-08-12 00:00:00-04:00,72.4000015258789,78.80000305175781,69.5999984741211,74.80000305175781,9675,0.0,0.0
2022-08-15 00:00:00-04:00,77.5999984741211,79.19999694824219,74.4000015258789,76.4000015258789,8850,0.0,0.0
2022-08-16 00:00:00-04:00,76.0,76.0,66.0,71.5999984741211,13245,0.0,0.0
2022-08-17 00:00:00-04:00,70.0,73.5999984741211,67.5999984741211,68.0,2935,0.0,0.0
2022-08-18 00:00:00-04:00,66.80000305175781,68.4000015258789,66.0,67.5999984741211,2153,0.0,0.0
2022-08-19 00:00:00-04:00,68.4000015258789,68.4000015258789,66.0,66.80000305175781,1178,0.0,0.0
2022-08-22 00:00:00-04:00,64.80000305175781,65.19999694824219,62.79999923706055,64.80000305175781,2863,0.0,0.0
2022-08-23 00:00:00-04:00,63.20000076293945,64.0,58.79999923706055,60.400001525878906,8320,0.0,0.0
2022-08-24 00:00:00-04:00,59.599998474121094,64.0,59.599998474121094,63.599998474121094,1023,0.0,0.0
2022-08-25 00:00:00-04:00,63.20000076293945,64.80000305175781,61.599998474121094,63.20000076293945,1618,0.0,0.0
2022-08-26 00:00:00-04:00,63.599998474121094,64.80000305175781,60.79999923706055,62.0,2085,0.0,0.0
2022-08-29 00:00:00-04:00,59.599998474121094,63.599998474121094,59.599998474121094,62.0,3735,0.0,0.0
2022-08-30 00:00:00-04:00,63.20000076293945,63.20000076293945,60.0,60.400001525878906,2228,0.0,0.0
2022-08-31 00:00:00-04:00,61.599998474121094,63.20000076293945,59.20000076293945,60.79999923706055,1413,0.0,0.0
2022-09-01 00:00:00-04:00,60.0,62.0,59.20000076293945,59.599998474121094,2053,0.0,0.0
2022-09-02 00:00:00-04:00,59.20000076293945,61.20000076293945,59.20000076293945,60.0,1198,0.0,0.0
2022-09-06 00:00:00-04:00,61.20000076293945,61.20000076293945,60.0,60.0,4453,0.0,0.0
2022-09-07 00:00:00-04:00,60.400001525878906,61.20000076293945,59.599998474121094,60.0,4043,0.0,0.0
2022-09-08 00:00:00-04:00,62.0,66.80000305175781,60.400001525878906,66.80000305175781,5958,0.0,0.0
2022-09-09 00:00:00-04:00,68.0,72.80000305175781,67.19999694824219,72.80000305175781,6413,0.0,0.0
2022-09-12 00:00:00-04:00,70.4000015258789,71.5999984741211,64.80000305175781,65.5999984741211,9730,0.0,0.0
2022-09-13 00:00:00-04:00,65.19999694824219,69.19999694824219,64.80000305175781,67.19999694824219,4393,0.0,0.0
2022-09-14 00:00:00-04:00,67.5999984741211,68.0,56.79999923706055,61.599998474121094,7863,0.0,0.0
2022-09-15 00:00:00-04:00,62.79999923706055,68.0,62.400001525878906,63.599998474121094,8088,0.0,0.0
2022-09-16 00:00:00-04:00,64.80000305175781,64.80000305175781,61.20000076293945,61.599998474121094,2305,0.0,0.0
2022-09-19 00:00:00-04:00,42.79999923706055,44.0,40.400001525878906,40.79999923706055,78673,0.0,0.0
2022-09-20 00:00:00-04:00,42.0,42.79999923706055,39.20000076293945,40.400001525878906,31058,0.0,0.0
2022-09-21 00:00:00-04:00,41.599998474121094,41.599998474121094,39.20000076293945,39.599998474121094,9943,0.0,0.0
2022-09-22 00:00:00-04:00,39.599998474121094,39.599998474121094,37.20000076293945,37.599998474121094,10638,0.0,0.0
2022-09-23 00:00:00-04:00,37.20000076293945,38.0,36.400001525878906,38.0,6643,0.0,0.0
2022-09-26 00:00:00-04:00,35.20000076293945,38.0,33.599998474121094,35.20000076293945,9948,0.0,0.0
2022-09-27 00:00:00-04:00,36.0,36.79999923706055,35.20000076293945,35.599998474121094,4438,0.0,0.0
2022-09-28 00:00:00-04:00,36.0,37.20000076293945,35.20000076293945,36.79999923706055,4780,0.0,0.0
2022-09-29 00:00:00-04:00,36.400001525878906,36.79999923706055,35.599998474121094,36.0,3420,0.0,0.0
2022-09-30 00:00:00-04:00,36.0,38.0,36.0,37.20000076293945,4413,0.0,0.0
2022-10-03 00:00:00-04:00,36.79999923706055,38.79999923706055,36.0,38.0,6365,0.0,0.0
2022-10-04 00:00:00-04:00,38.400001525878906,39.20000076293945,36.79999923706055,37.599998474121094,3130,0.0,0.0
2022-10-05 00:00:00-04:00,37.599998474121094,38.400001525878906,36.0,37.20000076293945,6213,0.0,0.0
2022-10-06 00:00:00-04:00,36.79999923706055,37.599998474121094,36.79999923706055,37.20000076293945,2040,0.0,0.0
2022-10-07 00:00:00-04:00,36.0,37.20000076293945,35.20000076293945,36.0,1900,0.0,0.0
2022-10-10 00:00:00-04:00,36.79999923706055,37.20000076293945,33.599998474121094,34.79999923706055,5968,0.0,0.0
2022-10-11 00:00:00-04:00,34.400001525878906,34.79999923706055,33.599998474121094,34.0,4685,0.0,0.0
2022-10-12 00:00:00-04:00,34.0,34.79999923706055,33.20000076293945,34.400001525878906,3978,0.0,0.0
2022-10-13 00:00:00-04:00,33.599998474121094,38.0,32.79999923706055,35.20000076293945,4705,0.0,0.0
2022-10-14 00:00:00-04:00,34.400001525878906,38.0,32.400001525878906,33.599998474121094,7063,0.0,0.0
2022-10-17 00:00:00-04:00,33.599998474121094,34.79999923706055,32.400001525878906,32.79999923706055,3520,0.0,0.0
2022-10-18 00:00:00-04:00,34.400001525878906,36.0,32.79999923706055,35.599998474121094,6018,0.0,0.0
2022-10-19 00:00:00-04:00,35.599998474121094,37.20000076293945,33.20000076293945,34.400001525878906,2780,0.0,0.0
2022-10-20 00:00:00-04:00,35.599998474121094,36.0,31.200000762939453,31.600000381469727,6875,0.0,0.0
2022-10-21 00:00:00-04:00,32.400001525878906,32.400001525878906,30.399999618530273,32.0,7435,0.0,0.0
2022-10-24 00:00:00-04:00,33.599998474121094,33.599998474121094,30.399999618530273,31.600000381469727,8570,0.0,0.0
2022-10-25 00:00:00-04:00,30.799999237060547,33.599998474121094,30.399999618530273,33.20000076293945,6855,0.0,0.0
2022-10-26 00:00:00-04:00,33.20000076293945,34.400001525878906,32.0,33.599998474121094,8450,0.0,0.0
2022-10-27 00:00:00-04:00,34.0,34.400001525878906,33.20000076293945,34.0,1803,0.0,0.0
2022-10-28 00:00:00-04:00,34.0,34.400001525878906,33.20000076293945,34.400001525878906,3258,0.0,0.0
2022-10-31 00:00:00-04:00,34.400001525878906,36.0,33.20000076293945,34.0,2685,0.0,0.0
2022-11-01 00:00:00-04:00,33.599998474121094,35.20000076293945,33.20000076293945,34.0,3173,0.0,0.0
2022-11-02 00:00:00-04:00,33.599998474121094,36.0,33.599998474121094,34.400001525878906,6938,0.0,0.0
2022-11-03 00:00:00-04:00,34.400001525878906,35.20000076293945,33.599998474121094,34.0,4678,0.0,0.0
2022-11-04 00:00:00-04:00,33.599998474121094,34.79999923706055,33.599998474121094,34.400001525878906,3780,0.0,0.0
2022-11-07 00:00:00-05:00,34.0,35.20000076293945,32.79999923706055,33.20000076293945,13743,0.0,0.0
2022-11-08 00:00:00-05:00,32.79999923706055,35.20000076293945,31.600000381469727,32.0,10065,0.0,0.0
2022-11-09 00:00:00-05:00,31.600000381469727,33.599998474121094,30.399999618530273,31.600000381469727,8303,0.0,0.0
2022-11-10 00:00:00-05:00,30.0,33.599998474121094,23.200000762939453,24.0,96425,0.0,0.0
2022-11-11 00:00:00-05:00,24.799999237060547,26.0,22.799999237060547,25.600000381469727,24963,0.0,0.0
2022-11-14 00:00:00-05:00,25.600000381469727,30.399999618530273,25.600000381469727,28.399999618530273,20550,0.0,0.0
2022-11-15 00:00:00-05:00,28.399999618530273,28.399999618530273,26.0,27.200000762939453,13840,0.0,0.0
2022-11-16 00:00:00-05:00,28.0,28.0,26.0,26.799999237060547,11080,0.0,0.0
2022-11-17 00:00:00-05:00,27.200000762939453,27.200000762939453,25.200000762939453,26.799999237060547,8823,0.0,0.0
2022-11-18 00:00:00-05:00,28.799999237060547,28.799999237060547,26.799999237060547,27.200000762939453,7420,0.0,0.0
2022-11-21 00:00:00-05:00,26.399999618530273,27.200000762939453,26.0,26.399999618530273,7830,0.0,0.0
2022-11-22 00:00:00-05:00,26.799999237060547,28.0,26.799999237060547,28.0,7068,0.0,0.0
2022-11-23 00:00:00-05:00,27.200000762939453,28.0,26.0,27.600000381469727,4718,0.0,0.0
2022-11-25 00:00:00-05:00,28.399999618530273,28.399999618530273,27.600000381469727,27.600000381469727,1940,0.0,0.0
2022-11-28 00:00:00-05:00,28.0,28.799999237060547,27.600000381469727,28.0,6010,0.0,0.0
2022-11-29 00:00:00-05:00,28.799999237060547,28.799999237060547,28.0,28.0,4160,0.0,0.0
2022-11-30 00:00:00-05:00,28.399999618530273,28.799999237060547,27.200000762939453,28.0,7815,0.0,0.0
2022-12-01 00:00:00-05:00,28.399999618530273,30.0,27.600000381469727,27.600000381469727,5618,0.0,0.0
2022-12-02 00:00:00-05:00,27.600000381469727,28.799999237060547,27.200000762939453,28.799999237060547,4725,0.0,0.0
2022-12-05 00:00:00-05:00,28.799999237060547,29.600000381469727,28.0,29.200000762939453,3538,0.0,0.0
2022-12-06 00:00:00-05:00,29.200000762939453,29.200000762939453,27.200000762939453,27.200000762939453,7025,0.0,0.0
2022-12-07 00:00:00-05:00,26.799999237060547,28.399999618530273,26.799999237060547,27.600000381469727,2010,0.0,0.0
2022-12-08 00:00:00-05:00,26.799999237060547,28.399999618530273,26.0,27.600000381469727,7720,0.0,0.0
2022-12-09 00:00:00-05:00,27.600000381469727,28.399999618530273,26.399999618530273,27.600000381469727,7138,0.0,0.0
2022-12-12 00:00:00-05:00,27.200000762939453,28.0,27.200000762939453,27.600000381469727,2848,0.0,0.0
2022-12-13 00:00:00-05:00,27.600000381469727,28.0,25.600000381469727,26.0,7815,0.0,0.0
2022-12-14 00:00:00-05:00,25.600000381469727,27.600000381469727,25.600000381469727,26.0,2538,0.0,0.0
2022-12-15 00:00:00-05:00,26.399999618530273,26.799999237060547,25.600000381469727,25.600000381469727,6530,0.0,0.0
2022-12-16 00:00:00-05:00,25.600000381469727,26.399999618530273,24.0,25.600000381469727,5840,0.0,0.0
2022-12-19 00:00:00-05:00,24.799999237060547,26.0,24.0,24.399999618530273,5955,0.0,0.0
2022-12-20 00:00:00-05:00,24.799999237060547,24.799999237060547,22.0,23.600000381469727,29713,0.0,0.0
2022-12-21 00:00:00-05:00,22.799999237060547,24.0,22.0,23.200000762939453,4065,0.0,0.0
2022-12-22 00:00:00-05:00,23.600000381469727,24.0,22.0,22.799999237060547,6548,0.0,0.0
2022-12-23 00:00:00-05:00,22.399999618530273,24.0,22.0,23.200000762939453,5930,0.0,0.0
2022-12-27 00:00:00-05:00,22.799999237060547,23.600000381469727,22.0,22.799999237060547,7973,0.0,0.0
2022-12-28 00:00:00-05:00,22.799999237060547,23.600000381469727,22.0,22.799999237060547,4638,0.0,0.0
2022-12-29 00:00:00-05:00,22.0,22.799999237060547,22.0,22.799999237060547,9098,0.0,0.0
2022-12-30 00:00:00-05:00,22.799999237060547,24.0,22.399999618530273,23.600000381469727,7990,0.0,0.0
2023-01-03 00:00:00-05:00,24.0,27.600000381469727,24.0,26.0,24240,0.0,0.0
2023-01-04 00:00:00-05:00,26.0,28.0,26.0,27.600000381469727,9555,0.0,0.0
2023-01-05 00:00:00-05:00,27.200000762939453,28.0,26.399999618530273,27.600000381469727,5755,0.0,0.0
2023-01-06 00:00:00-05:00,27.200000762939453,28.799999237060547,26.799999237060547,28.399999618530273,6605,0.0,0.0
2023-01-09 00:00:00-05:00,28.799999237060547,29.200000762939453,27.200000762939453,28.0,7518,0.0,0.0
2023-01-10 00:00:00-05:00,28.0,28.0,26.399999618530273,27.600000381469727,5015,0.0,0.0
2023-01-11 00:00:00-05:00,27.600000381469727,27.600000381469727,27.200000762939453,27.600000381469727,3075,0.0,0.0
2023-01-12 00:00:00-05:00,27.200000762939453,27.200000762939453,26.399999618530273,27.200000762939453,4558,0.0,0.0
2023-01-13 00:00:00-05:00,27.600000381469727,28.399999618530273,27.200000762939453,27.600000381469727,3838,0.0,0.0
2023-01-17 00:00:00-05:00,28.0,29.600000381469727,28.0,29.600000381469727,11173,0.0,0.0
2023-01-18 00:00:00-05:00,29.200000762939453,29.600000381469727,28.0,28.399999618530273,3390,0.0,0.0
2023-01-19 00:00:00-05:00,28.0,28.0,26.799999237060547,28.0,4478,0.0,0.0
2023-01-20 00:00:00-05:00,28.0,28.0,26.799999237060547,27.200000762939453,4243,0.0,0.0
2023-01-23 00:00:00-05:00,26.799999237060547,27.600000381469727,26.399999618530273,26.799999237060547,7018,0.0,0.0
2023-01-24 00:00:00-05:00,26.799999237060547,28.0,26.799999237060547,26.799999237060547,5365,0.0,0.0
2023-01-25 00:00:00-05:00,27.200000762939453,27.600000381469727,26.399999618530273,27.200000762939453,4910,0.0,0.0
2023-01-26 00:00:00-05:00,27.200000762939453,27.200000762939453,25.600000381469727,26.0,4178,0.0,0.0
2023-01-27 00:00:00-05:00,26.0,26.799999237060547,24.799999237060547,25.600000381469727,7573,0.0,0.0
2023-01-30 00:00:00-05:00,24.799999237060547,25.600000381469727,24.399999618530273,25.200000762939453,5678,0.0,0.0
2023-01-31 00:00:00-05:00,24.799999237060547,25.200000762939453,24.0,25.200000762939453,6780,0.0,0.0
2023-02-01 00:00:00-05:00,24.799999237060547,25.200000762939453,24.0,25.200000762939453,3923,0.0,0.0
2023-02-02 00:00:00-05:00,25.200000762939453,25.200000762939453,24.0,24.399999618530273,7435,0.0,0.0
2023-02-03 00:00:00-05:00,24.799999237060547,25.600000381469727,24.0,24.799999237060547,8180,0.0,0.0
2023-02-06 00:00:00-05:00,24.399999618530273,25.200000762939453,24.0,24.799999237060547,6855,0.0,0.0
2023-02-07 00:00:00-05:00,24.799999237060547,25.200000762939453,24.399999618530273,24.399999618530273,3700,0.0,0.0
2023-02-08 00:00:00-05:00,24.799999237060547,25.200000762939453,24.399999618530273,24.799999237060547,4588,0.0,0.0
2023-02-09 00:00:00-05:00,24.799999237060547,25.600000381469727,23.200000762939453,24.0,8078,0.0,0.0
2023-02-10 00:00:00-05:00,24.399999618530273,24.799999237060547,22.799999237060547,24.0,5490,0.0,0.0
2023-02-13 00:00:00-05:00,24.0,24.799999237060547,23.600000381469727,24.399999618530273,6293,0.0,0.0
2023-02-14 00:00:00-05:00,24.0,24.399999618530273,23.600000381469727,24.0,1963,0.0,0.0
2023-02-15 00:00:00-05:00,24.0,24.799999237060547,23.600000381469727,24.799999237060547,4228,0.0,0.0
2023-02-16 00:00:00-05:00,24.399999618530273,24.799999237060547,23.200000762939453,24.399999618530273,3598,0.0,0.0
2023-02-17 00:00:00-05:00,24.0,24.799999237060547,24.0,24.399999618530273,1395,0.0,0.0
2023-02-21 00:00:00-05:00,24.0,24.399999618530273,23.600000381469727,24.0,2803,0.0,0.0
2023-02-22 00:00:00-05:00,23.600000381469727,24.0,23.200000762939453,23.600000381469727,4495,0.0,0.0
2023-02-23 00:00:00-05:00,23.600000381469727,23.600000381469727,22.399999618530273,23.200000762939453,7715,0.0,0.0
2023-02-24 00:00:00-05:00,22.799999237060547,23.200000762939453,22.0,22.399999618530273,7628,0.0,0.0
2023-02-27 00:00:00-05:00,22.799999237060547,23.200000762939453,22.0,23.200000762939453,11768,0.0,0.0
2023-02-28 00:00:00-05:00,22.0,24.0,22.0,24.0,9928,0.0,0.0
2023-03-01 00:00:00-05:00,23.600000381469727,24.799999237060547,22.799999237060547,23.600000381469727,5235,0.0,0.0
2023-03-02 00:00:00-05:00,23.200000762939453,24.0,22.799999237060547,23.600000381469727,4488,0.0,0.0
2023-03-03 00:00:00-05:00,23.200000762939453,24.0,22.399999618530273,23.600000381469727,4568,0.0,0.0
2023-03-06 00:00:00-05:00,24.0,24.799999237060547,23.200000762939453,23.600000381469727,6948,0.0,0.0
2023-03-07 00:00:00-05:00,23.600000381469727,24.0,22.799999237060547,23.600000381469727,2128,0.0,0.0
2023-03-08 00:00:00-05:00,23.200000762939453,24.0,22.799999237060547,23.600000381469727,2900,0.0,0.0
2023-03-09 00:00:00-05:00,23.200000762939453,24.0,23.200000762939453,23.200000762939453,4225,0.0,0.0
2023-03-10 00:00:00-05:00,22.799999237060547,23.200000762939453,22.0,22.799999237060547,9700,0.0,0.0
2023-03-13 00:00:00-04:00,22.799999237060547,23.600000381469727,22.399999618530273,23.600000381469727,4353,0.0,0.0
2023-03-14 00:00:00-04:00,23.200000762939453,24.0,23.200000762939453,24.0,3228,0.0,0.0
2023-03-15 00:00:00-04:00,24.0,24.399999618530273,23.200000762939453,24.399999618530273,8803,0.0,0.0
2023-03-16 00:00:00-04:00,24.399999618530273,24.399999618530273,23.600000381469727,24.399999618530273,2338,0.0,0.0
2023-03-17 00:00:00-04:00,24.0,24.399999618530273,23.200000762939453,24.399999618530273,3885,0.0,0.0
2023-03-20 00:00:00-04:00,24.399999618530273,25.200000762939453,22.799999237060547,25.200000762939453,10463,0.0,0.0
2023-03-21 00:00:00-04:00,24.0,30.399999618530273,24.0,29.600000381469727,30595,0.0,0.0
2023-03-22 00:00:00-04:00,29.600000381469727,32.0,28.0,30.399999618530273,21610,0.0,0.0
2023-03-23 00:00:00-04:00,31.600000381469727,31.600000381469727,30.399999618530273,30.799999237060547,8755,0.0,0.0
2023-03-24 00:00:00-04:00,31.200000762939453,32.0,30.799999237060547,31.600000381469727,10828,0.0,0.0
2023-03-27 00:00:00-04:00,32.0,33.20000076293945,31.600000381469727,32.79999923706055,11083,0.0,0.0
2023-03-28 00:00:00-04:00,32.79999923706055,35.599998474121094,32.79999923706055,34.400001525878906,17308,0.0,0.0
2023-03-29 00:00:00-04:00,34.400001525878906,36.0,34.0,35.599998474121094,11933,0.0,0.0
2023-03-30 00:00:00-04:00,36.0,36.400001525878906,32.400001525878906,34.0,12320,0.0,0.0
2023-03-31 00:00:00-04:00,34.400001525878906,35.599998474121094,34.0,35.599998474121094,5145,0.0,0.0
2023-04-03 00:00:00-04:00,36.0,39.20000076293945,35.20000076293945,38.400001525878906,17878,0.0,0.0
2023-04-04 00:00:00-04:00,38.79999923706055,38.79999923706055,36.79999923706055,38.400001525878906,14408,0.0,0.0
2023-04-05 00:00:00-04:00,39.599998474121094,39.599998474121094,38.400001525878906,38.400001525878906,5393,0.0,0.0
2023-04-06 00:00:00-04:00,38.400001525878906,40.400001525878906,38.400001525878906,40.0,10010,0.0,0.0
2023-04-10 00:00:00-04:00,42.0,42.400001525878906,40.0,42.400001525878906,19865,0.0,0.0
2023-04-11 00:00:00-04:00,42.79999923706055,49.20000076293945,42.400001525878906,43.20000076293945,31730,0.0,0.0
2023-04-12 00:00:00-04:00,43.599998474121094,45.20000076293945,40.400001525878906,42.79999923706055,11505,0.0,0.0
2023-04-13 00:00:00-04:00,42.400001525878906,44.0,41.599998474121094,42.79999923706055,7798,0.0,0.0
2023-04-14 00:00:00-04:00,43.20000076293945,44.400001525878906,41.599998474121094,44.0,11765,0.0,0.0
2023-04-17 00:00:00-04:00,44.400001525878906,47.20000076293945,40.400001525878906,43.599998474121094,16360,0.0,0.0
2023-04-18 00:00:00-04:00,43.599998474121094,43.599998474121094,42.0,42.79999923706055,6143,0.0,0.0
2023-04-19 00:00:00-04:00,42.400001525878906,43.20000076293945,39.599998474121094,43.20000076293945,5153,0.0,0.0
2023-04-20 00:00:00-04:00,41.599998474121094,44.0,41.599998474121094,43.599998474121094,7563,0.0,0.0
2023-04-21 00:00:00-04:00,44.0,45.599998474121094,43.20000076293945,45.20000076293945,8768,0.0,0.0
2023-04-24 00:00:00-04:00,45.599998474121094,47.599998474121094,45.20000076293945,46.400001525878906,18390,0.0,0.0
2023-04-25 00:00:00-04:00,47.20000076293945,48.0,42.400001525878906,44.79999923706055,12115,0.0,0.0
2023-04-26 00:00:00-04:00,44.79999923706055,45.599998474121094,42.0,43.20000076293945,10068,0.0,0.0
2023-04-27 00:00:00-04:00,42.79999923706055,43.599998474121094,40.79999923706055,43.20000076293945,10760,0.0,0.0
2023-04-28 00:00:00-04:00,42.79999923706055,43.20000076293945,41.599998474121094,42.79999923706055,11685,0.0,0.0
2023-05-01 00:00:00-04:00,43.20000076293945,45.20000076293945,42.400001525878906,44.79999923706055,7923,0.0,0.0
2023-05-02 00:00:00-04:00,44.79999923706055,46.0,43.599998474121094,45.599998474121094,8383,0.0,0.0
2023-05-03 00:00:00-04:00,46.400001525878906,46.79999923706055,43.599998474121094,46.79999923706055,17110,0.0,0.0
2023-05-04 00:00:00-04:00,46.0,48.0,45.599998474121094,46.79999923706055,7748,0.0,0.0
2023-05-05 00:00:00-04:00,46.79999923706055,48.0,46.400001525878906,47.599998474121094,7208,0.0,0.0
2023-05-08 00:00:00-04:00,48.400001525878906,48.79999923706055,48.0,48.79999923706055,10670,0.0,0.0
2023-05-09 00:00:00-04:00,49.20000076293945,50.400001525878906,48.0,50.400001525878906,11990,0.0,0.0
2023-05-10 00:00:00-04:00,50.0,62.0,50.0,60.0,41830,0.0,0.0
2023-05-11 00:00:00-04:00,60.79999923706055,69.19999694824219,60.79999923706055,66.0,39315,0.0,0.0
2023-05-12 00:00:00-04:00,68.0,68.4000015258789,58.400001525878906,60.79999923706055,24970,0.0,0.0
2023-05-15 00:00:00-04:00,60.0,60.0,53.599998474121094,55.20000076293945,35370,0.0,0.0
2023-05-16 00:00:00-04:00,52.0,54.79999923706055,50.400001525878906,54.0,25165,0.0,0.0
2023-05-17 00:00:00-04:00,54.79999923706055,62.79999923706055,54.400001525878906,60.0,21603,0.0,0.0
2023-05-18 00:00:00-04:00,59.599998474121094,59.599998474121094,55.20000076293945,55.599998474121094,10355,0.0,0.0
2023-05-19 00:00:00-04:00,55.599998474121094,58.79999923706055,55.20000076293945,58.400001525878906,4188,0.0,0.0
2023-05-22 00:00:00-04:00,60.0,64.0,58.0,62.0,19178,0.0,0.0
2023-05-23 00:00:00-04:00,62.0,64.0,59.20000076293945,60.0,8693,0.0,0.0
2023-05-24 00:00:00-04:00,61.599998474121094,62.79999923706055,60.0,62.400001525878906,12165,0.0,0.0
2023-05-25 00:00:00-04:00,62.400001525878906,66.4000015258789,60.79999923706055,62.0,17100,0.0,0.0
2023-05-26 00:00:00-04:00,62.400001525878906,62.400001525878906,55.599998474121094,60.0,14373,0.0,0.0
2023-05-30 00:00:00-04:00,60.400001525878906,63.599998474121094,59.599998474121094,62.79999923706055,10108,0.0,0.0
2023-05-31 00:00:00-04:00,62.0,63.599998474121094,60.79999923706055,63.20000076293945,4488,0.0,0.0
2023-06-01 00:00:00-04:00,62.400001525878906,65.19999694824219,62.400001525878906,64.80000305175781,7038,0.0,0.0
2023-06-02 00:00:00-04:00,63.599998474121094,67.19999694824219,63.599998474121094,66.4000015258789,5383,0.0,0.0
2023-06-05 00:00:00-04:00,66.80000305175781,67.19999694824219,63.599998474121094,64.0,6935,0.0,0.0
2023-06-06 00:00:00-04:00,64.4000015258789,66.4000015258789,62.0,64.0,11368,0.0,0.0
2023-06-07 00:00:00-04:00,63.599998474121094,66.0,63.20000076293945,64.80000305175781,6323,0.0,0.0
2023-06-08 00:00:00-04:00,65.5999984741211,66.80000305175781,64.80000305175781,65.5999984741211,4913,0.0,0.0
2023-06-09 00:00:00-04:00,66.0,66.4000015258789,62.79999923706055,63.20000076293945,7565,0.0,0.0
2023-06-12 00:00:00-04:00,63.599998474121094,68.0,63.20000076293945,67.19999694824219,10855,0.0,0.0
2023-06-13 00:00:00-04:00,67.5999984741211,72.80000305175781,67.5999984741211,71.19999694824219,15628,0.0,0.0
2023-06-14 00:00:00-04:00,70.80000305175781,72.0,70.0,70.80000305175781,4835,0.0,0.0
2023-06-15 00:00:00-04:00,70.80000305175781,70.80000305175781,69.19999694824219,70.0,7573,0.0,0.0
2023-06-16 00:00:00-04:00,70.0,70.4000015258789,68.0,69.19999694824219,3853,0.0,0.0
2023-06-20 00:00:00-04:00,69.19999694824219,71.19999694824219,68.0,70.80000305175781,13313,0.0,0.0
2023-06-21 00:00:00-04:00,68.80000305175781,69.5999984741211,61.20000076293945,67.19999694824219,14800,0.0,0.0
2023-06-22 00:00:00-04:00,66.0,68.0,64.4000015258789,66.4000015258789,5968,0.0,0.0
2023-06-23 00:00:00-04:00,65.5999984741211,66.80000305175781,64.80000305175781,65.5999984741211,3608,0.0,0.0
2023-06-26 00:00:00-04:00,64.4000015258789,67.5999984741211,61.599998474121094,62.79999923706055,12928,0.0,0.0
2023-06-27 00:00:00-04:00,62.0,65.19999694824219,60.79999923706055,63.20000076293945,7048,0.0,0.0
2023-06-28 00:00:00-04:00,63.599998474121094,67.19999694824219,62.400001525878906,65.19999694824219,7135,0.0,0.0
2023-06-29 00:00:00-04:00,64.80000305175781,68.4000015258789,64.4000015258789,65.19999694824219,7235,0.0,0.0
2023-06-30 00:00:00-04:00,64.80000305175781,67.19999694824219,63.599998474121094,64.0,7085,0.0,0.0
2023-07-03 00:00:00-04:00,64.4000015258789,68.0,63.599998474121094,64.80000305175781,6093,0.0,0.0
2023-07-05 00:00:00-04:00,64.80000305175781,67.5999984741211,64.80000305175781,66.4000015258789,4888,0.0,0.0
2023-07-06 00:00:00-04:00,67.19999694824219,67.19999694824219,64.4000015258789,66.0,3548,0.0,0.0
2023-07-07 00:00:00-04:00,66.0,66.80000305175781,64.0,66.4000015258789,2388,0.0,0.0
2023-07-10 00:00:00-04:00,67.19999694824219,69.19999694824219,64.4000015258789,67.19999694824219,6828,0.0,0.0
2023-07-11 00:00:00-04:00,67.5999984741211,68.0,64.4000015258789,68.0,3998,0.0,0.0
2023-07-12 00:00:00-04:00,68.0,70.0,65.5999984741211,67.5999984741211,6828,0.0,0.0
2023-07-13 00:00:00-04:00,68.0,70.4000015258789,67.19999694824219,67.5999984741211,7898,0.0,0.0
2023-07-14 00:00:00-04:00,67.19999694824219,67.5999984741211,64.0,66.80000305175781,6823,0.0,0.0
2023-07-17 00:00:00-04:00,66.4000015258789,68.0,65.19999694824219,66.80000305175781,4293,0.0,0.0
2023-07-18 00:00:00-04:00,68.4000015258789,68.4000015258789,64.0,66.4000015258789,6428,0.0,0.0
2023-07-19 00:00:00-04:00,66.0,66.4000015258789,64.0,64.80000305175781,7138,0.0,0.0
2023-07-20 00:00:00-04:00,64.4000015258789,65.5999984741211,63.20000076293945,64.80000305175781,5835,0.0,0.0
2023-07-21 00:00:00-04:00,65.5999984741211,66.0,63.599998474121094,65.19999694824219,6035,0.0,0.0
2023-07-24 00:00:00-04:00,65.5999984741211,65.5999984741211,60.79999923706055,61.599998474121094,18700,0.0,0.0
2023-07-25 00:00:00-04:00,63.20000076293945,63.20000076293945,50.400001525878906,59.599998474121094,20055,0.0,0.0
2023-07-26 00:00:00-04:00,59.599998474121094,59.599998474121094,53.20000076293945,54.79999923706055,15863,0.0,0.0
2023-07-27 00:00:00-04:00,58.0,58.0,51.599998474121094,52.400001525878906,13218,0.0,0.0
2023-07-28 00:00:00-04:00,51.20000076293945,58.400001525878906,51.20000076293945,57.20000076293945,12580,0.0,0.0
2023-07-31 00:00:00-04:00,58.0,62.0,57.20000076293945,61.599998474121094,10568,0.0,0.0
2023-08-01 00:00:00-04:00,61.599998474121094,64.80000305175781,60.79999923706055,62.79999923706055,8285,0.0,0.0
2023-08-02 00:00:00-04:00,63.599998474121094,63.599998474121094,60.0,60.79999923706055,4483,0.0,0.0
2023-08-03 00:00:00-04:00,60.400001525878906,62.79999923706055,60.400001525878906,62.400001525878906,3783,0.0,0.0
2023-08-04 00:00:00-04:00,62.400001525878906,64.0,61.599998474121094,62.79999923706055,10668,0.0,0.0
2023-08-07 00:00:00-04:00,63.20000076293945,64.0,60.79999923706055,62.0,7845,0.0,0.0
2023-08-08 00:00:00-04:00,61.599998474121094,62.0,59.20000076293945,61.20000076293945,6788,0.0,0.0
2023-08-09 00:00:00-04:00,64.0,64.0,60.79999923706055,61.20000076293945,8593,0.0,0.0
2023-08-10 00:00:00-04:00,61.599998474121094,62.400001525878906,60.400001525878906,60.400001525878906,6620,0.0,0.0
2023-08-11 00:00:00-04:00,60.0,61.20000076293945,58.0,59.20000076293945,7025,0.0,0.0
2023-08-14 00:00:00-04:00,58.79999923706055,60.400001525878906,57.20000076293945,60.0,12533,0.0,0.0
2023-08-15 00:00:00-04:00,59.20000076293945,60.0,57.599998474121094,59.599998474121094,11348,0.0,0.0
2023-08-16 00:00:00-04:00,60.0,60.0,58.400001525878906,59.599998474121094,6923,0.0,0.0
2023-08-17 00:00:00-04:00,58.400001525878906,59.599998474121094,52.0,54.79999923706055,8973,0.0,0.0
2023-08-18 00:00:00-04:00,55.599998474121094,57.20000076293945,54.0,54.79999923706055,9528,0.0,0.0
2023-08-21 00:00:00-04:00,55.599998474121094,57.599998474121094,50.400001525878906,52.79999923706055,53535,0.0,0.0
2023-08-22 00:00:00-04:00,56.400001525878906,56.400001525878906,49.20000076293945,50.79999923706055,22370,0.0,0.0
2023-08-23 00:00:00-04:00,50.400001525878906,52.0,50.0,51.20000076293945,5633,0.0,0.0
2023-08-24 00:00:00-04:00,51.20000076293945,52.0,49.20000076293945,49.20000076293945,6593,0.0,0.0
2023-08-25 00:00:00-04:00,50.0,50.79999923706055,48.0,49.599998474121094,5190,0.0,0.0
2023-08-28 00:00:00-04:00,49.20000076293945,52.0,48.0,51.20000076293945,47525,0.0,0.0
2023-08-29 00:00:00-04:00,50.79999923706055,55.599998474121094,50.400001525878906,53.20000076293945,16248,0.0,0.0
2023-08-30 00:00:00-04:00,57.599998474121094,58.0,51.20000076293945,55.599998474121094,31313,0.0,0.0
2023-08-31 00:00:00-04:00,57.599998474121094,72.80000305175781,56.0,70.0,76828,0.0,0.0
2023-09-01 00:00:00-04:00,69.19999694824219,84.0,68.0,80.80000305175781,82080,0.0,0.0
2023-09-05 00:00:00-04:00,80.80000305175781,101.19999694824219,79.5999984741211,98.0,114075,0.0,0.0
2023-09-06 00:00:00-04:00,97.19999694824219,100.0,84.0,96.80000305175781,84435,0.0,0.0
2023-09-07 00:00:00-04:00,94.4000015258789,95.19999694824219,86.0,86.80000305175781,41103,0.0,0.0
2023-09-08 00:00:00-04:00,87.5999984741211,89.19999694824219,76.0,83.5999984741211,75128,0.0,0.0
2023-09-11 00:00:00-04:00,92.80000305175781,93.19999694824219,80.4000015258789,81.19999694824219,352505,0.0,0.0
2023-09-12 00:00:00-04:00,78.80000305175781,84.0,71.5999984741211,79.5999984741211,76075,0.0,0.0
2023-09-13 00:00:00-04:00,79.19999694824219,80.0,66.0,66.4000015258789,63273,0.0,0.0
2023-09-14 00:00:00-04:00,67.19999694824219,71.5999984741211,66.4000015258789,70.4000015258789,22768,0.0,0.0
2023-09-15 00:00:00-04:00,75.5999984741211,82.0,75.19999694824219,78.0,59285,0.0,0.0
2023-09-18 00:00:00-04:00,78.0,82.4000015258789,74.80000305175781,80.4000015258789,33108,0.0,0.0
2023-09-19 00:00:00-04:00,80.0,90.0,79.19999694824219,89.5999984741211,44985,0.0,0.0
2023-09-20 00:00:00-04:00,87.5999984741211,92.0,86.0,88.0,31795,0.0,0.0
2023-09-21 00:00:00-04:00,87.5999984741211,88.0,72.4000015258789,79.19999694824219,53463,0.0,0.0
2023-09-22 00:00:00-04:00,79.5999984741211,84.80000305175781,79.5999984741211,82.80000305175781,11443,0.0,0.0
2023-09-25 00:00:00-04:00,84.80000305175781,84.80000305175781,78.0,79.19999694824219,16060,0.0,0.0
2023-09-26 00:00:00-04:00,78.80000305175781,79.5999984741211,76.4000015258789,77.19999694824219,15378,0.0,0.0
2023-09-27 00:00:00-04:00,78.80000305175781,83.19999694824219,78.0,82.80000305175781,19580,0.0,0.0
2023-09-28 00:00:00-04:00,81.19999694824219,81.19999694824219,74.4000015258789,78.80000305175781,26780,0.0,0.0
2023-09-29 00:00:00-04:00,76.80000305175781,76.80000305175781,72.4000015258789,72.80000305175781,26723,0.0,0.0
2023-10-02 00:00:00-04:00,72.0,73.19999694824219,67.19999694824219,70.4000015258789,18733,0.0,0.0
2023-10-03 00:00:00-04:00,70.0,71.19999694824219,62.79999923706055,64.0,21653,0.0,0.0
2023-10-04 00:00:00-04:00,64.0,64.0,54.400001525878906,58.0,40540,0.0,0.0
2023-10-05 00:00:00-04:00,60.0,62.0,57.599998474121094,61.20000076293945,9823,0.0,0.0
2023-10-06 00:00:00-04:00,58.0,60.79999923706055,58.0,59.599998474121094,9090,0.0,0.0
2023-10-09 00:00:00-04:00,56.0,64.0,53.599998474121094,62.400001525878906,29218,0.0,0.0
2023-10-10 00:00:00-04:00,62.0,66.4000015258789,62.0,65.19999694824219,7893,0.0,0.0
2023-10-11 00:00:00-04:00,64.4000015258789,66.0,59.20000076293945,60.0,8268,0.0,0.0
2023-10-12 00:00:00-04:00,64.0,67.19999694824219,60.0,61.599998474121094,17903,0.0,0.0
2023-10-13 00:00:00-04:00,61.599998474121094,64.4000015258789,60.0,64.0,15055,0.0,0.0
2023-10-16 00:00:00-04:00,64.4000015258789,64.4000015258789,61.20000076293945,62.0,5605,0.0,0.0
2023-10-17 00:00:00-04:00,61.20000076293945,63.20000076293945,57.20000076293945,58.79999923706055,22250,0.0,0.0
2023-10-18 00:00:00-04:00,58.400001525878906,58.79999923706055,56.79999923706055,57.20000076293945,11598,0.0,0.0
2023-10-19 00:00:00-04:00,57.20000076293945,58.0,56.0,57.20000076293945,4108,0.0,0.0
2023-10-20 00:00:00-04:00,56.400001525878906,58.0,54.0,54.400001525878906,11868,0.0,0.0
2023-10-23 00:00:00-04:00,53.599998474121094,54.400001525878906,51.599998474121094,53.20000076293945,7898,0.0,0.0
2023-10-24 00:00:00-04:00,53.20000076293945,55.20000076293945,53.20000076293945,54.79999923706055,3160,0.0,0.0
2023-10-25 00:00:00-04:00,54.400001525878906,55.20000076293945,52.0,52.79999923706055,5800,0.0,0.0
2023-10-26 00:00:00-04:00,52.79999923706055,55.20000076293945,52.79999923706055,53.599998474121094,6555,0.0,0.0
2023-10-27 00:00:00-04:00,53.599998474121094,54.400001525878906,50.0,52.400001525878906,7833,0.0,0.0
2023-10-30 00:00:00-04:00,52.400001525878906,53.20000076293945,50.400001525878906,53.20000076293945,8445,0.0,0.0
2023-10-31 00:00:00-04:00,54.400001525878906,62.400001525878906,52.79999923706055,60.0,12393,0.0,0.0
2023-11-01 00:00:00-04:00,61.599998474121094,61.599998474121094,57.599998474121094,61.20000076293945,9435,0.0,0.0
2023-11-02 00:00:00-04:00,61.599998474121094,64.80000305175781,61.20000076293945,62.79999923706055,12088,0.0,0.0
2023-11-03 00:00:00-04:00,64.4000015258789,66.4000015258789,63.599998474121094,65.19999694824219,14638,0.0,0.0
2023-11-06 00:00:00-05:00,66.0,66.0,59.599998474121094,62.400001525878906,9033,0.0,0.0
2023-11-07 00:00:00-05:00,62.79999923706055,62.79999923706055,57.599998474121094,60.0,12388,0.0,0.0
2023-11-08 00:00:00-05:00,62.0,62.0,58.400001525878906,58.400001525878906,4195,0.0,0.0
2023-11-09 00:00:00-05:00,59.20000076293945,61.20000076293945,57.599998474121094,59.20000076293945,4823,0.0,0.0
2023-11-10 00:00:00-05:00,58.400001525878906,60.400001525878906,55.599998474121094,57.20000076293945,8023,0.0,0.0
2023-11-13 00:00:00-05:00,55.20000076293945,57.20000076293945,55.20000076293945,56.400001525878906,4578,0.0,0.0
2023-11-14 00:00:00-05:00,56.79999923706055,61.599998474121094,56.0,61.599998474121094,7178,0.0,0.0
2023-11-15 00:00:00-05:00,61.20000076293945,69.19999694824219,60.400001525878906,67.5999984741211,18305,0.0,0.0
2023-11-16 00:00:00-05:00,68.0,75.5999984741211,67.19999694824219,74.4000015258789,16200,0.0,0.0
2023-11-17 00:00:00-05:00,76.80000305175781,77.19999694824219,65.5999984741211,67.5999984741211,9453,0.0,0.0
2023-11-20 00:00:00-05:00,65.19999694824219,68.80000305175781,64.4000015258789,68.0,8983,0.0,0.0
2023-11-21 00:00:00-05:00,64.0,66.80000305175781,60.400001525878906,60.79999923706055,7768,0.0,0.0
2023-11-22 00:00:00-05:00,62.79999923706055,62.79999923706055,59.599998474121094,60.79999923706055,2735,0.0,0.0
2023-11-24 00:00:00-05:00,60.79999923706055,62.0,59.599998474121094,59.599998474121094,3830,0.0,0.0
2023-11-27 00:00:00-05:00,63.599998474121094,63.599998474121094,57.20000076293945,58.400001525878906,10933,0.0,0.0
2023-11-28 00:00:00-05:00,61.20000076293945,61.20000076293945,54.79999923706055,57.20000076293945,12580,0.0,0.0
2023-11-29 00:00:00-05:00,58.0,58.79999923706055,56.0,57.599998474121094,3553,0.0,0.0
2023-11-30 00:00:00-05:00,58.79999923706055,59.20000076293945,54.79999923706055,58.0,3525,0.0,0.0
2023-12-01 00:00:00-05:00,58.0,61.599998474121094,57.599998474121094,60.79999923706055,4793,0.0,0.0
2023-12-04 00:00:00-05:00,60.79999923706055,65.19999694824219,60.0,64.4000015258789,7595,0.0,0.0
2023-12-05 00:00:00-05:00,64.4000015258789,65.19999694824219,62.400001525878906,63.20000076293945,3815,0.0,0.0
2023-12-06 00:00:00-05:00,63.20000076293945,67.5999984741211,63.20000076293945,66.0,4360,0.0,0.0
2023-12-07 00:00:00-05:00,67.5999984741211,70.0,65.5999984741211,68.4000015258789,6378,0.0,0.0
2023-12-08 00:00:00-05:00,68.4000015258789,75.5999984741211,68.0,71.19999694824219,16680,0.0,0.0
2023-12-11 00:00:00-05:00,69.5999984741211,72.80000305175781,63.599998474121094,67.5999984741211,9808,0.0,0.0
2023-12-12 00:00:00-05:00,68.0,72.4000015258789,66.0,69.19999694824219,4695,0.0,0.0
2023-12-13 00:00:00-05:00,69.19999694824219,70.0,66.0,69.19999694824219,14575,0.0,0.0
2023-12-14 00:00:00-05:00,68.80000305175781,70.80000305175781,64.80000305175781,66.0,9615,0.0,0.0
2023-12-15 00:00:00-05:00,66.0,66.4000015258789,63.599998474121094,63.599998474121094,8138,0.0,0.0
2023-12-18 00:00:00-05:00,66.0,66.0,60.79999923706055,62.0,10610,0.0,0.0
2023-12-19 00:00:00-05:00,62.400001525878906,68.0,62.400001525878906,67.5999984741211,10648,0.0,0.0
2023-12-20 00:00:00-05:00,68.0,68.0,62.400001525878906,63.20000076293945,5520,0.0,0.0
2023-12-21 00:00:00-05:00,63.599998474121094,66.80000305175781,63.599998474121094,66.4000015258789,3968,0.0,0.0
2023-12-22 00:00:00-05:00,66.4000015258789,67.19999694824219,64.0,64.80000305175781,3210,0.0,0.0
2023-12-26 00:00:00-05:00,63.20000076293945,65.19999694824219,62.0,64.4000015258789,8548,0.0,0.0
2023-12-27 00:00:00-05:00,62.400001525878906,65.19999694824219,62.0,64.0,7870,0.0,0.0
2023-12-28 00:00:00-05:00,64.0,65.5999984741211,61.599998474121094,62.400001525878906,7408,0.0,0.0
2023-12-29 00:00:00-05:00,61.20000076293945,64.0,61.20000076293945,62.79999923706055,5975,0.0,0.0
2024-01-02 00:00:00-05:00,62.79999923706055,63.599998474121094,61.20000076293945,61.20000076293945,5290,0.0,0.0
2024-01-03 00:00:00-05:00,62.0,62.0,58.79999923706055,59.599998474121094,7120,0.0,0.0
2024-01-04 00:00:00-05:00,58.79999923706055,60.400001525878906,58.400001525878906,59.20000076293945,6283,0.0,0.0
2024-01-05 00:00:00-05:00,59.599998474121094,61.20000076293945,58.0,60.0,4943,0.0,0.0
2024-01-08 00:00:00-05:00,60.400001525878906,63.20000076293945,59.20000076293945,62.400001525878906,5505,0.0,0.0
2024-01-09 00:00:00-05:00,62.0,63.20000076293945,61.599998474121094,61.599998474121094,4745,0.0,0.0
2024-01-10 00:00:00-05:00,61.599998474121094,61.599998474121094,59.599998474121094,60.400001525878906,5060,0.0,0.0
2024-01-11 00:00:00-05:00,60.79999923706055,60.79999923706055,56.400001525878906,57.599998474121094,6753,0.0,0.0
2024-01-12 00:00:00-05:00,57.599998474121094,60.79999923706055,55.20000076293945,56.400001525878906,9470,0.0,0.0
2024-01-16 00:00:00-05:00,56.0,57.20000076293945,53.599998474121094,55.20000076293945,7415,0.0,0.0
2024-01-17 00:00:00-05:00,56.400001525878906,56.400001525878906,53.599998474121094,54.79999923706055,4555,0.0,0.0
2024-01-18 00:00:00-05:00,54.79999923706055,56.0,53.20000076293945,54.0,5275,0.0,0.0
2024-01-19 00:00:00-05:00,56.0,56.79999923706055,52.79999923706055,54.400001525878906,4663,0.0,0.0
2024-01-22 00:00:00-05:00,53.599998474121094,55.599998474121094,53.599998474121094,55.599998474121094,4450,0.0,0.0
2024-01-23 00:00:00-05:00,54.0,55.599998474121094,53.20000076293945,54.79999923706055,2635,0.0,0.0
2024-01-24 00:00:00-05:00,54.79999923706055,55.20000076293945,46.0,48.0,23773,0.0,0.0
2024-01-25 00:00:00-05:00,50.0,51.599998474121094,42.0,48.79999923706055,27273,0.0,0.0
2024-01-26 00:00:00-05:00,49.20000076293945,49.20000076293945,44.400001525878906,46.400001525878906,10355,0.0,0.0
2024-01-29 00:00:00-05:00,47.20000076293945,48.79999923706055,46.0,48.0,6183,0.0,0.0
2024-01-30 00:00:00-05:00,47.599998474121094,53.20000076293945,46.79999923706055,51.599998474121094,5915,0.0,0.0
2024-01-31 00:00:00-05:00,51.599998474121094,52.400001525878906,47.20000076293945,47.599998474121094,4555,0.0,0.0
2024-02-01 00:00:00-05:00,48.400001525878906,48.79999923706055,44.79999923706055,46.400001525878906,5530,0.0,0.0
2024-02-02 00:00:00-05:00,45.20000076293945,49.599998474121094,43.20000076293945,45.599998474121094,15845,0.0,0.0
2024-02-05 00:00:00-05:00,44.79999923706055,46.0,41.599998474121094,44.400001525878906,6478,0.0,0.0
2024-02-06 00:00:00-05:00,44.400001525878906,46.0,42.79999923706055,44.400001525878906,6125,0.0,0.0
2024-02-07 00:00:00-05:00,45.20000076293945,45.599998474121094,43.20000076293945,44.0,3458,0.0,0.0
2024-02-08 00:00:00-05:00,43.599998474121094,44.0,41.599998474121094,42.79999923706055,10150,0.0,0.0
2024-02-09 00:00:00-05:00,42.400001525878906,44.400001525878906,40.400001525878906,43.599998474121094,6970,0.0,0.0
2024-02-12 00:00:00-05:00,44.79999923706055,46.0,42.79999923706055,45.599998474121094,6808,0.0,0.0
2024-02-13 00:00:00-05:00,45.20000076293945,46.0,43.20000076293945,44.400001525878906,5585,0.0,0.0
2024-02-14 00:00:00-05:00,44.0,46.0,42.0,44.0,7735,0.0,0.0
2024-02-15 00:00:00-05:00,44.400001525878906,46.0,42.400001525878906,44.400001525878906,5308,0.0,0.0
2024-02-16 00:00:00-05:00,44.400001525878906,51.20000076293945,43.599998474121094,50.0,19353,0.0,0.0
2024-02-20 00:00:00-05:00,50.400001525878906,50.400001525878906,46.79999923706055,48.400001525878906,7543,0.0,0.0
2024-02-21 00:00:00-05:00,48.79999923706055,49.20000076293945,44.79999923706055,46.0,6553,0.0,0.0
2024-02-22 00:00:00-05:00,46.79999923706055,50.400001525878906,45.20000076293945,49.599998474121094,10360,0.0,0.0
2024-02-23 00:00:00-05:00,48.0,48.79999923706055,46.0,47.20000076293945,5553,0.0,0.0
2024-02-26 00:00:00-05:00,48.400001525878906,52.79999923706055,47.599998474121094,50.400001525878906,8263,0.0,0.0
2024-02-27 00:00:00-05:00,50.400001525878906,50.79999923706055,47.20000076293945,49.20000076293945,3600,0.0,0.0
2024-02-28 00:00:00-05:00,51.20000076293945,54.0,50.0,52.79999923706055,9253,0.0,0.0
2024-02-29 00:00:00-05:00,52.79999923706055,54.400001525878906,50.79999923706055,53.20000076293945,6473,0.0,0.0
2024-03-01 00:00:00-05:00,53.599998474121094,57.599998474121094,52.0,53.20000076293945,9243,0.0,0.0
2024-03-04 00:00:00-05:00,54.79999923706055,57.20000076293945,52.79999923706055,54.0,10725,0.0,0.0
2024-03-05 00:00:00-05:00,54.400001525878906,55.20000076293945,52.400001525878906,53.20000076293945,3710,0.0,0.0
2024-03-06 00:00:00-05:00,54.400001525878906,54.79999923706055,48.400001525878906,50.79999923706055,10358,0.0,0.0
2024-03-07 00:00:00-05:00,51.20000076293945,51.20000076293945,49.20000076293945,49.599998474121094,2718,0.0,0.0
2024-03-08 00:00:00-05:00,49.20000076293945,49.599998474121094,44.79999923706055,47.20000076293945,11920,0.0,0.0
2024-03-11 00:00:00-04:00,47.599998474121094,48.0,45.20000076293945,45.599998474121094,3438,0.0,0.0
2024-03-12 00:00:00-04:00,46.79999923706055,46.79999923706055,44.79999923706055,46.0,6400,0.0,0.0
2024-03-13 00:00:00-04:00,48.0,48.0,46.0,46.79999923706055,2798,0.0,0.0
2024-03-14 00:00:00-04:00,46.79999923706055,47.599998474121094,46.400001525878906,47.20000076293945,1765,0.0,0.0
2024-03-15 00:00:00-04:00,46.400001525878906,47.599998474121094,45.599998474121094,46.0,2865,0.0,0.0
2024-03-18 00:00:00-04:00,45.599998474121094,46.0,44.79999923706055,46.0,4488,0.0,0.0
2024-03-19 00:00:00-04:00,45.599998474121094,48.0,44.79999923706055,47.20000076293945,5570,0.0,0.0
2024-03-20 00:00:00-04:00,47.599998474121094,48.0,45.599998474121094,47.599998474121094,4195,0.0,0.0
2024-03-21 00:00:00-04:00,49.599998474121094,49.599998474121094,46.79999923706055,48.0,3490,0.0,0.0
2024-03-22 00:00:00-04:00,45.599998474121094,56.0,45.599998474121094,55.20000076293945,16543,0.0,0.0
2024-03-25 00:00:00-04:00,54.0,54.0,50.400001525878906,52.0,11738,0.0,0.0
2024-03-26 00:00:00-04:00,47.20000076293945,47.20000076293945,40.0,41.20000076293945,46300,0.0,0.0
2024-03-27 00:00:00-04:00,43.599998474121094,44.79999923706055,42.400001525878906,44.400001525878906,8678,0.0,0.0
2024-03-28 00:00:00-04:00,44.79999923706055,45.20000076293945,44.0,44.79999923706055,4080,0.0,0.0
2024-04-01 00:00:00-04:00,38.0,44.0,34.0,34.400001525878906,56033,0.0,0.0
2024-04-02 00:00:00-04:00,35.20000076293945,37.20000076293945,32.79999923706055,33.20000076293945,18260,0.0,0.0
2024-04-03 00:00:00-04:00,34.0,34.400001525878906,32.0,33.20000076293945,14310,0.0,0.0
2024-04-04 00:00:00-04:00,34.0,34.0,32.0,32.79999923706055,6135,0.0,0.0
2024-04-05 00:00:00-04:00,32.79999923706055,32.79999923706055,32.0,32.400001525878906,8568,0.0,0.0
2024-04-08 00:00:00-04:00,33.599998474121094,33.599998474121094,30.0,30.399999618530273,10788,0.0,0.0
2024-04-09 00:00:00-04:00,30.799999237060547,30.799999237060547,27.600000381469727,28.399999618530273,27683,0.0,0.0
2024-04-10 00:00:00-04:00,29.600000381469727,30.0,26.399999618530273,29.600000381469727,35148,0.0,0.0
2024-04-11 00:00:00-04:00,28.0,28.399999618530273,26.0,28.0,26123,0.0,0.0
2024-04-12 00:00:00-04:00,28.0,28.799999237060547,26.399999618530273,28.799999237060547,13580,0.0,0.0
2024-04-15 00:00:00-04:00,27.200000762939453,28.0,25.200000762939453,25.600000381469727,16365,0.0,0.0
2024-04-16 00:00:00-04:00,25.600000381469727,26.799999237060547,24.799999237060547,25.600000381469727,6325,0.0,0.0
2024-04-17 00:00:00-04:00,25.600000381469727,26.0,24.399999618530273,24.799999237060547,8665,0.0,0.0
2024-04-18 00:00:00-04:00,25.600000381469727,26.399999618530273,24.399999618530273,25.600000381469727,7645,0.0,0.0
2024-04-19 00:00:00-04:00,26.399999618530273,27.200000762939453,25.200000762939453,26.399999618530273,4730,0.0,0.0
2024-04-22 00:00:00-04:00,25.200000762939453,27.200000762939453,25.200000762939453,27.200000762939453,4400,0.0,0.0
2024-04-23 00:00:00-04:00,26.399999618530273,27.200000762939453,24.799999237060547,25.600000381469727,10580,0.0,0.0
2024-04-24 00:00:00-04:00,24.799999237060547,25.600000381469727,23.600000381469727,24.399999618530273,18978,0.0,0.0
2024-04-25 00:00:00-04:00,24.799999237060547,24.799999237060547,22.399999618530273,23.200000762939453,15903,0.0,0.0
2024-04-26 00:00:00-04:00,22.399999618530273,24.799999237060547,22.0,24.399999618530273,14573,0.0,0.0
2024-04-29 00:00:00-04:00,24.799999237060547,26.399999618530273,24.0,25.600000381469727,8485,0.0,0.0
2024-04-30 00:00:00-04:00,26.0,26.799999237060547,25.200000762939453,26.799999237060547,11435,0.0,0.0
2024-05-01 00:00:00-04:00,26.399999618530273,28.0,26.0,26.799999237060547,7585,0.0,0.0
2024-05-02 00:00:00-04:00,26.799999237060547,27.600000381469727,25.600000381469727,26.399999618530273,9003,0.0,0.0
2024-05-03 00:00:00-04:00,25.600000381469727,27.600000381469727,25.600000381469727,27.200000762939453,5040,0.0,0.0
2024-05-06 00:00:00-04:00,28.0,28.799999237060547,27.200000762939453,28.799999237060547,5820,0.0,0.0
2024-05-07 00:00:00-04:00,28.799999237060547,28.799999237060547,27.200000762939453,27.200000762939453,2840,0.0,0.0
2024-05-08 00:00:00-04:00,27.200000762939453,27.600000381469727,26.399999618530273,26.399999618530273,3835,0.0,0.0
2024-05-09 00:00:00-04:00,26.399999618530273,27.600000381469727,26.0,27.600000381469727,3958,0.0,0.0
2024-05-10 00:00:00-04:00,27.600000381469727,27.600000381469727,25.600000381469727,26.0,3095,0.0,0.0
2024-05-13 00:00:00-04:00,25.200000762939453,26.0,24.799999237060547,24.799999237060547,1798,0.0,0.0
2024-05-14 00:00:00-04:00,25.200000762939453,26.0,24.799999237060547,25.600000381469727,2733,0.0,0.0
2024-05-15 00:00:00-04:00,25.600000381469727,26.399999618530273,24.0,24.799999237060547,11365,0.0,0.0
2024-05-16 00:00:00-04:00,24.399999618530273,26.399999618530273,24.399999618530273,25.600000381469727,15550,0.0,0.0
2024-05-17 00:00:00-04:00,26.399999618530273,27.200000762939453,24.399999618530273,25.600000381469727,7690,0.0,0.0
2024-05-20 00:00:00-04:00,24.799999237060547,25.600000381469727,24.399999618530273,24.799999237060547,2738,0.0,0.0
2024-05-21 00:00:00-04:00,24.799999237060547,26.0,24.0,24.799999237060547,3283,0.0,0.0
2024-05-22 00:00:00-04:00,24.0,25.200000762939453,24.0,24.799999237060547,4408,0.0,0.0
2024-05-23 00:00:00-04:00,25.200000762939453,26.0,24.0,24.0,13753,0.0,0.0
2024-05-24 00:00:00-04:00,26.0,27.600000381469727,25.200000762939453,27.600000381469727,13685,0.0,0.0
2024-05-28 00:00:00-04:00,27.600000381469727,29.200000762939453,26.0,28.799999237060547,33515,0.0,0.0
2024-05-29 00:00:00-04:00,27.600000381469727,28.799999237060547,26.0,27.600000381469727,5800,0.0,0.0
2024-05-30 00:00:00-04:00,28.799999237060547,34.0,27.600000381469727,32.79999923706055,22295,0.0,0.0
2024-05-31 00:00:00-04:00,33.20000076293945,33.599998474121094,29.600000381469727,30.0,9678,0.0,0.0
2024-06-03 00:00:00-04:00,30.0,30.799999237060547,29.200000762939453,29.200000762939453,4028,0.0,0.0
2024-06-04 00:00:00-04:00,29.200000762939453,30.0,27.200000762939453,28.0,6380,0.0,0.0
2024-06-05 00:00:00-04:00,28.0,29.200000762939453,27.600000381469727,28.799999237060547,2960,0.0,0.0
2024-06-06 00:00:00-04:00,28.399999618530273,30.0,27.600000381469727,28.0,7763,0.0,0.0
2024-06-07 00:00:00-04:00,28.399999618530273,29.600000381469727,26.399999618530273,26.399999618530273,6695,0.0,0.0
2024-06-10 00:00:00-04:00,27.200000762939453,28.0,25.200000762939453,26.399999618530273,7473,0.0,0.0
2024-06-11 00:00:00-04:00,26.0,27.200000762939453,25.600000381469727,27.200000762939453,2358,0.0,0.0
2024-06-12 00:00:00-04:00,27.200000762939453,27.200000762939453,25.600000381469727,26.0,9085,0.0,0.0
2024-06-13 00:00:00-04:00,26.799999237060547,27.600000381469727,26.0,27.200000762939453,5125,0.0,0.0
2024-06-14 00:00:00-04:00,26.0,27.200000762939453,26.0,26.799999237060547,5980,0.0,0.0
2024-06-17 00:00:00-04:00,26.399999618530273,26.399999618530273,25.200000762939453,25.600000381469727,4900,0.0,0.0
2024-06-18 00:00:00-04:00,26.0,26.399999618530273,24.399999618530273,24.799999237060547,6533,0.0,0.0
2024-06-20 00:00:00-04:00,24.799999237060547,24.799999237060547,23.200000762939453,23.600000381469727,10570,0.0,0.0
2024-06-21 00:00:00-04:00,24.0,24.399999618530273,23.200000762939453,23.600000381469727,6795,0.0,0.0
2024-06-24 00:00:00-04:00,23.600000381469727,25.200000762939453,23.600000381469727,24.399999618530273,10365,0.0,0.0
2024-06-25 00:00:00-04:00,24.799999237060547,24.799999237060547,22.799999237060547,23.200000762939453,9555,0.0,0.0
2024-06-26 00:00:00-04:00,22.799999237060547,23.600000381469727,22.399999618530273,22.399999618530273,7658,0.0,0.0
2024-06-27 00:00:00-04:00,22.799999237060547,24.0,22.399999618530273,22.799999237060547,2595,0.0,0.0
2024-06-28 00:00:00-04:00,22.399999618530273,23.200000762939453,22.0,22.799999237060547,6920,0.0,0.0
2024-07-01 00:00:00-04:00,22.799999237060547,23.200000762939453,22.0,22.399999618530273,3765,0.0,0.0
2024-07-02 00:00:00-04:00,22.399999618530273,22.799999237060547,20.799999237060547,21.200000762939453,9850,0.0,0.0
2024-07-03 00:00:00-04:00,21.600000381469727,22.399999618530273,20.399999618530273,21.200000762939453,7485,0.0,0.0
2024-07-05 00:00:00-04:00,20.799999237060547,22.799999237060547,20.399999618530273,22.0,9020,0.0,0.0
2024-07-08 00:00:00-04:00,22.399999618530273,22.399999618530273,21.600000381469727,22.399999618530273,3890,0.0,0.0
2024-07-09 00:00:00-04:00,22.399999618530273,23.200000762939453,22.0,23.200000762939453,6198,0.0,0.0
2024-07-10 00:00:00-04:00,22.799999237060547,26.0,22.799999237060547,26.0,14480,0.0,0.0
2024-07-11 00:00:00-04:00,26.799999237060547,26.799999237060547,22.799999237060547,26.0,11590,0.0,0.0
2024-07-12 00:00:00-04:00,25.600000381469727,28.799999237060547,24.399999618530273,28.399999618530273,11880,0.0,0.0
2024-07-15 00:00:00-04:00,29.200000762939453,31.200000762939453,27.200000762939453,30.399999618530273,13703,0.0,0.0
2024-07-16 00:00:00-04:00,30.799999237060547,32.79999923706055,30.399999618530273,32.79999923706055,12780,0.0,0.0
2024-07-17 00:00:00-04:00,31.600000381469727,34.400001525878906,31.200000762939453,34.0,16723,0.0,0.0
2024-07-18 00:00:00-04:00,35.20000076293945,35.599998474121094,31.200000762939453,31.600000381469727,14490,0.0,0.0
2024-07-19 00:00:00-04:00,31.600000381469727,35.20000076293945,31.200000762939453,33.20000076293945,6805,0.0,0.0
2024-07-22 00:00:00-04:00,33.599998474121094,34.0,30.399999618530273,32.400001525878906,6675,0.0,0.0
2024-07-23 00:00:00-04:00,32.79999923706055,34.0,32.0,32.400001525878906,9283,0.0,0.0
2024-07-24 00:00:00-04:00,32.400001525878906,33.599998474121094,32.400001525878906,32.79999923706055,8593,0.0,0.0
2024-07-25 00:00:00-04:00,32.79999923706055,35.20000076293945,32.0,34.79999923706055,7375,0.0,0.0
2024-07-26 00:00:00-04:00,34.79999923706055,35.599998474121094,32.400001525878906,34.0,12115,0.0,0.0
2024-07-29 00:00:00-04:00,34.0,34.0,30.0,30.399999618530273,16940,0.0,0.0
2024-07-30 00:00:00-04:00,31.200000762939453,32.0,30.0,30.399999618530273,8303,0.0,0.0
2024-07-31 00:00:00-04:00,30.799999237060547,32.400001525878906,30.0,31.600000381469727,2160,0.0,0.0
2024-08-01 00:00:00-04:00,31.600000381469727,31.600000381469727,26.799999237060547,27.600000381469727,9243,0.0,0.0
2024-08-02 00:00:00-04:00,28.399999618530273,28.399999618530273,25.200000762939453,27.200000762939453,7508,0.0,0.0
2024-08-05 00:00:00-04:00,26.0,27.200000762939453,24.0,25.200000762939453,7160,0.0,0.0
2024-08-06 00:00:00-04:00,25.600000381469727,28.0,24.399999618530273,27.600000381469727,3543,0.0,0.0
2024-08-07 00:00:00-04:00,26.799999237060547,27.600000381469727,24.799999237060547,25.600000381469727,7573,0.0,0.0
2024-08-08 00:00:00-04:00,26.0,28.0,25.200000762939453,27.200000762939453,4308,0.0,0.0
2024-08-09 00:00:00-04:00,27.200000762939453,29.600000381469727,27.200000762939453,29.600000381469727,2928,0.0,0.0
2024-08-12 00:00:00-04:00,29.600000381469727,35.20000076293945,28.399999618530273,31.600000381469727,7388,0.0,0.0
2024-08-13 00:00:00-04:00,32.0,34.0,28.399999618530273,30.799999237060547,10393,0.0,0.0
2024-08-14 00:00:00-04:00,30.399999618530273,32.0,30.0,31.200000762939453,8148,0.0,0.0
2024-08-15 00:00:00-04:00,28.0,29.200000762939453,26.0,27.200000762939453,18808,0.0,0.0
2024-08-16 00:00:00-04:00,27.600000381469727,29.600000381469727,27.200000762939453,29.600000381469727,5755,0.0,0.0
2024-08-19 00:00:00-04:00,30.0,32.400001525878906,29.600000381469727,31.600000381469727,5090,0.0,0.0
2024-08-20 00:00:00-04:00,31.600000381469727,31.600000381469727,29.600000381469727,30.0,4893,0.0,0.0
2024-08-21 00:00:00-04:00,28.799999237060547,30.0,28.799999237060547,29.600000381469727,4295,0.0,0.0
2024-08-22 00:00:00-04:00,30.799999237060547,30.799999237060547,28.399999618530273,28.799999237060547,2930,0.0,0.0
2024-08-23 00:00:00-04:00,28.0,30.399999618530273,28.0,29.600000381469727,4493,0.0,0.0
2024-08-26 00:00:00-04:00,28.799999237060547,29.200000762939453,27.600000381469727,28.799999237060547,8770,0.0,0.0
2024-08-27 00:00:00-04:00,28.399999618530273,29.200000762939453,27.600000381469727,27.600000381469727,2363,0.0,0.0
2024-08-28 00:00:00-04:00,28.0,28.399999618530273,24.399999618530273,26.0,9428,0.0,0.0
2024-08-29 00:00:00-04:00,26.0,27.200000762939453,25.200000762939453,25.600000381469727,4058,0.0,0.0
2024-08-30 00:00:00-04:00,25.600000381469727,26.399999618530273,24.799999237060547,26.0,4180,0.0,0.0
2024-09-03 00:00:00-04:00,26.399999618530273,26.399999618530273,25.200000762939453,25.200000762939453,3833,0.0,0.0
2024-09-04 00:00:00-04:00,25.600000381469727,26.399999618530273,24.799999237060547,25.200000762939453,2580,0.0,0.0
2024-09-05 00:00:00-04:00,25.600000381469727,26.0,24.399999618530273,24.799999237060547,3695,0.0,0.0
2024-09-06 00:00:00-04:00,24.399999618530273,25.600000381469727,24.0,24.399999618530273,2843,0.0,0.0
2024-09-09 00:00:00-04:00,24.799999237060547,25.600000381469727,24.0,24.399999618530273,2410,0.0,0.0
2024-09-10 00:00:00-04:00,24.399999618530273,26.399999618530273,24.0,25.200000762939453,3488,0.0,0.0
2024-09-11 00:00:00-04:00,25.200000762939453,26.0,24.399999618530273,25.600000381469727,1543,0.0,0.0
2024-09-12 00:00:00-04:00,26.0,26.399999618530273,24.799999237060547,25.200000762939453,1420,0.0,0.0
2024-09-13 00:00:00-04:00,25.200000762939453,25.600000381469727,24.399999618530273,24.799999237060547,4163,0.0,0.0
2024-09-16 00:00:00-04:00,25.200000762939453,26.0,24.799999237060547,25.600000381469727,2528,0.0,0.0
2024-09-17 00:00:00-04:00,25.600000381469727,26.0,24.799999237060547,24.799999237060547,4348,0.0,0.0
2024-09-18 00:00:00-04:00,24.399999618530273,26.0,24.399999618530273,24.799999237060547,1858,0.0,0.0
2024-09-19 00:00:00-04:00,26.0,26.399999618530273,25.200000762939453,26.0,3840,0.0,0.0
2024-09-20 00:00:00-04:00,26.399999618530273,26.799999237060547,26.0,26.399999618530273,1910,0.0,0.0
2024-09-23 00:00:00-04:00,26.799999237060547,26.799999237060547,25.200000762939453,25.600000381469727,2570,0.0,0.0
2024-09-24 00:00:00-04:00,26.0,26.399999618530273,25.600000381469727,26.0,2145,0.0,0.0
2024-09-25 00:00:00-04:00,25.600000381469727,26.799999237060547,25.600000381469727,25.600000381469727,1340,0.0,0.0
2024-09-26 00:00:00-04:00,26.399999618530273,26.399999618530273,25.200000762939453,25.200000762939453,2265,0.0,0.0
2024-09-27 00:00:00-04:00,25.200000762939453,26.0,24.799999237060547,24.799999237060547,3648,0.0,0.0
2024-09-30 00:00:00-04:00,26.0,26.799999237060547,21.600000381469727,21.600000381469727,21063,0.0,0.0
2024-10-01 00:00:00-04:00,24.0,24.399999618530273,21.600000381469727,21.600000381469727,8623,0.0,0.0
2024-10-02 00:00:00-04:00,22.0,22.0,20.0,20.799999237060547,10663,0.0,0.0
2024-10-03 00:00:00-04:00,21.600000381469727,22.399999618530273,20.399999618530273,20.399999618530273,4233,0.0,0.0
2024-10-04 00:00:00-04:00,21.600000381469727,21.600000381469727,17.600000381469727,18.399999618530273,42728,0.0,0.0
2024-10-07 00:00:00-04:00,20.399999618530273,20.799999237060547,18.799999237060547,19.200000762939453,19143,0.0,0.0
2024-10-08 00:00:00-04:00,19.200000762939453,20.0,17.200000762939453,18.799999237060547,11890,0.0,0.0
2024-10-09 00:00:00-04:00,20.0,20.0,18.0,18.399999618530273,7115,0.0,0.0
2024-10-10 00:00:00-04:00,18.799999237060547,19.600000381469727,18.0,18.799999237060547,3398,0.0,0.0
2024-10-11 00:00:00-04:00,18.799999237060547,19.600000381469727,18.0,19.600000381469727,4928,0.0,0.0
2024-10-14 00:00:00-04:00,20.0,20.0,17.600000381469727,18.399999618530273,8733,0.0,0.0
2024-10-15 00:00:00-04:00,18.399999618530273,19.200000762939453,17.200000762939453,17.600000381469727,7318,0.0,0.0
2024-10-16 00:00:00-04:00,18.0,19.200000762939453,18.0,18.799999237060547,5763,0.0,0.0
2024-10-17 00:00:00-04:00,19.200000762939453,20.0,18.0,18.399999618530273,8455,0.0,0.0
2024-10-18 00:00:00-04:00,18.399999618530273,19.600000381469727,18.0,18.799999237060547,10353,0.0,0.0
2024-10-21 00:00:00-04:00,18.799999237060547,19.600000381469727,17.600000381469727,18.799999237060547,9135,0.0,0.0
2024-10-22 00:00:00-04:00,18.799999237060547,18.799999237060547,16.0,18.0,19220,0.0,0.0
2024-10-23 00:00:00-04:00,18.0,18.0,16.799999237060547,16.799999237060547,5163,0.0,0.0
2024-10-24 00:00:00-04:00,16.799999237060547,18.0,15.600000381469727,16.0,13193,0.0,0.0
2024-10-25 00:00:00-04:00,16.0,16.799999237060547,15.600000381469727,16.399999618530273,9065,0.0,0.0
2024-10-28 00:00:00-04:00,17.200000762939453,18.0,16.799999237060547,17.600000381469727,17850,0.0,0.0
2024-10-29 00:00:00-04:00,17.200000762939453,17.600000381469727,17.200000762939453,17.200000762939453,3230,0.0,0.0
2024-10-30 00:00:00-04:00,17.600000381469727,18.0,16.399999618530273,17.200000762939453,9095,0.0,0.0
2024-10-31 00:00:00-04:00,16.399999618530273,17.200000762939453,16.0,16.399999618530273,6033,0.0,0.0
2024-11-01 00:00:00-04:00,16.0,17.200000762939453,16.0,17.200000762939453,16823,0.0,0.0
2024-11-04 00:00:00-05:00,16.399999618530273,18.0,16.399999618530273,17.200000762939453,8410,0.0,0.0
2024-11-05 00:00:00-05:00,16.799999237060547,18.799999237060547,16.799999237060547,17.600000381469727,14093,0.0,0.0
2024-11-06 00:00:00-05:00,18.0,18.799999237060547,17.200000762939453,18.0,11030,0.0,0.0
2024-11-07 00:00:00-05:00,17.200000762939453,18.0,17.200000762939453,18.0,7513,0.0,0.0
2024-11-08 00:00:00-05:00,18.0,18.0,17.600000381469727,17.600000381469727,5648,0.0,0.0
2024-11-11 00:00:00-05:00,17.600000381469727,18.399999618530273,17.200000762939453,18.0,9183,0.0,0.0
2024-11-12 00:00:00-05:00,17.200000762939453,18.0,17.200000762939453,17.200000762939453,10005,0.0,0.0
2024-11-13 00:00:00-05:00,17.200000762939453,18.399999618530273,17.200000762939453,18.0,10110,0.0,0.0
2024-11-14 00:00:00-05:00,18.0,19.200000762939453,17.600000381469727,18.399999618530273,10288,0.0,0.0
2024-11-15 00:00:00-05:00,19.200000762939453,19.200000762939453,18.0,19.200000762939453,8645,0.0,0.0
2024-11-18 00:00:00-05:00,19.600000381469727,19.600000381469727,17.600000381469727,18.399999618530273,11900,0.0,0.0
2024-11-19 00:00:00-05:00,18.799999237060547,22.0,18.799999237060547,21.600000381469727,25393,0.0,0.0
2024-11-20 00:00:00-05:00,21.200000762939453,22.399999618530273,20.799999237060547,22.0,9203,0.0,0.0
2024-11-21 00:00:00-05:00,17.200000762939453,17.200000762939453,12.800000190734863,12.800000190734863,266445,0.0,0.0
2024-11-22 00:00:00-05:00,12.800000190734863,12.800000190734863,10.399999618530273,11.199999809265137,149210,0.0,0.0
2024-11-25 00:00:00-05:00,11.600000381469727,11.600000381469727,10.0,10.800000190734863,167168,0.0,0.0
2024-11-26 00:00:00-05:00,12.0,12.0,11.199999809265137,11.199999809265137,54398,0.0,0.0
2024-11-27 00:00:00-05:00,11.199999809265137,12.0,10.800000190734863,11.600000381469727,33813,0.0,0.0
2024-11-29 00:00:00-05:00,12.0,12.0,11.600000381469727,12.0,19590,0.0,0.0
2024-12-02 00:00:00-05:00,12.0,12.0,10.800000190734863,11.600000381469727,35270,0.0,0.0
2024-12-03 00:00:00-05:00,11.199999809265137,12.0,10.800000190734863,11.199999809265137,14505,0.0,0.0
2024-12-04 00:00:00-05:00,11.600000381469727,11.600000381469727,10.399999618530273,10.800000190734863,33555,0.0,0.0
2024-12-05 00:00:00-05:00,10.800000190734863,11.199999809265137,10.0,10.0,29070,0.0,0.0
2024-12-06 00:00:00-05:00,10.800000190734863,10.800000190734863,9.199999809265137,10.0,33428,0.0,0.0
2024-12-09 00:00:00-05:00,10.399999618530273,10.800000190734863,9.600000381469727,10.0,34505,0.0,0.0
2024-12-10 00:00:00-05:00,10.399999618530273,10.399999618530273,9.199999809265137,9.600000381469727,34268,0.0,0.0
2024-12-11 00:00:00-05:00,9.600000381469727,10.0,8.800000190734863,9.600000381469727,38135,0.0,0.0
2024-12-12 00:00:00-05:00,9.600000381469727,10.0,8.800000190734863,9.199999809265137,25808,0.0,0.0
2024-12-13 00:00:00-05:00,9.199999809265137,9.199999809265137,8.399999618530273,8.800000190734863,24350,0.0,0.0
2024-12-16 00:00:00-05:00,9.199999809265137,9.199999809265137,8.399999618530273,8.399999618530273,40200,0.0,0.0
2024-12-17 00:00:00-05:00,8.399999618530273,8.800000190734863,8.399999618530273,8.399999618530273,19798,0.0,0.0
2024-12-18 00:00:00-05:00,8.399999618530273,8.399999618530273,7.599999904632568,8.0,36660,0.0,0.0
2024-12-19 00:00:00-05:00,7.599999904632568,8.399999618530273,7.599999904632568,8.0,15193,0.0,0.0
2024-12-20 00:00:00-05:00,8.399999618530273,8.399999618530273,8.0,8.0,23035,0.0,0.0
2024-12-23 00:00:00-05:00,8.800000190734863,8.800000190734863,8.399999618530273,8.800000190734863,43665,0.0,0.0
2024-12-24 00:00:00-05:00,8.800000190734863,9.199999809265137,8.800000190734863,9.199999809265137,21393,0.0,0.0
2024-12-26 00:00:00-05:00,10.0,10.399999618530273,8.800000190734863,8.800000190734863,53533,0.0,0.0
2024-12-27 00:00:00-05:00,9.199999809265137,9.199999809265137,8.399999618530273,8.800000190734863,34118,0.0,0.0
2024-12-30 00:00:00-05:00,8.800000190734863,9.199999809265137,8.0,8.399999618530273,38458,0.0,0.0
2024-12-31 00:00:00-05:00,8.399999618530273,8.800000190734863,8.0,8.399999618530273,34835,0.0,0.0
2025-01-02 00:00:00-05:00,9.199999809265137,14.800000190734863,8.800000190734863,10.399999618530273,861990,0.0,0.0
2025-01-03 00:00:00-05:00,12.0,12.399999618530273,10.399999618530273,10.800000190734863,1932650,0.0,0.0
2025-01-06 00:00:00-05:00,7.599999904632568,7.599999904632568,6.0,6.400000095367432,1118493,0.0,0.0
2025-01-07 00:00:00-05:00,6.400000095367432,6.400000095367432,6.0,6.400000095367432,477158,0.0,0.0
2025-01-08 00:00:00-05:00,6.400000095367432,6.400000095367432,5.599999904632568,5.599999904632568,378233,0.0,0.0
2025-01-10 00:00:00-05:00,5.599999904632568,5.599999904632568,5.599999904632568,5.599999904632568,219458,0.0,0.0
2025-01-13 00:00:00-05:00,6.0,6.0,5.199999809265137,5.599999904632568,217303,0.0,0.0
2025-01-14 00:00:00-05:00,5.199999809265137,5.199999809265137,4.800000190734863,4.800000190734863,282120,0.0,0.0
2025-01-15 00:00:00-05:00,4.800000190734863,4.800000190734863,4.0,4.0,281048,0.0,0.0
2025-01-16 00:00:00-05:00,4.0,5.599999904632568,4.0,4.800000190734863,2689283,0.0,0.0
2025-01-17 00:00:00-05:00,4.0,4.400000095367432,3.200000047683716,4.0,647058,0.0,0.0
2025-01-21 00:00:00-05:00,4.400000095367432,4.400000095367432,4.0,4.400000095367432,279923,0.0,0.0
2025-01-22 00:00:00-05:00,4.400000095367432,4.400000095367432,4.0,4.400000095367432,138863,0.0,0.0
2025-01-23 00:00:00-05:00,4.400000095367432,4.800000190734863,4.400000095367432,4.800000190734863,139605,0.0,0.0
2025-01-24 00:00:00-05:00,4.800000190734863,4.800000190734863,4.0,4.400000095367432,153958,0.0,0.0
2025-01-27 00:00:00-05:00,4.400000095367432,4.400000095367432,4.0,4.400000095367432,59595,0.0,0.0
2025-01-28 00:00:00-05:00,4.800000190734863,4.800000190734863,4.400000095367432,4.400000095367432,62308,0.0,0.0
2025-01-29 00:00:00-05:00,4.800000190734863,4.800000190734863,4.0,4.400000095367432,348925,0.0,0.0
2025-01-30 00:00:00-05:00,4.440000057220459,4.440000057220459,3.3299999237060547,3.569999933242798,708900,0.0,0.025
2025-01-31 00:00:00-05:00,3.4600000381469727,3.559999942779541,3.240000009536743,3.559999942779541,204400,0.0,0.0
2025-02-03 00:00:00-05:00,3.630000114440918,3.700000047683716,3.2799999713897705,3.390000104904175,211200,0.0,0.0
2025-02-04 00:00:00-05:00,3.4100000858306885,3.6700000762939453,3.3499999046325684,3.4800000190734863,161700,0.0,0.0
2025-02-05 00:00:00-05:00,3.4800000190734863,3.6700000762939453,3.4800000190734863,3.630000114440918,141100,0.0,0.0
2025-02-06 00:00:00-05:00,3.609999895095825,3.740000009536743,3.450000047683716,3.490000009536743,76800,0.0,0.0
2025-02-07 00:00:00-05:00,3.4600000381469727,3.490000009536743,3.259999990463257,3.3299999237060547,141200,0.0,0.0
2025-02-10 00:00:00-05:00,3.359999895095825,3.390000104904175,3.2699999809265137,3.3399999141693115,54800,0.0,0.0
2025-02-11 00:00:00-05:00,3.390000104904175,3.4800000190734863,3.3399999141693115,3.390000104904175,63900,0.0,0.0
2025-02-12 00:00:00-05:00,3.359999895095825,3.5799999237060547,3.3499999046325684,3.5199999809265137,75500,0.0,0.0
2025-02-13 00:00:00-05:00,3.5399999618530273,3.5399999618530273,3.4000000953674316,3.509999990463257,69000,0.0,0.0
2025-02-14 00:00:00-05:00,3.509999990463257,3.859999895095825,3.440000057220459,3.7100000381469727,110500,0.0,0.0
2025-02-18 00:00:00-05:00,3.8299999237060547,4.110000133514404,3.680000066757202,4.110000133514404,192200,0.0,0.0
2025-02-19 00:00:00-05:00,4.119999885559082,4.170000076293945,3.7799999713897705,3.859999895095825,101300,0.0,0.0
2025-02-20 00:00:00-05:00,3.9100000858306885,3.9100000858306885,3.7100000381469727,3.880000114440918,55100,0.0,0.0
2025-02-21 00:00:00-05:00,3.9000000953674316,3.9200000762939453,3.5399999618530273,3.5899999141693115,106700,0.0,0.0
2025-02-24 00:00:00-05:00,3.5899999141693115,3.799999952316284,3.509999990463257,3.6700000762939453,42500,0.0,0.0
2025-02-25 00:00:00-05:00,3.7699999809265137,3.7799999713897705,3.299999952316284,3.5,55300,0.0,0.0
2025-02-26 00:00:00-05:00,3.4700000286102295,3.569999933242798,3.4100000858306885,3.4600000381469727,29600,0.0,0.0
2025-02-27 00:00:00-05:00,3.4600000381469727,3.5299999713897705,3.2899999618530273,3.319999933242798,33400,0.0,0.0
2025-02-28 00:00:00-05:00,3.319999933242798,3.4200000762939453,3.2699999809265137,3.3499999046325684,22000,0.0,0.0
2025-03-03 00:00:00-05:00,3.3499999046325684,3.3499999046325684,3.109999895095825,3.1600000858306885,60800,0.0,0.0
2025-03-04 00:00:00-05:00,3.0199999809265137,3.200000047683716,2.880000114440918,3.069999933242798,56800,0.0,0.0
2025-03-05 00:00:00-05:00,3.140000104904175,3.2899999618530273,3.059999942779541,3.2100000381469727,33300,0.0,0.0
2025-03-06 00:00:00-05:00,3.180000066757202,3.259999990463257,3.119999885559082,3.200000047683716,13200,0.0,0.0
2025-03-07 00:00:00-05:00,3.200000047683716,3.200000047683716,3.0999999046325684,3.180000066757202,24500,0.0,0.0
2025-03-10 00:00:00-04:00,3.140000104904175,3.2200000286102295,3.0199999809265137,3.1500000953674316,38200,0.0,0.0
2025-03-11 00:00:00-04:00,3.059999942779541,3.1500000953674316,3.009999990463257,3.1500000953674316,32100,0.0,0.0
2025-03-12 00:00:00-04:00,3.0799999237060547,3.299999952316284,3.0799999237060547,3.2100000381469727,20800,0.0,0.0
2025-03-13 00:00:00-04:00,3.0999999046325684,3.180000066757202,3.009999990463257,3.049999952316284,18600,0.0,0.0
2025-03-14 00:00:00-04:00,3.0299999713897705,3.180000066757202,3.0299999713897705,3.1600000858306885,22700,0.0,0.0
2025-03-17 00:00:00-04:00,3.2300000190734863,3.2899999618530273,3.119999885559082,3.2200000286102295,34500,0.0,0.0
2025-03-18 00:00:00-04:00,3.130000114440918,3.2899999618530273,3.130000114440918,3.180000066757202,13400,0.0,0.0
2025-03-19 00:00:00-04:00,3.2200000286102295,3.390000104904175,3.140000104904175,3.390000104904175,24400,0.0,0.0
2025-03-20 00:00:00-04:00,3.299999952316284,3.490000009536743,3.2699999809265137,3.4200000762939453,11600,0.0,0.0
2025-03-21 00:00:00-04:00,3.390000104904175,3.609999895095825,3.2899999618530273,3.5799999237060547,20200,0.0,0.0
2025-03-24 00:00:00-04:00,3.4600000381469727,3.549999952316284,3.4000000953674316,3.4200000762939453,23400,0.0,0.0
2025-03-25 00:00:00-04:00,3.4200000762939453,3.450000047683716,3.2300000190734863,3.3399999141693115,16000,0.0,0.0
2025-03-26 00:00:00-04:00,3.3299999237060547,3.3399999141693115,3.1500000953674316,3.1700000762939453,19800,0.0,0.0
2025-03-27 00:00:00-04:00,3.180000066757202,3.3299999237060547,3.130000114440918,3.190000057220459,17000,0.0,0.0
2025-03-28 00:00:00-04:00,3.190000057220459,3.2300000190734863,3.009999990463257,3.049999952316284,27900,0.0,0.0
2025-03-31 00:00:00-04:00,3.180000066757202,3.180000066757202,2.940000057220459,2.9600000381469727,53700,0.0,0.0
2025-04-01 00:00:00-04:00,3.059999942779541,3.130000114440918,2.8499999046325684,2.9200000762939453,68700,0.0,0.0
2025-04-02 00:00:00-04:00,2.859999895095825,3.119999885559082,2.8499999046325684,3.0999999046325684,30200,0.0,0.0
2025-04-03 00:00:00-04:00,2.9800000190734863,2.990000009536743,2.9100000858306885,2.940000057220459,22000,0.0,0.0
2025-04-04 00:00:00-04:00,2.8399999141693115,2.9000000953674316,2.5799999237060547,2.6500000953674316,55800,0.0,0.0
2025-04-07 00:00:00-04:00,2.630000114440918,2.6700000762939453,2.440000057220459,2.5199999809265137,56600,0.0,0.0
2025-04-08 00:00:00-04:00,2.619999885559082,2.619999885559082,2.299999952316284,2.4700000286102295,38100,0.0,0.0
2025-04-09 00:00:00-04:00,2.4700000286102295,2.7200000286102295,2.319999933242798,2.640000104904175,40900,0.0,0.0
2025-04-10 00:00:00-04:00,2.6500000953674316,2.700000047683716,2.3499999046325684,2.430000066757202,11200,0.0,0.0
2025-04-11 00:00:00-04:00,2.5,2.759999990463257,2.5,2.75,24600,0.0,0.0
2025-04-14 00:00:00-04:00,2.869999885559082,2.9000000953674316,2.7699999809265137,2.890000104904175,17600,0.0,0.0
2025-04-15 00:00:00-04:00,2.9000000953674316,2.9800000190734863,2.799999952316284,2.819999933242798,13100,0.0,0.0
2025-04-16 00:00:00-04:00,2.880000114440918,2.950000047683716,2.740000009536743,2.75,57800,0.0,0.0
2025-04-17 00:00:00-04:00,2.75,2.880000114440918,2.740000009536743,2.880000114440918,9000,0.0,0.0
2025-04-21 00:00:00-04:00,2.819999933242798,2.940000057220459,2.799999952316284,2.9000000953674316,14900,0.0,0.0
2025-04-22 00:00:00-04:00,2.950000047683716,2.950000047683716,2.8399999141693115,2.9000000953674316,13500,0.0,0.0
2025-04-23 00:00:00-04:00,2.890000104904175,3.0899999141693115,2.869999885559082,3.0,17000,0.0,0.0
2025-04-24 00:00:00-04:00,3.0,3.069999933242798,2.930000066757202,3.0,14100,0.0,0.0
2025-04-25 00:00:00-04:00,3.059999942779541,3.2799999713897705,3.059999942779541,3.2200000286102295,34600,0.0,0.0
2025-04-28 00:00:00-04:00,3.2799999713897705,3.2799999713897705,3.0799999237060547,3.190000057220459,11300,0.0,0.0
2025-04-29 00:00:00-04:00,3.240000009536743,3.299999952316284,3.1600000858306885,3.2200000286102295,10600,0.0,0.0
2025-04-30 00:00:00-04:00,3.180000066757202,3.490000009536743,3.180000066757202,3.4700000286102295,40400,0.0,0.0
2025-05-01 00:00:00-04:00,3.4800000190734863,3.490000009536743,3.299999952316284,3.440000057220459,14800,0.0,0.0
2025-05-02 00:00:00-04:00,3.4700000286102295,3.490000009536743,3.299999952316284,3.440000057220459,14600,0.0,0.0
2025-05-05 00:00:00-04:00,3.430000066757202,3.430000066757202,3.240000009536743,3.25,18400,0.0,0.0
2025-05-06 00:00:00-04:00,3.299999952316284,3.299999952316284,3.130000114440918,3.2799999713897705,23800,0.0,0.0
2025-05-07 00:00:00-04:00,3.140000104904175,3.2200000286102295,3.140000104904175,3.1600000858306885,8900,0.0,0.0
2025-05-08 00:00:00-04:00,3.2699999809265137,3.2799999713897705,3.130000114440918,3.1600000858306885,11400,0.0,0.0
2025-05-09 00:00:00-04:00,3.1600000858306885,3.3499999046325684,3.130000114440918,3.1700000762939453,6300,0.0,0.0
2025-05-12 00:00:00-04:00,3.1500000953674316,3.1600000858306885,3.009999990463257,3.0899999141693115,14900,0.0,0.0
2025-05-13 00:00:00-04:00,3.1500000953674316,3.240000009536743,3.109999895095825,3.190000057220459,11400,0.0,0.0
2025-05-14 00:00:00-04:00,3.200000047683716,3.25,3.0799999237060547,3.0899999141693115,11400,0.0,0.0
2025-05-15 00:00:00-04:00,3.0899999141693115,3.1600000858306885,3.009999990463257,3.0899999141693115,12800,0.0,0.0
2025-05-16 00:00:00-04:00,3.240000009536743,3.259999990463257,3.059999942779541,3.240000009536743,15500,0.0,0.0
2025-05-19 00:00:00-04:00,3.069999933242798,3.2899999618530273,3.069999933242798,3.2699999809265137,12600,0.0,0.0
2025-05-20 00:00:00-04:00,3.2699999809265137,3.680000066757202,3.190000057220459,3.640000104904175,89300,0.0,0.0
2025-05-21 00:00:00-04:00,3.5999999046325684,3.6600000858306885,3.450000047683716,3.630000114440918,29100,0.0,0.0
2025-05-22 00:00:00-04:00,3.619999885559082,3.9700000286102295,3.319999933242798,3.799999952316284,83900,0.0,0.0
2025-05-23 00:00:00-04:00,3.700000047683716,3.7699999809265137,3.4200000762939453,3.6600000858306885,25300,0.0,0.0
2025-05-27 00:00:00-04:00,3.619999885559082,3.859999895095825,3.430000066757202,3.680000066757202,45000,0.0,0.0
2025-05-28 00:00:00-04:00,3.869999885559082,3.869999885559082,3.630000114440918,3.7899999618530273,19300,0.0,0.0
2025-05-29 00:00:00-04:00,3.819999933242798,3.990000009536743,3.759999990463257,3.7899999618530273,46300,0.0,0.0
2025-05-30 00:00:00-04:00,5.869999885559082,7.769999980926514,4.900000095367432,5.25,36539100,0.0,0.0
2025-06-02 00:00:00-04:00,5.159999847412109,5.230000019073486,4.050000190734863,4.099999904632568,734900,0.0,0.0
2025-06-03 00:00:00-04:00,4.03000020980835,4.46999979019165,3.880000114440918,4.21999979019165,336600,0.0,0.0
2025-06-04 00:00:00-04:00,4.059999942779541,4.730000019073486,4.0,4.659999847412109,269100,0.0,0.0
2025-06-05 00:00:00-04:00,4.650000095367432,5.5,4.489999771118164,5.269999980926514,272800,0.0,0.0
2025-06-06 00:00:00-04:00,5.170000076293945,6.449999809265137,5.079999923706055,5.739999771118164,969500,0.0,0.0
2025-06-09 00:00:00-04:00,6.320000171661377,6.320000171661377,5.920000076293945,5.929999828338623,590500,0.0,0.0
2025-06-10 00:00:00-04:00,5.71999979019165,6.590000152587891,5.699999809265137,5.820000171661377,414000,0.0,0.0
2025-06-11 00:00:00-04:00,5.539999961853027,5.940000057220459,5.300000190734863,5.440000057220459,258300,0.0,0.0
2025-06-12 00:00:00-04:00,5.110000133514404,5.400000095367432,5.099999904632568,5.289999961853027,145900,0.0,0.0
2025-06-13 00:00:00-04:00,5.179999828338623,5.269999980926514,4.53000020980835,4.690000057220459,165800,0.0,0.0
2025-06-16 00:00:00-04:00,4.849999904632568,5.050000190734863,4.539999961853027,4.670000076293945,93900,0.0,0.0
2025-06-17 00:00:00-04:00,4.630000114440918,4.929999828338623,4.340000152587891,4.420000076293945,207000,0.0,0.0
2025-06-18 00:00:00-04:00,4.409999847412109,4.650000095367432,4.409999847412109,4.570000171661377,56700,0.0,0.0
2025-06-20 00:00:00-04:00,4.619999885559082,4.670000076293945,4.150000095367432,4.239999771118164,91200,0.0,0.0
2025-06-23 00:00:00-04:00,4.230000019073486,4.230000019073486,3.7899999618530273,4.0,149000,0.0,0.0
2025-06-24 00:00:00-04:00,4.070000171661377,4.599999904632568,4.010000228881836,4.440000057220459,113200,0.0,0.0
2025-06-25 00:00:00-04:00,4.559999942779541,4.619999885559082,4.329999923706055,4.489999771118164,51100,0.0,0.0
2025-06-26 00:00:00-04:00,4.550000190734863,4.550000190734863,4.25,4.400000095367432,54200,0.0,0.0
2025-06-27 00:00:00-04:00,4.400000095367432,4.639999866485596,4.199999809265137,4.429999828338623,52300,0.0,0.0
2025-06-30 00:00:00-04:00,4.480000019073486,4.639999866485596,4.349999904632568,4.570000171661377,31100,0.0,0.0
2025-07-01 00:00:00-04:00,4.570000171661377,4.570000171661377,4.409999847412109,4.53000020980835,20400,0.0,0.0
2025-07-02 00:00:00-04:00,4.53000020980835,4.639999866485596,4.349999904632568,4.610000133514404,35800,0.0,0.0
2025-07-03 00:00:00-04:00,4.619999885559082,4.630000114440918,4.389999866485596,4.489999771118164,36000,0.0,0.0
2025-07-07 00:00:00-04:00,4.480000019073486,4.619999885559082,4.050000190734863,4.320000171661377,53600,0.0,0.0
2025-07-08 00:00:00-04:00,4.25,4.389999866485596,4.139999866485596,4.329999923706055,28800,0.0,0.0
2025-07-09 00:00:00-04:00,4.28000020980835,4.920000076293945,4.28000020980835,4.920000076293945,69200,0.0,0.0
2025-07-10 00:00:00-04:00,4.909999847412109,5.059999942779541,4.739999771118164,4.880000114440918,55800,0.0,0.0
2025-07-11 00:00:00-04:00,4.860000133514404,4.909999847412109,4.630000114440918,4.699999809265137,41400,0.0,0.0
2025-07-14 00:00:00-04:00,4.599999904632568,4.860000133514404,4.400000095367432,4.699999809265137,36500,0.0,0.0
2025-07-15 00:00:00-04:00,4.579999923706055,4.71999979019165,4.510000228881836,4.519999980926514,22000,0.0,0.0
2025-07-16 00:00:00-04:00,4.699999809265137,4.699999809265137,4.46999979019165,4.599999904632568,19100,0.0,0.0
2025-07-17 00:00:00-04:00,4.590000152587891,4.739999771118164,4.550000190734863,4.650000095367432,12900,0.0,0.0
2025-07-18 00:00:00-04:00,4.599999904632568,4.690000057220459,4.460000038146973,4.46999979019165,24100,0.0,0.0
2025-07-21 00:00:00-04:00,4.449999809265137,4.480000019073486,4.25,4.360000133514404,34500,0.0,0.0
2025-07-22 00:00:00-04:00,4.420000076293945,4.5,4.25,4.489999771118164,55400,0.0,0.0
2025-07-23 00:00:00-04:00,4.510000228881836,4.75,4.449999809265137,4.559999942779541,41000,0.0,0.0
2025-07-24 00:00:00-04:00,4.559999942779541,4.579999923706055,4.429999828338623,4.510000228881836,25900,0.0,0.0
2025-07-25 00:00:00-04:00,4.510000228881836,4.690000057220459,4.199999809265137,4.25,29800,0.0,0.0
2025-07-28 00:00:00-04:00,4.300000190734863,4.380000114440918,4.039999961853027,4.159999847412109,43800,0.0,0.0
2025-07-29 00:00:00-04:00,4.309999942779541,4.309999942779541,4.03000020980835,4.130000114440918,23000,0.0,0.0
2025-07-30 00:00:00-04:00,4.199999809265137,4.320000171661377,3.9600000381469727,4.010000228881836,49000,0.0,0.0
2025-07-31 00:00:00-04:00,4.019999980926514,4.079999923706055,3.799999952316284,3.9800000190734863,21300,0.0,0.0
2025-08-01 00:00:00-04:00,3.8499999046325684,3.9700000286102295,3.7100000381469727,3.869999885559082,17900,0.0,0.0
2025-08-04 00:00:00-04:00,3.869999885559082,4.010000228881836,3.8399999141693115,3.8399999141693115,23000,0.0,0.0
2025-08-05 00:00:00-04:00,3.859999895095825,4.170000076293945,3.859999895095825,3.890000104904175,62900,0.0,0.0
2025-08-06 00:00:00-04:00,3.9000000953674316,3.930000066757202,3.690000057220459,3.890000104904175,102000,0.0,0.0
2025-08-07 00:00:00-04:00,3.9000000953674316,3.9200000762939453,3.5199999809265137,3.6500000953674316,36200,0.0,0.0
2025-08-08 00:00:00-04:00,3.630000114440918,3.630000114440918,3.3499999046325684,3.559999942779541,48600,0.0,0.0
2025-08-11 00:00:00-04:00,3.640000104904175,3.759999990463257,3.5999999046325684,3.7200000286102295,30300,0.0,0.0
2025-08-12 00:00:00-04:00,3.75,3.8499999046325684,3.5799999237060547,3.75,18900,0.0,0.0
2025-08-13 00:00:00-04:00,3.809999942779541,3.940000057220459,3.6600000858306885,3.940000057220459,70400,0.0,0.0
2025-08-14 00:00:00-04:00,3.8499999046325684,3.940000057220459,3.5799999237060547,3.7699999809265137,53400,0.0,0.0
2025-08-15 00:00:00-04:00,3.6500000953674316,3.809999942779541,3.619999885559082,3.7100000381469727,19400,0.0,0.0
2025-08-18 00:00:00-04:00,3.759999990463257,3.8299999237060547,3.680000066757202,3.8299999237060547,15000,0.0,0.0
2025-08-19 00:00:00-04:00,3.8299999237060547,3.940000057220459,3.700000047683716,3.740000009536743,57100,0.0,0.0
2025-08-20 00:00:00-04:00,3.950000047683716,3.950000047683716,3.5,3.700000047683716,28800,0.0,0.0
2025-08-21 00:00:00-04:00,3.630000114440918,3.690000057220459,3.549999952316284,3.5899999141693115,13500,0.0,0.0
2025-08-22 00:00:00-04:00,3.5199999809265137,3.9200000762939453,3.5199999809265137,3.740000009536743,51300,0.0,0.0
2025-08-25 00:00:00-04:00,3.859999895095825,3.880000114440918,3.700000047683716,3.8499999046325684,28900,0.0,0.0
2025-08-26 00:00:00-04:00,3.8499999046325684,3.8499999046325684,3.4600000381469727,3.609999895095825,80400,0.0,0.0
2025-08-27 00:00:00-04:00,3.700000047683716,3.809999942779541,3.619999885559082,3.680000066757202,20300,0.0,0.0
2025-08-28 00:00:00-04:00,3.7699999809265137,3.7699999809265137,3.559999942779541,3.6500000953674316,23400,0.0,0.0
2025-08-29 00:00:00-04:00,3.640000104904175,3.7899999618530273,3.5799999237060547,3.7899999618530273,7900,0.0,0.0
2025-09-02 00:00:00-04:00,3.75,3.75,3.5,3.75,30000,0.0,0.0
2025-09-03 00:00:00-04:00,3.6600000858306885,3.740000009536743,3.569999933242798,3.630000114440918,9700,0.0,0.0
2025-09-04 00:00:00-04:00,3.640000104904175,3.690000057220459,3.4200000762939453,3.549999952316284,37300,0.0,0.0
2025-09-05 00:00:00-04:00,3.549999952316284,3.690000057220459,3.4600000381469727,3.6700000762939453,8300,0.0,0.0
2025-09-08 00:00:00-04:00,3.6700000762939453,3.690000057220459,3.5399999618530273,3.640000104904175,24200,0.0,0.0
2025-09-09 00:00:00-04:00,3.5399999618530273,3.6500000953674316,3.5399999618530273,3.6500000953674316,26200,0.0,0.0
2025-09-10 00:00:00-04:00,3.6500000953674316,4.360000133514404,3.6500000953674316,4.239999771118164,149400,0.0,0.0
2025-09-11 00:00:00-04:00,3.9800000190734863,4.079999923706055,3.809999942779541,4.010000228881836,23600,0.0,0.0
2025-09-12 00:00:00-04:00,4.019999980926514,4.110000133514404,3.869999885559082,4.039999961853027,16600,0.0,0.0
2025-09-15 00:00:00-04:00,4.03000020980835,4.03000020980835,3.680000066757202,3.75,43400,0.0,0.0
2025-09-16 00:00:00-04:00,3.869999885559082,3.950000047683716,3.7200000286102295,3.890000104904175,12000,0.0,0.0
2025-09-17 00:00:00-04:00,3.680000066757202,3.890000104904175,3.680000066757202,3.759999990463257,20700,0.0,0.0
2025-09-18 00:00:00-04:00,3.75,3.890000104904175,3.75,3.869999885559082,16300,0.0,0.0
2025-09-19 00:00:00-04:00,3.869999885559082,3.890000104904175,3.740000009536743,3.759999990463257,18800,0.0,0.0
2025-09-22 00:00:00-04:00,3.8499999046325684,3.880000114440918,3.7899999618530273,3.869999885559082,19900,0.0,0.0
2025-09-23 00:00:00-04:00,3.890000104904175,3.890000104904175,3.7200000286102295,3.740000009536743,17600,0.0,0.0
2025-09-24 00:00:00-04:00,3.740000009536743,3.880000114440918,3.680000066757202,3.7799999713897705,10800,0.0,0.0
2025-09-25 00:00:00-04:00,3.75,3.819999933242798,3.549999952316284,3.7899999618530273,34100,0.0,0.0
2025-09-26 00:00:00-04:00,3.6600000858306885,3.859999895095825,3.6500000953674316,3.8399999141693115,27000,0.0,0.0
2025-09-29 00:00:00-04:00,4.010000228881836,4.019999980926514,3.75,3.759999990463257,481400,0.0,0.0
2025-09-30 00:00:00-04:00,3.869999885559082,4.25,3.569999933242798,3.7799999713897705,72600,0.0,0.0
2025-10-01 00:00:00-04:00,3.7799999713897705,3.880000114440918,3.700000047683716,3.869999885559082,15200,0.0,0.0
2025-10-02 00:00:00-04:00,3.9200000762939453,4.119999885559082,3.7300000190734863,3.9000000953674316,24100,0.0,0.0
2025-10-03 00:00:00-04:00,3.9000000953674316,4.059999942779541,3.799999952316284,4.0,24800,0.0,0.0
2025-10-06 00:00:00-04:00,4.0,4.340000152587891,4.0,4.21999979019165,58100,0.0,0.0
2025-10-07 00:00:00-04:00,4.449999809265137,4.559999942779541,4.039999961853027,4.440000057220459,82700,0.0,0.0
2025-10-08 00:00:00-04:00,4.519999980926514,4.539999961853027,4.329999923706055,4.400000095367432,39100,0.0,0.0
2025-10-09 00:00:00-04:00,4.5,4.5,4.179999828338623,4.179999828338623,24900,0.0,0.0
2025-10-10 00:00:00-04:00,4.119999885559082,4.159999847412109,3.75,3.9100000858306885,19200,0.0,0.0
2025-10-13 00:00:00-04:00,3.890000104904175,4.139999866485596,3.700000047683716,3.8499999046325684,20400,0.0,0.0
2025-10-14 00:00:00-04:00,3.740000009536743,4.019999980926514,3.740000009536743,4.019999980926514,12400,0.0,0.0
2025-10-15 00:00:00-04:00,4.050000190734863,4.090000152587891,3.819999933242798,3.8399999141693115,28800,0.0,0.0
2025-10-16 00:00:00-04:00,4.0,4.070000171661377,3.799999952316284,3.819999933242798,11600,0.0,0.0
2025-10-17 00:00:00-04:00,3.819999933242798,3.869999885559082,3.7100000381469727,3.7300000190734863,11100,0.0,0.0
2025-10-20 00:00:00-04:00,3.7300000190734863,3.8299999237060547,3.6500000953674316,3.740000009536743,47400,0.0,0.0
2025-10-21 00:00:00-04:00,3.7699999809265137,3.8499999046325684,3.640000104904175,3.6500000953674316,10200,0.0,0.0
2025-10-22 00:00:00-04:00,3.7799999713897705,3.7799999713897705,3.509999990463257,3.700000047683716,27500,0.0,0.0
2025-10-23 00:00:00-04:00,3.680000066757202,3.7200000286102295,3.549999952316284,3.6600000858306885,27200,0.0,0.0
2025-10-24 00:00:00-04:00,3.619999885559082,3.7899999618530273,3.619999885559082,3.7200000286102295,15900,0.0,0.0
2025-10-27 00:00:00-04:00,3.859999895095825,3.9000000953674316,3.640000104904175,3.759999990463257,48300,0.0,0.0
2025-10-28 00:00:00-04:00,3.6700000762939453,3.880000114440918,3.6500000953674316,3.680000066757202,21000,0.0,0.0
2025-10-29 00:00:00-04:00,3.6500000953674316,3.7699999809265137,3.5,3.5,28400,0.0,0.0
2025-10-30 00:00:00-04:00,3.5399999618530273,3.75,3.450000047683716,3.450000047683716,33300,0.0,0.0
2025-10-31 00:00:00-04:00,3.4000000953674316,3.559999942779541,3.3399999141693115,3.4700000286102295,29400,0.0,0.0
2025-11-03 00:00:00-05:00,3.559999942779541,3.559999942779541,3.3499999046325684,3.4700000286102295,23300,0.0,0.0
2025-11-04 00:00:00-05:00,3.4100000858306885,3.5399999618530273,3.299999952316284,3.299999952316284,16900,0.0,0.0
2025-11-05 00:00:00-05:00,3.4000000953674316,3.5,3.3399999141693115,3.4800000190734863,10900,0.0,0.0
2025-11-06 00:00:00-05:00,3.490000009536743,3.490000009536743,3.309999942779541,3.3299999237060547,6500,0.0,0.0
2025-11-07 00:00:00-05:00,3.3299999237060547,3.430000066757202,3.0999999046325684,3.2699999809265137,36400,0.0,0.0
2025-11-10 00:00:00-05:00,3.3399999141693115,3.490000009536743,3.2699999809265137,3.440000057220459,24900,0.0,0.0
2025-11-11 00:00:00-05:00,3.4600000381469727,3.5199999809265137,3.309999942779541,3.3399999141693115,11800,0.0,0.0
2025-11-12 00:00:00-05:00,3.4000000953674316,3.4800000190734863,3.359999895095825,3.4800000190734863,9900,0.0,0.0
2025-11-13 00:00:00-05:00,3.450000047683716,3.5,3.4200000762939453,3.4700000286102295,28700,0.0,0.0
2025-11-14 00:00:00-05:00,3.4000000953674316,3.450000047683716,3.2300000190734863,3.2300000190734863,31300,0.0,0.0
2025-11-17 00:00:00-05:00,3.2899999618530273,3.440000057220459,3.25,3.390000104904175,30900,0.0,0.0
2025-11-18 00:00:00-05:00,3.359999895095825,3.359999895095825,3.140000104904175,3.2100000381469727,18000,0.0,0.0
2025-11-19 00:00:00-05:00,3.440000057220459,3.440000057220459,3.140000104904175,3.3299999237060547,41900,0.0,0.0
2025-11-20 00:00:00-05:00,3.3399999141693115,3.5299999713897705,3.2200000286102295,3.380000114440918,24600,0.0,0.0
2025-11-21 00:00:00-05:00,3.200000047683716,3.4700000286102295,3.200000047683716,3.25,19200,0.0,0.0
2025-11-24 00:00:00-05:00,3.430000066757202,3.5,3.299999952316284,3.5,52400,0.0,0.0
2025-11-25 00:00:00-05:00,3.5,3.859999895095825,3.380000114440918,3.549999952316284,83100,0.0,0.0
2025-11-26 00:00:00-05:00,3.5399999618530273,3.5799999237060547,3.359999895095825,3.450000047683716,19800,0.0,0.0
2025-11-28 00:00:00-05:00,3.4000000953674316,3.559999942779541,3.4000000953674316,3.4700000286102295,9700,0.0,0.0
2025-12-01 00:00:00-05:00,3.4000000953674316,3.5,3.119999885559082,3.3399999141693115,38800,0.0,0.0
2025-12-02 00:00:00-05:00,3.380000114440918,3.4000000953674316,3.119999885559082,3.200000047683716,20900,0.0,0.0
2025-12-03 00:00:00-05:00,3.380000114440918,3.390000104904175,3.1600000858306885,3.2200000286102295,14700,0.0,0.0
2025-12-04 00:00:00-05:00,3.299999952316284,3.390000104904175,3.200000047683716,3.259999990463257,14400,0.0,0.0
2025-12-05 00:00:00-05:00,3.369999885559082,3.380000114440918,3.25,3.380000114440918,6400,0.0,0.0
2025-12-08 00:00:00-05:00,3.190000057220459,3.430000066757202,3.1600000858306885,3.319999933242798,43300,0.0,0.0
2025-12-09 00:00:00-05:00,3.319999933242798,3.359999895095825,3.240000009536743,3.25,30900,0.0,0.0
2025-12-10 00:00:00-05:00,3.299999952316284,3.3299999237060547,3.1600000858306885,3.309999942779541,50800,0.0,0.0
2025-12-11 00:00:00-05:00,3.259999990463257,3.2899999618530273,3.1600000858306885,3.2300000190734863,14900,0.0,0.0
2025-12-12 00:00:00-05:00,3.190000057220459,3.309999942779541,3.140000104904175,3.309999942779541,10900,0.0,0.0
2025-12-15 00:00:00-05:00,3.2200000286102295,3.359999895095825,3.1700000762939453,3.180000066757202,36100,0.0,0.0
2025-12-16 00:00:00-05:00,3.130000114440918,3.1700000762939453,3.009999990463257,3.009999990463257,23300,0.0,0.0
2025-12-17 00:00:00-05:00,3.0199999809265137,3.0999999046325684,2.869999885559082,2.9800000190734863,21100,0.0,0.0
2025-12-18 00:00:00-05:00,2.990000009536743,3.069999933242798,2.9000000953674316,2.9600000381469727,15500,0.0,0.0
2025-12-19 00:00:00-05:00,2.9600000381469727,3.0999999046325684,2.930000066757202,3.0399999618530273,20200,0.0,0.0
2025-12-22 00:00:00-05:00,3.0799999237060547,3.0899999141693115,2.880000114440918,2.880000114440918,22000,0.0,0.0
2025-12-23 00:00:00-05:00,3.0,3.0,2.8499999046325684,3.0,46400,0.0,0.0
2025-12-24 00:00:00-05:00,3.0,3.0299999713897705,2.9000000953674316,2.930000066757202,4800,0.0,0.0
2025-12-26 00:00:00-05:00,2.880000114440918,2.9600000381469727,2.809999942779541,2.9000000953674316,18300,0.0,0.0
2025-12-29 00:00:00-05:00,2.859999895095825,3.0999999046325684,2.859999895095825,2.9200000762939453,62000,0.0,0.0
2025-12-30 00:00:00-05:00,2.880000114440918,3.059999942779541,2.869999885559082,2.869999885559082,34100,0.0,0.0
2025-12-31 00:00:00-05:00,2.890000104904175,2.9800000190734863,2.759999990463257,2.7699999809265137,32200,0.0,0.0
2026-01-02 00:00:00-05:00,2.759999990463257,2.9600000381469727,2.7100000381469727,2.799999952316284,26200,0.0,0.0
2026-01-05 00:00:00-05:00,2.759999990463257,2.990000009536743,2.759999990463257,2.880000114440918,24600,0.0,0.0
2026-01-06 00:00:00-05:00,2.8299999237060547,2.940000057220459,2.7699999809265137,2.930000066757202,6300,0.0,0.0
2026-01-07 00:00:00-05:00,2.930000066757202,2.9800000190734863,2.8499999046325684,2.9100000858306885,8600,0.0,0.0
2026-01-08 00:00:00-05:00,2.9000000953674316,2.990000009536743,2.9000000953674316,2.9800000190734863,16400,0.0,0.0
2026-01-09 00:00:00-05:00,2.950000047683716,2.9700000286102295,2.9000000953674316,2.9200000762939453,6000,0.0,0.0
2026-01-12 00:00:00-05:00,2.9600000381469727,2.9600000381469727,2.859999895095825,2.859999895095825,8000,0.0,0.0
2026-01-13 00:00:00-05:00,2.9100000858306885,2.990000009536743,2.819999933242798,2.869999885559082,30100,0.0,0.0
2026-01-14 00:00:00-05:00,2.869999885559082,2.990000009536743,2.8299999237060547,2.869999885559082,27900,0.0,0.0
2026-01-15 00:00:00-05:00,2.9100000858306885,2.9100000858306885,2.8299999237060547,2.880000114440918,7800,0.0,0.0
2026-01-16 00:00:00-05:00,2.9100000858306885,3.0799999237060547,2.700000047683716,2.880000114440918,48900,0.0,0.0
2026-01-20 00:00:00-05:00,2.8399999141693115,2.9700000286102295,2.8299999237060547,2.8299999237060547,6200,0.0,0.0
2026-01-21 00:00:00-05:00,2.8499999046325684,2.9700000286102295,2.819999933242798,2.8499999046325684,8300,0.0,0.0
2026-01-22 00:00:00-05:00,2.9100000858306885,2.9700000286102295,2.859999895095825,2.9600000381469727,6900,0.0,0.0
2026-01-23 00:00:00-05:00,2.9600000381469727,3.119999885559082,2.940000057220459,3.0999999046325684,52300,0.0,0.0
2026-01-26 00:00:00-05:00,3.0999999046325684,3.1700000762939453,2.9100000858306885,3.0799999237060547,11200,0.0,0.0
2026-01-27 00:00:00-05:00,3.0299999713897705,3.1700000762939453,2.930000066757202,3.049999952316284,12000,0.0,0.0
2026-01-28 00:00:00-05:00,2.950000047683716,3.1700000762939453,2.940000057220459,3.009999990463257,18800,0.0,0.0
2026-01-29 00:00:00-05:00,3.0799999237060547,3.180000066757202,3.049999952316284,3.1700000762939453,8400,0.0,0.0
2026-01-30 00:00:00-05:00,3.0899999141693115,3.1700000762939453,3.0,3.109999895095825,12300,0.0,0.0
2026-02-02 00:00:00-05:00,3.0899999141693115,3.109999895095825,3.0,3.009999990463257,15300,0.0,0.0
2026-02-03 00:00:00-05:00,3.009999990463257,3.180000066757202,2.990000009536743,3.0399999618530273,13900,0.0,0.0
2026-02-04 00:00:00-05:00,3.119999885559082,3.1600000858306885,3.059999942779541,3.069999933242798,11000,0.0,0.0
2026-02-05 00:00:00-05:00,3.0199999809265137,3.069999933242798,2.9000000953674316,2.9200000762939453,23000,0.0,0.0
2026-02-06 00:00:00-05:00,2.9200000762939453,2.990000009536743,2.9200000762939453,2.9800000190734863,4900,0.0,0.0
2026-02-09 00:00:00-05:00,3.049999952316284,3.200000047683716,2.990000009536743,3.0199999809265137,25800,0.0,0.0
2026-02-10 00:00:00-05:00,3.069999933242798,3.1700000762939453,3.049999952316284,3.049999952316284,6800,0.0,0.0
2026-02-11 00:00:00-05:00,3.0999999046325684,3.0999999046325684,2.940000057220459,2.950000047683716,7800,0.0,0.0
2026-02-12 00:00:00-05:00,2.950000047683716,3.059999942779541,2.8499999046325684,2.9200000762939453,22500,0.0,0.0
2026-02-13 00:00:00-05:00,3.0299999713897705,3.1600000858306885,2.9100000858306885,2.930000066757202,2400,0.0,0.0
2026-02-17 00:00:00-05:00,2.9700000286102295,2.9700000286102295,2.7899999618530273,2.809999942779541,17100,0.0,0.0
2026-02-18 00:00:00-05:00,2.809999942779541,3.0799999237060547,2.799999952316284,2.8399999141693115,14900,0.0,0.0
2026-02-19 00:00:00-05:00,2.809999942779541,2.8499999046325684,2.799999952316284,2.819999933242798,7200,0.0,0.0
2026-02-20 00:00:00-05:00,2.819999933242798,2.940000057220459,2.819999933242798,2.9000000953674316,5700,0.0,0.0
2026-02-23 00:00:00-05:00,2.859999895095825,2.990000009536743,2.8499999046325684,2.9000000953674316,19500,0.0,0.0
2026-02-24 00:00:00-05:00,2.890000104904175,2.890000104904175,2.700000047683716,2.75,12900,0.0,0.0
2026-02-25 00:00:00-05:00,2.819999933242798,2.819999933242798,2.7300000190734863,2.759999990463257,6200,0.0,0.0
2026-02-26 00:00:00-05:00,2.7899999618530273,2.9200000762939453,2.75,2.880000114440918,15000,0.0,0.0
2026-02-27 00:00:00-05:00,2.740000009536743,2.9000000953674316,2.740000009536743,2.8299999237060547,8200,0.0,0.0
2026-03-02 00:00:00-05:00,2.740000009536743,3.0199999809265137,2.700000047683716,2.859999895095825,10000,0.0,0.0
2026-03-03 00:00:00-05:00,2.869999885559082,2.940000057220459,2.799999952316284,2.809999942779541,7100,0.0,0.0
2026-03-04 00:00:00-05:00,2.8499999046325684,2.940000057220459,2.75,2.809999942779541,7000,0.0,0.0
2026-03-05 00:00:00-05:00,2.8399999141693115,2.890000104904175,2.700000047683716,2.7100000381469727,8200,0.0,0.0
2026-03-06 00:00:00-05:00,2.700000047683716,2.7300000190734863,2.559999942779541,2.6500000953674316,9500,0.0,0.0
2026-03-09 00:00:00-04:00,2.700000047683716,2.75,2.559999942779541,2.640000104904175,21700,0.0,0.0
2026-03-10 00:00:00-04:00,2.640000104904175,2.759999990463257,2.640000104904175,2.6700000762939453,5500,0.0,0.0
2026-03-11 00:00:00-04:00,2.6500000953674316,2.7100000381469727,2.619999885559082,2.640000104904175,2400,0.0,0.0
2026-03-12 00:00:00-04:00,2.7300000190734863,2.740000009536743,2.559999942779541,2.6600000858306885,10400,0.0,0.0
2026-03-13 00:00:00-04:00,2.700000047683716,2.700000047683716,2.609999895095825,2.6700000762939453,7400,0.0,0.0
2026-03-16 00:00:00-04:00,2.559999942779541,2.700000047683716,2.559999942779541,2.630000114440918,11600,0.0,0.0
2026-03-17 00:00:00-04:00,2.6500000953674316,2.759999990463257,2.6500000953674316,2.7100000381469727,13100,0.0,0.0
2026-03-18 00:00:00-04:00,2.680000066757202,2.75,2.569999933242798,2.619999885559082,9700,0.0,0.0
2026-03-19 00:00:00-04:00,2.6500000953674316,2.7100000381469727,2.559999942779541,2.7100000381469727,6400,0.0,0.0
2026-03-20 00:00:00-04:00,2.5399999618530273,2.690000057220459,2.5399999618530273,2.6500000953674316,9100,0.0,0.0
2026-03-23 00:00:00-04:00,2.5899999141693115,2.640000104904175,2.2799999713897705,2.319999933242798,71400,0.0,0.0
2026-03-24 00:00:00-04:00,2.299999952316284,2.450000047683716,2.2799999713897705,2.4200000762939453,33000,0.0,0.0
2026-03-25 00:00:00-04:00,2.4700000286102295,2.5299999713897705,2.359999895095825,2.380000114440918,9600,0.0,0.0
2026-03-26 00:00:00-04:00,2.609999895095825,2.680000066757202,2.299999952316284,2.3299999237060547,34600,0.0,0.0
2026-03-27 00:00:00-04:00,2.319999933242798,2.5299999713897705,2.299999952316284,2.369999885559082,6700,0.0,0.0
2026-03-30 00:00:00-04:00,2.4000000953674316,2.4000000953674316,2.25,2.25,16300,0.0,0.0
2026-03-31 00:00:00-04:00,2.319999933242798,2.3299999237060547,2.25,2.299999952316284,9500,0.0,0.0
2026-04-01 00:00:00-04:00,2.3299999237060547,2.390000104904175,2.1500000953674316,2.180000066757202,43200,0.0,0.0
2026-04-02 00:00:00-04:00,2.2899999618530273,2.309999942779541,2.180000066757202,2.2100000381469727,12400,0.0,0.0
2026-04-06 00:00:00-04:00,2.2100000381469727,2.3399999141693115,2.2100000381469727,2.25,4200,0.0,0.0
2026-04-07 00:00:00-04:00,2.2899999618530273,2.2899999618530273,2.200000047683716,2.2699999809265137,15600,0.0,0.0
2026-04-08 00:00:00-04:00,2.25,2.299999952316284,2.25,2.299999952316284,20900,0.0,0.0
2026-04-09 00:00:00-04:00,2.299999952316284,2.299999952316284,2.2699999809265137,2.2799999713897705,4600,0.0,0.0
2026-04-10 00:00:00-04:00,2.309999942779541,2.3499999046325684,2.2899999618530273,2.2899999618530273,6000,0.0,0.0
2026-04-13 00:00:00-04:00,2.299999952316284,2.4000000953674316,2.259999990463257,2.309999942779541,12100,0.0,0.0
2026-04-14 00:00:00-04:00,2.369999885559082,2.4800000190734863,2.3499999046325684,2.380000114440918,18700,0.0,0.0
2026-04-15 00:00:00-04:00,2.430000066757202,2.430000066757202,2.3299999237060547,2.380000114440918,12900,0.0,0.0
2026-04-16 00:00:00-04:00,2.359999895095825,2.509999990463257,2.3499999046325684,2.390000104904175,6300,0.0,0.0
2026-04-17 00:00:00-04:00,2.390000104904175,2.4600000381469727,2.3499999046325684,2.450000047683716,7900,0.0,0.0
2026-04-20 00:00:00-04:00,2.4100000858306885,2.4700000286102295,2.3299999237060547,2.3299999237060547,28500,0.0,0.0
2026-04-21 00:00:00-04:00,2.25,2.380000114440918,2.25,2.319999933242798,20700,0.0,0.0
2026-04-22 00:00:00-04:00,2.369999885559082,2.380000114440918,2.240000009536743,2.240000009536743,8800,0.0,0.0
2026-04-23 00:00:00-04:00,2.319999933242798,2.3499999046325684,2.299999952316284,2.299999952316284,3600,0.0,0.0
2026-04-24 00:00:00-04:00,2.299999952316284,2.299999952316284,2.200000047683716,2.2699999809265137,11100,0.0,0.0
2026-04-27 00:00:00-04:00,2.299999952316284,2.390000104904175,2.2300000190734863,2.2300000190734863,4800,0.0,0.0
2026-04-28 00:00:00-04:00,2.4000000953674316,2.8299999237060547,2.390000104904175,2.630000114440918,117000,0.0,0.0
2026-04-29 00:00:00-04:00,2.700000047683716,3.1700000762939453,2.700000047683716,3.069999933242798,67700,0.0,0.0
2026-04-30 00:00:00-04:00,3.0899999141693115,3.0899999141693115,2.609999895095825,2.75,77900,0.0,0.0
2026-05-01 00:00:00-04:00,2.809999942779541,2.9200000762939453,2.73009991645813,2.8631999492645264,12689,0.0,0.0
