Date,Open,High,Low,Close,Volume,Dividends,Stock Splits
2022-01-03 00:00:00-05:00,24.96496230054711,25.200926020589105,24.285385634659566,24.370332717895508,26600,0.0,0.0
2022-01-04 00:00:00-05:00,24.455276245437762,24.98383439740882,24.26650457674664,24.842256546020508,12600,0.0,0.0
2022-01-05 00:00:00-05:00,24.917765477041954,24.917765477041954,24.07773531088982,24.200435638427734,21600,0.0,0.0
2022-01-06 00:00:00-05:00,24.25707094463227,24.889453781251007,24.200438356091873,24.549665451049805,17100,0.0,0.0
2022-01-07 00:00:00-05:00,24.606296239329904,24.68180455712347,24.04942172050474,24.549665451049805,9700,0.0,0.0
2022-01-10 00:00:00-05:00,24.304259701370594,24.766748310724694,24.11548803212971,24.63460922241211,16100,0.0,0.0
2022-01-11 00:00:00-05:00,24.40808609283722,24.917766756819752,24.304261487100327,24.738433837890625,25000,0.0,0.0
2022-01-12 00:00:00-05:00,24.662925754894548,25.45576395094321,24.587417440997545,25.21036148071289,26200,0.0,0.0
2022-01-13 00:00:00-05:00,25.35193905281502,26.0126362948374,25.295306471869626,25.389692306518555,15700,0.0,0.0
2022-01-14 00:00:00-05:00,25.351937915572734,25.418007456785205,24.795063496410506,25.191482543945312,18800,0.0,0.0
2022-01-18 00:00:00-05:00,25.09709840781843,25.65397286457487,25.09709840781843,25.16316795349121,17200,0.0,0.0
2022-01-19 00:00:00-05:00,25.38025600748287,25.7389218539237,24.332578361903103,24.51190948486328,17400,0.0,0.0
2022-01-20 00:00:00-05:00,24.64404965588814,25.021591219693704,24.011666861416252,24.162683486938477,16400,0.0,0.0
2022-01-21 00:00:00-05:00,23.832335719631732,24.77619059961715,23.398163338963393,23.719072341918945,21700,0.0,0.0
2022-01-24 00:00:00-05:00,23.57749108159934,24.45527628187896,22.02956987696177,24.426959991455078,20900,0.0,0.0
2022-01-25 00:00:00-05:00,23.766262804317527,24.40808431996309,23.671876969617873,24.115488052368164,11500,0.0,0.0
2022-01-26 00:00:00-05:00,24.15324428267339,25.106537839073468,23.426475660428757,23.766263961791992,21400,0.0,0.0
2022-01-27 00:00:00-05:00,23.860650623610784,24.540225449503357,23.407598939422193,24.011667251586914,17300,0.0,0.0
2022-01-28 00:00:00-05:00,23.766268152973254,24.058862686157227,23.5963739723308,24.058862686157227,10700,0.0,0.0
2022-01-31 00:00:00-05:00,24.42696109531034,24.95552107221471,23.737947532866585,24.38920783996582,29300,0.0,0.0
2022-02-01 00:00:00-05:00,24.60629330159832,24.60629330159832,23.624685287475586,23.624685287475586,22100,0.0,0.0
2022-02-02 00:00:00-05:00,23.756827404369716,24.08717697246015,23.369847047545594,23.37928581237793,16300,0.0,0.0
2022-02-03 00:00:00-05:00,24.200437304352143,24.200437304352143,23.247143708475374,23.388723373413086,12300,0.0,0.0
2022-02-04 00:00:00-05:00,23.256584955689807,23.832337040473693,23.228270459887593,23.605812072753906,20000,0.0,0.0
2022-02-07 00:00:00-05:00,23.94627452277558,24.078678308634544,23.312624998660656,23.596349716186523,8100,0.05,0.0
2022-02-08 00:00:00-05:00,23.634175143108227,24.01247290733818,23.49231370700525,23.936813354492188,13100,0.0,0.0
2022-02-09 00:00:00-05:00,23.91790105828653,24.192166275112246,23.58688982098698,23.71929359436035,17000,0.0,0.0
2022-02-10 00:00:00-05:00,23.690926975503086,24.56101301497455,23.30317141698645,23.369373321533203,19300,0.0,0.0
2022-02-11 00:00:00-05:00,23.41665917233126,23.445032187178583,23.27479770582748,23.340999603271484,8200,0.0,0.0
2022-02-14 00:00:00-05:00,23.341003672679008,23.454492144121712,23.274801763692974,23.40720558166504,11300,0.0,0.0
2022-02-15 00:00:00-05:00,23.64363670349121,24.32457279115988,23.577434809340048,23.64363670349121,15900,0.0,0.0
2022-02-16 00:00:00-05:00,24.135430535836026,24.135430535836026,23.51123852231154,23.55852508544922,7800,0.0,0.0
2022-02-17 00:00:00-05:00,23.54906225667085,23.615264152117337,23.2747970035545,23.312625885009766,12800,0.0,0.0
2022-02-18 00:00:00-05:00,23.095104549565754,23.4923177208405,23.057273864746094,23.057273864746094,11900,0.0,0.0
2022-02-22 00:00:00-05:00,22.991076827443838,23.047822866661917,22.376342500181714,22.58440589904785,25700,0.0,0.0
2022-02-23 00:00:00-05:00,22.80192343666642,23.0099867868214,22.518198718600946,22.546571731567383,42100,0.0,0.0
2022-02-24 00:00:00-05:00,22.376338555483823,23.1423919112141,22.09261562487747,22.603317260742188,48800,0.0,0.0
2022-02-25 00:00:00-05:00,22.801924948237268,23.454488054927943,22.707350035945943,23.340999603271484,21900,0.0,0.0
2022-02-28 00:00:00-05:00,23.14238989274184,24.07867764671975,23.14238989274184,23.463943481445312,20500,0.0,0.0
2022-03-01 00:00:00-05:00,23.463944427118182,23.463944427118182,21.80888986720882,22.045326232910156,22400,0.0,0.0
2022-03-02 00:00:00-05:00,22.385798443780395,22.556032940548292,21.827808394981876,22.016958236694336,32600,0.0,0.0
2022-03-03 00:00:00-05:00,22.48037117903026,22.55603074758609,21.61028523870505,21.65757179260254,105500,0.0,0.0
2022-03-04 00:00:00-05:00,21.47788009861494,22.06424312032022,21.430593543709577,21.89400863647461,18400,0.0,0.0
2022-03-07 00:00:00-05:00,21.931841246783947,22.423627594072354,21.884552883865233,22.083160400390625,25900,0.0,0.0
2022-03-08 00:00:00-05:00,22.007498322594213,22.225019355700795,21.57245445251465,21.57245445251465,13900,0.0,0.0
2022-03-09 00:00:00-05:00,21.761609073659315,22.03587439243201,21.761609073659315,21.856184005737305,8100,0.0,0.0
2022-03-10 00:00:00-05:00,21.61974337106391,21.941296995246415,21.562997340537745,21.89400863647461,13800,0.0,0.0
2022-03-11 00:00:00-05:00,21.941299607845973,22.23448025167507,21.77106510373016,21.92238426208496,12500,0.0,0.0
2022-03-14 00:00:00-04:00,22.28176724807532,22.622236262967025,22.035873159972052,22.15882110595703,10700,0.0,0.0
2022-03-15 00:00:00-04:00,22.054784843863317,22.395253802219496,21.771061914477432,21.865636825561523,8300,0.0,0.0
2022-03-16 00:00:00-04:00,21.941295293762067,22.092614422364594,21.80888970333513,22.064241409301758,14400,0.0,0.0
2022-03-17 00:00:00-04:00,21.91292407785274,21.9791259765625,21.827806835549772,21.9791259765625,4800,0.0,0.0
2022-03-18 00:00:00-04:00,21.865634539661894,22.319591900767794,21.581909836071056,22.092613220214844,43800,0.0,0.0
2022-03-21 00:00:00-04:00,21.98858271249163,22.111528832881778,21.93183848799359,22.073699951171875,11000,0.0,0.0
2022-03-22 00:00:00-04:00,22.225017819184316,22.376336945133293,21.95075077598538,22.29121971130371,8900,0.0,0.0
2022-03-23 00:00:00-04:00,22.22501983237333,22.22501983237333,21.80889129638672,21.80889129638672,8600,0.0,0.0
2022-03-24 00:00:00-04:00,21.90346952755763,21.96021376255751,21.581915856113802,21.676490783691406,7900,0.0,0.0
2022-03-25 00:00:00-04:00,21.771061946469736,22.16827513051351,21.57245445251465,21.57245445251465,9700,0.0,0.0
2022-03-28 00:00:00-04:00,21.468423673649028,21.591369795532543,21.298189194220782,21.57245445251465,15900,0.0,0.0
2022-03-29 00:00:00-04:00,21.59136615834571,22.092611840683855,21.59136615834571,21.846717834472656,8100,0.0,0.0
2022-03-30 00:00:00-04:00,21.856177753933615,21.856177753933615,21.392762703561512,21.430591583251953,13700,0.0,0.0
2022-03-31 00:00:00-04:00,21.46842420699833,21.742689472105887,21.336018606450065,21.61974334716797,21500,0.0,0.0
2022-04-01 00:00:00-04:00,21.572459387265834,21.88455540298819,21.572459387265834,21.64811897277832,18500,0.0,0.0
2022-04-04 00:00:00-04:00,21.66703023753152,21.789978168239706,21.581912994384766,21.581912994384766,13900,0.0,0.0
2022-04-05 00:00:00-04:00,21.61028510708321,21.64811398919752,21.298189163208008,21.298189163208008,13700,0.0,0.0
2022-04-06 00:00:00-04:00,21.326562021385453,21.534627202620342,21.109040971791273,21.23198890686035,15400,0.0,0.0
2022-04-07 00:00:00-04:00,21.279275178291517,21.279275178291517,20.910434985771747,20.97663688659668,33000,0.0,0.0
2022-04-08 00:00:00-04:00,21.12795566930572,21.12795566930572,20.759115483125417,20.8253173828125,9300,0.0,0.0
2022-04-11 00:00:00-04:00,20.872604885952043,20.872604885952043,20.626710816049524,20.730743408203125,7800,0.0,0.0
2022-04-12 00:00:00-04:00,20.75911315895668,20.806399709477162,20.34298465968458,20.484846115112305,13200,0.0,0.0
2022-04-13 00:00:00-04:00,20.513223037683844,20.617253829431036,20.33353086449634,20.56996726989746,7800,0.0,0.0
2022-04-14 00:00:00-04:00,20.626710461567082,20.69291236312109,20.380816395890403,20.579423904418945,8300,0.0,0.0
2022-04-18 00:00:00-04:00,20.579422163484416,20.730741298197316,20.494304924725114,20.56050682067871,5500,0.0,0.0
2022-04-19 00:00:00-04:00,20.569966262645934,21.080669739160665,20.569966262645934,21.04283905029297,13500,0.0,0.0
2022-04-20 00:00:00-04:00,21.07120910879454,21.58191070974626,21.042836096127004,21.430591583251953,11000,0.0,0.0
2022-04-21 00:00:00-04:00,21.430593543709577,22.61277545500806,21.430593543709577,21.89400863647461,20000,0.0,0.0
2022-04-22 00:00:00-04:00,21.7521481257613,22.423626615091912,21.7521481257613,21.988584518432617,10300,0.0,0.0
2022-04-25 00:00:00-04:00,22.149361787268525,22.29122326497801,21.856181159486717,22.225021362304688,11800,0.0,0.0
2022-04-26 00:00:00-04:00,22.102077248432156,22.357427210089824,21.383310317993164,21.383310317993164,20000,0.0,0.0
2022-04-27 00:00:00-04:00,21.534624112008245,21.865635376939522,21.24144172668457,21.24144172668457,15700,0.0,0.0
2022-04-28 00:00:00-04:00,21.298188765166937,21.846721074570834,21.099581275212817,21.52516746520996,30000,0.0,0.0
2022-04-29 00:00:00-04:00,21.515711244027674,21.515711244027674,21.042838469433658,21.288732528686523,16000,0.0,0.0
2022-05-02 00:00:00-04:00,21.18470062006834,21.326562096220314,20.853689306469384,21.12795639038086,20000,0.0,0.0
2022-05-03 00:00:00-04:00,20.882062564455648,21.16578552003688,20.86314721971915,21.005008697509766,12100,0.0,0.0
2022-05-04 00:00:00-04:00,21.137413761769277,21.629201889038086,21.06175418864073,21.629201889038086,21700,0.0,0.0
2022-05-05 00:00:00-04:00,21.37384808735935,21.648113336990885,20.91989069246597,21.165782928466797,9400,0.0,0.0
2022-05-06 00:00:00-04:00,21.17526443734207,22.464358992509514,20.86246964768004,20.98569107055664,13400,0.05,0.0
2022-05-09 00:00:00-04:00,20.900381827571398,21.55440791020245,20.900381827571398,21.15630531311035,17800,0.0,0.0
2022-05-10 00:00:00-04:00,21.270051789918664,21.393273216671975,20.710812329003414,20.96673583984375,13100,0.0,0.0
2022-05-11 00:00:00-04:00,21.042564392089844,21.222657103780502,20.985691296697983,21.042564392089844,15300,0.0,0.0
2022-05-12 00:00:00-04:00,20.881425609762776,20.93829689190762,20.606544431569336,20.796117782592773,11300,0.0,0.0
2022-05-13 00:00:00-04:00,20.815073934253096,21.137347550319788,20.815073934253096,20.909860610961914,9800,0.0,0.0
2022-05-16 00:00:00-04:00,20.720291067120172,21.023607015565645,20.540196544766047,20.93829917907715,14000,0.0,0.0
2022-05-17 00:00:00-04:00,21.165784521560052,21.270050048828125,20.87194744496564,21.270050048828125,12300,0.0,0.0
2022-05-18 00:00:00-04:00,21.725025598322222,21.725025598322222,20.843512493211524,20.93829917907715,18900,0.0,0.0
2022-05-19 00:00:00-04:00,21.1563047439128,21.355356941056215,20.729767420729093,20.73924446105957,20200,0.0,0.0
2022-05-20 00:00:00-04:00,21.24161031076073,21.24161031076073,20.672892132435553,20.843507766723633,16600,0.0,0.0
2022-05-23 00:00:00-04:00,21.052041492137505,21.582846203174995,21.052041492137505,21.31744384765625,23100,0.0,0.0
2022-05-24 00:00:00-04:00,21.071000520793724,21.336402893066406,20.98569267998843,21.336402893066406,13800,0.0,0.0
2022-05-25 00:00:00-04:00,21.46909939720043,21.46909939720043,21.07099681280085,21.146825790405273,10500,0.0,0.0
2022-05-26 00:00:00-04:00,21.175265795435138,21.28900837647688,20.957257675183694,21.004650115966797,33700,0.0,0.0
2022-05-27 00:00:00-04:00,21.004644015430042,21.95250701904297,21.004644015430042,21.95250701904297,16700,0.0,0.0
2022-05-31 00:00:00-04:00,21.905116027231426,22.388526407695334,21.781892816261337,22.217910766601562,20300,0.0,0.0
2022-06-01 00:00:00-04:00,22.161038327071566,22.217911414364504,21.563885373738703,21.791372299194336,34200,0.0,0.0
2022-06-02 00:00:00-04:00,21.59232133524595,22.028337478637695,21.59232133524595,22.028337478637695,17100,0.0,0.0
2022-06-03 00:00:00-04:00,21.95250701904297,22.028335987015797,21.57336217917884,21.95250701904297,13700,0.0,0.0
2022-06-06 00:00:00-04:00,21.905121411419177,21.98095040299871,21.725026878453118,21.88616371154785,16300,0.0,0.0
2022-06-07 00:00:00-04:00,22.04729954047736,22.094691980091376,21.791376027588047,21.98094940185547,23500,0.0,0.0
2022-06-08 00:00:00-04:00,21.92407751116869,21.93355636119419,21.63024039200139,21.725027084350586,14900,0.0,0.0
2022-06-09 00:00:00-04:00,21.90512089453246,21.90512089453246,21.431189256367105,21.4406681060791,16700,0.0,0.0
2022-06-10 00:00:00-04:00,21.440664151189942,21.440664151189942,20.97620964050293,20.97620964050293,20700,0.0,0.0
2022-06-13 00:00:00-04:00,20.69185091388996,21.79137193939034,20.02834603633734,20.123132705688477,22200,0.0,0.0
2022-06-14 00:00:00-04:00,20.11365509033203,21.791373274553802,19.91460469961358,20.11365509033203,15100,0.0,0.0
2022-06-15 00:00:00-04:00,20.18948565109558,20.777161636810657,20.18948565109558,20.682374954223633,19800,0.0,0.0
2022-06-16 00:00:00-04:00,20.180008247218243,21.26057170873275,20.180008247218243,20.54019546508789,31800,0.0,0.0
2022-06-17 00:00:00-04:00,20.48332617379009,21.00465025754094,20.2653162441635,20.350624084472656,47100,0.0,0.0
2022-06-21 00:00:00-04:00,20.568634606390756,21.07100100500437,20.568634606390756,20.57811164855957,22500,0.0,0.0
2022-06-22 00:00:00-04:00,20.50227720881897,20.862466184335773,20.50227720881897,20.663414001464844,13300,0.0,0.0
2022-06-23 00:00:00-04:00,20.65393729779949,20.73924331138295,20.27479062100243,20.341140747070312,16200,0.0,0.0
2022-06-24 00:00:00-04:00,20.47384495769561,21.29848490816757,20.28427159938419,20.39801597595215,124800,0.0,0.0
2022-06-27 00:00:00-04:00,20.663413285207856,20.86246546117903,20.56862842874137,20.843507766723633,17400,0.0,0.0
2022-06-28 00:00:00-04:00,21.052041027616873,21.412230059866445,20.663417256125108,20.682374954223633,12100,0.0,0.0
2022-06-29 00:00:00-04:00,20.66341927246781,20.796121364200996,20.66341927246781,20.710813522338867,28200,0.0,0.0
2022-06-30 00:00:00-04:00,20.663415083219984,20.81507303624907,20.530714826295885,20.56863021850586,25500,0.0,0.0
2022-07-01 00:00:00-04:00,20.616022628138918,20.82455186134771,20.616022628138918,20.815073013305664,10800,0.0,0.0
2022-07-05 00:00:00-04:00,20.672896862288916,20.672896862288916,20.32218847415002,20.502281188964844,16500,0.0,0.0
2022-07-06 00:00:00-04:00,20.48332517213279,20.587588899040902,20.426452076104017,20.445409774780273,10100,0.0,0.0
2022-07-07 00:00:00-04:00,20.46437117581111,20.5686367294883,20.28427662161578,20.38854217529297,16000,0.0,0.0
2022-07-08 00:00:00-04:00,20.521239753055482,20.521239753055482,20.322189331054688,20.322189331054688,11600,0.0,0.0
2022-07-11 00:00:00-04:00,20.27479164457861,20.27479164457861,19.980954582341283,20.02834701538086,16100,0.0,0.0
2022-07-12 00:00:00-04:00,20.04730507539472,20.15157059945957,20.028347378672848,20.142091751098633,15800,0.0,0.0
2022-07-13 00:00:00-04:00,20.113653941892533,20.40749279889772,19.961995993460015,20.369577407836914,22900,0.0,0.0
2022-07-14 00:00:00-04:00,20.161051866635862,20.236880854715455,19.848257064819336,19.848257064819336,12400,0.0,0.0
2022-07-15 00:00:00-04:00,20.09469835620307,20.341141170179856,19.848253734320906,20.26531219482422,18100,0.0,0.0
2022-07-18 00:00:00-04:00,20.39801384759597,20.42644858284189,20.056782561402155,20.094697952270508,7400,0.0,0.0
2022-07-19 00:00:00-04:00,20.37906041943663,20.843513207396036,20.312710279428963,20.483325958251953,19700,0.0,0.0
2022-07-20 00:00:00-04:00,20.473845385027673,20.871947999466467,20.473845385027673,20.786640167236328,18100,0.0,0.0
2022-07-21 00:00:00-04:00,20.9856931602972,21.848248630042903,20.94777956790807,21.753463745117188,37400,0.0,0.0
2022-07-22 00:00:00-04:00,21.924072671413555,22.037817038704596,21.819808959960938,21.819808959960938,8300,0.0,0.0
2022-07-25 00:00:00-04:00,21.943033583495414,22.265307228833095,21.943033583495414,22.08521270751953,51300,0.0,0.0
2022-07-26 00:00:00-04:00,22.15156102704053,23.232124362245557,22.047295509466235,23.014116287231445,45800,0.0,0.0
2022-07-27 00:00:00-04:00,23.184730861127854,23.184730861127854,22.57809904773157,22.834022521972656,19800,0.0,0.0
2022-07-28 00:00:00-04:00,22.42644165032798,23.393262482824596,22.42644165032798,23.251083374023438,28600,0.0,0.0
2022-07-29 00:00:00-04:00,23.677622515101802,23.70605906220362,23.516485697336027,23.687101364135742,24900,0.0,0.0
2022-08-01 00:00:00-04:00,23.69658208980319,26.0567614489989,23.317437137947486,23.440658569335938,34200,0.0,0.0
2022-08-02 00:00:00-04:00,23.4596153879582,23.592315664148146,22.748717951959463,22.881418228149414,16900,0.0,0.0
2022-08-03 00:00:00-04:00,22.909855561867463,22.919334411621094,22.64445319248295,22.919334411621094,13400,0.0,0.0
2022-08-04 00:00:00-04:00,22.862462648505847,22.862462648505847,22.61601798372188,22.74871826171875,10900,0.0,0.0
2022-08-05 00:00:00-04:00,22.691703460288124,23.679952756893922,22.67270006030479,22.79623031616211,13100,0.06,0.0
2022-08-08 00:00:00-04:00,23.04328999202662,23.04328999202662,22.65369224437285,22.91975975036621,12900,0.0,0.0
2022-08-09 00:00:00-04:00,22.805730301387168,23.024284781790676,22.63468703413691,22.91975975036621,14000,0.0,0.0
2022-08-10 00:00:00-04:00,23.31886355366346,23.375877380371094,22.900757928788092,23.375877380371094,9200,0.0,0.0
2022-08-11 00:00:00-04:00,23.51840841293335,23.841489724004933,23.2048297065917,23.75596809387207,32500,0.0,0.0
2022-08-12 00:00:00-04:00,23.755970182261613,24.13606534269046,23.755970182261613,24.012535095214844,11100,0.0,0.0
2022-08-15 00:00:00-04:00,24.33561522307479,24.33561522307479,23.98402608440998,24.15506935119629,13400,0.0,0.0
2022-08-16 00:00:00-04:00,24.430638567590258,25.428390390541868,24.430638567590258,24.99127960205078,128900,0.0,0.0
2022-08-17 00:00:00-04:00,24.848744372830193,25.152820500251476,24.155070480595807,24.896257400512695,25200,0.0,0.0
2022-08-18 00:00:00-04:00,24.848745516083845,25.19083208139002,24.772726480731002,25.105310440063477,33300,0.0,0.0
2022-08-19 00:00:00-04:00,24.905758388408973,25.152820696980292,24.668198685448473,24.886754989624023,12100,0.0,0.0
2022-08-22 00:00:00-04:00,24.78222763004438,25.257347026182067,24.316610839321843,24.734716415405273,31200,0.0,0.0
2022-08-23 00:00:00-04:00,24.715711924025236,25.076801878128727,24.259597725440816,24.61118507385254,20600,0.0,0.0
2022-08-24 00:00:00-04:00,24.706207693503902,24.706207693503902,24.335615158081055,24.335615158081055,10800,0.0,0.0
2022-08-25 00:00:00-04:00,24.649196252825128,24.94376978856011,24.259598469693987,24.839242935180664,23500,0.0,0.0
2022-08-26 00:00:00-04:00,24.991281241708357,24.991281241708357,24.126564025878906,24.126564025878906,18600,0.0,0.0
2022-08-29 00:00:00-04:00,24.02203572527,24.145565962586808,23.61343278174768,23.927011489868164,11600,0.0,0.0
2022-08-30 00:00:00-04:00,23.74646916169753,24.03154191037438,23.65144491213858,23.850996017456055,18600,0.0,0.0
2022-08-31 00:00:00-04:00,23.77497616768928,23.87000041400039,23.45189481769356,23.537416458129883,17100,0.0,0.0
2022-09-01 00:00:00-04:00,23.53741242680479,23.53741242680479,22.986274067519624,23.280847549438477,8400,0.0,0.0
2022-09-02 00:00:00-04:00,23.56592113772014,23.755969619652014,23.489902107434716,23.508907318115234,11800,0.0,0.0
2022-09-06 00:00:00-04:00,23.499405284732948,23.594429528011705,22.881750422076067,23.043291091918945,11600,0.0,0.0
2022-09-07 00:00:00-04:00,22.98627750797396,23.480400315733124,22.98627750797396,23.385377883911133,10100,0.0,0.0
2022-09-08 00:00:00-04:00,23.280848789379426,23.76547075718134,23.14781594770552,23.575422286987305,18800,0.0,0.0
2022-09-09 00:00:00-04:00,23.660947518338155,23.908009842216703,23.584928481178355,23.850996017456055,11000,0.0,0.0
2022-09-12 00:00:00-04:00,24.03153936978765,24.326112881085297,23.869998706346372,23.96502113342285,17000,0.0,0.0
2022-09-13 00:00:00-04:00,23.603930446571596,24.611183003488364,23.119308471679688,23.119308471679688,20600,0.0,0.0
2022-09-14 00:00:00-04:00,23.24284392626752,23.24284392626752,22.80573487774711,22.88175392150879,20400,0.0,0.0
2022-09-15 00:00:00-04:00,22.89124870300293,23.21432998165175,22.73921066745482,22.89124870300293,22600,0.0,0.0
2022-09-16 00:00:00-04:00,22.72971289542571,23.328362561099233,21.922009527106884,22.226085662841797,99900,0.0,0.0
2022-09-19 00:00:00-04:00,22.235589206272675,23.09080382719916,22.235589206272675,23.062297821044922,21900,0.0,0.0
2022-09-20 00:00:00-04:00,22.76772288801172,22.900757564797544,22.5396657723691,22.777225494384766,24100,0.0,0.0
2022-09-21 00:00:00-04:00,22.95776688979828,23.223834378771365,22.72020721435547,22.72020721435547,10300,0.0,0.0
2022-09-22 00:00:00-04:00,22.891254947039588,22.891254947039588,22.4351407159812,22.606184005737305,31100,0.0,0.0
2022-09-23 00:00:00-04:00,22.444639915983075,22.87224626303976,22.15006460058258,22.321107864379883,18900,0.0,0.0
2022-09-26 00:00:00-04:00,22.140565585502006,22.3971305227971,22.026537932773206,22.33061408996582,21500,0.0,0.0
2022-09-27 00:00:00-04:00,22.378126439777414,22.71071043316346,22.01703643798828,22.01703643798828,15400,0.0,0.0
2022-09-28 00:00:00-04:00,22.197578075532135,22.66319485173926,21.960018384869116,22.387624740600586,21500,0.0,0.0
2022-09-29 00:00:00-04:00,22.321107020334054,22.767718560354933,21.988523110241847,22.273595809936523,20300,0.0,0.0
2022-09-30 00:00:00-04:00,22.15006501696059,22.226084045362114,21.91250532665125,21.950515747070312,16700,0.0,0.0
2022-10-03 00:00:00-04:00,22.2070826051126,22.96727295613757,22.2070826051126,22.739215850830078,13500,0.0,0.0
2022-10-04 00:00:00-04:00,22.86274841400008,23.66094926947073,22.86274841400008,23.242843627929688,14800,0.0,0.0
2022-10-05 00:00:00-04:00,23.6324392231545,23.746466861631152,22.8057306882339,22.900754928588867,15500,0.0,0.0
2022-10-06 00:00:00-04:00,22.948266011351418,23.632439088046425,22.463644019504667,22.995779037475586,19400,0.0,0.0
2022-10-07 00:00:00-04:00,22.97677753946618,23.927016466243526,22.530164083921196,22.824739456176758,18800,0.0,0.0
2022-10-10 00:00:00-04:00,22.98627727092637,23.043291091918945,22.729712357804733,23.043291091918945,10700,0.0,0.0
2022-10-11 00:00:00-04:00,23.062297821044922,23.432890400544476,22.891254534372262,23.062297821044922,13900,0.0,0.0
2022-10-12 00:00:00-04:00,23.11931102634256,23.62293826666958,22.56817256874027,22.739215850830078,14700,0.0,0.0
2022-10-13 00:00:00-04:00,22.558666466305247,23.69895362854004,22.558666466305247,23.69895362854004,13300,0.0,0.0
2022-10-14 00:00:00-04:00,23.033790197601203,23.51841224313396,22.682202827516953,23.05279541015625,15200,0.0,0.0
2022-10-17 00:00:00-04:00,23.22383679215221,23.48990249633789,22.9102580604786,23.48990249633789,17100,0.0,0.0
2022-10-18 00:00:00-04:00,23.708460384627827,23.803482821089823,23.48990406842956,23.594430923461914,9600,0.0,0.0
2022-10-19 00:00:00-04:00,23.480402375122107,24.04104347174005,22.91026048443805,23.290355682373047,13100,0.0,0.0
2022-10-20 00:00:00-04:00,23.3093599772504,23.3093599772504,22.682202472251447,22.80573272705078,10200,0.0,0.0
2022-10-21 00:00:00-04:00,22.900757865937035,23.261847850676883,22.568173888254336,22.938766479492188,32300,0.0,0.0
2022-10-24 00:00:00-04:00,22.929259271752723,22.938761876343833,22.634685779174454,22.710704803466797,13800,0.0,0.0
2022-10-25 00:00:00-04:00,22.568171953393122,22.853242874145508,22.48265031468006,22.853242874145508,14300,0.0,0.0
2022-10-26 00:00:00-04:00,22.862744153158033,23.290352321910238,22.69170088565715,23.090801239013672,37800,0.0,0.0
2022-10-27 00:00:00-04:00,23.052791527116458,23.166819158366142,22.891250872482306,22.967269897460938,27600,0.0,0.0
2022-10-28 00:00:00-04:00,23.071797619487068,23.946017346418188,22.9387629613555,23.717958450317383,19900,0.0,0.0
2022-10-31 00:00:00-04:00,23.556421612061175,23.765473503483104,23.39488093745981,23.451894760131836,15300,0.0,0.0
2022-11-01 00:00:00-04:00,23.43289059907307,23.65144510614564,22.967273766095364,23.05279541015625,10200,0.0,0.0
2022-11-02 00:00:00-04:00,23.08130252976638,23.489903712700826,22.90075664083652,22.910259246826172,24500,0.0,0.0
2022-11-03 00:00:00-04:00,22.91025566345141,23.176321339799483,22.454139709472656,22.454139709472656,5200,0.0,0.0
2022-11-04 00:00:00-04:00,22.863787748570953,22.863787748570953,22.43509100146501,22.61609649658203,9800,0.06,0.0
2022-11-07 00:00:00-05:00,22.558934410027366,22.81615242264862,22.558934410027366,22.768518447875977,9800,0.0,0.0
2022-11-08 00:00:00-05:00,22.62562050781837,22.95905106818577,22.549407964052996,22.73041343688965,8300,0.0,0.0
2022-11-09 00:00:00-05:00,22.863783258030864,22.863783258030864,22.406508028962303,22.51129913330078,9200,0.0,0.0
2022-11-10 00:00:00-05:00,23.19722003816704,23.635441796388772,22.854262615523435,23.2924861907959,19000,0.0,0.0
2022-11-11 00:00:00-05:00,23.197215827107375,23.321060531107484,23.03526394215314,23.10194969177246,7900,0.0,0.0
2022-11-14 00:00:00-05:00,23.054319593733336,23.349643004328726,22.96858024597168,22.96858024597168,9500,0.0,0.0
2022-11-15 00:00:00-05:00,23.16863779760372,23.16863779760372,22.749467849731445,22.749467849731445,10400,0.0,0.0
2022-11-16 00:00:00-05:00,22.854262626660322,23.111480693768367,22.854262626660322,22.882843017578125,8000,0.0,0.0
2022-11-17 00:00:00-05:00,22.720888393939127,22.901893880734256,22.720888393939127,22.863786697387695,8600,0.0,0.0
2022-11-18 00:00:00-05:00,23.149579723606415,23.29247982200232,22.88283674964122,23.006681442260742,9300,0.0,0.0
2022-11-21 00:00:00-05:00,22.949526509306622,23.34011606129486,22.87331395811503,22.92094612121582,15700,0.0,0.0
2022-11-22 00:00:00-05:00,23.130528654950243,23.340112686157227,23.082894681687097,23.340112686157227,8700,0.0,0.0
2022-11-23 00:00:00-05:00,23.30200570703568,23.59733089264461,23.092421674034444,23.25437355041504,11400,0.0,0.0
2022-11-25 00:00:00-05:00,23.178165251286476,23.59733521104899,23.178165251286476,23.492542266845703,4700,0.0,0.0
2022-11-28 00:00:00-05:00,23.454435376490355,23.63543904667165,22.911418914794922,22.911418914794922,40300,0.0,0.0
2022-11-29 00:00:00-05:00,22.806626919619575,23.016210969340477,22.75899294214861,22.8447322845459,9500,0.0,0.0
2022-11-30 00:00:00-05:00,22.959053168841795,23.76881265609493,22.85426023018241,23.64496612548828,17200,0.0,0.0
2022-12-01 00:00:00-05:00,23.359169046164787,23.76881217956543,23.21627074352632,23.76881217956543,10000,0.0,0.0
2022-12-02 00:00:00-05:00,23.76881653199601,23.76881653199601,23.321066133474954,23.463964462280273,9100,0.0,0.0
2022-12-05 00:00:00-05:00,23.463957152322084,23.6259090257272,22.882837220615706,23.063840866088867,15300,0.0,0.0
2022-12-06 00:00:00-05:00,23.092424374478973,23.60686044798185,22.863786725272313,23.454435348510742,50800,0.0,0.0
2022-12-07 00:00:00-05:00,23.34011288597243,23.816441720380034,22.9685769765906,23.25437355041504,14100,0.0,0.0
2022-12-08 00:00:00-05:00,23.330590080803308,23.330590080803308,23.101952419236323,23.12100601196289,5100,0.0,0.0
2022-12-09 00:00:00-05:00,23.10195161168981,23.37822324541593,22.92094612121582,22.92094612121582,9900,0.0,0.0
2022-12-12 00:00:00-05:00,23.149582621098055,23.149582621098055,22.892366409301758,22.892366409301758,15900,0.0,0.0
2022-12-13 00:00:00-05:00,23.054320906552935,23.31153714743442,22.816156441886275,23.2734317779541,34500,0.0,0.0
2022-12-14 00:00:00-05:00,23.140058941494992,23.206744697076154,22.863787306029533,22.96858024597168,18800,0.0,0.0
2022-12-15 00:00:00-05:00,23.04479005040629,23.549697463643927,22.682779110335556,22.768518447875977,12700,0.0,0.0
2022-12-16 00:00:00-05:00,22.62562057090505,23.26390130811365,22.149291716780734,22.95905113220215,87500,0.0,0.0
2022-12-19 00:00:00-05:00,22.86378534410835,22.86378534410835,22.3779296875,22.3779296875,9900,0.0,0.0
2022-12-20 00:00:00-05:00,22.425563397016898,22.616093849053726,22.17787217402368,22.235031127929688,10000,0.0,0.0
2022-12-21 00:00:00-05:00,22.14929103865903,22.72088600951836,22.14929103865903,22.44461441040039,13000,0.0,0.0
2022-12-22 00:00:00-05:00,22.14929494346622,22.577991701450337,22.14929494346622,22.492252349853516,7300,0.0,0.0
2022-12-23 00:00:00-05:00,22.568461137341405,22.616093294920947,22.330296715343017,22.539880752563477,4700,0.0,0.0
2022-12-27 00:00:00-05:00,22.701836246050004,22.82568096570153,22.034975031478496,22.215980529785156,16500,0.0,0.0
2022-12-28 00:00:00-05:00,22.60656642169262,22.60656642169262,22.025446469623606,22.130237579345703,10100,0.0,0.0
2022-12-29 00:00:00-05:00,22.311241901977127,22.51129913330078,22.149290031217397,22.51129913330078,6400,0.0,0.0
2022-12-30 00:00:00-05:00,22.04449926702552,22.61609426782061,22.02544749340434,22.42556381225586,13600,0.0,0.0
2023-01-03 00:00:00-05:00,22.501775311970526,22.530353879599126,21.987339290051693,22.130237579345703,19800,0.0,0.0
2023-01-04 00:00:00-05:00,22.187401083805625,22.20645285888981,21.939709837205605,22.149293899536133,19600,0.0,0.0
2023-01-05 00:00:00-05:00,21.95875898666697,22.03497152904261,21.939707213860814,21.949234008789062,5500,0.0,0.0
2023-01-06 00:00:00-05:00,22.04450140413432,22.38745880126953,21.958762054850517,22.38745880126953,61300,0.0,0.0
2023-01-09 00:00:00-05:00,22.49224908206131,22.49224908206131,22.006393432617188,22.006393432617188,13700,0.0,0.0
2023-01-10 00:00:00-05:00,21.949240232247924,22.20645650004002,21.949240232247924,22.054031372070312,7300,0.0,0.0
2023-01-11 00:00:00-05:00,22.139764930368383,22.387456152656586,22.006393432617188,22.006393432617188,10200,0.0,0.0
2023-01-12 00:00:00-05:00,22.215979497736424,22.406511783634382,21.92065608994008,22.282665252685547,25500,0.0,0.0
2023-01-13 00:00:00-05:00,22.149291586467935,22.320770263671875,22.11118440617801,22.320770263671875,15000,0.0,0.0
2023-01-17 00:00:00-05:00,22.330294037917557,22.33982083170126,22.054022469340513,22.158815383911133,12900,0.0,0.0
2023-01-18 00:00:00-05:00,22.282667963911774,22.396987712770425,22.073083877563477,22.073083877563477,9300,0.0,0.0
2023-01-19 00:00:00-05:00,22.006397223410417,22.17787593122944,21.777759552001953,21.777759552001953,19100,0.0,0.0
2023-01-20 00:00:00-05:00,21.892076028282677,21.987342172651775,21.749177720254313,21.834917068481445,19100,0.0,0.0
2023-01-23 00:00:00-05:00,21.77775477550666,21.95875842334898,21.77775477550666,21.892072677612305,4900,0.0,0.0
2023-01-24 00:00:00-05:00,21.892075149002718,22.015921676823506,21.57769815714682,21.768230438232422,5400,0.0,0.0
2023-01-25 00:00:00-05:00,21.768232151458506,21.901603668484874,21.539594486391604,21.67296600341797,19000,0.0,0.0
2023-01-26 00:00:00-05:00,21.672960374171435,21.787280085537272,20.634563446044922,20.634563446044922,38300,0.0,0.0
2023-01-27 00:00:00-05:00,20.729832726221925,21.330006305403128,20.31066281011336,20.482141494750977,27100,0.0,0.0
2023-01-30 00:00:00-05:00,20.3487697305437,21.396691781772105,20.339242935180664,20.339242935180664,13300,0.0,0.0
2023-01-31 00:00:00-05:00,20.415455743403115,21.053736504526206,20.396402152432167,20.482141494750977,27800,0.0,0.0
2023-02-01 00:00:00-05:00,20.45356015595098,21.301426744175842,20.45356015595098,20.95846939086914,49100,0.0,0.0
2023-02-02 00:00:00-05:00,20.929888534472838,21.244265495575153,20.777463451335375,20.901309967041016,29400,0.0,0.0
2023-02-03 00:00:00-05:00,20.729358467535505,21.20699343847381,20.729358467535505,21.006385803222656,145400,0.06,0.0
2023-02-06 00:00:00-05:00,20.863096512732355,21.35028442126433,20.77712206875419,20.97772789001465,24000,0.0,0.0
2023-02-07 00:00:00-05:00,20.843996516685763,21.245210093666486,20.576522013387546,20.662494659423828,83000,0.0,0.0
2023-02-08 00:00:00-05:00,20.63383562955423,20.78667870797785,20.242175013339548,20.566967010498047,40700,0.0,0.0
2023-02-09 00:00:00-05:00,20.519201121024,20.75801864381627,20.01290913880557,20.089330673217773,78600,0.0,0.0
2023-02-10 00:00:00-05:00,20.003356075306495,20.289936371781756,19.96514439735881,20.051118850708008,75100,0.0,0.0
2023-02-13 00:00:00-05:00,20.041566920093224,20.337701972700113,19.993804142335044,20.060672760009766,42400,0.0,0.0
2023-02-14 00:00:00-05:00,19.9460402019942,20.356806663614645,19.9460402019942,20.309043884277344,32900,0.0,0.0
2023-02-15 00:00:00-05:00,20.33770251775674,20.347253615937802,20.10843607668016,20.251728057861328,11700,0.0,0.0
2023-02-16 00:00:00-05:00,20.184857545702183,20.299490765839188,20.051120307236697,20.232622146606445,16000,0.0,0.0
2023-02-17 00:00:00-05:00,20.337701983495435,20.5192019966994,20.289937383678723,20.4332275390625,13200,0.0,0.0
2023-02-21 00:00:00-05:00,20.433228790299992,20.519203253201578,20.10843677979029,20.184858322143555,17300,0.0,0.0
2023-02-22 00:00:00-05:00,20.10843751927881,20.10843751927881,19.984253191650353,20.07978057861328,17500,0.0,0.0
2023-02-23 00:00:00-05:00,20.03201504286169,20.108436584472656,19.993805183072844,20.108436584472656,14600,0.0,0.0
2023-02-24 00:00:00-05:00,19.94603609893479,20.03201054168289,19.82185180498357,19.840957641601562,17400,0.0,0.0
2023-02-27 00:00:00-05:00,19.879169123253483,20.270829695881197,19.34421840830419,19.745431900024414,30200,0.0,0.0
2023-02-28 00:00:00-05:00,19.640354487708745,19.802750491992764,19.37288000208797,19.40153694152832,22800,0.0,0.0
2023-03-01 00:00:00-05:00,19.420642782510743,19.516170165389568,19.34422124061434,19.40153694152832,16500,0.0,0.0
2023-03-02 00:00:00-05:00,19.25824546813965,19.32511408499595,19.162718091759295,19.25824546813965,14900,0.0,0.0
2023-03-03 00:00:00-05:00,19.258249232476764,19.344223705820873,19.00987873415307,19.22003936767578,15800,0.0,0.0
2023-03-06 00:00:00-05:00,19.22003537589809,19.22003537589809,18.713741562693404,18.828372955322266,64300,0.0,0.0
2023-03-07 00:00:00-05:00,18.78061436584374,18.78061436584374,18.51313802002103,18.57045555114746,15800,0.0,0.0
2023-03-08 00:00:00-05:00,18.50358284677862,18.52268686424829,18.35073795278932,18.474924087524414,24200,0.0,0.0
2023-03-09 00:00:00-05:00,18.484476348615846,18.484476348615846,17.748917952266353,17.892208099365234,39200,0.0,0.0
2023-03-10 00:00:00-05:00,17.69160727176963,17.69160727176963,16.449754726885004,16.822311401367188,58000,0.0,0.0
2023-03-13 00:00:00-04:00,16.478407773104582,16.478407773104582,14.634736351023259,15.761955261230469,47700,0.0,0.0
2023-03-14 00:00:00-04:00,16.153619221441275,18.006843952330637,15.876591806007474,15.933907508850098,61200,0.0,0.0
2023-03-15 00:00:00-04:00,15.771508080862196,16.33511753242185,15.398953360080812,15.714192390441895,74100,0.0,0.0
2023-03-16 00:00:00-04:00,15.637773129225238,16.612147295737252,15.637773129225238,16.60259437561035,18900,0.0,0.0
2023-03-17 00:00:00-04:00,16.45930413511449,16.54527859379161,15.73329860741503,15.83837890625,45800,0.0,0.0
2023-03-20 00:00:00-04:00,16.0103300224062,16.0103300224062,15.456273335968799,15.551800727844238,33200,0.0,0.0
2023-03-21 00:00:00-04:00,15.819271776213364,16.182275421480945,15.35118966271195,16.067642211914062,41300,0.0,0.0
2023-03-22 00:00:00-04:00,15.933906427713442,16.62170028125723,15.876590728759766,15.876590728759766,24600,0.0,0.0
2023-03-23 00:00:00-04:00,16.086748857545043,16.230039010167356,15.58045504144419,15.637772560119629,20400,0.0,0.0
2023-03-24 00:00:00-04:00,15.580454457949235,16.14406394958496,15.551797521717875,16.14406394958496,20200,0.0,0.0
2023-03-27 00:00:00-04:00,16.35422692680982,16.478411253401653,16.04853892667349,16.316015243530273,14000,0.0,0.0
2023-03-28 00:00:00-04:00,16.440199374591057,16.602595382530982,16.115409180744525,16.239593505859375,15300,0.0,0.0
2023-03-29 00:00:00-04:00,16.277805118595307,16.287356217227128,15.953013104113946,16.220487594604492,23000,0.0,0.0
2023-03-30 00:00:00-04:00,16.392436596036106,16.602595385511787,15.85748579062226,15.88614273071289,16000,0.0,0.0
2023-03-31 00:00:00-04:00,15.886142765611362,16.048538773937192,15.8192741425419,15.895695686340332,22000,0.0,0.0
2023-04-03 00:00:00-04:00,15.828824383860171,16.16316926464486,15.828824383860171,15.96256160736084,17500,0.0,0.0
2023-04-04 00:00:00-04:00,15.895695413990353,16.105856022360232,15.332085854871066,15.398956298828125,33300,0.0,0.0
2023-04-05 00:00:00-04:00,15.284321377645151,15.456270284668953,15.102820462132895,15.131478309631348,18300,0.0,0.0
2023-04-06 00:00:00-04:00,15.265217490226139,15.370297796182093,15.055058700347553,15.150585174560547,22400,0.0,0.0
2023-04-10 00:00:00-04:00,15.007294754800895,16.124960041457527,15.007294754800895,15.398956298828125,23000,0.0,0.0
2023-04-11 00:00:00-04:00,16.21093359810306,16.25869819825885,15.207900681263023,15.446718215942383,17400,0.0,0.0
2023-04-12 00:00:00-04:00,15.618664951641492,15.89569230573165,15.389400369004932,15.695086479187012,16300,0.0,0.0
2023-04-13 00:00:00-04:00,15.723748207092285,15.886144230391828,15.551801084216441,15.723748207092285,22500,0.0,0.0
2023-04-14 00:00:00-04:00,15.914798217929425,16.048535436254447,15.675980715473061,15.714192390441895,27200,0.0,0.0
2023-04-17 00:00:00-04:00,15.83837980521442,15.83837980521442,15.475377931777807,15.800169944763184,33900,0.0,0.0
2023-04-18 00:00:00-04:00,15.695089234450586,15.819273555250188,15.561351993276668,15.666430473327637,8800,0.0,0.0
2023-04-19 00:00:00-04:00,15.761956310535272,16.058089524988187,15.580454485274997,15.80971908569336,11400,0.0,0.0
2023-04-20 00:00:00-04:00,15.809721291149028,16.038987745583135,15.523140956156398,15.914801597595215,19100,0.0,0.0
2023-04-21 00:00:00-04:00,15.95301126694169,16.707673692246242,15.95301126694169,16.573936462402344,26700,0.0,0.0
2023-04-24 00:00:00-04:00,16.621700211491408,16.621700211491408,16.230039596557617,16.230039596557617,9500,0.0,0.0
2023-04-25 00:00:00-04:00,16.239593050149953,17.18531030913234,16.239593050149953,16.42109489440918,32600,0.0,0.0
2023-04-26 00:00:00-04:00,16.411542892456055,16.449752754314023,16.316015504761076,16.411542892456055,10500,0.0,0.0
2023-04-27 00:00:00-04:00,16.096303599370266,16.354226996506352,15.991223291937041,16.335121154785156,7000,0.0,0.0
2023-04-28 00:00:00-04:00,15.98167260286598,16.316017591543705,15.953015658315687,16.09630584716797,16200,0.0,0.0
2023-05-01 00:00:00-04:00,15.953011887554762,15.953011887554762,15.57090237822184,15.75240421295166,18000,0.0,0.0
2023-05-02 00:00:00-04:00,15.618667990341308,15.618667990341308,14.90221534694981,15.418060302734375,29900,0.0,0.0
2023-05-03 00:00:00-04:00,15.943459600915807,15.943459600915807,15.083715903816207,15.255664825439453,24400,0.0,0.0
2023-05-04 00:00:00-04:00,15.141032773358244,15.408507258645365,14.806687844716064,14.99774169921875,33800,0.0,0.0
2023-05-05 00:00:00-04:00,15.09326885176501,15.427612864290897,14.672949467253476,15.27476978302002,11200,0.0,0.0
2023-05-08 00:00:00-04:00,15.437165955333144,15.46582471665082,14.949977945132291,14.969083786010742,20500,0.0,0.0
2023-05-09 00:00:00-04:00,14.911766753659112,15.379849820791268,14.873555983996958,15.169690132141113,11000,0.0,0.0
2023-05-10 00:00:00-04:00,15.332084798642715,15.475376775217436,15.045504489559608,15.370296478271484,13300,0.0,0.0
2023-05-11 00:00:00-04:00,15.131477891811382,15.198346504466867,14.940424062069628,14.988186836242676,12700,0.0,0.0
2023-05-12 00:00:00-04:00,15.19915648168379,15.323817525180619,14.911475110467864,15.160799026489258,11100,0.06,0.0
2023-05-15 00:00:00-04:00,15.74574906213786,15.812874374196758,15.151208101650184,15.304637908935547,21400,0.0,0.0
2023-05-16 00:00:00-04:00,15.285458452143118,15.649854695179695,15.15120783042854,15.333405494689941,32100,0.0,0.0
2023-05-17 00:00:00-04:00,15.496425525611093,16.41700621959258,15.247101625762514,16.062198638916016,23700,0.0,0.0
2023-05-18 00:00:00-04:00,16.225217281585653,16.560845662931857,16.110144014342445,16.349878311157227,16700,0.0,0.0
2023-05-19 00:00:00-04:00,16.58002620158474,16.61838274111765,16.138914108276367,16.138914108276367,12600,0.0,0.0
2023-05-22 00:00:00-04:00,16.292343268263064,17.001956596804018,15.832053838240974,16.762222290039062,15000,0.0,0.0
2023-05-23 00:00:00-04:00,17.212923957334848,17.251280495322884,16.762222290039062,16.762222290039062,12300,0.0,0.0
2023-05-24 00:00:00-04:00,16.886882837187265,16.97318732210519,16.330699394953633,16.455360412597656,20200,0.0,0.0
2023-05-25 00:00:00-04:00,16.37864875793457,17.280050318143708,16.2060397539554,16.37864875793457,15400,0.0,0.0
2023-05-26 00:00:00-04:00,16.503309565366497,16.771812659849232,16.40741730143409,16.47454261779785,15500,0.0,0.0
2023-05-30 00:00:00-04:00,16.407419459944258,16.407419459944258,16.052611818022786,16.177274703979492,16400,0.0,0.0
2023-05-31 00:00:00-04:00,16.071789899660594,16.60879429331439,16.023841935656268,16.29234504699707,18600,0.0,0.0
2023-06-01 00:00:00-04:00,16.69509741010849,16.69509741010849,16.06219897014442,16.23480796813965,31700,0.0,0.0
2023-06-02 00:00:00-04:00,16.29234349178052,16.675918022061254,16.158092863439176,16.66632843017578,56300,0.0,0.0
2023-06-05 00:00:00-04:00,16.50331012809335,16.92524305408816,16.378649083313938,16.685508728027344,20500,0.0,0.0
2023-06-06 00:00:00-04:00,16.925244128756706,18.20063075121983,16.925244128756706,18.00884437561035,17300,0.0,0.0
2023-06-07 00:00:00-04:00,18.00884204539918,18.843116420858607,18.00884204539918,18.603382110595703,23400,0.0,0.0
2023-06-08 00:00:00-04:00,18.728046820741085,18.891066240936986,17.759519892403983,18.06637954711914,11000,0.0,0.0
2023-06-09 00:00:00-04:00,17.85541288020521,18.27734396465814,17.740339602336782,17.845823287963867,17400,0.0,0.0
2023-06-12 00:00:00-04:00,17.730749144349854,17.864999771118164,17.663623830965697,17.864999771118164,14800,0.0,0.0
2023-06-13 00:00:00-04:00,18.11432344728463,18.45954143075908,17.558139934480003,18.028018951416016,16000,0.0,0.0
2023-06-14 00:00:00-04:00,18.171861792215214,18.670507776904273,17.836233385712507,17.941715240478516,23700,0.0,0.0
2023-06-15 00:00:00-04:00,18.028017298913728,18.68009483947071,17.548548734272114,18.49789810180664,11500,0.0,0.0
2023-06-16 00:00:00-04:00,18.737634442266586,18.737634442266586,18.075967238256048,18.133502960205078,31300,0.0,0.0
2023-06-20 00:00:00-04:00,18.229398318838616,18.402007325732605,17.788286209106445,17.788286209106445,15300,0.0,0.0
2023-06-21 00:00:00-04:00,17.893769556884216,17.893769556884216,17.34717559814453,17.34717559814453,10000,0.0,0.0
2023-06-22 00:00:00-04:00,17.37594348201839,17.51019410946766,17.164976119995117,17.164976119995117,13700,0.0,0.0
2023-06-23 00:00:00-04:00,16.934831403355965,17.164976119995117,16.934831403355965,17.164976119995117,91200,0.0,0.0
2023-06-26 00:00:00-04:00,17.126617247106264,17.644442331699683,17.126617247106264,17.356761932373047,8100,0.0,0.0
2023-06-27 00:00:00-04:00,17.654034328738675,17.654034328738675,17.097850806270486,17.164976119995117,21800,0.0,0.0
2023-06-28 00:00:00-04:00,17.05948994423698,17.55813578939152,17.040310765454496,17.22250747680664,11700,0.0,0.0
2023-06-29 00:00:00-04:00,17.280050280969864,17.64444564378708,17.260871096340612,17.34717559814453,7700,0.0,0.0
2023-06-30 00:00:00-04:00,17.558137846096216,17.558137846096216,17.260867856255043,17.356761932373047,10100,0.0,0.0
2023-07-03 00:00:00-04:00,17.730750718651013,17.845824001117993,17.625267028808594,17.625267028808594,2900,0.0,0.0
2023-07-05 00:00:00-04:00,17.452657572030905,17.749927588503752,17.078670824568896,17.117029190063477,24800,0.0,0.0
2023-07-06 00:00:00-04:00,17.078672493949192,17.347175591573876,16.93483226733971,17.21292495727539,21700,0.0,0.0
2023-07-07 00:00:00-04:00,17.807462903559895,17.807462903559895,17.54854942943039,17.64444351196289,44500,0.0,0.0
2023-07-10 00:00:00-04:00,17.615677797338588,17.970483549743413,17.117029996579113,17.232101440429688,26800,0.0,0.0
2023-07-11 00:00:00-04:00,17.184155195898782,17.663623809814453,17.184155195898782,17.663623809814453,14100,0.0,0.0
2023-07-12 00:00:00-04:00,17.740338729095342,17.970483444475967,17.558140143533656,17.797874450683594,12300,0.0,0.0
2023-07-13 00:00:00-04:00,17.66362737005927,17.865003350559533,17.66362737005927,17.82664680480957,7000,0.0,0.0
2023-07-14 00:00:00-04:00,17.893766801384892,17.9800712898986,17.50060272216797,17.50060272216797,9600,0.0,0.0
2023-07-17 00:00:00-04:00,17.5293740674669,17.980073928833008,17.51978447522153,17.980073928833008,20900,0.0,0.0
2023-07-18 00:00:00-04:00,17.9704823847722,18.680095672607422,17.9704823847722,18.680095672607422,16500,0.0,0.0
2023-07-19 00:00:00-04:00,18.526665243528832,19.13079666570289,18.45953993640448,19.102027893066406,19000,0.0,0.0
2023-07-20 00:00:00-04:00,18.74721904072794,19.178741455078125,18.641737206463585,19.178741455078125,15100,0.0,0.0
2023-07-21 00:00:00-04:00,19.169156140612454,19.178745732962263,18.852706909179688,18.852706909179688,14900,0.0,0.0
2023-07-24 00:00:00-04:00,18.98695330891642,19.178741455078125,18.98695330891642,19.178741455078125,7800,0.0,0.0
2023-07-25 00:00:00-04:00,18.967779721025597,19.169155668326937,18.967779721025597,19.04449462890625,6500,0.0,0.0
2023-07-26 00:00:00-04:00,19.17874677209932,19.83082445499515,19.17874677209932,19.77328872680664,37000,0.0,0.0
2023-07-27 00:00:00-04:00,19.61026655947405,20.0034306669134,19.61026655947405,19.859588623046875,10600,0.0,0.0
2023-07-28 00:00:00-04:00,19.06367255449994,19.763698167512157,18.507488998466993,19.389711380004883,47000,0.0,0.0
2023-07-31 00:00:00-04:00,19.533553434296085,19.63903529263124,19.006136826509387,19.322586059570312,15700,0.0,0.0
2023-08-01 00:00:00-04:00,19.38971137194406,19.39930096434054,19.140387456718774,19.188335418701172,10700,0.0,0.0
2023-08-02 00:00:00-04:00,19.025311669759684,19.90753384985437,19.025311669759684,19.178741455078125,28200,0.0,0.0
2023-08-03 00:00:00-04:00,19.274640719902596,19.274640719902596,19.092442114875386,19.169157028198242,30800,0.0,0.0
2023-08-04 00:00:00-04:00,19.101760878231225,19.38096912755331,19.101760878231225,19.217294692993164,8400,0.08,0.0
2023-08-07 00:00:00-04:00,19.352085927399457,19.74682981430279,19.255806527486662,19.737201690673828,14300,0.0,0.0
2023-08-08 00:00:00-04:00,19.42910876903194,20.054922103881836,18.745526693333048,20.054922103881836,15600,0.0,0.0
2023-08-09 00:00:00-04:00,19.794967627774255,19.87199077666144,19.535015648015452,19.679433822631836,16700,0.0,0.0
2023-08-10 00:00:00-04:00,19.775714717091034,19.891248530992417,19.563899664310398,19.881620407104492,19300,0.0,0.0
2023-08-11 00:00:00-04:00,19.73720246575455,19.90087690112076,19.544643658367168,19.66980743408203,14000,0.0,0.0
2023-08-14 00:00:00-04:00,19.785341149888865,19.785341149888865,19.438737869262695,19.438737869262695,11100,0.0,0.0
2023-08-15 00:00:00-04:00,19.371342407594998,19.515760591012395,19.20766797668813,19.303945541381836,9200,0.0,0.0
2023-08-16 00:00:00-04:00,19.40022119871316,19.602408085582162,18.976593017578125,18.976593017578125,8600,0.0,0.0
2023-08-17 00:00:00-04:00,19.034362966364597,19.043991088867188,19.034362966364597,19.043991088867188,7400,0.0,0.0
2023-08-18 00:00:00-04:00,18.90920020076963,19.332828431192397,18.56259695440254,18.65887451171875,27800,0.0,0.0
2023-08-21 00:00:00-04:00,18.774407967085605,19.111384887616286,18.572222916593088,18.976593017578125,8400,0.0,0.0
2023-08-22 00:00:00-04:00,19.217293407027924,19.217293407027924,18.543341302343848,18.581851959228516,14100,0.0,0.0
2023-08-23 00:00:00-04:00,18.52408686714974,19.101761467923517,18.52408686714974,18.687761306762695,11200,0.0,0.0
2023-08-24 00:00:00-04:00,18.71664255301064,19.207665789826496,18.707014430362097,18.72627067565918,13300,0.0,0.0
2023-08-25 00:00:00-04:00,18.86106274303719,18.89957340138541,18.72627268425318,18.735898971557617,10300,0.0,0.0
2023-08-28 00:00:00-04:00,18.533714294433594,18.81292437825219,18.533714294433594,18.533714294433594,9300,0.0,0.0
2023-08-29 00:00:00-04:00,18.65887771242809,18.79366962127079,18.485576977705207,18.6203670501709,17700,0.0,0.0
2023-08-30 00:00:00-04:00,18.591480407858583,18.629992901793894,18.48557472229004,18.48557472229004,20500,0.0,0.0
2023-08-31 00:00:00-04:00,18.4855738579661,18.562597005858596,18.43743324279785,18.43743324279785,18100,0.0,0.0
2023-09-01 00:00:00-04:00,18.774407459380896,19.063243762666954,18.755151216128112,19.053617477416992,11700,0.0,0.0
2023-09-05 00:00:00-04:00,18.81292135049466,18.92845514588448,18.793665105804166,18.803293228149414,8200,0.0,0.0
2023-09-06 00:00:00-04:00,18.76478428040953,18.76478428040953,18.55297105796646,18.562599182128906,13400,0.0,0.0
2023-09-07 00:00:00-04:00,18.53371498986934,18.94771515099582,18.29301739259831,18.350784301757812,64300,0.0,0.0
2023-09-08 00:00:00-04:00,18.52408660262306,18.572227223219965,18.447063446044922,18.447063446044922,8300,0.0,0.0
2023-09-11 00:00:00-04:00,18.44706056998731,18.562596205029962,18.302642403466468,18.389293670654297,10900,0.0,0.0
2023-09-12 00:00:00-04:00,18.350782066881784,18.6588746600469,18.3315276570915,18.552968978881836,6200,0.0,0.0
2023-09-13 00:00:00-04:00,18.620363001405153,18.7744092896925,18.21599103555671,18.273757934570312,13300,0.0,0.0
2023-09-14 00:00:00-04:00,18.475947301918904,18.668504269792983,18.321900993068898,18.63962173461914,9300,0.0,0.0
2023-09-15 00:00:00-04:00,18.620364716520807,18.77441101899731,18.312272111567804,18.707015991210938,28700,0.0,0.0
2023-09-18 00:00:00-04:00,18.707014371550805,18.745525025647275,18.350781180181208,18.389293670654297,8100,0.0,0.0
2023-09-19 00:00:00-04:00,18.485574913095725,18.75515502791835,18.38929551364044,18.610736846923828,10900,0.0,0.0
2023-09-20 00:00:00-04:00,18.66850479165996,18.764784196476857,18.447063446044922,18.447063446044922,6600,0.0,0.0
2023-09-21 00:00:00-04:00,18.398921660423966,18.764781135393545,18.15822410583496,18.15822410583496,13500,0.0,0.0
2023-09-22 00:00:00-04:00,18.293013059415745,18.456687460244527,17.984920501708984,17.984920501708984,8400,0.0,0.0
2023-09-25 00:00:00-04:00,18.00417678324237,18.22561808000929,18.00417678324237,18.100454330444336,10400,0.0,0.0
2023-09-26 00:00:00-04:00,18.061946606768675,18.100457264616928,17.907900302622075,17.936782836914062,14700,0.0,0.0
2023-09-27 00:00:00-04:00,18.225624289230392,18.244880539781725,17.86939099953921,17.89827537536621,4900,0.0,0.0
2023-09-28 00:00:00-04:00,18.15822507188773,18.312271368110125,17.927155627554136,18.215991973876953,16900,0.0,0.0
2023-09-29 00:00:00-04:00,18.215991580219672,18.69738670460563,18.215991580219672,18.418176651000977,17500,0.0,0.0
2023-10-02 00:00:00-04:00,18.283386200667593,18.321898691230075,18.129339911170916,18.1678524017334,8200,0.0,0.0
2023-10-03 00:00:00-04:00,18.273763079231603,18.755158324752205,17.89827537536621,17.89827537536621,6500,0.0,0.0
2023-10-04 00:00:00-04:00,18.06194688592465,18.196736945041973,18.00417998007106,18.177480697631836,10000,0.0,0.0
2023-10-05 00:00:00-04:00,18.225619430544917,18.475945111847693,18.177478817000168,18.398921966552734,19800,0.0,0.0
2023-10-06 00:00:00-04:00,18.321901587198496,18.562599182128906,18.19673780946361,18.562599182128906,5300,0.0,0.0
2023-10-09 00:00:00-04:00,18.33152760546923,19.005479692025872,18.158225063207702,18.774410247802734,13400,0.0,0.0
2023-10-10 00:00:00-04:00,19.053618899996117,19.178780817731184,18.803293228149414,18.803293228149414,11300,0.0,0.0
2023-10-11 00:00:00-04:00,18.947713254456794,19.082503307796372,18.79366695453249,19.024736404418945,8600,0.0,0.0
2023-10-12 00:00:00-04:00,19.01510672135942,19.15952488614506,18.53371161448956,19.043991088867188,14100,0.0,0.0
2023-10-13 00:00:00-04:00,18.707012332806936,18.938081741333008,18.524081695749306,18.938081741333008,6300,0.0,0.0
2023-10-16 00:00:00-04:00,18.899575133956958,19.68906482080347,18.899575133956958,19.400226593017578,14900,0.0,0.0
2023-10-17 00:00:00-04:00,19.467618691810067,19.91050317305319,19.284689861822663,19.56389808654785,19300,0.0,0.0
2023-10-18 00:00:00-04:00,19.660177591328058,19.660177591328058,19.121015548706055,19.121015548706055,6000,0.0,0.0
2023-10-19 00:00:00-04:00,18.87069381942198,18.918832608983756,18.793670654296875,18.793670654296875,8100,0.0,0.0
2023-10-20 00:00:00-04:00,18.63962174981125,19.07287630516369,18.610737378237012,18.755155563354492,11800,0.0,0.0
2023-10-23 00:00:00-04:00,18.707016246379112,18.97659636120174,18.610736846923828,18.610736846923828,7900,0.0,0.0
2023-10-24 00:00:00-04:00,18.687757593898645,19.140268325805664,18.67812947155468,19.140268325805664,7900,0.0,0.0
2023-10-25 00:00:00-04:00,19.063249588012695,19.25580840662979,19.063249588012695,19.063249588012695,14200,0.0,0.0
2023-10-26 00:00:00-04:00,18.764780837946272,19.332827204682143,18.639618919549683,19.25580406188965,67800,0.0,0.0
2023-10-27 00:00:00-04:00,19.303945095224996,19.380968247025887,18.707016127862286,19.275062561035156,51900,0.0,0.0
2023-10-30 00:00:00-04:00,19.37134143938874,19.40022397280253,18.947713197677977,19.246177673339844,49600,0.0,0.0
2023-10-31 00:00:00-04:00,19.41948000649631,19.737200725203046,19.24617746240596,19.679433822631836,27500,0.0,0.0
2023-11-01 00:00:00-04:00,19.42910659226691,19.457989123078733,19.25580406188965,19.25580406188965,61200,0.0,0.0
2023-11-02 00:00:00-04:00,19.30394631733542,19.30394631733542,18.91883053394973,19.23655128479004,23800,0.0,0.0
2023-11-03 00:00:00-04:00,19.536216535792015,20.299879556493178,19.3332186252316,20.241880416870117,17900,0.08,0.0
2023-11-06 00:00:00-05:00,20.106541927163637,20.106541927163637,19.52654697915157,19.700544357299805,18600,0.0,0.0
2023-11-07 00:00:00-05:00,19.555548522207552,19.913213847398477,19.217216856488402,19.816547393798828,20100,0.0,0.0
2023-11-08 00:00:00-05:00,19.400882020273976,19.777879143422883,19.3042155712268,19.65221405029297,40700,0.0,0.0
2023-11-09 00:00:00-05:00,19.63287665981076,19.719876263039957,19.371879693881976,19.603878021240234,19400,0.0,0.0
2023-11-10 00:00:00-05:00,19.806881014725967,19.806881014725967,19.362217899313176,19.47821617126465,43200,0.0,0.0
2023-11-13 00:00:00-05:00,19.294549054331835,19.5942152356057,19.178550788604497,19.41054916381836,10500,0.0,0.0
2023-11-14 00:00:00-05:00,19.8068790435791,20.116210196344635,19.719879426393906,19.8068790435791,64500,0.0,0.0
2023-11-15 00:00:00-05:00,19.65221551566447,19.65221551566447,19.36221799065838,19.42988395690918,34100,0.0,0.0
2023-11-16 00:00:00-05:00,19.342884211590487,19.61354991868691,19.217217266104573,19.52655029296875,18200,0.0,0.0
2023-11-17 00:00:00-05:00,19.623212657642842,20.106543036833642,19.5942140148972,20.096878051757812,30900,0.0,0.0
2023-11-20 00:00:00-05:00,20.106547501780785,20.106547501780785,19.429885926906707,19.893882751464844,24800,0.0,0.0
2023-11-21 00:00:00-05:00,19.87454511381422,20.07754483630019,19.584547617416117,19.71021270751953,35700,0.0,0.0
2023-11-22 00:00:00-05:00,19.80688077359942,19.893880398383548,19.63288152403117,19.67154884338379,8200,0.0,0.0
2023-11-24 00:00:00-05:00,20.03887664928885,20.03887664928885,19.275215625288368,19.777877807617188,6000,0.0,0.0
2023-11-27 00:00:00-05:00,19.777878062906133,20.25154345298381,19.574880190380608,20.19354248046875,21600,0.0,0.0
2023-11-28 00:00:00-05:00,20.125879112606288,20.17421326258811,19.99054718017578,19.99054718017578,17400,0.0,0.0
2023-11-29 00:00:00-05:00,20.299875432765152,20.66720570077074,20.299875432765152,20.48354148864746,27900,0.0,0.0
2023-11-30 00:00:00-05:00,20.444874944976394,20.531874561897244,20.396542643913303,20.464208602905273,9000,0.0,0.0
2023-12-01 00:00:00-05:00,20.734875069242026,21.208538643914085,20.676874093255037,21.05387306213379,25000,0.0,0.0
2023-12-04 00:00:00-05:00,21.034536846118268,21.5082003632029,21.034536846118268,21.256868362426758,49700,0.0,0.0
2023-12-05 00:00:00-05:00,21.140872206701356,21.26653729766079,20.92820565371891,21.11187171936035,28100,0.0,0.0
2023-12-06 00:00:00-05:00,21.140871710954226,21.469534674316264,21.140871710954226,21.218204498291016,32700,0.0,0.0
2023-12-07 00:00:00-05:00,21.10220485563646,21.614535735265836,21.10220485563646,21.440536499023438,37000,0.0,0.0
2023-12-08 00:00:00-05:00,21.556534640137865,22.04953185881484,21.556534640137865,21.817533493041992,41700,0.0,0.0
2023-12-11 00:00:00-05:00,21.89486972078623,21.89486972078623,21.5275393782203,21.82720375061035,19400,0.0,0.0
2023-12-12 00:00:00-05:00,21.846537243350426,21.846537243350426,20.76387619760291,21.691871643066406,17900,0.0,0.0
2023-12-13 00:00:00-05:00,21.836868487748113,23.170859633534395,21.66286924182833,23.09352684020996,83600,0.0,0.0
2023-12-14 00:00:00-05:00,23.103194710989005,23.808856712344966,23.025861914179576,23.16119384765625,37400,0.0,0.0
2023-12-15 00:00:00-05:00,23.286861203997216,23.837857621415935,22.9098640433969,23.431859970092773,120400,0.0,0.0
2023-12-18 00:00:00-05:00,23.393194803713815,23.586525879823565,23.08386176317135,23.238529205322266,31900,0.0,0.0
2023-12-19 00:00:00-05:00,23.199858563243534,23.634856648807993,22.7551954924524,23.41252326965332,43700,0.0,0.0
2023-12-20 00:00:00-05:00,23.190192116863766,23.924854538071816,23.190192116863766,23.402856826782227,34600,0.0,0.0
2023-12-21 00:00:00-05:00,23.451192378471852,23.654190271415327,23.325525435808444,23.509191513061523,25000,0.0,0.0
2023-12-22 00:00:00-05:00,23.779859312283445,23.924858083431143,23.509193587384168,23.6445255279541,28100,0.0,0.0
2023-12-26 00:00:00-05:00,23.67352473585099,23.91518995591124,23.654191075743938,23.770191192626953,21500,0.0,0.0
2023-12-27 00:00:00-05:00,23.905521686201446,23.905521686201446,23.518857726142873,23.712190628051758,24200,0.0,0.0
2023-12-28 00:00:00-05:00,23.73152081224265,23.818520427746517,23.586522067655892,23.7991886138916,11800,0.0,0.0
2023-12-29 00:00:00-05:00,23.644522478833373,23.828188548607166,23.393192291259766,23.393192291259766,13400,0.0,0.0
2024-01-02 00:00:00-05:00,23.161192565086775,24.166520711697824,23.06452795724735,24.127853393554688,57300,0.0,0.0
2024-01-03 00:00:00-05:00,24.15685041519835,24.16651724334676,23.5091876793263,23.55752182006836,34600,0.0,0.0
2024-01-04 00:00:00-05:00,23.518858342786345,23.80885585949395,14.499912710565175,23.509191513061523,16800,0.0,0.0
2024-01-05 00:00:00-05:00,23.441526678196436,23.702525562064164,23.441526678196436,23.528526306152344,70000,0.0,0.0
2024-01-08 00:00:00-05:00,23.60585588245712,23.60585588245712,23.180524630912565,23.325523376464844,17000,0.0,0.0
2024-01-09 00:00:00-05:00,23.122529289118077,23.122529289118077,22.726198459265117,22.81319808959961,16300,0.0,0.0
2024-01-10 00:00:00-05:00,22.93885986186973,22.93885986186973,22.513530446269527,22.70686149597168,13400,0.0,0.0
2024-01-11 00:00:00-05:00,22.387864744753212,22.687529086730283,22.262199647717413,22.62952995300293,21900,0.0,0.0
2024-01-12 00:00:00-05:00,22.86152631835747,22.86152631835747,22.513529702880675,22.677860260009766,10900,0.0,0.0
2024-01-16 00:00:00-05:00,22.47486849738293,22.47486849738293,22.01087165477796,22.15587043762207,9700,0.0,0.0
2024-01-17 00:00:00-05:00,21.856199823481436,22.291196048277115,21.856199823481436,22.03019905090332,8300,0.0,0.0
2024-01-18 00:00:00-05:00,22.184866014516885,22.184866014516885,21.79820022095596,21.8078670501709,14000,0.0,0.0
2024-01-19 00:00:00-05:00,21.9625338331797,22.146199910806292,21.9625338331797,22.059200286865234,12700,0.0,0.0
2024-01-22 00:00:00-05:00,22.2621982364786,22.60052803157353,22.2621982364786,22.571529388427734,11000,0.0,0.0
2024-01-23 00:00:00-05:00,22.774526985689043,22.774526985689043,22.339530750014365,22.484529495239258,7400,0.0,0.0
2024-01-24 00:00:00-05:00,22.523197086319687,22.687529504707395,22.088200809711694,22.33953285217285,14700,0.0,0.0
2024-01-25 00:00:00-05:00,22.60052948939506,22.60052948939506,21.32453748341891,22.349199295043945,9100,0.0,0.0
2024-01-26 00:00:00-05:00,22.513532398317952,22.822863579669423,22.233199862868634,22.378198623657227,26900,0.0,0.0
2024-01-29 00:00:00-05:00,22.29119693321683,22.320197420191448,21.904532992350795,22.194530487060547,15400,0.0,0.0
2024-01-30 00:00:00-05:00,22.0398656958798,22.349198703351657,21.720867702831196,21.894866943359375,5500,0.0,0.0
2024-01-31 00:00:00-05:00,21.807870091180924,21.807870091180924,20.74454269813042,21.034542083740234,16200,0.0,0.0
2024-02-01 00:00:00-05:00,21.25686937701629,21.295536691485413,19.323547903776873,19.82621192932129,58600,0.0,0.0
2024-02-02 00:00:00-05:00,19.767986609747233,20.83547577083195,19.505965735235637,19.92325782775879,28700,0.08,0.0
2024-02-05 00:00:00-05:00,19.806803139371226,20.61227326271488,19.61271319479104,20.33084487915039,49900,0.0,0.0
2024-02-06 00:00:00-05:00,20.37936852045199,20.389073203769698,20.0008951259569,20.127052307128906,19800,0.0,0.0
2024-02-07 00:00:00-05:00,20.10763902234794,20.10763902234794,19.360397062281958,19.573894500732422,24700,0.0,0.0
2024-02-08 00:00:00-05:00,19.457443674714543,20.359958848978362,19.389512743486783,19.97178077697754,13100,0.0,0.0
2024-02-09 00:00:00-05:00,19.923257530785232,20.39877586022997,19.923257530785232,20.136754989624023,11300,0.0,0.0
2024-02-12 00:00:00-05:00,20.127050677845357,21.24306325533314,19.767986679051887,20.097936630249023,45800,0.0,0.0
2024-02-13 00:00:00-05:00,19.5544872148655,20.068824279236892,19.185718536376953,19.185718536376953,36800,0.0,0.0
2024-02-14 00:00:00-05:00,19.496262013212363,20.194982528686523,19.379807668477163,20.194982528686523,21000,0.0,0.0
2024-02-15 00:00:00-05:00,20.786955611034816,21.136316800608544,20.35025412406766,20.903409957885742,22500,0.0,0.0
2024-02-16 00:00:00-05:00,20.82577154374517,21.097497106696864,20.38907192765516,20.621978759765625,14500,0.0,0.0
2024-02-20 00:00:00-05:00,20.301732904889434,20.689910982702227,20.03000732493094,20.127052307128906,19700,0.0,0.0
2024-02-21 00:00:00-05:00,20.583159233915865,20.583159233915865,19.86502939990106,19.952369689941406,8400,0.0,0.0
2024-02-22 00:00:00-05:00,19.8747336320211,19.94266455585169,19.622417449951172,19.622417449951172,11000,0.0,0.0
2024-02-23 00:00:00-05:00,19.77768782141871,20.078527401283058,19.77768782141871,19.894142150878906,4400,0.0,0.0
2024-02-26 00:00:00-05:00,19.748578105060588,20.097937435316307,19.651533126831055,19.651533126831055,5900,0.0,0.0
2024-02-27 00:00:00-05:00,19.65153374349043,19.894145271187842,19.350695967419774,19.593307495117188,17900,0.0,0.0
2024-02-28 00:00:00-05:00,20.136755881297084,20.136755881297084,19.680646896362305,19.680646896362305,10100,0.0,0.0
2024-02-29 00:00:00-05:00,19.981483459472656,20.25320900815581,19.39921548428239,19.981483459472656,16800,0.0,0.0
2024-03-01 00:00:00-05:00,19.855324566242054,20.22409508826386,19.379806241301413,19.408920288085938,14800,0.0,0.0
2024-03-04 00:00:00-05:00,19.389512960904675,19.894145385653797,19.389512960904675,19.767988204956055,37900,0.0,0.0
2024-03-05 00:00:00-05:00,19.56419185359828,19.748577117919922,19.56419185359828,19.748577117919922,4000,0.0,0.0
2024-03-06 00:00:00-05:00,19.7970970021806,19.913551330566406,19.70005203702222,19.913551330566406,11900,0.0,0.0
2024-03-07 00:00:00-05:00,19.835920805130446,19.835920805130446,19.63212614104396,19.787397384643555,7900,0.0,0.0
2024-03-08 00:00:00-05:00,19.971779354690238,19.971779354690238,19.438034775072033,19.738872528076172,24500,0.0,0.0
2024-03-11 00:00:00-04:00,19.651530612101155,19.70975685119629,19.651530612101155,19.70975685119629,4400,0.0,0.0
2024-03-12 00:00:00-04:00,19.641826021985974,19.835915954512895,19.564190419170963,19.70005226135254,11900,0.0,0.0
2024-03-13 00:00:00-04:00,19.700054317964444,19.816508659833747,19.60301119254882,19.690351486206055,12500,0.0,0.0
2024-03-14 00:00:00-04:00,19.505967756522622,19.758283974682158,19.42833213947193,19.535079956054688,20000,0.0,0.0
2024-03-15 00:00:00-04:00,19.321583891704908,19.89414730364423,19.321583891704908,19.58360481262207,35000,0.0,0.0
2024-03-18 00:00:00-04:00,19.73887289355059,19.73887289355059,19.33128547668457,19.33128547668457,12200,0.0,0.0
2024-03-19 00:00:00-04:00,19.360401153564453,19.40892271997274,19.273060853246246,19.360401153564453,26100,0.0,0.0
2024-03-20 00:00:00-04:00,19.273056066762862,19.913550209376254,19.25364670462824,19.835914611816406,16500,0.0,0.0
2024-03-21 00:00:00-04:00,19.845623821714177,20.321142196655273,19.845623821714177,20.321142196655273,23800,0.0,0.0
2024-03-22 00:00:00-04:00,20.214391588090457,20.214391588090457,19.670942306518555,19.670942306518555,7200,0.0,0.0
2024-03-25 00:00:00-04:00,19.670943674127738,19.797100857717947,19.505967756522622,19.535079956054688,14700,0.0,0.0
2024-03-26 00:00:00-04:00,19.496260577460635,19.52537462424516,19.243944391598053,19.408920288085938,18100,0.0,0.0
2024-03-27 00:00:00-04:00,19.457442322745198,20.05911968077417,19.38951139623751,19.92325782775879,14000,0.0,0.0
2024-03-28 00:00:00-04:00,20.369661010604805,20.369661010604805,19.583600280736665,20.21438980102539,103700,0.0,0.0
2024-04-01 00:00:00-04:00,20.53463914812002,20.53463914812002,19.932963607936564,20.36966323852539,85400,0.0,0.0
2024-04-02 00:00:00-04:00,20.039710998535156,20.13675597584345,19.806804163582637,20.039710998535156,27300,0.0,0.0
2024-04-03 00:00:00-04:00,19.923256195988646,20.13675364052377,19.84562059334144,19.894142150878906,32000,0.0,0.0
2024-04-04 00:00:00-04:00,20.049413356173318,20.049413356173318,19.670940024640537,19.894142150878906,37900,0.0,0.0
2024-04-05 00:00:00-04:00,20.020302037410367,20.13675638272921,19.816509246826172,19.816509246826172,10900,0.0,0.0
2024-04-08 00:00:00-04:00,19.81651044144255,20.078531345971317,19.79710107422283,19.884441375732422,20700,0.0,0.0
2024-04-09 00:00:00-04:00,19.82621281942881,20.088233693486732,19.58360131033346,19.738872528076172,20200,0.0,0.0
2024-04-10 00:00:00-04:00,19.33128449706049,19.554486634015067,19.001332707223785,19.428329467773438,25500,0.0,0.0
2024-04-11 00:00:00-04:00,19.146901523447077,19.292468071403935,18.981925608834878,19.205129623413086,16500,0.0,0.0
2024-04-12 00:00:00-04:00,19.176011524664432,19.214828398800346,18.981921601048796,19.040149688720703,11600,0.0,0.0
2024-04-15 00:00:00-04:00,19.25364995477982,19.379807127993793,18.739312877260467,18.95281219482422,16800,0.0,0.0
2024-04-16 00:00:00-04:00,18.613156043136655,18.7296085357666,18.467589501859724,18.7296085357666,12500,0.0,0.0
2024-04-17 00:00:00-04:00,18.778134013332412,18.962519306397077,18.457886846945996,18.719907760620117,12100,0.0,0.0
2024-04-18 00:00:00-04:00,18.816949884176132,18.816949884176132,18.52581678532348,18.632566452026367,22300,0.0,0.0
2024-04-19 00:00:00-04:00,18.457882617865735,19.15660304325965,18.457882617865735,19.13719367980957,23200,0.0,0.0
2024-04-22 00:00:00-04:00,19.31187411420763,19.408919079802395,19.26335255689963,19.340988159179688,9000,0.0,0.0
2024-04-23 00:00:00-04:00,19.127490997314453,19.302171584665466,18.787836356330786,19.127490997314453,34100,0.0,0.0
2024-04-24 00:00:00-04:00,18.92369842529297,19.02074340279796,18.855767496333172,18.92369842529297,16100,0.0,0.0
2024-04-25 00:00:00-04:00,18.884882071797296,19.069267367175836,18.690793943327613,19.05956268310547,28800,0.0,0.0
2024-04-26 00:00:00-04:00,19.1663110601186,19.1663110601186,18.72960956139514,19.00133514404297,12500,0.0,0.0
2024-04-29 00:00:00-04:00,18.99162766904567,19.25364852976524,18.7296068083261,19.088672637939453,33200,0.0,0.0
2024-04-30 00:00:00-04:00,19.088677265796633,19.088677265796633,18.69079446275039,18.826656341552734,18300,0.0,0.0
2024-05-01 00:00:00-04:00,18.972220571718548,19.37980800898463,18.972220571718548,19.049856185913086,12600,0.0,0.0
2024-05-02 00:00:00-04:00,19.25364925739994,19.40892047310648,19.176013649546668,19.389511108398438,24600,0.0,0.0
2024-05-03 00:00:00-04:00,19.48694706568388,19.6720735831655,19.39925565521469,19.477203369140625,23300,0.08,0.0
2024-05-06 00:00:00-04:00,19.418744742253402,19.75002301994198,19.418744742253402,19.633100509643555,15800,0.0,0.0
2024-05-07 00:00:00-04:00,19.711045423721135,19.993607032630017,19.60386848449707,19.60386848449707,18000,0.0,0.0
2024-05-08 00:00:00-04:00,19.408999052563075,19.798737616184813,19.408999052563075,19.730533599853516,17000,0.0,0.0
2024-05-09 00:00:00-04:00,19.83771116226179,19.974119186401367,19.779248987556304,19.974119186401367,17100,0.0,0.0
2024-05-10 00:00:00-04:00,19.97411935955057,19.97411935955057,19.613610046088045,19.837711334228516,27200,0.0,0.0
2024-05-13 00:00:00-04:00,19.95463294477691,19.95463294477691,19.701302415047394,19.808481216430664,9500,0.0,0.0
2024-05-14 00:00:00-04:00,19.944889236652035,19.97412032567204,19.68181686915218,19.82796859741211,21200,0.0,0.0
2024-05-15 00:00:00-04:00,19.866941251292705,20.04232406616211,19.788993540064084,20.04232406616211,16200,0.0,0.0
2024-05-16 00:00:00-04:00,20.227452488809043,20.227452488809043,20.061813354492188,20.061813354492188,16900,0.0,0.0
2024-05-17 00:00:00-04:00,20.217706027221947,20.227449723016544,19.935144424438477,19.935144424438477,17100,0.0,0.0
2024-05-20 00:00:00-04:00,19.847458107597806,20.227453013298916,19.486948738235537,19.672075271606445,22200,0.0,0.0
2024-05-21 00:00:00-04:00,19.672071368336333,19.788991996851383,19.555148881401397,19.750019073486328,23400,0.0,0.0
2024-05-22 00:00:00-04:00,19.65258616499639,20.441806999791677,19.447972254689407,20.26642417907715,63200,0.0,0.0
2024-05-23 00:00:00-04:00,20.198218350808563,20.44180516697872,19.9741189259528,20.188474655151367,48200,0.0,0.0
2024-05-24 00:00:00-04:00,20.120274870883474,20.120274870883474,19.74027995252222,19.87668800354004,36300,0.0,0.0
2024-05-28 00:00:00-04:00,20.159246851197697,20.159246851197697,19.584381775738418,19.808481216430664,18000,0.0,0.0
2024-05-29 00:00:00-04:00,19.594128015407378,19.64284464503954,19.175158310257714,19.301822662353516,18000,0.0,0.0
2024-05-30 00:00:00-04:00,19.506433382858834,19.72078911972696,19.370023497197312,19.60386848449707,11200,0.0,0.0
2024-05-31 00:00:00-04:00,19.67207529921645,19.905918461393046,19.58438388109769,19.633100509643555,13000,0.0,0.0
2024-06-03 00:00:00-04:00,19.857199662135017,19.944891078874658,19.594127270336312,19.866943359375,35600,0.0,0.0
2024-06-04 00:00:00-04:00,19.740277490168143,19.857198131193222,19.53566358074414,19.57463836669922,18300,0.0,0.0
2024-06-05 00:00:00-04:00,19.545409064092574,19.681818968985993,19.506436132994633,19.672075271606445,18400,0.0,0.0
2024-06-06 00:00:00-04:00,19.613613114857106,19.633100509643555,19.44797397601282,19.633100509643555,8500,0.0,0.0
2024-06-07 00:00:00-04:00,19.535665589012122,19.67207549545777,19.45771786750901,19.496692657470703,14200,0.0,0.0
2024-06-10 00:00:00-04:00,19.603871684151418,19.603871684151418,19.2531060043714,19.340797424316406,19400,0.0,0.0
2024-06-11 00:00:00-04:00,19.214130361572412,19.311565474790957,19.15567003700937,19.272592544555664,12800,0.0,0.0
2024-06-12 00:00:00-04:00,19.662330084756235,19.662330084756235,19.311564439344888,19.321308135986328,14000,0.0,0.0
2024-06-13 00:00:00-04:00,19.2725916219148,19.379768568746105,19.029004779739832,19.223873138427734,14400,0.0,0.0
2024-06-14 00:00:00-04:00,19.204387771602498,19.262849957956284,18.96080090372269,19.126440048217773,18500,0.0,0.0
2024-06-17 00:00:00-04:00,19.18489934744491,19.24335966658071,19.01926022787678,19.155668258666992,16200,0.0,0.0
2024-06-18 00:00:00-04:00,19.214132531190625,19.44797571426807,19.04849337754155,19.058237075805664,18900,0.0,0.0
2024-06-20 00:00:00-04:00,18.951058112804052,19.233617898977535,18.951058112804052,19.13618278503418,11100,0.0,0.0
2024-06-21 00:00:00-04:00,19.11669795486597,19.447974381033404,19.11669795486597,19.340797424316406,40700,0.0,0.0
2024-06-24 00:00:00-04:00,19.447974156068113,19.75976690027717,19.418744922038083,19.51618003845215,19000,0.0,0.0
2024-06-25 00:00:00-04:00,19.49668980202041,19.62335413400433,19.48694610595703,19.48694610595703,9700,0.0,0.0
2024-06-26 00:00:00-04:00,19.33105067473787,19.59412489303878,19.33105067473787,19.506433486938477,13900,0.0,0.0
2024-06-27 00:00:00-04:00,19.662328742034084,19.672072438010137,19.486945931305144,19.623353958129883,11500,0.0,0.0
2024-06-28 00:00:00-04:00,19.73053236705501,20.217706005747726,19.66232835498522,19.974119186401367,107500,0.0,0.0
2024-07-01 00:00:00-04:00,20.13001462349052,20.13001462349052,19.935144424438477,19.935144424438477,42800,0.0,0.0
2024-07-02 00:00:00-04:00,20.042326255894146,20.042326255894146,19.827970491200922,19.847457885742188,11700,0.0,0.0
2024-07-03 00:00:00-04:00,19.974123432486476,19.974123432486476,19.66233253479004,19.66233253479004,13500,0.0,0.0
2024-07-05 00:00:00-04:00,19.525920202223915,19.662328225464943,19.19464198142148,19.262845993041992,43400,0.0,0.0
2024-07-08 00:00:00-04:00,19.477202398765044,19.584381196980967,19.33105067473787,19.506433486938477,31800,0.0,0.0
2024-07-09 00:00:00-04:00,19.769509447957365,19.769509447957365,19.379769004968583,19.64284324645996,28700,0.0,0.0
2024-07-10 00:00:00-04:00,19.711045840088183,20.04232407760395,19.672072913661637,20.022836685180664,28300,0.0,0.0
2024-07-11 00:00:00-04:00,20.266424308073177,20.997184826754953,20.120272576020845,20.95821189880371,48600,0.0,0.0
2024-07-12 00:00:00-04:00,20.958211813500444,21.318719293867538,20.87052040294194,21.016672134399414,26900,0.0,0.0
2024-07-15 00:00:00-04:00,21.211543134035676,22.01050769677904,21.211543134035676,21.91307258605957,30700,0.0,0.0
2024-07-16 00:00:00-04:00,22.166402761497864,23.12126274212617,22.166402761497864,22.97511100769043,49900,0.0,0.0
2024-07-17 00:00:00-04:00,22.84844629012017,23.38433659369088,22.84844629012017,23.267414093017578,39400,0.0,0.0
2024-07-18 00:00:00-04:00,23.12126209279201,23.355105233006,22.673063205320208,22.7120361328125,28900,0.0,0.0
2024-07-19 00:00:00-04:00,22.731525291284424,23.238186396976218,22.731525291284424,22.848447799682617,20800,0.0,0.0
2024-07-22 00:00:00-04:00,22.90690754374839,23.38433754562787,22.751012108784483,23.277158737182617,24100,0.0,0.0
2024-07-23 00:00:00-04:00,23.27715738027729,24.173557008275626,23.27715738027729,23.618179321289062,41900,0.0,0.0
2024-07-24 00:00:00-04:00,23.78381985507058,25.060214427089203,23.774076158072553,24.77765464782715,58100,0.0,0.0
2024-07-25 00:00:00-04:00,24.748422950547994,25.527901965512893,24.485348713306585,25.264827728271484,53000,0.0,0.0
2024-07-26 00:00:00-04:00,25.313541513034163,25.333028904365996,24.18329883366681,25.216106414794922,22900,0.0,0.0
2024-07-29 00:00:00-04:00,25.31354560471263,25.31354560471263,24.08586762866432,24.309968948364258,33400,0.0,0.0
2024-07-30 00:00:00-04:00,24.163814944109948,24.797142245235648,24.163814944109948,24.62175941467285,22500,0.0,0.0
2024-07-31 00:00:00-04:00,24.436630723350223,24.914060687375972,24.38791410069414,24.83611297607422,32300,0.0,0.0
2024-08-01 00:00:00-04:00,23.267412832807896,25.089443111419676,23.267412832807896,24.35868263244629,46700,0.0,0.0
2024-08-02 00:00:00-04:00,23.66689770714582,24.270992015354615,23.588948136104626,23.69612693786621,21300,0.0,0.0
2024-08-05 00:00:00-04:00,23.089538626199722,23.676561158392456,22.199221834376466,23.23629379272461,45000,0.1,0.0
2024-08-06 00:00:00-04:00,23.23629219242186,23.774395054651247,22.61013586312322,23.118886947631836,20800,0.0,0.0
2024-08-07 00:00:00-04:00,23.138457022511464,23.138457022511464,22.747109279100428,22.903648376464844,13300,0.0,0.0
2024-08-08 00:00:00-04:00,22.981916581998394,23.304778684704893,22.815593567507584,23.275428771972656,9700,0.0,0.0
2024-08-09 00:00:00-04:00,22.52208491676549,23.471103442836206,22.52208491676549,22.835163116455078,12200,0.0,0.0
2024-08-12 00:00:00-04:00,23.079753519272614,23.324346073002854,22.87429480377081,23.148239135742188,22800,0.0,0.0
2024-08-13 00:00:00-04:00,23.69612756138486,23.69612756138486,22.972133776540154,23.26564598083496,17000,0.0,0.0
2024-08-14 00:00:00-04:00,23.19715871522186,23.539588690457855,22.81559489869522,22.8547306060791,7300,0.0,0.0
2024-08-15 00:00:00-04:00,23.060185830369335,23.61785655824748,22.277490399328624,23.49066925048828,16200,0.0,0.0
2024-08-16 00:00:00-04:00,23.51023752199128,23.823315699989966,23.51023752199128,23.617856979370117,11600,0.0,0.0
2024-08-19 00:00:00-04:00,23.725479223290268,24.155962667785964,23.676561455865098,23.97007179260254,20800,0.0,0.0
2024-08-20 00:00:00-04:00,23.979856032934894,24.087477361989684,23.58850829013553,23.754831314086914,19700,0.0,0.0
2024-08-21 00:00:00-04:00,23.970070600085062,24.292932700871056,23.715694116724414,23.833099365234375,10700,0.0,0.0
2024-08-22 00:00:00-04:00,23.823317029239256,24.16574700531652,23.823317029239256,23.99942398071289,8900,0.0,0.0
2024-08-23 00:00:00-04:00,24.36141598585962,25.095193587036675,24.312498225551657,24.557090759277344,58400,0.0,0.0
2024-08-26 00:00:00-04:00,24.870171677997494,24.870171677997494,24.439688248116287,24.762550354003906,38200,0.0,0.0
2024-08-27 00:00:00-04:00,24.723416873534823,24.79190249303657,24.13639434537343,24.69406509399414,17700,0.0,0.0
2024-08-28 00:00:00-04:00,24.69406359699454,24.860386605455908,24.625577981644515,24.72341537475586,16600,0.0,0.0
2024-08-29 00:00:00-04:00,25.095196441793718,25.095196441793718,24.791902187978014,24.909305572509766,14700,0.0,0.0
2024-08-30 00:00:00-04:00,24.92887691342289,25.026714324951172,24.84082342965678,25.026714324951172,6700,0.0,0.0
2024-09-03 00:00:00-04:00,24.92887306213379,25.046278311048344,24.791901826811085,24.92887306213379,16600,0.0,0.0
2024-09-04 00:00:00-04:00,24.879953978663032,25.056060909656942,24.54730796813965,24.54730796813965,7400,0.0,0.0
2024-09-05 00:00:00-04:00,24.5473097761184,24.68428101427175,24.2440155204532,24.351634979248047,10900,0.0,0.0
2024-09-06 00:00:00-04:00,24.3027147615431,24.694062449713485,24.028770446777344,24.028770446777344,15900,0.0,0.0
2024-09-09 00:00:00-04:00,24.146178378644116,24.420120857862283,23.970071432807764,24.038557052612305,16200,0.0,0.0
2024-09-10 00:00:00-04:00,24.028775153745567,24.341853365610394,23.97985738292669,24.33207130432129,14500,0.0,0.0
2024-09-11 00:00:00-04:00,23.9700725640703,24.11682773716228,23.87223515997789,23.979856491088867,22400,0.0,0.0
2024-09-12 00:00:00-04:00,23.93093541466896,24.24401546212695,23.911369427903526,24.155961990356445,16300,0.0,0.0
2024-09-13 00:00:00-04:00,24.42012033598951,24.654930836148726,24.400554349387193,24.566877365112305,16200,0.0,0.0
2024-09-16 00:00:00-04:00,24.53752451445361,24.772333138265,24.53752451445361,24.72341537475586,12300,0.0,0.0
2024-09-17 00:00:00-04:00,25.00714529301922,25.2908735864945,24.801688417959184,24.889741897583008,21200,0.0,0.0
2024-09-18 00:00:00-04:00,24.899522728009167,25.114763503600557,24.50817314898032,24.801685333251953,33000,0.0,0.0
2024-09-19 00:00:00-04:00,25.163681858418013,25.3593566525241,24.70384851818979,25.320220947265625,36200,0.0,0.0
2024-09-20 00:00:00-04:00,25.09519704949312,25.378925323486328,24.60601191454747,25.378925323486328,72800,0.0,0.0
2024-09-23 00:00:00-04:00,25.437628805772768,25.437628805772768,24.840822302025927,24.987579345703125,22600,0.0,0.0
2024-09-24 00:00:00-04:00,25.026709620864487,25.026709620864487,24.752765293295287,24.7723331451416,12600,0.0,0.0
2024-09-25 00:00:00-04:00,24.742984669093932,24.938657600631142,24.459256399139196,24.49839210510254,19700,0.0,0.0
2024-09-26 00:00:00-04:00,24.742981971373432,24.86038534427667,24.508171493381028,24.53752326965332,18600,0.0,0.0
2024-09-27 00:00:00-04:00,24.566877013203097,24.87995518747316,24.5179573821652,24.684280395507812,11900,0.0,0.0
2024-09-30 00:00:00-04:00,24.7527628319419,25.153894424438477,24.7527628319419,25.153894424438477,16700,0.0,0.0
2024-10-01 00:00:00-04:00,25.183248633045405,25.183248633045405,24.52774052677098,24.57666015625,22200,0.0,0.0
2024-10-02 00:00:00-04:00,24.752764982584022,24.78211675998505,24.06790697139736,24.087474822998047,24600,0.0,0.0
2024-10-03 00:00:00-04:00,24.087477456449708,24.36141994443692,23.872234797496045,23.99942398071289,16700,0.0,0.0
2024-10-04 00:00:00-04:00,24.15596091627799,24.909304556905266,24.048339596434204,24.3125,25300,0.0,0.0
2024-10-07 00:00:00-04:00,24.410337752147818,24.410337752147818,23.872233011123587,24.244014739990234,16600,0.0,0.0
2024-10-08 00:00:00-04:00,24.146178378644116,24.2831496182532,23.87223403333277,24.038557052612305,17200,0.0,0.0
2024-10-09 00:00:00-04:00,24.03855741343506,24.21466436191481,23.911370098473693,23.97007179260254,13900,0.0,0.0
2024-10-10 00:00:00-04:00,23.92115284049665,23.940718826841795,23.578722887199465,23.882017135620117,15900,0.0,0.0
2024-10-11 00:00:00-04:00,24.067907813143464,24.517957219140943,23.666776171765495,24.34185028076172,115400,0.0,0.0
2024-10-14 00:00:00-04:00,24.54731186565187,25.193036137759403,24.35163705212515,24.840822219848633,92200,0.0,0.0
2024-10-15 00:00:00-04:00,24.850604336046725,25.30065562792156,24.31250143720463,25.036495208740234,39700,0.0,0.0
2024-10-16 00:00:00-04:00,25.281088283168433,25.613734328954326,25.10498133350611,25.310440063476562,49700,0.0,0.0
2024-10-17 00:00:00-04:00,25.271303176879883,25.271303176879883,24.91908929399456,25.271303176879883,17500,0.0,0.0
2024-10-18 00:00:00-04:00,25.26151897352391,25.437625913035205,24.371202215855124,24.63536262512207,30100,0.0,0.0
2024-10-21 00:00:00-04:00,24.586444197600454,24.70384945171934,23.862450417798083,23.872234344482422,27500,0.0,0.0
2024-10-22 00:00:00-04:00,23.97007179260254,24.253800068729515,23.725479223290268,23.97007179260254,16000,0.0,0.0
2024-10-23 00:00:00-04:00,23.94072006226254,24.16574664472848,23.80374882031274,24.1168270111084,23200,0.0,0.0
2024-10-24 00:00:00-04:00,23.9798572211065,24.21466587842059,23.81353418891402,23.94072151184082,21100,0.0,0.0
2024-10-25 00:00:00-04:00,24.10704251201181,24.234231690310956,23.598291397094727,23.598291397094727,17700,0.0,0.0
2024-10-28 00:00:00-04:00,23.96028675140545,24.928873056897846,23.96028675140545,24.879955291748047,50700,0.0,0.0
2024-10-29 00:00:00-04:00,24.752765224095306,24.752765224095306,24.27336405175924,24.57666015625,25000,0.0,0.0
2024-10-30 00:00:00-04:00,25.427842470172884,25.427842470172884,24.860387802124023,24.860387802124023,28000,0.0,0.0
2024-10-31 00:00:00-04:00,24.85060496258349,25.016927986325104,24.70384979248047,24.70384979248047,24900,0.0,0.0
2024-11-01 00:00:00-04:00,24.703849173204517,25.085412979125977,24.635363553279454,25.085412979125977,34900,0.0,0.0
2024-11-04 00:00:00-05:00,24.830044480769946,25.134526297197684,24.53538302674962,24.810400009155273,42100,0.1,0.0
2024-11-05 00:00:00-05:00,24.830041612440784,25.723844360258497,24.613956196441087,25.566692352294922,69000,0.0,0.0
2024-11-06 00:00:00-05:00,25.831886674365595,28.955286289982084,25.831886674365595,28.86688804626465,120900,0.0,0.0
2024-11-07 00:00:00-05:00,28.7981330254202,28.7981330254202,27.501628004931664,27.580204010009766,42800,0.0,0.0
2024-11-08 00:00:00-05:00,27.855221667461503,28.07130521852962,27.580204706047716,27.77664566040039,26100,0.0,0.0
2024-11-11 00:00:00-05:00,28.277566117129208,29.06332612408467,28.090947412952424,28.326675415039062,61800,0.0,0.0
2024-11-12 00:00:00-05:00,28.297209839369803,28.483828550979865,27.894507585589995,28.15970230102539,46700,0.0,0.0
2024-11-13 00:00:00-05:00,28.59187215503815,28.59187215503815,27.648958206176758,27.648958206176758,52100,0.0,0.0
2024-11-14 00:00:00-05:00,27.894508203792288,27.943619378146348,27.265900159258297,27.305187225341797,67200,0.0,0.0
2024-11-15 00:00:00-05:00,27.590025648075198,27.904329661589525,27.167678927390437,27.354297637939453,41700,0.0,0.0
2024-11-18 00:00:00-05:00,27.472158238584,27.590023169764347,26.696220509095117,26.88283920288086,60100,0.0,0.0
2024-11-19 00:00:00-05:00,26.59800312106456,27.167679628613072,26.59800312106456,27.11857032775879,35600,0.0,0.0
2024-11-20 00:00:00-05:00,27.285544052568138,27.315008883158356,26.922128863624557,27.295366287231445,42200,0.0,0.0
2024-11-21 00:00:00-05:00,27.481983624731658,27.84539882027517,27.481983624731658,27.766822814941406,22000,0.0,0.0
2024-11-22 00:00:00-05:00,27.963264197603024,28.218636704347333,27.806112173975745,28.05166244506836,20200,0.0,0.0
2024-11-25 00:00:00-05:00,28.326678729125494,28.788312553045834,28.012374689571235,28.071306228637695,41400,0.0,0.0
2024-11-26 00:00:00-05:00,27.894507601121067,28.14005784738692,27.747177828041497,27.943618774414062,27200,0.0,0.0
2024-11-27 00:00:00-05:00,28.04183952240454,28.257924954647983,27.94362091509372,28.071306228637695,22800,0.0,0.0
2024-11-29 00:00:00-05:00,28.07130446858462,28.591871672332037,27.865043158084536,28.44454002380371,28600,0.0,0.0
2024-12-02 00:00:00-05:00,28.307030881014494,29.230300292100498,28.032015815916267,29.220478057861328,163100,0.0,0.0
2024-12-03 00:00:00-05:00,29.249946954443036,29.583895450023764,28.690090801216684,28.915998458862305,113300,0.0,0.0
2024-12-04 00:00:00-05:00,28.76866821917026,29.41692072997289,28.483829029641964,29.27941131591797,43300,0.0,0.0
2024-12-05 00:00:00-05:00,29.446386285635874,29.799979254192873,29.11243778719866,29.259769439697266,39500,0.0,0.0
2024-12-06 00:00:00-05:00,29.338344052093966,29.338344052093966,28.61151367941216,29.082971572875977,27600,0.0,0.0
2024-12-09 00:00:00-05:00,29.318702276654935,29.466032062286395,28.984753763410367,29.249948501586914,53400,0.0,0.0
2024-12-10 00:00:00-05:00,29.436564503445243,30.04552997272878,29.132082705503382,29.947309494018555,56700,0.0,0.0
2024-12-11 00:00:00-05:00,30.15356981209046,30.56609428462732,29.544604400859996,30.271432876586914,68500,0.0,0.0
2024-12-12 00:00:00-05:00,30.065174712943044,30.438410287311378,29.50532041469063,30.074996948242188,67700,0.0,0.0
2024-12-13 00:00:00-05:00,30.03570660271276,30.52680710430937,29.682113642075283,30.114282608032227,73300,0.0,0.0
2024-12-16 00:00:00-05:00,30.11428288157703,30.477698080355513,29.849088158690012,30.24197006225586,40500,0.0,0.0
2024-12-17 00:00:00-05:00,30.104458913723516,30.664313158657873,29.66246960775412,29.75086784362793,45000,0.0,0.0
2024-12-18 00:00:00-05:00,30.094638101766403,30.31072352118205,28.198989868164062,28.198989868164062,67200,0.0,0.0
2024-12-19 00:00:00-05:00,28.395429969349088,29.466029179406153,27.83557571468432,27.84539794921875,52600,0.0,0.0
2024-12-20 00:00:00-05:00,27.590027034901013,28.90617656269891,27.590027034901013,28.798133850097656,296200,0.0,0.0
2024-12-23 00:00:00-05:00,28.601694733338714,28.65080403533361,28.12041458146974,28.17934799194336,28200,0.0,0.0
2024-12-24 00:00:00-05:00,28.32667680328097,28.50347328186035,28.189169263674664,28.50347328186035,16900,0.0,0.0
2024-12-26 00:00:00-05:00,28.336499795990232,28.5231185143047,28.218634849318,28.454362869262695,59300,0.0,0.0
2024-12-27 00:00:00-05:00,28.385607646374527,28.503472587020784,27.86504233146939,28.0909481048584,33200,0.0,0.0
2024-12-30 00:00:00-05:00,27.894505843048336,28.022193012162834,27.688244548416655,27.88468360900879,66800,0.0,0.0
2024-12-31 00:00:00-05:00,27.914153180019255,28.228457207989106,27.865043878173886,27.99272918701172,25800,0.0,0.0
2025-01-02 00:00:00-05:00,28.208810987432635,28.277566628509312,27.334652729711188,27.50162696838379,32300,0.0,0.0
2025-01-03 00:00:00-05:00,27.452519497412503,27.58020480682847,27.010528285203797,27.531095504760742,74000,0.0,0.0
2025-01-06 00:00:00-05:00,27.77664683588656,27.77664683588656,27.138214643922304,27.17750358581543,62300,0.0,0.0
2025-01-07 00:00:00-05:00,27.334655259483036,27.403409033523083,26.706047184374214,27.079282760620117,42100,0.0,0.0
2025-01-08 00:00:00-05:00,26.99088329876247,27.187324250075633,26.666757040475574,27.05963706970215,33300,0.0,0.0
2025-01-10 00:00:00-05:00,26.60782529133545,26.75515506694046,26.0381487851696,26.28369903564453,49600,0.0,0.0
2025-01-13 00:00:00-05:00,26.61764769274018,26.61764769274018,26.038148948120764,26.44085121154785,38300,0.0,0.0
2025-01-14 00:00:00-05:00,26.617648105540063,27.118570852220312,26.01850488185196,26.941774368286133,80400,0.0,0.0
2025-01-15 00:00:00-05:00,27.52126946098679,27.747175216674805,27.35429523430445,27.747175216674805,39500,0.0,0.0
2025-01-16 00:00:00-05:00,27.914152755944915,28.061482532642565,27.609670967649812,27.923974990844727,44000,0.0,0.0
2025-01-17 00:00:00-05:00,28.140059186169253,28.552583694458008,27.992729406080368,28.552583694458008,51900,0.0,0.0
2025-01-21 00:00:00-05:00,28.85706512482893,29.446386111131584,28.77848911821523,28.886531829833984,41600,0.0,0.0
2025-01-22 00:00:00-05:00,28.847245173448265,28.94546377806228,27.66860318408212,27.90433120727539,38500,0.0,0.0
2025-01-23 00:00:00-05:00,27.756999793001743,28.297209580177842,27.756999793001743,28.24810028076172,40200,0.0,0.0
2025-01-24 00:00:00-05:00,28.11059340776544,28.591871672332037,28.041837764199013,28.44454002380371,25700,0.0,0.0
2025-01-27 00:00:00-05:00,28.375787191399695,29.15172690526646,28.21863517628234,28.984752655029297,31000,0.0,0.0
2025-01-28 00:00:00-05:00,29.416919102088897,31.322387589778533,29.416919102088897,30.271432876586914,49500,0.0,0.0
2025-01-29 00:00:00-05:00,30.40894151977906,31.666161325236178,30.369654454645858,31.400964736938477,61300,0.0,0.0
2025-01-30 00:00:00-05:00,31.61704945645266,31.61704945645266,30.261612874370343,30.585739135742188,43300,0.0,0.0
2025-01-31 00:00:00-05:00,30.693782221863135,30.77235822941511,30.2812577138653,30.467876434326172,47100,0.0,0.0
2025-02-03 00:00:00-05:00,29.957130686147796,30.900042752774993,29.79997867504326,30.300901412963867,32000,0.0,0.0
2025-02-04 00:00:00-05:00,30.458053471947885,30.919687271118164,30.084816039938087,30.919687271118164,51500,0.0,0.0
2025-02-05 00:00:00-05:00,30.919688836052405,31.25363734542653,30.841112826399662,31.037553787231445,33300,0.0,0.0
2025-02-06 00:00:00-05:00,31.351856429236683,31.56793997780607,30.97862086836233,31.509010314941406,64600,0.0,0.0
2025-02-07 00:00:00-05:00,31.646516799926758,31.89206704512346,31.194703374596983,31.646516799926758,259100,0.0,0.0
2025-02-10 00:00:00-05:00,31.4987269922751,31.932241443210568,31.10462380016661,31.449464797973633,61500,0.1,0.0
2025-02-11 00:00:00-05:00,31.10462459312624,31.853423496070107,31.10462459312624,31.843568801879883,39200,0.0,0.0
2025-02-12 00:00:00-05:00,31.36079027436127,31.685925631656485,30.67110830228915,31.56769561767578,41500,0.0,0.0
2025-02-13 00:00:00-05:00,31.843569114204428,31.843569114204428,31.252413365556944,31.60710906982422,30700,0.0,0.0
2025-02-14 00:00:00-05:00,30.60214073981925,31.89282936554877,30.60214073981925,31.40020179748535,23300,0.0,0.0
2025-02-18 00:00:00-05:00,31.311526765370015,31.92238807602965,31.301673951413814,31.85342025756836,53800,0.0,0.0
2025-02-19 00:00:00-05:00,31.52828463582373,32.22781754914961,31.51843182136717,31.882978439331055,30000,0.0,0.0
2025-02-20 00:00:00-05:00,31.62680902740412,31.922389702687706,31.25241147415102,31.74504280090332,30700,0.0,0.0
2025-02-21 00:00:00-05:00,32.08003263209157,32.39531519410771,30.592289519017335,30.602142333984375,149500,0.0,0.0
2025-02-24 00:00:00-05:00,31.134181685622224,31.281970145106996,29.902608057862107,29.991281509399414,55600,0.0,0.0
2025-02-25 00:00:00-05:00,30.277005051911942,30.572583844627896,29.66614559625023,30.257299423217773,60500,0.0,0.0
2025-02-26 00:00:00-05:00,30.3262699602925,30.543026244211685,29.951870521703075,30.306564331054688,28800,0.0,0.0
2025-02-27 00:00:00-05:00,30.13907213436456,30.45435470504692,29.833642378920064,30.099660873413086,40100,0.0,0.0
2025-02-28 00:00:00-05:00,30.385386619116115,30.641554175424325,29.93216651819164,30.060251235961914,60400,0.0,0.0
2025-03-03 00:00:00-05:00,29.705556058818892,30.690814978708293,29.597178855508993,29.725261688232422,69000,0.0,0.0
2025-03-04 00:00:00-05:00,27.981351072042973,29.311450900517944,27.902530438908347,28.48383331298828,42900,0.0,0.0
2025-03-05 00:00:00-05:00,28.326194501388347,28.473982966418696,27.587250297004303,28.01091194152832,82100,0.0,0.0
2025-03-06 00:00:00-05:00,27.981353229266336,28.611920222189077,27.40990312517628,28.109437942504883,47100,0.0,0.0
2025-03-07 00:00:00-05:00,28.10943655935301,28.119289373673638,27.65621649676491,27.981351852416992,29000,0.0,0.0
2025-03-10 00:00:00-04:00,27.646363647163085,27.902531181476025,27.065060757612986,27.15373420715332,54900,0.0,0.0
2025-03-11 00:00:00-04:00,27.163587845157814,27.636511670892197,27.01579938451985,27.409902572631836,41500,0.0,0.0
2025-03-12 00:00:00-04:00,27.67592319554619,27.951796369494442,27.350787827322154,27.794153213500977,31400,0.0,0.0
2025-03-13 00:00:00-04:00,27.892677830227367,27.981351278060714,27.48872184753418,27.48872184753418,19400,0.0,0.0
2025-03-14 00:00:00-04:00,27.833563947994357,28.02076366533403,27.626660480854888,27.853269577026367,20200,0.0,0.0
2025-03-17 00:00:00-04:00,27.79415348370438,28.07987947513195,27.685776279397608,28.040468215942383,49800,0.0,0.0
2025-03-18 00:00:00-04:00,27.932090750296684,28.129141406704072,27.705481649773674,28.070026397705078,20900,0.0,0.0
2025-03-19 00:00:00-04:00,27.872975999441334,28.671035205631767,27.853270369848417,28.45427703857422,46400,0.0,0.0
2025-03-20 00:00:00-04:00,28.306487768994362,28.877937856289602,28.26707839016308,28.473981857299805,28000,0.0,0.0
2025-03-21 00:00:00-04:00,28.217815141701006,28.523246762916788,26.62169672815803,28.17840576171875,164100,0.0,0.0
2025-03-24 00:00:00-04:00,28.611920740697208,28.799118587696313,28.405015384497794,28.533098220825195,19500,0.0,0.0
2025-03-25 00:00:00-04:00,28.720299861882253,29.350866908273048,28.405017278303074,28.740005493164062,50500,0.0,0.0
2025-03-26 00:00:00-04:00,28.976463565695465,29.42968362856011,28.345898482647797,28.395160675048828,49200,0.0,0.0
2025-03-27 00:00:00-04:00,28.493686940934403,28.592213204975046,27.68577495841904,28.32619285583496,49100,0.0,0.0
2025-03-28 00:00:00-04:00,28.552802205284667,28.68088691346281,27.675922393798828,27.675922393798828,33900,0.0,0.0
2025-03-31 00:00:00-04:00,27.478871476953465,28.119291296972516,27.23255673978685,27.912385940551758,149400,0.0,0.0
2025-04-01 00:00:00-04:00,27.823710846640996,27.98135211880751,27.311375772483714,27.813858032226562,27900,0.0,0.0
2025-04-02 00:00:00-04:00,27.60695620560285,27.87297657288336,27.311377393324843,27.774450302124023,25900,0.0,0.0
2025-04-03 00:00:00-04:00,26.81874851056379,26.91727478349728,26.198036185777784,26.267004013061523,45900,0.0,0.0
2025-04-04 00:00:00-04:00,25.40982845390464,25.92216166419042,24.63147300491776,25.72511100769043,57000,0.0,0.0
2025-04-07 00:00:00-04:00,25.045283931319176,26.601993080883034,24.326045310148118,25.764522552490234,51000,0.0,0.0
2025-04-08 00:00:00-04:00,26.483759498337502,26.680812038164344,25.77437373757899,26.217741012573242,47800,0.0,0.0
2025-04-09 00:00:00-04:00,25.81378549178455,27.902533433650866,25.449238849890495,27.193147659301758,66200,0.0,0.0
2025-04-10 00:00:00-04:00,26.769484084278915,27.20299852154263,25.636436737987847,26.020687103271484,50400,0.0,0.0
2025-04-11 00:00:00-04:00,25.863047464108526,26.464056025581197,24.73000004628928,25.77437400817871,38300,0.0,0.0
2025-04-14 00:00:00-04:00,25.370416918045716,26.533022731860502,25.370416918045716,26.09950828552246,65700,0.0,0.0
2025-04-15 00:00:00-04:00,26.168475855578944,26.808893764677777,26.089655218754967,26.542875289916992,81300,0.0,0.0
2025-04-16 00:00:00-04:00,26.621693763634408,27.005944102025566,25.81378183202629,26.848302841186523,60400,0.0,0.0
2025-04-17 00:00:00-04:00,26.83845354496428,27.429609290204404,26.76948571921219,27.22270393371582,51400,0.0,0.0
2025-04-21 00:00:00-04:00,27.035503648655244,27.035503648655244,26.592136409895637,26.868009567260742,41700,0.0,0.0
2025-04-22 00:00:00-04:00,27.291672025301907,27.813858034687623,27.173440131550457,27.744890213012695,26800,0.0,0.0
2025-04-23 00:00:00-04:00,28.237518834025625,29.41983022009521,27.735036588907658,27.83356285095215,24400,0.0,0.0
2025-04-24 00:00:00-04:00,27.794153228113185,28.207962049636986,27.764596663225078,28.00105857849121,24200,0.0,0.0
2025-04-25 00:00:00-04:00,27.656217860646937,27.78430257389952,27.4591672022132,27.695629119873047,18400,0.0,0.0
2025-04-28 00:00:00-04:00,27.636511960198657,27.961647328698678,27.508429127433544,27.863122940063477,37800,0.0,0.0
2025-04-29 00:00:00-04:00,29.0651360178367,29.82378578186035,27.183291768376353,29.82378578186035,30800,0.0,0.0
2025-04-30 00:00:00-04:00,30.070103740072117,31.597254367738213,29.951871838678876,31.124330520629883,61400,0.0,0.0
2025-05-01 00:00:00-04:00,31.22285652228192,31.43961281385994,30.513468878513297,30.602142333984375,76300,0.0,0.0
2025-05-02 00:00:00-04:00,30.98639349902844,31.193296968282834,30.119364605079525,30.927276611328125,69200,0.0,0.0
2025-05-05 00:00:00-04:00,30.927276623849114,31.61695861344078,30.927276623849114,31.203149795532227,58700,0.0,0.0
2025-05-06 00:00:00-04:00,31.01594843901682,31.518430682755827,30.74992809599638,31.242557525634766,54900,0.0,0.0
2025-05-07 00:00:00-04:00,31.508577868655205,31.94209041368984,31.1440331430928,31.242557525634766,67200,0.0,0.0
2025-05-08 00:00:00-04:00,31.390345749564723,32.18840296655988,31.390345749564723,31.892826080322266,49500,0.0,0.0
2025-05-09 00:00:00-04:00,31.892831834393096,32.20811440439137,31.676077416559725,32.09973907470703,68900,0.0,0.0
2025-05-12 00:00:00-04:00,32.05032180150468,33.611821782801705,32.05032180150468,32.41598892211914,68900,0.1,0.0
2025-05-13 00:00:00-04:00,32.31716352586025,33.25604209739844,32.14915185072523,32.939788818359375,63400,0.0,0.0
2025-05-14 00:00:00-04:00,32.83107192845276,33.26591919007478,32.267745610201224,32.366573333740234,128200,0.0,0.0
2025-05-15 00:00:00-04:00,32.36657177718515,32.752005158501625,31.921839502575445,32.603763580322266,129900,0.0,0.0
2025-05-16 00:00:00-04:00,32.524700848530316,33.12755978080301,32.297394062106136,32.32704162597656,149200,0.0,0.0
2025-05-19 00:00:00-04:00,32.2973957204402,32.68282915069053,32.2380968196185,32.50493621826172,102200,0.0,0.0
2025-05-20 00:00:00-04:00,32.55434680882293,33.601937997729785,32.55434680882293,33.236270904541016,175500,0.0,0.0
2025-05-21 00:00:00-04:00,33.07814161437556,33.908307225072114,32.51481535390672,32.554344177246094,108400,0.0,0.0
2025-05-22 00:00:00-04:00,32.62352724666133,33.018845675675124,32.03055337317657,32.05031967163086,69800,0.0,0.0
2025-05-23 00:00:00-04:00,31.54629056816101,32.01078727462964,31.190504733833897,31.664886474609375,61400,0.0,0.0
2025-05-27 00:00:00-04:00,31.743951604837925,32.47528965745007,31.467230932515907,32.33692932128906,67600,0.0,0.0
2025-05-28 00:00:00-04:00,32.35668926967849,32.60376232718355,31.96137086965613,32.07008361816406,78800,0.0,0.0
2025-05-29 00:00:00-04:00,32.119496589139516,32.16891044526954,31.83289094553558,32.109615325927734,50200,0.0,0.0
2025-05-30 00:00:00-04:00,32.020672160154014,32.06020098708983,31.783480348359387,31.92184066772461,55200,0.0,0.0
2025-06-02 00:00:00-04:00,31.83289340360218,31.83289340360218,31.259683957150113,31.496875762939453,52000,0.0,0.0
2025-06-03 00:00:00-04:00,31.55617208392731,31.882306568487323,31.318982168326833,31.35851287841797,64800,0.0,0.0
2025-06-04 00:00:00-04:00,31.29921945710351,31.49687868526107,30.884136585987118,30.992849349975586,67800,0.0,0.0
2025-06-05 00:00:00-04:00,30.963196764712965,30.98296306253068,30.439401182651036,30.45916748046875,48100,0.0,0.0
2025-06-06 00:00:00-04:00,30.9434334596869,31.338750029185892,30.76554053215783,31.249805450439453,38900,0.0,0.0
2025-06-09 00:00:00-04:00,31.398047224817,31.595704556333196,31.27945131789289,31.407930374145508,48200,0.0,0.0
2025-06-10 00:00:00-04:00,31.47710777045749,32.040432152573665,31.47710777045749,31.991018295288086,61700,0.0,0.0
2025-06-11 00:00:00-04:00,32.02067042493835,32.22821089273947,31.83289248451623,31.872425079345703,63900,0.0,0.0
2025-06-12 00:00:00-04:00,31.9317256509411,32.05031967163086,31.467227062355278,32.05031967163086,52800,0.0,0.0
2025-06-13 00:00:00-04:00,31.80324686758989,31.813128131883445,31.081793933009422,31.200387954711914,62400,0.0,0.0
2025-06-16 00:00:00-04:00,31.506757610533505,31.506757610533505,30.469051452309245,30.88413429260254,55800,0.0,0.0
2025-06-17 00:00:00-04:00,30.795189531921018,31.348632721135363,30.5579995936863,30.726009368896484,64800,0.0,0.0
2025-06-18 00:00:00-04:00,30.696359397432257,31.111442253534836,30.696359397432257,30.874252319335938,43900,0.0,0.0
2025-06-20 00:00:00-04:00,30.992848984142,31.259686488481474,30.735892744577477,31.091676712036133,93200,0.0,0.0
2025-06-23 00:00:00-04:00,30.963195360609067,31.991018295288086,30.953312212148386,31.991018295288086,55100,0.0,0.0
2025-06-24 00:00:00-04:00,32.12937808078482,32.593876625787786,32.119496817502785,32.26774215698242,57500,0.0,0.0
2025-06-25 00:00:00-04:00,32.2973927472555,32.31715904570978,31.615470530726466,32.05031967163086,41000,0.0,0.0
2025-06-26 00:00:00-04:00,31.951492934271457,32.9793140953243,31.951492934271457,32.96943283081055,86200,0.0,0.0
2025-06-27 00:00:00-04:00,33.088023519585946,33.28568272025969,32.92989691305409,33.157203674316406,475700,0.0,0.0
2025-06-30 00:00:00-04:00,33.19674039560548,33.59205884610049,33.018847469886346,33.186859130859375,66800,0.0,0.0
2025-07-01 00:00:00-04:00,33.00896470922262,34.43210428044499,33.00896470922262,33.83913040161133,122400,0.0,0.0
2025-07-02 00:00:00-04:00,33.99725998299093,34.3826934148212,33.67112168218914,34.29374694824219,87500,0.0,0.0
2025-07-03 00:00:00-04:00,34.48151488491667,35.11402130126953,34.441982291385706,35.11402130126953,51900,0.0,0.0
2025-07-07 00:00:00-04:00,35.11402532494953,35.11402532494953,34.43210497356022,34.72859191894531,67000,0.0,0.0
2025-07-08 00:00:00-04:00,34.827426278035006,35.29192114832154,34.639648306822075,34.8966064453125,47000,0.0,0.0
2025-07-09 00:00:00-04:00,34.95589597871696,35.005309837424434,34.550696305258455,34.84718322753906,44900,0.0,0.0
2025-07-10 00:00:00-04:00,34.698945130647225,35.21285760681315,34.61987993275886,34.94601821899414,42500,0.0,0.0
2025-07-11 00:00:00-04:00,34.6791782674146,35.044845376613466,34.254212260763445,34.34315872192383,39700,0.0,0.0
2025-07-14 00:00:00-04:00,34.21468061710039,35.282038180805785,34.19491431739812,35.262271881103516,59300,0.0,0.0
2025-07-15 00:00:00-04:00,35.14367730420993,35.14367730420993,34.01702085898879,34.11585235595703,63500,0.0,0.0
2025-07-16 00:00:00-04:00,34.254211373553304,34.46175185420671,33.75018395338988,34.3826904296875,53100,0.0,0.0
2025-07-17 00:00:00-04:00,34.353039107171924,34.985549353698126,33.068259855546664,34.92625045776367,55700,0.0,0.0
2025-07-18 00:00:00-04:00,35.15355855862168,35.30180391901268,34.5902322211937,34.6594123840332,47900,0.0,0.0
2025-07-21 00:00:00-04:00,34.689059734337604,35.97384279637953,34.689059734337604,35.04484558105469,43800,0.0,0.0
2025-07-22 00:00:00-04:00,34.975662807068986,35.83547602574376,34.84718375645089,35.03496170043945,91900,0.0,0.0
2025-07-23 00:00:00-04:00,35.03495877025247,35.469805975159524,34.85706587505516,34.995426177978516,55100,0.0,0.0
2025-07-24 00:00:00-04:00,34.93613383598851,34.995432735511024,34.33327865600586,34.33327865600586,32600,0.0,0.0
2025-07-25 00:00:00-04:00,34.323391522983755,34.76812381712699,33.730417644150094,33.83913040161133,34200,0.0,0.0
2025-07-28 00:00:00-04:00,33.85889429079416,34.16526627685653,33.79959916254966,33.98737335205078,38800,0.0,0.0
2025-07-29 00:00:00-04:00,33.997256441219584,34.086202898532314,31.299217044430055,31.348630905151367,115600,0.0,0.0
2025-07-30 00:00:00-04:00,31.516642956714964,31.872428811773105,30.82483943134625,31.249805450439453,76700,0.0,0.0
2025-07-31 00:00:00-04:00,30.98296539048532,31.97125585039491,30.38998960652512,31.11144256591797,121600,0.0,0.0
2025-08-01 00:00:00-04:00,30.77542347426009,31.042262863752285,30.093503103359705,30.54811668395996,79400,0.0,0.0
2025-08-04 00:00:00-04:00,30.51846502932575,31.02249432249533,30.28127510636676,30.85448455810547,75300,0.0,0.0
2025-08-05 00:00:00-04:00,30.8643691147759,31.042262036362533,30.478935708016884,31.002731323242188,51100,0.0,0.0
2025-08-06 00:00:00-04:00,30.913783403552372,31.684652065709273,30.587647024374057,30.98296356201172,58100,0.0,0.0
2025-08-07 00:00:00-04:00,31.566054737097136,31.6154685951897,30.478932893900037,30.834718704223633,45900,0.0,0.0
2025-08-08 00:00:00-04:00,30.992848381120467,31.358515491257442,30.666711984368387,31.160858154296875,61800,0.0,0.0
2025-08-11 00:00:00-04:00,31.002125128478607,31.67673167402943,30.883076135408647,31.30966567993164,40900,0.12,0.0
2025-08-12 00:00:00-04:00,31.58744603854013,32.51998861879067,31.27990548089238,32.381099700927734,62000,0.0,0.0
2025-08-13 00:00:00-04:00,32.519988129013846,33.10530840579167,32.053718738130556,32.86721420288086,44900,0.0,0.0
2025-08-14 00:00:00-04:00,32.83744838653365,33.01602092439619,32.41085885546636,32.738243103027344,54200,0.0,0.0
2025-08-15 00:00:00-04:00,32.9565016488703,33.08546776985731,32.1529251704379,32.42078399658203,194500,0.0,0.0
2025-08-18 00:00:00-04:00,32.27197054917207,32.450543090378915,31.329507092675225,32.2025260925293,57600,0.0,0.0
2025-08-19 00:00:00-04:00,32.37117726377623,32.53982699351294,32.12316028397135,32.2322883605957,40600,0.0,0.0
2025-08-20 00:00:00-04:00,32.301734657592185,32.51998703887092,32.1628419620379,32.40093994140625,46500,0.0,0.0
2025-08-21 00:00:00-04:00,32.232290866095454,32.579513151037276,32.19260723797666,32.44062423706055,23600,0.0,0.0
2025-08-22 00:00:00-04:00,32.61919750604442,34.206504821777344,32.54975304750855,34.206504821777344,81900,0.0,0.0
2025-08-25 00:00:00-04:00,34.17674184704825,34.394994223987844,33.283879172716965,33.84935760498047,63500,0.0,0.0
2025-08-26 00:00:00-04:00,33.76007542091872,34.22634862773749,32.976344516921266,34.03785705566406,37100,0.0,0.0
2025-08-27 00:00:00-04:00,34.12714463270074,34.50412779119474,33.442615212053106,34.11722183227539,75200,0.0,0.0
2025-08-28 00:00:00-04:00,34.2065032486668,34.31563133118713,33.42276864187443,34.22634506225586,45900,0.0,0.0
2025-08-29 00:00:00-04:00,34.335471371564005,34.335471371564005,33.51205318011791,33.72039031982422,49500,0.0,0.0
2025-09-02 00:00:00-04:00,33.32356266078622,33.65094311705497,33.25411820689773,33.611263275146484,35000,0.0,0.0
2025-09-03 00:00:00-04:00,33.50213886007272,33.66086959838867,33.23428002958217,33.66086959838867,44700,0.0,0.0
2025-09-04 00:00:00-04:00,33.77991515763052,34.54380798339844,33.63110722602741,34.54380798339844,40500,0.0,0.0
2025-09-05 00:00:00-04:00,34.67277516994155,34.722377809925106,33.62118179387155,33.80967712402344,49200,0.0,0.0
2025-09-08 00:00:00-04:00,33.74023318937019,33.91880574363413,33.3930108807677,33.898963928222656,35600,0.0,0.0
2025-09-09 00:00:00-04:00,33.81959873438639,33.81959873438639,33.254120269399806,33.393009185791016,27700,0.0,0.0
2025-09-10 00:00:00-04:00,33.35332740580008,33.56166457637443,33.214438481710076,33.273963928222656,32500,0.0,0.0
2025-09-11 00:00:00-04:00,33.224360102703095,33.50213794102605,33.006103924341225,33.43269348144531,51300,0.0,0.0
2025-09-12 00:00:00-04:00,33.27395862093523,33.47237295989019,32.66879659012007,32.95649719238281,28000,0.0,0.0
2025-09-15 00:00:00-04:00,32.96642159775842,33.16483596916264,32.48031036147941,32.93666076660156,36500,0.0,0.0
2025-09-16 00:00:00-04:00,32.85729270165203,32.85729270165203,31.98427554390182,32.08348083496094,31000,0.0,0.0
2025-09-17 00:00:00-04:00,32.19260604171345,33.23427664226994,31.98427267848993,32.31165313720703,69800,0.0,0.0
2025-09-18 00:00:00-04:00,32.52991236053376,33.27396340015564,31.904908427608387,33.18467712402344,66800,0.0,0.0
2025-09-19 00:00:00-04:00,33.323565765687405,33.45253567111367,32.32157870590906,32.42078399658203,139200,0.0,0.0
2025-09-22 00:00:00-04:00,32.34141619074259,32.4406252641807,31.865223991557233,32.04379653930664,34900,0.0,0.0
2025-09-23 00:00:00-04:00,32.123163661976506,32.42078331215167,31.81562121227996,32.09339904785156,34800,0.0,0.0
2025-09-24 00:00:00-04:00,32.05371845698457,32.42078255750866,31.885064928999494,32.391021728515625,56200,0.0,0.0
2025-09-25 00:00:00-04:00,32.242208014406025,32.460464171985514,31.93466559094755,32.271968841552734,35800,0.0,0.0
2025-09-26 00:00:00-04:00,32.28189311822536,32.36125658906313,31.795778140752574,31.845380783081055,32400,0.0,0.0
2025-09-29 00:00:00-04:00,31.855305294841703,31.875147109727653,31.00212617694198,31.488239288330078,48000,0.0,0.0
2025-09-30 00:00:00-04:00,31.359270105325113,31.954509391925587,30.426725654914396,31.646968841552734,132700,0.0,0.0
2025-10-01 00:00:00-04:00,31.31958563239257,31.31958563239257,30.654900014209367,30.793790817260742,38100,0.0,0.0
2025-10-02 00:00:00-04:00,30.744186353026812,30.744186353026812,30.079500733334726,30.168787002563477,40900,0.0,0.0
2025-10-03 00:00:00-04:00,30.09934346664859,30.664821927562034,29.30568981838754,30.109264373779297,27300,0.0,0.0
2025-10-06 00:00:00-04:00,30.297757434774642,30.694584253796478,28.918781636871913,30.258073806762695,46000,0.0,0.0
2025-10-07 00:00:00-04:00,30.287837095758274,30.555694020983914,29.771961275245925,29.891008377075195,29700,0.0,0.0
2025-10-08 00:00:00-04:00,30.15886648250843,30.18862920337287,29.46442002564716,30.019977569580078,44200,0.0,0.0
2025-10-09 00:00:00-04:00,29.891008570633062,29.891008570633062,29.444579097553113,29.672754287719727,24100,0.0,0.0
2025-10-10 00:00:00-04:00,29.62315077744685,30.039819408802522,28.52195470338839,28.531875610351562,54900,0.0,0.0
2025-10-13 00:00:00-04:00,28.80965514109854,28.86917869027053,28.5417963314953,28.75012969970703,28300,0.0,0.0
2025-10-14 00:00:00-04:00,28.531876178293928,29.61323045995098,28.531876178293928,29.48426055908203,43300,0.0,0.0
2025-10-15 00:00:00-04:00,29.58346713681324,29.75211877067528,29.057672313528865,29.27592658996582,34100,0.0,0.0
2025-10-16 00:00:00-04:00,29.15687800885199,29.18664073014735,28.1648100056413,28.383066177368164,41900,0.0,0.0
2025-10-17 00:00:00-04:00,28.363224371828,28.918781923974073,28.02592109925585,28.670764923095703,62500,0.0,0.0
2025-10-20 00:00:00-04:00,28.829496150115602,29.50410270690918,28.641004588591194,29.50410270690918,61500,0.0,0.0
2025-10-21 00:00:00-04:00,29.335449953424963,29.553706120697044,29.186640134424596,29.49418067932129,36000,0.0,0.0
2025-10-22 00:00:00-04:00,29.40489487628279,29.87116804669745,29.266005961973505,29.464420318603516,77200,0.0,0.0
2025-10-23 00:00:00-04:00,29.464419836101015,29.642990483480343,28.958464937977478,29.20648193359375,34400,0.0,0.0
2025-10-24 00:00:00-04:00,29.46441985085292,29.652911405217612,29.097353864580473,29.49418067932129,33800,0.0,0.0
2025-10-27 00:00:00-04:00,29.652913051132018,29.81164378583885,28.93862474495127,29.017990112304688,40600,0.0,0.0
2025-10-28 00:00:00-04:00,28.72037077043876,28.72037077043876,28.1449713778077,28.174732208251953,39800,0.0,0.0
2025-10-29 00:00:00-04:00,28.0259206393865,28.59139908935528,27.500123924952963,27.66877555847168,63100,0.0,0.0
2025-10-30 00:00:00-04:00,27.371156831878164,27.996158852100223,27.32155418775023,27.6092529296875,66600,0.0,0.0
2025-10-31 00:00:00-04:00,27.400918109491904,27.72830046325215,27.301710934245275,27.57948875427246,43900,0.0,0.0
2025-11-03 00:00:00-05:00,27.539808529563295,27.61917389566845,27.28187061666664,27.440601348876953,42900,0.0,0.0
2025-11-04 00:00:00-05:00,27.271948377780287,27.87711044742135,27.073535918314988,27.81758689880371,57000,0.0,0.0
2025-11-05 00:00:00-05:00,29.017988517396198,29.017988517396198,27.83742708720887,28.006078720092773,43800,0.0,0.0
2025-11-06 00:00:00-05:00,27.817587151107432,27.976317877007144,27.619172797623037,27.718379974365234,48500,0.0,0.0
2025-11-07 00:00:00-05:00,27.738221335020764,27.87711214655342,27.599332415707718,27.74814224243164,52000,0.0,0.0
2025-11-10 00:00:00-05:00,27.77803026349987,28.156641507689628,27.678397525908238,27.88762855529785,31000,0.12,0.0
2025-11-11 00:00:00-05:00,27.708286920184683,28.01715449162488,27.46916492641893,27.897592544555664,20500,0.0,0.0
2025-11-12 00:00:00-05:00,28.03708080607373,28.196495473740814,27.67839875400916,27.86770248413086,46400,0.0,0.0
2025-11-13 00:00:00-05:00,27.698322769963433,27.927483006042536,27.389457104429827,27.598690032958984,70200,0.0,0.0
2025-11-14 00:00:00-05:00,27.499056160133765,27.72821450221148,27.140372215752862,27.67839813232422,37300,0.0,0.0
2025-11-17 00:00:00-05:00,27.688361811616943,27.90755649984248,26.522640891689026,26.542566299438477,58400,0.0,0.0
2025-11-18 00:00:00-05:00,26.70198096367027,26.70198096367027,26.472822621383653,26.542566299438477,56400,0.0,0.0
2025-11-19 00:00:00-05:00,26.432968909899994,26.74183457266891,26.323370619728955,26.512676239013672,49000,0.0,0.0
2025-11-20 00:00:00-05:00,26.841470897586998,27.00088556584215,26.502714252451604,26.5624942779541,57200,0.0,0.0
2025-11-21 00:00:00-05:00,26.562493424978815,27.439275972599656,26.562493424978815,27.38945770263672,59600,0.0,0.0
2025-11-24 00:00:00-05:00,27.27986045251881,27.528946110742723,27.140373092032704,27.249971389770508,34900,0.0,0.0
2025-11-25 00:00:00-05:00,27.499056643259316,28.10682434812697,27.499056643259316,27.9773006439209,37600,0.0,0.0
2025-11-26 00:00:00-05:00,27.95737343105439,28.44558108761222,26.303444831165336,28.037080764770508,61500,0.0,0.0
2025-11-28 00:00:00-05:00,27.977300822510983,27.977300822510983,27.588727807039625,27.69832420349121,18600,0.0,0.0
2025-12-01 00:00:00-05:00,27.44923781639641,28.017154693603516,26.403078848582773,28.017154693603516,38000,0.0,0.0
2025-12-02 00:00:00-05:00,28.176570211577282,28.176570211577282,27.6485079344606,27.758106231689453,48900,0.0,0.0
2025-12-03 00:00:00-05:00,27.9673357532718,28.604994392630008,27.70828645593937,28.565141677856445,72900,0.0,0.0
2025-12-04 00:00:00-05:00,28.216421665538913,28.85408031096991,27.937446958349184,28.345947265625,81500,0.0,0.0
2025-12-05 00:00:00-05:00,28.335984943931006,28.535252329810213,27.997228297526323,28.385801315307617,61500,0.0,0.0
2025-12-08 00:00:00-05:00,28.38580027314229,29.023458925140957,28.31605659562652,28.525287628173828,61000,0.0,0.0
2025-12-09 00:00:00-05:00,28.87400717910271,28.98360546975719,28.664776151896124,28.844118118286133,38300,0.0,0.0
2025-12-10 00:00:00-05:00,29.35225202154325,29.85042332048626,29.02345904025577,29.55152130126953,91900,0.0,0.0
2025-12-11 00:00:00-05:00,29.601338479389117,29.840462381739897,29.34229106919247,29.461851119995117,46900,0.0,0.0
2025-12-12 00:00:00-05:00,29.481776855668393,29.840460789685235,28.754447234243255,29.471813201904297,47700,0.0,0.0
2025-12-15 00:00:00-05:00,29.770716897923773,29.880315195157834,29.44192390659434,29.521631240844727,39500,0.0,0.0
2025-12-16 00:00:00-05:00,29.541558466023414,29.96002244474865,29.451887477698524,29.860387802124023,73200,0.0,0.0
2025-12-17 00:00:00-05:00,29.78067930474611,30.069619567033087,29.372178996278272,29.54155731201172,28400,0.0,0.0
2025-12-18 00:00:00-05:00,29.780678966570314,29.780678966570314,29.33232594792437,29.531593322753906,44400,0.0,0.0
2025-12-19 00:00:00-05:00,29.491741534482816,29.491741534482816,28.694666309004912,28.93379020690918,50100,0.0,0.0
2025-12-22 00:00:00-05:00,28.883971975008947,29.262583230220095,28.65481363128114,28.76441192626953,54300,0.0,0.0
2025-12-23 00:00:00-05:00,28.624922231386044,28.93378980338279,28.46550756858829,28.694665908813477,35300,0.0,0.0
2025-12-24 00:00:00-05:00,28.604995631625435,28.734521236088238,28.455544619099122,28.545215606689453,35900,0.0,0.0
2025-12-26 00:00:00-05:00,28.46550831376756,28.525288338788492,28.07693530057243,28.375837326049805,26200,0.0,0.0
2025-12-29 00:00:00-05:00,28.52528800188013,28.555178964223924,28.176569609732773,28.365873336791992,43100,0.0,0.0
2025-12-30 00:00:00-05:00,28.445580137209326,28.445580137209326,28.156641774781964,28.23634910583496,31500,0.0,0.0
2025-12-31 00:00:00-05:00,28.146678156348827,28.425654765572467,27.957372532219477,28.066970825195312,129300,0.0,0.0
2026-01-02 00:00:00-05:00,27.967335655120397,28.425654225830122,27.78799368833714,27.93744659423828,50900,0.0,0.0
2026-01-05 00:00:00-05:00,27.807922665624236,28.69466699866268,27.75810629424762,28.385801315307617,67900,0.0,0.0
2026-01-06 00:00:00-05:00,28.19649568340553,28.575106947209704,28.096862940652304,28.385801315307617,50000,0.0,0.0
2026-01-07 00:00:00-05:00,28.20645914791152,28.365873815691046,27.678398773531622,28.2662410736084,65500,0.0,0.0
2026-01-08 00:00:00-05:00,28.096862950411257,28.82419261484986,28.096862950411257,28.784337997436523,44600,0.0,0.0
2026-01-09 00:00:00-05:00,28.78433766241608,28.92382692136649,28.44558101983652,28.77437400817871,38400,0.0,0.0
2026-01-12 00:00:00-05:00,28.61495877778247,28.864044427694694,28.585069716031526,28.814228057861328,25500,0.0,0.0
2026-01-13 00:00:00-05:00,28.70462886644244,29.08324010668193,28.70462886644244,28.844118118286133,30500,0.0,0.0
2026-01-14 00:00:00-05:00,29.152984249040337,29.31239891052246,28.91386225681715,29.31239891052246,21100,0.0,0.0
2026-01-15 00:00:00-05:00,29.46185117338673,29.890278807013566,29.202801862347883,29.691009521484375,30500,0.0,0.0
2026-01-16 00:00:00-05:00,29.641192091567195,29.94009410881208,29.42199740561246,29.431961059570312,34600,0.0,0.0
2026-01-20 00:00:00-05:00,28.943751052389867,29.342289602809004,28.90389833757154,28.96367835998535,36600,0.0,0.0
2026-01-21 00:00:00-05:00,29.40206982142981,30.34859413406002,29.40206982142981,30.219070434570312,37500,0.0,0.0
2026-01-22 00:00:00-05:00,30.408377458875623,30.65746311584471,30.089548122014833,30.48808479309082,37200,0.0,0.0
2026-01-23 00:00:00-05:00,30.33863235511865,30.597679753880765,29.143020497630886,29.25261878967285,56100,0.0,0.0
2026-01-26 00:00:00-05:00,29.202801850939636,29.441923853257602,28.94375254000199,29.29247283935547,24000,0.0,0.0
2026-01-27 00:00:00-05:00,29.661119521692065,30.30874182863942,29.4319611808353,29.890277862548828,41100,0.0,0.0
2026-01-28 00:00:00-05:00,30.02976521778813,30.767058510352946,29.661119521692065,29.890277862548828,66000,0.0,0.0
2026-01-29 00:00:00-05:00,30.767059215409652,30.767059215409652,29.910205855967728,30.30874252319336,37300,0.0,0.0
2026-01-30 00:00:00-05:00,30.388448445737453,30.677388703793824,30.009839104544685,30.607643127441406,46700,0.0,0.0
2026-02-02 00:00:00-05:00,30.796949435619567,31.86303570738604,30.607643810611513,31.594022750854492,63500,0.0,0.0
2026-02-03 00:00:00-05:00,31.434609046288788,32.06230596400167,31.364865366625743,31.793292999267578,58100,0.0,0.0
2026-02-04 00:00:00-05:00,32.052339197287246,32.81952344531535,31.773364489184427,32.21175765991211,37400,0.0,0.0
2026-02-05 00:00:00-05:00,31.73351249731029,32.75974606938019,29.89027828939003,31.892925262451172,39600,0.0,0.0
2026-02-06 00:00:00-05:00,32.221720197908496,33.07857545165101,30.946400971451354,32.69000244140625,109500,0.0,0.0
2026-02-09 00:00:00-05:00,32.810001373291016,33.650001525878906,32.599998474121094,32.869998931884766,50500,0.12,0.0
2026-02-10 00:00:00-05:00,32.790000915527344,32.84000015258789,31.479999542236328,31.969999313354492,82700,0.0,0.0
2026-02-11 00:00:00-05:00,32.2599983215332,32.369998931884766,31.309999465942383,31.479999542236328,46700,0.0,0.0
2026-02-12 00:00:00-05:00,31.700000762939453,31.729999542236328,30.950000762939453,31.559999465942383,47700,0.0,0.0
2026-02-13 00:00:00-05:00,31.350000381469727,32.20000076293945,31.100000381469727,31.790000915527344,50600,0.0,0.0
2026-02-17 00:00:00-05:00,31.600000381469727,32.33000183105469,31.600000381469727,32.0,27700,0.0,0.0
2026-02-18 00:00:00-05:00,31.809999465942383,32.220001220703125,29.8799991607666,31.43000030517578,35700,0.0,0.0
2026-02-19 00:00:00-05:00,31.270000457763672,31.719999313354492,30.65999984741211,31.030000686645508,42100,0.0,0.0
2026-02-20 00:00:00-05:00,30.959999084472656,31.399999618530273,30.6299991607666,31.149999618530273,189300,0.0,0.0
2026-02-23 00:00:00-05:00,31.149999618530273,31.450000762939453,29.540000915527344,29.719999313354492,67900,0.0,0.0
2026-02-24 00:00:00-05:00,29.540000915527344,30.190000534057617,29.389999389648438,29.920000076293945,38300,0.0,0.0
2026-02-25 00:00:00-05:00,30.149999618530273,30.610000610351562,29.65999984741211,30.5,30200,0.0,0.0
2026-02-26 00:00:00-05:00,30.799999237060547,31.0,30.0,30.299999237060547,26600,0.0,0.0
2026-02-27 00:00:00-05:00,29.8799991607666,29.8799991607666,29.219999313354492,29.40999984741211,52100,0.0,0.0
2026-03-02 00:00:00-05:00,28.809999465942383,30.520000457763672,28.809999465942383,29.81999969482422,40400,0.0,0.0
2026-03-03 00:00:00-05:00,29.190000534057617,29.940000534057617,28.81999969482422,29.65999984741211,39400,0.0,0.0
2026-03-04 00:00:00-05:00,30.059999465942383,30.81999969482422,29.75,30.34000015258789,50600,0.0,0.0
2026-03-05 00:00:00-05:00,30.020000457763672,30.239999771118164,29.440000534057617,29.59000015258789,35200,0.0,0.0
2026-03-06 00:00:00-05:00,28.920000076293945,29.299999237060547,28.579999923706055,29.209999084472656,43000,0.0,0.0
2026-03-09 00:00:00-04:00,28.709999084472656,30.260000228881836,28.110000610351562,29.219999313354492,49800,0.0,0.0
2026-03-10 00:00:00-04:00,29.020000457763672,29.799999237060547,28.809999465942383,29.100000381469727,37300,0.0,0.0
2026-03-11 00:00:00-04:00,28.75,28.860000610351562,28.5,28.739999771118164,18600,0.0,0.0
2026-03-12 00:00:00-04:00,28.31999969482422,28.959999084472656,28.040000915527344,28.799999237060547,46400,0.0,0.0
2026-03-13 00:00:00-04:00,28.850000381469727,29.15999984741211,28.260000228881836,28.75,43300,0.0,0.0
2026-03-16 00:00:00-04:00,29.100000381469727,29.149999618530273,28.3700008392334,28.850000381469727,29400,0.0,0.0
2026-03-17 00:00:00-04:00,28.639999389648438,29.540000915527344,28.459999084472656,29.030000686645508,46000,0.0,0.0
2026-03-18 00:00:00-04:00,28.639999389648438,28.899999618530273,28.100000381469727,28.399999618530273,66900,0.0,0.0
2026-03-19 00:00:00-04:00,28.329999923706055,29.260000228881836,28.170000076293945,28.729999542236328,82400,0.0,0.0
2026-03-20 00:00:00-04:00,28.700000762939453,29.899999618530273,28.5,28.719999313354492,145700,0.0,0.0
2026-03-23 00:00:00-04:00,29.219999313354492,30.0,28.8799991607666,29.5,83400,0.0,0.0
2026-03-24 00:00:00-04:00,29.1200008392334,29.709999084472656,28.950000762939453,29.43000030517578,43000,0.0,0.0
2026-03-25 00:00:00-04:00,29.790000915527344,29.979999542236328,28.329999923706055,29.100000381469727,73900,0.0,0.0
2026-03-26 00:00:00-04:00,28.899999618530273,29.559999465942383,28.899999618530273,29.309999465942383,190400,0.0,0.0
2026-03-27 00:00:00-04:00,29.190000534057617,29.440000534057617,28.639999389648438,28.959999084472656,118800,0.0,0.0
2026-03-30 00:00:00-04:00,29.270000457763672,30.190000534057617,29.049999237060547,29.56999969482422,130000,0.0,0.0
2026-03-31 00:00:00-04:00,29.829999923706055,30.079999923706055,29.549999237060547,29.739999771118164,101100,0.0,0.0
2026-04-01 00:00:00-04:00,29.739999771118164,30.34000015258789,29.739999771118164,30.15999984741211,48700,0.0,0.0
2026-04-02 00:00:00-04:00,29.8700008392334,30.440000534057617,29.65999984741211,30.31999969482422,47600,0.0,0.0
2026-04-06 00:00:00-04:00,30.34000015258789,30.709999084472656,29.760000228881836,30.34000015258789,187000,0.0,0.0
2026-04-07 00:00:00-04:00,30.290000915527344,30.760000228881836,30.049999237060547,30.649999618530273,133800,0.0,0.0
2026-04-08 00:00:00-04:00,31.18000030517578,31.540000915527344,31.079999923706055,31.469999313354492,43600,0.0,0.0
2026-04-09 00:00:00-04:00,31.219999313354492,31.950000762939453,31.110000610351562,31.84000015258789,102200,0.0,0.0
2026-04-10 00:00:00-04:00,31.799999237060547,31.989999771118164,31.190000534057617,31.56999969482422,84000,0.0,0.0
2026-04-13 00:00:00-04:00,31.459999084472656,31.84000015258789,31.190000534057617,31.65999984741211,74200,0.0,0.0
2026-04-14 00:00:00-04:00,31.579999923706055,31.989999771118164,31.059999465942383,31.90999984741211,64400,0.0,0.0
2026-04-15 00:00:00-04:00,31.829999923706055,31.979999542236328,31.40999984741211,31.899999618530273,50400,0.0,0.0
2026-04-16 00:00:00-04:00,31.809999465942383,32.0,31.56999969482422,31.739999771118164,93000,0.0,0.0
2026-04-17 00:00:00-04:00,32.189998626708984,33.13999938964844,31.969999313354492,32.63999938964844,61400,0.0,0.0
2026-04-20 00:00:00-04:00,32.529998779296875,32.93000030517578,32.5,32.61000061035156,43900,0.0,0.0
2026-04-21 00:00:00-04:00,32.45000076293945,32.779998779296875,31.440000534057617,31.59000015258789,70900,0.0,0.0
2026-04-22 00:00:00-04:00,31.59000015258789,31.989999771118164,31.34000015258789,31.520000457763672,83200,0.0,0.0
2026-04-23 00:00:00-04:00,31.459999084472656,31.719999313354492,31.420000076293945,31.440000534057617,30500,0.0,0.0
2026-04-24 00:00:00-04:00,31.299999237060547,31.56999969482422,31.190000534057617,31.3700008392334,32200,0.0,0.0
2026-04-27 00:00:00-04:00,31.209999084472656,31.850000381469727,31.059999465942383,31.81999969482422,51900,0.0,0.0
2026-04-28 00:00:00-04:00,31.389999389648438,31.389999389648438,30.079999923706055,30.3700008392334,63700,0.0,0.0
2026-04-29 00:00:00-04:00,30.600000381469727,31.610000610351562,30.600000381469727,31.239999771118164,84000,0.0,0.0
2026-04-30 00:00:00-04:00,31.079999923706055,31.760000228881836,30.809999465942383,31.489999771118164,110500,0.0,0.0
2026-05-01 00:00:00-04:00,31.719999313354492,32.040000915527344,31.424999237060547,31.610000610351562,58660,0.0,0.0
