Date,Open,High,Low,Close,Volume,Dividends,Stock Splits
2022-01-03 00:00:00-05:00,606.5,618.9500122070312,588.5,590.0,12800,0.0,0.0
2022-01-04 00:00:00-05:00,589.5,605.5,571.5,585.0,13304,0.0,0.0
2022-01-05 00:00:00-05:00,582.5,592.5,544.5,545.5,25578,0.0,0.0
2022-01-06 00:00:00-05:00,546.5,577.5,527.5,551.5,20180,0.0,0.0
2022-01-07 00:00:00-05:00,549.0,578.5,537.25,539.0,28438,0.0,0.0
2022-01-10 00:00:00-05:00,534.5,555.0,507.5,554.5,19946,0.0,0.0
2022-01-11 00:00:00-05:00,556.0,579.5,541.0,569.5,17382,0.0,0.0
2022-01-12 00:00:00-05:00,569.5,582.75,556.0,565.5,11680,0.0,0.0
2022-01-13 00:00:00-05:00,562.5,567.5,526.5,537.5,24950,0.0,0.0
2022-01-14 00:00:00-05:00,530.0,544.6500244140625,512.5,527.5,18468,0.0,0.0
2022-01-18 00:00:00-05:00,521.5,527.0,498.0,500.0,20196,0.0,0.0
2022-01-19 00:00:00-05:00,504.0,508.8999938964844,482.0,483.5,13652,0.0,0.0
2022-01-20 00:00:00-05:00,487.0,511.5,480.5,485.5,27768,0.0,0.0
2022-01-21 00:00:00-05:00,480.25,492.0,473.5,476.5,29518,0.0,0.0
2022-01-24 00:00:00-05:00,460.0,502.5,444.0,500.0,24254,0.0,0.0
2022-01-25 00:00:00-05:00,491.5,510.0,474.5,480.5,34880,0.0,0.0
2022-01-26 00:00:00-05:00,487.5,492.5,446.5,450.0,27334,0.0,0.0
2022-01-27 00:00:00-05:00,451.0,458.95001220703125,425.5,440.0,32728,0.0,0.0
2022-01-28 00:00:00-05:00,444.5,471.0,427.0,469.5,29070,0.0,0.0
2022-01-31 00:00:00-05:00,471.0,512.5,471.0,509.5,28484,0.0,0.0
2022-02-01 00:00:00-05:00,512.5,527.5,500.0,520.0,23424,0.0,0.0
2022-02-02 00:00:00-05:00,522.5,524.5,477.5,487.5,24858,0.0,0.0
2022-02-03 00:00:00-05:00,478.0,490.75,467.0,469.5,16884,0.0,0.0
2022-02-04 00:00:00-05:00,464.5,482.5,451.0,478.0,32338,0.0,0.0
2022-02-07 00:00:00-05:00,480.0,506.0,477.0,488.0,13026,0.0,0.0
2022-02-08 00:00:00-05:00,485.0,508.5,482.5,503.0,21608,0.0,0.0
2022-02-09 00:00:00-05:00,508.0,537.0,501.0,533.0,29954,0.0,0.0
2022-02-10 00:00:00-05:00,514.5,535.5,495.5,495.5,17060,0.0,0.0
2022-02-11 00:00:00-05:00,493.5,509.0,477.5,487.5,11156,0.0,0.0
2022-02-14 00:00:00-05:00,480.0,480.5,440.0,466.5,36612,0.0,0.0
2022-02-15 00:00:00-05:00,473.0,498.0,473.0,494.0,13650,0.0,0.0
2022-02-16 00:00:00-05:00,492.0,499.25,481.5,487.0,10616,0.0,0.0
2022-02-17 00:00:00-05:00,481.5,486.5,459.0,463.5,11680,0.0,0.0
2022-02-18 00:00:00-05:00,460.0,466.0,448.75,462.0,11916,0.0,0.0
2022-02-22 00:00:00-05:00,462.0,474.0,441.0,449.5,11732,0.0,0.0
2022-02-23 00:00:00-05:00,451.5,461.5,436.5,439.0,9362,0.0,0.0
2022-02-24 00:00:00-05:00,425.0,470.5,423.0,469.0,15178,0.0,0.0
2022-02-25 00:00:00-05:00,472.5,481.0,455.0,480.5,9704,0.0,0.0
2022-02-28 00:00:00-05:00,474.0,502.5,474.0,493.5,15506,0.0,0.0
2022-03-01 00:00:00-05:00,491.5,504.5,479.5,498.5,14144,0.0,0.0
2022-03-02 00:00:00-05:00,500.5,504.0,485.0,498.5,10082,0.0,0.0
2022-03-03 00:00:00-05:00,501.5,504.0,484.5,490.5,6930,0.0,0.0
2022-03-04 00:00:00-05:00,487.0,488.75,453.0,464.5,13028,0.0,0.0
2022-03-07 00:00:00-05:00,465.0,472.0,436.5,439.0,12198,0.0,0.0
2022-03-08 00:00:00-05:00,437.5,459.0,422.5,442.5,12594,0.0,0.0
2022-03-09 00:00:00-05:00,452.0,471.0,446.5,460.0,10116,0.0,0.0
2022-03-10 00:00:00-05:00,450.0,455.0,441.5,448.5,10328,0.0,0.0
2022-03-11 00:00:00-05:00,453.5,455.5,425.0,426.0,9732,0.0,0.0
2022-03-14 00:00:00-04:00,424.5,431.5,409.0,417.5,19786,0.0,0.0
2022-03-15 00:00:00-04:00,418.5,438.0,413.0,432.0,44354,0.0,0.0
2022-03-16 00:00:00-04:00,442.0,468.5,439.0,451.0,27688,0.0,0.0
2022-03-17 00:00:00-04:00,445.5,480.0,440.5,478.0,16734,0.0,0.0
2022-03-18 00:00:00-04:00,470.0,495.70001220703125,461.0,478.0,34268,0.0,0.0
2022-03-21 00:00:00-04:00,474.0,475.0,445.0,450.5,12306,0.0,0.0
2022-03-22 00:00:00-04:00,447.0,468.5,447.0,461.0,14316,0.0,0.0
2022-03-23 00:00:00-04:00,460.0,467.0,430.5,440.0,44446,0.0,0.0
2022-03-24 00:00:00-04:00,358.0,398.5,341.0,388.0,177600,0.0,0.0
2022-03-25 00:00:00-04:00,386.5,386.5,346.0,360.5,66898,0.0,0.0
2022-03-28 00:00:00-04:00,362.5,377.0,357.0,366.0,23346,0.0,0.0
2022-03-29 00:00:00-04:00,370.0,387.0,364.0,378.5,42286,0.0,0.0
2022-03-30 00:00:00-04:00,371.5,397.0,371.5,382.0,32470,0.0,0.0
2022-03-31 00:00:00-04:00,381.0,385.0,371.5,372.0,14682,0.0,0.0
2022-04-01 00:00:00-04:00,377.0,387.0,369.25,371.0,13178,0.0,0.0
2022-04-04 00:00:00-04:00,376.5,407.5,376.5,398.5,19610,0.0,0.0
2022-04-05 00:00:00-04:00,399.0,399.0,376.5,381.5,11312,0.0,0.0
2022-04-06 00:00:00-04:00,375.0,378.5,358.5,363.5,11276,0.0,0.0
2022-04-07 00:00:00-04:00,362.5,367.5,350.5,358.5,11116,0.0,0.0
2022-04-08 00:00:00-04:00,357.0,369.5,349.0,355.5,11804,0.0,0.0
2022-04-11 00:00:00-04:00,352.5,365.5,350.1000061035156,357.5,9200,0.0,0.0
2022-04-12 00:00:00-04:00,363.0,372.25,350.5,356.0,10430,0.0,0.0
2022-04-13 00:00:00-04:00,355.5,371.0,351.0,366.0,7744,0.0,0.0
2022-04-14 00:00:00-04:00,366.5,373.0,358.5,365.0,10510,0.0,0.0
2022-04-18 00:00:00-04:00,363.0,366.5,353.5,359.5,7280,0.0,0.0
2022-04-19 00:00:00-04:00,357.5,375.5,357.5,367.0,7608,0.0,0.0
2022-04-20 00:00:00-04:00,370.0,370.0,353.5,354.0,6740,0.0,0.0
2022-04-21 00:00:00-04:00,361.0,366.0,343.25,344.5,11472,0.0,0.0
2022-04-22 00:00:00-04:00,342.0,347.5,322.0,323.5,18088,0.0,0.0
2022-04-25 00:00:00-04:00,322.0,336.0,317.5,336.0,16128,0.0,0.0
2022-04-26 00:00:00-04:00,331.0,337.5,314.0,321.5,11054,0.0,0.0
2022-04-27 00:00:00-04:00,320.0,328.0,300.5,311.5,29910,0.0,0.0
2022-04-28 00:00:00-04:00,313.0,330.5,304.0,320.0,8046,0.0,0.0
2022-04-29 00:00:00-04:00,314.5,323.0,298.0,299.5,17072,0.0,0.0
2022-05-02 00:00:00-04:00,300.0,312.0,296.5,300.0,26058,0.0,0.0
2022-05-03 00:00:00-04:00,302.5,312.0,294.25,311.5,18144,0.0,0.0
2022-05-04 00:00:00-04:00,309.5,324.5,299.0,324.0,14230,0.0,0.0
2022-05-05 00:00:00-04:00,307.5,314.0,294.25,299.0,14816,0.0,0.0
2022-05-06 00:00:00-04:00,297.0,297.0,264.5,265.5,25076,0.0,0.0
2022-05-09 00:00:00-04:00,260.5,265.0,250.0,257.5,26104,0.0,0.0
2022-05-10 00:00:00-04:00,263.5,265.25,242.14999389648438,254.0,26580,0.0,0.0
2022-05-11 00:00:00-04:00,252.0,261.5,218.0,220.5,56432,0.0,0.0
2022-05-12 00:00:00-04:00,241.5,271.0,212.5,264.5,58250,0.0,0.0
2022-05-13 00:00:00-04:00,270.5,295.0,269.75,287.0,28542,0.0,0.0
2022-05-16 00:00:00-04:00,275.0,293.5,246.5,277.5,29918,0.0,0.0
2022-05-17 00:00:00-04:00,285.5,300.0,283.5,298.5,15056,0.0,0.0
2022-05-18 00:00:00-04:00,289.0,290.0,258.75,264.0,20942,0.0,0.0
2022-05-19 00:00:00-04:00,266.0,266.0,249.0,249.0,19622,0.0,0.0
2022-05-20 00:00:00-04:00,259.5,259.5,240.75,242.5,40964,0.0,0.0
2022-05-23 00:00:00-04:00,245.0,251.0,236.0,240.0,34146,0.0,0.0
2022-05-24 00:00:00-04:00,237.5,237.5,226.5,233.5,20996,0.0,0.0
2022-05-25 00:00:00-04:00,232.5,239.0,229.75,231.0,36736,0.0,0.0
2022-05-26 00:00:00-04:00,234.0,240.5,234.0,235.0,28402,0.0,0.0
2022-05-27 00:00:00-04:00,235.0,241.75,232.5,232.5,57664,0.0,0.0
2022-05-31 00:00:00-04:00,234.5,239.5,228.0,237.5,54398,0.0,0.0
2022-06-01 00:00:00-04:00,237.0,253.5,232.5,232.5,19228,0.0,0.0
2022-06-02 00:00:00-04:00,233.0,253.0,232.0500030517578,247.5,13372,0.0,0.0
2022-06-03 00:00:00-04:00,243.5,248.0,240.5,243.0,9598,0.0,0.0
2022-06-06 00:00:00-04:00,247.5,250.0,238.0,243.0,9838,0.0,0.0
2022-06-07 00:00:00-04:00,238.0,243.0,234.0,241.0,7592,0.0,0.0
2022-06-08 00:00:00-04:00,238.5,245.25,235.5,236.5,9588,0.0,0.0
2022-06-09 00:00:00-04:00,235.5,236.5,226.0,227.5,11318,0.0,0.0
2022-06-10 00:00:00-04:00,224.0,225.5,214.5,217.0,12816,0.0,0.0
2022-06-13 00:00:00-04:00,208.0,212.0,197.75,208.0,28826,0.0,0.0
2022-06-14 00:00:00-04:00,208.0,214.75,206.0,209.5,22560,0.0,0.0
2022-06-15 00:00:00-04:00,216.0,220.5,209.5,214.0,14788,0.0,0.0
2022-06-16 00:00:00-04:00,205.0,206.25,192.5,202.5,44218,0.0,0.0
2022-06-17 00:00:00-04:00,204.0,213.89999389648438,201.5,207.0,10406,0.0,0.0
2022-06-21 00:00:00-04:00,212.0,216.10000610351562,203.0,203.5,9738,0.0,0.0
2022-06-22 00:00:00-04:00,199.0,220.5,197.0,211.5,20282,0.0,0.0
2022-06-23 00:00:00-04:00,217.0,252.0,216.5,245.0,57150,0.0,0.0
2022-06-24 00:00:00-04:00,249.0,261.0,243.0,260.5,25208,0.0,0.0
2022-06-27 00:00:00-04:00,260.5,272.5,227.0,228.0,17912,0.0,0.0
2022-06-28 00:00:00-04:00,228.5,233.5,225.5,231.0,12962,0.0,0.0
2022-06-29 00:00:00-04:00,229.0,231.0,222.75,225.0,14208,0.0,0.0
2022-06-30 00:00:00-04:00,220.0,225.5,212.5,212.5,15192,0.0,0.0
2022-07-01 00:00:00-04:00,214.5,226.39999389648438,210.0,225.0,15996,0.0,0.0
2022-07-05 00:00:00-04:00,220.5,237.75,215.5,235.0,10054,0.0,0.0
2022-07-06 00:00:00-04:00,237.0,242.0,216.0,217.0,8530,0.0,0.0
2022-07-07 00:00:00-04:00,216.5,230.0,215.5,230.0,9204,0.0,0.0
2022-07-08 00:00:00-04:00,225.5,230.0,217.25,222.0,8028,0.0,0.0
2022-07-11 00:00:00-04:00,218.5,219.60000610351562,205.25,206.0,6622,0.0,0.0
2022-07-12 00:00:00-04:00,207.0,215.0,207.0,210.5,7572,0.0,0.0
2022-07-13 00:00:00-04:00,205.5,208.25,195.5,205.5,12560,0.0,0.0
2022-07-14 00:00:00-04:00,203.5,203.5,192.0,192.5,11278,0.0,0.0
2022-07-15 00:00:00-04:00,196.5,202.5,192.0,198.5,9462,0.0,0.0
2022-07-18 00:00:00-04:00,202.0,210.5,198.0,199.5,8822,0.0,0.0
2022-07-19 00:00:00-04:00,201.0,206.5,198.5,202.0,8082,0.0,0.0
2022-07-20 00:00:00-04:00,203.5,206.0,194.0,197.5,13172,0.0,0.0
2022-07-21 00:00:00-04:00,193.0,196.0,177.5,185.0,21390,0.0,0.0
2022-07-22 00:00:00-04:00,184.0,186.0,175.5,176.5,11910,0.0,0.0
2022-07-25 00:00:00-04:00,161.0,171.5,161.0,163.5,32316,0.0,0.0
2022-07-26 00:00:00-04:00,155.0,159.0,145.5,152.5,24512,0.0,0.0
2022-07-27 00:00:00-04:00,154.0,155.25,146.5,154.0,18106,0.0,0.0
2022-07-28 00:00:00-04:00,154.5,157.75,148.5,156.0,16598,0.0,0.0
2022-07-29 00:00:00-04:00,156.0,156.5,150.25,153.5,7928,0.0,0.0
2022-08-01 00:00:00-04:00,152.5,152.5,143.75,148.5,13816,0.0,0.0
2022-08-02 00:00:00-04:00,148.5,159.0,145.0,154.5,32692,0.0,0.0
2022-08-03 00:00:00-04:00,156.5,167.5,156.5,162.0,18672,0.0,0.0
2022-08-04 00:00:00-04:00,162.5,171.75,161.5,171.0,31158,0.0,0.0
2022-08-05 00:00:00-04:00,168.0,174.75,164.5500030517578,170.0,14866,0.0,0.0
2022-08-08 00:00:00-04:00,170.5,200.0,170.5,188.0,31892,0.0,0.0
2022-08-09 00:00:00-04:00,186.0,190.5,176.5,177.5,25944,0.0,0.0
2022-08-10 00:00:00-04:00,185.5,203.0,180.5,200.0,42822,0.0,0.0
2022-08-11 00:00:00-04:00,187.5,215.0,180.5,197.5,80424,0.0,0.0
2022-08-12 00:00:00-04:00,202.0,202.0,180.0500030517578,181.5,17872,0.0,0.0
2022-08-15 00:00:00-04:00,179.0,190.10000610351562,176.5,187.0,21966,0.0,0.0
2022-08-16 00:00:00-04:00,185.0,206.0,180.5,192.0,42208,0.0,0.0
2022-08-17 00:00:00-04:00,187.5,190.0,172.5,175.0,16190,0.0,0.0
2022-08-18 00:00:00-04:00,171.5,198.0,167.5,182.0,96532,0.0,0.0
2022-08-19 00:00:00-04:00,178.5,178.5,155.5,158.0,61626,0.0,0.0
2022-08-22 00:00:00-04:00,155.5,161.0,150.0,152.0,31256,0.0,0.0
2022-08-23 00:00:00-04:00,152.0,157.0,148.0,148.5,19736,0.0,0.0
2022-08-24 00:00:00-04:00,151.5,158.25,145.5,153.5,18128,0.0,0.0
2022-08-25 00:00:00-04:00,154.0,159.5,151.5,156.0,15352,0.0,0.0
2022-08-26 00:00:00-04:00,156.0,158.5,140.0,142.0,33708,0.0,0.0
2022-08-29 00:00:00-04:00,142.5,144.5,135.75,138.5,31284,0.0,0.0
2022-08-30 00:00:00-04:00,140.0,142.5,135.0,135.0,17368,0.0,0.0
2022-08-31 00:00:00-04:00,137.5,138.0,127.0,132.0,24956,0.0,0.0
2022-09-01 00:00:00-04:00,130.5,134.5,128.0,131.5,19604,0.0,0.0
2022-09-02 00:00:00-04:00,134.5,134.5,125.75,130.0,18608,0.0,0.0
2022-09-06 00:00:00-04:00,133.5,141.25,130.9499969482422,136.5,21074,0.0,0.0
2022-09-07 00:00:00-04:00,135.0,147.0,134.64999389648438,145.0,24920,0.0,0.0
2022-09-08 00:00:00-04:00,143.5,154.5,142.0,154.0,19348,0.0,0.0
2022-09-09 00:00:00-04:00,153.5,168.0,153.5,166.0,30912,0.0,0.0
2022-09-12 00:00:00-04:00,176.0,180.25,168.5,175.0,36250,0.0,0.0
2022-09-13 00:00:00-04:00,162.0,167.64999389648438,161.0,164.5,30638,0.0,0.0
2022-09-14 00:00:00-04:00,166.0,168.5,163.5,167.5,18784,0.0,0.0
2022-09-15 00:00:00-04:00,166.0,173.5,155.25,158.5,23066,0.0,0.0
2022-09-16 00:00:00-04:00,151.5,158.0,151.5,154.0,50842,0.0,0.0
2022-09-19 00:00:00-04:00,155.25,155.75,151.5,155.0,16728,0.0,0.0
2022-09-20 00:00:00-04:00,152.0,155.0,139.5,143.5,18818,0.0,0.0
2022-09-21 00:00:00-04:00,143.0,147.0,140.5,143.5,12904,0.0,0.0
2022-09-22 00:00:00-04:00,141.0,145.25,138.5,143.0,20658,0.0,0.0
2022-09-23 00:00:00-04:00,140.0,148.0,139.0,147.5,13616,0.0,0.0
2022-09-26 00:00:00-04:00,140.5,154.0,140.5,144.0,10684,0.0,0.0
2022-09-27 00:00:00-04:00,146.5,150.25,136.0,138.0,14874,0.0,0.0
2022-09-28 00:00:00-04:00,139.0,148.5,138.0,148.0,10368,0.0,0.0
2022-09-29 00:00:00-04:00,144.5,145.25,135.0,139.0,16538,0.0,0.0
2022-09-30 00:00:00-04:00,138.0,147.75,137.25,141.0,17462,0.0,0.0
2022-10-03 00:00:00-04:00,148.0,148.0,138.25,142.0,11796,0.0,0.0
2022-10-04 00:00:00-04:00,147.5,155.0,146.5,154.0,14358,0.0,0.0
2022-10-05 00:00:00-04:00,151.0,155.75,149.0,154.5,10668,0.0,0.0
2022-10-06 00:00:00-04:00,154.5,158.5,150.6999969482422,156.0,8170,0.0,0.0
2022-10-07 00:00:00-04:00,153.0,153.5,149.75,150.5,7724,0.0,0.0
2022-10-10 00:00:00-04:00,151.5,154.0,149.5,153.5,7914,0.0,0.0
2022-10-11 00:00:00-04:00,150.0,172.5,147.5500030517578,155.0,42606,0.0,0.0
2022-10-12 00:00:00-04:00,155.0,155.0,142.75,144.5,11702,0.0,0.0
2022-10-13 00:00:00-04:00,140.0,148.5,134.75,146.0,9906,0.0,0.0
2022-10-14 00:00:00-04:00,148.5,149.5,134.0,134.0,10890,0.0,0.0
2022-10-17 00:00:00-04:00,138.0,146.5,138.0,145.5,14744,0.0,0.0
2022-10-18 00:00:00-04:00,147.5,155.0,147.0,148.5,10620,0.0,0.0
2022-10-19 00:00:00-04:00,155.5,164.0,152.0,160.0,14478,0.0,0.0
2022-10-20 00:00:00-04:00,159.5,167.75,157.0,159.0,17726,0.0,0.0
2022-10-21 00:00:00-04:00,159.0,179.5,156.5,176.5,19788,0.0,0.0
2022-10-24 00:00:00-04:00,175.5,176.4499969482422,163.75,173.0,14718,0.0,0.0
2022-10-25 00:00:00-04:00,178.5,207.5,174.0,196.0,50444,0.0,0.0
2022-10-26 00:00:00-04:00,194.5,199.5,186.75,191.0,12306,0.0,0.0
2022-10-27 00:00:00-04:00,193.5,202.0,187.5,195.5,12830,0.0,0.0
2022-10-28 00:00:00-04:00,193.5,205.0,185.5,203.5,13410,0.0,0.0
2022-10-31 00:00:00-04:00,204.5,220.0,203.0,207.5,23930,0.0,0.0
2022-11-01 00:00:00-04:00,211.0,214.5,195.75,196.5,11774,0.0,0.0
2022-11-02 00:00:00-04:00,198.5,204.5,189.5,191.0,10038,0.0,0.0
2022-11-03 00:00:00-04:00,184.0,199.0,180.0,198.5,8406,0.0,0.0
2022-11-04 00:00:00-04:00,204.0,207.5,195.9499969482422,204.5,8258,0.0,0.0
2022-11-07 00:00:00-05:00,204.5,205.5,191.5,202.5,7574,0.0,0.0
2022-11-08 00:00:00-05:00,204.5,210.0,198.5,205.5,9758,0.0,0.0
2022-11-09 00:00:00-05:00,207.0,208.0,185.5,185.5,11308,0.0,0.0
2022-11-10 00:00:00-05:00,197.0,199.0,158.0,170.5,40708,0.0,0.0
2022-11-11 00:00:00-05:00,170.5,208.25,168.5,199.0,23058,0.0,0.0
2022-11-14 00:00:00-05:00,199.5,217.5,197.0,211.5,17256,0.0,0.0
2022-11-15 00:00:00-05:00,220.0,227.5,209.75,210.5,12022,0.0,0.0
2022-11-16 00:00:00-05:00,205.5,208.5,188.75,193.5,8526,0.0,0.0
2022-11-17 00:00:00-05:00,193.0,225.0,193.0,197.0,22276,0.0,0.0
2022-11-18 00:00:00-05:00,199.5,205.5,185.75,186.5,9112,0.0,0.0
2022-11-21 00:00:00-05:00,185.5,185.5,168.5,169.5,12700,0.0,0.0
2022-11-22 00:00:00-05:00,169.5,175.0,166.25,170.0,11430,0.0,0.0
2022-11-23 00:00:00-05:00,169.5,174.75,167.5,170.0,5366,0.0,0.0
2022-11-25 00:00:00-05:00,171.5,174.0,164.5,168.0,4744,0.0,0.0
2022-11-28 00:00:00-05:00,165.5,170.5,163.0,164.0,8564,0.0,0.0
2022-11-29 00:00:00-05:00,164.0,164.0,156.0,158.5,7018,0.0,0.0
2022-11-30 00:00:00-05:00,157.0,160.0,150.5,160.0,15834,0.0,0.0
2022-12-01 00:00:00-05:00,162.0,173.5,161.0,169.0,11890,0.0,0.0
2022-12-02 00:00:00-05:00,165.0,181.5,162.0,181.5,9528,0.0,0.0
2022-12-05 00:00:00-05:00,179.75,184.5,174.75,178.5,6814,0.0,0.0
2022-12-06 00:00:00-05:00,178.0,179.0,169.0,172.5,7366,0.0,0.0
2022-12-07 00:00:00-05:00,171.5,173.0,166.0,169.0,7076,0.0,0.0
2022-12-08 00:00:00-05:00,170.0,172.5,165.0,169.5,8356,0.0,0.0
2022-12-09 00:00:00-05:00,169.5,169.5,158.0,158.5,9140,0.0,0.0
2022-12-12 00:00:00-05:00,163.5,169.5,151.0,159.0,31398,0.0,0.0
2022-12-13 00:00:00-05:00,164.5,179.5,155.0,156.0,10322,0.0,0.0
2022-12-14 00:00:00-05:00,157.5,161.0,151.0,153.5,15662,0.0,0.0
2022-12-15 00:00:00-05:00,150.0,152.5,146.5,148.5,11290,0.0,0.0
2022-12-16 00:00:00-05:00,145.5,148.5,143.0,144.5,13738,0.0,0.0
2022-12-19 00:00:00-05:00,144.0,146.0,138.5,141.0,14432,0.0,0.0
2022-12-20 00:00:00-05:00,139.5,141.9499969482422,133.0,136.5,15286,0.0,0.0
2022-12-21 00:00:00-05:00,138.0,140.0,133.0,134.0,9918,0.0,0.0
2022-12-22 00:00:00-05:00,132.5,133.60000610351562,127.5,131.5,11372,0.0,0.0
2022-12-23 00:00:00-05:00,131.0,136.0,128.0,133.0,10502,0.0,0.0
2022-12-27 00:00:00-05:00,133.0,137.0,127.5,128.0,6388,0.0,0.0
2022-12-28 00:00:00-05:00,127.5,129.5,124.0,127.0,10568,0.0,0.0
2022-12-29 00:00:00-05:00,125.5,143.5,125.5,141.5,11576,0.0,0.0
2022-12-30 00:00:00-05:00,137.0,143.0,135.5,141.0,17966,0.0,0.0
2023-01-03 00:00:00-05:00,138.0,141.5,126.75,131.0,14148,0.0,0.0
2023-01-04 00:00:00-05:00,130.5,139.5,128.25,138.5,13098,0.0,0.0
2023-01-05 00:00:00-05:00,137.0,137.0,130.25,133.5,7746,0.0,0.0
2023-01-06 00:00:00-05:00,134.0,138.0,130.75,136.0,6162,0.0,0.0
2023-01-09 00:00:00-05:00,140.5,143.10000610351562,137.25,138.0,7210,0.0,0.0
2023-01-10 00:00:00-05:00,135.0,140.6999969482422,135.0,139.0,5856,0.0,0.0
2023-01-11 00:00:00-05:00,141.0,147.0,139.5,142.5,6146,0.0,0.0
2023-01-12 00:00:00-05:00,143.0,147.5,140.0,145.5,8214,0.0,0.0
2023-01-13 00:00:00-05:00,144.0,151.75,141.0,146.0,11292,0.0,0.0
2023-01-17 00:00:00-05:00,146.5,154.5,143.75,154.0,7550,0.0,0.0
2023-01-18 00:00:00-05:00,155.0,157.0,143.0,144.5,12950,0.0,0.0
2023-01-19 00:00:00-05:00,143.5,145.0,135.75,137.0,6208,0.0,0.0
2023-01-20 00:00:00-05:00,138.0,148.5,135.5,148.5,9536,0.0,0.0
2023-01-23 00:00:00-05:00,149.0,153.5,146.25,152.0,13724,0.0,0.0
2023-01-24 00:00:00-05:00,152.0,155.5,149.0,154.0,6132,0.0,0.0
2023-01-25 00:00:00-05:00,151.5,151.5,144.5,149.5,3686,0.0,0.0
2023-01-26 00:00:00-05:00,154.0,162.0,149.5,161.0,12032,0.0,0.0
2023-01-27 00:00:00-05:00,161.5,175.5,159.0,174.0,14468,0.0,0.0
2023-01-30 00:00:00-05:00,172.5,176.5,162.75,172.0,10892,0.0,0.0
2023-01-31 00:00:00-05:00,175.0,182.5,174.0,181.5,6726,0.0,0.0
2023-02-01 00:00:00-05:00,180.5,199.5,179.0,197.5,14204,0.0,0.0
2023-02-02 00:00:00-05:00,200.0,222.0,200.0,215.0,29354,0.0,0.0
2023-02-03 00:00:00-05:00,209.5,229.5,208.5,218.5,18024,0.0,0.0
2023-02-06 00:00:00-05:00,216.5,217.0,207.5,211.5,8004,0.0,0.0
2023-02-07 00:00:00-05:00,210.0,212.0,202.25,206.0,9774,0.0,0.0
2023-02-08 00:00:00-05:00,205.75,210.0,200.5,206.5,7002,0.0,0.0
2023-02-09 00:00:00-05:00,208.0,209.0,193.5,199.5,14654,0.0,0.0
2023-02-10 00:00:00-05:00,196.5,199.75,190.6999969482422,197.0,11516,0.0,0.0
2023-02-13 00:00:00-05:00,195.5,202.25,191.0,200.0,5312,0.0,0.0
2023-02-14 00:00:00-05:00,198.0,204.5,191.0,195.5,7400,0.0,0.0
2023-02-15 00:00:00-05:00,193.5,208.5,193.5,207.5,10264,0.0,0.0
2023-02-16 00:00:00-05:00,200.5,205.0,196.0,198.5,7192,0.0,0.0
2023-02-17 00:00:00-05:00,195.0,199.25,191.0,195.0,6752,0.0,0.0
2023-02-21 00:00:00-05:00,190.0,199.5,187.5,196.0,12888,0.0,0.0
2023-02-22 00:00:00-05:00,197.0,203.0,194.25,197.0,6094,0.0,0.0
2023-02-23 00:00:00-05:00,199.0,204.25,191.5,194.0,4554,0.0,0.0
2023-02-24 00:00:00-05:00,188.5,191.75,185.0,189.5,6072,0.0,0.0
2023-02-27 00:00:00-05:00,191.5,195.75,190.0,190.5,4548,0.0,0.0
2023-02-28 00:00:00-05:00,190.5,199.5,186.5,199.0,14640,0.0,0.0
2023-03-01 00:00:00-05:00,198.5,202.0,185.5,187.5,8056,0.0,0.0
2023-03-02 00:00:00-05:00,182.5,194.0,180.5,193.0,4816,0.0,0.0
2023-03-03 00:00:00-05:00,200.5,208.25,194.5,200.0,9324,0.0,0.0
2023-03-06 00:00:00-05:00,200.5,201.5,195.75,198.5,3254,0.0,0.0
2023-03-07 00:00:00-05:00,197.5,205.0,187.5,188.5,6770,0.0,0.0
2023-03-08 00:00:00-05:00,189.5,190.0,183.5,186.0,4226,0.0,0.0
2023-03-09 00:00:00-05:00,187.0,196.25,184.25,186.0,6120,0.0,0.0
2023-03-10 00:00:00-05:00,184.5,187.5,173.0,178.0,9526,0.0,0.0
2023-03-13 00:00:00-04:00,173.0,181.5,171.25,180.0,6468,0.0,0.0
2023-03-14 00:00:00-04:00,185.0,189.5,181.5,188.5,5066,0.0,0.0
2023-03-15 00:00:00-04:00,177.5,179.5,151.5,162.0,15882,0.0,0.0
2023-03-16 00:00:00-04:00,158.0,167.0,147.5,150.5,16970,0.0,0.0
2023-03-17 00:00:00-04:00,159.5,191.5,154.0,183.0,67120,0.0,0.0
2023-03-20 00:00:00-04:00,181.0,199.75,179.0,189.0,19338,0.0,0.0
2023-03-21 00:00:00-04:00,191.5,205.5,191.5,198.5,22108,0.0,0.0
2023-03-22 00:00:00-04:00,198.25,204.0,190.5,194.5,13658,0.0,0.0
2023-03-23 00:00:00-04:00,196.5,202.75,190.25,191.5,6760,0.0,0.0
2023-03-24 00:00:00-04:00,189.75,193.0,188.0,190.5,3596,0.0,0.0
2023-03-27 00:00:00-04:00,193.0,194.5,182.0,184.5,5594,0.0,0.0
2023-03-28 00:00:00-04:00,182.5,192.0,182.5,186.0,5936,0.0,0.0
2023-03-29 00:00:00-04:00,188.5,197.0,183.5,188.0,9894,0.0,0.0
2023-03-30 00:00:00-04:00,190.0,197.0,188.5,193.0,3518,0.0,0.0
2023-03-31 00:00:00-04:00,194.5,206.25,194.5,205.5,9138,0.0,0.0
2023-04-03 00:00:00-04:00,204.0,210.5,194.75,198.0,6640,0.0,0.0
2023-04-04 00:00:00-04:00,198.5,198.5,193.25,196.0,4244,0.0,0.0
2023-04-05 00:00:00-04:00,193.5,193.5,179.0,180.5,6072,0.0,0.0
2023-04-06 00:00:00-04:00,178.5,180.5,170.75,173.0,9984,0.0,0.0
2023-04-10 00:00:00-04:00,172.0,179.0,171.5,178.5,4034,0.0,0.0
2023-04-11 00:00:00-04:00,180.0,190.0,180.0,188.0,4432,0.0,0.0
2023-04-12 00:00:00-04:00,194.0,196.0,185.75,186.5,4214,0.0,0.0
2023-04-13 00:00:00-04:00,187.5,189.25,185.5,188.5,3388,0.0,0.0
2023-04-14 00:00:00-04:00,189.5,192.0,182.75,184.5,5142,0.0,0.0
2023-04-17 00:00:00-04:00,188.0,193.0,184.5,188.5,5424,0.0,0.0
2023-04-18 00:00:00-04:00,190.0,192.5,179.5,180.0,5742,0.0,0.0
2023-04-19 00:00:00-04:00,178.0,179.5,173.6999969482422,176.0,3948,0.0,0.0
2023-04-20 00:00:00-04:00,174.0,175.5,165.64999389648438,166.5,6184,0.0,0.0
2023-04-21 00:00:00-04:00,166.5,166.75,157.25,158.0,5496,0.0,0.0
2023-04-24 00:00:00-04:00,159.0,161.5,152.5,155.0,7342,0.0,0.0
2023-04-25 00:00:00-04:00,153.5,154.25,149.75,152.5,8018,0.0,0.0
2023-04-26 00:00:00-04:00,151.0,151.89999389648438,145.0,147.5,9178,0.0,0.0
2023-04-27 00:00:00-04:00,149.0,151.5,147.0,148.0,8834,0.0,0.0
2023-04-28 00:00:00-04:00,147.5,154.25,147.5,152.0,7726,0.0,0.0
2023-05-01 00:00:00-04:00,152.0,154.75,149.0,150.0,8352,0.0,0.0
2023-05-02 00:00:00-04:00,148.5,152.0,143.75,150.5,6584,0.0,0.0
2023-05-03 00:00:00-04:00,150.5,152.25,146.5,146.5,4998,0.0,0.0
2023-05-04 00:00:00-04:00,145.5,148.0,132.5,140.0,14094,0.0,0.0
2023-05-05 00:00:00-04:00,143.5,148.75,142.0,144.5,9054,0.0,0.0
2023-05-08 00:00:00-04:00,146.5,148.0,139.5,141.0,7512,0.0,0.0
2023-05-09 00:00:00-04:00,139.5,142.5,135.25,140.5,9090,0.0,0.0
2023-05-10 00:00:00-04:00,144.0,153.0,143.0,153.0,6548,0.0,0.0
2023-05-11 00:00:00-04:00,153.0,182.5,150.5,181.0,17628,0.0,0.0
2023-05-12 00:00:00-04:00,180.0,182.5,171.0,177.0,7144,0.0,0.0
2023-05-15 00:00:00-04:00,178.0,178.0,167.75,169.0,4756,0.0,0.0
2023-05-16 00:00:00-04:00,167.5,169.0,160.0,161.0,5416,0.0,0.0
2023-05-17 00:00:00-04:00,161.0,167.0,158.5,165.5,6612,0.0,0.0
2023-05-18 00:00:00-04:00,167.0,168.5,163.25,168.0,4116,0.0,0.0
2023-05-19 00:00:00-04:00,169.5,171.39999389648438,165.5,170.5,3836,0.0,0.0
2023-05-22 00:00:00-04:00,170.5,183.5,167.25,181.0,7248,0.0,0.0
2023-05-23 00:00:00-04:00,179.5,191.25,179.0,184.0,7584,0.0,0.0
2023-05-24 00:00:00-04:00,183.0,183.0,175.25,178.5,5282,0.0,0.0
2023-05-25 00:00:00-04:00,176.5,179.0,162.25,168.0,4822,0.0,0.0
2023-05-26 00:00:00-04:00,168.0,173.0,166.5,172.5,2888,0.0,0.0
2023-05-30 00:00:00-04:00,175.0,184.5,174.75,182.5,6570,0.0,0.0
2023-05-31 00:00:00-04:00,185.0,187.0,176.0,184.5,13848,0.0,0.0
2023-06-01 00:00:00-04:00,181.0,182.75,172.75,175.5,9522,0.0,0.0
2023-06-02 00:00:00-04:00,179.0,192.4499969482422,179.0,191.5,5478,0.0,0.0
2023-06-05 00:00:00-04:00,188.5,195.0,187.0,195.0,3524,0.0,0.0
2023-06-06 00:00:00-04:00,194.5,212.0,194.0,206.5,11004,0.0,0.0
2023-06-07 00:00:00-04:00,211.0,217.75,207.25,209.5,7922,0.0,0.0
2023-06-08 00:00:00-04:00,208.0,213.0,203.25,205.5,6338,0.0,0.0
2023-06-09 00:00:00-04:00,206.5,208.75,202.5,205.5,5206,0.0,0.0
2023-06-12 00:00:00-04:00,206.0,214.75,204.5,212.5,5660,0.0,0.0
2023-06-13 00:00:00-04:00,212.0,220.0,212.0,220.0,5050,0.0,0.0
2023-06-14 00:00:00-04:00,220.0,220.0,203.5,204.0,7452,0.0,0.0
2023-06-15 00:00:00-04:00,200.5,210.5,198.5500030517578,209.0,3828,0.0,0.0
2023-06-16 00:00:00-04:00,212.0,212.0,204.5,205.0,5048,0.0,0.0
2023-06-20 00:00:00-04:00,203.5,207.5,201.5,202.5,3172,0.0,0.0
2023-06-21 00:00:00-04:00,201.0,203.0,198.5,199.0,3466,0.0,0.0
2023-06-22 00:00:00-04:00,198.0,207.0,192.5,206.5,5966,0.0,0.0
2023-06-23 00:00:00-04:00,201.0,210.5,201.0,206.5,12954,0.0,0.0
2023-06-26 00:00:00-04:00,206.0,212.5,196.0,197.0,7206,0.0,0.0
2023-06-27 00:00:00-04:00,198.0,209.0,194.5,207.0,7948,0.0,0.0
2023-06-28 00:00:00-04:00,206.5,217.75,202.0,213.5,6010,0.0,0.0
2023-06-29 00:00:00-04:00,213.5,217.5,211.5,214.5,6892,0.0,0.0
2023-06-30 00:00:00-04:00,217.5,224.5,212.0,212.5,8892,0.0,0.0
2023-07-03 00:00:00-04:00,211.0,219.75,209.5,217.5,3394,0.0,0.0
2023-07-05 00:00:00-04:00,216.0,216.5,187.0,191.0,13232,0.0,0.0
2023-07-06 00:00:00-04:00,190.5,190.5,180.0,184.0,8076,0.0,0.0
2023-07-07 00:00:00-04:00,186.0,192.5,181.60000610351562,191.5,5826,0.0,0.0
2023-07-10 00:00:00-04:00,190.0,199.0,190.0,198.5,4338,0.0,0.0
2023-07-11 00:00:00-04:00,199.0,204.5,198.5,200.5,4584,0.0,0.0
2023-07-12 00:00:00-04:00,205.5,206.5,199.0,205.5,5422,0.0,0.0
2023-07-13 00:00:00-04:00,207.5,211.0,203.0,208.5,4468,0.0,0.0
2023-07-14 00:00:00-04:00,207.5,208.0,202.5,207.5,3318,0.0,0.0
2023-07-17 00:00:00-04:00,207.0,212.5,205.0,208.0,2334,0.0,0.0
2023-07-18 00:00:00-04:00,211.0,220.0,210.0,213.0,4896,0.0,0.0
2023-07-19 00:00:00-04:00,214.0,219.5,212.5,214.5,4504,0.0,0.0
2023-07-20 00:00:00-04:00,213.0,214.5,206.0500030517578,209.0,3132,0.0,0.0
2023-07-21 00:00:00-04:00,211.5,216.25,205.25,210.5,2664,0.0,0.0
2023-07-24 00:00:00-04:00,210.5,221.9499969482422,210.5,216.5,3658,0.0,0.0
2023-07-25 00:00:00-04:00,216.5,221.0,206.0,207.5,3730,0.0,0.0
2023-07-26 00:00:00-04:00,206.0,217.5,206.0,216.0,3708,0.0,0.0
2023-07-27 00:00:00-04:00,218.0,220.5,204.5,206.5,5190,0.0,0.0
2023-07-28 00:00:00-04:00,209.0,219.5,209.0,217.0,4974,0.0,0.0
2023-07-31 00:00:00-04:00,221.5,231.5,220.0,223.0,10576,0.0,0.0
2023-08-01 00:00:00-04:00,220.5,222.5,212.5,221.5,4916,0.0,0.0
2023-08-02 00:00:00-04:00,214.5,215.5,203.0,206.0,7994,0.0,0.0
2023-08-03 00:00:00-04:00,282.75,335.0,273.5,292.5,300422,0.0,0.0
2023-08-04 00:00:00-04:00,300.0,323.5,296.0,297.5,63168,0.0,0.0
2023-08-07 00:00:00-04:00,300.0,309.25,285.0,287.5,22980,0.0,0.0
2023-08-08 00:00:00-04:00,280.5,285.25,256.6499938964844,284.0,21836,0.0,0.0
2023-08-09 00:00:00-04:00,277.5,296.0,277.5,282.0,11734,0.0,0.0
2023-08-10 00:00:00-04:00,283.5,295.5,277.0,277.5,10016,0.0,0.0
2023-08-11 00:00:00-04:00,276.0,277.5,264.5,266.0,10068,0.0,0.0
2023-08-14 00:00:00-04:00,262.5,268.0,253.5,254.0,7292,0.0,0.0
2023-08-15 00:00:00-04:00,252.0,255.25,244.0,249.5,8068,0.0,0.0
2023-08-16 00:00:00-04:00,249.5,254.5,239.0,239.0,12002,0.0,0.0
2023-08-17 00:00:00-04:00,242.0,246.75,237.0,237.5,10248,0.0,0.0
2023-08-18 00:00:00-04:00,232.0,238.0,231.0,237.5,7602,0.0,0.0
2023-08-21 00:00:00-04:00,237.0,244.0,233.0,240.0,8426,0.0,0.0
2023-08-22 00:00:00-04:00,244.0,254.0,231.5,234.5,8540,0.0,0.0
2023-08-23 00:00:00-04:00,231.0,236.5,228.5,233.0,6066,0.0,0.0
2023-08-24 00:00:00-04:00,231.0,231.0,211.0,212.5,11928,0.0,0.0
2023-08-25 00:00:00-04:00,213.5,224.5,204.0,205.5,10580,0.0,0.0
2023-08-28 00:00:00-04:00,206.0,212.75,205.5,211.5,6260,0.0,0.0
2023-08-29 00:00:00-04:00,211.0,222.5,208.5,221.5,4942,0.0,0.0
2023-08-30 00:00:00-04:00,221.0,230.25,214.5,222.0,5262,0.0,0.0
2023-08-31 00:00:00-04:00,221.5,228.25,216.5,223.5,8792,0.0,0.0
2023-09-01 00:00:00-04:00,225.5,225.5,213.75,217.5,7290,0.0,0.0
2023-09-05 00:00:00-04:00,215.5,216.0,208.25,208.5,5052,0.0,0.0
2023-09-06 00:00:00-04:00,205.5,207.5,199.0,201.5,5422,0.0,0.0
2023-09-07 00:00:00-04:00,199.0,206.0,194.5,204.0,8710,0.0,0.0
2023-09-08 00:00:00-04:00,202.5,205.5,196.60000610351562,198.5,7526,0.0,0.0
2023-09-11 00:00:00-04:00,201.5,203.5,198.5,202.0,8380,0.0,0.0
2023-09-12 00:00:00-04:00,199.0,206.0,199.0,203.5,7230,0.0,0.0
2023-09-13 00:00:00-04:00,205.0,205.5,197.5,200.5,6808,0.0,0.0
2023-09-14 00:00:00-04:00,202.5,206.0,199.5,199.5,3738,0.0,0.0
2023-09-15 00:00:00-04:00,200.5,201.5,196.5,200.0,16018,0.0,0.0
2023-09-18 00:00:00-04:00,199.5,199.75,187.5,188.0,4046,0.0,0.0
2023-09-19 00:00:00-04:00,185.5,188.5,180.5,183.5,6254,0.0,0.0
2023-09-20 00:00:00-04:00,185.0,187.0,170.5,171.0,7402,0.0,0.0
2023-09-21 00:00:00-04:00,168.5,171.0,157.5,159.0,7218,0.0,0.0
2023-09-22 00:00:00-04:00,162.0,165.89999389648438,150.0,150.5,9642,0.0,0.0
2023-09-25 00:00:00-04:00,150.5,157.5,150.5,151.0,6924,0.0,0.0
2023-09-26 00:00:00-04:00,150.5,158.0,141.5,141.5,16082,0.0,0.0
2023-09-27 00:00:00-04:00,135.0,136.0,116.25,127.0,44734,0.0,0.0
2023-09-28 00:00:00-04:00,129.5,134.5,121.5,133.5,25416,0.0,0.0
2023-09-29 00:00:00-04:00,142.5,142.5,131.5,136.5,23210,0.0,0.0
2023-10-02 00:00:00-04:00,135.5,143.5,135.5,137.5,11212,0.0,0.0
2023-10-03 00:00:00-04:00,135.5,140.0,132.5,138.0,14208,0.0,0.0
2023-10-04 00:00:00-04:00,139.5,143.0,135.0,140.0,6630,0.0,0.0
2023-10-05 00:00:00-04:00,139.5,139.5,130.0,135.0,10062,0.0,0.0
2023-10-06 00:00:00-04:00,133.0,140.0,130.0,138.0,6462,0.0,0.0
2023-10-09 00:00:00-04:00,136.0,136.0,128.0,133.5,8406,0.0,0.0
2023-10-10 00:00:00-04:00,133.0,143.0,133.0,138.0,5604,0.0,0.0
2023-10-11 00:00:00-04:00,141.5,143.5,134.0,135.0,3398,0.0,0.0
2023-10-12 00:00:00-04:00,136.0,136.0,128.0,129.5,4796,0.0,0.0
2023-10-13 00:00:00-04:00,128.5,129.75,125.0,125.0,8602,0.0,0.0
2023-10-16 00:00:00-04:00,128.0,138.0,126.25,134.5,8140,0.0,0.0
2023-10-17 00:00:00-04:00,133.0,142.5,131.5,141.0,9640,0.0,0.0
2023-10-18 00:00:00-04:00,138.5,140.0,135.0,137.5,5406,0.0,0.0
2023-10-19 00:00:00-04:00,137.5,141.75,136.0,137.5,3744,0.0,0.0
2023-10-20 00:00:00-04:00,137.5,141.0,136.0,137.5,3810,0.0,0.0
2023-10-23 00:00:00-04:00,137.0,141.0,131.5,138.0,5536,0.0,0.0
2023-10-24 00:00:00-04:00,139.5,146.0,137.5,137.5,8502,0.0,0.0
2023-10-25 00:00:00-04:00,136.0,138.0,131.60000610351562,137.0,5266,0.0,0.0
2023-10-26 00:00:00-04:00,135.0,137.5,132.0,134.0,4294,0.0,0.0
2023-10-27 00:00:00-04:00,134.5,138.25,132.64999389648438,133.5,6646,0.0,0.0
2023-10-30 00:00:00-04:00,135.0,138.5,132.75,135.0,7408,0.0,0.0
2023-10-31 00:00:00-04:00,136.0,137.0,131.0,131.5,5784,0.0,0.0
2023-11-01 00:00:00-04:00,131.5,132.0,123.75,125.0,11196,0.0,0.0
2023-11-02 00:00:00-04:00,128.0,136.89999389648438,127.0,135.5,7292,0.0,0.0
2023-11-03 00:00:00-04:00,142.0,150.0,141.0,145.5,8036,0.0,0.0
2023-11-06 00:00:00-05:00,144.5,147.75,139.25,142.0,5034,0.0,0.0
2023-11-07 00:00:00-05:00,141.5,149.0,138.5,148.0,5084,0.0,0.0
2023-11-08 00:00:00-05:00,145.5,148.0,140.5,147.5,9324,0.0,0.0
2023-11-09 00:00:00-05:00,150.0,150.0,113.5,117.5,32244,0.0,0.0
2023-11-10 00:00:00-05:00,116.5,118.5,102.5,103.5,29078,0.0,0.0
2023-11-13 00:00:00-05:00,105.5,115.0,102.5,111.0,16526,0.0,0.0
2023-11-14 00:00:00-05:00,118.0,121.0,114.75,117.0,21960,0.0,0.0
2023-11-15 00:00:00-05:00,120.0,126.0,119.5,120.5,33898,0.0,0.0
2023-11-16 00:00:00-05:00,120.0,120.0,110.75,117.5,14774,0.0,0.0
2023-11-17 00:00:00-05:00,118.0,120.5,116.0,120.5,12628,0.0,0.0
2023-11-20 00:00:00-05:00,120.5,122.05000305175781,116.5,118.5,12652,0.0,0.0
2023-11-21 00:00:00-05:00,116.5,118.25,112.5,113.0,6690,0.0,0.0
2023-11-22 00:00:00-05:00,115.5,118.0,112.0,114.5,8074,0.0,0.0
2023-11-24 00:00:00-05:00,114.5,117.5,113.25,116.5,3832,0.0,0.0
2023-11-27 00:00:00-05:00,117.0,117.0,111.75,115.0,7284,0.0,0.0
2023-11-28 00:00:00-05:00,114.0,116.0,111.25,115.0,4746,0.0,0.0
2023-11-29 00:00:00-05:00,116.0,118.0,111.5,113.5,5802,0.0,0.0
2023-11-30 00:00:00-05:00,113.5,115.75,110.5,112.0,7822,0.0,0.0
2023-12-01 00:00:00-05:00,110.5,118.5,109.5,118.0,17442,0.0,0.0
2023-12-04 00:00:00-05:00,118.0,125.0,116.5,120.5,19962,0.0,0.0
2023-12-05 00:00:00-05:00,117.5,122.0,117.25,118.0,8406,0.0,0.0
2023-12-06 00:00:00-05:00,120.0,121.75,115.5,116.5,15396,0.0,0.0
2023-12-07 00:00:00-05:00,119.0,119.0,108.0,108.5,15604,0.0,0.0
2023-12-08 00:00:00-05:00,111.5,113.25,108.0,112.5,9816,0.0,0.0
2023-12-11 00:00:00-05:00,111.5,114.0,108.1500015258789,112.5,7744,0.0,0.0
2023-12-12 00:00:00-05:00,120.0,123.5,115.0,118.5,18824,0.0,0.0
2023-12-13 00:00:00-05:00,118.0,129.5,115.0,125.5,23442,0.0,0.0
2023-12-14 00:00:00-05:00,129.0,149.0,128.5,146.5,19584,0.0,0.0
2023-12-15 00:00:00-05:00,144.0,144.75,133.0,134.0,13520,0.0,0.0
2023-12-18 00:00:00-05:00,132.5,135.5,130.0,132.5,5596,0.0,0.0
2023-12-19 00:00:00-05:00,133.0,139.75,132.5,138.5,7038,0.0,0.0
2023-12-20 00:00:00-05:00,138.0,144.5,135.5,136.0,7628,0.0,0.0
2023-12-21 00:00:00-05:00,136.5,143.0,136.5,140.5,8570,0.0,0.0
2023-12-22 00:00:00-05:00,140.5,143.5,138.0,140.0,4152,0.0,0.0
2023-12-26 00:00:00-05:00,140.5,142.5,138.75,141.5,3308,0.0,0.0
2023-12-27 00:00:00-05:00,141.5,143.0,139.5,141.0,4620,0.0,0.0
2023-12-28 00:00:00-05:00,141.0,144.39999389648438,140.25,142.0,3940,0.0,0.0
2023-12-29 00:00:00-05:00,141.0,145.25,135.75,136.5,7006,0.0,0.0
2024-01-02 00:00:00-05:00,136.0,136.5,129.0,129.5,7044,0.0,0.0
2024-01-03 00:00:00-05:00,127.5,127.94999694824219,120.75,122.5,6348,0.0,0.0
2024-01-04 00:00:00-05:00,122.0,123.75,120.0,120.0,4244,0.0,0.0
2024-01-05 00:00:00-05:00,120.0,122.75,118.0,119.5,4158,0.0,0.0
2024-01-08 00:00:00-05:00,122.5,124.0,118.5,121.5,5248,0.0,0.0
2024-01-09 00:00:00-05:00,119.5,121.25,117.5,119.0,6384,0.0,0.0
2024-01-10 00:00:00-05:00,118.5,119.5,116.0,118.5,3966,0.0,0.0
2024-01-11 00:00:00-05:00,117.5,119.75,115.0,119.0,4418,0.0,0.0
2024-01-12 00:00:00-05:00,120.0,124.0,115.5,118.0,5572,0.0,0.0
2024-01-16 00:00:00-05:00,117.5,118.0,113.0,113.0,5490,0.0,0.0
2024-01-17 00:00:00-05:00,111.0,112.5,107.25,110.5,6814,0.0,0.0
2024-01-18 00:00:00-05:00,110.5,112.0,108.5,112.0,4054,0.0,0.0
2024-01-19 00:00:00-05:00,112.0,115.5,108.0999984741211,115.5,5472,0.0,0.0
2024-01-22 00:00:00-05:00,115.5,120.0,115.5,117.0,4702,0.0,0.0
2024-01-23 00:00:00-05:00,119.0,120.75,115.5,116.0,3342,0.0,0.0
2024-01-24 00:00:00-05:00,116.5,120.0,112.5,113.5,3328,0.0,0.0
2024-01-25 00:00:00-05:00,113.5,118.75,113.5,117.0,3646,0.0,0.0
2024-01-26 00:00:00-05:00,119.0,120.5,115.0,115.5,3126,0.0,0.0
2024-01-29 00:00:00-05:00,116.0,118.0,113.0,118.0,2602,0.0,0.0
2024-01-30 00:00:00-05:00,116.5,116.75,114.5,114.5,2526,0.0,0.0
2024-01-31 00:00:00-05:00,114.0,118.5,109.0,109.5,8286,0.0,0.0
2024-02-01 00:00:00-05:00,112.5,112.5,105.0,108.5,8606,0.0,0.0
2024-02-02 00:00:00-05:00,107.5,110.0,105.0,106.5,5638,0.0,0.0
2024-02-05 00:00:00-05:00,105.5,109.5,102.0,103.0,8612,0.0,0.0
2024-02-06 00:00:00-05:00,103.0,110.0,102.0,108.0,4360,0.0,0.0
2024-02-07 00:00:00-05:00,108.0,109.5,104.5,105.0,3650,0.0,0.0
2024-02-08 00:00:00-05:00,104.5,108.25,104.5,106.5,3952,0.0,0.0
2024-02-09 00:00:00-05:00,107.0,111.0,107.0,109.5,4292,0.0,0.0
2024-02-12 00:00:00-05:00,109.5,116.0,109.5,115.0,4822,0.0,0.0
2024-02-13 00:00:00-05:00,109.5,109.5,103.5,104.0,8176,0.0,0.0
2024-02-14 00:00:00-05:00,107.5,110.5,106.0,109.5,4436,0.0,0.0
2024-02-15 00:00:00-05:00,110.5,112.5,108.0,112.5,6330,0.0,0.0
2024-02-16 00:00:00-05:00,111.5,112.5,104.0,104.0,5752,0.0,0.0
2024-02-20 00:00:00-05:00,104.0,105.5,103.0,104.0,6754,0.0,0.0
2024-02-21 00:00:00-05:00,103.5,106.5,101.5,105.0,4912,0.0,0.0
2024-02-22 00:00:00-05:00,106.0,106.0,100.5,101.5,6710,0.0,0.0
2024-02-23 00:00:00-05:00,101.5,108.5,101.5,106.5,5624,0.0,0.0
2024-02-26 00:00:00-05:00,105.5,107.5,103.0,104.0,3164,0.0,0.0
2024-02-27 00:00:00-05:00,106.0,111.0,105.75,110.5,7280,0.0,0.0
2024-02-28 00:00:00-05:00,108.5,112.5,108.5,109.5,4362,0.0,0.0
2024-02-29 00:00:00-05:00,111.5,113.25,110.0,111.0,30800,0.0,0.0
2024-03-01 00:00:00-05:00,111.5,113.5,107.5,111.5,8466,0.0,0.0
2024-03-04 00:00:00-05:00,112.0,112.5,105.0,107.5,9268,0.0,0.0
2024-03-05 00:00:00-05:00,106.0,107.0,103.0,103.0,6698,0.0,0.0
2024-03-06 00:00:00-05:00,105.0,113.0,103.5,111.5,6654,0.0,0.0
2024-03-07 00:00:00-05:00,108.0,125.25,108.0,118.0,20904,0.0,0.0
2024-03-08 00:00:00-05:00,106.0,108.0,100.0,102.0,24712,0.0,0.0
2024-03-11 00:00:00-04:00,102.5,104.75,101.0,101.5,6514,0.0,0.0
2024-03-12 00:00:00-04:00,101.5,110.5,98.55000305175781,109.0,21590,0.0,0.0
2024-03-13 00:00:00-04:00,108.5,120.0,107.0,119.5,15192,0.0,0.0
2024-03-14 00:00:00-04:00,118.5,120.0,113.25,119.5,9326,0.0,0.0
2024-03-15 00:00:00-04:00,118.0,120.5,110.1500015258789,110.5,8738,0.0,0.0
2024-03-18 00:00:00-04:00,122.5,136.0,121.0,122.5,15202,0.0,0.0
2024-03-19 00:00:00-04:00,122.5,130.75,119.5,129.0,6712,0.0,0.0
2024-03-20 00:00:00-04:00,129.5,131.0,126.5,128.5,4540,0.0,0.0
2024-03-21 00:00:00-04:00,129.5,131.5500030517578,126.5,128.5,2740,0.0,0.0
2024-03-22 00:00:00-04:00,128.5,128.5,120.25,121.5,3300,0.0,0.0
2024-03-25 00:00:00-04:00,121.0,127.0,121.0,123.5,3352,0.0,0.0
2024-03-26 00:00:00-04:00,125.0,127.25,123.0,125.5,2456,0.0,0.0
2024-03-27 00:00:00-04:00,125.0,129.0,123.5,126.0,3608,0.0,0.0
2024-03-28 00:00:00-04:00,122.0,130.25,122.0,126.5,2892,0.0,0.0
2024-04-01 00:00:00-04:00,127.0,127.0,119.0,124.0,6444,0.0,0.0
2024-04-02 00:00:00-04:00,121.0,121.0,112.5,115.0,6596,0.0,0.0
2024-04-03 00:00:00-04:00,113.5,119.0,113.0,115.5,4770,0.0,0.0
2024-04-04 00:00:00-04:00,118.0,119.0,111.0,112.5,4562,0.0,0.0
2024-04-05 00:00:00-04:00,112.5,118.25,112.5,116.0,3246,0.0,0.0
2024-04-08 00:00:00-04:00,117.0,120.0,117.0,119.5,2314,0.0,0.0
2024-04-09 00:00:00-04:00,120.5,127.25,119.5,124.0,4150,0.0,0.0
2024-04-10 00:00:00-04:00,118.5,120.0,110.5,115.5,7180,0.0,0.0
2024-04-11 00:00:00-04:00,116.5,116.5,111.0,113.0,2384,0.0,0.0
2024-04-12 00:00:00-04:00,112.5,113.0,106.0,108.0,7824,0.0,0.0
2024-04-15 00:00:00-04:00,107.0,108.0,105.25,105.5,4272,0.0,0.0
2024-04-16 00:00:00-04:00,105.0,107.75,103.75,104.5,3098,0.0,0.0
2024-04-17 00:00:00-04:00,109.5,110.25,104.0,104.0,3092,0.0,0.0
2024-04-18 00:00:00-04:00,105.5,105.5,101.25,104.5,5286,0.0,0.0
2024-04-19 00:00:00-04:00,102.0,105.5,102.0,105.5,4878,0.0,0.0
2024-04-22 00:00:00-04:00,105.5,106.5,102.75,103.5,1976,0.0,0.0
2024-04-23 00:00:00-04:00,104.0,111.05000305175781,103.0,107.0,4992,0.0,0.0
2024-04-24 00:00:00-04:00,106.5,107.5,103.5,105.5,3172,0.0,0.0
2024-04-25 00:00:00-04:00,104.5,106.0,102.5,105.5,3462,0.0,0.0
2024-04-26 00:00:00-04:00,107.0,109.0,104.5,106.0,2486,0.0,0.0
2024-04-29 00:00:00-04:00,106.0,109.0,105.0,105.5,3806,0.0,0.0
2024-04-30 00:00:00-04:00,105.0,109.5,104.5,107.5,3910,0.0,0.0
2024-05-01 00:00:00-04:00,108.5,109.0,105.0,105.5,3056,0.0,0.0
2024-05-02 00:00:00-04:00,108.0,108.0,104.5,108.0,2892,0.0,0.0
2024-05-03 00:00:00-04:00,110.0,113.0,107.5,112.0,3866,0.0,0.0
2024-05-06 00:00:00-04:00,114.0,116.5,112.5,113.5,3028,0.0,0.0
2024-05-07 00:00:00-04:00,114.5,119.0,114.0999984741211,115.0,2556,0.0,0.0
2024-05-08 00:00:00-04:00,112.5,114.5,110.75,114.0,2436,0.0,0.0
2024-05-09 00:00:00-04:00,113.5,120.0,111.0,120.0,5764,0.0,0.0
2024-05-10 00:00:00-04:00,119.5,119.5,115.5,116.5,2160,0.0,0.0
2024-05-13 00:00:00-04:00,113.5,119.5,113.5,115.0,2526,0.0,0.0
2024-05-14 00:00:00-04:00,116.5,119.0,113.5,116.5,3898,0.0,0.0
2024-05-15 00:00:00-04:00,117.5,119.75,117.0,118.0,3928,0.0,0.0
2024-05-16 00:00:00-04:00,117.5,117.5,113.0,114.5,2608,0.0,0.0
2024-05-17 00:00:00-04:00,115.5,115.75,109.5,110.0,3314,0.0,0.0
2024-05-20 00:00:00-04:00,110.5,111.4000015258789,106.25,107.0,7130,0.0,0.0
2024-05-21 00:00:00-04:00,105.5,112.5,105.0,112.5,5194,0.0,0.0
2024-05-22 00:00:00-04:00,112.0,112.5,105.5,109.0,8540,0.0,0.0
2024-05-23 00:00:00-04:00,109.5,112.75,105.5,107.5,10124,0.0,0.0
2024-05-24 00:00:00-04:00,113.0,113.0,108.5,113.0,6240,0.0,0.0
2024-05-28 00:00:00-04:00,109.5,115.5,109.5,114.5,7448,0.0,0.0
2024-05-29 00:00:00-04:00,118.0,130.0,114.25,124.0,19826,0.0,0.0
2024-05-30 00:00:00-04:00,127.5,134.0,120.0,132.0,12750,0.0,0.0
2024-05-31 00:00:00-04:00,133.0,135.25,126.0,129.5,8862,0.0,0.0
2024-06-03 00:00:00-04:00,131.0,135.5,128.0,135.0,6428,0.0,0.0
2024-06-04 00:00:00-04:00,134.5,136.75,129.5,132.0,6610,0.0,0.0
2024-06-05 00:00:00-04:00,133.5,135.0,130.6999969482422,133.5,4108,0.0,0.0
2024-06-06 00:00:00-04:00,132.5,132.8000030517578,126.75,129.0,3882,0.0,0.0
2024-06-07 00:00:00-04:00,125.5,128.5,123.5,125.0,3652,0.0,0.0
2024-06-10 00:00:00-04:00,124.0,129.5,123.0,127.0,2976,0.0,0.0
2024-06-11 00:00:00-04:00,125.5,126.80000305175781,123.5,126.5,2438,0.0,0.0
2024-06-12 00:00:00-04:00,127.5,132.5,126.5,128.0,3550,0.0,0.0
2024-06-13 00:00:00-04:00,128.0,128.5,123.0,123.5,2398,0.0,0.0
2024-06-14 00:00:00-04:00,122.5,123.5,117.25,118.0,4952,0.0,0.0
2024-06-17 00:00:00-04:00,118.5,118.5,114.5,116.5,2294,0.0,0.0
2024-06-18 00:00:00-04:00,115.5,117.5,111.0,111.0,3394,0.0,0.0
2024-06-20 00:00:00-04:00,110.5,117.0,110.5,116.0,5010,0.0,0.0
2024-06-21 00:00:00-04:00,116.5,126.75,116.3499984741211,125.0,6718,0.0,0.0
2024-06-24 00:00:00-04:00,126.0,126.5,116.0,117.0,3310,0.0,0.0
2024-06-25 00:00:00-04:00,120.5,120.5,112.5,113.5,2402,0.0,0.0
2024-06-26 00:00:00-04:00,113.5,115.0,110.0,110.5,3596,0.0,0.0
2024-06-27 00:00:00-04:00,110.5,114.0,110.0,114.0,1772,0.0,0.0
2024-06-28 00:00:00-04:00,115.0,120.0,112.25,120.0,10474,0.0,0.0
2024-07-01 00:00:00-04:00,120.0,120.0,108.0,109.0,4720,0.0,0.0
2024-07-02 00:00:00-04:00,108.5,111.0,108.0,109.5,2688,0.0,0.0
2024-07-03 00:00:00-04:00,109.5,111.75,109.0,111.0,1090,0.0,0.0
2024-07-05 00:00:00-04:00,110.0,112.0,106.5,108.5,4562,0.0,0.0
2024-07-08 00:00:00-04:00,110.0,113.0,109.0999984741211,111.5,2784,0.0,0.0
2024-07-09 00:00:00-04:00,110.5,112.0,107.5,108.5,2900,0.0,0.0
2024-07-10 00:00:00-04:00,109.5,109.5,107.5,108.0,2368,0.0,0.0
2024-07-11 00:00:00-04:00,110.5,122.0,110.0,121.5,7302,0.0,0.0
2024-07-12 00:00:00-04:00,121.5,123.0,115.0,116.5,5502,0.0,0.0
2024-07-15 00:00:00-04:00,117.5,120.5,112.0,120.0,3626,0.0,0.0
2024-07-16 00:00:00-04:00,121.0,127.5,119.25,125.5,4370,0.0,0.0
2024-07-17 00:00:00-04:00,123.5,129.5,122.5,126.0,4944,0.0,0.0
2024-07-18 00:00:00-04:00,124.5,129.0,118.5,119.0,2102,0.0,0.0
2024-07-19 00:00:00-04:00,119.5,124.25,117.8499984741211,121.5,2740,0.0,0.0
2024-07-22 00:00:00-04:00,123.5,123.5,114.25,114.5,2902,0.0,0.0
2024-07-23 00:00:00-04:00,117.5,126.5,115.05000305175781,125.5,4572,0.0,0.0
2024-07-24 00:00:00-04:00,125.0,125.0,115.0,115.0,2634,0.0,0.0
2024-07-25 00:00:00-04:00,116.0,123.25,112.5,119.5,4270,0.0,0.0
2024-07-26 00:00:00-04:00,122.5,124.5,119.0,124.0,2338,0.0,0.0
2024-07-29 00:00:00-04:00,125.0,125.0,118.5,120.5,2254,0.0,0.0
2024-07-30 00:00:00-04:00,121.0,125.5,121.0,125.0,2342,0.0,0.0
2024-07-31 00:00:00-04:00,124.0,127.5,120.75,122.0,4564,0.0,0.0
2024-08-01 00:00:00-04:00,121.5,124.0,115.5999984741211,120.0,4736,0.0,0.0
2024-08-02 00:00:00-04:00,115.0,117.0,112.5,114.0,3810,0.0,0.0
2024-08-05 00:00:00-04:00,107.0,113.0,104.0,107.5,7392,0.0,0.0
2024-08-06 00:00:00-04:00,109.5,118.0,105.5,114.5,11192,0.0,0.0
2024-08-07 00:00:00-04:00,120.0,151.0,118.55000305175781,142.5,25850,0.0,0.0
2024-08-08 00:00:00-04:00,137.0,144.0,130.5,137.0,15814,0.0,0.0
2024-08-09 00:00:00-04:00,135.5,145.0,127.0,137.5,6896,0.0,0.0
2024-08-12 00:00:00-04:00,137.5,138.5,132.0,134.0,3674,0.0,0.0
2024-08-13 00:00:00-04:00,134.0,146.0,134.0,142.0,4572,0.0,0.0
2024-08-14 00:00:00-04:00,143.5,143.75,137.0,137.5,2956,0.0,0.0
2024-08-15 00:00:00-04:00,141.0,152.5,141.0,151.0,8110,0.0,0.0
2024-08-16 00:00:00-04:00,149.5,153.5,147.8000030517578,152.5,3650,0.0,0.0
2024-08-19 00:00:00-04:00,153.5,169.5,151.0,167.0,12374,0.0,0.0
2024-08-20 00:00:00-04:00,165.0,166.0,159.5,161.5,4518,0.0,0.0
2024-08-21 00:00:00-04:00,162.0,169.0,161.0500030517578,166.5,6102,0.0,0.0
2024-08-22 00:00:00-04:00,168.0,168.0,161.0,167.0,3936,0.0,0.0
2024-08-23 00:00:00-04:00,169.5,182.75,166.0,180.5,8912,0.0,0.0
2024-08-26 00:00:00-04:00,183.5,198.0,181.75,196.0,22788,0.0,0.0
2024-08-27 00:00:00-04:00,194.0,197.5,185.0,186.0,6144,0.0,0.0
2024-08-28 00:00:00-04:00,189.5,193.5,174.5,177.0,7054,0.0,0.0
2024-08-29 00:00:00-04:00,178.5,196.5,175.75,188.0,5350,0.0,0.0
2024-08-30 00:00:00-04:00,189.5,192.0,175.0,179.5,5154,0.0,0.0
2024-09-03 00:00:00-04:00,177.5,188.5,176.3000030517578,180.5,5176,0.0,0.0
2024-09-04 00:00:00-04:00,179.0,180.5,163.0,170.5,7156,0.0,0.0
2024-09-05 00:00:00-04:00,170.0,175.5,168.0,173.5,3354,0.0,0.0
2024-09-06 00:00:00-04:00,174.5,185.0,169.5,169.5,3958,0.0,0.0
2024-09-09 00:00:00-04:00,168.0,172.5,162.0,168.0,7132,0.0,0.0
2024-09-10 00:00:00-04:00,169.5,169.5,162.3000030517578,166.5,3230,0.0,0.0
2024-09-11 00:00:00-04:00,165.0,166.5,158.0,163.0,2992,0.0,0.0
2024-09-12 00:00:00-04:00,164.5,173.0,159.5,170.5,3342,0.0,0.0
2024-09-13 00:00:00-04:00,173.0,178.0,168.5500030517578,175.0,2888,0.0,0.0
2024-09-16 00:00:00-04:00,175.0,175.0,166.0,169.5,3786,0.0,0.0
2024-09-17 00:00:00-04:00,166.5,175.0,166.5,172.0,2926,0.0,0.0
2024-09-18 00:00:00-04:00,173.5,191.0,172.75,179.0,7034,0.0,0.0
2024-09-19 00:00:00-04:00,186.0,195.0,180.0,191.5,8198,0.0,0.0
2024-09-20 00:00:00-04:00,189.5,190.75,183.5500030517578,187.0,13428,0.0,0.0
2024-09-23 00:00:00-04:00,187.0,189.5,182.0,182.0,4952,0.0,0.0
2024-09-24 00:00:00-04:00,183.5,190.0,179.5,179.5,5674,0.0,0.0
2024-09-25 00:00:00-04:00,178.0,181.5,164.5,177.0,5028,0.0,0.0
2024-09-26 00:00:00-04:00,180.0,185.5,178.0,182.5,2912,0.0,0.0
2024-09-27 00:00:00-04:00,184.5,198.5,184.5,192.0,4638,0.0,0.0
2024-09-30 00:00:00-04:00,187.5,197.5,182.75,184.0,5044,0.0,0.0
2024-10-01 00:00:00-04:00,184.5,187.5,178.0,179.0,2370,0.0,0.0
2024-10-02 00:00:00-04:00,177.5,182.0,176.5,177.0,2570,0.0,0.0
2024-10-03 00:00:00-04:00,174.5,178.0,171.0,172.0,2398,0.0,0.0
2024-10-04 00:00:00-04:00,175.5,179.75,171.0500030517578,174.0,2738,0.0,0.0
2024-10-07 00:00:00-04:00,173.0,173.0,168.0,170.0,3108,0.0,0.0
2024-10-08 00:00:00-04:00,170.5,172.5,166.0,167.0,2630,0.0,0.0
2024-10-09 00:00:00-04:00,166.5,170.0,162.0,166.5,2162,0.0,0.0
2024-10-10 00:00:00-04:00,163.0,167.5,160.0,163.0,1818,0.0,0.0
2024-10-11 00:00:00-04:00,164.0,170.0,164.0,167.0,3190,0.0,0.0
2024-10-14 00:00:00-04:00,166.0,166.0,161.5,162.0,1374,0.0,0.0
2024-10-15 00:00:00-04:00,160.5,170.0,160.5,165.0,2978,0.0,0.0
2024-10-16 00:00:00-04:00,166.5,171.0,165.5,169.0,2268,0.0,0.0
2024-10-17 00:00:00-04:00,171.5,171.5,160.0,163.0,2690,0.0,0.0
2024-10-18 00:00:00-04:00,164.0,166.60000610351562,160.25,160.5,1082,0.0,0.0
2024-10-21 00:00:00-04:00,159.0,162.0,154.0,156.0,3436,0.0,0.0
2024-10-22 00:00:00-04:00,154.0,154.5,150.5,154.5,2524,0.0,0.0
2024-10-23 00:00:00-04:00,152.0,155.5,150.0,151.5,1466,0.0,0.0
2024-10-24 00:00:00-04:00,153.5,154.5,150.5,152.5,2148,0.0,0.0
2024-10-25 00:00:00-04:00,152.0,156.0,150.39999389648438,152.5,1468,0.0,0.0
2024-10-28 00:00:00-04:00,154.5,159.0,152.5,156.5,1394,0.0,0.0
2024-10-29 00:00:00-04:00,156.5,158.0,152.5,155.0,1580,0.0,0.0
2024-10-30 00:00:00-04:00,155.0,165.0,153.0,157.5,3344,0.0,0.0
2024-10-31 00:00:00-04:00,156.5,158.5,154.5,155.0,2502,0.0,0.0
2024-11-01 00:00:00-04:00,157.0,160.0,154.5,156.0,2486,0.0,0.0
2024-11-04 00:00:00-05:00,153.0,160.5,152.5,157.5,1520,0.0,0.0
2024-11-05 00:00:00-05:00,156.0,165.0,156.0,164.5,3318,0.0,0.0
2024-11-06 00:00:00-05:00,167.0,167.0,156.75,158.5,6268,0.0,0.0
2024-11-07 00:00:00-05:00,167.5,179.5,162.5,163.5,5450,0.0,0.0
2024-11-08 00:00:00-05:00,166.0,166.5,156.5,157.0,4616,0.0,0.0
2024-11-11 00:00:00-05:00,158.0,158.0,151.5,155.5,5228,0.0,0.0
2024-11-12 00:00:00-05:00,154.0,156.5,145.5,148.5,5892,0.0,0.0
2024-11-13 00:00:00-05:00,151.0,151.5,147.0,147.0,4876,0.0,0.0
2024-11-14 00:00:00-05:00,147.5,150.5,146.5,147.5,1882,0.0,0.0
2024-11-15 00:00:00-05:00,150.0,150.0,146.0,148.5,2214,0.0,0.0
2024-11-18 00:00:00-05:00,149.5,149.5,141.0,142.0,2920,0.0,0.0
2024-11-19 00:00:00-05:00,140.0,145.5,137.5,144.0,2708,0.0,0.0
2024-11-20 00:00:00-05:00,143.0,144.5,138.0,143.5,2044,0.0,0.0
2024-11-21 00:00:00-05:00,143.0,146.25,140.0,145.5,2392,0.0,0.0
2024-11-22 00:00:00-05:00,146.5,152.0,145.0,147.5,2938,0.0,0.0
2024-11-25 00:00:00-05:00,150.5,168.5,150.5,162.5,5248,0.0,0.0
2024-11-26 00:00:00-05:00,160.5,162.0,150.5,159.5,4982,0.0,0.0
2024-11-27 00:00:00-05:00,161.0,169.5,161.0,161.5,2634,0.0,0.0
2024-11-29 00:00:00-05:00,161.0,164.0,158.75,160.5,1034,0.0,0.0
2024-12-02 00:00:00-05:00,159.5,165.0,157.5,164.5,2484,0.0,0.0
2024-12-03 00:00:00-05:00,163.5,171.5,162.5,168.0,5298,0.0,0.0
2024-12-04 00:00:00-05:00,170.5,171.5,164.5,167.0,3958,0.0,0.0
2024-12-05 00:00:00-05:00,165.0,168.5,154.0,154.5,4072,0.0,0.0
2024-12-06 00:00:00-05:00,157.0,160.25,153.0,157.5,4068,0.0,0.0
2024-12-09 00:00:00-05:00,156.0,165.5,154.9499969482422,156.0,3864,0.0,0.0
2024-12-10 00:00:00-05:00,155.5,157.0,150.5,154.0,3206,0.0,0.0
2024-12-11 00:00:00-05:00,156.5,156.5,150.5,152.5,4862,0.0,0.0
2024-12-12 00:00:00-05:00,152.5,156.0,149.0,152.5,4116,0.0,0.0
2024-12-13 00:00:00-05:00,152.5,155.5,150.5,151.5,2356,0.0,0.0
2024-12-16 00:00:00-05:00,151.5,154.0,149.60000610351562,152.0,2338,0.0,0.0
2024-12-17 00:00:00-05:00,151.5,152.5,147.0,150.5,2384,0.0,0.0
2024-12-18 00:00:00-05:00,151.0,151.0,137.25,138.0,4866,0.0,0.0
2024-12-19 00:00:00-05:00,142.0,142.0,127.75,128.0,4246,0.0,0.0
2024-12-20 00:00:00-05:00,127.0,130.5,127.0,129.5,6870,0.0,0.0
2024-12-23 00:00:00-05:00,129.5,129.85000610351562,119.5,123.0,5450,0.0,0.0
2024-12-24 00:00:00-05:00,124.0,124.0,120.5,123.5,1650,0.0,0.0
2024-12-26 00:00:00-05:00,121.0,124.0,121.0,123.0,2000,0.0,0.0
2024-12-27 00:00:00-05:00,122.5,122.5,117.25,120.0,4846,0.0,0.0
2024-12-30 00:00:00-05:00,118.0,119.5,114.0,117.0,5252,0.0,0.0
2024-12-31 00:00:00-05:00,118.0,120.0,116.5,119.5,3770,0.0,0.0
2025-01-02 00:00:00-05:00,121.5,124.5,118.5,119.0,2102,0.0,0.0
2025-01-03 00:00:00-05:00,119.0,123.0,117.0,122.5,2876,0.0,0.0
2025-01-06 00:00:00-05:00,124.5,124.5,118.5,119.5,2404,0.0,0.0
2025-01-07 00:00:00-05:00,121.5,121.5,116.0,117.5,2500,0.0,0.0
2025-01-08 00:00:00-05:00,116.0,116.0,113.0,115.5,1826,0.0,0.0
2025-01-10 00:00:00-05:00,113.5,114.75,111.05000305175781,113.5,3352,0.0,0.0
2025-01-13 00:00:00-05:00,112.5,114.5,107.5,114.0,5094,0.0,0.0
2025-01-14 00:00:00-05:00,115.5,117.5,113.0,115.0,1846,0.0,0.0
2025-01-15 00:00:00-05:00,117.5,123.5,117.5,122.0,4046,0.0,0.0
2025-01-16 00:00:00-05:00,121.0,122.5,117.75,122.0,2156,0.0,0.0
2025-01-17 00:00:00-05:00,122.5,129.0,120.5,128.0,4322,0.0,0.0
2025-01-21 00:00:00-05:00,131.0,131.25,125.0,127.5,6692,0.0,0.0
2025-01-22 00:00:00-05:00,126.0,129.0,125.5,126.5,1980,0.0,0.0
2025-01-23 00:00:00-05:00,125.5,125.5,121.5,124.5,2200,0.0,0.0
2025-01-24 00:00:00-05:00,124.5,126.5,121.0,122.0,2070,0.0,0.0
2025-01-27 00:00:00-05:00,122.5,135.0,122.0,127.0,4798,0.0,0.0
2025-01-28 00:00:00-05:00,127.5,127.5,123.75,125.0,1614,0.0,0.0
2025-01-29 00:00:00-05:00,125.5,128.5,124.0,126.0,2286,0.0,0.0
2025-01-30 00:00:00-05:00,126.5,127.0,123.25,126.0,1524,0.0,0.0
2025-01-31 00:00:00-05:00,125.5,125.80000305175781,120.5,122.0,3656,0.0,0.0
2025-02-03 00:00:00-05:00,119.0,119.5,114.0,118.5,5936,0.0,0.0
2025-02-04 00:00:00-05:00,119.0,119.0,116.0,118.5,1966,0.0,0.0
2025-02-05 00:00:00-05:00,118.5,122.0,118.0,120.5,1812,0.0,0.0
2025-02-06 00:00:00-05:00,120.5,124.5,120.25,122.5,1268,0.0,0.0
2025-02-07 00:00:00-05:00,121.5,122.5,118.5,119.0,1888,0.0,0.0
2025-02-10 00:00:00-05:00,121.5,122.5,119.0,120.5,1784,0.0,0.0
2025-02-11 00:00:00-05:00,119.5,125.5,119.5,124.0,2186,0.0,0.0
2025-02-12 00:00:00-05:00,122.5,124.0,120.0,122.5,1620,0.0,0.0
2025-02-13 00:00:00-05:00,124.5,124.5,122.5,123.0,1250,0.0,0.0
2025-02-14 00:00:00-05:00,124.5,125.94999694824219,122.5,122.5,1274,0.0,0.0
2025-02-18 00:00:00-05:00,123.0,124.5,121.25,122.5,1352,0.0,0.0
2025-02-19 00:00:00-05:00,122.5,122.5,118.5,119.0,1058,0.0,0.0
2025-02-20 00:00:00-05:00,118.5,119.0,112.5,112.5,2666,0.0,0.0
2025-02-21 00:00:00-05:00,115.0,117.0,110.5,113.0,3986,0.0,0.0
2025-02-24 00:00:00-05:00,115.0,117.0,111.0,111.0,2398,0.0,0.0
2025-02-25 00:00:00-05:00,111.0,115.25,111.0,111.5,3940,0.0,0.0
2025-02-26 00:00:00-05:00,113.5,115.5,111.0,115.5,4794,0.0,0.0
2025-02-27 00:00:00-05:00,116.5,116.5,112.5,113.0,1630,0.0,0.0
2025-02-28 00:00:00-05:00,114.0,116.0,112.5,116.0,2636,0.0,0.0
2025-03-03 00:00:00-05:00,116.0,121.0,113.0,113.5,3870,0.0,0.0
2025-03-04 00:00:00-05:00,112.0,116.0,110.55000305175781,113.5,2438,0.0,0.0
2025-03-05 00:00:00-05:00,114.5,115.0,111.25,112.0,2274,0.0,0.0
2025-03-06 00:00:00-05:00,112.5,114.5,107.5,108.0,6214,0.0,0.0
2025-03-07 00:00:00-05:00,101.5,110.0,91.0,109.0,12100,0.0,0.0
2025-03-10 00:00:00-04:00,105.5,106.25,94.0,94.5,6358,0.0,0.0
2025-03-11 00:00:00-04:00,95.0,97.75,91.0,91.0,4936,0.0,0.0
2025-03-12 00:00:00-04:00,93.0,93.0,85.5,91.0,6906,0.0,0.0
2025-03-13 00:00:00-04:00,92.0,92.0,86.5,88.5,3188,0.0,0.0
2025-03-14 00:00:00-04:00,86.5,90.0,86.05000305175781,89.0,4132,0.0,0.0
2025-03-17 00:00:00-04:00,90.0,91.75,87.5,90.0,3990,0.0,0.0
2025-03-18 00:00:00-04:00,90.5,90.5,81.5,84.0,6796,0.0,0.0
2025-03-19 00:00:00-04:00,84.5,88.25,83.0,87.5,2778,0.0,0.0
2025-03-20 00:00:00-04:00,87.5,94.5,85.0,88.0,3880,0.0,0.0
2025-03-21 00:00:00-04:00,87.5,91.0,85.5,89.0,6068,0.0,0.0
2025-03-24 00:00:00-04:00,91.5,91.5,87.5,89.0,2688,0.0,0.0
2025-03-25 00:00:00-04:00,88.0,91.5,85.0,87.0,4550,0.0,0.0
2025-03-26 00:00:00-04:00,88.0,89.0,85.5,85.5,2034,0.0,0.0
2025-03-27 00:00:00-04:00,86.5,87.5,82.5,84.0,3816,0.0,0.0
2025-03-28 00:00:00-04:00,84.5,86.0,82.0,84.5,2600,0.0,0.0
2025-03-31 00:00:00-04:00,84.5,86.0,81.5,84.0,3268,0.0,0.0
2025-04-01 00:00:00-04:00,83.0,85.0,80.5,82.5,2226,0.0,0.0
2025-04-02 00:00:00-04:00,82.0,84.5,80.5,84.5,2004,0.0,0.0
2025-04-03 00:00:00-04:00,81.5,83.5,75.0,76.0,4406,0.0,0.0
2025-04-04 00:00:00-04:00,75.5,76.25,72.19999694824219,74.5,5824,0.0,0.0
2025-04-07 00:00:00-04:00,71.0,78.5,68.69999694824219,75.5,5272,0.0,0.0
2025-04-08 00:00:00-04:00,80.0,81.0,67.0,70.0,4510,0.0,0.0
2025-04-09 00:00:00-04:00,70.0,80.5,66.25,75.5,5368,0.0,0.0
2025-04-10 00:00:00-04:00,72.0,73.94999694824219,66.5,69.5,2960,0.0,0.0
2025-04-11 00:00:00-04:00,68.5,72.3499984741211,66.0,70.5,2702,0.0,0.0
2025-04-14 00:00:00-04:00,70.5,73.75,69.0,72.5,2524,0.0,0.0
2025-04-15 00:00:00-04:00,71.5,72.5,68.0,70.5,3166,0.0,0.0
2025-04-16 00:00:00-04:00,70.5,76.75,70.5,74.5,6288,0.0,0.0
2025-04-17 00:00:00-04:00,74.5,76.5,72.55000305175781,74.0,3368,0.0,0.0
2025-04-21 00:00:00-04:00,74.0,74.5,70.0,72.5,3516,0.0,0.0
2025-04-22 00:00:00-04:00,74.0,75.1500015258789,71.5,74.5,2020,0.0,0.0
2025-04-23 00:00:00-04:00,79.5,79.5,74.0,75.0,3134,0.0,0.0
2025-04-24 00:00:00-04:00,76.0,76.0,73.0,74.5,3072,0.0,0.0
2025-04-25 00:00:00-04:00,75.5,75.5,72.0,74.0,2086,0.0,0.0
2025-04-28 00:00:00-04:00,74.0,74.0,71.0,73.5,2268,0.0,0.0
2025-04-29 00:00:00-04:00,72.5,74.25,72.0,73.5,2176,0.0,0.0
2025-04-30 00:00:00-04:00,72.5,74.25,69.75,73.0,2762,0.0,0.0
2025-05-01 00:00:00-04:00,74.0,75.5,70.0,74.0,2688,0.0,0.0
2025-05-02 00:00:00-04:00,72.5,73.5,66.5,73.0,11196,0.0,0.0
2025-05-05 00:00:00-04:00,73.0,73.0,70.0,72.0,2738,0.0,0.0
2025-05-06 00:00:00-04:00,70.5,71.0,64.5,67.5,11298,0.0,0.0
2025-05-07 00:00:00-04:00,67.5,67.5,66.0,66.5,3710,0.0,0.0
2025-05-08 00:00:00-04:00,66.5,69.5,64.0,69.5,6318,0.0,0.0
2025-05-09 00:00:00-04:00,70.0,71.5,68.30000305175781,69.5,4068,0.0,0.0
2025-05-12 00:00:00-04:00,73.0,82.25,72.0,78.5,14114,0.0,0.0
2025-05-13 00:00:00-04:00,79.5,82.5,75.0,81.5,6626,0.0,0.0
2025-05-14 00:00:00-04:00,80.5,82.0,74.5,75.5,3802,0.0,0.0
2025-05-15 00:00:00-04:00,75.5,75.5,73.0,74.0,2828,0.0,0.0
2025-05-16 00:00:00-04:00,74.0,78.25,73.0,77.5,3210,0.0,0.0
2025-05-19 00:00:00-04:00,75.0,75.75,69.75,71.5,6400,0.0,0.0
2025-05-20 00:00:00-04:00,70.5,74.5,69.5,73.0,5264,0.0,0.0
2025-05-21 00:00:00-04:00,71.5,72.5,67.75,69.0,4746,0.0,0.0
2025-05-22 00:00:00-04:00,68.0,70.0,65.0,67.0,5382,0.0,0.0
2025-05-23 00:00:00-04:00,66.5,67.5,65.0,65.0,7722,0.0,0.0
2025-05-27 00:00:00-04:00,68.0,69.0,65.5,66.5,7976,0.0,0.0
2025-05-28 00:00:00-04:00,67.0,69.75,67.0,67.5,5074,0.0,0.0
2025-05-29 00:00:00-04:00,68.0,76.0,67.5,72.5,11354,0.0,0.0
2025-05-30 00:00:00-04:00,72.5,75.75,68.5,69.0,5988,0.0,0.0
2025-06-02 00:00:00-04:00,69.5,71.0999984741211,66.0,66.5,5434,0.0,0.0
2025-06-03 00:00:00-04:00,67.0,69.94999694824219,64.5,66.0,8532,0.0,0.0
2025-06-04 00:00:00-04:00,67.0,68.5,65.5,67.0,10622,0.0,0.0
2025-06-05 00:00:00-04:00,68.0,70.5,66.0,67.5,10002,0.0,0.0
2025-06-06 00:00:00-04:00,69.0,76.75,68.5,73.5,15974,0.0,0.0
2025-06-09 00:00:00-04:00,79.0,110.5,75.5,93.0,147604,0.0,0.0
2025-06-10 00:00:00-04:00,92.5,99.5,91.0,92.5,23454,0.0,0.0
2025-06-11 00:00:00-04:00,94.5,95.0,87.0,87.0,11912,0.0,0.0
2025-06-12 00:00:00-04:00,87.0,94.5,85.5,94.0,8812,0.0,0.0
2025-06-13 00:00:00-04:00,94.0,99.0,90.0,90.0,9890,0.0,0.0
2025-06-16 00:00:00-04:00,92.0,101.75,89.1500015258789,101.5,13718,0.0,0.0
2025-06-17 00:00:00-04:00,100.0,101.80000305175781,93.5,94.0,9432,0.0,0.0
2025-06-18 00:00:00-04:00,93.5,96.0,92.0,93.5,4980,0.0,0.0
2025-06-20 00:00:00-04:00,95.0,95.0,89.75,90.0,7024,0.0,0.0
2025-06-23 00:00:00-04:00,89.0,91.5,86.0,90.0,6332,0.0,0.0
2025-06-24 00:00:00-04:00,90.5,94.0,88.75,92.0,4182,0.0,0.0
2025-06-25 00:00:00-04:00,92.5,92.5,87.0,87.0,4084,0.0,0.0
2025-06-26 00:00:00-04:00,87.0,89.3499984741211,86.0,88.0,2510,0.0,0.0
2025-06-27 00:00:00-04:00,88.0,89.0,84.5,84.5,9850,0.0,0.0
2025-06-30 00:00:00-04:00,84.5,86.0,83.5,85.5,4056,0.0,0.0
2025-07-01 00:00:00-04:00,85.0,91.0,84.05000305175781,87.5,2686,0.0,0.0
2025-07-02 00:00:00-04:00,87.5,94.25,87.0,93.0,6568,0.0,0.0
2025-07-03 00:00:00-04:00,94.5,96.5,92.0,93.0,2346,0.0,0.0
2025-07-07 00:00:00-04:00,93.0,95.75,90.5,93.5,12356,0.0,0.0
2025-07-08 00:00:00-04:00,94.0,99.0,93.5999984741211,97.5,6050,0.0,0.0
2025-07-09 00:00:00-04:00,97.5,97.5,92.5,97.0,3276,0.0,0.0
2025-07-10 00:00:00-04:00,97.0,100.5,97.0,100.0,4704,0.0,0.0
2025-07-11 00:00:00-04:00,99.5,102.5,94.5,97.0,10512,0.0,0.0
2025-07-14 00:00:00-04:00,97.0,104.0,97.0,101.0,6520,0.0,0.0
2025-07-15 00:00:00-04:00,101.0,103.5,99.5,100.0,7546,0.0,0.0
2025-07-16 00:00:00-04:00,101.0,101.5,95.5,97.5,9120,0.0,0.0
2025-07-17 00:00:00-04:00,97.5,101.75,96.8499984741211,98.0,5040,0.0,0.0
2025-07-18 00:00:00-04:00,99.5,100.0,94.0,94.0,2750,0.0,0.0
2025-07-21 00:00:00-04:00,95.0,97.0,94.5,95.0,2016,0.0,0.0
2025-07-22 00:00:00-04:00,94.5,100.0,94.5,99.0,5050,0.0,0.0
2025-07-23 00:00:00-04:00,99.5,102.5,98.75,100.5,3708,0.0,0.0
2025-07-24 00:00:00-04:00,100.0,100.55000305175781,97.5,97.5,2570,0.0,0.0
2025-07-25 00:00:00-04:00,98.5,98.5,91.0,91.5,3940,0.0,0.0
2025-07-28 00:00:00-04:00,92.5,93.0,87.0,89.0,6890,0.0,0.0
2025-07-29 00:00:00-04:00,89.5,92.0,89.0,90.0,5658,0.0,0.0
2025-07-30 00:00:00-04:00,89.0,89.94999694824219,80.75,83.0,7508,0.0,0.0
2025-07-31 00:00:00-04:00,81.0,84.0,80.0,81.0,4682,0.0,0.0
2025-08-01 00:00:00-04:00,80.0,80.75,75.75,77.0,6898,0.0,0.0
2025-08-04 00:00:00-04:00,78.5,81.0,77.5,80.0,4362,0.0,0.0
2025-08-05 00:00:00-04:00,80.0,83.0,80.0,82.5,2272,0.0,0.0
2025-08-06 00:00:00-04:00,82.5,87.9000015258789,82.5,85.0,6998,0.0,0.0
2025-08-07 00:00:00-04:00,69.5,74.5,68.5,70.0,11376,0.0,0.0
2025-08-08 00:00:00-04:00,71.5,71.5,67.5,70.5,6618,0.0,0.0
2025-08-11 00:00:00-04:00,69.5,70.3499984741211,66.75,67.5,5682,0.0,0.0
2025-08-12 00:00:00-04:00,69.0,70.0,68.0,69.0,4580,0.0,0.0
2025-08-13 00:00:00-04:00,67.5,70.0,67.5,68.0,7126,0.0,0.0
2025-08-14 00:00:00-04:00,67.5,67.5,64.5,65.0,7078,0.0,0.0
2025-08-15 00:00:00-04:00,65.5,67.25,64.25,66.0,9960,0.0,0.0
2025-08-18 00:00:00-04:00,67.0,69.0,65.5,68.0,9640,0.0,0.0
2025-08-19 00:00:00-04:00,68.5,69.0,66.0,66.0,4686,0.0,0.0
2025-08-20 00:00:00-04:00,66.5,66.5,63.5,64.0,4602,0.0,0.0
2025-08-21 00:00:00-04:00,64.5,65.44999694824219,62.0,63.5,8104,0.0,0.0
2025-08-22 00:00:00-04:00,63.5,66.5,63.5,66.5,10450,0.0,0.0
2025-08-25 00:00:00-04:00,66.5,67.0,63.75,64.0,3714,0.0,0.0
2025-08-26 00:00:00-04:00,64.5,65.25,63.0,63.0,6010,0.0,0.0
2025-08-27 00:00:00-04:00,63.5,64.5,63.0,63.0,5826,0.0,0.0
2025-08-28 00:00:00-04:00,63.0,64.0,62.0,62.5,7172,0.0,0.0
2025-08-29 00:00:00-04:00,63.0,65.0,62.25,63.0,10108,0.0,0.0
2025-09-02 00:00:00-04:00,62.5,65.5,62.0,62.5,9108,0.0,0.0
2025-09-03 00:00:00-04:00,62.0,64.0,62.0,62.5,8444,0.0,0.0
2025-09-04 00:00:00-04:00,62.5,71.0,61.75,70.0,88846,0.0,0.0
2025-09-05 00:00:00-04:00,71.0,75.0,68.5,73.5,16220,0.0,0.0
2025-09-08 00:00:00-04:00,73.0,75.0,67.5,72.5,6792,0.0,0.0
2025-09-09 00:00:00-04:00,71.5,71.5,68.0,69.0,4096,0.0,0.0
2025-09-10 00:00:00-04:00,69.5,70.44999694824219,60.0,65.5,23074,0.0,0.0
2025-09-11 00:00:00-04:00,63.5,69.0,63.0,69.0,5620,0.0,0.0
2025-09-12 00:00:00-04:00,69.0,69.0,64.25,65.0,5568,0.0,0.0
2025-09-15 00:00:00-04:00,65.0,67.5,64.0,66.5,5206,0.0,0.0
2025-09-16 00:00:00-04:00,66.5,69.0,65.0,67.5,4924,0.0,0.0
2025-09-17 00:00:00-04:00,68.5,69.0,63.5,64.5,7286,0.0,0.0
2025-09-18 00:00:00-04:00,65.0,69.0,64.5,67.5,6828,0.0,0.0
2025-09-19 00:00:00-04:00,67.5,67.55000305175781,64.5,65.0,11054,0.0,0.0
2025-09-22 00:00:00-04:00,65.5,66.0,61.5,63.0,5950,0.0,0.0
2025-09-23 00:00:00-04:00,64.0,68.0,64.0,65.0,9678,0.0,0.0
2025-09-24 00:00:00-04:00,65.0,65.0,63.0,63.5,3654,0.0,0.0
2025-09-25 00:00:00-04:00,63.0,65.0,63.0,63.0,4284,0.0,0.0
2025-09-26 00:00:00-04:00,63.0,64.0,62.5,63.0,5498,0.0,0.0
2025-09-29 00:00:00-04:00,63.5,63.5,61.5,61.5,4822,0.0,0.0
2025-09-30 00:00:00-04:00,61.5,62.0,59.5,61.0,5016,0.0,0.0
2025-10-01 00:00:00-04:00,60.0,62.0,60.0,60.5,5140,0.0,0.0
2025-10-02 00:00:00-04:00,60.0,61.25,59.5,60.5,4212,0.0,0.0
2025-10-03 00:00:00-04:00,60.5,63.25,59.5,60.0,4254,0.0,0.0
2025-10-06 00:00:00-04:00,60.0,60.5,57.5,57.5,12752,0.0,0.0
2025-10-07 00:00:00-04:00,58.5,58.5,53.0,53.5,10964,0.0,0.0
2025-10-08 00:00:00-04:00,53.5,55.0,53.0,54.5,7890,0.0,0.0
2025-10-09 00:00:00-04:00,54.0,55.20000076293945,53.5,53.5,2754,0.0,0.0
2025-10-10 00:00:00-04:00,54.0,54.25,49.099998474121094,49.5,11282,0.0,0.0
2025-10-13 00:00:00-04:00,50.5,53.75,49.5,53.5,6762,0.0,0.0
2025-10-14 00:00:00-04:00,51.5,53.0,51.5,52.0,4214,0.0,0.0
2025-10-15 00:00:00-04:00,53.5,57.650001525878906,53.5,55.0,8702,0.0,0.0
2025-10-16 00:00:00-04:00,56.0,57.25,53.0,53.0,2972,0.0,0.0
2025-10-17 00:00:00-04:00,53.0,54.0,50.0,50.5,2948,0.0,0.0
2025-10-20 00:00:00-04:00,51.0,52.0,50.0,50.5,2890,0.0,0.0
2025-10-21 00:00:00-04:00,50.5,54.0,50.0,53.0,5884,0.0,0.0
2025-10-22 00:00:00-04:00,53.0,54.0,51.0,52.0,5648,0.0,0.0
2025-10-23 00:00:00-04:00,51.5,52.0,50.75,51.0,2200,0.0,0.0
2025-10-24 00:00:00-04:00,52.0,53.0,51.0,52.5,3762,0.0,0.0
2025-10-27 00:00:00-04:00,54.0,54.0,50.5,50.5,5360,0.0,0.0
2025-10-28 00:00:00-04:00,50.5,50.95000076293945,49.25,49.5,4916,0.0,0.0
2025-10-29 00:00:00-04:00,49.5,50.0,48.0,48.04999923706055,7762,0.0,0.0
2025-10-30 00:00:00-04:00,49.0,49.25,45.5,45.54999923706055,5760,0.0,0.0
2025-10-31 00:00:00-04:00,48.0,48.0,45.5,46.0,7704,0.0,0.0
2025-11-03 00:00:00-05:00,45.5,47.0,44.599998474121094,45.5,12236,0.0,0.0
2025-11-04 00:00:00-05:00,45.5,46.0,44.5,45.29999923706055,3684,0.0,0.0
2025-11-05 00:00:00-05:00,46.0,50.5,45.04999923706055,50.5,10134,0.0,0.0
2025-11-06 00:00:00-05:00,52.0,52.0,43.0,43.099998474121094,15856,0.0,0.0
2025-11-07 00:00:00-05:00,42.0,43.099998474121094,38.29999923706055,40.5,27766,0.0,0.0
2025-11-10 00:00:00-05:00,42.45000076293945,45.70000076293945,39.5,45.45000076293945,13796,0.0,0.0
2025-11-11 00:00:00-05:00,50.0,50.0,45.0,49.5,10880,0.0,0.0
2025-11-12 00:00:00-05:00,50.0,50.5,47.04999923706055,47.400001525878906,3902,0.0,0.0
2025-11-13 00:00:00-05:00,46.5,47.5,45.349998474121094,46.650001525878906,4864,0.0,0.0
2025-11-14 00:00:00-05:00,46.45000076293945,47.5,44.150001525878906,45.400001525878906,4812,0.0,0.0
2025-11-17 00:00:00-05:00,43.5,45.0,40.5,40.599998474121094,4462,0.0,0.0
2025-11-18 00:00:00-05:00,41.5,42.20000076293945,40.0,40.70000076293945,4640,0.0,0.0
2025-11-19 00:00:00-05:00,40.75,41.75,39.5,39.54999923706055,3550,0.0,0.0
2025-11-20 00:00:00-05:00,40.650001525878906,41.45000076293945,37.79999923706055,38.20000076293945,3966,0.0,0.0
2025-11-21 00:00:00-05:00,37.599998474121094,40.45000076293945,37.599998474121094,39.0,5960,0.0,0.0
2025-11-24 00:00:00-05:00,40.0,40.5,38.900001525878906,39.29999923706055,4408,0.0,0.0
2025-11-25 00:00:00-05:00,39.0,40.0,38.5,38.79999923706055,5110,0.0,0.0
2025-11-26 00:00:00-05:00,38.79999923706055,42.0,38.79999923706055,41.0,7988,0.0,0.0
2025-11-28 00:00:00-05:00,42.0,53.0,41.0,45.54999923706055,72804,0.0,0.0
2025-12-01 00:00:00-05:00,49.5,52.0,39.95000076293945,43.04999923706055,41096,0.0,0.0
2025-12-02 00:00:00-05:00,41.0,41.5,39.0,40.45000076293945,13050,0.0,0.0
2025-12-03 00:00:00-05:00,40.95000076293945,41.95000076293945,39.75,41.95000076293945,9780,0.0,0.0
2025-12-04 00:00:00-05:00,42.0,42.20000076293945,39.849998474121094,41.04999923706055,8212,0.0,0.0
2025-12-05 00:00:00-05:00,40.75,41.849998474121094,39.599998474121094,39.849998474121094,5968,0.0,0.0
2025-12-08 00:00:00-05:00,40.849998474121094,40.849998474121094,35.75,35.79999923706055,21158,0.0,0.0
2025-12-09 00:00:00-05:00,35.75,46.5,35.75,46.099998474121094,42856,0.0,0.0
2025-12-10 00:00:00-05:00,45.150001525878906,55.5,43.95000076293945,52.5,51040,0.0,0.0
2025-12-11 00:00:00-05:00,55.5,56.5,51.0,56.0,19244,0.0,0.0
2025-12-12 00:00:00-05:00,57.0,57.75,53.0,55.5,9872,0.0,0.0
2025-12-15 00:00:00-05:00,55.5,57.70000076293945,51.0,51.0,8710,0.0,0.0
2025-12-16 00:00:00-05:00,52.0,56.0,50.0,54.0,9904,0.0,0.0
2025-12-17 00:00:00-05:00,54.5,55.79999923706055,51.0,51.0,11652,0.0,0.0
2025-12-18 00:00:00-05:00,52.5,55.75,52.0,53.5,6534,0.0,0.0
2025-12-19 00:00:00-05:00,52.5,54.5,51.5,51.5,13140,0.0,0.0
2025-12-22 00:00:00-05:00,52.5,52.5,50.5,51.5,8754,0.0,0.0
2025-12-23 00:00:00-05:00,53.0,53.5,50.0,53.0,7786,0.0,0.0
2025-12-24 00:00:00-05:00,53.0,54.5,51.0,53.0,7188,0.0,0.0
2025-12-26 00:00:00-05:00,52.0,54.5,51.5,52.5,7806,0.0,0.0
2025-12-29 00:00:00-05:00,51.5,53.0,50.5,51.0,6436,0.0,0.0
2025-12-30 00:00:00-05:00,51.0,53.0,51.0,52.0,6730,0.0,0.0
2025-12-31 00:00:00-05:00,51.0,54.25,50.5,54.0,22654,0.0,0.0
2026-01-02 00:00:00-05:00,54.5,59.0,52.75,53.0,10698,0.0,0.0
2026-01-05 00:00:00-05:00,53.0,54.0,51.0,51.0,6802,0.0,0.0
2026-01-06 00:00:00-05:00,50.5,50.75,45.70000076293945,46.0,11982,0.0,0.0
2026-01-07 00:00:00-05:00,46.0,46.95000076293945,44.04999923706055,44.70000076293945,7112,0.0,0.0
2026-01-08 00:00:00-05:00,44.95000076293945,45.79999923706055,42.5,44.29999923706055,6792,0.0,0.0
2026-01-09 00:00:00-05:00,44.0,48.95000076293945,44.0,48.5,7010,0.0,0.0
2026-01-12 00:00:00-05:00,48.04999923706055,50.75,47.599998474121094,50.0,5864,0.0,0.0
2026-01-13 00:00:00-05:00,49.5,50.5,46.900001525878906,49.5,8792,0.0,0.0
2026-01-14 00:00:00-05:00,49.0,51.25,49.0,50.5,3286,0.0,0.0
2026-01-15 00:00:00-05:00,50.5,53.5,50.0,53.0,5834,0.0,0.0
2026-01-16 00:00:00-05:00,52.5,57.0,52.5,55.5,6378,0.0,0.0
2026-01-20 00:00:00-05:00,53.0,53.5,51.25,51.5,4854,0.0,0.0
2026-01-21 00:00:00-05:00,52.0,54.0,51.0,54.0,6086,0.0,0.0
2026-01-22 00:00:00-05:00,54.5,58.5,52.0,57.0,6988,0.0,0.0
2026-01-23 00:00:00-05:00,58.0,58.5,56.0,58.0,4744,0.0,0.0
2026-01-26 00:00:00-05:00,58.0,58.0,53.0,54.0,6436,0.0,0.0
2026-01-27 00:00:00-05:00,54.0,54.5,51.5,53.5,4334,0.0,0.0
2026-01-28 00:00:00-05:00,53.0,53.75,51.5,53.0,3358,0.0,0.0
2026-01-29 00:00:00-05:00,52.5,53.5,51.5,53.5,3012,0.0,0.0
2026-01-30 00:00:00-05:00,53.0,55.75,51.0,55.0,4946,0.0,0.0
2026-02-02 00:00:00-05:00,55.0,56.5,53.5,55.0,3976,0.0,0.0
2026-02-03 00:00:00-05:00,54.5,55.5,52.5,54.0,3484,0.0,0.0
2026-02-04 00:00:00-05:00,54.5,54.5,51.75,54.0,3994,0.0,0.0
2026-02-05 00:00:00-05:00,53.5,53.5,48.75,49.45000076293945,6986,0.0,0.0
2026-02-06 00:00:00-05:00,50.0,52.0,48.5,48.5,5980,0.0,0.0
2026-02-09 00:00:00-05:00,48.400001525878906,48.400001525878906,40.849998474121094,42.650001525878906,9248,0.0,0.0
2026-02-10 00:00:00-05:00,42.5,43.599998474121094,36.95000076293945,38.349998474121094,10826,0.0,0.0
2026-02-11 00:00:00-05:00,38.5,42.54999923706055,38.5,42.5,17032,0.0,0.0
2026-02-12 00:00:00-05:00,41.29999923706055,42.75,41.20000076293945,42.70000076293945,6928,0.0,0.0
2026-02-13 00:00:00-05:00,42.04999923706055,46.599998474121094,42.0,44.54999923706055,3216,0.0,0.0
2026-02-17 00:00:00-05:00,43.75,46.400001525878906,42.25,43.0,2946,0.0,0.0
2026-02-18 00:00:00-05:00,42.95000076293945,44.099998474121094,42.75,43.5,2570,0.0,0.0
2026-02-19 00:00:00-05:00,43.0,43.75,41.5,42.54999923706055,2436,0.0,0.0
2026-02-20 00:00:00-05:00,43.150001525878906,45.70000076293945,41.349998474121094,45.0,3716,0.0,0.0
2026-02-23 00:00:00-05:00,45.25,45.5,41.0,41.0,5308,0.0,0.0
2026-02-24 00:00:00-05:00,42.0,43.0,41.45000076293945,42.599998474121094,5830,0.0,0.0
2026-02-25 00:00:00-05:00,42.0,43.849998474121094,42.0,42.5,2542,0.0,0.0
2026-02-26 00:00:00-05:00,43.5,44.400001525878906,42.0,42.849998474121094,1626,0.0,0.0
2026-02-27 00:00:00-05:00,43.0,43.5,41.5,43.0,3538,0.0,0.0
2026-03-02 00:00:00-05:00,42.79999923706055,43.29999923706055,41.0,41.400001525878906,3684,0.0,0.0
2026-03-03 00:00:00-05:00,40.0,43.0,40.0,41.900001525878906,6822,0.0,0.0
2026-03-04 00:00:00-05:00,41.849998474121094,42.5,40.349998474121094,41.5,4198,0.0,0.0
2026-03-05 00:00:00-05:00,42.400001525878906,42.400001525878906,38.5,38.5,14404,0.0,0.0
2026-03-06 00:00:00-05:00,38.5,38.5,30.25,30.700000762939453,21682,0.0,0.0
2026-03-09 00:00:00-04:00,34.20000076293945,34.20000076293945,24.149999618530273,26.950000762939453,55168,0.0,0.0
2026-03-10 00:00:00-04:00,29.0,30.0,27.399999618530273,29.399999618530273,25838,0.0,0.0
2026-03-11 00:00:00-04:00,29.100000381469727,32.150001525878906,28.350000381469727,30.5,14568,0.0,0.0
2026-03-12 00:00:00-04:00,30.0,30.549999237060547,28.700000762939453,29.5,17946,0.0,0.0
2026-03-13 00:00:00-04:00,24.25,32.79999923706055,24.25,32.650001525878906,28526,0.0,0.0
2026-03-16 00:00:00-04:00,30.950000762939453,31.299999237060547,28.049999237060547,30.0,20394,0.0,0.0
2026-03-17 00:00:00-04:00,31.149999618530273,31.149999618530273,29.0,29.899999618530273,14318,0.0,0.0
2026-03-18 00:00:00-04:00,30.368000030517578,35.560001373291016,25.510000228881836,33.31999969482422,37000,0.0,0.02
2026-03-19 00:00:00-04:00,32.45000076293945,32.83000183105469,27.010000228881836,30.059999465942383,24700,0.0,0.0
2026-03-20 00:00:00-04:00,29.559999465942383,31.31999969482422,27.739999771118164,29.18000030517578,36100,0.0,0.0
2026-03-23 00:00:00-04:00,29.530000686645508,29.969999313354492,27.81999969482422,28.579999923706055,24100,0.0,0.0
2026-03-24 00:00:00-04:00,28.25,28.799999237060547,26.959999084472656,26.959999084472656,12300,0.0,0.0
2026-03-25 00:00:00-04:00,26.920000076293945,27.295000076293945,20.90999984741211,24.420000076293945,56500,0.0,0.0
2026-03-26 00:00:00-04:00,24.030000686645508,26.489999771118164,24.030000686645508,25.010000228881836,14500,0.0,0.0
2026-03-27 00:00:00-04:00,24.719999313354492,27.469999313354492,24.559999465942383,27.469999313354492,9900,0.0,0.0
2026-03-30 00:00:00-04:00,27.790000915527344,30.450000762939453,27.29800033569336,28.5,27000,0.0,0.0
2026-03-31 00:00:00-04:00,28.639999389648438,30.114999771118164,28.420000076293945,29.0,14700,0.0,0.0
2026-04-01 00:00:00-04:00,29.0,30.149999618530273,28.979999542236328,29.770000457763672,7500,0.0,0.0
2026-04-02 00:00:00-04:00,29.559999465942383,30.68000030517578,29.559999465942383,30.68000030517578,5400,0.0,0.0
2026-04-06 00:00:00-04:00,30.06999969482422,32.2599983215332,30.06999969482422,31.860000610351562,14300,0.0,0.0
2026-04-07 00:00:00-04:00,31.860000610351562,32.362998962402344,30.270000457763672,31.93000030517578,11100,0.0,0.0
2026-04-08 00:00:00-04:00,31.93000030517578,31.94099998474121,30.6200008392334,31.8799991607666,3800,0.0,0.0
2026-04-09 00:00:00-04:00,31.020000457763672,34.72999954223633,31.020000457763672,34.060001373291016,5800,0.0,0.0
2026-04-10 00:00:00-04:00,34.77000045776367,35.17499923706055,32.0,32.15999984741211,10800,0.0,0.0
2026-04-13 00:00:00-04:00,32.20000076293945,33.599998474121094,31.489999771118164,32.630001068115234,18200,0.0,0.0
2026-04-14 00:00:00-04:00,32.099998474121094,34.13999938964844,32.099998474121094,33.65999984741211,20000,0.0,0.0
2026-04-15 00:00:00-04:00,33.52000045776367,39.75,33.52000045776367,38.869998931884766,16000,0.0,0.0
2026-04-16 00:00:00-04:00,38.540000915527344,44.9900016784668,37.689998626708984,42.31999969482422,23400,0.0,0.0
2026-04-17 00:00:00-04:00,42.31999969482422,44.68000030517578,41.84400177001953,43.470001220703125,18600,0.0,0.0
2026-04-20 00:00:00-04:00,43.130001068115234,43.9900016784668,39.880001068115234,43.18000030517578,21700,0.0,0.0
2026-04-21 00:00:00-04:00,42.31999969482422,44.400001525878906,38.290000915527344,38.290000915527344,12400,0.0,0.0
2026-04-22 00:00:00-04:00,39.27000045776367,39.33000183105469,36.0,36.97999954223633,7800,0.0,0.0
2026-04-23 00:00:00-04:00,37.16999816894531,37.3650016784668,33.900001525878906,34.90999984741211,10600,0.0,0.0
2026-04-24 00:00:00-04:00,35.18000030517578,40.060001373291016,35.18000030517578,38.86000061035156,18000,0.0,0.0
2026-04-27 00:00:00-04:00,38.470001220703125,41.4900016784668,38.45000076293945,40.84000015258789,13300,0.0,0.0
2026-04-28 00:00:00-04:00,40.189998626708984,43.36000061035156,39.709999084472656,42.68000030517578,12700,0.0,0.0
2026-04-29 00:00:00-04:00,41.7400016784668,43.470001220703125,39.70500183105469,40.060001373291016,15500,0.0,0.0
2026-04-30 00:00:00-04:00,40.91999816894531,41.97999954223633,40.125,41.68000030517578,6700,0.0,0.0
2026-05-01 00:00:00-04:00,40.7400016784668,41.89500045776367,39.9900016784668,40.939998626708984,6927,0.0,0.0
