Date,Open,High,Low,Close,Volume,Dividends,Stock Splits
2022-01-03 00:00:00-05:00,14040.0,15120.0,13320.0,14400.0,17,0.0,0.0
2022-01-04 00:00:00-05:00,14400.0,14760.0,13680.0,13680.0,11,0.0,0.0
2022-01-05 00:00:00-05:00,13680.0,14400.0,13320.0,13680.0,3,0.0,0.0
2022-01-06 00:00:00-05:00,12960.0,14040.0,12600.0,12960.0,5,0.0,0.0
2022-01-07 00:00:00-05:00,13320.0,14400.0,12960.0,13320.0,5,0.0,0.0
2022-01-10 00:00:00-05:00,14040.0,14040.0,12960.0,12960.0,4,0.0,0.0
2022-01-11 00:00:00-05:00,13320.0,14400.0,13320.0,13680.0,2,0.0,0.0
2022-01-12 00:00:00-05:00,14040.0,14040.0,13320.0,14040.0,2,0.0,0.0
2022-01-13 00:00:00-05:00,13320.0,14040.0,13320.0,13320.0,2,0.0,0.0
2022-01-14 00:00:00-05:00,12600.0,13680.0,12600.0,12960.0,18,0.0,0.0
2022-01-18 00:00:00-05:00,12600.0,13680.0,12600.0,12600.0,2,0.0,0.0
2022-01-19 00:00:00-05:00,12600.0,13320.0,11880.0,13320.0,5,0.0,0.0
2022-01-20 00:00:00-05:00,13320.0,13320.0,12600.0,12960.0,2,0.0,0.0
2022-01-21 00:00:00-05:00,12960.0,13680.0,12240.0,12600.0,3,0.0,0.0
2022-01-24 00:00:00-05:00,12600.0,12960.0,10800.0,11520.0,6,0.0,0.0
2022-01-25 00:00:00-05:00,11520.0,11880.0,11160.0,11880.0,2,0.0,0.0
2022-01-26 00:00:00-05:00,11880.0,12960.0,11520.0,11880.0,5,0.0,0.0
2022-01-27 00:00:00-05:00,11880.0,12960.0,10800.0,11880.0,8,0.0,0.0
2022-01-28 00:00:00-05:00,11520.0,12600.0,11160.0,11520.0,3,0.0,0.0
2022-01-31 00:00:00-05:00,11880.0,13320.0,11520.0,12960.0,4,0.0,0.0
2022-02-01 00:00:00-05:00,12960.0,12960.0,12240.0,12960.0,1,0.0,0.0
2022-02-02 00:00:00-05:00,12960.0,12960.0,12600.0,12600.0,1,0.0,0.0
2022-02-03 00:00:00-05:00,13320.0,13680.0,12600.0,12960.0,1,0.0,0.0
2022-02-04 00:00:00-05:00,12960.0,13680.0,12600.0,13320.0,2,0.0,0.0
2022-02-07 00:00:00-05:00,13320.0,15480.0,12600.0,14040.0,5,0.0,0.0
2022-02-08 00:00:00-05:00,14040.0,14400.0,12960.0,14400.0,2,0.0,0.0
2022-02-09 00:00:00-05:00,13680.0,14040.0,13680.0,13680.0,1,0.0,0.0
2022-02-10 00:00:00-05:00,13680.0,14040.0,13320.0,14040.0,6,0.0,0.0
2022-02-11 00:00:00-05:00,13680.0,14400.0,13680.0,14040.0,11,0.0,0.0
2022-02-14 00:00:00-05:00,14040.0,14400.0,13320.0,14040.0,2,0.0,0.0
2022-02-15 00:00:00-05:00,13680.0,14400.0,13680.0,14040.0,2,0.0,0.0
2022-02-16 00:00:00-05:00,14400.0,14400.0,13320.0,14040.0,8,0.0,0.0
2022-02-17 00:00:00-05:00,14040.0,14040.0,13320.0,13320.0,2,0.0,0.0
2022-02-18 00:00:00-05:00,12600.0,13680.0,10800.0,11880.0,13,0.0,0.0
2022-02-22 00:00:00-05:00,11880.0,12240.0,10080.0,11520.0,5,0.0,0.0
2022-02-23 00:00:00-05:00,11160.0,12240.0,10440.0,11160.0,2,0.0,0.0
2022-02-24 00:00:00-05:00,10440.0,14400.0,10440.0,12240.0,5,0.0,0.0
2022-02-25 00:00:00-05:00,11880.0,12600.0,11160.0,12600.0,2,0.0,0.0
2022-02-28 00:00:00-05:00,12600.0,13320.0,11880.0,12600.0,2,0.0,0.0
2022-03-01 00:00:00-05:00,12240.0,12960.0,12240.0,12600.0,1,0.0,0.0
2022-03-02 00:00:00-05:00,12600.0,14040.0,12600.0,14040.0,16,0.0,0.0
2022-03-03 00:00:00-05:00,14040.0,14040.0,12960.0,13320.0,1,0.0,0.0
2022-03-04 00:00:00-05:00,13320.0,13320.0,11520.0,11880.0,2,0.0,0.0
2022-03-07 00:00:00-05:00,11880.0,13320.0,11160.0,11520.0,2,0.0,0.0
2022-03-08 00:00:00-05:00,11520.0,12600.0,11160.0,11880.0,4,0.0,0.0
2022-03-09 00:00:00-05:00,11880.0,12600.0,11520.0,12240.0,2,0.0,0.0
2022-03-10 00:00:00-05:00,12600.0,12600.0,10080.0,10800.0,11,0.0,0.0
2022-03-11 00:00:00-05:00,10800.0,11160.0,10440.0,10800.0,3,0.0,0.0
2022-03-14 00:00:00-04:00,11160.0,11160.0,9720.0,10440.0,3,0.0,0.0
2022-03-15 00:00:00-04:00,10440.0,10800.0,9360.0,9360.0,8,0.0,0.0
2022-03-16 00:00:00-04:00,10440.0,11520.0,10080.0,10800.0,10,0.0,0.0
2022-03-17 00:00:00-04:00,10800.0,11160.0,9720.0,10080.0,20,0.0,0.0
2022-03-18 00:00:00-04:00,10440.0,12960.0,10080.0,10800.0,32,0.0,0.0
2022-03-21 00:00:00-04:00,10800.0,12600.0,10800.0,11520.0,31,0.0,0.0
2022-03-22 00:00:00-04:00,11880.0,12960.0,10800.0,12240.0,20,0.0,0.0
2022-03-23 00:00:00-04:00,11520.0,12960.0,11520.0,12240.0,10,0.0,0.0
2022-03-24 00:00:00-04:00,12960.0,12960.0,11880.0,12240.0,4,0.0,0.0
2022-03-25 00:00:00-04:00,11880.0,12240.0,10800.0,11160.0,8,0.0,0.0
2022-03-28 00:00:00-04:00,11160.0,11520.0,10800.0,11520.0,4,0.0,0.0
2022-03-29 00:00:00-04:00,11520.0,14040.0,11520.0,12240.0,34,0.0,0.0
2022-03-30 00:00:00-04:00,12240.0,12600.0,11880.0,12240.0,6,0.0,0.0
2022-03-31 00:00:00-04:00,11880.0,12240.0,11520.0,11520.0,3,0.0,0.0
2022-04-01 00:00:00-04:00,11880.0,11880.0,11160.0,11160.0,4,0.0,0.0
2022-04-04 00:00:00-04:00,11520.0,11880.0,11160.0,11520.0,2,0.0,0.0
2022-04-05 00:00:00-04:00,11880.0,11880.0,10080.0,10440.0,8,0.0,0.0
2022-04-06 00:00:00-04:00,10080.0,10080.0,9000.0,9000.0,35,0.0,0.0
2022-04-07 00:00:00-04:00,8250.0,9420.0,8130.0,8340.0,93,0.0,0.08333333333333333
2022-04-08 00:00:00-04:00,8400.0,9930.0,8340.0,9000.0,76,0.0,0.0
2022-04-11 00:00:00-04:00,8790.0,9180.0,7560.0,7800.0,47,0.0,0.0
2022-04-12 00:00:00-04:00,7800.0,8250.0,7290.0,7500.0,51,0.0,0.0
2022-04-13 00:00:00-04:00,7500.0,7980.0,6810.0,7290.0,49,0.0,0.0
2022-04-14 00:00:00-04:00,7200.0,7350.0,6810.0,7260.0,37,0.0,0.0
2022-04-18 00:00:00-04:00,7140.0,7320.0,6600.0,6810.0,71,0.0,0.0
2022-04-19 00:00:00-04:00,6720.0,7470.0,6720.0,6990.0,39,0.0,0.0
2022-04-20 00:00:00-04:00,7050.0,7500.0,6870.0,7080.0,32,0.0,0.0
2022-04-21 00:00:00-04:00,7080.0,7770.0,6660.0,6810.0,51,0.0,0.0
2022-04-22 00:00:00-04:00,6840.0,7230.0,6090.0,6270.0,60,0.0,0.0
2022-04-25 00:00:00-04:00,6270.0,7200.0,6150.0,6780.0,52,0.0,0.0
2022-04-26 00:00:00-04:00,6660.0,7050.0,6090.0,6090.0,41,0.0,0.0
2022-04-27 00:00:00-04:00,6510.0,6720.0,5850.0,6090.0,38,0.0,0.0
2022-04-28 00:00:00-04:00,6150.0,6420.0,5550.0,6060.0,50,0.0,0.0
2022-04-29 00:00:00-04:00,6360.0,6960.0,5670.0,5820.0,47,0.0,0.0
2022-05-02 00:00:00-04:00,5880.0,6360.0,5670.0,6210.0,37,0.0,0.0
2022-05-03 00:00:00-04:00,6240.0,6660.0,6060.0,6510.0,44,0.0,0.0
2022-05-04 00:00:00-04:00,6510.0,7050.0,6270.0,6720.0,57,0.0,0.0
2022-05-05 00:00:00-04:00,6510.0,6720.0,5940.0,6060.0,41,0.0,0.0
2022-05-06 00:00:00-04:00,6000.0,6270.0,5730.0,6000.0,19,0.0,0.0
2022-05-09 00:00:00-04:00,5910.0,6000.0,5250.0,5370.0,27,0.0,0.0
2022-05-10 00:00:00-04:00,5580.0,5730.0,5100.0,5430.0,15,0.0,0.0
2022-05-11 00:00:00-04:00,5670.0,5670.0,5010.0,5040.0,16,0.0,0.0
2022-05-12 00:00:00-04:00,5370.0,5370.0,5100.0,5310.0,7,0.0,0.0
2022-05-13 00:00:00-04:00,5430.0,5730.0,5430.0,5670.0,7,0.0,0.0
2022-05-16 00:00:00-04:00,5580.0,5970.0,5580.0,5700.0,2,0.0,0.0
2022-05-17 00:00:00-04:00,5760.0,5820.0,5340.0,5550.0,23,0.0,0.0
2022-05-18 00:00:00-04:00,5760.0,5760.0,5280.0,5460.0,22,0.0,0.0
2022-05-19 00:00:00-04:00,5520.0,5970.0,5520.0,5970.0,12,0.0,0.0
2022-05-20 00:00:00-04:00,5580.0,6090.0,5580.0,5850.0,7,0.0,0.0
2022-05-23 00:00:00-04:00,5790.0,6090.0,5670.0,6090.0,6,0.0,0.0
2022-05-24 00:00:00-04:00,6240.0,6240.0,5460.0,5820.0,20,0.0,0.0
2022-05-25 00:00:00-04:00,5700.0,5790.0,5190.0,5580.0,24,0.0,0.0
2022-05-26 00:00:00-04:00,5850.0,5850.0,5280.0,5640.0,16,0.0,0.0
2022-05-27 00:00:00-04:00,5490.0,5970.0,5490.0,5970.0,13,0.0,0.0
2022-05-31 00:00:00-04:00,5910.0,6390.0,5580.0,6270.0,16,0.0,0.0
2022-06-01 00:00:00-04:00,5880.0,6300.0,5730.0,6000.0,9,0.0,0.0
2022-06-02 00:00:00-04:00,5970.0,5970.0,5670.0,5820.0,19,0.0,0.0
2022-06-03 00:00:00-04:00,5790.0,5910.0,5670.0,5760.0,10,0.0,0.0
2022-06-06 00:00:00-04:00,5910.0,6390.0,5850.0,6240.0,4,0.0,0.0
2022-06-07 00:00:00-04:00,5970.0,6090.0,5790.0,6060.0,1,0.0,0.0
2022-06-08 00:00:00-04:00,6120.0,7050.0,6000.0,6660.0,19,0.0,0.0
2022-06-09 00:00:00-04:00,6570.0,7320.0,6240.0,7170.0,7,0.0,0.0
2022-06-10 00:00:00-04:00,7050.0,7980.0,6900.0,7980.0,16,0.0,0.0
2022-06-13 00:00:00-04:00,7800.0,8070.0,7110.0,7530.0,8,0.0,0.0
2022-06-14 00:00:00-04:00,7590.0,7800.0,7590.0,7620.0,5,0.0,0.0
2022-06-15 00:00:00-04:00,7320.0,7440.0,7080.0,7230.0,1,0.0,0.0
2022-06-16 00:00:00-04:00,7380.0,7380.0,6930.0,6960.0,2,0.0,0.0
2022-06-17 00:00:00-04:00,6900.0,6900.0,6600.0,6810.0,3,0.0,0.0
2022-06-21 00:00:00-04:00,6810.0,7470.0,6600.0,7410.0,8,0.0,0.0
2022-06-22 00:00:00-04:00,7350.0,7380.0,6750.0,7110.0,1,0.0,0.0
2022-06-23 00:00:00-04:00,7170.0,8640.0,7170.0,8280.0,87,0.0,0.0
2022-06-24 00:00:00-04:00,8610.0,8610.0,7680.0,8100.0,5,0.0,0.0
2022-06-27 00:00:00-04:00,8190.0,8280.0,7680.0,7800.0,4,0.0,0.0
2022-06-28 00:00:00-04:00,7650.0,7740.0,6900.0,6990.0,2,0.0,0.0
2022-06-29 00:00:00-04:00,6990.0,7380.0,6900.0,7080.0,2,0.0,0.0
2022-06-30 00:00:00-04:00,6750.0,7050.0,6570.0,6750.0,3,0.0,0.0
2022-07-01 00:00:00-04:00,6720.0,6720.0,6600.0,6660.0,1,0.0,0.0
2022-07-05 00:00:00-04:00,6360.0,6750.0,6330.0,6750.0,2,0.0,0.0
2022-07-06 00:00:00-04:00,6990.0,7380.0,6360.0,6750.0,6,0.0,0.0
2022-07-07 00:00:00-04:00,6750.0,7770.0,6750.0,7110.0,1,0.0,0.0
2022-07-08 00:00:00-04:00,6510.0,7200.0,6510.0,6810.0,1,0.0,0.0
2022-07-11 00:00:00-04:00,6810.0,7170.0,6810.0,6930.0,1,0.0,0.0
2022-07-12 00:00:00-04:00,6930.0,6930.0,6930.0,6930.0,0,0.0,0.0
2022-07-13 00:00:00-04:00,6450.0,7110.0,6330.0,6660.0,5,0.0,0.0
2022-07-14 00:00:00-04:00,6750.0,6990.0,6750.0,6900.0,4,0.0,0.0
2022-07-15 00:00:00-04:00,7080.0,7080.0,6780.0,7050.0,4,0.0,0.0
2022-07-18 00:00:00-04:00,6990.0,7320.0,6810.0,7290.0,4,0.0,0.0
2022-07-19 00:00:00-04:00,7170.0,7710.0,6990.0,7470.0,4,0.0,0.0
2022-07-20 00:00:00-04:00,7350.0,7980.0,7200.0,7650.0,4,0.0,0.0
2022-07-21 00:00:00-04:00,7530.0,8040.0,7350.0,7740.0,4,0.0,0.0
2022-07-22 00:00:00-04:00,7710.0,8070.0,7500.0,7650.0,5,0.0,0.0
2022-07-25 00:00:00-04:00,7770.0,7800.0,7320.0,7440.0,4,0.0,0.0
2022-07-26 00:00:00-04:00,7680.0,7710.0,7260.0,7500.0,4,0.0,0.0
2022-07-27 00:00:00-04:00,7500.0,7650.0,7470.0,7560.0,3,0.0,0.0
2022-07-28 00:00:00-04:00,7560.0,7560.0,7260.0,7500.0,4,0.0,0.0
2022-07-29 00:00:00-04:00,7350.0,7680.0,7320.0,7410.0,5,0.0,0.0
2022-08-01 00:00:00-04:00,7500.0,7620.0,7290.0,7500.0,4,0.0,0.0
2022-08-02 00:00:00-04:00,7350.0,8010.0,7140.0,7830.0,24,0.0,0.0
2022-08-03 00:00:00-04:00,7860.0,7950.0,7260.0,7920.0,12,0.0,0.0
2022-08-04 00:00:00-04:00,8100.0,10110.0,8100.0,9720.0,81,0.0,0.0
2022-08-05 00:00:00-04:00,9390.0,9510.0,8790.0,9060.0,8,0.0,0.0
2022-08-08 00:00:00-04:00,9390.0,9390.0,8790.0,9060.0,2,0.0,0.0
2022-08-09 00:00:00-04:00,8730.0,8790.0,8490.0,8490.0,5,0.0,0.0
2022-08-10 00:00:00-04:00,8490.0,8970.0,8400.0,8610.0,3,0.0,0.0
2022-08-11 00:00:00-04:00,8880.0,8880.0,8010.0,8670.0,6,0.0,0.0
2022-08-12 00:00:00-04:00,8790.0,8790.0,8160.0,8430.0,1,0.0,0.0
2022-08-15 00:00:00-04:00,7860.0,8310.0,7800.0,7950.0,1,0.0,0.0
2022-08-16 00:00:00-04:00,7860.0,8550.0,7230.0,8520.0,9,0.0,0.0
2022-08-17 00:00:00-04:00,8370.0,8820.0,7920.0,8820.0,5,0.0,0.0
2022-08-18 00:00:00-04:00,8400.0,9300.0,8400.0,9090.0,4,0.0,0.0
2022-08-19 00:00:00-04:00,8850.0,9270.0,8850.0,9270.0,1,0.0,0.0
2022-08-22 00:00:00-04:00,8790.0,9390.0,8760.0,9000.0,1,0.0,0.0
2022-08-23 00:00:00-04:00,9180.0,9180.0,8790.0,9060.0,1,0.0,0.0
2022-08-24 00:00:00-04:00,8880.0,9090.0,8880.0,9090.0,1,0.0,0.0
2022-08-25 00:00:00-04:00,9330.0,9660.0,8250.0,8550.0,12,0.0,0.0
2022-08-26 00:00:00-04:00,8280.0,8610.0,7980.0,8280.0,1,0.0,0.0
2022-08-29 00:00:00-04:00,7890.0,8070.0,7620.0,7620.0,1,0.0,0.0
2022-08-30 00:00:00-04:00,7560.0,8130.0,7410.0,7680.0,18,0.0,0.0
2022-08-31 00:00:00-04:00,7740.0,8190.0,7230.0,8130.0,56,0.0,0.0
2022-09-01 00:00:00-04:00,8460.0,8460.0,7050.0,7290.0,51,0.0,0.0
2022-09-02 00:00:00-04:00,7620.0,7740.0,6810.0,6900.0,41,0.0,0.0
2022-09-06 00:00:00-04:00,6990.0,7500.0,6990.0,7470.0,36,0.0,0.0
2022-09-07 00:00:00-04:00,7470.0,7470.0,6990.0,7260.0,26,0.0,0.0
2022-09-08 00:00:00-04:00,7200.0,7440.0,6900.0,7440.0,17,0.0,0.0
2022-09-09 00:00:00-04:00,7650.0,7860.0,7530.0,7530.0,1,0.0,0.0
2022-09-12 00:00:00-04:00,7770.0,7920.0,7770.0,7830.0,0,0.0,0.0
2022-09-13 00:00:00-04:00,7620.0,8100.0,6810.0,6960.0,54,0.0,0.0
2022-09-14 00:00:00-04:00,7470.0,7470.0,6390.0,6750.0,88,0.0,0.0
2022-09-15 00:00:00-04:00,6480.0,6930.0,6150.0,6270.0,103,0.0,0.0
2022-09-16 00:00:00-04:00,6030.0,6540.0,5760.0,5820.0,46,0.0,0.0
2022-09-19 00:00:00-04:00,5880.0,6210.0,5730.0,6060.0,92,0.0,0.0
2022-09-20 00:00:00-04:00,6090.0,6240.0,5730.0,6240.0,65,0.0,0.0
2022-09-21 00:00:00-04:00,6180.0,6210.0,5490.0,5610.0,67,0.0,0.0
2022-09-22 00:00:00-04:00,5490.0,5940.0,5400.0,5820.0,66,0.0,0.0
2022-09-23 00:00:00-04:00,5790.0,5850.0,5280.0,5610.0,62,0.0,0.0
2022-09-26 00:00:00-04:00,5700.0,5700.0,5340.0,5610.0,72,0.0,0.0
2022-09-27 00:00:00-04:00,5670.0,5970.0,5340.0,5700.0,70,0.0,0.0
2022-09-28 00:00:00-04:00,5700.0,5970.0,5520.0,5970.0,64,0.0,0.0
2022-09-29 00:00:00-04:00,6150.0,6240.0,5670.0,5850.0,81,0.0,0.0
2022-09-30 00:00:00-04:00,6030.0,6060.0,5640.0,5880.0,47,0.0,0.0
2022-10-03 00:00:00-04:00,5880.0,5880.0,5430.0,5520.0,24,0.0,0.0
2022-10-04 00:00:00-04:00,5580.0,5910.0,5070.0,5220.0,35,0.0,0.0
2022-10-05 00:00:00-04:00,5070.0,5250.0,4950.0,4980.0,21,0.0,0.0
2022-10-06 00:00:00-04:00,4980.0,5100.0,4680.0,4860.0,20,0.0,0.0
2022-10-07 00:00:00-04:00,4980.0,4980.0,4590.0,4740.0,17,0.0,0.0
2022-10-10 00:00:00-04:00,4830.0,4860.0,4290.0,4860.0,31,0.0,0.0
2022-10-11 00:00:00-04:00,4950.0,5220.0,4830.0,5100.0,4,0.0,0.0
2022-10-12 00:00:00-04:00,5130.0,5130.0,4740.0,5070.0,17,0.0,0.0
2022-10-13 00:00:00-04:00,4830.0,4950.0,4770.0,4920.0,2,0.0,0.0
2022-10-14 00:00:00-04:00,4980.0,4980.0,4800.0,4890.0,16,0.0,0.0
2022-10-17 00:00:00-04:00,4740.0,5370.0,4740.0,5220.0,7,0.0,0.0
2022-10-18 00:00:00-04:00,5100.0,5190.0,5040.0,5190.0,1,0.0,0.0
2022-10-19 00:00:00-04:00,5040.0,5160.0,4680.0,5040.0,4,0.0,0.0
2022-10-20 00:00:00-04:00,4920.0,4920.0,4620.0,4830.0,5,0.0,0.0
2022-10-21 00:00:00-04:00,4800.0,4980.0,4650.0,4980.0,0,0.0,0.0
2022-10-24 00:00:00-04:00,4950.0,4950.0,4500.0,4770.0,5,0.0,0.0
2022-10-25 00:00:00-04:00,4860.0,5220.0,4710.0,5220.0,9,0.0,0.0
2022-10-26 00:00:00-04:00,5130.0,5310.0,5130.0,5280.0,0,0.0,0.0
2022-10-27 00:00:00-04:00,5310.0,5310.0,5100.0,5130.0,1,0.0,0.0
2022-10-28 00:00:00-04:00,5130.0,5190.0,5070.0,5070.0,1,0.0,0.0
2022-10-31 00:00:00-04:00,4770.0,5010.0,4770.0,4890.0,1,0.0,0.0
2022-11-01 00:00:00-04:00,5010.0,5220.0,5010.0,5070.0,1,0.0,0.0
2022-11-02 00:00:00-04:00,5010.0,5130.0,4950.0,4950.0,0,0.0,0.0
2022-11-03 00:00:00-04:00,5070.0,5160.0,4950.0,4950.0,1,0.0,0.0
2022-11-04 00:00:00-04:00,5160.0,5160.0,4950.0,4950.0,0,0.0,0.0
2022-11-07 00:00:00-05:00,5040.0,5040.0,4980.0,4980.0,0,0.0,0.0
2022-11-08 00:00:00-05:00,4920.0,5400.0,4830.0,5190.0,3,0.0,0.0
2022-11-09 00:00:00-05:00,5070.0,5070.0,5040.0,5040.0,1,0.0,0.0
2022-11-10 00:00:00-05:00,4920.0,5040.0,4890.0,4980.0,1,0.0,0.0
2022-11-11 00:00:00-05:00,4980.0,4980.0,4740.0,4980.0,1,0.0,0.0
2022-11-14 00:00:00-05:00,5010.0,5220.0,4740.0,5070.0,1,0.0,0.0
2022-11-15 00:00:00-05:00,5220.0,5310.0,5130.0,5130.0,4,0.0,0.0
2022-11-16 00:00:00-05:00,4950.0,5160.0,4890.0,4890.0,4,0.0,0.0
2022-11-17 00:00:00-05:00,5040.0,5040.0,5010.0,5010.0,0,0.0,0.0
2022-11-18 00:00:00-05:00,5010.0,5010.0,4860.0,4860.0,0,0.0,0.0
2022-11-21 00:00:00-05:00,4860.0,4950.0,4860.0,4860.0,0,0.0,0.0
2022-11-22 00:00:00-05:00,4860.0,4950.0,4860.0,4950.0,1,0.0,0.0
2022-11-23 00:00:00-05:00,4950.0,5040.0,4950.0,5040.0,1,0.0,0.0
2022-11-25 00:00:00-05:00,5040.0,5040.0,5040.0,5040.0,0,0.0,0.0
2022-11-28 00:00:00-05:00,5070.0,5130.0,5070.0,5130.0,1,0.0,0.0
2022-11-29 00:00:00-05:00,5190.0,5730.0,5190.0,5490.0,11,0.0,0.0
2022-11-30 00:00:00-05:00,5400.0,5730.0,5400.0,5400.0,2,0.0,0.0
2022-12-01 00:00:00-05:00,5760.0,5760.0,5760.0,5760.0,1,0.0,0.0
2022-12-02 00:00:00-05:00,5640.0,5850.0,5640.0,5640.0,2,0.0,0.0
2022-12-05 00:00:00-05:00,5730.0,6120.0,5730.0,6000.0,5,0.0,0.0
2022-12-06 00:00:00-05:00,6000.0,6120.0,6000.0,6090.0,2,0.0,0.0
2022-12-07 00:00:00-05:00,6090.0,6240.0,5910.0,6000.0,4,0.0,0.0
2022-12-08 00:00:00-05:00,6120.0,6570.0,6120.0,6570.0,6,0.0,0.0
2022-12-09 00:00:00-05:00,7830.0,13440.0,7050.0,9930.0,849,0.0,0.0
2022-12-12 00:00:00-05:00,12000.0,23730.0,11970.0,21330.0,4869,0.0,0.0
2022-12-13 00:00:00-05:00,16860.0,20670.0,14100.0,19740.0,1293,0.0,0.0
2022-12-14 00:00:00-05:00,18180.0,22770.0,17220.0,18840.0,1187,0.0,0.0
2022-12-15 00:00:00-05:00,18060.0,19800.0,15120.0,16350.0,210,0.0,0.0
2022-12-16 00:00:00-05:00,16170.0,16170.0,12390.0,13230.0,167,0.0,0.0
2022-12-19 00:00:00-05:00,11220.0,12900.0,11100.0,12060.0,121,0.0,0.0
2022-12-20 00:00:00-05:00,12060.0,12870.0,9450.0,9810.0,99,0.0,0.0
2022-12-21 00:00:00-05:00,9870.0,10470.0,9570.0,9930.0,49,0.0,0.0
2022-12-22 00:00:00-05:00,9750.0,12750.0,9540.0,10710.0,88,0.0,0.0
2022-12-23 00:00:00-05:00,10710.0,14010.0,10710.0,11850.0,219,0.0,0.0
2022-12-27 00:00:00-05:00,11700.0,12540.0,10530.0,10620.0,71,0.0,0.0
2022-12-28 00:00:00-05:00,10500.0,10560.0,9600.0,9780.0,22,0.0,0.0
2022-12-29 00:00:00-05:00,9840.0,10620.0,9840.0,10260.0,19,0.0,0.0
2022-12-30 00:00:00-05:00,10140.0,11040.0,10140.0,10740.0,16,0.0,0.0
2023-01-03 00:00:00-05:00,10770.0,13500.0,10770.0,12870.0,121,0.0,0.0
2023-01-04 00:00:00-05:00,13110.0,14790.0,12750.0,13290.0,94,0.0,0.0
2023-01-05 00:00:00-05:00,12930.0,13500.0,11880.0,12510.0,96,0.0,0.0
2023-01-06 00:00:00-05:00,12180.0,12990.0,10980.0,11190.0,149,0.0,0.0
2023-01-09 00:00:00-05:00,11520.0,12120.0,10650.0,10770.0,116,0.0,0.0
2023-01-10 00:00:00-05:00,11070.0,11100.0,9750.0,9930.0,144,0.0,0.0
2023-01-11 00:00:00-05:00,10230.0,10410.0,8790.0,9060.0,124,0.0,0.0
2023-01-12 00:00:00-05:00,8610.0,8880.0,7680.0,8130.0,133,0.0,0.0
2023-01-13 00:00:00-05:00,8040.0,9180.0,8010.0,8880.0,100,0.0,0.0
2023-01-17 00:00:00-05:00,8880.0,9300.0,8250.0,8940.0,46,0.0,0.0
2023-01-18 00:00:00-05:00,9300.0,9330.0,8430.0,9000.0,18,0.0,0.0
2023-01-19 00:00:00-05:00,9000.0,9000.0,7410.0,7470.0,82,0.0,0.0
2023-01-20 00:00:00-05:00,7290.0,9000.0,7020.0,8430.0,228,0.0,0.0
2023-01-23 00:00:00-05:00,8430.0,9240.0,8220.0,8880.0,47,0.0,0.0
2023-01-24 00:00:00-05:00,8640.0,9000.0,8640.0,8790.0,9,0.0,0.0
2023-01-25 00:00:00-05:00,9000.0,10500.0,8940.0,10140.0,70,0.0,0.0
2023-01-26 00:00:00-05:00,10410.0,11310.0,10080.0,10080.0,40,0.0,0.0
2023-01-27 00:00:00-05:00,9900.0,10140.0,9270.0,10050.0,31,0.0,0.0
2023-01-30 00:00:00-05:00,10200.0,11100.0,9180.0,10590.0,36,0.0,0.0
2023-01-31 00:00:00-05:00,10740.0,10890.0,10260.0,10440.0,14,0.0,0.0
2023-02-01 00:00:00-05:00,10680.0,11250.0,10500.0,11190.0,21,0.0,0.0
2023-02-02 00:00:00-05:00,11700.0,12720.0,11700.0,12180.0,64,0.0,0.0
2023-02-03 00:00:00-05:00,12180.0,12330.0,11490.0,11940.0,35,0.0,0.0
2023-02-06 00:00:00-05:00,11520.0,11850.0,11010.0,11370.0,16,0.0,0.0
2023-02-07 00:00:00-05:00,11040.0,11940.0,11040.0,11850.0,7,0.0,0.0
2023-02-08 00:00:00-05:00,12000.0,12600.0,11700.0,12420.0,24,0.0,0.0
2023-02-09 00:00:00-05:00,12600.0,13500.0,12390.0,13410.0,29,0.0,0.0
2023-02-10 00:00:00-05:00,13200.0,15570.0,13200.0,14850.0,58,0.0,0.0
2023-02-13 00:00:00-05:00,15420.0,23100.0,15180.0,21300.0,1754,0.0,0.0
2023-02-14 00:00:00-05:00,20250.0,20850.0,17520.0,18480.0,225,0.0,0.0
2023-02-15 00:00:00-05:00,18000.0,19470.0,18000.0,19050.0,58,0.0,0.0
2023-02-16 00:00:00-05:00,19380.0,21600.0,18750.0,20640.0,67,0.0,0.0
2023-02-17 00:00:00-05:00,20700.0,21600.0,19560.0,20790.0,65,0.0,0.0
2023-02-21 00:00:00-05:00,20460.0,24930.0,19860.0,21330.0,358,0.0,0.0
2023-02-22 00:00:00-05:00,20820.0,20880.0,19560.0,20820.0,46,0.0,0.0
2023-02-23 00:00:00-05:00,20400.0,21090.0,20400.0,20820.0,18,0.0,0.0
2023-02-24 00:00:00-05:00,20670.0,21180.0,20250.0,21180.0,24,0.0,0.0
2023-02-27 00:00:00-05:00,21180.0,21180.0,20280.0,20310.0,17,0.0,0.0
2023-02-28 00:00:00-05:00,20280.0,22470.0,20280.0,22380.0,52,0.0,0.0
2023-03-01 00:00:00-05:00,23520.0,28950.0,8610.0,11760.0,1056,0.0,0.0
2023-03-02 00:00:00-05:00,11340.0,14310.0,11280.0,13410.0,208,0.0,0.0
2023-03-03 00:00:00-05:00,14040.0,16770.0,12930.0,16020.0,218,0.0,0.0
2023-03-06 00:00:00-05:00,15720.0,17820.0,15270.0,16770.0,334,0.0,0.0
2023-03-07 00:00:00-05:00,15480.0,16860.0,14580.0,16590.0,96,0.0,0.0
2023-03-08 00:00:00-05:00,16230.0,16710.0,15480.0,15810.0,173,0.0,0.0
2023-03-09 00:00:00-05:00,15750.0,15750.0,11190.0,11550.0,240,0.0,0.0
2023-03-10 00:00:00-05:00,11400.0,11610.0,10500.0,10530.0,65,0.0,0.0
2023-03-13 00:00:00-04:00,10500.0,11100.0,10050.0,10050.0,114,0.0,0.0
2023-03-14 00:00:00-04:00,9930.0,11520.0,9930.0,11190.0,82,0.0,0.0
2023-03-15 00:00:00-04:00,11190.0,12000.0,10800.0,11940.0,88,0.0,0.0
2023-03-16 00:00:00-04:00,11880.0,12870.0,11550.0,12630.0,81,0.0,0.0
2023-03-17 00:00:00-04:00,12690.0,13350.0,12210.0,12780.0,74,0.0,0.0
2023-03-20 00:00:00-04:00,12780.0,12780.0,11520.0,11820.0,71,0.0,0.0
2023-03-21 00:00:00-04:00,11880.0,12150.0,11310.0,11940.0,83,0.0,0.0
2023-03-22 00:00:00-04:00,11820.0,12210.0,10860.0,11040.0,57,0.0,0.0
2023-03-23 00:00:00-04:00,11220.0,11940.0,10860.0,10950.0,57,0.0,0.0
2023-03-24 00:00:00-04:00,10770.0,11760.0,10770.0,11490.0,54,0.0,0.0
2023-03-27 00:00:00-04:00,11460.0,12840.0,11250.0,12510.0,62,0.0,0.0
2023-03-28 00:00:00-04:00,12390.0,12720.0,12000.0,12000.0,45,0.0,0.0
2023-03-29 00:00:00-04:00,12000.0,12900.0,12000.0,12450.0,50,0.0,0.0
2023-03-30 00:00:00-04:00,12450.0,13680.0,12450.0,13230.0,61,0.0,0.0
2023-03-31 00:00:00-04:00,13170.0,14130.0,13170.0,13440.0,47,0.0,0.0
2023-04-03 00:00:00-04:00,13140.0,13530.0,12570.0,12570.0,49,0.0,0.0
2023-04-04 00:00:00-04:00,12480.0,13260.0,12450.0,12450.0,43,0.0,0.0
2023-04-05 00:00:00-04:00,12450.0,13080.0,11730.0,11790.0,36,0.0,0.0
2023-04-06 00:00:00-04:00,11910.0,12750.0,11910.0,12330.0,30,0.0,0.0
2023-04-10 00:00:00-04:00,12390.0,13350.0,12390.0,13110.0,44,0.0,0.0
2023-04-11 00:00:00-04:00,13020.0,13740.0,12750.0,12810.0,29,0.0,0.0
2023-04-12 00:00:00-04:00,12900.0,13200.0,12000.0,12030.0,31,0.0,0.0
2023-04-13 00:00:00-04:00,12270.0,12780.0,11970.0,11970.0,33,0.0,0.0
2023-04-14 00:00:00-04:00,11970.0,13320.0,11970.0,13110.0,153,0.0,0.0
2023-04-17 00:00:00-04:00,13110.0,14370.0,12900.0,14310.0,210,0.0,0.0
2023-04-18 00:00:00-04:00,9720.0,9750.0,1830.0,2040.0,15650,0.0,0.0
2023-04-19 00:00:00-04:00,4050.0,4170.0,3090.0,3330.0,40278,0.0,0.0
2023-04-20 00:00:00-04:00,3360.0,3450.0,2850.0,3000.0,5203,0.0,0.0
2023-04-21 00:00:00-04:00,2850.0,2970.0,2610.0,2670.0,2728,0.0,0.0
2023-04-24 00:00:00-04:00,2580.0,2850.0,2370.0,2760.0,2618,0.0,0.0
2023-04-25 00:00:00-04:00,2550.0,2700.0,2250.0,2460.0,1268,0.0,0.0
2023-04-26 00:00:00-04:00,2430.0,2430.0,2070.0,2130.0,1783,0.0,0.0
2023-04-27 00:00:00-04:00,2190.0,2490.0,2160.0,2310.0,1484,0.0,0.0
2023-04-28 00:00:00-04:00,2490.0,2760.0,2400.0,2640.0,1932,0.0,0.0
2023-05-01 00:00:00-04:00,2670.0,2700.0,2490.0,2580.0,1220,0.0,0.0
2023-05-02 00:00:00-04:00,2640.0,3690.0,2430.0,3420.0,9929,0.0,0.0
2023-05-03 00:00:00-04:00,3150.0,3450.0,2790.0,3000.0,2922,0.0,0.0
2023-05-04 00:00:00-04:00,2910.0,3210.0,2850.0,2940.0,1313,0.0,0.0
2023-05-05 00:00:00-04:00,2850.0,2940.0,2490.0,2580.0,1497,0.0,0.0
2023-05-08 00:00:00-04:00,2580.0,2640.0,2370.0,2460.0,911,0.0,0.0
2023-05-09 00:00:00-04:00,2400.0,2490.0,2280.0,2370.0,739,0.0,0.0
2023-05-10 00:00:00-04:00,2370.0,2460.0,2250.0,2280.0,781,0.0,0.0
2023-05-11 00:00:00-04:00,2310.0,2340.0,2130.0,2190.0,673,0.0,0.0
2023-05-12 00:00:00-04:00,2220.0,2220.0,2070.0,2100.0,583,0.0,0.0
2023-05-15 00:00:00-04:00,2130.0,2250.0,2070.0,2160.0,479,0.0,0.0
2023-05-16 00:00:00-04:00,2100.0,2220.0,2100.0,2100.0,477,0.0,0.0
2023-05-17 00:00:00-04:00,2130.0,2670.0,2100.0,2460.0,2639,0.0,0.0
2023-05-18 00:00:00-04:00,2310.0,2370.0,2190.0,2220.0,652,0.0,0.0
2023-05-19 00:00:00-04:00,2280.0,2400.0,2220.0,2250.0,335,0.0,0.0
2023-05-22 00:00:00-04:00,2280.0,2280.0,2130.0,2190.0,369,0.0,0.0
2023-05-23 00:00:00-04:00,2160.0,2340.0,2160.0,2220.0,470,0.0,0.0
2023-05-24 00:00:00-04:00,2250.0,2250.0,2190.0,2220.0,266,0.0,0.0
2023-05-25 00:00:00-04:00,2220.0,2220.0,2100.0,2160.0,257,0.0,0.0
2023-05-26 00:00:00-04:00,2160.0,2250.0,2130.0,2220.0,245,0.0,0.0
2023-05-30 00:00:00-04:00,2160.0,2220.0,2130.0,2160.0,240,0.0,0.0
2023-05-31 00:00:00-04:00,2160.0,2280.0,2160.0,2250.0,206,0.0,0.0
2023-06-01 00:00:00-04:00,2220.0,2220.0,2130.0,2190.0,224,0.0,0.0
2023-06-02 00:00:00-04:00,2220.0,2370.0,2160.0,2310.0,485,0.0,0.0
2023-06-05 00:00:00-04:00,2370.0,2370.0,2220.0,2280.0,99,0.0,0.0
2023-06-06 00:00:00-04:00,2220.0,2370.0,2220.0,2340.0,254,0.0,0.0
2023-06-07 00:00:00-04:00,2250.0,2340.0,2250.0,2310.0,144,0.0,0.0
2023-06-08 00:00:00-04:00,2250.0,2340.0,2190.0,2250.0,216,0.0,0.0
2023-06-09 00:00:00-04:00,2190.0,2250.0,2160.0,2190.0,175,0.0,0.0
2023-06-12 00:00:00-04:00,2190.0,2250.0,2130.0,2130.0,233,0.0,0.0
2023-06-13 00:00:00-04:00,2100.0,2310.0,2100.0,2190.0,328,0.0,0.0
2023-06-14 00:00:00-04:00,2190.0,2250.0,2160.0,2220.0,120,0.0,0.0
2023-06-15 00:00:00-04:00,1890.0,1890.0,1500.0,1620.0,2425,0.0,0.0
2023-06-16 00:00:00-04:00,1680.0,1680.0,1530.0,1590.0,488,0.0,0.0
2023-06-20 00:00:00-04:00,1590.0,1590.0,1260.0,1440.0,893,0.0,0.0
2023-06-21 00:00:00-04:00,1410.0,1440.0,1320.0,1440.0,317,0.0,0.0
2023-06-22 00:00:00-04:00,1380.0,1410.0,1320.0,1320.0,186,0.0,0.0
2023-06-23 00:00:00-04:00,1320.0,1350.0,1230.0,1290.0,185,0.0,0.0
2023-06-26 00:00:00-04:00,1290.0,1290.0,1200.0,1260.0,180,0.0,0.0
2023-06-27 00:00:00-04:00,1260.0,1260.0,1200.0,1230.0,147,0.0,0.0
2023-06-28 00:00:00-04:00,1200.0,1200.0,1110.0,1140.0,253,0.0,0.0
2023-06-29 00:00:00-04:00,1170.0,1290.0,1140.0,1230.0,287,0.0,0.0
2023-06-30 00:00:00-04:00,1200.0,1290.0,1170.0,1200.0,242,0.0,0.0
2023-07-03 00:00:00-04:00,1200.0,1230.0,1170.0,1170.0,41,0.0,0.0
2023-07-05 00:00:00-04:00,1200.0,1230.0,1140.0,1170.0,142,0.0,0.0
2023-07-06 00:00:00-04:00,1200.0,1200.0,1110.0,1140.0,149,0.0,0.0
2023-07-07 00:00:00-04:00,1140.0,1170.0,1140.0,1140.0,90,0.0,0.0
2023-07-10 00:00:00-04:00,1170.0,1170.0,1110.0,1140.0,111,0.0,0.0
2023-07-11 00:00:00-04:00,1170.0,1320.0,1140.0,1290.0,418,0.0,0.0
2023-07-12 00:00:00-04:00,1290.0,1290.0,1230.0,1290.0,142,0.0,0.0
2023-07-13 00:00:00-04:00,1290.0,1410.0,1230.0,1380.0,358,0.0,0.0
2023-07-14 00:00:00-04:00,1380.0,1380.0,1320.0,1350.0,201,0.0,0.0
2023-07-17 00:00:00-04:00,1350.0,1380.0,1230.0,1290.0,105,0.0,0.0
2023-07-18 00:00:00-04:00,1260.0,1260.0,1200.0,1230.0,122,0.0,0.0
2023-07-19 00:00:00-04:00,1230.0,1260.0,1170.0,1170.0,278,0.0,0.0
2023-07-20 00:00:00-04:00,1200.0,1230.0,1140.0,1170.0,129,0.0,0.0
2023-07-21 00:00:00-04:00,1140.0,1260.0,1140.0,1230.0,154,0.0,0.0
2023-07-24 00:00:00-04:00,1230.0,1290.0,1200.0,1230.0,123,0.0,0.0
2023-07-25 00:00:00-04:00,1200.0,1260.0,1170.0,1230.0,79,0.0,0.0
2023-07-26 00:00:00-04:00,1230.0,1230.0,1140.0,1170.0,115,0.0,0.0
2023-07-27 00:00:00-04:00,1140.0,1200.0,1110.0,1140.0,256,0.0,0.0
2023-07-28 00:00:00-04:00,1140.0,1200.0,1080.0,1170.0,179,0.0,0.0
2023-07-31 00:00:00-04:00,1200.0,1260.0,1170.0,1230.0,121,0.0,0.0
2023-08-01 00:00:00-04:00,1200.0,1230.0,1140.0,1200.0,88,0.0,0.0
2023-08-02 00:00:00-04:00,1200.0,1200.0,1140.0,1140.0,71,0.0,0.0
2023-08-03 00:00:00-04:00,1110.0,1170.0,1110.0,1170.0,53,0.0,0.0
2023-08-04 00:00:00-04:00,1170.0,1170.0,1140.0,1170.0,82,0.0,0.0
2023-08-07 00:00:00-04:00,1140.0,1170.0,1050.0,1080.0,262,0.0,0.0
2023-08-08 00:00:00-04:00,1110.0,1140.0,1080.0,1110.0,75,0.0,0.0
2023-08-09 00:00:00-04:00,1110.0,1140.0,1080.0,1110.0,112,0.0,0.0
2023-08-10 00:00:00-04:00,1110.0,1110.0,990.0,1050.0,229,0.0,0.0
2023-08-11 00:00:00-04:00,990.0,1050.0,930.0,960.0,267,0.0,0.0
2023-08-14 00:00:00-04:00,960.0,960.0,840.0,870.0,358,0.0,0.0
2023-08-15 00:00:00-04:00,870.0,900.0,840.0,840.0,123,0.0,0.0
2023-08-16 00:00:00-04:00,840.0,870.0,810.0,840.0,89,0.0,0.0
2023-08-17 00:00:00-04:00,840.0,900.0,810.0,900.0,184,0.0,0.0
2023-08-18 00:00:00-04:00,870.0,900.0,810.0,840.0,193,0.0,0.0
2023-08-21 00:00:00-04:00,900.0,1050.0,840.0,1020.0,1737,0.0,0.0
2023-08-22 00:00:00-04:00,990.0,1020.0,870.0,930.0,295,0.0,0.0
2023-08-23 00:00:00-04:00,900.0,960.0,870.0,930.0,148,0.0,0.0
2023-08-24 00:00:00-04:00,870.0,930.0,870.0,900.0,156,0.0,0.0
2023-08-25 00:00:00-04:00,900.0,960.0,870.0,960.0,139,0.0,0.0
2023-08-28 00:00:00-04:00,960.0,960.0,900.0,930.0,67,0.0,0.0
2023-08-29 00:00:00-04:00,930.0,960.0,900.0,960.0,179,0.0,0.0
2023-08-30 00:00:00-04:00,930.0,960.0,900.0,930.0,49,0.0,0.0
2023-08-31 00:00:00-04:00,900.0,960.0,870.0,900.0,89,0.0,0.0
2023-09-01 00:00:00-04:00,930.0,960.0,870.0,900.0,58,0.0,0.0
2023-09-05 00:00:00-04:00,900.0,930.0,900.0,900.0,62,0.0,0.0
2023-09-06 00:00:00-04:00,900.0,930.0,870.0,870.0,57,0.0,0.0
2023-09-07 00:00:00-04:00,870.0,900.0,840.0,840.0,79,0.0,0.0
2023-09-08 00:00:00-04:00,870.0,870.0,810.0,810.0,55,0.0,0.0
2023-09-11 00:00:00-04:00,840.0,870.0,720.0,780.0,161,0.0,0.0
2023-09-12 00:00:00-04:00,810.0,810.0,750.0,780.0,65,0.0,0.0
2023-09-13 00:00:00-04:00,780.0,810.0,780.0,810.0,43,0.0,0.0
2023-09-14 00:00:00-04:00,810.0,810.0,750.0,780.0,54,0.0,0.0
2023-09-15 00:00:00-04:00,780.0,810.0,750.0,780.0,44,0.0,0.0
2023-09-18 00:00:00-04:00,810.0,810.0,750.0,750.0,36,0.0,0.0
2023-09-19 00:00:00-04:00,750.0,780.0,750.0,780.0,35,0.0,0.0
2023-09-20 00:00:00-04:00,780.0,780.0,780.0,780.0,30,0.0,0.0
2023-09-21 00:00:00-04:00,780.0,780.0,750.0,750.0,32,0.0,0.0
2023-09-22 00:00:00-04:00,780.0,780.0,750.0,750.0,73,0.0,0.0
2023-09-25 00:00:00-04:00,750.0,780.0,750.0,750.0,38,0.0,0.0
2023-09-26 00:00:00-04:00,720.0,780.0,600.0,690.0,333,0.0,0.0
2023-09-27 00:00:00-04:00,690.0,750.0,690.0,690.0,31,0.0,0.0
2023-09-28 00:00:00-04:00,690.0,720.0,660.0,690.0,25,0.0,0.0
2023-09-29 00:00:00-04:00,690.0,720.0,690.0,690.0,34,0.0,0.0
2023-10-02 00:00:00-04:00,690.0,720.0,660.0,690.0,61,0.0,0.0
2023-10-03 00:00:00-04:00,690.0,720.0,660.0,690.0,25,0.0,0.0
2023-10-04 00:00:00-04:00,690.0,690.0,660.0,660.0,54,0.0,0.0
2023-10-05 00:00:00-04:00,660.0,660.0,630.0,630.0,14,0.0,0.0
2023-10-06 00:00:00-04:00,630.0,690.0,630.0,660.0,78,0.0,0.0
2023-10-09 00:00:00-04:00,660.0,660.0,630.0,660.0,13,0.0,0.0
2023-10-10 00:00:00-04:00,660.0,660.0,660.0,660.0,26,0.0,0.0
2023-10-11 00:00:00-04:00,660.0,690.0,660.0,690.0,221,0.0,0.0
2023-10-12 00:00:00-04:00,720.0,780.0,690.0,720.0,318,0.0,0.0
2023-10-13 00:00:00-04:00,720.0,750.0,720.0,750.0,43,0.0,0.0
2023-10-16 00:00:00-04:00,720.0,750.0,690.0,720.0,70,0.0,0.0
2023-10-17 00:00:00-04:00,690.0,750.0,690.0,750.0,25,0.0,0.0
2023-10-18 00:00:00-04:00,750.0,780.0,720.0,780.0,23,0.0,0.0
2023-10-19 00:00:00-04:00,750.0,750.0,690.0,750.0,50,0.0,0.0
2023-10-20 00:00:00-04:00,720.0,720.0,660.0,690.0,26,0.0,0.0
2023-10-23 00:00:00-04:00,690.0,750.0,690.0,690.0,10,0.0,0.0
2023-10-24 00:00:00-04:00,690.0,720.0,660.0,690.0,22,0.0,0.0
2023-10-25 00:00:00-04:00,720.0,720.0,630.0,660.0,32,0.0,0.0
2023-10-26 00:00:00-04:00,690.0,690.0,630.0,690.0,33,0.0,0.0
2023-10-27 00:00:00-04:00,660.0,690.0,600.0,630.0,90,0.0,0.0
2023-10-30 00:00:00-04:00,660.0,690.0,630.0,630.0,84,0.0,0.0
2023-10-31 00:00:00-04:00,630.0,630.0,600.0,630.0,156,0.0,0.0
2023-11-01 00:00:00-04:00,630.0,630.0,600.0,630.0,75,0.0,0.0
2023-11-02 00:00:00-04:00,660.0,660.0,540.0,600.0,69,0.0,0.0
2023-11-03 00:00:00-04:00,630.0,690.0,600.0,690.0,110,0.0,0.0
2023-11-06 00:00:00-05:00,690.0,690.0,660.0,690.0,27,0.0,0.0
2023-11-07 00:00:00-05:00,690.0,720.0,630.0,690.0,78,0.0,0.0
2023-11-08 00:00:00-05:00,690.0,720.0,660.0,690.0,25,0.0,0.0
2023-11-09 00:00:00-05:00,690.0,690.0,660.0,690.0,30,0.0,0.0
2023-11-10 00:00:00-05:00,690.0,690.0,660.0,660.0,18,0.0,0.0
2023-11-13 00:00:00-05:00,660.0,660.0,630.0,630.0,25,0.0,0.0
2023-11-14 00:00:00-05:00,630.0,660.0,600.0,630.0,49,0.0,0.0
2023-11-15 00:00:00-05:00,630.0,660.0,600.0,630.0,140,0.0,0.0
2023-11-16 00:00:00-05:00,600.0,630.0,570.0,600.0,64,0.0,0.0
2023-11-17 00:00:00-05:00,630.0,630.0,570.0,600.0,27,0.0,0.0
2023-11-20 00:00:00-05:00,600.0,630.0,570.0,600.0,77,0.0,0.0
2023-11-21 00:00:00-05:00,600.0,600.0,540.0,540.0,175,0.0,0.0
2023-11-22 00:00:00-05:00,570.0,570.0,510.0,510.0,208,0.0,0.0
2023-11-24 00:00:00-05:00,510.0,750.0,510.0,570.0,872,0.0,0.0
2023-11-27 00:00:00-05:00,600.0,660.0,570.0,570.0,279,0.0,0.0
2023-11-28 00:00:00-05:00,570.0,600.0,570.0,570.0,120,0.0,0.0
2023-11-29 00:00:00-05:00,600.0,630.0,570.0,570.0,138,0.0,0.0
2023-11-30 00:00:00-05:00,600.0,660.0,570.0,570.0,202,0.0,0.0
2023-12-01 00:00:00-05:00,600.0,690.0,570.0,660.0,242,0.0,0.0
2023-12-04 00:00:00-05:00,690.0,690.0,630.0,660.0,101,0.0,0.0
2023-12-05 00:00:00-05:00,660.0,690.0,660.0,690.0,78,0.0,0.0
2023-12-06 00:00:00-05:00,660.0,720.0,660.0,720.0,137,0.0,0.0
2023-12-07 00:00:00-05:00,720.0,720.0,660.0,690.0,33,0.0,0.0
2023-12-08 00:00:00-05:00,690.0,690.0,600.0,630.0,69,0.0,0.0
2023-12-11 00:00:00-05:00,630.0,660.0,630.0,660.0,31,0.0,0.0
2023-12-12 00:00:00-05:00,600.0,630.0,570.0,570.0,96,0.0,0.0
2023-12-13 00:00:00-05:00,600.0,630.0,570.0,630.0,39,0.0,0.0
2023-12-14 00:00:00-05:00,570.0,660.0,570.0,660.0,58,0.0,0.0
2023-12-15 00:00:00-05:00,600.0,660.0,600.0,660.0,30,0.0,0.0
2023-12-18 00:00:00-05:00,630.0,630.0,600.0,600.0,30,0.0,0.0
2023-12-19 00:00:00-05:00,630.0,630.0,600.0,600.0,37,0.0,0.0
2023-12-20 00:00:00-05:00,570.0,600.0,570.0,600.0,54,0.0,0.0
2023-12-21 00:00:00-05:00,600.0,600.0,570.0,600.0,32,0.0,0.0
2023-12-22 00:00:00-05:00,600.0,600.0,570.0,570.0,82,0.0,0.0
2023-12-26 00:00:00-05:00,570.0,570.0,540.0,570.0,57,0.0,0.0
2023-12-27 00:00:00-05:00,570.0,600.0,540.0,600.0,78,0.0,0.0
2023-12-28 00:00:00-05:00,570.0,600.0,540.0,570.0,52,0.0,0.0
2023-12-29 00:00:00-05:00,570.0,690.0,570.0,660.0,426,0.0,0.0
2024-01-02 00:00:00-05:00,660.0,720.0,630.0,690.0,169,0.0,0.0
2024-01-03 00:00:00-05:00,660.0,690.0,570.0,600.0,135,0.0,0.0
2024-01-04 00:00:00-05:00,570.0,630.0,570.0,630.0,172,0.0,0.0
2024-01-05 00:00:00-05:00,600.0,630.0,570.0,600.0,187,0.0,0.0
2024-01-08 00:00:00-05:00,600.0,600.0,570.0,600.0,102,0.0,0.0
2024-01-09 00:00:00-05:00,570.0,600.0,570.0,570.0,39,0.0,0.0
2024-01-10 00:00:00-05:00,570.0,570.0,540.0,570.0,45,0.0,0.0
2024-01-11 00:00:00-05:00,570.0,570.0,540.0,540.0,68,0.0,0.0
2024-01-12 00:00:00-05:00,570.0,570.0,540.0,570.0,41,0.0,0.0
2024-01-16 00:00:00-05:00,570.0,570.0,540.0,570.0,16,0.0,0.0
2024-01-17 00:00:00-05:00,540.0,600.0,510.0,540.0,97,0.0,0.0
2024-01-18 00:00:00-05:00,570.0,570.0,540.0,570.0,40,0.0,0.0
2024-01-19 00:00:00-05:00,570.0,570.0,540.0,540.0,30,0.0,0.0
2024-01-22 00:00:00-05:00,540.0,570.0,510.0,540.0,56,0.0,0.0
2024-01-23 00:00:00-05:00,540.0,570.0,510.0,570.0,53,0.0,0.0
2024-01-24 00:00:00-05:00,570.0,570.0,510.0,540.0,29,0.0,0.0
2024-01-25 00:00:00-05:00,540.0,540.0,510.0,540.0,18,0.0,0.0
2024-01-26 00:00:00-05:00,540.0,540.0,540.0,540.0,48,0.0,0.0
2024-01-29 00:00:00-05:00,540.0,570.0,510.0,540.0,26,0.0,0.0
2024-01-30 00:00:00-05:00,540.0,570.0,540.0,540.0,9,0.0,0.0
2024-01-31 00:00:00-05:00,540.0,540.0,510.0,540.0,12,0.0,0.0
2024-02-01 00:00:00-05:00,570.0,570.0,510.0,540.0,45,0.0,0.0
2024-02-02 00:00:00-05:00,540.0,540.0,510.0,540.0,12,0.0,0.0
2024-02-05 00:00:00-05:00,510.0,540.0,510.0,510.0,17,0.0,0.0
2024-02-06 00:00:00-05:00,540.0,540.0,510.0,510.0,27,0.0,0.0
2024-02-07 00:00:00-05:00,540.0,540.0,510.0,540.0,133,0.0,0.0
2024-02-08 00:00:00-05:00,630.0,660.0,570.0,630.0,1197,0.0,0.0
2024-02-09 00:00:00-05:00,720.0,720.0,630.0,630.0,1149,0.0,0.0
2024-02-12 00:00:00-05:00,720.0,720.0,570.0,600.0,144,0.0,0.0
2024-02-13 00:00:00-05:00,600.0,660.0,570.0,630.0,171,0.0,0.0
2024-02-14 00:00:00-05:00,630.0,630.0,600.0,630.0,126,0.0,0.0
2024-02-15 00:00:00-05:00,630.0,720.0,600.0,660.0,481,0.0,0.0
2024-02-16 00:00:00-05:00,690.0,720.0,600.0,690.0,499,0.0,0.0
2024-02-20 00:00:00-05:00,690.0,720.0,660.0,720.0,156,0.0,0.0
2024-02-21 00:00:00-05:00,720.0,720.0,630.0,660.0,101,0.0,0.0
2024-02-22 00:00:00-05:00,660.0,660.0,630.0,630.0,176,0.0,0.0
2024-02-23 00:00:00-05:00,630.0,660.0,570.0,600.0,109,0.0,0.0
2024-02-26 00:00:00-05:00,630.0,660.0,600.0,630.0,69,0.0,0.0
2024-02-27 00:00:00-05:00,600.0,630.0,600.0,630.0,47,0.0,0.0
2024-02-28 00:00:00-05:00,570.0,630.0,510.0,540.0,476,0.0,0.0
2024-02-29 00:00:00-05:00,510.0,540.0,480.0,480.0,644,0.0,0.0
2024-03-01 00:00:00-05:00,450.0,477.0,414.0,436.5,614,0.0,0.05
2024-03-04 00:00:00-05:00,430.5,430.5,384.0,397.5,360,0.0,0.0
2024-03-05 00:00:00-05:00,423.0,478.5,358.5,462.0,17521,0.0,0.0
2024-03-06 00:00:00-05:00,423.0,450.0,423.0,427.5,823,0.0,0.0
2024-03-07 00:00:00-05:00,429.0,448.5,406.5,432.0,1002,0.0,0.0
2024-03-08 00:00:00-05:00,427.5,478.5,415.5,429.0,1053,0.0,0.0
2024-03-11 00:00:00-04:00,444.0,477.0,417.0,435.0,211,0.0,0.0
2024-03-12 00:00:00-04:00,441.0,471.0,426.0,430.5,515,0.0,0.0
2024-03-13 00:00:00-04:00,421.5,457.5,421.5,442.5,149,0.0,0.0
2024-03-14 00:00:00-04:00,441.0,472.5,430.5,445.5,440,0.0,0.0
2024-03-15 00:00:00-04:00,432.0,448.5,427.5,436.5,141,0.0,0.0
2024-03-18 00:00:00-04:00,427.5,451.5,427.5,436.5,101,0.0,0.0
2024-03-19 00:00:00-04:00,448.5,448.5,435.0,438.0,121,0.0,0.0
2024-03-20 00:00:00-04:00,424.5,463.5,424.5,457.5,292,0.0,0.0
2024-03-21 00:00:00-04:00,460.5,511.5,454.5,480.0,505,0.0,0.0
2024-03-22 00:00:00-04:00,474.0,502.5,472.5,475.5,235,0.0,0.0
2024-03-25 00:00:00-04:00,475.5,538.5,475.5,534.0,469,0.0,0.0
2024-03-26 00:00:00-04:00,511.5,537.0,496.5,513.0,201,0.0,0.0
2024-03-27 00:00:00-04:00,511.5,511.5,489.0,496.5,54,0.0,0.0
2024-03-28 00:00:00-04:00,489.0,508.5,453.0,472.5,52,0.0,0.0
2024-04-01 00:00:00-04:00,459.0,486.0,459.0,486.0,77,0.0,0.0
2024-04-02 00:00:00-04:00,471.0,490.5,465.0,465.0,29,0.0,0.0
2024-04-03 00:00:00-04:00,465.0,472.5,451.5,456.0,63,0.0,0.0
2024-04-04 00:00:00-04:00,472.5,490.5,456.0,466.5,65,0.0,0.0
2024-04-05 00:00:00-04:00,456.0,475.5,450.0,453.0,22,0.0,0.0
2024-04-08 00:00:00-04:00,472.5,472.5,450.0,450.0,23,0.0,0.0
2024-04-09 00:00:00-04:00,480.0,480.0,451.5,465.0,15,0.0,0.0
2024-04-10 00:00:00-04:00,472.5,508.5,472.5,477.0,225,0.0,0.0
2024-04-11 00:00:00-04:00,477.0,480.0,460.5,460.5,67,0.0,0.0
2024-04-12 00:00:00-04:00,454.5,462.0,436.5,450.0,67,0.0,0.0
2024-04-15 00:00:00-04:00,448.5,448.5,430.5,435.0,66,0.0,0.0
2024-04-16 00:00:00-04:00,423.0,493.5,423.0,442.5,269,0.0,0.0
2024-04-17 00:00:00-04:00,468.0,468.0,421.5,444.0,119,0.0,0.0
2024-04-18 00:00:00-04:00,421.5,435.0,421.5,424.5,38,0.0,0.0
2024-04-19 00:00:00-04:00,424.5,429.0,424.5,429.0,20,0.0,0.0
2024-04-22 00:00:00-04:00,450.0,450.0,450.0,450.0,5,0.0,0.0
2024-04-23 00:00:00-04:00,432.0,450.0,432.0,439.5,20,0.0,0.0
2024-04-24 00:00:00-04:00,426.0,439.5,426.0,429.0,31,0.0,0.0
2024-04-25 00:00:00-04:00,429.0,429.0,424.5,424.5,15,0.0,0.0
2024-04-26 00:00:00-04:00,424.5,436.5,424.5,424.5,31,0.0,0.0
2024-04-29 00:00:00-04:00,292.5,360.0,292.5,360.0,385,0.0,0.0
2024-04-30 00:00:00-04:00,358.5,358.5,342.0,349.5,53,0.0,0.0
2024-05-01 00:00:00-04:00,334.5,345.0,331.5,345.0,15,0.0,0.0
2024-05-02 00:00:00-04:00,336.0,355.5,336.0,355.5,49,0.0,0.0
2024-05-03 00:00:00-04:00,358.5,367.5,349.5,351.0,37,0.0,0.0
2024-05-06 00:00:00-04:00,373.5,384.0,360.0,370.5,40,0.0,0.0
2024-05-07 00:00:00-04:00,372.0,394.5,367.5,390.0,55,0.0,0.0
2024-05-08 00:00:00-04:00,379.5,417.0,379.5,414.0,64,0.0,0.0
2024-05-09 00:00:00-04:00,399.0,412.5,397.5,412.5,26,0.0,0.0
2024-05-10 00:00:00-04:00,420.0,420.0,340.5,375.0,188,0.0,0.0
2024-05-13 00:00:00-04:00,387.0,399.0,340.5,399.0,25,0.0,0.0
2024-05-14 00:00:00-04:00,378.0,408.0,370.5,399.0,57,0.0,0.0
2024-05-15 00:00:00-04:00,358.5,387.0,358.5,387.0,13,0.0,0.0
2024-05-16 00:00:00-04:00,375.0,426.0,375.0,382.5,75,0.0,0.0
2024-05-17 00:00:00-04:00,384.0,450.0,384.0,448.5,50,0.0,0.0
2024-05-20 00:00:00-04:00,445.5,450.0,411.0,445.5,38,0.0,0.0
2024-05-21 00:00:00-04:00,420.0,420.0,420.0,420.0,3,0.0,0.0
2024-05-22 00:00:00-04:00,444.0,462.0,442.5,462.0,21,0.0,0.0
2024-05-23 00:00:00-04:00,432.0,456.0,432.0,441.0,13,0.0,0.0
2024-05-24 00:00:00-04:00,406.5,448.5,406.5,448.5,10,0.0,0.0
2024-05-28 00:00:00-04:00,429.0,429.0,426.0,427.5,11,0.0,0.0
2024-05-29 00:00:00-04:00,396.0,435.0,396.0,435.0,27,0.0,0.0
2024-05-30 00:00:00-04:00,396.0,412.5,396.0,412.5,31,0.0,0.0
2024-05-31 00:00:00-04:00,397.5,430.5,397.5,430.5,11,0.0,0.0
2024-06-03 00:00:00-04:00,408.0,414.0,393.0,393.0,18,0.0,0.0
2024-06-04 00:00:00-04:00,426.0,426.0,373.5,379.5,27,0.0,0.0
2024-06-05 00:00:00-04:00,379.5,397.5,379.5,382.5,10,0.0,0.0
2024-06-06 00:00:00-04:00,382.5,402.0,382.5,396.0,19,0.0,0.0
2024-06-07 00:00:00-04:00,412.5,435.0,391.5,435.0,19,0.0,0.0
2024-06-10 00:00:00-04:00,414.0,414.0,403.5,403.5,6,0.0,0.0
2024-06-11 00:00:00-04:00,345.0,375.0,345.0,363.0,200,0.0,0.0
2024-06-12 00:00:00-04:00,360.0,382.5,354.0,367.5,45,0.0,0.0
2024-06-13 00:00:00-04:00,351.0,372.0,351.0,372.0,10,0.0,0.0
2024-06-14 00:00:00-04:00,360.0,360.0,354.0,354.0,9,0.0,0.0
2024-06-17 00:00:00-04:00,352.5,360.0,345.0,351.0,49,0.0,0.0
2024-06-18 00:00:00-04:00,351.0,354.0,351.0,351.0,5,0.0,0.0
2024-06-20 00:00:00-04:00,352.5,372.0,348.0,348.0,37,0.0,0.0
2024-06-21 00:00:00-04:00,348.0,348.0,346.5,346.5,8,0.0,0.0
2024-06-24 00:00:00-04:00,346.5,346.5,346.5,346.5,0,0.0,0.0
2024-06-25 00:00:00-04:00,352.5,364.5,346.5,346.5,23,0.0,0.0
2024-06-26 00:00:00-04:00,343.5,343.5,337.5,337.5,9,0.0,0.0
2024-06-27 00:00:00-04:00,325.5,345.0,316.5,331.5,45,0.0,0.0
2024-06-28 00:00:00-04:00,337.5,342.0,331.5,331.5,47,0.0,0.0
2024-07-01 00:00:00-04:00,328.5,337.5,325.5,337.5,28,0.0,0.0
2024-07-02 00:00:00-04:00,331.5,337.5,331.5,337.5,7,0.0,0.0
2024-07-03 00:00:00-04:00,339.0,339.0,339.0,339.0,11,0.0,0.0
2024-07-05 00:00:00-04:00,330.0,340.5,330.0,340.5,6,0.0,0.0
2024-07-08 00:00:00-04:00,321.0,328.5,319.5,328.5,13,0.0,0.0
2024-07-09 00:00:00-04:00,339.0,339.0,339.0,339.0,4,0.0,0.0
2024-07-10 00:00:00-04:00,357.0,357.0,331.5,342.0,19,0.0,0.0
2024-07-11 00:00:00-04:00,345.0,352.5,339.0,352.5,24,0.0,0.0
2024-07-12 00:00:00-04:00,325.5,345.0,319.5,333.0,59,0.0,0.0
2024-07-15 00:00:00-04:00,343.5,355.5,324.0,355.5,31,0.0,0.0
2024-07-16 00:00:00-04:00,330.0,357.0,330.0,357.0,13,0.0,0.0
2024-07-17 00:00:00-04:00,352.5,363.0,349.5,361.5,7,0.0,0.0
2024-07-18 00:00:00-04:00,375.0,375.0,348.0,352.5,13,0.0,0.0
2024-07-19 00:00:00-04:00,373.5,373.5,345.0,361.5,18,0.0,0.0
2024-07-22 00:00:00-04:00,360.0,372.0,340.5,357.0,13,0.0,0.0
2024-07-23 00:00:00-04:00,358.5,366.0,355.5,366.0,13,0.0,0.0
2024-07-24 00:00:00-04:00,363.0,363.0,334.5,334.5,7,0.0,0.0
2024-07-25 00:00:00-04:00,345.0,361.5,339.0,352.5,22,0.0,0.0
2024-07-26 00:00:00-04:00,364.5,366.0,351.0,355.5,24,0.0,0.0
2024-07-29 00:00:00-04:00,352.5,388.5,352.5,387.0,48,0.0,0.0
2024-07-30 00:00:00-04:00,388.5,402.0,367.5,382.5,160,0.0,0.0
2024-07-31 00:00:00-04:00,382.5,397.5,373.5,397.5,24,0.0,0.0
2024-08-01 00:00:00-04:00,397.5,397.5,388.5,393.0,17,0.0,0.0
2024-08-02 00:00:00-04:00,387.0,393.0,375.0,382.5,19,0.0,0.0
2024-08-05 00:00:00-04:00,375.0,375.0,328.5,331.5,101,0.0,0.0
2024-08-06 00:00:00-04:00,343.5,366.0,331.5,361.5,20,0.0,0.0
2024-08-07 00:00:00-04:00,357.0,369.0,339.0,339.0,27,0.0,0.0
2024-08-08 00:00:00-04:00,355.5,360.0,312.0,312.0,51,0.0,0.0
2024-08-09 00:00:00-04:00,313.5,313.5,258.0,297.0,167,0.0,0.0
2024-08-12 00:00:00-04:00,304.5,331.5,291.0,294.0,77,0.0,0.0
2024-08-13 00:00:00-04:00,303.0,312.0,285.0,285.0,29,0.0,0.0
2024-08-14 00:00:00-04:00,292.5,292.5,280.5,291.0,57,0.0,0.0
2024-08-15 00:00:00-04:00,292.5,292.5,280.5,280.5,89,0.0,0.0
2024-08-16 00:00:00-04:00,280.5,300.0,273.0,279.0,92,0.0,0.0
2024-08-19 00:00:00-04:00,300.0,300.0,289.5,289.5,33,0.0,0.0
2024-08-20 00:00:00-04:00,289.5,289.5,277.5,279.0,37,0.0,0.0
2024-08-21 00:00:00-04:00,297.0,297.0,267.0,267.0,97,0.0,0.0
2024-08-22 00:00:00-04:00,267.0,277.5,249.0,255.0,97,0.0,0.0
2024-08-23 00:00:00-04:00,255.0,280.5,234.0,240.0,56,0.0,0.0
2024-08-26 00:00:00-04:00,244.5,285.0,244.5,252.0,133,0.0,0.0
2024-08-27 00:00:00-04:00,250.5,283.5,234.0,234.0,151,0.0,0.0
2024-08-28 00:00:00-04:00,235.5,240.0,208.5,208.5,109,0.0,0.0
2024-08-29 00:00:00-04:00,220.5,235.5,201.0,226.5,191,0.0,0.0
2024-08-30 00:00:00-04:00,240.0,247.5,238.5,243.0,32,0.0,0.0
2024-09-03 00:00:00-04:00,232.5,268.5,228.0,247.5,95,0.0,0.0
2024-09-04 00:00:00-04:00,247.5,255.0,247.5,255.0,75,0.0,0.0
2024-09-05 00:00:00-04:00,252.0,252.0,244.5,247.5,8,0.0,0.0
2024-09-06 00:00:00-04:00,250.5,250.5,226.5,226.5,7,0.0,0.0
2024-09-09 00:00:00-04:00,238.5,238.5,232.5,232.5,11,0.0,0.0
2024-09-10 00:00:00-04:00,232.5,232.5,232.5,232.5,3,0.0,0.0
2024-09-11 00:00:00-04:00,250.5,250.5,240.0,247.5,43,0.0,0.0
2024-09-12 00:00:00-04:00,247.5,247.5,226.5,226.5,12,0.0,0.0
2024-09-13 00:00:00-04:00,241.5,249.0,235.5,235.5,19,0.0,0.0
2024-09-16 00:00:00-04:00,250.5,250.5,232.5,249.0,3,0.0,0.0
2024-09-17 00:00:00-04:00,249.0,249.0,249.0,249.0,0,0.0,0.0
2024-09-18 00:00:00-04:00,237.0,247.5,232.5,232.5,9,0.0,0.0
2024-09-19 00:00:00-04:00,232.5,249.0,232.5,240.0,15,0.0,0.0
2024-09-20 00:00:00-04:00,244.5,244.5,240.0,240.0,5,0.0,0.0
2024-09-23 00:00:00-04:00,246.0,247.5,243.0,243.0,9,0.0,0.0
2024-09-24 00:00:00-04:00,246.0,255.0,232.5,250.5,33,0.0,0.0
2024-09-25 00:00:00-04:00,247.5,247.5,240.0,241.5,11,0.0,0.0
2024-09-26 00:00:00-04:00,255.0,255.0,252.0,255.0,15,0.0,0.0
2024-09-27 00:00:00-04:00,262.5,274.5,262.5,268.5,38,0.0,0.0
2024-09-30 00:00:00-04:00,292.5,340.5,292.5,334.5,217,0.0,0.0
2024-10-01 00:00:00-04:00,340.5,438.0,325.5,420.0,1702,0.0,0.0
2024-10-02 00:00:00-04:00,439.5,454.5,321.0,366.0,905,0.0,0.0
2024-10-03 00:00:00-04:00,360.0,360.0,292.5,321.0,225,0.0,0.0
2024-10-04 00:00:00-04:00,310.5,310.5,280.5,295.5,213,0.0,0.0
2024-10-07 00:00:00-04:00,298.5,315.0,291.0,313.5,260,0.0,0.0
2024-10-08 00:00:00-04:00,312.0,313.5,283.5,297.0,131,0.0,0.0
2024-10-09 00:00:00-04:00,289.5,307.5,289.5,292.5,87,0.0,0.0
2024-10-10 00:00:00-04:00,289.5,289.5,280.5,289.5,17,0.0,0.0
2024-10-11 00:00:00-04:00,280.5,300.0,280.5,285.0,61,0.0,0.0
2024-10-14 00:00:00-04:00,280.5,282.0,262.5,265.5,69,0.0,0.0
2024-10-15 00:00:00-04:00,261.0,282.0,255.0,273.0,49,0.0,0.0
2024-10-16 00:00:00-04:00,286.5,298.5,268.5,280.5,63,0.0,0.0
2024-10-17 00:00:00-04:00,265.5,279.0,259.5,267.0,104,0.0,0.0
2024-10-18 00:00:00-04:00,280.5,291.0,271.5,283.5,61,0.0,0.0
2024-10-21 00:00:00-04:00,286.5,288.0,270.0,274.5,60,0.0,0.0
2024-10-22 00:00:00-04:00,270.0,279.0,270.0,271.5,21,0.0,0.0
2024-10-23 00:00:00-04:00,271.5,277.5,270.0,273.0,35,0.0,0.0
2024-10-24 00:00:00-04:00,273.0,279.0,270.0,276.0,45,0.0,0.0
2024-10-25 00:00:00-04:00,279.0,357.0,270.0,328.5,452,0.0,0.0
2024-10-28 00:00:00-04:00,340.5,375.0,339.0,364.5,298,0.0,0.0
2024-10-29 00:00:00-04:00,318.0,397.5,318.0,354.0,75,0.0,0.0
2024-10-30 00:00:00-04:00,342.0,382.5,337.5,349.5,103,0.0,0.0
2024-10-31 00:00:00-04:00,372.0,390.0,352.5,379.5,137,0.0,0.0
2024-11-01 00:00:00-04:00,379.5,379.5,303.0,349.5,75,0.0,0.0
2024-11-04 00:00:00-05:00,333.0,355.5,322.5,342.0,190,0.0,0.0
2024-11-05 00:00:00-05:00,333.0,346.5,316.5,333.0,90,0.0,0.0
2024-11-06 00:00:00-05:00,310.5,330.0,310.5,325.5,40,0.0,0.0
2024-11-07 00:00:00-05:00,342.0,348.0,327.0,330.0,25,0.0,0.0
2024-11-08 00:00:00-05:00,307.5,330.0,307.5,328.5,77,0.0,0.0
2024-11-11 00:00:00-05:00,318.0,319.5,307.5,309.0,31,0.0,0.0
2024-11-12 00:00:00-05:00,313.5,318.0,313.5,318.0,7,0.0,0.0
2024-11-13 00:00:00-05:00,333.0,336.0,318.0,324.0,14,0.0,0.0
2024-11-14 00:00:00-05:00,325.5,330.0,312.0,319.5,22,0.0,0.0
2024-11-15 00:00:00-05:00,315.0,315.0,315.0,315.0,38,0.0,0.0
2024-11-18 00:00:00-05:00,319.5,324.0,301.5,301.5,20,0.0,0.0
2024-11-19 00:00:00-05:00,298.5,322.5,298.5,304.5,44,0.0,0.0
2024-11-20 00:00:00-05:00,288.0,297.0,277.5,277.5,21,0.0,0.0
2024-11-21 00:00:00-05:00,303.0,303.0,285.0,297.0,45,0.0,0.0
2024-11-22 00:00:00-05:00,310.5,310.5,300.0,300.0,7,0.0,0.0
2024-11-25 00:00:00-05:00,310.5,312.0,285.0,301.5,236,0.0,0.0
2024-11-26 00:00:00-05:00,300.0,315.0,298.5,313.5,27,0.0,0.0
2024-11-27 00:00:00-05:00,298.5,310.5,294.0,304.5,16,0.0,0.0
2024-11-29 00:00:00-05:00,313.5,313.5,295.5,301.5,7,0.0,0.0
2024-12-02 00:00:00-05:00,307.5,312.0,301.5,307.5,29,0.0,0.0
2024-12-03 00:00:00-05:00,304.5,304.5,288.0,288.0,13,0.0,0.0
2024-12-04 00:00:00-05:00,312.0,312.0,297.0,301.5,12,0.0,0.0
2024-12-05 00:00:00-05:00,312.0,312.0,298.5,298.5,15,0.0,0.0
2024-12-06 00:00:00-05:00,298.5,301.5,298.5,301.5,11,0.0,0.0
2024-12-09 00:00:00-05:00,312.0,315.0,306.0,306.0,23,0.0,0.0
2024-12-10 00:00:00-05:00,307.5,307.5,286.5,300.0,48,0.0,0.0
2024-12-11 00:00:00-05:00,301.5,301.5,280.5,280.5,51,0.0,0.0
2024-12-12 00:00:00-05:00,285.0,291.0,276.0,280.5,39,0.0,0.0
2024-12-13 00:00:00-05:00,282.0,282.0,270.0,277.5,34,0.0,0.0
2024-12-16 00:00:00-05:00,277.5,288.0,277.5,282.0,77,0.0,0.0
2024-12-17 00:00:00-05:00,267.0,289.5,267.0,273.0,31,0.0,0.0
2024-12-18 00:00:00-05:00,283.5,283.5,271.5,273.0,15,0.0,0.0
2024-12-19 00:00:00-05:00,268.5,268.5,258.0,258.0,35,0.0,0.0
2024-12-20 00:00:00-05:00,264.0,264.0,241.5,249.0,39,0.0,0.0
2024-12-23 00:00:00-05:00,249.0,271.5,249.0,262.5,61,0.0,0.0
2024-12-24 00:00:00-05:00,262.5,273.0,259.5,270.0,45,0.0,0.0
2024-12-26 00:00:00-05:00,264.0,286.5,256.5,285.0,122,0.0,0.0
2024-12-27 00:00:00-05:00,273.0,286.5,249.0,271.5,117,0.0,0.0
2024-12-30 00:00:00-05:00,255.0,270.0,246.0,270.0,96,0.0,0.0
2024-12-31 00:00:00-05:00,258.0,268.5,250.5,265.5,32,0.0,0.0
2025-01-02 00:00:00-05:00,268.5,282.0,261.0,274.5,40,0.0,0.0
2025-01-03 00:00:00-05:00,274.5,274.5,273.0,273.0,5,0.0,0.0
2025-01-06 00:00:00-05:00,271.5,339.0,268.5,333.0,748,0.0,0.0
2025-01-07 00:00:00-05:00,330.0,339.0,304.5,309.0,220,0.0,0.0
2025-01-08 00:00:00-05:00,288.0,300.0,283.5,283.5,52,0.0,0.0
2025-01-10 00:00:00-05:00,295.5,337.5,295.5,297.0,131,0.0,0.0
2025-01-13 00:00:00-05:00,342.0,342.0,288.0,295.5,53,0.0,0.0
2025-01-14 00:00:00-05:00,294.0,294.0,280.5,291.0,29,0.0,0.0
2025-01-15 00:00:00-05:00,283.5,295.5,282.0,289.5,27,0.0,0.0
2025-01-16 00:00:00-05:00,289.5,289.5,277.5,277.5,35,0.0,0.0
2025-01-17 00:00:00-05:00,288.0,295.5,252.0,262.5,412,0.0,0.0
2025-01-21 00:00:00-05:00,276.0,276.0,264.0,264.0,8,0.0,0.0
2025-01-22 00:00:00-05:00,265.5,267.0,250.5,252.0,84,0.0,0.0
2025-01-23 00:00:00-05:00,252.0,264.0,252.0,252.0,21,0.0,0.0
2025-01-24 00:00:00-05:00,252.0,268.5,246.0,264.0,45,0.0,0.0
2025-01-27 00:00:00-05:00,276.0,276.0,246.0,253.5,101,0.0,0.0
2025-01-28 00:00:00-05:00,235.5,265.5,235.5,247.5,51,0.0,0.0
2025-01-29 00:00:00-05:00,247.5,247.5,237.0,238.5,71,0.0,0.0
2025-01-30 00:00:00-05:00,238.5,240.0,238.5,238.5,11,0.0,0.0
2025-01-31 00:00:00-05:00,238.5,238.5,238.5,238.5,9,0.0,0.0
2025-02-03 00:00:00-05:00,237.0,238.5,204.0,210.0,1740,0.0,0.0
2025-02-04 00:00:00-05:00,202.5,213.0,202.5,210.0,141,0.0,0.0
2025-02-05 00:00:00-05:00,204.0,208.5,204.0,208.5,37,0.0,0.0
2025-02-06 00:00:00-05:00,210.0,223.5,208.5,223.5,51,0.0,0.0
2025-02-07 00:00:00-05:00,222.0,222.0,214.5,217.5,40,0.0,0.0
2025-02-10 00:00:00-05:00,216.0,216.0,198.0,201.0,251,0.0,0.0
2025-02-11 00:00:00-05:00,202.5,204.0,193.5,195.0,133,0.0,0.0
2025-02-12 00:00:00-05:00,204.0,204.0,199.5,201.0,14,0.0,0.0
2025-02-13 00:00:00-05:00,204.0,204.0,195.0,201.0,26,0.0,0.0
2025-02-14 00:00:00-05:00,202.5,204.0,199.5,199.5,19,0.0,0.0
2025-02-18 00:00:00-05:00,195.0,202.5,195.0,202.5,13,0.0,0.0
2025-02-19 00:00:00-05:00,202.5,202.5,196.5,199.5,23,0.0,0.0
2025-02-20 00:00:00-05:00,195.0,204.0,195.0,202.5,63,0.0,0.0
2025-02-21 00:00:00-05:00,202.5,207.0,202.5,207.0,74,0.0,0.0
2025-02-24 00:00:00-05:00,210.0,261.0,208.5,246.0,724,0.0,0.0
2025-02-25 00:00:00-05:00,244.5,255.0,219.0,219.0,415,0.0,0.0
2025-02-26 00:00:00-05:00,211.5,229.5,210.0,229.5,139,0.0,0.0
2025-02-27 00:00:00-05:00,220.5,243.0,220.5,229.5,147,0.0,0.0
2025-02-28 00:00:00-05:00,243.0,243.0,226.5,241.5,45,0.0,0.0
2025-03-03 00:00:00-05:00,235.5,240.0,228.0,228.0,39,0.0,0.0
2025-03-04 00:00:00-05:00,627.0,675.0,204.0,216.0,141530,0.0,0.0
2025-03-05 00:00:00-05:00,196.5,202.5,175.5,181.5,8701,0.0,0.0
2025-03-06 00:00:00-05:00,166.5,177.0,148.5,153.0,3045,0.0,0.0
2025-03-07 00:00:00-05:00,142.5,144.0,127.5,135.0,1639,0.0,0.0
2025-03-10 00:00:00-04:00,135.0,142.5,111.0,120.0,881,0.0,0.0
2025-03-11 00:00:00-04:00,120.0,147.0,108.0,142.5,1702,0.0,0.0
2025-03-12 00:00:00-04:00,138.0,154.5,132.0,145.5,607,0.0,0.0
2025-03-13 00:00:00-04:00,141.0,147.0,129.0,142.5,235,0.0,0.0
2025-03-14 00:00:00-04:00,142.5,153.0,142.5,150.0,207,0.0,0.0
2025-03-17 00:00:00-04:00,139.5,148.5,120.0,147.0,118,0.0,0.0
2025-03-18 00:00:00-04:00,144.0,151.5,136.5,145.5,155,0.0,0.0
2025-03-19 00:00:00-04:00,129.0,150.0,129.0,139.5,45,0.0,0.0
2025-03-20 00:00:00-04:00,139.5,150.0,132.0,133.5,315,0.0,0.0
2025-03-21 00:00:00-04:00,133.5,147.0,132.0,141.0,190,0.0,0.0
2025-03-24 00:00:00-04:00,135.0,144.0,132.0,139.5,103,0.0,0.0
2025-03-25 00:00:00-04:00,139.5,150.0,133.5,141.0,97,0.0,0.0
2025-03-26 00:00:00-04:00,133.5,190.5,133.5,181.5,8599,0.0,0.0
2025-03-27 00:00:00-04:00,169.5,183.0,154.5,177.0,725,0.0,0.0
2025-03-28 00:00:00-04:00,171.0,172.5,154.5,157.5,259,0.0,0.0
2025-03-31 00:00:00-04:00,150.0,165.0,129.0,157.5,2251,0.0,0.0
2025-04-01 00:00:00-04:00,150.0,159.0,144.0,154.5,319,0.0,0.0
2025-04-02 00:00:00-04:00,150.0,171.0,150.0,171.0,353,0.0,0.0
2025-04-03 00:00:00-04:00,169.5,169.5,151.5,160.5,80,0.0,0.0
2025-04-04 00:00:00-04:00,159.0,160.5,156.0,160.5,96,0.0,0.0
2025-04-07 00:00:00-04:00,145.5,157.5,144.0,157.5,253,0.0,0.0
2025-04-08 00:00:00-04:00,148.5,159.0,148.5,154.5,126,0.0,0.0
2025-04-09 00:00:00-04:00,156.0,156.0,147.0,154.5,92,0.0,0.0
2025-04-10 00:00:00-04:00,160.5,165.0,153.0,157.5,203,0.0,0.0
2025-04-11 00:00:00-04:00,165.0,165.0,150.0,153.0,87,0.0,0.0
2025-04-14 00:00:00-04:00,141.0,154.5,141.0,154.5,28,0.0,0.0
2025-04-15 00:00:00-04:00,144.0,150.0,138.0,150.0,12,0.0,0.0
2025-04-16 00:00:00-04:00,151.5,151.5,145.5,148.5,34,0.0,0.0
2025-04-17 00:00:00-04:00,150.0,156.0,144.0,153.0,17,0.0,0.0
2025-04-21 00:00:00-04:00,139.5,147.0,139.5,147.0,11,0.0,0.0
2025-04-22 00:00:00-04:00,151.5,159.0,150.0,153.0,157,0.0,0.0
2025-04-23 00:00:00-04:00,162.0,162.0,147.0,148.5,84,0.0,0.0
2025-04-24 00:00:00-04:00,148.5,148.5,142.5,142.5,17,0.0,0.0
2025-04-25 00:00:00-04:00,141.0,148.5,141.0,148.5,85,0.0,0.0
2025-04-28 00:00:00-04:00,142.5,142.5,139.5,139.5,31,0.0,0.0
2025-04-29 00:00:00-04:00,138.0,159.0,135.0,148.5,372,0.0,0.0
2025-04-30 00:00:00-04:00,148.5,180.0,138.0,142.5,1232,0.0,0.0
2025-05-01 00:00:00-04:00,165.0,165.0,142.5,160.5,231,0.0,0.0
2025-05-02 00:00:00-04:00,166.5,166.5,144.0,160.5,21,0.0,0.0
2025-05-05 00:00:00-04:00,165.0,172.5,157.5,165.0,149,0.0,0.0
2025-05-06 00:00:00-04:00,145.5,172.5,145.5,165.0,59,0.0,0.0
2025-05-07 00:00:00-04:00,157.5,157.5,154.5,156.0,4,0.0,0.0
2025-05-08 00:00:00-04:00,148.5,172.5,148.5,154.5,45,0.0,0.0
2025-05-09 00:00:00-04:00,151.5,153.0,151.5,153.0,13,0.0,0.0
2025-05-12 00:00:00-04:00,157.5,169.5,154.5,157.5,56,0.0,0.0
2025-05-13 00:00:00-04:00,159.0,163.5,156.0,156.0,46,0.0,0.0
2025-05-14 00:00:00-04:00,162.0,169.5,153.0,166.5,124,0.0,0.0
2025-05-15 00:00:00-04:00,165.0,169.5,160.5,160.5,137,0.0,0.0
2025-05-16 00:00:00-04:00,156.0,159.0,154.5,159.0,61,0.0,0.0
2025-05-19 00:00:00-04:00,156.0,157.5,153.0,157.5,19,0.0,0.0
2025-05-20 00:00:00-04:00,153.0,154.5,151.5,154.5,15,0.0,0.0
2025-05-21 00:00:00-04:00,151.5,157.5,151.5,157.5,75,0.0,0.0
2025-05-22 00:00:00-04:00,153.0,153.0,148.5,153.0,45,0.0,0.0
2025-05-23 00:00:00-04:00,147.0,148.5,144.0,145.5,55,0.0,0.0
2025-05-27 00:00:00-04:00,145.5,148.5,144.0,148.5,119,0.0,0.0
2025-05-28 00:00:00-04:00,147.0,147.0,145.5,147.0,31,0.0,0.0
2025-05-29 00:00:00-04:00,144.0,150.0,144.0,148.5,41,0.0,0.0
2025-05-30 00:00:00-04:00,144.0,147.0,144.0,144.0,54,0.0,0.0
2025-06-02 00:00:00-04:00,144.0,144.0,144.0,144.0,0,0.0,0.0
2025-06-03 00:00:00-04:00,147.0,147.0,142.5,144.0,16,0.0,0.0
2025-06-04 00:00:00-04:00,144.0,147.0,144.0,147.0,45,0.0,0.0
2025-06-05 00:00:00-04:00,156.0,156.0,145.5,145.5,19,0.0,0.0
2025-06-06 00:00:00-04:00,150.0,150.0,144.0,144.0,6,0.0,0.0
2025-06-09 00:00:00-04:00,144.0,171.0,142.5,168.0,297,0.0,0.0
2025-06-10 00:00:00-04:00,172.5,172.5,163.5,171.0,81,0.0,0.0
2025-06-11 00:00:00-04:00,165.0,175.5,163.5,175.5,39,0.0,0.0
2025-06-12 00:00:00-04:00,172.5,184.5,172.5,184.5,96,0.0,0.0
2025-06-13 00:00:00-04:00,163.5,169.5,163.5,165.0,55,0.0,0.0
2025-06-16 00:00:00-04:00,171.0,178.5,160.5,171.0,20,0.0,0.0
2025-06-17 00:00:00-04:00,177.0,177.0,159.0,159.0,3,0.0,0.0
2025-06-18 00:00:00-04:00,159.0,171.0,159.0,168.0,81,0.0,0.0
2025-06-20 00:00:00-04:00,166.5,166.5,162.0,162.0,29,0.0,0.0
2025-06-23 00:00:00-04:00,157.5,166.5,157.5,166.5,54,0.0,0.0
2025-06-24 00:00:00-04:00,156.0,165.0,156.0,165.0,31,0.0,0.0
2025-06-25 00:00:00-04:00,165.0,165.0,156.0,157.5,6,0.0,0.0
2025-06-26 00:00:00-04:00,160.5,160.5,157.5,159.0,9,0.0,0.0
2025-06-27 00:00:00-04:00,160.5,165.0,160.5,163.5,41,0.0,0.0
2025-06-30 00:00:00-04:00,162.0,165.0,157.5,163.5,24,0.0,0.0
2025-07-01 00:00:00-04:00,172.5,172.5,160.5,160.5,19,0.0,0.0
2025-07-02 00:00:00-04:00,162.0,163.5,159.0,163.5,32,0.0,0.0
2025-07-03 00:00:00-04:00,163.5,177.0,163.5,168.0,62,0.0,0.0
2025-07-07 00:00:00-04:00,166.5,166.5,163.5,163.5,13,0.0,0.0
2025-07-08 00:00:00-04:00,163.5,163.5,163.5,163.5,0,0.0,0.0
2025-07-09 00:00:00-04:00,160.5,169.5,159.0,166.5,5,0.0,0.0
2025-07-10 00:00:00-04:00,166.5,178.5,165.0,178.5,68,0.0,0.0
2025-07-11 00:00:00-04:00,177.0,180.0,159.0,159.0,103,0.0,0.0
2025-07-14 00:00:00-04:00,159.0,159.0,159.0,159.0,0,0.0,0.0
2025-07-15 00:00:00-04:00,184.5,214.5,166.5,180.0,373,0.0,0.0
2025-07-16 00:00:00-04:00,184.5,225.0,180.0,210.0,1311,0.0,0.0
2025-07-17 00:00:00-04:00,210.0,226.5,196.5,219.0,1111,0.0,0.0
2025-07-18 00:00:00-04:00,207.0,240.0,198.0,204.0,1411,0.0,0.0
2025-07-21 00:00:00-04:00,201.0,226.5,193.5,205.5,583,0.0,0.0
2025-07-22 00:00:00-04:00,213.0,237.0,202.5,217.5,1734,0.0,0.0
2025-07-23 00:00:00-04:00,217.5,217.5,195.0,199.5,124,0.0,0.0
2025-07-24 00:00:00-04:00,195.0,219.0,166.5,198.0,1131,0.0,0.0
2025-07-25 00:00:00-04:00,195.0,202.5,195.0,195.0,39,0.0,0.0
2025-07-28 00:00:00-04:00,178.5,211.5,178.5,193.5,1113,0.0,0.0
2025-07-29 00:00:00-04:00,205.5,208.5,177.0,178.5,781,0.0,0.0
2025-07-30 00:00:00-04:00,183.0,192.0,153.0,168.0,1220,0.0,0.0
2025-07-31 00:00:00-04:00,183.0,183.0,168.0,169.5,325,0.0,0.0
2025-08-01 00:00:00-04:00,168.0,171.0,160.5,168.0,481,0.0,0.0
2025-08-04 00:00:00-04:00,184.5,186.0,175.5,175.5,232,0.0,0.0
2025-08-05 00:00:00-04:00,186.0,193.5,175.5,177.0,211,0.0,0.0
2025-08-06 00:00:00-04:00,175.5,184.5,175.5,175.5,16,0.0,0.0
2025-08-07 00:00:00-04:00,175.5,193.5,175.5,186.0,367,0.0,0.0
2025-08-08 00:00:00-04:00,181.5,186.0,181.5,186.0,7,0.0,0.0
2025-08-11 00:00:00-04:00,192.0,192.0,178.5,190.5,65,0.0,0.0
2025-08-12 00:00:00-04:00,180.0,190.5,177.0,189.0,45,0.0,0.0
2025-08-13 00:00:00-04:00,189.0,189.0,189.0,189.0,35,0.0,0.0
2025-08-14 00:00:00-04:00,192.0,192.0,187.5,187.5,5,0.0,0.0
2025-08-15 00:00:00-04:00,199.5,199.5,172.5,172.5,31,0.0,0.0
2025-08-18 00:00:00-04:00,187.5,187.5,177.0,180.0,37,0.0,0.0
2025-08-19 00:00:00-04:00,187.5,187.5,177.0,183.0,27,0.0,0.0
2025-08-20 00:00:00-04:00,181.5,181.5,178.5,178.5,18,0.0,0.0
2025-08-21 00:00:00-04:00,175.5,189.0,175.5,189.0,22,0.0,0.0
2025-08-22 00:00:00-04:00,169.5,189.0,169.5,186.0,35,0.0,0.0
2025-08-25 00:00:00-04:00,184.5,184.5,183.0,184.5,13,0.0,0.0
2025-08-26 00:00:00-04:00,184.5,184.5,183.0,183.0,11,0.0,0.0
2025-08-27 00:00:00-04:00,180.0,180.0,180.0,180.0,11,0.0,0.0
2025-08-28 00:00:00-04:00,186.0,186.0,186.0,186.0,7,0.0,0.0
2025-08-29 00:00:00-04:00,184.5,184.5,184.5,184.5,15,0.0,0.0
2025-09-02 00:00:00-04:00,180.0,181.5,168.0,181.5,102,0.0,0.0
2025-09-03 00:00:00-04:00,180.0,180.0,174.0,174.0,13,0.0,0.0
2025-09-04 00:00:00-04:00,178.5,217.5,178.5,211.5,623,0.0,0.0
2025-09-05 00:00:00-04:00,219.0,220.5,198.0,207.0,77,0.0,0.0
2025-09-08 00:00:00-04:00,204.0,232.5,204.0,219.0,301,0.0,0.0
2025-09-09 00:00:00-04:00,217.5,220.5,202.5,219.0,31,0.0,0.0
2025-09-10 00:00:00-04:00,202.5,249.0,189.0,205.5,767,0.0,0.0
2025-09-11 00:00:00-04:00,204.0,232.5,193.5,193.5,124,0.0,0.0
2025-09-12 00:00:00-04:00,193.5,202.5,189.0,202.5,91,0.0,0.0
2025-09-15 00:00:00-04:00,225.0,225.0,201.0,202.5,74,0.0,0.0
2025-09-16 00:00:00-04:00,202.5,202.5,196.5,196.5,7,0.0,0.0
2025-09-17 00:00:00-04:00,195.0,208.5,193.5,207.0,81,0.0,0.0
2025-09-18 00:00:00-04:00,223.5,223.5,202.5,210.0,29,0.0,0.0
2025-09-19 00:00:00-04:00,211.5,211.5,195.0,202.5,51,0.0,0.0
2025-09-22 00:00:00-04:00,204.0,216.0,196.5,198.0,25,0.0,0.0
2025-09-23 00:00:00-04:00,199.5,210.0,199.5,202.5,113,0.0,0.0
2025-09-24 00:00:00-04:00,201.0,210.0,201.0,205.5,75,0.0,0.0
2025-09-25 00:00:00-04:00,207.0,207.0,192.0,192.0,87,0.0,0.0
2025-09-26 00:00:00-04:00,190.5,195.0,183.0,189.0,111,0.0,0.0
2025-09-29 00:00:00-04:00,190.5,193.5,183.0,187.5,81,0.0,0.0
2025-09-30 00:00:00-04:00,181.5,187.5,181.5,186.0,27,0.0,0.0
2025-10-01 00:00:00-04:00,184.5,193.5,183.0,193.5,71,0.0,0.0
2025-10-02 00:00:00-04:00,193.5,201.0,193.5,195.0,75,0.0,0.0
2025-10-03 00:00:00-04:00,193.5,195.0,186.0,195.0,49,0.0,0.0
2025-10-06 00:00:00-04:00,198.0,229.5,195.0,207.0,695,0.0,0.0
2025-10-07 00:00:00-04:00,222.0,225.0,199.5,199.5,159,0.0,0.0
2025-10-08 00:00:00-04:00,201.0,202.5,192.0,198.0,37,0.0,0.0
2025-10-09 00:00:00-04:00,193.5,213.0,192.0,202.5,91,0.0,0.0
2025-10-10 00:00:00-04:00,201.0,220.5,201.0,205.5,69,0.0,0.0
2025-10-13 00:00:00-04:00,204.0,223.5,202.5,223.5,180,0.0,0.0
2025-10-14 00:00:00-04:00,225.0,309.0,220.5,294.0,2930,0.0,0.0
2025-10-15 00:00:00-04:00,292.5,310.5,270.0,279.0,497,0.0,0.0
2025-10-16 00:00:00-04:00,274.5,274.5,250.5,250.5,155,0.0,0.0
2025-10-17 00:00:00-04:00,259.5,259.5,226.5,241.5,112,0.0,0.0
2025-10-20 00:00:00-04:00,231.0,261.0,231.0,258.0,116,0.0,0.0
2025-10-21 00:00:00-04:00,258.0,285.0,258.0,271.5,94,0.0,0.0
2025-10-22 00:00:00-04:00,262.5,270.0,256.5,256.5,78,0.0,0.0
2025-10-23 00:00:00-04:00,255.0,279.0,241.5,271.5,151,0.0,0.0
2025-10-24 00:00:00-04:00,291.0,298.5,271.5,295.5,186,0.0,0.0
2025-10-27 00:00:00-04:00,277.5,285.0,273.0,276.0,49,0.0,0.0
2025-10-28 00:00:00-04:00,276.0,276.0,223.5,225.0,621,0.0,0.0
2025-10-29 00:00:00-04:00,214.5,250.5,214.5,235.5,165,0.0,0.0
2025-10-30 00:00:00-04:00,238.5,261.0,238.5,243.0,111,0.0,0.0
2025-10-31 00:00:00-04:00,243.0,265.5,243.0,249.0,100,0.0,0.0
2025-11-03 00:00:00-05:00,250.5,265.5,246.0,253.5,51,0.0,0.0
2025-11-04 00:00:00-05:00,250.5,300.0,246.0,286.5,251,0.0,0.0
2025-11-05 00:00:00-05:00,292.5,292.5,268.5,279.0,28,0.0,0.0
2025-11-06 00:00:00-05:00,289.5,303.0,267.0,300.0,121,0.0,0.0
2025-11-07 00:00:00-05:00,297.0,306.0,297.0,301.5,102,0.0,0.0
2025-11-10 00:00:00-05:00,295.5,315.0,295.5,315.0,61,0.0,0.0
2025-11-11 00:00:00-05:00,318.0,588.0,294.0,547.5,30523,0.0,0.0
2025-11-12 00:00:00-05:00,532.5,684.0,493.5,573.0,4107,0.0,0.0
2025-11-13 00:00:00-05:00,540.0,630.0,540.0,609.0,1275,0.0,0.0
2025-11-14 00:00:00-05:00,595.5,655.5,546.0,580.5,622,0.0,0.0
2025-11-17 00:00:00-05:00,577.5,597.0,567.0,580.5,314,0.0,0.0
2025-11-18 00:00:00-05:00,610.5,610.5,577.5,594.0,197,0.0,0.0
2025-11-19 00:00:00-05:00,594.0,760.5,589.5,760.5,7163,0.0,0.0
2025-11-20 00:00:00-05:00,721.5,759.0,621.0,625.5,362,0.0,0.0
2025-11-21 00:00:00-05:00,636.0,699.0,636.0,646.5,99,0.0,0.0
2025-11-24 00:00:00-05:00,642.0,645.0,624.0,645.0,59,0.0,0.0
2025-11-25 00:00:00-05:00,654.0,687.0,654.0,685.5,137,0.0,0.0
2025-11-26 00:00:00-05:00,642.0,705.0,564.0,576.0,454,0.0,0.0
2025-11-28 00:00:00-05:00,583.5,610.5,579.0,610.5,149,0.0,0.0
2025-12-01 00:00:00-05:00,592.5,615.0,592.5,610.5,84,0.0,0.0
2025-12-02 00:00:00-05:00,609.0,609.0,568.5,589.5,22,0.0,0.0
2025-12-03 00:00:00-05:00,579.0,615.0,576.0,586.5,69,0.0,0.0
2025-12-04 00:00:00-05:00,579.0,601.5,579.0,595.5,39,0.0,0.0
2025-12-05 00:00:00-05:00,592.5,610.5,592.5,610.5,55,0.0,0.0
2025-12-08 00:00:00-05:00,610.5,612.0,585.0,607.5,79,0.0,0.0
2025-12-09 00:00:00-05:00,601.5,601.5,586.5,589.5,23,0.0,0.0
2025-12-10 00:00:00-05:00,588.0,592.5,585.0,592.5,37,0.0,0.0
2025-12-11 00:00:00-05:00,586.5,606.0,585.0,586.5,42,0.0,0.0
2025-12-12 00:00:00-05:00,607.5,607.5,585.0,606.0,18,0.0,0.0
2025-12-15 00:00:00-05:00,573.0,589.5,483.0,562.5,64,0.0,0.0
2025-12-16 00:00:00-05:00,529.5,567.0,529.5,567.0,25,0.0,0.0
2025-12-17 00:00:00-05:00,538.5,565.5,486.0,514.5,577,0.0,0.0
2025-12-18 00:00:00-05:00,540.0,564.0,514.5,534.0,461,0.0,0.0
2025-12-19 00:00:00-05:00,510.0,562.5,495.0,562.5,125,0.0,0.0
2025-12-22 00:00:00-05:00,546.0,546.0,525.0,532.5,20,0.0,0.0
2025-12-23 00:00:00-05:00,534.0,538.5,507.0,508.5,121,0.0,0.0
2025-12-24 00:00:00-05:00,493.5,559.5,493.5,510.0,43,0.0,0.0
2025-12-26 00:00:00-05:00,502.5,504.0,481.5,483.0,39,0.0,0.0
2025-12-29 00:00:00-05:00,487.5,507.0,453.0,453.0,108,0.0,0.0
2025-12-30 00:00:00-05:00,465.0,465.0,435.0,435.0,36,0.0,0.0
2025-12-31 00:00:00-05:00,441.0,441.0,412.5,427.5,60,0.0,0.0
2026-01-02 00:00:00-05:00,456.0,456.0,399.0,399.0,154,0.0,0.0
2026-01-05 00:00:00-05:00,387.0,427.5,387.0,418.5,75,0.0,0.0
2026-01-06 00:00:00-05:00,438.0,438.0,402.0,418.5,13,0.0,0.0
2026-01-07 00:00:00-05:00,418.5,453.0,406.5,424.5,43,0.0,0.0
2026-01-08 00:00:00-05:00,435.0,457.5,414.0,417.0,81,0.0,0.0
2026-01-09 00:00:00-05:00,433.5,457.5,397.5,420.0,65,0.0,0.0
2026-01-12 00:00:00-05:00,418.5,418.5,388.5,406.5,31,0.0,0.0
2026-01-13 00:00:00-05:00,411.0,412.5,391.5,405.0,26,0.0,0.0
2026-01-14 00:00:00-05:00,390.0,414.0,390.0,414.0,11,0.0,0.0
2026-01-15 00:00:00-05:00,411.0,438.0,354.0,354.0,89,0.0,0.0
2026-01-16 00:00:00-05:00,384.0,388.5,378.0,381.0,56,0.0,0.0
2026-01-20 00:00:00-05:00,424.5,426.0,385.5,385.5,15,0.0,0.0
2026-01-21 00:00:00-05:00,417.0,424.5,384.0,412.5,39,0.0,0.0
2026-01-22 00:00:00-05:00,411.0,411.0,379.5,388.5,49,0.0,0.0
2026-01-23 00:00:00-05:00,418.5,420.0,381.0,388.5,62,0.0,0.0
2026-01-26 00:00:00-05:00,382.5,384.0,328.5,354.0,73,0.0,0.0
2026-01-27 00:00:00-05:00,354.0,360.0,309.0,330.0,33,0.0,0.0
2026-01-28 00:00:00-05:00,318.0,325.5,271.5,307.5,25,0.0,0.0
2026-01-29 00:00:00-05:00,276.0,294.0,255.0,267.0,44,0.0,0.0
2026-01-30 00:00:00-05:00,255.0,270.0,225.0,225.0,57,0.0,0.0
2026-02-02 00:00:00-05:00,249.0,250.5,226.5,226.5,22,0.0,0.0
2026-02-03 00:00:00-05:00,231.0,253.5,205.5,217.5,151,0.0,0.0
2026-02-04 00:00:00-05:00,237.0,252.0,228.0,243.0,73,0.0,0.0
2026-02-05 00:00:00-05:00,244.5,244.5,226.5,226.5,21,0.0,0.0
2026-02-06 00:00:00-05:00,252.0,289.5,231.0,253.5,20,0.0,0.0
2026-02-09 00:00:00-05:00,279.0,279.0,259.5,270.0,13,0.0,0.0
2026-02-10 00:00:00-05:00,255.0,307.5,255.0,265.5,68,0.0,0.0
2026-02-11 00:00:00-05:00,288.0,288.0,244.5,267.0,31,0.0,0.0
2026-02-12 00:00:00-05:00,264.0,276.0,226.5,253.5,28,0.0,0.0
2026-02-13 00:00:00-05:00,249.0,249.0,213.0,213.0,18,0.0,0.0
2026-02-17 00:00:00-05:00,213.0,268.5,213.0,226.5,105,0.0,0.0
2026-02-18 00:00:00-05:00,243.0,256.5,243.0,246.0,3,0.0,0.0
2026-02-19 00:00:00-05:00,237.0,243.0,226.5,237.0,45,0.0,0.0
2026-02-20 00:00:00-05:00,237.0,237.0,237.0,237.0,0,0.0,0.0
2026-02-23 00:00:00-05:00,240.0,240.0,235.5,237.0,19,0.0,0.0
2026-02-24 00:00:00-05:00,232.5,232.5,232.5,232.5,1,0.0,0.0
2026-02-25 00:00:00-05:00,231.0,244.5,231.0,244.5,4,0.0,0.0
2026-02-26 00:00:00-05:00,243.0,243.0,231.0,231.0,5,0.0,0.0
2026-02-27 00:00:00-05:00,237.0,237.0,237.0,237.0,3,0.0,0.0
2026-03-02 00:00:00-05:00,232.5,255.0,231.0,247.5,53,0.0,0.0
2026-03-03 00:00:00-05:00,255.0,258.0,238.5,258.0,26,0.0,0.0
2026-03-04 00:00:00-05:00,253.5,253.5,253.5,253.5,3,0.0,0.0
2026-03-05 00:00:00-05:00,249.0,262.5,246.0,259.5,8,0.0,0.0
2026-03-06 00:00:00-05:00,259.5,259.5,259.5,259.5,0,0.0,0.0
2026-03-09 00:00:00-04:00,231.0,231.0,231.0,231.0,3,0.0,0.0
2026-03-10 00:00:00-04:00,229.5,285.0,229.5,274.5,341,0.0,0.0
2026-03-11 00:00:00-04:00,310.5,328.5,300.0,303.0,685,0.0,0.0
2026-03-12 00:00:00-04:00,330.0,330.0,297.0,300.0,51,0.0,0.0
2026-03-13 00:00:00-04:00,322.5,331.5,294.0,331.5,33,0.0,0.0
2026-03-16 00:00:00-04:00,339.0,339.0,270.0,298.5,41,0.0,0.0
2026-03-17 00:00:00-04:00,315.0,315.0,310.5,315.0,4,0.0,0.0
2026-03-18 00:00:00-04:00,324.0,328.5,294.0,309.0,25,0.0,0.0
2026-03-19 00:00:00-04:00,289.5,345.0,271.5,328.5,473,0.0,0.0
2026-03-20 00:00:00-04:00,322.5,505.5,309.0,454.5,6994,0.0,0.0
2026-03-23 00:00:00-04:00,469.5,702.0,204.0,537.0,11646,0.0,0.0
2026-03-24 00:00:00-04:00,417.0,417.0,18.0,19.5,951943,0.0,0.0
2026-03-25 00:00:00-04:00,16.5,18.0,15.0,16.5,202599,0.0,0.0
2026-03-26 00:00:00-04:00,13.5,13.5,10.5,12.0,97497,0.0,0.0
2026-03-27 00:00:00-04:00,16.5,19.5,6.0,6.0,1475797,0.0,0.0
2026-03-30 00:00:00-04:00,6.0,6.0,4.5,4.5,2081029,0.0,0.0
2026-03-31 00:00:00-04:00,4.5,4.5,4.5,4.5,1812528,0.0,0.0
2026-04-01 00:00:00-04:00,4.5,4.5,4.5,4.5,494969,0.0,0.0
2026-04-02 00:00:00-04:00,3.0,4.5,3.0,3.0,360705,0.0,0.0
2026-04-06 00:00:00-04:00,3.0,3.0,3.0,3.0,1237419,0.0,0.0
2026-04-07 00:00:00-04:00,4.5,7.5,4.5,4.5,11010041,0.0,0.0
2026-04-08 00:00:00-04:00,3.0399999618530273,3.2100000381469727,2.4700000286102295,2.990000009536743,3237900,0.0,0.006666666666666667
2026-04-09 00:00:00-04:00,2.9000000953674316,3.0399999618530273,2.7100000381469727,2.9600000381469727,790300,0.0,0.0
2026-04-10 00:00:00-04:00,2.8399999141693115,2.8399999141693115,2.440000057220459,2.5199999809265137,427000,0.0,0.0
2026-04-13 00:00:00-04:00,2.25,2.5299999713897705,2.1700000762939453,2.4100000858306885,227100,0.0,0.0
2026-04-14 00:00:00-04:00,2.259999990463257,2.3399999141693115,2.059999942779541,2.319999933242798,325700,0.0,0.0
2026-04-15 00:00:00-04:00,2.1700000762939453,2.180000066757202,2.009999990463257,2.119999885559082,258600,0.0,0.0
2026-04-16 00:00:00-04:00,2.130000114440918,2.4200000762939453,2.009999990463257,2.4200000762939453,721300,0.0,0.0
2026-04-17 00:00:00-04:00,2.200000047683716,2.259999990463257,2.0799999237060547,2.2300000190734863,218400,0.0,0.0
2026-04-20 00:00:00-04:00,2.180000066757202,2.2300000190734863,2.130000114440918,2.2100000381469727,114700,0.0,0.0
2026-04-21 00:00:00-04:00,2.1700000762939453,2.1700000762939453,2.059999942779541,2.0999999046325684,127000,0.0,0.0
2026-04-22 00:00:00-04:00,2.0899999141693115,2.140000104904175,1.909999966621399,1.9700000286102295,185800,0.0,0.0
2026-04-23 00:00:00-04:00,1.9900000095367432,2.0,1.7799999713897705,1.7799999713897705,135400,0.0,0.0
2026-04-24 00:00:00-04:00,1.7200000286102295,1.8799999952316284,1.6200000047683716,1.840000033378601,156500,0.0,0.0
2026-04-27 00:00:00-04:00,1.8600000143051147,1.8600000143051147,1.659999966621399,1.75,117600,0.0,0.0
2026-04-28 00:00:00-04:00,1.7799999713897705,1.7799999713897705,1.6200000047683716,1.6399999856948853,88500,0.0,0.0
2026-04-29 00:00:00-04:00,1.649999976158142,1.649999976158142,1.3200000524520874,1.3700000047683716,221300,0.0,0.0
2026-04-30 00:00:00-04:00,1.2699999809265137,1.4700000286102295,1.2300000190734863,1.3799999952316284,132400,0.0,0.0
2026-05-01 00:00:00-04:00,1.3700000047683716,1.4600000381469727,1.3300000429153442,1.3899999856948853,62076,0.0,0.0
