Date,Open,High,Low,Close,Volume,Dividends,Stock Splits
2022-01-03 00:00:00-05:00,3.5,3.859999895095825,3.4000000953674316,3.680000066757202,661700,0.0,0.0
2022-01-04 00:00:00-05:00,3.6500000953674316,3.6500000953674316,3.299999952316284,3.359999895095825,563400,0.0,0.0
2022-01-05 00:00:00-05:00,3.380000114440918,3.430000066757202,3.2200000286102295,3.259999990463257,523100,0.0,0.0
2022-01-06 00:00:00-05:00,3.2200000286102295,3.319999933242798,3.1600000858306885,3.2300000190734863,408600,0.0,0.0
2022-01-07 00:00:00-05:00,3.200000047683716,3.2750000953674316,3.1440000534057617,3.190000057220459,420200,0.0,0.0
2022-01-10 00:00:00-05:00,3.200000047683716,3.2300000190734863,3.009999990463257,3.1700000762939453,600800,0.0,0.0
2022-01-11 00:00:00-05:00,3.1700000762939453,3.2799999713897705,3.1600000858306885,3.2699999809265137,402700,0.0,0.0
2022-01-12 00:00:00-05:00,3.2699999809265137,3.309999942779541,3.109999895095825,3.119999885559082,173300,0.0,0.0
2022-01-13 00:00:00-05:00,3.180000066757202,3.2300000190734863,3.0,3.109999895095825,265700,0.0,0.0
2022-01-14 00:00:00-05:00,3.0399999618530273,3.2799999713897705,3.0399999618530273,3.259999990463257,532000,0.0,0.0
2022-01-18 00:00:00-05:00,3.1500000953674316,3.259999990463257,3.0999999046325684,3.119999885559082,936100,0.0,0.0
2022-01-19 00:00:00-05:00,3.1500000953674316,3.4700000286102295,3.0899999141693115,3.3299999237060547,597700,0.0,0.0
2022-01-20 00:00:00-05:00,3.2899999618530273,3.490000009536743,3.2799999713897705,3.2899999618530273,336300,0.0,0.0
2022-01-21 00:00:00-05:00,3.2699999809265137,3.319999933242798,3.1500000953674316,3.190000057220459,233500,0.0,0.0
2022-01-24 00:00:00-05:00,3.0899999141693115,3.430000066757202,3.069999933242798,3.4200000762939453,584700,0.0,0.0
2022-01-25 00:00:00-05:00,3.319999933242798,3.4200000762939453,3.1600000858306885,3.259999990463257,361600,0.0,0.0
2022-01-26 00:00:00-05:00,3.369999885559082,3.430000066757202,3.1600000858306885,3.2100000381469727,321600,0.0,0.0
2022-01-27 00:00:00-05:00,3.2200000286102295,3.240000009536743,3.1500000953674316,3.1700000762939453,267000,0.0,0.0
2022-01-28 00:00:00-05:00,3.1600000858306885,3.4700000286102295,3.1500000953674316,3.450000047683716,358300,0.0,0.0
2022-01-31 00:00:00-05:00,3.450000047683716,3.609999895095825,3.3399999141693115,3.5899999141693115,391600,0.0,0.0
2022-02-01 00:00:00-05:00,3.559999942779541,3.690000057220459,3.4600000381469727,3.569999933242798,335000,0.0,0.0
2022-02-02 00:00:00-05:00,3.569999933242798,3.569999933242798,3.3299999237060547,3.380000114440918,195100,0.0,0.0
2022-02-03 00:00:00-05:00,3.3399999141693115,3.390000104904175,3.2300000190734863,3.2899999618530273,154800,0.0,0.0
2022-02-04 00:00:00-05:00,3.2699999809265137,3.390000104904175,3.180000066757202,3.369999885559082,420600,0.0,0.0
2022-02-07 00:00:00-05:00,3.4100000858306885,3.4800000190734863,3.2300000190734863,3.240000009536743,733100,0.0,0.0
2022-02-08 00:00:00-05:00,3.2899999618530273,3.5999999046325684,3.1700000762939453,3.569999933242798,437400,0.0,0.0
2022-02-09 00:00:00-05:00,3.5999999046325684,3.740000009536743,3.5,3.680000066757202,409600,0.0,0.0
2022-02-10 00:00:00-05:00,3.569999933242798,3.5999999046325684,3.450000047683716,3.549999952316284,444100,0.0,0.0
2022-02-11 00:00:00-05:00,3.549999952316284,3.630000114440918,3.4000000953674316,3.440000057220459,140900,0.0,0.0
2022-02-14 00:00:00-05:00,3.4100000858306885,3.450000047683716,3.25,3.3299999237060547,212900,0.0,0.0
2022-02-15 00:00:00-05:00,3.4100000858306885,3.5,3.2850000858306885,3.4600000381469727,267100,0.0,0.0
2022-02-16 00:00:00-05:00,3.4200000762939453,3.424999952316284,3.240000009536743,3.319999933242798,444800,0.0,0.0
2022-02-17 00:00:00-05:00,3.359999895095825,3.4000000953674316,3.0999999046325684,3.1600000858306885,353400,0.0,0.0
2022-02-18 00:00:00-05:00,3.2300000190734863,3.2300000190734863,3.059999942779541,3.0799999237060547,632100,0.0,0.0
2022-02-22 00:00:00-05:00,3.059999942779541,3.180000066757202,3.0199999809265137,3.0799999237060547,1495500,0.0,0.0
2022-02-23 00:00:00-05:00,2.7300000190734863,2.7300000190734863,1.7899999618530273,1.8200000524520874,4237400,0.0,0.0
2022-02-24 00:00:00-05:00,1.7899999618530273,1.909999966621399,1.7300000190734863,1.899999976158142,2769500,0.0,0.0
2022-02-25 00:00:00-05:00,1.8799999952316284,2.3499999046325684,1.8200000524520874,2.2300000190734863,2931200,0.0,0.0
2022-02-28 00:00:00-05:00,2.1600000858306885,2.2799999713897705,2.0999999046325684,2.240000009536743,1205400,0.0,0.0
2022-03-01 00:00:00-05:00,2.25,2.3399999141693115,2.2200000286102295,2.2799999713897705,854800,0.0,0.0
2022-03-02 00:00:00-05:00,2.2799999713897705,2.380000114440918,2.2200000286102295,2.369999885559082,676700,0.0,0.0
2022-03-03 00:00:00-05:00,2.369999885559082,2.369999885559082,2.059999942779541,2.069999933242798,595700,0.0,0.0
2022-03-04 00:00:00-05:00,2.0299999713897705,2.109999895095825,2.009999990463257,2.049999952316284,606600,0.0,0.0
2022-03-07 00:00:00-05:00,2.0999999046325684,2.259999990463257,2.069999933242798,2.1500000953674316,935200,0.0,0.0
2022-03-08 00:00:00-05:00,2.1700000762939453,2.1700000762939453,2.0299999713897705,2.059999942779541,573100,0.0,0.0
2022-03-09 00:00:00-05:00,2.0999999046325684,2.200000047683716,2.069999933242798,2.1700000762939453,490300,0.0,0.0
2022-03-10 00:00:00-05:00,2.109999895095825,2.1510000228881836,1.9950000047683716,2.0299999713897705,509100,0.0,0.0
2022-03-11 00:00:00-05:00,2.0399999618530273,2.071000099182129,1.9199999570846558,1.9500000476837158,569900,0.0,0.0
2022-03-14 00:00:00-04:00,1.909999966621399,1.9299999475479126,1.8049999475479126,1.8200000524520874,487600,0.0,0.0
2022-03-15 00:00:00-04:00,1.8600000143051147,1.8799999952316284,1.659999966621399,1.7799999713897705,826900,0.0,0.0
2022-03-16 00:00:00-04:00,1.850000023841858,1.909999966621399,1.774999976158142,1.8899999856948853,914500,0.0,0.0
2022-03-17 00:00:00-04:00,1.8700000047683716,2.009999990463257,1.8700000047683716,1.9700000286102295,974800,0.0,0.0
2022-03-18 00:00:00-04:00,1.9299999475479126,2.069999933242798,1.8899999856948853,1.9299999475479126,3912300,0.0,0.0
2022-03-21 00:00:00-04:00,1.9800000190734863,2.0399999618530273,1.9199999570846558,1.9500000476837158,781300,0.0,0.0
2022-03-22 00:00:00-04:00,1.9500000476837158,2.130000114440918,1.9110000133514404,2.0999999046325684,911400,0.0,0.0
2022-03-23 00:00:00-04:00,2.0899999141693115,2.174999952316284,2.0299999713897705,2.0999999046325684,414000,0.0,0.0
2022-03-24 00:00:00-04:00,2.0899999141693115,2.0899999141693115,1.9299999475479126,1.9500000476837158,433500,0.0,0.0
2022-03-25 00:00:00-04:00,1.9199999570846558,2.049999952316284,1.8200000524520874,1.850000023841858,392100,0.0,0.0
2022-03-28 00:00:00-04:00,1.840000033378601,1.9199999570846558,1.8300000429153442,1.909999966621399,371100,0.0,0.0
2022-03-29 00:00:00-04:00,1.9199999570846558,1.9800000190734863,1.8799999952316284,1.9299999475479126,293000,0.0,0.0
2022-03-30 00:00:00-04:00,1.899999976158142,1.9450000524520874,1.840000033378601,1.840000033378601,289300,0.0,0.0
2022-03-31 00:00:00-04:00,1.8300000429153442,1.850000023841858,1.7300000190734863,1.7899999618530273,808400,0.0,0.0
2022-04-01 00:00:00-04:00,1.7599999904632568,1.840000033378601,1.7300000190734863,1.7699999809265137,498500,0.0,0.0
2022-04-04 00:00:00-04:00,1.7899999618530273,1.850000023841858,1.7799999713897705,1.840000033378601,416000,0.0,0.0
2022-04-05 00:00:00-04:00,1.850000023841858,1.8600000143051147,1.7100000381469727,1.75,445200,0.0,0.0
2022-04-06 00:00:00-04:00,1.7200000286102295,1.7400000095367432,1.659999966621399,1.690000057220459,447100,0.0,0.0
2022-04-07 00:00:00-04:00,1.7200000286102295,1.725000023841858,1.6699999570846558,1.7000000476837158,346600,0.0,0.0
2022-04-08 00:00:00-04:00,1.7000000476837158,1.7300000190734863,1.6399999856948853,1.659999966621399,411100,0.0,0.0
2022-04-11 00:00:00-04:00,1.659999966621399,1.6699999570846558,1.590000033378601,1.6299999952316284,512900,0.0,0.0
2022-04-12 00:00:00-04:00,1.659999966621399,1.684999942779541,1.6100000143051147,1.6200000047683716,257000,0.0,0.0
2022-04-13 00:00:00-04:00,1.6200000047683716,1.659999966621399,1.600000023841858,1.6299999952316284,246600,0.0,0.0
2022-04-14 00:00:00-04:00,1.6299999952316284,1.6349999904632568,1.5700000524520874,1.5800000429153442,371700,0.0,0.0
2022-04-18 00:00:00-04:00,1.5700000524520874,1.6100000143051147,1.4900000095367432,1.5199999809265137,848400,0.0,0.0
2022-04-19 00:00:00-04:00,1.5499999523162842,1.6100000143051147,1.5,1.590000033378601,508800,0.0,0.0
2022-04-20 00:00:00-04:00,1.590000033378601,1.590000033378601,1.5149999856948853,1.5499999523162842,359400,0.0,0.0
2022-04-21 00:00:00-04:00,1.559999942779541,1.6100000143051147,1.5,1.5,414700,0.0,0.0
2022-04-22 00:00:00-04:00,1.4900000095367432,1.5299999713897705,1.4700000286102295,1.4900000095367432,294200,0.0,0.0
2022-04-25 00:00:00-04:00,1.4900000095367432,1.590000033378601,1.4700000286102295,1.5399999618530273,324000,0.0,0.0
2022-04-26 00:00:00-04:00,1.5099999904632568,1.559999942779541,1.4800000190734863,1.5,382300,0.0,0.0
2022-04-27 00:00:00-04:00,1.5,1.590000033378601,1.465000033378601,1.5099999904632568,489300,0.0,0.0
2022-04-28 00:00:00-04:00,1.5099999904632568,1.6100000143051147,1.5099999904632568,1.590000033378601,366500,0.0,0.0
2022-04-29 00:00:00-04:00,1.600000023841858,1.659999966621399,1.5299999713897705,1.5499999523162842,318100,0.0,0.0
2022-05-02 00:00:00-04:00,1.600000023841858,1.659999966621399,1.5750000476837158,1.6200000047683716,745000,0.0,0.0
2022-05-03 00:00:00-04:00,1.649999976158142,1.649999976158142,1.5099999904632568,1.559999942779541,704100,0.0,0.0
2022-05-04 00:00:00-04:00,1.5399999618530273,1.5399999618530273,1.4600000381469727,1.5199999809265137,804800,0.0,0.0
2022-05-05 00:00:00-04:00,1.5099999904632568,1.5099999904632568,1.4299999475479126,1.4500000476837158,617700,0.0,0.0
2022-05-06 00:00:00-04:00,1.440000057220459,1.4700000286102295,1.3700000047683716,1.3899999856948853,700700,0.0,0.0
2022-05-09 00:00:00-04:00,1.3799999952316284,1.649999976158142,1.3300000429153442,1.409999966621399,965800,0.0,0.0
2022-05-10 00:00:00-04:00,1.4500000476837158,1.5800000429153442,1.3200000524520874,1.4900000095367432,754500,0.0,0.0
2022-05-11 00:00:00-04:00,1.5,1.5399999618530273,1.409999966621399,1.4299999475479126,936000,0.0,0.0
2022-05-12 00:00:00-04:00,1.4299999475479126,1.5499999523162842,1.409999966621399,1.5299999713897705,831200,0.0,0.0
2022-05-13 00:00:00-04:00,1.5299999713897705,1.590000033378601,1.4129999876022339,1.5499999523162842,542100,0.0,0.0
2022-05-16 00:00:00-04:00,1.5199999809265137,1.684999942779541,1.5199999809265137,1.659999966621399,1098800,0.0,0.0
2022-05-17 00:00:00-04:00,1.659999966621399,1.7400000095367432,1.6449999809265137,1.7100000381469727,571900,0.0,0.0
2022-05-18 00:00:00-04:00,1.7000000476837158,1.725000023841858,1.6799999475479126,1.7100000381469727,790200,0.0,0.0
2022-05-19 00:00:00-04:00,1.6799999475479126,1.8049999475479126,1.6799999475479126,1.75,794900,0.0,0.0
2022-05-20 00:00:00-04:00,1.7799999713897705,1.7799999713897705,1.725000023841858,1.75,558500,0.0,0.0
2022-05-23 00:00:00-04:00,1.6699999570846558,1.7899999618530273,1.6699999570846558,1.75,292800,0.0,0.0
2022-05-24 00:00:00-04:00,1.7300000190734863,1.7549999952316284,1.7000000476837158,1.7400000095367432,388100,0.0,0.0
2022-05-25 00:00:00-04:00,1.7300000190734863,1.8600000143051147,1.7300000190734863,1.850000023841858,458300,0.0,0.0
2022-05-26 00:00:00-04:00,1.850000023841858,1.8899999856948853,1.8250000476837158,1.840000033378601,206400,0.0,0.0
2022-05-27 00:00:00-04:00,1.809999942779541,1.9299999475479126,1.809999942779541,1.899999976158142,329600,0.0,0.0
2022-05-31 00:00:00-04:00,1.899999976158142,1.909999966621399,1.7999999523162842,1.809999942779541,250200,0.0,0.0
2022-06-01 00:00:00-04:00,1.7999999523162842,1.8600000143051147,1.7899999618530273,1.809999942779541,360000,0.0,0.0
2022-06-02 00:00:00-04:00,1.7999999523162842,1.909999966621399,1.7799999713897705,1.8700000047683716,353200,0.0,0.0
2022-06-03 00:00:00-04:00,1.8700000047683716,1.8799999952316284,1.7999999523162842,1.840000033378601,265600,0.0,0.0
2022-06-06 00:00:00-04:00,1.840000033378601,1.9249999523162842,1.809999942779541,1.840000033378601,311500,0.0,0.0
2022-06-07 00:00:00-04:00,1.8200000524520874,1.9500000476837158,1.7699999809265137,1.8899999856948853,550000,0.0,0.0
2022-06-08 00:00:00-04:00,1.8600000143051147,1.9199999570846558,1.840000033378601,1.909999966621399,172400,0.0,0.0
2022-06-09 00:00:00-04:00,1.8799999952316284,1.9049999713897705,1.7949999570846558,1.809999942779541,303400,0.0,0.0
2022-06-10 00:00:00-04:00,1.7999999523162842,1.8200000524520874,1.7799999713897705,1.7999999523162842,303500,0.0,0.0
2022-06-13 00:00:00-04:00,1.75,1.774999976158142,1.715000033378601,1.7599999904632568,987600,0.0,0.0
2022-06-14 00:00:00-04:00,1.7899999618530273,1.809999942779541,1.7400000095367432,1.7799999713897705,619500,0.0,0.0
2022-06-15 00:00:00-04:00,1.7699999809265137,1.899999976158142,1.7599999904632568,1.8300000429153442,475100,0.0,0.0
2022-06-16 00:00:00-04:00,1.7899999618530273,1.8300000429153442,1.7599999904632568,1.7999999523162842,498400,0.0,0.0
2022-06-17 00:00:00-04:00,1.7799999713897705,1.815000057220459,1.7599999904632568,1.7799999713897705,539900,0.0,0.0
2022-06-21 00:00:00-04:00,1.75,1.809999942779541,1.75,1.7999999523162842,397200,0.0,0.0
2022-06-22 00:00:00-04:00,1.7799999713897705,1.9500000476837158,1.7799999713897705,1.899999976158142,517500,0.0,0.0
2022-06-23 00:00:00-04:00,1.9199999570846558,1.940000057220459,1.8899999856948853,1.940000057220459,644400,0.0,0.0
2022-06-24 00:00:00-04:00,1.9800000190734863,2.240000009536743,1.9700000286102295,2.140000104904175,5823500,0.0,0.0
2022-06-27 00:00:00-04:00,2.140000104904175,2.178999900817871,2.0,2.0,275600,0.0,0.0
2022-06-28 00:00:00-04:00,2.009999990463257,2.0450000762939453,1.9500000476837158,1.9600000381469727,532700,0.0,0.0
2022-06-29 00:00:00-04:00,1.9600000381469727,2.0299999713897705,1.5700000524520874,2.0,568500,0.0,0.0
2022-06-30 00:00:00-04:00,1.9600000381469727,2.0299999713897705,1.9500000476837158,1.9900000095367432,213300,0.0,0.0
2022-07-01 00:00:00-04:00,1.9900000095367432,2.0299999713897705,1.8550000190734863,1.8600000143051147,167400,0.0,0.0
2022-07-05 00:00:00-04:00,1.850000023841858,1.9249999523162842,1.8200000524520874,1.8300000429153442,339000,0.0,0.0
2022-07-06 00:00:00-04:00,1.809999942779541,1.850000023841858,1.7200000286102295,1.7200000286102295,241400,0.0,0.0
2022-07-07 00:00:00-04:00,1.75,1.909999966621399,1.6950000524520874,1.899999976158142,289600,0.0,0.0
2022-07-08 00:00:00-04:00,1.899999976158142,2.005000114440918,1.8799999952316284,1.9700000286102295,95900,0.0,0.0
2022-07-11 00:00:00-04:00,1.9700000286102295,2.015000104904175,1.909999966621399,2.0,819900,0.0,0.0
2022-07-12 00:00:00-04:00,1.9800000190734863,2.0199999809265137,1.75,2.009999990463257,361200,0.0,0.0
2022-07-13 00:00:00-04:00,1.9700000286102295,2.059999942779541,1.9550000429153442,2.059999942779541,583400,0.0,0.0
2022-07-14 00:00:00-04:00,2.0199999809265137,2.059999942779541,1.9600000381469727,2.059999942779541,1080400,0.0,0.0
2022-07-15 00:00:00-04:00,2.059999942779541,2.065000057220459,1.8899999856948853,2.0399999618530273,1643900,0.0,0.0
2022-07-18 00:00:00-04:00,2.0399999618530273,2.049999952316284,1.7100000381469727,1.7599999904632568,885900,0.0,0.0
2022-07-19 00:00:00-04:00,1.7999999523162842,2.0299999713897705,1.690000057220459,2.0,1111800,0.0,0.0
2022-07-20 00:00:00-04:00,1.9700000286102295,2.0899999141693115,1.9500000476837158,2.069999933242798,1049100,0.0,0.0
2022-07-21 00:00:00-04:00,2.069999933242798,2.5999999046325684,2.065000057220459,2.559999942779541,4415600,0.0,0.0
2022-07-22 00:00:00-04:00,2.549999952316284,2.6089999675750732,2.380000114440918,2.4800000190734863,1010000,0.0,0.0
2022-07-25 00:00:00-04:00,2.5,2.5,2.3340001106262207,2.390000104904175,287400,0.0,0.0
2022-07-26 00:00:00-04:00,2.3299999237060547,2.3550000190734863,2.1700000762939453,2.299999952316284,883800,0.0,0.0
2022-07-27 00:00:00-04:00,2.319999933242798,2.430000066757202,2.2799999713897705,2.380000114440918,326100,0.0,0.0
2022-07-28 00:00:00-04:00,2.3499999046325684,2.380000114440918,2.244999885559082,2.359999895095825,247000,0.0,0.0
2022-07-29 00:00:00-04:00,2.509999990463257,2.75,2.4800000190734863,2.509999990463257,1319300,0.0,0.0
2022-08-01 00:00:00-04:00,2.5,2.5850000381469727,2.4700000286102295,2.5,375900,0.0,0.0
2022-08-02 00:00:00-04:00,2.4700000286102295,2.549999952316284,2.3299999237060547,2.5,450000,0.0,0.0
2022-08-03 00:00:00-04:00,2.4800000190734863,2.674999952316284,2.4800000190734863,2.569999933242798,617500,0.0,0.0
2022-08-04 00:00:00-04:00,2.549999952316284,2.615000009536743,2.5299999713897705,2.5799999237060547,186700,0.0,0.0
2022-08-05 00:00:00-04:00,2.559999942779541,2.75,2.5399999618530273,2.7100000381469727,279700,0.0,0.0
2022-08-08 00:00:00-04:00,2.690000057220459,2.799999952316284,2.634999990463257,2.6600000858306885,251000,0.0,0.0
2022-08-09 00:00:00-04:00,2.5899999141693115,2.5999999046325684,2.359999895095825,2.380000114440918,583900,0.0,0.0
2022-08-10 00:00:00-04:00,2.4600000381469727,2.6600000858306885,2.4100000858306885,2.609999895095825,519800,0.0,0.0
2022-08-11 00:00:00-04:00,2.609999895095825,2.6600000858306885,2.4820001125335693,2.5,285500,0.0,0.0
2022-08-12 00:00:00-04:00,2.450000047683716,2.549999952316284,2.450000047683716,2.4800000190734863,215300,0.0,0.0
2022-08-15 00:00:00-04:00,2.490000009536743,2.509999990463257,2.4200000762939453,2.4800000190734863,120300,0.0,0.0
2022-08-16 00:00:00-04:00,2.4700000286102295,2.4700000286102295,2.4000000953674316,2.440000057220459,126900,0.0,0.0
2022-08-17 00:00:00-04:00,2.430000066757202,2.430000066757202,2.319999933242798,2.3499999046325684,127800,0.0,0.0
2022-08-18 00:00:00-04:00,2.440000057220459,2.440000057220459,2.25,2.309999942779541,117900,0.0,0.0
2022-08-19 00:00:00-04:00,2.299999952316284,2.369999885559082,2.259999990463257,2.359999895095825,69600,0.0,0.0
2022-08-22 00:00:00-04:00,2.319999933242798,2.3399999141693115,2.2699999809265137,2.3299999237060547,121600,0.0,0.0
2022-08-23 00:00:00-04:00,2.299999952316284,2.3299999237060547,2.194999933242798,2.2200000286102295,95400,0.0,0.0
2022-08-24 00:00:00-04:00,2.190000057220459,2.2850000858306885,2.130000114440918,2.2699999809265137,60800,0.0,0.0
2022-08-25 00:00:00-04:00,2.259999990463257,2.3499999046325684,2.240000009536743,2.319999933242798,53400,0.0,0.0
2022-08-26 00:00:00-04:00,2.369999885559082,2.4000000953674316,2.2899999618530273,2.4000000953674316,108600,0.0,0.0
2022-08-29 00:00:00-04:00,2.380000114440918,2.4749999046325684,2.299999952316284,2.4200000762939453,140900,0.0,0.0
2022-08-30 00:00:00-04:00,2.430000066757202,2.4600000381469727,2.3399999141693115,2.380000114440918,48000,0.0,0.0
2022-08-31 00:00:00-04:00,2.390000104904175,2.430000066757202,2.299999952316284,2.430000066757202,81400,0.0,0.0
2022-09-01 00:00:00-04:00,2.390000104904175,2.4100000858306885,2.2100000381469727,2.319999933242798,154300,0.0,0.0
2022-09-02 00:00:00-04:00,2.3499999046325684,2.630000114440918,2.299999952316284,2.440000057220459,410900,0.0,0.0
2022-09-06 00:00:00-04:00,2.4000000953674316,2.444999933242798,2.259999990463257,2.3499999046325684,465400,0.0,0.0
2022-09-07 00:00:00-04:00,2.299999952316284,2.319999933242798,2.190000057220459,2.2200000286102295,164100,0.0,0.0
2022-09-08 00:00:00-04:00,2.180000066757202,2.2699999809265137,2.109999895095825,2.1700000762939453,111800,0.0,0.0
2022-09-09 00:00:00-04:00,2.1700000762939453,2.1700000762939453,2.119999885559082,2.119999885559082,152300,0.0,0.0
2022-09-12 00:00:00-04:00,2.109999895095825,2.174999952316284,2.049999952316284,2.119999885559082,150900,0.0,0.0
2022-09-13 00:00:00-04:00,2.069999933242798,2.1600000858306885,2.049999952316284,2.1600000858306885,176600,0.0,0.0
2022-09-14 00:00:00-04:00,2.140000104904175,2.2049999237060547,2.059999942779541,2.1600000858306885,275200,0.0,0.0
2022-09-15 00:00:00-04:00,2.140000104904175,2.1600000858306885,2.0199999809265137,2.0199999809265137,268000,0.0,0.0
2022-09-16 00:00:00-04:00,2.0,2.1600000858306885,1.809999942779541,1.9700000286102295,1808800,0.0,0.0
2022-09-19 00:00:00-04:00,1.9299999475479126,2.109999895095825,1.8799999952316284,2.0799999237060547,180500,0.0,0.0
2022-09-20 00:00:00-04:00,2.049999952316284,2.25,2.009999990463257,2.2100000381469727,286300,0.0,0.0
2022-09-21 00:00:00-04:00,2.2200000286102295,2.2990000247955322,2.109999895095825,2.259999990463257,241400,0.0,0.0
2022-09-22 00:00:00-04:00,2.25,2.2899999618530273,2.190000057220459,2.2899999618530273,202800,0.0,0.0
2022-09-23 00:00:00-04:00,2.259999990463257,2.2699999809265137,2.180999994277954,2.259999990463257,98600,0.0,0.0
2022-09-26 00:00:00-04:00,2.25,2.380000114440918,2.0899999141693115,2.119999885559082,104100,0.0,0.0
2022-09-27 00:00:00-04:00,2.1500000953674316,2.2850000858306885,2.0510001182556152,2.2300000190734863,62000,0.0,0.0
2022-09-28 00:00:00-04:00,2.25,2.299999952316284,2.2300000190734863,2.25,218000,0.0,0.0
2022-09-29 00:00:00-04:00,2.174999952316284,2.2699999809265137,2.119999885559082,2.2300000190734863,91800,0.0,0.0
2022-09-30 00:00:00-04:00,2.2300000190734863,2.2699999809265137,2.180000066757202,2.200000047683716,141900,0.0,0.0
2022-10-03 00:00:00-04:00,2.1549999713897705,2.2850000858306885,2.1419999599456787,2.2100000381469727,141100,0.0,0.0
2022-10-04 00:00:00-04:00,2.200000047683716,2.299999952316284,2.1600000858306885,2.2699999809265137,74100,0.0,0.0
2022-10-05 00:00:00-04:00,2.2100000381469727,2.2899999618530273,2.130000114440918,2.259999990463257,55300,0.0,0.0
2022-10-06 00:00:00-04:00,2.25,2.3299999237060547,2.049999952316284,2.0999999046325684,91400,0.0,0.0
2022-10-07 00:00:00-04:00,2.069999933242798,2.0899999141693115,1.8899999856948853,2.009999990463257,110500,0.0,0.0
2022-10-10 00:00:00-04:00,2.0,2.0899999141693115,1.9900000095367432,1.9900000095367432,106100,0.0,0.0
2022-10-11 00:00:00-04:00,1.9500000476837158,1.9500000476837158,1.8200000524520874,1.840000033378601,173000,0.0,0.0
2022-10-12 00:00:00-04:00,1.840000033378601,1.850000023841858,1.75,1.7799999713897705,193500,0.0,0.0
2022-10-13 00:00:00-04:00,1.8200000524520874,2.0209999084472656,1.7200000286102295,1.809999942779541,164300,0.0,0.0
2022-10-14 00:00:00-04:00,1.809999942779541,1.809999942779541,1.6100000143051147,1.6200000047683716,170800,0.0,0.0
2022-10-17 00:00:00-04:00,1.7100000381469727,1.850000023841858,1.6799999475479126,1.8200000524520874,90400,0.0,0.0
2022-10-18 00:00:00-04:00,1.8200000524520874,1.9270000457763672,1.7799999713897705,1.809999942779541,52700,0.0,0.0
2022-10-19 00:00:00-04:00,1.809999942779541,1.8700000047683716,1.7790000438690186,1.840000033378601,55200,0.0,0.0
2022-10-20 00:00:00-04:00,1.8799999952316284,1.9199999570846558,1.7999999523162842,1.8899999856948853,50100,0.0,0.0
2022-10-21 00:00:00-04:00,1.909999966621399,1.9299999475479126,1.809999942779541,1.8899999856948853,118500,0.0,0.0
2022-10-24 00:00:00-04:00,1.899999976158142,1.9049999713897705,1.8700000047683716,1.899999976158142,45200,0.0,0.0
2022-10-25 00:00:00-04:00,1.6799999475479126,1.9299999475479126,1.6799999475479126,1.899999976158142,77500,0.0,0.0
2022-10-26 00:00:00-04:00,1.8899999856948853,1.9129999876022339,1.809999942779541,1.8300000429153442,71700,0.0,0.0
2022-10-27 00:00:00-04:00,1.8200000524520874,1.9049999713897705,1.809999942779541,1.8700000047683716,28500,0.0,0.0
2022-10-28 00:00:00-04:00,1.9229999780654907,1.9299999475479126,1.8650000095367432,1.899999976158142,125100,0.0,0.0
2022-10-31 00:00:00-04:00,1.899999976158142,1.909999966621399,1.8600000143051147,1.8700000047683716,36200,0.0,0.0
2022-11-01 00:00:00-04:00,1.909999966621399,1.909999966621399,1.840000033378601,1.8899999856948853,30200,0.0,0.0
2022-11-02 00:00:00-04:00,1.8700000047683716,1.909999966621399,1.8300000429153442,1.899999976158142,83500,0.0,0.0
2022-11-03 00:00:00-04:00,1.8849999904632568,1.9129999876022339,1.8700000047683716,1.909999966621399,58100,0.0,0.0
2022-11-04 00:00:00-04:00,1.909999966621399,1.909999966621399,1.7999999523162842,1.840000033378601,37000,0.0,0.0
2022-11-07 00:00:00-05:00,1.8799999952316284,1.909999966621399,1.809999942779541,1.8600000143051147,47900,0.0,0.0
2022-11-08 00:00:00-05:00,1.850000023841858,1.8899999856948853,1.7899999618530273,1.809999942779541,668900,0.0,0.0
2022-11-09 00:00:00-05:00,1.809999942779541,1.809999942779541,1.649999976158142,1.6699999570846558,70400,0.0,0.0
2022-11-10 00:00:00-05:00,1.7999999523162842,2.009999990463257,1.649999976158142,1.840000033378601,138500,0.0,0.0
2022-11-11 00:00:00-05:00,1.809999942779541,1.8700000047683716,1.75,1.8600000143051147,104900,0.0,0.0
2022-11-14 00:00:00-05:00,1.8200000524520874,1.8799999952316284,1.809999942779541,1.8700000047683716,144300,0.0,0.0
2022-11-15 00:00:00-05:00,1.9199999570846558,1.9490000009536743,1.7699999809265137,1.940000057220459,117900,0.0,0.0
2022-11-16 00:00:00-05:00,1.899999976158142,1.909999966621399,1.7940000295639038,1.8700000047683716,17100,0.0,0.0
2022-11-17 00:00:00-05:00,1.815999984741211,1.8300000429153442,1.7200000286102295,1.75,118800,0.0,0.0
2022-11-18 00:00:00-05:00,1.75,1.75,1.6299999952316284,1.7300000190734863,99700,0.0,0.0
2022-11-21 00:00:00-05:00,1.7000000476837158,1.7000000476837158,1.6799999475479126,1.7000000476837158,89200,0.0,0.0
2022-11-22 00:00:00-05:00,1.7000000476837158,1.75,1.6349999904632568,1.725000023841858,110600,0.0,0.0
2022-11-23 00:00:00-05:00,1.7400000095367432,1.850000023841858,1.6950000524520874,1.850000023841858,49400,0.0,0.0
2022-11-25 00:00:00-05:00,1.8300000429153442,1.8300000429153442,1.6200000047683716,1.7999999523162842,25400,0.0,0.0
2022-11-28 00:00:00-05:00,1.7599999904632568,1.8049999475479126,1.7170000076293945,1.7999999523162842,85200,0.0,0.0
2022-11-29 00:00:00-05:00,1.7899999618530273,1.7999999523162842,1.7000000476837158,1.7899999618530273,79700,0.0,0.0
2022-11-30 00:00:00-05:00,1.8200000524520874,1.909999966621399,1.8200000524520874,1.909999966621399,54400,0.0,0.0
2022-12-01 00:00:00-05:00,1.8799999952316284,2.119999885559082,1.7200000286102295,2.0,145800,0.0,0.0
2022-12-02 00:00:00-05:00,1.940000057220459,2.069999933242798,1.909999966621399,2.0,219800,0.0,0.0
2022-12-05 00:00:00-05:00,2.0,2.0,1.809999942779541,1.8300000429153442,78900,0.0,0.0
2022-12-06 00:00:00-05:00,1.840000033378601,1.8899999856948853,1.8200000524520874,1.8799999952316284,35900,0.0,0.0
2022-12-07 00:00:00-05:00,1.899999976158142,1.899999976158142,1.8200000524520874,1.8600000143051147,43700,0.0,0.0
2022-12-08 00:00:00-05:00,1.840000033378601,1.899999976158142,1.7799999713897705,1.840000033378601,61500,0.0,0.0
2022-12-09 00:00:00-05:00,1.8600000143051147,1.9199999570846558,1.809999942779541,1.840000033378601,53000,0.0,0.0
2022-12-12 00:00:00-05:00,1.840000033378601,1.8799999952316284,1.8300000429153442,1.840000033378601,39600,0.0,0.0
2022-12-13 00:00:00-05:00,1.8700000047683716,1.899999976158142,1.8049999475479126,1.8600000143051147,98500,0.0,0.0
2022-12-14 00:00:00-05:00,1.8300000429153442,1.8600000143051147,1.7799999713897705,1.7799999713897705,105000,0.0,0.0
2022-12-15 00:00:00-05:00,1.7699999809265137,1.7699999809265137,1.6799999475479126,1.7100000381469727,115800,0.0,0.0
2022-12-16 00:00:00-05:00,1.7000000476837158,1.7799999713897705,1.649999976158142,1.7599999904632568,189200,0.0,0.0
2022-12-19 00:00:00-05:00,1.7400000095367432,1.7400000095367432,1.6299999952316284,1.6399999856948853,50000,0.0,0.0
2022-12-20 00:00:00-05:00,1.6100000143051147,1.659999966621399,1.600000023841858,1.600000023841858,50600,0.0,0.0
2022-12-21 00:00:00-05:00,1.600000023841858,1.6699999570846558,1.600000023841858,1.6299999952316284,99800,0.0,0.0
2022-12-22 00:00:00-05:00,1.6299999952316284,1.690000057220459,1.6100000143051147,1.6200000047683716,55900,0.0,0.0
2022-12-23 00:00:00-05:00,1.590000033378601,1.7100000381469727,1.590000033378601,1.7000000476837158,66000,0.0,0.0
2022-12-27 00:00:00-05:00,1.6699999570846558,1.6699999570846558,1.5399999618530273,1.590000033378601,155100,0.0,0.0
2022-12-28 00:00:00-05:00,1.5800000429153442,1.7000000476837158,1.559999942779541,1.6799999475479126,54100,0.0,0.0
2022-12-29 00:00:00-05:00,1.6799999475479126,1.7200000286102295,1.6399999856948853,1.690000057220459,70200,0.0,0.0
2022-12-30 00:00:00-05:00,1.659999966621399,1.7400000095367432,1.6349999904632568,1.7200000286102295,105500,0.0,0.0
2023-01-03 00:00:00-05:00,1.7100000381469727,1.809999942779541,1.7000000476837158,1.7999999523162842,77200,0.0,0.0
2023-01-04 00:00:00-05:00,1.7999999523162842,1.9700000286102295,1.784999966621399,1.9500000476837158,157600,0.0,0.0
2023-01-05 00:00:00-05:00,1.940000057220459,1.9800000190734863,1.8799999952316284,1.899999976158142,120000,0.0,0.0
2023-01-06 00:00:00-05:00,1.8899999856948853,1.9500000476837158,1.7999999523162842,1.8799999952316284,109700,0.0,0.0
2023-01-09 00:00:00-05:00,1.8700000047683716,2.0,1.8450000286102295,1.9800000190734863,146900,0.0,0.0
2023-01-10 00:00:00-05:00,1.9800000190734863,2.009999990463257,1.9500000476837158,2.0,422100,0.0,0.0
2023-01-11 00:00:00-05:00,2.0299999713897705,2.0799999237060547,1.9700000286102295,2.0399999618530273,235400,0.0,0.0
2023-01-12 00:00:00-05:00,2.0230000019073486,2.075000047683716,2.015000104904175,2.0399999618530273,57900,0.0,0.0
2023-01-13 00:00:00-05:00,2.0299999713897705,2.0950000286102295,2.0199999809265137,2.069999933242798,35400,0.0,0.0
2023-01-17 00:00:00-05:00,2.059999942779541,2.0799999237060547,2.009999990463257,2.049999952316284,45500,0.0,0.0
2023-01-18 00:00:00-05:00,2.059999942779541,2.0799999237060547,1.9600000381469727,2.0199999809265137,61000,0.0,0.0
2023-01-19 00:00:00-05:00,2.009999990463257,2.0299999713897705,1.8799999952316284,1.9299999475479126,66700,0.0,0.0
2023-01-20 00:00:00-05:00,1.940000057220459,2.0899999141693115,1.909999966621399,2.0,84100,0.0,0.0
2023-01-23 00:00:00-05:00,1.9800000190734863,2.0399999618530273,1.9500000476837158,2.009999990463257,110700,0.0,0.0
2023-01-24 00:00:00-05:00,1.9700000286102295,2.0199999809265137,1.9700000286102295,2.0199999809265137,43100,0.0,0.0
2023-01-25 00:00:00-05:00,2.009999990463257,2.059999942779541,1.9700000286102295,2.049999952316284,63400,0.0,0.0
2023-01-26 00:00:00-05:00,2.059999942779541,2.0899999141693115,2.0199999809265137,2.0899999141693115,40700,0.0,0.0
2023-01-27 00:00:00-05:00,2.0799999237060547,2.1500000953674316,1.9500000476837158,2.109999895095825,104700,0.0,0.0
2023-01-30 00:00:00-05:00,2.109999895095825,2.109999895095825,2.052000045776367,2.0999999046325684,39800,0.0,0.0
2023-01-31 00:00:00-05:00,2.0999999046325684,2.200000047683716,2.0799999237060547,2.180000066757202,83400,0.0,0.0
2023-02-01 00:00:00-05:00,2.180000066757202,2.2300000190734863,2.0899999141693115,2.1700000762939453,114100,0.0,0.0
2023-02-02 00:00:00-05:00,2.130000114440918,2.1500000953674316,2.0299999713897705,2.0799999237060547,133100,0.0,0.0
2023-02-03 00:00:00-05:00,2.0299999713897705,2.1500000953674316,2.0199999809265137,2.0999999046325684,76000,0.0,0.0
2023-02-06 00:00:00-05:00,2.059999942779541,2.140000104904175,2.049999952316284,2.0799999237060547,190600,0.0,0.0
2023-02-07 00:00:00-05:00,2.049999952316284,2.119999885559082,2.0199999809265137,2.0899999141693115,605800,0.0,0.0
2023-02-08 00:00:00-05:00,2.0899999141693115,2.140000104904175,1.9900000095367432,2.0199999809265137,138600,0.0,0.0
2023-02-09 00:00:00-05:00,2.0,2.009999990463257,1.7100000381469727,1.7799999713897705,534800,0.0,0.0
2023-02-10 00:00:00-05:00,1.8079999685287476,2.009999990463257,1.7960000038146973,2.009999990463257,125600,0.0,0.0
2023-02-13 00:00:00-05:00,2.0399999618530273,2.0999999046325684,1.9199999570846558,2.069999933242798,106700,0.0,0.0
2023-02-14 00:00:00-05:00,2.0299999713897705,2.0799999237060547,2.0299999713897705,2.049999952316284,54100,0.0,0.0
2023-02-15 00:00:00-05:00,2.0,2.069999933242798,1.9900000095367432,2.0399999618530273,67100,0.0,0.0
2023-02-16 00:00:00-05:00,1.9900000095367432,2.059999942779541,1.9880000352859497,2.0299999713897705,102600,0.0,0.0
2023-02-17 00:00:00-05:00,1.9800000190734863,2.059999942779541,1.9800000190734863,2.049999952316284,89600,0.0,0.0
2023-02-21 00:00:00-05:00,1.9900000095367432,2.0199999809265137,1.9509999752044678,2.009999990463257,136800,0.0,0.0
2023-02-22 00:00:00-05:00,2.059999942779541,2.059999942779541,1.9199999570846558,1.9700000286102295,108600,0.0,0.0
2023-02-23 00:00:00-05:00,1.9900000095367432,2.009999990463257,1.899999976158142,1.9700000286102295,89200,0.0,0.0
2023-02-24 00:00:00-05:00,1.909999966621399,1.9500000476837158,1.899999976158142,1.899999976158142,51200,0.0,0.0
2023-02-27 00:00:00-05:00,1.9199999570846558,1.940000057220459,1.8700000047683716,1.9299999475479126,104900,0.0,0.0
2023-02-28 00:00:00-05:00,1.8600000143051147,1.9600000381469727,1.8600000143051147,1.9299999475479126,58200,0.0,0.0
2023-03-01 00:00:00-05:00,1.899999976158142,1.909999966621399,1.8700000047683716,1.8899999856948853,146000,0.0,0.0
2023-03-02 00:00:00-05:00,1.850000023841858,1.8899999856948853,1.809999942779541,1.8600000143051147,80600,0.0,0.0
2023-03-03 00:00:00-05:00,1.840000033378601,1.8799999952316284,1.809999942779541,1.809999942779541,84200,0.0,0.0
2023-03-06 00:00:00-05:00,1.809999942779541,1.8799999952316284,1.7699999809265137,1.850000023841858,84800,0.0,0.0
2023-03-07 00:00:00-05:00,1.8300000429153442,1.899999976158142,1.8200000524520874,1.8600000143051147,49500,0.0,0.0
2023-03-08 00:00:00-05:00,1.8300000429153442,1.899999976158142,1.7899999618530273,1.8200000524520874,117800,0.0,0.0
2023-03-09 00:00:00-05:00,1.7999999523162842,1.899999976158142,1.75,1.850000023841858,150000,0.0,0.0
2023-03-10 00:00:00-05:00,1.8200000524520874,1.8799999952316284,1.7999999523162842,1.850000023841858,113700,0.0,0.0
2023-03-13 00:00:00-04:00,1.8200000524520874,1.8600000143051147,1.7899999618530273,1.8300000429153442,66300,0.0,0.0
2023-03-14 00:00:00-04:00,1.8200000524520874,1.9500000476837158,1.809999942779541,1.899999976158142,115100,0.0,0.0
2023-03-15 00:00:00-04:00,1.8600000143051147,1.940000057220459,1.840000033378601,1.9199999570846558,206800,0.0,0.0
2023-03-16 00:00:00-04:00,1.9299999475479126,1.9299999475479126,1.8700000047683716,1.9199999570846558,229800,0.0,0.0
2023-03-17 00:00:00-04:00,1.8799999952316284,1.8949999809265137,1.8200000524520874,1.8899999856948853,138600,0.0,0.0
2023-03-20 00:00:00-04:00,1.8339999914169312,1.9199999570846558,1.8300000429153442,1.8899999856948853,122000,0.0,0.0
2023-03-21 00:00:00-04:00,1.850000023841858,1.965000033378601,1.840000033378601,1.9500000476837158,110400,0.0,0.0
2023-03-22 00:00:00-04:00,1.9199999570846558,1.9700000286102295,1.909999966621399,1.9500000476837158,39400,0.0,0.0
2023-03-23 00:00:00-04:00,1.909999966621399,1.9900000095367432,1.909999966621399,1.9500000476837158,46800,0.0,0.0
2023-03-24 00:00:00-04:00,1.9199999570846558,1.9900000095367432,1.9199999570846558,1.9900000095367432,51500,0.0,0.0
2023-03-27 00:00:00-04:00,1.9900000095367432,1.9900000095367432,1.899999976158142,1.9500000476837158,59400,0.0,0.0
2023-03-28 00:00:00-04:00,1.940000057220459,1.940000057220459,1.7699999809265137,1.850000023841858,169300,0.0,0.0
2023-03-29 00:00:00-04:00,1.8200000524520874,1.8799999952316284,1.7999999523162842,1.7999999523162842,47800,0.0,0.0
2023-03-30 00:00:00-04:00,1.8200000524520874,1.899999976158142,1.8200000524520874,1.8799999952316284,49200,0.0,0.0
2023-03-31 00:00:00-04:00,1.8899999856948853,1.9199999570846558,1.8350000381469727,1.9199999570846558,22100,0.0,0.0
2023-04-03 00:00:00-04:00,1.8600000143051147,1.8899999856948853,1.7400000095367432,1.850000023841858,138300,0.0,0.0
2023-04-04 00:00:00-04:00,1.8300000429153442,1.8899999856948853,1.7799999713897705,1.809999942779541,45500,0.0,0.0
2023-04-05 00:00:00-04:00,1.7999999523162842,1.8700000047683716,1.7999999523162842,1.8600000143051147,73200,0.0,0.0
2023-04-06 00:00:00-04:00,1.850000023841858,1.899999976158142,1.8300000429153442,1.8899999856948853,139300,0.0,0.0
2023-04-10 00:00:00-04:00,1.8899999856948853,1.909999966621399,1.8300000429153442,1.899999976158142,349500,0.0,0.0
2023-04-11 00:00:00-04:00,1.909999966621399,1.9299999475479126,1.7899999618530273,1.9199999570846558,183600,0.0,0.0
2023-04-12 00:00:00-04:00,1.909999966621399,1.9500000476837158,1.8899999856948853,1.9299999475479126,119600,0.0,0.0
2023-04-13 00:00:00-04:00,1.909999966621399,1.940000057220459,1.7699999809265137,1.8899999856948853,138300,0.0,0.0
2023-04-14 00:00:00-04:00,1.8799999952316284,1.899999976158142,1.8300000429153442,1.8700000047683716,65100,0.0,0.0
2023-04-17 00:00:00-04:00,1.7799999713897705,1.8300000429153442,1.75,1.809999942779541,147500,0.0,0.0
2023-04-18 00:00:00-04:00,1.7899999618530273,1.8600000143051147,1.7300000190734863,1.7999999523162842,678200,0.0,0.0
2023-04-19 00:00:00-04:00,1.7899999618530273,1.7899999618530273,1.659999966621399,1.7100000381469727,266500,0.0,0.0
2023-04-20 00:00:00-04:00,1.6699999570846558,1.7510000467300415,1.6699999570846558,1.75,42600,0.0,0.0
2023-04-21 00:00:00-04:00,1.7300000190734863,1.7400000095367432,1.6699999570846558,1.7000000476837158,154300,0.0,0.0
2023-04-24 00:00:00-04:00,1.6799999475479126,1.7100000381469727,1.6799999475479126,1.690000057220459,30700,0.0,0.0
2023-04-25 00:00:00-04:00,1.6799999475479126,1.6799999475479126,1.600000023841858,1.6200000047683716,63900,0.0,0.0
2023-04-26 00:00:00-04:00,1.600000023841858,1.7699999809265137,1.600000023841858,1.75,152300,0.0,0.0
2023-04-27 00:00:00-04:00,1.7799999713897705,1.850000023841858,1.7799999713897705,1.809999942779541,59200,0.0,0.0
2023-04-28 00:00:00-04:00,1.8200000524520874,1.8600000143051147,1.8200000524520874,1.850000023841858,67600,0.0,0.0
2023-05-01 00:00:00-04:00,1.8300000429153442,1.8600000143051147,1.8300000429153442,1.850000023841858,47800,0.0,0.0
2023-05-02 00:00:00-04:00,1.8200000524520874,1.850000023841858,1.7999999523162842,1.7999999523162842,40200,0.0,0.0
2023-05-03 00:00:00-04:00,1.7799999713897705,1.7999999523162842,1.75,1.75,45200,0.0,0.0
2023-05-04 00:00:00-04:00,1.7599999904632568,1.7599999904632568,1.5299999713897705,1.5800000429153442,153400,0.0,0.0
2023-05-05 00:00:00-04:00,1.600000023841858,1.8250000476837158,1.5499999523162842,1.7899999618530273,236000,0.0,0.0
2023-05-08 00:00:00-04:00,1.7799999713897705,1.7799999713897705,1.7000000476837158,1.7599999904632568,116200,0.0,0.0
2023-05-09 00:00:00-04:00,1.7899999618530273,1.9500000476837158,1.7599999904632568,1.8600000143051147,199300,0.0,0.0
2023-05-10 00:00:00-04:00,1.850000023841858,1.8700000047683716,1.8300000429153442,1.850000023841858,111300,0.0,0.0
2023-05-11 00:00:00-04:00,1.840000033378601,1.8799999952316284,1.8300000429153442,1.8700000047683716,88100,0.0,0.0
2023-05-12 00:00:00-04:00,1.875,1.8899999856948853,1.850000023841858,1.8600000143051147,89500,0.0,0.0
2023-05-15 00:00:00-04:00,1.8300000429153442,1.9900000095367432,1.8200000524520874,1.899999976158142,346700,0.0,0.0
2023-05-16 00:00:00-04:00,1.909999966621399,1.940000057220459,1.899999976158142,1.9299999475479126,80600,0.0,0.0
2023-05-17 00:00:00-04:00,1.909999966621399,1.940000057220459,1.7300000190734863,1.8700000047683716,311900,0.0,0.0
2023-05-18 00:00:00-04:00,1.8650000095367432,1.8799999952316284,1.815000057220459,1.840000033378601,157400,0.0,0.0
2023-05-19 00:00:00-04:00,1.8600000143051147,1.8899999856948853,1.8300000429153442,1.8600000143051147,149700,0.0,0.0
2023-05-22 00:00:00-04:00,1.8700000047683716,1.909999966621399,1.8600000143051147,1.8899999856948853,165300,0.0,0.0
2023-05-23 00:00:00-04:00,1.8600000143051147,1.899999976158142,1.8200000524520874,1.8600000143051147,137000,0.0,0.0
2023-05-24 00:00:00-04:00,1.809999942779541,1.875,1.809999942779541,1.850000023841858,88700,0.0,0.0
2023-05-25 00:00:00-04:00,1.8700000047683716,1.8700000047683716,1.7400000095367432,1.7599999904632568,113300,0.0,0.0
2023-05-26 00:00:00-04:00,1.75,1.7799999713897705,1.649999976158142,1.7100000381469727,239100,0.0,0.0
2023-05-30 00:00:00-04:00,1.7000000476837158,1.7100000381469727,1.659999966621399,1.7000000476837158,74400,0.0,0.0
2023-05-31 00:00:00-04:00,1.659999966621399,1.7100000381469727,1.659999966621399,1.7100000381469727,118700,0.0,0.0
2023-06-01 00:00:00-04:00,1.690000057220459,1.725000023841858,1.6100000143051147,1.6399999856948853,226000,0.0,0.0
2023-06-02 00:00:00-04:00,1.6299999952316284,1.6950000524520874,1.590000033378601,1.649999976158142,392500,0.0,0.0
2023-06-05 00:00:00-04:00,1.649999976158142,1.7000000476837158,1.6089999675750732,1.6699999570846558,55600,0.0,0.0
2023-06-06 00:00:00-04:00,1.7000000476837158,1.8300000429153442,1.7000000476837158,1.75,180400,0.0,0.0
2023-06-07 00:00:00-04:00,1.7400000095367432,1.7999999523162842,1.7300000190734863,1.7599999904632568,131800,0.0,0.0
2023-06-08 00:00:00-04:00,1.7400000095367432,1.840000033378601,1.7200000286102295,1.7999999523162842,156100,0.0,0.0
2023-06-09 00:00:00-04:00,1.7999999523162842,1.9049999713897705,1.7999999523162842,1.8600000143051147,613900,0.0,0.0
2023-06-12 00:00:00-04:00,1.840000033378601,1.899999976158142,1.809999942779541,1.8799999952316284,879700,0.0,0.0
2023-06-13 00:00:00-04:00,1.8799999952316284,1.909999966621399,1.8450000286102295,1.909999966621399,345500,0.0,0.0
2023-06-14 00:00:00-04:00,1.8899999856948853,2.049999952316284,1.8899999856948853,1.9700000286102295,906200,0.0,0.0
2023-06-15 00:00:00-04:00,1.940000057220459,2.0299999713897705,1.940000057220459,1.9800000190734863,469500,0.0,0.0
2023-06-16 00:00:00-04:00,1.9900000095367432,2.125,1.940000057220459,2.0299999713897705,803700,0.0,0.0
2023-06-20 00:00:00-04:00,2.0199999809265137,2.0490000247955322,1.9500000476837158,1.9800000190734863,842400,0.0,0.0
2023-06-21 00:00:00-04:00,1.9500000476837158,2.190000057220459,1.940000057220459,2.059999942779541,1973900,0.0,0.0
2023-06-22 00:00:00-04:00,2.0899999141693115,2.259999990463257,2.0899999141693115,2.1700000762939453,1102900,0.0,0.0
2023-06-23 00:00:00-04:00,2.190000057220459,2.2100000381469727,1.9900000095367432,2.140000104904175,9348700,0.0,0.0
2023-06-26 00:00:00-04:00,2.109999895095825,2.180000066757202,2.0899999141693115,2.0999999046325684,547700,0.0,0.0
2023-06-27 00:00:00-04:00,2.0999999046325684,2.1700000762939453,2.069999933242798,2.1500000953674316,586100,0.0,0.0
2023-06-28 00:00:00-04:00,2.140000104904175,2.1500000953674316,2.119999885559082,2.130000114440918,405500,0.0,0.0
2023-06-29 00:00:00-04:00,2.1500000953674316,2.1500000953674316,2.0799999237060547,2.0999999046325684,461900,0.0,0.0
2023-06-30 00:00:00-04:00,2.0999999046325684,2.1600000858306885,2.0950000286102295,2.119999885559082,333100,0.0,0.0
2023-07-03 00:00:00-04:00,2.119999885559082,2.1700000762939453,2.119999885559082,2.1500000953674316,294600,0.0,0.0
2023-07-05 00:00:00-04:00,2.119999885559082,2.1600000858306885,2.119999885559082,2.140000104904175,311800,0.0,0.0
2023-07-06 00:00:00-04:00,2.130000114440918,2.1600000858306885,2.0999999046325684,2.130000114440918,324000,0.0,0.0
2023-07-07 00:00:00-04:00,2.130000114440918,2.194999933242798,2.130000114440918,2.1700000762939453,370200,0.0,0.0
2023-07-10 00:00:00-04:00,2.1700000762939453,2.25,2.1500000953674316,2.2300000190734863,366900,0.0,0.0
2023-07-11 00:00:00-04:00,2.240000009536743,2.25,2.1040000915527344,2.180000066757202,288600,0.0,0.0
2023-07-12 00:00:00-04:00,2.2100000381469727,2.240000009536743,2.140000104904175,2.140000104904175,298000,0.0,0.0
2023-07-13 00:00:00-04:00,2.109999895095825,2.1649999618530273,2.0510001182556152,2.140000104904175,220000,0.0,0.0
2023-07-14 00:00:00-04:00,2.140000104904175,2.1600000858306885,2.065000057220459,2.0799999237060547,134400,0.0,0.0
2023-07-17 00:00:00-04:00,2.069999933242798,2.0999999046325684,2.0399999618530273,2.059999942779541,128200,0.0,0.0
2023-07-18 00:00:00-04:00,2.049999952316284,2.0899999141693115,2.0199999809265137,2.0799999237060547,181300,0.0,0.0
2023-07-19 00:00:00-04:00,2.059999942779541,2.0899999141693115,2.049999952316284,2.069999933242798,163100,0.0,0.0
2023-07-20 00:00:00-04:00,2.059999942779541,2.069999933242798,2.0,2.049999952316284,202800,0.0,0.0
2023-07-21 00:00:00-04:00,2.0799999237060547,2.0799999237060547,2.009999990463257,2.0399999618530273,194400,0.0,0.0
2023-07-24 00:00:00-04:00,2.0399999618530273,2.0999999046325684,2.0,2.0999999046325684,326000,0.0,0.0
2023-07-25 00:00:00-04:00,2.0999999046325684,2.0999999046325684,2.0,2.009999990463257,170400,0.0,0.0
2023-07-26 00:00:00-04:00,2.009999990463257,2.059999942779541,1.9980000257492065,2.009999990463257,162300,0.0,0.0
2023-07-27 00:00:00-04:00,2.0199999809265137,2.075000047683716,2.0,2.0,266600,0.0,0.0
2023-07-28 00:00:00-04:00,2.0199999809265137,2.0199999809265137,1.9500000476837158,2.0,206300,0.0,0.0
2023-07-31 00:00:00-04:00,1.9900000095367432,2.049999952316284,1.9900000095367432,2.0199999809265137,169500,0.0,0.0
2023-08-01 00:00:00-04:00,2.0199999809265137,2.0199999809265137,1.940000057220459,1.9800000190734863,297500,0.0,0.0
2023-08-02 00:00:00-04:00,2.0,2.1500000953674316,1.9900000095367432,2.130000114440918,556500,0.0,0.0
2023-08-03 00:00:00-04:00,2.0899999141693115,2.2699999809265137,2.049999952316284,2.059999942779541,778700,0.0,0.0
2023-08-04 00:00:00-04:00,2.0799999237060547,2.1500000953674316,2.049999952316284,2.140000104904175,418300,0.0,0.0
2023-08-07 00:00:00-04:00,2.140000104904175,2.1500000953674316,2.0299999713897705,2.0799999237060547,251300,0.0,0.0
2023-08-08 00:00:00-04:00,2.0799999237060547,2.0799999237060547,2.0309998989105225,2.069999933242798,284200,0.0,0.0
2023-08-09 00:00:00-04:00,2.0799999237060547,2.0899999141693115,2.0450000762939453,2.049999952316284,304000,0.0,0.0
2023-08-10 00:00:00-04:00,2.069999933242798,2.0999999046325684,2.0450000762939453,2.049999952316284,222500,0.0,0.0
2023-08-11 00:00:00-04:00,2.049999952316284,2.059999942779541,2.0399999618530273,2.049999952316284,314400,0.0,0.0
2023-08-14 00:00:00-04:00,2.0399999618530273,2.049999952316284,2.0199999809265137,2.0399999618530273,191300,0.0,0.0
2023-08-15 00:00:00-04:00,2.0399999618530273,2.049999952316284,1.9800000190734863,1.9900000095367432,375200,0.0,0.0
2023-08-16 00:00:00-04:00,1.9800000190734863,2.0,1.909999966621399,1.909999966621399,184600,0.0,0.0
2023-08-17 00:00:00-04:00,1.9299999475479126,1.940000057220459,1.8799999952316284,1.9199999570846558,174300,0.0,0.0
2023-08-18 00:00:00-04:00,1.909999966621399,1.9600000381469727,1.909999966621399,1.9500000476837158,150800,0.0,0.0
2023-08-21 00:00:00-04:00,1.940000057220459,1.9500000476837158,1.9049999713897705,1.940000057220459,85500,0.0,0.0
2023-08-22 00:00:00-04:00,1.9299999475479126,1.940000057220459,1.8949999809265137,1.940000057220459,49600,0.0,0.0
2023-08-23 00:00:00-04:00,1.940000057220459,1.940000057220459,1.899999976158142,1.9299999475479126,108500,0.0,0.0
2023-08-24 00:00:00-04:00,1.9199999570846558,1.9299999475479126,1.8899999856948853,1.909999966621399,108200,0.0,0.0
2023-08-25 00:00:00-04:00,1.909999966621399,1.9299999475479126,1.850000023841858,1.9199999570846558,96200,0.0,0.0
2023-08-28 00:00:00-04:00,1.9299999475479126,1.9500000476837158,1.8940000534057617,1.9299999475479126,84800,0.0,0.0
2023-08-29 00:00:00-04:00,1.899999976158142,2.009999990463257,1.8899999856948853,1.9500000476837158,187500,0.0,0.0
2023-08-30 00:00:00-04:00,1.899999976158142,2.0,1.899999976158142,2.0,101000,0.0,0.0
2023-08-31 00:00:00-04:00,2.0,2.049999952316284,1.8700000047683716,1.8899999856948853,371800,0.0,0.0
2023-09-01 00:00:00-04:00,1.8799999952316284,1.9500000476837158,1.7699999809265137,1.9299999475479126,298100,0.0,0.0
2023-09-05 00:00:00-04:00,1.940000057220459,1.9500000476837158,1.840000033378601,1.8899999856948853,302800,0.0,0.0
2023-09-06 00:00:00-04:00,1.850000023841858,1.899999976158142,1.809999942779541,1.8200000524520874,221300,0.0,0.0
2023-09-07 00:00:00-04:00,1.809999942779541,1.840000033378601,1.7300000190734863,1.7799999713897705,177200,0.0,0.0
2023-09-08 00:00:00-04:00,1.7699999809265137,1.8700000047683716,1.7699999809265137,1.8300000429153442,101300,0.0,0.0
2023-09-11 00:00:00-04:00,1.7999999523162842,1.9700000286102295,1.7999999523162842,1.9199999570846558,145600,0.0,0.0
2023-09-12 00:00:00-04:00,1.9149999618530273,1.940000057220459,1.8799999952316284,1.899999976158142,157500,0.0,0.0
2023-09-13 00:00:00-04:00,1.8799999952316284,1.909999966621399,1.7899999618530273,1.7899999618530273,221000,0.0,0.0
2023-09-14 00:00:00-04:00,1.7999999523162842,1.875,1.7899999618530273,1.8600000143051147,76200,0.0,0.0
2023-09-15 00:00:00-04:00,1.8799999952316284,1.9700000286102295,1.840000033378601,1.940000057220459,665700,0.0,0.0
2023-09-18 00:00:00-04:00,1.940000057220459,1.975000023841858,1.9149999618530273,1.9299999475479126,95300,0.0,0.0
2023-09-19 00:00:00-04:00,1.899999976158142,1.9800000190734863,1.840000033378601,1.9199999570846558,252300,0.0,0.0
2023-09-20 00:00:00-04:00,1.8700000047683716,1.940000057220459,1.8300000429153442,1.840000033378601,158800,0.0,0.0
2023-09-21 00:00:00-04:00,1.809999942779541,1.8300000429153442,1.7300000190734863,1.7300000190734863,63100,0.0,0.0
2023-09-22 00:00:00-04:00,1.75,1.7799999713897705,1.7100000381469727,1.7200000286102295,69600,0.0,0.0
2023-09-25 00:00:00-04:00,1.7200000286102295,1.815000057220459,1.7200000286102295,1.7899999618530273,62100,0.0,0.0
2023-09-26 00:00:00-04:00,1.7799999713897705,1.8370000123977661,1.7599999904632568,1.7899999618530273,73500,0.0,0.0
2023-09-27 00:00:00-04:00,1.840000033378601,1.840000033378601,1.7599999904632568,1.7899999618530273,90400,0.0,0.0
2023-09-28 00:00:00-04:00,1.7699999809265137,1.809999942779541,1.75,1.7799999713897705,71000,0.0,0.0
2023-09-29 00:00:00-04:00,1.7799999713897705,1.9199999570846558,1.7100000381469727,1.7300000190734863,105000,0.0,0.0
2023-10-02 00:00:00-04:00,1.7100000381469727,1.75,1.690000057220459,1.7400000095367432,108600,0.0,0.0
2023-10-03 00:00:00-04:00,1.7699999809265137,1.7999999523162842,1.7200000286102295,1.7400000095367432,67100,0.0,0.0
2023-10-04 00:00:00-04:00,1.7400000095367432,1.809999942779541,1.7000000476837158,1.7949999570846558,108800,0.0,0.0
2023-10-05 00:00:00-04:00,1.7300000190734863,1.850000023841858,1.7300000190734863,1.809999942779541,116300,0.0,0.0
2023-10-06 00:00:00-04:00,1.7400000095367432,1.8600000143051147,1.7400000095367432,1.8300000429153442,135300,0.0,0.0
2023-10-09 00:00:00-04:00,1.7999999523162842,1.7999999523162842,1.75,1.7699999809265137,205500,0.0,0.0
2023-10-10 00:00:00-04:00,1.7699999809265137,1.809999942779541,1.7300000190734863,1.7400000095367432,158700,0.0,0.0
2023-10-11 00:00:00-04:00,1.7200000286102295,1.7690000534057617,1.659999966621399,1.6699999570846558,121500,0.0,0.0
2023-10-12 00:00:00-04:00,1.649999976158142,1.7000000476837158,1.6299999952316284,1.6699999570846558,120600,0.0,0.0
2023-10-13 00:00:00-04:00,1.649999976158142,1.6699999570846558,1.559999942779541,1.5700000524520874,166700,0.0,0.0
2023-10-16 00:00:00-04:00,1.6100000143051147,1.7000000476837158,1.6100000143051147,1.6699999570846558,103000,0.0,0.0
2023-10-17 00:00:00-04:00,1.6699999570846558,1.75,1.6699999570846558,1.7100000381469727,193100,0.0,0.0
2023-10-18 00:00:00-04:00,1.690000057220459,1.7000000476837158,1.6200000047683716,1.6299999952316284,93500,0.0,0.0
2023-10-19 00:00:00-04:00,1.6399999856948853,1.659999966621399,1.600000023841858,1.6200000047683716,113700,0.0,0.0
2023-10-20 00:00:00-04:00,1.649999976158142,1.649999976158142,1.600000023841858,1.6299999952316284,126200,0.0,0.0
2023-10-23 00:00:00-04:00,1.6399999856948853,1.6449999809265137,1.590000033378601,1.6200000047683716,159900,0.0,0.0
2023-10-24 00:00:00-04:00,1.649999976158142,1.6649999618530273,1.6299999952316284,1.649999976158142,43500,0.0,0.0
2023-10-25 00:00:00-04:00,1.6399999856948853,1.6649999618530273,1.600000023841858,1.6399999856948853,120800,0.0,0.0
2023-10-26 00:00:00-04:00,1.6699999570846558,1.6699999570846558,1.6100000143051147,1.649999976158142,104400,0.0,0.0
2023-10-27 00:00:00-04:00,1.649999976158142,1.659999966621399,1.6200000047683716,1.6399999856948853,64400,0.0,0.0
2023-10-30 00:00:00-04:00,1.6399999856948853,1.7200000286102295,1.590000033378601,1.7100000381469727,97400,0.0,0.0
2023-10-31 00:00:00-04:00,1.690000057220459,1.7400000095367432,1.684999942779541,1.7200000286102295,103100,0.0,0.0
2023-11-01 00:00:00-04:00,1.690000057220459,1.7300000190734863,1.690000057220459,1.7000000476837158,51200,0.0,0.0
2023-11-02 00:00:00-04:00,1.7100000381469727,1.7899999618530273,1.7100000381469727,1.7699999809265137,123800,0.0,0.0
2023-11-03 00:00:00-04:00,1.7899999618530273,1.809999942779541,1.7400000095367432,1.7899999618530273,92800,0.0,0.0
2023-11-06 00:00:00-05:00,1.7699999809265137,1.7949999570846558,1.7400000095367432,1.7699999809265137,26700,0.0,0.0
2023-11-07 00:00:00-05:00,1.7999999523162842,1.7999999523162842,1.7000000476837158,1.7599999904632568,62400,0.0,0.0
2023-11-08 00:00:00-05:00,1.7999999523162842,1.809999942779541,1.659999966621399,1.809999942779541,88800,0.0,0.0
2023-11-09 00:00:00-05:00,1.7999999523162842,1.8700000047683716,1.7699999809265137,1.7799999713897705,144400,0.0,0.0
2023-11-10 00:00:00-05:00,1.7300000190734863,1.8200000524520874,1.7100000381469727,1.7799999713897705,88800,0.0,0.0
2023-11-13 00:00:00-05:00,1.7300000190734863,1.7799999713897705,1.6200000047683716,1.7200000286102295,145900,0.0,0.0
2023-11-14 00:00:00-05:00,1.7699999809265137,1.850000023841858,1.7599999904632568,1.850000023841858,150900,0.0,0.0
2023-11-15 00:00:00-05:00,1.8700000047683716,1.8799999952316284,1.7999999523162842,1.7999999523162842,76400,0.0,0.0
2023-11-16 00:00:00-05:00,1.8200000524520874,1.8200000524520874,1.7599999904632568,1.809999942779541,143900,0.0,0.0
2023-11-17 00:00:00-05:00,1.8300000429153442,1.850000023841858,1.7599999904632568,1.7899999618530273,163700,0.0,0.0
2023-11-20 00:00:00-05:00,1.7699999809265137,1.8200000524520874,1.7400000095367432,1.7799999713897705,135000,0.0,0.0
2023-11-21 00:00:00-05:00,1.7400000095367432,1.7899999618530273,1.7300000190734863,1.75,91800,0.0,0.0
2023-11-22 00:00:00-05:00,1.7300000190734863,1.809999942779541,1.7000000476837158,1.7400000095367432,219300,0.0,0.0
2023-11-24 00:00:00-05:00,1.75,1.7599999904632568,1.7200000286102295,1.7400000095367432,42700,0.0,0.0
2023-11-27 00:00:00-05:00,1.7400000095367432,1.7599999904632568,1.690000057220459,1.7300000190734863,155700,0.0,0.0
2023-11-28 00:00:00-05:00,1.7300000190734863,1.7599999904632568,1.7000000476837158,1.7000000476837158,220700,0.0,0.0
2023-11-29 00:00:00-05:00,1.7200000286102295,1.7380000352859497,1.7000000476837158,1.7100000381469727,81000,0.0,0.0
2023-11-30 00:00:00-05:00,1.7400000095367432,1.7400000095367432,1.7100000381469727,1.7100000381469727,79100,0.0,0.0
2023-12-01 00:00:00-05:00,1.7300000190734863,1.75,1.7000000476837158,1.7400000095367432,167600,0.0,0.0
2023-12-04 00:00:00-05:00,1.7200000286102295,1.815000057220459,1.7000000476837158,1.7799999713897705,347700,0.0,0.0
2023-12-05 00:00:00-05:00,1.7899999618530273,1.7899999618530273,1.7100000381469727,1.7599999904632568,151900,0.0,0.0
2023-12-06 00:00:00-05:00,1.7699999809265137,1.809999942779541,1.7599999904632568,1.7899999618530273,160400,0.0,0.0
2023-12-07 00:00:00-05:00,1.7899999618530273,1.8200000524520874,1.7699999809265137,1.7899999618530273,403800,0.0,0.0
2023-12-08 00:00:00-05:00,1.7799999713897705,1.899999976158142,1.7400000095367432,1.7999999523162842,213600,0.0,0.0
2023-12-11 00:00:00-05:00,1.7400000095367432,1.8049999475479126,1.7300000190734863,1.7899999618530273,158900,0.0,0.0
2023-12-12 00:00:00-05:00,1.7899999618530273,1.8049999475479126,1.7300000190734863,1.7699999809265137,164400,0.0,0.0
2023-12-13 00:00:00-05:00,1.7400000095367432,1.809999942779541,1.7400000095367432,1.809999942779541,185000,0.0,0.0
2023-12-14 00:00:00-05:00,1.809999942779541,1.8200000524520874,1.7610000371932983,1.7899999618530273,205900,0.0,0.0
2023-12-15 00:00:00-05:00,1.809999942779541,1.809999942779541,1.7699999809265137,1.7999999523162842,569100,0.0,0.0
2023-12-18 00:00:00-05:00,1.8200000524520874,1.8700000047683716,1.8200000524520874,1.850000023841858,141400,0.0,0.0
2023-12-19 00:00:00-05:00,1.850000023841858,1.9299999475479126,1.8300000429153442,1.8700000047683716,201500,0.0,0.0
2023-12-20 00:00:00-05:00,1.7799999713897705,1.9149999618530273,1.7400000095367432,1.8799999952316284,195700,0.0,0.0
2023-12-21 00:00:00-05:00,1.909999966621399,1.909999966621399,1.8609999418258667,1.899999976158142,117700,0.0,0.0
2023-12-22 00:00:00-05:00,1.9299999475479126,1.9800000190734863,1.899999976158142,1.9700000286102295,165100,0.0,0.0
2023-12-26 00:00:00-05:00,1.9900000095367432,2.0,1.9800000190734863,1.9900000095367432,148700,0.0,0.0
2023-12-27 00:00:00-05:00,1.940000057220459,2.005000114440918,1.940000057220459,1.9900000095367432,151000,0.0,0.0
2023-12-28 00:00:00-05:00,1.9800000190734863,1.9950000047683716,1.9500000476837158,1.9800000190734863,124600,0.0,0.0
2023-12-29 00:00:00-05:00,1.9600000381469727,2.0299999713897705,1.940000057220459,1.9500000476837158,86100,0.0,0.0
2024-01-02 00:00:00-05:00,1.9800000190734863,1.9800000190734863,1.809999942779541,1.8200000524520874,289600,0.0,0.0
2024-01-03 00:00:00-05:00,1.7999999523162842,1.8309999704360962,1.75,1.7699999809265137,146200,0.0,0.0
2024-01-04 00:00:00-05:00,1.75,1.7699999809265137,1.715000033378601,1.7400000095367432,188500,0.0,0.0
2024-01-05 00:00:00-05:00,1.7300000190734863,1.7599999904632568,1.6799999475479126,1.6799999475479126,151200,0.0,0.0
2024-01-08 00:00:00-05:00,1.690000057220459,1.7699999809265137,1.690000057220459,1.7599999904632568,169200,0.0,0.0
2024-01-09 00:00:00-05:00,1.7699999809265137,1.7799999713897705,1.7400000095367432,1.75,58500,0.0,0.0
2024-01-10 00:00:00-05:00,1.7400000095367432,1.809999942779541,1.7400000095367432,1.809999942779541,97900,0.0,0.0
2024-01-11 00:00:00-05:00,1.7899999618530273,1.8200000524520874,1.75,1.809999942779541,95900,0.0,0.0
2024-01-12 00:00:00-05:00,1.8300000429153442,1.850000023841858,1.7799999713897705,1.7799999713897705,44100,0.0,0.0
2024-01-16 00:00:00-05:00,1.7999999523162842,1.7999999523162842,1.7100000381469727,1.7100000381469727,219800,0.0,0.0
2024-01-17 00:00:00-05:00,1.7100000381469727,1.7699999809265137,1.6399999856948853,1.75,156000,0.0,0.0
2024-01-18 00:00:00-05:00,1.7200000286102295,1.809999942779541,1.7100000381469727,1.7799999713897705,99500,0.0,0.0
2024-01-19 00:00:00-05:00,1.7899999618530273,1.809999942779541,1.7519999742507935,1.7899999618530273,61300,0.0,0.0
2024-01-22 00:00:00-05:00,1.7999999523162842,1.9500000476837158,1.7799999713897705,1.9299999475479126,240400,0.0,0.0
2024-01-23 00:00:00-05:00,1.9199999570846558,1.9199999570846558,1.8700000047683716,1.8700000047683716,50500,0.0,0.0
2024-01-24 00:00:00-05:00,1.850000023841858,1.909999966621399,1.8300000429153442,1.850000023841858,64100,0.0,0.0
2024-01-25 00:00:00-05:00,1.8200000524520874,1.8650000095367432,1.8200000524520874,1.850000023841858,67000,0.0,0.0
2024-01-26 00:00:00-05:00,1.8899999856948853,1.8899999856948853,1.809999942779541,1.8300000429153442,45800,0.0,0.0
2024-01-29 00:00:00-05:00,1.809999942779541,1.850000023841858,1.7699999809265137,1.8200000524520874,58900,0.0,0.0
2024-01-30 00:00:00-05:00,1.7999999523162842,1.7999999523162842,1.7200000286102295,1.7400000095367432,84800,0.0,0.0
2024-01-31 00:00:00-05:00,1.75,1.7599999904632568,1.6799999475479126,1.6799999475479126,95200,0.0,0.0
2024-02-01 00:00:00-05:00,1.7100000381469727,1.7100000381469727,1.6649999618530273,1.690000057220459,80000,0.0,0.0
2024-02-02 00:00:00-05:00,1.659999966621399,1.690000057220459,1.659999966621399,1.6699999570846558,41000,0.0,0.0
2024-02-05 00:00:00-05:00,1.6299999952316284,1.6699999570846558,1.600000023841858,1.6100000143051147,91700,0.0,0.0
2024-02-06 00:00:00-05:00,1.600000023841858,1.649999976158142,1.590000033378601,1.6399999856948853,51000,0.0,0.0
2024-02-07 00:00:00-05:00,1.6399999856948853,1.649999976158142,1.600000023841858,1.600000023841858,95000,0.0,0.0
2024-02-08 00:00:00-05:00,1.649999976158142,1.649999976158142,1.6100000143051147,1.6200000047683716,64400,0.0,0.0
2024-02-09 00:00:00-05:00,1.6299999952316284,1.7100000381469727,1.565000057220459,1.5800000429153442,97600,0.0,0.0
2024-02-12 00:00:00-05:00,1.590000033378601,1.659999966621399,1.5700000524520874,1.5800000429153442,105500,0.0,0.0
2024-02-13 00:00:00-05:00,1.5399999618530273,1.5499999523162842,1.399999976158142,1.409999966621399,149400,0.0,0.0
2024-02-14 00:00:00-05:00,1.440000057220459,1.5199999809265137,1.399999976158142,1.5099999904632568,120400,0.0,0.0
2024-02-15 00:00:00-05:00,1.559999942779541,1.6649999618530273,1.5199999809265137,1.6200000047683716,157300,0.0,0.0
2024-02-16 00:00:00-05:00,1.6299999952316284,1.6799999475479126,1.590000033378601,1.590000033378601,68700,0.0,0.0
2024-02-20 00:00:00-05:00,1.600000023841858,1.6069999933242798,1.4500000476837158,1.4700000286102295,242100,0.0,0.0
2024-02-21 00:00:00-05:00,1.4600000381469727,1.5,1.4500000476837158,1.4500000476837158,126700,0.0,0.0
2024-02-22 00:00:00-05:00,1.4700000286102295,1.5570000410079956,1.4500000476837158,1.4600000381469727,88600,0.0,0.0
2024-02-23 00:00:00-05:00,1.5199999809265137,1.5299999713897705,1.4600000381469727,1.4800000190734863,118300,0.0,0.0
2024-02-26 00:00:00-05:00,1.4500000476837158,1.4500000476837158,1.4199999570846558,1.440000057220459,403100,0.0,0.0
2024-02-27 00:00:00-05:00,1.409999966621399,1.4550000429153442,1.3799999952316284,1.399999976158142,103500,0.0,0.0
2024-02-28 00:00:00-05:00,1.409999966621399,1.4600000381469727,1.340000033378601,1.3899999856948853,85300,0.0,0.0
2024-02-29 00:00:00-05:00,1.4299999475479126,1.440000057220459,1.3200000524520874,1.3300000429153442,129700,0.0,0.0
2024-03-01 00:00:00-05:00,1.350000023841858,1.409999966621399,1.350000023841858,1.409999966621399,70000,0.0,0.0
2024-03-04 00:00:00-05:00,1.4299999475479126,1.4299999475479126,1.2799999713897705,1.3300000429153442,383600,0.0,0.0
2024-03-05 00:00:00-05:00,1.340000033378601,1.340000033378601,1.2799999713897705,1.2899999618530273,112100,0.0,0.0
2024-03-06 00:00:00-05:00,1.2799999713897705,1.3300000429153442,1.1699999570846558,1.309999942779541,420800,0.0,0.0
2024-03-07 00:00:00-05:00,1.2899999618530273,1.3300000429153442,1.2899999618530273,1.309999942779541,59300,0.0,0.0
2024-03-08 00:00:00-05:00,1.3300000429153442,1.350000023841858,1.2899999618530273,1.350000023841858,90000,0.0,0.0
2024-03-11 00:00:00-04:00,1.2999999523162842,1.3489999771118164,1.2699999809265137,1.340000033378601,72200,0.0,0.0
2024-03-12 00:00:00-04:00,1.3300000429153442,1.3389999866485596,1.2899999618530273,1.2999999523162842,103400,0.0,0.0
2024-03-13 00:00:00-04:00,1.2999999523162842,1.3600000143051147,1.2699999809265137,1.350000023841858,88900,0.0,0.0
2024-03-14 00:00:00-04:00,1.350000023841858,1.350000023841858,1.2999999523162842,1.3250000476837158,73200,0.0,0.0
2024-03-15 00:00:00-04:00,1.2999999523162842,1.3700000047683716,1.2999999523162842,1.3300000429153442,479300,0.0,0.0
2024-03-18 00:00:00-04:00,1.309999942779541,1.3450000286102295,1.2899999618530273,1.2999999523162842,124800,0.0,0.0
2024-03-19 00:00:00-04:00,1.3200000524520874,1.3700000047683716,1.2899999618530273,1.3300000429153442,67800,0.0,0.0
2024-03-20 00:00:00-04:00,1.309999942779541,1.3899999856948853,1.2999999523162842,1.3799999952316284,82100,0.0,0.0
2024-03-21 00:00:00-04:00,1.340000033378601,1.3899999856948853,1.3170000314712524,1.350000023841858,141900,0.0,0.0
2024-03-22 00:00:00-04:00,1.350000023841858,1.3769999742507935,1.3300000429153442,1.3300000429153442,86600,0.0,0.0
2024-03-25 00:00:00-04:00,1.309999942779541,1.340000033378601,1.309999942779541,1.309999942779541,46000,0.0,0.0
2024-03-26 00:00:00-04:00,1.3300000429153442,1.3600000143051147,1.3200000524520874,1.340000033378601,80500,0.0,0.0
2024-03-27 00:00:00-04:00,1.3600000143051147,1.375,1.309999942779541,1.350000023841858,76800,0.0,0.0
2024-03-28 00:00:00-04:00,1.340000033378601,1.3799999952316284,1.3300000429153442,1.350000023841858,40400,0.0,0.0
2024-04-01 00:00:00-04:00,1.3200000524520874,1.3799999952316284,1.2999999523162842,1.350000023841858,138800,0.0,0.0
2024-04-02 00:00:00-04:00,1.3200000524520874,1.3600000143051147,1.3200000524520874,1.350000023841858,221500,0.0,0.0
2024-04-03 00:00:00-04:00,1.3300000429153442,1.399999976158142,1.309999942779541,1.340000033378601,108400,0.0,0.0
2024-04-04 00:00:00-04:00,1.340000033378601,1.3700000047683716,1.3200000524520874,1.350000023841858,87900,0.0,0.0
2024-04-05 00:00:00-04:00,1.3300000429153442,1.3700000047683716,1.3200000524520874,1.350000023841858,56800,0.0,0.0
2024-04-08 00:00:00-04:00,1.3600000143051147,1.3899999856948853,1.3240000009536743,1.3799999952316284,70900,0.0,0.0
2024-04-09 00:00:00-04:00,1.3799999952316284,1.3899999856948853,1.3600000143051147,1.3799999952316284,263800,0.0,0.0
2024-04-10 00:00:00-04:00,1.3300000429153442,1.350000023841858,1.2649999856948853,1.3200000524520874,132400,0.0,0.0
2024-04-11 00:00:00-04:00,1.340000033378601,1.340000033378601,1.2999999523162842,1.3200000524520874,130500,0.0,0.0
2024-04-12 00:00:00-04:00,1.2899999618530273,1.3200000524520874,1.2799999713897705,1.3200000524520874,77000,0.0,0.0
2024-04-15 00:00:00-04:00,1.2899999618530273,1.309999942779541,1.1799999475479126,1.2000000476837158,159100,0.0,0.0
2024-04-16 00:00:00-04:00,1.2000000476837158,1.2300000190734863,1.2000000476837158,1.2200000286102295,21800,0.0,0.0
2024-04-17 00:00:00-04:00,1.2300000190734863,1.2300000190734863,1.1699999570846558,1.190000057220459,49400,0.0,0.0
2024-04-18 00:00:00-04:00,1.159999966621399,1.2050000429153442,1.1399999856948853,1.159999966621399,127700,0.0,0.0
2024-04-19 00:00:00-04:00,1.1799999475479126,1.2170000076293945,1.149999976158142,1.2000000476837158,49000,0.0,0.0
2024-04-22 00:00:00-04:00,1.1799999475479126,1.25,1.1799999475479126,1.25,72700,0.0,0.0
2024-04-23 00:00:00-04:00,1.2400000095367432,1.2699999809265137,1.2300000190734863,1.2599999904632568,96500,0.0,0.0
2024-04-24 00:00:00-04:00,1.2300000190734863,1.2699999809265137,1.2089999914169312,1.2599999904632568,111800,0.0,0.0
2024-04-25 00:00:00-04:00,1.2200000286102295,1.2400000095367432,1.1950000524520874,1.2000000476837158,80100,0.0,0.0
2024-04-26 00:00:00-04:00,1.2000000476837158,1.2899999618530273,1.1950000524520874,1.25,31800,0.0,0.0
2024-04-29 00:00:00-04:00,1.2400000095367432,1.2599999904632568,1.2400000095367432,1.2400000095367432,42200,0.0,0.0
2024-04-30 00:00:00-04:00,1.2200000286102295,1.25,1.2100000381469727,1.2300000190734863,70700,0.0,0.0
2024-05-01 00:00:00-04:00,1.2599999904632568,1.2599999904632568,1.2339999675750732,1.2400000095367432,51100,0.0,0.0
2024-05-02 00:00:00-04:00,1.2599999904632568,1.2599999904632568,1.190000057220459,1.2200000286102295,114600,0.0,0.0
2024-05-03 00:00:00-04:00,1.2599999904632568,1.2599999904632568,1.2000000476837158,1.2400000095367432,51500,0.0,0.0
2024-05-06 00:00:00-04:00,1.2300000190734863,1.2599999904632568,1.2000000476837158,1.2599999904632568,67100,0.0,0.0
2024-05-07 00:00:00-04:00,1.2699999809265137,1.309999942779541,1.2400000095367432,1.2799999713897705,148100,0.0,0.0
2024-05-08 00:00:00-04:00,1.2100000381469727,1.3200000524520874,1.2100000381469727,1.2300000190734863,37400,0.0,0.0
2024-05-09 00:00:00-04:00,1.2300000190734863,1.2599999904632568,1.2100000381469727,1.2400000095367432,74900,0.0,0.0
2024-05-10 00:00:00-04:00,1.2200000286102295,1.253999948501587,1.1799999475479126,1.2000000476837158,70400,0.0,0.0
2024-05-13 00:00:00-04:00,1.190000057220459,1.215000033378601,1.1799999475479126,1.2000000476837158,56200,0.0,0.0
2024-05-14 00:00:00-04:00,1.2200000286102295,1.2599999904632568,1.2000000476837158,1.2300000190734863,51600,0.0,0.0
2024-05-15 00:00:00-04:00,1.25,1.2699999809265137,1.190000057220459,1.190000057220459,120800,0.0,0.0
2024-05-16 00:00:00-04:00,1.1699999570846558,1.2000000476837158,1.1699999570846558,1.190000057220459,60200,0.0,0.0
2024-05-17 00:00:00-04:00,1.2000000476837158,1.2000000476837158,1.1699999570846558,1.190000057220459,74900,0.0,0.0
2024-05-20 00:00:00-04:00,1.1799999475479126,1.2000000476837158,1.149999976158142,1.1950000524520874,196600,0.0,0.0
2024-05-21 00:00:00-04:00,1.1799999475479126,1.2000000476837158,1.149999976158142,1.190000057220459,30000,0.0,0.0
2024-05-22 00:00:00-04:00,1.190000057220459,1.2000000476837158,1.1799999475479126,1.2000000476837158,39800,0.0,0.0
2024-05-23 00:00:00-04:00,1.2000000476837158,1.2000000476837158,1.149999976158142,1.1799999475479126,82500,0.0,0.0
2024-05-24 00:00:00-04:00,1.2000000476837158,1.2000000476837158,1.149999976158142,1.1699999570846558,94600,0.0,0.0
2024-05-28 00:00:00-04:00,1.149999976158142,1.1699999570846558,1.149999976158142,1.159999966621399,79800,0.0,0.0
2024-05-29 00:00:00-04:00,1.149999976158142,1.1699999570846558,1.149999976158142,1.149999976158142,62700,0.0,0.0
2024-05-30 00:00:00-04:00,1.159999966621399,1.1699999570846558,1.149999976158142,1.149999976158142,84600,0.0,0.0
2024-05-31 00:00:00-04:00,1.100000023841858,1.100000023841858,1.0,1.0499999523162842,254200,0.0,0.0
2024-06-03 00:00:00-04:00,1.0199999809265137,1.0609999895095825,1.0199999809265137,1.0199999809265137,122600,0.0,0.0
2024-06-04 00:00:00-04:00,1.0199999809265137,1.0800000429153442,0.9950000047683716,0.9950000047683716,127900,0.0,0.0
2024-06-05 00:00:00-04:00,1.0,1.0,0.8859999775886536,1.0,229800,0.0,0.0
2024-06-06 00:00:00-04:00,0.9700000286102295,1.0,0.7639999985694885,0.8450000286102295,273000,0.0,0.0
2024-06-07 00:00:00-04:00,0.8450000286102295,0.871999979019165,0.8080000281333923,0.8140000104904175,90200,0.0,0.0
2024-06-10 00:00:00-04:00,0.8240000009536743,0.9959999918937683,0.8199999928474426,0.9890000224113464,148100,0.0,0.0
2024-06-11 00:00:00-04:00,0.9800000190734863,1.1950000524520874,0.9430000185966492,1.1399999856948853,463700,0.0,0.0
2024-06-12 00:00:00-04:00,1.1799999475479126,1.2300000190734863,1.1200000047683716,1.190000057220459,208300,0.0,0.0
2024-06-13 00:00:00-04:00,1.1799999475479126,1.2100000381469727,1.1100000143051147,1.1799999475479126,120800,0.0,0.0
2024-06-14 00:00:00-04:00,1.159999966621399,1.2599999904632568,1.1100000143051147,1.2200000286102295,405400,0.0,0.0
2024-06-17 00:00:00-04:00,1.2000000476837158,1.340000033378601,1.1890000104904175,1.2999999523162842,343100,0.0,0.0
2024-06-18 00:00:00-04:00,1.2899999618530273,1.2999999523162842,1.2000000476837158,1.2400000095367432,188500,0.0,0.0
2024-06-20 00:00:00-04:00,1.2699999809265137,1.2699999809265137,1.2200000286102295,1.2300000190734863,129700,0.0,0.0
2024-06-21 00:00:00-04:00,1.340000033378601,1.340000033378601,1.2400000095367432,1.2599999904632568,451400,0.0,0.0
2024-06-24 00:00:00-04:00,1.25,1.2799999713897705,1.1799999475479126,1.2100000381469727,127500,0.0,0.0
2024-06-25 00:00:00-04:00,1.2000000476837158,1.25,1.1699999570846558,1.2000000476837158,52200,0.0,0.0
2024-06-26 00:00:00-04:00,1.1699999570846558,1.25,1.1399999856948853,1.159999966621399,166400,0.0,0.0
2024-06-27 00:00:00-04:00,1.1699999570846558,1.2799999713897705,1.1699999570846558,1.2599999904632568,185600,0.0,0.0
2024-06-28 00:00:00-04:00,1.2400000095367432,1.2799999713897705,1.1699999570846558,1.2000000476837158,1406400,0.0,0.0
2024-07-01 00:00:00-04:00,1.1799999475479126,1.2000000476837158,1.159999966621399,1.1799999475479126,163500,0.0,0.0
2024-07-02 00:00:00-04:00,1.159999966621399,1.2000000476837158,1.1200000047683716,1.1299999952316284,73400,0.0,0.0
2024-07-03 00:00:00-04:00,1.1200000047683716,1.1299999952316284,1.0800000429153442,1.100000023841858,56000,0.0,0.0
2024-07-05 00:00:00-04:00,1.0700000524520874,1.159999966621399,1.0700000524520874,1.1399999856948853,78800,0.0,0.0
2024-07-08 00:00:00-04:00,1.159999966621399,1.2000000476837158,1.1399999856948853,1.149999976158142,79100,0.0,0.0
2024-07-09 00:00:00-04:00,1.1399999856948853,1.2000000476837158,1.1399999856948853,1.159999966621399,64200,0.0,0.0
2024-07-10 00:00:00-04:00,1.1699999570846558,1.2000000476837158,1.1699999570846558,1.2000000476837158,98700,0.0,0.0
2024-07-11 00:00:00-04:00,1.2000000476837158,1.2000000476837158,1.1799999475479126,1.2000000476837158,634800,0.0,0.0
2024-07-12 00:00:00-04:00,1.2000000476837158,1.2139999866485596,1.190000057220459,1.2000000476837158,179600,0.0,0.0
2024-07-15 00:00:00-04:00,1.2000000476837158,1.2000000476837158,1.190000057220459,1.2000000476837158,193200,0.0,0.0
2024-07-16 00:00:00-04:00,1.2000000476837158,1.2000000476837158,1.190000057220459,1.2000000476837158,444900,0.0,0.0
2024-07-17 00:00:00-04:00,1.190000057220459,1.2549999952316284,1.187000036239624,1.2400000095367432,272300,0.0,0.0
2024-07-18 00:00:00-04:00,1.2400000095367432,1.2400000095367432,1.190000057220459,1.190000057220459,331400,0.0,0.0
2024-07-19 00:00:00-04:00,1.2000000476837158,1.2400000095367432,1.2000000476837158,1.2000000476837158,118800,0.0,0.0
2024-07-22 00:00:00-04:00,1.2100000381469727,1.2369999885559082,1.2000000476837158,1.2100000381469727,121100,0.0,0.0
2024-07-23 00:00:00-04:00,1.2000000476837158,1.2599999904632568,1.2000000476837158,1.25,218200,0.0,0.0
2024-07-24 00:00:00-04:00,1.25,1.2999999523162842,1.2350000143051147,1.25,179800,0.0,0.0
2024-07-25 00:00:00-04:00,1.2699999809265137,1.340000033378601,1.2300000190734863,1.3300000429153442,271900,0.0,0.0
2024-07-26 00:00:00-04:00,1.3300000429153442,1.340000033378601,1.309999942779541,1.340000033378601,145100,0.0,0.0
2024-07-29 00:00:00-04:00,1.3200000524520874,1.350000023841858,1.2899999618530273,1.2999999523162842,115300,0.0,0.0
2024-07-30 00:00:00-04:00,1.2999999523162842,1.3300000429153442,1.2999999523162842,1.3200000524520874,114400,0.0,0.0
2024-07-31 00:00:00-04:00,1.3200000524520874,1.3300000429153442,1.2899999618530273,1.3300000429153442,143600,0.0,0.0
2024-08-01 00:00:00-04:00,1.309999942779541,1.350000023841858,1.25,1.2599999904632568,140100,0.0,0.0
2024-08-02 00:00:00-04:00,1.1799999475479126,1.2400000095367432,1.1399999856948853,1.159999966621399,106600,0.0,0.0
2024-08-05 00:00:00-04:00,1.100000023841858,1.1399999856948853,1.0800000429153442,1.0800000429153442,117300,0.0,0.0
2024-08-06 00:00:00-04:00,1.0800000429153442,1.2000000476837158,1.0800000429153442,1.1399999856948853,101200,0.0,0.0
2024-08-07 00:00:00-04:00,1.149999976158142,1.2000000476837158,1.1299999952316284,1.149999976158142,107000,0.0,0.0
2024-08-08 00:00:00-04:00,1.2100000381469727,1.3200000524520874,1.1699999570846558,1.2200000286102295,87000,0.0,0.0
2024-08-09 00:00:00-04:00,1.2000000476837158,1.2200000286102295,1.1699999570846558,1.190000057220459,147800,0.0,0.0
2024-08-12 00:00:00-04:00,1.159999966621399,1.215000033378601,1.159999966621399,1.159999966621399,79800,0.0,0.0
2024-08-13 00:00:00-04:00,1.159999966621399,1.2300000190734863,1.1200000047683716,1.2300000190734863,104900,0.0,0.0
2024-08-14 00:00:00-04:00,1.2100000381469727,1.2799999713897705,1.2100000381469727,1.2300000190734863,83900,0.0,0.0
2024-08-15 00:00:00-04:00,1.25,1.25,1.2200000286102295,1.2300000190734863,111900,0.0,0.0
2024-08-16 00:00:00-04:00,1.2300000190734863,1.25,1.215000033378601,1.2300000190734863,95700,0.0,0.0
2024-08-19 00:00:00-04:00,1.2300000190734863,1.25,1.1399999856948853,1.1799999475479126,132400,0.0,0.0
2024-08-20 00:00:00-04:00,1.190000057220459,1.2100000381469727,1.1799999475479126,1.2000000476837158,63700,0.0,0.0
2024-08-21 00:00:00-04:00,1.2100000381469727,1.2400000095367432,1.2000000476837158,1.2300000190734863,67200,0.0,0.0
2024-08-22 00:00:00-04:00,1.2200000286102295,1.2400000095367432,1.1799999475479126,1.190000057220459,57900,0.0,0.0
2024-08-23 00:00:00-04:00,1.2000000476837158,1.2899999618530273,1.190000057220459,1.2799999713897705,128700,0.0,0.0
2024-08-26 00:00:00-04:00,1.2599999904632568,1.2999999523162842,1.2400000095367432,1.2799999713897705,105300,0.0,0.0
2024-08-27 00:00:00-04:00,1.2400000095367432,1.2999999523162842,1.2400000095367432,1.2899999618530273,122500,0.0,0.0
2024-08-28 00:00:00-04:00,1.2899999618530273,1.309999942779541,1.2699999809265137,1.2699999809265137,118700,0.0,0.0
2024-08-29 00:00:00-04:00,1.2899999618530273,1.350000023841858,1.2799999713897705,1.340000033378601,147800,0.0,0.0
2024-08-30 00:00:00-04:00,1.350000023841858,1.3849999904632568,1.3450000286102295,1.3600000143051147,190400,0.0,0.0
2024-09-03 00:00:00-04:00,1.3200000524520874,1.3600000143051147,1.1100000143051147,1.1200000047683716,165700,0.0,0.0
2024-09-04 00:00:00-04:00,1.1100000143051147,1.2000000476837158,1.090000033378601,1.1100000143051147,98400,0.0,0.0
2024-09-05 00:00:00-04:00,1.1100000143051147,1.149999976158142,1.059999942779541,1.059999942779541,79500,0.0,0.0
2024-09-06 00:00:00-04:00,1.0700000524520874,1.149999976158142,1.059999942779541,1.090000033378601,54600,0.0,0.0
2024-09-09 00:00:00-04:00,1.090000033378601,1.187999963760376,1.0800000429153442,1.159999966621399,83300,0.0,0.0
2024-09-10 00:00:00-04:00,1.1399999856948853,1.2300000190734863,1.1399999856948853,1.2300000190734863,71000,0.0,0.0
2024-09-11 00:00:00-04:00,1.2000000476837158,1.2400000095367432,1.1920000314712524,1.2350000143051147,68700,0.0,0.0
2024-09-12 00:00:00-04:00,1.2400000095367432,1.2549999952316284,1.1799999475479126,1.1799999475479126,82600,0.0,0.0
2024-09-13 00:00:00-04:00,1.2200000286102295,1.3200000524520874,1.2200000286102295,1.2999999523162842,127000,0.0,0.0
2024-09-16 00:00:00-04:00,1.2999999523162842,1.2999999523162842,1.2599999904632568,1.2799999713897705,86100,0.0,0.0
2024-09-17 00:00:00-04:00,1.2899999618530273,1.309999942779541,1.2599999904632568,1.2899999618530273,117700,0.0,0.0
2024-09-18 00:00:00-04:00,1.2899999618530273,1.3300000429153442,1.2300000190734863,1.2400000095367432,149000,0.0,0.0
2024-09-19 00:00:00-04:00,1.2400000095367432,1.340000033378601,1.2400000095367432,1.3300000429153442,114700,0.0,0.0
2024-09-20 00:00:00-04:00,1.2699999809265137,1.3600000143051147,1.2699999809265137,1.3600000143051147,642800,0.0,0.0
2024-09-23 00:00:00-04:00,1.3700000047683716,1.3799999952316284,1.350000023841858,1.3600000143051147,138200,0.0,0.0
2024-09-24 00:00:00-04:00,1.3600000143051147,1.399999976158142,1.3600000143051147,1.3700000047683716,168500,0.0,0.0
2024-09-25 00:00:00-04:00,1.3600000143051147,1.3799999952316284,1.2899999618530273,1.309999942779541,115100,0.0,0.0
2024-09-26 00:00:00-04:00,1.2799999713897705,1.3650000095367432,1.2699999809265137,1.2899999618530273,123300,0.0,0.0
2024-09-27 00:00:00-04:00,1.2899999618530273,1.3600000143051147,1.2899999618530273,1.350000023841858,113400,0.0,0.0
2024-09-30 00:00:00-04:00,1.3600000143051147,1.3700000047683716,1.3350000381469727,1.3600000143051147,106200,0.0,0.0
2024-10-01 00:00:00-04:00,1.350000023841858,1.3600000143051147,1.3200000524520874,1.3200000524520874,80600,0.0,0.0
2024-10-02 00:00:00-04:00,1.3300000429153442,1.3300000429153442,1.25,1.2599999904632568,90200,0.0,0.0
2024-10-03 00:00:00-04:00,1.2400000095367432,1.3300000429153442,1.2400000095367432,1.2799999713897705,64000,0.0,0.0
2024-10-04 00:00:00-04:00,1.309999942779541,1.350000023841858,1.2999999523162842,1.309999942779541,104700,0.0,0.0
2024-10-07 00:00:00-04:00,1.2899999618530273,1.3450000286102295,1.2799999713897705,1.2899999618530273,59500,0.0,0.0
2024-10-08 00:00:00-04:00,1.2699999809265137,1.3200000524520874,1.2699999809265137,1.2899999618530273,73200,0.0,0.0
2024-10-09 00:00:00-04:00,1.2799999713897705,1.340000033378601,1.2799999713897705,1.309999942779541,67900,0.0,0.0
2024-10-10 00:00:00-04:00,1.2699999809265137,1.3200000524520874,1.25,1.25,84300,0.0,0.0
2024-10-11 00:00:00-04:00,1.25,1.3200000524520874,1.2400000095367432,1.2999999523162842,108900,0.0,0.0
2024-10-14 00:00:00-04:00,1.2999999523162842,1.340000033378601,1.2890000343322754,1.3200000524520874,63900,0.0,0.0
2024-10-15 00:00:00-04:00,1.3200000524520874,1.3600000143051147,1.2999999523162842,1.340000033378601,120400,0.0,0.0
2024-10-16 00:00:00-04:00,1.350000023841858,1.399999976158142,1.340000033378601,1.3899999856948853,133200,0.0,0.0
2024-10-17 00:00:00-04:00,1.3899999856948853,1.4199999570846558,1.3799999952316284,1.3899999856948853,97900,0.0,0.0
2024-10-18 00:00:00-04:00,1.3899999856948853,1.399999976158142,1.3600000143051147,1.3600000143051147,85700,0.0,0.0
2024-10-21 00:00:00-04:00,1.3700000047683716,1.3899999856948853,1.340000033378601,1.340000033378601,67700,0.0,0.0
2024-10-22 00:00:00-04:00,1.340000033378601,1.3650000095367432,1.3200000524520874,1.340000033378601,41000,0.0,0.0
2024-10-23 00:00:00-04:00,1.3300000429153442,1.350000023841858,1.2899999618530273,1.3200000524520874,41800,0.0,0.0
2024-10-24 00:00:00-04:00,1.3200000524520874,1.350000023841858,1.309999942779541,1.3200000524520874,59800,0.0,0.0
2024-10-25 00:00:00-04:00,1.3200000524520874,1.340000033378601,1.309999942779541,1.309999942779541,56600,0.0,0.0
2024-10-28 00:00:00-04:00,1.3300000429153442,1.340000033378601,1.2999999523162842,1.309999942779541,53700,0.0,0.0
2024-10-29 00:00:00-04:00,1.2899999618530273,1.3300000429153442,1.2899999618530273,1.3200000524520874,58700,0.0,0.0
2024-10-30 00:00:00-04:00,1.3200000524520874,1.350000023841858,1.309999942779541,1.309999942779541,62500,0.0,0.0
2024-10-31 00:00:00-04:00,1.309999942779541,1.3350000381469727,1.2699999809265137,1.2699999809265137,79800,0.0,0.0
2024-11-01 00:00:00-04:00,1.2699999809265137,1.3200000524520874,1.2699999809265137,1.3200000524520874,61800,0.0,0.0
2024-11-04 00:00:00-05:00,1.3300000429153442,1.340000033378601,1.2899999618530273,1.340000033378601,55800,0.0,0.0
2024-11-05 00:00:00-05:00,1.350000023841858,1.4299999475479126,1.2949999570846558,1.4199999570846558,164300,0.0,0.0
2024-11-06 00:00:00-05:00,1.4500000476837158,1.850000023841858,1.409999966621399,1.7300000190734863,1094300,0.0,0.0
2024-11-07 00:00:00-05:00,1.809999942779541,2.049999952316284,1.7489999532699585,1.8899999856948853,880600,0.0,0.0
2024-11-08 00:00:00-05:00,1.9700000286102295,2.0,1.899999976158142,1.9800000190734863,407500,0.0,0.0
2024-11-11 00:00:00-05:00,2.0,2.0999999046325684,1.975000023841858,2.075000047683716,471400,0.0,0.0
2024-11-12 00:00:00-05:00,2.059999942779541,2.119999885559082,1.9900000095367432,2.0899999141693115,382100,0.0,0.0
2024-11-13 00:00:00-05:00,2.0799999237060547,2.119999885559082,2.049999952316284,2.059999942779541,306000,0.0,0.0
2024-11-14 00:00:00-05:00,2.0399999618530273,2.0850000381469727,1.9800000190734863,2.009999990463257,183200,0.0,0.0
2024-11-15 00:00:00-05:00,2.0,2.0399999618530273,1.9800000190734863,2.0399999618530273,204800,0.0,0.0
2024-11-18 00:00:00-05:00,2.049999952316284,2.0950000286102295,1.9900000095367432,2.0,185000,0.0,0.0
2024-11-19 00:00:00-05:00,1.9800000190734863,2.0399999618530273,1.9800000190734863,2.0399999618530273,140700,0.0,0.0
2024-11-20 00:00:00-05:00,2.049999952316284,2.059999942779541,2.0,2.049999952316284,241400,0.0,0.0
2024-11-21 00:00:00-05:00,2.049999952316284,2.25,2.0299999713897705,2.200000047683716,614500,0.0,0.0
2024-11-22 00:00:00-05:00,2.180000066757202,2.299999952316284,2.0899999141693115,2.0999999046325684,554700,0.0,0.0
2024-11-25 00:00:00-05:00,2.190000057220459,2.240000009536743,2.119999885559082,2.2300000190734863,445000,0.0,0.0
2024-11-26 00:00:00-05:00,2.1700000762939453,2.2799999713897705,2.1500000953674316,2.1700000762939453,319000,0.0,0.0
2024-11-27 00:00:00-05:00,2.1600000858306885,2.2190001010894775,2.1600000858306885,2.1600000858306885,182300,0.0,0.0
2024-11-29 00:00:00-05:00,2.1700000762939453,2.244999885559082,2.1700000762939453,2.2200000286102295,173300,0.0,0.0
2024-12-02 00:00:00-05:00,2.2100000381469727,2.25,2.130000114440918,2.25,348200,0.0,0.0
2024-12-03 00:00:00-05:00,2.190000057220459,2.4000000953674316,2.1619999408721924,2.380000114440918,605100,0.0,0.0
2024-12-04 00:00:00-05:00,2.380000114440918,2.4200000762939453,2.2279999256134033,2.2699999809265137,396200,0.0,0.0
2024-12-05 00:00:00-05:00,2.180000066757202,2.2899999618530273,2.0480000972747803,2.259999990463257,414400,0.0,0.0
2024-12-06 00:00:00-05:00,2.25,2.25,2.180000066757202,2.240000009536743,189500,0.0,0.0
2024-12-09 00:00:00-05:00,2.25,2.3580000400543213,2.2100000381469727,2.3399999141693115,594100,0.0,0.0
2024-12-10 00:00:00-05:00,2.3499999046325684,2.369999885559082,2.25,2.3499999046325684,545400,0.0,0.0
2024-12-11 00:00:00-05:00,2.3299999237060547,2.380000114440918,2.2899999618530273,2.309999942779541,662100,0.0,0.0
2024-12-12 00:00:00-05:00,2.299999952316284,2.3399999141693115,2.25,2.3399999141693115,433500,0.0,0.0
2024-12-13 00:00:00-05:00,2.299999952316284,2.299999952316284,2.1600000858306885,2.25,294600,0.0,0.0
2024-12-16 00:00:00-05:00,2.2200000286102295,2.240000009536743,1.9299999475479126,1.9800000190734863,994800,0.0,0.0
2024-12-17 00:00:00-05:00,2.059999942779541,2.240000009536743,2.009999990463257,2.2300000190734863,364700,0.0,0.0
2024-12-18 00:00:00-05:00,2.2200000286102295,2.3299999237060547,2.115000009536743,2.130000114440918,497100,0.0,0.0
2024-12-19 00:00:00-05:00,2.1600000858306885,2.2300000190734863,2.0799999237060547,2.109999895095825,266400,0.0,0.0
2024-12-20 00:00:00-05:00,2.0899999141693115,2.359999895095825,2.059999942779541,2.3399999141693115,1645400,0.0,0.0
2024-12-23 00:00:00-05:00,2.380000114440918,2.4000000953674316,2.299999952316284,2.3499999046325684,367800,0.0,0.0
2024-12-24 00:00:00-05:00,2.299999952316284,2.3550000190734863,2.2799999713897705,2.3299999237060547,153800,0.0,0.0
2024-12-26 00:00:00-05:00,2.299999952316284,2.3299999237060547,2.2699999809265137,2.299999952316284,224900,0.0,0.0
2024-12-27 00:00:00-05:00,2.2699999809265137,2.2899999618530273,2.130000114440918,2.2300000190734863,260600,0.0,0.0
2024-12-30 00:00:00-05:00,2.2899999618530273,2.2899999618530273,2.109999895095825,2.200000047683716,315900,0.0,0.0
2024-12-31 00:00:00-05:00,2.200000047683716,2.2200000286102295,2.130000114440918,2.200000047683716,160300,0.0,0.0
2025-01-02 00:00:00-05:00,2.2100000381469727,2.369999885559082,2.2100000381469727,2.3299999237060547,1132900,0.0,0.0
2025-01-03 00:00:00-05:00,2.359999895095825,2.799999952316284,2.3299999237060547,2.7799999713897705,2617500,0.0,0.0
2025-01-06 00:00:00-05:00,2.809999942779541,2.819999933242798,2.509999990463257,2.5799999237060547,2059400,0.0,0.0
2025-01-07 00:00:00-05:00,2.6600000858306885,2.680000066757202,2.4649999141693115,2.5199999809265137,555900,0.0,0.0
2025-01-08 00:00:00-05:00,2.4200000762939453,2.490000009536743,2.2200000286102295,2.240000009536743,716300,0.0,0.0
2025-01-10 00:00:00-05:00,2.180000066757202,2.184999942779541,1.9900000095367432,2.0399999618530273,764700,0.0,0.0
2025-01-13 00:00:00-05:00,1.9299999475479126,2.069999933242798,1.9299999475479126,2.009999990463257,415300,0.0,0.0
2025-01-14 00:00:00-05:00,2.009999990463257,2.1600000858306885,2.009999990463257,2.1500000953674316,807200,0.0,0.0
2025-01-15 00:00:00-05:00,2.2799999713897705,2.309999942779541,2.1700000762939453,2.299999952316284,501700,0.0,0.0
2025-01-16 00:00:00-05:00,2.3499999046325684,2.3499999046325684,2.259999990463257,2.299999952316284,695200,0.0,0.0
2025-01-17 00:00:00-05:00,2.299999952316284,2.4000000953674316,2.2300000190734863,2.2799999713897705,420300,0.0,0.0
2025-01-21 00:00:00-05:00,2.299999952316284,2.390000104904175,2.25,2.299999952316284,504500,0.0,0.0
2025-01-22 00:00:00-05:00,2.299999952316284,2.319999933242798,2.194999933242798,2.240000009536743,418600,0.0,0.0
2025-01-23 00:00:00-05:00,2.25,2.2699999809265137,2.180000066757202,2.25,317800,0.0,0.0
2025-01-24 00:00:00-05:00,2.2300000190734863,2.309999942779541,2.200000047683716,2.2799999713897705,260300,0.0,0.0
2025-01-27 00:00:00-05:00,2.240000009536743,2.2750000953674316,2.194999933242798,2.25,523700,0.0,0.0
2025-01-28 00:00:00-05:00,2.25,2.299999952316284,2.200000047683716,2.299999952316284,316200,0.0,0.0
2025-01-29 00:00:00-05:00,2.299999952316284,2.299999952316284,2.24399995803833,2.299999952316284,271700,0.0,0.0
2025-01-30 00:00:00-05:00,2.3399999141693115,2.3450000286102295,2.257999897003174,2.2899999618530273,1068300,0.0,0.0
2025-01-31 00:00:00-05:00,2.319999933242798,2.5450000762939453,2.2799999713897705,2.5199999809265137,974300,0.0,0.0
2025-02-03 00:00:00-05:00,2.430000066757202,2.5999999046325684,2.374000072479248,2.549999952316284,952800,0.0,0.0
2025-02-04 00:00:00-05:00,2.559999942779541,2.700000047683716,2.5399999618530273,2.6700000762939453,489600,0.0,0.0
2025-02-05 00:00:00-05:00,2.6700000762939453,2.75,2.609999895095825,2.75,617000,0.0,0.0
2025-02-06 00:00:00-05:00,2.7300000190734863,2.7799999713897705,2.674999952316284,2.740000009536743,484800,0.0,0.0
2025-02-07 00:00:00-05:00,2.7300000190734863,2.7300000190734863,2.6500000953674316,2.7100000381469727,425300,0.0,0.0
2025-02-10 00:00:00-05:00,2.7100000381469727,2.7200000286102295,2.619999885559082,2.700000047683716,317500,0.0,0.0
2025-02-11 00:00:00-05:00,2.6500000953674316,2.7699999809265137,2.6500000953674316,2.740000009536743,324800,0.0,0.0
2025-02-12 00:00:00-05:00,2.690000057220459,2.7699999809265137,2.619999885559082,2.740000009536743,269600,0.0,0.0
2025-02-13 00:00:00-05:00,2.740000009536743,2.819999933242798,2.700000047683716,2.7799999713897705,410300,0.0,0.0
2025-02-14 00:00:00-05:00,2.7799999713897705,2.809999942779541,2.5950000286102295,2.609999895095825,239300,0.0,0.0
2025-02-18 00:00:00-05:00,2.640000104904175,2.6600000858306885,2.549999952316284,2.640000104904175,314600,0.0,0.0
2025-02-19 00:00:00-05:00,2.619999885559082,2.6600000858306885,2.424999952316284,2.5,350600,0.0,0.0
2025-02-20 00:00:00-05:00,2.700000047683716,2.7100000381469727,2.1700000762939453,2.450000047683716,594800,0.0,0.0
2025-02-21 00:00:00-05:00,2.5,2.7300000190734863,2.4800000190734863,2.5,671800,0.0,0.0
2025-02-24 00:00:00-05:00,2.4700000286102295,2.5,2.0450000762939453,2.130000114440918,2463600,0.0,0.0
2025-02-25 00:00:00-05:00,2.1600000858306885,2.2200000286102295,2.0250000953674316,2.0399999618530273,1090400,0.0,0.0
2025-02-26 00:00:00-05:00,2.059999942779541,2.190000057220459,2.0199999809265137,2.1700000762939453,425100,0.0,0.0
2025-02-27 00:00:00-05:00,2.1700000762939453,2.200000047683716,2.049999952316284,2.0799999237060547,298000,0.0,0.0
2025-02-28 00:00:00-05:00,2.0799999237060547,2.130000114440918,2.015000104904175,2.119999885559082,315100,0.0,0.0
2025-03-03 00:00:00-05:00,2.119999885559082,2.134000062942505,1.9450000524520874,1.9700000286102295,256400,0.0,0.0
2025-03-04 00:00:00-05:00,1.8799999952316284,1.9950000047683716,1.7999999523162842,1.940000057220459,536600,0.0,0.0
2025-03-05 00:00:00-05:00,1.909999966621399,2.049999952316284,1.909999966621399,2.0,463900,0.0,0.0
2025-03-06 00:00:00-05:00,1.9600000381469727,2.069999933242798,1.940000057220459,2.009999990463257,319500,0.0,0.0
2025-03-07 00:00:00-05:00,2.009999990463257,2.0199999809265137,1.8830000162124634,1.9600000381469727,270200,0.0,0.0
2025-03-10 00:00:00-04:00,1.9900000095367432,1.9900000095367432,1.8049999475479126,1.8200000524520874,392700,0.0,0.0
2025-03-11 00:00:00-04:00,1.809999942779541,1.9199999570846558,1.7799999713897705,1.8799999952316284,309900,0.0,0.0
2025-03-12 00:00:00-04:00,1.9199999570846558,2.009999990463257,1.8700000047683716,1.909999966621399,325500,0.0,0.0
2025-03-13 00:00:00-04:00,1.9299999475479126,1.9600000381469727,1.8200000524520874,1.8700000047683716,221500,0.0,0.0
2025-03-14 00:00:00-04:00,1.8700000047683716,1.9450000524520874,1.8350000381469727,1.850000023841858,397100,0.0,0.0
2025-03-17 00:00:00-04:00,1.840000033378601,1.9199999570846558,1.809999942779541,1.8600000143051147,267200,0.0,0.0
2025-03-18 00:00:00-04:00,1.850000023841858,1.8949999809265137,1.7999999523162842,1.8300000429153442,302700,0.0,0.0
2025-03-19 00:00:00-04:00,1.8300000429153442,1.9199999570846558,1.8300000429153442,1.8600000143051147,381700,0.0,0.0
2025-03-20 00:00:00-04:00,1.8200000524520874,1.8899999856948853,1.7899999618530273,1.8300000429153442,293900,0.0,0.0
2025-03-21 00:00:00-04:00,1.8700000047683716,1.9550000429153442,1.840000033378601,1.8700000047683716,1046700,0.0,0.0
2025-03-24 00:00:00-04:00,1.899999976158142,2.049999952316284,1.8799999952316284,2.009999990463257,320600,0.0,0.0
2025-03-25 00:00:00-04:00,2.0199999809265137,2.109999895095825,1.9500000476837158,2.0899999141693115,303100,0.0,0.0
2025-03-26 00:00:00-04:00,2.0799999237060547,2.180000066757202,1.9800000190734863,2.0,527900,0.0,0.0
2025-03-27 00:00:00-04:00,1.9900000095367432,1.9900000095367432,1.909999966621399,1.9199999570846558,373600,0.0,0.0
2025-03-28 00:00:00-04:00,1.9199999570846558,1.9850000143051147,1.899999976158142,1.940000057220459,265800,0.0,0.0
2025-03-31 00:00:00-04:00,1.899999976158142,1.9500000476837158,1.840000033378601,1.8799999952316284,393800,0.0,0.0
2025-04-01 00:00:00-04:00,1.8799999952316284,1.9199999570846558,1.840999960899353,1.9199999570846558,214900,0.0,0.0
2025-04-02 00:00:00-04:00,1.8700000047683716,1.940000057220459,1.8600000143051147,1.9299999475479126,243300,0.0,0.0
2025-04-03 00:00:00-04:00,1.7799999713897705,1.8300000429153442,1.75,1.7699999809265137,427500,0.0,0.0
2025-04-04 00:00:00-04:00,1.6799999475479126,1.7400000095367432,1.6349999904632568,1.7200000286102295,417000,0.0,0.0
2025-04-07 00:00:00-04:00,1.600000023841858,1.8550000190734863,1.5199999809265137,1.7799999713897705,302200,0.0,0.0
2025-04-08 00:00:00-04:00,1.8600000143051147,1.8949999809265137,1.7300000190734863,1.7999999523162842,335000,0.0,0.0
2025-04-09 00:00:00-04:00,1.7899999618530273,2.069999933242798,1.565000057220459,1.9500000476837158,392500,0.0,0.0
2025-04-10 00:00:00-04:00,1.9600000381469727,2.0299999713897705,1.899999976158142,1.9299999475479126,272100,0.0,0.0
2025-04-11 00:00:00-04:00,1.909999966621399,1.9850000143051147,1.8799999952316284,1.9600000381469727,233700,0.0,0.0
2025-04-14 00:00:00-04:00,1.9800000190734863,2.0199999809265137,1.909999966621399,1.9500000476837158,236400,0.0,0.0
2025-04-15 00:00:00-04:00,1.9299999475479126,2.0399999618530273,1.9299999475479126,2.0299999713897705,171900,0.0,0.0
2025-04-16 00:00:00-04:00,2.0199999809265137,2.065000057220459,1.9509999752044678,2.009999990463257,567800,0.0,0.0
2025-04-17 00:00:00-04:00,2.009999990463257,2.0299999713897705,1.940000057220459,1.9700000286102295,218500,0.0,0.0
2025-04-21 00:00:00-04:00,2.0,2.0,1.8940000534057617,1.9299999475479126,174300,0.0,0.0
2025-04-22 00:00:00-04:00,1.9500000476837158,2.0199999809265137,1.934999942779541,1.9800000190734863,189400,0.0,0.0
2025-04-23 00:00:00-04:00,2.049999952316284,2.0899999141693115,1.9900000095367432,2.0199999809265137,277800,0.0,0.0
2025-04-24 00:00:00-04:00,2.0299999713897705,2.0999999046325684,2.015000104904175,2.069999933242798,288300,0.0,0.0
2025-04-25 00:00:00-04:00,2.0399999618530273,2.0999999046325684,2.0,2.049999952316284,362400,0.0,0.0
2025-04-28 00:00:00-04:00,2.0399999618530273,2.140000104904175,2.0199999809265137,2.069999933242798,364100,0.0,0.0
2025-04-29 00:00:00-04:00,2.049999952316284,2.1449999809265137,2.049999952316284,2.130000114440918,253800,0.0,0.0
2025-04-30 00:00:00-04:00,2.0799999237060547,2.184999942779541,2.069999933242798,2.1500000953674316,267000,0.0,0.0
2025-05-01 00:00:00-04:00,2.190000057220459,2.2300000190734863,2.1500000953674316,2.190000057220459,353400,0.0,0.0
2025-05-02 00:00:00-04:00,2.200000047683716,2.244999885559082,2.190000057220459,2.2300000190734863,253100,0.0,0.0
2025-05-05 00:00:00-04:00,2.200000047683716,2.2899999618530273,2.174999952316284,2.2200000286102295,361100,0.0,0.0
2025-05-06 00:00:00-04:00,2.190000057220459,2.244999885559082,2.180000066757202,2.2100000381469727,240800,0.0,0.0
2025-05-07 00:00:00-04:00,2.2200000286102295,2.265000104904175,2.1700000762939453,2.200000047683716,309700,0.0,0.0
2025-05-08 00:00:00-04:00,2.2699999809265137,2.2699999809265137,2.1600000858306885,2.180000066757202,298300,0.0,0.0
2025-05-09 00:00:00-04:00,2.190000057220459,2.194999933242798,2.130000114440918,2.1600000858306885,306100,0.0,0.0
2025-05-12 00:00:00-04:00,2.240000009536743,2.299999952316284,2.190000057220459,2.2100000381469727,366300,0.0,0.0
2025-05-13 00:00:00-04:00,2.240000009536743,2.319000005722046,2.2100000381469727,2.299999952316284,421100,0.0,0.0
2025-05-14 00:00:00-04:00,2.2899999618530273,2.325000047683716,2.2149999141693115,2.2200000286102295,270500,0.0,0.0
2025-05-15 00:00:00-04:00,2.2300000190734863,2.2699999809265137,2.1600000858306885,2.1700000762939453,215800,0.0,0.0
2025-05-16 00:00:00-04:00,2.1700000762939453,2.240000009536743,2.140000104904175,2.180000066757202,307800,0.0,0.0
2025-05-19 00:00:00-04:00,2.1600000858306885,2.259999990463257,2.13100004196167,2.180000066757202,293300,0.0,0.0
2025-05-20 00:00:00-04:00,2.2100000381469727,2.2100000381469727,2.134999990463257,2.1500000953674316,198800,0.0,0.0
2025-05-21 00:00:00-04:00,2.119999885559082,2.2249999046325684,2.049999952316284,2.140000104904175,337700,0.0,0.0
2025-05-22 00:00:00-04:00,2.130000114440918,2.2149999141693115,2.109999895095825,2.1600000858306885,286400,0.0,0.0
2025-05-23 00:00:00-04:00,2.0999999046325684,2.1500000953674316,2.0799999237060547,2.0899999141693115,230000,0.0,0.0
2025-05-27 00:00:00-04:00,2.0999999046325684,2.194999933242798,2.0950000286102295,2.180000066757202,381300,0.0,0.0
2025-05-28 00:00:00-04:00,2.1700000762939453,2.2100000381469727,2.1500000953674316,2.1600000858306885,320100,0.0,0.0
2025-05-29 00:00:00-04:00,2.200000047683716,2.2100000381469727,2.140000104904175,2.140000104904175,267400,0.0,0.0
2025-05-30 00:00:00-04:00,2.130000114440918,2.140000104904175,2.0950000286102295,2.119999885559082,199400,0.0,0.0
2025-06-02 00:00:00-04:00,2.0999999046325684,2.200000047683716,2.0999999046325684,2.180000066757202,522400,0.0,0.0
2025-06-03 00:00:00-04:00,2.180000066757202,2.259000062942505,2.140000104904175,2.25,370900,0.0,0.0
2025-06-04 00:00:00-04:00,2.25,2.2750000953674316,2.174999952316284,2.190000057220459,297900,0.0,0.0
2025-06-05 00:00:00-04:00,2.200000047683716,2.255000114440918,2.194999933242798,2.2100000381469727,267600,0.0,0.0
2025-06-06 00:00:00-04:00,2.2200000286102295,2.263000011444092,2.2049999237060547,2.2300000190734863,253900,0.0,0.0
2025-06-09 00:00:00-04:00,2.2300000190734863,2.244999885559082,2.174999952316284,2.180000066757202,448600,0.0,0.0
2025-06-10 00:00:00-04:00,2.190000057220459,2.194999933242798,2.0450000762939453,2.0799999237060547,380200,0.0,0.0
2025-06-11 00:00:00-04:00,2.069999933242798,2.180000066757202,2.049999952316284,2.109999895095825,467800,0.0,0.0
2025-06-12 00:00:00-04:00,2.109999895095825,2.134999990463257,2.065000057220459,2.069999933242798,278000,0.0,0.0
2025-06-13 00:00:00-04:00,2.0199999809265137,2.075000047683716,1.9900000095367432,1.9900000095367432,338900,0.0,0.0
2025-06-16 00:00:00-04:00,2.009999990463257,2.0989999771118164,1.9900000095367432,2.059999942779541,316200,0.0,0.0
2025-06-17 00:00:00-04:00,2.049999952316284,2.125,1.9800000190734863,2.0299999713897705,291400,0.0,0.0
2025-06-18 00:00:00-04:00,2.0199999809265137,2.1050000190734863,2.0,2.0299999713897705,265300,0.0,0.0
2025-06-20 00:00:00-04:00,2.119999885559082,2.119999885559082,1.9550000429153442,1.9700000286102295,437500,0.0,0.0
2025-06-23 00:00:00-04:00,1.9500000476837158,2.069999933242798,1.9199999570846558,1.9700000286102295,344000,0.0,0.0
2025-06-24 00:00:00-04:00,1.9800000190734863,2.0250000953674316,1.9500000476837158,2.009999990463257,153000,0.0,0.0
2025-06-25 00:00:00-04:00,2.0199999809265137,2.059999942779541,2.0,2.0,365800,0.0,0.0
2025-06-26 00:00:00-04:00,1.9600000381469727,2.009999990463257,1.940000057220459,1.9600000381469727,283700,0.0,0.0
2025-06-27 00:00:00-04:00,1.9600000381469727,1.9900000095367432,1.9199999570846558,1.9900000095367432,1418200,0.0,0.0
2025-06-30 00:00:00-04:00,1.9900000095367432,2.062000036239624,1.9500000476837158,2.009999990463257,304800,0.0,0.0
2025-07-01 00:00:00-04:00,2.009999990463257,2.055000066757202,1.9550000429153442,2.0,263900,0.0,0.0
2025-07-02 00:00:00-04:00,2.009999990463257,2.0320000648498535,1.9199999570846558,1.9299999475479126,245800,0.0,0.0
2025-07-03 00:00:00-04:00,1.9299999475479126,2.0399999618530273,1.8600000143051147,1.9900000095367432,254600,0.0,0.0
2025-07-07 00:00:00-04:00,2.0,2.059000015258789,1.9500000476837158,1.9800000190734863,368700,0.0,0.0
2025-07-08 00:00:00-04:00,1.9900000095367432,2.059999942779541,1.9800000190734863,2.009999990463257,185800,0.0,0.0
2025-07-09 00:00:00-04:00,2.009999990463257,2.0490000247955322,1.9700000286102295,1.9800000190734863,172000,0.0,0.0
2025-07-10 00:00:00-04:00,1.9800000190734863,2.009999990463257,1.8949999809265137,1.899999976158142,165900,0.0,0.0
2025-07-11 00:00:00-04:00,1.8799999952316284,1.909999966621399,1.7799999713897705,1.7899999618530273,150000,0.0,0.0
2025-07-14 00:00:00-04:00,1.7799999713897705,1.8200000524520874,1.7300000190734863,1.7300000190734863,320400,0.0,0.0
2025-07-15 00:00:00-04:00,1.7799999713897705,1.850000023841858,1.690000057220459,1.7300000190734863,601000,0.0,0.0
2025-07-16 00:00:00-04:00,1.7200000286102295,1.7799999713897705,1.7000000476837158,1.7100000381469727,331300,0.0,0.0
2025-07-17 00:00:00-04:00,1.7100000381469727,1.8799999952316284,1.7100000381469727,1.8300000429153442,398700,0.0,0.0
2025-07-18 00:00:00-04:00,1.840000033378601,1.8899999856948853,1.7960000038146973,1.850000023841858,319200,0.0,0.0
2025-07-21 00:00:00-04:00,1.8600000143051147,1.899999976158142,1.850000023841858,1.8799999952316284,436900,0.0,0.0
2025-07-22 00:00:00-04:00,1.8899999856948853,1.9199999570846558,1.840000033378601,1.899999976158142,333800,0.0,0.0
2025-07-23 00:00:00-04:00,1.899999976158142,2.0190000534057617,1.8899999856948853,1.9700000286102295,483000,0.0,0.0
2025-07-24 00:00:00-04:00,1.9600000381469727,1.9700000286102295,1.8899999856948853,1.9299999475479126,286500,0.0,0.0
2025-07-25 00:00:00-04:00,1.9500000476837158,1.9500000476837158,1.8700000047683716,1.8700000047683716,143000,0.0,0.0
2025-07-28 00:00:00-04:00,1.8700000047683716,1.909999966621399,1.850000023841858,1.8899999856948853,201200,0.0,0.0
2025-07-29 00:00:00-04:00,1.909999966621399,1.909999966621399,1.8300000429153442,1.8300000429153442,100700,0.0,0.0
2025-07-30 00:00:00-04:00,1.850000023841858,1.8600000143051147,1.7549999952316284,1.784999966621399,263000,0.0,0.0
2025-07-31 00:00:00-04:00,1.7999999523162842,1.8799999952316284,1.75,1.7899999618530273,439900,0.0,0.0
2025-08-01 00:00:00-04:00,1.7599999904632568,1.7599999904632568,1.649999976158142,1.659999966621399,265100,0.0,0.0
2025-08-04 00:00:00-04:00,1.659999966621399,1.7269999980926514,1.659999966621399,1.7000000476837158,213500,0.0,0.0
2025-08-05 00:00:00-04:00,1.7200000286102295,1.7680000066757202,1.6699999570846558,1.6799999475479126,372800,0.0,0.0
2025-08-06 00:00:00-04:00,1.7000000476837158,1.774999976158142,1.7000000476837158,1.7100000381469727,154000,0.0,0.0
2025-08-07 00:00:00-04:00,1.7400000095367432,1.809999942779541,1.6649999618530273,1.7100000381469727,198100,0.0,0.0
2025-08-08 00:00:00-04:00,1.7100000381469727,1.815000057220459,1.7000000476837158,1.7400000095367432,252200,0.0,0.0
2025-08-11 00:00:00-04:00,1.7300000190734863,1.7300000190734863,1.590000033378601,1.600000023841858,435800,0.0,0.0
2025-08-12 00:00:00-04:00,1.5499999523162842,1.625,1.4800000190734863,1.6100000143051147,521700,0.0,0.0
2025-08-13 00:00:00-04:00,1.6200000047683716,1.659999966621399,1.600000023841858,1.6299999952316284,202700,0.0,0.0
2025-08-14 00:00:00-04:00,1.600000023841858,1.6519999504089355,1.5,1.5099999904632568,249000,0.0,0.0
2025-08-15 00:00:00-04:00,1.5199999809265137,1.5399999618530273,1.4700000286102295,1.4700000286102295,194500,0.0,0.0
2025-08-18 00:00:00-04:00,1.4600000381469727,1.5199999809265137,1.4600000381469727,1.4800000190734863,186500,0.0,0.0
2025-08-19 00:00:00-04:00,1.4800000190734863,1.5,1.4299999475479126,1.4500000476837158,222100,0.0,0.0
2025-08-20 00:00:00-04:00,1.4500000476837158,1.5099999904632568,1.3899999856948853,1.440000057220459,398300,0.0,0.0
2025-08-21 00:00:00-04:00,1.4600000381469727,1.4600000381469727,1.3799999952316284,1.3799999952316284,152700,0.0,0.0
2025-08-22 00:00:00-04:00,1.3899999856948853,1.5,1.3899999856948853,1.4900000095367432,253600,0.0,0.0
2025-08-25 00:00:00-04:00,1.4800000190734863,1.6050000190734863,1.4500000476837158,1.5700000524520874,553300,0.0,0.0
2025-08-26 00:00:00-04:00,1.5800000429153442,1.6399999856948853,1.5299999713897705,1.600000023841858,302200,0.0,0.0
2025-08-27 00:00:00-04:00,1.600000023841858,1.6549999713897705,1.5850000381469727,1.590000033378601,297700,0.0,0.0
2025-08-28 00:00:00-04:00,1.600000023841858,1.649999976158142,1.593999981880188,1.6100000143051147,160900,0.0,0.0
2025-08-29 00:00:00-04:00,1.600000023841858,1.6699999570846558,1.5800000429153442,1.590000033378601,227300,0.0,0.0
2025-09-02 00:00:00-04:00,1.559999942779541,1.600000023841858,1.4800000190734863,1.5,187000,0.0,0.0
2025-09-03 00:00:00-04:00,1.5099999904632568,1.5499999523162842,1.4700000286102295,1.4900000095367432,196800,0.0,0.0
2025-09-04 00:00:00-04:00,1.4900000095367432,1.5299999713897705,1.4600000381469727,1.4800000190734863,119700,0.0,0.0
2025-09-05 00:00:00-04:00,1.4900000095367432,1.5499999523162842,1.4500000476837158,1.4600000381469727,99700,0.0,0.0
2025-09-08 00:00:00-04:00,1.4700000286102295,1.5499999523162842,1.4700000286102295,1.5399999618530273,155300,0.0,0.0
2025-09-09 00:00:00-04:00,1.5199999809265137,1.5299999713897705,1.4700000286102295,1.5099999904632568,282300,0.0,0.0
2025-09-10 00:00:00-04:00,1.5099999904632568,1.7400000095367432,1.5,1.649999976158142,688700,0.0,0.0
2025-09-11 00:00:00-04:00,1.7000000476837158,1.7300000190734863,1.6100000143051147,1.7100000381469727,345300,0.0,0.0
2025-09-12 00:00:00-04:00,1.7000000476837158,1.7400000095367432,1.6799999475479126,1.7200000286102295,281800,0.0,0.0
2025-09-15 00:00:00-04:00,1.7200000286102295,1.7400000095367432,1.6710000038146973,1.7200000286102295,292300,0.0,0.0
2025-09-16 00:00:00-04:00,1.7200000286102295,1.7200000286102295,1.6749999523162842,1.6799999475479126,140800,0.0,0.0
2025-09-17 00:00:00-04:00,1.690000057220459,1.7549999952316284,1.6200000047683716,1.6799999475479126,499000,0.0,0.0
2025-09-18 00:00:00-04:00,1.690000057220459,1.75,1.6799999475479126,1.7300000190734863,187700,0.0,0.0
2025-09-19 00:00:00-04:00,1.7200000286102295,1.7890000343322754,1.6699999570846558,1.6699999570846558,1282400,0.0,0.0
2025-09-22 00:00:00-04:00,1.6699999570846558,1.7100000381469727,1.628999948501587,1.6699999570846558,183600,0.0,0.0
2025-09-23 00:00:00-04:00,1.6699999570846558,1.7070000171661377,1.5800000429153442,1.600000023841858,238800,0.0,0.0
2025-09-24 00:00:00-04:00,1.600000023841858,1.625,1.5499999523162842,1.600000023841858,122500,0.0,0.0
2025-09-25 00:00:00-04:00,1.5700000524520874,1.600000023841858,1.5499999523162842,1.5800000429153442,155500,0.0,0.0
2025-09-26 00:00:00-04:00,1.5700000524520874,1.5800000429153442,1.5099999904632568,1.5199999809265137,112500,0.0,0.0
2025-09-29 00:00:00-04:00,1.5199999809265137,1.5700000524520874,1.4199999570846558,1.4199999570846558,152500,0.0,0.0
2025-09-30 00:00:00-04:00,1.4199999570846558,1.4800000190734863,1.3899999856948853,1.440000057220459,177200,0.0,0.0
2025-10-01 00:00:00-04:00,1.4299999475479126,1.4800000190734863,1.3899999856948853,1.3899999856948853,238200,0.0,0.0
2025-10-02 00:00:00-04:00,1.399999976158142,1.5199999809265137,1.3600000143051147,1.5,452500,0.0,0.0
2025-10-03 00:00:00-04:00,1.5399999618530273,1.5499999523162842,1.4809999465942383,1.5099999904632568,155700,0.0,0.0
2025-10-06 00:00:00-04:00,1.5299999713897705,1.5679999589920044,1.4900000095367432,1.5,273400,0.0,0.0
2025-10-07 00:00:00-04:00,1.5399999618530273,1.5399999618530273,1.4259999990463257,1.4800000190734863,437000,0.0,0.0
2025-10-08 00:00:00-04:00,1.4800000190734863,1.5299999713897705,1.4299999475479126,1.5,285800,0.0,0.0
2025-10-09 00:00:00-04:00,1.5199999809265137,1.5199999809265137,1.4700000286102295,1.4900000095367432,184700,0.0,0.0
2025-10-10 00:00:00-04:00,1.4800000190734863,1.5099999904632568,1.4429999589920044,1.4900000095367432,425200,0.0,0.0
2025-10-13 00:00:00-04:00,1.5099999904632568,1.5399999618530273,1.4800000190734863,1.5099999904632568,178900,0.0,0.0
2025-10-14 00:00:00-04:00,1.5199999809265137,1.7100000381469727,1.4900000095367432,1.6399999856948853,577800,0.0,0.0
2025-10-15 00:00:00-04:00,1.659999966621399,1.7000000476837158,1.5449999570846558,1.5800000429153442,311000,0.0,0.0
2025-10-16 00:00:00-04:00,1.590000033378601,1.6399999856948853,1.5299999713897705,1.5399999618530273,222400,0.0,0.0
2025-10-17 00:00:00-04:00,1.5199999809265137,1.5499999523162842,1.4600000381469727,1.5,203500,0.0,0.0
2025-10-20 00:00:00-04:00,1.5099999904632568,1.5700000524520874,1.5,1.5399999618530273,212600,0.0,0.0
2025-10-21 00:00:00-04:00,1.5299999713897705,1.6299999952316284,1.5299999713897705,1.600000023841858,279200,0.0,0.0
2025-10-22 00:00:00-04:00,1.6100000143051147,1.649999976158142,1.5670000314712524,1.6100000143051147,315400,0.0,0.0
2025-10-23 00:00:00-04:00,1.6200000047683716,1.6699999570846558,1.590000033378601,1.600000023841858,159900,0.0,0.0
2025-10-24 00:00:00-04:00,1.6299999952316284,1.649999976158142,1.600000023841858,1.6100000143051147,142600,0.0,0.0
2025-10-27 00:00:00-04:00,1.6100000143051147,1.6100000143051147,1.5499999523162842,1.590000033378601,205500,0.0,0.0
2025-10-28 00:00:00-04:00,1.5800000429153442,1.6859999895095825,1.5800000429153442,1.659999966621399,206600,0.0,0.0
2025-10-29 00:00:00-04:00,1.659999966621399,1.659999966621399,1.5099999904632568,1.5299999713897705,191000,0.0,0.0
2025-10-30 00:00:00-04:00,1.5199999809265137,1.5800000429153442,1.5,1.5299999713897705,137200,0.0,0.0
2025-10-31 00:00:00-04:00,1.5299999713897705,1.5700000524520874,1.5299999713897705,1.5499999523162842,101500,0.0,0.0
2025-11-03 00:00:00-05:00,1.559999942779541,1.600000023841858,1.5,1.5199999809265137,151300,0.0,0.0
2025-11-04 00:00:00-05:00,1.5,1.5700000524520874,1.5,1.5,105200,0.0,0.0
2025-11-05 00:00:00-05:00,1.5099999904632568,1.559999942779541,1.5,1.5499999523162842,123000,0.0,0.0
2025-11-06 00:00:00-05:00,1.5299999713897705,1.5299999713897705,1.440000057220459,1.4500000476837158,179100,0.0,0.0
2025-11-07 00:00:00-05:00,1.4500000476837158,1.4900000095367432,1.399999976158142,1.4700000286102295,133500,0.0,0.0
2025-11-10 00:00:00-05:00,1.5,1.5099999904632568,1.4600000381469727,1.4700000286102295,1338800,0.0,0.0
2025-11-11 00:00:00-05:00,1.75,2.009999990463257,1.7100000381469727,1.840000033378601,28332700,0.0,0.0
2025-11-12 00:00:00-05:00,1.7999999523162842,1.809999942779541,1.7000000476837158,1.7400000095367432,2251300,0.0,0.0
2025-11-13 00:00:00-05:00,1.7100000381469727,1.8799999952316284,1.7100000381469727,1.7899999618530273,1584000,0.0,0.0
2025-11-14 00:00:00-05:00,1.7100000381469727,1.784999966621399,1.649999976158142,1.6699999570846558,587200,0.0,0.0
2025-11-17 00:00:00-05:00,1.6299999952316284,1.6399999856948853,1.5199999809265137,1.559999942779541,541800,0.0,0.0
2025-11-18 00:00:00-05:00,1.4600000381469727,1.6299999952316284,1.4600000381469727,1.5800000429153442,422500,0.0,0.0
2025-11-19 00:00:00-05:00,1.5499999523162842,1.600000023841858,1.4600000381469727,1.4700000286102295,504800,0.0,0.0
2025-11-20 00:00:00-05:00,1.4700000286102295,1.559999942779541,1.4600000381469727,1.4600000381469727,400700,0.0,0.0
2025-11-21 00:00:00-05:00,1.4600000381469727,1.5800000429153442,1.440000057220459,1.5800000429153442,557800,0.0,0.0
2025-11-24 00:00:00-05:00,1.5700000524520874,1.6180000305175781,1.4600000381469727,1.4600000381469727,272300,0.0,0.0
2025-11-25 00:00:00-05:00,1.4600000381469727,1.4800000190734863,1.4299999475479126,1.4600000381469727,247100,0.0,0.0
2025-11-26 00:00:00-05:00,1.440000057220459,1.4700000286102295,1.3949999809265137,1.4299999475479126,386500,0.0,0.0
2025-11-28 00:00:00-05:00,1.4199999570846558,1.4800000190734863,1.409999966621399,1.4700000286102295,204100,0.0,0.0
2025-12-01 00:00:00-05:00,1.4700000286102295,1.5049999952316284,1.440000057220459,1.4700000286102295,331100,0.0,0.0
2025-12-02 00:00:00-05:00,1.4900000095367432,1.4900000095367432,1.4500000476837158,1.4700000286102295,204500,0.0,0.0
2025-12-03 00:00:00-05:00,1.4700000286102295,1.5950000286102295,1.4500000476837158,1.590000033378601,396100,0.0,0.0
2025-12-04 00:00:00-05:00,1.5700000524520874,1.6619999408721924,1.5399999618530273,1.600000023841858,541700,0.0,0.0
2025-12-05 00:00:00-05:00,1.6200000047683716,1.649999976158142,1.5850000381469727,1.6399999856948853,260500,0.0,0.0
2025-12-08 00:00:00-05:00,1.6399999856948853,1.6399999856948853,1.5399999618530273,1.5700000524520874,276300,0.0,0.0
2025-12-09 00:00:00-05:00,1.5499999523162842,1.6799999475479126,1.5449999570846558,1.649999976158142,361000,0.0,0.0
2025-12-10 00:00:00-05:00,1.6299999952316284,1.7999999523162842,1.6299999952316284,1.7899999618530273,701800,0.0,0.0
2025-12-11 00:00:00-05:00,1.7599999904632568,1.7649999856948853,1.6699999570846558,1.6799999475479126,478700,0.0,0.0
2025-12-12 00:00:00-05:00,1.6699999570846558,1.6799999475479126,1.600000023841858,1.6100000143051147,311500,0.0,0.0
2025-12-15 00:00:00-05:00,1.6100000143051147,1.690000057220459,1.590000033378601,1.6799999475479126,304500,0.0,0.0
2025-12-16 00:00:00-05:00,1.6399999856948853,1.6799999475479126,1.5950000286102295,1.6200000047683716,346300,0.0,0.0
2025-12-17 00:00:00-05:00,1.6100000143051147,1.6749999523162842,1.600000023841858,1.6399999856948853,218600,0.0,0.0
2025-12-18 00:00:00-05:00,1.6799999475479126,1.7100000381469727,1.6510000228881836,1.7000000476837158,213800,0.0,0.0
2025-12-19 00:00:00-05:00,1.7000000476837158,1.7000000476837158,1.6399999856948853,1.6799999475479126,602600,0.0,0.0
2025-12-22 00:00:00-05:00,1.659999966621399,1.7200000286102295,1.659999966621399,1.690000057220459,319500,0.0,0.0
2025-12-23 00:00:00-05:00,1.6699999570846558,1.7300000190734863,1.6699999570846558,1.7300000190734863,290800,0.0,0.0
2025-12-24 00:00:00-05:00,1.7200000286102295,1.725000023841858,1.690000057220459,1.7000000476837158,139600,0.0,0.0
2025-12-26 00:00:00-05:00,1.690000057220459,1.690000057220459,1.649999976158142,1.659999966621399,59700,0.0,0.0
2025-12-29 00:00:00-05:00,1.6399999856948853,1.6749999523162842,1.625,1.659999966621399,140000,0.0,0.0
2025-12-30 00:00:00-05:00,1.659999966621399,1.7300000190734863,1.6399999856948853,1.690000057220459,627700,0.0,0.0
2025-12-31 00:00:00-05:00,1.6799999475479126,1.6799999475479126,1.6200000047683716,1.6399999856948853,209300,0.0,0.0
2026-01-02 00:00:00-05:00,1.649999976158142,1.649999976158142,1.5499999523162842,1.559999942779541,244600,0.0,0.0
2026-01-05 00:00:00-05:00,1.559999942779541,1.6050000190734863,1.5449999570846558,1.559999942779541,199000,0.0,0.0
2026-01-06 00:00:00-05:00,1.5499999523162842,1.5549999475479126,1.5149999856948853,1.5299999713897705,152500,0.0,0.0
2026-01-07 00:00:00-05:00,1.5199999809265137,1.5839999914169312,1.4900000095367432,1.5499999523162842,211700,0.0,0.0
2026-01-08 00:00:00-05:00,1.5299999713897705,1.590000033378601,1.5299999713897705,1.5800000429153442,222300,0.0,0.0
2026-01-09 00:00:00-05:00,1.5800000429153442,1.6649999618530273,1.559999942779541,1.590000033378601,387000,0.0,0.0
2026-01-12 00:00:00-05:00,1.5700000524520874,1.5950000286102295,1.5499999523162842,1.5700000524520874,155000,0.0,0.0
2026-01-13 00:00:00-05:00,1.559999942779541,1.562999963760376,1.4900000095367432,1.5199999809265137,214400,0.0,0.0
2026-01-14 00:00:00-05:00,1.5199999809265137,1.5199999809265137,1.4800000190734863,1.5099999904632568,109200,0.0,0.0
2026-01-15 00:00:00-05:00,1.5,1.5149999856948853,1.465000033378601,1.4700000286102295,245300,0.0,0.0
2026-01-16 00:00:00-05:00,1.4800000190734863,1.600000023841858,1.4500000476837158,1.5499999523162842,549000,0.0,0.0
2026-01-20 00:00:00-05:00,1.5,1.524999976158142,1.4550000429153442,1.4700000286102295,325600,0.0,0.0
2026-01-21 00:00:00-05:00,1.4700000286102295,1.5,1.4299999475479126,1.5,273300,0.0,0.0
2026-01-22 00:00:00-05:00,1.5,1.590000033378601,1.5,1.5800000429153442,375500,0.0,0.0
2026-01-23 00:00:00-05:00,1.5700000524520874,1.6100000143051147,1.5299999713897705,1.600000023841858,318500,0.0,0.0
2026-01-26 00:00:00-05:00,1.5800000429153442,1.590000033378601,1.5,1.5099999904632568,264200,0.0,0.0
2026-01-27 00:00:00-05:00,1.5,1.5700000524520874,1.5,1.559999942779541,473200,0.0,0.0
2026-01-28 00:00:00-05:00,1.559999942779541,1.6349999904632568,1.559999942779541,1.590000033378601,490000,0.0,0.0
2026-01-29 00:00:00-05:00,1.600000023841858,1.6100000143051147,1.5049999952316284,1.5700000524520874,365900,0.0,0.0
2026-01-30 00:00:00-05:00,1.559999942779541,1.6549999713897705,1.5499999523162842,1.6299999952316284,462400,0.0,0.0
2026-02-02 00:00:00-05:00,1.6200000047683716,1.649999976158142,1.590000033378601,1.590000033378601,284300,0.0,0.0
2026-02-03 00:00:00-05:00,1.5800000429153442,1.590000033378601,1.4800000190734863,1.5,399600,0.0,0.0
2026-02-04 00:00:00-05:00,1.4800000190734863,1.5,1.4199999570846558,1.440000057220459,651000,0.0,0.0
2026-02-05 00:00:00-05:00,1.409999966621399,1.4500000476837158,1.3450000286102295,1.350000023841858,440400,0.0,0.0
2026-02-06 00:00:00-05:00,1.3600000143051147,1.409999966621399,1.3550000190734863,1.3899999856948853,214200,0.0,0.0
2026-02-09 00:00:00-05:00,1.399999976158142,1.465000033378601,1.375,1.4299999475479126,324500,0.0,0.0
2026-02-10 00:00:00-05:00,1.4299999475479126,1.5199999809265137,1.409999966621399,1.4600000381469727,303000,0.0,0.0
2026-02-11 00:00:00-05:00,1.4800000190734863,1.4800000190734863,1.3849999904632568,1.4600000381469727,327900,0.0,0.0
2026-02-12 00:00:00-05:00,1.4600000381469727,1.475000023841858,1.399999976158142,1.4199999570846558,429600,0.0,0.0
2026-02-13 00:00:00-05:00,1.4199999570846558,1.5,1.4199999570846558,1.4600000381469727,167400,0.0,0.0
2026-02-17 00:00:00-05:00,1.4700000286102295,1.4700000286102295,1.399999976158142,1.4299999475479126,172600,0.0,0.0
2026-02-18 00:00:00-05:00,1.4199999570846558,1.4700000286102295,1.3899999856948853,1.3899999856948853,213800,0.0,0.0
2026-02-19 00:00:00-05:00,1.3700000047683716,1.440000057220459,1.3700000047683716,1.399999976158142,305000,0.0,0.0
2026-02-20 00:00:00-05:00,1.3899999856948853,1.4299999475479126,1.340000033378601,1.340000033378601,155500,0.0,0.0
2026-02-23 00:00:00-05:00,1.340000033378601,1.340000033378601,1.2300000190734863,1.2300000190734863,365500,0.0,0.0
2026-02-24 00:00:00-05:00,1.2200000286102295,1.2699999809265137,1.215000033378601,1.2300000190734863,162300,0.0,0.0
2026-02-25 00:00:00-05:00,1.25,1.350000023841858,1.2100000381469727,1.309999942779541,399200,0.0,0.0
2026-02-26 00:00:00-05:00,1.2999999523162842,1.3600000143051147,1.2699999809265137,1.350000023841858,247600,0.0,0.0
2026-02-27 00:00:00-05:00,1.340000033378601,1.3899999856948853,1.315000057220459,1.3899999856948853,497200,0.0,0.0
2026-03-02 00:00:00-05:00,1.340000033378601,1.4550000429153442,1.340000033378601,1.409999966621399,360500,0.0,0.0
2026-03-03 00:00:00-05:00,1.3600000143051147,1.5099999904632568,1.3600000143051147,1.440000057220459,504000,0.0,0.0
2026-03-04 00:00:00-05:00,1.4600000381469727,1.5499999523162842,1.4450000524520874,1.5299999713897705,398000,0.0,0.0
2026-03-05 00:00:00-05:00,1.5099999904632568,1.5549999475479126,1.5,1.5099999904632568,294600,0.0,0.0
2026-03-06 00:00:00-05:00,1.5,1.5299999713897705,1.4600000381469727,1.5199999809265137,298400,0.0,0.0
2026-03-09 00:00:00-04:00,1.5099999904632568,1.5099999904632568,1.440000057220459,1.4800000190734863,378900,0.0,0.0
2026-03-10 00:00:00-04:00,1.4500000476837158,1.4700000286102295,1.3899999856948853,1.4299999475479126,174600,0.0,0.0
2026-03-11 00:00:00-04:00,1.409999966621399,1.440000057220459,1.3799999952316284,1.399999976158142,142000,0.0,0.0
2026-03-12 00:00:00-04:00,1.3700000047683716,1.4049999713897705,1.350000023841858,1.350000023841858,125700,0.0,0.0
2026-03-13 00:00:00-04:00,1.3600000143051147,1.375,1.3250000476837158,1.350000023841858,155300,0.0,0.0
2026-03-16 00:00:00-04:00,1.3700000047683716,1.409999966621399,1.3600000143051147,1.3899999856948853,12494300,0.0,0.0
2026-03-17 00:00:00-04:00,1.3899999856948853,1.3899999856948853,1.159999966621399,1.2599999904632568,3176200,0.0,0.0
2026-03-18 00:00:00-04:00,1.2400000095367432,1.2400000095367432,1.159999966621399,1.1799999475479126,1081300,0.0,0.0
2026-03-19 00:00:00-04:00,1.149999976158142,1.1749999523162842,1.090000033378601,1.090000033378601,741000,0.0,0.0
2026-03-20 00:00:00-04:00,1.0700000524520874,1.2300000190734863,1.059999942779541,1.2300000190734863,2872800,0.0,0.0
2026-03-23 00:00:00-04:00,1.2300000190734863,1.274999976158142,1.1950000524520874,1.2200000286102295,818600,0.0,0.0
2026-03-24 00:00:00-04:00,1.2100000381469727,1.2999999523162842,1.1699999570846558,1.1699999570846558,774200,0.0,0.0
2026-03-25 00:00:00-04:00,1.2000000476837158,1.274999976158142,1.149999976158142,1.2699999809265137,789700,0.0,0.0
2026-03-26 00:00:00-04:00,1.2899999618530273,1.3799999952316284,1.2699999809265137,1.340000033378601,850400,0.0,0.0
2026-03-27 00:00:00-04:00,1.3200000524520874,1.3200000524520874,1.2200000286102295,1.25,430700,0.0,0.0
2026-03-30 00:00:00-04:00,1.25,1.2799999713897705,1.190000057220459,1.2100000381469727,336500,0.0,0.0
2026-03-31 00:00:00-04:00,1.2200000286102295,1.2400000095367432,1.1749999523162842,1.2200000286102295,373600,0.0,0.0
2026-04-01 00:00:00-04:00,1.2000000476837158,1.2350000143051147,1.1699999570846558,1.1699999570846558,286900,0.0,0.0
2026-04-02 00:00:00-04:00,1.149999976158142,1.1799999475479126,1.125,1.149999976158142,248200,0.0,0.0
2026-04-06 00:00:00-04:00,1.1399999856948853,1.1549999713897705,1.1100000143051147,1.1100000143051147,277500,0.0,0.0
2026-04-07 00:00:00-04:00,1.1299999952316284,1.149999976158142,1.0950000286102295,1.1100000143051147,412800,0.0,0.0
2026-04-08 00:00:00-04:00,1.1699999570846558,1.190000057220459,1.1150000095367432,1.1200000047683716,258600,0.0,0.0
2026-04-09 00:00:00-04:00,1.1100000143051147,1.1299999952316284,1.0549999475479126,1.090000033378601,255100,0.0,0.0
2026-04-10 00:00:00-04:00,1.0800000429153442,1.0800000429153442,1.059999942779541,1.0800000429153442,172200,0.0,0.0
2026-04-13 00:00:00-04:00,1.0700000524520874,1.1100000143051147,1.0700000524520874,1.090000033378601,254600,0.0,0.0
2026-04-14 00:00:00-04:00,1.0800000429153442,1.1299999952316284,1.0750000476837158,1.090000033378601,288800,0.0,0.0
2026-04-15 00:00:00-04:00,1.0700000524520874,1.149999976158142,1.0700000524520874,1.1399999856948853,514700,0.0,0.0
2026-04-16 00:00:00-04:00,1.149999976158142,1.1699999570846558,1.1100000143051147,1.1299999952316284,225715,0.0,0.0
