Date,Open,High,Low,Close,Volume,Dividends,Stock Splits
2022-01-03 00:00:00-05:00,345.20001220703125,363.0,323.8999938964844,362.0,18320,0.0,0.0
2022-01-04 00:00:00-05:00,365.6000061035156,379.3999938964844,343.6000061035156,346.0,12985,0.0,0.0
2022-01-05 00:00:00-05:00,341.6000061035156,342.79998779296875,310.3999938964844,320.20001220703125,22660,0.0,0.0
2022-01-06 00:00:00-05:00,319.0,343.8999938964844,303.6000061035156,305.1000061035156,12765,0.0,0.0
2022-01-07 00:00:00-05:00,302.3999938964844,306.29998779296875,286.5,287.6000061035156,16570,0.0,0.0
2022-01-10 00:00:00-05:00,285.0,295.3999938964844,274.3999938964844,281.3999938964844,19785,0.0,0.0
2022-01-11 00:00:00-05:00,280.0,294.0,272.20001220703125,287.20001220703125,11160,0.0,0.0
2022-01-12 00:00:00-05:00,291.20001220703125,298.8999938964844,277.0,278.20001220703125,15285,0.0,0.0
2022-01-13 00:00:00-05:00,274.6000061035156,286.79998779296875,269.20001220703125,271.20001220703125,9290,0.0,0.0
2022-01-14 00:00:00-05:00,265.20001220703125,282.0,263.20001220703125,277.0,15105,0.0,0.0
2022-01-18 00:00:00-05:00,267.3999938964844,281.0,252.0,252.1999969482422,18180,0.0,0.0
2022-01-19 00:00:00-05:00,255.0,268.0,245.39999389648438,253.60000610351562,29555,0.0,0.0
2022-01-20 00:00:00-05:00,257.20001220703125,279.0,253.39999389648438,254.60000610351562,18665,0.0,0.0
2022-01-21 00:00:00-05:00,249.60000610351562,267.20001220703125,249.60000610351562,254.0,17960,0.0,0.0
2022-01-24 00:00:00-05:00,246.1999969482422,268.6000061035156,228.60000610351562,268.20001220703125,25040,0.0,0.0
2022-01-25 00:00:00-05:00,260.79998779296875,272.20001220703125,234.0,237.39999389648438,22260,0.0,0.0
2022-01-26 00:00:00-05:00,245.60000610351562,247.10000610351562,213.89999389648438,216.60000610351562,77615,0.0,0.0
2022-01-27 00:00:00-05:00,227.8000030517578,231.8000030517578,208.1999969482422,209.39999389648438,13495,0.0,0.0
2022-01-28 00:00:00-05:00,218.8000030517578,219.39999389648438,200.39999389648438,218.8000030517578,18910,0.0,0.0
2022-01-31 00:00:00-05:00,222.60000610351562,232.5,216.8000030517578,232.1999969482422,25715,0.0,0.0
2022-02-01 00:00:00-05:00,233.1999969482422,245.0,222.1999969482422,244.1999969482422,16145,0.0,0.0
2022-02-02 00:00:00-05:00,241.0,249.77999877929688,228.60000610351562,232.60000610351562,13750,0.0,0.0
2022-02-03 00:00:00-05:00,226.60000610351562,240.60000610351562,224.10000610351562,224.39999389648438,15410,0.0,0.0
2022-02-04 00:00:00-05:00,227.60000610351562,235.0,217.8000030517578,230.1999969482422,18060,0.0,0.0
2022-02-07 00:00:00-05:00,229.8000030517578,241.39999389648438,206.8000030517578,237.8000030517578,15595,0.0,0.0
2022-02-08 00:00:00-05:00,252.0,252.0,219.39999389648438,226.8000030517578,17440,0.0,0.0
2022-02-09 00:00:00-05:00,228.8000030517578,240.0,228.0,232.1999969482422,24975,0.0,0.0
2022-02-10 00:00:00-05:00,224.1999969482422,245.5,217.1999969482422,234.8000030517578,21070,0.0,0.0
2022-02-11 00:00:00-05:00,232.0,247.0,230.39999389648438,238.8000030517578,14040,0.0,0.0
2022-02-14 00:00:00-05:00,237.0,247.8000030517578,230.0,234.8000030517578,13600,0.0,0.0
2022-02-15 00:00:00-05:00,243.1999969482422,250.39999389648438,237.39999389648438,249.39999389648438,9395,0.0,0.0
2022-02-16 00:00:00-05:00,247.39999389648438,260.20001220703125,235.39999389648438,255.0,10730,0.0,0.0
2022-02-17 00:00:00-05:00,251.0,254.39999389648438,235.0,237.0,11960,0.0,0.0
2022-02-18 00:00:00-05:00,233.60000610351562,239.39999389648438,202.8000030517578,212.60000610351562,23115,0.0,0.0
2022-02-22 00:00:00-05:00,209.0,214.0,202.47999572753906,203.60000610351562,9310,0.0,0.0
2022-02-23 00:00:00-05:00,205.60000610351562,206.8000030517578,186.8000030517578,188.8000030517578,14225,0.0,0.0
2022-02-24 00:00:00-05:00,180.8000030517578,207.0,178.8000030517578,206.8000030517578,24355,0.0,0.0
2022-02-25 00:00:00-05:00,209.0,217.39999389648438,198.3000030517578,216.0,18420,0.0,0.0
2022-02-28 00:00:00-05:00,212.39999389648438,233.0,204.8000030517578,214.60000610351562,13110,0.0,0.0
2022-03-01 00:00:00-05:00,211.60000610351562,217.8000030517578,202.0,204.39999389648438,10635,0.0,0.0
2022-03-02 00:00:00-05:00,204.1999969482422,214.60000610351562,195.8000030517578,206.60000610351562,7765,0.0,0.0
2022-03-03 00:00:00-05:00,207.8000030517578,211.39999389648438,190.6999969482422,193.39999389648438,12535,0.0,0.0
2022-03-04 00:00:00-05:00,189.39999389648438,194.0,170.0,172.39999389648438,22430,0.0,0.0
2022-03-07 00:00:00-05:00,171.60000610351562,182.60000610351562,165.8000030517578,169.60000610351562,34710,0.0,0.0
2022-03-08 00:00:00-05:00,169.60000610351562,190.60000610351562,160.1999969482422,177.60000610351562,34015,0.0,0.0
2022-03-09 00:00:00-05:00,180.39999389648438,198.39999389648438,179.0,192.1999969482422,29065,0.0,0.0
2022-03-10 00:00:00-05:00,184.60000610351562,210.10000610351562,184.60000610351562,201.0,22825,0.0,0.0
2022-03-11 00:00:00-05:00,201.0,217.60000610351562,194.8000030517578,198.0,19375,0.0,0.0
2022-03-14 00:00:00-04:00,193.60000610351562,205.0,188.60000610351562,191.39999389648438,25185,0.0,0.0
2022-03-15 00:00:00-04:00,190.1999969482422,200.39999389648438,187.3000030517578,197.60000610351562,9435,0.0,0.0
2022-03-16 00:00:00-04:00,200.1999969482422,211.8000030517578,194.8000030517578,210.60000610351562,16705,0.0,0.0
2022-03-17 00:00:00-04:00,213.1999969482422,216.1999969482422,201.60000610351562,212.8000030517578,22465,0.0,0.0
2022-03-18 00:00:00-04:00,208.8000030517578,230.60000610351562,208.0,224.60000610351562,24190,0.0,0.0
2022-03-21 00:00:00-04:00,222.1999969482422,222.3000030517578,206.0,211.39999389648438,14435,0.0,0.0
2022-03-22 00:00:00-04:00,212.8000030517578,222.60000610351562,208.3000030517578,218.39999389648438,9895,0.0,0.0
2022-03-23 00:00:00-04:00,213.8000030517578,221.0,207.1999969482422,216.60000610351562,18885,0.0,0.0
2022-03-24 00:00:00-04:00,219.60000610351562,230.60000610351562,208.1999969482422,228.39999389648438,17790,0.0,0.0
2022-03-25 00:00:00-04:00,230.60000610351562,239.8000030517578,219.0,222.0,14475,0.0,0.0
2022-03-28 00:00:00-04:00,219.39999389648438,228.39999389648438,212.39999389648438,220.60000610351562,18365,0.0,0.0
2022-03-29 00:00:00-04:00,225.39999389648438,240.1999969482422,225.39999389648438,239.39999389648438,19720,0.0,0.0
2022-03-30 00:00:00-04:00,237.8000030517578,246.39999389648438,229.8000030517578,233.39999389648438,17635,0.0,0.0
2022-03-31 00:00:00-04:00,231.60000610351562,236.39999389648438,210.60000610351562,215.0,18010,0.0,0.0
2022-04-01 00:00:00-04:00,217.39999389648438,226.39999389648438,214.60000610351562,223.0,23085,0.0,0.0
2022-04-04 00:00:00-04:00,226.1999969482422,232.0,217.39999389648438,220.0,37880,0.0,0.0
2022-04-05 00:00:00-04:00,218.60000610351562,220.0,210.0,213.8000030517578,10270,0.0,0.0
2022-04-06 00:00:00-04:00,209.8000030517578,215.39999389648438,201.0,212.60000610351562,15250,0.0,0.0
2022-04-07 00:00:00-04:00,210.8000030517578,211.39999389648438,194.39999389648438,199.8000030517578,13960,0.0,0.0
2022-04-08 00:00:00-04:00,197.8000030517578,197.8000030517578,183.60000610351562,188.39999389648438,13570,0.0,0.0
2022-04-11 00:00:00-04:00,185.8000030517578,189.1999969482422,178.6199951171875,181.8000030517578,14610,0.0,0.0
2022-04-12 00:00:00-04:00,186.1999969482422,192.0,181.10000610351562,186.39999389648438,12135,0.0,0.0
2022-04-13 00:00:00-04:00,187.60000610351562,198.60000610351562,186.0,196.8000030517578,15710,0.0,0.0
2022-04-14 00:00:00-04:00,197.8000030517578,197.8000030517578,181.60000610351562,184.39999389648438,25315,0.0,0.0
2022-04-18 00:00:00-04:00,182.60000610351562,183.1999969482422,171.8000030517578,176.39999389648438,16515,0.0,0.0
2022-04-19 00:00:00-04:00,177.1999969482422,183.10000610351562,171.39999389648438,178.0,20980,0.0,0.0
2022-04-20 00:00:00-04:00,180.0,181.8000030517578,172.39999389648438,178.60000610351562,9305,0.0,0.0
2022-04-21 00:00:00-04:00,181.60000610351562,184.0,167.6199951171875,168.60000610351562,7105,0.0,0.0
2022-04-22 00:00:00-04:00,167.1999969482422,172.39999389648438,164.3000030517578,168.0,13550,0.0,0.0
2022-04-25 00:00:00-04:00,166.1999969482422,173.0,166.0,168.0,36410,0.0,0.0
2022-04-26 00:00:00-04:00,165.39999389648438,165.39999389648438,155.1999969482422,160.0,35765,0.0,0.0
2022-04-27 00:00:00-04:00,160.60000610351562,166.8000030517578,158.39999389648438,162.8000030517578,13635,0.0,0.0
2022-04-28 00:00:00-04:00,165.39999389648438,165.39999389648438,143.8000030517578,153.0,34645,0.0,0.0
2022-04-29 00:00:00-04:00,152.8000030517578,160.39999389648438,140.0,141.39999389648438,13730,0.0,0.0
2022-05-02 00:00:00-04:00,140.0,151.39999389648438,139.8000030517578,150.0,17345,0.0,0.0
2022-05-03 00:00:00-04:00,150.0,151.60000610351562,144.1999969482422,146.1999969482422,11325,0.0,0.0
2022-05-04 00:00:00-04:00,146.39999389648438,147.1999969482422,137.0,146.60000610351562,15660,0.0,0.0
2022-05-05 00:00:00-04:00,146.60000610351562,146.60000610351562,133.8000030517578,137.60000610351562,12075,0.0,0.0
2022-05-06 00:00:00-04:00,136.0,136.0,126.19999694824219,130.39999389648438,15050,0.0,0.0
2022-05-09 00:00:00-04:00,127.80000305175781,133.60000610351562,119.5999984741211,120.5999984741211,24325,0.0,0.0
2022-05-10 00:00:00-04:00,129.1999969482422,131.3000030517578,119.80000305175781,124.19999694824219,18010,0.0,0.0
2022-05-11 00:00:00-04:00,124.19999694824219,132.0,115.80000305175781,117.0,18010,0.0,0.0
2022-05-12 00:00:00-04:00,115.5999984741211,129.0,115.19999694824219,123.80000305175781,26230,0.0,0.0
2022-05-13 00:00:00-04:00,128.8000030517578,132.5,122.0,126.4000015258789,17530,0.0,0.0
2022-05-16 00:00:00-04:00,125.4000015258789,138.0,120.80000305175781,137.39999389648438,20095,0.0,0.0
2022-05-17 00:00:00-04:00,140.0,153.1999969482422,140.0,149.39999389648438,23175,0.0,0.0
2022-05-18 00:00:00-04:00,144.8000030517578,148.1999969482422,139.60000610351562,141.8000030517578,18170,0.0,0.0
2022-05-19 00:00:00-04:00,140.60000610351562,149.8000030517578,138.8000030517578,142.60000610351562,15705,0.0,0.0
2022-05-20 00:00:00-04:00,145.0,149.60000610351562,141.8000030517578,145.39999389648438,33985,0.0,0.0
2022-05-23 00:00:00-04:00,146.39999389648438,157.60000610351562,142.8000030517578,156.39999389648438,16255,0.0,0.0
2022-05-24 00:00:00-04:00,153.0,165.10000610351562,149.60000610351562,161.8000030517578,13435,0.0,0.0
2022-05-25 00:00:00-04:00,163.60000610351562,170.0,158.1999969482422,169.0,22630,0.0,0.0
2022-05-26 00:00:00-04:00,170.39999389648438,174.89999389648438,157.8000030517578,158.60000610351562,19225,0.0,0.0
2022-05-27 00:00:00-04:00,157.0,157.5,86.80000305175781,120.0,290065,0.0,0.0
2022-05-31 00:00:00-04:00,120.0,131.17999267578125,116.80000305175781,120.0999984741211,85655,0.0,0.0
2022-06-01 00:00:00-04:00,120.0,122.19999694824219,112.5999984741211,117.0,57240,0.0,0.0
2022-06-02 00:00:00-04:00,117.0,119.19999694824219,114.80000305175781,117.5999984741211,32415,0.0,0.0
2022-06-03 00:00:00-04:00,117.5999984741211,124.9800033569336,114.80000305175781,120.19999694824219,33035,0.0,0.0
2022-06-06 00:00:00-04:00,120.4000015258789,122.9000015258789,116.5999984741211,118.80000305175781,22015,0.0,0.0
2022-06-07 00:00:00-04:00,117.19999694824219,123.4000015258789,117.0,123.4000015258789,22930,0.0,0.0
2022-06-08 00:00:00-04:00,123.5999984741211,132.10000610351562,121.5999984741211,123.80000305175781,17685,0.0,0.0
2022-06-09 00:00:00-04:00,122.0,122.0,114.19999694824219,115.19999694824219,30130,0.0,0.0
2022-06-10 00:00:00-04:00,112.0,112.0,106.0,109.5999984741211,30385,0.0,0.0
2022-06-13 00:00:00-04:00,105.0,105.5999984741211,97.69999694824219,98.0,24440,0.0,0.0
2022-06-14 00:00:00-04:00,98.4000015258789,108.4000015258789,95.4000015258789,97.5999984741211,18220,0.0,0.0
2022-06-15 00:00:00-04:00,98.19999694824219,103.0999984741211,95.4000015258789,99.4000015258789,23690,0.0,0.0
2022-06-16 00:00:00-04:00,96.5999984741211,106.19999694824219,78.0,84.19999694824219,112985,0.0,0.0
2022-06-17 00:00:00-04:00,85.80000305175781,96.45999908447266,83.80000305175781,93.5999984741211,66175,0.0,0.0
2022-06-21 00:00:00-04:00,97.4000015258789,102.80000305175781,93.4000015258789,94.0,32545,0.0,0.0
2022-06-22 00:00:00-04:00,92.5999984741211,100.5999984741211,91.19999694824219,96.5999984741211,30785,0.0,0.0
2022-06-23 00:00:00-04:00,97.5999984741211,105.80000305175781,95.5999984741211,105.80000305175781,31185,0.0,0.0
2022-06-24 00:00:00-04:00,104.0,108.5999984741211,100.0,102.19999694824219,138565,0.0,0.0
2022-06-27 00:00:00-04:00,103.19999694824219,104.5999984741211,96.0,96.5999984741211,30345,0.0,0.0
2022-06-28 00:00:00-04:00,99.80000305175781,99.80000305175781,89.68000030517578,95.5999984741211,34405,0.0,0.0
2022-06-29 00:00:00-04:00,95.19999694824219,95.19999694824219,90.0999984741211,92.0,18675,0.0,0.0
2022-06-30 00:00:00-04:00,92.0,94.4000015258789,87.0,92.4000015258789,16110,0.0,0.0
2022-07-01 00:00:00-04:00,94.5999984741211,96.0,90.0,95.0,13720,0.0,0.0
2022-07-05 00:00:00-04:00,92.5999984741211,103.0,92.5999984741211,103.0,22540,0.0,0.0
2022-07-06 00:00:00-04:00,101.19999694824219,111.19999694824219,101.19999694824219,110.19999694824219,41335,0.0,0.0
2022-07-07 00:00:00-04:00,110.0,120.0999984741211,109.0,119.0,20655,0.0,0.0
2022-07-08 00:00:00-04:00,117.19999694824219,120.19999694824219,115.0,118.0,18090,0.0,0.0
2022-07-11 00:00:00-04:00,116.5999984741211,118.19999694824219,109.5999984741211,110.5999984741211,9225,0.0,0.0
2022-07-12 00:00:00-04:00,110.5999984741211,117.4000015258789,105.4000015258789,110.0,10705,0.0,0.0
2022-07-13 00:00:00-04:00,107.19999694824219,119.19999694824219,106.80000305175781,118.0,12960,0.0,0.0
2022-07-14 00:00:00-04:00,118.5999984741211,122.5999984741211,113.4000015258789,119.5999984741211,24760,0.0,0.0
2022-07-15 00:00:00-04:00,119.80000305175781,122.19999694824219,107.5999984741211,117.0,18505,0.0,0.0
2022-07-18 00:00:00-04:00,117.80000305175781,123.0,110.4000015258789,112.0,8375,0.0,0.0
2022-07-19 00:00:00-04:00,113.19999694824219,122.19999694824219,113.19999694824219,121.5999984741211,17300,0.0,0.0
2022-07-20 00:00:00-04:00,122.0,134.0,121.4000015258789,129.39999389648438,15645,0.0,0.0
2022-07-21 00:00:00-04:00,131.8000030517578,131.8000030517578,124.5999984741211,128.60000610351562,6360,0.0,0.0
2022-07-22 00:00:00-04:00,129.8000030517578,130.60000610351562,119.0,120.4000015258789,7115,0.0,0.0
2022-07-25 00:00:00-04:00,121.4000015258789,124.4000015258789,117.0,124.0,14310,0.0,0.0
2022-07-26 00:00:00-04:00,124.19999694824219,124.4000015258789,117.80000305175781,119.5999984741211,10790,0.0,0.0
2022-07-27 00:00:00-04:00,118.19999694824219,121.19999694824219,114.80000305175781,119.4000015258789,10120,0.0,0.0
2022-07-28 00:00:00-04:00,121.80000305175781,121.80000305175781,111.5999984741211,116.80000305175781,7030,0.0,0.0
2022-07-29 00:00:00-04:00,117.0,117.0,108.4000015258789,112.80000305175781,11565,0.0,0.0
2022-08-01 00:00:00-04:00,111.19999694824219,111.5999984741211,101.4000015258789,102.80000305175781,30840,0.0,0.0
2022-08-02 00:00:00-04:00,102.19999694824219,113.0,102.0,110.80000305175781,20310,0.0,0.0
2022-08-03 00:00:00-04:00,111.5999984741211,120.9000015258789,111.5999984741211,117.19999694824219,12810,0.0,0.0
2022-08-04 00:00:00-04:00,118.19999694824219,123.0999984741211,118.19999694824219,122.4000015258789,11760,0.0,0.0
2022-08-05 00:00:00-04:00,118.19999694824219,127.80000305175781,116.80000305175781,127.5999984741211,14105,0.0,0.0
2022-08-08 00:00:00-04:00,129.39999389648438,137.1999969482422,129.39999389648438,131.0,12800,0.0,0.0
2022-08-09 00:00:00-04:00,128.8000030517578,131.1999969482422,125.4000015258789,129.1999969482422,13045,0.0,0.0
2022-08-10 00:00:00-04:00,133.60000610351562,139.1999969482422,130.1999969482422,133.0,14285,0.0,0.0
2022-08-11 00:00:00-04:00,135.0,140.39999389648438,131.60000610351562,136.0,13240,0.0,0.0
2022-08-12 00:00:00-04:00,137.39999389648438,142.3000030517578,130.8000030517578,139.0,17520,0.0,0.0
2022-08-15 00:00:00-04:00,141.1999969482422,148.0,136.8000030517578,147.39999389648438,22870,0.0,0.0
2022-08-16 00:00:00-04:00,145.0,154.1999969482422,140.60000610351562,145.39999389648438,18600,0.0,0.0
2022-08-17 00:00:00-04:00,141.8000030517578,143.0,135.60000610351562,138.1999969482422,14435,0.0,0.0
2022-08-18 00:00:00-04:00,136.0,140.39999389648438,121.80000305175781,127.19999694824219,11895,0.0,0.0
2022-08-19 00:00:00-04:00,123.0,124.19999694824219,111.9000015258789,114.0,15025,0.0,0.0
2022-08-22 00:00:00-04:00,111.4000015258789,118.0,104.0999984741211,104.80000305175781,19225,0.0,0.0
2022-08-23 00:00:00-04:00,104.5999984741211,107.80000305175781,99.80000305175781,106.4000015258789,14910,0.0,0.0
2022-08-24 00:00:00-04:00,107.19999694824219,115.19999694824219,101.63999938964844,113.0,11935,0.0,0.0
2022-08-25 00:00:00-04:00,114.19999694824219,114.5999984741211,110.5999984741211,112.80000305175781,8715,0.0,0.0
2022-08-26 00:00:00-04:00,113.0,113.0,101.80000305175781,102.4000015258789,6955,0.0,0.0
2022-08-29 00:00:00-04:00,99.4000015258789,104.0,99.4000015258789,101.19999694824219,9285,0.0,0.0
2022-08-30 00:00:00-04:00,104.5999984741211,104.5999984741211,98.0,100.0,11760,0.0,0.0
2022-08-31 00:00:00-04:00,100.80000305175781,106.19999694824219,100.5999984741211,104.0,7370,0.0,0.0
2022-09-01 00:00:00-04:00,102.5999984741211,106.80000305175781,99.19999694824219,106.4000015258789,13355,0.0,0.0
2022-09-02 00:00:00-04:00,108.19999694824219,109.9000015258789,103.5999984741211,104.80000305175781,9645,0.0,0.0
2022-09-06 00:00:00-04:00,107.0,112.4000015258789,105.0,106.0,27280,0.0,0.0
2022-09-07 00:00:00-04:00,104.0,114.80000305175781,103.19999694824219,113.0,16475,0.0,0.0
2022-09-08 00:00:00-04:00,111.19999694824219,124.4000015258789,110.4000015258789,123.80000305175781,16855,0.0,0.0
2022-09-09 00:00:00-04:00,124.4000015258789,130.8000030517578,117.62000274658203,125.4000015258789,16430,0.0,0.0
2022-09-12 00:00:00-04:00,125.4000015258789,125.9000015258789,117.80000305175781,121.80000305175781,13095,0.0,0.0
2022-09-13 00:00:00-04:00,116.19999694824219,121.0,112.4000015258789,113.19999694824219,19360,0.0,0.0
2022-09-14 00:00:00-04:00,112.5999984741211,120.0,111.4000015258789,116.5999984741211,18715,0.0,0.0
2022-09-15 00:00:00-04:00,115.19999694824219,120.0,109.4000015258789,112.5999984741211,24185,0.0,0.0
2022-09-16 00:00:00-04:00,109.19999694824219,109.19999694824219,102.5999984741211,104.5999984741211,125440,0.0,0.0
2022-09-19 00:00:00-04:00,102.5999984741211,104.5999984741211,93.19999694824219,97.19999694824219,26255,0.0,0.0
2022-09-20 00:00:00-04:00,95.4000015258789,98.5999984741211,92.30000305175781,97.4000015258789,22940,0.0,0.0
2022-09-21 00:00:00-04:00,97.4000015258789,103.0,95.4000015258789,98.5999984741211,13160,0.0,0.0
2022-09-22 00:00:00-04:00,98.19999694824219,99.5999984741211,92.5999984741211,98.4000015258789,17485,0.0,0.0
2022-09-23 00:00:00-04:00,98.4000015258789,99.5999984741211,93.80000305175781,97.5999984741211,18135,0.0,0.0
2022-09-26 00:00:00-04:00,98.80000305175781,101.4000015258789,92.80000305175781,93.0,12135,0.0,0.0
2022-09-27 00:00:00-04:00,93.5999984741211,97.4000015258789,92.80000305175781,95.5999984741211,13480,0.0,0.0
2022-09-28 00:00:00-04:00,97.5999984741211,108.19999694824219,97.4000015258789,106.0,10300,0.0,0.0
2022-09-29 00:00:00-04:00,104.4000015258789,104.4000015258789,99.4000015258789,101.19999694824219,10100,0.0,0.0
2022-09-30 00:00:00-04:00,100.19999694824219,103.4000015258789,95.4000015258789,96.80000305175781,15555,0.0,0.0
2022-10-03 00:00:00-04:00,98.0,98.0999984741211,93.19999694824219,97.0,13595,0.0,0.0
2022-10-04 00:00:00-04:00,98.80000305175781,105.5999984741211,98.0,105.0,11895,0.0,0.0
2022-10-05 00:00:00-04:00,104.0,105.4000015258789,100.0999984741211,105.0,8645,0.0,0.0
2022-10-06 00:00:00-04:00,104.19999694824219,107.80000305175781,103.4000015258789,106.5999984741211,6730,0.0,0.0
2022-10-07 00:00:00-04:00,105.0,105.4000015258789,97.5999984741211,98.80000305175781,9450,0.0,0.0
2022-10-10 00:00:00-04:00,98.0,98.0,91.5999984741211,93.0,12610,0.0,0.0
2022-10-11 00:00:00-04:00,92.19999694824219,97.80000305175781,90.4000015258789,96.80000305175781,9915,0.0,0.0
2022-10-12 00:00:00-04:00,97.0,97.0,88.19999694824219,88.80000305175781,16940,0.0,0.0
2022-10-13 00:00:00-04:00,87.4000015258789,93.0,85.19999694824219,92.0,19740,0.0,0.0
2022-10-14 00:00:00-04:00,93.4000015258789,95.0,88.19999694824219,89.4000015258789,10000,0.0,0.0
2022-10-17 00:00:00-04:00,91.19999694824219,95.4000015258789,88.80000305175781,92.5999984741211,18305,0.0,0.0
2022-10-18 00:00:00-04:00,94.80000305175781,98.0,89.80000305175781,91.5999984741211,20060,0.0,0.0
2022-10-19 00:00:00-04:00,90.80000305175781,90.80000305175781,83.19999694824219,84.0,21515,0.0,0.0
2022-10-20 00:00:00-04:00,84.5999984741211,86.30000305175781,82.80000305175781,84.5999984741211,10315,0.0,0.0
2022-10-21 00:00:00-04:00,85.4000015258789,90.0,83.0999984741211,89.80000305175781,11450,0.0,0.0
2022-10-24 00:00:00-04:00,90.5999984741211,91.0,86.4000015258789,87.4000015258789,19820,0.0,0.0
2022-10-25 00:00:00-04:00,87.5999984741211,92.4000015258789,87.0,88.5999984741211,15375,0.0,0.0
2022-10-26 00:00:00-04:00,89.19999694824219,97.19999694824219,88.0,94.5999984741211,12610,0.0,0.0
2022-10-27 00:00:00-04:00,96.0,97.0,90.80000305175781,91.80000305175781,7510,0.0,0.0
2022-10-28 00:00:00-04:00,93.19999694824219,105.19999694824219,90.80000305175781,105.0,36110,0.0,0.0
2022-10-31 00:00:00-04:00,68.5999984741211,80.19999694824219,62.20000076293945,66.0,206955,0.0,0.0
2022-11-01 00:00:00-04:00,65.19999694824219,65.19999694824219,49.20000076293945,52.599998474121094,152170,0.0,0.0
2022-11-02 00:00:00-04:00,52.599998474121094,57.0,49.79999923706055,53.0,132785,0.0,0.0
2022-11-03 00:00:00-04:00,51.20000076293945,55.20000076293945,50.599998474121094,52.20000076293945,41655,0.0,0.0
2022-11-04 00:00:00-04:00,54.0,54.0,49.29999923706055,50.599998474121094,37105,0.0,0.0
2022-11-07 00:00:00-05:00,51.599998474121094,52.20000076293945,49.79999923706055,50.599998474121094,25865,0.0,0.0
2022-11-08 00:00:00-05:00,51.0,51.599998474121094,47.20000076293945,49.0,28065,0.0,0.0
2022-11-09 00:00:00-05:00,49.20000076293945,51.20000076293945,45.599998474121094,46.400001525878906,28480,0.0,0.0
2022-11-10 00:00:00-05:00,48.79999923706055,50.0,46.79999923706055,48.400001525878906,44655,0.0,0.0
2022-11-11 00:00:00-05:00,48.0,50.0,43.5,45.20000076293945,43370,0.0,0.0
2022-11-14 00:00:00-05:00,45.79999923706055,46.29999923706055,41.20000076293945,41.70000076293945,37260,0.0,0.0
2022-11-15 00:00:00-05:00,44.400001525878906,45.0,41.20000076293945,42.20000076293945,41445,0.0,0.0
2022-11-16 00:00:00-05:00,42.599998474121094,44.599998474121094,38.599998474121094,39.400001525878906,38870,0.0,0.0
2022-11-17 00:00:00-05:00,38.0,38.900001525878906,35.400001525878906,36.0,33030,0.0,0.0
2022-11-18 00:00:00-05:00,38.599998474121094,38.599998474121094,32.599998474121094,33.400001525878906,33180,0.0,0.0
2022-11-21 00:00:00-05:00,33.400001525878906,34.0,31.200000762939453,31.799999237060547,40885,0.0,0.0
2022-11-22 00:00:00-05:00,31.399999618530273,32.0,30.0,31.399999618530273,31615,0.0,0.0
2022-11-23 00:00:00-05:00,31.200000762939453,32.0,28.5,29.600000381469727,27720,0.0,0.0
2022-11-25 00:00:00-05:00,29.600000381469727,30.200000762939453,27.600000381469727,28.0,14385,0.0,0.0
2022-11-28 00:00:00-05:00,28.0,28.799999237060547,26.5,27.200000762939453,48670,0.0,0.0
2022-11-29 00:00:00-05:00,26.600000381469727,27.399999618530273,25.600000381469727,26.0,17620,0.0,0.0
2022-11-30 00:00:00-05:00,25.799999237060547,27.0,25.5,26.600000381469727,31290,0.0,0.0
2022-12-01 00:00:00-05:00,27.399999618530273,27.600000381469727,24.600000381469727,25.200000762939453,49130,0.0,0.0
2022-12-02 00:00:00-05:00,24.399999618530273,25.200000762939453,23.799999237060547,25.0,34510,0.0,0.0
2022-12-05 00:00:00-05:00,26.200000762939453,26.200000762939453,24.0,24.399999618530273,36695,0.0,0.0
2022-12-06 00:00:00-05:00,24.0,25.200000762939453,21.700000762939453,22.600000381469727,34645,0.0,0.0
2022-12-07 00:00:00-05:00,22.399999618530273,25.399999618530273,22.399999618530273,24.399999618530273,58810,0.0,0.0
2022-12-08 00:00:00-05:00,23.600000381469727,23.600000381469727,19.559999465942383,19.600000381469727,126585,0.0,0.0
2022-12-09 00:00:00-05:00,20.0,20.200000762939453,18.399999618530273,19.15999984741211,80590,0.0,0.0
2022-12-12 00:00:00-05:00,19.399999618530273,19.799999237060547,15.9399995803833,16.0,116360,0.0,0.0
2022-12-13 00:00:00-05:00,16.219999313354492,16.479999542236328,13.279999732971191,13.399999618530273,97255,0.0,0.0
2022-12-14 00:00:00-05:00,13.619999885559082,14.0,10.899999618530273,10.979999542236328,456515,0.0,0.0
2022-12-15 00:00:00-05:00,11.0,12.600000381469727,10.819999694824219,11.600000381469727,196640,0.0,0.0
2022-12-16 00:00:00-05:00,11.600000381469727,12.800000190734863,10.9399995803833,11.539999961853027,188010,0.0,0.0
2022-12-19 00:00:00-05:00,12.239999771118164,12.239999771118164,10.680000305175781,11.319999694824219,89420,0.0,0.0
2022-12-20 00:00:00-05:00,11.34000015258789,12.739999771118164,10.619999885559082,11.680000305175781,90395,0.0,0.0
2022-12-21 00:00:00-05:00,12.0,12.399999618530273,10.65999984741211,10.859999656677246,76310,0.0,0.0
2022-12-22 00:00:00-05:00,10.739999771118164,11.34000015258789,9.800000190734863,10.020000457763672,132970,0.0,0.0
2022-12-23 00:00:00-05:00,9.819999694824219,10.720000267028809,9.600000381469727,10.0,60555,0.0,0.0
2022-12-27 00:00:00-05:00,10.199999809265137,10.600000381469727,9.420000076293945,9.600000381469727,60515,0.0,0.0
2022-12-28 00:00:00-05:00,10.0,12.899999618530273,9.760000228881836,10.380000114440918,259935,0.0,0.0
2022-12-29 00:00:00-05:00,10.199999809265137,13.65999984741211,9.800000190734863,13.4399995803833,155910,0.0,0.0
2022-12-30 00:00:00-05:00,13.399999618530273,13.399999618530273,11.800000190734863,12.600000381469727,80125,0.0,0.0
2023-01-03 00:00:00-05:00,12.760000228881836,13.199999809265137,11.800000190734863,12.0,80645,0.0,0.0
2023-01-04 00:00:00-05:00,12.0,12.800000190734863,11.800000190734863,12.460000038146973,51370,0.0,0.0
2023-01-05 00:00:00-05:00,12.800000190734863,12.979999542236328,12.15999984741211,12.600000381469727,48315,0.0,0.0
2023-01-06 00:00:00-05:00,12.800000190734863,13.119999885559082,12.140000343322754,12.680000305175781,41485,0.0,0.0
2023-01-09 00:00:00-05:00,14.0,14.84000015258789,12.800000190734863,13.399999618530273,280660,0.0,0.0
2023-01-10 00:00:00-05:00,13.199999809265137,14.180000305175781,13.0,14.079999923706055,81055,0.0,0.0
2023-01-11 00:00:00-05:00,14.199999809265137,15.300000190734863,13.640000343322754,14.5600004196167,115820,0.0,0.0
2023-01-12 00:00:00-05:00,14.600000381469727,15.800000190734863,13.800000190734863,15.5600004196167,147775,0.0,0.0
2023-01-13 00:00:00-05:00,15.680000305175781,16.799999237060547,15.220000267028809,15.600000381469727,105400,0.0,0.0
2023-01-17 00:00:00-05:00,15.399999618530273,16.799999237060547,15.220000267028809,16.040000915527344,89725,0.0,0.0
2023-01-18 00:00:00-05:00,16.34000015258789,16.899999618530273,15.199999809265137,15.420000076293945,88875,0.0,0.0
2023-01-19 00:00:00-05:00,15.319999694824219,15.600000381469727,14.399999618530273,14.739999771118164,38255,0.0,0.0
2023-01-20 00:00:00-05:00,15.199999809265137,15.760000228881836,14.800000190734863,15.199999809265137,29110,0.0,0.0
2023-01-23 00:00:00-05:00,15.399999618530273,15.600000381469727,14.819999694824219,15.039999961853027,35350,0.0,0.0
2023-01-24 00:00:00-05:00,14.899999618530273,16.200000762939453,14.800000190734863,15.539999961853027,49820,0.0,0.0
2023-01-25 00:00:00-05:00,15.239999771118164,16.399999618530273,14.960000038146973,15.65999984741211,43210,0.0,0.0
2023-01-26 00:00:00-05:00,15.65999984741211,16.020000457763672,15.239999771118164,15.619999885559082,16725,0.0,0.0
2023-01-27 00:00:00-05:00,15.5600004196167,16.899999618530273,15.420000076293945,16.34000015258789,32625,0.0,0.0
2023-01-30 00:00:00-05:00,16.600000381469727,16.68000030517578,15.460000038146973,15.800000190734863,28325,0.0,0.0
2023-01-31 00:00:00-05:00,16.0,16.360000610351562,15.5600004196167,16.280000686645508,54120,0.0,0.0
2023-02-01 00:00:00-05:00,16.600000381469727,17.739999771118164,16.139999389648438,17.34000015258789,77325,0.0,0.0
2023-02-02 00:00:00-05:00,17.760000228881836,18.540000915527344,17.020000457763672,17.84000015258789,77830,0.0,0.0
2023-02-03 00:00:00-05:00,18.0,18.200000762939453,17.600000381469727,17.799999237060547,44220,0.0,0.0
2023-02-06 00:00:00-05:00,17.600000381469727,18.540000915527344,17.600000381469727,18.139999389648438,40235,0.0,0.0
2023-02-07 00:00:00-05:00,18.540000915527344,18.540000915527344,17.0,18.059999465942383,72465,0.0,0.0
2023-02-08 00:00:00-05:00,18.200000762939453,18.200000762939453,16.600000381469727,16.899999618530273,49090,0.0,0.0
2023-02-09 00:00:00-05:00,17.31999969482422,17.559999465942383,15.680000305175781,16.0,100610,0.0,0.0
2023-02-10 00:00:00-05:00,16.0,16.18000030517578,15.199999809265137,15.960000038146973,34475,0.0,0.0
2023-02-13 00:00:00-05:00,16.0,16.100000381469727,15.359999656677246,16.0,23740,0.0,0.0
2023-02-14 00:00:00-05:00,16.0,16.360000610351562,15.420000076293945,16.0,36480,0.0,0.0
2023-02-15 00:00:00-05:00,16.0,16.8799991607666,15.699999809265137,16.420000076293945,24185,0.0,0.0
2023-02-16 00:00:00-05:00,16.600000381469727,16.700000762939453,15.539999961853027,15.800000190734863,26085,0.0,0.0
2023-02-17 00:00:00-05:00,15.920000076293945,16.18000030517578,15.399999618530273,16.1200008392334,36955,0.0,0.0
2023-02-21 00:00:00-05:00,16.200000762939453,16.200000762939453,15.239999771118164,15.399999618530273,25215,0.0,0.0
2023-02-22 00:00:00-05:00,15.479999542236328,16.360000610351562,15.399999618530273,15.800000190734863,15785,0.0,0.0
2023-02-23 00:00:00-05:00,15.899999618530273,16.200000762939453,15.039999961853027,15.619999885559082,21225,0.0,0.0
2023-02-24 00:00:00-05:00,15.800000190734863,15.800000190734863,15.0,15.260000228881836,31575,0.0,0.0
2023-02-27 00:00:00-05:00,15.539999961853027,15.800000190734863,15.100000381469727,15.279999732971191,15170,0.0,0.0
2023-02-28 00:00:00-05:00,15.399999618530273,15.899999618530273,15.199999809265137,15.539999961853027,14170,0.0,0.0
2023-03-01 00:00:00-05:00,15.819999694824219,15.819999694824219,14.84000015258789,15.119999885559082,32435,0.0,0.0
2023-03-02 00:00:00-05:00,15.399999618530273,15.600000381469727,14.819999694824219,15.100000381469727,25235,0.0,0.0
2023-03-03 00:00:00-05:00,15.199999809265137,15.800000190734863,14.899999618530273,15.399999618530273,23915,0.0,0.0
2023-03-06 00:00:00-05:00,15.199999809265137,15.640000343322754,15.039999961853027,15.4399995803833,24260,0.0,0.0
2023-03-07 00:00:00-05:00,15.0,15.800000190734863,15.0,15.399999618530273,8460,0.0,0.0
2023-03-08 00:00:00-05:00,15.600000381469727,15.600000381469727,14.600000381469727,15.0,20270,0.0,0.0
2023-03-09 00:00:00-05:00,15.199999809265137,15.199999809265137,13.680000305175781,13.800000190734863,74855,0.0,0.0
2023-03-10 00:00:00-05:00,13.399999618530273,14.199999809265137,12.220000267028809,12.739999771118164,42015,0.0,0.0
2023-03-13 00:00:00-04:00,13.020000457763672,13.399999618530273,12.600000381469727,13.199999809265137,23225,0.0,0.0
2023-03-14 00:00:00-04:00,13.460000038146973,13.680000305175781,13.020000457763672,13.399999618530273,16725,0.0,0.0
2023-03-15 00:00:00-04:00,12.800000190734863,13.880000114440918,12.640000343322754,13.199999809265137,32845,0.0,0.0
2023-03-16 00:00:00-04:00,13.199999809265137,13.539999961853027,12.819999694824219,12.960000038146973,32640,0.0,0.0
2023-03-17 00:00:00-04:00,13.039999961853027,13.800000190734863,12.739999771118164,12.800000190734863,51880,0.0,0.0
2023-03-20 00:00:00-04:00,13.0,13.300000190734863,12.420000076293945,12.600000381469727,33420,0.0,0.0
2023-03-21 00:00:00-04:00,12.65999984741211,13.579999923706055,12.65999984741211,12.920000076293945,23735,0.0,0.0
2023-03-22 00:00:00-04:00,13.0,13.199999809265137,12.039999961853027,12.199999809265137,28200,0.0,0.0
2023-03-23 00:00:00-04:00,12.600000381469727,12.800000190734863,12.039999961853027,12.399999618530273,40475,0.0,0.0
2023-03-24 00:00:00-04:00,12.199999809265137,12.600000381469727,11.619999885559082,11.920000076293945,36230,0.0,0.0
2023-03-27 00:00:00-04:00,12.180000305175781,12.640000343322754,12.0600004196167,12.34000015258789,18635,0.0,0.0
2023-03-28 00:00:00-04:00,12.319999694824219,12.739999771118164,12.0,12.359999656677246,243495,0.0,0.0
2023-03-29 00:00:00-04:00,12.399999618530273,13.920000076293945,12.399999618530273,13.699999809265137,32545,0.0,0.0
2023-03-30 00:00:00-04:00,13.619999885559082,13.779999732971191,12.640000343322754,13.279999732971191,10020,0.0,0.0
2023-03-31 00:00:00-04:00,13.239999771118164,13.600000381469727,12.859999656677246,13.220000267028809,21460,0.0,0.0
2023-04-03 00:00:00-04:00,13.220000267028809,13.760000228881836,12.960000038146973,13.199999809265137,24015,0.0,0.0
2023-04-04 00:00:00-04:00,13.300000190734863,13.359999656677246,12.760000228881836,12.760000228881836,27315,0.0,0.0
2023-04-05 00:00:00-04:00,13.0,13.84000015258789,13.0,13.199999809265137,31100,0.0,0.0
2023-04-06 00:00:00-04:00,13.199999809265137,13.720000267028809,13.199999809265137,13.319999694824219,12315,0.0,0.0
2023-04-10 00:00:00-04:00,13.399999618530273,13.600000381469727,13.0,13.100000381469727,20395,0.0,0.0
2023-04-11 00:00:00-04:00,13.300000190734863,13.359999656677246,12.239999771118164,12.460000038146973,52460,0.0,0.0
2023-04-12 00:00:00-04:00,12.800000190734863,13.300000190734863,12.220000267028809,12.220000267028809,14635,0.0,0.0
2023-04-13 00:00:00-04:00,12.5,13.420000076293945,12.5,13.100000381469727,26820,0.0,0.0
2023-04-14 00:00:00-04:00,13.399999618530273,13.399999618530273,12.680000305175781,13.0,12170,0.0,0.0
2023-04-17 00:00:00-04:00,13.0,13.479999542236328,12.5,13.180000305175781,21185,0.0,0.0
2023-04-18 00:00:00-04:00,13.180000305175781,13.520000457763672,12.800000190734863,13.100000381469727,16355,0.0,0.0
2023-04-19 00:00:00-04:00,13.15999984741211,13.520000457763672,13.020000457763672,13.180000305175781,21950,0.0,0.0
2023-04-20 00:00:00-04:00,13.399999618530273,13.520000457763672,12.800000190734863,13.0,16095,0.0,0.0
2023-04-21 00:00:00-04:00,12.819999694824219,13.300000190734863,12.800000190734863,13.079999923706055,11105,0.0,0.0
2023-04-24 00:00:00-04:00,13.0,13.460000038146973,12.800000190734863,12.84000015258789,11985,0.0,0.0
2023-04-25 00:00:00-04:00,13.0,13.100000381469727,12.359999656677246,12.699999809265137,32490,0.0,0.0
2023-04-26 00:00:00-04:00,12.640000343322754,13.199999809265137,12.0,12.699999809265137,10880,0.0,0.0
2023-04-27 00:00:00-04:00,12.699999809265137,13.0,12.199999809265137,12.460000038146973,25985,0.0,0.0
2023-04-28 00:00:00-04:00,13.0,13.319999694824219,12.579999923706055,13.079999923706055,15255,0.0,0.0
2023-05-01 00:00:00-04:00,12.859999656677246,13.319999694824219,12.5,12.859999656677246,13960,0.0,0.0
2023-05-02 00:00:00-04:00,12.800000190734863,13.0,12.199999809265137,12.619999885559082,14050,0.0,0.0
2023-05-03 00:00:00-04:00,13.020000457763672,13.279999732971191,12.5,12.880000114440918,11565,0.0,0.0
2023-05-04 00:00:00-04:00,12.5,13.800000190734863,12.5,13.020000457763672,45105,0.0,0.0
2023-05-05 00:00:00-04:00,13.600000381469727,13.800000190734863,12.819999694824219,13.039999961853027,40885,0.0,0.0
2023-05-08 00:00:00-04:00,13.399999618530273,13.579999923706055,13.239999771118164,13.460000038146973,29260,0.0,0.0
2023-05-09 00:00:00-04:00,14.0,14.0,13.199999809265137,13.460000038146973,33795,0.0,0.0
2023-05-10 00:00:00-04:00,13.600000381469727,13.699999809265137,13.0600004196167,13.319999694824219,52405,0.0,0.0
2023-05-11 00:00:00-04:00,13.300000190734863,13.460000038146973,12.180000305175781,12.34000015258789,76730,0.0,0.0
2023-05-12 00:00:00-04:00,12.5,12.5,12.239999771118164,12.260000228881836,20365,0.0,0.0
2023-05-15 00:00:00-04:00,12.5600004196167,13.039999961853027,12.479999542236328,12.960000038146973,21210,0.0,0.0
2023-05-16 00:00:00-04:00,12.899999618530273,12.899999618530273,12.0,12.260000228881836,23265,0.0,0.0
2023-05-17 00:00:00-04:00,12.399999618530273,12.399999618530273,11.720000267028809,12.020000457763672,34485,0.0,0.0
2023-05-18 00:00:00-04:00,12.100000381469727,12.260000228881836,11.260000228881836,11.9399995803833,50630,0.0,0.0
2023-05-19 00:00:00-04:00,12.380000114440918,12.5600004196167,11.859999656677246,12.34000015258789,18515,0.0,0.0
2023-05-22 00:00:00-04:00,12.699999809265137,12.699999809265137,12.0,12.239999771118164,32095,0.0,0.0
2023-05-23 00:00:00-04:00,12.15999984741211,13.039999961853027,12.0,12.65999984741211,28870,0.0,0.0
2023-05-24 00:00:00-04:00,12.619999885559082,13.0,12.0,12.260000228881836,12880,0.0,0.0
2023-05-25 00:00:00-04:00,12.180000305175781,12.680000305175781,12.0600004196167,12.539999961853027,9495,0.0,0.0
2023-05-26 00:00:00-04:00,12.399999618530273,12.739999771118164,12.199999809265137,12.399999618530273,10135,0.0,0.0
2023-05-30 00:00:00-04:00,12.199999809265137,12.699999809265137,11.520000457763672,11.960000038146973,34670,0.0,0.0
2023-05-31 00:00:00-04:00,11.9399995803833,12.479999542236328,11.600000381469727,12.0,15620,0.0,0.0
2023-06-01 00:00:00-04:00,11.920000076293945,12.260000228881836,11.279999732971191,11.420000076293945,19405,0.0,0.0
2023-06-02 00:00:00-04:00,11.600000381469727,11.819999694824219,11.0,11.640000343322754,19575,0.0,0.0
2023-06-05 00:00:00-04:00,11.640000343322754,12.0,11.380000114440918,12.0,34150,0.0,0.0
2023-06-06 00:00:00-04:00,11.779999732971191,11.779999732971191,11.199999809265137,11.399999618530273,35990,0.0,0.0
2023-06-07 00:00:00-04:00,11.579999923706055,12.880000114440918,11.399999618530273,12.720000267028809,42055,0.0,0.0
2023-06-08 00:00:00-04:00,12.720000267028809,12.720000267028809,11.460000038146973,11.800000190734863,31685,0.0,0.0
2023-06-09 00:00:00-04:00,12.0,12.199999809265137,11.619999885559082,11.800000190734863,18395,0.0,0.0
2023-06-12 00:00:00-04:00,11.640000343322754,11.960000038146973,11.220000267028809,11.279999732971191,36485,0.0,0.0
2023-06-13 00:00:00-04:00,11.359999656677246,11.859999656677246,11.279999732971191,11.420000076293945,12320,0.0,0.0
2023-06-14 00:00:00-04:00,11.399999618530273,11.600000381469727,11.0600004196167,11.180000305175781,22775,0.0,0.0
2023-06-15 00:00:00-04:00,11.180000305175781,11.600000381469727,10.5,10.960000038146973,38195,0.0,0.0
2023-06-16 00:00:00-04:00,11.180000305175781,11.380000114440918,10.720000267028809,11.0,36810,0.0,0.0
2023-06-20 00:00:00-04:00,11.0,11.239999771118164,10.600000381469727,10.720000267028809,17555,0.0,0.0
2023-06-21 00:00:00-04:00,10.720000267028809,10.920000076293945,10.0,10.279999732971191,45650,0.0,0.0
2023-06-22 00:00:00-04:00,10.399999618530273,10.600000381469727,10.039999961853027,10.279999732971191,25260,0.0,0.0
2023-06-23 00:00:00-04:00,10.279999732971191,11.039999961853027,10.039999961853027,10.600000381469727,404660,0.0,0.0
2023-06-26 00:00:00-04:00,10.800000190734863,11.15999984741211,10.600000381469727,10.84000015258789,15355,0.0,0.0
2023-06-27 00:00:00-04:00,10.84000015258789,11.239999771118164,10.760000228881836,10.960000038146973,14565,0.0,0.0
2023-06-28 00:00:00-04:00,10.920000076293945,11.199999809265137,10.65999984741211,10.800000190734863,3980,0.0,0.0
2023-06-29 00:00:00-04:00,11.0,11.260000228881836,10.899999618530273,11.119999885559082,17680,0.0,0.0
2023-06-30 00:00:00-04:00,11.600000381469727,11.600000381469727,11.0,11.020000457763672,8930,0.0,0.0
2023-07-03 00:00:00-04:00,11.579999923706055,11.579999923706055,11.100000381469727,11.260000228881836,9835,0.0,0.0
2023-07-05 00:00:00-04:00,11.399999618530273,11.5,10.399999618530273,10.600000381469727,40010,0.0,0.0
2023-07-06 00:00:00-04:00,10.680000305175781,10.819999694824219,10.0,10.0,51290,0.0,0.0
2023-07-07 00:00:00-04:00,10.65999984741211,11.300000190734863,10.220000267028809,11.199999809265137,21425,0.0,0.0
2023-07-10 00:00:00-04:00,11.199999809265137,12.5,11.0,12.0,50920,0.0,0.0
2023-07-11 00:00:00-04:00,12.039999961853027,12.239999771118164,11.619999885559082,11.899999618530273,13895,0.0,0.0
2023-07-12 00:00:00-04:00,11.84000015258789,12.520000457763672,11.819999694824219,12.0,21120,0.0,0.0
2023-07-13 00:00:00-04:00,11.84000015258789,12.4399995803833,11.819999694824219,12.100000381469727,13625,0.0,0.0
2023-07-14 00:00:00-04:00,11.979999542236328,12.0,11.720000267028809,11.800000190734863,15945,0.0,0.0
2023-07-17 00:00:00-04:00,11.9399995803833,12.720000267028809,11.819999694824219,12.600000381469727,16985,0.0,0.0
2023-07-18 00:00:00-04:00,12.760000228881836,12.760000228881836,12.4399995803833,12.640000343322754,10875,0.0,0.0
2023-07-19 00:00:00-04:00,12.460000038146973,12.760000228881836,12.319999694824219,12.520000457763672,3610,0.0,0.0
2023-07-20 00:00:00-04:00,12.319999694824219,12.739999771118164,11.739999771118164,11.819999694824219,4265,0.0,0.0
2023-07-21 00:00:00-04:00,12.0600004196167,12.600000381469727,10.420000076293945,11.5600004196167,32895,0.0,0.0
2023-07-24 00:00:00-04:00,11.420000076293945,11.84000015258789,11.420000076293945,11.720000267028809,5355,0.0,0.0
2023-07-25 00:00:00-04:00,11.680000305175781,11.979999542236328,11.100000381469727,11.4399995803833,19830,0.0,0.0
2023-07-26 00:00:00-04:00,11.380000114440918,11.960000038146973,11.039999961853027,11.720000267028809,3155,0.0,0.0
2023-07-27 00:00:00-04:00,11.979999542236328,11.979999542236328,10.84000015258789,10.899999618530273,10465,0.0,0.0
2023-07-28 00:00:00-04:00,11.300000190734863,11.5,10.800000190734863,10.899999618530273,14080,0.0,0.0
2023-07-31 00:00:00-04:00,11.0,11.479999542236328,10.920000076293945,10.920000076293945,21665,0.0,0.0
2023-08-01 00:00:00-04:00,11.020000457763672,11.779999732971191,10.65999984741211,11.0,8485,0.0,0.0
2023-08-02 00:00:00-04:00,11.300000190734863,11.359999656677246,10.600000381469727,10.960000038146973,11830,0.0,0.0
2023-08-03 00:00:00-04:00,10.899999618530273,11.359999656677246,10.600000381469727,10.779999732971191,9720,0.0,0.0
2023-08-04 00:00:00-04:00,10.640000343322754,11.180000305175781,10.640000343322754,10.65999984741211,11315,0.0,0.0
2023-08-07 00:00:00-04:00,10.600000381469727,11.5,10.539999961853027,11.100000381469727,30050,0.0,0.0
2023-08-08 00:00:00-04:00,11.100000381469727,11.5,10.699999809265137,11.0,16810,0.0,0.0
2023-08-09 00:00:00-04:00,10.800000190734863,11.399999618530273,10.220000267028809,10.399999618530273,31535,0.0,0.0
2023-08-10 00:00:00-04:00,10.460000038146973,10.720000267028809,10.039999961853027,10.239999771118164,21085,0.0,0.0
2023-08-11 00:00:00-04:00,10.600000381469727,10.880000114440918,10.239999771118164,10.420000076293945,13425,0.0,0.0
2023-08-14 00:00:00-04:00,10.399999618530273,10.460000038146973,9.640000343322754,9.880000114440918,29110,0.0,0.0
2023-08-15 00:00:00-04:00,9.65999984741211,10.15999984741211,9.65999984741211,10.119999885559082,14530,0.0,0.0
2023-08-16 00:00:00-04:00,10.15999984741211,10.15999984741211,9.800000190734863,9.800000190734863,33405,0.0,0.0
2023-08-17 00:00:00-04:00,9.960000038146973,10.539999961853027,9.619999885559082,9.619999885559082,16580,0.0,0.0
2023-08-18 00:00:00-04:00,9.800000190734863,9.800000190734863,8.600000381469727,9.420000076293945,48175,0.0,0.0
2023-08-21 00:00:00-04:00,9.399999618530273,9.760000228881836,9.220000267028809,9.579999923706055,21340,0.0,0.0
2023-08-22 00:00:00-04:00,9.399999618530273,9.979999542236328,9.0,9.0600004196167,3925,0.0,0.0
2023-08-23 00:00:00-04:00,9.239999771118164,9.920000076293945,9.140000343322754,9.5600004196167,10840,0.0,0.0
2023-08-24 00:00:00-04:00,9.600000381469727,9.920000076293945,9.199999809265137,9.539999961853027,6300,0.0,0.0
2023-08-25 00:00:00-04:00,9.600000381469727,9.600000381469727,9.0600004196167,9.0600004196167,5195,0.0,0.0
2023-08-28 00:00:00-04:00,9.34000015258789,9.359999656677246,9.0,9.0,6680,0.0,0.0
2023-08-29 00:00:00-04:00,9.0,9.479999542236328,8.800000190734863,9.0,10295,0.0,0.0
2023-08-30 00:00:00-04:00,9.0,9.359999656677246,8.819999694824219,8.9399995803833,11195,0.0,0.0
2023-08-31 00:00:00-04:00,8.9399995803833,9.34000015258789,8.9399995803833,9.020000457763672,14945,0.0,0.0
2023-09-01 00:00:00-04:00,8.800000190734863,9.65999984741211,8.800000190734863,9.119999885559082,7570,0.0,0.0
2023-09-05 00:00:00-04:00,9.399999618530273,9.680000305175781,8.199999809265137,8.899999618530273,36915,0.0,0.0
2023-09-06 00:00:00-04:00,8.800000190734863,9.0,8.520000457763672,8.619999885559082,12640,0.0,0.0
2023-09-07 00:00:00-04:00,8.619999885559082,9.020000457763672,8.619999885559082,8.800000190734863,37370,0.0,0.0
2023-09-08 00:00:00-04:00,8.800000190734863,9.520000457763672,8.600000381469727,9.260000228881836,27235,0.0,0.0
2023-09-11 00:00:00-04:00,9.300000190734863,9.579999923706055,9.199999809265137,9.239999771118164,11000,0.0,0.0
2023-09-12 00:00:00-04:00,9.34000015258789,9.819999694824219,9.34000015258789,9.600000381469727,28870,0.0,0.0
2023-09-13 00:00:00-04:00,9.600000381469727,9.800000190734863,9.399999618530273,9.579999923706055,20210,0.0,0.0
2023-09-14 00:00:00-04:00,9.319999694824219,9.739999771118164,9.319999694824219,9.399999618530273,20360,0.0,0.0
2023-09-15 00:00:00-04:00,9.119999885559082,9.600000381469727,8.539999961853027,8.539999961853027,52995,0.0,0.0
2023-09-18 00:00:00-04:00,8.960000038146973,9.100000381469727,8.5,8.579999923706055,6580,0.0,0.0
2023-09-19 00:00:00-04:00,8.699999809265137,8.9399995803833,8.300000190734863,8.800000190734863,16670,0.0,0.0
2023-09-20 00:00:00-04:00,8.920000076293945,8.920000076293945,8.420000076293945,8.5,5460,0.0,0.0
2023-09-21 00:00:00-04:00,8.399999618530273,8.600000381469727,8.199999809265137,8.460000038146973,8095,0.0,0.0
2023-09-22 00:00:00-04:00,8.5600004196167,8.779999732971191,8.199999809265137,8.319999694824219,3935,0.0,0.0
2023-09-25 00:00:00-04:00,8.800000190734863,8.800000190734863,8.199999809265137,8.199999809265137,4600,0.0,0.0
2023-09-26 00:00:00-04:00,8.399999618530273,8.600000381469727,8.199999809265137,8.220000267028809,13370,0.0,0.0
2023-09-27 00:00:00-04:00,8.300000190734863,8.600000381469727,7.599999904632568,8.239999771118164,41690,0.0,0.0
2023-09-28 00:00:00-04:00,8.260000228881836,8.359999656677246,7.860000133514404,8.039999961853027,5925,0.0,0.0
2023-09-29 00:00:00-04:00,8.15999984741211,8.579999923706055,8.0,8.5600004196167,16030,0.0,0.0
2023-10-02 00:00:00-04:00,8.600000381469727,8.600000381469727,7.71999979019165,7.960000038146973,20205,0.0,0.0
2023-10-03 00:00:00-04:00,7.960000038146973,8.140000343322754,7.71999979019165,8.0,11825,0.0,0.0
2023-10-04 00:00:00-04:00,7.800000190734863,8.119999885559082,7.800000190734863,8.0,7310,0.0,0.0
2023-10-05 00:00:00-04:00,7.760000228881836,8.199999809265137,7.599999904632568,7.940000057220459,18755,0.0,0.0
2023-10-06 00:00:00-04:00,7.880000114440918,8.180000305175781,6.940000057220459,7.599999904632568,18680,0.0,0.0
2023-10-09 00:00:00-04:00,7.380000114440918,7.800000190734863,7.039999961853027,7.599999904632568,38525,0.0,0.0
2023-10-10 00:00:00-04:00,7.599999904632568,7.980000019073486,7.599999904632568,7.920000076293945,132700,0.0,0.0
2023-10-11 00:00:00-04:00,7.980000019073486,8.600000381469727,7.980000019073486,8.0,72345,0.0,0.0
2023-10-12 00:00:00-04:00,8.199999809265137,8.399999618530273,7.059999942779541,7.300000190734863,112200,0.0,0.0
2023-10-13 00:00:00-04:00,7.480000019073486,7.760000228881836,7.159999847412109,7.380000114440918,51880,0.0,0.0
2023-10-16 00:00:00-04:00,7.840000152587891,7.840000152587891,7.380000114440918,7.460000038146973,7405,0.0,0.0
2023-10-17 00:00:00-04:00,7.619999885559082,7.960000038146973,7.539999961853027,7.599999904632568,51735,0.0,0.0
2023-10-18 00:00:00-04:00,7.599999904632568,7.940000057220459,7.460000038146973,7.659999847412109,22255,0.0,0.0
2023-10-19 00:00:00-04:00,7.71999979019165,7.800000190734863,7.420000076293945,7.5,13960,0.0,0.0
2023-10-20 00:00:00-04:00,7.5,7.940000057220459,7.400000095367432,7.78000020980835,18965,0.0,0.0
2023-10-23 00:00:00-04:00,7.800000190734863,7.800000190734863,7.300000190734863,7.380000114440918,22845,0.0,0.0
2023-10-24 00:00:00-04:00,7.619999885559082,7.699999809265137,6.880000114440918,7.199999809265137,47380,0.0,0.0
2023-10-25 00:00:00-04:00,7.400000095367432,8.0,7.28000020980835,7.619999885559082,28510,0.0,0.0
2023-10-26 00:00:00-04:00,8.0,8.020000457763672,7.239999771118164,7.5,20940,0.0,0.0
2023-10-27 00:00:00-04:00,7.5,7.760000228881836,7.119999885559082,7.199999809265137,22130,0.0,0.0
2023-10-30 00:00:00-04:00,7.199999809265137,7.760000228881836,7.0,7.28000020980835,5235,0.0,0.0
2023-10-31 00:00:00-04:00,7.0,7.420000076293945,7.0,7.420000076293945,4935,0.0,0.0
2023-11-01 00:00:00-04:00,7.0,7.579999923706055,7.0,7.320000171661377,3965,0.0,0.0
2023-11-02 00:00:00-04:00,8.0,8.0,7.400000095367432,7.699999809265137,11120,0.0,0.0
2023-11-03 00:00:00-04:00,7.480000019073486,8.100000381469727,7.21999979019165,7.5,41895,0.0,0.0
2023-11-06 00:00:00-05:00,7.320000171661377,7.860000133514404,7.28000020980835,7.5,12430,0.0,0.0
2023-11-07 00:00:00-05:00,7.420000076293945,7.739999771118164,7.400000095367432,7.420000076293945,2860,0.0,0.0
2023-11-08 00:00:00-05:00,7.559999942779541,7.599999904632568,7.300000190734863,7.5,17990,0.0,0.0
2023-11-09 00:00:00-05:00,7.460000038146973,7.760000228881836,6.880000114440918,7.0,13920,0.0,0.0
2023-11-10 00:00:00-05:00,7.0,7.28000020980835,6.659999847412109,7.0,56215,0.0,0.0
2023-11-13 00:00:00-05:00,6.860000133514404,7.400000095367432,6.679999828338623,7.199999809265137,24540,0.0,0.0
2023-11-14 00:00:00-05:00,7.0,7.300000190734863,6.559999942779541,6.820000171661377,35410,0.0,0.0
2023-11-15 00:00:00-05:00,7.400000095367432,7.400000095367432,6.760000228881836,6.760000228881836,12840,0.0,0.0
2023-11-16 00:00:00-05:00,6.800000190734863,6.940000057220459,6.5,6.71999979019165,27125,0.0,0.0
2023-11-17 00:00:00-05:00,6.800000190734863,7.559999942779541,6.619999885559082,7.199999809265137,48610,0.0,0.0
2023-11-20 00:00:00-05:00,6.980000019073486,7.900000095367432,6.980000019073486,7.579999923706055,27415,0.0,0.0
2023-11-21 00:00:00-05:00,7.440000057220459,7.579999923706055,7.300000190734863,7.320000171661377,6485,0.0,0.0
2023-11-22 00:00:00-05:00,7.559999942779541,7.559999942779541,7.300000190734863,7.420000076293945,11980,0.0,0.0
2023-11-24 00:00:00-05:00,7.599999904632568,7.599999904632568,7.21999979019165,7.400000095367432,2300,0.0,0.0
2023-11-27 00:00:00-05:00,7.400000095367432,7.420000076293945,6.920000076293945,7.0,35380,0.0,0.0
2023-11-28 00:00:00-05:00,7.199999809265137,7.199999809265137,6.800000190734863,6.820000171661377,16950,0.0,0.0
2023-11-29 00:00:00-05:00,7.099999904632568,7.099999904632568,6.659999847412109,6.900000095367432,14065,0.0,0.0
2023-11-30 00:00:00-05:00,7.0,7.400000095367432,6.599999904632568,6.78000020980835,42700,0.0,0.0
2023-12-01 00:00:00-05:00,6.880000114440918,7.0,6.699999809265137,6.880000114440918,5995,0.0,0.0
2023-12-04 00:00:00-05:00,6.800000190734863,6.900000095367432,6.599999904632568,6.800000190734863,14275,0.0,0.0
2023-12-05 00:00:00-05:00,6.800000190734863,7.0,6.599999904632568,6.699999809265137,31295,0.0,0.0
2023-12-06 00:00:00-05:00,6.599999904632568,6.619999885559082,6.079999923706055,6.360000133514404,107580,0.0,0.0
2023-12-07 00:00:00-05:00,6.519999980926514,6.519999980926514,6.079999923706055,6.320000171661377,98180,0.0,0.0
2023-12-08 00:00:00-05:00,6.199999809265137,6.769999980926514,6.199999809265137,6.670000076293945,67500,0.0,0.05
2023-12-11 00:00:00-05:00,6.409999847412109,6.699999809265137,6.389999866485596,6.5,35600,0.0,0.0
2023-12-12 00:00:00-05:00,6.440000057220459,6.619999885559082,6.21999979019165,6.480000019073486,54100,0.0,0.0
2023-12-13 00:00:00-05:00,6.480000019073486,6.619999885559082,6.369999885559082,6.420000076293945,93400,0.0,0.0
2023-12-14 00:00:00-05:00,6.550000190734863,6.900000095367432,6.400000095367432,6.510000228881836,97300,0.0,0.0
2023-12-15 00:00:00-05:00,6.539999961853027,7.28000020980835,6.539999961853027,6.909999847412109,125900,0.0,0.0
2023-12-18 00:00:00-05:00,6.889999866485596,6.980000019073486,6.550000190734863,6.820000171661377,35500,0.0,0.0
2023-12-19 00:00:00-05:00,6.920000076293945,7.369999885559082,6.880000114440918,7.199999809265137,80800,0.0,0.0
2023-12-20 00:00:00-05:00,7.210000038146973,7.329999923706055,6.849999904632568,6.949999809265137,29300,0.0,0.0
2023-12-21 00:00:00-05:00,7.0,7.211999893188477,6.71999979019165,6.840000152587891,41500,0.0,0.0
2023-12-22 00:00:00-05:00,6.900000095367432,7.239999771118164,6.880000114440918,7.099999904632568,64500,0.0,0.0
2023-12-26 00:00:00-05:00,7.150000095367432,7.369999885559082,7.10099983215332,7.369999885559082,49100,0.0,0.0
2023-12-27 00:00:00-05:00,7.369999885559082,7.550000190734863,7.269999980926514,7.459000110626221,38800,0.0,0.0
2023-12-28 00:00:00-05:00,7.5,7.784999847412109,7.480000019073486,7.659999847412109,81000,0.0,0.0
2023-12-29 00:00:00-05:00,7.670000076293945,7.769999980926514,7.519999980926514,7.619999885559082,58700,0.0,0.0
2024-01-02 00:00:00-05:00,7.28000020980835,7.849999904632568,7.28000020980835,7.769999980926514,60700,0.0,0.0
2024-01-03 00:00:00-05:00,7.769999980926514,7.769999980926514,7.465000152587891,7.590000152587891,26700,0.0,0.0
2024-01-04 00:00:00-05:00,7.349999904632568,7.739999771118164,7.349999904632568,7.679999828338623,27200,0.0,0.0
2024-01-05 00:00:00-05:00,7.590000152587891,7.75,7.590000152587891,7.710000038146973,29000,0.0,0.0
2024-01-08 00:00:00-05:00,7.570000171661377,7.820000171661377,7.460000038146973,7.679999828338623,51300,0.0,0.0
2024-01-09 00:00:00-05:00,7.793000221252441,7.929999828338623,7.679999828338623,7.699999809265137,32000,0.0,0.0
2024-01-10 00:00:00-05:00,7.800000190734863,7.855000019073486,7.550000190734863,7.630000114440918,47200,0.0,0.0
2024-01-11 00:00:00-05:00,7.550000190734863,7.77400016784668,7.340000152587891,7.380000114440918,38200,0.0,0.0
2024-01-12 00:00:00-05:00,7.534999847412109,7.630000114440918,7.460000038146973,7.590000152587891,7000,0.0,0.0
2024-01-16 00:00:00-05:00,7.519999980926514,7.630000114440918,7.349999904632568,7.440000057220459,41000,0.0,0.0
2024-01-17 00:00:00-05:00,7.650000095367432,9.199999809265137,7.599999904632568,9.015000343322754,308500,0.0,0.0
2024-01-18 00:00:00-05:00,9.199999809265137,9.920000076293945,9.0,9.600000381469727,105400,0.0,0.0
2024-01-19 00:00:00-05:00,9.600000381469727,9.699999809265137,9.199999809265137,9.569999694824219,40200,0.0,0.0
2024-01-22 00:00:00-05:00,9.6899995803833,10.989999771118164,9.579999923706055,10.930000305175781,88100,0.0,0.0
2024-01-23 00:00:00-05:00,10.930000305175781,11.1899995803833,10.600000381469727,10.680000305175781,43100,0.0,0.0
2024-01-24 00:00:00-05:00,11.010000228881836,12.430000305175781,11.010000228881836,11.930000305175781,161100,0.0,0.0
2024-01-25 00:00:00-05:00,11.850000381469727,11.850000381469727,11.460000038146973,11.699999809265137,40800,0.0,0.0
2024-01-26 00:00:00-05:00,11.84000015258789,11.9399995803833,11.600000381469727,11.9399995803833,22100,0.0,0.0
2024-01-29 00:00:00-05:00,11.9399995803833,12.0,11.581000328063965,11.859999656677246,25400,0.0,0.0
2024-01-30 00:00:00-05:00,11.75,11.75,11.119999885559082,11.699999809265137,48000,0.0,0.0
2024-01-31 00:00:00-05:00,11.600000381469727,11.819999694824219,11.59000015258789,11.800000190734863,14900,0.0,0.0
2024-02-01 00:00:00-05:00,11.90999984741211,11.90999984741211,11.538000106811523,11.75,11400,0.0,0.0
2024-02-02 00:00:00-05:00,11.649999618530273,11.75,11.184000015258789,11.739999771118164,13500,0.0,0.0
2024-02-05 00:00:00-05:00,11.539999961853027,11.869999885559082,11.260000228881836,11.770000457763672,11500,0.0,0.0
2024-02-06 00:00:00-05:00,11.770000457763672,11.960000038146973,11.649999618530273,11.800000190734863,12400,0.0,0.0
2024-02-07 00:00:00-05:00,11.729999542236328,11.729999542236328,11.210000038146973,11.520000457763672,15800,0.0,0.0
2024-02-08 00:00:00-05:00,11.5,11.8100004196167,11.390000343322754,11.65999984741211,16300,0.0,0.0
2024-02-09 00:00:00-05:00,11.670000076293945,11.770000457763672,11.59000015258789,11.600000381469727,10000,0.0,0.0
2024-02-12 00:00:00-05:00,11.579999923706055,11.850000381469727,11.539999961853027,11.729999542236328,9400,0.0,0.0
2024-02-13 00:00:00-05:00,11.569999694824219,11.6899995803833,11.350000381469727,11.350000381469727,29100,0.0,0.0
2024-02-14 00:00:00-05:00,11.380000114440918,11.670000076293945,11.25,11.5,34600,0.0,0.0
2024-02-15 00:00:00-05:00,11.4399995803833,11.729999542236328,11.369999885559082,11.675000190734863,15000,0.0,0.0
2024-02-16 00:00:00-05:00,11.600000381469727,12.380000114440918,11.539999961853027,11.760000228881836,37500,0.0,0.0
2024-02-20 00:00:00-05:00,12.09000015258789,12.220000267028809,11.329999923706055,11.829999923706055,25700,0.0,0.0
2024-02-21 00:00:00-05:00,11.579999923706055,11.75,11.489999771118164,11.75,18900,0.0,0.0
2024-02-22 00:00:00-05:00,11.75,12.104999542236328,11.680000305175781,11.779999732971191,13800,0.0,0.0
2024-02-23 00:00:00-05:00,11.800000190734863,11.970000267028809,11.569999694824219,11.710000038146973,9900,0.0,0.0
2024-02-26 00:00:00-05:00,11.720000267028809,12.130000114440918,11.40999984741211,11.949999809265137,46000,0.0,0.0
2024-02-27 00:00:00-05:00,11.880000114440918,11.9399995803833,11.734000205993652,11.779999732971191,13500,0.0,0.0
2024-02-28 00:00:00-05:00,11.75,12.020000457763672,11.739999771118164,11.899999618530273,14800,0.0,0.0
2024-02-29 00:00:00-05:00,11.920000076293945,11.932000160217285,11.611000061035156,11.920000076293945,14300,0.0,0.0
2024-03-01 00:00:00-05:00,11.894000053405762,12.09000015258789,11.8149995803833,11.979999542236328,11000,0.0,0.0
2024-03-04 00:00:00-05:00,12.09000015258789,12.40999984741211,11.984999656677246,12.380000114440918,16700,0.0,0.0
2024-03-05 00:00:00-05:00,12.350000381469727,12.371999740600586,11.609999656677246,12.09000015258789,11200,0.0,0.0
2024-03-06 00:00:00-05:00,11.829000473022461,12.180000305175781,11.545000076293945,12.180000305175781,16900,0.0,0.0
2024-03-07 00:00:00-05:00,12.270000457763672,12.270000457763672,11.65999984741211,11.65999984741211,7100,0.0,0.0
2024-03-08 00:00:00-05:00,11.600000381469727,11.979999542236328,11.470000267028809,11.970000267028809,12700,0.0,0.0
2024-03-11 00:00:00-04:00,11.600000381469727,11.9399995803833,11.529999732971191,11.699999809265137,11900,0.0,0.0
2024-03-12 00:00:00-04:00,11.699999809265137,12.359999656677246,11.520000457763672,12.050000190734863,30400,0.0,0.0
2024-03-13 00:00:00-04:00,12.050000190734863,12.979999542236328,12.050000190734863,12.59000015258789,27300,0.0,0.0
2024-03-14 00:00:00-04:00,12.432000160217285,12.630000114440918,12.324999809265137,12.470000267028809,6300,0.0,0.0
2024-03-15 00:00:00-04:00,12.399999618530273,12.539999961853027,12.0600004196167,12.40999984741211,7200,0.0,0.0
2024-03-18 00:00:00-04:00,12.300000190734863,12.520000457763672,12.09000015258789,12.100000381469727,14100,0.0,0.0
2024-03-19 00:00:00-04:00,12.390000343322754,12.420000076293945,12.109999656677246,12.109999656677246,5900,0.0,0.0
2024-03-20 00:00:00-04:00,12.0,12.220999717712402,11.920000076293945,12.210000038146973,4100,0.0,0.0
2024-03-21 00:00:00-04:00,12.010000228881836,12.180000305175781,11.770000457763672,11.770000457763672,10600,0.0,0.0
2024-03-22 00:00:00-04:00,11.75,11.760000228881836,11.041999816894531,11.59000015258789,42900,0.0,0.0
2024-03-25 00:00:00-04:00,11.5,11.5,10.819999694824219,11.15999984741211,21700,0.0,0.0
2024-03-26 00:00:00-04:00,11.3100004196167,11.3100004196167,11.010000228881836,11.010000228881836,2800,0.0,0.0
2024-03-27 00:00:00-04:00,11.010000228881836,11.100000381469727,10.949999809265137,11.100000381469727,8600,0.0,0.0
2024-03-28 00:00:00-04:00,11.109999656677246,11.199999809265137,10.65999984741211,10.800000190734863,13200,0.0,0.0
2024-04-01 00:00:00-04:00,10.619999885559082,10.739999771118164,10.395000457763672,10.5600004196167,10200,0.0,0.0
2024-04-02 00:00:00-04:00,10.359999656677246,10.713000297546387,10.199999809265137,10.5,11400,0.0,0.0
2024-04-03 00:00:00-04:00,10.319999694824219,11.020000457763672,10.319999694824219,11.020000457763672,13700,0.0,0.0
2024-04-04 00:00:00-04:00,11.100000381469727,11.184000015258789,10.800000190734863,10.850000381469727,6800,0.0,0.0
2024-04-05 00:00:00-04:00,11.15999984741211,11.15999984741211,10.8100004196167,11.15999984741211,9100,0.0,0.0
2024-04-08 00:00:00-04:00,11.039999961853027,11.039999961853027,10.770000457763672,10.880000114440918,7000,0.0,0.0
2024-04-09 00:00:00-04:00,10.970000267028809,10.970000267028809,10.850000381469727,10.90999984741211,3900,0.0,0.0
2024-04-10 00:00:00-04:00,10.949999809265137,10.960000038146973,10.789999961853027,10.920000076293945,10300,0.0,0.0
2024-04-11 00:00:00-04:00,10.9350004196167,11.229999542236328,10.760000228881836,11.0600004196167,7400,0.0,0.0
2024-04-12 00:00:00-04:00,10.960000038146973,10.960000038146973,10.569000244140625,10.895000457763672,15200,0.0,0.0
2024-04-15 00:00:00-04:00,10.779999732971191,10.904000282287598,10.199999809265137,10.4399995803833,26800,0.0,0.0
2024-04-16 00:00:00-04:00,10.289999961853027,10.369999885559082,10.170000076293945,10.329999923706055,12800,0.0,0.0
2024-04-17 00:00:00-04:00,10.479999542236328,10.649999618530273,10.357999801635742,10.585000038146973,12000,0.0,0.0
2024-04-18 00:00:00-04:00,10.34000015258789,10.545000076293945,10.34000015258789,10.40999984741211,7500,0.0,0.0
2024-04-19 00:00:00-04:00,10.354999542236328,10.770000457763672,10.350000381469727,10.640000343322754,9900,0.0,0.0
2024-04-22 00:00:00-04:00,10.600000381469727,10.779999732971191,10.411999702453613,10.710000038146973,6500,0.0,0.0
2024-04-23 00:00:00-04:00,10.770000457763672,10.779999732971191,10.75,10.75,2100,0.0,0.0
2024-04-24 00:00:00-04:00,10.600000381469727,10.710000038146973,10.449999809265137,10.710000038146973,5100,0.0,0.0
2024-04-25 00:00:00-04:00,10.258999824523926,10.425000190734863,10.149999618530273,10.399999618530273,21000,0.0,0.0
2024-04-26 00:00:00-04:00,10.449999809265137,10.744999885559082,10.449999809265137,10.600000381469727,6600,0.0,0.0
2024-04-29 00:00:00-04:00,10.270000457763672,10.630000114440918,10.25,10.475000381469727,15700,0.0,0.0
2024-04-30 00:00:00-04:00,10.489999771118164,10.930000305175781,10.489999771118164,10.819999694824219,6100,0.0,0.0
2024-05-01 00:00:00-04:00,10.899999618530273,10.930000305175781,10.529999732971191,10.720000267028809,6200,0.0,0.0
2024-05-02 00:00:00-04:00,10.800000190734863,11.220000267028809,10.760000228881836,11.220000267028809,3600,0.0,0.0
2024-05-03 00:00:00-04:00,11.329999923706055,11.732000350952148,10.769000053405762,11.300000190734863,12300,0.0,0.0
2024-05-06 00:00:00-04:00,11.600000381469727,11.720000267028809,11.300000190734863,11.539999961853027,4800,0.0,0.0
2024-05-07 00:00:00-04:00,11.529999732971191,11.729999542236328,10.899999618530273,11.25,13200,0.0,0.0
2024-05-08 00:00:00-04:00,11.600000381469727,11.600000381469727,11.260000228881836,11.260000228881836,2900,0.0,0.0
2024-05-09 00:00:00-04:00,11.600000381469727,11.800000190734863,11.0600004196167,11.229999542236328,32300,0.0,0.0
2024-05-10 00:00:00-04:00,10.90999984741211,11.8100004196167,10.850000381469727,11.579999923706055,54800,0.0,0.0
2024-05-13 00:00:00-04:00,11.770000457763672,11.880000114440918,11.279999732971191,11.800000190734863,7900,0.0,0.0
2024-05-14 00:00:00-04:00,11.329999923706055,11.880000114440918,11.300999641418457,11.880000114440918,11300,0.0,0.0
2024-05-15 00:00:00-04:00,11.989999771118164,12.5,11.989999771118164,12.100000381469727,5300,0.0,0.0
2024-05-16 00:00:00-04:00,12.0,12.0,11.609999656677246,11.800000190734863,6600,0.0,0.0
2024-05-17 00:00:00-04:00,11.789999961853027,11.880000114440918,11.5,11.5,1000,0.0,0.0
2024-05-20 00:00:00-04:00,11.347999572753906,11.4399995803833,11.220000267028809,11.4399995803833,1400,0.0,0.0
2024-05-21 00:00:00-04:00,11.041999816894531,11.630000114440918,11.041999816894531,11.17300033569336,1300,0.0,0.0
2024-05-22 00:00:00-04:00,11.454999923706055,11.59000015258789,11.220000267028809,11.220000267028809,4100,0.0,0.0
2024-05-23 00:00:00-04:00,11.489999771118164,11.489999771118164,11.178999900817871,11.239999771118164,2200,0.0,0.0
2024-05-24 00:00:00-04:00,11.25,11.470000267028809,10.800000190734863,11.03499984741211,13500,0.0,0.0
2024-05-28 00:00:00-04:00,10.8100004196167,11.085000038146973,10.710000038146973,10.960000038146973,14700,0.0,0.0
2024-05-29 00:00:00-04:00,10.930000305175781,10.930000305175781,10.600000381469727,10.600000381469727,8700,0.0,0.0
2024-05-30 00:00:00-04:00,10.75,11.305000305175781,10.75,11.039999961853027,3700,0.0,0.0
2024-05-31 00:00:00-04:00,11.020000457763672,11.020000457763672,10.581000328063965,10.6899995803833,4800,0.0,0.0
2024-06-03 00:00:00-04:00,10.630000114440918,11.420000076293945,10.630000114440918,11.0,3600,0.0,0.0
2024-06-04 00:00:00-04:00,10.649999618530273,11.149999618530273,10.619999885559082,10.65999984741211,6900,0.0,0.0
2024-06-05 00:00:00-04:00,10.729999542236328,11.015000343322754,10.65999984741211,10.65999984741211,2800,0.0,0.0
2024-06-06 00:00:00-04:00,10.75,10.805000305175781,10.619999885559082,10.67300033569336,1500,0.0,0.0
2024-06-07 00:00:00-04:00,10.619999885559082,10.78499984741211,10.550000190734863,10.699999809265137,4200,0.0,0.0
2024-06-10 00:00:00-04:00,10.550000190734863,10.829999923706055,10.420000076293945,10.470000267028809,6600,0.0,0.0
2024-06-11 00:00:00-04:00,10.34000015258789,11.100000381469727,10.34000015258789,10.84000015258789,12200,0.0,0.0
2024-06-12 00:00:00-04:00,11.289999961853027,11.289999961853027,10.112000465393066,10.760000228881836,6300,0.0,0.0
2024-06-13 00:00:00-04:00,10.8100004196167,10.8100004196167,10.25,10.5,3200,0.0,0.0
2024-06-14 00:00:00-04:00,10.449999809265137,10.449999809265137,10.4399995803833,10.4399995803833,700,0.0,0.0
2024-06-17 00:00:00-04:00,10.4399995803833,10.840999603271484,9.649999618530273,9.989999771118164,16100,0.0,0.0
2024-06-18 00:00:00-04:00,9.770000457763672,10.449999809265137,9.770000457763672,9.859999656677246,3100,0.0,0.0
2024-06-20 00:00:00-04:00,9.619999885559082,10.0,9.619999885559082,9.90999984741211,16700,0.0,0.0
2024-06-21 00:00:00-04:00,9.737000465393066,10.350000381469727,9.737000465393066,10.329999923706055,3500,0.0,0.0
2024-06-24 00:00:00-04:00,10.289999961853027,10.289999961853027,9.800000190734863,9.949999809265137,2000,0.0,0.0
2024-06-25 00:00:00-04:00,9.949999809265137,9.949999809265137,9.850000381469727,9.850000381469727,1400,0.0,0.0
2024-06-26 00:00:00-04:00,9.822999954223633,9.850000381469727,9.630000114440918,9.699999809265137,4800,0.0,0.0
2024-06-27 00:00:00-04:00,9.760000228881836,10.800000190734863,9.720000267028809,9.90999984741211,44100,0.0,0.0
2024-06-28 00:00:00-04:00,10.0,10.5600004196167,10.0,10.289999961853027,2700,0.0,0.0
2024-07-01 00:00:00-04:00,10.210000038146973,10.505000114440918,10.210000038146973,10.300000190734863,6400,0.0,0.0
2024-07-02 00:00:00-04:00,10.760000228881836,10.760000228881836,10.039999961853027,10.039999961853027,3200,0.0,0.0
2024-07-03 00:00:00-04:00,10.050000190734863,10.295000076293945,10.0,10.220000267028809,3200,0.0,0.0
2024-07-05 00:00:00-04:00,10.039999961853027,10.170000076293945,9.619999885559082,9.890000343322754,5600,0.0,0.0
2024-07-08 00:00:00-04:00,10.15999984741211,10.15999984741211,10.053000450134277,10.15999984741211,2900,0.0,0.0
2024-07-09 00:00:00-04:00,10.149999618530273,10.149999618530273,10.010000228881836,10.010000228881836,900,0.0,0.0
2024-07-10 00:00:00-04:00,10.159000396728516,10.159000396728516,10.010000228881836,10.010000228881836,5500,0.0,0.0
2024-07-11 00:00:00-04:00,9.819999694824219,10.010000228881836,9.699999809265137,9.699999809265137,6000,0.0,0.0
2024-07-12 00:00:00-04:00,12.140000343322754,13.239999771118164,12.0,12.720000267028809,461800,0.0,0.0
2024-07-15 00:00:00-04:00,13.0,13.949999809265137,13.0,13.510000228881836,93100,0.0,0.0
2024-07-16 00:00:00-04:00,13.529999732971191,13.649999618530273,12.600000381469727,13.229999542236328,26000,0.0,0.0
2024-07-17 00:00:00-04:00,13.039999961853027,13.25,12.609999656677246,13.0,38600,0.0,0.0
2024-07-18 00:00:00-04:00,12.930000305175781,12.930000305175781,12.359999656677246,12.619999885559082,9200,0.0,0.0
2024-07-19 00:00:00-04:00,12.3100004196167,12.649999618530273,12.300000190734863,12.649999618530273,4000,0.0,0.0
2024-07-22 00:00:00-04:00,12.65999984741211,12.800000190734863,12.425000190734863,12.800000190734863,2600,0.0,0.0
2024-07-23 00:00:00-04:00,12.449999809265137,12.75,12.399999618530273,12.619999885559082,6700,0.0,0.0
2024-07-24 00:00:00-04:00,12.800000190734863,12.800000190734863,12.774999618530273,12.789999961853027,1800,0.0,0.0
2024-07-25 00:00:00-04:00,12.699999809265137,12.699999809265137,12.670000076293945,12.670000076293945,2500,0.0,0.0
2024-07-26 00:00:00-04:00,12.680000305175781,12.699999809265137,12.5,12.529999732971191,4000,0.0,0.0
2024-07-29 00:00:00-04:00,12.65999984741211,12.668999671936035,12.050000190734863,12.168999671936035,20000,0.0,0.0
2024-07-30 00:00:00-04:00,12.479999542236328,12.550000190734863,12.095000267028809,12.350000381469727,3200,0.0,0.0
2024-07-31 00:00:00-04:00,12.350000381469727,12.350000381469727,12.050000190734863,12.180000305175781,3800,0.0,0.0
2024-08-01 00:00:00-04:00,12.739999771118164,13.199999809265137,11.5,12.449999809265137,112900,0.0,0.0
2024-08-02 00:00:00-04:00,12.960000038146973,12.960000038146973,11.510000228881836,11.84000015258789,43600,0.0,0.0
2024-08-05 00:00:00-04:00,11.359999656677246,11.447999954223633,10.550000190734863,11.319999694824219,22700,0.0,0.0
2024-08-06 00:00:00-04:00,11.59000015258789,12.359999656677246,11.25,11.399999618530273,11800,0.0,0.0
2024-08-07 00:00:00-04:00,11.399999618530273,11.425000190734863,10.789999961853027,10.890000343322754,5000,0.0,0.0
2024-08-08 00:00:00-04:00,10.819999694824219,11.710000038146973,10.550000190734863,11.710000038146973,46200,0.0,0.0
2024-08-09 00:00:00-04:00,11.300000190734863,11.529999732971191,10.65999984741211,10.800000190734863,44500,0.0,0.0
2024-08-12 00:00:00-04:00,11.050000190734863,11.050000190734863,10.5,10.579999923706055,7500,0.0,0.0
2024-08-13 00:00:00-04:00,10.631999969482422,10.859999656677246,9.850000381469727,10.350000381469727,39100,0.0,0.0
2024-08-14 00:00:00-04:00,11.199999809265137,11.199999809265137,10.4399995803833,10.460000038146973,20100,0.0,0.0
2024-08-15 00:00:00-04:00,11.050000190734863,11.050000190734863,10.109999656677246,10.220000267028809,10700,0.0,0.0
2024-08-16 00:00:00-04:00,10.3100004196167,10.539999961853027,9.899999618530273,10.0600004196167,13800,0.0,0.0
2024-08-19 00:00:00-04:00,10.300000190734863,11.0,10.062999725341797,10.989999771118164,50900,0.0,0.0
2024-08-20 00:00:00-04:00,10.819999694824219,11.619999885559082,10.4399995803833,11.619999885559082,27600,0.0,0.0
2024-08-21 00:00:00-04:00,11.65999984741211,12.0,11.350000381469727,12.0,44500,0.0,0.0
2024-08-22 00:00:00-04:00,12.0,12.649999618530273,11.550000190734863,12.5,37100,0.0,0.0
2024-08-23 00:00:00-04:00,12.399999618530273,13.725000381469727,12.399999618530273,13.550000190734863,67900,0.0,0.0
2024-08-26 00:00:00-04:00,13.739999771118164,13.739999771118164,12.970000267028809,13.229999542236328,28500,0.0,0.0
2024-08-27 00:00:00-04:00,13.069999694824219,13.15999984741211,12.75,12.869999885559082,23300,0.0,0.0
2024-08-28 00:00:00-04:00,12.899999618530273,12.96500015258789,12.579999923706055,12.649999618530273,12900,0.0,0.0
2024-08-29 00:00:00-04:00,12.649999618530273,12.710000038146973,12.097000122070312,12.545000076293945,21700,0.0,0.0
2024-08-30 00:00:00-04:00,12.875,13.949999809265137,12.569999694824219,13.949999809265137,39200,0.0,0.0
2024-09-03 00:00:00-04:00,13.789999961853027,13.9399995803833,13.239999771118164,13.930000305175781,17500,0.0,0.0
2024-09-04 00:00:00-04:00,13.800000190734863,14.739999771118164,13.350000381469727,14.739999771118164,47100,0.0,0.0
2024-09-05 00:00:00-04:00,14.75,14.75,13.75,14.149999618530273,60500,0.0,0.0
2024-09-06 00:00:00-04:00,14.069999694824219,14.345000267028809,13.829999923706055,14.25,25000,0.0,0.0
2024-09-09 00:00:00-04:00,16.399999618530273,23.719999313354492,16.010000228881836,21.989999771118164,1144900,0.0,0.0
2024-09-10 00:00:00-04:00,21.809999465942383,24.700000762939453,21.399999618530273,24.579999923706055,460400,0.0,0.0
2024-09-11 00:00:00-04:00,24.299999237060547,32.400001525878906,23.770000457763672,29.649999618530273,574900,0.0,0.0
2024-09-12 00:00:00-04:00,29.700000762939453,59.02000045776367,29.5,46.459999084472656,1892100,0.0,0.0
2024-09-13 00:00:00-04:00,50.0,92.0,48.27000045776367,84.5199966430664,3923300,0.0,0.0
2024-09-16 00:00:00-04:00,73.0,76.12799835205078,58.880001068115234,64.30999755859375,1842900,0.0,0.0
2024-09-17 00:00:00-04:00,58.02000045776367,66.42500305175781,51.470001220703125,64.79000091552734,947900,0.0,0.0
2024-09-18 00:00:00-04:00,64.75,73.69000244140625,60.0099983215332,66.0999984741211,540100,0.0,0.0
2024-09-19 00:00:00-04:00,66.58000183105469,70.94000244140625,58.529998779296875,58.75,286900,0.0,0.0
2024-09-20 00:00:00-04:00,59.099998474121094,66.44999694824219,57.994998931884766,66.25,275800,0.0,0.0
2024-09-23 00:00:00-04:00,65.86000061035156,70.05000305175781,63.459999084472656,67.5,240300,0.0,0.0
2024-09-24 00:00:00-04:00,65.98999786376953,72.87000274658203,65.98999786376953,68.27999877929688,166700,0.0,0.0
2024-09-25 00:00:00-04:00,68.27999877929688,70.41000366210938,67.36000061035156,69.08999633789062,148200,0.0,0.0
2024-09-26 00:00:00-04:00,68.94999694824219,71.97000122070312,67.05999755859375,68.36000061035156,155600,0.0,0.0
2024-09-27 00:00:00-04:00,68.36000061035156,70.16000366210938,63.0,65.62000274658203,115300,0.0,0.0
2024-09-30 00:00:00-04:00,67.58999633789062,69.9800033569336,66.0,67.31999969482422,95400,0.0,0.0
2024-10-01 00:00:00-04:00,67.86000061035156,69.0,61.2400016784668,61.25,117800,0.0,0.0
2024-10-02 00:00:00-04:00,60.970001220703125,62.40999984741211,58.0,58.0,158700,0.0,0.0
2024-10-03 00:00:00-04:00,56.209999084472656,58.0,52.29999923706055,52.29999923706055,181500,0.0,0.0
2024-10-04 00:00:00-04:00,52.27000045776367,55.189998626708984,48.124000549316406,48.47999954223633,156400,0.0,0.0
2024-10-07 00:00:00-04:00,47.779998779296875,48.597999572753906,39.349998474121094,39.95000076293945,341400,0.0,0.0
2024-10-08 00:00:00-04:00,39.470001220703125,41.0099983215332,32.85499954223633,35.599998474121094,365300,0.0,0.0
2024-10-09 00:00:00-04:00,34.93000030517578,40.790000915527344,34.93000030517578,38.65999984741211,228200,0.0,0.0
2024-10-10 00:00:00-04:00,38.2400016784668,39.59000015258789,36.11000061035156,37.4900016784668,131300,0.0,0.0
2024-10-11 00:00:00-04:00,37.40999984741211,42.06999969482422,35.68000030517578,42.06999969482422,189200,0.0,0.0
2024-10-14 00:00:00-04:00,42.040000915527344,45.06999969482422,40.75,43.58000183105469,227700,0.0,0.0
2024-10-15 00:00:00-04:00,43.79999923706055,44.84000015258789,40.2599983215332,40.279998779296875,134500,0.0,0.0
2024-10-16 00:00:00-04:00,40.52000045776367,41.41999816894531,38.18000030517578,41.0,122500,0.0,0.0
2024-10-17 00:00:00-04:00,40.79999923706055,41.400001525878906,39.18000030517578,39.459999084472656,123100,0.0,0.0
2024-10-18 00:00:00-04:00,39.220001220703125,39.75,36.11000061035156,37.45000076293945,115800,0.0,0.0
2024-10-21 00:00:00-04:00,37.33000183105469,37.599998474121094,34.29999923706055,34.900001525878906,85800,0.0,0.0
2024-10-22 00:00:00-04:00,34.20000076293945,35.08000183105469,32.79999923706055,33.58000183105469,84300,0.0,0.0
2024-10-23 00:00:00-04:00,33.58000183105469,34.2400016784668,31.68000030517578,31.809999465942383,59900,0.0,0.0
2024-10-24 00:00:00-04:00,32.0,33.82699966430664,30.395000457763672,30.8799991607666,50600,0.0,0.0
2024-10-25 00:00:00-04:00,30.0,32.59000015258789,29.950000762939453,31.059999465942383,112200,0.0,0.0
2024-10-28 00:00:00-04:00,31.459999084472656,35.79999923706055,31.459999084472656,35.290000915527344,172700,0.0,0.0
2024-10-29 00:00:00-04:00,38.0,44.5,33.05500030517578,34.40999984741211,474300,0.0,0.0
2024-10-30 00:00:00-04:00,33.75,34.84000015258789,33.75,34.279998779296875,109300,0.0,0.0
2024-10-31 00:00:00-04:00,33.84000015258789,34.375,31.610000610351562,31.770000457763672,98400,0.0,0.0
2024-11-01 00:00:00-04:00,31.75,32.757999420166016,28.719999313354492,28.780000686645508,106500,0.0,0.0
2024-11-04 00:00:00-05:00,28.809999465942383,29.36199951171875,27.270000457763672,27.6299991607666,141000,0.0,0.0
2024-11-05 00:00:00-05:00,27.049999237060547,28.190000534057617,26.424999237060547,26.459999084472656,91900,0.0,0.0
2024-11-06 00:00:00-05:00,26.350000381469727,26.530000686645508,24.309999465942383,24.799999237060547,106300,0.0,0.0
2024-11-07 00:00:00-05:00,24.5,29.975000381469727,24.5,28.440000534057617,230100,0.0,0.0
2024-11-08 00:00:00-05:00,29.049999237060547,32.518001556396484,28.350000381469727,30.84000015258789,200300,0.0,0.0
2024-11-11 00:00:00-05:00,31.09000015258789,34.987998962402344,30.85099983215332,33.630001068115234,172400,0.0,0.0
2024-11-12 00:00:00-05:00,33.70000076293945,36.08000183105469,33.09000015258789,33.380001068115234,166800,0.0,0.0
2024-11-13 00:00:00-05:00,37.2400016784668,37.2400016784668,30.676000595092773,31.540000915527344,287400,0.0,0.0
2024-11-14 00:00:00-05:00,33.0,33.900001525878906,29.3799991607666,29.440000534057617,191200,0.0,0.0
2024-11-15 00:00:00-05:00,28.06999969482422,29.350000381469727,26.34000015258789,26.5,152000,0.0,0.0
2024-11-18 00:00:00-05:00,26.5,26.670000076293945,24.5,24.8700008392334,67500,0.0,0.0
2024-11-19 00:00:00-05:00,24.93000030517578,26.700000762939453,24.510000228881836,26.200000762939453,77700,0.0,0.0
2024-11-20 00:00:00-05:00,25.90999984741211,26.709999084472656,23.06999969482422,23.360000610351562,93300,0.0,0.0
2024-11-21 00:00:00-05:00,24.0,24.989999771118164,22.525999069213867,24.760000228881836,132000,0.0,0.0
2024-11-22 00:00:00-05:00,24.690000534057617,26.770000457763672,24.09000015258789,26.149999618530273,91200,0.0,0.0
2024-11-25 00:00:00-05:00,26.559999465942383,28.75,25.559999465942383,26.170000076293945,117000,0.0,0.0
2024-11-26 00:00:00-05:00,26.170000076293945,27.350000381469727,25.059999465942383,25.43000030517578,74500,0.0,0.0
2024-11-27 00:00:00-05:00,25.530000686645508,30.450000762939453,25.530000686645508,29.700000762939453,150900,0.0,0.0
2024-11-29 00:00:00-05:00,30.280000686645508,30.3700008392334,26.15999984741211,26.90999984741211,91600,0.0,0.0
2024-12-02 00:00:00-05:00,27.079999923706055,30.549999237060547,26.986000061035156,27.579999923706055,138900,0.0,0.0
2024-12-03 00:00:00-05:00,27.350000381469727,28.790000915527344,25.799999237060547,26.790000915527344,138700,0.0,0.0
2024-12-04 00:00:00-05:00,26.950000762939453,29.399999618530273,26.40999984741211,28.399999618530273,174000,0.0,0.0
2024-12-05 00:00:00-05:00,27.899999618530273,29.11199951171875,25.510000228881836,26.190000534057617,142900,0.0,0.0
2024-12-06 00:00:00-05:00,26.0,30.638999938964844,26.0,27.770000457763672,105200,0.0,0.0
2024-12-09 00:00:00-05:00,27.8799991607666,29.163000106811523,26.790000915527344,27.049999237060547,62900,0.0,0.0
2024-12-10 00:00:00-05:00,27.010000228881836,27.09000015258789,24.25,24.989999771118164,76600,0.0,0.0
2024-12-11 00:00:00-05:00,25.06999969482422,25.389999389648438,23.200000762939453,23.209999084472656,151000,0.0,0.0
2024-12-12 00:00:00-05:00,23.200000762939453,23.94499969482422,20.65999984741211,21.43000030517578,138700,0.0,0.0
2024-12-13 00:00:00-05:00,21.059999465942383,22.31999969482422,20.56999969482422,21.969999313354492,73300,0.0,0.0
2024-12-16 00:00:00-05:00,22.010000228881836,22.670000076293945,21.344999313354492,22.5,69200,0.0,0.0
2024-12-17 00:00:00-05:00,22.350000381469727,22.690000534057617,21.450000762939453,21.690000534057617,74600,0.0,0.0
2024-12-18 00:00:00-05:00,21.8799991607666,22.3700008392334,19.600000381469727,19.600000381469727,117100,0.0,0.0
2024-12-19 00:00:00-05:00,20.18000030517578,20.91900062561035,19.013999938964844,20.079999923706055,85300,0.0,0.0
2024-12-20 00:00:00-05:00,19.969999313354492,21.899999618530273,19.1200008392334,20.610000610351562,127900,0.0,0.0
2024-12-23 00:00:00-05:00,20.59000015258789,21.719999313354492,20.459999084472656,21.719999313354492,88200,0.0,0.0
2024-12-24 00:00:00-05:00,21.559999465942383,21.899999618530273,20.702999114990234,21.889999389648438,56300,0.0,0.0
2024-12-26 00:00:00-05:00,21.450000762939453,21.905000686645508,21.200000762939453,21.399999618530273,27700,0.0,0.0
2024-12-27 00:00:00-05:00,21.190000534057617,21.5,19.8799991607666,20.049999237060547,59800,0.0,0.0
2024-12-30 00:00:00-05:00,19.799999237060547,20.59000015258789,18.350000381469727,18.989999771118164,111900,0.0,0.0
2024-12-31 00:00:00-05:00,18.65999984741211,19.65999984741211,18.399999618530273,19.09000015258789,89300,0.0,0.0
2025-01-02 00:00:00-05:00,19.3799991607666,21.6200008392334,19.3799991607666,21.6200008392334,92600,0.0,0.0
2025-01-03 00:00:00-05:00,21.75,22.350000381469727,20.610000610351562,20.610000610351562,80800,0.0,0.0
2025-01-06 00:00:00-05:00,20.75,21.329999923706055,20.040000915527344,20.350000381469727,69800,0.0,0.0
2025-01-07 00:00:00-05:00,22.389999389648438,27.691999435424805,21.600000381469727,23.3700008392334,476000,0.0,0.0
2025-01-08 00:00:00-05:00,23.079999923706055,23.461000442504883,20.549999237060547,22.0,175800,0.0,0.0
2025-01-10 00:00:00-05:00,21.299999237060547,21.299999237060547,19.280000686645508,19.850000381469727,96900,0.0,0.0
2025-01-13 00:00:00-05:00,19.15999984741211,19.799999237060547,18.559999465942383,19.020000457763672,64600,0.0,0.0
2025-01-14 00:00:00-05:00,19.639999389648438,21.190000534057617,19.360000610351562,20.030000686645508,93500,0.0,0.0
2025-01-15 00:00:00-05:00,20.899999618530273,21.5,20.200000762939453,21.190000534057617,49400,0.0,0.0
2025-01-16 00:00:00-05:00,21.290000915527344,22.0,20.735000610351562,21.420000076293945,71700,0.0,0.0
2025-01-17 00:00:00-05:00,21.309999465942383,21.350000381469727,20.6299991607666,20.969999313354492,36600,0.0,0.0
2025-01-21 00:00:00-05:00,21.200000762939453,22.06999969482422,19.510000228881836,19.610000610351562,60700,0.0,0.0
2025-01-22 00:00:00-05:00,19.649999618530273,20.15999984741211,19.399999618530273,19.719999313354492,60500,0.0,0.0
2025-01-23 00:00:00-05:00,19.440000534057617,25.489999771118164,19.030000686645508,24.1299991607666,232900,0.0,0.0
2025-01-24 00:00:00-05:00,24.139999389648438,24.200000762939453,22.010000228881836,23.434999465942383,76800,0.0,0.0
2025-01-27 00:00:00-05:00,22.809999465942383,24.309999465942383,22.510000228881836,24.290000915527344,62500,0.0,0.0
2025-01-28 00:00:00-05:00,24.0,26.799999237060547,23.56999969482422,25.610000610351562,117800,0.0,0.0
2025-01-29 00:00:00-05:00,25.469999313354492,26.700000762939453,24.809999465942383,26.309999465942383,94400,0.0,0.0
2025-01-30 00:00:00-05:00,26.649999618530273,26.649999618530273,23.799999237060547,24.010000228881836,79600,0.0,0.0
2025-01-31 00:00:00-05:00,23.850000381469727,23.989999771118164,22.040000915527344,22.260000228881836,58600,0.0,0.0
2025-02-03 00:00:00-05:00,21.5,22.399999618530273,20.3799991607666,20.59000015258789,48500,0.0,0.0
2025-02-04 00:00:00-05:00,20.579999923706055,22.56999969482422,20.579999923706055,22.56999969482422,33700,0.0,0.0
2025-02-05 00:00:00-05:00,22.600000381469727,23.329999923706055,22.09000015258789,22.260000228881836,29500,0.0,0.0
2025-02-06 00:00:00-05:00,22.459999084472656,23.889999389648438,22.18000030517578,23.440000534057617,98400,0.0,0.0
2025-02-07 00:00:00-05:00,23.530000686645508,23.6299991607666,20.75,20.829999923706055,50600,0.0,0.0
2025-02-10 00:00:00-05:00,21.079999923706055,21.452999114990234,20.020000457763672,20.020000457763672,60000,0.0,0.0
2025-02-11 00:00:00-05:00,20.0,20.700000762939453,19.239999771118164,19.299999237060547,74600,0.0,0.0
2025-02-12 00:00:00-05:00,19.0,19.579999923706055,19.0,19.170000076293945,44400,0.0,0.0
2025-02-13 00:00:00-05:00,19.43000030517578,23.889999389648438,19.43000030517578,23.850000381469727,183100,0.0,0.0
2025-02-14 00:00:00-05:00,23.799999237060547,23.799999237060547,21.507999420166016,23.010000228881836,101000,0.0,0.0
2025-02-18 00:00:00-05:00,23.0,25.0,22.538999557495117,25.0,92200,0.0,0.0
2025-02-19 00:00:00-05:00,24.549999237060547,25.799999237060547,23.079999923706055,25.719999313354492,172600,0.0,0.0
2025-02-20 00:00:00-05:00,25.649999618530273,25.649999618530273,23.0,24.010000228881836,79600,0.0,0.0
2025-02-21 00:00:00-05:00,24.25,24.861000061035156,22.1200008392334,22.1200008392334,118900,0.0,0.0
2025-02-24 00:00:00-05:00,22.1200008392334,22.280000686645508,20.1299991607666,20.219999313354492,67400,0.0,0.0
2025-02-25 00:00:00-05:00,20.209999084472656,21.009000778198242,19.591999053955078,20.149999618530273,82700,0.0,0.0
2025-02-26 00:00:00-05:00,21.0,21.010000228881836,19.56999969482422,20.0,40500,0.0,0.0
2025-02-27 00:00:00-05:00,20.200000762939453,20.489999771118164,19.309999465942383,19.31999969482422,43800,0.0,0.0
2025-02-28 00:00:00-05:00,19.059999465942383,20.299999237060547,19.059999465942383,20.100000381469727,78200,0.0,0.0
2025-03-03 00:00:00-05:00,22.0,22.6299991607666,17.68000030517578,18.280000686645508,230200,0.0,0.0
2025-03-04 00:00:00-05:00,18.510000228881836,18.875999450683594,16.079999923706055,17.5,159700,0.0,0.0
2025-03-05 00:00:00-05:00,17.65999984741211,18.389999389648438,17.020000457763672,18.049999237060547,49400,0.0,0.0
2025-03-06 00:00:00-05:00,17.610000610351562,19.3799991607666,17.3700008392334,19.190000534057617,57100,0.0,0.0
2025-03-07 00:00:00-05:00,19.1299991607666,20.264999389648438,18.010000228881836,18.309999465942383,78300,0.0,0.0
2025-03-10 00:00:00-04:00,18.0,18.600000381469727,16.5,16.5,76500,0.0,0.0
2025-03-11 00:00:00-04:00,16.510000228881836,17.469999313354492,15.65999984741211,17.350000381469727,80800,0.0,0.0
2025-03-12 00:00:00-04:00,17.639999389648438,18.53499984741211,17.309999465942383,18.09000015258789,56300,0.0,0.0
2025-03-13 00:00:00-04:00,17.90999984741211,19.059999465942383,17.90999984741211,19.059999465942383,70100,0.0,0.0
2025-03-14 00:00:00-04:00,19.420000076293945,19.8799991607666,18.584999084472656,19.8799991607666,78400,0.0,0.0
2025-03-17 00:00:00-04:00,19.09000015258789,22.0,19.09000015258789,21.6299991607666,137800,0.0,0.0
2025-03-18 00:00:00-04:00,21.309999465942383,22.09000015258789,20.739999771118164,20.989999771118164,86700,0.0,0.0
2025-03-19 00:00:00-04:00,21.18000030517578,22.093000411987305,19.360000610351562,19.8700008392334,67400,0.0,0.0
2025-03-20 00:00:00-04:00,19.649999618530273,20.34000015258789,19.309999465942383,19.709999084472656,51600,0.0,0.0
2025-03-21 00:00:00-04:00,19.25,20.520000457763672,17.850000381469727,17.889999389648438,147400,0.0,0.0
2025-03-24 00:00:00-04:00,17.950000762939453,20.270000457763672,17.950000762939453,19.510000228881836,59400,0.0,0.0
2025-03-25 00:00:00-04:00,19.6200008392334,19.6200008392334,18.104999542236328,18.360000610351562,70300,0.0,0.0
2025-03-26 00:00:00-04:00,18.520000457763672,18.961000442504883,17.899999618530273,17.989999771118164,52600,0.0,0.0
2025-03-27 00:00:00-04:00,17.8700008392334,19.610000610351562,17.8700008392334,19.360000610351562,54500,0.0,0.0
2025-03-28 00:00:00-04:00,19.40999984741211,19.530000686645508,17.899999618530273,18.079999923706055,48000,0.0,0.0
2025-03-31 00:00:00-04:00,17.489999771118164,18.170000076293945,17.0,17.360000610351562,62200,0.0,0.0
2025-04-01 00:00:00-04:00,17.360000610351562,17.739999771118164,16.510000228881836,17.020000457763672,82000,0.0,0.0
2025-04-02 00:00:00-04:00,16.959999084472656,18.920000076293945,16.959999084472656,18.31999969482422,106800,0.0,0.0
2025-04-03 00:00:00-04:00,17.200000762939453,17.8799991607666,16.329999923706055,16.6299991607666,73700,0.0,0.0
2025-04-04 00:00:00-04:00,15.020000457763672,16.31999969482422,14.34000015258789,14.609999656677246,140300,0.0,0.0
2025-04-07 00:00:00-04:00,13.890000343322754,14.470000267028809,12.949999809265137,13.880000114440918,93000,0.0,0.0
2025-04-08 00:00:00-04:00,14.329999923706055,15.140000343322754,13.529999732971191,13.59000015258789,60100,0.0,0.0
2025-04-09 00:00:00-04:00,13.335000038146973,15.539999961853027,12.46500015258789,15.119999885559082,102900,0.0,0.0
2025-04-10 00:00:00-04:00,15.0,15.543000221252441,13.619999885559082,14.180000305175781,52600,0.0,0.0
2025-04-11 00:00:00-04:00,14.09000015258789,15.029999732971191,13.609999656677246,15.029999732971191,48000,0.0,0.0
2025-04-14 00:00:00-04:00,15.890000343322754,17.725000381469727,15.154999732971191,16.799999237060547,158300,0.0,0.0
2025-04-15 00:00:00-04:00,17.200000762939453,18.709999084472656,15.6850004196167,16.479999542236328,64200,0.0,0.0
2025-04-16 00:00:00-04:00,16.079999923706055,16.295000076293945,14.960000038146973,15.300000190734863,51700,0.0,0.0
2025-04-17 00:00:00-04:00,15.279999732971191,15.979999542236328,15.170000076293945,15.454999923706055,36100,0.0,0.0
2025-04-21 00:00:00-04:00,15.119999885559082,16.21500015258789,15.119999885559082,16.0,40200,0.0,0.0
2025-04-22 00:00:00-04:00,16.40999984741211,17.145000457763672,16.209999084472656,16.489999771118164,59400,0.0,0.0
2025-04-23 00:00:00-04:00,20.25,24.399999618530273,20.18000030517578,20.520000457763672,499900,0.0,0.0
2025-04-24 00:00:00-04:00,20.469999313354492,20.989999771118164,18.444000244140625,19.610000610351562,157200,0.0,0.0
2025-04-25 00:00:00-04:00,19.469999313354492,19.59000015258789,12.5600004196167,12.779999732971191,716300,0.0,0.0
2025-04-28 00:00:00-04:00,13.270000457763672,13.46500015258789,12.010000228881836,12.4399995803833,560100,0.0,0.0
2025-04-29 00:00:00-04:00,12.199999809265137,12.440999984741211,11.539999961853027,11.720000267028809,165700,0.0,0.0
2025-04-30 00:00:00-04:00,11.369999885559082,13.520000457763672,10.800000190734863,12.850000381469727,298700,0.0,0.0
2025-05-01 00:00:00-04:00,12.84000015258789,12.90999984741211,12.039999961853027,12.609999656677246,63200,0.0,0.0
2025-05-02 00:00:00-04:00,12.899999618530273,14.630000114440918,12.899999618530273,14.479999542236328,196000,0.0,0.0
2025-05-05 00:00:00-04:00,14.289999961853027,14.668000221252441,13.5,14.050000190734863,80800,0.0,0.0
2025-05-06 00:00:00-04:00,13.899999618530273,13.899999618530273,11.970000267028809,12.699999809265137,86600,0.0,0.0
2025-05-07 00:00:00-04:00,12.859999656677246,12.979999542236328,12.199999809265137,12.359999656677246,59300,0.0,0.0
2025-05-08 00:00:00-04:00,12.6899995803833,13.545000076293945,12.350000381469727,13.029999732971191,92600,0.0,0.0
2025-05-09 00:00:00-04:00,13.289999961853027,13.880000114440918,12.680000305175781,13.229999542236328,172900,0.0,0.0
2025-05-12 00:00:00-04:00,13.489999771118164,14.010000228881836,12.994999885559082,13.680000305175781,73100,0.0,0.0
2025-05-13 00:00:00-04:00,13.710000038146973,14.0,12.600000381469727,12.739999771118164,86200,0.0,0.0
2025-05-14 00:00:00-04:00,12.84000015258789,13.880000114440918,12.800000190734863,13.289999961853027,94100,0.0,0.0
2025-05-15 00:00:00-04:00,13.359999656677246,14.920000076293945,13.217000007629395,14.8100004196167,65300,0.0,0.0
2025-05-16 00:00:00-04:00,14.779999732971191,15.071999549865723,14.354999542236328,14.630000114440918,49100,0.0,0.0
2025-05-19 00:00:00-04:00,14.430000305175781,17.719999313354492,14.399999618530273,16.899999618530273,271000,0.0,0.0
2025-05-20 00:00:00-04:00,20.31999969482422,20.31999969482422,15.75,16.440000534057617,598700,0.0,0.0
2025-05-21 00:00:00-04:00,16.0,17.90999984741211,16.0,16.219999313354492,151400,0.0,0.0
2025-05-22 00:00:00-04:00,18.399999618530273,26.399999618530273,18.399999618530273,24.610000610351562,1349100,0.0,0.0
2025-05-23 00:00:00-04:00,23.899999618530273,25.0,20.239999771118164,21.020000457763672,431600,0.0,0.0
2025-05-27 00:00:00-04:00,22.459999084472656,26.75,22.459999084472656,24.204999923706055,375200,0.0,0.0
2025-05-28 00:00:00-04:00,24.270000457763672,31.459999084472656,22.649999618530273,26.75,640000,0.0,0.0
2025-05-29 00:00:00-04:00,29.8700008392334,35.27899932861328,29.260000228881836,30.350000381469727,646500,0.0,0.0
2025-05-30 00:00:00-04:00,28.489999771118164,29.614999771118164,23.469999313354492,26.950000762939453,811900,0.0,0.0
2025-06-02 00:00:00-04:00,35.13999938964844,38.25,29.299999237060547,29.649999618530273,1223700,0.0,0.0
2025-06-03 00:00:00-04:00,30.020000457763672,31.559999465942383,27.54800033569336,29.899999618530273,477200,0.0,0.0
2025-06-04 00:00:00-04:00,28.940000534057617,34.88999938964844,28.520000457763672,34.400001525878906,387600,0.0,0.0
2025-06-05 00:00:00-04:00,33.95000076293945,35.29999923706055,28.884000778198242,30.329999923706055,403500,0.0,0.0
2025-06-06 00:00:00-04:00,31.260000228881836,34.900001525878906,30.5,32.88999938964844,336800,0.0,0.0
2025-06-09 00:00:00-04:00,33.310001373291016,37.01499938964844,32.0099983215332,35.06999969482422,408500,0.0,0.0
2025-06-10 00:00:00-04:00,36.06999969482422,42.790000915527344,35.5,37.564998626708984,585600,0.0,0.0
2025-06-11 00:00:00-04:00,37.5,41.5,34.7599983215332,36.560001373291016,499100,0.0,0.0
2025-06-12 00:00:00-04:00,36.0,38.5,35.71500015258789,37.505001068115234,228900,0.0,0.0
2025-06-13 00:00:00-04:00,36.369998931884766,36.84700012207031,34.040000915527344,34.22999954223633,221100,0.0,0.0
2025-06-16 00:00:00-04:00,34.58000183105469,35.0,30.5,32.970001220703125,359600,0.0,0.0
2025-06-17 00:00:00-04:00,31.6299991607666,33.31999969482422,27.5,27.850000381469727,325900,0.0,0.0
2025-06-18 00:00:00-04:00,27.760000228881836,31.02899932861328,27.010000228881836,28.579999923706055,213200,0.0,0.0
2025-06-20 00:00:00-04:00,28.6299991607666,29.040000915527344,25.799999237060547,27.700000762939453,277100,0.0,0.0
2025-06-23 00:00:00-04:00,27.510000228881836,30.68899917602539,26.82900047302246,29.84000015258789,271500,0.0,0.0
2025-06-24 00:00:00-04:00,30.420000076293945,31.670000076293945,28.020000457763672,28.530000686645508,211400,0.0,0.0
2025-06-25 00:00:00-04:00,28.6200008392334,29.799999237060547,26.65999984741211,26.90999984741211,298600,0.0,0.0
2025-06-26 00:00:00-04:00,26.989999771118164,26.989999771118164,21.75,22.170000076293945,568000,0.0,0.0
2025-06-27 00:00:00-04:00,22.219999313354492,23.136999130249023,21.290000915527344,22.969999313354492,294100,0.0,0.0
2025-06-30 00:00:00-04:00,23.040000915527344,23.302000045776367,20.829999923706055,20.829999923706055,262300,0.0,0.0
2025-07-01 00:00:00-04:00,20.84000015258789,23.591999053955078,20.600000381469727,21.93000030517578,306300,0.0,0.0
2025-07-02 00:00:00-04:00,23.549999237060547,25.950000762939453,22.899999618530273,23.809999465942383,319700,0.0,0.0
2025-07-03 00:00:00-04:00,24.25,30.899999618530273,23.149999618530273,27.5,596600,0.0,0.0
2025-07-07 00:00:00-04:00,27.399999618530273,27.440000534057617,21.799999237060547,23.639999389648438,676400,0.0,0.0
2025-07-08 00:00:00-04:00,23.489999771118164,24.239999771118164,22.520000457763672,23.43000030517578,221000,0.0,0.0
2025-07-09 00:00:00-04:00,23.299999237060547,26.899999618530273,23.299999237060547,25.6299991607666,309100,0.0,0.0
2025-07-10 00:00:00-04:00,25.360000610351562,26.90999984741211,25.0,26.760000228881836,179300,0.0,0.0
2025-07-11 00:00:00-04:00,25.600000381469727,26.209999084472656,23.829999923706055,24.489999771118164,156700,0.0,0.0
2025-07-14 00:00:00-04:00,24.139999389648438,24.93000030517578,23.3799991607666,24.489999771118164,183400,0.0,0.0
2025-07-15 00:00:00-04:00,24.889999389648438,25.790000915527344,23.549999237060547,23.8700008392334,206400,0.0,0.0
2025-07-16 00:00:00-04:00,23.709999084472656,25.690000534057617,22.732999801635742,25.68000030517578,305300,0.0,0.0
2025-07-17 00:00:00-04:00,25.450000762939453,28.459999084472656,25.225000381469727,27.700000762939453,285700,0.0,0.0
2025-07-18 00:00:00-04:00,27.690000534057617,28.5,26.06999969482422,26.100000381469727,159300,0.0,0.0
2025-07-21 00:00:00-04:00,26.510000228881836,28.799999237060547,25.579999923706055,27.6200008392334,183100,0.0,0.0
2025-07-22 00:00:00-04:00,28.1200008392334,29.059999465942383,26.309999465942383,28.440000534057617,152800,0.0,0.0
2025-07-23 00:00:00-04:00,28.700000762939453,30.489999771118164,28.0,29.670000076293945,127100,0.0,0.0
2025-07-24 00:00:00-04:00,29.700000762939453,32.7599983215332,29.511999130249023,32.2400016784668,219600,0.0,0.0
2025-07-25 00:00:00-04:00,32.15999984741211,32.23899841308594,30.309999465942383,31.690000534057617,124300,0.0,0.0
2025-07-28 00:00:00-04:00,31.989999771118164,32.400001525878906,29.0,29.690000534057617,141800,0.0,0.0
2025-07-29 00:00:00-04:00,29.770000457763672,29.770000457763672,26.979999542236328,28.270000457763672,162600,0.0,0.0
2025-07-30 00:00:00-04:00,28.25,29.399999618530273,26.739999771118164,27.010000228881836,130600,0.0,0.0
2025-07-31 00:00:00-04:00,27.450000762939453,28.850000381469727,23.8799991607666,24.0,381400,0.0,0.0
2025-08-01 00:00:00-04:00,23.6299991607666,24.44099998474121,22.219999313354492,22.229999542236328,336200,0.0,0.0
2025-08-04 00:00:00-04:00,22.350000381469727,24.979999542236328,22.110000610351562,24.739999771118164,164900,0.0,0.0
2025-08-05 00:00:00-04:00,24.770000457763672,27.1200008392334,24.260000228881836,26.989999771118164,167600,0.0,0.0
2025-08-06 00:00:00-04:00,26.329999923706055,26.329999923706055,25.18000030517578,26.309999465942383,82200,0.0,0.0
2025-08-07 00:00:00-04:00,26.729999542236328,27.209999084472656,25.0,25.940000534057617,131500,0.0,0.0
2025-08-08 00:00:00-04:00,25.989999771118164,28.200000762939453,25.899999618530273,27.985000610351562,120500,0.0,0.0
2025-08-11 00:00:00-04:00,27.540000915527344,29.427000045776367,26.420000076293945,28.350000381469727,135700,0.0,0.0
2025-08-12 00:00:00-04:00,28.34000015258789,29.665000915527344,26.780000686645508,26.829999923706055,118800,0.0,0.0
2025-08-13 00:00:00-04:00,26.649999618530273,27.55500030517578,25.790000915527344,26.969999313354492,90100,0.0,0.0
2025-08-14 00:00:00-04:00,25.899999618530273,28.549999237060547,25.899999618530273,28.2450008392334,94500,0.0,0.0
2025-08-15 00:00:00-04:00,28.649999618530273,30.190000534057617,27.790000915527344,27.84000015258789,113100,0.0,0.0
2025-08-18 00:00:00-04:00,27.889999389648438,29.485000610351562,27.1299991607666,28.854999542236328,96300,0.0,0.0
2025-08-19 00:00:00-04:00,28.559999465942383,28.639999389648438,25.09000015258789,25.5,163200,0.0,0.0
2025-08-20 00:00:00-04:00,25.510000228881836,25.920000076293945,23.81999969482422,25.329999923706055,137700,0.0,0.0
2025-08-21 00:00:00-04:00,25.260000228881836,26.850000381469727,24.84000015258789,26.510000228881836,65900,0.0,0.0
2025-08-22 00:00:00-04:00,26.850000381469727,27.836000442504883,26.360000610351562,26.989999771118164,65100,0.0,0.0
2025-08-25 00:00:00-04:00,26.90999984741211,26.90999984741211,25.5,25.709999084472656,45700,0.0,0.0
2025-08-26 00:00:00-04:00,26.40999984741211,28.729999542236328,25.709999084472656,28.40999984741211,96400,0.0,0.0
2025-08-27 00:00:00-04:00,28.020000457763672,28.790000915527344,27.166000366210938,28.0,109200,0.0,0.0
2025-08-28 00:00:00-04:00,28.0,28.85300064086914,27.1200008392334,27.625,149700,0.0,0.0
2025-08-29 00:00:00-04:00,28.059999465942383,28.059999465942383,26.75,27.0,46900,0.0,0.0
2025-09-02 00:00:00-04:00,26.690000534057617,29.530000686645508,26.690000534057617,29.219999313354492,107400,0.0,0.0
2025-09-03 00:00:00-04:00,29.18000030517578,30.020000457763672,28.760000228881836,29.0,122100,0.0,0.0
2025-09-04 00:00:00-04:00,29.190000534057617,31.479999542236328,28.795000076293945,30.31999969482422,116200,0.0,0.0
2025-09-05 00:00:00-04:00,32.08000183105469,33.83300018310547,30.809999465942383,31.5,185700,0.0,0.0
2025-09-08 00:00:00-04:00,30.399999618530273,30.5,25.75,25.770000457763672,215400,0.0,0.0
2025-09-09 00:00:00-04:00,27.809999465942383,28.43000030517578,25.200000762939453,25.479999542236328,319700,0.0,0.0
2025-09-10 00:00:00-04:00,26.0,26.479999542236328,22.670000076293945,22.979999542236328,318500,0.0,0.0
2025-09-11 00:00:00-04:00,23.940000534057617,24.492000579833984,23.0,23.799999237060547,158100,0.0,0.0
2025-09-12 00:00:00-04:00,23.3700008392334,25.5,23.3700008392334,24.100000381469727,207500,0.0,0.0
2025-09-15 00:00:00-04:00,23.81999969482422,25.889999389648438,23.68000030517578,25.780000686645508,165100,0.0,0.0
2025-09-16 00:00:00-04:00,25.549999237060547,25.549999237060547,22.81999969482422,23.049999237060547,160100,0.0,0.0
2025-09-17 00:00:00-04:00,23.079999923706055,23.43000030517578,20.110000610351562,21.545000076293945,299400,0.0,0.0
2025-09-18 00:00:00-04:00,21.780000686645508,21.780000686645508,20.649999618530273,21.030000686645508,147200,0.0,0.0
2025-09-19 00:00:00-04:00,21.0,21.110000610351562,19.704999923706055,19.93000030517578,174300,0.0,0.0
2025-09-22 00:00:00-04:00,19.770000457763672,20.135000228881836,18.452999114990234,19.3700008392334,128600,0.0,0.0
2025-09-23 00:00:00-04:00,19.049999237060547,19.06999969482422,17.0,17.65999984741211,385400,0.0,0.0
2025-09-24 00:00:00-04:00,17.770000457763672,18.969999313354492,17.530000686645508,17.56999969482422,204400,0.0,0.0
2025-09-25 00:00:00-04:00,17.110000610351562,17.5,16.329999923706055,16.649999618530273,142000,0.0,0.0
2025-09-26 00:00:00-04:00,16.309999465942383,17.389999389648438,15.75,16.93000030517578,128900,0.0,0.0
2025-09-29 00:00:00-04:00,17.3700008392334,18.84000015258789,17.280000686645508,18.469999313354492,148700,0.0,0.0
2025-09-30 00:00:00-04:00,18.280000686645508,18.860000610351562,17.520000457763672,17.860000610351562,104800,0.0,0.0
2025-10-01 00:00:00-04:00,17.610000610351562,19.5,17.610000610351562,19.100000381469727,107000,0.0,0.0
2025-10-02 00:00:00-04:00,19.149999618530273,19.430999755859375,17.3799991607666,17.549999237060547,258100,0.0,0.0
2025-10-03 00:00:00-04:00,17.719999313354492,18.209999084472656,17.530000686645508,18.100000381469727,104800,0.0,0.0
2025-10-06 00:00:00-04:00,17.959999084472656,18.43000030517578,17.3700008392334,18.43000030517578,123300,0.0,0.0
2025-10-07 00:00:00-04:00,18.25,18.579999923706055,17.670000076293945,18.579999923706055,46500,0.0,0.0
2025-10-08 00:00:00-04:00,18.8799991607666,21.445999145507812,18.790000915527344,20.530000686645508,186000,0.0,0.0
2025-10-09 00:00:00-04:00,20.260000228881836,21.219999313354492,20.190000534057617,20.75,128800,0.0,0.0
2025-10-10 00:00:00-04:00,21.0,21.979999542236328,19.06999969482422,19.229999542236328,199400,0.0,0.0
2025-10-13 00:00:00-04:00,19.770000457763672,21.799999237060547,19.770000457763672,20.389999389648438,160900,0.0,0.0
2025-10-14 00:00:00-04:00,19.68000030517578,20.0,19.299999237060547,19.520000457763672,64800,0.0,0.0
2025-10-15 00:00:00-04:00,19.540000915527344,21.219999313354492,19.540000915527344,21.100000381469727,69500,0.0,0.0
2025-10-16 00:00:00-04:00,21.020000457763672,21.639999389648438,20.0,20.174999237060547,58700,0.0,0.0
2025-10-17 00:00:00-04:00,20.0,20.32699966430664,18.049999237060547,19.084999084472656,87200,0.0,0.0
2025-10-20 00:00:00-04:00,19.540000915527344,20.190000534057617,18.420000076293945,20.190000534057617,108200,0.0,0.0
2025-10-21 00:00:00-04:00,20.190000534057617,20.315000534057617,18.88599967956543,19.0,37200,0.0,0.0
2025-10-22 00:00:00-04:00,18.780000686645508,19.34000015258789,18.100000381469727,18.510000228881836,61100,0.0,0.0
2025-10-23 00:00:00-04:00,18.360000610351562,19.280000686645508,18.360000610351562,19.0,50200,0.0,0.0
2025-10-24 00:00:00-04:00,19.469999313354492,19.920000076293945,19.1200008392334,19.399999618530273,40000,0.0,0.0
2025-10-27 00:00:00-04:00,19.5,20.108999252319336,19.149999618530273,19.8700008392334,48700,0.0,0.0
2025-10-28 00:00:00-04:00,19.81999969482422,19.90999984741211,18.375,18.729999542236328,44400,0.0,0.0
2025-10-29 00:00:00-04:00,18.729999542236328,18.760000228881836,17.440000534057617,17.709999084472656,70900,0.0,0.0
2025-10-30 00:00:00-04:00,17.510000228881836,18.200000762939453,17.010000228881836,17.15999984741211,54500,0.0,0.0
2025-10-31 00:00:00-04:00,17.43000030517578,18.1299991607666,16.805999755859375,17.639999389648438,58800,0.0,0.0
2025-11-03 00:00:00-05:00,17.610000610351562,17.610000610351562,15.949999809265137,16.299999237060547,84800,0.0,0.0
2025-11-04 00:00:00-05:00,15.770000457763672,16.343000411987305,15.149999618530273,15.15999984741211,47700,0.0,0.0
2025-11-05 00:00:00-05:00,15.279999732971191,15.710000038146973,15.0600004196167,15.4399995803833,43900,0.0,0.0
2025-11-06 00:00:00-05:00,15.319999694824219,15.319999694824219,14.805000305175781,15.020000457763672,21900,0.0,0.0
2025-11-07 00:00:00-05:00,14.800000190734863,15.100000381469727,13.760000228881836,15.09000015258789,67000,0.0,0.0
2025-11-10 00:00:00-05:00,15.800000190734863,15.800000190734863,14.739999771118164,14.8100004196167,50900,0.0,0.0
2025-11-11 00:00:00-05:00,14.630000114440918,16.0,13.529999732971191,15.75,99500,0.0,0.0
2025-11-12 00:00:00-05:00,15.75,15.880000114440918,14.5,14.989999771118164,82100,0.0,0.0
2025-11-13 00:00:00-05:00,14.800000190734863,15.229999542236328,13.760000228881836,13.90999984741211,72300,0.0,0.0
2025-11-14 00:00:00-05:00,13.510000228881836,14.866000175476074,13.510000228881836,14.420000076293945,48900,0.0,0.0
2025-11-17 00:00:00-05:00,14.5,14.538999557495117,12.279999732971191,12.770000457763672,199900,0.0,0.0
2025-11-18 00:00:00-05:00,12.510000228881836,13.020000457763672,12.279999732971191,13.0,85000,0.0,0.0
2025-11-19 00:00:00-05:00,12.970000267028809,13.020000457763672,12.020000457763672,12.199999809265137,49500,0.0,0.0
2025-11-20 00:00:00-05:00,12.40999984741211,13.069999694824219,11.819999694824219,11.970000267028809,72900,0.0,0.0
2025-11-21 00:00:00-05:00,12.149999618530273,13.5,11.5600004196167,13.140000343322754,130100,0.0,0.0
2025-11-24 00:00:00-05:00,12.25,12.460000038146973,11.529999732971191,11.829999923706055,117000,0.0,0.0
2025-11-25 00:00:00-05:00,11.829999923706055,12.020000457763672,11.350000381469727,11.479999542236328,39800,0.0,0.0
2025-11-26 00:00:00-05:00,11.529999732971191,12.380000114440918,11.260000228881836,11.979999542236328,84800,0.0,0.0
2025-11-28 00:00:00-05:00,12.15999984741211,12.916000366210938,11.979999542236328,12.760000228881836,23800,0.0,0.0
2025-12-01 00:00:00-05:00,12.4399995803833,12.614999771118164,11.4399995803833,11.4399995803833,50500,0.0,0.0
2025-12-02 00:00:00-05:00,11.550000190734863,11.550000190734863,10.699999809265137,10.779999732971191,90900,0.0,0.0
2025-12-03 00:00:00-05:00,10.890000343322754,11.595000267028809,10.850000381469727,11.489999771118164,54800,0.0,0.0
2025-12-04 00:00:00-05:00,11.305000305175781,11.729999542236328,11.210000038146973,11.395000457763672,67400,0.0,0.0
2025-12-05 00:00:00-05:00,11.34000015258789,11.4350004196167,10.760000228881836,10.920000076293945,50600,0.0,0.0
2025-12-08 00:00:00-05:00,11.119999885559082,11.510000228881836,10.819999694824219,11.109999656677246,91800,0.0,0.0
2025-12-09 00:00:00-05:00,11.079999923706055,11.180000305175781,10.84000015258789,11.039999961853027,33800,0.0,0.0
2025-12-10 00:00:00-05:00,11.050000190734863,11.510000228881836,11.050000190734863,11.390000343322754,44500,0.0,0.0
2025-12-11 00:00:00-05:00,11.199999809265137,11.380000114440918,10.940999984741211,10.960000038146973,54800,0.0,0.0
2025-12-12 00:00:00-05:00,11.079999923706055,11.423999786376953,10.699999809265137,10.84000015258789,62100,0.0,0.0
2025-12-15 00:00:00-05:00,11.029999732971191,11.1899995803833,10.6850004196167,11.119999885559082,25700,0.0,0.0
2025-12-16 00:00:00-05:00,11.0,11.289999961853027,10.75,11.25,61200,0.0,0.0
2025-12-17 00:00:00-05:00,11.229999542236328,11.850000381469727,10.970000267028809,11.010000228881836,39200,0.0,0.0
2025-12-18 00:00:00-05:00,10.90999984741211,11.239999771118164,10.720000267028809,11.095000267028809,69100,0.0,0.0
2025-12-19 00:00:00-05:00,11.269000053405762,11.625,11.130999565124512,11.270000457763672,54600,0.0,0.0
2025-12-22 00:00:00-05:00,11.420000076293945,11.600000381469727,10.961999893188477,11.5,58000,0.0,0.0
2025-12-23 00:00:00-05:00,11.25,11.479999542236328,11.109999656677246,11.479999542236328,16800,0.0,0.0
2025-12-24 00:00:00-05:00,11.470000267028809,11.600000381469727,11.0,11.460000038146973,49100,0.0,0.0
2025-12-26 00:00:00-05:00,11.380000114440918,11.489999771118164,11.050000190734863,11.3100004196167,39200,0.0,0.0
2025-12-29 00:00:00-05:00,11.25,11.430999755859375,10.592000007629395,10.779999732971191,72000,0.0,0.0
2025-12-30 00:00:00-05:00,10.729999542236328,10.852999687194824,10.170000076293945,10.375,106800,0.0,0.0
2025-12-31 00:00:00-05:00,10.319999694824219,11.095000267028809,10.3149995803833,11.0,95600,0.0,0.0
2026-01-02 00:00:00-05:00,11.15999984741211,11.600000381469727,10.899999618530273,11.270000457763672,66400,0.0,0.0
2026-01-05 00:00:00-05:00,11.390000343322754,12.90999984741211,11.350000381469727,12.289999961853027,140400,0.0,0.0
2026-01-06 00:00:00-05:00,6.275000095367432,7.0,5.670000076293945,6.659999847412109,2521100,0.0,0.0
2026-01-07 00:00:00-05:00,6.690000057220459,7.380000114440918,6.679999828338623,7.179999828338623,855500,0.0,0.0
2026-01-08 00:00:00-05:00,7.139999866485596,7.423999786376953,6.769999980926514,7.389999866485596,436900,0.0,0.0
2026-01-09 00:00:00-05:00,7.309999942779541,7.423999786376953,6.940000057220459,7.130000114440918,263900,0.0,0.0
2026-01-12 00:00:00-05:00,7.090000152587891,7.230000019073486,6.909999847412109,7.150000095367432,159700,0.0,0.0
2026-01-13 00:00:00-05:00,7.179999828338623,7.199999809265137,7.0,7.199999809265137,28100,0.0,0.0
2026-01-14 00:00:00-05:00,7.090000152587891,7.309999942779541,7.0,7.190000057220459,87000,0.0,0.0
2026-01-15 00:00:00-05:00,7.159999847412109,7.21999979019165,7.010000228881836,7.110000133514404,48100,0.0,0.0
2026-01-16 00:00:00-05:00,7.159999847412109,7.360000133514404,7.019999980926514,7.070000171661377,74800,0.0,0.0
2026-01-20 00:00:00-05:00,7.0,7.230000019073486,6.960000038146973,7.079999923706055,114700,0.0,0.0
2026-01-21 00:00:00-05:00,7.079999923706055,7.25,7.019999980926514,7.079999923706055,83700,0.0,0.0
2026-01-22 00:00:00-05:00,7.179999828338623,7.284999847412109,7.03000020980835,7.059999942779541,101800,0.0,0.0
2026-01-23 00:00:00-05:00,7.079999923706055,7.25,7.0,7.139999866485596,76800,0.0,0.0
2026-01-26 00:00:00-05:00,7.059999942779541,7.119999885559082,6.793000221252441,7.070000171661377,92400,0.0,0.0
2026-01-27 00:00:00-05:00,7.070000171661377,7.159999847412109,6.960000038146973,7.159999847412109,43900,0.0,0.0
2026-01-28 00:00:00-05:00,7.130000114440918,7.190000057220459,7.0,7.090000152587891,58700,0.0,0.0
2026-01-29 00:00:00-05:00,7.119999885559082,7.315000057220459,7.019999980926514,7.199999809265137,44800,0.0,0.0
2026-01-30 00:00:00-05:00,7.079999923706055,7.25,7.010000228881836,7.059999942779541,36200,0.0,0.0
2026-02-02 00:00:00-05:00,6.960000038146973,7.440000057220459,6.960000038146973,7.210000038146973,74500,0.0,0.0
2026-02-03 00:00:00-05:00,7.119999885559082,7.21999979019165,6.909999847412109,7.090000152587891,76700,0.0,0.0
2026-02-04 00:00:00-05:00,7.110000133514404,7.639999866485596,6.980000019073486,7.420000076293945,145100,0.0,0.0
2026-02-05 00:00:00-05:00,7.28000020980835,7.71999979019165,7.150000095367432,7.460000038146973,147200,0.0,0.0
2026-02-06 00:00:00-05:00,7.489999771118164,7.820000171661377,7.489999771118164,7.760000228881836,92800,0.0,0.0
2026-02-09 00:00:00-05:00,7.710000038146973,7.789999961853027,7.494999885559082,7.710000038146973,23200,0.0,0.0
2026-02-10 00:00:00-05:00,7.7220001220703125,7.869999885559082,7.619999885559082,7.690000057220459,23200,0.0,0.0
2026-02-11 00:00:00-05:00,7.710000038146973,7.869999885559082,7.510000228881836,7.769999980926514,19600,0.0,0.0
2026-02-12 00:00:00-05:00,7.829999923706055,7.840000152587891,7.533999919891357,7.78000020980835,18900,0.0,0.0
2026-02-13 00:00:00-05:00,7.829999923706055,8.100000381469727,7.625,7.989999771118164,40400,0.0,0.0
2026-02-17 00:00:00-05:00,8.0600004196167,8.75,7.789999961853027,8.59000015258789,81100,0.0,0.0
2026-02-18 00:00:00-05:00,8.5,8.880000114440918,8.220000267028809,8.880000114440918,125700,0.0,0.0
2026-02-19 00:00:00-05:00,8.869999885559082,9.8100004196167,8.694999694824219,9.5,177500,0.0,0.0
2026-02-20 00:00:00-05:00,9.329999923706055,9.399999618530273,8.765000343322754,9.15999984741211,61300,0.0,0.0
2026-02-23 00:00:00-05:00,9.170000076293945,9.5,8.84000015258789,8.84000015258789,40000,0.0,0.0
2026-02-24 00:00:00-05:00,8.920000076293945,9.170000076293945,8.800000190734863,8.960000038146973,22900,0.0,0.0
2026-02-25 00:00:00-05:00,9.015000343322754,9.149999618530273,8.529999732971191,8.550000190734863,28300,0.0,0.0
2026-02-26 00:00:00-05:00,8.550000190734863,9.029999732971191,8.319999694824219,8.989999771118164,56800,0.0,0.0
2026-02-27 00:00:00-05:00,9.0,9.300000190734863,8.609999656677246,8.899999618530273,31100,0.0,0.0
2026-03-02 00:00:00-05:00,8.6899995803833,8.880000114440918,8.149999618530273,8.579999923706055,38100,0.0,0.0
2026-03-03 00:00:00-05:00,8.430000305175781,8.883000373840332,8.140000343322754,8.300000190734863,19200,0.0,0.0
2026-03-04 00:00:00-05:00,8.40999984741211,8.949999809265137,8.319999694824219,8.760000228881836,25500,0.0,0.0
2026-03-05 00:00:00-05:00,8.760000228881836,8.89900016784668,8.420000076293945,8.550000190734863,19200,0.0,0.0
2026-03-06 00:00:00-05:00,8.550000190734863,9.0,8.350000381469727,8.869999885559082,43800,0.0,0.0
2026-03-09 00:00:00-04:00,8.890000343322754,9.149999618530273,8.600000381469727,8.899999618530273,30200,0.0,0.0
2026-03-10 00:00:00-04:00,8.899999618530273,9.270999908447266,8.880000114440918,8.930000305175781,21200,0.0,0.0
2026-03-11 00:00:00-04:00,8.84000015258789,9.119999885559082,8.833000183105469,9.029999732971191,12500,0.0,0.0
2026-03-12 00:00:00-04:00,8.680000305175781,8.970000267028809,8.539999961853027,8.75,23800,0.0,0.0
2026-03-13 00:00:00-04:00,8.489999771118164,8.607999801635742,8.010000228881836,8.260000228881836,58300,0.0,0.0
2026-03-16 00:00:00-04:00,8.260000228881836,8.380000114440918,8.15999984741211,8.210000038146973,10000,0.0,0.0
2026-03-17 00:00:00-04:00,8.350000381469727,8.760000228881836,8.234000205993652,8.569999694824219,19700,0.0,0.0
2026-03-18 00:00:00-04:00,8.289999961853027,8.399999618530273,8.0,8.34000015258789,24900,0.0,0.0
2026-03-19 00:00:00-04:00,8.119999885559082,8.489999771118164,8.079000473022461,8.479999542236328,16200,0.0,0.0
2026-03-20 00:00:00-04:00,8.460000038146973,8.829999923706055,8.335000038146973,8.550000190734863,27100,0.0,0.0
2026-03-23 00:00:00-04:00,8.550000190734863,8.550000190734863,8.074999809265137,8.420000076293945,14700,0.0,0.0
2026-03-24 00:00:00-04:00,8.449999809265137,8.579999923706055,8.182000160217285,8.5600004196167,13900,0.0,0.0
2026-03-25 00:00:00-04:00,8.449999809265137,8.765000343322754,8.350000381469727,8.600000381469727,12500,0.0,0.0
2026-03-26 00:00:00-04:00,8.399999618530273,8.600000381469727,8.182999610900879,8.359999656677246,26900,0.0,0.0
2026-03-27 00:00:00-04:00,8.359999656677246,8.359999656677246,7.510000228881836,7.789999961853027,72700,0.0,0.0
2026-03-30 00:00:00-04:00,7.849999904632568,8.0,7.519999980926514,7.96999979019165,23100,0.0,0.0
2026-03-31 00:00:00-04:00,8.010000228881836,8.579999923706055,8.0,8.239999771118164,31200,0.0,0.0
2026-04-01 00:00:00-04:00,8.239999771118164,8.239999771118164,7.900000095367432,8.029999732971191,22600,0.0,0.0
2026-04-02 00:00:00-04:00,8.029999732971191,8.079999923706055,7.78000020980835,8.029999732971191,23800,0.0,0.0
2026-04-06 00:00:00-04:00,7.920000076293945,8.5,7.710000038146973,8.460000038146973,66100,0.0,0.0
2026-04-07 00:00:00-04:00,8.369999885559082,8.5,8.300000190734863,8.449999809265137,46100,0.0,0.0
2026-04-08 00:00:00-04:00,8.609999656677246,8.699999809265137,8.460000038146973,8.539999961853027,36400,0.0,0.0
2026-04-09 00:00:00-04:00,8.239999771118164,8.5,8.170000076293945,8.475000381469727,15500,0.0,0.0
2026-04-10 00:00:00-04:00,8.300000190734863,8.5,7.934999942779541,8.109999656677246,23400,0.0,0.0
2026-04-13 00:00:00-04:00,8.15999984741211,8.479999542236328,7.900000095367432,8.354999542236328,27800,0.0,0.0
2026-04-14 00:00:00-04:00,8.430000305175781,8.5,8.256999969482422,8.4399995803833,16000,0.0,0.0
2026-04-15 00:00:00-04:00,8.390000343322754,9.0,8.390000343322754,8.890000343322754,81900,0.0,0.0
2026-04-16 00:00:00-04:00,8.970000267028809,8.970000267028809,7.929999828338623,8.899999618530273,13348,0.0,0.0
