Date,Open,High,Low,Close,Volume,Dividends,Stock Splits
2022-01-03 00:00:00-05:00,10.550000190734863,10.859999656677246,10.3100004196167,10.390000343322754,1094000,0.0,0.0
2022-01-04 00:00:00-05:00,10.369999885559082,10.65999984741211,10.359999656677246,10.600000381469727,1122600,0.0,0.0
2022-01-05 00:00:00-05:00,10.640000343322754,10.760000228881836,10.140000343322754,10.1899995803833,1191000,0.0,0.0
2022-01-06 00:00:00-05:00,10.149999618530273,10.550000190734863,10.079999923706055,10.220000267028809,1179400,0.0,0.0
2022-01-07 00:00:00-05:00,10.170000076293945,10.270000457763672,9.729999542236328,9.739999771118164,1264900,0.0,0.0
2022-01-10 00:00:00-05:00,9.65999984741211,9.6899995803833,9.34000015258789,9.569999694824219,1018200,0.0,0.0
2022-01-11 00:00:00-05:00,9.670000076293945,9.760000228881836,9.420000076293945,9.75,1373800,0.0,0.0
2022-01-12 00:00:00-05:00,9.890000343322754,10.029999732971191,9.670000076293945,9.680000305175781,806200,0.0,0.0
2022-01-13 00:00:00-05:00,9.699999809265137,9.890000343322754,9.680000305175781,9.729999542236328,733200,0.0,0.0
2022-01-14 00:00:00-05:00,9.65999984741211,9.779999732971191,9.5600004196167,9.65999984741211,609300,0.0,0.0
2022-01-18 00:00:00-05:00,9.5,9.550000190734863,9.170000076293945,9.1899995803833,657600,0.0,0.0
2022-01-19 00:00:00-05:00,9.239999771118164,9.369999885559082,8.960000038146973,9.010000228881836,841800,0.0,0.0
2022-01-20 00:00:00-05:00,9.09000015258789,9.220000267028809,8.600000381469727,8.609999656677246,1019900,0.0,0.0
2022-01-21 00:00:00-05:00,8.489999771118164,8.569999694824219,8.15999984741211,8.210000038146973,1094200,0.0,0.0
2022-01-24 00:00:00-05:00,7.989999771118164,8.15999984741211,7.489999771118164,8.15999984741211,1625600,0.0,0.0
2022-01-25 00:00:00-05:00,8.079999923706055,8.239999771118164,7.920000076293945,8.100000381469727,1142500,0.0,0.0
2022-01-26 00:00:00-05:00,8.300000190734863,8.420000076293945,7.949999809265137,8.039999961853027,895000,0.0,0.0
2022-01-27 00:00:00-05:00,8.09000015258789,8.270000457763672,7.559999942779541,7.579999923706055,1575900,0.0,0.0
2022-01-28 00:00:00-05:00,7.630000114440918,8.279999732971191,7.599999904632568,8.279999732971191,1207900,0.0,0.0
2022-01-31 00:00:00-05:00,8.220000267028809,8.710000038146973,8.220000267028809,8.6899995803833,1063400,0.0,0.0
2022-02-01 00:00:00-05:00,8.710000038146973,8.779999732971191,8.40999984741211,8.640000343322754,654300,0.0,0.0
2022-02-02 00:00:00-05:00,8.729999542236328,8.84000015258789,8.3100004196167,8.40999984741211,815500,0.0,0.0
2022-02-03 00:00:00-05:00,8.239999771118164,8.369999885559082,8.079999923706055,8.260000228881836,882300,0.0,0.0
2022-02-04 00:00:00-05:00,8.239999771118164,8.770000457763672,8.229999542236328,8.710000038146973,811000,0.0,0.0
2022-02-07 00:00:00-05:00,8.699999809265137,8.960000038146973,8.470000267028809,8.479999542236328,657200,0.0,0.0
2022-02-08 00:00:00-05:00,8.449999809265137,8.829999923706055,8.420000076293945,8.800000190734863,463600,0.0,0.0
2022-02-09 00:00:00-05:00,8.9399995803833,9.0,8.84000015258789,8.930000305175781,603900,0.0,0.0
2022-02-10 00:00:00-05:00,8.649999618530273,9.020000457763672,8.520000457763672,8.75,689700,0.0,0.0
2022-02-11 00:00:00-05:00,8.829999923706055,8.890000343322754,8.479999542236328,8.550000190734863,505500,0.0,0.0
2022-02-14 00:00:00-05:00,8.510000228881836,8.84000015258789,8.460000038146973,8.729999542236328,372900,0.0,0.0
2022-02-15 00:00:00-05:00,8.890000343322754,9.210000038146973,8.84000015258789,9.199999809265137,665700,0.0,0.0
2022-02-16 00:00:00-05:00,9.15999984741211,9.329999923706055,9.109999656677246,9.260000228881836,429000,0.0,0.0
2022-02-17 00:00:00-05:00,9.100000381469727,9.15999984741211,8.930000305175781,8.970000267028809,595200,0.0,0.0
2022-02-18 00:00:00-05:00,8.84000015258789,8.960000038146973,8.649999618530273,8.670000076293945,531900,0.0,0.0
2022-02-22 00:00:00-05:00,8.569999694824219,8.739999771118164,8.430000305175781,8.5,749400,0.0,0.0
2022-02-23 00:00:00-05:00,8.59000015258789,8.59000015258789,8.260000228881836,8.289999961853027,700100,0.0,0.0
2022-02-24 00:00:00-05:00,7.909999847412109,8.800000190734863,7.789999961853027,8.789999961853027,1056100,0.0,0.0
2022-02-25 00:00:00-05:00,8.789999961853027,8.989999771118164,8.5600004196167,8.979999542236328,854400,0.0,0.0
2022-02-28 00:00:00-05:00,8.850000381469727,9.319999694824219,8.819999694824219,9.279999732971191,1232900,0.0,0.0
2022-03-01 00:00:00-05:00,9.199999809265137,9.329999923706055,8.569999694824219,8.680000305175781,1438900,0.0,0.0
2022-03-02 00:00:00-05:00,9.989999771118164,11.5,9.84000015258789,11.1899995803833,7744600,0.0,0.0
2022-03-03 00:00:00-05:00,11.050000190734863,11.789999961853027,11.029999732971191,11.319999694824219,4144600,0.0,0.0
2022-03-04 00:00:00-05:00,11.329999923706055,11.529999732971191,10.579999923706055,10.770000457763672,2370400,0.0,0.0
2022-03-07 00:00:00-05:00,10.699999809265137,11.100000381469727,10.239999771118164,10.270000457763672,1285500,0.0,0.0
2022-03-08 00:00:00-05:00,10.279999732971191,10.489999771118164,10.029999732971191,10.180000305175781,1076100,0.0,0.0
2022-03-09 00:00:00-05:00,10.479999542236328,10.619999885559082,10.270000457763672,10.3100004196167,991200,0.0,0.0
2022-03-10 00:00:00-05:00,10.220000267028809,10.380000114440918,10.079999923706055,10.210000038146973,563000,0.0,0.0
2022-03-11 00:00:00-05:00,10.289999961853027,10.739999771118164,9.6899995803833,9.739999771118164,1076000,0.0,0.0
2022-03-14 00:00:00-04:00,9.770000457763672,9.880000114440918,9.09000015258789,9.119999885559082,966200,0.0,0.0
2022-03-15 00:00:00-04:00,9.119999885559082,9.399999618530273,8.970000267028809,9.329999923706055,747000,0.0,0.0
2022-03-16 00:00:00-04:00,9.489999771118164,9.760000228881836,9.220000267028809,9.539999961853027,810800,0.0,0.0
2022-03-17 00:00:00-04:00,9.5,9.739999771118164,9.399999618530273,9.529999732971191,1158000,0.0,0.0
2022-03-18 00:00:00-04:00,9.5600004196167,9.680000305175781,9.359999656677246,9.510000228881836,942800,0.0,0.0
2022-03-21 00:00:00-04:00,9.489999771118164,9.600000381469727,9.020000457763672,9.130000114440918,858700,0.0,0.0
2022-03-22 00:00:00-04:00,9.170000076293945,9.34000015258789,9.0600004196167,9.109999656677246,706300,0.0,0.0
2022-03-23 00:00:00-04:00,9.0,9.270000457763672,8.890000343322754,8.90999984741211,579600,0.0,0.0
2022-03-24 00:00:00-04:00,8.90999984741211,9.1899995803833,8.6899995803833,8.869999885559082,934200,0.0,0.0
2022-03-25 00:00:00-04:00,8.930000305175781,9.180000305175781,8.5,8.75,1005300,0.0,0.0
2022-03-28 00:00:00-04:00,8.720000267028809,8.770000457763672,8.510000228881836,8.609999656677246,771800,0.0,0.0
2022-03-29 00:00:00-04:00,8.699999809265137,9.1899995803833,8.699999809265137,9.079999923706055,905300,0.0,0.0
2022-03-30 00:00:00-04:00,9.0,9.050000190734863,8.770000457763672,8.779999732971191,616100,0.0,0.0
2022-03-31 00:00:00-04:00,8.779999732971191,8.960000038146973,8.6899995803833,8.859999656677246,2026100,0.0,0.0
2022-04-01 00:00:00-04:00,8.899999618530273,9.100000381469727,8.640000343322754,8.770000457763672,992900,0.0,0.0
2022-04-04 00:00:00-04:00,8.850000381469727,9.199999809265137,8.8100004196167,9.199999809265137,512100,0.0,0.0
2022-04-05 00:00:00-04:00,9.229999542236328,9.289999961853027,8.729999542236328,8.850000381469727,686600,0.0,0.0
2022-04-06 00:00:00-04:00,8.760000228881836,8.859999656677246,8.220000267028809,8.5,1275100,0.0,0.0
2022-04-07 00:00:00-04:00,8.529999732971191,8.720000267028809,8.369999885559082,8.5600004196167,586300,0.0,0.0
2022-04-08 00:00:00-04:00,8.529999732971191,8.550000190734863,8.34000015258789,8.369999885559082,374600,0.0,0.0
2022-04-11 00:00:00-04:00,8.289999961853027,8.399999618530273,8.170000076293945,8.319999694824219,471000,0.0,0.0
2022-04-12 00:00:00-04:00,8.470000267028809,8.619999885559082,8.279999732971191,8.279999732971191,533800,0.0,0.0
2022-04-13 00:00:00-04:00,8.3100004196167,8.680000305175781,8.220000267028809,8.600000381469727,572600,0.0,0.0
2022-04-14 00:00:00-04:00,8.600000381469727,8.65999984741211,8.4399995803833,8.4399995803833,605000,0.0,0.0
2022-04-18 00:00:00-04:00,8.430000305175781,8.59000015258789,8.3100004196167,8.5,472800,0.0,0.0
2022-04-19 00:00:00-04:00,8.550000190734863,8.680000305175781,8.420000076293945,8.4399995803833,419700,0.0,0.0
2022-04-20 00:00:00-04:00,8.539999961853027,8.539999961853027,8.260000228881836,8.270000457763672,597200,0.0,0.0
2022-04-21 00:00:00-04:00,8.279999732971191,8.369999885559082,7.78000020980835,7.820000171661377,808100,0.0,0.0
2022-04-22 00:00:00-04:00,7.75,7.949999809265137,7.699999809265137,7.760000228881836,638800,0.0,0.0
2022-04-25 00:00:00-04:00,7.630000114440918,8.0,7.630000114440918,7.980000019073486,717400,0.0,0.0
2022-04-26 00:00:00-04:00,7.940000057220459,8.050000190734863,7.519999980926514,7.559999942779541,512800,0.0,0.0
2022-04-27 00:00:00-04:00,7.53000020980835,7.699999809265137,7.480000019073486,7.519999980926514,514700,0.0,0.0
2022-04-28 00:00:00-04:00,7.619999885559082,7.800000190734863,7.389999866485596,7.78000020980835,428400,0.0,0.0
2022-04-29 00:00:00-04:00,7.760000228881836,7.96999979019165,7.710000038146973,7.739999771118164,769900,0.0,0.0
2022-05-02 00:00:00-04:00,7.679999828338623,7.940000057220459,7.610000133514404,7.889999866485596,744500,0.0,0.0
2022-05-03 00:00:00-04:00,7.829999923706055,7.960000038146973,7.78000020980835,7.869999885559082,728000,0.0,0.0
2022-05-04 00:00:00-04:00,7.889999866485596,8.079999923706055,7.619999885559082,8.039999961853027,572500,0.0,0.0
2022-05-05 00:00:00-04:00,7.960000038146973,8.010000228881836,7.230000019073486,7.380000114440918,566000,0.0,0.0
2022-05-06 00:00:00-04:00,7.289999961853027,7.289999961853027,6.840000152587891,7.25,664400,0.0,0.0
2022-05-09 00:00:00-04:00,7.090000152587891,7.090000152587891,6.739999771118164,7.0,1074900,0.0,0.0
2022-05-10 00:00:00-04:00,7.079999923706055,7.159999847412109,6.570000171661377,6.610000133514404,1442700,0.0,0.0
2022-05-11 00:00:00-04:00,6.75,7.059999942779541,6.550000190734863,6.630000114440918,1857500,0.0,0.0
2022-05-12 00:00:00-04:00,6.46999979019165,6.650000095367432,6.119999885559082,6.519999980926514,1483000,0.0,0.0
2022-05-13 00:00:00-04:00,6.699999809265137,6.909999847412109,6.599999904632568,6.760000228881836,1006800,0.0,0.0
2022-05-16 00:00:00-04:00,6.670000076293945,6.809999942779541,6.550000190734863,6.739999771118164,811700,0.0,0.0
2022-05-17 00:00:00-04:00,7.03000020980835,7.449999809265137,7.0,7.239999771118164,992500,0.0,0.0
2022-05-18 00:00:00-04:00,7.079999923706055,7.289999961853027,6.840000152587891,6.889999866485596,892500,0.0,0.0
2022-05-19 00:00:00-04:00,6.789999961853027,6.949999809265137,6.739999771118164,6.800000190734863,869700,0.0,0.0
2022-05-20 00:00:00-04:00,6.889999866485596,6.980000019073486,6.5,6.739999771118164,549000,0.0,0.0
2022-05-23 00:00:00-04:00,6.809999942779541,6.869999885559082,6.570000171661377,6.820000171661377,597200,0.0,0.0
2022-05-24 00:00:00-04:00,6.699999809265137,6.889999866485596,6.409999847412109,6.5,792700,0.0,0.0
2022-05-25 00:00:00-04:00,6.480000019073486,6.860000133514404,6.480000019073486,6.840000152587891,554800,0.0,0.0
2022-05-26 00:00:00-04:00,6.869999885559082,7.110000133514404,6.869999885559082,6.949999809265137,556300,0.0,0.0
2022-05-27 00:00:00-04:00,7.079999923706055,7.380000114440918,7.059999942779541,7.300000190734863,680700,0.0,0.0
2022-05-31 00:00:00-04:00,7.239999771118164,7.28000020980835,7.010000228881836,7.079999923706055,1835600,0.0,0.0
2022-06-01 00:00:00-04:00,7.110000133514404,7.260000228881836,7.059999942779541,7.170000076293945,511200,0.0,0.0
2022-06-02 00:00:00-04:00,7.119999885559082,7.739999771118164,7.119999885559082,7.670000076293945,1003000,0.0,0.0
2022-06-03 00:00:00-04:00,7.489999771118164,7.489999771118164,7.230000019073486,7.360000133514404,562600,0.0,0.0
2022-06-06 00:00:00-04:00,7.489999771118164,7.579999923706055,7.28000020980835,7.409999847412109,502100,0.0,0.0
2022-06-07 00:00:00-04:00,7.289999961853027,7.449999809265137,7.210000038146973,7.440000057220459,717900,0.0,0.0
2022-06-08 00:00:00-04:00,7.440000057220459,7.460000038146973,7.239999771118164,7.309999942779541,383600,0.0,0.0
2022-06-09 00:00:00-04:00,7.260000228881836,7.320000171661377,7.119999885559082,7.130000114440918,492700,0.0,0.0
2022-06-10 00:00:00-04:00,7.039999961853027,7.130000114440918,6.829999923706055,6.840000152587891,468300,0.0,0.0
2022-06-13 00:00:00-04:00,6.650000095367432,6.71999979019165,6.349999904632568,6.389999866485596,670200,0.0,0.0
2022-06-14 00:00:00-04:00,6.380000114440918,6.440000057220459,6.170000076293945,6.210000038146973,557700,0.0,0.0
2022-06-15 00:00:00-04:00,6.300000190734863,6.389999866485596,6.130000114440918,6.289999961853027,843600,0.0,0.0
2022-06-16 00:00:00-04:00,6.099999904632568,6.150000095367432,5.809999942779541,6.03000020980835,830000,0.0,0.0
2022-06-17 00:00:00-04:00,6.070000171661377,6.309999942779541,6.019999980926514,6.139999866485596,1025500,0.0,0.0
2022-06-21 00:00:00-04:00,6.289999961853027,6.429999828338623,6.210000038146973,6.300000190734863,649500,0.0,0.0
2022-06-22 00:00:00-04:00,6.21999979019165,6.460000038146973,6.21999979019165,6.349999904632568,647200,0.0,0.0
2022-06-23 00:00:00-04:00,6.420000076293945,6.489999771118164,6.28000020980835,6.449999809265137,434400,0.0,0.0
2022-06-24 00:00:00-04:00,6.5,6.639999866485596,6.360000133514404,6.570000171661377,1148900,0.0,0.0
2022-06-27 00:00:00-04:00,6.630000114440918,6.690000057220459,6.429999828338623,6.610000133514404,479700,0.0,0.0
2022-06-28 00:00:00-04:00,6.619999885559082,6.679999828338623,6.309999942779541,6.320000171661377,395700,0.0,0.0
2022-06-29 00:00:00-04:00,6.329999923706055,6.329999923706055,6.010000228881836,6.119999885559082,652800,0.0,0.0
2022-06-30 00:00:00-04:00,6.039999961853027,6.28000020980835,5.860000133514404,6.269999980926514,751000,0.0,0.0
2022-07-01 00:00:00-04:00,6.230000019073486,6.409999847412109,6.150000095367432,6.170000076293945,431600,0.0,0.0
2022-07-05 00:00:00-04:00,6.050000190734863,6.230000019073486,5.900000095367432,6.230000019073486,482200,0.0,0.0
2022-07-06 00:00:00-04:00,6.28000020980835,6.369999885559082,6.070000171661377,6.090000152587891,467500,0.0,0.0
2022-07-07 00:00:00-04:00,6.139999866485596,6.429999828338623,6.139999866485596,6.420000076293945,516400,0.0,0.0
2022-07-08 00:00:00-04:00,6.340000152587891,6.46999979019165,6.260000228881836,6.449999809265137,521700,0.0,0.0
2022-07-11 00:00:00-04:00,6.389999866485596,6.429999828338623,6.190000057220459,6.199999809265137,354100,0.0,0.0
2022-07-12 00:00:00-04:00,6.21999979019165,6.340000152587891,6.159999847412109,6.230000019073486,477700,0.0,0.0
2022-07-13 00:00:00-04:00,6.119999885559082,6.179999828338623,5.960000038146973,6.099999904632568,345500,0.0,0.0
2022-07-14 00:00:00-04:00,6.0,6.070000171661377,5.900000095367432,6.070000171661377,309000,0.0,0.0
2022-07-15 00:00:00-04:00,6.25,6.289999961853027,6.070000171661377,6.269999980926514,354800,0.0,0.0
2022-07-18 00:00:00-04:00,6.449999809265137,6.679999828338623,6.409999847412109,6.53000020980835,433600,0.0,0.0
2022-07-19 00:00:00-04:00,6.659999847412109,7.159999847412109,6.650000095367432,6.989999771118164,853700,0.0,0.0
2022-07-20 00:00:00-04:00,7.019999980926514,7.369999885559082,6.989999771118164,7.340000152587891,634100,0.0,0.0
2022-07-21 00:00:00-04:00,7.349999904632568,7.389999866485596,7.150000095367432,7.340000152587891,462600,0.0,0.0
2022-07-22 00:00:00-04:00,7.309999942779541,7.360000133514404,6.989999771118164,7.130000114440918,468000,0.0,0.0
2022-07-25 00:00:00-04:00,7.059999942779541,7.25,7.03000020980835,7.230000019073486,439300,0.0,0.0
2022-07-26 00:00:00-04:00,7.210000038146973,7.210000038146973,6.670000076293945,6.699999809265137,475200,0.0,0.0
2022-07-27 00:00:00-04:00,6.730000019073486,6.960000038146973,6.610000133514404,6.900000095367432,472100,0.0,0.0
2022-07-28 00:00:00-04:00,6.909999847412109,7.019999980926514,6.690000057220459,6.71999979019165,392900,0.0,0.0
2022-07-29 00:00:00-04:00,6.690000057220459,7.050000190734863,6.650000095367432,7.03000020980835,449900,0.0,0.0
2022-08-01 00:00:00-04:00,6.960000038146973,6.980000019073486,6.690000057220459,6.920000076293945,471800,0.0,0.0
2022-08-02 00:00:00-04:00,6.920000076293945,7.25,6.920000076293945,7.130000114440918,371100,0.0,0.0
2022-08-03 00:00:00-04:00,7.230000019073486,7.360000133514404,7.170000076293945,7.269999980926514,389600,0.0,0.0
2022-08-04 00:00:00-04:00,7.21999979019165,7.360000133514404,7.150000095367432,7.349999904632568,311800,0.0,0.0
2022-08-05 00:00:00-04:00,7.25,7.429999828338623,7.159999847412109,7.420000076293945,382600,0.0,0.0
2022-08-08 00:00:00-04:00,7.429999828338623,7.570000171661377,7.260000228881836,7.440000057220459,552700,0.0,0.0
2022-08-09 00:00:00-04:00,7.400000095367432,7.46999979019165,7.130000114440918,7.179999828338623,576900,0.0,0.0
2022-08-10 00:00:00-04:00,8.100000381469727,8.109999656677246,7.559999942779541,7.570000171661377,1920400,0.0,0.0
2022-08-11 00:00:00-04:00,7.53000020980835,7.570000171661377,7.010000228881836,7.21999979019165,1385400,0.0,0.0
2022-08-12 00:00:00-04:00,7.239999771118164,7.420000076293945,7.050000190734863,7.059999942779541,545600,0.0,0.0
2022-08-15 00:00:00-04:00,7.010000228881836,7.210000038146973,6.96999979019165,7.050000190734863,412000,0.0,0.0
2022-08-16 00:00:00-04:00,7.079999923706055,7.210000038146973,6.96999979019165,7.039999961853027,496500,0.0,0.0
2022-08-17 00:00:00-04:00,6.909999847412109,6.949999809265137,6.690000057220459,6.829999923706055,413600,0.0,0.0
2022-08-18 00:00:00-04:00,6.78000020980835,6.920000076293945,6.75,6.860000133514404,351600,0.0,0.0
2022-08-19 00:00:00-04:00,6.760000228881836,6.78000020980835,6.599999904632568,6.630000114440918,358900,0.0,0.0
2022-08-22 00:00:00-04:00,6.510000228881836,6.659999847412109,6.510000228881836,6.590000152587891,465400,0.0,0.0
2022-08-23 00:00:00-04:00,6.610000133514404,6.710000038146973,6.510000228881836,6.539999961853027,355400,0.0,0.0
2022-08-24 00:00:00-04:00,6.519999980926514,6.670000076293945,6.480000019073486,6.519999980926514,459900,0.0,0.0
2022-08-25 00:00:00-04:00,6.599999904632568,6.78000020980835,6.53000020980835,6.739999771118164,490200,0.0,0.0
2022-08-26 00:00:00-04:00,6.690000057220459,6.760000228881836,6.449999809265137,6.5,405400,0.0,0.0
2022-08-29 00:00:00-04:00,6.380000114440918,6.5,6.239999771118164,6.25,524000,0.0,0.0
2022-08-30 00:00:00-04:00,6.28000020980835,6.380000114440918,6.159999847412109,6.21999979019165,403500,0.0,0.0
2022-08-31 00:00:00-04:00,6.25,6.269999980926514,6.03000020980835,6.090000152587891,1118900,0.0,0.0
2022-09-01 00:00:00-04:00,6.039999961853027,6.050000190734863,5.800000190734863,5.940000057220459,570700,0.0,0.0
2022-09-02 00:00:00-04:00,6.0,6.0,5.670000076293945,5.699999809265137,479300,0.0,0.0
2022-09-06 00:00:00-04:00,5.699999809265137,5.789999961853027,5.559999942779541,5.639999866485596,731600,0.0,0.0
2022-09-07 00:00:00-04:00,5.619999885559082,5.909999847412109,5.619999885559082,5.880000114440918,816000,0.0,0.0
2022-09-08 00:00:00-04:00,5.769999980926514,5.800000190734863,5.659999847412109,5.699999809265137,490700,0.0,0.0
2022-09-09 00:00:00-04:00,5.769999980926514,5.869999885559082,5.650000095367432,5.670000076293945,562300,0.0,0.0
2022-09-12 00:00:00-04:00,5.71999979019165,5.760000228881836,5.610000133514404,5.75,474100,0.0,0.0
2022-09-13 00:00:00-04:00,5.599999904632568,5.610000133514404,5.409999847412109,5.449999809265137,712700,0.0,0.0
2022-09-14 00:00:00-04:00,5.46999979019165,5.510000228881836,5.369999885559082,5.480000019073486,728600,0.0,0.0
2022-09-15 00:00:00-04:00,5.400000095367432,5.510000228881836,5.340000152587891,5.360000133514404,463400,0.0,0.0
2022-09-16 00:00:00-04:00,5.269999980926514,5.360000133514404,5.199999809265137,5.309999942779541,771400,0.0,0.0
2022-09-19 00:00:00-04:00,5.210000038146973,5.329999923706055,5.170000076293945,5.269999980926514,555300,0.0,0.0
2022-09-20 00:00:00-04:00,5.179999828338623,5.25,5.139999866485596,5.190000057220459,489700,0.0,0.0
2022-09-21 00:00:00-04:00,5.21999979019165,5.260000228881836,5.079999923706055,5.090000152587891,501600,0.0,0.0
2022-09-22 00:00:00-04:00,5.119999885559082,5.119999885559082,4.789999961853027,4.889999866485596,671300,0.0,0.0
2022-09-23 00:00:00-04:00,4.900000095367432,4.900000095367432,4.739999771118164,4.809999942779541,478900,0.0,0.0
2022-09-26 00:00:00-04:00,4.769999980926514,4.96999979019165,4.670000076293945,4.679999828338623,507800,0.0,0.0
2022-09-27 00:00:00-04:00,4.679999828338623,4.820000171661377,4.579999923706055,4.639999866485596,689700,0.0,0.0
2022-09-28 00:00:00-04:00,4.670000076293945,4.820000171661377,4.650000095367432,4.78000020980835,542500,0.0,0.0
2022-09-29 00:00:00-04:00,4.710000038146973,4.75,4.599999904632568,4.699999809265137,416100,0.0,0.0
2022-09-30 00:00:00-04:00,4.659999847412109,4.840000152587891,4.639999866485596,4.639999866485596,778100,0.0,0.0
2022-10-03 00:00:00-04:00,4.679999828338623,4.769999980926514,4.590000152587891,4.760000228881836,415500,0.0,0.0
2022-10-04 00:00:00-04:00,4.869999885559082,4.980000019073486,4.860000133514404,4.96999979019165,436600,0.0,0.0
2022-10-05 00:00:00-04:00,4.869999885559082,4.940000057220459,4.78000020980835,4.869999885559082,581500,0.0,0.0
2022-10-06 00:00:00-04:00,4.869999885559082,4.96999979019165,4.829999923706055,4.849999904632568,356500,0.0,0.0
2022-10-07 00:00:00-04:00,4.789999961853027,4.809999942779541,4.619999885559082,4.659999847412109,440700,0.0,0.0
2022-10-10 00:00:00-04:00,4.699999809265137,4.699999809265137,4.53000020980835,4.539999961853027,365200,0.0,0.0
2022-10-11 00:00:00-04:00,4.510000228881836,4.559999942779541,4.349999904632568,4.429999828338623,554200,0.0,0.0
2022-10-12 00:00:00-04:00,4.460000038146973,4.619999885559082,4.400000095367432,4.53000020980835,461400,0.0,0.0
2022-10-13 00:00:00-04:00,4.46999979019165,4.590000152587891,4.409999847412109,4.519999980926514,618300,0.0,0.0
2022-10-14 00:00:00-04:00,4.550000190734863,4.599999904632568,4.380000114440918,4.409999847412109,522200,0.0,0.0
2022-10-17 00:00:00-04:00,4.539999961853027,4.659999847412109,4.5,4.579999923706055,576600,0.0,0.0
2022-10-18 00:00:00-04:00,4.739999771118164,4.829999923706055,4.510000228881836,4.550000190734863,452300,0.0,0.0
2022-10-19 00:00:00-04:00,4.460000038146973,4.53000020980835,4.28000020980835,4.320000171661377,479200,0.0,0.0
2022-10-20 00:00:00-04:00,4.28000020980835,4.510000228881836,4.28000020980835,4.400000095367432,481000,0.0,0.0
2022-10-21 00:00:00-04:00,4.440000057220459,4.920000076293945,4.409999847412109,4.849999904632568,918100,0.0,0.0
2022-10-24 00:00:00-04:00,4.829999923706055,4.909999847412109,4.630000114440918,4.909999847412109,608500,0.0,0.0
2022-10-25 00:00:00-04:00,4.889999866485596,5.329999923706055,4.889999866485596,5.210000038146973,813000,0.0,0.0
2022-10-26 00:00:00-04:00,5.21999979019165,5.309999942779541,5.099999904632568,5.230000019073486,509800,0.0,0.0
2022-10-27 00:00:00-04:00,5.25,5.389999866485596,5.199999809265137,5.289999961853027,397300,0.0,0.0
2022-10-28 00:00:00-04:00,5.28000020980835,5.429999828338623,5.199999809265137,5.199999809265137,547100,0.0,0.0
2022-10-31 00:00:00-04:00,5.199999809265137,5.289999961853027,5.150000095367432,5.150000095367432,805400,0.0,0.0
2022-11-01 00:00:00-04:00,5.25,5.53000020980835,5.099999904632568,5.150000095367432,468500,0.0,0.0
2022-11-02 00:00:00-04:00,5.099999904632568,5.230000019073486,4.909999847412109,4.929999828338623,683100,0.0,0.0
2022-11-03 00:00:00-04:00,4.900000095367432,4.909999847412109,4.659999847412109,4.670000076293945,404200,0.0,0.0
2022-11-04 00:00:00-04:00,4.760000228881836,4.760000228881836,4.510000228881836,4.699999809265137,679800,0.0,0.0
2022-11-07 00:00:00-05:00,4.739999771118164,4.769999980926514,4.510000228881836,4.659999847412109,511600,0.0,0.0
2022-11-08 00:00:00-05:00,4.699999809265137,4.849999904632568,4.590000152587891,4.679999828338623,898700,0.0,0.0
2022-11-09 00:00:00-05:00,4.300000190734863,4.380000114440918,2.930000066757202,3.2799999713897705,3833800,0.0,0.0
2022-11-10 00:00:00-05:00,3.4100000858306885,3.7300000190734863,3.299999952316284,3.7100000381469727,2386100,0.0,0.0
2022-11-11 00:00:00-05:00,3.7899999618530273,4.190000057220459,3.7699999809265137,3.8499999046325684,1498700,0.0,0.0
2022-11-14 00:00:00-05:00,3.799999952316284,3.9800000190734863,3.6600000858306885,3.9000000953674316,1021800,0.0,0.0
2022-11-15 00:00:00-05:00,4.059999942779541,4.289999961853027,4.010000228881836,4.190000057220459,1058500,0.0,0.0
2022-11-16 00:00:00-05:00,4.110000133514404,4.21999979019165,4.010000228881836,4.139999866485596,660900,0.0,0.0
2022-11-17 00:00:00-05:00,4.0,4.090000152587891,3.930000066757202,4.010000228881836,691800,0.0,0.0
2022-11-18 00:00:00-05:00,4.130000114440918,4.170000076293945,4.019999980926514,4.099999904632568,557100,0.0,0.0
2022-11-21 00:00:00-05:00,4.019999980926514,4.059999942779541,3.9000000953674316,4.019999980926514,616000,0.0,0.0
2022-11-22 00:00:00-05:00,4.019999980926514,4.03000020980835,3.9100000858306885,3.940000057220459,343100,0.0,0.0
2022-11-23 00:00:00-05:00,3.9100000858306885,3.9800000190734863,3.890000104904175,3.890000104904175,276800,0.0,0.0
2022-11-25 00:00:00-05:00,3.880000114440918,3.9100000858306885,3.859999895095825,3.880000114440918,140100,0.0,0.0
2022-11-28 00:00:00-05:00,3.799999952316284,3.8499999046325684,3.7300000190734863,3.799999952316284,579800,0.0,0.0
2022-11-29 00:00:00-05:00,3.869999885559082,3.869999885559082,3.7300000190734863,3.740000009536743,487100,0.0,0.0
2022-11-30 00:00:00-05:00,3.700000047683716,3.819999933242798,3.5,3.819999933242798,922000,0.0,0.0
2022-12-01 00:00:00-05:00,3.7799999713897705,3.930000066757202,3.700000047683716,3.759999990463257,677400,0.0,0.0
2022-12-02 00:00:00-05:00,3.680000066757202,3.7799999713897705,3.630000114440918,3.75,637500,0.0,0.0
2022-12-05 00:00:00-05:00,3.7200000286102295,3.7200000286102295,3.509999990463257,3.5199999809265137,565800,0.0,0.0
2022-12-06 00:00:00-05:00,3.5299999713897705,3.549999952316284,3.309999942779541,3.3499999046325684,593300,0.0,0.0
2022-12-07 00:00:00-05:00,3.3499999046325684,3.4200000762939453,3.2699999809265137,3.3399999141693115,666000,0.0,0.0
2022-12-08 00:00:00-05:00,3.369999885559082,3.4200000762939453,3.2799999713897705,3.390000104904175,618800,0.0,0.0
2022-12-09 00:00:00-05:00,3.369999885559082,3.4800000190734863,3.3399999141693115,3.3399999141693115,326000,0.0,0.0
2022-12-12 00:00:00-05:00,3.369999885559082,3.4700000286102295,3.3399999141693115,3.4100000858306885,490600,0.0,0.0
2022-12-13 00:00:00-05:00,3.5299999713897705,3.630000114440918,3.259999990463257,3.299999952316284,870400,0.0,0.0
2022-12-14 00:00:00-05:00,3.299999952316284,3.390000104904175,3.2200000286102295,3.3299999237060547,837700,0.0,0.0
2022-12-15 00:00:00-05:00,3.2799999713897705,3.3299999237060547,3.190000057220459,3.200000047683716,648200,0.0,0.0
2022-12-16 00:00:00-05:00,3.1700000762939453,3.25,3.069999933242798,3.2300000190734863,1287100,0.0,0.0
2022-12-19 00:00:00-05:00,3.2300000190734863,3.259999990463257,3.119999885559082,3.1500000953674316,721200,0.0,0.0
2022-12-20 00:00:00-05:00,3.1500000953674316,3.440000057220459,3.1500000953674316,3.4000000953674316,787600,0.0,0.0
2022-12-21 00:00:00-05:00,3.4200000762939453,3.559999942779541,3.359999895095825,3.5199999809265137,585100,0.0,0.0
2022-12-22 00:00:00-05:00,3.440000057220459,3.5799999237060547,3.369999885559082,3.4800000190734863,516000,0.0,0.0
2022-12-23 00:00:00-05:00,3.4600000381469727,3.5299999713897705,3.4100000858306885,3.450000047683716,337400,0.0,0.0
2022-12-27 00:00:00-05:00,3.4700000286102295,3.5,3.4100000858306885,3.450000047683716,349300,0.0,0.0
2022-12-28 00:00:00-05:00,3.4600000381469727,3.549999952316284,3.4200000762939453,3.5399999618530273,487800,0.0,0.0
2022-12-29 00:00:00-05:00,3.549999952316284,3.6500000953674316,3.359999895095825,3.4600000381469727,1028000,0.0,0.0
2022-12-30 00:00:00-05:00,3.390000104904175,3.5999999046325684,3.390000104904175,3.509999990463257,1032700,0.0,0.0
2023-01-03 00:00:00-05:00,3.5799999237060547,3.690000057220459,3.5,3.6600000858306885,566400,0.0,0.0
2023-01-04 00:00:00-05:00,3.630000114440918,3.759999990463257,3.619999885559082,3.700000047683716,401200,0.0,0.0
2023-01-05 00:00:00-05:00,3.680000066757202,3.7200000286102295,3.5799999237060547,3.5899999141693115,368600,0.0,0.0
2023-01-06 00:00:00-05:00,3.640000104904175,3.799999952316284,3.549999952316284,3.7899999618530273,355500,0.0,0.0
2023-01-09 00:00:00-05:00,3.7899999618530273,3.869999885559082,3.75,3.819999933242798,345300,0.0,0.0
2023-01-10 00:00:00-05:00,3.7899999618530273,3.890000104904175,3.7200000286102295,3.880000114440918,693600,0.0,0.0
2023-01-11 00:00:00-05:00,3.9200000762939453,3.9200000762939453,3.7200000286102295,3.740000009536743,541200,0.0,0.0
2023-01-12 00:00:00-05:00,3.740000009536743,3.9200000762939453,3.680000066757202,3.8399999141693115,715900,0.0,0.0
2023-01-13 00:00:00-05:00,3.8299999237060547,3.940000057220459,3.7899999618530273,3.930000066757202,538400,0.0,0.0
2023-01-17 00:00:00-05:00,3.869999885559082,4.070000171661377,3.869999885559082,4.019999980926514,533700,0.0,0.0
2023-01-18 00:00:00-05:00,4.070000171661377,4.170000076293945,4.039999961853027,4.050000190734863,430200,0.0,0.0
2023-01-19 00:00:00-05:00,4.019999980926514,4.050000190734863,3.809999942779541,3.890000104904175,551200,0.0,0.0
2023-01-20 00:00:00-05:00,3.940000057220459,3.9800000190734863,3.8299999237060547,3.869999885559082,832700,0.0,0.0
2023-01-23 00:00:00-05:00,3.869999885559082,3.950000047683716,3.819999933242798,3.9000000953674316,643600,0.0,0.0
2023-01-24 00:00:00-05:00,3.940000057220459,3.940000057220459,3.75,3.7699999809265137,309800,0.0,0.0
2023-01-25 00:00:00-05:00,3.7300000190734863,3.75,3.569999933242798,3.740000009536743,263900,0.0,0.0
2023-01-26 00:00:00-05:00,3.740000009536743,3.799999952316284,3.6500000953674316,3.7200000286102295,472400,0.0,0.0
2023-01-27 00:00:00-05:00,3.7100000381469727,3.7799999713897705,3.6700000762939453,3.7200000286102295,429000,0.0,0.0
2023-01-30 00:00:00-05:00,3.6600000858306885,3.7699999809265137,3.609999895095825,3.680000066757202,292300,0.0,0.0
2023-01-31 00:00:00-05:00,3.7200000286102295,3.8299999237060547,3.680000066757202,3.75,1108100,0.0,0.0
2023-02-01 00:00:00-05:00,3.759999990463257,3.9100000858306885,3.640000104904175,3.880000114440918,1359200,0.0,0.0
2023-02-02 00:00:00-05:00,3.950000047683716,4.329999923706055,3.940000057220459,4.309999942779541,1115000,0.0,0.0
2023-02-03 00:00:00-05:00,4.199999809265137,4.409999847412109,4.190000057220459,4.320000171661377,570900,0.0,0.0
2023-02-06 00:00:00-05:00,4.320000171661377,4.329999923706055,4.199999809265137,4.199999809265137,369300,0.0,0.0
2023-02-07 00:00:00-05:00,4.199999809265137,4.400000095367432,4.130000114440918,4.389999866485596,463400,0.0,0.0
2023-02-08 00:00:00-05:00,4.349999904632568,4.440000057220459,4.289999961853027,4.309999942779541,511600,0.0,0.0
2023-02-09 00:00:00-05:00,4.380000114440918,4.460000038146973,4.210000038146973,4.210000038146973,416300,0.0,0.0
2023-02-10 00:00:00-05:00,4.170000076293945,4.25,4.150000095367432,4.210000038146973,272600,0.0,0.0
2023-02-13 00:00:00-05:00,4.21999979019165,4.28000020980835,4.159999847412109,4.230000019073486,291500,0.0,0.0
2023-02-14 00:00:00-05:00,4.190000057220459,4.360000133514404,4.170000076293945,4.289999961853027,361200,0.0,0.0
2023-02-15 00:00:00-05:00,4.269999980926514,4.400000095367432,4.260000228881836,4.400000095367432,263600,0.0,0.0
2023-02-16 00:00:00-05:00,4.320000171661377,4.369999885559082,4.28000020980835,4.320000171661377,294700,0.0,0.0
2023-02-17 00:00:00-05:00,4.349999904632568,4.389999866485596,4.309999942779541,4.369999885559082,270200,0.0,0.0
2023-02-21 00:00:00-05:00,4.329999923706055,4.360000133514404,4.119999885559082,4.119999885559082,368200,0.0,0.0
2023-02-22 00:00:00-05:00,4.119999885559082,4.190000057220459,3.9700000286102295,4.0,504300,0.0,0.0
2023-02-23 00:00:00-05:00,4.03000020980835,4.059999942779541,3.890000104904175,3.9600000381469727,653500,0.0,0.0
2023-02-24 00:00:00-05:00,3.869999885559082,3.9100000858306885,3.7899999618530273,3.8399999141693115,420600,0.0,0.0
2023-02-27 00:00:00-05:00,3.890000104904175,3.890000104904175,3.75,3.819999933242798,453300,0.0,0.0
2023-02-28 00:00:00-05:00,3.8499999046325684,3.859999895095825,3.7799999713897705,3.799999952316284,827100,0.0,0.0
2023-03-01 00:00:00-05:00,3.799999952316284,3.809999942779541,3.5999999046325684,3.6500000953674316,737800,0.0,0.0
2023-03-02 00:00:00-05:00,3.630000114440918,3.7200000286102295,3.5799999237060547,3.700000047683716,736500,0.0,0.0
2023-03-03 00:00:00-05:00,3.75,3.7699999809265137,3.6700000762939453,3.7300000190734863,756400,0.0,0.0
2023-03-06 00:00:00-05:00,3.75,3.7699999809265137,3.5799999237060547,3.619999885559082,1827200,0.0,0.0
2023-03-07 00:00:00-05:00,3.5999999046325684,3.6600000858306885,3.369999885559082,3.569999933242798,1669600,0.0,0.0
2023-03-08 00:00:00-05:00,4.150000095367432,5.420000076293945,4.150000095367432,5.360000133514404,15255600,0.0,0.0
2023-03-09 00:00:00-05:00,5.230000019073486,6.03000020980835,5.159999847412109,5.960000038146973,6277900,0.0,0.0
2023-03-10 00:00:00-05:00,5.920000076293945,6.079999923706055,5.590000152587891,5.610000133514404,3141100,0.0,0.0
2023-03-13 00:00:00-04:00,5.46999979019165,5.579999923706055,5.269999980926514,5.300000190734863,1582700,0.0,0.0
2023-03-14 00:00:00-04:00,5.460000038146973,5.5,5.300000190734863,5.46999979019165,979900,0.0,0.0
2023-03-15 00:00:00-04:00,5.349999904632568,5.769999980926514,5.320000171661377,5.739999771118164,1378500,0.0,0.0
2023-03-16 00:00:00-04:00,5.670000076293945,6.050000190734863,5.599999904632568,5.889999866485596,1391200,0.0,0.0
2023-03-17 00:00:00-04:00,5.889999866485596,5.960000038146973,5.690000057220459,5.769999980926514,2036900,0.0,0.0
2023-03-20 00:00:00-04:00,5.75,5.809999942779541,5.420000076293945,5.429999828338623,841800,0.0,0.0
2023-03-21 00:00:00-04:00,5.480000019073486,5.739999771118164,5.46999979019165,5.699999809265137,795500,0.0,0.0
2023-03-22 00:00:00-04:00,5.710000038146973,5.909999847412109,5.650000095367432,5.739999771118164,918500,0.0,0.0
2023-03-23 00:00:00-04:00,5.800000190734863,5.849999904632568,5.579999923706055,5.590000152587891,947100,0.0,0.0
2023-03-24 00:00:00-04:00,5.590000152587891,5.639999866485596,5.389999866485596,5.400000095367432,869900,0.0,0.0
2023-03-27 00:00:00-04:00,5.409999847412109,5.550000190734863,5.309999942779541,5.489999771118164,775000,0.0,0.0
2023-03-28 00:00:00-04:00,5.449999809265137,5.539999961853027,5.360000133514404,5.420000076293945,674700,0.0,0.0
2023-03-29 00:00:00-04:00,5.46999979019165,5.869999885559082,5.429999828338623,5.71999979019165,1165700,0.0,0.0
2023-03-30 00:00:00-04:00,5.75,5.849999904632568,5.650000095367432,5.829999923706055,719100,0.0,0.0
2023-03-31 00:00:00-04:00,5.880000114440918,6.150000095367432,5.880000114440918,6.059999942779541,1131700,0.0,0.0
2023-04-03 00:00:00-04:00,6.039999961853027,6.179999828338623,5.809999942779541,6.03000020980835,1061300,0.0,0.0
2023-04-04 00:00:00-04:00,6.070000171661377,6.329999923706055,6.019999980926514,6.269999980926514,1079600,0.0,0.0
2023-04-05 00:00:00-04:00,6.199999809265137,6.380000114440918,6.159999847412109,6.289999961853027,935400,0.0,0.0
2023-04-06 00:00:00-04:00,6.25,6.570000171661377,6.25,6.519999980926514,1162200,0.0,0.0
2023-04-10 00:00:00-04:00,6.480000019073486,6.619999885559082,6.369999885559082,6.539999961853027,1048500,0.0,0.0
2023-04-11 00:00:00-04:00,6.610000133514404,6.619999885559082,6.349999904632568,6.400000095367432,654000,0.0,0.0
2023-04-12 00:00:00-04:00,6.489999771118164,6.619999885559082,6.349999904632568,6.389999866485596,792800,0.0,0.0
2023-04-13 00:00:00-04:00,6.460000038146973,6.610000133514404,6.460000038146973,6.539999961853027,653800,0.0,0.0
2023-04-14 00:00:00-04:00,6.510000228881836,6.599999904632568,6.349999904632568,6.409999847412109,476500,0.0,0.0
2023-04-17 00:00:00-04:00,6.429999828338623,6.550000190734863,6.329999923706055,6.489999771118164,479500,0.0,0.0
2023-04-18 00:00:00-04:00,6.489999771118164,6.550000190734863,6.360000133514404,6.460000038146973,358400,0.0,0.0
2023-04-19 00:00:00-04:00,6.369999885559082,6.46999979019165,6.300000190734863,6.449999809265137,503300,0.0,0.0
2023-04-20 00:00:00-04:00,6.349999904632568,6.449999809265137,6.320000171661377,6.429999828338623,503000,0.0,0.0
2023-04-21 00:00:00-04:00,6.409999847412109,6.809999942779541,6.380000114440918,6.710000038146973,1074900,0.0,0.0
2023-04-24 00:00:00-04:00,6.650000095367432,6.679999828338623,6.440000057220459,6.519999980926514,841000,0.0,0.0
2023-04-25 00:00:00-04:00,6.480000019073486,6.519999980926514,6.179999828338623,6.230000019073486,799400,0.0,0.0
2023-04-26 00:00:00-04:00,6.230000019073486,6.400000095367432,6.190000057220459,6.369999885559082,650100,0.0,0.0
2023-04-27 00:00:00-04:00,6.449999809265137,6.449999809265137,6.269999980926514,6.400000095367432,598300,0.0,0.0
2023-04-28 00:00:00-04:00,6.409999847412109,6.510000228881836,6.349999904632568,6.440000057220459,586900,0.0,0.0
2023-05-01 00:00:00-04:00,6.449999809265137,6.699999809265137,6.440000057220459,6.630000114440918,692900,0.0,0.0
2023-05-02 00:00:00-04:00,6.570000171661377,6.579999923706055,6.25,6.329999923706055,616700,0.0,0.0
2023-05-03 00:00:00-04:00,6.309999942779541,6.539999961853027,6.239999771118164,6.46999979019165,708000,0.0,0.0
2023-05-04 00:00:00-04:00,6.400000095367432,6.619999885559082,6.28000020980835,6.489999771118164,629600,0.0,0.0
2023-05-05 00:00:00-04:00,6.579999923706055,6.769999980926514,6.559999942779541,6.690000057220459,783100,0.0,0.0
2023-05-08 00:00:00-04:00,6.730000019073486,6.96999979019165,6.699999809265137,6.889999866485596,773900,0.0,0.0
2023-05-09 00:00:00-04:00,6.849999904632568,6.980000019073486,6.820000171661377,6.900000095367432,624100,0.0,0.0
2023-05-10 00:00:00-04:00,6.949999809265137,7.139999866485596,6.880000114440918,7.110000133514404,848900,0.0,0.0
2023-05-11 00:00:00-04:00,7.139999866485596,7.170000076293945,7.010000228881836,7.050000190734863,1283300,0.0,0.0
2023-05-12 00:00:00-04:00,7.409999847412109,9.3100004196167,7.349999904632568,8.970000267028809,7089400,0.0,0.0
2023-05-15 00:00:00-04:00,8.9399995803833,9.539999961853027,8.720000267028809,9.449999809265137,3451400,0.0,0.0
2023-05-16 00:00:00-04:00,9.260000228881836,9.489999771118164,9.15999984741211,9.1899995803833,1904900,0.0,0.0
2023-05-17 00:00:00-04:00,9.369999885559082,9.449999809265137,9.1899995803833,9.260000228881836,1576700,0.0,0.0
2023-05-18 00:00:00-04:00,9.270000457763672,9.6899995803833,9.229999542236328,9.640000343322754,1928900,0.0,0.0
2023-05-19 00:00:00-04:00,9.75,9.8100004196167,9.09000015258789,9.25,1228100,0.0,0.0
2023-05-22 00:00:00-04:00,9.300000190734863,9.40999984741211,9.079999923706055,9.260000228881836,1158900,0.0,0.0
2023-05-23 00:00:00-04:00,9.279999732971191,9.600000381469727,9.199999809265137,9.25,1061900,0.0,0.0
2023-05-24 00:00:00-04:00,9.100000381469727,9.350000381469727,9.039999961853027,9.15999984741211,803900,0.0,0.0
2023-05-25 00:00:00-04:00,9.300000190734863,9.40999984741211,9.140000343322754,9.289999961853027,738500,0.0,0.0
2023-05-26 00:00:00-04:00,9.329999923706055,9.460000038146973,9.039999961853027,9.350000381469727,1218300,0.0,0.0
2023-05-30 00:00:00-04:00,9.59000015258789,9.729999542236328,9.359999656677246,9.65999984741211,1523400,0.0,0.0
2023-05-31 00:00:00-04:00,9.5600004196167,9.739999771118164,9.420000076293945,9.670000076293945,3182500,0.0,0.0
2023-06-01 00:00:00-04:00,9.619999885559082,9.619999885559082,9.229999542236328,9.600000381469727,1226300,0.0,0.0
2023-06-02 00:00:00-04:00,9.899999618530273,10.119999885559082,9.510000228881836,9.890000343322754,2011200,0.0,0.0
2023-06-05 00:00:00-04:00,9.739999771118164,9.829999923706055,9.369999885559082,9.5600004196167,866800,0.0,0.0
2023-06-06 00:00:00-04:00,9.510000228881836,9.770000457763672,9.479999542236328,9.710000038146973,599900,0.0,0.0
2023-06-07 00:00:00-04:00,9.8100004196167,10.0600004196167,9.65999984741211,9.670000076293945,853300,0.0,0.0
2023-06-08 00:00:00-04:00,9.619999885559082,9.779999732971191,9.229999542236328,9.239999771118164,1340000,0.0,0.0
2023-06-09 00:00:00-04:00,9.300000190734863,9.430000305175781,9.069999694824219,9.09000015258789,816000,0.0,0.0
2023-06-12 00:00:00-04:00,9.09000015258789,9.359999656677246,9.069999694824219,9.289999961853027,641500,0.0,0.0
2023-06-13 00:00:00-04:00,9.430000305175781,9.670000076293945,9.270000457763672,9.369999885559082,1322000,0.0,0.0
2023-06-14 00:00:00-04:00,9.319999694824219,9.399999618530273,9.15999984741211,9.279999732971191,782700,0.0,0.0
2023-06-15 00:00:00-04:00,9.199999809265137,9.529999732971191,9.1899995803833,9.489999771118164,944200,0.0,0.0
2023-06-16 00:00:00-04:00,9.609999656677246,9.609999656677246,9.130000114440918,9.380000114440918,1194000,0.0,0.0
2023-06-20 00:00:00-04:00,9.300000190734863,9.800000190734863,9.239999771118164,9.489999771118164,1228500,0.0,0.0
2023-06-21 00:00:00-04:00,9.4399995803833,9.510000228881836,9.25,9.260000228881836,767000,0.0,0.0
2023-06-22 00:00:00-04:00,9.1899995803833,9.420000076293945,8.890000343322754,9.380000114440918,973600,0.0,0.0
2023-06-23 00:00:00-04:00,9.220000267028809,9.359999656677246,9.09000015258789,9.170000076293945,1671600,0.0,0.0
2023-06-26 00:00:00-04:00,9.149999618530273,9.210000038146973,8.880000114440918,9.069999694824219,1136500,0.0,0.0
2023-06-27 00:00:00-04:00,9.149999618530273,9.260000228881836,8.949999809265137,9.260000228881836,886200,0.0,0.0
2023-06-28 00:00:00-04:00,9.1899995803833,9.649999618530273,9.15999984741211,9.59000015258789,1261000,0.0,0.0
2023-06-29 00:00:00-04:00,10.300000190734863,11.15999984741211,10.25,10.65999984741211,3482900,0.0,0.0
2023-06-30 00:00:00-04:00,10.770000457763672,11.3100004196167,10.760000228881836,10.90999984741211,1285200,0.0,0.0
2023-07-03 00:00:00-04:00,10.819999694824219,11.039999961853027,10.770000457763672,10.859999656677246,510700,0.0,0.0
2023-07-05 00:00:00-04:00,10.800000190734863,10.979999542236328,10.4399995803833,10.609999656677246,1815000,0.0,0.0
2023-07-06 00:00:00-04:00,10.5,10.630000114440918,10.390000343322754,10.600000381469727,660700,0.0,0.0
2023-07-07 00:00:00-04:00,10.65999984741211,11.010000228881836,10.65999984741211,10.979999542236328,691500,0.0,0.0
2023-07-10 00:00:00-04:00,10.899999618530273,11.229999542236328,10.890000343322754,11.15999984741211,611800,0.0,0.0
2023-07-11 00:00:00-04:00,11.130000114440918,11.220000267028809,10.859999656677246,10.989999771118164,796800,0.0,0.0
2023-07-12 00:00:00-04:00,11.109999656677246,11.260000228881836,11.020000457763672,11.140000343322754,578300,0.0,0.0
2023-07-13 00:00:00-04:00,11.15999984741211,11.239999771118164,11.079999923706055,11.180000305175781,480300,0.0,0.0
2023-07-14 00:00:00-04:00,11.09000015258789,11.109999656677246,10.800000190734863,10.819999694824219,577000,0.0,0.0
2023-07-17 00:00:00-04:00,10.920000076293945,11.539999961853027,10.84000015258789,11.399999618530273,1167700,0.0,0.0
2023-07-18 00:00:00-04:00,11.380000114440918,11.380000114440918,10.9399995803833,11.15999984741211,721000,0.0,0.0
2023-07-19 00:00:00-04:00,11.239999771118164,11.289999961853027,11.050000190734863,11.25,671300,0.0,0.0
2023-07-20 00:00:00-04:00,11.229999542236328,11.380000114440918,10.65999984741211,10.739999771118164,778900,0.0,0.0
2023-07-21 00:00:00-04:00,10.9399995803833,11.039999961853027,10.739999771118164,10.739999771118164,575400,0.0,0.0
2023-07-24 00:00:00-04:00,10.760000228881836,10.880000114440918,10.609999656677246,10.859999656677246,419000,0.0,0.0
2023-07-25 00:00:00-04:00,10.850000381469727,11.109999656677246,10.819999694824219,11.050000190734863,400000,0.0,0.0
2023-07-26 00:00:00-04:00,10.979999542236328,11.140000343322754,10.899999618530273,11.029999732971191,472400,0.0,0.0
2023-07-27 00:00:00-04:00,11.140000343322754,11.180000305175781,10.800000190734863,10.829999923706055,413500,0.0,0.0
2023-07-28 00:00:00-04:00,10.930000305175781,11.239999771118164,10.920000076293945,11.180000305175781,512200,0.0,0.0
2023-07-31 00:00:00-04:00,11.180000305175781,11.430000305175781,11.180000305175781,11.359999656677246,654700,0.0,0.0
2023-08-01 00:00:00-04:00,11.300000190734863,11.40999984741211,11.149999618530273,11.289999961853027,610700,0.0,0.0
2023-08-02 00:00:00-04:00,11.119999885559082,11.279999732971191,10.90999984741211,11.25,1306800,0.0,0.0
2023-08-03 00:00:00-04:00,10.949999809265137,11.390000343322754,10.920000076293945,11.34000015258789,545600,0.0,0.0
2023-08-04 00:00:00-04:00,11.399999618530273,11.5,11.079999923706055,11.220000267028809,753800,0.0,0.0
2023-08-07 00:00:00-04:00,11.279999732971191,11.359999656677246,10.979999542236328,11.350000381469727,1231800,0.0,0.0
2023-08-08 00:00:00-04:00,11.260000228881836,11.489999771118164,11.15999984741211,11.479999542236328,758800,0.0,0.0
2023-08-09 00:00:00-04:00,11.390000343322754,11.479999542236328,9.989999771118164,10.140000343322754,1388000,0.0,0.0
2023-08-10 00:00:00-04:00,10.069999694824219,10.279999732971191,9.979999542236328,10.229999542236328,1448700,0.0,0.0
2023-08-11 00:00:00-04:00,9.359999656677246,11.100000381469727,9.039999961853027,10.880000114440918,2181800,0.0,0.0
2023-08-14 00:00:00-04:00,10.720000267028809,10.760000228881836,10.3100004196167,10.489999771118164,1453400,0.0,0.0
2023-08-15 00:00:00-04:00,10.449999809265137,10.520000457763672,10.25,10.260000228881836,853500,0.0,0.0
2023-08-16 00:00:00-04:00,10.229999542236328,10.75,10.229999542236328,10.550000190734863,1179800,0.0,0.0
2023-08-17 00:00:00-04:00,10.5600004196167,10.670000076293945,10.109999656677246,10.1899995803833,748200,0.0,0.0
2023-08-18 00:00:00-04:00,10.100000381469727,10.1899995803833,9.920000076293945,9.930000305175781,899400,0.0,0.0
2023-08-21 00:00:00-04:00,9.869999885559082,9.949999809265137,9.680000305175781,9.819999694824219,570800,0.0,0.0
2023-08-22 00:00:00-04:00,9.920000076293945,9.920000076293945,9.510000228881836,9.5600004196167,534000,0.0,0.0
2023-08-23 00:00:00-04:00,9.630000114440918,9.729999542236328,9.470000267028809,9.720000267028809,765000,0.0,0.0
2023-08-24 00:00:00-04:00,9.850000381469727,9.850000381469727,9.569999694824219,9.65999984741211,791400,0.0,0.0
2023-08-25 00:00:00-04:00,9.760000228881836,9.979999542236328,9.739999771118164,9.859999656677246,709000,0.0,0.0
2023-08-28 00:00:00-04:00,9.899999618530273,10.020000457763672,9.819999694824219,9.949999809265137,571300,0.0,0.0
2023-08-29 00:00:00-04:00,9.90999984741211,10.010000228881836,9.869999885559082,9.920000076293945,646400,0.0,0.0
2023-08-30 00:00:00-04:00,9.899999618530273,10.069999694824219,9.6899995803833,10.039999961853027,1182200,0.0,0.0
2023-08-31 00:00:00-04:00,10.079999923706055,10.170000076293945,9.739999771118164,9.770000457763672,1453400,0.0,0.0
2023-09-01 00:00:00-04:00,9.880000114440918,9.90999984741211,9.65999984741211,9.890000343322754,1022600,0.0,0.0
2023-09-05 00:00:00-04:00,9.770000457763672,10.229999542236328,9.6899995803833,10.15999984741211,1036800,0.0,0.0
2023-09-06 00:00:00-04:00,10.15999984741211,10.449999809265137,9.960000038146973,9.979999542236328,598200,0.0,0.0
2023-09-07 00:00:00-04:00,9.800000190734863,10.270000457763672,9.699999809265137,10.260000228881836,963100,0.0,0.0
2023-09-08 00:00:00-04:00,10.239999771118164,10.539999961853027,10.239999771118164,10.399999618530273,913100,0.0,0.0
2023-09-11 00:00:00-04:00,10.539999961853027,10.630000114440918,10.510000228881836,10.59000015258789,557500,0.0,0.0
2023-09-12 00:00:00-04:00,10.59000015258789,10.84000015258789,10.34000015258789,10.420000076293945,1039500,0.0,0.0
2023-09-13 00:00:00-04:00,10.420000076293945,10.869999885559082,10.420000076293945,10.8100004196167,1001800,0.0,0.0
2023-09-14 00:00:00-04:00,10.869999885559082,11.359999656677246,10.789999961853027,11.260000228881836,817300,0.0,0.0
2023-09-15 00:00:00-04:00,11.199999809265137,11.199999809265137,10.65999984741211,10.949999809265137,2804100,0.0,0.0
2023-09-18 00:00:00-04:00,10.8100004196167,10.979999542236328,10.8100004196167,10.899999618530273,732600,0.0,0.0
2023-09-19 00:00:00-04:00,11.029999732971191,11.170000076293945,10.829999923706055,10.90999984741211,582500,0.0,0.0
2023-09-20 00:00:00-04:00,10.930000305175781,11.220000267028809,10.90999984741211,10.970000267028809,689900,0.0,0.0
2023-09-21 00:00:00-04:00,10.859999656677246,10.899999618530273,10.149999618530273,10.199999809265137,767900,0.0,0.0
2023-09-22 00:00:00-04:00,10.260000228881836,10.329999923706055,10.119999885559082,10.15999984741211,485100,0.0,0.0
2023-09-25 00:00:00-04:00,10.09000015258789,10.619999885559082,10.020000457763672,10.510000228881836,583100,0.0,0.0
2023-09-26 00:00:00-04:00,10.430000305175781,10.5600004196167,10.270000457763672,10.300000190734863,408800,0.0,0.0
2023-09-27 00:00:00-04:00,10.449999809265137,10.5,10.300000190734863,10.460000038146973,371500,0.0,0.0
2023-09-28 00:00:00-04:00,10.449999809265137,10.829999923706055,10.369999885559082,10.65999984741211,754800,0.0,0.0
2023-09-29 00:00:00-04:00,10.779999732971191,10.84000015258789,10.279999732971191,10.300000190734863,861700,0.0,0.0
2023-10-02 00:00:00-04:00,10.279999732971191,10.40999984741211,10.09000015258789,10.329999923706055,835000,0.0,0.0
2023-10-03 00:00:00-04:00,10.229999542236328,10.229999542236328,9.140000343322754,9.420000076293945,1365800,0.0,0.0
2023-10-04 00:00:00-04:00,9.430000305175781,9.65999984741211,9.319999694824219,9.649999618530273,650800,0.0,0.0
2023-10-05 00:00:00-04:00,9.600000381469727,9.649999618530273,9.229999542236328,9.510000228881836,689300,0.0,0.0
2023-10-06 00:00:00-04:00,9.399999618530273,9.680000305175781,9.390000343322754,9.579999923706055,625200,0.0,0.0
2023-10-09 00:00:00-04:00,9.4399995803833,9.5,9.300000190734863,9.399999618530273,406600,0.0,0.0
2023-10-10 00:00:00-04:00,9.449999809265137,9.739999771118164,9.4399995803833,9.569999694824219,635100,0.0,0.0
2023-10-11 00:00:00-04:00,9.579999923706055,9.65999984741211,9.359999656677246,9.4399995803833,530100,0.0,0.0
2023-10-12 00:00:00-04:00,9.4399995803833,9.449999809265137,8.720000267028809,8.720000267028809,651600,0.0,0.0
2023-10-13 00:00:00-04:00,8.699999809265137,8.760000228881836,8.329999923706055,8.4399995803833,1260800,0.0,0.0
2023-10-16 00:00:00-04:00,8.609999656677246,9.100000381469727,8.569999694824219,9.010000228881836,910500,0.0,0.0
2023-10-17 00:00:00-04:00,8.880000114440918,9.180000305175781,8.880000114440918,8.930000305175781,568300,0.0,0.0
2023-10-18 00:00:00-04:00,8.800000190734863,8.869999885559082,8.510000228881836,8.520000457763672,929500,0.0,0.0
2023-10-19 00:00:00-04:00,8.539999961853027,8.899999618530273,8.470000267028809,8.670000076293945,695100,0.0,0.0
2023-10-20 00:00:00-04:00,8.630000114440918,8.800000190734863,8.539999961853027,8.699999809265137,963900,0.0,0.0
2023-10-23 00:00:00-04:00,8.600000381469727,8.890000343322754,8.550000190734863,8.869999885559082,670500,0.0,0.0
2023-10-24 00:00:00-04:00,8.960000038146973,9.039999961853027,8.829999923706055,9.0,649900,0.0,0.0
2023-10-25 00:00:00-04:00,8.930000305175781,9.0,8.609999656677246,8.65999984741211,602100,0.0,0.0
2023-10-26 00:00:00-04:00,8.630000114440918,8.6899995803833,8.079999923706055,8.119999885559082,1054700,0.0,0.0
2023-10-27 00:00:00-04:00,8.199999809265137,8.279999732971191,8.09000015258789,8.149999618530273,1105800,0.0,0.0
2023-10-30 00:00:00-04:00,8.300000190734863,8.390000343322754,8.100000381469727,8.229999542236328,753100,0.0,0.0
2023-10-31 00:00:00-04:00,8.489999771118164,8.569999694824219,8.239999771118164,8.489999771118164,1059000,0.0,0.0
2023-11-01 00:00:00-04:00,8.449999809265137,8.619999885559082,8.25,8.430000305175781,556200,0.0,0.0
2023-11-02 00:00:00-04:00,8.600000381469727,8.989999771118164,8.600000381469727,8.890000343322754,698300,0.0,0.0
2023-11-03 00:00:00-04:00,9.029999732971191,9.319999694824219,8.949999809265137,9.210000038146973,1133300,0.0,0.0
2023-11-06 00:00:00-05:00,9.270000457763672,9.270000457763672,8.899999618530273,9.0600004196167,582900,0.0,0.0
2023-11-07 00:00:00-05:00,9.050000190734863,9.260000228881836,8.989999771118164,9.15999984741211,585800,0.0,0.0
2023-11-08 00:00:00-05:00,9.1899995803833,9.1899995803833,9.050000190734863,9.109999656677246,388800,0.0,0.0
2023-11-09 00:00:00-05:00,9.079999923706055,9.180000305175781,8.779999732971191,8.84000015258789,1247900,0.0,0.0
2023-11-10 00:00:00-05:00,8.710000038146973,8.930000305175781,7.900000095367432,8.220000267028809,1967300,0.0,0.0
2023-11-13 00:00:00-05:00,8.300000190734863,8.4399995803833,7.769999980926514,7.929999828338623,1817600,0.0,0.0
2023-11-14 00:00:00-05:00,8.25,8.949999809265137,8.100000381469727,8.770000457763672,1293600,0.0,0.0
2023-11-15 00:00:00-05:00,8.770000457763672,9.069999694824219,8.6899995803833,8.729999542236328,880200,0.0,0.0
2023-11-16 00:00:00-05:00,8.619999885559082,8.619999885559082,8.449999809265137,8.539999961853027,682100,0.0,0.0
2023-11-17 00:00:00-05:00,8.649999618530273,9.020000457763672,8.630000114440918,8.850000381469727,729600,0.0,0.0
2023-11-20 00:00:00-05:00,8.8100004196167,9.289999961853027,8.779999732971191,9.140000343322754,906200,0.0,0.0
2023-11-21 00:00:00-05:00,9.010000228881836,9.170000076293945,9.0,9.100000381469727,517300,0.0,0.0
2023-11-22 00:00:00-05:00,9.15999984741211,9.3100004196167,9.029999732971191,9.100000381469727,521000,0.0,0.0
2023-11-24 00:00:00-05:00,9.130000114440918,9.170000076293945,9.029999732971191,9.069999694824219,298800,0.0,0.0
2023-11-27 00:00:00-05:00,9.069999694824219,9.380000114440918,8.989999771118164,9.25,685400,0.0,0.0
2023-11-28 00:00:00-05:00,9.260000228881836,9.260000228881836,9.0600004196167,9.109999656677246,456900,0.0,0.0
2023-11-29 00:00:00-05:00,9.25,9.329999923706055,9.100000381469727,9.210000038146973,704700,0.0,0.0
2023-11-30 00:00:00-05:00,9.239999771118164,9.329999923706055,8.989999771118164,9.09000015258789,868800,0.0,0.0
2023-12-01 00:00:00-05:00,9.09000015258789,9.460000038146973,8.890000343322754,9.460000038146973,785100,0.0,0.0
2023-12-04 00:00:00-05:00,9.40999984741211,10.09000015258789,9.380000114440918,9.930000305175781,1368000,0.0,0.0
2023-12-05 00:00:00-05:00,9.75,9.75,9.180000305175781,9.300000190734863,670600,0.0,0.0
2023-12-06 00:00:00-05:00,9.380000114440918,9.399999618530273,9.069999694824219,9.109999656677246,600800,0.0,0.0
2023-12-07 00:00:00-05:00,9.180000305175781,9.260000228881836,9.020000457763672,9.210000038146973,693800,0.0,0.0
2023-12-08 00:00:00-05:00,9.149999618530273,9.470000267028809,9.069999694824219,9.390000343322754,929200,0.0,0.0
2023-12-11 00:00:00-05:00,9.380000114440918,9.449999809265137,9.15999984741211,9.239999771118164,523400,0.0,0.0
2023-12-12 00:00:00-05:00,9.229999542236328,9.430000305175781,9.1899995803833,9.420000076293945,504000,0.0,0.0
2023-12-13 00:00:00-05:00,9.420000076293945,9.960000038146973,9.380000114440918,9.829999923706055,1174900,0.0,0.0
2023-12-14 00:00:00-05:00,10.0,10.319999694824219,9.899999618530273,10.010000228881836,1045200,0.0,0.0
2023-12-15 00:00:00-05:00,10.15999984741211,10.220000267028809,9.739999771118164,10.15999984741211,2955500,0.0,0.0
2023-12-18 00:00:00-05:00,10.149999618530273,10.199999809265137,9.949999809265137,9.979999542236328,1171400,0.0,0.0
2023-12-19 00:00:00-05:00,10.050000190734863,10.180000305175781,9.670000076293945,9.819999694824219,1107900,0.0,0.0
2023-12-20 00:00:00-05:00,9.739999771118164,9.829999923706055,9.3100004196167,9.329999923706055,1088500,0.0,0.0
2023-12-21 00:00:00-05:00,9.460000038146973,9.5,9.34000015258789,9.460000038146973,400500,0.0,0.0
2023-12-22 00:00:00-05:00,9.489999771118164,9.5,9.289999961853027,9.40999984741211,546200,0.0,0.0
2023-12-26 00:00:00-05:00,9.40999984741211,9.5600004196167,9.40999984741211,9.489999771118164,680500,0.0,0.0
2023-12-27 00:00:00-05:00,9.5,9.59000015258789,9.399999618530273,9.479999542236328,738000,0.0,0.0
2023-12-28 00:00:00-05:00,9.40999984741211,9.84000015258789,9.40999984741211,9.710000038146973,646800,0.0,0.0
2023-12-29 00:00:00-05:00,9.699999809265137,9.770000457763672,9.520000457763672,9.520000457763672,1038500,0.0,0.0
2024-01-02 00:00:00-05:00,9.34000015258789,9.369999885559082,9.079999923706055,9.229999542236328,823700,0.0,0.0
2024-01-03 00:00:00-05:00,9.109999656677246,9.289999961853027,9.0600004196167,9.0600004196167,1133200,0.0,0.0
2024-01-04 00:00:00-05:00,9.0600004196167,9.279999732971191,9.0600004196167,9.220000267028809,1172200,0.0,0.0
2024-01-05 00:00:00-05:00,9.140000343322754,9.4399995803833,9.0600004196167,9.40999984741211,1581600,0.0,0.0
2024-01-08 00:00:00-05:00,9.470000267028809,10.09000015258789,9.470000267028809,9.9399995803833,1117500,0.0,0.0
2024-01-09 00:00:00-05:00,9.760000228881836,10.079999923706055,9.739999771118164,9.770000457763672,770900,0.0,0.0
2024-01-10 00:00:00-05:00,9.760000228881836,9.859999656677246,9.25,9.3100004196167,981900,0.0,0.0
2024-01-11 00:00:00-05:00,9.34000015258789,9.34000015258789,8.859999656677246,9.09000015258789,972300,0.0,0.0
2024-01-12 00:00:00-05:00,9.170000076293945,9.229999542236328,8.90999984741211,8.9399995803833,602100,0.0,0.0
2024-01-16 00:00:00-05:00,8.90999984741211,8.949999809265137,8.40999984741211,8.510000228881836,1147100,0.0,0.0
2024-01-17 00:00:00-05:00,8.420000076293945,8.680000305175781,8.329999923706055,8.670000076293945,877900,0.0,0.0
2024-01-18 00:00:00-05:00,8.819999694824219,8.930000305175781,8.449999809265137,8.6899995803833,555700,0.0,0.0
2024-01-19 00:00:00-05:00,8.800000190734863,8.800000190734863,8.619999885559082,8.720000267028809,609600,0.0,0.0
2024-01-22 00:00:00-05:00,8.800000190734863,9.079999923706055,8.789999961853027,9.0,775400,0.0,0.0
2024-01-23 00:00:00-05:00,9.09000015258789,9.210000038146973,8.970000267028809,8.989999771118164,517300,0.0,0.0
2024-01-24 00:00:00-05:00,9.130000114440918,9.130000114440918,8.670000076293945,8.6899995803833,539800,0.0,0.0
2024-01-25 00:00:00-05:00,8.829999923706055,8.850000381469727,8.649999618530273,8.8100004196167,482600,0.0,0.0
2024-01-26 00:00:00-05:00,8.869999885559082,8.979999542236328,8.75,8.960000038146973,733800,0.0,0.0
2024-01-29 00:00:00-05:00,8.970000267028809,9.09000015258789,8.880000114440918,9.079999923706055,635000,0.0,0.0
2024-01-30 00:00:00-05:00,8.960000038146973,9.020000457763672,8.869999885559082,8.989999771118164,703100,0.0,0.0
2024-01-31 00:00:00-05:00,8.970000267028809,9.100000381469727,8.850000381469727,8.880000114440918,814500,0.0,0.0
2024-02-01 00:00:00-05:00,8.920000076293945,9.149999618530273,8.880000114440918,9.119999885559082,713100,0.0,0.0
2024-02-02 00:00:00-05:00,9.039999961853027,9.199999809265137,8.970000267028809,9.050000190734863,633800,0.0,0.0
2024-02-05 00:00:00-05:00,8.920000076293945,8.920000076293945,8.399999618530273,8.579999923706055,835100,0.0,0.0
2024-02-06 00:00:00-05:00,8.5600004196167,8.65999984741211,8.460000038146973,8.550000190734863,687700,0.0,0.0
2024-02-07 00:00:00-05:00,8.539999961853027,8.579999923706055,8.380000114440918,8.479999542236328,655800,0.0,0.0
2024-02-08 00:00:00-05:00,8.529999732971191,8.8100004196167,8.529999732971191,8.710000038146973,731900,0.0,0.0
2024-02-09 00:00:00-05:00,8.699999809265137,9.289999961853027,8.6899995803833,8.920000076293945,1083600,0.0,0.0
2024-02-12 00:00:00-05:00,8.949999809265137,9.140000343322754,8.869999885559082,9.09000015258789,837000,0.0,0.0
2024-02-13 00:00:00-05:00,8.880000114440918,9.039999961853027,8.640000343322754,8.640000343322754,870800,0.0,0.0
2024-02-14 00:00:00-05:00,8.789999961853027,9.010000228881836,8.649999618530273,8.9399995803833,590600,0.0,0.0
2024-02-15 00:00:00-05:00,9.029999732971191,9.430000305175781,8.960000038146973,9.420000076293945,707600,0.0,0.0
2024-02-16 00:00:00-05:00,9.289999961853027,9.300000190734863,8.859999656677246,8.859999656677246,876400,0.0,0.0
2024-02-20 00:00:00-05:00,8.760000228881836,8.850000381469727,8.5600004196167,8.729999542236328,772300,0.0,0.0
2024-02-21 00:00:00-05:00,8.609999656677246,8.739999771118164,8.569999694824219,8.65999984741211,548100,0.0,0.0
2024-02-22 00:00:00-05:00,8.739999771118164,8.880000114440918,8.680000305175781,8.760000228881836,1164800,0.0,0.0
2024-02-23 00:00:00-05:00,8.75,9.079999923706055,8.699999809265137,8.760000228881836,1027300,0.0,0.0
2024-02-26 00:00:00-05:00,8.710000038146973,9.210000038146973,8.630000114440918,9.199999809265137,571200,0.0,0.0
2024-02-27 00:00:00-05:00,9.260000228881836,9.640000343322754,9.25,9.609999656677246,1619800,0.0,0.0
2024-02-28 00:00:00-05:00,9.529999732971191,10.029999732971191,9.5,9.960000038146973,1743800,0.0,0.0
2024-02-29 00:00:00-05:00,10.3100004196167,10.649999618530273,10.270000457763672,10.40999984741211,2882000,0.0,0.0
2024-03-01 00:00:00-05:00,10.649999618530273,12.109999656677246,10.630000114440918,11.829999923706055,3913900,0.0,0.0
2024-03-04 00:00:00-05:00,11.75,11.760000228881836,11.270000457763672,11.399999618530273,2429100,0.0,0.0
2024-03-05 00:00:00-05:00,11.15999984741211,11.170000076293945,10.789999961853027,10.930000305175781,1873700,0.0,0.0
2024-03-06 00:00:00-05:00,11.09000015258789,11.119999885559082,10.760000228881836,10.9399995803833,961100,0.0,0.0
2024-03-07 00:00:00-05:00,10.949999809265137,11.130000114440918,10.920000076293945,11.039999961853027,787100,0.0,0.0
2024-03-08 00:00:00-05:00,11.199999809265137,11.390000343322754,11.100000381469727,11.210000038146973,1181500,0.0,0.0
2024-03-11 00:00:00-04:00,11.149999618530273,11.300000190734863,11.010000228881836,11.09000015258789,780800,0.0,0.0
2024-03-12 00:00:00-04:00,11.09000015258789,11.34000015258789,11.020000457763672,11.329999923706055,1009100,0.0,0.0
2024-03-13 00:00:00-04:00,11.319999694824219,12.010000228881836,11.300000190734863,11.6899995803833,1551100,0.0,0.0
2024-03-14 00:00:00-04:00,11.699999809265137,12.109999656677246,11.510000228881836,12.100000381469727,1657500,0.0,0.0
2024-03-15 00:00:00-04:00,12.029999732971191,12.5,11.970000267028809,12.260000228881836,1801700,0.0,0.0
2024-03-18 00:00:00-04:00,12.260000228881836,12.34000015258789,12.0,12.210000038146973,1180200,0.0,0.0
2024-03-19 00:00:00-04:00,12.170000076293945,12.420000076293945,12.0600004196167,12.350000381469727,1299000,0.0,0.0
2024-03-20 00:00:00-04:00,12.300000190734863,12.760000228881836,12.229999542236328,12.609999656677246,919200,0.0,0.0
2024-03-21 00:00:00-04:00,12.770000457763672,13.069999694824219,12.539999961853027,13.029999732971191,1499800,0.0,0.0
2024-03-22 00:00:00-04:00,13.079999923706055,13.34000015258789,12.630000114440918,12.640000343322754,818800,0.0,0.0
2024-03-25 00:00:00-04:00,12.649999618530273,12.779999732971191,12.5,12.510000228881836,518800,0.0,0.0
2024-03-26 00:00:00-04:00,12.640000343322754,12.920000076293945,12.630000114440918,12.670000076293945,752100,0.0,0.0
2024-03-27 00:00:00-04:00,12.8100004196167,13.020000457763672,12.680000305175781,12.770000457763672,781300,0.0,0.0
2024-03-28 00:00:00-04:00,12.739999771118164,12.859999656677246,12.609999656677246,12.649999618530273,983000,0.0,0.0
2024-04-01 00:00:00-04:00,12.710000038146973,12.760000228881836,12.470000267028809,12.520000457763672,685500,0.0,0.0
2024-04-02 00:00:00-04:00,12.270000457763672,12.270000457763672,11.8100004196167,12.170000076293945,992600,0.0,0.0
2024-04-03 00:00:00-04:00,12.1899995803833,12.470000267028809,12.010000228881836,12.079999923706055,758500,0.0,0.0
2024-04-04 00:00:00-04:00,12.25,12.350000381469727,11.699999809265137,11.729999542236328,1023900,0.0,0.0
2024-04-05 00:00:00-04:00,11.699999809265137,11.789999961853027,11.600000381469727,11.680000305175781,590000,0.0,0.0
2024-04-08 00:00:00-04:00,11.699999809265137,11.880000114440918,11.65999984741211,11.670000076293945,462200,0.0,0.0
2024-04-09 00:00:00-04:00,11.6899995803833,11.880000114440918,11.59000015258789,11.680000305175781,717600,0.0,0.0
2024-04-10 00:00:00-04:00,11.40999984741211,11.449999809265137,11.100000381469727,11.149999618530273,844200,0.0,0.0
2024-04-11 00:00:00-04:00,11.199999809265137,11.4399995803833,11.020000457763672,11.40999984741211,535300,0.0,0.0
2024-04-12 00:00:00-04:00,11.289999961853027,11.40999984741211,11.149999618530273,11.3100004196167,919900,0.0,0.0
2024-04-15 00:00:00-04:00,11.369999885559082,11.430000305175781,10.819999694824219,10.949999809265137,625500,0.0,0.0
2024-04-16 00:00:00-04:00,10.829999923706055,10.9399995803833,10.720000267028809,10.729999542236328,829300,0.0,0.0
2024-04-17 00:00:00-04:00,10.859999656677246,11.0,10.520000457763672,10.529999732971191,689600,0.0,0.0
2024-04-18 00:00:00-04:00,10.579999923706055,10.6899995803833,10.40999984741211,10.569999694824219,752200,0.0,0.0
2024-04-19 00:00:00-04:00,10.479999542236328,10.680000305175781,10.420000076293945,10.460000038146973,728500,0.0,0.0
2024-04-22 00:00:00-04:00,10.609999656677246,10.649999618530273,10.420000076293945,10.600000381469727,495400,0.0,0.0
2024-04-23 00:00:00-04:00,10.59000015258789,10.949999809265137,10.520000457763672,10.930000305175781,835500,0.0,0.0
2024-04-24 00:00:00-04:00,10.979999542236328,11.069999694824219,10.859999656677246,11.029999732971191,1071000,0.0,0.0
2024-04-25 00:00:00-04:00,10.819999694824219,11.220000267028809,10.760000228881836,11.210000038146973,798200,0.0,0.0
2024-04-26 00:00:00-04:00,11.300000190734863,11.869999885559082,11.300000190734863,11.800000190734863,709000,0.0,0.0
2024-04-29 00:00:00-04:00,11.800000190734863,12.109999656677246,11.699999809265137,12.09000015258789,724400,0.0,0.0
2024-04-30 00:00:00-04:00,11.970000267028809,12.539999961853027,11.90999984741211,12.380000114440918,1735700,0.0,0.0
2024-05-01 00:00:00-04:00,12.380000114440918,12.579999923706055,12.109999656677246,12.130000114440918,1484800,0.0,0.0
2024-05-02 00:00:00-04:00,12.420000076293945,12.890000343322754,12.149999618530273,12.869999885559082,836200,0.0,0.0
2024-05-03 00:00:00-04:00,13.050000190734863,13.210000038146973,12.869999885559082,12.960000038146973,1223800,0.0,0.0
2024-05-06 00:00:00-04:00,13.039999961853027,13.729999542236328,13.039999961853027,13.4399995803833,943200,0.0,0.0
2024-05-07 00:00:00-04:00,13.4399995803833,13.970000267028809,13.390000343322754,13.890000343322754,1413500,0.0,0.0
2024-05-08 00:00:00-04:00,13.729999542236328,14.229999542236328,13.710000038146973,14.229999542236328,1110600,0.0,0.0
2024-05-09 00:00:00-04:00,14.170000076293945,14.270000457763672,13.6899995803833,13.930000305175781,1819300,0.0,0.0
2024-05-10 00:00:00-04:00,13.130000114440918,13.59000015258789,11.399999618530273,11.4399995803833,3356100,0.0,0.0
2024-05-13 00:00:00-04:00,11.59000015258789,11.59000015258789,10.90999984741211,11.289999961853027,1426800,0.0,0.0
2024-05-14 00:00:00-04:00,11.529999732971191,11.640000343322754,11.350000381469727,11.449999809265137,1226400,0.0,0.0
2024-05-15 00:00:00-04:00,11.649999618530273,12.109999656677246,11.520000457763672,12.029999732971191,1605600,0.0,0.0
2024-05-16 00:00:00-04:00,11.970000267028809,12.350000381469727,11.949999809265137,12.300000190734863,1264300,0.0,0.0
2024-05-17 00:00:00-04:00,12.359999656677246,12.569999694824219,11.84000015258789,11.90999984741211,1112800,0.0,0.0
2024-05-20 00:00:00-04:00,11.880000114440918,12.199999809265137,11.869999885559082,12.180000305175781,772100,0.0,0.0
2024-05-21 00:00:00-04:00,12.140000343322754,12.449999809265137,12.140000343322754,12.220000267028809,714800,0.0,0.0
2024-05-22 00:00:00-04:00,12.199999809265137,12.460000038146973,12.199999809265137,12.3100004196167,678700,0.0,0.0
2024-05-23 00:00:00-04:00,12.4399995803833,12.619999885559082,12.0,12.109999656677246,702700,0.0,0.0
2024-05-24 00:00:00-04:00,12.239999771118164,12.479999542236328,12.100000381469727,12.390000343322754,627800,0.0,0.0
2024-05-28 00:00:00-04:00,12.449999809265137,13.699999809265137,12.399999618530273,13.640000343322754,1372300,0.0,0.0
2024-05-29 00:00:00-04:00,13.4399995803833,14.109999656677246,13.289999961853027,14.0,1437900,0.0,0.0
2024-05-30 00:00:00-04:00,14.109999656677246,14.260000228881836,13.550000190734863,14.260000228881836,1328900,0.0,0.0
2024-05-31 00:00:00-04:00,14.300000190734863,14.359999656677246,13.869999885559082,14.210000038146973,1093100,0.0,0.0
2024-06-03 00:00:00-04:00,14.350000381469727,14.520000457763672,14.199999809265137,14.25,879600,0.0,0.0
2024-06-04 00:00:00-04:00,14.199999809265137,14.220000267028809,13.550000190734863,13.850000381469727,788900,0.0,0.0
2024-06-05 00:00:00-04:00,13.960000038146973,14.239999771118164,13.729999542236328,14.119999885559082,696100,0.0,0.0
2024-06-06 00:00:00-04:00,14.050000190734863,14.359999656677246,13.9399995803833,13.949999809265137,509800,0.0,0.0
2024-06-07 00:00:00-04:00,13.84000015258789,13.949999809265137,13.239999771118164,13.40999984741211,850800,0.0,0.0
2024-06-10 00:00:00-04:00,13.239999771118164,13.300000190734863,12.640000343322754,13.180000305175781,1088800,0.0,0.0
2024-06-11 00:00:00-04:00,13.210000038146973,13.600000381469727,13.0,13.59000015258789,683500,0.0,0.0
2024-06-12 00:00:00-04:00,14.039999961853027,14.199999809265137,13.609999656677246,13.609999656677246,800900,0.0,0.0
2024-06-13 00:00:00-04:00,13.670000076293945,13.670000076293945,13.0,13.149999618530273,624900,0.0,0.0
2024-06-14 00:00:00-04:00,13.029999732971191,13.149999618530273,12.609999656677246,12.819999694824219,1004400,0.0,0.0
2024-06-17 00:00:00-04:00,12.960000038146973,13.279999732971191,12.680000305175781,12.899999618530273,765000,0.0,0.0
2024-06-18 00:00:00-04:00,12.859999656677246,13.130000114440918,12.729999542236328,12.90999984741211,749500,0.0,0.0
2024-06-20 00:00:00-04:00,12.960000038146973,13.300000190734863,12.729999542236328,13.210000038146973,885000,0.0,0.0
2024-06-21 00:00:00-04:00,13.210000038146973,13.359999656677246,13.069999694824219,13.079999923706055,2402400,0.0,0.0
2024-06-24 00:00:00-04:00,13.0600004196167,13.109999656677246,12.4399995803833,12.5600004196167,625000,0.0,0.0
2024-06-25 00:00:00-04:00,12.569999694824219,12.640000343322754,12.140000343322754,12.619999885559082,701900,0.0,0.0
2024-06-26 00:00:00-04:00,12.619999885559082,13.069999694824219,12.510000228881836,12.989999771118164,716300,0.0,0.0
2024-06-27 00:00:00-04:00,12.989999771118164,13.319999694824219,12.90999984741211,12.970000267028809,495100,0.0,0.0
2024-06-28 00:00:00-04:00,13.09000015258789,13.239999771118164,12.829999923706055,13.039999961853027,2403600,0.0,0.0
2024-07-01 00:00:00-04:00,13.050000190734863,13.0600004196167,12.75,12.800000190734863,513600,0.0,0.0
2024-07-02 00:00:00-04:00,12.829999923706055,13.15999984741211,12.699999809265137,13.130000114440918,606500,0.0,0.0
2024-07-03 00:00:00-04:00,13.220000267028809,13.529999732971191,13.130000114440918,13.5,344800,0.0,0.0
2024-07-05 00:00:00-04:00,13.4399995803833,13.5,13.229999542236328,13.449999809265137,570300,0.0,0.0
2024-07-08 00:00:00-04:00,13.630000114440918,13.949999809265137,13.579999923706055,13.800000190734863,545400,0.0,0.0
2024-07-09 00:00:00-04:00,14.5,16.940000534057617,14.199999809265137,16.520000457763672,3178200,0.0,0.0
2024-07-10 00:00:00-04:00,16.510000228881836,16.610000610351562,15.800000190734863,16.5,2236200,0.0,0.0
2024-07-11 00:00:00-04:00,16.850000381469727,16.90999984741211,15.960000038146973,16.600000381469727,1362500,0.0,0.0
2024-07-12 00:00:00-04:00,16.600000381469727,16.719999313354492,15.970000267028809,16.059999465942383,957100,0.0,0.0
2024-07-15 00:00:00-04:00,16.299999237060547,16.989999771118164,16.1299991607666,16.850000381469727,789200,0.0,0.0
2024-07-16 00:00:00-04:00,17.0,17.639999389648438,16.860000610351562,16.989999771118164,1497000,0.0,0.0
2024-07-17 00:00:00-04:00,16.790000915527344,17.350000381469727,16.530000686645508,17.100000381469727,734900,0.0,0.0
2024-07-18 00:00:00-04:00,16.989999771118164,17.350000381469727,16.329999923706055,16.65999984741211,747900,0.0,0.0
2024-07-19 00:00:00-04:00,16.75,17.030000686645508,16.559999465942383,16.59000015258789,576000,0.0,0.0
2024-07-22 00:00:00-04:00,16.540000915527344,16.579999923706055,15.760000228881836,16.06999969482422,931100,0.0,0.0
2024-07-23 00:00:00-04:00,16.06999969482422,16.6200008392334,16.0,16.450000762939453,746100,0.0,0.0
2024-07-24 00:00:00-04:00,16.149999618530273,16.350000381469727,15.819999694824219,15.920000076293945,916900,0.0,0.0
2024-07-25 00:00:00-04:00,15.920000076293945,16.040000915527344,15.460000038146973,15.680000305175781,813300,0.0,0.0
2024-07-26 00:00:00-04:00,15.989999771118164,16.030000686645508,15.40999984741211,15.489999771118164,560100,0.0,0.0
2024-07-29 00:00:00-04:00,15.630000114440918,15.729999542236328,15.15999984741211,15.319999694824219,936600,0.0,0.0
2024-07-30 00:00:00-04:00,15.399999618530273,15.529999732971191,14.970000267028809,15.039999961853027,609800,0.0,0.0
2024-07-31 00:00:00-04:00,15.380000114440918,15.5600004196167,15.09000015258789,15.15999984741211,801700,0.0,0.0
2024-08-01 00:00:00-04:00,15.170000076293945,15.40999984741211,14.420000076293945,14.600000381469727,657400,0.0,0.0
2024-08-02 00:00:00-04:00,13.930000305175781,14.199999809265137,13.359999656677246,13.800000190734863,1023100,0.0,0.0
2024-08-05 00:00:00-04:00,12.8100004196167,13.100000381469727,12.510000228881836,12.770000457763672,878200,0.0,0.0
2024-08-06 00:00:00-04:00,12.829999923706055,13.640000343322754,12.59000015258789,13.329999923706055,1120300,0.0,0.0
2024-08-07 00:00:00-04:00,13.460000038146973,13.779999732971191,12.670000076293945,12.760000228881836,1007100,0.0,0.0
2024-08-08 00:00:00-04:00,13.020000457763672,13.550000190734863,12.789999961853027,13.5,1167400,0.0,0.0
2024-08-09 00:00:00-04:00,12.430000305175781,12.680000305175781,11.050000190734863,11.399999618530273,3411200,0.0,0.0
2024-08-12 00:00:00-04:00,11.369999885559082,12.09000015258789,11.319999694824219,12.050000190734863,1163800,0.0,0.0
2024-08-13 00:00:00-04:00,12.119999885559082,12.25,11.520000457763672,11.640000343322754,922300,0.0,0.0
2024-08-14 00:00:00-04:00,11.930000305175781,12.069999694824219,11.470000267028809,11.90999984741211,885000,0.0,0.0
2024-08-15 00:00:00-04:00,12.300000190734863,12.59000015258789,12.140000343322754,12.149999618530273,1033800,0.0,0.0
2024-08-16 00:00:00-04:00,12.149999618530273,12.420000076293945,12.079999923706055,12.100000381469727,749000,0.0,0.0
2024-08-19 00:00:00-04:00,12.020000457763672,12.300000190734863,12.010000228881836,12.270000457763672,609000,0.0,0.0
2024-08-20 00:00:00-04:00,12.199999809265137,12.270000457763672,11.75,12.119999885559082,635700,0.0,0.0
2024-08-21 00:00:00-04:00,12.220000267028809,12.350000381469727,12.09000015258789,12.260000228881836,515400,0.0,0.0
2024-08-22 00:00:00-04:00,12.229999542236328,12.260000228881836,11.979999542236328,11.979999542236328,538100,0.0,0.0
2024-08-23 00:00:00-04:00,12.0600004196167,12.5,12.0,12.4399995803833,590900,0.0,0.0
2024-08-26 00:00:00-04:00,12.460000038146973,12.699999809265137,12.34000015258789,12.630000114440918,485600,0.0,0.0
2024-08-27 00:00:00-04:00,12.550000190734863,12.789999961853027,12.350000381469727,12.40999984741211,534700,0.0,0.0
2024-08-28 00:00:00-04:00,12.300000190734863,12.460000038146973,12.010000228881836,12.180000305175781,623700,0.0,0.0
2024-08-29 00:00:00-04:00,12.260000228881836,12.470000267028809,12.029999732971191,12.0600004196167,537300,0.0,0.0
2024-08-30 00:00:00-04:00,12.050000190734863,12.050000190734863,11.640000343322754,11.739999771118164,1219400,0.0,0.0
2024-09-03 00:00:00-04:00,11.630000114440918,11.789999961853027,11.300000190734863,11.40999984741211,889500,0.0,0.0
2024-09-04 00:00:00-04:00,11.430000305175781,11.779999732971191,11.329999923706055,11.34000015258789,585000,0.0,0.0
2024-09-05 00:00:00-04:00,11.329999923706055,11.430000305175781,11.1899995803833,11.220000267028809,584800,0.0,0.0
2024-09-06 00:00:00-04:00,11.229999542236328,11.3100004196167,10.770000457763672,11.020000457763672,929800,0.0,0.0
2024-09-09 00:00:00-04:00,11.0,11.260000228881836,10.819999694824219,11.0,859700,0.0,0.0
2024-09-10 00:00:00-04:00,11.09000015258789,11.260000228881836,10.890000343322754,11.199999809265137,918700,0.0,0.0
2024-09-11 00:00:00-04:00,11.140000343322754,11.270000457763672,10.770000457763672,11.239999771118164,608800,0.0,0.0
2024-09-12 00:00:00-04:00,11.3100004196167,11.710000038146973,11.220000267028809,11.600000381469727,534200,0.0,0.0
2024-09-13 00:00:00-04:00,11.739999771118164,12.180000305175781,11.720000267028809,11.970000267028809,536300,0.0,0.0
2024-09-16 00:00:00-04:00,11.930000305175781,11.989999771118164,11.40999984741211,11.5600004196167,587600,0.0,0.0
2024-09-17 00:00:00-04:00,11.6899995803833,11.819999694824219,11.4399995803833,11.460000038146973,575400,0.0,0.0
2024-09-18 00:00:00-04:00,11.449999809265137,11.720000267028809,10.970000267028809,11.329999923706055,823300,0.0,0.0
2024-09-19 00:00:00-04:00,11.6899995803833,11.779999732971191,11.479999542236328,11.649999618530273,664500,0.0,0.0
2024-09-20 00:00:00-04:00,11.8100004196167,11.890000343322754,11.550000190734863,11.720000267028809,1957000,0.0,0.0
2024-09-23 00:00:00-04:00,11.850000381469727,12.09000015258789,11.649999618530273,11.850000381469727,511300,0.0,0.0
2024-09-24 00:00:00-04:00,12.199999809265137,12.630000114440918,12.0,12.029999732971191,844800,0.0,0.0
2024-09-25 00:00:00-04:00,11.949999809265137,12.180000305175781,11.8100004196167,12.010000228881836,624200,0.0,0.0
2024-09-26 00:00:00-04:00,12.239999771118164,12.270000457763672,11.510000228881836,11.970000267028809,696800,0.0,0.0
2024-09-27 00:00:00-04:00,12.039999961853027,12.130000114440918,11.729999542236328,11.829999923706055,636900,0.0,0.0
2024-09-30 00:00:00-04:00,11.8100004196167,12.109999656677246,11.770000457763672,12.109999656677246,877500,0.0,0.0
2024-10-01 00:00:00-04:00,12.079999923706055,12.199999809265137,11.460000038146973,11.75,669200,0.0,0.0
2024-10-02 00:00:00-04:00,11.729999542236328,11.9399995803833,11.4399995803833,11.460000038146973,422200,0.0,0.0
2024-10-03 00:00:00-04:00,11.359999656677246,11.5600004196167,10.979999542236328,11.020000457763672,622000,0.0,0.0
2024-10-04 00:00:00-04:00,11.270000457763672,11.470000267028809,11.050000190734863,11.470000267028809,705000,0.0,0.0
2024-10-07 00:00:00-04:00,11.390000343322754,11.5,11.0,11.140000343322754,710900,0.0,0.0
2024-10-08 00:00:00-04:00,11.260000228881836,11.300000190734863,11.050000190734863,11.109999656677246,548200,0.0,0.0
2024-10-09 00:00:00-04:00,11.109999656677246,11.270000457763672,10.859999656677246,10.90999984741211,897700,0.0,0.0
2024-10-10 00:00:00-04:00,10.739999771118164,10.760000228881836,10.4399995803833,10.739999771118164,1000600,0.0,0.0
2024-10-11 00:00:00-04:00,10.6899995803833,11.149999618530273,10.680000305175781,11.069999694824219,729300,0.0,0.0
2024-10-14 00:00:00-04:00,11.079999923706055,11.529999732971191,10.979999542236328,11.4399995803833,816000,0.0,0.0
2024-10-15 00:00:00-04:00,11.399999618530273,11.880000114440918,11.399999618530273,11.680000305175781,1154200,0.0,0.0
2024-10-16 00:00:00-04:00,11.8100004196167,11.970000267028809,11.680000305175781,11.859999656677246,614500,0.0,0.0
2024-10-17 00:00:00-04:00,11.859999656677246,12.020000457763672,11.739999771118164,11.84000015258789,415000,0.0,0.0
2024-10-18 00:00:00-04:00,11.890000343322754,11.9399995803833,11.529999732971191,11.579999923706055,569000,0.0,0.0
2024-10-21 00:00:00-04:00,11.5,11.569999694824219,11.239999771118164,11.399999618530273,524600,0.0,0.0
2024-10-22 00:00:00-04:00,11.279999732971191,11.390000343322754,11.0600004196167,11.25,460800,0.0,0.0
2024-10-23 00:00:00-04:00,11.199999809265137,11.270000457763672,10.760000228881836,10.760000228881836,491700,0.0,0.0
2024-10-24 00:00:00-04:00,10.90999984741211,10.970000267028809,10.739999771118164,10.880000114440918,426300,0.0,0.0
2024-10-25 00:00:00-04:00,10.899999618530273,11.149999618530273,10.829999923706055,10.90999984741211,428000,0.0,0.0
2024-10-28 00:00:00-04:00,11.050000190734863,11.170000076293945,10.960000038146973,10.989999771118164,415600,0.0,0.0
2024-10-29 00:00:00-04:00,10.84000015258789,11.050000190734863,10.84000015258789,10.899999618530273,312600,0.0,0.0
2024-10-30 00:00:00-04:00,10.75,10.9399995803833,10.550000190734863,10.630000114440918,720000,0.0,0.0
2024-10-31 00:00:00-04:00,10.739999771118164,10.739999771118164,10.010000228881836,10.15999984741211,933700,0.0,0.0
2024-11-01 00:00:00-04:00,10.239999771118164,10.489999771118164,10.1899995803833,10.279999732971191,913900,0.0,0.0
2024-11-04 00:00:00-05:00,10.239999771118164,10.600000381469727,10.140000343322754,10.5600004196167,602800,0.0,0.0
2024-11-05 00:00:00-05:00,10.529999732971191,11.229999542236328,10.5,11.170000076293945,1110300,0.0,0.0
2024-11-06 00:00:00-05:00,11.880000114440918,12.199999809265137,11.59000015258789,11.770000457763672,1526900,0.0,0.0
2024-11-07 00:00:00-05:00,11.84000015258789,12.449999809265137,11.739999771118164,12.15999984741211,1701200,0.0,0.0
2024-11-08 00:00:00-05:00,10.0,12.0,9.920000076293945,11.920000076293945,4004600,0.0,0.0
2024-11-11 00:00:00-05:00,12.050000190734863,12.210000038146973,11.680000305175781,12.140000343322754,1206300,0.0,0.0
2024-11-12 00:00:00-05:00,11.970000267028809,12.210000038146973,11.5600004196167,11.720000267028809,1024200,0.0,0.0
2024-11-13 00:00:00-05:00,11.84000015258789,11.84000015258789,11.350000381469727,11.460000038146973,1205700,0.0,0.0
2024-11-14 00:00:00-05:00,11.529999732971191,11.5600004196167,11.239999771118164,11.399999618530273,1033600,0.0,0.0
2024-11-15 00:00:00-05:00,11.520000457763672,11.550000190734863,11.130000114440918,11.180000305175781,729300,0.0,0.0
2024-11-18 00:00:00-05:00,11.15999984741211,11.579999923706055,10.989999771118164,11.229999542236328,943200,0.0,0.0
2024-11-19 00:00:00-05:00,11.0,11.960000038146973,11.0,11.9399995803833,680000,0.0,0.0
2024-11-20 00:00:00-05:00,11.859999656677246,12.039999961853027,11.399999618530273,11.720000267028809,1086300,0.0,0.0
2024-11-21 00:00:00-05:00,11.8100004196167,12.039999961853027,11.619999885559082,11.890000343322754,521500,0.0,0.0
2024-11-22 00:00:00-05:00,11.890000343322754,12.050000190734863,11.789999961853027,12.029999732971191,583500,0.0,0.0
2024-11-25 00:00:00-05:00,12.15999984741211,12.479999542236328,12.0600004196167,12.1899995803833,891300,0.0,0.0
2024-11-26 00:00:00-05:00,12.039999961853027,12.130000114440918,11.84000015258789,12.039999961853027,719600,0.0,0.0
2024-11-27 00:00:00-05:00,12.0,12.09000015258789,11.239999771118164,11.25,1018100,0.0,0.0
2024-11-29 00:00:00-05:00,11.300000190734863,11.550000190734863,11.15999984741211,11.220000267028809,593800,0.0,0.0
2024-12-02 00:00:00-05:00,11.199999809265137,11.90999984741211,11.199999809265137,11.8100004196167,1371300,0.0,0.0
2024-12-03 00:00:00-05:00,11.770000457763672,12.779999732971191,11.680000305175781,12.770000457763672,1089100,0.0,0.0
2024-12-04 00:00:00-05:00,12.770000457763672,13.239999771118164,12.649999618530273,13.0,1202200,0.0,0.0
2024-12-05 00:00:00-05:00,13.010000228881836,13.4399995803833,12.710000038146973,12.739999771118164,827400,0.0,0.0
2024-12-06 00:00:00-05:00,12.960000038146973,12.960000038146973,12.699999809265137,12.720000267028809,598600,0.0,0.0
2024-12-09 00:00:00-05:00,12.989999771118164,13.180000305175781,12.720000267028809,13.140000343322754,707800,0.0,0.0
2024-12-10 00:00:00-05:00,13.020000457763672,13.640000343322754,13.0,13.1899995803833,868100,0.0,0.0
2024-12-11 00:00:00-05:00,13.569999694824219,13.569999694824219,12.949999809265137,13.15999984741211,648000,0.0,0.0
2024-12-12 00:00:00-05:00,12.899999618530273,13.180000305175781,12.850000381469727,13.100000381469727,468300,0.0,0.0
2024-12-13 00:00:00-05:00,13.09000015258789,13.260000228881836,12.3100004196167,12.390000343322754,517800,0.0,0.0
2024-12-16 00:00:00-05:00,12.390000343322754,12.9399995803833,12.380000114440918,12.850000381469727,706600,0.0,0.0
2024-12-17 00:00:00-05:00,12.760000228881836,12.770000457763672,12.170000076293945,12.390000343322754,714300,0.0,0.0
2024-12-18 00:00:00-05:00,12.609999656677246,12.720000267028809,11.529999732971191,11.729999542236328,662100,0.0,0.0
2024-12-19 00:00:00-05:00,11.84000015258789,11.989999771118164,11.34000015258789,11.449999809265137,1009600,0.0,0.0
2024-12-20 00:00:00-05:00,11.210000038146973,11.720000267028809,11.119999885559082,11.289999961853027,2914800,0.0,0.0
2024-12-23 00:00:00-05:00,11.329999923706055,11.6899995803833,11.220000267028809,11.390000343322754,611000,0.0,0.0
2024-12-24 00:00:00-05:00,11.479999542236328,11.65999984741211,11.369999885559082,11.539999961853027,225500,0.0,0.0
2024-12-26 00:00:00-05:00,11.520000457763672,11.850000381469727,11.479999542236328,11.770000457763672,365800,0.0,0.0
2024-12-27 00:00:00-05:00,11.619999885559082,11.779999732971191,11.279999732971191,11.470000267028809,411600,0.0,0.0
2024-12-30 00:00:00-05:00,11.260000228881836,11.4399995803833,11.119999885559082,11.25,524700,0.0,0.0
2024-12-31 00:00:00-05:00,11.369999885559082,11.489999771118164,11.109999656677246,11.1899995803833,539200,0.0,0.0
2025-01-02 00:00:00-05:00,11.270000457763672,11.399999618530273,10.75,10.970000267028809,1024600,0.0,0.0
2025-01-03 00:00:00-05:00,11.0,11.130000114440918,10.90999984741211,11.109999656677246,527300,0.0,0.0
2025-01-06 00:00:00-05:00,11.260000228881836,11.779999732971191,11.260000228881836,11.4399995803833,742900,0.0,0.0
2025-01-07 00:00:00-05:00,11.729999542236328,11.9399995803833,11.319999694824219,11.510000228881836,690200,0.0,0.0
2025-01-08 00:00:00-05:00,11.40999984741211,11.930000305175781,11.279999732971191,11.869999885559082,665100,0.0,0.0
2025-01-10 00:00:00-05:00,11.569999694824219,11.569999694824219,11.170000076293945,11.470000267028809,704700,0.0,0.0
2025-01-13 00:00:00-05:00,11.220000267028809,11.390000343322754,10.869999885559082,11.329999923706055,623300,0.0,0.0
2025-01-14 00:00:00-05:00,11.760000228881836,11.890000343322754,11.199999809265137,11.550000190734863,557800,0.0,0.0
2025-01-15 00:00:00-05:00,11.8100004196167,11.979999542236328,11.5600004196167,11.619999885559082,649000,0.0,0.0
2025-01-16 00:00:00-05:00,11.760000228881836,11.989999771118164,11.59000015258789,11.949999809265137,728100,0.0,0.0
2025-01-17 00:00:00-05:00,12.0600004196167,12.149999618530273,11.680000305175781,11.829999923706055,862200,0.0,0.0
2025-01-21 00:00:00-05:00,11.930000305175781,12.350000381469727,11.930000305175781,12.1899995803833,977600,0.0,0.0
2025-01-22 00:00:00-05:00,12.229999542236328,12.390000343322754,11.739999771118164,11.829999923706055,848400,0.0,0.0
2025-01-23 00:00:00-05:00,11.680000305175781,12.050000190734863,11.65999984741211,12.0,987900,0.0,0.0
2025-01-24 00:00:00-05:00,12.029999732971191,12.25,11.729999542236328,11.84000015258789,976600,0.0,0.0
2025-01-27 00:00:00-05:00,11.609999656677246,11.8100004196167,11.470000267028809,11.710000038146973,1157600,0.0,0.0
2025-01-28 00:00:00-05:00,11.699999809265137,12.09000015258789,11.460000038146973,11.920000076293945,801900,0.0,0.0
2025-01-29 00:00:00-05:00,11.850000381469727,11.960000038146973,11.420000076293945,11.720000267028809,768900,0.0,0.0
2025-01-30 00:00:00-05:00,12.0,12.210000038146973,11.649999618530273,11.680000305175781,411600,0.0,0.0
2025-01-31 00:00:00-05:00,11.670000076293945,11.970000267028809,11.619999885559082,11.710000038146973,507800,0.0,0.0
2025-02-03 00:00:00-05:00,11.170000076293945,11.420000076293945,11.0,11.229999542236328,676800,0.0,0.0
2025-02-04 00:00:00-05:00,11.180000305175781,11.619999885559082,11.119999885559082,11.619999885559082,689800,0.0,0.0
2025-02-05 00:00:00-05:00,11.699999809265137,11.739999771118164,11.489999771118164,11.520000457763672,800000,0.0,0.0
2025-02-06 00:00:00-05:00,11.640000343322754,11.6899995803833,11.119999885559082,11.380000114440918,916600,0.0,0.0
2025-02-07 00:00:00-05:00,11.359999656677246,11.460000038146973,11.020000457763672,11.180000305175781,535200,0.0,0.0
2025-02-10 00:00:00-05:00,11.220000267028809,11.59000015258789,11.149999618530273,11.5600004196167,404900,0.0,0.0
2025-02-11 00:00:00-05:00,11.520000457763672,11.680000305175781,11.40999984741211,11.520000457763672,442800,0.0,0.0
2025-02-12 00:00:00-05:00,11.289999961853027,11.390000343322754,10.979999542236328,11.260000228881836,633600,0.0,0.0
2025-02-13 00:00:00-05:00,11.300000190734863,11.510000228881836,11.1899995803833,11.479999542236328,464300,0.0,0.0
2025-02-14 00:00:00-05:00,11.40999984741211,11.600000381469727,11.350000381469727,11.59000015258789,301200,0.0,0.0
2025-02-18 00:00:00-05:00,11.609999656677246,11.770000457763672,11.5,11.640000343322754,466800,0.0,0.0
2025-02-19 00:00:00-05:00,11.59000015258789,11.710000038146973,11.359999656677246,11.430000305175781,682500,0.0,0.0
2025-02-20 00:00:00-05:00,11.319999694824219,11.390000343322754,11.020000457763672,11.239999771118164,664000,0.0,0.0
2025-02-21 00:00:00-05:00,11.390000343322754,11.59000015258789,11.210000038146973,11.470000267028809,657100,0.0,0.0
2025-02-24 00:00:00-05:00,11.460000038146973,11.619999885559082,11.3100004196167,11.550000190734863,617200,0.0,0.0
2025-02-25 00:00:00-05:00,11.619999885559082,11.880000114440918,11.40999984741211,11.760000228881836,854200,0.0,0.0
2025-02-26 00:00:00-05:00,11.779999732971191,12.020000457763672,11.59000015258789,11.880000114440918,912200,0.0,0.0
2025-02-27 00:00:00-05:00,11.899999618530273,12.199999809265137,11.640000343322754,11.920000076293945,1487000,0.0,0.0
2025-02-28 00:00:00-05:00,12.529999732971191,14.470000267028809,12.390000343322754,14.380000114440918,2927100,0.0,0.0
2025-03-03 00:00:00-05:00,14.140000343322754,14.260000228881836,12.069999694824219,12.149999618530273,3036200,0.0,0.0
2025-03-04 00:00:00-05:00,11.890000343322754,12.039999961853027,11.079999923706055,11.84000015258789,1937900,0.0,0.0
2025-03-05 00:00:00-05:00,11.829999923706055,12.329999923706055,11.699999809265137,12.279999732971191,1403700,0.0,0.0
2025-03-06 00:00:00-05:00,11.90999984741211,12.359999656677246,11.800000190734863,11.850000381469727,1252000,0.0,0.0
2025-03-07 00:00:00-05:00,11.800000190734863,11.979999542236328,11.510000228881836,11.819999694824219,1216500,0.0,0.0
2025-03-10 00:00:00-04:00,11.520000457763672,11.630000114440918,10.859999656677246,10.970000267028809,1458400,0.0,0.0
2025-03-11 00:00:00-04:00,10.960000038146973,11.390000343322754,10.880000114440918,10.930000305175781,1249600,0.0,0.0
2025-03-12 00:00:00-04:00,10.989999771118164,11.180000305175781,10.539999961853027,10.609999656677246,899400,0.0,0.0
2025-03-13 00:00:00-04:00,10.59000015258789,10.680000305175781,10.25,10.529999732971191,978500,0.0,0.0
2025-03-14 00:00:00-04:00,10.699999809265137,10.869999885559082,10.510000228881836,10.630000114440918,1057600,0.0,0.0
2025-03-17 00:00:00-04:00,10.65999984741211,11.210000038146973,10.59000015258789,11.039999961853027,683200,0.0,0.0
2025-03-18 00:00:00-04:00,10.720000267028809,10.979999542236328,10.5,10.600000381469727,1156700,0.0,0.0
2025-03-19 00:00:00-04:00,10.640000343322754,10.960000038146973,10.529999732971191,10.869999885559082,1038900,0.0,0.0
2025-03-20 00:00:00-04:00,10.75,11.069999694824219,10.579999923706055,10.699999809265137,1309700,0.0,0.0
2025-03-21 00:00:00-04:00,10.460000038146973,10.739999771118164,10.34000015258789,10.529999732971191,1425300,0.0,0.0
2025-03-24 00:00:00-04:00,10.770000457763672,10.9399995803833,10.760000228881836,10.869999885559082,703000,0.0,0.0
2025-03-25 00:00:00-04:00,10.829999923706055,10.869999885559082,10.550000190734863,10.5600004196167,861500,0.0,0.0
2025-03-26 00:00:00-04:00,10.670000076293945,10.739999771118164,10.489999771118164,10.710000038146973,683800,0.0,0.0
2025-03-27 00:00:00-04:00,10.6899995803833,10.819999694824219,10.460000038146973,10.470000267028809,759500,0.0,0.0
2025-03-28 00:00:00-04:00,10.430000305175781,10.449999809265137,10.039999961853027,10.260000228881836,1034800,0.0,0.0
2025-03-31 00:00:00-04:00,10.039999961853027,10.109999656677246,9.770000457763672,9.869999885559082,889400,0.0,0.0
2025-04-01 00:00:00-04:00,9.90999984741211,9.949999809265137,9.65999984741211,9.75,803200,0.0,0.0
2025-04-02 00:00:00-04:00,9.579999923706055,9.8100004196167,9.430000305175781,9.630000114440918,1054700,0.0,0.0
2025-04-03 00:00:00-04:00,8.989999771118164,9.0,8.34000015258789,8.510000228881836,1172400,0.0,0.0
2025-04-04 00:00:00-04:00,8.220000267028809,8.479999542236328,7.840000152587891,8.470000267028809,1356900,0.0,0.0
2025-04-07 00:00:00-04:00,7.96999979019165,9.069999694824219,7.940000057220459,8.710000038146973,1525800,0.0,0.0
2025-04-08 00:00:00-04:00,9.109999656677246,9.109999656677246,8.130000114440918,8.40999984741211,1180400,0.0,0.0
2025-04-09 00:00:00-04:00,8.430000305175781,9.880000114440918,8.369999885559082,9.430000305175781,1142000,0.0,0.0
2025-04-10 00:00:00-04:00,9.0600004196167,9.1899995803833,8.720000267028809,8.829999923706055,903800,0.0,0.0
2025-04-11 00:00:00-04:00,8.789999961853027,8.989999771118164,8.5,8.880000114440918,919100,0.0,0.0
2025-04-14 00:00:00-04:00,9.350000381469727,9.350000381469727,8.829999923706055,9.069999694824219,815400,0.0,0.0
2025-04-15 00:00:00-04:00,9.0,9.220000267028809,9.0,9.180000305175781,580500,0.0,0.0
2025-04-16 00:00:00-04:00,9.0,9.3100004196167,8.979999542236328,9.15999984741211,523500,0.0,0.0
2025-04-17 00:00:00-04:00,9.210000038146973,9.329999923706055,8.979999542236328,9.210000038146973,506100,0.0,0.0
2025-04-21 00:00:00-04:00,9.050000190734863,9.119999885559082,8.779999732971191,9.010000228881836,539100,0.0,0.0
2025-04-22 00:00:00-04:00,9.170000076293945,9.350000381469727,9.050000190734863,9.239999771118164,619500,0.0,0.0
2025-04-23 00:00:00-04:00,9.640000343322754,9.729999542236328,9.319999694824219,9.390000343322754,489300,0.0,0.0
2025-04-24 00:00:00-04:00,9.390000343322754,9.760000228881836,9.390000343322754,9.739999771118164,465900,0.0,0.0
2025-04-25 00:00:00-04:00,9.649999618530273,9.930000305175781,9.59000015258789,9.920000076293945,425500,0.0,0.0
2025-04-28 00:00:00-04:00,9.850000381469727,9.960000038146973,9.670000076293945,9.899999618530273,567000,0.0,0.0
2025-04-29 00:00:00-04:00,9.880000114440918,10.0600004196167,9.789999961853027,9.930000305175781,493600,0.0,0.0
2025-04-30 00:00:00-04:00,9.600000381469727,9.880000114440918,9.399999618530273,9.829999923706055,665600,0.0,0.0
2025-05-01 00:00:00-04:00,9.949999809265137,10.15999984741211,9.8100004196167,10.09000015258789,640600,0.0,0.0
2025-05-02 00:00:00-04:00,10.199999809265137,10.449999809265137,10.149999618530273,10.350000381469727,465200,0.0,0.0
2025-05-05 00:00:00-04:00,10.260000228881836,10.529999732971191,10.149999618530273,10.25,630800,0.0,0.0
2025-05-06 00:00:00-04:00,10.0,10.40999984741211,10.0,10.34000015258789,685600,0.0,0.0
2025-05-07 00:00:00-04:00,10.359999656677246,10.460000038146973,10.199999809265137,10.399999618530273,598300,0.0,0.0
2025-05-08 00:00:00-04:00,10.640000343322754,11.300000190734863,10.300000190734863,10.640000343322754,1358900,0.0,0.0
2025-05-09 00:00:00-04:00,11.680000305175781,12.479999542236328,11.59000015258789,12.430000305175781,1630700,0.0,0.0
2025-05-12 00:00:00-04:00,12.739999771118164,13.350000381469727,12.260000228881836,13.329999923706055,1659200,0.0,0.0
2025-05-13 00:00:00-04:00,13.5,13.850000381469727,13.130000114440918,13.720000267028809,1087400,0.0,0.0
2025-05-14 00:00:00-04:00,13.670000076293945,13.789999961853027,13.470000267028809,13.739999771118164,788700,0.0,0.0
2025-05-15 00:00:00-04:00,13.600000381469727,13.800000190734863,13.449999809265137,13.789999961853027,817900,0.0,0.0
2025-05-16 00:00:00-04:00,13.829999923706055,13.930000305175781,13.619999885559082,13.710000038146973,682400,0.0,0.0
2025-05-19 00:00:00-04:00,13.420000076293945,13.770000457763672,13.390000343322754,13.630000114440918,571900,0.0,0.0
2025-05-20 00:00:00-04:00,13.579999923706055,13.739999771118164,13.449999809265137,13.630000114440918,422100,0.0,0.0
2025-05-21 00:00:00-04:00,13.5,13.869999885559082,13.5,13.640000343322754,687200,0.0,0.0
2025-05-22 00:00:00-04:00,13.609999656677246,13.6899995803833,13.529999732971191,13.569999694824219,411100,0.0,0.0
2025-05-23 00:00:00-04:00,13.390000343322754,13.470000267028809,13.260000228881836,13.300000190734863,481700,0.0,0.0
2025-05-27 00:00:00-04:00,13.529999732971191,13.710000038146973,13.380000114440918,13.710000038146973,593700,0.0,0.0
2025-05-28 00:00:00-04:00,13.680000305175781,13.680000305175781,13.399999618530273,13.550000190734863,893700,0.0,0.0
2025-05-29 00:00:00-04:00,13.640000343322754,13.84000015258789,13.430000305175781,13.75,737200,0.0,0.0
2025-05-30 00:00:00-04:00,13.680000305175781,14.470000267028809,13.569999694824219,14.319999694824219,1930900,0.0,0.0
2025-06-02 00:00:00-04:00,14.25,14.5,14.039999961853027,14.460000038146973,1049600,0.0,0.0
2025-06-03 00:00:00-04:00,14.470000267028809,14.720000267028809,14.399999618530273,14.65999984741211,573600,0.0,0.0
2025-06-04 00:00:00-04:00,14.670000076293945,14.779999732971191,14.529999732971191,14.600000381469727,470200,0.0,0.0
2025-06-05 00:00:00-04:00,15.5,16.290000915527344,14.600000381469727,16.209999084472656,2296900,0.0,0.0
2025-06-06 00:00:00-04:00,16.309999465942383,17.260000228881836,16.219999313354492,16.780000686645508,1854400,0.0,0.0
2025-06-09 00:00:00-04:00,16.93000030517578,17.3700008392334,16.520000457763672,17.34000015258789,956200,0.0,0.0
2025-06-10 00:00:00-04:00,17.469999313354492,17.59000015258789,17.010000228881836,17.09000015258789,1082100,0.0,0.0
2025-06-11 00:00:00-04:00,17.110000610351562,17.270000457763672,16.799999237060547,17.020000457763672,1294000,0.0,0.0
2025-06-12 00:00:00-04:00,16.90999984741211,17.049999237060547,16.68000030517578,16.770000457763672,718800,0.0,0.0
2025-06-13 00:00:00-04:00,16.549999237060547,17.1200008392334,16.459999084472656,17.06999969482422,940600,0.0,0.0
2025-06-16 00:00:00-04:00,17.06999969482422,17.59000015258789,16.8799991607666,17.229999542236328,1382700,0.0,0.0
2025-06-17 00:00:00-04:00,17.200000762939453,17.700000762939453,17.139999389648438,17.280000686645508,1296800,0.0,0.0
2025-06-18 00:00:00-04:00,17.239999771118164,17.479999542236328,17.040000915527344,17.229999542236328,1119400,0.0,0.0
2025-06-20 00:00:00-04:00,17.309999465942383,17.520000457763672,16.950000762939453,17.110000610351562,2739100,0.0,0.0
2025-06-23 00:00:00-04:00,17.020000457763672,17.139999389648438,16.34000015258789,16.65999984741211,1429200,0.0,0.0
2025-06-24 00:00:00-04:00,16.809999465942383,17.059999465942383,16.649999618530273,16.799999237060547,1512400,0.0,0.0
2025-06-25 00:00:00-04:00,16.760000228881836,17.100000381469727,16.6299991607666,16.760000228881836,1797000,0.0,0.0
2025-06-26 00:00:00-04:00,17.09000015258789,17.5,16.770000457763672,17.360000610351562,2072200,0.0,0.0
2025-06-27 00:00:00-04:00,17.399999618530273,17.5,16.850000381469727,17.170000076293945,1880000,0.0,0.0
2025-06-30 00:00:00-04:00,17.139999389648438,17.219999313354492,16.739999771118164,16.959999084472656,1004400,0.0,0.0
2025-07-01 00:00:00-04:00,16.899999618530273,17.56999969482422,16.850000381469727,17.139999389648438,2207800,0.0,0.0
2025-07-02 00:00:00-04:00,17.229999542236328,17.280000686645508,16.6299991607666,16.93000030517578,1183300,0.0,0.0
2025-07-03 00:00:00-04:00,17.010000228881836,17.979999542236328,17.010000228881836,17.600000381469727,1481800,0.0,0.0
2025-07-07 00:00:00-04:00,17.290000915527344,17.43000030517578,16.649999618530273,16.700000762939453,1084800,0.0,0.0
2025-07-08 00:00:00-04:00,16.899999618530273,16.969999313354492,16.399999618530273,16.6299991607666,1623300,0.0,0.0
2025-07-09 00:00:00-04:00,16.709999084472656,16.850000381469727,16.3700008392334,16.479999542236328,1084100,0.0,0.0
2025-07-10 00:00:00-04:00,16.34000015258789,16.549999237060547,16.139999389648438,16.290000915527344,809600,0.0,0.0
2025-07-11 00:00:00-04:00,16.209999084472656,16.350000381469727,15.65999984741211,15.720000267028809,866500,0.0,0.0
2025-07-14 00:00:00-04:00,15.65999984741211,16.290000915527344,15.430000305175781,16.200000762939453,940900,0.0,0.0
2025-07-15 00:00:00-04:00,16.309999465942383,16.459999084472656,16.09000015258789,16.170000076293945,866900,0.0,0.0
2025-07-16 00:00:00-04:00,16.290000915527344,16.3799991607666,16.010000228881836,16.209999084472656,827500,0.0,0.0
2025-07-17 00:00:00-04:00,16.170000076293945,16.389999389648438,15.949999809265137,16.239999771118164,1285200,0.0,0.0
2025-07-18 00:00:00-04:00,16.329999923706055,16.559999465942383,16.110000610351562,16.350000381469727,1405100,0.0,0.0
2025-07-21 00:00:00-04:00,16.40999984741211,16.450000762939453,16.1200008392334,16.25,1278900,0.0,0.0
2025-07-22 00:00:00-04:00,16.239999771118164,16.43000030517578,15.869999885559082,16.190000534057617,1192300,0.0,0.0
2025-07-23 00:00:00-04:00,16.170000076293945,16.81999969482422,16.170000076293945,16.790000915527344,1267600,0.0,0.0
2025-07-24 00:00:00-04:00,16.90999984741211,17.100000381469727,16.34000015258789,16.40999984741211,983500,0.0,0.0
2025-07-25 00:00:00-04:00,16.450000762939453,16.489999771118164,16.110000610351562,16.229999542236328,1076100,0.0,0.0
2025-07-28 00:00:00-04:00,16.260000228881836,16.469999313354492,16.010000228881836,16.34000015258789,1017400,0.0,0.0
2025-07-29 00:00:00-04:00,16.469999313354492,16.799999237060547,16.100000381469727,16.100000381469727,1148600,0.0,0.0
2025-07-30 00:00:00-04:00,16.219999313354492,16.530000686645508,16.100000381469727,16.290000915527344,1336800,0.0,0.0
2025-07-31 00:00:00-04:00,16.270000457763672,16.389999389648438,15.949999809265137,16.200000762939453,1333800,0.0,0.0
2025-08-01 00:00:00-04:00,15.899999618530273,17.479999542236328,15.4399995803833,15.760000228881836,1492100,0.0,0.0
2025-08-04 00:00:00-04:00,15.680000305175781,16.190000534057617,15.680000305175781,16.110000610351562,982200,0.0,0.0
2025-08-05 00:00:00-04:00,16.34000015258789,16.579999923706055,16.059999465942383,16.059999465942383,853300,0.0,0.0
2025-08-06 00:00:00-04:00,16.059999465942383,16.229999542236328,15.960000038146973,16.100000381469727,1029100,0.0,0.0
2025-08-07 00:00:00-04:00,16.239999771118164,16.459999084472656,15.859999656677246,16.43000030517578,1569300,0.0,0.0
2025-08-08 00:00:00-04:00,19.25,19.25,16.709999084472656,16.709999084472656,4649100,0.0,0.0
2025-08-11 00:00:00-04:00,16.489999771118164,17.40999984741211,16.3799991607666,17.200000762939453,3047600,0.0,0.0
2025-08-12 00:00:00-04:00,17.100000381469727,18.479999542236328,17.049999237060547,18.139999389648438,4775100,0.0,0.0
2025-08-13 00:00:00-04:00,18.200000762939453,18.489999771118164,16.719999313354492,17.25,2905800,0.0,0.0
2025-08-14 00:00:00-04:00,16.899999618530273,17.110000610351562,16.389999389648438,16.600000381469727,1753300,0.0,0.0
2025-08-15 00:00:00-04:00,16.65999984741211,16.860000610351562,16.100000381469727,16.469999313354492,1157600,0.0,0.0
2025-08-18 00:00:00-04:00,16.479999542236328,17.299999237060547,16.440000534057617,17.110000610351562,1381900,0.0,0.0
2025-08-19 00:00:00-04:00,17.049999237060547,17.229999542236328,16.68000030517578,16.780000686645508,784100,0.0,0.0
2025-08-20 00:00:00-04:00,16.75,16.760000228881836,16.40999984741211,16.65999984741211,860100,0.0,0.0
2025-08-21 00:00:00-04:00,16.65999984741211,16.93000030517578,16.559999465942383,16.84000015258789,1247900,0.0,0.0
2025-08-22 00:00:00-04:00,17.0,17.8700008392334,17.0,17.540000915527344,1729600,0.0,0.0
2025-08-25 00:00:00-04:00,17.579999923706055,17.739999771118164,16.989999771118164,16.989999771118164,1598800,0.0,0.0
2025-08-26 00:00:00-04:00,17.100000381469727,17.3700008392334,16.920000076293945,17.229999542236328,1206200,0.0,0.0
2025-08-27 00:00:00-04:00,17.209999084472656,17.65999984741211,17.149999618530273,17.579999923706055,1289300,0.0,0.0
2025-08-28 00:00:00-04:00,17.709999084472656,17.8799991607666,17.540000915527344,17.850000381469727,933500,0.0,0.0
2025-08-29 00:00:00-04:00,17.799999237060547,17.950000762939453,17.209999084472656,17.40999984741211,1577200,0.0,0.0
2025-09-02 00:00:00-04:00,17.3799991607666,17.989999771118164,17.1200008392334,17.940000534057617,1917500,0.0,0.0
2025-09-03 00:00:00-04:00,18.1299991607666,18.75,18.040000915527344,18.40999984741211,2265400,0.0,0.0
2025-09-04 00:00:00-04:00,18.350000381469727,18.40999984741211,17.809999465942383,18.239999771118164,1473500,0.0,0.0
2025-09-05 00:00:00-04:00,18.260000228881836,18.389999389648438,17.90999984741211,18.1299991607666,1464200,0.0,0.0
2025-09-08 00:00:00-04:00,18.200000762939453,18.59000015258789,18.079999923706055,18.09000015258789,1002900,0.0,0.0
2025-09-09 00:00:00-04:00,18.059999465942383,18.110000610351562,17.3799991607666,17.510000228881836,1770700,0.0,0.0
2025-09-10 00:00:00-04:00,17.540000915527344,17.760000228881836,16.530000686645508,16.920000076293945,1826400,0.0,0.0
2025-09-11 00:00:00-04:00,17.06999969482422,17.56999969482422,16.969999313354492,17.34000015258789,1550300,0.0,0.0
2025-09-12 00:00:00-04:00,17.239999771118164,17.649999618530273,17.229999542236328,17.43000030517578,997100,0.0,0.0
2025-09-15 00:00:00-04:00,17.6200008392334,17.959999084472656,17.5,17.68000030517578,939300,0.0,0.0
2025-09-16 00:00:00-04:00,17.670000076293945,18.100000381469727,17.479999542236328,18.010000228881836,960500,0.0,0.0
2025-09-17 00:00:00-04:00,18.0,18.3700008392334,17.850000381469727,18.110000610351562,1317500,0.0,0.0
2025-09-18 00:00:00-04:00,18.389999389648438,18.5,18.0,18.010000228881836,2399800,0.0,0.0
2025-09-19 00:00:00-04:00,18.010000228881836,18.1299991607666,17.809999465942383,18.06999969482422,1685700,0.0,0.0
2025-09-22 00:00:00-04:00,18.040000915527344,18.600000381469727,17.8700008392334,18.540000915527344,1078100,0.0,0.0
2025-09-23 00:00:00-04:00,18.600000381469727,18.75,17.989999771118164,17.989999771118164,770900,0.0,0.0
2025-09-24 00:00:00-04:00,18.0,18.0,17.040000915527344,17.049999237060547,1419500,0.0,0.0
2025-09-25 00:00:00-04:00,16.889999389648438,17.0,16.489999771118164,16.90999984741211,2096500,0.0,0.0
2025-09-26 00:00:00-04:00,16.899999618530273,17.219999313354492,16.780000686645508,17.020000457763672,980300,0.0,0.0
2025-09-29 00:00:00-04:00,17.139999389648438,17.15999984741211,16.860000610351562,17.139999389648438,1061100,0.0,0.0
2025-09-30 00:00:00-04:00,17.18000030517578,17.270000457763672,16.709999084472656,16.950000762939453,1283400,0.0,0.0
2025-10-01 00:00:00-04:00,16.6200008392334,17.020000457763672,16.6200008392334,16.920000076293945,1230300,0.0,0.0
2025-10-02 00:00:00-04:00,17.030000686645508,17.15999984741211,16.829999923706055,17.079999923706055,1051400,0.0,0.0
2025-10-03 00:00:00-04:00,17.18000030517578,17.829999923706055,17.149999618530273,17.25,873500,0.0,0.0
2025-10-06 00:00:00-04:00,17.459999084472656,17.549999237060547,16.950000762939453,17.170000076293945,893000,0.0,0.0
2025-10-07 00:00:00-04:00,17.6200008392334,17.6200008392334,16.559999465942383,16.889999389648438,946800,0.0,0.0
2025-10-08 00:00:00-04:00,17.0,17.309999465942383,16.8799991607666,17.260000228881836,603500,0.0,0.0
2025-10-09 00:00:00-04:00,17.219999313354492,17.3799991607666,16.860000610351562,17.350000381469727,843200,0.0,0.0
2025-10-10 00:00:00-04:00,17.350000381469727,17.450000762939453,16.600000381469727,16.670000076293945,847500,0.0,0.0
2025-10-13 00:00:00-04:00,17.09000015258789,17.329999923706055,16.950000762939453,17.18000030517578,822200,0.0,0.0
2025-10-14 00:00:00-04:00,16.829999923706055,17.59000015258789,16.780000686645508,17.469999313354492,1028400,0.0,0.0
2025-10-15 00:00:00-04:00,17.709999084472656,18.0,17.610000610351562,17.899999618530273,711400,0.0,0.0
2025-10-16 00:00:00-04:00,17.989999771118164,18.040000915527344,17.59000015258789,17.68000030517578,595400,0.0,0.0
2025-10-17 00:00:00-04:00,17.43000030517578,17.799999237060547,17.25,17.540000915527344,694400,0.0,0.0
2025-10-20 00:00:00-04:00,17.770000457763672,18.1299991607666,17.540000915527344,18.110000610351562,696000,0.0,0.0
2025-10-21 00:00:00-04:00,18.09000015258789,18.18000030517578,17.700000762939453,18.059999465942383,557700,0.0,0.0
2025-10-22 00:00:00-04:00,18.040000915527344,18.389999389648438,17.989999771118164,18.270000457763672,905900,0.0,0.0
2025-10-23 00:00:00-04:00,18.3700008392334,18.809999465942383,18.219999313354492,18.770000457763672,1299000,0.0,0.0
2025-10-24 00:00:00-04:00,19.0,19.899999618530273,18.979999542236328,19.440000534057617,1647900,0.0,0.0
2025-10-27 00:00:00-04:00,19.889999389648438,19.90999984741211,19.049999237060547,19.219999313354492,1390500,0.0,0.0
2025-10-28 00:00:00-04:00,19.280000686645508,19.309999465942383,18.559999465942383,19.260000228881836,1166900,0.0,0.0
2025-10-29 00:00:00-04:00,19.290000915527344,19.940000534057617,18.979999542236328,19.34000015258789,1268700,0.0,0.0
2025-10-30 00:00:00-04:00,19.389999389648438,19.559999465942383,18.739999771118164,18.93000030517578,945700,0.0,0.0
2025-10-31 00:00:00-04:00,19.079999923706055,19.3700008392334,18.940000534057617,19.34000015258789,862700,0.0,0.0
2025-11-03 00:00:00-05:00,19.34000015258789,19.350000381469727,18.75,18.969999313354492,1195000,0.0,0.0
2025-11-04 00:00:00-05:00,18.579999923706055,18.600000381469727,17.479999542236328,17.75,1433200,0.0,0.0
2025-11-05 00:00:00-05:00,17.65999984741211,17.84000015258789,17.3700008392334,17.709999084472656,1302100,0.0,0.0
2025-11-06 00:00:00-05:00,17.520000457763672,17.760000228881836,16.850000381469727,16.940000534057617,1230900,0.0,0.0
2025-11-07 00:00:00-05:00,15.970000267028809,16.360000610351562,14.819999694824219,14.829999923706055,2929900,0.0,0.0
2025-11-10 00:00:00-05:00,15.140000343322754,15.8100004196167,14.920000076293945,15.770000457763672,2548300,0.0,0.0
2025-11-11 00:00:00-05:00,15.609999656677246,15.729999542236328,15.180000305175781,15.40999984741211,1865600,0.0,0.0
2025-11-12 00:00:00-05:00,15.489999771118164,16.0,15.489999771118164,15.579999923706055,1456000,0.0,0.0
2025-11-13 00:00:00-05:00,15.369999885559082,15.609999656677246,14.970000267028809,15.069999694824219,1668900,0.0,0.0
2025-11-14 00:00:00-05:00,14.6899995803833,14.890000343322754,14.119999885559082,14.140000343322754,1646100,0.0,0.0
2025-11-17 00:00:00-05:00,14.039999961853027,14.130000114440918,13.329999923706055,13.529999732971191,1819200,0.0,0.0
2025-11-18 00:00:00-05:00,13.579999923706055,13.819999694824219,13.380000114440918,13.40999984741211,1099200,0.0,0.0
2025-11-19 00:00:00-05:00,13.460000038146973,13.600000381469727,13.1899995803833,13.300000190734863,983600,0.0,0.0
2025-11-20 00:00:00-05:00,13.5600004196167,13.699999809265137,12.8100004196167,12.899999618530273,1429400,0.0,0.0
2025-11-21 00:00:00-05:00,12.819999694824219,13.34000015258789,12.819999694824219,13.319999694824219,1424600,0.0,0.0
2025-11-24 00:00:00-05:00,13.380000114440918,13.609999656677246,13.289999961853027,13.579999923706055,1138100,0.0,0.0
2025-11-25 00:00:00-05:00,13.630000114440918,14.25,13.609999656677246,14.100000381469727,1525600,0.0,0.0
2025-11-26 00:00:00-05:00,14.050000190734863,14.539999961853027,13.989999771118164,14.359999656677246,1632600,0.0,0.0
2025-11-28 00:00:00-05:00,14.359999656677246,14.5600004196167,14.300000190734863,14.5,596200,0.0,0.0
2025-12-01 00:00:00-05:00,14.25,14.4399995803833,14.0600004196167,14.220000267028809,1356700,0.0,0.0
2025-12-02 00:00:00-05:00,14.369999885559082,14.5,13.729999542236328,13.890000343322754,1307400,0.0,0.0
2025-12-03 00:00:00-05:00,13.899999618530273,14.319999694824219,13.84000015258789,14.270000457763672,1015200,0.0,0.0
2025-12-04 00:00:00-05:00,14.229999542236328,14.390000343322754,14.069999694824219,14.390000343322754,805900,0.0,0.0
2025-12-05 00:00:00-05:00,14.390000343322754,14.510000228881836,14.210000038146973,14.510000228881836,761700,0.0,0.0
2025-12-08 00:00:00-05:00,14.600000381469727,14.649999618530273,14.180000305175781,14.199999809265137,919200,0.0,0.0
2025-12-09 00:00:00-05:00,14.380000114440918,14.739999771118164,14.25,14.350000381469727,1073400,0.0,0.0
2025-12-10 00:00:00-05:00,14.270000457763672,14.609999656677246,14.180000305175781,14.359999656677246,1077800,0.0,0.0
2025-12-11 00:00:00-05:00,14.300000190734863,14.479999542236328,14.109999656677246,14.430000305175781,858200,0.0,0.0
2025-12-12 00:00:00-05:00,14.479999542236328,14.479999542236328,13.75,14.069999694824219,1457700,0.0,0.0
2025-12-15 00:00:00-05:00,14.210000038146973,14.289999961853027,13.369999885559082,13.420000076293945,1585800,0.0,0.0
2025-12-16 00:00:00-05:00,13.420000076293945,13.680000305175781,13.3100004196167,13.510000228881836,1900400,0.0,0.0
2025-12-17 00:00:00-05:00,13.5600004196167,13.850000381469727,13.260000228881836,13.329999923706055,1466800,0.0,0.0
2025-12-18 00:00:00-05:00,13.569999694824219,14.0600004196167,13.529999732971191,13.930000305175781,1454300,0.0,0.0
2025-12-19 00:00:00-05:00,13.90999984741211,14.270000457763672,13.890000343322754,14.050000190734863,3213900,0.0,0.0
2025-12-22 00:00:00-05:00,14.229999542236328,14.229999542236328,13.880000114440918,13.9399995803833,866300,0.0,0.0
2025-12-23 00:00:00-05:00,13.859999656677246,14.079999923706055,13.670000076293945,13.930000305175781,624900,0.0,0.0
2025-12-24 00:00:00-05:00,13.84000015258789,14.100000381469727,13.829999923706055,14.029999732971191,365500,0.0,0.0
2025-12-26 00:00:00-05:00,14.039999961853027,14.300000190734863,13.869999885559082,14.15999984741211,642600,0.0,0.0
2025-12-29 00:00:00-05:00,14.119999885559082,14.130000114440918,13.960000038146973,14.109999656677246,644700,0.0,0.0
2025-12-30 00:00:00-05:00,14.0,14.140000343322754,13.869999885559082,13.899999618530273,635000,0.0,0.0
2025-12-31 00:00:00-05:00,13.90999984741211,14.039999961853027,13.800000190734863,13.989999771118164,852000,0.0,0.0
2026-01-02 00:00:00-05:00,14.130000114440918,14.130000114440918,13.149999618530273,13.229999542236328,1955700,0.0,0.0
2026-01-05 00:00:00-05:00,13.5,14.020000457763672,13.359999656677246,13.829999923706055,1101000,0.0,0.0
2026-01-06 00:00:00-05:00,13.829999923706055,14.029999732971191,13.510000228881836,13.640000343322754,1056900,0.0,0.0
2026-01-07 00:00:00-05:00,13.619999885559082,14.050000190734863,13.600000381469727,13.90999984741211,1093200,0.0,0.0
2026-01-08 00:00:00-05:00,13.789999961853027,13.890000343322754,13.390000343322754,13.84000015258789,1211700,0.0,0.0
2026-01-09 00:00:00-05:00,13.800000190734863,13.9399995803833,13.520000457763672,13.579999923706055,1401500,0.0,0.0
2026-01-12 00:00:00-05:00,13.529999732971191,13.59000015258789,13.15999984741211,13.539999961853027,1315100,0.0,0.0
2026-01-13 00:00:00-05:00,13.630000114440918,13.970000267028809,13.529999732971191,13.819999694824219,1232600,0.0,0.0
2026-01-14 00:00:00-05:00,13.819999694824219,13.9399995803833,13.569999694824219,13.930000305175781,751100,0.0,0.0
2026-01-15 00:00:00-05:00,14.15999984741211,14.220000267028809,13.800000190734863,13.989999771118164,930300,0.0,0.0
2026-01-16 00:00:00-05:00,14.020000457763672,14.100000381469727,13.789999961853027,14.09000015258789,1217100,0.0,0.0
2026-01-20 00:00:00-05:00,13.699999809265137,14.050000190734863,13.319999694824219,13.399999618530273,1055500,0.0,0.0
2026-01-21 00:00:00-05:00,13.489999771118164,13.859999656677246,13.34000015258789,13.649999618530273,1009200,0.0,0.0
2026-01-22 00:00:00-05:00,13.949999809265137,14.260000228881836,13.819999694824219,13.920000076293945,1044300,0.0,0.0
2026-01-23 00:00:00-05:00,13.899999618530273,13.899999618530273,12.989999771118164,12.989999771118164,926600,0.0,0.0
2026-01-26 00:00:00-05:00,13.170000076293945,13.4399995803833,13.050000190734863,13.329999923706055,1359000,0.0,0.0
2026-01-27 00:00:00-05:00,13.34000015258789,13.430000305175781,12.899999618530273,13.199999809265137,993000,0.0,0.0
2026-01-28 00:00:00-05:00,13.260000228881836,13.319999694824219,12.779999732971191,12.869999885559082,1092800,0.0,0.0
2026-01-29 00:00:00-05:00,12.880000114440918,13.069999694824219,12.59000015258789,13.020000457763672,1097800,0.0,0.0
2026-01-30 00:00:00-05:00,12.890000343322754,13.0600004196167,12.569999694824219,12.6899995803833,1503000,0.0,0.0
2026-02-02 00:00:00-05:00,12.65999984741211,13.170000076293945,12.65999984741211,12.8100004196167,1249000,0.0,0.0
2026-02-03 00:00:00-05:00,12.8100004196167,12.9399995803833,11.75,12.720000267028809,3491400,0.0,0.0
2026-02-04 00:00:00-05:00,12.600000381469727,13.010000228881836,12.329999923706055,12.739999771118164,2316500,0.0,0.0
2026-02-05 00:00:00-05:00,12.449999809265137,12.739999771118164,11.960000038146973,12.020000457763672,1094900,0.0,0.0
2026-02-06 00:00:00-05:00,12.210000038146973,12.449999809265137,12.039999961853027,12.399999618530273,1512500,0.0,0.0
2026-02-09 00:00:00-05:00,12.210000038146973,12.760000228881836,12.170000076293945,12.479999542236328,930900,0.0,0.0
2026-02-10 00:00:00-05:00,12.5600004196167,12.819999694824219,12.369999885559082,12.369999885559082,876600,0.0,0.0
2026-02-11 00:00:00-05:00,12.619999885559082,12.619999885559082,11.510000228881836,11.5600004196167,1740700,0.0,0.0
2026-02-12 00:00:00-05:00,11.609999656677246,11.9399995803833,11.050000190734863,11.229999542236328,1134100,0.0,0.0
2026-02-13 00:00:00-05:00,11.40999984741211,11.539999961853027,11.180000305175781,11.420000076293945,1129600,0.0,0.0
2026-02-17 00:00:00-05:00,11.279999732971191,11.739999771118164,11.270000457763672,11.65999984741211,1116500,0.0,0.0
2026-02-18 00:00:00-05:00,11.619999885559082,11.800000190734863,11.34000015258789,11.479999542236328,1092300,0.0,0.0
2026-02-19 00:00:00-05:00,11.420000076293945,11.729999542236328,11.420000076293945,11.619999885559082,1234200,0.0,0.0
2026-02-20 00:00:00-05:00,11.5,11.989999771118164,11.5,11.609999656677246,1174500,0.0,0.0
2026-02-23 00:00:00-05:00,11.5600004196167,11.670000076293945,11.270000457763672,11.420000076293945,2232500,0.0,0.0
2026-02-24 00:00:00-05:00,11.489999771118164,11.899999618530273,11.489999771118164,11.609999656677246,1082900,0.0,0.0
2026-02-25 00:00:00-05:00,11.779999732971191,12.039999961853027,11.489999771118164,11.90999984741211,957400,0.0,0.0
2026-02-26 00:00:00-05:00,12.069999694824219,12.4399995803833,11.90999984741211,12.34000015258789,1730200,0.0,0.0
2026-02-27 00:00:00-05:00,14.579999923706055,16.3700008392334,14.5,15.6899995803833,6231800,0.0,0.0
2026-03-02 00:00:00-05:00,15.15999984741211,15.649999618530273,14.779999732971191,15.289999961853027,3895900,0.0,0.0
2026-03-03 00:00:00-05:00,14.760000228881836,15.149999618530273,14.300000190734863,15.09000015258789,3132800,0.0,0.0
2026-03-04 00:00:00-05:00,15.329999923706055,15.75,14.819999694824219,15.039999961853027,1445300,0.0,0.0
2026-03-05 00:00:00-05:00,14.890000343322754,15.100000381469727,13.949999809265137,14.229999542236328,1513400,0.0,0.0
2026-03-06 00:00:00-05:00,13.930000305175781,14.1899995803833,13.770000457763672,13.899999618530273,1120700,0.0,0.0
2026-03-09 00:00:00-04:00,13.640000343322754,14.140000343322754,13.630000114440918,14.069999694824219,1111000,0.0,0.0
2026-03-10 00:00:00-04:00,14.0600004196167,14.109999656677246,13.65999984741211,13.800000190734863,1144300,0.0,0.0
2026-03-11 00:00:00-04:00,13.539999961853027,14.020000457763672,13.5,14.010000228881836,1415000,0.0,0.0
2026-03-12 00:00:00-04:00,13.800000190734863,14.020000457763672,13.489999771118164,13.510000228881836,1869700,0.0,0.0
2026-03-13 00:00:00-04:00,13.539999961853027,14.020000457763672,13.390000343322754,13.600000381469727,1473500,0.0,0.0
2026-03-16 00:00:00-04:00,13.800000190734863,13.960000038146973,13.720000267028809,13.869999885559082,925600,0.0,0.0
2026-03-17 00:00:00-04:00,13.949999809265137,14.210000038146973,13.920000076293945,14.09000015258789,1494500,0.0,0.0
2026-03-18 00:00:00-04:00,14.0,14.739999771118164,13.899999618530273,14.1899995803833,2351100,0.0,0.0
2026-03-19 00:00:00-04:00,14.09000015258789,14.899999618530273,14.029999732971191,14.850000381469727,1219600,0.0,0.0
2026-03-20 00:00:00-04:00,14.779999732971191,14.90999984741211,14.3100004196167,14.350000381469727,2366000,0.0,0.0
2026-03-23 00:00:00-04:00,14.569999694824219,14.850000381469727,14.34000015258789,14.699999809265137,1228800,0.0,0.0
2026-03-24 00:00:00-04:00,14.59000015258789,15.020000457763672,14.460000038146973,14.920000076293945,1201500,0.0,0.0
2026-03-25 00:00:00-04:00,15.140000343322754,15.199999809265137,14.529999732971191,14.720000267028809,865900,0.0,0.0
2026-03-26 00:00:00-04:00,14.680000305175781,14.720000267028809,14.140000343322754,14.220000267028809,925300,0.0,0.0
2026-03-27 00:00:00-04:00,14.050000190734863,14.100000381469727,13.4399995803833,13.460000038146973,961800,0.0,0.0
2026-03-30 00:00:00-04:00,13.630000114440918,13.789999961853027,13.460000038146973,13.65999984741211,1249600,0.0,0.0
2026-03-31 00:00:00-04:00,13.920000076293945,14.319999694824219,13.760000228881836,14.229999542236328,932300,0.0,0.0
2026-04-01 00:00:00-04:00,14.350000381469727,14.699999809265137,14.109999656677246,14.109999656677246,927700,0.0,0.0
2026-04-02 00:00:00-04:00,13.789999961853027,14.220000267028809,13.680000305175781,14.029999732971191,585100,0.0,0.0
2026-04-06 00:00:00-04:00,14.079999923706055,14.210000038146973,13.869999885559082,13.869999885559082,623600,0.0,0.0
2026-04-07 00:00:00-04:00,13.800000190734863,14.180000305175781,13.65999984741211,14.149999618530273,736000,0.0,0.0
2026-04-08 00:00:00-04:00,14.699999809265137,14.949999809265137,13.59000015258789,13.600000381469727,1408700,0.0,0.0
2026-04-09 00:00:00-04:00,13.550000190734863,13.800000190734863,12.770000457763672,13.050000190734863,1588600,0.0,0.0
2026-04-10 00:00:00-04:00,13.149999618530273,13.420000076293945,12.90999984741211,13.119999885559082,1269300,0.0,0.0
2026-04-13 00:00:00-04:00,13.109999656677246,13.739999771118164,13.109999656677246,13.720000267028809,968500,0.0,0.0
2026-04-14 00:00:00-04:00,13.930000305175781,14.079999923706055,13.779999732971191,13.920000076293945,1186700,0.0,0.0
2026-04-15 00:00:00-04:00,13.949999809265137,14.569999694824219,13.949999809265137,14.510000228881836,912900,0.0,0.0
2026-04-16 00:00:00-04:00,14.5600004196167,14.890000343322754,14.5600004196167,14.819999694824219,1060400,0.0,0.0
2026-04-17 00:00:00-04:00,14.949999809265137,15.430000305175781,14.920000076293945,15.1899995803833,1487500,0.0,0.0
2026-04-20 00:00:00-04:00,15.220000267028809,15.4399995803833,14.850000381469727,14.970000267028809,1114600,0.0,0.0
2026-04-21 00:00:00-04:00,15.050000190734863,15.25,14.694999694824219,14.779999732971191,962739,0.0,0.0
