Date,Open,High,Low,Close,Volume,Dividends,Stock Splits
2025-01-15 00:00:00-05:00,10.039999961853027,10.039999961853027,10.020000457763672,10.039999961853027,14722500,0.0,0.0
2025-01-16 00:00:00-05:00,10.029999732971191,10.039999961853027,10.020000457763672,10.020000457763672,294600,0.0,0.0
2025-01-17 00:00:00-05:00,10.039999961853027,10.039999961853027,10.029999732971191,10.029999732971191,189300,0.0,0.0
2025-01-21 00:00:00-05:00,10.050000190734863,10.050000190734863,10.029999732971191,10.029999732971191,3900,0.0,0.0
2025-01-22 00:00:00-05:00,10.050000190734863,10.050000190734863,10.039999961853027,10.039999961853027,3600,0.0,0.0
2025-01-23 00:00:00-05:00,10.029999732971191,10.029999732971191,10.029999732971191,10.029999732971191,600,0.0,0.0
2025-01-24 00:00:00-05:00,10.039999961853027,10.039999961853027,10.039999961853027,10.039999961853027,10000,0.0,0.0
2025-01-27 00:00:00-05:00,10.039999961853027,10.039999961853027,10.039999961853027,10.039999961853027,10600,0.0,0.0
2025-01-28 00:00:00-05:00,10.039999961853027,10.039999961853027,10.029999732971191,10.03499984741211,280600,0.0,0.0
2025-01-29 00:00:00-05:00,10.029999732971191,10.039999961853027,10.024999618530273,10.039999961853027,161900,0.0,0.0
2025-01-30 00:00:00-05:00,10.039999961853027,10.050000190734863,10.029999732971191,10.029999732971191,629300,0.0,0.0
2025-01-31 00:00:00-05:00,10.029999732971191,10.050000190734863,10.029999732971191,10.039999961853027,167800,0.0,0.0
2025-02-03 00:00:00-05:00,10.0600004196167,10.0600004196167,10.050000190734863,10.050000190734863,51000,0.0,0.0
2025-02-04 00:00:00-05:00,10.050000190734863,10.050000190734863,10.050000190734863,10.050000190734863,0,0.0,0.0
2025-02-05 00:00:00-05:00,10.050000190734863,10.050000190734863,10.050000190734863,10.050000190734863,300,0.0,0.0
2025-02-06 00:00:00-05:00,10.050000190734863,10.0600004196167,10.050000190734863,10.050000190734863,100700,0.0,0.0
2025-02-07 00:00:00-05:00,10.055000305175781,10.0600004196167,10.050000190734863,10.0600004196167,2000,0.0,0.0
2025-02-10 00:00:00-05:00,10.050000190734863,10.737000465393066,10.050000190734863,10.0600004196167,400,0.0,0.0
2025-02-11 00:00:00-05:00,10.050000190734863,10.055000305175781,10.050000190734863,10.050999641418457,600,0.0,0.0
2025-02-12 00:00:00-05:00,10.050999641418457,10.050999641418457,10.050999641418457,10.050999641418457,0,0.0,0.0
2025-02-13 00:00:00-05:00,10.0600004196167,10.0600004196167,10.050000190734863,10.053999900817871,1600,0.0,0.0
2025-02-14 00:00:00-05:00,10.0600004196167,10.0600004196167,10.055000305175781,10.0600004196167,8100,0.0,0.0
2025-02-18 00:00:00-05:00,10.0600004196167,10.0600004196167,10.055000305175781,10.0600004196167,92300,0.0,0.0
2025-02-19 00:00:00-05:00,10.055000305175781,10.0600004196167,10.055000305175781,10.059000015258789,900,0.0,0.0
2025-02-20 00:00:00-05:00,10.0600004196167,10.085000038146973,10.053000450134277,10.0600004196167,13800,0.0,0.0
2025-02-21 00:00:00-05:00,10.100000381469727,10.119999885559082,10.100000381469727,10.119999885559082,11400,0.0,0.0
2025-02-24 00:00:00-05:00,10.119999885559082,10.119999885559082,10.119999885559082,10.119999885559082,0,0.0,0.0
2025-02-25 00:00:00-05:00,10.069999694824219,10.079999923706055,10.069999694824219,10.079999923706055,400,0.0,0.0
2025-02-26 00:00:00-05:00,10.460000038146973,10.5,10.09000015258789,10.149999618530273,4700,0.0,0.0
2025-02-27 00:00:00-05:00,10.0600004196167,10.0600004196167,10.0600004196167,10.0600004196167,100,0.0,0.0
2025-02-28 00:00:00-05:00,10.069999694824219,10.140000343322754,10.069999694824219,10.140000343322754,6200,0.0,0.0
2025-03-03 00:00:00-05:00,10.079999923706055,10.079999923706055,10.079999923706055,10.079999923706055,200,0.0,0.0
2025-03-04 00:00:00-05:00,10.079999923706055,10.079999923706055,10.079999923706055,10.079999923706055,0,0.0,0.0
2025-03-05 00:00:00-05:00,10.079999923706055,10.079999923706055,10.079999923706055,10.079999923706055,100,0.0,0.0
2025-03-06 00:00:00-05:00,10.079999923706055,10.079999923706055,10.079999923706055,10.079999923706055,200,0.0,0.0
2025-03-07 00:00:00-05:00,10.069999694824219,10.149999618530273,10.069999694824219,10.109999656677246,3000,0.0,0.0
2025-03-10 00:00:00-04:00,10.109999656677246,10.109999656677246,10.109999656677246,10.109999656677246,0,0.0,0.0
2025-03-11 00:00:00-04:00,10.109999656677246,10.109999656677246,10.109999656677246,10.109999656677246,0,0.0,0.0
2025-03-12 00:00:00-04:00,10.109999656677246,10.109999656677246,10.109999656677246,10.109999656677246,0,0.0,0.0
2025-03-13 00:00:00-04:00,10.100000381469727,10.100000381469727,10.100000381469727,10.100000381469727,300,0.0,0.0
2025-03-14 00:00:00-04:00,10.100000381469727,10.100000381469727,10.100000381469727,10.100000381469727,0,0.0,0.0
2025-03-17 00:00:00-04:00,10.100000381469727,10.100000381469727,10.100000381469727,10.100000381469727,0,0.0,0.0
2025-03-18 00:00:00-04:00,10.100000381469727,10.100000381469727,10.100000381469727,10.100000381469727,200,0.0,0.0
2025-03-19 00:00:00-04:00,10.100000381469727,10.100000381469727,10.100000381469727,10.100000381469727,0,0.0,0.0
2025-03-20 00:00:00-04:00,10.118000030517578,10.118000030517578,10.109999656677246,10.109999656677246,1400,0.0,0.0
2025-03-21 00:00:00-04:00,10.109999656677246,10.109999656677246,10.109999656677246,10.109999656677246,0,0.0,0.0
2025-03-24 00:00:00-04:00,10.109999656677246,10.109999656677246,10.109999656677246,10.109999656677246,0,0.0,0.0
2025-03-25 00:00:00-04:00,10.109999656677246,10.109999656677246,10.109999656677246,10.109999656677246,0,0.0,0.0
2025-03-26 00:00:00-04:00,10.109999656677246,10.109999656677246,10.109999656677246,10.109999656677246,0,0.0,0.0
2025-03-27 00:00:00-04:00,10.109999656677246,10.109999656677246,10.109999656677246,10.109999656677246,0,0.0,0.0
2025-03-28 00:00:00-04:00,10.109999656677246,10.109999656677246,10.109999656677246,10.109999656677246,0,0.0,0.0
2025-03-31 00:00:00-04:00,10.100000381469727,10.100000381469727,10.100000381469727,10.100000381469727,100,0.0,0.0
2025-04-01 00:00:00-04:00,10.100000381469727,10.100000381469727,10.100000381469727,10.100000381469727,0,0.0,0.0
2025-04-02 00:00:00-04:00,10.100000381469727,10.100000381469727,10.100000381469727,10.100000381469727,0,0.0,0.0
2025-04-03 00:00:00-04:00,10.100000381469727,10.100000381469727,10.100000381469727,10.100000381469727,0,0.0,0.0
2025-04-04 00:00:00-04:00,10.119999885559082,10.149999618530273,10.119999885559082,10.119999885559082,1100,0.0,0.0
2025-04-07 00:00:00-04:00,10.119999885559082,10.119999885559082,10.119999885559082,10.119999885559082,200,0.0,0.0
2025-04-08 00:00:00-04:00,10.119999885559082,10.119999885559082,10.119999885559082,10.119999885559082,0,0.0,0.0
2025-04-09 00:00:00-04:00,10.119999885559082,10.119999885559082,10.119999885559082,10.119999885559082,200,0.0,0.0
2025-04-10 00:00:00-04:00,10.119999885559082,10.119999885559082,10.119999885559082,10.119999885559082,0,0.0,0.0
2025-04-11 00:00:00-04:00,10.119999885559082,10.119999885559082,10.100000381469727,10.109999656677246,55800,0.0,0.0
2025-04-14 00:00:00-04:00,10.109999656677246,10.109999656677246,10.109999656677246,10.109999656677246,0,0.0,0.0
2025-04-15 00:00:00-04:00,10.109999656677246,10.109999656677246,10.109999656677246,10.109999656677246,0,0.0,0.0
2025-04-16 00:00:00-04:00,10.119999885559082,10.119999885559082,10.119999885559082,10.119999885559082,4600,0.0,0.0
2025-04-17 00:00:00-04:00,10.119999885559082,10.119999885559082,10.119999885559082,10.119999885559082,0,0.0,0.0
2025-04-21 00:00:00-04:00,10.149999618530273,10.149999618530273,10.130000114440918,10.130000114440918,200,0.0,0.0
2025-04-22 00:00:00-04:00,10.130000114440918,10.130000114440918,10.130000114440918,10.130000114440918,0,0.0,0.0
2025-04-23 00:00:00-04:00,10.149999618530273,10.149999618530273,10.149999618530273,10.149999618530273,1400,0.0,0.0
2025-04-24 00:00:00-04:00,10.15999984741211,10.15999984741211,10.15999984741211,10.15999984741211,500,0.0,0.0
2025-04-25 00:00:00-04:00,10.15999984741211,10.317000389099121,10.15999984741211,10.220000267028809,13600,0.0,0.0
2025-04-28 00:00:00-04:00,10.180000305175781,10.180000305175781,10.180000305175781,10.180000305175781,1100,0.0,0.0
2025-04-29 00:00:00-04:00,10.180000305175781,10.180000305175781,10.180000305175781,10.180000305175781,0,0.0,0.0
2025-04-30 00:00:00-04:00,10.220000267028809,10.279999732971191,10.180000305175781,10.1899995803833,2700,0.0,0.0
2025-05-01 00:00:00-04:00,10.1899995803833,10.1899995803833,10.1899995803833,10.1899995803833,0,0.0,0.0
2025-05-02 00:00:00-04:00,10.170000076293945,10.336999893188477,10.170000076293945,10.336999893188477,1600,0.0,0.0
2025-05-05 00:00:00-04:00,10.336999893188477,10.336999893188477,10.336999893188477,10.336999893188477,0,0.0,0.0
2025-05-06 00:00:00-04:00,10.336999893188477,10.336999893188477,10.336999893188477,10.336999893188477,0,0.0,0.0
2025-05-07 00:00:00-04:00,10.170000076293945,10.170000076293945,10.170000076293945,10.170000076293945,100,0.0,0.0
2025-05-08 00:00:00-04:00,10.1899995803833,10.489999771118164,10.180000305175781,10.180000305175781,600,0.0,0.0
2025-05-09 00:00:00-04:00,10.180000305175781,10.180000305175781,10.180000305175781,10.180000305175781,0,0.0,0.0
2025-05-12 00:00:00-04:00,10.180000305175781,10.180000305175781,10.180000305175781,10.180000305175781,0,0.0,0.0
2025-05-13 00:00:00-04:00,10.199999809265137,10.199999809265137,10.199999809265137,10.199999809265137,100,0.0,0.0
2025-05-14 00:00:00-04:00,10.199999809265137,10.199999809265137,10.199999809265137,10.199999809265137,500,0.0,0.0
2025-05-15 00:00:00-04:00,10.489999771118164,10.489999771118164,10.489999771118164,10.489999771118164,200,0.0,0.0
2025-05-16 00:00:00-04:00,10.220000267028809,10.239999771118164,10.220000267028809,10.220000267028809,40300,0.0,0.0
2025-05-19 00:00:00-04:00,10.329999923706055,10.34000015258789,10.220000267028809,10.220000267028809,700,0.0,0.0
2025-05-20 00:00:00-04:00,10.220000267028809,10.220000267028809,10.220000267028809,10.220000267028809,200,0.0,0.0
2025-05-21 00:00:00-04:00,10.300000190734863,10.300000190734863,10.300000190734863,10.300000190734863,200,0.0,0.0
2025-05-22 00:00:00-04:00,10.300000190734863,10.300000190734863,10.300000190734863,10.300000190734863,0,0.0,0.0
2025-05-23 00:00:00-04:00,10.220000267028809,10.220000267028809,10.220000267028809,10.220000267028809,100,0.0,0.0
2025-05-27 00:00:00-04:00,10.220000267028809,10.220000267028809,10.220000267028809,10.220000267028809,100,0.0,0.0
2025-05-28 00:00:00-04:00,10.239999771118164,10.239999771118164,10.239999771118164,10.239999771118164,100,0.0,0.0
2025-05-29 00:00:00-04:00,10.239999771118164,10.239999771118164,10.239999771118164,10.239999771118164,100,0.0,0.0
2025-05-30 00:00:00-04:00,10.239999771118164,10.239999771118164,10.239999771118164,10.239999771118164,100,0.0,0.0
2025-06-02 00:00:00-04:00,10.239999771118164,10.300000190734863,10.239999771118164,10.300000190734863,3900,0.0,0.0
2025-06-03 00:00:00-04:00,10.300000190734863,10.300000190734863,10.300000190734863,10.300000190734863,0,0.0,0.0
2025-06-04 00:00:00-04:00,10.34000015258789,10.34000015258789,10.34000015258789,10.34000015258789,400,0.0,0.0
2025-06-05 00:00:00-04:00,10.34000015258789,10.34000015258789,10.34000015258789,10.34000015258789,0,0.0,0.0
2025-06-06 00:00:00-04:00,10.34000015258789,10.34000015258789,10.34000015258789,10.34000015258789,0,0.0,0.0
2025-06-09 00:00:00-04:00,10.3100004196167,10.34000015258789,10.3100004196167,10.3100004196167,2100,0.0,0.0
2025-06-10 00:00:00-04:00,10.335000038146973,10.550000190734863,10.319999694824219,10.5,4400,0.0,0.0
2025-06-11 00:00:00-04:00,10.5,10.5,10.5,10.5,1600,0.0,0.0
2025-06-12 00:00:00-04:00,10.5,10.5,10.5,10.5,100,0.0,0.0
2025-06-13 00:00:00-04:00,10.5,10.5,10.5,10.5,0,0.0,0.0
2025-06-16 00:00:00-04:00,10.869999885559082,11.0,10.869999885559082,11.0,2000,0.0,0.0
2025-06-17 00:00:00-04:00,10.350000381469727,10.350000381469727,10.350000381469727,10.350000381469727,600,0.0,0.0
2025-06-18 00:00:00-04:00,10.359999656677246,10.380000114440918,10.34000015258789,10.34000015258789,1800,0.0,0.0
2025-06-20 00:00:00-04:00,10.34000015258789,10.34000015258789,10.34000015258789,10.34000015258789,0,0.0,0.0
2025-06-23 00:00:00-04:00,10.34000015258789,10.34000015258789,10.34000015258789,10.34000015258789,0,0.0,0.0
2025-06-24 00:00:00-04:00,10.34000015258789,10.34000015258789,10.34000015258789,10.34000015258789,0,0.0,0.0
2025-06-25 00:00:00-04:00,10.350000381469727,10.350000381469727,10.350000381469727,10.350000381469727,100,0.0,0.0
2025-06-26 00:00:00-04:00,10.350000381469727,10.350000381469727,10.350000381469727,10.350000381469727,0,0.0,0.0
2025-06-27 00:00:00-04:00,10.350000381469727,10.350000381469727,10.350000381469727,10.350000381469727,0,0.0,0.0
2025-06-30 00:00:00-04:00,10.350000381469727,10.350000381469727,10.350000381469727,10.350000381469727,0,0.0,0.0
2025-07-01 00:00:00-04:00,10.350000381469727,10.350000381469727,10.350000381469727,10.350000381469727,200,0.0,0.0
2025-07-02 00:00:00-04:00,10.350000381469727,10.350000381469727,10.350000381469727,10.350000381469727,0,0.0,0.0
2025-07-03 00:00:00-04:00,10.350000381469727,10.350000381469727,10.350000381469727,10.350000381469727,0,0.0,0.0
2025-07-07 00:00:00-04:00,10.329999923706055,10.329999923706055,10.329999923706055,10.329999923706055,100,0.0,0.0
2025-07-08 00:00:00-04:00,10.329999923706055,10.329999923706055,10.329999923706055,10.329999923706055,0,0.0,0.0
2025-07-09 00:00:00-04:00,10.600000381469727,10.600000381469727,10.369999885559082,10.369999885559082,1200,0.0,0.0
2025-07-10 00:00:00-04:00,10.369999885559082,10.369999885559082,10.369999885559082,10.369999885559082,0,0.0,0.0
2025-07-11 00:00:00-04:00,10.369999885559082,10.369999885559082,10.369999885559082,10.369999885559082,0,0.0,0.0
2025-07-14 00:00:00-04:00,10.359999656677246,10.359999656677246,10.359999656677246,10.359999656677246,200,0.0,0.0
2025-07-15 00:00:00-04:00,10.359999656677246,10.359999656677246,10.359999656677246,10.359999656677246,0,0.0,0.0
2025-07-16 00:00:00-04:00,10.359999656677246,10.359999656677246,10.359999656677246,10.359999656677246,0,0.0,0.0
2025-07-17 00:00:00-04:00,10.359999656677246,10.359999656677246,10.359999656677246,10.359999656677246,0,0.0,0.0
2025-07-18 00:00:00-04:00,10.359999656677246,10.359999656677246,10.359999656677246,10.359999656677246,0,0.0,0.0
2025-07-21 00:00:00-04:00,10.359999656677246,10.359999656677246,10.359999656677246,10.359999656677246,0,0.0,0.0
2025-07-22 00:00:00-04:00,10.359999656677246,10.359999656677246,10.359999656677246,10.359999656677246,0,0.0,0.0
2025-07-23 00:00:00-04:00,10.359999656677246,10.359999656677246,10.359999656677246,10.359999656677246,0,0.0,0.0
2025-07-24 00:00:00-04:00,10.359999656677246,10.359999656677246,10.359999656677246,10.359999656677246,0,0.0,0.0
2025-07-25 00:00:00-04:00,10.359999656677246,10.359999656677246,10.359999656677246,10.359999656677246,0,0.0,0.0
2025-07-28 00:00:00-04:00,10.359999656677246,10.359999656677246,10.359999656677246,10.359999656677246,0,0.0,0.0
2025-07-29 00:00:00-04:00,10.359999656677246,10.359999656677246,10.359999656677246,10.359999656677246,0,0.0,0.0
2025-07-30 00:00:00-04:00,10.359999656677246,10.359999656677246,10.359999656677246,10.359999656677246,0,0.0,0.0
2025-07-31 00:00:00-04:00,10.359999656677246,10.359999656677246,10.359999656677246,10.359999656677246,0,0.0,0.0
2025-08-01 00:00:00-04:00,10.359999656677246,10.359999656677246,10.359999656677246,10.359999656677246,0,0.0,0.0
2025-08-04 00:00:00-04:00,10.359999656677246,10.359999656677246,10.359999656677246,10.359999656677246,0,0.0,0.0
2025-08-05 00:00:00-04:00,10.359999656677246,10.359999656677246,10.359999656677246,10.359999656677246,0,0.0,0.0
2025-08-06 00:00:00-04:00,10.359999656677246,10.359999656677246,10.359999656677246,10.359999656677246,0,0.0,0.0
2025-08-07 00:00:00-04:00,10.359999656677246,10.359999656677246,10.359999656677246,10.359999656677246,0,0.0,0.0
2025-08-08 00:00:00-04:00,10.359999656677246,10.359999656677246,10.359999656677246,10.359999656677246,0,0.0,0.0
2025-08-11 00:00:00-04:00,10.359999656677246,10.359999656677246,10.359999656677246,10.359999656677246,0,0.0,0.0
2025-08-12 00:00:00-04:00,10.359999656677246,10.359999656677246,10.359999656677246,10.359999656677246,0,0.0,0.0
2025-08-13 00:00:00-04:00,10.359999656677246,10.359999656677246,10.359999656677246,10.359999656677246,0,0.0,0.0
2025-08-14 00:00:00-04:00,10.359999656677246,10.359999656677246,10.359999656677246,10.359999656677246,0,0.0,0.0
2025-08-15 00:00:00-04:00,10.359999656677246,10.359999656677246,10.359999656677246,10.359999656677246,0,0.0,0.0
2025-08-18 00:00:00-04:00,10.359999656677246,10.359999656677246,10.359999656677246,10.359999656677246,0,0.0,0.0
2025-08-19 00:00:00-04:00,10.359999656677246,10.359999656677246,10.359999656677246,10.359999656677246,0,0.0,0.0
2025-08-20 00:00:00-04:00,10.359999656677246,10.359999656677246,10.359999656677246,10.359999656677246,0,0.0,0.0
2025-08-21 00:00:00-04:00,10.359999656677246,10.359999656677246,10.359999656677246,10.359999656677246,0,0.0,0.0
2025-08-22 00:00:00-04:00,10.359999656677246,10.359999656677246,10.359999656677246,10.359999656677246,0,0.0,0.0
2025-08-25 00:00:00-04:00,10.359999656677246,10.359999656677246,10.359999656677246,10.359999656677246,0,0.0,0.0
2025-08-26 00:00:00-04:00,10.359999656677246,10.359999656677246,10.359999656677246,10.359999656677246,0,0.0,0.0
2025-08-27 00:00:00-04:00,10.359999656677246,10.359999656677246,10.359999656677246,10.359999656677246,0,0.0,0.0
2025-08-28 00:00:00-04:00,10.359999656677246,10.359999656677246,10.359999656677246,10.359999656677246,0,0.0,0.0
2025-08-29 00:00:00-04:00,10.359999656677246,10.359999656677246,10.359999656677246,10.359999656677246,0,0.0,0.0
2025-09-02 00:00:00-04:00,10.359999656677246,10.359999656677246,10.359999656677246,10.359999656677246,0,0.0,0.0
2025-09-03 00:00:00-04:00,10.359999656677246,10.359999656677246,10.359999656677246,10.359999656677246,0,0.0,0.0
2025-09-04 00:00:00-04:00,10.359999656677246,10.359999656677246,10.359999656677246,10.359999656677246,0,0.0,0.0
2025-09-05 00:00:00-04:00,10.359999656677246,10.359999656677246,10.359999656677246,10.359999656677246,0,0.0,0.0
2025-09-08 00:00:00-04:00,10.359999656677246,10.359999656677246,10.359999656677246,10.359999656677246,0,0.0,0.0
2025-09-09 00:00:00-04:00,10.359999656677246,10.359999656677246,10.359999656677246,10.359999656677246,0,0.0,0.0
2025-09-10 00:00:00-04:00,10.359999656677246,10.359999656677246,10.359999656677246,10.359999656677246,0,0.0,0.0
2025-09-11 00:00:00-04:00,10.359999656677246,10.359999656677246,10.359999656677246,10.359999656677246,0,0.0,0.0
2025-09-12 00:00:00-04:00,10.359999656677246,10.359999656677246,10.359999656677246,10.359999656677246,0,0.0,0.0
2025-09-15 00:00:00-04:00,10.359999656677246,10.359999656677246,10.359999656677246,10.359999656677246,0,0.0,0.0
2025-09-16 00:00:00-04:00,10.359999656677246,10.359999656677246,10.359999656677246,10.359999656677246,0,0.0,0.0
2025-09-17 00:00:00-04:00,10.359999656677246,10.359999656677246,10.359999656677246,10.359999656677246,0,0.0,0.0
2025-09-18 00:00:00-04:00,10.359999656677246,10.359999656677246,10.359999656677246,10.359999656677246,0,0.0,0.0
2025-09-19 00:00:00-04:00,10.359999656677246,10.359999656677246,10.359999656677246,10.359999656677246,0,0.0,0.0
2025-09-22 00:00:00-04:00,10.359999656677246,10.359999656677246,10.359999656677246,10.359999656677246,0,0.0,0.0
2025-09-23 00:00:00-04:00,10.359999656677246,10.359999656677246,10.359999656677246,10.359999656677246,0,0.0,0.0
2025-09-24 00:00:00-04:00,10.359999656677246,10.359999656677246,10.359999656677246,10.359999656677246,0,0.0,0.0
2025-09-25 00:00:00-04:00,10.359999656677246,10.359999656677246,10.359999656677246,10.359999656677246,0,0.0,0.0
2025-09-26 00:00:00-04:00,10.359999656677246,10.359999656677246,10.359999656677246,10.359999656677246,0,0.0,0.0
2025-09-29 00:00:00-04:00,10.359999656677246,10.359999656677246,10.359999656677246,10.359999656677246,0,0.0,0.0
2025-09-30 00:00:00-04:00,10.359999656677246,10.359999656677246,10.359999656677246,10.359999656677246,0,0.0,0.0
2025-10-01 00:00:00-04:00,10.359999656677246,10.359999656677246,10.359999656677246,10.359999656677246,0,0.0,0.0
2025-10-02 00:00:00-04:00,10.359999656677246,10.359999656677246,10.359999656677246,10.359999656677246,0,0.0,0.0
2025-10-03 00:00:00-04:00,10.359999656677246,10.359999656677246,10.359999656677246,10.359999656677246,0,0.0,0.0
2025-10-06 00:00:00-04:00,10.359999656677246,10.359999656677246,10.359999656677246,10.359999656677246,0,0.0,0.0
2025-10-07 00:00:00-04:00,10.359999656677246,10.359999656677246,10.359999656677246,10.359999656677246,0,0.0,0.0
2025-10-08 00:00:00-04:00,10.359999656677246,10.359999656677246,10.359999656677246,10.359999656677246,0,0.0,0.0
2025-10-09 00:00:00-04:00,10.359999656677246,10.359999656677246,10.359999656677246,10.359999656677246,0,0.0,0.0
2025-10-10 00:00:00-04:00,10.359999656677246,10.359999656677246,10.359999656677246,10.359999656677246,0,0.0,0.0
2025-10-13 00:00:00-04:00,10.359999656677246,10.359999656677246,10.359999656677246,10.359999656677246,0,0.0,0.0
2025-10-14 00:00:00-04:00,10.359999656677246,10.359999656677246,10.359999656677246,10.359999656677246,0,0.0,0.0
2025-10-15 00:00:00-04:00,10.359999656677246,10.359999656677246,10.359999656677246,10.359999656677246,0,0.0,0.0
2025-10-16 00:00:00-04:00,10.359999656677246,10.359999656677246,10.359999656677246,10.359999656677246,0,0.0,0.0
2025-10-17 00:00:00-04:00,10.359999656677246,10.359999656677246,10.359999656677246,10.359999656677246,0,0.0,0.0
2025-10-20 00:00:00-04:00,12.329999923706055,12.329999923706055,12.329999923706055,12.329999923706055,500,0.0,0.0
2025-10-21 00:00:00-04:00,12.329999923706055,12.329999923706055,12.329999923706055,12.329999923706055,0,0.0,0.0
2025-10-22 00:00:00-04:00,12.329999923706055,12.329999923706055,12.329999923706055,12.329999923706055,0,0.0,0.0
2025-10-23 00:00:00-04:00,12.329999923706055,12.329999923706055,12.329999923706055,12.329999923706055,0,0.0,0.0
2025-10-24 00:00:00-04:00,12.329999923706055,12.329999923706055,12.329999923706055,12.329999923706055,0,0.0,0.0
2025-10-27 00:00:00-04:00,12.329999923706055,12.329999923706055,12.329999923706055,12.329999923706055,0,0.0,0.0
2025-10-28 00:00:00-04:00,12.329999923706055,12.329999923706055,12.329999923706055,12.329999923706055,0,0.0,0.0
2025-10-29 00:00:00-04:00,12.329999923706055,12.329999923706055,12.329999923706055,12.329999923706055,0,0.0,0.0
2025-10-30 00:00:00-04:00,12.329999923706055,12.329999923706055,12.329999923706055,12.329999923706055,0,0.0,0.0
2025-10-31 00:00:00-04:00,12.329999923706055,12.329999923706055,12.329999923706055,12.329999923706055,0,0.0,0.0
2025-11-03 00:00:00-05:00,12.329999923706055,12.329999923706055,12.329999923706055,12.329999923706055,0,0.0,0.0
2025-11-04 00:00:00-05:00,12.329999923706055,12.329999923706055,12.329999923706055,12.329999923706055,0,0.0,0.0
2025-11-05 00:00:00-05:00,12.329999923706055,12.329999923706055,12.329999923706055,12.329999923706055,0,0.0,0.0
2025-11-06 00:00:00-05:00,12.329999923706055,12.329999923706055,12.329999923706055,12.329999923706055,0,0.0,0.0
2025-11-07 00:00:00-05:00,12.329999923706055,12.329999923706055,12.329999923706055,12.329999923706055,0,0.0,0.0
2025-11-10 00:00:00-05:00,12.329999923706055,12.329999923706055,12.329999923706055,12.329999923706055,0,0.0,0.0
2025-11-11 00:00:00-05:00,12.329999923706055,12.329999923706055,12.329999923706055,12.329999923706055,0,0.0,0.0
2025-11-12 00:00:00-05:00,12.329999923706055,12.329999923706055,12.329999923706055,12.329999923706055,0,0.0,0.0
2025-11-13 00:00:00-05:00,12.329999923706055,12.329999923706055,12.329999923706055,12.329999923706055,0,0.0,0.0
2025-11-14 00:00:00-05:00,12.329999923706055,12.329999923706055,12.329999923706055,12.329999923706055,0,0.0,0.0
2025-11-17 00:00:00-05:00,12.329999923706055,12.329999923706055,12.329999923706055,12.329999923706055,0,0.0,0.0
2025-11-18 00:00:00-05:00,12.329999923706055,12.329999923706055,12.329999923706055,12.329999923706055,0,0.0,0.0
2025-11-19 00:00:00-05:00,12.329999923706055,12.329999923706055,12.329999923706055,12.329999923706055,0,0.0,0.0
2025-11-20 00:00:00-05:00,12.329999923706055,12.329999923706055,12.329999923706055,12.329999923706055,0,0.0,0.0
2025-11-21 00:00:00-05:00,12.329999923706055,12.329999923706055,12.329999923706055,12.329999923706055,0,0.0,0.0
2025-11-24 00:00:00-05:00,12.329999923706055,12.329999923706055,12.329999923706055,12.329999923706055,0,0.0,0.0
2025-11-25 00:00:00-05:00,12.329999923706055,12.329999923706055,12.329999923706055,12.329999923706055,0,0.0,0.0
2025-11-26 00:00:00-05:00,12.329999923706055,12.329999923706055,12.329999923706055,12.329999923706055,0,0.0,0.0
2025-11-28 00:00:00-05:00,12.329999923706055,12.329999923706055,12.329999923706055,12.329999923706055,0,0.0,0.0
2025-12-01 00:00:00-05:00,12.329999923706055,12.329999923706055,12.329999923706055,12.329999923706055,0,0.0,0.0
2025-12-02 00:00:00-05:00,12.329999923706055,12.329999923706055,12.329999923706055,12.329999923706055,0,0.0,0.0
2025-12-03 00:00:00-05:00,12.329999923706055,12.329999923706055,12.329999923706055,12.329999923706055,0,0.0,0.0
2025-12-04 00:00:00-05:00,12.329999923706055,12.329999923706055,12.329999923706055,12.329999923706055,0,0.0,0.0
2025-12-05 00:00:00-05:00,12.329999923706055,12.329999923706055,12.329999923706055,12.329999923706055,0,0.0,0.0
2025-12-08 00:00:00-05:00,12.329999923706055,12.329999923706055,12.329999923706055,12.329999923706055,0,0.0,0.0
2025-12-09 00:00:00-05:00,12.329999923706055,12.329999923706055,12.329999923706055,12.329999923706055,0,0.0,0.0
2025-12-10 00:00:00-05:00,12.329999923706055,12.329999923706055,12.329999923706055,12.329999923706055,0,0.0,0.0
2025-12-11 00:00:00-05:00,12.329999923706055,12.329999923706055,12.329999923706055,12.329999923706055,0,0.0,0.0
2025-12-12 00:00:00-05:00,12.329999923706055,12.329999923706055,12.329999923706055,12.329999923706055,0,0.0,0.0
2025-12-15 00:00:00-05:00,12.329999923706055,12.329999923706055,12.329999923706055,12.329999923706055,0,0.0,0.0
2025-12-16 00:00:00-05:00,12.329999923706055,12.329999923706055,12.329999923706055,12.329999923706055,0,0.0,0.0
2025-12-17 00:00:00-05:00,12.329999923706055,12.329999923706055,12.329999923706055,12.329999923706055,0,0.0,0.0
2025-12-18 00:00:00-05:00,12.329999923706055,12.329999923706055,12.329999923706055,12.329999923706055,0,0.0,0.0
2025-12-19 00:00:00-05:00,12.329999923706055,12.329999923706055,12.329999923706055,12.329999923706055,0,0.0,0.0
2025-12-22 00:00:00-05:00,12.329999923706055,12.329999923706055,12.329999923706055,12.329999923706055,0,0.0,0.0
2025-12-23 00:00:00-05:00,12.329999923706055,12.329999923706055,12.329999923706055,12.329999923706055,0,0.0,0.0
2025-12-24 00:00:00-05:00,12.329999923706055,12.329999923706055,12.329999923706055,12.329999923706055,0,0.0,0.0
2025-12-26 00:00:00-05:00,12.329999923706055,12.329999923706055,12.329999923706055,12.329999923706055,0,0.0,0.0
2025-12-29 00:00:00-05:00,12.329999923706055,12.329999923706055,12.329999923706055,12.329999923706055,0,0.0,0.0
2025-12-30 00:00:00-05:00,12.329999923706055,12.329999923706055,12.329999923706055,12.329999923706055,0,0.0,0.0
2025-12-31 00:00:00-05:00,12.329999923706055,12.329999923706055,12.329999923706055,12.329999923706055,0,0.0,0.0
2026-01-02 00:00:00-05:00,12.329999923706055,12.329999923706055,12.329999923706055,12.329999923706055,0,0.0,0.0
2026-01-05 00:00:00-05:00,12.329999923706055,12.329999923706055,12.329999923706055,12.329999923706055,0,0.0,0.0
2026-01-06 00:00:00-05:00,12.329999923706055,12.329999923706055,12.329999923706055,12.329999923706055,0,0.0,0.0
2026-01-07 00:00:00-05:00,12.329999923706055,12.329999923706055,12.329999923706055,12.329999923706055,0,0.0,0.0
2026-01-08 00:00:00-05:00,12.329999923706055,12.329999923706055,12.329999923706055,12.329999923706055,0,0.0,0.0
2026-01-09 00:00:00-05:00,12.329999923706055,12.329999923706055,12.329999923706055,12.329999923706055,0,0.0,0.0
2026-01-12 00:00:00-05:00,12.329999923706055,12.329999923706055,12.329999923706055,12.329999923706055,0,0.0,0.0
2026-01-13 00:00:00-05:00,12.329999923706055,12.329999923706055,12.329999923706055,12.329999923706055,0,0.0,0.0
2026-01-14 00:00:00-05:00,11.25,11.25,11.25,11.25,100,0.0,0.0
2026-01-15 00:00:00-05:00,11.25,11.25,11.25,11.25,0,0.0,0.0
2026-01-16 00:00:00-05:00,11.25,11.25,11.25,11.25,0,0.0,0.0
2026-01-20 00:00:00-05:00,11.25,11.25,11.25,11.25,0,0.0,0.0
2026-01-21 00:00:00-05:00,10.569999694824219,10.569999694824219,10.569999694824219,10.569999694824219,100,0.0,0.0
2026-01-22 00:00:00-05:00,10.569999694824219,10.569999694824219,10.569999694824219,10.569999694824219,0,0.0,0.0
2026-01-23 00:00:00-05:00,10.569999694824219,10.569999694824219,10.569999694824219,10.569999694824219,0,0.0,0.0
2026-01-26 00:00:00-05:00,10.569999694824219,10.569999694824219,10.569999694824219,10.569999694824219,0,0.0,0.0
2026-01-27 00:00:00-05:00,10.729999542236328,10.729999542236328,10.729999542236328,10.729999542236328,100,0.0,0.0
2026-01-28 00:00:00-05:00,10.729999542236328,10.729999542236328,10.729999542236328,10.729999542236328,0,0.0,0.0
2026-01-29 00:00:00-05:00,10.729999542236328,10.729999542236328,10.729999542236328,10.729999542236328,0,0.0,0.0
2026-01-30 00:00:00-05:00,10.729999542236328,10.729999542236328,10.729999542236328,10.729999542236328,0,0.0,0.0
2026-02-02 00:00:00-05:00,10.729999542236328,10.729999542236328,10.729999542236328,10.729999542236328,0,0.0,0.0
2026-02-03 00:00:00-05:00,10.729999542236328,10.729999542236328,10.729999542236328,10.729999542236328,0,0.0,0.0
2026-02-04 00:00:00-05:00,10.729999542236328,10.729999542236328,10.729999542236328,10.729999542236328,0,0.0,0.0
2026-02-05 00:00:00-05:00,10.729999542236328,10.729999542236328,10.729999542236328,10.729999542236328,0,0.0,0.0
2026-02-06 00:00:00-05:00,10.729999542236328,10.729999542236328,10.729999542236328,10.729999542236328,0,0.0,0.0
2026-02-09 00:00:00-05:00,10.729999542236328,10.729999542236328,10.729999542236328,10.729999542236328,0,0.0,0.0
2026-02-10 00:00:00-05:00,10.729999542236328,10.729999542236328,10.729999542236328,10.729999542236328,0,0.0,0.0
2026-02-11 00:00:00-05:00,10.729999542236328,10.729999542236328,10.729999542236328,10.729999542236328,0,0.0,0.0
2026-02-12 00:00:00-05:00,10.729999542236328,10.729999542236328,10.729999542236328,10.729999542236328,0,0.0,0.0
2026-02-13 00:00:00-05:00,10.729999542236328,10.729999542236328,10.729999542236328,10.729999542236328,0,0.0,0.0
2026-02-17 00:00:00-05:00,10.729999542236328,10.729999542236328,10.729999542236328,10.729999542236328,0,0.0,0.0
2026-02-18 00:00:00-05:00,10.729999542236328,10.729999542236328,10.729999542236328,10.729999542236328,0,0.0,0.0
2026-02-19 00:00:00-05:00,10.729999542236328,10.729999542236328,10.729999542236328,10.729999542236328,0,0.0,0.0
2026-02-20 00:00:00-05:00,10.729999542236328,10.729999542236328,10.729999542236328,10.729999542236328,0,0.0,0.0
2026-02-23 00:00:00-05:00,10.729999542236328,10.729999542236328,10.729999542236328,10.729999542236328,0,0.0,0.0
2026-02-24 00:00:00-05:00,10.729999542236328,10.729999542236328,10.729999542236328,10.729999542236328,0,0.0,0.0
2026-02-25 00:00:00-05:00,10.729999542236328,10.729999542236328,10.729999542236328,10.729999542236328,0,0.0,0.0
2026-02-26 00:00:00-05:00,10.729999542236328,10.729999542236328,10.729999542236328,10.729999542236328,0,0.0,0.0
2026-02-27 00:00:00-05:00,10.729999542236328,10.729999542236328,10.729999542236328,10.729999542236328,0,0.0,0.0
2026-03-02 00:00:00-05:00,10.729999542236328,10.729999542236328,10.729999542236328,10.729999542236328,0,0.0,0.0
2026-03-03 00:00:00-05:00,10.729999542236328,10.729999542236328,10.729999542236328,10.729999542236328,0,0.0,0.0
2026-03-04 00:00:00-05:00,10.729999542236328,10.729999542236328,10.729999542236328,10.729999542236328,0,0.0,0.0
2026-03-05 00:00:00-05:00,10.729999542236328,10.729999542236328,10.729999542236328,10.729999542236328,0,0.0,0.0
2026-03-06 00:00:00-05:00,10.729999542236328,10.729999542236328,10.729999542236328,10.729999542236328,0,0.0,0.0
2026-03-09 00:00:00-04:00,10.729999542236328,10.729999542236328,10.729999542236328,10.729999542236328,0,0.0,0.0
2026-03-10 00:00:00-04:00,10.859999656677246,10.859999656677246,10.859999656677246,10.859999656677246,200,0.0,0.0
2026-03-11 00:00:00-04:00,10.899999618530273,10.899999618530273,10.899999618530273,10.899999618530273,200,0.0,0.0
2026-03-12 00:00:00-04:00,10.600000381469727,10.899999618530273,10.600000381469727,10.600000381469727,1100,0.0,0.0
2026-03-13 00:00:00-04:00,10.600000381469727,10.600000381469727,10.600000381469727,10.600000381469727,0,0.0,0.0
2026-03-16 00:00:00-04:00,10.600000381469727,10.600000381469727,10.600000381469727,10.600000381469727,0,0.0,0.0
2026-03-17 00:00:00-04:00,10.600000381469727,10.600000381469727,10.600000381469727,10.600000381469727,0,0.0,0.0
2026-03-18 00:00:00-04:00,10.600000381469727,10.600000381469727,10.600000381469727,10.600000381469727,0,0.0,0.0
2026-03-19 00:00:00-04:00,10.600000381469727,10.600000381469727,10.600000381469727,10.600000381469727,0,0.0,0.0
2026-03-20 00:00:00-04:00,10.600000381469727,10.600000381469727,10.600000381469727,10.600000381469727,0,0.0,0.0
2026-03-23 00:00:00-04:00,10.600000381469727,10.600000381469727,10.600000381469727,10.600000381469727,0,0.0,0.0
2026-03-24 00:00:00-04:00,10.600000381469727,10.600000381469727,10.600000381469727,10.600000381469727,0,0.0,0.0
2026-03-25 00:00:00-04:00,10.600000381469727,10.600000381469727,10.600000381469727,10.600000381469727,0,0.0,0.0
2026-03-26 00:00:00-04:00,10.600000381469727,10.600000381469727,10.600000381469727,10.600000381469727,0,0.0,0.0
2026-03-27 00:00:00-04:00,10.760000228881836,10.760000228881836,10.760000228881836,10.760000228881836,100,0.0,0.0
2026-03-30 00:00:00-04:00,10.699999809265137,10.699999809265137,10.699999809265137,10.699999809265137,50100,0.0,0.0
2026-03-31 00:00:00-04:00,10.770000457763672,10.770000457763672,10.770000457763672,10.770000457763672,100,0.0,0.0
2026-04-01 00:00:00-04:00,10.770000457763672,10.770000457763672,10.770000457763672,10.770000457763672,0,0.0,0.0
2026-04-02 00:00:00-04:00,10.770000457763672,10.770000457763672,10.770000457763672,10.770000457763672,0,0.0,0.0
2026-04-06 00:00:00-04:00,10.699999809265137,10.699999809265137,10.699999809265137,10.699999809265137,100,0.0,0.0
2026-04-07 00:00:00-04:00,10.699999809265137,10.699999809265137,10.699999809265137,10.699999809265137,0,0.0,0.0
2026-04-08 00:00:00-04:00,10.699999809265137,10.699999809265137,10.699999809265137,10.699999809265137,0,0.0,0.0
2026-04-09 00:00:00-04:00,10.699999809265137,10.699999809265137,10.699999809265137,10.699999809265137,0,0.0,0.0
2026-04-10 00:00:00-04:00,10.699999809265137,10.699999809265137,10.699999809265137,10.699999809265137,0,0.0,0.0
2026-04-13 00:00:00-04:00,10.699999809265137,10.699999809265137,10.699999809265137,10.699999809265137,0,0.0,0.0
2026-04-14 00:00:00-04:00,10.699999809265137,10.699999809265137,10.699999809265137,10.699999809265137,0,0.0,0.0
2026-04-15 00:00:00-04:00,10.699999809265137,10.699999809265137,10.699999809265137,10.699999809265137,0,0.0,0.0
2026-04-16 00:00:00-04:00,10.699999809265137,10.699999809265137,10.699999809265137,10.699999809265137,0,0.0,0.0
2026-04-17 00:00:00-04:00,10.699999809265137,10.699999809265137,10.699999809265137,10.699999809265137,0,0.0,0.0
2026-04-20 00:00:00-04:00,10.699999809265137,10.699999809265137,10.699999809265137,10.699999809265137,0,0.0,0.0
