Date,Open,High,Low,Close,Volume,Dividends,Stock Splits
2022-01-03 00:00:00-05:00,6.710000038146973,7.989999771118164,6.710000038146973,7.670000076293945,31100,0.0,0.0
2022-01-04 00:00:00-05:00,7.610000133514404,8.1899995803833,7.179999828338623,7.460000038146973,84100,0.0,0.0
2022-01-05 00:00:00-05:00,7.630000114440918,8.390000343322754,6.980000019073486,7.099999904632568,61900,0.0,0.0
2022-01-06 00:00:00-05:00,7.019999980926514,7.300000190734863,6.800000190734863,7.019999980926514,12100,0.0,0.0
2022-01-07 00:00:00-05:00,7.0,7.105000019073486,6.909999847412109,7.0,10100,0.0,0.0
2022-01-10 00:00:00-05:00,6.75,8.651000022888184,6.75,7.409999847412109,78500,0.0,0.0
2022-01-11 00:00:00-05:00,7.5,7.590000152587891,7.03000020980835,7.489999771118164,7500,0.0,0.0
2022-01-12 00:00:00-05:00,7.5,7.889999866485596,7.25,7.650000095367432,39800,0.0,0.0
2022-01-13 00:00:00-05:00,7.559999942779541,9.131999969482422,7.559999942779541,8.800000190734863,103200,0.0,0.0
2022-01-14 00:00:00-05:00,9.479999542236328,9.479999542236328,7.4770002365112305,8.0,70000,0.0,0.0
2022-01-18 00:00:00-05:00,7.840000152587891,7.840000152587891,7.110000133514404,7.260000228881836,29600,0.0,0.0
2022-01-19 00:00:00-05:00,7.349999904632568,7.349999904632568,6.809999942779541,6.909999847412109,47500,0.0,0.0
2022-01-20 00:00:00-05:00,6.900000095367432,7.159999847412109,6.75,6.820000171661377,70100,0.0,0.0
2022-01-21 00:00:00-05:00,6.75,7.190000057220459,6.75,6.889999866485596,26300,0.0,0.0
2022-01-24 00:00:00-05:00,6.994999885559082,7.039999961853027,6.599999904632568,6.880000114440918,41100,0.0,0.0
2022-01-25 00:00:00-05:00,7.170000076293945,7.199999809265137,6.510000228881836,6.860000133514404,96800,0.0,0.0
2022-01-26 00:00:00-05:00,6.949999809265137,7.25,6.559999942779541,6.739999771118164,24300,0.0,0.0
2022-01-27 00:00:00-05:00,6.849999904632568,7.139999866485596,6.210000038146973,6.369999885559082,33100,0.0,0.0
2022-01-28 00:00:00-05:00,6.269999980926514,6.940000057220459,5.75,6.590000152587891,44000,0.0,0.0
2022-01-31 00:00:00-05:00,6.670000076293945,6.900000095367432,6.090000152587891,6.75,36700,0.0,0.0
2022-02-01 00:00:00-05:00,7.039999961853027,7.099999904632568,6.650000095367432,6.929999828338623,99300,0.0,0.0
2022-02-02 00:00:00-05:00,7.139999866485596,7.199999809265137,6.570000171661377,6.980000019073486,34900,0.0,0.0
2022-02-03 00:00:00-05:00,6.989999771118164,7.710000038146973,6.7789998054504395,7.0,58400,0.0,0.0
2022-02-04 00:00:00-05:00,6.920000076293945,7.559999942779541,6.920000076293945,7.039999961853027,49100,0.0,0.0
2022-02-07 00:00:00-05:00,7.0,7.190000057220459,6.860000133514404,7.0,88100,0.0,0.0
2022-02-08 00:00:00-05:00,7.139999866485596,7.289999961853027,6.909999847412109,7.0,91100,0.0,0.0
2022-02-09 00:00:00-05:00,7.0,7.230000019073486,6.860000133514404,6.960000038146973,143800,0.0,0.0
2022-02-10 00:00:00-05:00,6.940000057220459,7.269999980926514,6.800000190734863,7.0,98200,0.0,0.0
2022-02-11 00:00:00-05:00,7.010000228881836,7.070000171661377,6.840000152587891,7.0,22700,0.0,0.0
2022-02-14 00:00:00-05:00,7.0,7.139999866485596,6.760000228881836,6.820000171661377,14800,0.0,0.0
2022-02-15 00:00:00-05:00,6.788000106811523,7.070000171661377,6.53000020980835,7.019999980926514,26100,0.0,0.0
2022-02-16 00:00:00-05:00,6.980000019073486,7.067999839782715,6.764999866485596,7.0,26000,0.0,0.0
2022-02-17 00:00:00-05:00,6.980000019073486,7.215000152587891,6.934999942779541,7.0,38700,0.0,0.0
2022-02-18 00:00:00-05:00,6.889999866485596,7.150000095367432,6.809999942779541,6.960000038146973,45900,0.0,0.0
2022-02-22 00:00:00-05:00,6.949999809265137,7.150000095367432,5.75,6.0,58900,0.0,0.0
2022-02-23 00:00:00-05:00,6.0,6.0,5.610000133514404,5.659999847412109,16800,0.0,0.0
2022-02-24 00:00:00-05:00,5.099999904632568,5.590000152587891,5.099999904632568,5.550000190734863,31100,0.0,0.0
2022-02-25 00:00:00-05:00,5.639999866485596,5.760000228881836,5.449999809265137,5.670000076293945,15600,0.0,0.0
2022-02-28 00:00:00-05:00,5.519999980926514,5.550000190734863,5.260000228881836,5.360000133514404,47800,0.0,0.0
2022-03-01 00:00:00-05:00,5.269999980926514,5.96999979019165,5.0,5.090000152587891,30700,0.0,0.0
2022-03-02 00:00:00-05:00,5.099999904632568,5.105000019073486,4.550000190734863,4.630000114440918,33500,0.0,0.0
2022-03-03 00:00:00-05:00,4.690000057220459,4.690000057220459,4.260000228881836,4.349999904632568,31900,0.0,0.0
2022-03-04 00:00:00-05:00,4.25,4.889999866485596,4.179999828338623,4.789999961853027,45000,0.0,0.0
2022-03-07 00:00:00-05:00,4.849999904632568,4.909999847412109,4.019999980926514,4.110000133514404,60500,0.0,0.0
2022-03-08 00:00:00-05:00,4.349999904632568,4.349999904632568,4.099999904632568,4.260000228881836,32600,0.0,0.0
2022-03-09 00:00:00-05:00,4.289999961853027,4.329999923706055,4.110000133514404,4.199999809265137,15500,0.0,0.0
2022-03-10 00:00:00-05:00,4.260000228881836,4.263999938964844,3.7950000762939453,3.819999933242798,43000,0.0,0.0
2022-03-11 00:00:00-05:00,3.930000066757202,4.349999904632568,3.9000000953674316,4.110000133514404,29700,0.0,0.0
2022-03-14 00:00:00-04:00,4.0,4.099999904632568,3.9000000953674316,4.0,43800,0.0,0.0
2022-03-15 00:00:00-04:00,4.059999942779541,4.460000038146973,3.680000066757202,3.7100000381469727,24800,0.0,0.0
2022-03-16 00:00:00-04:00,3.6500000953674316,3.8399999141693115,3.365000009536743,3.4100000858306885,79100,0.0,0.0
2022-03-17 00:00:00-04:00,3.2799999713897705,4.690000057220459,3.2799999713897705,3.4600000381469727,74500,0.0,0.0
2022-03-18 00:00:00-04:00,3.4600000381469727,4.0,2.9600000381469727,2.9600000381469727,282800,0.0,0.0
2022-03-21 00:00:00-04:00,3.0899999141693115,4.130000114440918,3.0899999141693115,3.4800000190734863,220400,0.0,0.0
2022-03-22 00:00:00-04:00,3.630000114440918,3.859999895095825,3.609999895095825,3.700000047683716,63900,0.0,0.0
2022-03-23 00:00:00-04:00,3.8299999237060547,3.8299999237060547,3.509999990463257,3.75,49100,0.0,0.0
2022-03-24 00:00:00-04:00,3.75,3.809999942779541,3.569999933242798,3.7699999809265137,33100,0.0,0.0
2022-03-25 00:00:00-04:00,3.8299999237060547,3.8299999237060547,3.509999990463257,3.5799999237060547,32000,0.0,0.0
2022-03-28 00:00:00-04:00,3.549999952316284,3.7100000381469727,3.549999952316284,3.609999895095825,24000,0.0,0.0
2022-03-29 00:00:00-04:00,3.674999952316284,4.050000190734863,3.619999885559082,4.050000190734863,57200,0.0,0.0
2022-03-30 00:00:00-04:00,3.5,3.8350000381469727,3.5,3.740000009536743,54900,0.0,0.0
2022-03-31 00:00:00-04:00,3.680000066757202,3.8299999237060547,3.680000066757202,3.7899999618530273,22300,0.0,0.0
2022-04-01 00:00:00-04:00,3.869999885559082,3.9800000190734863,3.5999999046325684,3.619999885559082,25000,0.0,0.0
2022-04-04 00:00:00-04:00,3.6500000953674316,3.809999942779541,3.4000000953674316,3.5,52600,0.0,0.0
2022-04-05 00:00:00-04:00,3.549999952316284,3.549999952316284,3.25,3.25,37700,0.0,0.0
2022-04-06 00:00:00-04:00,3.25,3.25,2.880000114440918,3.0199999809265137,99400,0.0,0.0
2022-04-07 00:00:00-04:00,3.140000104904175,3.1700000762939453,2.799999952316284,2.950000047683716,45800,0.0,0.0
2022-04-08 00:00:00-04:00,2.9000000953674316,3.049999952316284,2.8299999237060547,2.990000009536743,55200,0.0,0.0
2022-04-11 00:00:00-04:00,3.25,3.450000047683716,2.7899999618530273,2.8299999237060547,110600,0.0,0.0
2022-04-12 00:00:00-04:00,2.880000114440918,2.880000114440918,2.5,2.509999990463257,47500,0.0,0.0
2022-04-13 00:00:00-04:00,2.75,2.75,2.4700000286102295,2.5399999618530273,93300,0.0,0.0
2022-04-14 00:00:00-04:00,2.5,2.5,2.242000102996826,2.2799999713897705,145300,0.0,0.0
2022-04-18 00:00:00-04:00,2.3299999237060547,2.4000000953674316,2.1050000190734863,2.180000066757202,193800,0.0,0.0
2022-04-19 00:00:00-04:00,2.200000047683716,2.2249999046325684,1.9800000190734863,2.190000057220459,260800,0.0,0.0
2022-04-20 00:00:00-04:00,2.25,2.3550000190734863,2.1500000953674316,2.299999952316284,67000,0.0,0.0
2022-04-21 00:00:00-04:00,2.299999952316284,2.4800000190734863,2.140000104904175,2.319999933242798,87000,0.0,0.0
2022-04-22 00:00:00-04:00,2.3399999141693115,2.380000114440918,2.0799999237060547,2.180000066757202,54400,0.0,0.0
2022-04-25 00:00:00-04:00,2.180000066757202,2.25,2.069999933242798,2.1700000762939453,40100,0.0,0.0
2022-04-26 00:00:00-04:00,2.200000047683716,2.299999952316284,2.0999999046325684,2.2300000190734863,48100,0.0,0.0
2022-04-27 00:00:00-04:00,2.5899999141693115,2.5899999141693115,2.1500000953674316,2.25,68000,0.0,0.0
2022-04-28 00:00:00-04:00,2.309999942779541,2.309999942779541,2.0460000038146973,2.190000057220459,89900,0.0,0.0
2022-04-29 00:00:00-04:00,2.130000114440918,2.430000066757202,2.0,2.299999952316284,136200,0.0,0.0
2022-05-02 00:00:00-04:00,2.380000114440918,2.380000114440918,2.1500000953674316,2.25,103500,0.0,0.0
2022-05-03 00:00:00-04:00,2.259999990463257,2.309999942779541,2.109999895095825,2.1500000953674316,71500,0.0,0.0
2022-05-04 00:00:00-04:00,2.130000114440918,2.490000009536743,2.0999999046325684,2.3299999237060547,98300,0.0,0.0
2022-05-05 00:00:00-04:00,2.3499999046325684,2.3499999046325684,2.1600000858306885,2.240000009536743,61300,0.0,0.0
2022-05-06 00:00:00-04:00,2.2200000286102295,2.2699999809265137,2.055000066757202,2.190000057220459,35900,0.0,0.0
2022-05-09 00:00:00-04:00,2.049999952316284,2.0850000381469727,1.9900000095367432,2.049999952316284,187600,0.0,0.0
2022-05-10 00:00:00-04:00,1.9700000286102295,2.055000066757202,1.8200000524520874,2.0399999618530273,142800,0.0,0.0
2022-05-11 00:00:00-04:00,1.9800000190734863,1.9800000190734863,1.8899999856948853,1.8949999809265137,18400,0.0,0.0
2022-05-12 00:00:00-04:00,1.8700000047683716,1.9900000095367432,1.7000000476837158,1.7100000381469727,100400,0.0,0.0
2022-05-13 00:00:00-04:00,1.75,1.809999942779541,1.690000057220459,1.7000000476837158,75700,0.0,0.0
2022-05-16 00:00:00-04:00,1.7799999713897705,2.0299999713897705,1.6399999856948853,1.7000000476837158,72100,0.0,0.0
2022-05-17 00:00:00-04:00,1.6200000047683716,1.649999976158142,1.4800000190734863,1.5399999618530273,147800,0.0,0.0
2022-05-18 00:00:00-04:00,1.5399999618530273,1.6050000190734863,1.4900000095367432,1.5,124000,0.0,0.0
2022-05-19 00:00:00-04:00,1.5399999618530273,1.6349999904632568,1.4900000095367432,1.5299999713897705,155500,0.0,0.0
2022-05-20 00:00:00-04:00,1.5399999618530273,1.559999942779541,1.5199999809265137,1.5299999713897705,125900,0.0,0.0
2022-05-23 00:00:00-04:00,1.5299999713897705,1.625,1.4299999475479126,1.5800000429153442,382400,0.0,0.0
2022-05-24 00:00:00-04:00,1.600000023841858,1.649999976158142,1.5,1.5199999809265137,113700,0.0,0.0
2022-05-25 00:00:00-04:00,1.5,1.5099999904632568,1.4500000476837158,1.4800000190734863,277000,0.0,0.0
2022-05-26 00:00:00-04:00,1.5,1.5399999618530273,1.4600000381469727,1.5199999809265137,101900,0.0,0.0
2022-05-27 00:00:00-04:00,1.5299999713897705,1.649999976158142,1.4700000286102295,1.4900000095367432,153500,0.0,0.0
2022-05-31 00:00:00-04:00,1.5099999904632568,1.5099999904632568,1.3700000047683716,1.3899999856948853,252100,0.0,0.0
2022-06-01 00:00:00-04:00,1.4900000095367432,1.5099999904632568,1.2999999523162842,1.3200000524520874,195400,0.0,0.0
2022-06-02 00:00:00-04:00,1.3200000524520874,1.3769999742507935,1.2799999713897705,1.3300000429153442,116300,0.0,0.0
2022-06-03 00:00:00-04:00,1.2999999523162842,1.350000023841858,1.2899999618530273,1.350000023841858,128400,0.0,0.0
2022-06-06 00:00:00-04:00,1.3600000143051147,1.3799999952316284,1.2699999809265137,1.2999999523162842,113100,0.0,0.0
2022-06-07 00:00:00-04:00,1.3200000524520874,1.3580000400543213,1.2899999618530273,1.2999999523162842,184600,0.0,0.0
2022-06-08 00:00:00-04:00,1.340000033378601,1.559999942779541,1.3300000429153442,1.3799999952316284,236500,0.0,0.0
2022-06-09 00:00:00-04:00,1.3899999856948853,1.4220000505447388,1.350000023841858,1.3799999952316284,66000,0.0,0.0
2022-06-10 00:00:00-04:00,1.340000033378601,1.3580000400543213,1.2200000286102295,1.2300000190734863,214500,0.0,0.0
2022-06-13 00:00:00-04:00,1.2400000095367432,1.2400000095367432,1.159999966621399,1.2000000476837158,110700,0.0,0.0
2022-06-14 00:00:00-04:00,1.2200000286102295,1.2899999618530273,1.159999966621399,1.2599999904632568,124300,0.0,0.0
2022-06-15 00:00:00-04:00,1.2599999904632568,1.3200000524520874,1.2200000286102295,1.2300000190734863,54100,0.0,0.0
2022-06-16 00:00:00-04:00,1.2000000476837158,1.25,1.149999976158142,1.2200000286102295,183900,0.0,0.0
2022-06-17 00:00:00-04:00,1.25,1.2999999523162842,1.2000000476837158,1.2699999809265137,136000,0.0,0.0
2022-06-21 00:00:00-04:00,1.3300000429153442,1.350000023841858,1.2799999713897705,1.3200000524520874,100900,0.0,0.0
2022-06-22 00:00:00-04:00,1.2999999523162842,1.4900000095367432,1.2999999523162842,1.3899999856948853,171200,0.0,0.0
2022-06-23 00:00:00-04:00,1.3700000047683716,1.4049999713897705,1.2200000286102295,1.2999999523162842,191200,0.0,0.0
2022-06-24 00:00:00-04:00,1.2799999713897705,1.75,1.2599999904632568,1.75,702100,0.0,0.0
2022-06-27 00:00:00-04:00,1.7400000095367432,2.200000047683716,1.6100000143051147,2.1600000858306885,306400,0.0,0.0
2022-06-28 00:00:00-04:00,2.299999952316284,2.5999999046325684,1.687000036239624,1.7899999618530273,774700,0.0,0.0
2022-06-29 00:00:00-04:00,1.7200000286102295,1.8700000047683716,1.649999976158142,1.809999942779541,94100,0.0,0.0
2022-06-30 00:00:00-04:00,1.7599999904632568,1.7599999904632568,1.6299999952316284,1.6399999856948853,38700,0.0,0.0
2022-07-01 00:00:00-04:00,1.600000023841858,1.7200000286102295,1.5700000524520874,1.690000057220459,57400,0.0,0.0
2022-07-05 00:00:00-04:00,1.7100000381469727,1.7970000505447388,1.590000033378601,1.659999966621399,68200,0.0,0.0
2022-07-06 00:00:00-04:00,1.7599999904632568,1.8359999656677246,1.5299999713897705,1.7100000381469727,87300,0.0,0.0
2022-07-07 00:00:00-04:00,1.6950000524520874,2.069999933242798,1.6799999475479126,1.9299999475479126,105000,0.0,0.0
2022-07-08 00:00:00-04:00,1.9800000190734863,2.0899999141693115,1.9800000190734863,2.0,90000,0.0,0.0
2022-07-11 00:00:00-04:00,1.940000057220459,2.049999952316284,1.850000023841858,1.9199999570846558,93200,0.0,0.0
2022-07-12 00:00:00-04:00,1.9500000476837158,1.9500000476837158,1.7799999713897705,1.8200000524520874,55100,0.0,0.0
2022-07-13 00:00:00-04:00,1.7300000190734863,1.7860000133514404,1.5399999618530273,1.600000023841858,457700,0.0,0.0
2022-07-14 00:00:00-04:00,1.5399999618530273,1.7100000381469727,1.527999997138977,1.659999966621399,41800,0.0,0.0
2022-07-15 00:00:00-04:00,1.850000023841858,1.850000023841858,1.659999966621399,1.7050000429153442,9500,0.0,0.0
2022-07-18 00:00:00-04:00,1.6100000143051147,1.9800000190734863,1.6100000143051147,1.909999966621399,24800,0.0,0.0
2022-07-19 00:00:00-04:00,1.8899999856948853,1.9299999475479126,1.809999942779541,1.9299999475479126,25200,0.0,0.0
2022-07-20 00:00:00-04:00,1.8799999952316284,1.9299999475479126,1.7899999618530273,1.9299999475479126,8900,0.0,0.0
2022-07-21 00:00:00-04:00,1.9140000343322754,1.9800000190734863,1.8730000257492065,1.9800000190734863,32500,0.0,0.0
2022-07-22 00:00:00-04:00,1.9900000095367432,2.0799999237060547,1.9049999713897705,1.909999966621399,25100,0.0,0.0
2022-07-25 00:00:00-04:00,1.9600000381469727,2.0899999141693115,1.9500000476837158,2.0799999237060547,25100,0.0,0.0
2022-07-26 00:00:00-04:00,2.069999933242798,2.3499999046325684,2.009999990463257,2.2699999809265137,64600,0.0,0.0
2022-07-27 00:00:00-04:00,2.2200000286102295,2.3299999237060547,2.2200000286102295,2.25,10500,0.0,0.0
2022-07-28 00:00:00-04:00,2.25,2.375,2.25,2.3399999141693115,19000,0.0,0.0
2022-07-29 00:00:00-04:00,2.240000009536743,2.319999933242798,2.234999895095825,2.2799999713897705,13100,0.0,0.0
2022-08-01 00:00:00-04:00,2.2300000190734863,2.313999891281128,2.2160000801086426,2.240000009536743,21700,0.0,0.0
2022-08-02 00:00:00-04:00,2.390000104904175,2.390000104904175,2.2300000190734863,2.319999933242798,35000,0.0,0.0
2022-08-03 00:00:00-04:00,2.299999952316284,2.4100000858306885,2.299999952316284,2.4100000858306885,14900,0.0,0.0
2022-08-04 00:00:00-04:00,2.321000099182129,2.4700000286102295,2.321000099182129,2.430000066757202,11700,0.0,0.0
2022-08-05 00:00:00-04:00,2.4000000953674316,2.450000047683716,2.25,2.2799999713897705,6900,0.0,0.0
2022-08-08 00:00:00-04:00,2.3299999237060547,2.430000066757202,2.3299999237060547,2.4000000953674316,27500,0.0,0.0
2022-08-09 00:00:00-04:00,2.434999942779541,2.799999952316284,2.4010000228881836,2.7100000381469727,67000,0.0,0.0
2022-08-10 00:00:00-04:00,2.8499999046325684,2.8499999046325684,2.484999895095825,2.5299999713897705,121100,0.0,0.0
2022-08-11 00:00:00-04:00,2.8499999046325684,2.8499999046325684,2.4000000953674316,2.5999999046325684,54600,0.0,0.0
2022-08-12 00:00:00-04:00,2.559999942779541,2.5999999046325684,2.5,2.5999999046325684,12500,0.0,0.0
2022-08-15 00:00:00-04:00,2.630000114440918,2.630000114440918,2.509999990463257,2.5399999618530273,13300,0.0,0.0
2022-08-16 00:00:00-04:00,2.5199999809265137,2.5399999618530273,2.259999990463257,2.369999885559082,14200,0.0,0.0
2022-08-17 00:00:00-04:00,2.319999933242798,2.3580000400543213,2.0399999618530273,2.180000066757202,34800,0.0,0.0
2022-08-18 00:00:00-04:00,2.140000104904175,2.319999933242798,2.069999933242798,2.2100000381469727,24600,0.0,0.0
2022-08-19 00:00:00-04:00,2.2200000286102295,2.259999990463257,2.1500000953674316,2.1500000953674316,24200,0.0,0.0
2022-08-22 00:00:00-04:00,2.2209999561309814,2.2209999561309814,2.0299999713897705,2.0999999046325684,9600,0.0,0.0
2022-08-23 00:00:00-04:00,2.130000114440918,2.1700000762939453,2.009999990463257,2.130000114440918,4500,0.0,0.0
2022-08-24 00:00:00-04:00,2.1500000953674316,2.259999990463257,2.0999999046325684,2.200000047683716,36000,0.0,0.0
2022-08-25 00:00:00-04:00,2.240000009536743,2.259999990463257,2.109999895095825,2.200000047683716,18700,0.0,0.0
2022-08-26 00:00:00-04:00,2.25,2.25,2.1700000762939453,2.180000066757202,9400,0.0,0.0
2022-08-29 00:00:00-04:00,2.0999999046325684,2.2799999713897705,2.066999912261963,2.1700000762939453,16000,0.0,0.0
2022-08-30 00:00:00-04:00,2.2100000381469727,2.2750000953674316,2.069999933242798,2.2100000381469727,17400,0.0,0.0
2022-08-31 00:00:00-04:00,2.1700000762939453,2.1700000762939453,1.9900000095367432,2.0999999046325684,42000,0.0,0.0
2022-09-01 00:00:00-04:00,2.1600000858306885,2.1600000858306885,1.9819999933242798,2.069999933242798,12500,0.0,0.0
2022-09-02 00:00:00-04:00,2.130000114440918,2.130000114440918,1.809999942779541,2.0,41600,0.0,0.0
2022-09-06 00:00:00-04:00,1.9700000286102295,1.9700000286102295,1.5,1.690000057220459,134100,0.0,0.0
2022-09-07 00:00:00-04:00,1.7000000476837158,1.840000033378601,1.600000023841858,1.75,65500,0.0,0.0
2022-09-08 00:00:00-04:00,1.7699999809265137,1.899999976158142,1.649999976158142,1.8200000524520874,60700,0.0,0.0
2022-09-09 00:00:00-04:00,1.8200000524520874,2.049999952316284,1.6699999570846558,1.9700000286102295,25800,0.0,0.0
2022-09-12 00:00:00-04:00,1.9199999570846558,2.0299999713897705,1.8799999952316284,1.9600000381469727,24800,0.0,0.0
2022-09-13 00:00:00-04:00,1.8899999856948853,2.0999999046325684,1.8899999856948853,2.0399999618530273,15600,0.0,0.0
2022-09-14 00:00:00-04:00,2.0,2.049999952316284,1.9199999570846558,1.9199999570846558,22300,0.0,0.0
2022-09-15 00:00:00-04:00,1.9450000524520874,2.049999952316284,1.7400000095367432,1.7400000095367432,40200,0.0,0.0
2022-09-16 00:00:00-04:00,1.7699999809265137,1.809999942779541,1.649999976158142,1.659999966621399,201600,0.0,0.0
2022-09-19 00:00:00-04:00,1.7000000476837158,1.8580000400543213,1.649999976158142,1.659999966621399,80500,0.0,0.0
2022-09-20 00:00:00-04:00,1.690000057220459,1.7400000095367432,1.6699999570846558,1.6699999570846558,13900,0.0,0.0
2022-09-21 00:00:00-04:00,1.6979999542236328,1.7000000476837158,1.6799999475479126,1.6799999475479126,1700,0.0,0.0
2022-09-22 00:00:00-04:00,1.7100000381469727,1.7300000190734863,1.649999976158142,1.649999976158142,36800,0.0,0.0
2022-09-23 00:00:00-04:00,1.7300000190734863,1.7300000190734863,1.649999976158142,1.690000057220459,9400,0.0,0.0
2022-09-26 00:00:00-04:00,1.690000057220459,1.7200000286102295,1.659999966621399,1.6799999475479126,6000,0.0,0.0
2022-09-27 00:00:00-04:00,1.7619999647140503,1.7619999647140503,1.6699999570846558,1.690000057220459,1800,0.0,0.0
2022-09-28 00:00:00-04:00,1.6799999475479126,1.7059999704360962,1.659999966621399,1.6699999570846558,7600,0.0,0.0
2022-09-29 00:00:00-04:00,1.6799999475479126,1.7100000381469727,1.5299999713897705,1.5499999523162842,81000,0.0,0.0
2022-09-30 00:00:00-04:00,1.5920000076293945,1.6200000047683716,1.559999942779541,1.600000023841858,26200,0.0,0.0
2022-10-03 00:00:00-04:00,1.6490000486373901,1.7200000286102295,1.6490000486373901,1.6699999570846558,3200,0.0,0.0
2022-10-04 00:00:00-04:00,1.7300000190734863,1.9299999475479126,1.6790000200271606,1.7999999523162842,11900,0.0,0.0
2022-10-05 00:00:00-04:00,1.850000023841858,1.850000023841858,1.7300000190734863,1.7300000190734863,1200,0.0,0.0
2022-10-06 00:00:00-04:00,1.75,1.7999999523162842,1.7300000190734863,1.7599999904632568,1100,0.0,0.0
2022-10-07 00:00:00-04:00,1.7699999809265137,1.7699999809265137,1.75,1.75,2300,0.0,0.0
2022-10-10 00:00:00-04:00,1.7599999904632568,1.840000033378601,1.7050000429153442,1.7100000381469727,28700,0.0,0.0
2022-10-11 00:00:00-04:00,1.7300000190734863,1.7660000324249268,1.7000000476837158,1.7100000381469727,6500,0.0,0.0
2022-10-12 00:00:00-04:00,1.7000000476837158,1.7050000429153442,1.6699999570846558,1.6799999475479126,3000,0.0,0.0
2022-10-13 00:00:00-04:00,1.6699999570846558,1.7100000381469727,1.6100000143051147,1.6100000143051147,7200,0.0,0.0
2022-10-14 00:00:00-04:00,1.6100000143051147,1.659999966621399,1.5,1.590000033378601,30300,0.0,0.0
2022-10-17 00:00:00-04:00,1.600000023841858,1.600000023841858,1.4780000448226929,1.4900000095367432,74200,0.0,0.0
2022-10-18 00:00:00-04:00,1.5499999523162842,1.600000023841858,1.5499999523162842,1.600000023841858,233200,0.0,0.0
2022-10-19 00:00:00-04:00,1.600000023841858,1.600000023841858,1.4700000286102295,1.5099999904632568,7300,0.0,0.0
2022-10-20 00:00:00-04:00,1.5299999713897705,1.5299999713897705,1.440000057220459,1.4500000476837158,15700,0.0,0.0
2022-10-21 00:00:00-04:00,1.4700000286102295,1.5299999713897705,1.350000023841858,1.4199999570846558,31000,0.0,0.0
2022-10-24 00:00:00-04:00,1.6050000190734863,1.6050000190734863,1.4299999475479126,1.4500000476837158,13700,0.0,0.0
2022-10-25 00:00:00-04:00,1.4900000095367432,1.5920000076293945,1.4900000095367432,1.5800000429153442,6900,0.0,0.0
2022-10-26 00:00:00-04:00,1.600000023841858,1.6100000143051147,1.5499999523162842,1.600000023841858,16400,0.0,0.0
2022-10-27 00:00:00-04:00,1.5499999523162842,1.6299999952316284,1.399999976158142,1.4700000286102295,42900,0.0,0.0
2022-10-28 00:00:00-04:00,1.399999976158142,1.6200000047683716,1.399999976158142,1.5499999523162842,16200,0.0,0.0
2022-10-31 00:00:00-04:00,1.5499999523162842,1.597000002861023,1.5399999618530273,1.5399999618530273,6800,0.0,0.0
2022-11-01 00:00:00-04:00,1.5,1.5,1.399999976158142,1.409999966621399,57800,0.0,0.0
2022-11-02 00:00:00-04:00,1.399999976158142,1.399999976158142,1.2899999618530273,1.2999999523162842,73600,0.0,0.0
2022-11-03 00:00:00-04:00,1.3200000524520874,1.3700000047683716,1.25,1.2999999523162842,45100,0.0,0.0
2022-11-04 00:00:00-04:00,1.2769999504089355,1.350000023841858,1.25,1.350000023841858,87200,0.0,0.0
2022-11-07 00:00:00-05:00,1.3899999856948853,1.3899999856948853,1.2000000476837158,1.2100000381469727,14700,0.0,0.0
2022-11-08 00:00:00-05:00,1.2999999523162842,1.3250000476837158,1.2300000190734863,1.2599999904632568,32500,0.0,0.0
2022-11-09 00:00:00-05:00,1.149999976158142,1.4600000381469727,1.149999976158142,1.2999999523162842,32400,0.0,0.0
2022-11-10 00:00:00-05:00,1.2899999618530273,1.4900000095367432,1.2899999618530273,1.440000057220459,16700,0.0,0.0
2022-11-11 00:00:00-05:00,1.4600000381469727,1.5099999904632568,1.350000023841858,1.440000057220459,24700,0.0,0.0
2022-11-14 00:00:00-05:00,1.409999966621399,1.4110000133514404,1.309999942779541,1.399999976158142,31400,0.0,0.0
2022-11-15 00:00:00-05:00,1.3799999952316284,1.4299999475479126,1.3700000047683716,1.4299999475479126,1400,0.0,0.0
2022-11-16 00:00:00-05:00,1.4900000095367432,1.4900000095367432,1.309999942779541,1.4299999475479126,123200,0.0,0.0
2022-11-17 00:00:00-05:00,1.3799999952316284,1.3799999952316284,1.2400000095367432,1.2799999713897705,4400,0.0,0.0
2022-11-18 00:00:00-05:00,1.2400000095367432,1.350000023841858,1.2100000381469727,1.350000023841858,30900,0.0,0.0
2022-11-21 00:00:00-05:00,1.3049999475479126,1.409999966621399,1.25,1.2899999618530273,54600,0.0,0.0
2022-11-22 00:00:00-05:00,1.2899999618530273,1.2999999523162842,1.2400000095367432,1.2799999713897705,25500,0.0,0.0
2022-11-23 00:00:00-05:00,1.399999976158142,1.399999976158142,1.2730000019073486,1.3200000524520874,7600,0.0,0.0
2022-11-25 00:00:00-05:00,1.3200000524520874,1.3200000524520874,1.3200000524520874,1.3200000524520874,300,0.0,0.0
2022-11-28 00:00:00-05:00,1.3300000429153442,1.3300000429153442,1.2999999523162842,1.309999942779541,29300,0.0,0.0
2022-11-29 00:00:00-05:00,1.5,1.5,1.2100000381469727,1.2100000381469727,15700,0.0,0.0
2022-11-30 00:00:00-05:00,1.3799999952316284,1.3799999952316284,1.2200000286102295,1.340000033378601,15700,0.0,0.0
2022-12-01 00:00:00-05:00,1.3799999952316284,1.3799999952316284,1.25,1.3200000524520874,11200,0.0,0.0
2022-12-02 00:00:00-05:00,1.2300000190734863,1.3200000524520874,1.2300000190734863,1.3200000524520874,19800,0.0,0.0
2022-12-05 00:00:00-05:00,1.2799999713897705,1.2999999523162842,1.25,1.25,5200,0.0,0.0
2022-12-06 00:00:00-05:00,1.3700000047683716,1.3700000047683716,1.2300000190734863,1.2300000190734863,32500,0.0,0.0
2022-12-07 00:00:00-05:00,1.2400000095367432,1.2799999713897705,1.2200000286102295,1.2799999713897705,17200,0.0,0.0
2022-12-08 00:00:00-05:00,1.2400000095367432,1.2699999809265137,1.2000000476837158,1.2599999904632568,16700,0.0,0.0
2022-12-09 00:00:00-05:00,1.2200000286102295,1.2300000190734863,1.2000000476837158,1.2100000381469727,10100,0.0,0.0
2022-12-12 00:00:00-05:00,1.2000000476837158,1.2599999904632568,1.2000000476837158,1.2400000095367432,8000,0.0,0.0
2022-12-13 00:00:00-05:00,1.2999999523162842,1.3420000076293945,1.2999999523162842,1.309999942779541,13900,0.0,0.0
2022-12-14 00:00:00-05:00,1.2699999809265137,1.350000023841858,1.2300000190734863,1.2300000190734863,19200,0.0,0.0
2022-12-15 00:00:00-05:00,1.2799999713897705,1.2799999713897705,1.2079999446868896,1.2300000190734863,7700,0.0,0.0
2022-12-16 00:00:00-05:00,1.190000057220459,1.2300000190734863,1.1200000047683716,1.190000057220459,85300,0.0,0.0
2022-12-19 00:00:00-05:00,1.149999976158142,1.2000000476837158,1.1100000143051147,1.190000057220459,60700,0.0,0.0
2022-12-20 00:00:00-05:00,1.2300000190734863,1.3849999904632568,1.159999966621399,1.3200000524520874,52000,0.0,0.0
2022-12-21 00:00:00-05:00,1.2999999523162842,1.5399999618530273,1.2699999809265137,1.4900000095367432,45500,0.0,0.0
2022-12-22 00:00:00-05:00,1.4900000095367432,1.6100000143051147,1.25,1.6100000143051147,46800,0.0,0.0
2022-12-23 00:00:00-05:00,1.590000033378601,1.6510000228881836,1.1950000524520874,1.600000023841858,126800,0.0,0.0
2022-12-27 00:00:00-05:00,1.649999976158142,1.659999966621399,1.340000033378601,1.350000023841858,104200,0.0,0.0
2022-12-28 00:00:00-05:00,1.399999976158142,1.5069999694824219,1.159999966621399,1.159999966621399,55000,0.0,0.0
2022-12-29 00:00:00-05:00,1.2000000476837158,1.225000023841858,1.100000023841858,1.190000057220459,80300,0.0,0.0
2022-12-30 00:00:00-05:00,1.149999976158142,1.2699999809265137,1.149999976158142,1.2599999904632568,102100,0.0,0.0
2023-01-03 00:00:00-05:00,1.3300000429153442,1.3799999952316284,1.2599999904632568,1.309999942779541,19500,0.0,0.0
2023-01-04 00:00:00-05:00,1.340000033378601,1.5499999523162842,1.340000033378601,1.409999966621399,56300,0.0,0.0
2023-01-05 00:00:00-05:00,1.4299999475479126,1.5099999904632568,1.281000018119812,1.3799999952316284,64300,0.0,0.0
2023-01-06 00:00:00-05:00,1.2999999523162842,1.4049999713897705,1.2999999523162842,1.350000023841858,30400,0.0,0.0
2023-01-09 00:00:00-05:00,1.399999976158142,1.5199999809265137,1.2100000381469727,1.5199999809265137,2500,0.0,0.0
2023-01-10 00:00:00-05:00,1.5199999809265137,1.5199999809265137,1.4550000429153442,1.468999981880188,900,0.0,0.0
2023-01-11 00:00:00-05:00,1.4700000286102295,1.5,1.4700000286102295,1.5,1500,0.0,0.0
2023-01-12 00:00:00-05:00,1.503000020980835,1.5399999618530273,1.5,1.5199999809265137,2700,0.0,0.0
2023-01-13 00:00:00-05:00,1.5,1.5499999523162842,1.4700000286102295,1.5499999523162842,7200,0.0,0.0
2023-01-17 00:00:00-05:00,1.5700000524520874,1.6399999856948853,1.4800000190734863,1.5499999523162842,4000,0.0,0.0
2023-01-18 00:00:00-05:00,1.5299999713897705,1.559999942779541,1.4600000381469727,1.5099999904632568,3500,0.0,0.0
2023-01-19 00:00:00-05:00,1.5299999713897705,1.6200000047683716,1.4819999933242798,1.6200000047683716,600,0.0,0.0
2023-01-20 00:00:00-05:00,1.5269999504089355,1.5269999504089355,1.5240000486373901,1.5240000486373901,1400,0.0,0.0
2023-01-23 00:00:00-05:00,1.4900000095367432,1.5199999809265137,1.350000023841858,1.399999976158142,13000,0.0,0.0
2023-01-24 00:00:00-05:00,1.5210000276565552,1.5210000276565552,1.4199999570846558,1.4199999570846558,2800,0.0,0.0
2023-01-25 00:00:00-05:00,1.465000033378601,1.5,1.465000033378601,1.5,2100,0.0,0.0
2023-01-26 00:00:00-05:00,1.4800000190734863,1.5,1.350000023841858,1.4600000381469727,16200,0.0,0.0
2023-01-27 00:00:00-05:00,1.5329999923706055,1.5329999923706055,1.5299999713897705,1.5299999713897705,1300,0.0,0.0
2023-01-30 00:00:00-05:00,1.4989999532699585,1.5299999713897705,1.4989999532699585,1.5,11200,0.0,0.0
2023-01-31 00:00:00-05:00,1.5549999475479126,1.5549999475479126,1.4800000190734863,1.5199999809265137,900,0.0,0.0
2023-02-01 00:00:00-05:00,1.5,1.5540000200271606,1.440000057220459,1.440000057220459,5800,0.0,0.0
2023-02-02 00:00:00-05:00,1.5099999904632568,1.5700000524520874,1.5099999904632568,1.5099999904632568,3000,0.0,0.0
2023-02-03 00:00:00-05:00,1.4500000476837158,1.4570000171661377,1.399999976158142,1.399999976158142,1700,0.0,0.0
2023-02-06 00:00:00-05:00,1.399999976158142,1.4500000476837158,1.399999976158142,1.399999976158142,13600,0.0,0.0
2023-02-07 00:00:00-05:00,1.409999966621399,1.409999966621399,1.350000023841858,1.409999966621399,22700,0.0,0.0
2023-02-08 00:00:00-05:00,1.2899999618530273,1.3700000047683716,1.1799999475479126,1.25,89000,0.0,0.0
2023-02-09 00:00:00-05:00,1.2100000381469727,1.2999999523162842,1.1799999475479126,1.190000057220459,25500,0.0,0.0
2023-02-10 00:00:00-05:00,1.2999999523162842,1.3880000114440918,1.2899999618530273,1.2899999618530273,2300,0.0,0.0
2023-02-13 00:00:00-05:00,1.3819999694824219,1.399999976158142,1.149999976158142,1.2699999809265137,65900,0.0,0.0
2023-02-14 00:00:00-05:00,1.2300000190734863,1.3200000524520874,1.2300000190734863,1.309999942779541,8000,0.0,0.0
2023-02-15 00:00:00-05:00,2.1600000858306885,2.4700000286102295,1.7599999904632568,2.2699999809265137,57499300,0.0,0.0
2023-02-16 00:00:00-05:00,2.0899999141693115,3.25,2.0799999237060547,2.9600000381469727,19110200,0.0,0.0
2023-02-17 00:00:00-05:00,2.759999990463257,3.5999999046325684,2.630000114440918,3.5999999046325684,2810400,0.0,0.0
2023-02-21 00:00:00-05:00,3.5999999046325684,3.619999885559082,3.049999952316284,3.3399999141693115,944900,0.0,0.0
2023-02-22 00:00:00-05:00,3.3299999237060547,3.450000047683716,3.0999999046325684,3.450000047683716,326700,0.0,0.0
2023-02-23 00:00:00-05:00,3.380000114440918,3.680000066757202,3.109999895095825,3.5999999046325684,295600,0.0,0.0
2023-02-24 00:00:00-05:00,3.5,3.5199999809265137,3.2070000171661377,3.3399999141693115,227000,0.0,0.0
2023-02-27 00:00:00-05:00,3.430000066757202,3.990000009536743,3.369999885559082,3.950000047683716,421600,0.0,0.0
2023-02-28 00:00:00-05:00,3.950000047683716,3.950000047683716,3.609999895095825,3.6600000858306885,205900,0.0,0.0
2023-03-01 00:00:00-05:00,3.700000047683716,3.700000047683716,3.4000000953674316,3.5,113600,0.0,0.0
2023-03-02 00:00:00-05:00,3.440000057220459,3.5999999046325684,3.3499999046325684,3.5899999141693115,172300,0.0,0.0
2023-03-03 00:00:00-05:00,3.5999999046325684,3.7699999809265137,3.509999990463257,3.7699999809265137,222400,0.0,0.0
2023-03-06 00:00:00-05:00,3.6700000762939453,3.799999952316284,3.630000114440918,3.799999952316284,76200,0.0,0.0
2023-03-07 00:00:00-05:00,3.700000047683716,3.753999948501587,3.609999895095825,3.7200000286102295,65700,0.0,0.0
2023-03-08 00:00:00-05:00,3.7200000286102295,3.930000066757202,3.630000114440918,3.930000066757202,92400,0.0,0.0
2023-03-09 00:00:00-05:00,3.890000104904175,3.930000066757202,3.7699999809265137,3.9200000762939453,111500,0.0,0.0
2023-03-10 00:00:00-05:00,3.8399999141693115,3.9600000381469727,3.5799999237060547,3.950000047683716,259300,0.0,0.0
2023-03-13 00:00:00-04:00,3.869999885559082,3.9100000858306885,3.7200000286102295,3.8399999141693115,57000,0.0,0.0
2023-03-14 00:00:00-04:00,3.9000000953674316,4.25,3.8499999046325684,4.170000076293945,257600,0.0,0.0
2023-03-15 00:00:00-04:00,4.179999828338623,4.179999828338623,3.9000000953674316,4.0,74200,0.0,0.0
2023-03-16 00:00:00-04:00,3.9700000286102295,4.199999809265137,3.799999952316284,4.139999866485596,138100,0.0,0.0
2023-03-17 00:00:00-04:00,4.179999828338623,4.25,4.0,4.25,142500,0.0,0.0
2023-03-20 00:00:00-04:00,4.150000095367432,4.190000057220459,3.930000066757202,4.150000095367432,105400,0.0,0.0
2023-03-21 00:00:00-04:00,4.239999771118164,4.239999771118164,4.110000133514404,4.210000038146973,87000,0.0,0.0
2023-03-22 00:00:00-04:00,4.199999809265137,4.199999809265137,4.039999961853027,4.065000057220459,43400,0.0,0.0
2023-03-23 00:00:00-04:00,4.239999771118164,4.239999771118164,3.759999990463257,3.7899999618530273,97000,0.0,0.0
2023-03-24 00:00:00-04:00,3.75,3.880000114440918,3.6449999809265137,3.759999990463257,97100,0.0,0.0
2023-03-27 00:00:00-04:00,3.7799999713897705,3.9700000286102295,3.6700000762939453,3.809999942779541,95200,0.0,0.0
2023-03-28 00:00:00-04:00,3.799999952316284,3.859999895095825,3.7790000438690186,3.859999895095825,27300,0.0,0.0
2023-03-29 00:00:00-04:00,3.8499999046325684,3.8499999046325684,3.7799999713897705,3.799999952316284,142900,0.0,0.0
2023-03-30 00:00:00-04:00,3.7799999713897705,3.8399999141693115,3.7699999809265137,3.8399999141693115,96900,0.0,0.0
2023-03-31 00:00:00-04:00,3.8499999046325684,3.890000104904175,3.765000104904175,3.8299999237060547,61700,0.0,0.0
2023-04-03 00:00:00-04:00,3.8499999046325684,3.950000047683716,3.805999994277954,3.9000000953674316,72100,0.0,0.0
2023-04-04 00:00:00-04:00,3.9200000762939453,3.9200000762939453,3.6700000762939453,3.740000009536743,22400,0.0,0.0
2023-04-05 00:00:00-04:00,3.700000047683716,3.8499999046325684,3.555999994277954,3.630000114440918,14200,0.0,0.0
2023-04-06 00:00:00-04:00,3.6500000953674316,3.7799999713897705,3.631999969482422,3.690000057220459,12600,0.0,0.0
2023-04-10 00:00:00-04:00,3.7300000190734863,3.819999933242798,3.680000066757202,3.809999942779541,3700,0.0,0.0
2023-04-11 00:00:00-04:00,3.809999942779541,3.809999942779541,3.640000104904175,3.7100000381469727,24400,0.0,0.0
2023-04-12 00:00:00-04:00,3.700000047683716,3.7780001163482666,3.559999942779541,3.569999933242798,10600,0.0,0.0
2023-04-13 00:00:00-04:00,3.569999933242798,3.687000036239624,3.5199999809265137,3.5799999237060547,32800,0.0,0.0
2023-04-14 00:00:00-04:00,3.5,3.630000114440918,3.299999952316284,3.369999885559082,67600,0.0,0.0
2023-04-17 00:00:00-04:00,3.299999952316284,3.5199999809265137,3.252000093460083,3.2799999713897705,108800,0.0,0.0
2023-04-18 00:00:00-04:00,3.2899999618530273,3.5460000038146973,3.25,3.2699999809265137,26000,0.0,0.0
2023-04-19 00:00:00-04:00,3.2699999809265137,3.4600000381469727,3.2699999809265137,3.3499999046325684,27300,0.0,0.0
2023-04-20 00:00:00-04:00,3.390000104904175,3.4000000953674316,3.25,3.2699999809265137,22100,0.0,0.0
2023-04-21 00:00:00-04:00,3.259999990463257,3.6700000762939453,3.25,3.2699999809265137,49900,0.0,0.0
2023-04-24 00:00:00-04:00,3.2200000286102295,3.4000000953674316,3.2200000286102295,3.3499999046325684,34800,0.0,0.0
2023-04-25 00:00:00-04:00,3.2899999618530273,3.490000009536743,3.2899999618530273,3.299999952316284,5900,0.0,0.0
2023-04-26 00:00:00-04:00,3.369999885559082,3.5399999618530273,3.2699999809265137,3.2699999809265137,42200,0.0,0.0
2023-04-27 00:00:00-04:00,3.259999990463257,3.5899999141693115,3.259999990463257,3.299999952316284,23200,0.0,0.0
2023-04-28 00:00:00-04:00,3.309999942779541,3.5299999713897705,3.309999942779541,3.3499999046325684,32800,0.0,0.0
2023-05-01 00:00:00-04:00,3.430000066757202,3.430000066757202,3.319999933242798,3.3499999046325684,9900,0.0,0.0
2023-05-02 00:00:00-04:00,3.5199999809265137,3.688999891281128,3.4100000858306885,3.4100000858306885,10400,0.0,0.0
2023-05-03 00:00:00-04:00,3.4200000762939453,3.5999999046325684,3.4200000762939453,3.450000047683716,23100,0.0,0.0
2023-05-04 00:00:00-04:00,3.4100000858306885,3.6500000953674316,3.4100000858306885,3.509999990463257,21900,0.0,0.0
2023-05-05 00:00:00-04:00,3.549999952316284,3.6500000953674316,3.434999942779541,3.569999933242798,20600,0.0,0.0
2023-05-08 00:00:00-04:00,3.549999952316284,3.5980000495910645,3.4609999656677246,3.5,24300,0.0,0.0
2023-05-09 00:00:00-04:00,3.4800000190734863,3.6429998874664307,3.4800000190734863,3.5299999713897705,28600,0.0,0.0
2023-05-10 00:00:00-04:00,3.563999891281128,3.5799999237060547,3.4200000762939453,3.4800000190734863,24100,0.0,0.0
2023-05-11 00:00:00-04:00,3.4700000286102295,3.505000114440918,3.4100000858306885,3.5,25100,0.0,0.0
2023-05-12 00:00:00-04:00,3.4600000381469727,3.559999942779541,3.4100000858306885,3.4700000286102295,60200,0.0,0.0
2023-05-15 00:00:00-04:00,3.4200000762939453,3.5299999713897705,3.390000104904175,3.430000066757202,23300,0.0,0.0
2023-05-16 00:00:00-04:00,3.430000066757202,3.5299999713897705,3.3959999084472656,3.450000047683716,8100,0.0,0.0
2023-05-17 00:00:00-04:00,3.378000020980835,3.5299999713897705,3.309999942779541,3.390000104904175,20600,0.0,0.0
2023-05-18 00:00:00-04:00,3.3550000190734863,3.380000114440918,3.315999984741211,3.359999895095825,12600,0.0,0.0
2023-05-19 00:00:00-04:00,3.2300000190734863,3.380000114440918,3.2300000190734863,3.2899999618530273,29600,0.0,0.0
2023-05-22 00:00:00-04:00,3.309999942779541,3.4700000286102295,3.309999942779541,3.440000057220459,4000,0.0,0.0
2023-05-23 00:00:00-04:00,3.369999885559082,3.4700000286102295,3.25,3.319999933242798,8300,0.0,0.0
2023-05-24 00:00:00-04:00,3.4000000953674316,3.559999942779541,3.384000062942505,3.5399999618530273,24300,0.0,0.0
2023-05-25 00:00:00-04:00,3.4800000190734863,3.4800000190734863,3.3399999141693115,3.359999895095825,11900,0.0,0.0
2023-05-26 00:00:00-04:00,3.4600000381469727,3.494999885559082,3.2699999809265137,3.4200000762939453,21000,0.0,0.0
2023-05-30 00:00:00-04:00,3.3399999141693115,3.4000000953674316,3.180000066757202,3.200000047683716,18600,0.0,0.0
2023-05-31 00:00:00-04:00,3.200000047683716,3.3499999046325684,3.200000047683716,3.2300000190734863,9500,0.0,0.0
2023-06-01 00:00:00-04:00,3.25,3.319999933242798,3.2100000381469727,3.2249999046325684,16400,0.0,0.0
2023-06-02 00:00:00-04:00,3.2699999809265137,3.2699999809265137,3.190000057220459,3.25,23700,0.0,0.0
2023-06-05 00:00:00-04:00,3.25,3.3450000286102295,3.184999942779541,3.190000057220459,10900,0.0,0.0
2023-06-06 00:00:00-04:00,3.190000057220459,3.25,3.140000104904175,3.140000104904175,8300,0.0,0.0
2023-06-07 00:00:00-04:00,3.119999885559082,3.2149999141693115,3.119999885559082,3.200000047683716,3500,0.0,0.0
2023-06-08 00:00:00-04:00,3.184999942779541,3.184999942779541,3.0,3.0,18000,0.0,0.0
2023-06-09 00:00:00-04:00,3.259999990463257,3.3320000171661377,3.069999933242798,3.069999933242798,25400,0.0,0.0
2023-06-12 00:00:00-04:00,3.299999952316284,3.630000114440918,3.240000009536743,3.4700000286102295,123000,0.0,0.0
2023-06-13 00:00:00-04:00,3.450000047683716,3.6440000534057617,3.25600004196167,3.430000066757202,39300,0.0,0.0
2023-06-14 00:00:00-04:00,3.5179998874664307,3.5899999141693115,3.240000009536743,3.309999942779541,16600,0.0,0.0
2023-06-15 00:00:00-04:00,3.4700000286102295,3.5,3.299999952316284,3.4200000762939453,36200,0.0,0.0
2023-06-16 00:00:00-04:00,3.4700000286102295,3.759999990463257,3.4000000953674316,3.569999933242798,92800,0.0,0.0
2023-06-20 00:00:00-04:00,3.8299999237060547,3.9000000953674316,3.509999990463257,3.5299999713897705,39000,0.0,0.0
2023-06-21 00:00:00-04:00,3.5209999084472656,3.703000068664551,3.509999990463257,3.6600000858306885,21600,0.0,0.0
2023-06-22 00:00:00-04:00,3.690000057220459,3.75,3.5429999828338623,3.678999900817871,31700,0.0,0.0
2023-06-23 00:00:00-04:00,3.740000009536743,4.0,3.73799991607666,3.9800000190734863,91500,0.0,0.0
2023-06-26 00:00:00-04:00,3.9800000190734863,3.9800000190734863,3.559999942779541,3.680000066757202,34500,0.0,0.0
2023-06-27 00:00:00-04:00,3.690000057220459,3.690000057220459,3.3510000705718994,3.3580000400543213,38300,0.0,0.0
2023-06-28 00:00:00-04:00,3.549999952316284,3.549999952316284,3.3499999046325684,3.450000047683716,10200,0.0,0.0
2023-06-29 00:00:00-04:00,3.5490000247955322,3.5490000247955322,3.299999952316284,3.5299999713897705,15700,0.0,0.0
2023-06-30 00:00:00-04:00,3.549999952316284,3.549999952316284,3.25,3.2950000762939453,43000,0.0,0.0
2023-07-03 00:00:00-04:00,3.2300000190734863,3.3399999141693115,3.1600000858306885,3.2300000190734863,29400,0.0,0.0
2023-07-05 00:00:00-04:00,3.309999942779541,3.3399999141693115,3.25,3.309999942779541,13800,0.0,0.0
2023-07-06 00:00:00-04:00,3.4700000286102295,3.4700000286102295,3.2300000190734863,3.3399999141693115,22900,0.0,0.0
2023-07-07 00:00:00-04:00,3.4200000762939453,3.430000066757202,3.2300000190734863,3.259999990463257,46100,0.0,0.0
2023-07-10 00:00:00-04:00,3.369999885559082,3.390000104904175,3.25,3.2899999618530273,20000,0.0,0.0
2023-07-11 00:00:00-04:00,3.302999973297119,3.312000036239624,3.25,3.25,13200,0.0,0.0
2023-07-12 00:00:00-04:00,3.2100000381469727,3.299999952316284,3.2100000381469727,3.2699999809265137,8400,0.0,0.0
2023-07-13 00:00:00-04:00,3.3499999046325684,3.3499999046325684,3.25,3.265000104904175,15400,0.0,0.0
2023-07-14 00:00:00-04:00,3.2669999599456787,3.2699999809265137,3.240000009536743,3.25,24200,0.0,0.0
2023-07-17 00:00:00-04:00,3.25,3.359999895095825,3.25,3.2899999618530273,40800,0.0,0.0
2023-07-18 00:00:00-04:00,3.3499999046325684,3.3499999046325684,3.25,3.259999990463257,16100,0.0,0.0
2023-07-19 00:00:00-04:00,3.2039999961853027,3.259999990463257,3.200000047683716,3.234999895095825,26300,0.0,0.0
2023-07-20 00:00:00-04:00,3.25,3.259999990463257,3.200000047683716,3.240000009536743,18200,0.0,0.0
2023-07-21 00:00:00-04:00,3.2300000190734863,3.2300000190734863,3.1600000858306885,3.1600000858306885,10500,0.0,0.0
2023-07-24 00:00:00-04:00,3.200000047683716,3.242000102996826,3.069999933242798,3.069999933242798,19300,0.0,0.0
2023-07-25 00:00:00-04:00,3.1600000858306885,3.1600000858306885,2.9100000858306885,2.9200000762939453,39600,0.0,0.0
2023-07-26 00:00:00-04:00,2.9200000762939453,2.940000057220459,2.743000030517578,2.7899999618530273,21500,0.0,0.0
2023-07-27 00:00:00-04:00,2.8499999046325684,2.861999988555908,2.628999948501587,2.690000057220459,18500,0.0,0.0
2023-07-28 00:00:00-04:00,2.700000047683716,2.9100000858306885,2.690000057220459,2.819999933242798,11500,0.0,0.0
2023-07-31 00:00:00-04:00,2.890000104904175,3.1010000705718994,2.809999942779541,2.930000066757202,78500,0.0,0.0
2023-08-01 00:00:00-04:00,2.9700000286102295,3.1500000953674316,2.9200000762939453,2.9749999046325684,45500,0.0,0.0
2023-08-02 00:00:00-04:00,2.869999885559082,2.944999933242798,2.7200000286102295,2.809999942779541,23200,0.0,0.0
2023-08-03 00:00:00-04:00,2.7200000286102295,2.9700000286102295,2.7200000286102295,2.950000047683716,34900,0.0,0.0
2023-08-04 00:00:00-04:00,2.950000047683716,2.950000047683716,2.7699999809265137,2.799999952316284,27400,0.0,0.0
2023-08-07 00:00:00-04:00,2.799999952316284,2.799999952316284,2.549999952316284,2.559999942779541,61600,0.0,0.0
2023-08-08 00:00:00-04:00,2.5899999141693115,2.5999999046325684,2.5299999713897705,2.5799999237060547,25300,0.0,0.0
2023-08-09 00:00:00-04:00,2.5999999046325684,2.6700000762939453,2.5199999809265137,2.5199999809265137,74600,0.0,0.0
2023-08-10 00:00:00-04:00,2.5199999809265137,2.5999999046325684,2.4600000381469727,2.5999999046325684,25300,0.0,0.0
2023-08-11 00:00:00-04:00,2.569999933242798,2.569999933242798,2.4700000286102295,2.5299999713897705,11000,0.0,0.0
2023-08-14 00:00:00-04:00,2.5,2.509999990463257,2.299999952316284,2.319999933242798,52900,0.0,0.0
2023-08-15 00:00:00-04:00,2.25,2.4800000190734863,2.130000114440918,2.180000066757202,104500,0.0,0.0
2023-08-16 00:00:00-04:00,2.1700000762939453,2.1700000762939453,2.049999952316284,2.049999952316284,29500,0.0,0.0
2023-08-17 00:00:00-04:00,2.059999942779541,2.0999999046325684,2.059999942779541,2.0799999237060547,33200,0.0,0.0
2023-08-18 00:00:00-04:00,2.0850000381469727,2.0999999046325684,2.049999952316284,2.0799999237060547,30900,0.0,0.0
2023-08-21 00:00:00-04:00,2.059999942779541,2.0799999237060547,2.0199999809265137,2.0399999618530273,9500,0.0,0.0
2023-08-22 00:00:00-04:00,2.009999990463257,2.059999942779541,2.009999990463257,2.0450000762939453,10400,0.0,0.0
2023-08-23 00:00:00-04:00,2.059999942779541,2.059999942779541,2.009999990463257,2.0299999713897705,15900,0.0,0.0
2023-08-24 00:00:00-04:00,2.0399999618530273,2.0399999618530273,2.015000104904175,2.0199999809265137,1800,0.0,0.0
2023-08-25 00:00:00-04:00,2.0299999713897705,2.0299999713897705,2.0,2.0,5500,0.0,0.0
2023-08-28 00:00:00-04:00,1.9700000286102295,2.0,1.8250000476837158,1.840000033378601,77000,0.0,0.0
2023-08-29 00:00:00-04:00,1.9299999475479126,1.9700000286102295,1.7899999618530273,1.8300000429153442,46800,0.0,0.0
2023-08-30 00:00:00-04:00,1.8109999895095825,1.9500000476837158,1.7999999523162842,1.899999976158142,30400,0.0,0.0
2023-08-31 00:00:00-04:00,1.8700000047683716,1.909999966621399,1.7799999713897705,1.7799999713897705,40400,0.0,0.0
2023-09-01 00:00:00-04:00,1.7699999809265137,1.850000023841858,1.7699999809265137,1.809999942779541,30600,0.0,0.0
2023-09-05 00:00:00-04:00,1.840000033378601,1.850000023841858,1.7799999713897705,1.7999999523162842,10300,0.0,0.0
2023-09-06 00:00:00-04:00,1.7599999904632568,1.815999984741211,1.6200000047683716,1.6799999475479126,103800,0.0,0.0
2023-09-07 00:00:00-04:00,1.7200000286102295,1.75,1.559999942779541,1.6299999952316284,61200,0.0,0.0
2023-09-08 00:00:00-04:00,1.6100000143051147,1.6399999856948853,1.5199999809265137,1.5499999523162842,70300,0.0,0.0
2023-09-11 00:00:00-04:00,1.5800000429153442,1.6399999856948853,1.559999942779541,1.6100000143051147,18200,0.0,0.0
2023-09-12 00:00:00-04:00,1.6100000143051147,1.7100000381469727,1.590000033378601,1.6399999856948853,21700,0.0,0.0
2023-09-13 00:00:00-04:00,1.649999976158142,1.7899999618530273,1.649999976158142,1.7200000286102295,53200,0.0,0.0
2023-09-14 00:00:00-04:00,1.7599999904632568,1.7599999904632568,1.6799999475479126,1.7000000476837158,35400,0.0,0.0
2023-09-15 00:00:00-04:00,1.7699999809265137,1.809999942779541,1.6699999570846558,1.7400000095367432,222500,0.0,0.0
2023-09-18 00:00:00-04:00,1.7899999618530273,1.840000033378601,1.6799999475479126,1.75,313100,0.0,0.0
2023-09-19 00:00:00-04:00,1.7899999618530273,1.850000023841858,1.659999966621399,1.7999999523162842,375800,0.0,0.0
2023-09-20 00:00:00-04:00,1.7999999523162842,1.9500000476837158,1.7740000486373901,1.8300000429153442,32900,0.0,0.0
2023-09-21 00:00:00-04:00,1.840000033378601,1.840000033378601,1.7430000305175781,1.7799999713897705,3400,0.0,0.0
2023-09-22 00:00:00-04:00,1.649999976158142,1.9700000286102295,1.649999976158142,1.75,40700,0.0,0.0
2023-09-25 00:00:00-04:00,1.9700000286102295,1.9700000286102295,1.7000000476837158,1.7799999713897705,29400,0.0,0.0
2023-09-26 00:00:00-04:00,1.9500000476837158,1.9500000476837158,1.7280000448226929,1.9199999570846558,88800,0.0,0.0
2023-09-27 00:00:00-04:00,1.940000057220459,1.9600000381469727,1.8300000429153442,1.8700000047683716,191100,0.0,0.0
2023-09-28 00:00:00-04:00,1.9500000476837158,1.9500000476837158,1.8600000143051147,1.909999966621399,5400,0.0,0.0
2023-09-29 00:00:00-04:00,1.9600000381469727,1.9600000381469727,1.7549999952316284,1.8600000143051147,14600,0.0,0.0
2023-10-02 00:00:00-04:00,1.909999966621399,1.9600000381469727,1.899999976158142,1.9600000381469727,32600,0.0,0.0
2023-10-03 00:00:00-04:00,1.9600000381469727,1.9900000095367432,1.902999997138977,1.9900000095367432,21000,0.0,0.0
2023-10-04 00:00:00-04:00,1.9600000381469727,2.5350000858306885,1.9600000381469727,2.3399999141693115,20100,0.0,0.0
2023-10-05 00:00:00-04:00,2.3499999046325684,2.7300000190734863,2.3499999046325684,2.4000000953674316,34400,0.0,0.0
2023-10-06 00:00:00-04:00,2.319999933242798,2.319999933242798,2.119999885559082,2.2300000190734863,28100,0.0,0.0
2023-10-09 00:00:00-04:00,2.109999895095825,2.259999990463257,2.109999895095825,2.1600000858306885,22700,0.0,0.0
2023-10-10 00:00:00-04:00,2.2049999237060547,2.2899999618530273,2.1549999713897705,2.180000066757202,10800,0.0,0.0
2023-10-11 00:00:00-04:00,2.200000047683716,2.200000047683716,2.009999990463257,2.009999990463257,38400,0.0,0.0
2023-10-12 00:00:00-04:00,1.8860000371932983,1.9700000286102295,1.850000023841858,1.8799999952316284,38500,0.0,0.0
2023-10-13 00:00:00-04:00,1.840000033378601,2.009000062942505,1.7100000381469727,1.909999966621399,32300,0.0,0.0
2023-10-16 00:00:00-04:00,1.850000023841858,1.9500000476837158,1.850000023841858,1.8799999952316284,16300,0.0,0.0
2023-10-17 00:00:00-04:00,1.809999942779541,1.965000033378601,1.7799999713897705,1.8600000143051147,18100,0.0,0.0
2023-10-18 00:00:00-04:00,1.840000033378601,2.069999933242798,1.7699999809265137,1.7699999809265137,9800,0.0,0.0
2023-10-19 00:00:00-04:00,1.7699999809265137,1.7899999618530273,1.7300000190734863,1.75,9600,0.0,0.0
2023-10-20 00:00:00-04:00,1.690000057220459,1.7799999713897705,1.690000057220459,1.75,1400,0.0,0.0
2023-10-23 00:00:00-04:00,1.7599999904632568,1.7999999523162842,1.7300000190734863,1.75,8300,0.0,0.0
2023-10-24 00:00:00-04:00,1.7100000381469727,1.75,1.559999942779541,1.649999976158142,14400,0.0,0.0
2023-10-25 00:00:00-04:00,1.690000057220459,1.784999966621399,1.6299999952316284,1.75,6400,0.0,0.0
2023-10-26 00:00:00-04:00,1.7100000381469727,1.7799999713897705,1.7000000476837158,1.7799999713897705,3700,0.0,0.0
2023-10-27 00:00:00-04:00,1.6799999475479126,1.690000057220459,1.649999976158142,1.6699999570846558,18400,0.0,0.0
2023-10-30 00:00:00-04:00,1.6820000410079956,1.7400000095367432,1.6820000410079956,1.7300000190734863,8000,0.0,0.0
2023-10-31 00:00:00-04:00,1.7000000476837158,1.7200000286102295,1.690000057220459,1.690000057220459,2600,0.0,0.0
2023-11-01 00:00:00-04:00,1.684999942779541,1.7799999713897705,1.684999942779541,1.7400000095367432,3200,0.0,0.0
2023-11-02 00:00:00-04:00,1.7730000019073486,1.9900000095367432,1.7710000276565552,1.9900000095367432,9500,0.0,0.0
2023-11-03 00:00:00-04:00,2.0199999809265137,2.0199999809265137,1.9299999475479126,1.9299999475479126,8000,0.0,0.0
2023-11-06 00:00:00-05:00,2.0,2.0,1.7549999952316284,1.8600000143051147,52000,0.0,0.0
2023-11-07 00:00:00-05:00,1.899999976158142,1.899999976158142,1.8600000143051147,1.8799999952316284,1600,0.0,0.0
2023-11-08 00:00:00-05:00,1.7879999876022339,1.9700000286102295,1.75,1.9700000286102295,3100,0.0,0.0
2023-11-09 00:00:00-05:00,1.9900000095367432,2.0399999618530273,1.8049999475479126,1.8200000524520874,2200,0.0,0.0
2023-11-10 00:00:00-05:00,1.75,1.7599999904632568,1.690000057220459,1.690000057220459,10800,0.0,0.0
2023-11-13 00:00:00-05:00,1.6749999523162842,1.7599999904632568,1.6699999570846558,1.7599999904632568,2800,0.0,0.0
2023-11-14 00:00:00-05:00,1.809000015258789,1.8899999856948853,1.649999976158142,1.7300000190734863,14500,0.0,0.0
2023-11-15 00:00:00-05:00,1.6699999570846558,1.6799999475479126,1.6699999570846558,1.6799999475479126,700,0.0,0.0
2023-11-16 00:00:00-05:00,1.75,2.009999990463257,1.7200000286102295,1.7799999713897705,11900,0.0,0.0
2023-11-17 00:00:00-05:00,1.850000023841858,1.850000023841858,1.75,1.75,7000,0.0,0.0
2023-11-20 00:00:00-05:00,1.8450000286102295,1.8769999742507935,1.7999999523162842,1.7999999523162842,1800,0.0,0.0
2023-11-21 00:00:00-05:00,1.815999984741211,1.8990000486373901,1.7999999523162842,1.7999999523162842,8200,0.0,0.0
2023-11-22 00:00:00-05:00,1.7999999523162842,1.8799999952316284,1.7999999523162842,1.8799999952316284,900,0.0,0.0
2023-11-24 00:00:00-05:00,1.9600000381469727,2.1689999103546143,1.899999976158142,2.049999952316284,35000,0.0,0.0
2023-11-27 00:00:00-05:00,2.049999952316284,2.200000047683716,1.850000023841858,1.9500000476837158,33900,0.0,0.0
2023-11-28 00:00:00-05:00,1.9079999923706055,1.9900000095367432,1.8799999952316284,1.9900000095367432,8000,0.0,0.0
2023-11-29 00:00:00-05:00,2.0,2.0350000858306885,1.8509999513626099,1.8899999856948853,9800,0.0,0.0
2023-11-30 00:00:00-05:00,1.9600000381469727,2.0360000133514404,1.8899999856948853,1.940000057220459,24900,0.0,0.0
2023-12-01 00:00:00-05:00,1.899999976158142,1.9900000095367432,1.8049999475479126,1.9900000095367432,14500,0.0,0.0
2023-12-04 00:00:00-05:00,2.0,2.0350000858306885,1.9700000286102295,2.0,10300,0.0,0.0
2023-12-05 00:00:00-05:00,1.9950000047683716,2.130000114440918,1.9900000095367432,2.0999999046325684,17900,0.0,0.0
2023-12-06 00:00:00-05:00,5.010000228881836,9.859999656677246,4.110000133514404,5.489999771118164,78807100,0.0,0.0
2023-12-07 00:00:00-05:00,4.75,5.670000076293945,4.710000038146973,5.050000190734863,3824100,0.0,0.0
2023-12-08 00:00:00-05:00,5.139999866485596,5.800000190734863,4.199999809265137,4.340000152587891,1890700,0.0,0.0
2023-12-11 00:00:00-05:00,4.389999866485596,4.409999847412109,3.799999952316284,4.320000171661377,973700,0.0,0.0
2023-12-12 00:00:00-05:00,4.25,4.96999979019165,4.159999847412109,4.71999979019165,652900,0.0,0.0
2023-12-13 00:00:00-05:00,4.349999904632568,5.0,4.349999904632568,4.920000076293945,483600,0.0,0.0
2023-12-14 00:00:00-05:00,4.760000228881836,5.0,4.610000133514404,4.949999809265137,324500,0.0,0.0
2023-12-15 00:00:00-05:00,4.820000171661377,5.0,4.519999980926514,4.900000095367432,506400,0.0,0.0
2023-12-18 00:00:00-05:00,4.809999942779541,6.170000076293945,4.809999942779541,5.960000038146973,1192100,0.0,0.0
2023-12-19 00:00:00-05:00,5.659999847412109,5.940000057220459,5.550000190734863,5.849999904632568,228600,0.0,0.0
2023-12-20 00:00:00-05:00,5.860000133514404,7.329999923706055,5.760000228881836,6.849999904632568,979600,0.0,0.0
2023-12-21 00:00:00-05:00,6.710000038146973,6.900000095367432,6.079999923706055,6.650000095367432,433100,0.0,0.0
2023-12-22 00:00:00-05:00,6.639999866485596,6.889999866485596,5.989999771118164,6.590000152587891,511100,0.0,0.0
2023-12-26 00:00:00-05:00,6.440000057220459,6.769999980926514,6.090000152587891,6.360000133514404,264700,0.0,0.0
2023-12-27 00:00:00-05:00,6.389999866485596,6.539999961853027,5.829999923706055,6.329999923706055,188200,0.0,0.0
2023-12-28 00:00:00-05:00,6.25,6.699999809265137,6.065000057220459,6.679999828338623,279500,0.0,0.0
2023-12-29 00:00:00-05:00,6.679999828338623,6.679999828338623,5.900000095367432,5.980000019073486,243800,0.0,0.0
2024-01-02 00:00:00-05:00,5.809999942779541,6.190000057220459,5.809999942779541,5.96999979019165,128900,0.0,0.0
2024-01-03 00:00:00-05:00,5.940000057220459,6.078000068664551,5.373000144958496,5.5,219500,0.0,0.0
2024-01-04 00:00:00-05:00,5.309999942779541,6.130000114440918,5.309999942779541,5.880000114440918,197900,0.0,0.0
2024-01-05 00:00:00-05:00,5.75,5.75,5.269999980926514,5.300000190734863,188700,0.0,0.0
2024-01-08 00:00:00-05:00,5.190000057220459,5.590000152587891,5.190000057220459,5.409999847412109,104900,0.0,0.0
2024-01-09 00:00:00-05:00,5.289999961853027,5.455999851226807,5.150000095367432,5.199999809265137,196600,0.0,0.0
2024-01-10 00:00:00-05:00,5.25,5.326000213623047,4.900000095367432,5.050000190734863,191500,0.0,0.0
2024-01-11 00:00:00-05:00,5.400000095367432,6.75,5.320000171661377,6.409999847412109,1010900,0.0,0.0
2024-01-12 00:00:00-05:00,6.400000095367432,6.800000190734863,6.349999904632568,6.579999923706055,340300,0.0,0.0
2024-01-16 00:00:00-05:00,6.5,6.590000152587891,6.059999942779541,6.420000076293945,183800,0.0,0.0
2024-01-17 00:00:00-05:00,6.449999809265137,6.480000019073486,5.840000152587891,6.139999866485596,188300,0.0,0.0
2024-01-18 00:00:00-05:00,6.070000171661377,6.170000076293945,5.510000228881836,5.980000019073486,193000,0.0,0.0
2024-01-19 00:00:00-05:00,5.940000057220459,6.139999866485596,5.820000171661377,6.0,74000,0.0,0.0
2024-01-22 00:00:00-05:00,5.889999866485596,6.119999885559082,5.730000019073486,5.809999942779541,128200,0.0,0.0
2024-01-23 00:00:00-05:00,5.869999885559082,5.960000038146973,5.699999809265137,5.869999885559082,79300,0.0,0.0
2024-01-24 00:00:00-05:00,6.019999980926514,6.300000190734863,5.760000228881836,5.929999828338623,186700,0.0,0.0
2024-01-25 00:00:00-05:00,5.900000095367432,6.489999771118164,5.789999961853027,6.159999847412109,357900,0.0,0.0
2024-01-26 00:00:00-05:00,6.199999809265137,7.070000171661377,6.179999828338623,6.650000095367432,765100,0.0,0.0
2024-01-29 00:00:00-05:00,6.710000038146973,6.96999979019165,6.269999980926514,6.889999866485596,196500,0.0,0.0
2024-01-30 00:00:00-05:00,6.889999866485596,7.449999809265137,6.650000095367432,6.789999961853027,444700,0.0,0.0
2024-01-31 00:00:00-05:00,6.800000190734863,7.010000228881836,6.5,7.0,161200,0.0,0.0
2024-02-01 00:00:00-05:00,7.119999885559082,7.25,6.8480000495910645,7.090000152587891,195300,0.0,0.0
2024-02-02 00:00:00-05:00,7.010000228881836,7.739999771118164,6.71999979019165,7.659999847412109,296600,0.0,0.0
2024-02-05 00:00:00-05:00,7.5,8.34000015258789,7.269999980926514,8.0,407000,0.0,0.0
2024-02-06 00:00:00-05:00,8.210000038146973,8.449999809265137,7.809999942779541,8.3100004196167,318300,0.0,0.0
2024-02-07 00:00:00-05:00,8.180000305175781,8.300000190734863,7.630000114440918,7.920000076293945,207400,0.0,0.0
2024-02-08 00:00:00-05:00,7.800000190734863,8.489999771118164,7.800000190734863,8.100000381469727,173500,0.0,0.0
2024-02-09 00:00:00-05:00,8.260000228881836,8.630000114440918,7.96999979019165,8.489999771118164,244400,0.0,0.0
2024-02-12 00:00:00-05:00,8.520000457763672,9.020000457763672,8.399999618530273,8.890000343322754,212800,0.0,0.0
2024-02-13 00:00:00-05:00,8.550000190734863,8.75,8.265000343322754,8.520000457763672,151600,0.0,0.0
2024-02-14 00:00:00-05:00,8.550000190734863,9.055000305175781,8.27299976348877,8.970000267028809,103600,0.0,0.0
2024-02-15 00:00:00-05:00,8.979999542236328,9.170000076293945,8.520000457763672,8.899999618530273,364600,0.0,0.0
2024-02-16 00:00:00-05:00,8.9399995803833,9.970000267028809,8.84000015258789,9.710000038146973,226000,0.0,0.0
2024-02-20 00:00:00-05:00,9.9399995803833,9.9399995803833,9.109999656677246,9.289999961853027,243100,0.0,0.0
2024-02-21 00:00:00-05:00,9.289999961853027,9.848999977111816,9.25,9.460000038146973,216600,0.0,0.0
2024-02-22 00:00:00-05:00,9.449999809265137,9.501999855041504,8.5,8.600000381469727,298600,0.0,0.0
2024-02-23 00:00:00-05:00,8.449999809265137,8.803999900817871,8.25,8.470000267028809,336800,0.0,0.0
2024-02-26 00:00:00-05:00,8.470000267028809,8.70300006866455,8.399999618530273,8.630000114440918,110200,0.0,0.0
2024-02-27 00:00:00-05:00,8.699999809265137,8.949999809265137,8.430000305175781,8.899999618530273,278000,0.0,0.0
2024-02-28 00:00:00-05:00,8.800000190734863,8.829999923706055,8.479999542236328,8.699999809265137,182400,0.0,0.0
2024-02-29 00:00:00-05:00,8.539999961853027,8.979999542236328,8.510000228881836,8.920000076293945,75600,0.0,0.0
2024-03-01 00:00:00-05:00,9.0,9.680000305175781,8.753000259399414,9.34000015258789,371800,0.0,0.0
2024-03-04 00:00:00-05:00,9.510000228881836,9.510000228881836,8.699999809265137,9.170000076293945,113900,0.0,0.0
2024-03-05 00:00:00-05:00,8.899999618530273,9.5600004196167,8.899999618530273,9.470000267028809,128900,0.0,0.0
2024-03-06 00:00:00-05:00,9.630000114440918,9.760000228881836,8.779999732971191,9.0600004196167,277200,0.0,0.0
2024-03-07 00:00:00-05:00,9.010000228881836,9.1899995803833,8.873000144958496,9.029999732971191,131500,0.0,0.0
2024-03-08 00:00:00-05:00,9.039999961853027,9.529999732971191,9.024999618530273,9.529999732971191,46200,0.0,0.0
2024-03-11 00:00:00-04:00,9.510000228881836,10.4399995803833,9.109999656677246,9.229999542236328,212600,0.0,0.0
2024-03-12 00:00:00-04:00,9.15999984741211,9.420000076293945,8.949999809265137,9.149999618530273,114700,0.0,0.0
2024-03-13 00:00:00-04:00,9.220000267028809,9.329999923706055,9.031999588012695,9.149999618530273,57400,0.0,0.0
2024-03-14 00:00:00-04:00,9.210000038146973,9.25,8.600000381469727,8.9399995803833,58700,0.0,0.0
2024-03-15 00:00:00-04:00,8.890000343322754,9.300000190734863,8.770000457763672,9.260000228881836,146400,0.0,0.0
2024-03-18 00:00:00-04:00,9.34000015258789,9.479999542236328,8.670000076293945,8.960000038146973,88200,0.0,0.0
2024-03-19 00:00:00-04:00,8.8100004196167,9.350000381469727,8.670000076293945,9.050000190734863,185600,0.0,0.0
2024-03-20 00:00:00-04:00,9.149999618530273,9.229999542236328,8.760000228881836,9.020000457763672,210200,0.0,0.0
2024-03-21 00:00:00-04:00,8.680000305175781,9.369999885559082,8.319999694824219,9.359999656677246,261200,0.0,0.0
2024-03-22 00:00:00-04:00,9.5,10.0,9.260000228881836,10.0,576100,0.0,0.0
2024-03-25 00:00:00-04:00,10.0,10.0,8.789999961853027,9.149999618530273,338400,0.0,0.0
2024-03-26 00:00:00-04:00,9.170000076293945,9.880000114440918,9.170000076293945,9.5,428300,0.0,0.0
2024-03-27 00:00:00-04:00,9.5600004196167,9.890000343322754,9.0600004196167,9.460000038146973,396700,0.0,0.0
2024-03-28 00:00:00-04:00,9.460000038146973,9.5,8.579999923706055,9.100000381469727,954600,0.0,0.0
2024-04-01 00:00:00-04:00,9.020000457763672,9.630000114440918,9.020000457763672,9.369999885559082,129900,0.0,0.0
2024-04-02 00:00:00-04:00,9.449999809265137,9.449999809265137,9.039999961853027,9.210000038146973,71200,0.0,0.0
2024-04-03 00:00:00-04:00,9.069999694824219,9.829999923706055,9.020000457763672,9.449999809265137,228200,0.0,0.0
2024-04-04 00:00:00-04:00,9.539999961853027,9.670000076293945,9.260000228881836,9.380000114440918,150500,0.0,0.0
2024-04-05 00:00:00-04:00,9.380000114440918,9.800000190734863,9.359999656677246,9.460000038146973,56800,0.0,0.0
2024-04-08 00:00:00-04:00,9.390000343322754,9.75,9.390000343322754,9.699999809265137,66300,0.0,0.0
2024-04-09 00:00:00-04:00,9.649999618530273,10.09000015258789,9.479999542236328,9.9399995803833,511500,0.0,0.0
2024-04-10 00:00:00-04:00,9.9399995803833,9.9399995803833,9.539999961853027,9.779999732971191,105800,0.0,0.0
2024-04-11 00:00:00-04:00,9.8100004196167,11.319999694824219,9.725000381469727,11.25,425000,0.0,0.0
2024-04-12 00:00:00-04:00,11.149999618530273,11.149999618530273,9.399999618530273,9.65999984741211,319800,0.0,0.0
2024-04-15 00:00:00-04:00,9.819999694824219,10.0600004196167,9.607999801635742,10.039999961853027,122500,0.0,0.0
2024-04-16 00:00:00-04:00,10.260000228881836,10.329999923706055,9.680000305175781,9.800000190734863,91500,0.0,0.0
2024-04-17 00:00:00-04:00,9.869999885559082,9.899999618530273,9.5,9.680000305175781,115200,0.0,0.0
2024-04-18 00:00:00-04:00,9.640000343322754,9.9399995803833,9.600000381469727,9.789999961853027,67000,0.0,0.0
2024-04-19 00:00:00-04:00,9.619999885559082,9.859999656677246,9.5,9.75,66000,0.0,0.0
2024-04-22 00:00:00-04:00,9.75,9.994999885559082,9.510000228881836,9.770000457763672,60100,0.0,0.0
2024-04-23 00:00:00-04:00,9.800000190734863,10.225000381469727,9.59000015258789,9.960000038146973,73100,0.0,0.0
2024-04-24 00:00:00-04:00,10.050000190734863,10.239999771118164,9.680000305175781,10.039999961853027,45400,0.0,0.0
2024-04-25 00:00:00-04:00,10.0,10.350000381469727,9.770000457763672,10.34000015258789,73700,0.0,0.0
2024-04-26 00:00:00-04:00,10.279999732971191,10.899999618530273,10.069999694824219,10.75,59100,0.0,0.0
2024-04-29 00:00:00-04:00,10.920000076293945,11.1899995803833,10.399999618530273,11.149999618530273,116100,0.0,0.0
2024-04-30 00:00:00-04:00,11.029999732971191,11.819999694824219,11.029999732971191,11.6899995803833,108400,0.0,0.0
2024-05-01 00:00:00-04:00,11.619999885559082,12.354999542236328,10.199999809265137,10.430000305175781,151300,0.0,0.0
2024-05-02 00:00:00-04:00,10.399999618530273,10.859999656677246,10.15999984741211,10.630000114440918,68000,0.0,0.0
2024-05-03 00:00:00-04:00,10.819999694824219,10.970000267028809,10.579999923706055,10.850000381469727,48900,0.0,0.0
2024-05-06 00:00:00-04:00,10.829999923706055,11.050000190734863,9.920000076293945,9.920000076293945,114400,0.0,0.0
2024-05-07 00:00:00-04:00,9.899999618530273,10.029999732971191,9.020000457763672,9.479999542236328,313000,0.0,0.0
2024-05-08 00:00:00-04:00,9.380000114440918,9.539999961853027,9.130000114440918,9.300000190734863,94800,0.0,0.0
2024-05-09 00:00:00-04:00,9.210000038146973,10.229999542236328,9.210000038146973,9.789999961853027,99200,0.0,0.0
2024-05-10 00:00:00-04:00,9.5600004196167,9.720000267028809,8.680000305175781,9.260000228881836,284500,0.0,0.0
2024-05-13 00:00:00-04:00,9.050000190734863,9.414999961853027,9.010000228881836,9.100000381469727,49400,0.0,0.0
2024-05-14 00:00:00-04:00,8.979999542236328,9.069999694824219,8.15999984741211,8.350000381469727,383800,0.0,0.0
2024-05-15 00:00:00-04:00,8.350000381469727,8.649999618530273,8.119999885559082,8.430000305175781,137100,0.0,0.0
2024-05-16 00:00:00-04:00,8.449999809265137,8.5600004196167,8.109999656677246,8.380000114440918,135900,0.0,0.0
2024-05-17 00:00:00-04:00,8.359999656677246,8.449999809265137,8.130000114440918,8.260000228881836,141800,0.0,0.0
2024-05-20 00:00:00-04:00,8.350000381469727,8.579999923706055,8.020000457763672,8.40999984741211,108900,0.0,0.0
2024-05-21 00:00:00-04:00,8.40999984741211,8.65999984741211,8.270000457763672,8.329999923706055,139000,0.0,0.0
2024-05-22 00:00:00-04:00,8.300000190734863,8.460000038146973,8.095000267028809,8.199999809265137,117000,0.0,0.0
2024-05-23 00:00:00-04:00,8.140000343322754,8.289999961853027,8.015000343322754,8.260000228881836,98100,0.0,0.0
2024-05-24 00:00:00-04:00,8.25,8.649999618530273,8.170000076293945,8.649999618530273,93300,0.0,0.0
2024-05-28 00:00:00-04:00,8.5,8.6899995803833,8.430000305175781,8.609999656677246,102300,0.0,0.0
2024-05-29 00:00:00-04:00,8.739999771118164,9.630000114440918,8.595000267028809,9.569999694824219,196900,0.0,0.0
2024-05-30 00:00:00-04:00,9.529999732971191,9.90999984741211,9.390000343322754,9.90999984741211,190100,0.0,0.0
2024-05-31 00:00:00-04:00,9.899999618530273,9.899999618530273,8.960000038146973,9.0,110600,0.0,0.0
2024-06-03 00:00:00-04:00,8.949999809265137,9.529999732971191,8.510000228881836,8.960000038146973,58700,0.0,0.0
2024-06-04 00:00:00-04:00,9.0,9.369999885559082,8.885000228881836,8.970000267028809,88000,0.0,0.0
2024-06-05 00:00:00-04:00,8.9399995803833,9.175000190734863,8.90999984741211,8.920000076293945,43900,0.0,0.0
2024-06-06 00:00:00-04:00,8.850000381469727,9.045000076293945,8.079999923706055,8.430000305175781,120100,0.0,0.0
2024-06-07 00:00:00-04:00,8.430000305175781,8.569999694824219,8.09000015258789,8.1899995803833,93900,0.0,0.0
2024-06-10 00:00:00-04:00,8.1899995803833,8.234999656677246,7.590000152587891,8.079999923706055,272900,0.0,0.0
2024-06-11 00:00:00-04:00,8.020000457763672,8.520000457763672,8.0,8.329999923706055,97900,0.0,0.0
2024-06-12 00:00:00-04:00,8.350000381469727,8.614999771118164,8.149999618530273,8.220000267028809,68900,0.0,0.0
2024-06-13 00:00:00-04:00,8.130000114440918,8.289999961853027,7.929999828338623,8.039999961853027,79300,0.0,0.0
2024-06-14 00:00:00-04:00,7.929999828338623,8.119999885559082,7.869999885559082,7.980000019073486,74000,0.0,0.0
2024-06-17 00:00:00-04:00,8.010000228881836,8.029999732971191,7.480000019073486,7.519999980926514,136400,0.0,0.0
2024-06-18 00:00:00-04:00,7.5,7.590000152587891,7.025000095367432,7.269999980926514,227700,0.0,0.0
2024-06-20 00:00:00-04:00,7.380000114440918,7.510000228881836,6.820000171661377,7.090000152587891,145900,0.0,0.0
2024-06-21 00:00:00-04:00,7.090000152587891,7.090000152587891,6.639999866485596,6.650000095367432,218400,0.0,0.0
2024-06-24 00:00:00-04:00,6.590000152587891,6.760000228881836,6.190000057220459,6.480000019073486,256500,0.0,0.0
2024-06-25 00:00:00-04:00,6.510000228881836,6.625,5.480000019073486,5.599999904632568,390900,0.0,0.0
2024-06-26 00:00:00-04:00,5.519999980926514,5.900000095367432,4.980000019073486,5.789999961853027,488300,0.0,0.0
2024-06-27 00:00:00-04:00,5.710000038146973,6.179999828338623,5.53000020980835,5.71999979019165,337500,0.0,0.0
2024-06-28 00:00:00-04:00,5.659999847412109,6.065000057220459,5.409999847412109,5.920000076293945,3750900,0.0,0.0
2024-07-01 00:00:00-04:00,5.949999809265137,6.295000076293945,5.949999809265137,6.039999961853027,226100,0.0,0.0
2024-07-02 00:00:00-04:00,6.139999866485596,6.199999809265137,5.550000190734863,5.590000152587891,145900,0.0,0.0
2024-07-03 00:00:00-04:00,5.510000228881836,5.739999771118164,5.355000019073486,5.380000114440918,82200,0.0,0.0
2024-07-05 00:00:00-04:00,5.320000171661377,5.460000038146973,5.269999980926514,5.389999866485596,89200,0.0,0.0
2024-07-08 00:00:00-04:00,5.429999828338623,5.550000190734863,5.230000019073486,5.380000114440918,198600,0.0,0.0
2024-07-09 00:00:00-04:00,5.349999904632568,5.5,5.25,5.289999961853027,76600,0.0,0.0
2024-07-10 00:00:00-04:00,5.360000133514404,5.409999847412109,5.244999885559082,5.309999942779541,66500,0.0,0.0
2024-07-11 00:00:00-04:00,5.289999961853027,6.289999961853027,5.289999961853027,6.210000038146973,315100,0.0,0.0
2024-07-12 00:00:00-04:00,6.239999771118164,6.369999885559082,5.914999961853027,6.340000152587891,125000,0.0,0.0
2024-07-15 00:00:00-04:00,6.300000190734863,7.25,6.300000190734863,7.039999961853027,168300,0.0,0.0
2024-07-16 00:00:00-04:00,7.090000152587891,7.760000228881836,7.021999835968018,7.679999828338623,169900,0.0,0.0
2024-07-17 00:00:00-04:00,7.599999904632568,8.0,7.389999866485596,7.980000019073486,133300,0.0,0.0
2024-07-18 00:00:00-04:00,8.109999656677246,8.140000343322754,7.800000190734863,7.900000095367432,165000,0.0,0.0
2024-07-19 00:00:00-04:00,7.920000076293945,8.050000190734863,7.675000190734863,7.800000190734863,176900,0.0,0.0
2024-07-22 00:00:00-04:00,7.829999923706055,7.96999979019165,7.25,7.619999885559082,86400,0.0,0.0
2024-07-23 00:00:00-04:00,7.579999923706055,8.069999694824219,7.554999828338623,7.949999809265137,84400,0.0,0.0
2024-07-24 00:00:00-04:00,7.800000190734863,8.319999694824219,7.269999980926514,7.909999847412109,131500,0.0,0.0
2024-07-25 00:00:00-04:00,7.96999979019165,8.25,7.71999979019165,8.029999732971191,108900,0.0,0.0
2024-07-26 00:00:00-04:00,8.149999618530273,8.5600004196167,7.800000190734863,8.430000305175781,123400,0.0,0.0
2024-07-29 00:00:00-04:00,8.4399995803833,8.4399995803833,7.909999847412109,7.980000019073486,123400,0.0,0.0
2024-07-30 00:00:00-04:00,8.029999732971191,8.265000343322754,7.760000228881836,8.010000228881836,141400,0.0,0.0
2024-07-31 00:00:00-04:00,8.255000114440918,8.4399995803833,7.820000171661377,8.289999961853027,95600,0.0,0.0
2024-08-01 00:00:00-04:00,8.199999809265137,8.25,7.849999904632568,8.199999809265137,123000,0.0,0.0
2024-08-02 00:00:00-04:00,7.840000152587891,8.210000038146973,7.840000152587891,8.119999885559082,121200,0.0,0.0
2024-08-05 00:00:00-04:00,7.699999809265137,7.809999942779541,6.0,7.710000038146973,258600,0.0,0.0
2024-08-06 00:00:00-04:00,7.619999885559082,7.619999885559082,7.300000190734863,7.409999847412109,178200,0.0,0.0
2024-08-07 00:00:00-04:00,7.429999828338623,7.5,6.940000057220459,7.400000095367432,204300,0.0,0.0
2024-08-08 00:00:00-04:00,7.170000076293945,7.489999771118164,6.800000190734863,7.409999847412109,103900,0.0,0.0
2024-08-09 00:00:00-04:00,7.320000171661377,7.5,7.179999828338623,7.400000095367432,75200,0.0,0.0
2024-08-12 00:00:00-04:00,7.429999828338623,7.460000038146973,7.300000190734863,7.320000171661377,53200,0.0,0.0
2024-08-13 00:00:00-04:00,7.400000095367432,7.445000171661377,7.0,7.050000190734863,75500,0.0,0.0
2024-08-14 00:00:00-04:00,7.010000228881836,7.110000133514404,6.800000190734863,6.860000133514404,64000,0.0,0.0
2024-08-15 00:00:00-04:00,6.869999885559082,7.150000095367432,6.739999771118164,7.019999980926514,51900,0.0,0.0
2024-08-16 00:00:00-04:00,7.019999980926514,7.070000171661377,6.829999923706055,6.945000171661377,27500,0.0,0.0
2024-08-19 00:00:00-04:00,6.980000019073486,7.25,6.889999866485596,7.139999866485596,54700,0.0,0.0
2024-08-20 00:00:00-04:00,7.070000171661377,7.210000038146973,7.0,7.050000190734863,47200,0.0,0.0
2024-08-21 00:00:00-04:00,7.150000095367432,7.440000057220459,7.03000020980835,7.199999809265137,92900,0.0,0.0
2024-08-22 00:00:00-04:00,7.170000076293945,7.205999851226807,7.010000228881836,7.059999942779541,60000,0.0,0.0
2024-08-23 00:00:00-04:00,7.179999828338623,7.639999866485596,7.179999828338623,7.429999828338623,153800,0.0,0.0
2024-08-26 00:00:00-04:00,7.5,7.510000228881836,7.25,7.360000133514404,61200,0.0,0.0
2024-08-27 00:00:00-04:00,7.360000133514404,7.489999771118164,7.199999809265137,7.360000133514404,35100,0.0,0.0
2024-08-28 00:00:00-04:00,7.389999866485596,7.460000038146973,6.349999904632568,6.739999771118164,170800,0.0,0.0
2024-08-29 00:00:00-04:00,6.840000152587891,7.09499979019165,6.840000152587891,6.989999771118164,44600,0.0,0.0
2024-08-30 00:00:00-04:00,7.039999961853027,7.429999828338623,6.894999980926514,7.349999904632568,51500,0.0,0.0
2024-09-03 00:00:00-04:00,7.349999904632568,7.420000076293945,6.940000057220459,7.119999885559082,61200,0.0,0.0
2024-09-04 00:00:00-04:00,7.170000076293945,7.420000076293945,6.949999809265137,7.409999847412109,60500,0.0,0.0
2024-09-05 00:00:00-04:00,7.46999979019165,7.46999979019165,6.860000133514404,7.21999979019165,48400,0.0,0.0
2024-09-06 00:00:00-04:00,7.25,7.349999904632568,7.054999828338623,7.25,49800,0.0,0.0
2024-09-09 00:00:00-04:00,7.289999961853027,7.820000171661377,7.111000061035156,7.300000190734863,100000,0.0,0.0
2024-09-10 00:00:00-04:00,7.21999979019165,7.429999828338623,7.119999885559082,7.400000095367432,60100,0.0,0.0
2024-09-11 00:00:00-04:00,7.340000152587891,7.670000076293945,7.21999979019165,7.539999961853027,40600,0.0,0.0
2024-09-12 00:00:00-04:00,7.659999847412109,7.710000038146973,7.300000190734863,7.300000190734863,40500,0.0,0.0
2024-09-13 00:00:00-04:00,7.400000095367432,7.96999979019165,7.400000095367432,7.659999847412109,126600,0.0,0.0
2024-09-16 00:00:00-04:00,7.659999847412109,7.980000019073486,7.550000190734863,7.71999979019165,68600,0.0,0.0
2024-09-17 00:00:00-04:00,7.78000020980835,8.069999694824219,7.699999809265137,7.949999809265137,114000,0.0,0.0
2024-09-18 00:00:00-04:00,7.929999828338623,8.149999618530273,7.764999866485596,7.829999923706055,90400,0.0,0.0
2024-09-19 00:00:00-04:00,7.960000038146973,8.229999542236328,7.760000228881836,7.800000190734863,93200,0.0,0.0
2024-09-20 00:00:00-04:00,7.860000133514404,7.860000133514404,7.340000152587891,7.400000095367432,288900,0.0,0.0
2024-09-23 00:00:00-04:00,7.369999885559082,7.369999885559082,7.099999904632568,7.199999809265137,112500,0.0,0.0
2024-09-24 00:00:00-04:00,7.53000020980835,7.980000019073486,7.199999809265137,7.860000133514404,105400,0.0,0.0
2024-09-25 00:00:00-04:00,7.820000171661377,8.069999694824219,7.474999904632568,7.699999809265137,147500,0.0,0.0
2024-09-26 00:00:00-04:00,7.710000038146973,8.0,7.309999942779541,7.409999847412109,138900,0.0,0.0
2024-09-27 00:00:00-04:00,7.570000171661377,8.010000228881836,7.420000076293945,7.679999828338623,158100,0.0,0.0
2024-09-30 00:00:00-04:00,7.650000095367432,8.1899995803833,7.570000171661377,7.800000190734863,758200,0.0,0.0
2024-10-01 00:00:00-04:00,7.619999885559082,7.889999866485596,7.460000038146973,7.480000019073486,144900,0.0,0.0
2024-10-02 00:00:00-04:00,7.420000076293945,7.670000076293945,7.300000190734863,7.489999771118164,95000,0.0,0.0
2024-10-03 00:00:00-04:00,7.449999809265137,7.539999961853027,6.869999885559082,6.920000076293945,71200,0.0,0.0
2024-10-04 00:00:00-04:00,7.039999961853027,7.230000019073486,6.945000171661377,7.210000038146973,53400,0.0,0.0
2024-10-07 00:00:00-04:00,7.239999771118164,7.269999980926514,6.900000095367432,6.920000076293945,34300,0.0,0.0
2024-10-08 00:00:00-04:00,6.900000095367432,6.997000217437744,6.670000076293945,6.730000019073486,54000,0.0,0.0
2024-10-09 00:00:00-04:00,6.739999771118164,6.75,6.28000020980835,6.429999828338623,49600,0.0,0.0
2024-10-10 00:00:00-04:00,6.349999904632568,6.61899995803833,6.25,6.389999866485596,49300,0.0,0.0
2024-10-11 00:00:00-04:00,6.380000114440918,7.050000190734863,6.380000114440918,7.0,84000,0.0,0.0
2024-10-14 00:00:00-04:00,7.010000228881836,7.28000020980835,6.994999885559082,7.159999847412109,33500,0.0,0.0
2024-10-15 00:00:00-04:00,7.159999847412109,7.610000133514404,7.150000095367432,7.389999866485596,53900,0.0,0.0
2024-10-16 00:00:00-04:00,7.510000228881836,8.020000457763672,7.46999979019165,7.949999809265137,61200,0.0,0.0
2024-10-17 00:00:00-04:00,7.949999809265137,7.949999809265137,7.659999847412109,7.710000038146973,33600,0.0,0.0
2024-10-18 00:00:00-04:00,7.71999979019165,7.800000190734863,7.580999851226807,7.670000076293945,31900,0.0,0.0
2024-10-21 00:00:00-04:00,7.570000171661377,7.699999809265137,7.269999980926514,7.320000171661377,46800,0.0,0.0
2024-10-22 00:00:00-04:00,7.320000171661377,7.369999885559082,7.019999980926514,7.070000171661377,23900,0.0,0.0
2024-10-23 00:00:00-04:00,7.059999942779541,7.110000133514404,6.88700008392334,7.050000190734863,25000,0.0,0.0
2024-10-24 00:00:00-04:00,7.010000228881836,7.300000190734863,7.0,7.010000228881836,23300,0.0,0.0
2024-10-25 00:00:00-04:00,7.099999904632568,7.315000057220459,6.949999809265137,6.960000038146973,45200,0.0,0.0
2024-10-28 00:00:00-04:00,6.699999809265137,7.079999923706055,6.699999809265137,7.0,35600,0.0,0.0
2024-10-29 00:00:00-04:00,6.980000019073486,7.099999904632568,6.510000228881836,7.079999923706055,43600,0.0,0.0
2024-10-30 00:00:00-04:00,7.119999885559082,8.368000030517578,7.119999885559082,8.140000343322754,133900,0.0,0.0
2024-10-31 00:00:00-04:00,8.109999656677246,8.119999885559082,7.434999942779541,7.690000057220459,67500,0.0,0.0
2024-11-01 00:00:00-04:00,7.829999923706055,7.860000133514404,7.579999923706055,7.809999942779541,48500,0.0,0.0
2024-11-04 00:00:00-05:00,7.829999923706055,8.149999618530273,7.739999771118164,7.949999809265137,52300,0.0,0.0
2024-11-05 00:00:00-05:00,7.929999828338623,8.225000381469727,7.559999942779541,7.650000095367432,89500,0.0,0.0
2024-11-06 00:00:00-05:00,7.670000076293945,8.779999732971191,7.670000076293945,8.739999771118164,166600,0.0,0.0
2024-11-07 00:00:00-05:00,8.739999771118164,8.739999771118164,7.559999942779541,7.630000114440918,164700,0.0,0.0
2024-11-08 00:00:00-05:00,7.539999961853027,7.539999961853027,6.300000190734863,6.739999771118164,286800,0.0,0.0
2024-11-11 00:00:00-05:00,6.800000190734863,7.539999961853027,6.75,7.440000057220459,79500,0.0,0.0
2024-11-12 00:00:00-05:00,7.400000095367432,7.460000038146973,6.800000190734863,7.239999771118164,79500,0.0,0.0
2024-11-13 00:00:00-05:00,7.360000133514404,7.5,6.900000095367432,6.96999979019165,87700,0.0,0.0
2024-11-14 00:00:00-05:00,6.980000019073486,7.0,6.420000076293945,6.440000057220459,79100,0.0,0.0
2024-11-15 00:00:00-05:00,6.579999923706055,6.579999923706055,5.940000057220459,6.139999866485596,98300,0.0,0.0
2024-11-18 00:00:00-05:00,6.130000114440918,6.329999923706055,5.96999979019165,6.079999923706055,72600,0.0,0.0
2024-11-19 00:00:00-05:00,6.019999980926514,6.21999979019165,5.940000057220459,6.179999828338623,52300,0.0,0.0
2024-11-20 00:00:00-05:00,6.21999979019165,6.335000038146973,5.909999847412109,6.03000020980835,77900,0.0,0.0
2024-11-21 00:00:00-05:00,6.079999923706055,6.320000171661377,5.900000095367432,6.110000133514404,60000,0.0,0.0
2024-11-22 00:00:00-05:00,6.119999885559082,6.570000171661377,6.119999885559082,6.539999961853027,33100,0.0,0.0
2024-11-25 00:00:00-05:00,6.670000076293945,6.760000228881836,6.364999771118164,6.380000114440918,82600,0.0,0.0
2024-11-26 00:00:00-05:00,6.300000190734863,6.59499979019165,6.284999847412109,6.440000057220459,40900,0.0,0.0
2024-11-27 00:00:00-05:00,6.559999942779541,6.860000133514404,6.5,6.619999885559082,46300,0.0,0.0
2024-11-29 00:00:00-05:00,6.650000095367432,6.760000228881836,6.590000152587891,6.739999771118164,28200,0.0,0.0
2024-12-02 00:00:00-05:00,6.679999828338623,6.840000152587891,6.6479997634887695,6.75,62600,0.0,0.0
2024-12-03 00:00:00-05:00,6.730000019073486,6.789999961853027,6.369999885559082,6.420000076293945,63400,0.0,0.0
2024-12-04 00:00:00-05:00,6.409999847412109,6.409999847412109,6.139999866485596,6.360000133514404,68200,0.0,0.0
2024-12-05 00:00:00-05:00,6.329999923706055,7.360000133514404,6.210000038146973,7.300000190734863,142600,0.0,0.0
2024-12-06 00:00:00-05:00,7.300000190734863,7.364999771118164,6.889999866485596,7.349999904632568,80600,0.0,0.0
2024-12-09 00:00:00-05:00,7.449999809265137,7.849999904632568,7.119999885559082,7.670000076293945,140500,0.0,0.0
2024-12-10 00:00:00-05:00,7.71999979019165,8.329999923706055,7.485000133514404,8.220000267028809,121000,0.0,0.0
2024-12-11 00:00:00-05:00,8.100000381469727,8.979999542236328,8.100000381469727,8.760000228881836,100100,0.0,0.0
2024-12-12 00:00:00-05:00,8.619999885559082,8.899999618530273,8.539999961853027,8.539999961853027,56100,0.0,0.0
2024-12-13 00:00:00-05:00,8.539999961853027,8.880000114440918,8.489999771118164,8.619999885559082,58200,0.0,0.0
2024-12-16 00:00:00-05:00,8.520000457763672,8.949999809265137,8.170000076293945,8.329999923706055,86400,0.0,0.0
2024-12-17 00:00:00-05:00,8.229999542236328,8.529999732971191,7.909999847412109,8.210000038146973,113500,0.0,0.0
2024-12-18 00:00:00-05:00,8.140000343322754,8.604000091552734,8.010000228881836,8.180000305175781,101700,0.0,0.0
2024-12-19 00:00:00-05:00,8.34000015258789,8.5600004196167,8.079999923706055,8.130000114440918,95900,0.0,0.0
2024-12-20 00:00:00-05:00,8.069999694824219,8.850000381469727,8.069999694824219,8.779999732971191,227700,0.0,0.0
2024-12-23 00:00:00-05:00,8.789999961853027,9.130000114440918,8.475000381469727,8.600000381469727,67400,0.0,0.0
2024-12-24 00:00:00-05:00,8.329999923706055,8.329999923706055,7.579999923706055,7.949999809265137,102900,0.0,0.0
2024-12-26 00:00:00-05:00,7.940000057220459,8.170000076293945,7.809999942779541,8.100000381469727,72900,0.0,0.0
2024-12-27 00:00:00-05:00,8.069999694824219,8.420000076293945,7.829999923706055,8.0,127600,0.0,0.0
2024-12-30 00:00:00-05:00,7.989999771118164,8.350000381469727,7.900000095367432,8.34000015258789,149900,0.0,0.0
2024-12-31 00:00:00-05:00,8.449999809265137,8.720000267028809,7.960000038146973,8.140000343322754,766500,0.0,0.0
2025-01-02 00:00:00-05:00,8.199999809265137,8.520000457763672,8.029999732971191,8.329999923706055,119300,0.0,0.0
2025-01-03 00:00:00-05:00,8.34000015258789,8.34000015258789,7.829999923706055,8.020000457763672,74500,0.0,0.0
2025-01-06 00:00:00-05:00,7.989999771118164,8.34000015258789,7.659999847412109,7.699999809265137,140400,0.0,0.0
2025-01-07 00:00:00-05:00,7.679999828338623,7.900000095367432,7.554999828338623,7.869999885559082,124800,0.0,0.0
2025-01-08 00:00:00-05:00,7.949999809265137,8.729999542236328,7.949999809265137,8.319999694824219,112800,0.0,0.0
2025-01-10 00:00:00-05:00,8.130000114440918,8.260000228881836,6.929999828338623,6.929999828338623,277800,0.0,0.0
2025-01-13 00:00:00-05:00,6.809999942779541,6.809999942779541,6.119999885559082,6.329999923706055,165000,0.0,0.0
2025-01-14 00:00:00-05:00,6.400000095367432,6.579999923706055,6.03000020980835,6.369999885559082,134600,0.0,0.0
2025-01-15 00:00:00-05:00,6.809999942779541,6.829999923706055,6.389999866485596,6.610000133514404,68200,0.0,0.0
2025-01-16 00:00:00-05:00,6.599999904632568,6.715000152587891,6.429999828338623,6.599999904632568,86700,0.0,0.0
2025-01-17 00:00:00-05:00,6.630000114440918,6.789999961853027,6.409999847412109,6.420000076293945,55800,0.0,0.0
2025-01-21 00:00:00-05:00,6.429999828338623,6.920000076293945,6.409999847412109,6.639999866485596,59800,0.0,0.0
2025-01-22 00:00:00-05:00,6.679999828338623,6.690000057220459,6.5,6.519999980926514,78300,0.0,0.0
2025-01-23 00:00:00-05:00,6.5,6.539999961853027,6.190000057220459,6.489999771118164,87900,0.0,0.0
2025-01-24 00:00:00-05:00,6.440000057220459,6.679999828338623,6.425000190734863,6.550000190734863,72800,0.0,0.0
2025-01-27 00:00:00-05:00,6.550000190734863,6.699999809265137,6.150000095367432,6.210000038146973,82900,0.0,0.0
2025-01-28 00:00:00-05:00,6.300000190734863,6.315000057220459,6.059999942779541,6.210000038146973,60100,0.0,0.0
2025-01-29 00:00:00-05:00,6.170000076293945,6.480000019073486,6.099999904632568,6.289999961853027,50800,0.0,0.0
2025-01-30 00:00:00-05:00,6.380000114440918,6.75,6.380000114440918,6.650000095367432,54000,0.0,0.0
2025-01-31 00:00:00-05:00,6.650000095367432,6.918000221252441,6.449999809265137,6.46999979019165,112400,0.0,0.0
2025-02-03 00:00:00-05:00,6.260000228881836,6.579999923706055,5.21999979019165,5.269999980926514,130000,0.0,0.0
2025-02-04 00:00:00-05:00,5.210000038146973,5.541999816894531,4.610000133514404,4.960000038146973,187900,0.0,0.0
2025-02-05 00:00:00-05:00,4.949999809265137,5.230000019073486,4.889999866485596,5.039999961853027,128900,0.0,0.0
2025-02-06 00:00:00-05:00,5.050000190734863,5.139999866485596,4.699999809265137,4.710000038146973,95300,0.0,0.0
2025-02-07 00:00:00-05:00,4.730000019073486,4.8480000495910645,4.5,4.539999961853027,91400,0.0,0.0
2025-02-10 00:00:00-05:00,4.639999866485596,4.639999866485596,4.289999961853027,4.449999809265137,95300,0.0,0.0
2025-02-11 00:00:00-05:00,4.0,4.050000190734863,3.8399999141693115,4.03000020980835,802500,0.0,0.0
2025-02-12 00:00:00-05:00,4.079999923706055,4.339000225067139,4.079999923706055,4.289999961853027,175900,0.0,0.0
2025-02-13 00:00:00-05:00,4.400000095367432,4.5,4.190000057220459,4.269999980926514,168000,0.0,0.0
2025-02-14 00:00:00-05:00,4.25,4.25,4.03000020980835,4.03000020980835,78900,0.0,0.0
2025-02-18 00:00:00-05:00,4.03000020980835,4.090000152587891,3.884999990463257,3.9100000858306885,138600,0.0,0.0
2025-02-19 00:00:00-05:00,3.9100000858306885,4.264999866485596,3.8949999809265137,4.25,211300,0.0,0.0
2025-02-20 00:00:00-05:00,4.25,4.460000038146973,4.179999828338623,4.269999980926514,134600,0.0,0.0
2025-02-21 00:00:00-05:00,4.340000152587891,4.340000152587891,3.994999885559082,4.119999885559082,145200,0.0,0.0
2025-02-24 00:00:00-05:00,4.119999885559082,4.309999942779541,4.059999942779541,4.150000095367432,57000,0.0,0.0
2025-02-25 00:00:00-05:00,4.139999866485596,4.230000019073486,4.019999980926514,4.210000038146973,95700,0.0,0.0
2025-02-26 00:00:00-05:00,4.260000228881836,4.260000228881836,4.090000152587891,4.190000057220459,82000,0.0,0.0
2025-02-27 00:00:00-05:00,4.170000076293945,4.289999961853027,4.079999923706055,4.099999904632568,54000,0.0,0.0
2025-02-28 00:00:00-05:00,4.099999904632568,4.260000228881836,4.019999980926514,4.239999771118164,61500,0.0,0.0
2025-03-03 00:00:00-05:00,4.239999771118164,4.271999835968018,4.090000152587891,4.139999866485596,98200,0.0,0.0
2025-03-04 00:00:00-05:00,4.099999904632568,4.25,4.090000152587891,4.159999847412109,103100,0.0,0.0
2025-03-05 00:00:00-05:00,4.159999847412109,4.25,4.099999904632568,4.199999809265137,77900,0.0,0.0
2025-03-06 00:00:00-05:00,4.199999809265137,4.389999866485596,4.070000171661377,4.150000095367432,98300,0.0,0.0
2025-03-07 00:00:00-05:00,4.150000095367432,4.340000152587891,4.010000228881836,4.320000171661377,152400,0.0,0.0
2025-03-10 00:00:00-04:00,4.190000057220459,4.349999904632568,4.050000190734863,4.139999866485596,186800,0.0,0.0
2025-03-11 00:00:00-04:00,4.139999866485596,4.309999942779541,3.9100000858306885,4.21999979019165,102500,0.0,0.0
2025-03-12 00:00:00-04:00,4.25,4.335000038146973,4.090000152587891,4.289999961853027,78300,0.0,0.0
2025-03-13 00:00:00-04:00,4.230000019073486,4.239999771118164,4.03000020980835,4.034999847412109,36700,0.0,0.0
2025-03-14 00:00:00-04:00,4.059999942779541,4.130000114440918,4.005000114440918,4.070000171661377,36900,0.0,0.0
2025-03-17 00:00:00-04:00,4.070000171661377,4.179999828338623,4.039999961853027,4.139999866485596,55500,0.0,0.0
2025-03-18 00:00:00-04:00,4.119999885559082,4.199999809265137,4.010000228881836,4.079999923706055,65900,0.0,0.0
2025-03-19 00:00:00-04:00,4.059999942779541,4.1579999923706055,4.010000228881836,4.139999866485596,57800,0.0,0.0
2025-03-20 00:00:00-04:00,4.199999809265137,4.199999809265137,3.869999885559082,3.930000066757202,64900,0.0,0.0
2025-03-21 00:00:00-04:00,3.930000066757202,4.019999980926514,3.7699999809265137,3.7899999618530273,350800,0.0,0.0
2025-03-24 00:00:00-04:00,3.880000114440918,4.199999809265137,3.880000114440918,4.139999866485596,109700,0.0,0.0
2025-03-25 00:00:00-04:00,4.110000133514404,4.170000076293945,3.9800000190734863,4.050000190734863,50100,0.0,0.0
2025-03-26 00:00:00-04:00,4.059999942779541,4.090000152587891,3.869999885559082,3.930000066757202,82000,0.0,0.0
2025-03-27 00:00:00-04:00,3.930000066757202,3.9600000381469727,3.799999952316284,3.9000000953674316,85400,0.0,0.0
2025-03-28 00:00:00-04:00,3.890000104904175,3.890000104904175,3.5,3.5399999618530273,152800,0.0,0.0
2025-03-31 00:00:00-04:00,3.4000000953674316,3.7699999809265137,3.3299999237060547,3.680000066757202,199700,0.0,0.0
2025-04-01 00:00:00-04:00,3.630000114440918,3.7200000286102295,3.390000104904175,3.430000066757202,61700,0.0,0.0
2025-04-02 00:00:00-04:00,3.3499999046325684,3.559999942779541,3.3350000381469727,3.450000047683716,74100,0.0,0.0
2025-04-03 00:00:00-04:00,3.259999990463257,3.309999942779541,3.109999895095825,3.130000114440918,168600,0.0,0.0
2025-04-04 00:00:00-04:00,3.0,3.25,3.0,3.190000057220459,111800,0.0,0.0
2025-04-07 00:00:00-04:00,3.0,3.440000057220459,2.990000009536743,3.390000104904175,84000,0.0,0.0
2025-04-08 00:00:00-04:00,3.5299999713897705,3.634999990463257,3.2899999618530273,3.390000104904175,47100,0.0,0.0
2025-04-09 00:00:00-04:00,3.369999885559082,3.6600000858306885,3.240000009536743,3.4600000381469727,126800,0.0,0.0
2025-04-10 00:00:00-04:00,3.390000104904175,3.390000104904175,3.109999895095825,3.109999895095825,67100,0.0,0.0
2025-04-11 00:00:00-04:00,3.0999999046325684,3.380000114440918,3.0,3.25,48000,0.0,0.0
2025-04-14 00:00:00-04:00,3.2899999618530273,3.4549999237060547,3.259000062942505,3.3399999141693115,49400,0.0,0.0
2025-04-15 00:00:00-04:00,3.380000114440918,3.509999990463257,3.2899999618530273,3.299999952316284,92100,0.0,0.0
2025-04-16 00:00:00-04:00,3.369999885559082,3.4700000286102295,3.2100000381469727,3.3499999046325684,55900,0.0,0.0
2025-04-17 00:00:00-04:00,3.3399999141693115,3.4600000381469727,3.299999952316284,3.4000000953674316,86000,0.0,0.0
2025-04-21 00:00:00-04:00,3.3299999237060547,3.490000009536743,3.2899999618530273,3.390000104904175,89700,0.0,0.0
2025-04-22 00:00:00-04:00,3.440000057220459,3.5299999713897705,3.3499999046325684,3.4800000190734863,120800,0.0,0.0
2025-04-23 00:00:00-04:00,3.549999952316284,3.6449999809265137,3.380000114440918,3.4200000762939453,60500,0.0,0.0
2025-04-24 00:00:00-04:00,3.4700000286102295,3.4749999046325684,3.319999933242798,3.3499999046325684,100300,0.0,0.0
2025-04-25 00:00:00-04:00,3.299999952316284,3.3550000190734863,3.130000114440918,3.1649999618530273,54400,0.0,0.0
2025-04-28 00:00:00-04:00,3.1500000953674316,3.1500000953674316,2.9600000381469727,3.0,96900,0.0,0.0
2025-04-29 00:00:00-04:00,2.990000009536743,3.069999933242798,2.950000047683716,2.9800000190734863,141700,0.0,0.0
2025-04-30 00:00:00-04:00,2.9800000190734863,3.0420000553131104,2.880000114440918,2.940000057220459,110900,0.0,0.0
2025-05-01 00:00:00-04:00,2.9200000762939453,3.0399999618530273,2.880000114440918,2.930000066757202,83400,0.0,0.0
2025-05-02 00:00:00-04:00,2.9600000381469727,3.069999933242798,2.9000000953674316,2.9100000858306885,81900,0.0,0.0
2025-05-05 00:00:00-04:00,2.9200000762939453,2.940000057220459,2.7699999809265137,2.799999952316284,110300,0.0,0.0
2025-05-06 00:00:00-04:00,2.799999952316284,2.878000020980835,2.509999990463257,2.5199999809265137,175900,0.0,0.0
2025-05-07 00:00:00-04:00,2.509999990463257,2.640000104904175,2.359999895095825,2.4000000953674316,224200,0.0,0.0
2025-05-08 00:00:00-04:00,2.430000066757202,2.430000066757202,2.0999999046325684,2.119999885559082,185600,0.0,0.0
2025-05-09 00:00:00-04:00,2.0999999046325684,2.240000009536743,2.0999999046325684,2.2200000286102295,114000,0.0,0.0
2025-05-12 00:00:00-04:00,2.299999952316284,2.3399999141693115,2.259999990463257,2.319999933242798,149200,0.0,0.0
2025-05-13 00:00:00-04:00,2.369999885559082,2.509000062942505,2.25,2.3499999046325684,401900,0.0,0.0
2025-05-14 00:00:00-04:00,2.380000114440918,2.390000104904175,2.2200000286102295,2.25,222200,0.0,0.0
2025-05-15 00:00:00-04:00,2.259999990463257,2.4570000171661377,2.2249999046325684,2.384999990463257,150700,0.0,0.0
2025-05-16 00:00:00-04:00,2.430000066757202,2.4649999141693115,2.2899999618530273,2.309999942779541,163000,0.0,0.0
2025-05-19 00:00:00-04:00,2.299999952316284,2.390000104904175,2.2699999809265137,2.319999933242798,157800,0.0,0.0
2025-05-20 00:00:00-04:00,2.2899999618530273,2.299999952316284,2.0899999141693115,2.119999885559082,174600,0.0,0.0
2025-05-21 00:00:00-04:00,2.0999999046325684,2.2799999713897705,1.899999976158142,1.9199999570846558,303400,0.0,0.0
2025-05-22 00:00:00-04:00,1.899999976158142,2.0199999809265137,1.8200000524520874,1.8799999952316284,250300,0.0,0.0
2025-05-23 00:00:00-04:00,1.8600000143051147,1.899999976158142,1.7000000476837158,1.75,305500,0.0,0.0
2025-05-27 00:00:00-04:00,1.75,1.7599999904632568,1.6449999809265137,1.6799999475479126,483800,0.0,0.0
2025-05-28 00:00:00-04:00,1.690000057220459,1.7430000305175781,1.6339999437332153,1.649999976158142,398000,0.0,0.0
2025-05-29 00:00:00-04:00,1.659999966621399,1.7100000381469727,1.6299999952316284,1.6399999856948853,278200,0.0,0.0
2025-05-30 00:00:00-04:00,1.590000033378601,1.628000020980835,1.5499999523162842,1.559999942779541,407400,0.0,0.0
2025-06-02 00:00:00-04:00,1.559999942779541,1.7100000381469727,1.5299999713897705,1.5800000429153442,417900,0.0,0.0
2025-06-03 00:00:00-04:00,1.600000023841858,1.9199999570846558,1.600000023841858,1.909999966621399,387800,0.0,0.0
2025-06-04 00:00:00-04:00,1.940000057220459,1.9989999532699585,1.6699999570846558,1.7000000476837158,252200,0.0,0.0
2025-06-05 00:00:00-04:00,1.7000000476837158,1.7000000476837158,1.5750000476837158,1.600000023841858,156400,0.0,0.0
2025-06-06 00:00:00-04:00,1.6299999952316284,1.7100000381469727,1.5299999713897705,1.5499999523162842,213700,0.0,0.0
2025-06-09 00:00:00-04:00,1.5499999523162842,1.590000033378601,1.3700000047683716,1.5,362000,0.0,0.0
2025-06-10 00:00:00-04:00,1.5,1.559999942779541,1.4110000133514404,1.4900000095367432,387200,0.0,0.0
2025-06-11 00:00:00-04:00,1.5,1.5099999904632568,1.4299999475479126,1.5,808100,0.0,0.0
2025-06-12 00:00:00-04:00,1.5,2.0,1.5,1.7799999713897705,1215400,0.0,0.0
2025-06-13 00:00:00-04:00,1.7599999904632568,1.8289999961853027,1.600000023841858,1.7100000381469727,392300,0.0,0.0
2025-06-16 00:00:00-04:00,1.7200000286102295,1.8209999799728394,1.7000000476837158,1.7799999713897705,126700,0.0,0.0
2025-06-17 00:00:00-04:00,1.7899999618530273,1.940000057220459,1.7109999656677246,1.840000033378601,259300,0.0,0.0
2025-06-18 00:00:00-04:00,1.840000033378601,1.9199999570846558,1.8049999475479126,1.8799999952316284,266100,0.0,0.0
2025-06-20 00:00:00-04:00,1.9199999570846558,1.965000033378601,1.8450000286102295,1.9199999570846558,248200,0.0,0.0
2025-06-23 00:00:00-04:00,1.8799999952316284,1.9299999475479126,1.8200000524520874,1.8700000047683716,159100,0.0,0.0
2025-06-24 00:00:00-04:00,1.899999976158142,2.055000066757202,1.8600000143051147,2.0299999713897705,249600,0.0,0.0
2025-06-25 00:00:00-04:00,2.0399999618530273,2.0799999237060547,1.909999966621399,2.0,164500,0.0,0.0
2025-06-26 00:00:00-04:00,2.0199999809265137,2.0230000019073486,1.9800000190734863,1.9800000190734863,142500,0.0,0.0
2025-06-27 00:00:00-04:00,2.0899999141693115,4.090000152587891,2.009999990463257,4.090000152587891,8673200,0.0,0.0
2025-06-30 00:00:00-04:00,3.509999990463257,3.5999999046325684,2.5199999809265137,2.7699999809265137,1830000,0.0,0.0
2025-07-01 00:00:00-04:00,2.740000009536743,2.75,2.549999952316284,2.5899999141693115,389800,0.0,0.0
2025-07-02 00:00:00-04:00,2.5899999141693115,2.5899999141693115,2.4000000953674316,2.450000047683716,355600,0.0,0.0
2025-07-03 00:00:00-04:00,2.440000057220459,2.490000009536743,2.369999885559082,2.490000009536743,80100,0.0,0.0
2025-07-07 00:00:00-04:00,2.490000009536743,2.490000009536743,2.3410000801086426,2.4200000762939453,231500,0.0,0.0
2025-07-08 00:00:00-04:00,2.4200000762939453,2.75,2.3450000286102295,2.7200000286102295,631600,0.0,0.0
2025-07-09 00:00:00-04:00,2.700000047683716,2.799999952316284,2.490000009536743,2.6600000858306885,90700,0.0,0.0
2025-07-10 00:00:00-04:00,2.6600000858306885,2.7799999713897705,2.63100004196167,2.759999990463257,60400,0.0,0.0
2025-07-11 00:00:00-04:00,2.7699999809265137,2.8399999141693115,2.7100000381469727,2.8399999141693115,59400,0.0,0.0
2025-07-14 00:00:00-04:00,2.75,2.869999885559082,2.7100000381469727,2.759999990463257,154900,0.0,0.0
2025-07-15 00:00:00-04:00,2.75,2.819999933242798,2.680000066757202,2.700000047683716,82600,0.0,0.0
2025-07-16 00:00:00-04:00,2.7100000381469727,3.009999990463257,2.700000047683716,2.9700000286102295,91000,0.0,0.0
2025-07-17 00:00:00-04:00,2.990000009536743,3.0999999046325684,2.8299999237060547,3.0,132400,0.0,0.0
2025-07-18 00:00:00-04:00,3.0899999141693115,3.0899999141693115,2.9030001163482666,2.9200000762939453,107900,0.0,0.0
2025-07-21 00:00:00-04:00,2.930000066757202,3.0,2.7639999389648438,2.9200000762939453,46000,0.0,0.0
2025-07-22 00:00:00-04:00,2.890000104904175,2.924999952316284,2.7200000286102295,2.880000114440918,166300,0.0,0.0
2025-07-23 00:00:00-04:00,2.9100000858306885,3.1500000953674316,2.9100000858306885,3.109999895095825,99800,0.0,0.0
2025-07-24 00:00:00-04:00,3.140000104904175,3.319999933242798,3.125,3.25,116600,0.0,0.0
2025-07-25 00:00:00-04:00,3.2699999809265137,3.2899999618530273,3.109999895095825,3.25,64900,0.0,0.0
2025-07-28 00:00:00-04:00,3.2300000190734863,3.2300000190734863,3.13100004196167,3.140000104904175,41800,0.0,0.0
2025-07-29 00:00:00-04:00,3.200000047683716,3.200000047683716,2.815000057220459,2.9000000953674316,95400,0.0,0.0
2025-07-30 00:00:00-04:00,2.9100000858306885,3.0199999809265137,2.700000047683716,2.869999885559082,34200,0.0,0.0
2025-07-31 00:00:00-04:00,2.8499999046325684,2.9600000381469727,2.700000047683716,2.7799999713897705,58300,0.0,0.0
2025-08-01 00:00:00-04:00,2.7699999809265137,2.7950000762939453,2.6700000762939453,2.700000047683716,59600,0.0,0.0
2025-08-04 00:00:00-04:00,2.6600000858306885,2.8399999141693115,2.569999933242798,2.5899999141693115,95500,0.0,0.0
2025-08-05 00:00:00-04:00,2.5999999046325684,2.5999999046325684,2.450000047683716,2.450000047683716,245700,0.0,0.0
2025-08-06 00:00:00-04:00,2.430000066757202,2.7850000858306885,2.4100000858306885,2.75,98200,0.0,0.0
2025-08-07 00:00:00-04:00,2.559999942779541,2.7899999618530273,2.559999942779541,2.5999999046325684,70600,0.0,0.0
2025-08-08 00:00:00-04:00,2.5199999809265137,2.5899999141693115,2.25,2.4800000190734863,436200,0.0,0.0
2025-08-11 00:00:00-04:00,2.4700000286102295,2.499000072479248,2.240000009536743,2.3399999141693115,61400,0.0,0.0
2025-08-12 00:00:00-04:00,2.309999942779541,2.3499999046325684,2.2200000286102295,2.2300000190734863,37300,0.0,0.0
2025-08-13 00:00:00-04:00,2.259999990463257,2.3399999141693115,2.200000047683716,2.299999952316284,121200,0.0,0.0
2025-08-14 00:00:00-04:00,2.2699999809265137,2.309999942779541,2.2100000381469727,2.25,62100,0.0,0.0
2025-08-15 00:00:00-04:00,2.2300000190734863,2.299999952316284,2.190999984741211,2.25,88600,0.0,0.0
2025-08-18 00:00:00-04:00,2.2899999618530273,2.434999942779541,2.259999990463257,2.380000114440918,92200,0.0,0.0
2025-08-19 00:00:00-04:00,2.369999885559082,2.4000000953674316,2.2200000286102295,2.25,62000,0.0,0.0
2025-08-20 00:00:00-04:00,2.240000009536743,2.259999990463257,2.171999931335449,2.25,118800,0.0,0.0
2025-08-21 00:00:00-04:00,2.2899999618530273,2.5,2.2249999046325684,2.380000114440918,114800,0.0,0.0
2025-08-22 00:00:00-04:00,2.4100000858306885,2.4690001010894775,2.299999952316284,2.380000114440918,74200,0.0,0.0
2025-08-25 00:00:00-04:00,2.319999933242798,2.7300000190734863,2.319999933242798,2.640000104904175,77600,0.0,0.0
2025-08-26 00:00:00-04:00,2.740000009536743,3.368000030517578,2.5799999237060547,3.049999952316284,413200,0.0,0.0
2025-08-27 00:00:00-04:00,3.0799999237060547,3.119999885559082,2.8399999141693115,2.8399999141693115,94100,0.0,0.0
2025-08-28 00:00:00-04:00,2.8499999046325684,3.3399999141693115,2.765000104904175,3.0799999237060547,145900,0.0,0.0
2025-08-29 00:00:00-04:00,3.0399999618530273,3.490000009536743,2.9100000858306885,3.2300000190734863,212400,0.0,0.0
2025-09-02 00:00:00-04:00,3.240000009536743,3.5,3.180999994277954,3.3299999237060547,93300,0.0,0.0
2025-09-03 00:00:00-04:00,3.359999895095825,3.565000057220459,3.2100000381469727,3.4000000953674316,39800,0.0,0.0
2025-09-04 00:00:00-04:00,3.390000104904175,3.549999952316284,3.299999952316284,3.4100000858306885,49000,0.0,0.0
2025-09-05 00:00:00-04:00,3.430000066757202,3.5,3.299999952316284,3.3399999141693115,76200,0.0,0.0
2025-09-08 00:00:00-04:00,3.3399999141693115,3.3450000286102295,3.1600000858306885,3.1700000762939453,119600,0.0,0.0
2025-09-09 00:00:00-04:00,3.130000114440918,3.1449999809265137,2.9700000286102295,3.0999999046325684,74600,0.0,0.0
2025-09-10 00:00:00-04:00,3.0399999618530273,3.299999952316284,3.0399999618530273,3.069999933242798,94100,0.0,0.0
2025-09-11 00:00:00-04:00,3.109999895095825,3.1600000858306885,3.049999952316284,3.069999933242798,112400,0.0,0.0
2025-09-12 00:00:00-04:00,3.059999942779541,3.1549999713897705,3.059999942779541,3.0999999046325684,44700,0.0,0.0
2025-09-15 00:00:00-04:00,3.190000057220459,3.240000009536743,3.010999917984009,3.0999999046325684,73900,0.0,0.0
2025-09-16 00:00:00-04:00,3.069999933242798,3.2290000915527344,3.0199999809265137,3.0799999237060547,71300,0.0,0.0
2025-09-17 00:00:00-04:00,3.0299999713897705,3.5,3.0299999713897705,3.2100000381469727,134400,0.0,0.0
2025-09-18 00:00:00-04:00,3.2300000190734863,3.499000072479248,3.121000051498413,3.200000047683716,41300,0.0,0.0
2025-09-19 00:00:00-04:00,3.2300000190734863,3.4100000858306885,3.1700000762939453,3.299999952316284,107300,0.0,0.0
2025-09-22 00:00:00-04:00,3.2799999713897705,3.359999895095825,3.2109999656677246,3.2799999713897705,19700,0.0,0.0
2025-09-23 00:00:00-04:00,3.2799999713897705,3.2799999713897705,3.049999952316284,3.0899999141693115,106600,0.0,0.0
2025-09-24 00:00:00-04:00,3.0799999237060547,3.119999885559082,3.0399999618530273,3.0899999141693115,36900,0.0,0.0
2025-09-25 00:00:00-04:00,3.0799999237060547,3.0799999237060547,2.809999942779541,2.950000047683716,55800,0.0,0.0
2025-09-26 00:00:00-04:00,2.930000066757202,3.119999885559082,2.930000066757202,3.0899999141693115,54100,0.0,0.0
2025-09-29 00:00:00-04:00,3.069999933242798,3.0950000286102295,2.930000066757202,3.049999952316284,24300,0.0,0.0
2025-09-30 00:00:00-04:00,3.009999990463257,3.0899999141693115,2.9100000858306885,3.059999942779541,21500,0.0,0.0
2025-10-01 00:00:00-04:00,3.0,3.049999952316284,2.871000051498413,2.950000047683716,18300,0.0,0.0
2025-10-02 00:00:00-04:00,2.990000009536743,3.1500000953674316,2.8910000324249268,3.130000114440918,33900,0.0,0.0
2025-10-03 00:00:00-04:00,3.0899999141693115,3.2799999713897705,3.058000087738037,3.25,44300,0.0,0.0
2025-10-06 00:00:00-04:00,3.25,3.2899999618530273,3.0409998893737793,3.259999990463257,21200,0.0,0.0
2025-10-07 00:00:00-04:00,3.2699999809265137,3.2850000858306885,3.0999999046325684,3.25,28100,0.0,0.0
2025-10-08 00:00:00-04:00,3.2300000190734863,3.2920000553131104,3.130000114440918,3.1500000953674316,25200,0.0,0.0
2025-10-09 00:00:00-04:00,3.140000104904175,3.259999990463257,3.0420000553131104,3.200000047683716,70500,0.0,0.0
2025-10-10 00:00:00-04:00,3.200000047683716,3.25,3.0230000019073486,3.059999942779541,41000,0.0,0.0
2025-10-13 00:00:00-04:00,3.0999999046325684,3.0999999046325684,2.9000000953674316,3.069999933242798,8600,0.0,0.0
2025-10-14 00:00:00-04:00,3.130000114440918,3.2100000381469727,3.0759999752044678,3.1500000953674316,55500,0.0,0.0
2025-10-15 00:00:00-04:00,3.180000066757202,3.240000009536743,3.119999885559082,3.130000114440918,30300,0.0,0.0
2025-10-16 00:00:00-04:00,3.130000114440918,3.4100000858306885,3.109999895095825,3.3399999141693115,93500,0.0,0.0
2025-10-17 00:00:00-04:00,3.3399999141693115,3.3499999046325684,3.1619999408721924,3.200000047683716,38800,0.0,0.0
2025-10-20 00:00:00-04:00,3.1600000858306885,3.440000057220459,3.1500000953674316,3.369999885559082,38700,0.0,0.0
2025-10-21 00:00:00-04:00,3.369999885559082,3.4000000953674316,3.2360000610351562,3.359999895095825,41600,0.0,0.0
2025-10-22 00:00:00-04:00,3.256999969482422,3.3450000286102295,3.1700000762939453,3.2200000286102295,29800,0.0,0.0
2025-10-23 00:00:00-04:00,3.2100000381469727,3.4000000953674316,3.2100000381469727,3.3499999046325684,32800,0.0,0.0
2025-10-24 00:00:00-04:00,3.3399999141693115,3.6500000953674316,3.3399999141693115,3.6500000953674316,62900,0.0,0.0
2025-10-27 00:00:00-04:00,3.6500000953674316,3.950000047683716,3.559999942779541,3.740000009536743,117600,0.0,0.0
2025-10-28 00:00:00-04:00,3.75,3.940000057220459,3.609999895095825,3.75,56400,0.0,0.0
2025-10-29 00:00:00-04:00,3.7300000190734863,3.75,3.4200000762939453,3.490000009536743,21800,0.0,0.0
2025-10-30 00:00:00-04:00,3.440000057220459,3.5899999141693115,3.299999952316284,3.3499999046325684,49400,0.0,0.0
2025-10-31 00:00:00-04:00,3.319999933242798,3.434999942779541,3.252000093460083,3.2799999713897705,12600,0.0,0.0
2025-11-03 00:00:00-05:00,3.299999952316284,3.371999979019165,3.0999999046325684,3.200000047683716,21800,0.0,0.0
2025-11-04 00:00:00-05:00,3.140000104904175,3.1500000953674316,3.0199999809265137,3.0199999809265137,31300,0.0,0.0
2025-11-05 00:00:00-05:00,3.049999952316284,3.2100000381469727,3.0299999713897705,3.0899999141693115,21300,0.0,0.0
2025-11-06 00:00:00-05:00,3.059999942779541,3.130000114440918,2.690000057220459,2.700000047683716,57000,0.0,0.0
2025-11-07 00:00:00-05:00,2.6700000762939453,2.7219998836517334,2.440000057220459,2.5199999809265137,71400,0.0,0.0
2025-11-10 00:00:00-05:00,2.549999952316284,2.700000047683716,2.299999952316284,2.549999952316284,54100,0.0,0.0
2025-11-11 00:00:00-05:00,2.490000009536743,2.809999942779541,2.490000009536743,2.690000057220459,49300,0.0,0.0
2025-11-12 00:00:00-05:00,2.690000057220459,3.1760001182556152,2.690000057220459,3.119999885559082,32400,0.0,0.0
2025-11-13 00:00:00-05:00,3.109999895095825,3.109999895095825,2.880000114440918,2.950000047683716,14500,0.0,0.0
2025-11-14 00:00:00-05:00,2.8299999237060547,3.0950000286102295,2.750999927520752,2.9600000381469727,15800,0.0,0.0
2025-11-17 00:00:00-05:00,3.059999942779541,3.130000114440918,2.984999895095825,3.059999942779541,35000,0.0,0.0
2025-11-18 00:00:00-05:00,2.9800000190734863,3.2100000381469727,2.9600000381469727,3.119999885559082,17800,0.0,0.0
2025-11-19 00:00:00-05:00,3.140000104904175,3.2100000381469727,3.075000047683716,3.200000047683716,23500,0.0,0.0
2025-11-20 00:00:00-05:00,3.2200000286102295,3.3399999141693115,3.130000114440918,3.130000114440918,21200,0.0,0.0
2025-11-21 00:00:00-05:00,3.140000104904175,3.4100000858306885,3.069999933242798,3.2300000190734863,31500,0.0,0.0
2025-11-24 00:00:00-05:00,3.2300000190734863,3.4700000286102295,3.0999999046325684,3.380000114440918,52500,0.0,0.0
2025-11-25 00:00:00-05:00,3.380000114440918,3.4800000190734863,3.2300000190734863,3.4000000953674316,25400,0.0,0.0
2025-11-26 00:00:00-05:00,3.369999885559082,3.549999952316284,3.200000047683716,3.319999933242798,58900,0.0,0.0
2025-11-28 00:00:00-05:00,3.4000000953674316,3.559999942779541,3.3299999237060547,3.3299999237060547,18400,0.0,0.0
2025-12-01 00:00:00-05:00,3.3299999237060547,3.359999895095825,3.059999942779541,3.2100000381469727,30900,0.0,0.0
2025-12-02 00:00:00-05:00,3.200000047683716,3.200000047683716,2.809999942779541,2.9000000953674316,89300,0.0,0.0
2025-12-03 00:00:00-05:00,2.9000000953674316,3.11899995803833,2.86899995803833,3.0899999141693115,15200,0.0,0.0
2025-12-04 00:00:00-05:00,3.1500000953674316,3.299999952316284,2.9600000381469727,2.9800000190734863,25700,0.0,0.0
2025-12-05 00:00:00-05:00,3.075000047683716,3.0999999046325684,2.990000009536743,3.0799999237060547,12100,0.0,0.0
2025-12-08 00:00:00-05:00,3.049999952316284,3.140000104904175,2.990000009536743,3.049999952316284,40700,0.0,0.0
2025-12-09 00:00:00-05:00,3.0199999809265137,3.115000009536743,2.9100000858306885,3.069999933242798,36000,0.0,0.0
2025-12-10 00:00:00-05:00,3.134999990463257,3.4000000953674316,3.130000114440918,3.4000000953674316,121300,0.0,0.0
2025-12-11 00:00:00-05:00,3.359999895095825,3.440000057220459,3.191999912261963,3.4000000953674316,48900,0.0,0.0
2025-12-12 00:00:00-05:00,3.444000005722046,3.690000057220459,3.440000057220459,3.509999990463257,132700,0.0,0.0
2025-12-15 00:00:00-05:00,3.6500000953674316,3.7200000286102295,3.200000047683716,3.380000114440918,180300,0.0,0.0
2025-12-16 00:00:00-05:00,3.3399999141693115,3.700000047683716,3.3399999141693115,3.559999942779541,44300,0.0,0.0
2025-12-17 00:00:00-05:00,3.549999952316284,3.6649999618530273,3.444999933242798,3.5899999141693115,21600,0.0,0.0
2025-12-18 00:00:00-05:00,3.509999990463257,3.700000047683716,3.384999990463257,3.569999933242798,86000,0.0,0.0
2025-12-19 00:00:00-05:00,3.559999942779541,3.609999895095825,3.380000114440918,3.549999952316284,71200,0.0,0.0
2025-12-22 00:00:00-05:00,3.5899999141693115,3.634000062942505,3.4830000400543213,3.5999999046325684,62500,0.0,0.0
2025-12-23 00:00:00-05:00,3.569999933242798,3.6619999408721924,3.5399999618530273,3.5899999141693115,27100,0.0,0.0
2025-12-24 00:00:00-05:00,3.569999933242798,3.609999895095825,3.490000009536743,3.5999999046325684,14300,0.0,0.0
2025-12-26 00:00:00-05:00,3.5999999046325684,3.6649999618530273,3.4000000953674316,3.5199999809265137,30000,0.0,0.0
2025-12-29 00:00:00-05:00,3.4600000381469727,3.5,3.180000066757202,3.2699999809265137,61800,0.0,0.0
2025-12-30 00:00:00-05:00,3.299999952316284,3.299999952316284,2.880000114440918,2.9000000953674316,136900,0.0,0.0
2025-12-31 00:00:00-05:00,2.940000057220459,3.0350000858306885,2.799999952316284,2.950000047683716,89100,0.0,0.0
2026-01-02 00:00:00-05:00,2.9700000286102295,3.015000104904175,2.859999895095825,3.0,26000,0.0,0.0
2026-01-05 00:00:00-05:00,3.0299999713897705,3.177000045776367,2.930000066757202,3.059999942779541,11400,0.0,0.0
2026-01-06 00:00:00-05:00,3.0,3.1700000762939453,2.9600000381469727,2.9600000381469727,34100,0.0,0.0
2026-01-07 00:00:00-05:00,3.0899999141693115,3.4100000858306885,3.0380001068115234,3.299999952316284,62600,0.0,0.0
2026-01-08 00:00:00-05:00,3.309999942779541,3.8499999046325684,3.309999942779541,3.5299999713897705,188000,0.0,0.0
2026-01-09 00:00:00-05:00,3.759999990463257,3.759999990463257,3.609999895095825,3.690000057220459,129200,0.0,0.0
2026-01-12 00:00:00-05:00,3.630000114440918,3.75,3.450000047683716,3.5950000286102295,42800,0.0,0.0
2026-01-13 00:00:00-05:00,3.609999895095825,3.690000057220459,3.437000036239624,3.5999999046325684,43400,0.0,0.0
2026-01-14 00:00:00-05:00,3.5899999141693115,3.630000114440918,3.4700000286102295,3.5399999618530273,17600,0.0,0.0
2026-01-15 00:00:00-05:00,3.5799999237060547,3.5799999237060547,3.4000000953674316,3.5199999809265137,33900,0.0,0.0
2026-01-16 00:00:00-05:00,3.5,3.680000066757202,3.5,3.6600000858306885,49600,0.0,0.0
2026-01-20 00:00:00-05:00,3.619999885559082,3.6530001163482666,3.299999952316284,3.4800000190734863,201100,0.0,0.0
2026-01-21 00:00:00-05:00,3.559999942779541,3.690000057220459,3.4800000190734863,3.549999952316284,91500,0.0,0.0
2026-01-22 00:00:00-05:00,3.5899999141693115,3.5899999141693115,3.440000057220459,3.440000057220459,21400,0.0,0.0
2026-01-23 00:00:00-05:00,3.450000047683716,3.549999952316284,3.190000057220459,3.240000009536743,44900,0.0,0.0
2026-01-26 00:00:00-05:00,3.2300000190734863,3.2300000190734863,3.049999952316284,3.0899999141693115,27100,0.0,0.0
2026-01-27 00:00:00-05:00,3.059999942779541,3.0899999141693115,2.9200000762939453,3.0,29300,0.0,0.0
2026-01-28 00:00:00-05:00,3.0,3.0,2.8450000286102295,2.880000114440918,33900,0.0,0.0
2026-01-29 00:00:00-05:00,2.859999895095825,2.9049999713897705,2.7750000953674316,2.799999952316284,25000,0.0,0.0
2026-01-30 00:00:00-05:00,2.759999990463257,2.865000009536743,2.759999990463257,2.759999990463257,34800,0.0,0.0
2026-02-02 00:00:00-05:00,2.75,2.890000104904175,2.75,2.7799999713897705,17200,0.0,0.0
2026-02-03 00:00:00-05:00,2.7799999713897705,2.930000066757202,2.7309999465942383,2.819999933242798,17600,0.0,0.0
2026-02-04 00:00:00-05:00,2.819999933242798,2.819999933242798,2.559999942779541,2.630000114440918,41400,0.0,0.0
2026-02-05 00:00:00-05:00,2.5999999046325684,2.640000104904175,2.319999933242798,2.319999933242798,46000,0.0,0.0
2026-02-06 00:00:00-05:00,2.3499999046325684,2.674999952316284,2.3499999046325684,2.5199999809265137,28700,0.0,0.0
2026-02-09 00:00:00-05:00,2.4600000381469727,2.680000066757202,2.4600000381469727,2.680000066757202,14300,0.0,0.0
2026-02-10 00:00:00-05:00,2.6600000858306885,2.7799999713897705,2.559999942779541,2.6500000953674316,17700,0.0,0.0
2026-02-11 00:00:00-05:00,2.6700000762939453,2.6700000762939453,2.549999952316284,2.5899999141693115,18700,0.0,0.0
2026-02-12 00:00:00-05:00,2.559999942779541,2.6600000858306885,2.559999942779541,2.5999999046325684,12700,0.0,0.0
2026-02-13 00:00:00-05:00,2.51200008392334,2.7799999713897705,2.51200008392334,2.6500000953674316,11200,0.0,0.0
2026-02-17 00:00:00-05:00,2.6600000858306885,2.736999988555908,2.5899999141693115,2.5899999141693115,25500,0.0,0.0
2026-02-18 00:00:00-05:00,2.6500000953674316,2.6500000953674316,2.569999933242798,2.5899999141693115,6800,0.0,0.0
2026-02-19 00:00:00-05:00,2.5799999237060547,2.630000114440918,2.4749999046325684,2.569999933242798,38600,0.0,0.0
2026-02-20 00:00:00-05:00,2.5999999046325684,2.6050000190734863,2.4000000953674316,2.509999990463257,26600,0.0,0.0
2026-02-23 00:00:00-05:00,2.559999942779541,2.757999897003174,2.369999885559082,2.450000047683716,20300,0.0,0.0
2026-02-24 00:00:00-05:00,2.430000066757202,2.5769999027252197,2.25,2.25,59700,0.0,0.0
2026-02-25 00:00:00-05:00,2.3949999809265137,2.5,2.2899999618530273,2.2899999618530273,61700,0.0,0.0
2026-02-26 00:00:00-05:00,2.3610000610351562,2.3610000610351562,2.2799999713897705,2.2899999618530273,15400,0.0,0.0
2026-02-27 00:00:00-05:00,2.2699999809265137,2.490000009536743,2.25,2.2899999618530273,16100,0.0,0.0
2026-03-02 00:00:00-05:00,2.240000009536743,2.3550000190734863,2.2200000286102295,2.2300000190734863,29900,0.0,0.0
2026-03-03 00:00:00-05:00,2.190000057220459,2.5390000343322754,2.0799999237060547,2.109999895095825,33500,0.0,0.0
2026-03-04 00:00:00-05:00,2.140000104904175,2.1429998874664307,2.0,2.0199999809265137,35000,0.0,0.0
2026-03-05 00:00:00-05:00,2.0199999809265137,2.0799999237060547,2.0,2.0,15000,0.0,0.0
2026-03-06 00:00:00-05:00,1.9600000381469727,2.0199999809265137,1.899999976158142,1.9500000476837158,29500,0.0,0.0
2026-03-09 00:00:00-04:00,2.109999895095825,2.109999895095825,1.8899999856948853,1.9299999475479126,42000,0.0,0.0
2026-03-10 00:00:00-04:00,1.899999976158142,1.9900000095367432,1.7949999570846558,1.8300000429153442,71500,0.0,0.0
2026-03-11 00:00:00-04:00,1.8799999952316284,2.4600000381469727,1.8799999952316284,1.9299999475479126,751300,0.0,0.0
2026-03-12 00:00:00-04:00,1.9450000524520874,2.0799999237060547,1.8600000143051147,1.9900000095367432,114100,0.0,0.0
2026-03-13 00:00:00-04:00,2.009999990463257,2.140000104904175,2.009999990463257,2.130000114440918,40900,0.0,0.0
2026-03-16 00:00:00-04:00,2.0299999713897705,2.1700000762939453,2.0299999713897705,2.059999942779541,56300,0.0,0.0
2026-03-17 00:00:00-04:00,2.0510001182556152,2.130000114440918,2.009999990463257,2.009999990463257,24000,0.0,0.0
2026-03-18 00:00:00-04:00,2.009999990463257,2.1389999389648438,1.840999960899353,1.909999966621399,222000,0.0,0.0
2026-03-19 00:00:00-04:00,1.7999999523162842,1.850000023841858,1.7000000476837158,1.7899999618530273,77200,0.0,0.0
2026-03-20 00:00:00-04:00,1.8200000524520874,1.9900000095367432,1.649999976158142,1.8350000381469727,164000,0.0,0.0
2026-03-23 00:00:00-04:00,1.8700000047683716,1.899999976158142,1.7610000371932983,1.8200000524520874,26300,0.0,0.0
2026-03-24 00:00:00-04:00,1.8250000476837158,2.109999895095825,1.7100000381469727,2.0299999713897705,244700,0.0,0.0
2026-03-25 00:00:00-04:00,2.069999933242798,2.069999933242798,1.9700000286102295,1.9900000095367432,53800,0.0,0.0
2026-03-26 00:00:00-04:00,1.9600000381469727,2.0989999771118164,1.9500000476837158,1.9900000095367432,16300,0.0,0.0
2026-03-27 00:00:00-04:00,1.8550000190734863,2.0299999713897705,1.8250000476837158,1.850000023841858,40100,0.0,0.0
2026-03-30 00:00:00-04:00,1.899999976158142,1.9570000171661377,1.8300000429153442,1.9199999570846558,57800,0.0,0.0
2026-03-31 00:00:00-04:00,1.9500000476837158,2.059999942779541,1.8849999904632568,2.0299999713897705,20700,0.0,0.0
2026-04-01 00:00:00-04:00,2.0299999713897705,2.200000047683716,1.9900000095367432,2.069999933242798,23500,0.0,0.0
2026-04-02 00:00:00-04:00,2.0350000858306885,2.049999952316284,1.9800000190734863,2.009999990463257,14800,0.0,0.0
2026-04-06 00:00:00-04:00,2.0299999713897705,2.299999952316284,2.0250000953674316,2.299999952316284,54400,0.0,0.0
2026-04-07 00:00:00-04:00,2.3299999237060547,2.3299999237060547,2.1600000858306885,2.1600000858306885,26200,0.0,0.0
2026-04-08 00:00:00-04:00,2.240000009536743,2.3589999675750732,2.200000047683716,2.2200000286102295,113800,0.0,0.0
2026-04-09 00:00:00-04:00,2.1600000858306885,2.299999952316284,2.0899999141693115,2.0899999141693115,20000,0.0,0.0
2026-04-10 00:00:00-04:00,2.119999885559082,2.119999885559082,1.909999966621399,1.9700000286102295,46700,0.0,0.0
2026-04-13 00:00:00-04:00,1.9700000286102295,2.200000047683716,1.9700000286102295,2.130000114440918,5700,0.0,0.0
2026-04-14 00:00:00-04:00,2.1500000953674316,2.259999990463257,2.0399999618530273,2.140000104904175,22300,0.0,0.0
2026-04-15 00:00:00-04:00,2.119999885559082,2.197000026702881,2.119999885559082,2.180000066757202,6700,0.0,0.0
2026-04-16 00:00:00-04:00,2.2200000286102295,2.3499999046325684,2.2100000381469727,2.3499999046325684,21300,0.0,0.0
2026-04-17 00:00:00-04:00,2.3299999237060547,2.3499999046325684,2.25,2.299999952316284,47600,0.0,0.0
2026-04-20 00:00:00-04:00,2.299999952316284,2.325000047683716,2.2200000286102295,2.2899999618530273,4900,0.0,0.0
2026-04-21 00:00:00-04:00,2.2100000381469727,2.2149999141693115,2.130000114440918,2.1700000762939453,9393,0.0,0.0
