Date,Open,High,Low,Close,Volume,Dividends,Stock Splits
2022-01-03 00:00:00-05:00,2.814774751663208,2.814774751663208,2.814774751663208,2.814774751663208,3200,0.0,0.0
2022-01-04 00:00:00-05:00,2.8147747740681734,2.842102527618408,2.8147747740681734,2.842102527618408,4000,0.0,0.0
2022-01-05 00:00:00-05:00,2.8421024022262107,2.8421024022262107,2.776515483856201,2.776515483856201,700,0.0,0.0
2022-01-06 00:00:00-05:00,2.596151270611097,2.7710499763488765,2.596151270611097,2.771049976348877,800,0.0,0.0
2022-01-07 00:00:00-05:00,2.7710499763488765,2.7710499763488765,2.7710499763488765,2.771049976348877,0,0.0,0.0
2022-01-10 00:00:00-05:00,2.7710499763488765,2.7710499763488765,2.7710499763488765,2.771049976348877,15600,0.0,0.0
2022-01-11 00:00:00-05:00,2.7874467372894283,2.7874467372894283,2.7874467372894283,2.7874467372894287,300,0.0,0.0
2022-01-12 00:00:00-05:00,2.787446713775808,2.787446713775808,2.732790946960449,2.732790946960449,7200,0.0,0.0
2022-01-13 00:00:00-05:00,2.732790946960449,2.732790946960449,2.732790946960449,2.732790946960449,0,0.0,0.0
2022-01-14 00:00:00-05:00,2.732790946960449,2.732790946960449,2.732790946960449,2.732790946960449,0,0.0,0.0
2022-01-18 00:00:00-05:00,2.732790961625909,2.732790961625909,2.628944873809814,2.6289448738098145,700,0.0,0.0
2022-01-19 00:00:00-05:00,2.727325191080553,2.869430442872427,2.6234793663024902,2.6234793663024902,7000,0.0,0.0
2022-01-20 00:00:00-05:00,2.7327908979737403,2.8421024296449904,2.6234793663024902,2.6234793663024902,17700,0.0,0.0
2022-01-21 00:00:00-05:00,2.6234793663024902,2.6234793663024902,2.6234793663024902,2.6234793663024902,0,0.0,0.0
2022-01-24 00:00:00-05:00,2.623479365144081,2.6617382709025006,2.4868398203057276,2.596151351928711,10200,0.0,0.0
2022-01-25 00:00:00-05:00,2.6508071422576904,2.6508071422576904,2.5961513759406842,2.6508071422576904,7100,0.0,0.0
2022-01-26 00:00:00-05:00,2.7327908967670638,2.7327908967670638,2.5961513519287105,2.596151351928711,2400,0.0,0.0
2022-01-27 00:00:00-05:00,2.7874467372894283,2.7874467372894283,2.7874467372894283,2.7874467372894287,100,0.0,0.0
2022-01-28 00:00:00-05:00,2.787446753409972,2.787446753409972,2.738256692886352,2.7382566928863525,300,0.0,0.0
2022-01-31 00:00:00-05:00,2.7054629332431435,2.732790946960449,2.5141676190797626,2.732790946960449,17800,0.0,0.0
2022-02-01 00:00:00-05:00,2.541495632797069,2.743722100323521,2.4868398659817106,2.732790946960449,3700,0.0,0.0
2022-02-02 00:00:00-05:00,2.70546293258667,2.70546293258667,2.6781351794952486,2.70546293258667,2000,0.0,0.0
2022-02-03 00:00:00-05:00,2.70546293258667,2.70546293258667,2.70546293258667,2.70546293258667,0,0.0,0.0
2022-02-04 00:00:00-05:00,2.7054629332431435,2.732790946960449,2.7054629332431435,2.732790946960449,23600,0.0,0.0
2022-02-07 00:00:00-05:00,2.7874467372894283,2.7874467372894283,2.623479435460201,2.7874467372894287,11100,0.0,0.0
2022-02-08 00:00:00-05:00,2.7327909700130193,2.7874467372894283,2.7327909700130193,2.7874467372894287,147700,0.0,0.0
2022-02-09 00:00:00-05:00,2.8147747274931136,2.8147747274931136,2.678135180145091,2.732790946960449,2700,0.0,0.0
2022-02-10 00:00:00-05:00,2.738256653951612,2.738256653951612,2.732790946960449,2.732790946960449,3700,0.0,0.0
2022-02-11 00:00:00-05:00,2.738256692886352,2.738256692886352,2.738256692886352,2.7382566928863525,1200,0.0,0.0
2022-02-14 00:00:00-05:00,2.7327909858174735,2.738256692886352,2.7327909858174735,2.7382566928863525,1700,0.0,0.0
2022-02-15 00:00:00-05:00,2.8421025210024697,2.8421025210024697,2.738256692886352,2.7382566928863525,2800,0.0,0.0
2022-02-16 00:00:00-05:00,2.7874467372894283,2.7874467372894283,2.7874467372894283,2.7874467372894287,2000,0.0,0.0
2022-02-17 00:00:00-05:00,2.842102480591166,2.842102480591166,2.732790946960449,2.732790946960449,600,0.0,0.0
2022-02-18 00:00:00-05:00,2.8421025210024697,2.8421025210024697,2.738256692886352,2.7382566928863525,800,0.0,0.0
2022-02-22 00:00:00-05:00,2.732790946960449,2.732790946960449,2.732790946960449,2.732790946960449,1000,0.0,0.0
2022-02-23 00:00:00-05:00,2.5141676402881266,2.7874467372894283,2.5141676402881266,2.7874467372894287,1100,0.0,0.0
2022-02-24 00:00:00-05:00,2.5414955615997314,2.5414955615997314,2.5414955615997314,2.5414955615997314,600,0.0,0.0
2022-02-25 00:00:00-05:00,2.596151399612427,2.7601189606777554,2.596151399612427,2.732790946960449,2800,0.0,0.0
2022-02-28 00:00:00-05:00,2.738256692886352,2.738256692886352,2.738256692886352,2.7382566928863525,7000,0.0,0.0
2022-03-01 00:00:00-05:00,2.727325201034546,2.727325201034546,2.727325201034546,2.727325201034546,300,0.0,0.0
2022-03-02 00:00:00-05:00,2.732790946960449,2.732790946960449,2.5141676190797626,2.732790946960449,3100,0.0,0.0
2022-03-03 00:00:00-05:00,2.732790946960449,2.732790946960449,2.732790946960449,2.732790946960449,0,0.0,0.0
2022-03-04 00:00:00-05:00,2.732790946960449,2.732790946960449,2.732790946960449,2.732790946960449,400,0.0,0.0
2022-03-07 00:00:00-05:00,2.5688233387133406,2.5961513519287105,2.5688233387133406,2.596151351928711,2200,0.0,0.0
2022-03-08 00:00:00-05:00,2.596151399612427,2.732790946960449,2.596151399612427,2.732790946960449,17300,0.0,0.0
2022-03-09 00:00:00-05:00,2.732790946960449,2.732790946960449,2.732790946960449,2.732790946960449,5900,0.0,0.0
2022-03-10 00:00:00-05:00,2.787446713775808,2.787446713775808,2.596151399612427,2.732790946960449,5400,0.0,0.0
2022-03-11 00:00:00-05:00,2.732790946960449,2.732790946960449,2.732790946960449,2.732790946960449,174100,0.0,0.0
2022-03-14 00:00:00-04:00,2.7874467372894283,2.7874467372894283,2.7874467372894283,2.7874467372894287,3800,0.0,0.0
2022-03-15 00:00:00-04:00,2.7054629225550504,2.7327909361643954,2.5469610691070557,2.5469610691070557,13900,0.0,0.0
2022-03-16 00:00:00-04:00,2.486839844147633,2.6781351566314693,2.486839844147633,2.6781351566314697,1400,0.0,0.0
2022-03-17 00:00:00-04:00,2.7327908688584794,2.7327908688584794,2.5141675472259517,2.514167547225952,4200,0.0,0.0
2022-03-18 00:00:00-04:00,2.732790946960449,2.732790946960449,2.732790946960449,2.732790946960449,4400,0.0,0.0
2022-03-21 00:00:00-04:00,2.732790946960449,2.732790946960449,2.732790946960449,2.732790946960449,600,0.0,0.0
2022-03-22 00:00:00-04:00,2.732790946960449,2.732790946960449,2.732790946960449,2.732790946960449,7200,0.0,0.0
2022-03-23 00:00:00-04:00,2.732790946960449,2.732790946960449,2.6070825529754984,2.732790946960449,5200,0.0,0.0
2022-03-24 00:00:00-04:00,2.70546293258667,2.70546293258667,2.70546293258667,2.70546293258667,1500,0.0,0.0
2022-03-25 00:00:00-04:00,2.70546293258667,2.70546293258667,2.70546293258667,2.70546293258667,100,0.0,0.0
2022-03-28 00:00:00-04:00,2.678135180145091,2.732790946960449,2.678135180145091,2.732790946960449,600,0.0,0.0
2022-03-29 00:00:00-04:00,2.7327909079476815,2.7327909079476815,2.727325201034546,2.727325201034546,1200,0.0,0.0
2022-03-30 00:00:00-04:00,2.732790946960449,2.732790946960449,2.732790946960449,2.732790946960449,75000,0.0,0.0
2022-03-31 00:00:00-04:00,2.732790946960449,2.732790946960449,2.732790946960449,2.732790946960449,300,0.0,0.0
2022-04-01 00:00:00-04:00,2.661738272077803,2.661738272077803,2.6234793663024902,2.6234793663024902,13900,0.0,0.0
2022-04-04 00:00:00-04:00,2.7327908979737403,2.7327908979737403,2.6234793663024902,2.6234793663024902,3400,0.0,0.0
2022-04-05 00:00:00-04:00,2.596151399612427,2.732790946960449,2.5141676190797626,2.732790946960449,9600,0.0,0.0
2022-04-06 00:00:00-04:00,2.732790946960449,2.732790946960449,2.732790946960449,2.732790946960449,0,0.0,0.0
2022-04-07 00:00:00-04:00,2.7054629094895883,2.7327909229669585,2.4595118306702624,2.6781351566314697,10000,0.0,0.0
2022-04-08 00:00:00-04:00,2.568823288061831,2.568823288061831,2.4868397712707515,2.486839771270752,800,0.0,0.0
2022-04-11 00:00:00-04:00,2.568823385895121,2.787446713775808,2.4595118522644044,2.732790946960449,34800,0.0,0.0
2022-04-12 00:00:00-04:00,2.705462871326173,2.7218597313051505,2.6508071057616616,2.6999974250793457,2700,0.0,0.0
2022-04-13 00:00:00-04:00,2.6781351566314693,2.6781351566314693,2.6781351566314693,2.6781351566314697,2000,0.0,0.0
2022-04-14 00:00:00-04:00,2.6781351566314693,2.6781351566314693,2.6781351566314693,2.6781351566314697,0,0.0,0.0
2022-04-18 00:00:00-04:00,2.322872214847141,2.4595117568969727,2.2955442021894767,2.4595117568969727,4700,0.0,0.0
2022-04-19 00:00:00-04:00,2.4595117568969727,2.4595117568969727,2.4595117568969727,2.4595117568969727,0,0.0,0.0
2022-04-20 00:00:00-04:00,2.459511717663111,2.5305643409442187,2.448580564898267,2.4540460109710693,15300,0.0,0.0
2022-04-21 00:00:00-04:00,2.4540460109710693,2.4540460109710693,2.4540460109710693,2.4540460109710693,0,0.0,0.0
2022-04-22 00:00:00-04:00,2.4595119752448062,2.4595119752448062,2.377528190612793,2.377528190612793,25100,0.0,0.0
2022-04-25 00:00:00-04:00,2.3502004146575928,2.3502004146575928,2.3502004146575928,2.3502004146575928,600,0.0,0.0
2022-04-26 00:00:00-04:00,2.678135144066107,2.678135144066107,2.492305278778076,2.492305278778076,700,0.0,0.0
2022-04-27 00:00:00-04:00,2.6781351566314693,2.6781351566314693,2.672669449688295,2.6781351566314697,3200,0.0,0.0
2022-04-28 00:00:00-04:00,2.6508071422576904,2.6508071422576904,2.6508071422576904,2.6508071422576904,100,0.0,0.0
2022-04-29 00:00:00-04:00,2.568823385895121,2.732790946960449,2.568823385895121,2.732790946960449,1400,0.0,0.0
2022-05-02 00:00:00-04:00,2.7327908118683464,2.7327908118683464,2.404855966567993,2.404855966567993,3700,0.0,0.0
2022-05-03 00:00:00-04:00,2.404855966567993,2.404855966567993,2.404855966567993,2.404855966567993,0,0.0,0.0
2022-05-04 00:00:00-04:00,2.404855966567993,2.404855966567993,2.404855966567993,2.404855966567993,0,0.0,0.0
2022-05-05 00:00:00-04:00,2.5141674947950303,2.5141674947950303,2.404855966567993,2.404855966567993,10600,0.0,0.0
2022-05-06 00:00:00-04:00,2.421252489089966,2.421252489089966,2.421252489089966,2.421252489089966,100,0.0,0.0
2022-05-09 00:00:00-04:00,2.377528190612793,2.377528190612793,2.377528190612793,2.377528190612793,600,0.0,0.0
2022-05-10 00:00:00-04:00,2.4048561662354415,2.672669562936986,2.399390459060669,2.399390459060669,13300,0.0,0.0
2022-05-11 00:00:00-04:00,2.568823534579289,2.6453418731689458,2.3720627626554354,2.6453418731689453,2900,0.0,0.0
2022-05-12 00:00:00-04:00,2.6234793663024902,2.6234793663024902,2.6234793663024902,2.6234793663024902,200,0.0,0.0
2022-05-13 00:00:00-04:00,2.6234793663024902,2.6234793663024902,2.6234793663024902,2.6234793663024902,0,0.0,0.0
2022-05-16 00:00:00-04:00,2.6234793663024902,2.6234793663024902,2.6234793663024902,2.6234793663024902,700,0.0,0.0
2022-05-17 00:00:00-04:00,2.70546293258667,2.732790946297345,2.672669472505412,2.70546293258667,16500,0.0,0.0
2022-05-18 00:00:00-04:00,2.70546293258667,2.70546293258667,2.70546293258667,2.70546293258667,0,0.0,0.0
2022-05-19 00:00:00-04:00,2.5688233375549316,2.5688233375549316,2.5688233375549316,2.5688233375549316,2000,0.0,0.0
2022-05-20 00:00:00-04:00,2.6234794126931527,2.70546293258667,2.6234794126931527,2.70546293258667,9200,0.0,0.0
2022-05-23 00:00:00-04:00,2.70546293258667,2.70546293258667,2.70546293258667,2.70546293258667,0,0.0,0.0
2022-05-24 00:00:00-04:00,2.70546293258667,2.70546293258667,2.70546293258667,2.70546293258667,0,0.0,0.0
2022-05-25 00:00:00-04:00,2.6508071664277852,2.732790946960449,2.541495632797069,2.732790946960449,1700,0.0,0.0
2022-05-26 00:00:00-04:00,2.546961056807045,2.6781351566314693,2.350200297999285,2.6781351566314697,9800,0.0,0.0
2022-05-27 00:00:00-04:00,2.70546293258667,2.70546293258667,2.574289092261639,2.70546293258667,3600,0.0,0.0
2022-05-31 00:00:00-04:00,2.596151362550297,2.727325201034546,2.596151362550297,2.727325201034546,1500,0.0,0.0
2022-06-01 00:00:00-04:00,2.4923053123536194,2.732790946960449,2.4923053123536194,2.732790946960449,12600,0.0,0.0
2022-06-02 00:00:00-04:00,2.678135180145091,2.787446713775808,2.678135180145091,2.732790946960449,6600,0.0,0.0
2022-06-03 00:00:00-04:00,2.7327909476104226,2.7601189613342285,2.7327909476104226,2.7601189613342285,1400,0.0,0.0
2022-06-06 00:00:00-04:00,2.732790946960449,2.787446713775808,2.732790946960449,2.732790946960449,9300,0.0,0.0
2022-06-07 00:00:00-04:00,2.732790946960449,2.787446713775808,2.732790946960449,2.732790946960449,6600,0.0,0.0
2022-06-08 00:00:00-04:00,2.738256653951612,2.738256653951612,2.568823385895121,2.732790946960449,13300,0.0,0.0
2022-06-09 00:00:00-04:00,2.732790946960449,2.8147747274931136,2.732790946960449,2.732790946960449,4300,0.0,0.0
2022-06-10 00:00:00-04:00,2.738256653951612,2.738256653951612,2.732790946960449,2.732790946960449,3400,0.0,0.0
2022-06-13 00:00:00-04:00,2.650807143154099,2.6781351566314693,2.650807143154099,2.6781351566314697,2600,0.0,0.0
2022-06-14 00:00:00-04:00,2.678135180145091,2.787446713775808,2.678135180145091,2.732790946960449,11000,0.0,0.0
2022-06-15 00:00:00-04:00,2.7327909089859777,2.754653215408325,2.6945317424372437,2.754653215408325,1800,0.0,0.0
2022-06-16 00:00:00-04:00,2.7327909852718495,2.7327909852718495,2.683600664138794,2.683600664138794,6900,0.0,0.0
2022-06-17 00:00:00-04:00,2.732790844803621,2.732790844803621,2.6836005261989975,2.6945316791534424,2700,0.0,0.0
2022-06-21 00:00:00-04:00,2.694531741413484,2.727325201034546,2.546961042809079,2.727325201034546,4800,0.0,0.0
2022-06-22 00:00:00-04:00,2.732790946960449,2.732790946960449,2.732790946960449,2.732790946960449,400,0.0,0.0
2022-06-23 00:00:00-04:00,2.732790946960449,2.732790946960449,2.732790946960449,2.732790946960449,200,0.0,0.0
2022-06-24 00:00:00-04:00,2.7327909700130193,2.7874467372894283,2.7327909700130193,2.7874467372894287,11300,0.0,0.0
2022-06-27 00:00:00-04:00,2.7765155106422403,2.7765155106422403,2.6234793663024902,2.6234793663024902,600,0.0,0.0
2022-06-28 00:00:00-04:00,2.705462883551694,2.705462883551694,2.5961513519287105,2.596151351928711,18300,0.0,0.0
2022-06-29 00:00:00-04:00,2.5961513519287105,2.5961513519287105,2.5961513519287105,2.596151351928711,0,0.0,0.0
2022-06-30 00:00:00-04:00,2.6070823669433594,2.6070823669433594,2.6070823669433594,2.6070823669433594,200,0.0,0.0
2022-07-01 00:00:00-04:00,2.6070823669433594,2.6070823669433594,2.6070823669433594,2.6070823669433594,0,0.0,0.0
2022-07-05 00:00:00-04:00,2.6070823669433594,2.6070823669433594,2.6070823669433594,2.6070823669433594,100,0.0,0.0
2022-07-06 00:00:00-04:00,2.6070823669433594,2.6070823669433594,2.6070823669433594,2.6070823669433594,0,0.0,0.0
2022-07-07 00:00:00-04:00,2.70546293258667,2.70546293258667,2.70546293258667,2.70546293258667,400,0.0,0.0
2022-07-08 00:00:00-04:00,2.70546293258667,2.70546293258667,2.70546293258667,2.70546293258667,0,0.0,0.0
2022-07-11 00:00:00-04:00,2.70546293258667,2.70546293258667,2.70546293258667,2.70546293258667,0,0.0,0.0
2022-07-12 00:00:00-04:00,2.70546293258667,2.70546293258667,2.70546293258667,2.70546293258667,0,0.0,0.0
2022-07-13 00:00:00-04:00,2.727325201034546,2.727325201034546,2.727325201034546,2.727325201034546,100,0.0,0.0
2022-07-14 00:00:00-04:00,2.727325201034546,2.727325201034546,2.727325201034546,2.727325201034546,200,0.0,0.0
2022-07-15 00:00:00-04:00,2.6070825039153473,2.6070825039153473,2.5688233375549316,2.5688233375549316,9700,0.0,0.0
2022-07-18 00:00:00-04:00,2.5688233375549316,2.5688233375549316,2.5688233375549316,2.5688233375549316,0,0.0,0.0
2022-07-19 00:00:00-04:00,2.7273252399692867,2.732790946960449,2.7273252399692867,2.732790946960449,200,0.0,0.0
2022-07-20 00:00:00-04:00,2.732790946960449,2.732790946960449,2.732790946960449,2.732790946960449,0,0.0,0.0
2022-07-21 00:00:00-04:00,2.732790946960449,2.732790946960449,2.732790946960449,2.732790946960449,0,0.0,0.0
2022-07-22 00:00:00-04:00,2.721859782844508,2.7327909361643954,2.5469610691070557,2.5469610691070557,4200,0.0,0.0
2022-07-25 00:00:00-04:00,2.5688233375549316,2.5688233375549316,2.5688233375549316,2.5688233375549316,400,0.0,0.0
2022-07-26 00:00:00-04:00,2.732790946960449,2.732790946960449,2.732790946960449,2.732790946960449,200,0.0,0.0
2022-07-27 00:00:00-04:00,2.732790946960449,2.732790946960449,2.732790946960449,2.732790946960449,0,0.0,0.0
2022-07-28 00:00:00-04:00,2.732790946960449,2.732790946960449,2.732790946960449,2.732790946960449,0,0.0,0.0
2022-07-29 00:00:00-04:00,2.7273252399692867,2.732790946960449,2.6999974868712346,2.732790946960449,17500,0.0,0.0
2022-08-01 00:00:00-04:00,2.732790848139695,2.749187707901001,2.732790848139695,2.749187707901001,3500,0.0,0.0
2022-08-02 00:00:00-04:00,2.7874467144387807,2.7874467144387807,2.7601189613342285,2.7601189613342285,3000,0.0,0.0
2022-08-03 00:00:00-04:00,2.732790946960449,2.732790946960449,2.596151399612427,2.732790946960449,3100,0.0,0.0
2022-08-04 00:00:00-04:00,2.732790946960449,2.732790946960449,2.732790946960449,2.732790946960449,0,0.0,0.0
2022-08-05 00:00:00-04:00,2.732790946960449,2.732790946960449,2.732790946960449,2.732790946960449,0,0.0,0.0
2022-08-08 00:00:00-04:00,2.6070823669433594,2.6070823669433594,2.6070823669433594,2.6070823669433594,27000,0.0,0.0
2022-08-09 00:00:00-04:00,2.607082529204085,2.6508071422576904,2.607082529204085,2.6508071422576904,1800,0.0,0.0
2022-08-10 00:00:00-04:00,2.727325201034546,2.727325201034546,2.727325201034546,2.727325201034546,500,0.0,0.0
2022-08-11 00:00:00-04:00,2.727325201034546,2.727325201034546,2.727325201034546,2.727325201034546,100,0.0,0.0
2022-08-12 00:00:00-04:00,2.727325201034546,2.727325201034546,2.727325201034546,2.727325201034546,5000,0.0,0.0
2022-08-15 00:00:00-04:00,2.727325201034546,2.727325201034546,2.727325201034546,2.727325201034546,0,0.0,0.0
2022-08-16 00:00:00-04:00,2.6836005760169295,2.6836005760169295,2.514167571768087,2.5688233375549316,3400,0.0,0.0
2022-08-17 00:00:00-04:00,2.5688233375549316,2.721859742377345,2.5688233375549316,2.5688233375549316,4900,0.0,0.0
2022-08-18 00:00:00-04:00,2.4595118306702624,2.6781351566314693,2.4595118306702624,2.6781351566314697,300,0.0,0.0
2022-08-19 00:00:00-04:00,2.4868398191842895,2.5688233375549316,2.4595118059812426,2.5688233375549316,1400,0.0,0.0
2022-08-22 00:00:00-04:00,2.4595118480101688,2.4595118480101688,2.3392691612243652,2.3392691612243652,2700,0.0,0.0
2022-08-23 00:00:00-04:00,2.3392691612243652,2.3392691612243652,2.3392691612243652,2.3392691612243652,0,0.0,0.0
2022-08-24 00:00:00-04:00,2.4813742637634277,2.4813742637634277,2.4813742637634277,2.4813742637634277,2500,0.0,0.0
2022-08-25 00:00:00-04:00,2.4813742637634277,2.4813742637634277,2.4813742637634277,2.4813742637634277,0,0.0,0.0
2022-08-26 00:00:00-04:00,2.536029815673828,2.536029815673828,2.536029815673828,2.536029815673828,500,0.0,0.0
2022-08-29 00:00:00-04:00,2.5633580477577533,2.5633580477577533,2.4813742637634277,2.4813742637634277,2200,0.0,0.0
2022-08-30 00:00:00-04:00,2.4868397712707515,2.508702077164272,2.4868397712707515,2.486839771270752,1600,0.0,0.0
2022-08-31 00:00:00-04:00,2.4868397712707515,2.4868397712707515,2.4868397712707515,2.486839771270752,0,0.0,0.0
2022-09-01 00:00:00-04:00,2.4868397712707515,2.4868397712707515,2.4868397712707515,2.486839771270752,0,0.0,0.0
2022-09-02 00:00:00-04:00,2.623479435460201,2.820240197655274,2.623479435460201,2.7874467372894287,33900,0.0,0.0
2022-09-06 00:00:00-04:00,2.7710498891092494,2.9951386451721196,2.678134962755601,2.995138645172119,35200,0.0,0.0
2022-09-07 00:00:00-04:00,4.356068624310361,4.7331938036271,2.5250987547789436,3.361332893371582,2260200,0.0,0.0
2022-09-08 00:00:00-04:00,3.1645719053979438,3.1645719053979438,2.7273252483008488,2.863964796066284,301300,0.0,0.0
2022-09-09 00:00:00-04:00,2.7601190995182754,2.7601190995182754,2.546961207287151,2.5633580684661865,169800,0.0,0.0
2022-09-12 00:00:00-04:00,2.5633580684661865,2.59615153020499,2.454046268717574,2.5633580684661865,76600,0.0,0.0
2022-09-13 00:00:00-04:00,2.426718299753949,2.557892135115071,2.426718299753949,2.486839771270752,22000,0.0,0.0
2022-09-14 00:00:00-04:00,2.4212527665212336,2.486839949522189,2.3283380901234665,2.399390459060669,107400,0.0,0.0
2022-09-15 00:00:00-04:00,2.459511806968277,2.459511806968277,2.333803415298462,2.333803415298462,18000,0.0,0.0
2022-09-16 00:00:00-04:00,2.3228723998237255,2.393925029896369,2.2791477845849495,2.3502004146575928,42400,0.0,0.0
2022-09-19 00:00:00-04:00,2.2682164329251,2.30647533761218,2.2572852800688996,2.273681879043579,26200,0.0,0.0
2022-09-20 00:00:00-04:00,2.257285317423874,2.355665694757736,2.202629552238395,2.251819610595703,9100,0.0,0.0
2022-09-21 00:00:00-04:00,2.2572852162931314,2.295544119899271,2.2408883571624756,2.2408883571624756,7700,0.0,0.0
2022-09-22 00:00:00-04:00,2.240888573259525,2.3502003698936846,2.16983607484984,2.186232805252075,29000,0.0,0.0
2022-09-23 00:00:00-04:00,2.2135606179713285,2.2846129796004804,2.158904724631888,2.1916983127593994,12800,0.0,0.0
2022-09-26 00:00:00-04:00,2.1971638261731576,2.240888437938714,2.131576908524823,2.158904790878296,6500,0.0,0.0
2022-09-27 00:00:00-04:00,2.2408885243837178,2.2408885243837178,2.049593210220337,2.049593210220337,40900,0.0,0.0
2022-09-28 00:00:00-04:00,2.0769209916798697,2.120645733295502,2.0386619567871094,2.0386619567871094,17100,0.0,0.0
2022-09-29 00:00:00-04:00,2.0386621330830916,2.1042490557138245,1.9129537343978884,1.9129537343978882,9300,0.0,0.0
2022-09-30 00:00:00-04:00,1.9402815420019135,2.1370425627226233,1.9402815420019135,1.9840062856674194,12800,0.0,0.0
2022-10-03 00:00:00-04:00,2.0058685270976344,2.0058685270976344,1.885625713970648,1.9238847494125366,39600,0.0,0.0
2022-10-04 00:00:00-04:00,2.0167998970563814,2.0167998970563814,1.9512128417902626,2.0004031658172607,1900,0.0,0.0
2022-10-05 00:00:00-04:00,1.9621438166744218,2.0113341362070467,1.9348159337727548,1.9402815103530884,1500,0.0,0.0
2022-10-06 00:00:00-04:00,1.97854051432952,2.1206457637329224,1.9238847494125366,1.9238847494125366,10300,0.0,0.0
2022-10-07 00:00:00-04:00,1.9730749459169843,2.0222652648533117,1.9730749459169843,2.0167996883392334,4300,0.0,0.0
2022-10-10 00:00:00-04:00,2.0167995831493775,2.0441274642944336,1.9676092667786604,2.0441274642944336,10000,0.0,0.0
2022-10-11 00:00:00-04:00,2.0222653570547204,2.076921124687431,1.9949374732383651,2.0659899711608887,3400,0.0,0.0
2022-10-12 00:00:00-04:00,2.0113341497427024,2.093317798999428,1.9949374198913576,1.9949374198913574,6400,0.0,0.0
2022-10-13 00:00:00-04:00,2.0386619567871094,2.0386619567871094,2.0386619567871094,2.0386619567871094,500,0.0,0.0
2022-10-14 00:00:00-04:00,1.9785405830507445,2.049593210220337,1.9785405830507445,2.049593210220337,6000,0.0,0.0
2022-10-17 00:00:00-04:00,2.0331964801757296,2.076921093628016,2.0004030200865146,2.049593210220337,19700,0.0,0.0
2022-10-18 00:00:00-04:00,2.0659899402649446,2.076921093628016,2.0277309034941937,2.049593210220337,6100,0.0,0.0
2022-10-19 00:00:00-04:00,2.076921048677175,2.2627507821371036,2.0659898955506866,2.1097145080566406,3100,0.0,0.0
2022-10-20 00:00:00-04:00,2.219026242453757,2.219026242453757,2.1042490005493164,2.1042490005493164,3400,0.0,0.0
2022-10-21 00:00:00-04:00,2.235423103359421,2.235423103359421,2.1315770149230957,2.1315770149230957,2400,0.0,0.0
2022-10-24 00:00:00-04:00,2.1479736379369068,2.1862326732317685,2.1479736379369068,2.158904790878296,7800,0.0,0.0
2022-10-25 00:00:00-04:00,2.1315768316888857,2.2408883571624756,2.1315768316888857,2.2408883571624756,10700,0.0,0.0
2022-10-26 00:00:00-04:00,2.2244917586510544,2.2408883571624756,2.2080948995203986,2.2408883571624756,1100,0.0,0.0
2022-10-27 00:00:00-04:00,2.1643702893309626,2.2408883571624756,2.1643702893309626,2.2408883571624756,8100,0.0,0.0
2022-10-28 00:00:00-04:00,2.2408883571624756,2.2408883571624756,2.2408883571624756,2.2408883571624756,400,0.0,0.0
2022-10-31 00:00:00-04:00,2.191698436182068,2.2408884953693655,2.158904846207828,2.229957342147827,11700,0.0,0.0
2022-11-01 00:00:00-04:00,2.2190260887145996,2.2190260887145996,2.1916983372045062,2.2190260887145996,6800,0.0,0.0
2022-11-02 00:00:00-04:00,2.2190260520677576,2.2408883571624756,2.1916983010089774,2.2408883571624756,4000,0.0,0.0
2022-11-03 00:00:00-04:00,2.2408886750779624,2.2408886750779624,2.1971640586853027,2.1971640586853027,800,0.0,0.0
2022-11-04 00:00:00-04:00,2.1971640586853027,2.1971640586853027,2.1971640586853027,2.1971640586853027,400,0.0,0.0
2022-11-07 00:00:00-05:00,2.1862328443986447,2.2135608592013334,2.164370536804199,2.164370536804199,9300,0.0,0.0
2022-11-08 00:00:00-05:00,2.1315769045043265,2.224491834640503,2.049593127288921,2.224491834640503,11800,0.0,0.0
2022-11-09 00:00:00-05:00,2.1698360443115234,2.1698360443115234,2.1261114305209445,2.1698360443115234,4900,0.0,0.0
2022-11-10 00:00:00-05:00,2.1971640586853027,2.1971640586853027,2.1971640586853027,2.1971640586853027,2500,0.0,0.0
2022-11-11 00:00:00-05:00,2.1916984240592945,2.1971638703302077,2.071455478668213,2.071455478668213,3500,0.0,0.0
2022-11-14 00:00:00-05:00,2.2135606817197315,2.224491834640503,2.186232669108182,2.224491834640503,12200,0.0,0.0
2022-11-15 00:00:00-05:00,2.191698474424634,2.2354230880737305,2.1862327674088693,2.2354230880737305,26100,0.0,0.0
2022-11-16 00:00:00-05:00,2.1971637469730396,2.2408883571624756,2.1862325944256806,2.2408883571624756,7700,0.0,0.0
2022-11-17 00:00:00-05:00,2.2190261166176968,2.492305198870407,2.2135606704946484,2.3010098934173584,6700,0.0,0.0
2022-11-18 00:00:00-05:00,2.3993904764915834,2.492305414183615,2.3502004146575928,2.3502004146575928,10600,0.0,0.0
2022-11-21 00:00:00-05:00,2.503236509657079,2.503236509657079,2.311941192135809,2.448580741882324,4500,0.0,0.0
2022-11-22 00:00:00-05:00,2.568823313932225,2.579754466989072,2.437649477250063,2.5414955615997314,4000,0.0,0.0
2022-11-23 00:00:00-05:00,2.437649451018539,2.4595117568969727,2.4103214383608753,2.4595117568969727,5500,0.0,0.0
2022-11-25 00:00:00-05:00,2.3720626831054688,2.3720626831054688,2.3720626831054688,2.3720626831054688,400,0.0,0.0
2022-11-28 00:00:00-05:00,2.3611313804440215,2.53602982747149,2.355665673664791,2.4595117568969727,5300,0.0,0.0
2022-11-29 00:00:00-05:00,2.459511758594229,2.6289447595786335,2.4485806056474693,2.486839771270752,6000,0.0,0.0
2022-11-30 00:00:00-05:00,2.4868397712707515,2.4868397712707515,2.4868397712707515,2.486839771270752,0,0.0,0.0
2022-12-01 00:00:00-05:00,2.503236610604671,2.6453418731689458,2.404856224642744,2.6453418731689453,15600,0.0,0.0
2022-12-02 00:00:00-05:00,2.667204120013683,2.70546302781214,2.4868399529087752,2.612548351287842,3000,0.0,0.0
2022-12-05 00:00:00-05:00,2.6453417206850505,2.7601189613342285,2.5742890934985585,2.7601189613342285,15900,0.0,0.0
2022-12-06 00:00:00-05:00,2.4868398665731863,2.7601189613342285,2.4868398665731863,2.7601189613342285,14100,0.0,0.0
2022-12-07 00:00:00-05:00,2.6945317798800716,2.732790946960449,2.596151399612427,2.732790946960449,6100,0.0,0.0
2022-12-08 00:00:00-05:00,2.732790946960449,2.732790946960449,2.6070825529754984,2.732790946960449,6400,0.0,0.0
2022-12-09 00:00:00-05:00,2.7109285388947315,2.732790844803621,2.6508070673356636,2.6945316791534424,9600,0.0,0.0
2022-12-12 00:00:00-05:00,2.7327909079476815,2.7327909079476815,2.634410529084495,2.727325201034546,8000,0.0,0.0
2022-12-13 00:00:00-05:00,2.6672039270769528,2.7273251380167767,2.6344104682136185,2.6945316791534424,6000,0.0,0.0
2022-12-14 00:00:00-05:00,2.7273253359396037,2.7273253359396037,2.552426875976054,2.557892322540283,5100,0.0,0.0
2022-12-15 00:00:00-05:00,2.6945317692351627,2.7327909361643954,2.5469610691070557,2.5469610691070557,13100,0.0,0.0
2022-12-16 00:00:00-05:00,2.628944663522573,2.716393883901445,2.2408883571624756,2.2408883571624756,51100,0.0,0.0
2022-12-19 00:00:00-05:00,2.4595118718138353,2.4595118718138353,2.3665969371795654,2.3665969371795654,3500,0.0,0.0
2022-12-20 00:00:00-05:00,2.4759087729016054,2.4759087729016054,2.3447346687316895,2.3447346687316895,5200,0.0,0.0
2022-12-21 00:00:00-05:00,2.3228723614732467,2.35020037585593,2.3228723614732467,2.3447346687316895,4300,0.0,0.0
2022-12-22 00:00:00-05:00,2.328337896809067,2.4595117306815117,2.328337896809067,2.404855966567993,3100,0.0,0.0
2022-12-23 00:00:00-05:00,2.322872309338191,2.4704430103302,2.322872309338191,2.4704430103302,2500,0.0,0.0
2022-12-27 00:00:00-05:00,2.361131475907231,2.443114995956421,2.361131475907231,2.443114995956421,1900,0.0,0.0
2022-12-28 00:00:00-05:00,2.3502001664298366,2.4431148336889716,2.3502001664298366,2.426718235015869,1100,0.0,0.0
2022-12-29 00:00:00-05:00,2.355665784161844,2.404856105005308,2.34473463070988,2.3939249515533447,10000,0.0,0.0
2022-12-30 00:00:00-05:00,2.3556656199349058,2.3556656199349058,2.279147551105673,2.3228721618652344,7200,0.0,0.0
2023-01-03 00:00:00-05:00,2.2955442037735834,2.4868397712707515,2.2955442037735834,2.486839771270752,3000,0.0,0.0
2023-01-04 00:00:00-05:00,2.3064754020844482,2.5250987259388116,2.3064754020844482,2.333803415298462,1200,0.0,0.0
2023-01-05 00:00:00-05:00,2.3611315684672864,2.3611315684672864,2.3502004146575928,2.3502004146575928,1200,0.0,0.0
2023-01-06 00:00:00-05:00,2.3010098564854538,2.437649395418703,2.2955441498308895,2.3228721618652344,8400,0.0,0.0
2023-01-09 00:00:00-05:00,2.3775280910657712,2.404856105005308,2.3775280910657712,2.3939249515533447,1000,0.0,0.0
2023-01-10 00:00:00-05:00,2.3010100922043373,2.4048561837060625,2.3010100922043373,2.3502004146575928,600,0.0,0.0
2023-01-11 00:00:00-05:00,2.3502002635925634,2.4595117946632303,2.3502002635925634,2.4376494884490967,11700,0.0,0.0
2023-01-12 00:00:00-05:00,2.377527979543225,2.4595117568969727,2.306475355128694,2.4595117568969727,6400,0.0,0.0
2023-01-13 00:00:00-05:00,2.366596826604008,2.4595117568969727,2.366596826604008,2.4595117568969727,1300,0.0,0.0
2023-01-17 00:00:00-05:00,2.4540459767276994,2.5032362937927246,2.4212525188907614,2.5032362937927246,1700,0.0,0.0
2023-01-18 00:00:00-05:00,2.590685683155909,2.590685683155909,2.503236456570841,2.574289083480835,3200,0.0,0.0
2023-01-19 00:00:00-05:00,2.415787193351767,2.5742890444432405,2.415787193351767,2.5688233375549316,2000,0.0,0.0
2023-01-20 00:00:00-05:00,2.4595119388107864,2.557892322540283,2.4595119388107864,2.557892322540283,2600,0.0,0.0
2023-01-23 00:00:00-05:00,2.574289183471498,2.590685783783449,2.475908799742001,2.557892322540283,9800,0.0,0.0
2023-01-24 00:00:00-05:00,2.3119411101105545,2.5360298803462413,2.3064754032173673,2.361131429672241,14400,0.0,0.0
2023-01-25 00:00:00-05:00,2.4048561662354415,2.503236549807981,2.399390459060669,2.399390459060669,9700,0.0,0.0
2023-01-26 00:00:00-05:00,2.4157872200012207,2.4157872200012207,2.4157872200012207,2.4157872200012207,500,0.0,0.0
2023-01-27 00:00:00-05:00,2.4595118563378118,2.4595118563378118,2.3939249360507575,2.443114995956421,1500,0.0,0.0
2023-01-30 00:00:00-05:00,2.4321837425231934,2.4321837425231934,2.4321837425231934,2.4321837425231934,300,0.0,0.0
2023-01-31 00:00:00-05:00,2.4321837425231934,2.4321837425231934,2.4321837425231934,2.4321837425231934,400,0.0,0.0
2023-02-01 00:00:00-05:00,2.3502001664298366,2.4267182350158687,2.3502001664298366,2.426718235015869,900,0.0,0.0
2023-02-02 00:00:00-05:00,2.5469610078185316,2.552426714656578,2.4048560180795224,2.5414955615997314,3500,0.0,0.0
2023-02-03 00:00:00-05:00,2.4321837815859397,2.5032364070914968,2.4321837815859397,2.4376494884490967,3600,0.0,0.0
2023-02-06 00:00:00-05:00,2.4321837815859397,2.4376494884490967,2.4048560291278966,2.4376494884490967,1900,0.0,0.0
2023-02-07 00:00:00-05:00,2.437649416315618,2.508702039718628,2.437649416315618,2.508702039718628,1800,0.0,0.0
2023-02-08 00:00:00-05:00,2.464977428584234,2.508702039718628,2.464977428584234,2.508702039718628,500,0.0,0.0
2023-02-09 00:00:00-05:00,2.5087021126052473,2.5087021126052473,2.4103214740753174,2.4103214740753174,6900,0.0,0.0
2023-02-10 00:00:00-05:00,2.4321838431769924,2.4704430103302,2.410321536409232,2.4704430103302,900,0.0,0.0
2023-02-13 00:00:00-05:00,2.4704430103302,2.4704430103302,2.4704430103302,2.4704430103302,500,0.0,0.0
2023-02-14 00:00:00-05:00,2.4704430103302,2.4704430103302,2.4704430103302,2.4704430103302,400,0.0,0.0
2023-02-15 00:00:00-05:00,2.4704429098361893,2.4704429098361893,2.4595117568969727,2.4595117568969727,2400,0.0,0.0
2023-02-16 00:00:00-05:00,2.508702039718628,2.508702039718628,2.508702039718628,2.508702039718628,100,0.0,0.0
2023-02-17 00:00:00-05:00,2.4868399910756445,2.5633580684661865,2.481374283809544,2.5633580684661865,6100,0.0,0.0
2023-02-21 00:00:00-05:00,2.5250986762747902,2.5250986762747902,2.4868397712707515,2.486839771270752,800,0.0,0.0
2023-02-22 00:00:00-05:00,2.4868397712707515,2.4868397712707515,2.4868397712707515,2.486839771270752,1100,0.0,0.0
2023-02-23 00:00:00-05:00,2.4868397712707515,2.4868397712707515,2.4649774653772316,2.486839771270752,6000,0.0,0.0
2023-02-24 00:00:00-05:00,2.464977502822876,2.464977502822876,2.464977502822876,2.464977502822876,800,0.0,0.0
2023-02-27 00:00:00-05:00,2.464977502822876,2.464977502822876,2.464977502822876,2.464977502822876,0,0.0,0.0
2023-02-28 00:00:00-05:00,2.4321837425231934,2.4321837425231934,2.4321837425231934,2.4321837425231934,300,0.0,0.0
2023-03-01 00:00:00-05:00,2.432183881240269,2.4759087560793307,2.432183881240269,2.448580741882324,2000,0.0,0.0
2023-03-02 00:00:00-05:00,2.48137408807396,2.5141675472259517,2.4485806289219676,2.514167547225952,2000,0.0,0.0
2023-03-03 00:00:00-05:00,2.5305644463721113,2.5305644463721113,2.4485806669105674,2.5196332931518555,1500,0.0,0.0
2023-03-06 00:00:00-05:00,2.4977710631892327,2.4977710631892327,2.4376495883273734,2.448580741882324,3700,0.0,0.0
2023-03-07 00:00:00-05:00,2.4595117551615746,2.4649774619369484,2.4321837425231934,2.4321837425231934,1800,0.0,0.0
2023-03-08 00:00:00-05:00,2.4595117551615746,2.4595117551615746,2.4321837425231934,2.4321837425231934,800,0.0,0.0
2023-03-09 00:00:00-05:00,2.404855966567993,2.404855966567993,2.404855966567993,2.404855966567993,2700,0.0,0.0
2023-03-10 00:00:00-05:00,2.4048561837060625,2.4048561837060625,2.2682166307752554,2.3502004146575928,2500,0.0,0.0
2023-03-13 00:00:00-04:00,2.311941229218412,2.4048561662354415,2.311941229218412,2.399390459060669,4500,0.0,0.0
2023-03-14 00:00:00-04:00,2.377528168872195,2.3993904764915834,2.3502004146575928,2.3502004146575928,3600,0.0,0.0
2023-03-15 00:00:00-04:00,2.361131429672241,2.361131429672241,2.361131429672241,2.361131429672241,1700,0.0,0.0
2023-03-16 00:00:00-04:00,2.3556657458055126,2.3884592056274414,2.3556657458055126,2.3884592056274414,1600,0.0,0.0
2023-03-17 00:00:00-04:00,2.382993698120117,2.382993698120117,2.382993698120117,2.382993698120117,1600,0.0,0.0
2023-03-20 00:00:00-04:00,2.3502002994781503,2.3884592056274414,2.3502002994781503,2.3884592056274414,2200,0.0,0.0
2023-03-21 00:00:00-04:00,2.3556658612528074,2.3884593226818893,2.3502004146575928,2.3502004146575928,2700,0.0,0.0
2023-03-22 00:00:00-04:00,2.3502004146575928,2.3502004146575928,2.3502004146575928,2.3502004146575928,100,0.0,0.0
2023-03-23 00:00:00-04:00,2.3502004146575928,2.3502004146575928,2.3502004146575928,2.3502004146575928,0,0.0,0.0
2023-03-24 00:00:00-04:00,2.3720626060261027,2.3884592056274414,2.3720626060261027,2.3884592056274414,900,0.0,0.0
2023-03-27 00:00:00-04:00,2.3502004146575928,2.3502004146575928,2.3502004146575928,2.3502004146575928,1300,0.0,0.0
2023-03-28 00:00:00-04:00,2.388459094382004,2.4759085771199976,2.37752794161716,2.4540460109710693,7600,0.0,0.0
2023-03-29 00:00:00-04:00,2.4977708869350295,2.508702039718628,2.4923051802336103,2.508702039718628,3600,0.0,0.0
2023-03-30 00:00:00-04:00,2.475908740625892,2.563357968519683,2.475908740625892,2.552426815032959,5700,0.0,0.0
2023-03-31 00:00:00-04:00,2.3884591801487205,2.5688233375549316,2.3884591801487205,2.5688233375549316,1800,0.0,0.0
2023-04-03 00:00:00-04:00,2.3939248760208303,2.4376494884490967,2.3775280160506065,2.4376494884490967,5000,0.0,0.0
2023-04-04 00:00:00-04:00,2.4485806415561635,2.4485806415561635,2.4376494884490967,2.4376494884490967,1400,0.0,0.0
2023-04-05 00:00:00-04:00,2.377528190612793,2.377528190612793,2.377528190612793,2.377528190612793,1000,0.0,0.0
2023-04-06 00:00:00-04:00,2.377528014771757,2.552426725009995,2.377528014771757,2.4103214740753174,5900,0.0,0.0
2023-04-10 00:00:00-04:00,2.3775279778656735,2.475908614868452,2.3775279778656735,2.4321837425231934,2600,0.0,0.0
2023-04-11 00:00:00-04:00,2.410321420055703,2.4157871267934237,2.0495931151818536,2.273681879043579,20400,0.0,0.0
2023-04-12 00:00:00-04:00,2.2627507280790518,2.317406492405745,2.2627507280790518,2.3010098934173584,3000,0.0,0.0
2023-04-13 00:00:00-04:00,2.3010098934173584,2.3010098934173584,2.3010098934173584,2.3010098934173584,0,0.0,0.0
2023-04-14 00:00:00-04:00,2.3010098934173584,2.3010098934173584,2.3010098934173584,2.3010098934173584,0,0.0,0.0
2023-04-17 00:00:00-04:00,2.3064754020844482,2.35020027535072,2.3064754020844482,2.333803415298462,3700,0.0,0.0
2023-04-18 00:00:00-04:00,2.530564582827176,2.530564582827176,2.3010100922043373,2.3502004146575928,3600,0.0,0.0
2023-04-19 00:00:00-04:00,2.3502004146575928,2.3502004146575928,2.3502004146575928,2.3502004146575928,0,0.0,0.0
2023-04-20 00:00:00-04:00,2.3502004146575928,2.3502004146575928,2.3502004146575928,2.3502004146575928,0,0.0,0.0
2023-04-21 00:00:00-04:00,2.301009980273072,2.421252666330572,2.301009980273072,2.4157872200012207,3700,0.0,0.0
2023-04-24 00:00:00-04:00,2.3228722868289813,2.4157872200012207,2.3119411335510267,2.4157872200012207,900,0.0,0.0
2023-04-25 00:00:00-04:00,2.4157872200012207,2.4157872200012207,2.4157872200012207,2.4157872200012207,2900,0.0,0.0
2023-04-26 00:00:00-04:00,2.3228721618652344,2.4267182427288123,2.3174064552106706,2.3228721618652344,4900,0.0,0.0
2023-04-27 00:00:00-04:00,2.3228721991480357,2.3228721991480357,2.3010098934173584,2.3010098934173584,9800,0.0,0.0
2023-04-28 00:00:00-04:00,2.3010098934173584,2.3010098934173584,2.3010098934173584,2.3010098934173584,500,0.0,0.0
2023-05-01 00:00:00-04:00,2.3502003003334937,2.4868398466175514,2.3502003003334937,2.4157872200012207,1900,0.0,0.0
2023-05-02 00:00:00-04:00,2.4048561662354415,2.45404622771208,2.399390459060669,2.399390459060669,2800,0.0,0.0
2023-05-03 00:00:00-04:00,2.3556658612528074,2.4048561837060625,2.3502004146575928,2.3502004146575928,6400,0.0,0.0
2023-05-04 00:00:00-04:00,2.3611315684672864,2.3611315684672864,2.3502004146575928,2.3502004146575928,500,0.0,0.0
2023-05-05 00:00:00-04:00,2.3775281516001048,2.399390459060669,2.3775281516001048,2.399390459060669,1300,0.0,0.0
2023-05-08 00:00:00-04:00,2.35020037585593,2.35020037585593,2.3447346687316895,2.3447346687316895,1500,0.0,0.0
2023-05-09 00:00:00-04:00,2.3447346687316895,2.3447346687316895,2.3447346687316895,2.3447346687316895,300,0.0,0.0
2023-05-10 00:00:00-04:00,2.3447346687316895,2.3447346687316895,2.339269222226709,2.3447346687316895,1800,0.0,0.0
2023-05-11 00:00:00-04:00,2.240888616839655,2.295544385910034,2.240888616839655,2.295544385910034,3100,0.0,0.0
2023-05-12 00:00:00-04:00,2.3174064552106706,2.3228721618652344,2.3174064552106706,2.3228721618652344,2300,0.0,0.0
2023-05-15 00:00:00-04:00,2.32287233897272,2.32287233897272,2.29007887840271,2.29007887840271,2000,0.0,0.0
2023-05-16 00:00:00-04:00,2.301010171763354,2.3283381875421063,2.2791478633880615,2.2791478633880615,2300,0.0,0.0
2023-05-17 00:00:00-04:00,2.30647561854754,2.30647561854754,2.2736821559846017,2.2791478633880615,2800,0.0,0.0
2023-05-18 00:00:00-04:00,2.2791478633880615,2.2791478633880615,2.2791478633880615,2.2791478633880615,0,0.0,0.0
2023-05-19 00:00:00-04:00,2.273681879043579,2.273681879043579,2.273681879043579,2.273681879043579,500,0.0,0.0
2023-05-22 00:00:00-04:00,2.295544347090563,2.3447346687316895,2.295544347090563,2.3447346687316895,2200,0.0,0.0
2023-05-23 00:00:00-04:00,2.295544385910034,2.3010100931267043,2.2900789393126284,2.295544385910034,9400,0.0,0.0
2023-05-24 00:00:00-04:00,2.295544385910034,2.3010100931267043,2.2736820782818823,2.295544385910034,2900,0.0,0.0
2023-05-25 00:00:00-04:00,2.2955441847559794,2.2955441847559794,2.273681879043579,2.273681879043579,7400,0.0,0.0
2023-05-26 00:00:00-04:00,2.290078742421597,2.3283379077911377,2.2846130356748446,2.3283379077911377,3200,0.0,0.0
2023-05-30 00:00:00-04:00,2.322872201044385,2.3283379077911377,2.3174064942976327,2.3283379077911377,1500,0.0,0.0
2023-05-31 00:00:00-04:00,2.3010098934173584,2.3010098934173584,2.295544186675068,2.3010098934173584,1500,0.0,0.0
2023-06-01 00:00:00-04:00,2.3228723614732467,2.3447346687316895,2.295544347090563,2.3447346687316895,2500,0.0,0.0
2023-06-02 00:00:00-04:00,2.339269222226709,2.3447346687316895,2.339269222226709,2.3447346687316895,800,0.0,0.0
2023-06-05 00:00:00-04:00,2.3228721618652344,2.3228721618652344,2.3228721618652344,2.3228721618652344,400,0.0,0.0
2023-06-06 00:00:00-04:00,2.3010099188163435,2.377527989718336,2.3010099188163435,2.355665683746338,3700,0.0,0.0
2023-06-07 00:00:00-04:00,2.355665683746338,2.421252601662331,2.355665683746338,2.355665683746338,11500,0.0,0.0
2023-06-08 00:00:00-04:00,2.4267183340367215,2.4267183340367215,2.404856027834348,2.4103214740753174,4900,0.0,0.0
2023-06-09 00:00:00-04:00,2.36659686167057,2.4103214740753174,2.3119410961646354,2.4103214740753174,1000,0.0,0.0
2023-06-12 00:00:00-04:00,2.3939248495069565,2.3939248495069565,2.355665683746338,2.355665683746338,3800,0.0,0.0
2023-06-13 00:00:00-04:00,2.4212527841109712,2.4212527841109712,2.3119412460140314,2.3502004146575928,4700,0.0,0.0
2023-06-14 00:00:00-04:00,2.3502002623284133,2.4103214740753174,2.3502002623284133,2.4103214740753174,2400,0.0,0.0
2023-06-15 00:00:00-04:00,2.421252639375029,2.421252639375029,2.2955442477684236,2.3064754009246826,9800,0.0,0.0
2023-06-16 00:00:00-04:00,2.317406616770343,2.3939249515533447,2.2955443098664157,2.3939249515533447,6200,0.0,0.0
2023-06-20 00:00:00-04:00,2.2955442865297044,2.3775280668956054,2.26821653348724,2.311941146850586,7100,0.0,0.0
2023-06-21 00:00:00-04:00,2.361131429672241,2.361131429672241,2.361131429672241,2.361131429672241,200,0.0,0.0
2023-06-22 00:00:00-04:00,2.29007887840271,2.29007887840271,2.29007887840271,2.29007887840271,300,0.0,0.0
2023-06-23 00:00:00-04:00,2.3174065563844923,2.361131429672241,2.2900788037763045,2.361131429672241,4500,0.0,0.0
2023-06-26 00:00:00-04:00,2.361131429672241,2.361131429672241,2.361131429672241,2.361131429672241,0,0.0,0.0
2023-06-27 00:00:00-04:00,2.306475538799552,2.3502004146575928,2.306475538799552,2.3502004146575928,4200,0.0,0.0
2023-06-28 00:00:00-04:00,2.311941146850586,2.311941146850586,2.311941146850586,2.311941146850586,400,0.0,0.0
2023-06-29 00:00:00-04:00,2.3064754009246826,2.3064754009246826,2.3064754009246826,2.3064754009246826,300,0.0,0.0
2023-06-30 00:00:00-04:00,2.3064754009246826,2.3064754009246826,2.3064754009246826,2.3064754009246826,400,0.0,0.0
2023-07-03 00:00:00-04:00,2.3502004146575928,2.3502004146575928,2.3502004146575928,2.3502004146575928,100,0.0,0.0
2023-07-05 00:00:00-04:00,2.333803415298462,2.333803415298462,2.333803415298462,2.333803415298462,1100,0.0,0.0
2023-07-06 00:00:00-04:00,2.333803415298462,2.333803415298462,2.333803415298462,2.333803415298462,0,0.0,0.0
2023-07-07 00:00:00-04:00,2.3447347074431133,2.3502004146575928,2.3447347074431133,2.3502004146575928,1500,0.0,0.0
2023-07-10 00:00:00-04:00,2.31740665435791,2.31740665435791,2.31740665435791,2.31740665435791,300,0.0,0.0
2023-07-11 00:00:00-04:00,2.31740665435791,2.31740665435791,2.31740665435791,2.31740665435791,100,0.0,0.0
2023-07-12 00:00:00-04:00,2.355665722779054,2.361131429672241,2.350200276505116,2.361131429672241,3500,0.0,0.0
2023-07-13 00:00:00-04:00,2.361131429672241,2.361131429672241,2.361131429672241,2.361131429672241,100,0.0,0.0
2023-07-14 00:00:00-04:00,2.3720626831054688,2.3720626831054688,2.3665969759812486,2.3720626831054688,1400,0.0,0.0
2023-07-17 00:00:00-04:00,2.355665659667173,2.355665659667173,2.3283379077911377,2.3283379077911377,1600,0.0,0.0
2023-07-18 00:00:00-04:00,2.3228723614732467,2.3447346687316895,2.26821659332714,2.3447346687316895,15000,0.0,0.0
2023-07-19 00:00:00-04:00,2.3119411475543283,2.361131467912693,2.295544287228456,2.3392691612243652,4500,0.0,0.0
2023-07-20 00:00:00-04:00,2.3392691612243652,2.3392691612243652,2.3392691612243652,2.3392691612243652,0,0.0,0.0
2023-07-21 00:00:00-04:00,2.317406593211378,2.399390373577279,2.2955442865297044,2.311941146850586,10300,0.0,0.0
2023-07-24 00:00:00-04:00,2.311941146850586,2.311941146850586,2.311941146850586,2.311941146850586,0,0.0,0.0
2023-07-25 00:00:00-04:00,2.339269122188964,2.339269122188964,2.3283379690272086,2.333803415298462,1600,0.0,0.0
2023-07-26 00:00:00-04:00,2.3064755397241097,2.3447347083830072,2.295544385910034,2.295544385910034,6400,0.0,0.0
2023-07-27 00:00:00-04:00,2.29007887840271,2.29007887840271,2.29007887840271,2.29007887840271,400,0.0,0.0
2023-07-28 00:00:00-04:00,2.3228723614732467,2.3447346687316895,2.295544347090563,2.3447346687316895,2100,0.0,0.0
2023-07-31 00:00:00-04:00,2.29007887840271,2.32287233897272,2.284613171331413,2.29007887840271,5200,0.0,0.0
2023-08-01 00:00:00-04:00,2.3010100931267043,2.3502004155996774,2.295544385910034,2.295544385910034,8300,0.0,0.0
2023-08-02 00:00:00-04:00,2.295544385910034,2.295544385910034,2.295544385910034,2.295544385910034,200,0.0,0.0
2023-08-03 00:00:00-04:00,2.268216651516286,2.4267185135158544,2.268216651516286,2.377528190612793,25200,0.0,0.0
2023-08-04 00:00:00-04:00,2.3775281698252346,2.426718492298208,2.295544385910034,2.295544385910034,8300,0.0,0.0
2023-08-07 00:00:00-04:00,2.3010098934173584,2.3502002116210035,2.284613033809729,2.3010098934173584,10700,0.0,0.0
2023-08-08 00:00:00-04:00,2.31194124694078,2.3502004155996774,2.295544385910034,2.295544385910034,3600,0.0,0.0
2023-08-09 00:00:00-04:00,2.3010098934173584,2.3010098934173584,2.3010098934173584,2.3010098934173584,300,0.0,0.0
2023-08-10 00:00:00-04:00,2.3228723008984926,2.3392691612243652,2.3228723008984926,2.3392691612243652,600,0.0,0.0
2023-08-11 00:00:00-04:00,2.295544464359894,2.3228724801386464,2.2791478633880615,2.2791478633880615,3100,0.0,0.0
2023-08-14 00:00:00-04:00,2.295544464359894,2.3611316501050448,2.2791478633880615,2.2791478633880615,3800,0.0,0.0
2023-08-15 00:00:00-04:00,2.2955442625044893,2.3228722758801914,2.2572853565216064,2.2572853565216064,38400,0.0,0.0
2023-08-16 00:00:00-04:00,2.2955442477684236,2.322872260968696,2.2682164951873998,2.3064754009246826,8400,0.0,0.0
2023-08-17 00:00:00-04:00,2.3010100931267043,2.3010100931267043,2.295544385910034,2.295544385910034,1200,0.0,0.0
2023-08-18 00:00:00-04:00,2.3010098914937003,2.3010098914937003,2.273681879043579,2.273681879043579,1000,0.0,0.0
2023-08-21 00:00:00-04:00,2.2682164951873998,2.322872260968696,2.2682164951873998,2.3064754009246826,24700,0.0,0.0
2023-08-22 00:00:00-04:00,2.29007887840271,2.29007887840271,2.29007887840271,2.29007887840271,5300,0.0,0.0
2023-08-23 00:00:00-04:00,2.3174065552462038,2.333803415298462,2.3174065552462038,2.333803415298462,4700,0.0,0.0
2023-08-24 00:00:00-04:00,2.333803342910798,2.404855966567993,2.3228721900880944,2.404855966567993,14600,0.0,0.0
2023-08-25 00:00:00-04:00,2.355665683746338,2.355665683746338,2.355665683746338,2.355665683746338,2000,0.0,0.0
2023-08-28 00:00:00-04:00,2.3829936965209577,2.3993902956903335,2.355665683746338,2.355665683746338,1200,0.0,0.0
2023-08-29 00:00:00-04:00,2.404856004106786,2.404856004106786,2.382993698120117,2.382993698120117,2700,0.0,0.0
2023-08-30 00:00:00-04:00,2.3829938760866747,2.3993904764915834,2.3502004146575928,2.3502004146575928,7700,0.0,0.0
2023-08-31 00:00:00-04:00,2.3502004146575928,2.3720627222769806,2.3502004146575928,2.3502004146575928,1700,0.0,0.0
2023-09-01 00:00:00-04:00,2.399390498432094,2.399390498432094,2.377528190612793,2.377528190612793,900,0.0,0.0
2023-09-05 00:00:00-04:00,2.3502004146575928,2.3502004146575928,2.3502004146575928,2.3502004146575928,2300,0.0,0.0
2023-09-06 00:00:00-04:00,2.35020037585593,2.3611315294851516,2.3447346687316895,2.3447346687316895,9000,0.0,0.0
2023-09-07 00:00:00-04:00,2.355665722779054,2.361131429672241,2.328337970170866,2.361131429672241,3700,0.0,0.0
2023-09-08 00:00:00-04:00,2.3611314285124756,2.366596874783729,2.333803415298462,2.333803415298462,2200,0.0,0.0
2023-09-11 00:00:00-04:00,2.3010098934173584,2.3010098934173584,2.3010098934173584,2.3010098934173584,500,0.0,0.0
2023-09-12 00:00:00-04:00,2.30647534142337,2.333803353918648,2.3010098952958598,2.3283379077911377,1100,0.0,0.0
2023-09-13 00:00:00-04:00,2.3064753649997205,2.355665683746338,2.3064753649997205,2.355665683746338,2200,0.0,0.0
2023-09-14 00:00:00-04:00,2.3556656485562057,2.404855966567993,2.333803342910798,2.404855966567993,11400,0.0,0.0
2023-09-15 00:00:00-04:00,2.350200202454474,2.404855966567993,2.328337896809067,2.404855966567993,10400,0.0,0.0
2023-09-18 00:00:00-04:00,2.377528190612793,2.377528190612793,2.3174067138000805,2.377528190612793,8800,0.0,0.0
2023-09-19 00:00:00-04:00,2.3556657837296076,2.3665969371795654,2.3228723233797335,2.3665969371795654,3000,0.0,0.0
2023-09-20 00:00:00-04:00,2.339269021209689,2.3829936319692506,2.3174064552106706,2.3228721618652344,9000,0.0,0.0
2023-09-21 00:00:00-04:00,2.322872361482172,2.322872361482172,2.31740665435791,2.31740665435791,3100,0.0,0.0
2023-09-22 00:00:00-04:00,2.3392692822386487,2.377528190612793,2.3392692822386487,2.377528190612793,1600,0.0,0.0
2023-09-25 00:00:00-04:00,2.3228721618652344,2.339269021209689,2.3174064552106706,2.3228721618652344,8300,0.0,0.0
2023-09-26 00:00:00-04:00,2.3283379077911377,2.3283379077911377,2.3283379077911377,2.3283379077911377,1700,0.0,0.0
2023-09-27 00:00:00-04:00,2.3228721991480357,2.3228721991480357,2.3010098934173584,2.3010098934173584,4400,0.0,0.0
2023-09-28 00:00:00-04:00,2.3064753395404067,2.3064753395404067,2.3010098934173584,2.3010098934173584,600,0.0,0.0
2023-09-29 00:00:00-04:00,2.328337905890326,2.328337905890326,2.3010098934173584,2.3010098934173584,800,0.0,0.0
2023-10-02 00:00:00-04:00,2.3283378685197986,2.3283378685197986,2.3010098564854538,2.3228721618652344,900,0.0,0.0
2023-10-03 00:00:00-04:00,2.3392691612243652,2.3392691612243652,2.3392691612243652,2.3392691612243652,500,0.0,0.0
2023-10-04 00:00:00-04:00,2.344734519071162,2.4321837425231934,2.322872213208154,2.4321837425231934,30600,0.0,0.0
2023-10-05 00:00:00-04:00,2.432183818723346,2.432183818723346,2.3884592056274414,2.3884592056274414,7300,0.0,0.0
2023-10-06 00:00:00-04:00,2.38299379766413,2.38299379766413,2.3665969371795654,2.3665969371795654,500,0.0,0.0
2023-10-09 00:00:00-04:00,2.3665969371795654,2.3665969371795654,2.3665969371795654,2.3665969371795654,200,0.0,0.0
2023-10-10 00:00:00-04:00,2.4212528062513954,2.4212528062513954,2.377528190612793,2.377528190612793,600,0.0,0.0
2023-10-11 00:00:00-04:00,2.3447346687316895,2.3447346687316895,2.3447346687316895,2.3447346687316895,800,0.0,0.0
2023-10-12 00:00:00-04:00,2.3392692608478987,2.4321839379206653,2.3392692608478987,2.3502004146575928,11400,0.0,0.0
2023-10-13 00:00:00-04:00,2.3392691842935265,2.3939249515533447,2.3392691842935265,2.3939249515533447,800,0.0,0.0
2023-10-16 00:00:00-04:00,2.4595118081763663,2.4595118081763663,2.361131429672241,2.361131429672241,2700,0.0,0.0
2023-10-17 00:00:00-04:00,2.350200337314256,2.399390397529439,2.3392691838642983,2.3665969371795654,4600,0.0,0.0
2023-10-18 00:00:00-04:00,2.399390436877796,2.399390436877796,2.3447346687316895,2.3447346687316895,1300,0.0,0.0
2023-10-19 00:00:00-04:00,2.3720626212568567,2.3720626212568567,2.3392691612243652,2.3392691612243652,1500,0.0,0.0
2023-10-20 00:00:00-04:00,2.333803553633419,2.3502004146575928,2.333803553633419,2.3502004146575928,600,0.0,0.0
2023-10-23 00:00:00-04:00,2.3338034542426564,2.393924927945185,2.3338034542426564,2.3392691612243652,3500,0.0,0.0
2023-10-24 00:00:00-04:00,2.355665683746338,2.355665683746338,2.355665683746338,2.355665683746338,500,0.0,0.0
2023-10-25 00:00:00-04:00,2.33380357497419,2.377528190612793,2.328338128328998,2.377528190612793,4600,0.0,0.0
2023-10-26 00:00:00-04:00,2.377528190612793,2.377528190612793,2.377528190612793,2.377528190612793,0,0.0,0.0
2023-10-27 00:00:00-04:00,2.3502002741689685,2.377528026749992,2.3010099546561777,2.3064754009246826,3000,0.0,0.0
2023-10-30 00:00:00-04:00,2.3775279654156987,2.3775279654156987,2.3010098952958598,2.3283379077911377,2200,0.0,0.0
2023-10-31 00:00:00-04:00,2.3010100931267043,2.3064755397241097,2.295544385910034,2.295544385910034,600,0.0,0.0
2023-11-01 00:00:00-04:00,2.295544385910034,2.295544385910034,2.295544385910034,2.295544385910034,0,0.0,0.0
2023-11-02 00:00:00-04:00,2.295544385910034,2.295544385910034,2.295544385910034,2.295544385910034,200,0.0,0.0
2023-11-03 00:00:00-04:00,2.3228721618652344,2.3502001738995797,2.3228721618652344,2.3228721618652344,1000,0.0,0.0
2023-11-06 00:00:00-05:00,2.3228721618652344,2.3228721618652344,2.3228721618652344,2.3228721618652344,500,0.0,0.0
2023-11-07 00:00:00-05:00,2.3119411461300072,2.3174065924890956,2.268216532780289,2.2846131324768066,2100,0.0,0.0
2023-11-08 00:00:00-05:00,2.295544237286957,2.317406543499652,2.1315769406917444,2.202629566192627,29900,0.0,0.0
2023-11-09 00:00:00-05:00,2.2026294921331506,2.246354103088379,2.2026294921331506,2.246354103088379,800,0.0,0.0
2023-11-10 00:00:00-05:00,2.3228721618652344,2.3228721618652344,2.3228721618652344,2.3228721618652344,400,0.0,0.0
2023-11-13 00:00:00-05:00,2.2135605812072754,2.2135605812072754,2.2135605812072754,2.2135605812072754,500,0.0,0.0
2023-11-14 00:00:00-05:00,2.2135605812072754,2.2135605812072754,2.2135605812072754,2.2135605812072754,0,0.0,0.0
2023-11-15 00:00:00-05:00,2.213560668644099,2.273681879043579,2.213560668644099,2.273681879043579,4000,0.0,0.0
2023-11-16 00:00:00-05:00,2.3228721618652344,2.3228721618652344,2.3228721618652344,2.3228721618652344,1000,0.0,0.0
2023-11-17 00:00:00-05:00,2.311941146850586,2.311941146850586,2.311941146850586,2.311941146850586,500,0.0,0.0
2023-11-20 00:00:00-05:00,2.2682164348213423,2.3010098934173584,2.2408884223483745,2.3010098934173584,4200,0.0,0.0
2023-11-21 00:00:00-05:00,2.224491834640503,2.2736818924743516,2.224491834640503,2.224491834640503,1500,0.0,0.0
2023-11-22 00:00:00-05:00,2.2135608414080603,2.268216609954834,2.2135608414080603,2.268216609954834,2400,0.0,0.0
2023-11-24 00:00:00-05:00,2.268216609954834,2.268216609954834,2.268216609954834,2.268216609954834,300,0.0,0.0
2023-11-27 00:00:00-05:00,2.2736820564998803,2.29554436391859,2.268216609954834,2.268216609954834,2700,0.0,0.0
2023-11-28 00:00:00-05:00,2.246354103088379,2.246354103088379,2.246354103088379,2.246354103088379,400,0.0,0.0
2023-11-29 00:00:00-05:00,2.251819610595703,2.251819610595703,2.251819610595703,2.251819610595703,400,0.0,0.0
2023-11-30 00:00:00-05:00,2.251819610595703,2.251819610595703,2.251819610595703,2.251819610595703,200,0.0,0.0
2023-12-01 00:00:00-05:00,2.2682165483105527,2.2736819947070623,2.2354230880737305,2.2354230880737305,9300,0.0,0.0
2023-12-04 00:00:00-05:00,2.2299572165706576,2.317406437418374,2.1862326061467994,2.1916983127593994,16000,0.0,0.0
2023-12-05 00:00:00-05:00,2.2135607192989744,2.2135607192989744,2.202629566192627,2.202629566192627,1300,0.0,0.0
2023-12-06 00:00:00-05:00,2.2135606426602767,2.301009864483358,2.2026294899323915,2.2190260887145996,5400,0.0,0.0
2023-12-07 00:00:00-05:00,2.2080948746854525,2.2190260271098667,2.2026294287828616,2.2135605812072754,2500,0.0,0.0
2023-12-08 00:00:00-05:00,2.2463542492300284,2.3775280906295233,2.2463542492300284,2.3665969371795654,21800,0.0,0.0
2023-12-11 00:00:00-05:00,2.35020037585593,2.35020037585593,2.339269222226709,2.3447346687316895,2200,0.0,0.0
2023-12-12 00:00:00-05:00,2.31740665435791,2.31740665435791,2.31740665435791,2.31740665435791,1000,0.0,0.0
2023-12-13 00:00:00-05:00,2.317406692609246,2.3502004146575928,2.317406692609246,2.3502004146575928,8600,0.0,0.0
2023-12-14 00:00:00-05:00,2.3720627222769806,2.3720627222769806,2.3502004146575928,2.3502004146575928,3100,0.0,0.0
2023-12-15 00:00:00-05:00,2.3611314179414995,2.464977502822876,2.3502002648286835,2.464977502822876,54000,0.0,0.0
2023-12-18 00:00:00-05:00,2.4321837546483303,2.4321837546483303,2.355665683746338,2.355665683746338,2300,0.0,0.0
2023-12-19 00:00:00-05:00,2.415787258014004,2.4321838578793127,2.3665969371795654,2.3665969371795654,2500,0.0,0.0
2023-12-20 00:00:00-05:00,2.3665968013789094,2.404855966567993,2.3665968013789094,2.404855966567993,900,0.0,0.0
2023-12-21 00:00:00-05:00,2.3829938587748773,2.4048561662354415,2.3829938587748773,2.399390459060669,2000,0.0,0.0
2023-12-22 00:00:00-05:00,2.3939250125051594,2.399390459060669,2.388459305330387,2.399390459060669,2600,0.0,0.0
2023-12-26 00:00:00-05:00,2.404855966567993,2.404855966567993,2.404855966567993,2.404855966567993,700,0.0,0.0
2023-12-27 00:00:00-05:00,2.404855966567993,2.404855966567993,2.404855966567993,2.404855966567993,0,0.0,0.0
2023-12-28 00:00:00-05:00,2.3939250125051594,2.4048561662354415,2.3392692438537486,2.399390459060669,1900,0.0,0.0
2023-12-29 00:00:00-05:00,2.350200213539663,2.3939248250367138,2.3283379077911377,2.3283379077911377,2100,0.0,0.0
2024-01-02 00:00:00-05:00,2.404856206419002,2.7218599305133706,2.404856206419002,2.5633580684661865,20700,0.0,0.0
2024-01-03 00:00:00-05:00,2.514167596155549,2.678135155725819,2.514167596155549,2.6508071422576904,12000,0.0,0.0
2024-01-04 00:00:00-05:00,2.678135054104253,2.678135054104253,2.6180135831272233,2.639875888824463,13800,0.0,0.0
2024-01-05 00:00:00-05:00,2.650807340958574,2.6726696491241455,2.6398761868757887,2.6726696491241455,7500,0.0,0.0
2024-01-08 00:00:00-05:00,2.678135155725819,2.678135155725819,2.6453416959356155,2.6508071422576904,7500,0.0,0.0
2024-01-09 00:00:00-05:00,2.628944786054506,2.628944786054506,2.508702102429191,2.5414955615997314,9500,0.0,0.0
2024-01-10 00:00:00-05:00,2.6398760662176715,2.6398760662176715,2.5469611304511264,2.6344106197357178,1700,0.0,0.0
2024-01-11 00:00:00-05:00,2.6398760662176715,2.6398760662176715,2.6344106197357178,2.6344106197357178,1700,0.0,0.0
2024-01-12 00:00:00-05:00,2.6344105194696152,2.6344105194696152,2.5961513530750535,2.6234793663024902,1100,0.0,0.0
2024-01-16 00:00:00-05:00,2.4704429613434913,2.6234793663024902,2.4704429613434913,2.6234793663024902,1500,0.0,0.0
2024-01-17 00:00:00-05:00,2.623479466152551,2.6344106197357178,2.623479466152551,2.6344106197357178,1900,0.0,0.0
2024-01-18 00:00:00-05:00,2.5742890842292097,2.6016170978546143,2.5305644709239643,2.6016170978546143,8100,0.0,0.0
2024-01-19 00:00:00-05:00,2.5469610691070557,2.557892222426943,2.536029915787168,2.5469610691070557,2900,0.0,0.0
2024-01-22 00:00:00-05:00,2.5305645077114183,2.5524268146818585,2.5250988006591797,2.5250988006591797,2400,0.0,0.0
2024-01-23 00:00:00-05:00,2.5250987772496005,2.530564484251168,2.3720626298752787,2.4704430103302,8300,0.0,0.0
2024-01-24 00:00:00-05:00,2.3665969371795654,2.3665969371795654,2.3665969371795654,2.3665969371795654,1500,0.0,0.0
2024-01-25 00:00:00-05:00,2.4376494884490967,2.4376494884490967,2.4376494884490967,2.4376494884490967,900,0.0,0.0
2024-01-26 00:00:00-05:00,2.399390459060669,2.399390459060669,2.399390459060669,2.399390459060669,600,0.0,0.0
2024-01-29 00:00:00-05:00,2.4267182350158687,2.4267182350158687,2.4267182350158687,2.426718235015869,200,0.0,0.0
2024-01-30 00:00:00-05:00,2.3993903597746633,2.4157872200012207,2.3611314536114483,2.4157872200012207,3700,0.0,0.0
2024-01-31 00:00:00-05:00,2.410321652341745,2.4157873596062034,2.377528190612793,2.377528190612793,1100,0.0,0.0
2024-02-01 00:00:00-05:00,2.377528190612793,2.377528190612793,2.377528190612793,2.377528190612793,0,0.0,0.0
2024-02-02 00:00:00-05:00,2.3829936846410473,2.4321837425231934,2.3829936846410473,2.4321837425231934,800,0.0,0.0
2024-02-05 00:00:00-05:00,2.4321837425231934,2.4321837425231934,2.4321837425231934,2.4321837425231934,800,0.0,0.0
2024-02-06 00:00:00-05:00,2.393924839261672,2.5688232862891405,2.393924839261672,2.4595117568969727,3300,0.0,0.0
2024-02-07 00:00:00-05:00,2.3884592670204654,2.4595118954372754,2.3884592670204654,2.448580741882324,9300,0.0,0.0
2024-02-08 00:00:00-05:00,2.432183881240269,2.448580741882324,2.4267184347724227,2.448580741882324,1100,0.0,0.0
2024-02-09 00:00:00-05:00,2.4157871822349635,2.4376494884490967,2.4048560291278966,2.4376494884490967,1000,0.0,0.0
2024-02-12 00:00:00-05:00,2.448580616080124,2.448580616080124,2.382993698120117,2.382993698120117,1500,0.0,0.0
2024-02-13 00:00:00-05:00,2.3939248511134514,2.3939248511134514,2.382993698120117,2.382993698120117,600,0.0,0.0
2024-02-14 00:00:00-05:00,2.4321837425231934,2.4321837425231934,2.4321837425231934,2.4321837425231934,300,0.0,0.0
2024-02-15 00:00:00-05:00,2.3884592056274414,2.3884592056274414,2.3884592056274414,2.3884592056274414,200,0.0,0.0
2024-02-16 00:00:00-05:00,2.4212525283786768,2.4267182350158687,2.4212525283786768,2.426718235015869,500,0.0,0.0
2024-02-20 00:00:00-05:00,2.404855966567993,2.4704428835042154,2.3993902598470207,2.404855966567993,2400,0.0,0.0
2024-02-21 00:00:00-05:00,2.4048561278342206,2.4759087562561035,2.4048561278342206,2.4759087562561035,3000,0.0,0.0
2024-02-22 00:00:00-05:00,2.4704430491686087,2.4759087562561035,2.415787281389952,2.4759087562561035,2500,0.0,0.0
2024-02-23 00:00:00-05:00,2.4759087562561035,2.4759087562561035,2.4759087562561035,2.4759087562561035,100,0.0,0.0
2024-02-26 00:00:00-05:00,2.4595117568969727,2.4595117568969727,2.4595117568969727,2.4595117568969727,400,0.0,0.0
2024-02-27 00:00:00-05:00,2.4485806669105674,2.5196332931518555,2.3993903471097906,2.5196332931518555,8300,0.0,0.0
2024-02-28 00:00:00-05:00,2.5196332931518555,2.5196332931518555,2.5196332931518555,2.5196332931518555,0,0.0,0.0
2024-02-29 00:00:00-05:00,2.4868397712707515,2.4868397712707515,2.4868397712707515,2.486839771270752,500,0.0,0.0
2024-03-01 00:00:00-05:00,2.4868397712707515,2.4868397712707515,2.4868397712707515,2.486839771270752,300,0.0,0.0
2024-03-04 00:00:00-05:00,2.44311479404551,2.44311479404551,2.4157870431606963,2.421252489089966,1400,0.0,0.0
2024-03-05 00:00:00-05:00,2.415787281217472,2.448580741882324,2.415787281217472,2.448580741882324,600,0.0,0.0
2024-03-06 00:00:00-05:00,2.448580741882324,2.448580741882324,2.448580741882324,2.448580741882324,400,0.0,0.0
2024-03-07 00:00:00-05:00,2.4212526891940698,2.443114995956421,2.4212526891940698,2.443114995956421,300,0.0,0.0
2024-03-08 00:00:00-05:00,2.443114995956421,2.443114995956421,2.443114995956421,2.443114995956421,300,0.0,0.0
2024-03-11 00:00:00-04:00,2.443114995956421,2.443114995956421,2.443114995956421,2.443114995956421,0,0.0,0.0
2024-03-12 00:00:00-04:00,2.508702048693299,2.508702048693299,2.404855966567993,2.404855966567993,600,0.0,0.0
2024-03-13 00:00:00-04:00,2.404855966567993,2.404855966567993,2.404855966567993,2.404855966567993,600,0.0,0.0
2024-03-14 00:00:00-04:00,2.4267182350158687,2.4267182350158687,2.4267182350158687,2.426718235015869,1100,0.0,0.0
2024-03-15 00:00:00-04:00,2.4649774653772316,2.4868397712707515,2.4649774653772316,2.486839771270752,4600,0.0,0.0
2024-03-18 00:00:00-04:00,2.590685630554525,2.590685630554525,2.4103214740753174,2.4103214740753174,3400,0.0,0.0
2024-03-19 00:00:00-04:00,2.4103213757235293,2.5305643155493884,2.4103213757235293,2.426718235015869,2200,0.0,0.0
2024-03-20 00:00:00-04:00,2.3993903209741307,2.4103214740753174,2.3993903209741307,2.4103214740753174,900,0.0,0.0
2024-03-21 00:00:00-04:00,2.415787281217472,2.4595118954372754,2.4048561276625207,2.448580741882324,5000,0.0,0.0
2024-03-22 00:00:00-04:00,2.421252652565682,2.492305278778076,2.421252652565682,2.492305278778076,4300,0.0,0.0
2024-03-25 00:00:00-04:00,2.628944849315838,2.6344105562854083,2.421252675618723,2.5469610691070557,15100,0.0,0.0
2024-03-26 00:00:00-04:00,2.5305644085428844,2.557892160875378,2.5305644085428844,2.5414955615997314,4700,0.0,0.0
2024-03-27 00:00:00-04:00,2.5414955224276317,2.6016169936232596,2.4868397579858073,2.536029815673828,24100,0.0,0.0
2024-03-28 00:00:00-04:00,2.557892160875378,2.568823313932225,2.5414955615997314,2.5414955615997314,1700,0.0,0.0
2024-04-01 00:00:00-04:00,2.623479339835706,2.623479339835706,2.5196332554860374,2.5414955615997314,5900,0.0,0.0
2024-04-02 00:00:00-04:00,2.486839723850602,2.5852200984954834,2.486839723850602,2.5852200984954834,1200,0.0,0.0
2024-04-03 00:00:00-04:00,2.563358029723776,2.618013798462385,2.557892322540283,2.557892322540283,1800,0.0,0.0
2024-04-04 00:00:00-04:00,2.557892322540283,2.557892322540283,2.557892322540283,2.557892322540283,400,0.0,0.0
2024-04-05 00:00:00-04:00,2.503236591635413,2.5688235151130203,2.503236591635413,2.5633580684661865,2400,0.0,0.0
2024-04-08 00:00:00-04:00,2.568823476288005,2.568823476288005,2.503236553801674,2.557892322540283,2100,0.0,0.0
2024-04-09 00:00:00-04:00,2.5414955615997314,2.5414955615997314,2.5305644085428844,2.5414955615997314,2100,0.0,0.0
2024-04-10 00:00:00-04:00,2.5305645465850826,2.5305645465850826,2.5305645465850826,2.530564546585083,3100,0.0,0.0
2024-04-11 00:00:00-04:00,2.4485806415561635,2.4485806415561635,2.4376494884490967,2.4376494884490967,4700,0.0,0.0
2024-04-12 00:00:00-04:00,2.4595118800861777,2.552426815032959,2.4595118800861777,2.552426815032959,2500,0.0,0.0
2024-04-15 00:00:00-04:00,2.5360298916413186,2.541495598558849,2.492305278778076,2.492305278778076,3500,0.0,0.0
2024-04-16 00:00:00-04:00,2.486839832479796,2.492305278778076,2.486839832479796,2.492305278778076,3100,0.0,0.0
2024-04-17 00:00:00-04:00,2.5141675098970984,2.6234792993999894,2.5141675098970984,2.536029815673828,6100,0.0,0.0
2024-04-18 00:00:00-04:00,2.5414955995923676,2.6234793790539115,2.5196332931518555,2.5196332931518555,13300,0.0,0.0
2024-04-19 00:00:00-04:00,2.514167548647991,2.623479339835706,2.514167548647991,2.5414955615997314,11500,0.0,0.0
2024-04-22 00:00:00-04:00,2.4977710102189006,2.590685683155909,2.4977710102189006,2.574289083480835,4800,0.0,0.0
2024-04-23 00:00:00-04:00,2.5961513507579785,2.5961513507579785,2.508702125499027,2.5688233375549316,4700,0.0,0.0
2024-04-24 00:00:00-04:00,2.4977710094771886,2.6344105562854083,2.4977710094771886,2.5469610691070557,4900,0.0,0.0
2024-04-25 00:00:00-04:00,2.5578924009452613,2.6726696491241455,2.5578924009452613,2.6726696491241455,2800,0.0,0.0
2024-04-26 00:00:00-04:00,2.634410566053572,2.716394085947089,2.5961513989824776,2.70546293258667,4400,0.0,0.0
2024-04-29 00:00:00-04:00,2.5852201139569626,2.721859654312787,2.568823254441798,2.7163939476013184,5600,0.0,0.0
2024-04-30 00:00:00-04:00,2.6125482119817827,2.6125482119817827,2.5961513519287105,2.596151351928711,4400,0.0,0.0
2024-05-01 00:00:00-04:00,2.5524267760766257,2.5524267760766257,2.5469610691070557,2.5469610691070557,400,0.0,0.0
2024-05-02 00:00:00-04:00,2.525098763217108,2.574289083480835,2.525098763217108,2.574289083480835,2900,0.0,0.0
2024-05-03 00:00:00-04:00,2.5578922838236267,2.623479465936483,2.4759087622662594,2.579754590988159,21600,0.0,0.0
2024-05-06 00:00:00-04:00,2.623479365144081,2.694531730389395,2.5797544918756388,2.596151351928711,7900,0.0,0.0
2024-05-07 00:00:00-04:00,2.590685744570425,2.607082605253454,2.5797545909881587,2.579754590988159,2900,0.0,0.0
2024-05-08 00:00:00-04:00,2.579754391816704,2.5961512512338034,2.579754391816704,2.5852200984954834,900,0.0,0.0
2024-05-09 00:00:00-04:00,2.5797544918756388,2.607082505091009,2.514167572901849,2.596151351928711,20500,0.0,0.0
2024-05-10 00:00:00-04:00,2.607082552342897,2.7382566532871815,2.607082552342897,2.70546293258667,14100,0.0,0.0
2024-05-13 00:00:00-04:00,2.519633330243905,2.6344105710558763,2.443114995956421,2.443114995956421,24400,0.0,0.0
2024-05-14 00:00:00-04:00,2.459511783363757,2.568823313932225,2.459511783363757,2.5414955615997314,2700,0.0,0.0
2024-05-15 00:00:00-04:00,2.590685683155909,2.596151390127102,2.546961069863375,2.574289083480835,2500,0.0,0.0
2024-05-16 00:00:00-04:00,2.5414956235114348,2.574289083480835,2.5360299165402416,2.574289083480835,900,0.0,0.0
2024-05-17 00:00:00-04:00,2.5688235151130203,2.5688235151130203,2.5414957606403172,2.5633580684661865,1000,0.0,0.0
2024-05-20 00:00:00-04:00,2.5360299165402416,2.574289083480835,2.5360299165402416,2.574289083480835,2800,0.0,0.0
2024-05-21 00:00:00-04:00,2.5578921866804913,2.6234793663024902,2.5578921866804913,2.6234793663024902,3900,0.0,0.0
2024-05-22 00:00:00-04:00,2.5906856438696697,2.5961513507579785,2.5633578912858717,2.5688233375549316,2900,0.0,0.0
2024-05-23 00:00:00-04:00,2.557892322540283,2.568823476288005,2.557892322540283,2.557892322540283,4700,0.0,0.0
2024-05-24 00:00:00-04:00,2.5578923824106528,2.6234795670513895,2.5578923824106528,2.5906858444213867,7200,0.0,0.0
2024-05-28 00:00:00-04:00,2.5906858444213867,2.7327911070871687,2.5906858444213867,2.5906858444213867,14600,0.0,0.0
2024-05-29 00:00:00-04:00,2.590685544555024,2.612548110650903,2.5742889457571634,2.5852200984954834,7500,0.0,0.0
2024-05-30 00:00:00-04:00,2.5961512512338034,2.6726693204020444,2.5852200984954834,2.5852200984954834,3400,0.0,0.0
2024-05-31 00:00:00-04:00,2.705463091768589,2.705463091768589,2.5906858444213867,2.5906858444213867,1600,0.0,0.0
2024-06-03 00:00:00-04:00,2.5906855552859964,2.7327908020920164,2.4485805690992164,2.508702039718628,13100,0.0,0.0
2024-06-04 00:00:00-04:00,2.51416762324369,2.5469610833872167,2.3939249360507575,2.443114995956421,9200,0.0,0.0
2024-06-05 00:00:00-04:00,2.432183681033824,2.4431148336889716,2.3939247770504264,2.426718235015869,4900,0.0,0.0
2024-06-06 00:00:00-04:00,2.443114934693006,2.475908654633454,2.4376494884490967,2.4376494884490967,3000,0.0,0.0
2024-06-07 00:00:00-04:00,2.4376494884490967,2.4376494884490967,2.4376494884490967,2.4376494884490967,0,0.0,0.0
2024-06-10 00:00:00-04:00,2.443115095067605,2.514167725237305,2.443115095067605,2.4813742637634277,6600,0.0,0.0
2024-06-11 00:00:00-04:00,2.4540460109710693,2.459511717663111,2.4540460109710693,2.4540460109710693,3100,0.0,0.0
2024-06-12 00:00:00-04:00,2.421252589591689,2.4321837425231934,2.404855990504055,2.4321837425231934,6600,0.0,0.0
2024-06-13 00:00:00-04:00,2.4321838196085266,2.4321838196085266,2.4157872200012207,2.4157872200012207,300,0.0,0.0
2024-06-14 00:00:00-04:00,2.4376495883273734,2.448580741882324,2.4376495883273734,2.448580741882324,1000,0.0,0.0
2024-06-17 00:00:00-04:00,2.4595117551615746,2.4595117551615746,2.404855990504055,2.4321837425231934,4600,0.0,0.0
2024-06-18 00:00:00-04:00,2.404855966567993,2.404855966567993,2.404855966567993,2.404855966567993,3200,0.0,0.0
2024-06-20 00:00:00-04:00,2.432183718315132,2.432183718315132,2.361131355277178,2.404855966567993,3300,0.0,0.0
2024-06-21 00:00:00-04:00,2.2627508861944055,2.3939249903638293,2.2627508861944055,2.3720626831054688,4700,0.0,0.0
2024-06-24 00:00:00-04:00,2.366596812541436,2.366596812541436,2.322872201044385,2.3283379077911377,5200,0.0,0.0
2024-06-25 00:00:00-04:00,2.3283379077911377,2.3283379077911377,2.3283379077911377,2.3283379077911377,0,0.0,0.0
2024-06-26 00:00:00-04:00,2.361131319084984,2.432183681033824,2.361131319084984,2.426718235015869,2800,0.0,0.0
2024-06-27 00:00:00-04:00,2.3283379937775845,2.4157872200012207,2.3283379937775845,2.4157872200012207,400,0.0,0.0
2024-06-28 00:00:00-04:00,2.4321837442393086,2.4595117568969727,2.4267182980793223,2.4595117568969727,4600,0.0,0.0
2024-07-01 00:00:00-04:00,2.459511717663111,2.459511717663111,2.4540460109710693,2.4540460109710693,1100,0.0,0.0
2024-07-02 00:00:00-04:00,2.432183718315132,2.432183718315132,2.404855966567993,2.404855966567993,2000,0.0,0.0
2024-07-03 00:00:00-04:00,2.404855990504055,2.4321837425231934,2.404855990504055,2.4321837425231934,1100,0.0,0.0
2024-07-05 00:00:00-04:00,2.4321837802776916,2.4485806402390957,2.4103214740753174,2.4103214740753174,2100,0.0,0.0
2024-07-08 00:00:00-04:00,2.415787119390697,2.415787119390697,2.404855966567993,2.404855966567993,1600,0.0,0.0
2024-07-09 00:00:00-04:00,2.404856205696553,2.404856205696553,2.3502004361482993,2.377528190612793,2300,0.0,0.0
2024-07-10 00:00:00-04:00,2.355665683746338,2.355665683746338,2.355665683746338,2.355665683746338,500,0.0,0.0
2024-07-11 00:00:00-04:00,2.344734532333824,2.388459144307162,2.344734532333824,2.382993698120117,7000,0.0,0.0
2024-07-12 00:00:00-04:00,2.3829936609225855,2.4267182722134004,2.350200202454474,2.404855966567993,2100,0.0,0.0
2024-07-15 00:00:00-04:00,2.410321550979397,2.410321550979397,2.3665969371795654,2.3665969371795654,900,0.0,0.0
2024-07-16 00:00:00-04:00,2.33380343925756,2.3993903589014174,2.33380343925756,2.3884592056274414,4400,0.0,0.0
2024-07-17 00:00:00-04:00,2.3993903979696984,2.3993903979696984,2.3939249515533447,2.3939249515533447,1900,0.0,0.0
2024-07-18 00:00:00-04:00,2.3720626831054688,2.3720626831054688,2.3720626831054688,2.3720626831054688,200,0.0,0.0
2024-07-19 00:00:00-04:00,2.3283379690272086,2.35020027535072,2.3283379690272086,2.333803415298462,2900,0.0,0.0
2024-07-22 00:00:00-04:00,2.355665784161844,2.3939249515533447,2.355665784161844,2.3939249515533447,1300,0.0,0.0
2024-07-23 00:00:00-04:00,2.3939249515533447,2.3939249515533447,2.3939249515533447,2.3939249515533447,300,0.0,0.0
2024-07-24 00:00:00-04:00,2.3720625173516807,2.3720625173516807,2.3010098934173584,2.3010098934173584,5500,0.0,0.0
2024-07-25 00:00:00-04:00,2.3502002116210035,2.3502002116210035,2.295544186675068,2.3010098934173584,6100,0.0,0.0
2024-07-26 00:00:00-04:00,2.3228723614732467,2.3556658223609106,2.3228723614732467,2.3447346687316895,4000,0.0,0.0
2024-07-29 00:00:00-04:00,2.399390459060669,2.399390459060669,2.399390459060669,2.399390459060669,700,0.0,0.0
2024-07-30 00:00:00-04:00,2.377528190612793,2.3884593445224436,2.377528190612793,2.377528190612793,2200,0.0,0.0
2024-07-31 00:00:00-04:00,2.377527879178878,2.421252489089966,2.377527879178878,2.421252489089966,900,0.0,0.0
2024-08-01 00:00:00-04:00,2.421252489089966,2.421252489089966,2.421252489089966,2.421252489089966,300,0.0,0.0
2024-08-02 00:00:00-04:00,2.4431149456875474,2.4431149456875474,2.2572853420311407,2.3064754009246826,13400,0.0,0.0
2024-08-05 00:00:00-04:00,2.3010100931267043,2.31194124694078,2.2190263092115035,2.295544385910034,17600,0.0,0.0
2024-08-06 00:00:00-04:00,2.2955441498308895,2.3228721618652344,2.284612997140999,2.3228721618652344,3600,0.0,0.0
2024-08-07 00:00:00-04:00,2.3228721618652344,2.3228721618652344,2.3228721618652344,2.3228721618652344,300,0.0,0.0
2024-08-08 00:00:00-04:00,2.213560730519149,2.333803415298462,2.213560730519149,2.333803415298462,7200,0.0,0.0
2024-08-09 00:00:00-04:00,2.3283379077911377,2.3283379077911377,2.3283379077911377,2.3283379077911377,300,0.0,0.0
2024-08-12 00:00:00-04:00,2.3064753395404067,2.3064753395404067,2.2682164348213423,2.3010098934173584,1400,0.0,0.0
2024-08-13 00:00:00-04:00,2.3502004155996774,2.3502004155996774,2.268216631684477,2.295544385910034,5100,0.0,0.0
2024-08-14 00:00:00-04:00,2.284613210209235,2.29554436391859,2.23542314882677,2.268216609954834,5600,0.0,0.0
2024-08-15 00:00:00-04:00,2.2408883571624756,2.273681814804553,2.1425079842362447,2.2408883571624756,6300,0.0,0.0
2024-08-16 00:00:00-04:00,2.2299573805192177,2.2299573805192177,2.208095073699951,2.208095073699951,4100,0.0,0.0
2024-08-19 00:00:00-04:00,2.2080950124361767,2.306475390393304,2.202629566192627,2.202629566192627,2800,0.0,0.0
2024-08-20 00:00:00-04:00,2.213560825181033,2.3447346687316895,2.202629671551812,2.3447346687316895,7900,0.0,0.0
2024-08-21 00:00:00-04:00,2.186232789374225,2.4267184274797007,2.186232789374225,2.2627508640289307,5900,0.0,0.0
2024-08-22 00:00:00-04:00,2.295544188549107,2.399390271164224,2.262750729926319,2.3283379077911377,5400,0.0,0.0
2024-08-23 00:00:00-04:00,2.295544385910034,2.295544385910034,2.295544385910034,2.295544385910034,300,0.0,0.0
2024-08-26 00:00:00-04:00,2.2682163984157824,2.3228721618652344,2.2135606349663304,2.3228721618652344,4900,0.0,0.0
2024-08-27 00:00:00-04:00,2.224491834640503,2.224491834640503,2.224491834640503,2.224491834640503,200,0.0,0.0
2024-08-28 00:00:00-04:00,2.257285417577509,2.2900788781438117,2.257285417577509,2.2627508640289307,900,0.0,0.0
2024-08-29 00:00:00-04:00,2.273681814804553,2.284612967351912,2.2299572046151166,2.2408883571624756,1800,0.0,0.0
2024-08-30 00:00:00-04:00,2.246354164386778,2.262750763632799,2.246354164386778,2.251819610595703,900,0.0,0.0
2024-09-03 00:00:00-04:00,2.262750763632799,2.3119410826093527,2.240888457558607,2.251819610595703,4200,0.0,0.0
2024-09-04 00:00:00-04:00,2.2463540637457724,2.2682163688404904,2.2408883571624756,2.2408883571624756,2000,0.0,0.0
2024-09-05 00:00:00-04:00,2.2408885191270884,2.3174065924890956,2.2408885191270884,2.2846131324768066,6000,0.0,0.0
2024-09-06 00:00:00-04:00,2.246354164386778,2.4048560137342903,2.240888457558607,2.251819610595703,13200,0.0,0.0
2024-09-09 00:00:00-04:00,2.2518196495987657,2.3010099694273296,2.180767153626965,2.2572853565216064,11200,0.0,0.0
2024-09-10 00:00:00-04:00,2.2572853565216064,2.2572853565216064,2.2572853565216064,2.2572853565216064,600,0.0,0.0
2024-09-11 00:00:00-04:00,2.2299574416624615,2.317406671337299,2.2299574416624615,2.268216609954834,2300,0.0,0.0
2024-09-12 00:00:00-04:00,2.2682164463235877,2.2682164463235877,2.158904786806254,2.224491834640503,8800,0.0,0.0
2024-09-13 00:00:00-04:00,2.3228722109274433,2.3447345167689857,2.2080949749497245,2.224491834640503,8200,0.0,0.0
2024-09-16 00:00:00-04:00,2.224492012998556,2.3010100895791146,2.164370536804199,2.164370536804199,23500,0.0,0.0
2024-09-17 00:00:00-04:00,2.317406437418374,2.317406437418374,2.1643703009348703,2.1916983127593994,11600,0.0,0.0
2024-09-18 00:00:00-04:00,2.1916983127593994,2.295544132206445,2.1916983127593994,2.1916983127593994,5500,0.0,0.0
2024-09-19 00:00:00-04:00,2.2463540637457724,2.273681814804553,2.2408883571624756,2.2408883571624756,4000,0.0,0.0
2024-09-20 00:00:00-04:00,2.208095059803012,2.372062620534814,2.208095059803012,2.311941146850586,20800,0.0,0.0
2024-09-23 00:00:00-04:00,2.2463542414860047,2.2518196878825143,2.229957381057966,2.2354230880737305,4800,0.0,0.0
2024-09-24 00:00:00-04:00,2.251819749081171,2.3010100710828985,2.2408885953718163,2.268216609954834,8700,0.0,0.0
2024-09-25 00:00:00-04:00,2.2846130318997795,2.3174064904683798,2.2354229743564993,2.273681879043579,18800,0.0,0.0
2024-09-26 00:00:00-04:00,2.2463542261054297,2.2846131324768066,2.213560766093141,2.2846131324768066,3100,0.0,0.0
2024-09-27 00:00:00-04:00,2.284613171331413,2.29007887840271,2.2190262501913933,2.29007887840271,8600,0.0,0.0
2024-09-30 00:00:00-04:00,2.29007887840271,2.29007887840271,2.2791477248793734,2.29007887840271,3700,0.0,0.0
2024-10-01 00:00:00-04:00,2.2955442625044893,2.339269136029463,2.2572853565216064,2.2572853565216064,13200,0.0,0.0
2024-10-02 00:00:00-04:00,2.295544160103391,2.366596783215256,2.2244917976107645,2.246354103088379,23600,0.0,0.0
2024-10-03 00:00:00-04:00,2.2791477845849495,2.3502004146575928,2.2791477845849495,2.3502004146575928,3800,0.0,0.0
2024-10-04 00:00:00-04:00,2.3775281296193533,2.3775281296193533,2.311941207844025,2.3447346687316895,5700,0.0,0.0
2024-10-07 00:00:00-04:00,2.284613193461342,2.3447346687316895,2.2791477469563612,2.3447346687316895,10300,0.0,0.0
2024-10-08 00:00:00-04:00,2.350200375847108,2.4321838977563304,2.350200375847108,2.3720626831054688,32600,0.0,0.0
2024-10-09 00:00:00-04:00,2.3556658827934913,2.377528190612793,2.328338128328998,2.377528190612793,5600,0.0,0.0
2024-10-10 00:00:00-04:00,2.377528190612793,2.377528190612793,2.377528190612793,2.377528190612793,1200,0.0,0.0
2024-10-11 00:00:00-04:00,2.3502004361482993,2.377528190612793,2.3502004361482993,2.377528190612793,3300,0.0,0.0
2024-10-14 00:00:00-04:00,2.3502001738995797,2.366596772624796,2.3228721618652344,2.3228721618652344,1500,0.0,0.0
2024-10-15 00:00:00-04:00,2.328338107971526,2.3720627232278293,2.295544385910034,2.295544385910034,1700,0.0,0.0
2024-10-16 00:00:00-04:00,2.333803415298462,2.333803415298462,2.301009955813195,2.333803415298462,2000,0.0,0.0
2024-10-17 00:00:00-04:00,2.301010054214804,2.3447346687316895,2.301010054214804,2.3447346687316895,7900,0.0,0.0
2024-10-18 00:00:00-04:00,2.4595118718138353,2.4595118718138353,2.3665969371795654,2.3665969371795654,13100,0.0,0.0
2024-10-21 00:00:00-04:00,2.366596975990132,2.4540462050239027,2.3174066543490057,2.3447346687316895,8200,0.0,0.0
2024-10-22 00:00:00-04:00,2.404856104564046,2.4321838578793127,2.3228723233797335,2.3665969371795654,9900,0.0,0.0
2024-10-23 00:00:00-04:00,2.3665969371795654,2.3665969371795654,2.3665969371795654,2.3665969371795654,0,0.0,0.0
2024-10-24 00:00:00-04:00,2.3556658612528074,2.4321839379206653,2.3502004146575928,2.3502004146575928,8500,0.0,0.0
2024-10-25 00:00:00-04:00,2.3502001282940648,2.421252489089966,2.3502001282940648,2.421252489089966,4800,0.0,0.0
2024-10-28 00:00:00-04:00,2.3720626442141723,2.3775280906295233,2.3119411699297756,2.3665969371795654,8300,0.0,0.0
2024-10-29 00:00:00-04:00,2.3665969759812486,2.3720626831054688,2.3665969759812486,2.3720626831054688,3500,0.0,0.0
2024-10-30 00:00:00-04:00,2.372062582839366,2.372062582839366,2.3010099569434295,2.361131429672241,2500,0.0,0.0
2024-10-31 00:00:00-04:00,2.31740657903697,2.3884592056274414,2.2955442724890176,2.3884592056274414,2500,0.0,0.0
2024-11-01 00:00:00-04:00,2.3775281698252346,2.3775281698252346,2.268216631684477,2.295544385910034,7400,0.0,0.0
2024-11-04 00:00:00-05:00,2.3611315684672864,2.3665970150625015,2.3502004146575928,2.3502004146575928,1000,0.0,0.0
2024-11-05 00:00:00-05:00,2.2682165933358553,2.31740665435791,2.2682165933358553,2.31740665435791,900,0.0,0.0
2024-11-06 00:00:00-05:00,2.3228721991480357,2.3228721991480357,2.3010098934173584,2.3010098934173584,3100,0.0,0.0
2024-11-07 00:00:00-05:00,2.3010098934173584,2.3010098934173584,2.3010098934173584,2.3010098934173584,300,0.0,0.0
2024-11-08 00:00:00-05:00,2.295544385910034,2.3010100931267043,2.295544385910034,2.295544385910034,4600,0.0,0.0
2024-11-11 00:00:00-05:00,2.295544385910034,2.295544385910034,2.295544385910034,2.295544385910034,300,0.0,0.0
2024-11-12 00:00:00-05:00,2.273681844451109,2.3228721618652344,2.2682163984157824,2.3228721618652344,1000,0.0,0.0
2024-11-13 00:00:00-05:00,2.295544385910034,2.295544385910034,2.295544385910034,2.295544385910034,300,0.0,0.0
2024-11-14 00:00:00-05:00,2.2846132320959582,2.295544385910034,2.2736820782818823,2.295544385910034,2400,0.0,0.0
2024-11-15 00:00:00-05:00,2.295544385910034,2.295544385910034,2.295544385910034,2.295544385910034,0,0.0,0.0
2024-11-18 00:00:00-05:00,2.273681789231936,2.3064752465051774,2.1698358412000043,2.2135605812072754,89500,0.0,0.0
2024-11-19 00:00:00-05:00,2.268216609954834,2.29554436391859,2.191698533989351,2.268216609954834,12700,0.0,0.0
2024-11-20 00:00:00-05:00,2.2408884717552193,2.295544237286957,2.202629566192627,2.202629566192627,4700,0.0,0.0
2024-11-21 00:00:00-05:00,2.2900789393126284,2.295544385910034,2.2190263092115035,2.295544385910034,9000,0.0,0.0
2024-11-22 00:00:00-05:00,2.3010098934173584,2.3010098934173584,2.3010098934173584,2.3010098934173584,700,0.0,0.0
2024-11-25 00:00:00-05:00,2.295544160103391,2.306475312842198,2.2244917976107645,2.246354103088379,7700,0.0,0.0
2024-11-26 00:00:00-05:00,2.301009905085901,2.301009905085901,2.224491834640503,2.224491834640503,5500,0.0,0.0
2024-11-27 00:00:00-05:00,2.295544464359894,2.30647561854754,2.22449209244983,2.2791478633880615,12700,0.0,0.0
2024-11-29 00:00:00-05:00,2.2682165483105527,2.2682165483105527,2.229957381057966,2.2354230880737305,1700,0.0,0.0
2024-12-02 00:00:00-05:00,2.224491834640503,2.29007875216513,2.2190261278704955,2.224491834640503,16200,0.0,0.0
2024-12-03 00:00:00-05:00,2.224491733631689,2.2408883319586943,2.186232569836625,2.2135605812072754,13500,0.0,0.0
2024-12-04 00:00:00-05:00,2.2190262276456916,2.24088853447024,2.1862327674088693,2.2354230880737305,3900,0.0,0.0
2024-12-05 00:00:00-05:00,2.21356081956543,2.23542312676841,2.186232805252075,2.186232805252075,4500,0.0,0.0
2024-12-06 00:00:00-05:00,2.224491770577293,2.224491770577293,2.1916983127593994,2.1916983127593994,38600,0.0,0.0
2024-12-09 00:00:00-05:00,2.5688234001736867,2.8967585241271405,2.5688234001736867,2.6562728881835938,186100,0.0,0.0
2024-12-10 00:00:00-05:00,2.656272824630976,2.656272824630976,2.5688233387133406,2.596151351928711,40800,0.0,0.0
2024-12-11 00:00:00-05:00,2.6234794274085753,2.6781351945172425,2.596151413544614,2.6289448738098145,11800,0.0,0.0
2024-12-12 00:00:00-05:00,2.639875988994289,2.7327909220428253,2.6289448357308878,2.6508071422576904,4500,0.0,0.0
2024-12-13 00:00:00-05:00,2.6836007837614333,2.6836007837614333,2.568823536414231,2.5906858444213867,12500,0.0,0.0
2024-12-16 00:00:00-05:00,2.5906858444213867,2.607082705736388,2.4595119963784517,2.5906858444213867,21000,0.0,0.0
2024-12-17 00:00:00-05:00,2.618013859739966,2.618013859739966,2.574289243725654,2.5906858444213867,2700,0.0,0.0
2024-12-18 00:00:00-05:00,2.5961513893561756,2.6180136959959506,2.5469610691070557,2.5469610691070557,16100,0.0,0.0
2024-12-19 00:00:00-05:00,2.5305644085428844,2.5852201738271186,2.5305644085428844,2.5414955615997314,6100,0.0,0.0
2024-12-20 00:00:00-05:00,2.552426702351691,2.618013620376587,2.552426702351691,2.618013620376587,3300,0.0,0.0
2024-12-23 00:00:00-05:00,2.590685544555024,2.5961512512338034,2.568823239078384,2.5852200984954834,2500,0.0,0.0
2024-12-24 00:00:00-05:00,2.5852200984954834,2.5852200984954834,2.5852200984954834,2.5852200984954834,0,0.0,0.0
2024-12-26 00:00:00-05:00,2.5961513530750535,2.6781351321381153,2.5852201999079285,2.6234793663024902,11100,0.0,0.0
2024-12-27 00:00:00-05:00,2.672669627848735,2.683600781844505,2.5797546885750586,2.6453418731689453,4500,0.0,0.0
2024-12-30 00:00:00-05:00,2.6672038364598256,2.6726692824417397,2.5578920500099565,2.6070823669433594,20300,0.0,0.0
2024-12-31 00:00:00-05:00,2.645341633196583,2.678135092209031,2.618013620376587,2.618013620376587,10300,0.0,0.0
2025-01-02 00:00:00-05:00,2.6180135195264227,2.628944672109486,2.6016169209614453,2.6070823669433594,8900,0.0,0.0
2025-01-03 00:00:00-05:00,2.623479365144081,2.623479365144081,2.5797544918756388,2.596151351928711,2500,0.0,0.0
2025-01-06 00:00:00-05:00,2.628944952210107,2.6508072597055508,2.541495722228332,2.557892322540283,25700,0.0,0.0
2025-01-07 00:00:00-05:00,2.568823313932225,2.574289020770272,2.5414955615997314,2.5414955615997314,22300,0.0,0.0
2025-01-08 00:00:00-05:00,2.5414955615997314,2.579754466989072,2.514167548647991,2.5414955615997314,11000,0.0,0.0
2025-01-10 00:00:00-05:00,2.514167585209697,2.514167585209697,2.486839832479796,2.492305278778076,14600,0.0,0.0
2025-01-13 00:00:00-05:00,2.519633265706434,2.519633265706434,2.3993903209741307,2.4103214740753174,39600,0.0,0.0
2025-01-14 00:00:00-05:00,2.4485808213351556,2.4540462679803476,2.33380357497419,2.377528190612793,43200,0.0,0.0
2025-01-15 00:00:00-05:00,2.4759086533016865,2.4759086533016865,2.3884591678729437,2.4103214740753174,15300,0.0,0.0
2025-01-16 00:00:00-05:00,2.410321475371806,2.4649775015263873,2.3939248760208303,2.4376494884490967,15100,0.0,0.0
2025-01-17 00:00:00-05:00,2.459511653071784,2.459511653071784,2.4157870431606963,2.421252489089966,5300,0.0,0.0
2025-01-21 00:00:00-05:00,2.432183718315132,2.492305189149623,2.404855966567993,2.404855966567993,18000,0.0,0.0
2025-01-22 00:00:00-05:00,2.4485806798350844,2.459511833113039,2.404856066723266,2.4157872200012207,7700,0.0,0.0
2025-01-23 00:00:00-05:00,2.4048561276625207,2.448580741882324,2.399390420575416,2.448580741882324,6700,0.0,0.0
2025-01-24 00:00:00-05:00,2.4485806415561635,2.4595117946632303,2.421252628478873,2.4376494884490967,20400,0.0,0.0
2025-01-27 00:00:00-05:00,2.4321838196085266,2.4321838196085266,2.3993903597746633,2.4157872200012207,14800,0.0,0.0
2025-01-28 00:00:00-05:00,2.437649627426288,2.437649627426288,2.3775281516001048,2.399390459060669,10900,0.0,0.0
2025-01-29 00:00:00-05:00,2.6234794506324777,2.8311713674839702,2.5032365013097246,2.7382566928863525,215900,0.0,0.0
2025-01-30 00:00:00-05:00,2.7437220511408653,2.8530335828121154,2.5742890467408035,2.6234793663024902,117400,0.0,0.0
2025-01-31 00:00:00-05:00,2.6999975638622646,2.7054630103900217,2.5961514736422626,2.661738395690918,89200,0.0,0.0
2025-02-03 00:00:00-05:00,2.574289128975623,2.716394124687745,2.574289128975623,2.683600664138794,72800,0.0,0.0
2025-02-04 00:00:00-05:00,2.628944729070823,2.7710499763488765,2.628944729070823,2.771049976348877,41700,0.0,0.0
2025-02-05 00:00:00-05:00,2.7819812680655716,2.7819812680655716,2.7327909476104226,2.7601189613342285,11800,0.0,0.0
2025-02-06 00:00:00-05:00,2.738256692886352,2.776515599891472,2.738256692886352,2.7382566928863525,16000,0.0,0.0
2025-02-07 00:00:00-05:00,2.7382566169211224,2.7874466760801018,2.7382566169211224,2.7819812297821045,13800,0.0,0.0
2025-02-10 00:00:00-05:00,2.809309044199992,2.8421025045658377,2.7765155838341466,2.7874467372894287,18000,0.0,0.0
2025-02-11 00:00:00-05:00,2.8366369574314763,2.8421024036554354,2.7929123451628155,2.8038434982299805,32300,0.0,0.0
2025-02-12 00:00:00-05:00,2.781981190696659,2.8147746498816635,2.776515483856201,2.776515483856201,3800,0.0,0.0
2025-02-13 00:00:00-05:00,2.803843620524228,2.913155155963683,2.7819813134363374,2.842102527618408,90500,0.0,0.0
2025-02-14 00:00:00-05:00,2.8858272638259557,2.891292710025829,2.8421023911307364,2.880361557006836,44400,0.0,0.0
2025-02-18 00:00:00-05:00,2.869430429899484,2.9951388210627075,2.842102416795599,2.9623453617095947,129700,0.0,0.0
2025-02-19 00:00:00-05:00,2.864104378881571,3.075700641433447,2.6676222895174084,2.9925734996795654,171300,1.5,0.0
2025-02-20 00:00:00-05:00,3.1210424519068347,3.173941244428172,2.9245601929818728,3.0076873302459717,53400,0.0,0.0
2025-02-21 00:00:00-05:00,3.0454724469314987,3.0757004308917026,2.8792181748043832,2.9170031547546387,29000,0.0,0.0
2025-02-24 00:00:00-05:00,2.9245602452434394,2.9321174216506756,2.682736185574962,2.84143328666687,72800,0.0,0.0
2025-02-25 00:00:00-05:00,2.8414333708726796,2.8414333708726796,2.5240391592828937,2.561824321746826,146900,0.0,0.0
2025-02-26 00:00:00-05:00,2.546710114631123,2.622280258376296,2.357785025527698,2.4484691619873047,184000,0.0,0.0
2025-02-27 00:00:00-05:00,2.4484691572279114,2.4862541389405477,2.3653421974601105,2.471140146255493,18400,0.0,0.0
2025-02-28 00:00:00-05:00,2.456026148883157,2.5089251231798912,2.4257981635707373,2.4938111305236816,106800,0.0,0.0
2025-03-03 00:00:00-05:00,2.546710039131411,2.614723184503051,2.410684108734131,2.410684108734131,16200,0.0,0.0
2025-03-04 00:00:00-05:00,2.395570073388656,2.395570073388656,2.319999933242798,2.319999933242798,15600,0.0,0.0
2025-03-05 00:00:00-05:00,2.282214956955539,2.3199999370032143,2.236872980898329,2.2973289489746094,34400,0.0,0.0
2025-03-06 00:00:00-05:00,2.289772104398014,2.32755708694458,2.282215107888701,2.32755708694458,4600,0.0,0.0
2025-03-07 00:00:00-05:00,2.289772104398014,2.32755708694458,2.289772104398014,2.32755708694458,900,0.0,0.0
2025-03-10 00:00:00-04:00,2.304886030879004,2.304886030879004,2.2671010494232178,2.2671010494232178,3600,0.0,0.0
2025-03-11 00:00:00-04:00,2.2746581327737805,2.2822151293541717,2.236873149871826,2.236873149871826,3800,0.0,0.0
2025-03-12 00:00:00-04:00,2.236872988368687,2.5240390178630467,2.236872988368687,2.2519869804382324,53200,0.0,0.0
2025-03-13 00:00:00-04:00,2.35778492492505,2.35778492492505,2.2519869804382324,2.2519869804382324,37300,0.0,0.0
2025-03-14 00:00:00-04:00,2.282214964577323,2.342670932855505,2.206645004229596,2.2519869804382324,32600,0.0,0.0
2025-03-17 00:00:00-04:00,2.2671010494232178,2.3577850049171047,2.2519870568409033,2.2671010494232178,23600,0.0,0.0
2025-03-18 00:00:00-04:00,2.267100968684393,2.3351139328826456,2.2368729845962805,2.274657964706421,8500,0.0,0.0
2025-03-19 00:00:00-04:00,2.2973290345878468,2.2973290345878468,2.2671010494232178,2.2671010494232178,5800,0.0,0.0
2025-03-20 00:00:00-04:00,2.3653421813812656,2.3653421813812656,2.1990880828028025,2.2671010494232178,19800,0.0,0.0
2025-03-21 00:00:00-04:00,2.2746581327737805,2.304886119095344,2.2293161532914354,2.236873149871826,6600,0.0,0.0
2025-03-24 00:00:00-04:00,2.3124430271701613,2.3124430271701613,2.244430060549746,2.2671010494232178,21900,0.0,0.0
2025-03-25 00:00:00-04:00,2.191531008464112,2.3124429448165613,2.191531008464112,2.274657964706421,9500,0.0,0.0
2025-03-26 00:00:00-04:00,2.2595441235170415,2.3048861026763916,2.251987126990483,2.3048861026763916,18300,0.0,0.0
2025-03-27 00:00:00-04:00,2.2671010494232178,2.2973290345878468,2.2671010494232178,2.2671010494232178,6300,0.0,0.0
2025-03-28 00:00:00-04:00,2.3124430271701613,2.3124430271701613,2.244430060549746,2.2671010494232178,3200,0.0,0.0
2025-03-31 00:00:00-04:00,2.259544150898669,2.259544150898669,2.191531181335449,2.191531181335449,19600,0.0,0.0
2025-04-01 00:00:00-04:00,2.1915309721288443,2.2368729475092497,2.138631820678711,2.138631820678711,14300,0.0,0.0
2025-04-02 00:00:00-04:00,2.183974019883385,2.2368729922178203,2.1386318634237282,2.229315996170044,26400,0.0,0.0
2025-04-03 00:00:00-04:00,2.2217590856345555,2.2217590856345555,2.146188942075207,2.1990880966186523,28500,0.0,0.0
2025-04-04 00:00:00-04:00,2.1915310197797604,2.2368729961460456,2.1310748711183822,2.2066450119018555,105600,0.0,0.0
2025-04-07 00:00:00-04:00,2.115960908825789,2.183974054507022,2.0328339509823943,2.1537458896636963,10600,0.0,0.0
2025-04-08 00:00:00-04:00,2.0932899287314464,2.115960917325256,2.0706189401376363,2.1084039211273193,6900,0.0,0.0
2025-04-09 00:00:00-04:00,2.100847005844116,2.1688599742450845,2.0630620233991337,2.100847005844116,3300,0.0,0.0
2025-04-10 00:00:00-04:00,2.09328985567675,2.09328985567675,2.0403908841373397,2.0706188678741455,9200,0.0,0.0
2025-04-11 00:00:00-04:00,2.078175850214439,2.1613028049468994,2.0630618584449008,2.1613028049468994,59200,0.0,0.0
2025-04-14 00:00:00-04:00,2.2142020435770817,2.2142020435770817,2.0781759321173254,2.131074905395508,3500,0.0,0.0
2025-04-15 00:00:00-04:00,2.115960988570952,2.2293161155297385,2.115960988570952,2.146188974380493,12600,0.0,0.0
2025-04-16 00:00:00-04:00,2.153745812472179,2.153745812472179,2.138631820678711,2.138631820678711,1400,0.0,0.0
2025-04-17 00:00:00-04:00,2.176417145578781,2.176417145578781,2.1159609936418096,2.1235179901123047,2500,0.0,0.0
2025-04-21 00:00:00-04:00,2.1613028118642563,2.1613028118642563,2.100846844592611,2.1159608364105225,4600,0.0,0.0
2025-04-22 00:00:00-04:00,2.183974136815427,2.1915311332678122,2.138631977928108,2.146188974380493,3000,0.0,0.0
2025-04-23 00:00:00-04:00,2.146188974380493,2.146188974380493,2.146188974380493,2.146188974380493,0,0.0,0.0
2025-04-24 00:00:00-04:00,2.093289887137069,2.229315996170044,2.093289887137069,2.229315996170044,1700,0.0,0.0
2025-04-25 00:00:00-04:00,2.2217590001222676,2.229315996170044,2.1159608752803987,2.229315996170044,32500,0.0,0.0
2025-04-28 00:00:00-04:00,2.214202039177348,2.214202039177348,2.1537458896636963,2.1537458896636963,4300,0.0,0.0
2025-04-29 00:00:00-04:00,2.153745902781613,2.153745902781613,2.0630619482183037,2.085732936859131,5200,0.0,0.0
2025-04-30 00:00:00-04:00,2.1688599742450845,2.1688599742450845,2.100847005844116,2.100847005844116,1000,0.0,0.0
2025-05-01 00:00:00-04:00,2.100846886874192,2.2217590040239505,2.085732894752097,2.2066450119018555,29900,0.0,0.0
2025-05-02 00:00:00-04:00,2.1386318973285334,2.2066450430097664,2.1386318973285334,2.1537458896636963,5000,0.0,0.0
2025-05-05 00:00:00-04:00,2.1839739833726313,2.1839739833726313,2.093289852142334,2.093289852142334,1400,0.0,0.0
2025-05-06 00:00:00-04:00,2.0932900093551194,2.146188984778095,2.0932900093551194,2.100847005844116,1500,0.0,0.0
2025-05-07 00:00:00-04:00,2.138631820678711,2.138631820678711,2.138631820678711,2.138631820678711,600,0.0,0.0
2025-05-08 00:00:00-04:00,2.146188813177361,2.1613028049468994,2.146188813177361,2.1613028049468994,500,0.0,0.0
2025-05-09 00:00:00-04:00,2.161302962214028,2.2142021174296107,2.161302962214028,2.1688599586486816,9900,0.0,0.0
2025-05-12 00:00:00-04:00,2.1613028858312777,2.1613028858312777,2.1537458896636963,2.1537458896636963,2200,0.0,0.0
2025-05-13 00:00:00-04:00,2.115960908825789,2.1688598819988587,2.115960908825789,2.1537458896636963,39500,0.0,0.0
2025-05-14 00:00:00-04:00,2.1839740588466916,2.2595440206726667,2.115960913030313,2.131074905395508,31200,0.0,0.0
2025-05-15 00:00:00-04:00,2.1235179576916225,2.259544072256778,2.1235179576916225,2.176417112350464,24100,0.0,0.0
2025-05-16 00:00:00-04:00,2.1613028049468994,2.199087964543739,2.138631817292592,2.1613028049468994,11300,0.0,0.0
2025-05-19 00:00:00-04:00,2.176417188099178,2.3048861306074824,2.1613030146898953,2.191531181335449,27800,0.0,0.0
2025-05-20 00:00:00-04:00,2.1990880966186523,2.1990880966186523,2.1990880966186523,2.1990880966186523,1100,0.0,0.0
2025-05-21 00:00:00-04:00,2.199088166969872,2.2671011361933897,2.161303003894907,2.236873149871826,115800,0.0,0.0
2025-05-22 00:00:00-04:00,2.214202084564355,2.236873073531812,2.2066450882418693,2.221759080886841,12600,0.0,0.0
2025-05-23 00:00:00-04:00,2.221759080886841,2.2293160772093263,2.1839740992744123,2.221759080886841,9800,0.0,0.0
2025-05-27 00:00:00-04:00,2.259544044132193,2.418241145787401,2.259544044132193,2.3124430179595947,69400,0.0,0.0
2025-05-28 00:00:00-04:00,2.3275569710961266,2.4862540700659532,2.3048859826965797,2.410684108734131,63200,0.0,0.0
2025-05-29 00:00:00-04:00,2.4333551336045813,2.622280219938729,2.320000009734892,2.335114002227783,53900,0.0,0.0
2025-05-30 00:00:00-04:00,2.3955702303401822,2.3955702303401822,2.3502280712127686,2.3502280712127686,5900,0.0,0.0
2025-06-02 00:00:00-04:00,2.440912134570573,2.440912134570573,2.2671010403932503,2.3124430179595947,9600,0.0,0.0
2025-06-03 00:00:00-04:00,2.3124430887507645,2.3880132338477815,2.3124430887507645,2.3502280712127686,15800,0.0,0.0
2025-06-04 00:00:00-04:00,2.388013128676496,2.43335510563398,2.3502279677055924,2.365342140197754,9600,0.0,0.0
2025-06-05 00:00:00-04:00,2.3955702411681004,2.4031272376946586,2.3048861026763916,2.3048861026763916,5300,0.0,0.0
2025-06-06 00:00:00-04:00,2.320000043741614,2.4484691619873047,2.320000043741614,2.4484691619873047,15100,0.0,0.0
2025-06-09 00:00:00-04:00,2.4031272268325834,2.584495322823212,2.3502280712127686,2.3502280712127686,32200,0.0,0.0
2025-06-10 00:00:00-04:00,2.4257982534876623,2.4409122467041016,2.357785103840674,2.4409122467041016,3300,0.0,0.0
2025-06-11 00:00:00-04:00,2.44091209326686,2.44091209326686,2.3426709633624907,2.410684108734131,12800,0.0,0.0
2025-06-12 00:00:00-04:00,2.365342249664155,2.4182412252293477,2.3124430939259537,2.32755708694458,17400,0.0,0.0
2025-06-13 00:00:00-04:00,2.3502280818357413,2.3728992515884255,2.3048861026763916,2.3048861026763916,12100,0.0,0.0
2025-06-16 00:00:00-04:00,2.357784990967121,2.372899163633015,2.259544039763325,2.335114002227783,12500,0.0,0.0
2025-06-17 00:00:00-04:00,2.3426710076231148,2.4031271580037843,2.2746580411394897,2.2897720336914062,9100,0.0,0.0
2025-06-18 00:00:00-04:00,2.274657964706421,2.3426709289046737,2.274657964706421,2.274657964706421,6000,0.0,0.0
2025-06-20 00:00:00-04:00,2.3124429448165613,2.4031270772538957,2.267100968684393,2.274657964706421,8100,0.0,0.0
2025-06-23 00:00:00-04:00,2.3048861026763916,2.4031272376946586,2.3048861026763916,2.3048861026763916,12800,0.0,0.0
2025-06-24 00:00:00-04:00,2.342671090761371,2.342671090761371,2.282215118408203,2.282215118408203,5400,0.0,0.0
2025-06-25 00:00:00-04:00,2.320000090435267,2.35022807647252,2.2973291009073273,2.32755708694458,5300,0.0,0.0
2025-06-26 00:00:00-04:00,2.3502279992648814,2.357784995525939,2.3124430179595947,2.3124430179595947,7200,0.0,0.0
2025-06-27 00:00:00-04:00,2.35022807647252,2.35022807647252,2.3048860974166403,2.32755708694458,15000,0.0,0.0
2025-06-30 00:00:00-04:00,2.350227994720675,2.357784990967121,2.304886017242,2.335114002227783,10400,0.0,0.0
2025-07-01 00:00:00-04:00,2.335114050591949,2.3804562091827393,2.335114050591949,2.3804562091827393,9800,0.0,0.0
2025-07-02 00:00:00-04:00,2.3804561242014017,2.410684108734131,2.3804561242014017,2.410684108734131,4200,0.0,0.0
2025-07-03 00:00:00-04:00,2.3804562091827393,2.3804562091827393,2.3804562091827393,2.3804562091827393,900,0.0,0.0
2025-07-07 00:00:00-04:00,2.418241191197559,2.418241191197559,2.3804562091827393,2.3804562091827393,4800,0.0,0.0
2025-07-08 00:00:00-04:00,2.4106842442545284,2.5844953452617836,2.3426710950594227,2.508925199508667,56900,0.0,0.0
2025-07-09 00:00:00-04:00,2.4938112286917495,2.508925221942917,2.4106842658103296,2.418241262435913,2800,0.0,0.0
2025-07-10 00:00:00-04:00,2.440912235793828,2.5315961946871295,2.4257982426449445,2.4862542152404785,7600,0.0,0.0
2025-07-11 00:00:00-04:00,2.5315961121642063,2.5315961121642063,2.4182411672426323,2.4938111305236816,16600,0.0,0.0
2025-07-14 00:00:00-04:00,2.5240391111058127,2.5618242728485288,2.4484691479663887,2.51648211479187,28500,0.0,0.0
2025-07-15 00:00:00-04:00,2.5240391981126873,2.5391531912615712,2.4333552392193862,2.4862542152404785,6500,0.0,0.0
2025-07-16 00:00:00-04:00,2.5164821341852863,2.5164821341852863,2.425798177719116,2.425798177719116,5700,0.0,0.0
2025-07-17 00:00:00-04:00,2.456026065433053,2.5240390300750732,2.456026065433053,2.5240390300750732,19700,0.0,0.0
2025-07-18 00:00:00-04:00,2.5013681268517867,2.5618242776496305,2.463583145211262,2.4938111305236816,6900,0.0,0.0
2025-07-21 00:00:00-04:00,2.5618242681331607,2.5693812644331935,2.5013681175598945,2.5391530990600586,15200,0.0,0.0
2025-07-22 00:00:00-04:00,2.501368008780305,2.622280124495602,2.4862540168375173,2.599609136581421,24400,0.0,0.0
2025-07-23 00:00:00-04:00,2.629837120466996,2.7129640761523284,2.5467099846086683,2.599609136581421,39400,0.0,0.0
2025-07-24 00:00:00-04:00,2.629837116810496,2.637394112771383,2.6071661289278363,2.6222801208496094,6000,0.0,0.0
2025-07-25 00:00:00-04:00,2.652508186536701,2.652508186536701,2.6071662093723473,2.6147232055664062,6900,0.0,0.0
2025-07-28 00:00:00-04:00,2.6525081696181543,2.85654724572932,2.62983718118058,2.70540714263916,44400,0.0,0.0
2025-07-29 00:00:00-04:00,2.7129641430013827,2.7507493039623965,2.569381216006931,2.6827361583709717,17000,0.0,0.0
2025-07-30 00:00:00-04:00,2.622280283140369,2.6827362545690323,2.576938304568871,2.607166290283203,15800,0.0,0.0
2025-07-31 00:00:00-04:00,2.607166205107803,2.720521147833272,2.607166205107803,2.6373941898345947,14100,0.0,0.0
2025-08-01 00:00:00-04:00,2.614723197085497,2.6902931587809737,2.6071662009159495,2.660065174102783,16200,0.0,0.0
2025-08-04 00:00:00-04:00,2.705407238693038,2.712964235107203,2.5920522924805685,2.6298372745513916,8900,0.0,0.0
2025-08-05 00:00:00-04:00,2.6827362346112293,2.697850227355957,2.6373942563770467,2.697850227355957,19600,0.0,0.0
2025-08-06 00:00:00-04:00,2.6676221702723306,2.682736162611426,2.629837189424592,2.660065174102783,2200,0.0,0.0
2025-08-07 00:00:00-04:00,2.660065100654043,2.660065100654043,2.440912037615334,2.6222801208496094,27700,0.0,0.0
2025-08-08 00:00:00-04:00,2.5920522924805685,2.682736249450544,2.584495296066404,2.6298372745513916,3600,0.0,0.0
2025-08-11 00:00:00-04:00,2.576938304568871,2.712964240283364,2.576938304568871,2.607166290283203,6100,0.0,0.0
2025-08-12 00:00:00-04:00,2.6600652757032317,2.6600652757032317,2.493811173450154,2.561824321746826,13600,0.0,0.0
2025-08-13 00:00:00-04:00,2.5467100638853997,2.644951194744671,2.524039075265491,2.5920522212982178,5600,0.0,0.0
2025-08-14 00:00:00-04:00,2.501368008780305,2.629837120466996,2.456026032951942,2.599609136581421,5500,0.0,0.0
2025-08-15 00:00:00-04:00,2.6071661629932756,2.6222801551125294,2.4711400537469923,2.5467100143432617,1900,0.0,0.0
2025-08-18 00:00:00-04:00,2.508925041890141,2.599609175062218,2.4711400614738586,2.5013680458068848,13000,0.0,0.0
2025-08-19 00:00:00-04:00,2.5013681268517867,2.5013681268517867,2.4786971378674716,2.4938111305236816,3000,0.0,0.0
2025-08-20 00:00:00-04:00,2.4938110497236283,2.524039034056654,2.4560260693073457,2.5013680458068848,5200,0.0,0.0
2025-08-21 00:00:00-04:00,2.5013681268517867,2.5013681268517867,2.4786971378674716,2.4938111305236816,900,0.0,0.0
2025-08-22 00:00:00-04:00,2.524039215194084,2.524039215194084,2.418241262435913,2.418241262435913,10100,0.0,0.0
2025-08-25 00:00:00-04:00,2.403127274811001,2.433355261384106,2.3955702781677246,2.3955702781677246,6400,0.0,0.0
2025-08-26 00:00:00-04:00,2.3955701206121987,2.456026089782248,2.3804561283196866,2.3880131244659424,6300,0.0,0.0
2025-08-27 00:00:00-04:00,2.43335510563398,2.456026094112722,2.365342140197754,2.365342140197754,11800,0.0,0.0
2025-08-28 00:00:00-04:00,2.3653420856398055,2.3653420856398055,2.3426709175109863,2.3426709175109863,8900,0.0,0.0
2025-08-29 00:00:00-04:00,2.365342249664155,2.3728992461734686,2.2671011148700746,2.32755708694458,38300,0.0,0.0
2025-09-02 00:00:00-04:00,2.267101125319911,2.312443104584787,2.267101125319911,2.282215118408203,14000,0.0,0.0
2025-09-03 00:00:00-04:00,2.267100964936469,2.3048859449841443,2.251986972917399,2.2973289489746094,79300,0.0,0.0
2025-09-04 00:00:00-04:00,2.3048861026763916,2.4484692168540083,2.2973291061498333,2.3048861026763916,63600,0.0,0.0
2025-09-05 00:00:00-04:00,2.319999933242798,2.319999933242798,2.2822149532563674,2.319999933242798,9700,0.0,0.0
2025-09-08 00:00:00-04:00,2.282215118408203,2.312443104584787,2.274658121864057,2.282215118408203,15500,0.0,0.0
2025-09-09 00:00:00-04:00,2.2973290345878468,2.2973290345878468,2.2595440531320605,2.2671010494232178,12900,0.0,0.0
2025-09-10 00:00:00-04:00,2.2519869766403366,2.289771956750477,2.2519869766403366,2.274657964706421,20200,0.0,0.0
2025-09-11 00:00:00-04:00,2.2519870478711357,2.3124430179595947,2.2519870478711357,2.3124430179595947,24100,0.0,0.0
2025-09-12 00:00:00-04:00,2.3426710799632064,2.35022807647252,2.2671011148700746,2.32755708694458,9400,0.0,0.0
2025-09-15 00:00:00-04:00,2.3426710799632064,2.4182412252293477,2.289772104398014,2.32755708694458,5600,0.0,0.0
2025-09-16 00:00:00-04:00,2.3048859449841443,2.3199999370032143,2.2973289489746094,2.2973289489746094,1200,0.0,0.0
2025-09-17 00:00:00-04:00,2.297329020995554,2.350227994720675,2.282215028502663,2.335114002227783,8100,0.0,0.0
2025-09-18 00:00:00-04:00,2.357784909481535,2.3653420856398055,2.304885937584615,2.3426709175109863,19500,0.0,0.0
2025-09-19 00:00:00-04:00,2.342670998474229,2.342670998474229,2.304886017242,2.335114002227783,8700,0.0,0.0
2025-09-22 00:00:00-04:00,2.3199999370032143,2.342670925031819,2.2897719529650744,2.2973289489746094,34400,0.0,0.0
2025-09-23 00:00:00-04:00,2.2973290299673645,2.3200000187952394,2.2746580411394897,2.2897720336914062,32100,0.0,0.0
2025-09-24 00:00:00-04:00,2.2897720382966895,2.2897720382966895,2.2671010494232178,2.2671010494232178,12000,0.0,0.0
2025-09-25 00:00:00-04:00,2.259544048587573,2.2897720336914062,2.2444300560356565,2.2897720336914062,3800,0.0,0.0
2025-09-26 00:00:00-04:00,2.2822151130967168,2.3048861026763916,2.2671011200436,2.3048861026763916,6900,0.0,0.0
2025-09-29 00:00:00-04:00,2.2671010448635314,2.304886026243323,2.2671010448635314,2.2897720336914062,5900,0.0,0.0
2025-09-30 00:00:00-04:00,2.2595440531320605,2.2822150420055323,2.2595440531320605,2.2671010494232178,1500,0.0,0.0
2025-10-01 00:00:00-04:00,2.2671010494232178,2.2897720382966895,2.2293160679674315,2.2671010494232178,37900,0.0,0.0
2025-10-02 00:00:00-04:00,2.2519870568409033,2.2671010494232178,2.2519870568409033,2.2671010494232178,17000,0.0,0.0
2025-10-03 00:00:00-04:00,2.259544128775765,2.289772114952349,2.259544128775765,2.282215118408203,2000,0.0,0.0
2025-10-06 00:00:00-04:00,2.282215037415448,2.2897720336914062,2.282215037415448,2.2897720336914062,6600,0.0,0.0
2025-10-07 00:00:00-04:00,2.289772120388361,2.3200001066367077,2.2595441341400146,2.2595441341400146,3500,0.0,0.0
2025-10-08 00:00:00-04:00,2.2973290345878468,2.2973290345878468,2.2595440531320605,2.2671010494232178,7100,0.0,0.0
2025-10-09 00:00:00-04:00,2.3124429448165613,2.3124429448165613,2.2595439726623647,2.274657964706421,1700,0.0,0.0
2025-10-10 00:00:00-04:00,2.2671011307021014,2.289772120388361,2.2595441341400146,2.2595441341400146,12000,0.0,0.0
2025-10-13 00:00:00-04:00,2.2822150420055323,2.2822150420055323,2.2519870568409033,2.2671010494232178,21700,0.0,0.0
2025-10-14 00:00:00-04:00,2.267101125319911,2.304886108040641,2.267101125319911,2.282215118408203,15500,0.0,0.0
2025-10-15 00:00:00-04:00,2.282214956955539,2.3199999370032143,2.274657960946004,2.2973289489746094,6000,0.0,0.0
2025-10-16 00:00:00-04:00,2.342671085309183,2.3653422550618672,2.3048861026763916,2.3048861026763916,18400,0.0,0.0
2025-10-17 00:00:00-04:00,2.2746580411394897,2.304886026243323,2.2746580411394897,2.2897720336914062,5300,0.0,0.0
2025-10-20 00:00:00-04:00,2.2822151130967168,2.3275570922560664,2.2822151130967168,2.3048861026763916,1900,0.0,0.0
2025-10-21 00:00:00-04:00,2.3275570150711977,2.3426710076231148,2.2897720336914062,2.2897720336914062,10200,0.0,0.0
2025-10-22 00:00:00-04:00,2.289772104398014,2.3351140834538935,2.289772104398014,2.32755708694458,11400,0.0,0.0
2025-10-23 00:00:00-04:00,2.289772104398014,2.3426710799632064,2.289772104398014,2.32755708694458,5700,0.0,0.0
2025-10-24 00:00:00-04:00,2.31244309920295,2.342671085309183,2.289772109623275,2.3048861026763916,27300,0.0,0.0
2025-10-27 00:00:00-04:00,2.312443104584787,2.320000101128933,2.244430135687473,2.282215118408203,32300,0.0,0.0
2025-10-28 00:00:00-04:00,2.2973289489746094,2.3199999370032143,2.274657960946004,2.2973289489746094,6900,0.0,0.0
2025-10-29 00:00:00-04:00,2.2973291225149532,2.320000112256126,2.2293161532914354,2.236873149871826,29800,0.0,0.0
2025-10-30 00:00:00-04:00,2.236873064258589,2.2822150420055323,2.236873064258589,2.2671010494232178,29100,0.0,0.0
2025-10-31 00:00:00-04:00,2.251987132231619,2.304886108040641,2.251987132231619,2.282215118408203,6700,0.0,0.0
2025-11-03 00:00:00-05:00,2.282215032915365,2.3275570104817094,2.2671010403932503,2.3124430179595947,11100,0.0,0.0
2025-11-04 00:00:00-05:00,2.297328952772505,2.297328952772505,2.274657964706421,2.274657964706421,2900,0.0,0.0
2025-11-05 00:00:00-05:00,2.274658127264188,2.297329116950448,2.2519871375779283,2.2595441341400146,4000,0.0,0.0
2025-11-06 00:00:00-05:00,2.3048860453595332,2.3048860453595332,2.1990880966186523,2.1990880966186523,22900,0.0,0.0
2025-11-07 00:00:00-05:00,2.25954398036115,2.2671009764089263,2.229315996170044,2.229315996170044,2000,0.0,0.0
2025-11-10 00:00:00-05:00,2.2293161532914354,2.236873149871826,2.214202160130654,2.236873149871826,5900,0.0,0.0
2025-11-11 00:00:00-05:00,2.229315996170044,2.229315996170044,2.229315996170044,2.229315996170044,1100,0.0,0.0
2025-11-12 00:00:00-05:00,2.2293160772093263,2.289772047789212,2.2066450882418693,2.221759080886841,24000,0.0,0.0
2025-11-13 00:00:00-05:00,2.2368730001558252,2.2368730001558252,2.176417031559073,2.183974027633667,30400,0.0,0.0
2025-11-14 00:00:00-05:00,2.1839740588466916,2.191531055029289,2.115960913030313,2.131074905395508,27900,0.0,0.0
2025-11-17 00:00:00-05:00,2.1310748748310835,2.161302859127936,1.9723777770996094,1.9723777770996094,30500,0.0,0.0
2025-11-18 00:00:00-05:00,2.0555048831800793,2.168859822588744,1.9723777474407291,2.0252768993377686,60000,0.0,0.0
2025-11-19 00:00:00-05:00,2.085732943539758,2.1008469360153867,1.934592838610471,1.9572638273239136,28300,0.0,0.0
2025-11-20 00:00:00-05:00,1.9874919924481729,2.047947962350687,1.9497068310860994,1.9572638273239136,72700,0.0,0.0
2025-11-21 00:00:00-05:00,2.1159609354701834,2.206645070796064,1.9648208300423837,2.0177199840545654,11700,0.0,0.0
2025-11-24 00:00:00-05:00,2.0252769849058216,2.0252769849058216,1.9723778307737903,1.995048999786377,4700,0.0,0.0
2025-11-25 00:00:00-05:00,2.047947880071541,2.0706188678741455,2.0177198963347354,2.0706188678741455,4400,0.0,0.0
2025-11-26 00:00:00-05:00,2.0479480461335022,2.123518011603258,2.010163063398624,2.032834053039551,10100,0.0,0.0
2025-11-28 00:00:00-05:00,2.0403909639020643,2.0706189488205684,2.0403909639020643,2.0630619525909424,8300,0.0,0.0
2025-12-01 00:00:00-05:00,2.063061868456567,2.093289852142334,2.0403908806922413,2.093289852142334,5600,0.0,0.0
2025-12-02 00:00:00-05:00,2.078175945050195,2.085732941279821,2.0252769714428123,2.0630619525909424,6500,0.0,0.0
2025-12-03 00:00:00-05:00,2.0781760323214047,2.1008470219623314,2.032834053039551,2.032834053039551,26500,0.0,0.0
2025-12-04 00:00:00-05:00,2.1084039392074434,2.1084039392074434,2.002605991529086,2.0177199840545654,17600,0.0,0.0
2025-12-05 00:00:00-05:00,2.002605991529086,2.0555049653682644,2.002605991529086,2.0177199840545654,7800,0.0,0.0
2025-12-08 00:00:00-05:00,2.0101629877918255,2.078175954156484,2.002605991529086,2.0177199840545654,36700,0.0,0.0
2025-12-09 00:00:00-05:00,2.047947964568753,2.0781759495527488,2.025276975830756,2.040390968322754,13000,0.0,0.0
2025-12-10 00:00:00-05:00,2.0555048795532005,2.0781758673949313,2.0403908876587136,2.047947883605957,7000,0.0,0.0
2025-12-11 00:00:00-05:00,2.0555048795532005,2.0781758673949313,2.047947883605957,2.047947883605957,4000,0.0,0.0
2025-12-12 00:00:00-05:00,2.0706190413087535,2.0781760378759273,2.0026060722041885,2.0101630687713623,32900,0.0,0.0
2025-12-15 00:00:00-05:00,2.00260602391415,2.0328340094539397,1.9648208618164065,1.9648208618164062,37300,0.0,0.0
2025-12-16 00:00:00-05:00,1.9874919879859516,2.0101629766484947,1.979934811592102,1.979934811592102,14700,0.0,0.0
2025-12-17 00:00:00-05:00,2.040390938235847,2.040390938235847,1.9874919652938843,1.9874919652938843,3400,0.0,0.0
2025-12-18 00:00:00-05:00,2.0706189625849882,2.0706189625849882,1.995048999786377,1.995048999786377,4400,0.0,0.0
2025-12-19 00:00:00-05:00,1.995048995266346,2.0555049653682644,1.9648208300423837,2.0177199840545654,22100,0.0,0.0
2025-12-22 00:00:00-05:00,1.9950489190953664,2.0403908949406486,1.9950489190953664,2.00260591506958,13700,0.0,0.0
2025-12-23 00:00:00-05:00,2.0403908949406486,2.0706188788375033,1.9950489190953664,2.00260591506958,10800,0.0,0.0
2025-12-24 00:00:00-05:00,2.010162911043794,2.010162911043794,2.00260591506958,2.00260591506958,2300,0.0,0.0
2025-12-26 00:00:00-05:00,2.0026060668516483,2.0479480461335022,1.9648209039437605,2.032834053039551,8300,0.0,0.0
2025-12-29 00:00:00-05:00,2.0328340477260705,2.153745992161637,2.0101630581444017,2.0555050373077393,9900,0.0,0.0
2025-12-30 00:00:00-05:00,2.025277056492575,2.032834053039551,2.025277056492575,2.032834053039551,1600,0.0,0.0
2025-12-31 00:00:00-05:00,2.025276892268937,2.0706188678741455,2.0026059044663325,2.0706188678741455,25200,0.0,0.0
2026-01-02 00:00:00-05:00,2.0781758673949313,2.0781758673949313,2.025276895764226,2.047947883605957,8300,0.0,0.0
2026-01-05 00:00:00-05:00,2.0706188609567886,2.1310748282284337,2.017719889594099,2.1159608364105225,14600,0.0,0.0
2026-01-06 00:00:00-05:00,2.093289852142334,2.093289852142334,2.093289852142334,2.093289852142334,400,0.0,0.0
2026-01-07 00:00:00-05:00,2.0932898486836558,2.2293159552178516,2.0932898486836558,2.1159608364105225,5300,0.0,0.0
2026-01-08 00:00:00-05:00,2.1008469956661817,2.183974136815427,2.1008469956661817,2.146188974380493,9500,0.0,0.0
2026-01-09 00:00:00-05:00,2.100847005844116,2.1537459812670914,2.085733012866123,2.100847005844116,7900,0.0,0.0
2026-01-12 00:00:00-05:00,2.0555049520046946,2.168859895208831,2.0555049520046946,2.085732936859131,13800,0.0,0.0
2026-01-13 00:00:00-05:00,2.131074991800102,2.1386319882890987,2.0932900093551194,2.100847005844116,2000,0.0,0.0
2026-01-14 00:00:00-05:00,2.1537458896636963,2.1537458896636963,2.131074901160952,2.1537458896636963,3300,0.0,0.0
2026-01-15 00:00:00-05:00,2.138631977928108,2.1537459708328783,2.1008469956661817,2.146188974380493,2400,0.0,0.0
2026-01-16 00:00:00-05:00,2.1084039649813837,2.176417112350464,2.1084039649813837,2.176417112350464,3400,0.0,0.0
2026-01-20 00:00:00-05:00,2.1537459657793745,2.2217591138642643,2.115960983606106,2.1688599586486816,9800,0.0,0.0
2026-01-21 00:00:00-05:00,2.168859807773212,2.168859807773212,2.1159608364105225,2.1159608364105225,7300,0.0,0.0
2026-01-22 00:00:00-05:00,2.115960908825789,2.1613028858312777,2.115960908825789,2.1537458896636963,4200,0.0,0.0
2026-01-23 00:00:00-05:00,2.146188979523791,2.146188979523791,2.1159609936418096,2.1235179901123047,4900,0.0,0.0
2026-01-26 00:00:00-05:00,2.10084684119504,2.138631820678711,2.0781758535048374,2.138631820678711,31100,0.0,0.0
2026-01-27 00:00:00-05:00,2.1235179800407598,2.1688599586486816,2.093289994302145,2.1688599586486816,36800,0.0,0.0
2026-01-28 00:00:00-05:00,2.115960983606106,2.1688599586486816,2.115960983606106,2.1688599586486816,10500,0.0,0.0
2026-01-29 00:00:00-05:00,2.1537459708328783,2.1613029672852635,2.131074981475723,2.146188974380493,3600,0.0,0.0
2026-01-30 00:00:00-05:00,2.1537458896636963,2.1537458896636963,2.1386318973285334,2.1537458896636963,6400,0.0,0.0
2026-02-02 00:00:00-05:00,2.131074905395508,2.176417062664094,2.115960913030313,2.131074905395508,27200,0.0,0.0
2026-02-03 00:00:00-05:00,2.115960961336503,2.176417112350464,2.115960961336503,2.176417112350464,505200,0.0,0.0
2026-02-04 00:00:00-05:00,2.463583242189415,2.5391532084452515,2.403127269184746,2.418241262435913,327200,0.0,0.0
2026-02-05 00:00:00-05:00,2.403127274811001,2.4635832479572106,2.342671121491779,2.3955702781677246,180100,0.0,0.0
2026-02-06 00:00:00-05:00,2.3728992079012188,2.418241186225782,2.304886060241368,2.4031271934509277,190100,0.0,0.0
2026-02-09 00:00:00-05:00,2.3955702019886673,2.418241191197559,2.342671046994913,2.3804562091827393,123000,0.0,0.0
2026-02-10 00:00:00-05:00,2.3502279677055924,2.388013128676496,2.312442986907689,2.365342140197754,92000,0.0,0.0
2026-02-11 00:00:00-05:00,2.3728992408629797,2.3728992408629797,2.3124430887507645,2.3502280712127686,40200,0.0,0.0
2026-02-12 00:00:00-05:00,2.3351140834538935,2.35022807647252,2.3048860974166403,2.32755708694458,17500,0.0,0.0
2026-02-13 00:00:00-05:00,2.320000009734892,2.342670998474229,2.297329020995554,2.335114002227783,10400,0.0,0.0
2026-02-17 00:00:00-05:00,2.3426709175109863,2.3502279134962607,2.3124429335698893,2.3426709175109863,37700,0.0,0.0
2026-02-18 00:00:00-05:00,2.335113921525712,2.357784909481535,2.335113921525712,2.3426709175109863,17100,0.0,0.0
2026-02-19 00:00:00-05:00,2.312443013488446,2.357784990967121,2.312443013488446,2.335114002227783,11100,0.0,0.0
2026-02-20 00:00:00-05:00,2.335113921525712,2.3653420856398055,2.3124429335698893,2.3426709175109863,54800,0.0,0.0
2026-02-23 00:00:00-05:00,2.3351140067427667,2.365342171959999,2.2671010403932503,2.3124430179595947,64700,0.0,0.0
2026-02-24 00:00:00-05:00,2.327556929240084,2.33511392523737,2.3048859412482257,2.319999933242798,95100,0.0,0.0
2026-02-25 00:00:00-05:00,2.2799999713897705,2.450000047683716,2.2799999713897705,2.3499999046325684,240900,0.75,0.0
2026-02-26 00:00:00-05:00,2.3499999046325684,2.390000104904175,2.2899999618530273,2.369999885559082,69300,0.0,0.0
2026-02-27 00:00:00-05:00,2.359999895095825,2.4000000953674316,2.3499999046325684,2.369999885559082,41600,0.0,0.0
2026-03-02 00:00:00-05:00,2.390000104904175,2.390000104904175,2.319999933242798,2.380000114440918,54900,0.0,0.0
2026-03-03 00:00:00-05:00,2.369999885559082,2.4700000286102295,2.319999933242798,2.440000057220459,155400,0.0,0.0
2026-03-04 00:00:00-05:00,2.4700000286102295,2.4800000190734863,2.369999885559082,2.430000066757202,42000,0.0,0.0
2026-03-05 00:00:00-05:00,2.369999885559082,2.430000066757202,2.3399999141693115,2.380000114440918,85600,0.0,0.0
2026-03-06 00:00:00-05:00,2.380000114440918,2.4600000381469727,2.369999885559082,2.4200000762939453,195600,0.0,0.0
2026-03-09 00:00:00-04:00,2.440000057220459,2.440000057220459,2.319999933242798,2.430000066757202,39600,0.0,0.0
2026-03-10 00:00:00-04:00,2.390000104904175,2.4200000762939453,2.380000114440918,2.380000114440918,17800,0.0,0.0
2026-03-11 00:00:00-04:00,2.380000114440918,2.440000057220459,2.3299999237060547,2.359999895095825,19800,0.0,0.0
2026-03-12 00:00:00-04:00,2.380000114440918,2.390000104904175,2.319999933242798,2.3299999237060547,7500,0.0,0.0
2026-03-13 00:00:00-04:00,2.319999933242798,2.3499999046325684,2.2699999809265137,2.319999933242798,8900,0.0,0.0
2026-03-16 00:00:00-04:00,2.319999933242798,2.359999895095825,2.299999952316284,2.299999952316284,15700,0.0,0.0
2026-03-17 00:00:00-04:00,2.3399999141693115,2.390000104904175,2.2899999618530273,2.309999942779541,14400,0.0,0.0
2026-03-18 00:00:00-04:00,2.2899999618530273,2.3399999141693115,2.2899999618530273,2.299999952316284,40500,0.0,0.0
2026-03-19 00:00:00-04:00,2.319999933242798,2.3499999046325684,2.2799999713897705,2.299999952316284,16600,0.0,0.0
2026-03-20 00:00:00-04:00,2.299999952316284,2.3399999141693115,2.259999990463257,2.259999990463257,59000,0.0,0.0
2026-03-23 00:00:00-04:00,2.319999933242798,2.390000104904175,2.2899999618530273,2.3399999141693115,18000,0.0,0.0
2026-03-24 00:00:00-04:00,2.369999885559082,2.4100000858306885,2.309999942779541,2.309999942779541,27800,0.0,0.0
2026-03-25 00:00:00-04:00,2.4000000953674316,2.440000057220459,2.299999952316284,2.3299999237060547,9600,0.0,0.0
2026-03-26 00:00:00-04:00,2.369999885559082,2.4000000953674316,2.2100000381469727,2.2699999809265137,48100,0.0,0.0
2026-03-27 00:00:00-04:00,2.2300000190734863,2.380000114440918,2.2300000190734863,2.2699999809265137,9100,0.0,0.0
2026-03-30 00:00:00-04:00,2.2300000190734863,2.2699999809265137,2.2100000381469727,2.259999990463257,4800,0.0,0.0
2026-03-31 00:00:00-04:00,2.309999942779541,2.369999885559082,2.25,2.309999942779541,28900,0.0,0.0
2026-04-01 00:00:00-04:00,2.3499999046325684,2.4800000190734863,2.3499999046325684,2.4100000858306885,96200,0.0,0.0
2026-04-02 00:00:00-04:00,2.4200000762939453,2.4200000762939453,2.3499999046325684,2.380000114440918,3600,0.0,0.0
2026-04-06 00:00:00-04:00,2.359999895095825,2.4200000762939453,2.3399999141693115,2.359999895095825,6300,0.0,0.0
2026-04-07 00:00:00-04:00,2.4100000858306885,2.450000047683716,2.3399999141693115,2.3499999046325684,8100,0.0,0.0
2026-04-08 00:00:00-04:00,2.390000104904175,2.390000104904175,2.240000009536743,2.299999952316284,67500,0.0,0.0
2026-04-09 00:00:00-04:00,2.299999952316284,2.3399999141693115,2.2799999713897705,2.2799999713897705,8200,0.0,0.0
2026-04-10 00:00:00-04:00,2.309999942779541,2.3299999237060547,2.299999952316284,2.299999952316284,1400,0.0,0.0
2026-04-13 00:00:00-04:00,2.3299999237060547,2.3399999141693115,2.2899999618530273,2.309999942779541,74800,0.0,0.0
2026-04-14 00:00:00-04:00,2.319999933242798,2.359999895095825,2.2799999713897705,2.319999933242798,45500,0.0,0.0
2026-04-15 00:00:00-04:00,2.299999952316284,2.369999885559082,2.2799999713897705,2.359999895095825,63200,0.0,0.0
2026-04-16 00:00:00-04:00,2.369999885559082,2.390000104904175,2.3299999237060547,2.3299999237060547,9400,0.0,0.0
2026-04-17 00:00:00-04:00,2.4000000953674316,2.4000000953674316,2.359999895095825,2.380000114440918,3600,0.0,0.0
2026-04-20 00:00:00-04:00,2.4000000953674316,2.4000000953674316,2.380000114440918,2.4000000953674316,2000,0.0,0.0
2026-04-21 00:00:00-04:00,2.4100000858306885,2.4100000858306885,2.390000104904175,2.390000104904175,5119,0.0,0.0
