Date,Open,High,Low,Close,Volume,Dividends,Stock Splits
2022-01-03 00:00:00-05:00,24.251288182599104,24.837285516840645,24.233257072119958,24.675010681152344,226100,0.0,0.0
2022-01-04 00:00:00-05:00,25.21592632028638,25.585555429956617,24.954482137136218,25.161834716796875,168000,0.0,0.0
2022-01-05 00:00:00-05:00,25.34214941125578,25.75685468605588,25.215933341912727,25.261011123657227,145500,0.0,0.0
2022-01-06 00:00:00-05:00,25.54048171908878,26.29777111545233,25.495405665310017,26.216632843017578,211000,0.0,0.0
2022-01-07 00:00:00-05:00,26.20762049102159,26.64937240629384,25.94617625198111,26.505126953125,366900,0.0,0.0
2022-01-10 00:00:00-05:00,26.66740369364255,26.72149530905213,26.324821169993285,26.658388137817383,308000,0.0,0.0
2022-01-11 00:00:00-05:00,26.81164434002558,27.073090253449966,26.2977697869265,26.640352249145508,180900,0.0,0.0
2022-01-12 00:00:00-05:00,26.66740542994421,26.793619780631467,26.261713989104372,26.27974510192871,334100,0.0,0.0
2022-01-13 00:00:00-05:00,26.46906353274048,27.32552060160711,26.46906353274048,27.00998306274414,195000,0.0,0.0
2022-01-14 00:00:00-05:00,26.523153438093544,27.54188698833849,26.523153438093544,27.532873153686523,179000,0.0,0.0
2022-01-18 00:00:00-05:00,27.379611764222556,27.884470754738853,27.163241905888746,27.226350784301758,180800,0.0,0.0
2022-01-19 00:00:00-05:00,25.684727126382995,27.23536641651951,24.972515504122704,26.027311325073242,252800,0.0,0.0
2022-01-20 00:00:00-05:00,25.96420581767248,26.297774505070404,24.90039602332073,25.00857925415039,309300,0.0,0.0
2022-01-21 00:00:00-05:00,24.89137701543406,25.188883438268117,24.368486886830524,24.37750244140625,368900,0.0,0.0
2022-01-24 00:00:00-05:00,24.043933793385314,25.224943929807694,23.8455967513998,25.08971405029297,316400,0.0,0.0
2022-01-25 00:00:00-05:00,24.8372833665777,25.40525126071018,24.40454706978994,25.04463768005371,206700,0.0,0.0
2022-01-26 00:00:00-05:00,25.242977053192106,25.648668443649235,24.37750437960537,24.756147384643555,234800,0.0,0.0
2022-01-27 00:00:00-05:00,25.621621299868703,25.865036129602725,24.63894814534956,24.783193588256836,244100,0.0,0.0
2022-01-28 00:00:00-05:00,24.684020680606558,25.161834716796875,24.34143823245161,25.161834716796875,176800,0.0,0.0
2022-01-31 00:00:00-05:00,24.837287764162852,25.14380979187764,24.16113653588755,24.945472717285156,287800,0.0,0.0
2022-02-01 00:00:00-05:00,24.828272340180085,25.279039796875804,24.440612052295144,24.99054718017578,407500,0.0,0.0
2022-02-02 00:00:00-05:00,24.891376580600717,25.035622012210027,24.26931708207233,24.593870162963867,310400,0.0,0.0
2022-02-03 00:00:00-05:00,24.56682434367001,24.77417694378907,24.052949760965713,24.125072479248047,218800,0.0,0.0
2022-02-04 00:00:00-05:00,24.251283456793068,24.810235735935155,23.97180817699253,24.620912551879883,259400,0.0,0.0
2022-02-07 00:00:00-05:00,24.63894787382706,25.143806918438955,24.539778488093166,24.9635009765625,388800,0.0,0.0
2022-02-08 00:00:00-05:00,25.17085155655024,25.84700265310563,25.06266662450327,25.78389549255371,291300,0.0,0.0
2022-02-09 00:00:00-05:00,25.77488300288814,25.77488300288814,25.0175935471411,25.13479232788086,214000,0.0,0.0
2022-02-10 00:00:00-05:00,24.9094079980299,25.387222103852793,24.9094079980299,25.23396110534668,274400,0.0,0.0
2022-02-11 00:00:00-05:00,25.233964454610526,25.68473195480623,25.017596260861573,25.261011123657227,257900,0.0,0.0
2022-02-14 00:00:00-05:00,25.4413146368715,25.62162230736634,24.927440011365,24.99054718017578,331800,0.0,0.0
2022-02-15 00:00:00-05:00,25.224944367822392,25.91011105140785,25.224944367822392,25.621620178222656,174700,0.0,0.0
2022-02-16 00:00:00-05:00,25.48639186257045,25.720791141323225,25.42328469512573,25.540483474731445,155000,0.0,0.0
2022-02-17 00:00:00-05:00,25.270024241396925,25.495407969744782,24.963502233280526,24.99054718017578,208000,0.0,0.0
2022-02-18 00:00:00-05:00,24.864330029954882,25.20691250169323,24.65697743602006,25.04463768005371,140400,0.0,0.0
2022-02-22 00:00:00-05:00,24.90940718978982,25.206913621996517,24.80122397055535,25.14380645751953,231600,0.0,0.0
2022-02-23 00:00:00-05:00,25.468362419762276,25.522454035465383,24.66599686192392,24.71107292175293,140300,0.0,0.0
2022-02-24 00:00:00-05:00,23.863624569672854,24.494699591909214,23.746425807021524,24.38651466369629,324800,0.0,0.0
2022-02-25 00:00:00-05:00,24.49470571497061,25.251995243141174,24.476674602504282,25.179872512817383,184300,0.0,0.0
2022-02-28 00:00:00-05:00,24.765159956976348,25.49540437184135,24.765159956976348,25.405250549316406,276800,0.0,0.0
2022-03-01 00:00:00-05:00,25.143806767967064,25.306083318363648,23.917720524104205,24.25128746032715,450300,0.0,0.0
2022-03-02 00:00:00-05:00,24.521749118099336,25.342145711107996,24.521749118099336,25.152822494506836,352200,0.0,0.0
2022-03-03 00:00:00-05:00,25.270020448778194,25.270020448778194,24.963498486665753,25.215927124023438,191300,0.0,0.0
2022-03-04 00:00:00-05:00,24.747133329606463,24.88236321871344,24.116058221052118,24.2242431640625,289600,0.0,0.0
2022-03-07 00:00:00-05:00,24.20621292143374,24.593873211768404,23.692338292679935,23.719383239746094,306500,0.0,0.0
2022-03-08 00:00:00-05:00,23.93574672725671,24.296361999915142,23.557102066598205,23.62922477722168,242000,0.0,0.0
2022-03-09 00:00:00-05:00,24.38651812926509,24.64796407320145,24.089011683827266,24.116058349609375,156600,0.0,0.0
2022-03-10 00:00:00-05:00,23.764459318511648,24.07999514200194,23.638243269574257,23.90870475769043,136100,0.0,0.0
2022-03-11 00:00:00-05:00,24.17916430615344,24.548793455626857,24.17916430615344,24.467655181884766,174700,0.0,0.0
2022-03-14 00:00:00-04:00,24.855317093312717,24.999562540767556,24.431596306356806,24.647964477539062,163300,0.0,0.0
2022-03-15 00:00:00-04:00,24.873343820184985,24.99955813457726,24.043931783733463,24.449623107910156,179200,0.0,0.0
2022-03-16 00:00:00-04:00,24.611897969440196,25.242972981801667,24.602884135142837,25.161834716796875,176900,0.0,0.0
2022-03-17 00:00:00-04:00,24.819254238519335,25.116760660635975,24.6209154774141,24.864330291748047,161700,0.0,0.0
2022-03-18 00:00:00-04:00,24.891374908729595,24.945466512064637,24.23325323673214,24.936450958251953,419700,0.0,0.0
2022-03-21 00:00:00-04:00,25.152824044298907,25.242977880638037,24.5397800206425,24.846302032470703,134700,0.0,0.0
2022-03-22 00:00:00-04:00,25.17085036298084,25.342142447457277,24.81023680582603,24.900390625,157300,0.0,0.0
2022-03-23 00:00:00-04:00,24.647962395191723,24.68402289423823,23.854610781673912,23.935749053955078,174300,0.0,0.0
2022-03-24 00:00:00-04:00,24.28735031117868,24.28735031117868,23.881658924647667,24.188180923461914,102500,0.0,0.0
2022-03-25 00:00:00-04:00,24.33242676887905,24.828271996097502,24.179165766944816,24.7200870513916,285200,0.0,0.0
2022-03-28 00:00:00-04:00,24.53977870009884,24.53977870009884,24.034919651125335,24.368488311767578,191500,0.0,0.0
2022-03-29 00:00:00-04:00,24.81925313502369,24.98152795115683,24.50371561782828,24.918420791625977,187600,0.0,0.0
2022-03-30 00:00:00-04:00,25.063458902078512,25.063458902078512,24.021036892165604,24.21139144897461,215500,0.15,0.0
2022-03-31 00:00:00-04:00,24.093549107217807,24.583035134815454,24.048227095295328,24.14793586730957,199100,0.0,0.0
2022-04-01 00:00:00-04:00,24.256713361519665,24.438003154912963,23.857873049775876,24.129810333251953,282200,0.0,0.0
2022-04-04 00:00:00-04:00,24.265778568794474,24.44706836561148,23.730970469674677,24.35642433166504,230100,0.0,0.0
2022-04-05 00:00:00-04:00,24.492392225804263,24.728070518797892,23.54967905382975,23.613130569458008,308600,0.0,0.0
2022-04-06 00:00:00-04:00,23.56780804784817,23.77629208871428,23.36838875600982,23.48622703552246,350300,0.0,0.0
2022-04-07 00:00:00-04:00,23.549674847782516,23.585933838193625,23.04206108449375,23.205223083496094,439800,0.0,0.0
2022-04-08 00:00:00-04:00,23.323060961271775,23.44996569670171,22.96954445519108,23.060190200805664,212300,0.0,0.0
2022-04-11 00:00:00-04:00,23.07832137031735,23.703775205482017,23.07832137031735,23.277742385864258,223800,0.0,0.0
2022-04-12 00:00:00-04:00,23.740034762960693,23.848808293177232,23.159902929084154,23.304935455322266,235700,0.0,0.0
2022-04-13 00:00:00-04:00,23.114579055787672,23.65845184994394,23.014868553663906,23.585935592651367,149400,0.0,0.0
2022-04-14 00:00:00-04:00,23.594999709044835,23.839740990275526,23.277740443539685,23.377450942993164,136300,0.0,0.0
2022-04-18 00:00:00-04:00,23.15990222372363,23.685645547555712,23.150839203918352,23.55874252319336,125800,0.0,0.0
2022-04-19 00:00:00-04:00,23.740033609235585,24.519582967649647,23.740033609235585,24.41987419128418,221100,0.0,0.0
2022-04-20 00:00:00-04:00,24.691808304718045,25.126905837127655,24.691808304718045,24.90935707092285,207400,0.0,0.0
2022-04-21 00:00:00-04:00,25.6798483545875,25.806751393965847,23.885069387989816,24.011972427368164,223900,0.0,0.0
2022-04-22 00:00:00-04:00,24.32015995237768,24.32015995237768,23.66751371621755,23.75815773010254,225500,0.0,0.0
2022-04-25 00:00:00-04:00,23.540614188020484,24.166068049831942,23.232419631703195,24.075422286987305,307900,0.0,0.0
2022-04-26 00:00:00-04:00,23.749098011565483,23.993839303552683,23.522484487519723,23.631258010864258,305300,0.0,0.0
2022-04-27 00:00:00-04:00,23.504354844796644,24.030098148163322,23.431838586708963,23.91225814819336,307100,0.0,0.0
2022-04-28 00:00:00-04:00,24.302033641830842,25.00000370529799,24.22951738386828,24.91842269897461,274700,0.0,0.0
2022-04-29 00:00:00-04:00,24.682744543195962,24.882165550213745,24.021033470093627,24.093549728393555,410400,0.0,0.0
2022-05-02 00:00:00-04:00,24.093552016451397,24.68274688720703,23.8850679701558,24.68274688720703,381800,0.0,0.0
2022-05-03 00:00:00-04:00,24.655553651762904,25.036264465158144,24.184197077288015,24.936553955078125,342000,0.0,0.0
2022-05-04 00:00:00-04:00,25.081585037154984,25.516682590577485,24.782455253061514,25.426036834716797,266600,0.0,0.0
2022-05-05 00:00:00-04:00,25.05439233802839,25.317264873355963,24.673681523055965,25.01813507080078,289600,0.0,0.0
2022-05-06 00:00:00-04:00,25.12690519474176,25.317261440881822,24.465194165003737,24.70087242126465,383600,0.0,0.0
2022-05-09 00:00:00-04:00,24.365487249507833,24.65555403525926,24.18419745345282,24.274843215942383,443700,0.0,0.0
2022-05-10 00:00:00-04:00,24.474264433818558,24.66461899397573,23.268680366050393,23.8306827545166,487700,0.0,0.0
2022-05-11 00:00:00-04:00,24.039166179026022,24.601166823714298,23.803487875828804,23.885068893432617,392500,0.0,0.0
2022-05-12 00:00:00-04:00,23.939450337197506,23.957579832393304,23.286804070463237,23.93038558959961,506100,0.0,0.0
2022-05-13 00:00:00-04:00,24.256713851426912,24.936554480461556,24.247649102235556,24.800586700439453,367600,0.0,0.0
2022-05-16 00:00:00-04:00,24.62836037039789,25.027200697431727,24.039165493664996,24.746198654174805,358400,0.0,0.0
2022-05-17 00:00:00-04:00,25.23568230344095,25.4532310801522,24.93655251934748,25.426036834716797,225800,0.0,0.0
2022-05-18 00:00:00-04:00,25.117842761344384,25.145037007276947,24.32922864746431,24.583036422729492,426500,0.0,0.0
2022-05-19 00:00:00-04:00,24.42894310799187,24.546781401593,23.85787595343634,24.12074851989746,635100,0.0,0.0
2022-05-20 00:00:00-04:00,24.30203418886498,24.583036207603683,23.939452890890532,24.41987419128418,361800,0.0,0.0
2022-05-23 00:00:00-04:00,24.818707737561212,24.972804974165523,24.601159002753413,24.70993423461914,316900,0.0,0.0
2022-05-24 00:00:00-04:00,24.5195829196455,25.135971989457307,24.2748416245694,25.045326232910156,418100,0.0,0.0
2022-05-25 00:00:00-04:00,24.89122922558893,25.516683050484307,24.79152044837664,24.84590721130371,328400,0.0,0.0
2022-05-26 00:00:00-04:00,25.190361529788305,25.416975066131457,25.01813475806877,25.317264556884766,248400,0.0,0.0
2022-05-27 00:00:00-04:00,25.371649886298727,25.833941681758976,25.371649886298727,25.806747436523438,154800,0.0,0.0
2022-05-31 00:00:00-04:00,25.607330423987314,25.797684970706822,25.371652131198303,25.68891143798828,374900,0.0,0.0
2022-06-01 00:00:00-04:00,25.797682060300847,25.84300580125708,25.027197482208205,25.598262786865234,261000,0.0,0.0
2022-06-02 00:00:00-04:00,25.707036342153508,26.57723136408044,25.317260840235637,26.48658561706543,596800,0.0,0.0
2022-06-03 00:00:00-04:00,26.49565402675649,26.559105539759802,25.779556157102455,25.960845947265625,303500,0.0,0.0
2022-06-06 00:00:00-04:00,26.114945674642303,26.114945674642303,25.815815850276724,25.824880599975586,222000,0.0,0.0
2022-06-07 00:00:00-04:00,25.625458884555524,26.042426957962473,25.53481312501191,25.960845947265625,216000,0.0,0.0
2022-06-08 00:00:00-04:00,25.725168246386062,25.87926552242143,25.29913541448785,25.462297439575195,158200,0.0,0.0
2022-06-09 00:00:00-04:00,25.416975111998365,25.498554394618967,24.64648874125643,24.673681259155273,279300,0.0,0.0
2022-06-10 00:00:00-04:00,24.20232732379012,24.474262886515074,23.658454469416068,23.87600326538086,334400,0.0,0.0
2022-06-13 00:00:00-04:00,23.341196014380287,23.64939058550546,23.04206619286753,23.15990447998047,275600,0.0,0.0
2022-06-14 00:00:00-04:00,23.1780332289129,24.102616912358865,23.087387464647268,23.957584381103516,239900,0.0,0.0
2022-06-15 00:00:00-04:00,24.27484034162593,24.338291849178272,23.468095052809804,23.821613311767578,267200,0.0,0.0
2022-06-16 00:00:00-04:00,23.413712182794054,23.413712182794054,22.724806775498035,23.078323364257812,373600,0.0,0.0
2022-06-17 00:00:00-04:00,23.28680678883505,23.894131117399304,23.28680678883505,23.67658233642578,880400,0.0,0.0
2022-06-21 00:00:00-04:00,24.256711592857762,24.256711592857762,23.74909778787513,24.111679077148438,367500,0.0,0.0
2022-06-22 00:00:00-04:00,23.83068343202609,24.220457313275556,23.83068343202609,24.12074851989746,212700,0.0,0.0
2022-06-23 00:00:00-04:00,23.948523063398774,23.993845087563766,23.28681182861328,23.28681182861328,235700,0.0,0.0
2022-06-24 00:00:00-04:00,23.404643806667746,24.175130111817417,23.404643806667746,24.14793586730957,543500,0.0,0.0
2022-06-27 00:00:00-04:00,24.274841014372395,24.39267928467478,23.595000450743946,23.667516708374023,350100,0.0,0.0
2022-06-28 00:00:00-04:00,24.002904121934108,24.166066136350377,23.730968583856317,23.812549591064453,299900,0.0,0.0
2022-06-29 00:00:00-04:00,23.96753276816418,23.96753276816418,23.247320817977506,23.265554428100586,286000,0.15,0.0
2022-06-30 00:00:00-04:00,22.83707152801823,23.22908542124984,22.5726911569788,23.156152725219727,338800,0.0,0.0
2022-07-01 00:00:00-04:00,23.110571171871864,23.557284166515643,23.046755278187423,23.46611785888672,307100,0.0,0.0
2022-07-05 00:00:00-04:00,23.05587441997991,23.484353848761774,22.736793180360163,23.4205379486084,397700,0.0,0.0
2022-07-06 00:00:00-04:00,23.210854821860266,23.48435377157233,22.791492200029104,23.074106216430664,355900,0.0,0.0
2022-07-07 00:00:00-04:00,23.41142161577312,23.68491883305388,23.41142161577312,23.438770294189453,147800,0.0,0.0
2022-07-08 00:00:00-04:00,23.63022088772924,23.675803179877427,23.1926246232359,23.584638595581055,157800,0.0,0.0
2022-07-11 00:00:00-04:00,23.31113740426618,23.575519542314826,23.27467192179388,23.52081871032715,204400,0.0,0.0
2022-07-12 00:00:00-04:00,23.24732324077972,23.867252138750317,23.24732324077972,23.51170539855957,165600,0.0,0.0
2022-07-13 00:00:00-04:00,23.27467246065675,23.347605166142728,22.955591222085772,23.074106216430664,137500,0.0,0.0
2022-07-14 00:00:00-04:00,22.59092729576326,22.682091871871382,22.235378841300857,22.654743194580078,153900,0.0,0.0
2022-07-15 00:00:00-04:00,23.092339608035235,23.6302189579519,22.937357392993942,23.529935836791992,216200,0.0,0.0
2022-07-18 00:00:00-04:00,23.821664543857242,24.25926247266799,23.821664543857242,23.985763549804688,171500,0.0,0.0
2022-07-19 00:00:00-04:00,24.222796397720803,24.888307518726368,24.08604779925912,24.651277542114258,247600,0.0,0.0
2022-07-20 00:00:00-04:00,24.432476102329378,24.778907717250704,24.377777014287517,24.60569190979004,356500,0.0,0.0
2022-07-21 00:00:00-04:00,24.660393663040544,25.143573919713273,23.830783492858224,24.396013259887695,233200,0.0,0.0
2022-07-22 00:00:00-04:00,24.596575279107824,24.64215930184202,23.949297805956252,24.14986228942871,251900,0.0,0.0
2022-07-25 00:00:00-04:00,24.423365762808327,24.80626119204722,24.423365762808327,24.578346252441406,285600,0.0,0.0
2022-07-26 00:00:00-04:00,24.478063702003727,24.68774501918456,24.19544967715769,24.25014877319336,310000,0.0,0.0
2022-07-27 00:00:00-04:00,24.432475168593058,24.833605856226225,24.423360103311648,24.633041381835938,251900,0.0,0.0
2022-07-28 00:00:00-04:00,24.933890974791524,25.38060398028789,24.73332474536473,24.924774169921875,205700,0.0,0.0
2022-07-29 00:00:00-04:00,24.84272847791006,25.189158421864498,24.84272847791006,25.043292999267578,154300,0.0,0.0
2022-08-01 00:00:00-04:00,24.715096174002134,25.070642917121084,24.651280270247756,24.851844787597656,252700,0.0,0.0
2022-08-02 00:00:00-04:00,24.924774812642088,25.508236428523087,24.642160809806327,24.943008422851562,265100,0.0,0.0
2022-08-03 00:00:00-04:00,25.298557688465355,26.091702424334162,25.298557688465355,25.891136169433594,433100,0.0,0.0
2022-08-04 00:00:00-04:00,25.982297493291263,26.0734637971786,25.225620127075835,25.280319213867188,257200,0.0,0.0
2022-08-05 00:00:00-04:00,25.189155941448924,25.572053072774608,25.189155941448924,25.371488571166992,148300,0.0,0.0
2022-08-08 00:00:00-04:00,25.635872987846408,25.918487024049114,25.444423535748914,25.553823471069336,204700,0.0,0.0
2022-08-09 00:00:00-04:00,25.417067388278518,25.909364377978758,25.39883551887867,25.90024757385254,217900,0.0,0.0
2022-08-10 00:00:00-04:00,26.22844716855417,26.848375976170534,26.128164055894846,26.410778045654297,348400,0.0,0.0
2022-08-11 00:00:00-04:00,26.684279583351866,26.693396388927784,26.36519834360625,26.602230072021484,149100,0.0,0.0
2022-08-12 00:00:00-04:00,26.784560743941388,27.11275878652996,26.538413950852814,27.058059692382812,152000,0.0,0.0
2022-08-15 00:00:00-04:00,26.620464075733665,27.03982670529279,26.58399685289223,27.02159309387207,154300,0.0,0.0
2022-08-16 00:00:00-04:00,26.821027965941386,27.213041908177097,26.821027965941386,27.058059692382812,164000,0.0,0.0
2022-08-17 00:00:00-04:00,26.775444551539493,27.08540723124305,26.56576151156119,26.96689224243164,221100,0.0,0.0
2022-08-18 00:00:00-04:00,26.948654637150984,26.97600504844645,26.702507890901906,26.903072357177734,181600,0.0,0.0
2022-08-19 00:00:00-04:00,26.784560665137644,26.830144692503524,26.565762550339947,26.711627960205078,133700,0.0,0.0
2022-08-22 00:00:00-04:00,26.39254576264724,26.547527962129085,25.98229825259157,26.10993003845215,217600,0.0,0.0
2022-08-23 00:00:00-04:00,26.201094459609884,26.337843040170647,25.754381502390025,25.763498306274414,160100,0.0,0.0
2022-08-24 00:00:00-04:00,25.772621293259167,25.799969972621007,25.49912232767005,25.66322135925293,113300,0.0,0.0
2022-08-25 00:00:00-04:00,25.55382025398054,26.064349163879378,25.43530352739962,26.036998748779297,152200,0.0,0.0
2022-08-26 00:00:00-04:00,26.164631190554424,26.356078871722303,25.47176968655377,25.599401473999023,173900,0.0,0.0
2022-08-29 00:00:00-04:00,25.316789088644807,25.398838596871464,24.98859105573819,25.070640563964844,160900,0.0,0.0
2022-08-30 00:00:00-04:00,25.09799318062506,25.09799318062506,24.715096021606797,24.906543731689453,134800,0.0,0.0
2022-08-31 00:00:00-04:00,24.833605598765327,25.00682139781039,24.669506603759746,24.79714012145996,175900,0.0,0.0
2022-09-01 00:00:00-04:00,24.651278555812077,24.705977649675507,24.086048789713836,24.222797393798828,197300,0.0,0.0
2022-09-02 00:00:00-04:00,24.833606770728093,25.061521665913393,24.295727478982567,24.4871768951416,228700,0.0,0.0
2022-09-06 00:00:00-04:00,24.45071290607117,24.605695124817263,23.648453134172662,23.94930076599121,258300,0.0,0.0
2022-09-07 00:00:00-04:00,23.703150638863605,23.940182353914572,23.40230302723214,23.903715133666992,301000,0.0,0.0
2022-09-08 00:00:00-04:00,23.776081879488075,24.368660261275725,23.59374926715988,24.259262084960938,200900,0.0,0.0
2022-09-09 00:00:00-04:00,24.323080298926016,24.842726033146015,24.323080298926016,24.678627014160156,176900,0.0,0.0
2022-09-12 00:00:00-04:00,24.851842110656964,25.198272010373113,24.614810394492114,24.943008422851562,153300,0.0,0.0
2022-09-13 00:00:00-04:00,24.43247874290578,24.733326367929557,24.19544875615613,24.396013259887695,230700,0.0,0.0
2022-09-14 00:00:00-04:00,24.30484835821847,24.423365097341932,23.821668073432342,24.323081970214844,267100,0.0,0.0
2022-09-15 00:00:00-04:00,24.20456589059611,24.888310709413553,24.20456589059611,24.578346252441406,221400,0.0,0.0
2022-09-16 00:00:00-04:00,24.46894747534085,24.91566053772,24.122515801591824,24.906543731689453,749600,0.0,0.0
2022-09-19 00:00:00-04:00,24.65127875546101,25.45353851441584,24.65127875546101,25.152690887451172,292900,0.0,0.0
2022-09-20 00:00:00-04:00,25.052411084923413,25.362375558484512,24.924779268346402,25.079761505126953,170200,0.0,0.0
2022-09-21 00:00:00-04:00,25.31678763421193,25.86378374468079,25.025056838989258,25.025056838989258,248300,0.0,0.0
2022-09-22 00:00:00-04:00,24.93389098979249,24.943007794667626,24.304845364230175,24.405128479003906,180100,0.0,0.0
2022-09-23 00:00:00-04:00,24.168094500156723,24.177211304176062,23.53904893364273,23.82166290283203,170700,0.0,0.0
2022-09-26 00:00:00-04:00,23.639334046646816,24.113397462798456,23.639334046646816,23.64845085144043,237200,0.0,0.0
2022-09-27 00:00:00-04:00,23.830781646322457,24.013114263843306,23.29290233737393,23.356719970703125,283300,0.0,0.0
2022-09-28 00:00:00-04:00,23.411419060418297,23.575518068416518,23.12880506822842,23.356719970703125,319800,0.0,0.0
2022-09-29 00:00:00-04:00,23.117822093235652,23.154576228940577,22.59408792717602,23.062692642211914,287800,0.2,0.0
2022-09-30 00:00:00-04:00,23.15457929801096,23.512923405963175,22.980000635339987,23.090259552001953,286300,0.0,0.0
2022-10-03 00:00:00-04:00,23.356721709836098,23.751819956609964,23.07188413176833,23.604806900024414,194400,0.0,0.0
2022-10-04 00:00:00-04:00,23.953964172631053,24.937114715576172,23.953964172631053,24.937114715576172,309700,0.0,0.0
2022-10-05 00:00:00-04:00,24.679837104201347,24.863602519869502,24.40418635189872,24.854413986206055,192600,0.0,0.0
2022-10-06 00:00:00-04:00,24.68902707922271,24.881981039819063,24.523636968692294,24.633895874023438,185900,0.0,0.0
2022-10-07 00:00:00-04:00,24.44094084203041,24.44094084203041,23.97233613358062,24.00908851623535,342900,0.0,0.0
2022-10-10 00:00:00-04:00,24.257176308935673,24.50526149083354,24.05503380101916,24.06422233581543,177100,0.0,0.0
2022-10-11 00:00:00-04:00,23.862075036124466,24.450128920450442,23.806945586902327,24.220420837402344,248900,0.0,0.0
2022-10-12 00:00:00-04:00,24.11016452700703,24.542015169971965,23.889644937884473,24.275554656982422,188900,0.0,0.0
2022-10-13 00:00:00-04:00,24.11016565642112,25.212765406217883,23.92640019981099,25.10250473022461,285400,0.0,0.0
2022-10-14 00:00:00-04:00,25.414905371780385,25.66299055335146,24.698215431419666,24.78091049194336,253000,0.0,0.0
2022-10-17 00:00:00-04:00,25.08411999873654,25.424088706074976,24.799282488826037,25.185192108154297,225000,0.0,0.0
2022-10-18 00:00:00-04:00,25.60786146886776,25.699743312975432,24.872794448269513,24.983055114746094,227100,0.0,0.0
2022-10-19 00:00:00-04:00,24.780909456924956,25.185196207873496,24.661462014787343,25.120878219604492,276100,0.0,0.0
2022-10-20 00:00:00-04:00,25.111689103516664,25.626234750283484,23.96314861807859,24.532825469970703,352600,0.0,0.0
2022-10-21 00:00:00-04:00,24.753345014936073,25.27707919551098,24.643084357299077,25.1484432220459,340500,0.0,0.0
2022-10-24 00:00:00-04:00,25.18520074257174,25.433285958449854,25.065753278927122,25.277084350585938,167300,0.0,0.0
2022-10-25 00:00:00-04:00,25.240327379562657,25.589484700405734,25.028996331571978,25.552730560302734,231900,0.0,0.0
2022-10-26 00:00:00-04:00,25.782436052734436,25.782436052734436,25.313831329345703,25.313831329345703,229100,0.0,0.0
2022-10-27 00:00:00-04:00,25.617047714483203,25.993770628073097,25.38733960395955,25.561918258666992,158000,0.0,0.0
2022-10-28 00:00:00-04:00,25.800810972684303,25.920258400841703,25.38733573572881,25.727304458618164,408900,0.0,0.0
2022-10-31 00:00:00-04:00,25.552728369070262,25.7732479331764,25.350585873439734,25.617046356201172,341800,0.0,0.0
2022-11-01 00:00:00-04:00,25.75487494916785,25.892699470146567,25.534355365095124,25.73649787902832,195100,0.0,0.0
2022-11-02 00:00:00-04:00,25.607857472985867,26.02133096455299,25.19438222888518,25.33220672607422,269900,0.0,0.0
2022-11-03 00:00:00-04:00,25.139253943234017,25.212760461970166,24.725778680009647,24.99224090576172,165000,0.0,0.0
2022-11-04 00:00:00-04:00,25.249517320837295,25.442473062056827,24.90955026861967,25.414907455444336,167900,0.0,0.0
2022-11-07 00:00:00-05:00,25.617047661872817,25.82838045504625,25.497600215760702,25.64461326599121,202600,0.0,0.0
2022-11-08 00:00:00-05:00,25.718120808888795,25.966205998170807,25.49760122481607,25.73649787902832,237500,0.0,0.0
2022-11-09 00:00:00-05:00,25.672182020484744,25.901890158725397,25.561921343014266,25.7548770904541,190100,0.0,0.0
2022-11-10 00:00:00-05:00,26.379677097961483,26.967731019781013,26.296983795122657,26.747211456298828,207300,0.0,0.0
2022-11-11 00:00:00-05:00,26.958546952800603,27.013676414673085,25.819194809743355,25.920265197753906,314700,0.0,0.0
2022-11-14 00:00:00-05:00,25.90188336680262,26.01214226282729,25.598668773934442,25.662986755371094,237200,0.0,0.0
2022-11-15 00:00:00-05:00,25.828383392183593,26.471565121949602,25.745688322958337,26.18672752380371,431100,0.0,0.0
2022-11-16 00:00:00-05:00,26.06727314104125,26.177532035702527,25.791622399320993,25.809999465942383,142900,0.0,0.0
2022-11-17 00:00:00-05:00,25.589485422947178,25.874323006652638,25.43328382816665,25.708932876586914,163500,0.0,0.0
2022-11-18 00:00:00-05:00,26.131591444809832,26.149966759124908,25.635421155098147,25.662986755371094,515300,0.0,0.0
2022-11-21 00:00:00-05:00,25.53435172166465,26.122403861950943,25.497597586629947,26.104026794433594,201900,0.0,0.0
2022-11-22 00:00:00-05:00,26.186724960535145,26.33373801309334,25.98458245140109,26.296985626220703,154200,0.0,0.0
2022-11-23 00:00:00-05:00,26.35211395891256,26.480749936281363,26.113217320560675,26.37049102783203,142000,0.0,0.0
2022-11-25 00:00:00-05:00,26.581825489136573,26.692084411798007,26.21429282604183,26.600202560424805,42600,0.0,0.0
2022-11-28 00:00:00-05:00,26.41643040064774,26.489936919487327,26.131592859211047,26.324546813964844,155000,0.0,0.0
2022-11-29 00:00:00-05:00,26.177535724285104,26.56344541504379,26.177535724285104,26.241853713989258,143100,0.0,0.0
2022-11-30 00:00:00-05:00,26.113217020709712,26.618574142456055,25.64461228384654,26.618574142456055,243400,0.0,0.0
2022-12-01 00:00:00-05:00,26.54506966551052,26.636953263598883,26.00295836457643,26.269420623779297,140800,0.0,0.0
2022-12-02 00:00:00-05:00,26.021335434700877,26.27860915884152,25.800815850809123,26.269420623779297,129300,0.0,0.0
2022-12-05 00:00:00-05:00,26.085650237840692,26.085650237840692,24.780908211625043,25.010616302490234,191000,0.0,0.0
2022-12-06 00:00:00-05:00,24.891168401864345,25.047369970839167,24.587953797681884,24.790096282958984,207600,0.0,0.0
2022-12-07 00:00:00-05:00,24.56957890426374,24.95548859396563,24.28474134241089,24.725780487060547,185700,0.0,0.0
2022-12-08 00:00:00-05:00,24.881981465433213,24.946299453398844,24.587955376142485,24.753345489501953,136300,0.0,0.0
2022-12-09 00:00:00-05:00,24.62470590222066,24.900356654523293,24.51444700332649,24.854413986206055,147300,0.0,0.0
2022-12-12 00:00:00-05:00,24.872796717818492,25.111693389871306,24.716595115035265,24.937114715576172,169000,0.0,0.0
2022-12-13 00:00:00-05:00,25.32301979223146,25.433280448467936,24.597143126498054,24.679838180541992,371700,0.0,0.0
2022-12-14 00:00:00-05:00,24.56958065987856,24.854418242084424,24.284743077672694,24.44094467163086,233800,0.0,0.0
2022-12-15 00:00:00-05:00,24.16529559679335,24.16529559679335,23.659938390438374,23.889646530151367,301900,0.0,0.0
2022-12-16 00:00:00-05:00,23.586427311042822,23.889641926937216,23.448602804278767,23.81613540649414,1300400,0.0,0.0
2022-12-19 00:00:00-05:00,23.834512322197813,24.257174373907038,23.834512322197813,24.24798583984375,254300,0.0,0.0
2022-12-20 00:00:00-05:00,24.293932019717595,24.65227613728469,24.08259921079968,24.21123695373535,376800,0.0,0.0
2022-12-21 00:00:00-05:00,24.35824820113509,24.780910282430458,24.330682597015645,24.578767776489258,208500,0.0,0.0
2022-12-22 00:00:00-05:00,24.505261743801928,24.734969858478536,24.22042417231241,24.71659278869629,175500,0.0,0.0
2022-12-23 00:00:00-05:00,24.578765642537352,25.038181822771694,24.578765642537352,24.99224090576172,88300,0.0,0.0
2022-12-27 00:00:00-05:00,25.038186422628595,25.29546016173664,24.863607751357634,25.065752029418945,95500,0.0,0.0
2022-12-28 00:00:00-05:00,25.13925510198872,25.24951400890833,25.001428839538615,25.019805908203125,138100,0.0,0.0
2022-12-29 00:00:00-05:00,25.158654098290707,25.612213134765625,25.029066306583946,25.612213134765625,168000,0.2,0.0
2022-12-30 00:00:00-05:00,25.454853866709964,25.76031204249044,25.325266084712524,25.510391235351562,185200,0.0,0.0
2023-01-03 00:00:00-05:00,25.565932285013567,25.93618437953378,25.241961040245414,25.612213134765625,205400,0.0,0.0
2023-01-04 00:00:00-05:00,25.843616122982123,25.973203890662614,25.491877139777543,25.658489227294922,204300,0.0,0.0
2023-01-05 00:00:00-05:00,25.63998078285012,25.69551815149172,25.306753039998288,25.510391235351562,152900,0.0,0.0
2023-01-06 00:00:00-05:00,25.65849294089859,26.18610414031904,25.65849294089859,26.167591094970703,145300,0.0,0.0
2023-01-09 00:00:00-05:00,26.33420750878335,26.33420750878335,25.584444989464487,25.639984130859375,162600,0.0,0.0
2023-01-10 00:00:00-05:00,25.593697735969673,25.973206318654313,25.39931606627802,25.732542037963867,185700,0.0,0.0
2023-01-11 00:00:00-05:00,25.760312714690368,25.973207437956127,25.519648423628624,25.778825759887695,359700,0.0,0.0
2023-01-12 00:00:00-05:00,25.973206717808313,26.343458783983195,25.945438916283393,26.213871002197266,160100,0.0,0.0
2023-01-13 00:00:00-05:00,25.963946287482273,26.454531304761392,25.760308123112125,26.32494354248047,170700,0.0,0.0
2023-01-17 00:00:00-05:00,26.334204622104668,26.334204622104668,25.862132565003364,25.880643844604492,183300,0.0,0.0
2023-01-18 00:00:00-05:00,25.86212984995461,25.86212984995461,25.14013705627193,25.22344398498535,163500,0.0,0.0
2023-01-19 00:00:00-05:00,25.20493761888717,25.316014141764096,24.83468548513314,25.269731521606445,170800,0.0,0.0
2023-01-20 00:00:00-05:00,25.602956126069664,25.704776112194335,25.177166666823243,25.538162231445312,213900,0.0,0.0
2023-01-23 00:00:00-05:00,25.445598442453377,25.473368010723128,25.112370685221155,25.45485496520996,182300,0.0,0.0
2023-01-24 00:00:00-05:00,25.093858598063086,25.48262371382895,25.093858598063086,25.297496795654297,121000,0.0,0.0
2023-01-25 00:00:00-05:00,25.214190956926984,25.241960525512695,24.88096319590333,25.241960525512695,150500,0.0,0.0
2023-01-26 00:00:00-05:00,26.26941038185135,26.55635729991811,24.843939376573214,25.612213134765625,268500,0.0,0.0
2023-01-27 00:00:00-05:00,25.649235562923934,25.87138856869366,25.390059998694447,25.714031219482422,184800,0.0,0.0
2023-01-30 00:00:00-05:00,25.621469171819825,25.871389992943357,25.316010978947023,25.538162231445312,135600,0.0,0.0
2023-01-31 00:00:00-05:00,25.6122131940278,26.241642638919178,25.417829740516638,26.20461654663086,179300,0.0,0.0
2023-02-01 00:00:00-05:00,26.08428376278345,26.963632217545506,26.028746393077707,26.685943603515625,248000,0.0,0.0
2023-02-02 00:00:00-05:00,26.824786234933594,27.120987875530354,26.621148048398585,27.07470703125,187000,0.0,0.0
2023-02-03 00:00:00-05:00,27.00065778069031,27.685624545362643,26.80627434226241,27.417192459106445,250400,0.0,0.0
2023-02-06 00:00:00-05:00,27.306117980819838,27.361655353559122,26.815532852702628,27.009916305541992,172000,0.0,0.0
2023-02-07 00:00:00-05:00,26.797021762749203,27.435705967547488,26.797021762749203,27.398681640625,188300,0.0,0.0
2023-02-08 00:00:00-05:00,27.07470703125,27.426446038083387,27.01916966501337,27.07470703125,220400,0.0,0.0
2023-02-09 00:00:00-05:00,27.27834385443331,27.3709073038688,26.62114671789312,26.741477966308594,179000,0.0,0.0
2023-02-10 00:00:00-05:00,26.722971153304236,27.019172828582082,26.658175492023616,27.009916305541992,161500,0.0,0.0
2023-02-13 00:00:00-05:00,27.000655810403064,27.158013147933048,26.982142767046362,27.019168853759766,122500,0.0,0.0
2023-02-14 00:00:00-05:00,26.972888285875225,27.111734356053244,26.685943154142823,26.8062744140625,168300,0.0,0.0
2023-02-15 00:00:00-05:00,26.584124304243765,27.102478986487547,26.445279993661078,27.046939849853516,150200,0.0,0.0
2023-02-16 00:00:00-05:00,26.843299104658477,27.213551153001838,26.797018260678446,26.98214340209961,194300,0.0,0.0
2023-02-17 00:00:00-05:00,27.083963320013723,27.51900925520684,27.00991291050211,27.491241455078125,177700,0.0,0.0
2023-02-21 00:00:00-05:00,27.306117525739644,27.528268778495683,27.019172378284075,27.232067108154297,250000,0.0,0.0
2023-02-22 00:00:00-05:00,27.28760150479541,27.574548386466322,27.14875720764876,27.491241455078125,285800,0.0,0.0
2023-02-23 00:00:00-05:00,27.519009780403717,27.86149403436935,27.324628113788858,27.657854080200195,249200,0.0,0.0
2023-02-24 00:00:00-05:00,27.537525183261323,27.639345169067383,27.315373931458186,27.639345169067383,188900,0.0,0.0
2023-02-27 00:00:00-05:00,27.750419776585055,27.880009330296076,27.685625882480142,27.74116325378418,227100,0.0,0.0
2023-02-28 00:00:00-05:00,27.768928789245564,28.24100079052285,27.768928789245564,28.15769386291504,405500,0.0,0.0
2023-03-01 00:00:00-05:00,28.01885445775641,28.250262238017697,27.78744667749513,27.898521423339844,228800,0.0,0.0
2023-03-02 00:00:00-05:00,27.71339013968887,27.75967097932244,27.36164940267063,27.519006729125977,187600,0.0,0.0
2023-03-03 00:00:00-05:00,27.630087716274016,27.824469392996495,27.306116489568733,27.787445068359375,228300,0.0,0.0
2023-03-06 00:00:00-05:00,27.76893064517863,27.86149410042944,26.982143923798358,27.25983428955078,280700,0.0,0.0
2023-03-07 00:00:00-05:00,27.204293387520913,27.204293387520913,26.454532803211645,26.547096252441406,265300,0.0,0.0
2023-03-08 00:00:00-05:00,26.639662255675972,26.824787406382914,26.19535800987685,26.510072708129883,184800,0.0,0.0
2023-03-09 00:00:00-05:00,26.398998769067646,26.398998769067646,25.464111168399622,25.47336769104004,321500,0.0,0.0
2023-03-10 00:00:00-05:00,24.862448082984915,25.973204172665348,24.501450809025453,25.547414779663086,470800,0.0,0.0
2023-03-13 00:00:00-04:00,24.992038839825696,26.44527933432797,23.807230437023915,24.686580657958984,997200,0.0,0.0
2023-03-14 00:00:00-04:00,26.09353836178316,26.639660792551133,24.806910072354718,24.98278045654297,605500,0.0,0.0
2023-03-15 00:00:00-04:00,24.020129546482007,24.70509639981677,23.705414807719908,24.445919036865234,509600,0.0,0.0
2023-03-16 00:00:00-04:00,24.029378688371786,25.66774589862466,23.6221023402814,25.04757308959961,401300,0.0,0.0
2023-03-17 00:00:00-04:00,24.492193936830585,24.492193936830585,23.529538672894017,23.649869918823242,2799400,0.0,0.0
2023-03-20 00:00:00-04:00,23.955331616569865,24.603274079933136,23.751693414184835,23.872026443481445,323600,0.0,0.0
2023-03-21 00:00:00-04:00,24.89021659507793,25.05683045467995,24.52922107627421,24.603271484375,307300,0.0,0.0
2023-03-22 00:00:00-04:00,24.603273604797984,24.908731785227147,23.853512937472065,23.89053726196289,357400,0.0,0.0
2023-03-23 00:00:00-04:00,24.02012784243096,24.02012784243096,22.937139380697626,23.140777587890625,421600,0.0,0.0
2023-03-24 00:00:00-04:00,22.761267847744193,23.94607623705885,22.742754802871822,23.89979362487793,275200,0.0,0.0
2023-03-27 00:00:00-04:00,24.464428971750635,24.464428971750635,23.899793465418544,23.90904998779297,163900,0.0,0.0
2023-03-28 00:00:00-04:00,23.881281184266246,24.103434197353486,23.631362134170164,23.668386459350586,199600,0.0,0.0
2023-03-29 00:00:00-04:00,23.779464863254983,23.844258761616498,23.19631624699868,23.3721866607666,260100,0.0,0.0
2023-03-30 00:00:00-04:00,23.568275609699352,23.568275609699352,22.60649509142776,22.75589942932129,264500,0.22,0.0
2023-03-31 00:00:00-04:00,22.86794928253198,23.316156930146743,22.65318334067727,23.288145065307617,327000,0.0,0.0
2023-04-03 00:00:00-04:00,23.213441766523896,23.437545570789727,22.82125966380402,23.06403923034668,201600,0.0,0.0
2023-04-04 00:00:00-04:00,23.101390917644103,23.101390917644103,21.80345560751358,22.214313507080078,291600,0.0,0.0
2023-04-05 00:00:00-04:00,21.82213401919471,22.204978319442066,21.756768837794723,22.008886337280273,222800,0.0,0.0
2023-04-06 00:00:00-04:00,22.055572690452156,22.438416937546837,21.840804971993634,22.429079055786133,278400,0.0,0.0
2023-04-10 00:00:00-04:00,22.41040470188046,22.85861236847352,22.158287221539755,22.419742584228516,428800,0.0,0.0
2023-04-11 00:00:00-04:00,22.503783264193935,22.71854922964719,22.42908198138328,22.522459030151367,185800,0.0,0.0
2023-04-12 00:00:00-04:00,22.671857592571385,22.737220980862023,22.26099971914898,22.33570098876953,147200,0.0,0.0
2023-04-13 00:00:00-04:00,22.494442023627563,22.718545838609128,22.13027354690987,22.569143295288086,182700,0.0,0.0
2023-04-14 00:00:00-04:00,22.839939525261574,22.93331657966717,22.176965822918273,22.550472259521484,276600,0.0,0.0
2023-04-17 00:00:00-04:00,22.475772518207254,22.923980272961284,22.214318885110387,22.87729263305664,248700,0.0,0.0
2023-04-18 00:00:00-04:00,22.951987113268427,22.961324994681693,22.4477539840835,22.597156524658203,209500,0.0,0.0
2023-04-19 00:00:00-04:00,22.59715782998014,23.43754761451254,22.56914418412214,23.288145065307617,245900,0.0,0.0
2023-04-20 00:00:00-04:00,23.026690818232915,24.044496846650308,23.026690818232915,23.605627059936523,263600,0.0,0.0
2023-04-21 00:00:00-04:00,23.708339866615294,23.997808873853526,23.52158756432046,23.96979522705078,226600,0.0,0.0
2023-04-24 00:00:00-04:00,23.876417053159898,24.33396257646072,23.6429753505971,23.652313232421875,243100,0.0,0.0
2023-04-25 00:00:00-04:00,23.512250265121875,23.73635410204448,23.25079489820268,23.316158294677734,327000,0.0,0.0
2023-04-26 00:00:00-04:00,23.20410517564267,23.820391116896765,23.064040512815616,23.792377471923828,229600,0.0,0.0
2023-04-27 00:00:00-04:00,23.82973151289199,24.37131623904776,23.689666835286342,23.91377067565918,333200,0.0,0.0
2023-04-28 00:00:00-04:00,23.801715886120466,24.212573783155324,23.661651220159605,23.87641716003418,254600,0.0,0.0
2023-05-01 00:00:00-04:00,23.97913678093508,24.07251383688959,23.400200458832476,23.446889877319336,230600,0.0,0.0
2023-05-02 00:00:00-04:00,23.344172684599044,23.390860317560627,22.279678980107416,22.66252326965332,426300,0.0,0.0
2023-05-03 00:00:00-04:00,22.774573910704085,23.46556119659912,21.86882066723742,21.990209579467773,474500,0.0,0.0
2023-05-04 00:00:00-04:00,21.504650532398163,21.859481140789285,20.86035092711498,21.47663688659668,466900,0.0,0.0
2023-05-05 00:00:00-04:00,22.139608750616226,22.84927169315264,21.76610240744409,22.69986915588379,366800,0.0,0.0
2023-05-08 00:00:00-04:00,22.98000488226272,22.98000488226272,22.04623794555664,22.04623794555664,279500,0.0,0.0
2023-05-09 00:00:00-04:00,22.055574386722146,22.41040501582435,21.76610537293409,21.980873107910156,267600,0.0,0.0
2023-05-10 00:00:00-04:00,22.38239131962559,22.38239131962559,21.63537853313314,22.01822280883789,340000,0.0,0.0
2023-05-11 00:00:00-04:00,21.626038331811483,22.261000022755457,21.626038331811483,21.971532821655273,278700,0.0,0.0
2023-05-12 00:00:00-04:00,22.08358568925216,22.08358568925216,21.57935251540119,21.822132110595703,177400,0.0,0.0
2023-05-15 00:00:00-04:00,21.87815971188809,22.53179550195557,21.812796310983252,22.345043182373047,246700,0.0,0.0
2023-05-16 00:00:00-04:00,22.307690494472162,22.60649561514359,22.046236904394167,22.064910888671875,121800,0.0,0.0
2023-05-17 00:00:00-04:00,22.494443746857044,23.43754848695621,22.354379074390998,23.306819915771484,285900,0.0,0.0
2023-05-18 00:00:00-04:00,23.24145642456925,23.428210507764252,22.95198919853404,23.08271598815918,182500,0.0,0.0
2023-05-19 00:00:00-04:00,23.26946936229744,23.26946936229744,22.298351008905207,22.62516975402832,178700,0.0,0.0
2023-05-22 00:00:00-04:00,22.83993274572914,23.36284338277827,22.681194115682633,23.194765090942383,137600,0.0,0.0
2023-05-23 00:00:00-04:00,23.120068757458597,23.932444966592406,23.120068757458597,23.586952209472656,162800,0.0,0.0
2023-05-24 00:00:00-04:00,23.446886239544778,23.456224121793383,22.942651284233786,23.008014678955078,159800,0.0,0.0
2023-05-25 00:00:00-04:00,22.89596093189263,23.129402617296872,22.671857127626804,23.06403923034668,132500,0.0,0.0
2023-05-26 00:00:00-04:00,23.026689633999442,23.400196005719124,22.71854665470335,23.25079345703125,112700,0.0,0.0
2023-05-30 00:00:00-04:00,23.278804236860324,23.39085524407182,22.90529791112427,23.194765090942383,136600,0.0,0.0
2023-05-31 00:00:00-04:00,23.157416133757717,23.30681868060631,22.373051872293196,22.653182983398438,345000,0.0,0.0
2023-06-01 00:00:00-04:00,22.821261574808336,23.428209651480174,22.52245647743259,23.25079345703125,211900,0.0,0.0
2023-06-02 00:00:00-04:00,23.661653546812598,24.968926859356365,23.381524187345732,24.8848876953125,252900,0.0,0.0
2023-06-05 00:00:00-04:00,24.63277069328449,24.6514464592256,23.792380817144117,23.857744216918945,217700,0.0,0.0
2023-06-06 00:00:00-04:00,23.92310516456147,25.55719699385882,23.92310516456147,25.398456573486328,244700,0.0,0.0
2023-06-07 00:00:00-04:00,25.77196339336658,26.518976102326103,25.323755767990864,26.18282127380371,281600,0.0,0.0
2023-06-08 00:00:00-04:00,26.042757799963617,26.098785095283784,25.174354313709884,25.650575637817383,265900,0.0,0.0
2023-06-09 00:00:00-04:00,25.70660432065146,25.70660432065146,25.211707204725172,25.379785537719727,131600,0.0,0.0
2023-06-12 00:00:00-04:00,25.361109427527946,25.519849875311476,24.58608295447166,24.595420837402344,218200,0.0,0.0
2023-06-13 00:00:00-04:00,24.772836418448637,25.56653685607932,24.772836418448637,25.361108779907227,185300,0.0,0.0
2023-06-14 00:00:00-04:00,25.37044503768643,25.781302944735216,24.922237383279885,25.03428840637207,234100,0.0,0.0
2023-06-15 00:00:00-04:00,24.93157734980885,25.53852548852305,24.93157734980885,25.370447158813477,186800,0.0,0.0
2023-06-16 00:00:00-04:00,25.41713224432336,25.41713224432336,24.8101841664504,25.062301635742188,689900,0.0,0.0
2023-06-20 00:00:00-04:00,24.95958756163907,24.95958756163907,24.558067529751014,24.894224166870117,178800,0.0,0.0
2023-06-21 00:00:00-04:00,24.819525133689968,24.819525133689968,24.42734294860154,24.45535659790039,197700,0.0,0.0
2023-06-22 00:00:00-04:00,24.31528977931927,24.31528977931927,23.699002015969103,24.044496536254883,192000,0.0,0.0
2023-06-23 00:00:00-04:00,23.699001841483522,24.109859753685683,23.586950816985883,23.78304100036621,349200,0.0,0.0
2023-06-26 00:00:00-04:00,23.811053198131848,24.287274475816744,23.577611500110947,23.717676162719727,267000,0.0,0.0
2023-06-27 00:00:00-04:00,23.8390674836189,24.418001912896216,23.652313407776557,24.025819778442383,166000,0.0,0.0
2023-06-28 00:00:00-04:00,24.137871203288167,24.240584336225556,23.876415868226495,24.1098575592041,199800,0.0,0.0
2023-06-29 00:00:00-04:00,24.392398969151028,24.919801694902624,24.392398969151028,24.75969886779785,250000,0.22,0.0
2023-06-30 00:00:00-04:00,25.089324806640334,25.089324806640334,24.561922073364258,24.561922073364258,212200,0.0,0.0
2023-07-03 00:00:00-04:00,24.448904237246804,25.249427298151172,24.448904237246804,25.079904556274414,104900,0.0,0.0
2023-07-05 00:00:00-04:00,24.957473628777592,25.17408523292831,24.70318950408345,24.90096664428711,190900,0.0,0.0
2023-07-06 00:00:00-04:00,24.684354301410853,24.99514722023602,24.22287668292988,24.61842918395996,310400,0.0,0.0
2023-07-07 00:00:00-04:00,24.618429203087977,25.2588477096652,24.430071981128325,25.192922592163086,189800,0.0,0.0
2023-07-10 00:00:00-04:00,25.136413619753938,25.84275718804121,25.136413619753938,25.503711700439453,224500,0.0,0.0
2023-07-11 00:00:00-04:00,25.494295602066252,25.77683412968907,25.418952353965114,25.663818359375,171700,0.0,0.0
2023-07-12 00:00:00-04:00,26.087621417193134,26.699785442553917,25.88042616813371,26.54909896850586,296000,0.0,0.0
2023-07-13 00:00:00-04:00,26.72804176638542,27.236610034564023,26.549102676166772,26.756296157836914,216900,0.0,0.0
2023-07-14 00:00:00-04:00,26.859892465467194,27.029415213123976,26.502010710119627,26.615026473999023,195500,0.0,0.0
2023-07-17 00:00:00-04:00,26.605605254748895,27.415546378920816,26.511425761838883,27.208351135253906,187900,0.0,0.0
2023-07-18 00:00:00-04:00,27.27427890187639,28.649295321310614,27.27427890187639,28.583370208740234,329500,0.0,0.0
2023-07-19 00:00:00-04:00,28.72463957172976,29.35563992269943,28.47977357621507,29.18611717224121,267400,0.0,0.0
2023-07-20 00:00:00-04:00,29.854788193076075,30.85308478094214,29.317965584463412,30.7023983001709,454100,0.0,0.0
2023-07-21 00:00:00-04:00,31.455832527487036,32.12450352376039,30.8719193037719,31.691280364990234,379300,0.0,0.0
2023-07-24 00:00:00-04:00,31.59710100541558,32.303444561092455,31.59710100541558,31.85138511657715,369500,0.0,0.0
2023-07-25 00:00:00-04:00,31.77604553931327,32.15275996888725,31.342818735961675,31.380491256713867,292600,0.0,0.0
2023-07-26 00:00:00-04:00,31.86080260069304,32.209264388845426,31.550009735543117,31.625354766845703,358100,0.0,0.0
2023-07-27 00:00:00-04:00,31.691283883966893,31.983236935593823,30.711819908958898,30.853086471557617,528400,0.0,0.0
2023-07-28 00:00:00-04:00,31.258052129000838,31.606517498662754,30.98493538088169,31.38990592956543,303700,0.0,0.0
2023-07-31 00:00:00-04:00,31.361653340500364,31.587684860430162,30.862505041160517,31.54059600830078,443800,0.0,0.0
2023-08-01 00:00:00-04:00,31.446412847584085,31.832547160397663,30.862503211959655,31.70069694519043,266500,0.0,0.0
2023-08-02 00:00:00-04:00,31.314562632376852,31.804294569324373,31.07911479303567,31.70069694519043,124400,0.0,0.0
2023-08-03 00:00:00-04:00,31.597105266670706,31.65361405209943,31.20155454661839,31.34282112121582,145300,0.0,0.0
2023-08-04 00:00:00-04:00,31.50292610367221,31.7948791666903,31.154464257820248,31.35223960876465,167700,0.0,0.0
2023-08-07 00:00:00-04:00,31.333407371393985,31.841975704256622,31.27689858130373,31.672452926635742,194200,0.0,0.0
2023-08-08 00:00:00-04:00,31.01319196478344,31.333401193527557,30.495207398692738,31.19213104248047,131600,0.0,0.0
2023-08-09 00:00:00-04:00,30.94726340757901,30.966099665131892,30.438695231597475,30.62705421447754,122800,0.0,0.0
2023-08-10 00:00:00-04:00,30.711819874953598,31.013192852676323,30.278596668558343,30.485788345336914,123800,0.0,0.0
2023-08-11 00:00:00-04:00,30.382190006357646,30.8154167953599,30.382190006357646,30.57054901123047,190100,0.0,0.0
2023-08-14 00:00:00-04:00,30.410445439938954,30.410445439938954,29.93954973573172,30.28801155090332,181100,0.0,0.0
2023-08-15 00:00:00-04:00,30.005475759557793,30.2220873589637,29.920714386516416,29.94896697998047,191800,0.0,0.0
2023-08-16 00:00:00-04:00,29.694686172567238,30.09023866817138,29.506327157012997,29.57225227355957,103600,0.0,0.0
2023-08-17 00:00:00-04:00,29.666430810745805,29.817117299729336,29.317967182268486,29.440401077270508,104000,0.0,0.0
2023-08-18 00:00:00-04:00,29.157860790265214,29.581667637465102,29.157860790265214,29.393308639526367,170200,0.0,0.0
2023-08-21 00:00:00-04:00,29.45923644848308,29.54399782051905,28.7811454721953,28.997758865356445,131400,0.0,0.0
2023-08-22 00:00:00-04:00,28.988339661483156,29.270876360251652,28.17839849040416,28.187816619873047,131100,0.0,0.0
2023-08-23 00:00:00-04:00,28.14072695222396,28.442101716746862,27.82993585422888,28.42326545715332,160600,0.0,0.0
2023-08-24 00:00:00-04:00,28.442102565166092,28.903580161026067,28.38559378469983,28.60220718383789,137400,0.0,0.0
2023-08-25 00:00:00-04:00,28.658714745241742,28.837655627673303,27.820520911013105,28.25374412536621,96100,0.0,0.0
2023-08-28 00:00:00-04:00,28.432684938527636,29.007176512843014,28.432684938527636,28.931833267211914,109200,0.0,0.0
2023-08-29 00:00:00-04:00,28.912997411376168,29.346220603821454,28.73405653799353,29.308549880981445,132500,0.0,0.0
2023-08-30 00:00:00-04:00,29.186116017217923,29.35563876096738,28.498608708744758,28.52686309814453,140500,0.0,0.0
2023-08-31 00:00:00-04:00,28.45152115455004,28.583373189766547,28.131313688145095,28.40443229675293,315400,0.0,0.0
2023-09-01 00:00:00-04:00,28.705800680208736,29.62875579663351,28.705800680208736,29.581666946411133,193800,0.0,0.0
2023-09-05 00:00:00-04:00,29.167280343752157,29.167280343752157,28.187818177096815,28.281997680664062,220600,0.0,0.0
2023-09-06 00:00:00-04:00,28.470352022296602,28.545695258292554,28.09363584231684,28.31024742126465,132100,0.0,0.0
2023-09-07 00:00:00-04:00,28.319665608359987,28.357338124597412,27.88644244957626,27.99945640563965,145400,0.0,0.0
2023-09-08 00:00:00-04:00,28.055966744417137,28.159562577197747,27.622741765152025,28.093637466430664,115300,0.0,0.0
2023-09-11 00:00:00-04:00,28.168981646286408,28.35734065160991,27.90527939809842,27.961788177490234,127900,0.0,0.0
2023-09-12 00:00:00-04:00,28.008876928272166,28.28199730536039,27.764010940776558,28.065383911132812,132400,0.0,0.0
2023-09-13 00:00:00-04:00,28.15956192750898,28.27257768359119,27.54739788923532,27.764009475708008,146900,0.0,0.0
2023-09-14 00:00:00-04:00,28.027712634421558,28.43268322896087,27.86760802254147,28.413846969604492,191700,0.0,0.0
2023-09-15 00:00:00-04:00,28.112475248640003,28.272579867601657,27.688668375998965,27.820520401000977,954100,0.0,0.0
2023-09-18 00:00:00-04:00,27.820518203104427,28.065382380924714,27.462636473075705,27.500308990478516,136300,0.0,0.0
2023-09-19 00:00:00-04:00,27.61332257430629,27.735756457874988,27.2366063870266,27.387292861938477,209900,0.0,0.0
2023-09-20 00:00:00-04:00,27.60390694099052,27.801684079897885,27.001160986843562,27.03883171081543,138900,0.0,0.0
2023-09-21 00:00:00-04:00,26.86931121916146,27.104759086077728,26.746877322423185,26.94465446472168,194600,0.0,0.0
2023-09-22 00:00:00-04:00,26.90697953709322,26.91639766648643,26.5490996017738,26.775129318237305,142800,0.0,0.0
2023-09-25 00:00:00-04:00,26.690371289203174,27.16126703982945,26.567937388098493,27.076505661010742,169700,0.0,0.0
2023-09-26 00:00:00-04:00,26.775130923050476,27.481474502956523,26.756294663135073,27.340206146240234,274300,0.0,0.0
2023-09-27 00:00:00-04:00,27.603906409870394,28.272579261670458,27.472056184018808,27.754592895507812,285100,0.0,0.0
2023-09-28 00:00:00-04:00,27.830502616885287,28.72244558964403,27.830502616885287,28.39982795715332,333700,0.22,0.0
2023-09-29 00:00:00-04:00,28.504204228107337,29.149437670707936,28.124652802084796,28.333406448364258,282600,0.0,0.0
2023-10-02 00:00:00-04:00,28.285962349558872,28.44727116685578,28.039254640173283,28.418806076049805,225300,0.0,0.0
2023-10-03 00:00:00-04:00,28.2385209194242,28.608581599479642,27.66919554329896,27.707151412963867,206100,0.0,0.0
2023-10-04 00:00:00-04:00,27.90641260547003,28.304940163586256,27.54584091471505,28.19107437133789,187400,0.0,0.0
2023-10-05 00:00:00-04:00,28.134143256008237,29.054553159983723,28.134143256008237,28.959665298461914,216400,0.0,0.0
2023-10-06 00:00:00-04:00,28.68449033303504,29.528990299514778,28.68449033303504,29.149438858032227,243000,0.0,0.0
2023-10-09 00:00:00-04:00,28.959665113715808,29.17790592693892,28.51369271035899,28.94068717956543,150100,0.0,0.0
2023-10-10 00:00:00-04:00,29.111486793533732,29.43410445498767,28.92171105979535,28.93120002746582,172100,0.0,0.0
2023-10-11 00:00:00-04:00,28.921708193769742,29.396145671265316,28.86477620322417,29.263303756713867,152200,0.0,0.0
2023-10-12 00:00:00-04:00,29.348703457797708,29.348703457797708,28.87426596720243,29.130462646484375,134700,0.0,0.0
2023-10-13 00:00:00-04:00,29.4056352210533,29.671320865259588,28.5801150073503,28.656024932861328,143000,0.0,0.0
2023-10-16 00:00:00-04:00,29.073529464372676,29.367682017894506,28.731935694549442,28.988130569458008,144300,0.0,0.0
2023-10-17 00:00:00-04:00,28.893245168395115,29.77569741934345,28.893245168395115,29.282283782958984,180600,0.0,0.0
2023-10-18 00:00:00-04:00,28.969152385188035,29.045062307511028,28.475736985170943,28.52318000793457,137400,0.0,0.0
2023-10-19 00:00:00-04:00,28.47573868818554,28.703468468774076,28.219542006335157,28.276473999023438,257900,0.0,0.0
2023-10-20 00:00:00-04:00,29.44359035334704,29.44359035334704,26.872138297443907,27.232711791992188,379500,0.0,0.0
2023-10-23 00:00:00-04:00,27.337087908378262,28.020279058304137,27.308622817021625,27.365554809570312,382700,0.0,0.0
2023-10-24 00:00:00-04:00,27.70715112532789,27.754594152081022,27.28964561252556,27.45095443725586,211500,0.0,0.0
2023-10-25 00:00:00-04:00,27.18527049251509,27.4699341004529,26.95754069206619,27.204248428344727,199000,0.0,0.0
2023-10-26 00:00:00-04:00,27.185267061045433,28.266985738931872,27.185267061045433,28.143630981445312,149300,0.0,0.0
2023-10-27 00:00:00-04:00,28.115163962017668,28.266985619011344,27.66919338721947,27.90641212463379,167600,0.0,0.0
2023-10-30 00:00:00-04:00,28.210051014979086,28.380848790623407,27.94436719494151,28.029766082763672,127100,0.0,0.0
2023-10-31 00:00:00-04:00,27.972834826423046,28.21954254590329,27.83050393706322,28.10567855834961,132300,0.0,0.0
2023-11-01 00:00:00-04:00,27.991813230852554,28.73193640171756,27.94437020354801,28.618070602416992,155900,0.0,0.0
2023-11-02 00:00:00-04:00,28.940687409917615,29.79467454529236,28.940687409917615,29.642854690551758,158300,0.0,0.0
2023-11-03 00:00:00-04:00,30.458888929306113,31.06617202719416,30.08882822349718,30.212182998657227,206600,0.0,0.0
2023-11-06 00:00:00-05:00,30.18371327240648,30.278601134465237,29.9275183976339,30.107803344726562,169300,0.0,0.0
2023-11-07 00:00:00-05:00,30.079337778589803,30.079337778589803,29.339214638007057,29.82314109802246,169400,0.0,0.0
2023-11-08 00:00:00-05:00,29.98445192796158,29.98445192796158,29.60490227010597,29.832632064819336,147600,0.0,0.0
2023-11-09 00:00:00-05:00,29.842120486211805,29.97496241157061,28.96915538420645,29.766210556030273,186400,0.0,0.0
2023-11-10 00:00:00-05:00,29.918030416393336,30.04138337425001,29.62387785333384,29.766210556030273,133200,0.0,0.0
2023-11-13 00:00:00-05:00,29.56694494718599,29.83263059955321,29.320237229238316,29.661832809448242,144200,0.0,0.0
2023-11-14 00:00:00-05:00,30.80997334540555,32.015045066419304,30.629684773332567,31.7778263092041,346100,0.0,0.0
2023-11-15 00:00:00-05:00,31.663955993923388,32.35663427144258,31.663955993923388,31.92015266418457,308100,0.0,0.0
2023-11-16 00:00:00-05:00,32.024532111758475,32.11941816644345,31.531116664120496,31.559581756591797,122200,0.0,0.0
2023-11-17 00:00:00-05:00,31.853734156566443,32.185838965956,31.711401455587517,31.986576080322266,182000,0.0,0.0
2023-11-20 00:00:00-05:00,32.005556932201415,32.043512805211364,31.644983377949508,31.87271499633789,126900,0.0,0.0
2023-11-21 00:00:00-05:00,31.70191445829022,31.853734317588753,31.474182859506936,31.559581756591797,111600,0.0,0.0
2023-11-22 00:00:00-05:00,31.986573802027703,32.04350760229826,31.78731093058678,31.948617935180664,106200,0.0,0.0
2023-11-24 00:00:00-05:00,31.910668149959996,32.12890897166204,31.844247187688545,31.99606704711914,48400,0.0,0.0
2023-11-27 00:00:00-05:00,31.920154392216894,31.939132326560372,31.626005459070132,31.89168930053711,121100,0.0,0.0
2023-11-28 00:00:00-05:00,31.9296410288123,32.18583406005079,31.27491504771057,31.626001358032227,148200,0.0,0.0
2023-11-29 00:00:00-05:00,31.939132326560372,32.299705839744746,31.73986944546014,31.89168930053711,132300,0.0,0.0
2023-11-30 00:00:00-05:00,31.891690846315974,32.109931672337744,31.59753827924088,31.844247817993164,178400,0.0,0.0
2023-12-01 00:00:00-05:00,31.578560800616327,33.30551311817059,31.578560800616327,33.03034210205078,174800,0.0,0.0
2023-12-04 00:00:00-05:00,32.64129939293142,33.476306734200406,32.64129939293142,33.44784164428711,216000,0.0,0.0
2023-12-05 00:00:00-05:00,33.371932256438356,33.751483707080446,33.06829254379304,33.27704620361328,138800,0.0,0.0
2023-12-06 00:00:00-05:00,33.56171258617971,34.04564093312333,32.812103978810676,32.91647720336914,208600,0.0,0.0
2023-12-07 00:00:00-05:00,33.191647701326914,33.7989271338102,32.91647307733575,33.7609748840332,121300,0.0,0.0
2023-12-08 00:00:00-05:00,33.58068579085456,34.27336410896937,33.58068579085456,34.15950012207031,113000,0.0,0.0
2023-12-11 00:00:00-05:00,33.88432312473059,34.05512090292987,33.51426247852236,33.87483596801758,219400,0.0,0.0
2023-12-12 00:00:00-05:00,33.90330267030562,33.90330267030562,33.52375484933266,33.6186408996582,146900,0.0,0.0
2023-12-13 00:00:00-05:00,33.884329064808774,35.20326487904156,33.428869449656744,35.05144500732422,299500,0.0,0.0
2023-12-14 00:00:00-05:00,35.26019974535393,36.2565179095964,35.26019974535393,35.6302604675293,405600,0.0,0.0
2023-12-15 00:00:00-05:00,35.734633283390544,35.734633283390544,34.76678032389086,35.155818939208984,1039200,0.0,0.0
2023-12-18 00:00:00-05:00,35.440483654829364,35.440483654829364,34.58649823379603,35.05144500732422,328400,0.0,0.0
2023-12-19 00:00:00-05:00,35.345596851214296,36.35140574254524,35.108378080400776,35.85799026489258,244600,0.0,0.0
2023-12-20 00:00:00-05:00,35.84849764777395,36.503223738216946,35.19377517700195,35.19377517700195,191700,0.0,0.0
2023-12-21 00:00:00-05:00,35.49741834693079,35.71565919172273,35.098892531138034,35.61128234863281,152700,0.0,0.0
2023-12-22 00:00:00-05:00,35.924407038526205,36.21855596341624,35.72514416301925,35.820030212402344,130200,0.0,0.0
2023-12-26 00:00:00-05:00,36.12367809369604,36.38936198786543,35.85799419952666,36.33243179321289,114300,0.0,0.0
2023-12-27 00:00:00-05:00,36.455772332312094,36.455772332312094,35.91491392277694,35.99082565307617,172800,0.0,0.0
2023-12-28 00:00:00-05:00,35.87629981167413,36.14353365344537,35.81903385667114,36.11490249633789,135500,0.22,0.0
2023-12-29 00:00:00-05:00,36.15308230656962,36.15308230656962,35.67587690415213,35.77131652832031,138300,0.0,0.0
2024-01-02 00:00:00-05:00,35.48499774727031,36.143539961186846,35.15095538675946,35.2273063659668,259600,0.0,0.0
2024-01-03 00:00:00-05:00,35.150946527392826,35.150946527392826,33.805223995051165,33.929298400878906,274700,0.0,0.0
2024-01-04 00:00:00-05:00,34.16790193808863,34.44468191168809,33.89112196448917,34.1392707824707,272000,0.0,0.0
2024-01-05 00:00:00-05:00,33.90067095294065,34.463773452301545,33.72887672325169,33.872039794921875,254900,0.0,0.0
2024-01-08 00:00:00-05:00,33.96747800452271,34.597388940286756,33.88158089324634,34.540122985839844,200200,0.0,0.0
2024-01-09 00:00:00-05:00,34.11063777731822,34.25379718843337,33.87203511800532,34.16790008544922,154000,0.0,0.0
2024-01-10 00:00:00-05:00,34.062918131794774,35.198669246896316,33.98656716550896,35.160491943359375,213600,0.0,0.0
2024-01-11 00:00:00-05:00,34.816901497872536,34.90279860551417,33.81477100257875,34.1392707824707,238400,0.0,0.0
2024-01-12 00:00:00-05:00,34.530579902928324,34.64510816911853,33.59525784066776,34.38741683959961,218500,0.0,0.0
2024-01-16 00:00:00-05:00,33.87204165288372,34.253803796964526,33.213495856023854,33.356658935546875,201300,0.0,0.0
2024-01-17 00:00:00-05:00,32.784008900718455,33.53799429218031,32.631303321251714,33.51890563964844,250000,0.0,0.0
2024-01-18 00:00:00-05:00,33.73842231357083,33.79568827563214,33.12759994807076,33.19440841674805,234800,0.0,0.0
2024-01-19 00:00:00-05:00,33.32801799091939,33.757503509521484,32.99397572133314,33.757503509521484,346400,0.0,0.0
2024-01-22 00:00:00-05:00,34.2060818955624,34.835992853584735,34.091553623409645,34.82645034790039,267000,0.0,0.0
2024-01-23 00:00:00-05:00,35.18912550094754,35.18912550094754,34.19654102679713,34.272891998291016,220200,0.0,0.0
2024-01-24 00:00:00-05:00,34.42559363681117,35.42772414304444,34.16790231107326,34.75963592529297,176600,0.0,0.0
2024-01-25 00:00:00-05:00,35.46590829618129,36.410776673085074,35.3609225164377,36.048099517822266,245800,0.0,0.0
2024-01-26 00:00:00-05:00,36.382134945749,36.59210646526958,35.91447574054686,36.238975524902344,196600,0.0,0.0
2024-01-29 00:00:00-05:00,36.544387145964095,36.678004063519104,35.98128467856232,36.37259292602539,282800,0.0,0.0
2024-01-30 00:00:00-05:00,36.382136774265724,36.78299118251614,36.10536042373662,36.754356384277344,249300,0.0,0.0
2024-01-31 00:00:00-05:00,36.2198901724848,36.496670175097556,35.01733053944439,35.093685150146484,295400,0.0,0.0
2024-02-01 00:00:00-05:00,36.06718459186884,37.260198078177375,34.034288591778385,35.093685150146484,371200,0.0,0.0
2024-02-02 00:00:00-05:00,34.330156884556246,35.32274132768466,34.330156884556246,35.017330169677734,220100,0.0,0.0
2024-02-05 00:00:00-05:00,34.59738794771268,35.103224454723666,34.28243066847256,34.778724670410156,197500,0.0,0.0
2024-02-06 00:00:00-05:00,34.73100546853355,35.227299479117335,34.13927184240164,34.425594329833984,195600,0.0,0.0
2024-02-07 00:00:00-05:00,34.44468446457332,34.6832871545078,33.69069909059121,34.32061004638672,247600,0.0,0.0
2024-02-08 00:00:00-05:00,34.05337425241364,34.48285979790636,33.929299841318425,34.29197692871094,222700,0.0,0.0
2024-02-09 00:00:00-05:00,34.32061504745435,34.88371762338439,34.04383501300989,34.64511489868164,202100,0.0,0.0
2024-02-12 00:00:00-05:00,34.66419791974335,35.63769731520693,34.65465541425314,35.160491943359375,275800,0.0,0.0
2024-02-13 00:00:00-05:00,34.034284552073764,34.35878432746467,33.40437365170176,34.043827056884766,371100,0.0,0.0
2024-02-14 00:00:00-05:00,34.540120340840744,34.73100320025844,33.94838675335484,34.33969497680664,197900,0.0,0.0
2024-02-15 00:00:00-05:00,34.48286082212939,35.42772540949019,34.38741756430284,35.084136962890625,253800,0.0,0.0
2024-02-16 00:00:00-05:00,34.84553126638426,34.87416606165016,34.282428836657566,34.301517486572266,367300,0.0,0.0
2024-02-20 00:00:00-05:00,33.95793319655469,34.45422353829013,33.69069573471128,33.929298400878906,163700,0.0,0.0
2024-02-21 00:00:00-05:00,33.84340187685235,34.11063934328687,33.57616805120565,34.08200454711914,260200,0.0,0.0
2024-02-22 00:00:00-05:00,33.8243143054163,34.20608004633757,33.528449314950855,33.862491607666016,149300,0.0,0.0
2024-02-23 00:00:00-05:00,33.929299841318425,34.57829941211011,33.78614042001279,34.29197692871094,190700,0.0,0.0
2024-02-26 00:00:00-05:00,33.99610938283116,34.272889369945744,33.70978689030725,34.07246398925781,217300,0.0,0.0
2024-02-27 00:00:00-05:00,34.33015766989913,34.45422845263583,34.11064362260927,34.177452087402344,167200,0.0,0.0
2024-02-28 00:00:00-05:00,33.82431097384184,34.244253975649926,33.82431097384184,33.95793151855469,156500,0.0,0.0
2024-02-29 00:00:00-05:00,34.53058261289068,34.92189089047274,34.36833088566542,34.56875991821289,244700,0.0,0.0
2024-03-01 00:00:00-05:00,34.41605433771229,34.57830242414933,33.75750856366302,34.56875991821289,181100,0.0,0.0
2024-03-04 00:00:00-05:00,34.85507859558448,35.570886608153415,34.59738727416512,34.606929779052734,208000,0.0,0.0
2024-03-05 00:00:00-05:00,34.5592137485775,36.086273193359375,34.5592137485775,36.086273193359375,224100,0.0,0.0
2024-03-06 00:00:00-05:00,36.1530801368133,36.506211093988085,35.38955226692672,35.704505920410156,220300,0.0,0.0
2024-03-07 00:00:00-05:00,35.857213738684855,36.08627393438171,35.64724219602844,35.7904052734375,257400,0.0,0.0
2024-03-08 00:00:00-05:00,36.24852165022405,36.27715280909528,35.666330481253944,35.71405029296875,121200,0.0,0.0
2024-03-11 00:00:00-04:00,35.12231367446303,35.26547673839759,34.18699160824432,34.89325714111328,215300,0.0,0.0
2024-03-12 00:00:00-04:00,34.74055715598176,34.99824488722273,34.23471691868448,34.35879135131836,258400,0.0,0.0
2024-03-13 00:00:00-04:00,34.21562280668255,34.83599123010927,34.14881434764127,34.425594329833984,224800,0.0,0.0
2024-03-14 00:00:00-04:00,34.13927742735155,34.25380571290294,32.97489499508207,33.36620330810547,318400,0.0,0.0
2024-03-15 00:00:00-04:00,33.22304422189007,34.0056608564296,33.22304422189007,33.44255828857422,1725600,0.0,0.0
2024-03-18 00:00:00-04:00,33.65252180731783,33.719333910066055,33.118054111636965,33.32802200317383,201700,0.0,0.0
2024-03-19 00:00:00-04:00,33.19440535670613,33.805227665897256,32.946260158892784,33.38528823852539,197300,0.0,0.0
2024-03-20 00:00:00-04:00,33.25167353280281,34.960069795886994,33.24213102642962,34.48286437988281,193200,0.0,0.0
2024-03-21 00:00:00-04:00,34.78827386953865,35.05550772450251,34.454227910045596,34.5496711730957,282200,0.0,0.0
2024-03-22 00:00:00-04:00,34.67374377210964,34.67374377210964,33.93884706879919,34.07246398925781,140800,0.0,0.0
2024-03-25 00:00:00-04:00,34.25379659438389,34.52103040312777,33.92929683771452,34.015193939208984,113500,0.0,0.0
2024-03-26 00:00:00-04:00,34.3110601672198,34.425588414355325,33.66206069880626,33.91020584106445,208900,0.0,0.0
2024-03-27 00:00:00-04:00,34.26585075470112,35.11168114066275,33.92943769217298,35.04439926147461,252800,0.25,0.0
2024-03-28 00:00:00-04:00,34.98672866273092,35.40964382534972,34.57342362505446,35.38080978393555,323500,0.0,0.0
2024-04-01 00:00:00-04:00,35.49615344969665,35.49615344969665,34.36196792147887,34.50614547729492,226500,0.0,0.0
2024-04-02 00:00:00-04:00,34.17934570266499,34.50614498009665,33.89099059518779,34.46769714355469,277900,0.0,0.0
2024-04-03 00:00:00-04:00,34.17934816143122,34.75605108469701,34.17934816143122,34.352359771728516,278500,0.0,0.0
2024-04-04 00:00:00-04:00,34.83294667716616,35.00595462044782,34.131286444591474,34.26585388183594,271300,0.0,0.0
2024-04-05 00:00:00-04:00,34.2274031707653,34.659932159147374,34.21778937847489,34.42924880981445,156100,0.0,0.0
2024-04-08 00:00:00-04:00,34.64070802011032,34.90983553712521,34.458082633632415,34.65031814575195,103600,0.0,0.0
2024-04-09 00:00:00-04:00,34.82333033158421,35.06362380916891,34.5061448477979,34.775272369384766,86600,0.0,0.0
2024-04-10 00:00:00-04:00,33.75642705444857,33.99672053452469,32.99710244401456,33.3719596862793,212500,0.0,0.0
2024-04-11 00:00:00-04:00,33.34312273033807,33.64108797235042,32.98748939841775,33.36234664916992,131200,0.0,0.0
2024-04-12 00:00:00-04:00,33.112437196186136,33.21816689781583,32.8240857977514,33.03554153442383,147700,0.0,0.0
2024-04-15 00:00:00-04:00,33.160501289517725,33.477690453118655,32.39156286249861,32.747196197509766,166200,0.0,0.0
2024-04-16 00:00:00-04:00,32.45884386461572,32.64146559026692,32.05514890977159,32.18971633911133,187700,0.0,0.0
2024-04-17 00:00:00-04:00,32.545348152226595,32.69913582631004,32.007089459640824,32.074371337890625,194100,0.0,0.0
2024-04-18 00:00:00-04:00,32.439620207173206,32.91059704718329,32.07437308634422,32.14165496826172,213300,0.0,0.0
2024-04-19 00:00:00-04:00,32.10320962487239,33.47768859084248,31.901360319905763,33.468074798583984,205800,0.0,0.0
2024-04-22 00:00:00-04:00,33.91982271545714,34.66953707152511,33.89098500950975,34.31390380859375,328800,0.0,0.0
2024-04-23 00:00:00-04:00,34.27545946490036,34.96750581264255,34.246625422606854,34.842552185058594,243500,0.0,0.0
2024-04-24 00:00:00-04:00,34.65993494609866,35.563437164911306,34.65993494609866,35.534603118896484,212800,0.0,0.0
2024-04-25 00:00:00-04:00,35.1789630198509,35.4384804109712,34.83294349827791,35.04439926147461,232900,0.0,0.0
2024-04-26 00:00:00-04:00,34.996343276772,35.313532439363385,34.80410775398216,34.8906135559082,154800,0.0,0.0
2024-04-29 00:00:00-04:00,35.0828499876908,35.10207390712663,34.78488473631691,34.881004333496094,197500,0.0,0.0
2024-04-30 00:00:00-04:00,34.650313178971,35.140513847939744,34.650313178971,34.707984924316406,227200,0.0,0.0
2024-05-01 00:00:00-04:00,35.063626002409364,35.91907024946519,34.88100426799345,35.27508544921875,164000,0.0,0.0
2024-05-02 00:00:00-04:00,35.44809765959946,35.76528316861577,35.26547225549246,35.57304763793945,204400,0.0,0.0
2024-05-03 00:00:00-04:00,36.044023588191685,36.245869240304515,35.61149457181585,35.890235900878906,155300,0.0,0.0
2024-05-06 00:00:00-04:00,36.30353815486328,36.60150337982841,36.14013668743486,36.534217834472656,202300,0.0,0.0
2024-05-07 00:00:00-04:00,36.572673992305724,36.79374359664873,36.265098571777344,36.265098571777344,169800,0.0,0.0
2024-05-08 00:00:00-04:00,35.89984217176257,36.68800444291981,35.89984217176257,36.67839431762695,120900,0.0,0.0
2024-05-09 00:00:00-04:00,36.64956574607531,36.755295473016204,36.39965845210812,36.659175872802734,160500,0.0,0.0
2024-05-10 00:00:00-04:00,36.81295727477556,36.81295727477556,36.27470227192579,36.380428314208984,121400,0.0,0.0
2024-05-13 00:00:00-04:00,36.63034055518709,36.63034055518709,35.95751804338691,36.14975357055664,154900,0.0,0.0
2024-05-14 00:00:00-04:00,36.563060433195815,36.62072852751523,35.95751977672667,36.217037200927734,102700,0.0,0.0
2024-05-15 00:00:00-04:00,36.5630599391771,36.784129519786326,36.45733021223621,36.659175872802734,163700,0.0,0.0
2024-05-16 00:00:00-04:00,36.52460852059076,36.61111431901355,36.39004476006364,36.43810272216797,108600,0.0,0.0
2024-05-17 00:00:00-04:00,36.58228402192314,36.82257752364379,36.322766600074296,36.351600646972656,143600,0.0,0.0
2024-05-20 00:00:00-04:00,36.24586655948935,36.49577382450629,35.803727449490054,35.83256149291992,113600,0.0,0.0
2024-05-21 00:00:00-04:00,35.794120464689,36.07285813100668,35.74605883263875,35.92868423461914,79200,0.0,0.0
2024-05-22 00:00:00-04:00,35.82295425326917,36.13052962992469,35.44809699213198,35.669166564941406,132600,0.0,0.0
2024-05-23 00:00:00-04:00,35.71721936256082,35.71721936256082,34.8713853658379,35.15974044799805,278700,0.0,0.0
2024-05-24 00:00:00-04:00,35.207802837555505,35.47693037041877,34.919451385689484,35.457706451416016,287300,0.0,0.0
2024-05-28 00:00:00-04:00,35.467317806151364,35.611491688879894,35.07323666015357,35.17896270751953,109200,0.0,0.0
2024-05-29 00:00:00-04:00,34.59265002500957,35.207800729922546,34.313908716037304,35.04439926147461,194600,0.0,0.0
2024-05-30 00:00:00-04:00,35.400036208117406,35.57304413544531,35.217410821991564,35.438480377197266,119000,0.0,0.0
2024-05-31 00:00:00-04:00,35.45770671252696,35.78450600480503,35.44809658624863,35.71722412109375,322200,0.0,0.0
2024-06-03 00:00:00-04:00,36.101692230182145,36.101692230182145,34.93866904950347,35.005950927734375,225900,0.0,0.0
2024-06-04 00:00:00-04:00,34.698376107134976,34.967507290737295,34.583036266498226,34.65031814575195,227300,0.0,0.0
2024-06-05 00:00:00-04:00,34.75604539261894,34.90983305807617,34.583033810656154,34.765655517578125,359500,0.0,0.0
2024-06-06 00:00:00-04:00,34.727218294763254,35.41926109439922,34.69838058094533,35.342369079589844,191900,0.0,0.0
2024-06-07 00:00:00-04:00,34.93867169526486,35.37120070706533,34.900227523784096,35.06362533569336,156800,0.0,0.0
2024-06-10 00:00:00-04:00,34.56381150097546,34.67915500537092,34.24662603035628,34.57342529296875,238400,0.0,0.0
2024-06-11 00:00:00-04:00,34.29468590414617,35.09245835449878,34.29468590414617,34.813720703125,249200,0.0,0.0
2024-06-12 00:00:00-04:00,35.784507247264166,36.22664640317182,35.15013255982647,35.265472412109375,205300,0.0,0.0
2024-06-13 00:00:00-04:00,35.15974308315359,35.20780104491974,34.69837638375368,34.90983581542969,243400,0.0,0.0
2024-06-14 00:00:00-04:00,34.40041414485687,34.80410541566463,34.40041414485687,34.6983757019043,188300,0.0,0.0
2024-06-17 00:00:00-04:00,34.650320732219775,35.246247564344515,34.54459100933248,35.102073669433594,216400,0.0,0.0
2024-06-18 00:00:00-04:00,35.02517624659496,35.419257406251226,35.01556612071494,35.0347900390625,232500,0.0,0.0
2024-06-20 00:00:00-04:00,34.78488149332154,35.4000358581543,34.78488149332154,35.4000358581543,206000,0.0,0.0
2024-06-21 00:00:00-04:00,35.37119853178306,35.41925649311924,34.87138766739441,35.04439926147461,625000,0.0,0.0
2024-06-24 00:00:00-04:00,35.246245231596404,36.07285537409278,35.19818726980678,35.78450393676758,145200,0.0,0.0
2024-06-25 00:00:00-04:00,35.62110942874569,35.85178913331151,35.18858039945003,35.265472412109375,182400,0.0,0.0
2024-06-26 00:00:00-04:00,35.11168026515743,35.51537519680763,34.94828246737122,35.36158752441406,201200,0.0,0.0
2024-06-27 00:00:00-04:00,35.43848476742278,35.68839206363191,35.32314491271973,35.563438415527344,140800,0.0,0.0
2024-06-28 00:00:00-04:00,35.89245619740934,36.70533483204247,35.70859215430703,36.2408332824707,443700,0.25,0.0
2024-07-01 00:00:00-04:00,36.26986361719194,36.60856520300283,36.07632038123288,36.589210510253906,208100,0.0,0.0
2024-07-02 00:00:00-04:00,36.473084886827145,36.86984688690987,36.298896331519565,36.70533752441406,160900,0.0,0.0
2024-07-03 00:00:00-04:00,36.58921281327112,36.64727320364217,35.911813290542284,36.008583068847656,94600,0.0,0.0
2024-07-05 00:00:00-04:00,35.9892317260176,36.1924541858306,35.49569990425634,35.582794189453125,196000,0.0,0.0
2024-07-08 00:00:00-04:00,35.873104095458984,36.037617149299024,35.68924003907818,35.873104095458984,144800,0.0,0.0
2024-07-09 00:00:00-04:00,35.7860047547454,36.39566461137457,35.7860047547454,36.23115158081055,226100,0.0,0.0
2024-07-10 00:00:00-04:00,36.250511442052,36.753722413881626,36.1924510513031,36.70533752441406,202700,0.0,0.0
2024-07-11 00:00:00-04:00,37.402090333563706,38.05045594931759,37.00532834846036,37.7891731262207,296100,0.0,0.0
2024-07-12 00:00:00-04:00,38.1762580871582,38.45689559241992,37.90529608242648,38.1762580871582,323700,0.0,0.0
2024-07-15 00:00:00-04:00,38.669792107774384,39.87943277950053,38.66011660667393,39.153648376464844,324000,0.0,0.0
2024-07-16 00:00:00-04:00,39.56976004049158,41.379381222080255,39.53105065794222,40.9632682800293,392700,0.0,0.0
2024-07-17 00:00:00-04:00,40.81811634521329,42.114851331823154,40.81811634521329,41.66970443725586,460400,0.0,0.0
2024-07-18 00:00:00-04:00,41.43745237049446,42.78257226573201,40.614898154300874,41.61164093017578,289500,0.0,0.0
2024-07-19 00:00:00-04:00,41.83421138909595,43.024497334117356,41.64066814867525,42.250328063964844,266400,0.0,0.0
2024-07-22 00:00:00-04:00,42.6277357245652,43.93414984016161,42.31806801380093,43.88576126098633,312900,0.0,0.0
2024-07-23 00:00:00-04:00,43.56641925422984,46.03408550767582,43.56641925422984,45.32765579223633,610300,0.0,0.0
2024-07-24 00:00:00-04:00,45.07605067705844,45.75344648367936,43.81802145555038,43.914794921875,510600,0.0,0.0
2024-07-25 00:00:00-04:00,44.05994809166906,45.46313192784002,43.972853820692094,44.65025329589844,410000,0.0,0.0
2024-07-26 00:00:00-04:00,45.04701540959462,45.60829042246964,44.65993263076062,44.99863052368164,186200,0.0,0.0
2024-07-29 00:00:00-04:00,45.04701549352427,45.04701549352427,44.0115634286306,44.03091812133789,199000,0.0,0.0
2024-07-30 00:00:00-04:00,44.10833905650344,44.54380674342957,43.84705622942955,44.06962966918945,195000,0.0,0.0
2024-07-31 00:00:00-04:00,44.030917610262556,45.06636966313753,43.88575926240788,43.95349884033203,222600,0.0,0.0
2024-08-01 00:00:00-04:00,43.701906498420975,43.953510182561416,41.950345137817685,42.56000518798828,262400,0.0,0.0
2024-08-02 00:00:00-04:00,41.10842860611216,41.54389999112477,40.314904611880486,41.13745880126953,229600,0.0,0.0
2024-08-05 00:00:00-04:00,39.43428701841177,40.22781102628192,38.02142755967035,40.0052375793457,312200,0.0,0.0
2024-08-06 00:00:00-04:00,39.77297932524158,40.982619860577756,39.472990835057374,40.421348571777344,250500,0.0,0.0
2024-08-07 00:00:00-04:00,40.914881805611955,40.982621382784416,39.676211032709666,40.034263610839844,141300,0.0,0.0
2024-08-08 00:00:00-04:00,40.624571706378354,40.69231128838931,39.85040241801722,40.36328887939453,124000,0.0,0.0
2024-08-09 00:00:00-04:00,40.305228994682,40.527802437152275,39.995561275459835,40.44070816040039,108900,0.0,0.0
2024-08-12 00:00:00-04:00,40.595545760296595,41.49551880580859,39.84072739505801,40.09233474731445,330000,0.0,0.0
2024-08-13 00:00:00-04:00,40.52780129619011,40.98262366950739,39.94717157034698,40.905208587646484,128900,0.0,0.0
2024-08-14 00:00:00-04:00,41.16649346967764,41.16649346967764,40.208456404457515,40.595542907714844,103800,0.0,0.0
2024-08-15 00:00:00-04:00,41.55358005705196,42.09550047254618,41.05036903370679,41.079402923583984,184900,0.0,0.0
2024-08-16 00:00:00-04:00,41.031012476331846,42.14387966352869,41.031012476331846,41.84389114379883,236500,0.0,0.0
2024-08-19 00:00:00-04:00,41.99872030382083,42.134199451328335,41.61163386105948,42.03742599487305,110300,0.0,0.0
2024-08-20 00:00:00-04:00,41.93098715824954,41.93098715824954,41.31164801657832,41.321327209472656,119600,0.0,0.0
2024-08-21 00:00:00-04:00,41.53422142293423,41.62131570124639,41.02133494594624,41.563255310058594,108100,0.0,0.0
2024-08-22 00:00:00-04:00,41.669705894081275,42.14388300092803,41.47616263573275,41.766475677490234,100400,0.0,0.0
2024-08-23 00:00:00-04:00,42.163232056738416,44.234136153571455,42.12452267193983,43.49867630004883,226600,0.0,0.0
2024-08-26 00:00:00-04:00,44.17607558376857,44.39864900813755,43.585770388406004,43.6341552734375,206500,0.0,0.0
2024-08-27 00:00:00-04:00,43.31481094393261,43.76963701143896,42.50193227622464,43.50835418701172,169500,0.0,0.0
2024-08-28 00:00:00-04:00,43.479325498338255,44.27284950006619,43.479325498338255,44.088985443115234,141800,0.0,0.0
2024-08-29 00:00:00-04:00,44.38897424160593,44.38897424160593,43.56642003947494,43.818023681640625,157600,0.0,0.0
2024-08-30 00:00:00-04:00,43.93414971794882,44.5147757511341,43.65351220224614,44.50510025024414,185800,0.0,0.0
2024-09-03 00:00:00-04:00,44.156725449103284,44.58251764947094,43.58577488712845,43.92447280883789,187400,0.0,0.0
2024-09-04 00:00:00-04:00,43.62447962276826,43.963177508352146,42.98578585304423,43.2857780456543,119900,0.0,0.0
2024-09-05 00:00:00-04:00,43.576090485866665,43.576090485866665,42.67611761114264,43.10191345214844,211400,0.0,0.0
2024-09-06 00:00:00-04:00,44.311557678557264,44.311557678557264,42.192264873178715,42.4051628112793,188200,0.0,0.0
2024-09-09 00:00:00-04:00,42.40516265273433,42.637415283569375,41.97937046965547,42.29871368408203,196300,0.0,0.0
2024-09-10 00:00:00-04:00,42.32774872651972,42.46322789340376,40.972949674618455,41.83421325683594,227600,0.0,0.0
2024-09-11 00:00:00-04:00,41.39874060755035,41.689057318059604,40.43102808326704,41.60196304321289,177300,0.0,0.0
2024-09-12 00:00:00-04:00,41.90195063687986,41.90195063687986,41.18584545199736,41.689056396484375,155800,0.0,0.0
2024-09-13 00:00:00-04:00,42.192261809330184,42.58902377055055,41.96968838635584,42.45354461669922,209500,0.0,0.0
2024-09-16 00:00:00-04:00,42.67611926851339,43.092235933912995,41.96001409424211,42.8212776184082,160500,0.0,0.0
2024-09-17 00:00:00-04:00,43.25675263224875,44.011567255819735,42.772896347081605,42.95676040649414,166000,0.0,0.0
2024-09-18 00:00:00-04:00,42.966439905637635,44.41800877148309,42.40516483890941,43.16965866088867,259600,0.0,0.0
2024-09-19 00:00:00-04:00,44.088983695543746,44.447036293953,43.38255399964211,43.88576126098633,213300,0.0,0.0
2024-09-20 00:00:00-04:00,43.69221845689836,43.759958032863224,43.06320388976174,43.23739242553711,958200,0.0,0.0
2024-09-23 00:00:00-04:00,43.50835787596494,43.58577665637283,42.9083770939263,43.05353546142578,318300,0.0,0.0
2024-09-24 00:00:00-04:00,43.005142586464416,43.140625438658525,42.67612018562496,42.73418426513672,193200,0.0,0.0
2024-09-25 00:00:00-04:00,42.618062371645955,42.68580195606915,42.31807014667862,42.60838317871094,225200,0.0,0.0
2024-09-26 00:00:00-04:00,43.01482210036956,43.23739553619975,42.77289397122409,42.94708251953125,207700,0.0,0.0
2024-09-27 00:00:00-04:00,43.12127454622856,43.73093082295142,42.86966720436433,42.97611618041992,164000,0.0,0.0
2024-09-30 00:00:00-04:00,43.02477544902711,44.0077004889332,42.84960076295334,43.71574020385742,195000,0.25,0.0
2024-10-01 00:00:00-04:00,43.394587322503995,43.41405158821257,41.526058651200024,41.56498718261719,180900,0.0,0.0
2024-10-02 00:00:00-04:00,41.808281875867124,41.85694068036326,40.951876521934395,41.11731719970703,248000,0.0,0.0
2024-10-03 00:00:00-04:00,41.0005360309591,41.506595773758164,40.91294869638948,41.26329803466797,138300,0.0,0.0
2024-10-04 00:00:00-04:00,42.13916907452479,42.13916907452479,41.60391477314556,41.90560531616211,228600,0.0,0.0
2024-10-07 00:00:00-04:00,41.652572382153494,41.769354257976126,41.11731809616844,41.5455207824707,167100,0.0,0.0
2024-10-08 00:00:00-04:00,41.72069649782377,41.749894751832734,41.185442198426735,41.20490646362305,161700,0.0,0.0
2024-10-09 00:00:00-04:00,41.06865949507259,41.87640606614147,41.06865949507259,41.47739791870117,133400,0.0,0.0
2024-10-10 00:00:00-04:00,41.11731688739263,41.613642629369416,40.92267795845768,41.603912353515625,160800,0.0,0.0
2024-10-11 00:00:00-04:00,41.798551213736935,43.1026272092999,41.798551213736935,42.96638107299805,158400,0.0,0.0
2024-10-14 00:00:00-04:00,43.08316760628215,43.36539389768597,42.68415943004645,43.21941375732422,230700,0.0,0.0
2024-10-15 00:00:00-04:00,43.35565429953035,44.776512137197145,43.190213626790346,43.657344818115234,307000,0.0,0.0
2024-10-16 00:00:00-04:00,41.72069825405818,42.557643130585745,40.03707822420978,40.24144744873047,500700,0.0,0.0
2024-10-17 00:00:00-04:00,40.134400035425436,40.60153128811383,39.80351493405084,40.45555114746094,399200,0.0,0.0
2024-10-18 00:00:00-04:00,40.55286668144569,40.55286668144569,39.59913995885118,39.66726303100586,421600,0.0,0.0
2024-10-21 00:00:00-04:00,39.59914086985078,39.59914086985078,38.60648559392302,38.62594985961914,345700,0.0,0.0
2024-10-22 00:00:00-04:00,38.664876136204796,39.1806661535711,38.65514586013872,39.02495574951172,420500,0.0,0.0
2024-10-23 00:00:00-04:00,38.69406952052311,39.01522430753965,38.06149764712285,38.48970031738281,313800,0.0,0.0
2024-10-24 00:00:00-04:00,38.61621713890611,38.92763794547561,38.04203433071319,38.742733001708984,317900,0.0,0.0
2024-10-25 00:00:00-04:00,38.54809259641778,38.92763645789365,37.84739395219851,37.92525100708008,309500,0.0,0.0
2024-10-28 00:00:00-04:00,38.742736066865156,39.725657369284164,38.70380753485691,39.54075241088867,415100,0.0,0.0
2024-10-29 00:00:00-04:00,39.2390573118455,39.66725997705493,39.04441838677623,39.2195930480957,313200,0.0,0.0
2024-10-30 00:00:00-04:00,39.03469156376792,40.231716047043044,39.03469156376792,39.70619201660156,291700,0.0,0.0
2024-10-31 00:00:00-04:00,39.62833583060961,39.881363838768756,39.170934905843666,39.190399169921875,292600,0.0,0.0
2024-11-01 00:00:00-04:00,39.287720696451004,39.93976061460487,39.17093881276268,39.71592712402344,380600,0.0,0.0
2024-11-04 00:00:00-05:00,39.248793024491796,39.90082918283073,38.92763822715193,39.37530517578125,422500,0.0,0.0
2024-11-05 00:00:00-05:00,39.37530765290917,40.08573664975681,39.37530765290917,40.027347564697266,258100,0.0,0.0
2024-11-06 00:00:00-05:00,42.35327019944061,45.41881943625123,42.35327019944061,45.06847381591797,572700,0.0,0.0
2024-11-07 00:00:00-05:00,44.75705471620622,44.75705471620622,42.52844648537833,42.810672760009766,404600,0.0,0.0
2024-11-08 00:00:00-05:00,43.122094671348805,43.93957526221325,42.81067384744131,43.170753479003906,290000,0.0,0.0
2024-11-11 00:00:00-05:00,43.84225337595235,44.58188060763209,43.540566544876604,43.72547149658203,398800,0.0,0.0
2024-11-12 00:00:00-05:00,43.79359411280627,44.22179680765706,43.61841943936073,43.68654251098633,310400,0.0,0.0
2024-11-13 00:00:00-05:00,44.18286962720204,44.41643337102023,43.26806777869923,43.38485336303711,426800,0.0,0.0
2024-11-14 00:00:00-05:00,43.54056614121276,43.54056614121276,42.46032355787241,42.917720794677734,260200,0.0,0.0
2024-11-15 00:00:00-05:00,43.26806561704748,43.41404573396234,42.10996980677062,42.59656524658203,195600,0.0,0.0
2024-11-18 00:00:00-05:00,42.52844355072794,42.742543026684054,42.28514582299201,42.29487609863281,206000,0.0,0.0
2024-11-19 00:00:00-05:00,41.71096092912694,42.41165953757302,41.43846867581058,42.27540969848633,163600,0.0,0.0
2024-11-20 00:00:00-05:00,42.25594543575966,42.440854075448776,41.70122694154934,42.27540969848633,205900,0.0,0.0
2024-11-21 00:00:00-05:00,42.59657208831524,43.6378861997701,42.528449012794205,43.21941375732422,211700,0.0,0.0
2024-11-22 00:00:00-05:00,43.472437571932396,44.42616796147599,43.35565569844027,44.299652099609375,238700,0.0,0.0
2024-11-25 00:00:00-05:00,44.76678107492157,46.38227780869333,44.76678107492157,45.46747970581055,329100,0.0,0.0
2024-11-26 00:00:00-05:00,45.3215045018569,45.3215045018569,44.65000404938552,44.883567810058594,294800,0.0,0.0
2024-11-27 00:00:00-05:00,45.28257366622611,45.37989498857747,44.66946604134234,44.75705337524414,190800,0.0,0.0
2024-11-29 00:00:00-05:00,44.93222476167639,45.29230808918762,43.959033803399535,44.20233154296875,204600,0.0,0.0
2024-12-02 00:00:00-05:00,44.2996547958517,44.90303217678508,43.75466649900374,44.289920806884766,301300,0.0,0.0
2024-12-03 00:00:00-05:00,45.019810753087,45.019810753087,43.89090942366793,43.91037368774414,204700,0.0,0.0
2024-12-04 00:00:00-05:00,44.095282185054074,44.338579916507285,43.715734605546906,44.15367126464844,209900,0.0,0.0
2024-12-05 00:00:00-05:00,44.39697559931374,44.73759470146615,43.72547509710421,43.79359817504883,173400,0.0,0.0
2024-12-06 00:00:00-05:00,44.20233342592611,44.20233342592611,43.268070957165,43.58922576904297,135500,0.0,0.0
2024-12-09 00:00:00-05:00,43.67681046259594,43.910374209427864,43.248604072689375,43.355655670166016,176200,0.0,0.0
2024-12-10 00:00:00-05:00,43.404319358680524,43.77413299727703,42.80094194697092,43.015045166015625,277200,0.0,0.0
2024-12-11 00:00:00-05:00,43.628151355510056,43.70600469977123,42.976111499232346,43.073429107666016,286900,0.0,0.0
2024-12-12 00:00:00-05:00,43.10262690471303,43.20967850031622,42.53817438696119,42.68415451049805,314900,0.0,0.0
2024-12-13 00:00:00-05:00,42.57710454690771,42.85933081660158,42.03211627223289,42.48951721191406,211900,0.0,0.0
2024-12-16 00:00:00-05:00,42.5965691448336,43.15128769998973,42.30461259671389,42.94691848754883,301400,0.0,0.0
2024-12-17 00:00:00-05:00,42.67442505549492,43.14156001546391,41.69150375154366,41.710968017578125,358000,0.0,0.0
2024-12-18 00:00:00-05:00,41.92507057012277,42.34353928976014,40.04681162036283,40.0954704284668,501500,0.0,0.0
2024-12-19 00:00:00-05:00,40.68911532837459,41.49686189380435,39.881365050515946,39.90082931518555,341600,0.0,0.0
2024-12-20 00:00:00-05:00,39.56021230059133,41.24383214319392,39.56021230059133,40.68911361694336,1922000,0.0,0.0
2024-12-23 00:00:00-05:00,40.29010875450623,41.64284364613722,40.29010875450623,41.419010162353516,313700,0.0,0.0
2024-12-24 00:00:00-05:00,41.54552136035694,42.1683667024087,41.54552136035694,42.1099739074707,162300,0.0,0.0
2024-12-26 00:00:00-05:00,41.63310573037914,42.314340106405076,41.321684937755066,42.18782424926758,168700,0.0,0.0
2024-12-27 00:00:00-05:00,41.798553298902476,42.382466401447765,41.40927542225297,42.04185104370117,225200,0.0,0.0
2024-12-30 00:00:00-05:00,41.730430147507896,42.0905097696409,41.30222374152696,41.69150161743164,243100,0.0,0.0
2024-12-31 00:00:00-05:00,42.004745858674866,42.122213224208686,41.39782678015988,41.42719268798828,205400,0.25,0.0
2025-01-02 00:00:00-05:00,41.67192302676149,41.887282998588056,40.7028106219832,40.72238540649414,228400,0.0,0.0
2025-01-03 00:00:00-05:00,40.908379287189994,41.69150136190083,40.409136397285174,41.49571990966797,253100,0.0,0.0
2025-01-06 00:00:00-05:00,41.42719791012642,42.28863407914395,41.241207580067694,41.309730529785156,258100,0.0,0.0
2025-01-07 00:00:00-05:00,41.44677781108641,41.60340223483696,40.291671285593274,40.869224548339844,414100,0.0,0.0
2025-01-08 00:00:00-05:00,40.49724046286107,41.29015371488758,40.272093085322375,41.16289520263672,343000,0.0,0.0
2025-01-10 00:00:00-05:00,40.11546563688488,40.11546563688488,38.872257723479755,39.586856842041016,265300,0.0,0.0
2025-01-13 00:00:00-05:00,39.30298052924418,40.15462560473168,39.30298052924418,40.095890045166016,200600,0.0,0.0
2025-01-14 00:00:00-05:00,40.51681543405456,41.9068603515625,40.48744952388442,41.9068603515625,244700,0.0,0.0
2025-01-15 00:00:00-05:00,43.10112480331528,43.247961838673874,42.04391084508456,42.26905822753906,277100,0.0,0.0
2025-01-16 00:00:00-05:00,42.10263747732488,42.64103738439924,41.93622567638952,42.38652038574219,349000,0.0,0.0
2025-01-17 00:00:00-05:00,42.76829033187188,43.37521315873982,42.229894181899624,43.30669021606445,364500,0.0,0.0
2025-01-21 00:00:00-05:00,43.610152328749024,44.500954408309255,43.34584792260864,43.796146392822266,293200,0.0,0.0
2025-01-22 00:00:00-05:00,44.54010981311443,44.99040453259452,43.15006861796617,43.16964340209961,574300,0.0,0.0
2025-01-23 00:00:00-05:00,43.56120655585343,43.57099394797747,42.12221718928252,42.39631271362305,468600,0.0,0.0
2025-01-24 00:00:00-05:00,42.31799930104962,42.464836324748816,41.96559343154803,42.33757781982422,490300,0.0,0.0
2025-01-27 00:00:00-05:00,42.56272643551891,43.05217821660936,42.09285317377857,42.12221908569336,382700,0.0,0.0
2025-01-28 00:00:00-05:00,42.09284999471505,42.65082468427945,41.936225585964,42.288631439208984,450100,0.0,0.0
2025-01-29 00:00:00-05:00,42.053695722479624,42.77808599444345,42.01453868416359,42.37673568725586,408300,0.0,0.0
2025-01-30 00:00:00-05:00,43.09133256206186,43.39479399169078,42.05369350668403,42.45504379272461,310200,0.0,0.0
2025-01-31 00:00:00-05:00,42.57251874399437,42.60188465672427,41.33909813024663,41.8089714050293,418500,0.0,0.0
2025-02-03 00:00:00-05:00,40.99648309347949,41.7991837326424,40.467874262551476,41.192264556884766,320200,0.0,0.0
2025-02-04 00:00:00-05:00,41.153105106723835,42.161374543001266,41.143313980305656,42.043907165527344,278700,0.0,0.0
2025-02-05 00:00:00-05:00,42.37673356462996,42.37673356462996,41.642555936972,42.229896545410156,326600,0.0,0.0
2025-02-06 00:00:00-05:00,42.45504337880769,43.11091065987697,42.22010863202203,43.032596588134766,301700,0.0,0.0
2025-02-07 00:00:00-05:00,42.85639247132258,42.85639247132258,42.024326020370886,42.69976806640625,346600,0.0,0.0
2025-02-10 00:00:00-05:00,42.76829742616061,42.76829742616061,41.89707380972597,42.26905822753906,290700,0.0,0.0
2025-02-11 00:00:00-05:00,42.01453651049734,43.130489639445095,42.01453651049734,43.10111999511719,249000,0.0,0.0
2025-02-12 00:00:00-05:00,42.425681450618065,42.719351778771006,42.151589642238086,42.2592658996582,312000,0.0,0.0
2025-02-13 00:00:00-05:00,42.259262714756005,42.44525677147125,41.887282069766606,42.42567825317383,249800,0.0,0.0
2025-02-14 00:00:00-05:00,42.42567945798505,42.76829420236822,40.80069973535796,40.91816711425781,580400,0.0,0.0
2025-02-18 00:00:00-05:00,41.04542781744715,41.388042580175416,40.634286367952384,41.16289520263672,501600,0.0,0.0
2025-02-19 00:00:00-05:00,40.624497003718574,41.32930874909515,40.30145704234742,40.79090881347656,323300,0.0,0.0
2025-02-20 00:00:00-05:00,40.58534161334796,41.10416305107608,40.08610242958707,40.869224548339844,442100,0.0,0.0
2025-02-21 00:00:00-05:00,41.299937968480194,41.50551054471223,40.63428327930159,40.78112030029297,604000,0.0,0.0
2025-02-24 00:00:00-05:00,40.98668717841775,41.12373306652548,40.51681396166822,40.732173919677734,333700,0.0,0.0
2025-02-25 00:00:00-05:00,40.99647773752594,41.241203601255314,40.68322893068997,40.888797760009766,257000,0.0,0.0
2025-02-26 00:00:00-05:00,40.75175141069943,41.153101673285896,40.45808112440548,40.820274353027344,198200,0.0,0.0
2025-02-27 00:00:00-05:00,40.64407720619415,41.47614375789056,40.51681869484759,41.192264556884766,352200,0.0,0.0
2025-02-28 00:00:00-05:00,41.35867418042592,41.769811870977044,41.16289272740227,41.59361267089844,337500,0.0,0.0
2025-03-03 00:00:00-05:00,41.56424251174278,42.024328360526134,40.927957465059606,41.202049255371094,229200,0.0,0.0
2025-03-04 00:00:00-05:00,40.76154195525447,40.97690192449902,39.69453696961102,40.00778579711914,351100,0.0,0.0
2025-03-05 00:00:00-05:00,39.97842034471599,40.45808471783477,39.4791811870966,40.07630920410156,306100,0.0,0.0
2025-03-06 00:00:00-05:00,39.860952163161556,40.05672987798655,39.5281248200503,39.714115142822266,325200,0.0,0.0
2025-03-07 00:00:00-05:00,39.75327243717829,40.14483160358712,39.420445091909464,39.90989685058594,350800,0.0,0.0
2025-03-10 00:00:00-04:00,39.596648378310284,39.82179574121091,38.26533898531474,38.36322784423828,640800,0.0,0.0
2025-03-11 00:00:00-04:00,38.51985107046598,38.90162657061704,37.94229785850882,38.030399322509766,474300,0.0,0.0
2025-03-12 00:00:00-04:00,38.20660503830346,39.058253830527626,37.805254725063165,38.76457977294922,408500,0.0,0.0
2025-03-13 00:00:00-04:00,38.862467886439575,39.40086403951434,38.71563087459176,38.82331085205078,353000,0.0,0.0
2025-03-14 00:00:00-04:00,39.2246638408172,39.870740016182744,39.07782681878024,39.78263854980469,359500,0.0,0.0
2025-03-17 00:00:00-04:00,40.35040313856025,40.69301786710068,39.919683212143184,39.99799728393555,601600,0.0,0.0
2025-03-18 00:00:00-04:00,39.81200715685542,40.34061599092463,39.586859779578724,39.77285385131836,375100,0.0,0.0
2025-03-19 00:00:00-04:00,39.88053263916363,40.19378147932519,39.41065564470056,39.7630615234375,453100,0.0,0.0
2025-03-20 00:00:00-04:00,39.469390783786515,40.08610106503275,39.33234488444751,39.37150192260742,452700,0.0,0.0
2025-03-21 00:00:00-04:00,39.10719401418317,39.82179309261384,38.87225554048388,39.34212875366211,4156500,0.0,0.0
2025-03-24 00:00:00-04:00,40.01757754912924,40.46787227893468,39.900106436311674,40.17420196533203,623000,0.0,0.0
2025-03-25 00:00:00-04:00,40.379770526074296,40.673440837601625,40.12525725187611,40.301456451416016,296900,0.0,0.0
2025-03-26 00:00:00-04:00,39.88053128317145,40.65386223052683,39.7532727792388,40.20356750488281,262800,0.0,0.0
2025-03-27 00:00:00-04:00,40.21335854342495,40.44829329793424,39.860952677440416,40.10567855834961,293700,0.0,0.0
2025-03-28 00:00:00-04:00,40.16440988511398,40.16440988511398,39.02888196105178,39.39107894897461,188600,0.0,0.0
2025-03-31 00:00:00-04:00,38.996579519879624,39.71654625076343,38.8289139730877,39.4699821472168,432400,0.3,0.0
2025-04-01 00:00:00-04:00,39.1642401276181,39.56860509479367,38.78946541032238,39.36149215698242,320000,0.0,0.0
2025-04-02 00:00:00-04:00,38.858501722537476,39.62778047215825,38.858501722537476,39.58832931518555,260400,0.0,0.0
2025-04-03 00:00:00-04:00,37.65526507474764,37.98072769079678,36.18574156201786,36.19560623168945,380500,0.0,0.0
2025-04-04 00:00:00-04:00,34.41048160998123,34.99237297586458,33.5918908396225,34.50910949707031,402100,0.0,0.0
2025-04-07 00:00:00-04:00,33.62147623936873,36.14629363331413,33.17766016746654,34.41048049926758,374800,0.0,0.0
2025-04-08 00:00:00-04:00,35.53481474953757,35.968769947274055,33.83845640197017,34.30199432373047,408200,0.0,0.0
2025-04-09 00:00:00-04:00,32.69439988804554,36.9846135555857,32.69439988804554,36.47175979614258,465700,0.0,0.0
2025-04-10 00:00:00-04:00,35.47564121505274,35.62357740644481,33.651064756396075,34.59787368774414,315500,0.0,0.0
2025-04-11 00:00:00-04:00,34.19350283228168,34.666909149317924,33.58202500265772,34.40061950683594,263600,0.0,0.0
2025-04-14 00:00:00-04:00,34.785261205060905,34.90361091120675,33.59189194889463,34.61759567260742,346000,0.0,0.0
2025-04-15 00:00:00-04:00,34.63732123359661,35.33756608676505,34.63732123359661,34.96278762817383,229100,0.0,0.0
2025-04-16 00:00:00-04:00,34.94306550732203,35.28825375184173,34.55842610278017,34.93320083618164,359200,0.0,0.0
2025-04-17 00:00:00-04:00,34.89375005275652,35.54467908088508,34.87402447465937,35.317840576171875,502500,0.0,0.0
2025-04-21 00:00:00-04:00,34.85430241405008,35.06141536156793,34.46966300801131,34.94306564331055,321600,0.0,0.0
2025-04-22 00:00:00-04:00,35.40660572737383,35.85041809082031,34.94306402248493,35.85041809082031,363600,0.0,0.0
2025-04-23 00:00:00-04:00,36.23505835948767,37.783480459851255,35.810967846672746,36.28437042236328,287600,0.0,0.0
2025-04-24 00:00:00-04:00,36.521073001726094,37.30021645456183,36.08712154354559,37.28049087524414,378700,0.0,0.0
2025-04-25 00:00:00-04:00,36.9057108364957,37.507327812372615,36.885989020279204,37.48760223388672,252900,0.0,0.0
2025-04-28 00:00:00-04:00,37.63554120232538,38.6020719491172,37.58622913854127,38.444271087646484,390100,0.0,0.0
2025-04-29 00:00:00-04:00,38.40482080079199,39.27272743965587,38.237159027678075,39.22341537475586,335000,0.0,0.0
2025-04-30 00:00:00-04:00,38.533034459976044,38.92753849634993,38.18784624985088,38.80918502807617,460600,0.0,0.0
2025-05-01 00:00:00-04:00,39.67709287246237,40.761977124761344,38.690836513428444,40.31816101074219,972300,0.0,0.0
2025-05-02 00:00:00-04:00,40.71266336623754,40.96909213949038,40.20967425296409,40.86060333251953,269700,0.0,0.0
2025-05-05 00:00:00-04:00,40.28857068247926,41.1466164219871,40.28857068247926,40.66334915161133,197100,0.0,0.0
2025-05-06 00:00:00-04:00,40.219530673819364,40.8014220407856,39.76585367917292,40.44636917114258,246600,0.0,0.0
2025-05-07 00:00:00-04:00,40.75211178345989,40.75211178345989,39.982833040003115,40.25898361206055,196600,0.0,0.0
2025-05-08 00:00:00-04:00,40.37733050949723,41.659466675714285,40.29843196394475,41.0479850769043,372100,0.0,0.0
2025-05-09 00:00:00-04:00,41.25510553265271,41.25510553265271,40.61403739082415,40.692935943603516,199100,0.0,0.0
2025-05-12 00:00:00-04:00,42.50764850655698,42.71476520584487,41.67919299621399,41.80740737915039,235900,0.0,0.0
2025-05-13 00:00:00-04:00,42.201909850953186,42.201909850953186,41.6989170087824,42.01451873779297,162500,0.0,0.0
2025-05-14 00:00:00-04:00,42.00466015548241,42.40902512830806,41.866584861678966,41.87644577026367,295700,0.0,0.0
2025-05-15 00:00:00-04:00,41.817269362543385,42.26108169555664,41.817269362543385,42.26108169555664,209100,0.0,0.0
2025-05-16 00:00:00-04:00,42.211770006208994,42.211770006208994,41.76795390699349,41.94548034667969,252000,0.0,0.0
2025-05-19 00:00:00-04:00,41.501668749852826,42.06383456479474,41.403040858118665,42.01451873779297,237000,0.0,0.0
2025-05-20 00:00:00-04:00,41.92575437779773,42.182183127073394,41.817269343240326,41.90603256225586,115400,0.0,0.0
2025-05-21 00:00:00-04:00,41.452351737572556,41.758092549802114,41.097298862020615,41.205787658691406,199800,0.0,0.0
2025-05-22 00:00:00-04:00,40.87046319132851,41.22551609146896,40.57458702863464,40.76197814941406,146500,0.0,0.0
2025-05-23 00:00:00-04:00,39.97296849191368,41.156476859344316,39.834893205462826,40.96908950805664,369400,0.0,0.0
2025-05-27 00:00:00-04:00,41.44249178482734,41.748232604102476,41.018401258397375,41.63974380493164,147400,0.0,0.0
2025-05-28 00:00:00-04:00,41.33400332580156,41.70878179085692,40.60417197409055,40.623897552490234,242500,0.0,0.0
2025-05-29 00:00:00-04:00,40.70279931929155,41.01840104490807,40.45623523601181,40.919776916503906,212300,0.0,0.0
2025-05-30 00:00:00-04:00,40.85073553040976,40.88032577875988,40.387197611976944,40.5745849609375,275600,0.0,0.0
2025-06-02 00:00:00-04:00,40.36747365399598,40.87046274890372,40.10118398177325,40.72252655029297,196700,0.0,0.0
2025-06-03 00:00:00-04:00,40.45623835525433,41.18606599116244,40.42665186690578,40.86060333251953,180600,0.0,0.0
2025-06-04 00:00:00-04:00,40.74225146606836,40.77183795285504,40.4463715491239,40.66334915161133,170700,0.0,0.0
2025-06-05 00:00:00-04:00,40.60417100343025,40.60417100343025,40.27870837328915,40.535133361816406,199700,0.0,0.0
2025-06-06 00:00:00-04:00,41.11702488198008,41.2452392578125,40.82114873659467,41.2452392578125,157000,0.0,0.0
2025-06-09 00:00:00-04:00,41.28469019191871,41.62001749149179,41.02826144163204,41.22551345825195,269600,0.0,0.0
2025-06-10 00:00:00-04:00,41.2452374774353,41.886305566656,41.235376569998145,41.43262481689453,180500,0.0,0.0
2025-06-11 00:00:00-04:00,41.748234133858425,41.86658384534988,40.95922602453007,41.077579498291016,167100,0.0,0.0
2025-06-12 00:00:00-04:00,40.801425155118295,41.1071659855965,40.554861061520555,41.077579498291016,167800,0.0,0.0
2025-06-13 00:00:00-04:00,40.57458345833371,40.97894838963005,39.6770903785165,40.43650817871094,310100,0.0,0.0
2025-06-16 00:00:00-04:00,40.92963906791911,40.92963906791911,39.95324361306899,39.98283386230469,272100,0.0,0.0
2025-06-17 00:00:00-04:00,39.84475694304729,40.357606920067944,39.6080537701945,39.83489227294922,240800,0.0,0.0
2025-06-18 00:00:00-04:00,39.54887710515327,40.58444925563116,39.509429711500324,40.189945220947266,228100,0.0,0.0
2025-06-20 00:00:00-04:00,40.41678685406314,40.68307653375645,40.04200836831669,40.4759635925293,1007200,0.0,0.0
2025-06-23 00:00:00-04:00,40.39705836410724,41.66932993244486,40.30829514393788,41.61015319824219,282400,0.0,0.0
2025-06-24 00:00:00-04:00,42.00465602128554,42.41888186192681,41.82712958607665,41.84685516357422,209000,0.0,0.0
2025-06-25 00:00:00-04:00,41.925757753760955,42.07369771812242,41.6101560079081,41.86658477783203,214100,0.0,0.0
2025-06-26 00:00:00-04:00,42.04410867338156,42.68517303466797,41.886307810051285,42.68517303466797,275900,0.0,0.0
2025-06-27 00:00:00-04:00,42.704900412007,42.98105475617126,42.33012193495733,42.49778747558594,420700,0.0,0.0
2025-06-30 00:00:00-04:00,42.75600987725468,43.22280144963187,42.49778708978542,42.50771713256836,210400,0.3,0.0
2025-07-01 00:00:00-04:00,42.249493216113585,43.94781463511049,42.249493216113585,43.55054473876953,222300,0.0,0.0
2025-07-02 00:00:00-04:00,43.71938808577426,44.21597358817245,43.421437542064695,44.09679412841797,277700,0.0,0.0
2025-07-03 00:00:00-04:00,44.36494698136239,44.95091802594494,44.36494698136239,44.7026252746582,126400,0.0,0.0
2025-07-07 00:00:00-04:00,44.56358084235057,45.01050854138649,44.03720143495638,44.22590255737305,191200,0.0,0.0
2025-07-08 00:00:00-04:00,44.18617665938234,44.672828296928124,44.11665120822934,44.17624282836914,185400,0.0,0.0
2025-07-09 00:00:00-04:00,44.56358228829582,44.58344616319156,43.778980067471174,44.08686065673828,224700,0.0,0.0
2025-07-10 00:00:00-04:00,43.99747539296098,44.74235365736318,43.927953724708516,44.484130859375,177400,0.0,0.0
2025-07-11 00:00:00-04:00,44.12658555197191,44.523855446893755,43.699521740957195,44.36494445800781,224100,0.0,0.0
2025-07-14 00:00:00-04:00,44.14645251237644,44.99064636230469,43.58034533514987,44.99064636230469,182900,0.0,0.0
2025-07-15 00:00:00-04:00,44.702624858191406,44.90125981509958,42.96457561537664,42.9943733215332,275200,0.0,0.0
2025-07-16 00:00:00-04:00,43.31218710362847,43.868360428460534,42.97450881841759,43.71938705444336,301500,0.0,0.0
2025-07-17 00:00:00-04:00,44.68276325606621,45.397843772565494,44.03720061518216,45.15948486328125,379800,0.0,0.0
2025-07-18 00:00:00-04:00,45.795114432118666,45.795114432118666,44.355015755334776,44.63310241699219,262800,0.0,0.0
2025-07-21 00:00:00-04:00,45.04030087585127,45.238935822737396,44.16631317138672,44.16631317138672,163900,0.0,0.0
2025-07-22 00:00:00-04:00,44.24576756430448,44.55365194011024,43.82863756029028,44.196109771728516,265800,0.0,0.0
2025-07-23 00:00:00-04:00,44.444401773302964,44.58344510562815,43.82863682072854,44.215972900390625,176300,0.0,0.0
2025-07-24 00:00:00-04:00,43.94781550129043,43.99747329215014,42.57723849941219,42.616966247558594,227500,0.0,0.0
2025-07-25 00:00:00-04:00,42.36867379859989,43.143345949597105,42.140244928142934,43.01423645019531,226100,0.0,0.0
2025-07-28 00:00:00-04:00,42.91491772724901,43.64986592957009,42.91491772724901,43.401573181152344,261300,0.0,0.0
2025-07-29 00:00:00-04:00,43.69952408397713,43.73925183332868,43.36184579178234,43.391639709472656,229900,0.0,0.0
2025-07-30 00:00:00-04:00,43.34197983508406,43.45122924622945,41.941608941208585,42.13031005859375,189900,0.0,0.0
2025-07-31 00:00:00-04:00,41.71318022690737,42.338878991132006,41.71318022690737,42.32894515991211,289200,0.0,0.0
2025-08-01 00:00:00-04:00,41.86215830225998,42.289222126545646,40.81932574284585,41.49468231201172,283700,0.0,0.0
2025-08-04 00:00:00-04:00,41.69331755961443,42.03099584657825,41.69331755961443,41.89195251464844,133100,0.0,0.0
2025-08-05 00:00:00-04:00,41.941608799480626,42.438194274902344,41.45495715520939,42.438194274902344,289600,0.0,0.0
2025-08-06 00:00:00-04:00,42.46799086469633,42.46799086469633,41.862159729003906,41.862159729003906,269800,0.0,0.0
2025-08-07 00:00:00-04:00,42.20976823252513,42.20976823252513,41.44502609461588,41.55427551269531,158400,0.0,0.0
2025-08-08 00:00:00-04:00,41.931678397186204,41.931678397186204,41.40529522147614,41.43509292602539,151300,0.0,0.0
2025-08-11 00:00:00-04:00,41.44502535061345,41.81249755957293,41.04775922403869,41.57413864135742,289900,0.0,0.0
2025-08-12 00:00:00-04:00,41.862157016634136,42.87518805062519,41.61386427937924,42.845394134521484,419400,0.0,0.0
2025-08-13 00:00:00-04:00,43.044028556207124,43.451228488784736,42.88512135785114,43.1632080078125,242100,0.0,0.0
2025-08-14 00:00:00-04:00,42.815600817129265,43.2327308030001,42.68648753113025,43.13341522216797,174400,0.0,0.0
2025-08-15 00:00:00-04:00,43.16320891599612,43.16320891599612,42.289221200972136,42.32894515991211,251100,0.0,0.0
2025-08-18 00:00:00-04:00,42.328944723149775,42.74607849121094,42.02106415414747,42.74607849121094,152500,0.0,0.0
2025-08-19 00:00:00-04:00,42.626896736761665,43.21286776779574,42.626896736761665,42.70635223388672,175300,0.0,0.0
2025-08-20 00:00:00-04:00,42.89505485581089,43.07382594194385,42.567310390331635,42.6666259765625,178100,0.0,0.0
2025-08-21 00:00:00-04:00,42.49778515017627,42.73614405255427,42.269356290127995,42.45805740356445,127300,0.0,0.0
2025-08-22 00:00:00-04:00,42.76594473358012,44.57351565512365,42.58717365002995,44.50399398803711,252200,0.0,0.0
2025-08-25 00:00:00-04:00,44.315288483866716,44.474195690616455,44.196109025966074,44.215972900390625,124700,0.0,0.0
2025-08-26 00:00:00-04:00,44.3748788263294,44.87146430667002,44.156380002612636,44.55364990234375,199300,0.0,0.0
2025-08-27 00:00:00-04:00,44.34508490987586,44.84167039021648,44.34508490987586,44.55364990234375,166200,0.0,0.0
2025-08-28 00:00:00-04:00,44.75228440098432,44.75228440098432,44.335150631607846,44.464263916015625,288200,0.0,0.0
2025-08-29 00:00:00-04:00,44.662899612529756,44.83173685842298,44.374879122733184,44.444400787353516,315600,0.0,0.0
2025-09-02 00:00:00-04:00,43.97760788321626,44.37487777352202,43.778976726709836,44.17624282836914,176800,0.0,0.0
2025-09-03 00:00:00-04:00,43.99747175659619,44.44439943602857,43.88822234732979,44.17624282836914,171400,0.0,0.0
2025-09-04 00:00:00-04:00,44.40467383814414,45.030372619628906,44.36494608946173,45.030372619628906,162500,0.0,0.0
2025-09-05 00:00:00-04:00,45.199211024595634,45.50709540178897,44.18617992781083,44.49406051635742,155000,0.0,0.0
2025-09-08 00:00:00-04:00,44.47419440084292,44.47419440084292,43.69952226398463,44.0471305847168,169000,0.0,0.0
2025-09-09 00:00:00-04:00,43.94781622698031,44.15638122522299,43.33205127512956,43.610137939453125,248400,0.0,0.0
2025-09-10 00:00:00-04:00,43.679659751056825,44.047131957086755,43.47109475211929,43.808773040771484,151100,0.0,0.0
2025-09-11 00:00:00-04:00,43.65979439139814,44.146449827677635,43.48102331591967,43.8484992980957,235300,0.0,0.0
2025-09-12 00:00:00-04:00,43.808770855309504,43.808770855309504,43.341979300229205,43.461158752441406,141700,0.0,0.0
2025-09-15 00:00:00-04:00,43.83856696794371,43.918022465831,43.212868182344664,43.30225372314453,167200,0.0,0.0
2025-09-16 00:00:00-04:00,43.14334705898129,43.14334705898129,42.38853876278604,42.984439849853516,179000,0.0,0.0
2025-09-17 00:00:00-04:00,43.04403137426334,44.355016793690915,43.04403137426334,43.391639709472656,209300,0.0,0.0
2025-09-18 00:00:00-04:00,43.47109413106228,44.67283010432019,43.44130021411019,44.53378677368164,216900,0.0,0.0
2025-09-19 00:00:00-04:00,44.52385477144309,44.52385477144309,43.79883665591265,43.97760772705078,1013300,0.0,0.0
2025-09-22 00:00:00-04:00,44.086858421059326,44.35501503558327,43.72931626836073,44.14645004272461,396800,0.0,0.0
2025-09-23 00:00:00-04:00,44.11665376905113,44.87146584671707,43.90808876942502,44.007408142089844,197200,0.0,0.0
2025-09-24 00:00:00-04:00,43.97760892057036,44.295423324853076,43.749180054282576,44.0471305847168,155200,0.0,0.0
2025-09-25 00:00:00-04:00,44.06699653797231,44.29542541503906,43.81870378611974,44.29542541503906,175500,0.0,0.0
2025-09-26 00:00:00-04:00,44.12658519453421,44.56357904449127,43.798836965581565,44.3748779296875,152000,0.0,0.0
2025-09-29 00:00:00-04:00,44.35501542245709,44.404673213288014,43.35191440854482,43.630001068115234,139200,0.0,0.0
2025-09-30 00:00:00-04:00,43.7400016784668,43.93000030517578,42.9900016784668,43.4900016784668,176400,0.3,0.0
2025-10-01 00:00:00-04:00,43.099998474121094,43.209999084472656,42.75,42.75,158400,0.0,0.0
2025-10-02 00:00:00-04:00,42.540000915527344,42.959999084472656,42.18000030517578,42.4900016784668,312500,0.0,0.0
2025-10-03 00:00:00-04:00,42.689998626708984,43.290000915527344,42.650001525878906,42.650001525878906,174800,0.0,0.0
2025-10-06 00:00:00-04:00,43.09000015258789,43.59000015258789,42.70000076293945,43.16999816894531,202400,0.0,0.0
2025-10-07 00:00:00-04:00,43.15999984741211,43.400001525878906,42.27000045776367,42.279998779296875,164500,0.0,0.0
2025-10-08 00:00:00-04:00,42.18000030517578,42.939998626708984,42.099998474121094,42.650001525878906,157800,0.0,0.0
2025-10-09 00:00:00-04:00,43.18000030517578,43.25,42.599998474121094,43.029998779296875,148800,0.0,0.0
2025-10-10 00:00:00-04:00,43.06999969482422,43.380001068115234,41.34000015258789,41.45000076293945,238500,0.0,0.0
2025-10-13 00:00:00-04:00,41.790000915527344,42.29999923706055,41.52000045776367,42.20000076293945,160100,0.0,0.0
2025-10-14 00:00:00-04:00,41.95000076293945,43.41999816894531,41.79999923706055,43.380001068115234,213500,0.0,0.0
2025-10-15 00:00:00-04:00,43.29999923706055,43.41999816894531,42.310001373291016,42.630001068115234,182100,0.0,0.0
2025-10-16 00:00:00-04:00,42.2400016784668,42.33000183105469,40.31999969482422,40.77000045776367,297500,0.0,0.0
2025-10-17 00:00:00-04:00,40.97999954223633,41.52000045776367,40.7400016784668,41.290000915527344,315000,0.0,0.0
2025-10-20 00:00:00-04:00,41.41999816894531,42.599998474121094,41.349998474121094,42.470001220703125,172100,0.0,0.0
2025-10-21 00:00:00-04:00,42.119998931884766,42.7599983215332,42.119998931884766,42.18000030517578,249200,0.0,0.0
2025-10-22 00:00:00-04:00,41.0099983215332,41.529998779296875,39.5099983215332,39.599998474121094,447700,0.0,0.0
2025-10-23 00:00:00-04:00,39.5,39.709999084472656,38.95000076293945,39.16999816894531,203900,0.0,0.0
2025-10-24 00:00:00-04:00,39.529998779296875,39.939998626708984,39.43000030517578,39.630001068115234,216500,0.0,0.0
2025-10-27 00:00:00-04:00,39.56999969482422,39.70000076293945,38.959999084472656,39.060001373291016,296000,0.0,0.0
2025-10-28 00:00:00-04:00,39.11000061035156,39.810001373291016,39.0099983215332,39.2599983215332,279300,0.0,0.0
2025-10-29 00:00:00-04:00,38.97999954223633,39.540000915527344,38.25,38.470001220703125,273300,0.0,0.0
2025-10-30 00:00:00-04:00,38.400001525878906,39.09000015258789,37.88999938964844,38.209999084472656,1042700,0.0,0.0
2025-10-31 00:00:00-04:00,38.15999984741211,38.900001525878906,37.9900016784668,38.65999984741211,375300,0.0,0.0
2025-11-03 00:00:00-05:00,38.720001220703125,39.18000030517578,38.27000045776367,39.150001525878906,296200,0.0,0.0
2025-11-04 00:00:00-05:00,38.880001068115234,39.63999938964844,38.70000076293945,39.52000045776367,260400,0.0,0.0
2025-11-05 00:00:00-05:00,39.540000915527344,40.369998931884766,39.540000915527344,39.97999954223633,264700,0.0,0.0
2025-11-06 00:00:00-05:00,39.720001220703125,40.349998474121094,39.720001220703125,40.099998474121094,209600,0.0,0.0
2025-11-07 00:00:00-05:00,40.02000045776367,40.59000015258789,39.849998474121094,40.54999923706055,258000,0.0,0.0
2025-11-10 00:00:00-05:00,40.63999938964844,41.060001373291016,40.560001373291016,40.72999954223633,251700,0.0,0.0
2025-11-11 00:00:00-05:00,40.7400016784668,40.81999969482422,40.290000915527344,40.45000076293945,165500,0.0,0.0
2025-11-12 00:00:00-05:00,40.68000030517578,41.220001220703125,40.68000030517578,40.75,308000,0.0,0.0
2025-11-13 00:00:00-05:00,40.2400016784668,41.040000915527344,40.2400016784668,40.720001220703125,321900,0.0,0.0
2025-11-14 00:00:00-05:00,40.58000183105469,40.58000183105469,40.0099983215332,40.43000030517578,164500,0.0,0.0
2025-11-17 00:00:00-05:00,40.290000915527344,40.61000061035156,39.13999938964844,39.22999954223633,288400,0.0,0.0
2025-11-18 00:00:00-05:00,39.06999969482422,40.04999923706055,39.06999969482422,39.7599983215332,275000,0.0,0.0
2025-11-19 00:00:00-05:00,39.75,40.040000915527344,39.16999816894531,39.720001220703125,189400,0.0,0.0
2025-11-20 00:00:00-05:00,39.9900016784668,40.380001068115234,39.2599983215332,39.310001373291016,209700,0.0,0.0
2025-11-21 00:00:00-05:00,39.65999984741211,40.2599983215332,39.290000915527344,39.790000915527344,742100,0.0,0.0
2025-11-24 00:00:00-05:00,39.630001068115234,39.790000915527344,39.189998626708984,39.279998779296875,230800,0.0,0.0
2025-11-25 00:00:00-05:00,39.529998779296875,40.52000045776367,39.529998779296875,40.150001525878906,278400,0.0,0.0
2025-11-26 00:00:00-05:00,40.0099983215332,40.4900016784668,39.970001220703125,39.97999954223633,331900,0.0,0.0
2025-11-28 00:00:00-05:00,40.16999816894531,40.16999816894531,39.630001068115234,39.72999954223633,84600,0.0,0.0
2025-12-01 00:00:00-05:00,39.75,40.279998779296875,39.75,40.16999816894531,167600,0.0,0.0
2025-12-02 00:00:00-05:00,40.369998931884766,40.369998931884766,39.849998474121094,40.040000915527344,167000,0.0,0.0
2025-12-03 00:00:00-05:00,39.970001220703125,40.880001068115234,39.970001220703125,40.689998626708984,161200,0.0,0.0
2025-12-04 00:00:00-05:00,40.52000045776367,41.040000915527344,40.52000045776367,40.58000183105469,172700,0.0,0.0
2025-12-05 00:00:00-05:00,40.310001373291016,40.689998626708984,40.130001068115234,40.470001220703125,137900,0.0,0.0
2025-12-08 00:00:00-05:00,40.75,41.0,40.4900016784668,40.529998779296875,274900,0.0,0.0
2025-12-09 00:00:00-05:00,40.540000915527344,41.25,40.540000915527344,40.650001525878906,176300,0.0,0.0
2025-12-10 00:00:00-05:00,40.900001525878906,42.290000915527344,40.849998474121094,41.880001068115234,308300,0.0,0.0
2025-12-11 00:00:00-05:00,41.90999984741211,42.439998626708984,41.790000915527344,41.79999923706055,241900,0.0,0.0
2025-12-12 00:00:00-05:00,41.970001220703125,42.310001373291016,41.56999969482422,42.20000076293945,232700,0.0,0.0
2025-12-15 00:00:00-05:00,42.619998931884766,42.66999816894531,41.970001220703125,42.2400016784668,303200,0.0,0.0
2025-12-16 00:00:00-05:00,42.0099983215332,42.45000076293945,41.880001068115234,42.150001525878906,251500,0.0,0.0
2025-12-17 00:00:00-05:00,42.040000915527344,42.91999816894531,42.040000915527344,42.63999938964844,356400,0.0,0.0
2025-12-18 00:00:00-05:00,42.97999954223633,43.189998626708984,42.40999984741211,42.93000030517578,307100,0.0,0.0
2025-12-19 00:00:00-05:00,42.68000030517578,42.77000045776367,41.75,42.29999923706055,1007900,0.0,0.0
2025-12-22 00:00:00-05:00,42.31999969482422,42.7400016784668,42.09000015258789,42.31999969482422,193100,0.0,0.0
2025-12-23 00:00:00-05:00,42.040000915527344,42.529998779296875,41.810001373291016,42.099998474121094,173900,0.0,0.0
2025-12-24 00:00:00-05:00,41.84000015258789,42.16999816894531,41.720001220703125,42.0,89100,0.0,0.0
2025-12-26 00:00:00-05:00,42.18000030517578,42.439998626708984,41.540000915527344,41.75,140000,0.0,0.0
2025-12-29 00:00:00-05:00,41.790000915527344,41.790000915527344,41.369998931884766,41.560001373291016,168400,0.0,0.0
2025-12-30 00:00:00-05:00,41.52000045776367,41.52000045776367,41.130001068115234,41.15999984741211,132100,0.0,0.0
2025-12-31 00:00:00-05:00,41.099998474121094,41.099998474121094,40.70000076293945,40.97999954223633,237600,0.0,0.0
2026-01-02 00:00:00-05:00,40.77000045776367,41.25,40.130001068115234,41.02000045776367,220200,0.0,0.0
2026-01-05 00:00:00-05:00,41.02000045776367,42.040000915527344,41.02000045776367,41.58000183105469,194400,0.0,0.0
2026-01-06 00:00:00-05:00,41.189998626708984,41.63999938964844,40.90999984741211,41.599998474121094,216300,0.0,0.0
2026-01-07 00:00:00-05:00,41.33000183105469,41.68000030517578,41.09000015258789,41.34000015258789,213400,0.0,0.0
2026-01-08 00:00:00-05:00,41.06999969482422,41.84000015258789,41.060001373291016,41.65999984741211,268700,0.0,0.0
2026-01-09 00:00:00-05:00,41.66999816894531,41.91999816894531,41.22999954223633,41.380001068115234,162700,0.0,0.0
2026-01-12 00:00:00-05:00,41.09000015258789,41.41999816894531,40.91999816894531,41.130001068115234,176400,0.0,0.0
2026-01-13 00:00:00-05:00,41.2400016784668,41.2400016784668,40.720001220703125,41.0099983215332,145100,0.0,0.0
2026-01-14 00:00:00-05:00,41.02000045776367,41.2599983215332,40.560001373291016,41.2599983215332,143900,0.0,0.0
2026-01-15 00:00:00-05:00,40.970001220703125,42.040000915527344,40.970001220703125,41.91999816894531,152600,0.0,0.0
2026-01-16 00:00:00-05:00,41.70000076293945,41.88999938964844,41.369998931884766,41.58000183105469,197600,0.0,0.0
2026-01-20 00:00:00-05:00,41.08000183105469,41.33000183105469,40.880001068115234,40.970001220703125,284400,0.0,0.0
2026-01-21 00:00:00-05:00,41.20000076293945,42.790000915527344,41.20000076293945,42.58000183105469,259700,0.0,0.0
2026-01-22 00:00:00-05:00,41.540000915527344,42.290000915527344,38.65999984741211,38.97999954223633,629600,0.0,0.0
2026-01-23 00:00:00-05:00,38.099998474121094,38.47999954223633,35.709999084472656,37.150001525878906,625400,0.0,0.0
2026-01-26 00:00:00-05:00,37.060001373291016,37.400001525878906,36.68000030517578,37.150001525878906,494400,0.0,0.0
2026-01-27 00:00:00-05:00,37.209999084472656,37.95000076293945,37.040000915527344,37.900001525878906,285800,0.0,0.0
2026-01-28 00:00:00-05:00,38.06999969482422,38.36000061035156,37.560001373291016,37.72999954223633,387500,0.0,0.0
2026-01-29 00:00:00-05:00,38.470001220703125,39.97999954223633,38.470001220703125,39.7400016784668,873000,0.0,0.0
2026-01-30 00:00:00-05:00,39.369998931884766,40.41999816894531,39.369998931884766,40.29999923706055,524500,0.0,0.0
2026-02-02 00:00:00-05:00,40.189998626708984,41.2599983215332,40.189998626708984,40.72999954223633,386700,0.0,0.0
2026-02-03 00:00:00-05:00,40.7400016784668,41.83000183105469,40.41999816894531,41.439998626708984,326600,0.0,0.0
2026-02-04 00:00:00-05:00,41.369998931884766,42.380001068115234,40.95000076293945,41.0,409700,0.0,0.0
2026-02-05 00:00:00-05:00,41.06999969482422,41.529998779296875,40.47999954223633,41.119998931884766,426400,0.0,0.0
2026-02-06 00:00:00-05:00,41.369998931884766,41.5,40.880001068115234,40.939998626708984,308700,0.0,0.0
2026-02-09 00:00:00-05:00,40.90999984741211,41.9900016784668,40.88999938964844,41.849998474121094,430300,0.0,0.0
2026-02-10 00:00:00-05:00,41.90999984741211,42.20000076293945,41.459999084472656,41.83000183105469,435500,0.0,0.0
2026-02-11 00:00:00-05:00,42.20000076293945,42.369998931884766,41.689998626708984,42.029998779296875,346500,0.0,0.0
2026-02-12 00:00:00-05:00,42.5099983215332,42.529998779296875,41.41999816894531,42.04999923706055,415800,0.0,0.0
2026-02-13 00:00:00-05:00,41.810001373291016,42.2599983215332,41.27000045776367,41.90999984741211,351400,0.0,0.0
2026-02-17 00:00:00-05:00,42.209999084472656,42.58000183105469,41.90999984741211,42.189998626708984,184000,0.0,0.0
2026-02-18 00:00:00-05:00,42.20000076293945,42.75,42.0,42.08000183105469,173400,0.0,0.0
2026-02-19 00:00:00-05:00,41.68000030517578,42.380001068115234,41.599998474121094,42.130001068115234,297600,0.0,0.0
2026-02-20 00:00:00-05:00,42.18000030517578,42.65999984741211,41.56999969482422,42.65999984741211,221900,0.0,0.0
2026-02-23 00:00:00-05:00,42.84000015258789,43.220001220703125,41.029998779296875,41.38999938964844,473100,0.0,0.0
2026-02-24 00:00:00-05:00,41.119998931884766,41.720001220703125,41.119998931884766,41.29999923706055,362100,0.0,0.0
2026-02-25 00:00:00-05:00,41.59000015258789,42.099998474121094,41.5099983215332,42.06999969482422,271900,0.0,0.0
2026-02-26 00:00:00-05:00,42.08000183105469,42.79999923706055,41.33000183105469,41.849998474121094,218100,0.0,0.0
2026-02-27 00:00:00-05:00,41.130001068115234,41.47999954223633,39.900001525878906,40.08000183105469,407100,0.0,0.0
2026-03-02 00:00:00-05:00,39.47999954223633,40.790000915527344,39.45000076293945,40.58000183105469,628600,0.0,0.0
2026-03-03 00:00:00-05:00,39.310001373291016,40.540000915527344,39.310001373291016,40.279998779296875,269300,0.0,0.0
2026-03-04 00:00:00-05:00,40.29999923706055,40.720001220703125,39.97999954223633,40.34000015258789,232800,0.0,0.0
2026-03-05 00:00:00-05:00,40.04999923706055,40.380001068115234,39.68000030517578,40.0,332600,0.0,0.0
2026-03-06 00:00:00-05:00,39.02000045776367,39.279998779296875,38.40999984741211,39.20000076293945,349600,0.0,0.0
2026-03-09 00:00:00-04:00,38.380001068115234,39.25,37.58000183105469,38.95000076293945,533000,0.0,0.0
2026-03-10 00:00:00-04:00,38.90999984741211,40.25,38.72999954223633,39.33000183105469,506000,0.0,0.0
2026-03-11 00:00:00-04:00,39.11000061035156,39.349998474121094,38.65999984741211,39.040000915527344,258400,0.0,0.0
2026-03-12 00:00:00-04:00,38.349998474121094,39.310001373291016,38.2400016784668,39.20000076293945,298900,0.0,0.0
2026-03-13 00:00:00-04:00,39.43000030517578,40.36000061035156,39.0,39.290000915527344,245600,0.0,0.0
2026-03-16 00:00:00-04:00,39.70000076293945,40.04999923706055,39.25,39.290000915527344,443700,0.0,0.0
2026-03-17 00:00:00-04:00,39.72999954223633,39.72999954223633,38.88999938964844,39.02000045776367,255300,0.0,0.0
2026-03-18 00:00:00-04:00,39.0,39.2400016784668,38.310001373291016,38.689998626708984,493500,0.0,0.0
2026-03-19 00:00:00-04:00,38.5,39.08000183105469,38.36000061035156,38.7400016784668,261500,0.0,0.0
2026-03-20 00:00:00-04:00,38.81999969482422,38.900001525878906,38.209999084472656,38.7400016784668,1938400,0.0,0.0
2026-03-23 00:00:00-04:00,39.63999938964844,40.619998931884766,39.18000030517578,39.529998779296875,399200,0.0,0.0
2026-03-24 00:00:00-04:00,39.369998931884766,40.30500030517578,39.25,39.900001525878906,216249,0.0,0.0
