Date,Open,High,Low,Close,Volume,Dividends,Stock Splits
2022-01-03 00:00:00-05:00,13.090472212867745,13.427854649361864,13.090472212867745,13.337885856628418,1306425,0.0,0.0
2022-01-04 00:00:00-05:00,13.360378277634247,13.45034706825703,13.202932357788086,13.202932357788086,909225,0.0,0.0
2022-01-05 00:00:00-05:00,13.270411653323684,13.337887721049528,13.00050523739479,13.02299690246582,834325,0.0,0.0
2022-01-06 00:00:00-05:00,13.067980020403812,13.157948816868586,12.933026825706653,13.045488357543945,616675,0.0,0.0
2022-01-07 00:00:00-05:00,13.022995415104939,13.18044134267122,13.000503752602691,13.06797981262207,582475,0.0,0.0
2022-01-10 00:00:00-05:00,13.225427212583869,13.225427212583869,13.04548960248277,13.180442810058594,624175,0.0,0.0
2022-01-11 00:00:00-05:00,13.22542549613763,13.45034747957277,13.180441099450602,13.405363082885742,699750,0.0,0.0
2022-01-12 00:00:00-05:00,13.40536544796168,13.495334257208714,13.180443424844096,13.292903900146484,698625,0.0,0.0
2022-01-13 00:00:00-05:00,13.405364276661086,13.472840341444202,13.180442273196178,13.22542667388916,616375,0.0,0.0
2022-01-14 00:00:00-05:00,13.225427212583869,13.225427212583869,12.933028059913203,13.180442810058594,887625,0.0,0.0
2022-01-18 00:00:00-05:00,13.112967215793919,13.20293603145015,12.955522324651955,12.97801399230957,914800,0.0,0.0
2022-01-19 00:00:00-05:00,13.000505488382808,13.067981557411347,12.84305953979492,12.843059539794922,826875,0.0,0.0
2022-01-20 00:00:00-05:00,12.933028518013076,12.955521256328804,12.595644950866697,12.5956449508667,755575,0.0,0.0
2022-01-21 00:00:00-05:00,12.505675017227986,12.640628217439371,12.348229080725023,12.370721817016602,1004250,0.0,0.0
2022-01-24 00:00:00-05:00,12.213277617636074,12.280754763595544,11.58349592707432,12.145801544189453,1769575,0.0,0.0
2022-01-25 00:00:00-05:00,11.965859354886447,12.528164757554773,11.853397845347807,12.460687637329102,1129775,0.0,0.0
2022-01-26 00:00:00-05:00,12.6406287311678,12.820566338762498,12.37072231977575,12.483183860778809,904625,0.0,0.0
2022-01-27 00:00:00-05:00,12.663121289622657,12.75309009215002,12.23576894136132,12.34822940826416,1019900,0.0,0.0
2022-01-28 00:00:00-05:00,12.303245588816035,12.52816867828369,12.078323571861157,12.528168678283691,1365400,0.0,0.0
2022-01-31 00:00:00-05:00,12.505674011233523,12.933026313781738,12.460689614781744,12.933026313781738,1176200,0.0,0.0
2022-02-01 00:00:00-05:00,12.888044274316787,12.933028678995388,12.595645107649469,12.82056713104248,925950,0.0,0.0
2022-02-02 00:00:00-05:00,12.820566843208121,12.8880439849675,12.573153159286894,12.685613632202148,814975,0.0,0.0
2022-02-03 00:00:00-05:00,12.595646873603117,12.64063128458869,12.280755996704102,12.280755996704102,1847525,0.0,0.0
2022-02-04 00:00:00-05:00,12.303244309471795,12.32573704508478,11.83090865923843,11.920877456665039,2921150,0.0,0.0
2022-02-07 00:00:00-05:00,11.965862602434738,12.213276274548187,11.875893799391168,11.94336986541748,2967125,0.0,0.0
2022-02-08 00:00:00-05:00,11.943368056009843,12.123305634836628,11.943368056009843,12.010845184326172,1473150,0.0,0.0
2022-02-09 00:00:00-05:00,12.078321240129933,12.190782763152958,11.98835245071654,12.010845184326172,1198700,0.0,0.0
2022-02-10 00:00:00-05:00,11.898386286531439,12.460691880687037,11.830910215839939,12.033339500427246,1933875,0.0,0.0
2022-02-11 00:00:00-05:00,11.920877903835347,12.145799905839038,11.718447565775673,11.808416366577148,1350325,0.0,0.0
2022-02-14 00:00:00-05:00,11.80841736361145,11.943370576208332,11.650971412658691,11.650971412658691,1428800,0.0,0.0
2022-02-15 00:00:00-05:00,11.808414871889754,12.033336845423236,11.740937743573426,12.010845184326172,925625,0.0,0.0
2022-02-16 00:00:00-05:00,12.05583074730687,12.123306809649419,11.965861949175025,12.078322410583496,791900,0.0,0.0
2022-02-17 00:00:00-05:00,11.965861786043485,12.078322245918775,11.650969924362293,11.695954322814941,1053850,0.0,0.0
2022-02-18 00:00:00-05:00,11.650970752870156,11.830909431988959,11.628479088300766,11.785923957824707,1013325,0.0,0.0
2022-02-22 00:00:00-05:00,11.763433353406603,11.763433353406603,11.268604890644689,11.381065368652344,1451125,0.0,0.0
2022-02-23 00:00:00-05:00,11.471032919957906,11.493525656596285,11.223618179499317,11.246110916137695,1320050,0.0,0.0
2022-02-24 00:00:00-05:00,10.751283566859348,11.561002860378848,10.70629916166382,11.471034049987793,1981575,0.0,0.0
2022-02-25 00:00:00-05:00,11.516017078443882,11.673463014061982,11.381063878990949,11.426048278808594,1317625,0.0,0.0
2022-02-28 00:00:00-05:00,11.313589296350317,11.448542513467203,11.156143340124201,11.381065368652344,1734200,0.0,0.0
2022-03-01 00:00:00-05:00,11.336078643798828,11.426047436804167,11.088663926777839,11.336078643798828,1213750,0.0,0.0
2022-03-02 00:00:00-05:00,11.358571983782568,11.628478377186122,11.336079248075938,11.605985641479492,755925,0.0,0.0
2022-03-03 00:00:00-05:00,11.628479874619696,11.695955945403341,11.426049517243143,11.561002731323242,758450,0.0,0.0
2022-03-04 00:00:00-05:00,11.403556615156116,11.561001478261526,11.268603415703183,11.426048278808594,814425,0.0,0.0
2022-03-07 00:00:00-05:00,11.33607842843158,11.448539953807973,11.246109637135504,11.26860237121582,951375,0.0,0.0
2022-03-08 00:00:00-05:00,11.268604513223927,11.740940221056613,11.17863463231321,11.650971412658691,1629525,0.0,0.0
2022-03-09 00:00:00-05:00,11.718447565775673,12.010846704636823,11.695954829318952,11.808416366577148,1197875,0.0,0.0
2022-03-10 00:00:00-05:00,11.650968645400422,11.898383345986856,11.583492591384829,11.87589168548584,703875,0.0,0.0
2022-03-11 00:00:00-05:00,11.965864157011591,12.033340231804234,11.740941047668457,11.740941047668457,597725,0.0,0.0
2022-03-14 00:00:00-04:00,11.853400253655538,11.965861786043485,11.6284782613923,11.695954322814941,1133425,0.0,0.0
2022-03-15 00:00:00-04:00,11.695955448148593,11.875894131784756,11.67346378301455,11.830909729003906,1196300,0.0,0.0
2022-03-16 00:00:00-04:00,11.920877961561164,12.19078436527259,11.83090916032402,12.123307228088379,2039400,0.0,0.0
2022-03-17 00:00:00-04:00,12.033337986543405,12.415705914066518,12.010846323313459,12.23576831817627,2800300,0.0,0.0
2022-03-18 00:00:00-04:00,12.190783615036286,12.258259675555225,12.033337686304355,12.100814819335938,2201800,0.0,0.0
2022-03-21 00:00:00-04:00,12.123306714618577,12.168291113331883,11.85340032233875,11.920877456665039,1141600,0.0,0.0
2022-03-22 00:00:00-04:00,12.055830421485764,12.23576801288646,11.98835328845418,12.100814819335938,1024525,0.0,0.0
2022-03-23 00:00:00-04:00,12.05583195028455,12.07832361580548,11.875894336065983,11.898386001586914,742900,0.0,0.0
2022-03-24 00:00:00-04:00,12.01084783436768,12.100816643631552,11.92087902510381,12.033339500427246,790600,0.0,0.0
2022-03-25 00:00:00-04:00,12.055833941776235,12.280755996704102,12.03334120002697,12.280755996704102,1261675,0.0,0.0
2022-03-28 00:00:00-04:00,12.258260778772692,12.483183860778807,12.235769114079725,12.483183860778809,1241650,0.0,0.0
2022-03-29 00:00:00-04:00,12.595643137057898,12.753089065056955,12.550658739417116,12.66312026977539,1274725,0.0,0.0
2022-03-30 00:00:00-04:00,12.663121468373507,12.708105870272181,12.460691123573099,12.483183860778809,1250625,0.0,0.0
2022-03-31 00:00:00-04:00,12.483183443669507,12.573152244460667,12.370721906424205,12.438199043273926,1155825,0.0,0.0
2022-04-01 00:00:00-04:00,12.438200220932076,12.600638690696984,12.252555623184135,12.345377922058105,1019425,0.68,0.0
2022-04-04 00:00:00-04:00,12.322167776522662,12.414990045132614,12.066905984580933,12.368578910827637,782525,0.0,0.0
2022-04-05 00:00:00-04:00,12.4381981279562,12.507814287132822,12.113319030035628,12.13652515411377,1050800,0.0,0.0
2022-04-06 00:00:00-04:00,12.113318476773873,12.136524599792102,11.85805776274646,11.88126277923584,1253275,0.0,0.0
2022-04-07 00:00:00-04:00,11.904472820426417,11.974088999336486,11.57959363041538,11.718828201293945,1025575,0.0,0.0
2022-04-08 00:00:00-04:00,11.71882739127056,11.90447199757099,11.626005088120346,11.788443565368652,1022700,0.0,0.0
2022-04-11 00:00:00-04:00,11.788439950467705,11.9508794844334,11.695617675781252,11.69561767578125,712700,0.0,0.0
2022-04-12 00:00:00-04:00,11.67241610498058,11.8812657313936,11.53318154533307,11.649209976196289,1074100,0.0,0.0
2022-04-13 00:00:00-04:00,11.67241659742426,11.904472362411694,11.626005444426772,11.834855079650879,962000,0.0,0.0
2022-04-14 00:00:00-04:00,11.881263152552194,11.997291558231318,11.811646994367827,11.927674293518066,647750,0.0,0.0
2022-04-18 00:00:00-04:00,11.927677374286278,12.043705809934078,11.881266221332991,11.904472351074219,730625,0.0,0.0
2022-04-19 00:00:00-04:00,11.927673556568296,12.020495832765027,11.533178329467773,11.533178329467773,1293250,0.0,0.0
2022-04-20 00:00:00-04:00,11.626005444426772,11.881266232648365,11.602799314663443,11.834855079650879,840925,0.0,0.0
2022-04-21 00:00:00-04:00,11.88126222515416,12.043701759119854,11.672412660374036,11.69561767578125,1292900,0.0,0.0
2022-04-22 00:00:00-04:00,11.695620243658718,11.76523751822305,11.39394723142835,11.417153358459473,1052800,0.0,0.0
2022-04-25 00:00:00-04:00,11.39394723142835,11.417153358459473,11.09227532572702,11.417153358459473,1388925,0.0,0.0
2022-04-26 00:00:00-04:00,11.324330387624139,11.370741532387804,10.929835103868495,10.95304012298584,1319825,0.0,0.0
2022-04-27 00:00:00-04:00,10.99945031709419,11.16188986299226,10.929834159229932,11.022656440734863,1574800,0.0,0.0
2022-04-28 00:00:00-04:00,11.138684404894391,11.463562377299567,11.02265600434241,11.440356254577637,1003500,0.0,0.0
2022-04-29 00:00:00-04:00,11.417152836611356,11.486769001464674,11.161890983581543,11.161890983581543,1152975,0.0,0.0
2022-05-02 00:00:00-04:00,11.185095373152418,11.347533803612178,11.069066974370745,11.301122665405273,1081800,0.0,0.0
2022-05-03 00:00:00-04:00,11.301123382818437,11.788440918191041,11.301123382818437,11.765235900878906,1073950,0.0,0.0
2022-05-04 00:00:00-04:00,11.811648303356765,11.974086761474611,11.626003718919796,11.97408676147461,1009875,0.0,0.0
2022-05-05 00:00:00-04:00,11.742029328263554,12.182935705631785,11.742029328263554,12.11331844329834,1510675,0.0,0.0
2022-05-06 00:00:00-04:00,12.113321068344092,12.438200220932076,11.950882598579184,12.345377922058105,1357150,0.0,0.0
2022-05-09 00:00:00-04:00,12.206143162234099,12.252554306684347,11.997292458943495,12.159730911254883,1350750,0.0,0.0
2022-05-10 00:00:00-04:00,12.29896374790877,12.48460830000072,11.99729079749494,12.206141471862793,1158150,0.0,0.0
2022-05-11 00:00:00-04:00,12.159729227310992,12.53101943802371,12.136524211563906,12.206141471862793,1242600,0.0,0.0
2022-05-12 00:00:00-04:00,12.206144793537735,12.206144793537735,11.718827158417538,11.950882911682129,1373525,0.0,0.0
2022-05-13 00:00:00-04:00,12.066906951265016,12.368579901678844,11.99729079749494,12.206141471862793,1672500,0.0,0.0
2022-05-16 00:00:00-04:00,12.252553386808058,12.252553386808058,11.927674293518066,11.927674293518066,1601275,0.0,0.0
2022-05-17 00:00:00-04:00,11.997292887793735,12.043704033902976,11.858059449466008,11.97408676147461,1122825,0.0,0.0
2022-05-18 00:00:00-04:00,11.974086294356699,11.974086294356699,11.62600326538086,11.62600326538086,1501475,0.0,0.0
2022-05-19 00:00:00-04:00,11.602797508239746,11.742030945555143,11.48676909054575,11.602797508239746,1394575,0.0,0.0
2022-05-20 00:00:00-04:00,11.695618671872907,11.742029813168877,11.3475345588887,11.463562965393066,1449325,0.0,0.0
2022-05-23 00:00:00-04:00,11.486769237740758,11.904470661568501,11.486769237740758,11.81164836883545,1229375,0.0,0.0
2022-05-24 00:00:00-04:00,11.69561994965463,11.834853388754206,11.509975364188525,11.81164836883545,780950,0.0,0.0
2022-05-25 00:00:00-04:00,11.858061198120934,11.974088527239564,11.788443915426418,11.904472351074219,948350,0.0,0.0
2022-05-26 00:00:00-04:00,11.950879659471953,12.29896374790877,11.927673537196052,12.206141471862793,907125,0.0,0.0
2022-05-27 00:00:00-04:00,12.275759632962309,12.50781536102295,12.159731215667492,12.50781536102295,623200,0.0,0.0
2022-05-31 00:00:00-04:00,12.531021924360921,12.531021924360921,12.322171208554044,12.391788482666016,574175,0.0,0.0
2022-06-01 00:00:00-04:00,12.461402151623776,12.461402151623776,12.182935324069112,12.438197135925293,657550,0.0,0.0
2022-06-02 00:00:00-04:00,12.438200361269836,12.531022661191102,12.345378061348569,12.484611511230469,550250,0.0,0.0
2022-06-03 00:00:00-04:00,12.414990045132614,12.531018434159414,12.298962762634536,12.368578910827637,544275,0.0,0.0
2022-06-06 00:00:00-04:00,12.368581617529248,12.531021176408789,12.298965454101562,12.298965454101562,540025,0.0,0.0
2022-06-07 00:00:00-04:00,12.275757403052912,12.554224226141772,12.206141250545093,12.53101921081543,565075,0.0,0.0
2022-06-08 00:00:00-04:00,12.414993505726201,12.507815800209725,12.275760064000915,12.322171211242676,482425,0.0,0.0
2022-06-09 00:00:00-04:00,12.438199632611598,12.554226947451488,12.298966190886313,12.322171211242676,603225,0.0,0.0
2022-06-10 00:00:00-04:00,12.206141664457231,12.22934668057046,11.90446870928346,12.043702125549316,711750,0.0,0.0
2022-06-13 00:00:00-04:00,11.742030292675006,11.834852579057502,10.883423590372457,10.906628608703613,1451475,0.0,0.0
2022-06-14 00:00:00-04:00,10.929833436526224,11.022655711893549,10.604955472740585,10.69777774810791,1192250,0.0,0.0
2022-06-15 00:00:00-04:00,10.883424464292442,10.883424464292442,10.280078447829656,10.535340309143066,1663325,0.0,0.0
2022-06-16 00:00:00-04:00,10.372901268813019,10.372901268813019,9.885584754673461,10.048023223876953,2094050,0.0,0.0
2022-06-17 00:00:00-04:00,10.024816625301758,10.396105761099594,9.90878821710048,10.326488494873047,2166450,0.0,0.0
2022-06-21 00:00:00-04:00,10.55854694383438,10.813807710899267,10.465724645532768,10.720985412597656,1165000,0.0,0.0
2022-06-22 00:00:00-04:00,10.697779017607466,10.999450895086108,10.628161749556128,10.906628608703613,820050,0.0,0.0
2022-06-23 00:00:00-04:00,11.254711698917536,11.463562377299567,11.092273265979365,11.440356254577637,1271400,0.0,0.0
2022-06-24 00:00:00-04:00,11.486770526865886,11.834854716943761,11.4635655043429,11.788443565368652,1265550,0.0,0.0
2022-06-27 00:00:00-04:00,11.950880465491538,11.974085482803673,11.67241361857259,11.765235900878906,888375,0.0,0.0
2022-06-28 00:00:00-04:00,11.904470131173117,11.950881275471826,11.602797139967024,11.62600326538086,783750,0.0,0.0
2022-06-29 00:00:00-04:00,11.579590797424318,11.64920806583147,11.347535080282046,11.579590797424316,1119175,0.0,0.0
2022-06-30 00:00:00-04:00,11.48676872425528,11.765236696535277,11.347535291379764,11.55638599395752,1553550,0.0,0.0
2022-07-01 00:00:00-04:00,11.436256987693163,11.892745207091362,11.436256987693163,11.796642303466797,1746600,0.68,0.0
2022-07-05 00:00:00-04:00,11.676514811781848,11.844694328444566,11.316128332932113,11.820669174194336,1192125,0.0,0.0
2022-07-06 00:00:00-04:00,11.700540171061412,11.868720836308206,11.436257741492664,11.484309196472168,1099375,0.0,0.0
2022-07-07 00:00:00-04:00,11.532361030578613,11.748592012276461,11.532361030578613,11.532361030578613,578300,0.0,0.0
2022-07-08 00:00:00-04:00,11.532359887204121,11.628462790794407,11.388204386181712,11.556385040283203,644550,0.0,0.0
2022-07-11 00:00:00-04:00,11.484309587124434,11.604437655840966,11.388205528259277,11.388205528259277,588400,0.0,0.0
2022-07-12 00:00:00-04:00,11.484308435408979,11.652487943873489,11.388204386181712,11.556385040283203,508650,0.0,0.0
2022-07-13 00:00:00-04:00,11.41223068553418,11.652487944523294,11.364179233736358,11.628462791442871,505025,0.0,0.0
2022-07-14 00:00:00-04:00,11.484310170630735,11.484310170630735,11.268078032062508,11.340154647827148,443525,0.0,0.0
2022-07-15 00:00:00-04:00,11.65248832776786,11.65248832776786,11.26807670074217,11.604436874389648,555250,0.0,0.0
2022-07-18 00:00:00-04:00,11.652488716081907,11.724566471369691,11.36417998620488,11.484309196472168,597725,0.0,0.0
2022-07-19 00:00:00-04:00,11.508333593196943,11.964822958256073,11.508333593196943,11.868720054626465,891850,0.0,0.0
2022-07-20 00:00:00-04:00,11.892746343121507,12.036901857965495,11.820669731336602,12.0128755569458,855000,0.0,0.0
2022-07-21 00:00:00-04:00,11.94079871054078,12.253133773803711,11.844695790404058,12.253133773803711,551200,0.0,0.0
2022-07-22 00:00:00-04:00,12.277160659715783,12.373263584416565,12.1089799686708,12.205082893371582,452075,0.0,0.0
2022-07-25 00:00:00-04:00,12.253133188147766,12.373262405395508,12.15703027260442,12.373262405395508,502400,0.0,0.0
2022-07-26 00:00:00-04:00,12.253135658305501,12.373264899770568,12.205084190846943,12.325213432312012,442825,0.0,0.0
2022-07-27 00:00:00-04:00,12.349235876646173,12.80572528990291,12.301184419757941,12.781700134277344,681575,0.0,0.0
2022-07-28 00:00:00-04:00,12.733646414265118,13.045980255709633,12.733646414265118,12.97390365600586,768825,0.0,0.0
2022-07-29 00:00:00-04:00,13.070010019882043,13.118061480977163,12.87780417550156,12.92585563659668,890850,0.0,0.0
2022-08-01 00:00:00-04:00,12.877801517930513,13.094032475416723,12.75767231716498,12.997929573059082,628900,0.0,0.0
2022-08-02 00:00:00-04:00,12.87780170154314,12.90182685465662,12.637544442223433,12.661569595336914,574000,0.0,0.0
2022-08-03 00:00:00-04:00,12.685595894087374,12.87780170154314,12.661569595336912,12.661569595336914,472200,0.0,0.0
2022-08-04 00:00:00-04:00,12.70962241225429,12.82975162763489,12.325210756055736,12.397287368774414,613425,0.0,0.0
2022-08-05 00:00:00-04:00,12.325209811432293,12.397286418626905,12.108977698574423,12.157029151916504,532375,0.0,0.0
2022-08-08 00:00:00-04:00,12.253133012473311,12.37326222799875,12.133004942584979,12.229107856750488,624375,0.0,0.0
2022-08-09 00:00:00-04:00,12.181056399667733,12.229107856750487,12.03690202841947,12.229107856750488,500500,0.0,0.0
2022-08-10 00:00:00-04:00,12.32521153672484,12.445339614077154,12.253133773803711,12.253133773803711,621075,0.0,0.0
2022-08-11 00:00:00-04:00,12.397286608719266,12.469364362656092,12.301183700561523,12.301183700561523,456025,0.0,0.0
2022-08-12 00:00:00-04:00,12.325210947623836,12.397287561462784,12.253133188147766,12.373262405395508,500600,0.0,0.0
2022-08-15 00:00:00-04:00,12.373260880304326,12.445337485259326,12.277157976606336,12.42131233215332,407750,0.0,0.0
2022-08-16 00:00:00-04:00,12.469363784002313,12.541440388957316,12.397286033410332,12.42131233215332,486675,0.0,0.0
2022-08-17 00:00:00-04:00,12.397288742773146,12.421315046766956,12.036903347963829,12.205082893371582,559650,0.0,0.0
2022-08-18 00:00:00-04:00,12.205081555390558,12.325210770915996,12.181056399667733,12.229107856750488,380725,0.0,0.0
2022-08-19 00:00:00-04:00,12.157031253892765,12.22910901918679,12.036903172585673,12.13300609588623,1059825,0.0,0.0
2022-08-22 00:00:00-04:00,12.036902468608615,12.060927625210038,11.724567413330078,11.724567413330078,1080350,0.0,0.0
2022-08-23 00:00:00-04:00,11.796641738463022,11.964822384569437,11.724565137015217,11.916770935058594,546375,0.0,0.0
2022-08-24 00:00:00-04:00,11.964822195631983,12.012873644384044,11.820667849375804,11.9407958984375,539625,0.0,0.0
2022-08-25 00:00:00-04:00,11.988851141894266,12.157031838577392,11.940799677932983,12.084955215454102,440350,0.0,0.0
2022-08-26 00:00:00-04:00,12.157029348452943,12.181055648330911,11.916772077858424,11.988848686218262,544250,0.0,0.0
2022-08-29 00:00:00-04:00,11.892744637484709,12.012873834080281,11.820668036036906,11.916770935058594,395250,0.0,0.0
2022-08-30 00:00:00-04:00,11.940797046271902,11.988848499643009,11.604436872674148,11.676514625549316,856275,0.0,0.0
2022-08-31 00:00:00-04:00,11.772617918685178,11.844694528288986,11.62846355384051,11.652488708496094,463650,0.0,0.0
2022-09-01 00:00:00-04:00,11.60443687640009,11.628463175911866,11.195998949796026,11.436257362365723,878775,0.0,0.0
2022-09-02 00:00:00-04:00,11.580412493703598,11.652489105764715,11.412231822832501,11.460283279418945,450025,0.0,0.0
2022-09-06 00:00:00-04:00,11.532361238691095,11.556386394585704,11.268077650027706,11.364180564880371,754875,0.0,0.0
2022-09-07 00:00:00-04:00,11.340152560642078,11.580410957336426,11.220024507931845,11.580410957336426,427775,0.0,0.0
2022-09-08 00:00:00-04:00,11.532360267140842,11.65248832776786,11.412231060876804,11.604436874389648,333400,0.0,0.0
2022-09-09 00:00:00-04:00,11.74859160697511,11.892745971679688,11.700540152073584,11.892745971679688,352525,0.0,0.0
2022-09-12 00:00:00-04:00,12.01287518175203,12.108978091555082,11.820669362145926,11.892745971679688,376200,0.0,0.0
2022-09-13 00:00:00-04:00,11.70053768157959,11.82066686628742,11.580409642508572,11.70053768157959,910775,0.0,0.0
2022-09-14 00:00:00-04:00,11.748590851654512,11.796642303466795,11.652487948029947,11.796642303466797,451475,0.0,0.0
2022-09-15 00:00:00-04:00,11.724566856815407,11.940797838513255,11.484309574019415,11.532361030578613,439975,0.0,0.0
2022-09-16 00:00:00-04:00,11.484308435408979,11.556385040283203,11.292101482591427,11.556385040283203,1272200,0.0,0.0
2022-09-19 00:00:00-04:00,11.508333209200734,11.652487559835176,11.388204010853558,11.580410957336426,388775,0.0,0.0
2022-09-20 00:00:00-04:00,11.508334729480467,11.580412487137812,11.41223181636207,11.532361030578613,355525,0.0,0.0
2022-09-21 00:00:00-04:00,11.532359882223256,11.628462785772035,11.244050025939941,11.244050025939941,555625,0.0,0.0
2022-09-22 00:00:00-04:00,11.171972605009149,11.19599775632287,10.595354080200194,10.595354080200195,1276650,0.0,0.0
2022-09-23 00:00:00-04:00,10.547302983317303,10.547302983317303,9.970685584935342,10.090813636779785,1263850,0.0,0.0
2022-09-26 00:00:00-04:00,10.066790297558477,10.186918371036361,9.08173425229042,9.273940086364746,1824275,0.0,0.0
2022-09-27 00:00:00-04:00,9.442118007974036,9.46614373022055,8.889525823485835,9.057705879211426,1162925,0.0,0.0
2022-09-28 00:00:00-04:00,9.12978439539329,9.466145129379207,8.985630040607248,9.225887298583984,1512250,0.0,0.0
2022-09-29 00:00:00-04:00,9.15381135725343,9.177837086295359,8.192781622757703,8.336935997009277,1959150,0.0,0.0
2022-09-30 00:00:00-04:00,8.437988492605959,8.690623246500673,8.362198247135742,8.38746166229248,1192525,0.68,0.0
2022-10-03 00:00:00-04:00,8.463251787007813,8.690623122501622,8.033773735471112,8.614832878112793,1545275,0.0,0.0
2022-10-04 00:00:00-04:00,8.867468326321454,9.423264135663764,8.867468326321454,9.398000717163086,1529025,0.0,0.0
2022-10-05 00:00:00-04:00,9.372734811143246,9.372734811143246,8.539041619555245,8.86746597290039,1200250,0.0,0.0
2022-10-06 00:00:00-04:00,8.867467543819687,8.968521208905006,8.412725448608398,8.412725448608398,2117150,0.0,0.0
2022-10-07 00:00:00-04:00,8.387461603284166,8.463251848221175,7.98324696362012,8.059037208557129,2570400,0.0,0.0
2022-10-10 00:00:00-04:00,8.185356021234853,8.488517065345148,7.806404113769531,7.806404113769531,1247625,0.0,0.0
2022-10-11 00:00:00-04:00,7.831666272040461,8.513779113693717,7.654822358141153,8.412725448608398,2034825,0.0,0.0
2022-10-12 00:00:00-04:00,8.437988330374118,8.488515159716147,7.957983451624834,8.311671257019043,1469225,0.0,0.0
2022-10-13 00:00:00-04:00,8.033775040477849,8.31167264837859,7.806403668049825,8.21061897277832,1929875,0.0,0.0
2022-10-14 00:00:00-04:00,8.210618737953313,8.362199247018491,7.932721138000488,7.932721138000488,939550,0.0,0.0
2022-10-17 00:00:00-04:00,8.033775182355072,8.261145956471067,7.856930644604091,7.957984924316406,1182900,0.0,0.0
2022-10-18 00:00:00-04:00,8.134828077401467,8.513779331150488,8.109564660484866,8.362198829650879,2356925,0.0,0.0
2022-10-19 00:00:00-04:00,8.210618822820862,8.261145659698183,8.033774893750241,8.134828567504883,836475,0.0,0.0
2022-10-20 00:00:00-04:00,8.084301799233083,8.210618892498344,7.983248124620874,8.008511543273926,756725,0.0,0.0
2022-10-21 00:00:00-04:00,8.109563619127169,8.210617273817167,7.957983137092172,8.160090446472168,695350,0.0,0.0
2022-10-24 00:00:00-04:00,8.185353860144668,8.311670928507166,8.03377337810967,8.160090446472168,875950,0.0,0.0
2022-10-25 00:00:00-04:00,8.185353672733827,8.665359123848466,7.983246367981255,8.640095710754395,1151325,0.0,0.0
2022-10-26 00:00:00-04:00,8.66536002576541,8.94325759872462,8.589569778594717,8.766413688659668,1015900,0.0,0.0
2022-10-27 00:00:00-04:00,8.842203881752512,9.120101453012133,8.791677050614398,8.892730712890625,1073375,0.0,0.0
2022-10-28 00:00:00-04:00,9.019048106982599,9.120101772802201,8.842204191798293,9.0443115234375,1542300,0.0,0.0
2022-10-31 00:00:00-04:00,9.019047365182695,9.195891868149229,8.867466878920505,8.993783950805664,1226975,0.0,0.0
2022-11-01 00:00:00-04:00,9.09483819824267,9.221155880648627,8.917994286132618,8.968521118164062,957650,0.0,0.0
2022-11-02 00:00:00-04:00,8.835887867626765,9.151680863058692,8.63378054329508,8.880099296569824,1563400,0.0,0.25
2022-11-03 00:00:00-04:00,8.766413428594321,8.766413428594321,8.30535535240789,8.501147270202637,1632200,0.0,0.0
2022-11-04 00:00:00-04:00,8.65272807634831,9.063259337593546,8.62114865589447,9.01273250579834,1078300,0.0,0.0
2022-11-07 00:00:00-05:00,9.063259082938579,9.246418993631702,8.949573413429974,9.202207565307617,823800,0.0,0.0
2022-11-08 00:00:00-05:00,9.315893633612271,9.328525642910572,9.107470298809169,9.157997131347656,902500,0.0,0.0
2022-11-09 00:00:00-05:00,9.03167838217026,9.821160747703896,8.943256140392684,9.663264274597168,1250500,0.0,0.0
2022-11-10 00:00:00-05:00,9.972743152508071,10.51590690855667,9.947479736001796,10.478012084960938,1645000,0.0,0.0
2022-11-11 00:00:00-05:00,10.250641068833065,10.648540945874029,10.168535414251862,10.572750091552734,1168500,0.0,0.0
2022-11-14 00:00:00-05:00,10.515905980285451,10.667486465942629,10.269587841674365,10.421168327331543,1180900,0.0,0.0
2022-11-15 00:00:00-05:00,10.642224226744037,10.730645880305806,10.313799221150783,10.46537971496582,1098700,0.0,0.0
2022-11-16 00:00:00-05:00,10.414852352069007,10.490643197435128,10.27590387432817,10.364325523376465,981100,0.0,0.0
2022-11-17 00:00:00-05:00,10.118008277774832,10.187481920454335,9.928532352278317,10.03590202331543,1324400,0.0,0.0
2022-11-18 00:00:00-05:00,10.16853530253939,10.231694146337471,9.909584524829148,10.054849624633789,1360900,0.0,0.0
2022-11-21 00:00:00-05:00,10.099060384378811,10.238008876054339,9.991690712057578,10.168535232543945,727200,0.0,0.0
2022-11-22 00:00:00-05:00,10.212747931930535,10.326433629874709,10.143273071041325,10.225379943847656,726900,0.0,0.0
2022-11-23 00:00:00-05:00,10.212746777656205,10.408538121622842,10.149587929863953,10.301168441772461,627500,0.0,0.0
2022-11-25 00:00:00-05:00,10.200113028962047,10.421168356237402,10.200113028962047,10.364325523376465,447700,0.0,0.0
2022-11-28 00:00:00-05:00,10.275904540215306,10.35169418583804,10.149586857971151,10.155902862548828,698200,0.0,0.0
2022-11-29 00:00:00-05:00,10.136957065082765,10.282222792819743,10.0927462280278,10.225379943847656,671700,0.0,0.0
2022-11-30 00:00:00-05:00,10.174851912932743,10.358011245727539,10.010639391146652,10.358011245727539,1806200,0.0,0.0
2022-12-01 00:00:00-05:00,10.414852684217188,10.755909692259726,10.383273867022726,10.43380069732666,1432300,0.0,0.0
2022-12-02 00:00:00-05:00,10.275904575992488,10.484327909162714,10.06748064049491,10.471695899963379,1231100,0.0,0.0
2022-12-05 00:00:00-05:00,10.402221405396059,10.427485424648117,10.11169241192584,10.193798065185547,897500,0.0,0.0
2022-12-06 00:00:00-05:00,10.206430091630718,10.244324915916511,10.00432275590017,10.111692428588867,867500,0.0,0.0
2022-12-07 00:00:00-05:00,10.073796072133739,10.25063997457474,10.004321832470888,10.136954307556152,1689800,0.0,0.0
2022-12-08 00:00:00-05:00,10.149587236149186,10.263272913473964,10.136955226523158,10.193798065185547,676500,0.0,0.0
2022-12-09 00:00:00-05:00,10.193797652831337,10.364326161920374,10.105375998335404,10.212745666503906,571000,0.0,0.0
2022-12-12 00:00:00-05:00,10.193797292174725,10.212745305176913,10.08642823013229,10.200113296508789,575300,0.0,0.0
2022-12-13 00:00:00-05:00,10.490644028996861,10.642224527089816,10.21274584683242,10.219061851501465,878100,0.0,0.0
2022-12-14 00:00:00-05:00,10.20643210456889,10.26959096060472,10.0864310008938,10.231696128845215,1306300,0.0,0.0
2022-12-15 00:00:00-05:00,10.15590245090217,10.193797272177557,10.048532786743035,10.174850463867188,873400,0.0,0.0
2022-12-16 00:00:00-05:00,10.092743863906255,10.269588375357067,10.04221703272812,10.08011245727539,2165900,0.0,0.0
2022-12-19 00:00:00-05:00,10.080113006799126,10.275904940033625,10.03590217768991,10.111692428588867,1095900,0.0,0.0
2022-12-20 00:00:00-05:00,10.067481257235015,10.099060679840576,9.82116308603188,10.01695442199707,981800,0.0,0.0
2022-12-21 00:00:00-05:00,10.086429549786047,10.313800314614328,10.086429549786047,10.130640983581543,1020200,0.0,0.0
2022-12-22 00:00:00-05:00,10.09906041894202,10.149587252874658,9.928532505001213,10.111692428588867,834700,0.0,0.0
2022-12-23 00:00:00-05:00,10.118008237783082,10.225377908395814,10.118008237783082,10.187481880187988,719500,0.0,0.0
2022-12-27 00:00:00-05:00,10.219061522016034,10.219061522016034,10.099059846482715,10.14958667755127,617200,0.0,0.0
2022-12-28 00:00:00-05:00,10.14958625034169,10.2001130792835,9.783266439349894,9.8085298538208,880100,0.0,0.0
2022-12-29 00:00:00-05:00,9.859057504944088,10.124324282501101,9.840110093092646,10.03590202331543,775900,0.0,0.0
2022-12-30 00:00:00-05:00,9.922217142649384,10.010639408920598,9.88432171358246,9.960112571716309,1073700,0.0,0.0
2023-01-03 00:00:00-05:00,10.136957242463977,10.313801798433309,10.054851572875885,10.231696128845215,1540100,0.0,0.0
2023-01-04 00:00:00-05:00,10.461250181850033,10.566191149215388,10.284163511315187,10.336633682250977,1195700,0.6,0.0
2023-01-05 00:00:00-05:00,10.271045791569914,10.461250320099218,10.244810705755313,10.42845630645752,681200,0.0,0.0
2023-01-06 00:00:00-05:00,10.454692246380874,10.546515366980472,10.37598698250715,10.507163047790527,913100,0.0,0.0
2023-01-09 00:00:00-05:00,10.539956027540246,10.77607243544629,10.513721566099365,10.67113208770752,1255400,0.0,0.0
2023-01-10 00:00:00-05:00,10.684248765313148,10.874452655487401,10.566190574383446,10.861334800720215,969800,0.0,0.0
2023-01-11 00:00:00-05:00,10.959717277044508,11.189274753880659,10.926923887919747,11.136804580688477,814900,0.0,0.0
2023-01-12 00:00:00-05:00,11.248303455689983,11.445067536414664,11.149922040821425,11.418831825256348,773900,0.0,0.0
2023-01-13 00:00:00-05:00,11.3663625371481,11.451626103062889,11.261422186335595,11.431950569152832,686900,0.0,0.0
2023-01-17 00:00:00-05:00,11.47786242516548,11.60903849613389,11.438510104270048,11.464744567871094,646600,0.0,0.0
2023-01-18 00:00:00-05:00,11.497538664556775,11.681183653997476,11.47130295121515,11.536890983581543,682100,0.0,0.0
2023-01-19 00:00:00-05:00,11.405713573961355,11.60903657542142,11.346684476890696,11.58280086517334,570400,0.0,0.0
2023-01-20 00:00:00-05:00,11.595920525338435,11.687743023524927,11.471303384236974,11.661508560180664,1242500,0.0,0.0
2023-01-23 00:00:00-05:00,11.707419779485472,11.707419779485472,11.58936156726739,11.609038352966309,527000,0.0,0.0
2023-01-24 00:00:00-05:00,11.687742993786554,11.687742993786554,11.510655675459434,11.609038352966309,419500,0.0,0.0
2023-01-25 00:00:00-05:00,11.543449401855469,11.628712964472939,11.50409708456953,11.543449401855469,434300,0.0,0.0
2023-01-26 00:00:00-05:00,11.622153696148747,11.70085957940385,11.563124596454312,11.694300651550293,618700,0.0,0.0
2023-01-27 00:00:00-05:00,11.700857714745148,11.805798041703524,11.668064331690923,11.746768951416016,715200,0.0,0.0
2023-01-30 00:00:00-05:00,11.707417921350753,11.75988809056572,11.53688955865523,11.595918655395508,667400,0.0,0.0
2023-01-31 00:00:00-05:00,11.648387929181181,11.766446113586426,11.609035618041906,11.766446113586426,827900,0.0,0.0
2023-02-01 00:00:00-05:00,11.805799466505842,12.1009449535635,11.713976982082361,11.989445686340332,767700,0.0,0.0
2023-02-02 00:00:00-05:00,12.068152322035044,12.245239643712468,12.041917858261202,12.146858215332031,847300,0.0,0.0
2023-02-03 00:00:00-05:00,11.687742582332882,11.74677168636387,11.47130295121515,11.536890983581543,7869500,0.0,0.0
2023-02-06 00:00:00-05:00,11.464743475886518,11.58280167831583,11.117129047608662,11.136804580688477,6186500,0.0,0.0
2023-02-07 00:00:00-05:00,11.077775886775965,11.248304268667363,10.985953393060464,11.208951950073242,1830200,0.0,0.0
2023-02-08 00:00:00-05:00,11.18271548717717,11.379479568929339,11.08433407179487,11.2876558303833,1614300,0.0,0.0
2023-02-09 00:00:00-05:00,11.202393410713665,11.464744295428378,10.953160382981611,10.992512702941895,1741700,0.0,0.0
2023-02-10 00:00:00-05:00,11.07121638637041,11.22206922666275,11.025305141885275,11.110569953918457,1771400,0.0,0.0
2023-02-13 00:00:00-05:00,11.117128954028752,11.333568572998047,11.104011098094226,11.333568572998047,1333000,0.0,0.0
2023-02-14 00:00:00-05:00,11.307333372052373,11.353244618910123,11.077775886775965,11.208951950073242,1234700,0.0,0.0
2023-02-15 00:00:00-05:00,11.123685578905423,11.20895038342771,11.097451120505282,11.176156997680664,839900,0.0,0.0
2023-02-16 00:00:00-05:00,11.058099576437128,11.327009361423938,11.031863865224969,11.235185623168945,869100,0.0,0.0
2023-02-17 00:00:00-05:00,11.254863739013672,11.274540524752277,11.130246597977928,11.254863739013672,711000,0.0,0.0
2023-02-21 00:00:00-05:00,11.156481779261073,11.20895195440272,10.926924293896,10.972835540771484,988300,0.0,0.0
2023-02-22 00:00:00-05:00,11.018744954265458,11.143362068612506,10.97939264220387,11.077774047851562,1098900,0.0,0.0
2023-02-23 00:00:00-05:00,11.163041151654026,11.208952400356111,11.038424011614294,11.097453117370605,1012400,0.0,0.0
2023-02-24 00:00:00-05:00,10.992511202512077,11.071215831689804,10.894129790546154,10.946599960327148,760100,0.0,0.0
2023-02-27 00:00:00-05:00,11.038422510290554,11.09745160801838,10.894129855282275,10.93348217010498,736200,0.0,0.0
2023-02-28 00:00:00-05:00,10.881012027972245,10.966275585471793,10.841659713048418,10.867894172668457,1015400,0.0,0.0
2023-03-01 00:00:00-05:00,10.835100729301786,10.881011971639818,10.559632024286062,10.579307556152344,1343500,0.0,0.0
2023-03-02 00:00:00-05:00,10.52683681574829,10.612101619173457,10.421897107016786,10.598983764648438,1205500,0.0,0.0
2023-03-03 00:00:00-05:00,10.64489640837925,10.782631397081936,10.612103018729272,10.723602294921875,792800,0.0,0.0
2023-03-06 00:00:00-05:00,10.74327824147803,10.821984131047499,10.63833788937719,10.677691459655762,870500,0.0,0.0
2023-03-07 00:00:00-05:00,10.677689559204055,10.736718653128037,10.428455329083363,10.494043350219727,1261600,0.0,0.0
2023-03-08 00:00:00-05:00,10.539956438617535,10.546515366980472,10.356310822912178,10.507163047790527,849700,0.0,0.0
2023-03-09 00:00:00-05:00,10.526838594043086,10.553074307525115,10.15298843383789,10.15298843383789,1083100,0.0,0.0
2023-03-10 00:00:00-05:00,10.133311064033178,10.159546148888202,9.608608741438921,9.634843826293945,1518100,0.0,0.0
2023-03-13 00:00:00-04:00,9.438081297176657,9.556138869961789,9.215082756202612,9.431522369384766,1569000,0.0,0.0
2023-03-14 00:00:00-04:00,9.667638353911725,9.943107072315728,9.588933095152553,9.746343612670898,1199400,0.0,0.0
2023-03-15 00:00:00-04:00,9.52334492860159,9.52334492860159,9.175729281756201,9.385610580444336,1244700,0.0,0.0
2023-03-16 00:00:00-04:00,9.313463629913455,9.49055091704153,9.116700186046844,9.385610580444336,1795800,0.0,0.0
2023-03-17 00:00:00-04:00,9.313464009193627,9.392169264846705,8.965848973685759,8.985525131225586,3317500,0.0,0.0
2023-03-20 00:00:00-04:00,9.03799573237917,9.208524107167822,9.018319573901648,9.02487850189209,1223700,0.0,0.0
2023-03-21 00:00:00-04:00,9.221643494626845,9.39217127224198,9.208525636467424,9.24131965637207,1140100,0.0,0.0
2023-03-22 00:00:00-04:00,9.208524627634722,9.320023907798962,9.018320083618164,9.018320083618164,941100,0.0,0.0
2023-03-23 00:00:00-04:00,9.116701905660694,9.267554137093574,8.795321907838895,8.801880836486816,991200,0.0,0.0
2023-03-24 00:00:00-04:00,8.782203813560958,9.136377794346055,8.677262841981765,9.110142707824707,1126200,0.0,0.0
2023-03-27 00:00:00-04:00,9.228201288493711,9.306906556621241,9.14293709164875,9.247878074645996,1089500,0.0,0.0
2023-03-28 00:00:00-04:00,9.234759280916906,9.280670526296314,9.162612948821579,9.215083122253418,715300,0.0,0.0
2023-03-29 00:00:00-04:00,9.339700139960765,9.372494156527507,9.287229963651512,9.326582908630371,1097300,0.0,0.0
2023-03-30 00:00:00-04:00,9.438081297176657,9.457757455058548,9.359376040155308,9.431522369384766,1488700,0.0,0.0
2023-03-31 00:00:00-04:00,9.444638307561698,9.654519589736505,9.39872707028613,9.647960662841797,2163500,0.0,0.0
2023-04-03 00:00:00-04:00,9.5932605908853,9.764202514860193,9.463345015584725,9.518046379089355,1752500,0.6,0.0
2023-04-04 00:00:00-04:00,9.545397747588206,9.565910597355323,9.360780143408942,9.538559913635254,1299800,0.0,0.0
2023-04-05 00:00:00-04:00,9.429156883468194,9.791553594433093,9.429156883468194,9.695826530456543,1387600,0.0,0.0
2023-04-06 00:00:00-04:00,9.750527896183634,9.784716412785993,9.668475847593,9.695826530456543,692200,0.0,0.0
2023-04-10 00:00:00-04:00,9.71633978687785,9.757366138938798,9.251377506615245,9.442832946777344,1306600,0.0,0.0
2023-04-11 00:00:00-04:00,9.48385786387604,9.5932605908853,9.44283216729341,9.518046379089355,903500,0.0,0.0
2023-04-12 00:00:00-04:00,9.688988575874726,9.695826409528257,9.46334528204182,9.497533798217773,867100,0.0,0.0
2023-04-13 00:00:00-04:00,9.47018429514139,9.518047832493773,9.340268047910934,9.449670791625977,771300,0.0,0.0
2023-04-14 00:00:00-04:00,9.511208144487483,9.54539665825888,9.258214185925818,9.340266227722168,897800,0.0,0.0
2023-04-17 00:00:00-04:00,9.333427841169069,9.579584604055112,9.251375804237595,9.511207580566406,886000,0.0,0.0
2023-04-18 00:00:00-04:00,9.511208790978358,9.545397307073596,9.388130393872178,9.483858108520508,617100,0.0,0.0
2023-04-19 00:00:00-04:00,9.401805327234174,9.613773588804873,9.381292480014963,9.579585075378418,1118300,0.0,0.0
2023-04-20 00:00:00-04:00,9.504370192082979,9.565909385681152,9.44283165057646,9.565909385681152,751500,0.0,0.0
2023-04-21 00:00:00-04:00,9.518045881629128,9.593260089494006,9.388129661026928,9.579585075378418,907000,0.0,0.0
2023-04-24 00:00:00-04:00,9.504371226451465,9.52488472794446,9.30607860999459,9.463345527648926,1030800,0.0,0.0
2023-04-25 00:00:00-04:00,9.40864525603693,9.449670959613494,9.203514781878711,9.224027633666992,775800,0.0,0.0
2023-04-26 00:00:00-04:00,9.237701161660635,9.456506602262275,9.182999801510226,9.26505184173584,893400,0.0,0.0
2023-04-27 00:00:00-04:00,9.319754002748208,9.483858097301175,9.319754002748208,9.477020263671875,817200,0.0,0.0
2023-04-28 00:00:00-04:00,9.511208556999636,9.620611284139693,9.470182860367958,9.524884223937988,1467300,0.0,0.0
2023-05-01 00:00:00-04:00,9.518046415882758,9.572747779598844,9.353942324734497,9.388130187988281,1066100,0.0,0.0
2023-05-02 00:00:00-04:00,9.21718724411913,9.21718724411913,8.451367584686304,8.540257453918457,3387000,0.0,0.0
2023-05-03 00:00:00-04:00,8.581283845747771,8.670173715472298,8.424016952514648,8.424016952514648,2291700,0.0,0.0
2023-05-04 00:00:00-04:00,8.389829783198108,8.389829783198108,8.027432441711426,8.027432441711426,2382700,0.0,0.0
2023-05-05 00:00:00-04:00,8.143672521092821,8.300939418018284,8.041107635513514,8.102646827697754,1540100,0.0,0.0
2023-05-08 00:00:00-04:00,8.171023200720079,8.177861033649803,8.000081290026808,8.102646827697754,1174400,0.0,0.0
2023-05-09 00:00:00-04:00,8.02059463135445,8.1163223419992,7.979568935429328,8.041108131408691,1014400,0.0,0.0
2023-05-10 00:00:00-04:00,8.177861021610095,8.205211701197086,8.000081278248832,8.095808982849121,1057400,0.0,0.0
2023-05-11 00:00:00-04:00,8.006919812130171,8.129998207092285,7.924867766185992,8.129998207092285,916200,0.0,0.0
2023-05-12 00:00:00-04:00,8.157349835383743,8.184700520538007,8.109485647294951,8.123161315917969,774200,0.0,0.0
2023-05-15 00:00:00-04:00,8.15734930686453,8.259914206524844,8.129998623482331,8.171024322509766,991000,0.0,0.0
2023-05-16 00:00:00-04:00,8.171023904018528,8.205212419518192,8.109484706537469,8.129998207092285,1620100,0.0,0.0
2023-05-17 00:00:00-04:00,8.198373946731815,8.437692884476883,8.191536113746723,8.403504371643066,1591800,0.0,0.0
2023-05-18 00:00:00-04:00,8.417180480870096,8.478719024701672,8.328290603657805,8.458206176757812,825800,0.0,0.0
2023-05-19 00:00:00-04:00,8.533418995111937,8.547094659571206,8.321451412725851,8.417179107666016,691600,0.0,0.0
2023-05-22 00:00:00-04:00,8.417180758543559,8.492394971546723,8.355641560590195,8.444531440734863,704300,0.0,0.0
2023-05-23 00:00:00-04:00,8.46504472831469,8.697525865042069,8.44453187863043,8.49923324584961,836300,0.0,0.0
2023-05-24 00:00:00-04:00,8.458206294180311,8.458206294180311,8.218887992601777,8.225725173950195,782800,0.0,0.0
2023-05-25 00:00:00-04:00,8.205211258704201,8.232561936816218,7.911190979931321,8.047945022583008,946400,0.0,0.0
2023-05-26 00:00:00-04:00,8.054781812508752,8.43769193960331,7.986405446589719,8.410341262817383,925200,0.0,0.0
2023-05-30 00:00:00-04:00,8.547096008557688,8.656498733132558,8.506069660796273,8.581284523010254,1163000,0.0,0.0
2023-05-31 00:00:00-04:00,8.581285003448945,8.608635686123941,8.430855922690618,8.506070137023926,918700,0.0,0.0
2023-06-01 00:00:00-04:00,8.547097719064595,8.827442419915224,8.512909197769975,8.793253898620605,1113300,0.0,0.0
2023-06-02 00:00:00-04:00,8.888980553196017,9.066760320761952,8.827441352723831,9.039409637451172,1269300,0.0,0.0
2023-06-05 00:00:00-04:00,9.012058045506333,9.025733059737085,8.841116129026116,8.916330337524414,627600,0.0,0.0
2023-06-06 00:00:00-04:00,8.854791274607937,9.189837279377201,8.847953441345298,9.114623069763184,888400,0.0,0.0
2023-06-07 00:00:00-04:00,9.162486566184594,9.299240622589588,9.114623037697847,9.244539260864258,974700,0.0,0.0
2023-06-08 00:00:00-04:00,9.21718997898342,9.347106231059705,9.148813587657,9.312917709350586,963700,0.0,0.0
2023-06-09 00:00:00-04:00,9.292404857161841,9.319755544110773,9.210352796315048,9.312917709350586,697500,0.0,0.0
2023-06-12 00:00:00-04:00,9.326590660493498,9.524883246100796,9.306077162191912,9.511207580566406,791400,0.0,0.0
2023-06-13 00:00:00-04:00,9.538559645316743,9.641125195450647,9.531721811556139,9.559072494506836,1038700,0.0,0.0
2023-06-14 00:00:00-04:00,9.627449787743304,9.682151155120911,9.429157167976541,9.531722068786621,998800,0.0,0.0
2023-06-15 00:00:00-04:00,9.490693995187721,9.654798056269664,9.490693995187721,9.600096702575684,1065000,0.0,0.0
2023-06-16 00:00:00-04:00,9.66847469321701,9.675311874047779,9.435993590588307,9.606935501098633,2429100,0.0,0.0
2023-06-20 00:00:00-04:00,9.559072592916001,9.565910426747,9.435994844416657,9.463345527648926,1538300,0.0,0.0
2023-06-21 00:00:00-04:00,9.470183519555615,9.579586254310831,9.394968650342602,9.531722068786621,902100,0.0,0.0
2023-06-22 00:00:00-04:00,9.333430379326895,9.34026821395359,9.087274201592113,9.224027633666992,1596500,0.0,0.0
2023-06-23 00:00:00-04:00,9.135137920575799,9.18300211181807,8.984709468362418,9.00522232055664,1802100,0.0,0.0
2023-06-26 00:00:00-04:00,9.032571452377667,9.265052577525356,9.032571452377667,9.162487030029297,1041000,0.0,0.0
2023-06-27 00:00:00-04:00,9.141973205114201,9.306077281073515,9.11462252578765,9.292402267456055,780600,0.0,0.0
2023-06-28 00:00:00-04:00,9.299241237641253,9.388130467255296,9.2513770538971,9.374455451965332,661000,0.0,0.0
2023-06-29 00:00:00-04:00,9.394968739123064,9.45650794102734,9.34026737122854,9.429157257080078,942900,0.0,0.0
2023-06-30 00:00:00-04:00,9.531722608855317,9.538560443187885,9.39496918266283,9.490696907043457,1352400,0.0,0.0
2023-07-03 00:00:00-04:00,9.448295808554155,9.490696834584698,9.328160354399303,9.398828506469727,629000,0.45,0.0
2023-07-05 00:00:00-04:00,9.342292827651782,9.342292827651782,9.130289077758789,9.130289077758789,1165200,0.0,0.0
2023-07-06 00:00:00-04:00,9.010152926803636,9.010152926803636,8.720414783654673,8.868817329406738,999700,0.0,0.0
2023-07-07 00:00:00-04:00,8.854685707231535,9.158557825147561,8.833485530661557,9.087889671325684,863100,0.0,0.0
2023-07-10 00:00:00-04:00,9.024288048277196,9.222157911487463,9.024288048277196,9.165623664855957,608400,0.0,0.0
2023-07-11 00:00:00-04:00,9.20802431006426,9.321092806976758,9.186824135378519,9.229225158691406,766600,0.0,0.0
2023-07-12 00:00:00-04:00,9.38469431785853,9.427095342585057,9.314026841902887,9.356427192687988,778000,0.0,0.0
2023-07-13 00:00:00-04:00,9.384693955437672,9.526029575832242,9.377627679873992,9.48362922668457,548600,0.0,0.0
2023-07-14 00:00:00-04:00,9.420028392807065,9.441228568199616,9.264558867398371,9.356427192687988,1083200,0.0,0.0
2023-07-17 00:00:00-04:00,9.38469431785853,9.38469431785853,9.229225466391261,9.356427192687988,574200,0.0,0.0
2023-07-18 00:00:00-04:00,9.37762717676934,9.55429686126967,9.36349327851746,9.469494819641113,1140400,0.0,0.0
2023-07-19 00:00:00-04:00,9.540162617941872,9.63203093143205,9.526028720201227,9.617897033691406,772000,0.0,0.0
2023-07-20 00:00:00-04:00,9.610831842924634,9.610831842924634,9.434162144885146,9.455362319946289,503900,0.0,0.0
2023-07-21 00:00:00-04:00,9.526029276326934,9.533096225609821,9.398827558941834,9.420027732849121,526600,0.0,0.0
2023-07-24 00:00:00-04:00,9.391761420112394,9.610832149196792,9.391761420112394,9.56136417388916,883400,0.0,0.0
2023-07-25 00:00:00-04:00,9.561362554181834,9.688564934936874,9.511895261195459,9.582563400268555,626600,0.0,0.0
2023-07-26 00:00:00-04:00,9.617897340257704,9.808700922190164,9.617897340257704,9.702698707580566,935100,0.0,0.0
2023-07-27 00:00:00-04:00,9.752166366462182,9.84403467995236,9.568429739481825,9.617897033691406,932800,0.0,0.0
2023-07-28 00:00:00-04:00,9.6956326297297,9.730966701985269,9.518962942393216,9.610831260681152,807300,0.0,0.0
2023-07-31 00:00:00-04:00,9.639098972731492,9.667366097475046,9.427095200184135,9.4765625,1129100,0.0,0.0
2023-08-01 00:00:00-04:00,9.540163134739416,9.879368611593847,9.43416159170775,9.674431800842285,1345400,0.0,0.0
2023-08-02 00:00:00-04:00,9.624963982561729,9.65323110410168,9.448294304451693,9.617897033691406,1126800,0.0,0.0
2023-08-03 00:00:00-04:00,9.533097112454463,9.540164062394775,9.292826206015372,9.306960105895996,1095300,0.0,0.0
2023-08-04 00:00:00-04:00,9.31402678051645,9.610831929821687,9.31402678051645,9.589631080627441,770800,0.0,0.0
2023-08-07 00:00:00-04:00,9.58962999103707,9.70976542705545,9.561362869264588,9.688565254211426,631200,0.0,0.0
2023-08-08 00:00:00-04:00,9.58963144080862,9.730967744979756,9.44829581057893,9.72390079498291,688400,0.0,0.0
2023-08-09 00:00:00-04:00,9.681499405311579,9.745100605011475,9.554297679853205,9.589631080627441,809400,0.0,0.0
2023-08-10 00:00:00-04:00,9.702697641582713,9.723898486540195,9.526027977251422,9.568428993225098,715200,0.0,0.0
2023-08-11 00:00:00-04:00,9.540162746230166,9.554296644160871,9.448294431504618,9.497761726379395,503800,0.0,0.0
2023-08-14 00:00:00-04:00,9.49069556840847,9.497761843519626,9.321092160854935,9.335226058959961,635800,0.0,0.0
2023-08-15 00:00:00-04:00,9.27162550806289,9.314026531375777,9.200958034463282,9.229225158691406,692000,0.0,0.0
2023-08-16 00:00:00-04:00,9.18682450530822,9.236291806214007,9.116156354921586,9.123223304748535,670300,0.0,0.0
2023-08-17 00:00:00-04:00,9.130290245497717,9.229225521152355,9.05255581930285,9.080822944641113,610100,0.0,0.0
2023-08-18 00:00:00-04:00,8.974820077018595,9.17268994022886,8.953619903017126,9.165623664855957,1056500,0.0,0.0
2023-08-21 00:00:00-04:00,9.158557825147561,9.16562477531804,8.996021340933828,9.087889671325684,607800,0.0,0.0
2023-08-22 00:00:00-04:00,9.116156054570403,9.14442317900545,9.003087556830213,9.038421630859375,766900,0.0,0.0
2023-08-23 00:00:00-04:00,9.080823310143558,9.285760145580017,9.038422283458809,9.257493019104004,583100,0.0,0.0
2023-08-24 00:00:00-04:00,9.285759707438316,9.398828208007316,9.222158507382899,9.314026832580566,734700,0.0,0.0
2023-08-25 00:00:00-04:00,9.328161239624023,9.427096527123098,9.257493754788834,9.328161239624023,684300,0.0,0.0
2023-08-28 00:00:00-04:00,9.420027182911742,9.660298052972003,9.363492939831838,9.617897033691406,1234500,0.0,0.0
2023-08-29 00:00:00-04:00,9.610832290799157,9.77336809707794,9.554298038707282,9.72390079498291,953000,0.0,0.0
2023-08-30 00:00:00-04:00,9.730966490448063,9.730966490448063,9.624964275985684,9.660298347473145,688500,0.0,0.0
2023-08-31 00:00:00-04:00,9.709766672163473,9.759234647064726,9.674432596931558,9.73096752166748,1886300,0.0,0.0
2023-09-01 00:00:00-04:00,9.77336765381701,9.851102078432413,9.759234428405762,9.759234428405762,534800,0.0,0.0
2023-09-05 00:00:00-04:00,9.639097128534129,9.653230351231164,9.476560686899871,9.568428993225098,910300,0.0,0.0
2023-09-06 00:00:00-04:00,9.547229456597439,9.624963871449593,9.441227246590321,9.462428092956543,763500,0.0,0.0
2023-09-07 00:00:00-04:00,9.476562495007432,9.540163694132273,9.420028245550109,9.455362319946289,595400,0.0,0.0
2023-09-08 00:00:00-04:00,9.483628502390035,9.603763939035648,9.45536138046997,9.497761726379395,540300,0.0,0.0
2023-09-11 00:00:00-04:00,9.554297679853205,9.617898205611683,9.497762755943304,9.589631080627441,559000,0.0,0.0
2023-09-12 00:00:00-04:00,9.596697374682687,9.71683281614304,9.561363302381165,9.653231620788574,668400,0.0,0.0
2023-09-13 00:00:00-04:00,9.695632203139882,9.723899324912363,9.561362869264588,9.688565254211426,922500,0.0,0.0
2023-09-14 00:00:00-04:00,9.716832758664127,9.907636343598845,9.695632584985171,9.844035148620605,1010100,0.0,0.0
2023-09-15 00:00:00-04:00,9.7875025795232,9.893504140018228,9.71683442323219,9.87230396270752,2271900,0.0,0.0
2023-09-18 00:00:00-04:00,9.836968939064587,10.034838814142727,9.801634864315279,9.893503189086914,831200,0.0,0.0
2023-09-19 00:00:00-04:00,9.900568740042033,10.063104517407305,9.893501791302327,9.907635688781738,887300,0.0,0.0
2023-09-20 00:00:00-04:00,9.957103124951775,10.01363736779798,9.822833792736038,9.829900741577148,677100,0.0,0.0
2023-09-21 00:00:00-04:00,9.738032820954578,9.759233668332397,9.469494819641113,9.469494819641113,716300,0.0,0.0
2023-09-22 00:00:00-04:00,9.50482926417656,9.660298781339055,9.483629089908481,9.603764533996582,673800,0.0,0.0
2023-09-25 00:00:00-04:00,9.575497323614934,9.624964621106303,9.462428829953875,9.49069595336914,636000,0.0,0.0
2023-09-26 00:00:00-04:00,9.448295431296536,9.455362381009694,9.215091482293678,9.222158432006836,1111600,0.0,0.0
2023-09-27 00:00:00-04:00,9.250425489939579,9.377627888089723,9.158557166157964,9.172690391540527,910100,0.0,0.0
2023-09-28 00:00:00-04:00,9.144421661641507,9.278690985884287,9.080821147672147,9.215089797973633,1090500,0.0,0.0
2023-09-29 00:00:00-04:00,9.314026841902887,9.455362467755599,9.285759716732345,9.356427192687988,1832500,0.0,0.0
2023-10-02 00:00:00-04:00,9.2613262919839,9.297903550012197,8.961394031927567,9.041863441467285,1693600,0.45,0.0
2023-10-03 00:00:00-04:00,8.983339940126468,9.012601606472684,8.705353761010828,8.793139457702637,1242500,0.0,0.0
2023-10-04 00:00:00-04:00,8.837031674500173,8.86629334106528,8.463944902555191,8.719985008239746,1507600,0.0,0.0
2023-10-05 00:00:00-04:00,8.668777125367951,8.88823927221522,8.588307020381011,8.82240104675293,1119000,0.0,0.0
2023-10-06 00:00:00-04:00,8.734615427357046,8.924816607434034,8.698038867664142,8.793139457702637,921800,0.0,0.0
2023-10-09 00:00:00-04:00,8.719984374892277,9.02723220033654,8.690722710452496,8.990654945373535,542900,0.0,0.0
2023-10-10 00:00:00-04:00,9.012602054234238,9.049179313397518,8.939448233560865,8.961394309997559,581000,0.0,0.0
2023-10-11 00:00:00-04:00,9.019917421055583,9.100386831089041,8.983340162802856,9.093071937561035,702400,0.0,0.0
2023-10-12 00:00:00-04:00,9.041864007685557,9.056495190874376,8.785824580760151,8.880925178527832,1030600,0.0,0.0
2023-10-13 00:00:00-04:00,8.93944765281847,8.983339802840446,8.727300400637205,8.77119255065918,758200,0.0,0.0
2023-10-16 00:00:00-04:00,8.800453912199252,8.9394473436525,8.741930582425187,8.888238906860352,900200,0.0,0.0
2023-10-17 00:00:00-04:00,8.829716923328636,8.895555853776019,8.734616323532777,8.741931915283203,1256800,0.0,0.0
2023-10-18 00:00:00-04:00,8.661462463833082,8.68340854134206,8.354214588094507,8.383476257324219,1322600,0.0,0.0
2023-10-19 00:00:00-04:00,8.310321616085412,8.368844953704425,8.032335413568486,8.054282188415527,1496400,0.0,0.0
2023-10-20 00:00:00-04:00,8.068911782002505,8.156696778726689,7.973811194471354,7.98112678527832,1121500,0.0,0.0
2023-10-23 00:00:00-04:00,7.900658156992428,7.95918149390211,7.7250881462633805,7.820188045501709,1151700,0.0,0.0
2023-10-24 00:00:00-04:00,7.7177716999121575,7.7616638489063,7.4909932712653235,7.578778266906738,1951300,0.0,0.0
2023-10-25 00:00:00-04:00,7.490994622270771,7.556833555289205,7.191062325323016,7.213008403778076,2446000,0.0,0.0
2023-10-26 00:00:00-04:00,7.249584882991205,7.476363328034373,7.249584882991205,7.3739471435546875,2131700,0.0,0.0
2023-10-27 00:00:00-04:00,7.439787238831761,7.542203439409043,7.227639942934977,7.278847694396973,1425500,0.0,0.0
2023-10-30 00:00:00-04:00,7.3520002365112305,7.410523564555544,7.234953580422602,7.3520002365112305,2013600,0.0,0.0
2023-10-31 00:00:00-04:00,7.564148496452563,8.719985427877088,7.564148496452563,8.493206977844238,5041200,0.0,0.0
2023-11-01 00:00:00-04:00,8.529783308153158,8.932131722201596,8.471259978581,8.924816131591797,2340800,0.0,0.0
2023-11-02 00:00:00-04:00,9.14428001276628,9.393004540738037,9.078441085049853,9.371058464050293,1914800,0.0,0.0
2023-11-03 00:00:00-04:00,9.583204948181391,9.714882095185011,9.524681616701306,9.663674354553223,1553400,0.0,0.0
2023-11-06 00:00:00-05:00,9.663675549148513,9.692937218505799,9.488105533004806,9.57589054107666,982000,0.0,0.0
2023-11-07 00:00:00-05:00,9.524681813103504,9.612466812133789,9.444211707419209,9.612466812133789,794500,0.0,0.0
2023-11-08 00:00:00-05:00,9.61246767776167,9.663675424060772,9.488105410189663,9.5978364944458,696600,0.0,0.0
2023-11-09 00:00:00-05:00,9.619782972118353,9.72219916663209,9.371059124276277,9.407635688781738,798300,0.0,0.0
2023-11-10 00:00:00-05:00,9.502735137939453,9.546627986733064,9.444211804650083,9.502735137939453,528700,0.0,0.0
2023-11-13 00:00:00-05:00,9.44421004610533,9.546626209118065,9.385686723713205,9.524680137634277,593700,0.0,0.0
2023-11-14 00:00:00-05:00,9.817297710456632,9.97092162118506,9.744143201480007,9.905082702636719,881100,0.0,0.0
2023-11-15 00:00:00-05:00,9.905083545939016,10.02944580319541,9.8538758038875,9.970922470092773,1027100,0.0,0.0
2023-11-16 00:00:00-05:00,10.007498875673372,10.0367605397334,9.809982120028348,9.905082702636719,740200,0.0,0.0
2023-11-17 00:00:00-05:00,10.000184818460344,10.095285415649414,9.963607558364055,10.095285415649414,790500,0.0,0.0
2023-11-20 00:00:00-05:00,10.044076649698765,10.197700579044088,10.007500088431028,10.168438911437988,587700,0.0,0.0
2023-11-21 00:00:00-05:00,10.13186159688608,10.190384927747187,10.073338266024976,10.117230415344238,664500,0.0,0.0
2023-11-22 00:00:00-05:00,10.18306926032066,10.219646516246792,10.087968673973975,10.146492004394531,517100,0.0,0.0
2023-11-24 00:00:00-05:00,10.153808743886463,10.197700897841163,10.044076963693298,10.051392555236816,246700,0.0,0.0
2023-11-27 00:00:00-05:00,10.022130089655601,10.07333852873442,9.941660682036249,9.992868423461914,586700,0.0,0.0
2023-11-28 00:00:00-05:00,9.934345837497908,10.07333928560115,9.868506909201974,10.044076919555664,743200,0.0,0.0
2023-11-29 00:00:00-05:00,10.153807595110383,10.241592590741218,10.131861520615956,10.146492004394531,882900,0.0,0.0
2023-11-30 00:00:00-05:00,10.139177322387695,10.190385764335012,10.109915654554882,10.139177322387695,615300,0.0,0.0
2023-12-01 00:00:00-05:00,10.12454657014501,10.329378239569877,10.06602323602362,10.26353931427002,2063200,0.0,0.0
2023-12-04 00:00:00-05:00,10.197701504060747,10.29280210682029,10.153809347496805,10.248909950256348,962800,0.0,0.0
2023-12-05 00:00:00-05:00,10.241593360900879,10.292801104456364,10.183070026079413,10.241593360900879,1813200,0.0,0.0
2023-12-06 00:00:00-05:00,10.292801531260984,10.314748305968973,10.000184845019923,10.014815330505371,1364300,0.0,0.0
2023-12-07 00:00:00-05:00,10.051392564003224,10.102601007199313,9.956291966814156,10.095285415649414,943300,0.0,0.0
2023-12-08 00:00:00-05:00,10.02944541905258,10.212331002406819,10.02944541905258,10.117230415344238,1100600,0.0,0.0
2023-12-11 00:00:00-05:00,10.066023854052535,10.168439346226439,9.970923255853041,9.985553741455078,1040600,0.0,0.0
2023-12-12 00:00:00-05:00,9.97092310629474,10.161124299840816,9.927030254840567,10.087969779968262,1323500,0.0,0.0
2023-12-13 00:00:00-05:00,10.197700290148395,10.48300206446531,10.168438623371262,10.373270988464355,4823600,0.0,0.0
2023-12-14 00:00:00-05:00,10.629310924612543,10.673203775777978,10.483002583483094,10.512264251708984,2209000,0.0,0.0
2023-12-15 00:00:00-05:00,10.570785836286861,10.570785836286861,10.33669252927553,10.497632026672363,5465900,0.0,0.0
2023-12-18 00:00:00-05:00,10.51957926528466,10.570787007453564,10.3001164168201,10.322062492370605,1594700,0.0,0.0
2023-12-19 00:00:00-05:00,10.373271861947847,10.512264616429848,10.292801748294854,10.402533531188965,4392100,0.0,0.0
2023-12-20 00:00:00-05:00,10.365955397356782,10.636625989458548,10.336693730579649,10.373270988464355,2311100,0.0,0.0
2023-12-21 00:00:00-05:00,10.453739270037788,10.475685343340011,10.300115361616044,10.387900352478027,5654700,0.0,0.0
2023-12-22 00:00:00-05:00,10.402531759050413,10.504947235120573,10.263538330593617,10.300115585327148,2207800,0.0,0.0
2023-12-26 00:00:00-05:00,10.351323972086732,10.44642456129269,10.329377896932481,10.417162895202637,805300,0.0,0.0
2023-12-27 00:00:00-05:00,10.468372248139042,10.468372248139042,10.358640467480326,10.4098482131958,963700,0.0,0.0
2023-12-28 00:00:00-05:00,10.351324955276125,10.417163884645541,10.351324955276125,10.380586624145508,944000,0.0,0.0
2023-12-29 00:00:00-05:00,10.314747116532148,10.365954856306052,10.190384864807129,10.190384864807129,1075400,0.0,0.0
2024-01-02 00:00:00-05:00,10.168438911437988,10.197700579044088,10.066023423643228,10.168438911437988,1603300,0.0,0.0
2024-01-03 00:00:00-05:00,10.066024067884927,10.066024067884927,9.817299528487707,9.978239059448242,1718200,0.0,0.0
2024-01-04 00:00:00-05:00,10.014814744032442,10.073338775506667,9.94166092558271,9.948976516723633,1661700,0.0,0.0
2024-01-05 00:00:00-05:00,9.919714511293309,10.146492247697594,9.89776773861949,10.10260009765625,1034200,0.0,0.0
2024-01-08 00:00:00-05:00,10.117232699003523,10.373272852554031,10.073340539776934,10.365957260131836,1046400,0.0,0.0
2024-01-09 00:00:00-05:00,10.263540071400346,10.395217931713795,10.219647916398012,10.358640670776367,1507600,0.0,0.0
2024-01-10 00:00:00-05:00,10.358639951513624,10.380586027490942,10.226962100343359,10.270854949951172,2067800,0.0,0.0
2024-01-11 00:00:00-05:00,10.157489595144142,10.308643295442133,10.066797807417903,10.255739212036133,1880400,0.45,0.0
2024-01-12 00:00:00-05:00,10.278412779175484,10.490026952176398,10.21795158688951,10.270854949951172,1313200,0.0,0.0
2024-01-16 00:00:00-05:00,10.157489160661816,10.202835412962399,9.983663421810412,10.089470863342285,1247200,0.0,0.0
2024-01-17 00:00:00-05:00,9.938317418665884,10.112143882629388,9.885414056950761,9.960990905761719,1442400,0.0,0.0
2024-01-18 00:00:00-05:00,9.998778026293268,10.157488822937012,9.953432496254601,10.157488822937012,1226700,0.0,0.0
2024-01-19 00:00:00-05:00,10.187718473550275,10.22550689225419,10.051681175271975,10.202834129333496,1381200,0.0,0.0
2024-01-22 00:00:00-05:00,10.24062375486628,10.293527114833791,10.051682359834631,10.074355125427246,1256800,0.0,0.0
2024-01-23 00:00:00-05:00,10.08191296231051,10.127258493532176,9.991221179112951,10.119701385498047,850700,0.0,0.0
2024-01-24 00:00:00-05:00,10.165046876340394,10.27841214545268,10.104585687782198,10.112143516540527,704100,0.0,0.0
2024-01-25 00:00:00-05:00,10.2557392517986,10.316200443850505,10.172605292915794,10.263297080993652,789300,0.0,0.0
2024-01-26 00:00:00-05:00,10.308642530409113,10.369103717739613,10.248181343078613,10.248181343078613,711800,0.0,0.0
2024-01-29 00:00:00-05:00,10.278413502748782,10.338874699291067,10.202836646693768,10.316201210021973,1693000,0.0,0.0
2024-01-30 00:00:00-05:00,10.081913014164886,10.127258545619778,9.64356903274504,9.651126861572266,3881000,0.0,0.0
2024-01-31 00:00:00-05:00,9.620895941037897,9.68891496176549,9.40928177047203,9.416839599609375,1820500,0.0,0.0
2024-02-01 00:00:00-05:00,9.462186993675896,9.719146728515625,9.273245567004295,9.719146728515625,1930900,0.0,0.0
2024-02-02 00:00:00-05:00,9.530204848793627,9.605781704171203,9.43951305479312,9.499974250793457,1543100,0.0,0.0
2024-02-05 00:00:00-05:00,9.363935420143962,9.409280949503078,9.152320547287442,9.311031341552734,1557900,0.0,0.0
2024-02-06 00:00:00-05:00,9.220340262102244,9.492416341930138,9.205225324753055,9.484858512878418,1494800,0.0,0.0
2024-02-07 00:00:00-05:00,9.545318326118995,9.545318326118995,9.159877749162503,9.19766616821289,1119400,0.0,0.0
2024-02-08 00:00:00-05:00,9.235455329882498,9.341262046826484,9.129647892184309,9.288358688354492,846300,0.0,0.0
2024-02-09 00:00:00-05:00,9.265686620633755,9.424397428746719,9.23545602483863,9.416839599609375,706600,0.0,0.0
2024-02-12 00:00:00-05:00,9.439512688242635,9.726703718469336,9.416839920811503,9.696473121643066,923100,0.0,0.0
2024-02-13 00:00:00-05:00,9.341262931282973,9.454628208283527,9.243013312850866,9.31859016418457,1270200,0.0,0.0
2024-02-14 00:00:00-05:00,9.424397242543737,9.492416261927442,9.333705456950213,9.469742774963379,797600,0.0,0.0
2024-02-15 00:00:00-05:00,9.567992758493798,9.8173953586817,9.567992758493798,9.75693416595459,1374400,0.0,0.0
2024-02-16 00:00:00-05:00,9.636011967275602,9.824953378398654,9.560435114524667,9.704030990600586,1031900,0.0,0.0
2024-02-20 00:00:00-05:00,9.598224600458886,9.681359291813102,9.522648460119301,9.63601303100586,839200,0.0,0.0
2024-02-21 00:00:00-05:00,9.636011203917816,9.696472393027157,9.575550014808474,9.651126861572266,554100,0.0,0.0
2024-02-22 00:00:00-05:00,9.590666615636268,9.772050935187696,9.583109506252153,9.741820335388184,777700,0.0,0.0
2024-02-23 00:00:00-05:00,9.719145013844111,9.832510282299545,9.651126717675911,9.711587905883789,623200,0.0,0.0
2024-02-26 00:00:00-05:00,9.681357440204703,9.772049223719561,9.560434341430664,9.560434341430664,894600,0.0,0.0
2024-02-27 00:00:00-05:00,9.636012192186064,9.658684960238826,9.469743544705766,9.6133394241333,1348800,0.0,0.0
2024-02-28 00:00:00-05:00,9.567992584653085,9.567992584653085,9.416839605581602,9.462185859680176,1747200,0.0,0.0
2024-02-29 00:00:00-05:00,9.590665016347796,9.673799692499122,9.522646718707028,9.575550079345703,876400,0.0,0.0
2024-03-01 00:00:00-05:00,9.575551868856754,9.658685839790202,9.50753283775013,9.643570899963379,781000,0.0,0.0
2024-03-04 00:00:00-05:00,9.666242789841181,9.704031217098654,9.575550996875828,9.6133394241333,987200,0.0,0.0
2024-03-05 00:00:00-05:00,9.560436131488032,9.673801422673334,9.537763361552715,9.62845516204834,702700,0.0,0.0
2024-03-06 00:00:00-05:00,9.704030951038204,9.719145889074198,9.590665672373982,9.696473121643066,895900,0.0,0.0
2024-03-07 00:00:00-05:00,9.756934470291458,9.840069153450065,9.628454251550242,9.681358337402344,861800,0.0,0.0
2024-03-08 00:00:00-05:00,9.787165067597963,9.930760945369578,9.643569910580641,9.681358337402344,1195300,0.0,0.0
2024-03-11 00:00:00-04:00,9.651128535989645,9.824954304648257,9.651128535989645,9.741820335388184,972400,0.0,0.0
2024-03-12 00:00:00-04:00,9.734261285512693,9.79472247753572,9.643569497478154,9.779606819152832,1087200,0.0,0.0
2024-03-13 00:00:00-04:00,9.772048727514038,9.87029833485477,9.764490899083015,9.817394256591797,1617800,0.0,0.0
2024-03-14 00:00:00-04:00,9.756933566089971,9.809836926285083,9.507530981235552,9.560434341430664,1150600,0.0,0.0
2024-03-15 00:00:00-04:00,9.484858231144461,9.711588050681607,9.484858231144461,9.651126861572266,3962600,0.0,0.0
2024-03-18 00:00:00-04:00,9.651126966982698,9.726703093817711,9.583107948303223,9.583107948303223,1183800,0.0,0.0
2024-03-19 00:00:00-04:00,9.583107908223866,9.651126926618867,9.4395120425557,9.575550079345703,881800,0.0,0.0
2024-03-20 00:00:00-04:00,9.575549761677001,9.817394511721158,9.537761339294049,9.734260559082031,601100,0.0,0.0
2024-03-21 00:00:00-04:00,9.787164659601455,9.968548235879162,9.749376234355033,9.870299339294434,1159700,0.0,0.0
2024-03-22 00:00:00-04:00,9.900529964179835,9.945875498004217,9.779606858888199,9.787164688110352,651500,0.0,0.0
2024-03-25 00:00:00-04:00,9.824952206415546,9.9156439864458,9.809836549366738,9.840067863464355,806100,0.0,0.0
2024-03-26 00:00:00-04:00,9.870298591358974,9.88541352785963,9.711587793953944,9.734260559082031,795000,0.0,0.0
2024-03-27 00:00:00-04:00,9.809839010641078,9.953434905615966,9.809839010641078,9.945877075195312,989900,0.0,0.0
2024-03-28 00:00:00-04:00,9.976106568261443,10.059241252147629,9.953433800271709,10.00633716583252,1520700,0.0,0.0
2024-04-01 00:00:00-04:00,10.021452940221188,10.044125708471611,9.900530548546522,9.983664512634277,1330500,0.0,0.0
2024-04-02 00:00:00-04:00,9.892972134957684,9.983663923360712,9.726703495841665,9.787164688110352,2102300,0.0,0.0
2024-04-03 00:00:00-04:00,9.724526418720117,9.810653194954986,9.630569731908977,9.748015403747559,1585900,0.45,0.0
2024-04-04 00:00:00-04:00,9.810654391138087,9.873292189982749,9.693208704979712,9.716697692871094,985100,0.0,0.0
2024-04-05 00:00:00-04:00,9.677547906410904,9.763675431166666,9.607080949839897,9.669718742370605,889400,0.0,0.0
2024-04-08 00:00:00-04:00,9.716697202874286,9.802824731968526,9.63057042048147,9.732357025146484,702300,0.0,0.0
2024-04-09 00:00:00-04:00,9.787165420820063,9.94375991821289,9.724527621862931,9.94375991821289,857800,0.0,0.0
2024-04-10 00:00:00-04:00,9.64623020245192,9.748016814570832,9.24691441238724,9.35653018951416,2329800,0.0,0.0
2024-04-11 00:00:00-04:00,9.434825926582887,9.513122787916801,9.301720440943773,9.481803894042969,999900,0.0,0.0
2024-04-12 00:00:00-04:00,9.434826617994776,9.50529432105031,9.356529004221652,9.387847900390625,610100,0.0,0.0
2024-04-15 00:00:00-04:00,9.372189279342688,9.434827074712782,9.152956248845939,9.301721572875977,1032400,0.0,0.0
2024-04-16 00:00:00-04:00,9.270402668279479,9.270402668279479,9.105978268880213,9.121637344360352,673900,0.0,0.0
2024-04-17 00:00:00-04:00,9.215594793427378,9.30172157540936,9.160786162437553,9.223423957824707,572500,0.0,0.0
2024-04-18 00:00:00-04:00,9.309550787667433,9.38784765267315,9.231253175960354,9.31737995147705,1037500,0.0,0.0
2024-04-19 00:00:00-04:00,9.309550807536267,9.528783075402076,9.293890986480884,9.497464179992676,1005500,0.0,0.0
2024-04-22 00:00:00-04:00,9.544442640063568,9.669718974838108,9.520953653975205,9.638400077819824,1247000,0.0,0.0
2024-04-23 00:00:00-04:00,9.59925060033221,9.865461579770342,9.575760869180831,9.834142684936523,711000,0.0,0.0
2024-04-24 00:00:00-04:00,9.818483572937536,9.865462291930202,9.701037895507984,9.763675689697266,1141700,0.0,0.0
2024-04-25 00:00:00-04:00,9.693208230804146,9.77150510217909,9.622740523875699,9.6775484085083,757800,0.0,0.0
2024-04-26 00:00:00-04:00,9.748015892177508,9.865462316602182,9.701037919768766,9.810653686523438,694400,0.0,0.0
2024-04-29 00:00:00-04:00,9.818482878076544,9.928099383500854,9.802823803988131,9.85763168334961,1190200,0.0,0.0
2024-04-30 00:00:00-04:00,9.85763145375167,10.06120463906902,9.73235587715679,9.88895034790039,2076400,0.0,0.0
2024-05-01 00:00:00-04:00,9.935930017114483,10.139503237289928,9.935930017114483,9.967248916625977,1398600,0.0,0.0
2024-05-02 00:00:00-04:00,10.084693908691406,10.123842714161675,9.9672474922806,10.084693908691406,1340600,0.0,0.0
2024-05-03 00:00:00-04:00,10.241289847052965,10.397884344605473,10.13950323696847,10.249119758605957,1271000,0.0,0.0
2024-05-06 00:00:00-04:00,10.343076478144026,10.390055200855922,10.241289867852805,10.296097755432129,913700,0.0,0.0
2024-05-07 00:00:00-04:00,10.374394141710722,10.460520918602993,10.13950204953926,10.178650856018066,1147600,0.0,0.0
2024-05-08 00:00:00-04:00,10.108182893293025,10.155161609197618,10.053375013655463,10.084693908691406,1141100,0.0,0.0
2024-05-09 00:00:00-04:00,10.076865196228027,10.162991981140568,10.05337620883396,10.076865196228027,785900,0.0,0.0
2024-05-10 00:00:00-04:00,10.084694865685094,10.155162572878385,9.967248438129133,10.006397247314453,1258300,0.0,0.0
2024-05-13 00:00:00-04:00,10.100354397952415,10.123844132546381,9.982908711788431,9.998568534851074,733600,0.0,0.0
2024-05-14 00:00:00-04:00,10.13167261432614,10.17082142264198,10.069034819701358,10.13950252532959,777700,0.0,0.0
2024-05-15 00:00:00-04:00,10.241288881137184,10.256948702766199,10.084694398354017,10.147332191467285,816100,0.0,0.0
2024-05-16 00:00:00-04:00,10.084694653719152,10.20997024311792,10.076864742706377,10.162991523742676,629000,0.0,0.0
2024-05-17 00:00:00-04:00,10.194310690486358,10.241288660960635,10.131672152018357,10.202139854431152,890200,0.0,0.0
2024-05-20 00:00:00-04:00,10.225630525360488,10.233459690024214,10.076865196228027,10.076865196228027,724100,0.0,0.0
2024-05-21 00:00:00-04:00,10.053377164126807,10.084696065862031,9.92810155718591,9.975079536437988,1663600,0.0,0.0
2024-05-22 00:00:00-04:00,9.951587666981426,9.97507664981013,9.86546089880865,9.873290061950684,414300,0.0,0.0
2024-05-23 00:00:00-04:00,9.85763189528196,9.85763189528196,9.614909894731689,9.646228790283203,1245000,0.0,0.0
2024-05-24 00:00:00-04:00,9.70886779533638,9.849803216290772,9.661889819485891,9.841973304748535,1045600,0.0,0.0
2024-05-28 00:00:00-04:00,9.888952027300487,9.943759914693212,9.810654405281056,9.841973304748535,878700,0.0,0.0
2024-05-29 00:00:00-04:00,9.732357292481968,9.802825001239668,9.677548659725176,9.771505355834961,707500,0.0,0.0
2024-05-30 00:00:00-04:00,9.873292919123129,9.982909448547174,9.849803929497089,9.975079536437988,502300,0.0,0.0
2024-05-31 00:00:00-04:00,10.029886965991052,10.100353926378546,9.967248423366458,10.061205863952637,911400,0.0,0.0
2024-06-03 00:00:00-04:00,10.116013768602588,10.194311387011227,10.100353946240288,10.186481475830078,530500,0.0,0.0
2024-06-04 00:00:00-04:00,10.13167261432614,10.217800141961273,10.09252455271171,10.13950252532959,527500,0.0,0.0
2024-06-05 00:00:00-04:00,10.178650625435562,10.21779943102751,10.084693940035706,10.209969520568848,634500,0.0,0.0
2024-06-06 00:00:00-04:00,10.147332905111671,10.209970702630146,10.045546297468789,10.076865196228027,953400,0.0,0.0
2024-06-07 00:00:00-04:00,10.061205170198859,10.233458723759396,10.022056363770963,10.15516185760498,1055700,0.0,0.0
2024-06-10 00:00:00-04:00,10.076864742706377,10.194311167793781,10.045545845356685,10.162991523742676,1229600,0.0,0.0
2024-06-11 00:00:00-04:00,10.092525501012151,10.108184577788977,10.01422787702357,10.03771686553955,1101200,0.0,0.0
2024-06-12 00:00:00-04:00,10.21779892008139,10.28826661728285,10.123842239379883,10.123842239379883,929600,0.0,0.0
2024-06-13 00:00:00-04:00,10.13167284426346,10.24128936069527,10.116013768602588,10.186481475830078,757100,0.0,0.0
2024-06-14 00:00:00-04:00,10.100353729043293,10.20997024311792,10.09252456473193,10.162991523742676,1022600,0.0,0.0
2024-06-17 00:00:00-04:00,10.162992245566798,10.311757578569917,10.09252528155115,10.296097755432129,939600,0.0,0.0
2024-06-18 00:00:00-04:00,10.296096763747064,10.350905392748873,10.209969984889069,10.225629806518555,903800,0.0,0.0
2024-06-20 00:00:00-04:00,10.225630073773193,10.437032444386668,10.19431117639707,10.3430757522583,1361700,0.0,0.0
2024-06-21 00:00:00-04:00,10.350906372070312,10.397884348000671,10.288268573028857,10.350906372070312,1572600,0.0,0.0
2024-06-24 00:00:00-04:00,10.397884348000671,10.476181970153222,10.350906372070312,10.350906372070312,963400,0.0,0.0
2024-06-25 00:00:00-04:00,10.38222383860963,10.421372644282485,10.335245122461929,10.390053749084473,720700,0.0,0.0
2024-06-26 00:00:00-04:00,10.335246074594608,10.374394883874041,10.296097265315174,10.31175708770752,512200,0.0,0.0
2024-06-27 00:00:00-04:00,10.343076220746152,10.343076220746152,10.17865181539858,10.280438423156738,752800,0.0,0.0
2024-06-28 00:00:00-04:00,10.358734827595654,10.358734827595654,10.256948971149315,10.3430757522583,1510000,0.0,0.0
2024-07-01 00:00:00-04:00,10.350904434771367,10.350904434771367,10.076863555229018,10.170820236206055,1206800,0.0,0.0
2024-07-02 00:00:00-04:00,10.21780015081638,10.397883623843342,10.162991520446138,10.319586753845215,1516900,0.0,0.0
2024-07-03 00:00:00-04:00,10.397883859112328,10.405713770299728,10.249119280058858,10.288268089294434,1043500,0.0,0.0
2024-07-05 00:00:00-04:00,10.296373907603183,10.336910967996054,10.182871066319287,10.215300559997559,1100800,0.45,0.0
2024-07-08 00:00:00-04:00,10.215301355697923,10.369341269373319,10.190978653659561,10.345019340515137,1590900,0.0,0.0
2024-07-09 00:00:00-04:00,10.312588715565676,10.442306686184851,10.247729730256088,10.385555267333984,986300,0.0,0.0
2024-07-10 00:00:00-04:00,10.442308476360004,10.709852029923356,10.434200908511365,10.693636894226074,1338400,0.0,0.0
2024-07-11 00:00:00-04:00,10.790925054647714,10.904427900159737,10.717958497858472,10.880105972290039,1341100,0.0,0.0
2024-07-12 00:00:00-04:00,10.88821304362488,11.163864124199703,10.88821304362488,11.107111930847168,1438600,0.0,0.0
2024-07-15 00:00:00-04:00,11.14764959299774,11.301689501719896,11.131434458826906,11.204401016235352,1014700,0.0,0.0
2024-07-16 00:00:00-04:00,11.244937558557373,11.423300160288942,11.163864210992198,11.398978233337402,1157000,0.0,0.0
2024-07-17 00:00:00-04:00,11.32601282379403,11.512482237898734,11.269260624265481,11.431408882141113,1252800,0.0,0.0
2024-07-18 00:00:00-04:00,11.398979529405857,11.471945318556717,11.155757912695707,11.171972274780273,847800,0.0,0.0
2024-07-19 00:00:00-04:00,11.147649938791956,11.253045994631247,11.034146315615756,11.090898513793945,876700,0.0,0.0
2024-07-22 00:00:00-04:00,11.12332917093267,11.204402533223075,11.090899671380457,11.196295738220215,541100,0.0,0.0
2024-07-23 00:00:00-04:00,11.139542777430934,11.261153972376112,11.131435209798548,11.171972274780273,1046800,0.0,0.0
2024-07-24 00:00:00-04:00,11.082791301199808,11.171972225219822,10.928750609588638,10.936858177185059,1002100,0.0,0.0
2024-07-25 00:00:00-04:00,10.985502800816716,11.082791292355513,10.90442867127762,10.92064380645752,774900,0.0,0.0
2024-07-26 00:00:00-04:00,11.066576586008225,11.155758286593086,11.009825157039847,11.147650718688965,1050500,0.0,0.0
2024-07-29 00:00:00-04:00,11.188187002296326,11.253045994631247,11.058469017626484,11.090898513793945,947000,0.0,0.0
2024-07-30 00:00:00-04:00,11.14765034506332,11.18007984241266,11.066576215099868,11.171972274780273,835800,0.0,0.0
2024-07-31 00:00:00-04:00,11.12332835712506,11.212509281073904,10.880106741687971,10.92064380645752,1701500,0.0,0.0
2024-08-01 00:00:00-04:00,10.985501617174924,10.985501617174924,10.701742967542094,10.81524658203125,1305200,0.0,0.0
2024-08-02 00:00:00-04:00,10.580133845777583,10.766603263843615,10.54770434814957,10.7179594039917,1059800,0.0,0.0
2024-08-05 00:00:00-04:00,10.401771360036214,10.56391885032442,10.126120239956153,10.44230842590332,1469100,0.0,0.0
2024-08-06 00:00:00-04:00,10.4909523370914,10.766603458503392,10.442308476360004,10.693636894226074,1130300,0.0,0.0
2024-08-07 00:00:00-04:00,10.823354896640316,11.00171673764505,10.717958841584698,10.726065635681152,1351100,0.0,0.0
2024-08-08 00:00:00-04:00,10.83956891038711,10.912535467176351,10.774709920614484,10.880105972290039,685700,0.0,0.0
2024-08-09 00:00:00-04:00,10.90442943572998,10.928751367024711,10.774711437917738,10.90442943572998,630000,0.0,0.0
2024-08-12 00:00:00-04:00,10.928750952761854,10.928750952761854,10.709852033046294,10.750389099121094,653900,0.0,0.0
2024-08-13 00:00:00-04:00,10.823354349739917,10.896320132002097,10.758495361164558,10.847676277160645,576500,0.0,0.0
2024-08-14 00:00:00-04:00,10.896320343017578,10.896320343017578,10.79092506442666,10.896320343017578,534600,0.0,0.0
2024-08-15 00:00:00-04:00,11.009824354694704,11.009824354694704,10.855784441643292,10.944965362548828,557400,0.0,0.0
2024-08-16 00:00:00-04:00,11.066575805046645,11.099005301194364,11.001716812751205,11.034146308898926,732200,0.0,0.0
2024-08-19 00:00:00-04:00,11.107113082877317,11.147650147139318,11.082791153592195,11.139542579650879,635600,0.0,0.0
2024-08-20 00:00:00-04:00,11.099005117805964,11.139542180615866,11.058468828176228,11.07468318939209,573500,0.0,0.0
2024-08-21 00:00:00-04:00,11.123327255249023,11.147649182429344,11.058468267314755,11.123327255249023,456900,0.0,0.0
2024-08-22 00:00:00-04:00,11.139541210368433,11.163863909843979,11.050360298498385,11.058467864990234,411500,0.0,0.0
2024-08-23 00:00:00-04:00,11.115221238993147,11.26926116352999,11.099006103157569,11.236831665039062,725300,0.0,0.0
2024-08-26 00:00:00-04:00,11.317904472351074,11.40708538946157,11.285474977658154,11.317904472351074,670700,0.0,0.0
2024-08-27 00:00:00-04:00,11.309797470179696,11.366549668611544,11.261153612301174,11.26926040649414,421200,0.0,0.0
2024-08-28 00:00:00-04:00,11.26925947447906,11.374655522072736,11.26925947447906,11.342226028442383,534000,0.0,0.0
2024-08-29 00:00:00-04:00,11.407085026867838,11.431407726999495,11.317904112592112,11.398978233337402,459600,0.0,0.0
2024-08-30 00:00:00-04:00,11.43140908830224,11.496268083350122,11.366550093254357,11.480052947998047,589000,0.0,0.0
2024-09-03 00:00:00-04:00,11.431407726999495,11.463837220661588,11.350333606254205,11.398978233337402,755100,0.0,0.0
2024-09-04 00:00:00-04:00,11.398978595673444,11.496267079752204,11.301689338414542,11.317904472351074,586000,0.0,0.0
2024-09-05 00:00:00-04:00,11.317905797856495,11.431409429164852,11.228724870301505,11.236831665039062,638800,0.0,0.0
2024-09-06 00:00:00-04:00,11.228725041058995,11.269261334903923,11.123328976065649,11.16386604309082,651300,0.0,0.0
2024-09-09 00:00:00-04:00,11.180079643912878,11.21250914068644,11.090898721080633,11.139542579650879,706600,0.0,0.0
2024-09-10 00:00:00-04:00,11.131435973422562,11.236832040333208,11.131435973422562,11.212510108947754,469300,0.0,0.0
2024-09-11 00:00:00-04:00,11.14764974781388,11.14764974781388,10.99360983695245,11.07468318939209,798800,0.0,0.0
2024-09-12 00:00:00-04:00,11.123329178414249,11.228725245324895,11.050362611077627,11.212510108947754,712500,0.0,0.0
2024-09-13 00:00:00-04:00,11.30168972708578,11.366549491882324,11.228723941402484,11.366549491882324,906500,0.0,0.0
2024-09-16 00:00:00-04:00,11.382764455426223,11.50437487784595,11.269260827502325,11.480052947998047,1162200,0.0,0.0
2024-09-17 00:00:00-04:00,11.520589805428553,11.569234437427284,11.407086179551651,11.431408882141113,1010800,0.0,0.0
2024-09-18 00:00:00-04:00,11.471944024730709,11.544910578832479,11.342226049963172,11.415192604064941,1128200,0.0,0.0
2024-09-19 00:00:00-04:00,11.553019688873404,11.553019688873404,11.350335132928256,11.423301696777344,1423300,0.0,0.0
2024-09-20 00:00:00-04:00,11.36654890942213,11.471944185512807,11.277367220634456,11.301689147949219,3357500,0.0,0.0
2024-09-23 00:00:00-04:00,11.326012751055034,11.350334680308098,11.05846920973076,11.06657600402832,1249100,0.0,0.0
2024-09-24 00:00:00-04:00,11.08279210319734,11.244939600958405,11.08279210319734,11.196295738220215,1121700,0.0,0.0
2024-09-25 00:00:00-04:00,11.16386545823317,11.188187387901987,11.074683760813835,11.082791328430176,1196800,0.0,0.0
2024-09-26 00:00:00-04:00,11.188186243183294,11.188186243183294,11.082790194495074,11.123327255249023,693800,0.0,0.0
2024-09-27 00:00:00-04:00,11.204401949386067,11.220617084907367,11.09900588803827,11.11522102355957,930900,0.0,0.0
2024-09-30 00:00:00-04:00,11.244938468400054,11.285475532052608,11.107112915889484,11.253046035766602,1972600,0.0,0.0
2024-10-01 00:00:00-04:00,11.211151184450463,11.211151184450463,10.909506151353426,10.926263809204102,1990000,0.45,0.0
2024-10-02 00:00:00-04:00,10.91788430245577,10.984916530324345,10.867610531097933,10.875988960266113,1087300,0.0,0.0
2024-10-03 00:00:00-04:00,10.943021924742714,10.943021924742714,10.783819785148422,10.850852012634277,1564900,0.0,0.0
2024-10-04 00:00:00-04:00,10.934643283975525,10.95978017086135,10.81733648002963,10.917884826660156,1346000,0.0,0.0
2024-10-07 00:00:00-04:00,10.917885049530136,10.951401165757819,10.700030693593817,10.741925239562988,1425300,0.0,0.0
2024-10-08 00:00:00-04:00,10.71678725323484,10.85085170439823,10.67489191247449,10.834094047546387,1106100,0.0,0.0
2024-10-09 00:00:00-04:00,10.808957472018355,10.87598970447372,10.741925239562988,10.741925239562988,791300,0.0,0.0
2024-10-10 00:00:00-04:00,10.683272821940871,10.775441946850899,10.658135933163098,10.700031280517578,879700,0.0,0.0
2024-10-11 00:00:00-04:00,10.733546875871687,10.733546875871687,10.607860839929018,10.658135414123535,962000,0.0,0.0
2024-10-14 00:00:00-04:00,10.674892518374275,10.792199319344078,10.62461874587808,10.758683204650879,859900,0.0,0.0
2024-10-15 00:00:00-04:00,10.725166481204342,10.909505501097584,10.725166481204342,10.834094047546387,1430600,0.0,0.0
2024-10-16 00:00:00-04:00,10.934642245196843,11.068706694634907,10.884367677113993,11.03519058227539,1019200,0.0,0.0
2024-10-17 00:00:00-04:00,11.010054960372363,11.035191847752824,10.917885041498606,10.943022727966309,1361700,0.0,0.0
2024-10-18 00:00:00-04:00,11.00167591202902,11.06870814553472,10.917885220603267,11.018433570861816,663500,0.0,0.0
2024-10-21 00:00:00-04:00,10.984916530324345,11.043570329024739,10.850852074587195,10.875988960266113,1110300,0.0,0.0
2024-10-22 00:00:00-04:00,10.850852845976732,10.875989733442637,10.800579071044922,10.800579071044922,657400,0.0,0.0
2024-10-23 00:00:00-04:00,10.792199319344078,10.817336205592177,10.674892518374275,10.758683204650879,858300,0.0,0.0
2024-10-24 00:00:00-04:00,10.825715464838424,10.943022266141986,10.77544089311198,10.926263809204102,1337800,0.0,0.0
2024-10-25 00:00:00-04:00,10.951400477125647,11.018432705365976,10.78381990652482,10.79219913482666,798500,0.0,0.0
2024-10-28 00:00:00-04:00,10.842472066481154,10.884367405657464,10.733545303344727,10.733545303344727,1536400,0.0,0.0
2024-10-29 00:00:00-04:00,10.607860124204477,10.666513124234655,10.01294849832618,10.029706954956055,5006700,0.0,0.0
2024-10-30 00:00:00-04:00,10.021328912221735,10.054845030359441,9.853748321533203,9.853748321533203,2419500,0.0,0.0
2024-10-31 00:00:00-04:00,9.862126282005983,9.8872631676034,9.635891914367676,9.635891914367676,1803300,0.0,0.0
2024-11-01 00:00:00-04:00,9.686167355369422,9.761578018940572,9.526965201071173,9.552102088928223,1505600,0.0,0.0
2024-11-04 00:00:00-05:00,9.552102088928223,9.711304243226472,9.518585972089737,9.552102088928223,1642600,0.0,0.0
2024-11-05 00:00:00-05:00,9.552101990942779,9.69454568581697,9.526965103343583,9.669408798217773,1099100,0.0,0.0
2024-11-06 00:00:00-05:00,9.962674059731553,10.021327055835629,9.451552353954412,9.73643970489502,1656700,0.0,0.0
2024-11-07 00:00:00-05:00,9.74481933723684,9.937536789058461,9.74481933723684,9.83698844909668,1030700,0.0,0.0
2024-11-08 00:00:00-05:00,9.878884650750754,10.096739805848546,9.853747763343238,9.954296112060547,1125800,0.0,0.0
2024-11-11 00:00:00-05:00,10.00456923753789,10.0464645798894,9.904020895346582,9.971053123474121,880900,0.0,0.0
2024-11-12 00:00:00-05:00,9.86212547578245,9.887262359324941,9.71130257635327,9.744818687438965,1082200,0.0,0.0
2024-11-13 00:00:00-05:00,9.820230631794631,9.845367516603256,9.719682293472973,9.728060722351074,1047900,0.0,0.0
2024-11-14 00:00:00-05:00,9.778334916456835,9.86212559472519,9.669407354342825,9.686165809631348,807800,0.0,0.0
2024-11-15 00:00:00-05:00,9.75319840624686,9.778335291055484,9.60237549922079,9.728060722351074,1246200,0.0,0.0
2024-11-18 00:00:00-05:00,9.702923774719238,9.72806065936511,9.619133093783459,9.702923774719238,955200,0.0,0.0
2024-11-19 00:00:00-05:00,9.652650283094225,9.761577052722092,9.64427105494218,9.753198623657227,850100,0.0,0.0
2024-11-20 00:00:00-05:00,9.694545099203323,9.728061213669951,9.543722983647093,9.602375984191895,857900,0.0,0.0
2024-11-21 00:00:00-05:00,9.602375131362992,9.70292346583274,9.58561667607447,9.686165809631348,650600,0.0,0.0
2024-11-22 00:00:00-05:00,9.719682452018189,9.887263018621157,9.719682452018189,9.83698844909668,927300,0.0,0.0
2024-11-25 00:00:00-05:00,9.887264005314789,10.038086130765077,9.870505547438505,9.89564323425293,1249000,0.0,0.0
2024-11-26 00:00:00-05:00,9.870505895965735,9.870505895965735,9.652651529492388,9.769957542419434,1018800,0.0,0.0
2024-11-27 00:00:00-05:00,9.803472091263021,9.945915769094581,9.795092863370071,9.845367431640625,738200,0.0,0.0
2024-11-29 00:00:00-05:00,9.904020428716978,9.93753654120163,9.845367431640625,9.845367431640625,619400,0.0,0.0
2024-12-02 00:00:00-05:00,9.828609377805053,9.97943228969761,9.76995637833003,9.945916175842285,891400,0.0,0.0
2024-12-03 00:00:00-05:00,9.929158578518956,9.979432350062455,9.82860943725758,9.862126350402832,583000,0.0,0.0
2024-12-04 00:00:00-05:00,9.845367923175312,9.904020923179944,9.803472580706064,9.828609466552734,610700,0.0,0.0
2024-12-05 00:00:00-05:00,9.895642772585163,9.920779659139608,9.836988971841837,9.878884315490723,787000,0.0,0.0
2024-12-06 00:00:00-05:00,9.887263420815996,10.004569422666268,9.853747306132032,9.93753719329834,938800,0.0,0.0
2024-12-09 00:00:00-05:00,9.971053123474121,10.01294846582563,9.937537009410352,9.971053123474121,1281800,0.0,0.0
2024-12-10 00:00:00-05:00,9.99619037942459,10.029706492050263,9.945915810942502,10.012948036193848,985800,0.0,0.0
2024-12-11 00:00:00-05:00,10.02132791110058,10.046464797420887,9.937537224583279,9.996191024780273,1000800,0.0,0.0
2024-12-12 00:00:00-05:00,10.021328344538754,10.054844460777856,9.920779995821444,9.954296112060547,1358700,0.0,0.0
2024-12-13 00:00:00-05:00,9.945917069763722,9.945917069763722,9.820231831281681,9.920780181884766,1219400,0.0,0.0
2024-12-16 00:00:00-05:00,9.920779169574166,10.046464395231359,9.862126170812433,10.004569053649902,1419200,0.0,0.0
2024-12-17 00:00:00-05:00,10.004570014099762,10.063223817579502,9.870505547438505,9.89564323425293,1363000,0.0,0.0
2024-12-18 00:00:00-05:00,9.920779028700819,10.02132736761624,9.610754783939814,9.644270896911621,1473800,0.0,0.0
2024-12-19 00:00:00-05:00,9.694544913790711,9.8872631676034,9.619133457911275,9.635891914367676,1314500,0.0,0.0
2024-12-20 00:00:00-05:00,9.568859695198077,10.021327631788564,9.543722809578378,9.945916175842285,6365000,0.0,0.0
2024-12-23 00:00:00-05:00,9.895642897384713,9.92915901290907,9.744819977981496,9.820231437683105,1154600,0.0,0.0
2024-12-24 00:00:00-05:00,9.836989490171899,9.920780181884766,9.76995725643651,9.920780181884766,439800,0.0,0.0
2024-12-26 00:00:00-05:00,9.887262344360352,9.929157682925839,9.82023012229042,9.887262344360352,794700,0.0,0.0
2024-12-27 00:00:00-05:00,9.845367677198622,9.92077913194175,9.76157699435355,9.83698844909668,672100,0.0,0.0
2024-12-30 00:00:00-05:00,9.786714519020746,9.81185140382937,9.610754727186052,9.728060722351074,1070400,0.0,0.0
2024-12-31 00:00:00-05:00,9.769956559370053,9.937537131751995,9.711303558808174,9.912400245666504,1919400,0.0,0.0
2025-01-02 00:00:00-05:00,9.971052514559593,10.147012302420627,9.9626740858707,10.046463966369629,2063700,0.0,0.0
2025-01-03 00:00:00-05:00,10.055171815153011,10.185758127847551,9.985525671016251,10.142229080200195,1329600,0.45,0.0
2025-01-06 00:00:00-05:00,10.142227428748901,10.177050495147068,10.055170177877184,10.063876152038574,1826100,0.0,0.0
2025-01-07 00:00:00-05:00,10.046463978212856,10.116110109445911,9.87234865013022,9.959405899047852,1512000,0.0,0.0
2025-01-08 00:00:00-05:00,9.924582374082203,9.924582374082203,9.706938016490511,9.820113182067871,1378900,0.0,0.0
2025-01-10 00:00:00-05:00,9.715645328521392,9.724351303283791,9.558941103788,9.663411140441895,1019100,0.0,0.0
2025-01-13 00:00:00-05:00,9.637293098295562,9.680822141327772,9.43706066269381,9.654705047607422,1107200,0.0,0.0
2025-01-14 00:00:00-05:00,9.68082244193419,9.898466833606038,9.68082244193419,9.872349739074707,1109000,0.0,0.0
2025-01-15 00:00:00-05:00,10.063875784447877,10.13352191470033,9.985523680352026,10.124815940856934,848600,0.0,0.0
2025-01-16 00:00:00-05:00,10.10740467093222,10.325049050127339,10.089993552325268,10.290225982666016,1190200,0.0,0.0
2025-01-17 00:00:00-05:00,10.385990137721478,10.429518349768475,10.333755120918685,10.394695281982422,901100,0.0,0.0
2025-01-21 00:00:00-05:00,10.446930281575511,10.542693510267547,10.403401239352794,10.4817533493042,1849500,0.0,0.0
2025-01-22 00:00:00-05:00,10.438224586357048,10.446930561084004,10.307638286442476,10.316344261169434,1273300,0.0,0.0
2025-01-23 00:00:00-05:00,10.316343792079437,10.359872003240076,10.264108776340295,10.272814750671387,1028700,0.0,0.0
2025-01-24 00:00:00-05:00,10.26410888963188,10.385990040870215,10.246697771024927,10.290225982666016,810500,0.0,0.0
2025-01-27 00:00:00-05:00,10.290225482891522,10.446929693980387,10.281520339134545,10.42951774597168,1310700,0.0,0.0
2025-01-28 00:00:00-05:00,10.403400772639683,10.603634025782425,10.403400772639683,10.438223838806152,1668600,0.0,0.0
2025-01-29 00:00:00-05:00,10.429518871859623,10.542694055391589,10.203169335043158,10.246698379516602,2116900,0.0,0.0
2025-01-30 00:00:00-05:00,10.533987354991297,10.969276074945526,10.47304636962951,10.934453010559082,2436100,0.0,0.0
2025-01-31 00:00:00-05:00,11.004099826883854,11.2217442004597,10.960570786119206,11.099863052368164,1838100,0.0,0.0
2025-02-03 00:00:00-05:00,10.856101600437846,11.065040000080833,10.829983677796923,11.012804985046387,1068600,0.0,0.0
2025-02-04 00:00:00-05:00,11.004099944400258,11.11727511949802,10.943158954579982,11.108569145202637,969300,0.0,0.0
2025-02-05 00:00:00-05:00,11.1695101234972,11.213039167917376,11.108569959457435,11.186922073364258,724900,0.0,0.0
2025-02-06 00:00:00-05:00,11.204331983044005,11.369742167928768,11.186920865304616,11.26527214050293,1294800,0.0,0.0
2025-02-07 00:00:00-05:00,11.230449676513672,11.247861625433384,11.082451431685804,11.230449676513672,1109000,0.0,0.0
2025-02-10 00:00:00-05:00,11.273978937350194,11.343625073885763,11.152098613536666,11.334919929504395,1388300,0.0,0.0
2025-02-11 00:00:00-05:00,11.31750734232291,11.56126880645752,11.300095394046743,11.56126880645752,1588100,0.0,0.0
2025-02-12 00:00:00-05:00,11.395860901331014,11.45680106756888,11.387154926083463,11.421977996826172,822300,0.0,0.0
2025-02-13 00:00:00-05:00,11.509034725921147,11.665738110582971,11.456799710868939,11.65703296661377,781800,0.0,0.0
2025-02-14 00:00:00-05:00,11.665738326724624,11.787619477273044,11.657033182594132,11.770208358764648,629000,0.0,0.0
2025-02-18 00:00:00-05:00,11.761502265930176,11.9007945335841,11.735384343059511,11.761502265930176,981900,0.0,0.0
2025-02-19 00:00:00-05:00,11.735384691997593,11.839854726091739,11.709267598597773,11.79632568359375,883400,0.0,0.0
2025-02-20 00:00:00-05:00,11.831148958632408,11.926912189606256,11.822442983930936,11.918206214904785,805400,0.0,0.0
2025-02-21 00:00:00-05:00,11.970440982877804,12.101027279682954,11.94432388956626,11.979146957397461,1757100,0.0,0.0
2025-02-24 00:00:00-05:00,12.013969540053118,12.144555831584634,11.926911458867178,12.022675514221191,1100300,0.0,0.0
2025-02-25 00:00:00-05:00,12.092321509977294,12.17937875992885,12.005263429778353,12.109732627868652,1168500,0.0,0.0
2025-02-26 00:00:00-05:00,12.109733214501905,12.240320341126363,12.083616121275982,12.161968231201172,932100,0.0,0.0
2025-02-27 00:00:00-05:00,12.161967391988098,12.214201574835624,12.074909313579067,12.179378509521484,892700,0.0,0.0
2025-02-28 00:00:00-05:00,12.179379311189606,12.379612572611137,12.179379311189606,12.344789505004883,1140900,0.0,0.0
2025-03-03 00:00:00-05:00,12.344789544277475,12.431846798446358,12.092322095767097,12.161968231201172,1363000,0.0,0.0
2025-03-04 00:00:00-05:00,12.031382449416332,12.161969590637515,11.900796138442667,12.013971328735352,1535500,0.0,0.0
2025-03-05 00:00:00-05:00,11.987852546688929,12.18808497272204,11.970440598209146,12.127144813537598,830600,0.0,0.0
2025-03-06 00:00:00-05:00,12.048792119004904,12.144555340237112,11.9965571063572,12.074909210205078,947400,0.0,0.0
2025-03-07 00:00:00-05:00,12.074909068142713,12.405728597026433,12.074909068142713,12.249024391174316,1722600,0.0,0.0
2025-03-10 00:00:00-04:00,12.249025382587151,12.397023626704549,11.979146817606546,12.066204071044922,1751400,0.0,0.0
2025-03-11 00:00:00-04:00,12.06620354589499,12.135849677713491,11.561268675087165,11.639620780944824,1680300,0.0,0.0
2025-03-12 00:00:00-04:00,11.726680053673855,11.726680053673855,11.535152756567221,11.665739059448242,965800,0.0,0.0
2025-03-13 00:00:00-04:00,11.717972886802484,11.909500164427053,11.622209663113889,11.639620780944824,1044000,0.0,0.0
2025-03-14 00:00:00-04:00,11.744090877332928,11.918206220202524,11.691856689595772,11.909501075744629,775100,0.0,0.0
2025-03-17 00:00:00-04:00,11.96173486877042,12.127145061723944,11.944323750181713,12.066204071044922,1401200,0.0,0.0
2025-03-18 00:00:00-04:00,12.022675514221191,12.109732765159738,11.970440499460148,12.022675514221191,917400,0.0,0.0
2025-03-19 00:00:00-04:00,12.10102630140525,12.144555340237112,11.926910976325166,12.074909210205078,1348100,0.0,0.0
2025-03-20 00:00:00-04:00,12.057498575875233,12.144555826779333,11.99655758697023,12.031380653381348,977700,0.0,0.0
2025-03-21 00:00:00-04:00,11.996557486302754,12.031380552421659,11.892088287946036,11.926911354064941,2281100,0.0,0.0
2025-03-24 00:00:00-04:00,12.031381865240165,12.135851074996165,11.91820668044263,11.961735725402832,930800,0.0,0.0
2025-03-25 00:00:00-04:00,12.00526456582546,12.022676515611877,11.813737269412169,11.839855194091797,988100,0.0,0.0
2025-03-26 00:00:00-04:00,11.813736939515184,11.813736939515184,11.552564341991816,11.717973709106445,1030500,0.0,0.0
2025-03-27 00:00:00-04:00,11.752795940108689,11.848559163694592,11.683149808364872,11.726678848266602,752500,0.0,0.0
2025-03-28 00:00:00-04:00,11.770209388917005,11.778914533809386,11.387154785237643,11.500329971313477,1388100,0.0,0.0
2025-03-31 00:00:00-04:00,11.430683205995432,11.717973727930604,11.343625119849497,11.630915641784668,1973900,0.0,0.0
2025-04-01 00:00:00-04:00,11.62221052163041,11.68315068391132,11.482917417456639,11.535152435302734,1433000,0.0,0.0
2025-04-02 00:00:00-04:00,11.448094254960415,11.561269434157994,11.230449871176015,11.430683135986328,1830500,0.0,0.0
2025-04-03 00:00:00-04:00,11.256567367116105,11.39585963460366,11.09115717678908,11.20433235168457,2690200,0.0,0.0
2025-04-04 00:00:00-04:00,10.870548659587062,10.933696798732154,10.320254783052269,10.410467147827148,3091400,0.45,0.0
2025-04-07 00:00:00-04:00,9.84213077805719,10.699144755388703,9.688770282496632,9.950385093688965,3925400,0.0,0.0
2025-04-08 00:00:00-04:00,10.284170319041108,10.392425504163933,9.688771102510051,9.815068244934082,2466400,0.0,0.0
2025-04-09 00:00:00-04:00,9.661707578295141,10.374382516773375,9.165541285861943,10.284170150756836,3579000,0.0,0.0
2025-04-10 00:00:00-04:00,10.184936916773758,10.239064506750802,9.318901499443026,9.67072868347168,2632700,0.0,0.0
2025-04-11 00:00:00-04:00,9.715835119092029,9.7699618501554,9.33694456033291,9.65268611907959,2478600,0.0,0.0
2025-04-14 00:00:00-04:00,9.887237441678854,10.04059794474195,9.616601209195226,9.806046485900879,1852800,0.0,0.0
2025-04-15 00:00:00-04:00,9.842131119979593,10.103745940260604,9.797024938483794,9.932343482971191,1419600,0.0,0.0
2025-04-16 00:00:00-04:00,9.815067885131597,9.92332220595712,9.715834972790418,9.751919746398926,1206900,0.0,0.0
2025-04-17 00:00:00-04:00,9.760940755196765,9.986470815975464,9.760940755196765,9.896259307861328,1044800,0.0,0.0
2025-04-21 00:00:00-04:00,9.788003570084404,9.833108887470932,9.580515496725496,9.778982162475586,1598100,0.0,0.0
2025-04-22 00:00:00-04:00,9.923322054376483,10.202979690817243,9.887237281319177,10.193958282470703,1726200,0.0,0.0
2025-04-23 00:00:00-04:00,10.464594263661702,10.518720991806159,10.17591522568554,10.266127586364746,1423400,0.0,0.0
2025-04-24 00:00:00-04:00,10.275149359549703,10.392425088467663,10.175915587211273,10.356339454650879,1021900,0.0,0.0
2025-04-25 00:00:00-04:00,10.392425156956678,10.62697575600949,10.329276157689998,10.617955207824707,1291100,0.0,0.0
2025-04-28 00:00:00-04:00,10.645018447644588,10.870548495856005,10.608933674343916,10.82544231414795,1739000,0.0,0.0
2025-04-29 00:00:00-04:00,11.096078981192242,11.429863362454952,10.554806500030125,11.204333305358887,2628900,0.0,0.0
2025-04-30 00:00:00-04:00,11.114120019583412,11.114120019583412,10.663059942680464,10.708166122436523,3387700,0.0,0.0
2025-05-01 00:00:00-04:00,10.753272894213978,10.843485258692738,10.572849025585327,10.617955207824707,1134500,0.0,0.0
2025-05-02 00:00:00-04:00,10.690124166731392,10.789357073931665,10.635996578958357,10.708166122436523,1079200,0.0,0.0
2025-05-05 00:00:00-04:00,10.617954274900674,10.78033531223476,10.56382668890345,10.69914436340332,1066400,0.0,0.0
2025-05-06 00:00:00-04:00,10.608932869322308,10.717187181009825,10.437529563903809,10.437529563903809,2413500,0.0,0.0
2025-05-07 00:00:00-04:00,10.635996595937495,10.635996595937495,10.464594144985433,10.473614692687988,1000100,0.0,0.0
2025-05-08 00:00:00-04:00,10.554805281182448,10.744250541679541,10.554805281182448,10.69914436340332,806700,0.0,0.0
2025-05-09 00:00:00-04:00,10.753272538925456,10.753272538925456,10.59089063236034,10.608933448791504,683400,0.0,0.0
2025-05-12 00:00:00-04:00,10.843484427369612,10.942717332425394,10.69012393571053,10.807398796081543,1402800,0.0,0.0
2025-05-13 00:00:00-04:00,10.87054885163477,10.906633626116449,10.78935789396877,10.861527442932129,821700,0.0,0.0
2025-05-14 00:00:00-04:00,10.870548391845695,10.87956980016676,10.71718789170299,10.77131462097168,877300,0.0,0.0
2025-05-15 00:00:00-04:00,10.753272522652443,10.897611612567966,10.753272522652443,10.870548248291016,652900,0.0,0.0
2025-05-16 00:00:00-04:00,10.888589745822093,10.960759287740625,10.780335432944293,10.807398796081543,1231000,0.0,0.0
2025-05-19 00:00:00-04:00,10.599912500985557,10.74425159738891,10.518721544176453,10.72620964050293,824900,0.0,0.0
2025-05-20 00:00:00-04:00,10.690124516861223,10.780336018999186,10.67208170023632,10.717187881469727,552000,0.0,0.0
2025-05-21 00:00:00-04:00,10.645018381100746,10.681103154175846,10.19395828749757,10.22102165222168,1102900,0.0,0.0
2025-05-22 00:00:00-04:00,10.157873504377658,10.275149231837977,9.98647018719379,10.166894912719727,1252500,0.0,0.0
2025-05-23 00:00:00-04:00,10.022554505457792,10.166894451394858,9.733876334241288,9.788003921508789,4177700,0.0,0.0
2025-05-27 00:00:00-04:00,9.85115218610871,9.950385093688965,9.571494558813336,9.950385093688965,5254800,0.0,0.0
2025-05-28 00:00:00-04:00,9.923321012789948,10.049618135398358,9.878214836120605,9.878214836120605,1217300,0.0,0.0
2025-05-29 00:00:00-04:00,9.923322783168162,10.04059851929962,9.91430137415907,10.031577110290527,897100,0.0,0.0
2025-05-30 00:00:00-04:00,9.81506729990529,9.923321614276118,9.47226154089993,9.553452491760254,3471700,0.0,0.0
2025-06-02 00:00:00-04:00,9.472261441251518,9.481282849103053,9.22868859123294,9.237709999084473,3293000,0.0,0.0
2025-06-03 00:00:00-04:00,9.237710329144852,9.589537504966092,9.174562192585464,9.481283187866211,2177100,0.0,0.0
2025-06-04 00:00:00-04:00,9.481283198919542,9.57149469977686,9.42715561014208,9.535409927368164,917100,0.0,0.0
2025-06-05 00:00:00-04:00,9.51736842272508,9.66170751920568,9.48128364860493,9.598559379577637,1209600,0.0,0.0
2025-06-06 00:00:00-04:00,9.69779194422526,9.742898125333939,9.499325263544387,9.61660099029541,1160800,0.0,0.0
2025-06-09 00:00:00-04:00,9.67974864165395,9.86017335702998,9.652685278479066,9.73387622833252,1355600,0.0,0.0
2025-06-10 00:00:00-04:00,9.824089413620303,9.923322327173643,9.751919865521714,9.914300918579102,1133300,0.0,0.0
2025-06-11 00:00:00-04:00,9.959406383299351,9.995491154747475,9.806045889562617,9.842130661010742,845000,0.0,0.0
2025-06-12 00:00:00-04:00,9.815067657778691,9.950385340593925,9.75191952050876,9.905279159545898,915000,0.0,0.0
2025-06-13 00:00:00-04:00,9.851152304296262,9.905279032597115,9.715834623215297,9.742897987365723,933400,0.0,0.0
2025-06-16 00:00:00-04:00,9.860173110297385,9.92332124290155,9.769960754866768,9.778982162475586,929400,0.0,0.0
2025-06-17 00:00:00-04:00,9.74289776964814,9.77898254115196,9.580515867716546,9.607579231262207,1378100,0.0,0.0
2025-06-18 00:00:00-04:00,9.580515978427032,9.806046018014284,9.490304478789426,9.688770294189453,1685100,0.0,0.0
2025-06-20 00:00:00-04:00,9.589537398704833,9.67072835071228,9.364007358830294,9.427155494689941,5757800,0.0,0.0
2025-06-23 00:00:00-04:00,9.38204955538319,9.490304734390055,9.183583734637919,9.354986190795898,2465100,0.0,0.0
2025-06-24 00:00:00-04:00,9.454218613153595,9.526389015542442,9.364007115742943,9.472261428833008,1899000,0.0,0.0
2025-06-25 00:00:00-04:00,9.47226202214792,9.508346795438186,9.391071067162606,9.409113883972168,1411300,0.0,0.0
2025-06-26 00:00:00-04:00,9.409114108636658,9.661707527699777,9.409114108636658,9.65268611907959,1201300,0.0,0.0
2025-06-27 00:00:00-04:00,9.688771140402858,9.751920142026298,9.508347265040673,9.580516815185547,3427100,0.0,0.0
2025-06-30 00:00:00-04:00,9.652685620861707,9.742897981749572,9.54443130399357,9.715834617614746,2117300,0.0,0.0
2025-07-01 00:00:00-04:00,9.71583378898317,9.92332099686899,9.652684797615901,9.824088096618652,2414400,0.0,0.0
2025-07-02 00:00:00-04:00,9.824089510110115,9.968428607724956,9.715835186898984,9.941365242004395,3553600,0.0,0.0
2025-07-03 00:00:00-04:00,9.894603205115745,9.98812533197192,9.782377188024197,9.875899314880371,2455300,0.39,0.0
2025-07-07 00:00:00-04:00,9.782376821230685,9.847841772439516,9.56727629428399,9.576628684997559,3566000,0.0,0.0
2025-07-08 00:00:00-04:00,9.604686252093828,9.810433504894446,9.585981469897533,9.716912269592285,2344500,0.0,0.0
2025-07-09 00:00:00-04:00,9.7262642325993,9.866547430081678,9.707560341404205,9.82913875579834,1594100,0.0,0.0
2025-07-10 00:00:00-04:00,9.716912792649946,9.81043403298632,9.6607993349336,9.735616683959961,2283200,0.0,0.0
2025-07-11 00:00:00-04:00,9.623390859201994,9.698208209773787,9.5485735086302,9.614038467407227,1749400,0.0,0.0
2025-07-14 00:00:00-04:00,9.59533395342175,9.632742626281571,9.445699261982467,9.46440315246582,2354300,0.0,0.0
2025-07-15 00:00:00-04:00,9.511164570477028,9.539220853192745,9.361529873469008,9.380233764648438,2745100,0.0,0.0
2025-07-16 00:00:00-04:00,9.398937833191976,9.492459065765715,9.333471989307974,9.483107566833496,2759200,0.0,0.0
2025-07-17 00:00:00-04:00,9.436347361216395,9.548573385628425,9.34282522825979,9.352177619934082,2560200,0.0,0.0
2025-07-18 00:00:00-04:00,9.417641808445621,9.436346590266025,9.127724825374079,9.230598449707031,3857900,0.0,0.0
2025-07-21 00:00:00-04:00,9.314768636026008,9.352177309588637,9.17448633313943,9.277359962463379,1960900,0.0,0.0
2025-07-22 00:00:00-04:00,9.314768253477693,9.5298678946556,9.268007190471554,9.520516395568848,1997500,0.0,0.0
2025-07-23 00:00:00-04:00,9.58598133544057,9.763672304347482,9.58598133544057,9.74496841430664,1613900,0.0,0.0
2025-07-24 00:00:00-04:00,9.688855326550474,9.82913852067716,9.642095153734704,9.726263999938965,1365600,0.0,0.0
2025-07-25 00:00:00-04:00,9.716911997787918,9.782376949857536,9.65144615382522,9.773024559020996,1021000,0.0,0.0
2025-07-28 00:00:00-04:00,9.754321155732866,9.838490893673487,9.660799026489258,9.660799026489258,1791600,0.0,0.0
2025-07-29 00:00:00-04:00,9.585981701362517,9.595334092686489,9.305416204895232,9.436347007751465,2726800,0.0,0.0
2025-07-30 00:00:00-04:00,9.445699971401833,9.511164930849988,9.258655701161654,9.296064376831055,3269900,0.0,0.0
2025-07-31 00:00:00-04:00,9.268007612087576,9.296063894410345,9.09966813436469,9.118372917175293,3323100,0.0,0.0
2025-08-01 00:00:00-04:00,9.183837735054905,9.22124640822016,9.043555433658476,9.146429061889648,2463900,0.0,0.0
2025-08-04 00:00:00-04:00,9.211894735315125,9.380233315441055,9.16513367176616,9.33347225189209,2095600,0.0,0.0
2025-08-05 00:00:00-04:00,9.333472698860145,9.398938547721015,9.258655350356134,9.380233764648438,1933700,0.0,0.0
2025-08-06 00:00:00-04:00,9.370881915755016,9.380233415049629,9.165133769090593,9.17448616027832,2210800,0.0,0.0
2025-08-07 00:00:00-04:00,9.23995128890075,9.314768636026008,9.21189500670206,9.277359962463379,1234700,0.0,0.0
2025-08-08 00:00:00-04:00,9.268007553303304,9.361529682976865,9.211894989013672,9.211894989013672,1640200,0.0,0.0
2025-08-11 00:00:00-04:00,9.230599234273113,9.258655517495306,9.10902081778605,9.127725601196289,1494300,0.0,0.0
2025-08-12 00:00:00-04:00,9.099668111349072,9.398938392309834,9.099668111349072,9.342824935913086,2353100,0.0,0.0
2025-08-13 00:00:00-04:00,9.389585330191565,9.595333466424691,9.370881440657499,9.576628684997559,2220400,0.0,0.0
2025-08-14 00:00:00-04:00,9.492459866055043,9.529868540617,9.417642516931128,9.445699691772461,1360600,0.0,0.0
2025-08-15 00:00:00-04:00,9.473755681154229,9.520516745880963,9.426994616427493,9.436347007751465,987300,0.0,0.0
2025-08-18 00:00:00-04:00,9.40829070763279,9.46440327168278,9.352177251689678,9.370882034301758,1338800,0.0,0.0
2025-08-19 00:00:00-04:00,9.389586310207847,9.520517118184177,9.380233918518146,9.417642593383789,903500,0.0,0.0
2025-08-20 00:00:00-04:00,9.426994770993382,9.492459727548304,9.370882205915775,9.473755836486816,1185200,0.0,0.0
2025-08-21 00:00:00-04:00,9.043556279143642,9.09966884819095,8.875216788215315,8.950034141540527,6706300,0.0,0.0
2025-08-22 00:00:00-04:00,8.97809063067739,9.352177368666807,8.97809063067739,9.183837890625,3675200,0.0,0.0
2025-08-25 00:00:00-04:00,9.17448616027832,9.249303505993907,9.14642898671514,9.17448616027832,2582700,0.0,0.0
2025-08-26 00:00:00-04:00,9.1557808151817,9.258654436244663,9.1557808151817,9.221245765686035,1609500,0.0,0.0
2025-08-27 00:00:00-04:00,9.211895064894058,9.305416303444845,9.183837890625,9.183837890625,1207700,0.0,0.0
2025-08-28 00:00:00-04:00,9.221246351314269,9.249303524934906,9.137077506131705,9.239951133728027,1049000,0.0,0.0
2025-08-29 00:00:00-04:00,9.258655486977478,9.361530011608375,9.221246812173467,9.352177619934082,1069600,0.0,0.0
2025-09-02 00:00:00-04:00,9.249302864074707,9.314767814059175,9.15578074247428,9.249302864074707,1639400,0.0,0.0
2025-09-03 00:00:00-04:00,9.183837641585265,9.408290570185523,9.183837641585265,9.398938179016113,1059800,0.0,0.0
2025-09-04 00:00:00-04:00,9.473755677539932,9.744968782579774,9.408290722083354,9.726263999938965,3057900,0.0,0.0
2025-09-05 00:00:00-04:00,9.819785971910608,9.894603317488002,9.595333935178427,9.688855171203613,2077300,0.0,0.0
2025-09-08 00:00:00-04:00,9.68885581797902,9.754321668649219,9.576629792121329,9.614038467407227,1702700,0.0,0.0
2025-09-09 00:00:00-04:00,9.585981369018555,9.679503495229632,9.5672765870191,9.585981369018555,1254100,0.0,0.0
2025-09-10 00:00:00-04:00,9.595334110831494,9.642095175646656,9.436347025595822,9.501811981201172,1455300,0.0,0.0
2025-09-11 00:00:00-04:00,9.520516588539095,9.567276760599917,9.398938179016113,9.398938179016113,1259100,0.0,0.0
2025-09-12 00:00:00-04:00,9.380233396677296,9.436346851800637,9.324120833447065,9.398938179016113,1226300,0.0,0.0
2025-09-15 00:00:00-04:00,9.436347300158683,9.47375597472064,9.333472776193434,9.445699691772461,1258400,0.0,0.0
2025-09-16 00:00:00-04:00,9.473755442538987,9.4831078336274,9.314768361608367,9.33347225189209,1617600,0.0,0.0
2025-09-17 00:00:00-04:00,9.333472698860145,9.529868461656458,9.314768807680716,9.380233764648438,1267300,0.0,0.0
2025-09-18 00:00:00-04:00,9.408291062367567,9.417642562133077,9.2399515800842,9.286712646484375,1351900,0.0,0.0
2025-09-19 00:00:00-04:00,9.314768047164513,9.361529109134938,9.202542033571335,9.258654594421387,3459400,0.0,0.0
2025-09-22 00:00:00-04:00,9.258655062641903,9.258655062641903,9.06225930594862,9.080964088439941,2289900,0.0,0.0
2025-09-23 00:00:00-04:00,9.1277250962328,9.25865500528852,9.118372705045074,9.17448616027832,2244000,0.0,0.0
2025-09-24 00:00:00-04:00,9.165133340613266,9.221245901330093,9.099667497252872,9.19318962097168,1470400,0.0,0.0
2025-09-25 00:00:00-04:00,9.17448616027832,9.202542441948387,9.109020313857346,9.17448616027832,1382100,0.0,0.0
2025-09-26 00:00:00-04:00,9.165133632691612,9.24930336834228,9.127724960390548,9.202542304992676,1033300,0.0,0.0
2025-09-29 00:00:00-04:00,9.221246842567993,9.221246842567993,9.080964534563856,9.127725601196289,2491000,0.0,0.0
2025-09-30 00:00:00-04:00,9.127724825374079,9.249303231527433,9.024850309148038,9.230598449707031,2440200,0.0,0.0
2025-10-01 00:00:00-04:00,9.239950981992854,9.557925142660157,9.239950981992854,9.492459297180176,3076600,0.0,0.0
2025-10-02 00:00:00-04:00,9.492459277179414,9.539220340454273,9.314768307006666,9.426994323730469,3070700,0.0,0.0
2025-10-03 00:00:00-04:00,9.426994153934027,9.533459773552242,9.40763735592968,9.494745254516602,2462700,0.34,0.0
2025-10-06 00:00:00-04:00,9.43667340820302,9.465709067934553,9.291494186518383,9.349565505981445,1740100,0.0,0.0
2025-10-07 00:00:00-04:00,9.339886665344238,9.407637768900914,9.310851005549653,9.339886665344238,1673200,0.0,0.0
2025-10-08 00:00:00-04:00,9.359244533488255,9.620567321777344,9.359244533488255,9.620567321777344,1456700,0.0,0.0
2025-10-09 00:00:00-04:00,9.610888943928117,9.659281401118635,9.426994283707112,9.446352005004883,1491000,0.0,0.0
2025-10-10 00:00:00-04:00,9.494745558065775,9.591531397235666,9.359244275595561,9.37860107421875,1394600,0.0,0.0
2025-10-13 00:00:00-04:00,9.378600833469266,9.494745314334851,9.33988631418972,9.46570873260498,1253400,0.0,0.0
2025-10-14 00:00:00-04:00,9.407637178108448,9.591530909295075,9.378600597110356,9.552816390991211,1860700,0.0,0.0
2025-10-15 00:00:00-04:00,9.58185225015786,9.59153111069379,9.485066413879395,9.485066413879395,1262100,0.0,0.0
2025-10-16 00:00:00-04:00,9.523780744900781,9.533459605245554,9.194706877393953,9.214064598083496,1979900,0.0,0.0
2025-10-17 00:00:00-04:00,9.204386394795224,9.330208819178331,9.185028672723828,9.310851097106934,1095400,0.0,0.0
2025-10-20 00:00:00-04:00,9.397958755493164,9.417315554033193,9.262457473605094,9.397958755493164,1013800,0.0,0.0
2025-10-21 00:00:00-04:00,9.43667352149004,9.43667352149004,9.27213657599113,9.310851097106934,1310500,0.0,0.0
2025-10-22 00:00:00-04:00,9.359244035342966,9.475387593181605,9.359244035342966,9.46570873260498,1186600,0.0,0.0
2025-10-23 00:00:00-04:00,9.45603084564209,9.514102163358599,9.388279744270227,9.45603084564209,992000,0.0,0.0
2025-10-24 00:00:00-04:00,9.504423141479492,9.591531039603348,9.485066343578046,9.504423141479492,1015300,0.0,0.0
2025-10-27 00:00:00-04:00,9.465708622649661,9.543137660309323,9.388279584989998,9.504423141479492,1463500,0.0,0.0
2025-10-28 00:00:00-04:00,9.378600724525807,9.5721742417019,9.243100370134865,9.504423141479492,2406900,0.0,0.0
2025-10-29 00:00:00-04:00,9.388280098287634,9.630246084960135,9.28181539644145,9.330208778381348,2836100,0.0,0.0
2025-10-30 00:00:00-04:00,9.301171835687372,9.368922936993815,9.001134540712236,9.117278099060059,3191300,0.0,0.0
2025-10-31 00:00:00-04:00,9.165671615222891,9.417315533866176,9.059205992886342,9.407637596130371,1958000,0.0,0.0
2025-11-03 00:00:00-05:00,9.426994619234154,9.426994619234154,9.223743153508176,9.330208778381348,2009000,0.0,0.0
2025-11-04 00:00:00-05:00,9.281815175295245,9.45603097691726,9.272136314532474,9.407637596130371,1379900,0.0,0.0
2025-11-05 00:00:00-05:00,9.378601145388732,9.446352248651458,9.339886624821593,9.359244346618652,1410700,0.0,0.0
2025-11-06 00:00:00-05:00,9.368922600401445,9.368922600401445,9.214064528167855,9.233421325683594,1039900,0.0,0.0
2025-11-07 00:00:00-05:00,9.243100764928021,9.397958846861675,9.223743043172826,9.36892318725586,1296600,0.0,0.0
2025-11-10 00:00:00-05:00,9.388280098287634,9.397958959281011,9.310851056394593,9.330208778381348,996600,0.0,0.0
2025-11-11 00:00:00-05:00,9.397958664687492,9.4753877041534,9.368923005644517,9.426994323730469,1772500,0.0,0.0
2025-11-12 00:00:00-05:00,9.485066636178606,9.494745496941379,9.388279874604828,9.407637596130371,1071800,0.0,0.0
2025-11-13 00:00:00-05:00,9.378601165712977,9.43667340820302,9.31085098533041,9.349565505981445,1207200,0.0,0.0
2025-11-14 00:00:00-05:00,9.349565465500664,9.388279985984077,9.281815285411435,9.36892318725586,1167600,0.0,0.0
2025-11-17 00:00:00-05:00,9.41731591341736,9.465709296154674,9.252779888953699,9.272136688232422,1164900,0.0,0.0
2025-11-18 00:00:00-05:00,9.252779046226252,9.29149356428465,9.126956631779729,9.233421325683594,1157900,0.0,0.0
2025-11-19 00:00:00-05:00,9.291493634787818,9.301171572105662,9.18502801704918,9.214064598083496,981000,0.0,0.0
2025-11-20 00:00:00-05:00,9.233421565952176,9.32052946460699,9.136634806774174,9.146313667297363,1199200,0.0,0.0
2025-11-21 00:00:00-05:00,9.165671615222891,9.407637596130371,9.09792051291046,9.407637596130371,1397000,0.0,0.0
2025-11-24 00:00:00-05:00,9.397958755493164,9.417315554033193,9.330208576062613,9.397958755493164,1176900,0.0,0.0
2025-11-25 00:00:00-05:00,9.426994437612779,9.746389460024824,9.426994437612779,9.727032661437988,2631200,0.0,0.0
2025-11-26 00:00:00-05:00,9.69799656502647,9.998033852304223,9.69799656502647,9.881890296936035,2314600,0.0,0.0
2025-11-28 00:00:00-05:00,9.872211637174896,9.930283877552519,9.785103738121935,9.814140319824219,485400,0.0,0.0
2025-12-01 00:00:00-05:00,9.736711122446112,9.901247134272609,9.717353401627152,9.862532615661621,1556700,0.0,0.0
2025-12-02 00:00:00-05:00,9.872211901924782,9.872211901924782,9.707674959973788,9.717353820800781,1603900,0.0,0.0
2025-12-03 00:00:00-05:00,9.765746761088575,9.872211456298828,9.717353382165031,9.872211456298828,995700,0.0,0.0
2025-12-04 00:00:00-05:00,9.833496937765378,9.891569177079017,9.804461279622025,9.872211456298828,1060200,0.0,0.0
2025-12-05 00:00:00-05:00,9.872211416870364,10.007712692709726,9.843175758842976,9.891569137573242,1310900,0.0,0.0
2025-12-08 00:00:00-05:00,9.910926105391598,9.910926105391598,9.785103687743662,9.82381820678711,1101700,0.0,0.0
2025-12-09 00:00:00-05:00,9.814140562646177,9.891569603047463,9.707674939824182,9.727032661437988,1241500,0.0,0.0
2025-12-10 00:00:00-05:00,9.746389238691341,9.891569378417044,9.746389238691341,9.804461479187012,1135800,0.0,0.0
2025-12-11 00:00:00-05:00,9.833497494832773,9.8818908764978,9.639924891199644,9.67863941192627,1346200,0.0,0.0
2025-12-12 00:00:00-05:00,9.697997339049643,9.81414090368756,9.591531712527967,9.610889434814453,1201700,0.0,0.0
2025-12-15 00:00:00-05:00,9.639924870999854,9.717353912290859,9.523781309063347,9.688318252563477,1286100,0.0,0.0
2025-12-16 00:00:00-05:00,9.70767435345224,9.717353213674514,9.572174002448094,9.591530799865723,1192300,0.0,0.0
2025-12-17 00:00:00-05:00,10.491645055668474,10.87879025501799,10.385179433577134,10.752967834472656,22943100,0.0,0.0
2025-12-18 00:00:00-05:00,10.714253684452556,11.023970777652266,10.714253684452556,10.956219673156738,11259600,0.0,0.0
2025-12-19 00:00:00-05:00,10.94654149202675,11.130435233226448,10.878790389035725,11.043327331542969,8290300,0.0,0.0
2025-12-22 00:00:00-05:00,10.92718366032855,11.120756260439713,10.92718366032855,11.08204174041748,5033500,0.0,0.0
2025-12-23 00:00:00-05:00,11.02397060546644,11.072363064029826,10.646503336693941,10.68521785736084,3428400,0.0,0.0
2025-12-24 00:00:00-05:00,10.704575447486418,10.7626467662587,10.627145484078426,10.733611106872559,1529500,0.0,0.0
2025-12-26 00:00:00-05:00,10.743289603368178,10.84007543904893,10.423894591870518,10.52068042755127,2321900,0.0,0.0
2025-12-29 00:00:00-05:00,10.598109275411437,10.617466996016901,10.191606372965898,10.249678611755371,2560200,0.0,0.0
2025-12-30 00:00:00-05:00,10.269035499402328,10.298072080565202,10.152891943831627,10.220643043518066,1696800,0.0,0.0
2025-12-31 00:00:00-05:00,10.191606611931222,10.298072231703763,10.133535294807059,10.16257095336914,1697800,0.0,0.0
2026-01-02 00:00:00-05:00,10.239999771118164,10.365822186214556,10.104498495700453,10.239999771118164,2380000,0.0,0.0
2026-01-05 00:00:00-05:00,10.15999984741211,10.430000305175781,9.979999542236328,10.390000343322754,3687500,0.34,0.0
2026-01-06 00:00:00-05:00,10.350000381469727,10.489999771118164,10.050000190734863,10.40999984741211,3151000,0.0,0.0
2026-01-07 00:00:00-05:00,10.4399995803833,11.170000076293945,10.4399995803833,10.710000038146973,5002900,0.0,0.0
2026-01-08 00:00:00-05:00,10.630000114440918,11.09000015258789,10.579999923706055,10.9399995803833,2994700,0.0,0.0
2026-01-09 00:00:00-05:00,11.359999656677246,12.529999732971191,11.270000457763672,12.229999542236328,11596700,0.0,0.0
2026-01-12 00:00:00-05:00,12.039999961853027,12.470000267028809,11.930000305175781,12.279999732971191,3831800,0.0,0.0
2026-01-13 00:00:00-05:00,12.319999694824219,12.5600004196167,12.119999885559082,12.390000343322754,3022500,0.0,0.0
2026-01-14 00:00:00-05:00,12.359999656677246,12.84000015258789,12.170000076293945,12.619999885559082,3110500,0.0,0.0
2026-01-15 00:00:00-05:00,12.619999885559082,13.399999618530273,12.569999694824219,13.350000381469727,4850300,0.0,0.0
2026-01-16 00:00:00-05:00,13.199999809265137,14.170000076293945,13.199999809265137,14.100000381469727,5623300,0.0,0.0
2026-01-20 00:00:00-05:00,13.779999732971191,13.800000190734863,13.220000267028809,13.3100004196167,4186600,0.0,0.0
2026-01-21 00:00:00-05:00,13.359999656677246,13.529999732971191,13.100000381469727,13.4399995803833,2150200,0.0,0.0
2026-01-22 00:00:00-05:00,13.390000343322754,13.8100004196167,13.359999656677246,13.40999984741211,2118400,0.0,0.0
2026-01-23 00:00:00-05:00,13.3100004196167,13.829999923706055,13.199999809265137,13.369999885559082,2215400,0.0,0.0
2026-01-26 00:00:00-05:00,13.359999656677246,13.4399995803833,13.119999885559082,13.369999885559082,1405400,0.0,0.0
2026-01-27 00:00:00-05:00,13.369999885559082,13.670000076293945,13.229999542236328,13.600000381469727,1705400,0.0,0.0
2026-01-28 00:00:00-05:00,13.600000381469727,13.829999923706055,13.479999542236328,13.710000038146973,2796700,0.0,0.0
2026-01-29 00:00:00-05:00,13.729999542236328,13.779999732971191,13.220000267028809,13.289999961853027,2536600,0.0,0.0
2026-01-30 00:00:00-05:00,12.920000076293945,12.920000076293945,11.210000038146973,11.470000267028809,5014200,0.0,0.0
2026-02-02 00:00:00-05:00,11.470000267028809,12.510000228881836,11.15999984741211,11.850000381469727,4006400,0.0,0.0
2026-02-03 00:00:00-05:00,12.050000190734863,12.680000305175781,11.649999618530273,11.8100004196167,4724000,0.0,0.0
2026-02-04 00:00:00-05:00,11.569999694824219,12.0,11.3100004196167,11.90999984741211,3367600,0.0,0.0
2026-02-05 00:00:00-05:00,11.920000076293945,12.029999732971191,11.489999771118164,11.9399995803833,2620800,0.0,0.0
2026-02-06 00:00:00-05:00,12.029999732971191,12.069999694824219,10.90999984741211,11.039999961853027,3383300,0.0,0.0
2026-02-09 00:00:00-05:00,11.039999961853027,11.09000015258789,10.5,10.770000457763672,2402800,0.0,0.0
2026-02-10 00:00:00-05:00,10.8100004196167,11.390000343322754,10.800000190734863,11.270000457763672,2420600,0.0,0.0
2026-02-11 00:00:00-05:00,11.25,11.270000457763672,10.640000343322754,10.84000015258789,2201200,0.0,0.0
2026-02-12 00:00:00-05:00,10.989999771118164,11.210000038146973,10.869999885559082,10.90999984741211,1680000,0.0,0.0
2026-02-13 00:00:00-05:00,11.029999732971191,11.789999961853027,10.960000038146973,11.399999618530273,2988300,0.0,0.0
2026-02-17 00:00:00-05:00,11.420000076293945,11.569999694824219,11.199999809265137,11.25,2159800,0.0,0.0
2026-02-18 00:00:00-05:00,11.279999732971191,11.489999771118164,11.100000381469727,11.1899995803833,1751700,0.0,0.0
2026-02-19 00:00:00-05:00,11.199999809265137,11.25,10.90999984741211,11.15999984741211,1904900,0.0,0.0
2026-02-20 00:00:00-05:00,11.140000343322754,11.199999809265137,10.729999542236328,10.779999732971191,2274000,0.0,0.0
2026-02-23 00:00:00-05:00,10.75,10.789999961853027,10.420000076293945,10.5600004196167,1480800,0.0,0.0
2026-02-24 00:00:00-05:00,10.520000457763672,10.710000038146973,10.3100004196167,10.680000305175781,1495100,0.0,0.0
2026-02-25 00:00:00-05:00,10.649999618530273,10.649999618530273,9.0,9.670000076293945,9973300,0.0,0.0
2026-02-26 00:00:00-05:00,9.649999618530273,10.59000015258789,9.59000015258789,10.569999694824219,4212300,0.0,0.0
2026-02-27 00:00:00-05:00,10.399999618530273,10.630000114440918,10.300000190734863,10.329999923706055,2708200,0.0,0.0
2026-03-02 00:00:00-05:00,10.050000190734863,10.470000267028809,9.800000190734863,10.210000038146973,2728700,0.0,0.0
2026-03-03 00:00:00-05:00,10.0,10.239999771118164,9.800000190734863,10.0600004196167,2287200,0.0,0.0
2026-03-04 00:00:00-05:00,10.100000381469727,10.199999809265137,9.890000343322754,9.90999984741211,1705800,0.0,0.0
2026-03-05 00:00:00-05:00,9.869999885559082,10.119999885559082,9.420000076293945,9.600000381469727,3704100,0.0,0.0
2026-03-06 00:00:00-05:00,9.5,9.779999732971191,9.130000114440918,9.260000228881836,3596900,0.0,0.0
2026-03-09 00:00:00-04:00,9.15999984741211,9.350000381469727,8.779999732971191,9.329999923706055,3393900,0.0,0.0
2026-03-10 00:00:00-04:00,9.640000343322754,10.140000343322754,9.5,9.680000305175781,4989700,0.0,0.0
2026-03-11 00:00:00-04:00,9.550000190734863,9.630000114440918,9.300000190734863,9.449999809265137,2009300,0.0,0.0
2026-03-12 00:00:00-04:00,9.3100004196167,9.420000076293945,9.050000190734863,9.210000038146973,2959000,0.0,0.0
2026-03-13 00:00:00-04:00,9.279999732971191,9.470000267028809,8.899999618530273,8.970000267028809,3806000,0.0,0.0
2026-03-16 00:00:00-04:00,9.130000114440918,9.289999961853027,8.899999618530273,8.90999984741211,3348100,0.0,0.0
2026-03-17 00:00:00-04:00,9.010000228881836,9.15999984741211,8.899999618530273,9.140000343322754,3169400,0.0,0.0
2026-03-18 00:00:00-04:00,9.130000114440918,9.899999618530273,9.079999923706055,9.529999732971191,5302100,0.0,0.0
2026-03-19 00:00:00-04:00,10.529999732971191,10.949999809265137,10.359999656677246,10.770000457763672,16577500,0.0,0.0
2026-03-20 00:00:00-04:00,10.720000267028809,10.890000343322754,10.649999618530273,10.710000038146973,9553000,0.0,0.0
2026-03-23 00:00:00-04:00,11.279999732971191,11.5,11.1899995803833,11.390000343322754,9716900,0.0,0.0
2026-03-24 00:00:00-04:00,11.260000228881836,11.454999923706055,11.199999809265137,11.359999656677246,2842747,0.0,0.0
