Date,Open,High,Low,Close,Volume,Dividends,Stock Splits
2022-01-03 00:00:00-05:00,7.11768732613363,7.304601375080159,7.110210593050847,7.274694442749023,131700,0.0,0.0
2022-01-04 00:00:00-05:00,7.297124686098799,7.506468222538371,7.297124686098799,7.4989914894104,208500,0.0,0.0
2022-01-05 00:00:00-05:00,7.536374869284865,7.6410469999490225,7.446656205724397,7.469085693359375,249000,0.0,0.0
2022-01-06 00:00:00-05:00,7.588712305213652,7.670954966960352,7.521423826994605,7.648524761199951,229500,0.0,0.0
2022-01-07 00:00:00-05:00,7.678431549808682,7.790579724301843,7.64104858730406,7.783102989196777,185500,0.0,0.0
2022-01-10 00:00:00-05:00,7.738244004607795,7.8055324814912685,7.693384306998108,7.783102989196777,128300,0.0,0.0
2022-01-11 00:00:00-05:00,7.820486306453357,8.022353172302246,7.790580077697197,8.022353172302246,140900,0.0,0.0
2022-01-12 00:00:00-05:00,8.07468883953059,8.112071800176048,8.029829144151904,8.067212104797363,139900,0.0,0.0
2022-01-13 00:00:00-05:00,8.095725053728952,8.12573698092697,7.983180505621579,7.998186111450195,187000,0.038,0.0
2022-01-14 00:00:00-05:00,7.990678440883514,8.170750617980957,7.990678440883514,8.170750617980957,118000,0.0,0.0
2022-01-18 00:00:00-05:00,8.178253058890547,8.245780035859541,8.06570857430248,8.170750617980957,188700,0.0,0.0
2022-01-19 00:00:00-05:00,8.230775788295066,8.245781388115454,8.073213054708253,8.1332368850708,196000,0.0,0.0
2022-01-20 00:00:00-05:00,8.080716167302702,8.260787657385647,8.035697937011719,8.035697937011719,193900,0.0,0.0
2022-01-21 00:00:00-05:00,7.983179403794567,7.990681847903006,7.743083303807354,7.795604705810547,182800,0.0,0.0
2022-01-24 00:00:00-05:00,7.6305383473134984,7.765592351331997,7.3754366577410675,7.750586032867432,313800,0.0,0.0
2022-01-25 00:00:00-05:00,7.683058144153274,8.013189956866588,7.600525548745228,7.960668563842773,153100,0.0,0.0
2022-01-26 00:00:00-05:00,8.065713197410405,8.14074337383519,7.908150399350989,7.938162326812744,224900,0.0,0.0
2022-01-27 00:00:00-05:00,8.058208465576172,8.140741786660332,7.930657619846699,8.058208465576172,123800,0.0,0.0
2022-01-28 00:00:00-05:00,8.05820825566751,8.05820825566751,7.908148651524292,8.028196334838867,150200,0.0,0.0
2022-01-31 00:00:00-05:00,8.028196500293888,8.125735423882341,7.968172657399554,8.103226661682129,118800,0.0,0.0
2022-02-01 00:00:00-05:00,8.03569806836561,8.365829138914094,8.03569806836561,8.328314781188965,193700,0.0,0.0
2022-02-02 00:00:00-05:00,8.328315320905167,8.425853515960071,8.208266935567297,8.395841598510742,428100,0.0,0.0
2022-02-03 00:00:00-05:00,8.313305255780378,8.358323469425066,8.26828775767592,8.320808410644531,94700,0.0,0.0
2022-02-04 00:00:00-05:00,8.388343723143542,8.508391458305226,8.358331789353121,8.36583423614502,230900,0.0,0.0
2022-02-07 00:00:00-05:00,8.36583098018406,8.478376224751512,8.313310295376981,8.403346061706543,228100,0.0,0.0
2022-02-08 00:00:00-05:00,8.373330178648757,8.403342086561679,8.223270639084149,8.25328254699707,204100,0.0,0.0
2022-02-09 00:00:00-05:00,8.275793392400871,8.41084736994096,8.275793392400871,8.328314781188965,130600,0.0,0.0
2022-02-10 00:00:00-05:00,8.328321600473505,8.41085425680378,8.215776288523752,8.238285064697266,133300,0.0,0.0
2022-02-11 00:00:00-05:00,8.30580713596435,8.418352380531804,8.283298373267126,8.403346061706543,146500,0.0,0.0
2022-02-14 00:00:00-05:00,8.386783602579683,8.386783602579683,8.213627020152394,8.273855209350586,193700,0.038,0.0
2022-02-15 00:00:00-05:00,8.213625028776974,8.243739116074975,8.115754065564351,8.198568344116211,210300,0.0,0.0
2022-02-16 00:00:00-05:00,8.236212332389902,8.394311507008686,8.198570252985569,8.243741035461426,125300,0.0,0.0
2022-02-17 00:00:00-05:00,8.213626941151974,8.281383832842401,8.168456158676117,8.243741035461426,84000,0.0,0.0
2022-02-18 00:00:00-05:00,8.213625426134515,8.251268216572212,8.130811861552788,8.1910400390625,125200,0.0,0.0
2022-02-22 00:00:00-05:00,8.319023467492837,8.379251633214167,8.025410621119077,8.153395652770996,315900,0.0,0.0
2022-02-23 00:00:00-05:00,8.191041549914045,8.273855129770878,8.183512846842522,8.243741035461426,103400,0.0,0.0
2022-02-24 00:00:00-05:00,8.29644016737798,8.29644016737798,7.8673134814255175,8.010355949401855,588800,0.0,0.0
2022-02-25 00:00:00-05:00,8.002829672767346,8.236213764759542,8.002829672767346,8.22115707397461,232900,0.0,0.0
2022-02-28 00:00:00-05:00,8.16092411434374,8.364193988215249,8.093167250394455,8.349137306213379,167700,0.0,0.0
2022-03-01 00:00:00-05:00,8.386780088182576,8.454536234155514,8.258795060273114,8.349137306213379,234800,0.0,0.0
2022-03-02 00:00:00-05:00,8.416897695541802,8.529825370772286,8.394311586114386,8.431954383850098,236000,0.0,0.0
2022-03-03 00:00:00-05:00,8.409370496273803,8.507241500698575,8.401841791784948,8.439484596252441,124800,0.0,0.0
2022-03-04 00:00:00-05:00,8.409370247554378,8.544884052438626,8.401841543288196,8.507241249084473,214700,0.0,0.0
2022-03-07 00:00:00-05:00,8.575001376601884,8.635229597429781,8.303973664899322,8.46960163116455,343300,0.0,0.0
2022-03-08 00:00:00-05:00,8.567469447260414,8.725568646966451,8.409370247554378,8.507241249084473,334700,0.0,0.0
2022-03-09 00:00:00-05:00,8.349142176541982,8.431955770801025,8.153400170500499,8.22115707397461,276400,0.0,0.0
2022-03-10 00:00:00-05:00,8.243740261329377,8.469596306429478,8.243740261329377,8.462067604064941,168600,0.0,0.0
2022-03-11 00:00:00-05:00,8.424426957739684,8.454541056897822,8.364198759423404,8.394312858581543,149300,0.0,0.0
2022-03-14 00:00:00-04:00,8.299077507257218,8.306636038954913,8.004301979259685,8.06476879119873,202900,0.044,0.0
2022-03-15 00:00:00-04:00,7.974066656697642,7.974066656697642,7.792666264480671,7.898482799530029,305500,0.0,0.0
2022-03-16 00:00:00-04:00,7.951394403323221,8.026977564531274,7.906043929941332,7.996744155883789,242400,0.0,0.0
2022-03-17 00:00:00-04:00,8.09499981627736,8.321750654767746,8.09499981627736,8.29151725769043,184600,0.0,0.0
2022-03-18 00:00:00-04:00,8.283964090168977,8.389781408842373,8.261289207889504,8.344430923461914,152600,0.0,0.0
2022-03-21 00:00:00-04:00,8.427569203982408,8.61652816120911,8.427569203982408,8.601411819458008,146000,0.0,0.0
2022-03-22 00:00:00-04:00,8.61652816120911,8.62408669249527,8.510711606487737,8.601411819458008,137600,0.0,0.0
2022-03-23 00:00:00-04:00,8.65431877644516,8.782810905421208,8.65431877644516,8.7147855758667,200300,0.0,0.0
2022-03-24 00:00:00-04:00,8.760135371803235,8.805485107521212,8.714784915264206,8.722343444824219,154300,0.0,0.0
2022-03-25 00:00:00-04:00,8.692112495199108,8.888629994174623,8.692112495199108,8.865954399108887,139100,0.0,0.0
2022-03-28 00:00:00-04:00,8.775250167248819,8.775250167248819,8.661875127066281,8.67699146270752,156000,0.0,0.0
2022-03-29 00:00:00-04:00,8.608970598063324,8.67699521912933,8.510711850984109,8.669437408447266,141800,0.0,0.0
2022-03-30 00:00:00-04:00,8.722342469431137,8.835717516868744,8.722342469431137,8.782809257507324,177300,0.0,0.0
2022-03-31 00:00:00-04:00,8.752578365190525,8.896187568534554,8.737462024261308,8.767695426940918,220700,0.0,0.0
2022-04-01 00:00:00-04:00,8.767693817227057,8.918860802871446,8.767693817227057,8.903743743896484,249600,0.0,0.0
2022-04-04 00:00:00-04:00,8.979331306562393,9.032239593189502,8.858397668088234,8.986889839172363,181100,0.0,0.0
2022-04-05 00:00:00-04:00,8.994445249350173,9.039795712079608,8.820603370666504,8.820603370666504,85400,0.0,0.0
2022-04-06 00:00:00-04:00,8.858398523297874,8.896190469174904,8.805489510741467,8.835722923278809,135000,0.0,0.0
2022-04-07 00:00:00-04:00,8.87351189803803,8.911303831261186,8.707228545170013,8.888628959655762,142800,0.0,0.0
2022-04-08 00:00:00-04:00,8.903743083926782,9.054910058366263,8.896185275820553,8.911301612854004,133300,0.0,0.0
2022-04-11 00:00:00-04:00,8.881068289437755,8.92641874254506,8.729901313781738,8.729901313781738,119900,0.0,0.0
2022-04-12 00:00:00-04:00,8.865952431993183,8.96421115967998,8.820602693566105,8.858394622802734,161400,0.0,0.0
2022-04-13 00:00:00-04:00,8.937298310710265,8.990406688618249,8.838669292924038,8.967645645141602,103800,0.044,0.0
2022-04-14 00:00:00-04:00,8.952469371796319,9.058684645325036,8.952469371796319,8.982816696166992,96800,0.0,0.0
2022-04-18 00:00:00-04:00,9.013166414133456,9.142142757844951,9.013166414133456,9.111795425415039,169300,0.0,0.0
2022-04-19 00:00:00-04:00,9.0662761331542,9.126970811859385,9.02834177807905,9.05868911743164,142500,0.0,0.0
2022-04-20 00:00:00-04:00,9.096622419640177,9.142143785169125,9.051101777648785,9.134556770324707,116300,0.0,0.0
2022-04-21 00:00:00-04:00,9.164899586269737,9.195246907143323,8.937294317949233,8.960055351257324,211800,0.0,0.0
2022-04-22 00:00:00-04:00,8.92212430986635,8.96764494619668,8.770387649536133,8.770387649536133,154400,0.0,0.0
2022-04-25 00:00:00-04:00,8.557953174849624,8.580714210098158,8.254479940241833,8.482085227966309,276700,0.0,0.0
2022-04-26 00:00:00-04:00,8.482087169022947,8.671758164941798,8.482087169022947,8.542781829833984,117900,0.0,0.0
2022-04-27 00:00:00-04:00,8.603476943329417,8.69451893933628,8.45932657366545,8.611063957214355,115300,0.0,0.0
2022-04-28 00:00:00-04:00,8.717278858983438,8.899362842674035,8.588302522984907,8.762800216674805,164000,0.0,0.0
2022-04-29 00:00:00-04:00,8.82349480992445,8.853842140305739,8.62623680067736,8.641410827636719,84700,0.0,0.0
2022-05-02 00:00:00-04:00,8.580715296003547,8.694517592499043,8.542780955992596,8.664170265197754,103000,0.0,0.0
2022-05-03 00:00:00-04:00,8.709696119675348,8.937301572753293,8.702109825951723,8.914541244506836,471500,0.0,0.0
2022-05-04 00:00:00-04:00,9.028338283872559,9.202835960267965,8.967643628657816,9.180075645446777,238700,0.0,0.0
2022-05-05 00:00:00-04:00,9.218014092538594,9.22560110930037,8.922127674206704,9.020756721496582,248000,0.0,0.0
2022-05-06 00:00:00-04:00,9.134555874236167,9.255945205688477,9.020753556883998,9.255945205688477,149200,0.0,0.0
2022-05-09 00:00:00-04:00,9.111795496665465,9.111795496665465,8.573129799169287,8.618650436401367,370500,0.0,0.0
2022-05-10 00:00:00-04:00,8.694519649545253,8.96764565987605,8.550369991643937,8.70969295501709,275700,0.0,0.0
2022-05-11 00:00:00-04:00,8.823496423207125,9.058688095780056,8.823496423207125,8.876604080200195,259000,0.0,0.0
2022-05-12 00:00:00-04:00,8.86901462418839,8.86901462418839,8.664170343927637,8.78555965423584,125100,0.0,0.0
2022-05-13 00:00:00-04:00,8.902847066951148,9.07039444097609,8.872383974064562,9.024700164794922,121100,0.044,0.0
2022-05-16 00:00:00-04:00,9.070393217608913,9.260787704045027,9.070393217608913,9.199861526489258,129700,0.0,0.0
2022-05-17 00:00:00-04:00,9.321710352900071,9.38263650739246,9.222705170275677,9.283631324768066,471300,0.0,0.0
2022-05-18 00:00:00-04:00,9.306482700360519,9.321713881600799,9.12370344139588,9.199861526489258,214600,0.0,0.0
2022-05-19 00:00:00-04:00,9.131320379575751,9.314098931947687,9.017083965917644,9.222709655761719,157800,0.0,0.0
2022-05-20 00:00:00-04:00,9.321712223235346,9.397870294779933,9.108470639726578,9.260786056518555,231100,0.0,0.0
2022-05-23 00:00:00-04:00,9.390253434977945,9.512105756636833,9.321711322470538,9.458795547485352,157800,0.0,0.0
2022-05-24 00:00:00-04:00,9.466410685726466,9.512104939273534,9.33694242351466,9.4892578125,162400,0.0,0.0
2022-05-25 00:00:00-04:00,9.51210760473549,9.687270895875304,9.49687642471744,9.649191856384277,195500,0.0,0.0
2022-05-26 00:00:00-04:00,9.710116477563616,9.778658592436315,9.672037444156878,9.717732429504395,256200,0.0,0.0
2022-05-27 00:00:00-04:00,9.748197172174216,9.908128558698927,9.694886225801127,9.89289665222168,121000,0.0,0.0
2022-05-31 00:00:00-04:00,9.976672659868715,10.098525030615017,9.847204334376412,9.877667427062988,238800,0.0,0.0
2022-06-01 00:00:00-04:00,9.946204050677428,10.052824452796415,9.816735796992646,9.953819274902344,117000,0.0,0.0
2022-06-02 00:00:00-04:00,9.946205955771111,10.022363296686542,9.877663840539215,9.915742874145508,76800,0.0,0.0
2022-06-03 00:00:00-04:00,9.930973378736219,10.022362617419107,9.91574220210429,10.01474666595459,92200,0.0,0.0
2022-06-06 00:00:00-04:00,10.022364112864725,10.151832401891168,9.976669849853753,10.098522186279297,122500,0.0,0.0
2022-06-07 00:00:00-04:00,10.113754377176665,10.326996713555832,10.068060109593478,10.319380760192871,150800,0.0,0.0
2022-06-08 00:00:00-04:00,10.34984410964422,10.448849326979937,10.288917933791055,10.3803071975708,109200,0.0,0.0
2022-06-09 00:00:00-04:00,10.387921971968275,10.403153151053985,10.296532718562348,10.3422269821167,101100,0.0,0.0
2022-06-10 00:00:00-04:00,10.273683861781677,10.273683861781677,9.976668998659575,10.14421558380127,182200,0.0,0.0
2022-06-13 00:00:00-04:00,9.824354057561315,9.839585963312798,9.42071799701117,9.580649375915527,196200,0.0,0.0
2022-06-14 00:00:00-04:00,9.68691864906657,9.847475339956947,9.335223075170358,9.419323921203613,144100,0.049,0.0
2022-06-15 00:00:00-04:00,9.36581191667674,9.472850029642542,9.044698306916823,9.258773803710938,314100,0.0,0.0
2022-06-16 00:00:00-04:00,9.037049560614614,9.059986760197338,8.700645320577731,8.708291053771973,166600,0.0,0.0
2022-06-17 00:00:00-04:00,8.670061087414128,8.77709841052877,8.234264605276904,8.264846801757812,197700,0.0,0.0
2022-06-21 00:00:00-04:00,8.425404587532059,8.677707922884412,8.379530922405644,8.662416458129883,159700,0.0,0.0
2022-06-22 00:00:00-04:00,8.433049574943299,8.524796175886747,8.371885174314333,8.379530906677246,177500,0.0,0.0
2022-06-23 00:00:00-04:00,8.356595304745891,8.402468245402988,8.043127536752497,8.058418273925781,244300,0.0,0.0
2022-06-24 00:00:00-04:00,8.08135387095955,8.318366469199757,8.08135387095955,8.173100471496582,236600,0.0,0.0
2022-06-27 00:00:00-04:00,8.303075464231888,8.51715160647421,8.142518722118751,8.48656940460205,116700,0.0,0.0
2022-06-28 00:00:00-04:00,8.67006146635519,8.792390257625431,8.608897070720069,8.692997932434082,91700,0.0,0.0
2022-06-29 00:00:00-04:00,8.792390931003121,8.792390931003121,8.486568929405705,8.501859664916992,101800,0.0,0.0
2022-06-30 00:00:00-04:00,8.341303797775462,8.471278344232413,8.310721594440722,8.387177467346191,93900,0.0,0.0
2022-07-01 00:00:00-04:00,8.410114035904538,8.440696239596882,8.22662081375047,8.425405502319336,88000,0.0,0.0
2022-07-05 00:00:00-04:00,8.28014015075307,8.371886769174422,7.882571470927212,8.073710441589355,147900,0.0,0.0
2022-07-06 00:00:00-04:00,8.012546764494685,8.035483970144867,7.668496700253824,7.851990699768066,262000,0.0,0.0
2022-07-07 00:00:00-04:00,7.959024623232594,8.15016354590057,7.959024623232594,8.11193561553955,155700,0.0,0.0
2022-07-08 00:00:00-04:00,8.211326837777776,8.211326837777776,8.027833671703162,8.165453910827637,128600,0.0,0.0
2022-07-11 00:00:00-04:00,8.104294295620724,8.119585037231445,7.989610452421752,8.119585037231445,74900,0.0,0.0
2022-07-12 00:00:00-04:00,7.951380126630869,7.997253796018287,7.844342779955624,7.943735122680664,148700,0.0,0.0
2022-07-13 00:00:00-04:00,7.851988265426252,8.043127211761218,7.8137603303318155,7.989607810974121,81700,0.0,0.0
2022-07-14 00:00:00-04:00,7.804482460021973,7.827526986921119,7.627806532841351,7.804482460021973,108100,0.049,0.0
2022-07-15 00:00:00-04:00,7.896660992270622,7.935069023986394,7.835208434554296,7.91202449798584,61600,0.0,0.0
2022-07-18 00:00:00-04:00,8.088696040737123,8.165512062596427,8.011880751449695,8.019561767578125,69100,0.0,0.0
2022-07-19 00:00:00-04:00,8.073339338247596,8.26537880452805,8.065657583778997,8.234652519226074,111400,0.0,0.0
2022-07-20 00:00:00-04:00,8.211603993891226,8.388280613624927,8.211603993891226,8.349872589111328,61400,0.0,0.0
2022-07-21 00:00:00-04:00,8.25001049041748,8.273055740400702,8.088697403394926,8.25001049041748,122000,0.0,0.0
2022-07-22 00:00:00-04:00,8.250014246837026,8.311466809629037,8.188561684045014,8.226969718933105,68700,0.0,0.0
2022-07-25 00:00:00-04:00,8.257693305622688,8.44205093383789,8.219285283268162,8.44205093383789,102300,0.0,0.0
2022-07-26 00:00:00-04:00,8.541911237636809,8.557274739137492,8.357553615061038,8.403642654418945,122000,0.0,0.0
2022-07-27 00:00:00-04:00,8.457416595920531,8.664818797492286,8.40364505786155,8.649456024169922,102700,0.0,0.0
2022-07-28 00:00:00-04:00,8.680179854039737,8.733950644353556,8.588001042399444,8.718587875366211,94700,0.0,0.0
2022-07-29 00:00:00-04:00,8.879905098728333,9.033536522739741,8.833815305238703,8.964402198791504,96800,0.0,0.0
2022-08-01 00:00:00-04:00,8.872222005915853,8.933674566249646,8.74931688524827,8.89526653289795,51400,0.0,0.0
2022-08-02 00:00:00-04:00,8.925993806100976,8.956720089686238,8.82613320130578,8.879904747009277,56800,0.0,0.0
2022-08-03 00:00:00-04:00,8.933676221794087,8.979765284299274,8.65713964904564,8.664820671081543,138000,0.0,0.0
2022-08-04 00:00:00-04:00,8.641773201370627,8.641773201370627,8.457415548892047,8.4727783203125,93900,0.0,0.0
2022-08-05 00:00:00-04:00,8.403642926010516,8.664816599386253,8.24232981790033,8.626408576965332,75100,0.0,0.0
2022-08-08 00:00:00-04:00,8.66481935577292,8.695545636969648,8.549595984428272,8.580322265625,154100,0.0,0.0
2022-08-09 00:00:00-04:00,8.664817652414756,8.73395195465983,8.603365102101844,8.6340913772583,65200,0.0,0.0
2022-08-10 00:00:00-04:00,8.695544337183522,8.749315870669422,8.526550182148465,8.703226089477539,93600,0.0,0.0
2022-08-11 00:00:00-04:00,8.787726267009388,8.987447501675447,8.787726267009388,8.949039459228516,92900,0.0,0.0
2022-08-12 00:00:00-04:00,8.940551830612531,8.971407889927566,8.840269453922046,8.94826602935791,121900,0.049,0.0
2022-08-15 00:00:00-04:00,8.74770347595838,8.778559543033483,8.639706873362186,8.763131141662598,131000,0.0,0.0
2022-08-16 00:00:00-04:00,8.755417952710106,8.871128023973519,8.747703751781428,8.817130088806152,118500,0.0,0.0
2022-08-17 00:00:00-04:00,8.770841831857405,8.917408643551427,8.75541417232804,8.863409996032715,101600,0.0,0.0
2022-08-18 00:00:00-04:00,8.917407290564984,9.056259147927578,8.917407290564984,9.033117294311523,99400,0.0,0.0
2022-08-19 00:00:00-04:00,9.017693595394888,9.0639780623855,8.95598146318517,9.002265930175781,99000,0.0,0.0
2022-08-22 00:00:00-04:00,8.9559803026045,8.994550564154022,8.824841854736055,8.932838439941406,98100,0.0,0.0
2022-08-23 00:00:00-04:00,9.017691106396745,9.256826104455069,9.017691106396745,9.179685592651367,143600,0.0,0.0
2022-08-24 00:00:00-04:00,9.156543879225973,9.249112053465014,9.14882968078944,9.195114135742188,109500,0.0,0.0
2022-08-25 00:00:00-04:00,9.241397051550848,9.295395700245308,9.179684940756943,9.25682544708252,134100,0.0,0.0
2022-08-26 00:00:00-04:00,9.241402658164636,9.310829008844253,9.156548638260013,9.171977043151855,112500,0.0,0.0
2022-08-29 00:00:00-04:00,9.202828555421698,9.349394650907128,9.19511435679971,9.28768253326416,169100,0.0,0.0
2022-08-30 00:00:00-04:00,9.171972569218307,9.218256289983742,8.948265957074762,8.963693618774414,155500,0.0,0.0
2022-08-31 00:00:00-04:00,8.847981687545966,9.00997614688783,8.840267490513895,8.917407989501953,140400,0.0,0.0
2022-09-01 00:00:00-04:00,8.809412727506421,8.840268784484854,8.67056010327026,8.693702697753906,103800,0.0,0.0
2022-09-02 00:00:00-04:00,8.86341109568796,8.986835329901227,8.847983434244535,8.878839492797852,93700,0.0,0.0
2022-09-06 00:00:00-04:00,9.002265592374233,9.002265592374233,8.801700802385328,8.84798526763916,101900,0.0,0.0
2022-09-07 00:00:00-04:00,8.71684653459151,8.77084446264033,8.647420206719257,8.747702598571777,119100,0.0,0.0
2022-09-08 00:00:00-04:00,8.763131141662598,8.786273743718926,8.709133208197834,8.763131141662598,91800,0.0,0.0
2022-09-09 00:00:00-04:00,8.917411058799805,9.025406911754766,8.863412396655754,9.009979248046875,50000,0.0,0.0
2022-09-12 00:00:00-04:00,9.117972369462834,9.195112871892455,9.048546064409445,9.094830513000488,69300,0.0,0.0
2022-09-13 00:00:00-04:00,9.025400922693516,9.09482720247568,8.917405141402226,8.940546989440918,161200,0.0,0.0
2022-09-14 00:00:00-04:00,9.040482126611264,9.303872467864121,9.040482126611264,9.195417404174805,76100,0.049,0.0
2022-09-15 00:00:00-04:00,9.117950352347814,9.117950352347814,8.97076128105817,8.994001388549805,121500,0.0,0.0
2022-09-16 00:00:00-04:00,8.963017352423646,8.963017352423646,8.769348000893041,8.87005615234375,92400,0.0,0.0
2022-09-19 00:00:00-04:00,8.691881387696409,8.877803802490234,8.637653462622373,8.877803802490234,81300,0.0,0.0
2022-09-20 00:00:00-04:00,8.839072227478027,8.862312351061163,8.753857948479725,8.839072227478027,60100,0.0,0.0
2022-09-21 00:00:00-04:00,8.970762543245295,8.970762543245295,8.72286605834961,8.72286605834961,70200,0.0,0.0
2022-09-22 00:00:00-04:00,8.82357419003593,8.846814300797451,8.699625208798288,8.72286605834961,59900,0.0,0.0
2022-09-23 00:00:00-04:00,8.560184613927131,8.560184613927131,8.056643907937376,8.095377922058105,420500,0.0,0.0
2022-09-26 00:00:00-04:00,8.056644866399838,8.16509997108232,7.901709530274833,7.924949645996094,206700,0.0,0.0
2022-09-27 00:00:00-04:00,8.033402209304038,8.227071502890317,7.986921992565578,8.017909049987793,154900,0.0,0.0
2022-09-28 00:00:00-04:00,8.134111570362768,8.412995129668007,8.072137446072714,8.374261856079102,94800,0.0,0.0
2022-09-29 00:00:00-04:00,8.37425758733266,8.37425758733266,8.165094470381469,8.358763694763184,165600,0.0,0.0
2022-09-30 00:00:00-04:00,8.38200978884542,8.436237712827793,8.281301631495282,8.351022720336914,87300,0.0,0.0
2022-10-03 00:00:00-04:00,8.575676449455317,8.800332810048419,8.575676449455317,8.76159954071045,101500,0.0,0.0
2022-10-04 00:00:00-04:00,8.955271107852433,9.079219374182857,8.908790138583552,9.063725471496582,64900,0.0,0.0
2022-10-05 00:00:00-04:00,9.08696541948819,9.241901488339526,8.970764106639617,9.187673568725586,105500,0.0,0.0
2022-10-06 00:00:00-04:00,9.21091446987168,9.311622619628906,9.141193386286682,9.311622619628906,234900,0.0,0.0
2022-10-07 00:00:00-04:00,9.334860196047096,9.412327471016319,9.179924907318915,9.249645233154297,156200,0.0,0.0
2022-10-10 00:00:00-04:00,9.311624146252994,9.327117312484217,9.07147378995355,9.102460861206055,111800,0.0,0.0
2022-10-11 00:00:00-04:00,8.986256325109315,9.218658907256621,8.947522315154833,9.017243385314941,139500,0.0,0.0
2022-10-12 00:00:00-04:00,9.024991200005793,9.125699348267263,8.924283790534243,9.07147216796875,99900,0.0,0.0
2022-10-13 00:00:00-04:00,8.992835543447423,9.405493583098739,8.969477737343345,9.374349594116211,117800,0.059,0.0
2022-10-14 00:00:00-04:00,9.288701591982052,9.32763101201574,9.086265340670087,9.125195503234863,128800,0.0,0.0
2022-10-17 00:00:00-04:00,9.22641163021038,9.358773708738902,9.19526765541137,9.21083927154541,113000,0.0,0.0
2022-10-18 00:00:00-04:00,9.312058172935357,9.374346127868893,9.109621948135873,9.179696083068848,138000,0.0,0.0
2022-10-19 00:00:00-04:00,9.187482457728668,9.428848102577316,9.187482457728668,9.397704124450684,130800,0.0,0.0
2022-10-20 00:00:00-04:00,9.491137465065137,9.57678397450127,9.436635680901139,9.545639991760254,356400,0.0,0.0
2022-10-21 00:00:00-04:00,9.568998173970302,9.794792243460654,9.545640371617823,9.72471809387207,110100,0.0,0.0
2022-10-24 00:00:00-04:00,9.763643645599828,9.857075553388965,9.724713498388322,9.755857467651367,88900,0.0,0.0
2022-10-25 00:00:00-04:00,9.732503284899183,9.872651569811675,9.662429142442937,9.779219627380371,100400,0.0,0.0
2022-10-26 00:00:00-04:00,9.740291316683386,9.997229392828213,9.740291316683386,9.981657028198242,102800,0.0,0.0
2022-10-27 00:00:00-04:00,10.08287574449491,10.160736087013213,9.966085973248711,9.9894437789917,95800,0.0,0.0
2022-10-28 00:00:00-04:00,10.075089223966891,10.160735746371953,9.973871821630196,10.114019393920898,102200,0.0,0.0
2022-10-31 00:00:00-04:00,10.036156033426677,10.269735480506231,9.973868081868002,10.098443984985352,114500,0.0,0.0
2022-11-01 00:00:00-04:00,10.15294726409383,10.2463792053011,10.082873122555611,10.121803283691406,169100,0.0,0.0
2022-11-02 00:00:00-04:00,10.12959152205812,10.223023482244312,9.927155237055768,9.981657028198242,138200,0.0,0.0
2022-11-03 00:00:00-04:00,9.919367039810123,10.129589464424779,9.70135917699316,10.121803283691406,136800,0.0,0.0
2022-11-04 00:00:00-04:00,10.277523202469135,10.363169705613812,10.199663622601596,10.308667182922363,108900,0.0,0.0
2022-11-07 00:00:00-05:00,10.285309080682822,10.433242797851562,10.277522900165772,10.433242797851562,134000,0.0,0.0
2022-11-08 00:00:00-05:00,10.433244347223226,10.542248663056306,10.347598576410117,10.425458908081055,109900,0.0,0.0
2022-11-09 00:00:00-05:00,10.355381431873207,10.355381431873207,9.973867562798683,10.020583152770996,89400,0.0,0.0
2022-11-10 00:00:00-05:00,10.137374140342262,10.4176699223563,10.067300009206013,10.098443984985352,119900,0.0,0.0
2022-11-11 00:00:00-05:00,10.16073392748362,10.332026199099225,10.16073392748362,10.215235710144043,127600,0.0,0.0
2022-11-14 00:00:00-05:00,10.19881185890071,10.30048722030386,10.097136497497559,10.097136497497559,95600,0.059,0.0
2022-11-15 00:00:00-05:00,10.12842090630948,10.230096265098595,10.089314884331307,10.175348281860352,104400,0.0,0.0
2022-11-16 00:00:00-05:00,10.151884472929188,10.20663320341064,10.026745796203613,10.026745796203613,99900,0.0,0.0
2022-11-17 00:00:00-05:00,9.925070156128802,10.042388221677946,9.878143526617405,9.964176177978516,147200,0.0,0.0
2022-11-18 00:00:00-05:00,9.893781812942478,9.9407091709088,9.776464536854247,9.917245864868164,96600,0.0,0.0
2022-11-21 00:00:00-05:00,9.76864495648352,9.862498943539308,9.604400292664593,9.79992961883545,131100,0.0,0.0
2022-11-22 00:00:00-05:00,9.940713556698494,10.11277961730957,9.831216837057742,10.11277961730957,97300,0.0,0.0
2022-11-23 00:00:00-05:00,10.042388645207605,10.097136630574962,9.987640659840249,10.050209999084473,71700,0.0,0.0
2022-11-25 00:00:00-05:00,10.081493377685547,10.144062708917234,10.034566006319148,10.081493377685547,23700,0.0,0.0
2022-11-28 00:00:00-05:00,9.95635638952912,10.026747090746664,9.862502369867542,9.925071716308594,76000,0.0,0.0
2022-11-29 00:00:00-05:00,9.995457038962954,10.159701671461912,9.971993733144544,10.128417015075684,88700,0.0,0.0
2022-11-30 00:00:00-05:00,10.253558778862889,10.386518795669856,10.1597047809789,10.284843444824219,139200,0.0,0.0
2022-12-01 00:00:00-05:00,10.378697288538314,10.441266615034872,10.245737283261823,10.26137924194336,63600,0.0,0.0
2022-12-02 00:00:00-05:00,10.245735035937821,10.386515616733327,10.089311008121637,10.128417015075684,115300,0.0,0.0
2022-12-05 00:00:00-05:00,10.214453339665571,10.339592001475244,9.839036608351293,9.870321273803711,77800,0.0,0.0
2022-12-06 00:00:00-05:00,9.81557406920876,10.026745391181747,9.57311733343278,9.620044708251953,96700,0.0,0.0
2022-12-07 00:00:00-05:00,9.620044279499199,9.768646259013837,9.510547573724796,9.534010887145996,87600,0.0,0.0
2022-12-08 00:00:00-05:00,9.65915132513035,9.7138993108903,9.408873220473373,9.440157890319824,75200,0.0,0.0
2022-12-09 00:00:00-05:00,9.408873616325348,9.534012300976014,9.24462890625,9.24462890625,93400,0.0,0.0
2022-12-12 00:00:00-05:00,9.244627117044423,9.45579916593622,9.236806510181404,9.43233585357666,116800,0.0,0.0
2022-12-13 00:00:00-05:00,9.651326122154835,9.713895436894488,9.573114105787734,9.674789428710938,123800,0.0,0.0
2022-12-14 00:00:00-05:00,9.706077707893336,9.75300508440151,9.596581739183172,9.659151077270508,73300,0.0,0.0
2022-12-15 00:00:00-05:00,9.619069879780564,9.626928777021327,9.454036785052999,9.587635040283203,51400,0.059,0.0
2022-12-16 00:00:00-05:00,9.430459710455331,9.532623113921137,9.430459710455331,9.501188278198242,65600,0.0,0.0
2022-12-19 00:00:00-05:00,9.532623113921137,9.63478651738694,9.461894546178225,9.501188278198242,93200,0.0,0.0
2022-12-20 00:00:00-05:00,9.50118952011261,9.61906998211539,9.485471725463867,9.485471725463867,151300,0.0,0.0
2022-12-21 00:00:00-05:00,9.611208889893664,9.634785576482606,9.509046245870358,9.556198120117188,268000,0.0,0.0
2022-12-22 00:00:00-05:00,9.556201377577846,9.556201377577846,9.265428889053858,9.383309364318848,174400,0.0,0.0
2022-12-23 00:00:00-05:00,9.477613096923037,9.70551586151123,9.477613096923037,9.70551586151123,64200,0.0,0.0
2022-12-27 00:00:00-05:00,9.752667140592797,9.839113502495417,9.705515260887383,9.76838493347168,122800,0.0,0.0
2022-12-28 00:00:00-05:00,9.784101550403092,9.784101550403092,9.579774748677776,9.626927375793457,100100,0.0,0.0
2022-12-29 00:00:00-05:00,9.58763465602141,9.721232905897143,9.58763465602141,9.70551586151123,125600,0.0,0.0
2022-12-30 00:00:00-05:00,9.697656228906459,9.854830408170418,9.634786557200874,9.84697151184082,204400,0.0,0.0
2023-01-03 00:00:00-05:00,9.831254288240597,9.831254288240597,9.49332924692491,9.579774856567383,88800,0.0,0.0
2023-01-04 00:00:00-05:00,9.430462173836206,9.579777495156996,9.35187468926792,9.41474437713623,185800,0.0,0.0
2023-01-05 00:00:00-05:00,9.383308308644132,9.532624359944398,9.367591263461089,9.485471725463867,109300,0.0,0.0
2023-01-06 00:00:00-05:00,9.603352734751502,9.776243975453577,9.603352734751502,9.689798355102539,83700,0.0,0.0
2023-01-09 00:00:00-05:00,9.80767802766029,9.823395820716936,9.674080534006913,9.721232414245605,84200,0.0,0.0
2023-01-10 00:00:00-05:00,9.768384004477412,9.846970713001209,9.689796546488068,9.823394775390625,72800,0.0,0.0
2023-01-11 00:00:00-05:00,9.846971578983636,9.94127608718504,9.784101906849367,9.925559043884277,96000,0.0,0.0
2023-01-12 00:00:00-05:00,10.035310745239258,10.082684691257445,9.94845938935313,10.035310745239258,106900,0.059,0.0
2023-01-13 00:00:00-05:00,10.027413239531958,10.066891395601544,9.987935083462371,10.011622428894043,86000,0.0,0.0
2023-01-17 00:00:00-05:00,10.058994264168225,10.145846346464948,10.058994264168225,10.122159004211426,88600,0.0,0.0
2023-01-18 00:00:00-05:00,10.201115202389724,10.295862311494457,10.019516011868337,10.043203353881836,135800,0.0,0.0
2023-01-19 00:00:00-05:00,10.043203912930847,10.177429179879894,9.987934198139213,10.153741836547852,99800,0.0,0.0
2023-01-20 00:00:00-05:00,10.17742676467631,10.264278077333733,10.114262036746739,10.248486518859863,61400,0.0,0.0
2023-01-23 00:00:00-05:00,10.303756556353619,10.374817065836117,10.256382632370963,10.264278411865234,65300,0.0,0.0
2023-01-24 00:00:00-05:00,10.35902820990964,10.422192956379936,10.209012125288483,10.287967681884766,62000,0.0,0.0
2023-01-25 00:00:00-05:00,10.28796546434899,10.303757024054333,10.161635998638284,10.29586124420166,49300,0.0,0.0
2023-01-26 00:00:00-05:00,10.390612198533818,10.532733276678591,10.327447442243537,10.524837493896484,81600,0.0,0.0
2023-01-27 00:00:00-05:00,10.556419141833208,10.588001517793732,10.406403044266526,10.43798542022705,93900,0.0,0.0
2023-01-30 00:00:00-05:00,10.390608992395874,10.469565289887525,10.28796610684995,10.303757667541504,64800,0.0,0.0
2023-01-31 00:00:00-05:00,10.303757616563397,10.461669457782369,10.256383687706178,10.430087089538574,88300,0.0,0.0
2023-02-01 00:00:00-05:00,10.430088756148495,10.461671129438793,10.153742425120992,10.311655044555664,92500,0.0,0.0
2023-02-02 00:00:00-05:00,10.28007207536935,10.327445256067172,10.058994722169077,10.153741836547852,86700,0.0,0.0
2023-02-03 00:00:00-05:00,10.161639213562012,10.343238442712492,10.130056837142352,10.161639213562012,65100,0.0,0.0
2023-02-06 00:00:00-05:00,10.169529946285978,10.232694667761187,9.980035781860352,9.980035781860352,77000,0.0,0.0
2023-02-07 00:00:00-05:00,10.027410297917903,10.264278411865234,10.027410297917903,10.264278411865234,103700,0.0,0.0
2023-02-08 00:00:00-05:00,10.256387445669835,10.32744798850088,10.153744523023141,10.201118469238281,86500,0.0,0.0
2023-02-09 00:00:00-05:00,10.232699048707252,10.287968015414755,9.987935083462371,10.011622428894043,76400,0.0,0.0
2023-02-10 00:00:00-05:00,10.05899571457725,10.422193398686758,10.05899571457725,10.406402587890625,84200,0.0,0.0
2023-02-13 00:00:00-05:00,10.406401698591583,10.643269111174046,10.351131983070287,10.548521995544434,112800,0.0,0.0
2023-02-14 00:00:00-05:00,10.508074684522352,10.611172866525493,10.404976502519212,10.428768157958984,106200,0.059,0.0
2023-02-15 00:00:00-05:00,10.34153292086868,10.42876950630885,10.270157188998002,10.39704704284668,67400,0.0,0.0
2023-02-16 00:00:00-05:00,10.365325221233341,10.484285033825179,10.333602755806831,10.35739517211914,64800,0.0,0.0
2023-02-17 00:00:00-05:00,10.254298513933989,10.29395103444341,10.048102079462268,10.063962936401367,105200,0.0,0.0
2023-02-21 00:00:00-05:00,10.032238087188665,10.071891354618192,9.929140650724332,9.96086311340332,59000,0.0,0.0
2023-02-22 00:00:00-05:00,9.976725421671873,10.103615290894522,9.913280487060547,9.913280487060547,60700,0.0,0.0
2023-02-23 00:00:00-05:00,10.032238649191939,10.119475993688543,9.929141206952114,9.992586135864258,46700,0.0,0.0
2023-02-24 00:00:00-05:00,9.929140748838215,9.968793260336396,9.770527677552787,9.945001602172852,90100,0.0,0.0
2023-02-27 00:00:00-05:00,9.984655886466998,10.07189247949643,9.95293342024509,10.024309158325195,40900,0.0,0.0
2023-02-28 00:00:00-05:00,10.103614936831272,10.111545742460587,9.913280139667242,9.937071800231934,57200,0.0,0.0
2023-03-01 00:00:00-05:00,9.929141367239136,10.119476157048156,9.929141367239136,10.056031227111816,96000,0.0,0.0
2023-03-02 00:00:00-05:00,10.063960439316093,10.151197777967393,10.016377123981894,10.127406120300293,51100,0.0,0.0
2023-03-03 00:00:00-05:00,10.063962093634458,10.27808931680616,10.032239626089385,10.222575187683105,39600,0.0,0.0
2023-03-06 00:00:00-05:00,10.262223011816749,10.349460324913343,10.174986455043095,10.206708908081055,50200,0.0,0.0
2023-03-07 00:00:00-05:00,10.151199023212827,10.222574761292933,9.992586692103288,10.024309158325195,56600,0.0,0.0
2023-03-08 00:00:00-05:00,9.992584324800026,10.079820897162593,9.897416192356951,9.976722717285156,54000,0.0,0.0
2023-03-09 00:00:00-05:00,9.97672469838132,10.095683753072466,9.81018156801978,9.81811237335205,44000,0.0,0.0
2023-03-10 00:00:00-05:00,9.833974325188981,9.945003343262192,9.61191704536587,9.651570320129395,122800,0.0,0.0
2023-03-13 00:00:00-04:00,9.500891554887135,9.588128943022001,9.30262586377857,9.437446594238281,111100,0.0,0.0
2023-03-14 00:00:00-04:00,9.434253216624102,9.62564955028961,9.32260497504851,9.41032886505127,66000,0.066,0.0
2023-03-15 00:00:00-04:00,9.139181052590713,9.139181052590713,8.899935323985899,8.955759048461914,177800,0.0,0.0
2023-03-16 00:00:00-04:00,8.836139573633336,9.067410345919098,8.700566973271874,9.00361156463623,132400,0.0,0.0
2023-03-17 00:00:00-04:00,8.979686389119731,9.019560813903809,8.844113801178704,9.019560813903809,82000,0.0,0.0
2023-03-20 00:00:00-04:00,8.9876609378108,9.274755411681426,8.9876609378108,9.2428560256958,122800,0.0,0.0
2023-03-21 00:00:00-04:00,9.43425517398736,9.514004043164523,9.378431421888296,9.490078926086426,53300,0.0,0.0
2023-03-22 00:00:00-04:00,9.49805300512075,9.52995239745915,9.258807182312012,9.258807182312012,70400,0.0,0.0
2023-03-23 00:00:00-04:00,9.298680718299913,9.41032896101405,9.147158809404914,9.290705680847168,92900,0.0,0.0
2023-03-24 00:00:00-04:00,9.210953939192224,9.346526480018568,9.13120511733868,9.306652069091797,78800,0.0,0.0
2023-03-27 00:00:00-04:00,9.346526555659391,9.545897851365618,9.314627178768042,9.33855152130127,78500,0.0,0.0
2023-03-28 00:00:00-04:00,9.322604973403813,9.529951381775579,9.139183677142082,9.45817756652832,65400,0.0,0.0
2023-03-29 00:00:00-04:00,9.56982244520816,9.593746788369657,9.426274865156868,9.585772514343262,70200,0.0,0.0
2023-03-30 00:00:00-04:00,9.657544995559824,9.657544995559824,9.537922526002266,9.577796936035156,50000,0.0,0.0
2023-03-31 00:00:00-04:00,9.641601139326172,9.753248637895508,9.633626100702205,9.69742488861084,101500,0.0,0.0
2023-04-03 00:00:00-04:00,10.008443946457634,10.23173969067078,9.98451959257017,10.120091438293457,135100,0.0,0.0
2023-04-04 00:00:00-04:00,10.17591515151984,10.239713930607495,9.872870570582755,9.93666934967041,99600,0.0,0.0
2023-04-05 00:00:00-04:00,9.92869295176072,10.04831621656587,9.848944869098622,9.992491722106934,81700,0.0,0.0
2023-04-06 00:00:00-04:00,10.024391253370041,10.048316363004542,9.848945012631765,9.856919288635254,85200,0.0,0.0
2023-04-10 00:00:00-04:00,9.880845957761547,10.024392835517807,9.872870919958016,9.896795272827148,130800,0.0,0.0
2023-04-11 00:00:00-04:00,9.944643369100167,10.032366491229602,9.936668332395302,9.952617645263672,68300,0.0,0.0
2023-04-12 00:00:00-04:00,10.048316564639332,10.064265877507703,9.944643369100167,9.952617645263672,82600,0.0,0.0
2023-04-13 00:00:00-04:00,10.005534273215035,10.053638141556572,9.957431169458548,10.013551712036133,74500,0.066,0.0
2023-04-14 00:00:00-04:00,10.0055311892403,10.05363504275493,9.949410663960576,9.98147964477539,90700,0.0,0.0
2023-04-17 00:00:00-04:00,9.989496731663733,10.005530839217814,9.8532033768225,9.925358772277832,66900,0.0,0.0
2023-04-18 00:00:00-04:00,9.909323900138965,9.973461859524864,9.869238248961366,9.925358772277832,40800,0.0,0.0
2023-04-19 00:00:00-04:00,9.885270118713379,9.893287552967847,9.797080635668072,9.885270118713379,36700,0.0,0.0
2023-04-20 00:00:00-04:00,9.845186111300901,9.845186111300901,9.700876082475142,9.821134567260742,51700,0.0,0.0
2023-04-21 00:00:00-04:00,9.85320309107395,9.85320309107395,9.740961283111309,9.756996154785156,27400,0.0,0.0
2023-04-24 00:00:00-04:00,9.781046226855398,9.949408531188965,9.781046226855398,9.949408531188965,35000,0.0,0.0
2023-04-25 00:00:00-04:00,9.917341912804243,9.925359349339812,9.732945459995138,9.748979568481445,46200,0.0,0.0
2023-04-26 00:00:00-04:00,9.740962965754795,9.821135808803476,9.67682499714981,9.724928855895996,89800,0.0,0.0
2023-04-27 00:00:00-04:00,9.692858216294503,9.781047716919565,9.676823344589167,9.773030281066895,158800,0.0,0.0
2023-04-28 00:00:00-04:00,9.813117744762776,10.045618057250977,9.732945671420032,10.045618057250977,53000,0.0,0.0
2023-05-01 00:00:00-04:00,9.97346333033628,10.005532314758522,9.813118408225066,9.861222267150879,63300,0.0,0.0
2023-05-02 00:00:00-04:00,9.7970831250718,9.877255194234074,9.436306902379545,9.564582824707031,72400,0.0,0.0
2023-05-03 00:00:00-04:00,9.444324493408203,9.564583755735008,9.388203963073291,9.444324493408203,84200,0.0,0.0
2023-05-04 00:00:00-04:00,9.412254941620565,9.508461886924431,9.348116978084654,9.356134414672852,98900,0.0,0.0
2023-05-05 00:00:00-04:00,9.524494988006964,9.66880576140523,9.524494988006964,9.644753456115723,79600,0.0,0.0
2023-05-08 00:00:00-04:00,9.78105033769194,9.78105033769194,9.596653851181246,9.604670524597168,40900,0.0,0.0
2023-05-09 00:00:00-04:00,9.604669692724865,9.79708436515615,9.604669692724865,9.732946395874023,54300,0.0,0.0
2023-05-10 00:00:00-04:00,9.765011317534876,9.829149260130787,9.596649027074461,9.700873374938965,76400,0.0,0.0
2023-05-11 00:00:00-04:00,9.66079288695259,9.684844439011602,9.548551036368778,9.612689018249512,59400,0.0,0.0
2023-05-12 00:00:00-04:00,9.617524448866556,9.682017424765025,9.440168380737305,9.440168380737305,36500,0.066,0.0
2023-05-15 00:00:00-04:00,9.440169687278367,9.553032795129658,9.38373851776123,9.38373851776123,59500,0.0,0.0
2023-05-16 00:00:00-04:00,9.399857631206496,9.424042298667363,9.27893352508545,9.27893352508545,63200,0.0,0.0
2023-05-17 00:00:00-04:00,9.33536591123021,9.464351846564742,9.31118124055919,9.391797065734863,60500,0.0,0.0
2023-05-18 00:00:00-04:00,9.375674859640961,9.456290690417758,9.351490187289608,9.432106018066406,60100,0.0,0.0
2023-05-19 00:00:00-04:00,9.488538090146006,9.585277549844962,9.432106162042286,9.448229789733887,118000,0.0,0.0
2023-05-22 00:00:00-04:00,9.407921345715055,9.512722617660076,9.407921345715055,9.432106018066406,69300,0.0,0.0
2023-05-23 00:00:00-04:00,9.496599040173214,9.633646798913295,9.496599040173214,9.553030967712402,92000,0.0,0.0
2023-05-24 00:00:00-04:00,9.601401579394894,9.609463394223653,9.504662107900733,9.512723922729492,54400,0.0,0.0
2023-05-25 00:00:00-04:00,9.44822984493669,9.44822984493669,9.319243897917797,9.359551429748535,68200,0.0,0.0
2023-05-26 00:00:00-04:00,9.375676055617195,9.42404540648997,9.295059445739941,9.343429565429688,65300,0.0,0.0
2023-05-30 00:00:00-04:00,9.34342729740062,9.34342729740062,9.198317742372332,9.262810707092285,205900,0.0,0.0
2023-05-31 00:00:00-04:00,9.222503607496384,9.351490322474255,9.174134262094455,9.311182022094727,157400,0.0,0.0
2023-06-01 00:00:00-04:00,9.33536670234333,9.480476276300205,9.262811915364894,9.448229789733887,115400,0.0,0.0
2023-06-02 00:00:00-04:00,9.577218338718012,9.690081456780415,9.553033659425031,9.673957824707031,90100,0.0,0.0
2023-06-05 00:00:00-04:00,9.794881533174047,10.004484127449995,9.633649064045263,9.698142051696777,99600,0.0,0.0
2023-06-06 00:00:00-04:00,9.665893356219343,9.746509956829794,9.633646869738538,9.738448143005371,82500,0.0,0.0
2023-06-07 00:00:00-04:00,9.762632423581936,9.9480502900126,9.762632423581936,9.883557319641113,64200,0.0,0.0
2023-06-08 00:00:00-04:00,9.931925964068952,9.931925964068952,9.762631736553377,9.859371185302734,49300,0.0,0.0
2023-06-09 00:00:00-04:00,9.8110030333969,9.923866121680005,9.754571873663794,9.770694732666016,54100,0.0,0.0
2023-06-12 00:00:00-04:00,9.730386673378739,9.770694975109809,9.633647210514313,9.68201732635498,60700,0.0,0.0
2023-06-13 00:00:00-04:00,9.682014576529644,9.907739925770864,9.682014576529644,9.714261054992676,75000,0.0,0.0
2023-06-14 00:00:00-04:00,9.719127892127544,9.873142865049124,9.629961857786864,9.662385940551758,31100,0.066,0.0
2023-06-15 00:00:00-04:00,9.686704429323603,9.816400768683904,9.662386558956337,9.759658813476562,53900,0.0,0.0
2023-06-16 00:00:00-04:00,9.783974915359224,9.800187341374393,9.694808891428849,9.74344539642334,67000,0.0,0.0
2023-06-20 00:00:00-04:00,9.670491522994112,9.71912725743984,9.516476560130164,9.565113067626953,64000,0.0,0.0
2023-06-21 00:00:00-04:00,9.54889936027768,9.711019741774992,9.484051207678755,9.654277801513672,65200,0.0,0.0
2023-06-22 00:00:00-04:00,9.573220441414414,9.589432097177637,9.475947414630445,9.492159843444824,83000,0.0,0.0
2023-06-23 00:00:00-04:00,9.427310709142152,9.508370525761858,9.411098281987565,9.484052658081055,41800,0.0,0.0
2023-06-26 00:00:00-04:00,9.435417434031413,9.67859767011972,9.362463053984474,9.613749504089355,70200,0.0,0.0
2023-06-27 00:00:00-04:00,9.613749743035909,9.621855957253961,9.548901575393765,9.557007789611816,44800,0.0,0.0
2023-06-28 00:00:00-04:00,9.581322629601576,9.678594850307325,9.484050408895826,9.638065338134766,31000,0.0,0.0
2023-06-29 00:00:00-04:00,9.646171384293668,9.727231959846094,9.605641869568394,9.719125747680664,36500,0.0,0.0
2023-06-30 00:00:00-04:00,9.808295327262256,9.816400768683904,9.484053705810343,9.759658813476562,70000,0.0,0.0
2023-07-03 00:00:00-04:00,9.78397741099276,9.856931800567716,9.767765753893446,9.824507713317871,33800,0.0,0.0
2023-07-05 00:00:00-04:00,9.792081128366808,9.824505207346128,9.694808891428849,9.74344539642334,35300,0.0,0.0
2023-07-06 00:00:00-04:00,9.662382539517393,9.751548542472788,9.500262182757204,9.540792465209961,35900,0.0,0.0
2023-07-07 00:00:00-04:00,9.508368869685105,9.783973898902229,9.508368869685105,9.719125747680664,44800,0.0,0.0
2023-07-10 00:00:00-04:00,9.727231959846094,9.751549823291446,9.646171384293668,9.719125747680664,53800,0.0,0.0
2023-07-11 00:00:00-04:00,9.735339812592192,9.865036136891497,9.735339812592192,9.840718269348145,94900,0.0,0.0
2023-07-12 00:00:00-04:00,9.921774143497663,9.978516842622517,9.865032217423574,9.873138427734375,84700,0.0,0.0
2023-07-13 00:00:00-04:00,9.910631529049128,9.967682613856203,9.853580444242054,9.951382637023926,73300,0.066,0.0
2023-07-14 00:00:00-04:00,9.910632136800627,9.910632136800627,9.666126251220703,9.666126251220703,68400,0.0,0.0
2023-07-17 00:00:00-04:00,9.649824094721145,9.755776647126668,9.649824094721145,9.674274444580078,65700,0.0,0.0
2023-07-18 00:00:00-04:00,9.649826358711188,9.869881113594863,9.649826358711188,9.788379669189453,65400,0.0,0.0
2023-07-19 00:00:00-04:00,9.837281015983116,9.926933621063297,9.829131415099969,9.894332885742188,47100,0.0,0.0
2023-07-20 00:00:00-04:00,9.910631580719903,9.975833042914422,9.894331603802643,9.926932334899902,45900,0.0,0.0
2023-07-21 00:00:00-04:00,9.95953554079609,10.06548813750554,9.94323478256559,9.983985900878906,63700,0.0,0.0
2023-07-24 00:00:00-04:00,10.032886734046109,10.187740040668604,10.000285997006484,10.122538566589355,72500,0.0,0.0
2023-07-25 00:00:00-04:00,10.098088208125358,10.19589041924423,10.098088208125358,10.122538566589355,93400,0.0,0.0
2023-07-26 00:00:00-04:00,10.081788005364833,10.146989483029467,10.065488024580137,10.10623836517334,47500,0.0,0.0
2023-07-27 00:00:00-04:00,10.130685695941002,10.195887149108131,9.9921324136452,10.008432388305664,98500,0.0,0.0
2023-07-28 00:00:00-04:00,10.08178834163697,10.089938720932631,9.95953576125385,10.073637962341309,60500,0.0,0.0
2023-07-31 00:00:00-04:00,10.14698787620002,10.277390810879291,10.14698787620002,10.244790077209473,88000,0.0,0.0
2023-08-01 00:00:00-04:00,10.204040462002906,10.236641197969634,10.08993749748793,10.155138969421387,110300,0.0,0.0
2023-08-02 00:00:00-04:00,10.106238081670545,10.171439557506131,9.975835129999375,10.041036605834961,74400,0.0,0.0
2023-08-03 00:00:00-04:00,10.049186383213808,10.204040462002906,10.008435268939683,10.155138969421387,114700,0.0,0.0
2023-08-04 00:00:00-04:00,10.220340777708229,10.285542251787477,10.106237809438102,10.122538566589355,105400,0.0,0.0
2023-08-07 00:00:00-04:00,10.138838546477727,10.293692630363104,10.106237809438102,10.122538566589355,136400,0.0,0.0
2023-08-08 00:00:00-04:00,10.032885682217428,10.171438217163086,9.975833815432134,10.171438217163086,123600,0.0,0.0
2023-08-09 00:00:00-04:00,10.17958900631971,10.358893437118219,10.17958900631971,10.261091232299805,135100,0.0,0.0
2023-08-10 00:00:00-04:00,10.252939247852556,10.399642920726548,10.244788871078955,10.32629108428955,106800,0.0,0.0
2023-08-11 00:00:00-04:00,10.383345721051597,10.440397600731051,10.342594600498552,10.407796859741211,100100,0.0,0.0
2023-08-14 00:00:00-04:00,10.404516878325143,10.420902319545744,10.314399295514361,10.396324157714844,77100,0.066,0.0
2023-08-15 00:00:00-04:00,10.363554427510698,10.437287353040796,10.257052180968186,10.28162956237793,73800,0.0,0.0
2023-08-16 00:00:00-04:00,10.28162956237793,10.371747148414235,10.265244120570856,10.28162956237793,80700,0.0,0.0
2023-08-17 00:00:00-04:00,10.363553877644588,10.437286799262589,10.338976497538862,10.355361938476562,128800,0.0,0.0
2023-08-18 00:00:00-04:00,10.322592910529815,10.412710501148872,10.289822806550076,10.363554954528809,60200,0.0,0.0
2023-08-21 00:00:00-04:00,10.420902139625714,10.429094078793737,10.330783777070012,10.355361938476562,45200,0.0,0.0
2023-08-22 00:00:00-04:00,10.363555858179906,10.437288793888696,10.314401088574696,10.330785751342773,38100,0.0,0.0
2023-08-23 00:00:00-04:00,10.306206703186035,10.322592144610587,10.191510957116726,10.306206703186035,42800,0.0,0.0
2023-08-24 00:00:00-04:00,10.298014518267818,10.34717006379813,10.273437136153108,10.289822578430176,33500,0.0,0.0
2023-08-25 00:00:00-04:00,10.281627541236924,10.420900644015568,10.273434821943894,10.371745109558105,88100,0.0,0.0
2023-08-28 00:00:00-04:00,10.412712097167969,10.453674928746489,10.388134710741266,10.412712097167969,87700,0.0,0.0
2023-08-29 00:00:00-04:00,10.42909454177964,10.486442806306668,10.363554337720918,10.461865425109863,64300,0.0,0.0
2023-08-30 00:00:00-04:00,10.502825142440772,10.543787956237793,10.486440485702376,10.543787956237793,77700,0.0,0.0
2023-08-31 00:00:00-04:00,10.592945646368957,10.601137585756147,10.502827281402247,10.51921272277832,90900,0.0,0.0
2023-09-01 00:00:00-04:00,10.625714780302744,10.674869537353516,10.609329340418634,10.674869537353516,74300,0.0,0.0
2023-09-05 00:00:00-04:00,10.740412908369263,10.740412908369263,10.683065414428711,10.683065414428711,62300,0.0,0.0
2023-09-06 00:00:00-04:00,10.691257892186242,10.748605384814738,10.617524955206179,10.707642555236816,50900,0.0,0.0
2023-09-07 00:00:00-04:00,10.683063748227386,10.748603954309079,10.642100924101106,10.658486366271973,72200,0.0,0.0
2023-09-08 00:00:00-04:00,10.674871080878974,10.789566832749754,10.658486419926515,10.691256523132324,44900,0.0,0.0
2023-09-11 00:00:00-04:00,10.773180073216002,10.814142892539797,10.609329577221615,10.65029239654541,73800,0.0,0.0
2023-09-12 00:00:00-04:00,10.691255093488962,10.838720147545516,10.674869653426686,10.740409851074219,91900,0.0,0.0
2023-09-13 00:00:00-04:00,10.740411233223645,10.773181336264491,10.65029364518654,10.658486366271973,89900,0.0,0.0
2023-09-14 00:00:00-04:00,10.762238881716016,10.910456657409668,10.762238881716016,10.910456657409668,104000,0.066,0.0
2023-09-15 00:00:00-04:00,10.869282253196461,10.877516746520996,10.81987686381827,10.877516746520996,35800,0.0,0.0
2023-09-18 00:00:00-04:00,10.893984947885558,10.95162561587279,10.861047759871928,10.877516746520996,60000,0.0,0.0
2023-09-19 00:00:00-04:00,10.885752180533636,10.94339206821729,10.836346001601523,10.861048698425293,58000,0.0,0.0
2023-09-20 00:00:00-04:00,10.836345342109935,10.902219719820641,10.803408153254582,10.81164264678955,57800,0.0,0.0
2023-09-21 00:00:00-04:00,10.81987575419125,10.89398383065842,10.663423538208008,10.663423538208008,61100,0.0,0.0
2023-09-22 00:00:00-04:00,10.73753547668457,10.861049758139298,10.712832777450554,10.73753547668457,56800,0.0,0.0
2023-09-25 00:00:00-04:00,10.745771911294872,10.885755207697766,10.745771911294872,10.844583511352539,66600,0.0,0.0
2023-09-26 00:00:00-04:00,10.811642771649677,10.836345467255343,10.762236595153809,10.762236595153809,53900,0.0,0.0
2023-09-27 00:00:00-04:00,10.893988470312173,11.00926905827658,10.885754759609883,10.943394660949707,104200,0.0,0.0
2023-09-28 00:00:00-04:00,10.943392909559122,10.97633010295126,10.910455716166984,10.926924705505371,58500,0.0,0.0
2023-09-29 00:00:00-04:00,10.96809602049693,10.96809602049693,10.786941842674157,10.795175552368164,120100,0.0,0.0
2023-10-02 00:00:00-04:00,10.795174364342179,10.828111555347409,10.597551218310805,10.646957397460938,83400,0.0,0.0
2023-10-03 00:00:00-04:00,10.572850709301644,10.63049060916753,10.53991351148046,10.581085205078125,80500,0.0,0.0
2023-10-04 00:00:00-04:00,10.55638129844183,10.55638129844183,10.259946529825772,10.325820922851562,98600,0.0,0.0
2023-10-05 00:00:00-04:00,10.251712002865721,10.366992582948871,10.218774806454064,10.235243797302246,82300,0.0,0.0
2023-10-06 00:00:00-04:00,10.28464895181769,10.449334929913451,10.194071860186193,10.408164024353027,46800,0.0,0.0
2023-10-09 00:00:00-04:00,10.589318915569867,10.655193311212235,10.498741817882795,10.581085205078125,61400,0.0,0.0
2023-10-10 00:00:00-04:00,10.597551218310805,10.671660094393715,10.54814582444525,10.646957397460938,49600,0.0,0.0
2023-10-11 00:00:00-04:00,10.597551643712531,10.597551643712531,10.449333885597028,10.54814624786377,78000,0.0,0.0
2023-10-12 00:00:00-04:00,10.597551016469614,10.63048820684752,10.515208433167128,10.572848320007324,65400,0.0,0.0
2023-10-13 00:00:00-04:00,10.668858559246774,10.759903613350527,10.668858559246774,10.71851921081543,95000,0.066,0.0
2023-10-16 00:00:00-04:00,10.759906971932585,10.776461053850522,10.66058484845118,10.743352890014648,73800,0.0,0.0
2023-10-17 00:00:00-04:00,10.668861124576917,10.801290613058471,10.652307043845715,10.793013572692871,51500,0.0,0.0
2023-10-18 00:00:00-04:00,10.801289268785695,10.842673676121194,10.751627822114711,10.759904861450195,81500,0.0,0.0
2023-10-19 00:00:00-04:00,10.735072531665166,10.834394617150625,10.68541109425155,10.768179893493652,29300,0.0,0.0
2023-10-20 00:00:00-04:00,10.735076441175725,10.751629733447478,10.63575431951904,10.644030570983887,53300,0.0,0.0
2023-10-23 00:00:00-04:00,10.610922407049229,10.64402977846974,10.519877332978318,10.528154373168945,126200,0.0,0.0
2023-10-24 00:00:00-04:00,10.561262029671058,10.594369401985242,10.437108791486352,10.453662872314453,109900,0.0,0.0
2023-10-25 00:00:00-04:00,10.412275806933016,10.511597898572065,10.395722519664083,10.437106132507324,78800,0.0,0.0
2023-10-26 00:00:00-04:00,10.395723442543586,10.47021442587944,10.346061997644462,10.387446403503418,97100,0.0,0.0
2023-10-27 00:00:00-04:00,10.503321300445672,10.503321300445672,10.255016455612862,10.29640007019043,70900,0.0,0.0
2023-10-30 00:00:00-04:00,10.329508581076807,10.445384767034339,10.27157088276901,10.346062660217285,52700,0.0,0.0
2023-10-31 00:00:00-04:00,10.437106132507324,10.478490534692382,10.412275806933016,10.437106132507324,79100,0.0,0.0
2023-11-01 00:00:00-04:00,10.536431408520295,10.660584652597697,10.519878116248544,10.644030570983887,141600,0.0,0.0
2023-11-02 00:00:00-04:00,10.718521504488011,10.768182956025623,10.668860842292395,10.751628875732422,94700,0.0,0.0
2023-11-03 00:00:00-04:00,10.768183425692067,10.768183425692067,10.561262149053904,10.610922813415527,148700,0.0,0.0
2023-11-06 00:00:00-05:00,10.685415077882801,10.759906867103634,10.428833125391117,10.470216751098633,117900,0.0,0.0
2023-11-07 00:00:00-05:00,10.379170285696382,10.437107985436214,10.213633436909749,10.22191047668457,126200,0.0,0.0
2023-11-08 00:00:00-05:00,10.18052818521533,10.246742938505989,10.081206055279342,10.089482307434082,126900,0.0,0.0
2023-11-09 00:00:00-05:00,10.139142706967068,10.18052712078228,10.089481252520406,10.097758293151855,123500,0.0,0.0
2023-11-10 00:00:00-05:00,10.172248319989196,10.577813768648507,10.130863913334961,10.370892524719238,152500,0.0,0.0
2023-11-13 00:00:00-05:00,10.362616873512408,10.56953812939556,10.362616873512408,10.50332260131836,58200,0.0,0.0
2023-11-14 00:00:00-05:00,10.59151658360381,10.61647752480975,10.533275974394199,10.558236122131348,44600,0.066,0.0
2023-11-15 00:00:00-05:00,10.549916601864824,10.641437672546898,10.524955660658886,10.558236122131348,35400,0.0,0.0
2023-11-16 00:00:00-05:00,10.483354202949911,10.491673722045114,10.325271438110875,10.39183235168457,84900,0.0,0.0
2023-11-17 00:00:00-05:00,10.408472480536465,10.608155211736682,10.408472480536465,10.591514587402344,53700,0.0,0.0
2023-11-20 00:00:00-05:00,10.666397181586582,10.707997954303327,10.591515949390187,10.633116722106934,86000,0.0,0.0
2023-11-21 00:00:00-05:00,10.624797238925405,10.666397218316659,10.608156612393907,10.649757385253906,42600,0.0,0.0
2023-11-22 00:00:00-05:00,10.566554483029904,10.624795874944539,10.499993572386302,10.608155250549316,51900,0.0,0.0
2023-11-24 00:00:00-05:00,10.549914946716067,10.616475859218424,10.450073577962533,10.458393096923828,127900,0.0,0.0
2023-11-27 00:00:00-05:00,10.40847293081141,10.524954132316243,10.300311248365013,10.441753387451172,70400,0.0,0.0
2023-11-28 00:00:00-05:00,10.466715756145563,10.66639853842445,10.466715756145563,10.516636848449707,69200,0.0,0.0
2023-11-29 00:00:00-05:00,10.53327494467498,10.54991557051884,10.416793737642807,10.450074195861816,36000,0.0,0.0
2023-11-30 00:00:00-05:00,10.624795459154463,10.699675885596667,10.45839239558882,10.566554069519043,98300,0.0,0.0
2023-12-01 00:00:00-05:00,10.558234132202308,10.666395809969584,10.558234132202308,10.591514587402344,57100,0.0,0.0
2023-12-04 00:00:00-05:00,10.508316367481779,10.524956202340006,10.350233572250044,10.358553886413574,139100,0.0,0.0
2023-12-05 00:00:00-05:00,10.30863110841706,10.375192018775039,10.242070198059082,10.242070198059082,45900,0.0,0.0
2023-12-06 00:00:00-05:00,10.192148911524752,10.267030132523589,10.07566692403005,10.08398723602295,143000,0.0,0.0
2023-12-07 00:00:00-05:00,10.225429868993428,10.225429868993428,10.034067444555832,10.092308044433594,95300,0.0,0.0
2023-12-08 00:00:00-05:00,10.108948794124284,10.167190192761693,10.000787896944958,10.075668334960938,97100,0.0,0.0
2023-12-11 00:00:00-05:00,10.100632078815124,10.250393789896263,10.092311763347018,10.125592231750488,73900,0.0,0.0
2023-12-12 00:00:00-05:00,10.059029084391604,10.133910320210902,9.992468162211958,10.050708770751953,75800,0.0,0.0
2023-12-13 00:00:00-05:00,10.042390081554275,10.192152577418227,10.042390081554275,10.150551795959473,56300,0.0,0.0
2023-12-14 00:00:00-05:00,10.24758757281661,10.423260534547705,10.24758757281661,10.381433486938477,67500,0.066,0.0
2023-12-15 00:00:00-05:00,10.381431014683592,10.381431014683592,10.180662191312281,10.205758094787598,35000,0.0,0.0
2023-12-18 00:00:00-05:00,10.272683482268315,10.406529396390184,10.272683482268315,10.381433486938477,60400,0.0,0.0
2023-12-19 00:00:00-05:00,10.389799362266107,10.481818231491088,10.347972313423988,10.465087890625,54800,0.0,0.0
2023-12-20 00:00:00-05:00,10.506913697368045,10.590566987378415,10.40652847290039,10.40652847290039,129300,0.0,0.0
2023-12-21 00:00:00-05:00,10.41489514929689,10.590568114128699,10.347972191054733,10.448356628417969,65800,0.0,0.0
2023-12-22 00:00:00-05:00,10.498548663506861,10.632394572565078,10.465087186242307,10.540375709533691,64100,0.0,0.0
2023-12-26 00:00:00-05:00,10.565473617276828,10.640762154814608,10.523646563335317,10.57383918762207,87000,0.0,0.0
2023-12-27 00:00:00-05:00,10.557106913582013,10.615664304142928,10.465088043017058,10.506915092468262,39700,0.0,0.0
2023-12-28 00:00:00-05:00,10.448355547324471,10.515278498642095,10.356336688708863,10.389798164367676,42500,0.0,0.0
2023-12-29 00:00:00-05:00,10.381434529461806,10.515280457024737,10.356338617489921,10.414896011352539,81500,0.0,0.0
2024-01-02 00:00:00-05:00,10.414894571453202,10.649124912305082,10.406529002690927,10.540375709533691,75000,0.0,0.0
2024-01-03 00:00:00-05:00,10.540375956013328,10.70768334624847,10.481817771092603,10.657490730285645,115300,0.0,0.0
2024-01-04 00:00:00-05:00,10.699317463762618,10.699317463762618,10.523644509717418,10.532010078430176,98500,0.0,0.0
2024-01-05 00:00:00-05:00,10.56547161803597,10.598933095300524,10.498548663506861,10.540375709533691,132800,0.0,0.0
2024-01-08 00:00:00-05:00,10.481816418259717,10.498547554016113,10.381431997074719,10.498547554016113,125300,0.0,0.0
2024-01-09 00:00:00-05:00,10.473455333469293,10.490185677328148,10.322878249815885,10.481820106506348,49400,0.0,0.0
2024-01-10 00:00:00-05:00,10.465085885642587,10.523643264131916,10.398162939430655,10.431624412536621,67000,0.0,0.0
2024-01-11 00:00:00-05:00,10.478720872663855,10.554409995824237,10.453491432286878,10.46190071105957,53000,0.066,0.0
2024-01-12 00:00:00-05:00,10.604870005152701,10.638509529911753,10.57123048039365,10.63010025024414,47800,0.0,0.0
2024-01-16 00:00:00-05:00,10.630100064786639,10.630100064786639,10.411442756652832,10.411442756652832,57300,0.0,0.0
2024-01-17 00:00:00-05:00,10.327343914746242,10.386213685676173,10.066637793590647,10.108687400817871,60200,0.0,0.0
2024-01-18 00:00:00-05:00,10.10868513580886,10.268472645033958,10.10868513580886,10.125504493713379,67000,0.0,0.0
2024-01-19 00:00:00-05:00,10.142327722328332,10.192786613338193,10.041408336249384,10.083457946777344,46600,0.0,0.0
2024-01-22 00:00:00-05:00,10.01617870433129,10.075047676757045,9.982539176940918,9.982539176940918,128900,0.0,0.0
2024-01-23 00:00:00-05:00,9.974129856772327,10.108688778645915,9.974129856772327,10.075048446655273,109800,0.0,0.0
2024-01-24 00:00:00-05:00,10.13391839819906,10.192787376125956,10.083458701383384,10.150737762451172,80200,0.0,0.0
2024-01-25 00:00:00-05:00,10.285296014971408,10.318936347961426,10.15914797437757,10.318936347961426,76100,0.0,0.0
2024-01-26 00:00:00-05:00,10.327345848083496,10.344166014935036,10.209607888241523,10.327345848083496,61700,0.0,0.0
2024-01-29 00:00:00-05:00,10.360985160139583,10.360985160139583,10.218016953050736,10.318936347961426,83100,0.0,0.0
2024-01-30 00:00:00-05:00,10.243244375948656,10.360982300802664,10.218014133168973,10.344162940979004,77100,0.0,0.0
2024-01-31 00:00:00-05:00,10.285296265628523,10.31893659943837,10.159148221960402,10.184377670288086,115600,0.0,0.0
2024-02-01 00:00:00-05:00,10.251654228784306,10.302113915139195,10.150735658104034,10.192785263061523,174400,0.0,0.0
2024-02-02 00:00:00-05:00,10.167557928732954,10.21801682351896,10.13391839819906,10.150737762451172,82000,0.0,0.0
2024-02-05 00:00:00-05:00,10.150733931584844,10.150733931584844,9.990946422359745,10.125504493713379,66400,0.0,0.0
2024-02-06 00:00:00-05:00,10.117094413746434,10.234833127195548,10.117094413746434,10.125504493713379,63200,0.0,0.0
2024-02-07 00:00:00-05:00,10.117097263337678,10.192786400300115,10.066638373382451,10.1002779006958,123600,0.0,0.0
2024-02-08 00:00:00-05:00,10.091867995715559,10.209606744396233,10.091867995715559,10.1759672164917,42700,0.0,0.0
2024-02-09 00:00:00-05:00,10.243244925424365,10.243244925424365,10.125506192225068,10.142326354980469,56700,0.0,0.0
2024-02-12 00:00:00-05:00,10.17596684335133,10.352574558881546,10.17596684335133,10.33575439453125,94400,0.0,0.0
2024-02-13 00:00:00-05:00,10.352575125991521,10.386214654505295,10.243246457814351,10.276885986328125,63100,0.0,0.0
2024-02-14 00:00:00-05:00,10.315780581169962,10.374970035410945,10.197403285457693,10.20585823059082,87100,0.066,0.0
2024-02-15 00:00:00-05:00,10.20585474581463,10.442610869168785,10.18894405493766,10.408788681030273,41800,0.0,0.0
2024-02-16 00:00:00-05:00,10.408792156819702,10.4426143562524,10.341146951569462,10.366514205932617,63500,0.0,0.0
2024-02-20 00:00:00-05:00,10.400335097341259,10.408790847732186,10.290412761413435,10.307323455810547,50700,0.0,0.0
2024-02-21 00:00:00-05:00,10.273500733850522,10.50180114439083,10.256590040320518,10.45952320098877,49700,0.0,0.0
2024-02-22 00:00:00-05:00,10.451065074061008,10.50179875588165,10.400332198624884,10.467976570129395,46600,0.0,0.0
2024-02-23 00:00:00-05:00,10.425699371907243,10.442610869168785,10.35805499563022,10.408788681030273,43600,0.0,0.0
2024-02-26 00:00:00-05:00,10.408788681030273,10.467977308676526,10.400332932399502,10.408788681030273,56500,0.0,0.0
2024-02-27 00:00:00-05:00,10.40879071742039,10.459523606361323,10.341145521524595,10.358057022094727,62900,0.0,0.0
2024-02-28 00:00:00-05:00,10.31578145041706,10.417248058028187,10.31578145041706,10.349603652954102,43600,0.0,0.0
2024-02-29 00:00:00-05:00,10.417245525866704,10.484889914498197,10.366512637585444,10.391879081726074,163800,0.0,0.0
2024-03-01 00:00:00-05:00,10.425705318534135,10.59481635568446,10.425705318534135,10.560994148254395,106000,0.0,0.0
2024-03-04 00:00:00-05:00,10.569446147434338,10.569446147434338,10.39187941990205,10.417245864868164,108800,0.0,0.0
2024-03-05 00:00:00-05:00,10.383420702556498,10.510254503915842,10.358054264838437,10.467976570129395,81400,0.0,0.0
2024-03-06 00:00:00-05:00,10.552533149719238,10.620178337341715,10.518710959100316,10.552533149719238,82400,0.0,0.0
2024-03-07 00:00:00-05:00,10.501800483308095,10.65400074742071,10.484888984457962,10.628633499145508,63800,0.0,0.0
2024-03-08 00:00:00-05:00,10.620181418094836,10.654003618525064,10.586359217664608,10.645547866821289,51400,0.0,0.0
2024-03-11 00:00:00-04:00,10.654003814145073,10.73010316172171,10.611725861234799,10.721648216247559,36900,0.0,0.0
2024-03-12 00:00:00-04:00,10.730103158779984,10.738558910636698,10.679370260409469,10.704736709594727,59200,0.0,0.0
2024-03-13 00:00:00-04:00,10.730102133634901,10.907668873736887,10.730102133634901,10.865391731262207,54100,0.0,0.0
2024-03-14 00:00:00-04:00,10.912985590780611,10.912985590780611,10.827993167954842,10.861989974975586,50500,0.066,0.0
2024-03-15 00:00:00-04:00,10.853490899520274,10.963979909524012,10.853490899520274,10.904485702514648,46100,0.0,0.0
2024-03-18 00:00:00-04:00,10.963982262653126,10.997979075461819,10.878990635905367,10.921486854553223,59700,0.0,0.0
2024-03-19 00:00:00-04:00,10.912987020713084,11.02347686064498,10.912987020713084,11.01497745513916,61100,0.0,0.0
2024-03-20 00:00:00-04:00,10.938484685074467,11.014977715337944,10.887489871930777,11.006478309631348,56600,0.0,0.0
2024-03-21 00:00:00-04:00,10.97248247567423,11.040476106293514,10.97248247567423,11.031976699829102,62700,0.0,0.0
2024-03-22 00:00:00-04:00,11.048971176147461,11.057470579275945,10.980977572214984,11.048971176147461,37800,0.0,0.0
2024-03-25 00:00:00-04:00,11.074471677903546,11.176462112378612,11.057473677431663,11.125467300415039,45400,0.0,0.0
2024-03-26 00:00:00-04:00,11.133966437972873,11.133966437972873,11.023476600646973,11.023476600646973,49700,0.0,0.0
2024-03-27 00:00:00-04:00,10.989476975343468,11.057470579275945,10.989476975343468,11.048971176147461,72500,0.0,0.0
2024-03-28 00:00:00-04:00,11.11696698883947,11.261453628540039,11.05747277621495,11.261453628540039,188000,0.0,0.0
2024-04-01 00:00:00-04:00,11.261453144368149,11.303949356079102,11.184960125397996,11.303949356079102,91700,0.0,0.0
2024-04-02 00:00:00-04:00,11.346447081907337,11.42293930053711,11.261454647143685,11.42293930053711,144300,0.0,0.0
2024-04-03 00:00:00-04:00,11.414439010737288,11.507930026657858,11.388940797765288,11.473933219909668,120000,0.0,0.0
2024-04-04 00:00:00-04:00,11.516429430981859,11.53342742908205,11.422937604513479,11.473933219909668,92900,0.0,0.0
2024-04-05 00:00:00-04:00,11.507932889359784,11.601423928537093,11.448438665387679,11.584425926208496,77500,0.0,0.0
2024-04-08 00:00:00-04:00,11.601421986317675,11.626920201363873,11.516430367807303,11.558926582336426,107900,0.0,0.0
2024-04-09 00:00:00-04:00,11.592924113197704,11.609922113738296,11.439938055592743,11.482434272766113,103500,0.0,0.0
2024-04-10 00:00:00-04:00,11.422941193874497,11.567427870592425,11.422941193874497,11.533431053161621,64100,0.0,0.0
2024-04-11 00:00:00-04:00,11.575925302109185,11.618421519282556,11.397441838419374,11.482434272766113,87500,0.0,0.0
2024-04-12 00:00:00-04:00,11.555884754084536,11.64129442935693,11.333821064524964,11.367984771728516,137600,0.066,0.0
2024-04-15 00:00:00-04:00,11.427771384576484,11.444852831406322,11.291116551829564,11.299656867980957,46900,0.0,0.0
2024-04-16 00:00:00-04:00,11.30819868079148,11.350903522232693,11.163002708607614,11.205707550048828,71400,0.0,0.0
2024-04-17 00:00:00-04:00,11.239870025256279,11.350902274992338,11.197165188507485,11.256952285766602,91100,0.0,0.0
2024-04-18 00:00:00-04:00,11.265491944525076,11.299655649026384,11.171541960778221,11.197164535522461,54800,0.0,0.0
2024-04-19 00:00:00-04:00,11.205708054625129,11.35090403334695,11.205708054625129,11.265494346618652,54300,0.0,0.0
2024-04-22 00:00:00-04:00,11.274034220289554,11.359443897488214,11.163001965742115,11.32528018951416,50500,0.0,0.0
2024-04-23 00:00:00-04:00,11.32528067438828,11.43631293368939,11.274034702969658,11.393608093261719,34800,0.0,0.0
2024-04-24 00:00:00-04:00,11.35944652557373,11.38506910885047,11.325282809695667,11.35944652557373,40500,0.0,0.0
2024-04-25 00:00:00-04:00,11.32528096849633,11.496099520115942,11.32528096849633,11.47901725769043,62500,0.0,0.0
2024-04-26 00:00:00-04:00,11.453392256872316,11.453392256872316,11.350901147571284,11.419228553771973,80000,0.0,0.0
2024-04-29 00:00:00-04:00,11.385064850671627,11.470474515685956,11.376523721264808,11.419228553771973,45500,0.0,0.0
2024-04-30 00:00:00-04:00,11.461934998950232,11.461934998950232,11.180084205084821,11.18862533569336,61400,0.0,0.0
2024-05-01 00:00:00-04:00,11.145919327233559,11.188624161266643,11.026345954846308,11.069050788879395,72100,0.0,0.0
2024-05-02 00:00:00-04:00,11.08613229226147,11.214246795036598,11.08613229226147,11.197164535522461,51200,0.0,0.0
2024-05-03 00:00:00-04:00,11.299657549597816,11.299657549597816,11.128838998360065,11.205707550048828,121200,0.0,0.0
2024-05-06 00:00:00-04:00,11.308197928263608,11.402148736087545,11.291116481540106,11.32528018951416,89500,0.0,0.0
2024-05-07 00:00:00-04:00,11.316739058888885,11.376525344211718,11.316739058888885,11.32528018951416,44200,0.0,0.0
2024-05-08 00:00:00-04:00,11.274034476480441,11.350903024800584,11.274034476480441,11.282575607299805,36200,0.0,0.0
2024-05-09 00:00:00-04:00,11.28257823921499,11.444855690002441,11.28257823921499,11.444855690002441,50900,0.0,0.0
2024-05-10 00:00:00-04:00,11.479016209244786,11.496098470110077,11.325279934092318,11.367984771728516,82800,0.0,0.0
2024-05-13 00:00:00-04:00,11.359444431379922,11.513180717225218,11.359444431379922,11.37652587890625,143900,0.0,0.0
2024-05-14 00:00:00-04:00,11.390260326937703,11.433177004151132,11.373093001185815,11.407426834106445,48200,0.066,0.0
2024-05-15 00:00:00-04:00,11.407426130232182,11.407426130232182,11.210006807765733,11.33875846862793,112300,0.0,0.0
2024-05-16 00:00:00-04:00,11.32159078403252,11.39025926203696,11.287256954321833,11.330174446105957,67900,0.0,0.0
2024-05-17 00:00:00-04:00,11.330174550567708,11.493260857134384,11.330174550567708,11.433176040649414,108900,0.0,0.0
2024-05-20 00:00:00-04:00,11.433177119328086,11.510428448823516,11.424594274948825,11.458928108215332,70400,0.0,0.0
2024-05-21 00:00:00-04:00,11.441759477185334,11.49326063050219,11.373091818484902,11.424592971801758,26500,0.0,0.0
2024-05-22 00:00:00-04:00,11.373093161375682,11.373093161375682,11.235757827758789,11.235757827758789,60900,0.0,0.0
2024-05-23 00:00:00-04:00,11.252924930681225,11.330176264574707,11.20142458714104,11.227174758911133,68500,0.0,0.0
2024-05-24 00:00:00-04:00,11.313009868582109,11.3473437041442,11.261508705947369,11.27867603302002,24800,0.0,0.0
2024-05-28 00:00:00-04:00,11.287254595524045,11.44175720622588,11.287254595524045,11.390256881713867,82900,0.0,0.0
2024-05-29 00:00:00-04:00,11.390259528714266,11.390259528714266,11.201423051592782,11.210006713867188,100800,0.0,0.0
2024-05-30 00:00:00-04:00,11.201423984218842,11.27867531395423,11.201423984218842,11.261507987976074,80500,0.0,0.0
2024-05-31 00:00:00-04:00,11.30442663582792,11.416011810302734,11.287259308101067,11.416011810302734,71400,0.0,0.0
2024-06-03 00:00:00-04:00,11.433179438993823,11.561931953803056,11.261510237831502,11.295844078063965,92400,0.0,0.0
2024-06-04 00:00:00-04:00,11.175673014539566,11.201423183081966,10.99542019757657,11.089838027954102,114900,0.0,0.0
2024-06-05 00:00:00-04:00,11.124173175741072,11.149923347331754,11.072672013976513,11.09842300415039,59200,0.0,0.0
2024-06-06 00:00:00-04:00,11.09842085195796,11.184255013476438,11.09842085195796,11.167088508605957,26800,0.0,0.0
2024-06-07 00:00:00-04:00,11.149921417236328,11.218589075313632,11.098421082969876,11.149921417236328,24800,0.0,0.0
2024-06-10 00:00:00-04:00,11.26150739428717,11.373092551513121,11.20142339369747,11.27009105682373,108400,0.0,0.0
2024-06-11 00:00:00-04:00,11.244340778633823,11.244340778633823,11.16708945372098,11.192839622497559,102400,0.0,0.0
2024-06-12 00:00:00-04:00,11.304426342544788,11.338760178524492,11.149923671344517,11.184257507324219,62000,0.0,0.0
2024-06-13 00:00:00-04:00,11.192839529128793,11.261507191015594,11.055504205355192,11.064087867736816,65100,0.0,0.0
2024-06-14 00:00:00-04:00,11.000241794758963,11.095145545409174,10.836316984945705,10.84494400024414,79200,0.066,0.0
2024-06-17 00:00:00-04:00,10.819061308756979,10.89671020601439,10.775922941081092,10.84494400024414,74300,0.0,0.0
2024-06-18 00:00:00-04:00,10.879454612731934,11.026124570270085,10.879454612731934,10.879454612731934,34700,0.0,0.0
2024-06-20 00:00:00-04:00,10.888083797696643,11.086519985945145,10.888083797696643,11.008871078491211,71400,0.0,0.0
2024-06-21 00:00:00-04:00,11.043380709125879,11.069263401894336,10.982986662271522,11.017498016357422,53200,0.0,0.0
2024-06-24 00:00:00-04:00,11.017500416916212,11.241818507778552,11.017500416916212,11.23319149017334,35900,0.0,0.0
2024-06-25 00:00:00-04:00,11.284954041980399,11.310836733863141,11.233188658214914,11.259071350097656,57300,0.0,0.0
2024-06-26 00:00:00-04:00,11.276326067330396,11.276326067330396,11.14691178668643,11.215932846069336,32500,0.0,0.0
2024-06-27 00:00:00-04:00,11.233190637302163,11.319466566376894,11.233190637302163,11.293583869934082,34500,0.0,0.0
2024-06-28 00:00:00-04:00,11.345347644774598,11.414368707309205,11.345347644774598,11.405741691589355,101200,0.0,0.0
2024-07-01 00:00:00-04:00,11.405741800429318,11.483390702220712,11.362603430234547,11.466135025024414,83100,0.0,0.0
2024-07-02 00:00:00-04:00,11.5437837342056,11.5437837342056,11.36260324064737,11.371231079101562,42000,0.0,0.0
2024-07-03 00:00:00-04:00,11.431625573598634,11.50927448272705,11.431625573598634,11.50927448272705,33500,0.0,0.0
2024-07-05 00:00:00-04:00,11.50927599571546,11.526530854014482,11.293584918802638,11.353978157043457,46400,0.0,0.0
2024-07-08 00:00:00-04:00,11.31946576834125,11.388486835853401,11.276327395447149,11.362604141235352,136800,0.0,0.0
2024-07-09 00:00:00-04:00,11.353977102566002,11.353977102566002,11.250445493998676,11.293583869934082,77900,0.0,0.0
2024-07-10 00:00:00-04:00,11.302212759350232,11.353978157043457,11.241818698313251,11.353978157043457,57400,0.0,0.0
2024-07-11 00:00:00-04:00,11.336723298744436,11.397116536985253,11.31083977710166,11.353978157043457,71300,0.0,0.0
2024-07-12 00:00:00-04:00,11.397115503173959,11.397115503173959,11.293583894382506,11.319466590881348,104200,0.0,0.0
2024-07-15 00:00:00-04:00,11.315996060614836,11.498092579363338,11.29865314123121,11.437393188476562,105900,0.066,0.0
2024-07-16 00:00:00-04:00,11.385369599032575,11.42005462155158,11.333341651775983,11.394041061401367,105900,0.0,0.0
2024-07-17 00:00:00-04:00,11.437396645991301,11.515438152897667,11.402711623694712,11.454739570617676,93600,0.0,0.0
2024-07-18 00:00:00-04:00,11.480753243107207,11.584808311016667,11.411383197834235,11.489424705505371,205400,0.0,0.0
2024-07-19 00:00:00-04:00,11.506764039055149,11.506764039055149,11.402708176665223,11.437393188476562,90600,0.0,0.0
2024-07-22 00:00:00-04:00,11.463411032930864,11.489424592914265,11.368026601398123,11.454739570617676,48500,0.0,0.0
2024-07-23 00:00:00-04:00,11.420054454137999,11.420054454137999,11.272642903854184,11.298656463623047,75000,0.0,0.0
2024-07-24 00:00:00-04:00,11.307327925864719,11.3593558723586,11.272642903854184,11.298656463623047,32400,0.0,0.0
2024-07-25 00:00:00-04:00,11.281311401135529,11.402708532788667,11.237954928278292,11.385366439819336,96700,0.0,0.0
2024-07-26 00:00:00-04:00,11.394041606591255,11.420055167986183,11.298657169882848,11.350685119628906,67600,0.0,0.0
2024-07-29 00:00:00-04:00,11.350683033681294,11.368025129105503,11.220613596697481,11.255298614501953,135600,0.0,0.0
2024-07-30 00:00:00-04:00,11.281312759647872,11.446066383998122,11.263969837634141,11.42872428894043,40200,0.0,0.0
2024-07-31 00:00:00-04:00,11.541449546813965,11.584805193224238,11.48942161338331,11.541449546813965,84500,0.0,0.0
2024-08-01 00:00:00-04:00,11.567464293325783,11.567464293325783,11.307326253249132,11.368024826049805,55500,0.0,0.0
2024-08-02 00:00:00-04:00,11.272642996102581,11.307328018396959,11.081874960005427,11.116559982299805,95900,0.0,0.0
2024-08-05 00:00:00-04:00,11.01250242129765,11.021173881646368,10.769707320225413,10.821734428405762,128900,0.0,0.0
2024-08-06 00:00:00-04:00,10.778379315655467,10.960475857238633,10.778379315655467,10.899776458740234,63100,0.0,0.0
2024-08-07 00:00:00-04:00,10.969148798914988,11.151245378810346,10.934463775456642,11.064533233642578,107600,0.0,0.0
2024-08-08 00:00:00-04:00,11.064531198430267,11.229284822813542,11.064531198430267,11.185928344726562,77800,0.0,0.0
2024-08-09 00:00:00-04:00,11.185928942900098,11.263970442238762,11.14257328945069,11.203271865844727,36900,0.0,0.0
2024-08-12 00:00:00-04:00,11.237958908081055,11.31600042147046,11.220615982013973,11.237958908081055,61300,0.0,0.0
2024-08-13 00:00:00-04:00,11.21194398291869,11.24662900388002,11.1078889200347,11.194601058959961,102200,0.0,0.0
2024-08-14 00:00:00-04:00,11.185926334010219,11.315995744890643,11.185926334010219,11.272639274597168,36700,0.0,0.0
2024-08-15 00:00:00-04:00,11.312734623017882,11.478329823004705,11.312734623017882,11.460898399353027,40700,0.066,0.0
2024-08-16 00:00:00-04:00,11.452181999435108,11.452181999435108,11.338880254258113,11.356310844421387,34600,0.0,0.0
2024-08-19 00:00:00-04:00,11.356310381028303,11.521905552289862,11.356310381028303,11.469612121582031,41800,0.0,0.0
2024-08-20 00:00:00-04:00,11.469612157978638,11.469612157978638,11.234293796986373,11.312732696533203,84300,0.0,0.0
2024-08-21 00:00:00-04:00,11.321449222240982,11.460897273046188,11.251725196838379,11.251725196838379,60400,0.0,0.0
2024-08-22 00:00:00-04:00,11.260439046327583,11.487042507013857,11.260439046327583,11.478326797485352,141000,0.0,0.0
2024-08-23 00:00:00-04:00,11.495760384043447,11.617777855743428,11.495760384043447,11.539338111877441,34100,0.0,0.0
2024-08-26 00:00:00-04:00,11.61777628268438,11.731078027241184,11.574198560750853,11.591629981994629,113500,0.0,0.0
2024-08-27 00:00:00-04:00,11.556766520890278,11.582912818299985,11.426033371490131,11.478326797485352,72500,0.0,0.0
2024-08-28 00:00:00-04:00,11.408604114582012,11.43475041504205,11.37374210357666,11.37374210357666,72000,0.0,0.0
2024-08-29 00:00:00-04:00,11.408605759551481,11.574200127909432,11.382459455321493,11.539338111877441,84200,0.0,0.0
2024-08-30 00:00:00-04:00,11.495757976241775,11.504473686218262,11.426033958781579,11.504473686218262,67700,0.0,0.0
2024-09-03 00:00:00-04:00,11.408603539309148,11.408603539309148,11.234293493071883,11.269155502319336,222200,0.0,0.0
2024-09-04 00:00:00-04:00,11.286586188863193,11.356310207960464,11.164569571030903,11.182000160217285,66000,0.0,0.0
2024-09-05 00:00:00-04:00,11.19943282182307,11.26915684864792,11.155855097263547,11.164570808410645,81500,0.0,0.0
2024-09-06 00:00:00-04:00,11.155853297064093,11.243007900943198,10.998973846435547,10.998973846435547,79900,0.0,0.0
2024-09-09 00:00:00-04:00,11.007692337036133,11.103562674875503,10.990260913151136,11.007692337036133,114400,0.0,0.0
2024-09-10 00:00:00-04:00,10.981543586357628,10.990258465182936,10.54576806040972,10.746224403381348,149900,0.0,0.0
2024-09-11 00:00:00-04:00,10.737510176485868,10.772372190129941,10.58934641070457,10.702648162841797,183100,0.0,0.0
2024-09-12 00:00:00-04:00,10.71136342613232,10.772371739664283,10.650355112600355,10.737509727478027,140100,0.0,0.0
2024-09-13 00:00:00-04:00,10.781087266184407,10.937966733928413,10.781087266184407,10.833380699157715,131400,0.0,0.0
2024-09-16 00:00:00-04:00,10.935019992542726,10.978830337524414,10.87368601093606,10.978830337524414,121000,0.066,0.0
2024-09-17 00:00:00-04:00,10.978831943000293,11.180359225141018,10.978831943000293,11.127786636352539,73900,0.0,0.0
2024-09-18 00:00:00-04:00,11.12778447530377,11.189119289581084,11.075212732337832,11.1014986038208,95400,0.0,0.0
2024-09-19 00:00:00-04:00,11.250453323772282,11.303025066997689,11.18035710906321,11.197880744934082,91300,0.0,0.0
2024-09-20 00:00:00-04:00,11.206643056167744,11.215405291968601,11.057688390004358,11.119022369384766,88700,0.0,0.0
2024-09-23 00:00:00-04:00,11.18912162069046,11.294265964140596,11.127786793634826,11.232931137084961,134700,0.0,0.0
2024-09-24 00:00:00-04:00,11.294266331565948,11.303027733762097,11.197883386891402,11.259218215942383,104700,0.0,0.0
2024-09-25 00:00:00-04:00,11.311787302739521,11.311787302739521,11.18035710906321,11.197880744934082,177500,0.0,0.0
2024-09-26 00:00:00-04:00,11.171595696656833,11.180357933044434,11.10149947678174,11.180357933044434,175800,0.0,0.0
2024-09-27 00:00:00-04:00,11.2592168889587,11.2592168889587,11.127785844150731,11.22416877746582,118700,0.0,0.0
2024-09-30 00:00:00-04:00,11.224165603886474,11.285499572753906,11.145307166421118,11.285499572753906,130300,0.0,0.0
2024-10-01 00:00:00-04:00,11.250453962907182,11.522076601432437,11.215405853561574,11.513315200805664,140500,0.0,0.0
2024-10-02 00:00:00-04:00,11.627220097242029,11.653505966577509,11.390644766384552,11.539599418640137,133800,0.0,0.0
2024-10-03 00:00:00-04:00,11.50455338422487,11.679793937345272,11.478267510160027,11.644745826721191,107800,0.0,0.0
2024-10-04 00:00:00-04:00,11.697318410463746,11.749890158593432,11.635983590161953,11.644745826721191,121700,0.0,0.0
2024-10-07 00:00:00-04:00,11.688556548363385,11.758652771857175,11.679794311523438,11.679794311523438,122300,0.0,0.0
2024-10-08 00:00:00-04:00,11.600934886288155,11.609697122399307,11.416932106018066,11.416932106018066,101800,0.0,0.0
2024-10-09 00:00:00-04:00,11.38188253140182,11.57464752295835,11.38188253140182,11.539599418640137,83500,0.0,0.0
2024-10-10 00:00:00-04:00,11.557125337361681,11.6096979220368,11.522077226115897,11.574649810791016,60200,0.0,0.0
2024-10-11 00:00:00-04:00,11.504552768615444,11.635982967519688,11.504552768615444,11.592172622680664,94900,0.0,0.0
2024-10-14 00:00:00-04:00,11.565885412801148,11.574647647878448,11.513313673562806,11.548361778259277,76800,0.0,0.0
2024-10-15 00:00:00-04:00,11.3853391170519,11.402963043900629,11.279593034774054,11.288405418395996,106800,0.075,0.0
2024-10-16 00:00:00-04:00,11.367710488677425,11.394147630563676,11.288401584203289,11.306025505065918,95000,0.0,0.0
2024-10-17 00:00:00-04:00,11.288404505830487,11.385338196650178,11.279592122920945,11.341277122497559,80900,0.0,0.0
2024-10-18 00:00:00-04:00,11.350090422959285,11.350090422959285,11.27078065115211,11.288405418395996,68800,0.0,0.0
2024-10-21 00:00:00-04:00,11.358900570648686,11.43820948644921,11.350088188761408,11.385336875915527,184800,0.0,0.0
2024-10-22 00:00:00-04:00,11.4382112248799,11.53514575958252,11.402962532368527,11.53514575958252,109200,0.0,0.0
2024-10-23 00:00:00-04:00,11.508706975030263,11.53514327862915,11.402960079844831,11.473458290100098,78100,0.0,0.0
2024-10-24 00:00:00-04:00,11.49989598227716,11.508708364672504,11.411773839113794,11.46464729309082,45600,0.0,0.0
2024-10-25 00:00:00-04:00,11.499896636179049,11.552769252767455,11.491084253282619,11.543957710266113,67400,0.0,0.0
2024-10-28 00:00:00-04:00,11.367713130334044,11.473460041663024,11.358901588052518,11.420586585998535,122400,0.0,0.0
2024-10-29 00:00:00-04:00,11.429399577185793,11.429399577185793,11.261967658996582,11.261967658996582,85600,0.0,0.0
2024-10-30 00:00:00-04:00,11.297214310297468,11.438209053578097,11.297214310297468,11.394148826599121,85300,0.0,0.0
2024-10-31 00:00:00-04:00,11.464646632111045,11.464646632111045,11.34127580687413,11.385336875915527,77700,0.0,0.0
2024-11-01 00:00:00-04:00,11.517520644686188,11.526333027646208,11.350089570421284,11.37652587890625,84000,0.0,0.0
2024-11-04 00:00:00-05:00,11.429398219645556,11.543956665748434,11.411773455447415,11.526331901550293,64000,0.0,0.0
2024-11-05 00:00:00-05:00,11.570392248388767,11.614453315734863,11.526331181042673,11.614453315734863,116400,0.0,0.0
2024-11-06 00:00:00-05:00,11.702576656000574,12.01981572403959,11.632079272079705,11.9581298828125,204900,0.0,0.0
2024-11-07 00:00:00-05:00,12.028626608368409,12.028626608368409,11.764261853332227,11.878819465637207,131900,0.0,0.0
2024-11-08 00:00:00-05:00,11.676139239571505,11.958128748506445,11.676139239571505,11.834758758544922,117900,0.0,0.0
2024-11-11 00:00:00-05:00,11.896443504066317,12.01100194976769,11.87881873992995,11.966940879821777,83500,0.0,0.0
2024-11-12 00:00:00-05:00,12.028625734924221,12.037438116890876,11.817133610094498,11.896443367004395,64600,0.0,0.0
2024-11-13 00:00:00-05:00,11.94050443644267,11.95812835998098,11.843569915599463,11.896443367004395,94200,0.0,0.0
2024-11-14 00:00:00-05:00,11.931694551308889,12.002191941004453,11.861197161613326,11.940506935119629,62800,0.0,0.0
2024-11-15 00:00:00-05:00,11.962656802568944,12.00696310788925,11.714542675876698,11.847460746765137,94300,0.075,0.0
2024-11-18 00:00:00-05:00,11.927211148191821,12.015823753043891,11.89176627526548,11.962656021118164,69900,0.0,0.0
2024-11-19 00:00:00-05:00,11.92721344774348,11.971519758711715,11.882907136775245,11.909490585327148,75900,0.0,0.0
2024-11-20 00:00:00-05:00,11.936072577691515,11.998100894044505,11.865182831838831,11.962656021118164,64100,0.0,0.0
2024-11-21 00:00:00-05:00,11.989242087223664,12.19305078493815,11.989242087223664,12.139883041381836,91800,0.0,0.0
2024-11-22 00:00:00-05:00,12.166465819974965,12.184188681874343,12.068992614746094,12.068992614746094,49300,0.0,0.0
2024-11-25 00:00:00-05:00,12.166466203271545,12.272801687872702,12.166466203271545,12.210772514343262,124500,0.0,0.0
2024-11-26 00:00:00-05:00,12.246217504945731,12.263940367563748,12.157605727073454,12.219634056091309,73400,0.0,0.0
2024-11-27 00:00:00-05:00,12.272800901316872,12.272800901316872,12.131020545959473,12.131020545959473,83700,0.0,0.0
2024-11-29 00:00:00-05:00,12.193048641240239,12.2639383901369,12.113297462463379,12.113297462463379,44300,0.0,0.0
2024-12-02 00:00:00-05:00,12.104437042584859,12.148743350610335,11.97151896358097,12.015825271606445,100700,0.0,0.0
2024-12-03 00:00:00-05:00,12.095576349324757,12.166466108458021,11.998103141784668,11.998103141784668,84000,0.0,0.0
2024-12-04 00:00:00-05:00,12.03354604311565,12.051268902521738,11.838598815010922,11.891766548156738,109800,0.0,0.0
2024-12-05 00:00:00-05:00,11.989241600036621,12.033547910354377,11.918351841557243,11.989241600036621,115400,0.0,0.0
2024-12-06 00:00:00-05:00,12.024686991600346,12.024686991600346,11.891768900056546,11.94493579864502,104100,0.0,0.0
2024-12-09 00:00:00-05:00,12.006964177933504,12.166465708199693,11.998102747065227,12.060131072998047,105000,0.0,0.0
2024-12-10 00:00:00-05:00,12.060132460704882,12.131022225662955,11.794296264648438,11.794296264648438,78600,0.0,0.0
2024-12-11 00:00:00-05:00,11.829739348202349,11.918351118388594,11.812016487121582,11.812016487121582,83900,0.0,0.0
2024-12-12 00:00:00-05:00,11.812017106425406,11.900629726330138,11.76771079647304,11.776572227478027,50900,0.0,0.0
2024-12-13 00:00:00-05:00,11.812016546367293,11.918351178167649,11.723403930664062,11.723403930664062,82000,0.0,0.0
2024-12-16 00:00:00-05:00,11.738580659981132,11.943894686703857,11.524340602690359,11.542194366455078,101800,0.097,0.0
2024-12-17 00:00:00-05:00,11.515413441769233,11.533267205101325,11.35473382835186,11.363659858703613,81500,0.0,0.0
2024-12-18 00:00:00-05:00,11.354736058512154,11.408295656399378,11.185128678802206,11.292248725891113,140900,0.0,0.0
2024-12-19 00:00:00-05:00,11.265467643737793,11.354734765134342,11.229760965442045,11.265467643737793,66400,0.0,0.0
2024-12-20 00:00:00-05:00,11.247616011423247,11.33688229167344,11.247616011423247,11.292248725891113,79800,0.0,0.0
2024-12-23 00:00:00-05:00,11.27439434073153,11.47078149378571,11.265467458475806,11.3190279006958,96800,0.0,0.0
2024-12-24 00:00:00-05:00,11.319029376149185,11.43507630665745,11.292248725891113,11.292248725891113,106900,0.0,0.0
2024-12-26 00:00:00-05:00,11.327952047468289,11.327952047468289,11.247612674472602,11.301172256469727,101200,0.0,0.0
2024-12-27 00:00:00-05:00,11.256538178574296,11.327951518780328,11.176198809328136,11.211905479431152,117500,0.0,0.0
2024-12-30 00:00:00-05:00,11.211907078245382,11.292246458947911,11.140492876541542,11.16727352142334,97700,0.0,0.0
2024-12-31 00:00:00-05:00,11.211906641020363,11.319026662427385,11.158346204659724,11.256539344787598,144100,0.0,0.0
2025-01-02 00:00:00-05:00,11.319026153512526,11.515412424938548,11.292245510879164,11.39936637878418,90400,0.0,0.0
2025-01-03 00:00:00-05:00,11.497559706249787,11.586825962573764,11.452926152430683,11.577899932861328,64000,0.0,0.0
2025-01-06 00:00:00-05:00,11.63145921143722,11.667165883293492,11.604679420373566,11.649312973022461,86300,0.0,0.0
2025-01-07 00:00:00-05:00,11.738580860479797,11.809994214129816,11.667167506829776,11.702874183654785,74500,0.0,0.0
2025-01-08 00:00:00-05:00,11.720727586016961,11.738580498221353,11.60468067708836,11.693947792053223,52700,0.0,0.0
2025-01-10 00:00:00-05:00,11.747507864518308,11.872481660360922,11.72072806945001,11.801068305969238,60200,0.0,0.0
2025-01-13 00:00:00-05:00,11.801067838863402,11.988528099550166,11.783214075314994,11.908187866210938,95400,0.0,0.0
2025-01-14 00:00:00-05:00,11.8635541802993,11.961747324810256,11.801067711184537,11.926040649414062,98000,0.0,0.0
2025-01-15 00:00:00-05:00,12.004270505050677,12.139149602057383,11.98628616809491,12.085197448730469,73600,0.097,0.0
2025-01-16 00:00:00-05:00,12.031246195647185,12.094189660135006,11.995278379148376,12.067214012145996,49000,0.0,0.0
2025-01-17 00:00:00-05:00,12.094189697044168,12.193101835873048,11.986286247218437,12.112174034118652,78300,0.0,0.0
2025-01-21 00:00:00-05:00,12.148142721480216,12.148142721480216,11.977294937188177,12.049230575561523,91300,0.0,0.0
2025-01-22 00:00:00-05:00,12.085198442569563,12.148142769550653,11.887375865030297,11.93233585357666,91000,0.0,0.0
2025-01-23 00:00:00-05:00,11.950319312898703,12.067214939892049,11.932335832036895,12.058222770690918,79700,0.0,0.0
2025-01-24 00:00:00-05:00,12.094191536919672,12.139151528905202,11.968304588408811,11.986288070678711,54500,0.0,0.0
2025-01-27 00:00:00-05:00,11.986289020527657,12.013264674840443,11.905361200048711,11.914353370666504,56600,0.0,0.0
2025-01-28 00:00:00-05:00,11.95032021958411,11.95032021958411,11.734513287626147,11.77048110961914,49900,0.0,0.0
2025-01-29 00:00:00-05:00,11.74350537154435,11.842416666915899,11.662577558267394,11.671568870544434,79400,0.0,0.0
2025-01-30 00:00:00-05:00,11.752493953092575,12.022252982156234,11.698542661804032,11.941325187683105,242900,0.0,0.0
2025-01-31 00:00:00-05:00,12.040239198715708,12.13915048655829,11.806447946498212,11.86039924621582,124100,0.0,0.0
2025-02-03 00:00:00-05:00,11.914351522622322,12.094190619380228,11.896367184176304,11.968303680419922,184200,0.0,0.0
2025-02-04 00:00:00-05:00,11.968303625546847,12.076207083106869,11.896367129633049,12.049230575561523,161300,0.0,0.0
2025-02-05 00:00:00-05:00,12.067214954971774,12.130158424377441,12.004271485566106,12.130158424377441,139200,0.0,0.0
2025-02-06 00:00:00-05:00,12.148142721480216,12.148142721480216,12.01326275637485,12.049230575561523,116500,0.0,0.0
2025-02-07 00:00:00-05:00,12.040238321421825,12.121165265101617,11.98628616809491,12.085197448730469,83400,0.0,0.0
2025-02-10 00:00:00-05:00,12.18410876139162,12.211084407457193,12.112173133523209,12.193100929260254,96200,0.0,0.0
2025-02-11 00:00:00-05:00,12.229069693330256,12.265037510058978,12.202093187628423,12.2560453414917,79500,0.0,0.0
2025-02-12 00:00:00-05:00,12.139150612027223,12.25604623934419,12.103182792663574,12.103182792663574,56200,0.0,0.0
2025-02-13 00:00:00-05:00,12.103180965654577,12.238060053522766,12.085196629917311,12.193100929260254,99400,0.0,0.0
2025-02-14 00:00:00-05:00,12.27189636480573,12.425861183176352,12.226612442275728,12.407747268676758,87300,0.097,0.0
2025-02-18 00:00:00-05:00,12.45303119120676,12.489258156486967,12.280953322055527,12.407747268676758,119800,0.0,0.0
2025-02-19 00:00:00-05:00,12.425860590281895,12.625108457956513,12.380576669912594,12.579825401306152,77300,0.0,0.0
2025-02-20 00:00:00-05:00,12.552654179475246,12.616052011705191,12.398689372760822,12.534541130065918,115900,0.0,0.0
2025-02-21 00:00:00-05:00,12.534539882118795,12.606993799980385,12.253780302616008,12.3715181350708,89300,0.0,0.0
2025-02-24 00:00:00-05:00,12.371520736095114,12.371520736095114,12.12698892783088,12.20849895477295,95300,0.0,0.0
2025-02-25 00:00:00-05:00,12.208498868583986,12.208498868583986,11.982080113332334,12.063591003417969,87400,0.0,0.0
2025-02-26 00:00:00-05:00,12.06359047566481,12.081704389877626,11.828115636930995,11.85528564453125,102200,0.0,0.0
2025-02-27 00:00:00-05:00,11.909625745791192,12.027363597868364,11.81000180805773,11.873398780822754,116600,0.0,0.0
2025-02-28 00:00:00-05:00,11.87339819061657,12.090760833341456,11.810001221002901,12.045476913452148,50300,0.0,0.0
2025-03-03 00:00:00-05:00,12.136045112410814,12.271896885767953,11.900570259952671,11.954910278320312,113800,0.0,0.0
2025-03-04 00:00:00-05:00,11.909626445107058,11.918683402810723,11.628867666045656,11.828116416931152,105100,0.0,0.0
2025-03-05 00:00:00-05:00,11.800943888370572,11.828114757670006,11.63792299116849,11.737546920776367,126400,0.0,0.0
2025-03-06 00:00:00-05:00,11.692261516715723,11.828113254794918,11.665091514587402,11.665091514587402,69700,0.0,0.0
2025-03-07 00:00:00-05:00,11.737546233467024,11.773773193359375,11.710376229477474,11.773773193359375,105700,0.0,0.0
2025-03-10 00:00:00-04:00,11.728493012198578,11.800946955054359,11.619812097914904,11.62886905670166,142100,0.0,0.0
2025-03-11 00:00:00-04:00,11.656035864174372,11.773773704869333,11.628865859004426,11.719432830810547,62700,0.0,0.0
2025-03-12 00:00:00-04:00,11.764716237456573,11.810000153251726,11.728489277564222,11.773773193359375,54800,0.0,0.0
2025-03-13 00:00:00-04:00,11.800943197348925,11.900567984842032,11.746603189369825,11.773773193359375,29800,0.0,0.0
2025-03-14 00:00:00-04:00,11.853161903972248,12.03565845222116,11.853161903972248,11.935285568237305,49300,0.097,0.0
2025-03-17 00:00:00-04:00,11.935283211241492,12.13602980977768,11.871409649521256,12.090405464172363,95000,0.0,0.0
2025-03-18 00:00:00-04:00,12.136033348131072,12.209031974298082,12.090408989223624,12.126908302307129,65600,0.0,0.0
2025-03-19 00:00:00-04:00,12.17252934294767,12.309401512145996,11.898784134338989,12.309401512145996,112700,0.0,0.0
2025-03-20 00:00:00-04:00,12.300277134019847,12.373276614447132,12.227278523804637,12.318527221679688,73200,0.0,0.0
2025-03-21 00:00:00-04:00,12.318526843386014,12.35502614737275,12.263777452299886,12.300276756286621,50400,0.0,0.0
2025-03-24 00:00:00-04:00,12.36415357255149,12.446277239893623,12.345903481936698,12.373278617858887,75900,0.0,0.0
2025-03-25 00:00:00-04:00,12.446275716278752,12.546648591736282,12.437150672088402,12.473649978637695,56700,0.0,0.0
2025-03-26 00:00:00-04:00,12.519273661111534,12.5648980094158,12.418899920799738,12.464524269104004,68500,0.0,0.0
2025-03-27 00:00:00-04:00,12.455399890256993,12.519274329377339,12.455399890256993,12.473649978637695,38900,0.0,0.0
2025-03-28 00:00:00-04:00,12.437150857303434,12.510149471489123,12.31852789169866,12.355027198791504,68600,0.0,0.0
2025-03-31 00:00:00-04:00,12.355026915971667,12.501024141001011,12.227278908964939,12.391526222229004,176300,0.0,0.0
2025-04-01 00:00:00-04:00,12.418900866404059,12.4554001737842,12.318527988661701,12.437150955200195,79700,0.0,0.0
2025-04-02 00:00:00-04:00,12.400651647820053,12.437150955200195,12.263778592485423,12.437150955200195,56600,0.0,0.0
2025-04-03 00:00:00-04:00,12.08128144726764,12.10865657908345,11.81666126453274,11.862285614013672,137500,0.0,0.0
2025-04-04 00:00:00-04:00,11.615915162564141,11.743663172716959,10.785555272101142,10.858553886413574,244800,0.0,0.0
2025-04-07 00:00:00-04:00,10.539184467109692,10.749055251780668,10.155941332290281,10.457060813903809,334300,0.0,0.0
2025-04-08 00:00:00-04:00,10.785555729713906,10.86767939185279,10.155942437002736,10.283690452575684,185400,0.0,0.0
2025-04-09 00:00:00-04:00,10.238065127511026,11.15967280239674,10.11031712406184,10.90417766571045,199300,0.0,0.0
2025-04-10 00:00:00-04:00,10.895053765402587,11.041051871902363,10.32018986507318,10.44793701171875,215300,0.0,0.0
2025-04-11 00:00:00-04:00,10.493560983878332,10.840304842553682,10.36581297166779,10.657808303833008,106400,0.0,0.0
2025-04-14 00:00:00-04:00,10.885927386226847,10.922426687907082,10.612182188519093,10.822052955627441,102000,0.0,0.0
2025-04-15 00:00:00-04:00,10.837694826689079,11.012496851451521,10.837694826689079,10.975696563720703,75800,0.097,0.0
2025-04-16 00:00:00-04:00,11.030897599431679,11.196499348569604,10.948096724862715,11.095298767089844,92600,0.0,0.0
2025-04-17 00:00:00-04:00,11.18729687412685,11.343698300606254,11.18729687412685,11.270097732543945,73700,0.0,0.0
2025-04-21 00:00:00-04:00,11.27009838726887,11.288498969047401,10.856094948520273,10.994095802307129,97100,0.0,0.0
2025-04-22 00:00:00-04:00,11.122898097389394,11.27009925337795,11.122898097389394,11.20569896697998,91400,0.0,0.0
2025-04-23 00:00:00-04:00,11.426501386191742,11.481701384303657,11.224099345875704,11.297699928283691,149700,0.0,0.0
2025-04-24 00:00:00-04:00,11.380497751699474,11.500098885394122,11.3160974787054,11.472498893737793,72000,0.0,0.0
2025-04-25 00:00:00-04:00,11.472500141145938,11.582900997163087,11.389699279786072,11.500100135803223,100000,0.0,0.0
2025-04-28 00:00:00-04:00,11.454098904055423,11.601300036984616,11.454098904055423,11.52769947052002,43500,0.0,0.0
2025-04-29 00:00:00-04:00,11.444897283936848,11.555298998192384,11.444897283936848,11.546098709106445,57400,0.0,0.0
2025-04-30 00:00:00-04:00,11.389699076787863,11.472499936671971,11.224097357019646,11.343698501586914,100300,0.0,0.0
2025-05-01 00:00:00-04:00,11.435699192586451,11.58290032540563,11.316098052823879,11.44489860534668,103700,0.0,0.0
2025-05-02 00:00:00-04:00,11.573701858520508,11.573701858520508,11.408100119316883,11.573701858520508,46600,0.0,0.0
2025-05-05 00:00:00-04:00,11.518500511872919,11.564500209685873,11.325298797939332,11.343698501586914,100700,0.0,0.0
2025-05-06 00:00:00-04:00,11.31609984429113,11.454100708809227,11.306899552686431,11.408100128173828,87000,0.0,0.0
2025-05-07 00:00:00-04:00,11.44489936124872,11.44489936124872,11.325299090974859,11.371298789978027,43900,0.0,0.0
2025-05-08 00:00:00-04:00,11.481698989868164,11.628901001374242,11.435699293497231,11.481698989868164,82600,0.0,0.0
2025-05-09 00:00:00-04:00,11.592100717844714,11.610500420915495,11.435699293497231,11.481698989868164,75200,0.0,0.0
2025-05-12 00:00:00-04:00,11.766901868991923,11.80370215259566,11.656501018180707,11.730101585388184,91300,0.0,0.0
2025-05-13 00:00:00-04:00,11.766901868991923,11.858903016695253,11.665701308428634,11.730101585388184,82500,0.0,0.0
2025-05-14 00:00:00-04:00,11.71170100489233,11.822102733091514,11.601300154081116,11.730101585388184,85400,0.0,0.0
2025-05-15 00:00:00-04:00,11.662426265675023,11.755132711025023,11.541908240365698,11.699508666992188,67900,0.097,0.0
2025-05-16 00:00:00-04:00,11.745861206255443,11.76440196377817,11.58826078879865,11.736590385437012,52300,0.0,0.0
2025-05-19 00:00:00-04:00,11.63461574396103,11.727321313629028,11.560450934580924,11.64388656616211,131900,0.0,0.0
2025-05-20 00:00:00-04:00,11.643885803321048,11.671697383987965,11.504826131758046,11.578990936279297,118100,0.0,0.0
2025-05-21 00:00:00-04:00,11.523367234358604,11.634614435921625,11.504825592041016,11.504825592041016,87700,0.0,0.0
2025-05-22 00:00:00-04:00,11.467743710412835,11.514096934190027,11.319414101617182,11.375038146972656,61100,0.0,0.0
2025-05-23 00:00:00-04:00,11.263790888767918,11.393579748113904,11.235979306091732,11.328685760498047,87200,0.0,0.0
2025-05-27 00:00:00-04:00,11.439932400370232,11.449203222167785,11.356496772420702,11.412120819091797,63000,0.0,0.0
2025-05-28 00:00:00-04:00,11.477014531991115,11.477014531991115,11.337954860659536,11.375038146972656,79300,0.0,0.0
2025-05-29 00:00:00-04:00,11.412120032795581,11.504825592041016,11.3379543476394,11.504825592041016,213100,0.0,0.0
2025-05-30 00:00:00-04:00,11.467743720039914,11.532637702913938,11.365767334935846,11.477014541625977,103100,0.0,0.0
2025-06-02 00:00:00-04:00,11.606804580728364,11.727321737238608,11.514098123597392,11.671698570251465,127000,0.0,0.0
2025-06-03 00:00:00-04:00,11.671696407936262,11.782943605415033,11.597531609617082,11.736590385437012,69700,0.0,0.0
2025-06-04 00:00:00-04:00,11.773672784596602,11.820026004574624,11.6531547662994,11.736590385437012,68200,0.0,0.0
2025-06-05 00:00:00-04:00,11.755134582519531,11.810757751293755,11.708781352464792,11.755134582519531,118200,0.0,0.0
2025-06-06 00:00:00-04:00,11.847838401794434,11.884920803517023,11.773673598349257,11.847838401794434,81800,0.0,0.0
2025-06-09 00:00:00-04:00,11.875652467912245,11.940546458650866,11.866381645202637,11.866381645202637,88500,0.0,0.0
2025-06-10 00:00:00-04:00,11.931274375971906,12.023980825049339,11.931274375971906,11.986898422241211,95500,0.0,0.0
2025-06-11 00:00:00-04:00,12.042523539300005,12.070336009006661,12.023982776943267,12.033252716064453,88800,0.0,0.0
2025-06-12 00:00:00-04:00,12.070334325586717,12.135228310956245,12.070334325586717,12.125957489013672,72700,0.0,0.0
2025-06-13 00:00:00-04:00,12.291272897841237,12.375331898535121,12.197874700963366,12.328632354736328,142100,0.097,0.0
2025-06-16 00:00:00-04:00,12.35665056820556,12.44070956103193,12.253912294039786,12.319291114807129,90700,0.0,0.0
2025-06-17 00:00:00-04:00,12.375331424986852,12.496749877929688,12.375331424986852,12.496749877929688,61700,0.0,0.0
2025-06-18 00:00:00-04:00,12.524769365251938,12.56212882107063,12.506090082702435,12.552788734436035,45500,0.0,0.0
2025-06-20 00:00:00-04:00,12.562128784261924,12.646187782287598,12.543449501767157,12.646187782287598,61700,0.0,0.0
2025-06-23 00:00:00-04:00,12.692887834045349,12.692887834045349,12.235234260559082,12.235234260559082,121800,0.0,0.0
2025-06-24 00:00:00-04:00,12.188535050168777,12.337972883096068,12.151175591936955,12.253913879394531,60400,0.0,0.0
2025-06-25 00:00:00-04:00,12.253912294039786,12.375330740264587,12.207212754611843,12.319291114807129,37200,0.0,0.0
2025-06-26 00:00:00-04:00,12.384670826294101,12.394010912323616,12.253912294039786,12.319291114807129,33000,0.0,0.0
2025-06-27 00:00:00-04:00,12.375332098489938,12.431371730097894,12.216554181440413,12.337972640991211,57300,0.0,0.0
2025-06-30 00:00:00-04:00,12.440709947722338,12.440709947722338,12.337971670363187,12.384671211242676,114500,0.0,0.0
2025-07-01 00:00:00-04:00,12.42203149877167,12.543449956912292,12.272593670512356,12.52476978302002,87600,0.0,0.0
2025-07-02 00:00:00-04:00,12.580808776353845,12.608828145052454,12.487409693065588,12.590147972106934,64400,0.0,0.0
2025-07-03 00:00:00-04:00,12.674207771006234,12.683547858070078,12.534110027927472,12.627509117126465,78600,0.0,0.0
2025-07-07 00:00:00-04:00,12.599487210961785,12.599487210961785,12.431370119360372,12.45004940032959,90900,0.0,0.0
2025-07-08 00:00:00-04:00,12.47807039626413,12.627509117126465,12.440710938728477,12.627509117126465,74800,0.0,0.0
2025-07-09 00:00:00-04:00,12.608828839615716,12.739587385278238,12.59014866564119,12.720907211303711,104500,0.0,0.0
2025-07-10 00:00:00-04:00,12.711566588681084,12.739586848462165,12.66486793715198,12.692887306213379,54900,0.0,0.0
2025-07-11 00:00:00-04:00,12.71156712431645,12.739587385278238,12.683547754074379,12.720907211303711,81300,0.0,0.0
2025-07-14 00:00:00-04:00,12.730247402669574,12.739587489733418,12.580809572526968,12.627509117126465,43100,0.0,0.0
2025-07-15 00:00:00-04:00,12.66231574136592,12.690537590545809,12.502390434085862,12.55883502960205,74600,0.097,0.0
2025-07-16 00:00:00-04:00,12.55883426332164,12.615277958237492,12.417723231719297,12.474167823791504,43200,0.0,0.0
2025-07-17 00:00:00-04:00,12.445945201572515,12.483575528094953,12.41772335383705,12.455352783203125,95500,0.0,0.0
2025-07-18 00:00:00-04:00,12.502389621494281,12.502389621494281,12.361279487609863,12.361279487609863,73500,0.0,0.0
2025-07-21 00:00:00-04:00,12.474168249700094,12.474168249700094,12.389501807279172,12.417723655700684,89200,0.0,0.0
2025-07-22 00:00:00-04:00,12.417724717845388,12.51179875017219,12.408317135181415,12.464761734008789,60400,0.0,0.0
2025-07-23 00:00:00-04:00,12.5023896065381,12.540019035339355,12.464760177736848,12.540019035339355,59500,0.0,0.0
2025-07-24 00:00:00-04:00,12.45535502694149,12.549429065881586,12.417725590796758,12.530613899230957,63100,0.0,0.0
2025-07-25 00:00:00-04:00,12.56824333537569,12.577650918701005,12.483577776917434,12.530613899230957,66200,0.0,0.0
2025-07-28 00:00:00-04:00,12.558834434874532,12.634093293894603,12.53061168987473,12.568241119384766,65800,0.0,0.0
2025-07-29 00:00:00-04:00,12.549426843982502,12.652907550769937,12.549426843982502,12.634093284606934,47100,0.0,0.0
2025-07-30 00:00:00-04:00,12.61527800754137,12.671722599834178,12.511797301686972,12.587056159973145,67400,0.0,0.0
2025-07-31 00:00:00-04:00,12.596466064453125,12.652909769998319,12.54002146175141,12.596466064453125,81700,0.0,0.0
2025-08-01 00:00:00-04:00,12.577650034507075,12.577650034507075,12.417724717845388,12.464761734008789,57700,0.0,0.0
2025-08-04 00:00:00-04:00,12.502391167508218,12.521206332836163,12.417724717845388,12.464761734008789,72500,0.0,0.0
2025-08-05 00:00:00-04:00,12.436539123578111,12.436539123578111,12.286021398773673,12.380094528198242,47800,0.0,0.0
2025-08-06 00:00:00-04:00,12.445947289690146,12.521207058205357,12.436540603637695,12.436540603637695,60000,0.0,0.0
2025-08-07 00:00:00-04:00,12.483575528094953,12.521204957461027,12.43653851709827,12.455352783203125,54600,0.0,0.0
2025-08-08 00:00:00-04:00,12.502391167508218,12.521206332836163,12.445946568680844,12.464761734008789,61200,0.0,0.0
2025-08-11 00:00:00-04:00,12.464761807182397,12.502391240902726,12.398910522460938,12.398910522460938,72200,0.0,0.0
2025-08-12 00:00:00-04:00,12.455352596247447,12.587056045630009,12.408315585956792,12.540019035339355,108000,0.0,0.0
2025-08-13 00:00:00-04:00,12.568241578038098,12.690537452697754,12.474168449408177,12.690537452697754,68900,0.0,0.0
2025-08-14 00:00:00-04:00,12.615279826163107,12.718761444091797,12.502391522459844,12.718761444091797,85900,0.0,0.0
2025-08-15 00:00:00-04:00,12.734867002761565,12.772768357688491,12.640114067264042,12.659064292907715,30600,0.097,0.0
2025-08-18 00:00:00-04:00,12.65906506526786,12.715917552946747,12.56431212398923,12.573787689208984,111600,0.0,0.0
2025-08-19 00:00:00-04:00,12.583261252672978,12.583261252672978,12.51693410920221,12.564311027526855,53400,0.0,0.0
2025-08-20 00:00:00-04:00,12.573786159772117,12.611687512401293,12.488507890446593,12.535883903503418,79700,0.0,0.0
2025-08-21 00:00:00-04:00,12.526409243075769,12.564310595704942,12.497982550874243,12.535883903503418,51500,0.0,0.0
2025-08-22 00:00:00-04:00,12.59273705478351,12.649589538574219,12.554835700136229,12.649589538574219,106300,0.0,0.0
2025-08-25 00:00:00-04:00,12.6685399502497,12.744342660658228,12.621163030334474,12.734867095947266,78200,0.0,0.0
2025-08-26 00:00:00-04:00,12.725393009550213,12.772769027965337,12.678016087495461,12.706441879272461,47800,0.0,0.0
2025-08-27 00:00:00-04:00,12.696966026059158,12.782244303094954,12.696966026059158,12.75381851196289,78300,0.0,0.0
2025-08-28 00:00:00-04:00,12.772767453580695,12.867521286010742,12.734866101336578,12.867521286010742,101400,0.0,0.0
2025-08-29 00:00:00-04:00,12.876997518164686,12.962275791048885,12.848571728416474,12.914898872375488,126400,0.0,0.0
2025-09-02 00:00:00-04:00,12.858048429608141,12.95280228199087,12.839098201315421,12.924376487731934,93300,0.0,0.0
2025-09-03 00:00:00-04:00,12.86752248784395,12.971750990340384,12.640114353139218,12.67801570892334,127900,0.0,0.0
2025-09-04 00:00:00-04:00,12.696966912229158,12.886474609375,12.696966912229158,12.886474609375,192600,0.0,0.0
2025-09-05 00:00:00-04:00,12.886473948213755,12.886473948213755,12.734867617547556,12.7727689743042,50500,0.0,0.0
2025-09-08 00:00:00-04:00,12.791720681622596,12.886474529609,12.725393530215914,12.744343757629395,52300,0.0,0.0
2025-09-09 00:00:00-04:00,12.791721284493214,12.952802291478008,12.74434435826715,12.858048439025879,70100,0.0,0.0
2025-09-10 00:00:00-04:00,12.867523995574356,12.95280228199087,12.848573767281634,12.924376487731934,60900,0.0,0.0
2025-09-11 00:00:00-04:00,12.924374867946582,12.924374867946582,12.83909659221782,12.876997947692871,79900,0.0,0.0
2025-09-12 00:00:00-04:00,12.876997518164686,12.9433246621237,12.876997518164686,12.914898872375488,56100,0.0,0.0
2025-09-15 00:00:00-04:00,12.959751716506972,13.045641233336108,12.730713611706962,12.759343147277832,77800,0.097,0.0
2025-09-16 00:00:00-04:00,12.79751771232366,12.88340723953925,12.740258634257692,12.807061195373535,76300,0.0,0.0
2025-09-17 00:00:00-04:00,12.8070596466403,12.864318717782037,12.711626647915365,12.759343147277832,50600,0.0,0.0
2025-09-18 00:00:00-04:00,12.730714140188885,12.845233197342845,12.692541121137564,12.816603660583496,93900,0.0,0.0
2025-09-19 00:00:00-04:00,12.787973810310733,12.787973810310733,12.702085196025687,12.74025821685791,57200,0.0,0.0
2025-09-22 00:00:00-04:00,12.711628132014232,12.721171615024245,12.682998593100827,12.69254207611084,57000,0.0,0.0
2025-09-23 00:00:00-04:00,12.702085612174834,12.88340723953925,12.702085612174834,12.807061195373535,93900,0.0,0.0
2025-09-24 00:00:00-04:00,12.854777165026782,12.959752743852613,12.835690199722123,12.873863220214844,110600,0.0,0.0
2025-09-25 00:00:00-04:00,12.883407642208281,13.026556251963928,12.883407642208281,12.997926712036133,115400,0.0,0.0
2025-09-26 00:00:00-04:00,13.017012659847248,13.112444755509001,12.9215796540689,13.007469177246094,64700,0.0,0.0
2025-09-29 00:00:00-04:00,12.988382811537099,13.064728855636975,12.816604667370692,12.931123733520508,83500,0.0,0.0
2025-09-30 00:00:00-04:00,12.854778465461314,12.969297538524625,12.807061957489093,12.950210571289062,95300,0.0,0.0
2025-10-01 00:00:00-04:00,12.883406045733388,13.01701206570147,12.835689545022177,12.959752082824707,70400,0.0,0.0
2025-10-02 00:00:00-04:00,12.883407066883013,12.978840075869536,12.826147079467773,12.826147079467773,45000,0.0,0.0
2025-10-03 00:00:00-04:00,12.835692036474603,13.045644134286436,12.826148552456626,12.883408546447754,43500,0.0,0.0
2025-10-06 00:00:00-04:00,12.931123970074019,13.121989083815274,12.883407464109542,12.902494430541992,63300,0.0,0.0
2025-10-07 00:00:00-04:00,12.864321578411802,12.978841566394058,12.797519010519427,12.883408546447754,63300,0.0,0.0
2025-10-08 00:00:00-04:00,12.940666325731263,12.940666325731263,12.835689839732998,12.921579360961914,65100,0.0,0.0
2025-10-09 00:00:00-04:00,12.96929586276871,13.064727956265727,12.892949823924466,12.921579360961914,53900,0.0,0.0
2025-10-10 00:00:00-04:00,12.83569166560369,12.864321206713678,12.568480491638184,12.568480491638184,99200,0.0,0.0
2025-10-13 00:00:00-04:00,12.702084371296463,12.721170425415039,12.568478352000236,12.721170425415039,63900,0.0,0.0
2025-10-14 00:00:00-04:00,12.70208592495637,12.70208592495637,12.597109429056045,12.64482593536377,96400,0.0,0.0
2025-10-15 00:00:00-04:00,12.738078601822494,12.738078601822494,12.603487252575144,12.699624061584473,81000,0.097,0.0
2025-10-16 00:00:00-04:00,12.738078375489325,12.738078375489325,12.497737274064997,12.526577949523926,80800,0.0,0.0
2025-10-17 00:00:00-04:00,12.536192172351114,12.536192172351114,12.430442414756588,12.478509902954102,104700,0.0,0.0
2025-10-20 00:00:00-04:00,12.526577859612832,12.56503239889157,12.468896509108994,12.51696491241455,94300,0.0,0.0
2025-10-21 00:00:00-04:00,12.497735977172852,12.526576649638978,12.420826906044217,12.497735977172852,130800,0.0,0.0
2025-10-22 00:00:00-04:00,12.507350295751184,12.690009117126465,12.507350295751184,12.690009117126465,104500,0.0,0.0
2025-10-23 00:00:00-04:00,12.776532173156738,12.882281921584658,12.757305362910065,12.776532173156738,104500,0.0,0.0
2025-10-24 00:00:00-04:00,12.805372728020611,12.805372728020611,12.603486179748733,12.690009117126465,67700,0.0,0.0
2025-10-27 00:00:00-04:00,12.71885038956858,12.75730584517263,12.690009714694067,12.738078117370605,47500,0.0,0.0
2025-10-28 00:00:00-04:00,12.709236497552315,12.75730489665492,12.661168098449707,12.661168098449707,76800,0.0,0.0
2025-10-29 00:00:00-04:00,12.69962309851307,12.920736458906491,12.69962309851307,12.776532173156738,68200,0.0,0.0
2025-10-30 00:00:00-04:00,12.766918309619157,12.834214437553733,12.709236962050651,12.776532173156738,51900,0.0,0.0
2025-10-31 00:00:00-04:00,12.766918436673917,12.930350451125287,12.766918436673917,12.78614616394043,60300,0.0,0.0
2025-11-03 00:00:00-05:00,12.834213603602473,12.87266813842558,12.718849082304727,12.863054275512695,95000,0.0,0.0
2025-11-04 00:00:00-05:00,12.795760498268697,12.824601173400879,12.738078231175798,12.824601173400879,47900,0.0,0.0
2025-11-05 00:00:00-05:00,12.834213603602473,12.882281084510034,12.786145205866484,12.863054275512695,63000,0.0,0.0
2025-11-06 00:00:00-05:00,12.853441102520748,12.968804713182319,12.853441102520748,12.920736312866211,59300,0.0,0.0
2025-11-07 00:00:00-05:00,12.89189588322605,13.055327897294639,12.88228201961531,13.016873359680176,48300,0.0,0.0
2025-11-10 00:00:00-05:00,13.122624165152562,13.218760975341015,13.074556676886905,13.180306434631348,92600,0.0,0.0
2025-11-11 00:00:00-05:00,13.237986905185576,13.362963457887366,13.237986905185576,13.34373664855957,92500,0.0,0.0
2025-11-12 00:00:00-05:00,13.286055209910488,13.449487225048392,13.286055209910488,13.334123611450195,53400,0.0,0.0
2025-11-13 00:00:00-05:00,13.362964552073343,13.449487493204211,13.276442527770996,13.276442527770996,85000,0.0,0.0
2025-11-14 00:00:00-05:00,13.331627037136728,13.457487623111072,13.215446472167969,13.215446472167969,78500,0.097,0.0
2025-11-17 00:00:00-05:00,13.341307981456028,13.447806678791773,13.070222150927593,13.215446472167969,75100,0.0,0.0
2025-11-18 00:00:00-05:00,13.128311584499807,13.234809351635402,13.089585039785623,13.157356262207031,71100,0.0,0.0
2025-11-19 00:00:00-05:00,13.060540895346655,13.15735772958648,12.915316567300676,13.021814346313477,56700,0.0,0.0
2025-11-20 00:00:00-05:00,13.060540909934256,13.19608429335865,12.895952845530976,12.915316581726074,84300,0.0,0.0
2025-11-21 00:00:00-05:00,12.954042767023388,12.992769315012291,12.83786312305668,12.93467903137207,78700,0.0,0.0
2025-11-24 00:00:00-05:00,12.983088069923078,13.021814619769506,12.828181870537358,12.9540433883667,89700,0.0,0.0
2025-11-25 00:00:00-05:00,12.944360473105736,13.079903848262056,12.886271114691388,12.905633926391602,57500,0.0,0.0
2025-11-26 00:00:00-05:00,12.876590019736396,13.263855510112355,12.876590019736396,13.234810829162598,113800,0.0,0.0
2025-11-28 00:00:00-05:00,13.360672150465495,13.515578344367793,13.263855317619688,13.457488059997559,74000,0.0,0.0
2025-12-01 00:00:00-05:00,13.47685171587158,13.660802589209887,13.302581787109375,13.302581787109375,169900,0.0,0.0
2025-12-02 00:00:00-05:00,13.292900783245729,13.33162825732235,13.167040185751917,13.25417423248291,114900,0.0,0.0
2025-12-03 00:00:00-05:00,13.302582209882956,13.602713660810467,13.263855660406545,13.544623374938965,109800,0.0,0.0
2025-12-04 00:00:00-05:00,13.554304744237074,13.670484388390028,13.554304744237074,13.573668479919434,82200,0.0,0.0
2025-12-05 00:00:00-05:00,13.573669236512533,13.728575437350907,13.573669236512533,13.58335018157959,105900,0.0,0.0
2025-12-08 00:00:00-05:00,13.515577224462715,13.53494003543922,13.350989176250907,13.360671043395996,93200,0.0,0.0
2025-12-09 00:00:00-05:00,13.409081095347394,13.54462355869683,13.409081095347394,13.428443908691406,37000,0.0,0.0
2025-12-10 00:00:00-05:00,13.457488256786867,13.457488256786867,13.292900192530464,13.447807312011719,70800,0.0,0.0
2025-12-11 00:00:00-05:00,13.380035233907455,13.43812551945365,13.312264003531698,13.389717102050781,42300,0.0,0.0
2025-12-12 00:00:00-05:00,13.389716323149173,13.447806605316162,13.244492002702268,13.273536682128906,47900,0.0,0.0
2025-12-15 00:00:00-05:00,13.29289939978129,13.389716228268984,13.167038815386473,13.225128173828125,59600,0.0,0.0
2025-12-16 00:00:00-05:00,13.196083488404456,13.21544630010467,12.905633926391602,12.905633926391602,106700,0.0,0.0
2025-12-17 00:00:00-05:00,12.954043116333855,13.070222763433389,12.895952831127207,13.021814346313477,82600,0.0,0.0
2025-12-18 00:00:00-05:00,13.050859301325884,13.186402687445277,12.934679651786595,12.9540433883667,89500,0.0,0.0
2025-12-19 00:00:00-05:00,12.973405505791495,13.176720112408715,12.944360825792959,12.992769241333008,109000,0.0,0.0
2025-12-22 00:00:00-05:00,13.077612792313014,13.116621294831539,13.01910050355326,13.08736515045166,77100,0.097,0.0
2025-12-23 00:00:00-05:00,13.06786093867955,13.184887380789172,13.028852434655041,13.136126518249512,50300,0.0,0.0
2025-12-24 00:00:00-05:00,13.184886677821984,13.194638105781129,13.04835645599742,13.106868743896484,46500,0.0,0.0
2025-12-26 00:00:00-05:00,13.067861700536746,13.116622565919167,12.950836181640625,12.950836181640625,90800,0.0,0.0
2025-12-29 00:00:00-05:00,13.019100189208984,13.0386039749793,12.941083186055645,13.019100189208984,95400,0.0,0.0
2025-12-30 00:00:00-05:00,13.08736529467059,13.194638445269634,13.058109149968319,13.175134658813477,90100,0.0,0.0
2025-12-31 00:00:00-05:00,13.233646669904866,13.24339902794588,13.106868805479822,13.204390525817871,164400,0.0,0.0
2026-01-02 00:00:00-05:00,13.15562947082886,13.565219202125423,13.15562947082886,13.53596305847168,130100,0.0,0.0
2026-01-05 00:00:00-05:00,13.809022976018365,13.809022976018365,13.457946451725652,13.594475746154785,257600,0.0,0.0
2026-01-06 00:00:00-05:00,13.633483590380083,13.672493021231249,13.204390081413468,13.253150939941406,152600,0.0,0.0
2026-01-07 00:00:00-05:00,13.301912293419965,13.35067222372619,13.067860349784228,13.09711742401123,64400,0.0,0.0
2026-01-08 00:00:00-05:00,13.106869698661795,13.360425444790714,13.019101260419736,13.311664581298828,122500,0.0,0.0
2026-01-09 00:00:00-05:00,13.36042541471402,13.477450928809436,13.311664551331903,13.418938636779785,92100,0.0,0.0
2026-01-12 00:00:00-05:00,13.467698857947015,13.506707360785343,13.389680922234287,13.487202644348145,85300,0.0,0.0
2026-01-13 00:00:00-05:00,13.506706724363799,13.867535591125488,13.506706724363799,13.867535591125488,148000,0.0,0.0
2026-01-14 00:00:00-05:00,13.916296925783822,14.35514280955341,13.916296925783822,14.228364944458008,146100,0.0,0.0
2026-01-15 00:00:00-05:00,14.19910938928826,14.277126397193463,14.072331518933282,14.267374038696289,94000,0.0,0.0
2026-01-16 00:00:00-05:00,14.218612098645234,14.394150818146246,14.218612098645234,14.384398460388184,76600,0.0,0.0
2026-01-20 00:00:00-05:00,14.381454234399309,14.509071350097656,14.136036920254659,14.509071350097656,97000,0.097,0.0
2026-01-21 00:00:00-05:00,14.587604522705078,14.725038552894816,14.558154707733255,14.587604522705078,88800,0.0,0.0
2026-01-22 00:00:00-05:00,14.57778934708311,14.685772632073009,14.528705695290322,14.626872062683105,56700,0.0,0.0
2026-01-23 00:00:00-05:00,14.69558966528645,14.911556236965348,14.69558966528645,14.7250394821167,84900,0.0,0.0
2026-01-26 00:00:00-05:00,14.882104929864365,14.882104929864365,14.577788001975742,14.607237815856934,102400,0.0,0.0
2026-01-27 00:00:00-05:00,14.656321814473818,14.901739120483398,14.646504897547182,14.901739120483398,102000,0.0,0.0
2026-01-28 00:00:00-05:00,14.980272543529216,15.048989089446824,14.833021598600839,15.039172172546387,42600,0.0,0.0
2026-01-29 00:00:00-05:00,15.22569042939809,15.372940443747986,15.078439478855435,15.206056594848633,104700,0.0,0.0
2026-01-30 00:00:00-05:00,15.176606445254073,15.284589724321629,14.911555301825432,15.235507011413574,118200,0.0,0.0
2026-02-02 00:00:00-05:00,15.088256374308761,15.107890208829824,14.106587116881833,14.185120582580566,729900,0.0,0.0
2026-02-03 00:00:00-05:00,14.165487672010803,14.509071350097656,14.165487672010803,14.509071350097656,449100,0.0,0.0
2026-02-04 00:00:00-05:00,14.479620502394608,14.656321255564814,14.352003395793092,14.597420692443848,298400,0.0,0.0
2026-02-05 00:00:00-05:00,14.430537661531206,14.469804393740013,14.185120351177979,14.312737464904785,204600,0.0,0.0
2026-02-06 00:00:00-05:00,14.430538391704749,14.626872062683105,14.401088575106192,14.626872062683105,225500,0.0,0.0
2026-02-09 00:00:00-05:00,14.56797234041832,14.715222358703613,14.56797234041832,14.715222358703613,257100,0.0,0.0
2026-02-10 00:00:00-05:00,14.725038821319915,14.862472854014959,14.58760478862487,14.646505355834961,375900,0.0,0.0
2026-02-11 00:00:00-05:00,14.734855668049141,14.950822229003007,14.734855668049141,14.921372413635254,407900,0.0,0.0
2026-02-12 00:00:00-05:00,14.921371916510246,15.019539212722522,14.5483375015734,14.6661376953125,266700,0.0,0.0
2026-02-13 00:00:00-05:00,14.712578390557798,14.910195100031514,14.653292906560283,14.781744003295898,185800,0.097,0.0
2026-02-17 00:00:00-05:00,14.811385917272633,14.910194740784183,14.505080260546224,14.673054695129395,147700,0.0,0.0
2026-02-18 00:00:00-05:00,14.76198121564272,14.910194447999652,14.742220016714917,14.900313377380371,120500,0.0,0.0
2026-02-19 00:00:00-05:00,15.038646634887593,15.117693320979944,14.920076605749067,15.048526763916016,115600,0.0,0.0
2026-02-20 00:00:00-05:00,15.028765078605808,15.157216174938775,14.969479594794134,15.13745403289795,261600,0.0,0.0
2026-02-23 00:00:00-05:00,15.186858074811417,15.364713579592241,15.137453663226657,15.206620216369629,130100,0.0,0.0
2026-02-24 00:00:00-05:00,15.265905328691794,15.344952013266301,15.117693030692292,15.275786399841309,146900,0.0,0.0
2026-02-25 00:00:00-05:00,15.384475136978454,15.384475136978454,15.147335086624098,15.315309524536133,87100,0.0,0.0
2026-02-26 00:00:00-05:00,15.305427858461075,15.572211111470448,15.127573298765586,15.42399787902832,92900,0.0,0.0
2026-02-27 00:00:00-05:00,15.591973471417338,15.631496814549402,15.423999027528355,15.562331199645996,80300,0.0,0.0
2026-03-02 00:00:00-05:00,16.00696946976014,16.056372940343326,15.611735108919056,15.829113960266113,218400,0.0,0.0
2026-03-03 00:00:00-05:00,15.927922494475002,15.947682751573584,15.325190364361529,15.53268814086914,296200,0.0,0.0
2026-03-04 00:00:00-05:00,15.463521957397461,15.532688512763219,15.2362629760393,15.463521957397461,142800,0.0,0.0
2026-03-05 00:00:00-05:00,15.522807286857846,15.671019582586284,15.414118332811043,15.493165016174316,132600,0.0,0.0
2026-03-06 00:00:00-05:00,15.601853752268084,15.651258164257664,15.423998246029907,15.53268814086914,164500,0.0,0.0
2026-03-09 00:00:00-04:00,15.63149611014085,15.799470546460329,15.562330498354282,15.690781593322754,355800,0.0,0.0
2026-03-10 00:00:00-04:00,15.552449557541374,15.730305066264137,15.443760603494573,15.493165016174316,104200,0.0,0.0
2026-03-11 00:00:00-04:00,15.562330778806503,16.01684874137867,15.512926365649719,15.987207412719727,161400,0.0,0.0
2026-03-12 00:00:00-04:00,16.165062522835132,16.382440427644376,16.026729415573282,16.234228134155273,251900,0.0,0.0
2026-03-13 00:00:00-04:00,16.290882569529394,16.330641583671955,16.141790058123064,16.181549072265625,164200,0.097,0.0
2026-03-16 00:00:00-04:00,16.181549072265625,16.340581337207595,16.121910551051784,16.181549072265625,159900,0.0,0.0
2026-03-17 00:00:00-04:00,16.280943929119214,16.459855713364632,16.201427791211724,16.330642700195312,105900,0.0,0.0
2026-03-18 00:00:00-04:00,16.330641123618207,16.42009700710475,16.18154861641199,16.290882110595703,80100,0.0,0.0
2026-03-19 00:00:00-04:00,16.380338548859797,16.70834283414812,16.300822415935784,16.618886947631836,264500,0.0,0.0
2026-03-20 00:00:00-04:00,16.787859434375584,16.787859434375584,16.499614155432806,16.509553909301758,213000,0.0,0.0
2026-03-23 00:00:00-04:00,16.251125448123044,16.449914831355784,16.082153429677437,16.350521087646484,312100,0.0,0.0
2026-03-24 00:00:00-04:00,16.42009778162987,16.817678451538086,16.42009778162987,16.817678451538086,242100,0.0,0.0
2026-03-25 00:00:00-04:00,16.748101955414175,16.93695348324438,16.539370920272543,16.88725471496582,181700,0.0,0.0
2026-03-26 00:00:00-04:00,16.956832084414213,17.155623377502433,16.87731594634178,17.105924606323242,133100,0.0,0.0
2026-03-27 00:00:00-04:00,17.2053196800048,17.334534584954127,16.99659053544479,17.284835815429688,131200,0.0,0.0
2026-03-30 00:00:00-04:00,17.404111314557785,17.583023096795593,17.20532002411261,17.245079040527344,177200,0.0,0.0
2026-03-31 00:00:00-04:00,17.245079375463305,17.592963192591878,16.956832188300858,17.205320358276367,306500,0.0,0.0
2026-04-01 00:00:00-04:00,16.777918762680645,16.88725415344378,16.181548729681257,16.22130584716797,391000,0.0,0.0
2026-04-02 00:00:00-04:00,16.64870679117555,16.817678816530496,16.23124660475828,16.439977645874023,185500,0.0,0.0
2026-04-06 00:00:00-04:00,16.449914372719935,16.499613139003085,16.29088211224202,16.459854125976562,83400,0.0,0.0
2026-04-07 00:00:00-04:00,16.539371941911146,16.88725575809324,16.489675066376968,16.599010467529297,117800,0.0,0.0
2026-04-08 00:00:00-04:00,16.04239518715575,16.21136721372864,15.585177877496303,16.201427459716797,215300,0.0,0.0
2026-04-09 00:00:00-04:00,16.280943498814878,16.55925092204258,16.02251747930642,16.102033615112305,78700,0.0,0.0
2026-04-10 00:00:00-04:00,16.012577903422198,16.121911406487246,15.754149985225668,15.913182258605957,196900,0.0,0.0
2026-04-13 00:00:00-04:00,16.1119714732506,16.271005640676584,15.962878955591343,16.102033615112305,141900,0.0,0.0
2026-04-14 00:00:00-04:00,16.0920933059725,16.0920933059725,15.774027825815315,15.943000793457031,169000,0.0,0.0
2026-04-15 00:00:00-04:00,15.9399995803833,16.040000915527344,15.8100004196167,15.890000343322754,91900,0.097,0.0
2026-04-16 00:00:00-04:00,15.920000076293945,16.209999084472656,15.920000076293945,16.200000762939453,108300,0.0,0.0
2026-04-17 00:00:00-04:00,15.789999961853027,15.789999961853027,15.369999885559082,15.75,243900,0.0,0.0
2026-04-20 00:00:00-04:00,15.829999923706055,15.979999542236328,15.720000267028809,15.800000190734863,97400,0.0,0.0
2026-04-21 00:00:00-04:00,15.90999984741211,15.970000267028809,15.729999542236328,15.970000267028809,63600,0.0,0.0
2026-04-22 00:00:00-04:00,16.1200008392334,16.229999542236328,16.079999923706055,16.219999313354492,72000,0.0,0.0
2026-04-23 00:00:00-04:00,16.3700008392334,16.3700008392334,16.170000076293945,16.280000686645508,97200,0.0,0.0
2026-04-24 00:00:00-04:00,16.239999771118164,16.239999771118164,16.06999969482422,16.219999313354492,55600,0.0,0.0
2026-04-27 00:00:00-04:00,16.260000228881836,16.5,16.200000762939453,16.270000457763672,86900,0.0,0.0
2026-04-28 00:00:00-04:00,16.399999618530273,16.579999923706055,16.270000457763672,16.40999984741211,105800,0.0,0.0
2026-04-29 00:00:00-04:00,16.6299991607666,16.799999237060547,16.43000030517578,16.799999237060547,135800,0.0,0.0
2026-04-30 00:00:00-04:00,16.700000762939453,16.979999542236328,16.6299991607666,16.969999313354492,94700,0.0,0.0
2026-05-01 00:00:00-04:00,16.93000030517578,17.0,16.59000015258789,16.770000457763672,122100,0.0,0.0
2026-05-04 00:00:00-04:00,16.75,16.920000076293945,16.68000030517578,16.829999923706055,58000,0.0,0.0
2026-05-05 00:00:00-04:00,16.829999923706055,16.950000762939453,16.760000228881836,16.889999389648438,56800,0.0,0.0
2026-05-06 00:00:00-04:00,16.3700008392334,16.559999465942383,16.100000381469727,16.149999618530273,153500,0.0,0.0
2026-05-07 00:00:00-04:00,15.960000038146973,15.989999771118164,15.729999542236328,15.9399995803833,139500,0.0,0.0
2026-05-08 00:00:00-04:00,15.920000076293945,15.989999771118164,15.770000457763672,15.829999923706055,45200,0.0,0.0
2026-05-11 00:00:00-04:00,16.0,16.190000534057617,15.989999771118164,16.170000076293945,72900,0.0,0.0
2026-05-12 00:00:00-04:00,16.31999969482422,16.389999389648438,16.170000076293945,16.299999237060547,53900,0.0,0.0
2026-05-13 00:00:00-04:00,16.260000228881836,16.34000015258789,16.190000534057617,16.290000915527344,47600,0.0,0.0
2026-05-14 00:00:00-04:00,16.360000610351562,16.43000030517578,16.280000686645508,16.43000030517578,49836,0.0,0.0
