Date,Open,High,Low,Close,Volume,Dividends,Stock Splits
2022-01-03 00:00:00-05:00,46.099998474121094,47.599998474121094,45.220001220703125,47.0,14910,0.0,0.0
2022-01-04 00:00:00-05:00,47.75,47.900001525878906,46.599998474121094,47.29999923706055,20590,0.0,0.0
2022-01-05 00:00:00-05:00,47.0,48.0,45.20000076293945,45.29999923706055,15750,0.0,0.0
2022-01-06 00:00:00-05:00,44.650001525878906,45.400001525878906,43.099998474121094,43.5,28250,0.0,0.0
2022-01-07 00:00:00-05:00,42.63999938964844,45.0,42.63999938964844,43.29999923706055,8360,0.0,0.0
2022-01-10 00:00:00-05:00,42.7400016784668,43.5,41.5,42.099998474121094,13020,0.0,0.0
2022-01-11 00:00:00-05:00,40.529998779296875,47.0,40.529998779296875,46.099998474121094,19780,0.0,0.0
2022-01-12 00:00:00-05:00,46.900001525878906,47.38999938964844,44.900001525878906,45.599998474121094,8240,0.0,0.0
2022-01-13 00:00:00-05:00,45.900001525878906,48.29999923706055,44.900001525878906,45.20000076293945,17510,0.0,0.0
2022-01-14 00:00:00-05:00,44.5,46.20000076293945,43.29999923706055,44.599998474121094,8540,0.0,0.0
2022-01-18 00:00:00-05:00,44.20000076293945,45.900001525878906,42.599998474121094,42.900001525878906,9970,0.0,0.0
2022-01-19 00:00:00-05:00,42.13999938964844,44.900001525878906,41.20000076293945,41.5,17600,0.0,0.0
2022-01-20 00:00:00-05:00,41.13999938964844,44.400001525878906,40.400001525878906,40.79999923706055,13890,0.0,0.0
2022-01-21 00:00:00-05:00,40.29999923706055,43.599998474121094,40.0,40.099998474121094,12170,0.0,0.0
2022-01-24 00:00:00-05:00,38.599998474121094,41.400001525878906,37.79999923706055,40.79999923706055,13130,0.0,0.0
2022-01-25 00:00:00-05:00,39.20000076293945,41.0,38.29999923706055,38.29999923706055,10310,0.0,0.0
2022-01-26 00:00:00-05:00,39.099998474121094,40.0,37.439998626708984,39.5,10890,0.0,0.0
2022-01-27 00:00:00-05:00,38.220001220703125,39.900001525878906,35.0,35.5,16400,0.0,0.0
2022-01-28 00:00:00-05:00,34.54999923706055,35.099998474121094,30.450000762939453,30.899999618530273,22370,0.0,0.0
2022-01-31 00:00:00-05:00,30.700000762939453,35.900001525878906,30.200000762939453,34.900001525878906,23440,0.0,0.0
2022-02-01 00:00:00-05:00,34.939998626708984,37.0,34.29999923706055,35.599998474121094,13770,0.0,0.0
2022-02-02 00:00:00-05:00,34.79999923706055,36.099998474121094,33.20000076293945,33.5,10790,0.0,0.0
2022-02-03 00:00:00-05:00,32.91999816894531,33.20000076293945,30.5,31.399999618530273,11280,0.0,0.0
2022-02-04 00:00:00-05:00,30.040000915527344,33.29999923706055,30.040000915527344,32.70000076293945,11650,0.0,0.0
2022-02-07 00:00:00-05:00,33.599998474121094,34.0,31.399999618530273,31.399999618530273,6950,0.0,0.0
2022-02-08 00:00:00-05:00,30.5,33.0,30.200000762939453,31.399999618530273,16250,0.0,0.0
2022-02-09 00:00:00-05:00,30.040000915527344,33.0,30.040000915527344,32.099998474121094,22660,0.0,0.0
2022-02-10 00:00:00-05:00,31.700000762939453,34.099998474121094,30.299999237060547,32.70000076293945,18170,0.0,0.0
2022-02-11 00:00:00-05:00,32.5,33.0,30.0,30.0,12920,0.0,0.0
2022-02-14 00:00:00-05:00,30.200000762939453,31.299999237060547,28.100000381469727,28.799999237060547,31680,0.0,0.0
2022-02-15 00:00:00-05:00,29.5,31.200000762939453,26.299999237060547,29.0,113990,0.0,0.0
2022-02-16 00:00:00-05:00,30.0,31.299999237060547,28.899999618530273,30.100000381469727,29490,0.0,0.0
2022-02-17 00:00:00-05:00,29.200000762939453,30.700000762939453,28.0,28.299999237060547,14870,0.0,0.0
2022-02-18 00:00:00-05:00,27.600000381469727,29.5,27.219999313354492,29.0,20520,0.0,0.0
2022-02-22 00:00:00-05:00,28.299999237060547,28.799999237060547,26.600000381469727,26.799999237060547,23010,0.0,0.0
2022-02-23 00:00:00-05:00,27.0,28.0,26.700000762939453,26.799999237060547,42750,0.0,0.0
2022-02-24 00:00:00-05:00,26.040000915527344,28.399999618530273,25.299999237060547,26.399999618530273,22200,0.0,0.0
2022-02-25 00:00:00-05:00,25.040000915527344,27.799999237060547,25.040000915527344,27.299999237060547,12110,0.0,0.0
2022-02-28 00:00:00-05:00,25.700000762939453,27.0,24.200000762939453,24.200000762939453,26440,0.0,0.0
2022-03-01 00:00:00-05:00,23.31999969482422,26.5,23.31999969482422,25.5,15860,0.0,0.0
2022-03-02 00:00:00-05:00,25.399999618530273,25.399999618530273,24.0,24.299999237060547,18350,0.0,0.0
2022-03-03 00:00:00-05:00,24.600000381469727,24.899999618530273,23.799999237060547,24.200000762939453,13140,0.0,0.0
2022-03-04 00:00:00-05:00,23.600000381469727,23.700000762939453,18.0,18.600000381469727,56470,0.0,0.0
2022-03-07 00:00:00-05:00,18.5,19.989999771118164,18.299999237060547,18.299999237060547,24680,0.0,0.0
2022-03-08 00:00:00-05:00,18.700000762939453,19.899999618530273,17.299999237060547,18.200000762939453,19060,0.0,0.0
2022-03-09 00:00:00-05:00,18.600000381469727,19.5,18.299999237060547,18.600000381469727,19220,0.0,0.0
2022-03-10 00:00:00-05:00,17.600000381469727,18.100000381469727,16.700000762939453,17.200000762939453,19600,0.0,0.0
2022-03-11 00:00:00-05:00,17.100000381469727,17.100000381469727,14.800000190734863,14.800000190734863,26260,0.0,0.0
2022-03-14 00:00:00-04:00,14.899999618530273,15.300000190734863,13.300000190734863,13.5,23010,0.0,0.0
2022-03-15 00:00:00-04:00,13.399999618530273,14.199999809265137,12.5,13.5,32020,0.0,0.0
2022-03-16 00:00:00-04:00,15.5,17.399999618530273,14.800000190734863,15.199999809265137,131080,0.0,0.0
2022-03-17 00:00:00-04:00,15.0,16.5,14.800000190734863,15.5,87020,0.0,0.0
2022-03-18 00:00:00-04:00,15.199999809265137,17.700000762939453,14.5,15.300000190734863,248510,0.0,0.0
2022-03-21 00:00:00-04:00,16.0,16.399999618530273,14.399999618530273,15.399999618530273,156360,0.0,0.0
2022-03-22 00:00:00-04:00,16.0,17.0,14.5,15.399999618530273,444160,0.0,0.0
2022-03-23 00:00:00-04:00,15.779999732971191,17.489999771118164,15.5,16.799999237060547,478240,0.0,0.0
2022-03-24 00:00:00-04:00,17.5,18.0,14.300000190734863,14.399999618530273,521940,0.0,0.0
2022-03-25 00:00:00-04:00,13.699999809265137,13.800000190734863,10.800000190734863,11.399999618530273,400790,0.0,0.0
2022-03-28 00:00:00-04:00,11.600000381469727,12.600000381469727,11.199999809265137,11.899999618530273,284520,0.0,0.0
2022-03-29 00:00:00-04:00,12.5,12.699999809265137,11.0,11.199999809265137,203290,0.0,0.0
2022-03-30 00:00:00-04:00,11.199999809265137,12.5,10.899999618530273,11.199999809265137,205150,0.0,0.0
2022-03-31 00:00:00-04:00,11.199999809265137,11.899999618530273,10.5,11.800000190734863,137040,0.0,0.0
2022-04-01 00:00:00-04:00,12.100000381469727,13.800000190734863,11.899999618530273,13.5,132090,0.0,0.0
2022-04-04 00:00:00-04:00,13.5,14.300000190734863,13.0,14.100000381469727,89460,0.0,0.0
2022-04-05 00:00:00-04:00,14.100000381469727,14.300000190734863,12.199999809265137,12.300000190734863,136010,0.0,0.0
2022-04-06 00:00:00-04:00,12.300000190734863,12.5,10.800000190734863,11.0,174350,0.0,0.0
2022-04-07 00:00:00-04:00,11.0,11.390000343322754,10.800000190734863,10.899999618530273,89720,0.0,0.0
2022-04-08 00:00:00-04:00,10.899999618530273,11.399999618530273,10.5,10.600000381469727,95500,0.0,0.0
2022-04-11 00:00:00-04:00,10.5,12.0,10.100000381469727,11.600000381469727,74720,0.0,0.0
2022-04-12 00:00:00-04:00,11.5,12.180000305175781,10.699999809265137,10.800000190734863,33860,0.0,0.0
2022-04-13 00:00:00-04:00,10.800000190734863,11.399999618530273,10.800000190734863,11.100000381469727,29850,0.0,0.0
2022-04-14 00:00:00-04:00,11.199999809265137,11.300000190734863,10.600000381469727,10.699999809265137,33710,0.0,0.0
2022-04-18 00:00:00-04:00,10.899999618530273,11.100000381469727,10.300000190734863,10.399999618530273,44990,0.0,0.0
2022-04-19 00:00:00-04:00,10.600000381469727,10.899999618530273,10.300000190734863,10.350000381469727,38360,0.0,0.0
2022-04-20 00:00:00-04:00,10.600000381469727,10.789999961853027,10.0,10.100000381469727,46780,0.0,0.0
2022-04-21 00:00:00-04:00,10.199999809265137,10.210000038146973,7.699999809265137,7.980000019073486,151100,0.0,0.0
2022-04-22 00:00:00-04:00,8.100000381469727,9.890000343322754,8.020000457763672,8.710000038146973,190330,0.0,0.0
2022-04-25 00:00:00-04:00,8.100000381469727,9.569999694824219,8.029999732971191,9.399999618530273,59260,0.0,0.0
2022-04-26 00:00:00-04:00,9.300000190734863,10.199999809265137,8.300000190734863,9.460000038146973,61480,0.0,0.0
2022-04-27 00:00:00-04:00,9.600000381469727,10.100000381469727,8.819999694824219,9.130000114440918,35310,0.0,0.0
2022-04-28 00:00:00-04:00,9.260000228881836,9.770000457763672,8.8100004196167,9.289999961853027,24980,0.0,0.0
2022-04-29 00:00:00-04:00,9.729999542236328,10.899999618530273,9.449999809265137,10.300000190734863,37090,0.0,0.0
2022-05-02 00:00:00-04:00,10.5,10.5,9.199999809265137,9.489999771118164,55600,0.0,0.0
2022-05-03 00:00:00-04:00,9.550000190734863,9.649999618530273,9.199999809265137,9.359999656677246,20040,0.0,0.0
2022-05-04 00:00:00-04:00,9.550000190734863,10.300000190734863,8.8100004196167,9.65999984741211,39920,0.0,0.0
2022-05-05 00:00:00-04:00,9.520000457763672,10.100000381469727,8.8100004196167,8.899999618530273,47520,0.0,0.0
2022-05-06 00:00:00-04:00,8.899999618530273,9.739999771118164,8.510000228881836,8.720000267028809,29540,0.0,0.0
2022-05-09 00:00:00-04:00,8.979999542236328,9.100000381469727,7.800000190734863,8.0,41800,0.0,0.0
2022-05-10 00:00:00-04:00,8.029999732971191,8.399999618530273,7.869999885559082,7.96999979019165,33320,0.0,0.0
2022-05-11 00:00:00-04:00,7.900000095367432,8.460000038146973,7.900000095367432,8.180000305175781,21490,0.0,0.0
2022-05-12 00:00:00-04:00,7.829999923706055,8.100000381469727,6.010000228881836,6.289999961853027,99960,0.0,0.0
2022-05-13 00:00:00-04:00,6.699999809265137,7.789999961853027,6.699999809265137,7.329999923706055,50470,0.0,0.0
2022-05-16 00:00:00-04:00,7.400000095367432,7.949999809265137,7.099999904632568,7.880000114440918,86770,0.0,0.0
2022-05-17 00:00:00-04:00,8.0,8.680000305175781,7.900000095367432,8.5,39070,0.0,0.0
2022-05-18 00:00:00-04:00,8.300000190734863,8.979999542236328,8.050000190734863,8.649999618530273,45890,0.0,0.0
2022-05-19 00:00:00-04:00,8.5,8.5,7.869999885559082,8.0600004196167,22010,0.0,0.0
2022-05-20 00:00:00-04:00,7.900000095367432,8.0,7.099999904632568,7.21999979019165,30920,0.0,0.0
2022-05-23 00:00:00-04:00,7.239999771118164,7.400000095367432,7.0,7.070000171661377,19760,0.0,0.0
2022-05-24 00:00:00-04:00,6.900000095367432,6.900000095367432,5.960000038146973,6.0,62520,0.0,0.0
2022-05-25 00:00:00-04:00,6.199999809265137,6.800000190734863,5.909999847412109,6.610000133514404,54970,0.0,0.0
2022-05-26 00:00:00-04:00,6.650000095367432,7.400000095367432,6.650000095367432,7.25,38710,0.0,0.0
2022-05-27 00:00:00-04:00,6.170000076293945,7.400000095367432,6.170000076293945,6.699999809265137,57730,0.0,0.0
2022-05-31 00:00:00-04:00,6.829999923706055,7.380000114440918,5.610000133514404,5.610000133514404,217420,0.0,0.0
2022-06-01 00:00:00-04:00,6.099999904632568,7.0,6.099999904632568,6.699999809265137,61350,0.0,0.0
2022-06-02 00:00:00-04:00,6.650000095367432,6.880000114440918,6.5,6.789999961853027,30870,0.0,0.0
2022-06-03 00:00:00-04:00,6.670000076293945,7.300000190734863,6.199999809265137,6.840000152587891,23540,0.0,0.0
2022-06-06 00:00:00-04:00,7.099999904632568,7.150000095367432,6.21999979019165,6.659999847412109,36380,0.0,0.0
2022-06-07 00:00:00-04:00,6.829999923706055,7.0,6.309999942779541,6.730000019073486,27670,0.0,0.0
2022-06-08 00:00:00-04:00,6.900000095367432,7.179999828338623,6.699999809265137,7.110000133514404,57600,0.0,0.0
2022-06-09 00:00:00-04:00,7.0,7.150000095367432,6.71999979019165,6.800000190734863,19380,0.0,0.0
2022-06-10 00:00:00-04:00,7.0,7.0,6.46999979019165,6.800000190734863,9280,0.0,0.0
2022-06-13 00:00:00-04:00,6.590000152587891,6.650000095367432,6.099999904632568,6.130000114440918,19100,0.0,0.0
2022-06-14 00:00:00-04:00,6.400000095367432,6.5,6.269999980926514,6.269999980926514,12010,0.0,0.0
2022-06-15 00:00:00-04:00,6.380000114440918,6.800000190734863,6.199999809265137,6.610000133514404,14200,0.0,0.0
2022-06-16 00:00:00-04:00,6.440000057220459,6.590000152587891,5.800000190734863,5.909999847412109,25970,0.0,0.0
2022-06-17 00:00:00-04:00,6.0,6.269999980926514,5.900000095367432,5.96999979019165,14830,0.0,0.0
2022-06-21 00:00:00-04:00,6.0,6.579999923706055,5.989999771118164,6.199999809265137,17160,0.0,0.0
2022-06-22 00:00:00-04:00,6.130000114440918,6.46999979019165,6.099999904632568,6.179999828338623,11130,0.0,0.0
2022-06-23 00:00:00-04:00,6.179999828338623,6.579999923706055,6.0,6.239999771118164,22720,0.0,0.0
2022-06-24 00:00:00-04:00,6.460000038146973,7.230000019073486,6.349999904632568,7.0,26950,0.0,0.0
2022-06-27 00:00:00-04:00,6.900000095367432,7.190000057220459,6.639999866485596,6.639999866485596,12030,0.0,0.0
2022-06-28 00:00:00-04:00,6.659999847412109,7.0,6.659999847412109,6.710000038146973,5760,0.0,0.0
2022-06-29 00:00:00-04:00,6.699999809265137,7.0,6.639999866485596,6.699999809265137,8060,0.0,0.0
2022-06-30 00:00:00-04:00,6.639999866485596,6.849999904632568,6.599999904632568,6.71999979019165,7260,0.0,0.0
2022-07-01 00:00:00-04:00,6.630000114440918,6.730000019073486,6.230000019073486,6.699999809265137,14330,0.0,0.0
2022-07-05 00:00:00-04:00,7.099999904632568,7.170000076293945,6.599999904632568,6.699999809265137,6590,0.0,0.0
2022-07-06 00:00:00-04:00,6.800000190734863,7.170000076293945,6.369999885559082,6.599999904632568,6460,0.0,0.0
2022-07-07 00:00:00-04:00,6.199999809265137,6.699999809265137,6.199999809265137,6.400000095367432,10270,0.0,0.0
2022-07-08 00:00:00-04:00,6.400000095367432,6.550000190734863,6.340000152587891,6.340000152587891,8000,0.0,0.0
2022-07-11 00:00:00-04:00,6.300000190734863,6.550000190734863,5.909999847412109,6.0,6460,0.0,0.0
2022-07-12 00:00:00-04:00,5.909999847412109,6.369999885559082,5.909999847412109,5.920000076293945,4240,0.0,0.0
2022-07-13 00:00:00-04:00,5.909999847412109,6.099999904632568,5.880000114440918,5.880000114440918,18410,0.0,0.0
2022-07-14 00:00:00-04:00,5.880000114440918,6.21999979019165,5.880000114440918,5.880000114440918,6600,0.0,0.0
2022-07-15 00:00:00-04:00,5.860000133514404,6.099999904632568,5.860000133514404,5.900000095367432,7100,0.0,0.0
2022-07-18 00:00:00-04:00,6.199999809265137,6.25,5.880000114440918,5.900000095367432,17230,0.0,0.0
2022-07-19 00:00:00-04:00,5.900000095367432,6.199999809265137,5.880000114440918,5.949999809265137,11880,0.0,0.0
2022-07-20 00:00:00-04:00,5.900000095367432,6.099999904632568,5.809999942779541,5.880000114440918,23340,0.0,0.0
2022-07-21 00:00:00-04:00,5.900000095367432,6.0,5.800000190734863,5.800000190734863,9480,0.0,0.0
2022-07-22 00:00:00-04:00,5.800000190734863,6.079999923706055,5.710000038146973,5.710000038146973,8880,0.0,0.0
2022-07-25 00:00:00-04:00,5.699999809265137,5.900000095367432,5.53000020980835,5.619999885559082,12100,0.0,0.0
2022-07-26 00:00:00-04:00,5.599999904632568,5.789999961853027,5.5,5.599999904632568,8370,0.0,0.0
2022-07-27 00:00:00-04:00,5.5,5.650000095367432,5.25,5.300000190734863,10270,0.0,0.0
2022-07-28 00:00:00-04:00,5.300000190734863,5.659999847412109,5.019999980926514,5.300000190734863,32360,0.0,0.0
2022-07-29 00:00:00-04:00,5.300000190734863,5.639999866485596,5.099999904632568,5.099999904632568,10510,0.0,0.0
2022-08-01 00:00:00-04:00,5.099999904632568,5.150000095367432,5.0,5.099999904632568,12570,0.0,0.0
2022-08-02 00:00:00-04:00,5.110000133514404,5.150000095367432,5.0,5.010000228881836,13310,0.0,0.0
2022-08-03 00:00:00-04:00,5.0,5.150000095367432,5.0,5.099999904632568,14920,0.0,0.0
2022-08-04 00:00:00-04:00,5.0,5.769999980926514,5.0,5.599999904632568,21330,0.0,0.0
2022-08-05 00:00:00-04:00,5.599999904632568,6.130000114440918,5.5,6.130000114440918,69150,0.0,0.0
2022-08-08 00:00:00-04:00,6.309999942779541,7.070000171661377,6.099999904632568,6.789999961853027,66530,0.0,0.0
2022-08-09 00:00:00-04:00,7.0,7.0,6.199999809265137,6.53000020980835,17960,0.0,0.0
2022-08-10 00:00:00-04:00,6.599999904632568,6.789999961853027,6.5,6.699999809265137,5880,0.0,0.0
2022-08-11 00:00:00-04:00,7.070000171661377,7.070000171661377,6.599999904632568,6.900000095367432,11290,0.0,0.0
2022-08-12 00:00:00-04:00,6.650000095367432,7.0,6.210000038146973,6.960000038146973,44490,0.0,0.0
2022-08-15 00:00:00-04:00,6.900000095367432,6.900000095367432,6.300000190734863,6.429999828338623,9530,0.0,0.0
2022-08-16 00:00:00-04:00,6.429999828338623,6.5,6.019999980926514,6.159999847412109,37950,0.0,0.0
2022-08-17 00:00:00-04:00,6.019999980926514,6.300000190734863,6.0,6.059999942779541,6390,0.0,0.0
2022-08-18 00:00:00-04:00,6.400000095367432,6.400000095367432,5.800000190734863,5.929999828338623,14030,0.0,0.0
2022-08-19 00:00:00-04:00,5.900000095367432,6.369999885559082,5.800000190734863,5.800000190734863,4080,0.0,0.0
2022-08-22 00:00:00-04:00,6.0,6.0,5.130000114440918,5.25,16520,0.0,0.0
2022-08-23 00:00:00-04:00,5.25,5.599999904632568,4.599999904632568,4.949999809265137,31050,0.0,0.0
2022-08-24 00:00:00-04:00,5.0,5.25,4.610000133514404,4.610000133514404,67010,0.0,0.0
2022-08-25 00:00:00-04:00,4.5,4.900000095367432,4.25,4.670000076293945,325100,0.0,0.0
2022-08-26 00:00:00-04:00,4.949999809265137,5.099999904632568,4.300000190734863,4.699999809265137,42550,0.0,0.0
2022-08-29 00:00:00-04:00,4.690000057220459,5.0,4.400000095367432,4.53000020980835,22370,0.0,0.0
2022-08-30 00:00:00-04:00,4.5,4.539999961853027,4.0,4.25,34350,0.0,0.0
2022-08-31 00:00:00-04:00,4.25,4.489999771118164,4.0,4.110000133514404,23180,0.0,0.0
2022-09-01 00:00:00-04:00,4.070000171661377,4.25,3.9000000953674316,3.9200000762939453,17810,0.0,0.0
2022-09-02 00:00:00-04:00,4.03000020980835,4.329999923706055,4.03000020980835,4.110000133514404,15470,0.0,0.0
2022-09-06 00:00:00-04:00,4.179999828338623,4.179999828338623,3.799999952316284,4.179999828338623,28310,0.0,0.0
2022-09-07 00:00:00-04:00,3.799999952316284,4.179999828338623,3.799999952316284,4.0,5830,0.0,0.0
2022-09-08 00:00:00-04:00,4.0,4.150000095367432,3.7200000286102295,4.0,6270,0.0,0.0
2022-09-09 00:00:00-04:00,3.890000104904175,4.119999885559082,3.819999933242798,4.050000190734863,26410,0.0,0.0
2022-09-12 00:00:00-04:00,4.179999828338623,4.46999979019165,4.0,4.300000190734863,13720,0.0,0.0
2022-09-13 00:00:00-04:00,4.019999980926514,4.21999979019165,3.8299999237060547,4.099999904632568,10030,0.0,0.0
2022-09-14 00:00:00-04:00,3.819999933242798,4.190000057220459,3.799999952316284,3.799999952316284,21850,0.0,0.0
2022-09-15 00:00:00-04:00,3.799999952316284,4.099999904632568,3.799999952316284,3.9100000858306885,16020,0.0,0.0
2022-09-16 00:00:00-04:00,3.809999942779541,3.9100000858306885,3.5199999809265137,3.5199999809265137,19980,0.0,0.0
2022-09-19 00:00:00-04:00,4.099999904632568,4.099999904632568,3.5,3.609999895095825,16130,0.0,0.0
2022-09-20 00:00:00-04:00,3.5799999237060547,3.9100000858306885,3.5,3.609999895095825,13370,0.0,0.0
2022-09-21 00:00:00-04:00,3.5,3.680000066757202,3.3299999237060547,3.390000104904175,23230,0.0,0.0
2022-09-22 00:00:00-04:00,3.299999952316284,3.7300000190734863,3.200000047683716,3.25,8540,0.0,0.0
2022-09-23 00:00:00-04:00,3.2300000190734863,3.509999990463257,2.9000000953674316,3.049999952316284,59820,0.0,0.0
2022-09-26 00:00:00-04:00,2.930000066757202,3.390000104904175,2.930000066757202,3.2799999713897705,27980,0.0,0.0
2022-09-27 00:00:00-04:00,3.140000104904175,3.369999885559082,3.0,3.25,16090,0.0,0.0
2022-09-28 00:00:00-04:00,3.5299999713897705,3.640000104904175,3.0999999046325684,3.450000047683716,18950,0.0,0.0
2022-09-29 00:00:00-04:00,3.5,3.5999999046325684,3.299999952316284,3.309999942779541,11750,0.0,0.0
2022-09-30 00:00:00-04:00,3.5299999713897705,3.700000047683716,3.2100000381469727,3.5,8000,0.0,0.0
2022-10-03 00:00:00-04:00,3.5,3.690000057220459,3.240000009536743,3.569999933242798,1060,0.0,0.0
2022-10-04 00:00:00-04:00,3.6500000953674316,3.7799999713897705,3.309999942779541,3.6500000953674316,13980,0.0,0.0
2022-10-05 00:00:00-04:00,3.7699999809265137,3.809999942779541,3.4000000953674316,3.700000047683716,6800,0.0,0.0
2022-10-06 00:00:00-04:00,3.5799999237060547,3.799999952316284,3.4000000953674316,3.549999952316284,15700,0.0,0.0
2022-10-07 00:00:00-04:00,3.549999952316284,3.680000066757202,3.3299999237060547,3.4200000762939453,10020,0.0,0.0
2022-10-10 00:00:00-04:00,3.3299999237060547,3.799999952316284,3.0,3.5,40180,0.0,0.0
2022-10-11 00:00:00-04:00,3.1600000858306885,3.5999999046325684,3.0999999046325684,3.0999999046325684,49000,0.0,0.0
2022-10-12 00:00:00-04:00,3.140000104904175,3.299999952316284,3.0,3.0299999713897705,8240,0.0,0.0
2022-10-13 00:00:00-04:00,3.2300000190734863,3.2799999713897705,3.0,3.0299999713897705,4350,0.0,0.0
2022-10-14 00:00:00-04:00,3.0299999713897705,3.200000047683716,2.950000047683716,2.9800000190734863,3870,0.0,0.0
2022-10-17 00:00:00-04:00,3.2100000381469727,3.4000000953674316,3.049999952316284,3.109999895095825,16580,0.0,0.0
2022-10-18 00:00:00-04:00,3.299999952316284,3.299999952316284,2.809999942779541,3.109999895095825,23630,0.0,0.0
2022-10-19 00:00:00-04:00,3.1700000762939453,3.1700000762939453,2.799999952316284,3.0399999618530273,23370,0.0,0.0
2022-10-20 00:00:00-04:00,2.940000057220459,3.200000047683716,2.7100000381469727,2.930000066757202,15570,0.0,0.0
2022-10-21 00:00:00-04:00,2.799999952316284,2.799999952316284,2.5,2.700000047683716,23750,0.0,0.0
2022-10-24 00:00:00-04:00,2.6600000858306885,2.700000047683716,2.4200000762939453,2.4600000381469727,13910,0.0,0.0
2022-10-25 00:00:00-04:00,2.4200000762939453,2.5899999141693115,2.4200000762939453,2.549999952316284,10730,0.0,0.0
2022-10-26 00:00:00-04:00,2.5299999713897705,2.9000000953674316,2.5,2.5,16450,0.0,0.0
2022-10-27 00:00:00-04:00,2.5,2.700000047683716,2.130000114440918,2.2699999809265137,17180,0.0,0.0
2022-10-28 00:00:00-04:00,2.1500000953674316,2.5,2.109999895095825,2.3399999141693115,16120,0.0,0.0
2022-10-31 00:00:00-04:00,2.4000000953674316,2.4000000953674316,2.2100000381469727,2.3299999237060547,8160,0.0,0.0
2022-11-01 00:00:00-04:00,2.3299999237060547,2.700000047683716,2.299999952316284,2.4000000953674316,21330,0.0,0.0
2022-11-02 00:00:00-04:00,2.4000000953674316,2.799999952316284,2.200000047683716,2.299999952316284,19100,0.0,0.0
2022-11-03 00:00:00-04:00,2.299999952316284,2.609999895095825,2.0999999046325684,2.25,19530,0.0,0.0
2022-11-04 00:00:00-04:00,2.359999895095825,2.5799999237060547,2.200000047683716,2.319999933242798,17980,0.0,0.0
2022-11-07 00:00:00-05:00,2.5,2.5999999046325684,2.440000057220459,2.5399999618530273,10460,0.0,0.0
2022-11-08 00:00:00-05:00,2.640000104904175,2.7799999713897705,2.299999952316284,2.4000000953674316,18150,0.0,0.0
2022-11-09 00:00:00-05:00,2.4800000190734863,2.4800000190734863,2.119999885559082,2.119999885559082,14240,0.0,0.0
2022-11-10 00:00:00-05:00,2.130000114440918,2.619999885559082,2.130000114440918,2.5,20200,0.0,0.0
2022-11-11 00:00:00-05:00,2.619999885559082,3.0,2.240000009536743,2.3499999046325684,52310,0.0,0.0
2022-11-14 00:00:00-05:00,2.4000000953674316,2.450000047683716,2.2200000286102295,2.2799999713897705,30100,0.0,0.1
2022-11-15 00:00:00-05:00,2.4100000858306885,2.8499999046325684,2.359999895095825,2.4700000286102295,22900,0.0,0.0
2022-11-16 00:00:00-05:00,2.380000114440918,2.440000057220459,2.3429999351501465,2.430000066757202,12300,0.0,0.0
2022-11-17 00:00:00-05:00,2.319999933242798,2.7300000190734863,2.319999933242798,2.5299999713897705,25800,0.0,0.0
2022-11-18 00:00:00-05:00,2.5,2.549999952316284,2.4000000953674316,2.5,10100,0.0,0.0
2022-11-21 00:00:00-05:00,2.450000047683716,2.4700000286102295,2.4200000762939453,2.4700000286102295,8700,0.0,0.0
2022-11-22 00:00:00-05:00,2.4000000953674316,2.6500000953674316,2.4000000953674316,2.4700000286102295,7800,0.0,0.0
2022-11-23 00:00:00-05:00,2.490000009536743,2.5,2.25,2.3499999046325684,47400,0.0,0.0
2022-11-25 00:00:00-05:00,2.359999895095825,2.490000009536743,2.259999990463257,2.2899999618530273,10000,0.0,0.0
2022-11-28 00:00:00-05:00,2.5299999713897705,2.5299999713897705,2.259999990463257,2.2699999809265137,12500,0.0,0.0
2022-11-29 00:00:00-05:00,2.2100000381469727,2.3399999141693115,2.1600000858306885,2.1600000858306885,12600,0.0,0.0
2022-11-30 00:00:00-05:00,2.299999952316284,2.509999990463257,2.25,2.4700000286102295,21600,0.0,0.0
2022-12-01 00:00:00-05:00,2.4200000762939453,2.680000066757202,2.315000057220459,2.490000009536743,11300,0.0,0.0
2022-12-02 00:00:00-05:00,2.5799999237060547,2.75,2.5,2.630000114440918,18000,0.0,0.0
2022-12-05 00:00:00-05:00,2.5299999713897705,2.8399999141693115,2.5199999809265137,2.700000047683716,22000,0.0,0.0
2022-12-06 00:00:00-05:00,2.640000104904175,2.7699999809265137,2.5,2.75,15600,0.0,0.0
2022-12-07 00:00:00-05:00,2.680000066757202,3.0,2.680000066757202,2.933000087738037,24700,0.0,0.0
2022-12-08 00:00:00-05:00,3.069999933242798,3.5899999141693115,2.8399999141693115,3.559999942779541,71900,0.0,0.0
2022-12-09 00:00:00-05:00,3.6500000953674316,4.650000095367432,3.6500000953674316,4.179999828338623,151600,0.0,0.0
2022-12-12 00:00:00-05:00,4.179999828338623,4.449999809265137,3.740000009536743,4.139999866485596,38000,0.0,0.0
2022-12-13 00:00:00-05:00,4.400000095367432,4.960000038146973,4.400000095367432,4.860000133514404,53500,0.0,0.0
2022-12-14 00:00:00-05:00,4.960000038146973,5.690000057220459,4.880000114440918,5.440000057220459,76600,0.0,0.0
2022-12-15 00:00:00-05:00,5.21999979019165,5.340000152587891,4.619999885559082,4.900000095367432,88700,0.0,0.0
2022-12-16 00:00:00-05:00,4.829999923706055,5.021999835968018,4.547999858856201,5.010000228881836,69600,0.0,0.0
2022-12-19 00:00:00-05:00,4.880000114440918,4.880000114440918,3.8399999141693115,3.950000047683716,40900,0.0,0.0
2022-12-20 00:00:00-05:00,3.884999990463257,3.9000000953674316,3.4000000953674316,3.5299999713897705,55000,0.0,0.0
2022-12-21 00:00:00-05:00,3.440000057220459,3.640000104904175,3.430000066757202,3.634999990463257,9700,0.0,0.0
2022-12-22 00:00:00-05:00,3.7100000381469727,3.859999895095825,3.200000047683716,3.240000009536743,43000,0.0,0.0
2022-12-23 00:00:00-05:00,3.200000047683716,3.5799999237060547,3.200000047683716,3.569999933242798,14100,0.0,0.0
2022-12-27 00:00:00-05:00,3.5199999809265137,4.260000228881836,3.5199999809265137,3.759999990463257,33600,0.0,0.0
2022-12-28 00:00:00-05:00,4.46999979019165,4.5,3.7899999618530273,3.799999952316284,40300,0.0,0.0
2022-12-29 00:00:00-05:00,3.869999885559082,4.460000038146973,3.8499999046325684,3.9800000190734863,37500,0.0,0.0
2022-12-30 00:00:00-05:00,4.010000228881836,4.010000228881836,3.5850000381469727,3.8499999046325684,23500,0.0,0.0
2023-01-03 00:00:00-05:00,3.9800000190734863,4.400000095367432,3.7839999198913574,4.050000190734863,41300,0.0,0.0
2023-01-04 00:00:00-05:00,4.210000038146973,4.4710001945495605,4.050000190734863,4.380000114440918,87800,0.0,0.0
2023-01-05 00:00:00-05:00,4.380000114440918,4.659999847412109,4.380000114440918,4.5,47400,0.0,0.0
2023-01-06 00:00:00-05:00,4.599999904632568,4.96999979019165,4.510000228881836,4.798999786376953,95000,0.0,0.0
2023-01-09 00:00:00-05:00,4.760000228881836,5.320000171661377,4.760000228881836,5.190000057220459,51300,0.0,0.0
2023-01-10 00:00:00-05:00,5.179999828338623,5.400000095367432,4.820000171661377,5.059999942779541,59500,0.0,0.0
2023-01-11 00:00:00-05:00,5.059999942779541,5.199999809265137,4.800000190734863,4.96999979019165,33000,0.0,0.0
2023-01-12 00:00:00-05:00,5.090000152587891,5.25,4.630000114440918,4.849999904632568,139200,0.0,0.0
2023-01-13 00:00:00-05:00,4.75,5.099999904632568,4.300000190734863,4.550000190734863,73800,0.0,0.0
2023-01-17 00:00:00-05:00,4.340000152587891,4.9039998054504395,4.300000190734863,4.349999904632568,63300,0.0,0.0
2023-01-18 00:00:00-05:00,4.340000152587891,4.690000057220459,4.199999809265137,4.199999809265137,37100,0.0,0.0
2023-01-19 00:00:00-05:00,4.309999942779541,4.46999979019165,4.110000133514404,4.199999809265137,30900,0.0,0.0
2023-01-20 00:00:00-05:00,4.150000095367432,4.48799991607666,4.150000095367432,4.360000133514404,34100,0.0,0.0
2023-01-23 00:00:00-05:00,4.400000095367432,4.599999904632568,4.139999866485596,4.139999866485596,19500,0.0,0.0
2023-01-24 00:00:00-05:00,4.199999809265137,4.550000190734863,4.179999828338623,4.179999828338623,18500,0.0,0.0
2023-01-25 00:00:00-05:00,4.179999828338623,4.400000095367432,4.099999904632568,4.110000133514404,68200,0.0,0.0
2023-01-26 00:00:00-05:00,4.099999904632568,4.309999942779541,3.9200000762939453,4.079999923706055,28500,0.0,0.0
2023-01-27 00:00:00-05:00,4.210000038146973,4.210000038146973,3.7699999809265137,3.9600000381469727,50500,0.0,0.0
2023-01-30 00:00:00-05:00,4.199999809265137,4.199999809265137,3.740000009536743,4.019999980926514,30400,0.0,0.0
2023-01-31 00:00:00-05:00,3.990000009536743,4.010000228881836,3.7799999713897705,4.010000228881836,42400,0.0,0.0
2023-02-01 00:00:00-05:00,4.019999980926514,4.300000190734863,3.9000000953674316,4.110000133514404,60900,0.0,0.0
2023-02-02 00:00:00-05:00,4.25,4.300000190734863,3.799999952316284,3.9600000381469727,56600,0.0,0.0
2023-02-03 00:00:00-05:00,4.079999923706055,4.300000190734863,3.9000000953674316,3.9000000953674316,57500,0.0,0.0
2023-02-06 00:00:00-05:00,3.8299999237060547,4.03000020980835,3.8299999237060547,3.9800000190734863,15600,0.0,0.0
2023-02-07 00:00:00-05:00,3.9800000190734863,4.014999866485596,3.9100000858306885,3.9600000381469727,4100,0.0,0.0
2023-02-08 00:00:00-05:00,4.0,4.0,3.819999933242798,3.9200000762939453,12400,0.0,0.0
2023-02-09 00:00:00-05:00,3.990000009536743,3.990000009536743,3.859999895095825,3.859999895095825,7400,0.0,0.0
2023-02-10 00:00:00-05:00,3.880000114440918,3.9100000858306885,3.700000047683716,3.7699999809265137,9400,0.0,0.0
2023-02-13 00:00:00-05:00,3.809999942779541,3.9700000286102295,3.7190001010894775,3.8299999237060547,11700,0.0,0.0
2023-02-14 00:00:00-05:00,3.9000000953674316,3.930000066757202,3.609999895095825,3.6600000858306885,21400,0.0,0.0
2023-02-15 00:00:00-05:00,3.7200000286102295,3.950000047683716,3.700000047683716,3.890000104904175,10200,0.0,0.0
2023-02-16 00:00:00-05:00,3.75,3.950000047683716,3.690000057220459,3.8499999046325684,15200,0.0,0.0
2023-02-17 00:00:00-05:00,3.7200000286102295,3.7300000190734863,3.6010000705718994,3.7300000190734863,4600,0.0,0.0
2023-02-21 00:00:00-05:00,3.6600000858306885,3.6600000858306885,3.509999990463257,3.549999952316284,18400,0.0,0.0
2023-02-22 00:00:00-05:00,3.509999990463257,3.8299999237060547,3.509999990463257,3.559999942779541,3400,0.0,0.0
2023-02-23 00:00:00-05:00,3.755000114440918,3.755000114440918,3.509999990463257,3.7300000190734863,11300,0.0,0.0
2023-02-24 00:00:00-05:00,3.619999885559082,3.740000009536743,3.319999933242798,3.740000009536743,27100,0.0,0.0
2023-02-27 00:00:00-05:00,3.890000104904175,3.890000104904175,3.4700000286102295,3.5999999046325684,12900,0.0,0.0
2023-02-28 00:00:00-05:00,3.75,3.75,3.490000009536743,3.7300000190734863,10100,0.0,0.0
2023-03-01 00:00:00-05:00,3.859999895095825,4.190000057220459,3.299999952316284,3.5999999046325684,57000,0.0,0.0
2023-03-02 00:00:00-05:00,3.7899999618530273,3.859999895095825,3.200000047683716,3.6700000762939453,40500,0.0,0.0
2023-03-03 00:00:00-05:00,3.8499999046325684,3.859999895095825,3.2899999618530273,3.6700000762939453,62300,0.0,0.0
2023-03-06 00:00:00-05:00,3.5899999141693115,3.700000047683716,3.359999895095825,3.450000047683716,24200,0.0,0.0
2023-03-07 00:00:00-05:00,3.5199999809265137,3.640000104904175,3.4200000762939453,3.4200000762939453,6200,0.0,0.0
2023-03-08 00:00:00-05:00,3.440000057220459,3.4679999351501465,3.380000114440918,3.380000114440918,6500,0.0,0.0
2023-03-09 00:00:00-05:00,3.2699999809265137,3.4800000190734863,3.240000009536743,3.25,14000,0.0,0.0
2023-03-10 00:00:00-05:00,3.25,3.299999952316284,3.119999885559082,3.119999885559082,4300,0.0,0.0
2023-03-13 00:00:00-04:00,3.119999885559082,3.4100000858306885,3.109999895095825,3.319999933242798,7200,0.0,0.0
2023-03-14 00:00:00-04:00,3.190000057220459,3.319999933242798,3.190000057220459,3.319999933242798,700,0.0,0.0
2023-03-15 00:00:00-04:00,3.2899999618530273,3.2899999618530273,3.0999999046325684,3.25,900,0.0,0.0
2023-03-16 00:00:00-04:00,3.049999952316284,3.559999942779541,3.049999952316284,3.3450000286102295,12600,0.0,0.0
2023-03-17 00:00:00-04:00,3.1630001068115234,3.4600000381469727,3.1500000953674316,3.1700000762939453,3300,0.0,0.0
2023-03-20 00:00:00-04:00,3.1700000762939453,3.3499999046325684,3.130000114440918,3.3399999141693115,4400,0.0,0.0
2023-03-21 00:00:00-04:00,3.3399999141693115,3.509999990463257,3.1700000762939453,3.2200000286102295,17600,0.0,0.0
2023-03-22 00:00:00-04:00,3.2200000286102295,3.369999885559082,2.950000047683716,3.200000047683716,89000,0.0,0.0
2023-03-23 00:00:00-04:00,3.1500000953674316,3.390000104904175,3.1500000953674316,3.309999942779541,23300,0.0,0.0
2023-03-24 00:00:00-04:00,3.259999990463257,3.3499999046325684,3.200000047683716,3.299999952316284,8600,0.0,0.0
2023-03-27 00:00:00-04:00,3.200000047683716,3.5799999237060547,3.049999952316284,3.2899999618530273,16500,0.0,0.0
2023-03-28 00:00:00-04:00,3.240000009536743,3.490000009536743,3.200000047683716,3.299999952316284,17500,0.0,0.0
2023-03-29 00:00:00-04:00,3.309999942779541,3.7100000381469727,3.130000114440918,3.3499999046325684,31700,0.0,0.0
2023-03-30 00:00:00-04:00,3.4000000953674316,3.7300000190734863,3.3350000381469727,3.509999990463257,13000,0.0,0.0
2023-03-31 00:00:00-04:00,3.700000047683716,3.700000047683716,3.4000000953674316,3.628999948501587,8100,0.0,0.0
2023-04-03 00:00:00-04:00,3.5399999618530273,3.5399999618530273,3.309999942779541,3.4700000286102295,2400,0.0,0.0
2023-04-04 00:00:00-04:00,3.4700000286102295,3.4700000286102295,3.1700000762939453,3.2200000286102295,26200,0.0,0.0
2023-04-05 00:00:00-04:00,3.200000047683716,3.359999895095825,3.200000047683716,3.25,2200,0.0,0.0
2023-04-06 00:00:00-04:00,3.180000066757202,3.2699999809265137,3.119999885559082,3.25,3400,0.0,0.0
2023-04-10 00:00:00-04:00,3.2100000381469727,3.430000066757202,3.119999885559082,3.1579999923706055,3600,0.0,0.0
2023-04-11 00:00:00-04:00,3.3399999141693115,3.440000057220459,3.1710000038146973,3.1710000038146973,2800,0.0,0.0
2023-04-12 00:00:00-04:00,3.4000000953674316,3.4000000953674316,3.240000009536743,3.309999942779541,10900,0.0,0.0
2023-04-13 00:00:00-04:00,3.119999885559082,3.380000114440918,3.119999885559082,3.369999885559082,4000,0.0,0.0
2023-04-14 00:00:00-04:00,3.380000114440918,3.380000114440918,3.3399999141693115,3.3399999141693115,1200,0.0,0.0
2023-04-17 00:00:00-04:00,3.2899999618530273,3.2899999618530273,3.2200000286102295,3.25,5000,0.0,0.0
2023-04-18 00:00:00-04:00,3.200000047683716,3.200000047683716,3.0,3.140000104904175,18800,0.0,0.0
2023-04-19 00:00:00-04:00,3.140000104904175,3.3489999771118164,2.9200000762939453,3.180000066757202,8200,0.0,0.0
2023-04-20 00:00:00-04:00,3.0999999046325684,3.2699999809265137,2.890000104904175,2.9000000953674316,13000,0.0,0.0
2023-04-21 00:00:00-04:00,3.0399999618530273,3.049999952316284,3.0,3.0,2100,0.0,0.0
2023-04-24 00:00:00-04:00,2.940000057220459,3.1050000190734863,2.8949999809265137,2.940000057220459,3100,0.0,0.0
2023-04-25 00:00:00-04:00,2.9000000953674316,3.049999952316284,2.5,2.6600000858306885,17600,0.0,0.0
2023-04-26 00:00:00-04:00,2.9000000953674316,2.9000000953674316,2.5199999809265137,2.680000066757202,50700,0.0,0.0
2023-04-27 00:00:00-04:00,2.700000047683716,3.200000047683716,2.5,2.950000047683716,87700,0.0,0.0
2023-04-28 00:00:00-04:00,3.1700000762939453,3.180000066757202,2.619999885559082,3.069999933242798,12600,0.0,0.0
2023-05-01 00:00:00-04:00,3.1700000762939453,3.1700000762939453,2.61299991607666,2.7799999713897705,87800,0.0,0.0
2023-05-02 00:00:00-04:00,2.7799999713897705,2.7799999713897705,2.299999952316284,2.5,7900,0.0,0.0
2023-05-03 00:00:00-04:00,2.619999885559082,2.6500000953674316,2.2799999713897705,2.4000000953674316,14800,0.0,0.0
2023-05-04 00:00:00-04:00,2.5999999046325684,2.5999999046325684,2.321000099182129,2.450000047683716,20400,0.0,0.0
2023-05-05 00:00:00-04:00,2.4700000286102295,2.740000009536743,2.3499999046325684,2.375,19700,0.0,0.0
2023-05-08 00:00:00-04:00,2.5799999237060547,2.609999895095825,2.490000009536743,2.609999895095825,1300,0.0,0.0
2023-05-09 00:00:00-04:00,2.2799999713897705,2.5,2.259999990463257,2.309999942779541,5600,0.0,0.0
2023-05-10 00:00:00-04:00,2.3499999046325684,2.4489998817443848,2.299999952316284,2.299999952316284,2900,0.0,0.0
2023-05-11 00:00:00-04:00,2.3499999046325684,2.5,2.3499999046325684,2.5,9400,0.0,0.0
2023-05-12 00:00:00-04:00,2.440000057220459,2.5850000381469727,2.3299999237060547,2.509999990463257,4900,0.0,0.0
2023-05-15 00:00:00-04:00,2.490000009536743,2.569999933242798,2.3929998874664307,2.3929998874664307,1600,0.0,0.0
2023-05-16 00:00:00-04:00,2.575000047683716,2.5799999237060547,2.299999952316284,2.299999952316284,1300,0.0,0.0
2023-05-17 00:00:00-04:00,2.2799999713897705,2.380000114440918,2.2799999713897705,2.3420000076293945,2500,0.0,0.0
2023-05-18 00:00:00-04:00,2.509999990463257,2.5299999713897705,2.259999990463257,2.369999885559082,4000,0.0,0.0
2023-05-19 00:00:00-04:00,2.3299999237060547,2.3559999465942383,2.319999933242798,2.3559999465942383,5000,0.0,0.0
2023-05-22 00:00:00-04:00,2.359999895095825,2.5999999046325684,2.359999895095825,2.5,13000,0.0,0.0
2023-05-23 00:00:00-04:00,2.5199999809265137,2.575000047683716,2.309999942779541,2.5,3300,0.0,0.0
2023-05-24 00:00:00-04:00,2.5,2.572000026702881,2.259999990463257,2.450000047683716,16300,0.0,0.0
2023-05-25 00:00:00-04:00,2.5299999713897705,2.815000057220459,2.427999973297119,2.5999999046325684,19700,0.0,0.0
2023-05-26 00:00:00-04:00,2.5999999046325684,3.5,2.5999999046325684,3.0799999237060547,52900,0.0,0.0
2023-05-30 00:00:00-04:00,3.059999942779541,3.069999933242798,2.5,2.809999942779541,26500,0.0,0.0
2023-05-31 00:00:00-04:00,2.75,2.875,2.7049999237060547,2.8329999446868896,9300,0.0,0.0
2023-06-01 00:00:00-04:00,2.809999942779541,3.0899999141693115,2.75,2.9649999141693115,27400,0.0,0.0
2023-06-02 00:00:00-04:00,3.0999999046325684,3.0999999046325684,2.9800000190734863,2.9800000190734863,7300,0.0,0.0
2023-06-05 00:00:00-04:00,2.9600000381469727,2.990000009536743,2.6700000762939453,2.7249999046325684,21900,0.0,0.0
2023-06-06 00:00:00-04:00,2.7799999713897705,2.8499999046325684,2.5,2.7899999618530273,20500,0.0,0.0
2023-06-07 00:00:00-04:00,2.950000047683716,2.9800000190734863,2.5,2.799999952316284,11900,0.0,0.0
2023-06-08 00:00:00-04:00,2.7300000190734863,2.869999885559082,2.5299999713897705,2.619999885559082,5900,0.0,0.0
2023-06-09 00:00:00-04:00,2.5299999713897705,2.880000114440918,2.5299999713897705,2.5999999046325684,7700,0.0,0.0
2023-06-12 00:00:00-04:00,2.6500000953674316,2.75,2.5299999713897705,2.5799999237060547,8700,0.0,0.0
2023-06-13 00:00:00-04:00,2.680000066757202,2.700000047683716,2.25,2.359999895095825,65900,0.0,0.0
2023-06-14 00:00:00-04:00,2.5399999618530273,2.700000047683716,2.049999952316284,2.181999921798706,72000,0.0,0.0
2023-06-15 00:00:00-04:00,2.190000057220459,2.490000009536743,2.109999895095825,2.200000047683716,22600,0.0,0.0
2023-06-16 00:00:00-04:00,2.1600000858306885,2.4800000190734863,2.1600000858306885,2.190000057220459,15300,0.0,0.0
2023-06-20 00:00:00-04:00,2.140000104904175,2.1700000762939453,1.7999999523162842,1.8200000524520874,56500,0.0,0.0
2023-06-21 00:00:00-04:00,1.8600000143051147,2.0,1.7999999523162842,1.809999942779541,10800,0.0,0.0
2023-06-22 00:00:00-04:00,1.8029999732971191,1.850000023841858,1.649999976158142,1.7300000190734863,26700,0.0,0.0
2023-06-23 00:00:00-04:00,1.7899999618530273,1.7899999618530273,1.5750000476837158,1.684000015258789,26200,0.0,0.0
2023-06-26 00:00:00-04:00,1.5449999570846558,1.649999976158142,1.3600000143051147,1.5099999904632568,39600,0.0,0.0
2023-06-27 00:00:00-04:00,1.4600000381469727,1.590000033378601,1.440000057220459,1.4800000190734863,3000,0.0,0.0
2023-06-28 00:00:00-04:00,1.5230000019073486,1.5800000429153442,1.4800000190734863,1.5099999904632568,11300,0.0,0.0
2023-06-29 00:00:00-04:00,1.5089999437332153,1.5800000429153442,1.409999966621399,1.440000057220459,16200,0.0,0.0
2023-06-30 00:00:00-04:00,1.4500000476837158,1.590000033378601,1.399999976158142,1.399999976158142,13800,0.0,0.0
2023-07-03 00:00:00-04:00,1.409999966621399,1.5399999618530273,1.409999966621399,1.4980000257492065,12000,0.0,0.0
2023-07-05 00:00:00-04:00,1.440000057220459,1.559999942779541,1.440000057220459,1.559999942779541,12600,0.0,0.0
2023-07-06 00:00:00-04:00,1.5399999618530273,1.590000033378601,1.4199999570846558,1.5,22700,0.0,0.0
2023-07-07 00:00:00-04:00,1.5399999618530273,1.8700000047683716,1.5099999904632568,1.5399999618530273,43600,0.0,0.0
2023-07-10 00:00:00-04:00,1.75,1.75,1.6299999952316284,1.6699999570846558,47400,0.0,0.0
2023-07-11 00:00:00-04:00,1.7300000190734863,1.9880000352859497,1.7300000190734863,1.8200000524520874,116200,0.0,0.0
2023-07-12 00:00:00-04:00,1.7899999618530273,2.0399999618530273,1.7599999904632568,1.7699999809265137,63300,0.0,0.0
2023-07-13 00:00:00-04:00,1.7699999809265137,1.8589999675750732,1.5199999809265137,1.6200000047683716,38300,0.0,0.0
2023-07-14 00:00:00-04:00,1.6100000143051147,1.7649999856948853,1.5099999904632568,1.7599999904632568,22800,0.0,0.0
2023-07-17 00:00:00-04:00,1.7100000381469727,1.8200000524520874,1.600000023841858,1.649999976158142,32500,0.0,0.0
2023-07-18 00:00:00-04:00,1.600000023841858,1.9600000381469727,1.600000023841858,1.8559999465942383,28500,0.0,0.0
2023-07-19 00:00:00-04:00,1.840000033378601,1.8899999856948853,1.7400000095367432,1.7999999523162842,29100,0.0,0.0
2023-07-20 00:00:00-04:00,1.7699999809265137,1.9199999570846558,1.6649999618530273,1.8960000276565552,17500,0.0,0.0
2023-07-21 00:00:00-04:00,1.809999942779541,1.909000039100647,1.7200000286102295,1.909000039100647,18000,0.0,0.0
2023-07-24 00:00:00-04:00,1.7949999570846558,1.8899999856948853,1.7400000095367432,1.7400000095367432,15600,0.0,0.0
2023-07-25 00:00:00-04:00,1.8200000524520874,1.840000033378601,1.5299999713897705,1.5499999523162842,51300,0.0,0.0
2023-07-26 00:00:00-04:00,1.659999966621399,1.9470000267028809,1.6339999437332153,1.899999976158142,294200,0.0,0.0
2023-07-27 00:00:00-04:00,2.0,2.1710000038146973,1.7699999809265137,1.8700000047683716,126900,0.0,0.0
2023-07-28 00:00:00-04:00,1.9500000476837158,2.549999952316284,1.850000023841858,2.390000104904175,569700,0.0,0.0
2023-07-31 00:00:00-04:00,2.390000104904175,3.0999999046325684,2.390000104904175,3.069999933242798,380300,0.0,0.0
2023-08-01 00:00:00-04:00,2.9000000953674316,3.1600000858306885,2.680000066757202,2.819999933242798,112600,0.0,0.0
2023-08-02 00:00:00-04:00,2.700000047683716,2.809999942779541,2.569999933242798,2.6700000762939453,27500,0.0,0.0
2023-08-03 00:00:00-04:00,2.5399999618530273,2.5399999618530273,1.809999942779541,2.0199999809265137,250400,0.0,0.0
2023-08-04 00:00:00-04:00,1.9800000190734863,2.450000047683716,1.850000023841858,1.9600000381469727,135100,0.0,0.0
2023-08-07 00:00:00-04:00,2.0,2.2699999809265137,1.9199999570846558,2.0399999618530273,81600,0.0,0.0
2023-08-08 00:00:00-04:00,2.0399999618530273,2.0799999237060547,1.9299999475479126,2.0,28100,0.0,0.0
2023-08-09 00:00:00-04:00,1.9800000190734863,2.2699999809265137,1.9800000190734863,2.240000009536743,193100,0.0,0.0
2023-08-10 00:00:00-04:00,2.1500000953674316,2.7200000286102295,2.0799999237060547,2.569999933242798,169000,0.0,0.0
2023-08-11 00:00:00-04:00,2.569999933242798,2.890000104904175,2.549999952316284,2.6500000953674316,163200,0.0,0.0
2023-08-14 00:00:00-04:00,2.5999999046325684,2.75,2.5999999046325684,2.6700000762939453,41400,0.0,0.0
2023-08-15 00:00:00-04:00,2.609999895095825,2.7300000190734863,2.430000066757202,2.690000057220459,62200,0.0,0.0
2023-08-16 00:00:00-04:00,2.609999895095825,2.7899999618530273,2.5339999198913574,2.5339999198913574,24600,0.0,0.0
2023-08-17 00:00:00-04:00,2.509999990463257,2.549999952316284,2.4000000953674316,2.4000000953674316,17500,0.0,0.0
2023-08-18 00:00:00-04:00,2.4000000953674316,2.5899999141693115,2.4000000953674316,2.5,58600,0.0,0.0
2023-08-21 00:00:00-04:00,2.440000057220459,2.680000066757202,2.430000066757202,2.4600000381469727,12100,0.0,0.0
2023-08-22 00:00:00-04:00,2.441999912261963,2.611999988555908,2.299999952316284,2.299999952316284,37500,0.0,0.0
2023-08-23 00:00:00-04:00,2.359999895095825,2.5399999618530273,2.3399999141693115,2.390000104904175,14800,0.0,0.0
2023-08-24 00:00:00-04:00,2.4000000953674316,2.490000009536743,2.3499999046325684,2.4670000076293945,4000,0.0,0.0
2023-08-25 00:00:00-04:00,2.3399999141693115,2.440000057220459,2.2899999618530273,2.4100000858306885,13600,0.0,0.0
2023-08-28 00:00:00-04:00,2.319999933242798,2.369999885559082,2.190000057220459,2.369999885559082,13200,0.0,0.0
2023-08-29 00:00:00-04:00,2.2799999713897705,2.3499999046325684,2.190000057220459,2.2330000400543213,3700,0.0,0.0
2023-08-30 00:00:00-04:00,2.240000009536743,2.3399999141693115,2.2200000286102295,2.2699999809265137,6800,0.0,0.0
2023-08-31 00:00:00-04:00,2.3499999046325684,2.359999895095825,2.1989998817443848,2.200000047683716,16200,0.0,0.0
2023-09-01 00:00:00-04:00,2.2060000896453857,2.2200000286102295,2.117000102996826,2.2200000286102295,6800,0.0,0.0
2023-09-05 00:00:00-04:00,2.1600000858306885,2.1649999618530273,2.0999999046325684,2.0999999046325684,10400,0.0,0.0
2023-09-06 00:00:00-04:00,2.0999999046325684,2.119999885559082,1.8899999856948853,1.9500000476837158,52300,0.0,0.0
2023-09-07 00:00:00-04:00,1.9800000190734863,2.009999990463257,1.7899999618530273,1.7999999523162842,49800,0.0,0.0
2023-09-08 00:00:00-04:00,1.809999942779541,1.809999942779541,1.7400000095367432,1.7400000095367432,18200,0.0,0.0
2023-09-11 00:00:00-04:00,1.7999999523162842,2.380000114440918,1.7999999523162842,2.2200000286102295,131800,0.0,0.0
2023-09-12 00:00:00-04:00,2.240000009536743,2.5399999618530273,2.109999895095825,2.109999895095825,120000,0.0,0.0
2023-09-13 00:00:00-04:00,2.2100000381469727,2.2750000953674316,1.9600000381469727,2.0269999504089355,30400,0.0,0.0
2023-09-14 00:00:00-04:00,2.0999999046325684,2.184999942779541,1.9500000476837158,2.0,25100,0.0,0.0
2023-09-15 00:00:00-04:00,1.9299999475479126,2.006999969482422,1.899999976158142,1.9299999475479126,17000,0.0,0.0
2023-09-18 00:00:00-04:00,1.8899999856948853,2.0999999046325684,1.7200000286102295,1.7200000286102295,63500,0.0,0.0
2023-09-19 00:00:00-04:00,1.7300000190734863,2.1500000953674316,1.7200000286102295,1.809999942779541,41700,0.0,0.0
2023-09-20 00:00:00-04:00,1.8200000524520874,2.0899999141693115,1.8200000524520874,2.0899999141693115,14400,0.0,0.0
2023-09-21 00:00:00-04:00,2.190000057220459,2.3499999046325684,1.899999976158142,2.0899999141693115,14300,0.0,0.0
2023-09-22 00:00:00-04:00,2.0899999141693115,2.130000114440918,1.9550000429153442,2.071000099182129,3800,0.0,0.0
2023-09-25 00:00:00-04:00,2.069999933242798,2.0899999141693115,2.0299999713897705,2.0399999618530273,4500,0.0,0.0
2023-09-26 00:00:00-04:00,2.0929999351501465,2.0929999351501465,1.9800000190734863,2.0,7500,0.0,0.0
2023-09-27 00:00:00-04:00,2.0,2.0899999141693115,1.9900000095367432,1.9900000095367432,2400,0.0,0.0
2023-09-28 00:00:00-04:00,1.965000033378601,1.9900000095367432,1.9500000476837158,1.9900000095367432,6400,0.0,0.0
2023-09-29 00:00:00-04:00,2.0199999809265137,2.0999999046325684,1.7599999904632568,1.7599999904632568,5000,0.0,0.0
2023-10-02 00:00:00-04:00,1.9700000286102295,1.9800000190734863,1.850000023841858,1.850000023841858,5400,0.0,0.0
2023-10-03 00:00:00-04:00,1.86899995803833,1.9500000476837158,1.8669999837875366,1.899999976158142,5700,0.0,0.0
2023-10-04 00:00:00-04:00,1.909999966621399,1.9639999866485596,1.909999966621399,1.9199999570846558,5400,0.0,0.0
2023-10-05 00:00:00-04:00,1.9199999570846558,1.9700000286102295,1.8899999856948853,1.9600000381469727,25200,0.0,0.0
2023-10-06 00:00:00-04:00,2.0230000019073486,2.0230000019073486,1.9600000381469727,1.9600000381469727,13200,0.0,0.0
2023-10-09 00:00:00-04:00,1.906999945640564,1.9299999475479126,1.8200000524520874,1.9299999475479126,2500,0.0,0.0
2023-10-10 00:00:00-04:00,1.8600000143051147,1.9199999570846558,1.7899999618530273,1.8300000429153442,12300,0.0,0.0
2023-10-11 00:00:00-04:00,1.8300000429153442,1.9800000190734863,1.8049999475479126,1.9800000190734863,6000,0.0,0.0
2023-10-12 00:00:00-04:00,1.8949999809265137,2.0,1.8949999809265137,2.0,9700,0.0,0.0
2023-10-13 00:00:00-04:00,1.809999942779541,2.0199999809265137,1.809999942779541,1.9299999475479126,12800,0.0,0.0
2023-10-16 00:00:00-04:00,1.909999966621399,2.065000057220459,1.909999966621399,1.9900000095367432,12500,0.0,0.0
2023-10-17 00:00:00-04:00,2.0999999046325684,2.5,2.075000047683716,2.1600000858306885,39100,0.0,0.0
2023-10-18 00:00:00-04:00,2.2300000190734863,2.2799999713897705,1.9600000381469727,2.009999990463257,27600,0.0,0.0
2023-10-19 00:00:00-04:00,2.01200008392334,2.01200008392334,2.0,2.009999990463257,1800,0.0,0.0
2023-10-20 00:00:00-04:00,2.069999933242798,2.2149999141693115,1.899999976158142,1.9900000095367432,9200,0.0,0.0
2023-10-23 00:00:00-04:00,1.9220000505447388,1.9800000190734863,1.7699999809265137,1.7799999713897705,15100,0.0,0.0
2023-10-24 00:00:00-04:00,1.8899999856948853,1.9739999771118164,1.7999999523162842,1.7999999523162842,4200,0.0,0.0
2023-10-25 00:00:00-04:00,1.8700000047683716,1.8700000047683716,1.809999942779541,1.8600000143051147,1600,0.0,0.0
2023-10-26 00:00:00-04:00,1.8700000047683716,1.9700000286102295,1.850000023841858,1.899999976158142,10900,0.0,0.0
2023-10-27 00:00:00-04:00,1.8700000047683716,1.9500000476837158,1.8300000429153442,1.8300000429153442,5400,0.0,0.0
2023-10-30 00:00:00-04:00,1.8639999628067017,1.940000057220459,1.8350000381469727,1.8899999856948853,14800,0.0,0.0
2023-10-31 00:00:00-04:00,1.8200000524520874,1.940000057220459,1.8200000524520874,1.8370000123977661,1300,0.0,0.0
2023-11-01 00:00:00-04:00,2.0999999046325684,2.0999999046325684,1.840000033378601,1.840000033378601,1900,0.0,0.0
2023-11-02 00:00:00-04:00,1.88100004196167,1.9800000190734863,1.88100004196167,1.9600000381469727,2200,0.0,0.0
2023-11-03 00:00:00-04:00,2.059999942779541,2.2899999618530273,1.8899999856948853,2.2899999618530273,40500,0.0,0.0
2023-11-06 00:00:00-05:00,2.25,2.490000009536743,2.25,2.453000068664551,91200,0.0,0.0
2023-11-07 00:00:00-05:00,2.440999984741211,2.6549999713897705,2.440000057220459,2.640000104904175,86900,0.0,0.0
2023-11-08 00:00:00-05:00,2.569999933242798,2.9800000190734863,2.569999933242798,2.940000057220459,99100,0.0,0.0
2023-11-09 00:00:00-05:00,2.9000000953674316,2.934999942779541,2.2200000286102295,2.490000009536743,64900,0.0,0.0
2023-11-10 00:00:00-05:00,2.5399999618530273,2.569999933242798,2.299999952316284,2.4800000190734863,9600,0.0,0.0
2023-11-13 00:00:00-05:00,2.4800000190734863,2.549999952316284,2.4100000858306885,2.5299999713897705,7800,0.0,0.0
2023-11-14 00:00:00-05:00,2.3919999599456787,2.549999952316284,2.3919999599456787,2.5399999618530273,5900,0.0,0.0
2023-11-15 00:00:00-05:00,2.5399999618530273,2.6500000953674316,2.5,2.5999999046325684,13100,0.0,0.0
2023-11-16 00:00:00-05:00,2.490000009536743,2.7100000381469727,2.490000009536743,2.5399999618530273,75300,0.0,0.0
2023-11-17 00:00:00-05:00,2.680000066757202,2.700000047683716,2.571000099182129,2.700000047683716,12900,0.0,0.0
2023-11-20 00:00:00-05:00,2.640000104904175,3.4000000953674316,2.640000104904175,3.4000000953674316,70800,0.0,0.0
2023-11-21 00:00:00-05:00,3.4000000953674316,3.4000000953674316,3.009999990463257,3.0399999618530273,40300,0.0,0.0
2023-11-22 00:00:00-05:00,3.0399999618530273,3.1589999198913574,2.9800000190734863,3.0,15300,0.0,0.0
2023-11-24 00:00:00-05:00,3.799999952316284,3.819999933242798,3.683000087738037,3.819999933242798,860500,0.0,0.0
2023-11-27 00:00:00-05:00,3.819999933242798,3.819999933242798,3.7300000190734863,3.7899999618530273,358700,0.0,0.0
2023-11-28 00:00:00-05:00,3.7799999713897705,3.819999933242798,3.75,3.809999942779541,232300,0.0,0.0
2023-11-29 00:00:00-05:00,3.819999933242798,3.819999933242798,3.700000047683716,3.75,112200,0.0,0.0
2023-11-30 00:00:00-05:00,3.75,3.759999990463257,3.690000057220459,3.75600004196167,134900,0.0,0.0
2023-12-01 00:00:00-05:00,3.7300000190734863,3.799999952316284,3.7100000381469727,3.7899999618530273,62300,0.0,0.0
2023-12-04 00:00:00-05:00,3.740000009536743,3.7799999713897705,3.7300000190734863,3.75600004196167,10100,0.0,0.0
2023-12-05 00:00:00-05:00,3.7200000286102295,3.743000030517578,3.700000047683716,3.7100000381469727,56500,0.0,0.0
2023-12-06 00:00:00-05:00,3.700000047683716,3.740000009536743,3.700000047683716,3.7300000190734863,10700,0.0,0.0
2023-12-07 00:00:00-05:00,3.7200000286102295,3.7300000190734863,3.690000057220459,3.7300000190734863,37900,0.0,0.0
2023-12-08 00:00:00-05:00,3.7100000381469727,3.7300000190734863,3.700000047683716,3.700000047683716,14100,0.0,0.0
2023-12-11 00:00:00-05:00,3.700000047683716,3.7300000190734863,3.700000047683716,3.700000047683716,35700,0.0,0.0
2023-12-12 00:00:00-05:00,3.700000047683716,3.7699999809265137,3.700000047683716,3.7699999809265137,44800,0.0,0.0
2023-12-13 00:00:00-05:00,3.740000009536743,3.799999952316284,3.7100000381469727,3.7899999618530273,40000,0.0,0.0
2023-12-14 00:00:00-05:00,3.7950000762939453,3.7950000762939453,3.7100000381469727,3.75,14700,0.0,0.0
2023-12-15 00:00:00-05:00,3.7200000286102295,3.75,3.690000057220459,3.744999885559082,47700,0.0,0.0
2023-12-18 00:00:00-05:00,3.75,3.755000114440918,3.7200000286102295,3.7200000286102295,9900,0.0,0.0
2023-12-19 00:00:00-05:00,3.740000009536743,3.805000066757202,3.740000009536743,3.7699999809265137,10600,0.0,0.0
2023-12-20 00:00:00-05:00,3.7899999618530273,3.8299999237060547,3.7699999809265137,3.809999942779541,78300,0.0,0.0
2023-12-21 00:00:00-05:00,3.809999942779541,3.819999933242798,3.7899999618530273,3.799999952316284,27400,0.0,0.0
2023-12-22 00:00:00-05:00,3.799999952316284,3.819999933242798,3.759999990463257,3.809999942779541,59900,0.0,0.0
2023-12-26 00:00:00-05:00,3.819999933242798,3.8299999237060547,3.809999942779541,3.819999933242798,51700,0.0,0.0
2023-12-27 00:00:00-05:00,3.819999933242798,3.9000000953674316,3.7899999618530273,3.890000104904175,22000,0.0,0.0
2023-12-28 00:00:00-05:00,3.8399999141693115,3.9100000858306885,3.8299999237060547,3.8499999046325684,15900,0.0,0.0
2023-12-29 00:00:00-05:00,3.8499999046325684,3.859999895095825,3.8299999237060547,3.8299999237060547,9000,0.0,0.0
2024-01-02 00:00:00-05:00,3.819999933242798,3.8499999046325684,3.7899999618530273,3.8299999237060547,8800,0.0,0.0
2024-01-03 00:00:00-05:00,3.7899999618530273,3.859999895095825,3.7899999618530273,3.8499999046325684,12800,0.0,0.0
2024-01-04 00:00:00-05:00,3.859999895095825,3.9000000953674316,3.8499999046325684,3.880000114440918,10200,0.0,0.0
2024-01-05 00:00:00-05:00,3.890000104904175,3.9600000381469727,3.799999952316284,3.9000000953674316,6700,0.0,0.0
2024-01-08 00:00:00-05:00,3.799999952316284,3.924999952316284,3.799999952316284,3.890000104904175,49800,0.0,0.0
2024-01-09 00:00:00-05:00,4.010000228881836,4.010000228881836,3.8399999141693115,3.8399999141693115,12100,0.0,0.0
2024-01-10 00:00:00-05:00,3.8399999141693115,3.8499999046325684,3.7899999618530273,3.819999933242798,20900,0.0,0.0
2024-01-11 00:00:00-05:00,3.8299999237060547,3.8399999141693115,3.7799999713897705,3.809999942779541,18800,0.0,0.0
2024-01-12 00:00:00-05:00,3.7799999713897705,3.880000114440918,3.7799999713897705,3.819999933242798,9600,0.0,0.0
2024-01-16 00:00:00-05:00,3.819999933242798,3.8499999046325684,3.7899999618530273,3.8499999046325684,11500,0.0,0.0
2024-01-17 00:00:00-05:00,3.809999942779541,3.821000099182129,3.7699999809265137,3.819999933242798,11400,0.0,0.0
2024-01-18 00:00:00-05:00,3.809999942779541,3.8299999237060547,3.809999942779541,3.819999933242798,3000,0.0,0.0
2024-01-19 00:00:00-05:00,3.809999942779541,3.9000000953674316,3.809999942779541,3.819999933242798,4500,0.0,0.0
2024-01-22 00:00:00-05:00,3.809999942779541,3.890000104904175,3.809999942779541,3.819999933242798,7100,0.0,0.0
2024-01-23 00:00:00-05:00,3.869999885559082,3.930000066757202,3.8269999027252197,3.9000000953674316,15400,0.0,0.0
2024-01-24 00:00:00-05:00,3.880000114440918,3.9000000953674316,3.7709999084472656,3.809999942779541,16000,0.0,0.0
2024-01-25 00:00:00-05:00,3.809999942779541,3.809999942779541,3.809999942779541,3.809999942779541,700,0.0,0.0
2024-01-26 00:00:00-05:00,3.799999952316284,3.880000114440918,3.700000047683716,3.8399999141693115,18300,0.0,0.0
2024-01-29 00:00:00-05:00,3.8399999141693115,3.8399999141693115,3.7799999713897705,3.799999952316284,23100,0.0,0.0
2024-01-30 00:00:00-05:00,3.7699999809265137,3.809999942779541,3.7699999809265137,3.809999942779541,6300,0.0,0.0
2024-01-31 00:00:00-05:00,3.809999942779541,3.8399999141693115,3.809999942779541,3.809999942779541,2200,0.0,0.0
2024-02-01 00:00:00-05:00,3.799999952316284,3.809999942779541,3.7799999713897705,3.799999952316284,7700,0.0,0.0
2024-02-02 00:00:00-05:00,3.8299999237060547,3.865000009536743,3.8299999237060547,3.8399999141693115,10900,0.0,0.0
2024-02-05 00:00:00-05:00,3.8299999237060547,3.8499999046325684,3.8299999237060547,3.8499999046325684,2800,0.0,0.0
2024-02-06 00:00:00-05:00,3.8399999141693115,3.890000104904175,3.8299999237060547,3.859999895095825,5300,0.0,0.0
2024-02-07 00:00:00-05:00,3.816999912261963,3.8299999237060547,3.816999912261963,3.8299999237060547,2900,0.0,0.0
2024-02-08 00:00:00-05:00,3.871999979019165,3.871999979019165,3.8299999237060547,3.8299999237060547,5600,0.0,0.0
2024-02-09 00:00:00-05:00,3.8450000286102295,3.8450000286102295,3.809999942779541,3.809999942779541,30000,0.0,0.0
2024-02-12 00:00:00-05:00,3.7699999809265137,3.8399999141693115,3.7699999809265137,3.799999952316284,18400,0.0,0.0
2024-02-13 00:00:00-05:00,3.809999942779541,3.809999942779541,3.799999952316284,3.799999952316284,7800,0.0,0.0
2024-02-14 00:00:00-05:00,3.7799999713897705,3.809999942779541,3.7799999713897705,3.7899999618530273,7800,0.0,0.0
2024-02-15 00:00:00-05:00,3.7899999618530273,3.8399999141693115,3.7899999618530273,3.809999942779541,8300,0.0,0.0
2024-02-16 00:00:00-05:00,3.819999933242798,3.8399999141693115,3.7899999618530273,3.7899999618530273,5800,0.0,0.0
2024-02-20 00:00:00-05:00,3.9100000858306885,3.9100000858306885,3.799999952316284,3.809999942779541,1700,0.0,0.0
2024-02-21 00:00:00-05:00,3.809999942779541,3.940000057220459,3.799999952316284,3.9100000858306885,14400,0.0,0.0
2024-02-22 00:00:00-05:00,3.9100000858306885,3.940000057220459,3.869999885559082,3.9000000953674316,23000,0.0,0.0
2024-02-23 00:00:00-05:00,3.934999942779541,3.9800000190734863,3.880000114440918,3.940000057220459,26000,0.0,0.0
2024-02-26 00:00:00-05:00,3.9200000762939453,3.940000057220459,3.9200000762939453,3.940000057220459,7000,0.0,0.0
2024-02-27 00:00:00-05:00,3.940000057220459,3.940000057220459,3.890000104904175,3.924999952316284,4400,0.0,0.0
2024-02-28 00:00:00-05:00,3.950000047683716,3.950000047683716,3.799999952316284,3.865000009536743,20300,0.0,0.0
2024-02-29 00:00:00-05:00,3.8399999141693115,3.9000000953674316,3.8399999141693115,3.8399999141693115,2100,0.0,0.0
2024-03-01 00:00:00-05:00,3.859999895095825,3.890000104904175,3.8399999141693115,3.880000114440918,10200,0.0,0.0
2024-03-04 00:00:00-05:00,3.8499999046325684,3.9000000953674316,3.8399999141693115,3.859999895095825,7600,0.0,0.0
2024-03-05 00:00:00-05:00,3.8399999141693115,3.9000000953674316,3.819999933242798,3.9000000953674316,21500,0.0,0.0
2024-03-06 00:00:00-05:00,3.9000000953674316,3.9000000953674316,3.890000104904175,3.890000104904175,35200,0.0,0.0
2024-03-07 00:00:00-05:00,3.9000000953674316,3.9000000953674316,3.8299999237060547,3.869999885559082,11100,0.0,0.0
2024-03-08 00:00:00-05:00,3.880000114440918,3.9100000858306885,3.6500000953674316,3.9010000228881836,124700,0.0,0.0
2024-03-11 00:00:00-04:00,3.799999952316284,3.880000114440918,3.799999952316284,3.8499999046325684,8500,0.0,0.0
2024-03-12 00:00:00-04:00,3.8299999237060547,3.927000045776367,3.8299999237060547,3.880000114440918,17800,0.0,0.0
2024-03-13 00:00:00-04:00,3.9100000858306885,3.990000009536743,3.9100000858306885,3.9200000762939453,3000,0.0,0.0
2024-03-14 00:00:00-04:00,3.8299999237060547,3.8559999465942383,3.8299999237060547,3.8499999046325684,1500,0.0,0.0
2024-03-15 00:00:00-04:00,3.8299999237060547,3.927000045776367,3.8299999237060547,3.880000114440918,8700,0.0,0.0
2024-03-18 00:00:00-04:00,3.8499999046325684,3.940000057220459,3.8399999141693115,3.865999937057495,6700,0.0,0.0
2024-03-19 00:00:00-04:00,3.8499999046325684,3.8949999809265137,3.8399999141693115,3.8499999046325684,1600,0.0,0.0
2024-03-20 00:00:00-04:00,3.8499999046325684,3.9200000762939453,3.8499999046325684,3.9200000762939453,5200,0.0,0.0
2024-03-21 00:00:00-04:00,3.940000057220459,3.9800000190734863,3.9000000953674316,3.9000000953674316,11200,0.0,0.0
2024-03-22 00:00:00-04:00,3.9200000762939453,3.950000047683716,3.9000000953674316,3.9200000762939453,5600,0.0,0.0
2024-03-25 00:00:00-04:00,3.9000000953674316,3.950000047683716,3.9000000953674316,3.950000047683716,10300,0.0,0.0
2024-03-26 00:00:00-04:00,3.9000000953674316,3.943000078201294,3.875,3.9200000762939453,26000,0.0,0.0
2024-03-27 00:00:00-04:00,3.9000000953674316,3.9619998931884766,3.9000000953674316,3.940000057220459,6700,0.0,0.0
2024-03-28 00:00:00-04:00,3.9000000953674316,3.9600000381469727,3.9000000953674316,3.950000047683716,14600,0.0,0.0
2024-04-01 00:00:00-04:00,3.944999933242798,3.944999933242798,3.944999933242798,3.944999933242798,300,0.0,0.0
2024-04-02 00:00:00-04:00,3.950000047683716,3.9600000381469727,3.940000057220459,3.950000047683716,2300,0.0,0.0
2024-04-03 00:00:00-04:00,3.9600000381469727,3.9800000190734863,3.9200000762939453,3.950000047683716,31400,0.0,0.0
2024-04-04 00:00:00-04:00,3.950000047683716,3.950000047683716,3.950000047683716,3.950000047683716,0,0.0,0.0
2024-04-05 00:00:00-04:00,3.940000057220459,3.9600000381469727,3.930000066757202,3.930000066757202,2700,0.0,0.0
2024-04-08 00:00:00-04:00,3.9800000190734863,3.9800000190734863,3.930000066757202,3.9539999961853027,2100,0.0,0.0
2024-04-09 00:00:00-04:00,3.930000066757202,3.930000066757202,3.930000066757202,3.930000066757202,2000,0.0,0.0
2024-04-10 00:00:00-04:00,3.9200000762939453,3.930000066757202,3.9200000762939453,3.9200000762939453,2800,0.0,0.0
2024-04-11 00:00:00-04:00,3.950000047683716,3.950000047683716,3.9200000762939453,3.930000066757202,12800,0.0,0.0
2024-04-12 00:00:00-04:00,3.9100000858306885,3.950000047683716,3.880000114440918,3.950000047683716,6900,0.0,0.0
2024-04-15 00:00:00-04:00,3.9100000858306885,3.930000066757202,3.9100000858306885,3.9100000858306885,8900,0.0,0.0
2024-04-16 00:00:00-04:00,3.9110000133514404,3.950000047683716,3.9110000133514404,3.950000047683716,2200,0.0,0.0
2024-04-17 00:00:00-04:00,3.869999885559082,3.9119999408721924,3.7799999713897705,3.9100000858306885,8800,0.0,0.0
2024-04-18 00:00:00-04:00,3.8399999141693115,3.8440001010894775,2.8299999237060547,3.369999885559082,97700,0.0,0.0
2024-04-19 00:00:00-04:00,3.390000104904175,3.549999952316284,3.2100000381469727,3.25,84800,0.0,0.0
2024-04-22 00:00:00-04:00,3.0299999713897705,3.2899999618530273,2.8499999046325684,2.890000104904175,58000,0.0,0.0
2024-04-23 00:00:00-04:00,2.859999895095825,3.2200000286102295,2.437000036239624,2.450000047683716,62700,0.0,0.0
2024-04-24 00:00:00-04:00,2.440000057220459,2.690000057220459,2.440000057220459,2.630000114440918,59400,0.0,0.0
2024-04-25 00:00:00-04:00,2.5999999046325684,2.630000114440918,2.494999885559082,2.5299999713897705,22500,0.0,0.0
2024-04-26 00:00:00-04:00,1.6100000143051147,1.6100000143051147,1.059999942779541,1.2400000095367432,719900,0.0,0.0
2024-04-29 00:00:00-04:00,1.3200000524520874,1.3200000524520874,1.159999966621399,1.1799999475479126,140100,0.0,0.0
2024-04-30 00:00:00-04:00,1.1699999570846558,1.2100000381469727,1.149999976158142,1.2000000476837158,89800,0.0,0.0
2024-05-01 00:00:00-04:00,1.2300000190734863,1.2699999809265137,1.2300000190734863,1.2699999809265137,54300,0.0,0.0
2024-05-02 00:00:00-04:00,1.2799999713897705,1.340000033378601,1.2400000095367432,1.2599999904632568,95200,0.0,0.0
2024-05-03 00:00:00-04:00,1.2100000381469727,1.2699999809265137,1.2100000381469727,1.2400000095367432,20600,0.0,0.0
2024-05-06 00:00:00-04:00,1.2999999523162842,1.309999942779541,1.0299999713897705,1.2000000476837158,125100,0.0,0.0
2024-05-07 00:00:00-04:00,1.2300000190734863,1.2599999904632568,1.2239999771118164,1.2400000095367432,32800,0.0,0.0
2024-05-08 00:00:00-04:00,1.25,1.2999999523162842,1.2350000143051147,1.2799999713897705,22500,0.0,0.0
2024-05-09 00:00:00-04:00,1.253999948501587,1.2599999904632568,1.2300000190734863,1.2300000190734863,19000,0.0,0.0
2024-05-10 00:00:00-04:00,1.25,1.2699999809265137,1.2300000190734863,1.2400000095367432,33900,0.0,0.0
2024-05-13 00:00:00-04:00,1.2400000095367432,1.2400000095367432,1.2200000286102295,1.2200000286102295,17400,0.0,0.0
2024-05-14 00:00:00-04:00,1.2309999465942383,1.2400000095367432,1.2200000286102295,1.2200000286102295,35300,0.0,0.0
2024-05-15 00:00:00-04:00,1.2200000286102295,1.2400000095367432,1.2000000476837158,1.2200000286102295,32700,0.0,0.0
2024-05-16 00:00:00-04:00,1.2400000095367432,1.2899999618530273,1.225000023841858,1.2899999618530273,51500,0.0,0.0
2024-05-17 00:00:00-04:00,1.2999999523162842,1.2999999523162842,1.2599999904632568,1.2799999713897705,22400,0.0,0.0
2024-05-20 00:00:00-04:00,1.2610000371932983,1.2699999809265137,1.2599999904632568,1.2649999856948853,16200,0.0,0.0
2024-05-21 00:00:00-04:00,1.2619999647140503,1.2699999809265137,1.25,1.2649999856948853,27200,0.0,0.0
2024-05-22 00:00:00-04:00,1.2699999809265137,1.2699999809265137,1.25,1.2649999856948853,6900,0.0,0.0
2024-05-23 00:00:00-04:00,1.25,1.2599999904632568,1.2400000095367432,1.25,19800,0.0,0.0
2024-05-24 00:00:00-04:00,1.25,1.2510000467300415,1.2200000286102295,1.25,18500,0.0,0.0
2024-05-28 00:00:00-04:00,1.2899999618530273,1.2999999523162842,1.25,1.274999976158142,66400,0.0,0.0
2024-05-29 00:00:00-04:00,1.2699999809265137,1.2879999876022339,1.2549999952316284,1.2699999809265137,16200,0.0,0.0
2024-05-30 00:00:00-04:00,1.2799999713897705,1.2799999713897705,1.2400000095367432,1.2599999904632568,20800,0.0,0.0
2024-05-31 00:00:00-04:00,1.2699999809265137,1.274999976158142,1.2599999904632568,1.2699999809265137,19000,0.0,0.0
2024-06-03 00:00:00-04:00,1.2799999713897705,1.2799999713897705,1.2610000371932983,1.2799999713897705,17900,0.0,0.0
2024-06-04 00:00:00-04:00,1.2699999809265137,1.2799999713897705,1.2699999809265137,1.2799999713897705,9100,0.0,0.0
2024-06-05 00:00:00-04:00,1.2699999809265137,1.3270000219345093,1.2699999809265137,1.309999942779541,34800,0.0,0.0
2024-06-06 00:00:00-04:00,1.2799999713897705,1.2799999713897705,1.2619999647140503,1.277999997138977,21200,0.0,0.0
2024-06-07 00:00:00-04:00,1.2699999809265137,1.2970000505447388,1.2680000066757202,1.2899999618530273,26200,0.0,0.0
2024-06-10 00:00:00-04:00,1.2699999809265137,1.274999976158142,1.2599999904632568,1.2649999856948853,16500,0.0,0.0
2024-06-11 00:00:00-04:00,1.2799999713897705,1.2799999713897705,1.2599999904632568,1.2799999713897705,17100,0.0,0.0
2024-06-12 00:00:00-04:00,1.2730000019073486,1.2899999618530273,1.2699999809265137,1.2719999551773071,13200,0.0,0.0
2024-06-13 00:00:00-04:00,1.2699999809265137,1.2799999713897705,1.2599999904632568,1.2799999713897705,15600,0.0,0.0
2024-06-14 00:00:00-04:00,1.2799999713897705,1.2799999713897705,1.2599999904632568,1.2699999809265137,11100,0.0,0.0
2024-06-17 00:00:00-04:00,1.2699999809265137,1.2710000276565552,1.25,1.25,39000,0.0,0.0
2024-06-18 00:00:00-04:00,1.2599999904632568,1.2699999809265137,1.2599999904632568,1.2699999809265137,10300,0.0,0.0
2024-06-20 00:00:00-04:00,1.2699999809265137,1.3289999961853027,1.1200000047683716,1.190000057220459,69000,0.0,0.0
2024-06-21 00:00:00-04:00,1.159999966621399,1.2599999904632568,1.149999976158142,1.25,35400,0.0,0.0
2024-06-24 00:00:00-04:00,1.2599999904632568,1.3799999952316284,1.2599999904632568,1.340000033378601,63800,0.0,0.0
2024-06-25 00:00:00-04:00,1.3200000524520874,1.3700000047683716,1.2599999904632568,1.2599999904632568,34400,0.0,0.0
2024-06-26 00:00:00-04:00,1.315000057220459,1.3899999856948853,1.284999966621399,1.3300000429153442,23100,0.0,0.0
2024-06-27 00:00:00-04:00,1.309999942779541,1.309999942779541,1.2699999809265137,1.2699999809265137,12300,0.0,0.0
2024-06-28 00:00:00-04:00,1.2799999713897705,1.2799999713897705,1.2699999809265137,1.2760000228881836,5200,0.0,0.0
2024-07-01 00:00:00-04:00,1.2899999618530273,1.2899999618530273,1.2000000476837158,1.2000000476837158,35400,0.0,0.0
2024-07-02 00:00:00-04:00,1.2699999809265137,1.2699999809265137,1.2350000143051147,1.25,4600,0.0,0.0
2024-07-03 00:00:00-04:00,1.2899999618530273,1.2899999618530273,1.2899999618530273,1.2899999618530273,300,0.0,0.0
2024-07-05 00:00:00-04:00,1.2899999618530273,1.350000023841858,1.2899999618530273,1.350000023841858,5400,0.0,0.0
2024-07-08 00:00:00-04:00,1.3799999952316284,1.399999976158142,1.371000051498413,1.3899999856948853,12900,0.0,0.0
2024-07-09 00:00:00-04:00,1.4299999475479126,1.4800000190734863,1.4299999475479126,1.440000057220459,11700,0.0,0.0
2024-07-10 00:00:00-04:00,1.4800000190734863,1.4800000190734863,1.4529999494552612,1.4609999656677246,2100,0.0,0.0
2024-07-11 00:00:00-04:00,1.440000057220459,1.4600000381469727,1.440000057220459,1.4500000476837158,5500,0.0,0.0
2024-07-12 00:00:00-04:00,1.4550000429153442,1.4700000286102295,1.4500000476837158,1.4700000286102295,14100,0.0,0.0
2024-07-15 00:00:00-04:00,1.4600000381469727,1.4700000286102295,1.4500000476837158,1.4550000429153442,17300,0.0,0.0
2024-07-16 00:00:00-04:00,1.4800000190734863,1.5199999809265137,1.4700000286102295,1.5049999952316284,39700,0.0,0.0
2024-07-17 00:00:00-04:00,1.5099999904632568,1.5499999523162842,1.5099999904632568,1.5449999570846558,20100,0.0,0.0
2024-07-18 00:00:00-04:00,1.6100000143051147,1.6100000143051147,1.5299999713897705,1.5299999713897705,11800,0.0,0.0
2024-07-19 00:00:00-04:00,1.559999942779541,1.7289999723434448,1.5399999618530273,1.659999966621399,89300,0.0,0.0
2024-07-22 00:00:00-04:00,1.649999976158142,1.7079999446868896,1.649999976158142,1.6699999570846558,21100,0.0,0.0
2024-07-23 00:00:00-04:00,1.7000000476837158,2.427999973297119,1.7000000476837158,2.140000104904175,503500,0.0,0.0
2024-07-24 00:00:00-04:00,2.299999952316284,2.428999900817871,2.25,2.25,204900,0.0,0.0
2024-07-25 00:00:00-04:00,2.2899999618530273,2.5,2.200000047683716,2.309999942779541,88600,0.0,0.0
2024-07-26 00:00:00-04:00,2.430000066757202,2.5739998817443848,2.359999895095825,2.430000066757202,49900,0.0,0.0
2024-07-29 00:00:00-04:00,2.5,2.7699999809265137,2.5,2.7239999771118164,88000,0.0,0.0
2024-07-30 00:00:00-04:00,2.799999952316284,3.5999999046325684,2.799999952316284,3.240000009536743,165100,0.0,0.0
2024-07-31 00:00:00-04:00,3.180000066757202,3.630000114440918,2.5999999046325684,2.6600000858306885,179000,0.0,0.0
2024-08-01 00:00:00-04:00,2.799999952316284,3.0420000553131104,2.799999952316284,2.869999885559082,87100,0.0,0.0
2024-08-02 00:00:00-04:00,2.859999895095825,3.180000066757202,2.7750000953674316,3.0799999237060547,84600,0.0,0.0
2024-08-05 00:00:00-04:00,3.0299999713897705,3.0299999713897705,2.299999952316284,2.299999952316284,49600,0.0,0.0
2024-08-06 00:00:00-04:00,2.4000000953674316,3.1700000762939453,2.4000000953674316,2.880000114440918,49700,0.0,0.0
2024-08-07 00:00:00-04:00,2.9000000953674316,2.9830000400543213,2.9000000953674316,2.940000057220459,23500,0.0,0.0
2024-08-08 00:00:00-04:00,2.680000066757202,2.8510000705718994,2.5999999046325684,2.765000104904175,10800,0.0,0.0
2024-08-09 00:00:00-04:00,2.950000047683716,3.490000009536743,2.950000047683716,3.490000009536743,53300,0.0,0.0
2024-08-12 00:00:00-04:00,3.5,3.5999999046325684,3.2100000381469727,3.5,94000,0.0,0.0
2024-08-13 00:00:00-04:00,3.2880001068115234,3.434999942779541,3.0360000133514404,3.2109999656677246,11900,0.0,0.0
2024-08-14 00:00:00-04:00,3.299999952316284,3.4049999713897705,3.0899999141693115,3.190000057220459,34500,0.0,0.0
2024-08-15 00:00:00-04:00,3.2300000190734863,3.4100000858306885,3.200000047683716,3.3399999141693115,22000,0.0,0.0
2024-08-16 00:00:00-04:00,3.309999942779541,3.309999942779541,3.190000057220459,3.190000057220459,6600,0.0,0.0
2024-08-19 00:00:00-04:00,3.2300000190734863,3.4670000076293945,3.049999952316284,3.1500000953674316,8800,0.0,0.0
2024-08-20 00:00:00-04:00,3.1500000953674316,3.1700000762939453,3.059999942779541,3.1600000858306885,59400,0.0,0.0
2024-08-21 00:00:00-04:00,3.1589999198913574,3.190000057220459,3.140000104904175,3.1649999618530273,6300,0.0,0.0
2024-08-22 00:00:00-04:00,3.200000047683716,3.200000047683716,3.1700000762939453,3.180000066757202,6000,0.0,0.0
2024-08-23 00:00:00-04:00,3.1500000953674316,3.174999952316284,3.130000114440918,3.1500000953674316,25100,0.0,0.0
2024-08-26 00:00:00-04:00,3.2200000286102295,3.2200000286102295,3.0,3.049999952316284,35800,0.0,0.0
2024-08-27 00:00:00-04:00,3.2300000190734863,3.2300000190734863,3.0339999198913574,3.109999895095825,9100,0.0,0.0
2024-08-28 00:00:00-04:00,3.109999895095825,3.130000114440918,3.009999990463257,3.009999990463257,9600,0.0,0.0
2024-08-29 00:00:00-04:00,3.009999990463257,3.049999952316284,2.9000000953674316,3.049999952316284,8900,0.0,0.0
2024-08-30 00:00:00-04:00,2.9000000953674316,2.930000066757202,2.8499999046325684,2.930000066757202,4900,0.0,0.0
2024-09-03 00:00:00-04:00,3.0999999046325684,3.1500000953674316,2.880000114440918,2.9700000286102295,13500,0.0,0.0
2024-09-04 00:00:00-04:00,2.9200000762939453,2.940000057220459,2.9100000858306885,2.9100000858306885,2000,0.0,0.0
2024-09-05 00:00:00-04:00,2.9200000762939453,2.990000009536743,2.9000000953674316,2.9000000953674316,15100,0.0,0.0
2024-09-06 00:00:00-04:00,3.0399999618530273,3.0399999618530273,2.8499999046325684,2.8499999046325684,4400,0.0,0.0
2024-09-09 00:00:00-04:00,2.8499999046325684,2.9000000953674316,2.8499999046325684,2.8499999046325684,5400,0.0,0.0
2024-09-10 00:00:00-04:00,2.859999895095825,2.8610000610351562,2.8399999141693115,2.8399999141693115,2600,0.0,0.0
2024-09-11 00:00:00-04:00,2.859999895095825,3.3299999237060547,2.859999895095825,2.994999885559082,24400,0.0,0.0
2024-09-12 00:00:00-04:00,2.940000057220459,3.0,2.819999933242798,2.9800000190734863,2700,0.0,0.0
2024-09-13 00:00:00-04:00,2.996000051498413,3.0,2.8499999046325684,2.9749999046325684,11500,0.0,0.0
2024-09-16 00:00:00-04:00,3.0,3.0,2.869999885559082,2.940000057220459,9500,0.0,0.0
2024-09-17 00:00:00-04:00,2.8540000915527344,2.8940000534057617,2.8499999046325684,2.8940000534057617,5300,0.0,0.0
2024-09-18 00:00:00-04:00,2.9000000953674316,2.9800000190734863,2.8499999046325684,2.9200000762939453,13000,0.0,0.0
2024-09-19 00:00:00-04:00,2.990000009536743,3.0,2.940000057220459,2.9700000286102295,22400,0.0,0.0
2024-09-20 00:00:00-04:00,2.990000009536743,3.0399999618530273,2.990000009536743,3.0399999618530273,24800,0.0,0.0
2024-09-23 00:00:00-04:00,3.0999999046325684,3.1700000762939453,2.9200000762939453,2.940000057220459,36900,0.0,0.0
2024-09-24 00:00:00-04:00,3.0999999046325684,3.1540000438690186,3.049999952316284,3.119999885559082,13700,0.0,0.0
2024-09-25 00:00:00-04:00,3.1600000858306885,3.2799999713897705,3.1600000858306885,3.259999990463257,23900,0.0,0.0
2024-09-26 00:00:00-04:00,3.4000000953674316,3.450000047683716,3.2799999713897705,3.2899999618530273,33300,0.0,0.0
2024-09-27 00:00:00-04:00,3.369999885559082,3.4200000762939453,3.25,3.2799999713897705,23900,0.0,0.0
2024-09-30 00:00:00-04:00,3.3499999046325684,3.3499999046325684,3.299999952316284,3.299999952316284,25200,0.0,0.0
2024-10-01 00:00:00-04:00,3.3299999237060547,3.3499999046325684,3.2950000762939453,3.3499999046325684,12300,0.0,0.0
2024-10-02 00:00:00-04:00,3.359999895095825,3.4000000953674316,3.299999952316284,3.380000114440918,26100,0.0,0.0
2024-10-03 00:00:00-04:00,3.4200000762939453,3.4200000762939453,3.002000093460083,3.0999999046325684,11700,0.0,0.0
2024-10-04 00:00:00-04:00,3.069999933242798,3.1700000762939453,3.01200008392334,3.1700000762939453,15400,0.0,0.0
2024-10-07 00:00:00-04:00,3.049999952316284,3.3299999237060547,3.049999952316284,3.069999933242798,55300,0.0,0.0
2024-10-08 00:00:00-04:00,3.119999885559082,3.200000047683716,3.049999952316284,3.200000047683716,8900,0.0,0.0
2024-10-09 00:00:00-04:00,3.200000047683716,3.2790000438690186,3.134000062942505,3.259999990463257,16100,0.0,0.0
2024-10-10 00:00:00-04:00,3.25,3.2699999809265137,3.25,3.259999990463257,2200,0.0,0.0
2024-10-11 00:00:00-04:00,3.109999895095825,3.380000114440918,3.109999895095825,3.3450000286102295,12600,0.0,0.0
2024-10-14 00:00:00-04:00,3.5,3.5199999809265137,3.1470000743865967,3.240000009536743,135900,0.0,0.0
2024-10-15 00:00:00-04:00,3.3299999237060547,3.3399999141693115,3.180000066757202,3.180000066757202,104100,0.0,0.0
2024-10-16 00:00:00-04:00,3.200000047683716,3.299999952316284,3.200000047683716,3.2899999618530273,29700,0.0,0.0
2024-10-17 00:00:00-04:00,3.299999952316284,3.319999933242798,3.259999990463257,3.259999990463257,16400,0.0,0.0
2024-10-18 00:00:00-04:00,3.2799999713897705,3.2799999713897705,3.2160000801086426,3.240000009536743,6300,0.0,0.0
2024-10-21 00:00:00-04:00,3.119999885559082,3.4200000762939453,3.119999885559082,3.2899999618530273,29800,0.0,0.0
2024-10-22 00:00:00-04:00,3.200000047683716,3.240000009536743,3.109999895095825,3.240000009536743,10700,0.0,0.0
2024-10-23 00:00:00-04:00,3.1600000858306885,3.2699999809265137,3.109999895095825,3.109999895095825,22200,0.0,0.0
2024-10-24 00:00:00-04:00,3.0399999618530273,3.049999952316284,2.819999933242798,3.0199999809265137,18000,0.0,0.0
2024-10-25 00:00:00-04:00,3.049999952316284,3.3350000381469727,3.0199999809265137,3.200000047683716,48700,0.0,0.0
2024-10-28 00:00:00-04:00,3.25,3.3299999237060547,3.2100000381469727,3.309999942779541,13700,0.0,0.0
2024-10-29 00:00:00-04:00,3.25,3.4100000858306885,3.25,3.259999990463257,40200,0.0,0.0
2024-10-30 00:00:00-04:00,3.299999952316284,3.299999952316284,3.2100000381469727,3.2100000381469727,5200,0.0,0.0
2024-10-31 00:00:00-04:00,3.369999885559082,3.369999885559082,3.1429998874664307,3.2799999713897705,24800,0.0,0.0
2024-11-01 00:00:00-04:00,3.2799999713897705,3.3399999141693115,3.2179999351501465,3.3299999237060547,48500,0.0,0.0
2024-11-04 00:00:00-05:00,3.2899999618530273,3.296999931335449,3.138000011444092,3.2699999809265137,13700,0.0,0.0
2024-11-05 00:00:00-05:00,3.25,3.319999933242798,3.2300000190734863,3.299999952316284,52800,0.0,0.0
2024-11-06 00:00:00-05:00,3.309999942779541,3.309999942779541,3.1989998817443848,3.1989998817443848,10900,0.0,0.0
2024-11-07 00:00:00-05:00,3.190000057220459,3.203000068664551,3.140000104904175,3.140000104904175,8600,0.0,0.0
2024-11-08 00:00:00-05:00,3.190000057220459,3.259999990463257,3.0,3.0,14700,0.0,0.0
2024-11-11 00:00:00-05:00,3.119999885559082,3.190000057220459,3.0999999046325684,3.1700000762939453,22800,0.0,0.0
2024-11-12 00:00:00-05:00,3.200000047683716,3.200000047683716,3.049999952316284,3.0899999141693115,53800,0.0,0.0
2024-11-13 00:00:00-05:00,3.119999885559082,3.180000066757202,3.052999973297119,3.125,31600,0.0,0.0
2024-11-14 00:00:00-05:00,3.119999885559082,3.140000104904175,3.0299999713897705,3.130000114440918,20300,0.0,0.0
2024-11-15 00:00:00-05:00,3.130000114440918,3.4700000286102295,3.0,3.4700000286102295,92700,0.0,0.0
2024-11-18 00:00:00-05:00,3.3499999046325684,3.5199999809265137,3.2799999713897705,3.490000009536743,47300,0.0,0.0
2024-11-19 00:00:00-05:00,3.299999952316284,3.5199999809265137,3.1500000953674316,3.359999895095825,126100,0.0,0.0
2024-11-20 00:00:00-05:00,3.380000114440918,3.9100000858306885,3.380000114440918,3.9000000953674316,100600,0.0,0.0
2024-11-21 00:00:00-05:00,3.9100000858306885,4.099999904632568,3.809999942779541,4.099999904632568,76800,0.0,0.0
2024-11-22 00:00:00-05:00,3.9210000038146973,4.340000152587891,3.9210000038146973,4.295000076293945,35600,0.0,0.0
2024-11-25 00:00:00-05:00,4.400000095367432,5.800000190734863,4.400000095367432,5.590000152587891,167500,0.0,0.0
2024-11-26 00:00:00-05:00,5.510000228881836,5.989999771118164,5.019999980926514,5.78000020980835,154200,0.0,0.0
2024-11-27 00:00:00-05:00,5.96999979019165,7.139999866485596,5.96999979019165,7.099999904632568,242500,0.0,0.0
2024-11-29 00:00:00-05:00,7.929999828338623,7.940000057220459,5.800000190734863,7.019999980926514,170700,0.0,0.0
2024-12-02 00:00:00-05:00,6.949999809265137,7.110000133514404,5.690000057220459,5.920000076293945,179500,0.0,0.0
2024-12-03 00:00:00-05:00,5.0,5.35099983215332,4.0,4.800000190734863,200900,0.0,0.0
2024-12-04 00:00:00-05:00,4.760000228881836,5.690000057220459,4.760000228881836,5.579999923706055,55000,0.0,0.0
2024-12-05 00:00:00-05:00,5.510000228881836,6.400000095367432,5.510000228881836,6.019999980926514,45100,0.0,0.0
2024-12-06 00:00:00-05:00,6.010000228881836,6.860000133514404,6.010000228881836,6.690000057220459,46900,0.0,0.0
2024-12-09 00:00:00-05:00,6.860000133514404,8.0,6.849999904632568,8.0,292300,0.0,0.0
2024-12-10 00:00:00-05:00,7.849999904632568,7.849999904632568,7.090000152587891,7.590000152587891,88900,0.0,0.0
2024-12-11 00:00:00-05:00,7.579999923706055,7.639999866485596,6.96999979019165,7.409999847412109,56700,0.0,0.0
2024-12-12 00:00:00-05:00,7.309999942779541,7.800000190734863,7.059999942779541,7.710000038146973,32900,0.0,0.0
2024-12-13 00:00:00-05:00,7.670000076293945,8.140000343322754,7.320000171661377,8.079999923706055,73100,0.0,0.0
2024-12-16 00:00:00-05:00,7.949999809265137,8.079999923706055,7.699999809265137,7.809999942779541,35000,0.0,0.0
2024-12-17 00:00:00-05:00,7.940000057220459,8.050000190734863,7.77400016784668,7.980000019073486,61700,0.0,0.0
2024-12-18 00:00:00-05:00,8.079999923706055,8.760000228881836,8.0,8.579999923706055,114000,0.0,0.0
2024-12-19 00:00:00-05:00,8.789999961853027,9.170000076293945,8.5,8.760000228881836,146000,0.0,0.0
2024-12-20 00:00:00-05:00,8.779999732971191,8.779999732971191,7.550000190734863,8.15999984741211,197500,0.0,0.0
2024-12-23 00:00:00-05:00,8.390000343322754,8.40999984741211,7.943999767303467,8.260000228881836,25900,0.0,0.0
2024-12-24 00:00:00-05:00,8.234999656677246,8.5,8.130999565124512,8.3100004196167,28100,0.0,0.0
2024-12-26 00:00:00-05:00,8.380000114440918,8.59000015258789,8.282999992370605,8.449999809265137,49300,0.0,0.0
2024-12-27 00:00:00-05:00,8.140000343322754,8.670000076293945,8.140000343322754,8.59000015258789,65300,0.0,0.0
2024-12-30 00:00:00-05:00,8.680000305175781,9.880000114440918,8.444999694824219,9.739999771118164,182300,0.0,0.0
2024-12-31 00:00:00-05:00,9.399999618530273,9.75,9.0,9.359999656677246,54600,0.0,0.0
2025-01-02 00:00:00-05:00,9.520000457763672,10.579999923706055,9.5,10.449999809265137,138700,0.0,0.0
2025-01-03 00:00:00-05:00,10.579999923706055,10.859999656677246,9.529999732971191,10.600000381469727,204200,0.0,0.0
2025-01-06 00:00:00-05:00,10.460000038146973,11.380000114440918,9.354999542236328,9.829999923706055,210500,0.0,0.0
2025-01-07 00:00:00-05:00,9.510000228881836,9.59000015258789,8.630000114440918,8.819999694824219,85800,0.0,0.0
2025-01-08 00:00:00-05:00,8.819999694824219,9.310999870300293,8.819999694824219,9.119999885559082,31800,0.0,0.0
2025-01-10 00:00:00-05:00,9.199999809265137,9.260000228881836,8.710000038146973,8.710000038146973,44600,0.0,0.0
2025-01-13 00:00:00-05:00,8.649999618530273,8.710000038146973,8.199999809265137,8.229999542236328,57200,0.0,0.0
2025-01-14 00:00:00-05:00,8.494999885559082,8.789999961853027,8.010000228881836,8.09000015258789,79300,0.0,0.0
2025-01-15 00:00:00-05:00,8.329999923706055,8.789999961853027,8.0600004196167,8.789999961853027,48200,0.0,0.0
2025-01-16 00:00:00-05:00,8.850000381469727,9.319999694824219,8.300000190734863,8.315999984741211,70500,0.0,0.0
2025-01-17 00:00:00-05:00,8.319999694824219,9.0,7.289999961853027,8.989999771118164,41000,0.0,0.0
2025-01-21 00:00:00-05:00,9.0,9.569999694824219,8.847999572753906,9.260000228881836,42200,0.0,0.0
2025-01-22 00:00:00-05:00,9.260000228881836,9.260000228881836,8.5,8.555000305175781,62100,0.0,0.0
2025-01-23 00:00:00-05:00,8.5,8.84000015258789,8.199999809265137,8.84000015258789,45500,0.0,0.0
2025-01-24 00:00:00-05:00,8.680000305175781,9.104999542236328,8.09000015258789,8.720000267028809,95800,0.0,0.0
2025-01-27 00:00:00-05:00,8.5,8.699999809265137,7.150000095367432,7.369999885559082,90600,0.0,0.0
2025-01-28 00:00:00-05:00,7.5,8.1899995803833,7.5,8.020000457763672,22800,0.0,0.0
2025-01-29 00:00:00-05:00,8.239999771118164,8.850000381469727,8.180000305175781,8.819999694824219,27600,0.0,0.0
2025-01-30 00:00:00-05:00,8.760000228881836,9.157999992370605,8.5600004196167,9.050000190734863,54100,0.0,0.0
2025-01-31 00:00:00-05:00,9.0,9.079999923706055,8.600000381469727,8.760000228881836,20400,0.0,0.0
2025-02-03 00:00:00-05:00,8.1899995803833,8.880000114440918,7.78000020980835,8.5,38100,0.0,0.0
2025-02-04 00:00:00-05:00,8.600000381469727,9.1899995803833,8.550000190734863,9.1899995803833,38000,0.0,0.0
2025-02-05 00:00:00-05:00,9.0,9.220000267028809,8.229999542236328,8.350000381469727,41200,0.0,0.0
2025-02-06 00:00:00-05:00,8.350000381469727,8.99899959564209,8.276000022888184,8.59000015258789,13900,0.0,0.0
2025-02-07 00:00:00-05:00,8.699999809265137,8.699999809265137,8.210000038146973,8.489999771118164,38800,0.0,0.0
2025-02-10 00:00:00-05:00,8.710000038146973,8.859999656677246,8.399999618530273,8.84000015258789,70900,0.0,0.0
2025-02-11 00:00:00-05:00,8.84000015258789,8.989999771118164,8.645000457763672,8.720000267028809,62100,0.0,0.0
2025-02-12 00:00:00-05:00,8.670000076293945,8.930000305175781,8.420000076293945,8.420000076293945,72500,0.0,0.0
2025-02-13 00:00:00-05:00,8.510000228881836,8.699999809265137,8.199999809265137,8.489999771118164,49600,0.0,0.0
2025-02-14 00:00:00-05:00,8.609999656677246,8.71500015258789,7.900000095367432,8.0,91700,0.0,0.0
2025-02-18 00:00:00-05:00,8.0600004196167,8.354999542236328,7.849999904632568,7.989999771118164,67100,0.0,0.0
2025-02-19 00:00:00-05:00,7.989999771118164,8.239999771118164,7.860000133514404,7.900000095367432,79000,0.0,0.0
2025-02-20 00:00:00-05:00,7.889999866485596,8.260000228881836,7.75,7.75,72600,0.0,0.0
2025-02-21 00:00:00-05:00,7.765999794006348,7.769999980926514,7.449999809265137,7.699999809265137,92400,0.0,0.0
2025-02-24 00:00:00-05:00,7.75,7.849999904632568,7.110000133514404,7.199999809265137,102100,0.0,0.0
2025-02-25 00:00:00-05:00,7.300000190734863,7.659999847412109,7.0,7.320000171661377,108600,0.0,0.0
2025-02-26 00:00:00-05:00,7.239999771118164,7.599999904632568,7.079999923706055,7.599999904632568,61900,0.0,0.0
2025-02-27 00:00:00-05:00,7.380000114440918,7.440000057220459,6.650000095367432,7.110000133514404,147200,0.0,0.0
2025-02-28 00:00:00-05:00,6.920000076293945,6.920000076293945,6.139999866485596,6.559999942779541,157800,0.0,0.0
2025-03-03 00:00:00-05:00,6.550000190734863,7.139999866485596,6.010000228881836,6.019999980926514,28600,0.0,0.0
2025-03-04 00:00:00-05:00,6.0,6.5,5.75,6.489999771118164,52800,0.0,0.0
2025-03-05 00:00:00-05:00,6.5,7.320000171661377,6.090000152587891,7.179999828338623,64100,0.0,0.0
2025-03-06 00:00:00-05:00,6.980000019073486,8.109999656677246,6.980000019073486,7.570000171661377,114300,0.0,0.0
2025-03-07 00:00:00-05:00,7.440000057220459,8.130000114440918,7.440000057220459,7.809999942779541,48000,0.0,0.0
2025-03-10 00:00:00-04:00,7.820000171661377,8.239999771118164,7.559999942779541,7.989999771118164,65200,0.0,0.0
2025-03-11 00:00:00-04:00,8.100000381469727,8.680000305175781,8.100000381469727,8.399999618530273,64500,0.0,0.0
2025-03-12 00:00:00-04:00,8.850000381469727,9.970000267028809,8.78499984741211,9.239999771118164,148000,0.0,0.0
2025-03-13 00:00:00-04:00,9.3100004196167,11.25,9.3100004196167,11.0,289700,0.0,0.0
2025-03-14 00:00:00-04:00,11.5,11.989999771118164,10.34000015258789,11.880000114440918,241700,0.0,0.0
2025-03-17 00:00:00-04:00,12.329999923706055,13.09000015258789,12.050000190734863,12.789999961853027,293100,0.0,0.0
2025-03-18 00:00:00-04:00,12.34000015258789,12.5,11.229999542236328,11.8100004196167,186300,0.0,0.0
2025-03-19 00:00:00-04:00,11.720000267028809,12.619999885559082,11.199999809265137,12.3149995803833,83900,0.0,0.0
2025-03-20 00:00:00-04:00,12.0,12.524999618530273,11.600000381469727,11.600000381469727,71700,0.0,0.0
2025-03-21 00:00:00-04:00,11.600000381469727,12.550000190734863,11.5,12.069999694824219,81200,0.0,0.0
2025-03-24 00:00:00-04:00,12.064000129699707,12.699999809265137,11.777000427246094,12.25,108400,0.0,0.0
2025-03-25 00:00:00-04:00,11.800000190734863,12.300000190734863,11.512999534606934,12.100000381469727,129400,0.0,0.0
2025-03-26 00:00:00-04:00,12.180000305175781,12.329999923706055,11.850000381469727,12.020000457763672,75000,0.0,0.0
2025-03-27 00:00:00-04:00,12.180000305175781,12.5,11.630000114440918,12.050000190734863,86000,0.0,0.0
2025-03-28 00:00:00-04:00,11.520000457763672,12.600000381469727,11.520000457763672,12.039999961853027,95900,0.0,0.0
2025-03-31 00:00:00-04:00,11.649999618530273,12.0,11.369999885559082,11.979999542236328,44800,0.0,0.0
2025-04-01 00:00:00-04:00,11.899999618530273,11.949999809265137,10.130000114440918,11.380000114440918,362900,0.0,0.0
2025-04-02 00:00:00-04:00,11.100000381469727,11.59000015258789,10.600000381469727,11.289999961853027,27900,0.0,0.0
2025-04-03 00:00:00-04:00,11.0,11.149999618530273,10.229999542236328,10.229999542236328,31900,0.0,0.0
2025-04-04 00:00:00-04:00,10.25,10.350000381469727,9.65999984741211,9.989999771118164,103400,0.0,0.0
2025-04-07 00:00:00-04:00,9.98799991607666,10.600000381469727,8.71500015258789,10.239999771118164,60100,0.0,0.0
2025-04-08 00:00:00-04:00,10.569999694824219,11.0,10.140000343322754,10.140000343322754,51400,0.0,0.0
2025-04-09 00:00:00-04:00,10.229999542236328,10.600000381469727,9.5,10.539999961853027,134800,0.0,0.0
2025-04-10 00:00:00-04:00,10.3100004196167,10.9399995803833,9.8100004196167,10.210000038146973,51100,0.0,0.0
2025-04-11 00:00:00-04:00,10.359999656677246,10.5,9.8100004196167,10.470000267028809,40000,0.0,0.0
2025-04-14 00:00:00-04:00,10.5,10.5,9.949999809265137,10.279999732971191,51800,0.0,0.0
2025-04-15 00:00:00-04:00,10.390000343322754,10.399999618530273,9.9399995803833,10.25,72900,0.0,0.0
2025-04-16 00:00:00-04:00,10.109999656677246,10.5,10.050000190734863,10.5,25000,0.0,0.0
2025-04-17 00:00:00-04:00,10.800000190734863,11.0,10.229999542236328,11.0,50500,0.0,0.0
2025-04-21 00:00:00-04:00,10.515000343322754,10.819999694824219,10.100000381469727,10.420000076293945,35500,0.0,0.0
2025-04-22 00:00:00-04:00,10.489999771118164,10.800000190734863,10.369999885559082,10.569999694824219,42400,0.0,0.0
2025-04-23 00:00:00-04:00,10.8100004196167,10.8100004196167,8.100000381469727,9.119999885559082,91500,0.0,0.0
2025-04-24 00:00:00-04:00,9.199999809265137,10.359999656677246,9.09000015258789,9.970000267028809,53300,0.0,0.0
2025-04-25 00:00:00-04:00,10.020000457763672,10.09000015258789,9.5,10.045000076293945,71000,0.0,0.0
2025-04-28 00:00:00-04:00,10.149999618530273,10.579999923706055,9.550000190734863,10.289999961853027,57300,0.0,0.0
2025-04-29 00:00:00-04:00,10.199999809265137,10.199999809265137,9.699999809265137,10.029999732971191,27400,0.0,0.0
2025-04-30 00:00:00-04:00,9.84000015258789,10.045000076293945,9.699999809265137,9.720000267028809,32700,0.0,0.0
2025-05-01 00:00:00-04:00,9.949999809265137,10.0,9.59000015258789,9.989999771118164,27300,0.0,0.0
2025-05-02 00:00:00-04:00,9.880000114440918,10.199999809265137,9.850000381469727,10.09000015258789,20700,0.0,0.0
2025-05-05 00:00:00-04:00,10.130000114440918,10.130000114440918,9.5,10.069999694824219,12700,0.0,0.0
2025-05-06 00:00:00-04:00,10.0,10.050000190734863,9.850000381469727,10.0,20700,0.0,0.0
2025-05-07 00:00:00-04:00,9.699999809265137,9.970000267028809,9.15999984741211,9.779999732971191,395200,0.0,0.0
2025-05-08 00:00:00-04:00,9.880000114440918,9.982000350952148,9.510000228881836,9.899999618530273,17900,0.0,0.0
2025-05-09 00:00:00-04:00,9.90999984741211,10.0,9.75,9.800000190734863,27700,0.0,0.0
2025-05-12 00:00:00-04:00,9.880000114440918,10.319999694824219,9.78499984741211,9.930000305175781,263100,0.0,0.0
2025-05-13 00:00:00-04:00,10.1899995803833,10.979999542236328,9.600000381469727,10.90999984741211,207500,0.0,0.0
2025-05-14 00:00:00-04:00,10.989999771118164,11.553999900817871,10.479999542236328,11.329999923706055,128400,0.0,0.0
2025-05-15 00:00:00-04:00,11.59000015258789,11.59000015258789,10.350000381469727,10.90999984741211,105600,0.0,0.0
2025-05-16 00:00:00-04:00,10.8100004196167,10.984999656677246,10.430000305175781,10.529999732971191,109400,0.0,0.0
2025-05-19 00:00:00-04:00,10.529999732971191,10.890000343322754,9.9399995803833,10.59000015258789,205100,0.0,0.0
2025-05-20 00:00:00-04:00,10.517999649047852,10.729999542236328,9.5,9.710000038146973,222200,0.0,0.0
2025-05-21 00:00:00-04:00,9.989999771118164,10.34000015258789,9.510000228881836,9.949999809265137,202400,0.0,0.0
2025-05-22 00:00:00-04:00,9.630000114440918,10.199999809265137,9.300000190734863,9.479999542236328,232200,0.0,0.0
2025-05-23 00:00:00-04:00,9.09000015258789,10.09000015258789,9.09000015258789,9.8100004196167,249600,0.0,0.0
2025-05-27 00:00:00-04:00,9.90999984741211,10.699999809265137,9.5,9.880000114440918,215800,0.0,0.0
2025-05-28 00:00:00-04:00,9.680000305175781,9.930000305175781,8.1899995803833,8.199999809265137,252400,0.0,0.0
2025-05-29 00:00:00-04:00,8.640000343322754,10.289999961853027,8.640000343322754,9.520000457763672,188700,0.0,0.0
2025-05-30 00:00:00-04:00,9.420000076293945,9.979999542236328,9.199999809265137,9.305000305175781,69600,0.0,0.0
2025-06-02 00:00:00-04:00,9.300000190734863,9.880000114440918,9.199999809265137,9.210000038146973,11100,0.0,0.0
2025-06-03 00:00:00-04:00,9.300000190734863,9.789999961853027,9.300000190734863,9.770000457763672,102000,0.0,0.0
2025-06-04 00:00:00-04:00,9.800000190734863,10.470000267028809,9.600000381469727,10.399999618530273,138400,0.0,0.0
2025-06-05 00:00:00-04:00,10.550000190734863,11.279999732971191,9.229999542236328,9.75,235300,0.0,0.0
2025-06-06 00:00:00-04:00,10.380000114440918,10.380000114440918,9.5,9.729999542236328,76200,0.0,0.0
2025-06-09 00:00:00-04:00,10.069999694824219,10.5,9.670000076293945,10.489999771118164,117000,0.0,0.0
2025-06-10 00:00:00-04:00,10.675000190734863,10.675000190734863,9.949999809265137,10.279999732971191,174100,0.0,0.0
2025-06-11 00:00:00-04:00,10.479999542236328,11.0,10.25,10.720000267028809,161900,0.0,0.0
2025-06-12 00:00:00-04:00,10.5,11.369999885559082,10.5,11.369999885559082,182200,0.0,0.0
2025-06-13 00:00:00-04:00,11.170000076293945,11.880000114440918,11.170000076293945,11.789999961853027,160900,0.0,0.0
2025-06-16 00:00:00-04:00,11.989999771118164,12.84000015258789,11.8149995803833,12.470000267028809,659900,0.0,0.0
2025-06-17 00:00:00-04:00,12.399999618530273,12.65999984741211,11.539999961853027,11.729999542236328,228700,0.0,0.0
2025-06-18 00:00:00-04:00,11.640000343322754,12.260000228881836,11.5,11.970000267028809,170300,0.0,0.0
2025-06-20 00:00:00-04:00,11.649999618530273,12.350000381469727,11.0,11.84000015258789,247300,0.0,0.0
2025-06-23 00:00:00-04:00,11.630000114440918,12.300000190734863,11.289999961853027,11.6899995803833,156200,0.0,0.0
2025-06-24 00:00:00-04:00,11.800000190734863,11.800000190734863,11.0,11.0,173400,0.0,0.0
2025-06-25 00:00:00-04:00,10.949999809265137,11.149999618530273,10.800000190734863,10.84000015258789,112500,0.0,0.0
2025-06-26 00:00:00-04:00,10.800000190734863,11.164999961853027,10.539999961853027,10.949999809265137,66400,0.0,0.0
2025-06-27 00:00:00-04:00,10.989999771118164,11.460000038146973,10.609999656677246,11.289999961853027,117400,0.0,0.0
2025-06-30 00:00:00-04:00,11.470000267028809,12.0,10.65999984741211,11.029999732971191,320000,0.0,0.0
2025-07-01 00:00:00-04:00,10.569999694824219,11.069999694824219,9.5,9.510000228881836,204000,0.0,0.0
2025-07-02 00:00:00-04:00,9.699999809265137,9.890000343322754,9.210000038146973,9.220000267028809,196800,0.0,0.0
2025-07-03 00:00:00-04:00,10.199999809265137,10.199999809265137,8.399999618530273,8.600000381469727,297000,0.0,0.0
2025-07-07 00:00:00-04:00,9.300000190734863,9.930000305175781,9.170000076293945,9.600000381469727,393600,0.0,0.0
2025-07-08 00:00:00-04:00,9.800000190734863,10.0,8.960000038146973,9.020000457763672,144300,0.0,0.0
2025-07-09 00:00:00-04:00,8.90999984741211,9.170000076293945,8.819999694824219,8.819999694824219,74400,0.0,0.0
2025-07-10 00:00:00-04:00,9.609999656677246,9.670000076293945,8.699999809265137,8.770000457763672,441100,0.0,0.0
2025-07-11 00:00:00-04:00,9.199999809265137,9.399999618530273,8.5,8.579999923706055,168300,0.0,0.0
2025-07-14 00:00:00-04:00,8.5,9.300000190734863,8.5,8.859999656677246,244900,0.0,0.0
2025-07-15 00:00:00-04:00,8.84000015258789,9.449999809265137,8.729999542236328,9.210000038146973,399300,0.0,0.0
2025-07-16 00:00:00-04:00,9.039999961853027,9.289999961853027,8.859999656677246,8.979999542236328,94500,0.0,0.0
2025-07-17 00:00:00-04:00,8.920000076293945,9.166000366210938,8.25,8.489999771118164,278500,0.0,0.0
2025-07-18 00:00:00-04:00,8.630000114440918,8.696999549865723,7.03000020980835,7.28000020980835,373400,0.0,0.0
2025-07-21 00:00:00-04:00,7.730000019073486,8.220000267028809,7.460000038146973,7.659999847412109,321700,0.0,0.0
2025-07-22 00:00:00-04:00,7.659999847412109,7.889999866485596,7.28000020980835,7.360000133514404,97400,0.0,0.0
2025-07-23 00:00:00-04:00,7.449999809265137,7.739999771118164,7.179999828338623,7.639999866485596,77300,0.0,0.0
2025-07-24 00:00:00-04:00,7.5,7.771999835968018,7.050000190734863,7.429999828338623,177400,0.0,0.0
2025-07-25 00:00:00-04:00,7.199999809265137,7.545000076293945,7.11299991607666,7.260000228881836,86700,0.0,0.0
2025-07-28 00:00:00-04:00,7.355000019073486,7.480000019073486,7.09499979019165,7.099999904632568,109300,0.0,0.0
2025-07-29 00:00:00-04:00,7.090000152587891,7.230000019073486,6.21999979019165,6.639999866485596,328500,0.0,0.0
2025-07-30 00:00:00-04:00,6.639999866485596,7.114999771118164,6.550000190734863,7.070000171661377,243500,0.0,0.0
2025-07-31 00:00:00-04:00,6.929999828338623,7.204999923706055,6.800000190734863,6.860000133514404,93300,0.0,0.0
2025-08-01 00:00:00-04:00,6.699999809265137,7.059999942779541,6.699999809265137,6.71999979019165,109500,0.0,0.0
2025-08-04 00:00:00-04:00,6.829999923706055,7.0,6.829999923706055,6.889999866485596,51100,0.0,0.0
2025-08-05 00:00:00-04:00,7.0,7.110000133514404,6.90500020980835,6.989999771118164,75100,0.0,0.0
2025-08-06 00:00:00-04:00,6.809999942779541,7.050000190734863,6.732999801635742,6.920000076293945,102900,0.0,0.0
2025-08-07 00:00:00-04:00,7.054999828338623,7.6020002365112305,7.054999828338623,7.210000038146973,153600,0.0,0.0
2025-08-08 00:00:00-04:00,7.039999961853027,7.400000095367432,6.559999942779541,6.559999942779541,79400,0.0,0.0
2025-08-11 00:00:00-04:00,6.699999809265137,7.050000190734863,6.599999904632568,6.599999904632568,58400,0.0,0.0
2025-08-12 00:00:00-04:00,6.559999942779541,6.889999866485596,6.559999942779541,6.599999904632568,111500,0.0,0.0
2025-08-13 00:00:00-04:00,6.599999904632568,6.78000020980835,6.559999942779541,6.579999923706055,45100,0.0,0.0
2025-08-14 00:00:00-04:00,6.550000190734863,6.775000095367432,6.409999847412109,6.519999980926514,27400,0.0,0.0
2025-08-15 00:00:00-04:00,6.519999980926514,6.539999961853027,5.304999828338623,5.590000152587891,236000,0.0,0.0
2025-08-18 00:00:00-04:00,5.840000152587891,5.949999809265137,4.809999942779541,5.340000152587891,244600,0.0,0.0
2025-08-19 00:00:00-04:00,5.090000152587891,5.239999771118164,4.949999809265137,5.139999866485596,125400,0.0,0.0
2025-08-20 00:00:00-04:00,5.0,5.070000171661377,4.809999942779541,4.909999847412109,121700,0.0,0.0
2025-08-21 00:00:00-04:00,5.070000171661377,5.070000171661377,4.889999866485596,4.889999866485596,78400,0.0,0.0
2025-08-22 00:00:00-04:00,4.900000095367432,5.063000202178955,4.449999809265137,4.679999828338623,233200,0.0,0.0
2025-08-25 00:00:00-04:00,4.764999866485596,4.764999866485596,4.099999904632568,4.260000228881836,181800,0.0,0.0
2025-08-26 00:00:00-04:00,4.199999809265137,4.291999816894531,3.9000000953674316,3.9800000190734863,72500,0.0,0.0
2025-08-27 00:00:00-04:00,4.159999847412109,4.190000057220459,3.549999952316284,3.880000114440918,257500,0.0,0.0
2025-08-28 00:00:00-04:00,3.9200000762939453,4.159999847412109,3.700000047683716,3.890000104904175,131800,0.0,0.0
2025-08-29 00:00:00-04:00,3.9100000858306885,3.9100000858306885,3.5999999046325684,3.5999999046325684,87100,0.0,0.0
2025-09-02 00:00:00-04:00,3.5799999237060547,3.7300000190734863,3.450000047683716,3.5,148600,0.0,0.0
2025-09-03 00:00:00-04:00,3.6600000858306885,3.9749999046325684,3.549999952316284,3.8299999237060547,146700,0.0,0.0
2025-09-04 00:00:00-04:00,3.819999933242798,3.9200000762939453,3.5799999237060547,3.7799999713897705,113800,0.0,0.0
2025-09-05 00:00:00-04:00,3.7799999713897705,4.111999988555908,3.7100000381469727,3.9800000190734863,146400,0.0,0.0
2025-09-08 00:00:00-04:00,3.9800000190734863,4.5,3.9800000190734863,4.429999828338623,224900,0.0,0.0
2025-09-09 00:00:00-04:00,4.28000020980835,4.550000190734863,4.28000020980835,4.28000020980835,204500,0.0,0.0
2025-09-10 00:00:00-04:00,4.349999904632568,5.269999980926514,3.5299999713897705,4.159999847412109,508500,0.0,0.0
2025-09-11 00:00:00-04:00,4.010000228881836,4.480000019073486,4.010000228881836,4.199999809265137,102800,0.0,0.0
2025-09-12 00:00:00-04:00,4.239999771118164,4.260000228881836,4.0,4.139999866485596,93600,0.0,0.0
2025-09-15 00:00:00-04:00,4.039999961853027,4.429999828338623,4.03000020980835,4.360000133514404,129100,0.0,0.0
2025-09-16 00:00:00-04:00,4.449999809265137,4.449999809265137,3.990000009536743,4.130000114440918,111000,0.0,0.0
2025-09-17 00:00:00-04:00,4.210000038146973,4.269999980926514,3.990000009536743,4.130000114440918,147300,0.0,0.0
2025-09-18 00:00:00-04:00,4.010000228881836,4.260000228881836,3.930000066757202,4.150000095367432,116500,0.0,0.0
2025-09-19 00:00:00-04:00,4.0,4.230000019073486,3.9000000953674316,3.940000057220459,157400,0.0,0.0
2025-09-22 00:00:00-04:00,4.099999904632568,4.369999885559082,3.8289999961853027,4.289999961853027,609000,0.0,0.0
2025-09-23 00:00:00-04:00,4.289999961853027,4.340000152587891,3.759999990463257,3.8399999141693115,162100,0.0,0.0
2025-09-24 00:00:00-04:00,3.805999994277954,4.050000190734863,3.619999885559082,3.7249999046325684,179400,0.0,0.0
2025-09-25 00:00:00-04:00,3.609999895095825,3.755000114440918,3.5199999809265137,3.630000114440918,130400,0.0,0.0
2025-09-26 00:00:00-04:00,3.740000009536743,3.740000009536743,3.4000000953674316,3.440000057220459,143800,0.0,0.0
2025-09-29 00:00:00-04:00,3.700000047683716,3.740000009536743,3.365000009536743,3.5299999713897705,231100,0.0,0.0
2025-09-30 00:00:00-04:00,3.5999999046325684,3.700000047683716,3.200000047683716,3.3499999046325684,166400,0.0,0.0
2025-10-01 00:00:00-04:00,3.3299999237060547,3.3299999237060547,3.059999942779541,3.200000047683716,154600,0.0,0.0
2025-10-02 00:00:00-04:00,3.190000057220459,3.450000047683716,3.0299999713897705,3.4100000858306885,183200,0.0,0.0
2025-10-03 00:00:00-04:00,3.309999942779541,3.390000104904175,3.069999933242798,3.2100000381469727,122600,0.0,0.0
2025-10-06 00:00:00-04:00,3.369999885559082,3.369999885559082,2.819999933242798,2.9100000858306885,228700,0.0,0.0
2025-10-07 00:00:00-04:00,2.9560000896453857,3.109999895095825,2.8299999237060547,3.009999990463257,110300,0.0,0.0
2025-10-08 00:00:00-04:00,3.059999942779541,3.059999942779541,2.859999895095825,3.0,118400,0.0,0.0
2025-10-09 00:00:00-04:00,2.9700000286102295,2.994999885559082,2.7300000190734863,2.869999885559082,162300,0.0,0.0
2025-10-10 00:00:00-04:00,2.809999942779541,2.819999933242798,2.509999990463257,2.640000104904175,238200,0.0,0.0
2025-10-13 00:00:00-04:00,2.5399999618530273,2.549999952316284,2.200000047683716,2.440000057220459,302100,0.0,0.0
2025-10-14 00:00:00-04:00,2.4100000858306885,2.609999895095825,2.2300000190734863,2.5899999141693115,168400,0.0,0.0
2025-10-15 00:00:00-04:00,2.549999952316284,2.700000047683716,2.5299999713897705,2.6500000953674316,268000,0.0,0.0
2025-10-16 00:00:00-04:00,2.674999952316284,2.700000047683716,2.2200000286102295,2.240000009536743,256100,0.0,0.0
2025-10-17 00:00:00-04:00,2.240000009536743,2.296999931335449,2.059999942779541,2.109999895095825,203600,0.0,0.0
2025-10-20 00:00:00-04:00,2.059999942779541,2.25,2.0,2.1500000953674316,192000,0.0,0.0
2025-10-21 00:00:00-04:00,2.180000066757202,2.259999990463257,2.0,2.130000114440918,207100,0.0,0.0
2025-10-22 00:00:00-04:00,2.119999885559082,2.2100000381469727,2.0199999809265137,2.0199999809265137,340300,0.0,0.0
2025-10-23 00:00:00-04:00,2.119999885559082,2.2300000190734863,2.0399999618530273,2.1700000762939453,250900,0.0,0.0
2025-10-24 00:00:00-04:00,2.109999895095825,2.234999895095825,2.0799999237060547,2.130000114440918,154300,0.0,0.0
2025-10-27 00:00:00-04:00,2.2100000381469727,2.2100000381469727,2.049999952316284,2.180000066757202,187100,0.0,0.0
2025-10-28 00:00:00-04:00,2.180000066757202,2.190000057220459,1.8200000524520874,1.909999966621399,295900,0.0,0.0
2025-10-29 00:00:00-04:00,1.909999966621399,1.940000057220459,1.8200000524520874,1.899999976158142,93700,0.0,0.0
2025-10-30 00:00:00-04:00,1.8600000143051147,1.8899999856948853,1.7000000476837158,1.7899999618530273,43000,0.0,0.0
2025-10-31 00:00:00-04:00,1.7999999523162842,1.909999966621399,1.75,1.8600000143051147,48000,0.0,0.0
2025-11-03 00:00:00-05:00,1.940000057220459,1.940000057220459,1.809999942779541,1.850000023841858,25400,0.0,0.0
2025-11-04 00:00:00-05:00,1.850000023841858,1.850000023841858,1.75,1.7799999713897705,60800,0.0,0.0
2025-11-05 00:00:00-05:00,1.75,1.934999942779541,1.75,1.8200000524520874,67500,0.0,0.0
2025-11-06 00:00:00-05:00,1.850000023841858,1.850000023841858,1.7599999904632568,1.7699999809265137,33200,0.0,0.0
2025-11-07 00:00:00-05:00,1.7300000190734863,1.7799999713897705,1.7200000286102295,1.7400000095367432,37300,0.0,0.0
2025-11-10 00:00:00-05:00,1.7949999570846558,1.840000033378601,1.75,1.809999942779541,24300,0.0,0.0
2025-11-11 00:00:00-05:00,1.7599999904632568,1.8140000104904175,1.7200000286102295,1.7200000286102295,38300,0.0,0.0
2025-11-12 00:00:00-05:00,1.805999994277954,1.805999994277954,1.7300000190734863,1.75,38600,0.0,0.0
2025-11-13 00:00:00-05:00,1.75,1.7799999713897705,1.5199999809265137,1.5299999713897705,108900,0.0,0.0
2025-11-14 00:00:00-05:00,1.5199999809265137,1.6299999952316284,1.5199999809265137,1.600000023841858,33200,0.0,0.0
2025-11-17 00:00:00-05:00,1.6200000047683716,1.6200000047683716,1.4600000381469727,1.4800000190734863,137200,0.0,0.0
2025-11-18 00:00:00-05:00,1.4700000286102295,1.5210000276565552,1.2300000190734863,1.3799999952316284,184200,0.0,0.0
2025-11-19 00:00:00-05:00,1.350000023841858,1.3760000467300415,1.2400000095367432,1.2400000095367432,79100,0.0,0.0
2025-11-20 00:00:00-05:00,1.3200000524520874,1.3949999809265137,1.25,1.2699999809265137,44200,0.0,0.0
2025-11-21 00:00:00-05:00,1.3600000143051147,1.590000033378601,1.309999942779541,1.3600000143051147,53700,0.0,0.0
2025-11-24 00:00:00-05:00,1.3200000524520874,1.4500000476837158,1.309999942779541,1.3600000143051147,47600,0.0,0.0
2025-11-25 00:00:00-05:00,1.3700000047683716,1.6399999856948853,1.3450000286102295,1.5800000429153442,193200,0.0,0.0
2025-11-26 00:00:00-05:00,2.700000047683716,3.1600000858306885,2.299999952316284,2.4700000286102295,89884800,0.0,0.0
2025-11-28 00:00:00-05:00,2.559999942779541,2.7200000286102295,2.4000000953674316,2.509999990463257,2152500,0.0,0.0
2025-12-01 00:00:00-05:00,2.509999990463257,2.5299999713897705,2.009999990463257,2.1500000953674316,1323900,0.0,0.0
2025-12-02 00:00:00-05:00,2.1500000953674316,2.240000009536743,1.7799999713897705,1.8799999952316284,897900,0.0,0.0
2025-12-03 00:00:00-05:00,1.909999966621399,2.0899999141693115,1.8350000381469727,1.9600000381469727,441000,0.0,0.0
2025-12-04 00:00:00-05:00,1.9199999570846558,2.0999999046325684,1.899999976158142,1.9700000286102295,198200,0.0,0.0
2025-12-05 00:00:00-05:00,1.909999966621399,1.9600000381469727,1.75,1.7799999713897705,353800,0.0,0.0
2025-12-08 00:00:00-05:00,1.809999942779541,1.809999942779541,1.649999976158142,1.649999976158142,247200,0.0,0.0
2025-12-09 00:00:00-05:00,1.649999976158142,1.7100000381469727,1.6009999513626099,1.6200000047683716,125100,0.0,0.0
2025-12-10 00:00:00-05:00,1.6299999952316284,1.7100000381469727,1.600000023841858,1.6699999570846558,137400,0.0,0.0
2025-12-11 00:00:00-05:00,1.6799999475479126,1.7400000095367432,1.6200000047683716,1.690000057220459,77300,0.0,0.0
2025-12-12 00:00:00-05:00,1.649999976158142,1.659999966621399,1.5099999904632568,1.559999942779541,193400,0.0,0.0
2025-12-15 00:00:00-05:00,1.559999942779541,1.649999976158142,1.3300000429153442,1.3700000047683716,354700,0.0,0.0
2025-12-16 00:00:00-05:00,1.409999966621399,1.559999942779541,1.3799999952316284,1.3899999856948853,305300,0.0,0.0
2025-12-17 00:00:00-05:00,1.399999976158142,1.5700000524520874,1.3899999856948853,1.5099999904632568,197900,0.0,0.0
2025-12-18 00:00:00-05:00,1.5199999809265137,1.6699999570846558,1.5160000324249268,1.6200000047683716,196100,0.0,0.0
2025-12-19 00:00:00-05:00,1.6399999856948853,1.7899999618530273,1.6080000400543213,1.7100000381469727,174700,0.0,0.0
2025-12-22 00:00:00-05:00,1.7200000286102295,1.9199999570846558,1.7100000381469727,1.7699999809265137,154700,0.0,0.0
2025-12-23 00:00:00-05:00,1.7999999523162842,1.8300000429153442,1.7400000095367432,1.809999942779541,104000,0.0,0.0
2025-12-24 00:00:00-05:00,1.809999942779541,1.8600000143051147,1.725000023841858,1.7899999618530273,76100,0.0,0.0
2025-12-26 00:00:00-05:00,1.7200000286102295,1.8359999656677246,1.690000057220459,1.75,116800,0.0,0.0
2025-12-29 00:00:00-05:00,1.7200000286102295,1.7799999713897705,1.6799999475479126,1.75,117900,0.0,0.0
2025-12-30 00:00:00-05:00,1.7400000095367432,1.7649999856948853,1.6699999570846558,1.7200000286102295,180300,0.0,0.0
2025-12-31 00:00:00-05:00,1.690000057220459,1.8049999475479126,1.6200000047683716,1.7300000190734863,158400,0.0,0.0
2026-01-02 00:00:00-05:00,1.7400000095367432,2.0799999237060547,1.7000000476837158,1.9900000095367432,145000,0.0,0.0
2026-01-05 00:00:00-05:00,2.180000066757202,2.5999999046325684,2.130000114440918,2.440000057220459,588800,0.0,0.0
2026-01-06 00:00:00-05:00,2.380000114440918,2.4700000286102295,2.180000066757202,2.2899999618530273,170900,0.0,0.0
2026-01-07 00:00:00-05:00,2.2899999618530273,2.569999933242798,2.140000104904175,2.509999990463257,197300,0.0,0.0
2026-01-08 00:00:00-05:00,2.509999990463257,2.690000057220459,2.4600000381469727,2.5399999618530273,161900,0.0,0.0
2026-01-09 00:00:00-05:00,2.559999942779541,2.799999952316284,2.5399999618530273,2.609999895095825,254000,0.0,0.0
2026-01-12 00:00:00-05:00,2.690000057220459,2.799999952316284,2.6500000953674316,2.6700000762939453,187000,0.0,0.0
2026-01-13 00:00:00-05:00,2.700000047683716,2.7049999237060547,2.4609999656677246,2.5999999046325684,146300,0.0,0.0
2026-01-14 00:00:00-05:00,2.619999885559082,2.744999885559082,2.559999942779541,2.6700000762939453,97300,0.0,0.0
2026-01-15 00:00:00-05:00,2.734999895095825,2.799999952316284,2.619999885559082,2.619999885559082,94900,0.0,0.0
2026-01-16 00:00:00-05:00,2.5999999046325684,2.680000066757202,2.4509999752044678,2.5799999237060547,108200,0.0,0.0
2026-01-20 00:00:00-05:00,2.4800000190734863,2.630000114440918,2.3299999237060547,2.4600000381469727,96000,0.0,0.0
2026-01-21 00:00:00-05:00,2.5299999713897705,2.680000066757202,2.4700000286102295,2.619999885559082,124100,0.0,0.0
2026-01-22 00:00:00-05:00,2.559999942779541,2.7799999713897705,2.559999942779541,2.5799999237060547,115200,0.0,0.0
2026-01-23 00:00:00-05:00,2.5799999237060547,2.819999933242798,2.494999885559082,2.740000009536743,149400,0.0,0.0
2026-01-26 00:00:00-05:00,2.7699999809265137,2.819999933242798,2.450000047683716,2.490000009536743,148900,0.0,0.0
2026-01-27 00:00:00-05:00,2.5399999618530273,2.571000099182129,2.4000000953674316,2.4600000381469727,95000,0.0,0.0
2026-01-28 00:00:00-05:00,2.5199999809265137,2.6649999618530273,2.490000009536743,2.5799999237060547,46700,0.0,0.0
2026-01-29 00:00:00-05:00,2.5299999713897705,2.680000066757202,2.5,2.5999999046325684,72600,0.0,0.0
2026-01-30 00:00:00-05:00,2.5999999046325684,2.7100000381469727,2.509999990463257,2.509999990463257,93400,0.0,0.0
2026-02-02 00:00:00-05:00,2.5,2.619999885559082,2.200000047683716,2.200000047683716,166900,0.0,0.0
2026-02-03 00:00:00-05:00,2.200000047683716,2.259999990463257,1.809999942779541,1.8600000143051147,212200,0.0,0.0
2026-02-04 00:00:00-05:00,1.8700000047683716,2.0199999809265137,1.8250000476837158,1.9600000381469727,89800,0.0,0.0
2026-02-05 00:00:00-05:00,1.8830000162124634,1.9800000190734863,1.809999942779541,1.809999942779541,109300,0.0,0.0
2026-02-06 00:00:00-05:00,1.8899999856948853,2.0899999141693115,1.843999981880188,2.049999952316284,105100,0.0,0.0
2026-02-09 00:00:00-05:00,2.049999952316284,2.4000000953674316,2.0190000534057617,2.1600000858306885,135400,0.0,0.0
2026-02-10 00:00:00-05:00,2.1600000858306885,2.2799999713897705,2.069999933242798,2.1600000858306885,94000,0.0,0.0
2026-02-11 00:00:00-05:00,2.1600000858306885,2.25,2.049999952316284,2.119999885559082,72900,0.0,0.0
2026-02-12 00:00:00-05:00,2.1500000953674316,2.440000057220459,2.0399999618530273,2.4200000762939453,195800,0.0,0.0
2026-02-13 00:00:00-05:00,2.450000047683716,2.569999933242798,2.2920000553131104,2.430000066757202,130000,0.0,0.0
2026-02-17 00:00:00-05:00,2.3499999046325684,2.390000104904175,2.1500000953674316,2.180000066757202,74000,0.0,0.0
2026-02-18 00:00:00-05:00,2.309999942779541,2.630000114440918,2.200000047683716,2.509999990463257,198500,0.0,0.0
2026-02-19 00:00:00-05:00,2.4600000381469727,2.5299999713897705,2.299999952316284,2.430000066757202,84800,0.0,0.0
2026-02-20 00:00:00-05:00,2.299999952316284,2.509999990463257,2.2899999618530273,2.4200000762939453,89100,0.0,0.0
2026-02-23 00:00:00-05:00,2.3259999752044678,2.440000057220459,2.319999933242798,2.319999933242798,62300,0.0,0.0
2026-02-24 00:00:00-05:00,2.319999933242798,2.6500000953674316,2.319999933242798,2.559999942779541,115900,0.0,0.0
2026-02-25 00:00:00-05:00,2.609999895095825,2.802000045776367,2.569999933242798,2.7899999618530273,158000,0.0,0.0
2026-02-26 00:00:00-05:00,2.7300000190734863,2.75,2.5199999809265137,2.5799999237060547,108800,0.0,0.0
2026-02-27 00:00:00-05:00,2.5899999141693115,2.7070000171661377,2.5399999618530273,2.5999999046325684,28600,0.0,0.0
2026-03-02 00:00:00-05:00,2.549999952316284,2.6080000400543213,2.2200000286102295,2.5399999618530273,98800,0.0,0.0
2026-03-03 00:00:00-05:00,2.319999933242798,2.5329999923706055,2.319999933242798,2.4600000381469727,78000,0.0,0.0
2026-03-04 00:00:00-05:00,2.4600000381469727,2.6500000953674316,2.4600000381469727,2.5899999141693115,64500,0.0,0.0
2026-03-05 00:00:00-05:00,2.5899999141693115,2.609999895095825,2.4600000381469727,2.509999990463257,52800,0.0,0.0
2026-03-06 00:00:00-05:00,2.549999952316284,2.7200000286102295,2.5199999809265137,2.6700000762939453,54200,0.0,0.0
2026-03-09 00:00:00-04:00,2.5999999046325684,2.6500000953674316,2.4700000286102295,2.509999990463257,90200,0.0,0.0
2026-03-10 00:00:00-04:00,2.4800000190734863,2.630000114440918,2.4800000190734863,2.5299999713897705,96200,0.0,0.0
2026-03-11 00:00:00-04:00,2.549999952316284,2.6600000858306885,2.5,2.5799999237060547,75800,0.0,0.0
2026-03-12 00:00:00-04:00,2.5299999713897705,2.7100000381469727,2.5299999713897705,2.5999999046325684,44600,0.0,0.0
2026-03-13 00:00:00-04:00,2.569999933242798,2.7200000286102295,2.569999933242798,2.6600000858306885,80200,0.0,0.0
2026-03-16 00:00:00-04:00,2.5999999046325684,2.6480000019073486,2.549999952316284,2.5799999237060547,41500,0.0,0.0
2026-03-17 00:00:00-04:00,2.640000104904175,2.690000057220459,2.569999933242798,2.5899999141693115,94500,0.0,0.0
2026-03-18 00:00:00-04:00,2.5899999141693115,2.5999999046325684,2.450000047683716,2.4600000381469727,112600,0.0,0.0
2026-03-19 00:00:00-04:00,2.4200000762939453,2.5199999809265137,2.319999933242798,2.4000000953674316,61200,0.0,0.0
2026-03-20 00:00:00-04:00,2.369999885559082,2.509999990463257,2.059999942779541,2.259999990463257,69200,0.0,0.0
2026-03-23 00:00:00-04:00,2.4100000858306885,2.515000104904175,2.3499999046325684,2.390000104904175,41200,0.0,0.0
2026-03-24 00:00:00-04:00,2.3949999809265137,2.4100000858306885,2.1500000953674316,2.390000104904175,106900,0.0,0.0
2026-03-25 00:00:00-04:00,2.380000114440918,2.4200000762939453,2.309999942779541,2.390000104904175,33600,0.0,0.0
2026-03-26 00:00:00-04:00,2.369999885559082,2.4700000286102295,2.359999895095825,2.359999895095825,53800,0.0,0.0
2026-03-27 00:00:00-04:00,2.244999885559082,2.4100000858306885,2.244999885559082,2.3299999237060547,129600,0.0,0.0
2026-03-30 00:00:00-04:00,2.309999942779541,2.4489998817443848,2.2300000190734863,2.259999990463257,42100,0.0,0.0
2026-03-31 00:00:00-04:00,2.3350000381469727,2.4800000190734863,2.240000009536743,2.359999895095825,107800,0.0,0.0
2026-04-01 00:00:00-04:00,2.440000057220459,2.509999990463257,2.390000104904175,2.490000009536743,59900,0.0,0.0
2026-04-02 00:00:00-04:00,2.4600000381469727,2.5350000858306885,2.4600000381469727,2.5,18500,0.0,0.0
2026-04-06 00:00:00-04:00,2.5,2.5399999618530273,2.4100000858306885,2.4700000286102295,49800,0.0,0.0
2026-04-07 00:00:00-04:00,2.4100000858306885,2.440000057220459,2.3499999046325684,2.380000114440918,25800,0.0,0.0
2026-04-08 00:00:00-04:00,2.4800000190734863,2.5899999141693115,2.299999952316284,2.299999952316284,54200,0.0,0.0
2026-04-09 00:00:00-04:00,2.4000000953674316,2.4000000953674316,2.2149999141693115,2.2200000286102295,60700,0.0,0.0
2026-04-10 00:00:00-04:00,2.2200000286102295,2.2200000286102295,1.9700000286102295,2.009999990463257,80100,0.0,0.0
2026-04-13 00:00:00-04:00,1.9700000286102295,2.24399995803833,1.9600000381469727,2.119999885559082,68100,0.0,0.0
2026-04-14 00:00:00-04:00,2.059999942779541,2.299999952316284,2.059999942779541,2.1600000858306885,66600,0.0,0.0
2026-04-15 00:00:00-04:00,2.130000114440918,2.3399999141693115,2.0299999713897705,2.0999999046325684,83600,0.0,0.0
2026-04-16 00:00:00-04:00,2.140000104904175,2.490000009536743,2.140000104904175,2.359999895095825,79100,0.0,0.0
2026-04-17 00:00:00-04:00,2.299999952316284,2.5,2.299999952316284,2.390000104904175,57700,0.0,0.0
2026-04-20 00:00:00-04:00,2.390000104904175,2.5,2.2330000400543213,2.2899999618530273,50500,0.0,0.0
2026-04-21 00:00:00-04:00,2.299999952316284,2.440000057220459,2.2799999713897705,2.2899999618530273,36600,0.0,0.0
2026-04-22 00:00:00-04:00,2.319999933242798,2.4739999771118164,2.319999933242798,2.4200000762939453,49300,0.0,0.0
2026-04-23 00:00:00-04:00,2.4000000953674316,2.509999990463257,2.359999895095825,2.359999895095825,46400,0.0,0.0
2026-04-24 00:00:00-04:00,2.3499999046325684,2.4549999237060547,2.3499999046325684,2.380000114440918,8300,0.0,0.0
2026-04-27 00:00:00-04:00,2.380000114440918,2.5399999618530273,2.359999895095825,2.390000104904175,75000,0.0,0.0
2026-04-28 00:00:00-04:00,2.2100000381469727,2.440000057220459,2.2100000381469727,2.2699999809265137,62300,0.0,0.0
2026-04-29 00:00:00-04:00,2.369999885559082,2.440000057220459,2.2200000286102295,2.2799999713897705,49500,0.0,0.0
2026-04-30 00:00:00-04:00,2.259999990463257,2.359999895095825,2.2279999256134033,2.2799999713897705,125100,0.0,0.0
2026-05-01 00:00:00-04:00,2.2799999713897705,2.3989999294281006,2.200000047683716,2.2799999713897705,25200,0.0,0.0
2026-05-04 00:00:00-04:00,2.2899999618530273,2.4000000953674316,2.2100000381469727,2.2100000381469727,35600,0.0,0.0
2026-05-05 00:00:00-04:00,2.299999952316284,2.3450000286102295,2.2100000381469727,2.2899999618530273,27300,0.0,0.0
2026-05-06 00:00:00-04:00,2.109999895095825,2.2950000762939453,2.0999999046325684,2.1600000858306885,27700,0.0,0.0
2026-05-07 00:00:00-04:00,2.1600000858306885,2.2899999618530273,2.1589999198913574,2.200000047683716,15600,0.0,0.0
2026-05-08 00:00:00-04:00,2.200000047683716,2.2300000190734863,2.0999999046325684,2.130000114440918,8600,0.0,0.0
2026-05-11 00:00:00-04:00,2.130000114440918,2.130000114440918,1.9500000476837158,1.975000023841858,48800,0.0,0.0
2026-05-12 00:00:00-04:00,1.9800000190734863,2.069999933242798,1.9800000190734863,1.9900000095367432,31500,0.0,0.0
2026-05-13 00:00:00-04:00,2.0,2.009999990463257,1.9299999475479126,1.9299999475479126,28000,0.0,0.0
2026-05-14 00:00:00-04:00,1.9299999475479126,2.0999999046325684,1.9299999475479126,1.9700000286102295,27800,0.0,0.0
2026-05-15 00:00:00-04:00,1.9199999570846558,2.0,1.8300000429153442,1.9299999475479126,34600,0.0,0.0
2026-05-18 00:00:00-04:00,1.8899999856948853,2.0,1.7699999809265137,1.7699999809265137,93600,0.0,0.0
2026-05-19 00:00:00-04:00,1.7300000190734863,2.0,1.7300000190734863,1.8250000476837158,52000,0.0,0.0
2026-05-20 00:00:00-04:00,1.8600000143051147,2.0,1.8600000143051147,1.9700000286102295,26300,0.0,0.0
2026-05-21 00:00:00-04:00,2.0,2.0,1.8300000429153442,1.8300000429153442,58400,0.0,0.0
2026-05-22 00:00:00-04:00,1.8300000429153442,1.9600000381469727,1.8300000429153442,1.8600000143051147,30100,0.0,0.0
2026-05-26 00:00:00-04:00,1.8600000143051147,1.9299999475479126,1.7100000381469727,1.7400000095367432,68100,0.0,0.0
2026-05-27 00:00:00-04:00,1.7599999904632568,1.7999999523162842,1.6349999904632568,1.649999976158142,54500,0.0,0.0
2026-05-28 00:00:00-04:00,1.5199999809265137,1.7300000190734863,1.5199999809265137,1.6100000143051147,64700,0.0,0.0
2026-05-29 00:00:00-04:00,1.5199999809265137,1.75,1.5099999904632568,1.7000000476837158,60500,0.0,0.0
2026-06-01 00:00:00-04:00,1.7400000095367432,1.7450000047683716,1.6100000143051147,1.6299999952316284,64800,0.0,0.0
2026-06-02 00:00:00-04:00,1.649999976158142,1.649999976158142,1.5,1.5299999713897705,73500,0.0,0.0
2026-06-03 00:00:00-04:00,1.5499999523162842,1.590000033378601,1.5099999904632568,1.5199999809265137,87800,0.0,0.0
2026-06-04 00:00:00-04:00,1.5099999904632568,1.600000023841858,1.4900000095367432,1.5499999523162842,129400,0.0,0.0
2026-06-05 00:00:00-04:00,1.5099999904632568,1.5750000476837158,1.4600000381469727,1.4600000381469727,44800,0.0,0.0
2026-06-08 00:00:00-04:00,1.5,1.5499999523162842,1.4600000381469727,1.5099999904632568,46400,0.0,0.0
2026-06-09 00:00:00-04:00,1.5,1.6299999952316284,1.4809999465942383,1.5399999618530273,89400,0.0,0.0
2026-06-10 00:00:00-04:00,1.5,1.5700000524520874,1.4800000190734863,1.4800000190734863,44400,0.0,0.0
2026-06-11 00:00:00-04:00,1.4700000286102295,1.5410000085830688,1.4199999570846558,1.440000057220459,88200,0.0,0.0
2026-06-12 00:00:00-04:00,1.440000057220459,1.5049999952316284,1.340000033378601,1.3700000047683716,65700,0.0,0.0
2026-06-15 00:00:00-04:00,1.3600000143051147,1.4600000381469727,1.3600000143051147,1.409999966621399,42200,0.0,0.0
2026-06-16 00:00:00-04:00,1.3600000143051147,1.5099999904632568,1.309999942779541,1.4700000286102295,35600,0.0,0.0
2026-06-17 00:00:00-04:00,1.5099999904632568,1.7200000286102295,1.5,1.5,177900,0.0,0.0
2026-06-18 00:00:00-04:00,1.5199999809265137,1.5700000524520874,1.5099999904632568,1.559999942779541,38700,0.0,0.0
2026-06-22 00:00:00-04:00,1.4900000095367432,1.559999942779541,1.4500000476837158,1.4900000095367432,23700,0.0,0.0
2026-06-23 00:00:00-04:00,1.4199999570846558,1.559999942779541,1.4199999570846558,1.5499999523162842,29200,0.0,0.0
2026-06-24 00:00:00-04:00,1.5299999713897705,1.559999942779541,1.5099999904632568,1.5499999523162842,16200,0.0,0.0
2026-06-25 00:00:00-04:00,1.465000033378601,1.559999942779541,1.440000057220459,1.4800000190734863,18100,0.0,0.0
2026-06-26 00:00:00-04:00,1.4500000476837158,1.5299999713897705,1.4500000476837158,1.5,36100,0.0,0.0
2026-06-29 00:00:00-04:00,1.5099999904632568,1.600000023841858,1.5,1.5399999618530273,33600,0.0,0.0
2026-06-30 00:00:00-04:00,1.5399999618530273,1.5399999618530273,1.4500000476837158,1.4900000095367432,29500,0.0,0.0
2026-07-01 00:00:00-04:00,1.5,1.559999942779541,1.4989999532699585,1.5,35700,0.0,0.0
2026-07-02 00:00:00-04:00,1.440000057220459,1.4700000286102295,1.4299999475479126,1.4299999475479126,30000,0.0,0.0
2026-07-06 00:00:00-04:00,1.409999966621399,1.4500000476837158,1.399999976158142,1.440000057220459,50277,0.0,0.0
