Date,Open,High,Low,Close,Volume,Dividends,Stock Splits
2022-01-03 00:00:00-05:00,10.779999732971191,10.9399995803833,10.229999542236328,10.630000114440918,213000,0.0,0.0
2022-01-04 00:00:00-05:00,10.5600004196167,10.5600004196167,9.430000305175781,9.890000343322754,467700,0.0,0.0
2022-01-05 00:00:00-05:00,9.770000457763672,9.970000267028809,8.640000343322754,8.760000228881836,817000,0.0,0.0
2022-01-06 00:00:00-05:00,8.600000381469727,9.095000267028809,8.40999984741211,8.460000038146973,770600,0.0,0.0
2022-01-07 00:00:00-05:00,8.460000038146973,8.979999542236328,8.460000038146973,8.75,550300,0.0,0.0
2022-01-10 00:00:00-05:00,8.579999923706055,8.609999656677246,8.220000267028809,8.420000076293945,1661300,0.0,0.0
2022-01-11 00:00:00-05:00,8.420000076293945,8.600000381469727,8.170000076293945,8.329999923706055,2398100,0.0,0.0
2022-01-12 00:00:00-05:00,8.529999732971191,8.619999885559082,7.96999979019165,8.380000114440918,926700,0.0,0.0
2022-01-13 00:00:00-05:00,8.329999923706055,8.380000114440918,7.660999774932861,7.75,609400,0.0,0.0
2022-01-14 00:00:00-05:00,7.75,8.0,7.420000076293945,7.579999923706055,591600,0.0,0.0
2022-01-18 00:00:00-05:00,7.96999979019165,8.135000228881836,7.610000133514404,7.710000038146973,1496600,0.0,0.0
2022-01-19 00:00:00-05:00,7.789999961853027,8.079999923706055,7.559999942779541,7.590000152587891,1406000,0.0,0.0
2022-01-20 00:00:00-05:00,7.78000020980835,8.199999809265137,7.46999979019165,7.489999771118164,1106800,0.0,0.0
2022-01-21 00:00:00-05:00,7.489999771118164,7.489999771118164,6.744999885559082,6.769999980926514,948100,0.0,0.0
2022-01-24 00:00:00-05:00,6.510000228881836,7.260000228881836,6.269999980926514,7.199999809265137,1907200,0.0,0.0
2022-01-25 00:00:00-05:00,6.900000095367432,7.170000076293945,6.71999979019165,7.019999980926514,2359200,0.0,0.0
2022-01-26 00:00:00-05:00,7.340000152587891,7.53000020980835,6.795000076293945,6.829999923706055,923800,0.0,0.0
2022-01-27 00:00:00-05:00,6.96999979019165,7.119999885559082,6.25,6.28000020980835,835600,0.0,0.0
2022-01-28 00:00:00-05:00,6.329999923706055,6.78000020980835,6.090000152587891,6.78000020980835,695900,0.0,0.0
2022-01-31 00:00:00-05:00,6.889999866485596,7.699999809265137,6.829999923706055,7.679999828338623,1212200,0.0,0.0
2022-02-01 00:00:00-05:00,7.880000114440918,7.96999979019165,7.400000095367432,7.730000019073486,1166700,0.0,0.0
2022-02-02 00:00:00-05:00,7.840000152587891,7.909999847412109,7.170000076293945,7.289999961853027,444800,0.0,0.0
2022-02-03 00:00:00-05:00,6.96999979019165,6.985000133514404,6.519999980926514,6.519999980926514,560000,0.0,0.0
2022-02-04 00:00:00-05:00,6.539999961853027,7.25,6.480000019073486,7.130000114440918,951000,0.0,0.0
2022-02-07 00:00:00-05:00,7.150000095367432,7.400000095367432,6.889999866485596,7.03000020980835,254700,0.0,0.0
2022-02-08 00:00:00-05:00,6.929999828338623,7.269999980926514,6.849999904632568,7.269999980926514,568000,0.0,0.0
2022-02-09 00:00:00-05:00,7.429999828338623,7.78000020980835,7.340000152587891,7.769999980926514,371000,0.0,0.0
2022-02-10 00:00:00-05:00,7.449999809265137,8.199999809265137,7.300000190734863,7.699999809265137,1049200,0.0,0.0
2022-02-11 00:00:00-05:00,7.699999809265137,7.96999979019165,7.46999979019165,7.579999923706055,532300,0.0,0.0
2022-02-14 00:00:00-05:00,7.599999904632568,8.899999618530273,7.590000152587891,8.180000305175781,2082900,0.0,0.0
2022-02-15 00:00:00-05:00,8.319999694824219,8.739999771118164,8.25,8.680000305175781,1212100,0.0,0.0
2022-02-16 00:00:00-05:00,8.399999618530273,8.6899995803833,8.079999923706055,8.520000457763672,1066800,0.0,0.0
2022-02-17 00:00:00-05:00,8.470000267028809,8.670000076293945,7.900000095367432,7.929999828338623,1078600,0.0,0.0
2022-02-18 00:00:00-05:00,7.860000133514404,8.119999885559082,7.460000038146973,7.659999847412109,4457900,0.0,0.0
2022-02-22 00:00:00-05:00,7.480000019073486,7.710000038146973,7.309999942779541,7.630000114440918,912100,0.0,0.0
2022-02-23 00:00:00-05:00,7.699999809265137,7.909999847412109,7.389999866485596,7.440000057220459,773400,0.0,0.0
2022-02-24 00:00:00-05:00,6.909999847412109,7.869999885559082,6.519999980926514,7.710000038146973,775500,0.0,0.0
2022-02-25 00:00:00-05:00,8.479999542236328,8.479999542236328,7.800000190734863,8.010000228881836,1259400,0.0,0.0
2022-02-28 00:00:00-05:00,8.010000228881836,8.300000190734863,7.690000057220459,8.020000457763672,658700,0.0,0.0
2022-03-01 00:00:00-05:00,7.940000057220459,8.319999694824219,7.886000156402588,8.079999923706055,457500,0.0,0.0
2022-03-02 00:00:00-05:00,8.069999694824219,8.069999694824219,7.514999866485596,7.78000020980835,326600,0.0,0.0
2022-03-03 00:00:00-05:00,7.760000228881836,7.769999980926514,7.150000095367432,7.260000228881836,627000,0.0,0.0
2022-03-04 00:00:00-05:00,7.110000133514404,7.159999847412109,6.849999904632568,7.0,879200,0.0,0.0
2022-03-07 00:00:00-05:00,6.980000019073486,7.078000068664551,6.519999980926514,6.550000190734863,530000,0.0,0.0
2022-03-08 00:00:00-05:00,6.53000020980835,6.940000057220459,6.25,6.679999828338623,1403100,0.0,0.0
2022-03-09 00:00:00-05:00,6.940000057220459,7.559999942779541,6.909999847412109,7.409999847412109,1911300,0.0,0.0
2022-03-10 00:00:00-05:00,7.21999979019165,7.46999979019165,6.96999979019165,7.190000057220459,1347000,0.0,0.0
2022-03-11 00:00:00-05:00,7.25,7.440000057220459,6.53000020980835,6.699999809265137,999100,0.0,0.0
2022-03-14 00:00:00-04:00,6.619999885559082,6.650000095367432,6.019999980926514,6.039999961853027,965200,0.0,0.0
2022-03-15 00:00:00-04:00,6.070000171661377,6.699999809265137,6.050000190734863,6.559999942779541,1053700,0.0,0.0
2022-03-16 00:00:00-04:00,6.739999771118164,6.96999979019165,6.489999771118164,6.949999809265137,1897600,0.0,0.0
2022-03-17 00:00:00-04:00,6.909999847412109,7.329999923706055,6.75,7.210000038146973,1006900,0.0,0.0
2022-03-18 00:00:00-04:00,7.199999809265137,7.449999809265137,7.079999923706055,7.329999923706055,1631900,0.0,0.0
2022-03-21 00:00:00-04:00,7.239999771118164,7.539999961853027,6.739999771118164,6.860000133514404,1080300,0.0,0.0
2022-03-22 00:00:00-04:00,6.900000095367432,7.320000171661377,6.795000076293945,7.0,2787400,0.0,0.0
2022-03-23 00:00:00-04:00,6.920000076293945,6.989999771118164,6.5,6.510000228881836,1333600,0.0,0.0
2022-03-24 00:00:00-04:00,6.539999961853027,6.590000152587891,6.199999809265137,6.460000038146973,605500,0.0,0.0
2022-03-25 00:00:00-04:00,6.429999828338623,6.489999771118164,6.090000152587891,6.309999942779541,2063200,0.0,0.0
2022-03-28 00:00:00-04:00,6.309999942779541,6.539999961853027,6.239999771118164,6.489999771118164,682200,0.0,0.0
2022-03-29 00:00:00-04:00,6.630000114440918,7.019999980926514,6.619999885559082,6.949999809265137,2028200,0.0,0.0
2022-03-30 00:00:00-04:00,6.880000114440918,7.050000190734863,6.409999847412109,6.480000019073486,601100,0.0,0.0
2022-03-31 00:00:00-04:00,6.46999979019165,6.46999979019165,6.130000114440918,6.150000095367432,345700,0.0,0.0
2022-04-01 00:00:00-04:00,6.179999828338623,6.284999847412109,6.03000020980835,6.260000228881836,506100,0.0,0.0
2022-04-04 00:00:00-04:00,6.320000171661377,6.699999809265137,6.320000171661377,6.539999961853027,975600,0.0,0.0
2022-04-05 00:00:00-04:00,6.550000190734863,6.75,6.150000095367432,6.289999961853027,416700,0.0,0.0
2022-04-06 00:00:00-04:00,6.139999866485596,6.28000020980835,5.869999885559082,6.21999979019165,566600,0.0,0.0
2022-04-07 00:00:00-04:00,6.159999847412109,6.449999809265137,5.98799991607666,6.159999847412109,408300,0.0,0.0
2022-04-08 00:00:00-04:00,6.130000114440918,6.190000057220459,5.938000202178955,6.010000228881836,310900,0.0,0.0
2022-04-11 00:00:00-04:00,5.920000076293945,6.170000076293945,5.699999809265137,6.039999961853027,326900,0.0,0.0
2022-04-12 00:00:00-04:00,6.199999809265137,6.329999923706055,5.980000019073486,6.019999980926514,375900,0.0,0.0
2022-04-13 00:00:00-04:00,6.050000190734863,6.25,5.989999771118164,6.210000038146973,457100,0.0,0.0
2022-04-14 00:00:00-04:00,6.25,6.309999942779541,5.989999771118164,6.019999980926514,293100,0.0,0.0
2022-04-18 00:00:00-04:00,5.940000057220459,6.0,5.690000057220459,5.849999904632568,459500,0.0,0.0
2022-04-19 00:00:00-04:00,5.789999961853027,6.21999979019165,5.769999980926514,6.210000038146973,255900,0.0,0.0
2022-04-20 00:00:00-04:00,6.170000076293945,6.215000152587891,5.800000190734863,5.820000171661377,276000,0.0,0.0
2022-04-21 00:00:00-04:00,5.940000057220459,6.070000171661377,5.599999904632568,5.690000057220459,507000,0.0,0.0
2022-04-22 00:00:00-04:00,5.639999866485596,5.869999885559082,5.5,5.559999942779541,285800,0.0,0.0
2022-04-25 00:00:00-04:00,5.480000019073486,5.949999809265137,5.474999904632568,5.829999923706055,694600,0.0,0.0
2022-04-26 00:00:00-04:00,5.800000190734863,5.860000133514404,5.289999961853027,5.340000152587891,362400,0.0,0.0
2022-04-27 00:00:00-04:00,5.360000133514404,5.619999885559082,5.275000095367432,5.320000171661377,240300,0.0,0.0
2022-04-28 00:00:00-04:00,5.320000171661377,5.510000228881836,5.21999979019165,5.429999828338623,357000,0.0,0.0
2022-04-29 00:00:00-04:00,5.610000133514404,5.900000095367432,5.230000019073486,5.289999961853027,502800,0.0,0.0
2022-05-02 00:00:00-04:00,5.230000019073486,5.349999904632568,5.059999942779541,5.230000019073486,226900,0.0,0.0
2022-05-03 00:00:00-04:00,5.239999771118164,5.409999847412109,5.170000076293945,5.349999904632568,279700,0.0,0.0
2022-05-04 00:00:00-04:00,5.340000152587891,5.639999866485596,5.079999923706055,5.639999866485596,264300,0.0,0.0
2022-05-05 00:00:00-04:00,5.510000228881836,5.559999942779541,5.159999847412109,5.269999980926514,280000,0.0,0.0
2022-05-06 00:00:00-04:00,5.28000020980835,5.420000076293945,4.909999847412109,5.199999809265137,335600,0.0,0.0
2022-05-09 00:00:00-04:00,5.039999961853027,5.119999885559082,4.71999979019165,4.809999942779541,515600,0.0,0.0
2022-05-10 00:00:00-04:00,4.96999979019165,5.139999866485596,4.579999923706055,4.829999923706055,884900,0.0,0.0
2022-05-11 00:00:00-04:00,4.71999979019165,4.960000038146973,4.579999923706055,4.630000114440918,1591500,0.0,0.0
2022-05-12 00:00:00-04:00,4.489999771118164,5.014999866485596,4.409999847412109,4.539999961853027,852800,0.0,0.0
2022-05-13 00:00:00-04:00,4.710000038146973,4.900000095367432,4.059999942779541,4.630000114440918,455100,0.0,0.0
2022-05-16 00:00:00-04:00,4.619999885559082,4.949999809265137,4.434999942779541,4.550000190734863,383100,0.0,0.0
2022-05-17 00:00:00-04:00,4.670000076293945,4.800000190734863,4.28000020980835,4.400000095367432,529400,0.0,0.0
2022-05-18 00:00:00-04:00,4.300000190734863,4.422999858856201,4.079999923706055,4.079999923706055,841400,0.0,0.0
2022-05-19 00:00:00-04:00,4.059999942779541,4.519999980926514,4.059999942779541,4.340000152587891,1511000,0.0,0.0
2022-05-20 00:00:00-04:00,4.400000095367432,4.525000095367432,4.0,4.119999885559082,434600,0.0,0.0
2022-05-23 00:00:00-04:00,4.150000095367432,4.199999809265137,3.869999885559082,4.059999942779541,398800,0.0,0.0
2022-05-24 00:00:00-04:00,3.990000009536743,4.03000020980835,3.7100000381469727,3.9000000953674316,474400,0.0,0.0
2022-05-25 00:00:00-04:00,3.9000000953674316,4.059999942779541,3.890000104904175,3.990000009536743,503800,0.0,0.0
2022-05-26 00:00:00-04:00,3.990000009536743,4.409999847412109,3.990000009536743,4.309999942779541,291400,0.0,0.0
2022-05-27 00:00:00-04:00,4.349999904632568,4.619999885559082,4.239999771118164,4.599999904632568,327200,0.0,0.0
2022-05-31 00:00:00-04:00,4.619999885559082,4.735000133514404,4.53000020980835,4.650000095367432,334300,0.0,0.0
2022-06-01 00:00:00-04:00,4.679999828338623,4.760000228881836,4.599999904632568,4.690000057220459,202200,0.0,0.0
2022-06-02 00:00:00-04:00,4.679999828338623,5.190000057220459,4.599999904632568,5.110000133514404,266700,0.0,0.0
2022-06-03 00:00:00-04:00,5.0,5.090000152587891,4.800000190734863,4.800000190734863,125200,0.0,0.0
2022-06-06 00:00:00-04:00,4.929999828338623,5.050000190734863,4.570000171661377,4.610000133514404,130800,0.0,0.0
2022-06-07 00:00:00-04:00,4.510000228881836,4.78000020980835,4.510000228881836,4.679999828338623,189600,0.0,0.0
2022-06-08 00:00:00-04:00,4.650000095367432,4.769999980926514,4.510000228881836,4.599999904632568,95200,0.0,0.0
2022-06-09 00:00:00-04:00,4.550000190734863,4.550000190734863,4.320000171661377,4.46999979019165,316300,0.0,0.0
2022-06-10 00:00:00-04:00,4.309999942779541,4.360000133514404,3.8949999809265137,4.170000076293945,318300,0.0,0.0
2022-06-13 00:00:00-04:00,3.950000047683716,3.9800000190734863,3.6700000762939453,3.7699999809265137,369000,0.0,0.0
2022-06-14 00:00:00-04:00,3.799999952316284,3.890000104904175,3.680000066757202,3.8399999141693115,111400,0.0,0.0
2022-06-15 00:00:00-04:00,3.880000114440918,4.260000228881836,3.809999942779541,4.03000020980835,224600,0.0,0.0
2022-06-16 00:00:00-04:00,3.9000000953674316,4.484000205993652,3.700000047683716,3.7100000381469727,158400,0.0,0.0
2022-06-17 00:00:00-04:00,3.690000057220459,4.139999866485596,3.690000057220459,3.890000104904175,180400,0.0,0.0
2022-06-21 00:00:00-04:00,3.990000009536743,4.159999847412109,3.869999885559082,3.9700000286102295,278200,0.0,0.0
2022-06-22 00:00:00-04:00,3.890000104904175,4.019999980926514,3.759999990463257,3.799999952316284,128100,0.0,0.0
2022-06-23 00:00:00-04:00,3.8499999046325684,3.8499999046325684,3.630000114440918,3.6500000953674316,364500,0.0,0.0
2022-06-24 00:00:00-04:00,3.6700000762939453,3.75,3.5399999618530273,3.5999999046325684,334100,0.0,0.0
2022-06-27 00:00:00-04:00,3.5899999141693115,3.630000114440918,3.2699999809265137,3.319999933242798,371300,0.0,0.0
2022-06-28 00:00:00-04:00,3.359999895095825,3.359999895095825,3.119999885559082,3.130000114440918,181200,0.0,0.0
2022-06-29 00:00:00-04:00,3.140000104904175,3.184999942779541,2.9570000171661377,3.119999885559082,153700,0.0,0.0
2022-06-30 00:00:00-04:00,3.0199999809265137,3.190000057220459,2.740000009536743,3.0799999237060547,634200,0.0,0.0
2022-07-01 00:00:00-04:00,3.0,3.2200000286102295,2.799999952316284,3.049999952316284,602000,0.0,0.0
2022-07-05 00:00:00-04:00,2.9600000381469727,3.180000066757202,2.9600000381469727,3.1700000762939453,393000,0.0,0.0
2022-07-06 00:00:00-04:00,3.119999885559082,3.2100000381469727,3.059999942779541,3.0899999141693115,243300,0.0,0.0
2022-07-07 00:00:00-04:00,2.950000047683716,3.299999952316284,2.950000047683716,3.2200000286102295,315600,0.0,0.0
2022-07-08 00:00:00-04:00,3.140000104904175,3.2200000286102295,3.0199999809265137,3.1600000858306885,149800,0.0,0.0
2022-07-11 00:00:00-04:00,3.059999942779541,3.140000104904175,2.940000057220459,2.9600000381469727,279400,0.0,0.0
2022-07-12 00:00:00-04:00,2.9600000381469727,3.059999942779541,2.799999952316284,2.859999895095825,385400,0.0,0.0
2022-07-13 00:00:00-04:00,2.740000009536743,3.0,2.7200000286102295,2.930000066757202,302500,0.0,0.0
2022-07-14 00:00:00-04:00,2.799999952316284,2.9200000762939453,2.6600000858306885,2.880000114440918,314300,0.0,0.0
2022-07-15 00:00:00-04:00,2.859999895095825,2.9600000381469727,2.7300000190734863,2.7799999713897705,158200,0.0,0.0
2022-07-18 00:00:00-04:00,2.8399999141693115,3.0799999237060547,2.7699999809265137,2.890000104904175,400500,0.0,0.0
2022-07-19 00:00:00-04:00,2.859999895095825,3.2300000190734863,2.859999895095825,3.119999885559082,439800,0.0,0.0
2022-07-20 00:00:00-04:00,3.069999933242798,3.390000104904175,3.0199999809265137,3.3499999046325684,634300,0.0,0.0
2022-07-21 00:00:00-04:00,3.380000114440918,3.4000000953674316,3.2100000381469727,3.309999942779541,222600,0.0,0.0
2022-07-22 00:00:00-04:00,3.2899999618530273,3.2899999618530273,3.109999895095825,3.109999895095825,289800,0.0,0.0
2022-07-25 00:00:00-04:00,3.0799999237060547,3.0999999046325684,2.9000000953674316,2.990000009536743,105200,0.0,0.0
2022-07-26 00:00:00-04:00,2.9700000286102295,3.0299999713897705,2.819999933242798,2.930000066757202,235000,0.0,0.0
2022-07-27 00:00:00-04:00,3.0299999713897705,3.309999942779541,2.9700000286102295,3.299999952316284,143200,0.0,0.0
2022-07-28 00:00:00-04:00,3.3299999237060547,3.700000047683716,3.1600000858306885,3.569999933242798,305900,0.0,0.0
2022-07-29 00:00:00-04:00,3.569999933242798,3.569999933242798,3.2899999618530273,3.4700000286102295,263500,0.0,0.0
2022-08-01 00:00:00-04:00,3.440000057220459,3.5199999809265137,3.2899999618530273,3.5199999809265137,207000,0.0,0.0
2022-08-02 00:00:00-04:00,3.490000009536743,3.8499999046325684,3.490000009536743,3.7899999618530273,141400,0.0,0.0
2022-08-03 00:00:00-04:00,3.809999942779541,4.190000057220459,3.7799999713897705,4.090000152587891,345400,0.0,0.0
2022-08-04 00:00:00-04:00,4.099999904632568,4.1479997634887695,3.799999952316284,3.8499999046325684,131900,0.0,0.0
2022-08-05 00:00:00-04:00,3.759999990463257,4.170000076293945,3.690000057220459,4.110000133514404,287300,0.0,0.0
2022-08-08 00:00:00-04:00,4.170000076293945,5.0,4.170000076293945,4.929999828338623,501200,0.0,0.0
2022-08-09 00:00:00-04:00,4.519999980926514,5.480000019073486,3.8399999141693115,3.9700000286102295,516300,0.0,0.0
2022-08-10 00:00:00-04:00,4.090000152587891,4.199999809265137,3.8499999046325684,4.190000057220459,271000,0.0,0.0
2022-08-11 00:00:00-04:00,4.199999809265137,4.409999847412109,4.130000114440918,4.329999923706055,370200,0.0,0.0
2022-08-12 00:00:00-04:00,4.050000190734863,4.610000133514404,3.9000000953674316,4.349999904632568,605100,0.0,0.0
2022-08-15 00:00:00-04:00,4.369999885559082,4.579999923706055,3.609999895095825,3.930000066757202,797400,0.0,0.0
2022-08-16 00:00:00-04:00,3.880000114440918,4.110000133514404,3.7850000858306885,4.0,760500,0.0,0.0
2022-08-17 00:00:00-04:00,3.930000066757202,4.28000020980835,3.7699999809265137,3.859999895095825,5037500,0.0,0.0
2022-08-18 00:00:00-04:00,3.75,4.179999828338623,3.7100000381469727,4.0,1067200,0.0,0.0
2022-08-19 00:00:00-04:00,3.9100000858306885,4.050000190734863,3.7100000381469727,3.740000009536743,3505400,0.0,0.0
2022-08-22 00:00:00-04:00,3.6600000858306885,4.03000020980835,3.6600000858306885,3.8499999046325684,540900,0.0,0.0
2022-08-23 00:00:00-04:00,3.809999942779541,3.9549999237060547,3.7300000190734863,3.8499999046325684,466600,0.0,0.0
2022-08-24 00:00:00-04:00,3.8499999046325684,4.110000133514404,3.8499999046325684,3.9100000858306885,1245600,0.0,0.0
2022-08-25 00:00:00-04:00,3.940000057220459,4.099999904632568,3.8399999141693115,3.869999885559082,1017200,0.0,0.0
2022-08-26 00:00:00-04:00,4.199999809265137,4.284999847412109,4.019999980926514,4.139999866485596,2658600,0.0,0.0
2022-08-29 00:00:00-04:00,4.110000133514404,4.46999979019165,4.050000190734863,4.28000020980835,405500,0.0,0.0
2022-08-30 00:00:00-04:00,4.289999961853027,4.440000057220459,4.03000020980835,4.230000019073486,249900,0.0,0.0
2022-08-31 00:00:00-04:00,4.210000038146973,4.5,4.210000038146973,4.329999923706055,288200,0.0,0.0
2022-09-01 00:00:00-04:00,4.28000020980835,4.300000190734863,3.890000104904175,4.010000228881836,175400,0.0,0.0
2022-09-02 00:00:00-04:00,4.050000190734863,4.054999828338623,3.890000104904175,3.950000047683716,261800,0.0,0.0
2022-09-06 00:00:00-04:00,3.9100000858306885,4.110000133514404,3.9000000953674316,4.010000228881836,177100,0.0,0.0
2022-09-07 00:00:00-04:00,4.010000228881836,4.139999866485596,3.950000047683716,4.110000133514404,146200,0.0,0.0
2022-09-08 00:00:00-04:00,4.050000190734863,4.170000076293945,3.997999906539917,4.119999885559082,260600,0.0,0.0
2022-09-09 00:00:00-04:00,4.159999847412109,4.489999771118164,4.159999847412109,4.400000095367432,236500,0.0,0.0
2022-09-12 00:00:00-04:00,4.420000076293945,4.579999923706055,4.340000152587891,4.460000038146973,122300,0.0,0.0
2022-09-13 00:00:00-04:00,4.239999771118164,4.449999809265137,4.230000019073486,4.369999885559082,229500,0.0,0.0
2022-09-14 00:00:00-04:00,4.349999904632568,4.385000228881836,4.144999980926514,4.159999847412109,146400,0.0,0.0
2022-09-15 00:00:00-04:00,4.099999904632568,4.380000114440918,4.090000152587891,4.170000076293945,146600,0.0,0.0
2022-09-16 00:00:00-04:00,4.099999904632568,4.099999904632568,3.700000047683716,3.9000000953674316,434700,0.0,0.0
2022-09-19 00:00:00-04:00,3.930000066757202,4.010000228881836,3.7699999809265137,3.9800000190734863,153200,0.0,0.0
2022-09-20 00:00:00-04:00,3.869999885559082,4.190000057220459,3.75,4.179999828338623,268300,0.0,0.0
2022-09-21 00:00:00-04:00,4.210000038146973,4.329999923706055,4.039999961853027,4.110000133514404,166500,0.0,0.0
2022-09-22 00:00:00-04:00,4.099999904632568,4.099999904632568,3.950000047683716,4.03000020980835,158400,0.0,0.0
2022-09-23 00:00:00-04:00,3.9200000762939453,3.990000009536743,3.819999933242798,3.9000000953674316,197000,0.0,0.0
2022-09-26 00:00:00-04:00,3.869999885559082,4.039999961853027,3.559999942779541,3.569999933242798,236300,0.0,0.0
2022-09-27 00:00:00-04:00,3.5999999046325684,3.75,3.5899999141693115,3.609999895095825,148400,0.0,0.0
2022-09-28 00:00:00-04:00,3.640000104904175,3.880000114440918,3.640000104904175,3.819999933242798,65700,0.0,0.0
2022-09-29 00:00:00-04:00,3.7899999618530273,3.7899999618530273,3.569999933242798,3.690000057220459,121600,0.0,0.0
2022-09-30 00:00:00-04:00,3.6700000762939453,3.799999952316284,3.619999885559082,3.700000047683716,207500,0.0,0.0
2022-10-03 00:00:00-04:00,3.75,3.9800000190734863,3.690000057220459,3.940000057220459,235500,0.0,0.0
2022-10-04 00:00:00-04:00,4.110000133514404,4.28000020980835,4.0,4.139999866485596,145200,0.0,0.0
2022-10-05 00:00:00-04:00,4.059999942779541,4.329999923706055,4.059999942779541,4.199999809265137,94000,0.0,0.0
2022-10-06 00:00:00-04:00,4.170000076293945,4.315000057220459,4.170000076293945,4.239999771118164,101000,0.0,0.0
2022-10-07 00:00:00-04:00,4.170000076293945,4.170000076293945,3.990000009536743,3.990000009536743,113200,0.0,0.0
2022-10-10 00:00:00-04:00,3.9200000762939453,3.934999942779541,3.7699999809265137,3.819999933242798,145200,0.0,0.0
2022-10-11 00:00:00-04:00,3.7899999618530273,3.819999933242798,3.690000057220459,3.740000009536743,162800,0.0,0.0
2022-10-12 00:00:00-04:00,3.7300000190734863,3.8299999237060547,3.7200000286102295,3.7799999713897705,51500,0.0,0.0
2022-10-13 00:00:00-04:00,3.6600000858306885,3.990000009536743,3.619999885559082,3.8499999046325684,183600,0.0,0.0
2022-10-14 00:00:00-04:00,3.9100000858306885,3.9100000858306885,3.6500000953674316,3.6600000858306885,116000,0.0,0.0
2022-10-17 00:00:00-04:00,3.809999942779541,4.079999923706055,3.7699999809265137,3.930000066757202,195600,0.0,0.0
2022-10-18 00:00:00-04:00,4.0,4.170000076293945,3.9000000953674316,3.9800000190734863,185200,0.0,0.0
2022-10-19 00:00:00-04:00,3.869999885559082,3.934999942779541,3.75,3.8399999141693115,298200,0.0,0.0
2022-10-20 00:00:00-04:00,3.880000114440918,4.0,3.7300000190734863,3.7699999809265137,183600,0.0,0.0
2022-10-21 00:00:00-04:00,3.680000066757202,3.819999933242798,3.569999933242798,3.740000009536743,675700,0.0,0.0
2022-10-24 00:00:00-04:00,3.7799999713897705,3.7799999713897705,3.450000047683716,3.5999999046325684,416100,0.0,0.0
2022-10-25 00:00:00-04:00,3.6500000953674316,3.9100000858306885,3.630000114440918,3.8499999046325684,660800,0.0,0.0
2022-10-26 00:00:00-04:00,3.8499999046325684,3.9000000953674316,3.687999963760376,3.759999990463257,286800,0.0,0.0
2022-10-27 00:00:00-04:00,3.819999933242798,3.8299999237060547,3.625,3.7200000286102295,447600,0.0,0.0
2022-10-28 00:00:00-04:00,3.7699999809265137,4.199999809265137,3.734999895095825,4.199999809265137,279600,0.0,0.0
2022-10-31 00:00:00-04:00,4.079999923706055,4.590000152587891,4.079999923706055,4.179999828338623,267600,0.0,0.0
2022-11-01 00:00:00-04:00,4.199999809265137,4.199999809265137,3.9100000858306885,3.9600000381469727,129600,0.0,0.0
2022-11-02 00:00:00-04:00,3.9000000953674316,3.940000057220459,3.7049999237060547,3.75,114200,0.0,0.0
2022-11-03 00:00:00-04:00,3.6500000953674316,3.8499999046325684,3.6449999809265137,3.6700000762939453,414300,0.0,0.0
2022-11-04 00:00:00-04:00,3.75,3.75,3.569999933242798,3.690000057220459,247600,0.0,0.0
2022-11-07 00:00:00-05:00,3.6600000858306885,3.690000057220459,3.549999952316284,3.549999952316284,446300,0.0,0.0
2022-11-08 00:00:00-05:00,3.7300000190734863,3.825000047683716,3.569999933242798,3.7300000190734863,777200,0.0,0.0
2022-11-09 00:00:00-05:00,3.680000066757202,3.799999952316284,3.6600000858306885,3.75,1065500,0.0,0.0
2022-11-10 00:00:00-05:00,3.940000057220459,4.03000020980835,3.6500000953674316,3.740000009536743,786600,0.0,0.0
2022-11-11 00:00:00-05:00,3.890000104904175,4.170000076293945,3.753999948501587,3.9000000953674316,919800,0.0,0.0
2022-11-14 00:00:00-05:00,3.869999885559082,4.380000114440918,3.869999885559082,4.179999828338623,574900,0.0,0.0
2022-11-15 00:00:00-05:00,4.369999885559082,4.494999885559082,4.309999942779541,4.429999828338623,487300,0.0,0.0
2022-11-16 00:00:00-05:00,4.320000171661377,4.480000019073486,4.03000020980835,4.059999942779541,257400,0.0,0.0
2022-11-17 00:00:00-05:00,3.930000066757202,4.059999942779541,3.8399999141693115,3.9200000762939453,174800,0.0,0.0
2022-11-18 00:00:00-05:00,3.950000047683716,4.0,3.7300000190734863,3.75,749200,0.0,0.0
2022-11-21 00:00:00-05:00,3.809999942779541,3.859999895095825,3.7100000381469727,3.8299999237060547,301400,0.0,0.0
2022-11-22 00:00:00-05:00,3.880000114440918,4.090000152587891,3.859999895095825,4.03000020980835,285600,0.0,0.0
2022-11-23 00:00:00-05:00,4.03000020980835,4.429999828338623,3.990000009536743,4.400000095367432,943100,0.0,0.0
2022-11-25 00:00:00-05:00,4.389999866485596,4.389999866485596,3.990000009536743,4.0,81500,0.0,0.0
2022-11-28 00:00:00-05:00,3.9000000953674316,3.9700000286102295,3.7100000381469727,3.7300000190734863,231800,0.0,0.0
2022-11-29 00:00:00-05:00,3.700000047683716,3.880000114440918,3.700000047683716,3.7899999618530273,568600,0.0,0.0
2022-11-30 00:00:00-05:00,3.7799999713897705,3.950000047683716,3.7200000286102295,3.940000057220459,138300,0.0,0.0
2022-12-01 00:00:00-05:00,3.990000009536743,4.059999942779541,3.9100000858306885,4.050000190734863,110800,0.0,0.0
2022-12-02 00:00:00-05:00,3.9600000381469727,4.28000020980835,3.9600000381469727,4.230000019073486,97400,0.0,0.0
2022-12-05 00:00:00-05:00,4.190000057220459,4.190000057220459,3.869999885559082,3.9100000858306885,122000,0.0,0.0
2022-12-06 00:00:00-05:00,3.8499999046325684,3.8499999046325684,3.6600000858306885,3.6700000762939453,115300,0.0,0.0
2022-12-07 00:00:00-05:00,3.609999895095825,3.740000009536743,3.549999952316284,3.6700000762939453,107200,0.0,0.0
2022-12-08 00:00:00-05:00,3.7200000286102295,3.7699999809265137,3.640000104904175,3.6600000858306885,89600,0.0,0.0
2022-12-09 00:00:00-05:00,3.690000057220459,3.880000114440918,3.6419999599456787,3.75,137900,0.0,0.0
2022-12-12 00:00:00-05:00,3.740000009536743,3.9100000858306885,3.690000057220459,3.7799999713897705,316600,0.0,0.0
2022-12-13 00:00:00-05:00,4.0,4.019999980926514,3.75,3.7899999618530273,120400,0.0,0.0
2022-12-14 00:00:00-05:00,3.740000009536743,3.8299999237060547,3.5399999618530273,3.700000047683716,390800,0.0,0.0
2022-12-15 00:00:00-05:00,3.640000104904175,3.759999990463257,3.630000114440918,3.700000047683716,115100,0.0,0.0
2022-12-16 00:00:00-05:00,3.5999999046325684,3.7200000286102295,3.4600000381469727,3.5199999809265137,368000,0.0,0.0
2022-12-19 00:00:00-05:00,3.3499999046325684,3.569999933242798,3.2100000381469727,3.2699999809265137,220100,0.0,0.0
2022-12-20 00:00:00-05:00,3.2100000381469727,3.299999952316284,3.119999885559082,3.140000104904175,202800,0.0,0.0
2022-12-21 00:00:00-05:00,3.1600000858306885,3.4600000381469727,3.11899995803833,3.299999952316284,1161000,0.0,0.0
2022-12-22 00:00:00-05:00,3.25,3.299999952316284,3.180000066757202,3.299999952316284,2259900,0.0,0.0
2022-12-23 00:00:00-05:00,3.3499999046325684,3.4700000286102295,3.25,3.4200000762939453,2201000,0.0,0.0
2022-12-27 00:00:00-05:00,3.4800000190734863,3.799999952316284,3.450000047683716,3.630000114440918,931800,0.0,0.0
2022-12-28 00:00:00-05:00,3.609999895095825,3.9100000858306885,3.5999999046325684,3.740000009536743,313900,0.0,0.0
2022-12-29 00:00:00-05:00,3.7799999713897705,3.9000000953674316,3.690000057220459,3.819999933242798,362100,0.0,0.0
2022-12-30 00:00:00-05:00,3.7699999809265137,3.9600000381469727,3.700000047683716,3.75,335100,0.0,0.0
2023-01-03 00:00:00-05:00,3.8499999046325684,4.059999942779541,3.759999990463257,3.930000066757202,444200,0.0,0.0
2023-01-04 00:00:00-05:00,4.010000228881836,4.210000038146973,3.940000057220459,4.070000171661377,1229900,0.0,0.0
2023-01-05 00:00:00-05:00,4.070000171661377,4.150000095367432,3.880000114440918,3.9600000381469727,382600,0.0,0.0
2023-01-06 00:00:00-05:00,4.0,4.03000020980835,3.799999952316284,3.9600000381469727,273000,0.0,0.0
2023-01-09 00:00:00-05:00,4.0,4.150000095367432,3.930000066757202,4.0,659400,0.0,0.0
2023-01-10 00:00:00-05:00,4.03000020980835,4.519999980926514,3.9800000190734863,4.5,637700,0.0,0.0
2023-01-11 00:00:00-05:00,4.519999980926514,4.639999866485596,4.3979997634887695,4.550000190734863,276000,0.0,0.0
2023-01-12 00:00:00-05:00,4.579999923706055,4.619999885559082,4.300000190734863,4.369999885559082,504500,0.0,0.0
2023-01-13 00:00:00-05:00,4.269999980926514,4.429999828338623,4.199999809265137,4.320000171661377,311200,0.0,0.0
2023-01-17 00:00:00-05:00,4.329999923706055,4.59499979019165,4.210000038146973,4.53000020980835,254700,0.0,0.0
2023-01-18 00:00:00-05:00,4.53000020980835,4.699999809265137,4.369999885559082,4.389999866485596,308800,0.0,0.0
2023-01-19 00:00:00-05:00,4.320000171661377,4.420000076293945,4.239999771118164,4.340000152587891,217500,0.0,0.0
2023-01-20 00:00:00-05:00,4.269999980926514,4.369999885559082,4.25,4.260000228881836,124300,0.0,0.0
2023-01-23 00:00:00-05:00,4.260000228881836,4.360000133514404,4.159999847412109,4.340000152587891,180200,0.0,0.0
2023-01-24 00:00:00-05:00,4.309999942779541,4.440000057220459,4.25,4.320000171661377,143400,0.0,0.0
2023-01-25 00:00:00-05:00,4.199999809265137,4.329999923706055,4.15500020980835,4.269999980926514,172300,0.0,0.0
2023-01-26 00:00:00-05:00,4.289999961853027,4.420000076293945,4.210000038146973,4.309999942779541,157400,0.0,0.0
2023-01-27 00:00:00-05:00,4.309999942779541,4.71999979019165,4.239999771118164,4.53000020980835,373800,0.0,0.0
2023-01-30 00:00:00-05:00,4.519999980926514,4.630000114440918,4.46999979019165,4.489999771118164,116700,0.0,0.0
2023-01-31 00:00:00-05:00,4.46999979019165,4.599999904632568,4.420000076293945,4.53000020980835,296100,0.0,0.0
2023-02-01 00:00:00-05:00,4.579999923706055,4.829999923706055,4.53000020980835,4.800000190734863,150500,0.0,0.0
2023-02-02 00:00:00-05:00,4.769999980926514,4.96999979019165,4.699999809265137,4.769999980926514,621700,0.0,0.0
2023-02-03 00:00:00-05:00,4.760000228881836,4.760000228881836,4.329999923706055,4.369999885559082,286100,0.0,0.0
2023-02-06 00:00:00-05:00,4.260000228881836,4.489999771118164,4.244999885559082,4.260000228881836,214100,0.0,0.0
2023-02-07 00:00:00-05:00,4.269999980926514,4.460000038146973,4.139999866485596,4.429999828338623,229300,0.0,0.0
2023-02-08 00:00:00-05:00,4.400000095367432,4.5,4.289999961853027,4.409999847412109,190500,0.0,0.0
2023-02-09 00:00:00-05:00,4.510000228881836,4.510000228881836,4.28000020980835,4.28000020980835,83000,0.0,0.0
2023-02-10 00:00:00-05:00,4.25,4.309999942779541,4.199999809265137,4.230000019073486,71300,0.0,0.0
2023-02-13 00:00:00-05:00,4.230000019073486,4.369999885559082,4.150000095367432,4.320000171661377,82200,0.0,0.0
2023-02-14 00:00:00-05:00,4.269999980926514,4.440000057220459,4.230000019073486,4.360000133514404,146600,0.0,0.0
2023-02-15 00:00:00-05:00,4.309999942779541,4.610000133514404,4.309999942779541,4.610000133514404,149200,0.0,0.0
2023-02-16 00:00:00-05:00,4.46999979019165,4.53000020980835,4.230000019073486,4.28000020980835,279000,0.0,0.0
2023-02-17 00:00:00-05:00,4.260000228881836,4.260000228881836,3.8510000705718994,4.019999980926514,154800,0.0,0.0
2023-02-21 00:00:00-05:00,3.950000047683716,4.050000190734863,3.9200000762939453,4.019999980926514,68400,0.0,0.0
2023-02-22 00:00:00-05:00,4.059999942779541,4.099999904632568,3.950000047683716,4.03000020980835,67100,0.0,0.0
2023-02-23 00:00:00-05:00,4.070000171661377,4.130000114440918,3.9700000286102295,4.079999923706055,149000,0.0,0.0
2023-02-24 00:00:00-05:00,3.9700000286102295,4.025000095367432,3.8499999046325684,3.880000114440918,67200,0.0,0.0
2023-02-27 00:00:00-05:00,3.9200000762939453,4.0,3.8499999046325684,3.9600000381469727,80100,0.0,0.0
2023-02-28 00:00:00-05:00,3.930000066757202,4.006999969482422,3.880000114440918,3.950000047683716,42200,0.0,0.0
2023-03-01 00:00:00-05:00,3.890000104904175,3.9800000190734863,3.700000047683716,3.7899999618530273,159900,0.0,0.0
2023-03-02 00:00:00-05:00,3.809999942779541,3.869999885559082,3.7200000286102295,3.8499999046325684,96600,0.0,0.0
2023-03-03 00:00:00-05:00,4.019999980926514,4.085000038146973,3.75,3.7899999618530273,159700,0.0,0.0
2023-03-06 00:00:00-05:00,3.8499999046325684,3.859999895095825,3.7300000190734863,3.859999895095825,193200,0.0,0.0
2023-03-07 00:00:00-05:00,3.7899999618530273,3.9100000858306885,3.7699999809265137,3.7699999809265137,123600,0.0,0.0
2023-03-08 00:00:00-05:00,3.809999942779541,3.8499999046325684,3.75,3.7799999713897705,146800,0.0,0.0
2023-03-09 00:00:00-05:00,3.9100000858306885,3.9600000381469727,3.680000066757202,3.680000066757202,264000,0.0,0.0
2023-03-10 00:00:00-05:00,3.6500000953674316,3.7300000190734863,3.380000114440918,3.4200000762939453,344100,0.0,0.0
2023-03-13 00:00:00-04:00,3.319999933242798,3.559999942779541,3.309999942779541,3.5,640000,0.0,0.0
2023-03-14 00:00:00-04:00,3.549999952316284,3.7899999618530273,3.5250000953674316,3.630000114440918,352400,0.0,0.0
2023-03-15 00:00:00-04:00,3.5299999713897705,3.7799999713897705,3.490000009536743,3.7300000190734863,194200,0.0,0.0
2023-03-16 00:00:00-04:00,3.6700000762939453,3.875,3.6500000953674316,3.7899999618530273,176000,0.0,0.0
2023-03-17 00:00:00-04:00,3.7200000286102295,3.809999942779541,3.7100000381469727,3.7899999618530273,100300,0.0,0.0
2023-03-20 00:00:00-04:00,3.819999933242798,3.819999933242798,3.509999990463257,3.569999933242798,149800,0.0,0.0
2023-03-21 00:00:00-04:00,3.6500000953674316,3.759999990463257,3.6019999980926514,3.690000057220459,114600,0.0,0.0
2023-03-22 00:00:00-04:00,3.7100000381469727,3.890000104904175,3.5999999046325684,3.7699999809265137,294600,0.0,0.0
2023-03-23 00:00:00-04:00,3.799999952316284,3.819999933242798,3.609999895095825,3.619999885559082,199400,0.0,0.0
2023-03-24 00:00:00-04:00,3.5999999046325684,3.680000066757202,3.4700000286102295,3.680000066757202,579900,0.0,0.0
2023-03-27 00:00:00-04:00,3.7200000286102295,3.759999990463257,3.674999952316284,3.7300000190734863,339700,0.0,0.0
2023-03-28 00:00:00-04:00,3.6500000953674316,3.809999942779541,3.6500000953674316,3.7799999713897705,185700,0.0,0.0
2023-03-29 00:00:00-04:00,3.819999933242798,3.880000114440918,3.7100000381469727,3.759999990463257,142200,0.0,0.0
2023-03-30 00:00:00-04:00,3.75,3.9000000953674316,3.7100000381469727,3.75,293000,0.0,0.0
2023-03-31 00:00:00-04:00,3.7799999713897705,3.950000047683716,3.7799999713897705,3.8399999141693115,442500,0.0,0.0
2023-04-03 00:00:00-04:00,3.7899999618530273,3.880000114440918,3.6700000762939453,3.8399999141693115,267700,0.0,0.0
2023-04-04 00:00:00-04:00,3.859999895095825,3.859999895095825,3.7200000286102295,3.740000009536743,57200,0.0,0.0
2023-04-05 00:00:00-04:00,3.75,3.75,3.5899999141693115,3.5999999046325684,127700,0.0,0.0
2023-04-06 00:00:00-04:00,3.5899999141693115,3.7300000190734863,3.549999952316284,3.7100000381469727,183100,0.0,0.0
2023-04-10 00:00:00-04:00,3.690000057220459,3.7300000190734863,3.569999933242798,3.5999999046325684,199900,0.0,0.0
2023-04-11 00:00:00-04:00,3.640000104904175,3.75,3.5799999237060547,3.640000104904175,141400,0.0,0.0
2023-04-12 00:00:00-04:00,3.680000066757202,3.7899999618530273,3.6600000858306885,3.7300000190734863,380800,0.0,0.0
2023-04-13 00:00:00-04:00,3.75,3.859999895095825,3.690000057220459,3.740000009536743,170800,0.0,0.0
2023-04-14 00:00:00-04:00,3.7300000190734863,3.7699999809265137,3.700000047683716,3.7100000381469727,91500,0.0,0.0
2023-04-17 00:00:00-04:00,3.700000047683716,3.75,3.5799999237060547,3.5799999237060547,112500,0.0,0.0
2023-04-18 00:00:00-04:00,3.609999895095825,3.630000114440918,3.509999990463257,3.5399999618530273,198000,0.0,0.0
2023-04-19 00:00:00-04:00,3.549999952316284,3.569999933242798,3.4800000190734863,3.4800000190734863,105100,0.0,0.0
2023-04-20 00:00:00-04:00,3.4700000286102295,3.5,3.380000114440918,3.4000000953674316,78100,0.0,0.0
2023-04-21 00:00:00-04:00,3.390000104904175,3.4100000858306885,3.299999952316284,3.299999952316284,79900,0.0,0.0
2023-04-24 00:00:00-04:00,3.299999952316284,3.390000104904175,3.240000009536743,3.299999952316284,1532700,0.0,0.0
2023-04-25 00:00:00-04:00,3.319999933242798,3.5199999809265137,3.2709999084472656,3.390000104904175,210500,0.0,0.0
2023-04-26 00:00:00-04:00,3.380000114440918,3.559999942779541,3.380000114440918,3.4600000381469727,164600,0.0,0.0
2023-04-27 00:00:00-04:00,3.5,3.549999952316284,3.319999933242798,3.4700000286102295,6590000,0.0,0.0
2023-04-28 00:00:00-04:00,3.509999990463257,3.7100000381469727,3.450000047683716,3.5,407700,0.0,0.0
2023-05-01 00:00:00-04:00,3.5199999809265137,3.630000114440918,3.505000114440918,3.559999942779541,88900,0.0,0.0
2023-05-02 00:00:00-04:00,3.549999952316284,3.6389999389648438,3.450000047683716,3.4700000286102295,123700,0.0,0.0
2023-05-03 00:00:00-04:00,3.5,3.549999952316284,3.430000066757202,3.4700000286102295,160600,0.0,0.0
2023-05-04 00:00:00-04:00,3.509999990463257,4.090000152587891,3.505000114440918,3.950000047683716,3207600,0.0,0.0
2023-05-05 00:00:00-04:00,3.9800000190734863,4.0,3.5199999809265137,3.7899999618530273,657000,0.0,0.0
2023-05-08 00:00:00-04:00,3.8299999237060547,3.9600000381469727,3.7100000381469727,3.7100000381469727,194500,0.0,0.0
2023-05-09 00:00:00-04:00,3.619999885559082,3.7249999046325684,3.5899999141693115,3.5999999046325684,301600,0.0,0.0
2023-05-10 00:00:00-04:00,3.869999885559082,3.950000047683716,3.609999895095825,3.700000047683716,1432300,0.0,0.0
2023-05-11 00:00:00-04:00,3.759999990463257,4.039999961853027,3.7200000286102295,3.890000104904175,875000,0.0,0.0
2023-05-12 00:00:00-04:00,3.950000047683716,4.019999980926514,3.8399999141693115,3.8499999046325684,360900,0.0,0.0
2023-05-15 00:00:00-04:00,3.859999895095825,4.0,3.759999990463257,3.940000057220459,599100,0.0,0.0
2023-05-16 00:00:00-04:00,3.880000114440918,4.0,3.809999942779541,3.8499999046325684,540200,0.0,0.0
2023-05-17 00:00:00-04:00,3.8499999046325684,4.110000133514404,3.8499999046325684,4.110000133514404,1008600,0.0,0.0
2023-05-18 00:00:00-04:00,4.019999980926514,4.329999923706055,4.019999980926514,4.130000114440918,1794200,0.0,0.0
2023-05-19 00:00:00-04:00,4.159999847412109,4.179999828338623,3.930000066757202,3.940000057220459,346500,0.0,0.0
2023-05-22 00:00:00-04:00,3.9800000190734863,4.175000190734863,3.9600000381469727,4.019999980926514,798200,0.0,0.0
2023-05-23 00:00:00-04:00,4.010000228881836,4.090000152587891,3.9649999141693115,3.990000009536743,355200,0.0,0.0
2023-05-24 00:00:00-04:00,3.9800000190734863,4.085000038146973,3.930000066757202,4.03000020980835,378800,0.0,0.0
2023-05-25 00:00:00-04:00,4.03000020980835,4.1570000648498535,4.03000020980835,4.150000095367432,443300,0.0,0.0
2023-05-26 00:00:00-04:00,4.159999847412109,4.159999847412109,3.9700000286102295,3.9700000286102295,182900,0.0,0.0
2023-05-30 00:00:00-04:00,3.990000009536743,4.0,3.7899999618530273,3.890000104904175,320000,0.0,0.0
2023-05-31 00:00:00-04:00,3.880000114440918,3.990000009536743,3.8499999046325684,3.9100000858306885,171300,0.0,0.0
2023-06-01 00:00:00-04:00,3.9200000762939453,4.0,3.819999933242798,3.9100000858306885,561700,0.0,0.0
2023-06-02 00:00:00-04:00,3.950000047683716,4.110000133514404,3.930000066757202,4.070000171661377,736000,0.0,0.0
2023-06-05 00:00:00-04:00,4.03000020980835,4.309999942779541,4.03000020980835,4.199999809265137,451400,0.0,0.0
2023-06-06 00:00:00-04:00,4.199999809265137,4.449999809265137,4.130000114440918,4.389999866485596,556500,0.0,0.0
2023-06-07 00:00:00-04:00,4.449999809265137,4.525000095367432,4.269999980926514,4.320000171661377,210300,0.0,0.0
2023-06-08 00:00:00-04:00,4.289999961853027,4.519999980926514,4.244999885559082,4.5,232100,0.0,0.0
2023-06-09 00:00:00-04:00,4.46999979019165,4.5,4.329999923706055,4.389999866485596,174500,0.0,0.0
2023-06-12 00:00:00-04:00,4.179999828338623,4.349999904632568,4.010000228881836,4.349999904632568,316600,0.0,0.0
2023-06-13 00:00:00-04:00,4.349999904632568,4.5,4.349999904632568,4.440000057220459,215800,0.0,0.0
2023-06-14 00:00:00-04:00,4.400000095367432,4.409999847412109,4.3429999351501465,4.409999847412109,242600,0.0,0.0
2023-06-15 00:00:00-04:00,4.340000152587891,4.5,4.329999923706055,4.480000019073486,141900,0.0,0.0
2023-06-16 00:00:00-04:00,4.420000076293945,4.46999979019165,4.340000152587891,4.380000114440918,311900,0.0,0.0
2023-06-20 00:00:00-04:00,4.369999885559082,4.489999771118164,4.28000020980835,4.460000038146973,167800,0.0,0.0
2023-06-21 00:00:00-04:00,4.429999828338623,4.510000228881836,4.416999816894531,4.46999979019165,101100,0.0,0.0
2023-06-22 00:00:00-04:00,4.46999979019165,4.804999828338623,4.440000057220459,4.739999771118164,232400,0.0,0.0
2023-06-23 00:00:00-04:00,4.809999942779541,4.809999942779541,4.53000020980835,4.559999942779541,354800,0.0,0.0
2023-06-26 00:00:00-04:00,4.559999942779541,4.639999866485596,4.460000038146973,4.539999961853027,372900,0.0,0.0
2023-06-27 00:00:00-04:00,4.539999961853027,4.670000076293945,4.440000057220459,4.46999979019165,261200,0.0,0.0
2023-06-28 00:00:00-04:00,4.480000019073486,4.880000114440918,4.429999828338623,4.800000190734863,2941500,0.0,0.0
2023-06-29 00:00:00-04:00,4.800000190734863,4.949999809265137,4.684000015258789,4.739999771118164,379500,0.0,0.0
2023-06-30 00:00:00-04:00,4.789999961853027,4.888000011444092,4.75,4.800000190734863,232100,0.0,0.0
2023-07-03 00:00:00-04:00,4.730000019073486,4.760000228881836,4.639999866485596,4.730000019073486,52500,0.0,0.0
2023-07-05 00:00:00-04:00,4.699999809265137,4.820000171661377,4.550000190734863,4.809999942779541,220500,0.0,0.0
2023-07-06 00:00:00-04:00,4.710000038146973,4.889999866485596,4.510000228881836,4.599999904632568,411000,0.0,0.0
2023-07-07 00:00:00-04:00,4.599999904632568,4.820000171661377,4.590000152587891,4.639999866485596,346400,0.0,0.0
2023-07-10 00:00:00-04:00,4.659999847412109,4.75,4.59499979019165,4.599999904632568,439800,0.0,0.0
2023-07-11 00:00:00-04:00,4.619999885559082,4.800000190734863,4.610000133514404,4.650000095367432,188600,0.0,0.0
2023-07-12 00:00:00-04:00,4.710000038146973,5.110000133514404,4.570000171661377,4.75,745600,0.0,0.0
2023-07-13 00:00:00-04:00,4.800000190734863,5.099999904632568,4.755000114440918,4.909999847412109,878000,0.0,0.0
2023-07-14 00:00:00-04:00,4.980000019073486,5.130000114440918,4.974999904632568,5.070000171661377,469700,0.0,0.0
2023-07-17 00:00:00-04:00,5.099999904632568,5.409999847412109,4.980000019073486,5.329999923706055,880100,0.0,0.0
2023-07-18 00:00:00-04:00,5.389999866485596,5.739999771118164,5.340000152587891,5.659999847412109,950500,0.0,0.0
2023-07-19 00:00:00-04:00,5.739999771118164,5.869999885559082,5.460000038146973,5.489999771118164,499900,0.0,0.0
2023-07-20 00:00:00-04:00,5.480000019073486,5.559999942779541,5.295000076293945,5.46999979019165,561400,0.0,0.0
2023-07-21 00:00:00-04:00,5.510000228881836,5.78000020980835,5.445000171661377,5.5,523800,0.0,0.0
2023-07-24 00:00:00-04:00,5.519999980926514,5.599999904632568,5.28000020980835,5.329999923706055,366900,0.0,0.0
2023-07-25 00:00:00-04:00,5.320000171661377,5.369999885559082,5.25,5.260000228881836,205300,0.0,0.0
2023-07-26 00:00:00-04:00,5.289999961853027,5.369999885559082,5.269999980926514,5.340000152587891,166800,0.0,0.0
2023-07-27 00:00:00-04:00,5.369999885559082,5.480000019073486,5.25,5.289999961853027,180200,0.0,0.0
2023-07-28 00:00:00-04:00,5.320000171661377,5.409999847412109,5.269999980926514,5.309999942779541,262300,0.0,0.0
2023-07-31 00:00:00-04:00,5.329999923706055,5.449999809265137,5.230000019073486,5.449999809265137,261600,0.0,0.0
2023-08-01 00:00:00-04:00,5.389999866485596,5.400000095367432,5.239999771118164,5.389999866485596,362300,0.0,0.0
2023-08-02 00:00:00-04:00,5.28000020980835,5.340000152587891,5.170000076293945,5.21999979019165,162000,0.0,0.0
2023-08-03 00:00:00-04:00,5.179999828338623,5.289999961853027,5.150000095367432,5.210000038146973,116700,0.0,0.0
2023-08-04 00:00:00-04:00,5.269999980926514,5.449999809265137,5.21999979019165,5.230000019073486,234200,0.0,0.0
2023-08-07 00:00:00-04:00,5.239999771118164,5.260000228881836,5.03000020980835,5.190000057220459,206000,0.0,0.0
2023-08-08 00:00:00-04:00,5.130000114440918,5.289999961853027,5.070000171661377,5.199999809265137,324100,0.0,0.0
2023-08-09 00:00:00-04:00,5.340000152587891,5.460000038146973,5.059999942779541,5.369999885559082,1114500,0.0,0.0
2023-08-10 00:00:00-04:00,5.380000114440918,5.539999961853027,5.199999809265137,5.230000019073486,186200,0.0,0.0
2023-08-11 00:00:00-04:00,5.110000133514404,5.28000020980835,5.110000133514404,5.260000228881836,257100,0.0,0.0
2023-08-14 00:00:00-04:00,5.199999809265137,5.300000190734863,5.110000133514404,5.130000114440918,437100,0.0,0.0
2023-08-15 00:00:00-04:00,5.139999866485596,5.300000190734863,5.054999828338623,5.099999904632568,310400,0.0,0.0
2023-08-16 00:00:00-04:00,5.099999904632568,5.139999866485596,4.980000019073486,5.070000171661377,487400,0.0,0.0
2023-08-17 00:00:00-04:00,5.070000171661377,5.135000228881836,5.019999980926514,5.03000020980835,310700,0.0,0.0
2023-08-18 00:00:00-04:00,5.0,5.309999942779541,4.989999771118164,5.25,554600,0.0,0.0
2023-08-21 00:00:00-04:00,5.239999771118164,5.420000076293945,5.170000076293945,5.289999961853027,897500,0.0,0.0
2023-08-22 00:00:00-04:00,5.389999866485596,5.889999866485596,5.389999866485596,5.75,1893300,0.0,0.0
2023-08-23 00:00:00-04:00,6.070000171661377,6.679999828338623,6.050000190734863,6.28000020980835,2752900,0.0,0.0
2023-08-24 00:00:00-04:00,6.400000095367432,6.494999885559082,6.179999828338623,6.210000038146973,800100,0.0,0.0
2023-08-25 00:00:00-04:00,6.21999979019165,6.400000095367432,6.139999866485596,6.239999771118164,520600,0.0,0.0
2023-08-28 00:00:00-04:00,6.28000020980835,6.349999904632568,6.110000133514404,6.150000095367432,386500,0.0,0.0
2023-08-29 00:00:00-04:00,6.099999904632568,6.289999961853027,5.940000057220459,5.96999979019165,1312300,0.0,0.0
2023-08-30 00:00:00-04:00,6.010000228881836,6.244999885559082,6.0,6.090000152587891,523100,0.0,0.0
2023-08-31 00:00:00-04:00,6.079999923706055,6.184999942779541,5.985000133514404,6.03000020980835,534000,0.0,0.0
2023-09-01 00:00:00-04:00,6.059999942779541,6.132999897003174,6.039999961853027,6.050000190734863,326800,0.0,0.0
2023-09-05 00:00:00-04:00,6.099999904632568,6.170000076293945,5.96999979019165,6.110000133514404,919600,0.0,0.0
2023-09-06 00:00:00-04:00,6.079999923706055,6.170000076293945,5.920000076293945,5.940000057220459,434900,0.0,0.0
2023-09-07 00:00:00-04:00,5.860000133514404,5.940000057220459,5.760000228881836,5.869999885559082,260100,0.0,0.0
2023-09-08 00:00:00-04:00,5.78000020980835,5.909999847412109,5.599999904632568,5.630000114440918,460100,0.0,0.0
2023-09-11 00:00:00-04:00,5.630000114440918,5.715000152587891,5.599999904632568,5.650000095367432,430400,0.0,0.0
2023-09-12 00:00:00-04:00,5.610000133514404,5.710000038146973,5.489999771118164,5.550000190734863,699800,0.0,0.0
2023-09-13 00:00:00-04:00,5.5,5.599999904632568,5.46999979019165,5.550000190734863,447800,0.0,0.0
2023-09-14 00:00:00-04:00,5.590000152587891,5.670000076293945,5.389999866485596,5.460000038146973,479600,0.0,0.0
2023-09-15 00:00:00-04:00,5.460000038146973,5.510000228881836,5.349999904632568,5.429999828338623,305400,0.0,0.0
2023-09-18 00:00:00-04:00,5.420000076293945,5.429999828338623,5.244999885559082,5.309999942779541,302200,0.0,0.0
2023-09-19 00:00:00-04:00,5.309999942779541,5.309999942779541,5.179999828338623,5.190000057220459,295300,0.0,0.0
2023-09-20 00:00:00-04:00,5.239999771118164,5.34499979019165,5.119999885559082,5.210000038146973,639200,0.0,0.0
2023-09-21 00:00:00-04:00,5.119999885559082,5.179999828338623,4.96999979019165,5.059999942779541,425100,0.0,0.0
2023-09-22 00:00:00-04:00,5.059999942779541,5.099999904632568,4.960000038146973,4.96999979019165,362500,0.0,0.0
2023-09-25 00:00:00-04:00,4.949999809265137,4.998000144958496,4.880000114440918,4.909999847412109,320900,0.0,0.0
2023-09-26 00:00:00-04:00,4.880000114440918,4.949999809265137,4.755000114440918,4.760000228881836,422900,0.0,0.0
2023-09-27 00:00:00-04:00,4.820000171661377,4.96999979019165,4.809000015258789,4.909999847412109,474900,0.0,0.0
2023-09-28 00:00:00-04:00,4.960000038146973,5.03000020980835,4.880000114440918,5.03000020980835,420700,0.0,0.0
2023-09-29 00:00:00-04:00,5.059999942779541,5.099999904632568,4.989999771118164,5.010000228881836,206100,0.0,0.0
2023-10-02 00:00:00-04:00,4.96999979019165,5.045000076293945,4.96999979019165,5.0,193200,0.0,0.0
2023-10-03 00:00:00-04:00,4.940000057220459,5.03000020980835,4.889999866485596,4.900000095367432,500200,0.0,0.0
2023-10-04 00:00:00-04:00,4.909999847412109,5.25,4.900000095367432,5.239999771118164,1478100,0.0,0.0
2023-10-05 00:00:00-04:00,5.179999828338623,5.309999942779541,5.130000114440918,5.190000057220459,303200,0.0,0.0
2023-10-06 00:00:00-04:00,5.119999885559082,5.210000038146973,5.070000171661377,5.079999923706055,173300,0.0,0.0
2023-10-09 00:00:00-04:00,5.050000190734863,5.050000190734863,4.840000152587891,4.849999904632568,264100,0.0,0.0
2023-10-10 00:00:00-04:00,4.809999942779541,4.980000019073486,4.775000095367432,4.800000190734863,400800,0.0,0.0
2023-10-11 00:00:00-04:00,4.820000171661377,4.948999881744385,4.809999942779541,4.849999904632568,316500,0.0,0.0
2023-10-12 00:00:00-04:00,4.800000190734863,4.840000152587891,4.659999847412109,4.789999961853027,523600,0.0,0.0
2023-10-13 00:00:00-04:00,4.789999961853027,4.849999904632568,4.739999771118164,4.829999923706055,274600,0.0,0.0
2023-10-16 00:00:00-04:00,4.849999904632568,4.96999979019165,4.78000020980835,4.960000038146973,236000,0.0,0.0
2023-10-17 00:00:00-04:00,4.920000076293945,5.125,4.889999866485596,5.059999942779541,398600,0.0,0.0
2023-10-18 00:00:00-04:00,5.03000020980835,5.050000190734863,4.945000171661377,4.989999771118164,679600,0.0,0.0
2023-10-19 00:00:00-04:00,4.980000019073486,5.230000019073486,4.96999979019165,5.110000133514404,905100,0.0,0.0
2023-10-20 00:00:00-04:00,5.130000114440918,5.210000038146973,4.989999771118164,5.210000038146973,804300,0.0,0.0
2023-10-23 00:00:00-04:00,5.190000057220459,5.340000152587891,5.050000190734863,5.25,766700,0.0,0.0
2023-10-24 00:00:00-04:00,5.25,5.488999843597412,5.25,5.380000114440918,557800,0.0,0.0
2023-10-25 00:00:00-04:00,5.46999979019165,5.639999866485596,5.429999828338623,5.489999771118164,436900,0.0,0.0
2023-10-26 00:00:00-04:00,5.489999771118164,5.539999961853027,5.340000152587891,5.369999885559082,386600,0.0,0.0
2023-10-27 00:00:00-04:00,5.380000114440918,5.559999942779541,5.369999885559082,5.400000095367432,415400,0.0,0.0
2023-10-30 00:00:00-04:00,5.440000057220459,5.440000057220459,5.309999942779541,5.360000133514404,252100,0.0,0.0
2023-10-31 00:00:00-04:00,5.420000076293945,5.440000057220459,5.369999885559082,5.409999847412109,332400,0.0,0.0
2023-11-01 00:00:00-04:00,5.449999809265137,5.489999771118164,5.389999866485596,5.420000076293945,797000,0.0,0.0
2023-11-02 00:00:00-04:00,5.5,5.625,5.46999979019165,5.550000190734863,408800,0.0,0.0
2023-11-03 00:00:00-04:00,5.539999961853027,5.855000019073486,5.525000095367432,5.710000038146973,1034600,0.0,0.0
2023-11-06 00:00:00-05:00,5.739999771118164,5.795000076293945,5.480000019073486,5.559999942779541,281900,0.0,0.0
2023-11-07 00:00:00-05:00,5.519999980926514,5.900000095367432,5.519999980926514,5.860000133514404,426300,0.0,0.0
2023-11-08 00:00:00-05:00,6.440000057220459,6.775000095367432,5.985000133514404,6.389999866485596,2161000,0.0,0.0
2023-11-09 00:00:00-05:00,6.480000019073486,6.550000190734863,6.300000190734863,6.340000152587891,790300,0.0,0.0
2023-11-10 00:00:00-05:00,6.260000228881836,6.650000095367432,6.260000228881836,6.650000095367432,781600,0.0,0.0
2023-11-13 00:00:00-05:00,6.670000076293945,6.7179999351501465,6.394999980926514,6.420000076293945,244700,0.0,0.0
2023-11-14 00:00:00-05:00,6.550000190734863,6.670000076293945,6.460000038146973,6.630000114440918,658200,0.0,0.0
2023-11-15 00:00:00-05:00,6.679999828338623,6.78000020980835,6.599999904632568,6.739999771118164,283000,0.0,0.0
2023-11-16 00:00:00-05:00,6.670000076293945,6.789999961853027,6.5289998054504395,6.679999828338623,545900,0.0,0.0
2023-11-17 00:00:00-05:00,6.679999828338623,6.840000152587891,6.659999847412109,6.75,339100,0.0,0.0
2023-11-20 00:00:00-05:00,6.849999904632568,7.150000095367432,6.699999809265137,7.070000171661377,1199600,0.0,0.0
2023-11-21 00:00:00-05:00,7.059999942779541,7.119999885559082,6.869999885559082,6.900000095367432,296100,0.0,0.0
2023-11-22 00:00:00-05:00,7.0,7.139999866485596,6.900000095367432,7.079999923706055,441700,0.0,0.0
2023-11-24 00:00:00-05:00,7.139999866485596,7.139999866485596,6.84499979019165,6.900000095367432,135000,0.0,0.0
2023-11-27 00:00:00-05:00,6.900000095367432,6.980000019073486,6.829999923706055,6.960000038146973,284500,0.0,0.0
2023-11-28 00:00:00-05:00,6.920000076293945,7.090000152587891,6.880000114440918,6.989999771118164,349300,0.0,0.0
2023-11-29 00:00:00-05:00,6.989999771118164,7.099999904632568,6.885000228881836,6.929999828338623,296500,0.0,0.0
2023-11-30 00:00:00-05:00,6.929999828338623,7.03000020980835,6.760000228881836,6.869999885559082,235300,0.0,0.0
2023-12-01 00:00:00-05:00,6.849999904632568,6.934999942779541,6.735000133514404,6.929999828338623,327300,0.0,0.0
2023-12-04 00:00:00-05:00,6.929999828338623,6.949999809265137,6.804999828338623,6.860000133514404,246900,0.0,0.0
2023-12-05 00:00:00-05:00,6.829999923706055,6.926000118255615,6.760000228881836,6.820000171661377,158700,0.0,0.0
2023-12-06 00:00:00-05:00,6.809999942779541,6.989999771118164,6.695000171661377,6.940000057220459,391000,0.0,0.0
2023-12-07 00:00:00-05:00,6.940000057220459,7.014999866485596,6.764999866485596,6.809999942779541,252800,0.0,0.0
2023-12-08 00:00:00-05:00,6.71999979019165,6.869999885559082,6.440000057220459,6.829999923706055,235100,0.0,0.0
2023-12-11 00:00:00-05:00,6.829999923706055,6.829999923706055,6.619999885559082,6.699999809265137,249300,0.0,0.0
2023-12-12 00:00:00-05:00,6.699999809265137,6.824999809265137,6.619999885559082,6.78000020980835,236900,0.0,0.0
2023-12-13 00:00:00-05:00,6.769999980926514,6.769999980926514,6.550000190734863,6.739999771118164,228900,0.0,0.0
2023-12-14 00:00:00-05:00,6.769999980926514,6.829999923706055,6.570000171661377,6.650000095367432,261400,0.0,0.0
2023-12-15 00:00:00-05:00,6.619999885559082,6.639999866485596,6.539999961853027,6.630000114440918,289500,0.0,0.0
2023-12-18 00:00:00-05:00,6.630000114440918,6.71999979019165,6.507999897003174,6.71999979019165,362300,0.0,0.0
2023-12-19 00:00:00-05:00,6.710000038146973,7.010000228881836,6.690000057220459,6.96999979019165,324700,0.0,0.0
2023-12-20 00:00:00-05:00,6.940000057220459,6.960000038146973,6.679999828338623,6.699999809265137,130700,0.0,0.0
2023-12-21 00:00:00-05:00,6.739999771118164,6.760000228881836,6.644999980926514,6.679999828338623,178100,0.0,0.0
2023-12-22 00:00:00-05:00,6.699999809265137,6.71999979019165,6.610000133514404,6.619999885559082,191200,0.0,0.0
2023-12-26 00:00:00-05:00,6.599999904632568,6.75,6.420000076293945,6.730000019073486,364500,0.0,0.0
2023-12-27 00:00:00-05:00,6.760000228881836,6.900000095367432,6.659999847412109,6.730000019073486,250000,0.0,0.0
2023-12-28 00:00:00-05:00,6.699999809265137,6.90500020980835,6.659999847412109,6.869999885559082,249200,0.0,0.0
2023-12-29 00:00:00-05:00,6.880000114440918,6.960000038146973,6.795000076293945,6.880000114440918,247400,0.0,0.0
2024-01-02 00:00:00-05:00,6.820000171661377,6.949999809265137,6.610000133514404,6.690000057220459,267800,0.0,0.0
2024-01-03 00:00:00-05:00,6.650000095367432,6.789999961853027,6.545000076293945,6.599999904632568,255900,0.0,0.0
2024-01-04 00:00:00-05:00,6.610000133514404,6.855000019073486,6.559999942779541,6.809999942779541,270000,0.0,0.0
2024-01-05 00:00:00-05:00,7.269999980926514,8.04699993133545,7.050000190734863,7.539999961853027,1394800,0.0,0.0
2024-01-08 00:00:00-05:00,7.710000038146973,7.835000038146973,7.599999904632568,7.610000133514404,691700,0.0,0.0
2024-01-09 00:00:00-05:00,7.679999828338623,7.809999942779541,7.579999923706055,7.619999885559082,441400,0.0,0.0
2024-01-10 00:00:00-05:00,7.619999885559082,7.690000057220459,7.46999979019165,7.489999771118164,318500,0.0,0.0
2024-01-11 00:00:00-05:00,7.519999980926514,7.670000076293945,7.429999828338623,7.670000076293945,213400,0.0,0.0
2024-01-12 00:00:00-05:00,7.630000114440918,7.855000019073486,7.619999885559082,7.760000228881836,300500,0.0,0.0
2024-01-16 00:00:00-05:00,7.699999809265137,7.724999904632568,7.579999923706055,7.71999979019165,245600,0.0,0.0
2024-01-17 00:00:00-05:00,7.639999866485596,7.945000171661377,7.639999866485596,7.849999904632568,587300,0.0,0.0
2024-01-18 00:00:00-05:00,7.860000133514404,7.974999904632568,7.639999866485596,7.710000038146973,483800,0.0,0.0
2024-01-19 00:00:00-05:00,7.710000038146973,7.724999904632568,7.269999980926514,7.710000038146973,629800,0.0,0.0
2024-01-22 00:00:00-05:00,7.889999866485596,8.234999656677246,7.889999866485596,8.010000228881836,719100,0.0,0.0
2024-01-23 00:00:00-05:00,8.100000381469727,8.14900016784668,7.980000019073486,8.050000190734863,290700,0.0,0.0
2024-01-24 00:00:00-05:00,8.09000015258789,8.260000228881836,7.96999979019165,8.0,246500,0.0,0.0
2024-01-25 00:00:00-05:00,8.0,8.079999923706055,7.920000076293945,8.069999694824219,190100,0.0,0.0
2024-01-26 00:00:00-05:00,8.09000015258789,8.25,7.980000019073486,8.15999984741211,306100,0.0,0.0
2024-01-29 00:00:00-05:00,8.180000305175781,8.279999732971191,8.118000030517578,8.1899995803833,374900,0.0,0.0
2024-01-30 00:00:00-05:00,8.199999809265137,8.270000457763672,8.020000457763672,8.220000267028809,483300,0.0,0.0
2024-01-31 00:00:00-05:00,8.15999984741211,8.380000114440918,8.029999732971191,8.149999618530273,523600,0.0,0.0
2024-02-01 00:00:00-05:00,8.149999618530273,8.204999923706055,8.015000343322754,8.199999809265137,317100,0.0,0.0
2024-02-02 00:00:00-05:00,8.210000038146973,8.21500015258789,8.039999961853027,8.039999961853027,395600,0.0,0.0
2024-02-05 00:00:00-05:00,8.020000457763672,8.020000457763672,7.744999885559082,7.820000171661377,585200,0.0,0.0
2024-02-06 00:00:00-05:00,7.869999885559082,7.894999980926514,7.690000057220459,7.769999980926514,170500,0.0,0.0
2024-02-07 00:00:00-05:00,7.739999771118164,7.824999809265137,7.699999809265137,7.730000019073486,144500,0.0,0.0
2024-02-08 00:00:00-05:00,7.699999809265137,7.769999980926514,7.630000114440918,7.75,192100,0.0,0.0
2024-02-09 00:00:00-05:00,7.739999771118164,7.800000190734863,7.650000095367432,7.650000095367432,138500,0.0,0.0
2024-02-12 00:00:00-05:00,7.650000095367432,7.670000076293945,7.454999923706055,7.579999923706055,175800,0.0,0.0
2024-02-13 00:00:00-05:00,7.46999979019165,7.570000171661377,7.380000114440918,7.53000020980835,247100,0.0,0.0
2024-02-14 00:00:00-05:00,7.53000020980835,7.659999847412109,7.380000114440918,7.380000114440918,221900,0.0,0.0
2024-02-15 00:00:00-05:00,7.420000076293945,7.610000133514404,7.230000019073486,7.329999923706055,424600,0.0,0.0
2024-02-16 00:00:00-05:00,7.309999942779541,7.309999942779541,7.020999908447266,7.150000095367432,320800,0.0,0.0
2024-02-20 00:00:00-05:00,7.099999904632568,7.210000038146973,7.010000228881836,7.190000057220459,412300,0.0,0.0
2024-02-21 00:00:00-05:00,7.110000133514404,7.170000076293945,7.010000228881836,7.170000076293945,306000,0.0,0.0
2024-02-22 00:00:00-05:00,7.239999771118164,7.409999847412109,7.230000019073486,7.380000114440918,197900,0.0,0.0
2024-02-23 00:00:00-05:00,7.400000095367432,7.510000228881836,7.304999828338623,7.429999828338623,255500,0.0,0.0
2024-02-26 00:00:00-05:00,7.409999847412109,7.434999942779541,7.300000190734863,7.400000095367432,467500,0.0,0.0
2024-02-27 00:00:00-05:00,7.409999847412109,7.739999771118164,7.409999847412109,7.730000019073486,447300,0.0,0.0
2024-02-28 00:00:00-05:00,8.470000267028809,8.699999809265137,7.814000129699707,8.40999984741211,1570500,0.0,0.0
2024-02-29 00:00:00-05:00,8.399999618530273,8.40999984741211,7.716000080108643,8.34000015258789,1206000,0.0,0.0
2024-03-01 00:00:00-05:00,8.350000381469727,8.779999732971191,8.229999542236328,8.3100004196167,493600,0.0,0.0
2024-03-04 00:00:00-05:00,8.3100004196167,8.520000457763672,8.0600004196167,8.520000457763672,477400,0.0,0.0
2024-03-05 00:00:00-05:00,8.399999618530273,8.4350004196167,8.074999809265137,8.3100004196167,484000,0.0,0.0
2024-03-06 00:00:00-05:00,8.359999656677246,9.010000228881836,8.359999656677246,8.859999656677246,1644500,0.0,0.0
2024-03-07 00:00:00-05:00,9.0,9.430000305175781,8.720000267028809,9.40999984741211,2341500,0.0,0.0
2024-03-08 00:00:00-05:00,9.40999984741211,9.59000015258789,9.09000015258789,9.210000038146973,1259500,0.0,0.0
2024-03-11 00:00:00-04:00,9.1899995803833,9.279999732971191,8.899999618530273,8.90999984741211,609100,0.0,0.0
2024-03-12 00:00:00-04:00,8.869999885559082,9.050000190734863,8.800000190734863,9.0,494200,0.0,0.0
2024-03-13 00:00:00-04:00,8.920000076293945,9.010000228881836,8.90999984741211,8.989999771118164,368000,0.0,0.0
2024-03-14 00:00:00-04:00,8.989999771118164,9.0,8.829999923706055,8.84000015258789,212700,0.0,0.0
2024-03-15 00:00:00-04:00,8.800000190734863,8.854999542236328,8.600000381469727,8.680000305175781,430000,0.0,0.0
2024-03-18 00:00:00-04:00,8.680000305175781,8.82800006866455,8.630000114440918,8.8100004196167,314800,0.0,0.0
2024-03-19 00:00:00-04:00,8.760000228881836,8.779999732971191,8.475000381469727,8.520000457763672,318400,0.0,0.0
2024-03-20 00:00:00-04:00,8.539999961853027,8.920000076293945,8.510000228881836,8.869999885559082,462400,0.0,0.0
2024-03-21 00:00:00-04:00,8.930000305175781,8.970000267028809,8.59000015258789,8.609999656677246,242400,0.0,0.0
2024-03-22 00:00:00-04:00,8.609999656677246,8.649999618530273,8.489999771118164,8.579999923706055,254700,0.0,0.0
2024-03-25 00:00:00-04:00,8.600000381469727,8.619999885559082,8.420000076293945,8.569999694824219,351000,0.0,0.0
2024-03-26 00:00:00-04:00,8.619999885559082,8.65999984741211,8.319999694824219,8.359999656677246,297400,0.0,0.0
2024-03-27 00:00:00-04:00,8.449999809265137,8.470000267028809,8.1899995803833,8.220000267028809,325900,0.0,0.0
2024-03-28 00:00:00-04:00,8.210000038146973,8.260000228881836,8.081000328063965,8.170000076293945,327300,0.0,0.0
2024-04-01 00:00:00-04:00,8.180000305175781,8.1899995803833,7.949999809265137,8.119999885559082,407200,0.0,0.0
2024-04-02 00:00:00-04:00,8.0600004196167,8.180000305175781,8.0600004196167,8.09000015258789,251000,0.0,0.0
2024-04-03 00:00:00-04:00,8.020000457763672,8.09000015258789,7.994999885559082,8.039999961853027,600200,0.0,0.0
2024-04-04 00:00:00-04:00,8.069999694824219,8.149999618530273,7.929999828338623,8.0,463400,0.0,0.0
2024-04-05 00:00:00-04:00,7.989999771118164,8.079999923706055,7.934999942779541,8.039999961853027,196500,0.0,0.0
2024-04-08 00:00:00-04:00,8.039999961853027,8.390000343322754,7.929999828338623,8.369999885559082,320600,0.0,0.0
2024-04-09 00:00:00-04:00,8.369999885559082,8.4399995803833,8.199999809265137,8.420000076293945,362100,0.0,0.0
2024-04-10 00:00:00-04:00,8.75,9.100000381469727,8.475000381469727,8.489999771118164,1187400,0.0,0.0
2024-04-11 00:00:00-04:00,8.520000457763672,8.949999809265137,8.109999656677246,8.260000228881836,435200,0.0,0.0
2024-04-12 00:00:00-04:00,8.260000228881836,8.289999961853027,7.784999847412109,7.860000133514404,471500,0.0,0.0
2024-04-15 00:00:00-04:00,7.880000114440918,7.889999866485596,7.425000190734863,7.480000019073486,375300,0.0,0.0
2024-04-16 00:00:00-04:00,7.460000038146973,7.650000095367432,7.369999885559082,7.440000057220459,530300,0.0,0.0
2024-04-17 00:00:00-04:00,7.489999771118164,7.610000133514404,7.361999988555908,7.429999828338623,300300,0.0,0.0
2024-04-18 00:00:00-04:00,7.440000057220459,7.769999980926514,7.329999923706055,7.710000038146973,591500,0.0,0.0
2024-04-19 00:00:00-04:00,7.679999828338623,7.78000020980835,7.550000190734863,7.579999923706055,347200,0.0,0.0
2024-04-22 00:00:00-04:00,7.590000152587891,7.690000057220459,7.320000171661377,7.489999771118164,467600,0.0,0.0
2024-04-23 00:00:00-04:00,7.510000228881836,7.579999923706055,7.21999979019165,7.300000190734863,435900,0.0,0.0
2024-04-24 00:00:00-04:00,7.340000152587891,7.409999847412109,7.130000114440918,7.340000152587891,390100,0.0,0.0
2024-04-25 00:00:00-04:00,7.199999809265137,7.380000114440918,7.139999866485596,7.320000171661377,341000,0.0,0.0
2024-04-26 00:00:00-04:00,7.380000114440918,7.460000038146973,7.329999923706055,7.460000038146973,300900,0.0,0.0
2024-04-29 00:00:00-04:00,7.460000038146973,7.5,7.320000171661377,7.409999847412109,310600,0.0,0.0
2024-04-30 00:00:00-04:00,7.389999866485596,7.550000190734863,7.324999809265137,7.420000076293945,420100,0.0,0.0
2024-05-01 00:00:00-04:00,7.400000095367432,7.565000057220459,7.329999923706055,7.409999847412109,181900,0.0,0.0
2024-05-02 00:00:00-04:00,7.429999828338623,7.585000038146973,7.380000114440918,7.519999980926514,240100,0.0,0.0
2024-05-03 00:00:00-04:00,7.619999885559082,7.949999809265137,7.519999980926514,7.900000095367432,488600,0.0,0.0
2024-05-06 00:00:00-04:00,7.920000076293945,8.149999618530273,7.804999828338623,8.079999923706055,555600,0.0,0.0
2024-05-07 00:00:00-04:00,8.050000190734863,8.239999771118164,8.010000228881836,8.130000114440918,539600,0.0,0.0
2024-05-08 00:00:00-04:00,6.96999979019165,7.5,6.639999866485596,6.940000057220459,2328200,0.0,0.0
2024-05-09 00:00:00-04:00,6.900000095367432,6.900000095367432,6.599999904632568,6.789999961853027,1044800,0.0,0.0
2024-05-10 00:00:00-04:00,6.730000019073486,6.789999961853027,6.599999904632568,6.619999885559082,756200,0.0,0.0
2024-05-13 00:00:00-04:00,6.630000114440918,6.699999809265137,6.5,6.550000190734863,730700,0.0,0.0
2024-05-14 00:00:00-04:00,6.96999979019165,7.375,6.889999866485596,7.320000171661377,1023100,0.0,0.0
2024-05-15 00:00:00-04:00,7.400000095367432,7.489999771118164,7.244999885559082,7.269999980926514,527400,0.0,0.0
2024-05-16 00:00:00-04:00,7.28000020980835,7.28000020980835,7.010000228881836,7.130000114440918,644100,0.0,0.0
2024-05-17 00:00:00-04:00,7.159999847412109,7.159999847412109,6.96999979019165,7.03000020980835,480800,0.0,0.0
2024-05-20 00:00:00-04:00,7.050000190734863,7.119999885559082,6.860000133514404,6.860000133514404,342600,0.0,0.0
2024-05-21 00:00:00-04:00,6.869999885559082,7.059999942779541,6.849999904632568,7.03000020980835,645900,0.0,0.0
2024-05-22 00:00:00-04:00,7.0,7.074999809265137,6.980000019073486,6.989999771118164,382700,0.0,0.0
2024-05-23 00:00:00-04:00,7.050000190734863,7.064000129699707,6.900000095367432,6.929999828338623,264300,0.0,0.0
2024-05-24 00:00:00-04:00,6.929999828338623,7.050000190734863,6.925000190734863,7.010000228881836,340900,0.0,0.0
2024-05-28 00:00:00-04:00,6.960000038146973,6.989999771118164,6.78000020980835,6.809999942779541,416800,0.0,0.0
2024-05-29 00:00:00-04:00,6.71999979019165,6.860000133514404,6.699999809265137,6.71999979019165,376300,0.0,0.0
2024-05-30 00:00:00-04:00,6.730000019073486,6.784999847412109,6.659999847412109,6.769999980926514,241300,0.0,0.0
2024-05-31 00:00:00-04:00,6.900000095367432,6.949999809265137,6.71999979019165,6.860000133514404,399700,0.0,0.0
2024-06-03 00:00:00-04:00,6.820000171661377,6.860000133514404,6.670000076293945,6.710000038146973,420000,0.0,0.0
2024-06-04 00:00:00-04:00,6.659999847412109,6.699999809265137,6.550000190734863,6.599999904632568,365700,0.0,0.0
2024-06-05 00:00:00-04:00,6.610000133514404,6.769999980926514,6.590000152587891,6.760000228881836,464400,0.0,0.0
2024-06-06 00:00:00-04:00,6.769999980926514,6.840000152587891,6.744999885559082,6.820000171661377,133200,0.0,0.0
2024-06-07 00:00:00-04:00,6.78000020980835,6.800000190734863,6.559999942779541,6.579999923706055,232700,0.0,0.0
2024-06-10 00:00:00-04:00,6.559999942779541,6.675000190734863,6.53000020980835,6.659999847412109,190800,0.0,0.0
2024-06-11 00:00:00-04:00,6.630000114440918,6.630000114440918,6.539000034332275,6.619999885559082,158800,0.0,0.0
2024-06-12 00:00:00-04:00,6.659999847412109,6.75,6.599999904632568,6.71999979019165,530000,0.0,0.0
2024-06-13 00:00:00-04:00,6.75,6.885000228881836,6.679999828338623,6.769999980926514,775500,0.0,0.0
2024-06-14 00:00:00-04:00,6.739999771118164,6.849999904632568,6.699999809265137,6.730000019073486,399000,0.0,0.0
2024-06-17 00:00:00-04:00,6.690000057220459,6.800000190734863,6.619999885559082,6.739999771118164,242800,0.0,0.0
2024-06-18 00:00:00-04:00,6.71999979019165,6.784999847412109,6.460000038146973,6.510000228881836,407400,0.0,0.0
2024-06-20 00:00:00-04:00,6.5,6.659999847412109,6.380000114440918,6.650000095367432,488400,0.0,0.0
2024-06-21 00:00:00-04:00,6.659999847412109,6.855000019073486,6.585000038146973,6.75,506400,0.0,0.0
2024-06-24 00:00:00-04:00,6.730000019073486,6.880000114440918,6.695000171661377,6.869999885559082,403900,0.0,0.0
2024-06-25 00:00:00-04:00,6.889999866485596,6.949999809265137,6.800000190734863,6.929999828338623,245000,0.0,0.0
2024-06-26 00:00:00-04:00,6.920000076293945,7.010000228881836,6.909999847412109,6.989999771118164,363700,0.0,0.0
2024-06-27 00:00:00-04:00,7.010000228881836,7.21999979019165,7.005000114440918,7.159999847412109,411500,0.0,0.0
2024-06-28 00:00:00-04:00,7.150000095367432,7.329999923706055,7.099999904632568,7.260000228881836,583200,0.0,0.0
2024-07-01 00:00:00-04:00,7.260000228881836,7.340000152587891,7.070000171661377,7.210000038146973,265800,0.0,0.0
2024-07-02 00:00:00-04:00,7.190000057220459,7.244999885559082,7.139999866485596,7.190000057220459,236000,0.0,0.0
2024-07-03 00:00:00-04:00,7.21999979019165,7.340000152587891,7.175000190734863,7.190000057220459,323100,0.0,0.0
2024-07-05 00:00:00-04:00,7.260000228881836,7.320000171661377,7.179999828338623,7.289999961853027,624300,0.0,0.0
2024-07-08 00:00:00-04:00,7.289999961853027,7.429999828338623,7.210000038146973,7.380000114440918,823400,0.0,0.0
2024-07-09 00:00:00-04:00,7.389999866485596,7.440000057220459,7.235000133514404,7.300000190734863,342500,0.0,0.0
2024-07-10 00:00:00-04:00,7.340000152587891,7.400000095367432,6.949999809265137,7.110000133514404,554500,0.0,0.0
2024-07-11 00:00:00-04:00,7.190000057220459,7.230000019073486,7.0,7.110000133514404,425000,0.0,0.0
2024-07-12 00:00:00-04:00,7.119999885559082,7.239999771118164,7.09499979019165,7.21999979019165,572800,0.0,0.0
2024-07-15 00:00:00-04:00,7.21999979019165,7.269999980926514,6.769999980926514,6.860000133514404,524700,0.0,0.0
2024-07-16 00:00:00-04:00,6.909999847412109,7.269999980926514,6.885000228881836,7.110000133514404,478400,0.0,0.0
2024-07-17 00:00:00-04:00,7.0,7.025000095367432,6.739999771118164,6.78000020980835,403900,0.0,0.0
2024-07-18 00:00:00-04:00,6.769999980926514,6.849999904632568,6.534999847412109,6.619999885559082,686700,0.0,0.0
2024-07-19 00:00:00-04:00,6.630000114440918,6.760000228881836,6.559999942779541,6.710000038146973,418900,0.0,0.0
2024-07-22 00:00:00-04:00,6.710000038146973,6.849999904632568,6.679999828338623,6.78000020980835,313900,0.0,0.0
2024-07-23 00:00:00-04:00,6.789999961853027,6.849999904632568,6.659999847412109,6.659999847412109,326300,0.0,0.0
2024-07-24 00:00:00-04:00,6.630000114440918,6.690000057220459,6.440000057220459,6.460000038146973,384600,0.0,0.0
2024-07-25 00:00:00-04:00,6.409999847412109,6.639999866485596,6.385000228881836,6.559999942779541,412000,0.0,0.0
2024-07-26 00:00:00-04:00,6.559999942779541,6.675000190734863,6.510000228881836,6.639999866485596,317400,0.0,0.0
2024-07-29 00:00:00-04:00,6.650000095367432,6.65500020980835,6.329999923706055,6.329999923706055,530800,0.0,0.0
2024-07-30 00:00:00-04:00,6.349999904632568,6.429999828338623,6.269999980926514,6.409999847412109,467700,0.0,0.0
2024-07-31 00:00:00-04:00,6.429999828338623,6.53000020980835,6.369999885559082,6.480000019073486,641100,0.0,0.0
2024-08-01 00:00:00-04:00,6.5,6.519999980926514,6.186999797821045,6.329999923706055,695500,0.0,0.0
2024-08-02 00:00:00-04:00,6.150000095367432,6.269999980926514,6.010000228881836,6.139999866485596,671400,0.0,0.0
2024-08-05 00:00:00-04:00,5.75,6.010000228881836,5.71999979019165,5.960000038146973,761600,0.0,0.0
2024-08-06 00:00:00-04:00,6.0,6.065000057220459,5.929999828338623,6.019999980926514,346400,0.0,0.0
2024-08-07 00:00:00-04:00,7.295000076293945,7.295000076293945,6.679999828338623,6.849999904632568,764100,0.0,0.0
2024-08-08 00:00:00-04:00,6.880000114440918,6.909999847412109,6.739999771118164,6.760000228881836,491700,0.0,0.0
2024-08-09 00:00:00-04:00,6.809999942779541,6.929999828338623,6.71999979019165,6.889999866485596,465300,0.0,0.0
2024-08-12 00:00:00-04:00,6.889999866485596,7.039999961853027,6.860000133514404,6.940000057220459,426000,0.0,0.0
2024-08-13 00:00:00-04:00,7.059999942779541,7.230000019073486,7.014999866485596,7.139999866485596,491400,0.0,0.0
2024-08-14 00:00:00-04:00,7.130000114440918,7.380000114440918,7.090000152587891,7.320000171661377,306100,0.0,0.0
2024-08-15 00:00:00-04:00,7.389999866485596,7.5,7.320000171661377,7.360000133514404,379200,0.0,0.0
2024-08-16 00:00:00-04:00,7.369999885559082,7.400000095367432,7.21999979019165,7.369999885559082,309000,0.0,0.0
2024-08-19 00:00:00-04:00,7.369999885559082,7.639999866485596,7.179999828338623,7.610000133514404,1188100,0.0,0.0
2024-08-20 00:00:00-04:00,7.590000152587891,8.0,7.590000152587891,7.840000152587891,1718900,0.0,0.0
2024-08-21 00:00:00-04:00,7.96999979019165,8.029999732971191,7.65500020980835,7.670000076293945,472600,0.0,0.0
2024-08-22 00:00:00-04:00,7.699999809265137,7.730000019073486,7.284999847412109,7.329999923706055,404800,0.0,0.0
2024-08-23 00:00:00-04:00,7.329999923706055,7.599999904632568,7.329999923706055,7.550000190734863,805500,0.0,0.0
2024-08-26 00:00:00-04:00,7.53000020980835,7.605000019073486,7.369999885559082,7.389999866485596,693300,0.0,0.0
2024-08-27 00:00:00-04:00,7.349999904632568,7.465000152587891,7.230000019073486,7.400000095367432,479200,0.0,0.0
2024-08-28 00:00:00-04:00,7.289999961853027,7.309999942779541,7.144999980926514,7.199999809265137,506600,0.0,0.0
2024-08-29 00:00:00-04:00,7.210000038146973,7.264999866485596,7.050000190734863,7.059999942779541,502500,0.0,0.0
2024-08-30 00:00:00-04:00,7.119999885559082,7.179999828338623,6.989999771118164,7.059999942779541,1804100,0.0,0.0
2024-09-03 00:00:00-04:00,7.0,7.074999809265137,6.699999809265137,6.710000038146973,495400,0.0,0.0
2024-09-04 00:00:00-04:00,6.710000038146973,6.824999809265137,6.630000114440918,6.769999980926514,512800,0.0,0.0
2024-09-05 00:00:00-04:00,6.760000228881836,6.789999961853027,6.619999885559082,6.739999771118164,632900,0.0,0.0
2024-09-06 00:00:00-04:00,6.75,6.78000020980835,6.579999923706055,6.71999979019165,550500,0.0,0.0
2024-09-09 00:00:00-04:00,6.730000019073486,6.744999885559082,6.630000114440918,6.699999809265137,396600,0.0,0.0
2024-09-10 00:00:00-04:00,6.550000190734863,6.699999809265137,6.460000038146973,6.539999961853027,346400,0.0,0.0
2024-09-11 00:00:00-04:00,6.570000171661377,6.739999771118164,6.489999771118164,6.699999809265137,294300,0.0,0.0
2024-09-12 00:00:00-04:00,6.699999809265137,6.829999923706055,6.671999931335449,6.820000171661377,524000,0.0,0.0
2024-09-13 00:00:00-04:00,6.829999923706055,6.929999828338623,6.829999923706055,6.840000152587891,285100,0.0,0.0
2024-09-16 00:00:00-04:00,6.829999923706055,6.855000019073486,6.610000133514404,6.610000133514404,372500,0.0,0.0
2024-09-17 00:00:00-04:00,6.659999847412109,6.78000020980835,6.639999866485596,6.769999980926514,314000,0.0,0.0
2024-09-18 00:00:00-04:00,6.769999980926514,6.869999885559082,6.699999809265137,6.849999904632568,347400,0.0,0.0
2024-09-19 00:00:00-04:00,7.050000190734863,7.434999942779541,7.0,7.289999961853027,697600,0.0,0.0
2024-09-20 00:00:00-04:00,7.309999942779541,7.389999866485596,7.21999979019165,7.380000114440918,436200,0.0,0.0
2024-09-23 00:00:00-04:00,7.369999885559082,7.369999885559082,7.010000228881836,7.010000228881836,312200,0.0,0.0
2024-09-24 00:00:00-04:00,7.099999904632568,7.170000076293945,7.010000228881836,7.050000190734863,272100,0.0,0.0
2024-09-25 00:00:00-04:00,7.019999980926514,7.25,7.0,7.190000057220459,315100,0.0,0.0
2024-09-26 00:00:00-04:00,7.309999942779541,7.349999904632568,7.139999866485596,7.170000076293945,240400,0.0,0.0
2024-09-27 00:00:00-04:00,7.179999828338623,7.329999923706055,7.150000095367432,7.320000171661377,345600,0.0,0.0
2024-09-30 00:00:00-04:00,7.320000171661377,7.460000038146973,7.260000228881836,7.440000057220459,408700,0.0,0.0
2024-10-01 00:00:00-04:00,7.400000095367432,7.5,7.320000171661377,7.389999866485596,510500,0.0,0.0
2024-10-02 00:00:00-04:00,7.360000133514404,7.579999923706055,7.340000152587891,7.449999809265137,564800,0.0,0.0
2024-10-03 00:00:00-04:00,7.329999923706055,7.489999771118164,7.133999824523926,7.150000095367432,519300,0.0,0.0
2024-10-04 00:00:00-04:00,7.25,7.559999942779541,7.210000038146973,7.440000057220459,454400,0.0,0.0
2024-10-07 00:00:00-04:00,7.420000076293945,7.420000076293945,7.050000190734863,7.190000057220459,365700,0.0,0.0
2024-10-08 00:00:00-04:00,7.199999809265137,7.420000076293945,7.199999809265137,7.389999866485596,276600,0.0,0.0
2024-10-09 00:00:00-04:00,7.320000171661377,7.380000114440918,7.150000095367432,7.260000228881836,330100,0.0,0.0
2024-10-10 00:00:00-04:00,7.21999979019165,7.28000020980835,7.190000057220459,7.230000019073486,178100,0.0,0.0
2024-10-11 00:00:00-04:00,7.28000020980835,7.304999828338623,7.125,7.130000114440918,319400,0.0,0.0
2024-10-14 00:00:00-04:00,7.139999866485596,7.139999866485596,6.885000228881836,7.010000228881836,368300,0.0,0.0
2024-10-15 00:00:00-04:00,7.039999961853027,7.059999942779541,6.920000076293945,6.960000038146973,177200,0.0,0.0
2024-10-16 00:00:00-04:00,6.960000038146973,6.994999885559082,6.909999847412109,6.980000019073486,171800,0.0,0.0
2024-10-17 00:00:00-04:00,7.0,7.019000053405762,6.90500020980835,6.940000057220459,137000,0.0,0.0
2024-10-18 00:00:00-04:00,6.940000057220459,6.989999771118164,6.889999866485596,6.900000095367432,173700,0.0,0.0
2024-10-21 00:00:00-04:00,6.880000114440918,6.880000114440918,6.789999961853027,6.820000171661377,254200,0.0,0.0
2024-10-22 00:00:00-04:00,6.860000133514404,6.909999847412109,6.739999771118164,6.769999980926514,573100,0.0,0.0
2024-10-23 00:00:00-04:00,6.75,6.769999980926514,6.559999942779541,6.579999923706055,455100,0.0,0.0
2024-10-24 00:00:00-04:00,6.610000133514404,6.670000076293945,6.510000228881836,6.650000095367432,319600,0.0,0.0
2024-10-25 00:00:00-04:00,6.639999866485596,6.684999942779541,6.53000020980835,6.639999866485596,393100,0.0,0.0
2024-10-28 00:00:00-04:00,6.639999866485596,6.885000228881836,6.630000114440918,6.840000152587891,265900,0.0,0.0
2024-10-29 00:00:00-04:00,6.849999904632568,7.070000171661377,6.769999980926514,6.929999828338623,492400,0.0,0.0
2024-10-30 00:00:00-04:00,6.960000038146973,7.050000190734863,6.860000133514404,6.949999809265137,469500,0.0,0.0
2024-10-31 00:00:00-04:00,6.869999885559082,6.914000034332275,6.699999809265137,6.760000228881836,622800,0.0,0.0
2024-11-01 00:00:00-04:00,6.860000133514404,6.965000152587891,6.739999771118164,6.739999771118164,320500,0.0,0.0
2024-11-04 00:00:00-05:00,6.710000038146973,6.949999809265137,6.670000076293945,6.860000133514404,374500,0.0,0.0
2024-11-05 00:00:00-05:00,6.889999866485596,6.929999828338623,6.75,6.889999866485596,465800,0.0,0.0
2024-11-06 00:00:00-05:00,6.5,6.889999866485596,6.271999835968018,6.71999979019165,1099300,0.0,0.0
2024-11-07 00:00:00-05:00,6.739999771118164,6.849999904632568,6.679999828338623,6.710000038146973,548400,0.0,0.0
2024-11-08 00:00:00-05:00,6.630000114440918,6.664999961853027,6.429999828338623,6.650000095367432,442500,0.0,0.0
2024-11-11 00:00:00-05:00,6.639999866485596,6.699999809265137,6.525000095367432,6.599999904632568,393800,0.0,0.0
2024-11-12 00:00:00-05:00,6.610000133514404,6.769999980926514,6.519999980926514,6.53000020980835,377200,0.0,0.0
2024-11-13 00:00:00-05:00,6.510000228881836,6.625,6.460000038146973,6.550000190734863,638400,0.0,0.0
2024-11-14 00:00:00-05:00,6.559999942779541,6.559999942779541,6.420000076293945,6.519999980926514,406400,0.0,0.0
2024-11-15 00:00:00-05:00,6.53000020980835,6.619999885559082,6.284999847412109,6.289999961853027,319400,0.0,0.0
2024-11-18 00:00:00-05:00,6.28000020980835,6.298999786376953,6.139999866485596,6.21999979019165,619400,0.0,0.0
2024-11-19 00:00:00-05:00,6.199999809265137,6.289999961853027,6.119999885559082,6.239999771118164,624000,0.0,0.0
2024-11-20 00:00:00-05:00,6.239999771118164,6.340000152587891,6.150000095367432,6.28000020980835,267300,0.0,0.0
2024-11-21 00:00:00-05:00,6.289999961853027,6.440000057220459,6.190000057220459,6.380000114440918,351800,0.0,0.0
2024-11-22 00:00:00-05:00,6.429999828338623,6.565000057220459,6.429999828338623,6.460000038146973,451100,0.0,0.0
2024-11-25 00:00:00-05:00,6.559999942779541,6.679999828338623,6.440000057220459,6.489999771118164,757800,0.0,0.0
2024-11-26 00:00:00-05:00,6.559999942779541,6.590000152587891,6.420000076293945,6.449999809265137,371400,0.0,0.0
2024-11-27 00:00:00-05:00,6.449999809265137,6.449999809265137,6.244999885559082,6.309999942779541,319100,0.0,0.0
2024-11-29 00:00:00-05:00,6.309999942779541,6.369999885559082,6.105000019073486,6.21999979019165,453500,0.0,0.0
2024-12-02 00:00:00-05:00,6.150000095367432,6.150000095367432,5.940000057220459,6.090000152587891,488000,0.0,0.0
2024-12-03 00:00:00-05:00,6.059999942779541,6.190000057220459,5.989999771118164,6.179999828338623,611500,0.0,0.0
2024-12-04 00:00:00-05:00,6.239999771118164,6.579999923706055,6.179999828338623,6.360000133514404,841900,0.0,0.0
2024-12-05 00:00:00-05:00,6.360000133514404,6.539999961853027,6.355000019073486,6.449999809265137,736500,0.0,0.0
2024-12-06 00:00:00-05:00,6.460000038146973,6.519999980926514,6.340000152587891,6.449999809265137,679500,0.0,0.0
2024-12-09 00:00:00-05:00,6.46999979019165,6.46999979019165,6.159999847412109,6.190000057220459,835600,0.0,0.0
2024-12-10 00:00:00-05:00,6.159999847412109,6.304999828338623,6.159999847412109,6.300000190734863,890400,0.0,0.0
2024-12-11 00:00:00-05:00,6.329999923706055,6.670000076293945,6.320000171661377,6.639999866485596,1036900,0.0,0.0
2024-12-12 00:00:00-05:00,6.619999885559082,6.630000114440918,6.335000038146973,6.400000095367432,778100,0.0,0.0
2024-12-13 00:00:00-05:00,6.400000095367432,6.539999961853027,6.340000152587891,6.340000152587891,736400,0.0,0.0
2024-12-16 00:00:00-05:00,6.300000190734863,6.335000038146973,6.195000171661377,6.230000019073486,604300,0.0,0.0
2024-12-17 00:00:00-05:00,6.199999809265137,6.28000020980835,6.130000114440918,6.199999809265137,833000,0.0,0.0
2024-12-18 00:00:00-05:00,6.210000038146973,6.210000038146973,5.730000019073486,5.78000020980835,1106900,0.0,0.0
2024-12-19 00:00:00-05:00,6.0,6.045000076293945,5.829999923706055,5.840000152587891,981600,0.0,0.0
2024-12-20 00:00:00-05:00,5.789999961853027,5.869999885559082,5.659999847412109,5.679999828338623,736100,0.0,0.0
2024-12-23 00:00:00-05:00,5.639999866485596,5.994999885559082,5.625999927520752,5.840000152587891,1218800,0.0,0.0
2024-12-24 00:00:00-05:00,5.849999904632568,5.920000076293945,5.784999847412109,5.809999942779541,248000,0.0,0.0
2024-12-26 00:00:00-05:00,5.789999961853027,5.880000114440918,5.75,5.880000114440918,540000,0.0,0.0
2024-12-27 00:00:00-05:00,5.809999942779541,5.909999847412109,5.670000076293945,5.75,562500,0.0,0.0
2024-12-30 00:00:00-05:00,5.650000095367432,5.78000020980835,5.599999904632568,5.78000020980835,674700,0.0,0.0
2024-12-31 00:00:00-05:00,5.820000171661377,5.934999942779541,5.78000020980835,5.889999866485596,513500,0.0,0.0
2025-01-02 00:00:00-05:00,5.929999828338623,6.099999904632568,5.900000095367432,5.96999979019165,948000,0.0,0.0
2025-01-03 00:00:00-05:00,6.010000228881836,6.01200008392334,5.78000020980835,5.800000190734863,467300,0.0,0.0
2025-01-06 00:00:00-05:00,5.849999904632568,5.989999771118164,5.849999904632568,5.960000038146973,387500,0.0,0.0
2025-01-07 00:00:00-05:00,5.989999771118164,6.170000076293945,5.940000057220459,6.0,574200,0.0,0.0
2025-01-08 00:00:00-05:00,5.96999979019165,6.014999866485596,5.929999828338623,5.949999809265137,707300,0.0,0.0
2025-01-10 00:00:00-05:00,5.909999847412109,6.025000095367432,5.841000080108643,5.889999866485596,594000,0.0,0.0
2025-01-13 00:00:00-05:00,5.789999961853027,5.864999771118164,5.739999771118164,5.820000171661377,366200,0.0,0.0
2025-01-14 00:00:00-05:00,5.840000152587891,6.0,5.835000038146973,5.949999809265137,773000,0.0,0.0
2025-01-15 00:00:00-05:00,6.010000228881836,6.184999942779541,6.010000228881836,6.099999904632568,1424900,0.0,0.0
2025-01-16 00:00:00-05:00,6.150000095367432,6.190000057220459,5.96999979019165,5.989999771118164,705800,0.0,0.0
2025-01-17 00:00:00-05:00,6.039999961853027,6.110000133514404,6.0,6.0,479800,0.0,0.0
2025-01-21 00:00:00-05:00,6.070000171661377,6.190000057220459,5.949999809265137,6.170000076293945,431700,0.0,0.0
2025-01-22 00:00:00-05:00,6.210000038146973,6.385000228881836,6.159999847412109,6.340000152587891,409100,0.0,0.0
2025-01-23 00:00:00-05:00,6.349999904632568,6.369999885559082,6.255000114440918,6.320000171661377,303200,0.0,0.0
2025-01-24 00:00:00-05:00,6.340000152587891,6.434999942779541,6.255000114440918,6.269999980926514,298800,0.0,0.0
2025-01-27 00:00:00-05:00,6.139999866485596,6.329999923706055,6.019999980926514,6.21999979019165,1770200,0.0,0.0
2025-01-28 00:00:00-05:00,6.25,6.75,6.25,6.730000019073486,463900,0.0,0.0
2025-01-29 00:00:00-05:00,6.739999771118164,6.789999961853027,6.5,6.639999866485596,403500,0.0,0.0
2025-01-30 00:00:00-05:00,6.739999771118164,6.929999828338623,6.710000038146973,6.769999980926514,1060400,0.0,0.0
2025-01-31 00:00:00-05:00,6.78000020980835,6.840000152587891,6.614999771118164,6.670000076293945,535200,0.0,0.0
2025-02-03 00:00:00-05:00,6.550000190734863,6.699999809265137,6.460000038146973,6.619999885559082,386300,0.0,0.0
2025-02-04 00:00:00-05:00,6.610000133514404,6.677999973297119,6.53000020980835,6.590000152587891,1470500,0.0,0.0
2025-02-05 00:00:00-05:00,6.559999942779541,6.71999979019165,6.474999904632568,6.710000038146973,1488200,0.0,0.0
2025-02-06 00:00:00-05:00,6.710000038146973,6.789000034332275,6.679999828338623,6.710000038146973,304200,0.0,0.0
2025-02-07 00:00:00-05:00,6.71999979019165,6.769999980926514,6.480000019073486,6.510000228881836,424200,0.0,0.0
2025-02-10 00:00:00-05:00,6.599999904632568,6.599999904632568,6.409999847412109,6.409999847412109,467000,0.0,0.0
2025-02-11 00:00:00-05:00,6.510000228881836,6.510000228881836,6.235000133514404,6.25,545900,0.0,0.0
2025-02-12 00:00:00-05:00,6.21999979019165,6.300000190734863,6.170000076293945,6.230000019073486,387500,0.0,0.0
2025-02-13 00:00:00-05:00,6.25,6.349999904632568,6.190000057220459,6.320000171661377,357900,0.0,0.0
2025-02-14 00:00:00-05:00,6.320000171661377,6.440000057220459,6.309999942779541,6.360000133514404,403900,0.0,0.0
2025-02-18 00:00:00-05:00,6.5,6.730000019073486,6.369999885559082,6.400000095367432,1144500,0.0,0.0
2025-02-19 00:00:00-05:00,6.5,6.889999866485596,6.355000019073486,6.650000095367432,1256000,0.0,0.0
2025-02-20 00:00:00-05:00,6.760000228881836,6.8520002365112305,6.579999923706055,6.71999979019165,571300,0.0,0.0
2025-02-21 00:00:00-05:00,6.78000020980835,6.789000034332275,6.420000076293945,6.420000076293945,796300,0.0,0.0
2025-02-24 00:00:00-05:00,6.440000057220459,6.440000057220459,6.130000114440918,6.170000076293945,685600,0.0,0.0
2025-02-25 00:00:00-05:00,6.099999904632568,6.21999979019165,5.929999828338623,5.989999771118164,713400,0.0,0.0
2025-02-26 00:00:00-05:00,5.199999809265137,5.21999979019165,4.639999866485596,4.710000038146973,3338700,0.0,0.0
2025-02-27 00:00:00-05:00,4.860000133514404,4.940000057220459,4.579999923706055,4.739999771118164,2289300,0.0,0.0
2025-02-28 00:00:00-05:00,4.690000057220459,4.869999885559082,4.690000057220459,4.800000190734863,969800,0.0,0.0
2025-03-03 00:00:00-05:00,4.800000190734863,4.840000152587891,4.389999866485596,4.460000038146973,1280400,0.0,0.0
2025-03-04 00:00:00-05:00,4.329999923706055,4.454999923706055,4.195000171661377,4.329999923706055,1198500,0.0,0.0
2025-03-05 00:00:00-05:00,4.369999885559082,4.610000133514404,4.369999885559082,4.599999904632568,713000,0.0,0.0
2025-03-06 00:00:00-05:00,4.5,4.900000095367432,4.489999771118164,4.610000133514404,1059500,0.0,0.0
2025-03-07 00:00:00-05:00,4.610000133514404,4.730000019073486,4.574999809265137,4.639999866485596,868200,0.0,0.0
2025-03-10 00:00:00-04:00,4.559999942779541,4.625,4.349999904632568,4.380000114440918,1060800,0.0,0.0
2025-03-11 00:00:00-04:00,4.349999904632568,4.480000019073486,4.34499979019165,4.389999866485596,874200,0.0,0.0
2025-03-12 00:00:00-04:00,4.449999809265137,4.619999885559082,4.389999866485596,4.579999923706055,944300,0.0,0.0
2025-03-13 00:00:00-04:00,4.480000019073486,4.605000019073486,4.420000076293945,4.539999961853027,711800,0.0,0.0
2025-03-14 00:00:00-04:00,4.570000171661377,4.875,4.570000171661377,4.769999980926514,1196500,0.0,0.0
2025-03-17 00:00:00-04:00,4.820000171661377,5.119999885559082,4.820000171661377,5.019999980926514,1671900,0.0,0.0
2025-03-18 00:00:00-04:00,4.960000038146973,5.059999942779541,4.889999866485596,4.920000076293945,706700,0.0,0.0
2025-03-19 00:00:00-04:00,4.940000057220459,5.144999980926514,4.889999866485596,5.03000020980835,843700,0.0,0.0
2025-03-20 00:00:00-04:00,4.960000038146973,5.110000133514404,4.929999828338623,4.940000057220459,556100,0.0,0.0
2025-03-21 00:00:00-04:00,4.900000095367432,4.96999979019165,4.815000057220459,4.840000152587891,593800,0.0,0.0
2025-03-24 00:00:00-04:00,4.920000076293945,4.96999979019165,4.849999904632568,4.880000114440918,297300,0.0,0.0
2025-03-25 00:00:00-04:00,4.900000095367432,4.994999885559082,4.809999942779541,4.920000076293945,508800,0.0,0.0
2025-03-26 00:00:00-04:00,4.900000095367432,4.925000190734863,4.815000057220459,4.860000133514404,699000,0.0,0.0
2025-03-27 00:00:00-04:00,4.869999885559082,5.260000228881836,4.809999942779541,5.179999828338623,913700,0.0,0.0
2025-03-28 00:00:00-04:00,5.199999809265137,5.210000038146973,4.980000019073486,5.099999904632568,900700,0.0,0.0
2025-03-31 00:00:00-04:00,4.96999979019165,5.099999904632568,4.820000171661377,5.070000171661377,783000,0.0,0.0
2025-04-01 00:00:00-04:00,5.090000152587891,5.275000095367432,5.039999961853027,5.190000057220459,850000,0.0,0.0
2025-04-02 00:00:00-04:00,5.099999904632568,5.329999923706055,5.085999965667725,5.239999771118164,783800,0.0,0.0
2025-04-03 00:00:00-04:00,4.949999809265137,5.125,4.880000114440918,4.960000038146973,1186000,0.0,0.0
2025-04-04 00:00:00-04:00,4.78000020980835,4.900000095367432,4.5,4.710000038146973,1387800,0.0,0.0
2025-04-07 00:00:00-04:00,4.46999979019165,4.880000114440918,4.429999828338623,4.510000228881836,1185600,0.0,0.0
2025-04-08 00:00:00-04:00,4.730000019073486,4.75,4.414999961853027,4.449999809265137,882800,0.0,0.0
2025-04-09 00:00:00-04:00,4.46999979019165,5.070000171661377,4.421999931335449,4.949999809265137,1006100,0.0,0.0
2025-04-10 00:00:00-04:00,4.880000114440918,4.954999923706055,4.659999847412109,4.75,676000,0.0,0.0
2025-04-11 00:00:00-04:00,4.760000228881836,4.940000057220459,4.670000076293945,4.900000095367432,517200,0.0,0.0
2025-04-14 00:00:00-04:00,5.019999980926514,5.03000020980835,4.855000019073486,4.909999847412109,541600,0.0,0.0
2025-04-15 00:00:00-04:00,4.849999904632568,5.014999866485596,4.710000038146973,4.880000114440918,658900,0.0,0.0
2025-04-16 00:00:00-04:00,4.900000095367432,4.965000152587891,4.820000171661377,4.869999885559082,551100,0.0,0.0
2025-04-17 00:00:00-04:00,4.869999885559082,5.010000228881836,4.809999942779541,5.0,523900,0.0,0.0
2025-04-21 00:00:00-04:00,4.980000019073486,4.980000019073486,4.775000095367432,4.840000152587891,413100,0.0,0.0
2025-04-22 00:00:00-04:00,4.900000095367432,5.070000171661377,4.840000152587891,5.019999980926514,599700,0.0,0.0
2025-04-23 00:00:00-04:00,5.170000076293945,5.28000020980835,5.099999904632568,5.130000114440918,796900,0.0,0.0
2025-04-24 00:00:00-04:00,5.139999866485596,5.355000019073486,5.139999866485596,5.349999904632568,559600,0.0,0.0
2025-04-25 00:00:00-04:00,5.329999923706055,5.465000152587891,5.269999980926514,5.360000133514404,625700,0.0,0.0
2025-04-28 00:00:00-04:00,5.320000171661377,5.369999885559082,5.159999847412109,5.349999904632568,809700,0.0,0.0
2025-04-29 00:00:00-04:00,5.320000171661377,5.429999828338623,5.300000190734863,5.380000114440918,597400,0.0,0.0
2025-04-30 00:00:00-04:00,5.289999961853027,5.440000057220459,5.199999809265137,5.389999866485596,1352600,0.0,0.0
2025-05-01 00:00:00-04:00,5.460000038146973,5.465000152587891,5.340000152587891,5.360000133514404,367300,0.0,0.0
2025-05-02 00:00:00-04:00,5.440000057220459,5.550000190734863,5.409999847412109,5.46999979019165,620300,0.0,0.0
2025-05-05 00:00:00-04:00,5.409999847412109,5.460000038146973,5.360000133514404,5.369999885559082,596500,0.0,0.0
2025-05-06 00:00:00-04:00,5.289999961853027,5.5,5.239999771118164,5.5,601800,0.0,0.0
2025-05-07 00:00:00-04:00,5.849999904632568,6.130000114440918,5.690000057220459,5.849999904632568,2014300,0.0,0.0
2025-05-08 00:00:00-04:00,5.900000095367432,6.144999980926514,5.809999942779541,6.070000171661377,1403300,0.0,0.0
2025-05-09 00:00:00-04:00,6.059999942779541,6.085000038146973,5.90500020980835,5.940000057220459,586300,0.0,0.0
2025-05-12 00:00:00-04:00,6.170000076293945,6.230000019073486,6.050000190734863,6.150000095367432,1030600,0.0,0.0
2025-05-13 00:00:00-04:00,6.239999771118164,6.559999942779541,6.239999771118164,6.510000228881836,1121100,0.0,0.0
2025-05-14 00:00:00-04:00,6.5,6.579999923706055,6.324999809265137,6.420000076293945,691600,0.0,0.0
2025-05-15 00:00:00-04:00,6.369999885559082,6.434999942779541,6.2829999923706055,6.300000190734863,621000,0.0,0.0
2025-05-16 00:00:00-04:00,6.300000190734863,6.385000228881836,6.21999979019165,6.289999961853027,908300,0.0,0.0
2025-05-19 00:00:00-04:00,6.119999885559082,6.364999771118164,6.079999923706055,6.349999904632568,466900,0.0,0.0
2025-05-20 00:00:00-04:00,6.349999904632568,6.380000114440918,6.28000020980835,6.369999885559082,503300,0.0,0.0
2025-05-21 00:00:00-04:00,6.300000190734863,6.364999771118164,6.139999866485596,6.139999866485596,573300,0.0,0.0
2025-05-22 00:00:00-04:00,6.099999904632568,6.269999980926514,5.949999809265137,6.21999979019165,1175300,0.0,0.0
2025-05-23 00:00:00-04:00,6.050000190734863,6.199999809265137,6.050000190734863,6.190000057220459,989600,0.0,0.0
2025-05-27 00:00:00-04:00,6.609000205993652,6.815000057220459,6.494999885559082,6.53000020980835,2598500,0.0,0.0
2025-05-28 00:00:00-04:00,6.53000020980835,6.53000020980835,6.380000114440918,6.380000114440918,627700,0.0,0.0
2025-05-29 00:00:00-04:00,6.460000038146973,6.5,6.355000019073486,6.409999847412109,514700,0.0,0.0
2025-05-30 00:00:00-04:00,6.380000114440918,6.5,6.340000152587891,6.409999847412109,962900,0.0,0.0
2025-06-02 00:00:00-04:00,6.420000076293945,6.420000076293945,6.239999771118164,6.409999847412109,813200,0.0,0.0
2025-06-03 00:00:00-04:00,6.409999847412109,6.690000057220459,6.349999904632568,6.619999885559082,918900,0.0,0.0
2025-06-04 00:00:00-04:00,6.650000095367432,6.670000076293945,6.389999866485596,6.599999904632568,663900,0.0,0.0
2025-06-05 00:00:00-04:00,6.650000095367432,6.699999809265137,6.579999923706055,6.599999904632568,760300,0.0,0.0
2025-06-06 00:00:00-04:00,6.670000076293945,6.71999979019165,6.619999885559082,6.679999828338623,427300,0.0,0.0
2025-06-09 00:00:00-04:00,6.71999979019165,6.71999979019165,6.570000171661377,6.579999923706055,440600,0.0,0.0
2025-06-10 00:00:00-04:00,6.599999904632568,6.650000095367432,6.465000152587891,6.610000133514404,466900,0.0,0.0
2025-06-11 00:00:00-04:00,6.639999866485596,6.735000133514404,6.550000190734863,6.670000076293945,956300,0.0,0.0
2025-06-12 00:00:00-04:00,6.610000133514404,6.710000038146973,6.610000133514404,6.650000095367432,980000,0.0,0.0
2025-06-13 00:00:00-04:00,6.460000038146973,6.559999942779541,6.460000038146973,6.460000038146973,1062000,0.0,0.0
2025-06-16 00:00:00-04:00,6.510000228881836,6.710000038146973,6.474999904632568,6.639999866485596,732800,0.0,0.0
2025-06-17 00:00:00-04:00,6.590000152587891,6.650000095367432,6.400000095367432,6.409999847412109,599300,0.0,0.0
2025-06-18 00:00:00-04:00,6.409999847412109,6.454999923706055,6.255000114440918,6.380000114440918,809100,0.0,0.0
2025-06-20 00:00:00-04:00,6.320000171661377,6.46999979019165,6.295000076293945,6.389999866485596,678900,0.0,0.0
2025-06-23 00:00:00-04:00,6.46999979019165,6.59499979019165,6.260000228881836,6.5,952100,0.0,0.0
2025-06-24 00:00:00-04:00,6.579999923706055,6.730000019073486,6.545000076293945,6.610000133514404,672200,0.0,0.0
2025-06-25 00:00:00-04:00,6.630000114440918,6.699999809265137,6.445000171661377,6.46999979019165,736900,0.0,0.0
2025-06-26 00:00:00-04:00,6.510000228881836,6.630000114440918,6.440000057220459,6.550000190734863,798100,0.0,0.0
2025-06-27 00:00:00-04:00,6.519999980926514,6.619999885559082,6.389999866485596,6.460000038146973,8587100,0.0,0.0
2025-06-30 00:00:00-04:00,6.510000228881836,6.724999904632568,6.420000076293945,6.599999904632568,1313800,0.0,0.0
2025-07-01 00:00:00-04:00,6.559999942779541,6.679999828338623,6.320000171661377,6.409999847412109,1503500,0.0,0.0
2025-07-02 00:00:00-04:00,6.389999866485596,6.4070000648498535,6.179999828338623,6.289999961853027,1424100,0.0,0.0
2025-07-03 00:00:00-04:00,6.349999904632568,6.630000114440918,6.349999904632568,6.539999961853027,675900,0.0,0.0
2025-07-07 00:00:00-04:00,6.519999980926514,6.53000020980835,6.375,6.5,1300300,0.0,0.0
2025-07-08 00:00:00-04:00,6.5,6.525000095367432,6.25,6.300000190734863,1112100,0.0,0.0
2025-07-09 00:00:00-04:00,6.309999942779541,6.364999771118164,6.21999979019165,6.360000133514404,1238600,0.0,0.0
2025-07-10 00:00:00-04:00,6.349999904632568,6.389999866485596,6.164999961853027,6.369999885559082,1012300,0.0,0.0
2025-07-11 00:00:00-04:00,6.329999923706055,6.355000019073486,6.144999980926514,6.159999847412109,781600,0.0,0.0
2025-07-14 00:00:00-04:00,6.190000057220459,6.239999771118164,6.110000133514404,6.179999828338623,936500,0.0,0.0
2025-07-15 00:00:00-04:00,6.230000019073486,6.5,6.179999828338623,6.5,1298100,0.0,0.0
2025-07-16 00:00:00-04:00,6.53000020980835,6.730000019073486,6.46999979019165,6.710000038146973,1101600,0.0,0.0
2025-07-17 00:00:00-04:00,6.730000019073486,6.809999942779541,6.659999847412109,6.760000228881836,1224500,0.0,0.0
2025-07-18 00:00:00-04:00,6.809999942779541,6.820000171661377,6.369999885559082,6.380000114440918,799100,0.0,0.0
2025-07-21 00:00:00-04:00,6.5,6.5,6.15500020980835,6.199999809265137,1308900,0.0,0.0
2025-07-22 00:00:00-04:00,6.239999771118164,6.300000190734863,6.079999923706055,6.099999904632568,1089000,0.0,0.0
2025-07-23 00:00:00-04:00,6.170000076293945,6.315000057220459,6.099999904632568,6.269999980926514,773200,0.0,0.0
2025-07-24 00:00:00-04:00,6.25,6.320000171661377,6.210000038146973,6.28000020980835,743100,0.0,0.0
2025-07-25 00:00:00-04:00,6.340000152587891,6.340000152587891,6.239999771118164,6.289999961853027,552000,0.0,0.0
2025-07-28 00:00:00-04:00,6.289999961853027,6.300000190734863,6.210000038146973,6.21999979019165,489500,0.0,0.0
2025-07-29 00:00:00-04:00,6.239999771118164,6.239999771118164,6.144999980926514,6.179999828338623,603200,0.0,0.0
2025-07-30 00:00:00-04:00,6.230000019073486,6.230000019073486,5.960000038146973,6.010000228881836,877100,0.0,0.0
2025-07-31 00:00:00-04:00,6.039999961853027,6.125,5.96999979019165,5.96999979019165,754000,0.0,0.0
2025-08-01 00:00:00-04:00,5.820000171661377,5.914999961853027,5.784999847412109,5.789999961853027,780400,0.0,0.0
2025-08-04 00:00:00-04:00,5.840000152587891,5.934999942779541,5.800000190734863,5.920000076293945,536600,0.0,0.0
2025-08-05 00:00:00-04:00,5.920000076293945,5.932000160217285,5.769999980926514,5.829999923706055,924000,0.0,0.0
2025-08-06 00:00:00-04:00,5.880000114440918,6.0,5.835000038146973,5.909999847412109,566300,0.0,0.0
2025-08-07 00:00:00-04:00,5.96999979019165,5.98799991607666,5.84499979019165,5.920000076293945,635400,0.0,0.0
2025-08-08 00:00:00-04:00,4.349999904632568,4.440000057220459,4.170000076293945,4.309999942779541,4521800,0.0,0.0
2025-08-11 00:00:00-04:00,4.360000133514404,4.909999847412109,4.074999809265137,4.190000057220459,2132700,0.0,0.0
2025-08-12 00:00:00-04:00,4.210000038146973,4.2789998054504395,4.144999980926514,4.199999809265137,1918900,0.0,0.0
2025-08-13 00:00:00-04:00,4.239999771118164,4.425000190734863,4.119999885559082,4.199999809265137,3677100,0.0,0.0
2025-08-14 00:00:00-04:00,4.130000114440918,4.210000038146973,3.930999994277954,3.9600000381469727,3372400,0.0,0.0
2025-08-15 00:00:00-04:00,4.010000228881836,4.179999828338623,3.990000009536743,4.090000152587891,2125700,0.0,0.0
2025-08-18 00:00:00-04:00,4.070000171661377,4.114999771118164,3.9800000190734863,4.050000190734863,1639200,0.0,0.0
2025-08-19 00:00:00-04:00,4.079999923706055,4.111000061035156,3.930000066757202,4.059999942779541,1197300,0.0,0.0
2025-08-20 00:00:00-04:00,4.03000020980835,4.079999923706055,3.9639999866485596,4.039999961853027,1666500,0.0,0.0
2025-08-21 00:00:00-04:00,3.9700000286102295,4.079999923706055,3.9549999237060547,4.0,1036300,0.0,0.0
2025-08-22 00:00:00-04:00,4.0,4.230000019073486,3.9600000381469727,4.190000057220459,1728600,0.0,0.0
2025-08-25 00:00:00-04:00,4.150000095367432,4.175000190734863,4.070000171661377,4.079999923706055,953100,0.0,0.0
2025-08-26 00:00:00-04:00,4.079999923706055,4.150000095367432,4.050000190734863,4.110000133514404,1213000,0.0,0.0
2025-08-27 00:00:00-04:00,4.130000114440918,4.130000114440918,3.984999895095825,4.03000020980835,1447900,0.0,0.0
2025-08-28 00:00:00-04:00,4.059999942779541,4.199999809265137,4.059999942779541,4.070000171661377,932300,0.0,0.0
2025-08-29 00:00:00-04:00,4.070000171661377,4.135000228881836,4.039999961853027,4.079999923706055,1404400,0.0,0.0
2025-09-02 00:00:00-04:00,4.0,4.050000190734863,3.9149999618530273,4.03000020980835,1515100,0.0,0.0
2025-09-03 00:00:00-04:00,4.010000228881836,4.150000095367432,3.950000047683716,4.0,1315900,0.0,0.0
2025-09-04 00:00:00-04:00,4.010000228881836,4.03000020980835,3.940000057220459,4.019999980926514,1134100,0.0,0.0
2025-09-05 00:00:00-04:00,4.070000171661377,4.15500020980835,4.010000228881836,4.090000152587891,1206000,0.0,0.0
2025-09-08 00:00:00-04:00,4.059999942779541,4.085000038146973,3.950000047683716,4.050000190734863,1557700,0.0,0.0
2025-09-09 00:00:00-04:00,4.070000171661377,4.139999866485596,4.045000076293945,4.070000171661377,1375000,0.0,0.0
2025-09-10 00:00:00-04:00,4.050000190734863,4.110000133514404,3.9700000286102295,4.03000020980835,1300000,0.0,0.0
2025-09-11 00:00:00-04:00,4.039999961853027,4.135000228881836,4.034999847412109,4.119999885559082,1143000,0.0,0.0
2025-09-12 00:00:00-04:00,4.110000133514404,4.119999885559082,4.03000020980835,4.079999923706055,685000,0.0,0.0
2025-09-15 00:00:00-04:00,4.110000133514404,4.175000190734863,4.09499979019165,4.139999866485596,846300,0.0,0.0
2025-09-16 00:00:00-04:00,4.159999847412109,4.21999979019165,4.150000095367432,4.199999809265137,714700,0.0,0.0
2025-09-17 00:00:00-04:00,4.449999809265137,4.610000133514404,4.429999828338623,4.570000171661377,2751300,0.0,0.0
2025-09-18 00:00:00-04:00,4.650000095367432,4.699999809265137,4.53000020980835,4.650000095367432,1532600,0.0,0.0
2025-09-19 00:00:00-04:00,4.659999847412109,4.659999847412109,4.480000019073486,4.53000020980835,1584000,0.0,0.0
2025-09-22 00:00:00-04:00,4.510000228881836,4.679999828338623,4.5,4.639999866485596,974800,0.0,0.0
2025-09-23 00:00:00-04:00,4.690000057220459,4.730000019073486,4.539999961853027,4.550000190734863,1354900,0.0,0.0
2025-09-24 00:00:00-04:00,4.570000171661377,4.619999885559082,4.431000232696533,4.519999980926514,887200,0.0,0.0
2025-09-25 00:00:00-04:00,4.460000038146973,4.474999904632568,4.300000190734863,4.320000171661377,881400,0.0,0.0
2025-09-26 00:00:00-04:00,4.340000152587891,4.380000114440918,4.300000190734863,4.320000171661377,541900,0.0,0.0
2025-09-29 00:00:00-04:00,4.329999923706055,4.449999809265137,4.329999923706055,4.429999828338623,1146100,0.0,0.0
2025-09-30 00:00:00-04:00,4.429999828338623,4.519999980926514,4.329999923706055,4.380000114440918,798900,0.0,0.0
2025-10-01 00:00:00-04:00,4.329999923706055,4.420000076293945,4.28000020980835,4.289999961853027,896900,0.0,0.0
2025-10-02 00:00:00-04:00,4.289999961853027,4.389999866485596,4.264999866485596,4.389999866485596,801800,0.0,0.0
2025-10-03 00:00:00-04:00,4.389999866485596,4.429999828338623,4.340000152587891,4.409999847412109,973700,0.0,0.0
2025-10-06 00:00:00-04:00,4.449999809265137,4.550000190734863,4.409999847412109,4.53000020980835,692600,0.0,0.0
2025-10-07 00:00:00-04:00,4.550000190734863,4.568999767303467,4.460000038146973,4.519999980926514,725100,0.0,0.0
2025-10-08 00:00:00-04:00,4.550000190734863,4.579999923706055,4.494999885559082,4.550000190734863,863000,0.0,0.0
2025-10-09 00:00:00-04:00,4.570000171661377,4.599999904632568,4.514999866485596,4.570000171661377,932900,0.0,0.0
2025-10-10 00:00:00-04:00,4.579999923706055,4.619999885559082,4.150000095367432,4.159999847412109,1263100,0.0,0.0
2025-10-13 00:00:00-04:00,4.269999980926514,4.320000171661377,4.179999828338623,4.21999979019165,1043300,0.0,0.0
2025-10-14 00:00:00-04:00,4.159999847412109,4.400000095367432,4.131999969482422,4.329999923706055,1553200,0.0,0.0
2025-10-15 00:00:00-04:00,4.340000152587891,4.420000076293945,4.264999866485596,4.28000020980835,1162500,0.0,0.0
2025-10-16 00:00:00-04:00,4.460000038146973,4.460000038146973,4.195000171661377,4.210000038146973,1499900,0.0,0.0
2025-10-17 00:00:00-04:00,4.170000076293945,4.25,4.150000095367432,4.190000057220459,1274100,0.0,0.0
2025-10-20 00:00:00-04:00,4.239999771118164,4.360000133514404,4.235000133514404,4.340000152587891,1415500,0.0,0.0
2025-10-21 00:00:00-04:00,4.309999942779541,4.425000190734863,4.284999847412109,4.349999904632568,1181600,0.0,0.0
2025-10-22 00:00:00-04:00,4.369999885559082,4.545000076293945,4.360000133514404,4.519999980926514,2728200,0.0,0.0
2025-10-23 00:00:00-04:00,4.5,4.579999923706055,4.460000038146973,4.519999980926514,741400,0.0,0.0
2025-10-24 00:00:00-04:00,4.570000171661377,4.619999885559082,4.474999904632568,4.489999771118164,785600,0.0,0.0
2025-10-27 00:00:00-04:00,4.519999980926514,4.577000141143799,4.465000152587891,4.480000019073486,790400,0.0,0.0
2025-10-28 00:00:00-04:00,4.489999771118164,4.554999828338623,4.434999942779541,4.53000020980835,813600,0.0,0.0
2025-10-29 00:00:00-04:00,4.510000228881836,4.554999828338623,4.380000114440918,4.420000076293945,855500,0.0,0.0
2025-10-30 00:00:00-04:00,4.360000133514404,4.460000038146973,4.28000020980835,4.360000133514404,1086200,0.0,0.0
2025-10-31 00:00:00-04:00,4.400000095367432,4.505000114440918,4.380000114440918,4.489999771118164,1308100,0.0,0.0
2025-11-03 00:00:00-05:00,4.460000038146973,4.465000152587891,4.329999923706055,4.380000114440918,1088400,0.0,0.0
2025-11-04 00:00:00-05:00,4.309999942779541,4.400000095367432,4.204999923706055,4.25,1986800,0.0,0.0
2025-11-05 00:00:00-05:00,4.28000020980835,4.550000190734863,4.260000228881836,4.539999961853027,1957200,0.0,0.0
2025-11-06 00:00:00-05:00,4.480000019073486,4.53000020980835,4.300000190734863,4.320000171661377,1485400,0.0,0.0
2025-11-07 00:00:00-05:00,4.130000114440918,4.269999980926514,3.6500000953674316,3.9200000762939453,4608400,0.0,0.0
2025-11-10 00:00:00-05:00,3.990000009536743,4.079999923706055,3.9549999237060547,4.0,3628400,0.0,0.0
2025-11-11 00:00:00-05:00,4.010000228881836,4.210000038146973,4.0,4.090000152587891,3388800,0.0,0.0
2025-11-12 00:00:00-05:00,4.090000152587891,4.130000114440918,4.039999961853027,4.070000171661377,2113600,0.0,0.0
2025-11-13 00:00:00-05:00,4.039999961853027,4.059999942779541,3.9049999713897705,3.940000057220459,2402200,0.0,0.0
2025-11-14 00:00:00-05:00,3.9000000953674316,4.070000171661377,3.8949999809265137,4.010000228881836,2073500,0.0,0.0
2025-11-17 00:00:00-05:00,4.010000228881836,4.019999980926514,3.809999942779541,3.8299999237060547,2744400,0.0,0.0
2025-11-18 00:00:00-05:00,3.799999952316284,3.924999952316284,3.7699999809265137,3.859999895095825,1995400,0.0,0.0
2025-11-19 00:00:00-05:00,3.8499999046325684,3.9179999828338623,3.805000066757202,3.8299999237060547,1244300,0.0,0.0
2025-11-20 00:00:00-05:00,3.9000000953674316,3.9200000762939453,3.7149999141693115,3.7899999618530273,1345900,0.0,0.0
2025-11-21 00:00:00-05:00,3.799999952316284,3.875,3.740000009536743,3.809999942779541,1532600,0.0,0.0
2025-11-24 00:00:00-05:00,3.809999942779541,3.9000000953674316,3.7780001163482666,3.8399999141693115,1560300,0.0,0.0
2025-11-25 00:00:00-05:00,3.8499999046325684,3.9200000762939453,3.819999933242798,3.9000000953674316,1468600,0.0,0.0
2025-11-26 00:00:00-05:00,3.9000000953674316,4.119999885559082,3.880000114440918,4.099999904632568,1244600,0.0,0.0
2025-11-28 00:00:00-05:00,4.059999942779541,4.175000190734863,4.059999942779541,4.150000095367432,753700,0.0,0.0
2025-12-01 00:00:00-05:00,4.070000171661377,4.190000057220459,4.046999931335449,4.150000095367432,1417900,0.0,0.0
2025-12-02 00:00:00-05:00,4.159999847412109,4.215000152587891,4.144999980926514,4.159999847412109,1166000,0.0,0.0
2025-12-03 00:00:00-05:00,4.199999809265137,4.230000019073486,4.119999885559082,4.130000114440918,663400,0.0,0.0
2025-12-04 00:00:00-05:00,4.130000114440918,4.144999980926514,3.990000009536743,4.0,1216100,0.0,0.0
2025-12-05 00:00:00-05:00,4.019999980926514,4.079999923706055,3.8499999046325684,3.890000104904175,1739800,0.0,0.0
2025-12-08 00:00:00-05:00,3.9200000762939453,3.9700000286102295,3.875,3.9600000381469727,742600,0.0,0.0
2025-12-09 00:00:00-05:00,3.9200000762939453,3.9600000381469727,3.880000114440918,3.890000104904175,828500,0.0,0.0
2025-12-10 00:00:00-05:00,3.9000000953674316,3.940000057220459,3.8299999237060547,3.880000114440918,729200,0.0,0.0
2025-12-11 00:00:00-05:00,3.9000000953674316,3.9600000381469727,3.869999885559082,3.880000114440918,828300,0.0,0.0
2025-12-12 00:00:00-05:00,3.890000104904175,3.9100000858306885,3.819999933242798,3.8299999237060547,477200,0.0,0.0
2025-12-15 00:00:00-05:00,3.8399999141693115,3.859999895095825,3.755000114440918,3.7699999809265137,733900,0.0,0.0
2025-12-16 00:00:00-05:00,3.75,3.8299999237060547,3.734999895095825,3.819999933242798,723200,0.0,0.0
2025-12-17 00:00:00-05:00,3.7799999713897705,3.8499999046325684,3.7100000381469727,3.7200000286102295,772100,0.0,0.0
2025-12-18 00:00:00-05:00,3.7799999713897705,3.819999933242798,3.700000047683716,3.7200000286102295,742700,0.0,0.0
2025-12-19 00:00:00-05:00,3.759999990463257,3.7899999618530273,3.740000009536743,3.7799999713897705,1064100,0.0,0.0
2025-12-22 00:00:00-05:00,3.759999990463257,3.825000047683716,3.7339999675750732,3.75,432800,0.0,0.0
2025-12-23 00:00:00-05:00,3.7300000190734863,3.765000104904175,3.690000057220459,3.7200000286102295,559900,0.0,0.0
2025-12-24 00:00:00-05:00,3.7300000190734863,3.759999990463257,3.7100000381469727,3.7300000190734863,311400,0.0,0.0
2025-12-26 00:00:00-05:00,3.740000009536743,3.7699999809265137,3.700000047683716,3.7100000381469727,435400,0.0,0.0
2025-12-29 00:00:00-05:00,3.690000057220459,3.755000114440918,3.6600000858306885,3.7200000286102295,885500,0.0,0.0
2025-12-30 00:00:00-05:00,3.700000047683716,3.8380000591278076,3.700000047683716,3.7799999713897705,888600,0.0,0.0
2025-12-31 00:00:00-05:00,3.7699999809265137,3.7750000953674316,3.7200000286102295,3.759999990463257,462600,0.0,0.0
2026-01-02 00:00:00-05:00,3.7799999713897705,3.812000036239624,3.625,3.630000114440918,867100,0.0,0.0
2026-01-05 00:00:00-05:00,3.690000057220459,3.7669999599456787,3.680000066757202,3.690000057220459,879300,0.0,0.0
2026-01-06 00:00:00-05:00,3.680000066757202,3.7149999141693115,3.5399999618530273,3.5899999141693115,1032600,0.0,0.0
2026-01-07 00:00:00-05:00,3.549999952316284,3.6700000762939453,3.5250000953674316,3.640000104904175,1338600,0.0,0.0
2026-01-08 00:00:00-05:00,3.6500000953674316,3.680000066757202,3.5799999237060547,3.6700000762939453,610300,0.0,0.0
2026-01-09 00:00:00-05:00,3.6700000762939453,3.684999942779541,3.559999942779541,3.6600000858306885,1133700,0.0,0.0
2026-01-12 00:00:00-05:00,3.6500000953674316,3.690000057220459,3.5899999141693115,3.680000066757202,705700,0.0,0.0
2026-01-13 00:00:00-05:00,3.700000047683716,3.700000047683716,3.5199999809265137,3.6500000953674316,684100,0.0,0.0
2026-01-14 00:00:00-05:00,3.6700000762939453,3.6700000762939453,3.559999942779541,3.5999999046325684,473500,0.0,0.0
2026-01-15 00:00:00-05:00,3.430000066757202,3.5399999618530273,3.315000057220459,3.369999885559082,2624600,0.0,0.0
2026-01-16 00:00:00-05:00,3.359999895095825,3.380000114440918,3.2049999237060547,3.259999990463257,1620700,0.0,0.0
2026-01-20 00:00:00-05:00,3.1700000762939453,3.319999933242798,3.1700000762939453,3.25,1093700,0.0,0.0
2026-01-21 00:00:00-05:00,3.259999990463257,3.309999942779541,3.2100000381469727,3.2300000190734863,771900,0.0,0.0
2026-01-22 00:00:00-05:00,3.2799999713897705,3.3499999046325684,3.265000104904175,3.2699999809265137,1402300,0.0,0.0
2026-01-23 00:00:00-05:00,3.2799999713897705,3.4000000953674316,3.2799999713897705,3.359999895095825,1091600,0.0,0.0
2026-01-26 00:00:00-05:00,3.359999895095825,3.4100000858306885,3.3299999237060547,3.380000114440918,766700,0.0,0.0
2026-01-27 00:00:00-05:00,3.390000104904175,3.430000066757202,3.3499999046325684,3.380000114440918,588100,0.0,0.0
2026-01-28 00:00:00-05:00,3.390000104904175,3.440000057220459,3.390000104904175,3.4100000858306885,612100,0.0,0.0
2026-01-29 00:00:00-05:00,3.390000104904175,3.4000000953674316,3.2100000381469727,3.240000009536743,1186200,0.0,0.0
2026-01-30 00:00:00-05:00,3.2200000286102295,3.240000009536743,3.130000114440918,3.140000104904175,1225900,0.0,0.0
2026-02-02 00:00:00-05:00,3.1500000953674316,3.25,3.119999885559082,3.1600000858306885,744000,0.0,0.0
2026-02-03 00:00:00-05:00,3.1600000858306885,3.1700000762939453,3.049999952316284,3.0999999046325684,1329300,0.0,0.0
2026-02-04 00:00:00-05:00,3.0899999141693115,3.109999895095825,2.990000009536743,3.069999933242798,2013400,0.0,0.0
2026-02-05 00:00:00-05:00,3.049999952316284,3.119999885559082,2.994999885559082,3.049999952316284,1166100,0.0,0.0
2026-02-06 00:00:00-05:00,3.0899999141693115,3.1700000762939453,3.005000114440918,3.140000104904175,810300,0.0,0.0
2026-02-09 00:00:00-05:00,3.130000114440918,3.299999952316284,3.130000114440918,3.25,869800,0.0,0.0
2026-02-10 00:00:00-05:00,3.259999990463257,3.319999933242798,3.244999885559082,3.259999990463257,901400,0.0,0.0
2026-02-11 00:00:00-05:00,3.2699999809265137,3.4000000953674316,3.1600000858306885,3.2300000190734863,1270700,0.0,0.0
2026-02-12 00:00:00-05:00,3.2200000286102295,3.2249999046325684,3.0199999809265137,3.0999999046325684,1020700,0.0,0.0
2026-02-13 00:00:00-05:00,3.0899999141693115,3.1700000762939453,3.049999952316284,3.1600000858306885,882400,0.0,0.0
2026-02-17 00:00:00-05:00,3.1600000858306885,3.1600000858306885,3.0299999713897705,3.0299999713897705,694000,0.0,0.0
2026-02-18 00:00:00-05:00,3.0299999713897705,3.069999933242798,2.9649999141693115,3.0299999713897705,831100,0.0,0.0
2026-02-19 00:00:00-05:00,3.0199999809265137,3.069999933242798,2.9700000286102295,3.0299999713897705,805100,0.0,0.0
2026-02-20 00:00:00-05:00,3.0,3.0950000286102295,3.0,3.0399999618530273,643700,0.0,0.0
2026-02-23 00:00:00-05:00,3.0,3.009999990463257,2.8410000801086426,2.869999885559082,709900,0.0,0.0
2026-02-24 00:00:00-05:00,2.859999895095825,3.0,2.859999895095825,2.9800000190734863,708700,0.0,0.0
2026-02-25 00:00:00-05:00,2.9700000286102295,3.005000114440918,2.9100000858306885,2.9600000381469727,775700,0.0,0.0
2026-02-26 00:00:00-05:00,2.9600000381469727,3.0999999046325684,2.9600000381469727,3.069999933242798,1071300,0.0,0.0
2026-02-27 00:00:00-05:00,3.4000000953674316,3.4600000381469727,3.1700000762939453,3.430000066757202,3049800,0.0,0.0
2026-03-02 00:00:00-05:00,3.3399999141693115,3.5999999046325684,3.2899999618530273,3.559999942779541,1614300,0.0,0.0
2026-03-03 00:00:00-05:00,3.440000057220459,3.5999999046325684,3.369999885559082,3.569999933242798,2158800,0.0,0.0
2026-03-04 00:00:00-05:00,3.5799999237060547,3.684999942779541,3.549999952316284,3.630000114440918,942300,0.0,0.0
2026-03-05 00:00:00-05:00,3.619999885559082,3.8399999141693115,3.619999885559082,3.819999933242798,1987100,0.0,0.0
2026-03-06 00:00:00-05:00,3.8299999237060547,3.950000047683716,3.799999952316284,3.9200000762939453,1589600,0.0,0.0
2026-03-09 00:00:00-04:00,3.859999895095825,4.03000020980835,3.813999891281128,4.0,2092600,0.0,0.0
2026-03-10 00:00:00-04:00,3.9800000190734863,4.059999942779541,3.890000104904175,4.050000190734863,1823300,0.0,0.0
2026-03-11 00:00:00-04:00,4.159999847412109,4.235000133514404,4.03000020980835,4.070000171661377,1969900,0.0,0.0
2026-03-12 00:00:00-04:00,4.070000171661377,4.079999923706055,3.8299999237060547,3.9600000381469727,1716200,0.0,0.0
2026-03-13 00:00:00-04:00,3.990000009536743,4.0320000648498535,3.759999990463257,3.7899999618530273,1321400,0.0,0.0
2026-03-16 00:00:00-04:00,3.8499999046325684,3.880000114440918,3.7699999809265137,3.8299999237060547,938700,0.0,0.0
2026-03-17 00:00:00-04:00,3.8299999237060547,4.090000152587891,3.8299999237060547,3.990000009536743,1663700,0.0,0.0
2026-03-18 00:00:00-04:00,3.9200000762939453,3.994999885559082,3.8499999046325684,3.8499999046325684,997600,0.0,0.0
2026-03-19 00:00:00-04:00,3.819999933242798,3.9000000953674316,3.7699999809265137,3.799999952316284,2171900,0.0,0.0
2026-03-20 00:00:00-04:00,3.7799999713897705,3.7799999713897705,3.6549999713897705,3.690000057220459,1561300,0.0,0.0
2026-03-23 00:00:00-04:00,3.740000009536743,3.930000066757202,3.7100000381469727,3.880000114440918,1242700,0.0,0.0
2026-03-24 00:00:00-04:00,3.819999933242798,3.9149999618530273,3.799999952316284,3.8499999046325684,1533900,0.0,0.0
2026-03-25 00:00:00-04:00,3.9100000858306885,4.085000038146973,3.859999895095825,3.9600000381469727,1607200,0.0,0.0
2026-03-26 00:00:00-04:00,3.9000000953674316,4.034999847412109,3.880000114440918,3.9700000286102295,1584400,0.0,0.0
2026-03-27 00:00:00-04:00,3.930000066757202,3.940000057220459,3.7899999618530273,3.8299999237060547,1220400,0.0,0.0
2026-03-30 00:00:00-04:00,3.8299999237060547,3.944999933242798,3.7950000762939453,3.9200000762939453,1003300,0.0,0.0
2026-03-31 00:00:00-04:00,3.9800000190734863,4.054999828338623,3.930000066757202,4.0,1268200,0.0,0.0
2026-04-01 00:00:00-04:00,4.039999961853027,4.099999904632568,3.9549999237060547,4.039999961853027,879900,0.0,0.0
2026-04-02 00:00:00-04:00,3.990000009536743,4.139999866485596,3.930000066757202,4.050000190734863,993200,0.0,0.0
2026-04-06 00:00:00-04:00,4.03000020980835,4.079999923706055,4.0,4.010000228881836,509700,0.0,0.0
2026-04-07 00:00:00-04:00,3.9700000286102295,4.019999980926514,3.940000057220459,3.9600000381469727,834100,0.0,0.0
2026-04-08 00:00:00-04:00,4.079999923706055,4.079999923706055,3.950000047683716,3.9700000286102295,727800,0.0,0.0
2026-04-09 00:00:00-04:00,3.9000000953674316,4.034999847412109,3.815000057220459,4.019999980926514,1207200,0.0,0.0
2026-04-10 00:00:00-04:00,4.039999961853027,4.059999942779541,3.9690001010894775,4.03000020980835,773900,0.0,0.0
2026-04-13 00:00:00-04:00,4.010000228881836,4.159999847412109,4.010000228881836,4.110000133514404,1039300,0.0,0.0
2026-04-14 00:00:00-04:00,4.139999866485596,4.210000038146973,3.9549999237060547,3.990000009536743,782500,0.0,0.0
2026-04-15 00:00:00-04:00,4.039999961853027,4.090000152587891,3.984999895095825,4.039999961853027,1290200,0.0,0.0
2026-04-16 00:00:00-04:00,4.099999904632568,4.184999942779541,4.079999923706055,4.110000133514404,858400,0.0,0.0
2026-04-17 00:00:00-04:00,4.150000095367432,4.260000228881836,4.119999885559082,4.210000038146973,1082500,0.0,0.0
2026-04-20 00:00:00-04:00,4.170000076293945,4.309999942779541,4.119999885559082,4.239999771118164,1742300,0.0,0.0
2026-04-21 00:00:00-04:00,4.21999979019165,4.46999979019165,4.21999979019165,4.349999904632568,1431100,0.0,0.0
2026-04-22 00:00:00-04:00,4.369999885559082,4.377999782562256,4.164999961853027,4.25,1543600,0.0,0.0
2026-04-23 00:00:00-04:00,4.190000057220459,4.199999809265137,3.880000114440918,3.9100000858306885,1171800,0.0,0.0
2026-04-24 00:00:00-04:00,3.869999885559082,4.034999847412109,3.819999933242798,4.03000020980835,824900,0.0,0.0
2026-04-27 00:00:00-04:00,4.0,4.135000228881836,3.9600000381469727,4.03000020980835,1362900,0.0,0.0
2026-04-28 00:00:00-04:00,4.059999942779541,4.119999885559082,3.9700000286102295,3.990000009536743,613800,0.0,0.0
2026-04-29 00:00:00-04:00,3.9600000381469727,4.010000228881836,3.744999885559082,3.8499999046325684,1026100,0.0,0.0
2026-04-30 00:00:00-04:00,3.809999942779541,3.8299999237060547,3.630000114440918,3.759999990463257,2572600,0.0,0.0
2026-05-01 00:00:00-04:00,3.7799999713897705,3.930000066757202,3.7799999713897705,3.9200000762939453,1079200,0.0,0.0
2026-05-04 00:00:00-04:00,3.9000000953674316,3.9800000190734863,3.7699999809265137,3.809999942779541,1113300,0.0,0.0
2026-05-05 00:00:00-04:00,3.869999885559082,3.940000057220459,3.759999990463257,3.8399999141693115,1827900,0.0,0.0
2026-05-06 00:00:00-04:00,3.859999895095825,3.9100000858306885,3.740000009536743,3.8499999046325684,1289900,0.0,0.0
2026-05-07 00:00:00-04:00,3.9200000762939453,4.204999923706055,3.9200000762939453,3.9700000286102295,1842700,0.0,0.0
2026-05-08 00:00:00-04:00,3.990000009536743,4.170000076293945,3.7149999141693115,3.740000009536743,1581700,0.0,0.0
2026-05-11 00:00:00-04:00,3.759999990463257,3.7950000762939453,3.440000057220459,3.4700000286102295,1951800,0.0,0.0
2026-05-12 00:00:00-04:00,3.5,3.619999885559082,3.4700000286102295,3.569999933242798,1594000,0.0,0.0
2026-05-13 00:00:00-04:00,3.5299999713897705,3.555000066757202,3.4049999713897705,3.4200000762939453,1222200,0.0,0.0
2026-05-14 00:00:00-04:00,3.450000047683716,3.5,3.384999990463257,3.450000047683716,985600,0.0,0.0
2026-05-15 00:00:00-04:00,3.4600000381469727,3.549999952316284,3.4100000858306885,3.549999952316284,981400,0.0,0.0
2026-05-18 00:00:00-04:00,3.5,3.565000057220459,3.4200000762939453,3.5,2308500,0.0,0.0
2026-05-19 00:00:00-04:00,3.5399999618530273,3.634999990463257,3.5,3.5299999713897705,1199600,0.0,0.0
2026-05-20 00:00:00-04:00,3.440000057220459,3.640000104904175,3.440000057220459,3.609999895095825,946300,0.0,0.0
2026-05-21 00:00:00-04:00,3.5799999237060547,3.744999885559082,3.515000104904175,3.7300000190734863,933300,0.0,0.0
2026-05-22 00:00:00-04:00,3.7300000190734863,3.7799999713897705,3.5299999713897705,3.5799999237060547,1366200,0.0,0.0
2026-05-26 00:00:00-04:00,3.5299999713897705,3.5999999046325684,3.450000047683716,3.5799999237060547,1899251,0.0,0.0
