Date,Open,High,Low,Close,Volume,Dividends,Stock Splits
2022-01-03 00:00:00-05:00,35.90999984741211,36.70500183105469,34.56999969482422,34.869998931884766,583600,0.0,0.0
2022-01-04 00:00:00-05:00,35.290000915527344,35.810001373291016,34.27000045776367,34.849998474121094,589000,0.0,0.0
2022-01-05 00:00:00-05:00,34.7599983215332,35.06999969482422,29.575000762939453,30.229999542236328,1343800,0.0,0.0
2022-01-06 00:00:00-05:00,30.170000076293945,30.43000030517578,27.649999618530273,28.059999465942383,2183700,0.0,0.0
2022-01-07 00:00:00-05:00,28.459999084472656,28.670000076293945,27.200000762939453,27.399999618530273,1057100,0.0,0.0
2022-01-10 00:00:00-05:00,27.280000686645508,27.280000686645508,25.059999465942383,26.049999237060547,990600,0.0,0.0
2022-01-11 00:00:00-05:00,26.059999465942383,27.597000122070312,25.59000015258789,26.920000076293945,976400,0.0,0.0
2022-01-12 00:00:00-05:00,27.31999969482422,27.549999237060547,25.389999389648438,25.81999969482422,577600,0.0,0.0
2022-01-13 00:00:00-05:00,27.0,27.469999313354492,24.520000457763672,24.600000381469727,740600,0.0,0.0
2022-01-14 00:00:00-05:00,24.18000030517578,24.729999542236328,22.1299991607666,24.200000762939453,1200800,0.0,0.0
2022-01-18 00:00:00-05:00,23.510000228881836,24.514999389648438,22.889999389648438,23.489999771118164,1077800,0.0,0.0
2022-01-19 00:00:00-05:00,24.15999984741211,24.739999771118164,21.81999969482422,21.93000030517578,775300,0.0,0.0
2022-01-20 00:00:00-05:00,22.6200008392334,23.625,21.270000457763672,21.3700008392334,847700,0.0,0.0
2022-01-21 00:00:00-05:00,20.809999465942383,21.354999542236328,19.459999084472656,20.1299991607666,1440800,0.0,0.0
2022-01-24 00:00:00-05:00,19.34000015258789,20.75,18.424999237060547,20.65999984741211,1424500,0.0,0.0
2022-01-25 00:00:00-05:00,20.139999389648438,21.049999237060547,19.700000762939453,20.790000915527344,1230300,0.0,0.0
2022-01-26 00:00:00-05:00,21.139999389648438,21.84000015258789,19.75,19.959999084472656,1044400,0.0,0.0
2022-01-27 00:00:00-05:00,20.280000686645508,21.0049991607666,17.5,17.559999465942383,1210700,0.0,0.0
2022-01-28 00:00:00-05:00,17.40999984741211,17.40999984741211,15.579999923706055,17.030000686645508,1614300,0.0,0.0
2022-01-31 00:00:00-05:00,17.040000915527344,19.059999465942383,17.040000915527344,18.700000762939453,2322600,0.0,0.0
2022-02-01 00:00:00-05:00,18.8799991607666,19.639999389648438,18.459999084472656,19.15999984741211,1421200,0.0,0.0
2022-02-02 00:00:00-05:00,19.549999237060547,19.979999542236328,17.655000686645508,17.850000381469727,1537800,0.0,0.0
2022-02-03 00:00:00-05:00,17.690000534057617,17.690000534057617,15.350000381469727,15.609999656677246,1644800,0.0,0.0
2022-02-04 00:00:00-05:00,15.40999984741211,16.170000076293945,15.229999542236328,15.470000267028809,1634100,0.0,0.0
2022-02-07 00:00:00-05:00,15.5,16.56999969482422,15.430000305175781,15.970000267028809,1708700,0.0,0.0
2022-02-08 00:00:00-05:00,15.970000267028809,16.6299991607666,15.359999656677246,15.609999656677246,895000,0.0,0.0
2022-02-09 00:00:00-05:00,16.40999984741211,17.65999984741211,16.40999984741211,16.670000076293945,2151100,0.0,0.0
2022-02-10 00:00:00-05:00,15.5,16.649999618530273,13.440999984741211,15.210000038146973,2640500,0.0,0.0
2022-02-11 00:00:00-05:00,14.640000343322754,16.0,12.819999694824219,13.34000015258789,3030800,0.0,0.0
2022-02-14 00:00:00-05:00,13.170000076293945,13.170000076293945,12.399999618530273,12.739999771118164,1928400,0.0,0.0
2022-02-15 00:00:00-05:00,13.289999961853027,14.109999656677246,12.859999656677246,13.470000267028809,2297000,0.0,0.0
2022-02-16 00:00:00-05:00,13.75,13.9399995803833,13.220000267028809,13.59000015258789,1468700,0.0,0.0
2022-02-17 00:00:00-05:00,14.069999694824219,14.640000343322754,12.819999694824219,13.079999923706055,1182600,0.0,0.0
2022-02-18 00:00:00-05:00,13.210000038146973,13.289999961853027,11.949999809265137,12.15999984741211,1345000,0.0,0.0
2022-02-22 00:00:00-05:00,11.989999771118164,12.390000343322754,11.069999694824219,11.180000305175781,1541900,0.0,0.0
2022-02-23 00:00:00-05:00,11.65999984741211,11.680000305175781,10.744999885559082,10.829999923706055,1346600,0.0,0.0
2022-02-24 00:00:00-05:00,10.34000015258789,12.520000457763672,10.239999771118164,12.479999542236328,2805500,0.0,0.0
2022-02-25 00:00:00-05:00,12.5,12.789999961853027,11.449999809265137,12.069999694824219,2727300,0.0,0.0
2022-02-28 00:00:00-05:00,12.359999656677246,13.5600004196167,12.279999732971191,13.529999732971191,1939400,0.0,0.0
2022-03-01 00:00:00-05:00,13.529999732971191,13.819999694824219,12.0600004196167,12.180000305175781,1436500,0.0,0.0
2022-03-02 00:00:00-05:00,12.15999984741211,12.477999687194824,11.109999656677246,11.739999771118164,1938800,0.0,0.0
2022-03-03 00:00:00-05:00,11.729999542236328,11.84000015258789,10.699999809265137,10.770000457763672,980700,0.0,0.0
2022-03-04 00:00:00-05:00,10.789999961853027,11.029999732971191,9.930000305175781,10.039999961853027,949400,0.0,0.0
2022-03-07 00:00:00-05:00,10.1899995803833,10.65999984741211,9.819999694824219,9.850000381469727,1687700,0.0,0.0
2022-03-08 00:00:00-05:00,10.149999618530273,11.6899995803833,9.899999618530273,11.300000190734863,1925200,0.0,0.0
2022-03-09 00:00:00-05:00,11.5,12.739999771118164,11.5,11.930000305175781,2287300,0.0,0.0
2022-03-10 00:00:00-05:00,11.930000305175781,12.329999923706055,11.380000114440918,12.180000305175781,1120600,0.0,0.0
2022-03-11 00:00:00-05:00,12.34000015258789,12.960000038146973,10.84000015258789,10.880000114440918,899400,0.0,0.0
2022-03-14 00:00:00-04:00,10.760000228881836,11.109999656677246,10.079999923706055,10.260000228881836,1270200,0.0,0.0
2022-03-15 00:00:00-04:00,10.260000228881836,11.40999984741211,10.149999618530273,11.329999923706055,1758800,0.0,0.0
2022-03-16 00:00:00-04:00,11.600000381469727,12.819999694824219,11.5600004196167,12.550000190734863,1301600,0.0,0.0
2022-03-17 00:00:00-04:00,12.390000343322754,14.09000015258789,12.140000343322754,13.59000015258789,1213100,0.0,0.0
2022-03-18 00:00:00-04:00,13.350000381469727,14.229999542236328,13.180000305175781,14.170000076293945,2666900,0.0,0.0
2022-03-21 00:00:00-04:00,14.069999694824219,14.720000267028809,13.770000457763672,14.170000076293945,1794900,0.0,0.0
2022-03-22 00:00:00-04:00,14.199999809265137,14.760000228881836,14.010000228881836,14.239999771118164,883100,0.0,0.0
2022-03-23 00:00:00-04:00,13.890000343322754,13.9399995803833,13.079999923706055,13.579999923706055,902200,0.0,0.0
2022-03-24 00:00:00-04:00,13.90999984741211,15.020000457763672,13.0,13.819999694824219,1610800,0.0,0.0
2022-03-25 00:00:00-04:00,13.949999809265137,14.277000427246094,12.670000076293945,13.130000114440918,1218200,0.0,0.0
2022-03-28 00:00:00-04:00,13.170000076293945,13.600000381469727,12.520000457763672,13.050000190734863,813300,0.0,0.0
2022-03-29 00:00:00-04:00,13.289999961853027,14.100000381469727,13.239999771118164,13.90999984741211,1098400,0.0,0.0
2022-03-30 00:00:00-04:00,13.770000457763672,14.418999671936035,13.270000457763672,13.34000015258789,1894800,0.0,0.0
2022-03-31 00:00:00-04:00,13.289999961853027,13.670000076293945,12.770000457763672,13.109999656677246,931700,0.0,0.0
2022-04-01 00:00:00-04:00,13.359999656677246,13.989999771118164,13.170000076293945,13.619999885559082,947200,0.0,0.0
2022-04-04 00:00:00-04:00,13.789999961853027,14.489999771118164,13.680000305175781,14.4399995803833,2132500,0.0,0.0
2022-04-05 00:00:00-04:00,14.569999694824219,15.170000076293945,13.0600004196167,13.140000343322754,2903600,0.0,0.0
2022-04-06 00:00:00-04:00,12.770000457763672,12.84000015258789,11.800000190734863,12.140000343322754,2025600,0.0,0.0
2022-04-07 00:00:00-04:00,11.989999771118164,12.34000015258789,11.579999923706055,12.149999618530273,1220100,0.0,0.0
2022-04-08 00:00:00-04:00,12.039999961853027,12.260000228881836,11.489999771118164,11.539999961853027,2195700,0.0,0.0
2022-04-11 00:00:00-04:00,11.15999984741211,11.220000267028809,10.380000114440918,10.59000015258789,3573000,0.0,0.0
2022-04-12 00:00:00-04:00,10.949999809265137,11.15999984741211,10.029999732971191,10.239999771118164,2005200,0.0,0.0
2022-04-13 00:00:00-04:00,10.229999542236328,10.699999809265137,9.720000267028809,10.670000076293945,1972900,0.0,0.0
2022-04-14 00:00:00-04:00,10.670000076293945,11.020000457763672,10.039999961853027,10.069999694824219,1457000,0.0,0.0
2022-04-18 00:00:00-04:00,10.079999923706055,10.130000114440918,9.649999618530273,10.09000015258789,1013500,0.0,0.0
2022-04-19 00:00:00-04:00,10.010000228881836,10.970000267028809,10.0,10.800000190734863,1155300,0.0,0.0
2022-04-20 00:00:00-04:00,10.920000076293945,10.9399995803833,10.085000038146973,10.109999656677246,1073000,0.0,0.0
2022-04-21 00:00:00-04:00,10.239999771118164,10.383000373840332,9.170000076293945,9.380000114440918,1586600,0.0,0.0
2022-04-22 00:00:00-04:00,9.34000015258789,9.675000190734863,9.109999656677246,9.390000343322754,1111000,0.0,0.0
2022-04-25 00:00:00-04:00,9.100000381469727,9.60200023651123,8.949999809265137,9.479999542236328,1281000,0.0,0.0
2022-04-26 00:00:00-04:00,9.479999542236328,9.65999984741211,8.819999694824219,8.869999885559082,1543300,0.0,0.0
2022-04-27 00:00:00-04:00,8.920000076293945,9.3100004196167,8.84000015258789,9.100000381469727,1440200,0.0,0.0
2022-04-28 00:00:00-04:00,9.3100004196167,9.579999923706055,8.59000015258789,9.449999809265137,2516500,0.0,0.0
2022-04-29 00:00:00-04:00,9.420000076293945,9.970000267028809,9.170000076293945,9.170000076293945,934200,0.0,0.0
2022-05-02 00:00:00-04:00,9.260000228881836,9.489999771118164,8.8100004196167,9.359999656677246,923600,0.0,0.0
2022-05-03 00:00:00-04:00,9.319999694824219,10.0600004196167,9.199999809265137,9.729999542236328,1064100,0.0,0.0
2022-05-04 00:00:00-04:00,10.0600004196167,10.914999961853027,9.770000457763672,10.859999656677246,1452200,0.0,0.0
2022-05-05 00:00:00-04:00,10.84000015258789,10.89900016784668,9.850000381469727,10.079999923706055,1098900,0.0,0.0
2022-05-06 00:00:00-04:00,10.050000190734863,10.517000198364258,9.510000228881836,10.390000343322754,1180000,0.0,0.0
2022-05-09 00:00:00-04:00,9.979999542236328,10.199999809265137,8.880000114440918,8.949999809265137,1427300,0.0,0.0
2022-05-10 00:00:00-04:00,9.25,9.614999771118164,7.770999908447266,8.239999771118164,1886200,0.0,0.0
2022-05-11 00:00:00-04:00,8.15999984741211,8.15999984741211,7.050000190734863,7.090000152587891,1811300,0.0,0.0
2022-05-12 00:00:00-04:00,7.099999904632568,7.199999809265137,4.960000038146973,6.309999942779541,6999700,0.0,0.0
2022-05-13 00:00:00-04:00,6.550000190734863,7.519999980926514,6.389999866485596,7.300000190734863,3318100,0.0,0.0
2022-05-16 00:00:00-04:00,7.21999979019165,7.849999904632568,7.050000190734863,7.659999847412109,1815900,0.0,0.0
2022-05-17 00:00:00-04:00,8.020000457763672,8.729999542236328,7.949999809265137,8.619999885559082,1328200,0.0,0.0
2022-05-18 00:00:00-04:00,8.220000267028809,8.920000076293945,8.029999732971191,8.100000381469727,1250500,0.0,0.0
2022-05-19 00:00:00-04:00,8.119999885559082,9.3100004196167,8.119999885559082,9.119999885559082,1671000,0.0,0.0
2022-05-20 00:00:00-04:00,9.680000305175781,9.680000305175781,8.4399995803833,8.949999809265137,1837600,0.0,0.0
2022-05-23 00:00:00-04:00,9.050000190734863,9.300000190734863,8.470000267028809,9.289999961853027,915500,0.0,0.0
2022-05-24 00:00:00-04:00,9.020000457763672,9.100000381469727,8.479999542236328,8.5600004196167,1000900,0.0,0.0
2022-05-25 00:00:00-04:00,8.460000038146973,9.545000076293945,8.430000305175781,9.460000038146973,889600,0.0,0.0
2022-05-26 00:00:00-04:00,9.470000267028809,9.880000114440918,9.300000190734863,9.359999656677246,1058200,0.0,0.0
2022-05-27 00:00:00-04:00,9.489999771118164,10.0,9.479999542236328,9.989999771118164,829300,0.0,0.0
2022-05-31 00:00:00-04:00,10.140000343322754,10.359999656677246,9.600000381469727,9.800000190734863,1094000,0.0,0.0
2022-06-01 00:00:00-04:00,9.829999923706055,10.479999542236328,9.699999809265137,9.75,974000,0.0,0.0
2022-06-02 00:00:00-04:00,9.760000228881836,10.329999923706055,9.75,10.199999809265137,1054000,0.0,0.0
2022-06-03 00:00:00-04:00,10.119999885559082,10.819999694824219,10.050000190734863,10.800000190734863,888900,0.0,0.0
2022-06-06 00:00:00-04:00,11.779999732971191,12.65999984741211,11.329999923706055,11.470000267028809,1676700,0.0,0.0
2022-06-07 00:00:00-04:00,11.130000114440918,11.489999771118164,9.819999694824219,10.399999618530273,2976300,0.0,0.0
2022-06-08 00:00:00-04:00,10.609999656677246,10.949999809265137,10.135000228881836,10.399999618530273,1348300,0.0,0.0
2022-06-09 00:00:00-04:00,10.329999923706055,10.586000442504883,9.670000076293945,9.699999809265137,939500,0.0,0.0
2022-06-10 00:00:00-04:00,9.350000381469727,9.725000381469727,9.15999984741211,9.34000015258789,743900,0.0,0.0
2022-06-13 00:00:00-04:00,8.800000190734863,9.020000457763672,8.470000267028809,8.779999732971191,1063700,0.0,0.0
2022-06-14 00:00:00-04:00,8.800000190734863,9.199999809265137,8.40999984741211,8.539999961853027,1007700,0.0,0.0
2022-06-15 00:00:00-04:00,8.619999885559082,9.52299976348877,8.550000190734863,9.319999694824219,1029800,0.0,0.0
2022-06-16 00:00:00-04:00,8.9399995803833,9.079999923706055,8.119999885559082,8.369999885559082,1337100,0.0,0.0
2022-06-17 00:00:00-04:00,8.479999542236328,9.520000457763672,8.479999542236328,9.260000228881836,1276700,0.0,0.0
2022-06-21 00:00:00-04:00,9.529999732971191,10.279999732971191,9.510000228881836,9.779999732971191,1235900,0.0,0.0
2022-06-22 00:00:00-04:00,9.399999618530273,9.890000343322754,9.369999885559082,9.600000381469727,767300,0.0,0.0
2022-06-23 00:00:00-04:00,9.760000228881836,10.199999809265137,9.524999618530273,9.949999809265137,789700,0.0,0.0
2022-06-24 00:00:00-04:00,10.020000457763672,10.46500015258789,9.15999984741211,9.1899995803833,4877000,0.0,0.0
2022-06-27 00:00:00-04:00,9.34000015258789,9.420000076293945,8.819999694824219,9.170000076293945,1557400,0.0,0.0
2022-06-28 00:00:00-04:00,9.3100004196167,9.800000190734863,9.180000305175781,9.380000114440918,1054400,0.0,0.0
2022-06-29 00:00:00-04:00,9.539999961853027,9.539999961853027,8.71500015258789,8.890000343322754,1512500,0.0,0.0
2022-06-30 00:00:00-04:00,8.600000381469727,9.65999984741211,8.550000190734863,9.479999542236328,1221500,0.0,0.0
2022-07-01 00:00:00-04:00,9.449999809265137,9.640000343322754,8.899999618530273,9.0,797100,0.0,0.0
2022-07-05 00:00:00-04:00,8.9399995803833,9.210000038146973,8.109999656677246,9.199999809265137,1690500,0.0,0.0
2022-07-06 00:00:00-04:00,9.199999809265137,9.520000457763672,8.930000305175781,9.289999961853027,2102400,0.0,0.0
2022-07-07 00:00:00-04:00,9.369999885559082,10.300000190734863,9.369999885559082,10.260000228881836,1106200,0.0,0.0
2022-07-08 00:00:00-04:00,10.09000015258789,11.239999771118164,9.949999809265137,11.1899995803833,1171600,0.0,0.0
2022-07-11 00:00:00-04:00,11.010000228881836,11.1899995803833,10.243000030517578,10.369999885559082,915100,0.0,0.0
2022-07-12 00:00:00-04:00,10.369999885559082,10.619999885559082,9.96500015258789,10.119999885559082,598500,0.0,0.0
2022-07-13 00:00:00-04:00,9.9399995803833,10.329999923706055,9.600000381469727,9.850000381469727,613300,0.0,0.0
2022-07-14 00:00:00-04:00,9.550000190734863,9.819999694824219,9.279999732971191,9.770000457763672,601700,0.0,0.0
2022-07-15 00:00:00-04:00,9.390000343322754,9.40999984741211,8.649999618530273,9.25,1173200,0.0,0.0
2022-07-18 00:00:00-04:00,9.390000343322754,10.59000015258789,9.390000343322754,10.220000267028809,934200,0.0,0.0
2022-07-19 00:00:00-04:00,10.34000015258789,10.819999694824219,10.34000015258789,10.5600004196167,712800,0.0,0.0
2022-07-20 00:00:00-04:00,10.779999732971191,11.3100004196167,10.470999717712402,11.050000190734863,841300,0.0,0.0
2022-07-21 00:00:00-04:00,10.989999771118164,11.3100004196167,10.779999732971191,11.109999656677246,586100,0.0,0.0
2022-07-22 00:00:00-04:00,11.130000114440918,11.130000114440918,10.029999732971191,10.199999809265137,809500,0.0,0.0
2022-07-25 00:00:00-04:00,10.40999984741211,10.609999656677246,9.90999984741211,10.270000457763672,540700,0.0,0.0
2022-07-26 00:00:00-04:00,10.130000114440918,10.130000114440918,9.510000228881836,9.550000190734863,683500,0.0,0.0
2022-07-27 00:00:00-04:00,9.890000343322754,10.100000381469727,9.600000381469727,10.010000228881836,589800,0.0,0.0
2022-07-28 00:00:00-04:00,11.1899995803833,12.729999542236328,11.1899995803833,12.630000114440918,1822400,0.0,0.0
2022-07-29 00:00:00-04:00,13.0600004196167,14.119999885559082,12.630000114440918,13.739999771118164,1758700,0.0,0.0
2022-08-01 00:00:00-04:00,13.5,13.869999885559082,13.199999809265137,13.600000381469727,1120200,0.0,0.0
2022-08-02 00:00:00-04:00,13.270000457763672,14.140000343322754,13.199999809265137,13.84000015258789,1096300,0.0,0.0
2022-08-03 00:00:00-04:00,13.850000381469727,14.46500015258789,13.350000381469727,14.430000305175781,781600,0.0,0.0
2022-08-04 00:00:00-04:00,14.489999771118164,16.020000457763672,14.420000076293945,15.989999771118164,1009900,0.0,0.0
2022-08-05 00:00:00-04:00,15.880000114440918,16.93899917602539,15.460000038146973,16.579999923706055,1448100,0.0,0.0
2022-08-08 00:00:00-04:00,17.670000076293945,19.09000015258789,16.559999465942383,16.790000915527344,2504500,0.0,0.0
2022-08-09 00:00:00-04:00,16.059999465942383,17.540000915527344,15.520000457763672,15.890000343322754,2334000,0.0,0.0
2022-08-10 00:00:00-04:00,16.670000076293945,17.510000228881836,16.545000076293945,17.43000030517578,1151700,0.0,0.0
2022-08-11 00:00:00-04:00,17.940000534057617,18.459999084472656,16.540000915527344,16.760000228881836,1345000,0.0,0.0
2022-08-12 00:00:00-04:00,17.110000610351562,18.4950008392334,16.559999465942383,18.1200008392334,1268600,0.0,0.0
2022-08-15 00:00:00-04:00,17.950000762939453,18.899999618530273,17.579999923706055,17.860000610351562,1563500,0.0,0.0
2022-08-16 00:00:00-04:00,16.760000228881836,17.979999542236328,16.559999465942383,17.31999969482422,1877300,0.0,0.0
2022-08-17 00:00:00-04:00,17.260000228881836,17.985000610351562,16.510000228881836,17.209999084472656,1701600,0.0,0.0
2022-08-18 00:00:00-04:00,16.8700008392334,17.700000762939453,16.65999984741211,17.549999237060547,1437600,0.0,0.0
2022-08-19 00:00:00-04:00,16.790000915527344,17.0,15.8100004196167,16.399999618530273,1282400,0.0,0.0
2022-08-22 00:00:00-04:00,16.3700008392334,16.739999771118164,15.829999923706055,16.459999084472656,1412000,0.0,0.0
2022-08-23 00:00:00-04:00,16.649999618530273,17.700000762939453,16.604999542236328,17.5,1882100,0.0,0.0
2022-08-24 00:00:00-04:00,17.600000381469727,20.114999771118164,17.579999923706055,19.709999084472656,1570800,0.0,0.0
2022-08-25 00:00:00-04:00,20.229999542236328,20.739999771118164,19.700000762939453,20.649999618530273,1403100,0.0,0.0
2022-08-26 00:00:00-04:00,20.670000076293945,21.09000015258789,19.1299991607666,19.489999771118164,1267500,0.0,0.0
2022-08-29 00:00:00-04:00,18.65999984741211,20.059999465942383,18.65999984741211,19.18000030517578,951200,0.0,0.0
2022-08-30 00:00:00-04:00,19.450000762939453,20.045000076293945,18.559999465942383,18.809999465942383,630200,0.0,0.0
2022-08-31 00:00:00-04:00,18.899999618530273,20.104999542236328,18.530000686645508,19.950000762939453,1038100,0.0,0.0
2022-09-01 00:00:00-04:00,19.5,19.510000228881836,16.90999984741211,18.030000686645508,1426600,0.0,0.0
2022-09-02 00:00:00-04:00,18.5,18.809999465942383,17.420000076293945,18.09000015258789,1176800,0.0,0.0
2022-09-06 00:00:00-04:00,18.25,18.5,17.18000030517578,18.200000762939453,905900,0.0,0.0
2022-09-07 00:00:00-04:00,18.030000686645508,19.4950008392334,18.030000686645508,19.399999618530273,886900,0.0,0.0
2022-09-08 00:00:00-04:00,19.149999618530273,19.600000381469727,18.559999465942383,18.81999969482422,850300,0.0,0.0
2022-09-09 00:00:00-04:00,19.149999618530273,19.270000457763672,18.40999984741211,18.700000762939453,527800,0.0,0.0
2022-09-12 00:00:00-04:00,18.690000534057617,19.0,18.1299991607666,18.920000076293945,808800,0.0,0.0
2022-09-13 00:00:00-04:00,17.84000015258789,18.649999618530273,17.510000228881836,18.309999465942383,892100,0.0,0.0
2022-09-14 00:00:00-04:00,18.5,19.270000457763672,17.541000366210938,19.25,1205100,0.0,0.0
2022-09-15 00:00:00-04:00,19.200000762939453,20.15999984741211,18.8700008392334,19.170000076293945,1585300,0.0,0.0
2022-09-16 00:00:00-04:00,18.31999969482422,18.93000030517578,17.950000762939453,18.239999771118164,1064400,0.0,0.0
2022-09-19 00:00:00-04:00,18.0,18.959999084472656,17.760000228881836,18.579999923706055,823000,0.0,0.0
2022-09-20 00:00:00-04:00,18.579999923706055,18.75,17.31999969482422,17.360000610351562,972200,0.0,0.0
2022-09-21 00:00:00-04:00,17.59000015258789,18.360000610351562,17.280000686645508,17.549999237060547,897600,0.0,0.0
2022-09-22 00:00:00-04:00,17.719999313354492,17.719999313354492,15.265000343322754,15.5600004196167,1413400,0.0,0.0
2022-09-23 00:00:00-04:00,14.970000267028809,15.220000267028809,14.324999809265137,14.649999618530273,1887500,0.0,0.0
2022-09-26 00:00:00-04:00,14.569999694824219,15.390000343322754,14.170000076293945,14.380000114440918,759900,0.0,0.0
2022-09-27 00:00:00-04:00,14.829999923706055,14.979999542236328,14.079999923706055,14.449999809265137,985300,0.0,0.0
2022-09-28 00:00:00-04:00,14.479999542236328,15.130000114440918,14.15999984741211,14.850000381469727,677200,0.0,0.0
2022-09-29 00:00:00-04:00,14.680000305175781,14.680000305175781,13.800000190734863,14.300000190734863,1334800,0.0,0.0
2022-09-30 00:00:00-04:00,14.430000305175781,15.279999732971191,14.3100004196167,14.59000015258789,895600,0.0,0.0
2022-10-03 00:00:00-04:00,14.670000076293945,15.635000228881836,14.604999542236328,15.569999694824219,660100,0.0,0.0
2022-10-04 00:00:00-04:00,16.170000076293945,16.709999084472656,16.100000381469727,16.610000610351562,692700,0.0,0.0
2022-10-05 00:00:00-04:00,16.190000534057617,16.350000381469727,15.055000305175781,16.09000015258789,638800,0.0,0.0
2022-10-06 00:00:00-04:00,16.139999389648438,16.78700065612793,15.149999618530273,15.25,575200,0.0,0.0
2022-10-07 00:00:00-04:00,14.789999961853027,15.045000076293945,14.130000114440918,14.399999618530273,602300,0.0,0.0
2022-10-10 00:00:00-04:00,14.380000114440918,14.579999923706055,13.869999885559082,14.380000114440918,600500,0.0,0.0
2022-10-11 00:00:00-04:00,14.199999809265137,14.5600004196167,13.430000305175781,14.350000381469727,558800,0.0,0.0
2022-10-12 00:00:00-04:00,14.3100004196167,14.479999542236328,13.359999656677246,13.729999542236328,343800,0.0,0.0
2022-10-13 00:00:00-04:00,13.220000267028809,13.979999542236328,12.890000343322754,13.739999771118164,703300,0.0,0.0
2022-10-14 00:00:00-04:00,13.90999984741211,14.3100004196167,13.210000038146973,13.470000267028809,506300,0.0,0.0
2022-10-17 00:00:00-04:00,13.850000381469727,14.4399995803833,13.765000343322754,14.130000114440918,508000,0.0,0.0
2022-10-18 00:00:00-04:00,14.829999923706055,15.039999961853027,13.859999656677246,14.0600004196167,557800,0.0,0.0
2022-10-19 00:00:00-04:00,13.970000267028809,14.0600004196167,13.430000305175781,13.84000015258789,437700,0.0,0.0
2022-10-20 00:00:00-04:00,13.65999984741211,13.65999984741211,12.029999732971191,12.369999885559082,994300,0.0,0.0
2022-10-21 00:00:00-04:00,12.329999923706055,12.859999656677246,11.895000457763672,12.760000228881836,642700,0.0,0.0
2022-10-24 00:00:00-04:00,12.720000267028809,12.930000305175781,12.210000038146973,12.6899995803833,467800,0.0,0.0
2022-10-25 00:00:00-04:00,12.619999885559082,14.180000305175781,12.619999885559082,13.90999984741211,842400,0.0,0.0
2022-10-26 00:00:00-04:00,14.0,15.329999923706055,14.0,14.520000457763672,777100,0.0,0.0
2022-10-27 00:00:00-04:00,14.5600004196167,15.109999656677246,14.3100004196167,14.489999771118164,493000,0.0,0.0
2022-10-28 00:00:00-04:00,14.055000305175781,14.84000015258789,13.770000457763672,14.600000381469727,341300,0.0,0.0
2022-10-31 00:00:00-04:00,14.65999984741211,15.225000381469727,14.25,14.930000305175781,471200,0.0,0.0
2022-11-01 00:00:00-04:00,15.149999618530273,15.6899995803833,14.75,14.899999618530273,503900,0.0,0.0
2022-11-02 00:00:00-04:00,14.779999732971191,14.885000228881836,13.6899995803833,13.9399995803833,677300,0.0,0.0
2022-11-03 00:00:00-04:00,13.829999923706055,14.930000305175781,13.829999923706055,14.239999771118164,538700,0.0,0.0
2022-11-04 00:00:00-04:00,14.930000305175781,14.930000305175781,13.279999732971191,13.720000267028809,596100,0.0,0.0
2022-11-07 00:00:00-05:00,13.84000015258789,14.069999694824219,12.600000381469727,12.9399995803833,796600,0.0,0.0
2022-11-08 00:00:00-05:00,13.0600004196167,13.760000228881836,12.9399995803833,13.489999771118164,467500,0.0,0.0
2022-11-09 00:00:00-05:00,13.300000190734863,13.989999771118164,13.1899995803833,13.350000381469727,429900,0.0,0.0
2022-11-10 00:00:00-05:00,14.350000381469727,16.260000228881836,14.210000038146973,15.550000190734863,1191800,0.0,0.0
2022-11-11 00:00:00-05:00,15.84000015258789,16.125,15.020000457763672,15.029999732971191,679100,0.0,0.0
2022-11-14 00:00:00-05:00,14.949999809265137,15.65999984741211,14.3100004196167,15.460000038146973,638700,0.0,0.0
2022-11-15 00:00:00-05:00,16.030000686645508,16.75,15.930000305175781,16.450000762939453,909400,0.0,0.0
2022-11-16 00:00:00-05:00,16.309999465942383,16.5,15.4399995803833,16.1299991607666,565900,0.0,0.0
2022-11-17 00:00:00-05:00,15.460000038146973,16.190000534057617,14.90999984741211,16.020000457763672,364700,0.0,0.0
2022-11-18 00:00:00-05:00,16.489999771118164,16.6200008392334,15.25,15.6899995803833,566200,0.0,0.0
2022-11-21 00:00:00-05:00,15.380000114440918,15.5,14.399999618530273,14.75,566300,0.0,0.0
2022-11-22 00:00:00-05:00,14.800000190734863,15.050000190734863,14.447999954223633,15.010000228881836,474700,0.0,0.0
2022-11-23 00:00:00-05:00,15.25,17.420000076293945,15.140000343322754,17.290000915527344,899400,0.0,0.0
2022-11-25 00:00:00-05:00,17.260000228881836,18.760000228881836,17.260000228881836,18.559999465942383,501500,0.0,0.0
2022-11-28 00:00:00-05:00,18.219999313354492,18.3700008392334,16.030000686645508,16.43000030517578,921500,0.0,0.0
2022-11-29 00:00:00-05:00,16.350000381469727,17.700000762939453,16.020000457763672,16.290000915527344,814500,0.0,0.0
2022-11-30 00:00:00-05:00,16.510000228881836,17.84000015258789,16.219999313354492,17.18000030517578,1358800,0.0,0.0
2022-12-01 00:00:00-05:00,17.31999969482422,17.389999389648438,15.430000305175781,15.880000114440918,1082000,0.0,0.0
2022-12-02 00:00:00-05:00,15.699999809265137,17.187999725341797,15.5,16.920000076293945,897800,0.0,0.0
2022-12-05 00:00:00-05:00,16.950000762939453,17.06999969482422,16.06999969482422,16.09000015258789,775900,0.0,0.0
2022-12-06 00:00:00-05:00,16.09000015258789,16.190000534057617,14.020000457763672,14.550000190734863,1189200,0.0,0.0
2022-12-07 00:00:00-05:00,14.399999618530273,15.765000343322754,14.329999923706055,14.989999771118164,677400,0.0,0.0
2022-12-08 00:00:00-05:00,15.09000015258789,16.315000534057617,14.90999984741211,15.300000190734863,819800,0.0,0.0
2022-12-09 00:00:00-05:00,15.140000343322754,16.25,15.140000343322754,15.899999618530273,644500,0.0,0.0
2022-12-12 00:00:00-05:00,16.079999923706055,17.649999618530273,16.059999465942383,17.200000762939453,1432200,0.0,0.0
2022-12-13 00:00:00-05:00,19.010000228881836,23.375,19.010000228881836,21.729999542236328,4754300,0.0,0.0
2022-12-14 00:00:00-05:00,21.889999389648438,22.65999984741211,21.450000762939453,22.100000381469727,2262600,0.0,0.0
2022-12-15 00:00:00-05:00,21.850000381469727,22.850000381469727,20.290000915527344,20.93000030517578,1786400,0.0,0.0
2022-12-16 00:00:00-05:00,20.610000610351562,21.09000015258789,19.309999465942383,19.93000030517578,2118600,0.0,0.0
2022-12-19 00:00:00-05:00,20.0,21.579999923706055,18.90999984741211,19.420000076293945,1631400,0.0,0.0
2022-12-20 00:00:00-05:00,19.040000915527344,20.899999618530273,18.5310001373291,19.6299991607666,1546300,0.0,0.0
2022-12-21 00:00:00-05:00,19.739999771118164,20.209999084472656,18.639999389648438,19.030000686645508,851300,0.0,0.0
2022-12-22 00:00:00-05:00,18.780000686645508,18.989999771118164,17.25,17.899999618530273,1103900,0.0,0.0
2022-12-23 00:00:00-05:00,18.0,18.049999237060547,16.8799991607666,17.06999969482422,789300,0.0,0.0
2022-12-27 00:00:00-05:00,17.06999969482422,17.204999923706055,15.710000038146973,15.739999771118164,1054400,0.0,0.0
2022-12-28 00:00:00-05:00,15.75,15.920000076293945,15.199999809265137,15.470000267028809,822500,0.0,0.0
2022-12-29 00:00:00-05:00,15.710000038146973,17.31999969482422,15.656000137329102,17.049999237060547,1524800,0.0,0.0
2022-12-30 00:00:00-05:00,16.700000762939453,17.200000762939453,16.399999618530273,17.149999618530273,679700,0.0,0.0
2023-01-03 00:00:00-05:00,17.719999313354492,18.190000534057617,16.204999923706055,16.209999084472656,855700,0.0,0.0
2023-01-04 00:00:00-05:00,16.489999771118164,17.094999313354492,16.020000457763672,16.260000228881836,670600,0.0,0.0
2023-01-05 00:00:00-05:00,16.06999969482422,16.2450008392334,15.850000381469727,15.899999618530273,924800,0.0,0.0
2023-01-06 00:00:00-05:00,16.100000381469727,16.559999465942383,15.550000190734863,16.43000030517578,581700,0.0,0.0
2023-01-09 00:00:00-05:00,16.860000610351562,19.239999771118164,16.860000610351562,18.420000076293945,1355800,0.0,0.0
2023-01-10 00:00:00-05:00,18.34000015258789,19.985000610351562,18.145000457763672,19.829999923706055,1336300,0.0,0.0
2023-01-11 00:00:00-05:00,19.889999389648438,21.399999618530273,19.889999389648438,21.350000381469727,1373500,0.0,0.0
2023-01-12 00:00:00-05:00,21.540000915527344,22.06999969482422,20.610000610351562,21.860000610351562,1219100,0.0,0.0
2023-01-13 00:00:00-05:00,21.43000030517578,22.729999542236328,21.200000762939453,22.079999923706055,1104500,0.0,0.0
2023-01-17 00:00:00-05:00,21.940000534057617,22.06999969482422,21.219999313354492,21.440000534057617,799700,0.0,0.0
2023-01-18 00:00:00-05:00,22.06999969482422,22.790000915527344,21.329999923706055,21.530000686645508,1034100,0.0,0.0
2023-01-19 00:00:00-05:00,20.81100082397461,21.190000534057617,19.770000457763672,20.899999618530273,1174600,0.0,0.0
2023-01-20 00:00:00-05:00,21.239999771118164,23.18000030517578,20.739999771118164,22.540000915527344,1503300,0.0,0.0
2023-01-23 00:00:00-05:00,22.770000457763672,24.93000030517578,22.6200008392334,24.90999984741211,1756500,0.0,0.0
2023-01-24 00:00:00-05:00,24.3799991607666,24.489999771118164,22.415000915527344,23.100000381469727,1908800,0.0,0.0
2023-01-25 00:00:00-05:00,21.850000381469727,22.399999618530273,20.100000381469727,22.260000228881836,1682200,0.0,0.0
2023-01-26 00:00:00-05:00,23.06999969482422,23.100000381469727,21.0,21.174999237060547,1036000,0.0,0.0
2023-01-27 00:00:00-05:00,21.010000228881836,23.25,20.538000106811523,22.760000228881836,1201100,0.0,0.0
2023-01-30 00:00:00-05:00,22.059999465942383,24.53499984741211,21.540000915527344,23.459999084472656,1907100,0.0,0.0
2023-01-31 00:00:00-05:00,23.709999084472656,24.309999465942383,22.959999084472656,24.139999389648438,937000,0.0,0.0
2023-02-01 00:00:00-05:00,24.139999389648438,24.829999923706055,23.530000686645508,24.3799991607666,1810600,0.0,0.0
2023-02-02 00:00:00-05:00,24.899999618530273,25.489999771118164,22.090999603271484,22.579999923706055,2012000,0.0,0.0
2023-02-03 00:00:00-05:00,21.950000762939453,22.940000534057617,21.190000534057617,21.690000534057617,1903900,0.0,0.0
2023-02-06 00:00:00-05:00,21.239999771118164,22.09000015258789,20.809999465942383,21.950000762939453,1084000,0.0,0.0
2023-02-07 00:00:00-05:00,21.969999313354492,22.5,21.354999542236328,22.31999969482422,981400,0.0,0.0
2023-02-08 00:00:00-05:00,22.40999984741211,23.649999618530273,22.049999237060547,22.100000381469727,1435200,0.0,0.0
2023-02-09 00:00:00-05:00,24.799999237060547,26.780000686645508,23.110000610351562,24.260000228881836,3740700,0.0,0.0
2023-02-10 00:00:00-05:00,23.413999557495117,23.649999618530273,21.510000228881836,21.959999084472656,1620700,0.0,0.0
2023-02-13 00:00:00-05:00,22.1299991607666,23.475000381469727,21.399999618530273,21.829999923706055,1320700,0.0,0.0
2023-02-14 00:00:00-05:00,21.56999969482422,22.360000610351562,20.049999237060547,22.219999313354492,1795500,0.0,0.0
2023-02-15 00:00:00-05:00,22.260000228881836,23.799999237060547,21.790000915527344,23.25,1099000,0.0,0.0
2023-02-16 00:00:00-05:00,22.479999542236328,22.614999771118164,21.280000686645508,21.3799991607666,931400,0.0,0.0
2023-02-17 00:00:00-05:00,21.0,21.100000381469727,20.049999237060547,20.3700008392334,1292100,0.0,0.0
2023-02-21 00:00:00-05:00,20.0,20.75,18.639999389648438,18.690000534057617,1475600,0.0,0.0
2023-02-22 00:00:00-05:00,18.670000076293945,19.25,18.440000534057617,19.15999984741211,728200,0.0,0.0
2023-02-23 00:00:00-05:00,19.739999771118164,19.950000762939453,18.96500015258789,19.3799991607666,664800,0.0,0.0
2023-02-24 00:00:00-05:00,18.579999923706055,19.010000228881836,18.365999221801758,18.739999771118164,680800,0.0,0.0
2023-02-27 00:00:00-05:00,19.06999969482422,19.309999465942383,18.389999389648438,19.149999618530273,755600,0.0,0.0
2023-02-28 00:00:00-05:00,19.020000457763672,19.18000030517578,18.5,18.670000076293945,554200,0.0,0.0
2023-03-01 00:00:00-05:00,19.200000762939453,19.489999771118164,18.729999542236328,19.399999618530273,854300,0.0,0.0
2023-03-02 00:00:00-05:00,19.06999969482422,19.389999389648438,18.420000076293945,19.200000762939453,760700,0.0,0.0
2023-03-03 00:00:00-05:00,19.209999084472656,20.969999313354492,18.5,20.59000015258789,1091900,0.0,0.0
2023-03-06 00:00:00-05:00,20.739999771118164,21.610000610351562,20.56999969482422,20.739999771118164,846500,0.0,0.0
2023-03-07 00:00:00-05:00,20.65999984741211,21.149999618530273,19.90999984741211,20.540000915527344,602700,0.0,0.0
2023-03-08 00:00:00-05:00,20.559999465942383,20.600000381469727,19.670000076293945,20.360000610351562,440100,0.0,0.0
2023-03-09 00:00:00-05:00,20.489999771118164,21.1200008392334,19.469999313354492,19.549999237060547,723200,0.0,0.0
2023-03-10 00:00:00-05:00,19.219999313354492,19.399999618530273,17.649999618530273,18.079999923706055,1225200,0.0,0.0
2023-03-13 00:00:00-04:00,17.600000381469727,18.760000228881836,17.0,18.1299991607666,1149600,0.0,0.0
2023-03-14 00:00:00-04:00,18.979999542236328,19.299999237060547,17.010000228881836,17.25,1168700,0.0,0.0
2023-03-15 00:00:00-04:00,16.81999969482422,17.163999557495117,16.200000762939453,16.5,1502600,0.0,0.0
2023-03-16 00:00:00-04:00,16.209999084472656,16.790000915527344,15.9399995803833,16.329999923706055,1109800,0.0,0.0
2023-03-17 00:00:00-04:00,16.110000610351562,16.1200008392334,14.699999809265137,15.260000228881836,2330400,0.0,0.0
2023-03-20 00:00:00-04:00,15.399999618530273,16.079999923706055,15.149999618530273,15.5600004196167,1035600,0.0,0.0
2023-03-21 00:00:00-04:00,16.100000381469727,17.59000015258789,16.020000457763672,17.299999237060547,1428300,0.0,0.0
2023-03-22 00:00:00-04:00,17.299999237060547,17.610000610351562,16.540000915527344,16.559999465942383,917700,0.0,0.0
2023-03-23 00:00:00-04:00,16.8799991607666,17.440000534057617,15.600000381469727,16.06999969482422,1025200,0.0,0.0
2023-03-24 00:00:00-04:00,16.010000228881836,16.18000030517578,15.350000381469727,16.149999618530273,573200,0.0,0.0
2023-03-27 00:00:00-04:00,16.3799991607666,16.3799991607666,15.550000190734863,15.979999542236328,595400,0.0,0.0
2023-03-28 00:00:00-04:00,15.979999542236328,16.229999542236328,15.729999542236328,15.84000015258789,427600,0.0,0.0
2023-03-29 00:00:00-04:00,16.030000686645508,16.530000686645508,15.329999923706055,16.25,1041800,0.0,0.0
2023-03-30 00:00:00-04:00,17.950000762939453,19.600000381469727,17.700000762939453,18.639999389648438,3169300,0.0,0.0
2023-03-31 00:00:00-04:00,19.3799991607666,21.56999969482422,19.344999313354492,20.25,2856600,0.0,0.0
2023-04-03 00:00:00-04:00,20.110000610351562,20.540000915527344,18.559999465942383,19.209999084472656,1861700,0.0,0.0
2023-04-04 00:00:00-04:00,19.530000686645508,20.1200008392334,18.68000030517578,19.8700008392334,1537700,0.0,0.0
2023-04-05 00:00:00-04:00,20.770000457763672,20.989999771118164,18.190000534057617,19.190000534057617,1963800,0.0,0.0
2023-04-06 00:00:00-04:00,19.610000610351562,20.440000534057617,19.114999771118164,20.170000076293945,1844700,0.0,0.0
2023-04-10 00:00:00-04:00,19.940000534057617,20.190000534057617,19.09000015258789,19.809999465942383,945400,0.0,0.0
2023-04-11 00:00:00-04:00,20.059999465942383,21.100000381469727,19.6200008392334,21.049999237060547,1492600,0.0,0.0
2023-04-12 00:00:00-04:00,21.68000030517578,22.34000015258789,20.959999084472656,21.139999389648438,1387600,0.0,0.0
2023-04-13 00:00:00-04:00,21.59000015258789,22.249000549316406,21.389999389648438,21.780000686645508,866400,0.0,0.0
2023-04-14 00:00:00-04:00,21.850000381469727,22.209999084472656,20.920000076293945,21.350000381469727,1031700,0.0,0.0
2023-04-17 00:00:00-04:00,20.90999984741211,21.40999984741211,20.540000915527344,20.889999389648438,725300,0.0,0.0
2023-04-18 00:00:00-04:00,21.100000381469727,21.489999771118164,20.479999542236328,20.790000915527344,747100,0.0,0.0
2023-04-19 00:00:00-04:00,20.40999984741211,20.6200008392334,19.8700008392334,20.18000030517578,433900,0.0,0.0
2023-04-20 00:00:00-04:00,19.559999465942383,20.520000457763672,19.3799991607666,20.489999771118164,1096900,0.0,0.0
2023-04-21 00:00:00-04:00,20.3799991607666,20.469999313354492,19.774999618530273,20.1299991607666,581100,0.0,0.0
2023-04-24 00:00:00-04:00,20.049999237060547,20.3799991607666,19.5,20.25,434700,0.0,0.0
2023-04-25 00:00:00-04:00,19.829999923706055,19.829999923706055,19.010000228881836,19.09000015258789,956000,0.0,0.0
2023-04-26 00:00:00-04:00,18.989999771118164,19.049999237060547,17.459999084472656,17.690000534057617,976900,0.0,0.0
2023-04-27 00:00:00-04:00,17.979999542236328,18.559999465942383,17.790000915527344,18.100000381469727,1018100,0.0,0.0
2023-04-28 00:00:00-04:00,18.1200008392334,18.399999618530273,17.700000762939453,18.059999465942383,897900,0.0,0.0
2023-05-01 00:00:00-04:00,17.8799991607666,17.8799991607666,17.010000228881836,17.399999618530273,755400,0.0,0.0
2023-05-02 00:00:00-04:00,17.010000228881836,17.34000015258789,16.575000762939453,16.940000534057617,1019900,0.0,0.0
2023-05-03 00:00:00-04:00,16.809999465942383,17.350000381469727,16.149999618530273,16.690000534057617,1137500,0.0,0.0
2023-05-04 00:00:00-04:00,16.59000015258789,16.639999389648438,15.819999694824219,16.450000762939453,1183900,0.0,0.0
2023-05-05 00:00:00-04:00,16.93000030517578,18.5,16.93000030517578,17.93000030517578,1634400,0.0,0.0
2023-05-08 00:00:00-04:00,18.15999984741211,19.170000076293945,18.0,18.84000015258789,1440200,0.0,0.0
2023-05-09 00:00:00-04:00,18.719999313354492,20.059999465942383,18.5,19.75,1277900,0.0,0.0
2023-05-10 00:00:00-04:00,20.229999542236328,20.860000610351562,19.780000686645508,20.010000228881836,1438900,0.0,0.0
2023-05-11 00:00:00-04:00,22.149999618530273,23.518999099731445,19.700000762939453,21.3700008392334,3416500,0.0,0.0
2023-05-12 00:00:00-04:00,22.0,24.020000457763672,21.329999923706055,22.5,2309400,0.0,0.0
2023-05-15 00:00:00-04:00,22.969999313354492,24.770000457763672,22.424999237060547,24.739999771118164,2402700,0.0,0.0
2023-05-16 00:00:00-04:00,24.350000381469727,24.450000762939453,22.530000686645508,22.639999389648438,2101400,0.0,0.0
2023-05-17 00:00:00-04:00,23.190000534057617,24.43000030517578,22.593000411987305,23.510000228881836,1400400,0.0,0.0
2023-05-18 00:00:00-04:00,23.420000076293945,23.43000030517578,22.1200008392334,22.450000762939453,892000,0.0,0.0
2023-05-19 00:00:00-04:00,22.81999969482422,22.948999404907227,21.469999313354492,21.739999771118164,950500,0.0,0.0
2023-05-22 00:00:00-04:00,21.969999313354492,23.297000885009766,21.774999618530273,22.809999465942383,1050400,0.0,0.0
2023-05-23 00:00:00-04:00,22.440000534057617,23.530000686645508,22.290000915527344,22.889999389648438,925200,0.0,0.0
2023-05-24 00:00:00-04:00,22.420000076293945,22.59000015258789,21.5,22.540000915527344,856700,0.0,0.0
2023-05-25 00:00:00-04:00,22.770000457763672,23.249000549316406,21.969999313354492,22.219999313354492,727600,0.0,0.0
2023-05-26 00:00:00-04:00,22.200000762939453,23.19499969482422,21.729999542236328,23.110000610351562,775600,0.0,0.0
2023-05-30 00:00:00-04:00,23.5,25.280000686645508,23.5,24.5,1464600,0.0,0.0
2023-05-31 00:00:00-04:00,24.18000030517578,24.979999542236328,23.209999084472656,24.799999237060547,1272700,0.0,0.0
2023-06-01 00:00:00-04:00,24.59000015258789,24.93000030517578,23.639999389648438,24.200000762939453,1528700,0.0,0.0
2023-06-02 00:00:00-04:00,24.959999084472656,24.989999771118164,23.100000381469727,23.56999969482422,1495600,0.0,0.0
2023-06-05 00:00:00-04:00,23.860000610351562,25.708999633789062,23.68000030517578,24.600000381469727,1899000,0.0,0.0
2023-06-06 00:00:00-04:00,24.540000915527344,27.280000686645508,24.399999618530273,26.8700008392334,2456400,0.0,0.0
2023-06-07 00:00:00-04:00,27.040000915527344,27.399999618530273,25.18000030517578,25.65999984741211,1870400,0.0,0.0
2023-06-08 00:00:00-04:00,26.0,26.559999465942383,25.280000686645508,25.329999923706055,1097600,0.0,0.0
2023-06-09 00:00:00-04:00,25.790000915527344,26.719999313354492,25.200000762939453,25.739999771118164,1090100,0.0,0.0
2023-06-12 00:00:00-04:00,26.31999969482422,27.6200008392334,25.399999618530273,27.450000762939453,1665000,0.0,0.0
2023-06-13 00:00:00-04:00,27.959999084472656,29.549999237060547,27.899999618530273,28.84000015258789,2267200,0.0,0.0
2023-06-14 00:00:00-04:00,28.68000030517578,29.239999771118164,26.729999542236328,27.420000076293945,1978000,0.0,0.0
2023-06-15 00:00:00-04:00,26.700000762939453,27.969999313354492,26.520000457763672,27.209999084472656,1349300,0.0,0.0
2023-06-16 00:00:00-04:00,27.290000915527344,27.309999465942383,25.959999084472656,26.030000686645508,1527700,0.0,0.0
2023-06-20 00:00:00-04:00,26.049999237060547,26.7810001373291,25.770000457763672,26.459999084472656,1324300,0.0,0.0
2023-06-21 00:00:00-04:00,26.459999084472656,26.459999084472656,25.809999465942383,25.979999542236328,1328800,0.0,0.0
2023-06-22 00:00:00-04:00,25.760000228881836,25.8700008392334,25.399999618530273,25.760000228881836,1612700,0.0,0.0
2023-06-23 00:00:00-04:00,24.90999984741211,25.020000457763672,23.459999084472656,23.8799991607666,1995000,0.0,0.0
2023-06-26 00:00:00-04:00,23.790000915527344,24.34000015258789,23.155000686645508,23.190000534057617,966100,0.0,0.0
2023-06-27 00:00:00-04:00,23.459999084472656,24.940000534057617,22.850000381469727,24.670000076293945,1708500,0.0,0.0
2023-06-28 00:00:00-04:00,24.5,26.170000076293945,24.450000762939453,25.760000228881836,1446500,0.0,0.0
2023-06-29 00:00:00-04:00,25.760000228881836,27.1299991607666,25.760000228881836,26.479999542236328,1405700,0.0,0.0
2023-06-30 00:00:00-04:00,27.065000534057617,27.139999389648438,25.920000076293945,26.639999389648438,1150400,0.0,0.0
2023-07-03 00:00:00-04:00,26.68000030517578,27.3799991607666,25.549999237060547,26.149999618530273,669700,0.0,0.0
2023-07-05 00:00:00-04:00,25.989999771118164,26.100000381469727,24.881999969482422,25.459999084472656,862700,0.0,0.0
2023-07-06 00:00:00-04:00,24.8700008392334,25.299999237060547,23.90999984741211,24.3700008392334,1152400,0.0,0.0
2023-07-07 00:00:00-04:00,24.489999771118164,25.2549991607666,24.309999465942383,24.3799991607666,839100,0.0,0.0
2023-07-10 00:00:00-04:00,24.270000457763672,25.969999313354492,24.049999237060547,25.600000381469727,1368400,0.0,0.0
2023-07-11 00:00:00-04:00,25.6200008392334,25.739999771118164,24.565000534057617,25.6299991607666,985100,0.0,0.0
2023-07-12 00:00:00-04:00,26.139999389648438,27.639999389648438,25.75,27.25,1301300,0.0,0.0
2023-07-13 00:00:00-04:00,27.780000686645508,29.290000915527344,27.700000762939453,28.6299991607666,1804100,0.0,0.0
2023-07-14 00:00:00-04:00,28.610000610351562,29.28499984741211,27.420000076293945,27.700000762939453,790700,0.0,0.0
2023-07-17 00:00:00-04:00,27.84000015258789,29.979999542236328,27.59000015258789,29.110000610351562,1357600,0.0,0.0
2023-07-18 00:00:00-04:00,29.209999084472656,31.200000762939453,29.209999084472656,31.1299991607666,1564300,0.0,0.0
2023-07-19 00:00:00-04:00,30.959999084472656,31.31999969482422,29.690000534057617,30.15999984741211,1251300,0.0,0.0
2023-07-20 00:00:00-04:00,29.979999542236328,30.040000915527344,28.719999313354492,29.729999542236328,844400,0.0,0.0
2023-07-21 00:00:00-04:00,29.8700008392334,30.1200008392334,28.520000457763672,28.8700008392334,969400,0.0,0.0
2023-07-24 00:00:00-04:00,29.0,29.31999969482422,28.229999542236328,28.479999542236328,692300,0.0,0.0
2023-07-25 00:00:00-04:00,28.18000030517578,28.639999389648438,27.729999542236328,28.06999969482422,700400,0.0,0.0
2023-07-26 00:00:00-04:00,27.68000030517578,28.541000366210938,27.549999237060547,28.06999969482422,528500,0.0,0.0
2023-07-27 00:00:00-04:00,28.850000381469727,29.81999969482422,27.25,27.760000228881836,1148300,0.0,0.0
2023-07-28 00:00:00-04:00,28.200000762939453,28.469999313354492,27.239999771118164,27.329999923706055,947400,0.0,0.0
2023-07-31 00:00:00-04:00,27.6299991607666,29.389999389648438,27.6299991607666,29.239999771118164,957100,0.0,0.0
2023-08-01 00:00:00-04:00,28.670000076293945,29.2450008392334,28.42099952697754,28.850000381469727,556100,0.0,0.0
2023-08-02 00:00:00-04:00,27.799999237060547,27.920000076293945,26.90999984741211,27.6299991607666,1242900,0.0,0.0
2023-08-03 00:00:00-04:00,27.399999618530273,28.709999084472656,27.329999923706055,28.360000610351562,864100,0.0,0.0
2023-08-04 00:00:00-04:00,28.6299991607666,29.3700008392334,28.190000534057617,28.40999984741211,1202300,0.0,0.0
2023-08-07 00:00:00-04:00,28.479999542236328,28.530000686645508,26.280000686645508,27.149999618530273,1320100,0.0,0.0
2023-08-08 00:00:00-04:00,26.31999969482422,27.739999771118164,26.100000381469727,27.6200008392334,1073000,0.0,0.0
2023-08-09 00:00:00-04:00,27.690000534057617,28.170000076293945,27.149999618530273,27.739999771118164,1605600,0.0,0.0
2023-08-10 00:00:00-04:00,29.360000610351562,30.190000534057617,25.190000534057617,26.020000457763672,3311200,0.0,0.0
2023-08-11 00:00:00-04:00,26.0,26.280000686645508,24.079999923706055,24.969999313354492,2323900,0.0,0.0
2023-08-14 00:00:00-04:00,24.34000015258789,24.3799991607666,23.239999771118164,24.1200008392334,1554600,0.0,0.0
2023-08-15 00:00:00-04:00,23.93000030517578,24.62700080871582,23.15999984741211,24.34000015258789,1406000,0.0,0.0
2023-08-16 00:00:00-04:00,24.100000381469727,24.795000076293945,22.649999618530273,22.670000076293945,1042500,0.0,0.0
2023-08-17 00:00:00-04:00,22.649999618530273,22.649999618530273,21.190000534057617,21.280000686645508,1716400,0.0,0.0
2023-08-18 00:00:00-04:00,20.959999084472656,22.989999771118164,20.510000228881836,22.829999923706055,1568200,0.0,0.0
2023-08-21 00:00:00-04:00,22.979999542236328,23.43000030517578,22.3799991607666,22.610000610351562,1392200,0.0,0.0
2023-08-22 00:00:00-04:00,22.770000457763672,23.360000610351562,22.25,23.15999984741211,1493200,0.0,0.0
2023-08-23 00:00:00-04:00,23.309999465942383,24.709999084472656,23.059999465942383,23.90999984741211,1454700,0.0,0.0
2023-08-24 00:00:00-04:00,24.010000228881836,24.46500015258789,22.969999313354492,23.170000076293945,1013500,0.0,0.0
2023-08-25 00:00:00-04:00,23.510000228881836,24.225000381469727,23.239999771118164,23.770000457763672,913500,0.0,0.0
2023-08-28 00:00:00-04:00,23.979999542236328,24.329999923706055,23.81999969482422,23.959999084472656,658100,0.0,0.0
2023-08-29 00:00:00-04:00,23.84000015258789,26.25,23.389999389648438,26.06999969482422,1139700,0.0,0.0
2023-08-30 00:00:00-04:00,26.59000015258789,27.190000534057617,26.1299991607666,26.360000610351562,1023300,0.0,0.0
2023-08-31 00:00:00-04:00,26.56999969482422,27.110000610351562,26.299999237060547,26.350000381469727,1088900,0.0,0.0
2023-09-01 00:00:00-04:00,26.81999969482422,27.649999618530273,26.549999237060547,27.540000915527344,820200,0.0,0.0
2023-09-05 00:00:00-04:00,27.450000762939453,28.139999389648438,27.270000457763672,27.34000015258789,1203300,0.0,0.0
2023-09-06 00:00:00-04:00,27.170000076293945,27.34000015258789,26.3799991607666,26.790000915527344,997300,0.0,0.0
2023-09-07 00:00:00-04:00,26.049999237060547,26.360000610351562,25.101999282836914,26.18000030517578,961300,0.0,0.0
2023-09-08 00:00:00-04:00,27.100000381469727,27.139999389648438,25.639999389648438,26.479999542236328,824800,0.0,0.0
2023-09-11 00:00:00-04:00,26.729999542236328,26.979999542236328,25.110000610351562,25.43000030517578,1783600,0.0,0.0
2023-09-12 00:00:00-04:00,25.0,26.30500030517578,24.81999969482422,25.790000915527344,937500,0.0,0.0
2023-09-13 00:00:00-04:00,25.68000030517578,26.290000915527344,25.040000915527344,25.200000762939453,798900,0.0,0.0
2023-09-14 00:00:00-04:00,25.440000534057617,26.209999084472656,25.18000030517578,25.440000534057617,1024700,0.0,0.0
2023-09-15 00:00:00-04:00,25.579999923706055,25.950000762939453,24.719999313354492,25.239999771118164,1187600,0.0,0.0
2023-09-18 00:00:00-04:00,25.200000762939453,25.299999237060547,24.329999923706055,24.360000610351562,706200,0.0,0.0
2023-09-19 00:00:00-04:00,24.079999923706055,24.989999771118164,23.899999618530273,23.950000762939453,843500,0.0,0.0
2023-09-20 00:00:00-04:00,24.079999923706055,24.389999389648438,23.610000610351562,23.690000534057617,663600,0.0,0.0
2023-09-21 00:00:00-04:00,22.93000030517578,23.149999618530273,22.149999618530273,22.229999542236328,1394300,0.0,0.0
2023-09-22 00:00:00-04:00,22.350000381469727,22.719999313354492,21.93000030517578,22.149999618530273,724600,0.0,0.0
2023-09-25 00:00:00-04:00,21.899999618530273,22.940000534057617,21.520000457763672,22.700000762939453,903000,0.0,0.0
2023-09-26 00:00:00-04:00,22.170000076293945,22.690000534057617,21.8799991607666,22.040000915527344,739300,0.0,0.0
2023-09-27 00:00:00-04:00,22.610000610351562,22.950000762939453,21.770000457763672,22.25,693200,0.0,0.0
2023-09-28 00:00:00-04:00,21.989999771118164,22.760000228881836,21.510000228881836,22.479999542236328,882200,0.0,0.0
2023-09-29 00:00:00-04:00,23.0,23.790000915527344,22.799999237060547,22.989999771118164,1222800,0.0,0.0
2023-10-02 00:00:00-04:00,22.719999313354492,23.079999923706055,21.809999465942383,22.3799991607666,1397400,0.0,0.0
2023-10-03 00:00:00-04:00,21.920000076293945,22.0,19.850000381469727,20.420000076293945,2033000,0.0,0.0
2023-10-04 00:00:00-04:00,20.459999084472656,21.18000030517578,19.385000228881836,21.100000381469727,1271700,0.0,0.0
2023-10-05 00:00:00-04:00,20.979999542236328,20.979999542236328,20.209999084472656,20.6200008392334,1222500,0.0,0.0
2023-10-06 00:00:00-04:00,19.739999771118164,21.110000610351562,19.649999618530273,20.780000686645508,1308000,0.0,0.0
2023-10-09 00:00:00-04:00,20.209999084472656,20.8700008392334,19.969999313354492,20.510000228881836,803600,0.0,0.0
2023-10-10 00:00:00-04:00,20.739999771118164,22.6299991607666,20.600000381469727,22.479999542236328,1229400,0.0,0.0
2023-10-11 00:00:00-04:00,23.010000228881836,23.59000015258789,22.190000534057617,23.059999465942383,1136400,0.0,0.0
2023-10-12 00:00:00-04:00,23.139999389648438,23.139999389648438,21.010000228881836,21.1299991607666,895700,0.0,0.0
2023-10-13 00:00:00-04:00,21.18000030517578,21.604999542236328,20.540000915527344,20.700000762939453,656500,0.0,0.0
2023-10-16 00:00:00-04:00,20.690000534057617,21.790000915527344,20.34000015258789,21.350000381469727,1079100,0.0,0.0
2023-10-17 00:00:00-04:00,20.780000686645508,21.809999465942383,20.6299991607666,21.020000457763672,995200,0.0,0.0
2023-10-18 00:00:00-04:00,20.850000381469727,20.850000381469727,19.030000686645508,19.309999465942383,1240000,0.0,0.0
2023-10-19 00:00:00-04:00,19.489999771118164,20.0,19.020000457763672,19.329999923706055,1304800,0.0,0.0
2023-10-20 00:00:00-04:00,17.799999237060547,18.229999542236328,17.06999969482422,18.06999969482422,1952600,0.0,0.0
2023-10-23 00:00:00-04:00,17.56999969482422,18.700000762939453,17.190000534057617,17.975000381469727,1097300,0.0,0.0
2023-10-24 00:00:00-04:00,18.440000534057617,19.229999542236328,18.25,19.0,1386400,0.0,0.0
2023-10-25 00:00:00-04:00,19.010000228881836,19.604999542236328,18.479999542236328,18.959999084472656,985200,0.0,0.0
2023-10-26 00:00:00-04:00,18.989999771118164,19.6299991607666,18.600000381469727,18.6200008392334,1202400,0.0,0.0
2023-10-27 00:00:00-04:00,18.739999771118164,18.799999237060547,17.12700080871582,17.260000228881836,1042900,0.0,0.0
2023-10-30 00:00:00-04:00,17.540000915527344,18.049999237060547,16.790000915527344,17.280000686645508,1210100,0.0,0.0
2023-10-31 00:00:00-04:00,17.43000030517578,17.920000076293945,16.760000228881836,17.31999969482422,1545500,0.0,0.0
2023-11-01 00:00:00-04:00,17.34000015258789,17.5,16.420000076293945,16.6200008392334,1940500,0.0,0.0
2023-11-02 00:00:00-04:00,17.049999237060547,17.950000762939453,16.990999221801758,17.260000228881836,3253700,0.0,0.0
2023-11-03 00:00:00-04:00,18.190000534057617,19.290000915527344,17.979999542236328,19.010000228881836,3721900,0.0,0.0
2023-11-06 00:00:00-05:00,19.229999542236328,19.31999969482422,17.860000610351562,18.770000457763672,887500,0.0,0.0
2023-11-07 00:00:00-05:00,18.600000381469727,19.049999237060547,17.899999618530273,18.229999542236328,644500,0.0,0.0
2023-11-08 00:00:00-05:00,19.059999465942383,19.059999465942383,17.81999969482422,18.5,747900,0.0,0.0
2023-11-09 00:00:00-05:00,18.780000686645508,19.08300018310547,17.709999084472656,17.739999771118164,863300,0.0,0.0
2023-11-10 00:00:00-05:00,17.56999969482422,17.600000381469727,16.780000686645508,17.149999618530273,918700,0.0,0.0
2023-11-13 00:00:00-05:00,17.0,17.18000030517578,16.290000915527344,16.649999618530273,941500,0.0,0.0
2023-11-14 00:00:00-05:00,17.75,18.920000076293945,17.350000381469727,18.81999969482422,1491700,0.0,0.0
2023-11-15 00:00:00-05:00,19.149999618530273,20.8700008392334,19.059999465942383,19.329999923706055,1424400,0.0,0.0
2023-11-16 00:00:00-05:00,19.010000228881836,19.420000076293945,18.079999923706055,18.270000457763672,1113200,0.0,0.0
2023-11-17 00:00:00-05:00,18.65999984741211,19.260000228881836,18.40999984741211,19.149999618530273,1113400,0.0,0.0
2023-11-20 00:00:00-05:00,19.149999618530273,20.200000762939453,19.003999710083008,19.270000457763672,1064400,0.0,0.0
2023-11-21 00:00:00-05:00,19.059999465942383,19.19099998474121,18.579999923706055,18.899999618530273,877700,0.0,0.0
2023-11-22 00:00:00-05:00,19.209999084472656,19.6200008392334,18.725000381469727,18.979999542236328,700800,0.0,0.0
2023-11-24 00:00:00-05:00,18.920000076293945,19.229999542236328,18.469999313354492,18.860000610351562,338200,0.0,0.0
2023-11-27 00:00:00-05:00,18.739999771118164,19.579999923706055,18.3700008392334,19.100000381469727,1394900,0.0,0.0
2023-11-28 00:00:00-05:00,18.93000030517578,20.40999984741211,18.610000610351562,20.270000457763672,2403000,0.0,0.0
2023-11-29 00:00:00-05:00,23.360000610351562,26.489999771118164,23.31999969482422,25.09000015258789,8075900,0.0,0.0
2023-11-30 00:00:00-05:00,25.75,26.450000762939453,24.610000610351562,25.079999923706055,3607300,0.0,0.0
2023-12-01 00:00:00-05:00,25.0,25.850000381469727,24.079999923706055,25.770000457763672,2160100,0.0,0.0
2023-12-04 00:00:00-05:00,26.489999771118164,27.799999237060547,26.219999313354492,26.940000534057617,2344000,0.0,0.0
2023-12-05 00:00:00-05:00,26.3700008392334,26.559999465942383,25.149999618530273,25.739999771118164,1217100,0.0,0.0
2023-12-06 00:00:00-05:00,22.5,22.950000762939453,22.049999237060547,22.399999618530273,11541100,0.0,0.0
2023-12-07 00:00:00-05:00,22.399999618530273,22.649999618530273,21.139999389648438,21.969999313354492,4354900,0.0,0.0
2023-12-08 00:00:00-05:00,22.25,22.524999618530273,21.6299991607666,21.93000030517578,4838800,0.0,0.0
2023-12-11 00:00:00-05:00,21.950000762939453,22.530000686645508,21.5,21.950000762939453,2142000,0.0,0.0
2023-12-12 00:00:00-05:00,21.649999618530273,21.889999389648438,20.6299991607666,20.68000030517578,2200200,0.0,0.0
2023-12-13 00:00:00-05:00,20.700000762939453,23.0,20.422000885009766,22.959999084472656,3221600,0.0,0.0
2023-12-14 00:00:00-05:00,24.219999313354492,26.299999237060547,24.100000381469727,24.700000762939453,4668500,0.0,0.0
2023-12-15 00:00:00-05:00,25.34000015258789,26.0,24.79199981689453,25.889999389648438,2408700,0.0,0.0
2023-12-18 00:00:00-05:00,25.450000762939453,26.600000381469727,25.200000762939453,26.309999465942383,1888000,0.0,0.0
2023-12-19 00:00:00-05:00,26.799999237060547,27.389999389648438,26.520000457763672,27.219999313354492,1774900,0.0,0.0
2023-12-20 00:00:00-05:00,25.389999389648438,25.565000534057617,20.850000381469727,23.010000228881836,10142100,0.0,0.0
2023-12-21 00:00:00-05:00,24.15999984741211,24.950000762939453,23.809999465942383,24.90999984741211,2673700,0.0,0.0
2023-12-22 00:00:00-05:00,24.90999984741211,25.40999984741211,24.2549991607666,25.25,2560100,0.0,0.0
2023-12-26 00:00:00-05:00,25.43000030517578,25.841999053955078,25.299999237060547,25.43000030517578,924200,0.0,0.0
2023-12-27 00:00:00-05:00,25.700000762939453,25.850000381469727,25.110000610351562,25.239999771118164,606400,0.0,0.0
2023-12-28 00:00:00-05:00,25.049999237060547,25.09000015258789,24.399999618530273,24.59000015258789,1122800,0.0,0.0
2023-12-29 00:00:00-05:00,24.56999969482422,24.56999969482422,23.780000686645508,23.850000381469727,971100,0.0,0.0
2024-01-02 00:00:00-05:00,23.469999313354492,24.829999923706055,23.110000610351562,23.850000381469727,1272300,0.0,0.0
2024-01-03 00:00:00-05:00,23.149999618530273,23.350000381469727,22.010000228881836,22.479999542236328,2471100,0.0,0.0
2024-01-04 00:00:00-05:00,22.65999984741211,22.739999771118164,21.850000381469727,21.8799991607666,1779600,0.0,0.0
2024-01-05 00:00:00-05:00,21.479999542236328,22.209999084472656,21.15999984741211,21.5,1860300,0.0,0.0
2024-01-08 00:00:00-05:00,21.350000381469727,22.350000381469727,21.049999237060547,21.989999771118164,1546100,0.0,0.0
2024-01-09 00:00:00-05:00,21.1299991607666,22.15999984741211,20.8700008392334,21.65999984741211,2594200,0.0,0.0
2024-01-10 00:00:00-05:00,21.65999984741211,21.81999969482422,21.170000076293945,21.559999465942383,1025400,0.0,0.0
2024-01-11 00:00:00-05:00,21.149999618530273,21.149999618530273,20.219999313354492,20.90999984741211,1769800,0.0,0.0
2024-01-12 00:00:00-05:00,21.049999237060547,21.260000228881836,20.049999237060547,20.25,1203500,0.0,0.0
2024-01-16 00:00:00-05:00,20.700000762939453,20.700000762939453,19.149999618530273,19.610000610351562,1887400,0.0,0.0
2024-01-17 00:00:00-05:00,18.969999313354492,19.420000076293945,18.739999771118164,19.31999969482422,1485100,0.0,0.0
2024-01-18 00:00:00-05:00,19.760000228881836,19.79800033569336,19.010000228881836,19.450000762939453,1369500,0.0,0.0
2024-01-19 00:00:00-05:00,19.43000030517578,20.059999465942383,19.020000457763672,19.940000534057617,1731600,0.0,0.0
2024-01-22 00:00:00-05:00,20.239999771118164,21.469999313354492,20.18000030517578,21.110000610351562,1773100,0.0,0.0
2024-01-23 00:00:00-05:00,21.940000534057617,22.969999313354492,21.489999771118164,21.760000228881836,3139000,0.0,0.0
2024-01-24 00:00:00-05:00,22.350000381469727,22.743000030517578,20.969999313354492,20.979999542236328,1458200,0.0,0.0
2024-01-25 00:00:00-05:00,21.34000015258789,21.40999984741211,20.70800018310547,21.010000228881836,1549100,0.0,0.0
2024-01-26 00:00:00-05:00,21.139999389648438,21.329999923706055,20.100000381469727,20.1200008392334,1370700,0.0,0.0
2024-01-29 00:00:00-05:00,20.200000762939453,21.239999771118164,19.8799991607666,21.049999237060547,1015200,0.0,0.0
2024-01-30 00:00:00-05:00,20.670000076293945,20.68000030517578,20.0,20.219999313354492,989000,0.0,0.0
2024-01-31 00:00:00-05:00,20.139999389648438,21.18000030517578,19.860000610351562,19.8700008392334,1104900,0.0,0.0
2024-02-01 00:00:00-05:00,20.34000015258789,20.969999313354492,20.06999969482422,20.540000915527344,1419900,0.0,0.0
2024-02-02 00:00:00-05:00,19.84000015258789,19.975000381469727,19.110000610351562,19.790000915527344,1755800,0.0,0.0
2024-02-05 00:00:00-05:00,19.25,19.270000457763672,18.209999084472656,18.479999542236328,2418300,0.0,0.0
2024-02-06 00:00:00-05:00,18.329999923706055,19.6299991607666,18.1200008392334,19.600000381469727,2329600,0.0,0.0
2024-02-07 00:00:00-05:00,20.049999237060547,20.62700080871582,19.469999313354492,20.229999542236328,4053300,0.0,0.0
2024-02-08 00:00:00-05:00,19.5,22.229999542236328,19.427000045776367,21.579999923706055,4086000,0.0,0.0
2024-02-09 00:00:00-05:00,21.709999084472656,23.15999984741211,21.469999313354492,22.43000030517578,2668800,0.0,0.0
2024-02-12 00:00:00-05:00,22.579999923706055,22.90999984741211,21.8799991607666,22.15999984741211,2382700,0.0,0.0
2024-02-13 00:00:00-05:00,20.459999084472656,20.959999084472656,20.100000381469727,20.670000076293945,2854600,0.0,0.0
2024-02-14 00:00:00-05:00,21.489999771118164,21.704999923706055,20.709999084472656,21.079999923706055,2399500,0.0,0.0
2024-02-15 00:00:00-05:00,21.399999618530273,21.540000915527344,20.18000030517578,20.309999465942383,2033300,0.0,0.0
2024-02-16 00:00:00-05:00,19.93000030517578,20.031999588012695,19.09000015258789,19.15999984741211,2123900,0.0,0.0
2024-02-20 00:00:00-05:00,18.75,18.770000457763672,17.5,17.760000228881836,3032000,0.0,0.0
2024-02-21 00:00:00-05:00,17.700000762939453,17.94499969482422,16.969999313354492,17.010000228881836,3689400,0.0,0.0
2024-02-22 00:00:00-05:00,17.079999923706055,17.170000076293945,13.40999984741211,14.725000381469727,18422500,0.0,0.0
2024-02-23 00:00:00-05:00,16.610000610351562,16.65999984741211,14.204999923706055,14.40999984741211,5794900,0.0,0.0
2024-02-26 00:00:00-05:00,15.170000076293945,16.100000381469727,14.670000076293945,15.550000190734863,5469700,0.0,0.0
2024-02-27 00:00:00-05:00,15.899999618530273,16.190000534057617,15.020000457763672,15.170000076293945,2620600,0.0,0.0
2024-02-28 00:00:00-05:00,15.0,15.541999816894531,14.53499984741211,15.449999809265137,2439100,0.0,0.0
2024-02-29 00:00:00-05:00,15.819999694824219,16.0,15.229999542236328,15.289999961853027,2620000,0.0,0.0
2024-03-01 00:00:00-05:00,15.390000343322754,15.791999816894531,15.03499984741211,15.449999809265137,1695100,0.0,0.0
2024-03-04 00:00:00-05:00,15.479999542236328,15.583999633789062,14.510000228881836,15.109999656677246,2305600,0.0,0.0
2024-03-05 00:00:00-05:00,15.210000038146973,15.609999656677246,14.710000038146973,14.8100004196167,3034500,0.0,0.0
2024-03-06 00:00:00-05:00,15.109999656677246,15.329999923706055,14.460000038146973,14.829999923706055,2247800,0.0,0.0
2024-03-07 00:00:00-05:00,15.0,15.279999732971191,14.680000305175781,15.210000038146973,1933100,0.0,0.0
2024-03-08 00:00:00-05:00,15.354999542236328,16.1299991607666,14.949999809265137,15.399999618530273,2182400,0.0,0.0
2024-03-11 00:00:00-04:00,15.399999618530273,16.010000228881836,15.175000190734863,15.229999542236328,1601300,0.0,0.0
2024-03-12 00:00:00-04:00,15.220000267028809,15.5600004196167,14.859999656677246,15.170000076293945,1848200,0.0,0.0
2024-03-13 00:00:00-04:00,14.989999771118164,15.130000114440918,14.255000114440918,14.3100004196167,1922300,0.0,0.0
2024-03-14 00:00:00-04:00,14.279999732971191,14.289999961853027,13.34000015258789,13.470000267028809,3056000,0.0,0.0
2024-03-15 00:00:00-04:00,13.399999618530273,14.140000343322754,13.029999732971191,14.100000381469727,3587200,0.0,0.0
2024-03-18 00:00:00-04:00,14.260000228881836,14.399999618530273,13.9399995803833,14.149999618530273,1661000,0.0,0.0
2024-03-19 00:00:00-04:00,13.829999923706055,14.470000267028809,13.829999923706055,14.420000076293945,1393500,0.0,0.0
2024-03-20 00:00:00-04:00,14.420000076293945,15.170000076293945,14.260000228881836,14.989999771118164,1683000,0.0,0.0
2024-03-21 00:00:00-04:00,15.0600004196167,16.260000228881836,15.0,16.020000457763672,2837500,0.0,0.0
2024-03-22 00:00:00-04:00,15.75,16.389999389648438,15.640000343322754,15.720000267028809,1883000,0.0,0.0
2024-03-25 00:00:00-04:00,15.699999809265137,16.1200008392334,15.510000228881836,15.899999618530273,1184300,0.0,0.0
2024-03-26 00:00:00-04:00,16.059999465942383,16.350000381469727,15.75,15.789999961853027,992900,0.0,0.0
2024-03-27 00:00:00-04:00,16.0,16.889999389648438,15.680000305175781,16.649999618530273,1740500,0.0,0.0
2024-03-28 00:00:00-04:00,16.649999618530273,17.610000610351562,16.600000381469727,17.34000015258789,2100100,0.0,0.0
2024-04-01 00:00:00-04:00,17.780000686645508,17.850000381469727,16.81999969482422,17.420000076293945,2090900,0.0,0.0
2024-04-02 00:00:00-04:00,16.950000762939453,17.1200008392334,15.550000190734863,15.699999809265137,2571300,0.0,0.0
2024-04-03 00:00:00-04:00,16.1299991607666,16.549999237060547,15.510000228881836,16.459999084472656,2097100,0.0,0.0
2024-04-04 00:00:00-04:00,16.540000915527344,17.399999618530273,16.389999389648438,16.700000762939453,1786100,0.0,0.0
2024-04-05 00:00:00-04:00,16.420000076293945,16.739999771118164,16.176000595092773,16.610000610351562,1011500,0.0,0.0
2024-04-08 00:00:00-04:00,16.920000076293945,17.15999984741211,16.579999923706055,16.690000534057617,811900,0.0,0.0
2024-04-09 00:00:00-04:00,16.84000015258789,17.559999465942383,16.834999084472656,17.040000915527344,1098400,0.0,0.0
2024-04-10 00:00:00-04:00,16.049999237060547,16.75,15.670000076293945,16.739999771118164,1387900,0.0,0.0
2024-04-11 00:00:00-04:00,16.950000762939453,17.3799991607666,16.559999465942383,16.799999237060547,1386500,0.0,0.0
2024-04-12 00:00:00-04:00,16.520000457763672,16.684999465942383,15.970000267028809,16.139999389648438,1027100,0.0,0.0
2024-04-15 00:00:00-04:00,16.0,16.100000381469727,15.479999542236328,15.729999542236328,1525100,0.0,0.0
2024-04-16 00:00:00-04:00,15.470000267028809,16.329999923706055,15.300000190734863,16.049999237060547,1342400,0.0,0.0
2024-04-17 00:00:00-04:00,16.309999465942383,16.799999237060547,15.880000114440918,15.979999542236328,2123100,0.0,0.0
2024-04-18 00:00:00-04:00,15.8100004196167,16.040000915527344,15.34000015258789,15.579999923706055,1383600,0.0,0.0
2024-04-19 00:00:00-04:00,15.479999542236328,15.569999694824219,15.015000343322754,15.100000381469727,1298400,0.0,0.0
2024-04-22 00:00:00-04:00,15.130000114440918,15.90999984741211,14.920000076293945,15.6899995803833,1154000,0.0,0.0
2024-04-23 00:00:00-04:00,15.680000305175781,16.940000534057617,15.604999542236328,16.239999771118164,1669900,0.0,0.0
2024-04-24 00:00:00-04:00,16.329999923706055,16.950000762939453,16.299999237060547,16.84000015258789,1459200,0.0,0.0
2024-04-25 00:00:00-04:00,16.459999084472656,16.639999389648438,15.970000267028809,16.510000228881836,1146900,0.0,0.0
2024-04-26 00:00:00-04:00,16.6299991607666,16.989999771118164,16.540000915527344,16.850000381469727,837900,0.0,0.0
2024-04-29 00:00:00-04:00,17.06999969482422,18.229999542236328,17.049999237060547,18.139999389648438,2251100,0.0,0.0
2024-04-30 00:00:00-04:00,17.950000762939453,18.559999465942383,17.709999084472656,17.84000015258789,2194000,0.0,0.0
2024-05-01 00:00:00-04:00,17.885000228881836,19.049999237060547,17.530000686645508,18.139999389648438,2445400,0.0,0.0
2024-05-02 00:00:00-04:00,18.729999542236328,19.510000228881836,18.149999618530273,19.489999771118164,2202200,0.0,0.0
2024-05-03 00:00:00-04:00,20.040000915527344,20.93000030517578,20.020000457763672,20.899999618530273,3275600,0.0,0.0
2024-05-06 00:00:00-04:00,21.110000610351562,21.5,20.579999923706055,21.149999618530273,1885500,0.0,0.0
2024-05-07 00:00:00-04:00,21.15999984741211,21.239999771118164,20.709999084472656,20.81999969482422,1650100,0.0,0.0
2024-05-08 00:00:00-04:00,20.190000534057617,20.6200008392334,19.65999984741211,20.3799991607666,2682700,0.0,0.0
2024-05-09 00:00:00-04:00,20.5,20.690000534057617,18.530000686645508,18.75,4429800,0.0,0.0
2024-05-10 00:00:00-04:00,18.8700008392334,19.139999389648438,16.459999084472656,16.729999542236328,5419700,0.0,0.0
2024-05-13 00:00:00-04:00,17.270000457763672,17.75,17.010000228881836,17.40999984741211,2483800,0.0,0.0
2024-05-14 00:00:00-04:00,17.850000381469727,18.459999084472656,17.844999313354492,18.440000534057617,2379600,0.0,0.0
2024-05-15 00:00:00-04:00,19.079999923706055,19.149999618530273,18.100000381469727,18.530000686645508,1762800,0.0,0.0
2024-05-16 00:00:00-04:00,18.530000686645508,18.8799991607666,17.719999313354492,18.260000228881836,1679300,0.0,0.0
2024-05-17 00:00:00-04:00,18.299999237060547,18.5,18.020000457763672,18.31999969482422,1034100,0.0,0.0
2024-05-20 00:00:00-04:00,18.360000610351562,18.549999237060547,17.6200008392334,18.149999618530273,1237000,0.0,0.0
2024-05-21 00:00:00-04:00,17.959999084472656,18.979999542236328,17.950000762939453,18.84000015258789,2140700,0.0,0.0
2024-05-22 00:00:00-04:00,19.09000015258789,21.31999969482422,19.09000015258789,20.040000915527344,3728300,0.0,0.0
2024-05-23 00:00:00-04:00,20.290000915527344,20.670000076293945,19.809999465942383,20.209999084472656,2500100,0.0,0.0
2024-05-24 00:00:00-04:00,20.389999389648438,23.8799991607666,20.209999084472656,23.25,6097300,0.0,0.0
2024-05-28 00:00:00-04:00,23.670000076293945,25.36400032043457,23.18000030517578,23.829999923706055,7666000,0.0,0.0
2024-05-29 00:00:00-04:00,23.280000686645508,25.290000915527344,23.058000564575195,24.389999389648438,5166400,0.0,0.0
2024-05-30 00:00:00-04:00,24.65999984741211,25.760000228881836,24.479999542236328,25.649999618530273,2618900,0.0,0.0
2024-05-31 00:00:00-04:00,26.0,26.1200008392334,24.09000015258789,25.1299991607666,3407300,0.0,0.0
2024-06-03 00:00:00-04:00,25.84000015258789,26.079999923706055,24.329999923706055,24.399999618530273,2441000,0.0,0.0
2024-06-04 00:00:00-04:00,24.18000030517578,24.68899917602539,22.309999465942383,22.34000015258789,4733800,0.0,0.0
2024-06-05 00:00:00-04:00,22.5,24.829999923706055,21.889999389648438,24.780000686645508,2814000,0.0,0.0
2024-06-06 00:00:00-04:00,24.15999984741211,24.229999542236328,22.6200008392334,22.899999618530273,2066200,0.0,0.0
2024-06-07 00:00:00-04:00,22.40999984741211,23.540000915527344,22.219999313354492,22.360000610351562,1932200,0.0,0.0
2024-06-10 00:00:00-04:00,22.43000030517578,22.850000381469727,21.93000030517578,22.34000015258789,2055100,0.0,0.0
2024-06-11 00:00:00-04:00,22.239999771118164,22.68000030517578,21.23200035095215,22.600000381469727,1711800,0.0,0.0
2024-06-12 00:00:00-04:00,23.950000762939453,25.1299991607666,22.559999465942383,22.610000610351562,2441000,0.0,0.0
2024-06-13 00:00:00-04:00,22.729999542236328,23.700000762939453,21.969999313354492,22.0,1818000,0.0,0.0
2024-06-14 00:00:00-04:00,21.540000915527344,21.540000915527344,20.34000015258789,20.43000030517578,2384300,0.0,0.0
2024-06-17 00:00:00-04:00,20.450000762939453,20.860000610351562,19.94099998474121,20.170000076293945,2666400,0.0,0.0
2024-06-18 00:00:00-04:00,20.0,20.709999084472656,19.219999313354492,20.260000228881836,1678500,0.0,0.0
2024-06-20 00:00:00-04:00,20.059999465942383,20.700000762939453,19.6200008392334,20.010000228881836,2248000,0.0,0.0
2024-06-21 00:00:00-04:00,19.850000381469727,19.899999618530273,19.075000762939453,19.489999771118164,2019600,0.0,0.0
2024-06-24 00:00:00-04:00,19.5,19.68000030517578,18.290000915527344,18.6200008392334,2295200,0.0,0.0
2024-06-25 00:00:00-04:00,18.559999465942383,18.719999313354492,18.010000228881836,18.600000381469727,1837500,0.0,0.0
2024-06-26 00:00:00-04:00,18.5,18.940000534057617,18.25,18.8700008392334,1578700,0.0,0.0
2024-06-27 00:00:00-04:00,18.969999313354492,19.170000076293945,18.170000076293945,19.1299991607666,2146500,0.0,0.0
2024-06-28 00:00:00-04:00,19.1299991607666,19.299999237060547,17.200000762939453,17.34000015258789,4225700,0.0,0.0
2024-07-01 00:00:00-04:00,17.3799991607666,17.51799964904785,16.420000076293945,16.43000030517578,3813700,0.0,0.0
2024-07-02 00:00:00-04:00,16.520000457763672,16.809999465942383,15.15999984741211,15.880000114440918,6262900,0.0,0.0
2024-07-03 00:00:00-04:00,16.420000076293945,17.1200008392334,16.0,17.09000015258789,2251300,0.0,0.0
2024-07-05 00:00:00-04:00,17.299999237060547,17.469999313354492,16.579999923706055,16.59000015258789,2115800,0.0,0.0
2024-07-08 00:00:00-04:00,17.579999923706055,17.950000762939453,16.854999542236328,17.190000534057617,2182900,0.0,0.0
2024-07-09 00:00:00-04:00,17.3799991607666,17.450000762939453,16.6200008392334,17.010000228881836,2187400,0.0,0.0
2024-07-10 00:00:00-04:00,18.1200008392334,18.399999618530273,16.799999237060547,17.239999771118164,3280100,0.0,0.0
2024-07-11 00:00:00-04:00,18.290000915527344,18.6200008392334,17.68000030517578,18.190000534057617,2914800,0.0,0.0
2024-07-12 00:00:00-04:00,18.329999923706055,18.739999771118164,18.209999084472656,18.540000915527344,2047400,0.0,0.0
2024-07-15 00:00:00-04:00,17.674999237060547,17.75,16.229999542236328,16.65999984741211,6007900,0.0,0.0
2024-07-16 00:00:00-04:00,16.989999771118164,17.719999313354492,16.235000610351562,17.610000610351562,3661600,0.0,0.0
2024-07-17 00:00:00-04:00,17.290000915527344,17.59000015258789,16.829999923706055,17.010000228881836,2063900,0.0,0.0
2024-07-18 00:00:00-04:00,17.270000457763672,17.8799991607666,16.399999618530273,16.489999771118164,2419100,0.0,0.0
2024-07-19 00:00:00-04:00,16.520000457763672,16.56999969482422,15.600000381469727,15.960000038146973,2708700,0.0,0.0
2024-07-22 00:00:00-04:00,16.299999237060547,16.420000076293945,15.850000381469727,16.25,2133500,0.0,0.0
2024-07-23 00:00:00-04:00,16.110000610351562,16.479999542236328,15.970000267028809,16.139999389648438,1485300,0.0,0.0
2024-07-24 00:00:00-04:00,15.979999542236328,16.81999969482422,15.529999732971191,15.579999923706055,1926100,0.0,0.0
2024-07-25 00:00:00-04:00,15.5,16.184999465942383,15.270000457763672,15.600000381469727,1889800,0.0,0.0
2024-07-26 00:00:00-04:00,15.930000305175781,16.700000762939453,15.890000343322754,16.3700008392334,1586500,0.0,0.0
2024-07-29 00:00:00-04:00,16.389999389648438,16.469999313354492,15.760000228881836,16.079999923706055,1252200,0.0,0.0
2024-07-30 00:00:00-04:00,16.329999923706055,16.829999923706055,15.619999885559082,15.630000114440918,2307000,0.0,0.0
2024-07-31 00:00:00-04:00,15.930000305175781,17.100000381469727,15.914999961853027,16.3799991607666,1647900,0.0,0.0
2024-08-01 00:00:00-04:00,16.469999313354492,16.940000534057617,15.649999618530273,15.850000381469727,1959900,0.0,0.0
2024-08-02 00:00:00-04:00,15.09000015258789,15.270000457763672,14.399999618530273,14.670000076293945,2274900,0.0,0.0
2024-08-05 00:00:00-04:00,12.770000457763672,14.475000381469727,12.739999771118164,14.130000114440918,2251700,0.0,0.0
2024-08-06 00:00:00-04:00,14.699999809265137,14.850000381469727,14.050000190734863,14.359999656677246,1506400,0.0,0.0
2024-08-07 00:00:00-04:00,14.729999542236328,14.869999885559082,13.75,13.84000015258789,2148900,0.0,0.0
2024-08-08 00:00:00-04:00,15.829999923706055,16.670000076293945,13.91100025177002,15.920000076293945,7394600,0.0,0.0
2024-08-09 00:00:00-04:00,16.3799991607666,16.579999923706055,15.75,16.25,3550800,0.0,0.0
2024-08-12 00:00:00-04:00,16.200000762939453,16.600000381469727,15.699999809265137,15.770000457763672,1783900,0.0,0.0
2024-08-13 00:00:00-04:00,16.010000228881836,17.260000228881836,15.930000305175781,17.030000686645508,2460900,0.0,0.0
2024-08-14 00:00:00-04:00,17.200000762939453,17.200000762939453,16.450000762939453,16.6200008392334,1215300,0.0,0.0
2024-08-15 00:00:00-04:00,16.770000457763672,17.469999313354492,16.700000762939453,17.440000534057617,1503400,0.0,0.0
2024-08-16 00:00:00-04:00,17.510000228881836,17.760000228881836,16.906999588012695,17.239999771118164,965600,0.0,0.0
2024-08-19 00:00:00-04:00,17.079999923706055,18.197999954223633,17.079999923706055,18.010000228881836,1680200,0.0,0.0
2024-08-20 00:00:00-04:00,17.920000076293945,18.389999389648438,17.3799991607666,17.670000076293945,1545400,0.0,0.0
2024-08-21 00:00:00-04:00,17.829999923706055,18.389999389648438,17.719999313354492,18.31999969482422,973500,0.0,0.0
2024-08-22 00:00:00-04:00,18.31999969482422,18.540000915527344,17.725000381469727,17.780000686645508,973800,0.0,0.0
2024-08-23 00:00:00-04:00,18.049999237060547,19.6200008392334,18.010000228881836,19.579999923706055,1801400,0.0,0.0
2024-08-26 00:00:00-04:00,19.829999923706055,19.8799991607666,19.150999069213867,19.260000228881836,2049800,0.0,0.0
2024-08-27 00:00:00-04:00,19.079999923706055,19.229999542236328,18.59000015258789,18.760000228881836,1440700,0.0,0.0
2024-08-28 00:00:00-04:00,18.6200008392334,18.989999771118164,17.889999389648438,17.989999771118164,1135900,0.0,0.0
2024-08-29 00:00:00-04:00,18.209999084472656,18.780000686645508,17.989999771118164,18.299999237060547,1310600,0.0,0.0
2024-08-30 00:00:00-04:00,18.5,18.674999237060547,18.049999237060547,18.3700008392334,1179900,0.0,0.0
2024-09-03 00:00:00-04:00,18.079999923706055,18.299999237060547,16.899999618530273,17.34000015258789,1936700,0.0,0.0
2024-09-04 00:00:00-04:00,17.350000381469727,19.049999237060547,17.149999618530273,18.510000228881836,2229100,0.0,0.0
2024-09-05 00:00:00-04:00,18.670000076293945,19.469999313354492,18.479999542236328,19.440000534057617,1718700,0.0,0.0
2024-09-06 00:00:00-04:00,19.420000076293945,19.5,18.139999389648438,18.350000381469727,1393200,0.0,0.0
2024-09-09 00:00:00-04:00,18.600000381469727,19.40999984741211,18.55500030517578,18.8700008392334,1523000,0.0,0.0
2024-09-10 00:00:00-04:00,18.5,18.985000610351562,17.954999923706055,18.920000076293945,1429100,0.0,0.0
2024-09-11 00:00:00-04:00,19.860000610351562,21.15999984741211,19.760000228881836,21.09000015258789,3408700,0.0,0.0
2024-09-12 00:00:00-04:00,21.040000915527344,21.729999542236328,20.5,21.649999618530273,1904000,0.0,0.0
2024-09-13 00:00:00-04:00,22.0,22.770000457763672,21.530000686645508,21.729999542236328,2536100,0.0,0.0
2024-09-16 00:00:00-04:00,21.559999465942383,22.350000381469727,21.149999618530273,21.989999771118164,1234800,0.0,0.0
2024-09-17 00:00:00-04:00,22.209999084472656,22.479999542236328,21.790000915527344,21.950000762939453,1486500,0.0,0.0
2024-09-18 00:00:00-04:00,21.610000610351562,23.0,21.56999969482422,21.700000762939453,1800100,0.0,0.0
2024-09-19 00:00:00-04:00,22.68000030517578,22.68000030517578,21.170000076293945,21.34000015258789,1783800,0.0,0.0
2024-09-20 00:00:00-04:00,21.209999084472656,21.760000228881836,21.104999542236328,21.559999465942383,1522600,0.0,0.0
2024-09-23 00:00:00-04:00,21.549999237060547,21.959999084472656,21.030000686645508,21.8799991607666,902300,0.0,0.0
2024-09-24 00:00:00-04:00,22.0,22.719999313354492,21.540000915527344,22.360000610351562,1284500,0.0,0.0
2024-09-25 00:00:00-04:00,22.280000686645508,22.40999984741211,21.51099967956543,21.6200008392334,1057400,0.0,0.0
2024-09-26 00:00:00-04:00,22.049999237060547,22.690000534057617,21.579999923706055,22.15999984741211,1355700,0.0,0.0
2024-09-27 00:00:00-04:00,22.270000457763672,23.09000015258789,22.209999084472656,22.920000076293945,1663100,0.0,0.0
2024-09-30 00:00:00-04:00,22.920000076293945,23.209999084472656,22.440000534057617,22.709999084472656,1400700,0.0,0.0
2024-10-01 00:00:00-04:00,21.950000762939453,21.950000762939453,20.81999969482422,21.56999969482422,2647800,0.0,0.0
2024-10-02 00:00:00-04:00,21.299999237060547,22.010000228881836,19.809999465942383,21.850000381469727,3024300,0.0,0.0
2024-10-03 00:00:00-04:00,21.549999237060547,21.93000030517578,21.1200008392334,21.56999969482422,1483200,0.0,0.0
2024-10-04 00:00:00-04:00,22.1299991607666,22.809999465942383,21.510000228881836,21.989999771118164,1493300,0.0,0.0
2024-10-07 00:00:00-04:00,21.770000457763672,22.610000610351562,20.860000610351562,21.15999984741211,1405000,0.0,0.0
2024-10-08 00:00:00-04:00,21.040000915527344,21.040000915527344,20.09000015258789,20.68000030517578,1480200,0.0,0.0
2024-10-09 00:00:00-04:00,20.639999389648438,21.639999389648438,20.399999618530273,21.389999389648438,1126100,0.0,0.0
2024-10-10 00:00:00-04:00,20.899999618530273,21.0,20.225000381469727,20.56999969482422,1275100,0.0,0.0
2024-10-11 00:00:00-04:00,20.229999542236328,21.90999984741211,20.1299991607666,21.700000762939453,956300,0.0,0.0
2024-10-14 00:00:00-04:00,21.950000762939453,22.030000686645508,21.219999313354492,21.8700008392334,792000,0.0,0.0
2024-10-15 00:00:00-04:00,21.6299991607666,21.649999618530273,20.780000686645508,21.299999237060547,1179500,0.0,0.0
2024-10-16 00:00:00-04:00,21.93000030517578,22.450000762939453,21.450000762939453,22.40999984741211,1215700,0.0,0.0
2024-10-17 00:00:00-04:00,22.440000534057617,22.479000091552734,21.309999465942383,21.3799991607666,1168800,0.0,0.0
2024-10-18 00:00:00-04:00,21.40999984741211,21.690000534057617,21.010000228881836,21.059999465942383,814100,0.0,0.0
2024-10-21 00:00:00-04:00,21.0,21.104999542236328,20.420000076293945,20.68000030517578,1193700,0.0,0.0
2024-10-22 00:00:00-04:00,20.649999618530273,20.649999618530273,19.770000457763672,19.809999465942383,1626500,0.0,0.0
2024-10-23 00:00:00-04:00,19.34000015258789,19.860000610351562,19.149999618530273,19.799999237060547,1739100,0.0,0.0
2024-10-24 00:00:00-04:00,20.520000457763672,21.450000762939453,20.200000762939453,20.739999771118164,1703800,0.0,0.0
2024-10-25 00:00:00-04:00,21.0,21.399999618530273,20.610000610351562,20.65999984741211,1359600,0.0,0.0
2024-10-28 00:00:00-04:00,21.0,21.649999618530273,20.780000686645508,20.809999465942383,1007400,0.0,0.0
2024-10-29 00:00:00-04:00,20.31999969482422,20.889999389648438,20.0,20.84000015258789,994700,0.0,0.0
2024-10-30 00:00:00-04:00,20.520000457763672,22.110000610351562,20.385000228881836,21.190000534057617,1756200,0.0,0.0
2024-10-31 00:00:00-04:00,21.139999389648438,21.979999542236328,20.65999984741211,21.75,1058800,0.0,0.0
2024-11-01 00:00:00-04:00,21.959999084472656,22.690000534057617,21.270000457763672,21.280000686645508,1475100,0.0,0.0
2024-11-04 00:00:00-05:00,21.3799991607666,22.700000762939453,21.309999465942383,22.149999618530273,1997900,0.0,0.0
2024-11-05 00:00:00-05:00,21.739999771118164,22.450000762939453,20.90999984741211,22.420000076293945,1887400,0.0,0.0
2024-11-06 00:00:00-05:00,18.729999542236328,20.09000015258789,18.200000762939453,19.469999313354492,4929900,0.0,0.0
2024-11-07 00:00:00-05:00,19.59000015258789,20.479999542236328,19.260000228881836,20.139999389648438,2243500,0.0,0.0
2024-11-08 00:00:00-05:00,20.260000228881836,20.709999084472656,19.3799991607666,20.670000076293945,1750800,0.0,0.0
2024-11-11 00:00:00-05:00,20.780000686645508,21.69499969482422,20.200000762939453,21.670000076293945,1209500,0.0,0.0
2024-11-12 00:00:00-05:00,21.200000762939453,21.450000762939453,19.950000762939453,20.450000762939453,1707200,0.0,0.0
2024-11-13 00:00:00-05:00,20.5,21.34000015258789,20.1200008392334,20.219999313354492,1260000,0.0,0.0
2024-11-14 00:00:00-05:00,20.260000228881836,21.06999969482422,19.834999084472656,21.010000228881836,1820300,0.0,0.0
2024-11-15 00:00:00-05:00,21.149999618530273,21.149999618530273,19.280000686645508,19.34000015258789,1684100,0.0,0.0
2024-11-18 00:00:00-05:00,19.270000457763672,19.68000030517578,18.799999237060547,19.639999389648438,2383700,0.0,0.0
2024-11-19 00:00:00-05:00,19.940000534057617,21.350000381469727,19.385000228881836,21.09000015258789,2154600,0.0,0.0
2024-11-20 00:00:00-05:00,21.0,22.1200008392334,20.809999465942383,21.90999984741211,1645400,0.0,0.0
2024-11-21 00:00:00-05:00,21.719999313354492,22.139999389648438,21.15999984741211,21.18000030517578,1573000,0.0,0.0
2024-11-22 00:00:00-05:00,21.25,23.15999984741211,21.06999969482422,23.020000457763672,2777000,0.0,0.0
2024-11-25 00:00:00-05:00,24.0,24.0,22.510000228881836,23.5,3608000,0.0,0.0
2024-11-26 00:00:00-05:00,21.0,21.219999313354492,18.780000686645508,19.0,9581100,0.0,0.0
2024-11-27 00:00:00-05:00,19.274999618530273,19.3799991607666,17.854999542236328,18.3700008392334,6605300,0.0,0.0
2024-11-29 00:00:00-05:00,18.530000686645508,18.985000610351562,17.950000762939453,18.809999465942383,1801900,0.0,0.0
2024-12-02 00:00:00-05:00,18.90999984741211,19.239999771118164,18.6200008392334,18.770000457763672,2422600,0.0,0.0
2024-12-03 00:00:00-05:00,18.889999389648438,18.950000762939453,18.239999771118164,18.329999923706055,1947500,0.0,0.0
2024-12-04 00:00:00-05:00,18.290000915527344,18.5,16.65999984741211,17.079999923706055,5737300,0.0,0.0
2024-12-05 00:00:00-05:00,17.1299991607666,17.375,16.799999237060547,16.84000015258789,2075900,0.0,0.0
2024-12-06 00:00:00-05:00,17.15999984741211,17.600000381469727,16.708999633789062,16.920000076293945,1667100,0.0,0.0
2024-12-09 00:00:00-05:00,17.270000457763672,18.989999771118164,17.1200008392334,18.520000457763672,2948500,0.0,0.0
2024-12-10 00:00:00-05:00,16.190000534057617,17.30699920654297,15.770000457763672,16.420000076293945,11611400,0.0,0.0
2024-12-11 00:00:00-05:00,16.2450008392334,16.75,15.899999618530273,16.670000076293945,14715900,0.0,0.0
2024-12-12 00:00:00-05:00,16.68000030517578,17.600000381469727,16.525999069213867,17.06999969482422,3277200,0.0,0.0
2024-12-13 00:00:00-05:00,16.75,17.6200008392334,16.729999542236328,17.170000076293945,3408300,0.0,0.0
2024-12-16 00:00:00-05:00,17.170000076293945,17.239999771118164,16.610000610351562,16.950000762939453,3544700,0.0,0.0
2024-12-17 00:00:00-05:00,16.790000915527344,17.3700008392334,16.559999465942383,17.040000915527344,1769200,0.0,0.0
2024-12-18 00:00:00-05:00,16.600000381469727,17.709999084472656,15.789999961853027,16.06999969482422,3577300,0.0,0.0
2024-12-19 00:00:00-05:00,16.270000457763672,16.530000686645508,14.805000305175781,15.0,4568700,0.0,0.0
2024-12-20 00:00:00-05:00,14.75,15.739999771118164,14.720000267028809,15.210000038146973,3404000,0.0,0.0
2024-12-23 00:00:00-05:00,15.1899995803833,15.970000267028809,15.029999732971191,15.9399995803833,2004700,0.0,0.0
2024-12-24 00:00:00-05:00,15.949999809265137,16.274999618530273,15.949999809265137,16.1299991607666,782300,0.0,0.0
2024-12-26 00:00:00-05:00,15.75,16.075000762939453,15.75,15.800000190734863,1499200,0.0,0.0
2024-12-27 00:00:00-05:00,16.18000030517578,16.600000381469727,15.850000381469727,16.239999771118164,2096800,0.0,0.0
2024-12-30 00:00:00-05:00,16.0,16.530000686645508,15.920000076293945,16.420000076293945,1650500,0.0,0.0
2024-12-31 00:00:00-05:00,16.579999923706055,16.850000381469727,15.710000038146973,15.880000114440918,2549000,0.0,0.0
2025-01-02 00:00:00-05:00,16.510000228881836,17.270000457763672,16.280000686645508,16.90999984741211,1697200,0.0,0.0
2025-01-03 00:00:00-05:00,17.360000610351562,17.799999237060547,17.0,17.350000381469727,2356600,0.0,0.0
2025-01-06 00:00:00-05:00,17.959999084472656,18.579999923706055,17.350000381469727,17.389999389648438,4130700,0.0,0.0
2025-01-07 00:00:00-05:00,17.75,18.3700008392334,17.40999984741211,17.65999984741211,3162300,0.0,0.0
2025-01-08 00:00:00-05:00,17.209999084472656,17.600000381469727,16.780000686645508,17.09000015258789,1812100,0.0,0.0
2025-01-10 00:00:00-05:00,16.639999389648438,17.0,15.989999771118164,16.09000015258789,1949100,0.0,0.0
2025-01-13 00:00:00-05:00,15.949999809265137,16.809999465942383,15.609999656677246,16.559999465942383,5130900,0.0,0.0
2025-01-14 00:00:00-05:00,16.8799991607666,17.190000534057617,15.920000076293945,16.149999618530273,2114700,0.0,0.0
2025-01-15 00:00:00-05:00,16.5,16.780000686645508,14.109999656677246,15.710000038146973,5609200,0.0,0.0
2025-01-16 00:00:00-05:00,15.729999542236328,15.789999961853027,15.329999923706055,15.579999923706055,2513800,0.0,0.0
2025-01-17 00:00:00-05:00,14.25,14.800000190734863,13.970000267028809,14.4399995803833,7467800,0.0,0.0
2025-01-21 00:00:00-05:00,14.489999771118164,14.739999771118164,14.0,14.40999984741211,3153900,0.0,0.0
2025-01-22 00:00:00-05:00,13.9399995803833,14.100000381469727,13.3100004196167,13.329999923706055,4851900,0.0,0.0
2025-01-23 00:00:00-05:00,13.4399995803833,13.989999771118164,12.90999984741211,13.75,4599400,0.0,0.0
2025-01-24 00:00:00-05:00,13.75,14.239999771118164,13.489999771118164,14.1899995803833,3061300,0.0,0.0
2025-01-27 00:00:00-05:00,14.020000457763672,14.180000305175781,13.369999885559082,13.6899995803833,2215000,0.0,0.0
2025-01-28 00:00:00-05:00,13.9399995803833,13.979999542236328,12.430000305175781,12.649999618530273,3583500,0.0,0.0
2025-01-29 00:00:00-05:00,12.805000305175781,13.279999732971191,12.579999923706055,13.25,2615400,0.0,0.0
2025-01-30 00:00:00-05:00,14.0600004196167,14.930000305175781,13.654999732971191,13.819999694824219,6167400,0.0,0.0
2025-01-31 00:00:00-05:00,14.289999961853027,14.289999961853027,12.859999656677246,13.010000228881836,4027300,0.0,0.0
2025-02-03 00:00:00-05:00,12.619999885559082,13.130000114440918,12.460000038146973,12.479999542236328,2688900,0.0,0.0
2025-02-04 00:00:00-05:00,12.449999809265137,12.824999809265137,12.015000343322754,12.369999885559082,2449300,0.0,0.0
2025-02-05 00:00:00-05:00,12.569999694824219,12.84000015258789,11.890000343322754,11.9399995803833,2799600,0.0,0.0
2025-02-06 00:00:00-05:00,11.970000267028809,12.755000114440918,11.930000305175781,12.600000381469727,3402600,0.0,0.0
2025-02-07 00:00:00-05:00,12.600000381469727,12.779999732971191,12.062000274658203,12.529999732971191,2694800,0.0,0.0
2025-02-10 00:00:00-05:00,12.960000038146973,13.369999885559082,12.720000267028809,13.069999694824219,9204900,0.0,0.0
2025-02-11 00:00:00-05:00,7.699999809265137,7.75,6.559999942779541,7.0,53193300,0.0,0.0
2025-02-12 00:00:00-05:00,6.704999923706055,7.230000019073486,6.349999904632568,6.53000020980835,17578400,0.0,0.0
2025-02-13 00:00:00-05:00,6.519999980926514,6.769999980926514,6.050000190734863,6.179999828338623,16384600,0.0,0.0
2025-02-14 00:00:00-05:00,6.440000057220459,6.864999771118164,6.315000057220459,6.429999828338623,10995200,0.0,0.0
2025-02-18 00:00:00-05:00,6.78000020980835,7.230000019073486,6.755000114440918,7.03000020980835,10118500,0.0,0.0
2025-02-19 00:00:00-05:00,7.114999771118164,7.269999980926514,6.829999923706055,6.849999904632568,5328100,0.0,0.0
2025-02-20 00:00:00-05:00,6.920000076293945,7.46999979019165,6.78000020980835,7.360000133514404,8613100,0.0,0.0
2025-02-21 00:00:00-05:00,7.59499979019165,7.78000020980835,6.855000019073486,6.940000057220459,7633900,0.0,0.0
2025-02-24 00:00:00-05:00,7.025000095367432,7.025000095367432,6.590000152587891,6.590000152587891,4977200,0.0,0.0
2025-02-25 00:00:00-05:00,6.550000190734863,6.630000114440918,6.179999828338623,6.190000057220459,5505900,0.0,0.0
2025-02-26 00:00:00-05:00,6.300000190734863,6.53000020980835,6.130000114440918,6.150000095367432,4200000,0.0,0.0
2025-02-27 00:00:00-05:00,6.190000057220459,6.28000020980835,5.840000152587891,5.880000114440918,4976500,0.0,0.0
2025-02-28 00:00:00-05:00,5.820000171661377,5.820000171661377,5.550000190734863,5.71999979019165,6443800,0.0,0.0
2025-03-03 00:00:00-05:00,5.764999866485596,5.820000171661377,5.150000095367432,5.190000057220459,8103800,0.0,0.0
2025-03-04 00:00:00-05:00,5.010000228881836,5.360000133514404,4.784999847412109,5.210000038146973,8402600,0.0,0.0
2025-03-05 00:00:00-05:00,5.420000076293945,5.579999923706055,5.170000076293945,5.449999809265137,4947300,0.0,0.0
2025-03-06 00:00:00-05:00,5.369999885559082,5.449999809265137,5.139999866485596,5.28000020980835,4595400,0.0,0.0
2025-03-07 00:00:00-05:00,5.349999904632568,5.880000114440918,5.324999809265137,5.599999904632568,6636000,0.0,0.0
2025-03-10 00:00:00-04:00,5.5,5.639999866485596,5.340000152587891,5.369999885559082,4203600,0.0,0.0
2025-03-11 00:00:00-04:00,5.369999885559082,5.619999885559082,5.130000114440918,5.380000114440918,3587200,0.0,0.0
2025-03-12 00:00:00-04:00,5.460000038146973,5.510000228881836,5.202000141143799,5.28000020980835,3687300,0.0,0.0
2025-03-13 00:00:00-04:00,5.300000190734863,5.349999904632568,4.96999979019165,5.21999979019165,4303500,0.0,0.0
2025-03-14 00:00:00-04:00,5.340000152587891,5.340000152587891,5.119999885559082,5.130000114440918,3463300,0.0,0.0
2025-03-17 00:00:00-04:00,5.179999828338623,5.510000228881836,5.150000095367432,5.409999847412109,5453600,0.0,0.0
2025-03-18 00:00:00-04:00,5.46999979019165,5.639999866485596,5.215000152587891,5.510000228881836,4471200,0.0,0.0
2025-03-19 00:00:00-04:00,5.510000228881836,5.769999980926514,5.46999979019165,5.659999847412109,5098400,0.0,0.0
2025-03-20 00:00:00-04:00,5.53000020980835,5.659999847412109,5.400000095367432,5.429999828338623,3198800,0.0,0.0
2025-03-21 00:00:00-04:00,5.300000190734863,5.480000019073486,5.239999771118164,5.380000114440918,2950800,0.0,0.0
2025-03-24 00:00:00-04:00,5.550000190734863,5.739999771118164,5.289999961853027,5.300000190734863,3344400,0.0,0.0
2025-03-25 00:00:00-04:00,5.315000057220459,5.494999885559082,5.230000019073486,5.420000076293945,3877300,0.0,0.0
2025-03-26 00:00:00-04:00,5.380000114440918,5.5960001945495605,5.199999809265137,5.289999961853027,3684100,0.0,0.0
2025-03-27 00:00:00-04:00,5.21999979019165,5.289999961853027,4.994999885559082,5.03000020980835,4037700,0.0,0.0
2025-03-28 00:00:00-04:00,5.0,5.179999828338623,4.954999923706055,4.980000019073486,3533600,0.0,0.0
2025-03-31 00:00:00-04:00,4.835000038146973,4.900000095367432,4.630000114440918,4.849999904632568,3932200,0.0,0.0
2025-04-01 00:00:00-04:00,4.840000152587891,4.840000152587891,4.630000114440918,4.800000190734863,3916300,0.0,0.0
2025-04-02 00:00:00-04:00,4.690000057220459,4.889999866485596,4.605000019073486,4.860000133514404,3839800,0.0,0.0
2025-04-03 00:00:00-04:00,4.570000171661377,4.630000114440918,4.059999942779541,4.320000171661377,7367500,0.0,0.0
2025-04-04 00:00:00-04:00,4.050000190734863,4.309999942779541,3.630000114440918,4.309999942779541,8219800,0.0,0.0
2025-04-07 00:00:00-04:00,4.019999980926514,4.590000152587891,3.869999885559082,4.289999961853027,7151200,0.0,0.0
2025-04-08 00:00:00-04:00,4.349999904632568,4.510000228881836,3.799999952316284,3.9000000953674316,5322100,0.0,0.0
2025-04-09 00:00:00-04:00,3.8499999046325684,4.46999979019165,3.809999942779541,4.420000076293945,6800200,0.0,0.0
2025-04-10 00:00:00-04:00,4.295000076293945,4.300000190734863,3.75,3.859999895095825,5036900,0.0,0.0
2025-04-11 00:00:00-04:00,3.880000114440918,4.159999847412109,3.799999952316284,4.159999847412109,4027700,0.0,0.0
2025-04-14 00:00:00-04:00,4.260000228881836,4.269999980926514,3.940000057220459,4.059999942779541,4208400,0.0,0.0
2025-04-15 00:00:00-04:00,3.940000057220459,4.005000114440918,3.6530001163482666,3.674999952316284,4982100,0.0,0.0
2025-04-16 00:00:00-04:00,3.569999933242798,3.755000114440918,3.5399999618530273,3.640000104904175,4496900,0.0,0.0
2025-04-17 00:00:00-04:00,3.640000104904175,3.700000047683716,3.490000009536743,3.690000057220459,3724700,0.0,0.0
2025-04-21 00:00:00-04:00,3.640000104904175,3.6549999713897705,3.4600000381469727,3.609999895095825,3747200,0.0,0.0
2025-04-22 00:00:00-04:00,3.6500000953674316,3.799999952316284,3.634999990463257,3.7100000381469727,3386200,0.0,0.0
2025-04-23 00:00:00-04:00,3.8399999141693115,3.9600000381469727,3.559999942779541,3.6700000762939453,4971200,0.0,0.0
2025-04-24 00:00:00-04:00,3.6700000762939453,3.9100000858306885,3.6549999713897705,3.9100000858306885,3741900,0.0,0.0
2025-04-25 00:00:00-04:00,3.8299999237060547,4.244999885559082,3.759999990463257,4.179999828338623,4470400,0.0,0.0
2025-04-28 00:00:00-04:00,4.019999980926514,4.150000095367432,3.940000057220459,4.099999904632568,4317100,0.0,0.0
2025-04-29 00:00:00-04:00,4.159999847412109,4.210000038146973,4.079999923706055,4.119999885559082,3104200,0.0,0.0
2025-04-30 00:00:00-04:00,3.9149999618530273,4.199999809265137,3.819999933242798,4.090000152587891,4387800,0.0,0.0
2025-05-01 00:00:00-04:00,4.159999847412109,4.446000099182129,4.144999980926514,4.28000020980835,3630600,0.0,0.0
2025-05-02 00:00:00-04:00,4.360000133514404,4.5289998054504395,4.300000190734863,4.340000152587891,2876800,0.0,0.0
2025-05-05 00:00:00-04:00,4.340000152587891,4.369999885559082,4.224999904632568,4.260000228881836,2228900,0.0,0.0
2025-05-06 00:00:00-04:00,4.25,4.340000152587891,4.179999828338623,4.190000057220459,4004100,0.0,0.0
2025-05-07 00:00:00-04:00,4.289999961853027,4.534999847412109,4.269999980926514,4.510000228881836,8608700,0.0,0.0
2025-05-08 00:00:00-04:00,4.195000171661377,4.900000095367432,3.930000066757202,4.820000171661377,15080800,0.0,0.0
2025-05-09 00:00:00-04:00,4.749000072479248,4.929999828338623,4.498000144958496,4.579999923706055,6446100,0.0,0.0
2025-05-12 00:00:00-04:00,5.050000190734863,6.110000133514404,5.03000020980835,5.690000057220459,14575800,0.0,0.0
2025-05-13 00:00:00-04:00,6.034999847412109,6.525000095367432,5.75,5.78000020980835,9072500,0.0,0.0
2025-05-14 00:00:00-04:00,5.78000020980835,5.800000190734863,5.369999885559082,5.449999809265137,5574900,0.0,0.0
2025-05-15 00:00:00-04:00,5.380000114440918,5.454999923706055,4.900000095367432,5.369999885559082,7052000,0.0,0.0
2025-05-16 00:00:00-04:00,5.610000133514404,5.760000228881836,5.400000095367432,5.40500020980835,5456100,0.0,0.0
2025-05-19 00:00:00-04:00,5.199999809265137,5.304999828338623,5.070000171661377,5.269999980926514,3651900,0.0,0.0
2025-05-20 00:00:00-04:00,5.309999942779541,5.619999885559082,5.255000114440918,5.360000133514404,3505000,0.0,0.0
2025-05-21 00:00:00-04:00,5.260000228881836,5.360000133514404,4.934999942779541,5.010000228881836,3283200,0.0,0.0
2025-05-22 00:00:00-04:00,4.710000038146973,5.005000114440918,4.599999904632568,4.929999828338623,3760800,0.0,0.0
2025-05-23 00:00:00-04:00,4.769999980926514,5.130000114440918,4.710000038146973,4.880000114440918,3315500,0.0,0.0
2025-05-27 00:00:00-04:00,4.989999771118164,5.0,4.715000152587891,4.829999923706055,3906700,0.0,0.0
2025-05-28 00:00:00-04:00,4.84499979019165,4.8460001945495605,4.639999866485596,4.78000020980835,2337000,0.0,0.0
2025-05-29 00:00:00-04:00,4.920000076293945,5.139999866485596,4.659999847412109,4.679999828338623,2629000,0.0,0.0
2025-05-30 00:00:00-04:00,4.639999866485596,4.855000019073486,4.554999828338623,4.699999809265137,2014200,0.0,0.0
2025-06-02 00:00:00-04:00,4.690000057220459,4.715000152587891,4.40500020980835,4.440000057220459,2382400,0.0,0.0
2025-06-03 00:00:00-04:00,4.429999828338623,4.929999828338623,4.4029998779296875,4.769999980926514,2883600,0.0,0.0
2025-06-04 00:00:00-04:00,4.75,4.869999885559082,4.574999809265137,4.849999904632568,3596800,0.0,0.0
2025-06-05 00:00:00-04:00,4.880000114440918,4.889999866485596,4.550000190734863,4.619999885559082,4858300,0.0,0.0
2025-06-06 00:00:00-04:00,4.699999809265137,4.849999904632568,4.639999866485596,4.71999979019165,1787800,0.0,0.0
2025-06-09 00:00:00-04:00,4.809999942779541,4.989999771118164,4.75,4.760000228881836,2321500,0.0,0.0
2025-06-10 00:00:00-04:00,4.860000133514404,5.070000171661377,4.78000020980835,4.96999979019165,2252800,0.0,0.0
2025-06-11 00:00:00-04:00,5.050000190734863,5.099999904632568,4.800000190734863,4.940000057220459,2234100,0.0,0.0
2025-06-12 00:00:00-04:00,4.894999980926514,4.929999828338623,4.760000228881836,4.849999904632568,1785000,0.0,0.0
2025-06-13 00:00:00-04:00,4.710000038146973,5.159999847412109,4.679999828338623,5.010000228881836,4021400,0.0,0.0
2025-06-16 00:00:00-04:00,5.139999866485596,5.28000020980835,4.840000152587891,5.010000228881836,6583300,0.0,0.0
2025-06-17 00:00:00-04:00,5.369999885559082,5.980000019073486,5.320000171661377,5.670000076293945,13128400,0.0,0.0
2025-06-18 00:00:00-04:00,5.650000095367432,5.849999904632568,5.570000171661377,5.570000171661377,5249000,0.0,0.0
2025-06-20 00:00:00-04:00,5.670000076293945,6.229000091552734,5.610000133514404,5.829999923706055,9040500,0.0,0.0
2025-06-23 00:00:00-04:00,5.800000190734863,5.849999904632568,5.420000076293945,5.619999885559082,5245700,0.0,0.0
2025-06-24 00:00:00-04:00,5.744999885559082,5.985000133514404,5.630000114440918,5.900000095367432,3548300,0.0,0.0
2025-06-25 00:00:00-04:00,6.03000020980835,6.289999961853027,5.739999771118164,6.190000057220459,4142500,0.0,0.0
2025-06-26 00:00:00-04:00,6.179999828338623,6.650000095367432,6.139999866485596,6.300000190734863,6866500,0.0,0.0
2025-06-27 00:00:00-04:00,6.349999904632568,6.379000186920166,6.059999942779541,6.139999866485596,5997400,0.0,0.0
2025-06-30 00:00:00-04:00,6.329999923706055,7.050000190734863,6.25,6.710000038146973,8106100,0.0,0.0
2025-07-01 00:00:00-04:00,6.619999885559082,7.380000114440918,6.501999855041504,7.340000152587891,8113700,0.0,0.0
2025-07-02 00:00:00-04:00,7.340000152587891,7.920000076293945,7.099999904632568,7.480000019073486,9530800,0.0,0.0
2025-07-03 00:00:00-04:00,7.695000171661377,8.427000045776367,7.590000152587891,8.40999984741211,6114100,0.0,0.0
2025-07-07 00:00:00-04:00,8.274999618530273,8.369999885559082,7.875,7.980000019073486,6441300,0.0,0.0
2025-07-08 00:00:00-04:00,8.079999923706055,8.6899995803833,7.880000114440918,8.40999984741211,6027600,0.0,0.0
2025-07-09 00:00:00-04:00,8.420000076293945,8.770000457763672,8.25,8.739999771118164,5305000,0.0,0.0
2025-07-10 00:00:00-04:00,8.739999771118164,8.914999961853027,8.475000381469727,8.569999694824219,4013300,0.0,0.0
2025-07-11 00:00:00-04:00,8.449999809265137,8.529999732971191,7.989999771118164,8.170000076293945,5440200,0.0,0.0
2025-07-14 00:00:00-04:00,7.75,8.095000267028809,7.650000095367432,7.940000057220459,5023000,0.0,0.0
2025-07-15 00:00:00-04:00,8.289999961853027,8.585000038146973,8.220000267028809,8.319999694824219,3986700,0.0,0.0
2025-07-16 00:00:00-04:00,8.40999984741211,8.4399995803833,7.994999885559082,8.270000457763672,4312900,0.0,0.0
2025-07-17 00:00:00-04:00,8.265000343322754,8.479999542236328,8.180000305175781,8.239999771118164,4309300,0.0,0.0
2025-07-18 00:00:00-04:00,8.220000267028809,9.005000114440918,8.15999984741211,8.960000038146973,5304900,0.0,0.0
2025-07-21 00:00:00-04:00,9.170000076293945,9.640000343322754,9.140000343322754,9.529999732971191,6127000,0.0,0.0
2025-07-22 00:00:00-04:00,9.529999732971191,10.345000267028809,9.5,10.210000038146973,6377400,0.0,0.0
2025-07-23 00:00:00-04:00,9.954999923706055,10.116000175476074,9.34000015258789,9.4399995803833,5821300,0.0,0.0
2025-07-24 00:00:00-04:00,9.524999618530273,9.630000114440918,9.15999984741211,9.359999656677246,4440700,0.0,0.0
2025-07-25 00:00:00-04:00,9.369999885559082,9.430000305175781,9.104999542236328,9.380000114440918,3634400,0.0,0.0
2025-07-28 00:00:00-04:00,9.489999771118164,9.529999732971191,8.734999656677246,8.84000015258789,3569800,0.0,0.0
2025-07-29 00:00:00-04:00,8.729999542236328,8.859999656677246,8.430000305175781,8.449999809265137,3234100,0.0,0.0
2025-07-30 00:00:00-04:00,8.489999771118164,8.585000038146973,8.119999885559082,8.199999809265137,3334000,0.0,0.0
2025-07-31 00:00:00-04:00,8.199999809265137,8.404999732971191,8.050000190734863,8.119999885559082,2737300,0.0,0.0
2025-08-01 00:00:00-04:00,7.889999866485596,7.96999979019165,7.579999923706055,7.78000020980835,3989100,0.0,0.0
2025-08-04 00:00:00-04:00,7.820000171661377,8.505000114440918,7.800000190734863,8.479999542236328,2874800,0.0,0.0
2025-08-05 00:00:00-04:00,8.579999923706055,8.805000305175781,8.404999732971191,8.550000190734863,3111700,0.0,0.0
2025-08-06 00:00:00-04:00,8.510000228881836,8.649999618530273,8.399999618530273,8.449999809265137,1749600,0.0,0.0
2025-08-07 00:00:00-04:00,8.979999542236328,9.385000228881836,8.8100004196167,9.069999694824219,2766000,0.0,0.0
2025-08-08 00:00:00-04:00,9.180000305175781,9.385000228881836,8.970000267028809,9.1899995803833,2410000,0.0,0.0
2025-08-11 00:00:00-04:00,9.210000038146973,9.40999984741211,8.84000015258789,9.140000343322754,5401000,0.0,0.0
2025-08-12 00:00:00-04:00,7.739999771118164,8.319999694824219,7.119999885559082,7.369999885559082,10157000,0.0,0.0
2025-08-13 00:00:00-04:00,7.369999885559082,7.630000114440918,7.110000133514404,7.550000190734863,6225500,0.0,0.0
2025-08-14 00:00:00-04:00,7.546999931335449,7.679999828338623,7.329999923706055,7.565000057220459,4173900,0.0,0.0
2025-08-15 00:00:00-04:00,7.610000133514404,8.6899995803833,7.570000171661377,7.949999809265137,6269400,0.0,0.0
2025-08-18 00:00:00-04:00,8.170000076293945,8.484000205993652,7.909999847412109,8.0600004196167,4508000,0.0,0.0
2025-08-19 00:00:00-04:00,8.079999923706055,8.1899995803833,7.699999809265137,7.820000171661377,3473400,0.0,0.0
2025-08-20 00:00:00-04:00,7.789999961853027,7.857999801635742,7.361000061035156,7.480000019073486,3668800,0.0,0.0
2025-08-21 00:00:00-04:00,7.400000095367432,7.5,6.78000020980835,6.840000152587891,5128800,0.0,0.0
2025-08-22 00:00:00-04:00,6.900000095367432,7.635000228881836,6.769999980926514,7.539999961853027,5573000,0.0,0.0
2025-08-25 00:00:00-04:00,7.670000076293945,7.734000205993652,7.349999904632568,7.46999979019165,3673400,0.0,0.0
2025-08-26 00:00:00-04:00,7.46999979019165,7.8429999351501465,7.400000095367432,7.579999923706055,3014400,0.0,0.0
2025-08-27 00:00:00-04:00,7.550000190734863,7.599999904632568,7.269999980926514,7.28000020980835,2944300,0.0,0.0
2025-08-28 00:00:00-04:00,7.400000095367432,7.760000228881836,7.260000228881836,7.75,2523500,0.0,0.0
2025-08-29 00:00:00-04:00,7.699999809265137,7.849999904632568,7.389999866485596,7.400000095367432,2530800,0.0,0.0
2025-09-02 00:00:00-04:00,7.059999942779541,7.21999979019165,6.900000095367432,6.929999828338623,3355700,0.0,0.0
2025-09-03 00:00:00-04:00,7.130000114440918,7.199999809265137,6.699999809265137,6.75,4057200,0.0,0.0
2025-09-04 00:00:00-04:00,6.75,6.894999980926514,6.690000057220459,6.75,4404400,0.0,0.0
2025-09-05 00:00:00-04:00,6.980000019073486,7.590000152587891,6.929999828338623,7.550000190734863,6326000,0.0,0.0
2025-09-08 00:00:00-04:00,7.579999923706055,7.599999904632568,7.170000076293945,7.210000038146973,2780500,0.0,0.0
2025-09-09 00:00:00-04:00,7.210000038146973,7.25,6.764999866485596,6.78000020980835,4249400,0.0,0.0
2025-09-10 00:00:00-04:00,6.869999885559082,7.25,6.710000038146973,6.760000228881836,5593400,0.0,0.0
2025-09-11 00:00:00-04:00,6.760000228881836,7.090000152587891,6.6020002365112305,6.940000057220459,4164800,0.0,0.0
2025-09-12 00:00:00-04:00,6.940000057220459,7.170000076293945,6.789999961853027,7.0,7052800,0.0,0.0
2025-09-15 00:00:00-04:00,7.159999847412109,7.409999847412109,7.09499979019165,7.389999866485596,3856900,0.0,0.0
2025-09-16 00:00:00-04:00,7.579999923706055,8.300000190734863,7.480000019073486,7.5,5825400,0.0,0.0
2025-09-17 00:00:00-04:00,7.5,7.800000190734863,7.260000228881836,7.440000057220459,3937400,0.0,0.0
2025-09-18 00:00:00-04:00,7.670000076293945,8.09000015258789,7.539999961853027,7.920000076293945,5627500,0.0,0.0
2025-09-19 00:00:00-04:00,8.050000190734863,9.479999542236328,8.00100040435791,9.359999656677246,8252800,0.0,0.0
2025-09-22 00:00:00-04:00,9.510000228881836,10.859999656677246,9.229999542236328,10.600000381469727,12216800,0.0,0.0
2025-09-23 00:00:00-04:00,10.569999694824219,11.149999618530273,10.050000190734863,10.210000038146973,10005600,0.0,0.0
2025-09-24 00:00:00-04:00,10.640000343322754,12.100000381469727,10.619999885559082,11.180000305175781,13856600,0.0,0.0
2025-09-25 00:00:00-04:00,10.90999984741211,11.970000267028809,10.510000228881836,11.729999542236328,14215100,0.0,0.0
2025-09-26 00:00:00-04:00,11.489999771118164,12.149999618530273,11.260000228881836,11.90999984741211,7294300,0.0,0.0
2025-09-29 00:00:00-04:00,12.199999809265137,12.880000114440918,11.204999923706055,11.399999618530273,8071700,0.0,0.0
2025-09-30 00:00:00-04:00,11.34000015258789,11.34000015258789,10.46500015258789,10.800000190734863,6113700,0.0,0.0
2025-10-01 00:00:00-04:00,11.0,13.524999618530273,10.949999809265137,13.449999809265137,11096700,0.0,0.0
2025-10-02 00:00:00-04:00,13.625,14.149999618530273,12.65999984741211,13.050000190734863,8908000,0.0,0.0
2025-10-03 00:00:00-04:00,13.149999618530273,14.220000267028809,13.0,13.789999961853027,8837900,0.0,0.0
2025-10-06 00:00:00-04:00,14.204999923706055,15.5,13.760000228881836,15.260000228881836,9559300,0.0,0.0
2025-10-07 00:00:00-04:00,15.8100004196167,15.8100004196167,13.600000381469727,13.829999923706055,9486300,0.0,0.0
2025-10-08 00:00:00-04:00,14.350000381469727,15.449999809265137,14.010000228881836,14.960000038146973,5916300,0.0,0.0
2025-10-09 00:00:00-04:00,14.5,15.270000457763672,14.100000381469727,14.899999618530273,6402100,0.0,0.0
2025-10-10 00:00:00-04:00,14.920000076293945,15.460000038146973,12.979999542236328,13.09000015258789,9816900,0.0,0.0
2025-10-13 00:00:00-04:00,14.0,16.34000015258789,13.96500015258789,15.890000343322754,10184600,0.0,0.0
2025-10-14 00:00:00-04:00,15.359999656677246,19.385000228881836,15.15999984741211,18.450000762939453,15089000,0.0,0.0
2025-10-15 00:00:00-04:00,20.584999084472656,21.8700008392334,19.690000534057617,21.440000534057617,18888200,0.0,0.0
2025-10-16 00:00:00-04:00,20.93000030517578,22.1200008392334,18.639999389648438,19.579999923706055,11333100,0.0,0.0
2025-10-17 00:00:00-04:00,19.104999542236328,19.940000534057617,18.229999542236328,18.325000762939453,6882200,0.0,0.0
2025-10-20 00:00:00-04:00,19.850000381469727,19.922000885009766,18.010000228881836,18.450000762939453,5775800,0.0,0.0
2025-10-21 00:00:00-04:00,17.469999313354492,17.56999969482422,16.010000228881836,16.260000228881836,7328900,0.0,0.0
2025-10-22 00:00:00-04:00,16.040000915527344,16.131000518798828,14.3100004196167,15.220000267028809,8524300,0.0,0.0
2025-10-23 00:00:00-04:00,15.989999771118164,16.399999618530273,15.282999992370605,16.030000686645508,5512200,0.0,0.0
2025-10-24 00:00:00-04:00,17.079999923706055,19.540000915527344,17.079999923706055,19.520000457763672,9200900,0.0,0.0
2025-10-27 00:00:00-04:00,19.979999542236328,20.329999923706055,18.3799991607666,18.739999771118164,7749600,0.0,0.0
2025-10-28 00:00:00-04:00,19.200000762939453,19.30500030517578,17.899999618530273,18.100000381469727,4433400,0.0,0.0
2025-10-29 00:00:00-04:00,18.899999618530273,21.209999084472656,18.520000457763672,20.280000686645508,9075000,0.0,0.0
2025-10-30 00:00:00-04:00,19.700000762939453,21.399999618530273,19.40999984741211,20.469999313354492,8803400,0.0,0.0
2025-10-31 00:00:00-04:00,20.010000228881836,21.729999542236328,19.950000762939453,21.0,6578000,0.0,0.0
2025-11-03 00:00:00-05:00,21.5,22.440000534057617,20.709999084472656,20.809999465942383,7600500,0.0,0.0
2025-11-04 00:00:00-05:00,19.520000457763672,20.989999771118164,19.010000228881836,19.18000030517578,5288200,0.0,0.0
2025-11-05 00:00:00-05:00,19.809999465942383,21.719999313354492,19.40999984741211,20.719999313354492,6634700,0.0,0.0
2025-11-06 00:00:00-05:00,21.149999618530273,21.200000762939453,19.360000610351562,19.81999969482422,5313400,0.0,0.0
2025-11-07 00:00:00-05:00,19.010000228881836,21.059999465942383,17.68000030517578,20.790000915527344,6457800,0.0,0.0
2025-11-10 00:00:00-05:00,21.844999313354492,23.743000030517578,21.270000457763672,21.790000915527344,11621800,0.0,0.0
2025-11-11 00:00:00-05:00,21.030000686645508,21.100000381469727,18.649999618530273,20.729999542236328,8014800,0.0,0.0
2025-11-12 00:00:00-05:00,20.799999237060547,21.219999313354492,18.9950008392334,19.209999084472656,6473300,0.0,0.0
2025-11-13 00:00:00-05:00,18.93000030517578,19.489999771118164,16.0,16.25,14489000,0.0,0.0
2025-11-14 00:00:00-05:00,15.295000076293945,18.270000457763672,15.220000267028809,17.90999984741211,10086700,0.0,0.0
2025-11-17 00:00:00-05:00,17.450000762939453,18.09000015258789,16.920000076293945,17.229999542236328,4929100,0.0,0.0
2025-11-18 00:00:00-05:00,16.760000228881836,18.209999084472656,16.0,17.020000457763672,6071900,0.0,0.0
2025-11-19 00:00:00-05:00,17.25,18.049999237060547,16.3799991607666,16.809999465942383,4159900,0.0,0.0
2025-11-20 00:00:00-05:00,17.700000762939453,18.280000686645508,15.454999923706055,15.510000228881836,5807800,0.0,0.0
2025-11-21 00:00:00-05:00,15.579999923706055,15.880000114440918,14.579999923706055,15.399999618530273,7750500,0.0,0.0
2025-11-24 00:00:00-05:00,15.5,15.989999771118164,15.010000228881836,15.800000190734863,9794700,0.0,0.0
2025-11-25 00:00:00-05:00,18.145000457763672,19.229999542236328,15.100000381469727,16.770000457763672,11842100,0.0,0.0
2025-11-26 00:00:00-05:00,17.6200008392334,19.200000762939453,17.209999084472656,18.989999771118164,8358500,0.0,0.0
2025-11-28 00:00:00-05:00,19.010000228881836,19.989999771118164,18.700000762939453,19.639999389648438,3411000,0.0,0.0
2025-12-01 00:00:00-05:00,19.049999237060547,19.969999313354492,18.520000457763672,19.389999389648438,4878100,0.0,0.0
2025-12-02 00:00:00-05:00,19.200000762939453,20.270000457763672,18.910999298095703,19.959999084472656,5690100,0.0,0.0
2025-12-03 00:00:00-05:00,20.09000015258789,20.152999877929688,19.110000610351562,19.850000381469727,4496900,0.0,0.0
2025-12-04 00:00:00-05:00,20.110000610351562,23.479999542236328,19.84000015258789,23.34000015258789,10286000,0.0,0.0
2025-12-05 00:00:00-05:00,22.510000228881836,24.790000915527344,22.510000228881836,23.959999084472656,7800400,0.0,0.0
2025-12-08 00:00:00-05:00,22.579999923706055,23.670000076293945,21.829999923706055,22.860000610351562,6257300,0.0,0.0
2025-12-09 00:00:00-05:00,22.610000610351562,24.329999923706055,21.829999923706055,23.940000534057617,5635400,0.0,0.0
2025-12-10 00:00:00-05:00,23.899999618530273,24.40999984741211,22.540000915527344,23.809999465942383,3994300,0.0,0.0
2025-12-11 00:00:00-05:00,23.489999771118164,25.809999465942383,22.25,25.790000915527344,7086100,0.0,0.0
2025-12-12 00:00:00-05:00,25.440000534057617,25.850000381469727,22.010000228881836,22.190000534057617,7057800,0.0,0.0
2025-12-15 00:00:00-05:00,22.610000610351562,22.68000030517578,21.360000610351562,21.520000457763672,4325000,0.0,0.0
2025-12-16 00:00:00-05:00,20.809999465942383,21.3700008392334,18.520000457763672,21.309999465942383,6081400,0.0,0.0
2025-12-17 00:00:00-05:00,21.709999084472656,21.719999313354492,18.479999542236328,18.56999969482422,4994300,0.0,0.0
2025-12-18 00:00:00-05:00,20.479999542236328,20.82200050354004,19.0,19.309999465942383,4414400,0.0,0.0
2025-12-19 00:00:00-05:00,18.96500015258789,20.25,18.90999984741211,19.959999084472656,6804100,0.0,0.0
2025-12-22 00:00:00-05:00,20.34000015258789,20.950000762939453,19.538000106811523,20.450000762939453,4106800,0.0,0.0
2025-12-23 00:00:00-05:00,19.84000015258789,21.149999618530273,19.420000076293945,19.670000076293945,4026600,0.0,0.0
2025-12-24 00:00:00-05:00,19.700000762939453,20.0,19.219999313354492,19.829999923706055,1517800,0.0,0.0
2025-12-26 00:00:00-05:00,19.829999923706055,20.584999084472656,19.110000610351562,20.209999084472656,2538600,0.0,0.0
2025-12-29 00:00:00-05:00,19.489999771118164,20.951000213623047,19.3700008392334,19.969999313354492,2719200,0.0,0.0
2025-12-30 00:00:00-05:00,20.010000228881836,20.600000381469727,19.81999969482422,19.860000610351562,2719000,0.0,0.0
2025-12-31 00:00:00-05:00,19.96500015258789,20.190000534057617,19.489999771118164,19.780000686645508,2041000,0.0,0.0
2026-01-02 00:00:00-05:00,20.360000610351562,23.1200008392334,20.139999389648438,23.010000228881836,6109700,0.0,0.0
2026-01-05 00:00:00-05:00,23.1299991607666,23.56999969482422,21.709999084472656,22.25,3825900,0.0,0.0
2026-01-06 00:00:00-05:00,22.3799991607666,22.639999389648438,21.309999465942383,21.829999923706055,3733200,0.0,0.0
2026-01-07 00:00:00-05:00,21.600000381469727,21.600000381469727,19.90999984741211,20.559999465942383,4666200,0.0,0.0
2026-01-08 00:00:00-05:00,20.774999618530273,22.0,20.5,21.18000030517578,5537900,0.0,0.0
2026-01-09 00:00:00-05:00,21.950000762939453,23.389999389648438,21.6200008392334,23.200000762939453,4351600,0.0,0.0
2026-01-12 00:00:00-05:00,22.75,24.200000762939453,22.219999313354492,23.280000686645508,5243200,0.0,0.0
2026-01-13 00:00:00-05:00,23.844999313354492,25.229999542236328,22.950000762939453,23.81999969482422,4960200,0.0,0.0
2026-01-14 00:00:00-05:00,23.799999237060547,24.549999237060547,22.59000015258789,22.649999618530273,4656800,0.0,0.0
2026-01-15 00:00:00-05:00,23.489999771118164,26.31999969482422,23.389999389648438,25.5,7091800,0.0,0.0
2026-01-16 00:00:00-05:00,25.700000762939453,27.93000030517578,25.049999237060547,27.079999923706055,6205300,0.0,0.0
2026-01-20 00:00:00-05:00,25.65999984741211,26.700000762939453,24.3799991607666,25.510000228881836,6874700,0.0,0.0
2026-01-21 00:00:00-05:00,26.68000030517578,27.350000381469727,24.610000610351562,26.34000015258789,4196000,0.0,0.0
2026-01-22 00:00:00-05:00,27.25,28.459999084472656,26.5,27.270000457763672,5654800,0.0,0.0
2026-01-23 00:00:00-05:00,27.540000915527344,28.399999618530273,26.579999923706055,26.940000534057617,3854600,0.0,0.0
2026-01-26 00:00:00-05:00,26.6200008392334,27.540000915527344,25.701000213623047,27.1200008392334,4526700,0.0,0.0
2026-01-27 00:00:00-05:00,27.1299991607666,30.540000915527344,27.100000381469727,28.440000534057617,5896700,0.0,0.0
2026-01-28 00:00:00-05:00,29.020000457763672,31.485000610351562,28.90999984741211,30.989999771118164,6062600,0.0,0.0
2026-01-29 00:00:00-05:00,31.299999237060547,32.04499816894531,29.709999084472656,31.56999969482422,7098300,0.0,0.0
2026-01-30 00:00:00-05:00,30.645000457763672,33.5099983215332,30.260000228881836,30.770000457763672,7341100,0.0,0.0
2026-02-02 00:00:00-05:00,30.010000228881836,32.34000015258789,29.700000762939453,30.889999389648438,5818900,0.0,0.0
2026-02-03 00:00:00-05:00,31.93000030517578,33.29999923706055,30.049999237060547,32.22999954223633,5705400,0.0,0.0
2026-02-04 00:00:00-05:00,33.040000915527344,33.5,26.389999389648438,28.989999771118164,10331600,0.0,0.0
2026-02-05 00:00:00-05:00,24.850000381469727,25.6200008392334,18.600000381469727,18.950000762939453,19885200,0.0,0.0
2026-02-06 00:00:00-05:00,20.399999618530273,21.599000930786133,18.81999969482422,19.440000534057617,12000000,0.0,0.0
2026-02-09 00:00:00-05:00,19.170000076293945,20.719999313354492,18.285999298095703,19.399999618530273,7086000,0.0,0.0
2026-02-10 00:00:00-05:00,19.989999771118164,21.079999923706055,18.90999984741211,18.989999771118164,8253000,0.0,0.0
2026-02-11 00:00:00-05:00,19.65999984741211,19.80500030517578,17.26099967956543,17.520000457763672,10396200,0.0,0.0
2026-02-12 00:00:00-05:00,17.469999313354492,18.479999542236328,17.018999099731445,17.440000534057617,6982600,0.0,0.0
2026-02-13 00:00:00-05:00,17.200000762939453,18.5049991607666,16.600000381469727,18.459999084472656,4802500,0.0,0.0
2026-02-17 00:00:00-05:00,18.020000457763672,18.360000610351562,17.18000030517578,17.780000686645508,4542200,0.0,0.0
2026-02-18 00:00:00-05:00,18.079999923706055,18.3700008392334,17.31999969482422,17.43000030517578,2704800,0.0,0.0
2026-02-19 00:00:00-05:00,17.030000686645508,17.5,16.540000915527344,16.559999465942383,5688700,0.0,0.0
2026-02-20 00:00:00-05:00,16.149999618530273,17.479999542236328,15.859999656677246,16.549999237060547,6014300,0.0,0.0
2026-02-23 00:00:00-05:00,16.200000762939453,16.459999084472656,15.489999771118164,16.06999969482422,6039100,0.0,0.0
2026-02-24 00:00:00-05:00,15.697999954223633,16.940000534057617,15.34000015258789,16.489999771118164,3691100,0.0,0.0
2026-02-25 00:00:00-05:00,16.700000762939453,16.899999618530273,16.18000030517578,16.329999923706055,4128500,0.0,0.0
2026-02-26 00:00:00-05:00,15.84000015258789,16.239999771118164,15.260000228881836,16.200000762939453,6744800,0.0,0.0
2026-02-27 00:00:00-05:00,15.619999885559082,15.859999656677246,15.220000267028809,15.539999961853027,3967900,0.0,0.0
2026-03-02 00:00:00-05:00,14.880000114440918,15.720000267028809,14.760000228881836,15.119999885559082,4999400,0.0,0.0
2026-03-03 00:00:00-05:00,14.229999542236328,15.050000190734863,13.8100004196167,14.920000076293945,8393900,0.0,0.0
2026-03-04 00:00:00-05:00,15.050000190734863,16.260000228881836,15.050000190734863,15.800000190734863,4469800,0.0,0.0
2026-03-05 00:00:00-05:00,15.140000343322754,15.8100004196167,14.970000267028809,15.760000228881836,3512300,0.0,0.0
2026-03-06 00:00:00-05:00,15.470000267028809,16.190000534057617,14.770000457763672,14.779999732971191,2489900,0.0,0.0
2026-03-09 00:00:00-04:00,14.569999694824219,15.944999694824219,14.470000267028809,15.699999809265137,4881200,0.0,0.0
2026-03-10 00:00:00-04:00,15.9399995803833,16.90999984741211,15.65999984741211,16.8799991607666,4685500,0.0,0.0
2026-03-11 00:00:00-04:00,17.389999389648438,18.209999084472656,16.969999313354492,17.110000610351562,6950000,0.0,0.0
2026-03-12 00:00:00-04:00,16.700000762939453,17.149999618530273,16.18000030517578,16.420000076293945,3853100,0.0,0.0
2026-03-13 00:00:00-04:00,16.760000228881836,17.40999984741211,16.010000228881836,16.3799991607666,3394800,0.0,0.0
2026-03-16 00:00:00-04:00,16.920000076293945,17.329999923706055,16.479999542236328,16.780000686645508,2616200,0.0,0.0
2026-03-17 00:00:00-04:00,16.559999465942383,16.790000915527344,16.25,16.5,2370700,0.0,0.0
2026-03-18 00:00:00-04:00,16.670000076293945,16.829999923706055,15.949999809265137,15.989999771118164,2560000,0.0,0.0
2026-03-19 00:00:00-04:00,15.90999984741211,16.40999984741211,15.65999984741211,16.030000686645508,3005100,0.0,0.0
2026-03-20 00:00:00-04:00,15.9399995803833,16.25,14.9399995803833,15.130000114440918,3729400,0.0,0.0
2026-03-23 00:00:00-04:00,15.329999923706055,15.850000381469727,15.074999809265137,15.359999656677246,3328800,0.0,0.0
2026-03-24 00:00:00-04:00,15.170000076293945,16.309999465942383,15.170000076293945,16.149999618530273,2968600,0.0,0.0
2026-03-25 00:00:00-04:00,16.545000076293945,16.864999771118164,16.209999084472656,16.350000381469727,2743700,0.0,0.0
2026-03-26 00:00:00-04:00,15.9399995803833,16.045000076293945,14.845000267028809,14.960000038146973,2935700,0.0,0.0
2026-03-27 00:00:00-04:00,14.76200008392334,14.9399995803833,14.060999870300293,14.149999618530273,3323600,0.0,0.0
2026-03-30 00:00:00-04:00,14.289999961853027,14.359999656677246,12.864999771118164,13.0,3948100,0.0,0.0
2026-03-31 00:00:00-04:00,13.164999961853027,13.960000038146973,12.90999984741211,13.760000228881836,5856800,0.0,0.0
2026-04-01 00:00:00-04:00,14.199999809265137,14.449999809265137,12.850000381469727,13.020000457763672,4336000,0.0,0.0
2026-04-02 00:00:00-04:00,12.335000038146973,13.390000343322754,12.119999885559082,13.300000190734863,3748300,0.0,0.0
2026-04-06 00:00:00-04:00,13.109999656677246,14.015000343322754,13.020000457763672,13.199999809265137,3220000,0.0,0.0
2026-04-07 00:00:00-04:00,12.949999809265137,13.3100004196167,12.529999732971191,13.25,4568400,0.0,0.0
2026-04-08 00:00:00-04:00,14.5600004196167,14.609999656677246,12.819999694824219,13.119999885559082,5383200,0.0,0.0
2026-04-09 00:00:00-04:00,13.0600004196167,13.65999984741211,12.920000076293945,13.5600004196167,3080700,0.0,0.0
2026-04-10 00:00:00-04:00,13.65999984741211,14.774999618530273,13.600000381469727,13.779999732971191,4210800,0.0,0.0
2026-04-13 00:00:00-04:00,13.550000190734863,14.109000205993652,13.300000190734863,13.649999618530273,3076700,0.0,0.0
2026-04-14 00:00:00-04:00,14.699999809265137,14.979999542236328,14.125,14.800000190734863,3850800,0.0,0.0
2026-04-15 00:00:00-04:00,15.270000457763672,15.9399995803833,14.770000457763672,15.210000038146973,4019400,0.0,0.0
2026-04-16 00:00:00-04:00,15.630000114440918,15.829999923706055,14.720000267028809,14.979999542236328,3838300,0.0,0.0
2026-04-17 00:00:00-04:00,13.819999694824219,14.720000267028809,13.279999732971191,13.53499984741211,7627900,0.0,0.0
2026-04-20 00:00:00-04:00,13.380000114440918,13.449999809265137,12.180000305175781,12.630000114440918,5833900,0.0,0.0
2026-04-21 00:00:00-04:00,13.085000038146973,13.680000305175781,12.635000228881836,12.770000457763672,5598700,0.0,0.0
2026-04-22 00:00:00-04:00,13.260000228881836,13.75,13.010000228881836,13.5,5489100,0.0,0.0
2026-04-23 00:00:00-04:00,13.489999771118164,13.710000038146973,12.9399995803833,13.520000457763672,3142900,0.0,0.0
2026-04-24 00:00:00-04:00,13.489999771118164,13.539999961853027,13.036999702453613,13.380000114440918,2714200,0.0,0.0
2026-04-27 00:00:00-04:00,13.430000305175781,13.920000076293945,12.5649995803833,13.359999656677246,5204700,0.0,0.0
2026-04-28 00:00:00-04:00,12.779999732971191,12.949999809265137,11.9399995803833,12.350000381469727,5592700,0.0,0.0
2026-04-29 00:00:00-04:00,12.479999542236328,12.5,11.335000038146973,11.829999923706055,4835700,0.0,0.0
2026-04-30 00:00:00-04:00,11.552000045776367,12.399999618530273,11.489999771118164,12.180000305175781,4925800,0.0,0.0
2026-05-01 00:00:00-04:00,12.09000015258789,12.404999732971191,11.75,12.1899995803833,4914100,0.0,0.0
2026-05-04 00:00:00-04:00,12.0,12.494999885559082,11.890000343322754,12.329999923706055,4963100,0.0,0.0
2026-05-05 00:00:00-04:00,12.329999923706055,12.8100004196167,12.255000114440918,12.6899995803833,4309200,0.0,0.0
2026-05-06 00:00:00-04:00,12.649999618530273,13.649999618530273,12.359999656677246,13.5600004196167,11373300,0.0,0.0
2026-05-07 00:00:00-04:00,19.204999923706055,20.28499984741211,16.309999465942383,18.969999313354492,46080100,0.0,0.0
2026-05-08 00:00:00-04:00,23.774999618530273,26.979999542236328,23.520000457763672,24.15999984741211,41472200,0.0,0.0
2026-05-11 00:00:00-04:00,23.55500030517578,27.389999389648438,22.219999313354492,25.229999542236328,27322400,0.0,0.0
2026-05-12 00:00:00-04:00,22.6299991607666,23.850000381469727,20.59000015258789,21.280000686645508,20433200,0.0,0.0
2026-05-13 00:00:00-04:00,21.010000228881836,22.65999984741211,19.65999984741211,22.100000381469727,25413700,0.0,0.0
2026-05-14 00:00:00-04:00,21.899999618530273,22.309999465942383,20.639999389648438,20.940000534057617,11721800,0.0,0.0
2026-05-15 00:00:00-04:00,19.84000015258789,21.139999389648438,19.0,20.770000457763672,15002500,0.0,0.0
2026-05-18 00:00:00-04:00,20.851999282836914,21.8700008392334,18.670000076293945,19.540000915527344,15048500,0.0,0.0
2026-05-19 00:00:00-04:00,18.950000762939453,19.399999618530273,17.232999801635742,17.90999984741211,9293200,0.0,0.0
2026-05-20 00:00:00-04:00,18.48200035095215,19.479999542236328,17.799999237060547,18.940000534057617,7271100,0.0,0.0
2026-05-21 00:00:00-04:00,18.84000015258789,20.579999923706055,18.709999084472656,20.190000534057617,7025500,0.0,0.0
2026-05-22 00:00:00-04:00,20.200000762939453,22.489999771118164,19.899999618530273,21.489999771118164,10968900,0.0,0.0
2026-05-26 00:00:00-04:00,22.010000228881836,22.450000762939453,20.700000762939453,21.329999923706055,7751500,0.0,0.0
2026-05-27 00:00:00-04:00,20.670000076293945,21.770000457763672,20.290000915527344,21.219999313354492,6342800,0.0,0.0
2026-05-28 00:00:00-04:00,20.809999465942383,21.917999267578125,19.920000076293945,21.360000610351562,6921900,0.0,0.0
2026-05-29 00:00:00-04:00,21.204999923706055,21.204999923706055,18.614999771118164,18.8799991607666,11207200,0.0,0.0
2026-06-01 00:00:00-04:00,23.420000076293945,28.8799991607666,23.243999481201172,27.149999618530273,46233500,0.0,0.0
2026-06-02 00:00:00-04:00,26.510000228881836,29.969999313354492,26.240999221801758,27.90999984741211,24682100,0.0,0.0
2026-06-03 00:00:00-04:00,27.139999389648438,28.079999923706055,24.670000076293945,24.850000381469727,12907000,0.0,0.0
2026-06-04 00:00:00-04:00,24.31999969482422,27.538999557495117,24.010000228881836,27.149999618530273,10885700,0.0,0.0
2026-06-05 00:00:00-04:00,26.31999969482422,26.31999969482422,22.219999313354492,22.90999984741211,12912800,0.0,0.0
2026-06-08 00:00:00-04:00,23.8799991607666,25.579999923706055,22.850000381469727,24.06999969482422,10190400,0.0,0.0
2026-06-09 00:00:00-04:00,24.299999237060547,27.979999542236328,22.559999465942383,23.459999084472656,19705900,0.0,0.0
2026-06-10 00:00:00-04:00,24.0,26.799999237060547,21.375,21.6200008392334,18536700,0.0,0.0
2026-06-11 00:00:00-04:00,21.760000228881836,24.34000015258789,21.309999465942383,24.280000686645508,14271500,0.0,0.0
2026-06-12 00:00:00-04:00,24.299999237060547,25.31999969482422,23.010000228881836,23.709999084472656,9291443,0.0,0.0
