Date,Open,High,Low,Close,Volume,Dividends,Stock Splits
2022-01-03 00:00:00-05:00,19.403051500735074,20.057086944580078,19.403051500735074,20.057086944580078,1100,0.0,0.0
2022-01-04 00:00:00-05:00,20.057086944580078,20.057086944580078,20.057086944580078,20.057086944580078,0,0.0,0.0
2022-01-05 00:00:00-05:00,20.057086944580078,20.057086944580078,20.057086944580078,20.057086944580078,0,0.0,0.0
2022-01-06 00:00:00-05:00,20.057083211919313,20.309977668191692,20.057083211919313,20.275094985961914,1100,0.0,0.0
2022-01-07 00:00:00-05:00,19.812909639755915,20.336138235757293,18.32170988761473,20.16172981262207,28400,0.0,0.0
2022-01-10 00:00:00-05:00,20.048364133906773,20.71984085048832,19.690824929139552,20.231494903564453,4700,0.0,0.0
2022-01-11 00:00:00-05:00,19.96987953380802,20.798324997081096,19.7954711006386,20.344860076904297,6600,0.0,0.0
2022-01-12 00:00:00-05:00,20.135570109188546,20.894250246569204,20.048365055974042,20.641357421875,2000,0.0,0.0
2022-01-13 00:00:00-05:00,20.196617381762803,20.309984473699,20.065810606165833,20.083251953125,1900,0.0,0.0
2022-01-14 00:00:00-05:00,20.057086944580078,20.057086944580078,20.057086944580078,20.057086944580078,100,0.0,0.0
2022-01-18 00:00:00-05:00,19.90883500249429,19.90883500249429,19.891393661499023,19.891393661499023,1500,0.0,0.0
2022-01-19 00:00:00-05:00,20.1442928314209,20.1442928314209,20.1442928314209,20.1442928314209,600,0.0,0.0
2022-01-20 00:00:00-05:00,19.80419132763116,20.34486132932505,19.80419132763116,19.926279067993164,3400,0.0,0.0
2022-01-21 00:00:00-05:00,20.05708531075223,20.05708531075223,19.629782388510225,20.048364639282227,400,0.0,0.0
2022-01-24 00:00:00-05:00,20.057085816747122,20.057085816747122,19.926279067993164,19.926279067993164,900,0.0,0.0
2022-01-25 00:00:00-05:00,20.004764294189137,20.01348496624719,19.185039417011534,19.95244026184082,5700,0.0,0.0
2022-01-26 00:00:00-05:00,19.95244026184082,19.95244026184082,19.95244026184082,19.95244026184082,0,0.0,0.0
2022-01-27 00:00:00-05:00,19.621063549901766,20.057087184344027,19.525137818069055,19.943721771240234,4400,0.0,0.0
2022-01-28 00:00:00-05:00,19.943721771240234,19.943721771240234,19.943721771240234,19.943721771240234,0,0.0,0.0
2022-01-31 00:00:00-05:00,19.621063315350078,20.057086944580078,19.621063315350078,20.057086944580078,300,0.0,0.0
2022-02-01 00:00:00-05:00,19.716986614692804,19.961158752441406,19.664662588062722,19.961158752441406,800,0.0,0.0
2022-02-02 00:00:00-05:00,19.72570811138223,20.048364639282227,19.72570811138223,20.048364639282227,500,0.0,0.0
2022-02-03 00:00:00-05:00,20.048364639282227,20.048364639282227,20.048364639282227,20.048364639282227,0,0.0,0.0
2022-02-04 00:00:00-05:00,19.629782388510225,20.048364639282227,19.629782388510225,20.048364639282227,700,0.0,0.0
2022-02-07 00:00:00-05:00,19.716988919631138,20.048366143870307,18.7402952645663,19.403051376342773,23000,0.0,0.0
2022-02-08 00:00:00-05:00,19.185039545035046,19.35072898864746,19.185039545035046,19.35072898864746,800,0.0,0.0
2022-02-09 00:00:00-05:00,19.35072898864746,19.35072898864746,19.35072898864746,19.35072898864746,0,0.0,0.0
2022-02-10 00:00:00-05:00,19.35072898864746,19.35072898864746,19.35072898864746,19.35072898864746,0,0.0,0.0
2022-02-11 00:00:00-05:00,19.289686477409692,19.289686477409692,19.28096580505371,19.28096580505371,1700,0.0,0.0
2022-02-14 00:00:00-05:00,18.96702766418457,18.96702766418457,18.96702766418457,18.96702766418457,300,0.0,0.0
2022-02-15 00:00:00-05:00,18.391475856565176,19.263523069628302,18.391475856565176,19.09783363342285,9600,0.0,0.0
2022-02-16 00:00:00-05:00,19.089114837199652,19.185040572316666,18.522284425677213,18.99319076538086,25500,0.0,0.0
2022-02-17 00:00:00-05:00,18.78390068932649,19.132719296145808,18.58332853501935,18.905986785888672,9200,0.0,0.0
2022-02-18 00:00:00-05:00,18.96702795613238,19.010629653930664,18.888543569456946,19.010629653930664,2700,0.0,0.0
2022-02-22 00:00:00-05:00,18.879819352232037,18.993186406498037,18.749012620100206,18.949583053588867,21000,0.0,0.0
2022-02-23 00:00:00-05:00,18.801336306875683,18.92342404033777,18.714131258202183,18.914703369140625,3700,0.0,0.0
2022-02-24 00:00:00-05:00,18.73915737411945,18.94980811886788,18.61627651743872,18.765487670898438,800,0.14,0.0
2022-02-25 00:00:00-05:00,18.695277519689018,18.862043380737305,18.633837906172253,18.862043380737305,2800,0.0,0.0
2022-02-28 00:00:00-05:00,18.87082012400908,18.87082012400908,18.528512759798428,18.651391983032227,2800,0.0,0.0
2022-03-01 00:00:00-05:00,18.84448260377151,18.870814575624014,18.431958422702525,18.46706771850586,6500,0.0,0.0
2022-03-02 00:00:00-05:00,18.826936721801758,18.826936721801758,18.826936721801758,18.826936721801758,300,0.0,0.0
2022-03-03 00:00:00-05:00,18.826936721801758,18.826936721801758,18.826936721801758,18.826936721801758,0,0.0,0.0
2022-03-04 00:00:00-05:00,18.721607208251953,18.721607208251953,18.721607208251953,18.721607208251953,300,0.0,0.0
2022-03-07 00:00:00-05:00,18.458293363280287,18.721606427741587,18.256418228149414,18.256418228149414,5800,0.0,0.0
2022-03-08 00:00:00-05:00,18.256417116010745,18.344188690185547,18.256417116010745,18.344188690185547,2000,0.0,0.0
2022-03-09 00:00:00-05:00,18.212534547409064,18.423185348510742,18.080878005983482,18.423185348510742,2800,0.0,0.0
2022-03-10 00:00:00-05:00,18.423185348510742,18.423185348510742,18.423185348510742,18.423185348510742,0,0.0,0.0
2022-03-11 00:00:00-05:00,18.28274929705599,18.414405822753906,18.28274929705599,18.414405822753906,600,0.0,0.0
2022-03-14 00:00:00-04:00,18.335413162230445,18.335413162230445,18.212533950805664,18.212533950805664,1600,0.0,0.0
2022-03-15 00:00:00-04:00,18.212533950805664,18.212533950805664,18.212533950805664,18.212533950805664,200,0.0,0.0
2022-03-16 00:00:00-04:00,18.212533950805664,18.212533950805664,18.212533950805664,18.212533950805664,600,0.0,0.0
2022-03-17 00:00:00-04:00,18.036992328431815,18.396854341910323,18.036992328431815,18.388078689575195,9000,0.0,0.0
2022-03-18 00:00:00-04:00,18.431962155627666,18.721607208251953,18.405630178442294,18.721607208251953,6200,0.0,0.0
2022-03-21 00:00:00-04:00,18.431961387192704,18.721606427741587,18.256418228149414,18.256418228149414,1400,0.0,0.0
2022-03-22 00:00:00-04:00,18.388075902327483,18.431960853766444,18.02821394339652,18.361743927001953,1800,0.0,0.0
2022-03-23 00:00:00-04:00,18.361743927001953,18.361743927001953,18.361743927001953,18.361743927001953,0,0.0,0.0
2022-03-24 00:00:00-04:00,18.212534547409064,18.423185348510742,18.212534547409064,18.423185348510742,700,0.0,0.0
2022-03-25 00:00:00-04:00,18.256418228149414,18.256418228149414,18.256418228149414,18.256418228149414,200,0.0,0.0
2022-03-28 00:00:00-04:00,18.431961059570312,18.431961059570312,18.38807610764135,18.431961059570312,500,0.0,0.0
2022-03-29 00:00:00-04:00,18.43196153206059,18.43196153206059,18.317859649658203,18.317859649658203,3600,0.0,0.0
2022-03-30 00:00:00-04:00,18.40562908395077,18.431961059570312,18.40562908395077,18.431961059570312,2100,0.0,0.0
2022-03-31 00:00:00-04:00,18.089653747034305,18.431961059570312,18.063321771414763,18.431961059570312,1400,0.0,0.0
2022-04-01 00:00:00-04:00,18.423186379098055,18.431963705564595,18.203758239746094,18.203758239746094,2900,0.0,0.0
2022-04-04 00:00:00-04:00,18.001882169072772,18.431961059570312,18.001882169072772,18.431961059570312,2100,0.0,0.0
2022-04-05 00:00:00-04:00,18.431961059570312,18.431961059570312,18.431961059570312,18.431961059570312,0,0.0,0.0
2022-04-06 00:00:00-04:00,17.99310484386626,18.431961059570312,17.99310484386626,18.431961059570312,1000,0.0,0.0
2022-04-07 00:00:00-04:00,18.431961059570312,18.431961059570312,18.431961059570312,18.431961059570312,0,0.0,0.0
2022-04-08 00:00:00-04:00,18.431961059570312,18.431961059570312,18.431961059570312,18.431961059570312,0,0.0,0.0
2022-04-11 00:00:00-04:00,18.010654611474454,18.396846771240234,18.010654611474454,18.396846771240234,2800,0.0,0.0
2022-04-12 00:00:00-04:00,18.396846771240234,18.396846771240234,18.396846771240234,18.396846771240234,0,0.0,0.0
2022-04-13 00:00:00-04:00,18.159868076640144,18.46706771850586,18.159868076640144,18.46706771850586,300,0.0,0.0
2022-04-14 00:00:00-04:00,18.46706771850586,18.46706771850586,18.46706771850586,18.46706771850586,0,0.0,0.0
2022-04-18 00:00:00-04:00,18.46706771850586,18.46706771850586,18.46706771850586,18.46706771850586,0,0.0,0.0
2022-04-19 00:00:00-04:00,18.186202569482447,18.423185348510742,18.186202569482447,18.423185348510742,200,0.0,0.0
2022-04-20 00:00:00-04:00,18.256417322274984,18.414405822753906,18.256417322274984,18.414405822753906,500,0.0,0.0
2022-04-21 00:00:00-04:00,18.247642252544342,18.431961059570312,18.212532951718288,18.431961059570312,1000,0.0,0.0
2022-04-22 00:00:00-04:00,18.08087564176467,18.344188690185547,18.08087564176467,18.344188690185547,300,0.0,0.0
2022-04-25 00:00:00-04:00,18.2125326929102,18.61627960205078,18.2125326929102,18.61627960205078,3800,0.0,0.0
2022-04-26 00:00:00-04:00,18.41440817181863,18.677722930908203,18.41440817181863,18.677722930908203,300,0.0,0.0
2022-04-27 00:00:00-04:00,18.177423190660402,18.546062469482422,18.142315564826838,18.546062469482422,3500,0.0,0.0
2022-04-28 00:00:00-04:00,18.546062469482422,18.546062469482422,18.546062469482422,18.546062469482422,100,0.0,0.0
2022-04-29 00:00:00-04:00,18.546062469482422,18.546062469482422,18.546062469482422,18.546062469482422,500,0.0,0.0
2022-05-02 00:00:00-04:00,18.25642188322836,18.414410423177138,17.98433143892989,18.309085845947266,5500,0.0,0.0
2022-05-03 00:00:00-04:00,18.04577357511186,18.45829963684082,17.966779294104363,18.45829963684082,7600,0.0,0.0
2022-05-04 00:00:00-04:00,17.99310484386626,18.431961059570312,17.949219891937297,18.431961059570312,12300,0.0,0.0
2022-05-05 00:00:00-04:00,18.0018813924177,18.361743339841215,18.0018813924177,18.344188690185547,1900,0.0,0.0
2022-05-06 00:00:00-04:00,18.124762961757426,18.44074000046182,18.124762961757426,18.423185348510742,300,0.0,0.0
2022-05-09 00:00:00-04:00,17.931667911480247,18.33541488647461,17.931667911480247,18.33541488647461,2400,0.0,0.0
2022-05-10 00:00:00-04:00,18.107206814745815,18.291527296805814,17.975550284190742,17.993104934692383,2500,0.0,0.0
2022-05-11 00:00:00-04:00,18.019436910444842,18.019436910444842,17.993104934692383,17.993104934692383,200,0.0,0.0
2022-05-12 00:00:00-04:00,17.993104934692383,17.993104934692383,17.993104934692383,17.993104934692383,0,0.0,0.0
2022-05-13 00:00:00-04:00,17.993104934692383,17.993104934692383,17.993104934692383,17.993104934692383,0,0.0,0.0
2022-05-16 00:00:00-04:00,17.949225225372086,18.29153263962136,17.5981388092041,17.5981388092041,6300,0.0,0.0
2022-05-17 00:00:00-04:00,17.59813125294051,17.77367438565001,17.334818227979643,17.721012115478516,3500,0.0,0.0
2022-05-18 00:00:00-04:00,17.42259407043457,17.42259407043457,17.42259407043457,17.42259407043457,300,0.0,0.0
2022-05-19 00:00:00-04:00,17.993104053931287,17.993104053931287,17.475253608206934,17.966772079467773,1300,0.0,0.0
2022-05-20 00:00:00-04:00,17.580584055101536,17.98433104924084,17.580584055101536,17.659578323364258,1500,0.0,0.0
2022-05-23 00:00:00-04:00,17.659578323364258,17.659578323364258,17.659578323364258,17.659578323364258,0,0.0,0.0
2022-05-24 00:00:00-04:00,17.659578323364258,17.659578323364258,17.659578323364258,17.659578323364258,0,0.0,0.0
2022-05-25 00:00:00-04:00,17.659578323364258,17.659578323364258,17.659578323364258,17.659578323364258,0,0.0,0.0
2022-05-26 00:00:00-04:00,18.1103458404541,18.1103458404541,18.1103458404541,18.1103458404541,500,0.14,0.0
2022-05-27 00:00:00-04:00,18.074990132743373,18.119182586669922,18.074990132743373,18.119182586669922,1200,0.0,0.0
2022-05-31 00:00:00-04:00,18.1103437587178,18.119182586669922,18.1103437587178,18.119182586669922,1300,0.0,0.0
2022-06-01 00:00:00-04:00,18.10150637652356,18.10150637652356,18.057313919067383,18.057313919067383,300,0.0,0.0
2022-06-02 00:00:00-04:00,18.057313919067383,18.057313919067383,18.057313919067383,18.057313919067383,0,0.0,0.0
2022-06-03 00:00:00-04:00,17.774476725707487,18.119182586669922,17.774476725707487,18.119182586669922,1100,0.0,0.0
2022-06-06 00:00:00-04:00,17.898221520298613,18.11034838786868,17.50932142016958,17.83635139465332,19600,0.0,0.0
2022-06-07 00:00:00-04:00,17.986603704694595,17.986603704694595,17.694929122924805,17.694929122924805,1000,0.0,0.0
2022-06-08 00:00:00-04:00,17.809832965903972,17.809832965903972,17.306031499520817,17.668415069580078,2200,0.0,0.0
2022-06-09 00:00:00-04:00,17.641897201538086,17.641897201538086,17.641897201538086,17.641897201538086,400,0.0,0.0
2022-06-10 00:00:00-04:00,17.677253864837564,17.694931523302632,17.456288191527094,17.50048065185547,2600,0.0,0.0
2022-06-13 00:00:00-04:00,17.553514131104567,17.553514131104567,16.484039364949986,16.819908142089844,12000,0.0,0.0
2022-06-14 00:00:00-04:00,16.79339156360853,16.79339156360853,16.316104888916016,16.316104888916016,8100,0.0,0.0
2022-06-15 00:00:00-04:00,16.351459503173828,16.351459503173828,15.909528165250212,16.351459503173828,1400,0.0,0.0
2022-06-16 00:00:00-04:00,15.909528849734397,16.316104888916016,15.909528849734397,16.316104888916016,2200,0.0,0.0
2022-06-17 00:00:00-04:00,16.059785578526373,16.316104888916016,16.059785578526373,16.316104888916016,1600,0.0,0.0
2022-06-21 00:00:00-04:00,16.298425674438477,16.298425674438477,16.298425674438477,16.298425674438477,500,0.0,0.0
2022-06-22 00:00:00-04:00,15.918362568440761,16.130489349365234,15.909523741839685,16.130489349365234,1700,0.0,0.0
2022-06-23 00:00:00-04:00,16.086299842968995,16.130492298219515,15.9095266502987,15.918365478515625,3400,0.0,0.0
2022-06-24 00:00:00-04:00,15.909528732299805,15.909528732299805,15.82114212439794,15.909528732299805,2300,0.0,0.0
2022-06-27 00:00:00-04:00,15.883013469712347,15.980238914489746,15.352697153050606,15.980238914489746,11900,0.0,0.0
2022-06-28 00:00:00-04:00,15.688563055462307,15.918367561673424,15.688563055462307,15.909528732299805,5200,0.0,0.0
2022-06-29 00:00:00-04:00,15.520624107519364,15.821137474564201,15.485270486249647,15.73275089263916,1700,0.0,0.0
2022-06-30 00:00:00-04:00,15.715074614117366,16.439841537067768,15.6620416545109,16.130489349365234,17800,0.0,0.0
2022-07-01 00:00:00-04:00,15.900686750275167,15.997912168273633,15.688559944869962,15.83881664276123,4100,0.0,0.0
2022-07-05 00:00:00-04:00,16.581259391017415,16.766869692138656,15.953716189011276,16.130489349365234,6800,0.0,0.0
2022-07-06 00:00:00-04:00,16.78455245948863,16.78455245948863,15.821141982265393,16.086301803588867,1100,0.0,0.0
2022-07-07 00:00:00-04:00,16.086301803588867,16.086301803588867,16.086301803588867,16.086301803588867,0,0.0,0.0
2022-07-08 00:00:00-04:00,15.91836582820891,15.91836582820891,15.776947945299662,15.900688171386719,2100,0.0,0.0
2022-07-11 00:00:00-04:00,15.909526999797816,16.033267225884874,15.900688171386719,15.900688171386719,2400,0.0,0.0
2022-07-12 00:00:00-04:00,15.73275449396303,15.73275449396303,15.264308368447645,15.414565086364746,6000,0.0,0.0
2022-07-13 00:00:00-04:00,15.414566156571027,15.414566156571027,15.025666091578902,15.202439308166504,4700,0.0,0.0
2022-07-14 00:00:00-04:00,16.130495174960085,16.130495174960085,14.583735363662543,14.963796615600586,7400,0.0,0.0
2022-07-15 00:00:00-04:00,14.848891225546016,15.202437619448563,14.539540659632507,14.81353759765625,6700,0.0,0.0
2022-07-18 00:00:00-04:00,14.795861873907993,15.299663359457567,14.486509581742743,14.848893165588379,13300,0.0,0.0
2022-07-19 00:00:00-04:00,15.025662422180176,15.768107053201675,15.025662422180176,15.025662422180176,9100,0.0,0.0
2022-07-20 00:00:00-04:00,15.555982494055652,15.555982494055652,15.025664583358518,15.061019897460938,2200,0.0,0.0
2022-07-21 00:00:00-04:00,15.061019897460938,15.061019897460938,15.061019897460938,15.061019897460938,1200,0.0,0.0
2022-07-22 00:00:00-04:00,15.299660682678223,15.299660682678223,15.299660682678223,15.299660682678223,500,0.0,0.0
2022-07-25 00:00:00-04:00,15.237788394026301,15.73275089263916,15.237788394026301,15.73275089263916,4800,0.0,0.0
2022-07-26 00:00:00-04:00,15.467597059226357,17.235322437423655,15.467597059226357,16.678489685058594,4500,0.0,0.0
2022-07-27 00:00:00-04:00,16.16584915044636,16.351459503173828,16.16584915044636,16.351459503173828,400,0.0,0.0
2022-07-28 00:00:00-04:00,16.245397567749023,16.245397567749023,16.245397567749023,16.245397567749023,200,0.0,0.0
2022-07-29 00:00:00-04:00,15.944884955116272,16.03326988220215,15.821143022694086,16.03326988220215,800,0.0,0.0
2022-08-01 00:00:00-04:00,15.732753895996032,15.732753895996032,15.68856143951416,15.68856143951416,900,0.0,0.0
2022-08-02 00:00:00-04:00,15.343855747080779,15.997913888884034,15.23779149005374,15.264307975769043,7200,0.0,0.0
2022-08-03 00:00:00-04:00,15.644370079040527,15.644370079040527,15.644370079040527,15.644370079040527,500,0.0,0.0
2022-08-04 00:00:00-04:00,15.255470952143474,15.485275464696164,14.583735073720467,15.184762001037598,9700,0.0,0.0
2022-08-05 00:00:00-04:00,14.93727767004429,15.11405086517334,14.93727767004429,15.11405086517334,700,0.0,0.0
2022-08-08 00:00:00-04:00,15.11405086517334,15.11405086517334,15.11405086517334,15.11405086517334,0,0.0,0.0
2022-08-09 00:00:00-04:00,14.804700128950003,15.467597149649258,14.804700128950003,15.290823936462402,4900,0.0,0.0
2022-08-10 00:00:00-04:00,15.290823936462402,15.290823936462402,15.290823936462402,15.290823936462402,200,0.0,0.0
2022-08-11 00:00:00-04:00,15.494113935452015,15.847658682792888,15.202439308166504,15.202439308166504,600,0.0,0.0
2022-08-12 00:00:00-04:00,15.034502613027025,15.84765625,15.034502613027025,15.84765625,1400,0.0,0.0
2022-08-15 00:00:00-04:00,15.670882715843312,15.865333557128906,15.64436791809276,15.865333557128906,800,0.0,0.0
2022-08-16 00:00:00-04:00,15.53830623626709,15.53830623626709,15.53830623626709,15.53830623626709,300,0.0,0.0
2022-08-17 00:00:00-04:00,15.379210401968884,15.467597007751465,15.379210401968884,15.467597007751465,1600,0.0,0.0
2022-08-18 00:00:00-04:00,15.467597007751465,15.547144784372357,15.432241691104718,15.467597007751465,1800,0.0,0.0
2022-08-19 00:00:00-04:00,15.467597007751465,15.467597007751465,15.467597007751465,15.467597007751465,0,0.0,0.0
2022-08-22 00:00:00-04:00,15.48527424713355,15.582497993613222,15.370371156974517,15.573660850524902,1500,0.0,0.0
2022-08-23 00:00:00-04:00,15.485275106039202,15.485275106039202,15.202439308166504,15.202439308166504,5100,0.0,0.0
2022-08-24 00:00:00-04:00,15.220115281157797,15.220115281157797,15.158245161102437,15.202439308166504,10100,0.0,0.0
2022-08-25 00:00:00-04:00,15.32719612121582,15.32719612121582,15.32719612121582,15.32719612121582,600,0.14,0.0
2022-08-26 00:00:00-04:00,15.469771255156957,15.469771255156957,15.371747970581055,15.371747970581055,800,0.0,0.0
2022-08-29 00:00:00-04:00,15.567795324297794,15.567795324297794,15.416305541992188,15.416305541992188,10400,0.0,0.0
2022-08-30 00:00:00-04:00,15.460862360122555,15.460862360122555,15.416305541992188,15.416305541992188,600,0.0,0.0
2022-08-31 00:00:00-04:00,15.416305541992188,15.416305541992188,15.416305541992188,15.416305541992188,1400,0.0,0.0
2022-09-01 00:00:00-04:00,16.44108805183866,16.44108805183866,15.41630346837658,15.995530128479004,4500,0.0,0.0
2022-09-02 00:00:00-04:00,15.59452918286753,16.040087159520887,15.59452918286753,15.63017463684082,6300,0.0,0.0
2022-09-06 00:00:00-04:00,15.425216675831992,15.746018962916423,15.389572921527495,15.63017463684082,14900,0.0,0.0
2022-09-07 00:00:00-04:00,15.549978902527778,15.995537017790245,15.523244803731075,15.950980186462402,5900,0.0,0.0
2022-09-08 00:00:00-04:00,15.683641081923266,15.95988655090332,15.683641081923266,15.95988655090332,1200,0.0,0.0
2022-09-09 00:00:00-04:00,15.69255178817302,15.986619971782641,15.69255178817302,15.817307472229004,5300,0.0,0.0
2022-09-12 00:00:00-04:00,15.77275424923701,16.512380478570968,15.594530365195775,15.621264457702637,13900,0.0,0.0
2022-09-13 00:00:00-04:00,15.594529275442396,15.888597473792558,15.122237205505371,15.122237205505371,5900,0.0,0.0
2022-09-14 00:00:00-04:00,15.425217017165766,15.639084646731648,14.703413554922308,14.747968673706055,40700,0.0,0.0
2022-09-15 00:00:00-04:00,14.944015321311806,15.692552876918509,14.418256759643555,14.418256759643555,32600,0.0,0.0
2022-09-16 00:00:00-04:00,14.498457798389031,14.498457798389031,13.901410007500377,14.400434494018555,56200,0.0,0.0
2022-09-19 00:00:00-04:00,14.257856020544766,14.70341402118679,14.035077020223754,14.070721626281738,42000,0.0,0.0
2022-09-20 00:00:00-04:00,14.043988417062705,14.266767417905067,13.4291178988305,13.803386688232422,45100,0.0,0.0
2022-09-21 00:00:00-04:00,13.972699327049869,14.097455024719238,13.812298173092735,14.097455024719238,2500,0.0,0.0
2022-09-22 00:00:00-04:00,13.839030265808105,13.839030265808105,13.839030265808105,13.839030265808105,400,0.0,0.0
2022-09-23 00:00:00-04:00,14.035077245793458,14.035077245793458,13.348917505856349,13.963788032531738,11100,0.0,0.0
2022-09-26 00:00:00-04:00,13.589517153705078,13.749918283859728,13.37564954672176,13.705362319946289,9400,0.0,0.0
2022-09-27 00:00:00-04:00,13.598430792878949,13.723186492919922,13.455852364355282,13.723186492919922,6500,0.0,0.0
2022-09-28 00:00:00-04:00,13.732096500397926,13.732096500397926,13.607340812683105,13.607340812683105,2300,0.0,0.0
2022-09-29 00:00:00-04:00,13.607340812683105,13.607340812683105,13.607340812683105,13.607340812683105,800,0.0,0.0
2022-09-30 00:00:00-04:00,13.91031870684093,13.91031870684093,13.607340018757785,13.634073257446289,3100,0.0,0.0
2022-10-03 00:00:00-04:00,13.589519159915513,13.945965224176236,13.500407218933105,13.500407218933105,3500,0.0,0.0
2022-10-04 00:00:00-04:00,13.589516639709473,13.589516639709473,13.589516639709473,13.589516639709473,900,0.0,0.0
2022-10-05 00:00:00-04:00,13.589519230524699,13.714275778581396,13.366740226745605,13.366740226745605,5900,0.0,0.0
2022-10-06 00:00:00-04:00,13.366741024803757,13.544964068500907,12.538002809318883,13.536052703857422,14700,0.0,0.0
2022-10-07 00:00:00-04:00,13.143960673233558,13.143960673233558,12.921181678771973,12.921181678771973,18900,0.0,0.0
2022-10-10 00:00:00-04:00,12.965738372371678,13.081583557947184,12.796425851209605,12.930093765258789,3500,0.0,0.0
2022-10-11 00:00:00-04:00,12.939003168728,12.965736407552914,12.79642391204834,12.79642391204834,3300,0.0,0.0
2022-10-12 00:00:00-04:00,12.796425291151298,13.357828465984339,12.796425291151298,12.947915077209473,7100,0.0,0.0
2022-10-13 00:00:00-04:00,13.09940578156104,13.705364968272635,12.716226457465023,13.313273429870605,4600,0.0,0.0
2022-10-14 00:00:00-04:00,13.322183000899834,13.322183000899834,13.019203448331371,13.045937538146973,2600,0.0,0.0
2022-10-17 00:00:00-04:00,13.18851496107186,13.295448762803405,13.18851496107186,13.277626037597656,1300,0.0,0.0
2022-10-18 00:00:00-04:00,13.117226916857609,13.25980533174176,13.09049282669104,13.170693397521973,8000,0.0,0.0
2022-10-19 00:00:00-04:00,13.037024633563806,13.491493908686556,12.930090836446857,12.96573543548584,10000,0.0,0.0
2022-10-20 00:00:00-04:00,13.09940246942346,13.09940246942346,12.956824073267525,12.96573543548584,3900,0.0,0.0
2022-10-21 00:00:00-04:00,13.010291237887627,13.669716736974381,12.591466566917706,12.769689559936523,6700,0.0,0.0
2022-10-24 00:00:00-04:00,12.858801153845057,13.08158010190289,11.985507235544548,12.716222763061523,5900,0.0,0.0
2022-10-25 00:00:00-04:00,13.10831440583413,13.678628865274014,12.742957037221984,13.544960975646973,27600,0.0,0.0
2022-10-26 00:00:00-04:00,13.589518255839199,14.68559046789785,13.553873651784471,13.732096672058105,20100,0.0,0.0
2022-10-27 00:00:00-04:00,14.150921738002646,14.231122311459906,13.812297566646661,14.088543891906738,5100,0.0,0.0
2022-10-28 00:00:00-04:00,14.703412407486413,15.15788172222351,14.177653888457343,14.792524337768555,5500,0.0,0.0
2022-10-31 00:00:00-04:00,14.302409624563955,15.345015303527948,14.302409624563955,14.819256782531738,20300,0.0,0.0
2022-11-01 00:00:00-04:00,14.828170603744145,15.683642899935762,14.828170603744145,15.49650764465332,7900,0.0,0.0
2022-11-02 00:00:00-04:00,15.50541847462728,16.351979377128934,15.496507110428755,15.64799690246582,12300,0.0,0.0
2022-11-03 00:00:00-04:00,15.683640245775642,16.38762092590332,15.63908343078737,16.38762092590332,6000,0.0,0.0
2022-11-04 00:00:00-04:00,15.897507312991037,16.699511258893395,15.808395385742188,15.808395385742188,11100,0.0,0.0
2022-11-07 00:00:00-05:00,15.977706547209568,16.86882234616454,15.808394069500944,15.888594627380371,3900,0.0,0.0
2022-11-08 00:00:00-05:00,16.084641030338567,16.64604498921284,16.040085915994933,16.13810920715332,5700,0.0,0.0
2022-11-09 00:00:00-05:00,15.692554096862006,16.325245672991784,15.647997274809153,16.164844512939453,4300,0.0,0.0
2022-11-10 00:00:00-05:00,16.62822723388672,16.62822723388672,16.62822723388672,16.62822723388672,600,0.0,0.0
2022-11-11 00:00:00-05:00,16.41435336715657,16.58366584777832,16.41435336715657,16.58366584777832,600,0.0,0.0
2022-11-14 00:00:00-05:00,16.574755129028613,16.949023853543306,16.574755129028613,16.69059944152832,3700,0.0,0.0
2022-11-15 00:00:00-05:00,16.717339540363692,16.931207217039677,16.0400910477218,16.28960418701172,7600,0.0,0.0
2022-11-16 00:00:00-05:00,16.3519820469169,16.77971740026887,16.17375813318564,16.28960418701172,5100,0.0,0.0
2022-11-17 00:00:00-05:00,16.200488895803353,16.289600834328194,16.066821837850522,16.271778106689453,1000,0.0,0.0
2022-11-18 00:00:00-05:00,16.55693595365073,16.708425748423192,16.129200662411648,16.503469467163086,3200,0.0,0.0
2022-11-21 00:00:00-05:00,16.59257803774479,16.82426666531093,16.236130334510637,16.48564338684082,5100,0.0,0.0
2022-11-22 00:00:00-05:00,16.886645360609442,16.886645360609442,16.574754485675225,16.58366584777832,1300,0.0,0.0
2022-11-23 00:00:00-05:00,16.690599579541146,16.93120126864766,16.49455470304803,16.61931037902832,5000,0.0,0.0
2022-11-25 00:00:00-05:00,16.842090606689453,16.842090606689453,16.842090606689453,16.842090606689453,700,0.0,0.0
2022-11-28 00:00:00-05:00,16.931207217039677,16.931207217039677,16.280692821358237,16.28960418701172,2800,0.0,0.0
2022-11-29 00:00:00-05:00,16.48564210656571,16.556931301742498,15.81730526440764,16.262863159179688,12700,0.0,0.0
2022-11-30 00:00:00-05:00,16.699514389038086,16.699514389038086,16.699514389038086,16.699514389038086,500,0.0,0.0
2022-12-01 00:00:00-05:00,17.453681952254318,17.453681952254318,16.250598833081188,16.43016242980957,2500,0.14,0.0
2022-12-02 00:00:00-05:00,16.519946113789743,16.582793462183883,16.268556720213184,16.385272979736328,1800,0.0,0.0
2022-12-05 00:00:00-05:00,16.600750336714157,16.600750336714157,16.196730934553905,16.385272979736328,2000,0.0,0.0
2022-12-06 00:00:00-05:00,16.51994508440461,16.600749302293977,16.3852719587429,16.43016242980957,3200,0.0,0.0
2022-12-07 00:00:00-05:00,16.43016242980957,16.43016242980957,16.43016242980957,16.43016242980957,400,0.0,0.0
2022-12-08 00:00:00-05:00,16.80725450703128,16.852146707381333,16.214691162109375,16.214691162109375,1400,0.0,0.0
2022-12-09 00:00:00-05:00,16.160817161563966,16.160817161563966,15.936361367653355,16.02614402770996,2000,0.0,0.0
2022-12-12 00:00:00-05:00,16.02614402770996,16.02614402770996,16.02614402770996,16.02614402770996,0,0.0,0.0
2022-12-13 00:00:00-05:00,16.187755669311322,16.43016667312366,15.316865921020508,15.316865921020508,15600,0.0,0.0
2022-12-14 00:00:00-05:00,15.837602007286137,15.891472636705283,15.39766880846841,15.532341957092285,4900,0.0,0.0
2022-12-15 00:00:00-05:00,15.26299498118338,15.26299498118338,15.146278714222282,15.20014762878418,6500,0.0,0.0
2022-12-16 00:00:00-05:00,15.038540840148926,15.711908340454102,15.038540840148926,15.711908340454102,12100,0.0,0.0
2022-12-19 00:00:00-05:00,15.622126030256302,15.882495625117278,15.298910787018519,15.631104469299316,2500,0.0,0.0
2022-12-20 00:00:00-05:00,15.649059956511106,15.756797790527344,15.56825572476793,15.756797790527344,800,0.0,0.0
2022-12-21 00:00:00-05:00,15.640084696890307,15.855562121177492,15.640084696890307,15.738845825195312,5400,0.0,0.0
2022-12-22 00:00:00-05:00,15.711908340454102,15.75679882215627,15.622125664587657,15.711908340454102,2300,0.0,0.0
2022-12-23 00:00:00-05:00,15.67599458512268,15.711908340454102,15.595192060551199,15.711908340454102,1500,0.0,0.0
2022-12-27 00:00:00-05:00,15.711908340454102,15.711908340454102,15.711908340454102,15.711908340454102,400,0.0,0.0
2022-12-28 00:00:00-05:00,15.36175497894412,15.487449674692984,15.218103408813477,15.218103408813477,3300,0.0,0.0
2022-12-29 00:00:00-05:00,15.406643456735122,15.442557200846588,15.262991905212402,15.262991905212402,900,0.0,0.0
2022-12-30 00:00:00-05:00,14.948755485471242,15.37971019744873,14.948755485471242,15.37971019744873,3400,0.0,0.0
2023-01-03 00:00:00-05:00,15.442561149597168,15.442561149597168,15.442561149597168,15.442561149597168,400,0.0,0.0
2023-01-04 00:00:00-05:00,15.262991905212402,15.262991905212402,15.262991905212402,15.262991905212402,700,0.0,0.0
2023-01-05 00:00:00-05:00,15.891468727470482,15.891468727470482,15.262991905212402,15.262991905212402,2900,0.0,0.0
2023-01-06 00:00:00-05:00,15.35277934945043,15.819647893986257,15.35277934945043,15.711908340454102,1600,0.0,0.0
2023-01-09 00:00:00-05:00,15.684970766236296,15.801688741800739,15.577232940674199,15.792710304260254,2000,0.0,0.0
2023-01-10 00:00:00-05:00,15.891473179740425,15.981254140249627,14.939779243691987,15.8106689453125,5500,0.0,0.0
2023-01-11 00:00:00-05:00,15.927382993613621,15.927382993613621,15.379710306310367,15.55927562713623,2700,0.0,0.0
2023-01-12 00:00:00-05:00,15.487450724135114,15.918405463728885,15.442560247600646,15.891471862792969,2500,0.0,0.0
2023-01-13 00:00:00-05:00,16.160817035324314,16.160817035324314,15.98125171661377,15.98125171661377,500,0.0,0.0
2023-01-17 00:00:00-05:00,15.667016795217025,16.214687827146403,15.59519100189209,15.59519100189209,1300,0.0,0.0
2023-01-18 00:00:00-05:00,15.43358325958252,15.43358325958252,15.43358325958252,15.43358325958252,500,0.0,0.0
2023-01-19 00:00:00-05:00,15.801690335483649,15.801690335483649,15.17321334395941,15.4515380859375,2300,0.0,0.0
2023-01-20 00:00:00-05:00,15.693950653076172,15.693950653076172,15.693950653076172,15.693950653076172,600,0.0,0.0
2023-01-23 00:00:00-05:00,15.361756929626319,15.846580612266164,15.361756929626319,15.667016983032227,2000,0.0,0.0
2023-01-24 00:00:00-05:00,15.640081405639648,15.96329833028482,15.44256090305759,15.640081405639648,4200,0.0,0.0
2023-01-25 00:00:00-05:00,15.640081405639648,15.640081405639648,15.640081405639648,15.640081405639648,800,0.0,0.0
2023-01-26 00:00:00-05:00,15.711905565386779,15.95431823367215,15.415623986080815,15.604166030883789,2500,0.0,0.0
2023-01-27 00:00:00-05:00,15.640080152662183,16.04410127610121,15.30788481644989,15.388689041137695,3400,0.0,0.0
2023-01-30 00:00:00-05:00,15.640080152662183,15.640080152662183,15.388689041137695,15.388689041137695,1200,0.0,0.0
2023-01-31 00:00:00-05:00,15.397671149936732,15.415628029140418,15.271976420435434,15.406649589538574,1100,0.0,0.0
2023-02-01 00:00:00-05:00,15.783734845918378,15.792713285153553,15.460517883300781,15.460517883300781,1400,0.0,0.0
2023-02-02 00:00:00-05:00,15.523365525907536,15.595191320700788,15.388690662265915,15.424604415893555,1400,0.0,0.0
2023-02-03 00:00:00-05:00,15.442562616895762,15.487453100317609,15.30788774170587,15.343801498413086,4300,0.0,0.0
2023-02-06 00:00:00-05:00,15.6939520112928,15.702930450439453,15.307887690297596,15.702930450439453,3200,0.0,0.0
2023-02-07 00:00:00-05:00,15.631103817630322,15.981254363399186,15.37971267229299,15.747821807861328,4000,0.0,0.0
2023-02-08 00:00:00-05:00,15.747821807861328,15.747821807861328,15.747821807861328,15.747821807861328,4900,0.0,0.0
2023-02-09 00:00:00-05:00,15.936362266540527,15.936362266540527,15.936362266540527,15.936362266540527,1300,0.0,0.0
2023-02-10 00:00:00-05:00,15.936362266540527,15.936362266540527,15.936362266540527,15.936362266540527,2800,0.0,0.0
2023-02-13 00:00:00-05:00,16.05308139372207,16.05308139372207,15.361758687735398,15.622126579284668,3400,0.0,0.0
2023-02-14 00:00:00-05:00,15.352779708814458,15.631104469299316,15.352779708814458,15.631104469299316,700,0.0,0.0
2023-02-15 00:00:00-05:00,15.406649589538574,15.406649589538574,15.406649589538574,15.406649589538574,4100,0.0,0.0
2023-02-16 00:00:00-05:00,15.307882442200249,15.487447738647461,15.307882442200249,15.487447738647461,62000,0.0,0.0
2023-02-17 00:00:00-05:00,15.487451628753679,15.702929011136549,15.325843163851022,15.442561149597168,5200,0.0,0.0
2023-02-21 00:00:00-05:00,15.6939520112928,15.810670007737112,15.604169332288446,15.702930450439453,6700,0.0,0.0
2023-02-22 00:00:00-05:00,15.622125521611608,15.972277783039885,15.622125521611608,15.729865074157715,2600,0.0,0.0
2023-02-23 00:00:00-05:00,16.083041406001918,16.345657734612818,15.901925386287221,16.20076560974121,4000,0.15,0.0
2023-02-24 00:00:00-05:00,16.028703689575195,16.028703689575195,16.028703689575195,16.028703689575195,600,0.0,0.0
2023-02-27 00:00:00-05:00,16.4090485135089,16.4090485135089,16.0287062779466,16.28226661682129,2000,0.0,0.0
2023-02-28 00:00:00-05:00,16.282263401915326,17.106337795046475,16.128315343459512,16.327543258666992,7500,0.0,0.0
2023-03-01 00:00:00-05:00,16.952392938997676,16.988616831241917,16.38188045415291,16.445270538330078,2800,0.0,0.0
2023-03-02 00:00:00-05:00,16.32754198157237,16.572046279907227,16.30943004028837,16.572046279907227,1400,0.0,0.0
2023-03-03 00:00:00-05:00,16.48149275453383,17.033893237081614,16.48149275453383,16.635440826416016,2400,0.0,0.0
2023-03-06 00:00:00-05:00,16.635440826416016,17.088229069922438,16.635440826416016,16.635440826416016,1200,0.0,0.0
2023-03-07 00:00:00-05:00,16.52676917214537,16.66260528564453,16.52676917214537,16.66260528564453,4200,0.0,0.0
2023-03-08 00:00:00-05:00,16.66260845381855,17.196898765453376,16.617330316459757,17.133508682250977,4500,0.0,0.0
2023-03-09 00:00:00-05:00,17.10634102035935,17.11539699341714,16.33660231019991,16.97956085205078,19300,0.0,0.0
2023-03-10 00:00:00-05:00,16.74410928313047,16.97955938047642,15.548748579104945,16.48149299621582,10600,0.0,0.0
2023-03-13 00:00:00-04:00,16.05587414556674,16.29132428998444,15.394803582730761,15.901926040649414,7500,0.0,0.0
2023-03-14 00:00:00-04:00,15.729864060968742,16.282264533738484,15.63930606842041,15.63930606842041,4300,0.0,0.0
2023-03-15 00:00:00-04:00,15.42196523634148,15.82947354095107,15.286127407555208,15.394797325134277,7900,0.0,0.0
2023-03-16 00:00:00-04:00,15.222742313836193,15.5125265523595,14.715619896420407,14.878623962402344,21600,0.0,0.0
2023-03-17 00:00:00-04:00,14.53450262308849,14.842398781627141,14.53450262308849,14.579782485961914,3000,0.0,0.0
2023-03-20 00:00:00-04:00,14.779008917594675,14.905789080999227,14.57978269978035,14.869566917419434,2900,0.0,0.0
2023-03-21 00:00:00-04:00,15.05068302154541,15.05068302154541,15.05068302154541,15.05068302154541,1500,0.0,0.0
2023-03-22 00:00:00-04:00,14.561672350436837,15.204632665140865,14.561672350436837,14.76089859008789,1900,0.0,0.0
2023-03-23 00:00:00-04:00,14.742786219925515,14.760896437434239,14.289997100830078,14.289997100830078,10400,0.0,0.0
2023-03-24 00:00:00-04:00,14.217551303038306,14.851454699296369,14.217551303038306,14.489224433898926,4100,0.0,0.0
2023-03-27 00:00:00-04:00,14.362442016601562,14.362442016601562,14.362442016601562,14.362442016601562,800,0.0,0.0
2023-03-28 00:00:00-04:00,14.48922515093478,14.48922515093478,14.317165982262482,14.471113204956055,2700,0.0,0.0
2023-03-29 00:00:00-04:00,14.317164421081543,14.317164421081543,14.317164421081543,14.317164421081543,300,0.0,0.0
2023-03-30 00:00:00-04:00,14.480167448079047,14.489223419986542,13.16708174836777,14.398665428161621,7000,0.0,0.0
2023-03-31 00:00:00-04:00,14.054547278402312,14.751841577296318,14.054547278402312,14.317164421081543,2300,0.0,0.0
2023-04-03 00:00:00-04:00,14.353389739990234,14.54356000068001,13.873433510665524,14.353389739990234,17800,0.0,0.0
2023-04-04 00:00:00-04:00,14.317164750213932,14.570725926720318,14.226606755363415,14.262829780578613,4300,0.0,0.0
2023-04-05 00:00:00-04:00,14.217552185058594,14.217552185058594,14.217552185058594,14.217552185058594,1800,0.0,0.0
2023-04-06 00:00:00-04:00,14.05454790684445,14.2175510920417,13.764762835201998,14.027379989624023,4800,0.0,0.0
2023-04-10 00:00:00-04:00,14.126994198032275,14.126994198032275,13.855321066603754,14.045492172241211,5000,0.0,0.0
2023-04-11 00:00:00-04:00,13.855319918523396,14.126993027440523,13.855319918523396,13.936821937561035,6900,0.0,0.0
2023-04-12 00:00:00-04:00,13.936823985427855,13.936823985427855,13.583648805577784,13.773819923400879,3900,0.0,0.0
2023-04-13 00:00:00-04:00,13.610815247316674,13.800986356560125,13.610815247316674,13.719484329223633,4000,0.0,0.0
2023-04-14 00:00:00-04:00,13.7738197977286,13.7738197977286,13.375366483062196,13.583648681640625,7000,0.0,0.0
2023-04-17 00:00:00-04:00,13.656095575594154,13.927768738598052,13.35725535537742,13.755708694458008,15000,0.0,0.0
2023-04-18 00:00:00-04:00,13.746651262622375,13.945877466700214,13.710428237915039,13.710428237915039,3800,0.0,0.0
2023-04-19 00:00:00-04:00,13.583649065868483,13.800987243652344,13.293864828823336,13.800987243652344,15200,0.0,0.0
2023-04-20 00:00:00-04:00,13.80098652690795,13.864377473188274,13.719484498565464,13.819098472595215,2300,0.0,0.0
2023-04-21 00:00:00-04:00,13.692317274653167,13.782875274721512,13.628927192780381,13.719484329223633,2100,0.0,0.0
2023-04-24 00:00:00-04:00,13.41158913255398,13.764763435573144,13.41158913255398,13.547425270080566,4300,0.0,0.0
2023-04-25 00:00:00-04:00,13.547425189737032,13.656094271838855,13.4478120803833,13.4478120803833,2300,0.0,0.0
2023-04-26 00:00:00-04:00,13.4478120803833,13.4478120803833,13.4478120803833,13.4478120803833,300,0.0,0.0
2023-04-27 00:00:00-04:00,13.51120005891413,13.782873153686523,13.51120005891413,13.782873153686523,1500,0.0,0.0
2023-04-28 00:00:00-04:00,13.628928607162756,13.628928607162756,12.904467122308139,13.130861282348633,20300,0.0,0.0
2023-05-01 00:00:00-04:00,13.130859049523172,13.53836829557647,12.859185930945962,13.013134002685547,10800,0.0,0.0
2023-05-02 00:00:00-04:00,12.91352202980989,12.91352202980989,11.89022040727796,12.40639877319336,62000,0.0,0.0
2023-05-03 00:00:00-04:00,12.288672794881654,12.886353145059752,12.288672794881654,12.587512969970703,12300,0.0,0.0
2023-05-04 00:00:00-04:00,12.868243790418859,12.868243790418859,12.270563360064278,12.65090560913086,5100,0.0,0.0
2023-05-05 00:00:00-04:00,12.732404512619468,12.904463647930225,12.659957606376835,12.895407676696777,6800,0.0,0.0
2023-05-08 00:00:00-04:00,12.786740357660335,12.877298355102539,12.678071278904731,12.877298355102539,8400,0.0,0.0
2023-05-09 00:00:00-04:00,12.687127513354904,13.085580810353253,12.687127513354904,12.904465675354004,7500,0.0,0.0
2023-05-10 00:00:00-04:00,12.904465186116175,13.538368566393363,12.904465186116175,13.212361335754395,8700,0.0,0.0
2023-05-11 00:00:00-04:00,12.913520663223402,13.493089051023036,12.913520663223402,13.167081832885742,8400,0.0,0.0
2023-05-12 00:00:00-04:00,13.148973792584675,13.366311988257507,12.795798576897406,13.27575397491455,7500,0.0,0.0
2023-05-15 00:00:00-04:00,13.085579038335728,13.86437530880742,13.085579038335728,13.094635009765625,7600,0.0,0.0
2023-05-16 00:00:00-04:00,13.185195115974432,13.393477310587901,12.895410029017505,13.203306198120117,5300,0.0,0.0
2023-05-17 00:00:00-04:00,13.456867649706934,13.583648681640625,13.284808479734542,13.583648681640625,4700,0.0,0.0
2023-05-18 00:00:00-04:00,13.60176029924102,13.810042492788936,13.284808158874512,13.284808158874512,3800,0.0,0.0
2023-05-19 00:00:00-04:00,13.547424538706263,13.601759508958619,13.176138310127842,13.212361335754395,9300,0.0,0.0
2023-05-22 00:00:00-04:00,13.221419472064568,13.52025969830214,13.221419472064568,13.420645713806152,9400,0.0,0.0
2023-05-23 00:00:00-04:00,13.773819923400879,13.810042952337414,13.67420680973169,13.773819923400879,3200,0.0,0.0
2023-05-24 00:00:00-04:00,13.882487822980016,14.50733609822964,13.701372693786306,14.108881950378418,37700,0.0,0.0
2023-05-25 00:00:00-04:00,14.218608154923507,14.218608154923507,13.359090528219706,13.72484302520752,7400,0.15,0.0
2023-05-26 00:00:00-04:00,14.163743152415686,14.246037475447887,13.807135581970215,13.807135581970215,10600,0.0,0.0
2023-05-30 00:00:00-04:00,13.926005670943404,14.118025487754485,13.807137049507599,13.825424194335938,3200,0.0,0.0
2023-05-31 00:00:00-04:00,13.92600407185591,13.971723236707904,13.49624618950058,13.89857292175293,9500,0.0,0.0
2023-06-01 00:00:00-04:00,13.761416576696924,14.410626289028103,13.761416576696924,14.063161849975586,1500,0.0,0.0
2023-06-02 00:00:00-04:00,13.990013887625537,14.639223709198339,13.990013887625537,14.172889709472656,10900,0.0,0.0
2023-06-05 00:00:00-04:00,14.63007770422386,14.63007770422386,14.218606943196681,14.438057899475098,3100,0.0,0.0
2023-06-06 00:00:00-04:00,15.535314226109653,15.535314226109653,14.355764194971702,14.584359169006348,6000,0.0,0.0
2023-06-07 00:00:00-04:00,14.712373844644656,14.712373844644656,14.118026341424232,14.355765342712402,12400,0.0,0.0
2023-06-08 00:00:00-04:00,14.346621522222243,14.620935691003274,14.172889709472656,14.172889709472656,3900,0.0,0.0
2023-06-09 00:00:00-04:00,14.172889682820193,14.483779015386013,14.172889682820193,14.218608856201172,9500,0.0,0.0
2023-06-12 00:00:00-04:00,14.1728881056676,14.895249046257534,13.715698166775097,14.465489387512207,48400,0.0,0.0
2023-06-13 00:00:00-04:00,14.620934728623348,15.361581976358437,14.483778089271116,15.004974365234375,8300,0.0,0.0
2023-06-14 00:00:00-04:00,14.95011043548584,15.544456970857462,14.95011043548584,14.95011043548584,6900,0.0,0.0
2023-06-15 00:00:00-04:00,15.544457527599288,15.544457527599288,14.92267894744873,14.92267894744873,7000,0.0,0.0
2023-06-16 00:00:00-04:00,14.986686736449423,15.325008083387146,14.575215935713581,15.25185775756836,17400,0.0,0.0
2023-06-20 00:00:00-04:00,14.922679178039273,15.178706169128418,14.922679178039273,15.178706169128418,1300,0.0,0.0
2023-06-21 00:00:00-04:00,14.950110575340672,15.224423826834911,14.950110575340672,15.032404899597168,400,0.0,0.0
2023-06-22 00:00:00-04:00,15.105554580688477,15.105554580688477,15.105554580688477,15.105554580688477,600,0.0,0.0
2023-06-23 00:00:00-04:00,15.132986779228675,15.453020095825195,15.105556498176092,15.453020095825195,14600,0.0,0.0
2023-06-26 00:00:00-04:00,15.105557872331596,15.727336545358728,15.096413863135147,15.261002540588379,3200,0.0,0.0
2023-06-27 00:00:00-04:00,15.270143724618935,15.270143724618935,15.169561386108398,15.169561386108398,3000,0.0,0.0
2023-06-28 00:00:00-04:00,15.041549579725224,15.251856531543483,15.041549579725224,15.087267875671387,3200,0.0,0.0
2023-06-29 00:00:00-04:00,15.196994124272686,15.233568411972701,15.132986068725586,15.132986068725586,4300,0.0,0.0
2023-06-30 00:00:00-04:00,15.151276518306295,15.407303549496094,15.114702224731445,15.114702224731445,3000,0.0,0.0
2023-07-03 00:00:00-04:00,15.114702224731445,15.114702224731445,15.114702224731445,15.114702224731445,0,0.0,0.0
2023-07-05 00:00:00-04:00,15.17870571104371,15.242712020874023,15.17870571104371,15.242712020874023,600,0.0,0.0
2023-07-06 00:00:00-04:00,15.315863629773354,15.498740311028953,14.812955372382385,15.096412658691406,1700,0.0,0.0
2023-07-07 00:00:00-04:00,14.858674839849584,15.09641384657215,14.849530830663168,14.995831489562988,1100,0.0,0.0
2023-07-10 00:00:00-04:00,15.105554580688477,15.105554580688477,15.105554580688477,15.105554580688477,400,0.0,0.0
2023-07-11 00:00:00-04:00,15.078124046325684,15.087268054431497,15.078124046325684,15.078124046325684,1700,0.0,0.0
2023-07-12 00:00:00-04:00,15.507883812726801,15.507883812726801,15.087269853938698,15.261002540588379,900,0.0,0.0
2023-07-13 00:00:00-04:00,15.087267791735812,15.27014446258545,15.087267791735812,15.27014446258545,2300,0.0,0.0
2023-07-14 00:00:00-04:00,15.251856028569946,15.480450988844577,15.242712020874023,15.242712020874023,1000,0.0,0.0
2023-07-17 00:00:00-04:00,15.032405529660675,15.178706169128418,15.004973505745026,15.178706169128418,1400,0.0,0.0
2023-07-18 00:00:00-04:00,15.059837341308594,15.059837341308594,14.995831023036363,15.059837341308594,700,0.0,0.0
2023-07-19 00:00:00-04:00,15.16956244339736,15.16956244339736,14.96839949639673,15.123844146728516,3800,0.0,0.0
2023-07-20 00:00:00-04:00,15.123844146728517,15.123844146728517,15.123844146728517,15.123844146728516,0,0.0,0.0
2023-07-21 00:00:00-04:00,14.812955856323242,14.812955856323242,14.812955856323242,14.812955856323242,2100,0.0,0.0
2023-07-24 00:00:00-04:00,14.812955856323242,14.812955856323242,14.812955856323242,14.812955856323242,0,0.0,0.0
2023-07-25 00:00:00-04:00,14.675797462463379,14.675797462463379,14.675797462463379,14.675797462463379,700,0.0,0.0
2023-07-26 00:00:00-04:00,14.675797462463379,14.675797462463379,14.675797462463379,14.675797462463379,0,0.0,0.0
2023-07-27 00:00:00-04:00,15.206136406959244,15.37072506191568,15.160418111267429,15.27014446258545,4400,0.0,0.0
2023-07-28 00:00:00-04:00,15.27014446258545,15.27014446258545,15.27014446258545,15.27014446258545,300,0.0,0.0
2023-07-31 00:00:00-04:00,15.352437019348145,15.352437019348145,15.352437019348145,15.352437019348145,600,0.0,0.0
2023-08-01 00:00:00-04:00,15.114698072280367,15.352437019348145,15.114698072280367,15.352437019348145,900,0.0,0.0
2023-08-02 00:00:00-04:00,14.99583035673872,15.004974365234375,14.849529708890833,15.004974365234375,800,0.0,0.0
2023-08-03 00:00:00-04:00,15.196994082493312,15.224424362182617,15.151274042942505,15.224424362182617,2200,0.0,0.0
2023-08-04 00:00:00-04:00,15.315861169009155,15.343293190002441,15.315861169009155,15.343293190002441,400,0.0,0.0
2023-08-07 00:00:00-04:00,15.325007774652088,15.52617073059082,15.315863766103785,15.52617073059082,2200,0.0,0.0
2023-08-08 00:00:00-04:00,15.544458747687424,15.562746764784027,15.279287731910578,15.52617073059082,2300,0.0,0.0
2023-08-09 00:00:00-04:00,15.389014474518026,16.056511418831295,15.389014474518026,15.773054122924805,4100,0.0,0.0
2023-08-10 00:00:00-04:00,16.00164911021357,16.00164911021357,15.553603144412552,15.773054122924805,1700,0.0,0.0
2023-08-11 00:00:00-04:00,15.773054122924805,15.773054122924805,15.773054122924805,15.773054122924805,200,0.0,0.0
2023-08-14 00:00:00-04:00,15.023262122335248,15.544458389282227,15.023262122335248,15.544458389282227,4700,0.0,0.0
2023-08-15 00:00:00-04:00,15.5444607690051,15.773055780314,15.215283394626997,15.480454444885254,3300,0.0,0.0
2023-08-16 00:00:00-04:00,15.443876783135753,15.773054122924805,15.443876783135753,15.773054122924805,600,0.0,0.0
2023-08-17 00:00:00-04:00,15.773054122924805,15.773054122924805,15.773054122924805,15.773054122924805,0,0.0,0.0
2023-08-18 00:00:00-04:00,15.398158763684767,15.74562238331258,15.398158763684767,15.718192100524902,900,0.0,0.0
2023-08-21 00:00:00-04:00,15.672471463655121,16.321682121749213,15.672471463655121,16.047367095947266,2600,0.0,0.0
2023-08-22 00:00:00-04:00,16.001648797000932,16.047367095947266,16.001648797000932,16.047367095947266,900,0.0,0.0
2023-08-23 00:00:00-04:00,16.0473673592086,16.18452574638035,15.864492416381838,15.864492416381836,3100,0.0,0.0
2023-08-24 00:00:00-04:00,16.00284194946289,16.00284194946289,16.00284194946289,16.00284194946289,500,0.15,0.0
2023-08-25 00:00:00-04:00,15.947502136230469,15.947502136230469,15.947502136230469,15.947502136230469,300,0.0,0.0
2023-08-28 00:00:00-04:00,15.929056926755619,16.141197963484036,15.846044910774767,15.864492416381836,3200,0.0,0.0
2023-08-29 00:00:00-04:00,15.864490355700061,16.1596433700711,15.864490355700061,15.965948104858398,600,0.0,0.0
2023-08-30 00:00:00-04:00,15.77225417933786,16.141195437487436,15.523218170367889,15.680018424987793,3400,0.0,0.0
2023-08-31 00:00:00-04:00,15.624680905495467,15.624680905495467,15.449433111933981,15.486328125,2700,0.0,0.0
2023-09-01 00:00:00-04:00,15.661575903271348,15.99362402083581,15.587787628173828,15.587787628173828,900,0.0,0.0
2023-09-05 00:00:00-04:00,15.69846947659995,16.29799937653274,15.412538397550348,16.242658615112305,2400,0.0,0.0
2023-09-06 00:00:00-04:00,16.33488882976871,16.602372339681683,15.707689574706858,16.454795837402344,5100,0.0,0.0
2023-09-07 00:00:00-04:00,16.325668716668197,16.602374250475773,16.325668716668197,16.556257247924805,2700,0.0,0.0
2023-09-08 00:00:00-04:00,16.703833046759662,17.063550577045223,16.703833046759662,17.045103073120117,2700,0.0,0.0
2023-09-11 00:00:00-04:00,17.072774693665057,17.47861099243164,16.611597641191935,17.47861099243164,4400,0.0,0.0
2023-09-12 00:00:00-04:00,17.16501214753497,17.47861271486051,17.02665761075822,17.469388961791992,3300,0.0,0.0
2023-09-13 00:00:00-04:00,17.091225312308882,17.469390423505175,16.814517974853516,16.814517974853516,8700,0.0,0.0
2023-09-14 00:00:00-04:00,16.842188906023758,16.842188906023758,16.371788024902344,16.371788024902344,6100,0.0,0.0
2023-09-15 00:00:00-04:00,17.017432464937027,17.017432464937027,15.680018424987793,15.680018424987793,15300,0.0,0.0
2023-09-18 00:00:00-04:00,15.772257724806165,15.88293924750595,14.757667717385683,15.03437328338623,7700,0.0,0.0
2023-09-19 00:00:00-04:00,15.034369807243927,15.523218070684626,14.840676307678223,14.840676307678223,5800,0.0,0.0
2023-09-20 00:00:00-04:00,15.274184407744556,15.486327201724372,14.859126091003418,14.859126091003418,9700,0.0,0.0
2023-09-21 00:00:00-04:00,15.02515048967823,15.523220833825874,15.02515048967823,15.30185604095459,6000,0.0,0.0
2023-09-22 00:00:00-04:00,15.661572653846646,15.864491687702117,15.661572653846646,15.726137161254883,3500,0.0,0.0
2023-09-25 00:00:00-04:00,15.827599180690452,16.21498804564097,15.597010612487793,15.597010612487793,8200,0.0,0.0
2023-09-26 00:00:00-04:00,15.772254209831203,15.993618965148926,15.772254209831203,15.993618965148926,2800,0.0,0.0
2023-09-27 00:00:00-04:00,15.67079636882593,16.067408923959544,15.67079636882593,15.716915130615234,6000,0.0,0.0
2023-09-28 00:00:00-04:00,15.716915723647103,16.270326811993062,15.689244465529427,15.753808975219727,9800,0.0,0.0
2023-09-29 00:00:00-04:00,15.956727536062704,16.56548118944075,15.956727536062704,16.242658615112305,166800,0.0,0.0
2023-10-02 00:00:00-04:00,16.602375815760823,16.602375815760823,15.689245357004102,16.436351776123047,10400,0.0,0.0
2023-10-03 00:00:00-04:00,16.150421150271814,16.39945718948653,16.14119739779154,16.36256217956543,2800,0.0,0.0
2023-10-04 00:00:00-04:00,16.35333764588045,16.371785149959756,15.6892433322828,16.316444396972656,12300,0.0,0.0
2023-10-05 00:00:00-04:00,16.36256083754717,16.57470184944149,16.141196073929095,16.288772583007812,2800,0.0,0.0
2023-10-06 00:00:00-04:00,17.432493040852115,17.432493040852115,16.436350631639165,16.583927154541016,1200,0.0,0.0
2023-10-09 00:00:00-04:00,16.5931514608577,17.524729392295086,16.5931514608577,16.823740005493164,12300,0.0,0.0
2023-10-10 00:00:00-04:00,17.349478480912076,17.76453849019852,16.823736975316358,16.9713134765625,5600,0.0,0.0
2023-10-11 00:00:00-04:00,16.971315001790742,17.266468030808714,16.971315001790742,17.0543270111084,1800,0.0,0.0
2023-10-12 00:00:00-04:00,17.533954668896488,17.533954668896488,16.971318008132354,17.220354080200195,700,0.0,0.0
2023-10-13 00:00:00-04:00,17.524727197467122,17.59851545213906,16.97131440780222,17.017433166503906,13100,0.0,0.0
2023-10-16 00:00:00-04:00,17.497054982158218,17.497054982158218,16.851408229019007,16.9713134765625,7400,0.0,0.0
2023-10-17 00:00:00-04:00,17.155786319191048,17.404822344162962,17.155786319191048,17.248022079467773,5100,0.0,0.0
2023-10-18 00:00:00-04:00,17.072775464723083,17.478611781818458,17.072775464723083,17.21112823486328,3200,0.0,0.0
2023-10-19 00:00:00-04:00,17.21112823486328,17.21112823486328,17.21112823486328,17.21112823486328,0,0.0,0.0
2023-10-20 00:00:00-04:00,17.30336570739746,17.30336570739746,17.30336570739746,17.30336570739746,300,0.0,0.0
2023-10-23 00:00:00-04:00,17.017435295942388,17.275693339985324,16.832963756553738,17.03588104248047,5800,0.0,0.0
2023-10-24 00:00:00-04:00,16.92519952624806,17.294140845774386,16.832963756553738,17.03588104248047,4400,0.0,0.0
2023-10-25 00:00:00-04:00,16.7222783885654,17.248021682260053,16.611596886182877,17.017433166503906,3900,0.0,0.0
2023-10-26 00:00:00-04:00,17.303361483991655,17.303361483991655,16.879077723470996,16.9713134765625,2300,0.0,0.0
2023-10-27 00:00:00-04:00,16.97131461548867,17.284915141494775,16.83296185619204,17.238798141479492,2400,0.0,0.0
2023-10-30 00:00:00-04:00,17.30336321990162,17.47861099243164,17.063550941505493,17.47861099243164,4200,0.0,0.0
2023-10-31 00:00:00-04:00,17.284918576708222,17.4324951171875,17.284918576708222,17.4324951171875,2100,0.0,0.0
2023-11-01 00:00:00-04:00,17.238798141479492,17.238798141479492,17.238798141479492,17.238798141479492,900,0.0,0.0
2023-11-02 00:00:00-04:00,17.47861099243164,17.47861099243164,17.47861099243164,17.47861099243164,500,0.0,0.0
2023-11-03 00:00:00-04:00,17.663083467488928,17.663083467488928,17.524730682373047,17.524730682373047,800,0.0,0.0
2023-11-06 00:00:00-05:00,17.43249242931603,17.43249242931603,17.386375427246094,17.386375427246094,1900,0.0,0.0
2023-11-07 00:00:00-05:00,17.2849178314209,17.2849178314209,17.2849178314209,17.2849178314209,600,0.0,0.0
2023-11-08 00:00:00-05:00,17.43249359933973,17.570846374086276,17.16501180272986,17.3494815826416,1600,0.0,0.0
2023-11-09 00:00:00-05:00,17.09122186215146,17.570844650268555,17.09122186215146,17.570844650268555,600,0.0,0.0
2023-11-10 00:00:00-05:00,17.460163673233446,17.52472817978409,16.602374065058616,17.17423439025879,13800,0.0,0.0
2023-11-13 00:00:00-05:00,17.017436023054607,17.469389378691556,16.971317256611414,17.2849178314209,2200,0.0,0.0
2023-11-14 00:00:00-05:00,17.340259129384464,17.61696645886734,17.100448573450862,17.524730682373047,27700,0.0,0.0
2023-11-15 00:00:00-05:00,17.294141171992187,17.48783470867801,17.294141171992187,17.469388961791992,1000,0.0,0.0
2023-11-16 00:00:00-05:00,17.414045333862305,17.414045333862305,17.414045333862305,17.414045333862305,400,0.0,0.0
2023-11-17 00:00:00-05:00,17.367929875772695,17.367929875772695,17.18345832824707,17.18345832824707,1700,0.0,0.0
2023-11-20 00:00:00-05:00,17.155786885744075,17.183456383265288,17.08199862693607,17.17423439025879,1700,0.0,0.0
2023-11-21 00:00:00-05:00,17.174234999782456,17.183456993116245,17.109668731689453,17.109668731689453,2000,0.0,0.0
2023-11-22 00:00:00-05:00,17.32354364653617,17.32354364653617,16.97019247403314,17.2956485748291,2300,0.15,0.0
2023-11-24 00:00:00-05:00,17.109667448208942,17.29564280767775,17.109667448208942,17.267745971679688,1500,0.0,0.0
2023-11-27 00:00:00-05:00,17.295646776764393,17.295646776764393,16.988788604736328,16.988788604736328,6900,0.0,0.0
2023-11-28 00:00:00-05:00,17.156167895514564,17.2956485748291,16.923699505459314,17.2956485748291,900,0.0,0.0
2023-11-29 00:00:00-05:00,17.286346435546875,17.286346435546875,17.286346435546875,17.286346435546875,700,0.0,0.0
2023-11-30 00:00:00-05:00,17.249149322509766,17.249149322509766,17.249149322509766,17.249149322509766,600,0.0,0.0
2023-12-01 00:00:00-05:00,17.20266086408839,17.52811696488435,17.20266086408839,17.2956485748291,18400,0.0,0.0
2023-12-04 00:00:00-05:00,17.295644129007016,17.472320556640625,17.295644129007016,17.472320556640625,900,0.0,0.0
2023-12-05 00:00:00-05:00,17.472320556640625,17.472320556640625,17.472320556640625,17.472320556640625,0,0.0,0.0
2023-12-06 00:00:00-05:00,17.453723206457227,17.909360935159913,17.453723206457227,17.85356903076172,95900,0.0,0.0
2023-12-07 00:00:00-05:00,17.993048242065218,18.58816657104801,17.993048242065218,18.43008804321289,4500,0.0,0.0
2023-12-08 00:00:00-05:00,18.430090501332018,19.015911736452,18.430090501332018,18.922924041748047,11100,0.0,0.0
2023-12-11 00:00:00-05:00,18.59746748306952,19.062404170146255,18.45798683166504,18.45798683166504,8800,0.0,0.0
2023-12-12 00:00:00-05:00,18.597464928260216,18.597464928260216,18.13252830505371,18.13252830505371,5400,0.0,0.0
2023-12-13 00:00:00-05:00,18.160426480662604,18.597466300224546,18.002347946166992,18.002347946166992,26400,0.0,0.0
2023-12-14 00:00:00-05:00,18.82063561695278,18.885726465000342,18.12323063314162,18.392894744873047,9300,0.0,0.0
2023-12-15 00:00:00-05:00,18.597467304003008,18.876428604125977,18.29990811091379,18.876428604125977,7100,0.0,0.0
2023-12-18 00:00:00-05:00,18.606765118335208,19.322767991635516,18.59746617241789,18.7834415435791,16700,0.0,0.0
2023-12-19 00:00:00-05:00,18.690454385775485,18.950817784442165,18.634662482288714,18.802038192749023,8700,0.0,0.0
2023-12-20 00:00:00-05:00,18.792739252573277,19.499443200137808,18.792739252573277,19.332067489624023,6800,0.0,0.0
2023-12-21 00:00:00-05:00,19.527341774988358,19.945785522460938,19.30417236753391,19.945785522460938,5500,0.0,0.0
2023-12-22 00:00:00-05:00,19.824899765427418,19.9457842955247,19.490144788041324,19.79700469970703,12100,0.0,0.0
2023-12-26 00:00:00-05:00,19.843495701302942,20.113158027030643,19.843495701302942,20.10386085510254,4400,0.0,0.0
2023-12-27 00:00:00-05:00,19.927190096545992,19.992280960083008,19.545942089892314,19.992280960083008,17600,0.0,0.0
2023-12-28 00:00:00-05:00,20.20615005493164,20.20615005493164,20.19685110741085,20.20615005493164,2300,0.0,0.0
2023-12-29 00:00:00-05:00,20.178251839990544,20.22474479675293,19.927185616851382,20.22474479675293,7100,0.0,0.0
2024-01-02 00:00:00-05:00,19.99227848391665,20.178253876925083,19.666822432948287,19.945785522460938,5200,0.0,0.0
2024-01-03 00:00:00-05:00,19.759810197921027,19.992278553190687,19.22048368463913,19.527341842651367,13200,0.0,0.0
2024-01-04 00:00:00-05:00,19.35066356573974,19.759808328920982,19.090300167563832,19.304170608520508,16800,0.0,0.0
2024-01-05 00:00:00-05:00,19.12749484734242,19.74121112677427,18.792739868164062,18.792739868164062,6900,0.0,0.0
2024-01-08 00:00:00-05:00,18.792739868164062,18.792739868164062,18.792739868164062,18.792739868164062,1000,0.0,0.0
2024-01-09 00:00:00-05:00,19.21118417681223,19.66682192700931,18.774144320156108,19.48084831237793,21200,0.0,0.0
2024-01-10 00:00:00-05:00,19.527341775508038,19.66682243347168,19.527341775508038,19.66682243347168,5800,0.0,0.0
2024-01-11 00:00:00-05:00,19.564533856627477,19.750507440811386,19.276271874714865,19.63892364501953,6600,0.0,0.0
2024-01-12 00:00:00-05:00,19.545935312833276,19.815597621644184,19.11819271368137,19.787702560424805,7500,0.0,0.0
2024-01-16 00:00:00-05:00,19.85279789474745,19.85279789474745,19.294873487381707,19.527341842651367,5800,0.0,0.0
2024-01-17 00:00:00-05:00,19.57383155822754,19.57383155822754,19.57383155822754,19.57383155822754,800,0.0,0.0
2024-01-18 00:00:00-05:00,19.62032953947779,19.62032953947779,19.38786118420813,19.527341842651367,6000,0.0,0.0
2024-01-19 00:00:00-05:00,19.60173107320869,19.611030019979168,19.17399016332305,19.48084831237793,3700,0.0,0.0
2024-01-22 00:00:00-05:00,19.46225041883697,19.806302581381026,19.36926272472491,19.48084831237793,1700,0.0,0.0
2024-01-23 00:00:00-05:00,19.359960513266774,19.52733797972492,19.24837671802297,19.415752410888672,8400,0.0,0.0
2024-01-24 00:00:00-05:00,19.248376216108362,19.50873958061637,19.006608967927775,19.09029769897461,10800,0.0,0.0
2024-01-25 00:00:00-05:00,18.82993247088264,19.75980567932129,18.74624374023577,19.75980567932129,4500,0.0,0.0
2024-01-26 00:00:00-05:00,19.527339876329453,19.75050926208496,19.29487154446839,19.75050926208496,5500,0.0,0.0
2024-01-29 00:00:00-05:00,19.71331787109375,19.71331787109375,19.71331787109375,19.71331787109375,1500,0.0,0.0
2024-01-30 00:00:00-05:00,19.304168615644873,19.52733797972492,19.304168615644873,19.415752410888672,2100,0.0,0.0
2024-01-31 00:00:00-05:00,19.06240267256884,19.5273393231193,18.727647716622887,19.285572052001953,18600,0.0,0.0
2024-02-01 00:00:00-05:00,19.080999411527124,19.341362785007,18.662555741873803,18.774141311645508,3700,0.0,0.0
2024-02-02 00:00:00-05:00,18.374299280726014,18.922924749033378,18.374299280726014,18.69045639038086,1200,0.0,0.0
2024-02-05 00:00:00-05:00,18.82993580719839,18.82993580719839,18.43938891951279,18.625364303588867,3000,0.0,0.0
2024-02-06 00:00:00-05:00,18.439387078403907,18.857830763998578,18.197619812681708,18.402193069458008,15600,0.0,0.0
2024-02-07 00:00:00-05:00,18.225517241277124,18.225517241277124,17.78847565022468,17.94655418395996,9600,0.0,0.0
2024-02-08 00:00:00-05:00,17.862865444124072,18.13252955550474,17.714085856325287,17.94655418395996,6500,0.0,0.0
2024-02-09 00:00:00-05:00,18.20691680908203,18.20691680908203,18.20691680908203,18.20691680908203,600,0.0,0.0
2024-02-12 00:00:00-05:00,18.188318872593438,18.57886567845859,18.048838250554244,18.179019927978516,3300,0.0,0.0
2024-02-13 00:00:00-05:00,17.955854550543958,18.03954329700121,17.211956552693636,17.593204498291016,6800,0.0,0.0
2024-02-14 00:00:00-05:00,17.91866110362766,17.91866110362766,17.723386764526367,17.723386764526367,1500,0.0,0.0
2024-02-15 00:00:00-05:00,17.53741515151564,17.83497439408589,17.47232428890252,17.611804962158203,1500,0.0,0.0
2024-02-16 00:00:00-05:00,17.416530541849315,17.78847959380475,17.416530541849315,17.6675968170166,2100,0.0,0.0
2024-02-20 00:00:00-05:00,17.425827026367188,17.714087279182326,17.425827026367188,17.425827026367188,1500,0.0,0.0
2024-02-21 00:00:00-05:00,17.258448917456555,17.825672229757185,17.202657012939454,17.43512535095215,2600,0.0,0.0
2024-02-22 00:00:00-05:00,17.22125817368041,17.22125817368041,16.92369892833187,17.025983810424805,4700,0.0,0.0
2024-02-23 00:00:00-05:00,16.737722843551847,17.091073989868164,16.737722843551847,17.091073989868164,1600,0.0,0.0
2024-02-26 00:00:00-05:00,17.04457664489746,17.04457664489746,17.04457664489746,17.04457664489746,300,0.0,0.0
2024-02-27 00:00:00-05:00,16.756317749745495,17.053876930105343,16.0682117017652,16.914396286010742,3400,0.0,0.0
2024-02-28 00:00:00-05:00,16.756317749745495,17.063175876190666,16.542447310560934,16.914396286010742,2900,0.0,0.0
2024-02-29 00:00:00-05:00,16.923773022827678,17.111294776813683,16.85814094543457,16.85814094543457,7300,0.15,0.0
2024-03-01 00:00:00-05:00,16.783130645751953,16.783130645751953,16.783130645751953,16.783130645751953,400,0.0,0.0
2024-03-04 00:00:00-05:00,16.783130645751953,16.783130645751953,16.783130645751953,16.783130645751953,600,0.0,0.0
2024-03-05 00:00:00-05:00,16.783130645751953,16.783130645751953,16.783130645751953,16.783130645751953,0,0.0,0.0
2024-03-06 00:00:00-05:00,17.045663833618164,17.045663833618164,17.045663833618164,17.045663833618164,300,0.0,0.0
2024-03-07 00:00:00-05:00,16.698743953279724,17.28943608366786,16.661240684554834,16.8487606048584,3800,0.0,0.0
2024-03-08 00:00:00-05:00,16.72687530517578,16.72687530517578,16.72687530517578,16.72687530517578,200,0.0,0.0
2024-03-11 00:00:00-04:00,16.73625024563513,17.017531041021392,16.679994444225812,16.820634841918945,5000,0.0,0.0
2024-03-12 00:00:00-04:00,16.736254395182844,16.783133943257198,16.736254395182844,16.764381408691406,1500,0.0,0.0
2024-03-13 00:00:00-04:00,16.9519026842941,16.9519026842941,16.595613479614258,16.595613479614258,1700,0.0,0.0
2024-03-14 00:00:00-04:00,16.445594031586623,16.830011972955315,16.445594031586623,16.783130645751953,1300,0.0,0.0
2024-03-15 00:00:00-04:00,16.642490535595407,16.830012271050713,16.501850128173828,16.501850128173828,3400,0.0,0.0
2024-03-18 00:00:00-04:00,16.64249188559396,16.64249188559396,16.408090591430664,16.408090591430664,2100,0.0,0.0
2024-03-19 00:00:00-04:00,16.408088829016588,16.408088829016588,16.26744842529297,16.26744842529297,3000,0.0,0.0
2024-03-20 00:00:00-04:00,16.276826438968,16.8581406470226,16.17368929726737,16.408090591430664,6000,0.0,0.0
2024-03-21 00:00:00-04:00,16.764379822273344,16.820637420647053,16.26745022168532,16.48309898376465,3200,0.0,0.0
2024-03-22 00:00:00-04:00,16.34245968569017,16.876894388525738,16.34245968569017,16.454971313476562,2000,0.0,0.0
2024-03-25 00:00:00-04:00,16.558107376098633,16.558107376098633,16.558107376098633,16.558107376098633,300,0.0,0.0
2024-03-26 00:00:00-04:00,16.173690213292502,16.173690213292502,15.25483751733315,15.3110933303833,19300,0.0,0.0
2024-03-27 00:00:00-04:00,15.423604767952929,15.423604767952929,15.236083030700684,15.236083030700684,5700,0.0,0.0
2024-03-28 00:00:00-04:00,15.423604066357367,15.461107339097957,15.245458602905273,15.245458602905273,2000,0.0,0.0
2024-04-01 00:00:00-04:00,15.170450674780295,15.2360827450863,15.114194869995117,15.114194869995117,4000,0.0,0.0
2024-04-02 00:00:00-04:00,15.245459502492537,15.245459502492537,15.011058221928394,15.170451164245605,5600,0.0,0.0
2024-04-03 00:00:00-04:00,15.470485504500758,15.470485504500758,15.048562457223843,15.282963752746582,1400,0.0,0.0
2024-04-04 00:00:00-04:00,15.245459296397279,15.592372185472161,15.236083030700684,15.236083030700684,2300,0.0,0.0
2024-04-05 00:00:00-04:00,15.282963752746582,15.282963752746582,15.282963752746582,15.282963752746582,700,0.0,0.0
2024-04-08 00:00:00-04:00,15.236081721679323,15.423603442820475,15.029809259095792,15.039185523986816,9900,0.0,0.0
2024-04-09 00:00:00-04:00,15.057938089314575,15.414229044970398,15.00168228149414,15.00168228149414,2700,0.0,0.0
2024-04-10 00:00:00-04:00,14.870417327029074,14.879793593110902,13.970316349082387,14.204717636108398,10900,0.0,0.0
2024-04-11 00:00:00-04:00,14.06407619191684,14.701647932084764,14.06407619191684,14.092204093933105,1800,0.0,0.0
2024-04-12 00:00:00-04:00,14.064076502153204,14.757904061658651,14.064076502153204,14.429742813110352,3200,0.0,0.0
2024-04-15 00:00:00-04:00,14.67351883938956,14.67351883938956,14.139084241030448,14.298477172851562,1900,0.0,0.0
2024-04-16 00:00:00-04:00,14.270349122170858,14.270349122170858,13.970314897908217,14.110956192016602,4100,0.0,0.0
2024-04-17 00:00:00-04:00,14.429742732560953,14.851664846436323,14.06407642364502,14.06407642364502,1600,0.0,0.0
2024-04-18 00:00:00-04:00,14.064075439208139,14.53287795384841,13.595272924567867,14.026571273803711,6800,0.0,0.0
2024-04-19 00:00:00-04:00,14.01719532927768,14.439117423263122,14.01719532927768,14.110956192016602,18300,0.0,0.0
2024-04-22 00:00:00-04:00,13.979693177861135,14.270351178907449,13.914061100986476,14.007821083068848,11900,0.0,0.0
2024-04-23 00:00:00-04:00,13.87655518783354,14.448493957519531,13.754666421670322,14.448493957519531,1500,0.0,0.0
2024-04-24 00:00:00-04:00,13.970315584361577,14.101580619812012,13.73591431016645,14.101580619812012,2100,0.0,0.0
2024-04-25 00:00:00-04:00,13.970315326302773,14.18596495954717,13.970315326302773,14.092204093933105,1700,0.0,0.0
2024-04-26 00:00:00-04:00,14.092204093933105,14.092204093933105,14.092204093933105,14.092204093933105,500,0.0,0.0
2024-04-29 00:00:00-04:00,13.914061960134273,13.92343822717246,13.857805252075195,13.857805252075195,2100,0.0,0.0
2024-04-30 00:00:00-04:00,13.689036463027563,13.8390531539917,13.595275584089972,13.8390531539917,2700,0.0,0.0
2024-05-01 00:00:00-04:00,13.923437118530273,13.923437118530273,13.923437118530273,13.923437118530273,1300,0.0,0.0
2024-05-02 00:00:00-04:00,13.970315694396382,14.392238706606733,13.829675286439535,14.25159740447998,11300,0.0,0.0
2024-05-03 00:00:00-04:00,14.29847986477641,14.76728248329367,14.29847986477641,14.439120292663574,4400,0.0,0.0
2024-05-06 00:00:00-04:00,14.43911833021559,14.804784644861861,14.279725390049517,14.364109992980957,5400,0.0,0.0
2024-05-07 00:00:00-04:00,14.598511561857505,14.60788782774152,14.410990715026855,14.410990715026855,2700,0.0,0.0
2024-05-08 00:00:00-04:00,14.420367188383217,14.420367188383217,14.298478412647142,14.345358848571777,2200,0.0,0.0
2024-05-09 00:00:00-04:00,14.345358848571777,14.345358848571777,14.345358848571777,14.345358848571777,0,0.0,0.0
2024-05-10 00:00:00-04:00,14.542254703186194,14.645390937941675,14.298477172851562,14.298477172851562,2100,0.0,0.0
2024-05-13 00:00:00-04:00,14.804784940456186,14.804784940456186,14.392239077428755,14.410990715026855,3500,0.0,0.0
2024-05-14 00:00:00-04:00,14.439118826251105,14.88916975928968,14.073453393212827,14.345358848571777,19300,0.0,0.0
2024-05-15 00:00:00-04:00,14.401616118948995,14.720402042607937,14.392240746147875,14.439120292663574,5700,0.0,0.0
2024-05-16 00:00:00-04:00,14.439118930888515,14.767281090569142,14.439118930888515,14.495375633239746,2000,0.0,0.0
2024-05-17 00:00:00-04:00,14.72040068062961,14.72040068062961,14.485999393058533,14.532879829406738,2400,0.0,0.0
2024-05-20 00:00:00-04:00,14.673520244281404,14.954801968200686,14.532879829406738,14.532879829406738,4300,0.0,0.0
2024-05-21 00:00:00-04:00,14.673521491623605,14.748529838488938,14.579761505126953,14.579761505126953,1500,0.0,0.0
2024-05-22 00:00:00-04:00,15.189202971334721,15.189202971334721,14.542254967103343,14.636014938354492,3200,0.0,0.0
2024-05-23 00:00:00-04:00,14.882159017248064,15.090432853724645,14.683351516723633,14.683351516723633,2000,0.15,0.0
2024-05-24 00:00:00-04:00,14.853758714553921,14.863225954252691,14.721220970153809,14.721220970153809,1600,0.0,0.0
2024-05-28 00:00:00-04:00,14.863223241135,15.005229102157948,14.778019905090332,14.778019905090332,1000,0.0,0.0
2024-05-29 00:00:00-04:00,14.673885674505623,15.052566233999759,14.673885674505623,14.721220970153809,6800,0.0,0.0
2024-05-30 00:00:00-04:00,15.005230409187343,15.28924035028089,14.72121956524821,14.825356483459473,4900,0.0,0.0
2024-05-31 00:00:00-04:00,14.901092588130497,15.137768140938842,14.825356483459473,14.825356483459473,2900,0.0,0.0
2024-06-03 00:00:00-04:00,14.768554915288146,14.768554915288146,14.74962043762207,14.74962043762207,3800,0.0,0.0
2024-06-04 00:00:00-04:00,14.957895238001232,14.957895238001232,14.673884391784668,14.673884391784668,3200,0.0,0.0
2024-06-05 00:00:00-04:00,14.673884391784668,15.02416410440838,14.228934096140238,14.673884391784668,5900,0.0,0.0
2024-06-06 00:00:00-04:00,14.740152971438953,14.901092417735926,14.740152971438953,14.7685546875,1800,0.0,0.0
2024-06-07 00:00:00-04:00,14.588680601964498,14.834823388022459,14.588680601964498,14.636015892028809,1200,0.0,0.0
2024-06-10 00:00:00-04:00,14.673884057521931,14.759087399730577,14.626548767089844,14.626548767089844,7100,0.0,0.0
2024-06-11 00:00:00-04:00,14.579214541283381,14.6833523684076,14.531880150240339,14.617082595825195,6400,0.0,0.0
2024-06-12 00:00:00-04:00,14.673884057521931,14.77802097419607,14.626548767089844,14.626548767089844,8400,0.0,0.0
2024-06-13 00:00:00-04:00,14.579212177784223,14.844289419449748,14.437207221984863,14.437207221984863,4600,0.0,0.0
2024-06-14 00:00:00-04:00,14.57921308527431,14.64548285123843,14.153197288513184,14.153197288513184,5400,0.0,0.0
2024-06-17 00:00:00-04:00,14.323604568020107,14.683351516723633,14.323604568020107,14.683351516723633,1300,0.0,0.0
2024-06-18 00:00:00-04:00,14.626548768821511,14.759087401477935,14.484543800354004,14.484543800354004,4100,0.0,0.0
2024-06-20 00:00:00-04:00,14.247867467687838,14.342537140512876,14.039592742919922,14.039592742919922,3300,0.0,0.0
2024-06-21 00:00:00-04:00,14.10586345672645,14.115330696105957,14.10586345672645,14.115330696105957,4400,0.0,0.0
2024-06-24 00:00:00-04:00,14.247869338882136,14.276270154175018,14.115330696105957,14.115330696105957,1300,0.0,0.0
2024-06-25 00:00:00-04:00,14.105861999351825,14.228933390033138,13.963857034713298,14.153197288513184,2800,0.0,0.0
2024-06-26 00:00:00-04:00,14.1531974537929,14.427741050720215,14.1531974537929,14.427741050720215,2300,0.0,0.0
2024-06-27 00:00:00-04:00,14.418273754976827,14.418273754976827,14.200532687139882,14.361472129821777,3700,0.0,0.0
2024-06-28 00:00:00-04:00,14.295203937963237,14.389873618618958,14.238401407293328,14.380406379699707,3600,0.0,0.0
2024-07-01 00:00:00-04:00,14.20053335446192,14.389873618618958,14.20053335446192,14.380406379699707,900,0.0,0.0
2024-07-02 00:00:00-04:00,14.314137173261948,14.721219408673157,14.295203598718361,14.408807754516602,4000,0.0,0.0
2024-07-03 00:00:00-04:00,14.399341008329372,14.749620726399455,14.295204087663869,14.654950141906738,9400,0.0,0.0
2024-07-05 00:00:00-04:00,14.531879089071237,14.673884057521931,14.531879089071237,14.626548767089844,2500,0.0,0.0
2024-07-08 00:00:00-04:00,14.740153085041076,14.768554801321015,14.579213637503745,14.759087562561035,4600,0.0,0.0
2024-07-09 00:00:00-04:00,14.579214541283381,14.740153998797505,14.579214541283381,14.617082595825195,4200,0.0,0.0
2024-07-10 00:00:00-04:00,14.749620611657202,14.749620611657202,14.65495002790096,14.664417266845703,900,0.0,0.0
2024-07-11 00:00:00-04:00,14.768554523639763,15.005230071115749,14.636015892028809,14.636015892028809,2700,0.0,0.0
2024-07-12 00:00:00-04:00,14.759087114876744,14.863224029541016,14.673883774312545,14.863224029541016,12000,0.0,0.0
2024-07-15 00:00:00-04:00,15.090433871971458,15.090433871971458,14.768555856739717,14.891626358032227,4300,0.0,0.0
2024-07-16 00:00:00-04:00,15.052565285033324,15.364976952631878,15.052565285033324,15.147235870361328,6100,0.0,0.0
2024-07-17 00:00:00-04:00,15.147235862028893,15.56378535382823,15.147235862028893,15.289240837097168,7100,0.0,0.0
2024-07-18 00:00:00-04:00,15.421779185321798,15.421779185321798,15.147234689836784,15.166169166564941,6200,0.0,0.0
2024-07-19 00:00:00-04:00,15.383909451353441,15.506979932460231,15.355507737702185,15.364974975585938,1900,0.0,0.0
2024-07-22 00:00:00-04:00,15.525915646211095,15.525915646211095,15.374443439375172,15.42177963256836,8500,0.0,0.0
2024-07-23 00:00:00-04:00,15.393377423646747,15.677387350945292,15.393377423646747,15.667920112609863,14200,0.0,0.0
2024-07-24 00:00:00-04:00,15.686856103682048,15.828861081040412,15.554318365573076,15.630054473876953,7300,0.0,0.0
2024-07-25 00:00:00-04:00,15.620587989465514,15.885665284184116,15.620587989465514,15.857263565063477,13500,0.0,0.0
2024-07-26 00:00:00-04:00,16.093937091405117,16.292743682861328,15.961399363767642,16.292743682861328,1800,0.0,0.0
2024-07-29 00:00:00-04:00,16.198074909229483,16.292743682861328,16.198074909229483,16.292743682861328,1600,0.0,0.0
2024-07-30 00:00:00-04:00,16.283278184384415,16.889167000502162,16.283278184384415,16.661958694458008,3800,0.0,0.0
2024-07-31 00:00:00-04:00,16.97437135941913,17.163710722970475,16.661959694152756,16.8702335357666,5200,0.0,0.0
2024-08-01 00:00:00-04:00,17.267848313322197,17.267848313322197,16.88916778564453,16.88916778564453,7300,0.0,0.0
2024-08-02 00:00:00-04:00,16.605156843352084,16.94596839493388,15.904595652137603,16.680892944335938,15700,0.0,0.0
2024-08-05 00:00:00-04:00,16.56728800605325,16.56728800605325,15.828859662020369,16.093936920166016,5700,0.0,0.0
2024-08-06 00:00:00-04:00,15.999268531799316,15.999268531799316,15.876198027127064,15.999268531799316,1600,0.0,0.0
2024-08-07 00:00:00-04:00,15.866728228074338,16.23594148822711,15.809926604748771,15.904595375061035,2900,0.0,0.0
2024-08-08 00:00:00-04:00,15.847796308037463,15.999268531799316,15.819394588947864,15.999268531799316,1100,0.0,0.0
2024-08-09 00:00:00-04:00,15.999268531799316,15.999268531799316,15.999268531799316,15.999268531799316,400,0.0,0.0
2024-08-12 00:00:00-04:00,15.932999063647559,15.980333454668362,15.677389018476168,15.828861236572266,1700,0.0,0.0
2024-08-13 00:00:00-04:00,15.838325940810265,15.876194892118567,15.80992603302002,15.80992603302002,2700,0.0,0.0
2024-08-14 00:00:00-04:00,15.809926604748771,15.904595375061035,15.809926604748771,15.904595375061035,3600,0.0,0.0
2024-08-15 00:00:00-04:00,16.718761685560104,16.718761685560104,15.904597168111879,15.914064407348633,2700,0.0,0.0
2024-08-16 00:00:00-04:00,15.914062999832476,15.999266339736208,15.85726137512702,15.951931953430176,3900,0.0,0.0
2024-08-19 00:00:00-04:00,16.084471883376775,16.084471883376775,15.999268531799316,15.999268531799316,400,0.0,0.0
2024-08-20 00:00:00-04:00,15.999268531799316,15.999268531799316,15.999268531799316,15.999268531799316,0,0.0,0.0
2024-08-21 00:00:00-04:00,16.349546768990912,16.349546768990912,15.39337736881167,16.179140090942383,8400,0.0,0.0
2024-08-22 00:00:00-04:00,16.207542875383524,16.207542875383524,16.01820170823696,16.169673919677734,700,0.0,0.0
2024-08-23 00:00:00-04:00,16.330612625637112,16.444217681884766,16.330612625637112,16.444217681884766,3200,0.0,0.0
2024-08-26 00:00:00-04:00,16.330610565477077,16.425281132791934,16.330610565477077,16.377944946289062,1500,0.0,0.0
2024-08-27 00:00:00-04:00,16.245409453680274,16.3590145111084,16.245409453680274,16.3590145111084,1800,0.0,0.0
2024-08-28 00:00:00-04:00,16.377944607573294,16.76609230041504,16.377944607573294,16.76609230041504,800,0.0,0.0
2024-08-29 00:00:00-04:00,16.39688199840825,16.557821446435216,16.377947520830688,16.472618103027344,2200,0.0,0.0
2024-08-30 00:00:00-04:00,16.472617792846716,16.54901246917522,16.472617792846716,16.501266479492188,600,0.15,0.0
2024-09-03 00:00:00-04:00,19.07003682765332,19.089135950299163,16.472616253774046,16.577659606933594,11700,0.0,0.0
2024-09-04 00:00:00-04:00,16.577659606933594,16.577659606933594,16.577659606933594,16.577659606933594,400,0.0,0.0
2024-09-05 00:00:00-04:00,16.825942878741262,16.825942878741262,16.520362378014095,16.615856170654297,1800,0.0,0.0
2024-09-06 00:00:00-04:00,16.615856170654297,16.615856170654297,16.615856170654297,16.615856170654297,500,0.0,0.0
2024-09-09 00:00:00-04:00,16.48216518213,16.99782872401655,16.48216518213,16.73999786376953,1000,0.0,0.0
2024-09-10 00:00:00-04:00,16.501267957477037,16.806846690161127,15.489036128719846,16.214786529541016,7800,0.0,0.0
2024-09-11 00:00:00-04:00,16.014249116253307,16.329377371609244,16.014249116253307,16.28162956237793,1200,0.0,0.0
2024-09-12 00:00:00-04:00,16.157488370386336,16.654054641723633,16.157488370386336,16.654054641723633,1700,0.0,0.0
2024-09-13 00:00:00-04:00,16.778195298861647,16.778195298861647,16.654054641723633,16.654054641723633,900,0.0,0.0
2024-09-16 00:00:00-04:00,16.50126870087811,16.56811382399009,16.472620010375977,16.472620010375977,3000,0.0,0.0
2024-09-17 00:00:00-04:00,16.472616392390293,16.673151717681378,16.472616392390293,16.615856170654297,2900,0.0,0.0
2024-09-18 00:00:00-04:00,16.615857046891698,16.950084428061594,16.491716384887695,16.491716384887695,2500,0.0,0.0
2024-09-19 00:00:00-04:00,17.666285447671378,17.666285447671378,16.950084686279297,16.950084686279297,1200,0.0,0.0
2024-09-20 00:00:00-04:00,16.711350532427225,17.742679521001314,16.711350532427225,17.42755126953125,14600,0.0,0.0
2024-09-23 00:00:00-04:00,17.22701431387072,17.809522953270466,17.18881607055664,17.18881607055664,2700,0.0,0.0
2024-09-24 00:00:00-04:00,17.351158455062194,17.503947816293696,16.99783191884381,17.112424850463867,6600,0.0,0.0
2024-09-25 00:00:00-04:00,17.188817598252236,17.809524536132812,17.188817598252236,17.809524536132812,900,0.0,0.0
2024-09-26 00:00:00-04:00,17.76177994634631,17.76177994634631,16.950085353854977,16.997831344604492,10700,0.0,0.0
2024-09-27 00:00:00-04:00,16.85459035729813,17.198367294804836,16.806844369930047,16.940534591674805,1500,0.0,0.0
2024-09-30 00:00:00-04:00,16.759099297164774,16.87369223550569,16.711353302001953,16.711353302001953,3900,0.0,0.0
2024-10-01 00:00:00-04:00,16.97873277563095,17.284311464994257,16.921435405330833,17.217466354370117,7700,0.0,0.0
2024-10-02 00:00:00-04:00,17.284313201904297,18.010063572769536,17.265214076551644,17.284313201904297,14500,0.0,0.0
2024-10-03 00:00:00-04:00,17.332058785091416,17.37025703489576,16.892789840698242,16.892789840698242,7600,0.0,0.0
2024-10-04 00:00:00-04:00,16.902339326521787,17.379806518554688,16.80684552383665,17.379806518554688,42600,0.0,0.0
2024-10-07 00:00:00-04:00,17.30341495115655,17.618543281690194,17.284315822907693,17.54214859008789,14600,0.0,0.0
2024-10-08 00:00:00-04:00,17.771328573522904,18.201047931832086,17.752229449671113,18.096006393432617,9800,0.0,0.0
2024-10-09 00:00:00-04:00,18.000515333287456,18.38248876145467,17.8668232673842,18.0769100189209,12200,0.0,0.0
2024-10-10 00:00:00-04:00,17.85727222935479,17.981412887573242,17.809524421276432,17.981412887573242,3100,0.0,0.0
2024-10-11 00:00:00-04:00,18.03870860678232,18.086456415313062,17.914567947387695,17.914567947387695,7800,0.0,0.0
2024-10-14 00:00:00-04:00,17.924118702181275,17.924118702181275,17.76177978515625,17.76177978515625,2000,0.0,0.0
2024-10-15 00:00:00-04:00,17.666284731234608,17.733129841497536,17.42755115378549,17.59943962097168,9500,0.0,0.0
2024-10-16 00:00:00-04:00,17.542146146660222,18.08645847618407,17.523047021071665,17.95276641845703,60700,0.0,0.0
2024-10-17 00:00:00-04:00,18.076907581635485,18.869503021240234,18.076907581635485,18.869503021240234,12200,0.0,0.0
2024-10-18 00:00:00-04:00,18.754911578414816,19.814889376077193,18.754911578414816,19.805339813232422,15000,0.0,0.0
2024-10-21 00:00:00-04:00,19.576153866889005,19.690746788498213,19.385166271337887,19.595252990722656,11000,0.0,0.0
2024-10-22 00:00:00-04:00,19.5093116618903,19.719396591186523,19.480662971870963,19.719396591186523,8100,0.0,0.0
2024-10-23 00:00:00-04:00,19.604802283717486,20.053620759295598,19.595252721931654,20.044071197509766,8800,0.0,0.0
2024-10-24 00:00:00-04:00,19.7384930303796,20.053621292114258,19.7384930303796,20.053621292114258,9000,0.0,0.0
2024-10-25 00:00:00-04:00,19.77668815526388,20.04407041059192,19.76714041524556,19.786237716674805,5700,0.0,0.0
2024-10-28 00:00:00-04:00,20.053621292114258,20.22550976604093,19.757592154458724,20.053621292114258,7400,0.0,0.0
2024-10-29 00:00:00-04:00,19.939028369032236,20.053621292114258,19.939028369032236,20.053621292114258,5100,0.0,0.0
2024-10-30 00:00:00-04:00,20.23505951560208,20.23505951560208,20.187311704961786,20.196861267089844,2100,0.0,0.0
2024-10-31 00:00:00-04:00,20.158664531075292,20.263706070088894,20.091819418595893,20.225509643554688,7100,0.0,0.0
2024-11-01 00:00:00-04:00,20.206412247297532,20.292356491088867,20.196862684499287,20.292356491088867,2500,0.0,0.0
2024-11-04 00:00:00-05:00,20.130017082561217,20.387849807739258,20.130017082561217,20.387849807739258,11900,0.0,0.0
2024-11-05 00:00:00-05:00,20.387848965251322,20.50244006855554,20.34010115438061,20.40694808959961,13300,0.0,0.0
2024-11-06 00:00:00-05:00,20.502441724444736,21.91574607668733,20.387850611885515,21.696109771728516,32300,0.0,0.0
2024-11-07 00:00:00-05:00,21.64836186213522,21.677010548435565,21.48602294921875,21.48602294921875,6000,0.0,0.0
2024-11-08 00:00:00-05:00,21.69610910426492,21.69610910426492,21.438278198242188,21.438278198242188,2500,0.0,0.0
2024-11-11 00:00:00-05:00,21.61016231363828,21.867995010651597,21.51467034116753,21.810699462890625,6800,0.0,0.0
2024-11-12 00:00:00-05:00,21.86799685812979,22.536451650253966,21.772503056198794,22.507802963256836,16800,0.0,0.0
2024-11-13 00:00:00-05:00,22.622395280927794,23.481835832387706,22.345463444921336,22.775184631347656,15500,0.0,0.0
2024-11-14 00:00:00-05:00,22.918424557134234,23.00436879493491,22.67969096799742,22.81338119506836,17000,0.0,0.0
2024-11-15 00:00:00-05:00,22.81338030010292,22.966169645445163,22.440956498505297,22.727436065673828,25300,0.0,0.0
2024-11-18 00:00:00-05:00,22.918424251652148,22.918424251652148,22.173574807772077,22.249969482421875,21500,0.0,0.0
2024-11-19 00:00:00-05:00,22.30726598743103,22.526900440838517,22.058982849121094,22.058982849121094,12000,0.0,0.0
2024-11-20 00:00:00-05:00,22.269072819476794,22.269072819476794,21.69611174050951,21.906198501586914,13500,0.0,0.0
2024-11-21 00:00:00-05:00,21.867997005863984,22.04943504861934,21.533769607543945,21.533769607543945,9200,0.0,0.0
2024-11-22 00:00:00-05:00,21.486023616952277,21.724757212696193,21.486023616952277,21.533769607543945,7400,0.0,0.0
2024-11-25 00:00:00-05:00,21.77250207563238,22.717888668639866,21.44782425652516,22.593746185302734,43300,0.0,0.0
2024-11-26 00:00:00-05:00,22.717890365232073,23.252653121948242,22.622396560470264,23.252653121948242,23900,0.0,0.0
2024-11-27 00:00:00-05:00,23.252650812940335,23.7969630782213,23.166706579328324,23.663272857666016,23500,0.0,0.0
2024-11-29 00:00:00-05:00,24.01401916615827,24.01401916615827,23.591202785415796,23.850658416748047,11900,0.155,0.0
2024-12-02 00:00:00-05:00,23.754562051917937,24.41761467964489,23.63924966709596,24.0428466796875,15600,0.0,0.0
2024-12-03 00:00:00-05:00,24.254252762604665,24.26386243301605,23.687295038333335,23.94675064086914,15700,0.0,0.0
2024-12-04 00:00:00-05:00,23.841047105279458,24.023627185086156,23.48549844934027,23.965970993041992,33100,0.0,0.0
2024-12-05 00:00:00-05:00,24.196598242095902,24.51371005611746,24.11972270635908,24.31191062927246,14200,0.0,0.0
2024-12-06 00:00:00-05:00,24.39839549959127,24.417614841474748,24.321519964914685,24.35995864868164,10900,0.0,0.0
2024-12-09 00:00:00-05:00,24.321518837018516,24.744335174560547,24.321518837018516,24.744335174560547,24600,0.0,0.0
2024-12-10 00:00:00-05:00,24.60019608873744,24.9845737803248,24.379179145181883,24.696290969848633,26500,0.0,0.0
2024-12-11 00:00:00-05:00,24.696289959683362,24.98457275836775,24.513709876326008,24.67707061767578,25900,0.0,0.0
2024-12-12 00:00:00-05:00,24.67707061767578,24.753946152848773,24.359958805980025,24.67707061767578,15100,0.0,0.0
2024-12-13 00:00:00-05:00,24.677070458329727,24.677070458329727,24.350348977739902,24.35995864868164,15000,0.0,0.0
2024-12-16 00:00:00-05:00,24.292692313835897,24.40800469718585,23.889095306396484,23.889095306396484,24400,0.0,0.0
2024-12-17 00:00:00-05:00,23.860269131935354,24.167771301250845,23.71612771917591,23.908315658569336,35400,0.0,0.0
2024-12-18 00:00:00-05:00,24.023629323036293,24.100504863555713,23.12034034729004,23.12034034729004,39200,0.0,0.0
2024-12-19 00:00:00-05:00,23.879486060705084,23.879486060705084,23.158777236938477,23.158777236938477,42000,0.0,0.0
2024-12-20 00:00:00-05:00,23.543155216901155,23.908313552583614,23.04346331935055,23.312528610229492,160400,0.0,0.0
2024-12-23 00:00:00-05:00,23.418233039567863,23.52393575488438,22.937760486570106,23.03385353088379,20200,0.0,0.0
2024-12-24 00:00:00-05:00,23.23565310852764,23.24526277959346,22.966587817256656,23.110729217529297,17200,0.0,0.0
2024-12-26 00:00:00-05:00,22.966587817256656,23.22604343746182,22.966587817256656,23.110729217529297,8800,0.0,0.0
2024-12-27 00:00:00-05:00,22.976195075675836,23.053070603272648,22.466893559811236,22.841663360595703,35000,0.0,0.0
2024-12-30 00:00:00-05:00,22.678305003720894,22.90893161059648,22.27470798347428,22.3900203704834,10200,0.0,0.0
2024-12-31 00:00:00-05:00,22.32275446283324,22.34197380491678,22.111347198486328,22.111347198486328,4100,0.0,0.0
2025-01-02 00:00:00-05:00,22.044080269610614,22.178611991984585,21.78462466258316,21.813453674316406,8600,0.0,0.0
2025-01-03 00:00:00-05:00,21.784624702654128,21.928766095870987,21.66931048836629,21.851890563964844,13600,0.0,0.0
2025-01-06 00:00:00-05:00,22.044080606163686,22.514943474518642,22.044080606163686,22.447677612304688,19000,0.0,0.0
2025-01-07 00:00:00-05:00,22.562990894027458,22.572600565134696,22.120957020238507,22.188222885131836,7500,0.0,0.0
2025-01-08 00:00:00-05:00,22.197834354912924,22.33236609560059,22.1497859954834,22.1497859954834,8300,0.0,0.0
2025-01-10 00:00:00-05:00,22.005640448668487,22.409237427764467,21.726967347762088,21.755794525146484,9700,0.0,0.0
2025-01-13 00:00:00-05:00,21.71735954284668,21.976815158732183,21.71735954284668,21.71735954284668,4200,0.0,0.0
2025-01-14 00:00:00-05:00,21.967206508907545,22.274708660758225,21.73657989501953,21.73657989501953,7500,0.0,0.0
2025-01-15 00:00:00-05:00,22.812835462060875,22.812835462060875,22.217050552368164,22.217050552368164,5200,0.0,0.0
2025-01-16 00:00:00-05:00,22.35158258434231,22.39962910477722,22.226658698639923,22.37080192565918,4600,0.0,0.0
2025-01-17 00:00:00-05:00,22.370805122261572,23.062685012817383,22.370805122261572,23.062685012817383,93400,0.0,0.0
2025-01-21 00:00:00-05:00,23.062683848863745,23.456671217986575,23.05307417731716,23.206825256347656,18500,0.0,0.0
2025-01-22 00:00:00-05:00,23.35096515689518,23.37979416967448,23.024243676825733,23.158777236938477,9700,0.0,0.0
2025-01-23 00:00:00-05:00,23.696906173176775,23.696906173176775,23.091511562704667,23.274089813232422,15900,0.0,0.0
2025-01-24 00:00:00-05:00,23.15877798497968,23.69690674424055,23.15877798497968,23.543155670166016,12300,0.0,0.0
2025-01-27 00:00:00-05:00,23.54315666885918,23.927534370350696,23.54315666885918,23.8026123046875,15200,0.0,0.0
2025-01-28 00:00:00-05:00,23.63925080849425,24.446444872651913,23.63925080849425,23.898706436157227,9700,0.0,0.0
2025-01-29 00:00:00-05:00,24.196599556247893,24.273475096159938,23.879487725003536,24.004409790039062,8100,0.0,0.0
2025-01-30 00:00:00-05:00,24.21581638319628,24.35034810584892,24.138940851272306,24.177377700805664,10100,0.0,0.0
2025-01-31 00:00:00-05:00,24.004405876442053,24.446441533511386,23.917920679034076,24.408002853393555,11600,0.0,0.0
2025-02-03 00:00:00-05:00,24.494491280377705,24.494491280377705,24.023628383994303,24.10050392150879,16700,0.0,0.0
2025-02-04 00:00:00-05:00,24.11011370448287,24.25425510888302,24.11011370448287,24.13894271850586,21300,0.0,0.0
2025-02-05 00:00:00-05:00,24.023630568632473,24.273476546489157,24.023630568632473,24.254257202148438,18700,0.0,0.0
2025-02-06 00:00:00-05:00,24.263866607075734,25.916691712164656,24.21582007961068,25.618799209594727,95300,0.0,0.0
2025-02-07 00:00:00-05:00,25.70528221130371,25.70528221130371,25.407389734391472,25.465045928955078,20100,0.0,0.0
2025-02-10 00:00:00-05:00,25.013402525871935,25.70528236329841,25.013402525871935,25.301685333251953,28100,0.0,0.0
2025-02-11 00:00:00-05:00,25.205591796233236,25.46504743641458,24.984574843274682,25.272857666015625,37800,0.0,0.0
2025-02-12 00:00:00-05:00,25.176766201685417,25.56114393387027,25.06145196560116,25.080671310424805,43200,0.0,0.0
2025-02-13 00:00:00-05:00,24.946135843551087,25.176764298283736,24.744338236731846,24.84043312072754,28800,0.0,0.0
2025-02-14 00:00:00-05:00,24.888481527903576,25.12871783962631,24.888481527903576,25.080671310424805,11500,0.0,0.0
2025-02-18 00:00:00-05:00,24.984573966862662,25.119105701708314,24.811603546142578,24.811603546142578,17000,0.0,0.0
2025-02-19 00:00:00-05:00,24.677071811296923,24.984573966862662,24.580976929468275,24.811603546142578,21900,0.0,0.0
2025-02-20 00:00:00-05:00,24.55214423812113,24.811599830345056,24.052454226589344,24.408002853393555,26400,0.0,0.0
2025-02-21 00:00:00-05:00,24.26386213842836,24.50409839722468,24.02362587963204,24.033235549926758,26100,0.0,0.0
2025-02-24 00:00:00-05:00,24.081282203318985,24.100501544015984,23.687294883316564,23.869874954223633,22100,0.0,0.0
2025-02-25 00:00:00-05:00,23.821831987749054,24.167771007596844,23.677688743883536,23.75456428527832,17400,0.0,0.0
2025-02-26 00:00:00-05:00,23.97558197670169,23.97558197670169,23.581594615921098,23.658470153808594,23400,0.0,0.0
2025-02-27 00:00:00-05:00,24.40800352115681,24.40800352115681,23.581592037442764,23.59119987487793,16800,0.0,0.0
2025-02-28 00:00:00-05:00,23.596034554317605,24.234287810418213,23.596034554317605,23.721752166748047,44700,0.155,0.0
2025-03-03 00:00:00-05:00,23.702411208139477,23.779775184907876,23.402626028724764,23.479990005493164,35300,0.0,0.0
2025-03-04 00:00:00-05:00,23.24789907946798,23.528342815679736,22.957782770676793,22.9964656829834,35500,0.0,0.0
2025-03-05 00:00:00-05:00,23.17053521108972,23.247901042234748,22.725692749023438,22.725692749023438,36100,0.0,0.0
2025-03-06 00:00:00-05:00,22.580635082629794,23.02547753638255,22.30018948347904,22.387224197387695,44300,0.0,0.0
2025-03-07 00:00:00-05:00,22.29051691410737,22.696678263974317,22.010073182617415,22.19381332397461,52900,0.0,0.0
2025-03-10 00:00:00-04:00,22.04875720977136,22.203485188158997,21.43951602543291,21.47819709777832,34000,0.0,0.0
2025-03-11 00:00:00-04:00,21.468527843058922,21.63292654782525,21.17841150520501,21.21709442138672,32600,0.0,0.0
2025-03-12 00:00:00-04:00,21.197750599042273,21.304126762174526,20.878623954148274,21.149398803710938,66600,0.0,0.0
2025-03-13 00:00:00-04:00,21.468527362090274,21.981063078494582,20.985001987669346,21.1107177734375,33600,0.0,0.0
2025-03-14 00:00:00-04:00,21.178410013316668,22.619315338529006,21.178410013316668,21.516878128051758,36200,0.0,0.0
2025-03-17 00:00:00-04:00,22.010075594734012,22.010075594734012,21.661936729694222,21.719959259033203,19500,0.0,0.0
2025-03-18 00:00:00-04:00,21.903698049875928,21.94238096334992,21.5168781376502,21.632925033569336,20200,0.0,0.0
2025-03-19 00:00:00-04:00,21.61358163599624,21.903696082988404,21.52654693299806,21.67160415649414,18300,0.0,0.0
2025-03-20 00:00:00-04:00,21.623255247222424,21.748971032484057,21.43951508922196,21.613584518432617,23300,0.0,0.0
2025-03-21 00:00:00-04:00,21.565228982509822,21.748969124390285,21.323466317483916,21.536218643188477,44000,0.0,0.0
2025-03-24 00:00:00-04:00,21.613582050118016,22.48392725227321,21.613582050118016,22.396892547607422,27100,0.0,0.0
2025-03-25 00:00:00-04:00,22.48392823481162,23.25756803842338,22.203482653188118,22.338871002197266,16300,0.0,0.0
2025-03-26 00:00:00-04:00,22.55162246993422,22.55162246993422,22.135790365681107,22.16480255126953,16200,0.0,0.0
2025-03-27 00:00:00-04:00,22.145460638091016,22.242166076891106,22.048755199290923,22.097108840942383,16200,0.0,0.0
2025-03-28 00:00:00-04:00,22.097109813668414,22.193815256725532,21.80699348449707,21.80699348449707,14600,0.0,0.0
2025-03-31 00:00:00-04:00,21.66193535965476,21.952051677006757,21.66193535965476,21.710289001464844,21000,0.0,0.0
2025-04-01 00:00:00-04:00,21.710290909862774,21.710290909862774,21.449186754645012,21.47819709777832,26300,0.0,0.0
2025-04-02 00:00:00-04:00,21.429845853013514,21.574903105957944,21.072038085384122,21.391164779663086,29000,0.0,0.0
2025-04-03 00:00:00-04:00,21.15906890619132,21.275115803976085,19.592447775365592,19.6214599609375,22000,0.0,0.0
2025-04-04 00:00:00-04:00,19.331341746252082,19.350683201406554,18.373961850137853,19.157272338867188,30000,0.0,0.0
2025-04-07 00:00:00-04:00,18.857490008390403,19.282992863502095,18.519021870108443,19.099252700805664,24400,0.0,0.0
2025-04-08 00:00:00-04:00,19.273320787164682,19.35068476954932,18.344951154046164,18.548032760620117,19000,0.0,0.0
2025-04-09 00:00:00-04:00,18.68341953866368,20.30806503672189,18.132200925644543,19.54409408569336,49200,0.0,0.0
2025-04-10 00:00:00-04:00,19.34101400095169,19.582776675963586,18.4513272831278,18.586713790893555,14300,0.0,0.0
2025-04-11 00:00:00-04:00,18.586711929611365,18.770452060681375,18.045164108276367,18.045164108276367,18400,0.0,0.0
2025-04-14 00:00:00-04:00,18.40297805973701,18.40297805973701,17.890440453008097,17.996816635131836,11000,0.0,0.0
2025-04-15 00:00:00-04:00,17.909780483344147,18.38363513349003,17.909780483344147,17.987144470214844,13500,0.0,0.0
2025-04-16 00:00:00-04:00,18.31594187554104,18.31594187554104,17.89043902550074,17.987144470214844,13100,0.0,0.0
2025-04-17 00:00:00-04:00,17.90010975442244,18.480340578204135,17.90010975442244,17.987144470214844,17300,0.0,0.0
2025-04-21 00:00:00-04:00,17.99681424784688,18.054836773807168,17.658346131489992,17.890438079833984,20200,0.0,0.0
2025-04-22 00:00:00-04:00,18.05483662175419,19.10892203108687,18.04516589342511,19.050899505615234,36800,0.0,0.0
2025-04-23 00:00:00-04:00,19.341015313909484,20.28872462161034,19.282992784428583,19.408708572387695,17200,0.0,0.0
2025-04-24 00:00:00-04:00,19.573106287055253,19.950255476373343,19.39903686290756,19.776187896728516,16700,0.0,0.0
2025-04-25 00:00:00-04:00,19.90190272991881,19.90190272991881,19.58277608235681,19.60211753845215,8300,0.0,0.0
2025-04-28 00:00:00-04:00,19.5344238079503,21.236431323573175,19.5344238079503,19.689151763916016,15300,0.0,0.0
2025-04-29 00:00:00-04:00,19.737502581993915,20.30806258307872,19.70849039999714,19.747173309326172,27700,0.0,0.0
2025-04-30 00:00:00-04:00,19.4473901488863,19.75684607747378,18.85748863220215,18.85748863220215,26400,0.0,0.0
2025-05-01 00:00:00-04:00,18.85749155485952,19.147606071748424,18.064510153826955,18.722105026245117,24500,0.0,0.0
2025-05-02 00:00:00-04:00,18.857487614945825,19.29266114386105,18.722101114617853,19.224966049194336,21900,0.0,0.0
2025-05-05 00:00:00-04:00,19.050899509820738,19.29266218459256,18.85748863220215,18.85748863220215,11500,0.0,0.0
2025-05-06 00:00:00-04:00,19.041228781489526,19.050899509820738,18.85748863220215,18.85748863220215,14300,0.0,0.0
2025-05-07 00:00:00-04:00,18.857490046666857,19.002547293509856,18.654410269987252,18.82847785949707,16100,0.0,0.0
2025-05-08 00:00:00-04:00,18.847819766470458,19.089582465134015,18.847819766470458,19.012218475341797,28400,0.0,0.0
2025-05-09 00:00:00-04:00,19.04122926425972,19.079910334062458,18.886501296043015,18.963865280151367,11800,0.0,0.0
2025-05-12 00:00:00-04:00,19.312000673874095,20.288722044502055,19.23463669622548,20.114652633666992,50300,0.0,0.0
2025-05-13 00:00:00-04:00,20.153337893655287,20.462793840317467,20.153337893655287,20.37575912475586,28100,0.0,0.0
2025-05-14 00:00:00-04:00,20.48213292787696,20.48213292787696,20.23069953918457,20.23069953918457,9200,0.0,0.0
2025-05-15 00:00:00-04:00,20.211359010682006,20.375757701425233,20.056631048159304,20.28872299194336,10800,0.0,0.0
2025-05-16 00:00:00-04:00,20.40477139065542,20.40477139065542,20.182350158691406,20.182350158691406,13800,0.0,0.0
2025-05-19 00:00:00-04:00,20.453120724846276,20.453120724846276,20.16300626982826,20.385427474975586,13300,0.0,0.0
2025-05-20 00:00:00-04:00,20.40476796172415,20.48213193568935,20.308062533141996,20.366085052490234,9500,0.0,0.0
2025-05-21 00:00:00-04:00,20.356417765296268,20.356417765296268,20.01795147481387,20.1049861907959,8200,0.0,0.0
2025-05-22 00:00:00-04:00,20.066301857552876,20.17267802390611,19.776187387774925,19.824539184570312,16800,0.0,0.0
2025-05-23 00:00:00-04:00,19.82454061801465,19.843882075932445,19.515084669341725,19.718164443969727,12500,0.0,0.0
2025-05-27 00:00:00-04:00,19.718163410885417,20.482134358085425,19.718163410885417,20.201688766479492,23900,0.0,0.0
2025-05-28 00:00:00-04:00,20.211359103494637,20.211359103494637,19.853551380206348,19.94058609008789,16200,0.0,0.0
2025-05-29 00:00:00-04:00,19.959924734283845,20.172677056790562,19.776186439667875,19.92124366760254,12600,0.0,0.0
2025-05-30 00:00:00-04:00,20.25740552228487,20.25740552228487,19.52661891946339,19.682519912719727,20200,0.155,0.0
2025-06-02 00:00:00-04:00,19.604573469314843,19.87739933467665,19.341489791870117,19.341489791870117,19600,0.0,0.0
2025-06-03 00:00:00-04:00,19.341487113919534,19.48764407276798,19.07840347290039,19.07840347290039,28300,0.0,0.0
2025-06-04 00:00:00-04:00,19.19533048612388,19.19533048612388,18.864040382494295,19.146610260009766,20500,0.0,0.0
2025-06-05 00:00:00-04:00,19.19533064615778,19.21481687827929,19.000453457049804,19.117380142211914,14700,0.0,0.0
2025-06-06 00:00:00-04:00,19.419437121229404,19.487643576388923,19.049170852525563,19.195329666137695,35600,0.0,0.0
2025-06-09 00:00:00-04:00,19.292766553524817,19.35123082283791,19.010196685791016,19.010196685791016,13000,0.0,0.0
2025-06-10 00:00:00-04:00,19.19533075754544,19.22456103514063,19.05891598098362,19.08814811706543,16500,0.0,0.0
2025-06-11 00:00:00-04:00,19.195330155071087,19.195330155071087,18.971220835784464,19.07840347290039,16800,0.0,0.0
2025-06-12 00:00:00-04:00,19.14660812327288,19.14660812327288,18.89326855121165,19.049169540405273,20500,0.0,0.0
2025-06-13 00:00:00-04:00,19.000453399419733,19.02968553524325,18.337873188646213,18.39633560180664,18700,0.0,0.0
2025-06-16 00:00:00-04:00,18.698393688904684,18.698393688904684,18.172226443990898,18.21120262145996,19900,0.0,0.0
2025-06-17 00:00:00-04:00,18.133254679466212,18.289155694331612,17.87017101994834,18.065048217773438,33800,0.0,0.0
2025-06-18 00:00:00-04:00,18.337872304846986,18.503517349557054,17.957863849888927,18.16248321533203,59100,0.0,0.0
2025-06-20 00:00:00-04:00,18.503517959843883,18.503517959843883,18.006582809323664,18.17222785949707,26800,0.0,0.0
2025-06-23 00:00:00-04:00,18.425567057496874,18.44505514732653,17.84093737201292,17.977352142333984,41500,0.0,0.0
2025-06-24 00:00:00-04:00,18.591213723759218,18.600957769522957,18.123510678019958,18.474287033081055,38800,0.0,0.0
2025-06-25 00:00:00-04:00,18.34761816314168,18.406080579262955,18.026072086744623,18.19171714782715,20300,0.0,0.0
2025-06-26 00:00:00-04:00,18.610700053261777,18.62044409810297,18.133253006962537,18.44505500793457,46900,0.0,0.0
2025-06-27 00:00:00-04:00,18.406081167099316,18.834809902149967,18.240436100726573,18.484031677246094,969500,0.0,0.0
2025-06-30 00:00:00-04:00,19.555851651238353,19.555851651238353,18.561981300489634,18.971221923828125,59700,0.0,0.0
2025-07-01 00:00:00-04:00,19.000452060333927,20.228173801096958,19.000452060333927,19.877395629882812,51100,0.0,0.0
2025-07-02 00:00:00-04:00,20.04304171817191,20.16971244594524,19.974835260980072,20.08201789855957,24000,0.0,0.0
2025-07-03 00:00:00-04:00,20.052785184311265,20.822547998364097,20.052785184311265,20.354843139648438,15000,0.0,0.0
2025-07-07 00:00:00-04:00,20.803060964331337,20.803060964331337,20.12099266052246,20.12099266052246,33900,0.0,0.0
2025-07-08 00:00:00-04:00,20.228172746376508,20.354841602440025,20.228172746376508,20.267147064208984,18600,0.0,0.0
2025-07-09 00:00:00-04:00,20.237919452563354,20.822549164844016,20.101504675989673,20.247663497924805,17400,0.0,0.0
2025-07-10 00:00:00-04:00,20.41330700725087,20.41330700725087,20.15996742248535,20.15996742248535,12300,0.0,0.0
2025-07-11 00:00:00-04:00,19.984578004775706,20.267147860240353,19.974833960313276,20.091760635375977,12700,0.0,0.0
2025-07-14 00:00:00-04:00,20.140480479417526,20.335357666015625,19.974835428355117,20.335357666015625,17200,0.0,0.0
2025-07-15 00:00:00-04:00,20.28663597951253,20.315868112943548,19.779956817626953,19.779956817626953,21000,0.0,0.0
2025-07-16 00:00:00-04:00,19.78970271629943,19.994323952515625,19.585083338569866,19.93585968017578,21300,0.0,0.0
2025-07-17 00:00:00-04:00,20.130736265557577,20.179454632555583,19.926116893982066,20.08201789855957,14500,0.0,0.0
2025-07-18 00:00:00-04:00,20.26715022611268,20.306126408512256,19.97483629206253,20.1307373046875,18900,0.0,0.0
2025-07-21 00:00:00-04:00,20.345098611777164,20.53023174190468,20.267148113589762,20.471769332885742,31300,0.0,0.0
2025-07-22 00:00:00-04:00,20.462026978631968,21.163581520272736,20.462026978631968,21.095375061035156,26500,0.0,0.0
2025-07-23 00:00:00-04:00,21.43640802022826,21.611797110478882,21.26101892997764,21.514358520507812,26000,0.0,0.0
2025-07-24 00:00:00-04:00,21.45589691964391,21.533847422865236,21.183069229125977,21.183069229125977,20500,0.0,0.0
2025-07-25 00:00:00-04:00,21.309738642798873,21.70923517945496,20.949216426103966,21.192811965942383,14400,0.0,0.0
2025-07-28 00:00:00-04:00,21.631285903837085,21.631285903837085,21.134350751457177,21.21230125427246,17400,0.0,0.0
2025-07-29 00:00:00-04:00,21.42666456186018,21.46564074231005,21.036912049794356,21.085630416870117,13100,0.0,0.0
2025-07-30 00:00:00-04:00,21.436407775826655,21.923598861640897,20.949216690012413,21.134349822998047,23600,0.0,0.0
2025-07-31 00:00:00-04:00,21.085629976055728,21.261019067440323,20.949217064306172,21.046655654907227,28800,0.0,0.0
2025-08-01 00:00:00-04:00,20.949216324777954,20.949216324777954,20.471769292022323,20.627670288085938,15200,0.0,0.0
2025-08-04 00:00:00-04:00,20.851777737616576,20.9199841910836,20.608182198956367,20.627670288085938,19100,0.0,0.0
2025-08-05 00:00:00-04:00,20.783571284149556,20.842033693051793,20.462025247457536,20.627670288085938,18500,0.0,0.0
2025-08-06 00:00:00-04:00,20.76408699011683,20.76408699011683,20.47177303369232,20.501005172729492,11700,0.0,0.0
2025-08-07 00:00:00-04:00,20.637416899856444,20.637416899856444,20.247664361213868,20.481515884399414,21700,0.0,0.0
2025-08-08 00:00:00-04:00,20.627670355357292,20.890753984005045,20.627670355357292,20.75433921813965,19400,0.0,0.0
2025-08-11 00:00:00-04:00,20.929728085397713,20.929728085397713,20.64715822899335,20.812803268432617,13000,0.0,0.0
2025-08-12 00:00:00-04:00,21.03691175106127,21.816416764123616,20.94921720478094,21.738466262817383,32100,0.0,0.0
2025-08-13 00:00:00-04:00,21.757954463445973,22.21591342863887,21.73846637339864,21.865137100219727,24300,0.0,0.0
2025-08-14 00:00:00-04:00,21.777443968459647,21.894368799367573,21.611798909267847,21.826162338256836,14900,0.0,0.0
2025-08-15 00:00:00-04:00,21.923600277311007,21.923600277311007,21.543591800553337,21.689748764038086,16000,0.0,0.0
2025-08-18 00:00:00-04:00,21.835906555604552,21.835906555604552,21.582566941996514,21.641029357910156,11300,0.0,0.0
2025-08-19 00:00:00-04:00,21.816416654102117,21.865136878726908,21.728722108264034,21.767698287963867,7100,0.0,0.0
2025-08-20 00:00:00-04:00,21.826162338256836,21.952833073308216,21.689749416035358,21.826162338256836,13100,0.0,0.0
2025-08-21 00:00:00-04:00,21.69949324780545,21.82616212312161,21.69949324780545,21.728723526000977,7000,0.0,0.0
2025-08-22 00:00:00-04:00,21.904110995516138,23.19029517782243,21.77744212964692,22.985675811767578,34800,0.0,0.0
2025-08-25 00:00:00-04:00,22.917470281604313,23.141577746374526,22.917470281604313,23.063627243041992,8900,0.0,0.0
2025-08-26 00:00:00-04:00,23.024649640977234,23.20978277189747,22.946699142456055,22.946699142456055,12300,0.0,0.0
2025-08-27 00:00:00-04:00,23.034394063537185,23.053882153108848,22.849262788065914,22.859004974365234,23200,0.0,0.0
2025-08-28 00:00:00-04:00,22.761570575187662,22.86875136183845,22.761570575187662,22.77131462097168,8500,0.0,0.0
2025-08-29 00:00:00-04:00,22.942967233259147,23.031247293357232,22.776216216506675,22.913541793823242,9000,0.155,0.0
2025-09-02 00:00:00-04:00,22.668320886023142,22.972395623491135,22.658511782118335,22.795835494995117,11700,0.0,0.0
2025-09-03 00:00:00-04:00,22.786025539645458,22.992012972158776,22.580039978027344,22.580039978027344,7800,0.0,0.0
2025-09-04 00:00:00-04:00,22.982202481895083,23.001820687787884,22.864495117433375,22.933156967163086,7300,0.0,0.0
2025-09-05 00:00:00-04:00,22.952776408951127,23.286278443505832,22.952776408951127,23.109718322753906,20200,0.0,0.0
2025-09-08 00:00:00-04:00,23.050865163551276,23.21761617786809,23.001821517944336,23.001821517944336,11700,0.0,0.0
2025-09-09 00:00:00-04:00,22.952775611390873,23.168572138542615,22.707553645733075,22.99201202392578,6900,0.0,0.0
2025-09-10 00:00:00-04:00,22.992011573228393,23.12933527261845,22.805642359131102,22.884113311767578,7800,0.0,0.0
2025-09-11 00:00:00-04:00,23.050864782459538,23.1685721492234,22.962584725110425,23.04105567932129,8500,0.0,0.0
2025-09-12 00:00:00-04:00,22.972392188071737,23.148952290163972,22.8056411884174,22.854684829711914,5500,0.0,0.0
2025-09-15 00:00:00-04:00,22.982203601273905,23.129336410846026,22.854687127654937,22.8644962310791,7500,0.0,0.0
2025-09-16 00:00:00-04:00,22.80564308166504,23.00182140491914,22.580039319549424,22.80564308166504,8900,0.0,0.0
2025-09-17 00:00:00-04:00,23.031248085265478,23.325515586008933,22.864497062779428,22.98220443725586,16700,0.0,0.0
2025-09-18 00:00:00-04:00,23.18818950224572,23.698251662448587,23.18818950224572,23.551118850708008,20800,0.0,0.0
2025-09-19 00:00:00-04:00,23.521691094718946,23.668823903674195,22.736981533027514,23.443220138549805,103700,0.0,0.0
2025-09-22 00:00:00-04:00,23.158764291773483,23.737488311793314,23.158764291773483,23.266660690307617,20800,0.0,0.0
2025-09-23 00:00:00-04:00,23.394178337526746,23.639400328756803,22.982205317424434,23.247045516967773,17300,0.0,0.0
2025-09-24 00:00:00-04:00,23.27646735581708,23.34512920339078,22.962583554968703,23.011627197265625,19500,0.0,0.0
2025-09-25 00:00:00-04:00,22.952773983195936,23.050863136679954,22.756597547122887,22.854684829711914,8900,0.0,0.0
2025-09-26 00:00:00-04:00,22.952777365133034,22.952777365133034,22.59965897981394,22.69774627685547,15300,0.0,0.0
2025-09-29 00:00:00-04:00,22.668319138634438,22.786024634628266,22.32500801201137,22.364242553710938,10300,0.0,0.0
2025-09-30 00:00:00-04:00,22.266156369502813,22.57023109862814,22.06016893494389,22.246538162231445,14800,0.0,0.0
2025-10-01 00:00:00-04:00,22.246539980256046,22.256349084693344,21.88361059965742,22.05036163330078,16500,0.0,0.0
2025-10-02 00:00:00-04:00,21.775711470846517,22.05035887718069,21.648194999995532,21.883607864379883,9400,0.0,0.0
2025-10-03 00:00:00-04:00,22.589848386925286,22.589848386925286,21.883607921048263,21.98169708251953,11700,0.0,0.0
2025-10-06 00:00:00-04:00,22.5309958317714,22.835072447281025,22.217111983021745,22.275964736938477,16900,0.0,0.0
2025-10-07 00:00:00-04:00,22.26615745007204,22.59965950628916,22.089597317851762,22.12883186340332,13100,0.0,0.0
2025-10-08 00:00:00-04:00,22.138639002672452,22.3936700742567,21.785518769571933,22.03074073791504,16200,0.0,0.0
2025-10-09 00:00:00-04:00,21.9718875774967,22.069976737174276,21.579532809681513,21.92284393310547,15000,0.0,0.0
2025-10-10 00:00:00-04:00,21.92284557760829,22.069978392714,21.38335609436035,21.38335609436035,12700,0.0,0.0
2025-10-13 00:00:00-04:00,21.59914995545552,21.74628275230132,21.363737106323242,21.363737106323242,9000,0.0,0.0
2025-10-14 00:00:00-04:00,21.33431160618615,22.01112477409512,21.285267960047243,21.942462921142578,17600,0.0,0.0
2025-10-15 00:00:00-04:00,22.207301982631833,22.207301982631833,21.824756291269097,21.962080001831055,13700,0.0,0.0
2025-10-16 00:00:00-04:00,22.177877118972205,22.177877118972205,21.177370962275273,21.491254806518555,13000,0.0,0.0
2025-10-17 00:00:00-04:00,21.49125255602616,22.15825659064434,21.49125255602616,21.530488967895508,15700,0.0,0.0
2025-10-20 00:00:00-04:00,21.736475771815105,21.893417686558557,21.60896116767175,21.756093978881836,15300,0.0,0.0
2025-10-21 00:00:00-04:00,21.72666616631497,21.84437353510068,21.44220965400017,21.550106048583984,24700,0.0,0.0
2025-10-22 00:00:00-04:00,21.72666619576836,22.795834136015262,21.677622550063337,22.374052047729492,28700,0.0,0.0
2025-10-23 00:00:00-04:00,22.45252569538627,22.511380322362985,22.177878253076468,22.344629287719727,22500,0.0,0.0
2025-10-24 00:00:00-04:00,22.295580806111946,22.67812834710636,22.295580806111946,22.511377334594727,23200,0.0,0.0
2025-10-27 00:00:00-04:00,22.521186727636056,22.697746860281566,22.26615750369845,22.275964736938477,11100,0.0,0.0
2025-10-28 00:00:00-04:00,22.28577225069891,22.45252326730926,22.089595794677734,22.089595794677734,8200,0.0,0.0
2025-10-29 00:00:00-04:00,22.079787360472544,22.442714844104266,21.66781435817759,21.86399269104004,14200,0.0,0.0
2025-10-30 00:00:00-04:00,21.726665566611743,22.266155008220363,21.726665566611743,21.873798370361328,40500,0.0,0.0
2025-10-31 00:00:00-04:00,21.795328304303197,22.16806675126524,21.67762280486953,22.089595794677734,11600,0.0,0.0
2025-11-03 00:00:00-05:00,22.11902349346651,22.256349084693344,21.97189066869775,22.05036163330078,11300,0.0,0.0
2025-11-04 00:00:00-05:00,22.38386062188074,22.38386062188074,21.991505852830596,22.069976806640625,13200,0.0,0.0
2025-11-05 00:00:00-05:00,22.217109927505856,22.75659937966443,22.217109927505856,22.70755386352539,13800,0.0,0.0
2025-11-06 00:00:00-05:00,22.6585101407179,22.71736288898814,22.432906379936025,22.511377334594727,11800,0.0,0.0
2025-11-07 00:00:00-05:00,22.687935917078985,22.687935917078985,22.423097610473633,22.423097610473633,10100,0.0,0.0
2025-11-10 00:00:00-05:00,23.139145392784542,23.139145392784542,22.560421390063475,22.619274139404297,11600,0.0,0.0
2025-11-11 00:00:00-05:00,22.81545458034081,23.198000292865604,22.6094671322076,23.06067657470703,20600,0.0,0.0
2025-11-12 00:00:00-05:00,23.354940360406182,23.394176774411108,23.148954799565907,23.256851196289062,10200,0.0,0.0
2025-11-13 00:00:00-05:00,23.345131084649044,23.904238754722595,23.296087438399958,23.6393985748291,13700,0.0,0.0
2025-11-14 00:00:00-05:00,23.551118523958003,23.982709720518287,23.443220257094136,23.68844223022461,25800,0.0,0.0
2025-11-17 00:00:00-05:00,23.57073837347738,23.806151259581227,23.050867080688477,23.050867080688477,15100,0.0,0.0
2025-11-18 00:00:00-05:00,23.737487774141897,23.737487774141897,22.805643526837766,22.913541793823242,15500,0.0,0.0
2025-11-19 00:00:00-05:00,23.54130973851707,23.54130973851707,22.7271728515625,22.7271728515625,19000,0.0,0.0
2025-11-20 00:00:00-05:00,23.286279013156715,23.335324531729373,22.629084031444958,22.687936782836914,14600,0.0,0.0
2025-11-21 00:00:00-05:00,22.648701858961743,23.619780659668578,22.648701858961743,23.502073287963867,34900,0.0,0.0
2025-11-24 00:00:00-05:00,23.69825279072453,23.982711195075254,23.256852463592477,23.482458114624023,17700,0.0,0.0
2025-11-25 00:00:00-05:00,23.48245689266985,24.3162119833692,23.48245689266985,24.12984275817871,20500,0.0,0.0
2025-11-26 00:00:00-05:00,24.27697590927651,24.31621232392727,23.786531951513346,24.041563034057617,21800,0.0,0.0
2025-11-28 00:00:00-05:00,24.0119293231662,24.397148730207178,24.0119293231662,24.199600219726562,7300,0.17,0.0
2025-12-01 00:00:00-05:00,24.248986107031744,24.446534615081934,24.14033612317012,24.29837417602539,11800,0.0,0.0
2025-12-02 00:00:00-05:00,24.446535524801106,24.49592171167034,24.002052307128906,24.002052307128906,16700,0.0,0.0
2025-12-03 00:00:00-05:00,24.29837581430416,24.436658648885466,24.258865356445312,24.258865356445312,16400,0.0,0.0
2025-12-04 00:00:00-05:00,24.446536233855973,24.446536233855973,24.199601524423084,24.328006744384766,23200,0.0,0.0
2025-12-05 00:00:00-05:00,24.44653598652585,24.51567740303357,24.288497924804688,24.288497924804688,11700,0.0,0.0
2025-12-08 00:00:00-05:00,24.545309475541284,24.545309475541284,24.100826263427734,24.100826263427734,18500,0.0,0.0
2025-12-09 00:00:00-05:00,24.051440293098803,24.495921625240452,24.051440293098803,24.27861976623535,17000,0.0,0.0
2025-12-10 00:00:00-05:00,24.19960146255911,25.4046421632846,24.19960146255911,25.266359329223633,65000,0.0,0.0
2025-12-11 00:00:00-05:00,25.365132983866715,25.592312458388648,25.18733969634093,25.46390724182129,44500,0.0,0.0
2025-12-12 00:00:00-05:00,25.66145463984032,25.66145463984032,25.533049419439678,25.582435607910156,18200,0.0,0.0
2025-12-15 00:00:00-05:00,25.582434166157235,25.91826550392452,25.39476326941382,25.868879318237305,58300,0.0,0.0
2025-12-16 00:00:00-05:00,25.928143663533227,25.957776505946537,25.730595148702356,25.87875747680664,20400,0.0,0.0
2025-12-17 00:00:00-05:00,25.878757206015578,26.00716242053845,25.760227721564874,25.83924674987793,28400,0.0,0.0
2025-12-18 00:00:00-05:00,25.97753143310547,26.155324730493984,25.82937097993583,25.97753143310547,16900,0.0,0.0
2025-12-19 00:00:00-05:00,25.997285996534096,26.165201674880986,25.56268037893703,25.582435607910156,55100,0.0,0.0
2025-12-22 00:00:00-05:00,25.5824346263923,25.67133126939834,25.276236124906085,25.286113739013672,35000,0.0,0.0
2025-12-23 00:00:00-05:00,25.20709474050311,25.542926084716946,25.147829055786133,25.147829055786133,11500,0.0,0.0
2025-12-24 00:00:00-05:00,25.286113194339155,25.612066917019355,25.236725124865053,25.276235580444336,11000,0.0,0.0
2025-12-26 00:00:00-05:00,25.42439687224139,25.463907329143623,25.01942410880492,25.187339782714844,15500,0.0,0.0
2025-12-29 00:00:00-05:00,25.24660358410591,25.355255456624764,25.00954649457936,25.187339782714844,15400,0.0,0.0
2025-12-30 00:00:00-05:00,25.345377347430034,25.345377347430034,24.979915048032897,25.0391788482666,16300,0.0,0.0
2025-12-31 00:00:00-05:00,25.088564788446746,25.088564788446746,24.851507705874283,24.930526733398438,22400,0.0,0.0
2026-01-02 00:00:00-05:00,25.10832025777998,25.10832025777998,24.16996764843976,24.239110946655273,16800,0.0,0.0
2026-01-05 00:00:00-05:00,24.189722308201567,24.900893546050288,24.189722308201567,24.29837417602539,47700,0.0,0.0
2026-01-06 00:00:00-05:00,24.199601279591246,24.44653598652585,24.021807989164362,24.288497924804688,19700,0.0,0.0
2026-01-07 00:00:00-05:00,24.367516409456137,24.45641305267692,23.97242126400947,24.27861976623535,34600,0.0,0.0
2026-01-08 00:00:00-05:00,24.318129903466616,25.414518682190362,24.2983746754631,25.24660301208496,32200,0.0,0.0
2026-01-09 00:00:00-05:00,25.542925833376103,25.63182247561457,25.088565008161453,25.108320236206055,19500,0.0,0.0
2026-01-12 00:00:00-05:00,24.99966841849412,25.12807551709182,24.871263203858668,24.97003746032715,11500,0.0,0.0
2026-01-13 00:00:00-05:00,24.9305254151917,24.940403028605218,24.69346834515368,24.802120208740234,22500,0.0,0.0
2026-01-14 00:00:00-05:00,24.841630091938487,24.970037189141625,24.782366292285925,24.930526733398438,27800,0.0,0.0
2026-01-15 00:00:00-05:00,24.950282611610067,25.463907245886034,24.900894540643762,25.394763946533203,20300,0.0,0.0
2026-01-16 00:00:00-05:00,25.33549908162896,25.681208028029488,25.236724827805638,25.375009536743164,30600,0.0,0.0
2026-01-20 00:00:00-05:00,25.05893372664494,27.212202688735893,25.05893372664494,25.276235580444336,20800,0.0,0.0
2026-01-21 00:00:00-05:00,25.414518204605557,26.16519989897231,25.414518204605557,25.967653274536133,60700,0.0,0.0
2026-01-22 00:00:00-05:00,26.05654770979194,26.165199576468055,25.97752868419899,26.066425323486328,27100,0.0,0.0
2026-01-23 00:00:00-05:00,26.155323750166502,26.155323750166502,25.572557690107853,25.681209564208984,26900,0.0,0.0
2026-01-26 00:00:00-05:00,25.878755886748067,25.878755886748067,25.1873380112848,25.64169692993164,20800,0.0,0.0
2026-01-27 00:00:00-05:00,25.681208829260655,25.681208829260655,25.345377486161034,25.424396514892578,15600,0.0,0.0
2026-01-28 00:00:00-05:00,25.483660396414052,25.483660396414052,25.039179064872823,25.21697235107422,13900,0.0,0.0
2026-01-29 00:00:00-05:00,25.503414723334554,25.503414723334554,25.226849073650715,25.444150924682617,57200,0.0,0.0
2026-01-30 00:00:00-05:00,25.295991906950768,26.263975503140355,25.28611429262692,26.026918411254883,87900,0.0,0.0
2026-02-02 00:00:00-05:00,26.00716268884654,26.738089179273604,25.938021273854588,26.67882537841797,76000,0.0,0.0
2026-02-03 00:00:00-05:00,26.74796628462201,27.459137533248857,26.481276359901106,27.399873733520508,124000,0.0,0.0
2026-02-04 00:00:00-05:00,27.627054454949363,28.4073690365916,27.627054454949363,27.735706329345703,104300,0.0,0.0
2026-02-05 00:00:00-05:00,27.735705730202557,28.032026619839456,27.646809086519035,27.864110946655273,79000,0.0,0.0
2026-02-06 00:00:00-05:00,28.111045805264997,28.476509996209096,27.89374394392344,28.249330520629883,74400,0.0,0.0
2026-02-09 00:00:00-05:00,28.377735244176105,28.53577330130501,28.002395329485513,28.10116958618164,57900,0.0,0.0
2026-02-10 00:00:00-05:00,28.051781127726844,28.219696796598303,27.577666962899986,27.6072998046875,44800,0.0,0.0
2026-02-11 00:00:00-05:00,27.686320078336124,28.041904775980232,27.113431632393738,27.143062591552734,54100,0.0,0.0
2026-02-12 00:00:00-05:00,27.310977935791016,27.61717644180421,26.718334268309587,27.310977935791016,78600,0.0,0.0
2026-02-13 00:00:00-05:00,27.548034828652643,28.40736842293928,27.182572523697953,27.864110946655273,128000,0.0,0.0
2026-02-17 00:00:00-05:00,27.80484720043308,28.39749086483958,27.67644198372677,27.725828170776367,55200,0.0,0.0
2026-02-18 00:00:00-05:00,27.69619685767102,27.962884901872894,27.162817001342773,27.162817001342773,73900,0.0,0.0
2026-02-19 00:00:00-05:00,27.004778917644092,27.42950690268371,26.856618474574105,27.231958389282227,59000,0.0,0.0
2026-02-20 00:00:00-05:00,27.261593078344372,27.627055403744794,26.659071767217473,27.370243072509766,97700,0.0,0.0
2026-02-23 00:00:00-05:00,27.360366078702125,28.150556381438285,26.27385299946819,26.37262725830078,65200,0.0,0.0
2026-02-24 00:00:00-05:00,26.47139963786922,26.896127632151142,26.175078745281137,26.303483963012695,43900,0.0,0.0
2026-02-25 00:00:00-05:00,26.352870790917738,26.96526777575947,26.352870790917738,26.836862564086914,67600,0.0,0.0
2026-02-26 00:00:00-05:00,26.866496467892915,27.350488260200198,26.61956176463641,26.92576026916504,95600,0.0,0.0
2026-02-27 00:00:00-05:00,26.6474581939391,26.905882116637965,26.12067264393962,26.389034271240234,53400,0.17,0.0
2026-03-02 00:00:00-05:00,26.04115708703212,26.74685163481835,25.842368875827187,26.63751792907715,79100,0.0,0.0
2026-03-03 00:00:00-05:00,26.23994271123066,26.657396427136405,26.04115640104711,26.468547821044922,66200,0.0,0.0
2026-03-04 00:00:00-05:00,26.637517658541086,26.786609763323018,26.538125449732952,26.597761154174805,138400,0.0,0.0
2026-03-05 00:00:00-05:00,26.65739630308089,26.68721510257283,26.14054848659621,26.518245697021484,72900,0.0,0.0
2026-03-06 00:00:00-05:00,26.021277579533265,26.2399430926491,25.67339916192432,26.180307388305664,63100,0.0,0.0
2026-03-09 00:00:00-04:00,25.852308428286534,26.20018684936113,25.24600609143609,26.080913543701172,85000,0.0,0.0
2026-03-10 00:00:00-04:00,25.961642039504028,27.015215003235575,25.89206483891399,26.548063278198242,113700,0.0,0.0
2026-03-11 00:00:00-04:00,26.389034127569488,26.65739764919397,25.921884286648474,26.299579620361328,50100,0.0,0.0
2026-03-12 00:00:00-04:00,25.951701872573253,26.40891209175487,24.013523501522894,26.19024658203125,73600,0.0,0.0
2026-03-13 00:00:00-04:00,26.339337723883624,26.79654795930259,25.971580098876498,25.98151969909668,66600,0.0,0.0
2026-03-16 00:00:00-04:00,26.319458695482435,26.766731229389748,26.30951909519728,26.34927749633789,89000,0.0,0.0
2026-03-17 00:00:00-04:00,26.567942981634207,26.637518287757313,25.892065329378454,25.93182373046875,70400,0.0,0.0
2026-03-18 00:00:00-04:00,25.872186992543423,26.120671302090685,25.21618856700144,25.305641174316406,57700,0.0,0.0
2026-03-19 00:00:00-04:00,25.206248908181674,26.130610840861483,25.106854805438232,25.911943435668945,54500,0.0,0.0
2026-03-20 00:00:00-04:00,25.96164265041555,26.160428969424462,25.593885021782437,25.74297523498535,91800,0.0,0.0
2026-03-23 00:00:00-04:00,26.259822700376443,26.71703293374908,26.04115718386582,26.170368194580078,46300,0.0,0.0
2026-03-24 00:00:00-04:00,26.170368203151387,26.468548625380343,25.99145919150006,26.309518814086914,43500,0.0,0.0
2026-03-25 00:00:00-04:00,26.528185963873334,26.59776126865243,26.220064048730386,26.408912658691406,27500,0.0,0.0
2026-03-26 00:00:00-04:00,26.19024727939186,26.508306900471407,26.140549278732628,26.359216690063477,23000,0.0,0.0
2026-03-27 00:00:00-04:00,26.210125646995763,26.478487258890603,26.140548448283212,26.23994255065918,32100,0.0,0.0
2026-03-30 00:00:00-04:00,26.498366903312977,26.587821407374406,26.349276695138876,26.5083065032959,65800,0.0,0.0
2026-03-31 00:00:00-04:00,26.717031762173487,27.13448547232236,26.5580019579058,26.756790161132812,47400,0.0,0.0
2026-04-01 00:00:00-04:00,26.915821625554493,27.830244004387183,26.915821625554493,26.995336532592773,71100,0.0,0.0
2026-04-02 00:00:00-04:00,26.846244825886284,27.134485636950956,26.607700118037474,26.985395431518555,72600,0.0,0.0
2026-04-06 00:00:00-04:00,26.9456396572366,27.512183590680984,26.935700057167505,27.432668685913086,79200,0.0,0.0
2026-04-07 00:00:00-04:00,27.502243854580882,27.53206265464068,27.333274445811742,27.482364654541016,75600,0.0,0.0
2026-04-08 00:00:00-04:00,28.019091353702127,28.565756077920483,28.019091353702127,28.188060760498047,101500,0.0,0.0
2026-04-09 00:00:00-04:00,28.188060832399582,29.022968268604988,28.078727128963088,28.88381576538086,143600,0.0,0.0
2026-04-10 00:00:00-04:00,29.54975461768458,29.54975461768458,28.52600044165448,28.72478675842285,140300,0.0,0.0
2026-04-13 00:00:00-04:00,28.62539265214622,28.873876969945353,28.575696546900353,28.72478675842285,102900,0.0,0.0
2026-04-14 00:00:00-04:00,28.635332369623136,28.863939383731076,28.297393544369555,28.535938262939453,75800,0.0,0.0
2026-04-15 00:00:00-04:00,28.486242294311523,28.685030508633684,28.178122268318596,28.486242294311523,55900,0.0,0.0
2026-04-16 00:00:00-04:00,28.426605347937244,28.65521045738313,28.267575541732725,28.376907348632812,64900,0.0,0.0
2026-04-17 00:00:00-04:00,28.585634735983074,29.6690264597687,28.486240634613008,29.271451950073242,183800,0.0,0.0
2026-04-20 00:00:00-04:00,29.191938932709416,29.57957386771435,29.08260522456549,29.132301330566406,141000,0.0,0.0
2026-04-21 00:00:00-04:00,29.14224074747577,29.440423068959014,28.43654618862344,28.486242294311523,84900,0.0,0.0
2026-04-22 00:00:00-04:00,28.53593727820891,28.92357409132004,28.118485456955874,28.188060760498047,115300,0.0,0.0
2026-04-23 00:00:00-04:00,28.2178785957749,28.347091503004982,27.83024366565445,27.979333877563477,69700,0.0,0.0
2026-04-24 00:00:00-04:00,27.92963723105395,28.327211753703338,27.681152917424974,28.038969039916992,104600,0.0,0.0
2026-04-27 00:00:00-04:00,27.99921200688725,28.525999424316883,27.99921200688725,28.09860610961914,71100,0.0,0.0
2026-04-28 00:00:00-04:00,28.227818238426448,29.17205940824408,28.227818238426448,28.535938262939453,89100,0.0,0.0
2026-04-29 00:00:00-04:00,28.426605005244987,28.62539131271178,27.63145408802339,27.780546188354492,66500,0.0,0.0
2026-04-30 00:00:00-04:00,27.522122811714684,28.178121240961634,26.24988245716477,26.558002471923828,97200,0.0,0.0
2026-05-01 00:00:00-04:00,26.627579718475545,27.5817585642345,26.309518207437716,26.97545623779297,95600,0.0,0.0
2026-05-04 00:00:00-04:00,27.015215024959595,27.333274644773194,26.538125595239194,26.68721580505371,92200,0.0,0.0
2026-05-05 00:00:00-04:00,26.707095446123407,27.263699789985722,26.68721624561067,27.094730377197266,119900,0.0,0.0
2026-05-06 00:00:00-04:00,27.23388073545595,27.54200075739275,27.084790524569424,27.333274841308594,82900,0.0,0.0
2026-05-07 00:00:00-04:00,27.303456343368694,28.26757671630248,27.303456343368694,27.790485382080078,122200,0.0,0.0
2026-05-08 00:00:00-04:00,27.82030418290176,28.18806180989623,27.581759463683017,27.790485382080078,100000,0.0,0.0
2026-05-11 00:00:00-04:00,27.969393355254212,27.969393355254212,27.015214513865292,27.02515411376953,55000,0.0,0.0
2026-05-12 00:00:00-04:00,26.965516626006625,27.204063233126497,26.448670699339818,26.836305618286133,52400,0.0,0.0
2026-05-13 00:00:00-04:00,26.68721510257283,27.054970817382635,26.438730794161135,26.518245697021484,46500,0.0,0.0
2026-05-14 00:00:00-04:00,26.62757915608462,27.59169758143056,26.48842665551179,26.756790161132812,35700,0.0,0.0
2026-05-15 00:00:00-04:00,26.59776126865243,26.995335792950737,26.200186744354124,26.408912658691406,49000,0.0,0.0
2026-05-18 00:00:00-04:00,26.408911899955847,26.98539541757207,26.38903270036585,26.84624481201172,90800,0.0,0.0
2026-05-19 00:00:00-04:00,26.935699710008524,27.02515421369259,26.617640095036222,26.697154998779297,80700,0.0,0.0
2026-05-20 00:00:00-04:00,26.925760704821766,27.44260853846066,26.458610871985584,27.194124221801758,51400,0.0,0.0
2026-05-21 00:00:00-04:00,27.035093520860805,27.91969705239594,26.617639806784204,27.68115234375,56000,0.0,0.0
2026-05-22 00:00:00-04:00,27.78054767031512,28.108546896128104,27.551940655645236,27.651334762573242,39300,0.0,0.0
2026-05-26 00:00:00-04:00,27.83024269816236,28.525999523930352,27.681152491436315,27.770606994628906,49700,0.0,0.0
2026-05-27 00:00:00-04:00,27.74078765552934,28.227816665782356,27.73084805583624,27.830242156982422,55900,0.0,0.0
2026-05-28 00:00:00-04:00,27.840182039850802,28.267575352077245,27.800423640674012,27.8700008392334,88600,0.0,0.0
2026-05-29 00:00:00-04:00,27.90999984741211,28.350000381469727,27.690000534057617,27.799999237060547,62700,0.17,0.0
2026-06-01 00:00:00-04:00,27.649999618530273,27.979999542236328,26.969999313354492,27.809999465942383,48600,0.0,0.0
2026-06-02 00:00:00-04:00,27.8700008392334,28.25,27.799999237060547,28.209999084472656,81800,0.0,0.0
2026-06-03 00:00:00-04:00,28.040000915527344,28.5,27.459999084472656,27.520000457763672,42500,0.0,0.0
2026-06-04 00:00:00-04:00,27.920000076293945,28.389999389648438,27.920000076293945,28.34000015258789,80300,0.0,0.0
2026-06-05 00:00:00-04:00,28.34000015258789,29.450000762939453,28.34000015258789,29.059999465942383,103800,0.0,0.0
2026-06-08 00:00:00-04:00,29.059999465942383,29.360000610351562,28.899999618530273,29.15999984741211,66800,0.0,0.0
2026-06-09 00:00:00-04:00,29.239999771118164,30.399999618530273,29.149999618530273,29.479999542236328,69300,0.0,0.0
2026-06-10 00:00:00-04:00,29.719999313354492,30.510000228881836,29.5,29.530000686645508,80300,0.0,0.0
2026-06-11 00:00:00-04:00,29.700000762939453,30.010000228881836,29.149999618530273,29.559999465942383,56600,0.0,0.0
2026-06-12 00:00:00-04:00,29.600000381469727,30.295000076293945,29.600000381469727,30.190000534057617,92322,0.0,0.0
