Date,Open,High,Low,Close,Volume,Dividends,Stock Splits
2023-02-28 00:00:00-05:00,20.24702270574838,20.319650650024414,20.190534646685723,20.319650650024414,3030700,0.0,0.0
2023-03-01 00:00:00-05:00,20.29544081662555,20.29544081662555,20.134046582088637,20.198604583740234,901600,0.0,0.0
2023-03-02 00:00:00-05:00,20.174394440778876,20.174394440778876,19.972650496371088,20.057382583618164,615600,0.0,0.0
2023-03-03 00:00:00-05:00,20.117910352928448,20.198608254454303,20.053352339544652,20.17439842224121,659000,0.0,0.0
2023-03-06 00:00:00-05:00,20.17439842224121,20.17439842224121,20.17439842224121,20.17439842224121,0,0.0,0.0
2023-03-07 00:00:00-05:00,20.17439465704446,20.25509254350947,20.14211488678479,20.182464599609375,1202100,0.0,0.0
2023-03-08 00:00:00-05:00,20.206672366515853,20.214740769073746,20.125974488280857,20.158252716064453,630600,0.0,0.0
2023-03-09 00:00:00-05:00,20.174396323375937,20.247024273274835,20.013000537115214,20.02107048034668,596000,0.0,0.0
2023-03-10 00:00:00-05:00,19.93230215147957,19.93230215147957,18.2215128403961,19.52074432373047,859400,0.0,0.0
2023-03-13 00:00:00-04:00,17.59207383769102,18.390981325605882,13.718590170055093,17.84223747253418,540000,0.0,0.0
2023-03-14 00:00:00-04:00,18.520904161755226,19.367421713424154,17.511377748228096,18.3183536529541,219600,0.0,0.0
2023-03-15 00:00:00-04:00,17.753467023294274,17.753467023294274,16.65597947840625,17.067537307739258,264400,0.0,0.0
2023-03-16 00:00:00-04:00,16.551071708338746,17.632419264027007,15.90549022807997,17.462953567504883,520300,0.0,0.0
2023-03-17 00:00:00-04:00,16.946492980153348,17.406468971916595,16.220215017412205,16.857725143432617,483200,0.0,0.0
2023-03-20 00:00:00-04:00,16.9464952267229,17.269285304156913,16.825449140083208,17.099821090698242,191400,0.0,0.0
2023-03-21 00:00:00-04:00,17.89065361752488,18.56044347257658,17.70504955220332,18.13274574279785,466400,0.0,0.0
2023-03-22 00:00:00-04:00,18.027843641650225,18.278005766217486,18.027843641650225,18.181169509887695,170600,0.0,0.0
2023-03-23 00:00:00-04:00,18.052045663560847,18.156951819052242,17.922928145687308,18.056079864501953,328100,0.0,0.0
2023-03-24 00:00:00-04:00,17.995559768310798,18.108537427232182,17.253141968928823,18.068187713623047,72500,0.0,0.0
2023-03-27 00:00:00-04:00,18.07625790478077,18.455537521998412,18.07625790478077,18.229583740234375,252600,0.0,0.0
2023-03-28 00:00:00-04:00,18.4232575477533,18.455537318728723,18.00362976017797,18.076257705688477,460700,0.0,0.0
2023-03-29 00:00:00-04:00,18.100465970526024,18.560441892906873,18.042363311299287,18.310279846191406,386700,0.0,0.0
2023-03-30 00:00:00-04:00,18.53623271933115,19.803185959973142,18.34255872094117,19.310930252075195,934300,0.0,0.0
2023-03-31 00:00:00-04:00,19.569164299074462,20.14211641190901,19.149536489030286,19.63372230529785,3640300,0.0,0.0
2023-04-03 00:00:00-04:00,19.770906292402668,20.004930003651733,19.206022639803226,19.327070236206055,102800,0.0,0.0
2023-04-04 00:00:00-04:00,19.440047800394872,19.53607750517362,18.963931939211836,19.068838119506836,120500,0.0,0.0
2023-04-05 00:00:00-04:00,19.084974163097346,19.343206129542462,18.754114263691555,18.94778823852539,131600,0.0,0.0
2023-04-06 00:00:00-04:00,19.068836218947904,19.157604043631576,18.86709228225526,18.89130210876465,191400,0.0,0.0
2023-04-10 00:00:00-04:00,18.891301780126206,19.222161707411683,18.439395800767706,18.60079002380371,114500,0.0,0.0
2023-04-11 00:00:00-04:00,18.600788407872557,18.947788189071478,18.49588224897201,18.70569610595703,91900,0.0,0.0
2023-04-12 00:00:00-04:00,19.060771824241453,19.060771824241453,18.560446078789465,18.794469833374023,86900,0.0,0.0
2023-04-13 00:00:00-04:00,18.82674407315317,19.052697835905892,18.80253424669192,19.0042781829834,313300,0.0,0.0
2023-04-14 00:00:00-04:00,18.96393225470109,19.27058239689773,18.68956034575365,19.18181610107422,69200,0.0,0.0
2023-04-17 00:00:00-04:00,19.181816143295794,19.58530406449671,19.084978364966496,19.553024291992188,140300,0.0,0.0
2023-04-18 00:00:00-04:00,19.60951042175293,19.633720248744922,19.415836423369328,19.60951042175293,40700,0.0,0.0
2023-04-19 00:00:00-04:00,19.641792148202576,19.956512234536923,19.528816022684456,19.738628387451172,101600,0.0,0.0
2023-04-20 00:00:00-04:00,19.762836377326956,19.932302089014506,19.569162377672704,19.690208435058594,31900,0.0,0.0
2023-04-21 00:00:00-04:00,19.778976311979523,19.94844048491036,19.593372254240762,19.698278427124023,157400,0.0,0.0
2023-04-24 00:00:00-04:00,19.81125276060971,19.924230404919985,19.544950841966337,19.778974533081055,155900,0.0,0.0
2023-04-25 00:00:00-04:00,19.77090847987673,19.851606373345742,19.52074639538867,19.730560302734375,80400,0.0,0.0
2023-04-26 00:00:00-04:00,19.738628530819433,19.932304089091897,19.666002120447608,19.88388442993164,54000,0.0,0.0
2023-04-27 00:00:00-04:00,19.924232321029162,20.077556610107422,19.770906492766755,20.077556610107422,60600,0.0,0.0
2023-04-28 00:00:00-04:00,20.077560408292516,20.166328252897802,19.92423609020903,20.013002395629883,57200,0.0,0.0
2023-05-01 00:00:00-04:00,20.01300233079789,20.166328187569107,19.82739823739213,19.94037437438965,166300,0.0,0.0
2023-05-02 00:00:00-04:00,19.900026236851218,19.900026236851218,19.00428246533473,19.391632080078125,108500,0.0,0.0
2023-05-03 00:00:00-04:00,19.407768152162266,19.73055971644665,19.220551015033166,19.27058219909668,63600,0.0,0.0
2023-05-04 00:00:00-04:00,18.98007282172501,18.98814276512284,16.14758733482706,17.148237228393555,227800,0.0,0.0
2023-05-05 00:00:00-04:00,17.640491862750206,18.536233973512733,17.52347999981074,18.366769790649414,93700,0.0,0.0
2023-05-08 00:00:00-04:00,18.181164044213403,18.574967369488135,18.09239621994295,18.52009391784668,32900,0.0,0.0
2023-05-09 00:00:00-04:00,18.47167986571861,18.47167986571861,17.842239580397376,18.439401626586914,47500,0.0,0.0
2023-05-10 00:00:00-04:00,18.56851535751486,18.725875409320047,17.446819366342,17.9471435546875,44900,0.0,0.0
2023-05-11 00:00:00-04:00,17.140165689763332,18.019769428866397,17.140165689763332,17.55979347229004,22200,0.0,0.0
2023-05-12 00:00:00-04:00,17.600143601225113,18.729909531126683,17.600143601225113,17.995561599731445,30200,0.0,0.0
2023-05-15 00:00:00-04:00,18.15292194566854,18.883234085637383,17.791396811315096,18.742013931274414,60200,0.0,0.0
2023-05-16 00:00:00-04:00,18.084329937780254,19.10111976446154,18.084329937780254,18.44746971130371,33900,0.0,0.0
2023-05-17 00:00:00-04:00,18.826744583402196,19.932302061483686,18.600790814525595,19.327070236206055,105000,0.0,0.0
2023-05-18 00:00:00-04:00,19.383558293629175,19.55302246589853,19.11725635207438,19.327070236206055,30700,0.0,0.0
2023-05-19 00:00:00-04:00,19.4319781054938,19.488466167849495,18.93165240900115,19.230234146118164,28400,0.0,0.0
2023-05-22 00:00:00-04:00,19.23023245583058,19.55302245462234,19.23023245583058,19.50460433959961,26000,0.0,0.0
2023-05-23 00:00:00-04:00,19.480394669359725,19.90002244076008,19.480394669359725,19.649860382080078,22300,0.0,0.0
2023-05-24 00:00:00-04:00,19.520750039225632,19.787052059953567,19.38356405647581,19.770912170410156,72400,0.0,0.0
2023-05-25 00:00:00-04:00,19.738628459398097,19.85160612451229,19.464258087737484,19.811256408691406,55800,0.0,0.0
2023-05-26 00:00:00-04:00,19.803188244357113,20.069490215260444,19.79673136623707,19.972652435302734,29200,0.0,0.0
2023-05-30 00:00:00-04:00,19.932304302331328,20.182466387265144,19.827396578879398,20.101768493652344,47700,0.0,0.0
2023-05-31 00:00:00-04:00,20.150188299659625,20.150188299659625,19.851608069256354,19.94037437438965,72000,0.0,0.0
2023-06-01 00:00:00-04:00,20.08562472940906,20.17439254916426,19.94843879850738,20.150182723999023,96100,0.0,0.0
2023-06-02 00:00:00-04:00,20.16632847817018,20.17439842224121,20.037212451402592,20.17439842224121,83400,0.0,0.0
2023-06-05 00:00:00-04:00,20.17439465704446,20.182464599609375,20.1179065982742,20.182464599609375,34600,0.0,0.0
2023-06-06 00:00:00-04:00,20.18246836631224,20.214746603411914,20.02107256326053,20.17439842224121,125500,0.0,0.0
2023-06-07 00:00:00-04:00,20.1743963195506,20.20667609247034,20.10983831289541,20.14211654663086,37800,0.0,0.0
2023-06-08 00:00:00-04:00,20.134048364420902,20.222008129983035,20.101768591145508,20.117908477783203,16500,0.0,0.0
2023-06-09 00:00:00-04:00,20.16632847817018,20.19053831038327,20.101770464786387,20.17439842224121,14700,0.0,0.0
2023-06-12 00:00:00-04:00,20.174394650830916,20.19860447851821,19.93230253069461,20.061418533325195,22200,0.0,0.0
2023-06-13 00:00:00-04:00,20.158258308916917,20.158258308916917,19.95651432694813,20.013002395629883,38400,0.0,0.0
2023-06-14 00:00:00-04:00,20.08562875860166,20.093698701942245,19.948442800180374,20.004932403564453,31400,0.0,0.0
2023-06-15 00:00:00-04:00,20.061418384636767,20.134046327976197,20.012998729621046,20.037208557128906,13700,0.0,0.0
2023-06-16 00:00:00-04:00,20.19053453595578,20.19053453595578,20.004930474572333,20.061418533325195,22100,0.0,0.0
2023-06-20 00:00:00-04:00,20.053348590762763,20.174394650830916,20.053348590762763,20.061418533325195,19800,0.0,0.0
2023-06-21 00:00:00-04:00,20.11790649951087,20.166324615478516,19.964580669898478,20.166324615478516,38100,0.0,0.0
2023-06-22 00:00:00-04:00,20.134050241070508,20.17439842224121,20.0130026191895,20.17439842224121,46000,0.0,0.0
2023-06-23 00:00:00-04:00,20.093696841598234,20.13404655456543,20.037208782628323,20.13404655456543,22100,0.0,0.0
2023-06-26 00:00:00-04:00,20.15018859002812,20.17439842224121,20.045282395473624,20.17439842224121,30100,0.0,0.0
2023-06-27 00:00:00-04:00,20.158254672953216,20.255092444072663,20.11790649951087,20.166324615478516,109400,0.0,0.0
2023-06-28 00:00:00-04:00,20.16632471447954,20.282530040393354,20.12597654083912,20.182464599609375,40000,0.0,0.0
2023-06-29 00:00:00-04:00,20.485278377540773,20.485278377540773,19.97231837477026,20.06332778930664,47500,0.616,0.0
2023-06-30 00:00:00-04:00,20.14606070990204,20.319804210457775,20.038503856942206,20.088146209716797,551900,0.0,0.0
2023-07-03 00:00:00-04:00,20.195702855588078,20.195702855588078,19.823393074763697,19.873035430908203,48800,0.0,0.0
2023-07-05 00:00:00-04:00,20.005414730730745,20.005414730730745,19.69929313659668,19.69929313659668,16100,0.0,0.0
2023-07-06 00:00:00-04:00,19.674469162934194,19.77375071115878,19.252518637850315,19.484176635742188,58700,0.0,0.0
2023-07-07 00:00:00-04:00,19.48417742009989,19.757204055786133,19.360074690797383,19.757204055786133,14500,0.0,0.0
2023-07-10 00:00:00-04:00,19.641375139333526,19.864760999900376,19.49245123228896,19.856487274169922,34600,0.0,0.0
2023-07-11 00:00:00-04:00,19.889577755821936,20.063321223384474,19.782020923286716,19.939218521118164,20900,0.0,0.0
2023-07-12 00:00:00-04:00,19.980585562523107,20.104688264789417,19.91439734944431,19.939218521118164,60800,0.0,0.0
2023-07-13 00:00:00-04:00,19.972315923449074,20.030230424481488,19.773751243601446,19.84821319580078,31500,0.0,0.0
2023-07-14 00:00:00-04:00,19.964041153646008,19.964041153646008,19.45935654386692,19.517271041870117,9200,0.0,0.0
2023-07-17 00:00:00-04:00,19.45935937428145,19.706737953477948,19.451085647927314,19.59173583984375,32500,0.0,0.0
2023-07-18 00:00:00-04:00,19.641377550230683,19.732386966384905,19.600010494552592,19.66619873046875,26300,0.0,0.0
2023-07-19 00:00:00-04:00,19.649650281074198,19.972317717555217,19.649650281074198,19.897855758666992,28400,0.0,0.0
2023-07-20 00:00:00-04:00,19.95576917375246,20.030229544629233,19.726591877118107,20.021957397460938,38600,0.0,0.0
2023-07-21 00:00:00-04:00,20.02196007551533,20.02196007551533,19.815121651504022,19.897855758666992,16400,0.0,0.0
2023-07-24 00:00:00-04:00,20.013684906944945,20.0219586326754,19.77375159491718,19.856487274169922,26700,0.0,0.0
2023-07-25 00:00:00-04:00,19.873034725630834,20.013684906944945,19.802708845947866,19.856487274169922,27800,0.0,0.0
2023-07-26 00:00:00-04:00,19.922672523089183,20.0136819144645,19.823389407220514,19.831663131713867,54800,0.0,0.0
2023-07-27 00:00:00-04:00,19.94749819694274,20.12124171634686,19.856488785034706,19.99713897705078,85400,0.0,0.0
2023-07-28 00:00:00-04:00,20.021959258035054,20.021959258035054,19.73900351020226,19.773752212524414,18200,0.0,0.0
2023-07-31 00:00:00-04:00,19.773750891992698,20.005410470054887,19.732383842862774,19.83993911743164,47300,0.0,0.0
2023-08-01 00:00:00-04:00,19.823391666558962,20.004583570926783,19.732383842862774,19.83993911743164,12400,0.0,0.0
2023-08-02 00:00:00-04:00,19.748931502496845,19.955769906436455,19.525545647509638,19.88958168029785,34000,0.0,0.0
2023-08-03 00:00:00-04:00,19.889582882956372,19.889582882956372,19.737349795827363,19.873035430908203,88100,0.0,0.0
2023-08-04 00:00:00-04:00,19.831666449029736,20.00541153634999,19.748932346360128,19.864761352539062,102300,0.0,0.0
2023-08-07 00:00:00-04:00,19.922676209000826,19.922676209000826,19.773752296671073,19.873035430908203,18100,0.0,0.0
2023-08-08 00:00:00-04:00,19.790299748719242,19.873035430908203,19.65792328843766,19.873035430908203,23900,0.0,0.0
2023-08-09 00:00:00-04:00,19.873034229250255,19.938395556252015,19.649648374263045,19.88958168029785,49400,0.0,0.0
2023-08-10 00:00:00-04:00,19.74065710013845,19.9830710952723,19.699288473937834,19.724109649658203,24900,0.0,0.0
2023-08-11 00:00:00-04:00,19.707564066530285,19.897855030928575,19.649649562413575,19.873035430908203,48600,0.0,0.0
2023-08-14 00:00:00-04:00,19.85648692138424,19.88958182371808,19.748931644902868,19.84821319580078,28900,0.0,0.0
2023-08-15 00:00:00-04:00,19.823390936752876,19.897852884886813,19.722454015028404,19.81511878967285,52600,0.0,0.0
2023-08-16 00:00:00-04:00,19.87303541564883,20.030231475830078,19.753068755469545,20.030231475830078,37900,0.0,0.0
2023-08-17 00:00:00-04:00,19.980591443881902,19.980591443881902,19.773753019870597,19.897855758666992,35800,0.0,0.0
2023-08-18 00:00:00-04:00,19.897851349609116,20.030227785399617,19.825871682373677,19.831663131713867,52000,0.0,0.0
2023-08-21 00:00:00-04:00,19.930950246303432,19.930950246303432,19.633102416992188,19.633102416992188,12000,0.0,0.0
2023-08-22 00:00:00-04:00,19.666195151029072,19.75720297256696,19.484176351849825,19.724109649658203,30600,0.0,0.0
2023-08-23 00:00:00-04:00,19.773754511332346,20.03850746154785,19.773754511332346,20.03850746154785,23700,0.0,0.0
2023-08-24 00:00:00-04:00,19.92267608642578,19.92267608642578,19.831666678772674,19.92267608642578,19500,0.0,0.0
2023-08-25 00:00:00-04:00,19.92267347211382,19.92267347211382,19.8506938014496,19.906126022338867,8900,0.0,0.0
2023-08-28 00:00:00-04:00,19.92267347211382,20.07159736398508,19.84821152617819,19.906126022338867,55400,0.0,0.0
2023-08-29 00:00:00-04:00,19.955772399902344,19.980592001523153,19.856489259263157,19.955772399902344,13700,0.0,0.0
2023-08-30 00:00:00-04:00,19.951634747597552,20.005413181195944,19.881310438935948,19.955772399902344,22200,0.0,0.0
2023-08-31 00:00:00-04:00,19.99713932891434,20.005413055419922,19.93177799415664,20.005413055419922,72000,0.0,0.0
2023-09-01 00:00:00-04:00,20.005409498034016,20.05505027018834,19.881306778622356,19.914400100708008,82700,0.0,0.0
2023-09-05 00:00:00-04:00,19.914401395429188,19.980589621955367,19.87303434561975,19.91853904724121,10900,0.0,0.0
2023-09-06 00:00:00-04:00,19.89785490850624,19.94749726434532,19.873035308638574,19.92267608642578,13500,0.0,0.0
2023-09-07 00:00:00-04:00,19.9061309864401,20.06332864240008,19.88875663325916,20.03850746154785,24100,0.0,0.0
2023-09-08 00:00:00-04:00,20.021956442751552,20.270161875310198,19.89537145121941,20.25361442565918,39200,0.0,0.0
2023-09-11 00:00:00-04:00,20.27016419047326,20.51009750366211,20.188255409981643,20.51009750366211,33100,0.0,0.0
2023-09-12 00:00:00-04:00,20.431496138081837,20.510095737105758,20.352898117109618,20.468727111816406,32900,0.0,0.0
2023-09-13 00:00:00-04:00,20.477001685660905,20.5175418354887,20.39426600970445,20.443906784057617,14200,0.0,0.0
2023-09-14 00:00:00-04:00,20.4770022406191,20.67556692146495,20.4770022406191,20.659019470214844,15400,0.0,0.0
2023-09-15 00:00:00-04:00,20.642476205671244,20.675569534301758,20.443909921680145,20.675569534301758,17300,0.0,0.0
2023-09-18 00:00:00-04:00,20.67556680840409,20.6838405339839,20.51836917849131,20.551464080810547,15600,0.0,0.0
2023-09-19 00:00:00-04:00,20.551461567479244,20.683838004463684,20.534914118343288,20.634197235107422,15900,0.0,0.0
2023-09-20 00:00:00-04:00,20.642475004607935,20.692115783691406,20.588696573403894,20.692115783691406,12700,0.0,0.0
2023-09-21 00:00:00-04:00,20.592830186890854,20.67556586084538,20.39426551623102,20.477001190185547,17700,0.0,0.0
2023-09-22 00:00:00-04:00,20.617655025659356,20.675569534301758,20.42984632219728,20.675569534301758,13600,0.0,0.0
2023-09-25 00:00:00-04:00,20.518369461040475,20.608551966466,19.757204055786133,19.757204055786133,58600,0.0,0.0
2023-09-26 00:00:00-04:00,19.848213548439464,20.22052331605088,19.674470042255354,19.856487274169922,20400,0.0,0.0
2023-09-27 00:00:00-04:00,19.964042820192635,20.149370807325283,19.649649128479773,19.765478134155273,16500,0.0,0.0
2023-09-28 00:00:00-04:00,19.917133919914296,20.11007070540024,19.682913913932826,20.03508758544922,30900,0.43,0.0
2023-09-29 00:00:00-04:00,20.11933787411152,20.29626756660885,19.681229545069495,19.790756225585938,101600,0.0,0.0
2023-10-02 00:00:00-04:00,19.773902657332204,20.035084470644314,19.310518264770508,19.310518264770508,29800,0.0,0.0
2023-10-03 00:00:00-04:00,19.46217310722114,19.550637143300623,18.594378677220526,18.678630828857422,28600,0.0,0.0
2023-10-04 00:00:00-04:00,18.889257925946247,19.034170193608347,18.661777628467824,18.9566593170166,32000,0.0,0.0
2023-10-05 00:00:00-04:00,18.956661410691673,19.108314959093384,18.808377691169277,18.906110763549805,27200,0.0,0.0
2023-10-06 00:00:00-04:00,18.8302836201649,19.217841252280998,18.619654053064565,19.007211685180664,38200,0.0,0.0
2023-10-09 00:00:00-04:00,18.939815226066898,19.192571736672825,18.939815226066898,19.091468811035156,6300,0.0,0.0
2023-10-10 00:00:00-04:00,19.17908923179213,19.411625138124357,19.133592517257092,19.234695434570312,10900,0.0,0.0
2023-10-11 00:00:00-04:00,19.34421772489525,19.409092952536962,19.19930545115799,19.26839256286621,19500,0.0,0.0
2023-10-12 00:00:00-04:00,19.27681785936965,19.27681785936965,18.72075591389584,18.72918128967285,13400,0.0,0.0
2023-10-13 00:00:00-04:00,18.83871005563513,19.049339634586413,18.577528220712704,18.79658317565918,44500,0.0,0.0
2023-10-16 00:00:00-04:00,18.85555827850313,19.276817415803677,18.620496245545002,18.687055587768555,13300,0.0,0.0
2023-10-17 00:00:00-04:00,18.661780284168877,18.75361575719261,18.40902543343025,18.50170135498047,29600,0.0,0.0
2023-10-18 00:00:00-04:00,18.41745352377573,18.594381623973455,18.114146372606616,18.17312240600586,26900,0.0,0.0
2023-10-19 00:00:00-04:00,18.29106853348515,18.29106853348515,18.046739102028226,18.22366714477539,27400,0.0,0.0
2023-10-20 00:00:00-04:00,18.248946255222698,18.38374905470731,17.494891990809563,18.21103286743164,42500,0.0,0.0
2023-10-23 00:00:00-04:00,18.029892766117282,18.36689979215217,18.029892766117282,18.271696090698242,24200,0.0,0.0
2023-10-24 00:00:00-04:00,18.40059989096898,18.409025266847515,18.25737171498619,18.30792236328125,16600,0.0,0.0
2023-10-25 00:00:00-04:00,18.36689781080019,18.36689781080019,17.987765550026403,18.143630981445312,22400,0.0,0.0
2023-10-26 00:00:00-04:00,18.122567149237454,18.27422068632349,18.04084277885167,18.232093811035156,22600,0.0,0.0
2023-10-27 00:00:00-04:00,18.31634302727539,18.434295045279395,18.07201361755628,18.097288131713867,23500,0.0,0.0
2023-10-30 00:00:00-04:00,18.139416972398763,18.316345018640504,18.072015582357736,18.12256622314453,22000,0.0,0.0
2023-10-31 00:00:00-04:00,18.206820372427213,18.703906281472804,18.105717472716215,18.661779403686523,87000,0.0,0.0
2023-11-01 00:00:00-04:00,18.57752705897396,18.990362422040988,18.543827164076767,18.838708877563477,58800,0.0,0.0
2023-11-02 00:00:00-04:00,19.209416027092097,19.82024209785858,19.209416027092097,19.571699142456055,37600,0.0,0.0
2023-11-03 00:00:00-04:00,19.752840802583435,20.009809134905765,19.377920425382428,19.866580963134766,18800,0.0,0.0
2023-11-06 00:00:00-05:00,19.841305095500616,20.05193466809394,19.7022904132166,19.714927673339844,15200,0.0,0.0
2023-11-07 00:00:00-05:00,19.757054321550058,20.10248668801506,19.42847109939411,19.495872497558594,20300,0.0,0.0
2023-11-08 00:00:00-05:00,19.554851387549277,19.782331742327536,19.3189472628693,19.361072540283203,20900,0.0,0.0
2023-11-09 00:00:00-05:00,19.512722394671695,19.512722394671695,18.855557586103366,19.040912628173828,30900,0.0,0.0
2023-11-10 00:00:00-05:00,19.040912628173828,19.18414079387554,18.830283067258136,19.040912628173828,23600,0.0,0.0
2023-11-13 00:00:00-05:00,19.015639177760296,19.369496954163765,19.015639177760296,19.226268768310547,26100,0.0,0.0
2023-11-14 00:00:00-05:00,19.723353065355298,19.866581239115984,19.377920694575305,19.470598220825195,46600,0.0,0.0
2023-11-15 00:00:00-05:00,19.546423084641997,19.579280921962898,19.285241282922158,19.34421730041504,26200,0.0,0.0
2023-11-16 00:00:00-05:00,19.285241161328432,19.53799758653052,19.25996664369138,19.4200439453125,29900,0.0,0.0
2023-11-17 00:00:00-05:00,19.52957375393211,19.546424505004826,19.39477095930251,19.403196334838867,27800,0.0,0.0
2023-11-20 00:00:00-05:00,19.495872065958498,19.52367596566107,19.394770774437998,19.453746795654297,23700,0.0,0.0
2023-11-21 00:00:00-05:00,19.4748105345166,19.60540145102238,19.420046394436607,19.512723922729492,14700,0.0,0.0
2023-11-22 00:00:00-05:00,19.655953654559365,19.655953654559365,19.196781075202434,19.297883987426758,24900,0.0,0.0
2023-11-24 00:00:00-05:00,19.276818161845505,19.51103975537895,19.247330149651322,19.48744773864746,10600,0.0,0.0
2023-11-27 00:00:00-05:00,19.504298842563898,19.790755200743853,19.251543988629194,19.63067626953125,25300,0.0,0.0
2023-11-28 00:00:00-05:00,19.69807701798962,20.05193476595236,19.39477152471878,20.009809494018555,29800,0.0,0.0
2023-11-29 00:00:00-05:00,19.99296012775928,20.58272361755371,19.98706252500086,20.58272361755371,43200,0.0,0.0
2023-11-30 00:00:00-05:00,20.447917634103458,20.64169643949386,20.20358657836914,20.20358657836914,83400,0.0,0.0
2023-12-01 00:00:00-05:00,20.20358579428027,20.633270263671875,20.20358579428027,20.633270263671875,27800,0.0,0.0
2023-12-04 00:00:00-05:00,20.565872034011907,20.717525588516974,20.22296742535612,20.570085525512695,30400,0.0,0.0
2023-12-05 00:00:00-05:00,20.47319347233906,20.66697389719972,19.757054223028565,19.967683792114258,42600,0.0,0.0
2023-12-06 00:00:00-05:00,20.16146255208929,20.584405799980324,19.820242072639157,19.942407608032227,74700,0.0,0.0
2023-12-07 00:00:00-05:00,20.026662238094914,20.22886645605208,19.80760726689725,19.908708572387695,39700,0.0,0.0
2023-12-08 00:00:00-05:00,19.84130466163997,20.03002953876117,19.613825949515196,19.672801971435547,29600,0.0,0.0
2023-12-11 00:00:00-05:00,19.73177774997979,19.784856169053427,19.487446682779314,19.698076248168945,40300,0.0,0.0
2023-12-12 00:00:00-05:00,19.773901601654902,19.832879225592734,19.588548175920966,19.76547622680664,30300,0.0,0.0
2023-12-13 00:00:00-05:00,19.883433980052903,20.33839306712334,19.60793075413577,20.279417037963867,25900,0.0,0.0
2023-12-14 00:00:00-05:00,20.549022212334574,20.892770499039695,20.47319543164892,20.7512264251709,28400,0.0,0.0
2023-12-15 00:00:00-05:00,20.725949624519327,20.810201772350002,20.557445328857977,20.734375,21300,0.0,0.0
2023-12-18 00:00:00-05:00,20.633273755690453,20.81862721019969,20.55744697726027,20.75965118408203,22200,0.0,0.0
2023-12-19 00:00:00-05:00,20.76807311806341,20.961851916611316,20.672869436531787,20.902875900268555,28700,0.0,0.0
2023-12-20 00:00:00-05:00,20.902879884572023,21.02083354671665,20.574298241187936,20.58272361755371,149000,0.0,0.0
2023-12-21 00:00:00-05:00,20.86917662330896,20.995554034479177,20.7343738371306,20.894451141357422,26900,0.0,0.0
2023-12-22 00:00:00-05:00,20.961853701560145,21.020831329900908,20.894452304718193,20.97870445251465,27900,0.0,0.0
2023-12-26 00:00:00-05:00,21.012406012097056,21.020831387597433,20.88602859354353,21.00398063659668,21900,0.0,0.0
2023-12-27 00:00:00-05:00,21.020830159503607,21.020830159503607,20.818624373260096,20.894451141357422,44300,0.0,0.0
2023-12-28 00:00:00-05:00,20.868731678467952,21.074503691407987,20.44003957601024,20.45718765258789,59000,0.43,0.0
2023-12-29 00:00:00-05:00,20.542921932979336,20.542921932979336,20.251412847996676,20.320003509521484,78100,0.0,0.0
2024-01-02 00:00:00-05:00,20.36287637515649,20.54292628656755,20.3371542583846,20.491483688354492,41000,0.0,0.0
2024-01-03 00:00:00-05:00,20.465761572579908,20.89445367255968,20.380022825517838,20.731550216674805,34300,0.0,0.0
2024-01-04 00:00:00-05:00,20.834433503784723,20.94589435539401,20.542922771571796,20.911598205566406,33400,0.0,0.0
2024-01-05 00:00:00-05:00,20.937317989805184,21.033344582116083,20.577216633309064,20.765840530395508,41200,0.0,0.0
2024-01-08 00:00:00-05:00,20.81728946871933,20.860158025624976,20.554930106489753,20.84300994873047,22900,0.0,0.0
2024-01-09 00:00:00-05:00,20.800139480826882,20.85501135945124,20.72297477722168,20.72297477722168,11100,0.0,0.0
2024-01-10 00:00:00-05:00,20.851582585018733,20.920173252653772,20.757269803771607,20.834434509277344,12800,0.0,0.0
2024-01-11 00:00:00-05:00,20.825863891866348,20.99733975798708,20.731551102535022,20.928749084472656,21000,0.0,0.0
2024-01-12 00:00:00-05:00,20.988765090618354,21.160242586932767,20.91160038080993,21.151668548583984,19900,0.0,0.0
2024-01-16 00:00:00-05:00,21.160240167508434,21.160240167508434,20.928746064551785,21.100223541259766,18500,0.0,0.0
2024-01-17 00:00:00-05:00,21.09164960664576,21.10022364405597,20.920172129102372,20.945894241333008,16700,0.0,0.0
2024-01-18 00:00:00-05:00,21.048780830990893,21.117371499541413,20.8344347873542,21.07450294494629,28200,0.0,0.0
2024-01-19 00:00:00-05:00,21.083076086250085,21.083076086250085,20.860156014109243,21.057353973388672,38800,0.0,0.0
2024-01-22 00:00:00-05:00,21.211683660502555,21.288848364777127,21.083076365155097,21.17738914489746,32800,0.0,0.0
2024-01-23 00:00:00-05:00,21.271700289309337,21.271700289309337,21.10022444062289,21.17738914489746,57100,0.0,0.0
2024-01-24 00:00:00-05:00,21.280274835334904,21.37458761732998,21.100224944613966,21.16881561279297,115800,0.0,0.0
2024-01-25 00:00:00-05:00,21.177390663630327,21.366014601311697,21.125946433537642,21.151668548583984,57500,0.0,0.0
2024-01-26 00:00:00-05:00,21.10022444062289,21.211683660502555,21.014485698614422,21.17738914489746,38500,0.0,0.0
2024-01-29 00:00:00-05:00,21.254553849172034,21.254553849172034,21.04878021421952,21.17738914489746,30500,0.0,0.0
2024-01-30 00:00:00-05:00,21.280275461699805,21.34029209370665,20.86015740232131,21.125946044921875,84200,0.0,0.0
2024-01-31 00:00:00-05:00,21.12594616316217,21.177390392596458,20.85158348083496,20.85158348083496,91300,0.0,0.0
2024-02-01 00:00:00-05:00,20.980189365685376,21.062498818952385,20.65781339927371,20.72297477722168,60900,0.0,0.0
2024-02-02 00:00:00-05:00,20.791562639906033,20.873013533693992,20.722971983208215,20.765840530395508,24300,0.0,0.0
2024-02-05 00:00:00-05:00,20.817289473918084,20.817289473918084,20.44003995879785,20.662960052490234,30200,0.0,0.0
2024-02-06 00:00:00-05:00,20.71439983653953,20.775275010669187,20.594366585199925,20.645809173583984,24400,0.0,0.0
2024-02-07 00:00:00-05:00,20.72297527593433,20.765843829933118,20.422890491951293,20.534351348876953,36800,0.0,0.0
2024-02-08 00:00:00-05:00,20.50863024516835,20.662959663692316,20.497483831860812,20.637237548828125,23700,0.0,0.0
2024-02-09 00:00:00-05:00,20.697253562192067,20.988764313941015,20.577220300412105,20.92017364501953,32000,0.0,0.0
2024-02-12 00:00:00-05:00,21.00591507439087,21.083079791204888,20.88588179727162,21.03163719177246,30500,0.0,0.0
2024-02-13 00:00:00-05:00,20.920175174272092,20.920175174272092,20.611517959228017,20.71440315246582,52200,0.0,0.0
2024-02-14 00:00:00-05:00,20.80013999312508,20.920173252653772,20.672389608913605,20.834434509277344,29200,0.0,0.0
2024-02-15 00:00:00-05:00,20.843008710628208,21.143093497134142,20.671532857860903,21.10879898071289,25700,0.0,0.0
2024-02-16 00:00:00-05:00,21.09164950970383,21.254552949088268,21.00676768446417,21.160240173339844,49800,0.0,0.0
2024-02-20 00:00:00-05:00,21.134518461161953,21.40030708336479,21.134518461161953,21.30599594116211,21400,0.0,0.0
2024-02-21 00:00:00-05:00,21.39173760991648,21.42603212941352,21.348867416381836,21.348867416381836,11000,0.0,0.0
2024-02-22 00:00:00-05:00,21.44317667401063,21.65752270037779,21.30513843483176,21.588932037353516,33200,0.0,0.0
2024-02-23 00:00:00-05:00,21.666097656214053,22.00905098587506,21.55463680199268,21.906164169311523,26800,0.0,0.0
2024-02-26 00:00:00-05:00,21.940462353787822,21.940462353787822,21.664384202803266,21.69182014465332,50800,0.0,0.0
2024-02-27 00:00:00-05:00,21.68324541596418,21.691817818166786,21.21168316362898,21.30599594116211,32800,0.0,0.0
2024-02-28 00:00:00-05:00,21.314571887507228,21.588934571813482,21.228833139828875,21.245981216430664,40300,0.0,0.0
2024-02-29 00:00:00-05:00,21.237409224832927,21.377162955477804,21.03163719177246,21.03163719177246,82200,0.0,0.0
2024-03-01 00:00:00-05:00,21.05735294921817,21.177387834736134,20.92874566182714,20.9544677734375,31300,0.0,0.0
2024-03-04 00:00:00-05:00,21.014482683006513,21.220254653099975,20.765840530395508,20.765840530395508,34400,0.0,0.0
2024-03-05 00:00:00-05:00,20.911599720898035,20.911599720898035,20.671533196030413,20.705827713012695,40800,0.0,0.0
2024-03-06 00:00:00-05:00,20.92017272969455,20.92017272969455,20.585793437748798,20.602941513061523,37600,0.0,0.0
2024-03-07 00:00:00-05:00,20.8601565018953,20.89873885442438,20.63723642454178,20.74869728088379,20800,0.0,0.0
2024-03-08 00:00:00-05:00,20.791564337232654,21.10879717243889,20.758983649991684,20.9544677734375,22300,0.0,0.0
2024-03-11 00:00:00-04:00,21.005913408567032,21.048781965472674,20.79585355493589,20.84300994873047,35700,0.0,0.0
2024-03-12 00:00:00-04:00,20.877304188243215,21.00591148249854,20.662958152707514,20.782991409301758,91800,0.0,0.0
2024-03-13 00:00:00-04:00,20.834438206339694,20.954473122499046,20.808717723494034,20.838726043701172,41900,0.0,0.0
2024-03-14 00:00:00-04:00,20.82586159760718,20.894452263565384,20.782991409301758,20.782991409301758,48800,0.0,0.0
2024-03-15 00:00:00-04:00,20.868732186591856,20.87730622508945,20.66296016864157,20.68868064880371,46900,0.0,0.0
2024-03-18 00:00:00-04:00,20.765844617622008,21.194536715193042,20.765844617622008,21.185962677001953,52400,0.0,0.0
2024-03-19 00:00:00-04:00,21.194538370021185,21.563213864370628,21.16881788877028,21.434606552124023,41100,0.0,0.0
2024-03-20 00:00:00-04:00,21.486045718231725,21.486045718231725,21.26312564945447,21.460325241088867,12800,0.0,0.0
2024-03-21 00:00:00-04:00,21.571786374704978,21.760410310279166,21.37458840087779,21.520343780517578,27700,0.0,0.0
2024-03-22 00:00:00-04:00,21.47747039794922,21.47747039794922,21.366011187882968,21.47747039794922,20500,0.0,0.0
2024-03-25 00:00:00-04:00,21.434605541203087,21.492908348572698,21.31457227347815,21.39173698425293,18300,0.0,0.0
2024-03-26 00:00:00-04:00,21.391735084002196,21.52034237875897,21.38316104630768,21.511768341064453,21800,0.0,0.0
2024-03-27 00:00:00-04:00,21.61465431255398,21.863296508789062,21.507481290452073,21.863296508789062,30400,0.0,0.0
2024-03-28 00:00:00-04:00,21.56678449942181,21.872016320756103,21.33131980895996,21.33131980895996,69800,0.43,0.0
2024-04-01 00:00:00-04:00,21.374927183095075,21.549344193908425,21.319112475466188,21.470857620239258,26300,0.0,0.0
2024-04-02 00:00:00-04:00,21.453415678906186,21.58422885443895,21.394986137600036,21.488298416137695,31000,0.0,0.0
2024-04-03 00:00:00-04:00,21.401088882083368,21.69759794462027,21.401088882083368,21.671436309814453,30100,0.0,0.0
2024-04-04 00:00:00-04:00,21.62783081283871,21.69759794462027,21.5667847804523,21.671436309814453,23800,0.0,0.0
2024-04-05 00:00:00-04:00,21.688881200599372,21.749927240562737,21.584229658248013,21.719404220581055,20500,0.0,0.0
2024-04-08 00:00:00-04:00,21.7499265150045,21.7499265150045,21.62870605015539,21.715042114257812,28800,0.0,0.0
2024-04-09 00:00:00-04:00,21.79353012689132,21.802251226987686,21.505740477230272,21.55806541442871,21100,0.0,0.0
2024-04-10 00:00:00-04:00,21.549343244768245,21.636552578023664,21.366205141973573,21.479576110839844,25700,0.0,0.0
2024-04-11 00:00:00-04:00,21.601673828484298,21.60865004415042,21.322605241279625,21.409812927246094,19100,0.0,0.0
2024-04-12 00:00:00-04:00,21.49701797794821,21.591203524127007,21.37492591130526,21.57550621032715,21800,0.0,0.0
2024-04-15 00:00:00-04:00,21.62783231408862,21.62783231408862,21.008649184470464,21.06097412109375,31900,0.0,0.0
2024-04-16 00:00:00-04:00,21.139462722480847,21.23539316076194,21.088881006957028,21.148183822631836,19300,0.0,0.0
2024-04-17 00:00:00-04:00,21.287718658582914,21.549345016479492,21.226672619299034,21.549345016479492,22000,0.0,0.0
2024-04-18 00:00:00-04:00,21.758648618478496,21.758648618478496,21.127254575564212,21.226673126220703,18400,0.0,0.0
2024-04-19 00:00:00-04:00,21.270276320940244,21.418531699695514,21.149055854176687,21.27899742126465,16900,0.0,0.0
2024-04-22 00:00:00-04:00,21.235394824364047,21.497021195870666,21.235394824364047,21.386266708374023,14900,0.0,0.0
2024-04-23 00:00:00-04:00,21.514461800103707,21.80225145274475,21.40981026124343,21.715042114257812,19400,0.0,0.0
2024-04-24 00:00:00-04:00,21.70632051099529,21.715041610979835,21.540624601428117,21.697599411010742,18100,0.0,0.0
2024-04-25 00:00:00-04:00,21.584225463793395,21.6714347882422,21.43945821808151,21.462133407592773,8500,0.0,0.0
2024-04-26 00:00:00-04:00,21.610394929756943,21.715044818268705,21.392372388080794,21.409812927246094,15900,0.0,0.0
2024-04-29 00:00:00-04:00,21.497019377133906,21.55806541442871,21.421147636013256,21.55806541442871,7100,0.0,0.0
2024-04-30 00:00:00-04:00,21.49701645199196,21.70631783568541,21.470854818642486,21.6627140045166,25800,0.0,0.0
2024-05-01 00:00:00-04:00,21.51446257977821,21.715042901201254,21.51446257977821,21.59295082092285,26800,0.0,0.0
2024-05-02 00:00:00-04:00,21.568531484798772,21.784809112548828,21.552834169915425,21.784809112548828,15300,0.0,0.0
2024-05-03 00:00:00-04:00,21.802250276204596,21.933063445185887,21.802250276204596,21.88945960998535,22200,0.0,0.0
2024-05-06 00:00:00-04:00,22.020274274431603,22.020274274431603,21.74992681839285,21.758647918701172,46900,0.0,0.0
2024-05-07 00:00:00-04:00,21.85457574521378,21.933935592175622,21.723762573035614,21.767366409301758,15200,0.0,0.0
2024-05-08 00:00:00-04:00,21.784811761963223,21.83713836911123,21.592952525893768,21.619115829467773,41600,0.0,0.0
2024-05-09 00:00:00-04:00,21.697599628707717,21.697599628707717,21.48829821711784,21.514461517333984,29700,0.0,0.0
2024-05-10 00:00:00-04:00,21.514464278551724,21.676673766626607,21.480453148271497,21.619115829467773,11500,0.0,0.0
2024-05-13 00:00:00-04:00,21.69760106037605,21.81097370541356,21.618241206877716,21.680160522460938,27300,0.0,0.0
2024-05-14 00:00:00-04:00,21.776088374784845,21.810972775888125,21.531904220581055,21.531904220581055,16300,0.0,0.0
2024-05-15 00:00:00-04:00,21.75864657668106,22.002830716734167,21.706319978058506,21.819692611694336,26200,0.0,0.0
2024-05-16 00:00:00-04:00,21.880736865200998,21.880736865200998,21.697597111692513,21.749923706054688,18100,0.0,0.0
2024-05-17 00:00:00-04:00,21.697599212492765,21.824052666042125,21.636553176539206,21.72376251220703,25100,0.0,0.0
2024-05-20 00:00:00-04:00,21.828414214969815,21.889460251391213,21.767366515168682,21.837135314941406,21800,0.0,0.0
2024-05-21 00:00:00-04:00,21.837135853491432,21.837135853491432,21.69759991388447,21.715042114257812,24700,0.0,0.0
2024-05-22 00:00:00-04:00,21.79352984746102,21.832773965701612,21.688879974405936,21.697599411010742,32800,0.0,0.0
2024-05-23 00:00:00-04:00,21.719403636342463,21.719403636342463,21.43597370027399,21.645275115966797,27000,0.0,0.0
2024-05-24 00:00:00-04:00,21.662717478689437,21.83713615809626,21.662717478689437,21.758647918701172,23100,0.0,0.0
2024-05-28 00:00:00-04:00,21.854574741727976,21.854574741727976,21.52318127653441,21.57550621032715,12900,0.0,0.0
2024-05-29 00:00:00-04:00,21.566784874100072,21.566784874100072,21.374925676712596,21.418529510498047,12000,0.0,0.0
2024-05-30 00:00:00-04:00,21.497019238875083,21.662716812880834,21.43248509463274,21.627832412719727,13100,0.0,0.0
2024-05-31 00:00:00-04:00,21.776086077675007,22.09003900096718,21.53190194922965,22.081317901611328,81400,0.0,0.0
2024-06-03 00:00:00-04:00,22.151086441436522,22.159807541346858,21.81097186183206,22.06387710571289,12800,0.0,0.0
2024-06-04 00:00:00-04:00,22.063875702899626,22.22085216454571,21.863295407853904,22.081317901611328,24200,0.0,0.0
2024-06-05 00:00:00-04:00,22.124926173975513,22.21213385171504,21.976670793086555,22.185972213745117,22900,0.0,0.0
2024-06-06 00:00:00-04:00,22.151086242353152,22.172016549273902,21.97666923585319,22.09004020690918,29400,0.0,0.0
2024-06-07 00:00:00-04:00,22.009809788181983,22.028995210689533,21.84062410289604,21.985389709472656,7100,0.0,0.0
2024-06-10 00:00:00-04:00,22.081320005199114,22.090041105385787,21.715042114257812,21.715042114257812,28600,0.0,0.0
2024-06-11 00:00:00-04:00,21.854574301001026,21.854574301001026,21.3923676789568,21.444692611694336,42400,0.0,0.0
2024-06-12 00:00:00-04:00,21.584229418001605,21.80225193737536,21.444695138672788,21.549345016479492,22000,0.0,0.0
2024-06-13 00:00:00-04:00,21.68888005243633,21.68888005243633,21.4359731421138,21.584228515625,15500,0.0,0.0
2024-06-14 00:00:00-04:00,21.619112915688692,21.845854862583707,21.497890789833182,21.584228515625,9800,0.0,0.0
2024-06-17 00:00:00-04:00,21.697599489072505,21.758647189183968,21.51446137887736,21.584228515625,10400,0.0,0.0
2024-06-18 00:00:00-04:00,21.653995877766864,21.758647415667504,21.627832577446764,21.7412052154541,13500,0.0,0.0
2024-06-20 00:00:00-04:00,21.71504077309438,21.776086807250977,21.6496350208036,21.776086807250977,10200,0.0,0.0
2024-06-21 00:00:00-04:00,21.610392540219312,21.858938077177164,21.601671439910987,21.758647918701172,17100,0.0,0.0
2024-06-24 00:00:00-04:00,21.82841256892898,21.86329530280516,21.719401322574043,21.85457420349121,10000,0.0,0.0
2024-06-25 00:00:00-04:00,21.863298135830956,21.878123840247806,21.653996715313948,21.832775115966797,14900,0.0,0.0
2024-06-26 00:00:00-04:00,21.863297854739358,21.87201895507125,21.750798488203582,21.8022518157959,10000,0.0,0.0
2024-06-27 00:00:00-04:00,21.86329667669737,22.020273147453636,21.81969284076717,21.976669311523438,14400,0.0,0.0
2024-06-28 00:00:00-04:00,21.93306321134773,21.967947609839992,21.73248291015625,21.73248291015625,56800,0.0,0.0
2024-07-01 00:00:00-04:00,21.78572456852721,21.94545724439999,21.60824513401282,21.70585823059082,26900,0.43,0.0
2024-07-02 00:00:00-04:00,21.78572473506524,21.861154807064214,21.741355299243835,21.812347412109375,23900,0.0,0.0
2024-07-03 00:00:00-04:00,21.803473186427997,21.918836427700427,21.79459896074662,21.812347412109375,19400,0.0,0.0
2024-07-05 00:00:00-04:00,21.8655899064203,22.03419680019523,21.81234624775968,21.901086807250977,16400,0.0,0.0
2024-07-08 00:00:00-04:00,21.901087379101416,22.03419737552125,21.883338928222656,21.883338928222656,21500,0.0,0.0
2024-07-09 00:00:00-04:00,21.918837674102022,22.01201451017671,21.75910498792508,21.80347442626953,26500,0.0,0.0
2024-07-10 00:00:00-04:00,21.856718856873897,22.05194845463762,21.807913150018607,22.025325775146484,23100,0.0,0.0
2024-07-11 00:00:00-04:00,22.02532527582303,22.34834000413292,21.885116562553833,22.309293746948242,22600,0.0,0.0
2024-07-12 00:00:00-04:00,22.35366618255508,22.41400855526752,22.185059258268247,22.380287170410156,8900,0.0,0.0
2024-07-15 00:00:00-04:00,22.433529026015393,22.50452113684579,22.327040013477085,22.409568786621094,7700,0.0,0.0
2024-07-16 00:00:00-04:00,22.42465648746739,22.522269589336165,22.282672255125938,22.40690803527832,30300,0.0,0.0
2024-07-17 00:00:00-04:00,22.38028598669533,22.442405571104906,22.22055499025611,22.282672882080078,16400,0.0,0.0
2024-07-18 00:00:00-04:00,22.282670734003755,22.38028382920899,22.051945949052886,22.096315383911133,14300,0.0,0.0
2024-07-19 00:00:00-04:00,22.229426723437122,22.229426723437122,22.10519094426346,22.114065170288086,9100,0.0,0.0
2024-07-22 00:00:00-04:00,22.220554095287763,22.229426628689026,21.99870352337436,22.08744239807129,18200,0.0,0.0
2024-07-23 00:00:00-04:00,22.0963204758339,22.14069161350257,22.034202575683594,22.034202575683594,12100,0.0,0.0
2024-07-24 00:00:00-04:00,21.99870216634916,22.095428346243168,21.883338928222656,21.883338928222656,16900,0.0,0.0
2024-07-25 00:00:00-04:00,22.025323962714253,22.183281119158064,22.007575511180658,22.05194664001465,15600,0.0,0.0
2024-07-26 00:00:00-04:00,22.06082337856194,22.229428609579145,22.007578017896375,22.16731071472168,13200,0.0,0.0
2024-07-29 00:00:00-04:00,22.185057285899543,22.185057285899543,22.04307305467663,22.114065170288086,18700,0.0,0.0
2024-07-30 00:00:00-04:00,22.19393402945582,22.26492615312015,22.15843712133079,22.229429244995117,9200,0.0,0.0
2024-07-31 00:00:00-04:00,22.22942790194532,22.22942790194532,21.732483066319258,21.838972091674805,115100,0.0,0.0
2024-08-01 00:00:00-04:00,21.980955725208563,22.00757671137525,21.881567099337012,21.909963607788086,28300,0.0,0.0
2024-08-02 00:00:00-04:00,21.8922176361084,21.998706670599226,21.804363971080242,21.8922176361084,22800,0.0,0.0
2024-08-05 00:00:00-04:00,21.688114589575893,21.767980938992924,21.342026511240185,21.56387710571289,35600,0.0,0.0
2024-08-06 00:00:00-04:00,21.72360881574907,22.140688997628292,21.68811360239365,22.078569412231445,35700,0.0,0.0
2024-08-07 00:00:00-04:00,22.078568426964246,22.291546467935056,22.003140044083988,22.22055435180664,22000,0.0,0.0
2024-08-08 00:00:00-04:00,22.273797921469427,22.273797921469427,21.998703684209506,22.193931579589844,27200,0.0,0.0
2024-08-09 00:00:00-04:00,22.309295595690706,22.309295595690706,22.051949782127164,22.229429244995117,14200,0.0,0.0
2024-08-12 00:00:00-04:00,22.229425357725418,22.229425357725418,22.096315360705024,22.149559020996094,16200,0.0,0.0
2024-08-13 00:00:00-04:00,22.256050203047405,22.30041964218292,22.229427524014728,22.282672882080078,11600,0.0,0.0
2024-08-14 00:00:00-04:00,22.2737994158899,22.557767898253854,22.2737994158899,22.50452423095703,27600,0.0,0.0
2024-08-15 00:00:00-04:00,22.55776722987192,22.55776722987192,22.311069491183915,22.495649337768555,12600,0.0,0.0
2024-08-16 00:00:00-04:00,22.42465650061167,22.623433748971994,22.42465650061167,22.59326171875,22600,0.0,0.0
2024-08-19 00:00:00-04:00,22.59326171875,22.62875862314895,22.540018054737136,22.59326171875,13400,0.0,0.0
2024-08-20 00:00:00-04:00,22.619885854358994,22.619885854358994,22.469027386115364,22.58439064025879,10400,0.0,0.0
2024-08-21 00:00:00-04:00,22.619885854358994,22.62787316613902,22.540019506901444,22.58439064025879,14100,0.0,0.0
2024-08-22 00:00:00-04:00,22.619885854358994,22.623435206510447,22.49565006612977,22.58439064025879,13400,0.0,0.0
2024-08-23 00:00:00-04:00,22.584388801257717,22.664255142211914,22.477899782456948,22.664255142211914,17600,0.0,0.0
2024-08-26 00:00:00-04:00,22.708627734225335,22.708627734225335,22.611012927812034,22.655384063720703,14800,0.0,0.0
2024-08-27 00:00:00-04:00,22.655382092169898,22.655382092169898,22.55776729425138,22.575515747070312,7800,0.0,0.0
2024-08-28 00:00:00-04:00,22.673127675575238,22.673127675575238,22.56664034936,22.664255142211914,20300,0.0,0.0
2024-08-29 00:00:00-04:00,22.673128852403213,22.673128852403213,22.55776729425138,22.575515747070312,16900,0.0,0.0
2024-08-30 00:00:00-04:00,22.628759348359427,22.637633574743568,22.32704242164112,22.495649337768555,45700,0.0,0.0
2024-09-03 00:00:00-04:00,22.531143949292797,22.584389306176355,22.36253873025158,22.566640853881836,15200,0.0,0.0
2024-09-04 00:00:00-04:00,22.54889234745949,22.708625032555588,22.54889234745949,22.673128128051758,14600,0.0,0.0
2024-09-05 00:00:00-04:00,22.64650723587827,22.761868790821477,22.58438934532535,22.699750900268555,12600,0.0,0.0
2024-09-06 00:00:00-04:00,22.744120177274414,22.761868629473888,22.540018054737136,22.59326171875,12700,0.0,0.0
2024-09-09 00:00:00-04:00,22.708625165336578,22.859483625188812,22.64650727467723,22.832860946655273,19800,0.0,0.0
2024-09-10 00:00:00-04:00,22.90385299676625,22.90385299676625,22.646507208700744,22.752994537353516,27200,0.0,0.0
2024-09-11 00:00:00-04:00,22.797366941615724,22.797366941615724,22.655382700423484,22.69087791442871,15700,0.0,0.0
2024-09-12 00:00:00-04:00,22.770744231421475,22.770744231421475,22.69975211091967,22.744121551513672,11700,0.0,0.0
2024-09-13 00:00:00-04:00,22.92160160978599,22.92160160978599,22.673128353544726,22.85948371887207,102200,0.0,0.0
2024-09-16 00:00:00-04:00,22.85948473373176,22.930476854011633,22.78405465385497,22.846174240112305,27400,0.0,0.0
2024-09-17 00:00:00-04:00,22.877235412597656,23.028093894442105,22.72637693075321,22.877235412597656,88600,0.0,0.0
2024-09-18 00:00:00-04:00,22.948228170586564,23.0254320898667,22.807130827306565,22.939353942871094,45400,0.0,0.0
2024-09-19 00:00:00-04:00,23.010342441260995,23.258814007744938,22.823987073812436,23.1789493560791,10100,0.0,0.0
2024-09-20 00:00:00-04:00,23.170073080550797,23.258811950683594,22.75299294355064,23.258811950683594,12700,0.0,0.0
2024-09-23 00:00:00-04:00,23.232192420021345,23.26768763177786,23.10795663999521,23.249940872192383,18300,0.0,0.0
2024-09-24 00:00:00-04:00,23.161202081614217,23.27656364440918,23.08133573330013,23.27656364440918,27100,0.0,0.0
2024-09-25 00:00:00-04:00,23.285437871175823,23.285437871175823,23.152327854847574,23.27656364440918,11500,0.0,0.0
2024-09-26 00:00:00-04:00,23.285437871175823,23.365304219489907,22.9925951582194,23.27656364440918,31900,0.0,0.0
2024-09-27 00:00:00-04:00,23.320933563622933,23.381275932873333,23.161200875314087,23.232192993164062,21400,0.0,0.0
2024-09-30 00:00:00-04:00,23.285436516847767,23.285436516847767,22.886106491088867,22.886106491088867,160500,0.0,0.0
2024-10-01 00:00:00-04:00,22.94927505890196,23.445621249307617,22.94927505890196,23.382450103759766,95400,0.43,0.0
2024-10-02 00:00:00-04:00,23.38245185934197,23.43659831369342,23.27415895063907,23.400501251220703,17500,0.0,0.0
2024-10-03 00:00:00-04:00,23.391478768724742,23.472699318579874,23.320184868956808,23.364404678344727,14600,0.0,0.0
2024-10-04 00:00:00-04:00,23.418551826703997,23.481722980187566,23.286794357642595,23.373428344726562,11500,0.0,0.0
2024-10-07 00:00:00-04:00,23.364403746465324,23.409527228632285,23.02508342273704,23.111719131469727,14500,0.0,0.0
2024-10-08 00:00:00-04:00,23.256110349435378,23.364403261820087,23.201962171958215,23.328306198120117,22500,0.0,0.0
2024-10-09 00:00:00-04:00,23.328304844219165,23.3734266015466,23.19293785095215,23.19293785095215,19900,0.0,0.0
2024-10-10 00:00:00-04:00,23.265132814362893,23.265132814362893,23.057568263177213,23.18391227722168,11300,0.0,0.0
2024-10-11 00:00:00-04:00,23.201963840483685,23.30123378504582,23.174891471083054,23.26513671875,25900,0.0,0.0
2024-10-14 00:00:00-04:00,23.26513378202719,23.3463543225466,23.196547471309255,23.274158477783203,23100,0.0,0.0
2024-10-15 00:00:00-04:00,23.463673116580242,23.463673116580242,23.247085571289062,23.247085571289062,18300,0.0,0.0
2024-10-16 00:00:00-04:00,23.24708524772809,23.45464809391594,23.2380605516393,23.44562339782715,35200,0.0,0.0
2024-10-17 00:00:00-04:00,23.42757617533248,23.508796726368843,23.346357345581055,23.346357345581055,15000,0.0,0.0
2024-10-18 00:00:00-04:00,23.46367279000473,23.46367279000473,23.368916062999595,23.44562339782715,5800,0.0,0.0
2024-10-21 00:00:00-04:00,23.436596554045835,23.4546459445694,23.31025426295013,23.382450103759766,14700,0.0,0.0
2024-10-22 00:00:00-04:00,23.454649542282286,23.5539194841043,23.341843416133592,23.499773025512695,35700,0.0,0.0
2024-10-23 00:00:00-04:00,23.472698778063677,23.52684523629194,23.274160617036802,23.337331771850586,24100,0.0,0.0
2024-10-24 00:00:00-04:00,23.445625151760257,23.544895094878413,23.38245399569776,23.463674545288086,33200,0.0,0.0
2024-10-25 00:00:00-04:00,23.580992886979836,23.580992886979836,23.418553504080705,23.49074935913086,20400,0.0,0.0
2024-10-28 00:00:00-04:00,23.662211752715926,23.662211752715926,23.436599506602477,23.553918838500977,18500,0.0,0.0
2024-10-29 00:00:00-04:00,23.544895555308543,23.590017318725586,23.328307992593846,23.590017318725586,19800,0.0,0.0
2024-10-30 00:00:00-04:00,23.671236529765054,23.797580558492744,23.47720985974363,23.63513946533203,35200,0.0,0.0
2024-10-31 00:00:00-04:00,23.644163269210985,23.67123563619258,23.409526334756766,23.44562339782715,81600,0.0,0.0
2024-11-01 00:00:00-04:00,23.562943760954635,23.689286069179104,23.364403880847778,23.436599731445312,24100,0.0,0.0
2024-11-04 00:00:00-05:00,23.41855190713653,23.586406441071546,23.301232574877094,23.454648971557617,42300,0.0,0.0
2024-11-05 00:00:00-05:00,23.47269890634907,23.68928646173071,23.418552447824883,23.662212371826172,14400,0.0,0.0
2024-11-06 00:00:00-05:00,23.508795922270956,23.599041167145145,23.29220836734382,23.41855239868164,22200,0.0,0.0
2024-11-07 00:00:00-05:00,23.46367477532501,23.570163788384352,23.33011167170849,23.526845932006836,15500,0.0,0.0
2024-11-08 00:00:00-05:00,23.59904003776499,23.698309974504326,23.508794797209667,23.689285278320312,26400,0.0,0.0
2024-11-11 00:00:00-05:00,23.8066051874416,23.95099861905899,23.4654809336486,23.73440933227539,12900,0.0,0.0
2024-11-12 00:00:00-05:00,23.698310220700467,23.711846404474713,23.400502128673406,23.409526824951172,21200,0.0,0.0
2024-11-13 00:00:00-05:00,23.373428915602105,23.608065863761052,23.373428915602105,23.41855239868164,18200,0.0,0.0
2024-11-14 00:00:00-05:00,23.519626476524067,23.575578563318448,23.301233291625977,23.301233291625977,15000,0.0,0.0
2024-11-15 00:00:00-05:00,23.38245361221801,23.490748250324017,23.28318367072791,23.41855239868164,10600,0.0,0.0
2024-11-18 00:00:00-05:00,23.454648737910112,23.535869283654524,23.328306431767622,23.391477584838867,40900,0.0,0.0
2024-11-19 00:00:00-05:00,23.418552139171176,23.517820358276367,23.32830689529703,23.517820358276367,19300,0.0,0.0
2024-11-20 00:00:00-05:00,23.38245361221801,23.463674160476298,23.20647633142002,23.41855239868164,32300,0.0,0.0
2024-11-21 00:00:00-05:00,23.44562317811274,23.580990175606487,23.427573786104304,23.562942504882812,14600,0.0,0.0
2024-11-22 00:00:00-05:00,23.590017318725586,23.590017318725586,23.41043049708103,23.590017318725586,14000,0.0,0.0
2024-11-25 00:00:00-05:00,23.662212139646606,23.72628696873982,23.580991592014836,23.599040985107422,14900,0.0,0.0
2024-11-26 00:00:00-05:00,23.770507428102434,23.770507428102434,23.472699319055884,23.54489517211914,14000,0.0,0.0
2024-11-27 00:00:00-05:00,23.63513912678013,23.68026088699629,23.499772124846825,23.653186798095703,14400,0.0,0.0
2024-11-29 00:00:00-05:00,23.770507396616477,23.88782501220703,23.55482179100628,23.88782501220703,45100,0.0,0.0
2024-12-02 00:00:00-05:00,23.851727329983763,23.851727329983763,23.680261538134864,23.779531478881836,13900,0.0,0.0
2024-12-03 00:00:00-05:00,23.779532587902565,23.853532348994413,23.454650382149737,23.67123794555664,28000,0.0,0.0
2024-12-04 00:00:00-05:00,23.67123878103082,23.78855812448676,23.46367590726724,23.72989845275879,13800,0.0,0.0
2024-12-05 00:00:00-05:00,23.76148341869167,24.01416977236535,23.743434024582488,23.914899826049805,25300,0.0,0.0
2024-12-06 00:00:00-05:00,23.987094335639263,24.01416842528431,23.766897247971123,23.779531478881836,23100,0.0,0.0
2024-12-09 00:00:00-05:00,23.770507010159434,23.833678165318467,23.608065913301985,23.662212371826172,24600,0.0,0.0
2024-12-10 00:00:00-05:00,23.689284890610647,23.689284890610647,23.54399124338103,23.644163131713867,16000,0.0,0.0
2024-12-11 00:00:00-05:00,23.64416431468323,23.64416431468323,23.571968464065407,23.617090225219727,15500,0.0,0.0
2024-12-12 00:00:00-05:00,23.64416472928023,23.64416472928023,23.46367423892837,23.499773025512695,13300,0.0,0.0
2024-12-13 00:00:00-05:00,23.626111711974012,23.70733224804543,23.337328348735475,23.382450103759766,22400,0.0,0.0
2024-12-16 00:00:00-05:00,23.5448955140672,23.599041974329793,23.30123386095811,23.346357345581055,12400,0.0,0.0
2024-12-17 00:00:00-05:00,23.454650570963302,23.599042281063614,23.3012341638211,23.49074935913086,13800,0.0,0.0
2024-12-18 00:00:00-05:00,23.50879615196521,23.529553126513093,23.301233291625977,23.301233291625977,17000,0.0,0.0
2024-12-19 00:00:00-05:00,23.27416141564519,23.283184391255443,22.914084099566377,23.26513671875,13900,0.0,0.0
2024-12-20 00:00:00-05:00,23.319282685034143,23.72538543029342,23.012449882234886,23.301233291625977,23900,0.0,0.0
2024-12-23 00:00:00-05:00,23.409526743051053,23.5205272364381,23.230841888459956,23.328306198120117,13600,0.0,0.0
2024-12-24 00:00:00-05:00,23.391478230078846,23.391478230078846,23.057571341554006,23.337331771850586,16500,0.0,0.0
2024-12-26 00:00:00-05:00,23.41855190713653,23.490747757263545,23.183914963902506,23.454648971557617,12900,0.0,0.0
2024-12-27 00:00:00-05:00,23.436600070628575,23.45464946386039,23.20196312246963,23.41855239868164,18100,0.0,0.0
2024-12-30 00:00:00-05:00,23.301232503191375,23.671236449114645,23.165865499780274,23.553918838500977,35900,0.0,0.0
2024-12-31 00:00:00-05:00,23.498863733763738,23.80166041687614,23.12266184717312,23.31993865966797,120500,0.43,0.0
2025-01-02 00:00:00-05:00,23.489688105364436,24.003524534979444,23.489688105364436,23.948471069335938,27200,0.0,0.0
2025-01-03 00:00:00-05:00,24.040225982666016,24.040225982666016,23.902589704999393,24.040225982666016,15300,0.0,0.0
2025-01-06 00:00:00-05:00,23.911767450537216,23.975996785093912,23.700727708388616,23.755781173706055,14200,0.0,0.0
2025-01-07 00:00:00-05:00,23.783307768622482,23.93929403881104,23.251119626235294,23.489686965942383,25700,0.0,0.0
2025-01-08 00:00:00-05:00,23.480512873744104,23.480512873744104,22.939148821546162,23.05843162536621,59300,0.0,0.0
2025-01-10 00:00:00-05:00,22.94832406274778,23.12266207905112,22.755634307861328,22.755634307861328,29400,0.0,0.0
2025-01-13 00:00:00-05:00,22.783162298089977,23.00337791442871,22.737284700980382,23.00337791442871,30700,0.0,0.0
2025-01-14 00:00:00-05:00,23.003377042423985,23.23368558138691,23.003377042423985,23.122661590576172,19700,0.0,0.0
2025-01-15 00:00:00-05:00,23.397933205145762,23.65485231744092,23.324527994506898,23.425460815429688,25700,0.0,0.0
2025-01-16 00:00:00-05:00,23.333702208162766,23.750277580272183,23.29699873038975,23.480512619018555,13900,0.0,0.0
2025-01-17 00:00:00-05:00,23.61814780099287,23.74660647644615,23.306175231933594,23.306175231933594,6900,0.0,0.0
2025-01-21 00:00:00-05:00,23.572268035460915,24.02187510832957,23.370402421029823,23.489686965942383,25400,0.0,0.0
2025-01-22 00:00:00-05:00,23.53556608555994,23.698892361366326,23.352053947049278,23.480512619018555,8500,0.0,0.0
2025-01-23 00:00:00-05:00,23.434635531182934,23.67320114141929,23.397932052612305,23.397932052612305,17700,0.0,0.0
2025-01-24 00:00:00-05:00,23.480511848758127,23.664025731366902,23.407106645738235,23.462160110473633,11900,0.0,0.0
2025-01-27 00:00:00-05:00,23.53556622659786,23.737431855322868,23.434635162353516,23.434635162353516,46400,0.0,0.0
2025-01-28 00:00:00-05:00,23.535564560066888,23.6777879020417,23.40710589642385,23.489686965942383,17500,0.0,0.0
2025-01-29 00:00:00-05:00,23.599795421544577,23.643838894824942,23.462160880132043,23.480512619018555,10000,0.0,0.0
2025-01-30 00:00:00-05:00,23.636499673483954,23.654851412971535,23.48051338807589,23.498865127563477,22100,0.0,0.0
2025-01-31 00:00:00-05:00,23.48051325584747,23.67320126902739,23.306175231933594,23.306175231933594,29000,0.0,0.0
2025-02-03 00:00:00-05:00,23.296998977661133,23.471336998697087,23.205243782490996,23.296998977661133,17000,0.0,0.0
2025-02-04 00:00:00-05:00,23.352054595947266,23.51079206638389,23.196068311313734,23.352054595947266,9600,0.0,0.0
2025-02-05 00:00:00-05:00,23.489691774046644,23.572272860468694,23.327282537432392,23.5172176361084,7000,0.0,0.0
2025-02-06 00:00:00-05:00,23.50804149610261,23.59062082531251,23.370405197143555,23.370405197143555,16900,0.0,0.0
2025-02-07 00:00:00-05:00,23.3520544545172,23.511710736039436,23.315350975946572,23.397932052612305,7700,0.0,0.0
2025-02-10 00:00:00-05:00,23.572270835553777,23.59062082531251,23.306175857692388,23.370405197143555,20600,0.0,0.0
2025-02-11 00:00:00-05:00,23.425457503383818,23.460325104766337,23.23276775887663,23.342876434326172,22200,0.0,0.0
2025-02-12 00:00:00-05:00,23.20524367955854,23.379579949703018,23.193314874196794,23.196067810058594,10400,0.0,0.0
2025-02-13 00:00:00-05:00,23.397934625777605,23.579612664398446,23.224515395778862,23.26947593688965,12000,0.0,0.0
2025-02-14 00:00:00-05:00,23.44380990910072,23.520886864924936,23.260297764579487,23.498865127563477,8200,0.0,0.0
2025-02-18 00:00:00-05:00,23.49886602606855,23.49886602606855,23.361229724767195,23.425460815429688,12300,0.0,0.0
2025-02-19 00:00:00-05:00,23.48968862922481,23.50620449427438,23.26947301162148,23.434635162353516,11300,0.0,0.0
2025-02-20 00:00:00-05:00,23.434634513944044,23.497027974640314,23.315349963885527,23.324525833129883,9500,0.0,0.0
2025-02-21 00:00:00-05:00,23.37958031332699,23.49702899458755,23.32452684558923,23.397932052612305,11100,0.0,0.0
2025-02-24 00:00:00-05:00,23.443810406533206,23.498865626164125,23.326363471604356,23.370405197143555,27000,0.0,0.0
2025-02-25 00:00:00-05:00,23.517213823839683,23.792484650663084,23.451150365506003,23.755781173706055,25400,0.0,0.0
2025-02-26 00:00:00-05:00,23.755784378042605,23.838365462216895,23.599798080170984,23.73743438720703,6700,0.0,0.0
2025-02-27 00:00:00-05:00,23.73743171019776,23.73743171019776,23.588785425424085,23.719079971313477,10000,0.0,0.0
2025-02-28 00:00:00-05:00,23.74660353379463,23.74660353379463,23.58144315015755,23.709901809692383,23300,0.0,0.0
2025-03-03 00:00:00-05:00,23.737432593487625,23.742019653320312,23.627323906202825,23.742019653320312,8000,0.0,0.0
2025-03-04 00:00:00-05:00,23.737430952867822,23.737430952867822,23.443808390441564,23.508039474487305,18900,0.0,0.0
2025-03-05 00:00:00-05:00,23.61814640404382,23.62732227319321,23.397930794812694,23.508039474487305,10600,0.0,0.0
2025-03-06 00:00:00-05:00,23.508040981976656,23.581446189760918,23.39793229524116,23.452985763549805,7400,0.0,0.0
2025-03-07 00:00:00-05:00,23.61814882338372,23.61814882338372,23.27865038066995,23.379581451416016,14600,0.0,0.0
2025-03-10 00:00:00-04:00,23.425459787812947,23.529143790109327,23.306175231933594,23.306175231933594,14500,0.0,0.0
2025-03-11 00:00:00-04:00,23.397930383431365,23.45206678537829,23.095133707297567,23.21441650390625,18700,0.0,0.0
2025-03-12 00:00:00-04:00,23.214416522941992,23.30800933662613,23.122661333222254,23.260295867919922,9400,0.0,0.0
2025-03-13 00:00:00-04:00,23.177719499626114,23.34288167482044,23.113490153743523,23.1868953704834,36300,0.0,0.0
2025-03-14 00:00:00-04:00,23.186892831244364,23.260298039945503,23.10431175269081,23.189645767211914,14500,0.0,0.0
2025-03-17 00:00:00-04:00,23.30617447921504,23.333702087402344,23.177715807910587,23.333702087402344,14800,0.0,0.0
2025-03-18 00:00:00-04:00,23.34287846684051,23.34287846684051,23.17771631434419,23.251121520996094,17300,0.0,0.0
2025-03-19 00:00:00-04:00,23.28782122154239,23.342876434326172,23.18689016500817,23.342876434326172,17000,0.0,0.0
2025-03-20 00:00:00-04:00,23.37040545178984,23.563095222361145,23.232770901449346,23.471338272094727,15200,0.0,0.0
2025-03-21 00:00:00-04:00,23.471337009549224,23.599795682941338,23.384168874050026,23.581445693969727,14000,0.0,0.0
2025-03-24 00:00:00-04:00,23.61814817725085,23.61814817725085,23.41628429116294,23.553918838500977,18600,0.0,0.0
2025-03-25 00:00:00-04:00,23.627323777826827,23.691553115844727,23.581446179276387,23.691553115844727,14200,0.0,0.0
2025-03-26 00:00:00-04:00,23.70072899611602,23.70072899611602,23.333702957194703,23.452985763549805,18400,0.0,0.0
2025-03-27 00:00:00-04:00,23.443807121329346,23.599793388188626,23.306172591775393,23.572267532348633,22900,0.0,0.0
2025-03-28 00:00:00-04:00,23.62732519000799,23.62732519000799,23.459410089069227,23.535568237304688,28800,0.0,0.0
2025-03-31 00:00:00-04:00,23.47133522824537,23.627321498433925,23.397930027575345,23.489686965942383,230700,0.0,0.0
2025-04-01 00:00:00-04:00,23.685666812682356,23.73232995239433,23.42436035036239,23.489686965942383,28700,0.43,0.0
2025-04-02 00:00:00-04:00,23.424362453386795,23.645540237426758,23.415029824606524,23.645540237426758,20000,0.0,0.0
2025-04-03 00:00:00-04:00,23.517687038002133,23.82565666868949,23.377699385857657,23.66700553894043,69000,0.0,0.0
2025-04-04 00:00:00-04:00,23.433692978304787,23.592344093291953,23.15371948008326,23.489686965942383,48900,0.0,0.0
2025-04-07 00:00:00-04:00,23.191051369700382,23.517686247023434,22.800955330605344,23.15372085571289,60600,0.0,0.0
2025-04-08 00:00:00-04:00,23.247047086878737,23.55501673007639,23.004404067993164,23.004404067993164,30500,0.0,0.0
2025-04-09 00:00:00-04:00,22.81775518576865,23.528884390809235,22.733763309108053,23.172386169433594,22300,0.0,0.0
2025-04-10 00:00:00-04:00,23.153722468701567,23.34970412075508,22.77296081159477,22.88308334350586,33000,0.0,0.0
2025-04-11 00:00:00-04:00,22.780426175305333,23.086530358899065,22.696434293100875,22.873750686645508,22800,0.0,0.0
2025-04-14 00:00:00-04:00,22.967073526733166,23.23771263190729,22.86441639372736,23.07906150817871,14400,0.0,0.0
2025-04-15 00:00:00-04:00,23.163055502572654,23.331039270120243,22.99507173502506,23.19105339050293,40600,0.0,0.0
2025-04-16 00:00:00-04:00,23.303041121099326,23.331039008715912,23.06039810180664,23.06039810180664,33300,0.0,0.0
2025-04-17 00:00:00-04:00,23.22838000345068,23.368367650282917,23.062263488963566,23.07906150817871,30800,0.0,0.0
2025-04-21 00:00:00-04:00,23.163055243050437,23.237714496677647,22.901748745363705,23.06039810180664,19500,0.0,0.0
2025-04-22 00:00:00-04:00,23.116392064245037,23.22838004589521,22.920410426331916,23.05106544494629,44100,0.0,0.0
2025-04-23 00:00:00-04:00,23.29370666519396,23.29370666519396,23.05106544494629,23.05106544494629,48200,0.0,0.0
2025-04-24 00:00:00-04:00,23.172386430259667,23.359035442721204,23.060396666779365,23.31330680847168,32400,0.0,0.0
2025-04-25 00:00:00-04:00,23.340372058084466,23.340372058084466,23.17238828939502,23.331039428710938,11400,0.0,0.0
2025-04-28 00:00:00-04:00,23.37770079556154,23.480357938653324,23.20038617751561,23.331039428710938,48200,0.0,0.0
2025-04-29 00:00:00-04:00,23.424362196198203,23.58207881480743,23.331037689437075,23.471023559570312,18400,0.0,0.0
2025-04-30 00:00:00-04:00,23.48968902695034,23.639007527096464,23.219048132924918,23.5830135345459,41300,0.0,0.0
2025-05-01 00:00:00-04:00,23.704334590793426,24.02163685452986,23.48968946532965,23.90031623840332,41100,0.0,0.0
2025-05-02 00:00:00-04:00,23.918978225825843,24.301608868267863,23.797657617258995,24.24561309814453,58200,0.0,0.0
2025-05-05 00:00:00-04:00,24.18028608570072,24.236280074894854,23.89098173151139,23.90964698791504,38400,0.0,0.0
2025-05-06 00:00:00-04:00,23.900314244944667,24.013236731622648,23.68566735736703,23.872316360473633,21400,0.0,0.0
2025-05-07 00:00:00-04:00,23.760326443030085,23.90964671252261,23.713665082575222,23.77899169921875,16000,0.0,0.0
2025-05-08 00:00:00-04:00,23.81632403987873,23.81632403987873,23.66700553894043,23.66700553894043,19100,0.0,0.0
2025-05-09 00:00:00-04:00,23.7043343837595,23.797658892281646,23.620342504091273,23.788326263427734,17100,0.0,0.0
2025-05-12 00:00:00-04:00,23.937644654384744,23.937644654384744,23.629675023697388,23.66700553894043,21300,0.0,0.0
2025-05-13 00:00:00-04:00,23.741664691730215,23.890983192054176,23.555015676316795,23.59234619140625,14100,0.0,0.0
2025-05-14 00:00:00-04:00,23.60167876393592,23.74166463515393,23.517686885201726,23.573680877685547,17300,0.0,0.0
2025-05-15 00:00:00-04:00,23.685668904080778,23.704334161613676,23.503687093177373,23.629674911499023,14400,0.0,0.0
2025-05-16 00:00:00-04:00,23.76966093687135,23.778993565698226,23.555015813904006,23.722999572753906,18300,0.0,0.0
2025-05-19 00:00:00-04:00,23.68566723921313,23.750995635986328,23.422493534558754,23.750995635986328,9100,0.0,0.0
2025-05-20 00:00:00-04:00,23.75099523750716,23.881648468827922,23.480354366894975,23.499019622802734,29400,0.0,0.0
2025-05-21 00:00:00-04:00,23.508353676075984,23.58301292421686,23.163053540913875,23.172386169433594,25700,0.0,0.0
2025-05-22 00:00:00-04:00,23.19105339050293,23.288110599307448,23.09772887741904,23.19105339050293,15000,0.0,0.0
2025-05-23 00:00:00-04:00,23.107061534168572,23.312374039183304,23.08839627552622,23.20038604736328,14900,0.0,0.0
2025-05-27 00:00:00-04:00,23.377699095474032,23.44302749633789,23.20971711901772,23.44302749633789,10000,0.0,0.0
2025-05-28 00:00:00-04:00,23.433694613607344,23.43462734246164,23.2563782303615,23.275043487548828,17700,0.0,0.0
2025-05-29 00:00:00-04:00,23.405696699389587,23.405696699389587,23.2377129449415,23.265710830688477,17700,0.0,0.0
2025-05-30 00:00:00-04:00,23.2750451527791,23.35903703611445,23.1070613861084,23.1070613861084,158800,0.0,0.0
2025-06-02 00:00:00-04:00,23.13505912445068,23.13505912445068,22.967075358865078,23.013736724853516,38000,0.0,0.0
2025-06-03 00:00:00-04:00,23.097728739945467,23.233981923031195,23.051067373689758,23.144390106201172,25800,0.0,0.0
2025-06-04 00:00:00-04:00,23.219049563831216,23.312374077178028,23.068798325554607,23.256380081176758,21700,0.0,0.0
2025-06-05 00:00:00-04:00,23.340370107687587,23.340370107687587,23.144388467254412,23.275043487548828,9100,0.0,0.0
2025-06-06 00:00:00-04:00,23.331037436511146,23.331037436511146,23.20971682504872,23.30303955078125,33500,0.0,0.0
2025-06-09 00:00:00-04:00,23.16305379444096,23.35716819773526,23.16305379444096,23.340370178222656,13200,0.0,0.0
2025-06-10 00:00:00-04:00,23.452358175550675,23.452358175550675,23.312372306173486,23.38703155517578,18900,0.0,0.0
2025-06-11 00:00:00-04:00,23.461692679906264,23.545684564250987,23.331039428710938,23.331039428710938,28700,0.0,0.0
2025-06-12 00:00:00-04:00,23.424364052639927,23.424364052639927,23.312374279647706,23.368370056152344,17100,0.0,0.0
2025-06-13 00:00:00-04:00,23.359037223859954,23.368369853196338,23.17238819716633,23.256380081176758,16200,0.0,0.0
2025-06-16 00:00:00-04:00,23.256380118898143,23.461692624580508,23.256380118898143,23.312374114990234,15700,0.0,0.0
2025-06-17 00:00:00-04:00,23.387033397371255,23.471025281616985,23.321706771850586,23.321706771850586,12900,0.0,0.0
2025-06-18 00:00:00-04:00,23.377700805664062,23.478492490934922,23.32170680941573,23.377700805664062,15200,0.0,0.0
2025-06-20 00:00:00-04:00,23.489686994848853,23.578344290385548,23.438358431110903,23.499019622802734,20300,0.0,0.0
2025-06-23 00:00:00-04:00,23.5736807650663,23.57741346054513,23.415029637105967,23.53635025024414,19500,0.0,0.0
2025-06-24 00:00:00-04:00,23.545682907104492,23.63900741425456,23.517686800971315,23.545682907104492,11100,0.0,0.0
2025-06-25 00:00:00-04:00,23.667003412265203,23.667003412265203,23.424360425039705,23.55501365661621,18800,0.0,0.0
2025-06-26 00:00:00-04:00,23.62034229770641,23.629674926478774,23.517686941244268,23.59234619140625,18300,0.0,0.0
2025-06-27 00:00:00-04:00,23.62967282504476,23.62967282504476,23.489686965942383,23.489686965942383,22100,0.0,0.0
2025-06-30 00:00:00-04:00,23.68567001844091,23.68567001844091,23.06039810180664,23.06039810180664,230100,0.0,0.0
2025-07-01 00:00:00-04:00,23.28834330458861,23.440306245275885,23.225658546266583,23.421310424804688,70500,0.43,0.0
2025-07-02 00:00:00-04:00,23.440304884622527,23.706239109617833,23.364323418689434,23.69674301147461,59100,0.0,0.0
2025-07-03 00:00:00-04:00,23.725234812242064,23.84870582598893,23.696742894870503,23.829710006713867,16800,0.0,0.0
2025-07-07 00:00:00-04:00,23.80121797836723,23.829711709315664,23.712889042814137,23.77272605895996,18800,0.0,0.0
2025-07-08 00:00:00-04:00,23.83920949387808,23.91519096446526,23.753730113024854,23.90569305419922,13900,0.0,0.0
2025-07-09 00:00:00-04:00,23.915189208938504,24.000668583516998,23.886695480231996,23.934185028076172,18300,0.0,0.0
2025-07-10 00:00:00-04:00,23.95317998522535,24.02916145324707,23.89904389123205,24.02916145324707,20500,0.0,0.0
2025-07-11 00:00:00-04:00,23.89619567964401,24.019666704329403,23.839210028311392,23.88669776916504,17500,0.0,0.0
2025-07-14 00:00:00-04:00,23.89619567964401,23.905693590122976,23.772726466499805,23.88669776916504,13400,0.0,0.0
2025-07-15 00:00:00-04:00,23.943682883722236,24.010168255584528,23.80311815948358,23.90569305419922,25800,0.0,0.0
2025-07-16 00:00:00-04:00,23.972177151934563,23.972177151934563,23.829712117832422,23.88669776916504,13300,0.0,0.0
2025-07-17 00:00:00-04:00,23.924688724004657,23.946532287091898,23.858205164102365,23.877199172973633,14900,0.0,0.0
2025-07-18 00:00:00-04:00,23.92468961468919,23.953181534827376,23.896195883009792,23.943683624267578,18800,0.0,0.0
2025-07-21 00:00:00-04:00,23.96267936457083,23.98167518562636,23.89619580241766,23.90094566345215,21000,0.0,0.0
2025-07-22 00:00:00-04:00,24.000670700934116,24.000670700934116,23.856305361217075,23.991172790527344,9200,0.0,0.0
2025-07-23 00:00:00-04:00,23.99117067394816,24.00636588002548,23.934185028076172,23.934185028076172,12600,0.0,0.0
2025-07-24 00:00:00-04:00,23.9721757745066,24.019665324172717,23.867700576782227,23.867700576782227,17900,0.0,0.0
2025-07-25 00:00:00-04:00,23.991173143478157,24.20012174087758,23.868653177048333,24.07665252685547,25200,0.0,0.0
2025-07-28 00:00:00-04:00,24.181125919784577,24.190623830331077,24.057656705762465,24.07665252685547,7600,0.0,0.0
2025-07-29 00:00:00-04:00,24.200118961503748,24.21911478041509,24.057653942750683,24.171627044677734,8600,0.0,0.0
2025-07-30 00:00:00-04:00,24.190621970188147,24.247609429085095,23.953179659407393,24.10514259338379,9900,0.0,0.0
2025-07-31 00:00:00-04:00,23.991172306904655,24.33308982849121,23.991172306904655,24.33308982849121,55900,0.0,0.0
2025-08-01 00:00:00-04:00,24.304596250490828,24.304596250490828,24.1431353988988,24.21436882019043,14400,0.0,0.0
2025-08-04 00:00:00-04:00,24.266603143915386,24.34258460998535,24.219115406949552,24.34258460998535,14200,0.0,0.0
2025-08-05 00:00:00-04:00,24.342585625181293,24.437562914614993,24.26660415594256,24.27610206604004,24100,0.0,0.0
2025-08-06 00:00:00-04:00,24.361581029856822,24.399572669598754,24.16213035583496,24.16213035583496,12900,0.0,0.0
2025-08-07 00:00:00-04:00,24.295099239526696,24.364432356713316,24.133638381958008,24.133638381958008,13300,0.0,0.0
2025-08-08 00:00:00-04:00,24.30459478272089,24.34258460998535,24.204869448168008,24.34258460998535,6700,0.0,0.0
2025-08-11 00:00:00-04:00,24.342584880766868,24.342584880766868,24.209617766550593,24.23811149597168,6000,0.0,0.0
2025-08-12 00:00:00-04:00,24.314092962886846,24.409070249416068,24.23811149597168,24.23811149597168,8200,0.0,0.0
2025-08-13 00:00:00-04:00,24.390075533078154,24.390075533078154,24.238112592373835,24.361581802368164,12500,0.0,0.0
2025-08-14 00:00:00-04:00,24.36158213361674,24.36158213361674,24.152633540192475,24.285600662231445,6700,0.0,0.0
2025-08-15 00:00:00-04:00,24.361580733157293,24.442312060855123,24.314092995599324,24.399572372436523,13900,0.0,0.0
2025-08-18 00:00:00-04:00,24.428066402964053,24.466058045528907,24.371080750657992,24.456560134887695,14900,0.0,0.0
2025-08-19 00:00:00-04:00,24.466056700385707,24.608521729088746,24.41856714979061,24.599023818969727,16200,0.0,0.0
2025-08-20 00:00:00-04:00,24.656009139121895,24.675004959106445,24.551535752289073,24.675004959106445,9600,0.0,0.0
2025-08-21 00:00:00-04:00,24.67500561969549,24.67500561969549,24.466057028894863,24.523042678833008,15100,0.0,0.0
2025-08-22 00:00:00-04:00,24.618020881298982,24.826969479836436,24.599025060102516,24.750988006591797,7200,0.0,0.0
2025-08-25 00:00:00-04:00,24.769983754166415,25.097653516896038,24.41856830924118,24.56103515625,23700,0.0,0.0
2025-08-26 00:00:00-04:00,24.665506601226863,24.665506601226863,24.3710786429771,24.399572372436523,9200,0.0,0.0
2025-08-27 00:00:00-04:00,24.55153605226362,24.55153605226362,24.314093734178943,24.437562942504883,8600,0.0,0.0
2025-08-28 00:00:00-04:00,24.542037420264858,24.542037420264858,24.24760946173181,24.266603469848633,21600,0.0,0.0
2025-08-29 00:00:00-04:00,24.447059889408518,24.46700495638783,23.943681542747115,24.04815673828125,86100,0.0,0.0
2025-09-02 00:00:00-04:00,24.010166737741397,24.219115315761822,23.934185271957514,24.152631759643555,18600,0.0,0.0
2025-09-03 00:00:00-04:00,24.209617406096207,24.247609044758672,24.048156564862822,24.152631759643555,11900,0.0,0.0
2025-09-04 00:00:00-04:00,24.17163052446892,24.352085395482277,24.105145148707873,24.24761199951172,19600,0.0,0.0
2025-09-05 00:00:00-04:00,24.361581296202267,24.656009261256848,24.314093557546762,24.542037963867188,23000,0.0,0.0
2025-09-08 00:00:00-04:00,24.542037277449456,24.675004391198797,24.513543548128432,24.53253936767578,17000,0.0,0.0
2025-09-09 00:00:00-04:00,24.513544589610007,24.675005439540193,24.513544589610007,24.627517700195312,9000,0.0,0.0
2025-09-10 00:00:00-04:00,24.665507200130325,24.77948030919433,24.504046352355303,24.70349884033203,5900,0.0,0.0
2025-09-11 00:00:00-04:00,24.71299675038246,24.85546177805663,24.675005110180752,24.70349884033203,12200,0.0,0.0
2025-09-12 00:00:00-04:00,24.86496010157893,24.89345202066288,24.710147607110763,24.81747055053711,34300,0.0,0.0
2025-09-15 00:00:00-04:00,24.855461600065293,24.855461600065293,24.6940007534465,24.807973861694336,5400,0.0,0.0
2025-09-16 00:00:00-04:00,24.855462878140905,24.8744586990825,24.722495754632135,24.826969146728516,19300,0.0,0.0
2025-09-17 00:00:00-04:00,24.836466370953836,24.836466370953836,24.741489080411338,24.81747055053711,9800,0.0,0.0
2025-09-18 00:00:00-04:00,24.87445813734165,24.87445813734165,24.647462973377067,24.68450355529785,19600,0.0,0.0
2025-09-19 00:00:00-04:00,24.864959479937124,24.864959479937124,24.551535697061492,24.646512985229492,9100,0.0,0.0
2025-09-22 00:00:00-04:00,24.78897705106595,24.78897705106595,24.551534745618078,24.741487503051758,12200,0.0,0.0
2025-09-23 00:00:00-04:00,24.769982936063446,24.77948084631975,24.536339416073563,24.68450355529785,24300,0.0,0.0
2025-09-24 00:00:00-04:00,24.68450214794923,24.68450214794923,24.44705983970246,24.504045486450195,13900,0.0,0.0
2025-09-25 00:00:00-04:00,24.589526365171086,24.641763966024527,24.33213897425491,24.39007568359375,25700,0.0,0.0
2025-09-26 00:00:00-04:00,24.390075353936382,24.589526032817933,24.390075353936382,24.46605682373047,11600,0.0,0.0
2025-09-29 00:00:00-04:00,24.47555488450536,24.547737552985083,24.47555488450536,24.494550704956055,8700,0.0,0.0
2025-09-30 00:00:00-04:00,24.52304229395121,24.52304229395121,24.23811223719123,24.27610206604004,75500,0.0,0.0
2025-10-01 00:00:00-04:00,24.430667140829954,24.58523032284664,24.385263307875046,24.536928176879883,22400,0.43,0.0
2025-10-02 00:00:00-04:00,24.527267385792843,24.57170572793428,24.440325366873957,24.459646224975586,13500,0.0,0.0
2025-10-03 00:00:00-04:00,24.469307528658938,24.564944489903546,24.421007224216858,24.488628387451172,12900,0.0,0.0
2025-10-06 00:00:00-04:00,24.372704275875773,24.55624874329015,24.372704275875773,24.527267456054688,9300,0.0,0.0
2025-10-07 00:00:00-04:00,24.585230392056364,24.604549407958984,24.486695119529873,24.604549407958984,24800,0.0,0.0
2025-10-08 00:00:00-04:00,24.623870489631585,24.623870489631585,24.51181282622662,24.546588897705078,10800,0.0,0.0
2025-10-09 00:00:00-04:00,24.61420954534581,24.633530403557828,24.498288081150598,24.59488868713379,23000,0.0,0.0
2025-10-10 00:00:00-04:00,24.662512859125428,24.768773899248153,24.498289241620988,24.63353157043457,22800,0.0,0.0
2025-10-13 00:00:00-04:00,24.77843248237659,24.77843248237659,24.49828741606161,24.70115089416504,11800,0.0,0.0
2025-10-14 00:00:00-04:00,24.70115257729409,24.76877374126958,24.59488969531058,24.759113311767578,9500,0.0,0.0
2025-10-15 00:00:00-04:00,24.83639535720002,24.83639535720002,24.54658983702036,24.643192291259766,10100,0.0,0.0
2025-10-16 00:00:00-04:00,24.81707405286261,24.81707405286261,24.527266716857458,24.565908432006836,15300,0.0,0.0
2025-10-17 00:00:00-04:00,24.70115135247833,24.70115135247833,24.363043706827522,24.392024993896484,36700,0.0,0.0
2025-10-20 00:00:00-04:00,24.623870246964085,24.820938949323043,24.488627923060132,24.797754287719727,22300,0.0,0.0
2025-10-21 00:00:00-04:00,24.83639312911944,24.923335145881452,24.82673454284668,24.82673454284668,33300,0.0,0.0
2025-10-22 00:00:00-04:00,24.913676397983725,24.913676397983725,24.42100558704126,24.550451278686523,20700,0.0,0.0
2025-10-23 00:00:00-04:00,24.633529883706466,24.734961623371333,24.478966706349027,24.57556915283203,9400,0.0,0.0
2025-10-24 00:00:00-04:00,24.67217367548064,24.68183226265714,24.478968766256425,24.517608642578125,13400,0.0,0.0
2025-10-27 00:00:00-04:00,24.797754532100846,24.797754532100846,24.47220561882486,24.546588897705078,19900,0.0,0.0
2025-10-28 00:00:00-04:00,24.759110810696694,24.759110810696694,24.56590776778885,24.672170639038086,11500,0.0,0.0
2025-10-29 00:00:00-04:00,24.672172119981866,24.701151564761442,24.536927955036184,24.59488868713379,15800,0.0,0.0
2025-10-30 00:00:00-04:00,24.691492597110187,24.691492597110187,24.536929407342562,24.643192291259766,12300,0.0,0.0
2025-10-31 00:00:00-04:00,24.672172683051187,24.807415008544922,24.459646922945613,24.807415008544922,41300,0.0,0.0
2025-11-03 00:00:00-05:00,24.63352892493351,24.672170639038086,24.488626182118043,24.672170639038086,12900,0.0,0.0
2025-11-04 00:00:00-05:00,24.48862910149214,24.74945517517697,24.48862910149214,24.643192291259766,15200,0.0,0.0
2025-11-05 00:00:00-05:00,24.527268107307734,24.691491720925633,24.488628232506255,24.61421012878418,19000,0.0,0.0
2025-11-06 00:00:00-05:00,24.6238695160414,24.73399619475359,24.51760664039199,24.538860321044922,12000,0.0,0.0
2025-11-07 00:00:00-05:00,24.536927522031753,24.57267092483938,24.430666488817746,24.44998550415039,27200,0.0,0.0
2025-11-10 00:00:00-05:00,24.53692846839695,24.730133369482463,24.44998644716232,24.546588897705078,15900,0.0,0.0
2025-11-11 00:00:00-05:00,24.633530403557828,24.74945371029149,24.536927955036184,24.59488868713379,8600,0.0,0.0
2025-11-12 00:00:00-05:00,24.61421012878418,24.64319141678916,24.54658896597772,24.61421012878418,8600,0.0,0.0
2025-11-13 00:00:00-05:00,24.643192386335436,24.643192386335436,24.421008030504588,24.517608642578125,12500,0.0,0.0
2025-11-14 00:00:00-05:00,24.53692891645002,24.53692891645002,24.421007447712736,24.430667877197266,17500,0.0,0.0
2025-11-17 00:00:00-05:00,24.488628027039915,24.536928330771136,24.208481106291096,24.411346435546875,25300,0.0,0.0
2025-11-18 00:00:00-05:00,24.411346504196715,24.49828852518819,24.305083624643018,24.478967666625977,15700,0.0,0.0
2025-11-19 00:00:00-05:00,24.62386916219251,24.662510877341887,24.392024398911424,24.565908432006836,14200,0.0,0.0
2025-11-20 00:00:00-05:00,24.585230683317693,24.652851846124154,24.367875629626575,24.61421012878418,29000,0.0,0.0
2025-11-21 00:00:00-05:00,24.63352892493351,24.730131367656607,24.353382025290372,24.672170639038086,13900,0.0,0.0
2025-11-24 00:00:00-05:00,24.739794068877426,24.826736091061214,24.55238579183853,24.749454498291016,12600,0.0,0.0
2025-11-25 00:00:00-05:00,24.865375810271008,24.875036239624023,24.73013348440576,24.875036239624023,10300,0.0,0.0
2025-11-26 00:00:00-05:00,24.88469615497728,24.923336029052734,24.71081211529158,24.923336029052734,9900,0.0,0.0
2025-11-28 00:00:00-05:00,24.942656887359693,24.942656887359693,24.71081211529158,24.923336029052734,11900,0.0,0.0
2025-12-01 00:00:00-05:00,24.79775325641321,24.923335145881452,24.701150810840037,24.82673454284668,10100,0.0,0.0
2025-12-02 00:00:00-05:00,24.942657402556648,24.942657402556648,24.784230414751857,24.875036239624023,5900,0.0,0.0
2025-12-03 00:00:00-05:00,24.96197796865813,24.981298827137685,24.720472765279116,24.865375518798828,15800,0.0,0.0
2025-12-04 00:00:00-05:00,24.913677215576172,24.9716379474308,24.749453606539358,24.913677215576172,10200,0.0,0.0
2025-12-05 00:00:00-05:00,24.904018383619896,25.06824200318847,24.730134334366284,24.773605346679688,14200,0.0,0.0
2025-12-08 00:00:00-05:00,24.894357254417823,24.894357254417823,24.652852046693642,24.749454498291016,14800,0.0,0.0
2025-12-09 00:00:00-05:00,24.759114346891792,24.792926772831688,24.643192873098386,24.662513732910156,11200,0.0,0.0
2025-12-10 00:00:00-05:00,24.797753483263534,24.836393356323242,24.652850734847405,24.836393356323242,8100,0.0,0.0
2025-12-11 00:00:00-05:00,24.865374935174504,24.865374935174504,24.768772487582595,24.846054077148438,9900,0.0,0.0
2025-12-12 00:00:00-05:00,24.826735239798698,24.904982320065756,24.677001352829937,24.85088539123535,15000,0.0,0.0
2025-12-15 00:00:00-05:00,24.961977382766417,24.971637811779452,24.730132614068893,24.846054077148438,14300,0.0,0.0
2025-12-16 00:00:00-05:00,24.87503630758575,24.961978329461946,24.846055019447515,24.942657470703125,10700,0.0,0.0
2025-12-17 00:00:00-05:00,24.94265866664769,24.94265866664769,24.788095474243164,24.788095474243164,9800,0.0,0.0
2025-12-18 00:00:00-05:00,24.86537522710008,25.087559569393072,24.74945376265959,24.855714797973633,17100,0.0,0.0
2025-12-19 00:00:00-05:00,24.865374643021834,25.09721940899533,24.778432625464475,24.836393356323242,12800,0.0,0.0
2025-12-22 00:00:00-05:00,24.846053265575566,24.923334852617078,24.797752964626515,24.817073822021484,11100,0.0,0.0
2025-12-23 00:00:00-05:00,24.923335084446613,24.923335084446613,24.488626844246475,24.565908432006836,29300,0.0,0.0
2025-12-24 00:00:00-05:00,24.56590857542942,24.70115089416504,24.56590857542942,24.70115089416504,13000,0.0,0.0
2025-12-26 00:00:00-05:00,24.82673480586308,24.82673480586308,24.63352991266991,24.705982208251953,7000,0.0,0.0
2025-12-29 00:00:00-05:00,24.643192291259766,24.768774191994,24.643192291259766,24.643192291259766,5100,0.0,0.0
2025-12-30 00:00:00-05:00,24.68183073279966,24.778433181424045,24.68183073279966,24.72530174255371,12800,0.0,0.0
2025-12-31 00:00:00-05:00,24.759692214362587,24.94637107849121,24.68109009419728,24.94637107849121,48200,0.43,0.0
2026-01-02 00:00:00-05:00,24.828468786348118,24.975847527114972,24.820607262531414,24.897245407104492,16300,0.0,0.0
2026-01-05 00:00:00-05:00,24.877595107007522,25.05346836275544,24.798992984790374,24.838294982910156,19500,0.0,0.0
2026-01-06 00:00:00-05:00,25.03479867329791,25.03479867329791,24.818643311561583,24.92180824279785,21600,0.0,0.0
2026-01-07 00:00:00-05:00,25.03479864861724,25.05444964712545,24.828468786348118,24.897245407104492,17900,0.0,0.0
2026-01-08 00:00:00-05:00,25.034799065034026,25.044624564451563,24.90707132065082,24.91689682006836,10000,0.0,0.0
2026-01-09 00:00:00-05:00,24.90707123887412,24.945389374661033,24.838294617199562,24.867769241333008,22900,0.0,0.0
2026-01-12 00:00:00-05:00,24.867769607477577,25.0053247268744,24.838294982910156,24.838294982910156,12400,0.0,0.0
2026-01-13 00:00:00-05:00,24.926722652492078,25.015148400386444,24.779342033282486,24.887420654296875,15300,0.0,0.0
2026-01-14 00:00:00-05:00,24.897244794918873,25.00532341003418,24.82846817585361,25.00532341003418,20500,0.0,0.0
2026-01-15 00:00:00-05:00,25.074101464614362,25.270605834047686,24.938512194110345,25.260780334472656,41400,0.0,0.0
2026-01-16 00:00:00-05:00,25.260779025521092,25.42780876159668,25.22147890327983,25.42780876159668,27600,0.0,0.0
2026-01-20 00:00:00-05:00,25.35903345620053,25.35903345620053,25.096698427016747,25.260780334472656,17900,0.0,0.0
2026-01-21 00:00:00-05:00,25.339384078979492,25.349207704434367,25.182177961365433,25.339384078979492,12800,0.0,0.0
2026-01-22 00:00:00-05:00,25.339383664648864,25.345277465020935,25.280430668749144,25.319732666015625,12900,0.0,0.0
2026-01-23 00:00:00-05:00,25.309907652289326,25.43763539781119,25.290256653279066,25.41307258605957,14200,0.0,0.0
2026-01-26 00:00:00-05:00,25.44745965910313,25.44745965910313,25.319731919796197,25.329557418823242,10600,0.0,0.0
2026-01-27 00:00:00-05:00,25.408160416770443,25.43763504084981,25.309907297120326,25.417985916137695,7600,0.0,0.0
2026-01-28 00:00:00-05:00,25.437635361745276,25.437635361745276,25.290256617422106,25.30892562866211,10400,0.0,0.0
2026-01-29 00:00:00-05:00,25.427809095287145,25.427809095287145,25.03479849760542,25.074100494384766,25700,0.0,0.0
2026-01-30 00:00:00-05:00,25.044623397302487,25.10259252934876,24.84811904017656,24.90707015991211,59000,0.0,0.0
2026-02-02 00:00:00-05:00,24.985673157920722,25.201828520582026,24.985673157920722,24.995498657226562,9500,0.0,0.0
2026-02-03 00:00:00-05:00,25.03479864861724,25.103575269373614,24.759692165591744,24.897245407104492,39100,0.0,0.0
2026-02-04 00:00:00-05:00,24.897244992321454,24.946370613751196,24.789166376349225,24.877593994140625,13300,0.0,0.0
2026-02-05 00:00:00-05:00,24.857942665113896,24.965039291958384,24.818642543297635,24.90707015991211,22300,0.0,0.0
2026-02-06 00:00:00-05:00,24.946370146434415,24.956195645340767,24.789165911977328,24.80881690979004,50600,0.0,0.0
2026-02-09 00:00:00-05:00,24.848119090568197,25.034797949113063,24.798991595670355,24.956195831298828,27700,0.0,0.0
2026-02-10 00:00:00-05:00,25.00532341003418,25.024972534036884,24.857942798868827,25.00532341003418,8800,0.0,0.0
2026-02-11 00:00:00-05:00,25.034799113488564,25.054450112361675,24.956196992018523,24.966022491455078,10800,0.0,0.0
2026-02-12 00:00:00-05:00,24.97584757631159,25.074100695023816,24.936545579217753,24.94637107849121,18300,0.0,0.0
2026-02-13 00:00:00-05:00,25.08392552811195,25.152702147177212,24.975846912996644,25.00532341003418,14700,0.0,0.0
2026-02-17 00:00:00-05:00,25.103574752807617,25.15270224806723,24.966021514125355,25.103574752807617,21200,0.0,0.0
2026-02-18 00:00:00-05:00,25.152703410988664,25.22540985850764,25.054450289949088,25.113401412963867,9200,0.0,0.0
2026-02-19 00:00:00-05:00,25.19200325012207,25.241130747097536,25.093752004215922,25.19200325012207,9000,0.0,0.0
2026-02-20 00:00:00-05:00,25.221479001137727,25.221479001137727,25.08883757426697,25.201828002929688,12600,0.0,0.0
2026-02-23 00:00:00-05:00,25.201828368223786,25.25095586445597,25.103575249781777,25.172353744506836,15900,0.0,0.0
2026-02-24 00:00:00-05:00,25.211653035935772,25.211653035935772,25.05543078890798,25.1330509185791,12300,0.0,0.0
2026-02-25 00:00:00-05:00,25.21165373506778,25.22147923426262,25.06427499518993,25.074100494384766,11900,0.0,0.0
2026-02-26 00:00:00-05:00,25.16252886242904,25.19200348686892,25.005324618674976,25.06427574157715,11700,0.0,0.0
2026-02-27 00:00:00-05:00,25.054449346981738,25.25095558166504,24.936545231367287,25.25095558166504,59100,0.0,0.0
2026-03-02 00:00:00-05:00,25.152703126564088,25.23818290987677,25.08097866760006,25.19200325012207,7800,0.0,0.0
2026-03-03 00:00:00-05:00,25.14287808761715,25.260780334472656,25.101612113815477,25.260780334472656,12500,0.0,0.0
2026-03-04 00:00:00-05:00,25.270604905939337,25.270604905939337,25.083926042937158,25.123226165771484,36500,0.0,0.0
2026-03-05 00:00:00-05:00,25.123225650139677,25.191020281510383,25.00532341003418,25.00532341003418,15100,0.0,0.0
2026-03-06 00:00:00-05:00,25.02006180134493,25.02006180134493,24.966022491455078,24.966022491455078,15700,0.0,0.0
2026-03-09 00:00:00-04:00,25.01514718302917,25.01514718302917,24.828468322753906,24.828468322753906,14700,0.0,0.0
2026-03-10 00:00:00-04:00,24.867768445014157,25.05248332988869,24.808817324612615,24.828468322753906,18100,0.0,0.0
2026-03-11 00:00:00-04:00,24.975846875083747,25.02399050835635,24.661438403249925,24.681089401245117,16100,0.0,0.0
2026-03-12 00:00:00-04:00,24.710564820509997,24.808817939629837,24.622137200704376,24.72039031982422,20600,0.0,0.0
2026-03-13 00:00:00-04:00,24.779341392635246,24.857943512971044,24.6712646484375,24.6712646484375,18700,0.0,0.0
2026-03-16 00:00:00-04:00,24.69091377300467,24.857943512971044,24.602488027396472,24.6712646484375,19300,0.0,0.0
2026-03-17 00:00:00-04:00,24.710564024215593,24.77934064317645,24.602487283286663,24.681089401245117,34600,0.0,0.0
2026-03-18 00:00:00-04:00,24.681090813814095,24.7989930604885,24.58283769223714,24.61231231689453,18500,0.0,0.0
2026-03-19 00:00:00-04:00,24.60248822879517,24.828469092357707,24.464933111564697,24.543535232543945,39700,0.0,0.0
2026-03-20 00:00:00-04:00,24.671265294547265,24.671265294547265,24.21144203523056,24.28807830810547,46600,0.0,0.0
2026-03-23 00:00:00-04:00,24.582836747540412,24.838294104214523,24.582836747540412,24.749866485595703,30900,0.0,0.0
2026-03-24 00:00:00-04:00,24.67126376759648,24.80881700476746,24.543534155347164,24.582836151123047,12300,0.0,0.0
2026-03-25 00:00:00-04:00,24.916895975128153,24.916895975128153,24.671264120086345,24.798009872436523,8100,0.0,0.0
2026-03-26 00:00:00-04:00,24.661439173576273,24.730215794685442,24.661439173576273,24.69582748413086,10900,0.0,0.0
2026-03-27 00:00:00-04:00,24.69091423539421,24.769516357202004,24.69091423539421,24.740041732788086,13300,0.0,0.0
2026-03-30 00:00:00-04:00,24.710565152945545,24.83829477172642,24.690914154052734,24.690914154052734,12700,0.0,0.0
2026-03-31 00:00:00-04:00,24.70073863623258,24.818642750711327,24.18000030517578,24.18000030517578,175800,0.0,0.0
2026-04-01 00:00:00-04:00,24.360000610351562,24.889999389648438,24.360000610351562,24.509000778198242,61300,0.43,0.0
2026-04-02 00:00:00-04:00,24.399999618530273,24.60099983215332,24.309999465942383,24.5,26200,0.0,0.0
2026-04-06 00:00:00-04:00,24.5,24.719999313354492,24.479999542236328,24.65999984741211,31000,0.0,0.0
2026-04-07 00:00:00-04:00,24.56999969482422,24.760000228881836,24.520000457763672,24.729999542236328,35300,0.0,0.0
2026-04-08 00:00:00-04:00,24.829999923706055,24.989999771118164,24.799999237060547,24.84000015258789,17000,0.0,0.0
2026-04-09 00:00:00-04:00,24.93000030517578,25.079999923706055,24.735000610351562,25.079999923706055,33900,0.0,0.0
2026-04-10 00:00:00-04:00,25.110000610351562,25.399999618530273,24.989999771118164,25.309999465942383,48300,0.0,0.0
2026-04-13 00:00:00-04:00,25.309999465942383,25.389999389648438,25.25,25.290000915527344,10300,0.0,0.0
2026-04-14 00:00:00-04:00,25.399999618530273,25.56999969482422,25.329999923706055,25.56999969482422,15000,0.0,0.0
2026-04-15 00:00:00-04:00,25.59000015258789,25.59000015258789,25.450000762939453,25.540000915527344,13200,0.0,0.0
2026-04-16 00:00:00-04:00,25.559999465942383,25.559999465942383,25.420000076293945,25.420000076293945,10400,0.0,0.0
2026-04-17 00:00:00-04:00,25.559999465942383,25.649999618530273,25.3700008392334,25.489999771118164,17400,0.0,0.0
2026-04-20 00:00:00-04:00,25.459999084472656,25.584999084472656,25.3700008392334,25.514999389648438,8200,0.0,0.0
2026-04-21 00:00:00-04:00,25.579999923706055,25.579999923706055,25.3700008392334,25.440000534057617,7400,0.0,0.0
2026-04-22 00:00:00-04:00,25.549999237060547,25.549999237060547,25.299999237060547,25.472999572753906,17200,0.0,0.0
2026-04-23 00:00:00-04:00,25.530000686645508,25.600000381469727,25.399999618530273,25.549999237060547,10600,0.0,0.0
2026-04-24 00:00:00-04:00,25.440000534057617,25.56999969482422,25.38599967956543,25.469999313354492,11800,0.0,0.0
2026-04-27 00:00:00-04:00,25.56999969482422,25.600000381469727,25.450000762939453,25.530000686645508,11500,0.0,0.0
2026-04-28 00:00:00-04:00,25.559999465942383,25.559999465942383,25.385000228881836,25.479999542236328,6400,0.0,0.0
2026-04-29 00:00:00-04:00,25.540000915527344,25.549999237060547,25.399999618530273,25.469999313354492,9600,0.0,0.0
2026-04-30 00:00:00-04:00,25.530000686645508,25.600000381469727,25.399999618530273,25.600000381469727,19800,0.0,0.0
2026-05-01 00:00:00-04:00,25.600000381469727,25.600000381469727,25.50200080871582,25.549999237060547,6500,0.0,0.0
2026-05-04 00:00:00-04:00,25.540000915527344,25.600000381469727,25.40999984741211,25.461000442504883,10100,0.0,0.0
2026-05-05 00:00:00-04:00,25.549999237060547,25.56999969482422,25.459999084472656,25.459999084472656,17000,0.0,0.0
2026-05-06 00:00:00-04:00,25.549999237060547,25.6299991607666,25.459999084472656,25.459999084472656,13900,0.0,0.0
2026-05-07 00:00:00-04:00,25.489999771118164,25.50200080871582,25.3799991607666,25.3799991607666,13100,0.0,0.0
2026-05-08 00:00:00-04:00,25.5,25.5,25.3700008392334,25.5,14900,0.0,0.0
2026-05-11 00:00:00-04:00,25.5,25.610000610351562,25.479999542236328,25.59000015258789,18600,0.0,0.0
2026-05-12 00:00:00-04:00,25.579999923706055,25.6200008392334,25.475000381469727,25.6200008392334,12700,0.0,0.0
2026-05-13 00:00:00-04:00,25.540000915527344,25.583999633789062,25.450000762939453,25.454999923706055,16300,0.0,0.0
2026-05-14 00:00:00-04:00,25.43000030517578,25.5,25.329999923706055,25.405000686645508,26300,0.0,0.0
2026-05-15 00:00:00-04:00,25.329999923706055,25.329999923706055,25.18000030517578,25.229999542236328,14300,0.0,0.0
2026-05-18 00:00:00-04:00,25.3700008392334,25.3700008392334,25.139999389648438,25.190000534057617,12200,0.0,0.0
2026-05-19 00:00:00-04:00,25.25,25.25,25.0,25.010000228881836,17400,0.0,0.0
2026-05-20 00:00:00-04:00,25.1299991607666,25.18000030517578,25.010000228881836,25.139999389648438,19000,0.0,0.0
2026-05-21 00:00:00-04:00,25.219999313354492,25.219999313354492,25.010000228881836,25.030000686645508,17300,0.0,0.0
2026-05-22 00:00:00-04:00,25.15999984741211,25.18000030517578,25.0,25.100000381469727,13900,0.0,0.0
2026-05-26 00:00:00-04:00,25.229999542236328,25.25,25.083999633789062,25.117000579833984,12400,0.0,0.0
2026-05-27 00:00:00-04:00,25.270000457763672,25.399999618530273,25.149999618530273,25.290000915527344,15100,0.0,0.0
2026-05-28 00:00:00-04:00,25.290000915527344,25.399999618530273,25.200000762939453,25.399999618530273,21600,0.0,0.0
2026-05-29 00:00:00-04:00,25.3700008392334,25.399999618530273,25.1299991607666,25.1299991607666,27900,0.0,0.0
2026-06-01 00:00:00-04:00,25.139999389648438,25.229999542236328,25.1200008392334,25.190000534057617,12500,0.0,0.0
2026-06-02 00:00:00-04:00,25.270000457763672,25.270000457763672,25.06999969482422,25.149999618530273,11700,0.0,0.0
2026-06-03 00:00:00-04:00,25.209999084472656,25.209999084472656,25.049999237060547,25.09000015258789,7700,0.0,0.0
2026-06-04 00:00:00-04:00,25.1200008392334,25.309999465942383,25.100000381469727,25.139999389648438,13900,0.0,0.0
2026-06-05 00:00:00-04:00,25.149999618530273,25.309999465942383,25.149999618530273,25.190000534057617,11700,0.0,0.0
2026-06-08 00:00:00-04:00,25.149999618530273,25.283000946044922,25.149999618530273,25.18000030517578,8500,0.0,0.0
2026-06-09 00:00:00-04:00,25.290000915527344,25.29599952697754,25.177000045776367,25.19499969482422,5500,0.0,0.0
2026-06-10 00:00:00-04:00,25.25,25.25,25.110000610351562,25.110000610351562,7000,0.0,0.0
2026-06-11 00:00:00-04:00,25.18000030517578,25.209999084472656,25.040000915527344,25.1299991607666,36300,0.0,0.0
2026-06-12 00:00:00-04:00,25.135000228881836,25.200000762939453,25.08340072631836,25.110000610351562,8202,0.0,0.0
