Date,Open,High,Low,Close,Volume,Dividends,Stock Splits
2022-01-03 00:00:00-05:00,4.800000190734863,4.849999904632568,4.78000020980835,4.800000190734863,96700,0.0,0.0
2022-01-04 00:00:00-05:00,4.789999961853027,4.789999961853027,4.599999904632568,4.670000076293945,24800,0.0,0.0
2022-01-05 00:00:00-05:00,4.809999942779541,4.869999885559082,4.760000228881836,4.789999961853027,22200,0.0,0.0
2022-01-06 00:00:00-05:00,4.730000019073486,4.730000019073486,4.539999961853027,4.570000171661377,28700,0.0,0.0
2022-01-07 00:00:00-05:00,4.639999866485596,4.670000076293945,4.5,4.53000020980835,23700,0.0,0.0
2022-01-10 00:00:00-05:00,4.619999885559082,4.639999866485596,4.505000114440918,4.559999942779541,32100,0.0,0.0
2022-01-11 00:00:00-05:00,4.610000133514404,4.695000171661377,4.579999923706055,4.630000114440918,55400,0.0,0.0
2022-01-12 00:00:00-05:00,4.710000038146973,4.71999979019165,4.619999885559082,4.619999885559082,19900,0.0,0.0
2022-01-13 00:00:00-05:00,4.659999847412109,4.739999771118164,4.610000133514404,4.650000095367432,7900,0.0,0.0
2022-01-14 00:00:00-05:00,4.559999942779541,4.605000019073486,4.46999979019165,4.53000020980835,24100,0.0,0.0
2022-01-18 00:00:00-05:00,4.5,4.519999980926514,4.401000022888184,4.480000019073486,29600,0.0,0.0
2022-01-19 00:00:00-05:00,4.320000171661377,4.360000133514404,4.2210001945495605,4.300000190734863,17300,0.0,0.0
2022-01-20 00:00:00-05:00,4.360000133514404,4.519999980926514,4.329999923706055,4.429999828338623,9100,0.0,0.0
2022-01-21 00:00:00-05:00,4.25,4.28000020980835,4.119999885559082,4.119999885559082,21800,0.0,0.0
2022-01-24 00:00:00-05:00,3.9200000762939453,3.930000066757202,3.559999942779541,3.7100000381469727,80600,0.0,0.0
2022-01-25 00:00:00-05:00,3.859999895095825,4.057000160217285,3.7100000381469727,3.809999942779541,184900,0.0,0.0
2022-01-26 00:00:00-05:00,3.890000104904175,3.9100000858306885,3.7200000286102295,3.890000104904175,34600,0.0,0.0
2022-01-27 00:00:00-05:00,3.759999990463257,3.799999952316284,3.6500000953674316,3.740000009536743,5200,0.0,0.0
2022-01-28 00:00:00-05:00,3.740000009536743,3.880000114440918,3.440000057220459,3.5899999141693115,129200,0.0,0.0
2022-01-31 00:00:00-05:00,3.740000009536743,3.8399999141693115,3.640000104904175,3.7899999618530273,25000,0.0,0.0
2022-02-01 00:00:00-05:00,3.8299999237060547,3.880000114440918,3.6619999408721924,3.880000114440918,43600,0.0,0.0
2022-02-02 00:00:00-05:00,3.9000000953674316,3.9000000953674316,3.799999952316284,3.819999933242798,4400,0.0,0.0
2022-02-03 00:00:00-05:00,3.7850000858306885,4.099999904632568,3.7850000858306885,3.9800000190734863,62800,0.0,0.0
2022-02-04 00:00:00-05:00,3.819999933242798,3.8399999141693115,3.759999990463257,3.819999933242798,10600,0.0,0.0
2022-02-07 00:00:00-05:00,3.7699999809265137,3.7899999618530273,3.740000009536743,3.7899999618530273,1700,0.0,0.0
2022-02-08 00:00:00-05:00,3.7200000286102295,3.799999952316284,3.7200000286102295,3.799999952316284,4000,0.0,0.0
2022-02-09 00:00:00-05:00,3.759999990463257,3.7699999809265137,3.5,3.609999895095825,26700,0.0,0.0
2022-02-10 00:00:00-05:00,3.7300000190734863,3.8239998817443848,3.559999942779541,3.559999942779541,82700,0.0,0.0
2022-02-11 00:00:00-05:00,3.7799999713897705,3.8499999046325684,3.630000114440918,3.680000066757202,25900,0.0,0.0
2022-02-14 00:00:00-05:00,3.630000114440918,3.630000114440918,3.440000057220459,3.490000009536743,24400,0.0,0.0
2022-02-15 00:00:00-05:00,3.5999999046325684,3.7750000953674316,3.569999933242798,3.7100000381469727,18200,0.0,0.0
2022-02-16 00:00:00-05:00,3.740000009536743,3.759999990463257,3.61299991607666,3.6700000762939453,16700,0.0,0.0
2022-02-17 00:00:00-05:00,3.759999990463257,3.7699999809265137,3.549999952316284,3.5999999046325684,4500,0.0,0.0
2022-02-18 00:00:00-05:00,3.609999895095825,3.6410000324249268,3.5,3.5199999809265137,16400,0.0,0.0
2022-02-22 00:00:00-05:00,3.5,3.559999942779541,3.3550000190734863,3.4100000858306885,29700,0.0,0.0
2022-02-23 00:00:00-05:00,3.4549999237060547,3.5,3.369999885559082,3.369999885559082,7600,0.0,0.0
2022-02-24 00:00:00-05:00,3.2200000286102295,3.369999885559082,3.1500000953674316,3.299999952316284,16500,0.0,0.0
2022-02-25 00:00:00-05:00,3.440000057220459,3.450000047683716,3.378000020980835,3.4000000953674316,3800,0.0,0.0
2022-02-28 00:00:00-05:00,3.4000000953674316,3.4800000190734863,3.3499999046325684,3.4100000858306885,9100,0.0,0.0
2022-03-01 00:00:00-05:00,3.5,3.5,3.240000009536743,3.319999933242798,8200,0.0,0.0
2022-03-02 00:00:00-05:00,3.259999990463257,3.3359999656677246,3.2200000286102295,3.240000009536743,30100,0.0,0.0
2022-03-03 00:00:00-05:00,3.3269999027252197,3.3299999237060547,3.049999952316284,3.049999952316284,40000,0.0,0.0
2022-03-04 00:00:00-05:00,3.109999895095825,3.109999895095825,2.8299999237060547,2.8299999237060547,18600,0.0,0.0
2022-03-07 00:00:00-05:00,2.819999933242798,2.819999933242798,2.690000057220459,2.7049999237060547,8700,0.0,0.0
2022-03-08 00:00:00-05:00,2.8499999046325684,2.9700000286102295,2.6600000858306885,2.809999942779541,15700,0.0,0.0
2022-03-09 00:00:00-05:00,2.9800000190734863,3.0299999713897705,2.880000114440918,2.9200000762939453,12300,0.0,0.0
2022-03-10 00:00:00-05:00,3.259999990463257,3.2799999713897705,3.1649999618530273,3.200000047683716,48000,0.0,0.0
2022-03-11 00:00:00-05:00,3.2100000381469727,3.2100000381469727,3.0789999961853027,3.0799999237060547,9600,0.0,0.0
2022-03-14 00:00:00-04:00,3.190000057220459,3.299999952316284,3.059999942779541,3.059999942779541,9700,0.0,0.0
2022-03-15 00:00:00-04:00,3.2300000190734863,3.246000051498413,3.1459999084472656,3.1600000858306885,9600,0.0,0.0
2022-03-16 00:00:00-04:00,3.259999990463257,3.3399999141693115,3.200000047683716,3.309999942779541,7500,0.0,0.0
2022-03-17 00:00:00-04:00,3.359999895095825,3.440000057220459,3.309999942779541,3.430000066757202,16400,0.0,0.0
2022-03-18 00:00:00-04:00,3.430000066757202,3.430000066757202,3.119999885559082,3.2799999713897705,150600,0.0,0.0
2022-03-21 00:00:00-04:00,3.299999952316284,3.490000009536743,3.299999952316284,3.430000066757202,17400,0.0,0.0
2022-03-22 00:00:00-04:00,3.380000114440918,3.4700000286102295,3.2799999713897705,3.3499999046325684,24300,0.0,0.0
2022-03-23 00:00:00-04:00,3.440000057220459,3.486999988555908,3.3450000286102295,3.4700000286102295,11800,0.0,0.0
2022-03-24 00:00:00-04:00,3.4700000286102295,3.4700000286102295,3.2899999618530273,3.359999895095825,12100,0.0,0.0
2022-03-25 00:00:00-04:00,3.3399999141693115,3.430000066757202,3.2899999618530273,3.359999895095825,11700,0.0,0.0
2022-03-28 00:00:00-04:00,3.380000114440918,3.380000114440918,3.13100004196167,3.259999990463257,9100,0.0,0.0
2022-03-29 00:00:00-04:00,3.4200000762939453,3.4200000762939453,3.259999990463257,3.380000114440918,8900,0.0,0.0
2022-03-30 00:00:00-04:00,3.430000066757202,3.5,3.4000000953674316,3.4700000286102295,9400,0.0,0.0
2022-03-31 00:00:00-04:00,3.5399999618530273,3.5399999618530273,3.3440001010894775,3.359999895095825,14300,0.0,0.0
2022-04-01 00:00:00-04:00,3.5,3.549999952316284,3.3399999141693115,3.549999952316284,4200,0.0,0.0
2022-04-04 00:00:00-04:00,3.369999885559082,3.5399999618530273,3.369999885559082,3.4700000286102295,5600,0.0,0.0
2022-04-05 00:00:00-04:00,3.5,3.5,3.3350000381469727,3.380000114440918,10200,0.0,0.0
2022-04-06 00:00:00-04:00,3.2799999713897705,3.2799999713897705,3.140000104904175,3.2300000190734863,5400,0.0,0.0
2022-04-07 00:00:00-04:00,3.2200000286102295,3.2200000286102295,3.0199999809265137,3.0999999046325684,5600,0.0,0.0
2022-04-08 00:00:00-04:00,3.2100000381469727,3.2100000381469727,3.059999942779541,3.1500000953674316,1500,0.0,0.0
2022-04-11 00:00:00-04:00,3.1600000858306885,3.1700000762939453,3.0480000972747803,3.1600000858306885,7300,0.0,0.0
2022-04-12 00:00:00-04:00,3.1700000762939453,3.180000066757202,3.0299999713897705,3.0299999713897705,1500,0.0,0.0
2022-04-13 00:00:00-04:00,3.0250000953674316,3.059999942779541,2.9609999656677246,3.0,20500,0.0,0.0
2022-04-14 00:00:00-04:00,3.200000047683716,3.200000047683716,3.0799999237060547,3.130000114440918,6500,0.0,0.0
2022-04-18 00:00:00-04:00,3.180000066757202,3.3499999046325684,3.0350000858306885,3.1600000858306885,15100,0.0,0.0
2022-04-19 00:00:00-04:00,3.1600000858306885,3.1600000858306885,3.0399999618530273,3.1500000953674316,8800,0.0,0.0
2022-04-20 00:00:00-04:00,3.0999999046325684,3.121000051498413,3.0399999618530273,3.121000051498413,1000,0.0,0.0
2022-04-21 00:00:00-04:00,3.049999952316284,3.0999999046325684,3.049999952316284,3.0999999046325684,1700,0.0,0.0
2022-04-22 00:00:00-04:00,2.990000009536743,3.069999933242798,2.990000009536743,3.069999933242798,3200,0.0,0.0
2022-04-25 00:00:00-04:00,2.940000057220459,3.1600000858306885,2.8499999046325684,2.9800000190734863,20300,0.0,0.0
2022-04-26 00:00:00-04:00,2.8469998836517334,2.880000114440918,2.799999952316284,2.799999952316284,8700,0.0,0.0
2022-04-27 00:00:00-04:00,2.75,2.809999942779541,2.6600000858306885,2.809999942779541,4400,0.0,0.0
2022-04-28 00:00:00-04:00,2.6700000762939453,2.875,2.6600000858306885,2.700000047683716,7600,0.0,0.0
2022-04-29 00:00:00-04:00,3.0,3.109999895095825,2.8499999046325684,2.869999885559082,371200,0.0,0.0
2022-05-02 00:00:00-04:00,2.880000114440918,2.9630000591278076,2.799999952316284,2.8499999046325684,24900,0.0,0.0
2022-05-03 00:00:00-04:00,2.890000104904175,2.930000066757202,2.75,2.880000114440918,43300,0.0,0.0
2022-05-04 00:00:00-04:00,2.7699999809265137,2.950000047683716,2.75,2.859999895095825,15900,0.0,0.0
2022-05-05 00:00:00-04:00,2.859999895095825,2.869999885559082,2.6600000858306885,2.759999990463257,22900,0.0,0.0
2022-05-06 00:00:00-04:00,2.739000082015991,2.819999933242798,2.739000082015991,2.759999990463257,18600,0.0,0.0
2022-05-09 00:00:00-04:00,2.7100000381469727,2.7300000190734863,2.700000047683716,2.700000047683716,4200,0.0,0.0
2022-05-10 00:00:00-04:00,2.690000057220459,2.75,2.690000057220459,2.7149999141693115,5700,0.0,0.0
2022-05-11 00:00:00-04:00,2.859999895095825,2.9100000858306885,2.819999933242798,2.819999933242798,17100,0.0,0.0
2022-05-12 00:00:00-04:00,2.7799999713897705,2.880000114440918,2.7669999599456787,2.7899999618530273,5400,0.0,0.0
2022-05-13 00:00:00-04:00,2.9200000762939453,2.9800000190734863,2.859999895095825,2.869999885559082,9400,0.0,0.0
2022-05-16 00:00:00-04:00,3.0190000534057617,3.0190000534057617,2.930000066757202,2.996999979019165,6500,0.0,0.0
2022-05-17 00:00:00-04:00,3.069999933242798,3.0899999141693115,3.0199999809265137,3.069999933242798,10500,0.0,0.0
2022-05-18 00:00:00-04:00,3.109999895095825,3.109999895095825,2.9839999675750732,3.009999990463257,6700,0.0,0.0
2022-05-19 00:00:00-04:00,3.049999952316284,3.190000057220459,3.049999952316284,3.119999885559082,5800,0.0,0.0
2022-05-20 00:00:00-04:00,3.119999885559082,3.130000114440918,2.990000009536743,3.015000104904175,17700,0.0,0.0
2022-05-23 00:00:00-04:00,3.059999942779541,3.065000057220459,2.9600000381469727,2.9600000381469727,12800,0.0,0.0
2022-05-24 00:00:00-04:00,2.9800000190734863,2.9800000190734863,2.890000104904175,2.9200000762939453,1700,0.0,0.0
2022-05-25 00:00:00-04:00,2.8399999141693115,2.9100000858306885,2.8399999141693115,2.9100000858306885,2100,0.0,0.0
2022-05-26 00:00:00-04:00,2.940000057220459,3.0260000228881836,2.890000104904175,2.9100000858306885,28400,0.0,0.0
2022-05-27 00:00:00-04:00,3.0399999618530273,3.0799999237060547,3.0169999599456787,3.0399999618530273,5600,0.0,0.0
2022-05-31 00:00:00-04:00,3.0399999618530273,3.0399999618530273,2.6600000858306885,2.6600000858306885,12300,0.0,0.0
2022-06-01 00:00:00-04:00,3.059999942779541,3.059999942779541,2.9059998989105225,2.950000047683716,18900,0.0,0.0
2022-06-02 00:00:00-04:00,2.950000047683716,3.0299999713897705,2.9200000762939453,2.9619998931884766,6100,0.0,0.0
2022-06-03 00:00:00-04:00,3.049999952316284,3.0799999237060547,2.9700000286102295,3.015000104904175,25100,0.0,0.0
2022-06-06 00:00:00-04:00,3.069999933242798,3.069999933242798,2.9800000190734863,2.9800000190734863,2600,0.0,0.0
2022-06-07 00:00:00-04:00,3.0399999618530273,3.049999952316284,3.0,3.0199999809265137,1400,0.0,0.0
2022-06-08 00:00:00-04:00,3.109999895095825,3.1659998893737793,3.069999933242798,3.069999933242798,6400,0.0,0.0
2022-06-09 00:00:00-04:00,3.0299999713897705,3.0299999713897705,2.990000009536743,3.0,700,0.0,0.0
2022-06-10 00:00:00-04:00,2.869999885559082,2.869999885559082,2.6700000762939453,2.869999885559082,8900,0.0,0.0
2022-06-13 00:00:00-04:00,2.6600000858306885,2.6700000762939453,2.569999933242798,2.640000104904175,21000,0.0,0.0
2022-06-14 00:00:00-04:00,2.569999933242798,2.5799999237060547,2.5,2.569999933242798,10000,0.0,0.0
2022-06-15 00:00:00-04:00,2.5209999084472656,2.559999942779541,2.5,2.5299999713897705,4400,0.0,0.0
2022-06-16 00:00:00-04:00,2.490000009536743,2.490000009536743,2.299999952316284,2.3399999141693115,157200,0.0,0.0
2022-06-17 00:00:00-04:00,2.440000057220459,2.5139999389648438,2.0,2.0,173400,0.0,0.0
2022-06-21 00:00:00-04:00,2.559999942779541,2.8299999237060547,2.509999990463257,2.680000066757202,311600,0.0,0.0
2022-06-22 00:00:00-04:00,2.640000104904175,2.7200000286102295,2.619999885559082,2.619999885559082,52800,0.0,0.0
2022-06-23 00:00:00-04:00,2.6500000953674316,2.7300000190734863,2.619999885559082,2.619999885559082,20900,0.0,0.0
2022-06-24 00:00:00-04:00,2.7300000190734863,2.890000104904175,2.687999963760376,2.890000104904175,24400,0.0,0.0
2022-06-27 00:00:00-04:00,2.740000009536743,2.7899999618530273,2.736999988555908,2.740000009536743,6900,0.0,0.0
2022-06-28 00:00:00-04:00,2.869999885559082,2.880000114440918,2.799999952316284,2.799999952316284,4900,0.0,0.0
2022-06-29 00:00:00-04:00,2.7950000762939453,2.859999895095825,2.7899999618530273,2.819999933242798,5900,0.0,0.0
2022-06-30 00:00:00-04:00,2.680000066757202,2.799999952316284,2.6600000858306885,2.700000047683716,5400,0.0,0.0
2022-07-01 00:00:00-04:00,2.809999942779541,2.990000009536743,2.809999942779541,2.9000000953674316,6300,0.0,0.0
2022-07-05 00:00:00-04:00,2.755000114440918,2.9800000190734863,2.740000009536743,2.8399999141693115,6700,0.0,0.0
2022-07-06 00:00:00-04:00,2.799999952316284,2.8399999141693115,2.700000047683716,2.799999952316284,3600,0.0,0.0
2022-07-07 00:00:00-04:00,2.809999942779541,2.9100000858306885,2.809999942779541,2.8299999237060547,16700,0.0,0.0
2022-07-08 00:00:00-04:00,2.9000000953674316,2.950000047683716,2.884999990463257,2.9100000858306885,9700,0.0,0.0
2022-07-11 00:00:00-04:00,2.869999885559082,2.880000114440918,2.7799999713897705,2.7799999713897705,2000,0.0,0.0
2022-07-12 00:00:00-04:00,2.75,2.759999990463257,2.6600000858306885,2.759999990463257,10200,0.0,0.0
2022-07-13 00:00:00-04:00,2.7100000381469727,2.828000068664551,2.7100000381469727,2.759999990463257,1300,0.0,0.0
2022-07-14 00:00:00-04:00,2.7200000286102295,2.8399999141693115,2.6449999809265137,2.6500000953674316,7200,0.0,0.0
2022-07-15 00:00:00-04:00,2.759999990463257,2.809999942779541,2.740000009536743,2.759999990463257,4000,0.0,0.0
2022-07-18 00:00:00-04:00,2.819999933242798,2.890000104904175,2.7899999618530273,2.7899999618530273,6100,0.0,0.0
2022-07-19 00:00:00-04:00,2.990000009536743,3.069999933242798,2.9700000286102295,3.0299999713897705,8000,0.0,0.0
2022-07-20 00:00:00-04:00,2.9700000286102295,3.119999885559082,2.9700000286102295,3.119999885559082,5900,0.0,0.0
2022-07-21 00:00:00-04:00,3.119999885559082,3.119999885559082,3.0399999618530273,3.0399999618530273,24600,0.0,0.0
2022-07-22 00:00:00-04:00,3.0899999141693115,3.0999999046325684,2.9200000762939453,2.950000047683716,2000,0.0,0.0
2022-07-25 00:00:00-04:00,3.059999942779541,3.069999933242798,3.0250000953674316,3.069999933242798,2400,0.0,0.0
2022-07-26 00:00:00-04:00,2.890000104904175,2.9100000858306885,2.890000104904175,2.890000104904175,7500,0.0,0.0
2022-07-27 00:00:00-04:00,2.940000057220459,2.9600000381469727,2.819999933242798,2.8299999237060547,5700,0.0,0.0
2022-07-28 00:00:00-04:00,2.9700000286102295,3.0799999237060547,2.9100000858306885,3.009999990463257,12400,0.0,0.0
2022-07-29 00:00:00-04:00,3.0199999809265137,3.200000047683716,3.0199999809265137,3.200000047683716,2800,0.0,0.0
2022-08-01 00:00:00-04:00,2.8399999141693115,2.8399999141693115,2.7100000381469727,2.809999942779541,29900,0.0,0.0
2022-08-02 00:00:00-04:00,2.680000066757202,2.7660000324249268,2.6700000762939453,2.7049999237060547,6400,0.0,0.0
2022-08-03 00:00:00-04:00,2.765000104904175,2.950000047683716,2.700000047683716,2.75,19200,0.0,0.0
2022-08-04 00:00:00-04:00,2.690000057220459,2.8980000019073486,2.6700000762939453,2.7699999809265137,17200,0.0,0.0
2022-08-05 00:00:00-04:00,2.7300000190734863,2.8889999389648438,2.7300000190734863,2.759999990463257,5700,0.0,0.0
2022-08-08 00:00:00-04:00,2.799999952316284,2.819999933242798,2.759999990463257,2.759999990463257,2600,0.0,0.0
2022-08-09 00:00:00-04:00,2.759999990463257,2.7699999809265137,2.7300000190734863,2.7300000190734863,1400,0.0,0.0
2022-08-10 00:00:00-04:00,2.8559999465942383,2.8559999465942383,2.7300000190734863,2.799999952316284,900,0.0,0.0
2022-08-11 00:00:00-04:00,2.940000057220459,2.940000057220459,2.890000104904175,2.9000000953674316,1700,0.0,0.0
2022-08-12 00:00:00-04:00,2.940000057220459,2.9570000171661377,2.9000000953674316,2.9000000953674316,1700,0.0,0.0
2022-08-15 00:00:00-04:00,3.1600000858306885,3.1600000858306885,2.940000057220459,2.940000057220459,1300,0.0,0.0
2022-08-16 00:00:00-04:00,3.0999999046325684,3.0999999046325684,2.9700000286102295,2.9700000286102295,600,0.0,0.0
2022-08-17 00:00:00-04:00,2.930000066757202,2.944999933242798,2.75,2.7899999618530273,8800,0.0,0.0
2022-08-18 00:00:00-04:00,2.9100000858306885,2.9100000858306885,2.9100000858306885,2.9100000858306885,400,0.0,0.0
2022-08-19 00:00:00-04:00,2.819999933242798,2.819999933242798,2.740000009536743,2.740000009536743,500,0.0,0.0
2022-08-22 00:00:00-04:00,2.740000009536743,2.740000009536743,2.640000104904175,2.640000104904175,2900,0.0,0.0
2022-08-23 00:00:00-04:00,2.680000066757202,2.734999895095825,2.680000066757202,2.700000047683716,4700,0.0,0.0
2022-08-24 00:00:00-04:00,2.7200000286102295,3.0999999046325684,2.7090001106262207,2.7200000286102295,6700,0.0,0.0
2022-08-25 00:00:00-04:00,2.759999990463257,2.759999990463257,2.700000047683716,2.700000047683716,500,0.0,0.0
2022-08-26 00:00:00-04:00,2.7839999198913574,2.7839999198913574,2.700000047683716,2.700000047683716,5600,0.0,0.0
2022-08-29 00:00:00-04:00,2.7200000286102295,2.7200000286102295,2.6600000858306885,2.6600000858306885,1400,0.0,0.0
2022-08-30 00:00:00-04:00,2.7100000381469727,2.75,2.6600000858306885,2.6600000858306885,2700,0.0,0.0
2022-08-31 00:00:00-04:00,2.755000114440918,2.8519999980926514,2.680000066757202,2.680000066757202,1700,0.0,0.0
2022-09-01 00:00:00-04:00,2.680000066757202,2.680000066757202,2.5999999046325684,2.5999999046325684,1400,0.0,0.0
2022-09-02 00:00:00-04:00,2.619999885559082,2.6500000953674316,2.5999999046325684,2.6500000953674316,3700,0.0,0.0
2022-09-06 00:00:00-04:00,2.619999885559082,2.6700000762939453,2.380000114440918,2.4100000858306885,9000,0.0,0.0
2022-09-07 00:00:00-04:00,2.569999933242798,2.6059999465942383,2.4579999446868896,2.5899999141693115,1400,0.0,0.0
2022-09-08 00:00:00-04:00,2.630000114440918,2.6500000953674316,2.5899999141693115,2.5899999141693115,3800,0.0,0.0
2022-09-09 00:00:00-04:00,2.619999885559082,2.630000114440918,2.5250000953674316,2.5290000438690186,5600,0.0,0.0
2022-09-12 00:00:00-04:00,2.690000057220459,2.690000057220459,2.5399999618530273,2.6600000858306885,4000,0.0,0.0
2022-09-13 00:00:00-04:00,2.5999999046325684,2.609999895095825,2.380000114440918,2.380000114440918,7900,0.0,0.0
2022-09-14 00:00:00-04:00,2.4700000286102295,2.5789999961853027,2.4600000381469727,2.4600000381469727,6500,0.0,0.0
2022-09-15 00:00:00-04:00,2.5399999618530273,2.5399999618530273,2.5399999618530273,2.5399999618530273,1500,0.0,0.0
2022-09-16 00:00:00-04:00,2.4700000286102295,3.069999933242798,2.444999933242798,3.069999933242798,39000,0.0,0.0
2022-09-19 00:00:00-04:00,2.5899999141693115,2.619999885559082,2.509999990463257,2.5899999141693115,7100,0.0,0.0
2022-09-20 00:00:00-04:00,2.4700000286102295,2.4809999465942383,2.430000066757202,2.430000066757202,2800,0.0,0.0
2022-09-21 00:00:00-04:00,2.5,3.1600000858306885,2.434999942779541,2.4700000286102295,76700,0.0,0.0
2022-09-22 00:00:00-04:00,2.4100000858306885,2.4700000286102295,2.4000000953674316,2.4700000286102295,14100,0.0,0.0
2022-09-23 00:00:00-04:00,2.4200000762939453,2.430000066757202,2.2799999713897705,2.3299999237060547,25700,0.0,0.0
2022-09-26 00:00:00-04:00,2.2100000381469727,2.2100000381469727,1.9900000095367432,2.130000114440918,16500,0.0,0.0
2022-09-27 00:00:00-04:00,2.180000066757202,2.180000066757202,2.0,2.0299999713897705,5500,0.0,0.0
2022-09-28 00:00:00-04:00,2.130000114440918,2.130000114440918,2.002000093460083,2.059999942779541,14500,0.0,0.0
2022-09-29 00:00:00-04:00,2.009999990463257,2.069999933242798,2.009999990463257,2.069999933242798,500,0.0,0.0
2022-09-30 00:00:00-04:00,2.0980000495910645,2.0980000495910645,1.9800000190734863,2.0,14800,0.0,0.0
2022-10-03 00:00:00-04:00,1.9199999570846558,2.0899999141693115,1.9199999570846558,2.0899999141693115,7000,0.0,0.0
2022-10-04 00:00:00-04:00,2.0490000247955322,2.1600000858306885,2.0399999618530273,2.0999999046325684,7400,0.0,0.0
2022-10-05 00:00:00-04:00,1.9900000095367432,2.0399999618530273,1.975000023841858,2.0399999618530273,3800,0.0,0.0
2022-10-06 00:00:00-04:00,2.059999942779541,2.130000114440918,2.010999917984009,2.119999885559082,30600,0.0,0.0
2022-10-07 00:00:00-04:00,2.119999885559082,2.119999885559082,2.0199999809265137,2.0799999237060547,29400,0.0,0.0
2022-10-10 00:00:00-04:00,2.049999952316284,2.059999942779541,2.0,2.0399999618530273,11000,0.0,0.0
2022-10-11 00:00:00-04:00,2.069999933242798,2.140000104904175,2.0,2.0899999141693115,9600,0.0,0.0
2022-10-12 00:00:00-04:00,2.0399999618530273,2.0399999618530273,1.9550000429153442,2.0,13300,0.0,0.0
2022-10-13 00:00:00-04:00,2.0,2.0299999713897705,1.9500000476837158,2.0199999809265137,12000,0.0,0.0
2022-10-14 00:00:00-04:00,2.0,2.0299999713897705,1.9600000381469727,2.0,8000,0.0,0.0
2022-10-17 00:00:00-04:00,2.0999999046325684,2.1600000858306885,2.0179998874664307,2.119999885559082,36300,0.0,0.0
2022-10-18 00:00:00-04:00,2.109999895095825,2.190000057220459,2.0999999046325684,2.119999885559082,13700,0.0,0.0
2022-10-19 00:00:00-04:00,2.009999990463257,2.0999999046325684,2.009999990463257,2.0799999237060547,30300,0.0,0.0
2022-10-20 00:00:00-04:00,2.0799999237060547,2.130000114440918,2.069999933242798,2.119999885559082,20400,0.0,0.0
2022-10-21 00:00:00-04:00,2.069999933242798,2.119999885559082,2.059999942779541,2.0899999141693115,23500,0.0,0.0
2022-10-24 00:00:00-04:00,2.0999999046325684,2.190000057220459,2.059999942779541,2.1519999504089355,9500,0.0,0.0
2022-10-25 00:00:00-04:00,2.109999895095825,2.2200000286102295,2.0899999141693115,2.2200000286102295,3400,0.0,0.0
2022-10-26 00:00:00-04:00,2.0799999237060547,2.2300000190734863,2.0799999237060547,2.109999895095825,5600,0.0,0.0
2022-10-27 00:00:00-04:00,2.0799999237060547,2.1500000953674316,2.069999933242798,2.109999895095825,16800,0.0,0.0
2022-10-28 00:00:00-04:00,2.0899999141693115,2.1600000858306885,2.049999952316284,2.1500000953674316,40900,0.0,0.0
2022-10-31 00:00:00-04:00,2.0999999046325684,2.1700000762939453,2.0999999046325684,2.1500000953674316,900,0.0,0.0
2022-11-01 00:00:00-04:00,2.1500000953674316,2.190000057220459,2.119999885559082,2.190000057220459,3900,0.0,0.0
2022-11-02 00:00:00-04:00,2.069999933242798,2.119999885559082,2.0199999809265137,2.049999952316284,23000,0.0,0.0
2022-11-03 00:00:00-04:00,2.0,2.119999885559082,2.0,2.119999885559082,19300,0.0,0.0
2022-11-04 00:00:00-04:00,2.0290000438690186,2.2100000381469727,2.0290000438690186,2.1700000762939453,34400,0.0,0.0
2022-11-07 00:00:00-05:00,2.140000104904175,2.200000047683716,2.075000047683716,2.180000066757202,15200,0.0,0.0
2022-11-08 00:00:00-05:00,2.140000104904175,2.200000047683716,2.119999885559082,2.200000047683716,8300,0.0,0.0
2022-11-09 00:00:00-05:00,2.059999942779541,2.180000066757202,2.00600004196167,2.180000066757202,32300,0.0,0.0
2022-11-10 00:00:00-05:00,2.130000114440918,2.440000057220459,2.069999933242798,2.2100000381469727,20500,0.0,0.0
2022-11-11 00:00:00-05:00,2.180000066757202,2.3499999046325684,2.180000066757202,2.2899999618530273,10000,0.0,0.0
2022-11-14 00:00:00-05:00,2.430000066757202,2.5299999713897705,2.4200000762939453,2.4800000190734863,12500,0.0,0.0
2022-11-15 00:00:00-05:00,2.2799999713897705,2.4200000762939453,2.2799999713897705,2.3399999141693115,2400,0.0,0.0
2022-11-16 00:00:00-05:00,2.2899999618530273,2.309999942779541,2.240000009536743,2.259999990463257,10100,0.0,0.0
2022-11-17 00:00:00-05:00,2.299999952316284,2.299999952316284,2.1740000247955322,2.2100000381469727,1200,0.0,0.0
2022-11-18 00:00:00-05:00,2.2190001010894775,2.240000009536743,2.1659998893737793,2.240000009536743,1600,0.0,0.0
2022-11-21 00:00:00-05:00,2.25,2.319999933242798,2.200000047683716,2.200000047683716,5600,0.0,0.0
2022-11-22 00:00:00-05:00,2.240000009536743,2.240000009536743,2.2100000381469727,2.2100000381469727,3600,0.0,0.0
2022-11-23 00:00:00-05:00,2.2219998836517334,2.299999952316284,2.200000047683716,2.200000047683716,1500,0.0,0.0
2022-11-25 00:00:00-05:00,2.2899999618530273,2.2899999618530273,2.2200000286102295,2.2200000286102295,500,0.0,0.0
2022-11-28 00:00:00-05:00,2.2300000190734863,2.240000009536743,2.2300000190734863,2.240000009536743,1600,0.0,0.0
2022-11-29 00:00:00-05:00,2.259999990463257,2.259999990463257,2.2100000381469727,2.2100000381469727,1100,0.0,0.0
2022-11-30 00:00:00-05:00,2.2219998836517334,2.3499999046325684,2.1500000953674316,2.1500000953674316,4300,0.0,0.0
2022-12-01 00:00:00-05:00,2.247999906539917,2.2899999618530273,2.247999906539917,2.2899999618530273,1200,0.0,0.0
2022-12-02 00:00:00-05:00,2.2799999713897705,2.359999895095825,2.1700000762939453,2.190000057220459,15300,0.0,0.0
2022-12-05 00:00:00-05:00,2.309999942779541,2.309999942779541,2.049999952316284,2.0899999141693115,64200,0.0,0.0
2022-12-06 00:00:00-05:00,2.180000066757202,2.180000066757202,2.059999942779541,2.119999885559082,35500,0.0,0.0
2022-12-07 00:00:00-05:00,2.1600000858306885,2.2200000286102295,2.069999933242798,2.119999885559082,19400,0.0,0.0
2022-12-08 00:00:00-05:00,2.119999885559082,2.1649999618530273,2.0199999809265137,2.049999952316284,30200,0.0,0.0
2022-12-09 00:00:00-05:00,2.119999885559082,2.180000066757202,2.119999885559082,2.119999885559082,8400,0.0,0.0
2022-12-12 00:00:00-05:00,2.390000104904175,2.390000104904175,1.9900000095367432,2.200000047683716,86300,0.0,0.0
2022-12-13 00:00:00-05:00,2.200000047683716,2.299999952316284,2.0999999046325684,2.2899999618530273,23800,0.0,0.0
2022-12-14 00:00:00-05:00,2.265000104904175,2.2799999713897705,2.119999885559082,2.2799999713897705,18600,0.0,0.0
2022-12-15 00:00:00-05:00,2.1700000762939453,2.240000009536743,2.1500000953674316,2.200000047683716,25500,0.0,0.0
2022-12-16 00:00:00-05:00,2.0299999713897705,2.200000047683716,1.899999976158142,1.899999976158142,512700,0.0,0.0
2022-12-19 00:00:00-05:00,2.5799999237060547,2.859999895095825,2.359999895095825,2.6500000953674316,2573500,0.0,0.0
2022-12-20 00:00:00-05:00,2.6600000858306885,2.7200000286102295,2.4100000858306885,2.5899999141693115,292600,0.0,0.0
2022-12-21 00:00:00-05:00,2.5820000171661377,2.634999990463257,2.549999952316284,2.569999933242798,41800,0.0,0.0
2022-12-22 00:00:00-05:00,2.615000009536743,2.809999942779541,2.609999895095825,2.734999895095825,85800,0.0,0.0
2022-12-23 00:00:00-05:00,2.7899999618530273,2.8299999237060547,2.7899999618530273,2.809999942779541,23200,0.0,0.0
2022-12-27 00:00:00-05:00,3.190000057220459,3.9600000381469727,2.799999952316284,3.140000104904175,705600,0.0,0.0
2022-12-28 00:00:00-05:00,3.2300000190734863,3.4700000286102295,3.1500000953674316,3.3299999237060547,126000,0.0,0.0
2022-12-29 00:00:00-05:00,3.549999952316284,3.700000047683716,3.236999988555908,3.5899999141693115,66400,0.0,0.0
2022-12-30 00:00:00-05:00,3.5,3.8399999141693115,3.5,3.7300000190734863,56800,0.0,0.0
2023-01-03 00:00:00-05:00,3.4200000762939453,3.5399999618530273,3.380000114440918,3.4000000953674316,36400,0.0,0.0
2023-01-04 00:00:00-05:00,3.440000057220459,3.440000057220459,3.180000066757202,3.259999990463257,37200,0.0,0.0
2023-01-05 00:00:00-05:00,3.2799999713897705,3.4000000953674316,3.2799999713897705,3.3299999237060547,23400,0.0,0.0
2023-01-06 00:00:00-05:00,3.2699999809265137,3.380000114440918,3.2699999809265137,3.3399999141693115,8800,0.0,0.0
2023-01-09 00:00:00-05:00,3.369999885559082,3.440000057220459,3.359999895095825,3.359999895095825,9400,0.0,0.0
2023-01-10 00:00:00-05:00,3.4200000762939453,3.440000057220459,3.369999885559082,3.4149999618530273,6600,0.0,0.0
2023-01-11 00:00:00-05:00,3.690000057220459,3.700000047683716,3.559999942779541,3.690000057220459,16800,0.0,0.0
2023-01-12 00:00:00-05:00,3.559999942779541,3.6500000953674316,3.369999885559082,3.450000047683716,59800,0.0,0.0
2023-01-13 00:00:00-05:00,3.5999999046325684,3.5999999046325684,3.559999942779541,3.569999933242798,6000,0.0,0.0
2023-01-17 00:00:00-05:00,3.950000047683716,3.9700000286102295,3.7909998893737793,3.859999895095825,39900,0.0,0.0
2023-01-18 00:00:00-05:00,3.930000066757202,3.930000066757202,3.634999990463257,3.680000066757202,19600,0.0,0.0
2023-01-19 00:00:00-05:00,3.569999933242798,3.7899999618530273,3.190000057220459,3.5,20100,0.0,0.0
2023-01-20 00:00:00-05:00,3.5899999141693115,3.609999895095825,3.390000104904175,3.569999933242798,2400,0.0,0.0
2023-01-23 00:00:00-05:00,3.450000047683716,3.799999952316284,3.450000047683716,3.509999990463257,37400,0.0,0.0
2023-01-24 00:00:00-05:00,3.5989999771118164,3.630000114440918,3.5989999771118164,3.619999885559082,3000,0.0,0.0
2023-01-25 00:00:00-05:00,3.609999895095825,3.6700000762939453,3.509999990463257,3.5999999046325684,30600,0.0,0.0
2023-01-26 00:00:00-05:00,3.5199999809265137,3.549999952316284,3.446000099182129,3.4600000381469727,8000,0.0,0.0
2023-01-27 00:00:00-05:00,3.4000000953674316,3.490000009536743,3.239000082015991,3.450000047683716,16400,0.0,0.0
2023-01-30 00:00:00-05:00,3.4600000381469727,3.5999999046325684,3.259999990463257,3.2899999618530273,53400,0.0,0.0
2023-01-31 00:00:00-05:00,3.440000057220459,3.450000047683716,3.3499999046325684,3.444999933242798,28600,0.0,0.0
2023-02-01 00:00:00-05:00,3.4800000190734863,3.490000009536743,3.430000066757202,3.440000057220459,2300,0.0,0.0
2023-02-02 00:00:00-05:00,3.4830000400543213,3.559999942779541,3.319999933242798,3.4049999713897705,14400,0.0,0.0
2023-02-03 00:00:00-05:00,3.359999895095825,3.4800000190734863,3.359999895095825,3.4800000190734863,3200,0.0,0.0
2023-02-06 00:00:00-05:00,3.319999933242798,3.4700000286102295,3.319999933242798,3.4000000953674316,3600,0.0,0.0
2023-02-07 00:00:00-05:00,3.375,3.4600000381469727,3.375,3.4200000762939453,2000,0.0,0.0
2023-02-08 00:00:00-05:00,3.4600000381469727,3.4800000190734863,3.359999895095825,3.4000000953674316,29200,0.0,0.0
2023-02-09 00:00:00-05:00,3.4089999198913574,3.4089999198913574,3.3299999237060547,3.380000114440918,6600,0.0,0.0
2023-02-10 00:00:00-05:00,3.3299999237060547,3.3399999141693115,3.2899999618530273,3.319999933242798,6100,0.0,0.0
2023-02-13 00:00:00-05:00,3.200000047683716,3.3350000381469727,3.200000047683716,3.3350000381469727,4000,0.0,0.0
2023-02-14 00:00:00-05:00,3.319999933242798,3.3550000190734863,3.299999952316284,3.299999952316284,2400,0.0,0.0
2023-02-15 00:00:00-05:00,3.299999952316284,3.299999952316284,3.1610000133514404,3.2699999809265137,4900,0.0,0.0
2023-02-16 00:00:00-05:00,3.2300000190734863,3.259999990463257,3.2100000381469727,3.259999990463257,1500,0.0,0.0
2023-02-17 00:00:00-05:00,3.125999927520752,3.2300000190734863,3.125999927520752,3.190000057220459,1800,0.0,0.0
2023-02-21 00:00:00-05:00,3.069999933242798,3.069999933242798,2.9660000801086426,3.049999952316284,4800,0.0,0.0
2023-02-22 00:00:00-05:00,2.930000066757202,3.0799999237060547,2.75,3.0799999237060547,10000,0.0,0.0
2023-02-23 00:00:00-05:00,3.009999990463257,3.009999990463257,2.6600000858306885,2.9539999961853027,7300,0.0,0.0
2023-02-24 00:00:00-05:00,2.9149999618530273,3.1050000190734863,2.9100000858306885,3.0999999046325684,1300,0.0,0.0
2023-02-27 00:00:00-05:00,2.940000057220459,2.9549999237060547,2.4000000953674316,2.940000057220459,46700,0.0,0.0
2023-02-28 00:00:00-05:00,2.950000047683716,2.950000047683716,2.940000057220459,2.950000047683716,4900,0.0,0.0
2023-03-01 00:00:00-05:00,2.9700000286102295,3.490000009536743,2.865000009536743,2.8949999809265137,85800,0.0,0.0
2023-03-02 00:00:00-05:00,2.9700000286102295,3.0,2.6989998817443848,2.8299999237060547,28800,0.0,0.0
2023-03-03 00:00:00-05:00,2.9600000381469727,3.0,2.799999952316284,2.809999942779541,45400,0.0,0.0
2023-03-06 00:00:00-05:00,3.1500000953674316,3.25,2.7699999809265137,2.930000066757202,17400,0.0,0.0
2023-03-07 00:00:00-05:00,3.2200000286102295,3.2200000286102295,2.8499999046325684,3.009999990463257,44300,0.0,0.0
2023-03-08 00:00:00-05:00,3.2300000190734863,3.2300000190734863,3.0,3.0,43000,0.0,0.0
2023-03-09 00:00:00-05:00,3.190000057220459,3.2200000286102295,3.0,3.059999942779541,39900,0.0,0.0
2023-03-10 00:00:00-05:00,3.109999895095825,3.109999895095825,2.9100000858306885,2.944999933242798,38800,0.0,0.0
2023-03-13 00:00:00-04:00,3.009999990463257,3.1500000953674316,2.9600000381469727,2.9600000381469727,13400,0.0,0.0
2023-03-14 00:00:00-04:00,3.1500000953674316,3.1500000953674316,2.9700000286102295,3.0299999713897705,36000,0.0,0.0
2023-03-15 00:00:00-04:00,3.0,3.0889999866485596,2.819999933242798,3.0889999866485596,6100,0.0,0.0
2023-03-16 00:00:00-04:00,2.9000000953674316,3.003000020980835,2.8399999141693115,2.9200000762939453,9300,0.0,0.0
2023-03-17 00:00:00-04:00,2.9000000953674316,2.997999906539917,2.6500000953674316,2.990000009536743,7300,0.0,0.0
2023-03-20 00:00:00-04:00,2.990000009536743,3.0350000858306885,2.9000000953674316,3.0199999809265137,7400,0.0,0.0
2023-03-21 00:00:00-04:00,3.049999952316284,3.0999999046325684,2.9700000286102295,3.059999942779541,28500,0.0,0.0
2023-03-22 00:00:00-04:00,3.109999895095825,3.140000104904175,2.880000114440918,3.0299999713897705,4600,0.0,0.0
2023-03-23 00:00:00-04:00,3.009999990463257,3.009999990463257,2.6700000762939453,2.6700000762939453,4700,0.0,0.0
2023-03-24 00:00:00-04:00,2.819999933242798,2.880000114440918,2.5,2.880000114440918,8600,0.0,0.0
2023-03-27 00:00:00-04:00,2.799999952316284,3.0399999618530273,2.799999952316284,3.0399999618530273,1600,0.0,0.0
2023-03-28 00:00:00-04:00,2.7699999809265137,2.859999895095825,2.684000015258789,2.8550000190734863,7200,0.0,0.0
2023-03-29 00:00:00-04:00,2.819999933242798,2.9630000591278076,2.740000009536743,2.809999942779541,22600,0.0,0.0
2023-03-30 00:00:00-04:00,2.869999885559082,2.990000009536743,2.549999952316284,2.9619998931884766,17100,0.0,0.0
2023-03-31 00:00:00-04:00,2.880000114440918,2.9000000953674316,2.8499999046325684,2.8499999046325684,2000,0.0,0.0
2023-04-03 00:00:00-04:00,3.259999990463257,3.390000104904175,3.0399999618530273,3.1500000953674316,168700,0.0,0.0
2023-04-04 00:00:00-04:00,3.2899999618530273,3.3399999141693115,3.2300000190734863,3.25,27700,0.0,0.0
2023-04-05 00:00:00-04:00,3.25,3.2799999713897705,3.1500000953674316,3.186000108718872,46400,0.0,0.0
2023-04-06 00:00:00-04:00,3.259999990463257,3.369999885559082,3.1649999618530273,3.1649999618530273,4400,0.0,0.0
2023-04-10 00:00:00-04:00,3.2799999713897705,3.359999895095825,3.1600000858306885,3.190000057220459,5400,0.0,0.0
2023-04-11 00:00:00-04:00,3.2799999713897705,3.380000114440918,3.25,3.380000114440918,29600,0.0,0.0
2023-04-12 00:00:00-04:00,3.359999895095825,3.359999895095825,3.190000057220459,3.2799999713897705,2800,0.0,0.0
2023-04-13 00:00:00-04:00,3.319999933242798,3.390000104904175,3.2100000381469727,3.265000104904175,10700,0.0,0.0
2023-04-14 00:00:00-04:00,3.3399999141693115,3.369999885559082,3.190000057220459,3.319999933242798,4900,0.0,0.0
2023-04-17 00:00:00-04:00,3.200000047683716,3.3399999141693115,3.200000047683716,3.3399999141693115,7700,0.0,0.0
2023-04-18 00:00:00-04:00,3.2200000286102295,3.2850000858306885,3.2200000286102295,3.240000009536743,900,0.0,0.0
2023-04-19 00:00:00-04:00,3.1500000953674316,3.240000009536743,3.015000104904175,3.069999933242798,16200,0.0,0.0
2023-04-20 00:00:00-04:00,3.059999942779541,3.0999999046325684,2.7899999618530273,2.994999885559082,5300,0.0,0.0
2023-04-21 00:00:00-04:00,2.990000009536743,3.059999942779541,2.799999952316284,2.990000009536743,6700,0.0,0.0
2023-04-24 00:00:00-04:00,2.990000009536743,2.990000009536743,2.799999952316284,2.885999917984009,22700,0.0,0.0
2023-04-25 00:00:00-04:00,2.869999885559082,2.930000066757202,2.809999942779541,2.869999885559082,27900,0.0,0.0
2023-04-26 00:00:00-04:00,2.930000066757202,2.930000066757202,2.859999895095825,2.859999895095825,5100,0.0,0.0
2023-04-27 00:00:00-04:00,2.8499999046325684,2.9100000858306885,2.7850000858306885,2.819999933242798,3400,0.0,0.0
2023-04-28 00:00:00-04:00,2.8299999237060547,3.009999990463257,2.809999942779541,2.950000047683716,9000,0.0,0.0
2023-05-01 00:00:00-04:00,2.9000000953674316,2.950000047683716,2.8399999141693115,2.950000047683716,1200,0.0,0.0
2023-05-02 00:00:00-04:00,2.809999942779541,2.809999942779541,2.7200000286102295,2.7799999713897705,7500,0.0,0.0
2023-05-03 00:00:00-04:00,2.7639999389648438,2.9600000381469727,2.7639999389648438,2.890000104904175,2900,0.0,0.0
2023-05-04 00:00:00-04:00,2.869999885559082,2.9230000972747803,2.7699999809265137,2.869999885559082,10900,0.0,0.0
2023-05-05 00:00:00-04:00,2.859999895095825,3.0,2.859999895095825,3.0,16100,0.0,0.0
2023-05-08 00:00:00-04:00,2.994999885559082,3.0399999618530273,2.994999885559082,3.0299999713897705,900,0.0,0.0
2023-05-09 00:00:00-04:00,2.9800000190734863,3.049999952316284,2.9700000286102295,3.049999952316284,4200,0.0,0.0
2023-05-10 00:00:00-04:00,2.9749999046325684,3.0399999618530273,2.7899999618530273,2.934999942779541,14700,0.0,0.0
2023-05-11 00:00:00-04:00,3.059999942779541,3.059999942779541,2.950000047683716,3.0220000743865967,20800,0.0,0.0
2023-05-12 00:00:00-04:00,2.9800000190734863,3.0299999713897705,2.9200000762939453,2.990000009536743,4100,0.0,0.0
2023-05-15 00:00:00-04:00,2.9000000953674316,2.990000009536743,2.9000000953674316,2.990000009536743,2100,0.0,0.0
2023-05-16 00:00:00-04:00,2.940000057220459,2.9600000381469727,2.890000104904175,2.890000104904175,3700,0.0,0.0
2023-05-17 00:00:00-04:00,2.869999885559082,3.0199999809265137,2.869999885559082,3.0199999809265137,5000,0.0,0.0
2023-05-18 00:00:00-04:00,2.890000104904175,2.9600000381469727,2.8350000381469727,2.884999990463257,9700,0.0,0.0
2023-05-19 00:00:00-04:00,2.9000000953674316,2.950000047683716,2.859999895095825,2.9200000762939453,11600,0.0,0.0
2023-05-22 00:00:00-04:00,2.9170000553131104,2.9170000553131104,2.815999984741211,2.815999984741211,1700,0.0,0.0
2023-05-23 00:00:00-04:00,2.9100000858306885,2.9100000858306885,2.869999885559082,2.884999990463257,4400,0.0,0.0
2023-05-24 00:00:00-04:00,2.8499999046325684,2.9000000953674316,2.8499999046325684,2.9000000953674316,1200,0.0,0.0
2023-05-25 00:00:00-04:00,2.9000000953674316,2.934999942779541,2.8450000286102295,2.890000104904175,4400,0.0,0.0
2023-05-26 00:00:00-04:00,2.9200000762939453,2.9649999141693115,2.9000000953674316,2.9049999713897705,3200,0.0,0.0
2023-05-30 00:00:00-04:00,3.0,3.0,2.990000009536743,2.990000009536743,600,0.0,0.0
2023-05-31 00:00:00-04:00,2.9200000762939453,2.940000057220459,2.816999912261963,2.940000057220459,2800,0.0,0.0
2023-06-01 00:00:00-04:00,2.8499999046325684,2.8499999046325684,2.811000108718872,2.8299999237060547,2900,0.0,0.0
2023-06-02 00:00:00-04:00,2.930000066757202,2.930000066757202,2.8299999237060547,2.930000066757202,9100,0.0,0.0
2023-06-05 00:00:00-04:00,3.0799999237060547,3.0799999237060547,2.934999942779541,2.9600000381469727,54700,0.0,0.0
2023-06-06 00:00:00-04:00,3.059999942779541,3.0899999141693115,3.0199999809265137,3.0399999618530273,17300,0.0,0.0
2023-06-07 00:00:00-04:00,3.0799999237060547,3.0799999237060547,3.0,3.009999990463257,5900,0.0,0.0
2023-06-08 00:00:00-04:00,3.259999990463257,3.4200000762939453,3.190000057220459,3.319999933242798,100000,0.0,0.0
2023-06-09 00:00:00-04:00,3.299999952316284,3.444999933242798,3.2300000190734863,3.2300000190734863,30900,0.0,0.0
2023-06-12 00:00:00-04:00,3.430000066757202,3.569999933242798,3.4100000858306885,3.5,57400,0.0,0.0
2023-06-13 00:00:00-04:00,3.433000087738037,3.440000057220459,3.2309999465942383,3.2699999809265137,13400,0.0,0.0
2023-06-14 00:00:00-04:00,3.2699999809265137,3.3399999141693115,3.240000009536743,3.259999990463257,12700,0.0,0.0
2023-06-15 00:00:00-04:00,3.2269999980926514,3.299999952316284,3.2100000381469727,3.259999990463257,21600,0.0,0.0
2023-06-16 00:00:00-04:00,3.319999933242798,3.5399999618530273,3.2799999713897705,3.4800000190734863,89700,0.0,0.0
2023-06-20 00:00:00-04:00,3.3299999237060547,3.3499999046325684,3.190000057220459,3.190000057220459,8000,0.0,0.0
2023-06-21 00:00:00-04:00,3.25,3.430000066757202,3.240000009536743,3.4100000858306885,1400,0.0,0.0
2023-06-22 00:00:00-04:00,3.302000045776367,3.390000104904175,3.299999952316284,3.380000114440918,1700,0.0,0.0
2023-06-23 00:00:00-04:00,3.200000047683716,3.308000087738037,3.130000114440918,3.1700000762939453,6100,0.0,0.0
2023-06-26 00:00:00-04:00,3.0999999046325684,3.1570000648498535,3.0799999237060547,3.140000104904175,26300,0.0,0.0
2023-06-27 00:00:00-04:00,3.0409998893737793,3.134000062942505,3.0299999713897705,3.119999885559082,6600,0.0,0.0
2023-06-28 00:00:00-04:00,3.1600000858306885,3.180000066757202,3.0899999141693115,3.0999999046325684,3000,0.0,0.0
2023-06-29 00:00:00-04:00,3.200000047683716,3.200000047683716,3.0350000858306885,3.130000114440918,21300,0.0,0.0
2023-06-30 00:00:00-04:00,3.140000104904175,3.140000104904175,3.000999927520752,3.075000047683716,3800,0.0,0.0
2023-07-03 00:00:00-04:00,3.0199999809265137,3.0299999713897705,3.006999969482422,3.006999969482422,2000,0.0,0.0
2023-07-05 00:00:00-04:00,2.950000047683716,3.0399999618530273,2.940000057220459,3.015000104904175,8600,0.0,0.0
2023-07-06 00:00:00-04:00,2.9200000762939453,3.0399999618530273,2.9000000953674316,2.940000057220459,4800,0.0,0.0
2023-07-07 00:00:00-04:00,3.009999990463257,3.119999885559082,2.9800000190734863,3.119999885559082,1700,0.0,0.0
2023-07-10 00:00:00-04:00,3.069999933242798,3.109999895095825,3.0,3.109999895095825,23200,0.0,0.0
2023-07-11 00:00:00-04:00,3.109999895095825,3.109999895095825,3.109999895095825,3.109999895095825,1300,0.0,0.0
2023-07-12 00:00:00-04:00,3.119999885559082,3.1600000858306885,3.119999885559082,3.119999885559082,600,0.0,0.0
2023-07-13 00:00:00-04:00,3.259999990463257,3.259999990463257,3.2100000381469727,3.2100000381469727,1100,0.0,0.0
2023-07-14 00:00:00-04:00,3.2200000286102295,3.2300000190734863,3.1600000858306885,3.2300000190734863,2000,0.0,0.0
2023-07-17 00:00:00-04:00,3.200000047683716,3.2249999046325684,3.0510001182556152,3.190000057220459,2800,0.0,0.0
2023-07-18 00:00:00-04:00,3.174999952316284,3.2899999618530273,3.0299999713897705,3.2899999618530273,800,0.0,0.0
2023-07-19 00:00:00-04:00,3.200000047683716,3.2100000381469727,3.180000066757202,3.2100000381469727,3200,0.0,0.0
2023-07-20 00:00:00-04:00,3.125999927520752,3.125999927520752,3.059999942779541,3.059999942779541,1600,0.0,0.0
2023-07-21 00:00:00-04:00,3.1600000858306885,3.190000057220459,3.1110000610351562,3.1110000610351562,800,0.0,0.0
2023-07-24 00:00:00-04:00,3.1110000610351562,3.1110000610351562,3.1110000610351562,3.1110000610351562,4300,0.0,0.0
2023-07-25 00:00:00-04:00,3.049999952316284,3.069999933242798,2.9010000228881836,3.069999933242798,4100,0.0,0.0
2023-07-26 00:00:00-04:00,2.990000009536743,3.049999952316284,2.990000009536743,3.049999952316284,1400,0.0,0.0
2023-07-27 00:00:00-04:00,3.0799999237060547,3.0799999237060547,3.0739998817443848,3.0739998817443848,400,0.0,0.0
2023-07-28 00:00:00-04:00,3.0299999713897705,3.059999942779541,2.9100000858306885,3.0369999408721924,4000,0.0,0.0
2023-07-31 00:00:00-04:00,2.9800000190734863,3.0450000762939453,2.940000057220459,2.940000057220459,8100,0.0,0.0
2023-08-01 00:00:00-04:00,3.0,3.0,2.9800000190734863,2.9800000190734863,400,0.0,0.0
2023-08-02 00:00:00-04:00,2.869999885559082,2.88100004196167,2.7799999713897705,2.8499999046325684,27200,0.0,0.0
2023-08-03 00:00:00-04:00,2.8399999141693115,2.9100000858306885,2.8399999141693115,2.9100000858306885,2700,0.0,0.0
2023-08-04 00:00:00-04:00,2.9700000286102295,2.9700000286102295,2.940000057220459,2.940000057220459,500,0.0,0.0
2023-08-07 00:00:00-04:00,2.986999988555908,2.986999988555908,2.805000066757202,2.805000066757202,3100,0.0,0.0
2023-08-08 00:00:00-04:00,2.859999895095825,3.010999917984009,2.8350000381469727,2.9549999237060547,8500,0.0,0.0
2023-08-09 00:00:00-04:00,2.940000057220459,2.950000047683716,2.799999952316284,2.880000114440918,6500,0.0,0.0
2023-08-10 00:00:00-04:00,2.9600000381469727,2.9800000190734863,2.8499999046325684,2.9700000286102295,1300,0.0,0.0
2023-08-11 00:00:00-04:00,2.930000066757202,3.0399999618530273,2.819999933242798,2.990000009536743,4300,0.0,0.0
2023-08-14 00:00:00-04:00,2.9800000190734863,2.9800000190734863,2.799999952316284,2.9609999656677246,3500,0.0,0.0
2023-08-15 00:00:00-04:00,3.0,3.0,2.700000047683716,2.890000104904175,28400,0.0,0.0
2023-08-16 00:00:00-04:00,2.890000104904175,2.9100000858306885,2.859999895095825,2.9100000858306885,3100,0.0,0.0
2023-08-17 00:00:00-04:00,2.877000093460083,2.9000000953674316,2.815000057220459,2.9000000953674316,1100,0.0,0.0
2023-08-18 00:00:00-04:00,2.819999933242798,2.9600000381469727,2.819999933242798,2.9600000381469727,1900,0.0,0.0
2023-08-21 00:00:00-04:00,2.890000104904175,2.940000057220459,2.8350000381469727,2.868000030517578,1400,0.0,0.0
2023-08-22 00:00:00-04:00,2.8399999141693115,2.869999885559082,2.809999942779541,2.859999895095825,1800,0.0,0.0
2023-08-23 00:00:00-04:00,2.859999895095825,2.869999885559082,2.674999952316284,2.680000066757202,47100,0.0,0.0
2023-08-24 00:00:00-04:00,2.8499999046325684,2.8499999046325684,2.6600000858306885,2.740000009536743,29500,0.0,0.0
2023-08-25 00:00:00-04:00,2.7820000648498535,2.809999942779541,2.740000009536743,2.75,5300,0.0,0.0
2023-08-28 00:00:00-04:00,2.799999952316284,2.8399999141693115,2.7049999237060547,2.740000009536743,6700,0.0,0.0
2023-08-29 00:00:00-04:00,2.9200000762939453,2.930000066757202,2.759999990463257,2.799999952316284,51000,0.0,0.0
2023-08-30 00:00:00-04:00,2.940000057220459,3.049999952316284,2.940000057220459,3.000999927520752,34400,0.0,0.0
2023-08-31 00:00:00-04:00,3.0199999809265137,3.0199999809265137,2.7300000190734863,2.9119999408721924,6000,0.0,0.0
2023-09-01 00:00:00-04:00,3.0199999809265137,3.0899999141693115,2.9000000953674316,2.9179999828338623,22100,0.0,0.0
2023-09-05 00:00:00-04:00,3.130000114440918,3.1500000953674316,3.009999990463257,3.0399999618530273,10200,0.0,0.0
2023-09-06 00:00:00-04:00,3.0350000858306885,3.119999885559082,2.999000072479248,3.119999885559082,2100,0.0,0.0
2023-09-07 00:00:00-04:00,3.0850000381469727,3.0850000381469727,3.0850000381469727,3.0850000381469727,3600,0.0,0.0
2023-09-08 00:00:00-04:00,3.0799999237060547,3.0799999237060547,3.0799999237060547,3.0799999237060547,400,0.0,0.0
2023-09-11 00:00:00-04:00,3.069999933242798,3.130000114440918,3.0,3.0299999713897705,20900,0.0,0.0
2023-09-12 00:00:00-04:00,2.9100000858306885,3.053999900817871,2.9100000858306885,2.9700000286102295,700,0.0,0.0
2023-09-13 00:00:00-04:00,3.0,3.059999942779541,3.0,3.059999942779541,3200,0.0,0.0
2023-09-14 00:00:00-04:00,2.9000000953674316,3.0999999046325684,2.869999885559082,3.066999912261963,2900,0.0,0.0
2023-09-15 00:00:00-04:00,2.990000009536743,3.0199999809265137,2.890000104904175,2.9700000286102295,7700,0.0,0.0
2023-09-18 00:00:00-04:00,2.8499999046325684,3.0299999713897705,2.7249999046325684,2.75,28100,0.0,0.0
2023-09-19 00:00:00-04:00,2.7699999809265137,2.950000047683716,2.619999885559082,2.674999952316284,28900,0.0,0.0
2023-09-20 00:00:00-04:00,2.759999990463257,3.009999990463257,2.740000009536743,2.809999942779541,4700,0.0,0.0
2023-09-21 00:00:00-04:00,2.759999990463257,2.7699999809265137,2.6700000762939453,2.680000066757202,14400,0.0,0.0
2023-09-22 00:00:00-04:00,2.7300000190734863,2.859999895095825,2.6649999618530273,2.6700000762939453,17200,0.0,0.0
2023-09-25 00:00:00-04:00,2.759999990463257,2.759999990463257,2.6500000953674316,2.6500000953674316,4300,0.0,0.0
2023-09-26 00:00:00-04:00,2.6700000762939453,2.7100000381469727,2.4600000381469727,2.490000009536743,35800,0.0,0.0
2023-09-27 00:00:00-04:00,2.619999885559082,2.630000114440918,2.505000114440918,2.5799999237060547,9800,0.0,0.0
2023-09-28 00:00:00-04:00,2.621000051498413,2.799999952316284,2.5,2.640000104904175,49400,0.0,0.0
2023-09-29 00:00:00-04:00,2.630000114440918,2.799999952316284,2.5199999809265137,2.5299999713897705,17000,0.0,0.0
2023-10-02 00:00:00-04:00,2.622999906539917,2.622999906539917,2.5899999141693115,2.5899999141693115,3500,0.0,0.0
2023-10-03 00:00:00-04:00,2.5999999046325684,2.6050000190734863,2.4830000400543213,2.5999999046325684,3100,0.0,0.0
2023-10-04 00:00:00-04:00,2.5899999141693115,2.5999999046325684,2.430000066757202,2.4700000286102295,2500,0.0,0.0
2023-10-05 00:00:00-04:00,2.240000009536743,2.4000000953674316,2.1500000953674316,2.4000000953674316,42000,0.0,0.0
2023-10-06 00:00:00-04:00,2.4200000762939453,2.5899999141693115,2.390000104904175,2.390000104904175,4000,0.0,0.0
2023-10-09 00:00:00-04:00,2.299999952316284,2.390000104904175,2.0999999046325684,2.319999933242798,30100,0.0,0.0
2023-10-10 00:00:00-04:00,2.299999952316284,2.365000009536743,2.2799999713897705,2.365000009536743,3300,0.0,0.0
2023-10-11 00:00:00-04:00,2.2850000858306885,2.369999885559082,2.2850000858306885,2.2899999618530273,2000,0.0,0.0
2023-10-12 00:00:00-04:00,2.359999895095825,2.428999900817871,2.25,2.25,800,0.0,0.0
2023-10-13 00:00:00-04:00,2.240000009536743,2.450000047683716,2.240000009536743,2.315000057220459,5300,0.0,0.0
2023-10-16 00:00:00-04:00,2.244999885559082,2.368000030517578,2.244999885559082,2.3499999046325684,1500,0.0,0.0
2023-10-17 00:00:00-04:00,2.509999990463257,2.5899999141693115,2.309999942779541,2.5,8400,0.0,0.0
2023-10-18 00:00:00-04:00,2.440000057220459,2.619999885559082,2.380000114440918,2.619999885559082,35100,0.0,0.0
2023-10-19 00:00:00-04:00,2.390000104904175,2.75,2.3499999046325684,2.390000104904175,9900,0.0,0.0
2023-10-20 00:00:00-04:00,2.4189999103546143,2.4189999103546143,2.3420000076293945,2.3499999046325684,2300,0.0,0.0
2023-10-23 00:00:00-04:00,2.4149999618530273,2.555999994277954,2.4000000953674316,2.5,7900,0.0,0.0
2023-10-24 00:00:00-04:00,2.505000114440918,2.5999999046325684,2.505000114440918,2.5999999046325684,2400,0.0,0.0
2023-10-25 00:00:00-04:00,2.440000057220459,2.4600000381469727,2.440000057220459,2.4600000381469727,1000,0.0,0.0
2023-10-26 00:00:00-04:00,2.4600000381469727,2.4600000381469727,2.4600000381469727,2.4600000381469727,0,0.0,0.0
2023-10-27 00:00:00-04:00,2.390000104904175,2.680000066757202,2.390000104904175,2.4800000190734863,8300,0.0,0.0
2023-10-30 00:00:00-04:00,2.377000093460083,2.4600000381469727,2.3299999237060547,2.3550000190734863,13400,0.0,0.0
2023-10-31 00:00:00-04:00,2.3499999046325684,2.690000057220459,2.3499999046325684,2.4700000286102295,8000,0.0,0.0
2023-11-01 00:00:00-04:00,2.25,2.299999952316284,1.809999942779541,2.1700000762939453,29900,0.0,0.0
2023-11-02 00:00:00-04:00,2.365000009536743,2.4000000953674316,2.2160000801086426,2.2300000190734863,10600,0.0,0.0
2023-11-03 00:00:00-04:00,2.569999933242798,2.6500000953674316,2.4749999046325684,2.640000104904175,125100,0.0,0.0
2023-11-06 00:00:00-05:00,2.5799999237060547,2.609999895095825,2.25,2.5999999046325684,23700,0.0,0.0
2023-11-07 00:00:00-05:00,2.5399999618530273,2.609999895095825,2.450000047683716,2.569999933242798,25100,0.0,0.0
2023-11-08 00:00:00-05:00,2.490000009536743,2.609999895095825,2.390000104904175,2.609999895095825,9000,0.0,0.0
2023-11-09 00:00:00-05:00,2.4719998836517334,2.609999895095825,2.390000104904175,2.4600000381469727,11600,0.0,0.0
2023-11-10 00:00:00-05:00,2.3499999046325684,2.5999999046325684,2.180999994277954,2.369999885559082,27600,0.0,0.0
2023-11-13 00:00:00-05:00,2.315000057220459,2.4649999141693115,2.2699999809265137,2.2699999809265137,3600,0.0,0.0
2023-11-14 00:00:00-05:00,2.4200000762939453,2.6470000743865967,2.252000093460083,2.5799999237060547,29600,0.0,0.0
2023-11-15 00:00:00-05:00,2.4100000858306885,2.4700000286102295,2.4100000858306885,2.4600000381469727,27500,0.0,0.0
2023-11-16 00:00:00-05:00,2.4000000953674316,2.4000000953674316,2.3499999046325684,2.369999885559082,3800,0.0,0.0
2023-11-17 00:00:00-05:00,2.450000047683716,2.484999895095825,2.259999990463257,2.450000047683716,5000,0.0,0.0
2023-11-20 00:00:00-05:00,2.4700000286102295,2.509999990463257,2.450000047683716,2.509999990463257,1900,0.0,0.0
2023-11-21 00:00:00-05:00,2.4600000381469727,2.515000104904175,2.359999895095825,2.430000066757202,12500,0.0,0.0
2023-11-22 00:00:00-05:00,2.4100000858306885,2.4100000858306885,2.380000114440918,2.380000114440918,300,0.0,0.0
2023-11-24 00:00:00-05:00,2.424999952316284,2.430000066757202,2.4200000762939453,2.4200000762939453,1000,0.0,0.0
2023-11-27 00:00:00-05:00,2.4700000286102295,2.5,2.4700000286102295,2.5,1200,0.0,0.0
2023-11-28 00:00:00-05:00,2.450000047683716,2.450000047683716,2.430000066757202,2.430000066757202,600,0.0,0.0
2023-11-29 00:00:00-05:00,2.5,2.640000104904175,2.5,2.640000104904175,4900,0.0,0.0
2023-11-30 00:00:00-05:00,2.515000104904175,2.5199999809265137,2.4000000953674316,2.4000000953674316,3200,0.0,0.0
2023-12-01 00:00:00-05:00,2.4600000381469727,2.5,2.440000057220459,2.440000057220459,11800,0.0,0.0
2023-12-04 00:00:00-05:00,2.430000066757202,2.450000047683716,2.375,2.380000114440918,2200,0.0,0.0
2023-12-05 00:00:00-05:00,2.390000104904175,2.630000114440918,2.390000104904175,2.609999895095825,3100,0.0,0.0
2023-12-06 00:00:00-05:00,2.4149999618530273,2.5,2.299999952316284,2.4100000858306885,12200,0.0,0.0
2023-12-07 00:00:00-05:00,2.369999885559082,2.4000000953674316,2.2679998874664307,2.299999952316284,7600,0.0,0.0
2023-12-08 00:00:00-05:00,2.4200000762939453,2.5799999237060547,2.319999933242798,2.5799999237060547,3000,0.0,0.0
2023-12-11 00:00:00-05:00,2.549999952316284,2.559999942779541,2.2899999618530273,2.440000057220459,27300,0.0,0.0
2023-12-12 00:00:00-05:00,2.4600000381469727,2.4700000286102295,2.309999942779541,2.390000104904175,43000,0.0,0.0
2023-12-13 00:00:00-05:00,2.4600000381469727,2.5199999809265137,2.430000066757202,2.5199999809265137,10700,0.0,0.0
2023-12-14 00:00:00-05:00,2.5799999237060547,2.615000009536743,2.4200000762939453,2.5,9500,0.0,0.0
2023-12-15 00:00:00-05:00,2.5399999618530273,2.5899999141693115,2.4100000858306885,2.4100000858306885,6500,0.0,0.0
2023-12-18 00:00:00-05:00,2.4800000190734863,2.5299999713897705,2.430000066757202,2.450000047683716,1700,0.0,0.0
2023-12-19 00:00:00-05:00,2.7899999618530273,2.7899999618530273,2.5799999237060547,2.690000057220459,397600,0.0,0.0
2023-12-20 00:00:00-05:00,2.799999952316284,2.8550000190734863,2.630000114440918,2.684999942779541,25100,0.0,0.0
2023-12-21 00:00:00-05:00,2.7100000381469727,2.950000047683716,2.6050000190734863,2.930000066757202,57400,0.0,0.0
2023-12-22 00:00:00-05:00,2.799999952316284,2.799999952316284,2.5999999046325684,2.5999999046325684,37700,0.0,0.0
2023-12-26 00:00:00-05:00,2.6700000762939453,2.7200000286102295,2.5999999046325684,2.6600000858306885,8100,0.0,0.0
2023-12-27 00:00:00-05:00,2.7300000190734863,2.7799999713897705,2.6600000858306885,2.7300000190734863,43700,0.0,0.0
2023-12-28 00:00:00-05:00,2.7300000190734863,2.7799999713897705,2.6600000858306885,2.75,15200,0.0,0.0
2023-12-29 00:00:00-05:00,2.7899999618530273,2.9049999713897705,2.6700000762939453,2.799999952316284,17300,0.0,0.0
2024-01-02 00:00:00-05:00,2.7799999713897705,2.9000000953674316,2.681999921798706,2.7200000286102295,29900,0.0,0.0
2024-01-03 00:00:00-05:00,2.740000009536743,2.7799999713897705,2.7200000286102295,2.7799999713897705,2800,0.0,0.0
2024-01-04 00:00:00-05:00,2.9600000381469727,3.068000078201294,2.819999933242798,2.890000104904175,92900,0.0,0.0
2024-01-05 00:00:00-05:00,2.884999990463257,2.9200000762939453,2.7200000286102295,2.9200000762939453,8700,0.0,0.0
2024-01-08 00:00:00-05:00,2.950000047683716,2.950000047683716,2.7200000286102295,2.930000066757202,13400,0.0,0.0
2024-01-09 00:00:00-05:00,2.950000047683716,2.950000047683716,2.7799999713897705,2.7899999618530273,9100,0.0,0.0
2024-01-10 00:00:00-05:00,2.700000047683716,2.7799999713897705,2.690000057220459,2.740000009536743,6100,0.0,0.0
2024-01-11 00:00:00-05:00,2.7100000381469727,2.7899999618530273,2.690000057220459,2.7899999618530273,4000,0.0,0.0
2024-01-12 00:00:00-05:00,2.7899999618530273,2.799999952316284,2.734999895095825,2.799999952316284,3900,0.0,0.0
2024-01-16 00:00:00-05:00,2.6500000953674316,2.7899999618530273,2.640000104904175,2.7899999618530273,5100,0.0,0.0
2024-01-17 00:00:00-05:00,2.630000114440918,2.7699999809265137,2.5999999046325684,2.7699999809265137,7600,0.0,0.0
2024-01-18 00:00:00-05:00,2.619999885559082,2.7249999046325684,2.609999895095825,2.609999895095825,3800,0.0,0.0
2024-01-19 00:00:00-05:00,2.619999885559082,2.680000066757202,2.48799991607666,2.609999895095825,3500,0.0,0.0
2024-01-22 00:00:00-05:00,2.5999999046325684,2.6549999713897705,2.5999999046325684,2.6549999713897705,1000,0.0,0.0
2024-01-23 00:00:00-05:00,2.630000114440918,2.630000114440918,2.619999885559082,2.619999885559082,2700,0.0,0.0
2024-01-24 00:00:00-05:00,2.7799999713897705,2.809999942779541,2.5829999446868896,2.5829999446868896,47200,0.0,0.0
2024-01-25 00:00:00-05:00,2.7300000190734863,2.799999952316284,2.687000036239624,2.799999952316284,2300,0.0,0.0
2024-01-26 00:00:00-05:00,2.759999990463257,2.759999990463257,2.680000066757202,2.700000047683716,37200,0.0,0.0
2024-01-29 00:00:00-05:00,2.7100000381469727,2.7100000381469727,2.7100000381469727,2.7100000381469727,400,0.0,0.0
2024-01-30 00:00:00-05:00,2.75,2.88700008392334,2.700000047683716,2.75,4400,0.0,0.0
2024-01-31 00:00:00-05:00,2.739000082015991,2.739000082015991,2.619999885559082,2.680000066757202,2800,0.0,0.0
2024-02-01 00:00:00-05:00,2.625,2.6500000953674316,2.619999885559082,2.640000104904175,8500,0.0,0.0
2024-02-02 00:00:00-05:00,2.5199999809265137,2.5199999809265137,2.319999933242798,2.5,7500,0.0,0.0
2024-02-05 00:00:00-05:00,2.555000066757202,2.690000057220459,2.505000114440918,2.690000057220459,5500,0.0,0.0
2024-02-06 00:00:00-05:00,2.619999885559082,2.619999885559082,2.497999906539917,2.5899999141693115,7900,0.0,0.0
2024-02-07 00:00:00-05:00,2.430000066757202,2.6080000400543213,2.430000066757202,2.5999999046325684,6800,0.0,0.0
2024-02-08 00:00:00-05:00,2.559999942779541,2.634999990463257,2.390000104904175,2.4700000286102295,3100,0.0,0.0
2024-02-09 00:00:00-05:00,2.450000047683716,2.5450000762939453,2.450000047683716,2.5,3100,0.0,0.0
2024-02-12 00:00:00-05:00,2.4800000190734863,2.5899999141693115,2.4700000286102295,2.5799999237060547,6200,0.0,0.0
2024-02-13 00:00:00-05:00,2.5,2.5299999713897705,2.3949999809265137,2.4800000190734863,3300,0.0,0.0
2024-02-14 00:00:00-05:00,2.440000057220459,2.549999952316284,2.4000000953674316,2.549999952316284,9200,0.0,0.0
2024-02-15 00:00:00-05:00,2.549999952316284,2.5999999046325684,2.5,2.5999999046325684,25700,0.0,0.0
2024-02-16 00:00:00-05:00,2.490000009536743,2.549999952316284,2.490000009536743,2.5399999618530273,6200,0.0,0.0
2024-02-20 00:00:00-05:00,2.5320000648498535,2.5899999141693115,2.5320000648498535,2.5899999141693115,800,0.0,0.0
2024-02-21 00:00:00-05:00,2.5299999713897705,2.5299999713897705,2.3989999294281006,2.5299999713897705,700,0.0,0.0
2024-02-22 00:00:00-05:00,2.5,2.5999999046325684,2.5,2.5999999046325684,2000,0.0,0.0
2024-02-23 00:00:00-05:00,2.559999942779541,2.6649999618530273,2.559999942779541,2.6600000858306885,3600,0.0,0.0
2024-02-26 00:00:00-05:00,2.5999999046325684,2.5999999046325684,2.5,2.5399999618530273,3900,0.0,0.0
2024-02-27 00:00:00-05:00,2.5999999046325684,2.687000036239624,2.549999952316284,2.687000036239624,2700,0.0,0.0
2024-02-28 00:00:00-05:00,2.5850000381469727,2.640000104904175,2.559999942779541,2.640000104904175,1500,0.0,0.0
2024-02-29 00:00:00-05:00,2.5,2.630000114440918,2.3399999141693115,2.619999885559082,14000,0.0,0.0
2024-03-01 00:00:00-05:00,2.5999999046325684,2.619999885559082,2.5999999046325684,2.619999885559082,2000,0.0,0.0
2024-03-04 00:00:00-05:00,2.390000104904175,2.630000114440918,2.390000104904175,2.630000114440918,6000,0.0,0.0
2024-03-05 00:00:00-05:00,2.430000066757202,2.5950000286102295,2.430000066757202,2.569999933242798,1000,0.0,0.0
2024-03-06 00:00:00-05:00,2.5899999141693115,2.640000104904175,2.559999942779541,2.615000009536743,16200,0.0,0.0
2024-03-07 00:00:00-05:00,2.5999999046325684,2.6500000953674316,2.5999999046325684,2.609999895095825,1100,0.0,0.0
2024-03-08 00:00:00-05:00,2.575000047683716,2.700000047683716,2.569999933242798,2.700000047683716,8300,0.0,0.0
2024-03-11 00:00:00-04:00,2.6700000762939453,2.6700000762939453,2.440000057220459,2.444999933242798,74700,0.0,0.0
2024-03-12 00:00:00-04:00,2.430000066757202,2.5999999046325684,2.4000000953674316,2.5999999046325684,16100,0.0,0.0
2024-03-13 00:00:00-04:00,2.450000047683716,2.609999895095825,2.440000057220459,2.5,3200,0.0,0.0
2024-03-14 00:00:00-04:00,2.440000057220459,2.5299999713897705,2.440000057220459,2.5199999809265137,5600,0.0,0.0
2024-03-15 00:00:00-04:00,2.390000104904175,2.562999963760376,2.359999895095825,2.5250000953674316,2400,0.0,0.0
2024-03-18 00:00:00-04:00,2.3610000610351562,2.6029999256134033,2.3610000610351562,2.390000104904175,7600,0.0,0.0
2024-03-19 00:00:00-04:00,2.4100000858306885,2.5199999809265137,2.38100004196167,2.430000066757202,4400,0.0,0.0
2024-03-20 00:00:00-04:00,2.390000104904175,2.5139999389648438,2.390000104904175,2.5,1800,0.0,0.0
2024-03-21 00:00:00-04:00,2.38700008392334,2.489000082015991,2.25,2.4100000858306885,11500,0.0,0.0
2024-03-22 00:00:00-04:00,2.359999895095825,2.384999990463257,2.359999895095825,2.372999906539917,1800,0.0,0.0
2024-03-25 00:00:00-04:00,2.369999885559082,2.4000000953674316,2.369999885559082,2.4000000953674316,3300,0.0,0.0
2024-03-26 00:00:00-04:00,2.4000000953674316,2.440000057220459,2.359999895095825,2.440000057220459,1000,0.0,0.0
2024-03-27 00:00:00-04:00,2.359999895095825,2.390000104904175,2.309999942779541,2.380000114440918,5200,0.0,0.0
2024-03-28 00:00:00-04:00,2.378000020980835,2.9000000953674316,2.378000020980835,2.880000114440918,57700,0.0,0.0
2024-04-01 00:00:00-04:00,2.809999942779541,2.878000020980835,2.5999999046325684,2.680000066757202,23000,0.0,0.0
2024-04-02 00:00:00-04:00,2.5199999809265137,2.7100000381469727,2.421999931335449,2.5199999809265137,19700,0.0,0.0
2024-04-03 00:00:00-04:00,2.5299999713897705,2.569999933242798,2.359999895095825,2.569999933242798,12600,0.0,0.0
2024-04-04 00:00:00-04:00,2.430000066757202,2.509999990463257,2.4049999713897705,2.5,4800,0.0,0.0
2024-04-05 00:00:00-04:00,2.4200000762939453,2.5450000762939453,2.3499999046325684,2.5329999923706055,2600,0.0,0.0
2024-04-08 00:00:00-04:00,2.380000114440918,3.1500000953674316,2.380000114440918,2.5999999046325684,54700,0.0,0.0
2024-04-09 00:00:00-04:00,2.553999900817871,2.5999999046325684,2.497999906539917,2.5999999046325684,17700,0.0,0.0
2024-04-10 00:00:00-04:00,2.5,2.5299999713897705,2.369999885559082,2.5199999809265137,14500,0.0,0.0
2024-04-11 00:00:00-04:00,2.5260000228881836,2.5399999618530273,2.4600000381469727,2.4800000190734863,3000,0.0,0.0
2024-04-12 00:00:00-04:00,2.5199999809265137,2.5899999141693115,2.4800000190734863,2.4800000190734863,12100,0.0,0.0
2024-04-15 00:00:00-04:00,2.4200000762939453,2.561000108718872,2.4000000953674316,2.4200000762939453,8100,0.0,0.0
2024-04-16 00:00:00-04:00,2.3399999141693115,2.5899999141693115,2.3399999141693115,2.5899999141693115,6500,0.0,0.0
2024-04-17 00:00:00-04:00,2.4000000953674316,2.569999933242798,2.3399999141693115,2.4100000858306885,16300,0.0,0.0
2024-04-18 00:00:00-04:00,2.3499999046325684,2.380000114440918,2.319999933242798,2.3499999046325684,10800,0.0,0.0
2024-04-19 00:00:00-04:00,2.299999952316284,2.5,2.25,2.440000057220459,9400,0.0,0.0
2024-04-22 00:00:00-04:00,2.3499999046325684,2.4800000190734863,2.319999933242798,2.424999952316284,9500,0.0,0.0
2024-04-23 00:00:00-04:00,2.4000000953674316,2.4749999046325684,2.365000009536743,2.369999885559082,2700,0.0,0.0
2024-04-24 00:00:00-04:00,2.4800000190734863,2.4800000190734863,2.4600000381469727,2.4600000381469727,700,0.0,0.0
2024-04-25 00:00:00-04:00,2.4149999618530273,2.430000066757202,2.4000000953674316,2.4000000953674316,500,0.0,0.0
2024-04-26 00:00:00-04:00,2.440000057220459,2.4600000381469727,2.4100000858306885,2.4600000381469727,6800,0.0,0.0
2024-04-29 00:00:00-04:00,2.4800000190734863,2.4800000190734863,2.259999990463257,2.4700000286102295,2700,0.0,0.0
2024-04-30 00:00:00-04:00,2.4149999618530273,2.4700000286102295,2.309999942779541,2.309999942779541,1500,0.0,0.0
2024-05-01 00:00:00-04:00,2.4619998931884766,2.569999933242798,2.309999942779541,2.5399999618530273,6600,0.0,0.0
2024-05-02 00:00:00-04:00,2.384999990463257,2.430000066757202,2.384000062942505,2.430000066757202,3100,0.0,0.0
2024-05-03 00:00:00-04:00,2.450000047683716,2.5450000762939453,2.4000000953674316,2.5450000762939453,4000,0.0,0.0
2024-05-06 00:00:00-04:00,2.4700000286102295,2.5,2.4200000762939453,2.490000009536743,2600,0.0,0.0
2024-05-07 00:00:00-04:00,2.5199999809265137,2.569999933242798,2.4800000190734863,2.569999933242798,1700,0.0,0.0
2024-05-08 00:00:00-04:00,2.559999942779541,2.630000114440918,2.559999942779541,2.630000114440918,500,0.0,0.0
2024-05-09 00:00:00-04:00,2.5299999713897705,2.5799999237060547,2.506999969482422,2.506999969482422,1100,0.0,0.0
2024-05-10 00:00:00-04:00,2.630000114440918,2.630000114440918,2.5299999713897705,2.5299999713897705,1000,0.0,0.0
2024-05-13 00:00:00-04:00,2.568000078201294,2.6500000953674316,2.549999952316284,2.609999895095825,1600,0.0,0.0
2024-05-14 00:00:00-04:00,2.569999933242798,2.640000104904175,2.505000114440918,2.640000104904175,10400,0.0,0.0
2024-05-15 00:00:00-04:00,2.609999895095825,2.6500000953674316,2.430000066757202,2.50600004196167,8900,0.0,0.0
2024-05-16 00:00:00-04:00,2.5739998817443848,2.5739998817443848,2.5739998817443848,2.5739998817443848,300,0.0,0.0
2024-05-17 00:00:00-04:00,2.630000114440918,2.7100000381469727,2.630000114440918,2.7100000381469727,12400,0.0,0.0
2024-05-20 00:00:00-04:00,2.8399999141693115,2.9200000762939453,2.7100000381469727,2.8499999046325684,16800,0.0,0.0
2024-05-21 00:00:00-04:00,2.811000108718872,2.9000000953674316,2.7860000133514404,2.9000000953674316,4000,0.0,0.0
2024-05-22 00:00:00-04:00,2.9000000953674316,3.015000104904175,2.9000000953674316,3.0,22700,0.0,0.0
2024-05-23 00:00:00-04:00,3.0480000972747803,3.0480000972747803,2.5999999046325684,2.9600000381469727,23600,0.0,0.0
2024-05-24 00:00:00-04:00,3.0,3.0,2.9000000953674316,2.9010000228881836,17300,0.0,0.0
2024-05-28 00:00:00-04:00,2.9000000953674316,2.9089999198913574,2.880000114440918,2.9089999198913574,2000,0.0,0.0
2024-05-29 00:00:00-04:00,2.819999933242798,2.9000000953674316,2.680000066757202,2.7899999618530273,11900,0.0,0.0
2024-05-30 00:00:00-04:00,2.799999952316284,2.825000047683716,2.75,2.75,17300,0.0,0.0
2024-05-31 00:00:00-04:00,2.799999952316284,2.799999952316284,2.609999895095825,2.740000009536743,22100,0.0,0.0
2024-06-03 00:00:00-04:00,2.7200000286102295,2.75,2.6500000953674316,2.6600000858306885,8800,0.0,0.0
2024-06-04 00:00:00-04:00,2.640000104904175,2.859999895095825,2.609999895095825,2.799999952316284,18400,0.0,0.0
2024-06-05 00:00:00-04:00,2.7799999713897705,2.799999952316284,2.7200000286102295,2.7709999084472656,3000,0.0,0.0
2024-06-06 00:00:00-04:00,2.799999952316284,2.799999952316284,2.630000114440918,2.6600000858306885,3200,0.0,0.0
2024-06-07 00:00:00-04:00,2.7699999809265137,2.890000104904175,2.746000051498413,2.890000104904175,4400,0.0,0.0
2024-06-10 00:00:00-04:00,2.619999885559082,2.690000057220459,2.5799999237060547,2.690000057220459,9800,0.0,0.0
2024-06-11 00:00:00-04:00,2.5399999618530273,2.5799999237060547,2.4149999618530273,2.5450000762939453,4100,0.0,0.0
2024-06-12 00:00:00-04:00,2.5299999713897705,2.5299999713897705,2.430000066757202,2.4800000190734863,7800,0.0,0.0
2024-06-13 00:00:00-04:00,2.384000062942505,2.384000062942505,2.319999933242798,2.369999885559082,1500,0.0,0.0
2024-06-14 00:00:00-04:00,2.2100000381469727,2.3499999046325684,2.174999952316284,2.3499999046325684,19300,0.0,0.0
2024-06-17 00:00:00-04:00,2.2200000286102295,2.2200000286102295,2.0999999046325684,2.0999999046325684,10500,0.0,0.0
2024-06-18 00:00:00-04:00,2.1600000858306885,2.1700000762939453,2.0199999809265137,2.0199999809265137,27300,0.0,0.0
2024-06-20 00:00:00-04:00,2.1700000762939453,2.1700000762939453,2.140000104904175,2.140000104904175,2500,0.0,0.0
2024-06-21 00:00:00-04:00,2.130000114440918,2.140000104904175,2.109999895095825,2.140000104904175,5800,0.0,0.0
2024-06-24 00:00:00-04:00,2.0899999141693115,2.109999895095825,2.0199999809265137,2.0199999809265137,32400,0.0,0.0
2024-06-25 00:00:00-04:00,2.0450000762939453,2.0999999046325684,1.9600000381469727,1.9900000095367432,16100,0.0,0.0
2024-06-26 00:00:00-04:00,2.049999952316284,2.0799999237060547,2.0199999809265137,2.0199999809265137,1800,0.0,0.0
2024-06-27 00:00:00-04:00,2.0899999141693115,2.130000114440918,1.9900000095367432,1.9900000095367432,6700,0.0,0.0
2024-06-28 00:00:00-04:00,2.009999990463257,2.009999990463257,1.9249999523162842,1.940000057220459,13800,0.0,0.0
2024-07-01 00:00:00-04:00,2.059999942779541,2.0799999237060547,2.059999942779541,2.0799999237060547,4400,0.0,0.0
2024-07-02 00:00:00-04:00,2.059999942779541,2.059999942779541,2.059999942779541,2.059999942779541,200,0.0,0.0
2024-07-03 00:00:00-04:00,2.180000066757202,2.180000066757202,2.1500000953674316,2.1500000953674316,6900,0.0,0.0
2024-07-05 00:00:00-04:00,2.109999895095825,2.119999885559082,1.9900000095367432,1.9900000095367432,1700,0.0,0.0
2024-07-08 00:00:00-04:00,2.119999885559082,2.1559998989105225,2.119999885559082,2.1500000953674316,1300,0.0,0.0
2024-07-09 00:00:00-04:00,2.1600000858306885,2.1600000858306885,2.1600000858306885,2.1600000858306885,3400,0.0,0.0
2024-07-10 00:00:00-04:00,2.1500000953674316,2.1600000858306885,2.1500000953674316,2.1600000858306885,400,0.0,0.0
2024-07-11 00:00:00-04:00,2.184999942779541,2.190000057220459,2.066999912261963,2.0950000286102295,1900,0.0,0.0
2024-07-12 00:00:00-04:00,2.2300000190734863,2.380000114440918,2.059999942779541,2.2249999046325684,58900,0.0,0.0
2024-07-15 00:00:00-04:00,2.2799999713897705,2.2799999713897705,2.119999885559082,2.119999885559082,9300,0.0,0.0
2024-07-16 00:00:00-04:00,2.2100000381469727,2.2100000381469727,2.1500000953674316,2.1500000953674316,3100,0.0,0.0
2024-07-17 00:00:00-04:00,2.2200000286102295,2.2200000286102295,2.200000047683716,2.200000047683716,700,0.0,0.0
2024-07-18 00:00:00-04:00,2.190000057220459,2.190000057220459,2.1519999504089355,2.1600000858306885,5400,0.0,0.0
2024-07-19 00:00:00-04:00,2.23799991607666,2.23799991607666,2.117000102996826,2.1500000953674316,1700,0.0,0.0
2024-07-22 00:00:00-04:00,2.2200000286102295,2.25,2.1600000858306885,2.1600000858306885,2100,0.0,0.0
2024-07-23 00:00:00-04:00,2.299999952316284,2.299999952316284,2.2200000286102295,2.2200000286102295,1100,0.0,0.0
2024-07-24 00:00:00-04:00,2.259999990463257,2.2699999809265137,2.194999933242798,2.259999990463257,1300,0.0,0.0
2024-07-25 00:00:00-04:00,2.2200000286102295,2.2200000286102295,2.0899999141693115,2.0899999141693115,500,0.0,0.0
2024-07-26 00:00:00-04:00,2.2200000286102295,2.25,2.069999933242798,2.130000114440918,10100,0.0,0.0
2024-07-29 00:00:00-04:00,2.200000047683716,2.200000047683716,2.069999933242798,2.115000009536743,9800,0.0,0.0
2024-07-30 00:00:00-04:00,2.130000114440918,2.180000066757202,2.1050000190734863,2.1050000190734863,8700,0.0,0.0
2024-07-31 00:00:00-04:00,2.1500000953674316,2.2300000190734863,2.1449999809265137,2.1449999809265137,800,0.0,0.0
2024-08-01 00:00:00-04:00,2.1600000858306885,2.200000047683716,2.1600000858306885,2.180000066757202,4900,0.0,0.0
2024-08-02 00:00:00-04:00,2.1500000953674316,2.180000066757202,2.059999942779541,2.1449999809265137,2600,0.0,0.0
2024-08-05 00:00:00-04:00,2.059999942779541,2.0899999141693115,2.059999942779541,2.069999933242798,5600,0.0,0.0
2024-08-06 00:00:00-04:00,2.059999942779541,2.244999885559082,2.059999942779541,2.240000009536743,7400,0.0,0.0
2024-08-07 00:00:00-04:00,2.130000114440918,2.1449999809265137,2.130000114440918,2.130000114440918,13300,0.0,0.0
2024-08-08 00:00:00-04:00,2.1500000953674316,2.259000062942505,2.1500000953674316,2.259000062942505,600,0.0,0.0
2024-08-09 00:00:00-04:00,2.1500000953674316,2.259999990463257,2.1500000953674316,2.259999990463257,700,0.0,0.0
2024-08-12 00:00:00-04:00,2.140000104904175,2.299999952316284,2.140000104904175,2.2100000381469727,7300,0.0,0.0
2024-08-13 00:00:00-04:00,2.1500000953674316,2.180000066757202,2.1500000953674316,2.1500000953674316,7900,0.0,0.0
2024-08-14 00:00:00-04:00,2.2300000190734863,2.319999933242798,2.2100000381469727,2.319999933242798,2900,0.0,0.0
2024-08-15 00:00:00-04:00,2.180000066757202,2.240000009536743,2.180000066757202,2.2160000801086426,2500,0.0,0.0
2024-08-16 00:00:00-04:00,2.240000009536743,2.240000009536743,2.2100000381469727,2.2100000381469727,1200,0.0,0.0
2024-08-19 00:00:00-04:00,2.2300000190734863,2.3299999237060547,2.2300000190734863,2.3299999237060547,13000,0.0,0.0
2024-08-20 00:00:00-04:00,2.240000009536743,2.3399999141693115,2.109999895095825,2.3399999141693115,11200,0.0,0.0
2024-08-21 00:00:00-04:00,2.25,2.359999895095825,2.180000066757202,2.3399999141693115,9900,0.0,0.0
2024-08-22 00:00:00-04:00,2.25,2.3299999237060547,2.177000045776367,2.259999990463257,11300,0.0,0.0
2024-08-23 00:00:00-04:00,2.259999990463257,2.3399999141693115,2.190000057220459,2.2100000381469727,2900,0.0,0.0
2024-08-26 00:00:00-04:00,2.2100000381469727,2.2200000286102295,2.2100000381469727,2.2200000286102295,400,0.0,0.0
2024-08-27 00:00:00-04:00,2.1700000762939453,2.309999942779541,2.1600000858306885,2.1600000858306885,6200,0.0,0.0
2024-08-28 00:00:00-04:00,2.0999999046325684,2.319999933242798,2.0999999046325684,2.255000114440918,8200,0.0,0.0
2024-08-29 00:00:00-04:00,2.309999942779541,2.440000057220459,2.119999885559082,2.440000057220459,8300,0.0,0.0
2024-08-30 00:00:00-04:00,2.25,2.4000000953674316,2.25,2.2950000762939453,2000,0.0,0.0
2024-09-03 00:00:00-04:00,2.25,2.3399999141693115,2.2200000286102295,2.2829999923706055,3800,0.0,0.0
2024-09-04 00:00:00-04:00,2.259999990463257,2.3499999046325684,2.140000104904175,2.2300000190734863,7300,0.0,0.0
2024-09-05 00:00:00-04:00,2.309999942779541,2.309999942779541,2.309999942779541,2.309999942779541,500,0.0,0.0
2024-09-06 00:00:00-04:00,2.3399999141693115,2.3399999141693115,2.309999942779541,2.309999942779541,1700,0.0,0.0
2024-09-09 00:00:00-04:00,2.2899999618530273,2.4070000648498535,2.2200000286102295,2.25,12900,0.0,0.0
2024-09-10 00:00:00-04:00,2.3610000610351562,2.380000114440918,2.3299999237060547,2.380000114440918,1800,0.0,0.0
2024-09-11 00:00:00-04:00,2.309999942779541,2.369999885559082,2.2950000762939453,2.359999895095825,2100,0.0,0.0
2024-09-12 00:00:00-04:00,2.2799999713897705,2.319999933242798,2.2699999809265137,2.2799999713897705,8200,0.0,0.0
2024-09-13 00:00:00-04:00,2.2799999713897705,2.3510000705718994,2.2190001010894775,2.259999990463257,12700,0.0,0.0
2024-09-16 00:00:00-04:00,2.2200000286102295,2.259999990463257,2.1600000858306885,2.1700000762939453,8500,0.0,0.0
2024-09-17 00:00:00-04:00,2.2200000286102295,2.2899999618530273,2.119999885559082,2.2100000381469727,8500,0.0,0.0
2024-09-18 00:00:00-04:00,2.234999895095825,2.25,2.0739998817443848,2.25,9800,0.0,0.0
2024-09-19 00:00:00-04:00,2.25,2.25,2.2100000381469727,2.25,4300,0.0,0.0
2024-09-20 00:00:00-04:00,2.25,2.25,2.25,2.25,400,0.0,0.0
2024-09-23 00:00:00-04:00,2.1700000762939453,2.259999990463257,2.1700000762939453,2.200000047683716,6600,0.0,0.0
2024-09-24 00:00:00-04:00,2.2300000190734863,2.259999990463257,2.200000047683716,2.200000047683716,2000,0.0,0.0
2024-09-25 00:00:00-04:00,2.200000047683716,2.200000047683716,2.115999937057495,2.140000104904175,25300,0.0,0.0
2024-09-26 00:00:00-04:00,2.200000047683716,2.2300000190734863,2.1010000705718994,2.1500000953674316,27000,0.0,0.0
2024-09-27 00:00:00-04:00,2.2100000381469727,2.2100000381469727,2.1649999618530273,2.200000047683716,3000,0.0,0.0
2024-09-30 00:00:00-04:00,2.2699999809265137,2.2899999618530273,2.1600000858306885,2.2899999618530273,24600,0.0,0.0
2024-10-01 00:00:00-04:00,2.240000009536743,2.240000009536743,2.1500000953674316,2.1500000953674316,14600,0.0,0.0
2024-10-02 00:00:00-04:00,2.1530001163482666,2.1700000762939453,2.1530001163482666,2.1700000762939453,9100,0.0,0.0
2024-10-03 00:00:00-04:00,2.0999999046325684,2.2699999809265137,2.0999999046325684,2.2699999809265137,700,0.0,0.0
2024-10-04 00:00:00-04:00,2.0999999046325684,2.240000009536743,2.0999999046325684,2.1679999828338623,1900,0.0,0.0
2024-10-07 00:00:00-04:00,2.140000104904175,2.140000104904175,2.059999942779541,2.059999942779541,15700,0.0,0.0
2024-10-08 00:00:00-04:00,2.0899999141693115,2.140000104904175,2.069999933242798,2.140000104904175,1300,0.0,0.0
2024-10-09 00:00:00-04:00,2.049999952316284,2.1050000190734863,2.0299999713897705,2.1050000190734863,4800,0.0,0.0
2024-10-10 00:00:00-04:00,2.059999942779541,2.059999942779541,1.9700000286102295,1.9800000190734863,16600,0.0,0.0
2024-10-11 00:00:00-04:00,2.0199999809265137,2.069999933242798,2.0,2.069999933242798,6700,0.0,0.0
2024-10-14 00:00:00-04:00,2.049999952316284,2.049999952316284,1.940000057220459,2.0199999809265137,13400,0.0,0.0
2024-10-15 00:00:00-04:00,2.0299999713897705,2.0299999713897705,2.0299999713897705,2.0299999713897705,1000,0.0,0.0
2024-10-16 00:00:00-04:00,2.0299999713897705,2.0999999046325684,2.0299999713897705,2.0999999046325684,3900,0.0,0.0
2024-10-17 00:00:00-04:00,2.0299999713897705,2.0299999713897705,1.9800000190734863,2.009999990463257,13000,0.0,0.0
2024-10-18 00:00:00-04:00,2.009999990463257,2.0350000858306885,1.934999942779541,2.0350000858306885,25100,0.0,0.0
2024-10-21 00:00:00-04:00,1.9800000190734863,1.9800000190734863,1.8799999952316284,1.9199999570846558,45800,0.0,0.0
2024-10-22 00:00:00-04:00,1.899999976158142,1.9500000476837158,1.8650000095367432,1.9149999618530273,2000,0.0,0.0
2024-10-23 00:00:00-04:00,1.850000023841858,1.9299999475479126,1.7920000553131104,1.9299999475479126,6000,0.0,0.0
2024-10-24 00:00:00-04:00,1.8799999952316284,1.8799999952316284,1.7000000476837158,1.8450000286102295,5100,0.0,0.0
2024-10-25 00:00:00-04:00,1.840000033378601,1.840000033378601,1.7999999523162842,1.7999999523162842,800,0.0,0.0
2024-10-28 00:00:00-04:00,1.7699999809265137,1.7799999713897705,1.7100000381469727,1.7100000381469727,34100,0.0,0.0
2024-10-29 00:00:00-04:00,1.809999942779541,1.8600000143051147,1.8049999475479126,1.850000023841858,2800,0.0,0.0
2024-10-30 00:00:00-04:00,1.840000033378601,1.843000054359436,1.7649999856948853,1.8300000429153442,9200,0.0,0.0
2024-10-31 00:00:00-04:00,1.8940000534057617,1.9500000476837158,1.7999999523162842,1.8910000324249268,14800,0.0,0.0
2024-11-01 00:00:00-04:00,1.8300000429153442,1.909999966621399,1.8300000429153442,1.875,6600,0.0,0.0
2024-11-04 00:00:00-05:00,1.940000057220459,1.940000057220459,1.7999999523162842,1.8300000429153442,2100,0.0,0.0
2024-11-05 00:00:00-05:00,1.7330000400543213,1.7799999713897705,1.7300000190734863,1.7799999713897705,4000,0.0,0.0
2024-11-06 00:00:00-05:00,2.059999942779541,2.059999942779541,2.059999942779541,2.059999942779541,300,0.0,0.0
2024-11-07 00:00:00-05:00,1.8200000524520874,1.850000023841858,1.7089999914169312,1.8450000286102295,3800,0.0,0.0
2024-11-08 00:00:00-05:00,1.5700000524520874,1.8700000047683716,1.5700000524520874,1.840999960899353,7100,0.0,0.0
2024-11-11 00:00:00-05:00,1.690000057220459,2.0,1.6799999475479126,1.850000023841858,7400,0.0,0.0
2024-11-12 00:00:00-05:00,1.75,1.909999966621399,1.75,1.899999976158142,8900,0.0,0.0
2024-11-13 00:00:00-05:00,1.7000000476837158,1.7000000476837158,1.6749999523162842,1.6759999990463257,4000,0.0,0.0
2024-11-14 00:00:00-05:00,1.649999976158142,1.6829999685287476,1.6150000095367432,1.6649999618530273,5800,0.0,0.0
2024-11-15 00:00:00-05:00,1.600000023841858,1.659999966621399,1.440000057220459,1.440000057220459,20100,0.0,0.0
2024-11-18 00:00:00-05:00,1.4500000476837158,1.6610000133514404,1.2899999618530273,1.5299999713897705,41600,0.0,0.0
2024-11-19 00:00:00-05:00,1.5499999523162842,1.6100000143051147,1.4830000400543213,1.4900000095367432,11600,0.0,0.0
2024-11-20 00:00:00-05:00,1.600000023841858,1.7000000476837158,1.600000023841858,1.6859999895095825,7700,0.0,0.0
2024-11-21 00:00:00-05:00,1.649999976158142,1.7000000476837158,1.559999942779541,1.7000000476837158,1300,0.0,0.0
2024-11-22 00:00:00-05:00,1.600000023841858,1.7000000476837158,1.5399999618530273,1.6299999952316284,8000,0.0,0.0
2024-11-25 00:00:00-05:00,1.559999942779541,1.5700000524520874,1.4500000476837158,1.4500000476837158,69400,0.0,0.0
2024-11-26 00:00:00-05:00,1.4800000190734863,1.5,1.4800000190734863,1.5,9700,0.0,0.0
2024-11-27 00:00:00-05:00,1.590000033378601,1.590000033378601,1.5,1.5,6900,0.0,0.0
2024-11-29 00:00:00-05:00,1.4900000095367432,1.5499999523162842,1.4900000095367432,1.5399999618530273,3500,0.0,0.0
2024-12-02 00:00:00-05:00,1.559999942779541,1.559999942779541,1.4500000476837158,1.4600000381469727,10700,0.0,0.0
2024-12-03 00:00:00-05:00,1.5099999904632568,1.5099999904632568,1.5099999904632568,1.5099999904632568,500,0.0,0.0
2024-12-04 00:00:00-05:00,1.5099999904632568,1.5099999904632568,1.409999966621399,1.4500000476837158,14900,0.0,0.0
2024-12-05 00:00:00-05:00,1.4600000381469727,1.4600000381469727,1.4299999475479126,1.4500000476837158,21600,0.0,0.0
2024-12-06 00:00:00-05:00,1.6200000047683716,1.6200000047683716,1.4299999475479126,1.4700000286102295,40900,0.0,0.0
2024-12-09 00:00:00-05:00,1.840000033378601,1.940000057220459,1.5700000524520874,1.899999976158142,13103600,0.0,0.0
2024-12-10 00:00:00-05:00,1.7999999523162842,1.850000023841858,1.649999976158142,1.7999999523162842,760300,0.0,0.0
2024-12-11 00:00:00-05:00,1.659999966621399,1.7300000190734863,1.5199999809265137,1.690000057220459,301500,0.0,0.0
2024-12-12 00:00:00-05:00,1.5700000524520874,1.6399999856948853,1.5399999618530273,1.5499999523162842,126600,0.0,0.0
2024-12-13 00:00:00-05:00,1.5,3.510999917984009,1.4700000286102295,3.0199999809265137,13593100,0.0,0.0
2024-12-16 00:00:00-05:00,2.441999912261963,2.6700000762939453,2.065000057220459,2.369999885559082,958800,0.0,0.0
2024-12-17 00:00:00-05:00,2.119999885559082,2.309999942779541,2.119999885559082,2.1500000953674316,196600,0.0,0.0
2024-12-18 00:00:00-05:00,2.184999942779541,2.359999895095825,2.111999988555908,2.1600000858306885,156600,0.0,0.0
2024-12-19 00:00:00-05:00,2.1500000953674316,2.180000066757202,2.0799999237060547,2.1600000858306885,43800,0.0,0.0
2024-12-20 00:00:00-05:00,2.0799999237060547,2.0999999046325684,2.0250000953674316,2.049999952316284,48500,0.0,0.0
2024-12-23 00:00:00-05:00,2.0399999618530273,2.1459999084472656,2.01200008392334,2.0999999046325684,38000,0.0,0.0
2024-12-24 00:00:00-05:00,2.059999942779541,2.0799999237060547,2.0320000648498535,2.059999942779541,24100,0.0,0.0
2024-12-26 00:00:00-05:00,2.069999933242798,2.119999885559082,2.0299999713897705,2.109999895095825,41700,0.0,0.0
2024-12-27 00:00:00-05:00,2.109999895095825,2.140000104904175,2.0399999618530273,2.1110000610351562,33400,0.0,0.0
2024-12-30 00:00:00-05:00,2.0929999351501465,2.0929999351501465,1.809999942779541,1.9500000476837158,101600,0.0,0.0
2024-12-31 00:00:00-05:00,1.940000057220459,1.9550000429153442,1.7649999856948853,1.840000033378601,49400,0.0,0.0
2025-01-02 00:00:00-05:00,1.940000057220459,1.940000057220459,1.8700000047683716,1.8700000047683716,38400,0.0,0.0
2025-01-03 00:00:00-05:00,1.899999976158142,1.940000057220459,1.7999999523162842,1.8700000047683716,25700,0.0,0.0
2025-01-06 00:00:00-05:00,1.9199999570846558,1.9500000476837158,1.850000023841858,1.8799999952316284,80200,0.0,0.0
2025-01-07 00:00:00-05:00,1.8899999856948853,1.8899999856948853,1.8300000429153442,1.8600000143051147,15200,0.0,0.0
2025-01-08 00:00:00-05:00,1.8700000047683716,1.8700000047683716,1.6399999856948853,1.8300000429153442,38400,0.0,0.0
2025-01-10 00:00:00-05:00,1.8300000429153442,1.8300000429153442,1.7400000095367432,1.7699999809265137,75000,0.0,0.0
2025-01-13 00:00:00-05:00,1.7899999618530273,1.8700000047683716,1.7799999713897705,1.8200000524520874,29600,0.0,0.0
2025-01-14 00:00:00-05:00,1.8200000524520874,1.8300000429153442,1.75,1.784999966621399,12200,0.0,0.0
2025-01-15 00:00:00-05:00,1.7999999523162842,1.8009999990463257,1.600000023841858,1.7000000476837158,100200,0.0,0.0
2025-01-16 00:00:00-05:00,1.7300000190734863,1.75,1.6699999570846558,1.6699999570846558,31500,0.0,0.0
2025-01-17 00:00:00-05:00,1.7300000190734863,1.7400000095367432,1.649999976158142,1.690000057220459,13700,0.0,0.0
2025-01-21 00:00:00-05:00,1.7400000095367432,1.7699999809265137,1.7400000095367432,1.7649999856948853,11500,0.0,0.0
2025-01-22 00:00:00-05:00,1.7799999713897705,1.7799999713897705,1.7599999904632568,1.7699999809265137,4600,0.0,0.0
2025-01-23 00:00:00-05:00,1.7400000095367432,1.7400000095367432,1.6260000467300415,1.6699999570846558,21100,0.0,0.0
2025-01-24 00:00:00-05:00,1.75,1.7699999809265137,1.6699999570846558,1.7699999809265137,20400,0.0,0.0
2025-01-27 00:00:00-05:00,1.850000023841858,1.9199999570846558,1.7000000476837158,1.7999999523162842,385400,0.0,0.0
2025-01-28 00:00:00-05:00,1.7699999809265137,1.8300000429153442,1.7000000476837158,1.7599999904632568,45600,0.0,0.0
2025-01-29 00:00:00-05:00,1.7400000095367432,1.7999999523162842,1.7089999914169312,1.7599999904632568,21800,0.0,0.0
2025-01-30 00:00:00-05:00,1.7599999904632568,1.809999942779541,1.7400000095367432,1.7899999618530273,15300,0.0,0.0
2025-01-31 00:00:00-05:00,1.809999942779541,1.8300000429153442,1.7369999885559082,1.8300000429153442,10400,0.0,0.0
2025-02-03 00:00:00-05:00,1.8799999952316284,1.8799999952316284,1.7200000286102295,1.7200000286102295,20500,0.0,0.0
2025-02-04 00:00:00-05:00,1.9600000381469727,2.0,1.8300000429153442,1.9500000476837158,84100,0.0,0.0
2025-02-05 00:00:00-05:00,1.9700000286102295,1.9900000095367432,1.8899999856948853,1.9500000476837158,29100,0.0,0.0
2025-02-06 00:00:00-05:00,2.009999990463257,2.0999999046325684,1.9600000381469727,2.0,44800,0.0,0.0
2025-02-07 00:00:00-05:00,2.013000011444092,2.015000104904175,1.8300000429153442,1.899999976158142,29900,0.0,0.0
2025-02-10 00:00:00-05:00,1.940000057220459,1.940000057220459,1.8799999952316284,1.9199999570846558,5200,0.0,0.0
2025-02-11 00:00:00-05:00,1.940000057220459,1.940000057220459,1.8899999856948853,1.9199999570846558,12700,0.0,0.0
2025-02-12 00:00:00-05:00,1.940000057220459,1.940000057220459,1.8899999856948853,1.899999976158142,13700,0.0,0.0
2025-02-13 00:00:00-05:00,1.9299999475479126,1.9900000095367432,1.9299999475479126,1.9500000476837158,8900,0.0,0.0
2025-02-14 00:00:00-05:00,1.9900000095367432,1.9950000047683716,1.940000057220459,1.940000057220459,6400,0.0,0.0
2025-02-18 00:00:00-05:00,2.359999895095825,2.380000114440918,2.0399999618530273,2.3399999141693115,11531400,0.0,0.0
2025-02-19 00:00:00-05:00,2.190000057220459,2.259999990463257,2.130000114440918,2.194999933242798,372800,0.0,0.0
2025-02-20 00:00:00-05:00,2.069999933242798,2.259999990463257,2.069999933242798,2.259999990463257,224000,0.0,0.0
2025-02-21 00:00:00-05:00,2.240000009536743,2.259999990463257,2.1600000858306885,2.240000009536743,118000,0.0,0.0
2025-02-24 00:00:00-05:00,2.2300000190734863,2.5899999141693115,2.2300000190734863,2.5299999713897705,438600,0.0,0.0
2025-02-25 00:00:00-05:00,2.369999885559082,2.380000114440918,2.1700000762939453,2.200000047683716,137600,0.0,0.0
2025-02-26 00:00:00-05:00,2.299999952316284,2.319999933242798,2.259999990463257,2.259999990463257,33800,0.0,0.0
2025-02-27 00:00:00-05:00,2.2799999713897705,2.380000114440918,2.0399999618530273,2.1600000858306885,81900,0.0,0.0
2025-02-28 00:00:00-05:00,2.140000104904175,2.180000066757202,2.0399999618530273,2.119999885559082,41600,0.0,0.0
2025-03-03 00:00:00-05:00,2.180000066757202,2.180000066757202,2.0199999809265137,2.0899999141693115,24000,0.0,0.0
2025-03-04 00:00:00-05:00,2.0399999618530273,2.059999942779541,1.9900000095367432,1.9900000095367432,28800,0.0,0.0
2025-03-05 00:00:00-05:00,2.1500000953674316,2.1500000953674316,2.0399999618530273,2.0799999237060547,32600,0.0,0.0
2025-03-06 00:00:00-05:00,2.0899999141693115,2.109999895095825,2.059999942779541,2.0899999141693115,6200,0.0,0.0
2025-03-07 00:00:00-05:00,2.1500000953674316,2.1600000858306885,2.125,2.130000114440918,10000,0.0,0.0
2025-03-10 00:00:00-04:00,2.0999999046325684,2.1600000858306885,2.0299999713897705,2.059999942779541,27900,0.0,0.0
2025-03-11 00:00:00-04:00,2.055000066757202,2.0899999141693115,2.0,2.0,8300,0.0,0.0
2025-03-12 00:00:00-04:00,2.0199999809265137,2.0399999618530273,2.0,2.009999990463257,7500,0.0,0.0
2025-03-13 00:00:00-04:00,1.9900000095367432,2.009999990463257,1.9730000495910645,1.9950000047683716,9200,0.0,0.0
2025-03-14 00:00:00-04:00,1.9900000095367432,2.0,1.9199999570846558,2.0,17900,0.0,0.0
2025-03-17 00:00:00-04:00,2.0,2.0299999713897705,1.9800000190734863,2.0199999809265137,2500,0.0,0.0
2025-03-18 00:00:00-04:00,2.0199999809265137,2.0439999103546143,1.9500000476837158,1.9500000476837158,7700,0.0,0.0
2025-03-19 00:00:00-04:00,1.9600000381469727,2.0460000038146973,1.9600000381469727,2.0190000534057617,6600,0.0,0.0
2025-03-20 00:00:00-04:00,1.9950000047683716,1.9950000047683716,1.9950000047683716,1.9950000047683716,1200,0.0,0.0
2025-03-21 00:00:00-04:00,1.9900000095367432,2.049999952316284,1.9600000381469727,2.0399999618530273,18700,0.0,0.0
2025-03-24 00:00:00-04:00,2.009000062942505,2.013000011444092,1.9140000343322754,1.9670000076293945,58800,0.0,0.0
2025-03-25 00:00:00-04:00,1.9600000381469727,1.9700000286102295,1.9299999475479126,1.9700000286102295,4900,0.0,0.0
2025-03-26 00:00:00-04:00,2.0239999294281006,2.0299999713897705,1.7699999809265137,1.809999942779541,26400,0.0,0.0
2025-03-27 00:00:00-04:00,1.9199999570846558,2.0,1.9199999570846558,1.9700000286102295,14100,0.0,0.0
2025-03-28 00:00:00-04:00,2.0299999713897705,2.0299999713897705,1.9500000476837158,1.9800000190734863,11800,0.0,0.0
2025-03-31 00:00:00-04:00,1.9500000476837158,1.9500000476837158,1.7799999713897705,1.7799999713897705,21000,0.0,0.0
2025-04-01 00:00:00-04:00,1.9199999570846558,1.944000005722046,1.8350000381469727,1.909999966621399,11600,0.0,0.0
2025-04-02 00:00:00-04:00,1.9299999475479126,2.2100000381469727,1.7599999904632568,1.7899999618530273,116100,0.0,0.0
2025-04-03 00:00:00-04:00,1.9500000476837158,2.0299999713897705,1.909999966621399,1.9199999570846558,70700,0.0,0.0
2025-04-04 00:00:00-04:00,1.9800000190734863,2.061000108718872,1.7999999523162842,1.8300000429153442,40900,0.0,0.0
2025-04-07 00:00:00-04:00,1.75,1.8550000190734863,1.690999984741211,1.7100000381469727,12500,0.0,0.0
2025-04-08 00:00:00-04:00,1.7799999713897705,1.8700000047683716,1.7400000095367432,1.7860000133514404,53700,0.0,0.0
2025-04-09 00:00:00-04:00,1.7699999809265137,1.8200000524520874,1.7599999904632568,1.815999984741211,5200,0.0,0.0
2025-04-10 00:00:00-04:00,1.8619999885559082,1.86899995803833,1.8200000524520874,1.8200000524520874,4800,0.0,0.0
2025-04-11 00:00:00-04:00,1.8700000047683716,1.940000057220459,1.809999942779541,1.875,57900,0.0,0.0
2025-04-14 00:00:00-04:00,1.9299999475479126,1.9800000190734863,1.8300000429153442,1.899999976158142,15500,0.0,0.0
2025-04-15 00:00:00-04:00,1.9299999475479126,2.003000020980835,1.909999966621399,1.909999966621399,11800,0.0,0.0
2025-04-16 00:00:00-04:00,1.9600000381469727,1.9700000286102295,1.909999966621399,1.940000057220459,9100,0.0,0.0
2025-04-17 00:00:00-04:00,1.9600000381469727,1.9900000095367432,1.9600000381469727,1.9700000286102295,4300,0.0,0.0
2025-04-21 00:00:00-04:00,1.9800000190734863,1.9900000095367432,1.8550000190734863,1.9299999475479126,12600,0.0,0.0
2025-04-22 00:00:00-04:00,1.9199999570846558,1.9600000381469727,1.8359999656677246,1.9600000381469727,5100,0.0,0.0
2025-04-23 00:00:00-04:00,2.0999999046325684,2.190000057220459,1.9600000381469727,1.996000051498413,61200,0.0,0.0
2025-04-24 00:00:00-04:00,2.0,2.069999933242798,1.9700000286102295,2.009999990463257,7500,0.0,0.0
2025-04-25 00:00:00-04:00,2.0999999046325684,2.0999999046325684,1.9800000190734863,1.9800000190734863,29200,0.0,0.0
2025-04-28 00:00:00-04:00,2.0299999713897705,2.140000104904175,2.0199999809265137,2.0899999141693115,35200,0.0,0.0
2025-04-29 00:00:00-04:00,2.1500000953674316,2.299999952316284,2.140000104904175,2.200000047683716,38900,0.0,0.0
2025-04-30 00:00:00-04:00,2.299999952316284,2.299999952316284,2.190000057220459,2.2300000190734863,12000,0.0,0.0
2025-05-01 00:00:00-04:00,2.2149999141693115,2.3399999141693115,2.130000114440918,2.2149999141693115,44900,0.0,0.0
2025-05-02 00:00:00-04:00,2.2200000286102295,2.299999952316284,2.2200000286102295,2.259999990463257,7000,0.0,0.0
2025-05-05 00:00:00-04:00,2.2699999809265137,2.2699999809265137,2.180000066757202,2.239000082015991,8900,0.0,0.0
2025-05-06 00:00:00-04:00,2.2300000190734863,2.3499999046325684,2.180000066757202,2.25,27900,0.0,0.0
2025-05-07 00:00:00-04:00,2.25,2.4000000953674316,2.25,2.375,121900,0.0,0.0
2025-05-08 00:00:00-04:00,2.319999933242798,2.450000047683716,2.2200000286102295,2.380000114440918,121800,0.0,0.0
2025-05-09 00:00:00-04:00,2.440000057220459,2.559999942779541,2.299999952316284,2.438999891281128,44900,0.0,0.0
2025-05-12 00:00:00-04:00,2.369999885559082,2.4210000038146973,2.2699999809265137,2.319999933242798,22900,0.0,0.0
2025-05-13 00:00:00-04:00,2.319999933242798,2.319999933242798,2.0199999809265137,2.0399999618530273,85600,0.0,0.0
2025-05-14 00:00:00-04:00,2.190000057220459,2.190000057220459,2.0799999237060547,2.0799999237060547,16900,0.0,0.0
2025-05-15 00:00:00-04:00,2.140000104904175,2.1500000953674316,2.0999999046325684,2.109999895095825,10400,0.0,0.0
2025-05-16 00:00:00-04:00,2.109999895095825,2.119999885559082,2.059999942779541,2.109999895095825,9000,0.0,0.0
2025-05-19 00:00:00-04:00,2.109999895095825,2.1700000762939453,2.0799999237060547,2.0799999237060547,18200,0.0,0.0
2025-05-20 00:00:00-04:00,2.1600000858306885,2.1600000858306885,2.0950000286102295,2.119999885559082,18900,0.0,0.0
2025-05-21 00:00:00-04:00,2.180000066757202,2.180000066757202,2.140000104904175,2.140000104904175,13600,0.0,0.0
2025-05-22 00:00:00-04:00,2.1419999599456787,2.180000066757202,2.0950000286102295,2.180000066757202,6700,0.0,0.0
2025-05-23 00:00:00-04:00,2.1600000858306885,2.200000047683716,2.130000114440918,2.1600000858306885,7100,0.0,0.0
2025-05-27 00:00:00-04:00,2.200000047683716,2.200000047683716,2.109999895095825,2.1600000858306885,12200,0.0,0.0
2025-05-28 00:00:00-04:00,2.174999952316284,2.174999952316284,2.140000104904175,2.140000104904175,2200,0.0,0.0
2025-05-29 00:00:00-04:00,2.200000047683716,2.240000009536743,2.121999979019165,2.200000047683716,10800,0.0,0.0
2025-05-30 00:00:00-04:00,2.2100000381469727,2.2100000381469727,2.062000036239624,2.190000057220459,8100,0.0,0.0
2025-06-02 00:00:00-04:00,2.140000104904175,2.180000066757202,2.140000104904175,2.1579999923706055,3200,0.0,0.0
2025-06-03 00:00:00-04:00,2.1500000953674316,2.1500000953674316,2.119999885559082,2.130000114440918,6400,0.0,0.0
2025-06-04 00:00:00-04:00,2.194999933242798,2.194999933242798,2.140000104904175,2.140000104904175,3800,0.0,0.0
2025-06-05 00:00:00-04:00,2.194999933242798,2.2100000381469727,2.0199999809265137,2.1500000953674316,13700,0.0,0.0
2025-06-06 00:00:00-04:00,2.180000066757202,2.190000057220459,2.132999897003174,2.1700000762939453,9600,0.0,0.0
2025-06-09 00:00:00-04:00,2.1500000953674316,2.1500000953674316,2.069999933242798,2.0799999237060547,4100,0.0,0.0
2025-06-10 00:00:00-04:00,2.0299999713897705,2.0399999618530273,1.9600000381469727,1.9800000190734863,8400,0.0,0.0
2025-06-11 00:00:00-04:00,2.0199999809265137,2.0199999809265137,1.940000057220459,2.010999917984009,10600,0.0,0.0
2025-06-12 00:00:00-04:00,2.0,2.0,1.9500000476837158,1.975000023841858,7100,0.0,0.0
2025-06-13 00:00:00-04:00,1.9600000381469727,1.9800000190734863,1.871000051498413,1.8949999809265137,12600,0.0,0.0
2025-06-16 00:00:00-04:00,1.940000057220459,1.9420000314712524,1.840000033378601,1.8700000047683716,52600,0.0,0.0
2025-06-17 00:00:00-04:00,1.8899999856948853,1.9210000038146973,1.8240000009536743,1.9210000038146973,6500,0.0,0.0
2025-06-18 00:00:00-04:00,1.8899999856948853,1.899999976158142,1.8300000429153442,1.899999976158142,4700,0.0,0.0
2025-06-20 00:00:00-04:00,1.850000023841858,1.850000023841858,1.7999999523162842,1.7999999523162842,9000,0.0,0.0
2025-06-23 00:00:00-04:00,1.7100000381469727,1.8799999952316284,1.7100000381469727,1.7999999523162842,20100,0.0,0.0
2025-06-24 00:00:00-04:00,1.7799999713897705,1.7960000038146973,1.7599999904632568,1.7899999618530273,23400,0.0,0.0
2025-06-25 00:00:00-04:00,1.7799999713897705,1.7799999713897705,1.7200000286102295,1.774999976158142,17900,0.0,0.0
2025-06-26 00:00:00-04:00,1.7899999618530273,1.909999966621399,1.7510000467300415,1.909999966621399,4900,0.0,0.0
2025-06-27 00:00:00-04:00,1.8799999952316284,1.9199999570846558,1.8200000524520874,1.850000023841858,3500,0.0,0.0
2025-06-30 00:00:00-04:00,1.809999942779541,1.850000023841858,1.7100000381469727,1.815000057220459,14300,0.0,0.0
2025-07-01 00:00:00-04:00,1.7699999809265137,1.8450000286102295,1.7699999809265137,1.8450000286102295,5500,0.0,0.0
2025-07-02 00:00:00-04:00,1.850000023841858,1.8990000486373901,1.8200000524520874,1.8200000524520874,5400,0.0,0.0
2025-07-03 00:00:00-04:00,1.8200000524520874,1.8200000524520874,1.8200000524520874,1.8200000524520874,0,0.0,0.0
2025-07-07 00:00:00-04:00,1.7949999570846558,1.809999942779541,1.7799999713897705,1.7899999618530273,5500,0.0,0.0
2025-07-08 00:00:00-04:00,1.774999976158142,1.8049999475479126,1.75,1.75,5200,0.0,0.0
2025-07-09 00:00:00-04:00,1.75,1.75,1.7200000286102295,1.7200000286102295,7200,0.0,0.0
2025-07-10 00:00:00-04:00,1.7100000381469727,1.809999942779541,1.7100000381469727,1.809999942779541,12600,0.0,0.0
2025-07-11 00:00:00-04:00,1.75,1.809999942779541,1.7000000476837158,1.7430000305175781,4900,0.0,0.0
2025-07-14 00:00:00-04:00,1.75,1.75,1.7000000476837158,1.7000000476837158,5700,0.0,0.0
2025-07-15 00:00:00-04:00,1.7100000381469727,1.7699999809265137,1.7100000381469727,1.7699999809265137,3900,0.0,0.0
2025-07-16 00:00:00-04:00,1.8029999732971191,1.8389999866485596,1.7359999418258667,1.7999999523162842,4300,0.0,0.0
2025-07-17 00:00:00-04:00,1.7510000467300415,1.7710000276565552,1.7510000467300415,1.7699999809265137,2200,0.0,0.0
2025-07-18 00:00:00-04:00,1.8899999856948853,1.9800000190734863,1.8899999856948853,1.9199999570846558,17400,0.0,0.0
2025-07-21 00:00:00-04:00,1.8700000047683716,1.9190000295639038,1.8700000047683716,1.9190000295639038,6800,0.0,0.0
2025-07-22 00:00:00-04:00,1.9199999570846558,1.9199999570846558,1.8700000047683716,1.8799999952316284,2100,0.0,0.0
2025-07-23 00:00:00-04:00,1.9700000286102295,1.9900000095367432,1.8830000162124634,1.9789999723434448,10600,0.0,0.0
2025-07-24 00:00:00-04:00,2.0299999713897705,2.0999999046325684,1.940000057220459,2.0350000858306885,8700,0.0,0.0
2025-07-25 00:00:00-04:00,2.0820000171661377,2.0820000171661377,2.0299999713897705,2.0299999713897705,3500,0.0,0.0
2025-07-28 00:00:00-04:00,2.359999895095825,2.359999895095825,2.0899999141693115,2.200000047683716,88400,0.0,0.0
2025-07-29 00:00:00-04:00,2.2100000381469727,2.3350000381469727,2.140000104904175,2.140000104904175,21900,0.0,0.0
2025-07-30 00:00:00-04:00,2.1640000343322754,2.630000114440918,2.109999895095825,2.109999895095825,32000,0.0,0.0
2025-07-31 00:00:00-04:00,2.109999895095825,2.305000066757202,2.109999895095825,2.109999895095825,19800,0.0,0.0
2025-08-01 00:00:00-04:00,2.2200000286102295,2.2200000286102295,2.140000104904175,2.1500000953674316,10400,0.0,0.0
2025-08-04 00:00:00-04:00,2.125,2.2249999046325684,2.0899999141693115,2.109999895095825,3500,0.0,0.0
2025-08-05 00:00:00-04:00,2.2300000190734863,2.2300000190734863,2.119999885559082,2.140000104904175,4000,0.0,0.0
2025-08-06 00:00:00-04:00,2.174999952316284,2.2300000190734863,2.1449999809265137,2.1449999809265137,5100,0.0,0.0
2025-08-07 00:00:00-04:00,2.1600000858306885,2.1689999103546143,2.140000104904175,2.140000104904175,2900,0.0,0.0
2025-08-08 00:00:00-04:00,2.180000066757202,2.180000066757202,1.9730000495910645,2.0999999046325684,5500,0.0,0.0
2025-08-11 00:00:00-04:00,2.180000066757202,2.180000066757202,2.128999948501587,2.1600000858306885,3200,0.0,0.0
2025-08-12 00:00:00-04:00,2.190000057220459,2.200000047683716,2.059000015258789,2.069999933242798,4900,0.0,0.0
2025-08-13 00:00:00-04:00,2.2799999713897705,2.2799999713897705,2.200000047683716,2.2100000381469727,7200,0.0,0.0
2025-08-14 00:00:00-04:00,2.244999885559082,2.244999885559082,2.1760001182556152,2.1760001182556152,3700,0.0,0.0
2025-08-15 00:00:00-04:00,2.2200000286102295,2.2750000953674316,2.0420000553131104,2.190000057220459,7300,0.0,0.0
2025-08-18 00:00:00-04:00,2.3949999809265137,2.3949999809265137,2.1760001182556152,2.234999895095825,14300,0.0,0.0
2025-08-19 00:00:00-04:00,2.319999933242798,2.3310000896453857,2.259999990463257,2.309999942779541,8100,0.0,0.0
2025-08-20 00:00:00-04:00,2.2829999923706055,2.2829999923706055,2.2200000286102295,2.2300000190734863,9100,0.0,0.0
2025-08-21 00:00:00-04:00,2.242000102996826,2.315000057220459,2.2300000190734863,2.2300000190734863,4900,0.0,0.0
2025-08-22 00:00:00-04:00,2.299999952316284,2.299999952316284,2.234999895095825,2.25,4600,0.0,0.0
2025-08-25 00:00:00-04:00,2.2699999809265137,2.2699999809265137,2.190000057220459,2.240000009536743,6300,0.0,0.0
2025-08-26 00:00:00-04:00,2.1419999599456787,2.240000009536743,2.0940001010894775,2.0999999046325684,3600,0.0,0.0
2025-08-27 00:00:00-04:00,2.0899999141693115,2.0999999046325684,2.0399999618530273,2.0999999046325684,23500,0.0,0.0
2025-08-28 00:00:00-04:00,2.130000114440918,2.200000047683716,2.0899999141693115,2.0899999141693115,3300,0.0,0.0
2025-08-29 00:00:00-04:00,2.1700000762939453,2.190000057220459,2.1600000858306885,2.1600000858306885,1800,0.0,0.0
2025-09-02 00:00:00-04:00,2.0799999237060547,2.128000020980835,2.0799999237060547,2.0799999237060547,10000,0.0,0.0
2025-09-03 00:00:00-04:00,2.109999895095825,2.109999895095825,2.0,2.0199999809265137,10000,0.0,0.0
2025-09-04 00:00:00-04:00,2.0899999141693115,2.1600000858306885,2.009999990463257,2.0959999561309814,11700,0.0,0.0
2025-09-05 00:00:00-04:00,2.0299999713897705,2.0889999866485596,1.9019999504089355,2.049999952316284,16200,0.0,0.0
2025-09-08 00:00:00-04:00,1.9700000286102295,2.0399999618530273,1.9539999961853027,2.0399999618530273,12300,0.0,0.0
2025-09-09 00:00:00-04:00,2.0299999713897705,2.0450000762939453,2.0299999713897705,2.0450000762939453,2100,0.0,0.0
2025-09-10 00:00:00-04:00,2.0399999618530273,2.061000108718872,1.965000033378601,2.059999942779541,29100,0.0,0.0
2025-09-11 00:00:00-04:00,2.059999942779541,2.059999942779541,1.9600000381469727,2.0399999618530273,5200,0.0,0.0
2025-09-12 00:00:00-04:00,2.000999927520752,2.119999885559082,1.9299999475479126,2.0,18300,0.0,0.0
2025-09-15 00:00:00-04:00,2.0899999141693115,2.125,2.0350000858306885,2.0759999752044678,10000,0.0,0.0
2025-09-16 00:00:00-04:00,2.140000104904175,2.190000057220459,2.0350000858306885,2.0799999237060547,48200,0.0,0.0
2025-09-17 00:00:00-04:00,2.13100004196167,2.1600000858306885,1.9600000381469727,2.049999952316284,66200,0.0,0.0
2025-09-18 00:00:00-04:00,1.9900000095367432,1.9900000095367432,1.9299999475479126,1.940000057220459,13700,0.0,0.0
2025-09-19 00:00:00-04:00,1.9500000476837158,1.9500000476837158,1.8200000524520874,1.8700000047683716,12200,0.0,0.0
2025-09-22 00:00:00-04:00,1.840000033378601,1.8899999856948853,1.8200000524520874,1.8300000429153442,30900,0.0,0.0
2025-09-23 00:00:00-04:00,1.8600000143051147,1.8990000486373901,1.7699999809265137,1.7999999523162842,12100,0.0,0.0
2025-09-24 00:00:00-04:00,1.8899999856948853,1.909999966621399,1.7960000038146973,1.840000033378601,64000,0.0,0.0
2025-09-25 00:00:00-04:00,1.850000023841858,1.8600000143051147,1.809999942779541,1.8200000524520874,27200,0.0,0.0
2025-09-26 00:00:00-04:00,1.8350000381469727,1.850000023841858,1.7699999809265137,1.7799999713897705,6700,0.0,0.0
2025-09-29 00:00:00-04:00,1.8300000429153442,1.8700000047683716,1.809999942779541,1.8200000524520874,15200,0.0,0.0
2025-09-30 00:00:00-04:00,1.9500000476837158,1.9600000381469727,1.8300000429153442,1.9299999475479126,19300,0.0,0.0
2025-10-01 00:00:00-04:00,1.9709999561309814,2.0179998874664307,1.9700000286102295,1.9780000448226929,13500,0.0,0.0
2025-10-02 00:00:00-04:00,1.9900000095367432,2.009999990463257,1.9500000476837158,2.009999990463257,12200,0.0,0.0
2025-10-03 00:00:00-04:00,2.049999952316284,2.0950000286102295,2.0439999103546143,2.055000066757202,13800,0.0,0.0
2025-10-06 00:00:00-04:00,2.0320000648498535,2.0320000648498535,1.9700000286102295,1.9759999513626099,6600,0.0,0.0
2025-10-07 00:00:00-04:00,1.9830000400543213,1.9900000095367432,1.9500000476837158,1.9500000476837158,3900,0.0,0.0
2025-10-08 00:00:00-04:00,2.009999990463257,2.009999990463257,1.9670000076293945,2.009999990463257,1500,0.0,0.0
2025-10-09 00:00:00-04:00,2.009999990463257,2.049999952316284,2.009999990463257,2.0299999713897705,4200,0.0,0.0
2025-10-10 00:00:00-04:00,1.9800000190734863,2.1010000705718994,1.9800000190734863,2.0299999713897705,43700,0.0,0.0
2025-10-13 00:00:00-04:00,2.009999990463257,2.0399999618530273,1.9800000190734863,1.9800000190734863,5500,0.0,0.0
2025-10-14 00:00:00-04:00,2.1600000858306885,2.1600000858306885,2.0199999809265137,2.0299999713897705,19900,0.0,0.0
2025-10-15 00:00:00-04:00,2.115000009536743,2.1600000858306885,2.109999895095825,2.109999895095825,15000,0.0,0.0
2025-10-16 00:00:00-04:00,2.2100000381469727,2.2799999713897705,2.130000114440918,2.140000104904175,18600,0.0,0.0
2025-10-17 00:00:00-04:00,2.1500000953674316,2.2320001125335693,2.140000104904175,2.1500000953674316,7300,0.0,0.0
2025-10-20 00:00:00-04:00,2.1449999809265137,2.1600000858306885,2.0260000228881836,2.119999885559082,10800,0.0,0.0
2025-10-21 00:00:00-04:00,2.140000104904175,2.140000104904175,2.0199999809265137,2.0999999046325684,4600,0.0,0.0
2025-10-22 00:00:00-04:00,2.1600000858306885,2.1600000858306885,2.0799999237060547,2.0899999141693115,6400,0.0,0.0
2025-10-23 00:00:00-04:00,2.140000104904175,2.2100000381469727,2.072999954223633,2.190000057220459,15200,0.0,0.0
2025-10-24 00:00:00-04:00,2.25,2.25,2.180000066757202,2.200000047683716,9500,0.0,0.0
2025-10-27 00:00:00-04:00,2.1700000762939453,2.4000000953674316,2.1500000953674316,2.380000114440918,31600,0.0,0.0
2025-10-28 00:00:00-04:00,2.2200000286102295,2.2300000190734863,2.0399999618530273,2.0899999141693115,26600,0.0,0.0
2025-10-29 00:00:00-04:00,2.0799999237060547,2.180000066757202,2.0,2.069999933242798,162700,0.0,0.0
2025-10-30 00:00:00-04:00,2.0399999618530273,2.0490000247955322,1.9500000476837158,1.9900000095367432,52500,0.0,0.0
2025-10-31 00:00:00-04:00,1.9900000095367432,1.9950000047683716,1.9500000476837158,1.9700000286102295,38200,0.0,0.0
2025-11-03 00:00:00-05:00,1.9500000476837158,1.9589999914169312,1.840000033378601,1.899999976158142,35300,0.0,0.0
2025-11-04 00:00:00-05:00,1.8799999952316284,1.8799999952316284,1.840000033378601,1.840000033378601,7100,0.0,0.0
2025-11-05 00:00:00-05:00,1.840000033378601,1.840000033378601,1.75,1.8200000524520874,13500,0.0,0.0
2025-11-06 00:00:00-05:00,1.843999981880188,1.843999981880188,1.75,1.7999999523162842,18300,0.0,0.0
2025-11-07 00:00:00-05:00,1.7799999713897705,1.840000033378601,1.7400000095367432,1.774999976158142,6100,0.0,0.0
2025-11-10 00:00:00-05:00,1.9500000476837158,2.424999952316284,1.899999976158142,2.299999952316284,10592800,0.0,0.0
2025-11-11 00:00:00-05:00,2.009999990463257,2.1700000762939453,1.9800000190734863,2.140000104904175,210800,0.0,0.0
2025-11-12 00:00:00-05:00,2.0,2.0,1.899999976158142,1.9199999570846558,80400,0.0,0.0
2025-11-13 00:00:00-05:00,1.940000057220459,1.940000057220459,1.7999999523162842,1.8200000524520874,40900,0.0,0.0
2025-11-14 00:00:00-05:00,1.8200000524520874,1.850000023841858,1.815000057220459,1.8200000524520874,36700,0.0,0.0
2025-11-17 00:00:00-05:00,1.8009999990463257,1.840000033378601,1.7999999523162842,1.8200000524520874,20600,0.0,0.0
2025-11-18 00:00:00-05:00,1.809999942779541,1.8600000143051147,1.7300000190734863,1.7999999523162842,48400,0.0,0.0
2025-11-19 00:00:00-05:00,1.7400000095367432,1.8300000429153442,1.7400000095367432,1.7899999618530273,13600,0.0,0.0
2025-11-20 00:00:00-05:00,1.8300000429153442,1.9199999570846558,1.7799999713897705,1.8200000524520874,52000,0.0,0.0
2025-11-21 00:00:00-05:00,1.8300000429153442,1.8899999856948853,1.809999942779541,1.8200000524520874,22500,0.0,0.0
2025-11-24 00:00:00-05:00,1.8300000429153442,1.850000023841858,1.7949999570846558,1.809999942779541,16600,0.0,0.0
2025-11-25 00:00:00-05:00,1.850000023841858,1.909999966621399,1.8229999542236328,1.8600000143051147,17500,0.0,0.0
2025-11-26 00:00:00-05:00,1.8200000524520874,1.8899999856948853,1.809999942779541,1.8899999856948853,31800,0.0,0.0
2025-11-28 00:00:00-05:00,1.9299999475479126,1.9800000190734863,1.9299999475479126,1.9500000476837158,11200,0.0,0.0
2025-12-01 00:00:00-05:00,1.9299999475479126,2.009999990463257,1.899999976158142,1.899999976158142,31600,0.0,0.0
2025-12-02 00:00:00-05:00,1.9700000286102295,1.9800000190734863,1.9500000476837158,1.9500000476837158,21300,0.0,0.0
2025-12-03 00:00:00-05:00,1.9600000381469727,1.9800000190734863,1.850000023841858,1.899999976158142,27500,0.0,0.0
2025-12-04 00:00:00-05:00,1.8899999856948853,1.9500000476837158,1.8899999856948853,1.909999966621399,3500,0.0,0.0
2025-12-05 00:00:00-05:00,1.8799999952316284,1.9600000381469727,1.8799999952316284,1.8899999856948853,12700,0.0,0.0
2025-12-08 00:00:00-05:00,1.899999976158142,1.909999966621399,1.8799999952316284,1.899999976158142,13700,0.0,0.0
2025-12-09 00:00:00-05:00,1.8899999856948853,1.9149999618530273,1.8899999856948853,1.8930000066757202,12200,0.0,0.0
2025-12-10 00:00:00-05:00,1.8899999856948853,1.899999976158142,1.850000023841858,1.850000023841858,9800,0.0,0.0
2025-12-11 00:00:00-05:00,1.8799999952316284,1.9049999713897705,1.850000023841858,1.850000023841858,5900,0.0,0.0
2025-12-12 00:00:00-05:00,1.8899999856948853,1.8899999856948853,1.809999942779541,1.8600000143051147,24200,0.0,0.0
2025-12-15 00:00:00-05:00,1.840000033378601,1.8799999952316284,1.7999999523162842,1.8799999952316284,21300,0.0,0.0
2025-12-16 00:00:00-05:00,1.8300000429153442,1.940000057220459,1.809999942779541,1.8550000190734863,43100,0.0,0.0
2025-12-17 00:00:00-05:00,1.8200000524520874,1.840000033378601,1.75,1.809999942779541,34100,0.0,0.0
2025-12-18 00:00:00-05:00,1.75,1.809999942779541,1.6399999856948853,1.7599999904632568,92900,0.0,0.0
2025-12-19 00:00:00-05:00,1.7400000095367432,1.7999999523162842,1.7000000476837158,1.75,35300,0.0,0.0
2025-12-22 00:00:00-05:00,1.7400000095367432,1.809999942779541,1.7000000476837158,1.7899999618530273,36300,0.0,0.0
2025-12-23 00:00:00-05:00,1.7300000190734863,1.7599999904632568,1.7200000286102295,1.7599999904632568,31700,0.0,0.0
2025-12-24 00:00:00-05:00,1.659999966621399,1.7599999904632568,1.659999966621399,1.7000000476837158,37400,0.0,0.0
2025-12-26 00:00:00-05:00,1.6299999952316284,1.75,1.6299999952316284,1.75,23100,0.0,0.0
2025-12-29 00:00:00-05:00,1.75,1.7699999809265137,1.6950000524520874,1.7000000476837158,31700,0.0,0.0
2025-12-30 00:00:00-05:00,1.8200000524520874,1.8300000429153442,1.7300000190734863,1.7400000095367432,33300,0.0,0.0
2025-12-31 00:00:00-05:00,1.7999999523162842,1.7999999523162842,1.7000000476837158,1.75,15300,0.0,0.0
2026-01-02 00:00:00-05:00,1.8200000524520874,1.850000023841858,1.8200000524520874,1.8200000524520874,16600,0.0,0.0
2026-01-05 00:00:00-05:00,1.7899999618530273,1.7899999618530273,1.7699999809265137,1.7699999809265137,2600,0.0,0.0
2026-01-06 00:00:00-05:00,1.7999999523162842,1.8600000143051147,1.7400000095367432,1.7400000095367432,37900,0.0,0.0
2026-01-07 00:00:00-05:00,1.7400000095367432,1.8279999494552612,1.7400000095367432,1.7699999809265137,5400,0.0,0.0
2026-01-08 00:00:00-05:00,1.850000023841858,1.850000023841858,1.7400000095367432,1.7400000095367432,5400,0.0,0.0
2026-01-09 00:00:00-05:00,1.850000023841858,1.850000023841858,1.7200000286102295,1.7599999904632568,10600,0.0,0.0
2026-01-12 00:00:00-05:00,1.809999942779541,1.8600000143051147,1.75,1.8200000524520874,28100,0.0,0.0
2026-01-13 00:00:00-05:00,1.8250000476837158,1.840000033378601,1.8079999685287476,1.809999942779541,4400,0.0,0.0
2026-01-14 00:00:00-05:00,1.8200000524520874,1.8200000524520874,1.753000020980835,1.753000020980835,34700,0.0,0.0
2026-01-15 00:00:00-05:00,1.7649999856948853,1.7999999523162842,1.7100000381469727,1.7599999904632568,6500,0.0,0.0
2026-01-16 00:00:00-05:00,1.7999999523162842,1.7999999523162842,1.7000000476837158,1.7430000305175781,43800,0.0,0.0
2026-01-20 00:00:00-05:00,1.7699999809265137,1.8200000524520874,1.7599999904632568,1.809999942779541,62900,0.0,0.0
2026-01-21 00:00:00-05:00,1.8300000429153442,1.8300000429153442,1.7400000095367432,1.7400000095367432,6400,0.0,0.0
2026-01-22 00:00:00-05:00,1.840000033378601,1.8450000286102295,1.75,1.7799999713897705,20700,0.0,0.0
2026-01-23 00:00:00-05:00,1.7899999618530273,1.809999942779541,1.7599999904632568,1.7899999618530273,5100,0.0,0.0
2026-01-26 00:00:00-05:00,1.7699999809265137,1.7699999809265137,1.7599999904632568,1.7599999904632568,3000,0.0,0.0
2026-01-27 00:00:00-05:00,1.8200000524520874,1.8200000524520874,1.7799999713897705,1.7799999713897705,6200,0.0,0.0
2026-01-28 00:00:00-05:00,1.7400000095367432,1.850000023841858,1.7400000095367432,1.7799999713897705,8700,0.0,0.0
2026-01-29 00:00:00-05:00,1.8200000524520874,1.8899999856948853,1.7699999809265137,1.7699999809265137,11400,0.0,0.0
2026-01-30 00:00:00-05:00,1.8380000591278076,1.8899999856948853,1.75,1.8300000429153442,86000,0.0,0.0
2026-02-02 00:00:00-05:00,1.8700000047683716,1.8700000047683716,1.8200000524520874,1.8200000524520874,7200,0.0,0.0
2026-02-03 00:00:00-05:00,1.840000033378601,1.840000033378601,1.7610000371932983,1.7799999713897705,5400,0.0,0.0
2026-02-04 00:00:00-05:00,1.7599999904632568,1.8200000524520874,1.7599999904632568,1.7799999713897705,6100,0.0,0.0
2026-02-05 00:00:00-05:00,1.725000023841858,1.7899999618530273,1.7100000381469727,1.7300000190734863,4200,0.0,0.0
2026-02-06 00:00:00-05:00,1.75,1.7599999904632568,1.7059999704360962,1.7100000381469727,5100,0.0,0.0
2026-02-09 00:00:00-05:00,1.7400000095367432,1.7999999523162842,1.7100000381469727,1.7400000095367432,23400,0.0,0.0
2026-02-10 00:00:00-05:00,1.7400000095367432,1.774999976158142,1.690000057220459,1.774999976158142,46900,0.0,0.0
2026-02-11 00:00:00-05:00,1.7200000286102295,1.7699999809265137,1.690999984741211,1.7000000476837158,75300,0.0,0.0
2026-02-12 00:00:00-05:00,1.7599999904632568,1.7599999904632568,1.659999966621399,1.659999966621399,9100,0.0,0.0
2026-02-13 00:00:00-05:00,1.7100000381469727,1.8630000352859497,1.7100000381469727,1.7400000095367432,26800,0.0,0.0
2026-02-17 00:00:00-05:00,1.7400000095367432,1.7699999809265137,1.6799999475479126,1.690000057220459,54200,0.0,0.0
2026-02-18 00:00:00-05:00,1.7100000381469727,1.7300000190734863,1.7000000476837158,1.7000000476837158,3000,0.0,0.0
2026-02-19 00:00:00-05:00,1.6299999952316284,1.7100000381469727,1.6299999952316284,1.690000057220459,5800,0.0,0.0
2026-02-20 00:00:00-05:00,1.7000000476837158,1.7050000429153442,1.5700000524520874,1.6200000047683716,29900,0.0,0.0
2026-02-23 00:00:00-05:00,1.6200000047683716,1.7200000286102295,1.6200000047683716,1.659999966621399,12600,0.0,0.0
2026-02-24 00:00:00-05:00,1.684999942779541,1.7649999856948853,1.684999942779541,1.7200000286102295,10000,0.0,0.0
2026-02-25 00:00:00-05:00,1.7000000476837158,1.7999999523162842,1.7000000476837158,1.7400000095367432,8500,0.0,0.0
2026-02-26 00:00:00-05:00,1.7400000095367432,1.7400000095367432,1.7400000095367432,1.7400000095367432,1400,0.0,0.0
2026-02-27 00:00:00-05:00,1.7100000381469727,1.7910000085830688,1.7000000476837158,1.715000033378601,15000,0.0,0.0
2026-03-02 00:00:00-05:00,1.6200000047683716,1.7100000381469727,1.6200000047683716,1.649999976158142,4300,0.0,0.0
2026-03-03 00:00:00-05:00,1.6200000047683716,1.6299999952316284,1.5800000429153442,1.5800000429153442,2000,0.0,0.0
2026-03-04 00:00:00-05:00,1.649999976158142,1.649999976158142,1.6100000143051147,1.6200000047683716,2100,0.0,0.0
2026-03-05 00:00:00-05:00,1.6200000047683716,1.6200000047683716,1.5800000429153442,1.5800000429153442,1500,0.0,0.0
2026-03-06 00:00:00-05:00,1.6100000143051147,1.6319999694824219,1.5800000429153442,1.600000023841858,5300,0.0,0.0
2026-03-09 00:00:00-04:00,1.600000023841858,1.600000023841858,1.600000023841858,1.600000023841858,0,0.0,0.0
2026-03-10 00:00:00-04:00,1.600000023841858,1.649999976158142,1.4600000381469727,1.6399999856948853,16600,0.0,0.0
2026-03-11 00:00:00-04:00,1.5700000524520874,1.5700000524520874,1.5299999713897705,1.5499999523162842,67400,0.0,0.0
2026-03-12 00:00:00-04:00,1.5,1.5199999809265137,1.399999976158142,1.5,29700,0.0,0.0
2026-03-13 00:00:00-04:00,1.5199999809265137,1.5199999809265137,1.409999966621399,1.5,38800,0.0,0.0
2026-03-16 00:00:00-04:00,1.4199999570846558,1.4700000286102295,1.4019999504089355,1.409999966621399,28300,0.0,0.0
2026-03-17 00:00:00-04:00,1.3899999856948853,1.399999976158142,1.340000033378601,1.340000033378601,8700,0.0,0.0
2026-03-18 00:00:00-04:00,1.3700000047683716,1.3700000047683716,1.309999942779541,1.309999942779541,11500,0.0,0.0
2026-03-19 00:00:00-04:00,1.3320000171661377,1.340000033378601,1.2699999809265137,1.2699999809265137,8400,0.0,0.0
2026-03-20 00:00:00-04:00,1.2999999523162842,1.2999999523162842,1.1699999570846558,1.1699999570846558,45000,0.0,0.0
2026-03-23 00:00:00-04:00,1.2899999618530273,1.440000057220459,1.2599999904632568,1.3700000047683716,63500,0.0,0.0
2026-03-24 00:00:00-04:00,1.3700000047683716,1.3799999952316284,1.2400000095367432,1.2599999904632568,8300,0.0,0.0
2026-03-25 00:00:00-04:00,1.2899999618530273,1.3200000524520874,1.2799999713897705,1.2799999713897705,5200,0.0,0.0
2026-03-26 00:00:00-04:00,1.3029999732971191,1.309000015258789,1.2100000381469727,1.25,28900,0.0,0.0
2026-03-27 00:00:00-04:00,1.25,1.3600000143051147,1.25,1.2999999523162842,67900,0.0,0.0
2026-03-30 00:00:00-04:00,1.2599999904632568,1.2999999523162842,1.2489999532699585,1.2599999904632568,17200,0.0,0.0
2026-03-31 00:00:00-04:00,1.25,1.2799999713897705,1.25,1.2799999713897705,11000,0.0,0.0
2026-04-01 00:00:00-04:00,1.3300000429153442,1.3769999742507935,1.3300000429153442,1.350000023841858,11900,0.0,0.0
2026-04-02 00:00:00-04:00,1.3300000429153442,1.399999976158142,1.3300000429153442,1.3700000047683716,17300,0.0,0.0
2026-04-06 00:00:00-04:00,1.4600000381469727,1.4600000381469727,1.3899999856948853,1.3899999856948853,20600,0.0,0.0
2026-04-07 00:00:00-04:00,1.3600000143051147,1.3660000562667847,1.3200000524520874,1.350000023841858,40500,0.0,0.0
2026-04-08 00:00:00-04:00,1.4900000095367432,1.5,1.409999966621399,1.4500000476837158,20200,0.0,0.0
2026-04-09 00:00:00-04:00,1.440000057220459,1.4500000476837158,1.4199999570846558,1.4500000476837158,61000,0.0,0.0
2026-04-10 00:00:00-04:00,1.4199999570846558,1.4500000476837158,1.409999966621399,1.409999966621399,46300,0.0,0.0
2026-04-13 00:00:00-04:00,1.3899999856948853,1.475000023841858,1.3799999952316284,1.440000057220459,13500,0.0,0.0
2026-04-14 00:00:00-04:00,1.5299999713897705,1.7100000381469727,1.5299999713897705,1.6299999952316284,65200,0.0,0.0
2026-04-15 00:00:00-04:00,1.7300000190734863,1.75,1.6399999856948853,1.690000057220459,11900,0.0,0.0
2026-04-16 00:00:00-04:00,1.690000057220459,1.7200000286102295,1.6200000047683716,1.6200000047683716,55500,0.0,0.0
2026-04-17 00:00:00-04:00,1.6100000143051147,1.7079999446868896,1.6009999513626099,1.659999966621399,51900,0.0,0.0
2026-04-20 00:00:00-04:00,1.6299999952316284,1.649999976158142,1.5700000524520874,1.590000033378601,13800,0.0,0.0
2026-04-21 00:00:00-04:00,1.5299999713897705,1.559999942779541,1.5099999904632568,1.5099999904632568,7900,0.0,0.0
2026-04-22 00:00:00-04:00,1.4600000381469727,1.4700000286102295,1.3899999856948853,1.4299999475479126,25400,0.0,0.0
2026-04-23 00:00:00-04:00,1.440000057220459,1.4500000476837158,1.3700000047683716,1.3700000047683716,4500,0.0,0.0
2026-04-24 00:00:00-04:00,1.350000023841858,1.4199999570846558,1.350000023841858,1.409999966621399,26700,0.0,0.0
2026-04-27 00:00:00-04:00,1.3899999856948853,1.399999976158142,1.3600000143051147,1.399999976158142,9900,0.0,0.0
2026-04-28 00:00:00-04:00,1.409999966621399,1.4299999475479126,1.3899999856948853,1.399999976158142,12000,0.0,0.0
2026-04-29 00:00:00-04:00,1.4500000476837158,1.4900000095367432,1.4500000476837158,1.4800000190734863,67400,0.0,0.0
2026-04-30 00:00:00-04:00,1.4299999475479126,1.4700000286102295,1.4199999570846558,1.440000057220459,43700,0.0,0.0
2026-05-01 00:00:00-04:00,1.4850000143051147,1.5399999618530273,1.440000057220459,1.440000057220459,10300,0.0,0.0
2026-05-04 00:00:00-04:00,1.5399999618530273,1.5700000524520874,1.4299999475479126,1.4299999475479126,37000,0.0,0.0
2026-05-05 00:00:00-04:00,1.5299999713897705,1.5399999618530273,1.399999976158142,1.399999976158142,25800,0.0,0.0
2026-05-06 00:00:00-04:00,1.4800000190734863,1.555999994277954,1.4800000190734863,1.5099999904632568,16000,0.0,0.0
2026-05-07 00:00:00-04:00,1.4800000190734863,1.4800000190734863,1.3700000047683716,1.3700000047683716,29100,0.0,0.0
2026-05-08 00:00:00-04:00,1.440000057220459,1.4900000095367432,1.399999976158142,1.409999966621399,6800,0.0,0.0
2026-05-11 00:00:00-04:00,1.4199999570846558,1.4800000190734863,1.4199999570846558,1.4199999570846558,5200,0.0,0.0
2026-05-12 00:00:00-04:00,1.399999976158142,1.399999976158142,1.3370000123977661,1.3600000143051147,3200,0.0,0.0
2026-05-13 00:00:00-04:00,1.409999966621399,1.409999966621399,1.3200000524520874,1.3200000524520874,9300,0.0,0.0
2026-05-14 00:00:00-04:00,1.7000000476837158,2.619999885559082,1.559999942779541,2.1700000762939453,2385200,0.0,0.0
2026-05-15 00:00:00-04:00,2.1600000858306885,2.1600000858306885,1.9320000410079956,2.0199999809265137,210400,0.0,0.0
2026-05-18 00:00:00-04:00,2.180000066757202,2.315000057220459,2.1700000762939453,2.25,114400,0.0,0.0
2026-05-19 00:00:00-04:00,2.200000047683716,2.299999952316284,1.9900000095367432,2.0299999713897705,78600,0.0,0.0
2026-05-20 00:00:00-04:00,2.0799999237060547,2.296999931335449,2.0799999237060547,2.200000047683716,30100,0.0,0.0
2026-05-21 00:00:00-04:00,2.180000066757202,2.180000066757202,1.9700000286102295,1.9700000286102295,49100,0.0,0.0
2026-05-22 00:00:00-04:00,1.909999966621399,1.940000057220459,1.8200000524520874,1.8300000429153442,14900,0.0,0.0
2026-05-26 00:00:00-04:00,1.7999999523162842,1.8300000429153442,1.7200000286102295,1.7200000286102295,40300,0.0,0.0
2026-05-27 00:00:00-04:00,1.7599999904632568,1.809999942779541,1.7200000286102295,1.75,27700,0.0,0.0
2026-05-28 00:00:00-04:00,1.7300000190734863,1.7990000247955322,1.725000023841858,1.7400000095367432,11800,0.0,0.0
2026-05-29 00:00:00-04:00,1.8799999952316284,1.9199999570846558,1.8300000429153442,1.8300000429153442,10500,0.0,0.0
2026-06-01 00:00:00-04:00,1.809999942779541,1.8680000305175781,1.774999976158142,1.7799999713897705,47500,0.0,0.0
2026-06-02 00:00:00-04:00,1.7999999523162842,1.8899999856948853,1.7899999618530273,1.8200000524520874,38500,0.0,0.0
2026-06-03 00:00:00-04:00,1.8200000524520874,1.8200000524520874,1.7599999904632568,1.7599999904632568,19600,0.0,0.0
2026-06-04 00:00:00-04:00,1.809999942779541,1.8300000429153442,1.75,1.7899999618530273,8200,0.0,0.0
2026-06-05 00:00:00-04:00,1.7899999618530273,1.8270000219345093,1.7100000381469727,1.7100000381469727,5600,0.0,0.0
2026-06-08 00:00:00-04:00,1.7300000190734863,1.8600000143051147,1.7300000190734863,1.7599999904632568,13300,0.0,0.0
2026-06-09 00:00:00-04:00,1.7599999904632568,1.7890000343322754,1.7599999904632568,1.7699999809265137,2000,0.0,0.0
2026-06-10 00:00:00-04:00,1.7899999618530273,1.7949999570846558,1.75,1.75,5900,0.0,0.0
2026-06-11 00:00:00-04:00,1.7300000190734863,1.809999942779541,1.7300000190734863,1.7400000095367432,31100,0.0,0.0
2026-06-12 00:00:00-04:00,1.7400000095367432,1.7999999523162842,1.7400000095367432,1.7599999904632568,100243,0.0,0.0
