Date,Open,High,Low,Close,Volume,Dividends,Stock Splits
2022-01-03 00:00:00-05:00,34.114416975737356,34.65680799984859,33.92738546510144,34.38561248779297,1082600,0.0,0.0
2022-01-04 00:00:00-05:00,34.87188928703028,35.58260467121251,34.6100437730019,35.283355712890625,977900,0.0,0.0
2022-01-05 00:00:00-05:00,35.44234016443653,36.31203372227354,35.348822618398906,35.563907623291016,1299500,0.0,0.0
2022-01-06 00:00:00-05:00,35.93796291819517,36.10629089741197,35.22724399098451,35.582603454589844,762000,0.0,0.0
2022-01-07 00:00:00-05:00,35.58260364514185,35.76028516156046,35.19919070539009,35.55455017089844,841600,0.0,0.0
2022-01-10 00:00:00-05:00,35.6667742178133,35.919266234590225,35.339471733470724,35.82575225830078,846100,0.0,0.0
2022-01-11 00:00:00-05:00,35.97537320839114,36.14370120295429,35.22724720263082,35.71352767944336,1006600,0.0,0.0
2022-01-12 00:00:00-05:00,35.8725043742892,36.00342535024472,34.9092969934773,35.0963249206543,1047400,0.0,0.0
2022-01-13 00:00:00-05:00,35.376867310074495,36.873111850798736,35.245942791348796,36.81700134277344,1161300,0.0,0.0
2022-01-14 00:00:00-05:00,36.536471773857805,38.584458045537765,36.48036124151167,38.43483352661133,2053700,0.0,0.0
2022-01-18 00:00:00-05:00,38.47223113069049,39.267114091366075,37.91114021389634,38.9117546081543,1435100,0.0,0.0
2022-01-19 00:00:00-05:00,39.07073938573219,39.19231042452107,37.93920371632877,38.29456329345703,1233500,0.0,0.0
2022-01-20 00:00:00-05:00,38.135582621401,38.163639669865184,36.162406922138366,36.20916748046875,940100,0.0,0.0
2022-01-21 00:00:00-05:00,36.10629192595074,36.676736364287706,35.732228946517964,36.28396987915039,689800,0.0,0.0
2022-01-24 00:00:00-05:00,35.78835200701132,37.08821578676671,35.78835200701132,36.8918342590332,975200,0.0,0.0
2022-01-25 00:00:00-05:00,36.67674397742326,36.9666394576959,35.255309354786476,36.32138442993164,1250600,0.0,0.0
2022-01-26 00:00:00-05:00,36.58321935908641,37.20977432349981,35.81639345087585,36.1717529296875,844100,0.0,0.0
2022-01-27 00:00:00-05:00,36.27462430182532,37.004043275970034,35.6293657625471,36.153053283691406,958900,0.0,0.0
2022-01-28 00:00:00-05:00,35.6948311512973,35.96602670304066,34.96541207713366,35.90991973876953,742000,0.0,0.0
2022-01-31 00:00:00-05:00,35.489097497823884,35.54520445866074,34.53523992297107,35.52650451660156,1485700,0.0,0.0
2022-02-01 00:00:00-05:00,35.47973665223496,36.442947567068906,35.47973665223496,36.368133544921875,699400,0.0,0.0
2022-02-02 00:00:00-05:00,36.27463378364416,36.84507844015472,35.97538471257802,36.60193634033203,757300,0.0,0.0
2022-02-03 00:00:00-05:00,36.6580387016726,37.18172267555609,36.27462569193811,36.71414566040039,575800,0.0,0.0
2022-02-04 00:00:00-05:00,36.22786775384812,36.73284820580322,35.46103818715897,36.078243255615234,749800,0.0,0.0
2022-02-07 00:00:00-05:00,36.087585362366084,36.31202384447376,35.7509294228689,36.12499237060547,403800,0.0,0.0
2022-02-08 00:00:00-05:00,36.50841410416614,36.87312360426235,36.15305457472365,36.75155258178711,636700,0.0,0.0
2022-02-09 00:00:00-05:00,36.93859090064479,37.33135395233317,36.845076907575226,36.97599792480469,548900,0.0,0.0
2022-02-10 00:00:00-05:00,36.97598770679855,37.59318916555764,36.499057198881104,36.62997817993164,448500,0.0,0.0
2022-02-11 00:00:00-05:00,36.6580387016726,37.31264723635648,36.283975662616236,36.71414566040039,637100,0.0,0.0
2022-02-14 00:00:00-05:00,36.77960747267389,37.31264495193039,36.39619091908414,37.26588439941406,1251600,0.0,0.0
2022-02-15 00:00:00-05:00,37.52773951383507,38.257158657404936,37.31265447322678,37.74282455444336,1051900,0.0,0.0
2022-02-16 00:00:00-05:00,37.64929918757215,38.126229734361864,37.42486422100126,37.770870208740234,1015700,0.0,0.0
2022-02-17 00:00:00-05:00,38.43482288019641,39.27646279560524,37.957895973017365,38.257144927978516,1383100,0.0,0.0
2022-02-18 00:00:00-05:00,38.444181557050136,38.706023535819924,37.79892301318258,37.9391975402832,689200,0.0,0.0
2022-02-22 00:00:00-05:00,37.6399472738296,38.05141373618696,37.20977730400201,37.32199478149414,778700,0.0,0.0
2022-02-23 00:00:00-05:00,37.49967842685929,37.79892745701438,36.73285234117064,36.863773345947266,952800,0.0,0.0
2022-02-24 00:00:00-05:00,35.7976882790412,36.29332224591444,35.05891944783225,35.63871383666992,1098400,0.0,0.0
2022-02-25 00:00:00-05:00,36.55516571620693,37.303288115015654,36.29332376845612,37.153663635253906,1084700,0.0,0.0
2022-02-28 00:00:00-05:00,36.63932887954234,37.471615252332725,36.46165092863808,37.35004425048828,1142000,0.0,0.0
2022-03-01 00:00:00-05:00,37.200426333916084,37.480975398001895,35.84445583837249,36.704795837402344,865600,0.0,0.0
2022-03-02 00:00:00-05:00,36.84506438284874,37.60253674428341,36.583218870068684,37.23782730102539,691300,0.0,0.0
2022-03-03 00:00:00-05:00,37.52773092355069,38.088821895194044,36.90117589013054,37.99530792236328,964500,0.0,0.0
2022-03-04 00:00:00-05:00,37.45009955127042,38.58751385842131,37.06469455521668,38.44651412963867,1066100,0.21,0.0
2022-03-07 00:00:00-05:00,38.36191332085514,38.59691645752473,36.651090772769564,36.782691955566406,872400,0.0,0.0
2022-03-08 00:00:00-05:00,37.27150179141201,37.95771057323092,36.62289078911063,36.735694885253906,667600,0.0,0.0
2022-03-09 00:00:00-05:00,37.346699749006376,37.79790536164433,37.05529455536243,37.31850051879883,952500,0.0,0.0
2022-03-10 00:00:00-05:00,36.98010289982085,37.280906702480024,36.26569476497136,36.53829574584961,590200,0.0,0.0
2022-03-11 00:00:00-05:00,36.70749164461116,37.1586972663858,36.54769122238127,36.585289001464844,573400,0.0,0.0
2022-03-14 00:00:00-04:00,37.02709968753621,37.39370406687991,36.51009341959345,37.13990020751953,709800,0.0,0.0
2022-03-15 00:00:00-04:00,37.45010510741438,37.45010510741438,35.711083093382314,36.275089263916016,1530500,0.0,0.0
2022-03-16 00:00:00-04:00,36.500688234237565,37.28089676891419,36.45368473908159,37.074092864990234,1083300,0.0,0.0
2022-03-17 00:00:00-04:00,36.970696667580036,37.450101507868936,36.698092157482705,37.16809844970703,789700,0.0,0.0
2022-03-18 00:00:00-04:00,36.6980901233579,37.036495208740234,36.134080452432926,37.036495208740234,1005600,0.0,0.0
2022-03-21 00:00:00-04:00,37.18689217933935,38.042303327827746,37.158689368691476,37.694496154785156,918300,0.0,0.0
2022-03-22 00:00:00-04:00,38.03291097590634,38.437116702461566,37.65690806725141,37.75090789794922,685700,0.0,0.0
2022-03-23 00:00:00-04:00,37.52530154092663,37.61930495312144,37.09289660242102,37.102298736572266,583400,0.0,0.0
2022-03-24 00:00:00-04:00,37.26210051439846,37.67570837137895,36.94249607303338,37.450103759765625,498700,0.0,0.0
2022-03-25 00:00:00-04:00,37.525295068741144,38.6345100402832,37.44069739115209,38.6345100402832,786400,0.0,0.0
2022-03-28 00:00:00-04:00,38.63451491195355,38.63451491195355,37.52529980054354,37.938907623291016,690600,0.0,0.0
2022-03-29 00:00:00-04:00,38.34310978798596,38.61571426685589,37.8449007369119,38.12690734863281,711700,0.0,0.0
2022-03-30 00:00:00-04:00,38.042316159053655,38.33371780908685,37.450107137781856,37.854312896728516,978800,0.0,0.0
2022-03-31 00:00:00-04:00,37.74151006944657,38.061114520127305,36.87669654989597,36.9048957824707,593600,0.0,0.0
2022-04-01 00:00:00-04:00,37.14930131572383,37.22450046501277,35.81448145367344,36.35028839111328,640300,0.0,0.0
2022-04-04 00:00:00-04:00,36.28448652840753,36.3032872115416,35.38207525315359,36.11528396606445,647800,0.0,0.0
2022-04-05 00:00:00-04:00,36.05888008994451,36.48188643230725,35.46667121063667,35.541873931884766,674600,0.0,0.0
2022-04-06 00:00:00-04:00,35.241078109045475,35.325679396460124,34.658267646471664,35.100074768066406,754900,0.0,0.0
2022-04-07 00:00:00-04:00,34.874461037492516,35.08126492738927,33.79344885362989,34.12245178222656,899000,0.0,0.0
2022-04-08 00:00:00-04:00,34.09426014324634,34.21646279500484,33.220048068865886,33.304649353027344,1040900,0.0,0.0
2022-04-11 00:00:00-04:00,33.304636687316254,34.07544650059874,33.12603563794772,33.18243408203125,888400,0.0,0.0
2022-04-12 00:00:00-04:00,33.07904328538375,34.244660528824596,32.75004029797009,32.91924285888672,1021700,0.0,0.0
2022-04-13 00:00:00-04:00,32.87223555053671,33.24823836788445,32.458627789832526,33.069637298583984,1027400,0.0,0.0
2022-04-14 00:00:00-04:00,33.17304875382791,33.39864979177343,32.787643693629136,33.050846099853516,918100,0.0,0.0
2022-04-18 00:00:00-04:00,33.22004400713828,34.01905324863188,33.11664205182098,33.74645233154297,640500,0.0,0.0
2022-04-19 00:00:00-04:00,33.868661321198715,34.30106995085728,33.81226284601259,34.06606674194336,750700,0.0,0.0
2022-04-20 00:00:00-04:00,34.479663540185996,35.05307181797333,34.479663540185996,34.99666976928711,796100,0.0,0.0
2022-04-21 00:00:00-04:00,35.353877237459905,35.5136776708008,34.99667141735279,35.457279205322266,668700,0.0,0.0
2022-04-22 00:00:00-04:00,35.12827097572021,35.12827097572021,34.23525826013235,34.29166030883789,394000,0.0,0.0
2022-04-25 00:00:00-04:00,34.0096650200017,34.6770732793645,33.55845928469173,34.55487060546875,689600,0.0,0.0
2022-04-26 00:00:00-04:00,34.40445491156428,34.874461145798016,34.04725275536799,34.235252380371094,753300,0.0,0.0
2022-04-27 00:00:00-04:00,34.113066666553266,34.65827224658409,33.81226284601259,34.06606674194336,1228300,0.0,0.0
2022-04-28 00:00:00-04:00,34.99666611488015,36.02127991757469,34.33865662570566,35.814476013183594,1198400,0.0,0.0
2022-04-29 00:00:00-04:00,35.87087909846772,36.31268614855651,35.13767045011894,35.194068908691406,1230000,0.0,0.0
2022-05-02 00:00:00-04:00,35.288073131452336,35.88968060921501,34.902668116894155,35.72047805786133,1117100,0.0,0.0
2022-05-03 00:00:00-04:00,35.63588071781449,36.64169400313046,35.63588071781449,36.57589340209961,850200,0.0,0.0
2022-05-04 00:00:00-04:00,37.008289773165714,37.51589736528647,36.359682462697855,37.3090934753418,898600,0.0,0.0
2022-05-05 00:00:00-04:00,37.01769545823101,37.186898005175095,36.06828076861552,36.37848663330078,573100,0.0,0.0
2022-05-06 00:00:00-04:00,36.36909282187788,36.54769754333468,35.7392859864742,36.237491607666016,572500,0.0,0.0
2022-05-09 00:00:00-04:00,35.94608063578126,36.6228872173148,35.90847927406739,36.369083404541016,679200,0.0,0.0
2022-05-10 00:00:00-04:00,36.547694408298845,36.604092874772306,35.504279748173666,36.02128601074219,1281400,0.0,0.0
2022-05-11 00:00:00-04:00,36.37848491479215,36.679288631624345,35.673475531117354,35.84267807006836,904300,0.0,0.0
2022-05-12 00:00:00-04:00,35.852083462921584,36.38789040995117,35.51367832040525,35.94608688354492,824200,0.0,0.0
2022-05-13 00:00:00-04:00,36.04060089936353,36.4848439746085,35.64361365977856,35.89881896972656,830500,0.21,0.0
2022-05-16 00:00:00-04:00,35.83265311984384,36.36196820917489,35.41676501043919,35.99333953857422,788100,0.0,0.0
2022-05-17 00:00:00-04:00,36.4092269599261,37.29771665190814,36.4092269599261,37.174842834472656,1143400,0.0,0.0
2022-05-18 00:00:00-04:00,37.08978320468186,37.52457590569251,36.30526264768605,36.5510139465332,635100,0.0,0.0
2022-05-19 00:00:00-04:00,36.23908818206932,36.475388964788685,35.55854077402511,35.983882904052734,610400,0.0,0.0
2022-05-20 00:00:00-04:00,36.11622065755807,36.29581160923887,34.44321022499438,35.407318115234375,635000,0.0,0.0
2022-05-23 00:00:00-04:00,35.8326573081035,36.46594540022289,35.71923392058379,35.93663024902344,518200,0.0,0.0
2022-05-24 00:00:00-04:00,35.898818656469764,35.898818656469764,35.331698154199124,35.63416290283203,555900,0.0,0.0
2022-05-25 00:00:00-04:00,35.653060305029264,36.43757696389947,35.46401897333868,36.352508544921875,523100,0.0,0.0
2022-05-26 00:00:00-04:00,36.74005438479346,37.070877731316386,36.4375895915332,36.82512283325195,545400,0.0,0.0
2022-05-27 00:00:00-04:00,37.07087523199968,37.52457239130183,37.07087523199968,37.430049896240234,673100,0.0,0.0
2022-05-31 00:00:00-04:00,37.27881560230037,38.11059548795887,36.89128240653863,37.81758117675781,905900,0.0,0.0
2022-06-01 00:00:00-04:00,38.14839905760076,38.2996314147843,37.609633559780434,38.176753997802734,780800,0.0,0.0
2022-06-02 00:00:00-04:00,38.4414176940918,38.677718526553136,38.09169347163509,38.4414176940918,593800,0.0,0.0
2022-06-03 00:00:00-04:00,38.23346309713525,38.90455637978498,38.195654110761446,38.743873596191406,697600,0.0,0.0
2022-06-06 00:00:00-04:00,38.80059591585668,39.22593813483723,38.63045902826447,38.9234733581543,1052500,0.0,0.0
2022-06-07 00:00:00-04:00,38.88565395720328,39.310996062398935,38.51702533458824,39.103050231933594,1070800,0.0,0.0
2022-06-08 00:00:00-04:00,39.112506224999386,39.2164791453975,38.69661454340691,38.87620544433594,819800,0.0,0.0
2022-06-09 00:00:00-04:00,38.76278108095947,39.53785101088214,38.66826220460168,39.178672790527344,1173300,0.0,0.0
2022-06-10 00:00:00-04:00,38.65881447748492,38.71552436502148,38.06333541870117,38.06333541870117,559100,0.0,0.0
2022-06-13 00:00:00-04:00,37.534013019748315,37.80812277522797,36.76840084117463,36.910179138183594,625100,0.0,0.0
2022-06-14 00:00:00-04:00,37.08032696697026,37.600188088045016,36.90073962861051,37.288272857666016,888700,0.0,0.0
2022-06-15 00:00:00-04:00,37.41114753216127,38.2051148254787,37.15594221402452,37.628543853759766,655700,0.0,0.0
2022-06-16 00:00:00-04:00,37.06140897625779,37.06140897625779,35.46401719517563,35.77593231201172,824400,0.0,0.0
2022-06-17 00:00:00-04:00,35.92717013974965,35.92717013974965,35.029230031912164,35.57744598388672,1622800,0.0,0.0
2022-06-21 00:00:00-04:00,36.163476086974576,36.3997769081551,35.43567273072323,36.21073913574219,1139100,0.0,0.0
2022-06-22 00:00:00-04:00,35.605795773005006,35.83264608264245,35.18990774527693,35.74757766723633,766700,0.0,0.0
2022-06-23 00:00:00-04:00,35.60580994070776,35.81375584014602,34.27307330615251,34.49992370605469,793000,0.0,0.0
2022-06-24 00:00:00-04:00,34.72677035415929,35.91772490939969,34.66060280685179,35.88936996459961,1399200,0.0,0.0
2022-06-27 00:00:00-04:00,36.25800293756319,36.900741536893506,36.012248034820225,36.740055084228516,540100,0.0,0.0
2022-06-28 00:00:00-04:00,37.099233652240855,37.534026353251505,36.522658998191375,36.5510139465332,612600,0.0,0.0
2022-06-29 00:00:00-04:00,36.579373509684665,36.626632960113106,36.068962791461566,36.437591552734375,507200,0.0,0.0
2022-06-30 00:00:00-04:00,35.95552641703443,36.636070190135996,35.61525272765183,36.34305953979492,541800,0.0,0.0
2022-07-01 00:00:00-04:00,36.30525856359762,36.83457370897817,35.690874977096335,36.286354064941406,459800,0.0,0.0
2022-07-05 00:00:00-04:00,35.64361220568854,35.775940078263766,34.764572931394135,35.615257263183594,479200,0.0,0.0
2022-07-06 00:00:00-04:00,35.407315147539535,35.70977991845977,34.471565889275176,35.161563873291016,649400,0.0,0.0
2022-07-07 00:00:00-04:00,35.9555351410584,36.116217974663,35.435674036438556,35.87991714477539,419100,0.0,0.0
2022-07-08 00:00:00-04:00,36.06895269367065,36.06895269367065,35.46402324394548,35.81374740600586,473900,0.0,0.0
2022-07-11 00:00:00-04:00,35.454580704667855,35.794854532035956,34.97252851967312,35.038692474365234,621200,0.0,0.0
2022-07-12 00:00:00-04:00,34.90634756247764,35.993332469815506,34.74566117530459,35.74757766723633,516300,0.0,0.0
2022-07-13 00:00:00-04:00,35.331689351326176,35.927164648648706,35.331689351326176,35.77593231201172,495900,0.0,0.0
2022-07-14 00:00:00-04:00,35.171011489197554,35.199370038083245,34.41484962275593,35.04813766479492,478600,0.0,0.0
2022-07-15 00:00:00-04:00,35.6530686285392,35.681423572930264,35.142657995514,35.33169937133789,423400,0.0,0.0
2022-07-18 00:00:00-04:00,35.360053562212116,35.53964088230245,35.010329368072306,35.256080627441406,601900,0.0,0.0
2022-07-19 00:00:00-04:00,35.63416625762883,36.74005242287006,35.63416625762883,36.465946197509766,546000,0.0,0.0
2022-07-20 00:00:00-04:00,36.29581081304799,36.81567194488198,36.059509970790295,36.72114944458008,415900,0.0,0.0
2022-07-21 00:00:00-04:00,36.50375287073217,37.40169678674606,36.37142497681396,37.363887786865234,699400,0.0,0.0
2022-07-22 00:00:00-04:00,37.467847929859246,37.56237039726025,36.588808814178826,36.891273498535156,322000,0.0,0.0
2022-07-25 00:00:00-04:00,36.97635388087795,37.29772316270059,36.70224765088054,37.15594482421875,710300,0.0,0.0
2022-07-26 00:00:00-04:00,37.250459518138115,37.83648451694255,37.212650523205134,37.50566482543945,306100,0.0,0.0
2022-07-27 00:00:00-04:00,37.50566391405125,38.006620464915315,37.36388198932996,37.7797737121582,725800,0.0,0.0
2022-07-28 00:00:00-04:00,37.8742971384504,38.573749189028376,37.62854585918301,38.4414176940918,415600,0.0,0.0
2022-07-29 00:00:00-04:00,38.59264830524898,39.651274877428264,38.4792213254103,39.57565689086914,742500,0.0,0.0
2022-08-01 00:00:00-04:00,39.26374037240833,39.35825924672208,38.69661630953406,39.131412506103516,449800,0.0,0.0
2022-08-02 00:00:00-04:00,39.207027712127875,39.30155019410103,38.63045319191564,38.696617126464844,602100,0.0,0.0
2022-08-03 00:00:00-04:00,38.904563668237124,39.18812390783655,38.46031700927744,38.611549377441406,615300,0.0,0.0
2022-08-04 00:00:00-04:00,37.84593734001961,38.0727840909256,34.68895847887584,35.45457077026367,1844200,0.0,0.0
2022-08-05 00:00:00-04:00,35.38841418532257,35.97444289250394,35.04814398827948,35.643619537353516,2268000,0.0,0.0
2022-08-08 00:00:00-04:00,36.08785689123969,36.56045847063711,35.67196879940897,35.84210205078125,1360900,0.0,0.0
2022-08-09 00:00:00-04:00,36.01224761217457,36.172934062953715,35.28444417697272,35.43567657470703,607700,0.0,0.0
2022-08-10 00:00:00-04:00,35.87991416552805,36.711694027252626,35.719231345265555,36.40922927856445,1052200,0.0,0.0
2022-08-11 00:00:00-04:00,36.626622094353394,37.03305973765997,36.31470332386346,36.67388153076172,909100,0.0,0.0
2022-08-12 00:00:00-04:00,36.768408133659854,37.0047089478719,36.41868033254775,36.645530700683594,607800,0.0,0.0
2022-08-15 00:00:00-04:00,36.52265567678291,37.382790553023646,36.39977823570151,37.108680725097656,557700,0.0,0.0
2022-08-16 00:00:00-04:00,36.94798812631808,37.50565808147923,36.862919705847276,36.910179138183594,1237500,0.0,0.0
2022-08-17 00:00:00-04:00,36.465939289432306,36.891277822771116,36.418676247360104,36.67388153076172,1136700,0.0,0.0
2022-08-18 00:00:00-04:00,36.74950106277021,37.28826659299803,36.63607408381191,37.11812973022461,1126700,0.0,0.0
2022-08-19 00:00:00-04:00,36.94708940507277,37.1561496829864,36.585980015876004,36.76653289794922,3393800,0.21,0.0
2022-08-22 00:00:00-04:00,36.30088919210235,36.52895557129184,35.53115700597595,35.607181549072266,1036700,0.0,0.0
2022-08-23 00:00:00-04:00,35.56917190551758,36.11083412742495,35.55016576833925,35.56917190551758,872100,0.0,0.0
2022-08-24 00:00:00-04:00,35.464637628596016,35.730716281474194,35.18905409522946,35.52165603637695,627400,0.0,0.0
2022-08-25 00:00:00-04:00,35.635687277130195,36.49094522180115,35.578668872468945,36.47193908691406,1304700,0.0,0.0
2022-08-26 00:00:00-04:00,36.54795877636548,36.63348456796585,35.26507552740946,35.293582916259766,661100,0.0,0.0
2022-08-29 00:00:00-04:00,35.03700700140423,35.569167907430874,34.73291609083174,35.246070861816406,785500,0.0,0.0
2022-08-30 00:00:00-04:00,35.24606429859353,35.24606429859353,34.77092188616981,34.903961181640625,638500,0.0,0.0
2022-08-31 00:00:00-04:00,35.00849577708923,35.00849577708923,34.295782103797556,34.45732879638672,847700,0.0,0.0
2022-09-01 00:00:00-04:00,34.17224684390816,34.4953438805323,33.93467560006834,34.4193229675293,790200,0.0,0.0
2022-09-02 00:00:00-04:00,34.86595339284238,35.02750371882299,34.19125195063072,34.35280227661133,589700,0.0,0.0
2022-09-06 00:00:00-04:00,34.07722591384715,34.46684267868547,34.05821977592209,34.115238189697266,812300,0.0,0.0
2022-09-07 00:00:00-04:00,34.048710683243435,34.723412111576174,33.95368001548926,34.55236053466797,515900,0.0,0.0
2022-09-08 00:00:00-04:00,34.27677508920557,34.48583892134288,33.78262652009408,34.362300872802734,619200,0.0,0.0
2022-09-09 00:00:00-04:00,34.68540644915646,35.29358833839394,34.68540644915646,35.189056396484375,495000,0.0,0.0
2022-09-12 00:00:00-04:00,35.350603099105264,35.90176651991212,35.350603099105264,35.512149810791016,518600,0.0,0.0
2022-09-13 00:00:00-04:00,34.74241472964945,34.98948719071118,33.564059944076945,33.64958572387695,831500,0.0,0.0
2022-09-14 00:00:00-04:00,33.678097360843495,33.90616734412163,33.345499077989345,33.53555679321289,927100,0.0,0.0
2022-09-15 00:00:00-04:00,33.2979867033282,33.92517464765238,33.12693511623529,33.54505920410156,955400,0.0,0.0
2022-09-16 00:00:00-04:00,33.107928391753674,33.792134727936585,33.02240259973081,33.364505767822266,1416400,0.0,0.0
2022-09-19 00:00:00-04:00,33.193452446133314,34.305284059177836,33.193452446133314,34.25777053833008,830500,0.0,0.0
2022-09-20 00:00:00-04:00,34.02971238092172,34.0962320511331,33.507052650617794,33.73512268066406,1174100,0.0,0.0
2022-09-21 00:00:00-04:00,33.963181601986754,34.324287229294725,33.18394470214844,33.18394470214844,1140700,0.0,0.0
2022-09-22 00:00:00-04:00,33.19346758800999,33.32650695709204,32.75633719672582,32.79434585571289,1023600,0.0,0.0
2022-09-23 00:00:00-04:00,32.319188977291276,32.404714766265855,31.47343596690345,31.77752685546875,876100,0.0,0.0
2022-09-26 00:00:00-04:00,31.416423902381208,31.872560274596495,31.007801055908203,31.007801055908203,1158400,0.0,0.0
2022-09-27 00:00:00-04:00,31.34991296318313,32.024614641561215,31.169356440060362,31.939088821411133,1101400,0.0,0.0
2022-09-28 00:00:00-04:00,32.16715319967316,33.23147525454422,32.03411384907688,33.02241134643555,1242500,0.0,0.0
2022-09-29 00:00:00-04:00,32.66129478406043,32.82284512081282,32.148143633613714,32.528255462646484,834400,0.0,0.0
2022-09-30 00:00:00-04:00,32.49975470188302,32.90837762960797,32.062624378054124,32.081626892089844,1030900,0.0,0.0
2022-10-03 00:00:00-04:00,32.50925721887982,33.06992565597322,32.00560720125457,32.822853088378906,1097900,0.0,0.0
2022-10-04 00:00:00-04:00,33.3550004197431,34.28628286426999,33.20295497217636,34.238765716552734,920400,0.0,0.0
2022-10-05 00:00:00-04:00,33.64959469344307,34.53336011193489,33.51655536163569,34.010704040527344,1033500,0.0,0.0
2022-10-06 00:00:00-04:00,33.963194173701616,34.28629128223891,33.61158604452406,33.65909957885742,1213100,0.0,0.0
2022-10-07 00:00:00-04:00,33.393014188877586,33.488044863534206,32.88936430087099,33.431026458740234,771800,0.0,0.0
2022-10-10 00:00:00-04:00,33.60207764099168,33.89666366623444,33.32649412540046,33.573570251464844,499100,0.0,0.0
2022-10-11 00:00:00-04:00,33.57356883089182,34.44782923985195,33.440525893613675,33.972686767578125,921700,0.0,0.0
2022-10-12 00:00:00-04:00,33.92517324536062,34.371804704264434,33.649589741429956,33.972686767578125,710600,0.0,0.0
2022-10-13 00:00:00-04:00,33.478544485152426,35.084525039773,33.316997754088554,35.01800537109375,986200,0.0,0.0
2022-10-14 00:00:00-04:00,34.94197955049157,35.03700659956199,34.18175228277946,34.24827194213867,765100,0.0,0.0
2022-10-17 00:00:00-04:00,34.67590081861012,35.14153843285637,34.257773103720126,34.65689468383789,764000,0.0,0.0
2022-10-18 00:00:00-04:00,35.17955264044428,35.64519028034254,34.884962972820055,35.170047760009766,791600,0.0,0.0
2022-10-19 00:00:00-04:00,35.03700565738352,35.43612722785558,34.64738896659263,34.91347122192383,668400,0.0,0.0
2022-10-20 00:00:00-04:00,34.77092393312435,35.04650741856537,34.1342311779692,34.27677536010742,702000,0.0,0.0
2022-10-21 00:00:00-04:00,34.46683340360509,35.84474721944671,34.238763434928536,35.74021530151367,549400,0.0,0.0
2022-10-24 00:00:00-04:00,35.816236223598736,36.709506340841656,35.69270179784958,36.50044250488281,855800,0.0,0.0
2022-10-25 00:00:00-04:00,36.47193191846068,37.374703210387466,36.34839387850047,37.08961486816406,823200,0.0,0.0
2022-10-26 00:00:00-04:00,37.41271452833277,37.62177836093005,36.76652052307673,37.080116271972656,704300,0.0,0.0
2022-10-27 00:00:00-04:00,39.17074553980586,40.54865577297108,37.56476170590131,39.227760314941406,1727400,0.0,0.0
2022-10-28 00:00:00-04:00,39.199254908016115,40.00699568034333,39.03770820357046,39.76942443847656,769700,0.0,0.0
2022-10-31 00:00:00-04:00,39.427321219882934,40.206554530563174,39.360797943315916,40.1495361328125,717200,0.0,0.0
2022-11-01 00:00:00-04:00,40.339601534172964,40.672199855253325,39.92147378761501,40.529659271240234,691700,0.0,0.0
2022-11-02 00:00:00-04:00,40.23506906723077,40.577172264432924,39.40832209069205,39.531856536865234,623400,0.0,0.0
2022-11-03 00:00:00-04:00,38.933182903523644,40.13054057129925,38.67660548363242,39.67440414428711,826100,0.0,0.0
2022-11-04 00:00:00-04:00,40.22556514560811,40.824242075981566,39.98799389941401,40.710208892822266,1110200,0.0,0.0
2022-11-07 00:00:00-05:00,40.81474346577418,41.22336632570898,40.59617834011948,41.0238037109375,638100,0.0,0.0
2022-11-08 00:00:00-05:00,41.11882494465663,41.375402283235545,40.168540116608305,40.3966064453125,674400,0.0,0.0
2022-11-09 00:00:00-05:00,40.140039848511435,40.615182346777175,39.86445632950541,40.15904235839844,621300,0.0,0.0
2022-11-10 00:00:00-05:00,41.17584782563643,41.25186873513765,40.14953835950009,40.25407028198242,1041300,0.0,0.0
2022-11-11 00:00:00-05:00,40.377619633556385,40.976296697897084,40.09253117428899,40.66270446777344,945200,0.0,0.0
2022-11-14 00:00:00-05:00,40.491649174698686,41.755526487770275,40.491649174698686,40.605682373046875,1086100,0.0,0.0
2022-11-15 00:00:00-05:00,40.8052358170893,41.47043602941813,40.6056768409055,40.76722717285156,525200,0.0,0.0
2022-11-16 00:00:00-05:00,40.46314021238243,41.27088107569045,40.282583728194844,41.090328216552734,744000,0.0,0.0
2022-11-17 00:00:00-05:00,40.42511675832945,41.87905136016445,40.40611062709025,41.85054397583008,1199800,0.0,0.0
2022-11-18 00:00:00-05:00,42.03197136307287,42.299324851276346,41.21081005797009,41.59274673461914,780700,0.21,0.0
2022-11-21 00:00:00-05:00,41.48771746943919,41.659588624201405,41.06758636116781,41.296749114990234,576400,0.0,0.0
2022-11-22 00:00:00-05:00,41.554548537310275,42.270677008706535,41.48771017137338,42.10835266113281,520400,0.0,0.0
2022-11-23 00:00:00-05:00,42.16564273966144,42.68125609477676,42.146545544018174,42.49028778076172,527900,0.0,0.0
2022-11-25 00:00:00-05:00,42.55712404513721,42.60486521068169,41.860092829418974,42.06060791015625,245500,0.0,0.0
2022-11-28 00:00:00-05:00,41.898298197575286,42.662167973698686,41.898298197575286,42.49984359741211,1144400,0.0,0.0
2022-11-29 00:00:00-05:00,42.757642125380876,43.1968703494879,42.299320347650585,42.643062591552734,1463100,0.0,0.0
2022-11-30 00:00:00-05:00,42.729003667473854,42.910421589651804,42.29932580713853,42.7767448425293,1298300,0.0,0.0
2022-12-01 00:00:00-05:00,42.929517135759156,43.282809830890834,42.36616254998538,42.814937591552734,945800,0.0,0.0
2022-12-02 00:00:00-05:00,42.643059672195335,42.92951030836405,42.41389697780989,42.795833587646484,1038700,0.0,0.0
2022-12-05 00:00:00-05:00,42.54758076836706,42.54758076836706,41.82190187970393,41.98422622680664,972800,0.0,0.0
2022-12-06 00:00:00-05:00,41.99377459429936,42.33751685537864,41.48771162238704,41.77416229248047,1223100,0.0,0.0
2022-12-07 00:00:00-05:00,41.678681356344974,42.184744345334096,41.49725979997678,41.78371047973633,698100,0.0,0.0
2022-12-08 00:00:00-05:00,42.09880544840051,42.42345049776969,40.90525800842819,41.12487030029297,1091700,0.0,0.0
2022-12-09 00:00:00-05:00,40.886160623359,41.077128941355625,40.58061277153147,40.609256744384766,480400,0.0,0.0
2022-12-12 00:00:00-05:00,40.6379038355667,40.99119285173275,40.160484867941044,40.75248336791992,671200,0.0,0.0
2022-12-13 00:00:00-05:00,41.5354560364841,41.64048880694947,40.475585196214496,40.83842468261719,1166600,0.0,0.0
2022-12-14 00:00:00-05:00,41.058032167775735,41.74551666267031,40.96254982900382,41.07712936401367,721300,0.0,0.0
2022-12-15 00:00:00-05:00,40.67610956125949,40.97211074144231,40.14140245179246,40.45649719238281,823000,0.0,0.0
2022-12-16 00:00:00-05:00,40.08410137310463,40.571070824083165,39.88358625442789,40.37055206298828,1450000,0.0,0.0
2022-12-19 00:00:00-05:00,40.5615172781625,40.94345393018852,40.16048707171125,40.227325439453125,977600,0.0,0.0
2022-12-20 00:00:00-05:00,40.246425737570185,40.752488744445245,40.15093974599688,40.37055206298828,875100,0.0,0.0
2022-12-21 00:00:00-05:00,40.67610093774489,41.258552752005386,40.4469418372472,41.0389404296875,634000,0.0,0.0
2022-12-22 00:00:00-05:00,40.704744433276716,40.704744433276716,39.8167448133714,40.227325439453125,1048400,0.0,0.0
2022-12-23 00:00:00-05:00,40.246421347782785,40.49467761395912,39.998161439188706,40.34190368652344,640300,0.0,0.0
2022-12-27 00:00:00-05:00,40.53287330410679,40.647452842747455,40.122292678025076,40.227325439453125,665400,0.0,0.0
2022-12-28 00:00:00-05:00,40.27507474565196,40.50423386922192,39.47301052831991,39.5684928894043,601400,0.0,0.0
2022-12-29 00:00:00-05:00,39.71171053365134,39.97906399439715,39.520742214939595,39.6544189453125,433000,0.0,0.0
2022-12-30 00:00:00-05:00,39.4539065914761,39.90268162527223,39.262938259493616,39.72126007080078,446700,0.0,0.0
2023-01-03 00:00:00-05:00,39.93132749624654,39.93132749624654,39.22474936950492,39.63532638549805,1194400,0.0,0.0
2023-01-04 00:00:00-05:00,39.759456873524535,40.02681036904022,39.473006179412266,39.71171569824219,545300,0.0,0.0
2023-01-05 00:00:00-05:00,39.711714399897325,40.07455387653313,39.5684872363148,39.8262939453125,1082200,0.0,0.0
2023-01-06 00:00:00-05:00,40.06499980479071,40.63790476448784,39.988614662281734,40.34190368652344,802400,0.0,0.0
2023-01-09 00:00:00-05:00,40.48513707965476,40.78113456084274,40.21777993360389,40.33236312866211,1294900,0.0,0.0
2023-01-10 00:00:00-05:00,40.351456857085616,40.91481148672112,39.95997337835033,40.80023193359375,832100,0.0,0.0
2023-01-11 00:00:00-05:00,40.89571373791299,41.478161864684594,40.83842214601275,41.23945236206055,708000,0.0,0.0
2023-01-12 00:00:00-05:00,41.17261557188349,41.564099025505456,41.17261557188349,41.24900436401367,599200,0.0,0.0
2023-01-13 00:00:00-05:00,40.952999762323074,41.497257111328636,40.8097762529319,41.373130798339844,555300,0.0,0.0
2023-01-17 00:00:00-05:00,41.392229259795116,41.70732757416581,41.05803738917608,41.0866813659668,973400,0.0,0.0
2023-01-18 00:00:00-05:00,41.41132023197298,41.63093251999066,40.74293294881352,40.75248336791992,1143700,0.0,0.0
2023-01-19 00:00:00-05:00,40.59016522375955,40.7238456147411,39.66397476196289,39.66397476196289,804600,0.0,0.0
2023-01-20 00:00:00-05:00,39.85494121398268,40.236874242823355,39.55894011163626,39.749908447265625,813400,0.0,0.0
2023-01-23 00:00:00-05:00,39.864489842841486,40.78113352552645,39.864489842841486,40.57107162475586,656300,0.0,0.0
2023-01-24 00:00:00-05:00,40.80977482205689,42.08925779681272,40.58061211568104,41.70732116699219,882900,0.0,0.0
2023-01-25 00:00:00-05:00,41.544997936506135,41.93648135346306,41.16306493888006,41.812355041503906,802000,0.0,0.0
2023-01-26 00:00:00-05:00,42.05106408395332,42.94861044337293,41.669127447969224,42.643062591552734,875100,0.0,0.0
2023-01-27 00:00:00-05:00,42.71945538747381,42.78629375868512,42.175194355239064,42.42345428466797,585800,0.0,0.0
2023-01-30 00:00:00-05:00,42.375713063940985,42.61442257297695,42.232485901552195,42.251583099365234,535300,0.0,0.0
2023-01-31 00:00:00-05:00,42.40435455953077,43.044097900390625,42.05106552669589,43.044097900390625,616700,0.0,0.0
2023-02-01 00:00:00-05:00,42.967714740734635,43.88435844768991,42.78629681198879,43.473777770996094,682400,0.0,0.0
2023-02-02 00:00:00-05:00,43.51197032377647,43.95119495942666,43.23506641078989,43.73158264160156,603300,0.0,0.0
2023-02-03 00:00:00-05:00,43.378293040471796,44.01803278764011,43.378293040471796,43.87480926513672,539000,0.0,0.0
2023-02-06 00:00:00-05:00,43.83660918506588,44.13261025439627,43.674288485457936,43.96073913574219,668200,0.0,0.0
2023-02-07 00:00:00-05:00,43.76023054049619,43.979842859727,43.349649878589574,43.855712890625,617500,0.0,0.0
2023-02-08 00:00:00-05:00,43.67428362628001,43.85570150137813,43.43557417053221,43.46421813964844,439800,0.0,0.0
2023-02-09 00:00:00-05:00,43.693386213688896,44.113517273839804,43.21596720345777,43.301902770996094,894800,0.0,0.0
2023-02-10 00:00:00-05:00,43.07273930480935,43.36873672989855,42.95815977388507,43.27325439453125,583600,0.0,0.0
2023-02-13 00:00:00-05:00,43.2064194246399,43.6170000553172,43.06319226792255,43.540611267089844,1048300,0.0,0.0
2023-02-14 00:00:00-05:00,43.54061614697711,43.66474612054969,42.967714740734635,43.473777770996094,895400,0.0,0.0
2023-02-15 00:00:00-05:00,43.34009715229739,43.93209570491985,43.28280920223527,43.52151870727539,790700,0.0,0.0
2023-02-16 00:00:00-05:00,45.35480254289863,48.181121995602176,44.98241632585957,47.961509704589844,2246000,0.0,0.0
2023-02-17 00:00:00-05:00,48.10474213280308,48.35299842393349,46.968482518519686,47.45545196533203,992200,0.0,0.0
2023-02-21 00:00:00-05:00,47.10215816790562,47.30267326469849,45.498030108727164,46.39557647705078,1535700,0.0,0.0
2023-02-22 00:00:00-05:00,46.701130918121265,46.701130918121265,45.087455854461304,45.21158218383789,1205500,0.0,0.0
2023-02-23 00:00:00-05:00,45.34525335103322,45.8226722997421,45.24022059953047,45.42163848876953,683900,0.0,0.0
2023-02-24 00:00:00-05:00,45.32616699368655,45.49803814771032,44.81055353161524,45.39300537109375,638900,0.0,0.0
2023-02-27 00:00:00-05:00,45.5457733750882,45.86086802135331,45.34525826906332,45.526676177978516,569500,0.0,0.0
2023-02-28 00:00:00-05:00,45.507578926954395,45.86086796702033,45.345258215341204,45.35480499267578,754300,0.0,0.0
2023-03-01 00:00:00-05:00,45.35480440121209,46.34783678228207,45.20203046892578,45.84177017211914,733900,0.0,0.0
2023-03-02 00:00:00-05:00,45.57441692132474,46.52925491333008,45.287966252206715,46.52925491333008,486400,0.0,0.0
2023-03-03 00:00:00-05:00,46.615601081549094,47.00894105418626,45.98241957292118,46.67316436767578,609500,0.23,0.0
2023-03-06 00:00:00-05:00,46.673165281143156,47.17203246523909,46.38535250456819,46.54844665527344,812200,0.0,0.0
2023-03-07 00:00:00-05:00,46.433328901241055,46.89382427137421,46.097548511147465,46.222267150878906,636400,0.0,0.0
2023-03-08 00:00:00-05:00,46.39494138044881,46.58681531666698,45.82891528143524,46.16469192504883,514700,0.0,0.0
2023-03-09 00:00:00-05:00,46.299006084469745,46.48128798452541,45.35882775154734,45.36842346191406,1143600,0.0,0.0
2023-03-10 00:00:00-05:00,45.29167639695126,45.397207262109625,43.70872439865037,43.8910026550293,687100,0.0,0.0
2023-03-13 00:00:00-04:00,43.18106217786953,43.33456059193738,42.077793470410256,42.135353088378906,873000,0.0,0.0
2023-03-14 00:00:00-04:00,42.8165077305271,43.91018443927695,42.34641675692339,42.6246337890625,923800,0.0,0.0
2023-03-15 00:00:00-04:00,41.85714713412717,42.1065807287322,40.7538745717902,41.59811782836914,849800,0.0,0.0
2023-03-16 00:00:00-04:00,41.195178132118365,42.02982925617747,40.811433896171465,41.81876754760742,640800,0.0,0.0
2023-03-17 00:00:00-04:00,41.50217755769809,41.50217755769809,39.91922562436041,40.16865921020508,1011900,0.0,0.0
2023-03-20 00:00:00-04:00,40.17824958267474,41.61729859979369,40.04393892662751,40.9553337097168,698700,0.0,0.0
2023-03-21 00:00:00-04:00,41.74201932814608,42.70138547244417,41.65567622877159,42.18333053588867,784900,0.0,0.0
2023-03-22 00:00:00-04:00,42.08739161823905,42.375200728855724,41.4062425358516,41.42543029785156,567100,0.0,0.0
2023-03-23 00:00:00-04:00,41.49258453006043,42.13535807133093,40.79224770432294,41.03208923339844,595300,0.0,0.0
2023-03-24 00:00:00-04:00,40.63874936841936,41.31030638336065,40.13028649667543,41.29111862182617,698100,0.0,0.0
2023-03-27 00:00:00-04:00,41.55014157496098,42.029824561078186,41.19517353025691,41.70363998413086,503100,0.0,0.0
2023-03-28 00:00:00-04:00,41.780397307732635,42.53829748459685,41.75161749281351,42.509517669677734,728900,0.0,0.0
2023-03-29 00:00:00-04:00,42.97960322224051,42.97960322224051,42.403984990302206,42.77813720703125,1009900,0.0,0.0
2023-03-30 00:00:00-04:00,43.152285407565486,43.17147316813649,42.605447040211054,42.75894546508789,647900,0.0,0.0
2023-03-31 00:00:00-04:00,42.96042211524663,43.50726061821085,42.950830062427976,43.4017333984375,541900,0.0,0.0
2023-04-03 00:00:00-04:00,43.33456694749678,43.68953505558805,42.83569977337927,43.44009780883789,546800,0.0,0.0
2023-04-04 00:00:00-04:00,43.41131679590736,43.44969231891474,42.10657829118694,42.78772735595703,1257100,0.0,0.0
2023-04-05 00:00:00-04:00,42.471137565210235,42.835697706885554,41.502175757542624,42.17373275756836,1041200,0.0,0.0
2023-04-06 00:00:00-04:00,42.26007535583006,42.432761544083185,41.30070926984213,41.358272552490234,809000,0.0,0.0
2023-04-10 00:00:00-04:00,41.27193278275152,42.48073253819907,41.27193278275152,42.29845428466797,869400,0.0,0.0
2023-04-11 00:00:00-04:00,42.36560807361019,43.133100244208116,42.27926497568721,42.84529113769531,589800,0.0,0.0
2023-04-12 00:00:00-04:00,43.04675792552525,43.804658058825304,43.017978112260394,43.699127197265625,515300,0.0,0.0
2023-04-13 00:00:00-04:00,43.631970719033475,44.044498443603516,42.950821651837856,44.044498443603516,839300,0.0,0.0
2023-04-14 00:00:00-04:00,44.17881161052501,44.50499625629242,43.881410438587224,44.37068557739258,1046700,0.0,0.0
2023-04-17 00:00:00-04:00,44.418652493972104,44.927119047567324,44.14043542913397,44.2939338684082,649700,0.0,0.0
2023-04-18 00:00:00-04:00,44.58174329058594,45.147769429022134,44.41864915254948,45.090206146240234,681100,0.0,0.0
2023-04-19 00:00:00-04:00,45.042242382014834,45.06143014456443,44.35149756899545,44.591339111328125,430200,0.0,0.0
2023-04-20 00:00:00-04:00,44.572150272768575,44.898334908854295,44.40905978457142,44.696868896484375,468700,0.0,0.0
2023-04-21 00:00:00-04:00,44.64890331704926,44.94630449345439,43.94856643820048,44.46662139892578,634800,0.0,0.0
2023-04-24 00:00:00-04:00,44.3802727989359,45.109393061743646,44.217182323647215,44.97508239746094,840600,0.0,0.0
2023-04-25 00:00:00-04:00,44.86954657557324,45.099792357507106,44.293924801357136,44.58173751831055,851400,0.0,0.0
2023-04-26 00:00:00-04:00,44.27474225426283,44.783205061902926,43.5168422378134,43.57440185546875,612700,0.0,0.0
2023-04-27 00:00:00-04:00,43.14269706174605,43.785470627458665,42.86447999911308,43.73750305175781,1041400,0.0,0.0
2023-04-28 00:00:00-04:00,45.91526147596769,47.92033674272666,45.320455527173934,46.807472229003906,2196300,0.0,0.0
2023-05-01 00:00:00-04:00,46.59640957826242,47.51740012419424,46.35656806152864,46.4525032043457,1301800,0.0,0.0
2023-05-02 00:00:00-04:00,46.56763299009378,46.5964128029924,45.36842532343309,46.116729736328125,926500,0.0,0.0
2023-05-03 00:00:00-04:00,46.164696776053646,46.81706603193206,45.54111099243164,45.54111099243164,1001200,0.0,0.0
2023-05-04 00:00:00-04:00,45.54111031498317,45.64664117240711,43.516847241680495,44.20759201049805,971100,0.0,0.0
2023-05-05 00:00:00-04:00,44.63930096946561,45.36842121418231,44.58174134888184,45.32045364379883,578300,0.0,0.0
2023-05-08 00:00:00-04:00,45.608268910543266,46.30860578024689,45.27248855294299,46.145511627197266,700700,0.0,0.0
2023-05-09 00:00:00-04:00,45.86730249441348,46.231859040511075,45.57948968686335,46.20307922363281,603200,0.0,0.0
2023-05-10 00:00:00-04:00,46.577217505789115,46.577217505789115,45.66581909463693,46.13591003417969,716900,0.0,0.0
2023-05-11 00:00:00-04:00,45.665823143700905,45.867292798334866,45.34923424588943,45.675418853759766,475600,0.0,0.0
2023-05-12 00:00:00-04:00,45.97426512964008,46.25383274050652,45.752540234715326,46.08995056152344,525700,0.23,0.0
2023-05-15 00:00:00-04:00,46.27311628696519,46.8708096759839,46.061029993863734,46.7936897277832,569900,0.0,0.0
2023-05-16 00:00:00-04:00,46.59124102484268,46.66836096526079,45.95498220974663,46.16706848144531,749000,0.0,0.0
2023-05-17 00:00:00-04:00,46.388801065187124,47.08289903142291,46.109237097637376,46.880455017089844,666200,0.0,0.0
2023-05-18 00:00:00-04:00,46.75511799425906,47.59381701931373,46.504473618968454,47.48777389526367,767800,0.0,0.0
2023-05-19 00:00:00-04:00,47.88303667288219,48.07584207291182,47.12146104282373,47.564910888671875,776600,0.0,0.0
2023-05-22 00:00:00-04:00,47.44923031326593,47.79627930655816,46.784051850303406,47.294986724853516,1398800,0.0,0.0
2023-05-23 00:00:00-04:00,47.237133665155945,47.651663907842604,46.59123992919922,46.59123992919922,535500,0.0,0.0
2023-05-24 00:00:00-04:00,46.32131607283313,46.37915879127533,45.521178693728594,45.858585357666016,618900,0.0,0.0
2023-05-25 00:00:00-04:00,45.92606713323975,46.7454891038488,45.74290403925877,46.668365478515625,997100,0.0,0.0
2023-05-26 00:00:00-04:00,46.89009410123721,47.21786217996531,46.44664425279835,46.82261276245117,543400,0.0,0.0
2023-05-30 00:00:00-04:00,47.2371374004253,47.44922368390723,46.658724944055834,47.02505111694336,781000,0.0,0.0
2023-05-31 00:00:00-04:00,46.75512961865689,47.0346972556674,45.53081959765701,45.59830093383789,974000,0.0,0.0
2023-06-01 00:00:00-04:00,45.858583746359784,46.65872477480706,45.646497463647165,46.62016296386719,620700,0.0,0.0
2023-06-02 00:00:00-04:00,47.23713234908296,49.11697814744589,47.23713234908296,49.05913543701172,940000,0.0,0.0
2023-06-05 00:00:00-04:00,48.95310220592926,49.097707172528615,48.13368386841842,48.23972702026367,589700,0.0,0.0
2023-06-06 00:00:00-04:00,48.2011647850296,49.55079886999324,48.152964355735975,49.41583251953125,1099600,0.0,0.0
2023-06-07 00:00:00-04:00,49.40618682928384,50.726897525569065,49.3001436935499,50.65941619873047,940000,0.0,0.0
2023-06-08 00:00:00-04:00,50.861860784074786,51.46919641030087,50.56301595522339,51.3149528503418,926500,0.0,0.0
2023-06-09 00:00:00-04:00,51.286037548470084,51.52704336056115,50.79438363242848,51.13179397583008,439400,0.0,0.0
2023-06-12 00:00:00-04:00,51.18962484611209,51.87408403806241,50.69797468600606,51.623435974121094,707200,0.0,0.0
2023-06-13 00:00:00-04:00,51.960853340285894,52.84775294282017,51.931930142842035,52.54890441894531,781400,0.0,0.0
2023-06-14 00:00:00-04:00,52.58746403228479,52.83811211988454,51.35351553166021,51.50775909423828,694500,0.0,0.0
2023-06-15 00:00:00-04:00,51.39207151826251,52.23077056490397,51.39207151826251,52.17292785644531,561800,0.0,0.0
2023-06-16 00:00:00-04:00,52.42359011763769,52.56819141177375,51.710211229878645,52.16330337524414,886400,0.0,0.0
2023-06-20 00:00:00-04:00,51.74876257573077,51.8066052881563,51.04502612310751,51.334232330322266,765500,0.0,0.0
2023-06-21 00:00:00-04:00,51.045033791688,51.7584089648255,50.75582754102531,51.613807678222656,735100,0.0,0.0
2023-06-22 00:00:00-04:00,51.61380045293715,52.2114937776314,51.488476413459544,52.144012451171875,626200,0.0,0.0
2023-06-23 00:00:00-04:00,51.71020250499129,52.06689004995953,51.18962910803879,51.99940872192383,2558100,0.0,0.0
2023-06-26 00:00:00-04:00,52.20186288257089,52.85739901720845,52.17293968305713,52.423587799072266,641500,0.0,0.0
2023-06-27 00:00:00-04:00,52.41394230738517,53.763576308658536,52.28862193448422,53.63825225830078,649200,0.0,0.0
2023-06-28 00:00:00-04:00,53.618975770803765,54.16846876636412,53.25264955873493,53.58041763305664,672900,0.0,0.0
2023-06-29 00:00:00-04:00,53.63825346138265,54.54443767704688,53.63825346138265,54.361270904541016,523900,0.0,0.0
2023-06-30 00:00:00-04:00,54.843279355393186,54.93968388203556,54.32270594389438,54.428749084472656,746100,0.0,0.0
2023-07-03 00:00:00-04:00,54.44803181175277,55.15176833123566,54.293788241420316,55.093929290771484,337200,0.0,0.0
2023-07-05 00:00:00-04:00,54.59263379068943,54.698676929033226,53.734653747662904,53.98529815673828,724000,0.0,0.0
2023-07-06 00:00:00-04:00,53.57077434890714,53.99494327593076,53.185163558916926,53.97566604614258,679900,0.0,0.0
2023-07-07 00:00:00-04:00,54.100986801245604,55.24817688679978,54.09134818628485,54.63119888305664,814400,0.0,0.0
2023-07-10 00:00:00-04:00,54.63119827577507,55.46990118886317,54.63119827577507,55.277095794677734,486400,0.0,0.0
2023-07-11 00:00:00-04:00,55.90370691393623,56.31823350614115,55.38313350401844,55.6048583984375,591500,0.0,0.0
2023-07-12 00:00:00-04:00,56.144715386123984,56.212196719052486,55.67234237816761,55.874786376953125,468500,0.0,0.0
2023-07-13 00:00:00-04:00,55.78802301466188,56.48212091361725,55.60485992575166,56.29895782470703,423200,0.0,0.0
2023-07-14 00:00:00-04:00,56.443561011881265,56.539965544140834,55.113207886354324,55.78802490234375,422500,0.0,0.0
2023-07-17 00:00:00-04:00,55.768744829292174,56.61708633856943,55.61450125282875,56.414642333984375,523200,0.0,0.0
2023-07-18 00:00:00-04:00,56.366442133767094,57.320823117788,56.366442133767094,57.099098205566406,506700,0.0,0.0
2023-07-19 00:00:00-04:00,56.858093151793966,57.73535419780709,56.27968064929672,57.01233673095703,665300,0.0,0.0
2023-07-20 00:00:00-04:00,57.12801747571716,57.378665585791445,56.54960498354976,56.848453521728516,553500,0.0,0.0
2023-07-21 00:00:00-04:00,56.983414675647694,56.983414675647694,56.096511376798084,56.154354095458984,507500,0.0,0.0
2023-07-24 00:00:00-04:00,56.115784872829316,56.80024040471062,56.09650396915509,56.27967071533203,525000,0.0,0.0
2023-07-25 00:00:00-04:00,55.84586361514395,56.347156114558764,55.65305824191416,56.09650802612305,750600,0.0,0.0
2023-07-26 00:00:00-04:00,56.0965134855158,56.626729232863234,55.36385740888739,55.76874542236328,602200,0.0,0.0
2023-07-27 00:00:00-04:00,55.942268219767236,56.10615408512794,55.09393040451762,55.53738021850586,646600,0.0,0.0
2023-07-28 00:00:00-04:00,57.84139222705514,58.005274406519256,55.72054044323845,56.72312545776367,1466900,0.0,0.0
2023-07-31 00:00:00-04:00,57.06053334082096,57.23405781544742,55.88442750746654,56.578521728515625,860500,0.0,0.0
2023-08-01 00:00:00-04:00,56.501401036108646,57.61966781477987,56.501401036108646,57.53290557861328,786800,0.0,0.0
2023-08-02 00:00:00-04:00,57.2533406083065,57.63895138184321,56.655647219035785,57.369022369384766,698100,0.0,0.0
2023-08-03 00:00:00-04:00,57.00269306945071,57.25333748435368,56.1447130064758,56.72312545776367,528200,0.0,0.0
2023-08-04 00:00:00-04:00,56.52068058271991,56.877368132848225,55.91334494415588,56.09650802612305,706100,0.0,0.0
2023-08-07 00:00:00-04:00,56.37607405150344,57.33045859960945,56.37607405150344,56.85808563232422,869500,0.0,0.0
2023-08-08 00:00:00-04:00,56.29895506630893,57.262978244311086,56.00974517094301,56.89664840698242,531000,0.0,0.0
2023-08-09 00:00:00-04:00,57.108737180070804,57.426862930444486,56.68456460963023,56.761688232421875,401800,0.0,0.0
2023-08-10 00:00:00-04:00,56.70384292141987,57.14729269981607,56.14471139158478,56.61708068847656,401100,0.0,0.0
2023-08-11 00:00:00-04:00,56.820320168898434,57.430043605370486,56.65579367361266,57.13002014160156,515600,0.23,0.0
2023-08-14 00:00:00-04:00,57.25583705802669,57.86556049608323,56.91710386572578,57.826847076416016,709200,0.0,0.0
2023-08-15 00:00:00-04:00,57.27519747148999,57.836527325302754,56.98485418904096,57.594573974609375,1232000,0.0,0.0
2023-08-16 00:00:00-04:00,57.49779317196588,58.04944650718322,56.59772642673441,56.76225662231445,850900,0.0,0.0
2023-08-17 00:00:00-04:00,56.95582061282824,57.15906424517185,55.99768735542916,56.17189407348633,397300,0.0,0.0
2023-08-18 00:00:00-04:00,55.95896690091855,56.91710372986316,55.95896690091855,56.742897033691406,488800,0.0,0.0
2023-08-21 00:00:00-04:00,57.05259515067838,57.30422498589994,56.520298570541186,56.936458587646484,408200,0.0,0.0
2023-08-22 00:00:00-04:00,57.01389031300581,57.29455710016204,56.57837352119706,57.07196044921875,521100,0.0,0.0
2023-08-23 00:00:00-04:00,57.100989317238046,57.48811614530737,56.71386248916872,57.35261917114258,499700,0.0,0.0
2023-08-24 00:00:00-04:00,56.94613788812098,57.58489455398438,56.69450804056295,56.723541259765625,370300,0.0,0.0
2023-08-25 00:00:00-04:00,57.08162972896314,57.15905656743967,56.22995296529558,56.79128646850586,398400,0.0,0.0
2023-08-28 00:00:00-04:00,57.081629812741426,57.71070995458454,57.00420666606612,57.41068649291992,408500,0.0,0.0
2023-08-29 00:00:00-04:00,57.31390528487889,58.03008506537292,56.8203184302947,57.9429817199707,731900,0.0,0.0
2023-08-30 00:00:00-04:00,58.07848120948267,58.71723791350395,57.89459799035607,58.165584564208984,967900,0.0,0.0
2023-08-31 00:00:00-04:00,58.378505273505226,58.891445205346585,58.16558513942079,58.50432205200195,723200,0.0,0.0
2023-09-01 00:00:00-04:00,58.83337691246781,59.42374367155898,58.83337691246781,59.00758361816406,599400,0.0,0.0
2023-09-05 00:00:00-04:00,59.143069375250654,59.549549175534,57.68166927366519,57.72038269042969,682500,0.0,0.0
2023-09-06 00:00:00-04:00,57.48811573191513,58.10751569883996,57.27519560881658,57.63328552246094,458200,0.0,0.0
2023-09-07 00:00:00-04:00,57.391338867761334,57.584902302961105,55.98800857745734,56.56869888305664,915500,0.0,0.0
2023-09-08 00:00:00-04:00,56.52030236061632,57.73006907473983,56.38480538742587,57.63328552246094,542900,0.0,0.0
2023-09-11 00:00:00-04:00,57.98169896986564,58.28172244428034,57.80749226754937,58.097835540771484,461400,0.0,0.0
2023-09-12 00:00:00-04:00,57.855877434910894,58.29139415484863,57.294547645147034,57.57521438598633,513000,0.0,0.0
2023-09-13 00:00:00-04:00,57.58489210467976,57.75909879631601,56.288022118007014,56.888065338134766,527200,0.0,0.0
2023-09-14 00:00:00-04:00,57.41068606590228,58.25268262377591,57.304226009590074,57.92362594604492,444000,0.0,0.0
2023-09-15 00:00:00-04:00,57.73007005703083,57.78813649747116,57.042919745861234,57.381656646728516,1081100,0.0,0.0
2023-09-18 00:00:00-04:00,57.48811961192938,58.40753942318513,57.47843941009064,58.17526626586914,442800,0.0,0.0
2023-09-19 00:00:00-04:00,58.23332084367156,59.29791762218024,58.20428762790166,58.30107116699219,640300,0.0,0.0
2023-09-20 00:00:00-04:00,58.494642784089606,59.19146963991495,58.1462330480922,58.330116271972656,498400,0.0,0.0
2023-09-21 00:00:00-04:00,58.09784370995453,58.146237338892064,56.99453690142465,57.275203704833984,369100,0.0,0.0
2023-09-22 00:00:00-04:00,57.188091719511924,57.9429849606077,57.1300215886911,57.217124938964844,449000,0.0,0.0
2023-09-25 00:00:00-04:00,56.97517404372913,57.807494161641614,56.84936095942341,57.51715087890625,365000,0.0,0.0
2023-09-26 00:00:00-04:00,57.49779355049543,57.85588347229402,56.5396566666488,56.713863372802734,544900,0.0,0.0
2023-09-27 00:00:00-04:00,57.110666881916025,57.42037056524347,56.73322024812693,57.33326721191406,332200,0.0,0.0
2023-09-28 00:00:00-04:00,57.478433772752034,58.50431724404153,57.478433772752034,58.05912399291992,612400,0.0,0.0
2023-09-29 00:00:00-04:00,58.25268404139194,58.47528066822775,56.723540872545726,57.1590576171875,544600,0.0,0.0
2023-10-02 00:00:00-04:00,57.06228062237166,57.35262392151453,56.365457442811845,56.40416717529297,526200,0.0,0.0
2023-10-03 00:00:00-04:00,56.34609978758777,56.859039730552624,55.77508970900008,56.11382293701172,490400,0.0,0.0
2023-10-04 00:00:00-04:00,55.8428326379256,57.07195607077203,55.82347592733963,57.04291915893555,461900,0.0,0.0
2023-10-05 00:00:00-04:00,56.888063959621725,57.5655340004668,56.45255093299926,56.878387451171875,428700,0.0,0.0
2023-10-06 00:00:00-04:00,56.91710802977577,57.86556472952222,56.55901440952825,57.391334533691406,341000,0.0,0.0
2023-10-09 00:00:00-04:00,57.40100955710792,58.11718934916577,57.22680286349064,57.92362594604492,367600,0.0,0.0
2023-10-10 00:00:00-04:00,58.349469638212945,58.504319631527295,57.884919658269894,57.972023010253906,423900,0.0,0.0
2023-10-11 00:00:00-04:00,58.02042000398003,58.33979653885697,57.61393641460013,58.25269317626953,419800,0.0,0.0
2023-10-12 00:00:00-04:00,58.349467575206404,58.349467575206404,56.69450763793805,57.546180725097656,458500,0.0,0.0
2023-10-13 00:00:00-04:00,57.86556711817955,57.99138020862362,56.568696946233985,56.68483352661133,444000,0.0,0.0
2023-10-16 00:00:00-04:00,57.75910178266801,58.136548403423625,57.21712497045368,57.526824951171875,483500,0.0,0.0
2023-10-17 00:00:00-04:00,57.19776610973171,58.726912937462785,57.19776610973171,58.620452880859375,604600,0.0,0.0
2023-10-18 00:00:00-04:00,58.27203826757492,58.27203826757492,57.07195183562008,57.168731689453125,405600,0.0,0.0
2023-10-19 00:00:00-04:00,57.22681382139497,57.73975379975638,55.93962008229452,56.191253662109375,645900,0.0,0.0
2023-10-20 00:00:00-04:00,56.171886691024255,56.50094337167273,55.14600322972845,55.194393157958984,713400,0.0,0.0
2023-10-23 00:00:00-04:00,54.952441216253774,55.74604787345582,54.768558007555974,54.81694793701172,842000,0.0,0.0
2023-10-24 00:00:00-04:00,55.42667009476513,55.687980138038824,54.63306345604423,55.581520080566406,771500,0.0,0.0
2023-10-25 00:00:00-04:00,55.72669497582929,56.21060165526408,55.204074875980126,55.358924865722656,910000,0.0,0.0
2023-10-26 00:00:00-04:00,50.423080962377306,52.52323813923555,49.455267479860154,49.600440979003906,2270000,0.0,0.0
2023-10-27 00:00:00-04:00,49.58108048663007,50.316620744743624,48.96168049574403,50.2198371887207,980600,0.0,0.0
2023-10-30 00:00:00-04:00,50.403725520747976,50.694068813174994,48.99071509828335,49.37784194946289,1048200,0.0,0.0
2023-10-31 00:00:00-04:00,49.261699486192974,49.764959163926825,48.57454922283882,48.79714584350586,1096400,0.0,0.0
2023-11-01 00:00:00-04:00,48.651977246975456,50.094017062094686,48.52616047851652,49.86174392700195,745100,0.0,0.0
2023-11-02 00:00:00-04:00,50.55857597766143,50.8392390707804,49.54236890715217,49.716575622558594,768900,0.0,0.0
2023-11-03 00:00:00-04:00,50.21015507224572,51.071508319131375,50.21015507224572,50.72309494018555,640200,0.0,0.0
2023-11-06 00:00:00-05:00,50.83923864174436,50.83923864174436,50.045631919108075,50.4617919921875,790900,0.0,0.0
2023-11-07 00:00:00-05:00,50.01659869742378,50.62632219620078,49.77464533828064,50.4617919921875,638700,0.0,0.0
2023-11-08 00:00:00-05:00,50.4327568311047,50.829560177163714,50.1908034812659,50.42307662963867,464500,0.0,0.0
2023-11-09 00:00:00-05:00,50.761815486614495,51.23604200306251,50.27790876832821,50.4617919921875,554000,0.0,0.0
2023-11-10 00:00:00-05:00,50.78258708265739,51.78385050195462,50.578442936944185,51.61859130859375,583400,0.23,0.0
2023-11-13 00:00:00-05:00,51.375568338464085,51.599154970883845,50.899240628670114,51.08393859863281,560100,0.0,0.0
2023-11-14 00:00:00-05:00,52.017146437756836,52.85315426972149,51.91021839427508,52.726783752441406,483800,0.0,0.0
2023-11-15 00:00:00-05:00,52.72679587637528,53.125357410204025,52.34767311254189,52.37683868408203,584200,0.0,0.0
2023-11-16 00:00:00-05:00,52.19212657096939,52.66845792274194,51.356122422012525,51.74496078491211,900000,0.0,0.0
2023-11-17 00:00:00-05:00,52.17268526823856,52.7948333377407,52.00742979465644,52.70734405517578,632100,0.0,0.0
2023-11-20 00:00:00-05:00,52.824001013493834,52.824001013493834,52.11436729154572,52.60041809082031,484700,0.0,0.0
2023-11-21 00:00:00-05:00,52.43515468102939,52.59069077597917,52.017150730550654,52.231014251708984,455800,0.0,0.0
2023-11-22 00:00:00-05:00,52.14352831117365,52.425438660188014,51.52138389146831,52.22129821777344,341400,0.0,0.0
2023-11-24 00:00:00-05:00,52.04631269452313,52.90175930338619,52.04631269452313,52.66845703125,246000,0.0,0.0
2023-11-27 00:00:00-05:00,52.4351535905378,52.77539134060224,52.26017502382419,52.571250915527344,538300,0.0,0.0
2023-11-28 00:00:00-05:00,52.3573872807989,52.62957451361858,51.60886868227188,51.62831115722656,595800,0.0,0.0
2023-11-29 00:00:00-05:00,52.23101570274699,52.396274894125796,51.67691811732785,51.82273483276367,351400,0.0,0.0
2023-11-30 00:00:00-05:00,51.958829472659346,52.11436557497315,51.638034175733466,51.98799133300781,556000,0.0,0.0
2023-12-01 00:00:00-05:00,52.0268760981075,53.154513762885934,51.77412761508794,52.99897766113281,530700,0.0,0.0
2023-12-04 00:00:00-05:00,52.65873205896156,53.62111409489436,52.55180401787803,53.572509765625,687000,0.0,0.0
2023-12-05 00:00:00-05:00,53.12534775368202,53.864143252242926,52.59068896915511,52.775390625,615700,0.0,0.0
2023-12-06 00:00:00-05:00,53.096188247726936,53.86414940018002,52.70734983346687,52.74623107910156,379700,0.0,0.0
2023-12-07 00:00:00-05:00,52.73650710835166,53.39753643420574,52.73650710835166,53.3100471496582,329000,0.0,0.0
2023-12-08 00:00:00-05:00,53.30032649139807,53.89330528551268,53.183671642609355,53.35865020751953,545600,0.0,0.0
2023-12-11 00:00:00-05:00,53.436422727685475,54.36963931413065,53.436422727685475,54.350196838378906,391700,0.0,0.0
2023-12-12 00:00:00-05:00,54.29187425509339,54.807090637799945,54.136338143475456,54.36964416503906,484800,0.0,0.0
2023-12-13 00:00:00-05:00,54.52517673072233,55.52644015238055,54.12661523885393,55.39034652709961,586600,0.0,0.0
2023-12-14 00:00:00-05:00,55.98332522306154,57.67478345532727,55.54587880883136,57.344268798828125,743100,0.0,0.0
2023-12-15 00:00:00-05:00,57.19845486282313,57.869203591627944,57.03319567242962,57.3248291015625,1211200,0.0,0.0
2023-12-18 00:00:00-05:00,57.344274352340555,57.47064488892204,55.798632677888016,56.216636657714844,661100,0.0,0.0
2023-12-19 00:00:00-05:00,56.53742879607633,57.626181547610834,56.43049702696366,57.4609260559082,623000,0.0,0.0
2023-12-20 00:00:00-05:00,57.353989261580956,57.71366578304054,56.17774732094761,56.2069091796875,680900,0.0,0.0
2023-12-21 00:00:00-05:00,56.644356810223094,56.819335382940224,56.099978616406126,56.66379928588867,363300,0.0,0.0
2023-12-22 00:00:00-05:00,56.848495722447964,57.149848524798095,56.62491282068095,56.78044891357422,280000,0.0,0.0
2023-12-26 00:00:00-05:00,56.780448114575506,57.05263534624034,56.47909531646593,56.69295883178711,330900,0.0,0.0
2023-12-27 00:00:00-05:00,56.68323413236736,57.14984236071965,56.28467270554941,56.80960464477539,447200,0.0,0.0
2023-12-28 00:00:00-05:00,56.74155968558775,57.08179741257923,56.65407040816397,56.77072525024414,360300,0.0,0.0
2023-12-29 00:00:00-05:00,56.78044708374713,56.916540697108815,56.39160500990843,56.52770233154297,381900,0.0,0.0
2024-01-02 00:00:00-05:00,56.20691198705843,56.93598815815477,55.118159276537725,55.39034652709961,892600,0.0,0.0
2024-01-03 00:00:00-05:00,54.991780324936144,54.991780324936144,53.65027924670804,54.2140998840332,868300,0.0,0.0
2024-01-04 00:00:00-05:00,54.291864697216056,54.67098737904798,53.92246881482509,54.116886138916016,750200,0.0,0.0
2024-01-05 00:00:00-05:00,53.9516401697646,54.78764816031353,53.9516401697646,54.36964416503906,536800,0.0,0.0
2024-01-08 00:00:00-05:00,54.41824739230129,56.30412317065534,54.27243437654371,56.23607635498047,768300,0.0,0.0
2024-01-09 00:00:00-05:00,55.477834054858285,55.63337015142386,54.89457461980563,55.575042724609375,547900,0.0,0.0
2024-01-10 00:00:00-05:00,55.691693955082386,56.03192798534952,55.468111062582146,55.86667251586914,601000,0.0,0.0
2024-01-11 00:00:00-05:00,55.963882208808066,56.29439686212178,55.400065275668716,56.03192901611328,582500,0.0,0.0
2024-01-12 00:00:00-05:00,56.38189339447922,56.44994021053483,55.147323904469374,55.370906829833984,516600,0.0,0.0
2024-01-16 00:00:00-05:00,54.87513364590974,55.48755866526574,54.61266578047145,55.45839309692383,524000,0.0,0.0
2024-01-17 00:00:00-05:00,54.76820776545721,55.24453921130403,54.26271445640855,54.408531188964844,547800,0.0,0.0
2024-01-18 00:00:00-05:00,54.836246250991294,55.10843348823705,54.398799828079916,54.904293060302734,532300,0.0,0.0
2024-01-19 00:00:00-05:00,55.12787448684658,55.72085698776798,54.252985372731686,55.6722526550293,470800,0.0,0.0
2024-01-22 00:00:00-05:00,55.895840362575655,56.66380149406444,55.895840362575655,56.63463592529297,381400,0.0,0.0
2024-01-23 00:00:00-05:00,56.92626840899901,57.5289703349225,56.51798382750215,56.761009216308594,502100,0.0,0.0
2024-01-24 00:00:00-05:00,57.29566384187295,57.635901608267055,56.73184687294773,56.89710235595703,350000,0.0,0.0
2024-01-25 00:00:00-05:00,57.45120201049996,57.8206016499611,57.130410416755396,57.58729934692383,562500,0.0,0.0
2024-01-26 00:00:00-05:00,57.77199598224293,58.88991425906419,57.65534483341033,58.57883834838867,547600,0.0,0.0
2024-01-29 00:00:00-05:00,58.578836054615785,59.34679714659504,58.35525314966101,59.259307861328125,480400,0.0,0.0
2024-01-30 00:00:00-05:00,58.95796315485481,60.03699280916189,58.95796315485481,59.706478118896484,463000,0.0,0.0
2024-01-31 00:00:00-05:00,59.657870796678914,59.939781134801144,58.83158596648406,58.85102844238281,806900,0.0,0.0
2024-02-01 00:00:00-05:00,59.414842391176464,59.793961381254334,58.5788345113776,59.73563766479492,553300,0.0,0.0
2024-02-02 00:00:00-05:00,59.36623782155149,60.32861993030032,59.074608115597364,59.80368423461914,419400,0.0,0.0
2024-02-05 00:00:00-05:00,59.8231332525616,59.93006502170404,58.656610592884654,59.492618560791016,443700,0.0,0.0
2024-02-06 00:00:00-05:00,59.395402678989335,60.03698954779617,59.16210038575399,59.7161979675293,444500,0.0,0.0
2024-02-07 00:00:00-05:00,59.978667112824176,60.30918179221179,59.49261633185846,59.66759490966797,588200,0.0,0.0
2024-02-08 00:00:00-05:00,59.84257298163851,60.07587527789701,59.55093954890567,59.949501037597656,440900,0.0,0.0
2024-02-09 00:00:00-05:00,59.93006768716322,60.163370004511016,59.58011050286806,59.97867202758789,531500,0.0,0.0
2024-02-12 00:00:00-05:00,59.96894569628501,61.23268072872698,59.96894569628501,61.077144622802734,553500,0.0,0.0
2024-02-13 00:00:00-05:00,59.89117837457829,60.30918234671392,59.33708077584467,59.8231315612793,777200,0.0,0.0
2024-02-14 00:00:00-05:00,68.04710895461294,70.47736284584911,66.02513593713333,68.14431762695312,2645400,0.0,0.0
2024-02-15 00:00:00-05:00,68.7178656749609,69.95243146519732,67.35692192793204,69.748291015625,1680300,0.0,0.0
2024-02-16 00:00:00-05:00,69.34971111237759,69.60245955591245,68.49426454051103,68.6011962890625,1102600,0.0,0.0
2024-02-20 00:00:00-05:00,66.968078175309,69.00949003811856,65.72378932241733,68.99005126953125,1093400,0.0,0.0
2024-02-21 00:00:00-05:00,68.20265046481157,68.99977346435828,67.85269330242068,68.90255737304688,1003400,0.0,0.0
2024-02-22 00:00:00-05:00,69.9815856982057,71.42029919772375,69.35944132450761,71.342529296875,1401300,0.0,0.0
2024-02-23 00:00:00-05:00,70.80787283384336,72.73263715230897,70.48708496122093,72.54793548583984,1155800,0.0,0.0
2024-02-26 00:00:00-05:00,72.42156007910998,73.14091309588042,72.1882578011255,72.74235534667969,664800,0.0,0.0
2024-02-27 00:00:00-05:00,73.02427691910444,73.37423409828672,72.39240937799494,73.24785614013672,866500,0.0,0.0
2024-02-28 00:00:00-05:00,72.80067969253793,74.29771687094947,72.80067969253793,73.48114776611328,757300,0.0,0.0
2024-02-29 00:00:00-05:00,73.50060370844201,73.53948866303026,72.12022119501992,73.2284164428711,1227900,0.0,0.0
2024-03-01 00:00:00-05:00,73.44298735880261,74.32078600002005,73.32594406739415,73.54051971435547,664300,0.25,0.0
2024-03-04 00:00:00-05:00,73.5405141943788,75.04253616912403,73.5405141943788,74.33053588867188,566600,0.0,0.0
2024-03-05 00:00:00-05:00,74.09647054253689,74.76945652058639,73.17964992794685,73.45274353027344,562300,0.0,0.0
2024-03-06 00:00:00-05:00,73.79410927178317,74.86698005778788,73.73558390587047,74.35005187988281,617300,0.0,0.0
2024-03-07 00:00:00-05:00,74.65239462638135,75.18882622844366,73.42346628069487,73.53075408935547,635500,0.0,0.0
2024-03-08 00:00:00-05:00,74.05744695139664,74.49634626640777,72.12627359461607,72.21405792236328,668700,0.0,0.0
2024-03-11 00:00:00-04:00,72.01898470660494,72.8577763354826,71.35576173062324,72.72122955322266,568100,0.0,0.0
2024-03-12 00:00:00-04:00,72.88704956945939,73.6087979777961,72.26282608188666,73.56002807617188,392600,0.0,0.0
2024-03-13 00:00:00-04:00,73.46249980937992,74.15498929184226,73.32595300671088,73.69657897949219,382000,0.0,0.0
2024-03-14 00:00:00-04:00,73.69657528128981,73.97942434155124,72.73099224194375,73.14063262939453,477600,0.0,0.0
2024-03-15 00:00:00-04:00,72.77976272439453,74.05745379883444,72.77976272439453,73.41372680664062,817200,0.0,0.0
2024-03-18 00:00:00-04:00,73.83311858375849,75.00352920269528,73.74534169399024,74.35980224609375,617400,0.0,0.0
2024-03-19 00:00:00-04:00,74.26225990044273,75.71551192956477,74.26225990044273,75.46192932128906,680400,0.0,0.0
2024-03-20 00:00:00-04:00,75.56923299221478,76.10566472190575,74.67191588435858,75.73503875732422,484700,0.0,0.0
2024-03-21 00:00:00-04:00,76.18369047359074,76.5933308557746,75.47169009777791,76.5348129272461,552000,0.0,0.0
2024-03-22 00:00:00-04:00,76.59332444544168,77.47113050611372,76.52505105412504,77.08099365234375,499700,0.0,0.0
2024-03-25 00:00:00-04:00,76.91518235574111,77.61742715358692,76.58356344954014,77.14926147460938,403700,0.0,0.0
2024-03-26 00:00:00-04:00,77.72472441441529,78.3586884616927,77.53940772544637,77.99781799316406,554200,0.0,0.0
2024-03-27 00:00:00-04:00,78.6512848197728,78.84634951543674,78.01731339700328,78.80734252929688,411700,0.0,0.0
2024-03-28 00:00:00-04:00,78.74882235991831,79.5290960765038,78.45622529712998,79.1584701538086,833200,0.0,0.0
2024-04-01 00:00:00-04:00,79.10970246276894,79.98750855810303,78.67080313572282,78.83660888671875,508200,0.0,0.0
2024-04-02 00:00:00-04:00,78.41720143956545,79.82168354282891,78.21238128786537,79.42179870605469,708000,0.0,0.0
2024-04-03 00:00:00-04:00,79.412048336967,80.52393348399227,79.20722817211933,80.1630630493164,732800,0.0,0.0
2024-04-04 00:00:00-04:00,80.93357904397297,81.36272285520798,79.32426928842885,79.7339096069336,551400,0.0,0.0
2024-04-05 00:00:00-04:00,79.88997131862125,80.9530865948786,79.63638125296922,80.2605972290039,673900,0.0,0.0
2024-04-08 00:00:00-04:00,80.631226288832,80.95308975689598,80.19232697146599,80.54344940185547,445800,0.0,0.0
2024-04-09 00:00:00-04:00,80.58247543429977,80.78729564131004,79.0706976723881,79.98751831054688,520400,0.0,0.0
2024-04-10 00:00:00-04:00,78.80736510124477,80.54346669012668,78.17339349689357,80.25086212158203,389900,0.0,0.0
2024-04-11 00:00:00-04:00,80.40691520534679,80.41666323348699,79.08045413648061,79.84121704101562,479400,0.0,0.0
2024-04-12 00:00:00-04:00,79.80219655677196,80.46542704094092,78.29041889041494,78.8853759765625,571800,0.0,0.0
2024-04-15 00:00:00-04:00,80.26060374799742,80.67024412030958,78.41721463135072,78.9634017944336,530300,0.0,0.0
2024-04-16 00:00:00-04:00,78.65128591171005,78.74881826089609,77.52964529296749,78.27090454101562,602800,0.0,0.0
2024-04-17 00:00:00-04:00,78.60251405289009,78.60251405289009,76.91518287452404,77.81249237060547,639500,0.0,0.0
2024-04-18 00:00:00-04:00,78.25140946891892,78.65129437598878,77.08099882900571,77.43212127685547,520700,0.0,0.0
2024-04-19 00:00:00-04:00,77.37359999194403,77.92954260337599,76.2714627957559,76.45677947998047,816000,0.0,0.0
2024-04-22 00:00:00-04:00,76.73964135933508,77.7637498660149,75.90084956788606,77.16879272460938,619300,0.0,0.0
2024-04-23 00:00:00-04:00,77.52965879632265,78.10511240685726,77.27607613252067,77.78324890136719,531500,0.0,0.0
2024-04-24 00:00:00-04:00,78.20265299326749,78.91465347953479,77.19805537772416,78.05635070800781,799200,0.0,0.0
2024-04-25 00:00:00-04:00,76.90543181258454,78.51474167047613,76.39825911569169,78.2806625366211,811700,0.0,0.0
2024-04-26 00:00:00-04:00,72.21405480549494,75.8910772370524,69.8244713012345,72.6529541015625,1656400,0.0,0.0
2024-04-29 00:00:00-04:00,73.1503833048635,75.13031915571645,72.90654869384728,74.20375061035156,1339800,0.0,0.0
2024-04-30 00:00:00-04:00,73.46248296591787,73.93064864004414,71.52156176621388,71.73613739013672,1061900,0.0,0.0
2024-05-01 00:00:00-04:00,71.70687949906883,73.00408142218635,71.45329686001327,71.95071411132812,582200,0.0,0.0
2024-05-02 00:00:00-04:00,72.54567034898626,72.90654824994002,71.39477069434757,72.81877136230469,537100,0.0,0.0
2024-05-03 00:00:00-04:00,73.57953816456306,73.57953816456306,71.9897316613557,72.23356628417969,965900,0.0,0.0
2024-05-06 00:00:00-04:00,73.00407919820965,73.25766927078173,72.35060424316005,72.99432373046875,899900,0.0,0.0
2024-05-07 00:00:00-04:00,73.63805314243369,74.40857141263466,73.26742720943804,73.75509643554688,822400,0.0,0.0
2024-05-08 00:00:00-04:00,73.38445910781928,74.350049481189,73.38445910781928,73.95015716552734,704600,0.0,0.0
2024-05-09 00:00:00-04:00,74.11596376743631,74.95475539618538,73.85262567061581,74.91574096679688,419000,0.0,0.0
2024-05-10 00:00:00-04:00,75.10106216291749,75.39366668030877,74.34029934719055,74.63289642333984,644700,0.0,0.0
2024-05-13 00:00:00-04:00,74.63288835229174,75.04253612058727,72.292082231272,72.85777282714844,698500,0.0,0.0
2024-05-14 00:00:00-04:00,72.91629231059694,73.38445052056193,72.56516993250291,73.3454360961914,403400,0.0,0.0
2024-05-15 00:00:00-04:00,73.70632690098599,74.12572273516355,73.25767210369585,74.05744934082031,511700,0.0,0.0
2024-05-16 00:00:00-04:00,73.74533782708808,74.07694931492458,73.16013626892621,73.47224426269531,564300,0.0,0.0
2024-05-17 00:00:00-04:00,73.7364622712332,73.7364622712332,72.76766410787936,73.53096008300781,522100,0.25,0.0
2024-05-20 00:00:00-04:00,73.73645164231948,74.23553257950827,73.2373707051307,74.1963882446289,428800,0.0,0.0
2024-05-21 00:00:00-04:00,73.99089465465357,74.10832767289118,73.2765235259087,73.49181365966797,409300,0.0,0.0
2024-05-22 00:00:00-04:00,73.32546204435822,73.80496717735322,73.00252681629179,73.6092529296875,620600,0.0,0.0
2024-05-23 00:00:00-04:00,73.91260008759127,73.91260008759127,73.06123503775544,73.23737335205078,323300,0.0,0.0
2024-05-24 00:00:00-04:00,73.57010043091715,74.51933010550559,73.5211681414154,74.17682647705078,338400,0.0,0.0
2024-05-28 00:00:00-04:00,74.2355423111876,74.39211220521162,73.21781186896337,73.51139068603516,416300,0.0,0.0
2024-05-29 00:00:00-04:00,72.91446534140059,73.5603283996899,72.4349526917689,72.8851089477539,375900,0.0,0.0
2024-05-30 00:00:00-04:00,72.88510056643905,73.5309635504583,72.88510056643905,73.45267486572266,429800,0.0,0.0
2024-05-31 00:00:00-04:00,73.5114031713147,74.23555491945808,72.84596421014975,74.1866226196289,643200,0.0,0.0
2024-06-03 00:00:00-04:00,74.54869027576791,74.78354885205208,72.74808794820392,73.0905990600586,503000,0.0,0.0
2024-06-04 00:00:00-04:00,72.58172967894622,73.29610082126428,72.15115686926609,72.65023040771484,469900,0.0,0.0
2024-06-05 00:00:00-04:00,72.77745383517869,73.87346553245519,72.54258778631682,73.85389709472656,417600,0.0,0.0
2024-06-06 00:00:00-04:00,73.74624969190444,73.8147504208197,71.27042803337048,71.49549865722656,693300,0.0,0.0
2024-06-07 00:00:00-04:00,71.24107713384056,72.58173542676879,71.24107713384056,72.03372955322266,416400,0.0,0.0
2024-06-10 00:00:00-04:00,71.74013926360558,72.37622167447783,71.72057082811025,72.24900817871094,413800,0.0,0.0
2024-06-11 00:00:00-04:00,72.09244941034962,72.50345385584576,71.17258338462312,72.0239486694336,387500,0.0,0.0
2024-06-12 00:00:00-04:00,73.08081124830672,73.84410722220555,72.26858298232942,72.66001892089844,447300,0.0,0.0
2024-06-13 00:00:00-04:00,72.5230174623022,72.78723242787507,71.5835756893483,72.66001892089844,399400,0.0,0.0
2024-06-14 00:00:00-04:00,71.59336186526828,71.93586550326387,69.95911742222756,70.88877868652344,498700,0.0,0.0
2024-06-17 00:00:00-04:00,70.88878210017633,72.27837262182817,70.83984980695519,72.11201477050781,362100,0.0,0.0
2024-06-18 00:00:00-04:00,72.38602265214763,73.85390195708715,72.28816552502236,73.6581802368164,493700,0.0,0.0
2024-06-20 00:00:00-04:00,73.9419574533598,74.02024612698568,72.85572637136205,73.11016082763672,436400,0.0,0.0
2024-06-21 00:00:00-04:00,73.09059224659447,73.66795441489239,72.52301056296615,72.81658935546875,1149400,0.0,0.0
2024-06-24 00:00:00-04:00,72.80680667014258,74.47040003858424,72.4545150800694,73.78539276123047,767400,0.0,0.0
2024-06-25 00:00:00-04:00,73.62881734153858,73.86368338511741,72.70895146859002,73.67774963378906,517000,0.0,0.0
2024-06-26 00:00:00-04:00,73.05145389428411,73.15909896261883,72.07286779380078,72.64044952392578,514800,0.0,0.0
2024-06-27 00:00:00-04:00,72.72852173391863,73.11995768370255,72.18051588383298,72.69916534423828,387100,0.0,0.0
2024-06-28 00:00:00-04:00,73.45267248961007,74.5682600799352,73.16888161613863,74.27468872070312,1457500,0.0,0.0
2024-07-01 00:00:00-04:00,74.73461482373563,74.83247192963621,72.88508789794547,73.35480499267578,513800,0.0,0.0
2024-07-02 00:00:00-04:00,73.17866129729897,73.75603093076808,73.12973647596625,73.39395141601562,433800,0.0,0.0
2024-07-03 00:00:00-04:00,73.50159969031273,74.56825491385833,73.50159969031273,74.3236083984375,203900,0.0,0.0
2024-07-05 00:00:00-04:00,74.21595733193304,74.21595733193304,72.21964849765345,72.62086486816406,669400,0.0,0.0
2024-07-08 00:00:00-04:00,73.11995570655704,73.65817359018936,72.9438099072182,73.53096008300781,363100,0.0,0.0
2024-07-09 00:00:00-04:00,73.51140191455963,73.76582896446365,72.68938558081112,72.7089614868164,372900,0.0,0.0
2024-07-10 00:00:00-04:00,72.71872729691289,73.58966828785064,72.71872729691289,73.44288635253906,379000,0.0,0.0
2024-07-11 00:00:00-04:00,73.83431258829529,75.75234776709192,73.78538776666426,75.71320343017578,390700,0.0,0.0
2024-07-12 00:00:00-04:00,76.30037407666039,77.18110322914234,75.80129297925048,75.81108093261719,514600,0.0,0.0
2024-07-15 00:00:00-04:00,75.9480640364548,78.76638917634956,75.73277391061204,78.35538482666016,522300,0.0,0.0
2024-07-16 00:00:00-04:00,78.53154279991978,81.38901272116858,78.49239845587277,81.340087890625,650100,0.0,0.0
2024-07-17 00:00:00-04:00,81.16393238309651,81.93701628716009,81.10521214102808,81.30093383789062,959800,0.0,0.0
2024-07-18 00:00:00-04:00,81.34985260577295,83.80610558988006,81.27157139887561,82.05443572998047,891600,0.0,0.0
2024-07-19 00:00:00-04:00,83.62018696817076,83.62018696817076,81.65323410135647,82.19145202636719,712500,0.0,0.0
2024-07-22 00:00:00-04:00,82.34802369892354,82.92538592749051,81.28136094310274,82.66117095947266,531600,0.0,0.0
2024-07-23 00:00:00-04:00,81.02693797477654,83.12111178419916,80.43978029914629,82.88624572753906,873900,0.0,0.0
2024-07-24 00:00:00-04:00,82.45565749593865,82.76880471367276,80.78227635123277,80.86055755615234,1115800,0.0,0.0
2024-07-25 00:00:00-04:00,80.81164827314036,84.20734350124796,80.61592655816555,82.60246276855469,743900,0.0,0.0
2024-07-26 00:00:00-04:00,83.81591213174944,86.7320949175365,82.72968081866179,85.88072967529297,1466900,0.0,0.0
2024-07-29 00:00:00-04:00,85.89050282195575,86.60487399418815,85.27399623722188,85.59693145751953,545100,0.0,0.0
2024-07-30 00:00:00-04:00,85.79263104800262,87.17244086306124,85.67520550869108,86.33085632324219,577600,0.0,0.0
2024-07-31 00:00:00-04:00,86.78101639038574,87.58345670062216,86.46786913434273,86.69293975830078,648700,0.0,0.0
2024-08-01 00:00:00-04:00,86.8299482921979,87.71066981297452,83.66911189125739,85.38163757324219,583400,0.0,0.0
2024-08-02 00:00:00-04:00,83.25810219121053,83.73760726099424,80.60613491503264,81.8097915649414,541100,0.0,0.0
2024-08-05 00:00:00-04:00,78.57067571566223,81.12478593157026,77.02450794779087,80.68441772460938,1168700,0.0,0.0
2024-08-06 00:00:00-04:00,81.01714995650822,83.1504681069678,80.70400268057011,82.01530456542969,408400,0.0,0.0
2024-08-07 00:00:00-04:00,83.16024774533263,83.33639353706413,80.63549388585405,81.28135681152344,338900,0.0,0.0
2024-08-08 00:00:00-04:00,82.03486384780264,83.33638498277513,81.57492724626962,83.2874526977539,338500,0.0,0.0
2024-08-09 00:00:00-04:00,83.37552699059502,83.91375229492925,82.44587324603836,83.38531494140625,312200,0.0,0.0
2024-08-12 00:00:00-04:00,83.38532374481181,83.50275676888789,82.08380239220924,82.10337829589844,431600,0.0,0.0
2024-08-13 00:00:00-04:00,82.50459459118211,82.7296726871129,80.97800261084713,81.95658874511719,432700,0.0,0.0
2024-08-14 00:00:00-04:00,82.16208455057425,82.82752336879122,81.92722598709153,82.26972961425781,408500,0.0,0.0
2024-08-15 00:00:00-04:00,83.17981680630214,85.20548969341485,83.00367101324802,84.61833953857422,410900,0.0,0.0
2024-08-16 00:00:00-04:00,84.3149752258343,84.93148173182973,83.68867330311632,84.08989715576172,328400,0.0,0.0
2024-08-19 00:00:00-04:00,84.20767874045868,84.94375982214868,83.8052841549889,84.74746704101562,277500,0.25,0.0
2024-08-20 00:00:00-04:00,84.81616667130349,84.89468378285768,84.11934415381882,84.50210571289062,320600,0.0,0.0
2024-08-21 00:00:00-04:00,84.86523601157865,85.81723533347504,84.06045439196167,85.80741882324219,399700,0.0,0.0
2024-08-22 00:00:00-04:00,85.895756198835,87.40717699705093,85.53262763850941,86.81831359863281,521600,0.0,0.0
2024-08-23 00:00:00-04:00,87.04405028621933,88.97749126714707,86.81831544333043,88.87934112548828,514400,0.0,0.0
2024-08-26 00:00:00-04:00,88.90877535861588,89.74300656256742,88.11381019812038,88.12362670898438,345300,0.0,0.0
2024-08-27 00:00:00-04:00,88.12362951143619,88.38861541076032,87.17163009805718,88.07455444335938,380300,0.0,0.0
2024-08-28 00:00:00-04:00,88.09418899572829,89.77245302140673,87.83901211534433,89.01673889160156,1013700,0.0,0.0
2024-08-29 00:00:00-04:00,89.3209984997152,90.46928332819596,88.65361793919732,89.4093246459961,469000,0.0,0.0
2024-08-30 00:00:00-04:00,89.49765539363106,91.09740238971983,88.91860099806955,91.02870178222656,522600,0.0,0.0
2024-09-03 00:00:00-04:00,90.4790870075197,90.75388940737973,87.30902792272553,87.42680358886719,464700,0.0,0.0
2024-09-04 00:00:00-04:00,86.8968295785187,87.57402659613389,86.17056497956305,86.9949722290039,475700,0.0,0.0
2024-09-05 00:00:00-04:00,86.82812150419493,86.82812150419493,82.77476374642602,85.78779602050781,585900,0.0,0.0
2024-09-06 00:00:00-04:00,85.89576296570668,86.72017777868297,84.25675733985061,84.61007690429688,615900,0.0,0.0
2024-09-09 00:00:00-04:00,85.32652303944197,85.66020954212988,84.64932603506413,85.29708099365234,543900,0.0,0.0
2024-09-10 00:00:00-04:00,85.48354985047015,85.68965165897254,84.57080899121438,85.26763153076172,386900,0.0,0.0
2024-09-11 00:00:00-04:00,84.90451280355262,84.90451280355262,82.96125518918898,84.55119323730469,444700,0.0,0.0
2024-09-12 00:00:00-04:00,84.84561868982466,85.97427796572788,83.90343570383205,84.54137420654297,482000,0.0,0.0
2024-09-13 00:00:00-04:00,85.36578358360616,86.28833348697437,84.76710367926712,85.75835418701172,480000,0.0,0.0
2024-09-16 00:00:00-04:00,85.62094826819833,86.96552572308963,85.59150622334296,86.49443054199219,455400,0.0,0.0
2024-09-17 00:00:00-04:00,87.1225580654579,87.976414860237,85.895756198835,86.81831359863281,840000,0.0,0.0
2024-09-18 00:00:00-04:00,86.95571920888464,88.66342539705343,86.7103588231441,86.92627716064453,395200,0.0,0.0
2024-09-19 00:00:00-04:00,88.4278636277542,89.52708062902765,87.73104117180698,89.30134582519531,571100,0.0,0.0
2024-09-20 00:00:00-04:00,88.74194179835749,89.6252406774257,87.49551434353128,89.37006378173828,1483500,0.0,0.0
2024-09-23 00:00:00-04:00,88.90878229750213,90.55760432455564,88.90878229750213,89.81171417236328,427200,0.0,0.0
2024-09-24 00:00:00-04:00,90.46926893041825,91.61755357615465,90.06687436058718,91.25442504882812,501200,0.0,0.0
2024-09-25 00:00:00-04:00,91.55868090766431,91.70589863420336,90.63612347663727,91.45072174072266,553400,0.0,0.0
2024-09-26 00:00:00-04:00,92.47141479939181,94.59132444191394,92.45178177718284,94.11042022705078,736500,0.0,0.0
2024-09-27 00:00:00-04:00,94.21838568652849,95.4451875834885,93.5313796193527,94.7091064453125,952100,0.0,0.0
2024-09-30 00:00:00-04:00,94.02208535525752,94.512806035634,92.95231037837901,94.28707122802734,696100,0.0,0.0
2024-10-01 00:00:00-04:00,94.41466493481289,96.18126254816613,93.08972046869998,95.65128326416016,1012300,0.0,0.0
2024-10-02 00:00:00-04:00,94.99372549660109,96.21071088324342,94.26746086932474,95.46481323242188,1077200,0.0,0.0
2024-10-03 00:00:00-04:00,94.82688337247193,95.73962429534865,93.65896555508002,95.28815460205078,703900,0.0,0.0
2024-10-04 00:00:00-04:00,96.53458732617365,97.24122640998434,95.54332930650563,97.21178436279297,384900,0.0,0.0
2024-10-07 00:00:00-04:00,96.9664270111684,98.86060948022482,96.55421587421476,97.52584838867188,822600,0.0,0.0
2024-10-08 00:00:00-04:00,97.10382534048372,97.10382534048372,95.3666696755974,96.00460815429688,607100,0.0,0.0
2024-10-09 00:00:00-04:00,97.2706541768875,97.62397366692207,96.0634780046355,97.4571304321289,551400,0.0,0.0
2024-10-10 00:00:00-04:00,96.95660257187564,96.95660257187564,94.77780133622386,96.37754821777344,641900,0.0,0.0
2024-10-11 00:00:00-04:00,96.79958067704375,98.71339625739458,96.70143801626283,98.38951873779297,604000,0.0,0.0
2024-10-14 00:00:00-04:00,98.18340457162353,98.38950637971786,97.51602407921152,97.94786071777344,439900,0.0,0.0
2024-10-15 00:00:00-04:00,97.6337960953524,98.92929847474001,96.42661984992576,96.51494598388672,490600,0.0,0.0
2024-10-16 00:00:00-04:00,97.17251258757777,98.31098068836044,97.17251258757777,97.67304229736328,351200,0.0,0.0
2024-10-17 00:00:00-04:00,97.60434920769028,98.8115254858279,97.60434920769028,98.4876480102539,391300,0.0,0.0
2024-10-18 00:00:00-04:00,99.28262164746269,99.40038983042028,98.4189483708185,98.7330093383789,512400,0.0,0.0
2024-10-21 00:00:00-04:00,98.7820803825605,99.51816144727734,97.3295437868856,97.38843536376953,357600,0.0,0.0
2024-10-22 00:00:00-04:00,96.84863202887642,97.83007337189795,95.97514983261152,96.5738296508789,309800,0.0,0.0
2024-10-23 00:00:00-04:00,96.48551061128576,97.2804833109266,95.71017093464087,96.26959228515625,292100,0.0,0.0
2024-10-24 00:00:00-04:00,96.30884525813308,97.5650965838691,95.86719960779266,97.54546356201172,340900,0.0,0.0
2024-10-25 00:00:00-04:00,97.54546155103657,97.80063841529459,96.58365315836242,96.66216278076172,339800,0.0,0.0
2024-10-28 00:00:00-04:00,97.14308366444223,98.02637503056182,96.62291337593926,97.99693298339844,427500,0.0,0.0
2024-10-29 00:00:00-04:00,97.1626998259523,98.2913589477539,96.67197911976062,98.2913589477539,945500,0.0,0.0
2024-10-30 00:00:00-04:00,103.6892927904933,107.27155565311995,101.6675182708315,106.0741958618164,1607900,0.0,0.0
2024-10-31 00:00:00-04:00,105.01423989426513,106.09382404047707,104.27815877351094,104.87683868408203,815300,0.0,0.0
2024-11-01 00:00:00-04:00,105.40682039982565,105.76994896883966,104.42537888304477,105.27922821044922,582100,0.0,0.0
2024-11-04 00:00:00-05:00,104.70998851251449,105.78957258743529,104.58239633448127,104.7590560913086,467000,0.0,0.0
2024-11-05 00:00:00-05:00,103.77762407755448,107.72302317539726,103.2182027114788,107.6052474975586,559500,0.0,0.0
2024-11-06 00:00:00-05:00,114.10238272789111,115.68250402893162,112.93446503030364,115.08382415771484,734400,0.0,0.0
2024-11-07 00:00:00-05:00,114.75012786061862,116.37932419537138,114.55384257373926,115.8297119140625,522100,0.0,0.0
2024-11-08 00:00:00-05:00,115.21140325960488,117.59630611790797,115.21140325960488,116.75226593017578,510200,0.0,0.0
2024-11-11 00:00:00-05:00,118.28332855045565,119.11755983167446,117.7042816485132,117.78279876708984,411900,0.0,0.0
2024-11-12 00:00:00-05:00,117.32150944483023,117.94963136102784,115.79046321007405,116.26155090332031,592300,0.0,0.0
2024-11-13 00:00:00-05:00,116.16342049974858,118.3814804619611,116.16342049974858,116.73265838623047,726700,0.0,0.0
2024-11-14 00:00:00-05:00,117.64538936787979,118.17536864969003,115.1525271850556,115.48621368408203,481800,0.0,0.0
2024-11-15 00:00:00-05:00,115.4862082428975,115.98674545565815,113.28778159392688,113.95516204833984,634000,0.0,0.0
2024-11-18 00:00:00-05:00,114.43711268552742,116.0108059221491,114.14204942463907,115.47969055175781,671900,0.25,0.0
2024-11-19 00:00:00-05:00,114.18138865336205,114.88955250731478,113.66994114993035,114.07320404052734,420700,0.0,0.0
2024-11-20 00:00:00-05:00,114.08303192522254,114.40760826905358,112.04706463822257,113.31585693359375,536300,0.0,0.0
2024-11-21 00:00:00-05:00,114.76169236045929,117.23042815261543,113.65027312129459,116.16818237304688,446300,0.0,0.0
2024-11-22 00:00:00-05:00,116.27636381526194,117.91890579342173,116.00096845412867,117.68285369873047,466000,0.0,0.0
2024-11-25 00:00:00-05:00,118.20414861072756,120.51551130139673,117.23042707373172,117.2402572631836,784100,0.0,0.0
2024-11-26 00:00:00-05:00,116.52226570664476,118.23365670286361,116.28621358743288,117.60417938232422,347700,0.0,0.0
2024-11-27 00:00:00-05:00,117.53532770558799,118.509049239864,116.45341405595225,116.63045501708984,315200,0.0,0.0
2024-11-29 00:00:00-05:00,116.6009387709672,117.84021788156485,116.54192012001442,116.5517578125,240400,0.0,0.0
2024-12-02 00:00:00-05:00,116.9255220388542,117.4369770558855,114.76169467007699,114.8305435180664,720400,0.0,0.0
2024-12-03 00:00:00-05:00,115.20428975474255,116.39439552097907,113.8469807205799,115.0370864868164,501600,0.0,0.0
2024-12-04 00:00:00-05:00,114.86003321993529,116.37471517031359,114.62398113144897,116.01079559326172,577700,0.0,0.0
2024-12-05 00:00:00-05:00,115.79443232537078,116.85667059879358,114.71251116101932,115.16494750976562,656700,0.0,0.0
2024-12-06 00:00:00-05:00,115.74523705375029,116.73863386187085,114.37809048303133,115.48950958251953,445500,0.0,0.0
2024-12-09 00:00:00-05:00,114.90922215126726,115.3518207858862,111.80117150402653,111.92903900146484,522500,0.0,0.0
2024-12-10 00:00:00-05:00,111.97821418363644,113.59125068233108,110.9061382502192,112.07656860351562,562400,0.0,0.0
2024-12-11 00:00:00-05:00,113.64044221724372,113.98468647082963,112.34214424374689,112.54869079589844,586400,0.0,0.0
2024-12-12 00:00:00-05:00,112.72572032848613,115.68623561676732,112.23394072928812,114.54530334472656,879400,0.0,0.0
2024-12-13 00:00:00-05:00,114.46660730476952,115.11575992371895,113.62074586405632,114.59447479248047,741700,0.0,0.0
2024-12-16 00:00:00-05:00,114.38793421740439,115.03707936609656,112.22409954585497,112.65686798095703,681700,0.0,0.0
2024-12-17 00:00:00-05:00,111.8306814242503,112.30279315628708,110.02093604335901,110.34551239013672,619500,0.0,0.0
2024-12-18 00:00:00-05:00,111.36842049974823,112.05690899369122,105.01462095182033,105.09330749511719,789700,0.0,0.0
2024-12-19 00:00:00-05:00,106.88337213614994,107.66038477316991,104.55234172905088,105.45721435546875,674000,0.0,0.0
2024-12-20 00:00:00-05:00,105.14247771041418,108.06364967197008,105.04412329333022,107.50302124023438,1718400,0.0,0.0
2024-12-23 00:00:00-05:00,106.83419579861219,107.778411666442,105.52606034990562,106.5784683227539,643300,0.0,0.0
2024-12-24 00:00:00-05:00,106.41127905049692,107.68007140006655,105.79163191235729,107.34565734863281,186100,0.0,0.0
2024-12-26 00:00:00-05:00,107.34564059511167,109.3324341982345,106.67682010058921,108.20133972167969,449700,0.0,0.0
2024-12-27 00:00:00-05:00,107.12927332867488,108.54560107135522,106.03752194435239,106.95223236083984,238000,0.0,0.0
2024-12-30 00:00:00-05:00,105.98834093973488,106.8735457159054,104.82774078963604,106.25389862060547,358800,0.0,0.0
2024-12-31 00:00:00-05:00,106.61782316245554,107.46368470953473,106.07686257863926,106.28340911865234,459700,0.0,0.0
2025-01-02 00:00:00-05:00,106.71616667807497,107.5915337122603,105.0736247154091,105.89981079101562,314500,0.0,0.0
2025-01-03 00:00:00-05:00,105.89980663491008,107.85709464932806,105.60474340689943,107.6800537109375,307300,0.0,0.0
2025-01-06 00:00:00-05:00,107.90628846894074,109.30294085543471,107.69974191916025,108.01448059082031,504100,0.0,0.0
2025-01-07 00:00:00-05:00,107.91611564722622,109.31276789762592,107.55219604509625,108.4374008178711,400000,0.0,0.0
2025-01-08 00:00:00-05:00,108.43739659156239,108.93901386057796,106.85386575530525,108.42755889892578,478700,0.0,0.0
2025-01-10 00:00:00-05:00,107.34565328739994,107.60138078717878,105.34902925995914,107.13910675048828,480200,0.0,0.0
2025-01-13 00:00:00-05:00,106.18505161176998,110.49303825828422,105.55557431649743,110.39468383789062,489600,0.0,0.0
2025-01-14 00:00:00-05:00,112.14542350021972,114.60432164971023,111.71266252860332,114.13221740722656,538300,0.0,0.0
2025-01-15 00:00:00-05:00,115.90261046184584,116.34521659633963,114.15187631766061,114.39776611328125,415600,0.0,0.0
2025-01-16 00:00:00-05:00,114.87972054524656,117.70253072002556,114.87972054524656,115.6272201538086,419900,0.0,0.0
2025-01-17 00:00:00-05:00,116.6304556289424,117.75171255404217,116.05015177951768,117.545166015625,419100,0.0,0.0
2025-01-21 00:00:00-05:00,118.67626215589803,119.76800601468452,117.64352194660833,118.08612060546875,649100,0.0,0.0
2025-01-22 00:00:00-05:00,118.6467471803313,118.94181795083344,116.95503160853144,118.13529968261719,490600,0.0,0.0
2025-01-23 00:00:00-05:00,118.12545572562648,119.80734101879959,117.43696730291036,118.37134552001953,403000,0.0,0.0
2025-01-24 00:00:00-05:00,117.95826624784188,118.30251049941911,117.04355580567268,117.6336898803711,320900,0.0,0.0
2025-01-27 00:00:00-05:00,115.95179699396968,116.10917007262988,112.12575219059015,113.44371795654297,595700,0.0,0.0
2025-01-28 00:00:00-05:00,113.0404485315423,114.09285647646854,111.60445313498613,113.57157135009766,419300,0.0,0.0
2025-01-29 00:00:00-05:00,114.13219812682235,115.27312277338896,113.60107531577982,114.42726135253906,383100,0.0,0.0
2025-01-30 00:00:00-05:00,115.23379619638195,117.31893683854051,115.23379619638195,116.75830841064453,532700,0.0,0.0
2025-01-31 00:00:00-05:00,117.2107504012629,117.67302443511849,115.056760812987,115.60755157470703,540100,0.0,0.0
2025-02-03 00:00:00-05:00,112.72571838849758,112.80440492396576,110.03076833238116,111.10284423828125,757400,0.0,0.0
2025-02-04 00:00:00-05:00,111.74215765473916,113.35519408962388,111.4962678627877,112.65686798095703,390300,0.0,0.0
2025-02-05 00:00:00-05:00,112.73557135714074,113.63060643149558,111.66348780201182,112.49951171875,384100,0.0,0.0
2025-02-06 00:00:00-05:00,113.47323136479449,113.88632444152958,111.61430501552515,113.55191040039062,471700,0.0,0.0
2025-02-07 00:00:00-05:00,113.90597886995312,115.14526545773626,113.12896626751547,113.89614868164062,572200,0.0,0.0
2025-02-10 00:00:00-05:00,114.12238473443615,114.28958801500697,111.02417142897711,112.26345825195312,565900,0.0,0.0
2025-02-11 00:00:00-05:00,111.51593405377444,113.50272774483979,111.34873079873294,112.3126220703125,559600,0.0,0.0
2025-02-12 00:00:00-05:00,96.09372826314194,102.76226576375518,92.71028980851034,98.31657409667969,2892800,0.0,0.0
2025-02-13 00:00:00-05:00,97.96250032489328,100.41156076942617,96.62485913739832,99.92961883544922,1161700,0.0,0.0
2025-02-14 00:00:00-05:00,99.94929442801029,103.70649049072873,99.52636364721384,102.83112335205078,968100,0.0,0.0
2025-02-18 00:00:00-05:00,103.83433886842876,103.83433886842876,100.71645817279489,102.034423828125,843400,0.0,0.0
2025-02-19 00:00:00-05:00,101.34594451205935,103.07701086740369,101.30660124216953,102.07377624511719,816300,0.0,0.0
2025-02-20 00:00:00-05:00,102.2409718592776,103.19502544678036,99.8902660630821,100.67711639404297,716700,0.0,0.0
2025-02-21 00:00:00-05:00,102.60490059804417,102.78194156309601,98.24773282300997,99.01490783691406,667800,0.0,0.0
2025-02-24 00:00:00-05:00,99.31980866004912,100.25418687346168,96.38879902073694,96.919921875,872700,0.0,0.0
2025-02-25 00:00:00-05:00,96.91993127495971,98.16904824493966,94.92330715937476,97.76579284667969,868300,0.0,0.0
2025-02-26 00:00:00-05:00,98.35592429149163,100.15583950697669,97.92315582334139,98.79852294921875,567400,0.0,0.0
2025-02-27 00:00:00-05:00,99.22145030561181,100.99185988345195,98.3460832098912,98.80835723876953,744100,0.0,0.0
2025-02-28 00:00:00-05:00,98.68050369963906,100.52959243217609,98.60181715681746,100.07715606689453,1043700,0.0,0.0
2025-03-03 00:00:00-05:00,100.81678866156429,101.30001285655715,96.31982041117764,97.18766021728516,619100,0.27,0.0
2025-03-04 00:00:00-05:00,95.61963137772973,96.80304718268704,94.21926315626028,95.06737518310547,678900,0.0,0.0
2025-03-05 00:00:00-05:00,95.4914344733073,97.13834677016568,94.60387447011436,96.26065063476562,718200,0.0,0.0
2025-03-06 00:00:00-05:00,94.87012555176382,96.54662921948993,93.73602920244758,94.71234130859375,1054500,0.0,0.0
2025-03-07 00:00:00-05:00,94.30801428816325,97.66101441042252,93.55852589677832,96.62553405761719,716000,0.0,0.0
2025-03-10 00:00:00-04:00,94.88986763102797,95.70839561775745,93.60783566328477,94.7024917602539,808300,0.0,0.0
2025-03-11 00:00:00-04:00,94.8898624693786,96.90166255102469,93.99243863598949,95.88590240478516,858400,0.0,0.0
2025-03-12 00:00:00-04:00,97.40460475519995,98.1935486015891,94.87013261787696,95.28433227539062,702200,0.0,0.0
2025-03-13 00:00:00-04:00,94.67289727094021,95.27446524093004,91.37907299820651,92.2764892578125,872000,0.0,0.0
2025-03-14 00:00:00-04:00,93.44018143403892,94.87999757490071,92.9964052178013,94.80110168457031,612700,0.0,0.0
2025-03-17 00:00:00-04:00,94.65318860067923,97.16793322666369,94.40664456731251,95.95494079589844,669700,0.0,0.0
2025-03-18 00:00:00-04:00,95.52102074148162,96.70442909023716,95.4421248451841,96.20148468017578,531000,0.0,0.0
2025-03-19 00:00:00-04:00,95.95493728709566,98.36120184849429,95.29419358365003,97.81880950927734,615800,0.0,0.0
2025-03-20 00:00:00-04:00,96.90166952820566,98.7162300125438,96.90166952820566,97.53282165527344,601900,0.0,0.0
2025-03-21 00:00:00-04:00,96.53677434073518,96.63539044238841,94.79124601730125,95.3040542602539,3525400,0.0,0.0
2025-03-24 00:00:00-04:00,97.24681986331265,99.45585208523654,96.94110769870419,98.91345977783203,1064000,0.0,0.0
2025-03-25 00:00:00-04:00,99.34737403190603,100.48147800402695,98.28230960685298,98.68663787841797,694700,0.0,0.0
2025-03-26 00:00:00-04:00,98.8246992577861,100.02783522058044,97.51308332956431,97.9963150024414,734300,0.0,0.0
2025-03-27 00:00:00-04:00,97.66101168225296,98.45981186409199,95.70838734355178,97.6708755493164,798100,0.0,0.0
2025-03-28 00:00:00-04:00,97.296134725246,97.72018321258403,94.46580669434898,94.73207092285156,641200,0.0,0.0
2025-03-31 00:00:00-04:00,93.2034976167044,94.80109795138871,91.73408993188798,94.34745788574219,1121300,0.0,0.0
2025-04-01 00:00:00-04:00,94.01216952953932,96.05355375798811,92.94709753454173,96.00424194335938,923800,0.0,0.0
2025-04-02 00:00:00-04:00,94.35732681187947,97.89769529669722,94.08119871571753,97.54267883300781,695300,0.0,0.0
2025-04-03 00:00:00-04:00,92.22718627545034,93.42046598674348,89.06156187281479,89.22921752929688,1061500,0.0,0.0
2025-04-04 00:00:00-04:00,84.95906444222804,86.46791252794475,82.00053642351267,84.75196838378906,1077500,0.0,0.0
2025-04-07 00:00:00-04:00,82.17805464040443,87.81898302789119,79.27869455443397,83.49952697753906,1291700,0.0,0.0
2025-04-08 00:00:00-04:00,87.25686223081782,87.25686223081782,81.61593389064173,83.24312591552734,1230900,0.0,0.0
2025-04-09 00:00:00-04:00,82.16819597633575,92.07926922818679,82.16819597633575,90.83668518066406,999000,0.0,0.0
2025-04-10 00:00:00-04:00,88.75584912374727,89.30810533286076,85.31409663664806,87.40478515625,1047700,0.0,0.0
2025-04-11 00:00:00-04:00,86.29040338641354,87.95704329947606,84.5350112413524,87.59215545654297,840800,0.0,0.0
2025-04-14 00:00:00-04:00,88.90377176607042,88.90377176607042,86.61584364765773,88.17400360107422,766700,0.0,0.0
2025-04-15 00:00:00-04:00,88.13455915139433,89.17990339059195,86.90183904897208,87.79925537109375,832100,0.0,0.0
2025-04-16 00:00:00-04:00,87.21741404948256,88.32192643270935,85.6099422398665,86.96100616455078,1321900,0.0,0.0
2025-04-17 00:00:00-04:00,87.23713544106242,88.64736754138445,86.60598334955445,87.5527114868164,632200,0.0,0.0
2025-04-21 00:00:00-04:00,86.26081988474041,86.7637717745341,83.7263477493199,84.62376403808594,661400,0.0,0.0
2025-04-22 00:00:00-04:00,86.20165770117346,87.3554819483419,85.097137745329,87.16810607910156,480600,0.0,0.0
2025-04-23 00:00:00-04:00,89.9589806822752,91.60589288364766,88.04579673341966,88.1838607788086,463800,0.0,0.0
2025-04-24 00:00:00-04:00,88.97280792093252,91.38893632853004,88.50930395544347,91.11280822753906,666000,0.0,0.0
2025-04-25 00:00:00-04:00,91.11280704599902,91.15225499190424,89.75188676993754,90.52110290527344,792600,0.0,0.0
2025-04-28 00:00:00-04:00,90.44220800123274,91.7143760558463,89.50534372851243,90.94515991210938,795800,0.0,0.0
2025-04-29 00:00:00-04:00,89.71244141322127,91.43824959576979,89.33768967826916,91.21142578125,864200,0.0,0.0
2025-04-30 00:00:00-04:00,90.10691350019553,91.27060160605647,89.13059373817616,90.96488189697266,1115000,0.0,0.0
2025-05-01 00:00:00-04:00,92.54276765846488,93.5979833773731,91.47770311906689,92.09899139404297,935900,0.0,0.0
2025-05-02 00:00:00-04:00,98.44996049796448,100.40258493537806,95.54073652911543,95.90562438964844,1373000,0.0,0.0
2025-05-05 00:00:00-04:00,94.3178736289853,97.73990561053428,94.3178736289853,97.23695373535156,887300,0.0,0.0
2025-05-06 00:00:00-04:00,96.30995601025425,97.03972417567341,95.63935599978294,95.77742004394531,687600,0.0,0.0
2025-05-07 00:00:00-04:00,96.22119865642969,96.90166255102469,95.37308663601243,95.88590240478516,761800,0.0,0.0
2025-05-08 00:00:00-04:00,97.20737299096899,98.49926120938976,96.75373291063748,97.35530090332031,486200,0.0,0.0
2025-05-09 00:00:00-04:00,97.30598815168354,97.79907617214278,96.47760388879654,97.3454360961914,462800,0.0,0.0
2025-05-12 00:00:00-04:00,101.06332898639826,102.10867323385911,99.40655285468922,101.86212921142578,716700,0.0,0.0
2025-05-13 00:00:00-04:00,102.07909037373318,103.73586652522272,102.07909037373318,103.52877044677734,631400,0.0,0.0
2025-05-14 00:00:00-04:00,103.1047073369482,104.12046744787085,103.07511573583815,103.61751556396484,584800,0.0,0.0
2025-05-15 00:00:00-04:00,103.03567593202972,104.2190841700263,103.03567593202972,103.7062759399414,427500,0.0,0.0
2025-05-16 00:00:00-04:00,104.05144313225792,104.87982745046199,103.64710731699647,104.69245910644531,693300,0.0,0.0
2025-05-19 00:00:00-04:00,103.55545882877155,105.08793238695843,103.051232017308,104.94951629638672,392700,0.27,0.0
2025-05-20 00:00:00-04:00,104.85064645129896,105.5031783578909,104.36618260175183,105.07804107666016,359600,0.0,0.0
2025-05-21 00:00:00-04:00,104.04979485080688,104.39583504626124,102.49755093710259,102.6656265258789,390700,0.0,0.0
2025-05-22 00:00:00-04:00,102.44812456681942,102.60631114330364,101.22214276929044,102.35913848876953,449200,0.0,0.0
2025-05-23 00:00:00-04:00,100.47075096576901,101.50887166783725,100.33233487215992,101.18260192871094,564600,0.0,0.0
2025-05-27 00:00:00-04:00,102.47777863677753,103.43680969234197,101.32101248533009,103.40714263916016,474900,0.0,0.0
2025-05-28 00:00:00-04:00,103.2588541064577,103.77296992651779,102.82382780579151,103.06111145019531,649500,0.0,0.0
2025-05-29 00:00:00-04:00,103.81251171162987,103.81251171162987,102.52721093033689,103.61477661132812,636300,0.0,0.0
2025-05-30 00:00:00-04:00,103.4763650523633,103.4763650523633,101.86479449637923,102.34925079345703,963100,0.0,0.0
2025-06-02 00:00:00-04:00,102.25038070419741,102.40857482191556,99.88741075833511,100.85633087158203,724500,0.0,0.0
2025-06-03 00:00:00-04:00,101.26169801693024,102.9721362187462,100.32244488463449,102.3097152709961,563000,0.0,0.0
2025-06-04 00:00:00-04:00,102.92269827015357,104.16845063891309,101.25181615041899,101.36056518554688,600100,0.0,0.0
2025-06-05 00:00:00-04:00,101.24192713154872,102.00321563611153,100.64871423222414,101.36056518554688,346600,0.0,0.0
2025-06-06 00:00:00-04:00,102.68541178774666,103.45658928991641,101.91423428557691,102.38880157470703,318600,0.0,0.0
2025-06-09 00:00:00-04:00,102.27016336480746,102.42834994656761,99.85775576229895,99.92696380615234,826000,0.0,0.0
2025-06-10 00:00:00-04:00,100.47074307554915,100.8167832823965,99.58092001286258,100.40153503417969,771300,0.0,0.0
2025-06-11 00:00:00-04:00,101.07384169944001,101.48908993428373,99.84785994450544,101.1529312133789,693000,0.0,0.0
2025-06-12 00:00:00-04:00,100.09503981846203,100.75746829019776,96.82247616360817,100.53995513916016,1292900,0.0,0.0
2025-06-13 00:00:00-04:00,98.64166091895838,99.78854567141462,97.51455420326084,97.70240783691406,763500,0.0,0.0
2025-06-16 00:00:00-04:00,98.67132175655894,98.84928636061879,93.84650695454086,94.33097076416016,1375000,0.0,0.0
2025-06-17 00:00:00-04:00,94.15300849660018,94.90440791629035,92.0075441768839,92.35359191894531,898800,0.0,0.0
2025-06-18 00:00:00-04:00,92.44257821742534,93.19398524334935,90.80134807436909,91.17705535888672,882800,0.0,0.0
2025-06-20 00:00:00-04:00,92.35359250372458,92.54143858828125,89.25898610024372,89.77310943603516,1511100,0.0,0.0
2025-06-23 00:00:00-04:00,89.67423380267482,91.95811420270682,89.25898556380014,91.68128204345703,867400,0.0,0.0
2025-06-24 00:00:00-04:00,92.6501994834089,93.28296089307166,91.46377372606895,92.37336730957031,626800,0.0,0.0
2025-06-25 00:00:00-04:00,92.81828054744585,92.81828054744585,91.53298715850812,91.82958984375,669400,0.0,0.0
2025-06-26 00:00:00-04:00,92.2547216519786,93.69820908820525,91.91857045344175,93.0456771850586,664600,0.0,0.0
2025-06-27 00:00:00-04:00,93.60923277467016,94.65724246925357,92.88748526785534,93.58946228027344,1359800,0.0,0.0
2025-06-30 00:00:00-04:00,93.61912302947387,94.43973056221793,93.2038672105483,93.91572570800781,799500,0.0,0.0
2025-07-01 00:00:00-04:00,93.73776700443409,97.06965752650885,93.41150479175006,95.60639190673828,709000,0.0,0.0
2025-07-02 00:00:00-04:00,96.12050888997379,96.68406227452124,95.4976289354505,96.60496520996094,524600,0.0,0.0
2025-07-03 00:00:00-04:00,97.53433006386507,98.37471557269814,96.40722337331518,96.82247161865234,828300,0.0,0.0
2025-07-07 00:00:00-04:00,96.1303886122308,97.54421644629468,93.98492431640625,93.98492431640625,701500,0.0,0.0
2025-07-08 00:00:00-04:00,94.13323983748106,94.75611225763866,93.11488963208045,93.79708862304688,841800,0.0,0.0
2025-07-09 00:00:00-04:00,94.5682534377489,94.5682534377489,92.57109428525544,93.77729797363281,711400,0.0,0.0
2025-07-10 00:00:00-04:00,93.86629433881934,95.21091424938886,93.32251145472462,94.42984771728516,551100,0.0,0.0
2025-07-11 00:00:00-04:00,93.30273540830522,93.77730267608372,90.47507966549676,90.4948501586914,924900,0.0,0.0
2025-07-14 00:00:00-04:00,91.00897222878096,91.70105262759402,89.07113202588313,89.66435241699219,673900,0.0,0.0
2025-07-15 00:00:00-04:00,89.98073408237677,90.17846918615282,88.15165797156075,88.53724670410156,765700,0.0,0.0
2025-07-16 00:00:00-04:00,88.64600963065128,88.9623903452461,87.23218166225006,88.04290771484375,768800,0.0,0.0
2025-07-17 00:00:00-04:00,87.70675116318024,89.08103063384937,86.80704654786622,87.91437530517578,1134800,0.0,0.0
2025-07-18 00:00:00-04:00,88.10221408652491,88.10221408652491,85.72935529634769,86.00618743896484,1280700,0.0,0.0
2025-07-21 00:00:00-04:00,86.56974765979729,86.87624687914015,84.61214447021484,84.61214447021484,1520300,0.0,0.0
2025-07-22 00:00:00-04:00,84.64180388523187,85.61071646071778,84.61214437377363,85.11637115478516,1646500,0.0,0.0
2025-07-23 00:00:00-04:00,86.27315150146842,87.42991779547187,85.3338908224968,87.08387756347656,1016500,0.0,0.0
2025-07-24 00:00:00-04:00,86.19405129181594,87.14319341199806,85.70959498469519,86.99488830566406,956300,0.0,0.0
2025-07-25 00:00:00-04:00,87.45957712380878,88.55702438803284,86.60930253093048,88.42849731445312,944000,0.0,0.0
2025-07-28 00:00:00-04:00,88.73498412347732,88.73498412347732,87.01466453777844,87.06409454345703,990600,0.0,0.0
2025-07-29 00:00:00-04:00,88.1417694829307,88.36916409932813,86.55986601388719,87.30138397216797,687500,0.0,0.0
2025-07-30 00:00:00-04:00,87.8451598252396,87.8451598252396,85.6008354432757,86.06552124023438,585200,0.0,0.0
2025-07-31 00:00:00-04:00,85.97653274755503,89.12056912351676,85.91721372598744,89.05136108398438,1341900,0.0,0.0
2025-08-01 00:00:00-04:00,87.68697864182444,88.03301887048724,86.18416458718711,86.69828796386719,1290600,0.0,0.0
2025-08-04 00:00:00-04:00,87.12342923265996,88.01324484893584,86.6488543666161,87.0047836303711,1301900,0.0,0.0
2025-08-05 00:00:00-04:00,84.08813337148212,86.79714333666713,82.78306216153581,85.44263458251953,2291500,0.0,0.0
2025-08-06 00:00:00-04:00,85.00762592192616,87.31126941764383,84.70112668925034,87.27172088623047,1209800,0.0,0.0
2025-08-07 00:00:00-04:00,88.34940697879804,88.6460172242501,86.24349837404645,86.42146301269531,713000,0.0,0.0
2025-08-08 00:00:00-04:00,86.93557386859106,87.37060019196731,86.35224243105368,86.73783874511719,674700,0.0,0.0
2025-08-11 00:00:00-04:00,87.09375899439155,87.79573602007738,86.55987266136634,87.251953125,786800,0.0,0.0
2025-08-12 00:00:00-04:00,87.99345627876177,90.21800994873047,87.44967347552542,90.21800994873047,753200,0.0,0.0
2025-08-13 00:00:00-04:00,90.17846679018594,90.39597992442687,89.2293247396795,89.67423248291016,1655800,0.0,0.0
2025-08-14 00:00:00-04:00,88.55702492472571,89.73356926125747,87.22229399999185,87.86494445800781,874100,0.0,0.0
2025-08-15 00:00:00-04:00,88.0923315286556,88.15165809435963,85.1658082386511,86.01608276367188,1321900,0.0,0.0
2025-08-18 00:00:00-04:00,86.58953483876326,87.4892394691639,86.20394606243275,87.40026092529297,843500,0.0,0.0
2025-08-19 00:00:00-04:00,87.65732091042736,88.32962334371916,86.54998461308341,86.79715728759766,518400,0.0,0.0
2025-08-20 00:00:00-04:00,86.42029101953023,87.015333974637,85.88475009001962,86.56905364990234,638400,0.27,0.0
2025-08-21 00:00:00-04:00,86.01368622208402,86.87649590879123,85.42855519305596,85.73599243164062,1316100,0.0,0.0
2025-08-22 00:00:00-04:00,86.41036964882647,89.25666835240611,85.70623461756773,88.5723648071289,706300,0.0,0.0
2025-08-25 00:00:00-04:00,88.51286722073317,88.92939654466379,87.57071647854983,87.63021850585938,847300,0.0,0.0
2025-08-26 00:00:00-04:00,87.59054165206388,88.39384922836852,87.30293593016165,87.62029266357422,996400,0.0,0.0
2025-08-27 00:00:00-04:00,87.1938451421723,88.72112680895836,87.06492156824713,88.46327209472656,771500,0.0,0.0
2025-08-28 00:00:00-04:00,88.78063248440905,88.78063248440905,86.79715089786711,87.01533508300781,1075600,0.0,0.0
2025-08-29 00:00:00-04:00,86.86656864562002,87.38227807270448,86.25169422321045,86.58888244628906,823700,0.0,0.0
2025-09-02 00:00:00-04:00,85.07152146817963,87.03517150878906,84.29796488340006,87.03517150878906,1307800,0.0,0.0
2025-09-03 00:00:00-04:00,87.23352281806397,88.32443622177975,86.55913874854079,87.273193359375,1110300,0.0,0.0
2025-09-04 00:00:00-04:00,87.68971917464982,88.63187746861882,87.24343884397837,88.49303436279297,936200,0.0,0.0
2025-09-05 00:00:00-04:00,88.51285985686536,89.41534755001406,87.95748747116234,89.27649688720703,800000,0.0,0.0
2025-09-08 00:00:00-04:00,89.50459832528098,89.50459832528098,87.65996001487328,89.23683166503906,837700,0.0,0.0
2025-09-09 00:00:00-04:00,89.32609563857237,89.5938623316151,87.45170608812718,87.84840393066406,744100,0.0,0.0
2025-09-10 00:00:00-04:00,87.77897337749631,88.7211240363575,87.38227557562483,87.85830688476562,600900,0.0,0.0
2025-09-11 00:00:00-04:00,88.03681822625138,90.51616996544985,87.46161437320693,89.75253295898438,1037300,0.0,0.0
2025-09-12 00:00:00-04:00,89.08807196752528,89.5046012599503,87.51120026565717,87.67980194091797,587900,0.0,0.0
2025-09-15 00:00:00-04:00,87.79881260685279,88.50294767325053,86.87649335186214,87.00542449951172,825000,0.0,0.0
2025-09-16 00:00:00-04:00,87.30294120093758,87.57071545345981,86.35087094322016,86.9558334350586,962600,0.0,0.0
2025-09-17 00:00:00-04:00,87.27319235030001,88.25501364565392,85.67648902130782,86.59880828857422,962100,0.0,0.0
2025-09-18 00:00:00-04:00,86.91615869761493,89.14757538441984,86.72772553393156,88.294677734375,731400,0.0,0.0
2025-09-19 00:00:00-04:00,88.5822814409387,88.5822814409387,87.45169761736769,87.57070922851562,2225400,0.0,0.0
2025-09-22 00:00:00-04:00,87.47152604555936,87.99715496830602,86.8169811230753,87.65003967285156,860800,0.0,0.0
2025-09-23 00:00:00-04:00,87.71946458610788,89.07815211078915,86.14260045647706,86.6583023071289,805300,0.0,0.0
2025-09-24 00:00:00-04:00,86.74756113656261,87.34260404943895,85.6368088171806,86.1029281616211,715300,0.0,0.0
2025-09-25 00:00:00-04:00,85.64673595232237,85.7260770321234,84.23846583457224,84.625244140625,706600,0.0,0.0
2025-09-26 00:00:00-04:00,85.1310256658843,85.77565869178339,84.72441587705616,84.97235107421875,891800,0.0,0.0
2025-09-29 00:00:00-04:00,85.35912790505873,85.47813952154267,83.33597582312132,83.73267364501953,818500,0.0,0.0
2025-09-30 00:00:00-04:00,83.62358265995701,84.387219734938,83.21697287276452,84.178955078125,731000,0.0,0.0
2025-10-01 00:00:00-04:00,83.65332773594783,86.28144214205683,83.51448464125961,85.1905288696289,874300,0.0,0.0
2025-10-02 00:00:00-04:00,85.4880529157573,86.31119958588981,84.6054042195753,85.82524871826172,814700,0.0,0.0
2025-10-03 00:00:00-04:00,86.0632584298384,86.93599510550519,85.47813503718109,85.75582122802734,761800,0.0,0.0
2025-10-06 00:00:00-04:00,86.33104180636825,86.65831052802979,84.00044481549621,84.04011535644531,676400,0.0,0.0
2025-10-07 00:00:00-04:00,84.3872179421933,84.77400380106528,82.8500242984544,82.99878692626953,1003200,0.0,0.0
2025-10-08 00:00:00-04:00,82.69133914216182,83.5045662361265,81.90786305940372,82.22522735595703,789800,0.0,0.0
2025-10-09 00:00:00-04:00,81.99713109649184,82.03680163715909,80.28141615294733,80.35083770751953,601700,0.0,0.0
2025-10-10 00:00:00-04:00,80.64836341833103,80.97563970583091,78.7045523133464,78.81364440917969,909800,0.0,0.0
2025-10-13 00:00:00-04:00,79.92438438075187,80.70786049072741,79.42851399973304,80.04339599609375,773000,0.0,0.0
2025-10-14 00:00:00-04:00,78.7938021844921,81.59051088995699,78.69462961946631,81.45166778564453,844100,0.0,0.0
2025-10-15 00:00:00-04:00,81.45167590543336,83.21698103095244,81.34258380311526,82.41366577148438,959400,0.0,0.0
2025-10-16 00:00:00-04:00,82.90952783627417,83.19713357093099,80.33100331714822,81.05497741699219,594900,0.0,0.0
2025-10-17 00:00:00-04:00,80.41034304929191,81.21365064777135,79.28967114225792,80.21199035644531,670800,0.0,0.0
2025-10-20 00:00:00-04:00,80.72770190699926,81.18390176292917,80.0830688795224,80.7078628540039,471900,0.0,0.0
2025-10-21 00:00:00-04:00,80.63844476115297,82.17564607983117,80.41034860659221,81.81861877441406,536800,0.0,0.0
2025-10-22 00:00:00-04:00,81.90786160627401,82.58224559172298,80.88636988560451,81.61034393310547,1130300,0.0,0.0
2025-10-23 00:00:00-04:00,81.97729267566758,82.67150816267255,80.9756324160907,82.56241607666016,720800,0.0,0.0
2025-10-24 00:00:00-04:00,83.22688073830017,83.55415699706887,82.0665458932635,82.10621643066406,597400,0.0,0.0
2025-10-27 00:00:00-04:00,82.711181640625,82.83018569041035,82.19547220361652,82.711181640625,578600,0.0,0.0
2025-10-28 00:00:00-04:00,82.32440723673896,83.52441271587062,81.34257838131872,81.43183898925781,735900,0.0,0.0
2025-10-29 00:00:00-04:00,81.47151007158914,83.7425974627995,80.34092613938934,80.91613006591797,1423300,0.0,0.0
2025-10-30 00:00:00-04:00,76.5822294483625,84.15912891733765,75.38222393095064,82.88970184326172,2387200,0.0,0.0
2025-10-31 00:00:00-04:00,81.88802606408767,83.51448014257832,81.65992238288362,81.86819458007812,1170000,0.0,0.0
2025-11-03 00:00:00-05:00,81.89795266274746,82.44340553349923,80.61860619178347,80.67810821533203,1343000,0.0,0.0
2025-11-04 00:00:00-05:00,79.85496171442529,79.85496171442529,78.34751910639613,78.74421691894531,1148800,0.0,0.0
2025-11-05 00:00:00-05:00,77.96074288227285,81.06488878230233,77.54421357294908,80.09298706054688,1033100,0.0,0.0
2025-11-06 00:00:00-05:00,80.33099978311431,82.31448125924058,79.41860012002775,80.797119140625,1229000,0.0,0.0
2025-11-07 00:00:00-05:00,80.22190485908645,81.72935496479593,79.6665324866572,81.27314758300781,908400,0.0,0.0
2025-11-10 00:00:00-05:00,81.97730178838492,82.67151735255992,80.54919255193103,82.09630584716797,883900,0.0,0.0
2025-11-11 00:00:00-05:00,81.94754297406125,82.6615975902558,81.05498227020021,81.30291748046875,515400,0.0,0.0
2025-11-12 00:00:00-05:00,81.57068247883808,83.13763479101978,81.32274727373523,81.3723373413086,871100,0.0,0.0
2025-11-13 00:00:00-05:00,81.45166809119442,82.29465381303022,81.14423086854667,81.62026977539062,831500,0.0,0.0
2025-11-14 00:00:00-05:00,80.3111718307223,81.56075976786089,80.14257014738436,81.05497741699219,827100,0.0,0.0
2025-11-17 00:00:00-05:00,80.96572399519044,81.02522602612876,78.55579337921793,78.61529541015625,692600,0.0,0.0
2025-11-18 00:00:00-05:00,78.49628750568836,79.54753035484354,78.1194211511746,79.04174041748047,784600,0.0,0.0
2025-11-19 00:00:00-05:00,79.19049746451249,80.81695169105637,79.00207186693704,80.61860656738281,864000,0.0,0.0
2025-11-20 00:00:00-05:00,81.58059396428987,81.81860961914063,79.77562615171075,80.57893371582031,932400,0.0,0.0
2025-11-21 00:00:00-05:00,80.94710513875016,85.15615901574434,80.77794890134238,83.90239715576172,1281800,0.27,0.0
2025-11-24 00:00:00-05:00,83.89244540416401,85.36511892349654,83.7630919727696,84.93724822998047,1251300,0.0,0.0
2025-11-25 00:00:00-05:00,85.62383245348487,88.26070201011761,84.59892724679054,87.40496063232422,1114900,0.0,0.0
2025-11-26 00:00:00-05:00,87.27560434962204,89.26569909960756,86.54922401717836,89.01693725585938,1158500,0.0,0.0
2025-11-28 00:00:00-05:00,88.98708460666334,89.55426129117645,88.11144567368434,88.22090148925781,789700,0.0,0.0
2025-12-01 00:00:00-05:00,88.1512442096198,90.29059760609064,87.71342852243231,88.87763214111328,1168300,0.0,0.0
2025-12-02 00:00:00-05:00,89.22589720760642,89.54431206720145,88.43980886231671,88.87763214111328,813200,0.0,0.0
2025-12-03 00:00:00-05:00,88.6686729282771,90.6587676947668,88.6686729282771,90.07168579101562,710000,0.0,0.0
2025-12-04 00:00:00-05:00,90.3503097222879,90.8975812540745,89.62392175774495,90.00203704833984,577100,0.0,0.0
2025-12-05 00:00:00-05:00,89.69357263283815,92.56925903087975,88.99704248479007,92.0816879272461,1267900,0.0,0.0
2025-12-08 00:00:00-05:00,94.51955738033554,96.5693603380016,93.63396573626599,94.60911560058594,2784200,0.0,0.0
2025-12-09 00:00:00-05:00,93.89267384879892,94.89767385463057,92.60906178391119,93.25584411621094,897300,0.0,0.0
2025-12-10 00:00:00-05:00,93.59416184495538,97.87286896813299,92.90758425848058,97.66390991210938,1121400,0.0,0.0
2025-12-11 00:00:00-05:00,98.360439062908,99.92266325810584,98.08182699114425,98.97737121582031,1291500,0.0,0.0
2025-12-12 00:00:00-05:00,99.59428949611353,101.04706536430598,98.54949429289046,99.34552764892578,1240100,0.0,0.0
2025-12-15 00:00:00-05:00,99.58434724340555,100.42018342910924,98.29078256559629,98.9276123046875,932500,0.0,0.0
2025-12-16 00:00:00-05:00,98.92761327990084,99.70374905759368,97.48479754871381,98.20123291015625,916700,0.0,0.0
2025-12-17 00:00:00-05:00,97.74351446132869,98.64900369418777,96.55940556521107,97.82311248779297,1301900,0.0,0.0
2025-12-18 00:00:00-05:00,98.53954147425958,100.1614735729473,97.79325593435563,98.79825592041016,1183700,0.0,0.0
2025-12-19 00:00:00-05:00,98.97736464061416,99.50473854021986,98.01216746211657,98.2310791015625,1932600,0.0,0.0
2025-12-22 00:00:00-05:00,98.76841140257035,100.6789006727832,98.25098248046508,100.25102996826172,776700,0.0,0.0
2025-12-23 00:00:00-05:00,99.77339421620549,100.3007756874518,99.04701390366624,99.98236083984375,593900,0.0,0.0
2025-12-24 00:00:00-05:00,100.23112823546066,100.64904632269676,99.43508727648874,100.30078125,304900,0.0,0.0
2025-12-26 00:00:00-05:00,100.32068180940804,100.55949106748223,99.38533479383743,100.43013763427734,331800,0.0,0.0
2025-12-29 00:00:00-05:00,100.40028684316408,100.58934069188773,99.16643016006542,99.35548400878906,697400,0.0,0.0
2025-12-30 00:00:00-05:00,99.1465234866238,99.68384999989244,98.38034031998343,98.4201431274414,525800,0.0,0.0
2025-12-31 00:00:00-05:00,98.30073748811014,98.30073748811014,97.38529566548718,97.41514587402344,623600,0.0,0.0
2026-01-02 00:00:00-05:00,97.61414557954728,98.85795479333257,97.23603031153579,98.44998931884766,697000,0.0,0.0
2026-01-05 00:00:00-05:00,97.79325688019466,99.99231071472073,97.43503921024742,97.48479461669922,785400,0.0,0.0
2026-01-06 00:00:00-05:00,97.15643026012843,101.54459306146971,97.15643026012843,101.07691955566406,1000600,0.0,0.0
2026-01-07 00:00:00-05:00,100.7187004297258,101.29582975166005,98.83806142515492,98.96741485595703,812500,0.0,0.0
2026-01-08 00:00:00-05:00,98.63904499120548,103.2361666638169,98.63904499120548,101.67394256591797,1007900,0.0,0.0
2026-01-09 00:00:00-05:00,102.1913694098326,104.10186627095764,101.8530569230184,103.73369598388672,723600,0.0,0.0
2026-01-12 00:00:00-05:00,102.90780150186312,104.92774653307117,102.76849547154596,104.81829071044922,647500,0.0,0.0
2026-01-13 00:00:00-05:00,105.08695374854618,105.66408304730447,104.37051842479228,105.43521881103516,651400,0.0,0.0
2026-01-14 00:00:00-05:00,106.05215307730701,108.85818642479674,105.2461595258515,107.44522094726562,937800,0.0,0.0
2026-01-15 00:00:00-05:00,108.60942799578777,111.65427068805816,107.15665966576303,110.99754333496094,1092200,0.0,0.0
2026-01-16 00:00:00-05:00,110.78857401115042,111.50500935470755,109.19649968747301,109.65422058105469,820500,0.0,0.0
2026-01-20 00:00:00-05:00,108.46016445258675,109.95273552303519,107.83328733597766,108.8382797241211,951700,0.0,0.0
2026-01-21 00:00:00-05:00,109.80348188887939,112.74882135745413,108.95769309550103,110.41046142578125,1117400,0.0,0.0
2026-01-22 00:00:00-05:00,110.79852502864564,111.06719207444769,109.73382462817659,110.48011016845703,731400,0.0,0.0
2026-01-23 00:00:00-05:00,111.00748595826191,111.00748595826191,108.31090840447972,109.02734375,620900,0.0,0.0
2026-01-26 00:00:00-05:00,109.33580561228271,109.69402328372043,108.28105779727677,109.08704376220703,633700,0.0,0.0
2026-01-27 00:00:00-05:00,109.04724000595756,110.50001587836937,108.2512066476103,110.40050506591797,645400,0.0,0.0
2026-01-28 00:00:00-05:00,110.40050740981144,110.96768413142404,108.8482358752105,110.04228973388672,640600,0.0,0.0
2026-01-29 00:00:00-05:00,110.6990221743474,111.26619888317182,109.7238723915148,111.00748443603516,675300,0.0,0.0
2026-01-30 00:00:00-05:00,111.06718801553279,111.38560286408504,108.09199097105056,108.1616439819336,859300,0.0,0.0
2026-02-02 00:00:00-05:00,107.96264278383767,110.57961471004263,107.96264278383767,109.69402313232422,813000,0.0,0.0
2026-02-03 00:00:00-05:00,109.41540898052325,112.88812221065112,109.41540898052325,111.18659210205078,762500,0.0,0.0
2026-02-04 00:00:00-05:00,112.24135432938527,114.42050306187011,111.72392540900394,113.63441467285156,1251600,0.0,0.0
2026-02-05 00:00:00-05:00,112.93788364955357,113.6344138160348,111.6144687416298,113.1866455078125,887400,0.0,0.0
2026-02-06 00:00:00-05:00,113.5647561816448,115.57475616594812,113.5647561816448,115.05732727050781,863600,0.0,0.0
2026-02-09 00:00:00-05:00,115.01752112551344,115.26628296643715,113.73391670696294,114.40059661865234,719900,0.0,0.0
2026-02-10 00:00:00-05:00,114.52994772136508,115.47524725267874,113.335893945779,114.7588119506836,1216600,0.0,0.0
2026-02-11 00:00:00-05:00,115.31603641315449,117.9131105956274,115.2762336082895,115.87326049804688,763000,0.0,0.0
2026-02-12 00:00:00-05:00,116.42054415676043,118.16187708218206,114.48020479079139,115.1767349243164,774400,0.0,0.0
2026-02-13 00:00:00-05:00,115.03743087907418,118.00266788899438,114.56975738496233,117.20663452148438,692600,0.0,0.0
2026-02-17 00:00:00-05:00,116.3309938719689,117.60465331501254,115.77376217193047,116.87826538085938,513700,0.0,0.0
2026-02-18 00:00:00-05:00,117.62455029446036,118.85840692436996,116.2115848318535,116.39069366455078,779400,0.0,0.0
2026-02-19 00:00:00-05:00,116.04242715870178,117.33598418625603,115.3060866380783,117.1966781616211,809700,0.0,0.0
2026-02-20 00:00:00-05:00,117.20663523227903,118.88826778302172,116.31109104574122,118.26138305664062,971400,0.0,0.0
2026-02-23 00:00:00-05:00,117.8534192306475,118.70916062191027,114.80856895342508,116.26133728027344,1003700,0.0,0.0
2026-02-24 00:00:00-05:00,116.79866448513343,125.03766357435296,116.78871947680203,121.38583374023438,1907000,0.0,0.0
2026-02-25 00:00:00-05:00,121.66443726816365,124.06250504778993,120.47038347377617,122.11221313476562,1528300,0.0,0.0
2026-02-26 00:00:00-05:00,122.94805475917516,124.84859894401855,121.80375631832557,124.19186401367188,1370400,0.0,0.0
2026-02-27 00:00:00-05:00,123.38587869129034,125.68443577630507,121.82365456313758,124.679443359375,1336000,0.0,0.0
2026-03-02 00:00:00-05:00,123.4157223784765,126.48047005764921,121.40573005920098,126.28146362304688,977800,0.0,0.0
2026-03-03 00:00:00-05:00,123.00775907848956,124.36102411414618,119.78380012151463,124.18191528320312,1088600,0.0,0.0
2026-03-04 00:00:00-05:00,125.71429053306977,128.21186933679803,124.98791014966126,126.31132507324219,1432100,0.0,0.0
2026-03-05 00:00:00-05:00,124.92820282871236,126.1023590523659,120.51018998859071,121.53508758544922,969300,0.0,0.0
2026-03-06 00:00:00-05:00,119.4255877505113,119.73405761234034,116.01257480360822,116.36084747314453,1091900,0.0,0.0
2026-03-09 00:00:00-04:00,113.73735801552633,116.91945291493614,111.0839557176833,116.5802993774414,856800,0.29,0.0
2026-03-10 00:00:00-04:00,116.60024998389694,118.45563998534816,114.15632613997123,114.35582733154297,756700,0.0,0.0
2026-03-11 00:00:00-04:00,114.07651984690489,114.80470602788002,111.9617722594161,112.89944458007812,758400,0.0,0.0
2026-03-12 00:00:00-04:00,111.39318743845195,113.01915181934166,110.59517506722942,112.82962036132812,728400,0.0,0.0
2026-03-13 00:00:00-04:00,113.62763862727984,114.34584746739054,111.09393397567948,112.54033660888672,795200,0.0,0.0
2026-03-16 00:00:00-04:00,113.72739073094155,114.42565250579952,112.56028517798956,113.10892486572266,760000,0.0,0.0
2026-03-17 00:00:00-04:00,114.26604865435843,114.82465805262866,112.63011460758224,113.92688751220703,967600,0.0,0.0
2026-03-18 00:00:00-04:00,113.62764021646989,116.05160935539963,112.83959757829655,112.98921966552734,990700,0.0,0.0
2026-03-19 00:00:00-04:00,111.50291604538653,112.56028605858145,110.15626397734943,111.91190338134766,789900,0.0,0.0
2026-03-20 00:00:00-04:00,111.50291520564599,112.32088226092543,109.14876463474761,110.42559051513672,2152600,0.0,0.0
2026-03-23 00:00:00-04:00,113.48797737708648,116.94937696971465,112.90942089665205,114.37577819824219,941100,0.0,0.0
2026-03-24 00:00:00-04:00,113.50793539624459,118.80477039919458,113.50793539624459,117.59777069091797,783700,0.0,0.0
2026-03-25 00:00:00-04:00,118.41573696981183,119.39331106331008,117.29851052159707,118.67509460449219,567500,0.0,0.0
2026-03-26 00:00:00-04:00,117.46809490495005,119.17385518941263,115.83216079784619,116.03166198730469,481200,0.0,0.0
2026-03-27 00:00:00-04:00,115.05408540052025,116.53042004616091,113.98673807803388,114.17626953125,507500,0.0,0.0
2026-03-30 00:00:00-04:00,115.7423826977972,116.44065209853338,111.83210145141243,112.32088470458984,597600,0.0,0.0
2026-03-31 00:00:00-04:00,114.07651715731241,117.4880375990354,113.71740894129081,116.76982116699219,536200,0.0,0.0
2026-04-01 00:00:00-04:00,118.0765816071976,119.5728633365305,117.53791927137986,118.54541015625,495100,0.0,0.0
2026-04-02 00:00:00-04:00,115.92192972768427,119.74243748617496,115.04411387212161,116.76982116699219,355300,0.0,0.0
2026-04-06 00:00:00-04:00,116.17131730725755,117.48804497854734,115.03414375525651,117.16883850097656,531500,0.0,0.0
2026-04-07 00:00:00-04:00,116.63017247340528,118.64516948318722,116.51047480463417,116.9892807006836,670600,0.0,0.0
2026-04-08 00:00:00-04:00,121.72750828000345,125.08915739367856,120.78983593620174,124.69014739990234,659800,0.0,0.0
2026-04-09 00:00:00-04:00,124.07167976490832,127.46325324805902,123.51307034785381,127.16400146484375,630900,0.0,0.0
2026-04-10 00:00:00-04:00,127.81238908302045,128.30116470228384,126.2562509228678,128.19143676757812,787500,0.0,0.0
2026-04-13 00:00:00-04:00,127.72260177380484,129.8972058029431,126.63530736971813,129.27874755859375,863000,0.0,0.0
2026-04-14 00:00:00-04:00,129.3984500128741,130.5056991428557,127.93209264557505,127.94206237792969,1023700,0.0,0.0
2026-04-15 00:00:00-04:00,127.96201114761764,128.77998579184364,124.52056624466164,125.50811004638672,945600,0.0,0.0
2026-04-16 00:00:00-04:00,124.73004484813187,126.06671952901533,123.91207781388677,125.3884048461914,534500,0.0,0.0
2026-04-17 00:00:00-04:00,126.3260827580601,130.23636399217472,126.3260827580601,128.1814727783203,589600,0.0,0.0
2026-04-20 00:00:00-04:00,128.2512981085324,130.06677863775082,127.86225025838088,129.41839599609375,640200,0.0,0.0
2026-04-21 00:00:00-04:00,129.8074275305802,132.1715477017828,128.71014821599104,131.01441955566406,984200,0.0,0.0
2026-04-22 00:00:00-04:00,132.02192828071517,132.88976679729268,130.6852383921344,132.710205078125,979300,0.0,0.0
2026-04-23 00:00:00-04:00,133.15909978290267,136.55066550237825,133.12917536698103,135.66287231445312,756600,0.0,0.0
2026-04-24 00:00:00-04:00,134.91473750118655,136.60055070457796,134.27632456473302,135.17408752441406,804400,0.0,0.0
2026-04-27 00:00:00-04:00,135.38357888490074,137.2788630821594,133.27880853779334,133.35861206054688,883300,0.0,0.0
2026-04-28 00:00:00-04:00,133.4583520206756,133.82744520765834,128.79992993499621,129.6977081298828,708800,0.0,0.0
2026-04-29 00:00:00-04:00,130.20643142535064,131.2638013840943,128.59045207111708,128.7799835205078,678700,0.0,0.0
2026-04-30 00:00:00-04:00,129.78747276992596,135.52321917624562,129.687714570126,134.0169677734375,881400,0.0,0.0
2026-05-01 00:00:00-04:00,133.43840579698127,134.41597224232814,130.7949656703976,130.90469360351562,738200,0.0,0.0
2026-05-04 00:00:00-04:00,130.21640502522487,131.6129437763991,127.85228475588305,128.72012329101562,1300400,0.0,0.0
2026-05-05 00:00:00-04:00,124.69014757490143,128.81988465374357,118.85465019049258,127.05427551269531,1965100,0.0,0.0
2026-05-06 00:00:00-04:00,129.60791360620948,132.87979692830126,126.07669548984623,127.3834457397461,974300,0.0,0.0
2026-05-07 00:00:00-04:00,127.66276139403602,127.89219460942788,122.37589620231415,122.71504974365234,973100,0.0,0.0
2026-05-08 00:00:00-04:00,123.91207888341424,125.41833795586649,122.57539658051105,123.87217712402344,795200,0.0,0.0
2026-05-11 00:00:00-04:00,124.40086629272857,124.81982336466926,122.69510597655632,123.41332244873047,696900,0.0,0.0
2026-05-12 00:00:00-04:00,122.99436051481565,122.99436051481565,117.61772213933423,119.50303649902344,807300,0.0,0.0
2026-05-13 00:00:00-04:00,120.07162702956789,122.87465910658631,118.35588938438842,122.16641998291016,1136100,0.0,0.0
2026-05-14 00:00:00-04:00,123.48314771646675,124.2811600937313,121.18884595955554,122.04671478271484,802000,0.0,0.0
2026-05-15 00:00:00-04:00,121.00928800224708,123.01430764022673,116.63017077231665,116.69999694824219,767300,0.0,0.0
2026-05-18 00:00:00-04:00,116.9800033569336,117.4800033569336,114.01000213623047,114.05999755859375,1292800,0.29,0.0
2026-05-19 00:00:00-04:00,112.58000183105469,113.54000091552734,107.37000274658203,108.01000213623047,1208700,0.0,0.0
2026-05-20 00:00:00-04:00,108.52999877929688,108.94999694824219,106.30999755859375,108.3499984741211,1443800,0.0,0.0
2026-05-21 00:00:00-04:00,107.9000015258789,109.27999877929688,106.12000274658203,109.06999969482422,967600,0.0,0.0
2026-05-22 00:00:00-04:00,110.0999984741211,111.19999694824219,108.0,109.87000274658203,1004700,0.0,0.0
2026-05-26 00:00:00-04:00,111.16000366210938,114.16999816894531,110.94999694824219,114.08999633789062,990400,0.0,0.0
2026-05-27 00:00:00-04:00,114.69000244140625,115.7699966430664,112.91000366210938,113.86000061035156,776600,0.0,0.0
2026-05-28 00:00:00-04:00,113.33999633789062,115.18000030517578,111.0999984741211,113.5199966430664,1187500,0.0,0.0
2026-05-29 00:00:00-04:00,113.45999908447266,115.58000183105469,111.69000244140625,113.52999877929688,1986400,0.0,0.0
2026-06-01 00:00:00-04:00,112.01000213623047,113.08000183105469,109.45999908447266,111.66999816894531,1083800,0.0,0.0
2026-06-02 00:00:00-04:00,112.79000091552734,116.44999694824219,112.76000213623047,116.13999938964844,779200,0.0,0.0
2026-06-03 00:00:00-04:00,115.63999938964844,119.73999786376953,115.63999938964844,119.05000305175781,809600,0.0,0.0
2026-06-04 00:00:00-04:00,118.5999984741211,119.5999984741211,117.01000213623047,118.37999725341797,732100,0.0,0.0
2026-06-05 00:00:00-04:00,117.33000183105469,118.44000244140625,115.41999816894531,115.75,694200,0.0,0.0
2026-06-08 00:00:00-04:00,116.51000213623047,116.97000122070312,115.02999877929688,115.4800033569336,646300,0.0,0.0
2026-06-09 00:00:00-04:00,117.05999755859375,119.48999786376953,114.33999633789062,117.91000366210938,829200,0.0,0.0
2026-06-10 00:00:00-04:00,117.58999633789062,119.88999938964844,113.41000366210938,113.81999969482422,781400,0.0,0.0
2026-06-11 00:00:00-04:00,115.12000274658203,116.87000274658203,113.80000305175781,115.5199966430664,647600,0.0,0.0
2026-06-12 00:00:00-04:00,116.8499984741211,117.58000183105469,115.08000183105469,117.3499984741211,676800,0.0,0.0
2026-06-15 00:00:00-04:00,120.05999755859375,121.44000244140625,119.0199966430664,119.47000122070312,743500,0.0,0.0
2026-06-16 00:00:00-04:00,120.16999816894531,122.44999694824219,120.16999816894531,121.02999877929688,570100,0.0,0.0
2026-06-17 00:00:00-04:00,121.05999755859375,123.01000213623047,117.95999908447266,118.86000061035156,696400,0.0,0.0
2026-06-18 00:00:00-04:00,120.62000274658203,121.52999877929688,118.94000244140625,119.0999984741211,1824200,0.0,0.0
2026-06-22 00:00:00-04:00,119.52999877929688,122.04000091552734,119.0,121.12000274658203,864600,0.0,0.0
2026-06-23 00:00:00-04:00,118.66999816894531,119.63999938964844,116.97000122070312,117.0,843700,0.0,0.0
2026-06-24 00:00:00-04:00,116.63999938964844,120.29000091552734,116.52999877929688,119.68000030517578,641300,0.0,0.0
2026-06-25 00:00:00-04:00,121.2699966430664,125.9000015258789,121.2699966430664,124.5199966430664,514300,0.0,0.0
2026-06-26 00:00:00-04:00,123.19999694824219,123.38999938964844,119.70999908447266,119.83999633789062,1239700,0.0,0.0
2026-06-29 00:00:00-04:00,118.8499984741211,119.91000366210938,114.94000244140625,115.36000061035156,1097200,0.0,0.0
2026-06-30 00:00:00-04:00,116.37000274658203,117.12999725341797,110.79000091552734,112.73999786376953,1192100,0.0,0.0
2026-07-01 00:00:00-04:00,119.55000305175781,121.43000030517578,117.45999908447266,117.45999908447266,3367680,0.0,0.0
