Date,Open,High,Low,Close,Volume,Dividends,Stock Splits
2022-01-03 00:00:00-05:00,129.19272779504934,129.6626484736289,122.94546678566508,124.00511169433594,241900,0.0,0.0
2022-01-04 00:00:00-05:00,124.15255346103058,125.44254017612843,123.21269796300174,124.63168334960938,272300,0.0,0.0
2022-01-05 00:00:00-05:00,124.94499002335013,125.47019392986127,119.20451343415367,119.29666137695312,193900,0.0,0.0
2022-01-06 00:00:00-05:00,117.79472819536959,119.213727672561,116.1453869981573,117.07601928710938,159100,0.0,0.0
2022-01-07 00:00:00-05:00,116.9193775961559,118.2646615199691,111.18812474037516,111.31712341308594,216500,0.0,0.0
2022-01-10 00:00:00-05:00,109.50192465242093,111.70413246614297,107.76965164725175,111.58434295654297,261700,0.0,0.0
2022-01-11 00:00:00-05:00,111.58434685777138,113.6391236637946,110.56156655489404,113.37191009521484,175700,0.0,0.0
2022-01-12 00:00:00-05:00,114.03534026556238,116.37575610005925,112.34913407706208,112.71770477294922,83800,0.0,0.0
2022-01-13 00:00:00-05:00,113.90633171186448,116.33888825219128,112.31226657791134,112.9941177368164,127000,0.0,0.0
2022-01-14 00:00:00-05:00,111.5198340402205,113.57461059795529,108.24878633024385,109.47427368164062,151300,0.0,0.0
2022-01-18 00:00:00-05:00,107.83413260060303,108.30406029912912,104.74736695556999,104.92243957519531,138200,0.0,0.0
2022-01-19 00:00:00-05:00,103.37445964610968,105.94523093391157,102.0568243343668,104.36038208007812,207700,0.0,0.0
2022-01-20 00:00:00-05:00,105.40157622219834,106.12028503615014,100.95110145285118,101.25517272949219,184000,0.0,0.0
2022-01-21 00:00:00-05:00,101.236750678138,104.00101976380398,99.55976104736328,99.55976104736328,146000,0.0,0.0
2022-01-24 00:00:00-05:00,97.92883625084015,103.7614455837415,96.74941592435576,103.48501586914062,203200,0.0,0.0
2022-01-25 00:00:00-05:00,101.47631071166653,102.019953927852,98.72125795748444,100.2600326538086,134200,0.0,0.0
2022-01-26 00:00:00-05:00,102.06603851082126,103.63246207268838,93.90223592704127,95.2014389038086,163800,0.0,0.0
2022-01-27 00:00:00-05:00,95.89249532879387,97.46812788093071,92.243660940177,93.29408264160156,171200,0.0,0.0
2022-01-28 00:00:00-05:00,93.45075086567033,98.42643816975142,90.69569712379824,98.28822326660156,308800,0.0,0.0
2022-01-31 00:00:00-05:00,97.24698653449647,102.08445739746094,97.24698653449647,102.08445739746094,180500,0.0,0.0
2022-02-01 00:00:00-05:00,102.31482467532929,104.48938381339596,99.1174853058033,102.62810516357422,164700,0.0,0.0
2022-02-02 00:00:00-05:00,103.72458127401727,104.08393566238071,100.89581309670294,102.0660171508789,137100,0.0,0.0
2022-02-03 00:00:00-05:00,100.15868817472449,102.0476083419993,99.11748260231518,99.46762084960938,98700,0.0,0.0
2022-02-04 00:00:00-05:00,98.99769167693148,98.99769167693148,95.63449624256474,96.03992462158203,130800,0.0,0.0
2022-02-07 00:00:00-05:00,96.62964417917769,97.89198934208324,94.81443952576413,96.90606689453125,107800,0.0,0.0
2022-02-08 00:00:00-05:00,96.93370939480864,99.76247809150978,95.8003628941544,99.19120025634766,80000,0.0,0.0
2022-02-09 00:00:00-05:00,100.70233399207838,102.95981783227117,100.70233399207838,102.7110366821289,110200,0.0,0.0
2022-02-10 00:00:00-05:00,99.8454078886701,102.93217387419087,97.68927417458102,98.30663299560547,175500,0.0,0.0
2022-02-11 00:00:00-05:00,99.37547844603036,100.5825474693494,96.54670985244034,97.29306030273438,100700,0.0,0.0
2022-02-14 00:00:00-05:00,97.47734838235475,99.28333677381713,96.17813846646128,98.65676879882812,215600,0.0,0.0
2022-02-15 00:00:00-05:00,99.9191463629713,102.2595624227901,99.32021980323111,100.6286392211914,136800,0.0,0.0
2022-02-16 00:00:00-05:00,100.18634107477658,101.69747446152327,99.25570173528844,101.22754669189453,256700,0.0,0.0
2022-02-17 00:00:00-05:00,100.27845908412435,100.71152898568451,96.96133794458349,97.5326156616211,87900,0.0,0.0
2022-02-18 00:00:00-05:00,97.67084939970596,99.0253424925803,96.16893226517274,98.20527648925781,121300,0.0,0.0
2022-02-22 00:00:00-05:00,97.19170299080582,98.52776355438246,94.28000288080194,94.88814544677734,122800,0.0,0.0
2022-02-23 00:00:00-05:00,96.03071153299364,96.03071153299364,87.82082877141129,88.26311492919922,261900,0.0,0.0
2022-02-24 00:00:00-05:00,85.69237005951345,88.66857052140404,82.92810005759367,87.59049987792969,332200,0.0,0.0
2022-02-25 00:00:00-05:00,86.50321826776926,86.96392992519648,84.39315803316437,85.60022735595703,400800,0.0,0.0
2022-02-28 00:00:00-05:00,85.03814346466942,89.82033186878758,85.00128569503471,89.10161590576172,434200,0.0,0.0
2022-03-01 00:00:00-05:00,88.59485369878207,94.47353195458078,87.78399667736016,92.39111328125,355800,0.0,0.0
2022-03-02 00:00:00-05:00,92.40030439207604,95.229072937533,92.40030439207604,93.98515319824219,234500,0.0,0.0
2022-03-03 00:00:00-05:00,96.22419581315035,96.22419581315035,92.13307579893767,92.76885986328125,194400,0.0,0.0
2022-03-04 00:00:00-05:00,91.52496170349691,92.51088417693154,89.35961874183026,90.55746459960938,205300,0.0,0.0
2022-03-07 00:00:00-05:00,91.42361704817586,92.4003234549145,87.43385264231085,87.54442596435547,229300,0.0,0.0
2022-03-08 00:00:00-05:00,87.71946458879852,92.1699392543952,85.82133550595496,89.36881256103516,210000,0.0,0.0
2022-03-09 00:00:00-05:00,90.87995564816943,93.82851371557307,90.87995564816943,91.497314453125,177300,0.0,0.0
2022-03-10 00:00:00-05:00,89.87562646579673,92.40032425347155,89.46098177697206,92.03175354003906,155200,0.0,0.0
2022-03-11 00:00:00-05:00,92.30816297554286,93.93907870819031,91.38673991011716,91.64473724365234,240800,0.0,0.0
2022-03-14 00:00:00-04:00,92.08784290207586,92.08784290207586,88.7483509842195,89.88639068603516,187000,1.215,0.0
2022-03-15 00:00:00-04:00,90.10093388096728,94.87696707726622,89.61587140108735,94.68107604980469,167100,0.0,0.0
2022-03-16 00:00:00-04:00,94.68107792422869,97.852662253433,93.14192597302832,94.88629913330078,332300,0.0,0.0
2022-03-17 00:00:00-04:00,94.59712364323566,97.37691867443982,93.49639757345172,96.78924560546875,205800,0.0,0.0
2022-03-18 00:00:00-04:00,96.77990360550857,98.83210112438367,95.36202284795036,98.18846130371094,295600,0.0,0.0
2022-03-21 00:00:00-04:00,94.97025407477894,95.09152504077183,90.21288090433451,91.66807556152344,351900,0.0,0.0
2022-03-22 00:00:00-04:00,91.62142755365123,94.85830865223056,91.24829875738587,91.41620635986328,312900,0.0,0.0
2022-03-23 00:00:00-04:00,90.52069179401764,90.52069179401764,86.09913489291986,86.4069595336914,219700,0.0,0.0
2022-03-24 00:00:00-04:00,86.33235895911066,86.33235895911066,81.47236808964072,82.50779724121094,382600,0.0,0.0
2022-03-25 00:00:00-04:00,83.02082993994496,83.7670874378261,80.28767199545074,80.7447509765625,244100,0.0,0.0
2022-03-28 00:00:00-04:00,80.8940228856992,82.97420419196388,80.52089405574898,82.61973571777344,185600,0.0,0.0
2022-03-29 00:00:00-04:00,84.28946473629144,86.64949396880534,83.88835257034535,86.06182098388672,249100,0.0,0.0
2022-03-30 00:00:00-04:00,85.29692026778183,86.97598918646516,81.39773891136892,81.96675872802734,226400,0.0,0.0
2022-03-31 00:00:00-04:00,81.75219909197601,82.12532785291263,78.65524247482857,78.8138198852539,297700,0.0,0.0
2022-04-01 00:00:00-04:00,79.42948902857867,80.42760444252605,78.67390127708751,80.09178924560547,413600,0.0,0.0
2022-04-04 00:00:00-04:00,80.29701286599759,80.53954053579791,79.07501587253947,79.31755065917969,360600,0.0,0.0
2022-04-05 00:00:00-04:00,78.94441618921392,80.14775274203114,75.47433782664358,75.7075424194336,319700,0.0,0.0
2022-04-06 00:00:00-04:00,74.73742605115315,74.73742605115315,72.54529672813275,73.3941650390625,349700,0.0,0.0
2022-04-07 00:00:00-04:00,73.12365139285922,74.05647001720169,70.84757167207435,71.99494171142578,446000,0.0,0.0
2022-04-08 00:00:00-04:00,72.18147186581953,74.49486420091338,71.39790797097633,72.48930358886719,328400,0.0,0.0
2022-04-11 00:00:00-04:00,71.78970881294774,75.19449766204907,71.78970881294774,73.89788055419922,328200,0.0,0.0
2022-04-12 00:00:00-04:00,75.56761762807261,77.30266035371855,73.66466731230483,74.047119140625,358700,0.0,0.0
2022-04-13 00:00:00-04:00,73.88853902483721,76.63102719092466,73.88853902483721,75.13851928710938,306000,0.0,0.0
2022-04-14 00:00:00-04:00,75.73552539497649,76.70565734940725,74.28032390491067,75.04523468017578,346000,0.0,0.0
2022-04-18 00:00:00-04:00,74.50421174944434,74.95196061752522,72.22813246670671,73.18893432617188,269000,0.0,0.0
2022-04-19 00:00:00-04:00,73.39413716917036,76.99481603508781,73.39413716917036,76.25788879394531,325400,0.0,0.0
2022-04-20 00:00:00-04:00,77.03214018150418,80.01715602107369,76.31386607468208,79.1309814453125,418100,0.0,0.0
2022-04-21 00:00:00-04:00,79.67202612343688,81.2578146196643,77.9836199129483,78.3194351196289,308800,0.0,0.0
2022-04-22 00:00:00-04:00,77.61049656777072,78.13287976866597,75.63292589708277,75.78217315673828,212400,0.0,0.0
2022-04-25 00:00:00-04:00,75.54896271256325,79.34553344098366,74.61614428182763,79.29889678955078,224900,0.0,0.0
2022-04-26 00:00:00-04:00,78.49665639080679,80.00781738620553,74.7000864352251,74.9892578125,299000,0.0,0.0
2022-04-27 00:00:00-04:00,75.15718596809506,76.43514987018852,73.51542342176337,74.94263458251953,244100,0.0,0.0
2022-04-28 00:00:00-04:00,76.13665373788245,77.98363050873832,74.05646520924046,77.38662719726562,120100,0.0,0.0
2022-04-29 00:00:00-04:00,77.18140645967132,78.08624161092105,74.65346898995561,75.06391143798828,195900,0.0,0.0
2022-05-02 00:00:00-04:00,74.70011016630073,76.95752931826131,74.0657932763372,76.6683578491211,225600,0.0,0.0
2022-05-03 00:00:00-04:00,77.01348980660526,77.6384835838179,74.35495861806214,76.86424255371094,213500,0.0,0.0
2022-05-04 00:00:00-04:00,77.50788853349381,79.50412674270454,74.48555847762776,79.15898132324219,476600,0.0,0.0
2022-05-05 00:00:00-04:00,77.13474266474208,83.94431155738765,77.13474266474208,80.94063568115234,287200,0.0,0.0
2022-05-06 00:00:00-04:00,79.98918276348085,82.57308676040759,79.25225532773236,81.84548950195312,248000,0.0,0.0
2022-05-09 00:00:00-04:00,80.0171581487008,84.00029654957937,79.89589432340738,82.65703582763672,290700,0.0,0.0
2022-05-10 00:00:00-04:00,83.7391044942104,84.46670882311852,78.58061988967562,79.56941223144531,229800,0.0,0.0
2022-05-11 00:00:00-04:00,79.17763418646064,80.43694489419448,75.86613267832209,76.49111938476562,205100,0.0,0.0
2022-05-12 00:00:00-04:00,76.81757581542784,81.9480758131616,75.0825334286654,81.64957427978516,242600,0.0,0.0
2022-05-13 00:00:00-04:00,82.5451000448676,83.68313965667588,81.57496803343824,83.09546661376953,189300,0.0,0.0
2022-05-16 00:00:00-04:00,82.80629191442439,83.5338962944598,80.93133192598728,82.68502807617188,207400,0.0,0.0
2022-05-17 00:00:00-04:00,84.03760010743397,86.29502587950074,82.3025645575373,85.73533630371094,206900,0.0,0.0
2022-05-18 00:00:00-04:00,83.27268444528718,83.81372075391639,80.08244764641347,81.16452026367188,257100,0.0,0.0
2022-05-19 00:00:00-04:00,80.371637854667,83.70179930334699,80.371637854667,81.2578125,261200,0.0,0.0
2022-05-20 00:00:00-04:00,82.95554923981045,83.09547343775706,79.38285268752976,81.75221252441406,169300,0.0,0.0
2022-05-23 00:00:00-04:00,83.89769862766343,84.55066873450957,80.87536154695741,82.92756652832031,195000,0.0,0.0
2022-05-24 00:00:00-04:00,82.33987015907879,82.60106526740749,79.27090414223578,80.92198944091797,188300,0.0,0.0
2022-05-25 00:00:00-04:00,80.61416510896218,84.84916153517916,80.61416510896218,84.73722076416016,275000,0.0,0.0
2022-05-26 00:00:00-04:00,85.19430129348818,87.79686533423173,84.41073018167548,87.42373657226562,182700,0.0,0.0
2022-05-27 00:00:00-04:00,87.44239903996795,89.97966634901542,87.16255777657709,89.78377532958984,223300,0.0,0.0
2022-05-31 00:00:00-04:00,89.1588040767796,89.7651375940972,86.91070782005283,89.12149047851562,339600,0.0,0.0
2022-06-01 00:00:00-04:00,89.54123977761249,90.3901079713912,87.75023008656011,87.77821350097656,203500,0.0,0.0
2022-06-02 00:00:00-04:00,88.4964929588264,90.82853919042658,88.4964929588264,90.54869079589844,180300,0.0,0.0
2022-06-03 00:00:00-04:00,89.1308019651626,90.66994664893214,88.95356418978855,90.04496002197266,127900,0.0,0.0
2022-06-06 00:00:00-04:00,90.62330807975003,91.50015252755595,88.69237429567723,91.49082946777344,191300,0.0,0.0
2022-06-07 00:00:00-04:00,90.12891711917527,92.19976800624204,88.93490357910588,92.19044494628906,190300,0.0,0.0
2022-06-08 00:00:00-04:00,91.04308746196467,92.49828921392776,90.22220971440545,91.30427551269531,147200,0.0,0.0
2022-06-09 00:00:00-04:00,90.30614777719741,92.75946474436567,90.30614777719741,92.19044494628906,125300,0.0,0.0
2022-06-10 00:00:00-04:00,90.76322358535843,91.75200870758911,85.78197015444553,85.8472671508789,263900,0.0,0.0
2022-06-13 00:00:00-04:00,83.6551479462297,84.25215110684908,77.88100021807145,78.61792755126953,346400,0.0,0.0
2022-06-14 00:00:00-04:00,78.59453167159441,79.62447999657051,77.67693692970063,79.20313262939453,291500,0.315,0.0
2022-06-15 00:00:00-04:00,80.49526502544741,80.62634898279458,77.46159650127848,79.30613708496094,244900,0.0,0.0
2022-06-16 00:00:00-04:00,77.4334874581998,77.4334874581998,70.7575434041139,72.06838989257812,296900,0.0,0.0
2022-06-17 00:00:00-04:00,72.37737324527168,74.83052146016243,71.23506431610652,74.03465270996094,522500,0.0,0.0
2022-06-21 00:00:00-04:00,74.80244822123802,74.80244822123802,71.2444367843711,72.07776641845703,316300,0.0,0.0
2022-06-22 00:00:00-04:00,68.48228504797973,70.68263050477577,65.01791195800622,66.7688217163086,665400,0.0,0.0
2022-06-23 00:00:00-04:00,67.14337541437244,75.43915500923252,67.14337541437244,75.31743621826172,365000,0.0,0.0
2022-06-24 00:00:00-04:00,76.3099087281288,79.17503921162066,76.3099087281288,77.57393646240234,259000,0.0,0.0
2022-06-27 00:00:00-04:00,78.1731827209723,80.3454400535455,77.4522210511543,78.81924438476562,186500,0.0,0.0
2022-06-28 00:00:00-04:00,78.9128709099717,80.91659063029316,76.60016457038999,76.6750717163086,186700,0.0,0.0
2022-06-29 00:00:00-04:00,76.59079419427566,77.58328871539834,74.97096135658654,75.94473266601562,277900,0.0,0.0
2022-06-30 00:00:00-04:00,74.90543624611787,79.31549294788337,74.82117105923975,77.86420440673828,218700,0.0,0.0
2022-07-01 00:00:00-04:00,77.28368659002163,82.40534706129418,77.28368659002163,81.89973449707031,209300,0.0,0.0
2022-07-05 00:00:00-04:00,80.64505630012582,83.01394653320312,79.47465895205023,83.01394653320312,212400,0.0,0.0
2022-07-06 00:00:00-04:00,83.4914638497173,84.13752547443256,80.67315216735975,83.29483795166016,155100,0.0,0.0
2022-07-07 00:00:00-04:00,83.48211127162737,84.82103907303924,82.44279778285592,83.98771667480469,129300,0.0,0.0
2022-07-08 00:00:00-04:00,83.23866567149463,85.02702920886478,82.41470131859876,84.34352111816406,160400,0.0,0.0
2022-07-11 00:00:00-04:00,84.04390026308914,84.86785747830626,83.33229662876495,84.46524047851562,103700,0.0,0.0
2022-07-12 00:00:00-04:00,84.11879152691907,87.00265219577516,84.11879152691907,86.05697631835938,147600,0.0,0.0
2022-07-13 00:00:00-04:00,84.10007983169766,86.18807204924691,81.99336439789407,85.27047729492188,158100,0.0,0.0
2022-07-14 00:00:00-04:00,84.03454296461628,84.6056975328506,82.00273455947561,84.30607604980469,170000,0.0,0.0
2022-07-15 00:00:00-04:00,86.18806184185479,86.18806184185479,83.46337344125926,84.60568237304688,379000,0.0,0.0
2022-07-18 00:00:00-04:00,85.0738458399156,85.26110656442489,82.4334296205176,82.44279479980469,157900,0.0,0.0
2022-07-19 00:00:00-04:00,83.70680638272661,85.6356186181065,82.67685830976271,85.23300170898438,145300,0.0,0.0
2022-07-20 00:00:00-04:00,85.22364844622247,85.84162166251915,84.30606094410349,85.68244934082031,134900,0.0,0.0
2022-07-21 00:00:00-04:00,86.1225266911776,87.90152505050648,83.21993538166431,87.8547134399414,219500,0.0,0.0
2022-07-22 00:00:00-04:00,88.44459497365708,89.4745433164289,87.21802071355474,88.922119140625,156800,0.0,0.0
2022-07-25 00:00:00-04:00,89.10938081772319,89.10938081772319,86.96521177726137,88.12625122070312,108000,0.0,0.0
2022-07-26 00:00:00-04:00,87.21801399246341,87.86406848718123,85.92589071595043,86.7498550415039,103900,0.0,0.0
2022-07-27 00:00:00-04:00,86.70302951216544,90.35467047294009,86.13187506515396,89.32472229003906,142700,0.0,0.0
2022-07-28 00:00:00-04:00,90.45767697228597,93.32280758963944,89.42772866451841,93.16363525390625,171900,0.0,0.0
2022-07-29 00:00:00-04:00,93.16363599708184,95.01754868068346,92.2834948384131,94.96136474609375,134900,0.0,0.0
2022-08-01 00:00:00-04:00,94.77411386706719,96.93700626985874,94.35276645976326,95.3265380859375,165200,0.0,0.0
2022-08-02 00:00:00-04:00,94.04377611241658,94.32466720809273,91.01946602521778,91.18800354003906,156000,0.0,0.0
2022-08-03 00:00:00-04:00,91.55316006683255,92.83591811874184,90.4857582679007,91.60933685302734,103600,0.0,0.0
2022-08-04 00:00:00-04:00,94.32466444335567,99.28715223377492,93.62242600944005,97.86394500732422,170300,0.0,0.0
2022-08-05 00:00:00-04:00,92.80784264032178,95.12054209747222,90.41086370507435,92.6393051147461,150100,0.0,0.0
2022-08-08 00:00:00-04:00,94.38085306157232,96.56246847549535,94.22167357955892,94.92391204833984,140000,0.0,0.0
2022-08-09 00:00:00-04:00,94.49321263612603,94.95201360816836,90.86966647932779,91.80598449707031,152700,0.0,0.0
2022-08-10 00:00:00-04:00,94.5774887459053,96.30031053839133,93.60371711137587,93.93142700195312,185100,0.0,0.0
2022-08-11 00:00:00-04:00,94.77409185260167,98.74407744981126,94.77409185260167,96.06620788574219,146500,0.0,0.0
2022-08-12 00:00:00-04:00,96.72164463172729,98.14484473636259,95.31716774245848,98.1261215209961,83300,0.0,0.0
2022-08-15 00:00:00-04:00,97.84521846332605,99.05306938579173,96.16920860084446,97.23661041259766,81000,0.0,0.0
2022-08-16 00:00:00-04:00,97.12426601109196,99.77404043273249,95.54188635846889,98.55683135986328,178100,0.0,0.0
2022-08-17 00:00:00-04:00,97.1898038019136,98.62236908905415,96.19730194044234,97.3489761352539,66800,0.0,0.0
2022-08-18 00:00:00-04:00,96.83399808094154,98.84708304823073,96.51565341536686,97.82649993896484,73100,0.0,0.0
2022-08-19 00:00:00-04:00,97.04935702371273,97.04935702371273,93.36026201183407,93.88459777832031,106200,0.0,0.0
2022-08-22 00:00:00-04:00,92.75164506510612,93.91268435659919,91.40335220228525,91.9464111328125,120800,0.0,0.0
2022-08-23 00:00:00-04:00,92.27412893157216,93.77223609463161,91.57189052918132,92.22731018066406,71600,0.0,0.0
2022-08-24 00:00:00-04:00,90.8977460404976,93.63179267207279,90.71984334848821,92.46139526367188,62000,0.0,0.0
2022-08-25 00:00:00-04:00,92.18986159218703,95.0175457123862,92.18986159218703,93.85650634765625,86600,0.0,0.0
2022-08-26 00:00:00-04:00,94.61492493812311,94.61492493812311,86.07570327316814,86.82476043701172,156400,0.0,0.0
2022-08-29 00:00:00-04:00,85.99144287306753,87.7798137065479,85.99144287306753,87.25547790527344,90200,0.0,0.0
2022-08-30 00:00:00-04:00,87.36782564452777,88.30414359469881,85.85099513711566,86.42214965820312,139600,0.0,0.0
2022-08-31 00:00:00-04:00,86.7873075400714,87.67680667846383,84.14689137509903,84.7929458618164,178200,0.0,0.0
2022-09-01 00:00:00-04:00,83.50083451356254,83.58509969960555,80.94468338383943,83.22930145263672,208900,0.0,0.0
2022-09-02 00:00:00-04:00,84.53078948654661,85.17685120462774,82.77987936548782,83.72555541992188,139100,0.0,0.0
2022-09-06 00:00:00-04:00,83.5008427622245,84.2405348681196,81.60948347207297,82.2929916381836,142600,0.0,0.0
2022-09-07 00:00:00-04:00,82.65814590020655,85.57946041994012,82.65814590020655,85.4202880859375,165600,0.0,0.0
2022-09-08 00:00:00-04:00,84.40908195118696,85.43903047893728,84.06264166688545,85.41094207763672,66600,0.0,0.0
2022-09-09 00:00:00-04:00,85.95399167165651,86.14125240642875,84.8959478039299,85.30792999267578,123400,0.0,0.0
2022-09-12 00:00:00-04:00,85.86033949339628,87.43335368480152,85.86033949339628,86.50640106201172,78000,0.0,0.0
2022-09-13 00:00:00-04:00,83.20120392326359,84.03452623027574,81.42219859664482,82.0682601928711,137900,0.0,0.0
2022-09-14 00:00:00-04:00,81.80984013009342,83.1254144951967,79.4230140945226,80.36270904541016,159800,0.315,0.0
2022-09-15 00:00:00-04:00,80.0338387042538,81.7534826460629,78.39877105873805,78.77465057373047,123600,0.0,0.0
2022-09-16 00:00:00-04:00,77.77855179175256,80.43789035541892,77.66579298040244,80.24995422363281,267900,0.0,0.0
2022-09-19 00:00:00-04:00,80.02444089598286,81.40578671804144,79.64856140925802,81.02051544189453,109400,0.0,0.0
2022-09-20 00:00:00-04:00,79.94926053897126,79.94926053897126,77.89132598324981,78.96257781982422,103000,0.0,0.0
2022-09-21 00:00:00-04:00,79.81769920285835,81.58432330178074,78.64308039975202,78.83101654052734,119300,0.0,0.0
2022-09-22 00:00:00-04:00,77.88192253840695,78.25780198925311,73.76606083336732,74.89369201660156,198000,0.0,0.0
2022-09-23 00:00:00-04:00,73.86003537683447,75.48571109726376,73.0143083306373,74.41445922851562,148700,0.0,0.0
2022-09-26 00:00:00-04:00,74.1701480277534,75.54210226311427,71.81151089010748,71.88668823242188,138300,0.0,0.0
2022-09-27 00:00:00-04:00,73.33379188257214,74.27348679572252,72.02761652683736,74.16072082519531,267400,0.0,0.0
2022-09-28 00:00:00-04:00,75.40112471704026,79.15051292518204,74.7245431706296,78.72764587402344,379900,0.0,0.0
2022-09-29 00:00:00-04:00,77.21474704969539,77.63761415944003,75.93676110037337,76.62274169921875,180800,0.0,0.0
2022-09-30 00:00:00-04:00,76.36902476038614,78.5491173093777,75.67365232879801,76.10591125488281,201500,0.0,0.0
2022-10-03 00:00:00-04:00,78.0698623436169,80.48487820755574,77.41207154184092,79.81769561767578,183700,0.0,0.0
2022-10-04 00:00:00-04:00,82.00719358618505,85.06120286093248,82.00719358618505,84.61015319824219,174100,0.0,0.0
2022-10-05 00:00:00-04:00,82.76832304906596,84.27183335595808,81.35878079211035,83.3509292602539,157900,0.0,0.0
2022-10-06 00:00:00-04:00,83.26638913524431,84.48799571733505,82.18573826174944,84.17789459228516,81200,0.0,0.0
2022-10-07 00:00:00-04:00,82.64617447454881,82.64617447454881,80.43789260250473,81.18965148925781,127100,0.0,0.0
2022-10-10 00:00:00-04:00,81.70647658351504,82.29848901608202,80.00563094431978,80.8983383178711,97200,0.0,0.0
2022-10-11 00:00:00-04:00,80.6822181231926,82.80593095824986,79.47001064001275,81.4903564453125,141100,0.0,0.0
2022-10-12 00:00:00-04:00,81.33061394735654,81.33061394735654,78.37057294213975,78.97197723388672,124300,0.0,0.0
2022-10-13 00:00:00-04:00,76.81066142778111,79.53577815356789,74.3674560481908,78.5584945678711,83000,0.0,0.0
2022-10-14 00:00:00-04:00,79.30086723353661,79.79890447888482,74.48023405372872,74.53661346435547,98100,0.0,0.0
2022-10-17 00:00:00-04:00,76.6039488886737,78.33299176979675,75.88038674540996,77.21475219726562,97700,0.0,0.0
2022-10-18 00:00:00-04:00,79.21629554708001,80.7479958969413,78.46453663969653,80.1653823852539,101600,0.0,0.0
2022-10-19 00:00:00-04:00,78.65248020381146,78.65248020381146,74.16073859006477,74.88430786132812,107400,0.0,0.0
2022-10-20 00:00:00-04:00,74.48963035307267,76.97982389990266,73.2586320178203,73.35260009765625,124200,0.0,0.0
2022-10-21 00:00:00-04:00,73.91642151192822,77.10198739223006,73.75666789300469,76.82007598876953,145800,0.0,0.0
2022-10-24 00:00:00-04:00,77.27114154892763,77.35571067795766,75.04406128349741,75.74883270263672,282400,0.0,0.0
2022-10-25 00:00:00-04:00,76.34083173653,81.69709837612916,76.34083173653,80.84197235107422,202700,0.0,0.0
2022-10-26 00:00:00-04:00,81.04870217446793,81.74407453934212,78.89679954047564,79.1787109375,135200,0.0,0.0
2022-10-27 00:00:00-04:00,80.1841894545269,81.66890952298095,78.78403850892278,79.31967163085938,140000,0.0,0.0
2022-10-28 00:00:00-04:00,79.07534316788448,81.91321918197931,77.53424379557265,81.79106140136719,201500,0.0,0.0
2022-10-31 00:00:00-04:00,80.67283365003384,81.51856078657994,79.76132813449557,80.81378936767578,103000,0.0,0.0
2022-11-01 00:00:00-04:00,82.92810517317369,82.92810517317369,76.21868171344381,77.76918029785156,343700,0.0,0.0
2022-11-02 00:00:00-04:00,77.97590080367961,78.59609582773169,73.65329770518161,74.31108856201172,227700,0.0,0.0
2022-11-03 00:00:00-04:00,72.35652930101449,73.74728133038548,70.18583571616176,72.5820541381836,275900,0.0,0.0
2022-11-04 00:00:00-04:00,74.09495821790286,75.69244421140706,72.67601659002621,75.49510192871094,198000,0.0,0.0
2022-11-07 00:00:00-05:00,75.7770215980464,75.97435673296826,72.76999977641978,74.40506744384766,176800,0.0,0.0
2022-11-08 00:00:00-05:00,74.73394265292349,75.48570152517178,72.68540725381602,73.49354553222656,146300,0.0,0.0
2022-11-09 00:00:00-05:00,72.33773875535857,75.10043773404416,72.33773875535857,73.2398452758789,152500,0.0,0.0
2022-11-10 00:00:00-05:00,79.06595977871173,84.27187245684993,78.51154300833335,79.38545989990234,382200,0.0,0.0
2022-11-11 00:00:00-05:00,79.7707213636458,81.50915597153059,77.41208451041227,79.54519653320312,190400,0.0,0.0
2022-11-14 00:00:00-05:00,78.84983142184925,80.13720931869673,74.4896388908013,74.68698120117188,184300,0.0,0.0
2022-11-15 00:00:00-05:00,77.78796912137616,79.21630986979524,75.66425591794824,77.2711410522461,333900,0.0,0.0
2022-11-16 00:00:00-05:00,76.7448899561867,76.7448899561867,74.44264004310496,74.60238647460938,108100,0.0,0.0
2022-11-17 00:00:00-05:00,72.72299891325817,74.27349717039364,71.67993684041997,74.23590850830078,135800,0.0,0.0
2022-11-18 00:00:00-05:00,75.94615372441956,76.28444451627657,72.91093555562044,73.38078308105469,96700,0.0,0.0
2022-11-21 00:00:00-05:00,73.56872471511312,73.57812367281267,72.46928325130223,72.66661834716797,110200,0.0,0.0
2022-11-22 00:00:00-05:00,73.82244978637408,74.54601907743273,72.93914120738093,74.28290557861328,121300,0.0,0.0
2022-11-23 00:00:00-05:00,73.77547032699455,76.44420118744289,73.60632490842352,76.07772064208984,164700,0.0,0.0
2022-11-25 00:00:00-05:00,75.45751557278216,77.19594998580003,75.44811661485329,76.66971588134766,83900,0.0,0.0
2022-11-28 00:00:00-05:00,76.02132037663783,77.26171738287518,75.03463784402263,75.69242858886719,195100,0.0,0.0
2022-11-29 00:00:00-05:00,75.09103204055619,77.97589544793772,75.00645576122369,77.6657943725586,160000,0.0,0.0
2022-11-30 00:00:00-05:00,77.28992810780146,80.30634875783186,75.0910448405907,79.80831146240234,274000,0.0,0.0
2022-12-01 00:00:00-05:00,80.55067585975164,83.75503284998359,80.55067585975164,82.58041381835938,244800,0.0,0.0
2022-12-02 00:00:00-05:00,80.616447529383,83.08784318528649,80.616447529383,82.15754699707031,229200,0.0,0.0
2022-12-05 00:00:00-05:00,80.18420330073955,81.66892362557519,79.85531137291046,80.83258819580078,162000,0.0,0.0
2022-12-06 00:00:00-05:00,81.77227392935652,83.4073487548499,78.3517839422802,79.00957489013672,164100,0.0,0.0
2022-12-07 00:00:00-05:00,79.25387319179819,82.3924582330261,79.25387319179819,81.3681869506836,205200,0.0,0.0
2022-12-08 00:00:00-05:00,81.30242589901991,84.18728988864954,80.55067403737142,82.29850769042969,235200,0.0,0.0
2022-12-09 00:00:00-05:00,81.04867994219649,83.55766344412228,81.04867994219649,82.2608871459961,198100,0.0,0.0
2022-12-12 00:00:00-05:00,82.19512726235062,83.93356167293054,81.07688785742485,83.4449234008789,152600,0.0,0.0
2022-12-13 00:00:00-05:00,88.50048067767821,89.58113142614452,84.87325718728424,86.53651428222656,256000,0.0,0.0
2022-12-14 00:00:00-05:00,85.53231028296352,86.7486784858718,85.08913653532501,85.63603210449219,265100,0.315,0.0
2022-12-15 00:00:00-05:00,84.27823827724045,87.62560919103329,84.13680594633311,87.17300415039062,248000,0.0,0.0
2022-12-16 00:00:00-05:00,85.7774844845256,86.97499043026848,85.52289190476314,86.56953430175781,609900,0.0,0.0
2022-12-19 00:00:00-05:00,85.80576480176046,86.02263968031716,83.86335088961874,84.21222686767578,333100,0.0,0.0
2022-12-20 00:00:00-05:00,83.43902650944389,83.95763562147647,82.08122598742465,82.2603759765625,240500,0.0,0.0
2022-12-21 00:00:00-05:00,83.61818552334418,84.14621867158469,82.88270872574857,83.26930236816406,138300,0.0,0.0
2022-12-22 00:00:00-05:00,82.31695275740236,82.49610273927863,80.55368904187485,82.23208618164062,120300,0.0,0.0
2022-12-23 00:00:00-05:00,81.95864666514315,83.14672848815374,81.47776239837536,82.53382873535156,119400,0.0,0.0
2022-12-27 00:00:00-05:00,82.5432572415642,85.54174456705175,81.12887656338917,82.19437408447266,89600,0.0,0.0
2022-12-28 00:00:00-05:00,82.42067569478732,83.42016901767792,79.22416891737471,79.26188659667969,101000,0.0,0.0
2022-12-29 00:00:00-05:00,80.25196025516416,82.69412077306856,79.56362515979765,82.19437408447266,143900,0.0,0.0
2022-12-30 00:00:00-05:00,80.96858180846031,81.9586439667792,80.41225500090881,80.7139892578125,83400,0.0,0.0
2023-01-03 00:00:00-05:00,82.5715447141513,83.46731627705475,81.27974108914118,82.75070190429688,158300,0.0,0.0
2023-01-04 00:00:00-05:00,84.34422969162557,85.47573852539062,83.6370393682394,85.47573852539062,339900,0.0,0.0
2023-01-05 00:00:00-05:00,84.84399220236412,86.00378042222336,83.58990617465518,84.95713806152344,162300,0.0,0.0
2023-01-06 00:00:00-05:00,86.3432218740874,87.80475139084466,85.14571611568314,87.42758178710938,155700,0.0,0.0
2023-01-09 00:00:00-05:00,88.17249222224576,88.85139608902107,87.55016127973106,88.1253433227539,145900,0.0,0.0
2023-01-10 00:00:00-05:00,87.44644165039062,88.21021211663519,86.53180765102798,87.44644165039062,133500,0.0,0.0
2023-01-11 00:00:00-05:00,90.51093061369902,93.3868408203125,90.42607122755895,93.3868408203125,508300,0.0,0.0
2023-01-12 00:00:00-05:00,94.05631091811702,94.33918991874376,90.05833039313598,93.81114959716797,382300,0.0,0.0
2023-01-13 00:00:00-05:00,92.6702103768864,98.02599822547457,92.6702103768864,97.6865463256836,211400,0.0,0.0
2023-01-17 00:00:00-05:00,96.91336242289074,97.95057347614285,95.18781627778532,95.57441711425781,181400,0.0,0.0
2023-01-18 00:00:00-05:00,96.29104317606223,97.96944049980644,96.29104317606223,97.53569793701172,223600,0.0,0.0
2023-01-19 00:00:00-05:00,96.58334359506674,96.58334359506674,92.20819320947535,92.75508880615234,233200,0.0,0.0
2023-01-20 00:00:00-05:00,93.66972053251583,96.7530746459961,92.54765001122102,96.7530746459961,227700,0.0,0.0
2023-01-23 00:00:00-05:00,96.49846863161693,97.39424731263519,96.24388329329462,97.14908599853516,135500,0.0,0.0
2023-01-24 00:00:00-05:00,97.0830924425169,98.61062622070312,96.79078939370646,98.61062622070312,170700,0.0,0.0
2023-01-25 00:00:00-05:00,97.09252609253217,98.86521406201305,96.83793352617083,98.44090270996094,125200,0.0,0.0
2023-01-26 00:00:00-05:00,99.44038687357146,102.32572106378906,99.13865262618864,102.02398681640625,259300,0.0,0.0
2023-01-27 00:00:00-05:00,101.36394507626115,102.48602267729667,100.4493111185006,101.97684478759766,105200,0.0,0.0
2023-01-30 00:00:00-05:00,100.71334766645738,101.98629624021446,97.7337222911001,97.91287231445312,135900,0.0,0.0
2023-01-31 00:00:00-05:00,98.51632233889312,103.80609893798828,98.51632233889312,103.80609893798828,173200,0.0,0.0
2023-02-01 00:00:00-05:00,103.0706295696107,106.84231127747503,101.7694019702058,105.85224914550781,134000,0.0,0.0
2023-02-02 00:00:00-05:00,107.29490023724901,111.50975506787479,107.2100336706516,110.55740356445312,303900,0.0,0.0
2023-02-03 00:00:00-05:00,107.70981393819639,110.16140584625334,107.29492660821766,108.69044494628906,232700,0.0,0.0
2023-02-06 00:00:00-05:00,107.35148313886506,108.2472618104932,106.21998156765343,106.96488952636719,163400,0.0,0.0
2023-02-07 00:00:00-05:00,105.88054092132967,107.29492163276515,104.22099887228326,106.7857437133789,206300,0.0,0.0
2023-02-08 00:00:00-05:00,105.61650998895432,106.90830625910588,103.53265688718487,103.91925048828125,131900,0.0,0.0
2023-02-09 00:00:00-05:00,105.18277892801773,106.257707664002,102.65575183779407,102.72175598144531,115100,0.0,0.0
2023-02-10 00:00:00-05:00,101.82597529100585,103.03291229120491,101.28851093329496,101.3545150756836,112300,0.0,0.0
2023-02-13 00:00:00-05:00,101.62795879943084,106.36142320055147,101.62795879943084,105.41850280761719,196800,0.0,0.0
2023-02-14 00:00:00-05:00,103.93812651230834,106.8988962108545,103.03291653099778,106.63487243652344,193500,0.0,0.0
2023-02-15 00:00:00-05:00,105.21106573655683,107.38920967812514,104.09841931569566,107.21005249023438,188400,0.0,0.0
2023-02-16 00:00:00-05:00,104.85275977989386,107.77581917025896,104.84333575423607,105.5222396850586,200600,0.0,0.0
2023-02-17 00:00:00-05:00,105.28649185123348,105.28649185123348,101.56195207749167,103.49494171142578,264700,0.0,0.0
2023-02-21 00:00:00-05:00,100.67560319542198,101.93912021267623,97.46024852387292,98.24287414550781,354700,0.0,0.0
2023-02-22 00:00:00-05:00,102.81603632074854,108.85072802849511,101.14706326464771,105.44678497314453,592500,0.0,0.0
2023-02-23 00:00:00-05:00,109.68993225412163,109.68993225412163,103.54208719535963,108.7281494140625,285900,0.0,0.0
2023-02-24 00:00:00-05:00,106.92717918282902,108.3792775216349,105.24878195304011,107.32320404052734,278900,0.0,0.0
2023-02-27 00:00:00-05:00,109.05819994842007,110.22741947704519,107.71924723028181,110.05769348144531,192300,0.0,0.0
2023-02-28 00:00:00-05:00,109.33163097139713,110.44427746822457,108.67158948764892,108.7941665649414,302400,0.0,0.0
2023-03-01 00:00:00-05:00,108.60557317566523,111.4720520870267,108.17183065007862,111.1231689453125,386200,0.0,0.0
2023-03-02 00:00:00-05:00,109.14304733048782,111.04774356566384,108.46414342284886,110.8025894165039,265200,0.0,0.0
2023-03-03 00:00:00-05:00,111.91523334206285,114.15938147999243,109.89738410355929,113.9330825805664,322700,0.0,0.0
2023-03-06 00:00:00-05:00,114.56482644487245,114.65911704431636,109.38819556054753,111.09487915039062,219200,0.0,0.0
2023-03-07 00:00:00-05:00,111.13260974207837,111.8586553554626,108.15297753483149,108.30384826660156,313700,0.0,0.0
2023-03-08 00:00:00-05:00,108.89786844066847,108.89786844066847,105.63536491590273,107.90780639648438,374300,0.0,0.0
2023-03-09 00:00:00-05:00,107.51178658893365,109.32219932106891,107.3703542765038,107.92667388916016,363800,0.0,0.0
2023-03-10 00:00:00-05:00,107.88895221290306,107.88895221290306,101.90140901337521,103.05177307128906,222700,0.0,0.0
2023-03-13 00:00:00-04:00,100.7981956551103,103.90040474075316,98.6860559009812,103.1932144165039,412700,0.0,0.0
2023-03-14 00:00:00-04:00,106.60724864635036,106.83611984885447,101.77230174880569,102.83084106445312,411100,1.23,0.0
2023-03-15 00:00:00-04:00,100.67560757622206,102.53519958250759,98.69203791906166,100.3799819946289,221700,0.0,0.0
2023-03-16 00:00:00-04:00,98.8827630690326,102.64963164999487,97.81468549530973,101.4003677368164,309600,0.0,0.0
2023-03-17 00:00:00-04:00,101.13336399321224,101.5815679684737,98.64436697149253,98.91138458251953,693400,0.0,0.0
2023-03-20 00:00:00-04:00,99.65520160014063,101.66737898005455,99.65520160014063,100.2464599609375,170600,0.0,0.0
2023-03-21 00:00:00-04:00,101.77230365528365,104.14686152441718,101.77230365528365,103.67958068847656,223700,0.0,0.0
2023-03-22 00:00:00-04:00,103.42207877070273,104.15638439321222,100.8758660577777,101.01891326904297,163400,0.0,0.0
2023-03-23 00:00:00-04:00,102.23003476935935,104.6045996517162,99.8840851509125,101.0379867553711,244600,0.0,0.0
2023-03-24 00:00:00-04:00,100.37043628093372,104.22313608584442,98.81600839055571,103.89889526367188,391600,0.0,0.0
2023-03-27 00:00:00-04:00,105.3484214520642,105.36749101627265,102.26816662108978,103.16458892822266,228600,0.0,0.0
2023-03-28 00:00:00-04:00,103.09785000020699,106.02551965380758,102.80222441870765,104.30896759033203,235100,0.0,0.0
2023-03-29 00:00:00-04:00,105.11002675591956,106.01598033550474,104.21360432194592,105.62499237060547,209500,0.0,0.0
2023-03-30 00:00:00-04:00,106.47371006199958,107.18893873602688,104.76669675357257,105.0337142944336,97700,0.0,0.0
2023-03-31 00:00:00-04:00,105.22446468206314,108.82922418949785,104.71903745998058,108.74339294433594,176300,0.0,0.0
2023-04-03 00:00:00-04:00,108.25704825454771,109.36327249818714,107.18897770282408,108.71479797363281,197800,0.0,0.0
2023-04-04 00:00:00-04:00,109.53492144615387,109.82101591362105,103.2504397897837,104.4520263671875,269600,0.0,0.0
2023-04-05 00:00:00-04:00,103.56513781442884,104.05149547802446,102.42077454492832,102.71640014648438,172500,0.0,0.0
2023-04-06 00:00:00-04:00,103.05017676586978,103.05017676586978,99.50264028591711,101.91535186767578,186200,0.0,0.0
2023-04-10 00:00:00-04:00,101.34314834219204,104.10870112391318,100.25600116138249,102.93572998046875,161700,0.0,0.0
2023-04-11 00:00:00-04:00,104.10871548762184,107.47505829928647,104.08010749612988,106.37837982177734,162400,0.0,0.0
2023-04-12 00:00:00-04:00,108.11400599315117,108.71479566574162,105.68222475877512,106.14950561523438,208800,0.0,0.0
2023-04-13 00:00:00-04:00,106.90286581226583,107.85650423570385,105.55823941857378,106.43558502197266,240800,0.0,0.0
2023-04-14 00:00:00-04:00,106.27348310316154,107.5799632696026,105.415206946863,106.68354797363281,115900,0.0,0.0
2023-04-17 00:00:00-04:00,106.83610939175811,107.93279501309361,106.2639278036607,107.55133819580078,101300,0.0,0.0
2023-04-18 00:00:00-04:00,108.96271387793833,114.67500524111539,108.52404113429749,113.3113021850586,458700,0.0,0.0
2023-04-19 00:00:00-04:00,113.29224931084029,114.54151333602837,111.40404200286328,114.12191009521484,239800,0.0,0.0
2023-04-20 00:00:00-04:00,113.98840818353344,120.03448002732647,113.98840818353344,116.1722412109375,329500,0.0,0.0
2023-04-21 00:00:00-04:00,116.97329127942923,117.65990482549975,115.81938239661893,116.5536880493164,203600,0.0,0.0
2023-04-24 00:00:00-04:00,116.39156682154722,117.84109395326688,116.11501081913894,117.47871398925781,168500,0.0,0.0
2023-04-25 00:00:00-04:00,116.5441646258824,117.659919966976,114.999267578125,114.999267578125,189200,0.0,0.0
2023-04-26 00:00:00-04:00,114.55104644891458,115.342560786017,112.64376966187382,112.8821792602539,201800,0.0,0.0
2023-04-27 00:00:00-04:00,113.72138112185254,116.93514520341016,113.72138112185254,116.30574035644531,180800,0.0,0.0
2023-04-28 00:00:00-04:00,115.71447577277962,118.76612290766666,115.71447577277962,118.50863647460938,285600,0.0,0.0
2023-05-01 00:00:00-04:00,118.16534540486528,119.88189027230582,116.71581086718581,117.01143646240234,171700,0.0,0.0
2023-05-02 00:00:00-04:00,116.03871895210159,116.143619756483,113.28270460211728,115.87660217285156,165500,0.0,0.0
2023-05-03 00:00:00-04:00,115.8193881787232,119.46228680873304,115.8193881787232,116.97329711914062,252800,0.0,0.0
2023-05-04 00:00:00-04:00,114.43662762796492,116.76350805128602,105.74897973182046,106.8838119506836,512800,0.0,0.0
2023-05-05 00:00:00-04:00,109.66842415368814,111.78550272319923,108.55266888889741,111.72828674316406,312600,0.0,0.0
2023-05-08 00:00:00-04:00,112.2909140244752,112.2909140244752,107.74206236465689,108.78152465820312,223100,0.0,0.0
2023-05-09 00:00:00-04:00,108.12351712069528,111.18469545351564,106.92193799799205,109.03900909423828,251600,0.0,0.0
2023-05-10 00:00:00-04:00,110.95583137818154,110.95583137818154,106.13996160686428,108.4286880493164,155100,0.0,0.0
2023-05-11 00:00:00-04:00,107.83744194671212,109.48723245622482,106.70260981800985,109.22021484375,155500,0.0,0.0
2023-05-12 00:00:00-04:00,109.21067891447366,110.99398554661299,107.03638427676718,107.85651397705078,150300,0.0,0.0
2023-05-15 00:00:00-04:00,108.06630138391228,110.04987096879739,107.25571021264852,109.32510375976562,99200,0.0,0.0
2023-05-16 00:00:00-04:00,108.4000726406007,108.45729589072404,106.31160954102562,107.73252868652344,147100,0.0,0.0
2023-05-17 00:00:00-04:00,108.32377505578368,109.6779470219462,107.25570477627681,108.78152465820312,165300,0.0,0.0
2023-05-18 00:00:00-04:00,108.27611588768521,109.62074238590932,107.57995658315475,109.2965087890625,144000,0.0,0.0
2023-05-19 00:00:00-04:00,110.18338118184609,110.18338118184609,106.13041799756145,106.20671081542969,145500,0.0,0.0
2023-05-22 00:00:00-04:00,106.18764179297072,107.76114671788193,104.6904296915461,104.81440734863281,120500,0.0,0.0
2023-05-23 00:00:00-04:00,104.2231351319421,105.17677347267649,102.39215126389605,103.12644958496094,190400,0.0,0.0
2023-05-24 00:00:00-04:00,102.55426933026862,103.21228212190049,101.64830852972452,102.38261413574219,149000,0.0,0.0
2023-05-25 00:00:00-04:00,102.773596190144,104.80485042163693,101.85810429700356,102.08698272705078,99200,0.0,0.0
2023-05-26 00:00:00-04:00,102.0679259719658,102.63057646194859,100.65654508735253,102.02024841308594,108200,0.0,0.0
2023-05-30 00:00:00-04:00,102.83083140158773,103.95612501537683,101.2096417406733,101.85811614990234,116500,0.0,0.0
2023-05-31 00:00:00-04:00,101.30501060190099,102.99294737140941,98.71111298547464,99.693359375,165700,0.0,0.0
2023-06-01 00:00:00-04:00,99.92223035385626,101.7627527562567,98.73018235426228,101.49573516845703,122000,0.0,0.0
2023-06-02 00:00:00-04:00,102.7831408725528,109.08669098942224,102.4684384688262,108.5240478515625,261900,0.0,0.0
2023-06-05 00:00:00-04:00,106.40699044158761,107.78976341954069,104.86209338170134,106.8552017211914,144500,0.0,0.0
2023-06-06 00:00:00-04:00,106.85519357480197,111.9762275071059,106.4451287412869,111.72828674316406,115500,0.0,0.0
2023-06-07 00:00:00-04:00,112.30999967782357,115.97197519469242,112.30999967782357,114.55105590820312,235500,0.0,0.0
2023-06-08 00:00:00-04:00,114.08376055081702,116.94467578537514,112.77728058347301,113.32085418701172,198200,0.0,0.0
2023-06-09 00:00:00-04:00,113.55926205368786,113.65462443824507,110.82231723522618,111.1179428100586,223200,0.0,0.0
2023-06-12 00:00:00-04:00,111.31821585146824,115.61911988267742,110.23106136017628,115.19952392578125,182000,0.0,0.0
2023-06-13 00:00:00-04:00,115.18045694935967,117.63130760510839,114.77993052523367,115.22814178466797,220400,0.0,0.0
2023-06-14 00:00:00-04:00,115.72536971744108,117.12150111257368,112.78012531484907,114.49181365966797,246300,0.33,0.0
2023-06-15 00:00:00-04:00,115.05601374453276,121.74020001720541,114.89345297564707,121.55851745605469,304200,0.0,0.0
2023-06-16 00:00:00-04:00,123.46145017701153,123.46145017701153,119.35913639970644,121.21426391601562,583400,0.0,0.0
2023-06-20 00:00:00-04:00,121.54894083372668,124.0351967264657,121.21425478527601,122.23744201660156,181200,0.0,0.0
2023-06-21 00:00:00-04:00,121.53937841485282,125.16356693566313,121.44375487013983,123.66226196289062,163300,0.0,0.0
2023-06-22 00:00:00-04:00,123.2893068283634,124.79062634836941,121.19512426674945,123.5666275024414,182900,0.0,0.0
2023-06-23 00:00:00-04:00,122.18961125556822,128.30960478914258,122.18961125556822,126.9326171875,659800,0.0,0.0
2023-06-26 00:00:00-04:00,127.24820146822368,129.8300736912891,126.71268918229217,127.20038604736328,320300,0.0,0.0
2023-06-27 00:00:00-04:00,127.03780824345131,130.60461637453093,127.03780824345131,129.63880920410156,213300,0.0,0.0
2023-06-28 00:00:00-04:00,129.60057424917565,130.55682434447908,127.2768935213732,128.22357177734375,167900,0.0,0.0
2023-06-29 00:00:00-04:00,127.94623876479268,133.32035850111652,127.30555308661157,132.76573181152344,257700,0.0,0.0
2023-06-30 00:00:00-04:00,134.63999927773324,134.9746780139537,132.47886499778892,134.0279998779297,202100,0.0,0.0
2023-07-03 00:00:00-04:00,133.32039497977973,134.5252649233309,130.47077360084288,132.2302703857422,74900,0.0,0.0
2023-07-05 00:00:00-04:00,132.38324877021176,132.38324877021176,128.6729942009199,131.05406188964844,186900,0.0,0.0
2023-07-06 00:00:00-04:00,129.04593563399524,130.19343272510852,127.21949461721039,128.65386962890625,190900,0.0,0.0
2023-07-07 00:00:00-04:00,129.07461167271947,131.74255715277616,128.4339259695386,129.1989288330078,180500,0.0,0.0
2023-07-10 00:00:00-04:00,128.405235871227,132.59361511763325,128.405235871227,132.26849365234375,163500,0.0,0.0
2023-07-11 00:00:00-04:00,132.89964415739337,134.19058771965442,132.5362790158717,133.59771728515625,138500,0.0,0.0
2023-07-12 00:00:00-04:00,136.4090754556029,140.4540240185224,135.3572090654251,139.14395141601562,174100,0.0,0.0
2023-07-13 00:00:00-04:00,140.01413507300006,141.09470233344152,137.61395262314704,140.03326416015625,152900,0.0,0.0
2023-07-14 00:00:00-04:00,139.90894224242712,140.36793818010375,137.06887843147064,139.51687622070312,244000,0.0,0.0
2023-07-17 00:00:00-04:00,138.4650081118034,141.19031195929415,138.22594560283662,139.84201049804688,95700,0.0,0.0
2023-07-18 00:00:00-04:00,139.85154941534256,142.2134878616545,138.51280537708368,140.66436767578125,168000,0.0,0.0
2023-07-19 00:00:00-04:00,139.87067756935699,142.38560489531315,139.73680316642097,141.8022918701172,206700,0.0,0.0
2023-07-20 00:00:00-04:00,142.61512764464942,143.36100149423598,136.37081617059783,139.02919006347656,192600,0.0,0.0
2023-07-21 00:00:00-04:00,140.3010093255118,140.3010093255118,137.74782342799534,137.76695251464844,150300,0.0,0.0
2023-07-24 00:00:00-04:00,137.40357475702376,140.52094472930264,137.40357475702376,138.6658172607422,172400,0.0,0.0
2023-07-25 00:00:00-04:00,137.61395021847352,141.55369581314528,137.06888067818375,140.9703826904297,174100,0.0,0.0
2023-07-26 00:00:00-04:00,140.28185978807113,142.9019898112926,139.7081185930815,142.5577392578125,155300,0.0,0.0
2023-07-27 00:00:00-04:00,143.43750968876225,144.27901441479275,138.80926287803052,139.7750701904297,233900,0.0,0.0
2023-07-28 00:00:00-04:00,141.46762438716968,143.87737842250414,141.3528790587498,141.89793395996094,181300,0.0,0.0
2023-07-31 00:00:00-04:00,142.5577510785934,143.59050282466865,140.26274233468726,141.54412841796875,153900,0.0,0.0
2023-08-01 00:00:00-04:00,142.4047580844481,143.97300760911287,141.43895077058133,142.2230682373047,218000,0.0,0.0
2023-08-02 00:00:00-04:00,144.89101341553965,147.30075306503429,142.63426268657153,145.13963317871094,356000,0.0,0.0
2023-08-03 00:00:00-04:00,144.23119040030846,145.76118165777055,140.712182784833,143.609619140625,347500,0.0,0.0
2023-08-04 00:00:00-04:00,143.9443090971989,149.43318926479287,143.82956376817037,147.3772430419922,232700,0.0,0.0
2023-08-07 00:00:00-04:00,147.5876364179245,151.25963328723913,146.75570350301282,149.9973907470703,165400,0.0,0.0
2023-08-08 00:00:00-04:00,148.6968838362128,149.4523149609683,145.5221266437708,149.2515106201172,171300,0.0,0.0
2023-08-09 00:00:00-04:00,148.8499163828339,149.28978332369445,146.29672998401736,147.2720947265625,210400,0.0,0.0
2023-08-10 00:00:00-04:00,148.72556527495843,149.2515057071429,144.03994598724395,147.51112365722656,271600,0.0,0.0
2023-08-11 00:00:00-04:00,146.99478056915547,148.62996022514216,146.57402815040197,146.85134887695312,129100,0.0,0.0
2023-08-14 00:00:00-04:00,146.13413125099228,148.60124339801226,145.48387366690915,148.10400390625,188200,0.0,0.0
2023-08-15 00:00:00-04:00,148.40044489657058,149.75831819194192,145.88550264159582,148.18051147460938,208500,0.0,0.0
2023-08-16 00:00:00-04:00,148.0179361359837,150.44681939003306,145.12049970430803,145.17788696289062,171000,0.0,0.0
2023-08-17 00:00:00-04:00,146.1819496556436,146.52620027891385,137.54701232910156,137.54701232910156,242200,0.0,0.0
2023-08-18 00:00:00-04:00,136.32300256403448,139.60294776932886,135.61538687698592,138.00601196289062,361700,0.0,0.0
2023-08-21 00:00:00-04:00,137.63305291267926,139.18218780562773,135.22331346358922,137.17405700683594,175000,0.0,0.0
2023-08-22 00:00:00-04:00,137.99645452767788,138.72321396802838,135.73970362738464,137.97732543945312,209600,0.0,0.0
2023-08-23 00:00:00-04:00,138.2737679888916,140.702636782221,136.40906865203596,138.89532470703125,156700,0.0,0.0
2023-08-24 00:00:00-04:00,137.97730072214708,138.86662077504727,135.07986450195312,135.07986450195312,248900,0.0,0.0
2023-08-25 00:00:00-04:00,135.95010438683485,135.95010438683485,128.300101931308,131.02542114257812,529900,0.0,0.0
2023-08-28 00:00:00-04:00,132.14418973917205,134.5539438229727,130.90106182182632,132.06768798828125,155200,0.0,0.0
2023-08-29 00:00:00-04:00,130.8054418747211,136.86807846437154,129.56232844510552,136.36126708984375,315500,0.0,0.0
2023-08-30 00:00:00-04:00,136.03614345807426,138.67540325647252,135.58670471244034,137.8817138671875,252900,0.0,0.0
2023-08-31 00:00:00-04:00,137.75737029225658,140.52093216099996,137.75737029225658,138.39805603027344,173600,0.0,0.0
2023-09-01 00:00:00-04:00,139.27781226519238,141.63019377993942,138.4841375735422,139.89938354492188,158100,0.0,0.0
2023-09-05 00:00:00-04:00,138.18770726233817,138.18770726233817,127.99409150638252,130.6524658203125,381500,0.0,0.0
2023-09-06 00:00:00-04:00,131.00623550805153,132.94742162601958,130.17430276926962,132.76573181152344,152200,0.0,0.0
2023-09-07 00:00:00-04:00,132.18243939534858,133.74113163506453,130.1934375544057,132.78488159179688,215500,0.0,0.0
2023-09-08 00:00:00-04:00,132.92830213866674,134.26706084194785,131.1879347929827,131.52261352539062,133700,0.0,0.0
2023-09-11 00:00:00-04:00,132.91877423360705,133.98976975968034,130.69070957644269,131.29315185546875,127400,0.0,0.0
2023-09-12 00:00:00-04:00,130.74804633632817,132.6414316670989,128.60605587257805,130.07867431640625,145600,0.0,0.0
2023-09-13 00:00:00-04:00,130.23169613185084,130.518574063966,124.39856501330735,126.22500610351562,383700,0.0,0.0
2023-09-14 00:00:00-04:00,127.63420204574648,129.34059174740983,127.20281402054586,127.96973419189453,265500,0.33,0.0
2023-09-15 00:00:00-04:00,125.96615595760292,126.17705937742944,120.4731150977974,122.27537536621094,568300,0.0,0.0
2023-09-18 00:00:00-04:00,122.27538735802611,124.94042396688788,122.20828238276317,123.06147003173828,219000,0.0,0.0
2023-09-19 00:00:00-04:00,122.93684817542648,123.53120440067826,121.57556441247439,122.77388000488281,294700,0.0,0.0
2023-09-20 00:00:00-04:00,124.39398559279509,125.51560043197969,121.52763412135879,121.62350463867188,189900,0.0,0.0
2023-09-21 00:00:00-04:00,119.42819591282603,120.26221377902877,117.15620082394669,118.36409759521484,347800,0.0,0.0
2023-09-22 00:00:00-04:00,119.86916601666093,120.2430375876932,117.60675956360305,118.2298812866211,232400,0.0,0.0
2023-09-25 00:00:00-04:00,118.23946788769749,120.99078625698334,118.02857177980583,118.69003295898438,158600,0.0,0.0
2023-09-26 00:00:00-04:00,118.07650458928924,119.28440140046774,116.42763120251395,116.59060668945312,227100,0.0,0.0
2023-09-27 00:00:00-04:00,118.03814803668088,119.66785157338381,116.8302586397762,117.1466064453125,167100,0.0,0.0
2023-09-28 00:00:00-04:00,117.19454624980742,120.69360778466618,116.84943289046342,119.20770263671875,234700,0.0,0.0
2023-09-29 00:00:00-04:00,120.39642200343425,120.77030090317295,118.83383069115358,119.72537231445312,237000,0.0,0.0
2023-10-02 00:00:00-04:00,118.69003594677683,120.9812007885813,116.83984767348981,117.85601806640625,167100,0.0,0.0
2023-10-03 00:00:00-04:00,116.73438783209633,116.90694450462279,113.13946324937247,114.21315002441406,177000,0.0,0.0
2023-10-04 00:00:00-04:00,114.82668867443195,116.6385301648456,113.82011413192053,115.33477020263672,153600,0.0,0.0
2023-10-05 00:00:00-04:00,114.7500023668939,116.06335092513082,114.28985606551159,115.04718780517578,179200,0.0,0.0
2023-10-06 00:00:00-04:00,113.47501509898339,117.07952150715464,112.41091665261277,115.66072845458984,183300,0.0,0.0
2023-10-09 00:00:00-04:00,114.42405696595131,115.89078507071741,109.71709872312847,115.794921875,157300,0.0,0.0
2023-10-10 00:00:00-04:00,116.1400421608039,118.82424837052372,116.06334867409645,116.97406005859375,142400,0.0,0.0
2023-10-11 00:00:00-04:00,117.20414349736879,119.30357472361322,116.26466654606003,118.26824188232422,183000,0.0,0.0
2023-10-12 00:00:00-04:00,116.85901916605341,116.85901916605341,110.80037309368136,112.57386779785156,194400,0.0,0.0
2023-10-13 00:00:00-04:00,112.91897965928942,113.7434162894997,111.6727362004433,112.66014099121094,133400,0.0,0.0
2023-10-16 00:00:00-04:00,113.70508147711172,114.57744613870214,111.50977973743723,113.20658111572266,132500,0.0,0.0
2023-10-17 00:00:00-04:00,111.81653957447966,114.90338281700953,111.41390975516529,112.83270263671875,170300,0.0,0.0
2023-10-18 00:00:00-04:00,111.54811404698918,112.0945422923612,108.02029442184745,108.06822967529297,182500,0.0,0.0
2023-10-19 00:00:00-04:00,108.4325314107489,108.86391951048996,105.48948626404457,106.00715637207031,248000,0.0,0.0
2023-10-20 00:00:00-04:00,106.66860116790087,108.46127289591308,105.57574465765816,106.23721313476562,399200,0.0,0.0
2023-10-23 00:00:00-04:00,105.45113558617174,108.16410746613231,105.45113558617174,106.31391906738281,148200,0.0,0.0
2023-10-24 00:00:00-04:00,106.5248175416322,107.55056915649398,105.29774369563046,106.141357421875,173700,0.0,0.0
2023-10-25 00:00:00-04:00,105.26897918628839,105.26897918628839,101.63570775050884,101.94247436523438,235100,0.0,0.0
2023-10-26 00:00:00-04:00,103.79265430959612,106.0454794568227,102.49848298524607,104.30074310302734,295400,0.0,0.0
2023-10-27 00:00:00-04:00,104.76090776161831,106.10301457308464,102.69023474115366,104.4157943725586,162400,0.0,0.0
2023-10-30 00:00:00-04:00,105.77708786103668,106.5440082516786,104.08028618765215,105.08686828613281,156500,0.0,0.0
2023-10-31 00:00:00-04:00,106.01672291537635,108.91183971399268,105.38401996897429,107.05206298828125,317900,0.0,0.0
2023-11-01 00:00:00-04:00,106.51523187638618,110.74285987943024,106.28515872393525,110.41692352294922,279400,0.0,0.0
2023-11-02 00:00:00-04:00,113.63798100292153,115.33478244839603,112.74643927695523,113.75302124023438,329600,0.0,0.0
2023-11-03 00:00:00-04:00,117.64511285486338,120.71277907362528,117.64511285486338,119.92668914794922,324800,0.0,0.0
2023-11-06 00:00:00-05:00,118.958448627804,120.78946707589286,117.29040565416977,117.4342041015625,262300,0.0,0.0
2023-11-07 00:00:00-05:00,117.3287600656696,119.00639166252283,117.31917155151173,118.23947143554688,249400,0.0,0.0
2023-11-08 00:00:00-05:00,111.16466420020721,122.43835080583973,110.4840259591672,116.40846252441406,149100,0.0,0.0
2023-11-09 00:00:00-05:00,119.69662857264215,119.69662857264215,117.0315918940318,117.87519836425781,321700,0.0,0.0
2023-11-10 00:00:00-05:00,118.38327204974895,122.34248737136673,116.80150362396836,122.08364868164062,218300,0.0,0.0
2023-11-13 00:00:00-05:00,121.56597695339758,121.7193639250475,118.88177077456412,120.60733032226562,124600,0.0,0.0
2023-11-14 00:00:00-05:00,127.83555622253927,133.58743700415562,126.8577323938835,133.52032470703125,409500,0.0,0.0
2023-11-15 00:00:00-05:00,132.82048846640538,135.38965431586897,131.34416452072816,131.73721313476562,217900,0.0,0.0
2023-11-16 00:00:00-05:00,134.05713720517667,136.6742529585376,132.6479255311473,132.8780059814453,141600,0.0,0.0
2023-11-17 00:00:00-05:00,133.86538939069425,137.42197414839038,133.03137166196788,136.904296875,312000,0.0,0.0
2023-11-20 00:00:00-05:00,136.60716053682543,140.95941030296478,135.30340038448526,140.9498291015625,310800,0.0,0.0
2023-11-21 00:00:00-05:00,140.48967466074993,140.63346581243448,138.0163644572626,139.09963989257812,338300,0.0,0.0
2023-11-22 00:00:00-05:00,141.2565866658086,141.57292718099697,138.83121186411995,138.85997009277344,200400,0.0,0.0
2023-11-24 00:00:00-05:00,138.1889013146248,140.4800660997951,138.1889013146248,139.78025817871094,37400,0.0,0.0
2023-11-27 00:00:00-05:00,139.48309226636928,141.2853527098783,139.12839767483135,140.61428833007812,215700,0.0,0.0
2023-11-28 00:00:00-05:00,140.61428394240653,141.41955824748177,139.72274957707754,139.8282012939453,195900,0.0,0.0
2023-11-29 00:00:00-05:00,141.64003163323508,144.75563300587817,141.64003163323508,144.48721313476562,397000,0.0,0.0
2023-11-30 00:00:00-05:00,144.88029013005345,145.2445659534918,142.44531915783358,144.28591918945312,209900,0.0,0.0
2023-12-01 00:00:00-05:00,143.87368854681606,148.29305011346224,143.87368854681606,147.09474182128906,176600,0.0,0.0
2023-12-04 00:00:00-05:00,146.40451256138564,150.30619668727056,146.04981799388335,148.68609619140625,204900,0.0,0.0
2023-12-05 00:00:00-05:00,147.9766998628436,148.50395845439454,145.771809606768,147.3152313232422,235700,0.0,0.0
2023-12-06 00:00:00-05:00,149.34757819883208,155.34871651507817,149.14627056284826,153.78611755371094,416400,0.0,0.0
2023-12-07 00:00:00-05:00,153.37388410104361,154.78309585872526,152.3673021844443,154.68722534179688,271500,0.0,0.0
2023-12-08 00:00:00-05:00,155.26243168974077,158.14795309707034,154.32294735711298,156.9400634765625,190900,0.0,0.0
2023-12-11 00:00:00-05:00,156.94003960372947,158.79980170002457,155.65544205667828,156.60450744628906,196000,0.0,0.0
2023-12-12 00:00:00-05:00,156.64285729284194,156.64285729284194,153.97782076698044,155.72256469726562,221000,0.0,0.0
2023-12-13 00:00:00-05:00,156.47988832825433,161.14850745302763,151.94549377693744,160.3528289794922,332600,0.0,0.0
2023-12-14 00:00:00-05:00,167.07664028971962,178.343791314569,166.63478462003528,176.45152282714844,425300,0.33,0.0
2023-12-15 00:00:00-05:00,175.51015324910338,176.5283249473826,170.96679581991177,173.70433044433594,764900,0.0,0.0
2023-12-18 00:00:00-05:00,175.4044962023573,176.55714315185222,171.07245900996426,172.11944580078125,181700,0.0,0.0
2023-12-19 00:00:00-05:00,174.67450091907236,178.31494724033914,174.5208107409798,176.37464904785156,191000,0.0,0.0
2023-12-20 00:00:00-05:00,176.2978202485876,180.87000820074374,174.6264870416831,174.73214721679688,185600,0.0,0.0
2023-12-21 00:00:00-05:00,177.88273289702377,178.60313922519464,175.17399806788328,178.23812866210938,127300,0.0,0.0
2023-12-22 00:00:00-05:00,179.14099996715362,179.813376124162,176.78767608927384,178.4878387451172,110400,0.0,0.0
2023-12-26 00:00:00-05:00,179.91903773628627,181.09089961513413,178.66073063441712,179.5732421875,122800,0.0,0.0
2023-12-27 00:00:00-05:00,180.76435812716926,181.6096395753158,179.31393067349012,180.01513671875,116400,0.0,0.0
2023-12-28 00:00:00-05:00,179.82300944266123,180.38011070392312,177.55613055360396,178.2669219970703,93000,0.0,0.0
2023-12-29 00:00:00-05:00,177.16230447409154,178.25732137007827,175.34688133977926,175.60623168945312,163700,0.0,0.0
2024-01-02 00:00:00-05:00,173.38737533548928,174.48239227676848,169.32428808715105,173.5218505859375,142800,0.0,0.0
2024-01-03 00:00:00-05:00,169.79491809991217,170.26557403533445,166.20248776073416,167.6913299560547,181000,0.0,0.0
2024-01-04 00:00:00-05:00,165.8567250406643,167.10543211771224,163.75313648090008,164.8097381591797,190500,0.0,0.0
2024-01-05 00:00:00-05:00,163.03274966281361,168.60389483092348,161.44786161331098,167.38400268554688,272100,0.0,0.0
2024-01-08 00:00:00-05:00,171.88891150460282,173.07998833117213,170.01585836916414,173.07037353515625,237600,0.0,0.0
2024-01-09 00:00:00-05:00,170.49616825367676,175.3469072395589,170.49616825367676,174.9434814453125,300000,0.0,0.0
2024-01-10 00:00:00-05:00,176.18255070160757,179.37155606944162,176.1441354838987,178.25732421875,163300,0.0,0.0
2024-01-11 00:00:00-05:00,177.38325168660688,178.5070838289835,174.8858518113381,177.7386474609375,153700,0.0,0.0
2024-01-12 00:00:00-05:00,179.3427382658861,179.53484366491566,176.0192577015356,179.29470825195312,237400,0.0,0.0
2024-01-16 00:00:00-05:00,177.49848206871133,178.22850309072064,174.36712161879925,177.8058624267578,236200,0.0,0.0
2024-01-17 00:00:00-05:00,175.64462236992676,176.4130585148014,172.79181289214375,176.19212341308594,127900,0.0,0.0
2024-01-18 00:00:00-05:00,179.3619348919431,181.5135534246652,178.10362769872742,180.7451171875,278800,0.0,0.0
2024-01-19 00:00:00-05:00,181.50396768656253,185.4325797567069,180.35130591100335,184.09742736816406,201800,0.0,0.0
2024-01-22 00:00:00-05:00,186.78694559956398,191.29187386499996,186.54681017434723,190.45620727539062,412700,0.0,0.0
2024-01-23 00:00:00-05:00,188.1124760469161,190.60027544021494,180.6490778670196,181.8113250732422,240600,0.0,0.0
2024-01-24 00:00:00-05:00,183.41543690068002,184.13584318438788,174.44398083184694,175.69268798828125,262400,0.0,0.0
2024-01-25 00:00:00-05:00,179.35235543086267,180.03433186065894,177.20073665006493,179.2851104736328,229600,0.0,0.0
2024-01-26 00:00:00-05:00,179.2562757793619,182.27237593617735,178.73758974383156,182.17633056640625,289800,0.0,0.0
2024-01-29 00:00:00-05:00,182.50292946519318,189.28435176235354,181.6960779262191,188.58316040039062,319800,0.0,0.0
2024-01-30 00:00:00-05:00,188.4486901139418,191.93546139056448,188.4486901139418,189.44764709472656,330500,0.0,0.0
2024-01-31 00:00:00-05:00,188.22776195436902,190.7731916504208,185.86482287353883,187.16156005859375,336900,0.0,0.0
2024-02-01 00:00:00-05:00,191.93545619614022,194.0390302805777,188.93855602148403,192.81915283203125,246300,0.0,0.0
2024-02-02 00:00:00-05:00,189.44763461661648,194.99956444749986,187.52655122442977,193.875732421875,176600,0.0,0.0
2024-02-05 00:00:00-05:00,191.05173795074592,191.2150429373741,184.00136540203715,186.7004852294922,209100,0.0,0.0
2024-02-06 00:00:00-05:00,187.07510373727717,189.51488796112687,185.4325855719906,188.85211181640625,191000,0.0,0.0
2024-02-07 00:00:00-05:00,190.25448375506141,193.45307441892018,189.55327782683605,191.56080627441406,189900,0.0,0.0
2024-02-08 00:00:00-05:00,193.04967191275912,197.8235654616646,193.04967191275912,197.3336944580078,193300,0.0,0.0
2024-02-09 00:00:00-05:00,196.83420218039132,200.7724289885669,195.76800031375765,198.5919952392578,163500,0.0,0.0
2024-02-12 00:00:00-05:00,199.4084538851873,205.28696413674643,199.39883908832627,203.682861328125,174900,0.0,0.0
2024-02-13 00:00:00-05:00,192.39646529658282,198.97616577466414,190.86920782986365,196.6516571044922,283400,0.0,0.0
2024-02-14 00:00:00-05:00,200.82044536194147,204.35523152059417,196.0177372180967,203.8461456298828,277200,0.0,0.0
2024-02-15 00:00:00-05:00,205.91127594984047,205.91127594984047,201.396733846857,204.45126342773438,211000,0.0,0.0
2024-02-16 00:00:00-05:00,200.68595034185878,203.68285011369272,197.84275540101584,198.33262634277344,194100,0.0,0.0
2024-02-20 00:00:00-05:00,195.0091957474012,198.05411142288872,193.70285834389733,197.83319091796875,254700,0.0,0.0
2024-02-21 00:00:00-05:00,198.82253148623622,199.55253790082006,192.75190091535958,194.55772399902344,308500,0.0,0.0
2024-02-22 00:00:00-05:00,205.30616973817692,220.64602047773084,204.20153808867238,214.24880981445312,570200,0.0,0.0
2024-02-23 00:00:00-05:00,216.58291615814528,227.37940903321464,215.3918539528174,224.85317993164062,427600,0.0,0.0
2024-02-26 00:00:00-05:00,224.17121938036166,227.5139002842917,223.66213346837557,226.76467895507812,322900,0.0,0.0
2024-02-27 00:00:00-05:00,229.20443951370436,230.0881360562476,224.14239566641976,228.64732360839844,297900,0.0,0.0
2024-02-28 00:00:00-05:00,224.0655596442057,227.22573529208714,221.88512594768287,225.66966247558594,294000,0.0,0.0
2024-02-29 00:00:00-05:00,227.93653958015193,230.3859237523457,225.68887560615408,229.50221252441406,234800,0.0,0.0
2024-03-01 00:00:00-05:00,228.3880023701356,232.95057541032037,227.8020713513385,232.54714965820312,230900,0.0,0.0
2024-03-04 00:00:00-05:00,233.48844657369563,237.04244745104018,230.72208216219659,231.58657836914062,226300,0.0,0.0
2024-03-05 00:00:00-05:00,232.65280451486677,238.1951194021149,224.8628109790318,225.05491638183594,381100,0.0,0.0
2024-03-06 00:00:00-05:00,228.0133781003305,229.386945603729,224.21922691515647,225.7753143310547,428900,0.0,0.0
2024-03-07 00:00:00-05:00,227.88853114115656,232.85453025063356,227.52352058448383,231.79794311523438,210700,0.0,0.0
2024-03-08 00:00:00-05:00,232.63357316921048,236.56218480776343,227.84046529396036,228.47442626953125,212600,0.0,0.0
2024-03-11 00:00:00-04:00,227.3986441805918,227.83088500825633,223.07620659054024,227.29298400878906,166400,0.0,0.0
2024-03-12 00:00:00-04:00,227.42744191279357,232.42225537122542,225.62161898942364,230.9910430908203,140800,0.0,0.0
2024-03-13 00:00:00-04:00,231.4233047315535,235.2078413743933,230.66448323754955,232.53753662109375,228200,0.0,0.0
2024-03-14 00:00:00-04:00,231.90809920231217,232.9248459043367,226.82430658931776,232.1308135986328,246800,1.95,0.0
2024-03-15 00:00:00-04:00,230.74609096126983,234.3483225456137,230.20382208202992,231.63697814941406,669100,0.0,0.0
2024-03-18 00:00:00-04:00,233.37031865683014,235.29732370275767,229.86492689735206,232.55691528320312,161400,0.0,0.0
2024-03-19 00:00:00-04:00,232.2954297768513,235.95575927464958,229.3710344615645,234.24179077148438,175500,0.0,0.0
2024-03-20 00:00:00-04:00,234.00939729162732,241.4075253450382,231.87904906643487,238.92857360839844,200600,0.0,0.0
2024-03-21 00:00:00-04:00,243.0052617987958,251.93338511274152,242.30805483621313,249.1542205810547,298300,0.0,0.0
2024-03-22 00:00:00-04:00,249.49316686983113,251.60414412315183,247.25630050069515,249.83209228515625,256700,0.0,0.0
2024-03-25 00:00:00-04:00,249.33825854994507,252.63064349142567,247.85671192257408,247.87606811523438,163700,0.0,0.0
2024-03-26 00:00:00-04:00,249.7158974331373,251.526691213354,245.87158070106247,247.2563018798828,210800,0.0,0.0
2024-03-27 00:00:00-04:00,249.02839877896542,249.7352691673508,245.4164743132296,247.29505920410156,182800,0.0,0.0
2024-03-28 00:00:00-04:00,248.67980311390363,253.2116346946514,248.1472270562316,250.53903198242188,254800,0.0,0.0
2024-04-01 00:00:00-04:00,252.91142521237103,255.40976282460406,248.68947046816683,249.10585021972656,220400,0.0,0.0
2024-04-02 00:00:00-04:00,244.18666487971709,245.4842388935826,239.6935610837489,245.13563537597656,298400,0.0,0.0
2024-04-03 00:00:00-04:00,242.8406829052468,251.6041617577322,242.8406829052468,251.24588012695312,200200,0.0,0.0
2024-04-04 00:00:00-04:00,254.2961716721397,255.39040240097262,242.67608732641747,243.4798126220703,188400,0.0,0.0
2024-04-05 00:00:00-04:00,245.09691719431405,250.5390064615509,245.09691719431405,250.10324096679688,215200,0.0,0.0
2024-04-08 00:00:00-04:00,252.1367570705172,252.4369405625591,247.3918749948658,247.740478515625,175800,0.0,0.0
2024-04-09 00:00:00-04:00,248.63135557307768,249.5319060126247,238.9672974417901,246.3073272705078,298800,0.0,0.0
2024-04-10 00:00:00-04:00,233.18630036004114,240.16804866045655,231.56917192445928,232.71182250976562,629500,0.0,0.0
2024-04-11 00:00:00-04:00,234.13527355290574,236.47867287313224,232.76992333294376,235.16172790527344,341900,0.0,0.0
2024-04-12 00:00:00-04:00,232.847387808234,236.26563188947785,229.86489441730996,233.13787841796875,187200,0.0,0.0
2024-04-15 00:00:00-04:00,233.07980426766264,234.5226384725135,228.72226736486817,229.73902893066406,239500,0.0,0.0
2024-04-16 00:00:00-04:00,226.52413644076051,226.52413644076051,211.49548590869864,219.0872802734375,539100,0.0,0.0
2024-04-17 00:00:00-04:00,222.97033961710116,223.51262334445556,216.037024738144,217.24745178222656,310300,0.0,0.0
2024-04-18 00:00:00-04:00,221.75989581215646,223.66752987150713,216.8988318090445,217.47982788085938,253100,0.0,0.0
2024-04-19 00:00:00-04:00,217.1409172921625,220.23960733698866,211.96028402254964,214.3327178955078,293600,0.0,0.0
2024-04-22 00:00:00-04:00,216.45339219231005,218.17703902262832,212.95767849753022,216.35655212402344,176800,0.0,0.0
2024-04-23 00:00:00-04:00,217.43139204017726,230.89134763993974,214.36175128464262,230.45559692382812,269800,0.0,0.0
2024-04-24 00:00:00-04:00,231.23996841222916,234.32898036515545,225.86566977749217,227.80235290527344,250900,0.0,0.0
2024-04-25 00:00:00-04:00,219.96845491985914,229.6615478496347,215.58186918202404,227.77328491210938,236500,0.0,0.0
2024-04-26 00:00:00-04:00,230.4459171654965,234.96807041587263,230.2619299074932,232.07273864746094,201400,0.0,0.0
2024-04-29 00:00:00-04:00,234.11590772690639,235.703987054342,231.64663416683365,235.6846160888672,196600,0.0,0.0
2024-04-30 00:00:00-04:00,232.79896592131058,233.95129458311024,227.97661497819684,228.26712036132812,207100,0.0,0.0
2024-05-01 00:00:00-04:00,228.7513126046175,241.59153058665237,226.43697696818597,232.93455505371094,238200,0.0,0.0
2024-05-02 00:00:00-04:00,234.38706050389462,239.22876795171018,226.0496396877275,236.9434814453125,276900,0.0,0.0
2024-05-03 00:00:00-04:00,244.341625067829,249.29954385097818,235.73306927994815,235.98483276367188,223700,0.0,0.0
2024-05-06 00:00:00-04:00,239.6741928824025,243.4797825581502,238.35724788688808,241.1751251220703,240300,0.0,0.0
2024-05-07 00:00:00-04:00,240.41014172069524,241.88201012163879,228.7319459164574,229.42913818359375,651200,0.0,0.0
2024-05-08 00:00:00-04:00,226.99861231451183,231.29805093214162,222.9896791015876,224.6552276611328,577000,0.0,0.0
2024-05-09 00:00:00-04:00,224.6552187726799,235.83956559344614,223.28985376758737,229.2838897705078,388700,0.0,0.0
2024-05-10 00:00:00-04:00,229.25487081261656,229.53568337164046,224.15170650991342,226.2530059814453,259300,0.0,0.0
2024-05-13 00:00:00-04:00,226.32077782053878,227.27944123012827,221.00457763671875,221.00457763671875,290200,0.0,0.0
2024-05-14 00:00:00-04:00,224.13232329834315,225.1006647689948,220.5591409075237,224.28724670410156,246300,0.0,0.0
2024-05-15 00:00:00-04:00,229.83586734576306,230.94945419153524,225.38149041123617,226.02059936523438,296100,0.0,0.0
2024-05-16 00:00:00-04:00,224.0838964776756,224.0838964776756,209.6362439465483,210.10104370117188,616500,0.0,0.0
2024-05-17 00:00:00-04:00,210.79826101092408,212.21203130983398,202.6448274502507,205.123779296875,464300,0.0,0.0
2024-05-20 00:00:00-04:00,205.77257304916319,208.42583413385594,201.60870155702457,206.37294006347656,281600,0.0,0.0
2024-05-21 00:00:00-04:00,205.99528356401422,206.2664180024914,202.18970855385473,204.38784790039062,457700,0.0,0.0
2024-05-22 00:00:00-04:00,203.74874451385296,204.46530778832798,199.3621585727529,200.68878173828125,265200,0.0,0.0
2024-05-23 00:00:00-04:00,202.1025605186793,204.35878320604954,196.99939668778106,202.39305114746094,204800,0.0,0.0
2024-05-24 00:00:00-04:00,204.8526506020277,205.93718837138456,201.5021824563804,205.5692138671875,134600,0.0,0.0
2024-05-28 00:00:00-04:00,206.07275521271873,207.4671693568753,200.93086413793057,202.61578369140625,230200,0.0,0.0
2024-05-29 00:00:00-04:00,200.21426419914928,201.7151963366952,197.0768474936832,199.10067749023438,341500,0.0,0.0
2024-05-30 00:00:00-04:00,200.90180224629228,204.31036829483523,198.26791231456156,202.95468139648438,558300,0.0,0.0
2024-05-31 00:00:00-04:00,203.7971673480007,206.34389555493888,202.18971684275985,205.1334686279297,254100,0.0,0.0
2024-06-03 00:00:00-04:00,206.8280626247149,206.93458078341445,203.15805474901148,205.1044158935547,347000,0.0,0.0
2024-06-04 00:00:00-04:00,203.55505478093642,205.17218316639165,200.65970863890064,203.16770935058594,397300,0.0,0.0
2024-06-05 00:00:00-04:00,204.68803505755392,214.0422029035173,203.38076809634103,212.86083984375,364400,0.0,0.0
2024-06-06 00:00:00-04:00,211.74724447043144,213.13198056706858,206.32454066853927,206.85711669921875,365200,0.0,0.0
2024-06-07 00:00:00-04:00,202.27686615887382,205.5014452993649,198.926397888422,203.51634216308594,513000,0.0,0.0
2024-06-10 00:00:00-04:00,200.95992083518846,203.98114174514936,200.95992083518846,203.59381103515625,394600,0.0,0.0
2024-06-11 00:00:00-04:00,202.19937024789607,202.5286027856666,198.67460805789074,200.32078552246094,173100,0.0,0.0
2024-06-12 00:00:00-04:00,208.19344633336095,217.62509894232696,208.19344633336095,213.4999542236328,347300,0.0,0.0
2024-06-13 00:00:00-04:00,212.0667850878924,214.89434044931144,210.50775470694813,214.87496948242188,193200,0.0,0.0
2024-06-14 00:00:00-04:00,210.6463194553975,211.43191272657796,204.23547050048705,208.20223999023438,195400,0.35,0.0
2024-06-17 00:00:00-04:00,205.54480991921278,207.88220321771917,203.7117538218296,207.72702026367188,287600,0.0,0.0
2024-06-18 00:00:00-04:00,206.9123070434329,208.22163901210286,202.97463255266916,204.47793579101562,309700,0.0,0.0
2024-06-20 00:00:00-04:00,200.45299558509004,203.67297544326658,190.08508369492802,192.93649291992188,480600,0.0,0.0
2024-06-21 00:00:00-04:00,192.34487777272201,193.87726135935705,188.10653025058528,191.96661376953125,788300,0.0,0.0
2024-06-24 00:00:00-04:00,192.09270961449954,197.14574565970298,190.02687898501807,192.93649291992188,280100,0.0,0.0
2024-06-25 00:00:00-04:00,191.68536873093487,192.39337065684794,185.87583414682567,190.53121948242188,373000,0.0,0.0
2024-06-26 00:00:00-04:00,190.58937814794209,192.62611352305808,187.67976464009612,191.67564392089844,259500,0.0,0.0
2024-06-27 00:00:00-04:00,192.5291442650771,196.253461262382,190.29845213947155,196.06918334960938,297200,0.0,0.0
2024-06-28 00:00:00-04:00,198.28046249365292,200.14261334661308,196.2631287031812,199.48309326171875,625500,0.0,0.0
2024-07-01 00:00:00-04:00,200.43360444378033,200.57907921772878,191.98601899205312,195.04112243652344,329700,0.0,0.0
2024-07-02 00:00:00-04:00,192.95588431534804,195.48724889719824,189.45464847300448,192.81040954589844,284900,0.0,0.0
2024-07-03 00:00:00-04:00,193.57662449636408,197.2233503436398,192.77162947792954,193.7415008544922,167600,0.0,0.0
2024-07-05 00:00:00-04:00,193.27593781333422,195.3126733189392,190.6378868799486,193.5863037109375,182800,0.0,0.0
2024-07-08 00:00:00-04:00,195.34176874455642,200.56937410259198,194.52708045996764,200.5499725341797,329100,0.0,0.0
2024-07-09 00:00:00-04:00,198.74599366861636,202.0532578316816,196.25343251632134,197.8537139892578,372400,0.0,0.0
2024-07-10 00:00:00-04:00,199.24064861375916,205.05018286975044,198.06711266028546,203.99302673339844,282900,0.0,0.0
2024-07-11 00:00:00-04:00,212.86733928602789,225.87331639071462,212.26602384254724,220.02499389648438,677400,0.0,0.0
2024-07-12 00:00:00-04:00,222.53696962137462,229.25818551033902,222.53696962137462,223.8365936279297,481900,0.0,0.0
2024-07-15 00:00:00-04:00,226.07698293278003,231.36277801982214,225.5629523800383,227.25051879882812,300400,0.0,0.0
2024-07-16 00:00:00-04:00,233.31223070568774,244.26208564846726,231.20761182240656,243.65106201171875,489300,0.0,0.0
2024-07-17 00:00:00-04:00,239.40301386035603,243.2340023070336,234.0396270751953,234.0396270751953,502500,0.0,0.0
2024-07-18 00:00:00-04:00,235.44592777064105,247.94756697780997,234.30148685534002,236.30911254882812,491700,0.0,0.0
2024-07-19 00:00:00-04:00,235.43623806452018,238.68531256299556,231.66343962014486,233.29281616210938,249600,0.0,0.0
2024-07-22 00:00:00-04:00,236.6582716230967,239.91703952195044,230.89724899391032,239.7230682373047,229000,0.0,0.0
2024-07-23 00:00:00-04:00,237.0074362354895,246.21151986579332,234.8640290278279,242.3611297607422,224300,0.0,0.0
2024-07-24 00:00:00-04:00,240.36318861008263,243.0497360598387,233.19584081522865,233.9329376220703,225200,0.0,0.0
2024-07-25 00:00:00-04:00,238.0743010981916,245.56170846347527,233.87475673612764,240.26620483398438,336200,0.0,0.0
2024-07-26 00:00:00-04:00,249.14055650703085,258.2767280264673,248.665329018107,257.5299377441406,426900,0.0,0.0
2024-07-29 00:00:00-04:00,258.7713502172482,264.20263522864786,254.90157333575743,258.3446044921875,348600,0.0,0.0
2024-07-30 00:00:00-04:00,259.1495831566403,263.0193595743007,255.44466825955726,261.4675598144531,241400,0.0,0.0
2024-07-31 00:00:00-04:00,264.14442377101267,272.5726067561876,259.05260003787595,262.2046813964844,529100,0.0,0.0
2024-08-01 00:00:00-04:00,245.36771638898023,255.71624015570055,222.57574354443702,228.7829132080078,798900,0.0,0.0
2024-08-02 00:00:00-04:00,217.3481346965839,225.50473997323542,215.80602829197883,224.75794982910156,412600,0.0,0.0
2024-08-05 00:00:00-04:00,205.05016625143068,224.40880181336834,202.95524091865636,216.2909698486328,313700,0.0,0.0
2024-08-06 00:00:00-04:00,214.58403578686392,221.7125961156796,207.4748770287495,217.34817504882812,418700,0.0,0.0
2024-08-07 00:00:00-04:00,220.7136002087181,223.5262208216114,200.11353020841153,201.47134399414062,416900,0.0,0.0
2024-08-08 00:00:00-04:00,204.43914563870848,209.10423858532735,201.05430459061117,208.28953552246094,234300,0.0,0.0
2024-08-09 00:00:00-04:00,209.67646037456362,210.31657892834755,206.3788893635634,206.6504669189453,199800,0.0,0.0
2024-08-12 00:00:00-04:00,206.32070679562784,208.0567846199865,202.3636303211432,203.66326904296875,280800,0.0,0.0
2024-08-13 00:00:00-04:00,205.97157760642605,210.63665651684335,204.2549159410582,206.87356567382812,266100,0.0,0.0
2024-08-14 00:00:00-04:00,209.6667780757303,210.40388976165616,201.5198647821719,201.83023071289062,303000,0.0,0.0
2024-08-15 00:00:00-04:00,208.3477507339364,211.0827799858118,203.13953201544427,204.91439819335938,364300,0.0,0.0
2024-08-16 00:00:00-04:00,203.82814200318384,206.04914061651976,199.90985393200373,200.58877563476562,244200,0.0,0.0
2024-08-19 00:00:00-04:00,201.73321618200984,205.98125691231115,201.45196003641962,204.6622314453125,203700,0.0,0.0
2024-08-20 00:00:00-04:00,204.8949851298992,207.99858482044047,201.02520849921652,201.36465454101562,269200,0.0,0.0
2024-08-21 00:00:00-04:00,205.44780275580624,214.09905143897066,205.44780275580624,213.74020385742188,461800,0.0,0.0
2024-08-22 00:00:00-04:00,212.7024769800114,215.0301770291848,209.49220527626665,211.16038513183594,200000,0.0,0.0
2024-08-23 00:00:00-04:00,213.66263524256024,226.06728178088895,212.59577096836944,225.2913818359375,265100,0.0,0.0
2024-08-26 00:00:00-04:00,225.49505338135404,226.05758045169796,219.60792810995656,221.31491088867188,230500,0.0,0.0
2024-08-27 00:00:00-04:00,218.15311637813664,220.16075681475374,214.46761775088189,217.9009552001953,197200,0.0,0.0
2024-08-28 00:00:00-04:00,216.02914334776503,217.58092858178827,213.37169060080186,214.1669921875,205900,0.0,0.0
2024-08-29 00:00:00-04:00,216.35887414102663,217.20265736909667,212.80914191408445,213.45895385742188,125400,0.0,0.0
2024-08-30 00:00:00-04:00,216.27159595296823,218.20163027431494,209.97712619569853,215.61207580566406,158800,0.0,0.0
2024-09-03 00:00:00-04:00,213.32315083121705,215.4180760114914,200.1522991872592,202.58668518066406,213600,0.0,0.0
2024-09-04 00:00:00-04:00,201.85928280767394,204.90467756066909,196.90324074668843,202.96493530273438,189700,0.0,0.0
2024-09-05 00:00:00-04:00,204.03180704189035,204.03180704189035,198.05741147950795,199.02728271484375,185300,0.0,0.0
2024-09-06 00:00:00-04:00,200.4529620058926,203.7796277430397,197.97009423187944,198.30955505371094,254300,0.0,0.0
2024-09-09 00:00:00-04:00,198.71691395411602,200.44328354422612,196.69958003778345,198.34835815429688,311000,0.0,0.0
2024-09-10 00:00:00-04:00,198.92060707859602,201.18039415635033,195.26418817927947,200.55967712402344,197800,0.0,0.0
2024-09-11 00:00:00-04:00,198.34837451970992,200.65667295271902,192.97529402159364,199.7158966064453,260500,0.0,0.0
2024-09-12 00:00:00-04:00,201.48104503163768,207.01900120314997,200.77302841220612,204.4585418701172,157500,0.0,0.0
2024-09-13 00:00:00-04:00,213.82367591642247,218.51593150419868,208.13077797625365,216.8935546875,287500,0.35,0.0
2024-09-16 00:00:00-04:00,218.20508064594534,224.33514396639933,213.9499748354889,219.78860473632812,247200,0.0,0.0
2024-09-17 00:00:00-04:00,224.44199001752386,232.61217556897546,222.36301445509997,231.3492431640625,384400,0.0,0.0
2024-09-18 00:00:00-04:00,232.51500492136157,238.37305295886816,228.19190356700273,229.51312255859375,330200,0.0,0.0
2024-09-19 00:00:00-04:00,238.21765407447407,239.93717048501972,233.9625484121841,239.05313110351562,283200,0.0,0.0
2024-09-20 00:00:00-04:00,236.7700996219555,237.65415368668064,231.1646323662232,232.36927795410156,551700,0.0,0.0
2024-09-23 00:00:00-04:00,235.52662374346892,237.44044873773674,232.2041496722388,236.49810791015625,181200,0.0,0.0
2024-09-24 00:00:00-04:00,236.8283940699375,236.8283940699375,232.43728176213364,234.40939331054688,281300,0.0,0.0
2024-09-25 00:00:00-04:00,231.99044207883418,235.0797548813221,229.15370984505702,231.66014099121094,194800,0.0,0.0
2024-09-26 00:00:00-04:00,237.82902838065655,238.36334761888392,234.27339289391227,238.0718994140625,245900,0.0,0.0
2024-09-27 00:00:00-04:00,240.83091789029373,248.5445045102818,239.94687856864428,243.25962829589844,263700,0.0,0.0
2024-09-30 00:00:00-04:00,241.2972381573174,242.24928847462337,234.79800681565337,239.24740600585938,206400,0.0,0.0
2024-10-01 00:00:00-04:00,240.1897634082287,240.84065605548426,234.1957075616754,239.7428741455078,136300,0.0,0.0
2024-10-02 00:00:00-04:00,236.17750219460729,240.39373966753462,230.5428914009494,238.6450653076172,131900,0.0,0.0
2024-10-03 00:00:00-04:00,237.15871368235764,238.46051375176793,230.15432103387224,234.65228271484375,242200,0.0,0.0
2024-10-04 00:00:00-04:00,237.9844875759067,237.9844875759067,223.01391237569723,231.96128845214844,266100,0.0,0.0
2024-10-07 00:00:00-04:00,227.91990707164814,231.35895459183322,224.46142571697828,230.34861755371094,228600,0.0,0.0
2024-10-08 00:00:00-04:00,231.30067071015083,238.9754048205158,229.35770230099604,234.20541381835938,218100,0.0,0.0
2024-10-09 00:00:00-04:00,234.34142010316714,235.60435252894325,230.90235773107418,233.1173553466797,172400,0.0,0.0
2024-10-10 00:00:00-04:00,228.73594233167145,230.9800683677612,225.1608877409784,227.24957275390625,214200,0.0,0.0
2024-10-11 00:00:00-04:00,226.85125870778805,232.1069915210888,225.20946294488542,231.86412048339844,150700,0.0,0.0
2024-10-14 00:00:00-04:00,234.29282371347273,242.53100491000575,230.90233879421618,242.50186157226562,299600,0.0,0.0
2024-10-15 00:00:00-04:00,243.9105293678033,249.5451255029082,243.6385001716924,244.2699737548828,288900,0.0,0.0
2024-10-16 00:00:00-04:00,247.5536118134066,252.1875807903493,246.54325994066437,247.03871154785156,261300,0.0,0.0
2024-10-17 00:00:00-04:00,246.75698102506416,248.62222886657045,243.04590435255292,246.83470153808594,186700,0.0,0.0
2024-10-18 00:00:00-04:00,248.69024585527055,250.4680637212604,245.80493659351174,247.16500854492188,150600,0.0,0.0
2024-10-21 00:00:00-04:00,245.0277373502842,246.99984901988847,233.7293717646195,236.03179931640625,242200,0.0,0.0
2024-10-22 00:00:00-04:00,231.79612817554172,231.79612817554172,227.3370045830235,228.055908203125,164700,0.0,0.0
2024-10-23 00:00:00-04:00,225.49119375928336,228.18220909026033,220.1480307658111,220.60462951660156,494700,0.0,0.0
2024-10-24 00:00:00-04:00,223.0624921881077,227.85190227393002,220.76978883759546,224.04368591308594,199000,0.0,0.0
2024-10-25 00:00:00-04:00,226.49183998886292,229.8337482180815,223.69396057395,223.86883544921875,204100,0.0,0.0
2024-10-28 00:00:00-04:00,228.00733499718262,231.6212573471937,225.84092941770828,228.01705932617188,138700,0.0,0.0
2024-10-29 00:00:00-04:00,216.46609679148543,216.46609679148543,199.9314330668174,209.29653930664062,748200,0.0,0.0
2024-10-30 00:00:00-04:00,209.29654958113744,217.777602138352,208.38335209991442,211.11322021484375,269500,0.0,0.0
2024-10-31 00:00:00-04:00,209.39368575711538,213.14361514378493,208.0724667290745,210.71490478515625,191000,0.0,0.0
2024-11-01 00:00:00-04:00,213.79453157804716,215.49462890076126,210.66635131835938,210.66635131835938,223800,0.0,0.0
2024-11-04 00:00:00-05:00,214.97973461724374,221.17780862952083,212.7258989551165,214.76602172851562,377700,0.0,0.0
2024-11-05 00:00:00-05:00,213.18249684355237,228.39594308911128,213.18249684355237,225.9186553955078,387600,0.0,0.0
2024-11-06 00:00:00-05:00,225.6660378699446,226.239224762055,209.16053229305265,221.1972198486328,702800,0.0,0.0
2024-11-07 00:00:00-05:00,214.12484654076317,221.49840842131758,208.88854703989037,211.0743865966797,554700,0.0,0.0
2024-11-08 00:00:00-05:00,209.16054011824656,209.57827118670212,203.9145168226085,204.26425170898438,577000,0.0,0.0
2024-11-11 00:00:00-05:00,207.91704239469587,208.8593832081793,204.01167195240743,204.73057556152344,336200,0.0,0.0
2024-11-12 00:00:00-05:00,203.59394613678666,206.57639485256348,201.31095239083479,201.7286834716797,428000,0.0,0.0
2024-11-13 00:00:00-05:00,205.33290418564883,207.10099774786661,201.42753349242648,201.80641174316406,326600,0.0,0.0
2024-11-14 00:00:00-05:00,202.98191727135207,205.5272012089142,201.17495601164345,202.04928588867188,281900,0.0,0.0
2024-11-15 00:00:00-05:00,203.4967914140135,203.4967914140135,193.60707479978782,194.31626892089844,354600,0.0,0.0
2024-11-18 00:00:00-05:00,194.90887381003947,200.2326029120865,193.73337144168636,199.2708282470703,255400,0.0,0.0
2024-11-19 00:00:00-05:00,197.79418586415056,201.2915200336253,195.5306259357627,201.00979614257812,267300,0.0,0.0
2024-11-20 00:00:00-05:00,200.40744272947038,203.42875878692524,198.31875790373206,202.5835723876953,213900,0.0,0.0
2024-11-21 00:00:00-05:00,203.92424811220292,209.22854344234892,203.6619432325493,205.21632385253906,248800,0.0,0.0
2024-11-22 00:00:00-05:00,207.9558795249444,211.2395004546862,204.9928501200298,210.89947509765625,349100,0.0,0.0
2024-11-25 00:00:00-05:00,215.5820621156805,232.058425826247,215.5820621156805,229.037109375,477900,0.0,0.0
2024-11-26 00:00:00-05:00,226.9289717457042,226.9289717457042,215.90263589187222,218.98223876953125,334700,0.0,0.0
2024-11-27 00:00:00-05:00,222.18815865145442,223.21792953512912,217.57360868593943,219.0988311767578,172400,0.0,0.0
2024-11-29 00:00:00-05:00,222.8001820386598,222.89733638776616,220.02173664408417,222.21730041503906,111700,0.0,0.0
2024-12-02 00:00:00-05:00,220.73092234657778,222.97504838266764,216.70897852021199,217.7484588623047,275300,0.0,0.0
2024-12-03 00:00:00-05:00,216.7284051007062,218.70051682698474,213.7265225014356,216.92269897460938,150700,0.0,0.0
2024-12-04 00:00:00-05:00,216.9324347205984,217.64161406832093,213.9499709751838,216.49526977539062,175900,0.0,0.0
2024-12-05 00:00:00-05:00,216.84498083326068,216.84498083326068,206.92612126790928,207.35357666015625,177500,0.0,0.0
2024-12-06 00:00:00-05:00,213.25049305296628,213.25049305296628,207.1592977449523,208.25706481933594,173200,0.0,0.0
2024-12-09 00:00:00-05:00,210.3651986047159,212.04587707525764,207.8879255598302,211.87100219726562,178400,0.0,0.0
2024-12-10 00:00:00-05:00,207.8490360354368,209.11196842620637,200.18402649652415,202.9138946533203,269200,0.0,0.0
2024-12-11 00:00:00-05:00,206.28492433094843,206.3723543397645,202.4864180510082,202.5835723876953,260400,0.0,0.0
2024-12-12 00:00:00-05:00,202.8653430849412,204.2545584120478,199.68858551691733,199.90231323242188,271500,0.0,0.0
2024-12-13 00:00:00-05:00,196.73960240129662,197.2164460812327,191.12458357209766,193.16818237304688,387500,0.35,0.0
2024-12-16 00:00:00-05:00,191.07593690355603,194.76412888468704,188.60415438571837,189.95681762695312,268700,0.0,0.0
2024-12-17 00:00:00-05:00,189.16854591627614,190.4044369717997,185.52899962746432,186.9400634765625,263100,0.0,0.0
2024-12-18 00:00:00-05:00,188.8961121388379,189.26590990675996,176.22583147650417,177.64662170410156,411300,0.0,0.0
2024-12-19 00:00:00-05:00,175.1651064033029,178.91169934094557,170.7957047924057,172.2359619140625,435700,0.0,0.0
2024-12-20 00:00:00-05:00,171.14601649271205,176.2647390894781,171.14601649271205,173.2480010986328,666900,0.0,0.0
2024-12-23 00:00:00-05:00,172.17755510360024,174.05572195637237,169.18029867610252,173.42318725585938,242900,0.0,0.0
2024-12-24 00:00:00-05:00,172.04132339851643,175.43758555426103,170.202090361773,172.479248046875,85500,0.0,0.0
2024-12-26 00:00:00-05:00,170.60108085995373,173.14097551155393,169.4722354928136,171.8661651611328,164000,0.0,0.0
2024-12-27 00:00:00-05:00,171.1168259695406,172.91713977214988,168.304453739617,169.63766479492188,196700,0.0,0.0
2024-12-30 00:00:00-05:00,170.33833649731486,172.2651634545475,165.4629128062267,169.7933807373047,254600,0.0,0.0
2024-12-31 00:00:00-05:00,172.15809379111758,172.66411558487127,169.94906320859056,170.5426788330078,196900,0.0,0.0
2025-01-02 00:00:00-05:00,173.0144421793173,174.18222130327365,167.57459666096997,168.586669921875,254300,0.0,0.0
2025-01-03 00:00:00-05:00,169.48195916030215,171.8953406817447,168.28498702336978,170.8638153076172,215800,0.0,0.0
2025-01-06 00:00:00-05:00,172.3040525673057,175.58352745621323,170.2701948702829,170.50375366210938,177600,0.0,0.0
2025-01-07 00:00:00-05:00,170.48429784560196,171.42824427357382,165.93973852327892,169.16082763671875,250300,0.0,0.0
2025-01-08 00:00:00-05:00,167.8568387591331,172.46951051490552,164.48004348492432,171.41851806640625,241800,0.0,0.0
2025-01-10 00:00:00-05:00,165.42396954530145,169.59873097704528,164.82061302880646,167.37997436523438,241800,0.0,0.0
2025-01-13 00:00:00-05:00,166.42630815717,170.92220753647717,166.0662364736521,170.2896728515625,165100,0.0,0.0
2025-01-14 00:00:00-05:00,175.27214433412533,183.18377269695128,174.30873094729836,182.40525817871094,458400,0.0,0.0
2025-01-15 00:00:00-05:00,194.28727535092995,194.28727535092995,188.75985068412552,189.2366943359375,361500,0.0,0.0
2025-01-16 00:00:00-05:00,188.56524532883407,194.4235344355617,187.89377669709313,193.6936798095703,357500,0.0,0.0
2025-01-17 00:00:00-05:00,197.44026666451174,198.66641705227798,190.13199458338738,190.73533630371094,382200,0.0,0.0
2025-01-21 00:00:00-05:00,194.32620751044473,196.94395485002775,192.8762244711523,195.86376953125,369200,0.0,0.0
2025-01-22 00:00:00-05:00,195.2409991640468,200.76842486446358,194.94905431954726,199.2600555419922,421200,0.0,0.0
2025-01-23 00:00:00-05:00,199.49355624399675,201.99453136927244,197.6932426017361,199.79522705078125,354100,0.0,0.0
2025-01-24 00:00:00-05:00,199.99961857062172,200.34994935720567,196.92449442715494,199.43519592285156,278400,0.0,0.0
2025-01-27 00:00:00-05:00,199.9801435255291,208.34914817225163,196.73958759309798,198.49124145507812,522100,0.0,0.0
2025-01-28 00:00:00-05:00,197.8879177578199,197.8879177578199,192.43833076989685,192.57456970214844,214300,0.0,0.0
2025-01-29 00:00:00-05:00,192.37994157192279,196.39901227977367,190.3752766669384,191.9906768798828,166500,0.0,0.0
2025-01-30 00:00:00-05:00,194.67653328084978,201.28414304730697,192.808107478631,200.68080139160156,252600,0.0,0.0
2025-01-31 00:00:00-05:00,198.3160758551854,198.3160758551854,192.2631623241996,193.49903869628906,486700,0.0,0.0
2025-02-03 00:00:00-05:00,185.78205083589893,189.38266373174073,180.70226185918014,182.58041381835938,352100,0.0,0.0
2025-02-04 00:00:00-05:00,183.48542519835718,188.2538020162509,181.25692779834642,187.6115264892578,238800,0.0,0.0
2025-02-05 00:00:00-05:00,190.22931247576292,190.22931247576292,186.13240334167128,186.66763305664062,249100,0.0,0.0
2025-02-06 00:00:00-05:00,187.75751129167614,189.0031284898523,183.47568918013337,186.1810302734375,431900,0.0,0.0
2025-02-07 00:00:00-05:00,186.59948974993245,186.59948974993245,174.42552056218776,177.10165405273438,346700,0.0,0.0
2025-02-10 00:00:00-05:00,179.77776806711407,180.86767938262219,177.82174847897707,179.8069610595703,307700,0.0,0.0
2025-02-11 00:00:00-05:00,179.10630868468706,183.2421511149415,177.86069144654826,178.6392059326172,291600,0.0,0.0
2025-02-12 00:00:00-05:00,171.2919969796533,174.69798479283838,170.29939065925367,173.34532165527344,348600,0.0,0.0
2025-02-13 00:00:00-05:00,175.9338650413846,175.9338650413846,171.9926623628729,173.51075744628906,270900,0.0,0.0
2025-02-14 00:00:00-05:00,175.5835362764707,179.08684408521174,173.08257571909002,173.2869415283203,275200,0.0,0.0
2025-02-18 00:00:00-05:00,172.24567843772027,173.10204588443523,165.71590635437727,169.30679321289062,400900,0.0,0.0
2025-02-19 00:00:00-05:00,165.7354004701212,167.6816796415844,162.7478696633696,166.3192901611328,416900,0.0,0.0
2025-02-20 00:00:00-05:00,165.3947804101683,168.4893566018617,162.93272404552985,166.98098754882812,341900,0.0,0.0
2025-02-21 00:00:00-05:00,169.71551594604932,172.2554105315287,158.7579709680855,161.05458068847656,375500,0.0,0.0
2025-02-24 00:00:00-05:00,160.811298158128,162.98139502852217,157.84321979117232,160.87942504882812,281200,0.0,0.0
2025-02-25 00:00:00-05:00,161.23948302374237,167.79843362403588,160.95726425877973,166.39712524414062,435400,0.0,0.0
2025-02-26 00:00:00-05:00,166.436027973051,171.17521203045604,163.49714287010096,167.37997436523438,1167600,0.0,0.0
2025-02-27 00:00:00-05:00,167.34105442096777,171.12656601753247,161.2102733534217,165.49208068847656,820700,0.0,0.0
2025-02-28 00:00:00-05:00,166.0273079766652,168.92725913225564,164.5578728782967,166.79608154296875,1023300,0.0,0.0
2025-03-03 00:00:00-05:00,166.31925445898094,168.49907715978193,157.29824827800053,157.8626708984375,479800,0.0,0.0
2025-03-04 00:00:00-05:00,156.55868732963185,165.85215766468235,155.46876099362643,161.7065887451172,543700,0.0,0.0
2025-03-05 00:00:00-05:00,163.0689970361924,168.3239445220961,161.79417178765104,167.8081817626953,500600,0.0,0.0
2025-03-06 00:00:00-05:00,167.50650645335995,171.2628255076005,165.62833950177452,169.287353515625,283200,0.0,0.0
2025-03-07 00:00:00-05:00,168.96619762848115,175.34024877613766,165.97865256324354,172.2845916748047,416200,0.0,0.0
2025-03-10 00:00:00-04:00,171.60340082180105,179.01873325897213,170.84435326626112,174.14329528808594,378300,0.0,0.0
2025-03-11 00:00:00-04:00,175.17482369318688,175.17482369318688,163.82802920873579,166.58200073242188,439000,0.0,0.0
2025-03-12 00:00:00-04:00,169.46249470880434,169.63766752244038,163.9058621951518,166.73770141601562,402200,0.0,0.0
2025-03-13 00:00:00-04:00,165.70619919907946,167.50651328239118,163.22469040954442,164.10052490234375,456500,0.0,0.0
2025-03-14 00:00:00-04:00,165.9034882309409,169.3813616976494,163.90346519031723,168.68185424804688,433900,2.07,0.0
2025-03-17 00:00:00-04:00,168.40596125029418,169.03652514605722,164.49459793950032,168.465087890625,325300,0.0,0.0
2025-03-18 00:00:00-04:00,169.26311855689096,170.29761674011414,167.36161008167576,169.0266571044922,269800,0.0,0.0
2025-03-19 00:00:00-04:00,169.18430190713354,172.54395183127522,167.28279338882277,171.0956573486328,296200,0.0,0.0
2025-03-20 00:00:00-04:00,169.51926735222042,175.92328486601932,169.51926735222042,172.30747985839844,392300,0.0,0.0
2025-03-21 00:00:00-04:00,167.75572862753552,171.05625215458855,165.65717625700378,169.69664001464844,1131100,0.0,0.0
2025-03-24 00:00:00-04:00,171.66708547639033,177.11542537079612,171.66708547639033,176.9774932861328,303200,0.0,0.0
2025-03-25 00:00:00-04:00,173.58829930159862,177.55878925331032,173.20405882348044,175.5489044189453,324700,0.0,0.0
2025-03-26 00:00:00-04:00,175.60802785065158,178.00213808591994,172.23853101945699,173.8148956298828,184500,0.0,0.0
2025-03-27 00:00:00-04:00,173.32229827098868,175.09572181051058,169.56856054852605,169.7458953857422,334900,0.0,0.0
2025-03-28 00:00:00-04:00,170.43554900605872,170.43554900605872,165.1940995567996,168.1103973388672,295000,0.0,0.0
2025-03-31 00:00:00-04:00,166.0906840096226,170.24837105230307,162.79014539812746,168.92816162109375,353000,0.0,0.0
2025-04-01 00:00:00-04:00,168.5044975635765,170.63260569909082,165.2630857082052,170.130126953125,199000,0.0,0.0
2025-04-02 00:00:00-04:00,167.19412433143037,174.36662311120145,167.19412433143037,173.4503631591797,219600,0.0,0.0
2025-04-03 00:00:00-04:00,165.7458226853935,165.7458226853935,158.3762805286422,161.3713836669922,373300,0.0,0.0
2025-04-04 00:00:00-04:00,155.59791241252384,177.47010715160664,155.59791241252384,170.6916961669922,784300,0.0,0.0
2025-04-07 00:00:00-04:00,164.6817593683595,181.342060030567,160.5536439860066,162.3369140625,747400,0.0,0.0
2025-04-08 00:00:00-04:00,165.4502621297185,168.0315842424683,151.73581297623295,155.33192443847656,604000,0.0,0.0
2025-04-09 00:00:00-04:00,153.666873484077,174.93806159596082,151.57818323011765,171.06610107421875,673100,0.0,0.0
2025-04-10 00:00:00-04:00,167.1251695925611,169.49957098988028,160.17927015415057,167.85423278808594,445000,0.0,0.0
2025-04-11 00:00:00-04:00,163.56847564691586,167.48970090580949,158.64230797321557,165.9921417236328,604600,0.0,0.0
2025-04-14 00:00:00-04:00,168.42566228341244,168.42566228341244,163.91329109051807,165.8542022705078,492900,0.0,0.0
2025-04-15 00:00:00-04:00,165.12514406698807,168.5241967063854,160.5240902963031,161.5388946533203,440400,0.0,0.0
2025-04-16 00:00:00-04:00,159.95266416309207,162.80983528942772,151.1348123430308,153.63731384277344,431200,0.0,0.0
2025-04-17 00:00:00-04:00,154.4255006144118,156.61272013627556,153.8343545147573,155.90335083007812,357900,0.0,0.0
2025-04-21 00:00:00-04:00,154.42550082595255,154.7506296778609,149.03627249609588,151.932861328125,289200,0.0,0.0
2025-04-22 00:00:00-04:00,153.49939019340746,161.34184083760493,153.49939019340746,160.00192260742188,361300,0.0,0.0
2025-04-23 00:00:00-04:00,173.07597580311062,173.07597580311062,161.78520774677222,161.83445739746094,191100,0.0,0.0
2025-04-24 00:00:00-04:00,163.07584781462887,168.474923009298,160.28763529648202,167.75570678710938,270600,0.0,0.0
2025-04-25 00:00:00-04:00,166.10052396236168,166.37638815929077,163.62759311365036,166.04141235351562,260500,0.0,0.0
2025-04-28 00:00:00-04:00,165.8246637749888,168.52420923417864,162.48472249318723,165.36160278320312,177700,0.0,0.0
2025-04-29 00:00:00-04:00,164.8295753099554,166.0315614391721,161.3713959408685,165.80494689941406,195100,0.0,0.0
2025-04-30 00:00:00-04:00,163.58817725446087,164.54385503117564,158.74082983758848,163.38128662109375,244300,0.0,0.0
2025-05-01 00:00:00-04:00,164.1005096435547,168.3468641482064,160.7113035791679,164.1005096435547,324000,0.0,0.0
2025-05-02 00:00:00-04:00,164.96749463870108,169.0660694823449,164.3369458191766,168.39610290527344,275500,0.0,0.0
2025-05-05 00:00:00-04:00,166.07097193171327,170.52423197879028,165.95274871133466,167.80499267578125,309900,0.0,0.0
2025-05-06 00:00:00-04:00,167.83455281990877,175.94302128572102,162.07093014189925,163.12513732910156,430900,0.0,0.0
2025-05-07 00:00:00-04:00,167.60792611026034,167.60792611026034,158.79008887628504,161.80490112304688,632200,0.0,0.0
2025-05-08 00:00:00-04:00,155.73589372433122,163.79509794394218,151.2333686279406,160.26795959472656,679100,0.0,0.0
2025-05-09 00:00:00-04:00,160.89849610654295,163.27291268018558,156.68169751967366,158.5832061767578,391000,0.0,0.0
2025-05-12 00:00:00-04:00,167.33206871678064,171.24344725771502,160.89849459985737,164.66209411621094,524400,0.0,0.0
2025-05-13 00:00:00-04:00,166.56358260263457,171.89369974960778,165.77539275099542,168.67198181152344,511500,0.0,0.0
2025-05-14 00:00:00-04:00,166.3862441764058,169.12519220061486,159.2038832885959,160.77040100097656,504000,0.0,0.0
2025-05-15 00:00:00-04:00,160.77041598555465,160.77041598555465,157.0265402309488,160.13002014160156,423100,0.0,0.0
2025-05-16 00:00:00-04:00,160.2285357351418,165.1152856843818,159.83443329828646,163.91329956054688,245300,0.0,0.0
2025-05-19 00:00:00-04:00,159.12506314440475,161.3221447559527,157.25312543754498,159.24330139160156,263200,0.0,0.0
2025-05-20 00:00:00-04:00,162.1595921495348,162.37634474091575,157.99205829429468,158.79994201660156,229500,0.0,0.0
2025-05-21 00:00:00-04:00,157.20386875097614,158.65216332667848,151.59788723506966,151.71612548828125,336700,0.0,0.0
2025-05-22 00:00:00-04:00,150.06092743407078,153.8245270077408,148.60278591327182,153.08560180664062,369500,0.0,0.0
2025-05-23 00:00:00-04:00,149.9328356746431,154.9378239544436,149.9328356746431,154.22845458984375,380800,0.0,0.0
2025-05-27 00:00:00-04:00,156.91815802235882,161.1546654642628,154.55358838727517,160.38616943359375,719000,0.0,0.0
2025-05-28 00:00:00-04:00,159.40090631021488,159.40090631021488,152.3663403852907,152.5042724609375,684900,0.0,0.0
2025-05-29 00:00:00-04:00,154.5929966271777,157.85411720246972,152.5240002031069,157.6275177001953,499800,0.0,0.0
2025-05-30 00:00:00-04:00,157.2038662661052,157.92308256394162,156.12996528118333,157.1250457763672,404100,0.0,0.0
2025-06-02 00:00:00-04:00,155.31222706286488,156.89845379043675,151.7358242159888,156.6521453857422,450800,0.0,0.0
2025-06-03 00:00:00-04:00,157.0363676775233,162.08075840974382,156.1299546574193,161.69651794433594,240000,0.0,0.0
2025-06-04 00:00:00-04:00,162.31721920812333,166.69165835571874,162.09061971237895,163.80491638183594,300600,0.0,0.0
2025-06-05 00:00:00-04:00,164.2384276490985,169.16459533523505,161.98224946357507,167.24339294433594,591900,0.0,0.0
2025-06-06 00:00:00-04:00,168.66214759022657,169.8542718642428,162.25812899275206,162.6325225830078,493800,0.0,0.0
2025-06-09 00:00:00-04:00,165.14484028241753,166.55373205450059,162.63250679560693,165.9921417236328,468600,0.0,0.0
2025-06-10 00:00:00-04:00,168.44538812981918,172.50454571098888,166.43550318694008,172.41587829589844,570300,0.0,0.0
2025-06-11 00:00:00-04:00,174.6228096769341,176.0415334409496,168.13997074775986,168.25819396972656,426800,0.0,0.0
2025-06-12 00:00:00-04:00,166.91827426840746,169.4109140671654,163.22364827813718,168.16952514648438,248500,0.0,0.0
2025-06-13 00:00:00-04:00,165.06916477972194,167.8535664669755,161.59361942754902,162.97593688964844,259900,0.37,0.0
2025-06-16 00:00:00-04:00,165.8393246798769,167.35987383667046,161.89969744717152,164.8321990966797,681600,0.0,0.0
2025-06-17 00:00:00-04:00,161.9293285523023,167.3500169867932,160.61611938476562,160.61611938476562,424000,0.0,0.0
2025-06-18 00:00:00-04:00,160.6161138893805,165.32589171013586,160.50750215544676,161.57386779785156,570700,0.0,0.0
2025-06-20 00:00:00-04:00,164.2891353558029,171.61544756200095,164.2891353558029,168.1991424560547,685500,0.0,0.0
2025-06-23 00:00:00-04:00,166.97480475163573,178.033389678027,166.97480475163573,177.32247924804688,505900,0.0,0.0
2025-06-24 00:00:00-04:00,177.3817070400685,182.1606079489517,176.9373918185049,179.70204162597656,465100,0.0,0.0
2025-06-25 00:00:00-04:00,177.97413838704426,180.09698616104822,173.15574912577867,174.02464294433594,398000,0.0,0.0
2025-06-26 00:00:00-04:00,174.69606687522315,176.98678168582862,172.45473884179515,174.56771850585938,343400,0.0,0.0
2025-06-27 00:00:00-04:00,175.061395268365,178.78379908531272,174.69605668084495,176.30548095703125,302600,0.0,0.0
2025-06-30 00:00:00-04:00,177.23360488369235,178.72453396336425,174.97252541148748,178.0432586669922,333800,0.0,0.0
2025-07-01 00:00:00-04:00,175.3477193898008,194.67063297449633,175.3477193898008,192.21206665039062,731300,0.0,0.0
2025-07-02 00:00:00-04:00,191.4320600262898,194.6607618902541,190.06947919840704,193.03160095214844,546800,0.0,0.0
2025-07-03 00:00:00-04:00,192.53790995056067,194.36455768680005,189.54616824738852,192.1232147216797,223700,0.0,0.0
2025-07-07 00:00:00-04:00,191.55052758703405,193.0315883673462,185.9126162542157,189.29931640625,515800,0.0,0.0
2025-07-08 00:00:00-04:00,190.90873083020477,193.29817362545052,186.8802439061622,190.24717712402344,358500,0.0,0.0
2025-07-09 00:00:00-04:00,191.2247167221418,198.22519461800806,190.9482532132875,198.16595458984375,415100,0.0,0.0
2025-07-10 00:00:00-04:00,197.72162469607227,204.89983721191928,196.6947624628279,199.7852325439453,328300,0.0,0.0
2025-07-11 00:00:00-04:00,197.0600850538777,199.25205632032652,195.14457727453686,198.0573272705078,265700,0.0,0.0
2025-07-14 00:00:00-04:00,195.43088581623897,198.73859401876635,193.25866650487737,196.24053955078125,282100,0.0,0.0
2025-07-15 00:00:00-04:00,198.20544248948357,198.20544248948357,187.91700823971095,188.24282836914062,327100,0.0,0.0
2025-07-16 00:00:00-04:00,189.09196087670776,191.59989889654685,185.3695723041708,188.68714904785156,423200,0.0,0.0
2025-07-17 00:00:00-04:00,187.12710260989454,190.3064477198928,187.12710260989454,189.34869384765625,335100,0.0,0.0
2025-07-18 00:00:00-04:00,190.43479705329312,190.5137887723085,180.57094154952927,181.76565551757812,457100,0.0,0.0
2025-07-21 00:00:00-04:00,183.63179220345236,188.84512514757586,182.41732653488938,183.38494873046875,687100,0.0,0.0
2025-07-22 00:00:00-04:00,188.09472721870813,199.75561052179108,186.54454296999265,198.6300048828125,793200,0.0,0.0
2025-07-23 00:00:00-04:00,201.42428354116586,205.9464579893885,198.1659465294797,205.373779296875,562400,0.0,0.0
2025-07-24 00:00:00-04:00,201.51313168878755,205.37376717805384,195.95422698561904,197.5438995361328,505300,0.0,0.0
2025-07-25 00:00:00-04:00,199.57786986009427,201.94756093992814,195.51976296293563,201.88832092285156,269100,0.0,0.0
2025-07-28 00:00:00-04:00,201.91796598523584,204.1494256133929,197.75124685105692,203.3496551513672,298200,0.0,0.0
2025-07-29 00:00:00-04:00,204.3567782733462,205.31453216625326,202.1154352910259,203.88284301757812,286300,0.0,0.0
2025-07-30 00:00:00-04:00,204.228417128024,206.10443660772054,197.47478315982912,200.43690490722656,746800,0.0,0.0
2025-07-31 00:00:00-04:00,196.25042651934422,200.95033581979462,194.3546704819847,199.73585510253906,785400,0.0,0.0
2025-08-01 00:00:00-04:00,199.2816959473194,204.3765493960167,197.17858450911876,203.89273071289062,343000,0.0,0.0
2025-08-04 00:00:00-04:00,203.72485639382495,211.09065717120956,203.34964949471717,210.31063842773438,349500,0.0,0.0
2025-08-05 00:00:00-04:00,212.20639506144656,215.41536021045778,209.4516285318541,212.8284454345703,906100,0.0,0.0
2025-08-06 00:00:00-04:00,213.87506809587885,215.0204254733131,208.50375149314064,209.1455535888672,696900,0.0,0.0
2025-08-07 00:00:00-04:00,228.01426290208852,259.8768400926764,228.01426290208852,251.9877166748047,1764800,0.0,0.0
2025-08-08 00:00:00-04:00,252.96520766979074,258.66234428005924,248.1270664735055,254.61410522460938,1508100,0.0,0.0
2025-08-11 00:00:00-04:00,255.2361460585001,256.6678502266256,246.15230944411212,249.05519104003906,577200,0.0,0.0
2025-08-12 00:00:00-04:00,249.91420832951343,261.2196364666673,247.59387363900964,259.8570556640625,681400,0.0,0.0
2025-08-13 00:00:00-04:00,264.25087160215753,272.2782259242325,261.0320231685704,269.1087341308594,635400,0.0,0.0
2025-08-14 00:00:00-04:00,262.54272289743386,264.90256106204026,259.6793445166681,263.4017333984375,538700,0.0,0.0
2025-08-15 00:00:00-04:00,267.1636269918434,268.1411476807889,259.4127656812772,263.836181640625,489700,0.0,0.0
2025-08-18 00:00:00-04:00,264.9321615641537,270.66880128487634,261.97003998172517,261.9897766113281,345800,0.0,0.0
2025-08-19 00:00:00-04:00,263.4708356327757,267.5783144820239,261.51582455389166,266.4428405761719,515000,0.0,0.0
2025-08-20 00:00:00-04:00,264.7939013611123,266.5810455481641,258.84003848699734,259.9458923339844,452500,0.0,0.0
2025-08-21 00:00:00-04:00,258.80051996842803,261.673781205896,255.77915869444226,260.8443908691406,444800,0.0,0.0
2025-08-22 00:00:00-04:00,262.6414556532341,275.22058941325,261.0024113742638,269.6320495605469,699700,0.0,0.0
2025-08-25 00:00:00-04:00,267.64743456790603,271.8042700054642,264.7247863005214,269.9578857421875,577400,0.0,0.0
2025-08-26 00:00:00-04:00,269.7209454529164,273.84816118333634,268.1115211512942,273.38409423828125,492700,0.0,0.0
2025-08-27 00:00:00-04:00,271.8536346018892,274.4800527142112,265.5443312359568,265.6628112792969,578500,0.0,0.0
2025-08-28 00:00:00-04:00,267.28215467666377,267.28215467666377,256.5197539376837,260.064453125,792600,0.0,0.0
2025-08-29 00:00:00-04:00,260.72595968803813,260.72595968803813,255.88783341772742,258.5142517089844,245000,0.0,0.0
2025-09-02 00:00:00-04:00,252.7676920587569,257.6848244159499,248.35412998040943,256.0556335449219,382900,0.0,0.0
2025-09-03 00:00:00-04:00,256.3025204258337,262.4637544537499,254.78198621585625,261.4072570800781,538000,0.0,0.0
2025-09-04 00:00:00-04:00,264.4187267355036,269.5827032435484,262.68096910644334,266.4922180175781,367300,0.0,0.0
2025-09-05 00:00:00-04:00,270.5404293056024,276.4153156445214,268.22009477963195,270.6687927246094,254800,0.0,0.0
2025-09-08 00:00:00-04:00,270.3231861240674,276.4152954660576,269.6122758133745,275.94134521484375,341300,0.0,0.0
2025-09-09 00:00:00-04:00,274.3418330688269,276.46468084169527,260.2223687893421,262.7796936035156,539900,0.0,0.0
2025-09-10 00:00:00-04:00,264.02378156873664,264.02378156873664,260.6568328679753,262.5328674316406,338300,0.0,0.0
2025-09-11 00:00:00-04:00,264.91240520820014,271.3007155438645,262.79944073184396,268.7730407714844,400700,0.0,0.0
2025-09-12 00:00:00-04:00,265.32710444857463,268.05226594022565,260.76544204368673,264.5766906738281,360000,0.0,0.0
2025-09-15 00:00:00-04:00,263.82525415153384,264.68548255823964,256.0537789150289,257.7049865722656,479700,0.37,0.0
2025-09-16 00:00:00-04:00,259.4550685422597,261.679731840431,254.0763246429892,260.4537048339844,748300,0.0,0.0
2025-09-17 00:00:00-04:00,260.67121212975627,270.7464366228763,252.26691400534366,255.7670440673828,507600,0.0,0.0
2025-09-18 00:00:00-04:00,256.17241701994163,261.82800603833647,253.6313502195644,260.7403869628906,265300,0.0,0.0
2025-09-19 00:00:00-04:00,258.4168593449103,260.05817001565555,251.23863336794633,256.70635986328125,739200,0.0,0.0
2025-09-22 00:00:00-04:00,256.08343661027305,256.08343661027305,249.48854837364087,253.76979064941406,261400,0.0,0.0
2025-09-23 00:00:00-04:00,256.2515337955376,258.1597930761623,251.53522883050235,254.31358337402344,228100,0.0,0.0
2025-09-24 00:00:00-04:00,253.1172243280908,257.02275606991043,251.7132165348314,251.9307403564453,219200,0.0,0.0
2025-09-25 00:00:00-04:00,248.7074295188584,253.02822969612305,245.8994140625,245.8994140625,339000,0.0,0.0
2025-09-26 00:00:00-04:00,246.4827700860511,249.2215816894623,244.66349371505405,246.37400817871094,287600,0.0,0.0
2025-09-29 00:00:00-04:00,246.11694541385043,247.50118926481437,243.19028600225712,246.64097595214844,325300,0.0,0.0
2025-09-30 00:00:00-04:00,247.708816166386,249.51821060761702,240.43169547402474,243.8824005126953,329300,0.0,0.0
2025-10-01 00:00:00-04:00,244.09992879149408,247.63961679680125,239.7692464403315,242.4586181640625,332400,0.0,0.0
2025-10-02 00:00:00-04:00,241.57862666839029,244.11967831600768,236.58549118452777,241.34132385253906,352100,0.0,0.0
2025-10-03 00:00:00-04:00,244.02082785683623,247.96588745202874,238.10817190071617,239.7000274658203,465800,0.0,0.0
2025-10-06 00:00:00-04:00,242.25096395409918,242.25096395409918,232.75907754854012,236.84255981445312,239600,0.0,0.0
2025-10-07 00:00:00-04:00,236.69426791266363,236.69426791266363,228.97221745423093,232.49212646484375,503600,0.0,0.0
2025-10-08 00:00:00-04:00,235.71539102191846,242.96285030058212,232.4822250876537,240.4217987060547,470100,0.0,0.0
2025-10-09 00:00:00-04:00,237.15895924694365,240.89639180831952,236.22954208640743,237.77197265625,500300,0.0,0.0
2025-10-10 00:00:00-04:00,239.31440890003248,242.57725099888395,234.82553995350023,236.5063934326172,360800,0.0,0.0
2025-10-13 00:00:00-04:00,235.64620370671074,239.4132974587214,233.1941348361801,237.61380004882812,195400,0.0,0.0
2025-10-14 00:00:00-04:00,238.9288101888852,254.55090690418118,235.30013930931085,253.54237365722656,480500,0.0,0.0
2025-10-15 00:00:00-04:00,253.53250676649168,257.8730559556273,252.06916195814478,253.2556610107422,267600,0.0,0.0
2025-10-16 00:00:00-04:00,253.64125630855708,257.07218241154504,248.8458653326337,252.37567138671875,369500,0.0,0.0
2025-10-17 00:00:00-04:00,249.70608590396594,254.40258197800586,247.75826848918257,254.10597229003906,168200,0.0,0.0
2025-10-20 00:00:00-04:00,256.3800564030082,261.9071349528294,255.52975519468194,257.3786926269531,341400,0.0,0.0
2025-10-21 00:00:00-04:00,252.47454487719313,268.9864703744375,251.11008003917334,263.60772705078125,462100,0.0,0.0
2025-10-22 00:00:00-04:00,260.9381512292355,264.616262053498,256.69645185090206,259.81097412109375,391200,0.0,0.0
2025-10-23 00:00:00-04:00,259.41547102264013,264.4086215470297,257.70497170292833,264.2899475097656,254500,0.0,0.0
2025-10-24 00:00:00-04:00,269.1644669672092,274.0587076062621,263.9933504019663,265.1699523925781,405000,0.0,0.0
2025-10-27 00:00:00-04:00,265.61490631509963,269.30288412458845,264.52728718838944,268.41302490234375,344700,0.0,0.0
2025-10-28 00:00:00-04:00,262.2037464938436,270.91453628681586,261.4028701690995,266.4652099609375,219800,0.0,0.0
2025-10-29 00:00:00-04:00,264.52728902318586,268.9568212442565,255.90548215498367,259.8011169433594,353300,0.0,0.0
2025-10-30 00:00:00-04:00,257.28969490488254,263.22212962238143,250.27953816790887,251.15951538085938,355500,0.0,0.0
2025-10-31 00:00:00-04:00,249.5874244470069,251.64400375580868,241.92469578722873,245.43472290039062,422400,0.0,0.0
2025-11-03 00:00:00-05:00,245.51382021881918,245.78078401834017,236.6448286811642,237.38638305664062,544400,0.0,0.0
2025-11-04 00:00:00-05:00,234.8749977942608,239.136461292737,228.3394311395295,235.33970642089844,650100,0.0,0.0
2025-11-05 00:00:00-05:00,251.1496157332418,266.95955952296345,239.48250631254817,243.06173706054688,859400,0.0,0.0
2025-11-06 00:00:00-05:00,245.60279443032002,250.66514904686687,243.42757135663658,249.08316040039062,364800,0.0,0.0
2025-11-07 00:00:00-05:00,248.13399240241063,255.00572671790312,246.22571793093564,254.857421875,340700,0.0,0.0
2025-11-10 00:00:00-05:00,254.90682946268856,258.09057062791965,251.13973583901716,254.62008666992188,260800,0.0,0.0
2025-11-11 00:00:00-05:00,254.40256475230834,258.8321268942135,252.4152045426819,256.6272277832031,194600,0.0,0.0
2025-11-12 00:00:00-05:00,255.6879253205935,262.9156053891982,255.6879253205935,262.1641540527344,270400,0.0,0.0
2025-11-13 00:00:00-05:00,258.98043883718753,262.72776867190225,251.6934361149001,254.24440002441406,289400,0.0,0.0
2025-11-14 00:00:00-05:00,253.94776182075773,253.94776182075773,246.07740656864925,247.6890411376953,227300,0.0,0.0
2025-11-17 00:00:00-05:00,244.5942909610507,247.61983028683954,239.98676299148224,242.0037841796875,259000,0.0,0.0
2025-11-18 00:00:00-05:00,240.51079420815495,246.72995671920023,231.55282007314435,244.8414764404297,211400,0.0,0.0
2025-11-19 00:00:00-05:00,247.18477111567708,248.32181502802473,242.1619747561712,242.76510620117188,262400,0.0,0.0
2025-11-20 00:00:00-05:00,244.3174376179032,249.4984208456779,239.57148692103314,240.76785278320312,220300,0.0,0.0
2025-11-21 00:00:00-05:00,243.9417250136757,260.3548009868179,242.48827725193647,255.8065948486328,593500,0.0,0.0
2025-11-24 00:00:00-05:00,254.3728877772224,260.4338630589006,249.58739433501995,257.2501220703125,297500,0.0,0.0
2025-11-25 00:00:00-05:00,261.02714101173717,270.2817251641239,258.0905844683981,267.2660827636719,635600,0.0,0.0
2025-11-26 00:00:00-05:00,265.1699256446774,270.51900747382723,264.4086074462214,267.9087219238281,388800,0.0,0.0
2025-11-28 00:00:00-05:00,268.91729041204314,269.91589645581894,263.9142726240301,265.0018615722656,110200,0.0,0.0
2025-12-01 00:00:00-05:00,261.5214847408088,267.2363953743127,254.6596331620511,263.08367919921875,323000,0.0,0.0
2025-12-02 00:00:00-05:00,262.85631864953325,263.4989930856889,257.73465690747094,260.24603271484375,172000,0.0,0.0
2025-12-03 00:00:00-05:00,260.0383977193065,269.83680636450566,259.93951776903896,267.2067565917969,428200,0.0,0.0
2025-12-04 00:00:00-05:00,266.08947255111286,267.73078314452033,261.4819445374586,265.1699523925781,254800,0.0,0.0
2025-12-05 00:00:00-05:00,264.6656857754805,268.53165943407305,259.90985292559867,265.1699523925781,175200,0.0,0.0
2025-12-08 00:00:00-05:00,265.8126051473221,270.91450231544707,262.0158507795382,264.5865783691406,348200,0.0,0.0
2025-12-09 00:00:00-05:00,267.15735126360084,267.15735126360084,259.9296699265588,262.9453125,276200,0.0,0.0
2025-12-10 00:00:00-05:00,264.4481573638425,283.382505532715,263.58795915474167,280.3866271972656,461800,0.0,0.0
2025-12-11 00:00:00-05:00,282.7793736788124,290.2245776599725,280.3866118557738,281.8697204589844,350000,0.0,0.0
2025-12-12 00:00:00-05:00,283.3924171917352,284.7667791269225,268.24492580604056,269.4017639160156,315500,0.0,0.0
2025-12-15 00:00:00-05:00,271.1838939438025,275.99571598612187,264.58005320476843,265.61962890625,355100,0.37,0.0
2025-12-16 00:00:00-05:00,264.53055243248224,267.2631930793655,259.1741960561417,262.2335510253906,333400,0.0,0.0
2025-12-17 00:00:00-05:00,260.17417086980987,263.2830479208461,254.20396788618336,256.37225341796875,287000,0.0,0.0
2025-12-18 00:00:00-05:00,261.3820779671646,267.6097124516453,261.09494525466494,262.490966796875,260000,0.0,0.0
2025-12-19 00:00:00-05:00,259.92666506629024,265.49093046564155,258.75837358552764,264.5305480957031,511400,0.0,0.0
2025-12-22 00:00:00-05:00,265.0750994790021,265.8374529919493,259.02567282577036,263.2830505371094,198000,0.0,0.0
2025-12-23 00:00:00-05:00,263.025637224444,263.95631831205657,258.42175409995156,261.7979431152344,143900,0.0,0.0
2025-12-24 00:00:00-05:00,259.896966438931,264.66917703618003,259.896966438931,263.1840515136719,81800,0.0,0.0
2025-12-26 00:00:00-05:00,261.90684767000636,265.0256053739154,260.7187351090136,264.5503845214844,95500,0.0,0.0
2025-12-29 00:00:00-05:00,265.9463310998639,265.9463310998639,261.92659425512517,263.8572692871094,137700,0.0,0.0
2025-12-30 00:00:00-05:00,263.59987993390126,265.34243694982075,259.6098437510526,261.8474426269531,243800,0.0,0.0
2025-12-31 00:00:00-05:00,261.1642615293928,261.7286164561683,255.5306831967397,256.81781005859375,169000,0.0,0.0
2026-01-02 00:00:00-05:00,255.57029528709813,265.8869499140724,253.07528027971853,264.7978820800781,152500,0.0,0.0
2026-01-05 00:00:00-05:00,262.47117459980035,276.8471779338271,262.47117459980035,271.46112060546875,329500,0.0,0.0
2026-01-06 00:00:00-05:00,268.570090515248,274.83730649058685,262.3721574294501,273.0452575683594,212200,0.0,0.0
2026-01-07 00:00:00-05:00,275.25316561089113,276.44124786366876,255.28316506638365,255.3326873779297,241600,0.0,0.0
2026-01-08 00:00:00-05:00,253.76832465269297,272.1442738191928,249.50106676139086,271.17401123046875,382300,0.0,0.0
2026-01-09 00:00:00-05:00,275.7481970689363,293.76770071901217,273.3323906330104,293.490478515625,513200,0.0,0.0
2026-01-12 00:00:00-05:00,290.56975327042625,301.3022561443611,290.56975327042625,299.96563720703125,484200,0.0,0.0
2026-01-13 00:00:00-05:00,288.04503543033087,309.2526409781914,288.04503543033087,308.59918212890625,384400,0.0,0.0
2026-01-14 00:00:00-05:00,309.3219184891005,310.4902098359677,300.6388663477542,302.91607666015625,491600,0.0,0.0
2026-01-15 00:00:00-05:00,302.5398624289827,312.85651694542605,302.5398624289827,311.28228759765625,209600,0.0,0.0
2026-01-16 00:00:00-05:00,309.6486491759663,314.7079619223142,303.8071619171563,306.62890625,307500,0.0,0.0
2026-01-20 00:00:00-05:00,298.32211522901326,303.7675755424916,287.89653514653395,297.2528381347656,207200,0.0,0.0
2026-01-21 00:00:00-05:00,299.1537779265502,308.9853016192518,296.1043334861443,303.2032165527344,219600,0.0,0.0
2026-01-22 00:00:00-05:00,299.8666202032719,310.4407059797222,296.68846025334614,301.43096923828125,189400,0.0,0.0
2026-01-23 00:00:00-05:00,300.4012638582068,301.9557023367323,292.7083252876289,294.312255859375,218100,0.0,0.0
2026-01-26 00:00:00-05:00,295.87659274764195,297.71816403850636,289.89647907364264,292.7479248046875,328800,0.0,0.0
2026-01-27 00:00:00-05:00,292.89644471378864,297.0745990941251,287.2331647984741,289.7083740234375,232400,0.0,0.0
2026-01-28 00:00:00-05:00,290.42122537279937,297.99538950932725,286.07477383693765,291.04498291015625,192700,0.0,0.0
2026-01-29 00:00:00-05:00,292.7182216529377,297.2132098315067,286.70840671619965,289.7677917480469,221600,0.0,0.0
2026-01-30 00:00:00-05:00,284.9658808270155,287.64899903415284,279.500599790687,285.28271484375,272100,0.0,0.0
2026-02-02 00:00:00-05:00,286.1539499630733,287.99552116292347,282.44113647905243,284.0747985839844,232500,0.0,0.0
2026-02-03 00:00:00-05:00,284.48072863040034,309.76747411339807,282.57978489753384,300.3022766113281,589900,0.0,0.0
2026-02-04 00:00:00-05:00,304.2229824826146,319.48017466465467,304.2229824826146,317.589111328125,692000,0.0,0.0
2026-02-05 00:00:00-05:00,317.0049614813294,321.67815730676614,309.89616844713424,319.8861083984375,369100,0.0,0.0
2026-02-06 00:00:00-05:00,320.89599507406336,331.7176322569202,320.0346271389267,325.6583251953125,406900,0.0,0.0
2026-02-09 00:00:00-05:00,325.22270178882815,330.7770567937263,319.6782270746724,321.2722473144531,234700,0.0,0.0
2026-02-10 00:00:00-05:00,325.08405975544736,338.21257853197267,320.51978866385343,333.71759033203125,363200,0.0,0.0
2026-02-11 00:00:00-05:00,325.49000315443925,333.88592346680315,302.92598808774324,330.7473449707031,269900,0.0,0.0
2026-02-12 00:00:00-05:00,335.02453506158434,343.29174019257465,329.3810457538537,331.6087341308594,206800,0.0,0.0
2026-02-13 00:00:00-05:00,336.44034499500253,343.39072180142256,332.2423997094681,340.77691650390625,290100,0.0,0.0
2026-02-17 00:00:00-05:00,337.53934557467664,345.53920851153777,320.3415664638972,333.06414794921875,278200,0.0,0.0
2026-02-18 00:00:00-05:00,333.00475419938994,335.4304713952964,321.2821666000847,324.6187438964844,490800,0.0,0.0
2026-02-19 00:00:00-05:00,321.2524473071109,328.20282374322755,316.23271588465997,318.16339111328125,403200,0.0,0.0
2026-02-20 00:00:00-05:00,321.1237238362753,326.3810655419857,313.70800704920924,322.2029113769531,349300,0.0,0.0
2026-02-23 00:00:00-05:00,319.87621893882124,325.50979744060373,308.86649335834653,316.8564758300781,292000,0.0,0.0
2026-02-24 00:00:00-05:00,315.0248149874943,322.5098451183131,315.0248149874943,316.8168640136719,322800,0.0,0.0
2026-02-25 00:00:00-05:00,316.8168295272981,318.55938626625726,293.7082828020296,297.7577209472656,369600,0.0,0.0
2026-02-26 00:00:00-05:00,316.9554714715662,330.00476622315705,304.757634122923,318.81683349609375,533800,0.0,0.0
2026-02-27 00:00:00-05:00,317.5396293068176,328.9652030833353,316.0050117359268,324.50982666015625,596200,0.0,0.0
2026-03-02 00:00:00-05:00,316.6287413724462,325.69791129492376,310.6090460334204,323.1236877441406,326300,0.0,0.0
2026-03-03 00:00:00-05:00,310.0348047193061,325.64841280375526,308.708066056027,322.5593566894531,420700,0.0,0.0
2026-03-04 00:00:00-05:00,323.1138122066356,328.2325278674341,314.8565180128967,324.7177429199219,456800,0.0,0.0
2026-03-05 00:00:00-05:00,318.18317549874865,323.46033823601874,303.7477692791949,309.26251220703125,413100,0.0,0.0
2026-03-06 00:00:00-05:00,302.6586529551294,307.6288616652383,295.1835339882093,302.8863830566406,271900,0.0,0.0
2026-03-09 00:00:00-04:00,297.0547880586934,299.1339697089946,286.34207601134364,296.3122253417969,495200,0.0,0.0
2026-03-10 00:00:00-04:00,294.5003940887714,298.807233798845,287.26288501684223,287.6687927246094,352800,0.0,0.0
2026-03-11 00:00:00-04:00,284.25303993354817,285.71834449063965,278.12441933529084,278.52044677734375,412000,0.0,0.0
2026-03-12 00:00:00-04:00,278.94616214078076,283.1738387283944,268.5304928611525,269.4116516113281,367400,0.0,0.0
2026-03-13 00:00:00-04:00,274.4022796164043,284.97233270208267,271.707352115987,284.15386962890625,477800,2.19,0.0
2026-03-16 00:00:00-04:00,286.9785151791099,291.5399160081826,280.7502764457398,287.7869873046875,330700,0.0,0.0
2026-03-17 00:00:00-04:00,289.533673894497,290.85119522599183,284.82256193408523,285.3515930175781,275700,0.0,0.0
2026-03-18 00:00:00-04:00,281.7284515164895,288.20621965872766,276.0791068975766,276.6480407714844,402800,0.0,0.0
2026-03-19 00:00:00-04:00,274.0329233819056,275.649897996318,267.6150404148254,272.1864318847656,297200,0.0,0.0
2026-03-20 00:00:00-04:00,271.1583914638004,271.587574356807,254.49980520326284,258.3026428222656,895300,0.0,0.0
2026-03-23 00:00:00-04:00,257.5939519131352,274.97116781317214,257.5939519131352,266.93634033203125,326800,0.0,0.0
2026-03-24 00:00:00-04:00,263.4728805349381,270.5694760286478,252.10433132629984,267.295654296875,328600,0.0,0.0
2026-03-25 00:00:00-04:00,274.3723134382715,274.3723134382715,261.8658819841144,271.0885009765625,323200,0.0,0.0
2026-03-26 00:00:00-04:00,267.5352223689619,272.3361615027065,262.95387013876126,264.4809875488281,158600,0.0,0.0
2026-03-27 00:00:00-04:00,262.4847377156286,266.24762666575464,260.1591087736922,261.8359375,199200,0.0,0.0
2026-03-30 00:00:00-04:00,266.7766277686397,269.18209264750817,256.65574036811296,257.06494140625,321600,0.0,0.0
2026-03-31 00:00:00-04:00,260.3587451744908,270.6792681135384,258.8515792224864,264.650634765625,289200,0.0,0.0
2026-04-01 00:00:00-04:00,264.97004436795135,274.8913269076207,264.0018699403143,272.6755065917969,303200,0.0,0.0
2026-04-02 00:00:00-04:00,265.49906105435167,273.86328446795164,261.33690071733093,268.2039489746094,218900,0.0,0.0
2026-04-06 00:00:00-04:00,266.94634101683846,268.11412057437565,264.4510491040249,267.0062255859375,281400,0.0,0.0
2026-04-07 00:00:00-04:00,263.18340433901136,263.9220314104252,259.03123520874703,261.5465087890625,374300,0.0,0.0
2026-04-08 00:00:00-04:00,273.48399123787675,286.82880739656053,268.54330110993834,281.3192138671875,433900,0.0,0.0
2026-04-09 00:00:00-04:00,272.91506074838793,287.2679847555519,272.91506074838793,285.1220397949219,429700,0.0,0.0
2026-04-10 00:00:00-04:00,284.5431021147193,287.8568569469524,280.5107324833131,285.34161376953125,270100,0.0,0.0
2026-04-13 00:00:00-04:00,281.5886842746413,289.17437744140625,276.90751441933963,289.17437744140625,272500,0.0,0.0
2026-04-14 00:00:00-04:00,289.64350376114123,294.6440784542207,286.48945115804986,288.435791015625,246300,0.0,0.0
2026-04-15 00:00:00-04:00,285.7708137349804,286.6591522927983,280.19134457261686,283.21563720703125,178300,0.0,0.0
2026-04-16 00:00:00-04:00,284.38343642879846,287.45762260139463,278.364793673986,281.6086730957031,166600,0.0,0.0
2026-04-17 00:00:00-04:00,289.71336168941195,305.29394868028044,289.71336168941195,297.0794677734375,413800,0.0,0.0
2026-04-20 00:00:00-04:00,295.5623348526448,309.21656503869116,293.7856882096661,308.86724853515625,330200,0.0,0.0
2026-04-21 00:00:00-04:00,317.99001523541864,322.3517806074216,311.3425539518698,313.7979431152344,695600,0.0,0.0
2026-04-22 00:00:00-04:00,318.57888010066006,318.57888010066006,303.3276581859062,305.6033630371094,325800,0.0,0.0
2026-04-23 00:00:00-04:00,308.128621300309,311.67195413014014,301.81055551251774,308.39813232421875,220700,0.0,0.0
2026-04-24 00:00:00-04:00,307.1404781184631,309.1167601885533,300.77248857494385,302.00018310546875,223600,0.0,0.0
2026-04-27 00:00:00-04:00,301.0918835423262,305.03442618104896,295.502424001496,297.9677734375,283500,0.0,0.0
2026-04-28 00:00:00-04:00,298.93596623788557,304.0263677483148,291.1706191513457,293.4163818359375,229600,0.0,0.0
2026-04-29 00:00:00-04:00,291.31032987226826,292.74762037893925,283.2954538677583,284.01409912109375,195000,0.0,0.0
2026-04-30 00:00:00-04:00,285.062135293648,289.7632564165683,281.86814967317343,288.0065612792969,304100,0.0,0.0
2026-05-01 00:00:00-04:00,289.26421154230593,293.08701573477765,284.50320563247254,289.6634521484375,364200,0.0,0.0
2026-05-04 00:00:00-04:00,287.72710444891214,289.1743859199115,274.9711736071022,276.498291015625,377100,0.0,0.0
2026-05-05 00:00:00-04:00,280.23126911878114,284.7726881576357,275.4802236306704,281.9979248046875,328600,0.0,0.0
2026-05-06 00:00:00-04:00,290.9510146353324,302.3794629002473,290.9510146353324,298.906005859375,464400,0.0,0.0
2026-05-07 00:00:00-04:00,259.01128589063546,269.49151133129703,212.0498917033749,216.511474609375,1791500,0.0,0.0
2026-05-08 00:00:00-04:00,219.70544366742072,223.8576128047826,211.84029440863102,219.57569885253906,594900,0.0,0.0
2026-05-11 00:00:00-04:00,219.02673137492462,221.0628827443987,202.95704639161832,205.81166076660156,1187900,0.0,0.0
2026-05-12 00:00:00-04:00,209.06554428573403,209.06554428573403,199.92279106366308,202.2683563232422,910000,0.0,0.0
2026-05-13 00:00:00-04:00,201.43993113774619,206.00131679601404,197.427497511594,205.97137451171875,830700,0.0,0.0
2026-05-14 00:00:00-04:00,209.61448648888546,219.57570230132868,207.68812853334526,216.90074157714844,618400,0.0,0.0
2026-05-15 00:00:00-04:00,206.33068628908083,213.36741209896644,206.33068628908083,208.79603576660156,608600,0.0,0.0
2026-05-18 00:00:00-04:00,210.6325746800069,219.10659129573364,210.6325746800069,214.9544219970703,519300,0.0,0.0
2026-05-19 00:00:00-04:00,212.25951263829515,212.25951263829515,203.44613986965325,204.09490966796875,350600,0.0,0.0
2026-05-20 00:00:00-04:00,206.49040140004294,215.8826685921866,203.06685297342744,215.52334594726562,429800,0.0,0.0
2026-05-21 00:00:00-04:00,207.98756991714998,218.31806897664484,207.98756991714998,216.44161987304688,590900,0.0,0.0
2026-05-22 00:00:00-04:00,217.39980961910211,218.9868116163796,210.6226035024584,213.8165740966797,430400,0.0,0.0
2026-05-26 00:00:00-04:00,216.43162222202903,217.79905246156648,213.2875606996185,216.72108459472656,340200,0.0,0.0
2026-05-27 00:00:00-04:00,218.43784974442246,224.50638598514104,211.84029763171395,213.10789489746094,426700,0.0,0.0
2026-05-28 00:00:00-04:00,210.19339747936343,213.18774765460313,206.7498978238483,209.40489196777344,484800,0.0,0.0
2026-05-29 00:00:00-04:00,208.9058368769368,213.77663621517323,207.75799348708685,209.5845489501953,321300,0.0,0.0
2026-06-01 00:00:00-04:00,206.1110978199516,209.6843574209013,201.2303077834415,201.41995239257812,338700,0.0,0.0
2026-06-02 00:00:00-04:00,202.9271116317874,204.5340801896907,198.81487554351054,203.91525268554688,560600,0.0,0.0
2026-06-03 00:00:00-04:00,201.51976400808982,202.91713658416091,198.2758845983555,201.36007690429688,715200,0.0,0.0
2026-06-04 00:00:00-04:00,204.38436049277982,206.93953680258775,198.2359579785219,202.35818481445312,497300,0.0,0.0
2026-06-05 00:00:00-04:00,198.8048894010626,202.77740508058642,196.48926643219414,197.23785400390625,487800,0.0,0.0
2026-06-08 00:00:00-04:00,196.80864274172558,202.33821776456486,195.03199624183767,199.84292602539062,581400,0.0,0.0
2026-06-09 00:00:00-04:00,200.8210775307352,206.21091686317223,199.2041333460302,205.64198303222656,392100,0.0,0.0
2026-06-10 00:00:00-04:00,204.80358242959912,206.69002251529622,192.74633002295423,195.2815399169922,342100,0.0,0.0
2026-06-11 00:00:00-04:00,196.229756097904,207.2689247448446,194.71261439702462,207.10922241210938,366000,0.0,0.0
2026-06-12 00:00:00-04:00,205.10301926428593,209.91393414589763,203.97514244763977,206.6999969482422,411400,0.0,0.0
2026-06-15 00:00:00-04:00,212.9499969482422,218.75999450683594,207.4499969482422,208.58999633789062,306600,0.39,0.0
2026-06-16 00:00:00-04:00,213.4499969482422,219.1300048828125,212.0,217.86000061035156,432000,0.0,0.0
2026-06-17 00:00:00-04:00,215.4199981689453,224.10000610351562,209.25999450683594,211.30999755859375,489300,0.0,0.0
2026-06-18 00:00:00-04:00,214.6199951171875,221.80999755859375,212.85000610351562,218.25,865500,0.0,0.0
2026-06-22 00:00:00-04:00,216.67999267578125,219.67999267578125,210.80999755859375,211.9199981689453,445400,0.0,0.0
2026-06-23 00:00:00-04:00,210.3800048828125,214.3300018310547,208.8000030517578,210.67999267578125,295200,0.0,0.0
2026-06-24 00:00:00-04:00,214.36000061035156,228.6699981689453,213.1199951171875,223.3000030517578,585000,0.0,0.0
2026-06-25 00:00:00-04:00,224.3000030517578,230.27000427246094,223.02000427246094,227.02000427246094,433100,0.0,0.0
2026-06-26 00:00:00-04:00,225.83999633789062,233.75,223.36000061035156,233.32000732421875,1323400,0.0,0.0
2026-06-29 00:00:00-04:00,229.13999938964844,229.13999938964844,219.41000366210938,227.33999633789062,533100,0.0,0.0
2026-06-30 00:00:00-04:00,227.82000732421875,230.63999938964844,225.22000122070312,229.83999633789062,394400,0.0,0.0
2026-07-01 00:00:00-04:00,226.89999389648438,232.7899932861328,223.9600067138672,224.02000427246094,337957,0.0,0.0
