Date,Open,High,Low,Close,Volume,Dividends,Stock Splits
2022-01-03 00:00:00-05:00,19.59000015258789,19.809999465942383,19.34000015258789,19.389999389648438,150500,0.0,0.0
2022-01-04 00:00:00-05:00,19.290000915527344,19.610000610351562,19.25,19.399999618530273,103400,0.0,0.0
2022-01-05 00:00:00-05:00,19.530000686645508,20.040000915527344,19.350000381469727,19.549999237060547,260200,0.0,0.0
2022-01-06 00:00:00-05:00,19.639999389648438,19.684999465942383,18.559999465942383,18.729999542236328,191700,0.0,0.0
2022-01-07 00:00:00-05:00,18.6299991607666,18.639999389648438,17.665000915527344,18.020000457763672,211400,0.0,0.0
2022-01-10 00:00:00-05:00,18.079999923706055,18.739999771118164,17.554000854492188,18.729999542236328,112200,0.0,0.0
2022-01-11 00:00:00-05:00,18.700000762939453,19.049999237060547,18.5,18.959999084472656,55700,0.0,0.0
2022-01-12 00:00:00-05:00,18.920000076293945,19.374000549316406,18.610000610351562,18.84000015258789,114400,0.0,0.0
2022-01-13 00:00:00-05:00,19.0,19.649999618530273,18.68000030517578,19.549999237060547,116100,0.0,0.0
2022-01-14 00:00:00-05:00,19.329999923706055,19.760000228881836,18.75,19.719999313354492,350400,0.0,0.0
2022-01-18 00:00:00-05:00,19.84000015258789,20.0,18.450000762939453,18.75,399800,0.0,0.0
2022-01-19 00:00:00-05:00,18.530000686645508,18.81999969482422,17.799999237060547,18.1299991607666,280500,0.0,0.0
2022-01-20 00:00:00-05:00,18.3799991607666,18.84000015258789,17.610000610351562,17.709999084472656,418900,0.0,0.0
2022-01-21 00:00:00-05:00,17.709999084472656,18.149999618530273,17.360000610351562,17.600000381469727,309300,0.0,0.0
2022-01-24 00:00:00-05:00,17.239999771118164,18.42799949645996,16.8799991607666,18.399999618530273,191800,0.0,0.0
2022-01-25 00:00:00-05:00,18.079999923706055,18.420000076293945,17.700000762939453,17.899999618530273,148700,0.0,0.0
2022-01-26 00:00:00-05:00,18.5,18.520000457763672,17.110000610351562,17.579999923706055,205400,0.0,0.0
2022-01-27 00:00:00-05:00,17.540000915527344,17.80500030517578,17.18000030517578,17.579999923706055,168800,0.0,0.0
2022-01-28 00:00:00-05:00,17.489999771118164,18.350000381469727,17.239999771118164,18.100000381469727,135500,0.0,0.0
2022-01-31 00:00:00-05:00,18.049999237060547,18.860000610351562,18.049999237060547,18.639999389648438,202300,0.0,0.0
2022-02-01 00:00:00-05:00,18.575000762939453,18.940000534057617,18.170000076293945,18.309999465942383,73000,0.0,0.0
2022-02-02 00:00:00-05:00,18.239999771118164,18.520000457763672,17.850000381469727,18.25,111900,0.0,0.0
2022-02-03 00:00:00-05:00,17.989999771118164,18.40999984741211,17.6200008392334,17.65999984741211,78700,0.0,0.0
2022-02-04 00:00:00-05:00,17.610000610351562,17.68000030517578,17.02400016784668,17.34000015258789,169100,0.0,0.0
2022-02-07 00:00:00-05:00,17.450000762939453,17.735000610351562,17.309999465942383,17.559999465942383,111800,0.0,0.0
2022-02-08 00:00:00-05:00,17.639999389648438,18.190000534057617,17.600000381469727,18.09000015258789,111200,0.0,0.0
2022-02-09 00:00:00-05:00,18.309999465942383,18.715999603271484,18.150999069213867,18.389999389648438,75300,0.0,0.0
2022-02-10 00:00:00-05:00,17.969999313354492,18.709999084472656,17.8799991607666,17.920000076293945,221400,0.0,0.0
2022-02-11 00:00:00-05:00,17.950000762939453,18.200000762939453,17.799999237060547,17.989999771118164,281100,0.0,0.0
2022-02-14 00:00:00-05:00,17.969999313354492,18.545000076293945,17.969999313354492,18.270000457763672,157500,0.0,0.0
2022-02-15 00:00:00-05:00,18.579999923706055,18.979999542236328,18.579999923706055,18.799999237060547,117200,0.0,0.0
2022-02-16 00:00:00-05:00,18.739999771118164,19.049999237060547,18.489999771118164,18.780000686645508,160100,0.0,0.0
2022-02-17 00:00:00-05:00,18.68000030517578,18.825000762939453,18.31999969482422,18.440000534057617,141800,0.0,0.0
2022-02-18 00:00:00-05:00,18.3799991607666,19.100000381469727,18.150999069213867,19.059999465942383,211500,0.0,0.0
2022-02-22 00:00:00-05:00,18.90999984741211,19.010000228881836,18.15999984741211,18.469999313354492,299400,0.0,0.0
2022-02-23 00:00:00-05:00,18.59000015258789,18.59000015258789,17.575000762939453,17.65999984741211,615400,0.0,0.0
2022-02-24 00:00:00-05:00,17.350000381469727,18.540000915527344,17.040000915527344,18.43000030517578,394800,0.0,0.0
2022-02-25 00:00:00-05:00,18.34000015258789,19.41200065612793,18.239999771118164,19.299999237060547,145700,0.0,0.0
2022-02-28 00:00:00-05:00,19.229999542236328,20.1200008392334,19.040000915527344,20.1200008392334,140200,0.0,0.0
2022-03-01 00:00:00-05:00,20.079999923706055,21.100000381469727,20.010000228881836,20.81999969482422,86900,0.0,0.0
2022-03-02 00:00:00-05:00,20.850000381469727,21.645999908447266,20.81999969482422,21.25,150700,0.0,0.0
2022-03-03 00:00:00-05:00,21.290000915527344,21.350000381469727,20.40999984741211,21.059999465942383,221900,0.0,0.0
2022-03-04 00:00:00-05:00,21.170000076293945,21.510000228881836,20.3700008392334,20.920000076293945,256800,0.0,0.0
2022-03-07 00:00:00-05:00,20.90999984741211,21.34000015258789,20.34000015258789,21.0,308800,0.0,0.0
2022-03-08 00:00:00-05:00,21.0,21.299999237060547,20.350000381469727,20.700000762939453,383800,0.0,0.0
2022-03-09 00:00:00-05:00,20.84000015258789,21.5,20.010000228881836,21.399999618530273,156600,0.0,0.0
2022-03-10 00:00:00-05:00,21.200000762939453,22.110000610351562,20.0,22.059999465942383,145300,0.0,0.0
2022-03-11 00:00:00-05:00,21.774999618530273,22.3700008392334,21.7549991607666,21.950000762939453,313100,0.0,0.0
2022-03-14 00:00:00-04:00,21.93000030517578,22.15999984741211,20.170000076293945,20.399999618530273,275100,0.0,0.0
2022-03-15 00:00:00-04:00,20.3799991607666,22.049999237060547,20.260000228881836,21.90999984741211,152000,0.0,0.0
2022-03-16 00:00:00-04:00,22.15999984741211,22.799999237060547,21.3700008392334,22.59000015258789,491200,0.0,0.0
2022-03-17 00:00:00-04:00,22.3700008392334,23.09000015258789,22.139999389648438,23.020000457763672,618900,0.0,0.0
2022-03-18 00:00:00-04:00,22.899999618530273,23.045000076293945,21.90999984741211,22.239999771118164,507400,0.0,0.0
2022-03-21 00:00:00-04:00,22.079999923706055,22.079999923706055,20.06999969482422,20.520000457763672,270600,0.0,0.0
2022-03-22 00:00:00-04:00,20.530000686645508,21.979999542236328,20.010000228881836,21.459999084472656,392400,0.0,0.0
2022-03-23 00:00:00-04:00,21.200000762939453,21.479999542236328,19.3799991607666,19.489999771118164,290800,0.0,0.0
2022-03-24 00:00:00-04:00,19.3799991607666,19.469999313354492,18.780000686645508,19.18000030517578,197200,0.0,0.0
2022-03-25 00:00:00-04:00,19.059999465942383,19.238000869750977,17.600000381469727,17.969999313354492,398700,0.0,0.0
2022-03-28 00:00:00-04:00,18.170000076293945,18.43000030517578,17.309999465942383,17.780000686645508,230100,0.0,0.0
2022-03-29 00:00:00-04:00,18.15999984741211,18.920000076293945,17.739999771118164,18.639999389648438,207500,0.0,0.0
2022-03-30 00:00:00-04:00,18.709999084472656,18.709999084472656,17.899999618530273,18.049999237060547,245300,0.0,0.0
2022-03-31 00:00:00-04:00,17.950000762939453,18.020000457763672,17.030000686645508,17.079999923706055,192800,0.0,0.0
2022-04-01 00:00:00-04:00,17.1200008392334,17.3700008392334,16.825000762939453,17.06999969482422,167800,0.0,0.0
2022-04-04 00:00:00-04:00,17.139999389648438,17.80500030517578,16.959999084472656,17.780000686645508,254400,0.0,0.0
2022-04-05 00:00:00-04:00,17.829999923706055,17.850000381469727,16.93000030517578,17.049999237060547,125800,0.0,0.0
2022-04-06 00:00:00-04:00,16.90999984741211,16.93000030517578,16.089000701904297,16.1299991607666,162500,0.0,0.0
2022-04-07 00:00:00-04:00,16.3700008392334,16.457000732421875,15.734999656677246,16.229999542236328,235200,0.0,0.0
2022-04-08 00:00:00-04:00,16.450000762939453,16.81999969482422,16.100000381469727,16.5,160600,0.0,0.0
2022-04-11 00:00:00-04:00,16.40999984741211,17.06999969482422,16.40999984741211,16.809999465942383,108600,0.0,0.0
2022-04-12 00:00:00-04:00,16.93000030517578,17.829999923706055,16.93000030517578,17.1200008392334,179000,0.0,0.0
2022-04-13 00:00:00-04:00,17.1200008392334,17.65999984741211,17.1200008392334,17.469999313354492,145500,0.0,0.0
2022-04-14 00:00:00-04:00,17.540000915527344,17.658000946044922,16.969999313354492,17.239999771118164,201100,0.0,0.0
2022-04-18 00:00:00-04:00,17.059999465942383,18.100000381469727,17.059999465942383,17.40999984741211,199400,0.0,0.0
2022-04-19 00:00:00-04:00,17.270000457763672,18.18000030517578,17.270000457763672,17.90999984741211,257600,0.0,0.0
2022-04-20 00:00:00-04:00,17.719999313354492,18.610000610351562,17.719999313354492,18.170000076293945,277600,0.0,0.0
2022-04-21 00:00:00-04:00,18.260000228881836,18.43000030517578,17.280000686645508,17.540000915527344,368000,0.0,0.0
2022-04-22 00:00:00-04:00,17.18000030517578,17.6200008392334,16.834999084472656,16.989999771118164,277000,0.0,0.0
2022-04-25 00:00:00-04:00,16.649999618530273,17.81999969482422,16.649999618530273,17.6299991607666,246300,0.0,0.0
2022-04-26 00:00:00-04:00,17.56999969482422,18.058000564575195,17.344999313354492,17.989999771118164,280600,0.0,0.0
2022-04-27 00:00:00-04:00,18.010000228881836,18.270000457763672,17.360000610351562,17.450000762939453,131100,0.0,0.0
2022-04-28 00:00:00-04:00,17.799999237060547,18.149999618530273,17.1299991607666,17.8799991607666,281800,0.0,0.0
2022-04-29 00:00:00-04:00,17.760000228881836,18.100000381469727,17.25,17.329999923706055,120200,0.0,0.0
2022-05-02 00:00:00-04:00,17.31999969482422,18.200000762939453,17.290000915527344,17.989999771118164,191100,0.0,0.0
2022-05-03 00:00:00-04:00,18.100000381469727,18.490999221801758,17.559999465942383,18.34000015258789,130500,0.0,0.0
2022-05-04 00:00:00-04:00,18.329999923706055,18.5,17.149999618530273,18.40999984741211,378300,0.0,0.0
2022-05-05 00:00:00-04:00,18.40999984741211,18.40999984741211,17.30500030517578,17.399999618530273,162400,0.0,0.0
2022-05-06 00:00:00-04:00,17.3700008392334,17.579999923706055,16.790000915527344,17.40999984741211,110900,0.0,0.0
2022-05-09 00:00:00-04:00,17.299999237060547,17.68000030517578,16.729999542236328,16.84000015258789,212500,0.0,0.0
2022-05-10 00:00:00-04:00,17.780000686645508,17.809999465942383,15.760000228881836,16.290000915527344,251300,0.0,0.0
2022-05-11 00:00:00-04:00,16.3799991607666,16.649999618530273,15.699999809265137,15.770000457763672,192600,0.0,0.0
2022-05-12 00:00:00-04:00,15.739999771118164,17.55500030517578,15.739999771118164,17.0,346100,0.0,0.0
2022-05-13 00:00:00-04:00,17.170000076293945,17.690000534057617,16.8700008392334,17.110000610351562,235500,0.0,0.0
2022-05-16 00:00:00-04:00,17.040000915527344,17.040000915527344,16.350000381469727,16.81999969482422,147700,0.0,0.0
2022-05-17 00:00:00-04:00,17.059999465942383,17.729999542236328,16.829999923706055,17.709999084472656,401500,0.0,0.0
2022-05-18 00:00:00-04:00,17.40999984741211,17.649999618530273,16.670000076293945,16.809999465942383,247700,0.0,0.0
2022-05-19 00:00:00-04:00,16.65999984741211,17.110000610351562,16.600000381469727,16.600000381469727,182300,0.0,0.0
2022-05-20 00:00:00-04:00,16.799999237060547,16.959999084472656,16.56999969482422,16.8799991607666,185700,0.0,0.0
2022-05-23 00:00:00-04:00,17.09000015258789,17.125,16.395000457763672,16.5,125200,0.0,0.0
2022-05-24 00:00:00-04:00,16.299999237060547,16.354999542236328,15.395000457763672,15.630000114440918,199200,0.0,0.0
2022-05-25 00:00:00-04:00,15.630000114440918,16.5,15.510000228881836,16.309999465942383,118300,0.0,0.0
2022-05-26 00:00:00-04:00,16.549999237060547,17.440000534057617,16.450000762939453,17.239999771118164,222900,0.0,0.0
2022-05-27 00:00:00-04:00,17.3799991607666,17.719999313354492,17.229999542236328,17.579999923706055,128000,0.0,0.0
2022-05-31 00:00:00-04:00,17.34000015258789,17.860000610351562,17.149999618530273,17.65999984741211,206200,0.0,0.0
2022-06-01 00:00:00-04:00,17.770000457763672,17.93000030517578,16.510000228881836,17.719999313354492,466000,0.0,0.0
2022-06-02 00:00:00-04:00,17.719999313354492,18.0,17.350000381469727,17.510000228881836,169900,0.0,0.0
2022-06-03 00:00:00-04:00,17.389999389648438,17.790000915527344,17.200000762939453,17.610000610351562,182700,0.0,0.0
2022-06-06 00:00:00-04:00,17.739999771118164,17.940000534057617,15.979999542236328,16.079999923706055,276900,0.0,0.0
2022-06-07 00:00:00-04:00,15.789999961853027,15.789999961853027,14.460000038146973,15.649999618530273,523800,0.0,0.0
2022-06-08 00:00:00-04:00,15.59000015258789,16.047000885009766,15.180000305175781,15.800000190734863,193900,0.0,0.0
2022-06-09 00:00:00-04:00,15.800000190734863,15.920000076293945,14.744999885559082,15.140000343322754,203600,0.0,0.0
2022-06-10 00:00:00-04:00,14.949999809265137,15.211999893188477,14.319999694824219,14.5,270100,0.0,0.0
2022-06-13 00:00:00-04:00,14.100000381469727,14.300000190734863,13.050000190734863,13.15999984741211,153700,0.0,0.0
2022-06-14 00:00:00-04:00,13.170000076293945,13.5600004196167,12.4399995803833,12.739999771118164,233000,0.0,0.0
2022-06-15 00:00:00-04:00,12.880000114440918,13.0600004196167,12.050000190734863,12.789999961853027,281500,0.0,0.0
2022-06-16 00:00:00-04:00,12.449999809265137,12.449999809265137,11.5,11.819999694824219,265900,0.0,0.0
2022-06-17 00:00:00-04:00,11.020000457763672,11.199999809265137,10.140000343322754,10.640000343322754,546600,0.0,0.0
2022-06-21 00:00:00-04:00,11.140000343322754,11.140000343322754,10.119999885559082,10.210000038146973,348700,0.0,0.0
2022-06-22 00:00:00-04:00,10.0,10.295000076293945,9.600000381469727,10.050000190734863,469900,0.0,0.0
2022-06-23 00:00:00-04:00,10.130000114440918,11.300000190734863,10.130000114440918,11.0,543600,0.0,0.0
2022-06-24 00:00:00-04:00,11.050000190734863,11.260000228881836,10.359999656677246,10.449999809265137,2762000,0.0,0.0
2022-06-27 00:00:00-04:00,10.510000228881836,11.449999809265137,10.510000228881836,10.779999732971191,549300,0.0,0.0
2022-06-28 00:00:00-04:00,10.920000076293945,11.175000190734863,10.489999771118164,10.569999694824219,308500,0.0,0.0
2022-06-29 00:00:00-04:00,10.5,10.640000343322754,10.045000076293945,10.539999961853027,333000,0.0,0.0
2022-06-30 00:00:00-04:00,10.430000305175781,10.765000343322754,10.319999694824219,10.640000343322754,313200,0.0,0.0
2022-07-01 00:00:00-04:00,10.680000305175781,11.180000305175781,10.539999961853027,11.15999984741211,192500,0.0,0.0
2022-07-05 00:00:00-04:00,11.180000305175781,12.039999961853027,11.029999732971191,12.029999732971191,238400,0.0,0.0
2022-07-06 00:00:00-04:00,11.989999771118164,12.050000190734863,11.53499984741211,11.859999656677246,176900,0.0,0.0
2022-07-07 00:00:00-04:00,11.989999771118164,12.119999885559082,11.670000076293945,11.8100004196167,152000,0.0,0.0
2022-07-08 00:00:00-04:00,11.84000015258789,12.229999542236328,11.819999694824219,12.220000267028809,137000,0.0,0.0
2022-07-11 00:00:00-04:00,12.210000038146973,12.3100004196167,11.8100004196167,11.90999984741211,114500,0.0,0.0
2022-07-12 00:00:00-04:00,11.739999771118164,12.345000267028809,11.739999771118164,12.029999732971191,113200,0.0,0.0
2022-07-13 00:00:00-04:00,11.84000015258789,12.229999542236328,11.739999771118164,11.949999809265137,195900,0.0,0.0
2022-07-14 00:00:00-04:00,11.720000267028809,11.960000038146973,11.569999694824219,11.789999961853027,113100,0.0,0.0
2022-07-15 00:00:00-04:00,12.199999809265137,12.4399995803833,11.760000228881836,12.25,131900,0.0,0.0
2022-07-18 00:00:00-04:00,12.300000190734863,12.52299976348877,12.010000228881836,12.300000190734863,110300,0.0,0.0
2022-07-19 00:00:00-04:00,12.550000190734863,12.850000381469727,12.34000015258789,12.680000305175781,93800,0.0,0.0
2022-07-20 00:00:00-04:00,12.710000038146973,12.949999809265137,12.579999923706055,12.890000343322754,98100,0.0,0.0
2022-07-21 00:00:00-04:00,12.75,13.140000343322754,12.59000015258789,13.100000381469727,107400,0.0,0.0
2022-07-22 00:00:00-04:00,13.1899995803833,13.800000190734863,13.0,13.319999694824219,150300,0.0,0.0
2022-07-25 00:00:00-04:00,13.239999771118164,13.3149995803833,12.920000076293945,12.970000267028809,236800,0.0,0.0
2022-07-26 00:00:00-04:00,12.859999656677246,12.979999542236328,12.609999656677246,12.75,95000,0.0,0.0
2022-07-27 00:00:00-04:00,12.880000114440918,13.0,12.5,12.930000305175781,117200,0.0,0.0
2022-07-28 00:00:00-04:00,13.100000381469727,13.34000015258789,12.760000228881836,13.210000038146973,91000,0.0,0.0
2022-07-29 00:00:00-04:00,13.289999961853027,13.289999961853027,12.800000190734863,13.0,112800,0.0,0.0
2022-08-01 00:00:00-04:00,12.979999542236328,13.289999961853027,12.40999984741211,13.140000343322754,145400,0.0,0.0
2022-08-02 00:00:00-04:00,13.140000343322754,13.390000343322754,12.720000267028809,12.720000267028809,106300,0.0,0.0
2022-08-03 00:00:00-04:00,12.760000228881836,13.050000190734863,12.486000061035156,12.949999809265137,122300,0.0,0.0
2022-08-04 00:00:00-04:00,13.199999809265137,14.5600004196167,13.199999809265137,13.510000228881836,363500,0.0,0.0
2022-08-05 00:00:00-04:00,13.430000305175781,14.847999572753906,12.510000228881836,12.619999885559082,274700,0.0,0.0
2022-08-08 00:00:00-04:00,12.600000381469727,12.649999618530273,12.0,12.260000228881836,336100,0.0,0.0
2022-08-09 00:00:00-04:00,12.239999771118164,12.720000267028809,12.11400032043457,12.5,216200,0.0,0.0
2022-08-10 00:00:00-04:00,12.84000015258789,13.109999656677246,12.420000076293945,12.5,162500,0.0,0.0
2022-08-11 00:00:00-04:00,12.59000015258789,13.09000015258789,12.59000015258789,12.850000381469727,198200,0.0,0.0
2022-08-12 00:00:00-04:00,13.050000190734863,13.59000015258789,12.520000457763672,12.90999984741211,227700,0.0,0.0
2022-08-15 00:00:00-04:00,12.930000305175781,13.1899995803833,12.569999694824219,12.670000076293945,186500,0.0,0.0
2022-08-16 00:00:00-04:00,12.649999618530273,12.920000076293945,12.380000114440918,12.720000267028809,224000,0.0,0.0
2022-08-17 00:00:00-04:00,12.710000038146973,12.710000038146973,12.163999557495117,12.319999694824219,106700,0.0,0.0
2022-08-18 00:00:00-04:00,12.25,12.569999694824219,12.050000190734863,12.520000457763672,89100,0.0,0.0
2022-08-19 00:00:00-04:00,12.300000190734863,12.300000190734863,11.9399995803833,12.039999961853027,94700,0.0,0.0
2022-08-22 00:00:00-04:00,11.979999542236328,12.069999694824219,11.039999961853027,11.229999542236328,204100,0.0,0.0
2022-08-23 00:00:00-04:00,11.15999984741211,11.449999809265137,11.109999656677246,11.229999542236328,73800,0.0,0.0
2022-08-24 00:00:00-04:00,11.199999809265137,11.625,11.109999656677246,11.430000305175781,85500,0.0,0.0
2022-08-25 00:00:00-04:00,12.539999961853027,12.930000305175781,11.890000343322754,12.300000190734863,394400,0.0,0.0
2022-08-26 00:00:00-04:00,12.300000190734863,12.59000015258789,11.6899995803833,11.829999923706055,235900,0.0,0.0
2022-08-29 00:00:00-04:00,11.720000267028809,12.1899995803833,11.720000267028809,11.890000343322754,167400,0.0,0.0
2022-08-30 00:00:00-04:00,11.890000343322754,12.199999809265137,11.890000343322754,12.180000305175781,422800,0.0,0.0
2022-08-31 00:00:00-04:00,12.239999771118164,12.479999542236328,12.220000267028809,12.350000381469727,114500,0.0,0.0
2022-09-01 00:00:00-04:00,12.149999618530273,12.380000114440918,12.0,12.1899995803833,159700,0.0,0.0
2022-09-02 00:00:00-04:00,12.359999656677246,12.479999542236328,11.960000038146973,12.25,223100,0.0,0.0
2022-09-06 00:00:00-04:00,12.420000076293945,12.5600004196167,11.989999771118164,12.09000015258789,134000,0.0,0.0
2022-09-07 00:00:00-04:00,12.0,12.475000381469727,12.0,12.4399995803833,115700,0.0,0.0
2022-09-08 00:00:00-04:00,12.270000457763672,12.5600004196167,12.039999961853027,12.460000038146973,93000,0.0,0.0
2022-09-09 00:00:00-04:00,12.520000457763672,12.729999542236328,12.368000030517578,12.630000114440918,118400,0.0,0.0
2022-09-12 00:00:00-04:00,12.8100004196167,13.09000015258789,12.779999732971191,12.880000114440918,232500,0.0,0.0
2022-09-13 00:00:00-04:00,12.670000076293945,12.720000267028809,11.579999923706055,11.670000076293945,315000,0.0,0.0
2022-09-14 00:00:00-04:00,11.619999885559082,11.670000076293945,11.170000076293945,11.510000228881836,143600,0.0,0.0
2022-09-15 00:00:00-04:00,11.569999694824219,11.798999786376953,11.1899995803833,11.5600004196167,151100,0.0,0.0
2022-09-16 00:00:00-04:00,11.390000343322754,11.579999923706055,10.984999656677246,11.229999542236328,557900,0.0,0.0
2022-09-19 00:00:00-04:00,11.25,11.524999618530273,11.109999656677246,11.300000190734863,129600,0.0,0.0
2022-09-20 00:00:00-04:00,11.289999961853027,11.289999961853027,10.949999809265137,11.069999694824219,99300,0.0,0.0
2022-09-21 00:00:00-04:00,11.119999885559082,11.399999618530273,10.979999542236328,11.029999732971191,112000,0.0,0.0
2022-09-22 00:00:00-04:00,11.0,11.0,10.449999809265137,10.470000267028809,82400,0.0,0.0
2022-09-23 00:00:00-04:00,10.390000343322754,10.390000343322754,9.989999771118164,10.210000038146973,85300,0.0,0.0
2022-09-26 00:00:00-04:00,10.170000076293945,10.350000381469727,9.680000305175781,9.8100004196167,99400,0.0,0.0
2022-09-27 00:00:00-04:00,9.859999656677246,10.079999923706055,9.791000366210938,10.039999961853027,166300,0.0,0.0
2022-09-28 00:00:00-04:00,10.1899995803833,10.779999732971191,10.102999687194824,10.59000015258789,181300,0.0,0.0
2022-09-29 00:00:00-04:00,10.359999656677246,10.569999694824219,10.100000381469727,10.539999961853027,147800,0.0,0.0
2022-09-30 00:00:00-04:00,10.479999542236328,10.670000076293945,10.420000076293945,10.600000381469727,202800,0.0,0.0
2022-10-03 00:00:00-04:00,10.609999656677246,10.805000305175781,10.470000267028809,10.729999542236328,204000,0.0,0.0
2022-10-04 00:00:00-04:00,10.819999694824219,11.239999771118164,10.819999694824219,11.0600004196167,223500,0.0,0.0
2022-10-05 00:00:00-04:00,10.899999618530273,11.279999732971191,10.739999771118164,11.050000190734863,215000,0.0,0.0
2022-10-06 00:00:00-04:00,11.050000190734863,11.324999809265137,11.029999732971191,11.239999771118164,142000,0.0,0.0
2022-10-07 00:00:00-04:00,11.300000190734863,11.4399995803833,10.645000457763672,10.84000015258789,343000,0.0,0.0
2022-10-10 00:00:00-04:00,11.09000015258789,11.319999694824219,10.829999923706055,11.300000190734863,91300,0.0,0.0
2022-10-11 00:00:00-04:00,11.34000015258789,11.369999885559082,11.029999732971191,11.1899995803833,141400,0.0,0.0
2022-10-12 00:00:00-04:00,11.430000305175781,11.5,10.850000381469727,10.90999984741211,89400,0.0,0.0
2022-10-13 00:00:00-04:00,10.6899995803833,10.850000381469727,10.414999961853027,10.600000381469727,116200,0.0,0.0
2022-10-14 00:00:00-04:00,10.609999656677246,10.609999656677246,10.069999694824219,10.149999618530273,152600,0.0,0.0
2022-10-17 00:00:00-04:00,10.529999732971191,10.670000076293945,10.270000457763672,10.430000305175781,152200,0.0,0.0
2022-10-18 00:00:00-04:00,10.6899995803833,10.79800033569336,10.225000381469727,10.380000114440918,123300,0.0,0.0
2022-10-19 00:00:00-04:00,10.25,10.25,9.760000228881836,9.949999809265137,171600,0.0,0.0
2022-10-20 00:00:00-04:00,9.90999984741211,10.109999656677246,9.529999732971191,9.649999618530273,108100,0.0,0.0
2022-10-21 00:00:00-04:00,9.640000343322754,9.960000038146973,9.390000343322754,9.899999618530273,122700,0.0,0.0
2022-10-24 00:00:00-04:00,9.899999618530273,10.229999542236328,9.550000190734863,10.140000343322754,121000,0.0,0.0
2022-10-25 00:00:00-04:00,10.029999732971191,10.680000305175781,10.029999732971191,10.680000305175781,183500,0.0,0.0
2022-10-26 00:00:00-04:00,10.75,11.119999885559082,10.619999885559082,10.890000343322754,181200,0.0,0.0
2022-10-27 00:00:00-04:00,11.0,11.1850004196167,10.66100025177002,10.699999809265137,114200,0.0,0.0
2022-10-28 00:00:00-04:00,10.630000114440918,11.079999923706055,10.449999809265137,11.0600004196167,148000,0.0,0.0
2022-10-31 00:00:00-04:00,10.930000305175781,11.25,10.670000076293945,11.100000381469727,156400,0.0,0.0
2022-11-01 00:00:00-04:00,11.350000381469727,11.390000343322754,10.890000343322754,11.0,199700,0.0,0.0
2022-11-02 00:00:00-04:00,11.039999961853027,11.100000381469727,10.239999771118164,10.3100004196167,173100,0.0,0.0
2022-11-03 00:00:00-04:00,10.350000381469727,10.720000267028809,9.84000015258789,10.600000381469727,150300,0.0,0.0
2022-11-04 00:00:00-04:00,10.350000381469727,11.010000228881836,10.3100004196167,10.670000076293945,133200,0.0,0.0
2022-11-07 00:00:00-05:00,10.520000457763672,10.600000381469727,9.550000190734863,10.010000228881836,224000,0.0,0.0
2022-11-08 00:00:00-05:00,10.029999732971191,10.260000228881836,9.6899995803833,10.25,122300,0.0,0.0
2022-11-09 00:00:00-05:00,10.039999961853027,10.5600004196167,9.920000076293945,10.020000457763672,117800,0.0,0.0
2022-11-10 00:00:00-05:00,10.609999656677246,11.4399995803833,10.600000381469727,10.819999694824219,198900,0.0,0.0
2022-11-11 00:00:00-05:00,11.0,11.25,10.850000381469727,10.979999542236328,172900,0.0,0.0
2022-11-14 00:00:00-05:00,11.0,11.0,10.300000190734863,10.3100004196167,118900,0.0,0.0
2022-11-15 00:00:00-05:00,10.5,10.670000076293945,10.15999984741211,10.34000015258789,143400,0.0,0.0
2022-11-16 00:00:00-05:00,10.279999732971191,10.279999732971191,9.670000076293945,9.800000190734863,92600,0.0,0.0
2022-11-17 00:00:00-05:00,9.630000114440918,9.979999542236328,9.399999618530273,9.930000305175781,143900,0.0,0.0
2022-11-18 00:00:00-05:00,10.140000343322754,10.149999618530273,9.850000381469727,10.0600004196167,95900,0.0,0.0
2022-11-21 00:00:00-05:00,10.069999694824219,10.149999618530273,9.619999885559082,9.670000076293945,79900,0.0,0.0
2022-11-22 00:00:00-05:00,9.510000228881836,9.510000228881836,8.765000343322754,9.300000190734863,316600,0.0,0.0
2022-11-23 00:00:00-05:00,9.319999694824219,9.779999732971191,9.170000076293945,9.65999984741211,206300,0.0,0.0
2022-11-25 00:00:00-05:00,9.65999984741211,9.9399995803833,9.529999732971191,9.869999885559082,51200,0.0,0.0
2022-11-28 00:00:00-05:00,9.789999961853027,9.949999809265137,9.479999542236328,9.520000457763672,142400,0.0,0.0
2022-11-29 00:00:00-05:00,9.460000038146973,9.729999542236328,9.420000076293945,9.59000015258789,164500,0.0,0.0
2022-11-30 00:00:00-05:00,9.649999618530273,9.84000015258789,9.149999618530273,9.84000015258789,267100,0.0,0.0
2022-12-01 00:00:00-05:00,9.869999885559082,9.989999771118164,9.279999732971191,9.359999656677246,164200,0.0,0.0
2022-12-02 00:00:00-05:00,9.1899995803833,9.670000076293945,9.154999732971191,9.550000190734863,225900,0.0,0.0
2022-12-05 00:00:00-05:00,9.420000076293945,9.600000381469727,9.229999542236328,9.399999618530273,227700,0.0,0.0
2022-12-06 00:00:00-05:00,9.380000114440918,9.539999961853027,9.149999618530273,9.270000457763672,202900,0.0,0.0
2022-12-07 00:00:00-05:00,9.180000305175781,9.619999885559082,9.161999702453613,9.539999961853027,163500,0.0,0.0
2022-12-08 00:00:00-05:00,9.670000076293945,9.760000228881836,9.449999809265137,9.479999542236328,237900,0.0,0.0
2022-12-09 00:00:00-05:00,9.369999885559082,9.65999984741211,9.25,9.279999732971191,181300,0.0,0.0
2022-12-12 00:00:00-05:00,9.300000190734863,9.399999618530273,9.175000190734863,9.34000015258789,109900,0.0,0.0
2022-12-13 00:00:00-05:00,9.869999885559082,9.930000305175781,9.647000312805176,9.899999618530273,262900,0.0,0.0
2022-12-14 00:00:00-05:00,9.710000038146973,9.989999771118164,9.460000038146973,9.649999618530273,188900,0.0,0.0
2022-12-15 00:00:00-05:00,9.40999984741211,9.579999923706055,9.149999618530273,9.40999984741211,193500,0.0,0.0
2022-12-16 00:00:00-05:00,9.25,9.552000045776367,9.180000305175781,9.369999885559082,224500,0.0,0.0
2022-12-19 00:00:00-05:00,9.270000457763672,9.4399995803833,9.050000190734863,9.130000114440918,135200,0.0,0.0
2022-12-20 00:00:00-05:00,9.039999961853027,9.369999885559082,8.979999542236328,9.0600004196167,183500,0.0,0.0
2022-12-21 00:00:00-05:00,9.119999885559082,9.5,9.119999885559082,9.420000076293945,176000,0.0,0.0
2022-12-22 00:00:00-05:00,9.369999885559082,9.65999984741211,9.25,9.5,166600,0.0,0.0
2022-12-23 00:00:00-05:00,9.479999542236328,9.781999588012695,9.371999740600586,9.5,143300,0.0,0.0
2022-12-27 00:00:00-05:00,9.510000228881836,9.510000228881836,8.8100004196167,8.899999618530273,185200,0.0,0.0
2022-12-28 00:00:00-05:00,8.880000114440918,8.960000038146973,8.170000076293945,8.369999885559082,370300,0.0,0.0
2022-12-29 00:00:00-05:00,8.420000076293945,8.8149995803833,8.3100004196167,8.75,233200,0.0,0.0
2022-12-30 00:00:00-05:00,8.59000015258789,8.800000190734863,8.5,8.65999984741211,236300,0.0,0.0
2023-01-03 00:00:00-05:00,8.850000381469727,9.720000267028809,8.8100004196167,9.579999923706055,253200,0.0,0.0
2023-01-04 00:00:00-05:00,9.720000267028809,9.970000267028809,9.479999542236328,9.829999923706055,172100,0.0,0.0
2023-01-05 00:00:00-05:00,9.670000076293945,10.074999809265137,9.579999923706055,9.930000305175781,175400,0.0,0.0
2023-01-06 00:00:00-05:00,9.829999923706055,10.319999694824219,9.829999923706055,10.119999885559082,107800,0.0,0.0
2023-01-09 00:00:00-05:00,10.25,10.539999961853027,9.904000282287598,9.989999771118164,119700,0.0,0.0
2023-01-10 00:00:00-05:00,9.859999656677246,10.095000267028809,9.729999542236328,9.899999618530273,96900,0.0,0.0
2023-01-11 00:00:00-05:00,9.949999809265137,10.229999542236328,9.850000381469727,10.020000457763672,199100,0.0,0.0
2023-01-12 00:00:00-05:00,10.15999984741211,10.600000381469727,9.904999732971191,10.300000190734863,148000,0.0,0.0
2023-01-13 00:00:00-05:00,9.5,10.180000305175781,9.319999694824219,10.15999984741211,185800,0.0,0.0
2023-01-17 00:00:00-05:00,10.1899995803833,10.420000076293945,10.069999694824219,10.369999885559082,125200,0.0,0.0
2023-01-18 00:00:00-05:00,10.5,11.25,10.430000305175781,10.4399995803833,304400,0.0,0.0
2023-01-19 00:00:00-05:00,10.350000381469727,10.430000305175781,10.109999656677246,10.399999618530273,116000,0.0,0.0
2023-01-20 00:00:00-05:00,10.510000228881836,11.069999694824219,10.25,10.75,293200,0.0,0.0
2023-01-23 00:00:00-05:00,10.640000343322754,11.130000114440918,10.640000343322754,11.100000381469727,187600,0.0,0.0
2023-01-24 00:00:00-05:00,11.119999885559082,11.449999809265137,10.960000038146973,11.199999809265137,159900,0.0,0.0
2023-01-25 00:00:00-05:00,11.130000114440918,11.319999694824219,11.0,11.199999809265137,126500,0.0,0.0
2023-01-26 00:00:00-05:00,11.270000457763672,11.4350004196167,11.050000190734863,11.1899995803833,82000,0.0,0.0
2023-01-27 00:00:00-05:00,11.15999984741211,11.333000183105469,11.079999923706055,11.199999809265137,97600,0.0,0.0
2023-01-30 00:00:00-05:00,11.149999618530273,11.8149995803833,11.100000381469727,11.699999809265137,161000,0.0,0.0
2023-01-31 00:00:00-05:00,11.649999618530273,12.930000305175781,11.649999618530273,12.640000343322754,227000,0.0,0.0
2023-02-01 00:00:00-05:00,12.520000457763672,13.029999732971191,12.25,12.819999694824219,265500,0.0,0.0
2023-02-02 00:00:00-05:00,12.859999656677246,13.670000076293945,12.859999656677246,13.350000381469727,246600,0.0,0.0
2023-02-03 00:00:00-05:00,13.119999885559082,13.380000114440918,12.859999656677246,12.989999771118164,144100,0.0,0.0
2023-02-06 00:00:00-05:00,12.960000038146973,13.180000305175781,12.579999923706055,12.75,93500,0.0,0.0
2023-02-07 00:00:00-05:00,12.6899995803833,13.380000114440918,12.420000076293945,13.260000228881836,133600,0.0,0.0
2023-02-08 00:00:00-05:00,13.149999618530273,13.23900032043457,12.569999694824219,12.619999885559082,78500,0.0,0.0
2023-02-09 00:00:00-05:00,12.819999694824219,12.869999885559082,12.289999961853027,12.380000114440918,80200,0.0,0.0
2023-02-10 00:00:00-05:00,12.3100004196167,12.520000457763672,12.039999961853027,12.34000015258789,102200,0.0,0.0
2023-02-13 00:00:00-05:00,12.399999618530273,13.0,12.319999694824219,12.979999542236328,88600,0.0,0.0
2023-02-14 00:00:00-05:00,12.880000114440918,12.944999694824219,12.40999984741211,12.4399995803833,95200,0.0,0.0
2023-02-15 00:00:00-05:00,12.25,12.550000190734863,12.229999542236328,12.260000228881836,73700,0.0,0.0
2023-02-16 00:00:00-05:00,12.069999694824219,12.4399995803833,11.829999923706055,12.119999885559082,90800,0.0,0.0
2023-02-17 00:00:00-05:00,12.109999656677246,12.109999656677246,11.600000381469727,11.789999961853027,92700,0.0,0.0
2023-02-21 00:00:00-05:00,11.510000228881836,11.619999885559082,10.720000267028809,10.859999656677246,138900,0.0,0.0
2023-02-22 00:00:00-05:00,10.869999885559082,11.220000267028809,10.869999885559082,11.0600004196167,64500,0.0,0.0
2023-02-23 00:00:00-05:00,11.149999618530273,11.609999656677246,11.149999618530273,11.579999923706055,75700,0.0,0.0
2023-02-24 00:00:00-05:00,11.369999885559082,12.079999923706055,10.95300006866455,12.010000228881836,156300,0.0,0.0
2023-02-27 00:00:00-05:00,12.1899995803833,12.380000114440918,11.75,12.0,138800,0.0,0.0
2023-02-28 00:00:00-05:00,11.880000114440918,12.149999618530273,11.779999732971191,12.029999732971191,150300,0.0,0.0
2023-03-01 00:00:00-05:00,12.0600004196167,12.59000015258789,12.0,12.489999771118164,321200,0.0,0.0
2023-03-02 00:00:00-05:00,12.420000076293945,12.720000267028809,12.279999732971191,12.470000267028809,263500,0.0,0.0
2023-03-03 00:00:00-05:00,12.510000228881836,12.63599967956543,12.119999885559082,12.449999809265137,210400,0.0,0.0
2023-03-06 00:00:00-05:00,12.520000457763672,12.729999542236328,12.229999542236328,12.430000305175781,234300,0.0,0.0
2023-03-07 00:00:00-05:00,12.520000457763672,12.949999809265137,12.050000190734863,12.390000343322754,227400,0.0,0.0
2023-03-08 00:00:00-05:00,12.5,12.729999542236328,12.279999732971191,12.539999961853027,174800,0.0,0.0
2023-03-09 00:00:00-05:00,12.600000381469727,12.779999732971191,12.010000228881836,12.050000190734863,180200,0.0,0.0
2023-03-10 00:00:00-05:00,12.0,12.279999732971191,11.75,12.069999694824219,208000,0.0,0.0
2023-03-13 00:00:00-04:00,11.75,12.390000343322754,11.699999809265137,12.109999656677246,152200,0.0,0.0
2023-03-14 00:00:00-04:00,12.569999694824219,12.710000038146973,12.109999656677246,12.199999809265137,115500,0.0,0.0
2023-03-15 00:00:00-04:00,11.970000267028809,12.416000366210938,11.670000076293945,11.899999618530273,109500,0.0,0.0
2023-03-16 00:00:00-04:00,11.710000038146973,12.369999885559082,11.449999809265137,12.279999732971191,106500,0.0,0.0
2023-03-17 00:00:00-04:00,12.260000228881836,12.475000381469727,12.0600004196167,12.119999885559082,165700,0.0,0.0
2023-03-20 00:00:00-04:00,12.239999771118164,12.289999961853027,11.760000228881836,12.180000305175781,275300,0.0,0.0
2023-03-21 00:00:00-04:00,12.430000305175781,12.515000343322754,12.135000228881836,12.380000114440918,174700,0.0,0.0
2023-03-22 00:00:00-04:00,12.390000343322754,12.727999687194824,12.25,12.380000114440918,157600,0.0,0.0
2023-03-23 00:00:00-04:00,12.5,12.710000038146973,12.3100004196167,12.449999809265137,123500,0.0,0.0
2023-03-24 00:00:00-04:00,12.34000015258789,12.770000457763672,12.15999984741211,12.6899995803833,105600,0.0,0.0
2023-03-27 00:00:00-04:00,12.84000015258789,13.069999694824219,12.569999694824219,12.649999618530273,89300,0.0,0.0
2023-03-28 00:00:00-04:00,12.5600004196167,12.859999656677246,12.479999542236328,12.670000076293945,47100,0.0,0.0
2023-03-29 00:00:00-04:00,12.779999732971191,13.0,12.65999984741211,12.989999771118164,77200,0.0,0.0
2023-03-30 00:00:00-04:00,13.0,13.229999542236328,12.850000381469727,13.15999984741211,84900,0.0,0.0
2023-03-31 00:00:00-04:00,13.239999771118164,13.470000267028809,13.079999923706055,13.25,116200,0.0,0.0
2023-04-03 00:00:00-04:00,13.25,13.399999618530273,13.119999885559082,13.239999771118164,95600,0.0,0.0
2023-04-04 00:00:00-04:00,13.1899995803833,13.229999542236328,12.789999961853027,12.800000190734863,110300,0.0,0.0
2023-04-05 00:00:00-04:00,12.600000381469727,13.050000190734863,12.539999961853027,13.050000190734863,127000,0.0,0.0
2023-04-06 00:00:00-04:00,12.979999542236328,13.319999694824219,12.779999732971191,13.220000267028809,116000,0.0,0.0
2023-04-10 00:00:00-04:00,13.119999885559082,13.59000015258789,13.119999885559082,13.420000076293945,81400,0.0,0.0
2023-04-11 00:00:00-04:00,13.550000190734863,13.890000343322754,13.524999618530273,13.720000267028809,72800,0.0,0.0
2023-04-12 00:00:00-04:00,13.739999771118164,13.890000343322754,13.510000228881836,13.5600004196167,63200,0.0,0.0
2023-04-13 00:00:00-04:00,13.600000381469727,13.9399995803833,13.40999984741211,13.710000038146973,61600,0.0,0.0
2023-04-14 00:00:00-04:00,13.6899995803833,13.970000267028809,13.635000228881836,13.90999984741211,88000,0.0,0.0
2023-04-17 00:00:00-04:00,14.079999923706055,14.319999694824219,13.75,14.199999809265137,168200,0.0,0.0
2023-04-18 00:00:00-04:00,14.119999885559082,14.649999618530273,14.119999885559082,14.600000381469727,106100,0.0,0.0
2023-04-19 00:00:00-04:00,14.510000228881836,14.640000343322754,14.300000190734863,14.40999984741211,68700,0.0,0.0
2023-04-20 00:00:00-04:00,14.510000228881836,15.265999794006348,14.510000228881836,15.180000305175781,149300,0.0,0.0
2023-04-21 00:00:00-04:00,15.15999984741211,15.635000228881836,15.15999984741211,15.529999732971191,155700,0.0,0.0
2023-04-24 00:00:00-04:00,15.550000190734863,15.779999732971191,15.40999984741211,15.720000267028809,84700,0.0,0.0
2023-04-25 00:00:00-04:00,15.569999694824219,15.930000305175781,15.510000228881836,15.680000305175781,116800,0.0,0.0
2023-04-26 00:00:00-04:00,15.569999694824219,15.920000076293945,14.59000015258789,14.600000381469727,245200,0.0,0.0
2023-04-27 00:00:00-04:00,14.619999885559082,14.994999885559082,14.609999656677246,14.890000343322754,104900,0.0,0.0
2023-04-28 00:00:00-04:00,15.010000228881836,15.520000457763672,15.010000228881836,15.25,160800,0.0,0.0
2023-05-01 00:00:00-04:00,15.6899995803833,16.5,15.5,16.079999923706055,225000,0.0,0.0
2023-05-02 00:00:00-04:00,16.010000228881836,16.05500030517578,15.300000190734863,15.819999694824219,270500,0.0,0.0
2023-05-03 00:00:00-04:00,15.880000114440918,16.200000762939453,15.59000015258789,15.760000228881836,115600,0.0,0.0
2023-05-04 00:00:00-04:00,15.800000190734863,16.03499984741211,15.279999732971191,15.399999618530273,112000,0.0,0.0
2023-05-05 00:00:00-04:00,15.510000228881836,16.139999389648438,15.510000228881836,16.1299991607666,96500,0.0,0.0
2023-05-08 00:00:00-04:00,16.5,17.639999389648438,16.475000381469727,17.209999084472656,295300,0.0,0.0
2023-05-09 00:00:00-04:00,17.200000762939453,17.625999450683594,16.579999923706055,16.639999389648438,148800,0.0,0.0
2023-05-10 00:00:00-04:00,16.959999084472656,17.3700008392334,16.700000762939453,17.0,143600,0.0,0.0
2023-05-11 00:00:00-04:00,17.020000457763672,17.020000457763672,16.5,16.649999618530273,106800,0.0,0.0
2023-05-12 00:00:00-04:00,16.709999084472656,17.25,16.18000030517578,16.200000762939453,113200,0.0,0.0
2023-05-15 00:00:00-04:00,16.219999313354492,16.709999084472656,16.200000762939453,16.559999465942383,91400,0.0,0.0
2023-05-16 00:00:00-04:00,16.440000534057617,16.709999084472656,16.295000076293945,16.579999923706055,78500,0.0,0.0
2023-05-17 00:00:00-04:00,16.639999389648438,17.0,16.40999984741211,16.920000076293945,92700,0.0,0.0
2023-05-18 00:00:00-04:00,17.010000228881836,17.559999465942383,16.889999389648438,17.530000686645508,98600,0.0,0.0
2023-05-19 00:00:00-04:00,17.75,17.75,17.010000228881836,17.239999771118164,179700,0.0,0.0
2023-05-22 00:00:00-04:00,17.25,17.5,16.700000762939453,16.760000228881836,174400,0.0,0.0
2023-05-23 00:00:00-04:00,16.84000015258789,17.34000015258789,16.582000732421875,17.149999618530273,133500,0.0,0.0
2023-05-24 00:00:00-04:00,17.149999618530273,18.040000915527344,17.149999618530273,17.530000686645508,200200,0.0,0.0
2023-05-25 00:00:00-04:00,17.68000030517578,18.559999465942383,17.68000030517578,18.020000457763672,201600,0.0,0.0
2023-05-26 00:00:00-04:00,18.020000457763672,18.290000915527344,17.610000610351562,17.68000030517578,166800,0.0,0.0
2023-05-30 00:00:00-04:00,17.8799991607666,18.100000381469727,17.6200008392334,17.940000534057617,149100,0.0,0.0
2023-05-31 00:00:00-04:00,17.899999618530273,18.6299991607666,17.80500030517578,18.540000915527344,637200,0.0,0.0
2023-06-01 00:00:00-04:00,18.56999969482422,18.860000610351562,18.170000076293945,18.799999237060547,223600,0.0,0.0
2023-06-02 00:00:00-04:00,19.0,19.28499984741211,18.399999618530273,19.1299991607666,190100,0.0,0.0
2023-06-05 00:00:00-04:00,19.110000610351562,19.8799991607666,18.850000381469727,19.43000030517578,227000,0.0,0.0
2023-06-06 00:00:00-04:00,19.579999923706055,21.0,19.3700008392334,20.850000381469727,282000,0.0,0.0
2023-06-07 00:00:00-04:00,21.0,21.0,20.219999313354492,20.329999923706055,301500,0.0,0.0
2023-06-08 00:00:00-04:00,20.389999389648438,21.729999542236328,20.309999465942383,21.59000015258789,300400,0.0,0.0
2023-06-09 00:00:00-04:00,21.729999542236328,22.68000030517578,21.530000686645508,21.760000228881836,275300,0.0,0.0
2023-06-12 00:00:00-04:00,21.899999618530273,22.360000610351562,21.84000015258789,22.229999542236328,197900,0.0,0.0
2023-06-13 00:00:00-04:00,22.350000381469727,23.709999084472656,22.30500030517578,22.850000381469727,382700,0.0,0.0
2023-06-14 00:00:00-04:00,23.06999969482422,23.350000381469727,22.645000457763672,23.059999465942383,244600,0.0,0.0
2023-06-15 00:00:00-04:00,22.989999771118164,24.575000762939453,22.860000610351562,24.5,312400,0.0,0.0
2023-06-16 00:00:00-04:00,24.709999084472656,24.725000381469727,23.8700008392334,24.450000762939453,805000,0.0,0.0
2023-06-20 00:00:00-04:00,24.399999618530273,25.0049991607666,24.389999389648438,24.6200008392334,386500,0.0,0.0
2023-06-21 00:00:00-04:00,24.59000015258789,26.5,24.59000015258789,25.75,447700,0.0,0.0
2023-06-22 00:00:00-04:00,25.389999389648438,25.389999389648438,22.790000915527344,23.18000030517578,584400,0.0,0.0
2023-06-23 00:00:00-04:00,22.920000076293945,23.530000686645508,22.6299991607666,22.790000915527344,1078200,0.0,0.0
2023-06-26 00:00:00-04:00,22.6200008392334,22.90999984741211,21.389999389648438,22.709999084472656,432700,0.0,0.0
2023-06-27 00:00:00-04:00,22.760000228881836,23.974000930786133,22.658000946044922,23.610000610351562,309300,0.0,0.0
2023-06-28 00:00:00-04:00,23.520000457763672,24.1299991607666,23.257999420166016,23.899999618530273,239500,0.0,0.0
2023-06-29 00:00:00-04:00,23.899999618530273,24.1200008392334,23.3799991607666,24.1200008392334,302400,0.0,0.0
2023-06-30 00:00:00-04:00,24.18000030517578,24.829999923706055,24.1200008392334,24.59000015258789,446000,0.0,0.0
2023-07-03 00:00:00-04:00,24.440000534057617,25.1299991607666,24.059999465942383,24.520000457763672,151600,0.0,0.0
2023-07-05 00:00:00-04:00,24.149999618530273,25.1200008392334,23.829999923706055,25.049999237060547,331400,0.0,0.0
2023-07-06 00:00:00-04:00,24.790000915527344,24.790000915527344,22.850000381469727,22.8700008392334,288700,0.0,0.0
2023-07-07 00:00:00-04:00,22.940000534057617,24.079999923706055,22.940000534057617,23.1299991607666,302700,0.0,0.0
2023-07-10 00:00:00-04:00,22.829999923706055,23.510000228881836,21.309999465942383,23.479999542236328,470300,0.0,0.0
2023-07-11 00:00:00-04:00,23.68000030517578,25.030000686645508,23.68000030517578,24.0,399500,0.0,0.0
2023-07-12 00:00:00-04:00,24.3700008392334,25.780000686645508,24.3700008392334,25.229999542236328,494300,0.0,0.0
2023-07-13 00:00:00-04:00,25.579999923706055,25.8799991607666,25.25,25.670000076293945,261600,0.0,0.0
2023-07-14 00:00:00-04:00,25.709999084472656,26.059999465942383,25.3700008392334,26.020000457763672,161800,0.0,0.0
2023-07-17 00:00:00-04:00,25.899999618530273,26.690000534057617,25.652000427246094,26.56999969482422,202600,0.0,0.0
2023-07-18 00:00:00-04:00,26.760000228881836,27.239999771118164,26.31999969482422,26.8700008392334,244200,0.0,0.0
2023-07-19 00:00:00-04:00,26.799999237060547,27.06999969482422,25.829999923706055,27.0,245100,0.0,0.0
2023-07-20 00:00:00-04:00,27.15999984741211,27.280000686645508,24.56999969482422,25.139999389648438,434600,0.0,0.0
2023-07-21 00:00:00-04:00,25.3700008392334,25.78499984741211,24.790000915527344,24.799999237060547,160700,0.0,0.0
2023-07-24 00:00:00-04:00,24.600000381469727,25.110000610351562,24.520000457763672,24.81999969482422,130200,0.0,0.0
2023-07-25 00:00:00-04:00,24.739999771118164,25.75,24.559999465942383,25.639999389648438,206200,0.0,0.0
2023-07-26 00:00:00-04:00,25.440000534057617,25.989999771118164,24.420000076293945,24.809999465942383,158400,0.0,0.0
2023-07-27 00:00:00-04:00,25.049999237060547,25.15999984741211,23.90999984741211,23.940000534057617,197000,0.0,0.0
2023-07-28 00:00:00-04:00,24.260000228881836,25.700000762939453,23.81999969482422,25.510000228881836,232700,0.0,0.0
2023-07-31 00:00:00-04:00,26.3799991607666,26.743000030517578,25.06999969482422,25.5,258400,0.0,0.0
2023-08-01 00:00:00-04:00,25.0,25.200000762939453,24.299999237060547,24.5,259000,0.0,0.0
2023-08-02 00:00:00-04:00,23.8799991607666,24.559999465942383,23.510000228881836,24.270000457763672,199100,0.0,0.0
2023-08-03 00:00:00-04:00,24.5,24.860000610351562,22.06999969482422,23.940000534057617,502800,0.0,0.0
2023-08-04 00:00:00-04:00,24.530000686645508,30.670000076293945,24.25,30.3799991607666,1233300,0.0,0.0
2023-08-07 00:00:00-04:00,30.219999313354492,31.600000381469727,29.850000381469727,30.5,579000,0.0,0.0
2023-08-08 00:00:00-04:00,30.290000915527344,30.8799991607666,29.899999618530273,30.489999771118164,547100,0.0,0.0
2023-08-09 00:00:00-04:00,30.450000762939453,30.790000915527344,29.700000762939453,30.299999237060547,397800,0.0,0.0
2023-08-10 00:00:00-04:00,30.450000762939453,31.18000030517578,29.200000762939453,29.68000030517578,221600,0.0,0.0
2023-08-11 00:00:00-04:00,29.670000076293945,30.202999114990234,28.709999084472656,28.93000030517578,234100,0.0,0.0
2023-08-14 00:00:00-04:00,28.860000610351562,29.523000717163086,28.639999389648438,28.889999389648438,203800,0.0,0.0
2023-08-15 00:00:00-04:00,28.850000381469727,29.299999237060547,28.0049991607666,29.040000915527344,218000,0.0,0.0
2023-08-16 00:00:00-04:00,29.149999618530273,29.760000228881836,29.049999237060547,29.239999771118164,351500,0.0,0.0
2023-08-17 00:00:00-04:00,29.350000381469727,29.695999145507812,26.100000381469727,26.360000610351562,429600,0.0,0.0
2023-08-18 00:00:00-04:00,26.25,27.364999771118164,25.899999618530273,26.809999465942383,268800,0.0,0.0
2023-08-21 00:00:00-04:00,27.09000015258789,27.3700008392334,26.011999130249023,26.690000534057617,205300,0.0,0.0
2023-08-22 00:00:00-04:00,26.940000534057617,27.2450008392334,26.3799991607666,26.489999771118164,157500,0.0,0.0
2023-08-23 00:00:00-04:00,26.56999969482422,27.829999923706055,26.56999969482422,27.170000076293945,237100,0.0,0.0
2023-08-24 00:00:00-04:00,27.639999389648438,27.969999313354492,26.549999237060547,26.59000015258789,152400,0.0,0.0
2023-08-25 00:00:00-04:00,26.68000030517578,26.68000030517578,25.18000030517578,26.110000610351562,179000,0.0,0.0
2023-08-28 00:00:00-04:00,26.270000457763672,26.579999923706055,26.100000381469727,26.31999969482422,108600,0.0,0.0
2023-08-29 00:00:00-04:00,26.549999237060547,28.3700008392334,26.549999237060547,28.100000381469727,372000,0.0,0.0
2023-08-30 00:00:00-04:00,28.239999771118164,28.809999465942383,28.020000457763672,28.290000915527344,225900,0.0,0.0
2023-08-31 00:00:00-04:00,28.200000762939453,29.200000762939453,28.020000457763672,28.81999969482422,238900,0.0,0.0
2023-09-01 00:00:00-04:00,29.309999465942383,30.1200008392334,28.700000762939453,29.899999618530273,225800,0.0,0.0
2023-09-05 00:00:00-04:00,29.670000076293945,29.670000076293945,27.459999084472656,27.790000915527344,317500,0.0,0.0
2023-09-06 00:00:00-04:00,27.770000457763672,28.476999282836914,27.679000854492188,27.850000381469727,137800,0.0,0.0
2023-09-07 00:00:00-04:00,27.739999771118164,28.260000228881836,27.420000076293945,27.959999084472656,126400,0.0,0.0
2023-09-08 00:00:00-04:00,27.809999465942383,28.114999771118164,27.25,27.290000915527344,78500,0.0,0.0
2023-09-11 00:00:00-04:00,27.850000381469727,28.950000762939453,27.764999389648438,28.1299991607666,302300,0.0,0.0
2023-09-12 00:00:00-04:00,27.860000610351562,28.25,26.780000686645508,26.799999237060547,191500,0.0,0.0
2023-09-13 00:00:00-04:00,26.65999984741211,26.940000534057617,25.5,26.010000228881836,266100,0.0,0.0
2023-09-14 00:00:00-04:00,26.100000381469727,26.594999313354492,25.655000686645508,25.780000686645508,221200,0.0,0.0
2023-09-15 00:00:00-04:00,25.329999923706055,25.514999389648438,23.81999969482422,24.030000686645508,1310400,0.0,0.0
2023-09-18 00:00:00-04:00,23.649999618530273,23.989999771118164,23.020000457763672,23.59000015258789,367900,0.0,0.0
2023-09-19 00:00:00-04:00,23.530000686645508,24.099000930786133,23.190000534057617,23.68000030517578,301900,0.0,0.0
2023-09-20 00:00:00-04:00,23.68000030517578,24.549999237060547,23.209999084472656,23.360000610351562,223700,0.0,0.0
2023-09-21 00:00:00-04:00,22.770000457763672,22.989999771118164,22.059999465942383,22.1299991607666,272900,0.0,0.0
2023-09-22 00:00:00-04:00,22.43000030517578,22.6299991607666,21.940000534057617,22.31999969482422,233000,0.0,0.0
2023-09-25 00:00:00-04:00,22.049999237060547,22.65999984741211,22.049999237060547,22.31999969482422,128600,0.0,0.0
2023-09-26 00:00:00-04:00,22.25,22.479999542236328,22.030000686645508,22.1299991607666,208300,0.0,0.0
2023-09-27 00:00:00-04:00,22.360000610351562,22.56999969482422,22.06999969482422,22.31999969482422,239200,0.0,0.0
2023-09-28 00:00:00-04:00,22.260000228881836,22.639999389648438,22.139999389648438,22.3700008392334,205600,0.0,0.0
2023-09-29 00:00:00-04:00,22.649999618530273,22.989999771118164,21.940000534057617,22.229999542236328,597900,0.0,0.0
2023-10-02 00:00:00-04:00,22.0,22.55500030517578,21.790000915527344,21.940000534057617,379400,0.0,0.0
2023-10-03 00:00:00-04:00,21.75,21.920000076293945,20.520000457763672,20.59000015258789,296700,0.0,0.0
2023-10-04 00:00:00-04:00,20.8799991607666,21.290000915527344,20.610000610351562,20.940000534057617,231400,0.0,0.0
2023-10-05 00:00:00-04:00,20.81999969482422,21.3700008392334,20.799999237060547,21.170000076293945,367800,0.0,0.0
2023-10-06 00:00:00-04:00,20.739999771118164,21.770000457763672,20.565000534057617,21.68000030517578,320100,0.0,0.0
2023-10-09 00:00:00-04:00,21.760000228881836,21.760000228881836,21.052000045776367,21.540000915527344,285200,0.0,0.0
2023-10-10 00:00:00-04:00,21.469999313354492,22.270000457763672,21.469999313354492,21.579999923706055,270700,0.0,0.0
2023-10-11 00:00:00-04:00,21.639999389648438,22.14299964904785,20.959999084472656,21.59000015258789,324000,0.0,0.0
2023-10-12 00:00:00-04:00,21.540000915527344,21.540000915527344,20.6200008392334,20.690000534057617,285000,0.0,0.0
2023-10-13 00:00:00-04:00,20.799999237060547,21.049999237060547,20.600000381469727,20.920000076293945,153000,0.0,0.0
2023-10-16 00:00:00-04:00,20.899999618530273,21.09000015258789,20.610000610351562,21.030000686645508,261500,0.0,0.0
2023-10-17 00:00:00-04:00,20.739999771118164,21.239999771118164,20.6299991607666,20.889999389648438,437700,0.0,0.0
2023-10-18 00:00:00-04:00,20.600000381469727,20.84000015258789,19.489999771118164,19.520000457763672,313000,0.0,0.0
2023-10-19 00:00:00-04:00,19.43000030517578,19.719999313354492,18.84000015258789,18.950000762939453,410700,0.0,0.0
2023-10-20 00:00:00-04:00,19.040000915527344,19.25,18.559999465942383,18.59000015258789,335100,0.0,0.0
2023-10-23 00:00:00-04:00,18.549999237060547,19.204999923706055,18.549999237060547,18.989999771118164,372600,0.0,0.0
2023-10-24 00:00:00-04:00,19.25,19.639999389648438,19.100000381469727,19.260000228881836,150100,0.0,0.0
2023-10-25 00:00:00-04:00,19.0,19.110000610351562,18.739999771118164,18.760000228881836,177300,0.0,0.0
2023-10-26 00:00:00-04:00,18.90999984741211,18.989999771118164,18.290000915527344,18.6299991607666,327400,0.0,0.0
2023-10-27 00:00:00-04:00,18.780000686645508,19.420000076293945,18.780000686645508,19.149999618530273,379600,0.0,0.0
2023-10-30 00:00:00-04:00,19.399999618530273,19.725000381469727,18.760000228881836,19.06999969482422,158500,0.0,0.0
2023-10-31 00:00:00-04:00,19.030000686645508,19.829999923706055,18.920000076293945,19.690000534057617,452100,0.0,0.0
2023-11-01 00:00:00-04:00,19.559999465942383,20.399999618530273,19.18000030517578,20.229999542236328,425000,0.0,0.0
2023-11-02 00:00:00-04:00,21.149999618530273,22.309999465942383,21.149999618530273,21.84000015258789,678500,0.0,0.0
2023-11-03 00:00:00-04:00,22.479999542236328,23.099000930786133,21.7549991607666,22.59000015258789,533800,0.0,0.0
2023-11-06 00:00:00-05:00,22.6299991607666,22.889999389648438,22.100000381469727,22.219999313354492,440800,0.0,0.0
2023-11-07 00:00:00-05:00,22.280000686645508,23.0,22.280000686645508,22.920000076293945,253000,0.0,0.0
2023-11-08 00:00:00-05:00,22.93000030517578,23.010000228881836,22.420000076293945,22.979999542236328,227800,0.0,0.0
2023-11-09 00:00:00-05:00,23.020000457763672,23.31999969482422,22.399999618530273,22.639999389648438,260000,0.0,0.0
2023-11-10 00:00:00-05:00,22.790000915527344,23.510000228881836,22.70800018310547,23.1200008392334,482100,0.0,0.0
2023-11-13 00:00:00-05:00,23.010000228881836,23.010000228881836,22.290000915527344,22.6299991607666,191100,0.0,0.0
2023-11-14 00:00:00-05:00,23.739999771118164,25.049999237060547,23.684999465942383,24.3700008392334,538400,0.0,0.0
2023-11-15 00:00:00-05:00,24.530000686645508,24.940000534057617,24.43000030517578,24.600000381469727,444800,0.0,0.0
2023-11-16 00:00:00-05:00,24.719999313354492,24.979999542236328,23.950000762939453,24.290000915527344,362000,0.0,0.0
2023-11-17 00:00:00-05:00,24.399999618530273,24.950000762939453,24.399999618530273,24.40999984741211,332900,0.0,0.0
2023-11-20 00:00:00-05:00,24.40999984741211,24.65999984741211,24.1200008392334,24.559999465942383,250000,0.0,0.0
2023-11-21 00:00:00-05:00,24.40999984741211,24.799999237060547,24.260000228881836,24.600000381469727,349300,0.0,0.0
2023-11-22 00:00:00-05:00,24.899999618530273,25.450000762939453,24.485000610351562,24.6299991607666,317600,0.0,0.0
2023-11-24 00:00:00-05:00,24.559999465942383,24.790000915527344,24.209999084472656,24.520000457763672,198300,0.0,0.0
2023-11-27 00:00:00-05:00,24.549999237060547,25.479999542236328,24.489999771118164,25.350000381469727,579100,0.0,0.0
2023-11-28 00:00:00-05:00,25.299999237060547,25.309999465942383,24.110000610351562,24.149999618530273,595400,0.0,0.0
2023-11-29 00:00:00-05:00,24.670000076293945,25.100000381469727,23.950000762939453,24.5,442200,0.0,0.0
2023-11-30 00:00:00-05:00,24.649999618530273,24.93000030517578,24.0,24.34000015258789,273400,0.0,0.0
2023-12-01 00:00:00-05:00,24.34000015258789,25.5,24.239999771118164,25.5,467100,0.0,0.0
2023-12-04 00:00:00-05:00,25.559999465942383,26.229999542236328,25.43000030517578,26.049999237060547,401100,0.0,0.0
2023-12-05 00:00:00-05:00,25.959999084472656,26.059999465942383,25.520000457763672,26.049999237060547,244600,0.0,0.0
2023-12-06 00:00:00-05:00,26.559999465942383,27.920000076293945,26.549999237060547,27.34000015258789,649900,0.0,0.0
2023-12-07 00:00:00-05:00,27.389999389648438,28.229999542236328,27.219999313354492,28.1299991607666,873200,0.0,0.0
2023-12-08 00:00:00-05:00,27.899999618530273,28.780000686645508,27.899999618530273,28.459999084472656,834900,0.0,0.0
2023-12-11 00:00:00-05:00,28.450000762939453,28.749000549316406,27.700000762939453,28.56999969482422,322800,0.0,0.0
2023-12-12 00:00:00-05:00,28.579999923706055,28.700000762939453,27.8700008392334,28.010000228881836,256900,0.0,0.0
2023-12-13 00:00:00-05:00,28.229999542236328,28.229999542236328,26.239999771118164,27.68000030517578,627400,0.0,0.0
2023-12-14 00:00:00-05:00,28.75,31.6299991607666,28.440000534057617,31.610000610351562,1213600,0.0,0.0
2023-12-15 00:00:00-05:00,31.59000015258789,31.90999984741211,30.329999923706055,31.459999084472656,845200,0.0,0.0
2023-12-18 00:00:00-05:00,31.700000762939453,31.989999771118164,31.149999618530273,31.65999984741211,444600,0.0,0.0
2023-12-19 00:00:00-05:00,32.0,34.900001525878906,31.97100067138672,34.630001068115234,949400,0.0,0.0
2023-12-20 00:00:00-05:00,34.5,36.900001525878906,34.349998474121094,35.349998474121094,998500,0.0,0.0
2023-12-21 00:00:00-05:00,36.0,36.290000915527344,35.474998474121094,36.060001373291016,509100,0.0,0.0
2023-12-22 00:00:00-05:00,36.79999923706055,37.0,35.29999923706055,35.650001525878906,499000,0.0,0.0
2023-12-26 00:00:00-05:00,35.400001525878906,36.40999984741211,35.400001525878906,36.11000061035156,281600,0.0,0.0
2023-12-27 00:00:00-05:00,36.349998474121094,36.69900131225586,35.875,36.40999984741211,351600,0.0,0.0
2023-12-28 00:00:00-05:00,36.16999816894531,36.59299850463867,35.77399826049805,36.27000045776367,234400,0.0,0.0
2023-12-29 00:00:00-05:00,36.0,36.400001525878906,35.38999938964844,35.529998779296875,443900,0.0,0.0
2024-01-02 00:00:00-05:00,34.880001068115234,35.13999938964844,34.0099983215332,34.459999084472656,475200,0.0,0.0
2024-01-03 00:00:00-05:00,33.66999816894531,33.9900016784668,33.15999984741211,33.59000015258789,387100,0.0,0.0
2024-01-04 00:00:00-05:00,33.47999954223633,34.11000061035156,32.72999954223633,32.84000015258789,347100,0.0,0.0
2024-01-05 00:00:00-05:00,32.459999084472656,33.25299835205078,32.0,32.88999938964844,468800,0.0,0.0
2024-01-08 00:00:00-05:00,33.16999816894531,34.16299819946289,33.06999969482422,33.40999984741211,313600,0.0,0.0
2024-01-09 00:00:00-05:00,32.81999969482422,33.34000015258789,32.470001220703125,32.650001525878906,255200,0.0,0.0
2024-01-10 00:00:00-05:00,33.25,34.02000045776367,33.10499954223633,33.88999938964844,401100,0.0,0.0
2024-01-11 00:00:00-05:00,33.70000076293945,33.810001373291016,32.369998931884766,33.47999954223633,234700,0.0,0.0
2024-01-12 00:00:00-05:00,33.95000076293945,33.97999954223633,32.25,32.63999938964844,209300,0.0,0.0
2024-01-16 00:00:00-05:00,32.27000045776367,32.59400177001953,31.149999618530273,31.729999542236328,370500,0.0,0.0
2024-01-17 00:00:00-05:00,31.049999237060547,31.190000534057617,30.360000610351562,31.1200008392334,337600,0.0,0.0
2024-01-18 00:00:00-05:00,31.709999084472656,32.060001373291016,31.149999618530273,31.920000076293945,281200,0.0,0.0
2024-01-19 00:00:00-05:00,32.04999923706055,33.349998474121094,31.709999084472656,33.040000915527344,272700,0.0,0.0
2024-01-22 00:00:00-05:00,33.59000015258789,34.47999954223633,33.220001220703125,34.31999969482422,408000,0.0,0.0
2024-01-23 00:00:00-05:00,34.0,34.0,31.31999969482422,31.719999313354492,337200,0.0,0.0
2024-01-24 00:00:00-05:00,32.470001220703125,32.70000076293945,30.690000534057617,30.81999969482422,288600,0.0,0.0
2024-01-25 00:00:00-05:00,31.399999618530273,31.920000076293945,31.18000030517578,31.899999618530273,201700,0.0,0.0
2024-01-26 00:00:00-05:00,32.0099983215332,32.29999923706055,31.44499969482422,31.989999771118164,145700,0.0,0.0
2024-01-29 00:00:00-05:00,32.209999084472656,33.5,32.099998474121094,33.45000076293945,254300,0.0,0.0
2024-01-30 00:00:00-05:00,33.66999816894531,34.15999984741211,33.209999084472656,33.560001373291016,185200,0.0,0.0
2024-01-31 00:00:00-05:00,33.349998474121094,34.439998626708984,32.790000915527344,32.869998931884766,268900,0.0,0.0
2024-02-01 00:00:00-05:00,33.310001373291016,34.11000061035156,32.560001373291016,34.0,299300,0.0,0.0
2024-02-02 00:00:00-05:00,33.15999984741211,33.619998931884766,32.38999938964844,33.27000045776367,254300,0.0,0.0
2024-02-05 00:00:00-05:00,32.689998626708984,33.13999938964844,30.280000686645508,31.030000686645508,522800,0.0,0.0
2024-02-06 00:00:00-05:00,30.899999618530273,31.549999237060547,30.479999542236328,31.209999084472656,321700,0.0,0.0
2024-02-07 00:00:00-05:00,31.350000381469727,31.93000030517578,30.920000076293945,31.219999313354492,213500,0.0,0.0
2024-02-08 00:00:00-05:00,31.219999313354492,31.7549991607666,30.625,31.600000381469727,281400,0.0,0.0
2024-02-09 00:00:00-05:00,31.770000457763672,32.97999954223633,31.149999618530273,32.45000076293945,264900,0.0,0.0
2024-02-12 00:00:00-05:00,32.56999969482422,34.70000076293945,32.53799819946289,34.150001525878906,367000,0.0,0.0
2024-02-13 00:00:00-05:00,32.220001220703125,32.220001220703125,31.110000610351562,31.709999084472656,389400,0.0,0.0
2024-02-14 00:00:00-05:00,32.45000076293945,33.2599983215332,31.899999618530273,33.18000030517578,252500,0.0,0.0
2024-02-15 00:00:00-05:00,33.4900016784668,33.5,32.54999923706055,33.439998626708984,205300,0.0,0.0
2024-02-16 00:00:00-05:00,32.58000183105469,32.92499923706055,32.22999954223633,32.619998931884766,264900,0.0,0.0
2024-02-20 00:00:00-05:00,32.060001373291016,32.88999938964844,31.690000534057617,32.88999938964844,258800,0.0,0.0
2024-02-21 00:00:00-05:00,32.88999938964844,33.810001373291016,32.63999938964844,33.2599983215332,311800,0.0,0.0
2024-02-22 00:00:00-05:00,33.41999816894531,35.59000015258789,33.41999816894531,34.40999984741211,436000,0.0,0.0
2024-02-23 00:00:00-05:00,34.650001525878906,35.880001068115234,34.650001525878906,35.400001525878906,327600,0.0,0.0
2024-02-26 00:00:00-05:00,37.27000045776367,38.91999816894531,37.04999923706055,37.86000061035156,974100,0.0,0.0
2024-02-27 00:00:00-05:00,38.400001525878906,39.33000183105469,37.54999923706055,37.7599983215332,506800,0.0,0.0
2024-02-28 00:00:00-05:00,37.290000915527344,37.369998931884766,33.58599853515625,34.529998779296875,833200,0.0,0.0
2024-02-29 00:00:00-05:00,36.29999923706055,39.75,35.44599914550781,39.130001068115234,961200,0.0,0.0
2024-03-01 00:00:00-05:00,39.869998931884766,40.39799880981445,38.18000030517578,38.540000915527344,562000,0.0,0.0
2024-03-04 00:00:00-05:00,38.86000061035156,39.98699951171875,38.5,38.90999984741211,407300,0.0,0.0
2024-03-05 00:00:00-05:00,38.689998626708984,39.198001861572266,37.34000015258789,37.72999954223633,706100,0.0,0.0
2024-03-06 00:00:00-05:00,38.2599983215332,38.709999084472656,37.099998474121094,38.66999816894531,377400,0.0,0.0
2024-03-07 00:00:00-05:00,39.290000915527344,39.88999938964844,38.209999084472656,38.4900016784668,320000,0.0,0.0
2024-03-08 00:00:00-05:00,38.83000183105469,39.650001525878906,37.81999969482422,37.86000061035156,291100,0.0,0.0
2024-03-11 00:00:00-04:00,37.72999954223633,38.439998626708984,36.849998474121094,38.349998474121094,359300,0.0,0.0
2024-03-12 00:00:00-04:00,38.130001068115234,40.303001403808594,37.83000183105469,40.099998474121094,457400,0.0,0.0
2024-03-13 00:00:00-04:00,40.09000015258789,41.77000045776367,39.88999938964844,41.16999816894531,532800,0.0,0.0
2024-03-14 00:00:00-04:00,41.099998474121094,41.099998474121094,37.61000061035156,37.70000076293945,573500,0.0,0.0
2024-03-15 00:00:00-04:00,37.29999923706055,37.83000183105469,35.042999267578125,35.5099983215332,890300,0.0,0.0
2024-03-18 00:00:00-04:00,35.959999084472656,36.599998474121094,34.7239990234375,35.29999923706055,277800,0.0,0.0
2024-03-19 00:00:00-04:00,34.88999938964844,35.959999084472656,34.50600051879883,35.83000183105469,291600,0.0,0.0
2024-03-20 00:00:00-04:00,35.5099983215332,38.939998626708984,35.5099983215332,38.75,417500,0.0,0.0
2024-03-21 00:00:00-04:00,39.41999816894531,40.98500061035156,39.20600128173828,39.75,425200,0.0,0.0
2024-03-22 00:00:00-04:00,40.40999984741211,42.512001037597656,39.79999923706055,42.06999969482422,633000,0.0,0.0
2024-03-25 00:00:00-04:00,42.150001525878906,43.20000076293945,42.04999923706055,42.630001068115234,462900,0.0,0.0
2024-03-26 00:00:00-04:00,42.88999938964844,43.400001525878906,41.18000030517578,41.529998779296875,521800,0.0,0.0
2024-03-27 00:00:00-04:00,42.25,42.40999984741211,41.099998474121094,41.97999954223633,320200,0.0,0.0
2024-03-28 00:00:00-04:00,41.97999954223633,44.380001068115234,41.97999954223633,43.72999954223633,505700,0.0,0.0
2024-04-01 00:00:00-04:00,43.75,43.79999923706055,42.560001373291016,42.88999938964844,395800,0.0,0.0
2024-04-02 00:00:00-04:00,42.47999954223633,42.47999954223633,40.900001525878906,41.66999816894531,544400,0.0,0.0
2024-04-03 00:00:00-04:00,41.2599983215332,43.20000076293945,41.2599983215332,43.029998779296875,459000,0.0,0.0
2024-04-04 00:00:00-04:00,43.88999938964844,44.279998779296875,42.08000183105469,42.130001068115234,350800,0.0,0.0
2024-04-05 00:00:00-04:00,42.130001068115234,43.709999084472656,42.130001068115234,42.91999816894531,571200,0.0,0.0
2024-04-08 00:00:00-04:00,43.15999984741211,43.45000076293945,41.77000045776367,42.09000015258789,410400,0.0,0.0
2024-04-09 00:00:00-04:00,42.540000915527344,42.540000915527344,39.41999816894531,40.029998779296875,486700,0.0,0.0
2024-04-10 00:00:00-04:00,38.09000015258789,39.38999938964844,37.5,38.150001525878906,502600,0.0,0.0
2024-04-11 00:00:00-04:00,38.189998626708984,38.849998474121094,38.0,38.29999923706055,357500,0.0,0.0
2024-04-12 00:00:00-04:00,37.689998626708984,38.619998931884766,37.33000183105469,38.58000183105469,435900,0.0,0.0
2024-04-15 00:00:00-04:00,38.59000015258789,38.849998474121094,35.63999938964844,36.34000015258789,567100,0.0,0.0
2024-04-16 00:00:00-04:00,36.349998474121094,36.349998474121094,34.34199905395508,34.7599983215332,554100,0.0,0.0
2024-04-17 00:00:00-04:00,35.0,35.29999923706055,34.290000915527344,34.29999923706055,427000,0.0,0.0
2024-04-18 00:00:00-04:00,35.34000015258789,35.34000015258789,33.91999816894531,34.189998626708984,520900,0.0,0.0
2024-04-19 00:00:00-04:00,33.83000183105469,34.38999938964844,32.91999816894531,33.790000915527344,628200,0.0,0.0
2024-04-22 00:00:00-04:00,34.06999969482422,35.08000183105469,33.15999984741211,34.13999938964844,377400,0.0,0.0
2024-04-23 00:00:00-04:00,34.25,36.470001220703125,33.84000015258789,36.459999084472656,461100,0.0,0.0
2024-04-24 00:00:00-04:00,36.290000915527344,37.529998779296875,35.15999984741211,35.540000915527344,290600,0.0,0.0
2024-04-25 00:00:00-04:00,34.27000045776367,35.5099983215332,33.58000183105469,35.34000015258789,308600,0.0,0.0
2024-04-26 00:00:00-04:00,35.619998931884766,37.04999923706055,35.5099983215332,36.290000915527344,281100,0.0,0.0
2024-04-29 00:00:00-04:00,36.619998931884766,37.029998779296875,36.09000015258789,36.70000076293945,178400,0.0,0.0
2024-04-30 00:00:00-04:00,35.810001373291016,36.165000915527344,35.38999938964844,35.5,260900,0.0,0.0
2024-05-01 00:00:00-04:00,35.470001220703125,36.959999084472656,34.650001525878906,35.65999984741211,275700,0.0,0.0
2024-05-02 00:00:00-04:00,33.0099983215332,33.27000045776367,31.1299991607666,32.279998779296875,683600,0.0,0.0
2024-05-03 00:00:00-04:00,34.0099983215332,34.0099983215332,30.90999984741211,31.229999542236328,1026600,0.0,0.0
2024-05-06 00:00:00-04:00,31.850000381469727,32.6349983215332,31.209999084472656,31.309999465942383,585000,0.0,0.0
2024-05-07 00:00:00-04:00,31.15999984741211,31.209999084472656,30.200000762939453,30.760000228881836,575100,0.0,0.0
2024-05-08 00:00:00-04:00,30.780000686645508,30.780000686645508,29.860000610351562,29.8799991607666,459600,0.0,0.0
2024-05-09 00:00:00-04:00,29.8799991607666,31.0,29.579999923706055,30.5,569100,0.0,0.0
2024-05-10 00:00:00-04:00,30.5,30.860000610351562,29.940000534057617,30.6200008392334,321700,0.0,0.0
2024-05-13 00:00:00-04:00,31.280000686645508,31.48200035095215,29.65999984741211,30.170000076293945,490500,0.0,0.0
2024-05-14 00:00:00-04:00,30.450000762939453,31.020000457763672,30.18000030517578,30.700000762939453,355000,0.0,0.0
2024-05-15 00:00:00-04:00,31.600000381469727,32.9900016784668,31.290000915527344,32.849998474121094,552800,0.0,0.0
2024-05-16 00:00:00-04:00,32.43000030517578,32.54999923706055,28.68000030517578,28.690000534057617,725300,0.0,0.0
2024-05-17 00:00:00-04:00,28.809999465942383,29.489999771118164,28.209999084472656,29.280000686645508,574400,0.0,0.0
2024-05-20 00:00:00-04:00,29.229999542236328,29.639999389648438,28.979999542236328,29.239999771118164,364300,0.0,0.0
2024-05-21 00:00:00-04:00,28.899999618530273,29.309999465942383,28.489999771118164,28.65999984741211,416200,0.0,0.0
2024-05-22 00:00:00-04:00,28.350000381469727,28.639999389648438,27.510000228881836,27.6299991607666,610600,0.0,0.0
2024-05-23 00:00:00-04:00,28.18000030517578,28.243999481201172,26.875,27.219999313354492,466800,0.0,0.0
2024-05-24 00:00:00-04:00,27.6200008392334,28.280000686645508,27.329999923706055,28.25,320200,0.0,0.0
2024-05-28 00:00:00-04:00,28.5,29.059999465942383,28.25,28.649999618530273,613800,0.0,0.0
2024-05-29 00:00:00-04:00,28.06999969482422,28.434999465942383,27.34000015258789,27.549999237060547,490100,0.0,0.0
2024-05-30 00:00:00-04:00,27.989999771118164,28.690000534057617,27.825000762939453,28.309999465942383,303700,0.0,0.0
2024-05-31 00:00:00-04:00,28.5,28.84000015258789,27.860000610351562,28.40999984741211,486400,0.0,0.0
2024-06-03 00:00:00-04:00,28.790000915527344,28.93000030517578,27.190000534057617,27.309999465942383,429400,0.0,0.0
2024-06-04 00:00:00-04:00,27.0,27.229999542236328,26.47100067138672,26.489999771118164,547900,0.0,0.0
2024-06-05 00:00:00-04:00,26.75,27.489999771118164,26.280000686645508,27.420000076293945,533900,0.0,0.0
2024-06-06 00:00:00-04:00,27.290000915527344,27.459999084472656,26.81999969482422,26.8799991607666,327700,0.0,0.0
2024-06-07 00:00:00-04:00,26.270000457763672,26.69300079345703,25.8799991607666,26.420000076293945,403600,0.0,0.0
2024-06-10 00:00:00-04:00,26.079999923706055,26.90999984741211,26.040000915527344,26.829999923706055,212100,0.0,0.0
2024-06-11 00:00:00-04:00,26.520000457763672,26.665000915527344,26.020000457763672,26.079999923706055,301500,0.0,0.0
2024-06-12 00:00:00-04:00,26.479999542236328,28.59000015258789,26.479999542236328,27.709999084472656,358600,0.0,0.0
2024-06-13 00:00:00-04:00,27.549999237060547,27.549999237060547,26.8700008392334,27.510000228881836,220600,0.0,0.0
2024-06-14 00:00:00-04:00,26.940000534057617,27.1200008392334,26.360000610351562,26.969999313354492,240700,0.0,0.0
2024-06-17 00:00:00-04:00,26.940000534057617,27.34000015258789,26.59000015258789,26.770000457763672,241800,0.0,0.0
2024-06-18 00:00:00-04:00,26.43000030517578,26.815000534057617,26.1200008392334,26.43000030517578,477800,0.0,0.0
2024-06-20 00:00:00-04:00,26.270000457763672,26.799999237060547,25.170000076293945,25.329999923706055,359000,0.0,0.0
2024-06-21 00:00:00-04:00,25.31999969482422,25.739999771118164,25.09000015258789,25.489999771118164,896500,0.0,0.0
2024-06-24 00:00:00-04:00,25.780000686645508,26.649999618530273,25.3700008392334,25.770000457763672,320600,0.0,0.0
2024-06-25 00:00:00-04:00,25.670000076293945,25.670000076293945,24.93000030517578,25.0,256900,0.0,0.0
2024-06-26 00:00:00-04:00,24.84000015258789,25.049999237060547,24.639999389648438,24.799999237060547,252500,0.0,0.0
2024-06-27 00:00:00-04:00,24.780000686645508,25.649999618530273,24.780000686645508,25.530000686645508,246700,0.0,0.0
2024-06-28 00:00:00-04:00,25.75,26.09000015258789,25.31999969482422,25.81999969482422,1304200,0.0,0.0
2024-07-01 00:00:00-04:00,25.8799991607666,26.09000015258789,24.6200008392334,24.780000686645508,350200,0.0,0.0
2024-07-02 00:00:00-04:00,24.6200008392334,24.899999618530273,24.360000610351562,24.729999542236328,221600,0.0,0.0
2024-07-03 00:00:00-04:00,24.68000030517578,25.420000076293945,24.68000030517578,24.889999389648438,156100,0.0,0.0
2024-07-05 00:00:00-04:00,24.68000030517578,24.889999389648438,24.190000534057617,24.489999771118164,285200,0.0,0.0
2024-07-08 00:00:00-04:00,24.950000762939453,25.360000610351562,24.690000534057617,25.350000381469727,315300,0.0,0.0
2024-07-09 00:00:00-04:00,25.170000076293945,25.239999771118164,24.479999542236328,24.59000015258789,365100,0.0,0.0
2024-07-10 00:00:00-04:00,24.81999969482422,25.09000015258789,24.40999984741211,24.8700008392334,346400,0.0,0.0
2024-07-11 00:00:00-04:00,25.989999771118164,27.139999389648438,25.8799991607666,26.90999984741211,702400,0.0,0.0
2024-07-12 00:00:00-04:00,27.3700008392334,28.260000228881836,27.3700008392334,27.829999923706055,471100,0.0,0.0
2024-07-15 00:00:00-04:00,28.200000762939453,29.25,27.950000762939453,28.15999984741211,409100,0.0,0.0
2024-07-16 00:00:00-04:00,29.149999618530273,30.825000762939453,28.770000457763672,30.579999923706055,618300,0.0,0.0
2024-07-17 00:00:00-04:00,30.0,30.8700008392334,29.948999404907227,30.520000457763672,661100,0.0,0.0
2024-07-18 00:00:00-04:00,30.5,32.79800033569336,29.969999313354492,30.280000686645508,870500,0.0,0.0
2024-07-19 00:00:00-04:00,30.049999237060547,31.5,29.690000534057617,30.989999771118164,391100,0.0,0.0
2024-07-22 00:00:00-04:00,31.190000534057617,32.2400016784668,30.760000228881836,32.150001525878906,358300,0.0,0.0
2024-07-23 00:00:00-04:00,31.6200008392334,31.989999771118164,31.0,31.149999618530273,661300,0.0,0.0
2024-07-24 00:00:00-04:00,30.799999237060547,31.315000534057617,29.520000457763672,29.65999984741211,385200,0.0,0.0
2024-07-25 00:00:00-04:00,30.309999465942383,32.2599983215332,29.933000564575195,31.549999237060547,448400,0.0,0.0
2024-07-26 00:00:00-04:00,32.0099983215332,34.2400016784668,32.0099983215332,32.68000030517578,450900,0.0,0.0
2024-07-29 00:00:00-04:00,32.939998626708984,33.20000076293945,31.479999542236328,32.0099983215332,349500,0.0,0.0
2024-07-30 00:00:00-04:00,32.41999816894531,32.70000076293945,31.260000228881836,31.959999084472656,244800,0.0,0.0
2024-07-31 00:00:00-04:00,32.27000045776367,32.88999938964844,31.350000381469727,31.549999237060547,363800,0.0,0.0
2024-08-01 00:00:00-04:00,34.959999084472656,34.959999084472656,30.15999984741211,30.40999984741211,456700,0.0,0.0
2024-08-02 00:00:00-04:00,29.030000686645508,29.030000686645508,27.450000762939453,28.25,512400,0.0,0.0
2024-08-05 00:00:00-04:00,26.09000015258789,26.610000610351562,23.459999084472656,26.530000686645508,890600,0.0,0.0
2024-08-06 00:00:00-04:00,26.190000534057617,27.979999542236328,25.604000091552734,27.3700008392334,530200,0.0,0.0
2024-08-07 00:00:00-04:00,28.030000686645508,28.309999465942383,25.94499969482422,26.34000015258789,567400,0.0,0.0
2024-08-08 00:00:00-04:00,27.110000610351562,27.68000030517578,26.719999313354492,27.420000076293945,243500,0.0,0.0
2024-08-09 00:00:00-04:00,27.530000686645508,28.0,27.079999923706055,27.43000030517578,284100,0.0,0.0
2024-08-12 00:00:00-04:00,27.510000228881836,27.760000228881836,27.06999969482422,27.540000915527344,244200,0.0,0.0
2024-08-13 00:00:00-04:00,28.0,28.84000015258789,27.760000228881836,28.649999618530273,354200,0.0,0.0
2024-08-14 00:00:00-04:00,28.920000076293945,28.950000762939453,28.260000228881836,28.739999771118164,897000,0.0,0.0
2024-08-15 00:00:00-04:00,29.329999923706055,29.510000228881836,28.43000030517578,28.850000381469727,507900,0.0,0.0
2024-08-16 00:00:00-04:00,28.649999618530273,29.44499969482422,28.649999618530273,28.780000686645508,330300,0.0,0.0
2024-08-19 00:00:00-04:00,29.0,29.70800018310547,28.8700008392334,29.190000534057617,318000,0.0,0.0
2024-08-20 00:00:00-04:00,29.100000381469727,29.479999542236328,28.809999465942383,29.0,294600,0.0,0.0
2024-08-21 00:00:00-04:00,29.530000686645508,30.579999923706055,29.469999313354492,30.280000686645508,365400,0.0,0.0
2024-08-22 00:00:00-04:00,30.31999969482422,31.239999771118164,30.030000686645508,31.020000457763672,601800,0.0,0.0
2024-08-23 00:00:00-04:00,31.40999984741211,33.61000061035156,31.40999984741211,33.61000061035156,562600,0.0,0.0
2024-08-26 00:00:00-04:00,34.119998931884766,34.439998626708984,32.95000076293945,33.189998626708984,686300,0.0,0.0
2024-08-27 00:00:00-04:00,32.849998474121094,33.446998596191406,32.38999938964844,33.029998779296875,494500,0.0,0.0
2024-08-28 00:00:00-04:00,32.66999816894531,33.029998779296875,32.18000030517578,32.790000915527344,490900,0.0,0.0
2024-08-29 00:00:00-04:00,32.93000030517578,33.68000030517578,32.470001220703125,33.290000915527344,515200,0.0,0.0
2024-08-30 00:00:00-04:00,33.59000015258789,33.65999984741211,32.95000076293945,33.45000076293945,362200,0.0,0.0
2024-09-03 00:00:00-04:00,33.0,33.43000030517578,30.594999313354492,31.059999465942383,413900,0.0,0.0
2024-09-04 00:00:00-04:00,30.889999389648438,31.06999969482422,30.170000076293945,30.670000076293945,263600,0.0,0.0
2024-09-05 00:00:00-04:00,30.780000686645508,31.399999618530273,30.0,30.170000076293945,372800,0.0,0.0
2024-09-06 00:00:00-04:00,30.270000457763672,31.15399932861328,29.920000076293945,30.010000228881836,444500,0.0,0.0
2024-09-09 00:00:00-04:00,30.049999237060547,31.15999984741211,30.049999237060547,30.639999389648438,364600,0.0,0.0
2024-09-10 00:00:00-04:00,30.56999969482422,31.440000534057617,29.899999618530273,31.270000457763672,404000,0.0,0.0
2024-09-11 00:00:00-04:00,30.899999618530273,31.5,30.3700008392334,31.06999969482422,372200,0.0,0.0
2024-09-12 00:00:00-04:00,31.3700008392334,33.189998626708984,31.31999969482422,32.61000061035156,238500,0.0,0.0
2024-09-13 00:00:00-04:00,33.40999984741211,35.150001525878906,33.08000183105469,34.31999969482422,419000,0.0,0.0
2024-09-16 00:00:00-04:00,34.72999954223633,34.90999984741211,33.70000076293945,34.869998931884766,530200,0.0,0.0
2024-09-17 00:00:00-04:00,35.54999923706055,36.27000045776367,34.900001525878906,35.93000030517578,405800,0.0,0.0
2024-09-18 00:00:00-04:00,35.689998626708984,38.54999923706055,35.689998626708984,37.060001373291016,504200,0.0,0.0
2024-09-19 00:00:00-04:00,38.900001525878906,39.150001525878906,36.9900016784668,38.099998474121094,476600,0.0,0.0
2024-09-20 00:00:00-04:00,37.58000183105469,37.689998626708984,36.41999816894531,36.650001525878906,990600,0.0,0.0
2024-09-23 00:00:00-04:00,37.459999084472656,38.02000045776367,36.13999938964844,36.63999938964844,337300,0.0,0.0
2024-09-24 00:00:00-04:00,36.77000045776367,36.97600173950195,35.30500030517578,35.70000076293945,386400,0.0,0.0
2024-09-25 00:00:00-04:00,35.439998626708984,35.81999969482422,34.68000030517578,34.70000076293945,290700,0.0,0.0
2024-09-26 00:00:00-04:00,35.29999923706055,35.58000183105469,34.31999969482422,34.59000015258789,248300,0.0,0.0
2024-09-27 00:00:00-04:00,35.290000915527344,36.75,35.099998474121094,36.65999984741211,284500,0.0,0.0
2024-09-30 00:00:00-04:00,36.25,36.7599983215332,35.790000915527344,36.209999084472656,488000,0.0,0.0
2024-10-01 00:00:00-04:00,35.91999816894531,36.099998474121094,34.5099983215332,36.04999923706055,292600,0.0,0.0
2024-10-02 00:00:00-04:00,35.56999969482422,36.029998779296875,35.06999969482422,35.150001525878906,204400,0.0,0.0
2024-10-03 00:00:00-04:00,34.849998474121094,35.279998779296875,34.349998474121094,34.959999084472656,223100,0.0,0.0
2024-10-04 00:00:00-04:00,35.4900016784668,35.599998474121094,33.150001525878906,34.29999923706055,317300,0.0,0.0
2024-10-07 00:00:00-04:00,33.810001373291016,33.9900016784668,33.0099983215332,33.63999938964844,305400,0.0,0.0
2024-10-08 00:00:00-04:00,33.70000076293945,34.7599983215332,33.27000045776367,33.63999938964844,237000,0.0,0.0
2024-10-09 00:00:00-04:00,33.689998626708984,34.13999938964844,32.7599983215332,32.97999954223633,250700,0.0,0.0
2024-10-10 00:00:00-04:00,32.2400016784668,32.650001525878906,31.6299991607666,32.119998931884766,248300,0.0,0.0
2024-10-11 00:00:00-04:00,32.16999816894531,33.380001068115234,32.16999816894531,32.7400016784668,249300,0.0,0.0
2024-10-14 00:00:00-04:00,32.52000045776367,33.119998931884766,32.16999816894531,33.029998779296875,305700,0.0,0.0
2024-10-15 00:00:00-04:00,33.09000015258789,33.7599983215332,32.84000015258789,33.209999084472656,394900,0.0,0.0
2024-10-16 00:00:00-04:00,33.7400016784668,34.220001220703125,33.7400016784668,33.93000030517578,249400,0.0,0.0
2024-10-17 00:00:00-04:00,34.0,34.099998474121094,33.27000045776367,33.75,265700,0.0,0.0
2024-10-18 00:00:00-04:00,34.18000030517578,35.709999084472656,33.83000183105469,35.22999954223633,365000,0.0,0.0
2024-10-21 00:00:00-04:00,35.2400016784668,35.630001068115234,33.58000183105469,33.86000061035156,381100,0.0,0.0
2024-10-22 00:00:00-04:00,33.09000015258789,33.369998931884766,31.065000534057617,31.360000610351562,764600,0.0,0.0
2024-10-23 00:00:00-04:00,31.190000534057617,32.349998474121094,31.190000534057617,32.02000045776367,576500,0.0,0.0
2024-10-24 00:00:00-04:00,32.79999923706055,33.5,32.40999984741211,32.540000915527344,341600,0.0,0.0
2024-10-25 00:00:00-04:00,32.86000061035156,33.2599983215332,31.649999618530273,32.0099983215332,271600,0.0,0.0
2024-10-28 00:00:00-04:00,32.5,32.79499816894531,31.920000076293945,32.209999084472656,191300,0.0,0.0
2024-10-29 00:00:00-04:00,30.559999465942383,31.389999389648438,30.020000457763672,31.31999969482422,559600,0.0,0.0
2024-10-30 00:00:00-04:00,30.0,31.795000076293945,29.540000915527344,31.149999618530273,352700,0.0,0.0
2024-10-31 00:00:00-04:00,30.329999923706055,30.5,29.360000610351562,29.850000381469727,357700,0.0,0.0
2024-11-01 00:00:00-04:00,30.829999923706055,32.2400016784668,30.584999084472656,30.75,491200,0.0,0.0
2024-11-04 00:00:00-05:00,30.899999618530273,32.099998474121094,30.719999313354492,30.959999084472656,340600,0.0,0.0
2024-11-05 00:00:00-05:00,30.729999542236328,32.650001525878906,30.68000030517578,32.400001525878906,519800,0.0,0.0
2024-11-06 00:00:00-05:00,32.68000030517578,32.970001220703125,30.549999237060547,31.6299991607666,422900,0.0,0.0
2024-11-07 00:00:00-05:00,31.540000915527344,33.11600112915039,31.469999313354492,32.349998474121094,306200,0.0,0.0
2024-11-08 00:00:00-05:00,32.40999984741211,33.2599983215332,31.799999237060547,32.529998779296875,388000,0.0,0.0
2024-11-11 00:00:00-05:00,32.529998779296875,32.529998779296875,30.739999771118164,31.15999984741211,456400,0.0,0.0
2024-11-12 00:00:00-05:00,30.709999084472656,30.799999237060547,29.6200008392334,29.81999969482422,563500,0.0,0.0
2024-11-13 00:00:00-05:00,30.25,30.43000030517578,28.549999237060547,28.639999389648438,755000,0.0,0.0
2024-11-14 00:00:00-05:00,28.700000762939453,29.309999465942383,28.239999771118164,28.639999389648438,398700,0.0,0.0
2024-11-15 00:00:00-05:00,28.610000610351562,28.610000610351562,27.96500015258789,28.110000610351562,330500,0.0,0.0
2024-11-18 00:00:00-05:00,27.799999237060547,28.200000762939453,26.924999237060547,27.25,510200,0.0,0.0
2024-11-19 00:00:00-05:00,26.8700008392334,27.389999389648438,26.229999542236328,27.3700008392334,640500,0.0,0.0
2024-11-20 00:00:00-05:00,27.600000381469727,28.329999923706055,27.399999618530273,27.90999984741211,365000,0.0,0.0
2024-11-21 00:00:00-05:00,30.8700008392334,32.380001068115234,30.43000030517578,30.559999465942383,2223100,0.0,0.0
2024-11-22 00:00:00-05:00,30.93000030517578,31.959999084472656,30.454999923706055,31.649999618530273,6372600,0.0,0.0
2024-11-25 00:00:00-05:00,32.43000030517578,34.3650016784668,32.0099983215332,33.900001525878906,1031100,0.0,0.0
2024-11-26 00:00:00-05:00,33.369998931884766,33.41999816894531,32.22999954223633,32.900001525878906,584800,0.0,0.0
2024-11-27 00:00:00-05:00,33.470001220703125,33.63999938964844,32.709999084472656,33.34000015258789,287400,0.0,0.0
2024-11-29 00:00:00-05:00,33.90999984741211,34.43000030517578,33.220001220703125,33.27000045776367,195500,0.0,0.0
2024-12-02 00:00:00-05:00,33.22999954223633,33.71500015258789,32.709999084472656,33.470001220703125,405100,0.0,0.0
2024-12-03 00:00:00-05:00,33.63999938964844,33.63999938964844,32.63999938964844,33.369998931884766,283700,0.0,0.0
2024-12-04 00:00:00-05:00,33.16999816894531,33.290000915527344,32.040000915527344,32.18000030517578,415100,0.0,0.0
2024-12-05 00:00:00-05:00,32.209999084472656,32.31999969482422,31.09000015258789,31.18000030517578,917600,0.0,0.0
2024-12-06 00:00:00-05:00,31.360000610351562,31.815000534057617,30.0,30.5,537300,0.0,0.0
2024-12-09 00:00:00-05:00,31.020000457763672,31.360000610351562,30.5,30.950000762939453,308300,0.0,0.0
2024-12-10 00:00:00-05:00,30.5,30.510000228881836,29.389999389648438,30.0,513600,0.0,0.0
2024-12-11 00:00:00-05:00,30.43000030517578,30.709999084472656,29.7549991607666,30.0,314900,0.0,0.0
2024-12-12 00:00:00-05:00,29.8799991607666,30.260000228881836,29.229999542236328,29.600000381469727,661500,0.0,0.0
2024-12-13 00:00:00-05:00,29.280000686645508,29.46500015258789,28.43000030517578,28.739999771118164,672100,0.0,0.0
2024-12-16 00:00:00-05:00,28.600000381469727,29.440000534057617,28.25,28.600000381469727,708100,0.0,0.0
2024-12-17 00:00:00-05:00,28.239999771118164,29.1299991607666,26.889999389648438,27.15999984741211,709900,0.0,0.0
2024-12-18 00:00:00-05:00,27.3700008392334,27.600000381469727,25.09000015258789,25.3799991607666,1379800,0.0,0.0
2024-12-19 00:00:00-05:00,25.0,25.145000457763672,22.95199966430664,23.700000762939453,1624400,0.0,0.0
2024-12-20 00:00:00-05:00,23.469999313354492,24.559999465942383,23.139999389648438,23.969999313354492,2796500,0.0,0.0
2024-12-23 00:00:00-05:00,23.8700008392334,23.979999542236328,22.950000762939453,23.899999618530273,838000,0.0,0.0
2024-12-24 00:00:00-05:00,23.56999969482422,24.020000457763672,23.454999923706055,23.950000762939453,288300,0.0,0.0
2024-12-26 00:00:00-05:00,23.639999389648438,24.290000915527344,23.275999069213867,24.079999923706055,490100,0.0,0.0
2024-12-27 00:00:00-05:00,23.969999313354492,24.094999313354492,23.049999237060547,23.190000534057617,378700,0.0,0.0
2024-12-30 00:00:00-05:00,23.030000686645508,23.030000686645508,22.18000030517578,22.84000015258789,462400,0.0,0.0
2024-12-31 00:00:00-05:00,23.18000030517578,23.66699981689453,22.90999984741211,23.270000457763672,627300,0.0,0.0
2025-01-02 00:00:00-05:00,23.65999984741211,24.125,22.709999084472656,22.93000030517578,532400,0.0,0.0
2025-01-03 00:00:00-05:00,23.229999542236328,23.530000686645508,22.770000457763672,23.18000030517578,531000,0.0,0.0
2025-01-06 00:00:00-05:00,23.530000686645508,24.139999389648438,22.75,22.8700008392334,384400,0.0,0.0
2025-01-07 00:00:00-05:00,22.899999618530273,23.270000457763672,22.350000381469727,22.639999389648438,514200,0.0,0.0
2025-01-08 00:00:00-05:00,22.260000228881836,22.388999938964844,21.649999618530273,22.270000457763672,655000,0.0,0.0
2025-01-10 00:00:00-05:00,21.739999771118164,21.989999771118164,21.43000030517578,21.6299991607666,457300,0.0,0.0
2025-01-13 00:00:00-05:00,21.489999771118164,22.155000686645508,21.420000076293945,22.06999969482422,342000,0.0,0.0
2025-01-14 00:00:00-05:00,22.81999969482422,23.56999969482422,22.34000015258789,23.559999465942383,556400,0.0,0.0
2025-01-15 00:00:00-05:00,25.329999923706055,25.540000915527344,24.040000915527344,24.100000381469727,496100,0.0,0.0
2025-01-16 00:00:00-05:00,24.049999237060547,24.280000686645508,23.34000015258789,24.110000610351562,309800,0.0,0.0
2025-01-17 00:00:00-05:00,24.68000030517578,24.878999710083008,23.90999984741211,24.1299991607666,311300,0.0,0.0
2025-01-21 00:00:00-05:00,24.59000015258789,25.0,24.18000030517578,24.229999542236328,446000,0.0,0.0
2025-01-22 00:00:00-05:00,24.030000686645508,24.579999923706055,23.959999084472656,24.559999465942383,252200,0.0,0.0
2025-01-23 00:00:00-05:00,24.40999984741211,25.152999877929688,24.104999542236328,24.65999984741211,295100,0.0,0.0
2025-01-24 00:00:00-05:00,24.65999984741211,24.799999237060547,24.207000732421875,24.479999542236328,282600,0.0,0.0
2025-01-27 00:00:00-05:00,24.200000762939453,25.420000076293945,24.200000762939453,25.09000015258789,368000,0.0,0.0
2025-01-28 00:00:00-05:00,24.959999084472656,24.959999084472656,24.020000457763672,24.100000381469727,308000,0.0,0.0
2025-01-29 00:00:00-05:00,24.09000015258789,24.25,23.18000030517578,23.329999923706055,483500,0.0,0.0
2025-01-30 00:00:00-05:00,23.530000686645508,24.594999313354492,23.399999618530273,24.1299991607666,358200,0.0,0.0
2025-01-31 00:00:00-05:00,23.850000381469727,23.920000076293945,22.770000457763672,23.06999969482422,508600,0.0,0.0
2025-02-03 00:00:00-05:00,22.260000228881836,22.479999542236328,21.530000686645508,21.90999984741211,414200,0.0,0.0
2025-02-04 00:00:00-05:00,21.93000030517578,22.559999465942383,21.719999313354492,22.350000381469727,495200,0.0,0.0
2025-02-05 00:00:00-05:00,22.780000686645508,23.0,21.899999618530273,22.600000381469727,357200,0.0,0.0
2025-02-06 00:00:00-05:00,22.68000030517578,23.030000686645508,22.389999389648438,22.440000534057617,346100,0.0,0.0
2025-02-07 00:00:00-05:00,22.450000762939453,22.69499969482422,21.020000457763672,21.139999389648438,379600,0.0,0.0
2025-02-10 00:00:00-05:00,21.479999542236328,21.639999389648438,21.100000381469727,21.6299991607666,372200,0.0,0.0
2025-02-11 00:00:00-05:00,21.420000076293945,21.979999542236328,21.420000076293945,21.780000686645508,238900,0.0,0.0
2025-02-12 00:00:00-05:00,20.8799991607666,21.12700080871582,20.540000915527344,20.959999084472656,419300,0.0,0.0
2025-02-13 00:00:00-05:00,21.309999465942383,22.35700035095215,21.0,22.079999923706055,346600,0.0,0.0
2025-02-14 00:00:00-05:00,22.510000228881836,23.0,22.329999923706055,22.5,288600,0.0,0.0
2025-02-18 00:00:00-05:00,22.469999313354492,22.479999542236328,21.461000442504883,22.020000457763672,319500,0.0,0.0
2025-02-19 00:00:00-05:00,21.360000610351562,22.184999465942383,21.277999877929688,21.979999542236328,413300,0.0,0.0
2025-02-20 00:00:00-05:00,21.889999389648438,22.299999237060547,21.5,22.010000228881836,398400,0.0,0.0
2025-02-21 00:00:00-05:00,22.43000030517578,22.719999313354492,20.968000411987305,21.309999465942383,460800,0.0,0.0
2025-02-24 00:00:00-05:00,21.350000381469727,21.6200008392334,20.760000228881836,21.0,411400,0.0,0.0
2025-02-25 00:00:00-05:00,23.3700008392334,26.079999923706055,22.610000610351562,24.760000228881836,1577000,0.0,0.0
2025-02-26 00:00:00-05:00,25.010000228881836,25.860000610351562,23.684999465942383,23.969999313354492,767700,0.0,0.0
2025-02-27 00:00:00-05:00,24.190000534057617,24.65999984741211,23.329999923706055,23.489999771118164,453900,0.0,0.0
2025-02-28 00:00:00-05:00,23.540000915527344,24.21500015258789,23.43000030517578,23.90999984741211,556600,0.0,0.0
2025-03-03 00:00:00-05:00,23.989999771118164,24.020000457763672,22.700000762939453,22.84000015258789,495400,0.0,0.0
2025-03-04 00:00:00-05:00,22.440000534057617,24.25,22.15999984741211,23.729999542236328,612400,0.0,0.0
2025-03-05 00:00:00-05:00,23.729999542236328,24.540000915527344,23.674999237060547,24.399999618530273,429100,0.0,0.0
2025-03-06 00:00:00-05:00,24.0,25.229999542236328,24.0,24.93000030517578,594400,0.0,0.0
2025-03-07 00:00:00-05:00,24.809999465942383,25.649999618530273,24.40999984741211,25.3700008392334,526400,0.0,0.0
2025-03-10 00:00:00-04:00,25.209999084472656,26.770000457763672,25.209999084472656,25.940000534057617,676600,0.0,0.0
2025-03-11 00:00:00-04:00,26.059999465942383,26.719999313354492,25.56999969482422,26.079999923706055,525600,0.0,0.0
2025-03-12 00:00:00-04:00,26.670000076293945,26.670000076293945,24.334999084472656,24.3799991607666,542500,0.0,0.0
2025-03-13 00:00:00-04:00,24.040000915527344,24.459999084472656,23.260000228881836,23.399999618530273,419900,0.0,0.0
2025-03-14 00:00:00-04:00,23.8700008392334,24.34000015258789,23.610000610351562,24.229999542236328,326800,0.0,0.0
2025-03-17 00:00:00-04:00,24.079999923706055,24.417999267578125,23.415000915527344,24.020000457763672,367200,0.0,0.0
2025-03-18 00:00:00-04:00,23.889999389648438,24.399999618530273,23.700000762939453,24.049999237060547,335400,0.0,0.0
2025-03-19 00:00:00-04:00,24.260000228881836,25.06999969482422,24.09000015258789,24.600000381469727,502300,0.0,0.0
2025-03-20 00:00:00-04:00,24.190000534057617,25.56999969482422,24.190000534057617,24.729999542236328,408400,0.0,0.0
2025-03-21 00:00:00-04:00,23.8700008392334,24.360000610351562,23.200000762939453,23.440000534057617,849900,0.0,0.0
2025-03-24 00:00:00-04:00,23.6299991607666,24.549999237060547,23.6299991607666,24.469999313354492,328000,0.0,0.0
2025-03-25 00:00:00-04:00,23.90999984741211,24.709999084472656,23.725000381469727,24.170000076293945,329700,0.0,0.0
2025-03-26 00:00:00-04:00,24.15999984741211,24.46500015258789,23.424999237060547,23.860000610351562,368700,0.0,0.0
2025-03-27 00:00:00-04:00,23.760000228881836,24.110000610351562,23.350000381469727,23.65999984741211,255100,0.0,0.0
2025-03-28 00:00:00-04:00,23.829999923706055,23.829999923706055,22.65999984741211,22.700000762939453,469700,0.0,0.0
2025-03-31 00:00:00-04:00,22.399999618530273,22.729999542236328,22.0,22.559999465942383,489300,0.0,0.0
2025-04-01 00:00:00-04:00,22.65999984741211,22.854999542236328,22.020000457763672,22.420000076293945,356800,0.0,0.0
2025-04-02 00:00:00-04:00,21.93000030517578,22.969999313354492,21.93000030517578,22.770000457763672,365900,0.0,0.0
2025-04-03 00:00:00-04:00,21.459999084472656,21.979999542236328,20.559999465942383,21.309999465942383,604300,0.0,0.0
2025-04-04 00:00:00-04:00,20.5,22.799999237060547,20.5,22.399999618530273,1017900,0.0,0.0
2025-04-07 00:00:00-04:00,21.5,23.184999465942383,21.179000854492188,22.440000534057617,1258300,0.0,0.0
2025-04-08 00:00:00-04:00,22.989999771118164,23.03499984741211,20.059999465942383,20.520000457763672,643200,0.0,0.0
2025-04-09 00:00:00-04:00,19.940000534057617,22.719999313354492,19.649999618530273,22.18000030517578,747600,0.0,0.0
2025-04-10 00:00:00-04:00,21.43000030517578,21.94499969482422,20.420000076293945,21.5,413200,0.0,0.0
2025-04-11 00:00:00-04:00,21.40999984741211,21.6299991607666,20.010000228881836,21.6299991607666,453700,0.0,0.0
2025-04-14 00:00:00-04:00,22.09000015258789,22.09000015258789,21.209999084472656,21.799999237060547,266300,0.0,0.0
2025-04-15 00:00:00-04:00,21.709999084472656,22.2450008392334,21.540000915527344,21.649999618530273,427000,0.0,0.0
2025-04-16 00:00:00-04:00,21.170000076293945,21.700000762939453,20.540000915527344,20.940000534057617,565200,0.0,0.0
2025-04-17 00:00:00-04:00,21.010000228881836,21.540000915527344,20.770000457763672,21.489999771118164,371600,0.0,0.0
2025-04-21 00:00:00-04:00,21.290000915527344,21.290000915527344,20.694000244140625,21.040000915527344,382900,0.0,0.0
2025-04-22 00:00:00-04:00,21.329999923706055,22.329999923706055,21.229999542236328,22.260000228881836,396300,0.0,0.0
2025-04-23 00:00:00-04:00,23.100000381469727,23.950000762939453,22.25,22.270000457763672,529900,0.0,0.0
2025-04-24 00:00:00-04:00,22.399999618530273,22.899999618530273,22.059999465942383,22.799999237060547,364900,0.0,0.0
2025-04-25 00:00:00-04:00,22.520000457763672,23.020000457763672,22.219999313354492,22.709999084472656,610800,0.0,0.0
2025-04-28 00:00:00-04:00,22.75,23.3799991607666,22.375,23.0,418800,0.0,0.0
2025-04-29 00:00:00-04:00,22.940000534057617,23.145999908447266,22.23900032043457,22.700000762939453,262600,0.0,0.0
2025-04-30 00:00:00-04:00,22.31999969482422,22.68000030517578,21.989999771118164,22.65999984741211,419300,0.0,0.0
2025-05-01 00:00:00-04:00,23.059999465942383,23.155000686645508,21.940000534057617,22.09000015258789,366400,0.0,0.0
2025-05-02 00:00:00-04:00,22.34000015258789,23.020000457763672,22.329999923706055,22.739999771118164,261600,0.0,0.0
2025-05-05 00:00:00-04:00,22.510000228881836,23.114999771118164,22.30500030517578,22.65999984741211,327800,0.0,0.0
2025-05-06 00:00:00-04:00,22.329999923706055,22.68000030517578,21.280000686645508,21.84000015258789,561400,0.0,0.0
2025-05-07 00:00:00-04:00,22.299999237060547,22.549999237060547,21.829999923706055,22.25,651700,0.0,0.0
2025-05-08 00:00:00-04:00,22.6200008392334,23.364999771118164,22.55500030517578,22.829999923706055,346400,0.0,0.0
2025-05-09 00:00:00-04:00,22.989999771118164,23.450000762939453,22.56999969482422,22.790000915527344,343000,0.0,0.0
2025-05-12 00:00:00-04:00,23.75,24.700000762939453,23.15999984741211,23.68000030517578,474300,0.0,0.0
2025-05-13 00:00:00-04:00,23.940000534057617,24.799999237060547,23.700000762939453,24.219999313354492,473800,0.0,0.0
2025-05-14 00:00:00-04:00,24.1299991607666,24.299999237060547,23.219999313354492,23.260000228881836,330400,0.0,0.0
2025-05-15 00:00:00-04:00,23.280000686645508,23.31999969482422,22.6200008392334,23.190000534057617,229500,0.0,0.0
2025-05-16 00:00:00-04:00,23.25,23.68000030517578,23.0,23.6299991607666,227400,0.0,0.0
2025-05-19 00:00:00-04:00,23.100000381469727,23.540000915527344,22.760000228881836,23.299999237060547,254200,0.0,0.0
2025-05-20 00:00:00-04:00,23.270000457763672,23.360000610351562,22.299999237060547,22.350000381469727,226000,0.0,0.0
2025-05-21 00:00:00-04:00,22.100000381469727,22.389999389648438,21.1200008392334,21.139999389648438,388500,0.0,0.0
2025-05-22 00:00:00-04:00,20.899999618530273,21.242000579833984,20.399999618530273,20.809999465942383,354000,0.0,0.0
2025-05-23 00:00:00-04:00,20.299999237060547,21.139999389648438,20.200000762939453,20.979999542236328,263800,0.0,0.0
2025-05-27 00:00:00-04:00,21.3799991607666,21.71500015258789,20.847999572753906,21.59000015258789,375200,0.0,0.0
2025-05-28 00:00:00-04:00,21.260000228881836,21.469999313354492,20.3700008392334,20.399999618530273,337900,0.0,0.0
2025-05-29 00:00:00-04:00,20.649999618530273,20.940000534057617,20.139999389648438,20.850000381469727,326200,0.0,0.0
2025-05-30 00:00:00-04:00,20.719999313354492,21.11400032043457,20.610000610351562,20.860000610351562,279600,0.0,0.0
2025-06-02 00:00:00-04:00,20.6299991607666,20.809999465942383,20.284000396728516,20.65999984741211,469700,0.0,0.0
2025-06-03 00:00:00-04:00,20.649999618530273,21.34000015258789,20.5,21.18000030517578,307200,0.0,0.0
2025-06-04 00:00:00-04:00,21.34000015258789,22.190000534057617,21.229999542236328,22.059999465942383,334700,0.0,0.0
2025-06-05 00:00:00-04:00,22.079999923706055,22.735000610351562,21.780000686645508,22.420000076293945,1040900,0.0,0.0
2025-06-06 00:00:00-04:00,22.5,22.56999969482422,21.579999923706055,22.020000457763672,544100,0.0,0.0
2025-06-09 00:00:00-04:00,22.420000076293945,23.520000457763672,22.280000686645508,23.219999313354492,430100,0.0,0.0
2025-06-10 00:00:00-04:00,23.5,24.889999389648438,23.389999389648438,24.520000457763672,650000,0.0,0.0
2025-06-11 00:00:00-04:00,24.940000534057617,25.25,22.899999618530273,23.020000457763672,942400,0.0,0.0
2025-06-12 00:00:00-04:00,22.670000076293945,23.549999237060547,22.465999603271484,23.549999237060547,448100,0.0,0.0
2025-06-13 00:00:00-04:00,23.110000610351562,23.69499969482422,22.459999084472656,22.760000228881836,503900,0.0,0.0
2025-06-16 00:00:00-04:00,23.229999542236328,23.354999542236328,22.55500030517578,23.1200008392334,467300,0.0,0.0
2025-06-17 00:00:00-04:00,23.049999237060547,23.756999969482422,21.950000762939453,22.06999969482422,589900,0.0,0.0
2025-06-18 00:00:00-04:00,21.959999084472656,22.795000076293945,21.959999084472656,22.100000381469727,364500,0.0,0.0
2025-06-20 00:00:00-04:00,22.270000457763672,22.59000015258789,21.959999084472656,22.34000015258789,1057000,0.0,0.0
2025-06-23 00:00:00-04:00,22.420000076293945,24.172000885009766,21.84000015258789,24.049999237060547,410700,0.0,0.0
2025-06-24 00:00:00-04:00,24.170000076293945,25.739999771118164,23.79800033569336,24.950000762939453,499900,0.0,0.0
2025-06-25 00:00:00-04:00,24.670000076293945,24.75,23.75,24.209999084472656,295400,0.0,0.0
2025-06-26 00:00:00-04:00,24.329999923706055,24.5,23.809999465942383,24.489999771118164,242400,0.0,0.0
2025-06-27 00:00:00-04:00,24.969999313354492,26.049999237060547,24.850000381469727,25.290000915527344,1155100,0.0,0.0
2025-06-30 00:00:00-04:00,25.290000915527344,25.540000915527344,25.024999618530273,25.1299991607666,294900,0.0,0.0
2025-07-01 00:00:00-04:00,25.030000686645508,28.149999618530273,24.979999542236328,26.770000457763672,721900,0.0,0.0
2025-07-02 00:00:00-04:00,26.75,27.110000610351562,26.290000915527344,26.84000015258789,431300,0.0,0.0
2025-07-03 00:00:00-04:00,27.030000686645508,27.423999786376953,25.829999923706055,26.1200008392334,428000,0.0,0.0
2025-07-07 00:00:00-04:00,25.959999084472656,26.43000030517578,25.59600067138672,26.020000457763672,335500,0.0,0.0
2025-07-08 00:00:00-04:00,25.920000076293945,26.4950008392334,25.510000228881836,26.229999542236328,324400,0.0,0.0
2025-07-09 00:00:00-04:00,26.450000762939453,28.204999923706055,26.450000762939453,27.899999618530273,510900,0.0,0.0
2025-07-10 00:00:00-04:00,27.799999237060547,29.399999618530273,27.670000076293945,28.219999313354492,640400,0.0,0.0
2025-07-11 00:00:00-04:00,27.360000610351562,28.6200008392334,27.31999969482422,28.299999237060547,341500,0.0,0.0
2025-07-14 00:00:00-04:00,28.229999542236328,28.46500015258789,27.690000534057617,28.170000076293945,238700,0.0,0.0
2025-07-15 00:00:00-04:00,28.549999237060547,28.649999618530273,26.440000534057617,26.649999618530273,411200,0.0,0.0
2025-07-16 00:00:00-04:00,26.809999465942383,27.190000534057617,26.25,26.940000534057617,313700,0.0,0.0
2025-07-17 00:00:00-04:00,27.1200008392334,27.450000762939453,26.93000030517578,27.1299991607666,253500,0.0,0.0
2025-07-18 00:00:00-04:00,27.09000015258789,27.139999389648438,24.81999969482422,25.479999542236328,668700,0.0,0.0
2025-07-21 00:00:00-04:00,25.860000610351562,26.69300079345703,25.264999389648438,25.40999984741211,403300,0.0,0.0
2025-07-22 00:00:00-04:00,26.06999969482422,28.709999084472656,25.950000762939453,28.700000762939453,957000,0.0,0.0
2025-07-23 00:00:00-04:00,29.1200008392334,29.1200008392334,27.892000198364258,28.5,522900,0.0,0.0
2025-07-24 00:00:00-04:00,27.93000030517578,28.280000686645508,26.610000610351562,27.299999237060547,478600,0.0,0.0
2025-07-25 00:00:00-04:00,27.450000762939453,27.5,26.68000030517578,27.479999542236328,553400,0.0,0.0
2025-07-28 00:00:00-04:00,27.190000534057617,27.8700008392334,26.5,27.389999389648438,269100,0.0,0.0
2025-07-29 00:00:00-04:00,27.290000915527344,27.610000610351562,27.059999465942383,27.270000457763672,244400,0.0,0.0
2025-07-30 00:00:00-04:00,27.020000457763672,27.729999542236328,26.100000381469727,26.389999389648438,305500,0.0,0.0
2025-07-31 00:00:00-04:00,25.770000457763672,26.299999237060547,25.274999618530273,25.31999969482422,499000,0.0,0.0
2025-08-01 00:00:00-04:00,24.829999923706055,25.700000762939453,24.209999084472656,25.139999389648438,523200,0.0,0.0
2025-08-04 00:00:00-04:00,25.40999984741211,25.8700008392334,25.2450008392334,25.530000686645508,288800,0.0,0.0
2025-08-05 00:00:00-04:00,25.540000915527344,26.93000030517578,25.540000915527344,26.260000228881836,464800,0.0,0.0
2025-08-06 00:00:00-04:00,26.209999084472656,26.489999771118164,25.565000534057617,25.59000015258789,378700,0.0,0.0
2025-08-07 00:00:00-04:00,26.010000228881836,26.56999969482422,25.520000457763672,25.59000015258789,319000,0.0,0.0
2025-08-08 00:00:00-04:00,25.6200008392334,26.059999465942383,25.229999542236328,25.979999542236328,385400,0.0,0.0
2025-08-11 00:00:00-04:00,26.010000228881836,26.309999465942383,24.565000534057617,25.09000015258789,297200,0.0,0.0
2025-08-12 00:00:00-04:00,25.5,25.989999771118164,25.125,25.969999313354492,295500,0.0,0.0
2025-08-13 00:00:00-04:00,26.360000610351562,29.549999237060547,26.06999969482422,29.350000381469727,778300,0.0,0.0
2025-08-14 00:00:00-04:00,27.989999771118164,28.540000915527344,27.32900047302246,28.040000915527344,392100,0.0,0.0
2025-08-15 00:00:00-04:00,28.610000610351562,28.795000076293945,27.860000610351562,28.0,305000,0.0,0.0
2025-08-18 00:00:00-04:00,28.329999923706055,28.56999969482422,27.950000762939453,28.059999465942383,351000,0.0,0.0
2025-08-19 00:00:00-04:00,28.299999237060547,29.43000030517578,28.209999084472656,28.520000457763672,311100,0.0,0.0
2025-08-20 00:00:00-04:00,28.579999923706055,29.08799934387207,27.885000228881836,27.979999542236328,410400,0.0,0.0
2025-08-21 00:00:00-04:00,27.56999969482422,27.729999542236328,26.850000381469727,27.489999771118164,195700,0.0,0.0
2025-08-22 00:00:00-04:00,28.09000015258789,30.399999618530273,27.690000534057617,29.65999984741211,614500,0.0,0.0
2025-08-25 00:00:00-04:00,29.15999984741211,29.520000457763672,28.7450008392334,29.030000686645508,196500,0.0,0.0
2025-08-26 00:00:00-04:00,29.15999984741211,29.170000076293945,28.469999313354492,28.540000915527344,208400,0.0,0.0
2025-08-27 00:00:00-04:00,28.40999984741211,28.790000915527344,27.8700008392334,28.09000015258789,173500,0.0,0.0
2025-08-28 00:00:00-04:00,28.309999465942383,28.350000381469727,27.479999542236328,27.90999984741211,162200,0.0,0.0
2025-08-29 00:00:00-04:00,27.649999618530273,28.209999084472656,27.479999542236328,27.790000915527344,232400,0.0,0.0
2025-09-02 00:00:00-04:00,27.0,27.652000427246094,26.756000518798828,27.40999984741211,257000,0.0,0.0
2025-09-03 00:00:00-04:00,27.299999237060547,28.360000610351562,27.124000549316406,27.809999465942383,249000,0.0,0.0
2025-09-04 00:00:00-04:00,28.1299991607666,29.239999771118164,28.0,28.700000762939453,373700,0.0,0.0
2025-09-05 00:00:00-04:00,29.549999237060547,31.100000381469727,29.360000610351562,30.940000534057617,793800,0.0,0.0
2025-09-08 00:00:00-04:00,31.020000457763672,31.4950008392334,30.200000762939453,30.989999771118164,297700,0.0,0.0
2025-09-09 00:00:00-04:00,30.8799991607666,31.155000686645508,29.3799991607666,29.639999389648438,287000,0.0,0.0
2025-09-10 00:00:00-04:00,29.84000015258789,29.899999618530273,28.81999969482422,29.040000915527344,220800,0.0,0.0
2025-09-11 00:00:00-04:00,29.489999771118164,31.020000457763672,29.225000381469727,30.1200008392334,378400,0.0,0.0
2025-09-12 00:00:00-04:00,29.290000915527344,29.538999557495117,28.610000610351562,29.110000610351562,286800,0.0,0.0
2025-09-15 00:00:00-04:00,29.209999084472656,29.21500015258789,28.139999389648438,28.780000686645508,309400,0.0,0.0
2025-09-16 00:00:00-04:00,28.780000686645508,29.25,27.96500015258789,28.469999313354492,310100,0.0,0.0
2025-09-17 00:00:00-04:00,28.860000610351562,30.344999313354492,27.860000610351562,28.149999618530273,356900,0.0,0.0
2025-09-18 00:00:00-04:00,28.329999923706055,28.799999237060547,27.850000381469727,28.43000030517578,263100,0.0,0.0
2025-09-19 00:00:00-04:00,28.200000762939453,28.43000030517578,27.40399932861328,27.520000457763672,561000,0.0,0.0
2025-09-22 00:00:00-04:00,27.3700008392334,27.3700008392334,26.229999542236328,26.700000762939453,397700,0.0,0.0
2025-09-23 00:00:00-04:00,26.8700008392334,27.420000076293945,26.792999267578125,26.899999618530273,258800,0.0,0.0
2025-09-24 00:00:00-04:00,26.889999389648438,27.5,26.549999237060547,26.790000915527344,264700,0.0,0.0
2025-09-25 00:00:00-04:00,26.43000030517578,27.075000762939453,25.719999313354492,25.860000610351562,274100,0.0,0.0
2025-09-26 00:00:00-04:00,26.059999465942383,26.46500015258789,25.8700008392334,26.170000076293945,231200,0.0,0.0
2025-09-29 00:00:00-04:00,26.209999084472656,26.59000015258789,25.8700008392334,26.25,236100,0.0,0.0
2025-09-30 00:00:00-04:00,26.1200008392334,26.260000228881836,25.549999237060547,25.920000076293945,256600,0.0,0.0
2025-10-01 00:00:00-04:00,26.010000228881836,26.559999465942383,25.709999084472656,26.219999313354492,239300,0.0,0.0
2025-10-02 00:00:00-04:00,25.989999771118164,26.18000030517578,25.40999984741211,26.059999465942383,231000,0.0,0.0
2025-10-03 00:00:00-04:00,26.260000228881836,27.19499969482422,26.110000610351562,26.420000076293945,215100,0.0,0.0
2025-10-06 00:00:00-04:00,26.5,26.514999389648438,25.40999984741211,25.649999618530273,250300,0.0,0.0
2025-10-07 00:00:00-04:00,25.280000686645508,25.450000762939453,24.5,24.579999923706055,365100,0.0,0.0
2025-10-08 00:00:00-04:00,24.739999771118164,24.915000915527344,24.040000915527344,24.239999771118164,325000,0.0,0.0
2025-10-09 00:00:00-04:00,24.0,24.020000457763672,22.961000442504883,23.540000915527344,590400,0.0,0.0
2025-10-10 00:00:00-04:00,23.1299991607666,23.795000076293945,22.850000381469727,23.440000534057617,447500,0.0,0.0
2025-10-13 00:00:00-04:00,23.520000457763672,23.652999877929688,22.780000686645508,23.329999923706055,339100,0.0,0.0
2025-10-14 00:00:00-04:00,23.049999237060547,24.270000457763672,23.049999237060547,24.170000076293945,394100,0.0,0.0
2025-10-15 00:00:00-04:00,24.170000076293945,24.655000686645508,23.969999313354492,24.059999465942383,254100,0.0,0.0
2025-10-16 00:00:00-04:00,24.1299991607666,24.280000686645508,23.239999771118164,23.360000610351562,228100,0.0,0.0
2025-10-17 00:00:00-04:00,23.0,23.510000228881836,22.709999084472656,23.360000610351562,340400,0.0,0.0
2025-10-20 00:00:00-04:00,23.5,23.700000762939453,22.360000610351562,22.600000381469727,262200,0.0,0.0
2025-10-21 00:00:00-04:00,22.3700008392334,23.610000610351562,22.200000762939453,23.280000686645508,195600,0.0,0.0
2025-10-22 00:00:00-04:00,23.149999618530273,23.665000915527344,22.854999542236328,23.049999237060547,263600,0.0,0.0
2025-10-23 00:00:00-04:00,23.209999084472656,23.420000076293945,22.799999237060547,23.170000076293945,192700,0.0,0.0
2025-10-24 00:00:00-04:00,23.65999984741211,23.799999237060547,23.209999084472656,23.209999084472656,219200,0.0,0.0
2025-10-27 00:00:00-04:00,23.5,23.7450008392334,23.020000457763672,23.190000534057617,292200,0.0,0.0
2025-10-28 00:00:00-04:00,22.700000762939453,23.200000762939453,22.15999984741211,22.520000457763672,377500,0.0,0.0
2025-10-29 00:00:00-04:00,22.5,22.860000610351562,21.399999618530273,21.610000610351562,430300,0.0,0.0
2025-10-30 00:00:00-04:00,20.844999313354492,21.200000762939453,19.489999771118164,19.979999542236328,781700,0.0,0.0
2025-10-31 00:00:00-04:00,19.6200008392334,20.06999969482422,19.170000076293945,19.799999237060547,682300,0.0,0.0
2025-11-03 00:00:00-05:00,19.559999465942383,19.559999465942383,19.049999237060547,19.18000030517578,383000,0.0,0.0
2025-11-04 00:00:00-05:00,19.06999969482422,19.399999618530273,18.799999237060547,19.06999969482422,492400,0.0,0.0
2025-11-05 00:00:00-05:00,19.06999969482422,19.649999618530273,19.0,19.329999923706055,372000,0.0,0.0
2025-11-06 00:00:00-05:00,19.420000076293945,19.56999969482422,18.729999542236328,18.729999542236328,315300,0.0,0.0
2025-11-07 00:00:00-05:00,18.700000762939453,19.110000610351562,18.56999969482422,18.920000076293945,342600,0.0,0.0
2025-11-10 00:00:00-05:00,18.93000030517578,19.15999984741211,18.413999557495117,18.979999542236328,296400,0.0,0.0
2025-11-11 00:00:00-05:00,19.09000015258789,19.309999465942383,18.799999237060547,18.8799991607666,227400,0.0,0.0
2025-11-12 00:00:00-05:00,19.739999771118164,19.989999771118164,19.209999084472656,19.520000457763672,342300,0.0,0.0
2025-11-13 00:00:00-05:00,19.5,19.8799991607666,19.059999465942383,19.149999618530273,279500,0.0,0.0
2025-11-14 00:00:00-05:00,19.110000610351562,19.520000457763672,18.860000610351562,19.049999237060547,243100,0.0,0.0
2025-11-17 00:00:00-05:00,18.719999313354492,18.920000076293945,17.920000076293945,18.0,412600,0.0,0.0
2025-11-18 00:00:00-05:00,17.84000015258789,18.229999542236328,17.606000900268555,17.959999084472656,319600,0.0,0.0
2025-11-19 00:00:00-05:00,17.969999313354492,18.139999389648438,17.690000534057617,17.770000457763672,248100,0.0,0.0
2025-11-20 00:00:00-05:00,17.729999542236328,18.25,17.610000610351562,17.690000534057617,309800,0.0,0.0
2025-11-21 00:00:00-05:00,17.8799991607666,19.68000030517578,17.68899917602539,19.43000030517578,454600,0.0,0.0
2025-11-24 00:00:00-05:00,19.15999984741211,19.21500015258789,18.649999618530273,18.729999542236328,384000,0.0,0.0
2025-11-25 00:00:00-05:00,19.1200008392334,19.783000946044922,18.8799991607666,19.469999313354492,445700,0.0,0.0
2025-11-26 00:00:00-05:00,19.239999771118164,20.1200008392334,19.200000762939453,19.81999969482422,401900,0.0,0.0
2025-11-28 00:00:00-05:00,19.739999771118164,19.920000076293945,19.545000076293945,19.770000457763672,109800,0.0,0.0
2025-12-01 00:00:00-05:00,19.299999237060547,19.809999465942383,19.219999313354492,19.31999969482422,276100,0.0,0.0
2025-12-02 00:00:00-05:00,19.290000915527344,19.600000381469727,19.0,19.34000015258789,236900,0.0,0.0
2025-12-03 00:00:00-05:00,19.3799991607666,20.260000228881836,19.290000915527344,19.760000228881836,370200,0.0,0.0
2025-12-04 00:00:00-05:00,19.760000228881836,19.760000228881836,18.979999542236328,19.1200008392334,286600,0.0,0.0
2025-12-05 00:00:00-05:00,19.18000030517578,19.315000534057617,18.780000686645508,18.799999237060547,329300,0.0,0.0
2025-12-08 00:00:00-05:00,18.860000610351562,18.860000610351562,18.299999237060547,18.299999237060547,311800,0.0,0.0
2025-12-09 00:00:00-05:00,18.0,18.3700008392334,17.75,18.049999237060547,318900,0.0,0.0
2025-12-10 00:00:00-05:00,18.040000915527344,19.59000015258789,18.0,19.5,584400,0.0,0.0
2025-12-11 00:00:00-05:00,19.559999465942383,20.15999984741211,19.559999465942383,19.6299991607666,405400,0.0,0.0
2025-12-12 00:00:00-05:00,19.790000915527344,19.979999542236328,19.510000228881836,19.899999618530273,411100,0.0,0.0
2025-12-15 00:00:00-05:00,20.030000686645508,20.31999969482422,19.594999313354492,19.6299991607666,448100,0.0,0.0
2025-12-16 00:00:00-05:00,19.770000457763672,19.799999237060547,19.059999465942383,19.149999618530273,320900,0.0,0.0
2025-12-17 00:00:00-05:00,18.850000381469727,19.125,18.229999542236328,18.670000076293945,497800,0.0,0.0
2025-12-18 00:00:00-05:00,19.149999618530273,19.6200008392334,18.420000076293945,18.440000534057617,419100,0.0,0.0
2025-12-19 00:00:00-05:00,18.149999618530273,18.18000030517578,17.61199951171875,17.899999618530273,1438400,0.0,0.0
2025-12-22 00:00:00-05:00,17.899999618530273,18.235000610351562,17.670000076293945,17.799999237060547,367800,0.0,0.0
2025-12-23 00:00:00-05:00,17.760000228881836,17.850000381469727,17.375999450683594,17.639999389648438,263600,0.0,0.0
2025-12-24 00:00:00-05:00,17.700000762939453,17.93000030517578,17.530000686645508,17.90999984741211,140000,0.0,0.0
2025-12-26 00:00:00-05:00,17.8799991607666,17.941999435424805,17.565000534057617,17.860000610351562,245900,0.0,0.0
2025-12-29 00:00:00-05:00,17.700000762939453,17.860000610351562,17.270000457763672,17.420000076293945,509800,0.0,0.0
2025-12-30 00:00:00-05:00,17.329999923706055,17.5,17.1299991607666,17.34000015258789,284200,0.0,0.0
2025-12-31 00:00:00-05:00,17.209999084472656,17.32200050354004,17.06999969482422,17.100000381469727,337700,0.0,0.0
2026-01-02 00:00:00-05:00,17.1200008392334,17.3799991607666,16.899999618530273,17.139999389648438,447900,0.0,0.0
2026-01-05 00:00:00-05:00,17.0,17.639999389648438,16.979999542236328,17.149999618530273,456700,0.0,0.0
2026-01-06 00:00:00-05:00,16.93000030517578,17.510000228881836,16.59000015258789,17.489999771118164,496700,0.0,0.0
2026-01-07 00:00:00-05:00,17.420000076293945,17.645000457763672,16.815000534057617,16.979999542236328,724100,0.0,0.0
2026-01-08 00:00:00-05:00,16.68000030517578,17.969999313354492,16.68000030517578,17.639999389648438,640500,0.0,0.0
2026-01-09 00:00:00-05:00,18.149999618530273,19.68000030517578,17.90999984741211,19.649999618530273,744800,0.0,0.0
2026-01-12 00:00:00-05:00,19.510000228881836,20.45800018310547,19.299999237060547,19.90999984741211,439000,0.0,0.0
2026-01-13 00:00:00-05:00,19.899999618530273,20.125,19.579999923706055,19.93000030517578,279900,0.0,0.0
2026-01-14 00:00:00-05:00,19.81999969482422,20.110000610351562,19.450000762939453,19.65999984741211,321300,0.0,0.0
2026-01-15 00:00:00-05:00,19.709999084472656,20.329999923706055,19.469999313354492,20.299999237060547,404500,0.0,0.0
2026-01-16 00:00:00-05:00,19.790000915527344,20.389999389648438,19.389999389648438,19.579999923706055,458700,0.0,0.0
2026-01-20 00:00:00-05:00,19.0,19.719999313354492,18.799999237060547,19.229999542236328,309100,0.0,0.0
2026-01-21 00:00:00-05:00,19.399999618530273,20.040000915527344,19.065000534057617,19.780000686645508,376000,0.0,0.0
2026-01-22 00:00:00-05:00,19.950000762939453,20.260000228881836,19.190000534057617,19.350000381469727,325900,0.0,0.0
2026-01-23 00:00:00-05:00,19.3700008392334,19.375,18.8700008392334,19.200000762939453,225400,0.0,0.0
2026-01-26 00:00:00-05:00,19.239999771118164,19.259000778198242,18.510000228881836,18.59000015258789,357900,0.0,0.0
2026-01-27 00:00:00-05:00,18.389999389648438,18.735000610351562,18.059999465942383,18.40999984741211,388800,0.0,0.0
2026-01-28 00:00:00-05:00,18.40999984741211,18.959999084472656,18.260000228881836,18.43000030517578,504600,0.0,0.0
2026-01-29 00:00:00-05:00,18.440000534057617,18.829999923706055,18.18000030517578,18.610000610351562,531000,0.0,0.0
2026-01-30 00:00:00-05:00,18.270000457763672,18.610000610351562,17.940000534057617,18.389999389648438,443000,0.0,0.0
2026-02-02 00:00:00-05:00,18.450000762939453,18.639999389648438,17.780000686645508,17.950000762939453,366100,0.0,0.0
2026-02-03 00:00:00-05:00,17.8700008392334,19.308000564575195,17.81999969482422,18.18000030517578,503100,0.0,0.0
2026-02-04 00:00:00-05:00,18.559999465942383,19.829999923706055,18.534000396728516,19.3700008392334,798700,0.0,0.0
2026-02-05 00:00:00-05:00,19.25,19.40999984741211,18.889999389648438,19.0,434400,0.0,0.0
2026-02-06 00:00:00-05:00,19.0,19.860000610351562,19.0,19.56999969482422,469000,0.0,0.0
2026-02-09 00:00:00-05:00,19.649999618530273,20.219999313354492,19.389999389648438,19.709999084472656,376500,0.0,0.0
2026-02-10 00:00:00-05:00,19.989999771118164,21.270000457763672,19.989999771118164,21.049999237060547,463300,0.0,0.0
2026-02-11 00:00:00-05:00,20.739999771118164,21.065000534057617,20.450000762939453,20.600000381469727,386100,0.0,0.0
2026-02-12 00:00:00-05:00,20.90999984741211,21.469999313354492,20.329999923706055,20.389999389648438,424000,0.0,0.0
2026-02-13 00:00:00-05:00,20.790000915527344,21.545000076293945,20.71500015258789,21.049999237060547,512500,0.0,0.0
2026-02-17 00:00:00-05:00,21.229999542236328,21.43000030517578,20.114999771118164,20.989999771118164,423600,0.0,0.0
2026-02-18 00:00:00-05:00,20.920000076293945,21.549999237060547,20.75,20.860000610351562,266900,0.0,0.0
2026-02-19 00:00:00-05:00,20.579999923706055,20.940000534057617,20.40999984741211,20.690000534057617,297000,0.0,0.0
2026-02-20 00:00:00-05:00,20.75,21.190000534057617,20.40999984741211,20.489999771118164,368500,0.0,0.0
2026-02-23 00:00:00-05:00,20.59000015258789,20.729999542236328,19.700000762939453,20.030000686645508,706300,0.0,0.0
2026-02-24 00:00:00-05:00,19.959999084472656,20.415000915527344,19.200000762939453,19.200000762939453,551300,0.0,0.0
2026-02-25 00:00:00-05:00,19.260000228881836,19.325000762939453,17.8799991607666,18.440000534057617,458800,0.0,0.0
2026-02-26 00:00:00-05:00,18.440000534057617,18.700000762939453,18.09000015258789,18.420000076293945,460600,0.0,0.0
2026-02-27 00:00:00-05:00,18.229999542236328,18.690000534057617,18.0,18.06999969482422,616000,0.0,0.0
2026-03-02 00:00:00-05:00,17.5,17.75,16.920000076293945,17.709999084472656,702500,0.0,0.0
2026-03-03 00:00:00-05:00,17.06999969482422,17.719999313354492,16.760000228881836,17.549999237060547,580900,0.0,0.0
2026-03-04 00:00:00-05:00,17.700000762939453,17.700000762939453,17.079999923706055,17.56999969482422,349200,0.0,0.0
2026-03-05 00:00:00-05:00,17.309999465942383,17.6200008392334,16.875,17.25,757400,0.0,0.0
2026-03-06 00:00:00-05:00,16.889999389648438,16.924999237060547,16.350000381469727,16.399999618530273,673200,0.0,0.0
2026-03-09 00:00:00-04:00,16.540000915527344,16.540000915527344,14.880000114440918,15.710000038146973,1213500,0.0,0.0
2026-03-10 00:00:00-04:00,15.609999656677246,16.094999313354492,15.279999732971191,15.800000190734863,1034700,0.0,0.0
2026-03-11 00:00:00-04:00,15.670000076293945,15.739999771118164,14.989999771118164,15.34000015258789,891000,0.0,0.0
2026-03-12 00:00:00-04:00,14.949999809265137,15.175000190734863,14.40999984741211,14.800000190734863,953500,0.0,0.0
2026-03-13 00:00:00-04:00,15.0,15.600000381469727,14.824999809265137,15.470000267028809,746700,0.0,0.0
2026-03-16 00:00:00-04:00,15.640000343322754,15.819999694824219,15.239999771118164,15.770000457763672,1064400,0.0,0.0
2026-03-17 00:00:00-04:00,15.770000457763672,15.960000038146973,15.149999618530273,15.1899995803833,759000,0.0,0.0
2026-03-18 00:00:00-04:00,15.010000228881836,15.140000343322754,14.1899995803833,14.25,1054800,0.0,0.0
2026-03-19 00:00:00-04:00,14.109999656677246,14.319999694824219,13.779999732971191,14.100000381469727,1066600,0.0,0.0
2026-03-20 00:00:00-04:00,14.050000190734863,14.180000305175781,13.579999923706055,13.819999694824219,1580700,0.0,0.0
2026-03-23 00:00:00-04:00,14.4399995803833,14.539999961853027,13.859999656677246,14.1899995803833,1165900,0.0,0.0
2026-03-24 00:00:00-04:00,14.154999732971191,14.1899995803833,13.795000076293945,14.079999923706055,771700,0.0,0.0
2026-03-25 00:00:00-04:00,14.479999542236328,14.494999885559082,13.550000190734863,14.40999984741211,658200,0.0,0.0
2026-03-26 00:00:00-04:00,14.289999961853027,14.75,14.125,14.210000038146973,530600,0.0,0.0
2026-03-27 00:00:00-04:00,14.100000381469727,14.135000228881836,13.390000343322754,13.390000343322754,709100,0.0,0.0
2026-03-30 00:00:00-04:00,13.569999694824219,13.994999885559082,13.4399995803833,13.479999542236328,660200,0.0,0.0
2026-03-31 00:00:00-04:00,13.770000457763672,14.180000305175781,13.449999809265137,13.920000076293945,582400,0.0,0.0
2026-04-01 00:00:00-04:00,13.880000114440918,14.390000343322754,13.739999771118164,14.039999961853027,476000,0.0,0.0
2026-04-02 00:00:00-04:00,13.819999694824219,14.5,13.597999572753906,14.069999694824219,546200,0.0,0.0
2026-04-06 00:00:00-04:00,13.890000343322754,14.539999961853027,13.880000114440918,14.529999732971191,501300,0.0,0.0
2026-04-07 00:00:00-04:00,14.289999961853027,14.4399995803833,13.289999961853027,13.420000076293945,713000,0.0,0.0
2026-04-08 00:00:00-04:00,14.149999618530273,14.869999885559082,14.0600004196167,14.180000305175781,815100,0.0,0.0
2026-04-09 00:00:00-04:00,13.979999542236328,14.364999771118164,13.739999771118164,14.25,733000,0.0,0.0
2026-04-10 00:00:00-04:00,14.270000457763672,14.555000305175781,13.829999923706055,13.890000343322754,381700,0.0,0.0
2026-04-13 00:00:00-04:00,13.9399995803833,14.380000114440918,13.585000038146973,14.3100004196167,511100,0.0,0.0
2026-04-14 00:00:00-04:00,14.210000038146973,14.430000305175781,13.819999694824219,13.84000015258789,516600,0.0,0.0
2026-04-15 00:00:00-04:00,13.850000381469727,13.904999732971191,13.220000267028809,13.470000267028809,502600,0.0,0.0
2026-04-16 00:00:00-04:00,13.579999923706055,13.920000076293945,13.440999984741211,13.579999923706055,487300,0.0,0.0
2026-04-17 00:00:00-04:00,14.039999961853027,15.420000076293945,14.039999961853027,14.819999694824219,741000,0.0,0.0
2026-04-20 00:00:00-04:00,14.640000343322754,15.789999961853027,14.640000343322754,15.720000267028809,677900,0.0,0.0
2026-04-21 00:00:00-04:00,16.270000457763672,16.55500030517578,15.4399995803833,15.520000457763672,819700,0.0,0.0
2026-04-22 00:00:00-04:00,15.779999732971191,16.0,15.4399995803833,15.649999618530273,606000,0.0,0.0
2026-04-23 00:00:00-04:00,15.65999984741211,15.699999809265137,15.039999961853027,15.390000343322754,438300,0.0,0.0
2026-04-24 00:00:00-04:00,15.1899995803833,15.460000038146973,15.100000381469727,15.210000038146973,481400,0.0,0.0
2026-04-27 00:00:00-04:00,15.039999961853027,15.489999771118164,14.819999694824219,14.850000381469727,376100,0.0,0.0
2026-04-28 00:00:00-04:00,14.960000038146973,15.210000038146973,14.583000183105469,14.779999732971191,451500,0.0,0.0
2026-04-29 00:00:00-04:00,14.609999656677246,14.89799976348877,14.09000015258789,14.149999618530273,520100,0.0,0.0
2026-04-30 00:00:00-04:00,14.28499984741211,14.609999656677246,14.0,14.600000381469727,592400,0.0,0.0
2026-05-01 00:00:00-04:00,15.029999732971191,15.489999771118164,14.529999732971191,15.260000228881836,725900,0.0,0.0
2026-05-04 00:00:00-04:00,15.069999694824219,15.069999694824219,14.029999732971191,14.039999961853027,741100,0.0,0.0
2026-05-05 00:00:00-04:00,14.220000267028809,14.539999961853027,14.149999618530273,14.210000038146973,795200,0.0,0.0
2026-05-06 00:00:00-04:00,14.779999732971191,15.180000305175781,14.40999984741211,14.649999618530273,952200,0.0,0.0
2026-05-07 00:00:00-04:00,14.609999656677246,14.770000457763672,14.050000190734863,14.350000381469727,630700,0.0,0.0
2026-05-08 00:00:00-04:00,14.369999885559082,14.460000038146973,13.90999984741211,14.319999694824219,568300,0.0,0.0
2026-05-11 00:00:00-04:00,14.520000457763672,15.100000381469727,14.079999923706055,15.029999732971191,2001900,0.0,0.0
2026-05-12 00:00:00-04:00,14.75,14.8149995803833,12.579999923706055,13.020000457763672,2736000,0.0,0.0
2026-05-13 00:00:00-04:00,12.930000305175781,13.449999809265137,12.710000038146973,13.430000305175781,1046200,0.0,0.0
2026-05-14 00:00:00-04:00,13.65999984741211,14.050000190734863,13.364999771118164,13.59000015258789,868900,0.0,0.0
2026-05-15 00:00:00-04:00,13.4399995803833,13.5,12.800000190734863,13.100000381469727,982400,0.0,0.0
2026-05-18 00:00:00-04:00,13.100000381469727,13.40999984741211,12.770000457763672,12.850000381469727,1110000,0.0,0.0
2026-05-19 00:00:00-04:00,12.770000457763672,13.050000190734863,12.199999809265137,12.569999694824219,1252800,0.0,0.0
2026-05-20 00:00:00-04:00,12.979999542236328,13.960000038146973,12.489999771118164,13.930000305175781,763500,0.0,0.0
2026-05-21 00:00:00-04:00,13.609999656677246,14.75,13.220000267028809,14.630000114440918,728200,0.0,0.0
2026-05-22 00:00:00-04:00,14.479999542236328,14.710000038146973,14.359999656677246,14.59000015258789,538800,0.0,0.0
2026-05-26 00:00:00-04:00,14.729999542236328,15.229999542236328,14.720999717712402,14.880000114440918,609800,0.0,0.0
2026-05-27 00:00:00-04:00,15.15999984741211,16.1200008392334,14.739999771118164,15.460000038146973,623600,0.0,0.0
2026-05-28 00:00:00-04:00,15.015000343322754,15.897000312805176,15.0,15.529999732971191,555000,0.0,0.0
2026-05-29 00:00:00-04:00,15.5,16.149999618530273,15.460000038146973,15.460000038146973,609900,0.0,0.0
2026-06-01 00:00:00-04:00,15.640000343322754,15.779999732971191,15.239999771118164,15.609999656677246,537500,0.0,0.0
2026-06-02 00:00:00-04:00,15.600000381469727,15.609999656677246,14.970000267028809,15.050000190734863,474200,0.0,0.0
2026-06-03 00:00:00-04:00,14.850000381469727,14.989999771118164,14.199999809265137,14.479999542236328,683200,0.0,0.0
2026-06-04 00:00:00-04:00,14.8100004196167,14.84000015258789,14.199999809265137,14.350000381469727,747300,0.0,0.0
2026-06-05 00:00:00-04:00,14.140000343322754,14.8100004196167,14.079999923706055,14.600000381469727,599800,0.0,0.0
2026-06-08 00:00:00-04:00,14.390000343322754,14.8100004196167,14.21500015258789,14.300000190734863,339700,0.0,0.0
2026-06-09 00:00:00-04:00,14.529999732971191,15.345999717712402,14.470000267028809,14.819999694824219,561500,0.0,0.0
2026-06-10 00:00:00-04:00,14.850000381469727,15.09000015258789,14.3100004196167,14.430000305175781,626000,0.0,0.0
2026-06-11 00:00:00-04:00,14.460000038146973,15.130000114440918,14.149999618530273,15.119999885559082,608500,0.0,0.0
2026-06-12 00:00:00-04:00,14.989999771118164,15.475000381469727,14.949999809265137,15.050000190734863,645100,0.0,0.0
2026-06-15 00:00:00-04:00,15.420000076293945,16.139999389648438,14.90999984741211,14.90999984741211,606300,0.0,0.0
2026-06-16 00:00:00-04:00,14.949999809265137,15.5649995803833,14.779999732971191,14.960000038146973,505700,0.0,0.0
2026-06-17 00:00:00-04:00,14.779999732971191,15.539999961853027,14.289999961853027,14.520000457763672,752800,0.0,0.0
2026-06-18 00:00:00-04:00,14.670000076293945,15.899999618530273,14.649999618530273,15.600000381469727,1492900,0.0,0.0
2026-06-22 00:00:00-04:00,15.529999732971191,15.619999885559082,14.380000114440918,14.4399995803833,569600,0.0,0.0
2026-06-23 00:00:00-04:00,14.25,14.859999656677246,14.239999771118164,14.75,403200,0.0,0.0
2026-06-24 00:00:00-04:00,15.119999885559082,16.950000762939453,15.119999885559082,16.729999542236328,1028600,0.0,0.0
2026-06-25 00:00:00-04:00,17.059999465942383,17.799999237060547,16.760000228881836,16.790000915527344,711600,0.0,0.0
2026-06-26 00:00:00-04:00,16.799999237060547,17.25,16.770000457763672,17.200000762939453,897400,0.0,0.0
2026-06-29 00:00:00-04:00,17.15999984741211,17.670000076293945,16.510000228881836,17.399999618530273,906600,0.0,0.0
2026-06-30 00:00:00-04:00,17.200000762939453,17.614999771118164,16.959999084472656,17.260000228881836,817300,0.0,0.0
2026-07-01 00:00:00-04:00,17.059999465942383,17.899999618530273,16.329999923706055,16.389999389648438,701000,0.0,0.0
2026-07-02 00:00:00-04:00,16.625,16.81999969482422,16.145000457763672,16.790000915527344,511800,0.0,0.0
2026-07-06 00:00:00-04:00,16.540000915527344,16.860000610351562,15.770000457763672,16.3799991607666,682600,0.0,0.0
2026-07-07 00:00:00-04:00,16.420000076293945,16.829999923706055,16.3700008392334,16.56999969482422,578900,0.0,0.0
2026-07-08 00:00:00-04:00,16.270000457763672,16.43000030517578,15.619999885559082,15.649999618530273,1038600,0.0,0.0
2026-07-09 00:00:00-04:00,15.640000343322754,15.859999656677246,15.329999923706055,15.609999656677246,490500,0.0,0.0
2026-07-10 00:00:00-04:00,15.65999984741211,16.530000686645508,15.65999984741211,15.829999923706055,536600,0.0,0.0
2026-07-13 00:00:00-04:00,15.850000381469727,16.0,15.399999618530273,15.539999961853027,506600,0.0,0.0
2026-07-14 00:00:00-04:00,15.859999656677246,16.040000915527344,15.479999542236328,15.75,447700,0.0,0.0
2026-07-15 00:00:00-04:00,15.960000038146973,16.5,15.9399995803833,16.149999618530273,544100,0.0,0.0
2026-07-16 00:00:00-04:00,16.190000534057617,16.90999984741211,16.190000534057617,16.520000457763672,501900,0.0,0.0
2026-07-17 00:00:00-04:00,16.440000534057617,16.979999542236328,15.729999542236328,15.84000015258789,498400,0.0,0.0
2026-07-20 00:00:00-04:00,15.890000343322754,15.890000343322754,14.859999656677246,14.880000114440918,604900,0.0,0.0
2026-07-23 00:00:00-04:00,14.869999885559082,15.074999809265137,14.239999771118164,14.630000114440918,718300,0.0,0.0
2026-07-24 00:00:00-04:00,14.710000038146973,16.049999237060547,14.680000305175781,15.920000076293945,566300,0.0,0.0
2026-07-27 00:00:00-04:00,16.34000015258789,16.885000228881836,15.569999694824219,15.630000114440918,490300,0.0,0.0
2026-07-28 00:00:00-04:00,15.989999771118164,16.5049991607666,15.979999542236328,16.229999542236328,477800,0.0,0.0
2026-07-29 00:00:00-04:00,15.899999618530273,16.2549991607666,15.404999732971191,15.420000076293945,480100,0.0,0.0
2026-07-30 00:00:00-04:00,15.210000038146973,15.454999923706055,13.170000076293945,13.34000015258789,813700,0.0,0.0
2026-08-03 00:00:00-04:00,13.09000015258789,13.539999961853027,12.84000015258789,13.0,1075500,0.0,0.0
2026-08-04 00:00:00-04:00,13.1899995803833,14.300000190734863,13.1899995803833,14.289999961853027,1158900,0.0,0.0
2026-08-05 00:00:00-04:00,14.430000305175781,15.109999656677246,13.880000114440918,14.819999694824219,558600,0.0,0.0
2026-08-06 00:00:00-04:00,14.619999885559082,14.619999885559082,13.84000015258789,14.020000457763672,502600,0.0,0.0
2026-08-07 00:00:00-04:00,14.289999961853027,15.329999923706055,14.140000343322754,15.029999732971191,1032700,0.0,0.0
2026-08-10 00:00:00-04:00,14.670000076293945,14.670000076293945,13.600000381469727,13.789999961853027,1351100,0.0,0.0
2026-08-11 00:00:00-04:00,13.930000305175781,14.470000267028809,13.647000312805176,14.140000343322754,766700,0.0,0.0
2026-08-12 00:00:00-04:00,14.100000381469727,14.46500015258789,13.800000190734863,14.390000343322754,595200,0.0,0.0
2026-08-13 00:00:00-04:00,14.630000114440918,14.963000297546387,14.479999542236328,14.84000015258789,555900,0.0,0.0
2026-08-14 00:00:00-04:00,16.0049991607666,16.0049991607666,15.109999656677246,15.600000381469727,605900,0.0,0.0
2026-08-17 00:00:00-04:00,15.220000267028809,15.305000305175781,14.949999809265137,15.079999923706055,514400,0.0,0.0
2026-08-18 00:00:00-04:00,15.119999885559082,15.34000015258789,14.279999732971191,14.289999961853027,387136,0.0,0.0
