Date,Open,High,Low,Close,Volume,Dividends,Stock Splits
2022-01-03 00:00:00-05:00,64.66000366210938,65.20500183105469,60.540000915527344,61.459999084472656,2981100,0.0,0.0
2022-01-04 00:00:00-05:00,62.279998779296875,62.279998779296875,55.54999923706055,58.810001373291016,7462800,0.0,0.0
2022-01-05 00:00:00-05:00,57.290000915527344,57.52000045776367,53.66999816894531,54.31999969482422,4179500,0.0,0.0
2022-01-06 00:00:00-05:00,53.20000076293945,56.189998626708984,52.77000045776367,54.38999938964844,3191200,0.0,0.0
2022-01-07 00:00:00-05:00,54.28499984741211,55.939998626708984,52.29999923706055,52.5,3363200,0.0,0.0
2022-01-10 00:00:00-05:00,50.994998931884766,53.34000015258789,49.724998474121094,53.2400016784668,4393000,0.0,0.0
2022-01-11 00:00:00-05:00,53.08000183105469,56.810001373291016,52.61000061035156,56.72999954223633,5039100,0.0,0.0
2022-01-12 00:00:00-05:00,57.22999954223633,58.72999954223633,54.97999954223633,55.08000183105469,3329300,0.0,0.0
2022-01-13 00:00:00-05:00,54.91999816894531,55.606998443603516,52.650001525878906,52.709999084472656,3945600,0.0,0.0
2022-01-14 00:00:00-05:00,51.90999984741211,53.310001373291016,50.290000915527344,51.439998626708984,3384600,0.0,0.0
2022-01-18 00:00:00-05:00,49.75,50.400001525878906,49.02000045776367,49.2599983215332,3895200,0.0,0.0
2022-01-19 00:00:00-05:00,49.27000045776367,50.939998626708984,48.880001068115234,48.970001220703125,4186500,0.0,0.0
2022-01-20 00:00:00-05:00,49.790000915527344,51.04999923706055,47.65999984741211,48.11000061035156,4253300,0.0,0.0
2022-01-21 00:00:00-05:00,47.0099983215332,48.349998474121094,45.70000076293945,45.9900016784668,3175300,0.0,0.0
2022-01-24 00:00:00-05:00,43.720001220703125,49.75,42.650001525878906,49.47999954223633,7838800,0.0,0.0
2022-01-25 00:00:00-05:00,47.63999938964844,48.9900016784668,46.400001525878906,47.369998931884766,5314700,0.0,0.0
2022-01-26 00:00:00-05:00,49.529998779296875,50.4900016784668,46.380001068115234,46.68000030517578,5016600,0.0,0.0
2022-01-27 00:00:00-05:00,47.900001525878906,49.52000045776367,45.970001220703125,46.310001373291016,3058700,0.0,0.0
2022-01-28 00:00:00-05:00,46.43000030517578,48.900001525878906,45.11000061035156,48.84000015258789,3411400,0.0,0.0
2022-01-31 00:00:00-05:00,49.5,52.90999984741211,49.25,52.86000061035156,4657800,0.0,0.0
2022-02-01 00:00:00-05:00,53.56999969482422,54.47999954223633,51.25,54.29999923706055,2825900,0.0,0.0
2022-02-02 00:00:00-05:00,54.66999816894531,54.66999816894531,51.83000183105469,52.52000045776367,2068200,0.0,0.0
2022-02-03 00:00:00-05:00,50.2599983215332,51.439998626708984,48.709999084472656,49.11000061035156,2804700,0.0,0.0
2022-02-04 00:00:00-05:00,49.029998779296875,52.569000244140625,48.81999969482422,52.0,3041100,0.0,0.0
2022-02-07 00:00:00-05:00,52.209999084472656,54.11000061035156,51.709999084472656,52.290000915527344,2306100,0.0,0.0
2022-02-08 00:00:00-05:00,51.59000015258789,53.70000076293945,51.25,53.650001525878906,1531300,0.0,0.0
2022-02-09 00:00:00-05:00,54.45000076293945,55.93000030517578,53.380001068115234,55.810001373291016,2740500,0.0,0.0
2022-02-10 00:00:00-05:00,54.70000076293945,59.88999938964844,54.26499938964844,56.95000076293945,5468200,0.0,0.0
2022-02-11 00:00:00-05:00,57.13999938964844,59.060001373291016,54.54100036621094,55.689998626708984,3612100,0.0,0.0
2022-02-14 00:00:00-05:00,55.290000915527344,58.040000915527344,54.63999938964844,55.349998474121094,2932800,0.0,0.0
2022-02-15 00:00:00-05:00,56.790000915527344,59.36000061035156,56.04999923706055,58.779998779296875,6651600,0.0,0.0
2022-02-16 00:00:00-05:00,51.619998931884766,56.66999816894531,51.560001373291016,56.220001220703125,7843100,0.0,0.0
2022-02-17 00:00:00-05:00,55.4640007019043,56.099998474121094,52.29999923706055,53.29999923706055,3988000,0.0,0.0
2022-02-18 00:00:00-05:00,53.040000915527344,53.529998779296875,50.7599983215332,52.540000915527344,3789200,0.0,0.0
2022-02-22 00:00:00-05:00,51.4900016784668,53.560001373291016,50.82899856567383,51.2599983215332,3061100,0.0,0.0
2022-02-23 00:00:00-05:00,52.5,53.369998931884766,48.90999984741211,48.9900016784668,3722400,0.0,0.0
2022-02-24 00:00:00-05:00,45.91999816894531,54.70000076293945,45.91999816894531,54.58000183105469,3884200,0.0,0.0
2022-02-25 00:00:00-05:00,54.58000183105469,55.6870002746582,53.36000061035156,55.459999084472656,2478700,0.0,0.0
2022-02-28 00:00:00-05:00,54.95000076293945,56.7599983215332,53.83000183105469,54.689998626708984,7756000,0.0,0.0
2022-03-01 00:00:00-05:00,54.70000076293945,56.22999954223633,53.75,55.56999969482422,2610100,0.0,0.0
2022-03-02 00:00:00-05:00,55.56999969482422,55.82500076293945,53.56999969482422,55.08000183105469,1958200,0.0,0.0
2022-03-03 00:00:00-05:00,55.0,55.459999084472656,52.5099983215332,53.13999938964844,1731700,0.0,0.0
2022-03-04 00:00:00-05:00,53.06999969482422,53.650001525878906,51.5,53.0,3197700,0.0,0.0
2022-03-07 00:00:00-05:00,52.95000076293945,53.630001068115234,47.849998474121094,48.18000030517578,3747400,0.0,0.0
2022-03-08 00:00:00-05:00,47.790000915527344,50.880001068115234,47.08000183105469,49.869998931884766,2917600,0.0,0.0
2022-03-09 00:00:00-05:00,50.9900016784668,54.625,50.970001220703125,53.5,3133900,0.0,0.0
2022-03-10 00:00:00-05:00,51.90999984741211,53.369998931884766,51.06999969482422,53.0099983215332,2396100,0.0,0.0
2022-03-11 00:00:00-05:00,53.939998626708984,53.939998626708984,49.72999954223633,50.0,2673000,0.0,0.0
2022-03-14 00:00:00-04:00,49.970001220703125,51.97999954223633,48.220001220703125,48.72999954223633,3386600,0.0,0.0
2022-03-15 00:00:00-04:00,49.18000030517578,52.099998474121094,48.97999954223633,51.939998626708984,3148800,0.0,0.0
2022-03-16 00:00:00-04:00,52.900001525878906,57.0,52.65999984741211,56.939998626708984,3803800,0.0,0.0
2022-03-17 00:00:00-04:00,56.150001525878906,57.869998931884766,56.13999938964844,57.43000030517578,4236200,0.0,0.0
2022-03-18 00:00:00-04:00,57.63999938964844,60.04999923706055,57.15999984741211,58.810001373291016,6168300,0.0,0.0
2022-03-21 00:00:00-04:00,58.08000183105469,59.11000061035156,54.459999084472656,56.310001373291016,5791400,0.0,0.0
2022-03-22 00:00:00-04:00,56.540000915527344,59.290000915527344,56.18000030517578,58.02000045776367,4283500,0.0,0.0
2022-03-23 00:00:00-04:00,56.66999816894531,60.61000061035156,56.66999816894531,59.099998474121094,4416500,0.0,0.0
2022-03-24 00:00:00-04:00,59.099998474121094,59.38999938964844,56.869998931884766,59.349998474121094,2823600,0.0,0.0
2022-03-25 00:00:00-04:00,59.5099983215332,59.630001068115234,55.84000015258789,56.40999984741211,1701600,0.0,0.0
2022-03-28 00:00:00-04:00,56.0,57.66999816894531,55.529998779296875,57.56999969482422,1483400,0.0,0.0
2022-03-29 00:00:00-04:00,58.68000030517578,59.7400016784668,57.779998779296875,58.95000076293945,1781800,0.0,0.0
2022-03-30 00:00:00-04:00,58.25,59.90999984741211,57.599998474121094,58.09000015258789,1234200,0.0,0.0
2022-03-31 00:00:00-04:00,58.0,60.18000030517578,57.900001525878906,59.7400016784668,2735200,0.0,0.0
2022-04-01 00:00:00-04:00,59.59000015258789,60.470001220703125,59.09000015258789,60.040000915527344,3005500,0.0,0.0
2022-04-04 00:00:00-04:00,60.599998474121094,61.13999938964844,59.459999084472656,60.75,2942000,0.0,0.0
2022-04-05 00:00:00-04:00,61.40999984741211,61.439998626708984,57.41999816894531,58.0,3066200,0.0,0.0
2022-04-06 00:00:00-04:00,56.83000183105469,57.560001373291016,55.1150016784668,56.349998474121094,2591800,0.0,0.0
2022-04-07 00:00:00-04:00,56.0,57.630001068115234,54.65999984741211,56.27000045776367,1348700,0.0,0.0
2022-04-08 00:00:00-04:00,55.72999954223633,56.880001068115234,55.13999938964844,55.36000061035156,1192900,0.0,0.0
2022-04-11 00:00:00-04:00,54.59000015258789,55.34000015258789,53.38999938964844,54.04999923706055,2281300,0.0,0.0
2022-04-12 00:00:00-04:00,55.150001525878906,56.61000061035156,53.91999816894531,54.36000061035156,2079500,0.0,0.0
2022-04-13 00:00:00-04:00,54.66999816894531,57.29999923706055,54.36000061035156,57.15999984741211,1912700,0.0,0.0
2022-04-14 00:00:00-04:00,56.9900016784668,57.36000061035156,55.0,55.0,1688900,0.0,0.0
2022-04-18 00:00:00-04:00,55.0,55.0,52.939998626708984,54.060001373291016,1455800,0.0,0.0
2022-04-19 00:00:00-04:00,54.2400016784668,56.72999954223633,53.5099983215332,56.68000030517578,1515500,0.0,0.0
2022-04-20 00:00:00-04:00,56.650001525878906,57.06999969482422,54.68600082397461,54.91999816894531,1380200,0.0,0.0
2022-04-21 00:00:00-04:00,55.63999938964844,56.279998779296875,50.7599983215332,51.25,2210100,0.0,0.0
2022-04-22 00:00:00-04:00,51.650001525878906,52.34000015258789,48.77000045776367,49.790000915527344,2640700,0.0,0.0
2022-04-25 00:00:00-04:00,49.5,50.970001220703125,48.689998626708984,50.939998626708984,3288500,0.0,0.0
2022-04-26 00:00:00-04:00,50.310001373291016,50.619998931884766,47.84000015258789,47.939998626708984,3253800,0.0,0.0
2022-04-27 00:00:00-04:00,47.95000076293945,49.22999954223633,47.244998931884766,47.650001525878906,1917800,0.0,0.0
2022-04-28 00:00:00-04:00,49.13999938964844,50.040000915527344,47.70000076293945,48.95000076293945,3504300,0.0,0.0
2022-04-29 00:00:00-04:00,48.290000915527344,50.400001525878906,47.34000015258789,47.400001525878906,2339200,0.0,0.0
2022-05-02 00:00:00-04:00,47.209999084472656,49.2599983215332,46.09000015258789,49.20000076293945,5335100,0.0,0.0
2022-05-03 00:00:00-04:00,48.560001373291016,52.099998474121094,47.529998779296875,51.9900016784668,6137500,0.0,0.0
2022-05-04 00:00:00-04:00,52.11000061035156,54.43000030517578,47.79999923706055,54.11000061035156,3861700,0.0,0.0
2022-05-05 00:00:00-04:00,52.91999816894531,53.349998474121094,48.04999923706055,49.61000061035156,4943200,0.0,0.0
2022-05-06 00:00:00-04:00,48.939998626708984,48.939998626708984,45.0,46.75,3839600,0.0,0.0
2022-05-09 00:00:00-04:00,45.54999923706055,45.90999984741211,42.029998779296875,42.34000015258789,3344000,0.0,0.0
2022-05-10 00:00:00-04:00,43.880001068115234,44.540000915527344,39.619998931884766,42.06999969482422,4140100,0.0,0.0
2022-05-11 00:00:00-04:00,41.650001525878906,43.349998474121094,39.83000183105469,40.2400016784668,3209100,0.0,0.0
2022-05-12 00:00:00-04:00,39.064998626708984,42.38999938964844,38.56999969482422,40.31999969482422,3850900,0.0,0.0
2022-05-13 00:00:00-04:00,41.119998931884766,44.14500045776367,41.060001373291016,44.029998779296875,2513100,0.0,0.0
2022-05-16 00:00:00-04:00,43.4900016784668,44.68000030517578,42.47999954223633,42.58000183105469,2310800,0.0,0.0
2022-05-17 00:00:00-04:00,43.95000076293945,44.630001068115234,40.439998626708984,44.099998474121094,5942400,0.0,0.0
2022-05-18 00:00:00-04:00,43.73500061035156,43.73500061035156,40.81999969482422,41.22999954223633,3874900,0.0,0.0
2022-05-19 00:00:00-04:00,40.880001068115234,42.88999938964844,35.029998779296875,40.099998474121094,16772800,0.0,0.0
2022-05-20 00:00:00-04:00,41.0099983215332,41.20000076293945,38.119998931884766,39.66999816894531,6688400,0.0,0.0
2022-05-23 00:00:00-04:00,39.59000015258789,40.25,38.255001068115234,38.689998626708984,7027500,0.0,0.0
2022-05-24 00:00:00-04:00,37.54999923706055,37.689998626708984,33.79499816894531,34.61000061035156,7892600,0.0,0.0
2022-05-25 00:00:00-04:00,34.18000030517578,36.939998626708984,33.81999969482422,36.349998474121094,4582800,0.0,0.0
2022-05-26 00:00:00-04:00,35.86000061035156,37.619998931884766,35.380001068115234,37.290000915527344,5109600,0.0,0.0
2022-05-27 00:00:00-04:00,38.0,41.369998931884766,38.0,41.08000183105469,5004700,0.0,0.0
2022-05-31 00:00:00-04:00,41.52000045776367,42.20000076293945,38.779998779296875,40.38999938964844,9053500,0.0,0.0
2022-06-01 00:00:00-04:00,40.81999969482422,42.439998626708984,39.95000076293945,40.900001525878906,4517800,0.0,0.0
2022-06-02 00:00:00-04:00,40.52000045776367,43.34000015258789,40.18000030517578,42.529998779296875,7766600,0.0,0.0
2022-06-03 00:00:00-04:00,41.52000045776367,42.31999969482422,40.90999984741211,41.27000045776367,4726300,0.0,0.0
2022-06-06 00:00:00-04:00,42.630001068115234,43.349998474121094,40.81999969482422,40.97999954223633,4149500,0.0,0.0
2022-06-07 00:00:00-04:00,40.31999969482422,41.959999084472656,40.13999938964844,40.7400016784668,4800000,0.0,0.0
2022-06-08 00:00:00-04:00,40.36000061035156,41.470001220703125,40.2400016784668,40.439998626708984,4437800,0.0,0.0
2022-06-09 00:00:00-04:00,40.209999084472656,40.47999954223633,37.33000183105469,37.34000015258789,3989200,0.0,0.0
2022-06-10 00:00:00-04:00,36.2599983215332,36.4900016784668,34.20000076293945,34.970001220703125,5611200,0.0,0.0
2022-06-13 00:00:00-04:00,33.880001068115234,33.900001525878906,30.829999923706055,31.049999237060547,8831500,0.0,0.0
2022-06-14 00:00:00-04:00,31.200000762939453,31.639999389648438,30.309999465942383,31.06999969482422,5033200,0.0,0.0
2022-06-15 00:00:00-04:00,31.530000686645508,34.68000030517578,31.260000228881836,33.9900016784668,5526800,0.0,0.0
2022-06-16 00:00:00-04:00,32.90999984741211,33.220001220703125,31.18000030517578,31.43000030517578,5726200,0.0,0.0
2022-06-17 00:00:00-04:00,31.799999237060547,33.189998626708984,31.3700008392334,33.0,7739600,0.0,0.0
2022-06-21 00:00:00-04:00,33.90999984741211,35.380001068115234,33.52000045776367,34.31999969482422,5192600,0.0,0.0
2022-06-22 00:00:00-04:00,33.58000183105469,36.084999084472656,33.32099914550781,34.66999816894531,4219400,0.0,0.0
2022-06-23 00:00:00-04:00,34.849998474121094,36.9900016784668,34.849998474121094,36.68000030517578,4415000,0.0,0.0
2022-06-24 00:00:00-04:00,37.27000045776367,38.25,36.77000045776367,37.709999084472656,22194800,0.0,0.0
2022-06-27 00:00:00-04:00,37.849998474121094,38.27000045776367,35.970001220703125,36.45000076293945,8594000,0.0,0.0
2022-06-28 00:00:00-04:00,36.27000045776367,36.7599983215332,34.04999923706055,34.93000030517578,3989600,0.0,0.0
2022-06-29 00:00:00-04:00,34.880001068115234,34.970001220703125,33.64699935913086,34.189998626708984,3838600,0.0,0.0
2022-06-30 00:00:00-04:00,33.7400016784668,34.244998931884766,32.38999938964844,33.2400016784668,3240900,0.0,0.0
2022-07-01 00:00:00-04:00,33.2400016784668,34.130001068115234,33.119998931884766,33.88999938964844,3357500,0.0,0.0
2022-07-05 00:00:00-04:00,33.275001525878906,36.7400016784668,32.81999969482422,36.72999954223633,4434700,0.0,0.0
2022-07-06 00:00:00-04:00,36.7599983215332,37.869998931884766,35.959999084472656,36.040000915527344,2882400,0.0,0.0
2022-07-07 00:00:00-04:00,36.189998626708984,37.334999084472656,36.150001525878906,37.029998779296875,3055300,0.0,0.0
2022-07-08 00:00:00-04:00,36.90999984741211,37.73500061035156,36.189998626708984,36.650001525878906,2669300,0.0,0.0
2022-07-11 00:00:00-04:00,35.689998626708984,36.5,35.41999816894531,36.189998626708984,2592400,0.0,0.0
2022-07-12 00:00:00-04:00,36.220001220703125,37.349998474121094,35.130001068115234,35.849998474121094,4133900,0.0,0.0
2022-07-13 00:00:00-04:00,34.41999816894531,36.869998931884766,33.939998626708984,35.95000076293945,2186100,0.0,0.0
2022-07-14 00:00:00-04:00,35.43000030517578,35.7599983215332,34.474998474121094,35.40999984741211,4783000,0.0,0.0
2022-07-15 00:00:00-04:00,35.72999954223633,36.45500183105469,35.290000915527344,36.22999954223633,2725000,0.0,0.0
2022-07-18 00:00:00-04:00,36.77000045776367,37.72999954223633,36.15999984741211,36.2400016784668,2325900,0.0,0.0
2022-07-19 00:00:00-04:00,37.29999923706055,38.827999114990234,36.439998626708984,38.56999969482422,4328100,0.0,0.0
2022-07-20 00:00:00-04:00,39.20000076293945,41.119998931884766,39.0,40.16999816894531,3705700,0.0,0.0
2022-07-21 00:00:00-04:00,40.16999816894531,41.38999938964844,39.599998474121094,39.95000076293945,2591200,0.0,0.0
2022-07-22 00:00:00-04:00,39.33000183105469,40.029998779296875,37.41999816894531,37.63999938964844,2139300,0.0,0.0
2022-07-25 00:00:00-04:00,37.619998931884766,37.619998931884766,36.59000015258789,37.099998474121094,1731000,0.0,0.0
2022-07-26 00:00:00-04:00,36.560001373291016,36.68000030517578,35.150001525878906,35.45000076293945,2630000,0.0,0.0
2022-07-27 00:00:00-04:00,36.310001373291016,37.39500045776367,35.88999938964844,37.04999923706055,3635100,0.0,0.0
2022-07-28 00:00:00-04:00,36.529998779296875,37.709999084472656,36.06999969482422,37.52000045776367,2827600,0.0,0.0
2022-07-29 00:00:00-04:00,37.119998931884766,37.94499969482422,36.40800094604492,37.88999938964844,2939300,0.0,0.0
2022-08-01 00:00:00-04:00,37.38999938964844,38.59000015258789,36.43000030517578,37.72999954223633,5655300,0.0,0.0
2022-08-02 00:00:00-04:00,42.650001525878906,43.18000030517578,40.44499969482422,41.970001220703125,7200300,0.0,0.0
2022-08-03 00:00:00-04:00,42.560001373291016,45.09000015258789,42.5099983215332,44.779998779296875,4942700,0.0,0.0
2022-08-04 00:00:00-04:00,44.83000183105469,46.81999969482422,44.45000076293945,46.65999984741211,4475800,0.0,0.0
2022-08-05 00:00:00-04:00,45.470001220703125,47.88999938964844,45.06999969482422,47.72999954223633,3900500,0.0,0.0
2022-08-08 00:00:00-04:00,47.650001525878906,49.38999938964844,47.650001525878906,48.0,2668700,0.0,0.0
2022-08-09 00:00:00-04:00,47.22999954223633,47.790000915527344,45.349998474121094,46.47999954223633,3461500,0.0,0.0
2022-08-10 00:00:00-04:00,49.02000045776367,50.310001373291016,48.11399841308594,49.900001525878906,3763700,0.0,0.0
2022-08-11 00:00:00-04:00,50.7599983215332,50.9900016784668,48.209999084472656,48.81999969482422,3346800,0.0,0.0
2022-08-12 00:00:00-04:00,49.790000915527344,50.43000030517578,48.93000030517578,49.91999816894531,1667900,0.0,0.0
2022-08-15 00:00:00-04:00,49.869998931884766,51.55500030517578,49.43000030517578,51.11000061035156,3458500,0.0,0.0
2022-08-16 00:00:00-04:00,50.959999084472656,51.86000061035156,50.279998779296875,51.59000015258789,2395900,0.0,0.0
2022-08-17 00:00:00-04:00,50.81999969482422,51.64500045776367,50.40999984741211,50.619998931884766,2820800,0.0,0.0
2022-08-18 00:00:00-04:00,50.619998931884766,51.57500076293945,49.77000045776367,51.150001525878906,1779800,0.0,0.0
2022-08-19 00:00:00-04:00,50.43000030517578,50.5,48.71500015258789,49.349998474121094,3326400,0.0,0.0
2022-08-22 00:00:00-04:00,48.0,48.939998626708984,47.2599983215332,47.59000015258789,2905800,0.0,0.0
2022-08-23 00:00:00-04:00,47.959999084472656,50.06999969482422,47.849998474121094,49.41999816894531,3612300,0.0,0.0
2022-08-24 00:00:00-04:00,48.75,48.81999969482422,46.2599983215332,47.130001068115234,8492400,0.0,0.0
2022-08-25 00:00:00-04:00,47.5,48.189998626708984,47.20000076293945,47.83000183105469,4670700,0.0,0.0
2022-08-26 00:00:00-04:00,47.83000183105469,47.84000015258789,45.63999938964844,46.099998474121094,2902600,0.0,0.0
2022-08-29 00:00:00-04:00,45.400001525878906,46.80500030517578,45.25,45.7599983215332,2268400,0.0,0.0
2022-08-30 00:00:00-04:00,46.68000030517578,46.89400100708008,44.959999084472656,46.15999984741211,2180300,0.0,0.0
2022-08-31 00:00:00-04:00,46.36000061035156,46.66999816894531,44.56999969482422,45.41999816894531,6426500,0.0,0.0
2022-09-01 00:00:00-04:00,44.95000076293945,44.95000076293945,41.54999923706055,42.45000076293945,4399400,0.0,0.0
2022-09-02 00:00:00-04:00,43.36000061035156,43.47999954223633,40.959999084472656,41.349998474121094,5164500,0.0,0.0
2022-09-06 00:00:00-04:00,41.349998474121094,41.47999954223633,39.88999938964844,40.849998474121094,6293600,0.0,0.0
2022-09-07 00:00:00-04:00,40.619998931884766,42.84000015258789,40.619998931884766,42.65999984741211,5289500,0.0,0.0
2022-09-08 00:00:00-04:00,42.0,43.974998474121094,41.650001525878906,43.22999954223633,4557400,0.0,0.0
2022-09-09 00:00:00-04:00,43.70000076293945,45.61000061035156,43.70000076293945,45.209999084472656,3514700,0.0,0.0
2022-09-12 00:00:00-04:00,45.0,45.68000030517578,44.150001525878906,45.65999984741211,3254200,0.0,0.0
2022-09-13 00:00:00-04:00,43.349998474121094,44.900001525878906,43.0359992980957,44.70000076293945,2826300,0.0,0.0
2022-09-14 00:00:00-04:00,45.0,45.040000915527344,43.45000076293945,44.900001525878906,3456200,0.0,0.0
2022-09-15 00:00:00-04:00,44.290000915527344,45.209999084472656,43.77000045776367,43.83000183105469,3230000,0.0,0.0
2022-09-16 00:00:00-04:00,42.83000183105469,42.83000183105469,40.9900016784668,41.9900016784668,8793700,0.0,0.0
2022-09-19 00:00:00-04:00,41.81999969482422,43.130001068115234,41.540000915527344,42.88999938964844,3893600,0.0,0.0
2022-09-20 00:00:00-04:00,42.43000030517578,43.16999816894531,41.63999938964844,41.75,3649100,0.0,0.0
2022-09-21 00:00:00-04:00,41.880001068115234,43.5099983215332,41.790000915527344,42.0099983215332,2267600,0.0,0.0
2022-09-22 00:00:00-04:00,41.6150016784668,42.15999984741211,39.97999954223633,40.36000061035156,2650100,0.0,0.0
2022-09-23 00:00:00-04:00,39.63999938964844,40.34000015258789,38.68000030517578,40.040000915527344,2732300,0.0,0.0
2022-09-26 00:00:00-04:00,39.95000076293945,40.59000015258789,39.119998931884766,39.189998626708984,3432500,0.0,0.0
2022-09-27 00:00:00-04:00,40.02000045776367,41.220001220703125,39.650001525878906,40.33000183105469,2334600,0.0,0.0
2022-09-28 00:00:00-04:00,40.779998779296875,42.689998626708984,40.38999938964844,42.290000915527344,2507200,0.0,0.0
2022-09-29 00:00:00-04:00,41.4900016784668,42.13100051879883,40.720001220703125,41.650001525878906,1625200,0.0,0.0
2022-09-30 00:00:00-04:00,41.540000915527344,42.86000061035156,40.939998626708984,41.65999984741211,2974000,0.0,0.0
2022-10-03 00:00:00-04:00,42.310001373291016,44.0099983215332,41.61000061035156,43.810001373291016,4313200,0.0,0.0
2022-10-04 00:00:00-04:00,45.060001373291016,45.900001525878906,44.779998779296875,45.880001068115234,3767100,0.0,0.0
2022-10-05 00:00:00-04:00,45.400001525878906,46.959999084472656,44.91999816894531,46.720001220703125,3248000,0.0,0.0
2022-10-06 00:00:00-04:00,46.86000061035156,48.7599983215332,46.7599983215332,48.619998931884766,6355200,0.0,0.0
2022-10-07 00:00:00-04:00,47.41999816894531,47.4900016784668,43.95000076293945,44.400001525878906,4377900,0.0,0.0
2022-10-10 00:00:00-04:00,44.380001068115234,44.69499969482422,42.75,43.63999938964844,2241900,0.0,0.0
2022-10-11 00:00:00-04:00,43.13999938964844,44.400001525878906,41.709999084472656,43.220001220703125,2761400,0.0,0.0
2022-10-12 00:00:00-04:00,43.66999816894531,43.904998779296875,42.470001220703125,43.77000045776367,1742700,0.0,0.0
2022-10-13 00:00:00-04:00,41.65999984741211,44.08000183105469,40.91999816894531,43.13999938964844,2970400,0.0,0.0
2022-10-14 00:00:00-04:00,44.09000015258789,44.540000915527344,41.7599983215332,41.869998931884766,2503800,0.0,0.0
2022-10-17 00:00:00-04:00,43.630001068115234,44.900001525878906,43.45000076293945,43.810001373291016,2757400,0.0,0.0
2022-10-18 00:00:00-04:00,45.81999969482422,45.939998626708984,44.025001525878906,45.119998931884766,2630200,0.0,0.0
2022-10-19 00:00:00-04:00,44.20000076293945,45.15999984741211,43.91999816894531,44.349998474121094,1963200,0.0,0.0
2022-10-20 00:00:00-04:00,44.7400016784668,46.56999969482422,44.36000061035156,44.939998626708984,4459700,0.0,0.0
2022-10-21 00:00:00-04:00,43.779998779296875,45.02000045776367,42.39500045776367,44.869998931884766,2122900,0.0,0.0
2022-10-24 00:00:00-04:00,44.869998931884766,44.95000076293945,43.099998474121094,44.45000076293945,1812000,0.0,0.0
2022-10-25 00:00:00-04:00,44.81999969482422,46.97999954223633,44.81999969482422,46.68000030517578,3391600,0.0,0.0
2022-10-26 00:00:00-04:00,45.0,47.76499938964844,44.70000076293945,45.68000030517578,2978600,0.0,0.0
2022-10-27 00:00:00-04:00,45.72999954223633,47.459999084472656,45.529998779296875,46.11000061035156,3743700,0.0,0.0
2022-10-28 00:00:00-04:00,45.220001220703125,45.40999984741211,43.77000045776367,45.18000030517578,3037500,0.0,0.0
2022-10-31 00:00:00-04:00,44.84000015258789,45.33000183105469,43.810001373291016,44.529998779296875,3475800,0.0,0.0
2022-11-01 00:00:00-04:00,45.900001525878906,45.900001525878906,43.2400016784668,43.5,5049200,0.0,0.0
2022-11-02 00:00:00-04:00,32.189998626708984,34.45000076293945,30.1200008392334,30.809999465942383,22294300,0.0,0.0
2022-11-03 00:00:00-04:00,30.600000381469727,31.729999542236328,30.18000030517578,31.25,7731900,0.0,0.0
2022-11-04 00:00:00-04:00,31.709999084472656,31.790000915527344,27.93000030517578,29.280000686645508,8891900,0.0,0.0
2022-11-07 00:00:00-05:00,29.56999969482422,29.969999313354492,27.934999465942383,28.049999237060547,7783300,0.0,0.0
2022-11-08 00:00:00-05:00,28.049999237060547,29.6200008392334,27.440000534057617,29.450000762939453,5510000,0.0,0.0
2022-11-09 00:00:00-05:00,29.350000381469727,29.350000381469727,27.975000381469727,28.06999969482422,3874800,0.0,0.0
2022-11-10 00:00:00-05:00,29.989999771118164,30.969999313354492,29.670000076293945,30.940000534057617,5802100,0.0,0.0
2022-11-11 00:00:00-05:00,31.459999084472656,33.06999969482422,31.09000015258789,32.560001373291016,5238800,0.0,0.0
2022-11-14 00:00:00-05:00,32.04999923706055,32.599998474121094,31.264999389648438,31.34000015258789,3063900,0.0,0.0
2022-11-15 00:00:00-05:00,32.43000030517578,32.79999923706055,31.604999542236328,31.690000534057617,3862500,0.0,0.0
2022-11-16 00:00:00-05:00,31.0,31.290000915527344,23.290000915527344,27.170000076293945,23417300,0.0,0.0
2022-11-17 00:00:00-05:00,26.190000534057617,26.270000457763672,24.6299991607666,26.170000076293945,16373700,0.0,0.0
2022-11-18 00:00:00-05:00,26.719999313354492,26.93000030517578,25.889999389648438,26.610000610351562,5070900,0.0,0.0
2022-11-21 00:00:00-05:00,26.68000030517578,27.604999542236328,26.260000228881836,27.510000228881836,5313600,0.0,0.0
2022-11-22 00:00:00-05:00,27.239999771118164,27.530000686645508,26.15999984741211,27.360000610351562,3324000,0.0,0.0
2022-11-23 00:00:00-05:00,27.5,28.719999313354492,27.260000228881836,28.06999969482422,2454100,0.0,0.0
2022-11-25 00:00:00-05:00,27.739999771118164,28.360000610351562,27.3799991607666,27.799999237060547,2059400,0.0,0.0
2022-11-28 00:00:00-05:00,27.405000686645508,27.850000381469727,27.045000076293945,27.229999542236328,2301000,0.0,0.0
2022-11-29 00:00:00-05:00,27.31999969482422,27.459999084472656,26.354999542236328,26.530000686645508,4247900,0.0,0.0
2022-11-30 00:00:00-05:00,26.360000610351562,28.649999618530273,26.139999389648438,28.600000381469727,6651700,0.0,0.0
2022-12-01 00:00:00-05:00,28.530000686645508,29.25,28.239999771118164,28.90999984741211,4341900,0.0,0.0
2022-12-02 00:00:00-05:00,27.8799991607666,29.389999389648438,27.8799991607666,29.270000457763672,3937600,0.0,0.0
2022-12-05 00:00:00-05:00,28.81999969482422,29.549999237060547,28.219999313354492,28.700000762939453,5237100,0.0,0.0
2022-12-06 00:00:00-05:00,28.84000015258789,28.94499969482422,27.6200008392334,27.969999313354492,3208100,0.0,0.0
2022-12-07 00:00:00-05:00,28.010000228881836,28.694000244140625,27.920000076293945,28.329999923706055,3865900,0.0,0.0
2022-12-08 00:00:00-05:00,28.670000076293945,29.520000457763672,28.18000030517578,28.5,4163400,0.0,0.0
2022-12-09 00:00:00-05:00,28.399999618530273,29.2549991607666,28.3700008392334,29.040000915527344,4206000,0.0,0.0
2022-12-12 00:00:00-05:00,29.010000228881836,30.56999969482422,28.90999984741211,30.190000534057617,4391700,0.0,0.0
2022-12-13 00:00:00-05:00,32.06999969482422,32.40700149536133,30.610000610351562,31.06999969482422,5362500,0.0,0.0
2022-12-14 00:00:00-05:00,30.709999084472656,31.65999984741211,30.709999084472656,31.360000610351562,4317800,0.0,0.0
2022-12-15 00:00:00-05:00,30.459999084472656,30.90999984741211,29.75,29.940000534057617,4767400,0.0,0.0
2022-12-16 00:00:00-05:00,29.950000762939453,30.18000030517578,29.479999542236328,29.799999237060547,4492500,0.0,0.0
2022-12-19 00:00:00-05:00,29.479999542236328,29.68000030517578,27.600000381469727,27.940000534057617,6611800,0.0,0.0
2022-12-20 00:00:00-05:00,27.559999465942383,29.049999237060547,27.559999465942383,28.729999542236328,3159000,0.0,0.0
2022-12-21 00:00:00-05:00,28.84000015258789,29.704999923706055,28.350000381469727,29.309999465942383,3617700,0.0,0.0
2022-12-22 00:00:00-05:00,28.739999771118164,28.979999542236328,28.149999618530273,28.950000762939453,3470200,0.0,0.0
2022-12-23 00:00:00-05:00,28.760000228881836,28.875,28.110000610351562,28.799999237060547,2623700,0.0,0.0
2022-12-27 00:00:00-05:00,28.549999237060547,28.90999984741211,27.81999969482422,28.549999237060547,2714900,0.0,0.0
2022-12-28 00:00:00-05:00,28.110000610351562,28.709999084472656,28.104000091552734,28.43000030517578,3248300,0.0,0.0
2022-12-29 00:00:00-05:00,29.0,30.399999618530273,28.610000610351562,30.149999618530273,2575600,0.0,0.0
2022-12-30 00:00:00-05:00,29.549999237060547,30.270000457763672,29.280000686645508,30.110000610351562,2859400,0.0,0.0
2023-01-03 00:00:00-05:00,30.670000076293945,31.049999237060547,29.40999984741211,29.440000534057617,3246500,0.0,0.0
2023-01-04 00:00:00-05:00,28.459999084472656,28.56999969482422,27.600000381469727,27.770000457763672,8281900,0.0,0.0
2023-01-05 00:00:00-05:00,27.469999313354492,27.469999313354492,25.389999389648438,25.93000030517578,8553500,0.0,0.0
2023-01-06 00:00:00-05:00,26.040000915527344,26.09000015258789,24.684999465942383,25.110000610351562,9252300,0.0,0.0
2023-01-09 00:00:00-05:00,25.190000534057617,26.155000686645508,24.844999313354492,25.979999542236328,9617900,0.0,0.0
2023-01-10 00:00:00-05:00,25.389999389648438,26.295000076293945,24.93000030517578,25.469999313354492,9930000,0.0,0.0
2023-01-11 00:00:00-05:00,25.780000686645508,26.475000381469727,25.420000076293945,26.43000030517578,8743100,0.0,0.0
2023-01-12 00:00:00-05:00,26.270000457763672,26.479999542236328,25.1299991607666,25.729999542236328,5210200,0.0,0.0
2023-01-13 00:00:00-05:00,25.649999618530273,26.075000762939453,25.040000915527344,26.010000228881836,3474800,0.0,0.0
2023-01-17 00:00:00-05:00,26.030000686645508,26.6299991607666,25.510000228881836,26.389999389648438,7029500,0.0,0.0
2023-01-18 00:00:00-05:00,26.559999465942383,26.959999084472656,26.104999542236328,26.260000228881836,3849000,0.0,0.0
2023-01-19 00:00:00-05:00,25.84000015258789,26.229999542236328,25.520000457763672,25.6299991607666,2430900,0.0,0.0
2023-01-20 00:00:00-05:00,25.75,26.229999542236328,25.600000381469727,25.889999389648438,6395600,0.0,0.0
2023-01-23 00:00:00-05:00,25.899999618530273,27.18000030517578,25.739999771118164,27.0,3400900,0.0,0.0
2023-01-24 00:00:00-05:00,26.489999771118164,27.25,26.420000076293945,26.729999542236328,2364200,0.0,0.0
2023-01-25 00:00:00-05:00,25.889999389648438,26.420000076293945,25.020000457763672,26.190000534057617,3030500,0.0,0.0
2023-01-26 00:00:00-05:00,26.889999389648438,27.540000915527344,26.389999389648438,27.5,3222100,0.0,0.0
2023-01-27 00:00:00-05:00,27.299999237060547,27.959999084472656,27.1200008392334,27.610000610351562,3537300,0.0,0.0
2023-01-30 00:00:00-05:00,27.260000228881836,27.700000762939453,26.920000076293945,27.389999389648438,2490100,0.0,0.0
2023-01-31 00:00:00-05:00,27.5,28.239999771118164,27.385000228881836,28.229999542236328,3166100,0.0,0.0
2023-02-01 00:00:00-05:00,27.6299991607666,28.579999923706055,27.270000457763672,28.395000457763672,9444300,0.0,0.0
2023-02-02 00:00:00-05:00,29.59000015258789,30.260000228881836,28.989999771118164,30.1200008392334,5235800,0.0,0.0
2023-02-03 00:00:00-05:00,28.920000076293945,29.950000762939453,28.834999084472656,29.06999969482422,4621900,0.0,0.0
2023-02-06 00:00:00-05:00,28.68000030517578,29.31999969482422,28.469999313354492,28.719999313354492,8303900,0.0,0.0
2023-02-07 00:00:00-05:00,26.540000915527344,30.979999542236328,26.18000030517578,30.239999771118164,16607700,0.0,0.0
2023-02-08 00:00:00-05:00,29.895000457763672,30.0,27.889999389648438,28.049999237060547,8602600,0.0,0.0
2023-02-09 00:00:00-05:00,28.5,28.920000076293945,27.290000915527344,27.56999969482422,5306200,0.0,0.0
2023-02-10 00:00:00-05:00,27.270000457763672,27.34000015258789,25.774999618530273,25.799999237060547,5285900,0.0,0.0
2023-02-13 00:00:00-05:00,26.040000915527344,26.770000457763672,25.68000030517578,26.610000610351562,6150800,0.0,0.0
2023-02-14 00:00:00-05:00,26.459999084472656,27.450000762939453,26.25,26.8700008392334,4409700,0.0,0.0
2023-02-15 00:00:00-05:00,26.90999984741211,28.530000686645508,26.635000228881836,28.290000915527344,9506800,0.0,0.0
2023-02-16 00:00:00-05:00,27.469999313354492,27.610000610351562,26.3799991607666,26.399999618530273,3811400,0.0,0.0
2023-02-17 00:00:00-05:00,26.18000030517578,26.18000030517578,25.25,25.709999084472656,3635100,0.0,0.0
2023-02-21 00:00:00-05:00,25.290000915527344,25.665000915527344,25.06999969482422,25.520000457763672,2653500,0.0,0.0
2023-02-22 00:00:00-05:00,25.729999542236328,26.139999389648438,25.514999389648438,25.950000762939453,2536500,0.0,0.0
2023-02-23 00:00:00-05:00,26.3799991607666,26.459999084472656,25.579999923706055,26.020000457763672,4053600,0.0,0.0
2023-02-24 00:00:00-05:00,25.40999984741211,25.6200008392334,25.049999237060547,25.190000534057617,2301400,0.0,0.0
2023-02-27 00:00:00-05:00,25.520000457763672,25.600000381469727,24.420000076293945,24.65999984741211,5020900,0.0,0.0
2023-02-28 00:00:00-05:00,24.6200008392334,24.790000915527344,24.075000762939453,24.170000076293945,5838900,0.0,0.0
2023-03-01 00:00:00-05:00,24.420000076293945,24.75,24.30500030517578,24.350000381469727,3313100,0.0,0.0
2023-03-02 00:00:00-05:00,24.06999969482422,25.035999298095703,24.020000457763672,24.780000686645508,2940900,0.0,0.0
2023-03-03 00:00:00-05:00,25.1299991607666,26.270000457763672,25.1299991607666,25.850000381469727,3889400,0.0,0.0
2023-03-06 00:00:00-05:00,26.010000228881836,26.360000610351562,25.540000915527344,25.56999969482422,3399500,0.0,0.0
2023-03-07 00:00:00-05:00,25.84000015258789,26.045000076293945,25.0,25.010000228881836,2768300,0.0,0.0
2023-03-08 00:00:00-05:00,24.979999542236328,25.219999313354492,24.479999542236328,24.6200008392334,2024300,0.0,0.0
2023-03-09 00:00:00-05:00,24.5,24.81999969482422,23.94499969482422,24.18000030517578,5299800,0.0,0.0
2023-03-10 00:00:00-05:00,23.950000762939453,24.020000457763672,21.709999084472656,21.850000381469727,12625200,0.0,0.0
2023-03-13 00:00:00-04:00,21.889999389648438,21.96500015258789,20.719999313354492,21.420000076293945,15325800,0.0,0.0
2023-03-14 00:00:00-04:00,22.65999984741211,22.770000457763672,21.260000228881836,21.360000610351562,8862700,0.0,0.0
2023-03-15 00:00:00-04:00,21.010000228881836,22.450000762939453,20.8799991607666,22.219999313354492,7314000,0.0,0.0
2023-03-16 00:00:00-04:00,22.25,23.049999237060547,22.040000915527344,22.940000534057617,5024700,0.0,0.0
2023-03-17 00:00:00-04:00,22.700000762939453,23.854999542236328,22.700000762939453,23.760000228881836,5442000,0.0,0.0
2023-03-20 00:00:00-04:00,23.540000915527344,23.68000030517578,22.969999313354492,23.520000457763672,5616700,0.0,0.0
2023-03-21 00:00:00-04:00,23.739999771118164,24.18000030517578,23.639999389648438,24.06999969482422,4033900,0.0,0.0
2023-03-22 00:00:00-04:00,23.950000762939453,24.399999618530273,23.450000762939453,23.489999771118164,3146900,0.0,0.0
2023-03-23 00:00:00-04:00,23.829999923706055,24.15999984741211,23.28499984741211,23.34000015258789,2746600,0.0,0.0
2023-03-24 00:00:00-04:00,23.219999313354492,23.350000381469727,22.584999084472656,23.18000030517578,2225100,0.0,0.0
2023-03-27 00:00:00-04:00,23.18000030517578,23.239999771118164,22.610000610351562,23.06999969482422,4213600,0.0,0.0
2023-03-28 00:00:00-04:00,23.010000228881836,23.329999923706055,22.860000610351562,23.15999984741211,2622500,0.0,0.0
2023-03-29 00:00:00-04:00,23.510000228881836,24.274999618530273,23.434999465942383,24.139999389648438,3378800,0.0,0.0
2023-03-30 00:00:00-04:00,24.520000457763672,24.760000228881836,24.25,24.420000076293945,2644600,0.0,0.0
2023-03-31 00:00:00-04:00,24.540000915527344,25.200000762939453,24.360000610351562,24.709999084472656,4710600,0.0,0.0
2023-04-03 00:00:00-04:00,24.43000030517578,24.809999465942383,23.989999771118164,24.559999465942383,2481200,0.0,0.0
2023-04-04 00:00:00-04:00,24.799999237060547,24.850000381469727,23.954999923706055,24.030000686645508,3692300,0.0,0.0
2023-04-05 00:00:00-04:00,23.719999313354492,23.719999313354492,22.610000610351562,22.989999771118164,3978500,0.0,0.0
2023-04-06 00:00:00-04:00,22.864999771118164,23.274999618530273,22.520000457763672,23.110000610351562,5387000,0.0,0.0
2023-04-10 00:00:00-04:00,22.600000381469727,23.309999465942383,22.600000381469727,23.079999923706055,2050100,0.0,0.0
2023-04-11 00:00:00-04:00,23.1200008392334,23.31999969482422,22.954999923706055,23.040000915527344,2592300,0.0,0.0
2023-04-12 00:00:00-04:00,23.530000686645508,23.670000076293945,22.510000228881836,22.520000457763672,1894300,0.0,0.0
2023-04-13 00:00:00-04:00,22.670000076293945,23.290000915527344,22.559999465942383,22.600000381469727,3457800,0.0,0.0
2023-04-14 00:00:00-04:00,22.360000610351562,22.6299991607666,21.864999771118164,22.149999618530273,2889200,0.0,0.0
2023-04-17 00:00:00-04:00,22.31999969482422,22.825000762939453,22.010000228881836,22.40999984741211,5354600,0.0,0.0
2023-04-18 00:00:00-04:00,22.530000686645508,22.530000686645508,21.450000762939453,21.809999465942383,6957900,0.0,0.0
2023-04-19 00:00:00-04:00,21.5,22.190000534057617,21.5,21.920000076293945,3566700,0.0,0.0
2023-04-20 00:00:00-04:00,21.670000076293945,22.0049991607666,21.364999771118164,21.459999084472656,3401800,0.0,0.0
2023-04-21 00:00:00-04:00,21.5,22.09000015258789,21.434999465942383,21.989999771118164,3850200,0.0,0.0
2023-04-24 00:00:00-04:00,21.940000534057617,22.010000228881836,21.19099998474121,21.5,3291300,0.0,0.0
2023-04-25 00:00:00-04:00,21.459999084472656,21.56999969482422,21.139999389648438,21.229999542236328,5461300,0.0,0.0
2023-04-26 00:00:00-04:00,21.584999084472656,21.850000381469727,21.184999465942383,21.280000686645508,3457200,0.0,0.0
2023-04-27 00:00:00-04:00,21.530000686645508,21.68000030517578,21.0049991607666,21.450000762939453,5022700,0.0,0.0
2023-04-28 00:00:00-04:00,21.09000015258789,22.03499984741211,20.8799991607666,21.90999984741211,8164700,0.0,0.0
2023-05-01 00:00:00-04:00,21.75,21.920000076293945,21.395000457763672,21.700000762939453,5960500,0.0,0.0
2023-05-02 00:00:00-04:00,23.1299991607666,23.350000381469727,21.729999542236328,21.979999542236328,11138800,0.0,0.0
2023-05-03 00:00:00-04:00,21.979999542236328,22.344999313354492,21.290000915527344,21.450000762939453,5198300,0.0,0.0
2023-05-04 00:00:00-04:00,21.790000915527344,22.155000686645508,20.5,20.56999969482422,4893200,0.0,0.0
2023-05-05 00:00:00-04:00,20.729999542236328,21.125,20.520000457763672,20.549999237060547,5248200,0.0,0.0
2023-05-08 00:00:00-04:00,20.579999923706055,21.15999984741211,20.329999923706055,21.110000610351562,4135200,0.0,0.0
2023-05-09 00:00:00-04:00,20.860000610351562,21.09000015258789,20.40999984741211,20.440000534057617,5855300,0.0,0.0
2023-05-10 00:00:00-04:00,20.700000762939453,21.1200008392334,20.559999465942383,21.100000381469727,4083400,0.0,0.0
2023-05-11 00:00:00-04:00,21.28499984741211,21.28499984741211,20.739999771118164,21.190000534057617,2582100,0.0,0.0
2023-05-12 00:00:00-04:00,21.239999771118164,21.239999771118164,20.440000534057617,20.610000610351562,3435300,0.0,0.0
2023-05-15 00:00:00-04:00,20.59000015258789,21.80500030517578,20.5,21.770000457763672,2924000,0.0,0.0
2023-05-16 00:00:00-04:00,21.6200008392334,23.8700008392334,21.579999923706055,22.75,9083900,0.0,0.0
2023-05-17 00:00:00-04:00,22.799999237060547,22.940000534057617,22.2450008392334,22.489999771118164,3188600,0.0,0.0
2023-05-18 00:00:00-04:00,22.81999969482422,24.09000015258789,22.780000686645508,24.059999465942383,4569300,0.0,0.0
2023-05-19 00:00:00-04:00,24.049999237060547,24.399999618530273,23.405000686645508,23.989999771118164,3831700,0.0,0.0
2023-05-22 00:00:00-04:00,23.93000030517578,25.469999313354492,23.889999389648438,25.25,5759800,0.0,0.0
2023-05-23 00:00:00-04:00,25.149999618530273,25.434999465942383,24.68000030517578,24.739999771118164,3932700,0.0,0.0
2023-05-24 00:00:00-04:00,24.440000534057617,24.649999618530273,24.18000030517578,24.309999465942383,3388300,0.0,0.0
2023-05-25 00:00:00-04:00,24.3799991607666,24.5,23.040000915527344,23.06999969482422,4272100,0.0,0.0
2023-05-26 00:00:00-04:00,23.100000381469727,23.635000228881836,23.09000015258789,23.479999542236328,3249800,0.0,0.0
2023-05-30 00:00:00-04:00,23.780000686645508,24.989999771118164,23.780000686645508,24.729999542236328,4667200,0.0,0.0
2023-05-31 00:00:00-04:00,24.75,25.200000762939453,24.389999389648438,24.729999542236328,6201700,0.0,0.0
2023-06-01 00:00:00-04:00,24.549999237060547,26.0,24.389999389648438,25.90999984741211,6045200,0.0,0.0
2023-06-02 00:00:00-04:00,26.09000015258789,26.6299991607666,25.8799991607666,26.450000762939453,5287600,0.0,0.0
2023-06-05 00:00:00-04:00,27.0,27.0,25.68000030517578,26.549999237060547,7160900,0.0,0.0
2023-06-06 00:00:00-04:00,26.469999313354492,27.065000534057617,26.295000076293945,26.760000228881836,4128300,0.0,0.0
2023-06-07 00:00:00-04:00,27.0,27.239999771118164,26.46299934387207,26.729999542236328,6524600,0.0,0.0
2023-06-08 00:00:00-04:00,26.3799991607666,26.65999984741211,25.854999542236328,25.889999389648438,5101700,0.0,0.0
2023-06-09 00:00:00-04:00,26.0,26.854999542236328,25.979999542236328,26.149999618530273,4950700,0.0,0.0
2023-06-12 00:00:00-04:00,26.18000030517578,26.809999465942383,26.149999618530273,26.690000534057617,3564000,0.0,0.0
2023-06-13 00:00:00-04:00,27.0,28.5049991607666,26.90999984741211,28.459999084472656,7366700,0.0,0.0
2023-06-14 00:00:00-04:00,28.299999237060547,28.7549991607666,27.375,27.649999618530273,6465900,0.0,0.0
2023-06-15 00:00:00-04:00,27.350000381469727,28.514999389648438,27.280000686645508,28.399999618530273,4122400,0.0,0.0
2023-06-16 00:00:00-04:00,26.75,27.030000686645508,25.450000762939453,26.81999969482422,58348900,0.0,0.0
2023-06-20 00:00:00-04:00,26.579999923706055,26.739999771118164,25.729999542236328,26.5,5328500,0.0,0.0
2023-06-21 00:00:00-04:00,26.079999923706055,26.270000457763672,23.895000457763672,23.969999313354492,10520600,0.0,0.0
2023-06-22 00:00:00-04:00,23.600000381469727,24.479999542236328,23.5,24.270000457763672,5734800,0.0,0.0
2023-06-23 00:00:00-04:00,23.65999984741211,24.270000457763672,23.5,23.989999771118164,13694000,0.0,0.0
2023-06-26 00:00:00-04:00,23.829999923706055,24.979999542236328,23.829999923706055,24.6200008392334,6778200,0.0,0.0
2023-06-27 00:00:00-04:00,24.760000228881836,24.950000762939453,23.975000381469727,24.139999389648438,4439300,0.0,0.0
2023-06-28 00:00:00-04:00,25.65999984741211,25.690000534057617,24.947999954223633,25.610000610351562,7340300,0.0,0.0
2023-06-29 00:00:00-04:00,25.6200008392334,26.1200008392334,25.510000228881836,26.079999923706055,6557700,0.0,0.0
2023-06-30 00:00:00-04:00,26.34000015258789,26.450000762939453,25.385000228881836,25.389999389648438,4054600,0.0,0.0
2023-07-03 00:00:00-04:00,25.5,26.270000457763672,25.309999465942383,26.18000030517578,2971500,0.0,0.0
2023-07-05 00:00:00-04:00,26.09000015258789,26.09000015258789,25.174999237060547,25.479999542236328,3950700,0.0,0.0
2023-07-06 00:00:00-04:00,25.079999923706055,25.219999313354492,24.690000534057617,24.84000015258789,2871700,0.0,0.0
2023-07-07 00:00:00-04:00,24.950000762939453,25.780000686645508,24.950000762939453,25.520000457763672,2608100,0.0,0.0
2023-07-10 00:00:00-04:00,25.290000915527344,25.889999389648438,25.075000762939453,25.850000381469727,3306900,0.0,0.0
2023-07-11 00:00:00-04:00,26.0,26.959999084472656,25.90999984741211,26.899999618530273,3527400,0.0,0.0
2023-07-12 00:00:00-04:00,27.40999984741211,27.709999084472656,27.200000762939453,27.559999465942383,5914300,0.0,0.0
2023-07-13 00:00:00-04:00,27.979999542236328,28.219999313354492,27.860000610351562,28.059999465942383,3182800,0.0,0.0
2023-07-14 00:00:00-04:00,28.170000076293945,28.270000457763672,27.2549991607666,27.290000915527344,4408500,0.0,0.0
2023-07-17 00:00:00-04:00,27.15999984741211,29.014999389648438,27.139999389648438,28.889999389648438,6404800,0.0,0.0
2023-07-18 00:00:00-04:00,28.899999618530273,29.05500030517578,28.5049991607666,28.950000762939453,3827000,0.0,0.0
2023-07-19 00:00:00-04:00,29.450000762939453,30.155000686645508,28.6299991607666,28.850000381469727,6666000,0.0,0.0
2023-07-20 00:00:00-04:00,28.489999771118164,28.729999542236328,27.0,27.020000457763672,4282400,0.0,0.0
2023-07-21 00:00:00-04:00,27.190000534057617,27.4950008392334,26.540000915527344,26.68000030517578,4738700,0.0,0.0
2023-07-24 00:00:00-04:00,25.860000610351562,26.200000762939453,25.510000228881836,25.81999969482422,5471000,0.0,0.0
2023-07-25 00:00:00-04:00,25.809999465942383,25.84000015258789,25.049999237060547,25.270000457763672,4730800,0.0,0.0
2023-07-26 00:00:00-04:00,25.309999465942383,25.639999389648438,25.1200008392334,25.520000457763672,4760600,0.0,0.0
2023-07-27 00:00:00-04:00,26.194000244140625,26.194000244140625,24.90999984741211,25.079999923706055,4446400,0.0,0.0
2023-07-28 00:00:00-04:00,25.520000457763672,26.059999465942383,25.44499969482422,25.770000457763672,4599600,0.0,0.0
2023-07-31 00:00:00-04:00,25.989999771118164,26.229999542236328,25.44499969482422,25.56999969482422,9917900,0.0,0.0
2023-08-01 00:00:00-04:00,20.700000762939453,20.75,18.559999465942383,18.670000076293945,38626300,0.0,0.0
2023-08-02 00:00:00-04:00,18.399999618530273,19.020000457763672,18.309999465942383,18.399999618530273,17606900,0.0,0.0
2023-08-03 00:00:00-04:00,18.25,18.799999237060547,18.25,18.649999618530273,13004000,0.0,0.0
2023-08-04 00:00:00-04:00,18.899999618530273,18.899999618530273,18.354999542236328,18.5,9224800,0.0,0.0
2023-08-07 00:00:00-04:00,18.5,18.59000015258789,18.219999313354492,18.520000457763672,5837700,0.0,0.0
2023-08-08 00:00:00-04:00,18.170000076293945,18.469999313354492,18.0,18.450000762939453,7587600,0.0,0.0
2023-08-09 00:00:00-04:00,18.489999771118164,18.55500030517578,18.18000030517578,18.329999923706055,5819000,0.0,0.0
2023-08-10 00:00:00-04:00,18.510000228881836,18.65999984741211,18.239999771118164,18.399999618530273,8256600,0.0,0.0
2023-08-11 00:00:00-04:00,18.290000915527344,18.850000381469727,18.25,18.770000457763672,5789800,0.0,0.0
2023-08-14 00:00:00-04:00,18.65999984741211,18.760000228881836,18.329999923706055,18.40999984741211,5122900,0.0,0.0
2023-08-15 00:00:00-04:00,18.270000457763672,18.635000228881836,18.190000534057617,18.229999542236328,4520300,0.0,0.0
2023-08-16 00:00:00-04:00,18.06999969482422,18.270000457763672,17.979999542236328,18.0,4806400,0.0,0.0
2023-08-17 00:00:00-04:00,17.93000030517578,18.079999923706055,17.690000534057617,17.700000762939453,4953200,0.0,0.0
2023-08-18 00:00:00-04:00,17.5,17.709999084472656,17.34000015258789,17.43000030517578,6203000,0.0,0.0
2023-08-21 00:00:00-04:00,17.350000381469727,17.674999237060547,17.34000015258789,17.549999237060547,5260900,0.0,0.0
2023-08-22 00:00:00-04:00,17.649999618530273,17.969999313354492,17.530000686645508,17.90999984741211,5979000,0.0,0.0
2023-08-23 00:00:00-04:00,17.989999771118164,18.538000106811523,17.84000015258789,18.290000915527344,5946400,0.0,0.0
2023-08-24 00:00:00-04:00,18.40999984741211,18.44700050354004,17.829999923706055,17.979999542236328,4800700,0.0,0.0
2023-08-25 00:00:00-04:00,18.020000457763672,18.155000686645508,17.844999313354492,17.90999984741211,5476000,0.0,0.0
2023-08-28 00:00:00-04:00,18.0,18.2189998626709,17.84000015258789,17.8799991607666,3336100,0.0,0.0
2023-08-29 00:00:00-04:00,17.860000610351562,17.985000610351562,17.729999542236328,17.84000015258789,5188700,0.0,0.0
2023-08-30 00:00:00-04:00,17.829999923706055,18.040000915527344,17.709999084472656,17.790000915527344,6049300,0.0,0.0
2023-08-31 00:00:00-04:00,17.920000076293945,18.329999923706055,17.8700008392334,18.020000457763672,8268200,0.0,0.0
2023-09-01 00:00:00-04:00,18.18000030517578,18.6299991607666,18.149999618530273,18.579999923706055,6503500,0.0,0.0
2023-09-05 00:00:00-04:00,18.079999923706055,18.299999237060547,17.90999984741211,18.110000610351562,4596900,0.0,0.0
2023-09-06 00:00:00-04:00,18.139999389648438,18.149999618530273,17.773000717163086,17.8700008392334,3734000,0.0,0.0
2023-09-07 00:00:00-04:00,17.65999984741211,18.135000228881836,17.559999465942383,17.81999969482422,4522600,0.0,0.0
2023-09-08 00:00:00-04:00,17.799999237060547,17.864999771118164,17.43000030517578,17.59000015258789,5182700,0.0,0.0
2023-09-11 00:00:00-04:00,17.770000457763672,17.84000015258789,17.450000762939453,17.5,5078100,0.0,0.0
2023-09-12 00:00:00-04:00,17.3700008392334,17.920000076293945,17.3700008392334,17.799999237060547,5166000,0.0,0.0
2023-09-13 00:00:00-04:00,17.709999084472656,17.795000076293945,17.139999389648438,17.170000076293945,4798200,0.0,0.0
2023-09-14 00:00:00-04:00,17.200000762939453,17.44499969482422,17.100000381469727,17.25,4824900,0.0,0.0
2023-09-15 00:00:00-04:00,17.260000228881836,17.34000015258789,17.045000076293945,17.219999313354492,13573600,0.0,0.0
2023-09-18 00:00:00-04:00,17.219999313354492,17.4950008392334,17.0,17.030000686645508,7708400,0.0,0.0
2023-09-19 00:00:00-04:00,16.860000610351562,16.93000030517578,16.389999389648438,16.530000686645508,7495400,0.0,0.0
2023-09-20 00:00:00-04:00,16.68000030517578,16.68000030517578,15.949999809265137,15.960000038146973,6545500,0.0,0.0
2023-09-21 00:00:00-04:00,15.84000015258789,15.904999732971191,15.529999732971191,15.729999542236328,9354600,0.0,0.0
2023-09-22 00:00:00-04:00,15.829999923706055,16.014999389648438,15.600000381469727,15.859999656677246,5065200,0.0,0.0
2023-09-25 00:00:00-04:00,15.65999984741211,16.165000915527344,15.65999984741211,16.049999237060547,4750800,0.0,0.0
2023-09-26 00:00:00-04:00,15.970000267028809,16.030000686645508,15.729999542236328,15.779999732971191,4802700,0.0,0.0
2023-09-27 00:00:00-04:00,15.869999885559082,16.25,15.819999694824219,16.219999313354492,4598700,0.0,0.0
2023-09-28 00:00:00-04:00,16.18000030517578,16.53499984741211,15.970000267028809,16.34000015258789,4887200,0.0,0.0
2023-09-29 00:00:00-04:00,16.579999923706055,16.790000915527344,16.31999969482422,16.399999618530273,4061800,0.0,0.0
2023-10-02 00:00:00-04:00,16.420000076293945,16.59000015258789,16.059999465942383,16.15999984741211,6088800,0.0,0.0
2023-10-03 00:00:00-04:00,16.0,16.514999389648438,16.0,16.299999237060547,4848500,0.0,0.0
2023-10-04 00:00:00-04:00,16.350000381469727,16.770000457763672,16.290000915527344,16.75,4893400,0.0,0.0
2023-10-05 00:00:00-04:00,16.719999313354492,16.827999114990234,16.4950008392334,16.520000457763672,9684200,0.0,0.0
2023-10-06 00:00:00-04:00,16.399999618530273,17.02899932861328,16.3700008392334,16.93000030517578,4201800,0.0,0.0
2023-10-09 00:00:00-04:00,16.739999771118164,16.975000381469727,16.700000762939453,16.93000030517578,3959700,0.0,0.0
2023-10-10 00:00:00-04:00,17.0,17.40999984741211,16.969999313354492,17.170000076293945,5427000,0.0,0.0
2023-10-11 00:00:00-04:00,17.079999923706055,17.520000457763672,17.079999923706055,17.5,4651600,0.0,0.0
2023-10-12 00:00:00-04:00,17.43000030517578,17.46500015258789,16.959999084472656,17.049999237060547,5077000,0.0,0.0
2023-10-13 00:00:00-04:00,17.0,17.100000381469727,16.709999084472656,16.850000381469727,4697000,0.0,0.0
2023-10-16 00:00:00-04:00,16.959999084472656,17.329999923706055,16.8799991607666,17.149999618530273,5619400,0.0,0.0
2023-10-17 00:00:00-04:00,17.020000457763672,17.4950008392334,16.969999313354492,17.399999618530273,4998400,0.0,0.0
2023-10-18 00:00:00-04:00,17.18000030517578,17.329999923706055,17.059999465942383,17.09000015258789,2932100,0.0,0.0
2023-10-19 00:00:00-04:00,17.079999923706055,17.315000534057617,16.959999084472656,17.0,3725500,0.0,0.0
2023-10-20 00:00:00-04:00,16.950000762939453,17.225000381469727,16.899999618530273,16.989999771118164,4702200,0.0,0.0
2023-10-23 00:00:00-04:00,16.75,16.850000381469727,15.890000343322754,15.920000076293945,6157800,0.0,0.0
2023-10-24 00:00:00-04:00,16.09000015258789,16.565000534057617,16.09000015258789,16.229999542236328,6696300,0.0,0.0
2023-10-25 00:00:00-04:00,16.100000381469727,16.329999923706055,15.6850004196167,15.720000267028809,7911400,0.0,0.0
2023-10-26 00:00:00-04:00,15.770000457763672,15.869999885559082,15.359999656677246,15.510000228881836,5428400,0.0,0.0
2023-10-27 00:00:00-04:00,15.739999771118164,15.829999923706055,15.140000343322754,15.34000015258789,7298500,0.0,0.0
2023-10-30 00:00:00-04:00,15.479999542236328,15.720000267028809,15.100000381469727,15.510000228881836,9792500,0.0,0.0
2023-10-31 00:00:00-04:00,14.899999618530273,14.899999618530273,12.779999732971191,12.960000038146973,21264700,0.0,0.0
2023-11-01 00:00:00-04:00,12.729999542236328,12.989999771118164,12.359999656677246,12.529999732971191,13974000,0.0,0.0
2023-11-02 00:00:00-04:00,12.760000228881836,12.869999885559082,12.40999984741211,12.770000457763672,12328400,0.0,0.0
2023-11-03 00:00:00-04:00,12.9399995803833,13.755999565124512,12.9399995803833,13.630000114440918,8581200,0.0,0.0
2023-11-06 00:00:00-05:00,13.609999656677246,13.609999656677246,13.09000015258789,13.09000015258789,7233700,0.0,0.0
2023-11-07 00:00:00-05:00,13.149999618530273,13.46500015258789,12.90999984741211,13.329999923706055,6185900,0.0,0.0
2023-11-08 00:00:00-05:00,13.300000190734863,13.4399995803833,12.984999656677246,13.010000228881836,6277600,0.0,0.0
2023-11-09 00:00:00-05:00,13.100000381469727,13.100000381469727,12.489999771118164,12.59000015258789,5271900,0.0,0.0
2023-11-10 00:00:00-05:00,12.569999694824219,12.770000457763672,12.369999885559082,12.760000228881836,5895300,0.0,0.0
2023-11-13 00:00:00-05:00,12.65999984741211,12.770000457763672,12.46500015258789,12.550000190734863,4640900,0.0,0.0
2023-11-14 00:00:00-05:00,12.850000381469727,13.390000343322754,12.84000015258789,13.289999961853027,7181500,0.0,0.0
2023-11-15 00:00:00-05:00,13.3100004196167,13.8100004196167,13.289999961853027,13.619999885559082,7148000,0.0,0.0
2023-11-16 00:00:00-05:00,13.579999923706055,13.579999923706055,13.130000114440918,13.3100004196167,3102800,0.0,0.0
2023-11-17 00:00:00-05:00,13.289999961853027,13.4399995803833,13.194999694824219,13.420000076293945,3853700,0.0,0.0
2023-11-20 00:00:00-05:00,13.369999885559082,14.100000381469727,13.319999694824219,13.979999542236328,5417900,0.0,0.0
2023-11-21 00:00:00-05:00,13.8100004196167,13.869999885559082,13.635000228881836,13.84000015258789,5889200,0.0,0.0
2023-11-22 00:00:00-05:00,13.979999542236328,14.359999656677246,13.800000190734863,14.279999732971191,6284100,0.0,0.0
2023-11-24 00:00:00-05:00,14.1899995803833,14.279999732971191,14.010000228881836,14.170000076293945,2825400,0.0,0.0
2023-11-27 00:00:00-05:00,14.09000015258789,14.274999618530273,13.829999923706055,13.880000114440918,3753600,0.0,0.0
2023-11-28 00:00:00-05:00,13.859999656677246,14.069999694824219,13.649999618530273,13.989999771118164,4888500,0.0,0.0
2023-11-29 00:00:00-05:00,14.15999984741211,14.300000190734863,13.96500015258789,14.220000267028809,6768800,0.0,0.0
2023-11-30 00:00:00-05:00,14.300000190734863,14.600000381469727,13.960000038146973,14.369999885559082,31610600,0.0,0.0
2023-12-01 00:00:00-05:00,14.350000381469727,15.140000343322754,13.890000343322754,15.050000190734863,9749200,0.0,0.0
2023-12-04 00:00:00-05:00,14.949999809265137,15.279999732971191,14.600000381469727,14.710000038146973,5611300,0.0,0.0
2023-12-05 00:00:00-05:00,14.569999694824219,14.630000114440918,14.25,14.479999542236328,3657300,0.0,0.0
2023-12-06 00:00:00-05:00,14.600000381469727,16.06999969482422,14.430000305175781,15.5,12474800,0.0,0.0
2023-12-07 00:00:00-05:00,15.479999542236328,15.569999694824219,15.164999961853027,15.239999771118164,5610400,0.0,0.0
2023-12-08 00:00:00-05:00,15.130000114440918,15.65999984741211,14.970000267028809,15.640000343322754,6177600,0.0,0.0
2023-12-11 00:00:00-05:00,15.550000190734863,16.18000030517578,15.470000267028809,16.149999618530273,7077200,0.0,0.0
2023-12-12 00:00:00-05:00,16.149999618530273,16.170000076293945,15.6899995803833,15.859999656677246,6937500,0.0,0.0
2023-12-13 00:00:00-05:00,15.850000381469727,17.15999984741211,15.5,17.079999923706055,8630700,0.0,0.0
2023-12-14 00:00:00-05:00,17.530000686645508,18.795000076293945,17.5,18.290000915527344,17227600,0.0,0.0
2023-12-15 00:00:00-05:00,18.25,18.451000213623047,17.770000457763672,18.329999923706055,13216300,0.0,0.0
2023-12-18 00:00:00-05:00,18.350000381469727,18.389999389648438,17.854999542236328,18.059999465942383,5304000,0.0,0.0
2023-12-19 00:00:00-05:00,18.270000457763672,18.895000457763672,18.21500015258789,18.829999923706055,6898000,0.0,0.0
2023-12-20 00:00:00-05:00,18.729999542236328,19.389999389648438,18.34000015258789,18.350000381469727,6467700,0.0,0.0
2023-12-21 00:00:00-05:00,18.549999237060547,19.174999237060547,18.40999984741211,18.940000534057617,6709200,0.0,0.0
2023-12-22 00:00:00-05:00,18.93000030517578,19.100000381469727,18.450000762939453,18.68000030517578,3096400,0.0,0.0
2023-12-26 00:00:00-05:00,18.68000030517578,19.010000228881836,18.625,18.93000030517578,2262500,0.0,0.0
2023-12-27 00:00:00-05:00,19.0,19.049999237060547,18.729999542236328,18.809999465942383,3330600,0.0,0.0
2023-12-28 00:00:00-05:00,18.75,18.979000091552734,18.690000534057617,18.81999969482422,2348300,0.0,0.0
2023-12-29 00:00:00-05:00,18.690000534057617,18.889999389648438,18.43000030517578,18.489999771118164,2619600,0.0,0.0
2024-01-02 00:00:00-05:00,18.280000686645508,18.34000015258789,17.700000762939453,17.770000457763672,4142900,0.0,0.0
2024-01-03 00:00:00-05:00,17.469999313354492,17.481000900268555,16.829999923706055,16.860000610351562,4813000,0.0,0.0
2024-01-04 00:00:00-05:00,16.770000457763672,16.899999618530273,16.489999771118164,16.81999969482422,3376800,0.0,0.0
2024-01-05 00:00:00-05:00,16.770000457763672,17.450000762939453,16.729999542236328,17.059999465942383,3986100,0.0,0.0
2024-01-08 00:00:00-05:00,16.25,16.950000762939453,16.139999389648438,16.399999618530273,8423100,0.0,0.0
2024-01-09 00:00:00-05:00,16.3700008392334,16.674999237060547,16.21500015258789,16.290000915527344,6627900,0.0,0.0
2024-01-10 00:00:00-05:00,16.34000015258789,16.530000686645508,15.949999809265137,16.149999618530273,12268200,0.0,0.0
2024-01-11 00:00:00-05:00,16.219999313354492,16.420000076293945,15.680000305175781,16.1299991607666,8139600,0.0,0.0
2024-01-12 00:00:00-05:00,15.949999809265137,16.290000915527344,15.694999694824219,15.720000267028809,6143800,0.0,0.0
2024-01-16 00:00:00-05:00,15.489999771118164,15.600000381469727,15.255000114440918,15.329999923706055,8112500,0.0,0.0
2024-01-17 00:00:00-05:00,15.0,15.40999984741211,14.720000267028809,15.380000114440918,12596800,0.0,0.0
2024-01-18 00:00:00-05:00,15.529999732971191,15.59000015258789,15.279999732971191,15.40999984741211,4211500,0.0,0.0
2024-01-19 00:00:00-05:00,15.449999809265137,15.680999755859375,15.260000228881836,15.5600004196167,3949400,0.0,0.0
2024-01-22 00:00:00-05:00,15.819999694824219,16.139999389648438,15.630000114440918,15.770000457763672,5562200,0.0,0.0
2024-01-23 00:00:00-05:00,16.100000381469727,16.229999542236328,15.760000228881836,15.9399995803833,4698300,0.0,0.0
2024-01-24 00:00:00-05:00,16.270000457763672,16.329999923706055,15.760000228881836,15.779999732971191,4565500,0.0,0.0
2024-01-25 00:00:00-05:00,15.9399995803833,16.059999465942383,15.729999542236328,15.859999656677246,5017000,0.0,0.0
2024-01-26 00:00:00-05:00,15.829999923706055,16.145000457763672,15.789999961853027,15.880000114440918,3591800,0.0,0.0
2024-01-29 00:00:00-05:00,16.65999984741211,17.110000610351562,16.6299991607666,16.850000381469727,10248400,0.0,0.0
2024-01-30 00:00:00-05:00,16.729999542236328,16.825000762939453,16.25,16.299999237060547,5651200,0.0,0.0
2024-01-31 00:00:00-05:00,16.18000030517578,16.799999237060547,16.030000686645508,16.040000915527344,5910700,0.0,0.0
2024-02-01 00:00:00-05:00,15.5,16.0,15.34000015258789,15.850000381469727,6700100,0.0,0.0
2024-02-02 00:00:00-05:00,15.800000190734863,15.800000190734863,15.300000190734863,15.3100004196167,10508200,0.0,0.0
2024-02-05 00:00:00-05:00,15.25,15.4399995803833,15.15999984741211,15.380000114440918,6608700,0.0,0.0
2024-02-06 00:00:00-05:00,15.420000076293945,15.635000228881836,15.265000343322754,15.359999656677246,6292100,0.0,0.0
2024-02-07 00:00:00-05:00,15.800000190734863,15.800000190734863,15.010000228881836,15.3100004196167,12051100,0.0,0.0
2024-02-08 00:00:00-05:00,14.8100004196167,15.369999885559082,14.770000457763672,15.109999656677246,14210500,0.0,0.0
2024-02-09 00:00:00-05:00,15.270000457763672,15.71500015258789,15.119999885559082,15.390000343322754,12633800,0.0,0.0
2024-02-12 00:00:00-05:00,15.329999923706055,16.110000610351562,15.220000267028809,16.020000457763672,17587500,0.0,0.0
2024-02-13 00:00:00-05:00,17.780000686645508,18.475000381469727,16.489999771118164,18.31999969482422,35064300,0.0,0.0
2024-02-14 00:00:00-05:00,18.5,18.69499969482422,17.684999465942383,18.110000610351562,10156500,0.0,0.0
2024-02-15 00:00:00-05:00,18.260000228881836,18.270000457763672,17.329999923706055,17.559999465942383,8676900,0.0,0.0
2024-02-16 00:00:00-05:00,17.520000457763672,17.93000030517578,17.270000457763672,17.489999771118164,5421500,0.0,0.0
2024-02-20 00:00:00-05:00,17.15999984741211,17.395000457763672,16.809999465942383,17.030000686645508,6799200,0.0,0.0
2024-02-21 00:00:00-05:00,16.969999313354492,17.260000228881836,16.90999984741211,17.079999923706055,3630800,0.0,0.0
2024-02-22 00:00:00-05:00,17.469999313354492,17.885000228881836,17.219999313354492,17.270000457763672,4766700,0.0,0.0
2024-02-23 00:00:00-05:00,17.260000228881836,17.69499969482422,17.190000534057617,17.239999771118164,4063700,0.0,0.0
2024-02-26 00:00:00-05:00,17.049999237060547,17.165000915527344,16.899999618530273,16.950000762939453,4802500,0.0,0.0
2024-02-27 00:00:00-05:00,17.149999618530273,17.447999954223633,16.8700008392334,17.290000915527344,2997000,0.0,0.0
2024-02-28 00:00:00-05:00,17.1299991607666,17.135000228881836,16.729999542236328,16.799999237060547,2966800,0.0,0.0
2024-02-29 00:00:00-05:00,16.8799991607666,17.1299991607666,16.579999923706055,16.760000228881836,4254000,0.0,0.0
2024-03-01 00:00:00-05:00,16.719999313354492,16.8799991607666,16.469999313354492,16.8700008392334,3372800,0.0,0.0
2024-03-04 00:00:00-05:00,16.829999923706055,17.0,16.329999923706055,16.6299991607666,3290800,0.0,0.0
2024-03-05 00:00:00-05:00,16.3799991607666,16.43000030517578,16.049999237060547,16.09000015258789,3453400,0.0,0.0
2024-03-06 00:00:00-05:00,16.399999618530273,16.399999618530273,15.449999809265137,16.1299991607666,6751400,0.0,0.0
2024-03-07 00:00:00-05:00,16.18000030517578,16.610000610351562,16.1299991607666,16.56999969482422,5773400,0.0,0.0
2024-03-08 00:00:00-05:00,16.700000762939453,16.760000228881836,16.3799991607666,16.510000228881836,3369600,0.0,0.0
2024-03-11 00:00:00-04:00,16.520000457763672,17.010000228881836,16.4950008392334,16.700000762939453,6374000,0.0,0.0
2024-03-12 00:00:00-04:00,16.700000762939453,16.850000381469727,16.065000534057617,16.139999389648438,8992700,0.0,0.0
2024-03-13 00:00:00-04:00,16.100000381469727,16.739999771118164,16.09000015258789,16.34000015258789,4706400,0.0,0.0
2024-03-14 00:00:00-04:00,16.350000381469727,16.3799991607666,15.71500015258789,15.899999618530273,5904500,0.0,0.0
2024-03-15 00:00:00-04:00,15.800000190734863,16.0049991607666,15.630000114440918,15.989999771118164,11332400,0.0,0.0
2024-03-18 00:00:00-04:00,16.059999465942383,16.1200008392334,15.680000305175781,15.869999885559082,5637200,0.0,0.0
2024-03-19 00:00:00-04:00,15.600000381469727,16.059999465942383,15.600000381469727,15.84000015258789,3974200,0.0,0.0
2024-03-20 00:00:00-04:00,15.760000228881836,16.0,15.675000190734863,15.869999885559082,6097800,0.0,0.0
2024-03-21 00:00:00-04:00,16.1299991607666,16.280000686645508,15.914999961853027,16.020000457763672,5177900,0.0,0.0
2024-03-22 00:00:00-04:00,16.020000457763672,16.09000015258789,15.53499984741211,15.550000190734863,3031800,0.0,0.0
2024-03-25 00:00:00-04:00,15.569999694824219,15.65999984741211,15.40999984741211,15.5,2389300,0.0,0.0
2024-03-26 00:00:00-04:00,15.609999656677246,15.760000228881836,15.399999618530273,15.420000076293945,2498000,0.0,0.0
2024-03-27 00:00:00-04:00,15.5,15.859999656677246,15.5,15.850000381469727,2712200,0.0,0.0
2024-03-28 00:00:00-04:00,15.84000015258789,16.049999237060547,15.84000015258789,16.030000686645508,4317800,0.0,0.0
2024-04-01 00:00:00-04:00,16.09000015258789,16.399999618530273,15.90999984741211,16.059999465942383,5921500,0.0,0.0
2024-04-02 00:00:00-04:00,15.760000228881836,15.960000038146973,15.585000038146973,15.920000076293945,5007400,0.0,0.0
2024-04-03 00:00:00-04:00,15.869999885559082,16.174999237060547,15.75,16.1200008392334,4348300,0.0,0.0
2024-04-04 00:00:00-04:00,16.280000686645508,16.290000915527344,14.949999809265137,15.079999923706055,9942700,0.0,0.0
2024-04-05 00:00:00-04:00,15.079999923706055,15.447999954223633,14.899999618530273,15.319999694824219,10995800,0.0,0.0
2024-04-08 00:00:00-04:00,15.449999809265137,15.958000183105469,15.279999732971191,15.84000015258789,3026600,0.0,0.0
2024-04-09 00:00:00-04:00,15.899999618530273,16.329999923706055,15.869999885559082,16.229999542236328,4648600,0.0,0.0
2024-04-10 00:00:00-04:00,15.84000015258789,16.049999237060547,15.600000381469727,15.6899995803833,3348600,0.0,0.0
2024-04-11 00:00:00-04:00,15.75,16.350000381469727,15.6899995803833,16.260000228881836,5875600,0.0,0.0
2024-04-12 00:00:00-04:00,16.079999923706055,16.360000610351562,15.760000228881836,15.829999923706055,5892400,0.0,0.0
2024-04-15 00:00:00-04:00,15.859999656677246,15.920000076293945,15.279999732971191,15.329999923706055,5510000,0.0,0.0
2024-04-16 00:00:00-04:00,15.199999809265137,15.430000305175781,15.149999618530273,15.25,3093700,0.0,0.0
2024-04-17 00:00:00-04:00,15.3100004196167,15.604999542236328,15.28499984741211,15.5,4078100,0.0,0.0
2024-04-18 00:00:00-04:00,15.5,15.899999618530273,15.430000305175781,15.770000457763672,3767700,0.0,0.0
2024-04-19 00:00:00-04:00,15.739999771118164,15.944999694824219,15.505000114440918,15.529999732971191,3766700,0.0,0.0
2024-04-22 00:00:00-04:00,15.550000190734863,15.729999542236328,15.420000076293945,15.65999984741211,3234300,0.0,0.0
2024-04-23 00:00:00-04:00,15.600000381469727,16.094999313354492,15.5600004196167,15.84000015258789,2410200,0.0,0.0
2024-04-24 00:00:00-04:00,15.90999984741211,16.0049991607666,15.6850004196167,15.890000343322754,1844100,0.0,0.0
2024-04-25 00:00:00-04:00,15.550000190734863,15.800000190734863,15.375,15.720000267028809,2814300,0.0,0.0
2024-04-26 00:00:00-04:00,15.90999984741211,16.420000076293945,15.8100004196167,16.3700008392334,2687000,0.0,0.0
2024-04-29 00:00:00-04:00,16.450000762939453,16.770000457763672,16.3700008392334,16.43000030517578,3272100,0.0,0.0
2024-04-30 00:00:00-04:00,16.170000076293945,16.350000381469727,15.850000381469727,15.859999656677246,4541300,0.0,0.0
2024-05-01 00:00:00-04:00,15.829999923706055,16.8700008392334,15.789999961853027,16.360000610351562,4276400,0.0,0.0
2024-05-02 00:00:00-04:00,16.559999465942383,16.655000686645508,16.110000610351562,16.479999542236328,5556600,0.0,0.0
2024-05-03 00:00:00-04:00,16.899999618530273,16.979999542236328,16.024999618530273,16.1200008392334,6873100,0.0,0.0
2024-05-06 00:00:00-04:00,16.260000228881836,16.670000076293945,16.2549991607666,16.6200008392334,7219500,0.0,0.0
2024-05-07 00:00:00-04:00,16.549999237060547,16.625,15.960000038146973,16.020000457763672,16562000,0.0,0.0
2024-05-08 00:00:00-04:00,12.109999656677246,13.069999694824219,11.670000076293945,12.140000343322754,28020000,0.0,0.0
2024-05-09 00:00:00-04:00,12.180000305175781,12.819999694824219,12.175000190734863,12.579999923706055,10408000,0.0,0.0
2024-05-10 00:00:00-04:00,12.550000190734863,12.78499984741211,12.229999542236328,12.760000228881836,7883500,0.0,0.0
2024-05-13 00:00:00-04:00,12.8100004196167,12.979999542236328,12.710000038146973,12.960000038146973,9721200,0.0,0.0
2024-05-14 00:00:00-04:00,13.109999656677246,13.225000381469727,12.890000343322754,12.989999771118164,4625900,0.0,0.0
2024-05-15 00:00:00-04:00,13.130000114440918,13.199999809265137,12.779999732971191,13.170000076293945,4867700,0.0,0.0
2024-05-16 00:00:00-04:00,13.210000038146973,13.670000076293945,13.130000114440918,13.609999656677246,4992200,0.0,0.0
2024-05-17 00:00:00-04:00,13.630000114440918,13.649999618530273,13.0600004196167,13.09000015258789,5055800,0.0,0.0
2024-05-20 00:00:00-04:00,13.0,13.34000015258789,12.975000381469727,13.319999694824219,3628400,0.0,0.0
2024-05-21 00:00:00-04:00,13.220000267028809,13.34000015258789,12.989999771118164,13.039999961853027,2840500,0.0,0.0
2024-05-22 00:00:00-04:00,13.010000228881836,13.3100004196167,12.970000267028809,13.199999809265137,3128200,0.0,0.0
2024-05-23 00:00:00-04:00,13.210000038146973,13.279999732971191,12.739999771118164,12.819999694824219,3052000,0.0,0.0
2024-05-24 00:00:00-04:00,12.880000114440918,13.010000228881836,12.779999732971191,12.949999809265137,3134300,0.0,0.0
2024-05-28 00:00:00-04:00,13.010000228881836,13.069999694824219,12.8100004196167,12.84000015258789,3107900,0.0,0.0
2024-05-29 00:00:00-04:00,12.609999656677246,12.819999694824219,12.59000015258789,12.630000114440918,3088100,0.0,0.0
2024-05-30 00:00:00-04:00,12.569999694824219,12.760000228881836,12.4399995803833,12.5,4738400,0.0,0.0
2024-05-31 00:00:00-04:00,12.5,12.5600004196167,12.210000038146973,12.279999732971191,5219600,0.0,0.0
2024-06-03 00:00:00-04:00,12.5,12.510000228881836,11.975000381469727,12.109999656677246,6331900,0.0,0.0
2024-06-04 00:00:00-04:00,12.039999961853027,12.109999656677246,11.789999961853027,11.880000114440918,4647200,0.0,0.0
2024-06-05 00:00:00-04:00,11.970000267028809,12.079999923706055,11.789999961853027,12.020000457763672,3449200,0.0,0.0
2024-06-06 00:00:00-04:00,11.899999618530273,12.449999809265137,11.890000343322754,12.369999885559082,3573500,0.0,0.0
2024-06-07 00:00:00-04:00,12.260000228881836,12.399999618530273,12.154999732971191,12.34000015258789,3792000,0.0,0.0
2024-06-10 00:00:00-04:00,12.229999542236328,12.5600004196167,12.0,12.5,10265800,0.0,0.0
2024-06-11 00:00:00-04:00,12.460000038146973,12.824999809265137,12.418000221252441,12.670000076293945,4341700,0.0,0.0
2024-06-12 00:00:00-04:00,12.920000076293945,13.050000190734863,12.65999984741211,12.760000228881836,3576100,0.0,0.0
2024-06-13 00:00:00-04:00,12.779999732971191,12.880000114440918,12.100000381469727,12.140000343322754,4459000,0.0,0.0
2024-06-14 00:00:00-04:00,12.050000190734863,12.494999885559082,12.029999732971191,12.380000114440918,4305300,0.0,0.0
2024-06-17 00:00:00-04:00,12.270000457763672,12.319999694824219,11.960000038146973,12.020000457763672,4136400,0.0,0.0
2024-06-18 00:00:00-04:00,11.949999809265137,11.960000038146973,11.720000267028809,11.800000190734863,4676100,0.0,0.0
2024-06-20 00:00:00-04:00,11.800000190734863,12.079999923706055,11.779999732971191,12.069999694824219,3622200,0.0,0.0
2024-06-21 00:00:00-04:00,12.050000190734863,12.414999961853027,11.970000267028809,12.289999961853027,21372700,0.0,0.0
2024-06-24 00:00:00-04:00,12.25,12.329999923706055,11.770000457763672,11.779999732971191,5795100,0.0,0.0
2024-06-25 00:00:00-04:00,11.710000038146973,12.670000076293945,11.680000305175781,12.350000381469727,12468500,0.0,0.0
2024-06-26 00:00:00-04:00,12.239999771118164,13.039999961853027,12.149999618530273,12.579999923706055,8567000,0.0,0.0
2024-06-27 00:00:00-04:00,12.529999732971191,12.914999961853027,12.4350004196167,12.5,10534400,0.0,0.0
2024-06-28 00:00:00-04:00,12.619999885559082,12.819999694824219,12.505000114440918,12.770000457763672,9630100,0.0,0.0
2024-07-01 00:00:00-04:00,12.75,12.800000190734863,12.550000190734863,12.680000305175781,3655500,0.0,0.0
2024-07-02 00:00:00-04:00,12.699999809265137,12.84000015258789,12.140000343322754,12.25,6350700,0.0,0.0
2024-07-03 00:00:00-04:00,12.229999542236328,12.300000190734863,11.895000457763672,12.25,4024300,0.0,0.0
2024-07-05 00:00:00-04:00,12.180000305175781,12.3149995803833,12.079999923706055,12.270000457763672,4723800,0.0,0.0
2024-07-08 00:00:00-04:00,12.3100004196167,12.335000038146973,11.8100004196167,11.899999618530273,4573600,0.0,0.0
2024-07-09 00:00:00-04:00,11.869999885559082,12.579999923706055,11.520999908447266,12.470000267028809,13612500,0.0,0.0
2024-07-10 00:00:00-04:00,12.5,12.550000190734863,11.350000381469727,11.460000038146973,8636300,0.0,0.0
2024-07-11 00:00:00-04:00,11.640000343322754,11.890000343322754,11.5,11.880000114440918,4742900,0.0,0.0
2024-07-12 00:00:00-04:00,11.970000267028809,12.039999961853027,11.675000190734863,11.720000267028809,4773300,0.0,0.0
2024-07-15 00:00:00-04:00,11.729999542236328,11.819999694824219,11.475000381469727,11.5,4289100,0.0,0.0
2024-07-16 00:00:00-04:00,11.59000015258789,12.010000228881836,11.59000015258789,11.960000038146973,4385200,0.0,0.0
2024-07-17 00:00:00-04:00,11.899999618530273,12.130000114440918,11.8100004196167,12.020000457763672,6842400,0.0,0.0
2024-07-18 00:00:00-04:00,12.140000343322754,12.140000343322754,11.385000228881836,11.520000457763672,7121800,0.0,0.0
2024-07-19 00:00:00-04:00,11.449999809265137,11.529999732971191,11.305000305175781,11.449999809265137,4046100,0.0,0.0
2024-07-22 00:00:00-04:00,11.569999694824219,11.640000343322754,11.15999984741211,11.510000228881836,5798200,0.0,0.0
2024-07-23 00:00:00-04:00,11.5,11.675000190734863,11.354999542236328,11.649999618530273,3881300,0.0,0.0
2024-07-24 00:00:00-04:00,11.479999542236328,11.664999961853027,11.029999732971191,11.039999961853027,3738500,0.0,0.0
2024-07-25 00:00:00-04:00,11.0,11.489999771118164,10.829999923706055,11.3100004196167,4615600,0.0,0.0
2024-07-26 00:00:00-04:00,11.489999771118164,11.600000381469727,11.289999961853027,11.59000015258789,3259400,0.0,0.0
2024-07-29 00:00:00-04:00,11.670000076293945,11.670000076293945,11.255000114440918,11.3100004196167,2349200,0.0,0.0
2024-07-30 00:00:00-04:00,11.390000343322754,11.65999984741211,11.279999732971191,11.569999694824219,4210900,0.0,0.0
2024-07-31 00:00:00-04:00,11.640000343322754,11.710000038146973,11.34000015258789,11.359999656677246,5353700,0.0,0.0
2024-08-01 00:00:00-04:00,11.430000305175781,11.449999809265137,10.789999961853027,11.020000457763672,7075100,0.0,0.0
2024-08-02 00:00:00-04:00,10.8100004196167,10.84000015258789,10.395000457763672,10.40999984741211,7896100,0.0,0.0
2024-08-05 00:00:00-04:00,9.6850004196167,10.09000015258789,9.579999923706055,9.800000190734863,15255100,0.0,0.0
2024-08-06 00:00:00-04:00,8.680000305175781,8.720000267028809,7.650000095367432,8.010000228881836,42704600,0.0,0.0
2024-08-07 00:00:00-04:00,8.039999961853027,8.699999809265137,7.994999885559082,8.699999809265137,22943800,0.0,0.0
2024-08-08 00:00:00-04:00,8.699999809265137,9.380000114440918,8.510000228881836,8.949999809265137,18518000,0.0,0.0
2024-08-09 00:00:00-04:00,8.9399995803833,9.140000343322754,8.829999923706055,9.0,7669700,0.0,0.0
2024-08-12 00:00:00-04:00,9.350000381469727,9.380000114440918,8.680000305175781,8.710000038146973,8488800,0.0,0.0
2024-08-13 00:00:00-04:00,8.520000457763672,9.289999961853027,8.510000228881836,9.210000038146973,8690900,0.0,0.0
2024-08-14 00:00:00-04:00,9.149999618530273,9.1899995803833,8.829999923706055,8.869999885559082,5134300,0.0,0.0
2024-08-15 00:00:00-04:00,8.960000038146973,9.3149995803833,8.960000038146973,9.199999809265137,5802300,0.0,0.0
2024-08-16 00:00:00-04:00,9.149999618530273,9.270000457763672,9.050000190734863,9.140000343322754,5439100,0.0,0.0
2024-08-19 00:00:00-04:00,9.210000038146973,9.670000076293945,9.100000381469727,9.539999961853027,10195400,0.0,0.0
2024-08-20 00:00:00-04:00,9.5600004196167,9.729999542236328,9.399999618530273,9.710000038146973,7725900,0.0,0.0
2024-08-21 00:00:00-04:00,9.729999542236328,9.789999961853027,9.529999732971191,9.6899995803833,3846400,0.0,0.0
2024-08-22 00:00:00-04:00,9.699999809265137,9.755000114440918,9.489999771118164,9.510000228881836,5497800,0.0,0.0
2024-08-23 00:00:00-04:00,9.680000305175781,9.970000267028809,9.600000381469727,9.720000267028809,5207500,0.0,0.0
2024-08-26 00:00:00-04:00,9.770000457763672,9.859999656677246,9.640000343322754,9.800000190734863,4389700,0.0,0.0
2024-08-27 00:00:00-04:00,9.729999542236328,9.864999771118164,9.619999885559082,9.770000457763672,3719500,0.0,0.0
2024-08-28 00:00:00-04:00,9.699999809265137,9.800000190734863,9.40999984741211,9.720000267028809,5045300,0.0,0.0
2024-08-29 00:00:00-04:00,9.800000190734863,9.880000114440918,9.6899995803833,9.729999542236328,4513200,0.0,0.0
2024-08-30 00:00:00-04:00,9.800000190734863,10.0,9.760000228881836,9.890000343322754,5883200,0.0,0.0
2024-09-03 00:00:00-04:00,9.789999961853027,10.0600004196167,9.789999961853027,9.920000076293945,5522100,0.0,0.0
2024-09-04 00:00:00-04:00,9.84000015258789,10.175000190734863,9.78499984741211,9.819999694824219,5342900,0.0,0.0
2024-09-05 00:00:00-04:00,9.789999961853027,9.989999771118164,9.729999542236328,9.9399995803833,3272900,0.0,0.0
2024-09-06 00:00:00-04:00,9.90999984741211,9.954999923706055,9.520000457763672,9.550000190734863,5569900,0.0,0.0
2024-09-09 00:00:00-04:00,9.5600004196167,9.904999732971191,9.529999732971191,9.640000343322754,4751200,0.0,0.0
2024-09-10 00:00:00-04:00,9.670000076293945,9.725000381469727,9.399999618530273,9.670000076293945,4269700,0.0,0.0
2024-09-11 00:00:00-04:00,9.670000076293945,9.829999923706055,9.520000457763672,9.800000190734863,4691000,0.0,0.0
2024-09-12 00:00:00-04:00,9.850000381469727,10.289999961853027,9.789999961853027,10.220000267028809,8466900,0.0,0.0
2024-09-13 00:00:00-04:00,10.239999771118164,10.875,10.220000267028809,10.619999885559082,10871000,0.0,0.0
2024-09-16 00:00:00-04:00,10.59000015258789,10.699000358581543,10.4350004196167,10.600000381469727,7558300,0.0,0.0
2024-09-17 00:00:00-04:00,10.729999542236328,10.914999961853027,10.324999809265137,10.600000381469727,8158100,0.0,0.0
2024-09-18 00:00:00-04:00,10.630000114440918,10.680000305175781,10.270000457763672,10.350000381469727,7635300,0.0,0.0
2024-09-19 00:00:00-04:00,10.600000381469727,10.829999923706055,10.539999961853027,10.640000343322754,6756000,0.0,0.0
2024-09-20 00:00:00-04:00,10.600000381469727,10.600000381469727,10.270000457763672,10.289999961853027,13603700,0.0,0.0
2024-09-23 00:00:00-04:00,10.300000190734863,10.489999771118164,10.1899995803833,10.279999732971191,5086400,0.0,0.0
2024-09-24 00:00:00-04:00,10.34000015258789,10.520000457763672,10.210000038146973,10.229999542236328,5455600,0.0,0.0
2024-09-25 00:00:00-04:00,10.25,10.319999694824219,10.09000015258789,10.100000381469727,3658700,0.0,0.0
2024-09-26 00:00:00-04:00,10.270000457763672,10.399999618530273,10.175000190734863,10.289999961853027,3170700,0.0,0.0
2024-09-27 00:00:00-04:00,10.399999618530273,10.720000267028809,10.364999771118164,10.5,4390400,0.0,0.0
2024-09-30 00:00:00-04:00,10.460000038146973,10.585000038146973,10.234999656677246,10.319999694824219,3933400,0.0,0.0
2024-10-01 00:00:00-04:00,10.359999656677246,10.359999656677246,10.0,10.029999732971191,3046900,0.0,0.0
2024-10-02 00:00:00-04:00,9.979999542236328,10.095000267028809,9.8149995803833,9.989999771118164,5018200,0.0,0.0
2024-10-03 00:00:00-04:00,9.850000381469727,9.954999923706055,9.649999618530273,9.720000267028809,3050400,0.0,0.0
2024-10-04 00:00:00-04:00,9.9399995803833,10.069999694824219,9.805000305175781,9.899999618530273,2777300,0.0,0.0
2024-10-07 00:00:00-04:00,9.859999656677246,9.9399995803833,9.550000190734863,9.5600004196167,4633100,0.0,0.0
2024-10-08 00:00:00-04:00,9.539999961853027,9.619999885559082,9.399999618530273,9.4399995803833,5767800,0.0,0.0
2024-10-09 00:00:00-04:00,9.420000076293945,9.930000305175781,9.399999618530273,9.920000076293945,5721100,0.0,0.0
2024-10-10 00:00:00-04:00,9.84000015258789,10.119999885559082,9.734999656677246,9.890000343322754,19244400,0.0,0.0
2024-10-11 00:00:00-04:00,9.869999885559082,10.359999656677246,9.850000381469727,10.140000343322754,23134300,0.0,0.0
2024-10-14 00:00:00-04:00,10.1899995803833,10.364999771118164,10.020000457763672,10.279999732971191,13951000,0.0,0.0
2024-10-15 00:00:00-04:00,10.289999961853027,10.350000381469727,10.119999885559082,10.15999984741211,11164400,0.0,0.0
2024-10-16 00:00:00-04:00,10.210000038146973,10.239999771118164,10.0600004196167,10.130000114440918,10080300,0.0,0.0
2024-10-17 00:00:00-04:00,10.130000114440918,10.40999984741211,10.003000259399414,10.399999618530273,4211900,0.0,0.0
2024-10-18 00:00:00-04:00,10.510000228881836,10.725000381469727,10.46500015258789,10.609999656677246,3493900,0.0,0.0
2024-10-21 00:00:00-04:00,10.59000015258789,10.920000076293945,10.569999694824219,10.699999809265137,4996900,0.0,0.0
2024-10-22 00:00:00-04:00,10.670000076293945,10.75100040435791,10.369999885559082,10.489999771118164,7615600,0.0,0.0
2024-10-23 00:00:00-04:00,10.390000343322754,10.579999923706055,10.210000038146973,10.350000381469727,2542500,0.0,0.0
2024-10-24 00:00:00-04:00,10.4399995803833,10.529999732971191,10.319999694824219,10.399999618530273,3076600,0.0,0.0
2024-10-25 00:00:00-04:00,10.460000038146973,10.649999618530273,10.430000305175781,10.489999771118164,2634900,0.0,0.0
2024-10-28 00:00:00-04:00,10.520000457763672,10.890000343322754,10.520000457763672,10.739999771118164,4367900,0.0,0.0
2024-10-29 00:00:00-04:00,10.680000305175781,10.890000343322754,10.614999771118164,10.779999732971191,2261100,0.0,0.0
2024-10-30 00:00:00-04:00,10.779999732971191,10.979999542236328,10.59000015258789,10.600000381469727,2464500,0.0,0.0
2024-10-31 00:00:00-04:00,10.600000381469727,11.109999656677246,10.600000381469727,11.050000190734863,9244900,0.0,0.0
2024-11-01 00:00:00-04:00,11.020000457763672,11.4399995803833,10.954999923706055,11.329999923706055,9357600,0.0,0.0
2024-11-04 00:00:00-05:00,11.300000190734863,11.354999542236328,11.010000228881836,11.289999961853027,12317100,0.0,0.0
2024-11-05 00:00:00-05:00,11.34000015258789,11.460000038146973,11.149999618530273,11.1899995803833,5758800,0.0,0.0
2024-11-06 00:00:00-05:00,11.5,11.890000343322754,11.329999923706055,11.84000015258789,14404900,0.0,0.0
2024-11-07 00:00:00-05:00,11.789999961853027,11.954999923706055,11.6899995803833,11.770000457763672,8531500,0.0,0.0
2024-11-08 00:00:00-05:00,11.729999542236328,12.220000267028809,11.550000190734863,11.989999771118164,14650500,0.0,0.0
2024-11-11 00:00:00-05:00,12.050000190734863,12.680000305175781,12.045000076293945,12.649999618530273,8486700,0.0,0.0
2024-11-12 00:00:00-05:00,12.65999984741211,13.390000343322754,12.640000343322754,13.079999923706055,20477300,0.0,0.0
2024-11-13 00:00:00-05:00,11.050000190734863,11.40999984741211,10.1899995803833,10.529999732971191,36940500,0.0,0.0
2024-11-14 00:00:00-05:00,10.550000190734863,10.78499984741211,10.270000457763672,10.579999923706055,11076800,0.0,0.0
2024-11-15 00:00:00-05:00,10.489999771118164,10.574999809265137,10.050000190734863,10.229999542236328,9946000,0.0,0.0
2024-11-18 00:00:00-05:00,10.1899995803833,10.199999809265137,9.670000076293945,9.710000038146973,15391800,0.0,0.0
2024-11-19 00:00:00-05:00,9.59000015258789,9.979999542236328,9.520000457763672,9.899999618530273,6514700,0.0,0.0
2024-11-20 00:00:00-05:00,10.470000267028809,10.800000190734863,10.25,10.619999885559082,17223600,0.0,0.0
2024-11-21 00:00:00-05:00,10.670000076293945,10.789999961853027,10.350000381469727,10.369999885559082,17097500,0.0,0.0
2024-11-22 00:00:00-05:00,10.359999656677246,10.875,10.274999618530273,10.630000114440918,19406200,0.0,0.0
2024-11-25 00:00:00-05:00,10.800000190734863,11.020000457763672,10.640000343322754,10.864999771118164,9978100,0.0,0.0
2024-11-26 00:00:00-05:00,10.739999771118164,10.899999618530273,10.645000457763672,10.890000343322754,6236300,0.0,0.0
2024-11-27 00:00:00-05:00,10.930000305175781,11.03499984741211,10.829999923706055,11.0,3454200,0.0,0.0
2024-11-29 00:00:00-05:00,10.960000038146973,11.0649995803833,10.770000457763672,10.9399995803833,3313100,0.0,0.0
2024-12-02 00:00:00-05:00,11.010000228881836,11.40999984741211,10.994999885559082,11.359999656677246,5379300,0.0,0.0
2024-12-03 00:00:00-05:00,11.380000114440918,11.4399995803833,10.925000190734863,11.0,9874700,0.0,0.0
2024-12-04 00:00:00-05:00,11.020000457763672,11.289999961853027,10.930000305175781,11.199999809265137,9588500,0.0,0.0
2024-12-05 00:00:00-05:00,11.239999771118164,11.239999771118164,10.9399995803833,10.970000267028809,4131200,0.0,0.0
2024-12-06 00:00:00-05:00,10.989999771118164,11.130000114440918,10.9399995803833,11.039999961853027,4591000,0.0,0.0
2024-12-09 00:00:00-05:00,10.970000267028809,11.095000267028809,10.850000381469727,10.960000038146973,5711400,0.0,0.0
2024-12-10 00:00:00-05:00,10.970000267028809,11.100000381469727,10.399999618530273,10.470000267028809,4451000,0.0,0.0
2024-12-11 00:00:00-05:00,10.470000267028809,10.800000190734863,10.25,10.770000457763672,6105000,0.0,0.0
2024-12-12 00:00:00-05:00,10.770000457763672,10.84000015258789,10.489999771118164,10.609999656677246,4684100,0.0,0.0
2024-12-13 00:00:00-05:00,10.4399995803833,10.489999771118164,10.21500015258789,10.399999618530273,4670200,0.0,0.0
2024-12-16 00:00:00-05:00,10.359999656677246,10.90999984741211,10.260000228881836,10.890000343322754,6292200,0.0,0.0
2024-12-17 00:00:00-05:00,10.890000343322754,11.239999771118164,10.760000228881836,11.1899995803833,6945100,0.0,0.0
2024-12-18 00:00:00-05:00,11.1899995803833,11.729999542236328,10.5600004196167,10.579999923706055,7695100,0.0,0.0
2024-12-19 00:00:00-05:00,10.760000228881836,10.854000091552734,10.375,10.479999542236328,5734300,0.0,0.0
2024-12-20 00:00:00-05:00,10.380000114440918,10.9399995803833,10.319999694824219,10.789999961853027,14582600,0.0,0.0
2024-12-23 00:00:00-05:00,10.800000190734863,10.84000015258789,10.524999618530273,10.819999694824219,5402200,0.0,0.0
2024-12-24 00:00:00-05:00,10.850000381469727,10.890000343322754,10.6899995803833,10.789999961853027,1722400,0.0,0.0
2024-12-26 00:00:00-05:00,10.710000038146973,11.180000305175781,10.65999984741211,11.0600004196167,4997600,0.0,0.0
2024-12-27 00:00:00-05:00,11.050000190734863,11.109999656677246,10.630000114440918,10.65999984741211,10065000,0.0,0.0
2024-12-30 00:00:00-05:00,10.420000076293945,10.465999603271484,10.220000267028809,10.399999618530273,7919800,0.0,0.0
2024-12-31 00:00:00-05:00,10.489999771118164,10.704999923706055,10.385000228881836,10.510000228881836,9983800,0.0,0.0
2025-01-02 00:00:00-05:00,10.649999618530273,10.84000015258789,10.395000457763672,10.460000038146973,9251200,0.0,0.0
2025-01-03 00:00:00-05:00,10.579999923706055,10.670000076293945,10.34000015258789,10.635000228881836,5503400,0.0,0.0
2025-01-06 00:00:00-05:00,10.390000343322754,10.869999885559082,10.28499984741211,10.479999542236328,12464500,0.0,0.0
2025-01-07 00:00:00-05:00,10.4399995803833,10.579999923706055,10.0600004196167,10.140000343322754,8457700,0.0,0.0
2025-01-08 00:00:00-05:00,10.0,10.079999923706055,9.510000228881836,9.609999656677246,13794600,0.0,0.0
2025-01-10 00:00:00-05:00,9.399999618530273,9.529999732971191,9.3149995803833,9.430000305175781,4595800,0.0,0.0
2025-01-13 00:00:00-05:00,9.359999656677246,9.845000267028809,9.324999809265137,9.789999961853027,20757200,0.0,0.0
2025-01-14 00:00:00-05:00,9.960000038146973,9.960000038146973,9.75,9.770000457763672,4434500,0.0,0.0
2025-01-15 00:00:00-05:00,10.050000190734863,10.175000190734863,9.890000343322754,9.90999984741211,4426400,0.0,0.0
2025-01-16 00:00:00-05:00,9.920000076293945,10.225000381469727,9.876999855041504,10.180000305175781,4592800,0.0,0.0
2025-01-17 00:00:00-05:00,10.350000381469727,10.390000343322754,10.0649995803833,10.100000381469727,4653300,0.0,0.0
2025-01-21 00:00:00-05:00,10.229999542236328,10.279999732971191,9.9399995803833,9.979999542236328,6428100,0.0,0.0
2025-01-22 00:00:00-05:00,10.0,10.029999732971191,9.850000381469727,9.890000343322754,5697000,0.0,0.0
2025-01-23 00:00:00-05:00,9.8100004196167,9.960000038146973,9.694999694824219,9.949999809265137,6603700,0.0,0.0
2025-01-24 00:00:00-05:00,9.960000038146973,10.364999771118164,9.9399995803833,9.979999542236328,9834900,0.0,0.0
2025-01-27 00:00:00-05:00,9.850000381469727,10.380000114440918,9.770000457763672,10.109999656677246,6012000,0.0,0.0
2025-01-28 00:00:00-05:00,10.260000228881836,10.729999542236328,10.100000381469727,10.5,9525000,0.0,0.0
2025-01-29 00:00:00-05:00,10.479999542236328,10.520000457763672,10.180000305175781,10.3100004196167,5188100,0.0,0.0
2025-01-30 00:00:00-05:00,10.350000381469727,10.569999694824219,10.350000381469727,10.470000267028809,6041900,0.0,0.0
2025-01-31 00:00:00-05:00,10.539999961853027,10.65999984741211,10.199999809265137,10.289999961853027,6421100,0.0,0.0
2025-02-03 00:00:00-05:00,10.079999923706055,10.279999732971191,10.0,10.180000305175781,3630600,0.0,0.0
2025-02-04 00:00:00-05:00,10.180000305175781,10.59000015258789,10.100000381469727,10.4350004196167,5527300,0.0,0.0
2025-02-05 00:00:00-05:00,10.329999923706055,10.470000267028809,10.25,10.460000038146973,2868700,0.0,0.0
2025-02-06 00:00:00-05:00,10.4399995803833,10.529000282287598,10.199999809265137,10.289999961853027,3218300,0.0,0.0
2025-02-07 00:00:00-05:00,10.329999923706055,10.34000015258789,9.989999771118164,10.0,4009600,0.0,0.0
2025-02-10 00:00:00-05:00,10.0600004196167,10.359999656677246,9.9399995803833,10.279999732971191,3687900,0.0,0.0
2025-02-11 00:00:00-05:00,10.270000457763672,10.34000015258789,10.0600004196167,10.220000267028809,3164600,0.0,0.0
2025-02-12 00:00:00-05:00,10.079999923706055,10.319999694824219,9.859999656677246,10.289999961853027,3549300,0.0,0.0
2025-02-13 00:00:00-05:00,10.319999694824219,10.34000015258789,10.050000190734863,10.170000076293945,5812600,0.0,0.0
2025-02-14 00:00:00-05:00,10.25,10.270000457763672,9.979999542236328,10.239999771118164,2508700,0.0,0.0
2025-02-18 00:00:00-05:00,10.289999961853027,10.640000343322754,10.270000457763672,10.510000228881836,5264300,0.0,0.0
2025-02-19 00:00:00-05:00,10.449999809265137,10.479999542236328,10.149999618530273,10.170000076293945,4810300,0.0,0.0
2025-02-20 00:00:00-05:00,9.970000267028809,10.067999839782715,9.739999771118164,9.899999618530273,4997400,0.0,0.0
2025-02-21 00:00:00-05:00,9.949999809265137,9.970000267028809,9.630000114440918,9.649999618530273,6484100,0.0,0.0
2025-02-24 00:00:00-05:00,9.699999809265137,9.75,9.4399995803833,9.640000343322754,6887400,0.0,0.0
2025-02-25 00:00:00-05:00,9.5,9.770000457763672,9.375,9.529999732971191,9251700,0.0,0.0
2025-02-26 00:00:00-05:00,11.175000190734863,12.0649995803833,10.920000076293945,11.729999542236328,37427400,0.0,0.0
2025-02-27 00:00:00-05:00,11.729999542236328,12.630000114440918,11.619999885559082,12.010000228881836,19858200,0.0,0.0
2025-02-28 00:00:00-05:00,11.90999984741211,11.960000038146973,11.53499984741211,11.65999984741211,11005700,0.0,0.0
2025-03-03 00:00:00-05:00,11.869999885559082,12.010000228881836,11.46500015258789,11.539999961853027,8112900,0.0,0.0
2025-03-04 00:00:00-05:00,11.369999885559082,11.869999885559082,11.180000305175781,11.770000457763672,6113900,0.0,0.0
2025-03-05 00:00:00-05:00,11.800000190734863,11.930000305175781,11.4399995803833,11.899999618530273,6861300,0.0,0.0
2025-03-06 00:00:00-05:00,11.699999809265137,11.864999771118164,11.329999923706055,11.399999618530273,6272900,0.0,0.0
2025-03-07 00:00:00-05:00,11.34000015258789,11.574999809265137,11.130000114440918,11.510000228881836,6752300,0.0,0.0
2025-03-10 00:00:00-04:00,11.40999984741211,11.520000457763672,11.079999923706055,11.15999984741211,7554300,0.0,0.0
2025-03-11 00:00:00-04:00,11.119999885559082,11.369999885559082,10.970000267028809,11.020000457763672,6435300,0.0,0.0
2025-03-12 00:00:00-04:00,11.25,11.34000015258789,10.829999923706055,10.9399995803833,5269800,0.0,0.0
2025-03-13 00:00:00-04:00,10.899999618530273,10.899999618530273,10.460000038146973,10.5,6297100,0.0,0.0
2025-03-14 00:00:00-04:00,10.630000114440918,10.699999809265137,10.430000305175781,10.449999809265137,7997100,0.0,0.0
2025-03-17 00:00:00-04:00,10.399999618530273,10.729999542236328,10.329999923706055,10.579999923706055,4405200,0.0,0.0
2025-03-18 00:00:00-04:00,10.539999961853027,10.609999656677246,10.260000228881836,10.489999771118164,4656400,0.0,0.0
2025-03-19 00:00:00-04:00,10.489999771118164,10.970000267028809,10.489999771118164,10.829999923706055,5066700,0.0,0.0
2025-03-20 00:00:00-04:00,10.760000228881836,10.880000114440918,10.645000457763672,10.720000267028809,4785700,0.0,0.0
2025-03-21 00:00:00-04:00,10.609999656677246,10.970000267028809,10.609999656677246,10.890000343322754,14177200,0.0,0.0
2025-03-24 00:00:00-04:00,11.069999694824219,11.260000228881836,11.0,11.069999694824219,4107700,0.0,0.0
2025-03-25 00:00:00-04:00,11.109999656677246,11.40999984741211,11.104999542236328,11.119999885559082,5603400,0.0,0.0
2025-03-26 00:00:00-04:00,11.140000343322754,11.28499984741211,11.020000457763672,11.029999732971191,3500000,0.0,0.0
2025-03-27 00:00:00-04:00,10.989999771118164,11.164999961853027,10.75,10.8100004196167,5376300,0.0,0.0
2025-03-28 00:00:00-04:00,10.800000190734863,10.899999618530273,10.0,10.050000190734863,6309900,0.0,0.0
2025-03-31 00:00:00-04:00,9.90999984741211,10.085000038146973,9.8100004196167,10.0,7360900,0.0,0.0
2025-04-01 00:00:00-04:00,9.899999618530273,10.050000190734863,9.670000076293945,9.84000015258789,6283400,0.0,0.0
2025-04-02 00:00:00-04:00,9.6899995803833,10.020000457763672,9.65999984741211,9.8100004196167,5265300,0.0,0.0
2025-04-03 00:00:00-04:00,9.329999923706055,9.529999732971191,8.729999542236328,8.789999961853027,7106200,0.0,0.0
2025-04-04 00:00:00-04:00,8.460000038146973,8.720000267028809,7.5,7.53000020980835,11321500,0.0,0.0
2025-04-07 00:00:00-04:00,7.210000038146973,8.170000076293945,7.010000228881836,7.760000228881836,9635000,0.0,0.0
2025-04-08 00:00:00-04:00,8.109999656677246,8.149999618530273,7.239999771118164,7.409999847412109,8196300,0.0,0.0
2025-04-09 00:00:00-04:00,7.25,8.835000038146973,7.150000095367432,8.5600004196167,14423500,0.0,0.0
2025-04-10 00:00:00-04:00,8.289999961853027,8.449999809265137,7.590000152587891,7.840000152587891,7088500,0.0,0.0
2025-04-11 00:00:00-04:00,7.730000019073486,8.024999618530273,7.675000190734863,7.929999828338623,5897600,0.0,0.0
2025-04-14 00:00:00-04:00,8.1899995803833,8.25,7.894999980926514,8.0,6045000,0.0,0.0
2025-04-15 00:00:00-04:00,8.0,8.425000190734863,7.960000038146973,8.079999923706055,6116900,0.0,0.0
2025-04-16 00:00:00-04:00,7.989999771118164,8.25,7.809999942779541,7.989999771118164,4983000,0.0,0.0
2025-04-17 00:00:00-04:00,7.989999771118164,8.069999694824219,7.809999942779541,8.010000228881836,3882400,0.0,0.0
2025-04-21 00:00:00-04:00,7.840000152587891,7.90500020980835,7.519999980926514,7.670000076293945,3387900,0.0,0.0
2025-04-22 00:00:00-04:00,7.78000020980835,7.960000038146973,7.559999942779541,7.940000057220459,6502500,0.0,0.0
2025-04-23 00:00:00-04:00,8.220000267028809,8.604999542236328,8.119999885559082,8.229999542236328,7335800,0.0,0.0
2025-04-24 00:00:00-04:00,8.3100004196167,8.75,8.180000305175781,8.729999542236328,6047700,0.0,0.0
2025-04-25 00:00:00-04:00,8.78499984741211,8.925000190734863,8.65999984741211,8.789999961853027,5264600,0.0,0.0
2025-04-28 00:00:00-04:00,8.789999961853027,8.864999771118164,8.529999732971191,8.710000038146973,6428100,0.0,0.0
2025-04-29 00:00:00-04:00,8.609999656677246,8.739999771118164,8.5600004196167,8.699999809265137,4333100,0.0,0.0
2025-04-30 00:00:00-04:00,8.420000076293945,8.585000038146973,8.260000228881836,8.5600004196167,3769700,0.0,0.0
2025-05-01 00:00:00-04:00,8.75,8.869999885559082,8.59000015258789,8.630000114440918,3375300,0.0,0.0
2025-05-02 00:00:00-04:00,8.720000267028809,9.03499984741211,8.710000038146973,9.0,4881500,0.0,0.0
2025-05-05 00:00:00-04:00,8.84000015258789,9.164999961853027,8.84000015258789,9.100000381469727,5600900,0.0,0.0
2025-05-06 00:00:00-04:00,8.989999771118164,9.0649995803833,8.760000228881836,8.890000343322754,5314100,0.0,0.0
2025-05-07 00:00:00-04:00,8.96500015258789,9.03499984741211,8.8100004196167,9.0,4091100,0.0,0.0
2025-05-08 00:00:00-04:00,9.135000228881836,9.390000343322754,9.069999694824219,9.239999771118164,4759900,0.0,0.0
2025-05-09 00:00:00-04:00,9.289999961853027,9.470000267028809,9.170000076293945,9.350000381469727,5537500,0.0,0.0
2025-05-12 00:00:00-04:00,9.979999542236328,10.380000114440918,9.645000457763672,10.3100004196167,15693400,0.0,0.0
2025-05-13 00:00:00-04:00,9.289999961853027,10.46500015258789,9.289999961853027,10.029999732971191,4959600,0.0,0.0
2025-05-14 00:00:00-04:00,10.0,10.335000038146973,9.930000305175781,10.229999542236328,6684200,0.0,0.0
2025-05-15 00:00:00-04:00,10.095000267028809,10.229999542236328,9.930000305175781,10.0600004196167,5009500,0.0,0.0
2025-05-16 00:00:00-04:00,10.050000190734863,10.220000267028809,10.010000228881836,10.199999809265137,5016600,0.0,0.0
2025-05-19 00:00:00-04:00,10.0,10.119999885559082,9.880000114440918,9.899999618530273,4946900,0.0,0.0
2025-05-20 00:00:00-04:00,9.890000343322754,10.0,9.649999618530273,9.699999809265137,7868700,0.0,0.0
2025-05-21 00:00:00-04:00,9.649999618530273,9.930000305175781,9.494999885559082,9.520000457763672,4703800,0.0,0.0
2025-05-22 00:00:00-04:00,9.5,9.619999885559082,9.460000038146973,9.550000190734863,3621200,0.0,0.0
2025-05-23 00:00:00-04:00,9.369999885559082,9.520000457763672,9.350000381469727,9.479999542236328,2798400,0.0,0.0
2025-05-27 00:00:00-04:00,9.819999694824219,9.899999618530273,9.595000267028809,9.829999923706055,4249200,0.0,0.0
2025-05-28 00:00:00-04:00,9.789999961853027,9.90999984741211,9.5,9.520000457763672,4104300,0.0,0.0
2025-05-29 00:00:00-04:00,9.630000114440918,9.630000114440918,9.244999885559082,9.319999694824219,10615700,0.0,0.0
2025-05-30 00:00:00-04:00,9.319999694824219,9.649999618530273,9.170000076293945,9.550000190734863,5613900,0.0,0.0
2025-06-02 00:00:00-04:00,9.529999732971191,9.75,9.359999656677246,9.569999694824219,3824600,0.0,0.0
2025-06-03 00:00:00-04:00,9.550000190734863,10.015000343322754,9.4399995803833,9.989999771118164,4518800,0.0,0.0
2025-06-04 00:00:00-04:00,10.0,10.154999732971191,9.890000343322754,9.970000267028809,3326000,0.0,0.0
2025-06-05 00:00:00-04:00,10.029999732971191,10.135000228881836,9.883999824523926,9.970000267028809,3568000,0.0,0.0
2025-06-06 00:00:00-04:00,10.100000381469727,10.130000114440918,9.875,9.90999984741211,3482700,0.0,0.0
2025-06-09 00:00:00-04:00,9.899999618530273,10.279999732971191,9.869999885559082,10.149999618530273,5098500,0.0,0.0
2025-06-10 00:00:00-04:00,10.210000038146973,10.369999885559082,10.079999923706055,10.119999885559082,5162900,0.0,0.0
2025-06-11 00:00:00-04:00,10.1899995803833,10.399999618530273,10.180000305175781,10.239999771118164,3609300,0.0,0.0
2025-06-12 00:00:00-04:00,10.180000305175781,10.25,9.979999542236328,9.989999771118164,2793800,0.0,0.0
2025-06-13 00:00:00-04:00,9.59000015258789,9.864999771118164,9.520000457763672,9.65999984741211,3447800,0.0,0.0
2025-06-16 00:00:00-04:00,9.699999809265137,10.020000457763672,9.680000305175781,9.989999771118164,5586000,0.0,0.0
2025-06-17 00:00:00-04:00,9.869999885559082,9.930000305175781,9.75,9.770000457763672,3183600,0.0,0.0
2025-06-18 00:00:00-04:00,9.8100004196167,9.864999771118164,9.6850004196167,9.739999771118164,3918600,0.0,0.0
2025-06-20 00:00:00-04:00,9.84000015258789,9.9399995803833,9.739999771118164,9.800000190734863,7197400,0.0,0.0
2025-06-23 00:00:00-04:00,9.75,9.859999656677246,9.5600004196167,9.720000267028809,3640200,0.0,0.0
2025-06-24 00:00:00-04:00,9.850000381469727,10.109999656677246,9.789999961853027,10.039999961853027,3389200,0.0,0.0
2025-06-25 00:00:00-04:00,10.100000381469727,10.119999885559082,9.720000267028809,9.739999771118164,3728600,0.0,0.0
2025-06-26 00:00:00-04:00,9.829999923706055,9.949999809265137,9.680000305175781,9.920000076293945,6482000,0.0,0.0
2025-06-27 00:00:00-04:00,10.0,10.154999732971191,9.960000038146973,10.09000015258789,4302500,0.0,0.0
2025-06-30 00:00:00-04:00,10.050000190734863,10.265000343322754,10.029999732971191,10.119999885559082,2519500,0.0,0.0
2025-07-01 00:00:00-04:00,10.109999656677246,10.25,9.984999656677246,10.079999923706055,7360700,0.0,0.0
2025-07-02 00:00:00-04:00,10.020000457763672,10.164999961853027,9.869999885559082,10.039999961853027,3235500,0.0,0.0
2025-07-03 00:00:00-04:00,10.010000228881836,10.380000114440918,10.010000228881836,10.260000228881836,2559800,0.0,0.0
2025-07-07 00:00:00-04:00,10.15999984741211,10.395000457763672,10.020000457763672,10.039999961853027,4490900,0.0,0.0
2025-07-08 00:00:00-04:00,10.100000381469727,10.265000343322754,10.079999923706055,10.149999618530273,4093100,0.0,0.0
2025-07-09 00:00:00-04:00,10.199999809265137,10.4399995803833,10.119999885559082,10.430000305175781,3173100,0.0,0.0
2025-07-10 00:00:00-04:00,10.420000076293945,10.604999542236328,10.28499984741211,10.369999885559082,2807600,0.0,0.0
2025-07-11 00:00:00-04:00,10.289999961853027,10.34000015258789,10.119999885559082,10.199999809265137,3299000,0.0,0.0
2025-07-14 00:00:00-04:00,10.15999984741211,10.704999923706055,10.15999984741211,10.550000190734863,4739400,0.0,0.0
2025-07-15 00:00:00-04:00,10.640000343322754,10.710000038146973,10.145000457763672,10.15999984741211,3766400,0.0,0.0
2025-07-16 00:00:00-04:00,10.260000228881836,10.430000305175781,10.130000114440918,10.350000381469727,3376600,0.0,0.0
2025-07-17 00:00:00-04:00,10.350000381469727,10.505000114440918,10.279999732971191,10.449999809265137,2492100,0.0,0.0
2025-07-18 00:00:00-04:00,10.520000457763672,10.5600004196167,10.329999923706055,10.40999984741211,2222700,0.0,0.0
2025-07-21 00:00:00-04:00,10.460000038146973,10.600000381469727,10.390000343322754,10.539999961853027,2566100,0.0,0.0
2025-07-22 00:00:00-04:00,10.579999923706055,10.869999885559082,10.545000076293945,10.760000228881836,3322000,0.0,0.0
2025-07-23 00:00:00-04:00,10.869999885559082,11.09000015258789,10.729999542236328,11.039999961853027,3015300,0.0,0.0
2025-07-24 00:00:00-04:00,11.029999732971191,11.109999656677246,10.845000267028809,10.989999771118164,2473600,0.0,0.0
2025-07-25 00:00:00-04:00,10.989999771118164,11.270000457763672,10.899999618530273,11.220000267028809,2473000,0.0,0.0
2025-07-28 00:00:00-04:00,11.34000015258789,11.475000381469727,11.194999694824219,11.449999809265137,3854600,0.0,0.0
2025-07-29 00:00:00-04:00,11.5,11.510000228881836,11.015000343322754,11.140000343322754,3583500,0.0,0.0
2025-07-30 00:00:00-04:00,11.210000038146973,11.210000038146973,10.8149995803833,10.890000343322754,2885800,0.0,0.0
2025-07-31 00:00:00-04:00,10.920000076293945,11.020000457763672,10.670000076293945,10.829999923706055,3798400,0.0,0.0
2025-08-01 00:00:00-04:00,10.619999885559082,10.770999908447266,10.0600004196167,10.210000038146973,4627300,0.0,0.0
2025-08-04 00:00:00-04:00,10.270000457763672,10.6899995803833,10.270000457763672,10.649999618530273,9444100,0.0,0.0
2025-08-05 00:00:00-04:00,10.859999656677246,10.885000228881836,9.029999732971191,9.800000190734863,18707300,0.0,0.0
2025-08-06 00:00:00-04:00,9.819999694824219,10.244999885559082,9.779999732971191,10.1899995803833,8971100,0.0,0.0
2025-08-07 00:00:00-04:00,10.300000190734863,10.78499984741211,10.220000267028809,10.390000343322754,8743300,0.0,0.0
2025-08-08 00:00:00-04:00,10.359999656677246,10.390000343322754,9.77299976348877,9.819999694824219,5464500,0.0,0.0
2025-08-11 00:00:00-04:00,9.8100004196167,10.119999885559082,9.5,9.539999961853027,6721700,0.0,0.0
2025-08-12 00:00:00-04:00,9.550000190734863,9.770000457763672,9.40999984741211,9.600000381469727,4955400,0.0,0.0
2025-08-13 00:00:00-04:00,9.640000343322754,10.270000457763672,9.529999732971191,10.09000015258789,5318100,0.0,0.0
2025-08-14 00:00:00-04:00,9.979999542236328,10.135000228881836,9.875,10.069999694824219,3492400,0.0,0.0
2025-08-15 00:00:00-04:00,10.074999809265137,10.619999885559082,10.074999809265137,10.430000305175781,4757500,0.0,0.0
2025-08-18 00:00:00-04:00,10.40999984741211,10.585000038146973,10.270000457763672,10.550000190734863,4958400,0.0,0.0
2025-08-19 00:00:00-04:00,10.569999694824219,10.640000343322754,10.260000228881836,10.3100004196167,3739400,0.0,0.0
2025-08-20 00:00:00-04:00,10.210000038146973,10.279999732971191,9.979999542236328,10.100000381469727,3604000,0.0,0.0
2025-08-21 00:00:00-04:00,10.0,10.149999618530273,9.850000381469727,10.100000381469727,3890700,0.0,0.0
2025-08-22 00:00:00-04:00,10.100000381469727,10.779999732971191,10.079999923706055,10.75,3426400,0.0,0.0
2025-08-25 00:00:00-04:00,10.720000267028809,10.800000190734863,10.4399995803833,10.460000038146973,3263500,0.0,0.0
2025-08-26 00:00:00-04:00,10.520000457763672,10.545999526977539,10.225000381469727,10.229999542236328,4048200,0.0,0.0
2025-08-27 00:00:00-04:00,10.300000190734863,10.770000457763672,10.274999618530273,10.75,2864300,0.0,0.0
2025-08-28 00:00:00-04:00,10.800000190734863,11.005000114440918,10.75,10.895000457763672,2671500,0.0,0.0
2025-08-29 00:00:00-04:00,10.869999885559082,10.930000305175781,10.75,10.899999618530273,3652700,0.0,0.0
2025-09-02 00:00:00-04:00,10.550000190734863,10.65999984741211,10.130000114440918,10.289999961853027,3413200,0.0,0.0
2025-09-03 00:00:00-04:00,10.260000228881836,10.399999618530273,10.140000343322754,10.380000114440918,2737400,0.0,0.0
2025-09-04 00:00:00-04:00,10.260000228881836,10.260000228881836,10.031000137329102,10.119999885559082,2945000,0.0,0.0
2025-09-05 00:00:00-04:00,10.229999542236328,10.562999725341797,10.095000267028809,10.229999542236328,2661200,0.0,0.0
2025-09-08 00:00:00-04:00,10.350000381469727,10.65999984741211,10.350000381469727,10.649999618530273,4247600,0.0,0.0
2025-09-09 00:00:00-04:00,10.640000343322754,10.755000114440918,10.449999809265137,10.550000190734863,3943400,0.0,0.0
2025-09-10 00:00:00-04:00,10.59000015258789,11.600000381469727,10.529999732971191,11.399999618530273,13413100,0.0,0.0
2025-09-11 00:00:00-04:00,11.430000305175781,11.789999961853027,11.220000267028809,11.75,5500800,0.0,0.0
2025-09-12 00:00:00-04:00,11.850000381469727,11.869999885559082,11.34000015258789,11.65999984741211,4508300,0.0,0.0
2025-09-15 00:00:00-04:00,11.770000457763672,12.510000228881836,11.739999771118164,12.199999809265137,7180400,0.0,0.0
2025-09-16 00:00:00-04:00,12.1899995803833,12.1899995803833,11.609999656677246,11.84000015258789,3434600,0.0,0.0
2025-09-17 00:00:00-04:00,11.899999618530273,12.390000343322754,11.779999732971191,12.010000228881836,3320100,0.0,0.0
2025-09-18 00:00:00-04:00,12.010000228881836,12.225000381469727,12.0,12.140000343322754,4618300,0.0,0.0
2025-09-19 00:00:00-04:00,12.140000343322754,12.25,11.800000190734863,11.829999923706055,10717500,0.0,0.0
2025-09-22 00:00:00-04:00,11.84000015258789,12.0,11.6899995803833,11.970000267028809,2698900,0.0,0.0
2025-09-23 00:00:00-04:00,12.0,12.1899995803833,11.8149995803833,11.90999984741211,3419800,0.0,0.0
2025-09-24 00:00:00-04:00,12.039999961853027,12.104999542236328,11.354999542236328,11.510000228881836,3017000,0.0,0.0
2025-09-25 00:00:00-04:00,11.279999732971191,11.5,11.140000343322754,11.350000381469727,2376000,0.0,0.0
2025-09-26 00:00:00-04:00,11.380000114440918,11.579999923706055,11.180000305175781,11.5600004196167,2707300,0.0,0.0
2025-09-29 00:00:00-04:00,11.680000305175781,11.739999771118164,11.420000076293945,11.609999656677246,3138700,0.0,0.0
2025-09-30 00:00:00-04:00,11.579999923706055,11.649999618530273,10.800000190734863,10.90999984741211,5728900,0.0,0.0
2025-10-01 00:00:00-04:00,10.649999618530273,10.859999656677246,10.260000228881836,10.270000457763672,5997800,0.0,0.0
2025-10-02 00:00:00-04:00,10.270000457763672,10.479999542236328,10.229999542236328,10.449999809265137,4358200,0.0,0.0
2025-10-03 00:00:00-04:00,10.470000267028809,10.710000038146973,10.404999732971191,10.425000190734863,3742000,0.0,0.0
2025-10-06 00:00:00-04:00,10.529999732971191,10.699999809265137,10.220000267028809,10.670000076293945,4233200,0.0,0.0
2025-10-07 00:00:00-04:00,10.725000381469727,10.791000366210938,10.28499984741211,10.5,3777000,0.0,0.0
2025-10-08 00:00:00-04:00,10.579999923706055,10.609999656677246,10.380000114440918,10.40999984741211,2569000,0.0,0.0
2025-10-09 00:00:00-04:00,10.420000076293945,10.489999771118164,10.270000457763672,10.4399995803833,2302700,0.0,0.0
2025-10-10 00:00:00-04:00,10.430000305175781,10.470000267028809,9.960000038146973,9.970000267028809,4285400,0.0,0.0
2025-10-13 00:00:00-04:00,10.130000114440918,10.3100004196167,9.989999771118164,10.279999732971191,3112400,0.0,0.0
2025-10-14 00:00:00-04:00,10.0600004196167,10.319000244140625,10.015000343322754,10.260000228881836,2410200,0.0,0.0
2025-10-15 00:00:00-04:00,10.4399995803833,10.460000038146973,10.140000343322754,10.260000228881836,2447700,0.0,0.0
2025-10-16 00:00:00-04:00,10.270000457763672,10.510000228881836,10.079999923706055,10.164999961853027,5597700,0.0,0.0
2025-10-17 00:00:00-04:00,10.100000381469727,10.194999694824219,10.010000228881836,10.079999923706055,3034600,0.0,0.0
2025-10-20 00:00:00-04:00,10.199999809265137,10.489999771118164,10.1899995803833,10.470000267028809,2172800,0.0,0.0
2025-10-21 00:00:00-04:00,10.470000267028809,10.960000038146973,10.425000190734863,10.854999542236328,2908000,0.0,0.0
2025-10-22 00:00:00-04:00,10.835000038146973,11.020000457763672,10.710000038146973,10.9399995803833,3821700,0.0,0.0
2025-10-23 00:00:00-04:00,10.9399995803833,11.079999923706055,10.859999656677246,11.050000190734863,3309700,0.0,0.0
2025-10-24 00:00:00-04:00,11.25,11.380000114440918,11.130000114440918,11.135000228881836,2699300,0.0,0.0
2025-10-27 00:00:00-04:00,11.260000228881836,11.600000381469727,11.210000038146973,11.420000076293945,4179100,0.0,0.0
2025-10-28 00:00:00-04:00,11.460000038146973,11.600000381469727,11.244999885559082,11.260000228881836,2749800,0.0,0.0
2025-10-29 00:00:00-04:00,11.239999771118164,11.425000190734863,10.890000343322754,10.920000076293945,4027500,0.0,0.0
2025-10-30 00:00:00-04:00,10.8100004196167,11.050000190734863,10.744999885559082,10.899999618530273,3542500,0.0,0.0
2025-10-31 00:00:00-04:00,10.949999809265137,11.274999618530273,10.944999694824219,11.220000267028809,5162900,0.0,0.0
2025-11-03 00:00:00-05:00,11.1899995803833,11.84000015258789,11.029999732971191,11.800000190734863,12517600,0.0,0.0
2025-11-04 00:00:00-05:00,11.90999984741211,12.3100004196167,11.430000305175781,11.6899995803833,9882200,0.0,0.0
2025-11-05 00:00:00-05:00,11.829999923706055,11.979999542236328,11.135000228881836,11.220000267028809,7895300,0.0,0.0
2025-11-06 00:00:00-05:00,11.210000038146973,11.22599983215332,10.475000381469727,10.699999809265137,7662300,0.0,0.0
2025-11-07 00:00:00-05:00,10.579999923706055,10.730999946594238,10.4350004196167,10.574999809265137,3761400,0.0,0.0
2025-11-10 00:00:00-05:00,10.739999771118164,10.779999732971191,10.510000228881836,10.569999694824219,3789000,0.0,0.0
2025-11-11 00:00:00-05:00,10.609999656677246,10.78499984741211,10.529999732971191,10.569999694824219,2492700,0.0,0.0
2025-11-12 00:00:00-05:00,10.630000114440918,10.75,10.359999656677246,10.4399995803833,2668200,0.0,0.0
2025-11-13 00:00:00-05:00,10.34000015258789,10.470000267028809,10.199999809265137,10.220000267028809,2498800,0.0,0.0
2025-11-14 00:00:00-05:00,10.050000190734863,10.350000381469727,10.0,10.199999809265137,3701200,0.0,0.0
2025-11-17 00:00:00-05:00,10.220000267028809,10.305000305175781,9.529999732971191,9.619999885559082,4037100,0.0,0.0
2025-11-18 00:00:00-05:00,9.520000457763672,9.600000381469727,9.324999809265137,9.390000343322754,3259800,0.0,0.0
2025-11-19 00:00:00-05:00,9.399999618530273,9.404999732971191,9.154999732971191,9.300000190734863,3721000,0.0,0.0
2025-11-20 00:00:00-05:00,9.5,9.5,9.039999961853027,9.069999694824219,4663000,0.0,0.0
2025-11-21 00:00:00-05:00,9.109999656677246,9.614999771118164,8.9350004196167,9.470000267028809,5827300,0.0,0.0
2025-11-24 00:00:00-05:00,9.479999542236328,9.59000015258789,9.350000381469727,9.489999771118164,2978500,0.0,0.0
2025-11-25 00:00:00-05:00,9.510000228881836,9.869999885559082,9.359999656677246,9.619999885559082,4099900,0.0,0.0
2025-11-26 00:00:00-05:00,9.619999885559082,9.869999885559082,9.529999732971191,9.670000076293945,5662500,0.0,0.0
2025-11-28 00:00:00-05:00,9.789999961853027,10.020000457763672,9.630000114440918,9.920000076293945,5004200,0.0,0.0
2025-12-01 00:00:00-05:00,9.800000190734863,10.220000267028809,9.729999542236328,10.119999885559082,5706400,0.0,0.0
2025-12-02 00:00:00-05:00,10.15999984741211,10.279999732971191,10.09000015258789,10.109999656677246,4879400,0.0,0.0
2025-12-03 00:00:00-05:00,10.069999694824219,10.28499984741211,9.949999809265137,10.069999694824219,4390400,0.0,0.0
2025-12-04 00:00:00-05:00,10.069999694824219,10.104999542236328,9.819999694824219,9.90999984741211,6793600,0.0,0.0
2025-12-05 00:00:00-05:00,9.899999618530273,10.095000267028809,9.6899995803833,9.9399995803833,9085600,0.0,0.0
2025-12-08 00:00:00-05:00,9.9399995803833,10.125,9.895000457763672,9.949999809265137,4959700,0.0,0.0
2025-12-09 00:00:00-05:00,9.90999984741211,10.255000114440918,9.895000457763672,10.0,4132000,0.0,0.0
2025-12-10 00:00:00-05:00,9.970000267028809,10.220000267028809,9.899999618530273,10.130000114440918,6018800,0.0,0.0
2025-12-11 00:00:00-05:00,10.020000457763672,10.09000015258789,9.760000228881836,9.960000038146973,5902100,0.0,0.0
2025-12-12 00:00:00-05:00,9.970000267028809,10.020000457763672,9.680000305175781,9.960000038146973,4427200,0.0,0.0
2025-12-15 00:00:00-05:00,10.109999656677246,10.234999656677246,9.75,9.789999961853027,4853000,0.0,0.0
2025-12-16 00:00:00-05:00,9.760000228881836,10.005000114440918,9.744999885559082,9.949999809265137,5312100,0.0,0.0
2025-12-17 00:00:00-05:00,10.010000228881836,10.579999923706055,10.008000373840332,10.069999694824219,7193400,0.0,0.0
2025-12-18 00:00:00-05:00,10.09000015258789,10.210000038146973,9.920000076293945,10.170000076293945,4011400,0.0,0.0
2025-12-19 00:00:00-05:00,10.170000076293945,10.289999961853027,10.0600004196167,10.270000457763672,14351100,0.0,0.0
2025-12-22 00:00:00-05:00,10.300000190734863,10.489999771118164,10.175000190734863,10.210000038146973,4193300,0.0,0.0
2025-12-23 00:00:00-05:00,10.199999809265137,10.239999771118164,9.989999771118164,10.069999694824219,3631100,0.0,0.0
2025-12-24 00:00:00-05:00,10.039999961853027,10.140000343322754,10.024999618530273,10.119999885559082,1938500,0.0,0.0
2025-12-26 00:00:00-05:00,10.069999694824219,10.175000190734863,10.0600004196167,10.119999885559082,1941200,0.0,0.0
2025-12-29 00:00:00-05:00,10.0600004196167,10.15999984741211,9.9399995803833,9.949999809265137,2905200,0.0,0.0
2025-12-30 00:00:00-05:00,9.949999809265137,10.055000305175781,9.930000305175781,10.029999732971191,3499400,0.0,0.0
2025-12-31 00:00:00-05:00,10.055000305175781,10.21500015258789,9.984999656677246,10.170000076293945,4241200,0.0,0.0
2026-01-02 00:00:00-05:00,10.239999771118164,10.279999732971191,9.5600004196167,9.609999656677246,5829900,0.0,0.0
2026-01-05 00:00:00-05:00,9.630000114440918,10.359999656677246,9.600000381469727,10.239999771118164,5467900,0.0,0.0
2026-01-06 00:00:00-05:00,10.140000343322754,10.529999732971191,10.09000015258789,10.489999771118164,4651700,0.0,0.0
2026-01-07 00:00:00-05:00,10.489999771118164,10.600000381469727,10.350000381469727,10.479999542236328,3527400,0.0,0.0
2026-01-08 00:00:00-05:00,10.369999885559082,10.6899995803833,10.25,10.579999923706055,3500900,0.0,0.0
2026-01-09 00:00:00-05:00,10.600000381469727,10.760000228881836,10.354999542236328,10.399999618530273,3754400,0.0,0.0
2026-01-12 00:00:00-05:00,10.289999961853027,10.579999923706055,10.145000457763672,10.470000267028809,3168100,0.0,0.0
2026-01-13 00:00:00-05:00,10.479999542236328,10.539999961853027,10.050000190734863,10.0600004196167,4020200,0.0,0.0
2026-01-14 00:00:00-05:00,10.03499984741211,10.244999885559082,9.96500015258789,10.079999923706055,3684300,0.0,0.0
2026-01-15 00:00:00-05:00,10.109999656677246,10.140000343322754,9.989999771118164,10.0,2779300,0.0,0.0
2026-01-16 00:00:00-05:00,10.029999732971191,10.045000076293945,9.0,9.03499984741211,8127400,0.0,0.0
2026-01-20 00:00:00-05:00,8.930000305175781,9.180000305175781,8.779999732971191,8.78499984741211,4783200,0.0,0.0
2026-01-21 00:00:00-05:00,8.8100004196167,8.90999984741211,8.704999923706055,8.760000228881836,3834100,0.0,0.0
2026-01-22 00:00:00-05:00,8.880000114440918,9.180000305175781,8.880000114440918,9.119999885559082,3875200,0.0,0.0
2026-01-23 00:00:00-05:00,9.100000381469727,9.1899995803833,8.805000305175781,8.819999694824219,6715000,0.0,0.0
2026-01-26 00:00:00-05:00,8.829999923706055,9.074999809265137,8.829999923706055,8.90999984741211,6531400,0.0,0.0
2026-01-27 00:00:00-05:00,8.930000305175781,9.024999618530273,8.6850004196167,8.720000267028809,4503000,0.0,0.0
2026-01-28 00:00:00-05:00,8.770000457763672,8.899999618530273,8.640000343322754,8.71500015258789,6224700,0.0,0.0
2026-01-29 00:00:00-05:00,8.619999885559082,8.630000114440918,7.952000141143799,8.1899995803833,7733500,0.0,0.0
2026-01-30 00:00:00-05:00,8.119999885559082,8.279999732971191,7.945000171661377,8.050000190734863,8975300,0.0,0.0
2026-02-02 00:00:00-05:00,8.010000228881836,8.154999732971191,7.78000020980835,7.809999942779541,9005700,0.0,0.0
2026-02-03 00:00:00-05:00,7.650000095367432,7.809999942779541,6.84499979019165,6.920000076293945,11030800,0.0,0.0
2026-02-04 00:00:00-05:00,6.829999923706055,7.179999828338623,6.670000076293945,6.869999885559082,11355000,0.0,0.0
2026-02-05 00:00:00-05:00,6.75,7.110000133514404,6.699999809265137,6.78000020980835,7805300,0.0,0.0
2026-02-06 00:00:00-05:00,6.809999942779541,7.349999904632568,6.630000114440918,7.309999942779541,11669000,0.0,0.0
2026-02-09 00:00:00-05:00,7.139999866485596,7.679999828338623,7.010000228881836,7.320000171661377,17482300,0.0,0.0
2026-02-10 00:00:00-05:00,6.045000076293945,6.960000038146973,5.840000152587891,6.630000114440918,37311900,0.0,0.0
2026-02-11 00:00:00-05:00,6.659999847412109,7.0,6.355000019073486,6.559999942779541,25475600,0.0,0.0
2026-02-12 00:00:00-05:00,6.570000171661377,6.599999904632568,6.199999809265137,6.300000190734863,11135200,0.0,0.0
2026-02-13 00:00:00-05:00,6.360000133514404,6.590000152587891,6.284999847412109,6.360000133514404,18536500,0.0,0.0
2026-02-17 00:00:00-05:00,6.360000133514404,6.5,6.244999885559082,6.489999771118164,14937300,0.0,0.0
2026-02-18 00:00:00-05:00,6.539999961853027,6.78000020980835,6.400000095367432,6.599999904632568,10382900,0.0,0.0
2026-02-19 00:00:00-05:00,6.480000019073486,6.559999942779541,6.340000152587891,6.429999828338623,9435900,0.0,0.0
2026-02-20 00:00:00-05:00,6.380000114440918,6.755000114440918,6.380000114440918,6.449999809265137,8693100,0.0,0.0
2026-02-23 00:00:00-05:00,6.329999923706055,6.349999904632568,5.96999979019165,6.03000020980835,11530300,0.0,0.0
2026-02-24 00:00:00-05:00,6.039999961853027,6.050000190734863,5.769999980926514,5.989999771118164,17184100,0.0,0.0
2026-02-25 00:00:00-05:00,5.989999771118164,6.159999847412109,5.880000114440918,6.130000114440918,6983100,0.0,0.0
2026-02-26 00:00:00-05:00,6.170000076293945,6.445000171661377,6.119999885559082,6.400000095367432,9409100,0.0,0.0
2026-02-27 00:00:00-05:00,6.230000019073486,6.239999771118164,5.994999885559082,6.210000038146973,11187600,0.0,0.0
2026-03-02 00:00:00-05:00,6.03000020980835,6.195000171661377,5.909999847412109,6.179999828338623,8246800,0.0,0.0
2026-03-03 00:00:00-05:00,6.070000171661377,6.284999847412109,5.929999828338623,6.230000019073486,6630800,0.0,0.0
2026-03-04 00:00:00-05:00,6.230000019073486,6.289999961853027,6.090000152587891,6.239999771118164,5433100,0.0,0.0
2026-03-05 00:00:00-05:00,6.260000228881836,6.619999885559082,6.239999771118164,6.590000152587891,6292300,0.0,0.0
2026-03-06 00:00:00-05:00,6.449999809265137,6.639999866485596,6.369999885559082,6.559999942779541,5661900,0.0,0.0
2026-03-09 00:00:00-04:00,6.460000038146973,6.574999809265137,6.224999904632568,6.5,6563700,0.0,0.0
2026-03-10 00:00:00-04:00,6.510000228881836,6.550000190734863,6.230000019073486,6.309999942779541,5928900,0.0,0.0
2026-03-11 00:00:00-04:00,6.400000095367432,6.550000190734863,6.204999923706055,6.289999961853027,6838300,0.0,0.0
2026-03-12 00:00:00-04:00,6.230000019073486,6.360000133514404,5.980000019073486,6.0,7495100,0.0,0.0
2026-03-13 00:00:00-04:00,6.010000228881836,6.074999809265137,5.739999771118164,5.829999923706055,9377700,0.0,0.0
2026-03-16 00:00:00-04:00,5.900000095367432,5.949999809265137,5.78000020980835,5.78000020980835,6823200,0.0,0.0
2026-03-17 00:00:00-04:00,5.800000190734863,6.059999942779541,5.789999961853027,5.860000133514404,6197100,0.0,0.0
2026-03-18 00:00:00-04:00,5.769999980926514,5.989999771118164,5.739999771118164,5.889999866485596,4515100,0.0,0.0
2026-03-19 00:00:00-04:00,5.909999847412109,6.130000114440918,5.840000152587891,5.949999809265137,4554800,0.0,0.0
2026-03-20 00:00:00-04:00,5.880000114440918,5.96999979019165,5.715000152587891,5.909999847412109,56032800,0.0,0.0
2026-03-23 00:00:00-04:00,5.920000076293945,6.28000020980835,5.920000076293945,6.179999828338623,12098900,0.0,0.0
2026-03-24 00:00:00-04:00,6.059999942779541,6.09499979019165,5.715000152587891,5.75,7672600,0.0,0.0
2026-03-25 00:00:00-04:00,5.889999866485596,5.980000019073486,5.565000057220459,5.809999942779541,7847200,0.0,0.0
2026-03-26 00:00:00-04:00,5.730000019073486,6.034999847412109,5.730000019073486,5.929999828338623,6578600,0.0,0.0
2026-03-27 00:00:00-04:00,5.820000171661377,5.860000133514404,5.630000114440918,5.71999979019165,5968800,0.0,0.0
2026-03-30 00:00:00-04:00,5.769999980926514,6.235000133514404,5.760000228881836,5.96999979019165,12636000,0.0,0.0
2026-03-31 00:00:00-04:00,6.019999980926514,6.199999809265137,5.925000190734863,5.980000019073486,9181700,0.0,0.0
2026-04-01 00:00:00-04:00,6.010000228881836,6.039999961853027,5.789999961853027,5.849999904632568,9605700,0.0,0.0
2026-04-02 00:00:00-04:00,5.849999904632568,6.164999961853027,5.730000019073486,5.809999942779541,11560400,0.0,0.0
2026-04-06 00:00:00-04:00,5.820000171661377,6.070000171661377,5.820000171661377,5.940000057220459,12121700,0.0,0.0
2026-04-07 00:00:00-04:00,5.920000076293945,6.050000190734863,5.769999980926514,5.800000190734863,6785500,0.0,0.0
2026-04-08 00:00:00-04:00,6.050000190734863,6.130000114440918,5.59499979019165,5.630000114440918,10572200,0.0,0.0
2026-04-09 00:00:00-04:00,5.559999942779541,5.659999847412109,5.215000152587891,5.400000095367432,14444600,0.0,0.0
2026-04-10 00:00:00-04:00,5.369999885559082,5.489999771118164,5.150000095367432,5.230000019073486,18799600,0.0,0.0
2026-04-13 00:00:00-04:00,5.21999979019165,5.519999980926514,5.170000076293945,5.519999980926514,22082200,0.0,0.0
2026-04-14 00:00:00-04:00,5.590000152587891,5.894999980926514,5.545000076293945,5.789999961853027,11957700,0.0,0.0
2026-04-15 00:00:00-04:00,5.925000190734863,6.300000190734863,5.880000114440918,6.150000095367432,13834500,0.0,0.0
2026-04-16 00:00:00-04:00,6.269999980926514,6.46999979019165,6.079999923706055,6.170000076293945,8799100,0.0,0.0
2026-04-17 00:00:00-04:00,6.28000020980835,6.400000095367432,6.199999809265137,6.210000038146973,9273300,0.0,0.0
2026-04-20 00:00:00-04:00,6.139999866485596,6.309999942779541,6.025000095367432,6.239999771118164,5411400,0.0,0.0
2026-04-21 00:00:00-04:00,6.25,6.420000076293945,6.130000114440918,6.210000038146973,4304900,0.0,0.0
2026-04-22 00:00:00-04:00,6.289999961853027,6.369999885559082,6.195000171661377,6.360000133514404,4898500,0.0,0.0
2026-04-23 00:00:00-04:00,6.170000076293945,6.25,5.71999979019165,5.869999885559082,7186000,0.0,0.0
2026-04-24 00:00:00-04:00,5.900000095367432,6.130000114440918,5.730000019073486,6.130000114440918,7288500,0.0,0.0
2026-04-27 00:00:00-04:00,6.099999904632568,6.284999847412109,6.039999961853027,6.059999942779541,6132700,0.0,0.0
2026-04-28 00:00:00-04:00,6.090000152587891,6.355000019073486,6.079999923706055,6.179999828338623,7794600,0.0,0.0
2026-04-29 00:00:00-04:00,6.099999904632568,6.235000133514404,6.025000095367432,6.130000114440918,5277000,0.0,0.0
2026-04-30 00:00:00-04:00,6.099999904632568,6.269999980926514,6.03000020980835,6.25,5811100,0.0,0.0
2026-05-01 00:00:00-04:00,6.498000144958496,6.715000152587891,6.349999904632568,6.650000095367432,8659500,0.0,0.0
2026-05-04 00:00:00-04:00,6.639999866485596,6.750999927520752,6.485000133514404,6.519999980926514,6208900,0.0,0.0
2026-05-05 00:00:00-04:00,6.539999961853027,6.599999904632568,6.40500020980835,6.559999942779541,4426000,0.0,0.0
2026-05-06 00:00:00-04:00,6.460000038146973,6.550000190734863,6.349999904632568,6.5,7266900,0.0,0.0
2026-05-07 00:00:00-04:00,6.679999828338623,6.868000030517578,6.565000057220459,6.630000114440918,7560400,0.0,0.0
2026-05-08 00:00:00-04:00,6.539999961853027,6.590000152587891,6.199999809265137,6.380000114440918,19864100,0.0,0.0
2026-05-11 00:00:00-04:00,6.349999904632568,6.659999847412109,5.985000133514404,6.039999961853027,23425300,0.0,0.0
2026-05-12 00:00:00-04:00,4.0,4.400000095367432,3.869999885559082,4.059999942779541,42419100,0.0,0.0
2026-05-13 00:00:00-04:00,3.984999895095825,4.114999771118164,3.8499999046325684,3.9600000381469727,20553600,0.0,0.0
2026-05-14 00:00:00-04:00,3.990000009536743,4.025000095367432,3.759999990463257,3.9000000953674316,16903200,0.0,0.0
2026-05-15 00:00:00-04:00,3.9000000953674316,3.984999895095825,3.759999990463257,3.859999895095825,11959000,0.0,0.0
2026-05-18 00:00:00-04:00,3.859999895095825,4.050000190734863,3.8499999046325684,3.9200000762939453,8401800,0.0,0.0
2026-05-19 00:00:00-04:00,3.930000066757202,3.990000009536743,3.765000104904175,3.809999942779541,7118200,0.0,0.0
2026-05-20 00:00:00-04:00,3.75,3.7850000858306885,3.6449999809265137,3.6700000762939453,12117200,0.0,0.0
2026-05-21 00:00:00-04:00,3.5799999237060547,3.634999990463257,3.4600000381469727,3.569999933242798,13774200,0.0,0.0
2026-05-22 00:00:00-04:00,3.5999999046325684,3.75,3.549999952316284,3.609999895095825,8223100,0.0,0.0
2026-05-26 00:00:00-04:00,3.5899999141693115,3.6649999618530273,3.490000009536743,3.5,9402600,0.0,0.0
2026-05-27 00:00:00-04:00,3.4600000381469727,3.5199999809265137,3.240000009536743,3.25,12754400,0.0,0.0
2026-05-28 00:00:00-04:00,3.309999942779541,3.3450000286102295,3.190000057220459,3.2100000381469727,10994800,0.0,0.0
2026-05-29 00:00:00-04:00,3.365000009536743,3.430000066757202,3.2799999713897705,3.3299999237060547,18745900,0.0,0.0
2026-06-01 00:00:00-04:00,3.430000066757202,3.880000114440918,3.430000066757202,3.819999933242798,19968700,0.0,0.0
2026-06-02 00:00:00-04:00,3.640000104904175,3.7300000190734863,3.2899999618530273,3.424999952316284,25277500,0.0,0.0
2026-06-03 00:00:00-04:00,3.4200000762939453,3.4200000762939453,2.940000057220459,3.119999885559082,21632200,0.0,0.0
2026-06-04 00:00:00-04:00,3.2100000381469727,3.240000009536743,2.990000009536743,3.0299999713897705,8902000,0.0,0.0
2026-06-05 00:00:00-04:00,3.0299999713897705,3.069999933242798,2.890000104904175,2.9800000190734863,11539300,0.0,0.0
2026-06-08 00:00:00-04:00,2.950000047683716,2.9690001010894775,2.8399999141693115,2.8499999046325684,7761800,0.0,0.0
2026-06-09 00:00:00-04:00,2.8499999046325684,2.9100000858306885,2.740000009536743,2.7699999809265137,8831700,0.0,0.0
2026-06-10 00:00:00-04:00,2.7149999141693115,2.8399999141693115,2.684999942779541,2.700000047683716,9887500,0.0,0.0
2026-06-11 00:00:00-04:00,2.7049999237060547,2.7300000190734863,2.5899999141693115,2.680000066757202,10494300,0.0,0.0
2026-06-12 00:00:00-04:00,2.690000057220459,2.8450000286102295,2.5899999141693115,2.809999942779541,14201600,0.0,0.0
2026-06-15 00:00:00-04:00,2.8299999237060547,2.865999937057495,2.759999990463257,2.8399999141693115,9967900,0.0,0.0
2026-06-16 00:00:00-04:00,2.8499999046325684,2.880000114440918,2.7300000190734863,2.799999952316284,6572600,0.0,0.0
2026-06-17 00:00:00-04:00,2.759999990463257,2.8399999141693115,2.6600000858306885,2.680000066757202,6809200,0.0,0.0
2026-06-18 00:00:00-04:00,2.619999885559082,2.880000114440918,2.5999999046325684,2.809999942779541,19859700,0.0,0.0
2026-06-22 00:00:00-04:00,2.7799999713897705,2.7899999618530273,2.5399999618530273,2.6500000953674316,14099200,0.0,0.0
2026-06-23 00:00:00-04:00,2.5999999046325684,2.7899999618530273,2.5999999046325684,2.7100000381469727,11109800,0.0,0.0
2026-06-24 00:00:00-04:00,2.7149999141693115,2.8550000190734863,2.700000047683716,2.8299999237060547,11400900,0.0,0.0
2026-06-25 00:00:00-04:00,2.7750000953674316,2.7750000953674316,2.6050000190734863,2.609999895095825,9969300,0.0,0.0
2026-06-26 00:00:00-04:00,2.609999895095825,2.934999942779541,2.609999895095825,2.890000104904175,45330300,0.0,0.0
2026-06-29 00:00:00-04:00,2.940000057220459,2.9700000286102295,2.809999942779541,2.9200000762939453,14903400,0.0,0.0
2026-06-30 00:00:00-04:00,2.865000009536743,2.940000057220459,2.8350000381469727,2.930000066757202,10126000,0.0,0.0
2026-07-01 00:00:00-04:00,2.990000009536743,3.0299999713897705,2.8299999237060547,2.8399999141693115,12710600,0.0,0.0
2026-07-02 00:00:00-04:00,2.819999933242798,3.0399999618530273,2.819999933242798,2.990000009536743,11699900,0.0,0.0
2026-07-06 00:00:00-04:00,2.950000047683716,3.005000114440918,2.8299999237060547,2.930000066757202,15081500,0.0,0.0
2026-07-07 00:00:00-04:00,3.009999990463257,3.109999895095825,2.9749999046325684,2.990000009536743,6327700,0.0,0.0
2026-07-08 00:00:00-04:00,2.950000047683716,3.009999990463257,2.869999885559082,2.9200000762939453,10696800,0.0,0.0
2026-07-09 00:00:00-04:00,2.8399999141693115,2.990000009536743,2.799999952316284,2.940000057220459,6500000,0.0,0.0
2026-07-10 00:00:00-04:00,3.0,3.059999942779541,2.805000066757202,2.9200000762939453,9723500,0.0,0.0
2026-07-13 00:00:00-04:00,2.9600000381469727,3.2200000286102295,2.940000057220459,3.0799999237060547,10942300,0.0,0.0
2026-07-14 00:00:00-04:00,2.990000009536743,3.0850000381469727,2.930000066757202,3.0199999809265137,6193100,0.0,0.0
2026-07-15 00:00:00-04:00,3.0799999237060547,3.194999933242798,3.059999942779541,3.0799999237060547,4693100,0.0,0.0
2026-07-16 00:00:00-04:00,3.125,3.200000047683716,3.0399999618530273,3.130000114440918,7099000,0.0,0.0
2026-07-17 00:00:00-04:00,3.059999942779541,3.190000057220459,3.0399999618530273,3.069999933242798,5383800,0.0,0.0
2026-07-20 00:00:00-04:00,3.109999895095825,3.2300000190734863,3.0399999618530273,3.130000114440918,8065900,0.0,0.0
2026-07-21 00:00:00-04:00,3.049999952316284,3.1700000762939453,2.994999885559082,3.0199999809265137,6486100,0.0,0.0
2026-07-22 00:00:00-04:00,3.0399999618530273,3.069999933242798,2.880000114440918,2.9200000762939453,6066100,0.0,0.0
2026-07-23 00:00:00-04:00,2.9100000858306885,2.9800000190734863,2.740000009536743,2.880000114440918,8710000,0.0,0.0
2026-07-24 00:00:00-04:00,2.880000114440918,2.9700000286102295,2.865000009536743,2.9200000762939453,5169300,0.0,0.0
2026-07-27 00:00:00-04:00,3.0,3.1600000858306885,2.9649999141693115,3.0799999237060547,7204700,0.0,0.0
2026-07-28 00:00:00-04:00,3.0899999141693115,3.3399999141693115,3.0899999141693115,3.2799999713897705,7245500,0.0,0.0
2026-07-29 00:00:00-04:00,3.2799999713897705,3.515000104904175,3.2699999809265137,3.5,7551800,0.0,0.0
2026-07-30 00:00:00-04:00,3.450000047683716,3.450000047683716,3.180000066757202,3.319999933242798,6105500,0.0,0.0
2026-07-31 00:00:00-04:00,3.3299999237060547,3.4000000953674316,3.265000104904175,3.299999952316284,6511600,0.0,0.0
2026-08-03 00:00:00-04:00,3.4100000858306885,3.640000104904175,3.4000000953674316,3.569999933242798,7290300,0.0,0.0
2026-08-04 00:00:00-04:00,3.4600000381469727,3.6549999713897705,3.4600000381469727,3.619999885559082,4514800,0.0,0.0
2026-08-05 00:00:00-04:00,3.6700000762939453,3.799999952316284,3.5950000286102295,3.6600000858306885,11351500,0.0,0.0
2026-08-06 00:00:00-04:00,3.7799999713897705,4.239999771118164,3.759999990463257,4.139999866485596,16764400,0.0,0.0
2026-08-07 00:00:00-04:00,4.329999923706055,4.329999923706055,4.050000190734863,4.179999828338623,11372700,0.0,0.0
2026-08-10 00:00:00-04:00,4.130000114440918,4.326000213623047,4.130000114440918,4.230000019073486,9212600,0.0,0.0
2026-08-11 00:00:00-04:00,4.210000038146973,4.300000190734863,4.054999828338623,4.079999923706055,6651100,0.0,0.0
2026-08-12 00:00:00-04:00,4.050000190734863,4.050000190734863,3.75,3.859999895095825,7183300,0.0,0.0
2026-08-13 00:00:00-04:00,3.859999895095825,4.364999771118164,3.811000108718872,4.309999942779541,9261000,0.0,0.0
2026-08-14 00:00:00-04:00,4.25,4.310999870300293,4.034999847412109,4.050000190734863,6927400,0.0,0.0
2026-08-17 00:00:00-04:00,4.010000228881836,4.014999866485596,3.7200000286102295,3.759999990463257,6669700,0.0,0.0
2026-08-18 00:00:00-04:00,3.799999952316284,3.940000057220459,3.7899999618530273,3.819999933242798,4268485,0.0,0.0
