Date,Open,High,Low,Close,Volume,Dividends,Stock Splits
2022-01-03 00:00:00-05:00,22.42411785795029,22.77323703220069,22.07500039110954,22.40621566772461,226300,0.0,0.0
2022-01-04 00:00:00-05:00,22.54049242588274,23.014933781152013,22.522588527500197,22.871706008911133,274700,0.0,0.0
2022-01-05 00:00:00-05:00,22.880660509355256,23.032840247755843,22.298797406321217,22.388315200805664,292300,0.0,0.0
2022-01-06 00:00:00-05:00,22.442024612658578,22.64791433944759,22.334604627990345,22.459928512573242,312100,0.0,0.0
2022-01-07 00:00:00-05:00,22.45097540946989,22.770553006151736,22.419644439933414,22.6031551361084,387700,0.0,0.0
2022-01-10 00:00:00-05:00,22.54049281517256,22.665816691195328,22.379361141766278,22.585250854492188,293200,0.0,0.0
2022-01-11 00:00:00-05:00,22.60315399066986,22.652388856706377,22.182422630065478,22.594202041625977,326400,0.0,0.0
2022-01-12 00:00:00-05:00,22.56734757617799,22.70162511264769,21.949678421020508,21.949678421020508,500400,0.0,0.0
2022-01-13 00:00:00-05:00,22.057098758126426,22.513637950243435,22.057098758126426,22.227182388305664,255400,0.0,0.0
2022-01-14 00:00:00-05:00,22.057099733554587,22.18242532800199,21.85121000273301,21.976533889770508,328000,0.0,0.0
2022-01-18 00:00:00-05:00,21.994436669632666,22.16452029866938,21.69902915994249,21.70798110961914,288600,0.0,0.0
2022-01-19 00:00:00-05:00,21.690077838272728,22.057099248592895,21.108214751721963,21.179828643798828,564700,0.0,0.0
2022-01-20 00:00:00-05:00,21.144024158626294,21.37676804500961,20.642725168574547,20.705387115478516,433800,0.0,0.0
2022-01-21 00:00:00-05:00,20.632738410237412,20.85068967104961,20.364839660716086,20.496519088745117,632400,0.33,0.0
2022-01-24 00:00:00-05:00,20.38754004461803,20.596409742534824,19.933474580213375,20.451108932495117,489100,0.0,0.0
2022-01-25 00:00:00-05:00,20.160505200829373,20.832521809907405,19.992499749468287,20.61457061767578,495500,0.0,0.0
2022-01-26 00:00:00-05:00,20.67814206750233,20.959662175922915,20.060612746743118,20.233158111572266,311200,0.0,0.0
2022-01-27 00:00:00-05:00,20.387540155685322,20.578246820355513,19.860824283391366,19.942554473876953,285600,0.0,0.0
2022-01-28 00:00:00-05:00,20.006123959568114,20.632733021193783,19.833578606946084,20.6236515045166,511100,0.0,0.0
2022-01-31 00:00:00-05:00,20.532840839245164,20.91425589834367,20.369376995042625,20.823442459106445,387700,0.0,0.0
2022-02-01 00:00:00-05:00,20.83252714832971,21.35924309755983,20.442030512635867,20.805282592773438,433800,0.0,0.0
2022-02-02 00:00:00-05:00,20.79619622231236,20.900631062728653,20.478350076802435,20.632732391357422,376300,0.0,0.0
2022-02-03 00:00:00-05:00,20.650895424157333,20.941497020467388,20.52375765880222,20.632732391357422,485900,0.0,0.0
2022-02-04 00:00:00-05:00,20.496517675558653,20.85976975186695,20.151428636096405,20.569168090820312,618300,0.0,0.0
2022-02-07 00:00:00-05:00,20.551005848883026,20.832527734518376,20.451112606610973,20.53284454345703,285900,0.0,0.0
2022-02-08 00:00:00-05:00,20.641818158578438,20.759876163967718,20.414785398192517,20.44202995300293,519400,0.0,0.0
2022-02-09 00:00:00-05:00,20.659978486999492,20.82344233019004,20.405701205133944,20.505596160888672,656100,0.0,0.0
2022-02-10 00:00:00-05:00,20.469271305133702,20.623651895203707,19.93347393588549,20.033367156982422,664000,0.0,0.0
2022-02-11 00:00:00-05:00,20.106018351859046,20.296726748962325,19.724603289774784,19.99704360961914,720500,0.0,0.0
2022-02-14 00:00:00-05:00,19.978880432153737,20.124181242181436,19.561141036354677,19.651952743530273,459500,0.0,0.0
2022-02-15 00:00:00-05:00,19.697362107418595,20.00612678963174,19.633793213808083,19.733686447143555,340000,0.0,0.0
2022-02-16 00:00:00-05:00,20.242237309029605,20.414780921962066,20.024284382580593,20.396617889404297,407100,0.0,0.0
2022-02-17 00:00:00-05:00,20.39661971807984,20.42386426935913,20.096936582496763,20.160507202148438,394200,0.0,0.0
2022-02-18 00:00:00-05:00,20.12418135212708,20.4601905597283,20.06969398109958,20.342132568359375,412300,0.0,0.0
2022-02-22 00:00:00-05:00,20.36029779569104,20.42386669075699,19.987964211342614,20.205915451049805,388600,0.0,0.0
2022-02-23 00:00:00-05:00,20.260399367485643,20.551000970794036,19.915310396587476,19.960716247558594,295500,0.0,0.0
2022-02-24 00:00:00-05:00,19.77909211220573,20.142344134718684,19.56114089869796,20.10601806640625,520700,0.0,0.0
2022-02-25 00:00:00-05:00,20.142346778578414,20.569167744539843,20.087859401080095,20.44202995300293,297600,0.0,0.0
2022-02-28 00:00:00-05:00,20.21499495006974,20.523759608511632,19.824498368386035,20.314889907836914,438500,0.0,0.0
2022-03-01 00:00:00-05:00,20.269481398695383,20.442026754586053,19.944370716831216,20.033367156982422,400900,0.0,0.0
2022-03-02 00:00:00-05:00,20.060612620848794,20.44202768526982,20.060612620848794,20.314889907836914,426300,0.0,0.0
2022-03-03 00:00:00-05:00,20.432950187523556,20.496519088745117,19.85174682535769,20.496519088745117,683900,0.0,0.0
2022-03-04 00:00:00-05:00,20.432950187523556,20.587332547114197,20.28401708578695,20.496519088745117,446100,0.0,0.0
2022-03-07 00:00:00-05:00,20.48743731084962,20.505600348718488,19.969802856445312,19.969802856445312,668900,0.0,0.0
2022-03-08 00:00:00-05:00,20.124179586723322,20.228614427082057,19.856280915499745,19.91530990600586,355000,0.0,0.0
2022-03-09 00:00:00-05:00,20.278562296483297,20.451107647106525,20.015205244384646,20.069692611694336,303500,0.0,0.0
2022-03-10 00:00:00-05:00,19.906231165637127,20.16958824932866,19.724604276653576,20.142345428466797,255900,0.0,0.0
2022-03-11 00:00:00-05:00,20.224080190241565,20.26040453385667,19.8426650556085,19.969802856445312,261300,0.0,0.0
2022-03-14 00:00:00-04:00,20.060614604390768,20.081502269372482,19.370434813284646,19.542980194091797,423100,0.0,0.0
2022-03-15 00:00:00-04:00,19.65195337412288,19.82449874111327,19.461246704387978,19.642871856689453,367800,0.0,0.0
2022-03-16 00:00:00-04:00,19.751845567090527,19.951633726274157,19.297780151755113,19.84265899658203,494200,0.0,0.0
2022-03-17 00:00:00-04:00,19.797252949415125,20.09693607746726,19.697359728145898,20.08785629272461,313000,0.0,0.0
2022-03-18 00:00:00-04:00,20.051532480184708,20.349400377634307,19.96980055133175,20.214996337890625,1237300,0.0,0.0
2022-03-21 00:00:00-04:00,20.178665070816,20.464726748147225,20.169583555268122,20.287641525268555,205500,0.0,0.0
2022-03-22 00:00:00-04:00,20.60549137054983,20.60549137054983,20.255860753222308,20.342132568359375,277100,0.0,0.0
2022-03-23 00:00:00-04:00,20.31488898294147,20.34213180136689,20.01520585540622,20.033367156982422,244100,0.0,0.0
2022-03-24 00:00:00-04:00,20.006125870512804,20.314890538540723,19.897149392099625,20.305809020996094,200700,0.0,0.0
2022-03-25 00:00:00-04:00,20.342132458904196,20.687223181840213,20.260400536741574,20.451108932495117,281900,0.0,0.0
2022-03-28 00:00:00-04:00,20.442027525345036,20.5964098533582,20.224076309112743,20.342132568359375,216400,0.0,0.0
2022-03-29 00:00:00-04:00,20.442025508959624,20.9142539636105,20.442025508959624,20.79619598388672,422300,0.0,0.0
2022-03-30 00:00:00-04:00,20.787117504958257,20.87793094906398,20.56916627837795,20.85976791381836,557800,0.0,0.0
2022-03-31 00:00:00-04:00,20.877929573446394,20.959661494544104,20.58732795715332,20.58732795715332,474500,0.0,0.0
2022-04-01 00:00:00-04:00,20.714463043840723,20.823439501873594,20.351211070601213,20.650894165039062,307500,0.0,0.0
2022-04-04 00:00:00-04:00,20.732629035431763,20.732629035431763,20.287645088169874,20.451108932495117,338100,0.0,0.0
2022-04-05 00:00:00-04:00,20.451105880955357,20.6781385792818,20.26947902944539,20.387537002563477,242700,0.0,0.0
2022-04-06 00:00:00-04:00,20.36937636950462,20.87883682069338,20.051530207996457,20.060611724853516,554500,0.0,0.0
2022-04-07 00:00:00-04:00,19.978883375076272,20.04245227231191,19.461248946588903,19.797256469726562,469800,0.0,0.0
2022-04-08 00:00:00-04:00,19.77909162106694,19.897147875906317,19.24329425161898,19.288700103759766,516800,0.0,0.0
2022-04-11 00:00:00-04:00,19.288703790438678,19.34319116984632,18.671174383410204,18.707500457763672,577700,0.0,0.0
2022-04-12 00:00:00-04:00,18.84371747564513,19.16337892323108,18.544034327245065,18.553115844726562,430300,0.0,0.0
2022-04-13 00:00:00-04:00,18.5894398949081,18.78922981216516,18.416896261796325,18.662090301513672,380800,0.0,0.0
2022-04-14 00:00:00-04:00,18.780147314296308,18.798310348029972,18.198944091796875,18.198944091796875,401600,0.0,0.0
2022-04-18 00:00:00-04:00,18.307920587192054,18.425978585670133,18.062724804619798,18.22618865966797,378400,0.0,0.0
2022-04-19 00:00:00-04:00,18.298836795968377,18.943610618314537,18.298836795968377,18.84371566772461,353600,0.0,0.0
2022-04-20 00:00:00-04:00,18.98901734491419,19.225131591300944,18.93906986731592,19.04350471496582,371800,0.0,0.0
2022-04-21 00:00:00-04:00,19.197887847858834,19.261456737613756,18.580358520887007,18.607603073120117,425900,0.0,0.0
2022-04-22 00:00:00-04:00,18.60760059649041,18.764509998523796,18.164562906210943,18.2845516204834,359400,0.33,0.0
2022-04-25 00:00:00-04:00,18.432230212725262,18.432230212725262,17.619994475320503,18.063032150268555,410000,0.0,0.0
2022-04-26 00:00:00-04:00,17.97073614200387,18.04088405335068,17.500007848792748,17.564619064331055,373700,0.0,0.0
2022-04-27 00:00:00-04:00,17.536925581457183,17.74829176902072,16.00475222412579,16.420101165771484,1386800,0.0,0.0
2022-04-28 00:00:00-04:00,16.60469897626919,16.60469897626919,15.847842485639982,16.124740600585938,894200,0.0,0.0
2022-04-29 00:00:00-04:00,15.986292335350287,15.986292335350287,14.78639809715393,14.915616989135742,1139300,0.0,0.0
2022-05-02 00:00:00-04:00,14.823319378612378,14.915619356308662,13.928013644052402,14.278752326965332,1303700,0.0,0.0
2022-05-03 00:00:00-04:00,14.260290274851826,14.915617573500723,14.084921394475458,14.887927055358887,1470700,0.0,0.0
2022-05-04 00:00:00-04:00,14.795630600306042,14.998689142619504,14.278752310240359,14.841779708862305,1245400,0.0,0.0
2022-05-05 00:00:00-04:00,14.60179950696873,14.731019291010474,13.57727404854486,14.112611770629883,952500,0.0,0.0
2022-05-06 00:00:00-04:00,14.075693158031843,14.158762963409101,13.364985605571155,13.512665748596191,812100,0.0,0.0
2022-05-09 00:00:00-04:00,13.411136051829988,13.484975685737435,13.092702960693316,13.272686958312988,739400,0.0,0.0
2022-05-10 00:00:00-04:00,13.35575573165638,14.14953217477514,13.300375570397954,13.521894454956055,872000,0.0,0.0
2022-05-11 00:00:00-04:00,13.568043491108465,13.891092501945371,13.346524622085424,13.604963302612305,1247800,0.0,0.0
2022-05-12 00:00:00-04:00,13.53112285396169,13.697262435710325,13.097314435083415,13.420363426208496,638500,0.0,0.0
2022-05-13 00:00:00-04:00,13.438825749418776,13.734184266910018,13.328065425121745,13.651114463806152,475600,0.0,0.0
2022-05-16 00:00:00-04:00,13.531123186559055,13.946471270902284,13.531123186559055,13.780332565307617,458900,0.0,0.0
2022-05-17 00:00:00-04:00,13.891092461452565,14.251060402506258,13.849557563602103,14.103381156921387,606300,0.0,0.0
2022-05-18 00:00:00-04:00,13.817254918558824,13.907708162012193,13.171157681749714,13.272686958312988,670400,0.0,0.0
2022-05-19 00:00:00-04:00,13.272686459405284,13.401906254005004,12.931177945360847,12.949637413024902,643600,0.0,0.0
2022-05-20 00:00:00-04:00,13.115776428828374,13.161926416253902,12.594283947561951,12.894257545471191,659400,0.0,0.0
2022-05-23 00:00:00-04:00,13.041935915059947,13.143465176308647,12.829646339419181,12.958866119384766,550600,0.0,0.0
2022-05-24 00:00:00-04:00,12.995786098768878,13.41113420227634,12.674583823592847,13.337294578552246,455300,0.0,0.0
2022-05-25 00:00:00-04:00,13.337295093274868,13.558813972996164,13.318835626750317,13.411134719848633,572400,0.0,0.0
2022-05-26 00:00:00-04:00,13.512666381408499,14.167993800894738,13.50343620699258,13.798794746398926,651900,0.0,0.0
2022-05-27 00:00:00-04:00,13.964932228516275,14.278751068745052,13.706493546072828,14.084921836853027,538700,0.0,0.0
2022-05-31 00:00:00-04:00,14.121841648630664,14.167991633412145,13.872632258953313,14.084921836853027,873300,0.0,0.0
2022-06-01 00:00:00-04:00,14.131073301940987,14.167993117586173,13.58650536099611,13.909553527832031,565200,0.0,0.0
2022-06-02 00:00:00-04:00,13.891095172017733,13.992624453109277,13.568046099086056,13.808025360107422,544100,0.0,0.0
2022-06-03 00:00:00-04:00,13.669574964243216,13.766489148790408,13.355756095777945,13.46651554107666,731600,0.0,0.0
2022-06-06 00:00:00-04:00,13.595732634277109,13.789561857668977,13.531123186559055,13.780332565307617,369800,0.0,0.0
2022-06-07 00:00:00-04:00,13.660344416255054,13.88186330078513,13.512665159901669,13.85417366027832,354300,0.0,0.0
2022-06-08 00:00:00-04:00,13.844942068653676,13.844942068653676,13.46651379294851,13.595732688903809,287700,0.0,0.0
2022-06-09 00:00:00-04:00,13.52189452928738,13.66495957989234,13.420365260032916,13.438825607299805,336100,0.0,0.0
2022-06-10 00:00:00-04:00,13.254225291951922,13.448054531747497,13.24499599880949,13.328064918518066,504800,0.0,0.0
2022-06-13 00:00:00-04:00,13.023476229414907,13.235765815816734,12.709658256855596,12.765037536621094,541300,0.0,0.0
2022-06-14 00:00:00-04:00,12.774266468356423,12.866565552406858,12.515827800682432,12.820416450500488,559400,0.0,0.0
2022-06-15 00:00:00-04:00,12.885027888756767,13.041937324154521,12.672738290179522,12.801958084106445,568400,0.0,0.0
2022-06-16 00:00:00-04:00,12.51582923300173,12.566593426955762,12.026640598624361,12.08202075958252,625200,0.0,0.0
2022-06-17 00:00:00-04:00,12.137400040263742,12.626588674639533,12.137400040263742,12.561978340148926,1461100,0.0,0.0
2022-06-21 00:00:00-04:00,12.626590255661498,12.728119536519884,12.294311008783305,12.30354118347168,363900,0.0,0.0
2022-06-22 00:00:00-04:00,12.174320896184426,12.451219964199153,12.128171785046865,12.428145408630371,462100,0.0,0.0
2022-06-23 00:00:00-04:00,12.561979125195121,12.921947993323325,12.492754579849887,12.912717819213867,847800,0.0,0.0
2022-06-24 00:00:00-04:00,12.958865140007623,13.38344337896356,12.866565178402462,13.291143417358398,843800,0.0,0.0
2022-06-27 00:00:00-04:00,13.346525188537036,13.475744974403677,13.161926123183104,13.18038558959961,344500,0.0,0.0
2022-06-28 00:00:00-04:00,13.291146214925059,13.43882636062508,13.14346694946289,13.14346694946289,318400,0.0,0.0
2022-06-29 00:00:00-04:00,13.125006675720215,13.152696316235179,12.829647282688668,13.125006675720215,401000,0.0,0.0
2022-06-30 00:00:00-04:00,12.968097978464945,13.17484912515002,12.86656782377707,12.995787620544434,595200,0.0,0.0
2022-07-01 00:00:00-04:00,12.99578688625405,13.17115666340369,12.921947258055614,13.125006675720215,364300,0.0,0.0
2022-07-05 00:00:00-04:00,13.069627457682794,13.235767073238412,12.774268923573128,13.208077430725098,534200,0.0,0.0
2022-07-06 00:00:00-04:00,13.235766487540163,13.291145770116193,13.069626879336417,13.134236335754395,293500,0.0,0.0
2022-07-07 00:00:00-04:00,13.18038558959961,13.355755361864176,13.161926123183104,13.18038558959961,300100,0.0,0.0
2022-07-08 00:00:00-04:00,13.125005716426534,13.21730480480963,12.82964634498251,13.041935920715332,466000,0.0,0.0
2022-07-11 00:00:00-04:00,13.023477642900392,13.129622887740526,12.700429461905973,12.857338905334473,302700,0.0,0.0
2022-07-12 00:00:00-04:00,12.866565864448372,13.300374298743046,12.829646053885275,13.014245986938477,417600,0.0,0.0
2022-07-13 00:00:00-04:00,12.88502795584396,12.986557228590845,12.700428878014243,12.949637413024902,228500,0.0,0.0
2022-07-14 00:00:00-04:00,10.715983550514432,10.845203311106772,9.525318711568383,9.765297889709473,4306500,0.0,0.0
2022-07-15 00:00:00-04:00,9.894518716855911,9.949897991480949,9.29457070683334,9.331490516662598,1773300,0.0,0.0
2022-07-18 00:00:00-04:00,9.331490320342912,9.589929863948264,8.731543203179971,8.953062057495117,1643700,0.0,0.0
2022-07-19 00:00:00-04:00,9.045364155924274,9.17642981708952,8.768465082533533,9.082283973693848,1309300,0.0,0.0
2022-07-20 00:00:00-04:00,9.08228486717358,9.27611414959148,8.92999049386223,9.017675399780273,706800,0.0,0.0
2022-07-21 00:00:00-04:00,8.879223749920278,9.026903007927116,8.648474689225143,8.897684097290039,696000,0.0,0.0
2022-07-22 00:00:00-04:00,8.879204298842897,9.027037790162304,8.79604911648755,9.00855827331543,592600,0.01,0.0
2022-07-25 00:00:00-04:00,8.999318383791872,9.110192839802336,8.791429109204195,8.93464183807373,783700,0.0,0.0
2022-07-26 00:00:00-04:00,8.851486597359893,9.202589514557808,8.814528441926003,8.860726356506348,728700,0.0,0.0
2022-07-27 00:00:00-04:00,8.860725553064297,9.119432617643385,8.703653186424745,8.888443946838379,875500,0.0,0.0
2022-07-28 00:00:00-04:00,8.953122118891741,9.341183226821613,8.92540372008304,9.258028030395508,921700,0.0,0.0
2022-07-29 00:00:00-04:00,9.239545974947555,9.322702029706367,8.953119662017402,9.267264366149902,699700,0.0,0.0
2022-08-01 00:00:00-04:00,9.184107734334631,9.239545394407834,8.906922077423769,9.017796516418457,793000,0.0,0.0
2022-08-02 00:00:00-04:00,8.869965198155423,8.953120378416266,8.64821540733766,8.768329620361328,1281400,0.0,0.0
2022-08-03 00:00:00-04:00,8.722131951468901,8.990078778337335,8.722131951468901,8.74985122680664,715100,0.0,0.0
2022-08-04 00:00:00-04:00,8.74985122680664,8.786809379438429,8.62973701046536,8.74985122680664,506200,0.0,0.0
2022-08-05 00:00:00-04:00,8.611256823924766,8.712892396622458,8.417226317408565,8.638976097106934,663300,0.0,0.0
2022-08-08 00:00:00-04:00,8.629736385639989,8.925401585287027,8.626964282076553,8.759089469909668,526500,0.0,0.0
2022-08-09 00:00:00-04:00,8.740611376243677,8.759090011788894,8.338690699600926,8.3710298538208,907300,0.0,0.0
2022-08-10 00:00:00-04:00,8.454185309065608,8.722132141780477,8.40798827813178,8.685173988342285,597000,0.0,0.0
2022-08-11 00:00:00-04:00,8.740611597113922,8.943881880158957,8.703653443937723,8.82376766204834,530200,0.0,0.0
2022-08-12 00:00:00-04:00,8.9069242477417,9.063996628212028,8.777570263486156,8.9069242477417,404800,0.0,0.0
2022-08-15 00:00:00-04:00,8.842246426146747,8.934642251001604,8.703653570016355,8.897684097290039,652900,0.0,0.0
2022-08-16 00:00:00-04:00,8.879203629956491,8.879203629956491,8.56505979759141,8.638976097106934,1452900,0.0,0.0
2022-08-17 00:00:00-04:00,8.546580610162513,8.565060126326554,8.371029612363277,8.389508247375488,548900,0.0,0.0
2022-08-18 00:00:00-04:00,8.361789720653784,8.602018140036307,8.223195995093798,8.315591812133789,480000,0.0,0.0
2022-08-19 00:00:00-04:00,8.186237987135103,8.213957261421136,8.056884898407606,8.1308012008667,1500600,0.0,0.0
2022-08-22 00:00:00-04:00,8.066124496694341,8.075364255615986,7.742740864803982,7.761219501495361,719800,0.0,0.0
2022-08-23 00:00:00-04:00,7.75198043195276,7.80741722180738,7.594908058778192,7.6503448486328125,657900,0.0,0.0
2022-08-24 00:00:00-04:00,7.585668735059547,7.728881478406564,7.502512664357427,7.5671892166137695,460400,0.0,0.0
2022-08-25 00:00:00-04:00,7.576430343878707,7.7242629935306475,7.488654377715831,7.659586429595947,533200,0.0,0.0
2022-08-26 00:00:00-04:00,7.66882381363697,7.715021722622796,7.400876998901367,7.400876998901367,526500,0.0,0.0
2022-08-29 00:00:00-04:00,7.391636848449707,7.460933267673568,7.197606345931831,7.391636848449707,637800,0.0,0.0
2022-08-30 00:00:00-04:00,7.493272096047905,7.835135220014634,7.243804792029737,7.29924201965332,2336400,0.0,0.0
2022-08-31 00:00:00-04:00,7.326960776650523,7.437835677973857,6.897322131110398,6.9204206466674805,868300,0.0,0.0
2022-09-01 00:00:00-04:00,6.818785862800736,6.892702169078911,6.324469793557547,6.541599273681641,1472900,0.0,0.0
2022-09-02 00:00:00-04:00,6.63399433238404,6.698671317505212,6.4122454243844444,6.4399638175964355,1219300,0.0,0.0
2022-09-06 00:00:00-04:00,6.467682608121061,6.467682608121061,5.913309901254438,6.22745418548584,3428200,0.0,0.0
2022-09-07 00:00:00-04:00,6.199735840229587,6.319850052472704,5.996465567114171,6.310610294342041,2452400,0.0,0.0
2022-09-08 00:00:00-04:00,6.236694385149432,6.429801024621753,6.135059242178325,6.403006076812744,1166500,0.0,0.0
2022-09-09 00:00:00-04:00,6.449203688140914,6.726390268548269,6.41224553616339,6.560078144073486,1578400,0.0,0.0
2022-09-12 00:00:00-04:00,6.597036197499956,6.901941167047614,6.597036197499956,6.828024864196777,1489400,0.0,0.0
2022-09-13 00:00:00-04:00,6.61551510114283,6.6986711599750866,6.329089214757832,6.412245273590088,1233400,0.0,0.0
2022-09-14 00:00:00-04:00,6.4399638241399035,6.4399638241399035,6.241313870665737,6.310610294342041,1166400,0.0,0.0
2022-09-15 00:00:00-04:00,6.245933701604778,6.421484698975545,6.172016958856769,6.22745418548584,869900,0.0,0.0
2022-09-16 00:00:00-04:00,6.218214766700812,6.338328976061631,6.125819390490915,6.282891750335693,7844600,0.0,0.0
2022-09-19 00:00:00-04:00,6.264413194109554,6.90194156306596,6.218215281889087,6.8372650146484375,1739200,0.0,0.0
2022-09-20 00:00:00-04:00,6.707911555040231,6.7679682248170945,6.439964277860016,6.744869709014893,1139500,0.0,0.0
2022-09-21 00:00:00-04:00,6.726390554010449,7.179128155236874,6.717150795335979,6.8372650146484375,1207000,0.0,0.0
2022-09-22 00:00:00-04:00,6.837264420203731,6.851123616434549,6.564697731067516,6.7171502113342285,759500,0.0,0.0
2022-09-23 00:00:00-04:00,6.615515702722375,6.689432010372197,6.430724933597818,6.532360076904297,705400,0.0,0.0
2022-09-26 00:00:00-04:00,6.467681972596153,6.5508380246566675,5.589925309688451,5.673080921173096,1798900,0.0,0.0
2022-09-27 00:00:00-04:00,5.673080693885734,5.811673961575342,5.340457380121698,5.432852745056152,1484500,0.0,0.0
2022-09-28 00:00:00-04:00,5.4051351165355825,5.820915012008135,5.285020895138448,5.580686569213867,1172200,0.0,0.0
2022-09-29 00:00:00-04:00,5.543727538824191,5.552967296198654,5.086370122609407,5.183385372161865,1253800,0.0,0.0
2022-09-30 00:00:00-04:00,5.174146251994898,5.234203360597431,5.044792716853408,5.081750869750977,1514900,0.0,0.0
2022-10-03 00:00:00-04:00,5.201864530543589,5.2526818751981335,4.966256000591278,5.174145698547363,1737800,0.0,0.0
2022-10-04 00:00:00-04:00,5.215723726253758,5.294259902904528,5.146427307127025,5.174145698547363,1839500,0.0,0.0
2022-10-05 00:00:00-04:00,4.980115421464377,5.03555264738739,4.610533474735048,4.721408367156982,1204600,0.0,0.0
2022-10-06 00:00:00-04:00,4.693691510044339,4.702931271876251,4.43498434681612,4.462702751159668,1217600,0.0,0.0
2022-10-07 00:00:00-04:00,4.388784494374825,4.458080915424067,4.194753986745866,4.2501912117004395,1762400,0.0,0.0
2022-10-10 00:00:00-04:00,4.250191350452121,4.324107652804623,4.153176093470482,4.194754123687744,1074800,0.0,0.0
2022-10-11 00:00:00-04:00,4.194755189025649,4.411884712762236,4.15779702846317,4.3980255126953125,979000,0.0,0.0
2022-10-12 00:00:00-04:00,4.388784906256855,4.41650374162347,4.3148685993804685,4.342586994171143,637800,0.0,0.0
2022-10-13 00:00:00-04:00,4.2409521188723955,4.522758137444992,4.157796056753039,4.490419864654541,1057800,0.0,0.0
2022-10-14 00:00:00-04:00,4.545856763157644,4.675210285522649,4.361065576346032,4.388784408569336,689400,0.0,0.0
2022-10-17 00:00:00-04:00,4.453461829347144,4.83228311678677,4.434982752900721,4.693689823150635,1003400,0.0,0.0
2022-10-18 00:00:00-04:00,4.786084633716523,5.012453843866807,4.68444994568876,4.7029290199279785,869700,0.0,0.0
2022-10-19 00:00:00-04:00,4.665970802307129,4.767605488828824,4.57819487053963,4.665970802307129,875800,0.0,0.0
2022-10-20 00:00:00-04:00,4.647491455078125,4.79994391647263,4.615152747108244,4.647491455078125,867100,0.0,0.0
2022-10-21 00:00:00-04:00,4.638234073363166,4.740071225528831,4.550283283865904,4.730813503265381,1097100,0.01,0.0
2022-10-24 00:00:00-04:00,4.740071046771692,4.772474177105641,4.6021278559282335,4.712297439575195,925300,0.0,0.0
2022-10-25 00:00:00-04:00,4.730812962310924,4.915971800942988,4.693781194584511,4.869682312011719,990400,0.0,0.0
2022-10-26 00:00:00-04:00,4.906714817098248,5.0261421314542325,4.453074932098389,4.453074932098389,1472600,0.0,0.0
2022-10-27 00:00:00-04:00,4.471590925178483,4.5178808636213095,4.286432054314319,4.4623332023620605,1156600,0.0,0.0
2022-10-28 00:00:00-04:00,4.462334224525848,4.522510981704472,4.369754326433398,4.471591949462891,858900,0.0,0.0
2022-10-31 00:00:00-04:00,4.416042939869421,4.443816989187767,4.258657690457047,4.33272123336792,2113200,0.0,0.0
2022-11-01 00:00:00-04:00,4.443817615509033,4.615089692993269,4.416043562276152,4.443817615509033,866100,0.0,0.0
2022-11-02 00:00:00-04:00,4.453074946741008,4.6012020403936384,4.295689689008309,4.304947853088379,1687200,0.0,0.0
2022-11-03 00:00:00-04:00,4.277173949307445,4.277173949307445,3.7957604369367406,3.8235344886779785,1974100,0.0,0.0
2022-11-04 00:00:00-04:00,3.832792158475273,3.962403809532355,3.781873579351571,3.869823932647705,1261000,0.0,0.0
2022-11-07 00:00:00-05:00,3.888339945154866,3.943888049658825,3.721696956003744,3.832792282104492,932200,0.0,0.0
2022-11-08 00:00:00-05:00,3.8513075582253156,3.9022265723594045,3.721696365022525,3.767986297607422,819100,0.0,0.0
2022-11-09 00:00:00-05:00,3.7124391131746797,3.781873579385215,3.59208562638642,3.619859457015991,1041900,0.0,0.0
2022-11-10 00:00:00-05:00,3.7772448867339916,4.216997581470014,3.7772448867339916,4.110531330108643,1030200,0.0,0.0
2022-11-11 00:00:00-05:00,4.1568205372918,4.1568205372918,3.823534558989555,3.832792282104492,1155900,0.0,0.0
2022-11-14 00:00:00-05:00,3.7865024982166835,3.814276106921655,3.453216103582169,3.480989933013916,1682700,0.0,0.0
2022-11-15 00:00:00-05:00,3.5365371352217667,3.6568906012787945,3.420812750502354,3.434699773788452,1017400,0.0,0.0
2022-11-16 00:00:00-05:00,3.4254428234187686,3.480990491189308,3.2958313778940322,3.314347267150879,1320500,0.0,0.0
2022-11-17 00:00:00-05:00,3.2680570597804324,3.3421206058338155,3.0690111693985758,3.1384458541870117,1686100,0.0,0.0
2022-11-18 00:00:00-05:00,3.1939934188652126,3.258799019737192,3.110671711303039,3.203251361846924,2091100,0.0,0.0
2022-11-21 00:00:00-05:00,3.203251785883163,3.3236050605773926,3.1662200090541694,3.3236050605773926,1640700,0.0,0.0
2022-11-22 00:00:00-05:00,3.3143471770196076,3.6568915604096435,3.30046037081802,3.629117727279663,1171000,0.0,0.0
2022-11-23 00:00:00-05:00,3.666149165957895,3.814276262294434,3.5735695100207736,3.693922996520996,1064900,0.0,0.0
2022-11-25 00:00:00-05:00,3.693922490804271,3.8374207060980523,3.6754066062971225,3.7402122020721436,633900,0.0,0.0
2022-11-28 00:00:00-05:00,3.7309545999049476,3.832791747225457,3.633745872042411,3.7031805515289307,818300,0.0,0.0
2022-11-29 00:00:00-05:00,3.721696827084097,3.805018539500185,3.6198594483527264,3.693922996520996,531600,0.0,0.0
2022-11-30 00:00:00-05:00,3.6661487107927577,3.791130822446356,3.517095684100819,3.767986297607422,636500,0.0,0.0
2022-12-01 00:00:00-05:00,3.786502269536052,3.8975975805535903,3.5689402877032297,3.582827091217041,776000,0.0,0.0
2022-12-02 00:00:00-05:00,3.5365378051029164,3.619859519148579,3.508763973996625,3.6013436317443848,641300,0.0,0.0
2022-12-05 00:00:00-05:00,3.5828273986509793,3.689293857875136,3.4624741347214174,3.490247964859009,933800,0.0,0.0
2022-12-06 00:00:00-05:00,3.4902476515651566,3.4902476515651566,3.231025039489364,3.2865726947784424,986700,0.0,0.0
2022-12-07 00:00:00-05:00,3.2865728401531356,3.480064134913564,3.2310251824070226,3.3513784408569336,848900,0.0,0.0
2022-12-08 00:00:00-05:00,3.3513785742063105,3.4578450328193164,3.295830914249989,3.3884105682373047,631700,0.0,0.0
2022-12-09 00:00:00-05:00,3.38841039022649,3.554127633274895,3.3143466267822363,3.369894504547119,558400,0.0,0.0
2022-12-12 00:00:00-05:00,3.3791524947423963,3.527279582253227,3.240283129474221,3.2773149013519287,1057100,0.0,0.0
2022-12-13 00:00:00-05:00,3.39766873854909,3.65689138972308,3.342120854155039,3.4624743461608887,1576900,0.0,0.0
2022-12-14 00:00:00-05:00,3.508763905012087,3.684665052620392,3.508763905012087,3.5457956790924072,1234300,0.0,0.0
2022-12-15 00:00:00-05:00,3.4902479308029997,3.675407017307037,3.453216157647548,3.5365376472473145,1359600,0.0,0.0
2022-12-16 00:00:00-05:00,3.480989603656943,3.5180213727288114,3.3652652149439772,3.3976681232452393,3633700,0.0,0.0
2022-12-19 00:00:00-05:00,3.3698945856268776,3.4532160731887664,3.207880250944156,3.231025218963623,1170100,0.0,0.0
2022-12-20 00:00:00-05:00,3.2217675824449725,3.2310255263882763,3.0366084828520945,3.064382314682007,1171100,0.0,0.0
2022-12-21 00:00:00-05:00,3.0921561465119196,3.129188143011931,3.008834651022182,3.064382314682007,764100,0.0,0.0
2022-12-22 00:00:00-05:00,3.008833827644802,3.045865593284153,2.906996472136587,3.0273497104644775,1746300,0.0,0.0
2022-12-23 00:00:00-05:00,2.9903185034501027,3.0967849599157296,2.9718026171714524,3.0366082191467285,563400,0.0,0.0
2022-12-27 00:00:00-05:00,3.0088344298821577,3.0180923731450315,2.86996506021227,2.916254997253418,1163100,0.0,0.0
2022-12-28 00:00:00-05:00,2.897738917531487,2.96995078187673,2.8236751556396484,2.8236751556396484,891900,0.0,0.0
2022-12-29 00:00:00-05:00,2.8884813031867123,3.1384462435844136,2.8514495255653656,3.129188299179077,1590500,0.0,0.0
2022-12-30 00:00:00-05:00,3.0921553003333417,3.144925765023477,2.9810600034152888,3.0273497104644775,945600,0.0,0.0
2023-01-03 00:00:00-05:00,3.0828982205465376,3.281944347578506,3.0828982205465376,3.240283489227295,1232600,0.0,0.0
2023-01-04 00:00:00-05:00,3.2958311007714687,3.786502787001306,3.2865731569214787,3.730955123901367,1397600,0.0,0.0
2023-01-05 00:00:00-05:00,3.703180503828951,3.703180503828951,3.2986080002351708,3.4532158374786377,1029000,0.0,0.0
2023-01-06 00:00:00-05:00,3.4809900495979296,3.6939229697662346,3.402297419875715,3.666149139404297,650900,0.0,0.0
2023-01-09 00:00:00-05:00,3.6846650529999625,3.7911312931284575,3.6383753353947936,3.693922996520996,966300,0.0,0.0
2023-01-10 00:00:00-05:00,3.6754071094789285,3.7402127141261645,3.592085617789625,3.693922996520996,583700,0.0,0.0
2023-01-11 00:00:00-05:00,3.7031804330578457,3.8698233936221857,3.6568907217899733,3.7402122020721436,784500,0.0,0.0
2023-01-12 00:00:00-05:00,3.767986251018113,3.925371048663044,3.707809515983209,3.8142757415771484,1175800,0.0,0.0
2023-01-13 00:00:00-05:00,3.7772439710864414,3.832791624607888,3.7124385960381745,3.7402122020721436,558200,0.0,0.0
2023-01-17 00:00:00-05:00,3.7309551317181215,3.879082233628301,3.7078101616812598,3.7587287425994873,510600,0.0,0.0
2023-01-18 00:00:00-05:00,3.805018721392346,3.902227243373473,3.7540996985023907,3.8883399963378906,709900,0.0,0.0
2023-01-19 00:00:00-05:00,3.823534741867818,3.846679712942552,3.6939233011575516,3.7494711875915527,574900,0.0,0.0
2023-01-20 00:00:00-05:00,3.805155857710256,3.805155857710256,3.591695872293652,3.6752238273620605,667000,0.01,0.0
2023-01-23 00:00:00-05:00,3.7123470855611007,3.749470521013011,3.642740533452204,3.684504508972168,483500,0.0,0.0
2023-01-24 00:00:00-05:00,3.7123473218708396,3.75875184041274,3.6009770084258235,3.64738130569458,426700,0.0,0.0
2023-01-25 00:00:00-05:00,3.6009766064060846,3.7123469074175133,3.536010376209633,3.6937851905822754,474100,0.0,0.0
2023-01-26 00:00:00-05:00,3.7680324204679145,3.7819535987972226,3.5406512567220023,3.6752238273620605,588900,0.0,0.0
2023-01-27 00:00:00-05:00,3.6752242620996,3.925807714399739,3.6752242620996,3.8886842727661133,526400,0.0,0.0
2023-01-30 00:00:00-05:00,3.8701224327087402,3.8886841529536564,3.8237179108232904,3.8701224327087402,446000,0.0,0.0
2023-01-31 00:00:00-05:00,3.8979647986962958,4.181031586114755,3.8933247005365996,4.092863082885742,1171600,0.0,0.0
2023-02-01 00:00:00-05:00,4.185671250519994,4.273839292744065,4.0835815890924705,4.176390171051025,929200,0.0,0.0
2023-02-02 00:00:00-05:00,4.278480314996776,4.547625454303336,4.245996975738208,4.464097499847412,854200,0.0,0.0
2023-02-03 00:00:00-05:00,4.389850034993418,4.473377978205721,4.3295243474007785,4.445535182952881,719200,0.0,0.0
2023-02-06 00:00:00-05:00,4.454816092539074,4.5569053053031565,4.153187666064647,4.27847957611084,621300,0.0,0.0
2023-02-07 00:00:00-05:00,4.269198958784889,4.2924012160294325,4.1207052204938055,4.204233169555664,644000,0.0,0.0
2023-02-08 00:00:00-05:00,4.194952356839274,4.213514075307959,4.092862683988369,4.10214376449585,593600,0.0,0.0
2023-02-09 00:00:00-05:00,4.1578285281283724,4.2599181913598265,3.9582897414819476,3.9722113609313965,770100,0.0,0.0
2023-02-10 00:00:00-05:00,3.9536505168981244,3.995414056826204,3.8701225519493008,3.8886842727661133,742500,0.0,0.0
2023-02-13 00:00:00-05:00,3.9072454900690152,4.046458599528341,3.8329986163697147,4.027896881103516,662900,0.0,0.0
2023-02-14 00:00:00-05:00,3.953649941561251,3.953649941561251,3.7355494217920344,3.8051557540893555,581500,0.0,0.0
2023-02-15 00:00:00-05:00,3.7587523222847667,4.510502698232451,3.5684943471820776,4.417694091796875,1246400,0.0,0.0
2023-02-16 00:00:00-05:00,4.417692310702084,4.501219801544892,4.009334164478232,4.436254024505615,1686500,0.0,0.0
2023-02-17 00:00:00-05:00,4.417693089659641,4.621871977500689,4.343445778807562,4.556905746459961,856300,0.0,0.0
2023-02-21 00:00:00-05:00,4.473377607936231,4.547624465736637,4.074300083439782,4.1810302734375,795200,0.0,0.0
2023-02-22 00:00:00-05:00,4.227434800092025,4.232075339848025,3.814436497825046,3.8979640007019043,907800,0.0,0.0
2023-02-23 00:00:00-05:00,3.935087753272701,3.9675710916568314,3.795875089655412,3.907245397567749,728600,0.0,0.0
2023-02-24 00:00:00-05:00,3.8608408978329534,4.046458521026471,3.795875105879549,4.01861572265625,587300,0.0,0.0
2023-02-27 00:00:00-05:00,4.092863441569953,4.125346786812467,3.981493110143398,4.074301719665527,568700,0.0,0.0
2023-02-28 00:00:00-05:00,4.083581968371176,4.083581968371176,3.777313398188934,3.8051557540893555,2497600,0.0,0.0
2023-03-01 00:00:00-05:00,3.786593782903943,3.832998296364979,3.6241786496096733,3.7309086322784424,662700,0.0,0.0
2023-03-02 00:00:00-05:00,3.703066380288497,3.814436912536621,3.6334598252925616,3.814436912536621,528300,0.0,0.0
2023-03-03 00:00:00-05:00,3.907245993645172,4.000054597730714,3.7912351279016603,3.9258077144622803,492100,0.0,0.0
2023-03-06 00:00:00-05:00,3.7123473833682348,3.785666240649387,3.467332512711857,3.6566622257232666,2763800,0.0,0.0
2023-03-07 00:00:00-05:00,3.6566619815596835,3.675223699535265,3.4803254395185266,3.6195385456085205,1718300,0.0,0.0
2023-03-08 00:00:00-05:00,3.6102575642242947,3.6891447523094842,3.5081678975465493,3.6009767055511475,1209400,0.0,0.0
2023-03-09 00:00:00-05:00,3.5731335503083366,3.6148975207902208,3.4199992869055653,3.4432015419006348,1199000,0.0,0.0
2023-03-10 00:00:00-05:00,3.4710444824989963,3.4710444824989963,3.1694162420048997,3.2483036518096924,1876000,0.0,0.0
2023-03-13 00:00:00-04:00,3.1740565827605707,3.1833374409036614,2.9281135100590006,3.146214008331299,1715700,0.0,0.0
2023-03-14 00:00:00-04:00,3.2761468908873423,3.3503937757159648,3.0905294575426163,3.164776563644409,1696200,0.0,0.0
2023-03-15 00:00:00-04:00,3.071966761781631,3.1044498742257636,2.9049113239140665,3.0534050464630127,2161400,0.0,0.0
2023-03-16 00:00:00-04:00,3.007000976488685,3.09980955982011,2.835304986688991,2.979158401489258,2133000,0.0,0.0
2023-03-17 00:00:00-04:00,2.9513162679643927,2.9513162679643927,2.793541431427002,2.793541431427002,16972600,0.0,0.0
2023-03-20 00:00:00-04:00,2.8399457300341315,2.9234736888001147,2.723934872879733,2.793541431427002,2424000,0.0,0.0
2023-03-21 00:00:00-04:00,2.8677884526051445,2.9930801757463117,2.8213841516775195,2.923473834991455,1766800,0.0,0.0
2023-03-22 00:00:00-04:00,2.923473393909407,2.9837988653770715,2.631126010263841,2.645047187805176,1256100,0.0,0.0
2023-03-23 00:00:00-04:00,2.6543280330542713,2.728575124230891,2.4687108582955384,2.570800304412842,2068800,0.0,0.0
2023-03-24 00:00:00-04:00,2.542957497852256,2.756417450762246,2.4594297767769544,2.7471365928649902,1822100,0.0,0.0
2023-03-27 00:00:00-04:00,2.774979400341407,2.849226269774555,2.700732530908259,2.7100133895874023,1143900,0.0,0.0
2023-03-28 00:00:00-04:00,2.700732407786073,2.7656984155783784,2.6172044622085653,2.6914515495300293,749400,0.0,0.0
2023-03-29 00:00:00-04:00,2.691451455251695,2.7889005741631836,2.6775300577187218,2.7842600345611572,581500,0.0,0.0
2023-03-30 00:00:00-04:00,2.793541024467683,2.8863496081617117,2.7842601660982798,2.8399453163146973,525000,0.0,0.0
2023-03-31 00:00:00-04:00,2.8677879534838784,2.9884393361702153,2.7889007662733376,2.849226236343384,1440800,0.0,0.0
2023-04-03 00:00:00-04:00,2.849226157750567,3.0070009703658456,2.7378558579796284,2.7656984329223633,785400,0.0,0.0
2023-04-04 00:00:00-04:00,2.774979176630211,2.8167431479560223,2.6543278022548025,2.7842600345611572,1034900,0.0,0.0
2023-04-05 00:00:00-04:00,2.7564177451701983,2.7564177451701983,2.682170874061979,2.719294309616089,704800,0.0,0.0
2023-04-06 00:00:00-04:00,2.7007323626062885,2.7517769715240603,2.542957553619802,2.580080986022949,753200,0.0,0.0
2023-04-10 00:00:00-04:00,2.5986428665862236,2.5986428665862236,2.440868268893754,2.496553421020508,1110300,0.0,0.0
2023-04-11 00:00:00-04:00,2.5058342398066613,2.5058342398066613,2.3759019989734194,2.3851828575134277,1237000,0.0,0.0
2023-04-12 00:00:00-04:00,2.4130257293618342,2.4501493893523727,2.2459702551335794,2.3202171325683594,1576300,0.0,0.0
2023-04-13 00:00:00-04:00,2.329498234264687,2.329498234264687,2.1902851033381503,2.2088470458984375,1208800,0.0,0.0
2023-04-14 00:00:00-04:00,2.22740830323736,2.2728843560273386,1.990746074211398,2.0696334838867188,1191000,0.0,0.0
2023-04-17 00:00:00-04:00,2.0603525557527607,2.0696334141504846,1.9814651487355488,2.0232291221618652,1362400,0.0,0.0
2023-04-18 00:00:00-04:00,2.0046674833968225,2.0510717771916993,1.8608140619961409,1.8932969570159912,1975600,0.0,0.0
2023-04-19 00:00:00-04:00,1.8654544960445634,1.9629036296737907,1.8376119180466612,1.8747353553771973,1651500,0.0,0.0
2023-04-20 00:00:00-04:00,1.8561736300298413,1.8747353486282885,1.7912075042987061,1.8190501928329468,1160000,0.0,0.0
2023-04-21 00:00:00-04:00,1.819049847702415,1.8470352026014885,1.7117725427187183,1.7910643815994263,1717900,0.01,0.0
2023-04-24 00:00:00-04:00,1.8190499959157052,1.9216629722397158,1.7630791703532296,1.8656922578811646,1523400,0.0,0.0
2023-04-25 00:00:00-04:00,1.8377070111124254,1.9216630876943837,1.8190501052053236,1.8283785581588745,1503700,0.0,0.0
2023-04-26 00:00:00-04:00,1.8656923369313347,2.2239053243378257,1.8656923369313347,1.9589768648147583,2470100,0.0,0.0
2023-04-27 00:00:00-04:00,1.9496483294189915,1.9822980239987373,1.8097215435226133,1.8656922578811646,888800,0.0,0.0
2023-04-28 00:00:00-04:00,1.8470354238785058,1.958976856885515,1.8470354238785058,1.9216630458831787,1951700,0.0,0.0
2023-05-01 00:00:00-04:00,1.9496485877922292,2.014947985605392,1.9216632269042502,1.9403201341629028,1258300,0.0,0.0
2023-05-02 00:00:00-04:00,1.9496483294189915,1.9496483294189915,1.8097215435226133,1.8656922578811646,1249400,0.0,0.0
2023-05-03 00:00:00-04:00,1.89367777420316,1.977633852796569,1.8656924146720237,1.912334680557251,1878300,0.0,0.0
2023-05-04 00:00:00-04:00,1.8936776243737736,1.9263273191140946,1.8330426835204665,1.9030060768127441,1282400,0.0,0.0
2023-05-05 00:00:00-04:00,1.9123347376067772,1.958977004883455,1.8656924703300994,1.893677830696106,1026600,0.0,0.0
2023-05-08 00:00:00-04:00,1.9403197189317332,1.9403197189317332,1.7537505750673286,1.7910643815994263,1092500,0.0,0.0
2023-05-09 00:00:00-04:00,1.7910644461325467,1.795728672117114,1.6791229112990176,1.7071083784103394,1146500,0.0,0.0
2023-05-10 00:00:00-04:00,1.7257654644658835,1.8563639170195272,1.7257654644658835,1.8283785581588745,1042400,0.0,0.0
2023-05-11 00:00:00-04:00,1.8283786003744105,1.8283786003744105,1.7490866372345202,1.7724077701568604,524700,0.0,0.0
2023-05-12 00:00:00-04:00,1.7910647288991393,1.7910647288991393,1.6651304962298838,1.7164371013641357,1058300,0.0,0.0
2023-05-15 00:00:00-04:00,1.707108465529607,1.7537507277555833,1.669794544544901,1.6977800130844116,640600,0.0,0.0
2023-05-16 00:00:00-04:00,1.6791229250457171,1.6977799403406464,1.534531807136475,1.576509952545166,2375700,0.0,0.0
2023-05-17 00:00:00-04:00,1.5951670471187234,1.6604662192347794,1.5671815764364803,1.6324808597564697,698200,0.0,0.0
2023-05-18 00:00:00-04:00,1.6324807724220145,1.7117727312391977,1.6044954144408654,1.6418092250823975,459700,0.0,0.0
2023-05-19 00:00:00-04:00,1.6604660073607493,1.7490864122714431,1.637144877437914,1.7071083784103394,953600,0.0,0.0
2023-05-22 00:00:00-04:00,1.6977801386840703,1.7724077637664912,1.6604662149389269,1.7350939512252808,687700,0.0,0.0
2023-05-23 00:00:00-04:00,1.7350936718012795,1.8470352026014885,1.7350936718012795,1.7910643815994263,1074400,0.0,0.0
2023-05-24 00:00:00-04:00,1.7910645876951705,1.8377069624312927,1.6604661386010993,1.679123044013977,779900,0.0,0.0
2023-05-25 00:00:00-04:00,1.6604660749435425,1.6791229796411673,1.5951669085018556,1.6604660749435425,821000,0.0,0.0
2023-05-26 00:00:00-04:00,1.6511376858946605,1.6977800606307827,1.599831196009247,1.679123044013977,414700,0.0,0.0
2023-05-30 00:00:00-04:00,1.6977801944803848,1.7817362754572639,1.693115967759447,1.7164371013641357,654100,0.0,0.0
2023-05-31 00:00:00-04:00,1.7257653294385231,1.744422233885871,1.623152243774187,1.6884514093399048,899200,0.0,0.0
2023-06-01 00:00:00-04:00,1.697779995542716,1.697779995542716,1.599831134676262,1.6604660749435425,952400,0.0,0.0
2023-06-02 00:00:00-04:00,1.669794761367651,1.856364056905418,1.669794761367651,1.8003932237625122,1424800,0.0,0.0
2023-06-05 00:00:00-04:00,1.8190502976993195,1.856364113462114,1.7350941010290888,1.7444225549697876,932200,0.0,0.0
2023-06-06 00:00:00-04:00,1.7444224544056273,1.8750209132504843,1.6884516227841535,1.8190501928329468,1208600,0.0,0.0
2023-06-07 00:00:00-04:00,1.7724077058757732,1.940319968030771,1.7724077058757732,1.8563638925552368,2050200,0.0,0.0
2023-06-08 00:00:00-04:00,1.8656924598475613,1.9216631802650987,1.7770720413158574,1.8190501928329468,2988600,0.0,0.0
2023-06-09 00:00:00-04:00,1.8377071073124533,1.8563640141962043,1.7164371013641357,1.7164371013641357,2524700,0.0,0.0
2023-06-12 00:00:00-04:00,1.744422410650052,1.8190501472054743,1.739758184065584,1.7724077701568604,1819200,0.0,0.0
2023-06-13 00:00:00-04:00,1.800392994649075,2.1455460696278834,1.7537507323021788,2.108232259750366,4321400,0.0,0.0
2023-06-14 00:00:00-04:00,2.145546013397001,2.41607135032687,2.1082322044974116,2.397414445877075,3142500,0.0,0.0
2023-06-15 00:00:00-04:00,2.3787579872446005,2.490699657330875,2.369429533271402,2.4254002571105957,1440400,0.0,0.0
2023-06-16 00:00:00-04:00,2.472042315304289,2.7285748657251716,2.4440567358909555,2.6772682666778564,4204700,0.0,0.0
2023-06-20 00:00:00-04:00,2.69592559526446,2.69592559526446,2.444056918573325,2.6306262016296387,2550900,0.0,0.0
2023-06-21 00:00:00-04:00,2.630626177188743,2.723910929054132,2.584916691032196,2.658611536026001,2249600,0.0,0.0
2023-06-22 00:00:00-04:00,2.658611536026001,2.6959255702168736,2.537341647731216,2.658611536026001,2221800,0.0,0.0
2023-06-23 00:00:00-04:00,2.6026409654593636,2.695925722597444,2.5839840585133227,2.667940139770508,10527500,0.0,0.0
2023-06-26 00:00:00-04:00,2.611969331128778,3.348917797947869,2.611969331128778,3.2649617195129395,3191300,0.0,0.0
2023-06-27 00:00:00-04:00,3.264961550333599,3.4328739209106693,2.97111495742569,2.9757792949676514,2373700,0.0,0.0
2023-06-28 00:00:00-04:00,2.9571226713989978,2.9664511249639713,2.5653271768543573,2.6399548053741455,1767300,0.0,0.0
2023-06-29 00:00:00-04:00,2.630626218978137,2.845180862546666,2.5746555004144853,2.8078670501708984,1733800,0.0,0.0
2023-06-30 00:00:00-04:00,2.8171951523092784,3.2649612898532014,2.80786670037744,3.0783920288085938,2096100,0.0,0.0
2023-07-03 00:00:00-04:00,3.106377693586778,3.4142170827730434,3.0970492407270642,3.40488862991333,999200,0.0,0.0
2023-07-05 00:00:00-04:00,3.3955602896107435,3.6940710134245656,3.367574707696068,3.5448155403137207,2373100,0.0,0.0
2023-07-06 00:00:00-04:00,3.5168297284811545,3.554143536357691,3.348917370628901,3.4142167568206787,3795700,0.0,0.0
2023-07-07 00:00:00-04:00,3.404888451985578,3.7407131822019393,3.367574420088767,3.526158332824707,1603300,0.0,0.0
2023-07-10 00:00:00-04:00,3.4981737076593724,3.6847430165494512,3.4701883446870445,3.675414562225342,1746200,0.0,0.0
2023-07-11 00:00:00-04:00,3.6754141070866932,3.740713501677113,3.4981732744690404,3.5448155403137207,880200,0.0,0.0
2023-07-12 00:00:00-04:00,3.5914575227566274,3.740713206497579,3.4841802085751774,3.4981729984283447,1634100,0.0,0.0
2023-07-13 00:00:00-04:00,3.5634724990800875,4.015902818041784,3.474852081467411,3.871311902999878,2171500,0.0,0.0
2023-07-14 00:00:00-04:00,3.889968944369411,3.889968944369411,3.4748522018440107,3.628772020339966,1050500,0.0,0.0
2023-07-17 00:00:00-04:00,3.610114890673404,3.6922054160563382,3.563472622526696,3.628772020339966,570900,0.0,0.0
2023-07-18 00:00:00-04:00,3.619443142143207,3.889968488068867,3.6147788046717326,3.778027057647705,824500,0.0,0.0
2023-07-19 00:00:00-04:00,3.8246695272873663,3.9272827391010354,3.6847427235521955,3.833998203277588,576800,0.0,0.0
2023-07-20 00:00:00-04:00,3.843326333469864,3.843326333469864,3.582129417619202,3.666085720062256,906700,0.0,0.0
2023-07-21 00:00:00-04:00,3.684789797387257,3.7970167891573237,3.58191483195615,3.7596077919006348,515500,0.01,0.0
2023-07-24 00:00:00-04:00,3.7315510299115306,3.9279482647698547,3.666085284958756,3.815721273422241,826200,0.0,0.0
2023-07-25 00:00:00-04:00,3.834426655784101,3.8624836330631185,3.497745381163774,3.5258021354675293,1327400,0.0,0.0
2023-07-26 00:00:00-04:00,3.553858322940975,4.058880488784758,3.450983573568769,3.544506072998047,2246200,0.0,0.0
2023-07-27 00:00:00-04:00,3.544505907949177,3.5613400908477044,3.371489180573872,3.422926664352417,1631800,0.0,0.0
2023-07-28 00:00:00-04:00,3.450983819899069,3.656733556305069,3.3761655920399147,3.64738130569458,1331700,0.0,0.0
2023-07-31 00:00:00-04:00,3.7315517422671585,4.0682330035578795,3.726875505247372,3.965358018875122,1140800,0.0,0.0
2023-08-01 00:00:00-04:00,3.965357474626543,3.988738210565941,3.6380287323015335,3.6660854816436768,718600,0.0,0.0
2023-08-02 00:00:00-04:00,3.581915010642023,3.684789981205106,3.4603357634927336,3.6660854816436768,827100,0.0,0.0
2023-08-03 00:00:00-04:00,3.666085850677119,3.6941426028434954,3.4837166271328033,3.638029098510742,709800,0.0,0.0
2023-08-04 00:00:00-04:00,3.638029239761434,3.768960977930013,3.488392999422381,3.553858757019043,876600,0.0,0.0
2023-08-07 00:00:00-04:00,3.5538582201120605,3.694142188172166,3.5258014710950834,3.6754376888275146,546700,0.0,0.0
2023-08-08 00:00:00-04:00,3.5912674334306507,3.6567334080246736,3.488392680886839,3.5725629329681396,427200,0.0,0.0
2023-08-09 00:00:00-04:00,3.581915072769758,3.600619572655614,3.5070970732263356,3.544506072998047,496400,0.0,0.0
2023-08-10 00:00:00-04:00,3.5912676293119192,3.689466373583849,3.5632108770878315,3.5819153785705566,354800,0.0,0.0
2023-08-11 00:00:00-04:00,3.563210161502635,3.7596076106047835,3.5070966683235074,3.750255584716797,441700,0.0,0.0
2023-08-14 00:00:00-04:00,3.7128468848817353,3.8624831105684243,3.6099719100423764,3.843778610229492,823700,0.0,0.0
2023-08-15 00:00:00-04:00,3.9092440005398115,3.9092440005398115,3.6614092683038506,3.768960475921631,676600,0.0,0.0
2023-08-16 00:00:00-04:00,3.7970170704661546,3.7970170704661546,3.5819150973287646,3.5912673473358154,560200,0.0,0.0
2023-08-17 00:00:00-04:00,3.6099718473499163,3.8998920435189386,3.5070970972723607,3.5912673473358154,1327200,0.0,0.0
2023-08-18 00:00:00-04:00,3.572562719456712,3.6847899384998404,3.4416312240441527,3.6754376888275146,847700,0.0,0.0
2023-08-21 00:00:00-04:00,3.694142320026721,3.8344260701187363,3.5959435834746962,3.8063695430755615,1298000,0.0,0.0
2023-08-22 00:00:00-04:00,3.8344261634762025,4.002767113635705,3.7876651352822597,3.9934146404266357,1614400,0.0,0.0
2023-08-23 00:00:00-04:00,4.012118919377228,4.264629884724381,3.9466529483796537,4.199163913726807,1076600,0.0,0.0
2023-08-24 00:00:00-04:00,4.143050461137183,4.2926869042184075,3.8718349933624268,3.8718349933624268,522800,0.0,0.0
2023-08-25 00:00:00-04:00,4.068232333877006,4.068232333877006,3.712846628958488,3.740903377532959,715400,0.0,0.0
2023-08-28 00:00:00-04:00,3.7502556529725504,3.815721173231157,3.7221986828971403,3.731550931930542,310200,0.0,0.0
2023-08-29 00:00:00-04:00,3.722199003748605,3.834426001823329,3.62025941360483,3.768960475921631,420900,0.0,0.0
2023-08-30 00:00:00-04:00,3.7876649173578616,3.815721443469893,3.684789947729381,3.7783124446868896,275700,0.0,0.0
2023-08-31 00:00:00-04:00,3.778312435223097,3.7970169345677482,3.633352453814439,3.6754376888275146,845800,0.0,0.0
2023-09-01 00:00:00-04:00,3.7409031809639437,3.7839235711126324,3.6660851886967305,3.731550931930542,428100,0.0,0.0
2023-09-05 00:00:00-04:00,3.694142558747025,3.694142558747025,3.5351540753934696,3.64738130569458,481200,0.0,0.0
2023-09-06 00:00:00-04:00,3.638028691212725,3.675437689913077,3.52580147213645,3.619323968887329,441600,0.0,0.0
2023-09-07 00:00:00-04:00,3.609971930443546,3.609971930443546,3.450983676664127,3.4696881771087646,528400,0.0,0.0
2023-09-08 00:00:00-04:00,3.497745346179299,3.5164498488613867,3.394870581427817,3.432279586791992,392200,0.0,0.0
2023-09-11 00:00:00-04:00,3.4603362708892162,3.6006200381700424,3.4416317685851063,3.4977452754974365,298400,0.0,0.0
2023-09-12 00:00:00-04:00,3.4696885476389845,3.5538588086284486,3.4322795427547783,3.44163179397583,225200,0.0,0.0
2023-09-13 00:00:00-04:00,3.5351535423886955,3.553858040789545,3.3387560862045667,3.394869804382324,429200,0.0,0.0
2023-09-14 00:00:00-04:00,3.413574740272452,3.5304779817478753,3.3742951994064545,3.5070972442626953,334500,0.0,0.0
2023-09-15 00:00:00-04:00,3.497744971279482,3.5398302092909755,3.4416314692476493,3.4603359699249268,1216600,0.0,0.0
2023-09-18 00:00:00-04:00,3.4696881781097226,3.5070971790097896,3.3013474510841876,3.310699701309204,821600,0.0,0.0
2023-09-19 00:00:00-04:00,3.3294039195066363,3.3808414028711957,3.207824676888386,3.320051670074463,2762300,0.0,0.0
2023-09-20 00:00:00-04:00,3.32005183388385,3.434149371775953,3.170415835586129,3.1797680854797363,2400900,0.0,0.0
2023-09-21 00:00:00-04:00,3.1236545190092,3.133006769369473,2.8056777837846876,2.88049578666687,1520900,0.0,0.0
2023-09-22 00:00:00-04:00,2.8804956767065546,2.9366093997013376,2.7822969401847195,2.8524389266967773,807000,0.0,0.0
2023-09-25 00:00:00-04:00,2.824381663823311,2.894523637598679,2.768268173993091,2.861790657043457,429900,0.0,0.0
2023-09-26 00:00:00-04:00,2.8056773115233598,2.8758192889064835,2.6887740902098862,2.7215070724487305,628000,0.0,0.0
2023-09-27 00:00:00-04:00,2.712154904571535,2.7776206480269954,2.609279941880606,2.646688938140869,788400,0.0,0.0
2023-09-28 00:00:00-04:00,2.6560417537905927,2.77762124054689,2.5718714942498697,2.6279850006103516,596800,0.0,0.0
2023-09-29 00:00:00-04:00,2.6653934388099514,2.768268401598875,2.637336691588028,2.7028026580810547,439000,0.0,0.0
2023-10-02 00:00:00-04:00,2.6653935641583195,2.7589162822714637,2.6139563033200677,2.6186323165893555,389700,0.0,0.0
2023-10-03 00:00:00-04:00,2.618632321224255,2.618632321224255,2.4269110943645544,2.459644079208374,868700,0.0,0.0
2023-10-04 00:00:00-04:00,2.4596439934278114,2.5064052394487337,2.347416780002389,2.4222347736358643,541400,0.0,0.0
2023-10-05 00:00:00-04:00,2.4315874373105943,2.4409396881088945,2.3380649293275897,2.384826183319092,503700,0.0,0.0
2023-10-06 00:00:00-04:00,2.3941784541506395,2.4689966841383306,2.3333887119654055,2.4315874576568604,569100,0.0,0.0
2023-10-09 00:00:00-04:00,2.412882758246305,2.525109982546838,2.366121507694096,2.478348731994629,228000,0.0,0.0
2023-10-10 00:00:00-04:00,2.4783485889324823,2.59992783335009,2.4783485889324823,2.562518835067749,278000,0.0,0.0
2023-10-11 00:00:00-04:00,2.5718710846383344,2.712155051172331,2.543814335926579,2.562518835067749,386800,0.0,0.0
2023-10-12 00:00:00-04:00,2.590575451405423,2.590575451405423,2.338064502927292,2.3754734992980957,410600,0.0,0.0
2023-10-13 00:00:00-04:00,2.422234874495407,2.4315871240890106,2.3380646281529787,2.347416877746582,319200,0.0,0.0
2023-10-16 00:00:00-04:00,2.356768877832145,2.4764777937419704,2.3333881448358156,2.4035301208496094,253500,0.0,0.0
2023-10-17 00:00:00-04:00,2.4035301208496094,2.478348332652747,2.3848256236426235,2.4035301208496094,311800,0.0,0.0
2023-10-18 00:00:00-04:00,2.384825937205801,2.384825937205801,2.2819511890411377,2.2819511890411377,310300,0.0,0.0
2023-10-19 00:00:00-04:00,2.2725988708903184,2.3146838823867495,2.1697239028430038,2.1884284019470215,386500,0.0,0.0
2023-10-20 00:00:00-04:00,2.2166055657224373,2.2541753413551837,2.1743399320254095,2.1884284019470215,320800,0.01,0.0
2023-10-23 00:00:00-04:00,2.1508590685245315,2.235390792361599,2.1038971241329465,2.2072134017944336,501900,0.0,0.0
2023-10-24 00:00:00-04:00,2.244783052247564,2.2682639111279648,2.1837324160805593,2.2166056632995605,576700,0.0,0.0
2023-10-25 00:00:00-04:00,2.197820575720585,2.2306940422215367,2.080415626129978,2.1508586406707764,421600,0.0,0.0
2023-10-26 00:00:00-04:00,2.244782856596488,2.4091497501621886,2.2213017758304527,2.3387067317962646,803400,0.0,0.0
2023-10-27 00:00:00-04:00,2.348099406612475,2.44202329330409,2.272960297259183,2.2823526859283447,384700,0.0,0.0
2023-10-30 00:00:00-04:00,2.3293146131698523,2.390365251063418,2.2353907271276037,2.3011374473571777,345300,0.0,0.0
2023-10-31 00:00:00-04:00,2.301137759172434,2.385669268064885,2.254175809787739,2.348099708557129,283700,0.0,0.0
2023-11-01 00:00:00-04:00,2.3387067050044106,2.4091497225633502,2.296440849682611,2.3762762546539307,252700,0.0,0.0
2023-11-02 00:00:00-04:00,2.432631231224753,2.6768335933402407,2.432631231224753,2.592302083969116,477600,0.0,0.0
2023-11-03 00:00:00-04:00,2.658048233810734,2.9867822575390104,2.658048233810734,2.8834657669067383,434700,0.0,0.0
2023-11-06 00:00:00-05:00,2.8646815730686632,2.8881626595092227,2.700314639781457,2.7707576751708984,398900,0.0,0.0
2023-11-07 00:00:00-05:00,2.7707569733074897,2.808326522949813,2.5951191271906673,2.751972198486328,331400,0.0,0.0
2023-11-08 00:00:00-05:00,2.7707576751708984,2.8083272343300045,2.6580487737613443,2.7707576751708984,278800,0.0,0.0
2023-11-09 00:00:00-05:00,2.8083269148867496,2.8271116923295603,2.540643500428379,2.564124584197998,697200,0.0,0.0
2023-11-10 00:00:00-05:00,2.592301750362214,2.592301750362214,2.517162640590971,2.564124584197998,199400,0.0,0.0
2023-11-13 00:00:00-05:00,2.5265548085491356,2.559428054235578,2.451415481411144,2.545339584350586,167800,0.0,0.0
2023-11-14 00:00:00-05:00,2.7425801917617707,2.930427966047746,2.7425801917617707,2.7848458290100098,781800,0.0,0.0
2023-11-15 00:00:00-05:00,2.7989346375611692,2.804570115804743,2.71440313570422,2.7331879138946533,554200,0.0,0.0
2023-11-16 00:00:00-05:00,2.7237951186394325,2.7331875063340987,2.6016938546765855,2.620478630065918,537700,0.0,0.0
2023-11-17 00:00:00-05:00,2.6768328752695023,2.7989341355392323,2.6345672438879784,2.751972198486328,761400,0.0,0.0
2023-11-20 00:00:00-05:00,2.6768332308597187,2.770757341374574,2.648656064884925,2.7425801753997803,632000,0.0,0.0
2023-11-21 00:00:00-05:00,2.7050107466090036,2.7519726920850864,2.658048577200701,2.7331879138946533,835700,0.0,0.0
2023-11-22 00:00:00-05:00,2.7519727987967277,2.8177195250126656,2.733188019877888,2.803630828857422,314500,0.0,0.0
2023-11-24 00:00:00-05:00,2.7989348994844914,2.8646816293035626,2.751972949613726,2.8365044593811035,349300,0.0,0.0
2023-11-27 00:00:00-05:00,2.8458962959772536,2.9679975658311717,2.8177191315337793,2.9492127895355225,495500,0.0,0.0
2023-11-28 00:00:00-05:00,2.939820606791437,3.0149597172239657,2.892858438838894,2.9867825508117676,350100,0.0,0.0
2023-11-29 00:00:00-05:00,3.0243517385620184,3.1934149404258343,3.0243517385620184,3.1746301651000977,480000,0.0,0.0
2023-11-30 00:00:00-05:00,3.1934152921397025,3.2309848469289824,3.137060736023573,3.184022903442383,669900,0.0,0.0
2023-12-01 00:00:00-05:00,3.1934155771296933,3.540934213876345,3.1464534055198383,3.5315418243408203,583500,0.0,0.0
2023-12-04 00:00:00-05:00,3.4751874718162568,3.747566991078626,3.465795082322114,3.6912126541137695,714600,0.0,0.0
2023-12-05 00:00:00-05:00,3.644250125368846,3.7193892293369646,3.5738071034326384,3.6818196773529053,423900,0.0,0.0
2023-12-06 00:00:00-05:00,3.709997019254672,3.7663515738654496,3.6724274654689566,3.7569589614868164,453000,0.0,0.0
2023-12-07 00:00:00-05:00,3.7851367955637083,3.8414911328646877,3.7428707066896276,3.7945289611816406,483400,0.0,0.0
2023-12-08 00:00:00-05:00,3.7945286901040087,3.8414908584321217,3.6254654663465606,3.8320982456207275,594600,0.0,0.0
2023-12-11 00:00:00-05:00,3.822705921917999,3.949503054554972,3.756019806892726,3.8978450298309326,478600,0.0,0.0
2023-12-12 00:00:00-05:00,3.860275652721111,3.860275652721111,3.756959150675494,3.8133134841918945,377800,0.0,0.0
2023-12-13 00:00:00-05:00,3.8039223520520435,4.137352585122603,3.7757449537108534,4.066909313201904,631000,0.0,0.0
2023-12-14 00:00:00-05:00,4.21718569488501,4.569400553726315,4.189008756981743,4.508350372314453,1109100,0.0,0.0
2023-12-15 00:00:00-05:00,4.480173239779382,4.50835062713967,4.132654666900635,4.132654666900635,2331800,0.0,0.0
2023-12-18 00:00:00-05:00,4.14204740524292,4.189009574735176,3.926022231734534,4.14204740524292,579800,0.0,0.0
2023-12-19 00:00:00-05:00,4.179617074380321,4.376857474982619,4.151440130216822,4.311110973358154,319100,0.0,0.0
2023-12-20 00:00:00-05:00,4.320502236673386,4.433210885522798,4.198400976487676,4.235970973968506,424200,0.0,0.0
2023-12-21 00:00:00-05:00,4.282932953110963,4.423818996856692,4.254756013080449,4.339287281036377,287400,0.0,0.0
2023-12-22 00:00:00-05:00,4.386249766382305,4.527135820453818,4.245363712310791,4.245363712310791,418500,0.0,0.0
2023-12-26 00:00:00-05:00,4.273540789055587,4.34867989295614,4.20779384921041,4.339287281036377,357200,0.0,0.0
2023-12-27 00:00:00-05:00,4.329896423375005,4.489567291270943,4.189010337121854,4.45199728012085,774700,0.0,0.0
2023-12-28 00:00:00-05:00,4.414426147579312,4.583489570129634,4.414426147579312,4.51774263381958,585800,0.0,0.0
2023-12-29 00:00:00-05:00,4.470781584723198,4.489566362479833,4.320502914805697,4.414426803588867,429400,0.0,0.0
2024-01-02 00:00:00-05:00,4.339288590264137,4.4989594581600745,4.329896423375005,4.45199728012085,382200,0.0,0.0
2024-01-03 00:00:00-05:00,4.320502476343211,4.48956590686009,4.297021394564268,4.376856803894043,306500,0.0,0.0
2024-01-04 00:00:00-05:00,4.36746492464579,4.489566199565395,4.320502758026123,4.320502758026123,384500,0.0,0.0
2024-01-05 00:00:00-05:00,4.292325972102961,4.475477443264035,4.226579026022526,4.414426803588867,516300,0.0,0.0
2024-01-08 00:00:00-05:00,4.405034220881554,4.456692242847087,4.339287281036377,4.339287281036377,484600,0.0,0.0
2024-01-09 00:00:00-05:00,4.2735403442438376,4.348679440323532,4.165527557731022,4.301717281341553,339000,0.0,0.0
2024-01-10 00:00:00-05:00,4.292325143612345,4.343983160506119,4.2453629843530285,4.264147758483887,284200,0.0,0.0
2024-01-11 00:00:00-05:00,4.245363747439496,4.245363747439496,3.9166299171287693,4.048123359680176,408600,0.0,0.0
2024-01-12 00:00:00-05:00,4.0199456214904785,4.113869490432335,3.9541986892990115,4.0199456214904785,450400,0.0,0.0
2024-01-16 00:00:00-05:00,3.982376467687602,3.982376467687602,3.7945286901040087,3.8320982456207275,491900,0.0,0.0
2024-01-17 00:00:00-05:00,3.7475661105080262,3.761654803404916,3.5972876899806336,3.738173723220825,646700,0.0,0.0
2024-01-18 00:00:00-05:00,3.7851362151731913,3.7851362151731913,3.5878956169990146,3.606680393218994,254100,0.0,0.0
2024-01-19 00:00:00-05:00,3.6066806653593884,3.7196838339265996,3.5125115453174565,3.700850009918213,288300,0.01,0.0
2024-01-22 00:00:00-05:00,3.65376537924543,3.8891883993148455,3.644348242906441,3.804435968399048,359600,0.0,0.0
2024-01-23 00:00:00-05:00,3.8326874184321076,3.973940889307496,3.7997278860651953,3.8986055850982666,342600,0.0,0.0
2024-01-24 00:00:00-05:00,3.9551070427870667,4.011608969685418,3.6867249106721376,3.7102673053741455,257200,0.0,0.0
2024-01-25 00:00:00-05:00,3.776185940275186,3.922147979922109,3.7620602339605806,3.8986055850982666,246700,0.0,0.0
2024-01-26 00:00:00-05:00,3.936273105518177,3.9880664622046935,3.8515211156350175,3.889188766479492,186300,0.0,0.0
2024-01-29 00:00:00-05:00,3.8986045641420377,4.0492755821370015,3.8797707430218815,4.030441761016846,266900,0.0,0.0
2024-01-30 00:00:00-05:00,3.992774303917266,4.04927622528568,3.9174390074710965,3.9645237922668457,224500,0.0,0.0
2024-01-31 00:00:00-05:00,3.945689956977086,4.002191429151643,3.747934579849243,3.747934579849243,289000,0.0,0.0
2024-02-01 00:00:00-05:00,3.729100862410526,4.021025368175769,3.6989666532490983,4.002191543579102,600700,0.0,0.0
2024-02-02 00:00:00-05:00,3.945689923924786,3.945689923924786,3.771476940587471,3.823269844055176,347400,0.0,0.0
2024-02-05 00:00:00-05:00,3.738517943119683,3.738517943119683,3.5501794641519355,3.6725995540618896,364800,0.0,0.0
2024-02-06 00:00:00-05:00,3.644348382949829,3.7102669927545153,3.5407623489261595,3.644348382949829,710800,0.0,0.0
2024-02-07 00:00:00-05:00,3.6537656498370414,3.6631825623565426,3.5313455625666177,3.559596300125122,605400,0.0,0.0
2024-02-08 00:00:00-05:00,3.550179288928665,3.766768495374023,3.517219983768059,3.7620599269866943,245900,0.0,0.0
2024-02-09 00:00:00-05:00,3.7667683411110024,3.813853124988401,3.682016134262085,3.682016134262085,333700,0.0,0.0
2024-02-12 00:00:00-05:00,3.7102670491362852,3.9315648255977984,3.682016312155073,3.8797714710235596,300700,0.0,0.0
2024-02-13 00:00:00-05:00,3.7008498240930496,3.8185611059765607,3.5313451920117584,3.7196836471557617,365300,0.0,0.0
2024-02-14 00:00:00-05:00,3.7573513343203366,3.813853028642486,3.6537653063440154,3.6914329528808594,188700,0.0,0.0
2024-02-15 00:00:00-05:00,3.795019484596822,3.88918860786753,3.691433224482144,3.8797714710235596,295700,0.0,0.0
2024-02-16 00:00:00-05:00,3.8044359413104925,3.9080221951329315,3.71968373551504,3.8326869010925293,498500,0.0,0.0
2024-02-20 00:00:00-05:00,3.7761855088210208,4.011608532093141,3.729100724553084,3.823269844055176,461400,0.0,0.0
2024-02-21 00:00:00-05:00,3.6066805699375504,3.964523665663233,3.6066805699375504,3.8326869010925293,404400,0.0,0.0
2024-02-22 00:00:00-05:00,3.776185273819711,3.776185273819711,3.5030943952249816,3.6537652015686035,846900,0.0,0.0
2024-02-23 00:00:00-05:00,3.6349313206163645,3.7903107020088984,3.5125114672815982,3.7573513984680176,604500,0.0,0.0
2024-02-26 00:00:00-05:00,3.7573514692139067,3.790310773375367,3.4418845813668604,3.4842607975006104,369800,0.0,0.0
2024-02-27 00:00:00-05:00,3.5407619583836976,3.582196322519618,3.418342113494873,3.418342113494873,575600,0.0,0.0
2024-02-28 00:00:00-05:00,3.3806742443968245,3.503094313802521,3.361840422106236,3.418342113494873,461000,0.0,0.0
2024-02-29 00:00:00-05:00,3.503094368988904,3.630222783711543,3.4465929012270364,3.606680393218994,498500,0.0,0.0
2024-03-01 00:00:00-05:00,3.5878469098460095,3.6773076878521724,3.5030947001902795,3.644348382949829,305900,0.0,0.0
2024-03-04 00:00:00-05:00,3.6349314427149277,3.672599315677019,3.493677761045439,3.5030946731567383,430700,0.0,0.0
2024-03-05 00:00:00-05:00,3.474843895436788,3.606680663424777,3.4607184151796293,3.5313453674316406,359800,0.0,0.0
2024-03-06 00:00:00-05:00,3.5878470376836264,3.6255146877616324,3.474844087449609,3.559596300125122,347400,0.0,0.0
2024-03-07 00:00:00-05:00,3.569012916702547,3.7102668172992193,3.569012916702547,3.663182258605957,322900,0.0,0.0
2024-03-08 00:00:00-05:00,3.6914330265338346,3.82326979204325,3.673540826716776,3.804435968399048,285800,0.0,0.0
2024-03-11 00:00:00-04:00,3.776185851058882,3.8232701905603177,3.740401223177881,3.8138535022735596,157900,0.0,0.0
2024-03-12 00:00:00-04:00,3.7950191639234916,3.7950191639234916,3.682016001030337,3.7196836471557617,246600,0.0,0.0
2024-03-13 00:00:00-04:00,3.7385177293064253,3.8515209000309616,3.644348382949829,3.644348382949829,325300,0.0,0.0
2024-03-14 00:00:00-04:00,3.597263813018799,3.601972381357437,3.4983861230763553,3.597263813018799,218800,0.0,0.0
2024-03-15 00:00:00-04:00,3.5690127747741824,3.7102666697536333,3.5690127747741824,3.6537652015686035,791100,0.0,0.0
2024-03-18 00:00:00-04:00,3.6631824132386477,3.71968388605564,3.5501792430877686,3.5501792430877686,205600,0.0,0.0
2024-03-19 00:00:00-04:00,3.5125116123742495,3.6773076878521724,3.4936777880063095,3.644348382949829,242600,0.0,0.0
2024-03-20 00:00:00-04:00,3.6537654289514108,3.851520804422694,3.587846820783056,3.823269844055176,331400,0.0,0.0
2024-03-21 00:00:00-04:00,3.860937146819722,3.953223010394693,3.7573511246244835,3.908021926879883,310600,0.0,0.0
2024-03-22 00:00:00-04:00,3.9174388823710955,3.964523665663233,3.8326869010925293,3.8326869010925293,211900,0.0,0.0
2024-03-25 00:00:00-04:00,3.8421037197113037,3.9456899770758715,3.8138532079970133,3.8421037197113037,186100,0.0,0.0
2024-03-26 00:00:00-04:00,3.832687133905105,3.926856257175813,3.813853309250964,3.8797714710235596,243300,0.0,0.0
2024-03-27 00:00:00-04:00,3.908022720144183,4.105778118083964,3.8938974628724363,4.068110466003418,552200,0.0,0.0
2024-03-28 00:00:00-04:00,4.086944564484849,4.199947528259414,4.0116092553018055,4.039859771728516,365200,0.0,0.0
2024-04-01 00:00:00-04:00,4.039858988468463,4.068109948451654,3.7761854574496323,3.804435968399048,321200,0.0,0.0
2024-04-02 00:00:00-04:00,3.7291005994177038,3.776185382105642,3.5859634527709425,3.6914329528808594,442400,0.0,0.0
2024-04-03 00:00:00-04:00,3.7008501121729362,3.8232699716099168,3.663182463115404,3.7385177612304688,156200,0.0,0.0
2024-04-04 00:00:00-04:00,3.8044364620591047,3.8373955454547537,3.616097976661572,3.634931802749634,204500,0.0,0.0
2024-04-05 00:00:00-04:00,3.5972635217398334,3.639639735288691,3.5501789647504793,3.578429698944092,227800,0.0,0.0
2024-04-08 00:00:00-04:00,3.6255145895409733,3.8044361470811507,3.6160976772765903,3.7385177612304688,219900,0.0,0.0
2024-04-09 00:00:00-04:00,3.7385180260202198,4.002191812615191,3.7196842001575012,3.973940849304199,344900,0.0,0.0
2024-04-10 00:00:00-04:00,3.7856020402108754,3.8797711558312926,3.663182189904333,3.766768217086792,436200,0.0,0.0
2024-04-11 00:00:00-04:00,3.7761854574496323,3.8986050866200586,3.7338090174748455,3.804435968399048,322700,0.0,0.0
2024-04-12 00:00:00-04:00,3.8138531784854237,3.823269865972725,3.6160975773635817,3.700850009918213,267500,0.0,0.0
2024-04-15 00:00:00-04:00,3.682015935661118,3.7667681379386626,3.6019720768072214,3.6537652015686035,361900,0.0,0.0
2024-04-16 00:00:00-04:00,3.6537655537064775,3.6725993782499624,3.539820758056564,3.5690131187438965,356700,0.0,0.0
2024-04-17 00:00:00-04:00,3.5595957402293408,3.5972633843825292,3.3806742059848265,3.4465928077697754,374000,0.0,0.0
2024-04-18 00:00:00-04:00,3.437176255456303,3.4842608155618224,3.3354734709182456,3.4089252948760986,434500,0.0,0.0
2024-04-19 00:00:00-04:00,3.4278115252285906,3.5175198903654854,3.407981072559494,3.4561405181884766,327300,0.01,0.0
2024-04-22 00:00:00-04:00,3.4939124132335464,3.550570397603567,3.4372544288635254,3.4372544288635254,332100,0.0,0.0
2024-04-23 00:00:00-04:00,3.446697783592913,3.654443747820932,3.446697783592913,3.6072287559509277,399800,0.0,0.0
2024-04-24 00:00:00-04:00,3.5883426784534023,3.6261146710994114,3.4844696986768766,3.493912696838379,291800,0.0,0.0
2024-04-25 00:00:00-04:00,3.4183682991456106,3.569456486591708,3.3522673156361775,3.5033555030822754,401800,0.0,0.0
2024-04-26 00:00:00-04:00,3.560013345908113,3.5751221865595397,3.418368161797446,3.42781138420105,432000,0.0,0.0
2024-04-29 00:00:00-04:00,3.418368302436472,3.5316844994148404,3.418368302436472,3.4561405181884766,344200,0.0,0.0
2024-04-30 00:00:00-04:00,3.44669731877819,3.44669731877819,3.3144951342318607,3.3239381313323975,408800,0.0,0.0
2024-05-01 00:00:00-04:00,3.493912465469548,4.0038345575621825,3.475026470397185,3.82441782951355,1525200,0.0,0.0
2024-05-02 00:00:00-04:00,3.8905188653500242,4.065214444831772,3.843304099431474,4.022721290588379,565900,0.0,0.0
2024-05-03 00:00:00-04:00,4.06049377314355,4.306011756252258,4.06049377314355,4.126594543457031,509800,0.0,0.0
2024-05-06 00:00:00-04:00,4.060493128275707,4.1360371110808565,3.909404712387752,3.994391918182373,420100,0.0,0.0
2024-05-07 00:00:00-04:00,3.9943917794831467,4.032163769574146,3.9094045766395777,3.9188477993011475,416400,0.0,0.0
2024-05-08 00:00:00-04:00,3.890518827770454,3.890518827770454,3.706380251855873,3.729987859725952,417100,0.0,0.0
2024-05-09 00:00:00-04:00,3.7299875366313473,3.8621897240024263,3.692215547422129,3.8055317401885986,258500,0.0,0.0
2024-05-10 00:00:00-04:00,3.7960886517842227,3.852746637598597,3.7299876683341195,3.7394306659698486,257900,0.0,0.0
2024-05-13 00:00:00-04:00,3.758316713789832,3.904683516898356,3.758316713789832,3.843303918838501,283200,0.0,0.0
2024-05-14 00:00:00-04:00,3.8810762698714307,4.069936242743014,3.8810762698714307,4.060493469238281,295000,0.0,0.0
2024-05-15 00:00:00-04:00,4.126594045775793,4.1624775740627085,3.984948847464797,4.022721290588379,386300,0.0,0.0
2024-05-16 00:00:00-04:00,4.051049764619646,4.069935759665146,3.8952401929248626,3.9188477993011475,325100,0.0,0.0
2024-05-17 00:00:00-04:00,3.9094044394364174,3.9736171805596396,3.8055316954704717,3.848024845123291,359300,0.0,0.0
2024-05-20 00:00:00-04:00,3.7866456373161244,3.8669107743825486,3.7488734240480754,3.833860397338867,398500,0.0,0.0
2024-05-21 00:00:00-04:00,3.833860780804687,3.8433040039203243,3.711101807106204,3.814974784851074,445500,0.0,0.0
2024-05-22 00:00:00-04:00,3.786646031492007,3.786646031492007,3.645000610984972,3.6733298301696777,547700,0.0,0.0
2024-05-23 00:00:00-04:00,3.7016583603701725,3.7252657398808044,3.550570185919152,3.630835771560669,539100,0.0,0.0
2024-05-24 00:00:00-04:00,3.6733296135089315,3.6733296135089315,3.5552920327104784,3.583621025085449,361600,0.0,0.0
2024-05-28 00:00:00-04:00,3.6072290151060775,3.635558012263328,3.432533420066938,3.512799024581909,608200,0.0,0.0
2024-05-29 00:00:00-04:00,3.437254239279173,3.6166711798883626,3.427811242405005,3.5411272048950195,487700,0.0,0.0
2024-05-30 00:00:00-04:00,3.5694564768169084,3.682772673375876,3.5175198773465977,3.645000457763672,365300,0.0,0.0
2024-05-31 00:00:00-04:00,3.6922157264187185,3.6922157264187185,3.5033555460779744,3.56001353263855,3564200,0.0,0.0
2024-06-03 00:00:00-04:00,3.560013718278417,3.626114706045979,3.4655837357533277,3.597785711288452,531100,0.0,0.0
2024-06-04 00:00:00-04:00,3.5788996198925824,3.729987813065614,3.569456621890445,3.7205448150634766,514800,0.0,0.0
2024-06-05 00:00:00-04:00,3.7394306161613713,3.796088601221072,3.62611442090315,3.777202606201172,514600,0.0,0.0
2024-06-06 00:00:00-04:00,3.7394306659698486,3.805531874558774,3.6780510687681987,3.7394306659698486,334500,0.0,0.0
2024-06-07 00:00:00-04:00,3.6922158262002607,3.7488738142920095,3.654443609000263,3.6733298301696777,312500,0.0,0.0
2024-06-10 00:00:00-04:00,3.645000749446931,3.6497223612033514,3.4939127754629173,3.6072287559509277,263600,0.0,0.0
2024-06-11 00:00:00-04:00,3.5600136311337707,3.5798438594369695,3.4939126449842774,3.531684637069702,408000,0.0,0.0
2024-06-12 00:00:00-04:00,3.663887351557672,3.729988347035381,3.5930647438335526,3.6355581283569336,382100,0.0,0.0
2024-06-13 00:00:00-04:00,3.6355579395923883,3.7535955379575805,3.6355579395923883,3.692216157913208,447100,0.0,0.0
2024-06-14 00:00:00-04:00,3.6544435102395094,3.739430715219198,3.56001353263855,3.56001353263855,600100,0.0,0.0
2024-06-17 00:00:00-04:00,3.5222415495392667,3.5552921543435296,3.366431973576989,3.465583562850952,437900,0.0,0.0
2024-06-18 00:00:00-04:00,3.4466974628284164,3.493912450304391,3.3617102602328433,3.399482250213623,446700,0.0,0.0
2024-06-20 00:00:00-04:00,3.3994822528321675,3.4315886244516163,3.3050522778074813,3.352267265319824,400000,0.0,0.0
2024-06-21 00:00:00-04:00,3.3805959160035157,3.4278111238805855,3.2389509677886963,3.2389509677886963,1746200,0.0,0.0
2024-06-24 00:00:00-04:00,3.267280424535285,3.3994823951025785,3.2483944287399575,3.380596399307251,477400,0.0,0.0
2024-06-25 00:00:00-04:00,3.333381080599988,3.3617100714950876,3.2814444847229027,3.314495086669922,898600,0.0,0.0
2024-06-26 00:00:00-04:00,3.27672332811417,3.451418896761844,3.257837332862466,3.4089252948760986,976800,0.0,0.0
2024-06-27 00:00:00-04:00,3.4278110323525124,3.5411269878986493,3.276722866485539,3.3617098331451416,765400,0.0,0.0
2024-06-28 00:00:00-04:00,3.4089253970131397,3.5222415970573273,3.3758750169018246,3.4750266075134277,9209400,0.0,0.0
2024-07-01 00:00:00-04:00,3.465583460488267,3.5411274405080158,3.2814446714819003,3.352267265319824,718200,0.0,0.0
2024-07-02 00:00:00-04:00,3.3522672251674206,3.484469413757324,3.305052238220604,3.484469413757324,503500,0.0,0.0
2024-07-03 00:00:00-04:00,3.493912405774064,3.493912405774064,3.286166238388707,3.29560923576355,540200,0.0,0.0
2024-07-05 00:00:00-04:00,3.2861660475933903,3.2861660475933903,3.1728498605356164,3.2578370571136475,761300,0.0,0.0
2024-07-08 00:00:00-04:00,3.2389511574275636,3.342824125533472,3.2295081603270264,3.3239381313323975,635500,0.0,0.0
2024-07-09 00:00:00-04:00,3.3144952305132356,3.4136468155184927,3.286166238388707,3.29560923576355,669000,0.0,0.0
2024-07-10 00:00:00-04:00,3.3333810317262946,3.3333810317262946,3.2200650698073243,3.2578370571136475,412600,0.0,0.0
2024-07-11 00:00:00-04:00,3.380596352801766,3.9660626646805595,3.371153355034006,3.843303918838501,969200,0.0,0.0
2024-07-12 00:00:00-04:00,3.8527464400162987,3.9094044229250535,3.7677594656531666,3.796088457107544,460400,0.0,0.0
2024-07-15 00:00:00-04:00,3.8149747338813143,4.003834690894189,3.7866459654682108,3.994391918182373,634400,0.0,0.0
2024-07-16 00:00:00-04:00,4.0416076695627945,4.3343408669655865,4.022721671352218,4.296568870544434,1192000,0.0,0.0
2024-07-17 00:00:00-04:00,4.268239746724765,4.5940233359551925,4.263518134493579,4.419327735900879,1147600,0.0,0.0
2024-07-18 00:00:00-04:00,4.400441737253865,4.669567780820976,4.367391352191021,4.419327735900879,733000,0.0,0.0
2024-07-19 00:00:00-04:00,4.428770252699001,4.551529449428013,4.326785516078878,4.4665422439575195,454800,0.0,0.0
2024-07-22 00:00:00-04:00,4.485468117147442,4.797747937138507,4.201577987016893,4.646339416503906,702600,0.01,0.0
2024-07-23 00:00:00-04:00,4.6084872172045,4.840330927132221,4.494931169635611,4.816673755645752,1248400,0.0,0.0
2024-07-24 00:00:00-04:00,4.7977479539320464,4.897109612633444,4.688923065244019,4.77882194519043,924100,0.0,0.0
2024-07-25 00:00:00-04:00,4.816674497311504,5.015397836772052,4.72677560738656,4.788285255432129,737800,0.0,0.0
2024-07-26 00:00:00-04:00,4.845062392162466,4.958618436221365,4.759895584734095,4.863988399505615,556400,0.0,0.0
2024-07-29 00:00:00-04:00,4.8829145464933426,4.90184055437775,4.627413214438031,4.75043249130249,554800,0.0,0.0
2024-07-30 00:00:00-04:00,4.807209986974272,4.9302292503273835,4.750431969557045,4.873451232910156,427700,0.0,0.0
2024-07-31 00:00:00-04:00,4.911303643479294,5.157341738940243,4.5706350600709875,4.863988399505615,781400,0.0,0.0
2024-08-01 00:00:00-04:00,4.82613644184521,4.946317018564301,4.570635114077865,4.608487129211426,566600,0.0,0.0
2024-08-02 00:00:00-04:00,4.324597518241576,4.722043723328472,4.305671508475533,4.684191703796387,637100,0.0,0.0
2024-08-05 00:00:00-04:00,4.627413484170631,4.807210795168724,4.381375367331737,4.390838146209717,781500,0.0,0.0
2024-08-06 00:00:00-04:00,4.381375843290675,4.655803229038482,4.352986601109452,4.523321151733398,379400,0.0,0.0
2024-08-07 00:00:00-04:00,4.608488030205777,4.68892369089828,4.46654272008773,4.5327839851379395,373100,0.0,0.0
2024-08-08 00:00:00-04:00,4.5611724853515625,4.594292886870675,4.428689976811856,4.5611724853515625,332700,0.0,0.0
2024-08-09 00:00:00-04:00,4.551709326841468,4.556440941770107,4.409764037603792,4.50439453125,248500,0.0,0.0
2024-08-12 00:00:00-04:00,4.504394176815863,4.589560982671698,4.371911676628384,4.45707893371582,564100,0.0,0.0
2024-08-13 00:00:00-04:00,4.485467854411544,4.674728381310965,4.433421446410801,4.608487129211426,334400,0.0,0.0
2024-08-14 00:00:00-04:00,4.608487046953407,4.655802290641624,4.447615759891396,4.466541767120361,393200,0.0,0.0
2024-08-15 00:00:00-04:00,4.599024564299753,4.599024564299753,4.423958873381364,4.438153266906738,349100,0.0,0.0
2024-08-16 00:00:00-04:00,4.40976335546562,4.5138566116354735,4.40976335546562,4.476004600524902,202000,0.0,0.0
2024-08-19 00:00:00-04:00,4.476005820067878,4.740970421266314,4.476005820067878,4.513857841491699,430600,0.0,0.0
2024-08-20 00:00:00-04:00,4.513856902828085,4.646338950261609,4.509125288326132,4.5800981521606445,293200,0.0,0.0
2024-08-21 00:00:00-04:00,4.561172828151755,4.660534491408361,4.494931568903463,4.5422468185424805,308100,0.0,0.0
2024-08-22 00:00:00-04:00,4.54224721638727,4.580099238921188,4.480737566961727,4.5327839851379395,183400,0.0,0.0
2024-08-23 00:00:00-04:00,4.580098627787635,4.814781045937352,4.504394592821168,4.77882194519043,483500,0.0,0.0
2024-08-26 00:00:00-04:00,4.958618090407704,4.966188853802266,4.755163638465643,4.882914066314697,380300,0.0,0.0
2024-08-27 00:00:00-04:00,4.835599953975673,4.868720356346143,4.769358698003094,4.845062732696533,244600,0.0,0.0
2024-08-28 00:00:00-04:00,4.863988412258408,4.897109263619465,4.7807140699765345,4.797747611999512,252500,0.0,0.0
2024-08-29 00:00:00-04:00,4.826137302043708,4.826137302043708,4.622682797245504,4.655803203582764,327200,0.0,0.0
2024-08-30 00:00:00-04:00,4.684191703796387,4.693654934295241,4.570635645200131,4.684191703796387,388000,0.0,0.0
2024-09-03 00:00:00-04:00,4.674727962039107,4.717311588052983,4.523319915084504,4.551708698272705,384000,0.0,0.0
2024-09-04 00:00:00-04:00,4.542245985128734,4.636876015812336,4.4665415093502725,4.494930744171143,329500,0.0,0.0
2024-09-05 00:00:00-04:00,4.513857355776317,4.717312287460274,4.4712737234488245,4.646339416503906,509400,0.0,0.0
2024-09-06 00:00:00-04:00,4.6368765906304015,4.665265377738955,4.428690046086707,4.50439453125,240300,0.0,0.0
2024-09-09 00:00:00-04:00,4.504393834473613,4.617949867805327,4.362448567193189,4.476004600524902,222200,0.0,0.0
2024-09-10 00:00:00-04:00,4.485468375637105,4.703117713562429,4.461811201853302,4.684191703796387,296900,0.0,0.0
2024-09-11 00:00:00-04:00,4.61795016571308,4.627412943485392,4.480736503777603,4.5800981521606445,339000,0.0,0.0
2024-09-12 00:00:00-04:00,4.636876518099036,4.674728534472773,4.513857239268577,4.5611724853515625,182500,0.0,0.0
2024-09-13 00:00:00-04:00,4.655802645962934,4.892377979995753,4.627413407337074,4.845062732696533,555900,0.0,0.0
2024-09-16 00:00:00-04:00,4.8639884682357994,4.901840483456964,4.755164037282855,4.807210445404053,267300,0.0,0.0
2024-09-17 00:00:00-04:00,4.863988412258408,4.901840427043951,4.797747611999512,4.797747611999512,287700,0.0,0.0
2024-09-18 00:00:00-04:00,4.769359244589776,4.8829153096438915,4.717312827581229,4.788285255432129,264400,0.0,0.0
2024-09-19 00:00:00-04:00,4.920766848774731,4.920766848774731,4.78355317081558,4.854526042938232,338500,0.0,0.0
2024-09-20 00:00:00-04:00,4.788284845714944,4.807210854937863,4.570635514035553,4.6652655601501465,1851000,0.0,0.0
2024-09-23 00:00:00-04:00,4.655802112768111,4.788284158309434,4.603755256453185,4.636876106262207,315600,0.0,0.0
2024-09-24 00:00:00-04:00,4.636876771931595,4.75516444238275,4.594293138372115,4.6652655601501465,287900,0.0,0.0
2024-09-25 00:00:00-04:00,4.646339006582072,4.674728242706315,4.556440586113235,4.5895609855651855,222900,0.0,0.0
2024-09-26 00:00:00-04:00,4.627413560980854,4.702171365407551,4.599024772644043,4.599024772644043,378600,0.0,0.0
2024-09-27 00:00:00-04:00,4.684192019988009,4.693655251125649,4.494931909552175,4.523321151733398,382900,0.0,0.0
2024-09-30 00:00:00-04:00,4.523320539732914,4.6368765906304015,4.480736907838448,4.50439453125,422600,0.0,0.0
2024-10-01 00:00:00-04:00,4.513857430244988,4.513857430244988,4.376643752276923,4.390838146209717,342100,0.0,0.0
2024-10-02 00:00:00-04:00,4.371912137222109,4.428690164184931,4.3056713313813075,4.390838146209717,271600,0.0,0.0
2024-10-03 00:00:00-04:00,4.3908378188382,4.400301048242269,4.277281773379053,4.343523025512695,238400,0.0,0.0
2024-10-04 00:00:00-04:00,4.4476159802939375,4.457079209993175,4.310402308276382,4.3624491691589355,266600,0.0,0.0
2024-10-07 00:00:00-04:00,4.362448414817739,4.376642805680518,4.187382756738304,4.324596405029297,297800,0.0,0.0
2024-10-08 00:00:00-04:00,4.343523222727079,4.343523222727079,4.201577933842421,4.239429950714111,190500,0.0,0.0
2024-10-09 00:00:00-04:00,4.267819179573049,4.267819179573049,4.158994292883173,4.17318868637085,315800,0.0,0.0
2024-10-10 00:00:00-04:00,4.059633306669698,4.211041398835673,4.059633306669698,4.1353373527526855,212100,0.0,0.0
2024-10-11 00:00:00-04:00,4.163726674875248,4.244162338176843,4.135337431438095,4.144800662994385,277700,0.0,0.0
2024-10-14 00:00:00-04:00,4.144799370151674,4.187382996408891,4.073826509312452,4.16372537612915,233900,0.0,0.0
2024-10-15 00:00:00-04:00,4.182651845898028,4.329328295679732,4.182651845898028,4.229966640472412,179900,0.0,0.0
2024-10-16 00:00:00-04:00,4.258355888571348,4.343523150736895,4.244161495287632,4.296207904815674,292400,0.0,0.0
2024-10-17 00:00:00-04:00,4.305671431892956,4.305671431892956,4.054901242913618,4.069096088409424,237700,0.0,0.0
2024-10-18 00:00:00-04:00,4.069096486260676,4.168458158288001,3.9744659786295475,4.059633255004883,368500,0.0,0.0
2024-10-21 00:00:00-04:00,4.021781233267918,4.08802249837692,3.8419839004563716,3.889299154281616,509000,0.0,0.0
2024-10-22 00:00:00-04:00,3.8987616663305475,3.983928936869428,3.846715251685493,3.8514468669891357,275200,0.0,0.0
2024-10-23 00:00:00-04:00,3.823057072668616,3.8798350943936026,3.7946682874219255,3.8419830799102783,274500,0.0,0.0
2024-10-24 00:00:00-04:00,3.8419836363818507,3.8798356563476486,3.804131616416053,3.8514468669891357,233400,0.0,0.0
2024-10-25 00:00:00-04:00,3.908224618668732,3.908224618668732,3.681112289428711,3.681112289428711,326000,0.0,0.0
2024-10-28 00:00:00-04:00,3.690599427693438,3.8091917248948213,3.690599427693438,3.747523784637451,302000,0.01,0.0
2024-10-29 00:00:00-04:00,3.7475235496406434,3.7475235496406434,3.652649401152629,3.728548765182495,274100,0.0,0.0
2024-10-30 00:00:00-04:00,3.614700118353825,3.6716244762340526,3.3016159238152816,3.4629018306732178,700300,0.0,0.0
2024-10-31 00:00:00-04:00,3.472389493488132,3.5103390683572955,3.3063597641395766,3.35379695892334,330500,0.0,0.0
2024-11-01 00:00:00-04:00,3.377515111184524,3.4012337070389465,2.9885317677925145,3.254179000854492,1013200,0.0,0.0
2024-11-04 00:00:00-05:00,3.2541789637167646,3.4059772516213562,3.1877669865612144,3.3964898586273193,576900,0.0,0.0
2024-11-05 00:00:00-05:00,3.3964898560369305,3.477132809523387,3.339565498116123,3.4534144401550293,877900,0.0,0.0
2024-11-06 00:00:00-05:00,3.538801431655884,3.6877537242616985,3.439183679398219,3.538801431655884,700600,0.0,0.0
2024-11-07 00:00:00-05:00,3.5672633770176057,3.7095745068342474,3.529313802719116,3.529313802719116,572200,0.0,0.0
2024-11-08 00:00:00-05:00,3.548288583755493,3.6099567549829517,3.515082593202868,3.548288583755493,386600,0.0,0.0
2024-11-11 00:00:00-05:00,3.605212717747406,3.7285490524242877,3.4818766092678146,3.491364002227783,364900,0.0,0.0
2024-11-12 00:00:00-05:00,3.4913640147649807,3.4913640147649807,3.3395655006630975,3.3964898586273193,462500,0.0,0.0
2024-11-13 00:00:00-05:00,3.443927047168228,3.5625195726018895,3.429695844589381,3.4534144401550293,332500,0.0,0.0
2024-11-14 00:00:00-05:00,3.4534141967144287,3.505594741364841,3.401233425866741,3.415464401245117,386300,0.0,0.0
2024-11-15 00:00:00-05:00,3.4439270398640436,3.4439270398640436,3.3566429340916755,3.4344394207000732,326700,0.0,0.0
2024-11-18 00:00:00-05:00,3.4344396437578752,3.5293138057837887,3.4344396437578752,3.5198264122009277,314100,0.0,0.0
2024-11-19 00:00:00-05:00,3.5388013957443483,3.6336753368377686,3.481877031088296,3.6336753368377686,394800,0.0,0.0
2024-11-20 00:00:00-05:00,3.6241872599231524,3.6431620445669433,3.443926805807141,3.472388982772827,209300,0.0,0.0
2024-11-21 00:00:00-05:00,3.472388982772827,3.4961073504789275,3.3870022256784935,3.472388982772827,275600,0.0,0.0
2024-11-22 00:00:00-05:00,3.500851390317391,3.543544545479209,3.4629018185303115,3.51033878326416,191500,0.0,0.0
2024-11-25 00:00:00-05:00,3.548288796904039,3.666881336605113,3.548288796904039,3.6147005558013916,227200,0.0,0.0
2024-11-26 00:00:00-05:00,3.61470057039462,3.61470057039462,3.519826628729664,3.5767509937286377,242100,0.0,0.0
2024-11-27 00:00:00-05:00,3.5957255157273833,3.6811122830985923,3.5957255157273833,3.662137269973755,239100,0.0,0.0
2024-11-29 00:00:00-05:00,3.6621372670357877,3.685855863774829,3.5862381193865387,3.6716246604919434,191700,0.0,0.0
2024-12-02 00:00:00-05:00,3.538801178197709,3.6289315297943836,3.481876817041063,3.586238145828247,314700,0.0,0.0
2024-12-03 00:00:00-05:00,3.586238173559794,3.595725567159265,3.477133034067219,3.500851631164551,181900,0.0,0.0
2024-12-04 00:00:00-05:00,3.519826181107689,3.5293135740676576,3.462901823347878,3.491364002227783,198200,0.0,0.0
2024-12-05 00:00:00-05:00,3.481876875927368,3.481876875927368,3.353796948060146,3.368027925491333,233000,0.0,0.0
2024-12-06 00:00:00-05:00,3.415464893924136,3.415464893924136,3.306359753430035,3.368027925491333,253500,0.0,0.0
2024-12-09 00:00:00-05:00,3.368027672341112,3.4723892212464857,3.3537966959795646,3.4249520301818848,158400,0.0,0.0
2024-12-10 00:00:00-05:00,3.4534144255835417,3.553031938425979,3.3443092935970444,3.51033878326416,289300,0.0,0.0
2024-12-11 00:00:00-05:00,3.5388009695308393,3.574852972325305,3.3727714795153014,3.4344394207000732,601000,0.0,0.0
2024-12-12 00:00:00-05:00,3.4154646420105332,3.4629018331418306,3.4012336656289768,3.4534144401550293,642200,0.0,0.0
2024-12-13 00:00:00-05:00,3.47238943528927,3.5577759773137707,3.415464847742298,3.548288583755493,276700,0.0,0.0
2024-12-16 00:00:00-05:00,3.5577755122125283,3.5814941061061885,3.41072081818475,3.415464401245117,187000,0.0,0.0
2024-12-17 00:00:00-05:00,3.4344391872879703,3.500851159738513,3.4344391872879703,3.472388982772827,266000,0.0,0.0
2024-12-18 00:00:00-05:00,3.4723892767501123,3.4818766698752235,3.1782796374770763,3.2257168292999268,549300,0.0,0.0
2024-12-19 00:00:00-05:00,3.254179037046697,3.282641216670177,3.0786619234059587,3.0834057331085205,459300,0.0,0.0
2024-12-20 00:00:00-05:00,3.045456160277214,3.249435227344135,3.0264813738615604,3.0834057331085205,1323700,0.0,0.0
2024-12-23 00:00:00-05:00,3.0834056867489554,3.3111033465106163,3.0454561144882275,3.3016159534454346,736000,0.0,0.0
2024-12-24 00:00:00-05:00,3.2826411775622772,3.2968721541058272,3.206742032803892,3.2636663913726807,155400,0.0,0.0
2024-12-26 00:00:00-05:00,3.263666124156972,3.434439185881135,3.2067417702489176,3.415464401245117,551800,0.0,0.0
2024-12-27 00:00:00-05:00,3.3775148319730808,3.481876373668456,3.3537964642766958,3.415464401245117,363200,0.0,0.0
2024-12-30 00:00:00-05:00,3.3775150726392456,3.3964898586273193,3.2826411426988757,3.3964898586273193,247300,0.0,0.0
2024-12-31 00:00:00-05:00,3.405977246595699,3.4913640096133314,3.339565495735433,3.4629018306732178,315700,0.0,0.0
2025-01-02 00:00:00-05:00,3.462901825797403,3.5435445529155336,3.4107210513820196,3.4344394207000732,208500,0.0,0.0
2025-01-03 00:00:00-05:00,3.462901823347878,3.519826181107689,3.3917462630494684,3.491364002227783,227000,0.0,0.0
2025-01-06 00:00:00-05:00,3.44392730443005,3.5103390602986257,3.3490531412776336,3.3585405349731445,267200,0.0,0.0
2025-01-07 00:00:00-05:00,3.3300781224819493,3.396489873735622,3.287384740720228,3.3395655155181885,348700,0.0,0.0
2025-01-08 00:00:00-05:00,3.3205907344818115,3.349052913633695,3.2446915900767896,3.3205907344818115,348700,0.0,0.0
2025-01-10 00:00:00-05:00,3.273153764264516,3.368027694626905,3.1782796077048348,3.3395655155181885,768500,0.0,0.0
2025-01-13 00:00:00-05:00,3.292128779104569,3.3680279286686554,3.225717023235993,3.3585405349731445,228600,0.0,0.0
2025-01-14 00:00:00-05:00,3.3680276796452087,3.4391832401991316,3.3490528936571344,3.3964898586273193,158000,0.0,0.0
2025-01-15 00:00:00-05:00,3.4913640147649807,3.5577757657232394,3.3205907146750233,3.3964898586273193,197300,0.0,0.0
2025-01-16 00:00:00-05:00,3.3964898586273193,3.4249520376094305,3.3405141721033136,3.3964898586273193,88000,0.0,0.0
2025-01-17 00:00:00-05:00,3.4534144427888327,3.4866202051693165,3.3727714892408724,3.3964898586273193,125900,0.0,0.0
2025-01-21 00:00:00-05:00,3.41546508078551,3.538801431655884,3.3964902923742706,3.538801431655884,460400,0.0,0.0
2025-01-22 00:00:00-05:00,3.5103385520604085,3.5150821351227184,3.4534141981290363,3.472388982772827,128600,0.0,0.0
2025-01-23 00:00:00-05:00,3.462902047696759,3.5388011962937385,3.4059774600517194,3.529313802719116,167800,0.0,0.0
2025-01-24 00:00:00-05:00,3.4913639675008064,3.6905994438757337,3.4771327651037596,3.681112051010132,274900,0.0,0.0
2025-01-27 00:00:00-05:00,3.6620879682146303,3.8009620966403572,3.6620879682146303,3.7286715507507324,192600,0.01,0.0
2025-01-28 00:00:00-05:00,3.7001359440492116,3.7762312101785835,3.662088084202744,3.7572073936462402,175200,0.0,0.0
2025-01-29 00:00:00-05:00,3.757207234763459,3.8142789087288533,3.7286715111716484,3.776231050491333,231000,0.0,0.0
2025-01-30 00:00:00-05:00,3.766719388524913,3.9093982425800453,3.766719388524913,3.8333029747009277,206000,0.0,0.0
2025-01-31 00:00:00-05:00,3.8333027244567273,3.8333027244567273,3.7334273517127308,3.776231050491333,237900,0.0,0.0
2025-02-03 00:00:00-05:00,3.7096478449964034,3.7191597532438085,3.5298724843041356,3.643064260482788,1493600,0.0,0.0
2025-02-04 00:00:00-05:00,3.6240405606107897,3.692526392908714,3.54794529218278,3.671600103378296,171100,0.0,0.0
2025-02-05 00:00:00-05:00,3.690623958053381,3.7619631551562738,3.6811118232057667,3.7381834983825684,124300,0.0,0.0
2025-02-06 00:00:00-05:00,3.757207677244929,3.7667195862290717,3.671600269605851,3.7096481323242188,85700,0.0,0.0
2025-02-07 00:00:00-05:00,3.7001358268560205,3.7381834587156364,3.6620879682146303,3.7286715507507324,158600,0.0,0.0
2025-02-10 00:00:00-05:00,3.72867198903904,3.7572077162879958,3.6906243527070988,3.7191600799560547,112500,0.0,0.0
2025-02-11 00:00:00-05:00,3.6716001031786827,3.8808623181261206,3.6525762860727142,3.8428146839141846,165600,0.0,0.0
2025-02-12 00:00:00-05:00,3.7667194194159537,3.8237908707933377,3.7229645946702683,3.785743236541748,147900,0.0,0.0
2025-02-13 00:00:00-05:00,3.8047673352668983,3.8808626094020586,3.780987448708758,3.8523271083831787,158200,0.0,0.0
2025-02-14 00:00:00-05:00,3.8333028960165425,3.9189098438415497,3.809523011901543,3.814279079437256,102600,0.0,0.0
2025-02-18 00:00:00-05:00,3.823790589811018,3.823790589811018,3.757207234763459,3.776231050491333,137000,0.0,0.0
2025-02-19 00:00:00-05:00,3.7667192117190247,3.880862108179952,3.6620879965147317,3.6811118125915527,227100,0.0,0.0
2025-02-20 00:00:00-05:00,3.6906238797159006,3.8380583382160376,3.6335522057505063,3.776231050491333,152000,0.0,0.0
2025-02-21 00:00:00-05:00,3.823791163974335,3.84281498255874,3.595505114179667,3.6240408420562744,334800,0.0,0.0
2025-02-24 00:00:00-05:00,3.6430641804379102,3.7001358554501502,3.5859927322074467,3.6811118125915527,273300,0.0,0.0
2025-02-25 00:00:00-05:00,3.709647763488561,3.7952549358342567,3.6763559719632357,3.6811118125915527,288000,0.0,0.0
2025-02-26 00:00:00-05:00,3.6620879965147317,3.7001358554501502,3.5669689161306253,3.6811118125915527,308000,0.0,0.0
2025-02-27 00:00:00-05:00,3.671599994676351,3.757207395905145,3.662088086404461,3.7001359462738037,124800,0.0,0.0
2025-02-28 00:00:00-05:00,3.7191599581188393,3.757207593204365,3.6953800727994888,3.7476956844329834,226100,0.0,0.0
2025-03-03 00:00:00-05:00,3.747695406448406,3.8475705545305883,3.704891706761249,3.7381834983825684,337500,0.0,0.0
2025-03-04 00:00:00-05:00,3.700136140576076,3.785743319518509,3.6620882787087568,3.7476956844329834,230800,0.0,0.0
2025-03-05 00:00:00-05:00,3.7381835793613645,3.7667193041770353,3.628796520843736,3.7001359462738037,373800,0.0,0.0
2025-03-06 00:00:00-05:00,3.6715998761795343,3.771475023201913,3.595504612460303,3.7286715507507324,153600,0.0,0.0
2025-03-07 00:00:00-05:00,3.7476956026821386,3.7572075112460306,3.5859929303141826,3.6145286560058594,234200,0.0,0.0
2025-03-10 00:00:00-04:00,3.585992557276928,3.7096475825259496,3.4052660865814794,3.414777994155884,228300,0.0,0.0
2025-03-11 00:00:00-04:00,3.4433140881530595,3.4433140881530595,3.186492329170673,3.272099733352661,443500,0.0,0.0
2025-03-12 00:00:00-04:00,3.2720996130784257,3.329171062580754,3.081861221288883,3.30063533782959,539000,0.0,0.0
2025-03-13 00:00:00-04:00,3.300635259388139,3.300635259388139,3.2245399951934814,3.2245399951934814,254800,0.0,0.0
2025-03-14 00:00:00-04:00,3.243563965284706,3.3291711415693315,3.1864922876465025,3.3196592330932617,181300,0.0,0.0
2025-03-17 00:00:00-04:00,3.3291708259862443,3.4338018093046925,3.3291708259862443,3.414777994155884,221700,0.0,0.0
2025-03-18 00:00:00-04:00,3.4147782804090134,3.467093889844619,3.234052021345457,3.2530758380889893,423300,0.0,0.0
2025-03-19 00:00:00-04:00,3.2816112881142225,3.424289901730288,3.2768552209361377,3.414777994155884,364800,0.0,0.0
2025-03-20 00:00:00-04:00,3.376730561967565,3.433802010762314,3.329171021305274,3.3481948375701904,152700,0.0,0.0
2025-03-21 00:00:00-04:00,3.3101473677527498,3.329171184952794,3.1684198615778834,3.272099733352661,1496500,0.0,0.0
2025-03-24 00:00:00-04:00,3.310147213446063,3.476605719577672,3.2578316051938048,3.4623379707336426,276900,0.0,0.0
2025-03-25 00:00:00-04:00,3.4623380870160907,3.4623380870160907,3.2863674400361256,3.3196592330932617,225000,0.0,0.0
2025-03-26 00:00:00-04:00,3.3006354127356548,3.41477831433072,3.2958793451116337,3.3767306804656982,248900,0.0,0.0
2025-03-27 00:00:00-04:00,3.3767306804656982,3.433802131263231,3.3196592296681655,3.3767306804656982,128500,0.0,0.0
2025-03-28 00:00:00-04:00,3.3957545009018175,3.3957545009018175,3.295879348512195,3.3196592330932617,147400,0.0,0.0
2025-03-31 00:00:00-04:00,3.272099733352661,3.343439161243722,3.2578317570617332,3.272099733352661,288600,0.0,0.0
2025-04-01 00:00:00-04:00,3.291123349838732,3.4005104054587516,3.229295834318335,3.3386828899383545,617200,0.0,0.0
2025-04-02 00:00:00-04:00,3.3101472064708917,3.32917102274403,3.2197839657825975,3.291123390197754,281500,0.0,0.0
2025-04-03 00:00:00-04:00,3.2055161519248925,3.224540195939689,3.020033820512183,3.043813705444336,345700,0.0,0.0
2025-04-04 00:00:00-04:00,2.967718291045266,3.086617265400255,2.8155277490112294,3.0057661533355713,534700,0.0,0.0
2025-04-07 00:00:00-04:00,2.9011345270074957,3.0057657369429966,2.6823604263588283,2.7965035438537598,1027700,0.0,0.0
2025-04-08 00:00:00-04:00,2.882110866207886,2.882110866207886,2.644312937707746,2.663336753845215,525000,0.0,0.0
2025-04-09 00:00:00-04:00,2.682360578042291,2.8488190831361866,2.506390164851081,2.8345513343811035,1174400,0.0,0.0
2025-04-10 00:00:00-04:00,2.7489443648565413,2.7489443648565413,2.534926076662439,2.5967535972595215,956300,0.0,0.0
2025-04-11 00:00:00-04:00,2.577729616992291,2.577729616992291,2.3304197769920223,2.387491226196289,453200,0.0,0.0
2025-04-14 00:00:00-04:00,2.4540747810759607,2.558706006485037,2.416027145211496,2.549194097518921,293100,0.0,0.0
2025-04-15 00:00:00-04:00,2.530170074092756,2.5777296150606728,2.406515040794392,2.4445626735687256,528200,0.0,0.0
2025-04-16 00:00:00-04:00,2.4445626831917973,2.5206581758217954,2.3779793255746067,2.501634359359741,365100,0.0,0.0
2025-04-17 00:00:00-04:00,2.49212237289407,2.549194052463867,2.4635866465000684,2.4826104640960693,294800,0.0,0.0
2025-04-21 00:00:00-04:00,2.4350508818696746,2.496878401476728,2.349443704031917,2.4730985164642334,324500,0.0,0.0
2025-04-22 00:00:00-04:00,2.5112931315460236,2.616328100749305,2.4635497360689684,2.501744270324707,313600,0.01,0.0
2025-04-23 00:00:00-04:00,2.59723103045169,2.6927173733274365,2.54471342804133,2.5590364933013916,320900,0.0,0.0
2025-04-24 00:00:00-04:00,2.5590365524707157,2.602005293929613,2.520842014437294,2.5781338214874268,164800,0.0,0.0
2025-04-25 00:00:00-04:00,2.568585006109209,2.568585006109209,2.492195707764001,2.5208418369293213,115100,0.0,0.0
2025-04-28 00:00:00-04:00,2.5112932629249354,2.582907904572292,2.492195767140594,2.5399391651153564,223800,0.0,0.0
2025-04-29 00:00:00-04:00,2.5208417651099584,2.544713235191104,2.487421433807496,2.501744270324707,124800,0.0,0.0
2025-04-30 00:00:00-04:00,2.62587673431324,2.630651164923898,2.372837603382898,2.501744270324707,473300,0.0,0.0
2025-05-01 00:00:00-04:00,2.4921958256545778,2.7022660076406084,2.396709482777927,2.635425567626953,380200,0.0,0.0
2025-05-02 00:00:00-04:00,2.6545228190448755,3.0030483097780682,2.6545228190448755,2.9314334392547607,591700,0.0,0.0
2025-05-05 00:00:00-04:00,2.9362077295549063,2.988725329110776,2.7309117620444106,2.7404603958129883,343500,0.0,0.0
2025-05-06 00:00:00-04:00,2.6927170337482695,2.781519571846944,2.640199665618286,2.750009059906006,193700,0.0,0.0
2025-05-07 00:00:00-04:00,2.750009182245343,2.816849616802626,2.7118144205552297,2.788203716278076,335100,0.0,0.0
2025-05-08 00:00:00-04:00,2.816849885571127,2.9982741671945083,2.8073012511518654,2.950530767440796,400400,0.0,0.0
2025-05-09 00:00:00-04:00,3.017371386260656,3.055565923307675,2.9887254834753922,3.0078227519989014,178200,0.0,0.0
2025-05-12 00:00:00-04:00,3.074663251172366,3.2083441334169804,3.0460173478342347,3.103309154510498,334600,0.0,0.0
2025-05-13 00:00:00-04:00,3.141503631663467,3.141503631663467,2.998274117737147,3.0078227519989014,257600,0.0,0.0
2025-05-14 00:00:00-04:00,3.0078225494307644,3.1224061528549467,2.960079153679972,3.0937602519989014,361500,0.0,0.0
2025-05-15 00:00:00-04:00,3.1128578480691624,3.1271809138389224,3.0746633095596794,3.122406482696533,147100,0.0,0.0
2025-05-16 00:00:00-04:00,3.112857487145847,3.3133790187283747,3.1033088536256024,3.30383038520813,700300,0.0,0.0
2025-05-19 00:00:00-04:00,3.24653855395697,3.3420248882732544,3.227441287093713,3.2942817211151123,604900,0.0,0.0
2025-05-20 00:00:00-04:00,3.2847331786103626,3.475706080186758,3.256087277522511,3.322927713394165,949000,0.0,0.0
2025-05-21 00:00:00-04:00,3.2560874151050636,3.281868704407753,2.9505306686088986,2.9553050994873047,300100,0.0,0.0
2025-05-22 00:00:00-04:00,2.9600791931152344,2.9744022575627658,2.874141489402204,2.9600791931152344,498100,0.0,0.0
2025-05-23 00:00:00-04:00,2.9027875660561033,2.9839510716296127,2.8932389317331846,2.9409821033477783,259800,0.0,0.0
2025-05-27 00:00:00-04:00,2.998274089792844,3.1701495049025272,2.983951024705006,3.151052236557007,301000,0.0,0.0
2025-05-28 00:00:00-04:00,3.151052445689061,3.1987956197215266,3.103309271656596,3.1415038108825684,238600,0.0,0.0
2025-05-29 00:00:00-04:00,3.141503219957422,3.251312613405358,3.141503219957422,3.1796977519989014,229200,0.0,0.0
2025-05-30 00:00:00-04:00,3.1606010804955544,3.1844727813404927,3.103309271656596,3.1415038108825684,212800,0.0,0.0
2025-06-02 00:00:00-04:00,3.1319550578486295,3.1653753922384844,3.036468713388191,3.103309154510498,284800,0.0,0.0
2025-06-03 00:00:00-04:00,3.1224062317002677,3.3133791365536327,3.093760330120871,3.2656359672546387,214200,0.0,0.0
2025-06-04 00:00:00-04:00,3.2847333737284194,3.2847333737284194,3.141503632123717,3.1606009006500244,232900,0.0,0.0
2025-06-05 00:00:00-04:00,3.1510523267407176,3.179698230078849,3.0937605200644542,3.103309154510498,164200,0.0,0.0
2025-06-06 00:00:00-04:00,3.1701497153020477,3.194021416146986,3.131955176076075,3.1415038108825684,129000,0.0,0.0
2025-06-09 00:00:00-04:00,3.18924660931948,3.25608727275056,3.091850454700569,3.2465386390686035,178500,0.0,0.0
2025-06-10 00:00:00-04:00,3.2656360000714297,3.361122339628972,3.2560873661156755,3.3515737056732178,180900,0.0,0.0
2025-06-11 00:00:00-04:00,3.3802197573802455,3.447060198033456,3.3229279511060654,3.3993170261383057,356100,0.0,0.0
2025-06-12 00:00:00-04:00,3.3420250448733078,3.4709317160692685,3.3372506141050846,3.4184141159057617,290500,0.0,0.0
2025-06-13 00:00:00-04:00,3.3611225207536375,3.37067115522395,3.1940213036944676,3.2560875415802,498000,0.0,0.0
2025-06-16 00:00:00-04:00,3.370671552552862,4.244372734035147,3.3420256457651947,4.172757625579834,2107100,0.0,0.0
2025-06-17 00:00:00-04:00,4.1441112225963135,4.53560544130277,4.096367825298793,4.315986633300781,1506100,0.0,0.0
2025-06-18 00:00:00-04:00,4.296889995473064,4.611995188957381,4.134562967238151,4.526057243347168,487600,0.0,0.0
2025-06-20 00:00:00-04:00,4.583349393122733,4.645415179677926,4.411473506308858,4.487862586975098,738700,0.0,0.0
2025-06-23 00:00:00-04:00,4.47831364354972,4.55470271507312,4.354181174666805,4.468764781951904,375300,0.0,0.0
2025-06-24 00:00:00-04:00,4.506958804549152,4.526056070255578,4.3685035143488795,4.382826805114746,238800,0.0,0.0
2025-06-25 00:00:00-04:00,4.373278090385558,4.4210214839004935,4.27779175867043,4.28734016418457,411100,0.0,0.0
2025-06-26 00:00:00-04:00,4.306437813275196,4.363729611338857,4.230048293875577,4.335083484649658,367000,0.0,0.0
2025-06-27 00:00:00-04:00,4.344632396501991,4.44489315812326,4.325535130255785,4.421021461486816,1605400,0.0,0.0
2025-06-30 00:00:00-04:00,4.459216229098679,4.497410763604961,4.315986497042739,4.344632625579834,398600,0.0,0.0
2025-07-01 00:00:00-04:00,4.34463280599936,4.473539251482467,4.296889408226486,4.4019246101379395,318600,0.0,0.0
2025-07-02 00:00:00-04:00,4.39237574845745,4.4878620886884155,4.363730074045554,4.4019246101379395,417800,0.0,0.0
2025-07-03 00:00:00-04:00,4.401924512368183,4.497410850478331,4.401924512368183,4.449667453765869,174100,0.0,0.0
2025-07-07 00:00:00-04:00,4.411472771164967,4.430570038149089,4.292114738685516,4.325535297393799,422500,0.0,0.0
2025-07-08 00:00:00-04:00,4.36372953940832,4.554702196472582,4.354180678897742,4.382826805114746,680600,0.0,0.0
2025-07-09 00:00:00-04:00,4.401925098882996,4.535605990048915,4.358956127179527,4.487862586975098,550700,0.0,0.0
2025-07-10 00:00:00-04:00,4.6501886483548525,5.161041316353324,4.564251178053736,5.1467180252075195,1291200,0.0,0.0
2025-07-11 00:00:00-04:00,5.1849131990075215,5.323368510007365,4.908002577007835,5.270851135253906,1207800,0.0,0.0
2025-07-14 00:00:00-04:00,5.299497027358415,5.73873464014521,5.299497027358415,5.719636917114258,1107200,0.0,0.0
2025-07-15 00:00:00-04:00,5.70053968725036,5.791252050990614,5.538213138242396,5.652796745300293,750600,0.0,0.0
2025-07-16 00:00:00-04:00,5.547761394060259,5.686216695995897,5.404531661464653,5.461823463439941,546700,0.0,0.0
2025-07-17 00:00:00-04:00,5.347240634367608,5.552536629348279,5.246979852553191,5.251754283905029,509400,0.0,0.0
2025-07-18 00:00:00-04:00,5.328142770421103,5.328142770421103,4.93187411868183,4.993940353393555,554200,0.0,0.0
2025-07-21 00:00:00-04:00,4.993940142932839,5.128911833611084,4.926454757303428,5.1192708015441895,729500,0.05,0.0
2025-07-22 00:00:00-04:00,5.1674750490200525,5.300518257628007,5.138552412492361,5.225319862365723,427200,0.0,0.0
2025-07-23 00:00:00-04:00,5.24460150925649,5.312087355227427,5.051785003500832,5.263883113861084,411300,0.0,0.0
2025-07-24 00:00:00-04:00,5.263883412427971,5.345830351572946,5.230140717383478,5.321728229522705,303000,0.0,0.0
2025-07-25 00:00:00-04:00,5.331368912639939,5.456699111605548,5.230140374434443,5.437417507171631,288200,0.0,0.0
2025-07-28 00:00:00-04:00,5.456699385969387,5.456699385969387,5.234960693975415,5.244601726531982,330700,0.0,0.0
2025-07-29 00:00:00-04:00,5.30244662382446,5.345830351572946,5.196397562629244,5.321728229522705,369100,0.0,0.0
2025-07-30 00:00:00-04:00,5.398854384165728,5.582029859055975,4.926454838166971,5.196397304534912,822200,0.0,0.0
2025-07-31 00:00:00-04:00,5.157834629133863,5.302446909517195,5.0999898089224835,5.128912448883057,372700,0.0,0.0
2025-08-01 00:00:00-04:00,5.08070742149683,5.278343975111489,4.9071729875275505,5.177115440368652,957700,0.0,0.0
2025-08-04 00:00:00-04:00,5.33136860211441,5.808588628840481,5.321727570604137,5.765204906463623,790400,0.0,0.0
2025-08-05 00:00:00-04:00,5.784487073153465,6.006225762679404,5.68807904720952,5.948380947113037,770600,0.0,0.0
2025-08-06 00:00:00-04:00,5.8905357605844655,6.006225384431533,5.471160529356569,5.533825397491455,637500,0.0,0.0
2025-08-07 00:00:00-04:00,5.543466385405235,5.6736175559841,5.437417334530942,5.495262145996094,468500,0.0,0.0
2025-08-08 00:00:00-04:00,5.533825493104435,5.6591561509590615,5.350650482036545,5.504903316497803,545900,0.0,0.0
2025-08-11 00:00:00-04:00,5.475980813037225,5.538646143484896,5.283164765282637,5.4084954261779785,277100,0.0,0.0
2025-08-12 00:00:00-04:00,5.475980937772529,5.562748391093397,5.379572911699193,5.5241851806640625,339900,0.0,0.0
2025-08-13 00:00:00-04:00,5.601311293195151,5.736282522268248,5.485621668275353,5.67843770980835,547100,0.0,0.0
2025-08-14 00:00:00-04:00,5.67843770980835,5.774845730574848,5.601311293195151,5.67843770980835,588300,0.0,0.0
2025-08-15 00:00:00-04:00,5.688078388768538,5.697718960392094,5.553107168071024,5.582029342651367,395300,0.0,0.0
2025-08-18 00:00:00-04:00,5.610952595071177,5.726642225556836,5.529005658549737,5.591670989990234,283000,0.0,0.0
2025-08-19 00:00:00-04:00,5.591671150885645,5.842332024150451,5.591671150885645,5.74592399597168,648700,0.0,0.0
2025-08-20 00:00:00-04:00,5.736282565602672,5.774845774200595,5.639874544107865,5.717000961303711,403400,0.0,0.0
2025-08-21 00:00:00-04:00,5.697719545670694,5.697719545670694,5.461519770259815,5.553107738494873,331800,0.0,0.0
2025-08-22 00:00:00-04:00,5.620593160088402,5.933919816863403,5.562748344924492,5.909817695617676,979500,0.0,0.0
2025-08-25 00:00:00-04:00,5.8808950941183165,5.938739909635709,5.717001220297506,5.736282825469971,718400,0.0,0.0
2025-08-26 00:00:00-04:00,5.745923694179145,5.818229596588073,5.659156243520657,5.688078880310059,512600,0.0,0.0
2025-08-27 00:00:00-04:00,5.620592695234685,5.803768157958984,5.620592695234685,5.803768157958984,310100,0.0,0.0
2025-08-28 00:00:00-04:00,5.832691054141702,5.832691054141702,5.659156155523124,5.823050022125244,579200,0.0,0.0
2025-08-29 00:00:00-04:00,5.87125486129278,6.0929935634681485,5.760385280350217,5.938740253448486,647800,0.0,0.0
2025-09-02 00:00:00-04:00,5.83269131104202,5.90017669929078,5.668797437221211,5.736282825469971,447400,0.0,0.0
2025-09-03 00:00:00-04:00,5.688078959672188,5.741103258197902,5.643731222449495,5.659156322479248,363800,0.0,0.0
2025-09-04 00:00:00-04:00,5.659156732406902,5.938740253448486,5.649516159117411,5.938740253448486,331400,0.0,0.0
2025-09-05 00:00:00-04:00,6.025507449105205,6.044789054553951,5.774846118561755,5.919458389282227,360800,0.0,0.0
2025-09-08 00:00:00-04:00,5.919458268290131,5.948380905726949,5.823050243016948,5.909817695617676,221400,0.0,0.0
2025-09-09 00:00:00-04:00,5.900176921083149,5.9483811656812104,5.837511586989569,5.9290995597839355,313100,0.0,0.0
2025-09-10 00:00:00-04:00,5.948380694252307,6.044788716098028,5.880894849105448,6.0351481437683105,221500,0.0,0.0
2025-09-11 00:00:00-04:00,6.035148402738048,6.141197001464057,5.962842038468791,6.05443000793457,257700,0.0,0.0
2025-09-12 00:00:00-04:00,6.0447884931341695,6.280988252871312,5.972482594344332,6.160478115081787,345900,0.0,0.0
2025-09-15 00:00:00-04:00,6.170119498202869,6.227000301190048,6.044788837432861,6.044788837432861,351500,0.0,0.0
2025-09-16 00:00:00-04:00,6.0544299527062195,6.194221704033264,5.98694410527913,6.121915340423584,274200,0.0,0.0
2025-09-17 00:00:00-04:00,6.121915598755565,6.329193206256378,6.054430208190459,6.141197204589844,368800,0.0,0.0
2025-09-18 00:00:00-04:00,6.160478416935297,6.295450108863939,6.12191520772989,6.218323230743408,381000,0.0,0.0
2025-09-19 00:00:00-04:00,6.237604570982836,6.2520661186042386,5.9290989104147185,5.98694372177124,800600,0.0,0.0
2025-09-22 00:00:00-04:00,5.967662117985733,6.044788533127763,5.909817306629211,5.98694372177124,275300,0.0,0.0
2025-09-23 00:00:00-04:00,5.986943975685521,6.025507184892053,5.856792799831189,5.900176525115967,308100,0.0,0.0
2025-09-24 00:00:00-04:00,5.9965848110772155,6.112274903479435,5.9049973001231,5.919458389282227,336200,0.0,0.0
2025-09-25 00:00:00-04:00,5.871254140222777,5.943560039997958,5.784486692724801,5.813409328460693,301300,0.0,0.0
2025-09-26 00:00:00-04:00,5.832691451187444,6.102633930088006,5.721821873999552,5.74592399597168,285600,0.0,0.0
2025-09-29 00:00:00-04:00,5.774845730574848,5.779666246540598,5.5820296890418515,5.67843770980835,412100,0.0,0.0
2025-09-30 00:00:00-04:00,5.649515707962188,5.7025400060944005,5.500082926375451,5.620593070983887,999000,0.0,0.0
2025-10-01 00:00:00-04:00,5.572388982801226,5.6109521901803605,5.33136870682679,5.350650310516357,405600,0.0,0.0
2025-10-02 00:00:00-04:00,5.321727718690946,5.398854134080573,5.27352347921758,5.389213562011719,279000,0.0,0.0
2025-10-03 00:00:00-04:00,5.398854134080573,5.543466392790973,5.3506503543169055,5.389213562011719,198200,0.0,0.0
2025-10-06 00:00:00-04:00,5.466340278621078,5.475980851221171,5.331369044251713,5.341009616851807,249000,0.0,0.0
2025-10-07 00:00:00-04:00,5.389213300758149,5.461519196753318,5.331368492020078,5.369931697845459,268400,0.0,0.0
2025-10-08 00:00:00-04:00,5.389213552008937,5.389213552008937,5.263882897378567,5.2831645011901855,162600,0.0,0.0
2025-10-09 00:00:00-04:00,5.254242039183701,5.273523643632259,5.099989203595247,5.225319862365723,250500,0.0,0.0
2025-10-10 00:00:00-04:00,5.215678735434592,5.3120872156338095,5.042144298553467,5.042144298553467,243200,0.0,0.0
2025-10-13 00:00:00-04:00,5.119271017286742,5.119271017286742,4.9553771429202245,4.993940353393555,245800,0.0,0.0
2025-10-14 00:00:00-04:00,4.9360956731157835,5.1289121904824935,4.887891888556414,5.109630584716797,411600,0.0,0.0
2025-10-15 00:00:00-04:00,5.157834058680958,5.287985234544255,5.138552454076364,5.263883113861084,206000,0.0,0.0
2025-10-16 00:00:00-04:00,5.273523728364043,5.389213816623934,5.2446015510813595,5.302446365356445,283200,0.0,0.0
2025-10-17 00:00:00-04:00,5.254242379723977,5.389214079321433,5.225320201031481,5.321728229522705,189000,0.0,0.0
2025-10-20 00:00:00-04:00,5.40849533037561,5.456699111605548,5.2831646717002885,5.437417507171631,194200,0.0,0.0
2025-10-21 00:00:00-04:00,5.4663399368012815,5.628305315974596,5.4325972452463605,5.562747955322266,230100,0.0,0.0
2025-10-22 00:00:00-04:00,5.562747884854858,5.8134091895438,5.562747884854858,5.803768157958984,246400,0.0,0.0
2025-10-23 00:00:00-04:00,5.784487427754957,5.842332246867335,5.590706892975194,5.726642608642578,173500,0.0,0.0
2025-10-24 00:00:00-04:00,5.794127724539998,5.86161310840758,5.731462396870316,5.813409328460693,202500,0.0,0.0
2025-10-27 00:00:00-04:00,5.813409584626815,5.823130764258087,5.677309824914785,5.7064738273620605,172500,0.05,0.0
2025-10-28 00:00:00-04:00,5.667588400085773,5.735638514340292,5.599538749384733,5.638424396514893,312500,0.0,0.0
2025-10-29 00:00:00-04:00,5.46343800779691,5.46343800779691,4.782938783372232,5.113467216491699,570400,0.0,0.0
2025-10-30 00:00:00-04:00,5.1037455738453925,5.220402504280463,5.064859930367036,5.113467216491699,295400,0.0,0.0
2025-10-31 00:00:00-04:00,5.074581320421597,5.157213432136666,5.021113674304446,5.132910251617432,372400,0.0,0.0
2025-11-03 00:00:00-05:00,5.094023575760227,5.264148601772528,5.089163218329644,5.210680961608887,282000,0.0,0.0
2025-11-04 00:00:00-05:00,5.210681911928169,5.225263913986177,5.064860500687624,5.1231889724731445,234000,0.0,0.0
2025-11-05 00:00:00-05:00,5.132910307667685,5.366224180784941,5.123188664511069,5.269010066986084,236600,0.0,0.0
2025-11-06 00:00:00-05:00,5.269009853833583,5.346781141726509,5.220402567123784,5.249567031860352,187400,0.0,0.0
2025-11-07 00:00:00-05:00,5.220402883526405,5.375945932292984,5.16207441407149,5.36622428894043,206600,0.0,0.0
2025-11-10 00:00:00-05:00,5.366224236431955,5.4682991728676225,5.337059770213137,5.405109882354736,237800,0.0,0.0
2025-11-11 00:00:00-05:00,5.443995313815369,5.443995313815369,5.346781202838094,5.385666847229004,128100,0.0,0.0
2025-11-12 00:00:00-05:00,5.395388971160255,5.47802108874684,5.390528149289635,5.473160266876221,146300,0.0,0.0
2025-11-13 00:00:00-05:00,5.453716855422441,5.554819714382858,5.337059460862418,5.375945568084717,193200,0.0,0.0
2025-11-14 00:00:00-05:00,5.375945887232761,5.492602825164795,5.307895774995674,5.492602825164795,164500,0.0,0.0
2025-11-17 00:00:00-05:00,5.53148851706047,5.53148851706047,5.103745944205411,5.191238880157471,321600,0.0,0.0
2025-11-18 00:00:00-05:00,5.191238565940657,5.249567031860352,5.050277990746369,5.249567031860352,225100,0.0,0.0
2025-11-19 00:00:00-05:00,5.230124184834465,5.259288185877894,5.040556323838421,5.074581146240234,238100,0.0,0.0
2025-11-20 00:00:00-05:00,5.191238144080113,5.220402142893258,4.8704313758151,4.9093170166015625,235100,0.0,0.0
2025-11-21 00:00:00-05:00,4.889874737997455,5.162074253661895,4.889874737997455,5.132910251617432,254400,0.0,0.0
2025-11-24 00:00:00-05:00,5.113467632896771,5.2398457527160645,5.103745989458802,5.2398457527160645,165700,0.0,0.0
2025-11-25 00:00:00-05:00,5.249566932271429,5.331226968431214,5.1717956458538925,5.327338218688965,310700,0.0,0.0
2025-11-26 00:00:00-05:00,5.317616999284598,5.434274401747899,5.278731352981321,5.36622428894043,695000,0.0,0.0
2025-11-28 00:00:00-05:00,5.346781202838094,5.405109669424459,5.317616737768188,5.385666847229004,191600,0.0,0.0
2025-12-01 00:00:00-05:00,5.375945729371518,5.522739200869209,5.30789561913268,5.434274196624756,488500,0.0,0.0
2025-12-02 00:00:00-05:00,5.4537171715349455,5.463438351238909,5.356503056727992,5.405109882354736,256400,0.0,0.0
2025-12-03 00:00:00-05:00,5.463438725166212,5.730777906847595,5.39538907192064,5.657867431640625,277600,0.0,0.0
2025-12-04 00:00:00-05:00,5.648145149726481,5.67244879323473,5.570373861342841,5.599538326263428,265200,0.0,0.0
2025-12-05 00:00:00-05:00,5.609259554292194,5.749248060020951,5.5975937682225565,5.6481451988220215,269300,0.0,0.0
2025-12-08 00:00:00-05:00,5.657866945567969,5.701612948801793,5.536349188293727,5.570374011993408,386900,0.0,0.0
2025-12-09 00:00:00-05:00,5.580095397669094,5.6821703360924785,5.502324104309082,5.502324104309082,185000,0.0,0.0
2025-12-10 00:00:00-05:00,5.531488091422927,5.531488091422927,5.379833804389793,5.414831161499023,351100,0.0,0.0
2025-12-11 00:00:00-05:00,5.424552340549299,5.546070091775057,5.400248697593461,5.414831161499023,210900,0.0,0.0
2025-12-12 00:00:00-05:00,5.395388807715801,5.5120457477558205,5.385667164269063,5.502324104309082,308900,0.0,0.0
2025-12-15 00:00:00-05:00,5.512045383453369,5.621897351241717,5.482880918594168,5.512045383453369,253900,0.0,0.0
2025-12-16 00:00:00-05:00,5.512045423276186,5.570373889862552,5.375945667908,5.385666847229004,345100,0.0,0.0
2025-12-17 00:00:00-05:00,5.385667265712715,5.434274556755019,5.288453147181588,5.33705997467041,201100,0.0,0.0
2025-12-18 00:00:00-05:00,5.337059627665,5.609259605407715,5.3224776267217955,5.609259605407715,748000,0.0,0.0
2025-12-19 00:00:00-05:00,5.599538742313739,5.599538742313739,5.27387110034479,5.288453102111816,625700,0.0,0.0
2025-12-22 00:00:00-05:00,5.4828807254559795,5.4828807254559795,5.278730869293213,5.278730869293213,395300,0.0,0.0
2025-12-23 00:00:00-05:00,5.259288372201389,5.3273384829693,5.210681547555842,5.307895660400391,371400,0.0,0.0
2025-12-24 00:00:00-05:00,5.210681645188747,5.337059762477889,5.200960001945409,5.317616939544678,257700,0.0,0.0
2025-12-26 00:00:00-05:00,5.239846075948734,5.375946311155145,5.1523535973771875,5.356503486633301,281000,0.0,0.0
2025-12-29 00:00:00-05:00,5.298173966085911,5.372056969265114,5.259288321324262,5.346781253814697,345000,0.0,0.0
2025-12-30 00:00:00-05:00,5.366223925390782,5.395388389919148,5.312756281234456,5.375945568084717,250900,0.0,0.0
2025-12-31 00:00:00-05:00,5.395388490103455,5.409970490861685,5.2981739155727325,5.385666847229004,841900,0.0,0.0
2026-01-02 00:00:00-05:00,5.414831211753579,5.424552390894076,5.322477460374953,5.375945568084717,405300,0.0,0.0
2026-01-05 00:00:00-05:00,5.3565026965370715,5.424552340549299,5.31761658967567,5.414831161499023,439800,0.0,0.0
2026-01-06 00:00:00-05:00,5.443995188450763,5.818270086536262,5.414831187605894,5.764801979064941,692300,0.0,0.0
2026-01-07 00:00:00-05:00,5.7842452807279825,5.7988277459137505,5.48774210858613,5.589817047119141,458200,0.0,0.0
2026-01-08 00:00:00-05:00,5.560652131449449,5.959230673504827,5.546070130994202,5.852294921875,396900,0.0,0.0
2026-01-09 00:00:00-05:00,5.90090259711619,6.270316235505841,5.8620169509699105,6.105052471160889,536300,0.0,0.0
2026-01-12 00:00:00-05:00,6.105052108377496,6.192544575230784,5.6481450979795165,5.725916385650635,423000,0.0,0.0
2026-01-13 00:00:00-05:00,5.725916607125707,5.920345297377329,5.725916607125707,5.832852363586426,270900,0.0,0.0
2026-01-14 00:00:00-05:00,5.832852363586426,5.920345297377329,5.76480225246534,5.832852363586426,199100,0.0,0.0
2026-01-15 00:00:00-05:00,5.842573855689154,5.979645682435542,5.823130569968417,5.862016677856445,213400,0.0,0.0
2026-01-16 00:00:00-05:00,5.793966770172119,5.857156060303687,5.735638301639932,5.793966770172119,351400,0.0,0.0
2026-01-20 00:00:00-05:00,5.667587959893265,5.677309602697479,5.454688988858142,5.512045383453369,235100,0.0,0.0
2026-01-21 00:00:00-05:00,5.609259612006023,5.798827478704484,5.589816789541062,5.784245014190674,431700,0.0,0.0
2026-01-22 00:00:00-05:00,5.823130548589671,5.842573834239026,5.55093103924693,5.599538326263428,250800,0.0,0.0
2026-01-23 00:00:00-05:00,5.570373953548979,5.570373953548979,5.424552553639157,5.434274196624756,450500,0.0,0.0
2026-01-26 00:00:00-05:00,5.395037434371856,5.399942126114564,5.159617843567643,5.287136554718018,519300,0.05,0.0
2026-01-27 00:00:00-05:00,5.25770976964887,5.287136987037029,5.180217411178844,5.238091468811035,258200,0.0,0.0
2026-01-28 00:00:00-05:00,5.247900059853464,5.355800941637456,5.090953662885589,5.120380878448486,257800,0.0,0.0
2026-01-29 00:00:00-05:00,5.1596178955822865,5.247900009155273,5.110571913135064,5.247900009155273,226700,0.0,0.0
2026-01-30 00:00:00-05:00,5.189045373940306,5.247900275218567,5.095858563850689,5.2282819747924805,293800,0.0,0.0
2026-02-02 00:00:00-05:00,5.267518575644654,5.316564560578459,5.198854758021938,5.2282819747924805,218800,0.0,0.0
2026-02-03 00:00:00-05:00,5.218473003673393,5.311659812784894,5.100762734615216,5.267518520355225,324100,0.0,0.0
2026-02-04 00:00:00-05:00,5.267518473860002,5.326373374001005,5.1841405817259565,5.218472957611084,276000,0.0,0.0
2026-02-05 00:00:00-05:00,5.198854649691442,5.326373365935262,5.100762681867811,5.306755065917969,358400,0.0,0.0
2026-02-06 00:00:00-05:00,5.375418884741278,5.502938057688724,5.365609501712801,5.4833197593688965,375400,0.0,0.0
2026-02-09 00:00:00-05:00,5.4833202910877485,5.4833202910877485,5.306755121350604,5.4440836906433105,170000,0.0,0.0
2026-02-10 00:00:00-05:00,5.434274516505013,5.502938803802799,5.424465599883725,5.463702201843262,125700,0.0,0.0
2026-02-11 00:00:00-05:00,5.493128717983998,5.493128717983998,5.341087021740475,5.355800628662109,201100,0.0,0.0
2026-02-12 00:00:00-05:00,5.444083416324642,5.52255661325938,5.13999907659681,5.287136554718018,304100,0.0,0.0
2026-02-13 00:00:00-05:00,5.296945733238442,5.439178514113253,5.2380908378147755,5.355800628662109,249800,0.0,0.0
2026-02-17 00:00:00-05:00,5.336182489188338,5.483319966000286,5.2724229003119225,5.414655685424805,152400,0.0,0.0
2026-02-18 00:00:00-05:00,5.336182805552519,5.522556891532187,5.336182805552519,5.4440836906433105,227500,0.0,0.0
2026-02-19 00:00:00-05:00,5.032098861844439,5.885495613552654,5.032098861844439,5.659884929656982,495000,0.0,0.0
2026-02-20 00:00:00-05:00,5.630457039446882,5.7972128172244295,5.615743431918613,5.728549003601074,253700,0.0,0.0
2026-02-23 00:00:00-05:00,5.718739777117858,5.821735968118143,5.633400196278606,5.7874040603637695,197800,0.0,0.0
2026-02-24 00:00:00-05:00,5.787404058255573,5.802117666182493,5.659884875589831,5.699121475219727,119500,0.0,0.0
2026-02-25 00:00:00-05:00,5.669694413977058,5.895305101869888,5.669694413977058,5.846259117126465,209500,0.0,0.0
2026-02-26 00:00:00-05:00,5.846258799202771,5.929636688090136,5.797212817126503,5.905113697052002,176700,0.0,0.0
2026-02-27 00:00:00-05:00,5.816831330955795,5.865877314841059,5.718739830922432,5.748167514801025,193700,0.0,0.0
2026-03-02 00:00:00-05:00,5.708930506001727,6.037537358386588,5.640266227026472,5.973777770996094,279000,0.0,0.0
2026-03-03 00:00:00-05:00,5.924732103355424,6.3857628464412075,5.777594622205979,6.356335163116455,459900,0.0,0.0
2026-03-04 00:00:00-05:00,6.385763157836911,6.552518479018312,6.313175024675217,6.474045276641846,441800,0.0,0.0
2026-03-05 00:00:00-05:00,6.395571602082278,6.483854182106517,6.189579227183817,6.29748010635376,271600,0.0,0.0
2026-03-06 00:00:00-05:00,6.199388712086548,6.199388712086548,6.003205249681559,6.1307244300842285,233600,0.0,0.0
2026-03-09 00:00:00-04:00,6.130724593331032,6.130724593331032,5.816831325767104,6.013014793395996,253800,0.0,0.0
2026-03-10 00:00:00-04:00,5.963968703001551,6.1797704667640785,5.939445711518924,6.091487884521484,214800,0.0,0.0
2026-03-11 00:00:00-04:00,5.954159993178726,6.1405340800667805,5.954159993178726,6.1111063957214355,297500,0.0,0.0
2026-03-12 00:00:00-04:00,6.042442166511388,6.101297068008127,5.949255356075845,5.983587265014648,179400,0.0,0.0
2026-03-13 00:00:00-04:00,5.993396705025163,6.03753799849366,5.9051141180881705,5.944350719451904,189500,0.0,0.0
2026-03-16 00:00:00-04:00,6.0326330391459555,6.145438146135179,6.01301473933317,6.05225133895874,220100,0.0,0.0
2026-03-17 00:00:00-04:00,6.091487626713706,6.2190068028366925,6.08167824344095,6.19938850402832,294300,0.0,0.0
2026-03-18 00:00:00-04:00,6.17977051941586,6.209197735256006,5.9443504540088785,5.963968753814697,201300,0.0,0.0
2026-03-19 00:00:00-04:00,5.944350300082939,6.0424417965720005,5.895304785706983,5.993396282196045,416900,0.0,0.0
2026-03-20 00:00:00-04:00,6.0032054135667865,6.0032054135667865,5.650076013524388,5.659884929656982,542500,0.0,0.0
2026-03-23 00:00:00-04:00,5.816831588745117,5.91492356086287,5.733453693087341,5.816831588745117,184700,0.0,0.0
2026-03-24 00:00:00-04:00,5.728549315324579,5.875686334088144,5.669694414271718,5.757976531982422,172400,0.0,0.0
2026-03-25 00:00:00-04:00,5.865877259652146,5.944350458940524,5.767785760541675,5.7874040603637695,196400,0.0,0.0
2026-03-26 00:00:00-04:00,5.748167351042139,5.8315452406294455,5.72854905159437,5.777594566345215,146600,0.0,0.0
2026-03-27 00:00:00-04:00,5.7383581283636875,5.7383581283636875,5.54217512838467,5.5716023445129395,235400,0.0,0.0
2026-03-30 00:00:00-04:00,5.68931272405903,5.807022526359987,5.640266739231709,5.669694423675537,272400,0.0,0.0
2026-03-31 00:00:00-04:00,5.767785812229124,5.7775947283594915,5.551984044515038,5.5716023445129395,671100,0.0,0.0
2026-04-01 00:00:00-04:00,5.561792952648208,5.601029549287865,5.296945691461967,5.4833197593688965,459600,0.0,0.0
2026-04-02 00:00:00-04:00,5.306755276322791,5.424465548830749,5.208663772347147,5.32637357711792,287300,0.0,0.0
2026-04-06 00:00:00-04:00,5.26751835932098,5.473510739203893,5.208663460459742,5.385228157043457,249600,0.0,0.0
2026-04-07 00:00:00-04:00,5.355800628662109,5.395037225611221,5.247899753183488,5.355800628662109,217400,0.0,0.0
2026-04-08 00:00:00-04:00,5.522556356008552,5.596124857773626,5.46860568482618,5.4833197593688965,237200,0.0,0.0
2026-04-09 00:00:00-04:00,5.493129098151773,5.605934672990349,5.4048469827750205,5.522556781768799,234700,0.0,0.0
2026-04-10 00:00:00-04:00,5.522556779705691,5.542175079530658,5.355800997324886,5.434274196624756,252100,0.0,0.0
2026-04-13 00:00:00-04:00,5.404847081577758,5.571602399332049,5.404847081577758,5.532365798950195,235700,0.0,0.0
2026-04-14 00:00:00-04:00,5.522556678707215,5.699121373902844,5.522556678707215,5.68931245803833,248200,0.0,0.0
2026-04-15 00:00:00-04:00,5.659884870885592,5.885495552438556,5.659884870885592,5.875686168670654,240000,0.0,0.0
2026-04-16 00:00:00-04:00,5.846258905169532,6.184674690870877,5.846258905169532,6.091487884521484,404100,0.0,0.0
2026-04-17 00:00:00-04:00,6.189579067422643,6.346525456537279,6.101296489677092,6.326907157897949,434200,0.0,0.0
2026-04-20 00:00:00-04:00,6.34652572796914,6.34652572796914,6.194484023946013,6.2190070152282715,352800,0.0,0.0
2026-04-21 00:00:00-04:00,6.219006874000134,6.2684427296070115,6.164627809996776,6.228894233703613,214300,0.05,0.0
2026-04-22 00:00:00-04:00,6.219006845132039,7.365914163917265,6.194288917443338,7.2472686767578125,1041900,0.0,0.0
2026-04-23 00:00:00-04:00,7.3560273369884515,7.672415776837671,6.985259832935335,7.079187393188477,460900,0.0,0.0
2026-04-24 00:00:00-04:00,7.128622997612676,7.3263654708862305,6.9308805243391225,7.3263654708862305,347300,0.0,0.0
2026-04-27 00:00:00-04:00,7.4647856194076185,7.545859891424267,7.346139664850104,7.494446754455566,469800,0.0,0.0
2026-04-28 00:00:00-04:00,7.445011463356382,7.642753937614019,7.385688249623843,7.553769588470459,464700,0.0,0.0
2026-04-29 00:00:00-04:00,7.405462460020358,7.7020766413789135,7.267042728732147,7.42523717880249,536200,0.0,0.0
2026-04-30 00:00:00-04:00,7.217607532618966,8.097561797127854,7.217607532618966,7.346139907836914,602500,0.0,0.0
2026-05-01 00:00:00-04:00,7.336252955188749,7.672415636932733,7.094018303440409,7.613092422485352,454500,0.0,0.0
2026-05-04 00:00:00-04:00,7.563657102736388,7.830609684176249,7.24726866599256,7.445011615753174,515900,0.0,0.0
2026-05-05 00:00:00-04:00,7.504334068863252,7.612103550360173,7.346139620885071,7.3659138679504395,324400,0.0,0.0
2026-05-06 00:00:00-04:00,7.435124278815571,7.870158203871115,7.435124278815571,7.771286964416504,390400,0.0,0.0
2026-05-07 00:00:00-04:00,7.810835215211167,7.978916081284512,7.751512473399061,7.8207221031188965,304700,0.0,0.0
2026-05-08 00:00:00-04:00,7.7811735042628,8.06295664195652,7.756455577641982,8.058012962341309,370900,0.0,0.0
2026-05-11 00:00:00-04:00,8.0679006410973,8.20632084707386,7.613092470500613,7.642754077911377,315800,0.0,0.0
2026-05-12 00:00:00-04:00,7.583431097676733,7.70207658070339,7.539927565318196,7.593317985534668,246600,0.0,0.0
2026-05-13 00:00:00-04:00,7.593317985534668,7.6921896928454565,7.49444674967912,7.593317985534668,326200,0.0,0.0
2026-05-14 00:00:00-04:00,7.702076523979294,7.899818994234058,7.573543682586077,7.8602705001831055,415300,0.0,0.0
2026-05-15 00:00:00-04:00,7.82072234841618,7.899819339979868,7.563657125834193,7.771286964416504,375900,0.0,0.0
2026-05-18 00:00:00-04:00,7.820722240911716,8.038239436177104,7.697133075428509,8.008578300476074,403600,0.0,0.0
2026-05-19 00:00:00-04:00,8.028351690599816,8.221150477751607,7.904762531059344,8.16677188873291,325800,0.0,0.0
2026-05-20 00:00:00-04:00,8.186546305658835,8.572144853098509,8.166772528895805,8.384288787841797,659500,0.0,0.0
2026-05-21 00:00:00-04:00,8.423838218098657,8.789662045470003,8.384288778794211,8.582032203674316,493800,0.0,0.0
2026-05-22 00:00:00-04:00,8.641354166740825,8.779774370607997,8.438668012130979,8.488103866577148,438500,0.0,0.0
2026-05-26 00:00:00-04:00,8.562256911819707,8.651241258486962,8.404062936815906,8.621580123901367,397500,0.0,0.0
2026-05-27 00:00:00-04:00,8.661128562444032,8.759999324735945,8.5029345884486,8.591917991638184,456000,0.0,0.0
2026-05-28 00:00:00-04:00,8.730338518611132,8.928080993540787,8.710564742573414,8.799548149108887,679400,0.0,0.0
2026-05-29 00:00:00-04:00,8.789662161441992,9.04672691993892,8.6018060939094,8.868759155273438,3690500,0.0,0.0
2026-06-01 00:00:00-04:00,8.8687591245116,8.8687591245116,8.483160573737864,8.64135456085205,800400,0.0,0.0
2026-06-02 00:00:00-04:00,8.601805356052278,8.809435182777113,8.55731318297478,8.789661407470703,388200,0.0,0.0
2026-06-03 00:00:00-04:00,8.789661402042935,8.86875838904065,8.572144216343986,8.591917991638184,355100,0.0,0.0
2026-06-04 00:00:00-04:00,8.631466724609028,8.750113151307799,8.532595959574037,8.740225791931152,482400,0.0,0.0
2026-06-05 00:00:00-04:00,8.651241399347093,8.710564612394657,8.493047421767566,8.512821197509766,396700,0.0,0.0
2026-06-08 00:00:00-04:00,8.631466546915393,8.651241265261586,8.374401808788146,8.423837661743164,268200,0.0,0.0
2026-06-09 00:00:00-04:00,8.522708834019243,8.750113391368528,8.512821474371336,8.690790176391602,440500,0.0,0.0
2026-06-10 00:00:00-04:00,8.72045078622826,8.896442194281635,8.532595678805878,8.562256813049316,361600,0.0,0.0
2026-06-11 00:00:00-04:00,8.641354031417936,8.918194434816986,8.522708548351408,8.908307075500488,726300,0.0,0.0
2026-06-12 00:00:00-04:00,8.997292048069438,9.066501682268104,8.819323339660817,8.898420333862305,901200,0.0,0.0
2026-06-15 00:00:00-04:00,8.987404550097951,9.03684040644261,8.769887347927765,8.809435844421387,433400,0.0,0.0
2026-06-16 00:00:00-04:00,8.839096904224984,9.036840327884626,8.542483654556571,8.552370071411133,358200,0.0,0.0
2026-06-17 00:00:00-04:00,8.522708420585598,8.59686172852672,8.097561405454481,8.226094245910645,495000,0.0,0.0
2026-06-18 00:00:00-04:00,8.384288533783783,8.443611748096345,7.973972542095954,8.008578300476074,1161500,0.0,0.0
2026-06-22 00:00:00-04:00,8.058013609147762,8.28541817514858,7.978916614776316,8.275530815124512,420100,0.0,0.0
2026-06-23 00:00:00-04:00,8.216208376302971,8.636410796896868,8.097561944210694,8.582032203674316,626800,0.0,0.0
2026-06-24 00:00:00-04:00,8.661128900972908,8.680902677039985,8.481182918501075,8.601805686950684,384400,0.0,0.0
2026-06-25 00:00:00-04:00,8.64135398692721,8.740225693762177,8.295304898825785,8.680902481079102,399100,0.0,0.0
2026-06-26 00:00:00-04:00,8.710564996258187,9.244470165572853,8.680902916971993,9.175259590148926,2194800,0.0,0.0
2026-06-29 00:00:00-04:00,9.254356384277344,9.264243743827707,8.94785578150009,9.254356384277344,611500,0.0,0.0
2026-06-30 00:00:00-04:00,9.18514663728782,9.239526171217802,8.759999611094479,8.76988697052002,500000,0.0,0.0
2026-07-01 00:00:00-04:00,8.789662202562896,9.11593753937167,8.68090312835294,8.898420333862305,546300,0.0,0.0
2026-07-02 00:00:00-04:00,9.017065099528113,9.073421915516304,8.819322629937457,8.848983764648438,342000,0.0,0.0
2026-07-06 00:00:00-04:00,8.641354518975719,8.839097001910186,8.536550955874926,8.611693382263184,373800,0.0,0.0
2026-07-07 00:00:00-04:00,8.631467020968083,8.789661947694526,8.507877853248079,8.522708892822266,376700,0.0,0.0
2026-07-08 00:00:00-04:00,8.493047997275376,8.572144991424928,8.334854008976274,8.473273277282715,520800,0.0,0.0
2026-07-09 00:00:00-04:00,8.769887389545612,9.204921795950456,8.61169340282041,8.839097023010254,553200,0.0,0.0
2026-07-10 00:00:00-04:00,8.878645613856659,8.908307693865128,8.740226345459329,8.898420333862305,233700,0.0,0.0
2026-07-13 00:00:00-04:00,8.868758445572423,8.93796807390897,8.621580123901367,8.621580123901367,445600,0.0,0.0
2026-07-14 00:00:00-04:00,8.76988706707617,8.848984057530368,8.714519362340331,8.82921028137207,409000,0.0,0.0
2026-07-15 00:00:00-04:00,8.809435465311692,8.967629444478378,8.680902621511136,8.76988697052002,298500,0.0,0.0
2026-07-16 00:00:00-04:00,8.680903087740845,8.982460966042323,8.65915202732905,8.868759155273438,739000,0.0,0.0
2026-07-17 00:00:00-04:00,8.819322486575627,8.937967966401388,8.720450781932266,8.75999927520752,481300,0.0,0.0
2026-07-20 00:00:00-04:00,8.760000228881836,8.760000228881836,8.555000305175781,8.579999923706055,323500,0.1,0.0
2026-07-21 00:00:00-04:00,8.569999694824219,9.350000381469727,8.53499984741211,9.199999809265137,696300,0.0,0.0
2026-07-22 00:00:00-04:00,9.289999961853027,9.300000190734863,8.829999923706055,9.130000114440918,663800,0.0,0.0
2026-07-23 00:00:00-04:00,8.9399995803833,9.34000015258789,8.920000076293945,9.1899995803833,533100,0.0,0.0
2026-07-24 00:00:00-04:00,9.289999961853027,9.430000305175781,9.175000190734863,9.199999809265137,252700,0.0,0.0
2026-07-27 00:00:00-04:00,9.279999732971191,9.369999885559082,8.960000038146973,9.010000228881836,330200,0.0,0.0
2026-07-28 00:00:00-04:00,9.109999656677246,9.175000190734863,8.96500015258789,9.050000190734863,225600,0.0,0.0
2026-07-29 00:00:00-04:00,9.0600004196167,9.130000114440918,8.680000305175781,8.729999542236328,341400,0.0,0.0
2026-07-30 00:00:00-04:00,8.069999694824219,8.5,7.78000020980835,8.470000267028809,419000,0.0,0.0
2026-07-31 00:00:00-04:00,8.470000267028809,8.829999923706055,8.409000396728516,8.609999656677246,626600,0.0,0.0
2026-08-03 00:00:00-04:00,8.65999984741211,8.869999885559082,8.579999923706055,8.75,486400,0.0,0.0
2026-08-04 00:00:00-04:00,8.699999809265137,8.760000228881836,8.539999961853027,8.675000190734863,332000,0.0,0.0
2026-08-05 00:00:00-04:00,8.630000114440918,8.8100004196167,8.520000457763672,8.75,404700,0.0,0.0
2026-08-06 00:00:00-04:00,8.779999732971191,8.779999732971191,8.460000038146973,8.609999656677246,445700,0.0,0.0
2026-08-07 00:00:00-04:00,8.649999618530273,8.779999732971191,8.59000015258789,8.779999732971191,234800,0.0,0.0
2026-08-10 00:00:00-04:00,8.6899995803833,8.892000198364258,8.550000190734863,8.739999771118164,300500,0.0,0.0
2026-08-11 00:00:00-04:00,8.850000381469727,8.960000038146973,8.593000411987305,8.850000381469727,224000,0.0,0.0
2026-08-12 00:00:00-04:00,8.960000038146973,9.119999885559082,8.880000114440918,9.069999694824219,308400,0.0,0.0
2026-08-13 00:00:00-04:00,9.140000343322754,9.300000190734863,8.960000038146973,9.149999618530273,650900,0.0,0.0
2026-08-14 00:00:00-04:00,9.170000076293945,9.25,8.824999809265137,8.920000076293945,250200,0.0,0.0
2026-08-17 00:00:00-04:00,8.920000076293945,8.994999885559082,8.609999656677246,8.670000076293945,245500,0.0,0.0
2026-08-18 00:00:00-04:00,8.65999984741211,8.819999694824219,8.420000076293945,8.430000305175781,225662,0.0,0.0
