Date,Open,High,Low,Close,Volume,Dividends,Stock Splits
2022-01-03 00:00:00-05:00,5.584247780298729,5.6424166928516435,5.578430722619891,5.601698398590088,443600,0.0,0.0
2022-01-04 00:00:00-05:00,5.619149784133863,5.6482345217541985,5.5784314843125316,5.5842485427856445,289400,0.0,0.0
2022-01-05 00:00:00-05:00,5.59006419338546,5.613331868981684,5.520261166596787,5.526078224182129,268300,0.0,0.0
2022-01-06 00:00:00-05:00,5.537713900774394,5.5958828287937745,5.520262723097809,5.572615146636963,146400,0.0,0.0
2022-01-07 00:00:00-05:00,5.584248975100385,5.601699597125466,5.560981294151853,5.5900654792785645,224700,0.0,0.0
2022-01-10 00:00:00-05:00,5.584249619561821,5.584249619561821,5.520263073509909,5.578432559967041,343000,0.0,0.0
2022-01-11 00:00:00-05:00,5.584249619561821,5.601700243600826,5.549347816738475,5.578432559967041,293000,0.0,0.0
2022-01-12 00:00:00-05:00,5.579601033959016,5.603044712297442,5.491686820983887,5.491686820983887,637900,0.072,0.0
2022-01-13 00:00:00-05:00,5.520994451541503,5.556159708004396,5.503411823310056,5.538577079772949,260200,0.0,0.0
2022-01-14 00:00:00-05:00,5.538576524748997,5.538576524748997,5.444801771656272,5.456523895263672,521500,0.0,0.0
2022-01-18 00:00:00-05:00,5.421358328800119,5.450663080203584,5.397914639465676,5.427219390869141,327400,0.0,0.0
2022-01-19 00:00:00-05:00,5.438940525054932,5.462384212531572,5.397914211706211,5.438940525054932,306600,0.0,0.0
2022-01-20 00:00:00-05:00,5.462384212531572,5.4975500232173315,5.42721896078741,5.438940525054932,250800,0.0,0.0
2022-01-21 00:00:00-05:00,5.42721919584457,5.456523946194982,5.362748633285339,5.386192321777344,631600,0.0,0.0
2022-01-24 00:00:00-05:00,5.345165694350884,5.36860938147315,5.192781448585363,5.3568878173828125,811100,0.0,0.0
2022-01-25 00:00:00-05:00,5.2806978709673515,5.409637923812336,5.268975743104087,5.36275053024292,291300,0.0,0.0
2022-01-26 00:00:00-05:00,5.403774978043499,5.438940227866198,5.2455296770166475,5.292417049407959,925200,0.0,0.0
2022-01-27 00:00:00-05:00,5.32172367573564,5.333445802442778,5.280697350144189,5.304141044616699,389200,0.0,0.0
2022-01-28 00:00:00-05:00,5.292417700634668,5.339305078795424,5.233808757404541,5.286557197570801,297200,0.0,0.0
2022-01-31 00:00:00-05:00,5.292416333449717,5.345164759989525,5.280694771408366,5.321721076965332,357600,0.0,0.0
2022-02-01 00:00:00-05:00,5.345167897389843,5.3803337220378165,5.315863136673503,5.36275053024292,371500,0.0,0.0
2022-02-02 00:00:00-05:00,5.397915332070332,5.438941653934269,5.39205426924928,5.433081150054932,271500,0.0,0.0
2022-02-03 00:00:00-05:00,5.409636010269349,5.421358133986162,5.368609695143745,5.386192321777344,234400,0.0,0.0
2022-02-04 00:00:00-05:00,5.38619106554649,5.38619106554649,5.280694771408366,5.321721076965332,380900,0.0,0.0
2022-02-07 00:00:00-05:00,5.333444176885742,5.397914177300175,5.321722053751339,5.368609428405762,279400,0.0,0.0
2022-02-08 00:00:00-05:00,5.374469025783946,5.450661128575449,5.345164284873146,5.3803300857543945,214600,0.0,0.0
2022-02-09 00:00:00-05:00,5.392051646753849,5.421356387664649,5.374469025783946,5.3803300857543945,288700,0.0,0.0
2022-02-10 00:00:00-05:00,5.357885472174387,5.440587327833374,5.334256451037576,5.346071243286133,220800,0.072,0.0
2022-02-11 00:00:00-05:00,5.375604233296317,5.375604233296317,5.257458639576444,5.275180816650391,467800,0.0,0.0
2022-02-14 00:00:00-05:00,5.275183051377154,5.286997277738039,5.186573818549704,5.2161102294921875,678100,0.0,0.0
2022-02-15 00:00:00-05:00,5.245645046234131,5.30471728680631,5.233830260103689,5.245645046234131,338200,0.0,0.0
2022-02-16 00:00:00-05:00,5.263367807449827,5.3401622439291785,5.263367807449827,5.3224406242370605,257700,0.0,0.0
2022-02-17 00:00:00-05:00,5.304719668319159,5.316534459753759,5.2220183817180015,5.227925777435303,405400,0.0,0.0
2022-02-18 00:00:00-05:00,5.251553893486141,5.263368119528003,5.180666847154471,5.210202693939209,295200,0.0,0.0
2022-02-22 00:00:00-05:00,5.19838829440934,5.216109914560785,5.145222870594857,5.186573505401611,372200,0.0,0.0
2022-02-23 00:00:00-05:00,5.198386966075931,5.210201188704648,5.15112894884106,5.174757957458496,293000,0.0,0.0
2022-02-24 00:00:00-05:00,5.074334529994393,5.174757957458496,5.0329839057538805,5.174757957458496,514100,0.0,0.0
2022-02-25 00:00:00-05:00,5.192479635367161,5.281088277905437,5.174758019531509,5.245645046234131,133500,0.0,0.0
2022-02-28 00:00:00-05:00,5.239738305962992,5.286996329652392,5.216109294118291,5.269274711608887,188100,0.0,0.0
2022-03-01 00:00:00-05:00,5.316534826025044,5.363792868298665,5.2988132010125115,5.346071243286133,434600,0.0,0.0
2022-03-02 00:00:00-05:00,5.351976323947093,5.399234345775142,5.328347313033068,5.38151216506958,201900,0.0,0.0
2022-03-03 00:00:00-05:00,5.393325957445407,5.411047571522284,5.351975336812711,5.3637895584106445,186100,0.0,0.0
2022-03-04 00:00:00-05:00,5.363792868298665,5.363792868298665,5.2988132010125115,5.346071243286133,251100,0.0,0.0
2022-03-07 00:00:00-05:00,5.351978270697301,5.351978270697301,5.227925777435303,5.227925777435303,230500,0.0,0.0
2022-03-08 00:00:00-05:00,5.227924046936782,5.257459889026081,5.168851236038031,5.251553058624268,255300,0.0,0.0
2022-03-09 00:00:00-05:00,5.322438579740028,5.322438579740028,5.251551564841105,5.281087398529053,182400,0.0,0.0
2022-03-10 00:00:00-05:00,5.27037003980774,5.27037003980774,5.181041397138259,5.198906898498535,196200,0.072,0.0
2022-03-11 00:00:00-05:00,5.198907965882343,5.246550259181232,5.067893505096435,5.0678935050964355,348300,0.0,0.0
2022-03-14 00:00:00-04:00,5.079802599679253,5.079802599679253,4.924967308300664,4.948788166046143,634700,0.0,0.0
2022-03-15 00:00:00-04:00,4.97261097047853,5.038118212939981,4.954744894224641,5.020252704620361,234500,0.0,0.0
2022-03-16 00:00:00-04:00,5.067892588821409,5.169131378901014,5.067892588821409,5.11553430557251,214800,0.0,0.0
2022-03-17 00:00:00-04:00,5.115534180194544,5.204862254929977,5.115534180194544,5.198906898498535,128900,0.0,0.0
2022-03-18 00:00:00-04:00,5.204862097764566,5.228682954836993,5.169131096122941,5.181041240692139,149400,0.0,0.0
2022-03-21 00:00:00-04:00,5.175087272514192,5.181042630363167,5.097669892214262,5.109580039978027,114300,0.0,0.0
2022-03-22 00:00:00-04:00,5.1155342867853815,5.121489643340913,5.055981857098184,5.0917134284973145,378600,0.0,0.0
2022-03-23 00:00:00-04:00,5.097669878568898,5.097669878568898,5.0500275838388164,5.085759162902832,237900,0.0,0.0
2022-03-24 00:00:00-04:00,5.109580039978027,5.121490755675976,5.055982955205627,5.109580039978027,190000,0.0,0.0
2022-03-25 00:00:00-04:00,5.115535828738162,5.115535828738162,4.966655277577839,5.014297008514404,567300,0.0,0.0
2022-03-28 00:00:00-04:00,5.032162328343825,5.038117686472805,4.97261045085665,5.026206970214844,310500,0.0,0.0
2022-03-29 00:00:00-04:00,5.044072504840864,5.091714228906196,5.032161789857456,5.073848724365234,219200,0.0,0.0
2022-03-30 00:00:00-04:00,5.085757480758561,5.163175403179009,5.085757480758561,5.12148904800415,226600,0.0,0.0
2022-03-31 00:00:00-04:00,5.127444351689666,5.181041423982243,5.127444351689666,5.169131278991699,206300,0.0,0.0
2022-04-01 00:00:00-04:00,5.18699602835174,5.23463773727417,5.163175173890525,5.23463773727417,226500,0.0,0.0
2022-04-04 00:00:00-04:00,5.240594436573218,5.318012375405792,5.234639079447454,5.312057018280029,261500,0.0,0.0
2022-04-05 00:00:00-04:00,5.3180124975773655,5.3299226441683905,5.252504703557281,5.282280921936035,151200,0.0,0.0
2022-04-06 00:00:00-04:00,5.252504655297214,5.252504655297214,5.18104207260528,5.210818290710449,169800,0.0,0.0
2022-04-07 00:00:00-04:00,5.216773014069925,5.222728370554195,5.139355083576565,5.1929521560668945,281300,0.0,0.0
2022-04-08 00:00:00-04:00,5.19415348771314,5.19415348771314,5.116091565854887,5.128100872039795,164100,0.072,0.0
2022-04-11 00:00:00-04:00,5.116090750100465,5.134104992836749,5.044032633830431,5.068051815032959,270700,0.0,0.0
2022-04-12 00:00:00-04:00,5.086066630431693,5.116090750100465,5.062047449229166,5.068051815032959,148200,0.0,0.0
2022-04-13 00:00:00-04:00,5.068051966346636,5.146114450751127,5.068051966346636,5.110085964202881,226800,0.0,0.0
2022-04-14 00:00:00-04:00,5.092070389117532,5.116090140118681,5.074056148529053,5.074056148529053,269500,0.0,0.0
2022-04-18 00:00:00-04:00,5.074057522550524,5.104081646769913,5.0260191528645155,5.0500383377075195,187500,0.0,0.0
2022-04-19 00:00:00-04:00,5.068051210778765,5.08006108627934,5.050036970190286,5.074056148529053,180000,0.0,0.0
2022-04-20 00:00:00-04:00,5.092072133283074,5.194153819354027,5.074057886524253,5.188149452209473,216700,0.0,0.0
2022-04-21 00:00:00-04:00,5.116090140118681,5.206161915723459,5.062046845690861,5.074056148529053,228800,0.0,0.0
2022-04-22 00:00:00-04:00,5.080061663910536,5.080061663910536,5.032023301770775,5.038028240203857,211700,0.0,0.0
2022-04-25 00:00:00-04:00,5.05604261155194,5.05604261155194,4.995994371017372,5.0320234298706055,249500,0.0,0.0
2022-04-26 00:00:00-04:00,5.038028788143162,5.056043032739201,4.9839854816925335,5.008004665374756,139600,0.0,0.0
2022-04-27 00:00:00-04:00,5.038027668785774,5.038027668785774,4.995993677184184,5.020012855529785,151100,0.0,0.0
2022-04-28 00:00:00-04:00,5.044032033875387,5.044032033875387,5.0080035526881765,5.020012855529785,141600,0.0,0.0
2022-04-29 00:00:00-04:00,5.020014229628482,5.03802904781556,4.983985738579406,4.995995044708252,190800,0.0,0.0
2022-05-02 00:00:00-04:00,5.014009862895329,5.03802904781556,4.965971493054869,4.995995044708252,246600,0.0,0.0
2022-05-03 00:00:00-04:00,4.995993550526605,5.050036843599708,4.995993550526605,5.026017665863037,169800,0.0,0.0
2022-05-04 00:00:00-04:00,5.038028268026638,5.068051815032959,5.01400908682411,5.068051815032959,176600,0.0,0.0
2022-05-05 00:00:00-04:00,5.032022539484728,5.062046654439428,4.983984184622154,5.001998424530029,220900,0.0,0.0
2022-05-06 00:00:00-04:00,4.989988993412639,4.995993358118787,4.935945702420874,4.953959941864014,239500,0.0,0.0
2022-05-09 00:00:00-04:00,4.929942626275346,4.941951932883916,4.857885068636234,4.875899314880371,301800,0.0,0.0
2022-05-10 00:00:00-04:00,4.881903239143692,4.935946539298364,4.827859938989019,4.851879119873047,333500,0.0,0.0
2022-05-11 00:00:00-04:00,4.853092005487301,4.89550335999801,4.725857364143804,4.750092506408691,429600,0.072,0.0
2022-05-12 00:00:00-04:00,4.725856852057778,4.744033062334057,4.634974933959427,4.677386283874512,566200,0.0,0.0
2022-05-13 00:00:00-04:00,4.719797316798987,4.72585624538371,4.665268115158942,4.707679748535156,207800,0.0,0.0
2022-05-16 00:00:00-04:00,4.707678857087737,4.7379729164636295,4.701620218555896,4.725855350494385,223200,0.0,0.0
2022-05-17 00:00:00-04:00,4.744032007538168,4.919736875305834,4.725855801303218,4.877325534820557,426000,0.0,0.0
2022-05-18 00:00:00-04:00,4.840972802753369,4.859149587769035,4.774326324462891,4.774326324462891,132800,0.0,0.0
2022-05-19 00:00:00-04:00,4.768268718654514,4.804621432051843,4.731916005257184,4.750092506408691,191200,0.0,0.0
2022-05-20 00:00:00-04:00,4.786445459012513,4.81068060248857,4.725857600322369,4.7440338134765625,271200,0.0,0.0
2022-05-23 00:00:00-04:00,4.7440338134765625,4.774327887274484,4.713740028584341,4.7440338134765625,339400,0.0,0.0
2022-05-24 00:00:00-04:00,4.737974587892554,4.74403322856172,4.671327807097751,4.7197980880737305,269300,0.0,0.0
2022-05-25 00:00:00-04:00,4.725857364143804,4.7743276486735775,4.713739793011362,4.750092506408691,181400,0.0,0.0
2022-05-26 00:00:00-04:00,4.762208216468092,4.859149036548807,4.756149288816859,4.810678482055664,326100,0.0,0.0
2022-05-27 00:00:00-04:00,4.828854266639721,4.9439712818371255,4.828854266639721,4.925795078277588,173100,0.0,0.0
2022-05-31 00:00:00-04:00,4.913678061888407,4.919736990045091,4.865207792257317,4.9015607833862305,174200,0.0,0.0
2022-06-01 00:00:00-04:00,4.950029732590287,4.950029732590287,4.859148145727577,4.883383274078369,228700,0.0,0.0
2022-06-02 00:00:00-04:00,4.895503362986399,4.96820878982544,4.871268220706718,4.9682087898254395,290300,0.0,0.0
2022-06-03 00:00:00-04:00,4.943972587585449,4.943972587585449,4.913678521777886,4.943972587585449,155000,0.0,0.0
2022-06-06 00:00:00-04:00,4.950032363687589,4.950032363687589,4.895503151461563,4.919738292694092,243900,0.0,0.0
2022-06-07 00:00:00-04:00,4.919738505266079,4.96820878982544,4.919738505266079,4.9682087898254395,126900,0.0,0.0
2022-06-08 00:00:00-04:00,4.96820892377603,4.97426785396215,4.919738637909835,4.950032711029053,198000,0.0,0.0
2022-06-09 00:00:00-04:00,4.950030318657475,4.962147595361997,4.925795187437323,4.937912464141846,156000,0.0,0.0
2022-06-10 00:00:00-04:00,4.9085738691489835,4.914686803620618,4.786318094523897,4.829107761383057,324700,0.072,0.0
2022-06-13 00:00:00-04:00,4.633497815734597,4.725189784235986,4.535693204789508,4.566256999969482,717000,0.0,0.0
2022-06-14 00:00:00-04:00,4.572368342901066,4.596819487129363,4.4745637659878765,4.511240482330322,310400,0.0,0.0
2022-06-15 00:00:00-04:00,4.517353708675261,4.572368936066272,4.50512813497511,4.53569221496582,271100,0.0,0.0
2022-06-16 00:00:00-04:00,4.462339270032671,4.474564845095197,4.358421736260845,4.364534378051758,385600,0.0,0.0
2022-06-17 00:00:00-04:00,4.401210688631191,4.425661836452867,4.346195751772756,4.358421325683594,313900,0.0,0.0
2022-06-21 00:00:00-04:00,4.388985329775116,4.4317749863000255,4.3767597552652395,4.407323837280273,269400,0.0,0.0
2022-06-22 00:00:00-04:00,4.407323295211338,4.437887373467211,4.3584210031864625,4.413435935974121,364700,0.0,0.0
2022-06-23 00:00:00-04:00,4.456225624855248,4.486789703369141,4.401210400122505,4.486789703369141,239500,0.0,0.0
2022-06-24 00:00:00-04:00,4.554032342455687,4.774093052963903,4.54180676362083,4.7496418952941895,1153700,0.0,0.0
2022-06-27 00:00:00-04:00,4.761865193926056,4.804654845098772,4.749639620945373,4.774090766906738,633700,0.0,0.0
2022-06-28 00:00:00-04:00,4.767977250292404,4.829105103966799,4.688510894775391,4.688510894775391,441000,0.0,0.0
2022-06-29 00:00:00-04:00,4.719076224257229,4.829106688454041,4.694625074764758,4.822993755340576,381500,0.0,0.0
2022-06-30 00:00:00-04:00,4.810768351913539,4.847445077458362,4.780204559699872,4.84133243560791,264000,0.0,0.0
2022-07-01 00:00:00-04:00,4.841332263200276,4.878008987438982,4.798542605848105,4.822993755340576,221400,0.0,0.0
2022-07-05 00:00:00-04:00,4.810767284626793,4.8657825064790465,4.767977926724497,4.83521842956543,300000,0.0,0.0
2022-07-06 00:00:00-04:00,4.847445011138916,4.865783519400784,4.792430069314711,4.847445011138916,241700,0.0,0.0
2022-07-07 00:00:00-04:00,4.859669574504068,4.8657825064790465,4.822992857096112,4.83521842956543,240700,0.0,0.0
2022-07-08 00:00:00-04:00,4.805608079084654,4.836452921411723,4.756256566687917,4.817945957183838,153800,0.072,0.0
2022-07-11 00:00:00-04:00,4.793270766413151,4.83645349193336,4.657554091312603,4.7007365226745605,611600,0.0,0.0
2022-07-12 00:00:00-04:00,4.669892471955992,4.7809333998622625,4.6328788293205685,4.639047622680664,273700,0.0,0.0
2022-07-13 00:00:00-04:00,4.589696457359523,4.682230718248856,4.546513723835619,4.676061630249023,217300,0.0,0.0
2022-07-14 00:00:00-04:00,4.657554591077518,4.657554591077518,4.577358218288292,4.639047622680664,185400,0.0,0.0
2022-07-15 00:00:00-04:00,4.67605968802316,4.688397564739915,4.58969455100587,4.595863342285156,199100,0.0,0.0
2022-07-18 00:00:00-04:00,4.614369920781465,4.651383547854265,4.5773562937086645,4.620538711547852,247400,0.0,0.0
2022-07-19 00:00:00-04:00,4.626708547701604,4.657553389016231,4.5773570369247665,4.6452155113220215,280600,0.0,0.0
2022-07-20 00:00:00-04:00,4.6452163559150925,4.700736668554631,4.608202421944385,4.682229995727539,179200,0.0,0.0
2022-07-21 00:00:00-04:00,4.682228522594539,4.682228522594539,4.626707933264747,4.663721561431885,156000,0.0,0.0
2022-07-22 00:00:00-04:00,4.688398923557888,4.7315816516610845,4.632878609320373,4.713074684143066,176500,0.0,0.0
2022-07-25 00:00:00-04:00,4.719242415346144,4.811776638031006,4.713073329893333,4.811776638031006,169900,0.0,0.0
2022-07-26 00:00:00-04:00,4.811776638031006,4.842621182820504,4.73158029209358,4.811776638031006,110600,0.0,0.0
2022-07-27 00:00:00-04:00,4.836452921411723,4.842621713382207,4.780932322886286,4.817945957183838,165500,0.0,0.0
2022-07-28 00:00:00-04:00,4.824115451959116,4.891973640173728,4.805608486163522,4.873466968536377,196000,0.0,0.0
2022-07-29 00:00:00-04:00,4.904311816995909,4.996846357432221,4.904311816995909,4.966001510620117,244200,0.0,0.0
2022-08-01 00:00:00-04:00,5.027690571206746,5.101718438223929,4.996846312985519,5.089380264282227,505300,0.0,0.0
2022-08-02 00:00:00-04:00,5.064703798277556,5.11405531052766,5.058534712167185,5.083210468292236,234900,0.0,0.0
2022-08-03 00:00:00-04:00,5.107884259086593,5.206587245609433,5.095546679929342,5.15106725692749,310400,0.0,0.0
2022-08-04 00:00:00-04:00,5.163406720212647,5.206589145494612,5.070872783660889,5.070872783660889,250700,0.0,0.0
2022-08-05 00:00:00-04:00,5.070872581174602,5.157237428289874,5.058534409691622,5.144899845123291,166800,0.0,0.0
2022-08-08 00:00:00-04:00,5.157236333963539,5.163405418395996,5.107884835136425,5.163405418395996,217400,0.0,0.0
2022-08-09 00:00:00-04:00,5.138729089454032,5.175743003558201,5.120222426560051,5.15106725692749,122000,0.0,0.0
2022-08-10 00:00:00-04:00,5.17720415425306,5.220762767414124,5.164759260088121,5.208317279815674,178600,0.072,0.0
2022-08-11 00:00:00-04:00,5.226985357370932,5.239430846016052,5.1958728226252555,5.220763206481934,179600,0.0,0.0
2022-08-12 00:00:00-04:00,5.208316722820612,5.239429845055884,5.152313221483813,5.195871829986572,195100,0.0,0.0
2022-08-15 00:00:00-04:00,5.164759655286121,5.2083176783466545,5.12120103879203,5.158536911010742,290300,0.0,0.0
2022-08-16 00:00:00-04:00,5.15853687166782,5.177204510918025,5.102533360483656,5.133646488189697,141600,0.0,0.0
2022-08-17 00:00:00-04:00,5.121201957346238,5.146092938912273,5.058976283732142,5.096311569213867,222100,0.0,0.0
2022-08-18 00:00:00-04:00,5.0714196737949555,5.102532798071643,5.046529293060303,5.046529293060303,151000,0.0,0.0
2022-08-19 00:00:00-04:00,5.040306750939214,5.046528900563831,4.953190128426729,4.959412574768066,138800,0.0,0.0
2022-08-22 00:00:00-04:00,4.940745729555803,4.946968176892744,4.841184198430613,4.859851837158203,233900,0.0,0.0
2022-08-23 00:00:00-04:00,4.828738361001581,4.915854689080801,4.828738361001581,4.897186756134033,178100,0.0,0.0
2022-08-24 00:00:00-04:00,4.909632958978612,4.95319128036499,4.897187766684903,4.95319128036499,61800,0.0,0.0
2022-08-25 00:00:00-04:00,4.965634591026848,4.984302520751953,4.953189403449002,4.984302520751953,111200,0.0,0.0
2022-08-26 00:00:00-04:00,5.009192882541669,5.009192882541669,4.903408640053914,4.946966648101807,108100,0.0,0.0
2022-08-29 00:00:00-04:00,4.9283007799062775,4.9283007799062775,4.847406883540701,4.8785200119018555,235100,0.0,0.0
2022-08-30 00:00:00-04:00,4.890964684280388,4.890964684280388,4.797625605830174,4.853629112243652,197500,0.0,0.0
2022-08-31 00:00:00-04:00,4.8349613952740675,4.866074521728745,4.797625821558514,4.841184139251709,148600,0.0,0.0
2022-09-01 00:00:00-04:00,4.841182941431021,4.841182941431021,4.7105083174001265,4.82251501083374,364000,0.0,0.0
2022-09-02 00:00:00-04:00,4.859851513216853,4.878519447416868,4.791402816772461,4.791402816772461,207700,0.0,0.0
2022-09-06 00:00:00-04:00,4.81629393590682,4.847407065435469,4.747845525690664,4.803848743438721,123700,0.0,0.0
2022-09-07 00:00:00-04:00,4.803848052811254,4.866074302922565,4.803848052811254,4.853629112243652,101200,0.0,0.0
2022-09-08 00:00:00-04:00,4.834960198993031,4.878518505908892,4.8038470802364595,4.82251501083374,118500,0.0,0.0
2022-09-09 00:00:00-04:00,4.861457917606533,4.867739014933808,4.70443407841512,4.830053329467773,234600,0.072,0.0
2022-09-12 00:00:00-04:00,4.848896026611328,4.886582011608901,4.79236764811338,4.848896026611328,145200,0.0,0.0
2022-09-13 00:00:00-04:00,4.79864913081834,4.836334821695274,4.742120744252563,4.760963439941406,215500,0.0,0.0
2022-09-14 00:00:00-04:00,4.773525336900384,4.817492126006432,4.679310959958425,4.760963439941406,429500,0.0,0.0
2022-09-15 00:00:00-04:00,4.742120761895356,4.773525354660015,4.6730301786143045,4.698153972625732,158800,0.0,0.0
2022-09-16 00:00:00-04:00,4.660467058543378,4.7044335367754515,4.635343271125287,4.691871643066406,228300,0.0,0.0
2022-09-19 00:00:00-04:00,4.691871738936428,4.735838517566054,4.6604671537717035,4.679309844970703,243900,0.0,0.0
2022-09-20 00:00:00-04:00,4.679309268587128,4.679309268587128,4.62278090245395,4.629061698913574,301400,0.0,0.0
2022-09-21 00:00:00-04:00,4.6730287614860675,4.6730287614860675,4.603938199157207,4.654185771942139,183900,0.0,0.0
2022-09-22 00:00:00-04:00,4.654185956790614,4.666747850485763,4.5599719038265825,4.610219478607178,175600,0.0,0.0
2022-09-23 00:00:00-04:00,4.58509580647078,4.58509580647078,4.402948193562957,4.4469146728515625,388800,0.0,0.0
2022-09-26 00:00:00-04:00,4.428073734911653,4.478321330851191,4.296173645820716,4.346421241760254,451600,0.0,0.0
2022-09-27 00:00:00-04:00,4.39038543379447,4.440633302856483,4.315014079450159,4.3526997566223145,197200,0.0,0.0
2022-09-28 00:00:00-04:00,4.415510364341665,4.472038741184427,4.396667372394613,4.453196048736572,156600,0.0,0.0
2022-09-29 00:00:00-04:00,4.428072282210282,4.440634177074032,4.333857920982557,4.365262508392334,190600,0.0,0.0
2022-09-30 00:00:00-04:00,4.371543800510313,4.4406343750914345,4.333858114238578,4.340138912200928,181400,0.0,0.0
2022-10-03 00:00:00-04:00,4.428072913425844,4.516006190006859,4.421791815349008,4.490882396697998,236500,0.0,0.0
2022-10-04 00:00:00-04:00,4.522285923241966,4.673028947082922,4.522285923241966,4.610219478607178,272400,0.0,0.0
2022-10-05 00:00:00-04:00,4.6102193831271485,4.6102193831271485,4.516005032615175,4.559971809387207,205600,0.0,0.0
2022-10-06 00:00:00-04:00,4.559971822801687,4.603938300203895,4.522285842886703,4.534847736358643,123300,0.0,0.0
2022-10-07 00:00:00-04:00,4.459477142859895,4.509724725393651,4.402948762259028,4.434353351593018,307600,0.0,0.0
2022-10-10 00:00:00-04:00,4.4594771573793714,4.4594771573793714,4.35898199198466,4.390386581420898,248200,0.0,0.0
2022-10-11 00:00:00-04:00,4.402948480898702,4.428072270560102,4.371543594072353,4.409229278564453,101100,0.0,0.0
2022-10-12 00:00:00-04:00,4.4104976012991175,4.423189668971525,4.327999312729846,4.36607551574707,197600,0.072,0.0
2022-10-13 00:00:00-04:00,4.308962529873632,4.372422889884456,4.270886313867138,4.347038745880127,277600,0.0,0.0
2022-10-14 00:00:00-04:00,4.366075462622168,4.366075462622168,4.289923057514315,4.296268939971924,164300,0.0,0.0
2022-10-17 00:00:00-04:00,4.347037210043825,4.385113412597751,4.277230687393581,4.296268939971924,239500,0.0,0.0
2022-10-18 00:00:00-04:00,4.366076142603983,4.4104982345339065,4.308961678576589,4.334345817565918,215600,0.0,0.0
2022-10-19 00:00:00-04:00,4.340692861180477,4.347038745880127,4.277232198566788,4.347038745880127,184000,0.0,0.0
2022-10-20 00:00:00-04:00,4.366077240396625,4.385115198124063,4.296270689322627,4.328001022338867,164300,0.0,0.0
2022-10-21 00:00:00-04:00,4.334345195264668,4.36607551574707,4.30261517738503,4.36607551574707,185100,0.0,0.0
2022-10-24 00:00:00-04:00,4.385115268467936,4.461268008407939,4.372423195578416,4.442229747772217,203100,0.0,0.0
2022-10-25 00:00:00-04:00,4.4676130675742485,4.499343395233154,4.442228926488257,4.499343395233154,169100,0.0,0.0
2022-10-26 00:00:00-04:00,4.518381627802999,4.588188171386719,4.492997485154891,4.588188171386719,185600,0.0,0.0
2022-10-27 00:00:00-04:00,4.6135718918173625,4.632610148362555,4.467612933646958,4.5056891441345215,387100,0.0,0.0
2022-10-28 00:00:00-04:00,4.48665119019215,4.6135718918173625,4.48665119019215,4.5056891441345215,316100,0.0,0.0
2022-10-31 00:00:00-04:00,4.537419320479816,4.600879669189453,4.531073134307446,4.600879669189453,187200,0.0,0.0
2022-11-01 00:00:00-04:00,4.664339676592755,4.696069999927159,4.619917587047937,4.657993793487549,267200,0.0,0.0
2022-11-02 00:00:00-04:00,4.68337885098999,4.7024168066477,4.619918494459539,4.65164852142334,252400,0.0,0.0
2022-11-03 00:00:00-04:00,4.638955538966348,4.657993793487549,4.575495194900331,4.657993793487549,123200,0.0,0.0
2022-11-04 00:00:00-04:00,4.7024168066477,4.7087629936021695,4.645302637071719,4.65164852142334,218400,0.0,0.0
2022-11-07 00:00:00-05:00,4.689723240881226,4.689723240881226,4.645301156767191,4.670685291290283,182000,0.0,0.0
2022-11-08 00:00:00-05:00,4.689722872884451,4.772221454912315,4.66433874035322,4.7214531898498535,272800,0.0,0.0
2022-11-09 00:00:00-05:00,4.727799632052873,4.727799632052873,4.543764498086967,4.556456565856934,284300,0.0,0.0
2022-11-10 00:00:00-05:00,4.653894643017973,4.730818445629505,4.653894643017973,4.698766708374023,263400,0.072,0.0
2022-11-11 00:00:00-05:00,4.698767013065853,4.72440828226574,4.666715579400015,4.673125743865967,174900,0.0,0.0
2022-11-14 00:00:00-05:00,4.685945253338175,4.717996984976212,4.660303990294931,4.70517635345459,144900,0.0,0.0
2022-11-15 00:00:00-05:00,4.769280695958708,4.788511495184921,4.685946417530339,4.750049591064453,229500,0.0,0.0
2022-11-16 00:00:00-05:00,4.756459025579913,4.794920921325684,4.73722792487304,4.794920921325684,205300,0.0,0.0
2022-11-17 00:00:00-05:00,4.7756909895653585,4.7756909895653585,4.724408449351897,4.756460189819336,137600,0.0,0.0
2022-11-18 00:00:00-05:00,4.794920791188432,4.826972522940658,4.756458896486543,4.788510322570801,222000,0.0,0.0
2022-11-21 00:00:00-05:00,4.81415245882706,4.82697309190555,4.794921356375323,4.801331520080566,109500,0.0,0.0
2022-11-22 00:00:00-05:00,4.833382685890323,4.839793154507955,4.7821001596211365,4.788510322570801,195900,0.0,0.0
2022-11-23 00:00:00-05:00,4.788511965725775,4.807743072509766,4.788511965725775,4.807743072509766,135500,0.0,0.0
2022-11-25 00:00:00-05:00,4.820562622532303,4.82697309190555,4.788510887002076,4.801331520080566,120200,0.0,0.0
2022-11-28 00:00:00-05:00,4.820562968429712,4.8269734382629395,4.762869962602768,4.8269734382629395,170200,0.0,0.0
2022-11-29 00:00:00-05:00,4.826972443661964,4.852613706375423,4.79492071243616,4.833382606506348,143900,0.0,0.0
2022-11-30 00:00:00-05:00,4.839793382265193,4.871844809857768,4.807741649004636,4.865434646606445,164400,0.0,0.0
2022-12-01 00:00:00-05:00,4.9038983629120985,4.935949802398682,4.859025980829166,4.935949802398682,353500,0.0,0.0
2022-12-02 00:00:00-05:00,4.903897457683353,4.961590160376731,4.85902508388358,4.929538726806641,204700,0.0,0.0
2022-12-05 00:00:00-05:00,4.929537115692941,4.948767908416214,4.871844126187244,4.903895854949951,135700,0.0,0.0
2022-12-06 00:00:00-05:00,4.929536800668655,4.935946962610789,4.8718438148498535,4.8718438148498535,154700,0.0,0.0
2022-12-07 00:00:00-05:00,4.89107674022075,4.916718008909433,4.839794202843384,4.859025001525879,185900,0.0,0.0
2022-12-08 00:00:00-05:00,4.884666888309584,4.897487524276221,4.807743072509766,4.807743072509766,266800,0.0,0.0
2022-12-09 00:00:00-05:00,4.834926070871892,4.834926070871892,4.679587224422911,4.718421936035156,450500,0.072,0.0
2022-12-12 00:00:00-05:00,4.718421936035156,4.776674157768951,4.640752512810666,4.718421936035156,357100,0.0,0.0
2022-12-13 00:00:00-05:00,4.763730196592165,4.809037214790157,4.724895477294922,4.724895477294922,225400,0.0,0.0
2022-12-14 00:00:00-05:00,4.750784350027454,4.796091359259647,4.673114618172111,4.718421936035156,296700,0.0,0.0
2022-12-15 00:00:00-05:00,4.711949297321142,4.770201206207275,4.6990043943874635,4.770201206207275,396300,0.0,0.0
2022-12-16 00:00:00-05:00,4.776673950263731,4.796091150910917,4.692531924443684,4.7313666343688965,241900,0.0,0.0
2022-12-19 00:00:00-05:00,4.724893370453956,4.724893370453956,4.6148615605264185,4.640751361846924,295200,0.0,0.0
2022-12-20 00:00:00-05:00,4.621335029602051,4.64722483749432,4.595445221709781,4.621335029602051,208800,0.0,0.0
2022-12-21 00:00:00-05:00,4.666642140680709,4.673114438051187,4.6019176238217145,4.634279727935791,215700,0.0,0.0
2022-12-22 00:00:00-05:00,4.640753207306867,4.640753207306867,4.537193960843072,4.614863395690918,306200,0.0,0.0
2022-12-23 00:00:00-05:00,4.601916861060782,4.64722386103709,4.595444256132287,4.627806663513184,283700,0.0,0.0
2022-12-27 00:00:00-05:00,4.640751904206613,4.640751904206613,4.556609885765994,4.5760273933410645,471100,0.0,0.0
2022-12-28 00:00:00-05:00,4.582500955996529,4.588973563186503,4.472469102814149,4.491886615753174,565800,0.0,0.0
2022-12-29 00:00:00-05:00,4.517775058746338,4.56308236945917,4.478940353262828,4.517775058746338,321100,0.0,0.0
2022-12-30 00:00:00-05:00,4.517775179246665,4.588972295514174,4.478940472727335,4.5760273933410645,371300,0.0,0.0
2023-01-03 00:00:00-05:00,4.61486270506917,4.718421936035156,4.5954451949476205,4.718421936035156,265100,0.0,0.0
2023-01-04 00:00:00-05:00,4.718422047519733,4.7831465684027545,4.7054771433431295,4.776674270629883,165600,0.0,0.0
2023-01-05 00:00:00-05:00,4.7572575890605,4.7572575890605,4.711950570862507,4.724895477294922,107900,0.0,0.0
2023-01-06 00:00:00-05:00,4.757256760049547,4.789619174806488,4.73783955810007,4.776674270629883,150800,0.0,0.0
2023-01-09 00:00:00-05:00,4.7831465684027545,4.8284538873363,4.770201664226151,4.776674270629883,166300,0.0,0.0
2023-01-10 00:00:00-05:00,4.776673202320244,4.809035301208496,4.750783399757326,4.809035301208496,135900,0.0,0.0
2023-01-11 00:00:00-05:00,4.828453385996557,4.87376070022583,4.809035877432346,4.87376070022583,149900,0.0,0.0
2023-01-12 00:00:00-05:00,4.881601333618164,4.881601333618164,4.816251978661421,4.881601333618164,181700,0.072,0.0
2023-01-13 00:00:00-05:00,4.881603488057195,4.9142783357613835,4.861998828723035,4.868533611297607,231800,0.0,0.0
2023-01-17 00:00:00-05:00,4.868533039855382,4.927347634175405,4.868533039855382,4.907742977142334,190900,0.0,0.0
2023-01-18 00:00:00-05:00,4.907742977142334,4.9665572598519505,4.875068133273342,4.907742977142334,299600,0.0,0.0
2023-01-19 00:00:00-05:00,4.907742043781546,4.960021534741026,4.907742043781546,4.953486442565918,224400,0.0,0.0
2023-01-20 00:00:00-05:00,4.960021729073495,4.979626383146233,4.9338819825696065,4.9730916023254395,434300,0.0,0.0
2023-01-23 00:00:00-05:00,4.973091407480896,4.973091407480896,4.901206951606438,4.953486442565918,266200,0.0,0.0
2023-01-24 00:00:00-05:00,4.953486879904165,4.966556753797962,4.901207384328982,4.96002197265625,121300,0.0,0.0
2023-01-25 00:00:00-05:00,4.953486636642344,4.979626383146233,4.91427701688651,4.9730916023254395,116800,0.0,0.0
2023-01-26 00:00:00-05:00,4.999232332639326,5.025372084287315,4.973092580991338,4.992697238922119,209900,0.0,0.0
2023-01-27 00:00:00-05:00,4.999231134376522,5.012301007067807,4.96655629684314,5.005765914916992,146300,0.0,0.0
2023-01-30 00:00:00-05:00,5.005765688535741,5.018835560635951,4.953486200134897,4.966556072235107,253600,0.0,0.0
2023-01-31 00:00:00-05:00,4.992696722297154,4.999231815338135,4.960022191923412,4.999231815338135,164400,0.0,0.0
2023-02-01 00:00:00-05:00,5.012302651467689,5.051512282405152,5.005767557172888,5.044977188110352,217800,0.0,0.0
2023-02-02 00:00:00-05:00,5.064580351114273,5.234489002789132,5.031905514527466,5.227953910827637,1678900,0.0,0.0
2023-02-03 00:00:00-05:00,5.208349936452064,5.260629747249319,5.1887452800621885,5.221419811248779,424800,0.0,0.0
2023-02-06 00:00:00-05:00,5.221419838355977,5.221419838355977,5.156070464033138,5.169140338897705,213500,0.0,0.0
2023-02-07 00:00:00-05:00,5.162605747962563,5.195280280525689,5.149535872615232,5.188745498657227,213000,0.0,0.0
2023-02-08 00:00:00-05:00,5.2083501558730205,5.2083501558730205,5.156070654483694,5.188745498657227,132500,0.0,0.0
2023-02-09 00:00:00-05:00,5.208351194448543,5.208351194448543,5.123397143555759,5.129931926727295,157200,0.0,0.0
2023-02-10 00:00:00-05:00,5.131250718815323,5.15103685599031,5.09167781547539,5.137845993041992,177000,0.072,0.0
2023-02-13 00:00:00-05:00,5.1378452689314145,5.151036130020657,5.091677097871598,5.11146354675293,173500,0.0,0.0
2023-02-14 00:00:00-05:00,5.10486795896084,5.131249995634261,5.085081824574445,5.11146354675293,109300,0.0,0.0
2023-02-15 00:00:00-05:00,5.085083603299007,5.1246562004089355,5.06529714749652,5.1246562004089355,99100,0.0,0.0
2023-02-16 00:00:00-05:00,5.104868073891195,5.144440972544797,5.065295489732535,5.098272800445557,126400,0.0,0.0
2023-02-17 00:00:00-05:00,5.0982718826149815,5.104867154873288,4.913599541959114,4.972958564758301,600700,0.0,0.0
2023-02-21 00:00:00-05:00,4.920198095973459,4.953175420637534,4.768502968609851,4.801480293273926,363200,0.0,0.0
2023-02-22 00:00:00-05:00,4.821263589129324,4.86743175349397,4.808072729952981,4.854240894317627,119200,0.0,0.0
2023-02-23 00:00:00-05:00,4.860836908878087,4.939982076021123,4.854241635530303,4.93338680267334,184900,0.0,0.0
2023-02-24 00:00:00-05:00,4.907003736522517,4.907003736522517,4.834453862594852,4.867431163787842,214200,0.0,0.0
2023-02-27 00:00:00-05:00,4.887217658968056,4.933385821197338,4.867431528366132,4.880622386932373,154700,0.0,0.0
2023-02-28 00:00:00-05:00,4.907004269700807,4.972958564758301,4.900408682947615,4.972958564758301,1245500,0.0,0.0
2023-03-01 00:00:00-05:00,4.972958340539538,5.032317360662369,4.959767482122784,4.999340057373047,250800,0.0,0.0
2023-03-02 00:00:00-05:00,4.979554426303623,5.012531418404731,4.953172706824774,5.005936145782471,219900,0.0,0.0
2023-03-03 00:00:00-05:00,5.038912632623311,5.038912632623311,4.9861491989562925,4.999340057373047,139400,0.0,0.0
2023-03-06 00:00:00-05:00,4.999339945558689,5.032317248110448,4.972958229315229,5.01253080368042,195500,0.0,0.0
2023-03-07 00:00:00-05:00,5.0323177515311555,5.045508610972466,4.986149586239118,5.019126892089844,299700,0.0,0.0
2023-03-08 00:00:00-05:00,5.019127005521895,5.025722278144156,4.999340558665307,5.005936145782471,172900,0.0,0.0
2023-03-09 00:00:00-05:00,5.025722000804295,5.032317587557488,4.933385987723804,4.972958564758301,257400,0.0,0.0
2023-03-10 00:00:00-05:00,4.974291680751458,4.987609718439836,4.894383454621193,4.90770149230957,272600,0.072,0.0
2023-03-13 00:00:00-04:00,4.787838009499094,4.9343363890788865,4.754542764467465,4.801156044006348,502200,0.0,0.0
2023-03-14 00:00:00-04:00,4.84776931509564,4.914359487515843,4.807814894116529,4.874405384063721,135700,0.0,0.0
2023-03-15 00:00:00-04:00,4.821134017413167,4.847770409923842,4.707930857496333,4.781179904937744,218700,0.0,0.0
2023-03-16 00:00:00-04:00,4.7345669324799475,4.807815979921359,4.694612820004525,4.781179904937744,158100,0.0,0.0
2023-03-17 00:00:00-04:00,4.781179203611179,4.8277924867585735,4.727907061458166,4.747884273529053,133600,0.0,0.0
2023-03-20 00:00:00-04:00,4.741225190559662,4.814474546229064,4.7145891189575195,4.7145891189575195,116600,0.0,0.0
2023-03-21 00:00:00-04:00,4.7545438299541285,4.801157119938985,4.707930857496333,4.781179904937744,154200,0.0,0.0
2023-03-22 00:00:00-04:00,4.761202834444082,4.774520871451919,4.641340183846496,4.687953472137451,228400,0.0,0.0
2023-03-23 00:00:00-04:00,4.694612249863673,4.774520465110003,4.694612249863673,4.727907180786133,103300,0.0,0.0
2023-03-24 00:00:00-04:00,4.741224027647447,4.754542060181914,4.66797500747135,4.694611072540283,172300,0.0,0.0
2023-03-27 00:00:00-04:00,4.69461166672817,4.734565769388484,4.661316422414417,4.6746344566345215,182400,0.0,0.0
2023-03-28 00:00:00-04:00,4.661317272944954,4.687953346245333,4.60138594925558,4.621363162994385,327500,0.0,0.0
2023-03-29 00:00:00-04:00,4.647998505377161,4.661316539933033,4.601385225668114,4.654657363891602,112300,0.0,0.0
2023-03-30 00:00:00-04:00,4.687952511228104,4.794496785451975,4.6613164426721365,4.761201858520508,210100,0.0,0.0
2023-03-31 00:00:00-04:00,4.754543184895388,4.801156468556123,4.754543184895388,4.774520397186279,149100,0.0,0.0
2023-04-03 00:00:00-04:00,4.801157168545184,4.8277932437984585,4.761203055665272,4.807816028594971,175500,0.0,0.0
2023-04-04 00:00:00-04:00,4.841112593084415,4.867748675554516,4.761204345674114,4.827794551849365,291100,0.0,0.0
2023-04-05 00:00:00-04:00,4.827794551849365,4.841112593084415,4.794499289998165,4.827794551849365,129000,0.0,0.0
2023-04-06 00:00:00-04:00,4.807816028594971,4.841111281425096,4.774521093291909,4.807816028594971,330300,0.0,0.0
2023-04-10 00:00:00-04:00,4.801157168545184,4.8344524213753095,4.781179953341696,4.807816028594971,257200,0.0,0.0
2023-04-11 00:00:00-04:00,4.801156044006348,4.834451289037977,4.794496867989226,4.801156044006348,186800,0.0,0.0
2023-04-12 00:00:00-04:00,4.822679999496447,4.842858397076769,4.782322883605957,4.782322883605957,197700,0.072,0.0
2023-04-13 00:00:00-04:00,4.782323516606255,4.802501916857441,4.782323516606255,4.795775890350342,90700,0.0,0.0
2023-04-14 00:00:00-04:00,4.789048832239621,4.802501203986874,4.762144088745117,4.762144088745117,100300,0.0,0.0
2023-04-17 00:00:00-04:00,4.762142973761157,4.7823216870224154,4.721785867968408,4.748690605163574,170700,0.0,0.0
2023-04-18 00:00:00-04:00,4.748690841315512,4.76214321058208,4.728512447780551,4.741964817047119,136800,0.0,0.0
2023-04-19 00:00:00-04:00,4.728513964035989,4.741966337616224,4.681430496140224,4.694882869720459,262700,0.0,0.0
2023-04-20 00:00:00-04:00,4.701609061511678,4.721787782956704,4.661251939351523,4.667978286743164,209400,0.0,0.0
2023-04-21 00:00:00-04:00,4.661251775404929,4.708335243300694,4.654525748979753,4.694882869720459,154600,0.0,0.0
2023-04-24 00:00:00-04:00,4.7083353996276855,4.768871243113608,4.688156678222413,4.7083353996276855,182100,0.0,0.0
2023-04-25 00:00:00-04:00,4.694882869720459,4.728513964035989,4.681430496140224,4.694882869720459,129800,0.0,0.0
2023-04-26 00:00:00-04:00,4.694882631752659,4.721787377549418,4.688156284938534,4.701608657836914,103500,0.0,0.0
2023-04-27 00:00:00-04:00,4.701609052249296,4.735240147681452,4.694883025600802,4.7083353996276855,135700,0.0,0.0
2023-04-28 00:00:00-04:00,4.70833365314933,4.735238391223229,4.6948812841123795,4.721786022186279,84000,0.0,0.0
2023-05-01 00:00:00-04:00,4.735238472048944,4.782321924846824,4.721786102782375,4.741964817047119,207100,0.0,0.0
2023-05-02 00:00:00-04:00,4.735240064903933,4.748692438695653,4.701608970059688,4.715061664581299,295100,0.0,0.0
2023-05-03 00:00:00-04:00,4.708333733515808,4.775595579848648,4.708333733515808,4.741964817047119,116300,0.0,0.0
2023-05-04 00:00:00-04:00,4.741966329748881,4.755418703306797,4.708335235489147,4.7352399826049805,153600,0.0,0.0
2023-05-05 00:00:00-04:00,4.748693296719061,4.8025028016085765,4.735240920496682,4.775598049163818,127200,0.0,0.0
2023-05-08 00:00:00-04:00,4.789049708320323,4.82268080420565,4.74869258569587,4.768871307373047,227400,0.0,0.0
2023-05-09 00:00:00-04:00,4.76214321058208,4.775595579848648,4.741964817047119,4.741964817047119,142700,0.0,0.0
2023-05-10 00:00:00-04:00,4.790893187030114,4.790893187030114,4.743323919451346,4.756915092468262,90100,0.072,0.0
2023-05-11 00:00:00-04:00,4.763711547548285,4.763711547548285,4.65498182324708,4.7365288734436035,376700,0.0,0.0
2023-05-12 00:00:00-04:00,4.750120913002387,4.750120913002387,4.688960776243384,4.7161431312561035,158700,0.0,0.0
2023-05-15 00:00:00-04:00,4.722938537597656,4.750120892493012,4.7093473601499785,4.722938537597656,135900,0.0,0.0
2023-05-16 00:00:00-04:00,4.722937736840264,4.736528911983607,4.668573036266896,4.675368785858154,145900,0.0,0.0
2023-05-17 00:00:00-04:00,4.688961119183596,4.729734654684761,4.675369940683208,4.709347724914551,88600,0.0,0.0
2023-05-18 00:00:00-04:00,4.71614349713376,4.736530102955273,4.695756567272989,4.702552318572998,89400,0.0,0.0
2023-05-19 00:00:00-04:00,4.7297334479468125,4.743324622979567,4.709346523378096,4.7365288734436035,80200,0.0,0.0
2023-05-22 00:00:00-04:00,4.756917011685538,4.770508190185927,4.682165367913774,4.709347724914551,135700,0.0,0.0
2023-05-23 00:00:00-04:00,4.7229378325575455,4.750120183395119,4.648186529773806,4.695755481719971,186900,0.0,0.0
2023-05-24 00:00:00-04:00,4.668573285438286,4.695755637175748,4.621004331917322,4.648186683654785,175800,0.0,0.0
2023-05-25 00:00:00-04:00,4.661777362388438,4.675368536807798,4.580229991833124,4.65498161315918,211200,0.0,0.0
2023-05-26 00:00:00-04:00,4.654981027908047,4.695754546039842,4.641389855197448,4.688959121704102,115400,0.0,0.0
2023-05-30 00:00:00-04:00,4.695756202976948,4.729734308762463,4.675369598737024,4.7161431312561035,170800,0.0,0.0
2023-05-31 00:00:00-04:00,4.736529483048876,4.756916410241451,4.695755952702941,4.743325233459473,140300,0.0,0.0
2023-06-01 00:00:00-04:00,4.72973422506349,4.960784562622094,4.722938474410954,4.879237174987793,450100,0.0,0.0
2023-06-02 00:00:00-04:00,4.906420120247425,4.926807050620372,4.872442335011533,4.892828941345215,242800,0.0,0.0
2023-06-05 00:00:00-04:00,4.886033513913743,4.926807050620372,4.804486440500485,4.892828941345215,243400,0.0,0.0
2023-06-06 00:00:00-04:00,4.906420340872383,4.920011520385742,4.865646802332308,4.920011520385742,118900,0.0,0.0
2023-06-07 00:00:00-04:00,4.913214819785992,4.926805995778295,4.865645541793333,4.872441291809082,191500,0.0,0.0
2023-06-08 00:00:00-04:00,4.886033058166504,4.89962423580099,4.852054952060672,4.886033058166504,176000,0.0,0.0
2023-06-09 00:00:00-04:00,4.880540470556372,4.887404632811381,4.832490025503796,4.839354515075684,115400,0.072,0.0
2023-06-12 00:00:00-04:00,4.846220852056526,4.921728634646767,4.83249219406894,4.887406826019287,173500,0.0,0.0
2023-06-13 00:00:00-04:00,4.914861869399365,4.942319172678489,4.8462186112015555,4.866811752319336,185800,0.0,0.0
2023-06-14 00:00:00-04:00,4.859948109095288,4.935455869919347,4.859948109095288,4.907998561859131,160000,0.0,0.0
2023-06-15 00:00:00-04:00,4.88740603999967,4.921727843107328,4.846220072660664,4.853084564208984,235700,0.0,0.0
2023-06-16 00:00:00-04:00,4.907997774210165,4.914861936465174,4.8187613736768995,4.839354515075684,202800,0.0,0.0
2023-06-20 00:00:00-04:00,4.825626793293565,4.887405574762806,4.81189813882074,4.818762302398682,158900,0.0,0.0
2023-06-21 00:00:00-04:00,4.83249219406894,4.887406826019287,4.79817038544146,4.887406826019287,124200,0.0,0.0
2023-06-22 00:00:00-04:00,4.894270327022293,4.901134490966797,4.859948525348902,4.901134490966797,81800,0.0,0.0
2023-06-23 00:00:00-04:00,4.907998929387294,4.949184894561768,4.901134438199738,4.949184894561768,147100,0.0,0.0
2023-06-26 00:00:00-04:00,4.969777177148218,4.990370321171504,4.928591216418567,4.942319869995117,106600,0.0,0.0
2023-06-27 00:00:00-04:00,4.942320530783506,4.942320530783506,4.8736772537231445,4.8736772537231445,227400,0.0,0.0
2023-06-28 00:00:00-04:00,4.921726194248122,4.956047658540553,4.853082938346398,4.935454845428467,288600,0.0,0.0
2023-06-29 00:00:00-04:00,4.94231983513722,4.976641632494987,4.94231983513722,4.956048488616943,142500,0.0,0.0
2023-06-30 00:00:00-04:00,4.962913549619925,4.98350669586564,4.93545623950361,4.949184894561768,226000,0.0,0.0
2023-07-03 00:00:00-04:00,4.99036983035741,5.004098482583717,4.962912525904796,4.9766411781311035,143200,0.0,0.0
2023-07-05 00:00:00-04:00,4.969777129763151,5.010963417417026,4.969777129763151,4.990370273590088,231300,0.0,0.0
2023-07-06 00:00:00-04:00,4.97664207508473,4.97664207508473,4.921727456282094,4.969777584075928,134600,0.0,0.0
2023-07-07 00:00:00-04:00,4.942320274674609,4.99037072978539,4.942320274674609,4.969777584075928,220200,0.0,0.0
2023-07-10 00:00:00-04:00,4.9835056679027,5.010962972355315,4.956048036133199,4.9766411781311035,158800,0.0,0.0
2023-07-11 00:00:00-04:00,4.962912966698783,5.031556233927047,4.962912966698783,4.990370273590088,268100,0.0,0.0
2023-07-12 00:00:00-04:00,5.01255752074927,5.047222642664312,4.9570935901580855,4.9778923988342285,198800,0.072,0.0
2023-07-13 00:00:00-04:00,4.984825661256977,5.005624470374576,4.9293617294885665,4.9362945556640625,184800,0.0,0.0
2023-07-14 00:00:00-04:00,4.943226790094241,4.957092770449147,4.9154948293844285,4.922427654266357,120000,0.0,0.0
2023-07-17 00:00:00-04:00,4.922427877055316,4.957092994807048,4.8600311279296875,4.8600311279296875,479700,0.0,0.0
2023-07-18 00:00:00-04:00,4.880829365903911,4.887762520883556,4.846164252187734,4.8669633865356445,275000,0.0,0.0
2023-07-19 00:00:00-04:00,4.873896541515291,4.887762520883556,4.860030562147024,4.8669633865356445,188900,0.0,0.0
2023-07-20 00:00:00-04:00,4.873896033755512,4.880828857421875,4.84616374731709,4.880828857421875,247100,0.0,0.0
2023-07-21 00:00:00-04:00,4.8946953193595,4.901628474302441,4.825365422885206,4.846164226531982,1161400,0.0,0.0
2023-07-24 00:00:00-04:00,4.8738960015440105,4.950158714324934,4.853096869500403,4.9293599128723145,291800,0.0,0.0
2023-07-25 00:00:00-04:00,4.943226781662155,4.984824722655916,4.936293626201004,4.957092761993408,310800,0.0,0.0
2023-07-26 00:00:00-04:00,4.9640246619216395,4.977890639669259,4.9362927064264,4.943225860595703,154600,0.0,0.0
2023-07-27 00:00:00-04:00,4.970957816090943,4.9848237938385624,4.9362927064264,4.943225860595703,176400,0.0,0.0
2023-07-28 00:00:00-04:00,4.977890073547896,5.012555179270074,4.964024097377215,4.984823226928711,184500,0.0,0.0
2023-07-31 00:00:00-04:00,4.984824632854231,5.005623437680897,4.936293537273607,4.964025497436523,395300,0.0,0.0
2023-08-01 00:00:00-04:00,4.970958652772773,4.984824632854231,4.9293607125284,4.964025497436523,346200,0.0,0.0
2023-08-02 00:00:00-04:00,4.957092761993408,4.970958742324663,4.908561665538496,4.957092761993408,250800,0.0,0.0
2023-08-03 00:00:00-04:00,4.964025586863511,4.964025586863511,4.9224276458697505,4.957092761993408,219900,0.0,0.0
2023-08-04 00:00:00-04:00,4.984824625103675,4.998690605163574,4.964025489718306,4.998690605163574,138200,0.0,0.0
2023-08-07 00:00:00-04:00,4.998689592434701,5.040287524186703,4.977890461263212,5.026421546936035,251700,0.0,0.0
2023-08-08 00:00:00-04:00,5.019489409957901,5.033355720608841,4.991757449838103,4.998690605163574,269500,0.0,0.0
2023-08-09 00:00:00-04:00,5.012556049207363,5.019488873200432,4.977890937468998,4.991756916046143,207600,0.0,0.0
2023-08-10 00:00:00-04:00,5.000160495854132,5.014166534567941,4.951139527320951,4.972148418426514,236300,0.072,0.0
2023-08-11 00:00:00-04:00,4.972149186177911,5.02817334968386,4.972149186177911,5.014167308807373,365300,0.0,0.0
2023-08-14 00:00:00-04:00,5.01416633349143,5.021169519532648,4.923127252467642,4.944136142730713,290600,0.0,0.0
2023-08-15 00:00:00-04:00,4.951139450073242,4.951139450073242,4.923127373082669,4.951139450073242,123100,0.0,0.0
2023-08-16 00:00:00-04:00,4.93012970236761,4.94413573937711,4.874105554329611,4.888111591339111,207300,0.0,0.0
2023-08-17 00:00:00-04:00,4.902118463730512,4.909121650393824,4.860100345541603,4.881109237670898,371800,0.0,0.0
2023-08-18 00:00:00-04:00,4.88110873824759,4.8881119241943525,4.713036282688725,4.8110785484313965,484500,0.0,0.0
2023-08-21 00:00:00-04:00,4.846094389537599,4.846094389537599,4.790070230988316,4.825085163116455,250000,0.0,0.0
2023-08-22 00:00:00-04:00,4.8250845863946354,4.8250845863946354,4.7970725104681575,4.8110785484313965,95800,0.0,0.0
2023-08-23 00:00:00-04:00,4.81107876874973,4.846094032226457,4.804075916412565,4.832087993621826,172300,0.0,0.0
2023-08-24 00:00:00-04:00,4.8530966623211125,4.860099848267875,4.783066472504919,4.8110785484313965,127100,0.0,0.0
2023-08-25 00:00:00-04:00,4.783067726594279,4.825085851500876,4.748052789470635,4.776064872741699,528800,0.0,0.0
2023-08-28 00:00:00-04:00,4.769060134887695,4.783066171970894,4.734045209144831,4.769060134887695,297600,0.0,0.0
2023-08-29 00:00:00-04:00,4.783066472504919,4.818081734378159,4.76906043454168,4.8110785484313965,165500,0.0,0.0
2023-08-30 00:00:00-04:00,4.818082135171955,4.818082135171955,4.790070056915283,4.790070056915283,167500,0.0,0.0
2023-08-31 00:00:00-04:00,4.818082712406684,4.818082712406684,4.783067443425652,4.804076671600342,201700,0.0,0.0
2023-09-01 00:00:00-04:00,4.8320877723413975,4.8390906243578735,4.790069658451681,4.8110785484313965,326900,0.0,0.0
2023-09-05 00:00:00-04:00,4.832089043496301,4.895116063945954,4.832089043496301,4.846095085144043,298200,0.0,0.0
2023-09-06 00:00:00-04:00,4.846094389537599,4.86010042917492,4.818082310262957,4.825085163116455,139200,0.0,0.0
2023-09-07 00:00:00-04:00,4.8110773882326034,4.818080572490537,4.783065319061279,4.783065319061279,265000,0.0,0.0
2023-09-08 00:00:00-04:00,4.791559824788776,4.812792882463505,4.777404565501625,4.805715084075928,248500,0.072,0.0
2023-09-11 00:00:00-04:00,4.805715175951143,4.812792974474033,4.742016339197172,4.763249397277832,416400,0.0,0.0
2023-09-12 00:00:00-04:00,4.73493872587704,4.749093984979549,4.713705668479278,4.727860927581787,305400,0.0,0.0
2023-09-13 00:00:00-04:00,4.720784788965376,4.742017514821971,4.699551725620687,4.734940052032471,356100,0.0,0.0
2023-09-14 00:00:00-04:00,4.73494003347632,4.749095296487941,4.699551707203224,4.713706970214844,359300,0.0,0.0
2023-09-15 00:00:00-04:00,4.699552076063187,4.742017868431117,4.692474612745924,4.720785140991211,285100,0.0,0.0
2023-09-18 00:00:00-04:00,4.706628207672023,4.742016186684295,4.706628207672023,4.727860927581787,166700,0.0,0.0
2023-09-19 00:00:00-04:00,4.734940052032471,4.742017514821971,4.713706988687782,4.734940052032471,143400,0.0,0.0
2023-09-20 00:00:00-04:00,4.73493980671171,4.763250331379109,4.73493980671171,4.7420172691345215,157500,0.0,0.0
2023-09-21 00:00:00-04:00,4.734939781102032,4.734939781102032,4.685396194458008,4.685396194458008,304900,0.0,0.0
2023-09-22 00:00:00-04:00,4.706628672059218,4.749094453556699,4.685395612566462,4.692473411560059,191800,0.0,0.0
2023-09-25 00:00:00-04:00,4.699550370878372,4.7207834281021945,4.657084593918724,4.671239852905273,246400,0.0,0.0
2023-09-26 00:00:00-04:00,4.664162963489576,4.692473484930554,4.614619382223847,4.628774642944336,279800,0.0,0.0
2023-09-27 00:00:00-04:00,4.64292929596425,4.664162353009863,4.61461877822876,4.61461877822876,267200,0.0,0.0
2023-09-28 00:00:00-04:00,4.607542037963867,4.64293002192242,4.57215371651727,4.607542037963867,265700,0.0,0.0
2023-09-29 00:00:00-04:00,4.635852590294088,4.70662889615982,4.635852590294088,4.664163112640381,247000,0.0,0.0
2023-10-02 00:00:00-04:00,4.67831895869663,4.706629484582302,4.6216979069252835,4.65708589553833,327900,0.0,0.0
2023-10-03 00:00:00-04:00,4.657084593918724,4.713705629864922,4.657084593918724,4.671239852905273,480800,0.0,0.0
2023-10-04 00:00:00-04:00,4.6712406124466535,4.777405240852088,4.642930089870278,4.756172180175781,346600,0.0,0.0
2023-10-05 00:00:00-04:00,4.7632505781666605,4.777405841233755,4.706629525898281,4.734940052032471,152400,0.0,0.0
2023-10-06 00:00:00-04:00,4.692475204812105,4.805717332081413,4.685397403113694,4.770328998565674,249900,0.0,0.0
2023-10-09 00:00:00-04:00,4.742016186684295,4.749093984979549,4.69955040937677,4.727860927581787,168100,0.0,0.0
2023-10-10 00:00:00-04:00,4.727862107607458,4.7490951703047735,4.699551582336426,4.699551582336426,278100,0.0,0.0
2023-10-11 00:00:00-04:00,4.7009818360133035,4.751068180807404,4.643739762953763,4.658050537109375,289800,0.072,0.0
2023-10-12 00:00:00-04:00,4.658050172177444,4.679515649353892,4.607963490119718,4.622273921966553,246000,0.0,0.0
2023-10-13 00:00:00-04:00,4.62227525574762,4.629430303141858,4.522102203914332,4.550723075866699,484500,0.0,0.0
2023-10-16 00:00:00-04:00,4.522101079650243,4.5435665576840165,4.421927711533893,4.4648590087890625,499100,0.0,0.0
2023-10-17 00:00:00-04:00,4.436239472804224,4.457705298455593,4.350376852574194,4.393308162689209,388500,0.0,0.0
2023-10-18 00:00:00-04:00,4.40761870611375,4.414774095233365,4.350376957907764,4.386153221130371,261100,0.0,0.0
2023-10-19 00:00:00-04:00,4.357532147663671,4.421928940855288,4.321755886077881,4.321755886077881,273700,0.0,0.0
2023-10-20 00:00:00-04:00,4.314599514007568,4.336064991419546,4.3002890820037125,4.314599514007568,303600,0.0,0.0
2023-10-23 00:00:00-04:00,4.300289883577594,4.378997103676015,4.250203191634135,4.343221187591553,295700,0.0,0.0
2023-10-24 00:00:00-04:00,4.343221483068904,4.400463225648445,4.300290176134248,4.364686965942383,249800,0.0,0.0
2023-10-25 00:00:00-04:00,4.350376682177204,4.386152943132282,4.321755809888226,4.336066246032715,212000,0.0,0.0
2023-10-26 00:00:00-04:00,4.314600437413009,4.35037635448556,4.293134614219332,4.307445049285889,224700,0.0,0.0
2023-10-27 00:00:00-04:00,4.321755763809911,4.364687071785648,4.314600716407809,4.357532024383545,266800,0.0,0.0
2023-10-30 00:00:00-04:00,4.371841214784479,4.421927555892107,4.357530782869784,4.4147725105285645,220200,0.0,0.0
2023-10-31 00:00:00-04:00,4.421928836268397,4.4505497083850045,4.400463352774795,4.443394660949707,243600,0.0,0.0
2023-11-01 00:00:00-04:00,4.472013999999102,4.5578765869140625,4.443393137694115,4.5578765869140625,357500,0.0,0.0
2023-11-02 00:00:00-04:00,4.5793444784762025,4.751069730090034,4.5650340408417165,4.729604244232178,360200,0.0,0.0
2023-11-03 00:00:00-04:00,4.729603362023751,4.815465971814795,4.729603362023751,4.794000148773193,575400,0.0,0.0
2023-11-06 00:00:00-05:00,4.758223979768727,4.7796894604849784,4.729603111355281,4.751068592071533,266700,0.0,0.0
2023-11-07 00:00:00-05:00,4.765379383700418,4.808310689540602,4.758224336654233,4.7868452072143555,146900,0.0,0.0
2023-11-08 00:00:00-05:00,4.801155090332031,4.815465523966305,4.772534223063484,4.801155090332031,222500,0.0,0.0
2023-11-09 00:00:00-05:00,4.794000152376808,4.815465975434545,4.679516672569359,4.715292930603027,355000,0.0,0.0
2023-11-10 00:00:00-05:00,4.709505268104272,4.72397377996661,4.658865304107822,4.6950364112854,288400,0.072,0.0
2023-11-13 00:00:00-05:00,4.687802327832498,4.6950364112854,4.6371623638360475,4.6950364112854,184100,0.0,0.0
2023-11-14 00:00:00-05:00,4.738443362079873,4.818020022818089,4.738443362079873,4.781848907470703,545400,0.0,0.0
2023-11-15 00:00:00-05:00,4.7673786503265445,4.818018262300348,4.7673786503265445,4.796315670013428,204600,0.0,0.0
2023-11-16 00:00:00-05:00,4.781847803735441,4.897595898060942,4.774613375361831,4.861424446105957,242300,0.0,0.0
2023-11-17 00:00:00-05:00,4.861425711053779,4.962705664898269,4.839723110198975,4.839723110198975,308700,0.0,0.0
2023-11-20 00:00:00-05:00,4.8686587012485285,4.926532746352071,4.854190189972643,4.883127212524414,194700,0.0,0.0
2023-11-21 00:00:00-05:00,4.8469565533711645,4.883128009945987,4.83248803973255,4.868659496307373,205200,0.0,0.0
2023-11-22 00:00:00-05:00,4.89036115233468,4.955469274096815,4.89036115233468,4.91929817199707,200500,0.0,0.0
2023-11-24 00:00:00-05:00,4.941001097911023,4.998875141143799,4.941001097911023,4.998875141143799,109500,0.0,0.0
2023-11-27 00:00:00-05:00,5.006110360597996,5.035047386789939,4.984407418475758,5.027812957763672,114700,0.0,0.0
2023-11-28 00:00:00-05:00,4.991641376433143,5.042280995011823,4.977172864702587,4.9844069480896,233300,0.0,0.0
2023-11-29 00:00:00-05:00,4.9844066162195775,5.049515087150314,4.919298490245349,4.948235511779785,320000,0.0,0.0
2023-11-30 00:00:00-05:00,4.948235841241475,4.998875459820155,4.926532901167377,4.9844069480896,204600,0.0,0.0
2023-12-01 00:00:00-05:00,4.991641498248268,5.121858107001052,4.984407069728178,5.1146240234375,282300,0.0,0.0
2023-12-04 00:00:00-05:00,5.063983133053932,5.230371164081106,5.063983133053932,5.165262699127197,314500,0.0,0.0
2023-12-05 00:00:00-05:00,5.136326615685046,5.17249806834848,5.129092532126282,5.158029556274414,190400,0.0,0.0
2023-12-06 00:00:00-05:00,5.158028919834722,5.230371471278839,5.136325981923239,5.143560409545898,326400,0.0,0.0
2023-12-07 00:00:00-05:00,5.143560727675401,5.179731833156396,5.107389277237888,5.129092216491699,305200,0.0,0.0
2023-12-08 00:00:00-05:00,5.079394047514875,5.174404382132032,5.064777099765738,5.1232452392578125,335000,0.072,0.0
2023-12-11 00:00:00-05:00,5.101319735180271,5.101319735180271,5.057468891143799,5.057468891143799,288900,0.0,0.0
2023-12-12 00:00:00-05:00,5.0501604080200195,5.086702953493045,5.013618211042536,5.0501604080200195,309600,0.0,0.0
2023-12-13 00:00:00-05:00,5.057468818347903,5.189021348563785,5.057468818347903,5.137862205505371,304700,0.0,0.0
2023-12-14 00:00:00-05:00,5.137861787572585,5.232871766307828,5.137861787572585,5.181712627410889,332200,0.0,0.0
2023-12-15 00:00:00-05:00,5.276722870213413,5.298648465477553,5.218255080836391,5.247488975524902,403000,0.0,0.0
2023-12-18 00:00:00-05:00,5.262107312106681,5.262107312106681,5.181714254736637,5.203639507293701,265000,0.0,0.0
2023-12-19 00:00:00-05:00,5.196329239630482,5.218254483890957,5.15247840261406,5.159786701202393,373000,0.0,0.0
2023-12-20 00:00:00-05:00,5.159787618925432,5.196330163853002,5.130553722381592,5.130553722381592,435000,0.0,0.0
2023-12-21 00:00:00-05:00,5.145171263219589,5.262106862862351,5.137862962489704,5.23287296295166,337600,0.0,0.0
2023-12-22 00:00:00-05:00,5.254798118496738,5.291340316052241,5.2474894698883086,5.262106418609619,289400,0.0,0.0
2023-12-26 00:00:00-05:00,5.276723812817695,5.2840324620431565,5.2255646622217755,5.23287296295166,254400,0.0,0.0
2023-12-27 00:00:00-05:00,5.22556498743012,5.2621071903448655,5.2182563377498115,5.254798889160156,273100,0.0,0.0
2023-12-28 00:00:00-05:00,5.2401814460754395,5.291340595049733,5.225564496583418,5.2401814460754395,244200,0.0,0.0
2023-12-29 00:00:00-05:00,5.225563131610959,5.305956507065258,5.225563131610959,5.284030914306641,734200,0.0,0.0
2024-01-02 00:00:00-05:00,5.24018053101712,5.3278822126544805,5.24018053101712,5.26941442489624,267500,0.0,0.0
2024-01-03 00:00:00-05:00,5.284032196112103,5.371733891430385,5.26941524689239,5.305957794189453,268300,0.0,0.0
2024-01-04 00:00:00-05:00,5.320574959336755,5.34250020980835,5.29134071121534,5.34250020980835,141600,0.0,0.0
2024-01-05 00:00:00-05:00,5.3424996218746585,5.3936591148376465,5.3424996218746585,5.3936591148376465,159800,0.0,0.0
2024-01-08 00:00:00-05:00,5.393659367202253,5.45943546295166,5.393659367202253,5.45943546295166,354800,0.0,0.0
2024-01-09 00:00:00-05:00,5.481361077914302,5.481361077914302,5.444818531329986,5.474052429199219,243300,0.0,0.0
2024-01-10 00:00:00-05:00,5.48136137263313,5.48136137263313,5.444818824084014,5.466744422912598,268300,0.0,0.0
2024-01-11 00:00:00-05:00,5.482977282661437,5.490356963556097,5.438700252941133,5.4534592628479,200600,0.072,0.0
2024-01-12 00:00:00-05:00,5.460840373943847,5.5789124841212345,5.423942663572091,5.556774139404297,1530800,0.0,0.0
2024-01-16 00:00:00-05:00,5.556773762082382,5.556773762082382,5.482978346349803,5.534635066986084,354900,0.0,0.0
2024-01-17 00:00:00-05:00,5.519877329148213,5.54201602935791,5.446082248253725,5.54201602935791,338300,0.0,0.0
2024-01-18 00:00:00-05:00,5.556774139404297,5.564153470349061,5.490358401488194,5.556774139404297,524300,0.0,0.0
2024-01-19 00:00:00-05:00,5.571534167323496,5.571534167323496,5.4829797166888685,5.5198774337768555,1027000,0.0,0.0
2024-01-22 00:00:00-05:00,5.549394559954114,5.549394559954114,5.3796657224709925,5.482978820800781,468200,0.0,0.0
2024-01-23 00:00:00-05:00,5.512497175941061,5.512497175941061,5.460840799652817,5.490358829498291,135100,0.0,0.0
2024-01-24 00:00:00-05:00,5.497737733552923,5.519876430157016,5.482978719777743,5.505117416381836,274000,0.0,0.0
2024-01-25 00:00:00-05:00,5.527255384659778,5.54201474931239,5.512496371889786,5.534635066986084,222500,0.0,0.0
2024-01-26 00:00:00-05:00,5.542016228804596,5.549395561218262,5.519877527798169,5.549395561218262,234100,0.0,0.0
2024-01-29 00:00:00-05:00,5.549396100052826,5.556775785065758,5.505119045623478,5.512498378753662,226800,0.0,0.0
2024-01-30 00:00:00-05:00,5.542016766922643,5.549396100052826,5.505119045623478,5.512498378753662,249200,0.0,0.0
2024-01-31 00:00:00-05:00,5.512496747328103,5.527255761103283,5.468219706002563,5.505117416381836,279700,0.0,0.0
2024-02-01 00:00:00-05:00,5.505118417318203,5.549395466694162,5.409184634395604,5.5198774337768555,344400,0.0,0.0
2024-02-02 00:00:00-05:00,5.519876430157016,5.534635443932196,5.490358402606655,5.505117416381836,236100,0.0,0.0
2024-02-05 00:00:00-05:00,5.512498378753662,5.549396100052826,5.490360027480363,5.512498378753662,282400,0.0,0.0
2024-02-06 00:00:00-05:00,5.519877527798169,5.556775245514642,5.505118511088122,5.549395561218262,234800,0.0,0.0
2024-02-07 00:00:00-05:00,5.5789124841212345,5.593671497893408,5.519876429032541,5.556774139404297,177300,0.0,0.0
2024-02-08 00:00:00-05:00,5.556774340053424,5.578912685569755,5.527255959560557,5.564153671264648,351200,0.0,0.0
2024-02-09 00:00:00-05:00,5.565643865666819,5.602897314483653,5.52093994025175,5.587996006011963,372700,0.072,0.0
2024-02-12 00:00:00-05:00,5.5805448441386165,5.587995675571473,5.513489137618893,5.573094367980957,191200,0.0,0.0
2024-02-13 00:00:00-05:00,5.5507426261901855,5.595446907436141,5.535841317533274,5.5507426261901855,396500,0.0,0.0
2024-02-14 00:00:00-05:00,5.56564266713389,5.602896107928384,5.56564266713389,5.59544563293457,183400,0.0,0.0
2024-02-15 00:00:00-05:00,5.5954471670065,5.602897644042969,5.565644193034908,5.602897644042969,159700,0.0,0.0
2024-02-16 00:00:00-05:00,5.610348146357107,5.617798622955343,5.587996006011963,5.587996006011963,270100,0.0,0.0
2024-02-20 00:00:00-05:00,5.5581926893183065,5.580544471574248,5.483686156339878,5.51348876953125,292500,0.0,0.0
2024-02-21 00:00:00-05:00,5.528390840842429,5.5507426261901855,5.520940008876362,5.5507426261901855,203500,0.0,0.0
2024-02-22 00:00:00-05:00,5.565644760110261,5.565644760110261,5.45388510624953,5.498589038848877,282600,0.0,0.0
2024-02-23 00:00:00-05:00,5.535842138377363,5.543292971448224,5.483687727982428,5.498589038848877,278500,0.0,0.0
2024-02-26 00:00:00-05:00,5.528390369301291,5.528390369301291,5.45388383237173,5.483686447143555,232000,0.0,0.0
2024-02-27 00:00:00-05:00,5.506038268691097,5.528390407562256,5.476235653713014,5.528390407562256,220200,0.0,0.0
2024-02-28 00:00:00-05:00,5.5209408275109135,5.535842138377363,5.498589038848877,5.498589038848877,170100,0.0,0.0
2024-02-29 00:00:00-05:00,5.513489497690935,5.543292114818301,5.468785571999887,5.506038665771484,331500,0.0,0.0
2024-03-01 00:00:00-05:00,5.520939643079692,5.520939643079692,5.461334412401265,5.4911370277404785,444100,0.0,0.0
2024-03-04 00:00:00-05:00,5.491136632000135,5.528390076126935,5.476235325404449,5.51348876953125,365700,0.0,0.0
2024-03-05 00:00:00-05:00,5.520940380303677,5.54329252243042,5.483687283792768,5.54329252243042,336600,0.0,0.0
2024-03-06 00:00:00-05:00,5.558193832089834,5.5730951417492465,5.535841689963091,5.54329252243042,278300,0.0,0.0
2024-03-07 00:00:00-05:00,5.550742228957584,5.587995675571473,5.528390445209409,5.573094367980957,381200,0.0,0.0
2024-03-08 00:00:00-05:00,5.544507333679153,5.574599611194049,5.469276639891913,5.536984443664551,441500,0.072,0.0
2024-03-11 00:00:00-04:00,5.536984443664551,5.544507333679153,5.4918460273922065,5.536984443664551,306500,0.0,0.0
2024-03-12 00:00:00-04:00,5.55203118849084,5.612215750090479,5.544507938926744,5.5746002197265625,483000,0.0,0.0
2024-03-13 00:00:00-04:00,5.6197376978622025,5.634783835737177,5.52193798103898,5.559553146362305,621700,0.0,0.0
2024-03-14 00:00:00-04:00,5.589645980711325,5.589645980711325,5.47680011473592,5.499369144439697,322500,0.0,0.0
2024-03-15 00:00:00-04:00,5.514414670986277,5.514414670986277,5.454230120160333,5.4617533683776855,338600,0.0,0.0
2024-03-18 00:00:00-04:00,5.514414670986277,5.52193791920363,5.431660734236495,5.4617533683776855,372800,0.0,0.0
2024-03-19 00:00:00-04:00,5.484322359589577,5.499368497197342,5.469276221981812,5.491845607757568,203500,0.0,0.0
2024-03-20 00:00:00-04:00,5.521937592480119,5.5294604815241355,5.461753045215191,5.4843220710754395,341000,0.0,0.0
2024-03-21 00:00:00-04:00,5.506891404494723,5.529460430145264,5.476799131141871,5.529460430145264,231400,0.0,0.0
2024-03-22 00:00:00-04:00,5.559554079326653,5.582123469290659,5.544507938926744,5.5746002197265625,278800,0.0,0.0
2024-03-25 00:00:00-04:00,5.559552498376732,5.582121881922764,5.552029609680176,5.552029609680176,195900,0.0,0.0
2024-03-26 00:00:00-04:00,5.567075713027344,5.61221412112549,5.567075713027344,5.582121849060059,150100,0.0,0.0
2024-03-27 00:00:00-04:00,5.612214735646069,5.634783762802293,5.582122460285625,5.61973762512207,292300,0.0,0.0
2024-03-28 00:00:00-04:00,5.634783591748199,5.664876224923345,5.597168428053631,5.6122145652771,603700,0.0,0.0
2024-04-01 00:00:00-04:00,5.642307300255752,5.649830548845647,5.604691774762752,5.627261161804199,385700,0.0,0.0
2024-04-02 00:00:00-04:00,5.6272594267584015,5.642305560570799,5.604690046675743,5.634782314300537,263700,0.0,0.0
2024-04-03 00:00:00-04:00,5.642307093025529,5.664876479238051,5.634783844711948,5.649830341339111,328900,0.0,0.0
2024-04-04 00:00:00-04:00,5.6498302592107335,5.664876396890955,5.61973762512207,5.61973762512207,357300,0.0,0.0
2024-04-05 00:00:00-04:00,5.634782314300537,5.649828806841061,5.6272594267584015,5.634782314300537,306200,0.0,0.0
2024-04-08 00:00:00-04:00,5.642308024763869,5.664877414703369,5.634784775207941,5.664877414703369,264400,0.0,0.0
2024-04-09 00:00:00-04:00,5.664877414703369,5.679923555086941,5.649831274319797,5.664877414703369,255600,0.0,0.0
2024-04-10 00:00:00-04:00,5.628417149516731,5.636013028180248,5.575247447637834,5.5904388427734375,298400,0.072,0.0
2024-04-11 00:00:00-04:00,5.613225589209355,5.620821467649359,5.468907158572046,5.529673099517822,459600,0.0,0.0
2024-04-12 00:00:00-04:00,5.529674269209776,5.529674269209776,5.408142723802076,5.423334121704102,339200,0.0,0.0
2024-04-15 00:00:00-04:00,5.461312297919056,5.461312297919056,5.294206574093181,5.324589729309082,466500,0.0,0.0
2024-04-16 00:00:00-04:00,5.332184794126878,5.392950375020859,5.286610608456392,5.377758979797363,251200,0.0,0.0
2024-04-17 00:00:00-04:00,5.400546550750732,5.430929342868733,5.377759275566506,5.400546550750732,183500,0.0,0.0
2024-04-18 00:00:00-04:00,5.430928545929412,5.430928545929412,5.3929498802592075,5.415737152099609,95900,0.0,0.0
2024-04-19 00:00:00-04:00,5.4385247230529785,5.453716118729997,5.42333332737596,5.4385247230529785,136300,0.0,0.0
2024-04-22 00:00:00-04:00,5.4916944731655,5.506885867968792,5.453715805061561,5.4992899894714355,155200,0.0,0.0
2024-04-23 00:00:00-04:00,5.522077403254508,5.552460193634033,5.506886008064745,5.552460193634033,127000,0.0,0.0
2024-04-24 00:00:00-04:00,5.575247603573772,5.575247603573772,5.499290263579851,5.514482021331787,147800,0.0,0.0
2024-04-25 00:00:00-04:00,5.49169398915857,5.49169398915857,5.438523930937448,5.4537153244018555,220100,0.0,0.0
2024-04-26 00:00:00-04:00,5.4916947902212945,5.499290306965747,5.4765033945409485,5.4840989112854,98200,0.0,0.0
2024-04-29 00:00:00-04:00,5.514481704829233,5.537268615766408,5.4916944317006395,5.529673099517822,196800,0.0,0.0
2024-04-30 00:00:00-04:00,5.529672308351642,5.575246485896815,5.529672308351642,5.544863700866699,149100,0.0,0.0
2024-05-01 00:00:00-04:00,5.560055417512426,5.598033719918382,5.5448640241117655,5.575246810913086,365600,0.0,0.0
2024-05-02 00:00:00-04:00,5.590438051137893,5.613224959518837,5.590438051137893,5.6056294441223145,144300,0.0,0.0
2024-05-03 00:00:00-04:00,5.620821183476586,5.643608093261719,5.613225305420608,5.643608093261719,165100,0.0,0.0
2024-05-06 00:00:00-04:00,5.651205062866211,5.658800580197887,5.628417786488241,5.651205062866211,221100,0.0,0.0
2024-05-07 00:00:00-04:00,5.673991520755214,5.689182916388358,5.643608729488926,5.65880012512207,218700,0.0,0.0
2024-05-08 00:00:00-04:00,5.666396459721034,5.67399197705271,5.620822269156565,5.651205062866211,236500,0.0,0.0
2024-05-09 00:00:00-04:00,5.666396459721034,5.666396459721034,5.636013666011388,5.651205062866211,245400,0.0,0.0
2024-05-10 00:00:00-04:00,5.652737617492676,5.668077460951013,5.629728035170528,5.652737617492676,266800,0.072,0.0
2024-05-13 00:00:00-04:00,5.652739039881916,5.668078887200193,5.6143896044516275,5.622059345245361,161700,0.0,0.0
2024-05-14 00:00:00-04:00,5.629728963484303,5.637398703612814,5.568369579533103,5.591379165649414,171900,0.0,0.0
2024-05-15 00:00:00-04:00,5.652738087684737,5.652738087684737,5.599048813980067,5.6373982429504395,223600,0.0,0.0
2024-05-16 00:00:00-04:00,5.645068348182962,5.652738087684737,5.6067185534818424,5.6373982429504395,214900,0.0,0.0
2024-05-17 00:00:00-04:00,5.645068348182962,5.66040819291726,5.629728503448663,5.6373982429504395,199600,0.0,0.0
2024-05-20 00:00:00-04:00,5.652737617492676,5.660407722087203,5.622057930576001,5.652737617492676,204900,0.0,0.0
2024-05-21 00:00:00-04:00,5.66040773786518,5.683417320251465,5.652737633249273,5.683417320251465,183700,0.0,0.0
2024-05-22 00:00:00-04:00,5.683417320251465,5.691087424867372,5.668077476750369,5.683417320251465,149900,0.0,0.0
2024-05-23 00:00:00-04:00,5.706428015780096,5.706428015780096,5.5913789915877254,5.614388942718506,202300,0.0,0.0
2024-05-24 00:00:00-04:00,5.637398703612814,5.645068809472104,5.5606994736738145,5.591379165649414,155400,0.0,0.0
2024-05-28 00:00:00-04:00,5.60671882531136,5.614388930915751,5.568369394481699,5.583709239959717,168300,0.0,0.0
2024-05-29 00:00:00-04:00,5.591379638391938,5.591379638391938,5.560699943822417,5.576039791107178,164000,0.0,0.0
2024-05-30 00:00:00-04:00,5.583708755891324,5.6220581833963585,5.5606988068037175,5.568368911743164,178600,0.0,0.0
2024-05-31 00:00:00-04:00,5.576039803290529,5.622059345245361,5.576039803290529,5.622059345245361,197300,0.0,0.0
2024-06-03 00:00:00-04:00,5.6373982429504395,5.652738087684737,5.622058398216141,5.6373982429504395,256300,0.0,0.0
2024-06-04 00:00:00-04:00,5.637399016030097,5.645069122314453,5.629729275476539,5.645069122314453,215300,0.0,0.0
2024-06-05 00:00:00-04:00,5.660408969152368,5.660408969152368,5.629729275476539,5.645069122314453,163600,0.0,0.0
2024-06-06 00:00:00-04:00,5.629728043037993,5.66807746887207,5.629728043037993,5.66807746887207,195400,0.0,0.0
2024-06-07 00:00:00-04:00,5.637397774034338,5.668077460951013,5.637397774034338,5.652737617492676,120800,0.0,0.0
2024-06-10 00:00:00-04:00,5.645067878628865,5.660407722087203,5.637397774034338,5.652737617492676,147200,0.0,0.0
2024-06-11 00:00:00-04:00,5.652737617492676,5.660407722087203,5.637397774034338,5.652737617492676,104800,0.0,0.0
2024-06-12 00:00:00-04:00,5.6680772648774616,5.691087212134352,5.622057736094385,5.629727840423584,222300,0.0,0.0
2024-06-13 00:00:00-04:00,5.646769022830225,5.662260829873297,5.6235314969425225,5.639023303985596,172000,0.072,0.0
2024-06-14 00:00:00-04:00,5.639023303985596,5.646769022830225,5.6235314969425225,5.639023303985596,164100,0.0,0.0
2024-06-17 00:00:00-04:00,5.646768387990792,5.646768387990792,5.592546884758998,5.623530864715576,247500,0.0,0.0
2024-06-18 00:00:00-04:00,5.6312778844746925,5.6312778844746925,5.5925481775911345,5.615786075592041,242800,0.0,0.0
2024-06-20 00:00:00-04:00,5.600294151582989,5.608039871188155,5.538326917326256,5.5615644454956055,361000,0.0,0.0
2024-06-21 00:00:00-04:00,5.5770560757602405,5.5770560757602405,5.499597035415706,5.538326740264893,328100,0.0,0.0
2024-06-24 00:00:00-04:00,5.546072137598987,5.561563944768388,5.515088523260185,5.553818225860596,717600,0.0,0.0
2024-06-25 00:00:00-04:00,5.569310188293457,5.584801995894745,5.530580484613324,5.569310188293457,282900,0.0,0.0
2024-06-26 00:00:00-04:00,5.569311164284501,5.584802974600643,5.546073264133341,5.577056884765625,168700,0.0,0.0
2024-06-27 00:00:00-04:00,5.584801840199398,5.584801840199398,5.538326418691195,5.553818225860596,164500,0.0,0.0
2024-06-28 00:00:00-04:00,5.569310033029997,5.569310033029997,5.507342804352393,5.553818225860596,220700,0.0,0.0
2024-07-01 00:00:00-04:00,5.577055751937788,5.584801840199398,5.522834611521794,5.553818225860596,326600,0.0,0.0
2024-07-02 00:00:00-04:00,5.577055907417187,5.584801995894745,5.522834765489594,5.569310188293457,467500,0.0,0.0
2024-07-03 00:00:00-04:00,5.577055751937788,5.577055751937788,5.5305803304295855,5.553818225860596,226600,0.0,0.0
2024-07-05 00:00:00-04:00,5.569310188293457,5.577055907417187,5.546072292214612,5.569310188293457,194600,0.0,0.0
2024-07-08 00:00:00-04:00,5.569310188293457,5.577055907417187,5.538326573090882,5.569310188293457,236400,0.0,0.0
2024-07-09 00:00:00-04:00,5.584803126506679,5.592548847198486,5.569311315769161,5.592548847198486,273900,0.0,0.0
2024-07-10 00:00:00-04:00,5.600294589996338,5.60804031020787,5.569310970442451,5.600294589996338,369500,0.0,0.0
2024-07-11 00:00:00-04:00,5.609683097500778,5.617506729220071,5.601859092712402,5.601859092712402,226800,0.072,0.0
2024-07-12 00:00:00-04:00,5.601859092712402,5.609683097500778,5.570563819697066,5.601859092712402,344300,0.0,0.0
2024-07-15 00:00:00-04:00,5.6096825302879845,5.6096825302879845,5.539267986588774,5.578387260437012,547400,0.0,0.0
2024-07-16 00:00:00-04:00,5.5940348953624985,5.6018585262907195,5.539267986588774,5.578387260437012,444300,0.0,0.0
2024-07-17 00:00:00-04:00,5.578387290876888,5.5862109218478,5.515796750833402,5.5392680168151855,426600,0.0,0.0
2024-07-18 00:00:00-04:00,5.554915651826057,5.562739655866016,5.50014911582253,5.5392680168151855,396200,0.0,0.0
2024-07-19 00:00:00-04:00,5.539266769892731,5.562738403659956,5.48450024621748,5.492323875427246,1504100,0.0,0.0
2024-07-22 00:00:00-04:00,5.531443629672711,5.56273889541626,5.523619626702326,5.56273889541626,196200,0.0,0.0
2024-07-23 00:00:00-04:00,5.562739462525641,5.594034731459676,5.554915458757616,5.58621072769165,164000,0.0,0.0
2024-07-24 00:00:00-04:00,5.5627396853328595,5.633153856720255,5.554915681251455,5.570563316345215,266200,0.0,0.0
2024-07-25 00:00:00-04:00,5.586210951438975,5.601858586532735,5.554915681251455,5.570563316345215,229900,0.0,0.0
2024-07-26 00:00:00-04:00,5.601859092712402,5.601859092712402,5.578387824485441,5.601859092712402,138500,0.0,0.0
2024-07-29 00:00:00-04:00,5.594035460993109,5.640978370516114,5.586211456204734,5.601859092712402,243200,0.0,0.0
2024-07-30 00:00:00-04:00,5.586211172334815,5.625330448150635,5.586211172334815,5.625330448150635,141000,0.0,0.0
2024-07-31 00:00:00-04:00,5.640977636372296,5.656625270843506,5.617505998130963,5.656625270843506,148800,0.0,0.0
2024-08-01 00:00:00-04:00,5.656624768390424,5.695744037628174,5.640977135309124,5.695744037628174,412300,0.0,0.0
2024-08-02 00:00:00-04:00,5.711391251131364,5.727038883063135,5.656624352835675,5.687919616699219,463200,0.0,0.0
2024-08-05 00:00:00-04:00,5.609681794031583,5.625329426903357,5.5392672595741,5.56273889541626,399700,0.0,0.0
2024-08-06 00:00:00-04:00,5.554915679966769,5.656625494587211,5.554915679966769,5.64097785949707,205700,0.0,0.0
2024-08-07 00:00:00-04:00,5.640977919568186,5.69574482950142,5.625330284311413,5.633153915405273,179100,0.0,0.0
2024-08-08 00:00:00-04:00,5.633153944261443,5.695744858678216,5.625330313127506,5.664449214935303,267800,0.0,0.0
2024-08-09 00:00:00-04:00,5.640977888684889,5.687920794198206,5.640977888684889,5.6722731590271,166700,0.0,0.0
2024-08-12 00:00:00-04:00,5.697560774271939,5.697560774271939,5.626439923183145,5.6580491065979,219500,0.072,0.0
2024-08-13 00:00:00-04:00,5.658048469458064,5.681755542755127,5.634341772972149,5.681755542755127,241900,0.0,0.0
2024-08-14 00:00:00-04:00,5.665952242686522,5.68965894456929,5.6580497575181115,5.673854351043701,174000,0.0,0.0
2024-08-15 00:00:00-04:00,5.6896568969679455,5.744973142805838,5.681754791454587,5.7370710372924805,229500,0.0,0.0
2024-08-16 00:00:00-04:00,5.7370725180417015,5.792388401345631,5.7291700336776,5.784486293792725,377000,0.0,0.0
2024-08-19 00:00:00-04:00,5.776583809428623,5.800290885709733,5.768681701875717,5.784486293792725,195200,0.0,0.0
2024-08-20 00:00:00-04:00,5.800291050116397,5.800291050116397,5.7528772730214515,5.76077938079834,250400,0.0,0.0
2024-08-21 00:00:00-04:00,5.784486293792725,5.792388401345631,5.760779217511616,5.784486293792725,279400,0.0,0.0
2024-08-22 00:00:00-04:00,5.776583156005978,5.792387746135238,5.752876459217664,5.768681049346924,149600,0.0,0.0
2024-08-23 00:00:00-04:00,5.784485993467761,5.800290584564209,5.752876811274864,5.800290584564209,198800,0.0,0.0
2024-08-26 00:00:00-04:00,5.8239970207214355,5.8398016111066715,5.808192430336199,5.8239970207214355,237700,0.0,0.0
2024-08-27 00:00:00-04:00,5.831899504319632,5.831899504319632,5.816094913934395,5.8239970207214355,95200,0.0,0.0
2024-08-28 00:00:00-04:00,5.831899504319632,5.8398016111066715,5.808192430336199,5.8239970207214355,170900,0.0,0.0
2024-08-29 00:00:00-04:00,5.831899504319632,5.831899504319632,5.800290323549159,5.8239970207214355,182900,0.0,0.0
2024-08-30 00:00:00-04:00,5.81609582901001,5.823997937040327,5.768682050394452,5.81609582901001,245200,0.0,0.0
2024-09-03 00:00:00-04:00,5.816094913934395,5.8398016111066715,5.800290323549159,5.8239970207214355,328100,0.0,0.0
2024-09-04 00:00:00-04:00,5.82399686038505,5.84770393371582,5.808192270434918,5.84770393371582,282100,0.0,0.0
2024-09-05 00:00:00-04:00,5.831899343765689,5.855606040285312,5.82399686038505,5.84770393371582,245300,0.0,0.0
2024-09-06 00:00:00-04:00,5.831899343765689,5.871410630235443,5.831899343765689,5.84770393371582,247600,0.0,0.0
2024-09-09 00:00:00-04:00,5.839802276896907,5.903020645645318,5.839802276896907,5.879313945770264,419000,0.0,0.0
2024-09-10 00:00:00-04:00,5.887215614318848,5.903020205327054,5.871411023310642,5.887215614318848,210000,0.0,0.0
2024-09-11 00:00:00-04:00,5.8951180982285365,5.903020205327054,5.871411023310642,5.887215614318848,492100,0.0,0.0
2024-09-12 00:00:00-04:00,5.8872138476548415,5.903018433920329,5.863507156662138,5.895116329193115,338600,0.0,0.0
2024-09-13 00:00:00-04:00,5.912672071700091,5.936610183215832,5.880754843334686,5.888734340667725,303400,0.072,0.0
2024-09-16 00:00:00-04:00,5.912672689843476,5.936610803861839,5.8967140739923725,5.92863130569458,187600,0.0,0.0
2024-09-17 00:00:00-04:00,5.920650180910184,5.952567401792453,5.880753464565705,5.936608791351318,274900,0.0,0.0
2024-09-18 00:00:00-04:00,5.952569419712943,5.952569419712943,5.912672689843476,5.92863130569458,216800,0.0,0.0
2024-09-19 00:00:00-04:00,5.968526943912388,5.968526943912388,5.920651105115633,5.96054744720459,413800,0.0,0.0
2024-09-20 00:00:00-04:00,5.968527964234636,6.0084246936273,5.96054846616274,5.9844865798950195,425000,0.0,0.0
2024-09-23 00:00:00-04:00,5.984486887201302,6.000445503681168,5.9685282707214355,5.9685282707214355,209400,0.0,0.0
2024-09-24 00:00:00-04:00,5.968527725267993,6.024383068084717,5.968527725267993,6.024383068084717,370800,0.0,0.0
2024-09-25 00:00:00-04:00,6.024382563142432,6.048320293426514,6.0084239494585905,6.048320293426514,325900,0.0,0.0
2024-09-26 00:00:00-04:00,6.04832209432101,6.056301593780518,6.008425738473904,6.056301593780518,271600,0.0,0.0
2024-09-27 00:00:00-04:00,6.040342773337711,6.0642805099487305,6.024384155435878,6.0642805099487305,229100,0.0,0.0
2024-09-30 00:00:00-04:00,6.0642782996883176,6.088216408058026,6.0323610755175885,6.080236911773682,327000,0.0,0.0
2024-10-01 00:00:00-04:00,6.088216408058026,6.104175020143391,6.0642782996883176,6.080236911773682,388100,0.0,0.0
2024-10-02 00:00:00-04:00,6.080239665903232,6.088219165802002,6.064281046589188,6.088219165802002,269700,0.0,0.0
2024-10-03 00:00:00-04:00,6.088217125704733,6.136092967604176,6.04034128380529,6.120134353637695,393800,0.0,0.0
2024-10-04 00:00:00-04:00,6.128114087517331,6.160031318664551,6.112155471943721,6.160031318664551,378300,0.0,0.0
2024-10-07 00:00:00-04:00,6.16801081669306,6.191948930295179,6.15205220111945,6.160031318664551,422600,0.0,0.0
2024-10-08 00:00:00-04:00,6.175989762915641,6.175989762915641,6.096196687261059,6.144072532653809,348000,0.0,0.0
2024-10-09 00:00:00-04:00,6.168009106295971,6.168009106295971,6.1360918839994385,6.152050495147705,239600,0.0,0.0
2024-10-10 00:00:00-04:00,6.168009106295971,6.199926328592502,6.152050495147705,6.152050495147705,350300,0.0,0.0
2024-10-11 00:00:00-04:00,6.137553156460514,6.177825969200311,6.137553156460514,6.153662204742432,349200,0.072,0.0
2024-10-14 00:00:00-04:00,6.177826645894983,6.177826645894983,6.1133904457092285,6.1133904457092285,282700,0.0,0.0
2024-10-15 00:00:00-04:00,6.153662518369083,6.153662518369083,6.040899174648584,6.081171989440918,347200,0.0,0.0
2024-10-16 00:00:00-04:00,6.073117272854441,6.097281038543847,6.057008223751512,6.081171989440918,232600,0.0,0.0
2024-10-17 00:00:00-04:00,6.1133909842964504,6.1133909842964504,6.073118163597311,6.0972819328308105,244500,0.0,0.0
2024-10-18 00:00:00-04:00,6.105335728650985,6.121444778697424,6.09728139566279,6.1133904457092285,286900,0.0,0.0
2024-10-21 00:00:00-04:00,6.1295000357620895,6.1295000357620895,6.073118163597311,6.0972819328308105,221100,0.0,0.0
2024-10-22 00:00:00-04:00,6.08922721506295,6.121445317994229,6.08922721506295,6.0972819328308105,186000,0.0,0.0
2024-10-23 00:00:00-04:00,6.105335294781794,6.105335294781794,6.073117196978461,6.089226245880127,148500,0.0,0.0
2024-10-24 00:00:00-04:00,6.097280702043769,6.105335034115713,6.016735076904297,6.016735076904297,242100,0.0,0.0
2024-10-25 00:00:00-04:00,6.032844517133984,6.081172048986006,6.032844517133984,6.065062999725342,172300,0.0,0.0
2024-10-28 00:00:00-04:00,6.097281081525203,6.097281081525203,6.024790168016004,6.057008266448975,306600,0.0,0.0
2024-10-29 00:00:00-04:00,6.065064000320187,6.08117305223847,6.024791178489431,6.040900230407715,330600,0.0,0.0
2024-10-30 00:00:00-04:00,6.057008342684369,6.073117392103607,6.040899293265129,6.048954010009766,245900,0.0,0.0
2024-10-31 00:00:00-04:00,6.040899217232489,6.081172032308717,6.040899217232489,6.057008266448975,290800,0.0,0.0
2024-11-01 00:00:00-04:00,6.081172032308717,6.097281081525203,6.040899217232489,6.057008266448975,333600,0.0,0.0
2024-11-04 00:00:00-05:00,6.065063059429005,6.081172108848244,6.0247902438458905,6.048954010009766,284600,0.0,0.0
2024-11-05 00:00:00-05:00,6.057008342684369,6.057008342684369,6.0247902438458905,6.048954010009766,159200,0.0,0.0
2024-11-06 00:00:00-05:00,6.089226441522847,6.089226441522847,6.0247902438458905,6.048954010009766,393700,0.0,0.0
2024-11-07 00:00:00-05:00,6.06506294033799,6.081171989440918,6.040899174648584,6.081171989440918,382900,0.0,0.0
2024-11-08 00:00:00-05:00,6.089226662429215,6.105335712432861,6.081172329462415,6.105335712432861,344100,0.0,0.0
2024-11-11 00:00:00-05:00,6.105335712432861,6.121444762436509,6.073117612425568,6.105335712432861,448000,0.0,0.0
2024-11-12 00:00:00-05:00,6.123225667728405,6.139489199355375,6.08256664478439,6.11509370803833,313700,0.072,0.0
2024-11-13 00:00:00-05:00,6.115093944544029,6.1232259045486135,6.025644323259576,6.03377628326416,300400,0.0,0.0
2024-11-14 00:00:00-05:00,6.033775307383198,6.033775307383198,5.9524576592553515,6.025643348693848,488200,0.0,0.0
2024-11-15 00:00:00-05:00,6.017511777757629,6.033775307383198,5.96058923019157,6.025643348693848,384100,0.0,0.0
2024-11-18 00:00:00-05:00,6.025643348693848,6.033775307383198,6.001248248132059,6.025643348693848,318200,0.0,0.0
2024-11-19 00:00:00-05:00,6.033775693318515,6.058170795440674,6.0093802034431985,6.058170795440674,294900,0.0,0.0
2024-11-20 00:00:00-05:00,6.08256628531599,6.090697856772325,6.025643734109024,6.058170795440674,377000,0.0,0.0
2024-11-21 00:00:00-05:00,6.074434757232666,6.082566717019314,6.041907693592444,6.074434757232666,284000,0.0,0.0
2024-11-22 00:00:00-05:00,6.082566194016064,6.090697765350342,6.066302663594356,6.090697765350342,319700,0.0,0.0
2024-11-25 00:00:00-05:00,6.090698310190346,6.123225761696638,6.066303206252109,6.082566738128662,471500,0.0,0.0
2024-11-26 00:00:00-05:00,6.090698310190346,6.090698310190346,6.041907714560686,6.082566738128662,296900,0.0,0.0
2024-11-27 00:00:00-05:00,6.082566691332068,6.098830223083496,6.066303159580639,6.098830223083496,233200,0.0,0.0
2024-11-29 00:00:00-05:00,6.106962136101435,6.123225667728405,6.098830176411361,6.11509370803833,113400,0.0,0.0
2024-12-02 00:00:00-05:00,6.115094730950926,6.123226692001287,6.0906992355530845,6.106963157653809,399900,0.0,0.0
2024-12-03 00:00:00-05:00,6.1232256423296505,6.13948917388916,6.106962110770141,6.13948917388916,284800,0.0,0.0
2024-12-04 00:00:00-05:00,6.139488675151755,6.147620246394358,6.123225144913403,6.131356716156006,229600,0.0,0.0
2024-12-05 00:00:00-05:00,6.139488629928135,6.14762020111084,6.11509314087373,6.14762020111084,317800,0.0,0.0
2024-12-06 00:00:00-05:00,6.1476211754564565,6.163884708152643,6.139489602984966,6.155753135681152,331400,0.0,0.0
2024-12-09 00:00:00-05:00,6.163883731229395,6.163883731229395,6.12322509980958,6.14762020111084,315800,0.0,0.0
2024-12-10 00:00:00-05:00,6.163884708152643,6.163884708152643,6.139489602984966,6.155753135681152,316400,0.0,0.0
2024-12-11 00:00:00-05:00,6.139488629928135,6.180147261347949,6.139488629928135,6.14762020111084,380400,0.0,0.0
2024-12-12 00:00:00-05:00,6.149262960347514,6.157473112408558,6.11642313506653,6.141053199768066,236600,0.072,0.0
2024-12-13 00:00:00-05:00,6.1574726034064815,6.173892514689636,6.1082128695570175,6.132842540740967,331800,0.0,0.0
2024-12-16 00:00:00-05:00,6.124632780840172,6.141052692123327,6.1082128695570175,6.132842540740967,249700,0.0,0.0
2024-12-17 00:00:00-05:00,6.132842086427873,6.141052237202035,6.07537259693488,6.116422176361084,423000,0.0,0.0
2024-12-18 00:00:00-05:00,6.124632883419064,6.13284264345736,6.0753731487445695,6.091793060302734,276700,0.0,0.0
2024-12-19 00:00:00-05:00,6.100003369967262,6.100003369967262,5.9932741309633935,6.017903804779053,513300,0.0,0.0
2024-12-20 00:00:00-05:00,6.017903334302859,6.067163069564686,6.001483422548916,6.0425333976745605,383100,0.0,0.0
2024-12-23 00:00:00-05:00,6.034322715878902,6.067162536501469,6.017902805567619,6.0507426261901855,212000,0.0,0.0
2024-12-24 00:00:00-05:00,6.050743085666537,6.100002820341031,6.04253332562824,6.091793060302734,114000,0.0,0.0
2024-12-26 00:00:00-05:00,6.108212947845459,6.132842619345085,6.0753731248582445,6.108212947845459,303000,0.0,0.0
2024-12-27 00:00:00-05:00,6.116422707851478,6.124632859339066,6.0753731248582445,6.108212947845459,200700,0.0,0.0
2024-12-30 00:00:00-05:00,6.075372619368,6.116422198945778,6.0589527092405815,6.100002288818359,361000,0.0,0.0
2024-12-31 00:00:00-05:00,6.083582356227507,6.132842086427873,6.058952686868092,6.116422176361084,417000,0.0,0.0
2025-01-02 00:00:00-05:00,6.116422629457812,6.141052692123327,6.1082128695570175,6.132842540740967,306800,0.0,0.0
2025-01-03 00:00:00-05:00,6.157472610473633,6.1656827618654155,6.116422636477849,6.157472610473633,432900,0.0,0.0
2025-01-06 00:00:00-05:00,6.165681785731571,6.173891544342041,6.132841576845176,6.173891544342041,315300,0.0,0.0
2025-01-07 00:00:00-05:00,6.173891544342041,6.173891544342041,6.124631818234705,6.173891544342041,230900,0.0,0.0
2025-01-08 00:00:00-05:00,6.173892052601274,6.182102203369141,6.141052232492879,6.182102203369141,229800,0.0,0.0
2025-01-10 00:00:00-05:00,6.132842547779849,6.1985225844694165,6.132842547779849,6.157472610473633,400700,0.0,0.0
2025-01-13 00:00:00-05:00,6.150841236114502,6.175709644838803,6.142551503022248,6.150841236114502,299200,0.072,0.0
2025-01-14 00:00:00-05:00,6.15913001468489,6.15913001468489,6.1176825388157186,6.142550945281982,338500,0.0,0.0
2025-01-15 00:00:00-05:00,6.159129619598389,6.175708687937807,6.14255055125897,6.159129619598389,257700,0.0,0.0
2025-01-16 00:00:00-05:00,6.175708770751953,6.183998502670909,6.142550633628477,6.175708770751953,224900,0.0,0.0
2025-01-17 00:00:00-05:00,6.175709725191945,6.183999458392058,6.150841316144076,6.167420387268066,225400,0.0,0.0
2025-01-21 00:00:00-05:00,6.183998419745601,6.183998419745601,6.14255055125897,6.159129619598389,383400,0.0,0.0
2025-01-22 00:00:00-05:00,6.175708687937807,6.175708687937807,6.14255055125897,6.159129619598389,157500,0.0,0.0
2025-01-23 00:00:00-05:00,6.142551582943963,6.175709725191945,6.142551582943963,6.167420387268066,149200,0.0,0.0
2025-01-24 00:00:00-05:00,6.175709644838803,6.183999377931057,6.150841236114502,6.150841236114502,223000,0.0,0.0
2025-01-27 00:00:00-05:00,6.150841316144076,6.175709725191945,6.125972511819972,6.167420387268066,168600,0.0,0.0
2025-01-28 00:00:00-05:00,6.1839985847473145,6.192287921500116,6.159129783936552,6.1839985847473145,174200,0.0,0.0
2025-01-29 00:00:00-05:00,6.1591297021902145,6.2088669078754295,6.1591297021902145,6.175708770751953,333000,0.0,0.0
2025-01-30 00:00:00-05:00,6.1922889551840585,6.208868026733398,6.183999617047511,6.208868026733398,292500,0.0,0.0
2025-01-31 00:00:00-05:00,6.217157921096723,6.225447654724121,6.200578849118181,6.225447654724121,200200,0.0,0.0
2025-02-03 00:00:00-05:00,6.225446863474852,6.266894340515137,6.2171571309010725,6.266894340515137,464200,0.0,0.0
2025-02-04 00:00:00-05:00,6.2751851081848145,6.283474446849721,6.2586060355787305,6.2751851081848145,342200,0.0,0.0
2025-02-05 00:00:00-05:00,6.27518384146168,6.31663131697207,6.27518384146168,6.308341979980469,464100,0.0,0.0
2025-02-06 00:00:00-05:00,6.31663131697207,6.324921049239863,6.300052247712676,6.308341979980469,310300,0.0,0.0
2025-02-07 00:00:00-05:00,6.29176282910104,6.333210304073751,6.29176282910104,6.300052165985107,344900,0.0,0.0
2025-02-10 00:00:00-05:00,6.316631874406918,6.3332109451293945,6.316631874406918,6.3332109451293945,424400,0.0,0.0
2025-02-11 00:00:00-05:00,6.324921049239863,6.333210386231465,6.300052247712676,6.308341979980469,272100,0.0,0.0
2025-02-12 00:00:00-05:00,6.2917633056640625,6.33321078377617,6.283473572875912,6.2917633056640625,240300,0.0,0.0
2025-02-13 00:00:00-05:00,6.310174787309569,6.326912635589099,6.301806062700694,6.318543910980225,233000,0.072,0.0
2025-02-14 00:00:00-05:00,6.318542864887087,6.335280710395512,6.276698051585167,6.301805019378662,243900,0.0,0.0
2025-02-18 00:00:00-05:00,6.301805356195862,6.335281049001912,6.293436233463481,6.326911926269531,455600,0.0,0.0
2025-02-19 00:00:00-05:00,6.318543910980225,6.335281759259755,6.285068214421164,6.318543910980225,236100,0.0,0.0
2025-02-20 00:00:00-05:00,6.318543110953279,6.335280957113534,6.2934361421820295,6.310173988342285,156000,0.0,0.0
2025-02-21 00:00:00-05:00,6.326912635589099,6.326912635589099,6.285068214421164,6.318543910980225,185300,0.0,0.0
2025-02-24 00:00:00-05:00,6.293436527252197,6.310174374436575,6.268329556944754,6.293436527252197,213000,0.0,0.0
2025-02-25 00:00:00-05:00,6.2934361421820295,6.318543110953279,6.285067418632767,6.310173988342285,206100,0.0,0.0
2025-02-26 00:00:00-05:00,6.31017464522862,6.385495160321466,6.301805920808177,6.3436503410339355,340800,0.0,0.0
2025-02-27 00:00:00-05:00,6.318543202598887,6.352018895404937,6.318543202598887,6.326911926269531,246000,0.0,0.0
2025-02-28 00:00:00-05:00,6.318543768710835,6.3436503410339355,6.301805920808177,6.3436503410339355,304600,0.0,0.0
2025-03-03 00:00:00-05:00,6.34365018671893,6.360388034214425,6.3352814625020635,6.352019309997559,432600,0.0,0.0
2025-03-04 00:00:00-05:00,6.35201946451615,6.360388188936594,6.335281616613493,6.3436503410339355,429800,0.0,0.0
2025-03-05 00:00:00-05:00,6.326912493131277,6.360388188936594,6.326912493131277,6.3436503410339355,274000,0.0,0.0
2025-03-06 00:00:00-05:00,6.326912339223435,6.360388034214425,6.326912339223435,6.352019309997559,358800,0.0,0.0
2025-03-07 00:00:00-05:00,6.335282325744629,6.360388900878,6.3269132013256275,6.335282325744629,284700,0.0,0.0
2025-03-10 00:00:00-04:00,6.326912221620952,6.352019191928395,6.268329556944754,6.293436527252197,632100,0.0,0.0
2025-03-11 00:00:00-04:00,6.301806361034808,6.310175086039867,6.276699387896032,6.285068511962891,488000,0.0,0.0
2025-03-12 00:00:00-04:00,6.326911588110442,6.326911588110442,6.259960206076742,6.301805019378662,502800,0.0,0.0
2025-03-13 00:00:00-04:00,6.31194525101263,6.328844687180648,6.261246942508576,6.286596298217773,313100,0.072,0.0
2025-03-14 00:00:00-04:00,6.295045852661133,6.303495772253073,6.2696968997139955,6.295045852661133,202200,0.0,0.0
2025-03-17 00:00:00-04:00,6.311945915222168,6.320395835652537,6.295046477275813,6.311945915222168,235200,0.0,0.0
2025-03-18 00:00:00-04:00,6.311945111477298,6.3288445472717285,6.295045675682869,6.3288445472717285,334600,0.0,0.0
2025-03-19 00:00:00-04:00,6.337294466626108,6.345744385980489,6.320395030831679,6.3288445472717285,305600,0.0,0.0
2025-03-20 00:00:00-04:00,6.3457438076281125,6.362643241882324,6.337293889043859,6.362643241882324,283700,0.0,0.0
2025-03-21 00:00:00-04:00,6.362643241882324,6.379542676136536,6.3541933232980705,6.362643241882324,181600,0.0,0.0
2025-03-24 00:00:00-04:00,6.39644321846226,6.39644321846226,6.362644344098776,6.379543781280518,310200,0.0,0.0
2025-03-25 00:00:00-04:00,6.362643756809066,6.379543192430944,6.362643756809066,6.371093273162842,132900,0.0,0.0
2025-03-26 00:00:00-04:00,6.3541933232980705,6.379542676136536,6.3541933232980705,6.362643241882324,252200,0.0,0.0
2025-03-27 00:00:00-04:00,6.379543192430944,6.379543192430944,6.354193837540964,6.371093273162842,187800,0.0,0.0
2025-03-28 00:00:00-04:00,6.371092757552283,6.379542676136536,6.3457438076281125,6.362643241882324,156700,0.0,0.0
2025-03-31 00:00:00-04:00,6.345744321187189,6.3879927087847195,6.345744321187189,6.371093273162842,380300,0.0,0.0
2025-04-01 00:00:00-04:00,6.379543818540838,6.387993335723877,6.362644381260392,6.387993335723877,340300,0.0,0.0
2025-04-02 00:00:00-04:00,6.3879927087847195,6.396442628052823,6.362643756809066,6.371093273162842,352600,0.0,0.0
2025-04-03 00:00:00-04:00,6.328843858212931,6.3626431290361944,6.295044990303955,6.354193210601807,603900,0.0,0.0
2025-04-04 00:00:00-04:00,6.303495834584413,6.311945351345563,5.923258313302689,5.982406139373779,1660300,0.0,0.0
2025-04-07 00:00:00-04:00,5.585268555482478,5.897908295967099,5.289528249539882,5.804961204528809,1538700,0.0,0.0
2025-04-08 00:00:00-04:00,5.855659272779278,6.117600699108757,5.855659272779278,5.881008625030518,728400,0.0,0.0
2025-04-09 00:00:00-04:00,5.864110279118462,6.126051754045152,5.7796130941282975,6.109152317047119,632100,0.0,0.0
2025-04-10 00:00:00-04:00,6.09225161289978,6.09225161289978,5.754262540324324,5.813410758972168,797700,0.0,0.0
2025-04-11 00:00:00-04:00,5.874892797627984,5.934666154621944,5.806580156963198,5.900509834289551,481400,0.072,0.0
2025-04-14 00:00:00-04:00,5.977362480193642,5.977362480193642,5.891971669054548,5.95174503326416,308500,0.0,0.0
2025-04-15 00:00:00-04:00,5.9773615985258495,6.037135361094268,5.960283438817079,6.020057201385498,285900,0.0,0.0
2025-04-16 00:00:00-04:00,5.977361918113474,6.0456745606009825,5.977361918113474,5.994440078735352,259700,0.0,0.0
2025-04-17 00:00:00-04:00,5.994440079963846,6.062752722465354,5.994440079963846,6.0285964012146,305900,0.0,0.0
2025-04-21 00:00:00-04:00,6.0285965548068745,6.0285965548068745,5.9773620716254285,5.985901355743408,227300,0.0,0.0
2025-04-22 00:00:00-04:00,6.011519106502223,6.079831758843642,6.011519106502223,6.037136554718018,177300,0.0,0.0
2025-04-23 00:00:00-04:00,6.113987206805355,6.122526490709218,6.062752724908577,6.096909046173096,304900,0.0,0.0
2025-04-24 00:00:00-04:00,6.054213766472583,6.139604568481445,6.054213766472583,6.139604568481445,256200,0.0,0.0
2025-04-25 00:00:00-04:00,6.122527120200485,6.165222322583132,6.122527120200485,6.156683444976807,190500,0.0,0.0
2025-04-28 00:00:00-04:00,6.156683206072393,6.207917691248768,6.156683206072393,6.173761367797852,259800,0.0,0.0
2025-04-29 00:00:00-04:00,6.190840721130371,6.216458172237128,6.182301435036262,6.190840721130371,214900,0.0,0.0
2025-04-30 00:00:00-04:00,6.182300634167233,6.224996244755752,6.1652224713669295,6.216457366943359,244700,0.0,0.0
2025-05-01 00:00:00-04:00,6.267690980130211,6.284769140545737,6.233534659299157,6.2420735359191895,420600,0.0,0.0
2025-05-02 00:00:00-04:00,6.233536337249775,6.25915338118096,6.190840721130371,6.190840721130371,400700,0.0,0.0
2025-05-05 00:00:00-04:00,6.173760892617957,6.216456497233168,6.173760892617957,6.207917213439941,177400,0.0,0.0
2025-05-06 00:00:00-04:00,6.21645712943296,6.21645712943296,6.1737615204757,6.199378967285156,241200,0.0,0.0
2025-05-07 00:00:00-04:00,6.199378659264541,6.224995697625693,6.173761213727905,6.182300090789795,243400,0.0,0.0
2025-05-08 00:00:00-04:00,6.2079175363264305,6.2079175363264305,6.165221929490532,6.182300090789795,349400,0.0,0.0
2025-05-09 00:00:00-04:00,6.199378659264541,6.199378659264541,6.165221929490532,6.182300090789795,241400,0.0,0.0
2025-05-12 00:00:00-04:00,6.2271489824776145,6.270273448669603,6.21852433599845,6.235774040222168,263400,0.072,0.0
2025-05-13 00:00:00-04:00,6.253023744445885,6.253023744445885,6.209899278253896,6.235774040222168,228100,0.0,0.0
2025-05-14 00:00:00-04:00,6.244398593902588,6.261648709135339,6.209899185967852,6.244398593902588,225500,0.0,0.0
2025-05-15 00:00:00-04:00,6.244398686701332,6.253023744445885,6.209899278253896,6.235774040222168,197900,0.0,0.0
2025-05-16 00:00:00-04:00,6.261648654937744,6.261648654937744,6.244398539854301,6.261648654937744,255200,0.0,0.0
2025-05-19 00:00:00-04:00,6.235773920527553,6.270273328312778,6.227148862948556,6.253023624420166,212900,0.0,0.0
2025-05-20 00:00:00-04:00,6.244399192161764,6.261649309047203,6.227149486541748,6.227149486541748,225400,0.0,0.0
2025-05-21 00:00:00-04:00,6.227149345065758,6.235774403312522,6.140900818925177,6.184025287628174,263100,0.0,0.0
2025-05-22 00:00:00-04:00,6.1926511474116746,6.218525915954009,6.175401438805283,6.209900856018066,176200,0.0,0.0
2025-05-23 00:00:00-04:00,6.19265028992169,6.218525054881173,6.184025642445487,6.20127534866333,113300,0.0,0.0
2025-05-27 00:00:00-04:00,6.2357745449844675,6.253024250604484,6.227149486541748,6.227149486541748,222300,0.0,0.0
2025-05-28 00:00:00-04:00,6.253023651518964,6.253023651518964,6.227148889935219,6.244398593902588,105200,0.0,0.0
2025-05-29 00:00:00-04:00,6.244398686701332,6.244398686701332,6.21852433599845,6.235774040222168,220400,0.0,0.0
2025-05-30 00:00:00-04:00,6.227150042633386,6.287524223327637,6.218525394685898,6.287524223327637,175500,0.0,0.0
2025-06-02 00:00:00-04:00,6.287523242303694,6.339272355710735,6.253023833365667,6.296148300170898,396300,0.0,0.0
2025-06-03 00:00:00-04:00,6.287523242303694,6.339272355710735,6.287523242303694,6.296148300170898,196500,0.0,0.0
2025-06-04 00:00:00-04:00,6.296149037622215,6.3392730982130585,6.296149037622215,6.322023391723633,280600,0.0,0.0
2025-06-05 00:00:00-04:00,6.322022079924328,6.347896839922259,6.30477237701416,6.30477237701416,194700,0.0,0.0
2025-06-06 00:00:00-04:00,6.30477237701416,6.339271782834497,6.30477237701416,6.30477237701416,188300,0.0,0.0
2025-06-09 00:00:00-04:00,6.30477237701416,6.3133974341019234,6.2961477311917555,6.30477237701416,226500,0.0,0.0
2025-06-10 00:00:00-04:00,6.30477237701416,6.322022079924328,6.30477237701416,6.30477237701416,211100,0.0,0.0
2025-06-11 00:00:00-04:00,6.330647852287601,6.339272499084473,6.30477308936618,6.339272499084473,320300,0.0,0.0
2025-06-12 00:00:00-04:00,6.349725183504557,6.375855922698975,6.332304829152948,6.375855922698975,254800,0.072,0.0
2025-06-13 00:00:00-04:00,6.349724892824116,6.3758556308223095,6.314884185715851,6.323594570159912,240800,0.0,0.0
2025-06-16 00:00:00-04:00,6.33230447769165,6.3671451844611076,6.33230447769165,6.33230447769165,246300,0.0,0.0
2025-06-17 00:00:00-04:00,6.34101492378952,6.34101492378952,6.314884185791016,6.314884185791016,171600,0.0,0.0
2025-06-18 00:00:00-04:00,6.314884185791016,6.332304539345355,6.3061738013468505,6.314884185791016,117800,0.0,0.0
2025-06-20 00:00:00-04:00,6.341015338897705,6.358435693592451,6.314884599188578,6.341015338897705,216100,0.0,0.0
2025-06-23 00:00:00-04:00,6.358435277268177,6.358435277268177,6.297463832161719,6.323594570159912,377100,0.0,0.0
2025-06-24 00:00:00-04:00,6.306173739947565,6.358435215435737,6.306173739947565,6.33230447769165,613600,0.0,0.0
2025-06-25 00:00:00-04:00,6.349724174301127,6.393275260925293,6.34101420617666,6.393275260925293,387900,0.0,0.0
2025-06-26 00:00:00-04:00,6.401984691619873,6.410695074347069,6.3758543741061,6.401984691619873,284700,0.0,0.0
2025-06-27 00:00:00-04:00,6.419405937620919,6.445536674115358,6.393275616460445,6.428116321563721,535000,0.0,0.0
2025-06-30 00:00:00-04:00,6.42811626056927,6.436826229095459,6.384565171936436,6.436826229095459,270900,0.0,0.0
2025-07-01 00:00:00-04:00,6.445536493140591,6.489087165629906,6.436826109442356,6.480377197265625,689000,0.0,0.0
2025-07-02 00:00:00-04:00,6.462957320728751,6.489087643078142,6.45424693638963,6.471667289733887,281200,0.0,0.0
2025-07-03 00:00:00-04:00,6.497798442840576,6.497798442840576,6.471667703486585,6.497798442840576,156400,0.0,0.0
2025-07-07 00:00:00-04:00,6.5065083503723145,6.515218735185274,6.489087996080402,6.5065083503723145,339500,0.0,0.0
2025-07-08 00:00:00-04:00,6.5152177810668945,6.5152177810668945,6.489087045788727,6.5152177810668945,316100,0.0,0.0
2025-07-09 00:00:00-04:00,6.532638964583618,6.5500593185424805,6.532638964583618,6.5500593185424805,334200,0.0,0.0
2025-07-10 00:00:00-04:00,6.558769165008224,6.567479133605957,6.54134881247879,6.567479133605957,376900,0.0,0.0
2025-07-11 00:00:00-04:00,6.569237987382112,6.5780323495371595,6.542855739593506,6.542855739593506,221200,0.072,0.0
2025-07-14 00:00:00-04:00,6.55165032823958,6.55165032823958,6.463708794711605,6.525268077850342,448100,0.0,0.0
2025-07-15 00:00:00-04:00,6.525267511926263,6.525267511926263,6.481296539306641,6.481296539306641,289200,0.0,0.0
2025-07-16 00:00:00-04:00,6.490091156561622,6.507679462432861,6.454914544819143,6.507679462432861,296600,0.0,0.0
2025-07-17 00:00:00-04:00,6.516473293304443,6.516473293304443,6.498884987736563,6.516473293304443,281600,0.0,0.0
2025-07-18 00:00:00-04:00,6.507679771144747,6.525268077850342,6.507679771144747,6.525268077850342,173400,0.0,0.0
2025-07-21 00:00:00-04:00,6.542855739593506,6.551649682410286,6.516473072466632,6.542855739593506,340600,0.0,0.0
2025-07-22 00:00:00-04:00,6.534061377438459,6.551649682410286,6.5252674346216795,6.542855739593506,250000,0.0,0.0
2025-07-23 00:00:00-04:00,6.56044402234711,6.595620632171631,6.551649660221846,6.595620632171631,214500,0.0,0.0
2025-07-24 00:00:00-04:00,6.586825847625732,6.604414570748275,6.551649240057127,6.586825847625732,341900,0.0,0.0
2025-07-25 00:00:00-04:00,6.595620632171631,6.604414994296894,6.57803232725937,6.595620632171631,201800,0.0,0.0
2025-07-28 00:00:00-04:00,6.595620632171631,6.604414994296894,6.569237965134107,6.595620632171631,166700,0.0,0.0
2025-07-29 00:00:00-04:00,6.6132093893566894,6.648386001586914,6.569238414399761,6.648386001586914,274200,0.0,0.0
2025-07-30 00:00:00-04:00,6.595621530231982,6.630798144846154,6.595621530231982,6.6044158935546875,178900,0.0,0.0
2025-07-31 00:00:00-04:00,6.578033222924897,6.622004200861773,6.578033222924897,6.6044158935546875,379400,0.0,0.0
2025-08-01 00:00:00-04:00,6.595619937365257,6.630796543484147,6.578031634305812,6.622002601623535,730900,0.0,0.0
2025-08-04 00:00:00-04:00,6.639592058198506,6.648386001586914,6.6044154459682805,6.648386001586914,317300,0.0,0.0
2025-08-05 00:00:00-04:00,6.630797695471802,6.657180364313618,6.630797695471802,6.648386001586914,298800,0.0,0.0
2025-08-06 00:00:00-04:00,6.657179720791743,6.665973663330078,6.648385358915154,6.665973663330078,222300,0.0,0.0
2025-08-07 00:00:00-04:00,6.692355813861316,6.692355813861316,6.622002601623535,6.622002601623535,377500,0.0,0.0
2025-08-08 00:00:00-04:00,6.639592199033407,6.692357118497961,6.639592199033407,6.683562755584717,448100,0.0,0.0
2025-08-11 00:00:00-04:00,6.658702373504639,6.6764588962333615,6.632067377737106,6.658702373504639,243900,0.072,0.0
2025-08-12 00:00:00-04:00,6.6587032641722885,6.711972839483792,6.6587032641722885,6.676459789276123,412200,0.0,0.0
2025-08-13 00:00:00-04:00,6.694216251373291,6.720851250452828,6.658703201499875,6.694216251373291,391200,0.0,0.0
2025-08-14 00:00:00-04:00,6.649824789945895,6.694216314379958,6.649824789945895,6.676459789276123,225800,0.0,0.0
2025-08-15 00:00:00-04:00,6.685337369272172,6.7030938920008944,6.658702373504639,6.658702373504639,250300,0.0,0.0
2025-08-18 00:00:00-04:00,6.658703496900717,6.685338497161865,6.658703496900717,6.685338497161865,325800,0.0,0.0
2025-08-19 00:00:00-04:00,6.685338137989231,6.711972713470459,6.685338137989231,6.711972713470459,232500,0.0,0.0
2025-08-20 00:00:00-04:00,6.703095022886309,6.711973074074047,6.685338497161865,6.685338497161865,246700,0.0,0.0
2025-08-21 00:00:00-04:00,6.676459608865078,6.694216133489096,6.6587030842410595,6.667581558227539,384000,0.0,0.0
2025-08-22 00:00:00-04:00,6.694216961012176,6.703095436096191,6.6587039073741,6.703095436096191,271100,0.0,0.0
2025-08-25 00:00:00-04:00,6.711972713470459,6.720851187530164,6.685338137989231,6.711972713470459,346200,0.0,0.0
2025-08-26 00:00:00-04:00,6.685338909277154,6.720851962915229,6.685338909277154,6.703095436096191,334200,0.0,0.0
2025-08-27 00:00:00-04:00,6.711972713470459,6.7297292382409255,6.6942161886999925,6.711972713470459,192000,0.0,0.0
2025-08-28 00:00:00-04:00,6.729729652404785,6.729729652404785,6.703095075284402,6.729729652404785,232600,0.0,0.0
2025-08-29 00:00:00-04:00,6.729729113224187,6.747485637664795,6.703094538237745,6.747485637664795,286700,0.0,0.0
2025-09-02 00:00:00-04:00,6.703094420390613,6.738607468647473,6.703094420390613,6.720850944519043,439600,0.0,0.0
2025-09-03 00:00:00-04:00,6.720851601147648,6.7386081270108935,6.711973126541539,6.729729652404785,305700,0.0,0.0
2025-09-04 00:00:00-04:00,6.720851062678352,6.7563641115595665,6.71197258878358,6.747485637664795,331000,0.0,0.0
2025-09-05 00:00:00-04:00,6.7563644623270696,6.782999038696289,6.738607936964604,6.782999038696289,462500,0.0,0.0
2025-09-08 00:00:00-04:00,6.791877449869293,6.800755500793457,6.765242450398892,6.800755500793457,627500,0.0,0.0
2025-09-09 00:00:00-04:00,6.791877332538239,6.800755383309033,6.774120807647705,6.774120807647705,259000,0.0,0.0
2025-09-10 00:00:00-04:00,6.782998858418498,6.782998858418498,6.75636428275717,6.774120807647705,343600,0.0,0.0
2025-09-11 00:00:00-04:00,6.782999208295053,6.809634208679199,6.7386081054534355,6.809634208679199,511000,0.0,0.0
2025-09-12 00:00:00-04:00,6.811426189096601,6.856238375005139,6.784539219440019,6.802464008331299,464300,0.072,0.0
2025-09-15 00:00:00-04:00,6.820388293346408,6.838313080913442,6.793500898315535,6.811425685882568,342300,0.0,0.0
2025-09-16 00:00:00-04:00,6.820388797222579,6.829350977987881,6.784539219440019,6.802464008331299,240400,0.0,0.0
2025-09-17 00:00:00-04:00,6.811425687840742,6.811425687840742,6.784538720162785,6.793500900268555,258000,0.0,0.0
2025-09-18 00:00:00-04:00,6.811425685882568,6.811425685882568,6.7755761107485,6.811425685882568,330200,0.0,0.0
2025-09-19 00:00:00-04:00,6.811425689809275,6.811425689809275,6.76661393454618,6.775576114654541,264800,0.0,0.0
2025-09-22 00:00:00-04:00,6.784539699554443,6.784539699554443,6.766614909394698,6.784539699554443,268800,0.0,0.0
2025-09-23 00:00:00-04:00,6.766614909394698,6.802464489714188,6.766614909394698,6.784539699554443,188500,0.0,0.0
2025-09-24 00:00:00-04:00,6.784539704112216,6.793501885517755,6.76661491394043,6.76661491394043,170400,0.0,0.0
2025-09-25 00:00:00-04:00,6.775577095345969,6.775577095345969,6.739727515002396,6.76661491394043,492200,0.0,0.0
2025-09-26 00:00:00-04:00,6.77557659472508,6.784539202829115,6.7576518058776855,6.7576518058776855,186800,0.0,0.0
2025-09-29 00:00:00-04:00,6.77557659472508,6.77557659472508,6.739727017030291,6.7576518058776855,279800,0.0,0.0
2025-09-30 00:00:00-04:00,6.766614430548739,6.802464008331299,6.75765182242276,6.802464008331299,481200,0.0,0.0
2025-10-01 00:00:00-04:00,6.802464008331299,6.820388797222579,6.77557661131404,6.802464008331299,826500,0.0,0.0
2025-10-02 00:00:00-04:00,6.811425685882568,6.811425685882568,6.793500898315535,6.811425685882568,496400,0.0,0.0
2025-10-03 00:00:00-04:00,6.811425687840742,6.820388295307159,6.766613932590597,6.793500900268555,319500,0.0,0.0
2025-10-06 00:00:00-04:00,6.784538718212341,6.820388293346408,6.7755761107485,6.811425685882568,548700,0.0,0.0
2025-10-07 00:00:00-04:00,6.820388317108154,6.838313104737637,6.793500921983607,6.820388317108154,441300,0.0,0.0
2025-10-08 00:00:00-04:00,6.829351896320471,6.84727668762207,6.820389714350038,6.84727668762207,356900,0.0,0.0
2025-10-09 00:00:00-04:00,6.8472747809697925,6.856237387805284,6.811425208349056,6.829349994659424,373800,0.0,0.0
2025-10-10 00:00:00-04:00,6.829350475412929,6.847275262985116,6.784538720162785,6.793500900268555,433700,0.0,0.0
2025-10-13 00:00:00-04:00,6.829349994659424,6.829349994659424,6.80246302887418,6.829349994659424,509300,0.0,0.0
2025-10-14 00:00:00-04:00,6.804017263725952,6.840208810492797,6.785921490342529,6.822113037109375,438900,0.072,0.0
2025-10-15 00:00:00-04:00,6.840208693003952,6.858304466076557,6.822112919931346,6.831161022186279,366200,0.0,0.0
2025-10-16 00:00:00-04:00,6.822111961401054,6.849255832914786,6.7587765488271465,6.767824649810791,468900,0.0,0.0
2025-10-17 00:00:00-04:00,6.785921178434637,6.785921178434637,6.695442315676291,6.749729633331299,550200,0.0,0.0
2025-10-20 00:00:00-04:00,6.749729916936124,6.767825690248126,6.650202948001474,6.668298721313477,834000,0.0,0.0
2025-10-21 00:00:00-04:00,6.650202668578494,6.776873076440177,6.5959153509234865,6.749729633331299,420100,0.0,0.0
2025-10-22 00:00:00-04:00,6.767825720823716,6.7859214942174715,6.740681845014447,6.758777618408203,348400,0.0,0.0
2025-10-23 00:00:00-04:00,6.740680972314367,6.758776743365305,6.704489430212488,6.722585201263428,392600,0.0,0.0
2025-10-24 00:00:00-04:00,6.740681531336839,6.758777303888508,6.72258575878517,6.749729633331299,313900,0.0,0.0
2025-10-27 00:00:00-04:00,6.758777303888508,6.794969280429096,6.713538088227961,6.749729633331299,333700,0.0,0.0
2025-10-28 00:00:00-04:00,6.758777618408203,6.776873391801959,6.731634174036204,6.758777618408203,259900,0.0,0.0
2025-10-29 00:00:00-04:00,6.767825720823716,6.7859214942174715,6.740681845014447,6.758777618408203,256600,0.0,0.0
2025-10-30 00:00:00-04:00,6.740681613299768,6.749729715404246,6.677346624317432,6.71353816986084,419000,0.0,0.0
2025-10-31 00:00:00-04:00,6.713538400642448,6.776873391801959,6.713538400642448,6.758777618408203,352200,0.0,0.0
2025-11-03 00:00:00-05:00,6.7406809765899505,6.813064492276832,6.7406809765899505,6.7859206199646,574600,0.0,0.0
2025-11-04 00:00:00-05:00,6.776872518714784,6.804016391027017,6.7406809765899505,6.7859206199646,242100,0.0,0.0
2025-11-05 00:00:00-05:00,6.785921456350797,6.804017229643575,6.767825683058019,6.79496955871582,168100,0.0,0.0
2025-11-06 00:00:00-05:00,6.804016590118408,6.813064691632979,6.767825046934578,6.804016590118408,251400,0.0,0.0
2025-11-07 00:00:00-05:00,6.804016391027017,6.813064492276832,6.776872518714784,6.7859206199646,271700,0.0,0.0
2025-11-10 00:00:00-05:00,6.813064691632979,6.813064691632979,6.785920818526494,6.804016590118408,317100,0.0,0.0
2025-11-11 00:00:00-05:00,6.813065087180892,6.849256632465904,6.813065087180892,6.840208530426025,416100,0.0,0.0
2025-11-12 00:00:00-05:00,6.84925651550293,6.858304185951052,6.840208413617563,6.84925651550293,403300,0.0,0.0
2025-11-13 00:00:00-05:00,6.831161139519721,6.849256912903143,6.813065366136298,6.822113037109375,344800,0.0,0.0
2025-11-14 00:00:00-05:00,6.805669563357207,6.833075136513477,6.778264425797745,6.823939800262451,365700,0.072,0.0
2025-11-17 00:00:00-05:00,6.814804571076691,6.82393947129053,6.714318055143749,6.732588291168213,537800,0.0,0.0
2025-11-18 00:00:00-05:00,6.705183118659158,6.750858490674849,6.622966839195416,6.696047782897949,503300,0.0,0.0
2025-11-19 00:00:00-05:00,6.723453044891357,6.7325879446350125,6.686912574723205,6.723453044891357,298100,0.0,0.0
2025-11-20 00:00:00-05:00,6.741723279975433,6.7691284148031645,6.696047474466861,6.723453044891357,366900,0.0,0.0
2025-11-21 00:00:00-05:00,6.732588677946788,6.778264488430358,6.714318440872724,6.741724014282227,892700,0.0,0.0
2025-11-24 00:00:00-05:00,6.750858599051919,6.80566930770874,6.732588362832979,6.80566930770874,398000,0.0,0.0
2025-11-25 00:00:00-05:00,6.7691289656145255,6.8056694387560155,6.7691289656145255,6.796534538269043,312600,0.0,0.0
2025-11-26 00:00:00-05:00,6.82393967532676,6.833075011410532,6.796534538269043,6.796534538269043,237700,0.0,0.0
2025-11-28 00:00:00-05:00,6.8056694387560155,6.82393967532676,6.787399202185271,6.796534538269043,379100,0.0,0.0
2025-12-01 00:00:00-05:00,6.796534759718528,6.805669660503141,6.750858949005025,6.77826452255249,782300,0.0,0.0
2025-12-02 00:00:00-05:00,6.787398815155029,6.805669050683971,6.769128579626088,6.787398815155029,603900,0.0,0.0
2025-12-03 00:00:00-05:00,6.7691289656145255,6.842209911897505,6.7691289656145255,6.796534538269043,595000,0.0,0.0
2025-12-04 00:00:00-05:00,6.814804643616606,6.8330748798355465,6.796534407397666,6.80566930770874,439200,0.0,0.0
2025-12-05 00:00:00-05:00,6.796534538269043,6.8148047748397875,6.778264301698298,6.796534538269043,442500,0.0,0.0
2025-12-08 00:00:00-05:00,6.805669218197882,6.833074789964239,6.787398982219239,6.814804553985596,622000,0.0,0.0
2025-12-09 00:00:00-05:00,6.796534538269043,6.8148047748397875,6.787399202185271,6.796534538269043,461300,0.0,0.0
2025-12-10 00:00:00-05:00,6.796534662702989,6.823939800262451,6.787399326451963,6.823939800262451,466000,0.0,0.0
2025-12-11 00:00:00-05:00,6.798112219983216,6.825784512529626,6.798112219983216,6.8165602684021,441200,0.072,0.0
2025-12-12 00:00:00-05:00,6.825784553406103,6.844232601935464,6.724320066576532,6.761216163635254,808900,0.0,0.0
2025-12-15 00:00:00-05:00,6.77044040781802,6.788888456347381,6.75199235928866,6.761216163635254,539100,0.0,0.0
2025-12-16 00:00:00-05:00,6.761216990087979,6.761216990087979,6.696649032260881,6.724320888519287,785800,0.0,0.0
2025-12-17 00:00:00-05:00,6.715095825503687,6.733543872833252,6.715095825503687,6.733543872833252,427100,0.0,0.0
2025-12-18 00:00:00-05:00,6.733543872833252,6.7519919201628165,6.733543872833252,6.733543872833252,256200,0.0,0.0
2025-12-19 00:00:00-05:00,6.770440578460693,6.770440578460693,6.7612163340454385,6.770440578460693,349400,0.0,0.0
2025-12-22 00:00:00-05:00,6.779665040872325,6.779665040872325,6.724320888519287,6.724320888519287,618600,0.0,0.0
2025-12-23 00:00:00-05:00,6.742767735412057,6.853456020355225,6.733543931584867,6.853456020355225,1136800,0.0,0.0
2025-12-24 00:00:00-05:00,6.835008276548572,6.881128617242122,6.825784472311561,6.871904373168945,590100,0.0,0.0
2025-12-26 00:00:00-05:00,6.871904199537111,7.001040974281696,6.862680395533158,6.945696830749512,1415400,0.0,0.0
2025-12-29 00:00:00-05:00,6.899576836762352,6.945697178600358,6.871904543692312,6.881128787994385,1242200,0.0,0.0
2025-12-30 00:00:00-05:00,6.871903556051741,6.927248134237612,6.84423170679492,6.908799648284912,413500,0.0,0.0
2025-12-31 00:00:00-05:00,6.927248783788794,6.954920635640337,6.871904200413398,6.91802453994751,565600,0.0,0.0
2026-01-02 00:00:00-05:00,6.927248954772949,6.954920807307513,6.899576662402221,6.927248954772949,488700,0.0,0.0
2026-01-05 00:00:00-05:00,6.918025234839085,6.9456975293063685,6.835008791273432,6.84423303604126,1636700,0.0,0.0
2026-01-06 00:00:00-05:00,6.84423303604126,6.871904890672345,6.835008791273432,6.84423303604126,435000,0.0,0.0
2026-01-07 00:00:00-05:00,6.853456840972888,6.8811291354401725,6.84423303604126,6.84423303604126,312800,0.0,0.0
2026-01-08 00:00:00-05:00,6.8442328230871174,6.890352725982666,6.8442328230871174,6.890352725982666,383100,0.0,0.0
2026-01-09 00:00:00-05:00,6.881128615664989,6.918024712276906,6.881128615664989,6.899576663970947,387000,0.0,0.0
2026-01-12 00:00:00-05:00,6.908800901996164,6.954921245574951,6.908800901996164,6.954921245574951,550600,0.0,0.0
2026-01-13 00:00:00-05:00,6.93815725359423,6.956783161821028,6.900905437140634,6.919531345367432,351000,0.072,0.0
2026-01-14 00:00:00-05:00,6.910218613292374,6.93815725359423,6.910218613292374,6.919531345367432,225800,0.0,0.0
2026-01-15 00:00:00-05:00,6.928845172973405,6.947471082951424,6.900906085968018,6.900906085968018,406000,0.0,0.0
2026-01-16 00:00:00-05:00,6.900906214627765,6.93815803527832,6.900906214627765,6.93815803527832,238200,0.0,0.0
2026-01-20 00:00:00-05:00,6.8915934815034925,6.93815803527832,6.8915934815034925,6.93815803527832,417900,0.0,0.0
2026-01-21 00:00:00-05:00,6.93815684165772,6.966095924377441,6.93815684165772,6.966095924377441,323300,0.0,0.0
2026-01-22 00:00:00-05:00,6.93815803527832,6.975409855928874,6.93815803527832,6.93815803527832,292200,0.0,0.0
2026-01-23 00:00:00-05:00,6.956784248352051,6.956784248352051,6.910219692550807,6.956784248352051,245900,0.0,0.0
2026-01-26 00:00:00-05:00,6.956783161821028,6.956783161821028,6.919531345367432,6.919531345367432,374000,0.0,0.0
2026-01-27 00:00:00-05:00,6.910219192504883,6.938157835148549,6.900906015572516,6.910219192504883,302300,0.0,0.0
2026-01-28 00:00:00-05:00,6.919531925360532,6.928845102292899,6.891593282716866,6.910219192504883,465200,0.0,0.0
2026-01-29 00:00:00-05:00,6.910218613292374,6.928844521519172,6.891592705065575,6.919531345367432,317100,0.0,0.0
2026-01-30 00:00:00-05:00,6.90090523439545,6.919531142075027,6.891592502593994,6.891592502593994,225800,0.0,0.0
2026-02-02 00:00:00-05:00,6.891592705065575,6.93815725359423,6.891592705065575,6.919531345367432,410300,0.0,0.0
2026-02-03 00:00:00-05:00,6.900905670796063,6.947470664978027,6.900905670796063,6.947470664978027,254600,0.0,0.0
2026-02-04 00:00:00-05:00,6.919531925360532,6.938157835148549,6.910219192504883,6.910219192504883,225400,0.0,0.0
2026-02-05 00:00:00-05:00,6.900905367806466,6.93815718388579,6.900905367806466,6.928844451904297,276900,0.0,0.0
2026-02-06 00:00:00-05:00,6.928844756120581,6.947470664978027,6.928844756120581,6.947470664978027,331800,0.0,0.0
2026-02-09 00:00:00-05:00,6.928845302154047,6.956783945603597,6.919532124953043,6.93815803527832,358400,0.0,0.0
2026-02-10 00:00:00-05:00,6.947470726232676,6.994035720825195,6.947470726232676,6.994035720825195,425600,0.0,0.0
2026-02-11 00:00:00-05:00,6.984721831498371,7.0033477386193,6.966095924377441,6.966095924377441,277800,0.0,0.0
2026-02-12 00:00:00-05:00,6.996188183944028,7.0149951233473935,6.855135914222385,6.920960426330566,1234900,0.072,0.0
2026-02-13 00:00:00-05:00,6.892749776374486,6.949170594448256,6.892749776374486,6.930363655090332,383200,0.0,0.0
2026-02-17 00:00:00-05:00,6.930363181970502,6.930363181970502,6.911556243896484,6.911556243896484,327500,0.0,0.0
2026-02-18 00:00:00-05:00,6.930363671835846,6.939767365733932,6.911556732432481,6.920960426330566,285100,0.0,0.0
2026-02-19 00:00:00-05:00,6.920959937129879,6.930363181970502,6.902152999055862,6.911556243896484,426000,0.0,0.0
2026-02-20 00:00:00-05:00,6.902153006521029,6.9303631894661795,6.8739423751831055,6.8739423751831055,387700,0.0,0.0
2026-02-23 00:00:00-05:00,6.8833465576171875,6.892749803136256,6.845732678755302,6.8833465576171875,411600,0.0,0.0
2026-02-24 00:00:00-05:00,6.8739423751831055,6.902153006521029,6.864539130332313,6.8739423751831055,369900,0.0,0.0
2026-02-25 00:00:00-05:00,6.864539620215207,6.8833465596517085,6.695276716893886,6.770504474639893,1472900,0.0,0.0
2026-02-26 00:00:00-05:00,6.751696605097342,6.836328045099271,6.751696605097342,6.826924800872803,405900,0.0,0.0
2026-02-27 00:00:00-05:00,6.8081183433532715,6.845732670562949,6.779908158437019,6.8081183433532715,390900,0.0,0.0
2026-03-02 00:00:00-05:00,6.770503541943021,6.8457317377184825,6.770503541943021,6.826924800872803,393800,0.0,0.0
2026-03-03 00:00:00-05:00,6.7611007652534605,6.808117886422568,6.714083195691578,6.779907703399658,391200,0.0,0.0
2026-03-04 00:00:00-05:00,6.770504006356387,6.8363285140277785,6.770504006356387,6.798714637756348,344000,0.0,0.0
2026-03-05 00:00:00-05:00,6.770503538908625,6.8457317346503705,6.732889665234124,6.742293357849121,387500,0.0,0.0
2026-03-06 00:00:00-05:00,6.732890643609213,6.732890643609213,6.64825963973999,6.64825963973999,690300,0.0,0.0
2026-03-09 00:00:00-04:00,6.582434641927344,6.610645273399855,6.49780319590259,6.573030948638916,849000,0.0,0.0
2026-03-10 00:00:00-04:00,6.53541661397294,6.695275801523851,6.53541661397294,6.667065620422363,737400,0.0,0.0
2026-03-11 00:00:00-04:00,6.685873027784184,6.732890149059588,6.667066089595466,6.7046799659729,535000,0.0,0.0
2026-03-12 00:00:00-04:00,6.6970801367528985,6.716078927018808,6.630584144338772,6.640083312988281,436200,0.072,0.0
2026-03-13 00:00:00-04:00,6.649583300373435,6.659082922512374,6.5070921390577645,6.5450897216796875,748100,0.0,0.0
2026-03-16 00:00:00-04:00,6.5450897216796875,6.602086095612573,6.5355905525076645,6.5450897216796875,710300,0.0,0.0
2026-03-17 00:00:00-04:00,6.545089998473447,6.640083959045579,6.545089998473447,6.621085166931152,551400,0.0,0.0
2026-03-18 00:00:00-04:00,6.602086332783592,6.640083916770527,6.564088748796657,6.5735883712768555,438900,0.0,0.0
2026-03-19 00:00:00-04:00,6.5355906781597914,6.5355906781597914,6.450095889133298,6.4785943031311035,840500,0.0,0.0
2026-03-20 00:00:00-04:00,6.459595991071739,6.459595991071739,6.317104816436768,6.317104816436768,920700,0.0,0.0
2026-03-23 00:00:00-04:00,6.355101893554603,6.4120982682496805,6.288605896593552,6.374100685119629,1171900,0.0,0.0
2026-03-24 00:00:00-04:00,6.374100421357656,6.431096793694208,6.298105258242252,6.4025983810424805,572600,0.0,0.0
2026-03-25 00:00:00-04:00,6.421597693543984,6.478594066490794,6.412098071569395,6.4500956535339355,334600,0.0,0.0
2026-03-26 00:00:00-04:00,6.421597265866466,6.469094013675411,6.336102485656738,6.336102485656738,507200,0.0,0.0
2026-03-27 00:00:00-04:00,6.317104540209737,6.326603709854322,6.203111786673086,6.241109371185303,2022800,0.0,0.0
2026-03-30 00:00:00-04:00,6.279106353728095,6.317103934597536,6.260107563293375,6.3076043128967285,737200,0.0,0.0
2026-03-31 00:00:00-04:00,6.32660339512017,6.5450897216796875,6.317104225948146,6.5450897216796875,898800,0.0,0.0
2026-04-01 00:00:00-04:00,6.564088440612693,6.621084813917116,6.516591689342461,6.55458927154541,798700,0.0,0.0
2026-04-02 00:00:00-04:00,6.440596595952855,6.583087304301611,6.421597804641894,6.5450897216796875,453900,0.0,0.0
2026-04-06 00:00:00-04:00,6.573588035022161,6.61158561706543,6.56408841302789,6.61158561706543,481400,0.0,0.0
2026-04-07 00:00:00-04:00,6.630584577183444,6.630584577183444,6.564088580428457,6.592586994171143,445600,0.0,0.0
2026-04-08 00:00:00-04:00,6.668581890598687,6.6970803031892405,6.640083478008133,6.678081512451172,360100,0.0,0.0
2026-04-09 00:00:00-04:00,6.697080348289901,6.725578308105469,6.678081557423886,6.725578308105469,402700,0.0,0.0
2026-04-10 00:00:00-04:00,6.73507809870742,6.73507809870742,6.6875808938693275,6.706579685211182,290600,0.0,0.0
2026-04-13 00:00:00-04:00,6.72769437465995,6.72769437465995,6.689304828643799,6.689304828643799,474000,0.072,0.0
2026-04-14 00:00:00-04:00,6.698901774023857,6.785277444537604,6.698901774023857,6.737290859222412,485100,0.0,0.0
2026-04-15 00:00:00-04:00,6.746888895780182,6.756485939025879,6.71809685077503,6.756485939025879,254700,0.0,0.0
2026-04-16 00:00:00-04:00,6.775680483151303,6.785277984031031,6.7372913949004545,6.756485939025879,294800,0.0,0.0
2026-04-17 00:00:00-04:00,6.785277684985448,6.8140692710876465,6.766083141705979,6.8140692710876465,300900,0.0,0.0
2026-04-20 00:00:00-04:00,6.823666451396007,6.833263493768469,6.766082824259271,6.785277366638184,362000,0.0,0.0
2026-04-21 00:00:00-04:00,6.775679744939841,6.82366632884227,6.746888160705566,6.746888160705566,326800,0.0,0.0
2026-04-22 00:00:00-04:00,6.775680483151303,6.794875027276729,6.746888895780182,6.756485939025879,234700,0.0,0.0
2026-04-23 00:00:00-04:00,6.775680483151303,6.775680483151303,6.727694351654757,6.756485939025879,211800,0.0,0.0
2026-04-24 00:00:00-04:00,6.775679744939841,6.785277244773918,6.689304076969059,6.746888160705566,521200,0.0,0.0
2026-04-27 00:00:00-04:00,6.7564855818996135,6.794874668121338,6.727693996050323,6.794874668121338,281600,0.0,0.0
2026-04-28 00:00:00-04:00,6.766082944411494,6.833263615113687,6.766082944411494,6.823666572570801,298100,0.0,0.0
2026-04-29 00:00:00-04:00,6.794874409010645,6.794874409010645,6.708498739488547,6.785277366638184,421400,0.0,0.0
2026-04-30 00:00:00-04:00,6.785277487131262,6.823666572570801,6.766082944411494,6.823666572570801,244100,0.0,0.0
2026-05-01 00:00:00-04:00,6.8332635182540304,6.881250103190254,6.82366647584718,6.871652603149414,454600,0.0,0.0
2026-05-04 00:00:00-04:00,6.871652343710775,6.929235968879785,6.823666218220253,6.86205530166626,642000,0.0,0.0
2026-05-05 00:00:00-04:00,6.8620559776441965,6.8620559776441965,6.775680302564869,6.852458477020264,496500,0.0,0.0
2026-05-06 00:00:00-04:00,6.842860881407727,6.910041549813745,6.814068839495161,6.900444507598877,427500,0.0,0.0
2026-05-07 00:00:00-04:00,6.919639947414908,6.919639947414908,6.871653357212859,6.881250858306885,422400,0.0,0.0
2026-05-08 00:00:00-04:00,6.890847665151767,6.9004451659162385,6.775680401782262,6.80447244644165,806700,0.0,0.0
2026-05-11 00:00:00-04:00,6.806411011306349,6.854889907276414,6.7385406494140625,6.7385406494140625,497900,0.072,0.0
2026-05-12 00:00:00-04:00,6.728845526615264,6.748236993629698,6.6318881915430925,6.70945405960083,569100,0.0,0.0
2026-05-13 00:00:00-04:00,6.728845147617459,6.748236613539682,6.699757717569617,6.7385406494140625,378800,0.0,0.0
2026-05-14 00:00:00-04:00,6.719149589538574,6.738541056632648,6.699758122444501,6.719149589538574,285700,0.0,0.0
2026-05-15 00:00:00-04:00,6.699757287852056,6.719148752530524,6.622191429138184,6.622191429138184,350600,0.0,0.0
2026-05-18 00:00:00-04:00,6.612496305109418,6.6318877708938855,6.534929979642538,6.593104839324951,868800,0.0,0.0
2026-05-19 00:00:00-04:00,6.554322270410376,6.5640177726745605,6.515538874366522,6.5640177726745605,370100,0.0,0.0
2026-05-20 00:00:00-04:00,6.564017148895378,6.651278972625732,6.564017148895378,6.651278972625732,352800,0.0,0.0
2026-05-21 00:00:00-04:00,6.631887392641911,6.651278857320379,6.622191429138184,6.622191429138184,204400,0.0,0.0
2026-05-22 00:00:00-04:00,6.660974908968999,6.660974908968999,6.631887940711995,6.641583442687988,176700,0.0,0.0
2026-05-26 00:00:00-04:00,6.680366488315627,6.680366488315627,6.641583555097203,6.670670986175537,298000,0.0,0.0
2026-05-27 00:00:00-04:00,6.6803663216253035,6.767628150353895,6.6803663216253035,6.757932186126709,639300,0.0,0.0
2026-05-28 00:00:00-04:00,6.757931781039219,6.787019209648183,6.748236279722227,6.777323246002197,283100,0.0,0.0
2026-05-29 00:00:00-04:00,6.777323694860732,6.787019659148876,6.748236726654347,6.767628192901611,322500,0.0,0.0
2026-06-01 00:00:00-04:00,6.757932087073498,6.787019516999691,6.719149155391249,6.728845119476318,359600,0.0,0.0
2026-06-02 00:00:00-04:00,6.728845526615264,6.73854102895796,6.690062592586395,6.70945405960083,341900,0.0,0.0
2026-06-03 00:00:00-04:00,6.670670845148747,6.699757813283113,6.631887912750244,6.631887912750244,435900,0.0,0.0
2026-06-04 00:00:00-04:00,6.68036655831746,6.69975802512987,6.660975091505049,6.690062522888184,372000,0.0,0.0
2026-06-05 00:00:00-04:00,6.651279406993006,6.670670873274017,6.622191976406977,6.641583442687988,333800,0.0,0.0
2026-06-08 00:00:00-04:00,6.641583272621612,6.641583272621612,6.593104839324951,6.593104839324951,240500,0.0,0.0
2026-06-09 00:00:00-04:00,6.593104463284974,6.631887392641911,6.5543215339280385,6.622191429138184,324800,0.0,0.0
2026-06-10 00:00:00-04:00,6.622191877869323,6.660974809854257,6.6028004118768555,6.612496376037598,278400,0.0,0.0
2026-06-11 00:00:00-04:00,6.653653031115465,6.653653031115465,6.614456290478774,6.634054660797119,223500,0.072,0.0
2026-06-12 00:00:00-04:00,6.663452200876614,6.702648940048431,6.6438538312907065,6.673251152038574,314400,0.0,0.0
2026-06-15 00:00:00-04:00,6.67325132773227,6.751644808139851,6.67325132773227,6.702649116516113,467800,0.0,0.0
2026-06-16 00:00:00-04:00,6.732046127319336,6.751644496516666,6.702648807154332,6.732046127319336,358700,0.0,0.0
2026-06-17 00:00:00-04:00,6.732045896290234,6.741845314183594,6.692849159240723,6.692849159240723,220400,0.0,0.0
2026-06-18 00:00:00-04:00,6.692849521624483,6.712447891210391,6.663452200876614,6.673251152038574,220300,0.0,0.0
2026-06-22 00:00:00-04:00,6.692849353501206,6.692849353501206,6.624255295304593,6.643853664398193,282100,0.0,0.0
2026-06-23 00:00:00-04:00,6.614455991227318,6.702648887300851,6.604656572880488,6.6634521484375,260100,0.0,0.0
2026-06-24 00:00:00-04:00,6.702648807154332,6.781042283943649,6.683050437957003,6.732046127319336,709500,0.0,0.0
2026-06-25 00:00:00-04:00,6.741845835754285,6.80064094587713,6.741845835754285,6.781042575836182,484000,0.0,0.0
2026-06-26 00:00:00-04:00,6.78104255523067,6.85943603515625,6.78104255523067,6.85943603515625,292700,0.0,0.0
2026-06-29 00:00:00-04:00,6.859435657171272,6.957427501678467,6.839837288269832,6.957427501678467,672100,0.0,0.0
2026-06-30 00:00:00-04:00,6.947628727357368,7.006423835555324,6.947628727357368,6.986825466156006,475400,0.0,0.0
2026-07-01 00:00:00-04:00,6.98682551861484,7.035821208850017,6.937829361117674,6.99662446975708,391800,0.0,0.0
2026-07-02 00:00:00-04:00,7.006423835555324,7.035821156023311,6.986825466156006,6.986825466156006,422300,0.0,0.0
2026-07-06 00:00:00-04:00,6.986825104971974,7.035820792306446,6.977025687147903,7.006423473358154,601600,0.0,0.0
2026-07-07 00:00:00-04:00,7.006423835555324,7.026022204954644,6.977026047825354,6.986825466156006,459700,0.0,0.0
2026-07-08 00:00:00-04:00,6.937829721426354,6.9966248331192205,6.937829721426354,6.977026462554932,611500,0.0,0.0
2026-07-09 00:00:00-04:00,6.996624239481345,6.996624239481345,6.947628550858733,6.957427501678467,495400,0.0,0.0
2026-07-10 00:00:00-04:00,6.986825351193543,7.006423720270387,6.957427563947289,6.967226982116699,565900,0.0,0.0
2026-07-13 00:00:00-04:00,6.9890055656433105,7.028603293445311,6.949407837841309,6.9890055656433105,996500,0.072,0.0
2026-07-14 00:00:00-04:00,7.018704357475899,7.048402418406287,7.0088046891376585,7.028603553771973,746900,0.0,0.0
2026-07-15 00:00:00-04:00,7.04840225754687,7.078100789841643,6.949407936634557,7.05830192565918,583900,0.0,0.0
2026-07-16 00:00:00-04:00,7.048402093267223,7.117698352311807,7.048402093267223,7.0879998207092285,874700,0.0,0.0
2026-07-17 00:00:00-04:00,7.0879999290872115,7.11769846114389,7.048402201039742,7.068201065063477,3538600,0.0,0.0
2026-07-20 00:00:00-04:00,7.068201121729333,7.087999985911796,6.998905333111792,7.05830192565918,545900,0.0,0.0
2026-07-23 00:00:00-04:00,6.969206975946409,6.9890058406263975,6.919709578225352,6.93950891494751,611700,0.0,0.0
2026-07-24 00:00:00-04:00,6.939508698116303,6.989005622248615,6.909810166003193,6.979106426239014,451700,0.0,0.0
2026-07-27 00:00:00-04:00,6.9692068667570775,7.028603459866454,6.93950880622347,6.959307670593262,336900,0.0,0.0
2026-07-28 00:00:00-04:00,6.939508858113969,6.998905451667486,6.939508858113969,6.949408054351807,393700,0.0,0.0
2026-07-29 00:00:00-04:00,6.939508698116303,6.989005622248615,6.919709362012794,6.979106426239014,346400,0.0,0.0
2026-07-30 00:00:00-04:00,6.959307505812884,7.008804429544311,6.919709305968733,6.9890055656433105,278300,0.0,0.0
2026-08-03 00:00:00-04:00,7.038503279162475,7.038503279162475,6.989005881154392,7.018704414367676,407000,0.0,0.0
2026-08-04 00:00:00-04:00,7.028603241495688,7.038502909394093,6.989005513986361,6.998905181884766,392400,0.0,0.0
2026-08-05 00:00:00-04:00,7.008804595496661,7.028603459866454,6.959307670593262,6.959307670593262,308600,0.0,0.0
2026-08-06 00:00:00-04:00,6.9890057164332235,7.048402309417725,6.9890057164332235,7.048402309417725,298900,0.0,0.0
2026-08-07 00:00:00-04:00,7.04840225754687,7.078100789841643,7.0385030614767174,7.05830192565918,279400,0.0,0.0
2026-08-10 00:00:00-04:00,7.068201380406184,7.097899913787842,7.048402515499138,7.097899913787842,154900,0.0,0.0
2026-08-11 00:00:00-04:00,7.107799110220278,7.107799110220278,7.058302183973748,7.097899913787842,361400,0.0,0.0
2026-08-12 00:00:00-04:00,7.107798684430232,7.117698352311807,7.0879998207092285,7.0879998207092285,283900,0.0,0.0
2026-08-13 00:00:00-04:00,7.110000133514404,7.110000133514404,7.079999923706055,7.090000152587891,302500,0.072,0.0
2026-08-14 00:00:00-04:00,7.079999923706055,7.099999904632568,7.059999942779541,7.079999923706055,339700,0.0,0.0
2026-08-17 00:00:00-04:00,7.070000171661377,7.070000171661377,7.03000020980835,7.03000020980835,424200,0.0,0.0
2026-08-18 00:00:00-04:00,6.989999771118164,7.050000190734863,6.980000019073486,7.039999961853027,311974,0.0,0.0
