Date,Open,High,Low,Close,Volume,Dividends,Stock Splits
2022-01-03 00:00:00-05:00,11.471160906710503,11.471160906710503,11.215940371704445,11.222838401794434,93400,0.0,0.0
2022-01-04 00:00:00-05:00,11.215941051068606,11.243531857435064,11.091779133257566,11.153860092163086,123100,0.0,0.0
2022-01-05 00:00:00-05:00,11.133167272203707,11.146963334795036,10.802069664001465,10.802069664001465,183600,0.0,0.0
2022-01-06 00:00:00-05:00,10.795169937657661,10.871046954330886,10.602029696533064,10.608927726745605,166400,0.0,0.0
2022-01-07 00:00:00-05:00,10.595131681684027,10.815864043978866,10.595131681684027,10.719293594360352,126700,0.0,0.0
2022-01-10 00:00:00-05:00,10.698597158256883,10.781371524194213,10.615822792319554,10.68480110168457,102000,0.0,0.0
2022-01-11 00:00:00-05:00,10.753780059790252,10.967613673822862,10.705495177492342,10.912430763244629,160600,0.0,0.0
2022-01-12 00:00:00-05:00,10.946922957708278,10.95382098769683,10.72619126073338,10.767578125,117000,0.0,0.0
2022-01-13 00:00:00-05:00,10.829659805373911,10.829659805373911,10.539949104752736,10.560643196105957,126800,0.0,0.0
2022-01-14 00:00:00-05:00,10.567539924450623,10.574437954481143,10.339910196102288,10.360604286193848,203200,0.0,0.0
2022-01-18 00:00:00-05:00,10.450277105167824,10.719294383151674,10.229545384462565,10.243341445922852,321400,0.0,0.0
2022-01-19 00:00:00-05:00,10.243339441318753,10.505457979443888,9.94673075629256,9.981220245361328,646600,0.0,0.0
2022-01-20 00:00:00-05:00,9.98811816331642,10.063995174985072,9.767386473732689,9.8087739944458,574100,0.0,0.0
2022-01-21 00:00:00-05:00,9.829466922837165,9.953628820789863,9.753590572884011,9.822568893432617,240300,0.0,0.0
2022-01-24 00:00:00-05:00,9.760487915843576,9.788079375548593,9.622530617318494,9.712203025817871,384600,0.0,0.0
2022-01-25 00:00:00-05:00,9.6432228977279,9.822567693340586,9.636325526998345,9.725997924804688,263900,0.0,0.0
2022-01-26 00:00:00-05:00,9.8087739944458,9.877752318524553,9.746693042292295,9.8087739944458,225000,0.0,0.0
2022-01-27 00:00:00-05:00,9.836365455643767,9.90534377972252,9.781182533247833,9.8087739944458,145600,0.0,0.0
2022-01-28 00:00:00-05:00,9.84326418001722,9.8639576129179,9.739795699849076,9.8501615524292,127700,0.0,0.0
2022-01-31 00:00:00-05:00,9.857058176041415,9.870854234561376,9.725998909263167,9.83636474609375,170800,0.0,0.0
2022-02-01 00:00:00-05:00,9.843261923414774,9.843261923414774,9.753589524293044,9.829465866088867,170200,0.0,0.0
2022-02-02 00:00:00-05:00,9.863953887582749,9.884647312668111,9.739792021406334,9.77428150177002,264100,0.0,0.0
2022-02-03 00:00:00-05:00,9.691509246826172,9.739794135114735,9.629428300265296,9.691509246826172,174300,0.0,0.0
2022-02-04 00:00:00-05:00,9.65012502918709,9.684614528827451,9.581146687738856,9.594942092895508,222900,0.0,0.0
2022-02-07 00:00:00-05:00,9.594939579633397,9.636327099927438,9.574246148402535,9.615633010864258,136200,0.0,0.0
2022-02-08 00:00:00-05:00,9.560448605478935,9.588040062116002,9.388001837039207,9.450082778930664,405400,0.0,0.0
2022-02-09 00:00:00-05:00,9.484573852387765,9.56045020638723,9.484573852387765,9.539756774902344,219000,0.0,0.0
2022-02-10 00:00:00-05:00,9.498372261293573,9.532861103021533,9.346618857927094,9.443188667297363,405300,0.0,0.0
2022-02-11 00:00:00-05:00,9.4155919409543,9.498366956805576,9.353511665814027,9.38800048828125,337100,0.0,0.0
2022-02-14 00:00:00-05:00,9.341805698337625,9.362611316070602,9.161488580922068,9.175358772277832,336400,0.073386,0.0
2022-02-15 00:00:00-05:00,9.154550733373336,9.258580117322122,9.154550733373336,9.22390365600586,321200,0.0,0.0
2022-02-16 00:00:00-05:00,9.223904354760409,9.26551558237338,9.196163315885581,9.244709968566895,165000,0.0,0.0
2022-02-17 00:00:00-05:00,9.23777589497077,9.32793444985365,9.119876297154592,9.14761734008789,301100,0.0,0.0
2022-02-18 00:00:00-05:00,9.175358772277832,9.25858256600706,9.161488580922068,9.175358772277832,204300,0.0,0.0
2022-02-22 00:00:00-05:00,9.154551036222495,9.279386036531411,9.140680848076233,9.216968536376953,339800,0.0,0.0
2022-02-23 00:00:00-05:00,9.223903871388977,9.258580333514955,9.140680759125736,9.182291984558105,312300,0.0,0.0
2022-02-24 00:00:00-05:00,9.119875264472084,9.251645699533299,9.112940500572988,9.237774848937988,223400,0.0,0.0
2022-02-25 00:00:00-05:00,9.223906643378848,9.307129780652499,9.196165597620965,9.272453308105469,144700,0.0,0.0
2022-02-28 00:00:00-05:00,9.279388938839796,9.397288551251712,9.244712465530636,9.355676651000977,212500,0.0,0.0
2022-03-01 00:00:00-05:00,9.390354655162836,9.480513235905175,9.37648446041723,9.466642379760742,336400,0.0,0.0
2022-03-02 00:00:00-05:00,9.425031402259474,9.508254557297226,9.279390715593697,9.30713176727295,416100,0.0,0.0
2022-03-03 00:00:00-05:00,9.327935682621227,9.418094249419342,9.327935682621227,9.390353202819824,162100,0.0,0.0
2022-03-04 00:00:00-05:00,9.390352427055442,9.445834515670942,9.307129294132192,9.334870338439941,174200,0.0,0.0
2022-03-07 00:00:00-05:00,9.23777746386465,9.314065840936602,9.133748700546759,9.140684127807617,277400,0.0,0.0
2022-03-08 00:00:00-05:00,9.085198847671833,9.16842196143176,9.050522384922235,9.126810073852539,314000,0.0,0.0
2022-03-09 00:00:00-05:00,9.12681058458837,9.175357238315366,9.05745831660674,9.085199356079102,232600,0.0,0.0
2022-03-10 00:00:00-05:00,9.0505233666738,9.071328982021033,8.904882736445998,9.022782325744629,286300,0.0,0.0
2022-03-11 00:00:00-05:00,9.029717751326569,9.0505233666738,8.995041284815455,9.022782325744629,182000,0.0,0.0
2022-03-14 00:00:00-04:00,8.941449165344238,8.990271884142233,8.913550753952782,8.941449165344238,224400,0.073386,0.0
2022-03-15 00:00:00-04:00,8.927499914573023,9.004220376366453,8.892626735521256,8.91355037689209,234500,0.0,0.0
2022-03-16 00:00:00-04:00,8.913551359742426,8.976322955926983,8.850779763557869,8.892627716064453,264100,0.0,0.0
2022-03-17 00:00:00-04:00,8.899602055870922,9.073967296784613,8.871703643930756,9.025144577026367,147000,0.0,0.0
2022-03-18 00:00:00-04:00,9.060017758239226,9.094890939452085,9.011195703631588,9.025144577026367,209000,0.0,0.0
2022-03-21 00:00:00-04:00,9.025142717386098,9.032117485221633,8.927498628290488,8.983295440673828,169800,0.0,0.0
2022-03-22 00:00:00-04:00,8.9205234341525,9.032117053586237,8.9205234341525,8.997243881225586,135300,0.0,0.0
2022-03-23 00:00:00-04:00,9.004220934358894,9.053042988966533,8.976322522418728,9.025144577026367,144500,0.0,0.0
2022-03-24 00:00:00-04:00,9.011197300688163,9.025146176555106,8.955400466918945,8.955400466918945,200900,0.0,0.0
2022-03-25 00:00:00-04:00,8.969348367484814,8.969348367484814,8.718262642825671,8.73918628692627,276000,0.0,0.0
2022-03-28 00:00:00-04:00,8.75313542199458,8.87867794594822,8.75313542199458,8.85077953338623,184900,0.0,0.0
2022-03-29 00:00:00-04:00,8.850777651975736,8.983295582338805,8.850777651975736,8.969346046447754,147000,0.0,0.0
2022-03-30 00:00:00-04:00,8.969345694126934,9.080939981420421,8.920523650726972,9.060015678405762,177800,0.0,0.0
2022-03-31 00:00:00-04:00,9.046069116501293,9.11581481556249,8.990272291192083,9.06699275970459,581700,0.0,0.0
2022-04-01 00:00:00-04:00,9.053040562172919,9.16463484516979,8.997243753249698,9.15068531036377,126100,0.0,0.0
2022-04-04 00:00:00-04:00,9.108841431398563,9.199510780831297,9.108841431398563,9.14371395111084,181400,0.0,0.0
2022-04-05 00:00:00-04:00,9.087916170179392,9.13673888993764,8.997246165086201,9.025144577026367,198900,0.0,0.0
2022-04-06 00:00:00-04:00,8.962373878196518,9.02514480780402,8.899602283438389,8.948424339294434,209000,0.0,0.0
2022-04-07 00:00:00-04:00,8.878677197840323,8.955398324784321,8.878677197840323,8.91355037689209,142200,0.0,0.0
2022-04-08 00:00:00-04:00,8.913551505304923,8.941449919048027,8.850779908095275,8.878678321838379,281200,0.0,0.0
2022-04-11 00:00:00-04:00,8.850782281528774,8.878680702753144,8.718264947000728,8.746163368225098,241600,0.0,0.0
2022-04-12 00:00:00-04:00,8.767085332795006,8.878678996243838,8.767085332795006,8.788009643554688,251000,0.0,0.0
2022-04-13 00:00:00-04:00,8.839494008419862,8.860540234755144,8.790385254907576,8.81844711303711,111600,0.073386,0.0
2022-04-14 00:00:00-04:00,8.797401414327242,8.797401414327242,8.713215834889601,8.741277694702148,153600,0.0,0.0
2022-04-18 00:00:00-04:00,8.713210612296592,8.755303042261962,8.636040711328672,8.664102554321289,224700,0.0,0.0
2022-04-19 00:00:00-04:00,8.650071298301425,8.70619498428666,8.636040711328672,8.664102554321289,376600,0.0,0.0
2022-04-20 00:00:00-04:00,8.664102624938046,8.79739621297761,8.650071368803818,8.74828815460205,190900,0.0,0.0
2022-04-21 00:00:00-04:00,8.755305408259202,8.769336668070816,8.699181707107332,8.713212966918945,151700,0.0,0.0
2022-04-22 00:00:00-04:00,8.706197304460888,8.762321005402912,8.657089233398438,8.657089233398438,78900,0.0,0.0
2022-04-25 00:00:00-04:00,8.65708826028053,8.69216573668816,8.629026412963867,8.629026412963867,91500,0.0,0.0
2022-04-26 00:00:00-04:00,8.650073603518862,8.685151083869451,8.629027382927426,8.657089233398438,97500,0.0,0.0
2022-04-27 00:00:00-04:00,8.643060280723335,8.699183996646411,8.614998422761797,8.650075912475586,116900,0.0,0.0
2022-04-28 00:00:00-04:00,8.629027961457583,8.720229148864746,8.60798173945511,8.720229148864746,127700,0.0,0.0
2022-04-29 00:00:00-04:00,8.713213730238905,8.734259952752785,8.614996910095215,8.614996910095215,189200,0.0,0.0
2022-05-02 00:00:00-04:00,8.593948724633126,8.629026200175762,8.516778813677085,8.53080940246582,187600,0.0,0.0
2022-05-03 00:00:00-04:00,8.530809803442061,8.593949128577123,8.488717366050173,8.523794174194336,111100,0.0,0.0
2022-05-04 00:00:00-04:00,8.544840280725765,8.579917085663032,8.425577270606981,8.565886497497559,194100,0.0,0.0
2022-05-05 00:00:00-04:00,8.52379699712531,8.558874485933748,8.390503342510186,8.41154956817627,196800,0.0,0.0
2022-05-06 00:00:00-04:00,8.376472456626235,8.418565578901635,8.320348739624023,8.320348739624023,152500,0.0,0.0
2022-05-09 00:00:00-04:00,8.292281095138975,8.334374188043693,8.215111205368512,8.236157417297363,163100,0.0,0.0
2022-05-10 00:00:00-04:00,8.271236931111504,8.32034499411998,8.1940670222343,8.222128868103027,167400,0.0,0.0
2022-05-11 00:00:00-04:00,8.151975310563598,8.299300193786621,8.137944719757607,8.299300193786621,154700,0.0,0.0
2022-05-12 00:00:00-04:00,8.264222847122658,8.327362179391029,8.215114774934952,8.285269737243652,134500,0.0,0.0
2022-05-13 00:00:00-04:00,8.21706905403721,8.245306376976272,8.153534909116603,8.181772232055664,170800,0.073386,0.0
2022-05-16 00:00:00-04:00,8.15353569408537,8.181773019742934,8.125298368427805,8.139416694641113,170100,0.0,0.0
2022-05-17 00:00:00-04:00,8.125295886190111,8.132355383755598,8.0405839350965,8.104117393493652,232800,0.0,0.0
2022-05-18 00:00:00-04:00,8.04763952367831,8.139410935438438,8.04763952367831,8.111173629760742,144300,0.0,0.0
2022-05-19 00:00:00-04:00,8.111174515287042,8.188827619301227,8.033522084503401,8.054699897766113,257000,0.0,0.0
2022-05-20 00:00:00-04:00,8.06176243231384,8.118237071124065,8.06176243231384,8.09705924987793,143200,0.0,0.0
2022-05-23 00:00:00-04:00,8.075880603597255,8.132355914576703,8.061762280775483,8.082940101623535,161800,0.0,0.0
2022-05-24 00:00:00-04:00,8.104117393493652,8.14647370565583,8.075880076462449,8.104117393493652,178100,0.0,0.0
2022-05-25 00:00:00-04:00,8.125294348716825,8.217065780010875,8.111175356257457,8.188828468322754,315500,0.0,0.0
2022-05-26 00:00:00-04:00,8.188828926788508,8.301778179864655,8.188828926788508,8.23824405670166,287800,0.0,0.0
2022-05-27 00:00:00-04:00,8.330013935344326,8.421785354614258,8.294717132051193,8.421785354614258,184200,0.0,0.0
2022-05-31 00:00:00-04:00,8.365312821938007,8.365312821938007,8.280600203645418,8.344134330749512,198300,0.0,0.0
2022-06-01 00:00:00-04:00,8.322954506687758,8.3653108056248,8.238242582044206,8.259420394897461,142200,0.0,0.0
2022-06-02 00:00:00-04:00,8.259423353934801,8.414728941369999,8.238245533494338,8.3723726272583,204800,0.0,0.0
2022-06-03 00:00:00-04:00,8.33001708984375,8.358254408525358,8.294720273184044,8.33001708984375,129700,0.0,0.0
2022-06-06 00:00:00-04:00,8.287659645080566,8.330015953942562,8.259422330249468,8.287659645080566,151100,0.0,0.0
2022-06-07 00:00:00-04:00,8.26648258241577,8.379431852058188,8.259423084755431,8.365313529968262,139300,0.0,0.0
2022-06-08 00:00:00-04:00,8.322956456927114,8.351193771758213,8.266481827264915,8.287659645080566,110100,0.0,0.0
2022-06-09 00:00:00-04:00,8.301777127632334,8.365311242742518,8.259420826482023,8.280598640441895,149900,0.0,0.0
2022-06-10 00:00:00-04:00,8.280603322928936,8.315900148308629,8.132357868149933,8.139416694641113,142300,0.0,0.0
2022-06-13 00:00:00-04:00,8.104115453582484,8.118234445333744,7.991166212494734,8.075878143310547,256900,0.0,0.0
2022-06-14 00:00:00-04:00,8.04276036913841,8.064075593529251,7.602255895386093,7.623570442199707,622000,0.073386,0.0
2022-06-15 00:00:00-04:00,7.694620447719383,7.73014514695564,7.545417252988926,7.588047027587891,859200,0.0,0.0
2022-06-16 00:00:00-04:00,7.516999587712683,7.552524296205107,7.460160325155788,7.47437047958374,783000,0.0,0.0
2022-06-17 00:00:00-04:00,7.502787737327146,7.552521906936473,7.488577587394627,7.545416831970215,223200,0.0,0.0
2022-06-21 00:00:00-04:00,7.531210207328205,7.75856727159917,7.509894974369678,7.673308372497559,539300,0.0,0.0
2022-06-22 00:00:00-04:00,7.644885908056783,7.808298568084648,7.644885908056783,7.744354248046875,198500,0.0,0.0
2022-06-23 00:00:00-04:00,7.808298968176651,8.056971186048175,7.808298968176651,7.964607238769531,269600,0.0,0.0
2022-06-24 00:00:00-04:00,7.943292361478988,8.156439193602898,7.943292361478988,8.000131607055664,184300,0.0,0.0
2022-06-27 00:00:00-04:00,7.993028094802705,8.09249713279922,7.936188838112521,7.971713542938232,166200,0.0,0.0
2022-06-28 00:00:00-04:00,7.943292950023596,7.985922048576007,7.879348624617677,7.907768249511719,319800,0.0,0.0
2022-06-29 00:00:00-04:00,7.900662883278083,7.929082507126745,7.815404011732097,7.829614162445068,252000,0.0,0.0
2022-06-30 00:00:00-04:00,7.914874759929721,8.056972910159331,7.893559529212209,8.042762756347656,373500,0.0,0.0
2022-07-01 00:00:00-04:00,8.028556037333475,8.184864395055214,8.021450957987563,8.14933967590332,117700,0.0,0.0
2022-07-05 00:00:00-04:00,8.13512626047774,8.25590985069431,8.13512626047774,8.23459529876709,132700,0.0,0.0
2022-07-06 00:00:00-04:00,8.263009943123478,8.263009943123478,8.184856181479432,8.241695404052734,171100,0.0,0.0
2022-07-07 00:00:00-04:00,8.2417002969164,8.2417002969164,8.135126183138693,8.156440734863281,96800,0.0,0.0
2022-07-08 00:00:00-04:00,8.128015779683269,8.170645532770708,8.021442413330078,8.021442413330078,118200,0.0,0.0
2022-07-11 00:00:00-04:00,8.085390259921201,8.184859275817871,8.078285185019174,8.184859275817871,172700,0.0,0.0
2022-07-12 00:00:00-04:00,8.19906889522022,8.255908140302243,8.13512457510863,8.22748851776123,146700,0.0,0.0
2022-07-13 00:00:00-04:00,8.184859051919414,8.206173598465195,8.049865342782628,8.135124206542969,137300,0.0,0.0
2022-07-14 00:00:00-04:00,8.066037457118759,8.201901948329844,8.058887232803404,8.187600135803223,144200,0.073386,0.0
2022-07-15 00:00:00-04:00,8.187602480253174,8.287713150761496,8.123245669351265,8.201904296875,571100,0.0,0.0
2022-07-18 00:00:00-04:00,8.21620307890851,8.251956928277108,8.187600135803223,8.187600135803223,99500,0.0,0.0
2022-07-19 00:00:00-04:00,8.251956683670338,8.287710531979112,8.194750799155475,8.25910758972168,128000,0.0,0.0
2022-07-20 00:00:00-04:00,8.27341019803339,8.523686498962128,8.259109065323551,8.50223445892334,155100,0.0,0.0
2022-07-21 00:00:00-04:00,8.480781993928215,8.530837664799625,8.416425871861678,8.430727005004883,100200,0.0,0.0
2022-07-22 00:00:00-04:00,8.445027784454814,8.602343639478294,8.402123026390594,8.516534805297852,103500,0.0,0.0
2022-07-25 00:00:00-04:00,8.523684058487852,8.552286997666085,8.459327274849862,8.509382247924805,92800,0.0,0.0
2022-07-26 00:00:00-04:00,8.559442330302609,8.616648238248722,8.545140512341973,8.602346420288086,75000,0.0,0.0
2022-07-27 00:00:00-04:00,8.60234177864727,8.731055343049025,8.60234177864727,8.709603309631348,153400,0.0,0.0
2022-07-28 00:00:00-04:00,8.74536237963657,8.752513289589505,8.673855325952147,8.723910331726074,121600,0.0,0.0
2022-07-29 00:00:00-04:00,8.745361667018434,8.788266441291627,8.731060530226204,8.781115531921387,141400,0.0,0.0
2022-08-01 00:00:00-04:00,8.852619427391131,8.874071464262078,8.831167390520184,8.845468521118164,207400,0.0,0.0
2022-08-02 00:00:00-04:00,8.838316471133508,8.866919410576093,8.766809463500977,8.766809463500977,118200,0.0,0.0
2022-08-03 00:00:00-04:00,8.75250765280575,8.77396036884859,8.709603584615804,8.766809463500977,202400,0.0,0.0
2022-08-04 00:00:00-04:00,8.738212151631943,8.781116247452935,8.702458283815577,8.723910331726074,121600,0.0,0.0
2022-08-05 00:00:00-04:00,8.6595496186202,8.695303470386024,8.49508285522461,8.49508285522461,158800,0.0,0.0
2022-08-08 00:00:00-04:00,8.552288758387292,8.74535846710205,8.523685813320364,8.74535846710205,142100,0.0,0.0
2022-08-09 00:00:00-04:00,8.802568260032109,8.802568260032109,8.745361667018434,8.781115531921387,159800,0.0,0.0
2022-08-10 00:00:00-04:00,8.81686549166653,8.881222283597342,8.81686549166653,8.866920471191406,97800,0.0,0.0
2022-08-11 00:00:00-04:00,8.866919410576093,8.881221221271321,8.766809463500977,8.766809463500977,107800,0.0,0.0
2022-08-12 00:00:00-04:00,8.812410354614258,8.826798292662716,8.7980224165658,8.812410354614258,72400,0.073386,0.0
2022-08-15 00:00:00-04:00,8.776442033997576,8.819605166211854,8.661341262832448,8.668535232543945,156500,0.0,0.0
2022-08-16 00:00:00-04:00,8.632562451891962,8.632562451891962,8.553430876395879,8.589399337768555,204200,0.0,0.0
2022-08-17 00:00:00-04:00,8.524656603812437,8.625369404072131,8.395167933701975,8.431137084960938,145400,0.0,0.0
2022-08-18 00:00:00-04:00,8.474300356015641,8.488688292364467,8.409556014555063,8.445525169372559,122800,0.0,0.0
2022-08-19 00:00:00-04:00,8.380783981696785,8.41675315004989,8.272877162692293,8.294458389282227,116800,0.0,0.0
2022-08-22 00:00:00-04:00,8.272876882637465,8.294458108496828,8.222520460280688,8.287264823913574,88500,0.0,0.0
2022-08-23 00:00:00-04:00,8.28725795060762,8.32322640185669,8.19373846804073,8.244094848632812,142700,0.0,0.0
2022-08-24 00:00:00-04:00,8.229711129609486,8.280068222018485,8.19374265995895,8.236905097961426,114800,0.0,0.0
2022-08-25 00:00:00-04:00,8.258487443197279,8.308844542473627,8.229712251919942,8.280069351196289,94000,0.0,0.0
2022-08-26 00:00:00-04:00,8.287264823913574,8.3304272756323,8.272876882637465,8.287264823913574,88300,0.0,0.0
2022-08-29 00:00:00-04:00,8.280068826724898,8.330425236756922,8.236905699515567,8.301650047302246,120400,0.0,0.0
2022-08-30 00:00:00-04:00,8.301649298165078,8.395168826967272,8.2369049562209,8.373587608337402,147500,0.0,0.0
2022-08-31 00:00:00-04:00,8.366392749905707,8.474299517628092,8.359198782443015,8.431137084960938,127100,0.0,0.0
2022-09-01 00:00:00-04:00,8.35200491182583,8.35200491182583,8.251292110398323,8.265679359436035,130900,0.0,0.0
2022-09-02 00:00:00-04:00,8.258486399701257,8.35200593104967,8.244099148907818,8.323230743408203,97200,0.0,0.0
2022-09-06 00:00:00-04:00,8.287263024618733,8.488689356367832,8.071448754717373,8.093029975891113,200500,0.0,0.0
2022-09-07 00:00:00-04:00,8.035479048849579,8.172161021726232,8.035479048849579,8.085835456848145,113800,0.0,0.0
2022-09-08 00:00:00-04:00,8.071448754717373,8.128999135217114,8.02828562631524,8.093029975891113,202500,0.0,0.0
2022-09-09 00:00:00-04:00,8.078641555469215,8.128998649941318,7.999509958519641,8.013897895812988,147300,0.0,0.0
2022-09-12 00:00:00-04:00,8.035481003518358,8.208132175272747,8.035481003518358,8.172163009643555,120200,0.0,0.0
2022-09-13 00:00:00-04:00,8.121804613727665,8.179354990313056,8.0714482057291,8.085835456848145,124500,0.0,0.0
2022-09-14 00:00:00-04:00,8.088288122822462,8.088288122822462,7.965189681589198,8.008636474609375,125800,0.073386,0.0
2022-09-15 00:00:00-04:00,7.965188298916101,7.994152592380539,7.856572371065263,7.871054172515869,116100,0.0,0.0
2022-09-16 00:00:00-04:00,7.791402287511859,7.950705551160522,7.791402287511859,7.892776966094971,111500,0.0,0.0
2022-09-19 00:00:00-04:00,7.820366134380283,7.921740807186289,7.820366134380283,7.849330425262451,62500,0.0,0.0
2022-09-20 00:00:00-04:00,7.784162588311775,7.784162588311775,7.653822900736516,7.661064147949219,182900,0.0,0.0
2022-09-21 00:00:00-04:00,7.646579727841047,7.755195636615709,7.646579727841047,7.704508304595947,189000,0.0,0.0
2022-09-22 00:00:00-04:00,7.632101321119463,7.675548122208808,7.603137017247725,7.617619514465332,162600,0.0,0.0
2022-09-23 00:00:00-04:00,7.595894671186951,7.595894671186951,7.43659136819021,7.465555667877197,203100,0.0,0.0
2022-09-26 00:00:00-04:00,7.458313744950405,7.501759845265072,7.335215309786658,7.349697113037109,169200,0.0,0.0
2022-09-27 00:00:00-04:00,7.313490140493761,7.371418717836978,7.284525851822154,7.3352131843566895,219100,0.0,0.0
2022-09-28 00:00:00-04:00,7.3641793305507415,7.501759563803001,7.3641793305507415,7.458313465118408,227300,0.0,0.0
2022-09-29 00:00:00-04:00,7.429349894063864,7.436591141405628,7.299010204165544,7.407626152038574,165900,0.0,0.0
2022-09-30 00:00:00-04:00,7.480037848540633,7.480037848540633,7.241082191467285,7.241082191467285,489500,0.0,0.0
2022-10-03 00:00:00-04:00,7.327974285732205,7.443831477512425,7.327974285732205,7.3859028816223145,143300,0.0,0.0
2022-10-04 00:00:00-04:00,7.465553983720936,7.58865171169845,7.4583127377919,7.487277030944824,116000,0.0,0.0
2022-10-05 00:00:00-04:00,7.494518943807044,7.574170584424938,7.393143563468858,7.559688091278076,177500,0.0,0.0
2022-10-06 00:00:00-04:00,7.545210364281432,7.559692174687441,7.4945229920149155,7.530727863311768,94700,0.0,0.0
2022-10-07 00:00:00-04:00,7.429349931615667,7.458314230565765,7.34245703476537,7.35693883895874,128300,0.0,0.0
2022-10-10 00:00:00-04:00,7.356939879814636,7.393145431265441,7.233841419219972,7.233841419219971,162300,0.0,0.0
2022-10-11 00:00:00-04:00,7.183153335187194,7.356939135902194,7.139706539726751,7.277287483215332,361500,0.0,0.0
2022-10-12 00:00:00-04:00,7.277286527175876,7.291768330051248,7.204875441109134,7.270045280456543,204300,0.0,0.0
2022-10-13 00:00:00-04:00,7.119332700571809,7.228748393628428,7.097449005442075,7.1120381355285645,284900,0.073386,0.0
2022-10-14 00:00:00-04:00,7.214160239900469,7.214160239900469,6.995328149624234,7.053683280944824,227500,0.0,0.0
2022-10-17 00:00:00-04:00,7.075569066184026,7.148513356869265,7.05368605723778,7.06827449798584,156300,0.0,0.0
2022-10-18 00:00:00-04:00,7.075567051122754,7.163099757627484,7.075567051122754,7.14121675491333,98500,0.0,0.0
2022-10-19 00:00:00-04:00,7.053684242168135,7.104744815119795,7.053684242168135,7.075567245483398,156800,0.0,0.0
2022-10-20 00:00:00-04:00,7.046388020958179,7.082860148349997,6.966149897214552,6.97344446182251,192500,0.0,0.0
2022-10-21 00:00:00-04:00,6.95885439652673,7.031798641498172,6.929676837667728,6.995326519012451,140200,0.0,0.0
2022-10-24 00:00:00-04:00,7.03909510952587,7.097450248798663,7.002623669216474,7.075567245483398,174500,0.0,0.0
2022-10-25 00:00:00-04:00,7.126628117453939,7.257926825686287,7.126628117453939,7.184983253479004,227900,0.0,0.0
2022-10-26 00:00:00-04:00,7.2141618839519275,7.3016946008808405,7.119334600033556,7.257927894592285,142700,0.0,0.0
2022-10-27 00:00:00-04:00,7.272516536732604,7.425698954910559,7.2506328372442175,7.360049247741699,220300,0.0,0.0
2022-10-28 00:00:00-04:00,7.360049745500116,7.403815756140474,7.250633327602827,7.257927894592285,170400,0.0,0.0
2022-10-31 00:00:00-04:00,7.272515889685225,7.367343158753516,7.272515889685225,7.345459461212158,220400,0.0,0.0
2022-11-01 00:00:00-04:00,7.432992070597508,7.440286636352539,7.411109068980493,7.440286636352539,158600,0.0,0.0
2022-11-02 00:00:00-04:00,7.432991881385166,7.556996713471746,7.432991881385166,7.505936145782471,151500,0.0,0.0
2022-11-03 00:00:00-04:00,7.432991420235471,7.542407810043132,7.374636290597259,7.52781867980957,123300,0.0,0.0
2022-11-04 00:00:00-04:00,7.4621685894916086,7.520524411684448,7.411108027676853,7.513229846954346,159700,0.0,0.0
2022-11-07 00:00:00-05:00,7.498642340904951,7.53511447680348,7.447581768035889,7.447581768035889,123500,0.0,0.0
2022-11-08 00:00:00-05:00,7.498641771096631,7.535113904223708,7.418403634735524,7.440286636352539,103200,0.0,0.0
2022-11-09 00:00:00-05:00,7.462170499198504,7.498642636534928,7.330871778694801,7.411109924316406,176300,0.0,0.0
2022-11-10 00:00:00-05:00,7.564290820107027,7.7685337741205425,7.535113255247953,7.732062339782715,362200,0.0,0.0
2022-11-11 00:00:00-05:00,7.7831235767080855,7.7831235767080855,7.637235739810405,7.666413307189941,177600,0.0,0.0
2022-11-14 00:00:00-05:00,7.676247685229072,7.70563042400303,7.485259532928467,7.485259532928467,172000,0.073386,0.0
2022-11-15 00:00:00-05:00,7.51464161842873,7.757050067915173,7.507296459778593,7.727667331695557,188600,0.0,0.0
2022-11-16 00:00:00-05:00,7.742356525329749,7.867233299975352,7.742356525329749,7.837850570678711,119600,0.0,0.0
2022-11-17 00:00:00-05:00,7.808468945216279,7.859888553619385,7.7203207448654005,7.859888553619385,179900,0.0,0.0
2022-11-18 00:00:00-05:00,7.896616377142551,7.9039622349252,7.735011008622046,7.786431312561035,153500,0.0,0.0
2022-11-21 00:00:00-05:00,7.7350117613207345,7.896617145567157,7.705629027870442,7.859888553619385,237600,0.0,0.0
2022-11-22 00:00:00-05:00,7.874579219618395,8.036183881756315,7.837850632572676,7.977418422698975,248500,0.0,0.0
2022-11-23 00:00:00-05:00,7.999456909675769,8.050876517093885,7.925999727187367,7.97007417678833,191000,0.0,0.0
2022-11-25 00:00:00-05:00,7.970073666239234,8.080258732373961,7.970073666239234,8.065567016601562,81000,0.0,0.0
2022-11-28 00:00:00-05:00,8.065567999172123,8.072913857953216,7.992111512980147,8.036185264587402,172000,0.0,0.0
2022-11-29 00:00:00-05:00,8.021493270363498,8.080258732373961,7.962727808353034,8.065567016601562,176100,0.0,0.0
2022-11-30 00:00:00-05:00,8.094951995374933,8.094951995374933,7.999457926220781,8.080260276794434,188200,0.0,0.0
2022-12-01 00:00:00-05:00,8.102294854099453,8.19044303894043,8.102294854099453,8.19044303894043,146900,0.0,0.0
2022-12-02 00:00:00-05:00,8.205135370259997,8.212481228017259,8.0949503060593,8.175752639770508,164500,0.0,0.0
2022-12-05 00:00:00-05:00,8.116987178791527,8.197789512502737,8.0949503060593,8.175752639770508,203900,0.0,0.0
2022-12-06 00:00:00-05:00,8.161062258644893,8.205136711855376,8.006802723217707,8.094951629638672,186600,0.0,0.0
2022-12-07 00:00:00-05:00,8.124334900557502,8.205137252807617,8.080260444441256,8.205137252807617,178200,0.0,0.0
2022-12-08 00:00:00-05:00,8.190442022489668,8.249207471757405,8.13167657322193,8.212479591369629,159200,0.0,0.0
2022-12-09 00:00:00-05:00,8.197787914268888,8.263899220116123,7.94068924774448,7.96272611618042,281100,0.0,0.0
2022-12-12 00:00:00-05:00,7.984765262247716,8.006802136969611,7.9406915128039275,7.9480366706848145,210300,0.0,0.0
2022-12-13 00:00:00-05:00,8.094951670767623,8.22717362999153,8.08760581177194,8.102296829223633,239500,0.0,0.0
2022-12-14 00:00:00-05:00,8.104799433143919,8.252697091457708,8.097404373920314,8.230512619018555,245000,0.073386,0.0
2022-12-15 00:00:00-05:00,8.186145438556968,8.282279121771067,8.186145438556968,8.26009464263916,225300,0.0,0.0
2022-12-16 00:00:00-05:00,8.21572497914347,8.289674183225662,8.186145438556968,8.26009464263916,193400,0.0,0.0
2022-12-19 00:00:00-05:00,8.26009323170728,8.274882646858368,8.075220958312277,8.097405433654785,177900,0.0,0.0
2022-12-20 00:00:00-05:00,8.075219201619891,8.097403672136364,7.934715909475151,8.008665084838867,341100,0.0,0.0
2022-12-21 00:00:00-05:00,8.001271409029718,8.038246003101497,7.8903483320461065,7.912532806396484,339200,0.0,0.0
2022-12-22 00:00:00-05:00,7.927322494529452,8.023456151789567,7.868163429328102,7.956902027130127,362500,0.0,0.0
2022-12-23 00:00:00-05:00,7.949509717269593,8.008668802933045,7.934719593237765,7.979089260101318,158900,0.0,0.0
2022-12-27 00:00:00-05:00,7.882953494294134,7.949507624452209,7.698081223958036,7.7054762840271,319400,0.0,0.0
2022-12-28 00:00:00-05:00,7.661102809097348,7.749841369986731,7.624128937650316,7.653708457946777,335200,0.0,0.0
2022-12-29 00:00:00-05:00,7.646317481546085,7.720265969129548,7.624133005794223,7.6980814933776855,272700,0.0,0.0
2022-12-30 00:00:00-05:00,7.653711694459516,7.712870760068937,7.624132161654806,7.675896167755127,193100,0.0,0.0
2023-01-03 00:00:00-05:00,7.823793827218448,7.875557833288597,7.6980806365637795,7.838583946228027,190100,0.0,0.0
2023-01-04 00:00:00-05:00,7.919930174437867,8.01606386494896,7.905140050406039,7.979089260101318,112800,0.0,0.0
2023-01-05 00:00:00-05:00,7.971692807312254,8.038246943380322,7.9421132696410925,8.023457527160645,170400,0.0,0.0
2023-01-06 00:00:00-05:00,8.097405679961447,8.237909006945259,8.067826143527768,8.200934410095215,120200,0.0,0.0
2023-01-09 00:00:00-05:00,8.200932454849566,8.289671042993776,8.171352925468163,8.267486572265625,187400,0.0,0.0
2023-01-10 00:00:00-05:00,8.230512887834275,8.267487479928262,8.200933355205425,8.22311782836914,146300,0.0,0.0
2023-01-11 00:00:00-05:00,8.24530577043256,8.334045110884512,8.223121287935564,8.297070503234863,245100,0.0,0.0
2023-01-12 00:00:00-05:00,8.359135943982336,8.396353967901733,8.284700606018305,8.3740234375,152100,0.073386,0.0
2023-01-13 00:00:00-05:00,8.33680463414895,8.381466400651622,8.292143577520973,8.314474105834961,204900,0.0,0.0
2023-01-17 00:00:00-05:00,8.284699904890228,8.388910221070345,8.262369376378311,8.329360961914062,238000,0.0,0.0
2023-01-18 00:00:00-05:00,8.344249613706458,8.47823422314615,8.344249613706458,8.44101619720459,248900,0.0,0.0
2023-01-19 00:00:00-05:00,8.455901389226097,8.485675662397242,8.403796588645264,8.433570861816406,255600,0.0,0.0
2023-01-20 00:00:00-05:00,8.396352842883811,8.478232626510456,8.366578569712667,8.433570861816406,584400,0.0,0.0
2023-01-23 00:00:00-05:00,8.39635293696313,8.441014702157602,8.336804389953613,8.336804389953613,207700,0.0,0.0
2023-01-24 00:00:00-05:00,8.366580371816275,8.433572678349694,8.232596468624255,8.247483253479004,429800,0.0,0.0
2023-01-25 00:00:00-05:00,8.26981339700131,8.284700891031136,8.180490562446701,8.217708587646484,344700,0.0,0.0
2023-01-26 00:00:00-05:00,8.232594247973799,8.277255300366045,8.217706757259965,8.254924774169922,228400,0.0,0.0
2023-01-27 00:00:00-05:00,8.277255842944097,8.37402240930323,8.269812097099239,8.336804389953613,228200,0.0,0.0
2023-01-30 00:00:00-05:00,8.359137215243884,8.403798992714298,8.30703239975746,8.366580963134766,223100,0.0,0.0
2023-01-31 00:00:00-05:00,8.47823372620177,8.560112810574088,8.418685172135584,8.508008003234863,321800,0.0,0.0
2023-02-01 00:00:00-05:00,8.54522331491643,8.62710308997852,8.508006009751401,8.582441329956055,229300,0.0,0.0
2023-02-02 00:00:00-05:00,8.649434799110177,8.70898334737559,8.604773742848462,8.694096565246582,246800,0.0,0.0
2023-02-03 00:00:00-05:00,8.597330556128362,8.708983913920719,8.597330556128362,8.64199161529541,244800,0.0,0.0
2023-02-06 00:00:00-05:00,8.59732882276372,8.634546837815646,8.493118522593244,8.604772567749023,228900,0.0,0.0
2023-02-07 00:00:00-05:00,8.589885711669922,8.612216238399123,8.5377809126769,8.589885711669922,198900,0.0,0.0
2023-02-08 00:00:00-05:00,8.589887087607181,8.589887087607181,8.47823372620177,8.508008003234863,122000,0.0,0.0
2023-02-09 00:00:00-05:00,8.530338533540995,8.552669063847125,8.47823372620177,8.508008003234863,140300,0.0,0.0
2023-02-10 00:00:00-05:00,8.470788955688477,8.515450010902967,8.46334520986117,8.470788955688477,53100,0.0,0.0
2023-02-13 00:00:00-05:00,8.493121007597892,8.493121007597892,8.426128702878046,8.44101619720459,121200,0.0,0.0
2023-02-14 00:00:00-05:00,8.43606023627331,8.451043985630672,8.346155596633455,8.391107559204102,145000,0.073386,0.0
2023-02-15 00:00:00-05:00,8.35364818572998,8.40609310145517,8.338664434450394,8.35364818572998,106900,0.0,0.0
2023-02-16 00:00:00-05:00,8.346156363166848,8.346156363166848,8.263743233387348,8.271235466003418,122500,0.0,0.0
2023-02-17 00:00:00-05:00,8.241268942907912,8.301205387150976,8.196316252476226,8.248761177062988,158400,0.0,0.0
2023-02-21 00:00:00-05:00,8.226282553085595,8.23377478549062,8.113901925004642,8.121394157409668,166000,0.0,0.0
2023-02-22 00:00:00-05:00,8.158852115062393,8.158852115062393,8.023994830921371,8.038978576660156,216200,0.0,0.0
2023-02-23 00:00:00-05:00,8.06145689618728,8.12139332025199,8.05396466455456,8.083932876586914,126900,0.0,0.0
2023-02-24 00:00:00-05:00,8.083932660095567,8.091424891527645,8.038979986001621,8.061456680297852,78600,0.0,0.0
2023-02-27 00:00:00-05:00,8.076440578738199,8.166345214098165,8.068949061665432,8.151361465454102,126000,0.0,0.0
2023-02-28 00:00:00-05:00,8.151361465454102,8.25625056395666,8.13637700231151,8.151361465454102,170700,0.0,0.0
2023-03-01 00:00:00-05:00,8.173836662275196,8.188821123981652,8.038979364910933,8.04647159576416,153100,0.0,0.0
2023-03-02 00:00:00-05:00,8.016505815957256,8.02399804908073,7.971553846213765,8.001522064208984,121200,0.0,0.0
2023-03-03 00:00:00-05:00,8.06145611017695,8.098916550189548,8.046471648372524,8.07643985748291,109900,0.0,0.0
2023-03-06 00:00:00-05:00,8.106408524273,8.143868966400579,8.083932544795855,8.098917007446289,80900,0.0,0.0
2023-03-07 00:00:00-05:00,8.046472217433697,8.106408639893283,8.046472217433697,8.061456680297852,141500,0.0,0.0
2023-03-08 00:00:00-05:00,8.091425244273674,8.091425244273674,7.949075698852539,7.949075698852539,171800,0.0,0.0
2023-03-09 00:00:00-05:00,7.956566963551989,7.964059194400067,7.874154567718506,7.874154567718506,199300,0.0,0.0
2023-03-10 00:00:00-05:00,7.9415868321049095,8.001523277181274,7.9191101293271835,7.926602363586426,174500,0.0,0.0
2023-03-13 00:00:00-04:00,7.971552919654413,8.091425777702081,7.971552919654413,7.979044437408447,185300,0.0,0.0
2023-03-14 00:00:00-04:00,8.01932077041904,8.117393452137701,7.928792307168645,7.966512680053711,137300,0.073386,0.0
2023-03-15 00:00:00-04:00,7.989144036153071,8.05704055852703,7.966512101847158,8.011775970458984,138400,0.0,0.0
2023-03-16 00:00:00-04:00,8.011773350415261,8.064581419678282,7.928789138793945,7.928789138793945,91300,0.0,0.0
2023-03-17 00:00:00-04:00,7.989143397393611,8.072127629517897,7.974054962758561,8.049495697021484,96900,0.0,0.0
2023-03-20 00:00:00-04:00,8.019318580627441,8.049494726804204,7.9740540016342605,8.019318580627441,109500,0.0,0.0
2023-03-21 00:00:00-04:00,8.019321609940778,8.019321609940778,7.928793137213196,7.951425075531006,126100,0.0,0.0
2023-03-22 00:00:00-04:00,7.958966288273917,8.026862797035651,7.951422071865707,8.019318580627441,120700,0.0,0.0
2023-03-23 00:00:00-04:00,7.943878219310547,8.079671243053737,7.943878219310547,8.034406661987305,203800,0.0,0.0
2023-03-24 00:00:00-04:00,8.034408868027823,8.094761179716842,8.004232712183315,8.041953086853027,105500,0.0,0.0
2023-03-27 00:00:00-04:00,8.04195147970396,8.087216064152948,8.026863764525073,8.049495697021484,116500,0.0,0.0
2023-03-28 00:00:00-04:00,8.041950878741062,8.079671243053737,7.9966870171307365,8.034406661987305,114300,0.0,0.0
2023-03-29 00:00:00-04:00,8.064585030741124,8.087217687236013,8.01177693783233,8.072129249572754,116200,0.0,0.0
2023-03-30 00:00:00-04:00,8.117393550454317,8.132481268117319,8.049497022330101,8.09476089477539,103500,0.0,0.0
2023-03-31 00:00:00-04:00,8.17020160056991,8.230553909832441,8.147569664460532,8.177745819091797,277500,0.0,0.0
2023-04-03 00:00:00-04:00,8.192831073748753,8.298447942935752,8.192831073748753,8.253183364868164,135500,0.0,0.0
2023-04-04 00:00:00-04:00,8.23055332748517,8.27581791595754,8.185289458469025,8.22300910949707,220000,0.0,0.0
2023-04-05 00:00:00-04:00,8.27581791595754,8.290905632477513,8.155113305972854,8.22300910949707,167200,0.0,0.0
2023-04-06 00:00:00-04:00,8.230551687190603,8.25318361718828,8.140023247743809,8.170199394226074,210000,0.0,0.0
2023-04-10 00:00:00-04:00,8.177746485643551,8.230554580688477,8.109849952325025,8.230554580688477,116600,0.0,0.0
2023-04-11 00:00:00-04:00,8.230554224427845,8.298450754807462,8.200378068643161,8.24564266204834,162800,0.0,0.0
2023-04-12 00:00:00-04:00,8.283360415041129,8.336169215129829,8.253184266185931,8.275816917419434,104900,0.0,0.0
2023-04-13 00:00:00-04:00,8.331551473148798,8.384715196606995,8.316361423988507,8.361930847167969,117400,0.073386,0.0
2023-04-14 00:00:00-04:00,8.308770468713783,8.34674488591146,8.270796775817871,8.270796775817871,90100,0.0,0.0
2023-04-17 00:00:00-04:00,8.285982452542116,8.323956852986411,8.156869925612376,8.164464950561523,129300,0.0,0.0
2023-04-18 00:00:00-04:00,8.172059938134487,8.240413713761303,8.141680562778284,8.156869888305664,131200,0.0,0.0
2023-04-19 00:00:00-04:00,8.164466735476305,8.19484611761299,8.103707971202935,8.187251091003418,140300,0.0,0.0
2023-04-20 00:00:00-04:00,8.225222740570276,8.255602112516096,8.156868972616842,8.210033416748047,117700,0.0,0.0
2023-04-21 00:00:00-04:00,8.217630473140103,8.225225499749675,8.156871708866733,8.187251091003418,63100,0.0,0.0
2023-04-24 00:00:00-04:00,8.22522473556813,8.248009088978415,8.149275925131798,8.179656028747559,147600,0.0,0.0
2023-04-25 00:00:00-04:00,8.194845034043704,8.270793841493832,8.194845034043704,8.255603790283203,105300,0.0,0.0
2023-04-26 00:00:00-04:00,8.316363236117898,8.415096404269443,8.278388829243985,8.392312049865723,363900,0.0,0.0
2023-04-27 00:00:00-04:00,8.361934754731688,8.392314142947264,8.232822173740058,8.331555366516113,194900,0.0,0.0
2023-04-28 00:00:00-04:00,8.407503474904177,8.422693531162839,8.285985922041878,8.331555366516113,149600,0.0,0.0
2023-05-01 00:00:00-04:00,8.331552634687052,8.354336987302545,8.24800880126106,8.263198852539062,173300,0.0,0.0
2023-05-02 00:00:00-04:00,8.293578194008267,8.323957572128018,8.202440059649017,8.255603790283203,147700,0.0,0.0
2023-05-03 00:00:00-04:00,8.255605554136974,8.354338735196404,8.248010526908942,8.323959350585938,158400,0.0,0.0
2023-05-04 00:00:00-04:00,8.339148573057885,8.407502368624204,8.301174886011399,8.399908065795898,161800,0.0,0.0
2023-05-05 00:00:00-04:00,8.392312049865723,8.407501378034347,8.346742616756714,8.392312049865723,140400,0.0,0.0
2023-05-08 00:00:00-04:00,8.35433871602557,8.41509748510708,8.346743688814968,8.369528770446777,155300,0.0,0.0
2023-05-09 00:00:00-04:00,8.331555553613448,8.34674488591146,8.248011690918206,8.270796775817871,196400,0.0,0.0
2023-05-10 00:00:00-04:00,8.301175117492676,8.354338860281569,8.24801065040211,8.301175117492676,182800,0.0,0.0
2023-05-11 00:00:00-04:00,8.339145855942254,8.339145855942254,8.20243903365399,8.285982131958008,251000,0.0,0.0
2023-05-12 00:00:00-04:00,8.273280128888038,8.334450350494095,8.051537893264442,8.097415924072266,460100,0.073386,0.0
2023-05-15 00:00:00-04:00,8.074476038393495,8.10506114451896,8.051536661894561,8.059183120727539,182500,0.0,0.0
2023-05-16 00:00:00-04:00,8.0285988239241,8.0285988239241,7.93684349629832,7.9444899559021,304500,0.0,0.0
2023-05-17 00:00:00-04:00,7.990369862725115,7.990369862725115,7.88332231016392,7.906260967254639,233400,0.0,0.0
2023-05-18 00:00:00-04:00,7.913904666900635,7.92155039712419,7.860380180096707,7.913904666900635,149200,0.0,0.0
2023-05-19 00:00:00-04:00,7.906257343490054,7.929195990067043,7.837440674552661,7.868025779724121,158600,0.0,0.0
2023-05-22 00:00:00-04:00,7.87567584806476,7.921553162246197,7.87567584806476,7.906260967254639,128800,0.0,0.0
2023-05-23 00:00:00-04:00,7.929195695925302,7.936842154236121,7.875671946162372,7.898610591888428,125300,0.0,0.0
2023-05-24 00:00:00-04:00,7.936842154236121,7.936842154236121,7.883318404473191,7.898610591888428,175400,0.0,0.0
2023-05-25 00:00:00-04:00,7.913905362885485,7.913905362885485,7.783918457968816,7.806857109069824,227700,0.0,0.0
2023-05-26 00:00:00-04:00,7.806856811197576,7.875673491081459,7.806856811197576,7.837441921234131,114400,0.0,0.0
2023-05-30 00:00:00-04:00,7.837440667538939,7.936842441558839,7.837440667538939,7.936842441558838,178400,0.0,0.0
2023-05-31 00:00:00-04:00,7.944490370057124,8.097415924072266,7.944490370057124,8.097415924072266,187200,0.0,0.0
2023-06-01 00:00:00-04:00,8.066830735810772,8.128000956829466,8.066830735810772,8.074477195739746,137500,0.0,0.0
2023-06-02 00:00:00-04:00,8.066829313627935,8.08976796016422,8.005659103393555,8.005659103393555,192200,0.0,0.0
2023-06-05 00:00:00-04:00,8.005658422204124,8.059182169303345,7.89096374086904,7.921548843383789,230300,0.0,0.0
2023-06-06 00:00:00-04:00,7.936842696225682,8.059183120727539,7.936842696225682,8.059183120727539,164500,0.0,0.0
2023-06-07 00:00:00-04:00,8.028599989822661,8.120355330772982,8.028599989822661,8.082123756408691,240800,0.0,0.0
2023-06-08 00:00:00-04:00,8.10506150958218,8.128000157907854,8.04389129457606,8.120353698730469,78600,0.0,0.0
2023-06-09 00:00:00-04:00,8.15858508236857,8.166231541374403,8.08212195072317,8.089768409729004,140300,0.0,0.0
2023-06-12 00:00:00-04:00,8.10506082324049,8.20446186730323,8.10506082324049,8.173876762390137,159800,0.0,0.0
2023-06-13 00:00:00-04:00,8.181523935423987,8.242694150592255,8.066829964285105,8.105061531066895,199000,0.0,0.0
2023-06-14 00:00:00-04:00,8.146166830343573,8.384854463035875,8.130768030909653,8.246261596679688,590700,0.073386,0.0
2023-06-15 00:00:00-04:00,8.253960996717298,8.346355992085122,8.253960996717298,8.33095645904541,178100,0.0,0.0
2023-06-16 00:00:00-04:00,8.315556695220568,8.323256460846816,8.253960038790717,8.277058601379395,102300,0.0,0.0
2023-06-20 00:00:00-04:00,8.277059002242419,8.307857331948926,8.230861140537607,8.292458534240723,137000,0.0,0.0
2023-06-21 00:00:00-04:00,8.284758198595217,8.315556526184082,8.230860574597166,8.315556526184082,127100,0.0,0.0
2023-06-22 00:00:00-04:00,8.27706164559804,8.307859985140281,8.238563537597656,8.238563537597656,100000,0.0,0.0
2023-06-23 00:00:00-04:00,8.261659995482885,8.27705952846022,8.21546286513117,8.23086166381836,117900,0.0,0.0
2023-06-26 00:00:00-04:00,8.253962516784668,8.28476085424583,8.215464411385643,8.253962516784668,100600,0.0,0.0
2023-06-27 00:00:00-04:00,8.269360162975657,8.277059929837709,8.215463263521666,8.246261596679688,157300,0.0,0.0
2023-06-28 00:00:00-04:00,8.24625987230419,8.26935843377002,8.230860341800282,8.261658668518066,118400,0.0,0.0
2023-06-29 00:00:00-04:00,8.215461513731396,8.215461513731396,8.123066533936305,8.153864860534668,210100,0.0,0.0
2023-06-30 00:00:00-04:00,8.20776444758027,8.230863016552354,8.138468006373753,8.192365646362305,208000,0.0,0.0
2023-07-03 00:00:00-04:00,8.192365467002936,8.292460242744234,8.176965931831852,8.284760475158691,111900,0.0,0.0
2023-07-05 00:00:00-04:00,8.28476085424583,8.28476085424583,8.223164179323504,8.253962516784668,140600,0.0,0.0
2023-07-06 00:00:00-04:00,8.207764428435679,8.207764428435679,8.084571081818225,8.146167755126953,130600,0.0,0.0
2023-07-07 00:00:00-04:00,8.14616509531257,8.176963421910935,8.123066533936305,8.153864860534668,121100,0.0,0.0
2023-07-10 00:00:00-04:00,8.153867915703623,8.2231643600871,8.146168147596503,8.21546459197998,103200,0.0,0.0
2023-07-11 00:00:00-04:00,8.253963074513944,8.261662108681753,8.207765198055418,8.238563537597656,134700,0.0,0.0
2023-07-12 00:00:00-04:00,8.277059002242419,8.307857331948926,8.261659470244116,8.292458534240723,142300,0.0,0.0
2023-07-13 00:00:00-04:00,8.357104729006837,8.388114365244546,8.326095092769128,8.380362510681152,132700,0.073386,0.0
2023-07-14 00:00:00-04:00,8.357102532063424,8.4501314163208,8.357102532063424,8.4501314163208,179700,0.0,0.0
2023-07-17 00:00:00-04:00,8.44238178315657,8.44238178315657,8.349352874443445,8.380362510681152,142700,0.0,0.0
2023-07-18 00:00:00-04:00,8.403616021925023,8.403616021925023,8.333844184875488,8.333844184875488,134900,0.0,0.0
2023-07-19 00:00:00-04:00,8.326093457775798,8.457884570738274,8.326093457775798,8.434627532958984,186500,0.0,0.0
2023-07-20 00:00:00-04:00,8.395864613403319,8.403617205128748,8.295083138956237,8.357102394104004,189200,0.0,0.0
2023-07-21 00:00:00-04:00,8.372607577554865,8.403617205128748,8.310588322407098,8.357102394104004,199200,0.0,0.0
2023-07-24 00:00:00-04:00,8.357101390206271,8.357101390206271,8.302834733302722,8.326091766357422,138400,0.0,0.0
2023-07-25 00:00:00-04:00,8.295085593303286,8.34160041809082,8.271828550573547,8.34160041809082,109300,0.0,0.0
2023-07-26 00:00:00-04:00,8.341597949980981,8.395864613403319,8.310588322407098,8.357102394104004,162200,0.0,0.0
2023-07-27 00:00:00-04:00,8.411371636640986,8.411371636640986,8.25632272553048,8.295084953308105,183900,0.0,0.0
2023-07-28 00:00:00-04:00,8.326094318792109,8.37260913848877,8.31058987177854,8.37260913848877,113100,0.0,0.0
2023-07-31 00:00:00-04:00,8.395866959135983,8.403619553027422,8.357104729006837,8.380362510681152,209400,0.0,0.0
2023-08-01 00:00:00-04:00,8.349352327802393,8.372609368625998,8.26407527923584,8.26407527923584,196600,0.0,0.0
2023-08-02 00:00:00-04:00,8.240817200124555,8.256321645610837,8.178797939523617,8.202054977416992,210700,0.0,0.0
2023-08-03 00:00:00-04:00,8.163289686548326,8.163289686548326,8.054756390952727,8.07801342010498,180900,0.0,0.0
2023-08-04 00:00:00-04:00,8.12453074699578,8.240817418195682,8.12453074699578,8.225312232971191,159400,0.0,0.0
2023-08-07 00:00:00-04:00,8.24081784918201,8.271827481924838,8.225312663146616,8.248570442199707,161300,0.0,0.0
2023-08-08 00:00:00-04:00,8.287332495582021,8.287332495582021,8.240818412949658,8.256322860717773,138700,0.0,0.0
2023-08-09 00:00:00-04:00,8.256322685851972,8.295084913443315,8.256322685851972,8.26407527923584,88300,0.0,0.0
2023-08-10 00:00:00-04:00,8.2640740629795,8.318340730023941,8.20205480369217,8.209807395935059,115400,0.0,0.0
2023-08-11 00:00:00-04:00,8.217559988177946,8.240817025578723,8.147788136647728,8.209807395935059,210100,0.0,0.0
2023-08-14 00:00:00-04:00,8.134385975740425,8.212451397490916,8.118772593595512,8.126579284667969,215100,0.073386,0.0
2023-08-15 00:00:00-04:00,8.118772367504988,8.14219244007016,8.056320329638567,8.087546348571777,134900,0.0,0.0
2023-08-16 00:00:00-04:00,8.09535289954349,8.118772227216972,8.025094172036045,8.056320190429688,104700,0.0,0.0
2023-08-17 00:00:00-04:00,8.0407102800453,8.048516973412676,7.970451528713425,8.025096893310547,200600,0.0,0.0
2023-08-18 00:00:00-04:00,8.040711402893066,8.087550080663615,8.017292064007792,8.040711402893066,95400,0.0,0.0
2023-08-21 00:00:00-04:00,8.017287267878439,8.017287267878439,7.931415169190872,7.9392218589782715,84500,0.0,0.0
2023-08-22 00:00:00-04:00,7.915804399400046,7.9626430601877765,7.915804399400046,7.954836368560791,191100,0.0,0.0
2023-08-23 00:00:00-04:00,8.001675877209584,8.071934613785945,7.978256546513163,8.064127922058105,149200,0.0,0.0
2023-08-24 00:00:00-04:00,8.040708093144861,8.064127422390179,7.962642669677734,7.962642669677734,166900,0.0,0.0
2023-08-25 00:00:00-04:00,7.962642331818164,7.993868350982666,7.947029694479424,7.993868350982666,107900,0.0,0.0
2023-08-28 00:00:00-04:00,7.993869050423382,8.079741169004594,7.993869050423382,8.032901763916016,114100,0.0,0.0
2023-08-29 00:00:00-04:00,8.009482568937424,8.079741305513785,8.009482568937424,8.064127922058105,145100,0.0,0.0
2023-08-30 00:00:00-04:00,8.064127020493624,8.110966421136949,8.064127020493624,8.087546348571777,93100,0.0,0.0
2023-08-31 00:00:00-04:00,8.118773411289238,8.181225457184762,8.087547388341477,8.095354080200195,157300,0.0,0.0
2023-09-01 00:00:00-04:00,8.118774453062299,8.16561386573777,8.048516450779905,8.103161811828613,184100,0.0,0.0
2023-09-05 00:00:00-04:00,8.071934165124746,8.087546803225532,7.986062049865723,7.986062049865723,84800,0.0,0.0
2023-09-06 00:00:00-04:00,7.978255324988845,8.017288033164776,7.970448634456261,8.00167465209961,80500,0.0,0.0
2023-09-07 00:00:00-04:00,7.986061660069785,8.017288423721308,7.970449022731045,7.993868350982666,81300,0.0,0.0
2023-09-08 00:00:00-04:00,8.001675432453567,8.032901453142197,7.954836029177094,7.986062049865723,95600,0.0,0.0
2023-09-11 00:00:00-04:00,7.986061660069785,7.993868350982666,7.954835640905283,7.993868350982666,123700,0.0,0.0
2023-09-12 00:00:00-04:00,8.017289157089582,8.017289157089582,7.923610346539941,7.954836368560791,77000,0.0,0.0
2023-09-13 00:00:00-04:00,7.97825636202583,8.032901713882906,7.97044967047851,8.009482383728027,125200,0.0,0.0
2023-09-14 00:00:00-04:00,8.027871957345406,8.027871957345406,7.933518998230309,8.004283905029297,137200,0.073386,0.0
2023-09-15 00:00:00-04:00,7.996418840163475,8.012143954233713,7.941379816141948,7.988555908203125,87900,0.0,0.0
2023-09-18 00:00:00-04:00,7.99642109872107,7.99642109872107,7.949244243484514,7.964970111846924,89200,0.0,0.0
2023-09-19 00:00:00-04:00,7.972832457472522,7.988557574823426,7.941381472920091,7.957106590270996,78000,0.0,0.0
2023-09-20 00:00:00-04:00,7.964970111846925,8.012146217232806,7.949244243484514,7.964970111846924,68800,0.0,0.0
2023-09-21 00:00:00-04:00,7.949241594716699,7.949241594716699,7.847025733972416,7.870614528656006,155800,0.0,0.0
2023-09-22 00:00:00-04:00,7.870614165359362,7.909928071500246,7.870614165359362,7.878477096557617,141300,0.0,0.0
2023-09-25 00:00:00-04:00,7.823437668161444,7.862751576011586,7.799849623391528,7.807712554931641,145900,0.0,0.0
2023-09-26 00:00:00-04:00,7.8234388771358,7.839164742646181,7.752673982040163,7.791987895965576,127100,0.0,0.0
2023-09-27 00:00:00-04:00,7.815575196518201,7.815575196518201,7.721222262036044,7.744811058044434,160600,0.0,0.0
2023-09-28 00:00:00-04:00,7.721220140096279,7.776259899139404,7.666181130903415,7.776259899139404,181600,0.0,0.0
2023-09-29 00:00:00-04:00,7.8548861572116495,7.9020629816633035,7.784121295459262,7.815572261810303,341500,0.0,0.0
2023-10-02 00:00:00-04:00,7.799851888707366,7.823439940327975,7.611145976041214,7.674047946929932,229600,0.0,0.0
2023-10-03 00:00:00-04:00,7.650456492878854,7.674045286171356,7.516790413473251,7.532515525817871,225600,0.0,0.0
2023-10-04 00:00:00-04:00,7.5403772808241225,7.587553360350194,7.532514350953023,7.563965320587158,152700,0.0,0.0
2023-10-05 00:00:00-04:00,7.571831957987989,7.658321979368932,7.493204120477581,7.556106090545654,209900,0.0,0.0
2023-10-06 00:00:00-04:00,7.532515729732401,7.532515729732401,7.406711828168249,7.485339641571045,348100,0.0,0.0
2023-10-09 00:00:00-04:00,7.493204102380002,7.556106072296155,7.477478984826279,7.540380954742432,119300,0.0,0.0
2023-10-10 00:00:00-04:00,7.524652457333386,7.540378319241261,7.4460253973451165,7.508927345275879,172600,0.0,0.0
2023-10-11 00:00:00-04:00,7.579692523645813,7.6819083805345985,7.579692523645813,7.666182518005371,151800,0.0,0.0
2023-10-12 00:00:00-04:00,7.674043909390115,7.681906839076947,7.44602419742372,7.477475166320801,210500,0.0,0.0
2023-10-13 00:00:00-04:00,7.535625934600829,7.62278852615754,7.488082221954285,7.53562593460083,205300,0.073386,0.0
2023-10-16 00:00:00-04:00,7.519779205322266,7.543551443997009,7.488083642771094,7.519779205322266,176600,0.0,0.0
2023-10-17 00:00:00-04:00,7.472236069930859,7.488083473006253,7.345453822600496,7.385072708129883,262400,0.0,0.0
2023-10-18 00:00:00-04:00,7.369224830265316,7.416767792110172,7.329605191606767,7.392996311187744,194000,0.0,0.0
2023-10-19 00:00:00-04:00,7.337529854888775,7.4009209795186806,7.2899861335754395,7.2899861335754395,143300,0.0,0.0
2023-10-20 00:00:00-04:00,7.321681894380122,7.353377457554337,7.274138927459717,7.274138927459717,112600,0.0,0.0
2023-10-23 00:00:00-04:00,7.2265949259005335,7.274138646667517,7.186975284541681,7.242443084716797,202300,0.0,0.0
2023-10-24 00:00:00-04:00,7.282062054076247,7.321681695890392,7.258290571260487,7.2899861335754395,145100,0.0,0.0
2023-10-25 00:00:00-04:00,7.258290487851254,7.258290487851254,7.194899363949813,7.242443084716797,131400,0.0,0.0
2023-10-26 00:00:00-04:00,7.226595204857478,7.282062251491896,7.210747801111288,7.274138927459717,206000,0.0,0.0
2023-10-27 00:00:00-04:00,7.282062054076247,7.297910213074631,7.1473564809990595,7.2899861335754395,157200,0.0,0.0
2023-10-30 00:00:00-04:00,7.2582905716541655,7.313757616787888,7.2582905716541655,7.297910213470459,140100,0.0,0.0
2023-10-31 00:00:00-04:00,7.329604622417278,7.353376101493703,7.2899849868354405,7.313756465911865,219600,0.0,0.0
2023-11-01 00:00:00-04:00,7.345454573062014,7.424693107898137,7.313758252309309,7.416769027709961,230200,0.0,0.0
2023-11-02 00:00:00-04:00,7.511853604949586,7.622788429260255,7.503930282677276,7.622788429260254,238400,0.0,0.0
2023-11-03 00:00:00-04:00,7.741648869065565,7.89220260168371,7.654485505623961,7.678256988525391,257700,0.0,0.0
2023-11-06 00:00:00-05:00,7.662409500838237,7.678256904037541,7.5910942972368485,7.614865779876709,214100,0.0,0.0
2023-11-07 00:00:00-05:00,7.630714496236132,7.7258011894241445,7.630714496236132,7.702029705047607,135100,0.0,0.0
2023-11-08 00:00:00-05:00,7.709951402304658,7.725799558999054,7.686179922944769,7.7178754806518555,169400,0.0,0.0
2023-11-09 00:00:00-05:00,7.702027026227754,7.749569978445051,7.646559241065441,7.654483318328857,176700,0.0,0.0
2023-11-10 00:00:00-05:00,7.717874532021135,7.7416467641408,7.646559347025359,7.733722686767578,150400,0.0,0.0
2023-11-13 00:00:00-05:00,7.717876911084159,7.725800990900006,7.646561704105218,7.7099528312683105,136000,0.0,0.0
2023-11-14 00:00:00-05:00,7.800483104888977,7.96814884017248,7.800483104888977,7.944196701049805,429800,0.073386,0.0
2023-11-15 00:00:00-05:00,7.888304771211619,8.040002603104874,7.84838404868462,8.008066177368164,370200,0.0,0.0
2023-11-16 00:00:00-05:00,8.032021129457311,8.135813968675587,7.9841160978434065,8.087909698486328,281100,0.0,0.0
2023-11-17 00:00:00-05:00,8.143799714783174,8.151784015041855,8.055974696212028,8.10387897491455,379900,0.0,0.0
2023-11-20 00:00:00-05:00,8.111861695847029,8.143798129239158,8.07194096375071,8.095893859863281,323400,0.0,0.0
2023-11-21 00:00:00-05:00,8.119845467698509,8.167749733966138,8.095893334564696,8.15976619720459,235300,0.0,0.0
2023-11-22 00:00:00-05:00,8.183720521996452,8.183720521996452,8.127831942575336,8.143799781799316,186200,0.0,0.0
2023-11-24 00:00:00-05:00,8.14379834177156,8.151782640684122,8.119846206458533,8.127830505371094,71800,0.0,0.0
2023-11-27 00:00:00-05:00,8.143799986631116,8.183720727832334,8.11984784648031,8.175736427307129,200500,0.0,0.0
2023-11-28 00:00:00-05:00,8.191702298500621,8.215654430669462,8.159765868467316,8.167749404907227,194400,0.0,0.0
2023-11-29 00:00:00-05:00,8.167750159430552,8.223639488220215,8.167750159430552,8.223639488220215,165700,0.0,0.0
2023-11-30 00:00:00-05:00,8.247592787672424,8.279529225167368,8.159767774917515,8.255577087402344,258300,0.0,0.0
2023-12-01 00:00:00-05:00,8.223637053148973,8.383319170783786,8.223637053148973,8.367350578308105,208900,0.0,0.0
2023-12-04 00:00:00-05:00,8.367355896992914,8.38332449961899,8.295499469450224,8.303483009338379,206100,0.0,0.0
2023-12-05 00:00:00-05:00,8.327435630189099,8.463165702197108,8.327435630189099,8.439212799072266,233100,0.0,0.0
2023-12-06 00:00:00-05:00,8.471144405994972,8.519049423472845,8.455176574451961,8.487112998962402,152700,0.0,0.0
2023-12-07 00:00:00-05:00,8.503081922362117,8.511066219871074,8.4392090651395,8.479129791259766,226300,0.0,0.0
2023-12-08 00:00:00-05:00,8.479133542855479,8.51905428663869,8.39929281671391,8.439212799072266,189800,0.0,0.0
2023-12-11 00:00:00-05:00,8.463165078081762,8.463165078081762,8.383323596403239,8.431228637695312,163500,0.0,0.0
2023-12-12 00:00:00-05:00,8.455181401155492,8.471149241813865,8.415260657372281,8.439212799072266,150200,0.0,0.0
2023-12-13 00:00:00-05:00,8.51106956719081,8.582926750183105,8.479133126019216,8.582926750183105,275900,0.0,0.0
2023-12-14 00:00:00-05:00,8.71427227596933,8.810740141386965,8.706233095519917,8.77054500579834,322200,0.073386,0.0
2023-12-15 00:00:00-05:00,8.818777617404502,8.818777617404502,8.706231412840182,8.71427059173584,221800,0.0,0.0
2023-12-18 00:00:00-05:00,8.738385200500488,8.778580318379026,8.714268436436608,8.738385200500488,231000,0.0,0.0
2023-12-19 00:00:00-05:00,8.77054331068885,8.786621668480166,8.66603628502019,8.71427059173584,291300,0.0,0.0
2023-12-20 00:00:00-05:00,8.730348842774456,8.754466381284413,8.682115299071247,8.706232070922852,290400,0.0,0.0
2023-12-21 00:00:00-05:00,8.762505531311035,8.78662307184998,8.714271983549983,8.762505531311035,182100,0.0,0.0
2023-12-22 00:00:00-05:00,8.762503580262186,8.802698705552208,8.730347633361816,8.730347633361816,158500,0.0,0.0
2023-12-26 00:00:00-05:00,8.754465059047053,8.762503470677931,8.714269934259713,8.722309112548828,115800,0.0,0.0
2023-12-27 00:00:00-05:00,8.794659549121405,8.826815496102062,8.778581958960201,8.818777084350586,233400,0.0,0.0
2023-12-28 00:00:00-05:00,8.826814244069656,8.826814244069656,8.770541536500026,8.810736656188965,152800,0.0,0.0
2023-12-29 00:00:00-05:00,8.81877932183638,8.82681773562735,8.754467411557956,8.77054500579834,179600,0.0,0.0
2024-01-02 00:00:00-05:00,8.762502575513356,8.762502575513356,8.440943143381148,8.698190689086914,329300,0.0,0.0
2024-01-03 00:00:00-05:00,8.66603628502019,8.71427059173584,8.60976356606718,8.71427059173584,125200,0.0,0.0
2024-01-04 00:00:00-05:00,8.714269592698791,8.746425537936647,8.657996880197098,8.682113647460938,158200,0.0,0.0
2024-01-05 00:00:00-05:00,8.674076743003637,8.754467010498047,8.641920789337554,8.754467010498047,243300,0.0,0.0
2024-01-08 00:00:00-05:00,8.778584186247754,8.810740141386965,8.746428231108542,8.77054500579834,129100,0.0,0.0
2024-01-09 00:00:00-05:00,8.786623366697167,8.786623366697167,8.730349870209714,8.77054500579834,135500,0.0,0.0
2024-01-10 00:00:00-05:00,8.770544711490682,8.802700665550859,8.746427937610157,8.762505531311035,194400,0.0,0.0
2024-01-11 00:00:00-05:00,8.757150668299957,8.757150668299957,8.716683860112457,8.74905776977539,167000,0.073386,0.0
2024-01-12 00:00:00-05:00,8.749056651522706,8.765243218357856,8.716682745997613,8.740962982177734,150000,0.0,0.0
2024-01-16 00:00:00-05:00,8.716683062222199,8.757149866705529,8.61956057026871,8.635747909545898,210000,0.0,0.0
2024-01-17 00:00:00-05:00,8.530533615988192,8.619561677888434,8.530533615988192,8.587187767028809,202600,0.0,0.0
2024-01-18 00:00:00-05:00,8.611469918043953,8.627656489687192,8.514348172619457,8.530534744262695,177000,0.0,0.0
2024-01-19 00:00:00-05:00,8.554814824864808,8.554814824864808,8.457693081288449,8.522440910339355,254600,0.0,0.0
2024-01-22 00:00:00-05:00,8.562907065523834,8.611468315124512,8.546720496893528,8.611468315124512,165900,0.0,0.0
2024-01-23 00:00:00-05:00,8.611466556623306,8.627653121948242,8.579092654118714,8.627653121948242,107400,0.0,0.0
2024-01-24 00:00:00-05:00,8.67621660803022,8.684309506860696,8.627655355772763,8.643842697143555,122400,0.0,0.0
2024-01-25 00:00:00-05:00,8.676216759153734,8.757151151852662,8.651935746674615,8.716684341430664,193300,0.0,0.0
2024-01-26 00:00:00-05:00,8.72477564417805,8.757149549705703,8.676215171813965,8.676215171813965,121400,0.0,0.0
2024-01-29 00:00:00-05:00,8.716683219414586,8.789523931911047,8.716683219414586,8.773337364196777,196100,0.0,0.0
2024-01-30 00:00:00-05:00,8.829993104452464,8.854273346338433,8.789525520072536,8.813806533813477,190000,0.0,0.0
2024-01-31 00:00:00-05:00,8.870459392720619,8.886645960994498,8.846179154382371,8.86236572265625,162900,0.0,0.0
2024-02-01 00:00:00-05:00,8.870460027877925,8.902833938598633,8.846179787801123,8.902833938598633,188000,0.0,0.0
2024-02-02 00:00:00-05:00,8.862367324636375,8.870460996163773,8.829993410381782,8.83808708190918,138000,0.0,0.0
2024-02-05 00:00:00-05:00,8.7814302444458,8.79761681070474,8.732869001959452,8.7814302444458,223000,0.0,0.0
2024-02-06 00:00:00-05:00,8.813807000983614,8.84618091583252,8.805713329307634,8.84618091583252,245700,0.0,0.0
2024-02-07 00:00:00-05:00,8.8623684222857,8.878555767345382,8.846181849081114,8.85427474975586,138300,0.0,0.0
2024-02-08 00:00:00-05:00,8.83808661242501,8.83808661242501,8.78952535769522,8.805712699890137,130600,0.0,0.0
2024-02-09 00:00:00-05:00,8.797619188063683,8.813806530551652,8.74905870430972,8.75715160369873,184500,0.0,0.0
2024-02-12 00:00:00-05:00,8.773339414221265,8.805713329069295,8.765245742545504,8.789525985717773,287700,0.0,0.0
2024-02-13 00:00:00-05:00,8.716687141976713,8.716687141976713,8.441508420308546,8.514349937438965,617600,0.0,0.0
2024-02-14 00:00:00-05:00,8.517106989351724,8.574159910257753,8.427453509752478,8.484505653381348,347400,0.073386,0.0
2024-02-15 00:00:00-05:00,8.492654346992992,8.549706478296672,8.427451689138216,8.4682035446167,323100,0.0,0.0
2024-02-16 00:00:00-05:00,8.42745158744512,8.46005291597911,8.370399456829881,8.451902389526367,144000,0.0,0.0
2024-02-20 00:00:00-05:00,8.435604038064364,8.500806710005117,8.435604038064364,8.484505653381348,134600,0.0,0.0
2024-02-21 00:00:00-05:00,8.500804770965846,8.508954520141607,8.42745158744512,8.451902389526367,147100,0.0,0.0
2024-02-22 00:00:00-05:00,8.52525567592038,8.52525567592038,8.460053018065604,8.4682035446167,154700,0.0,0.0
2024-02-23 00:00:00-05:00,8.492655327305448,8.517106132504113,8.476354272321617,8.500805854797363,192300,0.0,0.0
2024-02-26 00:00:00-05:00,8.508958887870119,8.533410479779581,8.443756197332982,8.460057258605957,123200,0.0,0.0
2024-02-27 00:00:00-05:00,8.460053018065604,8.484503820441896,8.443751964963413,8.4682035446167,155300,0.0,0.0
2024-02-28 00:00:00-05:00,8.435605947500417,8.52525944739312,8.427455417343625,8.517108917236328,191600,0.0,0.0
2024-02-29 00:00:00-05:00,8.557860278698591,8.58231109042866,8.517108407630284,8.541559219360352,300700,0.0,0.0
2024-03-01 00:00:00-05:00,8.508954705004008,8.574158140765562,8.484503902391552,8.566007614135742,267100,0.0,0.0
2024-03-04 00:00:00-05:00,8.533408164978027,8.566009501403045,8.52525763655248,8.533408164978027,136800,0.0,0.0
2024-03-05 00:00:00-05:00,8.541557956022578,8.6230616861044,8.541557956022578,8.598610877990723,149800,0.0,0.0
2024-03-06 00:00:00-05:00,8.639361755638825,8.680112838745117,8.623060700574639,8.680112838745117,256100,0.0,0.0
2024-03-07 00:00:00-05:00,8.680112838745117,8.68826336627721,8.631211228106732,8.680112838745117,202500,0.0,0.0
2024-03-08 00:00:00-05:00,8.639362724740058,8.720865677372142,8.623061667847336,8.712715148925781,176500,0.0,0.0
2024-03-11 00:00:00-04:00,8.712717150726755,8.745318494725385,8.663815523367486,8.729018211364746,126400,0.0,0.0
2024-03-12 00:00:00-04:00,8.745317145259198,8.802370071411133,8.712715806291193,8.802370071411133,188600,0.0,0.0
2024-03-13 00:00:00-04:00,8.818669904294845,8.826820432942132,8.769768286965506,8.777918815612793,142000,0.0,0.0
2024-03-14 00:00:00-04:00,8.756077705550613,8.756077705550613,8.682221255322291,8.698634147644043,102700,0.073386,0.0
2024-03-15 00:00:00-04:00,8.68221990097935,8.747869894806026,8.641188459185262,8.723251342773438,130300,0.0,0.0
2024-03-18 00:00:00-04:00,8.756079291932178,8.78069785226529,8.715047836303711,8.715047836303711,179000,0.0,0.0
2024-03-19 00:00:00-04:00,8.75607681274414,8.75607681274414,8.731458259381505,8.75607681274414,146800,0.0,0.0
2024-03-20 00:00:00-04:00,8.780695366106775,8.797108256755,8.71504536873328,8.75607681274414,200600,0.0,0.0
2024-03-21 00:00:00-04:00,8.813521952807685,8.813521952807685,8.756078390408163,8.772490501403809,145500,0.0,0.0
2024-03-22 00:00:00-04:00,8.846348717566864,8.854555166002445,8.780698695302211,8.788905143737793,151200,0.0,0.0
2024-03-25 00:00:00-04:00,8.829934356743145,8.829934356743145,8.780696461267045,8.805315017700195,154300,0.0,0.0
2024-03-26 00:00:00-04:00,8.84634535234287,8.84634535234287,8.81352035369745,8.82172679901123,95200,0.0,0.0
2024-03-27 00:00:00-04:00,8.846346776021774,8.85455322265625,8.788903214800083,8.85455322265625,189200,0.0,0.0
2024-03-28 00:00:00-04:00,8.870965082152754,8.911995745324006,8.84634574511832,8.86275863647461,442900,0.0,0.0
2024-04-01 00:00:00-04:00,8.903789686929633,8.903789686929633,8.81352035369745,8.82172679901123,215200,0.0,0.0
2024-04-02 00:00:00-04:00,8.780696382705758,8.821727831467097,8.690427821518643,8.813521385192871,146600,0.0,0.0
2024-04-03 00:00:00-04:00,8.780696461267045,8.829934356743145,8.756077904833893,8.805315017700195,186100,0.0,0.0
2024-04-04 00:00:00-04:00,8.846346151115903,8.86275904322545,8.82172759556135,8.838140487670898,181500,0.0,0.0
2024-04-05 00:00:00-04:00,8.81352035369745,8.83813968963879,8.79710824567959,8.82172679901123,166400,0.0,0.0
2024-04-08 00:00:00-04:00,8.797109135878188,8.813521245556826,8.764284133911133,8.764284133911133,108500,0.0,0.0
2024-04-09 00:00:00-04:00,8.77249121514486,8.813522669887108,8.764285550284335,8.797110557556152,117200,0.0,0.0
2024-04-10 00:00:00-04:00,8.756077784813094,8.756077784813094,8.657602777820504,8.690427780151367,212600,0.0,0.0
2024-04-11 00:00:00-04:00,8.706839498531753,8.706839498531753,8.632983833565378,8.649395942687988,150300,0.0,0.0
2024-04-12 00:00:00-04:00,8.685250930203019,8.701778114571516,8.63566780090332,8.63566780090332,179800,0.073386,0.0
2024-04-15 00:00:00-04:00,8.602612604456384,8.61087659065113,8.478655963923583,8.511711120605469,187300,0.0,0.0
2024-04-16 00:00:00-04:00,8.445598754754638,8.528236232327876,8.404279621919564,8.4951810836792,149300,0.0,0.0
2024-04-17 00:00:00-04:00,8.495183702030976,8.519975662231445,8.470392529927658,8.519975662231445,176800,0.0,0.0
2024-04-18 00:00:00-04:00,8.553030263482103,8.553030263482103,8.48691995011833,8.511711120605469,84100,0.0,0.0
2024-04-19 00:00:00-04:00,8.553030821068253,8.553030821068253,8.519975662231445,8.519975662231445,79400,0.0,0.0
2024-04-22 00:00:00-04:00,8.544765616655525,8.594347953796387,8.51171046252927,8.594347953796387,93800,0.0,0.0
2024-04-23 00:00:00-04:00,8.553028806808223,8.652194259964928,8.553028806808223,8.627402305603027,116400,0.0,0.0
2024-04-24 00:00:00-04:00,8.61914087587754,8.61914087587754,8.55303056022014,8.577821731567383,108100,0.0,0.0
2024-04-25 00:00:00-04:00,8.528237435900945,8.528237435900945,8.445599946665242,8.453863143920898,132000,0.0,0.0
2024-04-26 00:00:00-04:00,8.511709208580342,8.553028342175265,8.486918043662156,8.528236389160156,102300,0.0,0.0
2024-04-29 00:00:00-04:00,8.51997319291871,8.553028342175265,8.511709208580342,8.528236389160156,109800,0.0,0.0
2024-04-30 00:00:00-04:00,8.528238860867782,8.536502847601273,8.486920503394638,8.519975662231445,130800,0.0,0.0
2024-05-01 00:00:00-04:00,8.536501084258322,8.594347403249419,8.519973902302434,8.56955623626709,106300,0.0,0.0
2024-05-02 00:00:00-04:00,8.56955703956777,8.586085011169962,8.528237898659354,8.53650188446045,93000,0.0,0.0
2024-05-03 00:00:00-04:00,8.619139108912693,8.643930275177627,8.586083957860458,8.627402305603027,84600,0.0,0.0
2024-05-06 00:00:00-04:00,8.635665654191794,8.685248771165789,8.619138473931734,8.676984786987305,93300,0.0,0.0
2024-05-07 00:00:00-04:00,8.701777458190918,8.734832612531644,8.676986289459634,8.701777458190918,177000,0.0,0.0
2024-05-08 00:00:00-04:00,8.643930991334663,8.718305284388407,8.643930991334663,8.65219497680664,143200,0.0,0.0
2024-05-09 00:00:00-04:00,8.652193465534863,8.685248613552028,8.627401513449318,8.643929481506348,164700,0.0,0.0
2024-05-10 00:00:00-04:00,8.610876630302023,8.64393178713612,8.602612644069223,8.63566780090332,100900,0.0,0.0
2024-05-13 00:00:00-04:00,8.668722159653568,8.668722159653568,8.643930991334663,8.65219497680664,71200,0.0,0.0
2024-05-14 00:00:00-04:00,8.655011177062988,8.66333349397839,8.630045019976603,8.655011177062988,112000,0.073386,0.0
2024-05-15 00:00:00-04:00,8.713267016096127,8.804810125538639,8.696622381473928,8.796487808227539,155700,0.0,0.0
2024-05-16 00:00:00-04:00,8.796486386363593,8.854741804465025,8.771520232125685,8.829774856567383,191300,0.0,0.0
2024-05-17 00:00:00-04:00,8.84642068675207,8.879709161464804,8.779843737326605,8.854743003845215,93800,0.0,0.0
2024-05-20 00:00:00-04:00,8.854743235745376,8.863064759396615,8.779843967265203,8.796487808227539,121600,0.0,0.0
2024-05-21 00:00:00-04:00,8.83809757232666,8.904674515745862,8.804809100617058,8.83809757232666,171200,0.0,0.0
2024-05-22 00:00:00-04:00,8.83809884793254,8.888031959533691,8.83809884793254,8.888031959533691,111800,0.0,0.0
2024-05-23 00:00:00-04:00,8.896354924441281,8.896354924441281,8.788167953491211,8.788167953491211,74300,0.0,0.0
2024-05-24 00:00:00-04:00,8.813134116505841,8.813134116505841,8.779845634599663,8.788167953491211,73800,0.0,0.0
2024-05-28 00:00:00-04:00,8.77984210913119,8.796485946571085,8.671654387962935,8.688298225402832,107600,0.0,0.0
2024-05-29 00:00:00-04:00,8.67997670351273,8.696620540952626,8.580111297894272,8.688298225402832,141300,0.0,0.0
2024-05-30 00:00:00-04:00,8.721588376902012,8.779843803332131,8.696622219094731,8.74655532836914,142200,0.0,0.0
2024-05-31 00:00:00-04:00,8.804807289811073,8.863061904907227,8.754874989345685,8.863061904907227,161400,0.0,0.0
2024-06-03 00:00:00-04:00,8.863064772366313,8.979574833912618,8.854743248702897,8.929641723632812,127900,0.0,0.0
2024-06-04 00:00:00-04:00,8.95460907478063,8.971252916509272,8.912998279969178,8.93796443939209,211500,0.0,0.0
2024-06-05 00:00:00-04:00,8.90467643737793,8.987898031441064,8.896354119239628,8.90467643737793,144100,0.0,0.0
2024-06-06 00:00:00-04:00,8.93796443939209,8.94628675708636,8.90467596227491,8.93796443939209,52600,0.0,0.0
2024-06-07 00:00:00-04:00,8.896353560132095,8.929642036933284,8.838098924144983,8.846421241760254,92000,0.0,0.0
2024-06-10 00:00:00-04:00,8.854744036916372,8.87971019744873,8.821455558319917,8.87971019744873,73000,0.0,0.0
2024-06-11 00:00:00-04:00,8.87971011892956,8.937964757543256,8.871387800939054,8.921320915222168,64900,0.0,0.0
2024-06-12 00:00:00-04:00,9.00454187397352,9.021186510249969,8.95460955246406,8.971253395080566,181800,0.0,0.0
2024-06-13 00:00:00-04:00,8.98789518605787,9.054472122767509,8.98789518605787,9.037827491760254,137900,0.0,0.0
2024-06-14 00:00:00-04:00,9.057424338496022,9.090939288908887,8.99039363861084,8.99039363861084,84200,0.073386,0.0
2024-06-17 00:00:00-04:00,8.956878733163522,9.032287571735905,8.948500594812833,8.998772621154785,133000,0.0,0.0
2024-06-18 00:00:00-04:00,8.982016629413595,9.065803616448733,8.982016629413595,9.023910522460938,94800,0.0,0.0
2024-06-20 00:00:00-04:00,9.007152535086265,9.040667489300949,8.973637580871582,8.973637580871582,123000,0.0,0.0
2024-06-21 00:00:00-04:00,8.982014457663318,8.998771531394855,8.873090681700592,8.889847755432129,226000,0.0,0.0
2024-06-24 00:00:00-04:00,8.86471179127983,8.923362748233417,8.86471179127983,8.898226737976074,158800,0.0,0.0
2024-06-25 00:00:00-04:00,8.956877694929661,9.007150514503707,8.856332854840929,8.898226737976074,117400,0.0,0.0
2024-06-26 00:00:00-04:00,8.856332871109968,8.931741701079883,8.847954733715037,8.873090744018555,159700,0.0,0.0
2024-06-27 00:00:00-04:00,8.881470731789666,8.965257709072539,8.881470731789666,8.948500633239746,131100,0.0,0.0
2024-06-28 00:00:00-04:00,9.032284577631417,9.049042446896651,8.91498268901153,8.923360824584961,214700,0.0,0.0
2024-07-01 00:00:00-04:00,8.906607627222705,8.931743642991215,8.789304888537098,8.847956657409668,196600,0.0,0.0
2024-07-02 00:00:00-04:00,8.873093586032548,8.898229604387025,8.76416977441699,8.839578628540039,174500,0.0,0.0
2024-07-03 00:00:00-04:00,8.856334686279297,8.898228578077854,8.822819732652356,8.856334686279297,60500,0.0,0.0
2024-07-05 00:00:00-04:00,8.889847801537174,8.914984610853876,8.856332854840929,8.898226737976074,151700,0.0,0.0
2024-07-08 00:00:00-04:00,8.881467749540251,8.931739759217576,8.864709880275017,8.923360824584961,123000,0.0,0.0
2024-07-09 00:00:00-04:00,8.940122538371599,8.956879615783691,8.889849708016257,8.956879615783691,141900,0.0,0.0
2024-07-10 00:00:00-04:00,8.965255895997869,9.082558599342706,8.948498823553916,9.049043655395508,234400,0.0,0.0
2024-07-11 00:00:00-04:00,9.07418070626332,9.183104486372464,9.07418070626332,9.149589538574219,197300,0.0,0.0
2024-07-12 00:00:00-04:00,9.18310359336374,9.216618537902832,9.16634572156454,9.216618537902832,200500,0.0,0.0
2024-07-15 00:00:00-04:00,9.177303279250333,9.211043332303866,9.151998440566764,9.168868064880371,145000,0.073386,0.0
2024-07-16 00:00:00-04:00,9.135123300166807,9.194168161450099,9.11825368455411,9.177298545837402,174700,0.0,0.0
2024-07-17 00:00:00-04:00,9.19417003686425,9.270085333671238,9.19417003686425,9.236345291137695,118900,0.0,0.0
2024-07-18 00:00:00-04:00,9.2363472043687,9.270087253891209,9.194171941359006,9.202607154846191,191800,0.0,0.0
2024-07-19 00:00:00-04:00,9.227911990881514,9.227911990881514,9.14356226928836,9.202607154846191,67700,0.0,0.0
2024-07-22 00:00:00-04:00,9.261650082952029,9.261650082952029,9.168865167481805,9.194169998168945,115000,0.0,0.0
2024-07-23 00:00:00-04:00,9.19417010989548,9.244780576310838,9.177300490707744,9.185735702514648,111000,0.0,0.0
2024-07-24 00:00:00-04:00,9.19417202519115,9.211042452319345,9.143562352659048,9.151997566223145,161000,0.0,0.0
2024-07-25 00:00:00-04:00,9.194169999412974,9.26165008420519,9.143560338031845,9.227910041809082,162600,0.0,0.0
2024-07-26 00:00:00-04:00,9.244781418399178,9.278521464274037,9.227910993248676,9.261651039123535,151700,0.0,0.0
2024-07-29 00:00:00-04:00,9.244778641019366,9.278518676757812,9.244778641019366,9.278518676757812,103000,0.0,0.0
2024-07-30 00:00:00-04:00,9.253218622330431,9.379743620483664,9.253218622330431,9.354438781738281,213900,0.0,0.0
2024-07-31 00:00:00-04:00,9.430351220623146,9.497831306274119,9.371305542358991,9.455656051635742,236900,0.0,0.0
2024-08-01 00:00:00-04:00,9.44722179006963,9.540007520492104,9.44722179006963,9.489397048950195,228500,0.0,0.0
2024-08-02 00:00:00-04:00,9.523137090029458,9.615922015975698,9.497832256485239,9.556877136230469,210500,0.0,0.0
2024-08-05 00:00:00-04:00,9.590616258862552,9.590616258862552,9.295391084140205,9.362871170043945,229100,0.0,0.0
2024-08-06 00:00:00-04:00,9.219474851370657,9.413479877561779,9.211039640381653,9.396610260009766,213600,0.0,0.0
2024-08-07 00:00:00-04:00,9.438784667556506,9.464090300420175,9.337564549379808,9.388175010681152,147300,0.0,0.0
2024-08-08 00:00:00-04:00,9.396614049264798,9.42191888801018,9.303828299821197,9.354438781738281,116400,0.0,0.0
2024-08-09 00:00:00-04:00,9.337566480164538,9.497832303736264,9.261651174728051,9.430352210998535,263600,0.0,0.0
2024-08-12 00:00:00-04:00,9.48095984481788,9.48095984481788,9.379739727421452,9.405044555664062,101500,0.0,0.0
2024-08-13 00:00:00-04:00,9.41348087210317,9.506266593933105,9.379740829008487,9.506266593933105,136200,0.0,0.0
2024-08-14 00:00:00-04:00,9.531573319048402,9.607488632202148,9.5062684828059,9.607488632202148,156300,0.0,0.0
2024-08-15 00:00:00-04:00,9.559423282709844,9.635830879211426,9.491505599073472,9.635830879211426,103900,0.073386,0.0
2024-08-16 00:00:00-04:00,9.63583118358016,9.678279129961712,9.610361444180013,9.627341270446777,138200,0.0,0.0
2024-08-19 00:00:00-04:00,9.593382667121208,9.669790267944336,9.593382667121208,9.669790267944336,81000,0.0,0.0
2024-08-20 00:00:00-04:00,9.678280866381785,9.75468847900547,9.669791761368016,9.703750610351562,145400,0.0,0.0
2024-08-21 00:00:00-04:00,9.703747894163943,9.788644588037862,9.669789054685856,9.771665573120117,148300,0.0,0.0
2024-08-22 00:00:00-04:00,9.771663810670555,9.822601655879067,9.669787310611074,9.695256233215332,144100,0.0,0.0
2024-08-23 00:00:00-04:00,9.754686397025408,9.780156135559082,9.678278800709688,9.780156135559082,88800,0.0,0.0
2024-08-26 00:00:00-04:00,9.780157050180692,9.788646154176483,9.720728464353789,9.754687309265137,136500,0.0,0.0
2024-08-27 00:00:00-04:00,9.763175804550581,9.848073309316762,9.737706876977771,9.839583396911621,120000,0.0,0.0
2024-08-28 00:00:00-04:00,9.839583906185686,9.865052835076709,9.754686397025408,9.780156135559082,170600,0.0,0.0
2024-08-29 00:00:00-04:00,9.737707519726728,9.848073959350586,9.729217606761202,9.848073959350586,121900,0.0,0.0
2024-08-30 00:00:00-04:00,9.84807405720972,9.915991742323497,9.729217703439275,9.890522003173828,157700,0.0,0.0
2024-09-03 00:00:00-04:00,9.85656292223215,9.85656292223215,9.754686397025408,9.780156135559082,148400,0.0,0.0
2024-09-04 00:00:00-04:00,9.74619631971842,9.941460263635012,9.737707216659762,9.924480438232422,124100,0.0,0.0
2024-09-05 00:00:00-04:00,9.856564512391875,10.077297424105321,9.831095579391949,10.026359558105469,167400,0.0,0.0
2024-09-06 00:00:00-04:00,9.975417937292692,10.119743197752586,9.975417937292692,10.051825523376465,208600,0.0,0.0
2024-09-09 00:00:00-04:00,10.026358293946847,10.145213839389298,10.026358293946847,10.102765083312988,126800,0.0,0.0
2024-09-10 00:00:00-04:00,10.10276372632605,10.204641051082266,10.10276372632605,10.136722564697266,148000,0.0,0.0
2024-09-11 00:00:00-04:00,10.145213310468336,10.238600730895996,10.13672339776716,10.238600730895996,139200,0.0,0.0
2024-09-12 00:00:00-04:00,10.272558772260025,10.272558772260025,10.119743594107248,10.162192344665527,228900,0.0,0.0
2024-09-13 00:00:00-04:00,10.213131768291777,10.213131768291777,10.111255237069932,10.145214080810547,213000,0.0,0.0
2024-09-16 00:00:00-04:00,10.14810763672257,10.182276316389155,10.096854209899902,10.096854209899902,188600,0.073386,0.0
2024-09-17 00:00:00-04:00,10.105392879790045,10.199356510773514,9.985802137464942,10.071224212646484,265300,0.0,0.0
2024-09-18 00:00:00-04:00,10.054140090942383,10.113935053619864,10.00288668390078,10.054140090942383,151700,0.0,0.0
2024-09-19 00:00:00-04:00,10.079769859812279,10.182275894565489,10.019974061888744,10.156649589538574,207700,0.0,0.0
2024-09-20 00:00:00-04:00,10.15664882704814,10.19935906067143,10.139564081882435,10.17373275756836,104900,0.0,0.0
2024-09-23 00:00:00-04:00,10.173730864160431,10.190815606146538,10.045598557845974,10.079767227172852,155400,0.0,0.0
2024-09-24 00:00:00-04:00,10.096850509342834,10.131019176486394,10.011429248806575,10.071224212646484,149200,0.0,0.0
2024-09-25 00:00:00-04:00,10.088314172160917,10.173735476885067,10.028518362743737,10.037060737609863,115900,0.0,0.0
2024-09-26 00:00:00-04:00,10.12247867877662,10.139562606811523,10.071225265381173,10.139562606811523,133400,0.0,0.0
2024-09-27 00:00:00-04:00,10.190818023258052,10.216444327670056,10.10539592235733,10.207901954650879,146000,0.0,0.0
2024-09-30 00:00:00-04:00,10.216442207961293,10.327490590233687,10.216442207961293,10.28477954864502,271000,0.0,0.0
2024-10-01 00:00:00-04:00,10.29332414132232,10.327492819038218,10.25915546360642,10.276239395141602,128200,0.0,0.0
2024-10-02 00:00:00-04:00,10.259154008736285,10.310406610719138,10.242069264978388,10.267696380615234,128400,0.0,0.0
2024-10-03 00:00:00-04:00,10.284779448170417,10.293321819333771,10.207899736990942,10.216442108154297,132700,0.0,0.0
2024-10-04 00:00:00-04:00,10.173730016297345,10.173730016297345,10.045597720661238,10.054140090942383,152000,0.0,0.0
2024-10-07 00:00:00-04:00,10.062683341384997,10.071225713104889,9.994345996916657,10.011430740356445,132400,0.0,0.0
2024-10-08 00:00:00-04:00,10.04560012913011,10.096852733814442,9.985804337471105,10.062684059143066,126200,0.0,0.0
2024-10-09 00:00:00-04:00,10.113937066800233,10.122479438781738,10.028514976276039,10.122479438781738,108200,0.0,0.0
2024-10-10 00:00:00-04:00,10.079770277389402,10.190818689967196,10.037059224144775,10.096854209899902,75700,0.0,0.0
2024-10-11 00:00:00-04:00,10.131020685853334,10.156647801013015,10.011430740356445,10.011430740356445,84800,0.0,0.0
2024-10-14 00:00:00-04:00,10.06268164657826,10.088308757421697,10.011429054181924,10.054140090942383,94500,0.0,0.0
2024-10-15 00:00:00-04:00,10.091436386108398,10.143011380103825,10.065649298989044,10.091436386108398,82100,0.073386,0.0
2024-10-16 00:00:00-04:00,10.134415626525879,10.16020271419327,10.08284063143436,10.134415626525879,95600,0.0,0.0
2024-10-17 00:00:00-04:00,10.117222795063654,10.117222795063654,9.988285739043418,10.039860725402832,206200,0.0,0.0
2024-10-18 00:00:00-04:00,10.014074752481896,10.160202952282642,10.014074752481896,10.100032806396484,106000,0.0,0.0
2024-10-21 00:00:00-04:00,10.100031153637433,10.125818237689334,9.910923957824707,9.910923957824707,108500,0.0,0.0
2024-10-22 00:00:00-04:00,9.945307243285795,9.996882232356977,9.859350021176013,9.876541137695312,144600,0.0,0.0
2024-10-23 00:00:00-04:00,9.859349713982565,9.885136797836372,9.773391674794386,9.790583610534668,148100,0.0,0.0
2024-10-24 00:00:00-04:00,9.816369510156608,9.859348524565776,9.781986462580578,9.824965476989746,116200,0.0,0.0
2024-10-25 00:00:00-04:00,9.893733024597168,9.893733024597168,9.833562067688295,9.893733024597168,90400,0.0,0.0
2024-10-28 00:00:00-04:00,9.910923919989965,9.928115855796685,9.850753784179688,9.850753784179688,115400,0.0,0.0
2024-10-29 00:00:00-04:00,9.799178305435158,9.842157323041464,9.704625122506547,9.781987190246582,130400,0.0,0.0
2024-10-30 00:00:00-04:00,9.807776715543016,9.885138802550145,9.781989626459566,9.833563804626465,89600,0.0,0.0
2024-10-31 00:00:00-04:00,9.85934928408636,10.100030635659596,9.790583183636864,9.996881484985352,300500,0.0,0.0
2024-11-01 00:00:00-04:00,10.022667841569511,10.0742428230483,9.824965522039944,9.885135650634766,129400,0.0,0.0
2024-11-04 00:00:00-05:00,9.902330477894552,9.979691743083336,9.89373450851021,9.945308685302734,98200,0.0,0.0
2024-11-05 00:00:00-05:00,9.945308162650814,10.031266212463379,9.87654205070345,10.031266212463379,90300,0.0,0.0
2024-11-06 00:00:00-05:00,9.910923919989965,9.928115855796685,9.824966700226229,9.850753784179688,135600,0.0,0.0
2024-11-07 00:00:00-05:00,9.850753821784732,9.93671186163323,9.816370769796656,9.910923957824707,139100,0.0,0.0
2024-11-08 00:00:00-05:00,9.96249844219061,9.988285524939258,9.876540406686342,9.919519424438477,104900,0.0,0.0
2024-11-11 00:00:00-05:00,9.885136836036507,9.945306971846785,9.850753784179688,9.850753784179688,98600,0.0,0.0
2024-11-12 00:00:00-05:00,9.833561636564017,9.833561636564017,9.721817335253725,9.730412483215332,116400,0.0,0.0
2024-11-13 00:00:00-05:00,9.747603419389112,9.756199386226115,9.558496247757624,9.592879295349121,198200,0.0,0.0
2024-11-14 00:00:00-05:00,9.644455690038729,9.65305083837886,9.584284733117986,9.601476669311523,108000,0.0,0.0
2024-11-15 00:00:00-05:00,9.569795737369565,9.63901661438818,9.543837289604129,9.561142921447754,86800,0.073386,0.0
2024-11-18 00:00:00-05:00,9.535186120702427,9.595754187019617,9.535186120702427,9.569796562194824,100000,0.0,0.0
2024-11-19 00:00:00-05:00,9.587101112027714,9.621711552587533,9.569796304336801,9.578448295593262,93800,0.0,0.0
2024-11-20 00:00:00-05:00,9.647669176712899,9.647669176712899,9.543837855033443,9.578448295593262,125200,0.0,0.0
2024-11-21 00:00:00-05:00,9.552491453959343,9.716890853790746,9.552491453959343,9.690933227539062,150300,0.0,0.0
2024-11-22 00:00:00-05:00,9.682280799380651,9.716891244166053,9.630365544791596,9.673628807067871,75000,0.0,0.0
2024-11-25 00:00:00-05:00,9.699584338972569,9.777458029211283,9.587100211425303,9.630363464355469,208400,0.0,0.0
2024-11-26 00:00:00-05:00,9.639016874656283,9.639016874656283,9.491922300725468,9.543837547302246,182500,0.0,0.0
2024-11-27 00:00:00-05:00,9.595753335802119,9.673627028546516,9.561142897379936,9.664974212646484,142000,0.0,0.0
2024-11-29 00:00:00-05:00,9.716890511432906,9.768806587285159,9.699585702934176,9.760153770446777,94300,0.0,0.0
2024-12-02 00:00:00-05:00,9.708238861825558,9.742849305220489,9.66497560128738,9.690933227539062,116200,0.0,0.0
2024-12-03 00:00:00-05:00,9.734195013072897,9.777458267055474,9.67362695260405,9.716889381408691,97100,0.0,0.0
2024-12-04 00:00:00-05:00,9.656322654653795,9.716890723488195,9.656322654653795,9.699585914611816,104400,0.0,0.0
2024-12-05 00:00:00-05:00,9.673628288708223,9.751501991597053,9.64766983762658,9.699585914611816,109000,0.0,0.0
2024-12-06 00:00:00-05:00,9.699586044682311,9.829375001118782,9.682280410395816,9.690933227539062,156800,0.0,0.0
2024-12-09 00:00:00-05:00,9.656321883297052,9.751501212637288,9.656321883297052,9.74284839630127,156100,0.0,0.0
2024-12-10 00:00:00-05:00,9.742847699916535,9.768805321891247,9.708237262224278,9.725542068481445,91500,0.0,0.0
2024-12-11 00:00:00-05:00,9.760152506173702,9.760152506173702,9.708237262224278,9.725542068481445,135200,0.0,0.0
2024-12-12 00:00:00-05:00,9.708237414237445,9.725542220765574,9.578447651975768,9.613058090209961,147300,0.0,0.0
2024-12-13 00:00:00-05:00,9.639018973071527,9.656323783971724,9.578450071975476,9.587102890014648,148400,0.0,0.0
2024-12-16 00:00:00-05:00,9.572630530456536,9.624892756173088,9.563920021057129,9.563920021057129,138000,0.073386,0.0
2024-12-17 00:00:00-05:00,9.546500149343846,9.581341357416346,9.468107223510742,9.468107223510742,123700,0.0,0.0
2024-12-18 00:00:00-05:00,9.468104213145091,9.511655917058516,9.250346524257635,9.285187721252441,384700,0.0,0.0
2024-12-19 00:00:00-05:00,9.267768625868914,9.320030012155303,9.032589895540887,9.058720588684082,376900,0.0,0.0
2024-12-20 00:00:00-05:00,9.093563241640148,9.20679737091255,9.067432544324944,9.198087692260742,238800,0.0,0.0
2024-12-23 00:00:00-05:00,9.250347755281329,9.259058263359128,9.180665352018476,9.215506553649902,172500,0.0,0.0
2024-12-24 00:00:00-05:00,9.119693805960228,9.232927923267217,9.119693805960228,9.224217414855957,104900,0.0,0.0
2024-12-26 00:00:00-05:00,9.259058263359128,9.267768771436927,9.171954843940677,9.215506553649902,237800,0.0,0.0
2024-12-27 00:00:00-05:00,9.154535562582243,9.180666258716583,9.076142643499374,9.110983848571777,197000,0.0,0.0
2024-12-30 00:00:00-05:00,9.076141373630664,9.128402758587303,9.00645897323532,9.050010681152344,484900,0.0,0.0
2024-12-31 00:00:00-05:00,9.023880420550844,9.137114544706115,9.023880420550844,9.110983848571777,194700,0.0,0.0
2025-01-02 00:00:00-05:00,9.128402371204464,9.163244400603277,9.05871997376624,9.093561172485352,123800,0.0,0.0
2025-01-03 00:00:00-05:00,9.128402371204464,9.14582338590387,9.041299789746533,9.093561172485352,120200,0.0,0.0
2025-01-06 00:00:00-05:00,9.067431467833556,9.067431467833556,8.945487674386593,9.041300773620605,217700,0.0,0.0
2025-01-07 00:00:00-05:00,9.015169422342202,9.041300114650632,8.89322480710331,8.945487022399902,208700,0.0,0.0
2025-01-08 00:00:00-05:00,8.901934097904947,9.015168190002441,8.89322359143292,9.015168190002441,117900,0.0,0.0
2025-01-10 00:00:00-05:00,8.884514808654785,8.928066518784814,8.867094623010642,8.884514808654785,157300,0.0,0.0
2025-01-13 00:00:00-05:00,8.867094888916977,8.90193609192986,8.788701974468037,8.840963363647461,176600,0.0,0.0
2025-01-14 00:00:00-05:00,8.84967360668672,8.893225316816746,8.79741221907451,8.884514808654785,118400,0.0,0.0
2025-01-15 00:00:00-05:00,8.975218758916993,9.098047083831123,8.975218758916993,9.089273452758789,193700,0.073386,0.0
2025-01-16 00:00:00-05:00,9.106820852063867,9.150688171386719,9.01031341891321,9.150688171386719,150000,0.0,0.0
2025-01-17 00:00:00-05:00,9.203329859556643,9.203329859556643,9.089275144486582,9.133142471313477,70100,0.0,0.0
2025-01-21 00:00:00-05:00,9.168236174823866,9.203329868981386,9.133142480666345,9.19455623626709,124000,0.0,0.0
2025-01-22 00:00:00-05:00,9.194556010818223,9.212103275816562,9.124368624224164,9.177009582519531,123300,0.0,0.0
2025-01-23 00:00:00-05:00,9.124368667602539,9.203329687071157,9.08050217829744,9.124368667602539,122200,0.0,0.0
2025-01-24 00:00:00-05:00,9.159461975097656,9.168235607268826,9.098048223298699,9.159461975097656,127200,0.0,0.0
2025-01-27 00:00:00-05:00,9.15946254210957,9.220877134409982,9.141916113380642,9.19455623626709,91700,0.0,0.0
2025-01-28 00:00:00-05:00,9.150688742248471,9.220876122863835,9.150688742248471,9.185782432556152,109100,0.0,0.0
2025-01-29 00:00:00-05:00,9.159461748558849,9.238422762747222,9.133141689395924,9.141915321350098,90900,0.0,0.0
2025-01-30 00:00:00-05:00,9.168235736655289,9.24719675391092,9.159462104360301,9.220876693725586,138800,0.0,0.0
2025-01-31 00:00:00-05:00,9.291064874735985,9.334932203269807,9.229651116808457,9.273517608642578,181700,0.0,0.0
2025-02-03 00:00:00-05:00,9.23842233861403,9.299836922774125,9.21210228065945,9.229649543762207,175900,0.0,0.0
2025-02-04 00:00:00-05:00,9.229650722539915,9.299838110515912,9.229650722539915,9.247197151184082,101000,0.0,0.0
2025-02-05 00:00:00-05:00,9.308609525810114,9.352476845963508,9.299836731139067,9.334930419921875,101000,0.0,0.0
2025-02-06 00:00:00-05:00,9.370025680201309,9.405119374869866,9.255970963353578,9.317384719848633,183700,0.0,0.0
2025-02-07 00:00:00-05:00,9.317381831327996,9.326155461450105,9.220874410083052,9.25596809387207,100700,0.0,0.0
2025-02-10 00:00:00-05:00,9.299836575175764,9.299836575175764,9.185781879369513,9.212101936340332,106500,0.0,0.0
2025-02-11 00:00:00-05:00,9.194555978636359,9.299837894858596,9.185783182867542,9.291064262390137,122500,0.0,0.0
2025-02-12 00:00:00-05:00,9.177009807538163,9.247197195853204,9.133142480666345,9.19455623626709,135600,0.0,0.0
2025-02-13 00:00:00-05:00,9.238422393798828,9.299836978325777,9.20332870408324,9.238422393798828,146700,0.0,0.0
2025-02-14 00:00:00-05:00,9.30325984954834,9.347435042210208,9.267919863933189,9.30325984954834,137800,0.073386,0.0
2025-02-18 00:00:00-05:00,9.32093015702488,9.32093015702488,9.267919757922654,9.285590171813965,90000,0.0,0.0
2025-02-19 00:00:00-05:00,9.259082941760937,9.267918147171047,9.197238189033296,9.214908599853516,171400,0.0,0.0
2025-02-20 00:00:00-05:00,9.214908709129697,9.285588668105616,9.214908709129697,9.23257827758789,134800,0.0,0.0
2025-02-21 00:00:00-05:00,9.259084595207721,9.329765408538904,9.232579816815848,9.241415023803711,132200,0.0,0.0
2025-02-24 00:00:00-05:00,9.276755392365263,9.338600158691406,9.267920185012459,9.338600158691406,162000,0.0,0.0
2025-02-25 00:00:00-05:00,9.356268369467992,9.444617894469506,9.347433164196374,9.40927791595459,162100,0.0,0.0
2025-02-26 00:00:00-05:00,9.409276931127614,9.47995688075969,9.391607365005326,9.453452110290527,75000,0.0,0.0
2025-02-27 00:00:00-05:00,9.418114879736525,9.47995964304213,9.400445308465654,9.435785293579102,131900,0.0,0.0
2025-02-28 00:00:00-05:00,9.488794587640083,9.524134571776536,9.462289810180664,9.462289810180664,164300,0.0,0.0
2025-03-03 00:00:00-05:00,9.426950527711679,9.621320876215396,9.426950527711679,9.594815254211426,208900,0.0,0.0
2025-03-04 00:00:00-05:00,9.568308500593506,9.585978911616964,9.488793336131092,9.532968521118164,160000,0.0,0.0
2025-03-05 00:00:00-05:00,9.49762728945344,9.524132059922604,9.453452110290527,9.453452110290527,137000,0.0,0.0
2025-03-06 00:00:00-05:00,9.479957504173969,9.479957504173969,9.400443187537515,9.418112754821777,205600,0.0,0.0
2025-03-07 00:00:00-05:00,9.453453321227565,9.479958095091849,9.418113341884663,9.426948547363281,103500,0.0,0.0
2025-03-10 00:00:00-04:00,9.426948547363281,9.488793300570466,9.426948547363281,9.426948547363281,100600,0.0,0.0
2025-03-11 00:00:00-04:00,9.391608347982906,9.444617894469506,9.391608347982906,9.40927791595459,101300,0.0,0.0
2025-03-12 00:00:00-04:00,9.435785032721247,9.497629794317117,9.382774635230726,9.462289810180664,114500,0.0,0.0
2025-03-13 00:00:00-04:00,9.48879421914404,9.48879421914404,9.418114253615983,9.471124649047852,155000,0.0,0.0
2025-03-14 00:00:00-04:00,9.49192882143592,9.518616293599793,9.447449135576498,9.500824928283691,88700,0.073386,0.0
2025-03-17 00:00:00-04:00,9.491929138366267,9.500825245511077,9.42965808511155,9.456345558166504,124000,0.0,0.0
2025-03-18 00:00:00-04:00,9.483032377417814,9.509719848632812,9.456344906202816,9.509719848632812,72600,0.0,0.0
2025-03-19 00:00:00-04:00,9.536409292205096,9.571992874145508,9.48303349510472,9.571992874145508,96600,0.0,0.0
2025-03-20 00:00:00-04:00,9.5986770593332,9.607573163864759,9.500822454623723,9.518613815307617,72900,0.0,0.0
2025-03-21 00:00:00-04:00,9.571993576774187,9.571993576774187,9.51861777575578,9.545305252075195,38100,0.0,0.0
2025-03-24 00:00:00-04:00,9.571992874145508,9.571992874145508,9.518617077045134,9.571992874145508,73800,0.0,0.0
2025-03-25 00:00:00-04:00,9.580889685007183,9.607577161326597,9.509721667522783,9.545305252075195,104100,0.0,0.0
2025-03-26 00:00:00-04:00,9.554199532910753,9.554199532910753,9.491928483949286,9.509719848632812,80900,0.0,0.0
2025-03-27 00:00:00-04:00,9.536407057480686,9.536407057480686,9.47413516739288,9.483031272888184,62400,0.0,0.0
2025-03-28 00:00:00-04:00,9.518614950054975,9.607574309217272,9.518614950054975,9.580886840820312,99000,0.0,0.0
2025-03-31 00:00:00-04:00,9.652055740356445,9.705430686836314,9.61647215991004,9.652055740356445,140000,0.0,0.0
2025-04-01 00:00:00-04:00,9.625366999009847,9.73211773569405,9.6075756337522,9.696534156799316,65900,0.0,0.0
2025-04-02 00:00:00-04:00,9.741014014686128,9.758806228637695,9.696534328186665,9.758806228637695,108100,0.0,0.0
2025-04-03 00:00:00-04:00,9.723219954868414,9.785490989685059,9.696531641336234,9.785490989685059,182000,0.0,0.0
2025-04-04 00:00:00-04:00,9.7588054396037,9.785492909993819,9.340697777721372,9.358489990234375,254500,0.0,0.0
2025-04-07 00:00:00-04:00,9.260634496334848,9.32290554322475,8.993757247924805,8.993757247924805,218300,0.0,0.0
2025-04-08 00:00:00-04:00,9.082715184223602,9.305112714837913,8.984860576169837,9.011548042297363,192900,0.0,0.0
2025-04-09 00:00:00-04:00,8.895901484983206,9.198362271213318,8.753567196964159,9.136091232299805,352300,0.0,0.0
2025-04-10 00:00:00-04:00,9.029341306174157,9.144988148267213,8.86031952057934,8.878110885620117,164400,0.0,0.0
2025-04-11 00:00:00-04:00,8.878110189652254,8.958173447008052,8.709088417307298,8.90479850769043,216200,0.0,0.0
2025-04-14 00:00:00-04:00,9.07381907938801,9.082715184223602,8.922588690699937,9.011548042297363,101400,0.0,0.0
2025-04-15 00:00:00-04:00,9.059388212204222,9.2654875052025,9.032505992968044,9.086271286010742,79700,0.073386,0.0
2025-04-16 00:00:00-04:00,9.122111297551266,9.140032485835137,9.041463813848743,9.06834602355957,92400,0.0,0.0
2025-04-17 00:00:00-04:00,9.050425489456916,9.131072124418687,9.041464467382243,9.07730770111084,87800,0.0,0.0
2025-04-21 00:00:00-04:00,9.09523119122241,9.09523119122241,8.916014977248778,8.960819244384766,110400,0.0,0.0
2025-04-22 00:00:00-04:00,9.032504081726074,9.122112599646318,9.005621868178066,9.032504081726074,100100,0.0,0.0
2025-04-23 00:00:00-04:00,9.193797782951481,9.256523223957862,9.122111320495605,9.122111320495605,210400,0.0,0.0
2025-04-24 00:00:00-04:00,9.175878783239463,9.256526293891639,9.175878783239463,9.247565269470215,86600,0.0,0.0
2025-04-25 00:00:00-04:00,9.292369495083443,9.337173762418105,9.220683009176113,9.32821273803711,62200,0.0,0.0
2025-04-28 00:00:00-04:00,9.319250449394836,9.355093687485963,9.247563973212586,9.283407211303711,82800,0.0,0.0
2025-04-29 00:00:00-04:00,9.319250418761422,9.417819964115663,9.274447012222442,9.364054679870605,131500,0.0,0.0
2025-04-30 00:00:00-04:00,9.364056588948923,9.453665129436049,9.31925231870536,9.417821884155273,118400,0.0,0.0
2025-05-01 00:00:00-04:00,9.435741468658394,9.444702492091372,9.355093966902045,9.408859252929688,105600,0.0,0.0
2025-05-02 00:00:00-04:00,9.417820877189772,9.417820877189772,9.35509456372741,9.390937805175781,45700,0.0,0.0
2025-05-05 00:00:00-04:00,9.390937805175781,9.426781901194436,9.301330128839998,9.390937805175781,63500,0.0,0.0
2025-05-06 00:00:00-04:00,9.381976726142359,9.417819964115663,9.30132922705987,9.364054679870605,105200,0.0,0.0
2025-05-07 00:00:00-04:00,9.399898829180446,9.462625142642805,9.35509456372741,9.390937805175781,99100,0.0,0.0
2025-05-08 00:00:00-04:00,9.426781299795644,9.471584707820078,9.364054990335024,9.408859252929688,110700,0.0,0.0
2025-05-09 00:00:00-04:00,9.417820877189772,9.480546336081849,9.381977635741402,9.390937805175781,55500,0.0,0.0
2025-05-12 00:00:00-04:00,9.417821184211588,9.462625451125245,9.364055893001137,9.435742378234863,103100,0.0,0.0
2025-05-13 00:00:00-04:00,9.444702178953092,9.444702178953092,9.319250418761422,9.364054679870605,109100,0.0,0.0
2025-05-14 00:00:00-04:00,9.364056238786608,9.417821531982444,9.328212994846165,9.39989948272705,175600,0.0,0.0
2025-05-15 00:00:00-04:00,9.430026054382324,9.466121814127115,9.40295444972143,9.430026054382324,77000,0.073386,0.0
2025-05-16 00:00:00-04:00,9.475146579375265,9.484170735040284,9.37588344883261,9.402955055236816,109800,0.0,0.0
2025-05-19 00:00:00-04:00,9.123211770784778,9.123211770784778,8.960781280367579,9.041996955871582,1623200,0.0,0.0
2025-05-20 00:00:00-04:00,8.906637137026335,9.204427371046153,8.906637137026335,9.177355766296387,340800,0.0,0.0
2025-05-21 00:00:00-04:00,9.177354834578797,9.177354834578797,9.096139167984004,9.159306526184082,163300,0.0,0.0
2025-05-22 00:00:00-04:00,9.150285429498387,9.267596880457576,9.123212960406402,9.222476959228516,110800,0.0,0.0
2025-05-23 00:00:00-04:00,9.312715504950766,9.366859580008077,9.249548134542968,9.330763816833496,591600,0.0,0.0
2025-05-27 00:00:00-04:00,9.105163405216036,9.123210853184624,8.996876135632355,9.005899429321289,525000,0.0,0.0
2025-05-28 00:00:00-04:00,9.032973924867216,9.041998081177592,8.951758239255659,8.98785400390625,210400,0.0,0.0
2025-05-29 00:00:00-04:00,8.987853715326297,9.06004524230957,8.987853715326297,9.06004524230957,317400,0.0,0.0
2025-05-30 00:00:00-04:00,9.060044611522184,9.114188683285407,9.032973005935983,9.105164527893066,233300,0.0,0.0
2025-06-02 00:00:00-04:00,9.060044740105592,9.087116346076003,8.933709144592285,8.933709144592285,125000,0.0,0.0
2025-06-03 00:00:00-04:00,8.969804674826161,8.978828830113919,8.852494098448574,8.888589859008789,158400,0.0,0.0
2025-06-04 00:00:00-04:00,8.906638755971798,8.933710365642327,8.870542989547442,8.87956714630127,137700,0.0,0.0
2025-06-05 00:00:00-04:00,8.879564719488164,8.888588873775662,8.753229141235352,8.753229141235352,162000,0.0,0.0
2025-06-06 00:00:00-04:00,8.753230498841356,8.753230498841356,8.626895761585034,8.662991523742676,296700,0.0,0.0
2025-06-09 00:00:00-04:00,8.617871918382182,8.662991837862998,8.563727842887028,8.572751998901367,255000,0.0,0.0
2025-06-10 00:00:00-04:00,8.57275090556575,8.644942423291672,8.57275090556575,8.608846664428711,315200,0.0,0.0
2025-06-11 00:00:00-04:00,8.653966162207304,8.726157676463385,8.617870405079264,8.717133522033691,321900,0.0,0.0
2025-06-12 00:00:00-04:00,8.780303170012647,8.91566293996069,8.744207403478027,8.861518859863281,384300,0.0,0.0
2025-06-13 00:00:00-04:00,8.920622833505963,8.95699638679674,8.866062069962837,8.893342018127441,199200,0.075,0.0
2025-06-16 00:00:00-04:00,8.938811413493655,8.938811413493655,8.784223556518555,8.784223556518555,220700,0.0,0.0
2025-06-17 00:00:00-04:00,8.829690726313725,8.838784333715585,8.784223556518555,8.784223556518555,202000,0.0,0.0
2025-06-18 00:00:00-04:00,8.820597220817914,8.820597220817914,8.720570139884213,8.756943702697754,257500,0.0,0.0
2025-06-20 00:00:00-04:00,8.77512941775607,8.77512941775607,8.684195950886158,8.747849464416504,316700,0.0,0.0
2025-06-23 00:00:00-04:00,8.775130271911621,8.81150383564294,8.729663967658096,8.775130271911621,287000,0.0,0.0
2025-06-24 00:00:00-04:00,8.80241255541751,8.866066085703727,8.775131727682579,8.838786125183105,236900,0.0,0.0
2025-06-25 00:00:00-04:00,8.838786125183105,8.866066085703727,8.820598906693153,8.838786125183105,273900,0.0,0.0
2025-06-26 00:00:00-04:00,8.86606439455877,8.893344349875912,8.820597224220768,8.85697078704834,459500,0.0,0.0
2025-06-27 00:00:00-04:00,8.829691035352987,8.838784643073122,8.756943908020217,8.802411079406738,916000,0.0,0.0
2025-06-30 00:00:00-04:00,8.82969251593813,8.847878867213772,8.784225336927555,8.838786125183105,575800,0.0,0.0
2025-07-01 00:00:00-04:00,8.838783166591709,8.866063117980957,8.811502347988444,8.866063117980957,413100,0.0,0.0
2025-07-02 00:00:00-04:00,8.875158002069197,8.875158002069197,8.811503616710338,8.85697078704834,307300,0.0,0.0
2025-07-03 00:00:00-04:00,8.856972997724817,8.875160217285156,8.820599425818498,8.875160217285156,787600,0.0,0.0
2025-07-07 00:00:00-04:00,8.829691463679454,8.829691463679454,8.756944332817737,8.766037940979004,295400,0.0,0.0
2025-07-08 00:00:00-04:00,8.78422429008733,8.811504247356922,8.729664375548145,8.766037940979004,330300,0.0,0.0
2025-07-09 00:00:00-04:00,8.829691035352987,8.829691035352987,8.74785030030008,8.802411079406738,220500,0.0,0.0
2025-07-10 00:00:00-04:00,8.775130256246326,8.847877383579096,8.775130256246326,8.802411079406738,414600,0.0,0.0
2025-07-11 00:00:00-04:00,8.811502341260379,8.820595947454523,8.720568880960982,8.738755226135254,215600,0.0,0.0
2025-07-14 00:00:00-04:00,8.738757543943093,8.756944761155236,8.711477585339127,8.72966480255127,298200,0.0,0.0
2025-07-15 00:00:00-04:00,8.798399459093567,8.798399459093567,8.706749118752883,8.725079536437988,330100,0.075,0.0
2025-07-16 00:00:00-04:00,8.752576676652986,8.761741887995838,8.670091522652653,8.734246253967285,301400,0.0,0.0
2025-07-17 00:00:00-04:00,8.752576275070284,8.752576275070284,8.660925913932171,8.74341106414795,340800,0.0,0.0
2025-07-18 00:00:00-04:00,8.752577816778274,8.761743029315001,8.660927439496561,8.688422203063965,383900,0.0,0.0
2025-07-21 00:00:00-04:00,8.688420953859872,8.715916587516782,8.624266223412377,8.633431434631348,454100,0.0,0.0
2025-07-22 00:00:00-04:00,8.679256511397373,8.697586059570312,8.633431329901066,8.697586059570312,296800,0.0,0.0
2025-07-23 00:00:00-04:00,8.660926017145867,8.697585987229472,8.660926017145867,8.679256439208984,343400,0.0,0.0
2025-07-24 00:00:00-04:00,8.69758741560069,8.69758741560069,8.660927439496561,8.688422203063965,290600,0.0,0.0
2025-07-25 00:00:00-04:00,8.734245804054009,8.734245804054009,8.633431106603743,8.66092586517334,350700,0.0,0.0
2025-07-28 00:00:00-04:00,8.697585883578892,8.74341106414795,8.679256335776842,8.74341106414795,407400,0.0,0.0
2025-07-29 00:00:00-04:00,8.770906929894304,8.789237354052553,8.74341216769966,8.76174259185791,185800,0.0,0.0
2025-07-30 00:00:00-04:00,8.780072212219238,8.78923742437169,8.75257744980462,8.780072212219238,196600,0.0,0.0
2025-07-31 00:00:00-04:00,8.81673082689943,8.844225585073275,8.770905647247954,8.789236068725586,275300,0.0,0.0
2025-08-01 00:00:00-04:00,8.844224855370971,8.853390065353603,8.798400553542884,8.825895309448242,246200,0.0,0.0
2025-08-04 00:00:00-04:00,8.835060519430872,8.835060519430872,8.798400553542884,8.825895309448242,197400,0.0,0.0
2025-08-05 00:00:00-04:00,8.825896815431028,8.853391576027882,8.807566392338007,8.835062026977539,244800,0.0,0.0
2025-08-06 00:00:00-04:00,8.862555178781395,8.890049934387207,8.825895213292805,8.890049934387207,257600,0.0,0.0
2025-08-07 00:00:00-04:00,8.926709899875798,8.926709899875798,8.88088472450443,8.890049934387207,298600,0.0,0.0
2025-08-08 00:00:00-04:00,8.890050260459489,8.890050260459489,8.844225083407329,8.862555503845215,148500,0.0,0.0
2025-08-11 00:00:00-04:00,8.86255557765855,8.899215544797096,8.853390367363273,8.880885124206543,180200,0.0,0.0
2025-08-12 00:00:00-04:00,8.890050260459489,8.890050260459489,8.798400780397722,8.862555503845215,370400,0.0,0.0
2025-08-13 00:00:00-04:00,8.89005048778888,8.899215698242188,8.853390520018221,8.899215698242188,239400,0.0,0.0
2025-08-14 00:00:00-04:00,8.890050031241591,8.945040417094843,8.825895309448242,8.825895309448242,446700,0.0,0.0
2025-08-15 00:00:00-04:00,8.876700063289311,8.88593721578875,8.830516062598802,8.848989486694336,318500,0.075,0.0
2025-08-18 00:00:00-04:00,8.876698763482889,8.876698763482889,8.802803316114495,8.821277618408203,258800,0.0,0.0
2025-08-19 00:00:00-04:00,8.867463111877441,8.867463111877441,8.802803930241739,8.867463111877441,302800,0.0,0.0
2025-08-20 00:00:00-04:00,8.876700063289311,8.88593721578875,8.82127891009936,8.848989486694336,354700,0.0,0.0
2025-08-21 00:00:00-04:00,8.858226501978336,8.867463654334692,8.821278773456246,8.839752197265625,162200,0.0,0.0
2025-08-22 00:00:00-04:00,8.830514501431985,8.90440994655667,8.830514501431985,8.87669849395752,163200,0.0,0.0
2025-08-25 00:00:00-04:00,8.913646697998047,8.913646697998047,8.858225551612508,8.913646697998047,314400,0.0,0.0
2025-08-26 00:00:00-04:00,8.932119838892795,8.932119838892795,8.8859349689768,8.895172119140625,339200,0.0,0.0
2025-08-27 00:00:00-04:00,8.895174163631053,8.904411315917969,8.867463587673633,8.904411315917969,289500,0.0,0.0
2025-08-28 00:00:00-04:00,8.941357816658567,8.969068388811772,8.895172942467752,8.959831237792969,367800,0.0,0.0
2025-08-29 00:00:00-04:00,8.95983109924022,8.978305400992147,8.941357678391487,8.950593948364258,350600,0.0,0.0
2025-09-02 00:00:00-04:00,8.88593578338623,8.932120657535139,8.821277488119682,8.88593578338623,408800,0.0,0.0
2025-09-03 00:00:00-04:00,8.90440994655667,8.913646216519863,8.867462223994327,8.87669849395752,336100,0.0,0.0
2025-09-04 00:00:00-04:00,8.904409955790829,8.950593948364258,8.885935654038903,8.950593948364258,347800,0.0,0.0
2025-09-05 00:00:00-04:00,8.95983138291906,9.042963981628418,8.95983138291906,9.042963981628418,485100,0.0,0.0
2025-09-08 00:00:00-04:00,9.061439238666283,9.135334693992744,9.061439238666283,9.116860389709473,490700,0.0,0.0
2025-09-09 00:00:00-04:00,9.135334693992744,9.135334693992744,9.015254358861418,9.116860389709473,485000,0.0,0.0
2025-09-10 00:00:00-04:00,9.144569869843872,9.153807020879032,9.098385876474493,9.107622146606445,379000,0.0,0.0
2025-09-11 00:00:00-04:00,9.15380682499259,9.163043975830078,9.116859102545822,9.163043975830078,348300,0.0,0.0
2025-09-12 00:00:00-04:00,9.17228078227776,9.17228078227776,9.098385340158764,9.135333061218262,572700,0.0,0.0
2025-09-15 00:00:00-04:00,9.195832126494022,9.23306218013835,9.1679098081694,9.186524391174316,316100,0.075,0.0
2025-09-16 00:00:00-04:00,9.251676559448242,9.26098429456302,9.195831924028534,9.251676559448242,361900,0.0,0.0
2025-09-17 00:00:00-04:00,9.2702926739864,9.2702926739864,9.195832563161975,9.2237548828125,189200,0.0,0.0
2025-09-18 00:00:00-04:00,9.214447355100521,9.214447355100521,9.139987242594888,9.158602714538574,269400,0.0,0.0
2025-09-19 00:00:00-04:00,9.186525219679652,9.195832955838794,9.139987426518513,9.177217483520508,152200,0.0,0.0
2025-09-22 00:00:00-04:00,9.214447540522505,9.214447540522505,9.149295162677655,9.177217483520508,226900,0.0,0.0
2025-09-23 00:00:00-04:00,9.195831939950583,9.21444652257789,9.139986416799706,9.167909622192383,208400,0.0,0.0
2025-09-24 00:00:00-04:00,9.186525219679652,9.186525219679652,9.149295162677655,9.177217483520508,255700,0.0,0.0
2025-09-25 00:00:00-04:00,9.195832458550079,9.195832458550079,9.121372348572713,9.130680084228516,305500,0.0,0.0
2025-09-26 00:00:00-04:00,9.15860188706149,9.177216469688798,9.121371834172399,9.167909622192383,206700,0.0,0.0
2025-09-29 00:00:00-04:00,9.205140298923663,9.2237548828125,9.1772170916386,9.2237548828125,286900,0.0,0.0
2025-09-30 00:00:00-04:00,9.251676559448242,9.33544440021228,9.214446506623611,9.251676559448242,969000,0.0,0.0
2025-10-01 00:00:00-04:00,9.279601710597488,9.33544635772705,9.279601710597488,9.33544635772705,336600,0.0,0.0
2025-10-02 00:00:00-04:00,9.335445924994378,9.344753661629412,9.27029354381839,9.298215866088867,226500,0.0,0.0
2025-10-03 00:00:00-04:00,9.326139508295231,9.33544635772705,9.298216297095788,9.33544635772705,256800,0.0,0.0
2025-10-06 00:00:00-04:00,9.326138680534735,9.34475326538086,9.31683094429438,9.34475326538086,318000,0.0,0.0
2025-10-07 00:00:00-04:00,9.354060792728934,9.419213169687282,9.335445320663942,9.409905433654785,382400,0.0,0.0
2025-10-08 00:00:00-04:00,9.41921267233997,9.41921267233997,9.32613797983317,9.363368034362793,259700,0.0,0.0
2025-10-09 00:00:00-04:00,9.363368427093409,9.381983011321719,9.298215163207937,9.3168306350708,151600,0.0,0.0
2025-10-10 00:00:00-04:00,9.372674895807707,9.409904950391107,9.270292467611984,9.288907051086426,216500,0.0,0.0
2025-10-13 00:00:00-04:00,9.316831029772963,9.33544561478987,9.233063178110404,9.270293235778809,316700,0.0,0.0
2025-10-14 00:00:00-04:00,9.298215246287207,9.298215246287207,9.223755133439557,9.24237060546875,284300,0.0,0.0
2025-10-15 00:00:00-04:00,9.293951508699173,9.322086328860749,9.237681868376024,9.265816688537598,265000,0.075,0.0
2025-10-16 00:00:00-04:00,9.303330421447754,9.303330421447754,9.247059884670882,9.303330421447754,183900,0.0,0.0
2025-10-17 00:00:00-04:00,9.322086607683973,9.322086607683973,9.218925001079434,9.24705982208252,186400,0.0,0.0
2025-10-20 00:00:00-04:00,9.26581702839312,9.303330421447754,9.247059884670882,9.303330421447754,208100,0.0,0.0
2025-10-21 00:00:00-04:00,9.33146524264127,9.378357207557023,9.26581702839312,9.303330421447754,302000,0.0,0.0
2025-10-22 00:00:00-04:00,9.322086328860749,9.322086328860749,9.218924725341768,9.265816688537598,410300,0.0,0.0
2025-10-23 00:00:00-04:00,9.27519553747544,9.293951786680886,9.228303572877074,9.24705982208252,292000,0.0,0.0
2025-10-24 00:00:00-04:00,9.28457260131836,9.28457260131836,9.24705921099668,9.28457260131836,219600,0.0,0.0
2025-10-27 00:00:00-04:00,9.284573277725517,9.312708993308872,9.247059884670882,9.303330421447754,376900,0.0,0.0
2025-10-28 00:00:00-04:00,9.312708446727038,9.322086123647923,9.200168274168348,9.218924522399902,440300,0.0,0.0
2025-10-29 00:00:00-04:00,9.247060438211397,9.247060438211397,9.125141679888168,9.153277397155762,590200,0.0,0.0
2025-10-30 00:00:00-04:00,9.097005706107744,9.115762848579756,9.068870886789503,9.10638427734375,420400,0.0,0.0
2025-10-31 00:00:00-04:00,9.162655355399796,9.190790176391602,9.087627675438588,9.190790176391602,434000,0.0,0.0
2025-11-03 00:00:00-05:00,9.16265467165162,9.16265467165162,9.087626997289231,9.115762710571289,278100,0.0,0.0
2025-11-04 00:00:00-05:00,9.115761965785554,9.162653923034668,9.08762625480227,9.162653923034668,307300,0.0,0.0
2025-11-05 00:00:00-05:00,9.125140052602,9.162654335602204,9.115762376241682,9.13451862335205,289800,0.0,0.0
2025-11-06 00:00:00-05:00,9.190789153462623,9.190789153462623,9.115762376241682,9.13451862335205,356700,0.0,0.0
2025-11-07 00:00:00-05:00,9.134518761015904,9.134518761015904,9.059491982664255,9.125140190124512,279100,0.0,0.0
2025-11-10 00:00:00-05:00,9.13451909666199,9.13451909666199,9.059492315553497,9.10638427734375,262200,0.0,0.0
2025-11-11 00:00:00-05:00,9.125140802582306,9.125140802582306,9.068871162236757,9.087627410888672,287900,0.0,0.0
2025-11-12 00:00:00-05:00,9.087628284587934,9.162655969578294,9.087628284587934,9.153277397155762,281200,0.0,0.0
2025-11-13 00:00:00-05:00,9.115763742351788,9.125141420117467,9.050114631652832,9.050114631652832,207000,0.0,0.0
2025-11-14 00:00:00-05:00,9.083193755095772,9.09264578628975,9.026483370722527,9.035935401916504,174800,0.075,0.0
2025-11-17 00:00:00-05:00,9.06429083507086,9.092646028011286,9.007579547794677,9.073742866516113,269000,0.0,0.0
2025-11-18 00:00:00-05:00,9.026485545648928,9.083195943686512,8.96977424621582,8.96977424621582,202800,0.0,0.0
2025-11-19 00:00:00-05:00,9.017032872592104,9.026484905393103,8.875255986158969,8.903611183166504,505300,0.0,0.0
2025-11-20 00:00:00-05:00,8.95087061348974,8.95087061348974,8.875256152455874,8.894159317016602,450700,0.0,0.0
2025-11-21 00:00:00-05:00,8.950870295145114,8.969773459033535,8.913063065972823,8.960321426391602,304600,0.0,0.0
2025-11-24 00:00:00-05:00,8.950868923961327,9.045386531715172,8.950868923961327,9.035935401916504,168000,0.0,0.0
2025-11-25 00:00:00-05:00,9.073744055450472,9.111551284790039,9.04538795739921,9.111551284790039,238200,0.0,0.0
2025-11-26 00:00:00-05:00,9.11154978390606,9.158808136749382,9.083193690525706,9.139904975891113,127200,0.0,0.0
2025-11-28 00:00:00-05:00,9.15880854279499,9.16826057434082,9.10209815631069,9.16826057434082,145600,0.0,0.0
2025-12-01 00:00:00-05:00,9.11155250150435,9.11155250150435,8.98867876439391,8.998130798339844,629200,0.0,0.0
2025-12-02 00:00:00-05:00,9.06429380193919,9.06429380193919,8.969775259340107,9.017034530639648,339300,0.0,0.0
2025-12-03 00:00:00-05:00,8.998128178535904,9.064290594103127,8.998128178535904,9.035935401916504,289200,0.0,0.0
2025-12-04 00:00:00-05:00,9.026485209598315,9.03593724271786,8.988677978515625,8.988677978515625,315900,0.0,0.0
2025-12-05 00:00:00-05:00,8.998129625822296,9.017032789855383,8.979225560393754,9.007580757141113,402300,0.0,0.0
2025-12-08 00:00:00-05:00,8.979225560393754,9.026484822569655,8.913063134184766,9.007580757141113,1016300,0.0,0.0
2025-12-09 00:00:00-05:00,8.998129556959336,8.998129556959336,8.941418262503179,8.960321426391602,333100,0.0,0.0
2025-12-10 00:00:00-05:00,8.931965898629738,9.007580354170242,8.931965898629738,8.979225158691406,248600,0.0,0.0
2025-12-11 00:00:00-05:00,8.998129625822296,9.035936855283925,8.969773527679484,9.007580757141113,410400,0.0,0.0
2025-12-12 00:00:00-05:00,8.931966448170108,8.979225711139408,8.931966448170108,8.950870513916016,398400,0.0,0.0
2025-12-15 00:00:00-05:00,8.979225711139408,8.998129776885316,8.950870513916016,8.950870513916016,387700,0.0,0.0
2025-12-16 00:00:00-05:00,8.979226279687259,8.988678313158697,8.950871080668467,8.96977424621582,326500,0.0,0.0
2025-12-17 00:00:00-05:00,8.979226730447975,9.017033964836143,8.941419496059806,8.998130798339844,329800,0.0,0.0
2025-12-18 00:00:00-05:00,8.998129859731778,9.045388221740723,8.97922579381182,9.045388221740723,328800,0.0,0.0
2025-12-19 00:00:00-05:00,9.026483370722527,9.045386531715172,8.998128178535904,9.035935401916504,263000,0.0,0.0
2025-12-22 00:00:00-05:00,9.059752252742065,9.097858428955078,9.021646076529052,9.097858428955078,289100,0.075,0.0
2025-12-23 00:00:00-05:00,9.078804016113281,9.097857556654391,9.050224613824435,9.078804016113281,319300,0.0,0.0
2025-12-24 00:00:00-05:00,9.059751946179402,9.088331350241369,9.050225175317788,9.069278717041016,329600,0.0,0.0
2025-12-26 00:00:00-05:00,9.088332913067154,9.126439094543457,9.059753504090684,9.126439094543457,414800,0.0,0.0
2025-12-29 00:00:00-05:00,9.135965347290039,9.183598298556294,9.107385939939476,9.135965347290039,448500,0.0,0.0
2025-12-30 00:00:00-05:00,9.135965650903767,9.17407183147855,9.135965650903767,9.164545059204102,331400,0.0,0.0
2025-12-31 00:00:00-05:00,9.183598298556294,9.193124161991163,9.078805624065936,9.135965347290039,698600,0.0,0.0
2026-01-02 00:00:00-05:00,9.135964085103813,9.14549085574548,9.088331140418324,9.10738468170166,220200,0.0,0.0
2026-01-05 00:00:00-05:00,9.126438878629317,9.17407183147855,9.10738624260343,9.164545059204102,233500,0.0,0.0
2026-01-06 00:00:00-05:00,9.17407183147855,9.183598603752998,9.116912106354869,9.164545059204102,314400,0.0,0.0
2026-01-07 00:00:00-05:00,9.145492423178215,9.17407183147855,9.145492423178215,9.164545059204102,249100,0.0,0.0
2026-01-08 00:00:00-05:00,9.164544540215736,9.19312394689762,9.15501776848079,9.174071311950684,271600,0.0,0.0
2026-01-09 00:00:00-05:00,9.193123817443848,9.193123817443848,9.155017639563614,9.193123817443848,238900,0.0,0.0
2026-01-12 00:00:00-05:00,9.183597870592592,9.212177276611328,9.145491693059965,9.212177276611328,213800,0.0,0.0
2026-01-13 00:00:00-05:00,9.202650505097438,9.231229911116174,9.202650505097438,9.212177276611328,146400,0.0,0.0
2026-01-14 00:00:00-05:00,9.202651023864746,9.231230431494547,9.193124251813817,9.202651023864746,374200,0.0,0.0
2026-01-15 00:00:00-05:00,9.221704567966606,9.221704567966606,9.193124251813817,9.202651023864746,322700,0.0,0.0
2026-01-16 00:00:00-05:00,9.212177360645438,9.212177360645438,9.164544411164409,9.193123817443848,336400,0.0,0.0
2026-01-20 00:00:00-05:00,9.188322257871178,9.188322257871178,9.140317125435441,9.149917602539062,241000,0.075,0.0
2026-01-21 00:00:00-05:00,9.217128158219616,9.226728637116983,9.159520706638515,9.188323974609375,732200,0.0,0.0
2026-01-22 00:00:00-05:00,9.169121904624198,9.226728439331055,9.159520510293268,9.226728439331055,184100,0.0,0.0
2026-01-23 00:00:00-05:00,9.245930303912518,9.245930303912518,9.178722381591797,9.178722381591797,278900,0.0,0.0
2026-01-26 00:00:00-05:00,9.197925369146123,9.197925369146123,9.159520706638515,9.188323974609375,301300,0.0,0.0
2026-01-27 00:00:00-05:00,9.207525445584027,9.21712683874629,9.159519395411955,9.169120788574219,138900,0.0,0.0
2026-01-28 00:00:00-05:00,9.16912193935669,9.178723333723989,9.130717277526855,9.130717277526855,203200,0.0,0.0
2026-01-29 00:00:00-05:00,9.130717833688303,9.159521102905273,9.121116438736172,9.159521102905273,185900,0.0,0.0
2026-01-30 00:00:00-05:00,9.149917602539062,9.159518995281895,9.13071573269261,9.149917602539062,197700,0.0,0.0
2026-02-02 00:00:00-05:00,9.149917994658608,9.178722174121503,9.101911944526364,9.121114730834961,314500,0.0,0.0
2026-02-03 00:00:00-05:00,9.121114339949779,9.149917602539062,9.101911554464117,9.149917602539062,338600,0.0,0.0
2026-02-04 00:00:00-05:00,9.149918394805017,9.169121181953395,9.121115129721739,9.140317916870117,185900,0.0,0.0
2026-02-05 00:00:00-05:00,9.169120788574219,9.169120788574219,9.140317524726676,9.169120788574219,117700,0.0,0.0
2026-02-06 00:00:00-05:00,9.178722381591797,9.197924252695174,9.14991820147783,9.178722381591797,190400,0.0,0.0
2026-02-09 00:00:00-05:00,9.188323777646696,9.236329833661983,9.159520510293268,9.226728439331055,284800,0.0,0.0
2026-02-10 00:00:00-05:00,9.226727102857065,9.303536415100098,9.226727102857065,9.303536415100098,446900,0.0,0.0
2026-02-11 00:00:00-05:00,9.293937683105469,9.322740951695758,9.284336288362239,9.293937683105469,186600,0.0,0.0
2026-02-12 00:00:00-05:00,9.332341194152832,9.332341194152832,9.293936535561226,9.332341194152832,160600,0.0,0.0
2026-02-13 00:00:00-05:00,9.375882406168094,9.385558461285854,9.317827920980344,9.346855163574219,138600,0.075,0.0
2026-02-17 00:00:00-05:00,9.385558461285854,9.385558461285854,9.317827920980344,9.346855163574219,216000,0.0,0.0
2026-02-18 00:00:00-05:00,9.375881705581234,9.375881705581234,9.317827224731445,9.317827224731445,167500,0.0,0.0
2026-02-19 00:00:00-05:00,9.327503354062147,9.337178485775283,9.240420709328516,9.308151245117188,331300,0.0,0.0
2026-02-20 00:00:00-05:00,9.308152611097302,9.308152611097302,9.25009812126156,9.259773254394531,448300,0.0,0.0
2026-02-23 00:00:00-05:00,9.201717742131995,9.27912433515179,9.201717742131995,9.269448280334473,317200,0.0,0.0
2026-02-24 00:00:00-05:00,9.29847552202705,9.29847552202705,9.259772225517153,9.269448280334473,174500,0.0,0.0
2026-02-25 00:00:00-05:00,9.308151501406057,9.308151501406057,9.259772150470933,9.27912425994873,262500,0.0,0.0
2026-02-26 00:00:00-05:00,9.317827631661688,9.317827631661688,9.259772225517153,9.269448280334473,485100,0.0,0.0
2026-02-27 00:00:00-05:00,9.28880038996911,9.28880038996911,9.240421038641893,9.269448280334473,299300,0.0,0.0
2026-03-02 00:00:00-05:00,9.259770972457389,9.269447025965315,9.19204044342041,9.19204044342041,466600,0.0,0.0
2026-03-03 00:00:00-05:00,9.192041942495736,9.240421295166016,9.192041942495736,9.240421295166016,455400,0.0,0.0
2026-03-04 00:00:00-05:00,9.27912562729022,9.27912562729022,9.201719023491387,9.230746269226074,346400,0.0,0.0
2026-03-05 00:00:00-05:00,9.221067681184936,9.221067681184936,9.19204044342041,9.19204044342041,345700,0.0,0.0
2026-03-06 00:00:00-05:00,9.133986030866525,9.153338139970845,9.075931549072266,9.075931549072266,319300,0.0,0.0
2026-03-09 00:00:00-04:00,9.066255494520107,9.085607603624426,8.969497717276557,9.075931549072266,496300,0.0,0.0
2026-03-10 00:00:00-04:00,9.085607936061171,9.104959123114188,9.03722858428955,9.03722858428955,431500,0.0,0.0
2026-03-11 00:00:00-04:00,9.008202163252028,9.008202163252028,8.93079463970762,8.940470695495605,332100,0.0,0.0
2026-03-12 00:00:00-04:00,8.921118811687013,8.921118811687013,8.872739459275511,8.911442756652832,320700,0.0,0.0
2026-03-13 00:00:00-04:00,8.974851621140553,8.984607118124536,8.80901189375445,8.84803295135498,386500,0.075,0.0
2026-03-16 00:00:00-04:00,8.887054152018074,8.945586204528809,8.877299585212462,8.945586204528809,261100,0.0,0.0
2026-03-17 00:00:00-04:00,8.965096543415182,9.023628597720966,8.955341976310418,9.013873100280762,214400,0.0,0.0
2026-03-18 00:00:00-04:00,8.994362008999277,9.004116574990523,8.945585457701704,8.965095520019531,222200,0.0,0.0
2026-03-19 00:00:00-04:00,8.935830865072166,8.955341859698512,8.896809806154904,8.91632080078125,310200,0.0,0.0
2026-03-20 00:00:00-04:00,8.916320292331012,8.916320292331012,8.818767185433073,8.828522682189941,444000,0.0,0.0
2026-03-23 00:00:00-04:00,8.848033768795391,8.935831389091764,8.7895026421548,8.877300262451172,289600,0.0,0.0
2026-03-24 00:00:00-04:00,8.809012278217516,8.857788834930846,8.809012278217516,8.838278770446777,181300,0.0,0.0
2026-03-25 00:00:00-04:00,8.887054443359375,8.916320935741883,8.848033383851474,8.887054443359375,165600,0.0,0.0
2026-03-26 00:00:00-04:00,8.857788242125173,8.887053802060404,8.809011688676202,8.828522682189941,260200,0.0,0.0
2026-03-27 00:00:00-04:00,8.799256974834753,8.799256974834753,8.721213932422684,8.730969429016113,273100,0.0,0.0
2026-03-30 00:00:00-04:00,8.74072536012076,8.799257412255663,8.721214365963988,8.769990921020508,349700,0.0,0.0
2026-03-31 00:00:00-04:00,8.79925688667376,8.955341109263346,8.789501390178073,8.935830116271973,356300,0.0,0.0
2026-04-01 00:00:00-04:00,8.955341472363143,8.974851535810211,8.916320415133614,8.926074981689453,343200,0.0,0.0
2026-04-02 00:00:00-04:00,8.877299741863986,8.97485192398943,8.877299741863986,8.91632080078125,226100,0.0,0.0
2026-04-06 00:00:00-04:00,8.935830550731769,8.984607105246367,8.916320487127166,8.974851608276367,139800,0.0,0.0
2026-04-07 00:00:00-04:00,8.945585975471912,8.965096038918983,8.916320415133614,8.926074981689453,170500,0.0,0.0
2026-04-08 00:00:00-04:00,9.043138710551366,9.091914332324025,9.023627717574021,9.06264877319336,253900,0.0,0.0
2026-04-09 00:00:00-04:00,9.072405451947077,9.091915517131513,9.023628893482778,9.082160949707031,144300,0.0,0.0
2026-04-10 00:00:00-04:00,9.043139592601374,9.08216065202675,9.013873100280762,9.013873100280762,192900,0.0,0.0
2026-04-13 00:00:00-04:00,9.0138729658186,9.043139457702637,9.00411746852392,9.043139457702637,177100,0.0,0.0
2026-04-14 00:00:00-04:00,9.033383575188896,9.062649135489506,9.033383575188896,9.05289363861084,187900,0.0,0.0
2026-04-15 00:00:00-04:00,9.038141844182777,9.106985785336489,9.038141844182777,9.097150802612305,226800,0.075,0.0
2026-04-16 00:00:00-04:00,9.087315128211888,9.165993108185674,9.087315128211888,9.106985092163086,294400,0.0,0.0
2026-04-17 00:00:00-04:00,9.146324418602557,9.175828427699171,9.136489436265173,9.156159400939941,357300,0.0,0.0
2026-04-20 00:00:00-04:00,9.165993690490723,9.165993690490723,9.136489680605072,9.165993690490723,160600,0.0,0.0
2026-04-21 00:00:00-04:00,9.13648936198751,9.13648936198751,9.097150370873328,9.116820335388184,339200,0.0,0.0
2026-04-22 00:00:00-04:00,9.126654812869281,9.126654812869281,9.097150802612305,9.097150802612305,310000,0.0,0.0
2026-04-23 00:00:00-04:00,9.077480953151966,9.106985901701519,9.028307914733887,9.028307914733887,235200,0.0,0.0
2026-04-24 00:00:00-04:00,9.057811214766911,9.057811214766911,9.008637242291027,9.038141250610352,152600,0.0,0.0
2026-04-27 00:00:00-04:00,9.05781147619759,9.067646458559732,9.008637502302426,9.04797649383545,199100,0.0,0.0
2026-04-28 00:00:00-04:00,9.02830713104702,9.038141175127656,8.988968140977958,8.998802185058594,203900,0.0,0.0
2026-04-29 00:00:00-04:00,8.988968849182129,9.00863787680855,8.949629856013708,8.988968849182129,247200,0.0,0.0
2026-04-30 00:00:00-04:00,9.04797649383545,9.05781147619759,9.008637502302426,9.04797649383545,229700,0.0,0.0
2026-05-01 00:00:00-04:00,9.008637502302426,9.077480503006333,9.008637502302426,9.04797649383545,291500,0.0,0.0
2026-05-04 00:00:00-04:00,9.00863761549864,9.018472597984362,8.96929862347131,8.979133605957031,276200,0.0,0.0
2026-05-05 00:00:00-04:00,8.969298811097712,8.979133793789167,8.939794800938916,8.949629783630371,292700,0.0,0.0
2026-05-06 00:00:00-04:00,9.008638381958008,9.008638381958008,8.988969353228669,9.008638381958008,155400,0.0,0.0
2026-05-07 00:00:00-04:00,9.00863787680855,9.03814188720597,8.979133866411129,8.988968849182129,366400,0.0,0.0
2026-05-08 00:00:00-04:00,9.008637242291027,9.047976232688631,8.949629225652377,9.038141250610352,127500,0.0,0.0
2026-05-11 00:00:00-04:00,9.038141250610352,9.047976232688631,9.008637242291027,9.038141250610352,181800,0.0,0.0
2026-05-12 00:00:00-04:00,8.988968776480624,8.998802821256508,8.939794800938916,8.949629783630371,316500,0.0,0.0
2026-05-13 00:00:00-04:00,8.910290195697652,8.939794203885995,8.870951205474693,8.890620231628418,365100,0.0,0.0
2026-05-14 00:00:00-04:00,8.910290962663808,8.93979497339175,8.90045597978263,8.920125007629395,229300,0.0,0.0
2026-05-15 00:00:00-04:00,8.865582638791752,8.885416611883493,8.696998596191406,8.696998596191406,720900,0.075,0.0
2026-05-18 00:00:00-04:00,8.696998323209693,8.766415335380142,8.677164350740503,8.687081336975098,794300,0.0,0.0
2026-05-19 00:00:00-04:00,8.6573302478078,8.687081206063247,8.617663249203048,8.647414207458496,418200,0.0,0.0
2026-05-20 00:00:00-04:00,8.627580621803936,8.776332582537732,8.617663635274507,8.7664155960083,602900,0.0,0.0
2026-05-21 00:00:00-04:00,8.736664904246364,8.796164927334349,8.696997906942437,8.776331901550293,379600,0.0,0.0
2026-05-22 00:00:00-04:00,8.776331760783764,8.835831782917408,8.776331760783764,8.806081771850586,386800,0.0,0.0
2026-05-26 00:00:00-04:00,8.855666018927362,8.895333016781208,8.845749033029945,8.885416030883789,352000,0.0,0.0
2026-05-27 00:00:00-04:00,8.865582331493712,8.925083302970627,8.776332292882126,8.895333290100098,288000,0.0,0.0
2026-05-28 00:00:00-04:00,8.895333278067705,8.994500302747278,8.895333278067705,8.964750289916992,271100,0.0,0.0
2026-05-29 00:00:00-04:00,8.954832897458912,8.984583854675293,8.944916857455933,8.984583854675293,248400,0.0,0.0
2026-06-01 00:00:00-04:00,8.925082886923926,8.944916858403614,8.895332875440207,8.915165901184082,422100,0.0,0.0
2026-06-02 00:00:00-04:00,8.915166032891106,8.964750016587034,8.905249047004753,8.954833030700684,179800,0.0,0.0
2026-06-03 00:00:00-04:00,8.895333016781208,8.935000014635053,8.865582059088952,8.885416030883789,239900,0.0,0.0
2026-06-04 00:00:00-04:00,8.935000146444104,8.935000146444104,8.905249188312963,8.92508316040039,249200,0.0,0.0
2026-06-05 00:00:00-04:00,8.855666028965704,8.895333026864513,8.806082045158234,8.815999031066895,314200,0.0,0.0
2026-06-08 00:00:00-04:00,8.815998889853569,8.865581927130995,8.796164918353947,8.845748901367188,260600,0.0,0.0
2026-06-09 00:00:00-04:00,8.845749174527445,8.875499186959756,8.835832188471393,8.855666160583496,223000,0.0,0.0
2026-06-10 00:00:00-04:00,8.855665887116999,8.905248924394424,8.835831915617376,8.845748901367188,202600,0.0,0.0
2026-06-11 00:00:00-04:00,8.895332875440207,8.925082886923926,8.8457488924768,8.915165901184082,313500,0.0,0.0
2026-06-12 00:00:00-04:00,8.944917405963608,8.964750432921555,8.915166446922882,8.9350004196167,215600,0.0,0.0
2026-06-15 00:00:00-04:00,8.960000038146973,8.989999771118164,8.949999809265137,8.949999809265137,241700,0.075,0.0
2026-06-16 00:00:00-04:00,8.949999809265137,9.0,8.9399995803833,8.989999771118164,364500,0.0,0.0
2026-06-17 00:00:00-04:00,8.970000267028809,9.0,8.920000076293945,8.9399995803833,450900,0.0,0.0
2026-06-18 00:00:00-04:00,9.0,9.0,8.960000038146973,8.979999542236328,275700,0.0,0.0
2026-06-22 00:00:00-04:00,8.960000038146973,8.970000267028809,8.920000076293945,8.960000038146973,148400,0.0,0.0
2026-06-23 00:00:00-04:00,8.970000267028809,8.994999885559082,8.9399995803833,8.979999542236328,165939,0.0,0.0
