Date,Open,High,Low,Close,Volume,Dividends,Stock Splits
2022-01-03 00:00:00-05:00,55.56857363596681,55.966120344198096,55.2151950396856,55.79826736450195,17184300,0.0,0.0
2022-01-04 00:00:00-05:00,55.48724346084838,55.816046038239826,54.30534202972788,54.429752349853516,29682500,0.37,0.0
2022-01-05 00:00:00-05:00,54.376434791685426,54.77632754689633,53.54110589518822,53.56776428222656,30317900,0.0,0.0
2022-01-06 00:00:00-05:00,53.318938256755935,54.32311254310434,53.238959713773724,54.13649368286133,19616600,0.0,0.0
2022-01-07 00:00:00-05:00,54.09206565569561,54.651915495314995,53.91433517122138,54.323116302490234,20152400,0.0,0.0
2022-01-10 00:00:00-05:00,54.092062093660495,55.0073728419539,53.78103630875732,54.936279296875,24715300,0.0,0.0
2022-01-11 00:00:00-05:00,54.740777244733174,55.47835754460238,54.59859353980894,55.4250373840332,22804200,0.0,0.0
2022-01-12 00:00:00-05:00,55.451701079356134,55.82493204648317,55.0251465598866,55.202877044677734,13405400,0.0,0.0
2022-01-13 00:00:00-05:00,55.16733072872739,55.22953588661039,54.39420366944978,54.651912689208984,14871600,0.0,0.0
2022-01-14 00:00:00-05:00,54.62525972261646,54.65191811008858,54.154273407736746,54.52750778198242,18831900,0.0,0.0
2022-01-18 00:00:00-05:00,53.301160791408236,53.514438019680945,52.86572472732765,53.07899856567383,26545800,0.0,0.0
2022-01-19 00:00:00-05:00,51.54164515907158,52.86573374179497,51.34614128231222,52.3414306640625,24333900,0.0,0.0
2022-01-20 00:00:00-05:00,52.421413954777385,52.73243979599447,51.559423209222295,51.61274337768555,17726500,0.0,0.0
2022-01-21 00:00:00-05:00,51.60384720969905,51.8437828467269,50.30642048200195,50.36862564086914,25914000,0.0,0.0
2022-01-24 00:00:00-05:00,49.906523366624775,50.652988597340546,48.760165442681526,50.564125061035156,34180100,0.0,0.0
2022-01-25 00:00:00-05:00,49.84431767939708,50.37750567137225,48.93789538109802,49.862091064453125,25156400,0.0,0.0
2022-01-26 00:00:00-05:00,49.86208650193104,50.164227240383994,48.75127546201964,49.168941497802734,28632700,0.0,0.0
2022-01-27 00:00:00-05:00,49.32890674722153,50.235329175334435,48.34250915979258,48.53800964355469,25967400,0.0,0.0
2022-01-28 00:00:00-05:00,48.43136947424541,49.46220215681576,47.49828872199302,49.41777038574219,30976600,0.0,0.0
2022-01-31 00:00:00-05:00,49.257818345144074,49.63993771739902,48.76017364431905,49.471092224121094,29925300,0.0,0.0
2022-02-01 00:00:00-05:00,49.27559184411919,49.32002361984533,48.644651814997395,49.204498291015625,22438500,0.0,0.0
2022-02-02 00:00:00-05:00,49.08008405985879,50.048711609336884,49.026763899271465,49.91541290283203,23316700,0.0,0.0
2022-02-03 00:00:00-05:00,49.64881030824088,49.89763429143049,48.929006909178916,49.05341720581055,19260500,0.0,0.0
2022-02-04 00:00:00-05:00,48.7779444114279,49.426657792508514,48.333619899186914,49.008995056152344,19675900,0.0,0.0
2022-02-07 00:00:00-05:00,49.16895483672435,49.3466819393843,48.60910497154939,49.02676773071289,14450200,0.0,0.0
2022-02-08 00:00:00-05:00,48.929028114816845,49.31114755718089,48.61799884851263,49.17784881591797,15219900,0.0,0.0
2022-02-09 00:00:00-05:00,49.604386652275934,50.10203131007605,49.302245858241385,50.02205276489258,19136700,0.0,0.0
2022-02-10 00:00:00-05:00,49.088968715273836,49.79099879835621,48.64464424728229,48.76016616821289,19730600,0.0,0.0
2022-02-11 00:00:00-05:00,48.760176897097516,48.95568079080778,47.782664208400995,47.898189544677734,20132500,0.0,0.0
2022-02-14 00:00:00-05:00,47.46274688183044,47.67602415104646,46.83180685320414,47.258358001708984,21868400,0.0,0.0
2022-02-15 00:00:00-05:00,47.73822206378375,48.25363668538197,47.66712852153479,48.22697830200195,17678000,0.0,0.0
2022-02-16 00:00:00-05:00,48.10256870242194,48.378047707882786,47.444966986627335,48.209205627441406,20388700,0.0,0.0
2022-02-17 00:00:00-05:00,49.32002375413404,50.706317534083496,49.23116020243982,49.559959411621094,32884700,0.0,0.0
2022-02-18 00:00:00-05:00,49.28447892264656,51.26616603500044,49.21338875647083,50.83961486816406,35626200,0.0,0.0
2022-02-22 00:00:00-05:00,50.590790862131435,50.777406349692384,49.53329970935896,50.030941009521484,25188300,0.0,0.0
2022-02-23 00:00:00-05:00,50.30642190710401,50.64410948618274,48.31584659718313,48.3780517578125,22033700,0.0,0.0
2022-02-24 00:00:00-05:00,48.04925680239281,48.724632020077536,47.28501803024145,48.635765075683594,27739300,0.0,0.0
2022-02-25 00:00:00-05:00,48.857919491374616,49.959845695087274,48.42248339864409,49.799888610839844,18963700,0.0,0.0
2022-02-28 00:00:00-05:00,49.24004520163836,49.76434829245957,48.653536946645744,49.559959411621094,23868700,0.0,0.0
2022-03-01 00:00:00-05:00,49.346680134823,49.6310475565925,48.21809544658224,48.53800964355469,17799600,0.0,0.0
2022-03-02 00:00:00-05:00,48.671299999043185,50.10202525100831,48.6179798453935,49.89763641357422,18660000,0.0,0.0
2022-03-03 00:00:00-05:00,50.42194226694663,50.6529894994113,49.62215686624842,49.82654571533203,16794600,0.0,0.0
2022-03-04 00:00:00-05:00,49.471086908984326,50.56412813353297,49.097855965910604,50.217552185058594,16729000,0.0,0.0
2022-03-07 00:00:00-05:00,50.0398299357321,50.155351873123365,49.33779636269064,49.400001525878906,21350900,0.0,0.0
2022-03-08 00:00:00-05:00,49.49776113519943,49.63994487165177,48.049261989515934,48.3425178527832,23642400,0.0,0.0
2022-03-09 00:00:00-05:00,49.44443191768491,49.98650837309705,49.0978593353531,49.69325256347656,19150900,0.0,0.0
2022-03-10 00:00:00-05:00,48.34250575810774,49.01787748980509,47.960386426381994,48.617984771728516,18550900,0.0,0.0
2022-03-11 00:00:00-05:00,49.13340352572137,49.95095897027229,48.5202335523813,48.60021209716797,20330300,0.0,0.0
2022-03-14 00:00:00-04:00,48.63576624585537,49.23116292287439,47.9870527908445,48.25364685058594,17977500,0.0,0.0
2022-03-15 00:00:00-04:00,48.360276069081735,49.52440745818166,48.360276069081735,49.40888214111328,18829100,0.0,0.0
2022-03-16 00:00:00-04:00,49.70213787479195,49.76434303238829,48.52023310060785,49.59550094604492,21821800,0.0,0.0
2022-03-17 00:00:00-04:00,49.311134699143615,50.03093822247444,49.18672099110652,49.91541290283203,18830500,0.0,0.0
2022-03-18 00:00:00-04:00,49.79100292825482,50.13757549964631,49.35556681186493,49.73768615722656,51807200,0.0,0.0
2022-03-21 00:00:00-04:00,49.817671058870474,50.25310723080838,49.33779971883788,49.76435089111328,29174600,0.0,0.0
2022-03-22 00:00:00-04:00,50.084258383061766,50.40417256673188,49.844322745309185,49.91541290283203,29287900,0.0,0.0
2022-03-23 00:00:00-04:00,49.675480449532024,49.84432253913645,48.386938721713655,48.413597106933594,19742100,0.0,0.0
2022-03-24 00:00:00-04:00,48.58244613528042,48.600219524607816,47.70268539810252,48.43137741088867,20551500,0.0,0.0
2022-03-25 00:00:00-04:00,48.52912298438299,49.035652648950354,48.34250750584278,48.849037170410156,18090600,0.0,0.0
2022-03-28 00:00:00-04:00,48.69796979789008,49.01788401493748,48.36028219212591,49.0001106262207,17164600,0.0,0.0
2022-03-29 00:00:00-04:00,49.471092224121094,50.039830477889915,48.91124574936103,49.471092224121094,20036500,0.0,0.0
2022-03-30 00:00:00-04:00,49.542186621934775,50.59967781555383,49.40000290354963,49.808780670166016,16125400,0.0,0.0
2022-03-31 00:00:00-04:00,49.79989521433058,50.546360576491345,49.51552778016717,49.55107116699219,27587700,0.0,0.0
2022-04-01 00:00:00-04:00,49.915421184327016,49.93319457413825,48.77795135582786,49.46221160888672,17465100,0.0,0.0
2022-04-04 00:00:00-04:00,49.28447679990677,49.87098505278611,48.86681404053616,49.64882278442383,19629200,0.0,0.0
2022-04-05 00:00:00-04:00,49.389348647210795,49.738294581292706,48.91513700704942,49.13882064819336,16063600,0.38,0.0
2022-04-06 00:00:00-04:00,48.93303185768196,48.99566300383066,48.172508846938356,48.6467170715332,19644100,0.0,0.0
2022-04-07 00:00:00-04:00,48.7004011646975,49.0761880322594,48.08303556235665,48.87934875488281,15739000,0.0,0.0
2022-04-08 00:00:00-04:00,49.067245227878814,49.129876376351824,48.32461387721083,48.566192626953125,18148200,0.0,0.0
2022-04-11 00:00:00-04:00,48.2440856452533,48.27093000288287,47.233038053931324,47.31356430053711,20992100,0.0,0.0
2022-04-12 00:00:00-04:00,46.25777563492247,47.37619379140927,46.06093294717556,46.365142822265625,25254200,0.0,0.0
2022-04-13 00:00:00-04:00,46.38304666559016,46.848309115968,45.998310474184294,46.66041564941406,17004600,0.0,0.0
2022-04-14 00:00:00-04:00,46.597769477478735,46.86618911650477,45.73882185419818,45.7835578918457,18024800,0.0,0.0
2022-04-18 00:00:00-04:00,45.524092759193174,46.132512498171934,45.452512360188,45.729881286621094,13990700,0.0,0.0
2022-04-19 00:00:00-04:00,45.63146831468256,46.472517678418164,45.55988790254749,46.37409973144531,15490900,0.0,0.0
2022-04-20 00:00:00-04:00,46.72304429534232,48.020406801223906,46.660413143188386,47.4388313293457,19526200,0.0,0.0
2022-04-21 00:00:00-04:00,47.72514317538961,48.16356462634783,47.179354529292446,47.224090576171875,17147300,0.0,0.0
2022-04-22 00:00:00-04:00,47.34935123277166,47.385141434292265,45.89093635879249,45.95356750488281,17693000,0.0,0.0
2022-04-25 00:00:00-04:00,46.03409327342693,46.50830149265264,45.21988496957112,46.472511291503906,18677000,0.0,0.0
2022-04-26 00:00:00-04:00,46.418823903518565,46.472505785740346,45.51514020385354,45.54198455810547,19238300,0.0,0.0
2022-04-27 00:00:00-04:00,45.55093973027789,45.72988733833072,44.065680385780304,44.11936569213867,33668600,0.0,0.0
2022-04-28 00:00:00-04:00,44.31620117143289,45.43461935898684,44.02988638847039,45.300411224365234,20170700,0.0,0.0
2022-04-29 00:00:00-04:00,45.19303547858517,45.30935191253526,43.725671529581774,43.824092864990234,20281400,0.0,0.0
2022-05-02 00:00:00-04:00,44.146199301056456,44.65619768069634,43.77935830143582,44.6114616394043,22499200,0.0,0.0
2022-05-03 00:00:00-04:00,44.53093774308513,45.05883124964836,44.316199955185965,44.66514587402344,15828200,0.0,0.0
2022-05-04 00:00:00-04:00,44.76357211640312,46.22199050822175,44.441467105877116,46.150413513183594,23942300,0.0,0.0
2022-05-05 00:00:00-04:00,45.765675122600356,45.819357012978436,43.985151806993755,44.38778305053711,24846500,0.0,0.0
2022-05-06 00:00:00-04:00,43.97620033082627,44.59356588309737,43.707777260747335,44.13725280761719,21743900,0.0,0.0
2022-05-09 00:00:00-04:00,43.84199595311725,44.21778285155025,43.546731893084164,43.80620574951172,22421200,0.0,0.0
2022-05-10 00:00:00-04:00,44.4772447345682,44.95145627182805,43.97619567154147,44.33408737182617,21741100,0.0,0.0
2022-05-11 00:00:00-04:00,43.92251340328173,44.41461665825214,43.466200344745054,43.528831481933594,23872100,0.0,0.0
2022-05-12 00:00:00-04:00,43.510939755897645,43.64514788321406,42.47304787086761,43.206729888916016,25951000,0.0,0.0
2022-05-13 00:00:00-04:00,43.582517886986395,44.405675424695055,43.42146539945951,44.34304428100586,18954500,0.0,0.0
2022-05-16 00:00:00-04:00,44.432519936567054,44.432519936567054,43.73462804333112,43.84199523925781,20254500,0.0,0.0
2022-05-17 00:00:00-04:00,44.45041304592469,45.38093780396327,44.298306396465755,45.27356719970703,18780600,0.0,0.0
2022-05-18 00:00:00-04:00,45.15724986962468,45.15724986962468,43.13514805263917,43.26935958862305,40672700,0.0,0.0
2022-05-19 00:00:00-04:00,38.527271633703286,39.305689750302484,36.70201230024037,37.32832717895508,97674600,0.0,0.0
2022-05-20 00:00:00-04:00,37.45359120064486,38.47358810667259,37.14938129769434,38.41990280151367,46148700,0.0,0.0
2022-05-23 00:00:00-04:00,38.77779731993262,39.20726951414048,38.4199021181886,38.7867431640625,27366600,0.0,0.0
2022-05-24 00:00:00-04:00,38.83148575136198,39.42201049259735,38.026223189158344,39.16253662109375,30053900,0.0,0.0
2022-05-25 00:00:00-04:00,39.14464061910456,39.7441111914205,38.64358799044897,39.368324279785156,25504600,0.0,0.0
2022-05-26 00:00:00-04:00,39.41305951251219,40.737266346721974,39.41305951251219,40.254112243652344,28294700,0.0,0.0
2022-05-27 00:00:00-04:00,40.37042369071037,40.83568608646029,40.218320448923336,40.81779098510742,23882100,0.0,0.0
2022-05-31 00:00:00-04:00,40.50463536590527,40.80884526353435,40.030427124625845,40.30779266357422,64821200,0.0,0.0
2022-06-01 00:00:00-04:00,40.75516016509981,40.97884381409941,40.057268272426356,40.46884536743164,20666000,0.0,0.0
2022-06-02 00:00:00-04:00,40.42410580695312,40.978840252579865,40.17358123405227,40.96989440917969,20546800,0.0,0.0
2022-06-03 00:00:00-04:00,40.755159806111536,40.92516156226443,40.3704236601698,40.48674011230469,17947000,0.0,0.0
2022-06-06 00:00:00-04:00,40.79989441853113,41.23831585307776,40.37937149783618,40.558319091796875,12641900,0.0,0.0
2022-06-07 00:00:00-04:00,40.10199756687742,40.84462879481343,40.01252548760031,40.773048400878906,14667200,0.0,0.0
2022-06-08 00:00:00-04:00,40.6656788342629,40.82673129801371,40.15568050343228,40.19146728515625,16263800,0.0,0.0
2022-06-09 00:00:00-04:00,40.11095401380178,40.504636011598045,39.58306045988728,39.6009521484375,18417700,0.0,0.0
2022-06-10 00:00:00-04:00,39.18937574114004,39.35937750364471,38.733062585933304,38.912010192871094,20262400,0.0,0.0
2022-06-13 00:00:00-04:00,38.527271480348325,39.22516334671856,38.375164829927776,38.688323974609375,29050800,0.0,0.0
2022-06-14 00:00:00-04:00,39.03727261324344,39.099903763892065,38.088852682770096,38.393062591552734,22499100,0.0,0.0
2022-06-15 00:00:00-04:00,38.804636882790945,39.7530567444197,38.56305814219282,39.18937301635742,22525100,0.0,0.0
2022-06-16 00:00:00-04:00,38.30358603591519,38.84042538274253,38.30358603591519,38.7598991394043,27049000,0.0,0.0
2022-06-17 00:00:00-04:00,38.79569170877034,39.36832129052995,38.6883245154758,38.822532653808594,59678600,0.0,0.0
2022-06-21 00:00:00-04:00,39.19832304364882,39.61884597386554,39.09990169408484,39.49358367919922,23277900,0.0,0.0
2022-06-22 00:00:00-04:00,38.89411326496827,39.475688693786715,38.62569016059193,38.983585357666016,19942300,0.0,0.0
2022-06-23 00:00:00-04:00,38.840421827813294,38.88515786709748,38.22305629415305,38.41094970703125,33801700,0.0,0.0
2022-06-24 00:00:00-04:00,38.86726573694119,39.565160973006726,38.68832156613896,39.45779037475586,30543800,0.0,0.0
2022-06-27 00:00:00-04:00,39.62779905557342,39.62779905557342,39.03727431433805,39.16253662109375,22755300,0.0,0.0
2022-06-28 00:00:00-04:00,39.287794279292804,39.78884686017264,38.46464012478466,38.52727127075195,20091300,0.0,0.0
2022-06-29 00:00:00-04:00,38.598844210935106,38.70621139088018,38.1962130197147,38.366214752197266,13450800,0.0,0.0
2022-06-30 00:00:00-04:00,37.90989909370398,38.59884505527585,37.74884661369283,38.1514778137207,24947900,0.0,0.0
2022-07-01 00:00:00-04:00,38.04411133882828,38.20516382183408,37.194112881440184,38.11568832397461,24338500,0.0,0.0
2022-07-05 00:00:00-04:00,37.48374466417084,37.8899998065296,36.85179260315296,37.8809700012207,24442600,0.38,0.0
2022-07-06 00:00:00-04:00,38.025416029324354,38.75667528822236,37.926108833736286,38.54000473022461,17250400,0.0,0.0
2022-07-07 00:00:00-04:00,38.71153049367353,39.14486809753026,38.630279477709074,39.01847839355469,22316700,0.0,0.0
2022-07-08 00:00:00-04:00,38.84695100755611,39.370569491275766,38.76569998228449,39.17195510864258,11817000,0.0,0.0
2022-07-11 00:00:00-04:00,39.12681376390601,39.43376167814618,38.88306070460986,39.045562744140625,15245200,0.0,0.0
2022-07-12 00:00:00-04:00,39.343489692562734,39.56918661798443,38.51292321620279,38.6934814453125,17385300,0.0,0.0
2022-07-13 00:00:00-04:00,37.781658795649875,38.86500457899402,37.736520105481645,38.54903030395508,16854200,0.0,0.0
2022-07-14 00:00:00-04:00,37.72749779585674,38.341393690871406,37.33026901445803,38.215003967285156,17336200,0.0,0.0
2022-07-15 00:00:00-04:00,38.36847557894032,38.937232769450574,38.36847557894032,38.88306427001953,19897800,0.0,0.0
2022-07-18 00:00:00-04:00,39.09069983115491,39.10875599523576,38.287219470793126,38.45874786376953,16743800,0.0,0.0
2022-07-19 00:00:00-04:00,38.65736462026486,39.803905281487886,38.50389238185915,39.74973678588867,22861400,0.0,0.0
2022-07-20 00:00:00-04:00,39.794880533176695,40.01154763662943,39.41570793634212,39.84001922607422,15599200,0.0,0.0
2022-07-21 00:00:00-04:00,39.9844713888396,40.34558443259067,39.78585697626618,40.246280670166016,15364600,0.0,0.0
2022-07-22 00:00:00-04:00,40.42682739325588,40.55321710551052,39.948351070045774,40.137935638427734,14854600,0.0,0.0
2022-07-25 00:00:00-04:00,40.31849764754449,40.31849764754449,39.82196511235995,40.029605865478516,12954700,0.0,0.0
2022-07-26 00:00:00-04:00,40.056682189222705,40.2101578618447,39.496954878652076,39.56917953491211,19513000,0.0,0.0
2022-07-27 00:00:00-04:00,39.89417904208744,40.435853617322984,39.56917842957939,40.30043411254883,22349000,0.0,0.0
2022-07-28 00:00:00-04:00,40.517108326605275,41.410866119270636,40.3636326442734,41.1851692199707,17576200,0.0,0.0
2022-07-29 00:00:00-04:00,40.72474560151732,41.067805823594696,40.47196619780824,40.959468841552734,23701700,0.0,0.0
2022-08-01 00:00:00-04:00,40.67960488700456,41.013635288668226,40.408765889257936,40.87821578979492,14153400,0.0,0.0
2022-08-02 00:00:00-04:00,41.094885756638725,41.25738777559679,40.535158493483635,40.5532112121582,15005400,0.0,0.0
2022-08-03 00:00:00-04:00,40.53515899189223,41.36572181556951,40.43585181865671,41.266414642333984,14943800,0.0,0.0
2022-08-04 00:00:00-04:00,41.43795200756222,41.46503453338933,40.63446815479021,40.968502044677734,15249300,0.0,0.0
2022-08-05 00:00:00-04:00,40.54419450300672,40.688640393809855,40.21016402624855,40.63447189331055,19533900,0.0,0.0
2022-08-08 00:00:00-04:00,41.067812588309394,41.09489511635039,40.49905539241687,40.64350128173828,15465600,0.0,0.0
2022-08-09 00:00:00-04:00,40.7608553593853,40.787937881258024,40.37265647452556,40.5532112121582,12826200,0.0,0.0
2022-08-10 00:00:00-04:00,41.26641833989814,41.582396050674475,41.01363892636604,41.54628372192383,18935400,0.0,0.0
2022-08-11 00:00:00-04:00,41.62753852636941,41.916430294931466,41.320590591789546,41.43795394897461,15849000,0.0,0.0
2022-08-12 00:00:00-04:00,41.60947994351181,42.07892990112305,41.501146397558855,42.07892990112305,16967600,0.0,0.0
2022-08-15 00:00:00-04:00,41.88031672797229,42.08795746526222,41.555312636957986,42.060874938964844,15456100,0.0,0.0
2022-08-16 00:00:00-04:00,42.04281901575019,42.440044327133656,41.92545566134952,42.2233772277832,21153700,0.0,0.0
2022-08-17 00:00:00-04:00,41.85323741322416,42.52129836813945,41.73587405049407,42.12407302856445,27975600,0.0,0.0
2022-08-18 00:00:00-04:00,44.95881657424388,45.139374762064335,44.335894442317354,44.57061767578125,39999900,0.0,0.0
2022-08-19 00:00:00-04:00,44.24560972804741,44.65186475388353,43.82130198449474,43.96574783325195,23130400,0.0,0.0
2022-08-22 00:00:00-04:00,43.758107522576424,43.785190043248164,42.90045878141076,43.07198715209961,20534100,0.0,0.0
2022-08-23 00:00:00-04:00,42.963660944463555,43.3699160430492,42.78310274021868,42.8011589050293,13764600,0.0,0.0
2022-08-24 00:00:00-04:00,42.51226926995662,42.80116103357076,42.313654891023845,42.49421310424805,14946500,0.0,0.0
2022-08-25 00:00:00-04:00,42.65671418992318,42.81921623377466,42.28657141089735,42.67477035522461,23039300,0.0,0.0
2022-08-26 00:00:00-04:00,42.503244064308014,42.67477247740949,41.41989819937798,41.428924560546875,20309800,0.0,0.0
2022-08-29 00:00:00-04:00,41.27544444564316,41.528223836525655,41.06780373972384,41.266414642333984,13425700,0.0,0.0
2022-08-30 00:00:00-04:00,41.302533666346385,41.410867216599854,40.589330619132994,40.84211349487305,14279100,0.0,0.0
2022-08-31 00:00:00-04:00,41.32960640896,41.374748534418764,40.255290633938024,40.37265396118164,23006100,0.0,0.0
2022-09-01 00:00:00-04:00,40.2372408544568,40.93238768167737,40.08376862390923,40.88724899291992,16236400,0.0,0.0
2022-09-02 00:00:00-04:00,41.26641974696797,41.456004313581346,39.97543322293363,40.25529861450195,14720900,0.0,0.0
2022-09-06 00:00:00-04:00,40.318485766309074,40.435849094394996,39.704590049359034,40.14695739746094,14366100,0.0,0.0
2022-09-07 00:00:00-04:00,40.39974819778434,40.77891736580492,40.03863175254998,40.64350128173828,18297400,0.0,0.0
2022-09-08 00:00:00-04:00,40.40876790301989,41.049749659921034,40.28237820116536,40.959468841552734,14231500,0.0,0.0
2022-09-09 00:00:00-04:00,41.22127616975867,41.428916876747834,40.98655294042425,41.32058334350586,15499300,0.0,0.0
2022-09-12 00:00:00-04:00,41.62753404841598,42.18726135931132,41.50114434374876,41.88934326171875,17923000,0.0,0.0
2022-09-13 00:00:00-04:00,41.275452948639746,41.446981364380065,39.740713236699726,39.821964263916016,23028600,0.0,0.0
2022-09-14 00:00:00-04:00,39.7587671728433,39.96640790988994,39.32542953328578,39.68654251098633,27551500,0.0,0.0
2022-09-15 00:00:00-04:00,39.551126453854636,39.605291506410666,38.90111827229087,39.0816764831543,18148600,0.0,0.0
2022-09-16 00:00:00-04:00,38.919169856183416,39.34348108518317,38.63027813035495,39.0906982421875,32696100,0.0,0.0
2022-09-19 00:00:00-04:00,38.72958530683243,39.217087941754826,38.60319216340408,39.0906982421875,13667500,0.0,0.0
2022-09-20 00:00:00-04:00,38.82889991285595,38.83792971898857,38.15180909511318,38.440704345703125,16813900,0.0,0.0
2022-09-21 00:00:00-04:00,38.20597444476112,38.702506981323104,37.52888368294159,37.546939849853516,21415900,0.0,0.0
2022-09-22 00:00:00-04:00,37.32124384767582,37.51082843912391,37.14068561797496,37.149715423583984,16691000,0.0,0.0
2022-09-23 00:00:00-04:00,37.23998501234898,37.23998501234898,36.21983415560838,36.707340240478516,19067700,0.0,0.0
2022-09-26 00:00:00-04:00,36.707345427176044,37.18582177593753,36.445536184175346,36.63512420654297,22694800,0.0,0.0
2022-09-27 00:00:00-04:00,37.14067900358901,37.42957074211692,36.319142476426286,36.58095169067383,15027900,0.0,0.0
2022-09-28 00:00:00-04:00,36.878872032732964,37.52888020589222,36.644148772348444,37.32123947143555,23217700,0.0,0.0
2022-09-29 00:00:00-04:00,37.05943247842689,37.104571172318636,36.24692565679064,36.626094818115234,19496400,0.0,0.0
2022-09-30 00:00:00-04:00,36.70734327273749,37.05040352122887,36.07539127094642,36.11150360107422,27989900,0.0,0.0
2022-10-03 00:00:00-04:00,36.71637313461586,37.49277108709416,36.53581835448185,37.27610397338867,22203600,0.0,0.0
2022-10-04 00:00:00-04:00,37.86835925490028,38.30572197162228,37.713458004229,38.105262756347656,22889400,0.38,0.0
2022-10-05 00:00:00-04:00,37.89569925745652,38.49707352135972,37.72257757458378,38.260169982910156,14289700,0.0,0.0
2022-10-06 00:00:00-04:00,37.95036648773469,38.35128145834593,37.695235619300234,37.831912994384766,18198800,0.0,0.0
2022-10-07 00:00:00-04:00,37.58589285276168,37.58589285276168,36.519821923891236,36.69294357299805,19055400,0.0,0.0
2022-10-10 00:00:00-04:00,37.020976236135766,37.184987726296406,36.082465270027534,36.34670639038086,16628400,0.0,0.0
2022-10-11 00:00:00-04:00,36.27381660955823,36.54716795175242,35.78178210809815,36.064247131347656,19386400,0.0,0.0
2022-10-12 00:00:00-04:00,36.17358123098592,36.31936882207106,35.76355254485572,35.781776428222656,17279900,0.0,0.0
2022-10-13 00:00:00-04:00,35.5630874989829,37.17586441728705,35.17128276017089,37.002742767333984,26328300,0.0,0.0
2022-10-14 00:00:00-04:00,37.21231210269302,37.32165190897612,36.37403098558987,36.6291618347168,19571000,0.0,0.0
2022-10-17 00:00:00-04:00,37.39455853390291,37.841031569708434,37.31255278587831,37.63146209716797,27845200,0.0,0.0
2022-10-18 00:00:00-04:00,38.19638812189557,38.469742928747245,37.595013803353254,38.077938079833984,18223300,0.0,0.0
2022-10-19 00:00:00-04:00,37.932145487046824,38.48796175669292,37.78635789794705,38.15993881225586,19071700,0.0,0.0
2022-10-20 00:00:00-04:00,37.86836149848306,38.83420291835689,37.77724208802792,38.005035400390625,16830500,0.0,0.0
2022-10-21 00:00:00-04:00,38.132603162001956,39.15311981272955,38.09615886978706,38.99821853637695,25035000,0.0,0.0
2022-10-24 00:00:00-04:00,39.289790767425615,39.84560702304692,39.08933500987792,39.6724853515625,18785300,0.0,0.0
2022-10-25 00:00:00-04:00,39.49025378200107,40.45609880030184,39.36269006702466,40.41965103149414,19165200,0.0,0.0
2022-10-26 00:00:00-04:00,40.93902234460418,41.21237367747678,40.34675822683791,40.4378776550293,20051000,0.0,0.0
2022-10-27 00:00:00-04:00,40.7932283785078,41.08480355158228,40.419647470765476,40.47431564331055,18102500,0.0,0.0
2022-10-28 00:00:00-04:00,40.720329876791276,41.649726976611085,40.68388558970323,41.58594512939453,17978300,0.0,0.0
2022-10-31 00:00:00-04:00,41.285271514586796,41.585956954702944,41.05747814522418,41.39461135864258,17793700,0.0,0.0
2022-11-01 00:00:00-04:00,41.5312793302084,41.72262488277439,41.05746881253297,41.42193603515625,12088700,0.0,0.0
2022-11-02 00:00:00-04:00,41.43104198285476,42.10530813060007,40.59276092313817,40.610984802246094,15308800,0.0,0.0
2022-11-03 00:00:00-04:00,40.11896373022384,40.228307040946696,39.535813309771314,39.954952239990234,17895600,0.0,0.0
2022-11-04 00:00:00-04:00,40.547209620097455,41.07569177344161,39.93672521107932,40.565433502197266,19648700,0.0,0.0
2022-11-07 00:00:00-05:00,40.84790050914259,40.984574417969036,40.465205917557945,40.592769622802734,21383000,0.0,0.0
2022-11-08 00:00:00-05:00,40.720330099741574,41.321704288111725,40.25563328521237,40.647438049316406,17503100,0.0,0.0
2022-11-09 00:00:00-05:00,40.5563232725956,40.74767231299305,39.99139678285413,40.009620666503906,19311700,0.0,0.0
2022-11-10 00:00:00-05:00,41.64061951826993,41.740849135030494,40.683888271114924,41.60417175292969,27190100,0.0,0.0
2022-11-11 00:00:00-05:00,41.16680412393684,41.29436781167917,40.018723982556246,40.81144714355469,25961800,0.0,0.0
2022-11-14 00:00:00-05:00,40.84789775892326,41.40371051208931,40.7112203834488,40.765892028808594,21091300,0.0,0.0
2022-11-15 00:00:00-05:00,41.03924966001657,41.22148503025691,40.501657229525414,40.911685943603516,19318000,0.0,0.0
2022-11-16 00:00:00-05:00,40.94812797094247,40.98457573814367,40.364977599124835,40.446983337402344,24939600,0.0,0.0
2022-11-17 00:00:00-05:00,42.08708650941114,42.68846064883727,41.14857927802558,42.45155715942383,38887800,0.0,0.0
2022-11-18 00:00:00-05:00,42.74314175860182,43.77276861852358,42.697583786219546,43.54497528076172,30843200,0.0,0.0
2022-11-21 00:00:00-05:00,43.38096166520844,44.000559791505175,43.33540369506756,43.390071868896484,17049500,0.0,0.0
2022-11-22 00:00:00-05:00,43.73632226448247,44.119013415888396,43.51763912378579,44.08256912231445,16367800,0.0,0.0
2022-11-23 00:00:00-05:00,44.100778514156985,44.63837077102262,44.027882999263596,44.25567626953125,12065600,0.0,0.0
2022-11-25 00:00:00-05:00,44.41970121621057,44.69305252852484,44.05523048255787,44.100791931152344,8492600,0.0,0.0
2022-11-28 00:00:00-05:00,44.0005611114964,44.16457258960405,43.663424475469355,43.8092155456543,14976600,0.0,0.0
2022-11-29 00:00:00-05:00,43.964105736331405,44.10989330543861,43.590524873253564,43.99143981933594,13779300,0.0,0.0
2022-11-30 00:00:00-05:00,43.89121413204921,45.40376507585639,43.6998685822363,45.30353546142578,29919700,0.0,0.0
2022-12-01 00:00:00-05:00,45.449320566231094,45.977799219172766,45.276195432251114,45.53132629394531,18559500,0.0,0.0
2022-12-02 00:00:00-05:00,44.85707143513753,45.41288783181537,44.57460639601488,45.28532409667969,12325100,0.0,0.0
2022-12-05 00:00:00-05:00,45.148633085709086,45.2306388158688,44.80238628327362,44.948177337646484,13795900,0.0,0.0
2022-12-06 00:00:00-05:00,45.04840643251006,45.04840643251006,43.97322166684287,44.27391052246094,15443800,0.0,0.0
2022-12-07 00:00:00-05:00,44.10078882682714,44.23746273543832,43.79098976778475,43.90032958984375,15171700,0.0,0.0
2022-12-08 00:00:00-05:00,44.33769309749006,44.82972751878257,44.30124533090906,44.63838195800781,16015800,0.0,0.0
2022-12-09 00:00:00-05:00,44.73861461920286,44.802396482085264,44.13724028641819,44.15546417236328,14303200,0.0,0.0
2022-12-12 00:00:00-05:00,44.46525836107998,44.93906891566667,44.07345354624581,44.92084503173828,15425300,0.0,0.0
2022-12-13 00:00:00-05:00,45.85934832234051,46.2055916319379,44.85705572780364,45.23063659667969,22705900,0.0,0.0
2022-12-14 00:00:00-05:00,45.32176352646188,45.61333871761515,44.48348224500837,44.92084503173828,19050400,0.0,0.0
2022-12-15 00:00:00-05:00,44.6110376998622,44.69304342443676,43.499408792779114,43.872989654541016,19372500,0.0,0.0
2022-12-16 00:00:00-05:00,43.19873115061846,43.736323600576235,42.898045733306866,43.563201904296875,66125400,0.0,0.0
2022-12-19 00:00:00-05:00,43.42651685737326,43.69986813658264,42.952706351346954,43.189613342285156,17986300,0.0,0.0
2022-12-20 00:00:00-05:00,43.19872116909877,43.3353985391101,42.63379475969506,43.16227340698242,15086200,0.0,0.0
2022-12-21 00:00:00-05:00,43.45385538923257,43.69987260845133,43.20783817001382,43.42652130126953,15599400,0.0,0.0
2022-12-22 00:00:00-05:00,43.271623381946625,43.271623381946625,42.542681930344855,43.116722106933594,23118500,0.0,0.0
2022-12-23 00:00:00-05:00,43.05293515167238,43.27161825641997,42.834252046924796,43.26250457763672,9554400,0.0,0.0
2022-12-27 00:00:00-05:00,43.43563103201551,43.47207879946938,43.02560581363583,43.308067321777344,12066200,0.0,0.0
2022-12-28 00:00:00-05:00,43.45385007421012,43.52674560099602,42.80691791531041,42.88892364501953,9847400,0.0,0.0
2022-12-29 00:00:00-05:00,43.06204808257079,43.49941431977296,43.06204808257079,43.280731201171875,11396500,0.0,0.0
2022-12-30 00:00:00-05:00,43.07116153601585,43.435628763972296,42.7795863633106,43.408294677734375,13199800,0.0,0.0
2023-01-03 00:00:00-05:00,43.608756195327445,43.78187787698089,43.107611558246056,43.68164825439453,17718900,0.0,0.0
2023-01-04 00:00:00-05:00,44.34294083278569,44.5266322623998,43.323456726868905,43.67247009277344,18339800,0.38,0.0
2023-01-05 00:00:00-05:00,43.61735941381294,43.61735941381294,42.946885257837074,43.05710220336914,17372100,0.0,0.0
2023-01-06 00:00:00-05:00,43.589806177447336,44.62765970651676,43.4244842523346,44.379676818847656,20823000,0.0,0.0
2023-01-09 00:00:00-05:00,44.32456849696773,45.1971001039631,44.287833016298805,44.61847686767578,13938000,0.0,0.0
2023-01-10 00:00:00-05:00,44.82052541799363,45.197091173518324,44.6276510440077,44.8297119140625,12474400,0.0,0.0
2023-01-11 00:00:00-05:00,44.84808417113822,45.21546345327308,44.728684240223984,45.19709396362305,12530900,0.0,0.0
2023-01-12 00:00:00-05:00,45.19709726987461,45.399158167184154,44.86645343923069,45.00422286987305,14241700,0.0,0.0
2023-01-13 00:00:00-05:00,44.6000962135494,45.02258391629706,44.47150980071091,44.89400100708008,12649300,0.0,0.0
2023-01-17 00:00:00-05:00,44.930745970334286,44.94911546176326,44.039848409573565,44.15924835205078,19290800,0.0,0.0
2023-01-18 00:00:00-05:00,44.26028014621987,44.33375811998201,43.06629110156607,43.075477600097656,19882200,0.0,0.0
2023-01-19 00:00:00-05:00,43.12139232628961,43.21323627441601,42.607057107364454,42.671348571777344,19118600,0.0,0.0
2023-01-20 00:00:00-05:00,42.303971567008205,43.01118121747744,41.94577174122075,42.96525573730469,21847200,0.0,0.0
2023-01-23 00:00:00-05:00,43.07547044056272,43.96636795080635,42.99280948563062,43.62654113769531,15180500,0.0,0.0
2023-01-24 00:00:00-05:00,43.617365254736065,44.1041445666778,43.22242990608131,43.91127014160156,14872700,0.0,0.0
2023-01-25 00:00:00-05:00,44.06739807128906,44.15924552254882,43.37855795313999,44.06739807128906,14638700,0.0,0.0
2023-01-26 00:00:00-05:00,44.22353967361831,44.51744452826299,43.92963481897363,44.39804458618164,12952700,0.0,0.0
2023-01-27 00:00:00-05:00,44.17761054765242,44.756237215317995,44.05821411904643,44.554176330566406,13414800,0.0,0.0
2023-01-30 00:00:00-05:00,44.21434858025134,44.544992383263306,44.19597909079269,44.28782653808594,19261900,0.0,0.0
2023-01-31 00:00:00-05:00,44.195977420289886,44.71949558739714,44.13168596142561,44.70112609863281,16821600,0.0,0.0
2023-02-01 00:00:00-05:00,44.443953946111996,44.91236708396986,43.63571407346985,44.609275817871094,19639400,0.0,0.0
2023-02-02 00:00:00-05:00,44.57254711674007,45.51855660171771,44.416411703888855,45.298126220703125,17883800,0.0,0.0
2023-02-03 00:00:00-05:00,45.27975653768899,45.27975653768899,44.55417743681267,44.66439437866211,17980000,0.0,0.0
2023-02-06 00:00:00-05:00,44.150056954604025,44.34293133776906,43.644908259048144,43.69083023071289,13991600,0.0,0.0
2023-02-07 00:00:00-05:00,43.387741599000634,44.22353408062207,43.139758752327666,43.938812255859375,16675200,0.0,0.0
2023-02-08 00:00:00-05:00,43.516325544496915,43.66327795669812,42.95606837809798,43.13057327270508,18905500,0.0,0.0
2023-02-09 00:00:00-05:00,43.37855348030768,43.543875371906616,42.64379146410223,42.91932678222656,18598400,0.0,0.0
2023-02-10 00:00:00-05:00,42.89178093185829,43.46122114449083,42.83667245826591,43.40611267089844,17397300,0.0,0.0
2023-02-13 00:00:00-05:00,43.5806256176317,44.07659142067456,43.52551713830831,43.957191467285156,19422100,0.0,0.0
2023-02-14 00:00:00-05:00,43.88370853032073,44.085769428024946,43.33263781391929,43.81023406982422,19134400,0.0,0.0
2023-02-15 00:00:00-05:00,43.62653775798317,44.56336067343132,43.47040235721936,44.49906921386719,27071200,0.0,0.0
2023-02-16 00:00:00-05:00,45.91349005108096,47.52078360762433,45.73898165119538,46.83194351196289,48125300,0.0,0.0
2023-02-17 00:00:00-05:00,47.144214157143274,47.24524108692975,46.47374009972975,46.629878997802734,25321400,0.0,0.0
2023-02-21 00:00:00-05:00,46.57477384133206,46.62069581333713,45.57365943568532,45.6379508972168,25100500,0.0,0.0
2023-02-22 00:00:00-05:00,45.784910337939216,45.784910337939216,44.90319572705709,45.28894805908203,20301900,0.0,0.0
2023-02-23 00:00:00-05:00,45.50018528741567,45.62876821134397,44.590914819659716,45.19709396362305,14066200,0.0,0.0
2023-02-24 00:00:00-05:00,44.82971409202408,44.91237504255135,44.241900941818,44.5266227722168,17251600,0.0,0.0
2023-02-27 00:00:00-05:00,44.958294082024885,45.31649034307377,44.59091132505999,44.75623321533203,14776400,0.0,0.0
2023-02-28 00:00:00-05:00,44.82971545443632,44.93992889061487,44.43478017920604,44.47151565551758,16622400,0.0,0.0
2023-03-01 00:00:00-05:00,44.489888539399765,44.627657972849185,44.10413973153696,44.39804458618164,13449300,0.0,0.0
2023-03-02 00:00:00-05:00,44.37967351552983,44.66439536616955,44.195982112008146,44.572547912597656,18281800,0.0,0.0
2023-03-03 00:00:00-05:00,44.99503422971047,45.33486101139496,44.83889532766837,45.261383056640625,15969900,0.0,0.0
2023-03-06 00:00:00-05:00,45.426704034008424,45.74816482413546,45.22464666975717,45.38996505737305,13878400,0.0,0.0
2023-03-07 00:00:00-05:00,45.5277413869443,45.702246297049925,44.66439632653757,44.92156219482422,17506600,0.0,0.0
2023-03-08 00:00:00-05:00,45.02259416597798,45.25220755717312,44.76542828899856,45.105255126953125,12055500,0.0,0.0
2023-03-09 00:00:00-05:00,45.27975212002968,45.63794838703832,44.737864471482276,44.8297119140625,12497700,0.0,0.0
2023-03-10 00:00:00-05:00,44.90319697341036,45.16036286615005,44.361309196835634,44.6001091003418,16338200,0.0,0.0
2023-03-13 00:00:00-04:00,44.5725432937452,44.89400409250214,44.19597753217751,44.46232986450195,20280800,0.0,0.0
2023-03-14 00:00:00-04:00,44.71031737612998,45.243018592775385,44.55417845674663,45.05014419555664,17679600,0.0,0.0
2023-03-15 00:00:00-04:00,44.425587306948195,45.10524432369343,44.425587306948195,45.059322357177734,17354900,0.0,0.0
2023-03-16 00:00:00-04:00,44.7103110768955,46.189021587814636,44.55417217951056,46.03288269042969,21425100,0.0,0.0
2023-03-17 00:00:00-04:00,46.161474696885044,46.42782707195971,45.68388192563557,46.09718322753906,47642700,0.0,0.0
2023-03-20 00:00:00-04:00,46.124730496687576,46.87786199831608,45.93185262149265,46.786014556884766,22699700,0.0,0.0
2023-03-21 00:00:00-04:00,47.03400592395106,47.144222873658855,46.22576931449423,46.53804016113281,23334000,0.0,0.0
2023-03-22 00:00:00-04:00,46.602331056784664,46.61151404997917,45.38996924141358,45.42670822143555,21399400,0.0,0.0
2023-03-23 00:00:00-04:00,45.51855103811752,46.15228261268948,45.380781628869805,45.674686431884766,17775400,0.0,0.0
2023-03-24 00:00:00-04:00,45.83082532699506,46.427817925255056,45.463442571433816,46.39107894897461,19438800,0.0,0.0
2023-03-27 00:00:00-04:00,46.56560020824062,46.795213618041,46.36353928645706,46.41864776611328,15857200,0.0,0.0
2023-03-28 00:00:00-04:00,46.21658087881497,46.47374674343788,46.170658903506904,46.2808723449707,11124300,0.0,0.0
2023-03-29 00:00:00-04:00,46.5931427933104,47.08910849393565,46.51048184320619,46.99726104736328,18463400,0.0,0.0
2023-03-30 00:00:00-04:00,47.373834340620434,47.465678291360184,46.96052955504729,47.23606491088867,11754600,0.0,0.0
2023-03-31 00:00:00-04:00,47.24525296915732,48.08104562352486,47.19933098886466,48.016754150390625,20588800,0.0,0.0
2023-04-03 00:00:00-04:00,47.81468292588269,48.27390960341418,47.750391471318004,48.04429626464844,16884600,0.0,0.0
2023-04-04 00:00:00-04:00,48.14609014842534,48.22937201583896,47.59088005229428,47.95176696777344,13599900,0.39,0.0
2023-04-05 00:00:00-04:00,48.18310509615132,48.38668377870457,47.822218180672174,47.95176696777344,13797900,0.0,0.0
2023-04-06 00:00:00-04:00,47.11894223196079,47.71117072956954,46.943126547789916,47.44281768798828,14749000,0.0,0.0
2023-04-10 00:00:00-04:00,47.294765746512006,47.5631188124942,47.081935100024616,47.49834442138672,10177700,0.0,0.0
2023-04-11 00:00:00-04:00,47.304019179624845,47.470582913315816,46.74880908728137,46.84134292602539,15957900,0.0,0.0
2023-04-12 00:00:00-04:00,47.026414724384644,47.14671154021526,46.313892861295216,46.369415283203125,16100700,0.0,0.0
2023-04-13 00:00:00-04:00,46.461945962567384,47.03566702676963,46.35090465624479,47.007904052734375,15451700,0.0,0.0
2023-04-14 00:00:00-04:00,46.7488112509926,47.05417575693303,46.45269871737892,46.76731872558594,12360100,0.0,0.0
2023-04-17 00:00:00-04:00,46.78582305127384,46.8968643614204,46.31389130575661,46.5267219543457,12042300,0.0,0.0
2023-04-18 00:00:00-04:00,46.61926353334198,46.90612057130105,46.332402965442974,46.55448913574219,15203600,0.0,0.0
2023-04-19 00:00:00-04:00,45.5551018895399,45.592116835700104,44.40766679808983,44.45393371582031,30466700,0.0,0.0
2023-04-20 00:00:00-04:00,44.05602856506022,44.09304350844415,42.89933805885695,43.1029167175293,39769400,0.0,0.0
2023-04-21 00:00:00-04:00,43.09366774743975,43.60261094131026,42.788303243093374,43.51932907104492,20861000,0.0,0.0
2023-04-24 00:00:00-04:00,43.537838930061376,43.90798138038849,43.49157200625549,43.85245895385742,17359900,0.0,0.0
2023-04-25 00:00:00-04:00,43.833941901005936,43.88946431540584,43.31574681969718,43.57484436035156,20281600,0.0,0.0
2023-04-26 00:00:00-04:00,43.2694855085768,43.352767382784606,42.96412098977481,43.06591033935547,22390500,0.0,0.0
2023-04-27 00:00:00-04:00,43.287990593771795,43.306498068122735,42.5384572972275,43.084415435791016,22845400,0.0,0.0
2023-04-28 00:00:00-04:00,43.20470555136984,43.73215617684841,43.13067918934209,43.722904205322266,19665000,0.0,0.0
2023-05-01 00:00:00-04:00,43.676637893226456,43.972750405321044,43.61186350182699,43.80618667602539,13122300,0.0,0.0
2023-05-02 00:00:00-04:00,43.40828088185222,43.565592625199756,42.62173275493233,42.89933776855469,20175100,0.0,0.0
2023-05-03 00:00:00-04:00,42.95485897206565,43.075155778773485,42.43666385998165,42.529197692871094,20765700,0.0,0.0
2023-05-04 00:00:00-04:00,42.35338676201853,42.50144302925764,42.159063573130915,42.288612365722656,17748900,0.0,0.0
2023-05-05 00:00:00-04:00,42.67725339625062,42.89933953425293,42.49218220290527,42.797550201416016,14317400,0.0,0.0
2023-05-08 00:00:00-04:00,42.97336650513887,43.047396395506226,42.649494559630355,42.88083267211914,12000000,0.0,0.0
2023-05-09 00:00:00-04:00,42.547701125730924,43.04739224774525,42.49217871330518,43.00112533569336,15221900,0.0,0.0
2023-05-10 00:00:00-04:00,43.21396122423794,43.426791869578764,42.705018069732546,43.22321319580078,15625100,0.0,0.0
2023-05-11 00:00:00-04:00,43.33425703492667,43.35276097762566,42.75128400160341,42.908592224121094,12521900,0.0,0.0
2023-05-12 00:00:00-04:00,42.82531134974721,43.31575056112693,42.82531134974721,43.22321319580078,14097500,0.0,0.0
2023-05-15 00:00:00-04:00,43.30649378797023,43.73215506615273,43.08441117758782,43.58409881591797,13204400,0.0,0.0
2023-05-16 00:00:00-04:00,43.7136537373235,43.7969356036814,43.30649637737833,43.417537689208984,16496300,0.0,0.0
2023-05-17 00:00:00-04:00,43.6303704220583,44.19483246425055,43.50081811096186,44.07453918457031,29326000,0.0,0.0
2023-05-18 00:00:00-04:00,42.3441274608358,44.648256663591425,42.2886085718144,44.60198974609375,41475700,0.0,0.0
2023-05-19 00:00:00-04:00,44.81481896159993,45.65688954099034,44.78705951797435,45.46256637573242,28564100,0.0,0.0
2023-05-22 00:00:00-04:00,45.44406184295617,45.5551031545808,45.129441851736665,45.17570877075195,18667500,0.0,0.0
2023-05-23 00:00:00-04:00,44.98138619371585,45.6661450761433,44.972130691825384,45.25899124145508,17645900,0.0,0.0
2023-05-24 00:00:00-04:00,45.29600543507784,45.34227235394087,44.574228087043906,44.79631423950195,15452900,0.0,0.0
2023-05-25 00:00:00-04:00,44.20408691677872,45.55510064526944,44.15782000031194,45.37002944946289,21717000,0.0,0.0
2023-05-26 00:00:00-04:00,45.444062398691116,46.35090743625133,45.444062398691116,46.13807678222656,19825600,0.0,0.0
2023-05-30 00:00:00-04:00,46.25836657857971,46.72104276407087,46.02702848583413,46.4249267578125,19074800,0.0,0.0
2023-05-31 00:00:00-04:00,46.18434354038247,46.295384852976916,45.90673849392653,45.962257385253906,51990300,0.0,0.0
2023-06-01 00:00:00-04:00,46.04553870311684,46.35090672153481,45.58286245456087,46.027034759521484,17817000,0.0,0.0
2023-06-02 00:00:00-04:00,46.14732852450781,46.498963465465586,46.0177797383496,46.2861328125,19155400,0.0,0.0
2023-06-05 00:00:00-04:00,46.47120008112764,46.80432752012258,46.30463636163017,46.461944580078125,13964100,0.0,0.0
2023-06-06 00:00:00-04:00,46.073297032725684,46.1843383327995,45.471816558275556,46.09180450439453,16029600,0.0,0.0
2023-06-07 00:00:00-04:00,45.99002239872659,46.397176249574095,45.94375547725707,46.064048767089844,15950600,0.0,0.0
2023-06-08 00:00:00-04:00,46.193590627829145,46.267620515024056,45.869718696199705,45.97150802612305,13289100,0.0,0.0
2023-06-09 00:00:00-04:00,45.83270612174715,46.23986346248695,45.68464986964345,45.9530029296875,12173400,0.0,0.0
2023-06-12 00:00:00-04:00,46.19359711358133,46.73955525351073,45.962258978525476,46.711795806884766,15495000,0.0,0.0
2023-06-13 00:00:00-04:00,46.906114717797216,47.137452831767305,46.68403210515204,47.007904052734375,24035500,0.0,0.0
2023-06-14 00:00:00-04:00,47.00790383195989,47.39655369717286,46.850595609569986,47.15596008300781,16630700,0.0,0.0
2023-06-15 00:00:00-04:00,47.10969458238488,48.18310331723043,47.03566821960566,48.05355453491211,22496900,0.0,0.0
2023-06-16 00:00:00-04:00,48.30340228481987,48.497725466974465,48.053556680646935,48.18310546875,37134400,0.0,0.0
2023-06-20 00:00:00-04:00,48.06280645745073,48.19235876957633,47.627893192960435,47.70191955566406,20138000,0.0,0.0
2023-06-21 00:00:00-04:00,47.54461173396175,47.5631192072803,47.02641307086112,47.05417251586914,16939600,0.0,0.0
2023-06-22 00:00:00-04:00,46.86910286344872,47.322523585818296,46.66552419548065,47.30401611328125,14993800,0.0,0.0
2023-06-23 00:00:00-04:00,46.859843579100136,46.933873463271716,46.35090048020765,46.5729866027832,16544600,0.0,0.0
2023-06-26 00:00:00-04:00,46.55448194087638,47.00790265399997,46.43418513680834,46.461944580078125,13032100,0.0,0.0
2023-06-27 00:00:00-04:00,46.55448382127609,47.22999069766075,46.498961402554514,47.06342697143555,12981000,0.0,0.0
2023-06-28 00:00:00-04:00,46.989399559494466,47.211485716161,46.67477956334836,47.07268142700195,11387600,0.0,0.0
2023-06-29 00:00:00-04:00,47.063426635270666,47.442821002309365,47.026411689720675,47.387298583984375,14246000,0.0,0.0
2023-06-30 00:00:00-04:00,48.00728773527439,48.35891913673675,47.67416027709776,47.87773895263672,18188300,0.0,0.0
2023-07-03 00:00:00-04:00,47.52610565874365,47.96102246967479,47.49834621291901,47.95176696777344,7338300,0.0,0.0
2023-07-05 00:00:00-04:00,47.52287887076321,48.08229919890552,47.485583233765006,48.0263557434082,14950500,0.39,0.0
2023-07-06 00:00:00-04:00,47.61611622681044,47.72799958537441,47.224522693482605,47.653411865234375,13931100,0.0,0.0
2023-07-07 00:00:00-04:00,47.55084892534992,48.156890579434524,47.308434397740704,47.541526794433594,15580400,0.0,0.0
2023-07-10 00:00:00-04:00,47.616110150055384,48.017029320177926,47.569492386328726,47.92379379272461,19046500,0.0,0.0
2023-07-11 00:00:00-04:00,48.08229408245384,48.62307009126061,48.054324136035326,48.595096588134766,14998300,0.0,0.0
2023-07-12 00:00:00-04:00,48.072976295351395,48.4179520402709,47.11263321997512,47.308433532714844,26332500,0.0,0.0
2023-07-13 00:00:00-04:00,47.261807663433146,48.1289115644183,47.224515587328604,48.04499816894531,17864800,0.0,0.0
2023-07-14 00:00:00-04:00,47.010070398734776,47.52287649000073,46.67442035268913,46.9727783203125,19566600,0.0,0.0
2023-07-17 00:00:00-04:00,46.804949411885644,47.50422653390573,46.749005961709386,47.373695373535156,16140700,0.0,0.0
2023-07-18 00:00:00-04:00,47.53219817210538,47.89582171942243,47.41098913743053,47.77461624145508,16430800,0.0,0.0
2023-07-19 00:00:00-04:00,48.6790137590889,48.893458330577815,48.20350684956263,48.88413619995117,21745000,0.0,0.0
2023-07-20 00:00:00-04:00,48.53916137248904,49.29437845221957,48.40862664430733,48.82819366455078,22784400,0.0,0.0
2023-07-21 00:00:00-04:00,49.18248957227917,49.415581939920294,48.977367150608636,49.07060623168945,51284800,0.0,0.0
2023-07-24 00:00:00-04:00,49.126545676633526,49.70461730395296,49.10789786058704,49.51814270019531,18390200,0.0,0.0
2023-07-25 00:00:00-04:00,49.59273094747255,50.12418126210679,49.518143239181974,49.97500228881836,16136600,0.0,0.0
2023-07-26 00:00:00-04:00,49.91906643629657,50.021627655614374,49.378290391423626,49.62070846557617,13563700,0.0,0.0
2023-07-27 00:00:00-04:00,49.97500485357365,50.24539286800647,49.28505340047106,49.415584564208984,15795500,0.0,0.0
2023-07-28 00:00:00-04:00,48.53915728102717,48.874807312221655,48.26876927336098,48.5671272277832,27491300,0.0,0.0
2023-07-31 00:00:00-04:00,48.334033208157436,48.65103896852762,48.240797684339775,48.5205078125,14193500,0.0,0.0
2023-08-01 00:00:00-04:00,49.01466600660043,49.21046275468625,48.77225149326191,49.09857940673828,15286200,0.0,0.0
2023-08-02 00:00:00-04:00,48.83752361780127,49.51815304044273,48.78158015797984,49.02399826049805,17693700,0.0,0.0
2023-08-03 00:00:00-04:00,48.94008281907745,49.6673299830498,48.70699041455219,49.55544662475586,15186400,0.0,0.0
2023-08-04 00:00:00-04:00,49.30369859933059,49.713939885964365,48.98669283707036,49.07060623168945,12266700,0.0,0.0
2023-08-07 00:00:00-04:00,49.387611794054784,49.48084731805096,49.11722379507572,49.424903869628906,11327900,0.0,0.0
2023-08-08 00:00:00-04:00,49.098581661741235,49.53679649999943,48.818871500671015,49.47153091430664,12224800,0.0,0.0
2023-08-09 00:00:00-04:00,49.32234804669758,49.83515056112563,49.098577801410535,49.4062614440918,18765500,0.0,0.0
2023-08-10 00:00:00-04:00,49.797862350651044,50.47849176132655,49.57409207200736,49.76056671142578,16329500,0.0,0.0
2023-08-11 00:00:00-04:00,49.74191575236167,50.301339635309,49.59273676158392,50.15216064453125,14344500,0.0,0.0
2023-08-14 00:00:00-04:00,50.16147745974771,50.46916109626944,50.08688975061679,50.23606872558594,20707300,0.0,0.0
2023-08-15 00:00:00-04:00,49.99365304088686,50.09621425792806,49.58341172942956,49.741912841796875,20173400,0.0,0.0
2023-08-16 00:00:00-04:00,49.59273666025084,49.900420328749334,49.29437867930498,49.378292083740234,26470200,0.0,0.0
2023-08-17 00:00:00-04:00,50.758195511545466,52.06351426539569,50.6929299295237,51.02858352661133,45278000,0.0,0.0
2023-08-18 00:00:00-04:00,50.93535174841451,51.709216659398855,50.92602606074888,51.317623138427734,28839800,0.0,0.0
2023-08-21 00:00:00-04:00,51.46679651624777,52.01689465715546,51.42017875312827,51.6905632019043,18283200,0.0,0.0
2023-08-22 00:00:00-04:00,51.72785725815946,52.04486301709841,51.541382654658804,51.70920944213867,15661300,0.0,0.0
2023-08-23 00:00:00-04:00,51.849074078726275,52.39917228556382,51.653277316133526,52.19404983520508,18250000,0.0,0.0
2023-08-24 00:00:00-04:00,52.51104649971309,52.660225467627335,51.47611585374867,51.50408935546875,17586400,0.0,0.0
2023-08-25 00:00:00-04:00,51.51342018355611,52.09148833724907,51.51342018355611,51.932987213134766,15731800,0.0,0.0
2023-08-28 00:00:00-04:00,52.110134078199316,52.47375763709955,51.91433732443882,52.399169921875,15189900,0.0,0.0
2023-08-29 00:00:00-04:00,52.539028618394276,52.95859567434074,52.315261893028136,52.73482894897461,17859100,0.0,0.0
2023-08-30 00:00:00-04:00,52.80008778040667,53.061150112146684,52.71617437996059,52.96791458129883,12145400,0.0,0.0
2023-08-31 00:00:00-04:00,53.238308788107524,53.639228046210555,53.04251200346414,53.47140121459961,22619700,0.0,0.0
2023-09-01 00:00:00-04:00,53.50869374856451,54.254588758674565,53.50869374856451,53.928260803222656,14080400,0.0,0.0
2023-09-05 00:00:00-04:00,53.90960994546112,53.90960994546112,53.359511739621404,53.387481689453125,13885000,0.0,0.0
2023-09-06 00:00:00-04:00,53.238303216665486,53.58328253260121,53.21033326656013,53.294246673583984,11380400,0.0,0.0
2023-09-07 00:00:00-04:00,53.11709132016767,53.228974663798866,52.82805549602076,52.94926452636719,14762000,0.0,0.0
2023-09-08 00:00:00-04:00,52.921285213861104,53.210321006281106,52.73481418051346,52.837371826171875,13992000,0.0,0.0
2023-09-11 00:00:00-04:00,52.883996787888115,53.117089152352776,52.62293092112679,52.995880126953125,15842300,0.0,0.0
2023-09-12 00:00:00-04:00,52.81873873352105,53.01453549394961,52.52970288000195,52.57632064819336,13916100,0.0,0.0
2023-09-13 00:00:00-04:00,52.51105433422953,52.70685109194676,52.287287627326315,52.473758697509766,13092200,0.0,0.0
2023-09-14 00:00:00-04:00,52.604284541388715,52.6509058609203,52.28728233150079,52.55766677856445,15760300,0.0,0.0
2023-09-15 00:00:00-04:00,52.501728752156716,52.57631646398547,51.78380379767927,52.2499885559082,44029200,0.0,0.0
2023-09-18 00:00:00-04:00,52.22201512562382,52.473755322227944,52.05419188459518,52.31525421142578,11825000,0.0,0.0
2023-09-19 00:00:00-04:00,52.380516654089746,52.40848659980043,51.709209503375284,52.06351089477539,10748500,0.0,0.0
2023-09-20 00:00:00-04:00,52.16608040263564,52.2593159409736,51.690569909671765,51.74651336669922,12219900,0.0,0.0
2023-09-21 00:00:00-04:00,49.797859122436286,50.44119285218153,49.27573087725397,49.73259353637695,37436100,0.0,0.0
2023-09-22 00:00:00-04:00,49.788531823548716,50.189450985845085,49.602057215574796,49.9470329284668,17869500,0.0,0.0
2023-09-25 00:00:00-04:00,49.84447321568575,50.049595646298364,49.56476307366419,49.863121032714844,14224400,0.0,0.0
2023-09-26 00:00:00-04:00,49.58341750357813,49.695300863967034,49.02399714492574,49.14520263671875,15618400,0.0,0.0
2023-09-27 00:00:00-04:00,49.31302637595448,49.760563346268356,48.97737275904215,49.6020622253418,15845500,0.0,0.0
2023-09-28 00:00:00-04:00,49.760558297635505,50.52510098894079,49.74191048117594,50.23606872558594,17204400,0.0,0.0
2023-09-29 00:00:00-04:00,50.49712904108206,50.53442467252292,49.8817653491367,50.12417984008789,13951200,0.0,0.0
2023-10-02 00:00:00-04:00,50.198779613066904,50.72090787163266,50.17080966309817,50.71158218383789,13934000,0.0,0.0
2023-10-03 00:00:00-04:00,50.580103438465116,50.6082753906127,50.10115875758783,50.38289260864258,15700600,0.39,0.0
2023-10-04 00:00:00-04:00,50.39227917789795,50.57070750193377,49.97907504636495,50.195068359375,17009000,0.0,0.0
2023-10-05 00:00:00-04:00,50.148120701657454,50.21385765006228,49.378056235433824,49.83821487426758,14929400,0.0,0.0
2023-10-06 00:00:00-04:00,49.76308173335489,50.47679861189271,49.52830592585771,50.195068359375,15665500,0.0,0.0
2023-10-09 00:00:00-04:00,50.10116308973363,50.67401671556617,50.00725418619176,50.636451721191406,10163600,0.0,0.0
2023-10-10 00:00:00-04:00,50.6740160575971,50.79610049653238,50.38289631096026,50.58949661254883,13105600,0.0,0.0
2023-10-11 00:00:00-04:00,50.64584272153718,50.833664103452634,50.10116107222185,50.39228439331055,12658000,0.0,0.0
2023-10-12 00:00:00-04:00,50.7303586459096,50.91818001479883,50.25141397612233,50.570709228515625,11846100,0.0,0.0
2023-10-13 00:00:00-04:00,50.598888334565345,50.82427112722819,50.18568057735864,50.49558639526367,14413800,0.0,0.0
2023-10-16 00:00:00-04:00,50.77731222959501,51.26564634745012,50.74914027857852,50.86183166503906,11736600,0.0,0.0
2023-10-17 00:00:00-04:00,50.514368128143815,50.69279646817102,49.93212149404375,50.65523147583008,17105900,0.0,0.0
2023-10-18 00:00:00-04:00,50.51436889171806,50.89000807362109,50.33593696659883,50.49558639526367,13087300,0.0,0.0
2023-10-19 00:00:00-04:00,50.486190756319246,50.64584017676378,49.96029521225423,50.0729866027832,16325600,0.0,0.0
2023-10-20 00:00:00-04:00,50.13871647703616,50.326537823034464,49.58464547665799,49.706729888916016,23888700,0.0,0.0
2023-10-23 00:00:00-04:00,49.60343365852809,49.63160560982091,48.983625653323706,49.02119064331055,17760000,0.0,0.0
2023-10-24 00:00:00-04:00,49.077536693954826,49.81942915789078,48.88971890058932,49.781864166259766,14824200,0.0,0.0
2023-10-25 00:00:00-04:00,49.87577738311501,50.119942667538794,49.143277947448844,49.209014892578125,14384700,0.0,0.0
2023-10-26 00:00:00-04:00,48.7112851818809,48.955454036066776,48.1853896480553,48.24173355102539,17594500,0.0,0.0
2023-10-27 00:00:00-04:00,48.49529241457334,48.97423708964845,48.269909635333626,48.420166015625,13333900,0.0,0.0
2023-10-30 00:00:00-04:00,48.22295772248557,48.49529856580624,47.97879241693972,48.429561614990234,13322400,0.0,0.0
2023-10-31 00:00:00-04:00,48.598591737905934,48.99301337159176,48.5328547989583,48.95545196533203,13509300,0.0,0.0
2023-11-01 00:00:00-04:00,48.870939319913255,49.0963221183538,48.64555293907773,49.011802673339844,14300700,0.0,0.0
2023-11-02 00:00:00-04:00,49.13388593462064,49.584655103093,49.00241204161557,49.53770065307617,17459700,0.0,0.0
2023-11-03 00:00:00-04:00,50.01663999036141,50.195071909411325,49.425007492949504,49.781864166259766,17644900,0.0,0.0
2023-11-06 00:00:00-05:00,49.74430229799112,50.054204520100285,49.659782858798664,50.04481506347656,15429600,0.0,0.0
2023-11-07 00:00:00-05:00,50.09177261042985,50.185681512055915,49.74430537553944,49.894561767578125,15153100,0.0,0.0
2023-11-08 00:00:00-05:00,50.13871823410934,50.242020157148254,49.55647526526514,49.77246856689453,13633800,0.0,0.0
2023-11-09 00:00:00-05:00,48.94606542195945,49.368662644410506,48.598598186786354,48.8333740234375,21039400,0.0,0.0
2023-11-10 00:00:00-05:00,49.06814448164038,49.42500471730462,48.767631730258266,49.3874397277832,17369000,0.0,0.0
2023-11-13 00:00:00-05:00,49.284141827427426,49.43439821540393,48.91789210563437,49.04936599731445,14931600,0.0,0.0
2023-11-14 00:00:00-05:00,49.27475182572256,50.119942655348375,49.27475182572256,49.93212127685547,18331000,0.0,0.0
2023-11-15 00:00:00-05:00,50.026037635930905,50.17629403389598,49.8100442877558,50.03542709350586,32188200,0.0,0.0
2023-11-16 00:00:00-05:00,44.522884975557766,45.133303521514016,43.38657090190465,45.11452102661133,79057800,0.0,0.0
2023-11-17 00:00:00-05:00,45.1239147724784,45.41503809755321,44.82340199025696,44.8515739440918,32593700,0.0,0.0
2023-11-20 00:00:00-05:00,44.663754330573276,45.42442571242299,44.654361291412656,45.33051681518555,27421000,0.0,0.0
2023-11-21 00:00:00-05:00,45.33051696783727,45.405643369401254,44.75766337853334,44.889137268066406,21510500,0.0,0.0
2023-11-22 00:00:00-05:00,45.15209197998047,45.40564673866906,45.03000753818572,45.15209197998047,17308400,0.0,0.0
2023-11-24 00:00:00-05:00,45.161476932014885,45.45260023882199,45.12391194099564,45.415035247802734,8209500,0.0,0.0
2023-11-27 00:00:00-05:00,45.386861757328674,45.42442316468004,44.992436529785216,45.0112190246582,17651600,0.0,0.0
2023-11-28 00:00:00-05:00,45.030004858036534,45.25538764843292,44.89853096657283,44.936092376708984,16360900,0.0,0.0
2023-11-29 00:00:00-05:00,45.18025647943413,45.490158679134474,45.105126502298,45.12390899658203,16700500,0.0,0.0
2023-11-30 00:00:00-05:00,45.25538689677737,45.54651021046515,45.02061107095023,45.43381881713867,37165000,0.0,0.0
2023-12-01 00:00:00-05:00,45.339905333345826,45.80945697460217,45.09574005614621,45.51833724975586,18744700,0.0,0.0
2023-12-04 00:00:00-05:00,45.133302034921286,45.245993418231,44.870350697339305,45.12390899658203,17812900,0.0,0.0
2023-12-05 00:00:00-05:00,44.84218015319595,45.039390975770374,44.69192377660668,45.0112190246582,20985000,0.0,0.0
2023-12-06 00:00:00-05:00,45.14269810465382,45.27417200150961,44.74827641408645,44.795230865478516,19535500,0.0,0.0
2023-12-07 00:00:00-05:00,44.99244029869373,45.415037512749315,44.88913835943627,45.32112503051758,20478500,0.0,0.0
2023-12-08 00:00:00-05:00,45.339906337370934,45.63102965105872,45.27416939273092,45.43381881713867,16039900,0.0,0.0
2023-12-11 00:00:00-05:00,45.95971556078038,46.429267224556874,45.87519611800482,46.3823127746582,25618900,0.0,0.0
2023-12-12 00:00:00-05:00,46.56074169810115,46.57013115451763,46.1193620162383,46.325965881347656,18712200,0.0,0.0
2023-12-13 00:00:00-05:00,46.24144601152834,46.6734326505397,45.83763132389761,46.664039611816406,18689200,0.0,0.0
2023-12-14 00:00:00-05:00,46.95516318594821,46.96455264233175,46.17570575751204,46.429264068603516,28418700,0.0,0.0
2023-12-15 00:00:00-05:00,46.476227404806934,46.88943159836482,46.419879912887424,46.83308410644531,58860100,0.0,0.0
2023-12-18 00:00:00-05:00,46.88003707130381,47.236897344016306,46.39170648640664,47.1805534362793,20453100,0.0,0.0
2023-12-19 00:00:00-05:00,47.30263871952831,47.38715817144103,46.80491504848409,47.124210357666016,17035800,0.0,0.0
2023-12-20 00:00:00-05:00,47.0678620486826,47.265076488000254,46.757959785289515,46.76734924316406,17812200,0.0,0.0
2023-12-21 00:00:00-05:00,46.889436207238866,46.936390663922865,46.37293001892412,46.67344284057617,18772300,0.0,0.0
2023-12-22 00:00:00-05:00,46.8049084713762,47.32141456830905,46.8049084713762,47.0396842956543,12903800,0.0,0.0
2023-12-26 00:00:00-05:00,47.05846710353838,47.33080792128167,47.00211961567587,47.21811294555664,9721200,0.0,0.0
2023-12-27 00:00:00-05:00,47.23689616485467,47.48106503360308,47.21811366861288,47.368370056152344,10414300,0.0,0.0
2023-12-28 00:00:00-05:00,47.49984968028483,47.54680413181762,47.349589703547856,47.40593719482422,8549900,0.0,0.0
2023-12-29 00:00:00-05:00,47.37775976307645,47.509233645126685,47.1617664450804,47.44349670410156,12492900,0.0,0.0
2024-01-02 00:00:00-05:00,47.41532981959811,47.76279705677384,47.189943438860205,47.43410873413086,20242900,0.0,0.0
2024-01-03 00:00:00-05:00,47.48142758456401,47.96409910904473,47.26375353617353,47.80320739746094,20303900,0.39,0.0
2024-01-04 00:00:00-05:00,47.7369603549792,47.803208823410266,47.311078375142586,47.39625549316406,18134100,0.0,0.0
2024-01-05 00:00:00-05:00,47.490893056684186,47.67070980453348,47.19750441625266,47.40571594238281,13989300,0.0,0.0
2024-01-08 00:00:00-05:00,47.08393154379728,47.79373955702035,47.02714560304214,47.755882263183594,18070300,0.0,0.0
2024-01-09 00:00:00-05:00,47.282686643179666,47.35840124642142,46.7810900326515,47.23536682128906,20489200,0.0,0.0
2024-01-10 00:00:00-05:00,47.32053972193865,47.6233908873374,47.15018549011801,47.54767990112305,15174200,0.0,0.0
2024-01-11 00:00:00-05:00,47.74642749487691,47.79374731471851,47.35839919574251,47.736961364746094,16458300,0.0,0.0
2024-01-12 00:00:00-05:00,47.79374430570805,48.09659546595228,47.60446142798776,47.64231872558594,18785700,0.0,0.0
2024-01-16 00:00:00-05:00,47.55714169915016,47.87892150878906,47.38678746991364,47.87892150878906,17015900,0.0,0.0
2024-01-17 00:00:00-05:00,47.54768314365376,47.72749990716235,47.23536582726045,47.60446548461914,17370600,0.0,0.0
2024-01-18 00:00:00-05:00,47.604460354052826,48.077665732542954,47.58553170568076,48.03034591674805,18487500,0.0,0.0
2024-01-19 00:00:00-05:00,48.03034598344078,48.63604829110591,48.011417335042424,48.52248001098633,23015300,0.0,0.0
2024-01-22 00:00:00-05:00,48.78747546475168,49.00514951305102,48.65497853189735,48.80640411376953,20298700,0.0,0.0
2024-01-23 00:00:00-05:00,48.63605032911011,49.04300726105113,48.55087321288361,48.98622131347656,15044300,0.0,0.0
2024-01-24 00:00:00-05:00,49.213363052929424,49.213363052929424,48.465697632391084,48.560340881347656,19458500,0.0,0.0
2024-01-25 00:00:00-05:00,48.976752981995325,49.74334693706298,48.976752981995325,49.525672912597656,18936600,0.0,0.0
2024-01-26 00:00:00-05:00,49.610853401635055,49.80013628749907,49.203900070892956,49.34585952758789,13160300,0.0,0.0
2024-01-29 00:00:00-05:00,49.06193032429031,49.582455481845315,49.05246780590724,49.487815856933594,13492400,0.0,0.0
2024-01-30 00:00:00-05:00,49.497284504618385,49.61085279062979,49.21336198445452,49.44050216674805,14322100,0.0,0.0
2024-01-31 00:00:00-05:00,49.07139862351936,49.15657574008229,47.38678855179774,47.49089431762695,29311800,0.0,0.0
2024-02-01 00:00:00-05:00,47.53821413565731,47.755888186813536,47.150185851375234,47.49089431762695,20635700,0.0,0.0
2024-02-02 00:00:00-05:00,47.45303701909439,47.680177200019095,46.96090296898309,47.49089431762695,20533100,0.0,0.0
2024-02-05 00:00:00-05:00,47.26375319004577,47.462502198225614,46.6201935689649,46.85679626464844,19602000,0.0,0.0
2024-02-06 00:00:00-05:00,47.613934000743704,47.89785655060986,47.12179989618254,47.30161666870117,19265800,0.0,0.0
2024-02-07 00:00:00-05:00,47.60446370771452,47.65178352684304,46.809478471434794,47.102867126464844,16794400,0.0,0.0
2024-02-08 00:00:00-05:00,47.225904055308725,47.31108117837704,46.894658083255955,47.273223876953125,19599000,0.0,0.0
2024-02-09 00:00:00-05:00,47.254290121645376,47.56660379897785,46.97036761217842,47.443572998046875,24076900,0.0,0.0
2024-02-12 00:00:00-05:00,47.348926988074666,47.50981868720961,46.87572162985599,47.311073303222656,19046300,0.0,0.0
2024-02-13 00:00:00-05:00,46.96090304625921,47.26375421447672,46.50662629393295,46.97983169555664,23633700,0.0,0.0
2024-02-14 00:00:00-05:00,46.913586111645685,47.642322908169696,46.89465746118482,47.58553695678711,31176400,0.0,0.0
2024-02-15 00:00:00-05:00,45.67378429313584,47.02715204591868,45.60753582498038,46.43091583251953,42766500,0.0,0.0
2024-02-16 00:00:00-05:00,46.13752391568763,46.44984119512365,45.796815469128504,45.84413528442383,24912300,0.0,0.0
2024-02-20 00:00:00-05:00,45.39932584797747,45.872531233558995,45.28575395604309,45.692710876464844,26402500,0.0,0.0
2024-02-21 00:00:00-05:00,45.85360879778729,45.91985727192332,45.333083525173734,45.88199996948242,15981300,0.0,0.0
2024-02-22 00:00:00-05:00,45.68324820697136,46.0902051260542,45.56967992568121,45.96717071533203,22020300,0.0,0.0
2024-02-23 00:00:00-05:00,46.01449417804614,46.50662824966284,45.9009258877564,46.241634368896484,13141900,0.0,0.0
2024-02-26 00:00:00-05:00,46.23216399552381,46.279487421549476,45.76842474674471,45.80628204345703,13018700,0.0,0.0
2024-02-27 00:00:00-05:00,45.56968189787958,45.853604418528064,45.44664748183264,45.721107482910156,12515400,0.0,0.0
2024-02-28 00:00:00-05:00,45.61700163508913,45.881995505853325,45.43718127112424,45.48450469970703,14635100,0.0,0.0
2024-02-29 00:00:00-05:00,45.60753121888226,45.88199119367643,45.550748886352686,45.77788543701172,22962500,0.0,0.0
2024-03-01 00:00:00-05:00,45.531822057698484,45.825207081542665,45.10593649536118,45.80628204345703,18508100,0.0,0.0
2024-03-04 00:00:00-05:00,45.77788766254835,46.818941669536954,45.645390733177386,46.497161865234375,25214500,0.0,0.0
2024-03-05 00:00:00-05:00,46.41199368844405,46.440384861555685,45.9671793882484,46.32681655883789,18101300,0.0,0.0
2024-03-06 00:00:00-05:00,46.355194562430746,46.7621514426802,46.34573204417226,46.535011291503906,20903600,0.0,0.0
2024-03-07 00:00:00-05:00,46.79055053329958,46.82840783328643,46.21324295471899,46.27949142456055,21224700,0.0,0.0
2024-03-08 00:00:00-05:00,46.251092218938275,47.11232585474294,46.23216357075602,46.84733200073242,19316200,0.0,0.0
2024-03-11 00:00:00-04:00,47.05554975158145,47.60446618047247,46.9230528070309,47.52875518798828,17715100,0.0,0.0
2024-03-12 00:00:00-04:00,47.831605486461896,47.84106800649434,47.216436986496824,47.38679122924805,17590400,0.0,0.0
2024-03-13 00:00:00-04:00,47.348933683960105,47.462505585388115,47.15965440212186,47.42464828491211,16669900,0.0,0.0
2024-03-14 00:00:00-04:00,47.576068563770335,47.65177954599689,46.941971487554405,47.12179183959961,17239400,0.0,0.0
2024-03-15 00:00:00-04:00,47.12179426143324,47.28268236335258,46.27948923310101,46.30788040161133,57049200,0.0,0.0
2024-03-18 00:00:00-04:00,46.582337930260834,46.99875735752382,46.355197763399815,46.62965774536133,17406700,0.0,0.0
2024-03-19 00:00:00-04:00,46.48769366677538,46.941970380230075,46.345734224597884,46.506622314453125,19601100,0.0,0.0
2024-03-20 00:00:00-04:00,46.411985412129106,46.92304809863195,46.317342168181945,46.8946533203125,18554100,0.0,0.0
2024-03-21 00:00:00-04:00,47.04607850661543,47.500355242948004,46.904119057288696,47.20697021484375,26102900,0.0,0.0
2024-03-22 00:00:00-04:00,47.367866590847804,47.415186415559695,47.055552859532334,47.112335205078125,15022900,0.0,0.0
2024-03-25 00:00:00-04:00,46.9041166608105,47.093395916908605,46.64858533275358,47.01768493652344,16191200,0.0,0.0
2024-03-26 00:00:00-04:00,46.8946533203125,47.14072214430451,46.82840485468479,46.8946533203125,13842900,0.0,0.0
2024-03-27 00:00:00-04:00,47.102867126464844,47.22590154441561,46.762158652306276,47.102867126464844,17231000,0.0,0.0
2024-03-28 00:00:00-04:00,47.216438170478625,47.50982684263394,47.140727177507856,47.23536682128906,18139700,0.0,0.0
2024-04-01 00:00:00-04:00,47.282687647347515,47.509827851625694,47.19751052202709,47.358402252197266,15138100,0.0,0.0
2024-04-02 00:00:00-04:00,47.28268113771639,47.40571554852297,46.5160907256437,46.71483612060547,16414400,0.0,0.0
2024-04-03 00:00:00-04:00,46.56217101653657,46.96291291193395,46.42859159799283,46.50492477416992,22210000,0.4,0.0
2024-04-04 00:00:00-04:00,46.83887973547781,47.277784639309,45.83703031942256,45.9038200378418,17374000,0.0,0.0
2024-04-05 00:00:00-04:00,45.76069443695552,46.43813504945108,45.69390472247097,46.323638916015625,18661300,0.0,0.0
2024-04-08 00:00:00-04:00,45.980148673548264,46.42859703670512,45.95152554901199,46.02785873413086,15375700,0.0,0.0
2024-04-09 00:00:00-04:00,46.60034076961596,47.897975734629576,46.29501532370292,47.7166862487793,26686600,0.0,0.0
2024-04-10 00:00:00-04:00,47.449527718267994,47.48769430920992,46.57171796520232,46.953372955322266,20026400,0.0,0.0
2024-04-11 00:00:00-04:00,47.058328370758716,47.315947395096046,46.75300292852922,47.258697509765625,15703900,0.0,0.0
2024-04-12 00:00:00-04:00,46.95336830960353,46.972451603186336,46.218677885613076,46.266387939453125,16418100,0.0,0.0
2024-04-15 00:00:00-04:00,47.43998990093054,47.50677961802625,45.989692141571425,46.02785873413086,20310800,0.0,0.0
2024-04-16 00:00:00-04:00,46.24730420470144,46.28546715173691,45.64619320175872,45.7225227355957,14233400,0.0,0.0
2024-04-17 00:00:00-04:00,45.798856979746425,46.066015814069786,45.52215467861659,45.598487854003906,14407600,0.0,0.0
2024-04-18 00:00:00-04:00,46.190062208176634,46.190062208176634,45.6843675859262,45.9038200378418,13080900,0.0,0.0
2024-04-19 00:00:00-04:00,46.17097290675439,46.20913949510639,45.82748089111877,46.104183197021484,20964400,0.0,0.0
2024-04-22 00:00:00-04:00,46.26639393273536,46.361806773242925,45.79886227880857,45.93244171142578,20135700,0.0,0.0
2024-04-23 00:00:00-04:00,45.932437189203675,46.237762616487295,45.85610765226587,46.104183197021484,16261700,0.0,0.0
2024-04-24 00:00:00-04:00,45.84656653750911,46.16143544791857,45.722526938884194,46.132808685302734,14828500,0.0,0.0
2024-04-25 00:00:00-04:00,46.543089311172956,46.6862122015072,45.65573612653972,45.89427185058594,18790900,0.0,0.0
2024-04-26 00:00:00-04:00,45.455366787485765,46.06601765593556,45.42674366545414,45.665279388427734,14658900,0.0,0.0
2024-04-29 00:00:00-04:00,45.78932390590029,46.094649372947934,45.39812542376007,45.588951110839844,11599500,0.0,0.0
2024-04-30 00:00:00-04:00,45.426745062196005,45.503074603216,44.816094174970445,44.82563400268555,18535400,0.0,0.0
2024-05-01 00:00:00-04:00,44.55847151811433,45.38857477280081,44.53938822447295,44.69205093383789,18266400,0.0,0.0
2024-05-02 00:00:00-04:00,44.8733365730249,44.95920957416301,44.46305486089459,44.644344329833984,15441700,0.0,0.0
2024-05-03 00:00:00-04:00,44.940129961712536,45.2263757487971,44.69205440464115,44.95921325683594,17935300,0.0,0.0
2024-05-06 00:00:00-04:00,45.05462900056514,45.26453796397988,44.816093275047145,44.94967269897461,14163000,0.0,0.0
2024-05-07 00:00:00-04:00,45.04508391714154,45.28361963410132,44.854254615620476,45.111873626708984,14308200,0.0,0.0
2024-05-08 00:00:00-04:00,45.26453354457317,45.93243423876629,45.08324772119522,45.79885482788086,15130200,0.0,0.0
2024-05-09 00:00:00-04:00,45.798856979746425,45.88472998217409,45.46490843684223,45.598487854003906,12449300,0.0,0.0
2024-05-10 00:00:00-04:00,45.79885973415704,45.894272569363324,45.51261758877183,45.856109619140625,12096900,0.0,0.0
2024-05-13 00:00:00-04:00,46.094645751225315,46.58125703867167,46.01831257057767,46.44767761230469,15149100,0.0,0.0
2024-05-14 00:00:00-04:00,46.73392250198033,46.9247518250286,46.132811408296604,46.705299377441406,17379700,0.0,0.0
2024-05-15 00:00:00-04:00,46.934288602232535,47.44952664903884,46.495383735589996,47.392276763916016,37342100,0.0,0.0
2024-05-16 00:00:00-04:00,47.783478381988246,47.812101504384565,45.961061941074156,46.123268127441406,47829400,0.0,0.0
2024-05-17 00:00:00-04:00,46.046936394662886,46.33318218668424,45.903817138418646,45.961063385009766,22020300,0.0,0.0
2024-05-20 00:00:00-04:00,45.79885708014029,45.86564678886754,44.854254051365295,44.968753814697266,22040700,0.0,0.0
2024-05-21 00:00:00-04:00,44.95921397563299,44.98784073865895,44.47260268138889,44.78746795654297,25172200,0.0,0.0
2024-05-22 00:00:00-04:00,44.940132142946155,45.646199537716285,44.88288589456381,45.255001068115234,19940600,0.0,0.0
2024-05-23 00:00:00-04:00,44.98783612806756,45.02599907524698,44.37718165623813,44.46305465698242,18837500,0.0,0.0
2024-05-24 00:00:00-04:00,44.49168595339722,44.6538885048044,44.25315022031626,44.29131317138672,11941100,0.0,0.0
2024-05-28 00:00:00-04:00,44.03369795617727,44.73976169061012,43.87149176436446,44.15773391723633,18178800,0.0,0.0
2024-05-29 00:00:00-04:00,43.79515768464123,44.20543939583027,43.747447630967,43.96690368652344,16001100,0.0,0.0
2024-05-30 00:00:00-04:00,43.9859826247627,44.32947462293959,43.890569798498454,44.00506591796875,19894200,0.0,0.0
2024-05-31 00:00:00-04:00,44.02414944894256,44.4344311556735,43.90010986231631,44.36764144897461,39269100,0.0,0.0
2024-06-03 00:00:00-04:00,44.57755860392437,44.62526502220311,44.1577333876321,44.51076889038086,23295000,0.0,0.0
2024-06-04 00:00:00-04:00,44.510769831051434,45.41720271680283,44.377186761374915,45.24545669555664,23330300,0.0,0.0
2024-06-05 00:00:00-04:00,45.34087086911343,45.44582717006942,43.54708120492832,43.9096565246582,28746400,0.0,0.0
2024-06-06 00:00:00-04:00,43.833324989385616,44.26269003677438,43.680662265843665,44.11002731323242,15456100,0.0,0.0
2024-06-07 00:00:00-04:00,43.84286752703032,44.16727626264679,43.69020480672647,43.737911224365234,15734600,0.0,0.0
2024-06-10 00:00:00-04:00,43.69974536379148,43.75699524977343,43.19405077680003,43.74745178222656,13400400,0.0,0.0
2024-06-11 00:00:00-04:00,43.594786513090604,43.823782403876805,43.27992125799656,43.671119689941406,17450700,0.0,0.0
2024-06-12 00:00:00-04:00,43.8810315405163,43.96690454313046,43.30854364316647,43.52799606323242,16803100,0.0,0.0
2024-06-13 00:00:00-04:00,43.337166386614385,43.46120597592462,43.050924260315945,43.43258285522461,16149000,0.0,0.0
2024-06-14 00:00:00-04:00,43.24175502070945,43.613870161463296,42.90780646869093,43.58524703979492,15274200,0.0,0.0
2024-06-17 00:00:00-04:00,43.318085133618645,43.613867075976586,42.888720140137465,43.594783782958984,16382000,0.0,0.0
2024-06-18 00:00:00-04:00,43.413505372275274,43.881037031627855,43.413505372275274,43.86195373535156,17627000,0.0,0.0
2024-06-20 00:00:00-04:00,43.80470331396081,44.720679685486964,43.75699689373339,44.57756042480469,25613200,0.0,0.0
2024-06-21 00:00:00-04:00,44.94013232065972,45.646199718221965,44.89242590023027,45.121421813964844,64967000,0.0,0.0
2024-06-24 00:00:00-04:00,45.3122463951775,45.58894506062855,44.86379808256793,45.111873626708984,19136200,0.0,0.0
2024-06-25 00:00:00-04:00,45.102334350307466,45.62711220607422,44.8351755087752,45.20729064941406,17615800,0.0,0.0
2024-06-26 00:00:00-04:00,44.90196516789136,45.235913719425405,44.65388598123788,44.71113586425781,13981300,0.0,0.0
2024-06-27 00:00:00-04:00,44.63479701447858,45.33132079042192,44.62525718840407,45.27407455444336,16541900,0.0,0.0
2024-06-28 00:00:00-04:00,45.369495936735774,45.6652815575891,45.16912679346406,45.331329345703125,23921100,0.0,0.0
2024-07-01 00:00:00-04:00,45.30270331498117,45.646195332698255,45.178663721968626,45.34086990356445,17776000,0.0,0.0
2024-07-02 00:00:00-04:00,45.22637339148133,45.59848852757601,44.80654820018176,45.111873626708984,19794200,0.0,0.0
2024-07-03 00:00:00-04:00,44.98783765091082,45.34086949269148,44.88288135314101,44.93058776855469,8118300,0.0,0.0
2024-07-05 00:00:00-04:00,44.68038652092652,44.99794927830486,44.56490948832973,44.89209747314453,14692600,0.4,0.0
2024-07-08 00:00:00-04:00,44.60339856059105,45.017195229940235,44.21847390206878,44.3243293762207,19320900,0.0,0.0
2024-07-09 00:00:00-04:00,44.2665913722041,44.36282162419893,43.92978181927337,44.074127197265625,17343400,0.0,0.0
2024-07-10 00:00:00-04:00,44.32433104988844,44.54566356285961,44.102998536917276,44.52641677856445,18737300,0.0,0.0
2024-07-11 00:00:00-04:00,44.439805662528,45.14229673174267,44.439805662528,44.997947692871094,19741200,0.0,0.0
2024-07-12 00:00:00-04:00,45.01719672007952,46.05650104148433,44.89209812916685,45.59458923339844,20936100,0.0,0.0
2024-07-15 00:00:00-04:00,45.62345593738671,45.700443071446635,45.02682033221669,45.613834381103516,15925900,0.0,0.0
2024-07-16 00:00:00-04:00,45.661951540843,46.16235692170373,45.44061902697265,45.633079528808594,17037300,0.0,0.0
2024-07-17 00:00:00-04:00,45.6715700249716,46.903338445356475,45.56571455351406,46.691627502441406,26638700,0.0,0.0
2024-07-18 00:00:00-04:00,46.335572729606966,46.80710608234928,46.17197690348816,46.22971725463867,18462500,0.0,0.0
2024-07-19 00:00:00-04:00,46.27783078927263,46.28745234532632,45.363628784334054,45.53684616088867,18289200,0.0,0.0
2024-07-22 00:00:00-04:00,45.53684936276506,45.594589715992726,45.00757563983219,45.05569076538086,19899400,0.0,0.0
2024-07-23 00:00:00-04:00,44.988328783289326,45.017197124382484,44.59377888090484,44.6130256652832,16372000,0.0,0.0
2024-07-24 00:00:00-04:00,44.786240615339075,45.26739918575497,44.49754620727925,45.084556579589844,25318200,0.0,0.0
2024-07-25 00:00:00-04:00,45.58496416140801,46.37406396178329,45.28664818257635,45.45986557006836,20631200,0.0,0.0
2024-07-26 00:00:00-04:00,45.53684949146853,46.20084703619386,45.459866024562835,46.075748443603516,16104900,0.0,0.0
2024-07-29 00:00:00-04:00,46.01801425304639,46.39331742297643,45.6523326411623,46.181610107421875,11475700,0.0,0.0
2024-07-30 00:00:00-04:00,46.374065749617166,46.7205005379571,46.08537131631685,46.325950622558594,20166000,0.0,0.0
2024-07-31 00:00:00-04:00,46.58577401033246,46.932208778567976,46.42218185363717,46.624267578125,19953600,0.0,0.0
2024-08-01 00:00:00-04:00,46.7878634870294,46.88409741422835,45.42137475934506,45.60421371459961,18837500,0.0,0.0
2024-08-02 00:00:00-04:00,45.88328597272514,45.950647885373336,44.60340229051162,44.9017219543457,24000200,0.0,0.0
2024-08-05 00:00:00-04:00,44.79586115501646,44.920963408351355,43.00595072633445,43.05406951904297,29669600,0.0,0.0
2024-08-06 00:00:00-04:00,43.063694421123486,44.01639005817139,42.957838942457194,43.45824432373047,20524000,0.0,0.0
2024-08-07 00:00:00-04:00,43.708444633964476,44.46867608859093,43.39088187287352,43.41975021362305,18301100,0.0,0.0
2024-08-08 00:00:00-04:00,43.57371945595752,44.52641505139475,43.57371945595752,44.102996826171875,18369100,0.0,0.0
2024-08-09 00:00:00-04:00,43.97789761370541,44.32433239967048,43.53523257428287,43.75656509399414,21217600,0.0,0.0
2024-08-12 00:00:00-04:00,43.81430263625199,44.0163920459909,42.82311705661161,43.169551849365234,20289500,0.0,0.0
2024-08-13 00:00:00-04:00,43.28502859347814,43.6795785112008,43.19841989588297,43.66033172607422,20976900,0.0,0.0
2024-08-14 00:00:00-04:00,43.43899343900341,44.01638590333173,43.342763197089575,43.72768783569336,30675600,0.0,0.0
2024-08-15 00:00:00-04:00,46.91296293981818,48.38530706353349,46.345195651759866,46.70125198364258,45976400,0.0,0.0
2024-08-16 00:00:00-04:00,46.80711062549825,47.8560365787097,46.67238679735257,47.59621047973633,27424900,0.0,0.0
2024-08-19 00:00:00-04:00,47.47111460420584,48.10624388116311,47.44224258869696,48.09661865234375,16436600,0.0,0.0
2024-08-20 00:00:00-04:00,48.09660869767519,48.47191178307041,47.73092716815872,48.3468132019043,18697300,0.0,0.0
2024-08-21 00:00:00-04:00,48.394933810787016,48.645134672438424,48.144729278186745,48.54890441894531,21177600,0.0,0.0
2024-08-22 00:00:00-04:00,48.808734330635666,49.01082008136547,48.2890821108026,48.32757568359375,19143100,0.0,0.0
2024-08-23 00:00:00-04:00,48.60664763571004,48.856852201939425,48.42380866111884,48.82798385620117,16474100,0.0,0.0
2024-08-26 00:00:00-04:00,48.87609100341797,49.09742351679562,48.80872909373558,48.87609100341797,12016800,0.0,0.0
2024-08-27 00:00:00-04:00,48.760616838772656,48.92421269205428,48.500794392827025,48.799110412597656,10243900,0.0,0.0
2024-08-28 00:00:00-04:00,48.54890051348058,48.664377542572666,47.54808980548638,47.97150802612305,14571400,0.0,0.0
2024-08-29 00:00:00-04:00,48.08698989927894,48.9049580209713,48.00038120760986,48.49116134643555,16324100,0.0,0.0
2024-08-30 00:00:00-04:00,48.64513867812338,48.77986251248712,48.18322681561234,48.63551712036133,15615800,0.0,0.0
2024-09-03 00:00:00-04:00,48.41418237136672,48.59702132808918,48.01963244405584,48.17360305786133,14918600,0.0,0.0
2024-09-04 00:00:00-04:00,47.942644551796995,48.154355519074,47.71169047017566,47.82716751098633,16411700,0.0,0.0
2024-09-05 00:00:00-04:00,47.634700894120606,47.77904994096714,47.09580194630214,47.27864456176758,16312000,0.0,0.0
2024-09-06 00:00:00-04:00,47.028442520592435,47.37487731456274,46.38369173144132,46.672386169433594,21040500,0.0,0.0
2024-09-09 00:00:00-04:00,46.64351657170669,47.297892571385525,46.44142716669642,46.86484909057617,18677600,0.0,0.0
2024-09-10 00:00:00-04:00,46.95145797729492,47.12467537032168,46.61464474821006,46.95145797729492,11754700,0.0,0.0
2024-09-11 00:00:00-04:00,46.9129646263927,47.3556296679935,46.046877657218204,47.2593994140625,15106600,0.0,0.0
2024-09-12 00:00:00-04:00,47.240149446751424,47.769423149615115,47.0188169408611,47.74055480957031,13229500,0.0,0.0
2024-09-13 00:00:00-04:00,47.865660380124226,48.173601598405895,47.79829479711053,47.923397064208984,10168900,0.0,0.0
2024-09-16 00:00:00-04:00,48.000381672317005,49.14553778796267,47.904147752337096,49.1070442199707,16668200,0.0,0.0
2024-09-17 00:00:00-04:00,49.09742312826162,49.48234779897931,48.66437966162408,48.70287322998047,13230300,0.0,0.0
2024-09-18 00:00:00-04:00,48.491161735146356,49.21289961452468,48.37568470231146,48.66437911987305,12697700,0.0,0.0
2024-09-19 00:00:00-04:00,49.472726202687255,49.77104585078691,49.22252535046886,49.50159454345703,16274000,0.0,0.0
2024-09-20 00:00:00-04:00,49.51121802483133,50.35805814338235,49.482346014131096,50.01162338256836,44096600,0.0,0.0
2024-09-23 00:00:00-04:00,50.09823666841485,50.46391457530879,49.93464082926845,50.22333526611328,18343400,0.0,0.0
2024-09-24 00:00:00-04:00,50.242577730098596,50.5890124928958,50.05011356510586,50.540897369384766,26479300,0.0,0.0
2024-09-25 00:00:00-04:00,50.58901323071158,50.74298383076163,50.39654906291185,50.66600036621094,22422200,0.0,0.0
2024-09-26 00:00:00-04:00,51.002812337821226,51.28188521088608,50.77185459126266,50.858463287353516,18374000,0.0,0.0
2024-09-27 00:00:00-04:00,51.0413071795591,51.21452457605808,50.868089783060114,51.02206039428711,13868300,0.0,0.0
2024-09-30 00:00:00-04:00,51.02205913839615,51.30113201154733,50.666002797000864,51.21452331542969,17807500,0.0,0.0
2024-10-01 00:00:00-04:00,51.10866557860887,51.19527427090367,50.33881257540441,50.75260925292969,16621800,0.0,0.0
2024-10-02 00:00:00-04:00,50.8107912879654,51.23744544326462,50.54897952255334,51.02411651611328,11071300,0.4,0.0
2024-10-03 00:00:00-04:00,50.60715528994711,51.06290208796322,50.57806632803231,50.83987808227539,11029100,0.0,0.0
2024-10-04 00:00:00-04:00,51.198656023936,51.305320484034326,50.82048471922621,51.15017318725586,11724100,0.0,0.0
2024-10-07 00:00:00-04:00,50.98533036073961,51.24713841634338,50.781696530043014,50.917449951171875,10941700,0.0,0.0
2024-10-08 00:00:00-04:00,51.043512488997365,51.169570832858746,50.61685831616357,51.13078308105469,12365000,0.0,0.0
2024-10-09 00:00:00-04:00,51.053210725356166,52.05197128000603,50.94654625854821,51.935611724853516,10586100,0.0,0.0
2024-10-10 00:00:00-04:00,52.07136511035787,52.17802957707295,51.79985454990032,51.91621780395508,9377500,0.0,0.0
2024-10-11 00:00:00-04:00,51.89682311678149,52.682258423853426,51.89682311678149,52.60468292236328,12704500,0.0,0.0
2024-10-14 00:00:00-04:00,52.66286459404035,52.75983027198341,52.158634930928706,52.62407684326172,11428600,0.0,0.0
2024-10-15 00:00:00-04:00,52.769530857773155,52.953770843664245,52.28469501954002,52.43984603881836,20066300,0.0,0.0
2024-10-16 00:00:00-04:00,53.33193434038723,54.69917105460793,53.167091955220364,54.670082092285156,32382300,0.0,0.0
2024-10-17 00:00:00-04:00,54.67008213861752,54.86401718527487,54.156153710125054,54.689476013183594,18383400,0.0,0.0
2024-10-18 00:00:00-04:00,54.699171584863464,55.14521960681899,54.505236536490465,55.03855514526367,17679800,0.0,0.0
2024-10-21 00:00:00-04:00,54.97068012469003,55.32946126987134,54.79613894568385,54.873714447021484,14083600,0.0,0.0
2024-10-22 00:00:00-04:00,54.30160614934608,55.174312013490486,54.16585272581325,54.88340759277344,14956300,0.0,0.0
2024-10-23 00:00:00-04:00,54.456756746556295,54.87371582924015,54.291914350566834,54.573116302490234,18723000,0.0,0.0
2024-10-24 00:00:00-04:00,54.670085188107656,54.83492758260911,54.117372678656174,54.262821197509766,14699600,0.0,0.0
2024-10-25 00:00:00-04:00,54.54403042669242,54.91250669018492,53.98161909299315,54.04949951171875,14680500,0.0,0.0
2024-10-28 00:00:00-04:00,54.20464218175965,54.28221398379077,53.53556643184842,53.60344314575195,12912300,0.0,0.0
2024-10-29 00:00:00-04:00,53.69071441252855,54.40827301014075,53.59374873401501,53.99131393432617,18810100,0.0,0.0
2024-10-30 00:00:00-04:00,53.88464360219391,54.34039037939864,53.69070856727681,53.90403747558594,13284300,0.0,0.0
2024-10-31 00:00:00-04:00,53.748892662325936,53.8264644604627,53.05072798407854,53.108909606933594,22023400,0.0,0.0
2024-11-01 00:00:00-04:00,53.07981992837567,54.11736814509464,52.876186100633916,53.816768646240234,19235600,0.0,0.0
2024-11-04 00:00:00-05:00,53.76828830086795,54.21433632704925,53.448294913170436,54.13676452636719,13269900,0.0,0.0
2024-11-05 00:00:00-05:00,54.204639807785796,54.56341723684891,53.816769717607116,54.45675277709961,10183600,0.0,0.0
2024-11-06 00:00:00-05:00,55.455510338452086,56.328216145786925,55.23248634302277,56.11488723754883,20506000,0.0,0.0
2024-11-07 00:00:00-05:00,56.0470128672661,56.531848625112694,55.79489990074731,56.31852340698242,17880200,0.0,0.0
2024-11-08 00:00:00-05:00,56.3282184478496,56.43488290632789,55.91125940052716,56.299129486083984,17517700,0.0,0.0
2024-11-11 00:00:00-05:00,57.210622230269905,57.57909846001634,56.59003302164651,56.851844787597656,17827000,0.0,0.0
2024-11-12 00:00:00-05:00,56.97789949491202,57.24941004825842,56.65790980215121,56.92941665649414,16609400,0.0,0.0
2024-11-13 00:00:00-05:00,56.38640184542038,57.482128028455655,56.085802334700844,57.385162353515625,36350600,0.0,0.0
2024-11-14 00:00:00-05:00,57.20092784293651,57.20092784293651,55.775509443852755,56.16337585449219,33747700,0.0,0.0
2024-11-15 00:00:00-05:00,55.70763202985219,56.33791632635148,55.49430310232754,55.71732711791992,28173700,0.0,0.0
2024-11-18 00:00:00-05:00,55.80459945151324,56.23125731990382,55.49430483759477,55.57188034057617,23769300,0.0,0.0
2024-11-19 00:00:00-05:00,54.96098564275831,55.31006800462114,54.64099224471621,55.280975341796875,17476200,0.0,0.0
2024-11-20 00:00:00-05:00,55.11613187509584,55.7561149597168,54.89310785913739,55.7561149597168,15345000,0.0,0.0
2024-11-21 00:00:00-05:00,55.55248495546866,56.17307416644418,55.36824499039541,55.81429672241211,16162400,0.0,0.0
2024-11-22 00:00:00-05:00,55.84338529406956,56.91972131762016,55.717326955535704,56.774269104003906,14952100,0.0,0.0
2024-11-25 00:00:00-05:00,56.87123695181688,57.171832760011206,56.49306194637335,56.9585075378418,52408200,0.0,0.0
2024-11-26 00:00:00-05:00,57.210619940476896,57.831209124261875,57.15243831737081,57.7827262878418,14209700,0.0,0.0
2024-11-27 00:00:00-05:00,57.80212736370601,58.05424036390286,57.142750349032674,57.4918327331543,12703300,0.0,0.0
2024-11-29 00:00:00-05:00,57.278499805809275,57.78272947015523,57.24941084215585,57.41425323486328,11618400,0.0,0.0
2024-12-02 00:00:00-05:00,57.45304136895703,57.889394321686524,57.34637690284498,57.62758255004883,15977400,0.0,0.0
2024-12-03 00:00:00-05:00,57.62758069974075,57.72454637545457,57.37546402447932,57.676063537597656,11746000,0.0,0.0
2024-12-04 00:00:00-05:00,57.831211044202,58.0251460953241,57.47243360397837,57.81181716918945,16872100,0.0,0.0
2024-12-05 00:00:00-05:00,57.97666394099442,58.40331809929167,57.8893933519105,58.19968795776367,19121700,0.0,0.0
2024-12-06 00:00:00-05:00,58.180295754010686,58.25787125720442,57.95727173083408,58.073631286621094,14622700,0.0,0.0
2024-12-09 00:00:00-05:00,58.01545191141096,58.06393475019617,57.07486930316337,57.162139892578125,16517500,0.0,0.0
2024-12-10 00:00:00-05:00,56.725788496349274,57.074870863552,56.36701104072585,56.939117431640625,14480200,0.0,0.0
2024-12-11 00:00:00-05:00,57.09426258644391,57.17183438789516,56.54155009221622,56.81305694580078,26842900,0.0,0.0
2024-12-12 00:00:00-05:00,56.91002678951681,57.92818496301893,56.85184885891925,57.0651741027832,17704600,0.0,0.0
2024-12-13 00:00:00-05:00,56.84214782714844,57.15244244143146,56.60942871593796,56.84214782714844,14129700,0.0,0.0
2024-12-16 00:00:00-05:00,56.69670078204944,56.71609465832201,56.09550171461102,56.58033752441406,26883200,0.0,0.0
2024-12-17 00:00:00-05:00,56.60942860624319,57.27850067343131,56.40579476057414,56.745182037353516,24912500,0.0,0.0
2024-12-18 00:00:00-05:00,56.929414729515976,56.929414729515976,55.736719189590374,55.78520202636719,24195100,0.0,0.0
2024-12-19 00:00:00-05:00,55.64945643238182,56.37671018335179,55.60097358878459,55.882179260253906,21947800,0.0,0.0
2024-12-20 00:00:00-05:00,55.823993284671744,56.9972950238436,55.533092546720546,56.745182037353516,69544600,0.0,0.0
2024-12-23 00:00:00-05:00,56.36701138992711,57.23001852585607,56.357312602442725,57.19123077392578,18671200,0.0,0.0
2024-12-24 00:00:00-05:00,57.01668526273941,58.03483963012695,57.01668526273941,58.03483963012695,9922300,0.0,0.0
2024-12-26 00:00:00-05:00,57.811817760179174,58.23847561681003,57.59849253086722,58.1609001159668,8524500,0.0,0.0
2024-12-27 00:00:00-05:00,57.76333627210906,58.19968922704513,57.34637719283721,57.8021240234375,13021400,0.0,0.0
2024-12-30 00:00:00-05:00,57.29788982760869,57.588790541588615,56.638512903119114,57.39485549926758,12948100,0.0,0.0
2024-12-31 00:00:00-05:00,57.42395396520437,57.57910127494507,56.98760100062003,57.40456008911133,14173000,0.0,0.0
2025-01-02 00:00:00-05:00,57.47242892992317,57.86999408783916,56.7936581556999,57.30758285522461,16144300,0.0,0.0
2025-01-03 00:00:00-05:00,57.444264863809714,57.76643504407838,56.97565132255842,57.46379089355469,18859000,0.4,0.0
2025-01-06 00:00:00-05:00,57.51260545865603,58.166714435766224,57.2001964238065,57.37592697143555,18543300,0.0,0.0
2025-01-07 00:00:00-05:00,57.57118707256413,57.844544063734254,57.2587780185955,57.532135009765625,16863800,0.0,0.0
2025-01-08 00:00:00-05:00,57.49308269178974,57.83478265344548,56.88779061793827,57.79573059082031,14400300,0.0,0.0
2025-01-10 00:00:00-05:00,57.39545475542486,57.659050584922895,57.15138495672774,57.346641540527344,17274500,0.0,0.0
2025-01-13 00:00:00-05:00,57.52236968690856,57.53213456463748,56.79016027404541,57.36616516113281,19340700,0.0,0.0
2025-01-14 00:00:00-05:00,57.57118446798101,57.93240672200083,57.35640185651595,57.922645568847656,16715500,0.0,0.0
2025-01-15 00:00:00-05:00,58.44007181585225,58.908685371379285,58.176475992579014,58.55722427368164,19185100,0.0,0.0
2025-01-16 00:00:00-05:00,58.75248114952106,59.016076974125234,58.36196798917202,58.40102005004883,18445700,0.0,0.0
2025-01-17 00:00:00-05:00,59.318719174210905,59.50421459513816,58.77200523684903,58.801292419433594,23876400,0.0,0.0
2025-01-21 00:00:00-05:00,59.03560339325808,59.87520408658984,58.850107964976694,59.58231735229492,18623800,0.0,0.0
2025-01-22 00:00:00-05:00,59.59208213949492,60.29500061779412,59.54326892525615,60.168087005615234,19436600,0.0,0.0
2025-01-23 00:00:00-05:00,60.33404871111782,60.841714299076315,59.92401326942593,60.753849029541016,14212000,0.0,0.0
2025-01-24 00:00:00-05:00,60.58788336720171,60.81242711730098,60.392626798877785,60.753849029541016,17232900,0.0,0.0
2025-01-27 00:00:00-05:00,59.93378001113078,60.00211925778581,57.3661646501175,57.6785774230957,33730300,0.0,0.0
2025-01-28 00:00:00-05:00,57.61999699101923,58.147188635995576,57.52236683961093,58.02027130126953,25473300,0.0,0.0
2025-01-29 00:00:00-05:00,58.52793763097912,59.10394249659172,58.09837240795374,58.13742446899414,17925300,0.0,0.0
2025-01-30 00:00:00-05:00,59.03560256958008,59.631133458830114,58.82081996054971,59.03560256958008,17079000,0.0,0.0
2025-01-31 00:00:00-05:00,59.094178302101774,59.73852241987617,59.025839056596126,59.16251754760742,16554200,0.0,0.0
2025-02-03 00:00:00-05:00,58.76224342673114,59.80686186780696,58.13742533758779,59.59208297729492,20375700,0.0,0.0
2025-02-04 00:00:00-05:00,59.39682819150817,60.12903761017853,59.2894368808963,59.88496780395508,12742700,0.0,0.0
2025-02-05 00:00:00-05:00,59.99235707487998,61.222467217771275,59.84591370644098,61.08578872680664,18997400,0.0,0.0
2025-02-06 00:00:00-05:00,61.32985669471816,61.41772196831785,60.597647322790564,60.792903900146484,15521800,0.0,0.0
2025-02-07 00:00:00-05:00,61.251756298301466,61.749657032560066,60.734325809676875,60.792903900146484,23861000,0.0,0.0
2025-02-10 00:00:00-05:00,61.62273921679204,61.652030123902534,60.900294727696554,61.32009506225586,15816200,0.0,0.0
2025-02-11 00:00:00-05:00,61.046738370690086,61.310334206718196,60.70504213373309,60.94911193847656,17702500,0.0,0.0
2025-02-12 00:00:00-05:00,59.98259318544702,61.07602857959446,59.748288261136594,61.04673767089844,30116300,0.0,0.0
2025-02-13 00:00:00-05:00,64.53204993248306,64.92256307978961,61.23222910700121,62.325660705566406,43257700,0.0,0.0
2025-02-14 00:00:00-05:00,62.276850661429556,63.52648683764852,61.935150709100604,63.331233978271484,23693300,0.0,0.0
2025-02-18 00:00:00-05:00,63.75103758981862,64.67849989191986,62.90167196641069,63.0578727722168,22047500,0.0,0.0
2025-02-19 00:00:00-05:00,62.989524274413164,63.419089462041526,62.7649842524572,63.30193328857422,14164100,0.0,0.0
2025-02-20 00:00:00-05:00,63.41909291766169,63.68269246022171,62.74545791825148,63.13597106933594,14836600,0.0,0.0
2025-02-21 00:00:00-05:00,63.14573747745642,63.41909445531769,62.3647148805603,62.46234130859375,18905800,0.0,0.0
2025-02-24 00:00:00-05:00,62.901665710631306,63.04810907229868,61.652029594784814,61.73989486694336,17287500,0.0,0.0
2025-02-25 00:00:00-05:00,63.06763443183894,63.1066864934025,61.81799825548153,62.745460510253906,22100100,0.0,0.0
2025-02-26 00:00:00-05:00,62.53068367242804,63.243363293755806,62.423288643894836,62.55997085571289,13452300,0.0,0.0
2025-02-27 00:00:00-05:00,63.23359866128638,63.741268001585304,62.23779718365229,62.2963752746582,24695600,0.0,0.0
2025-02-28 00:00:00-05:00,62.413529547399996,62.638077040680926,61.339623917196306,62.58926010131836,26711800,0.0,0.0
2025-03-03 00:00:00-05:00,62.86261896661288,63.34099370332006,61.691083146837194,61.974205017089844,21810700,0.0,0.0
2025-03-04 00:00:00-05:00,62.2280396088208,62.3940052899,61.124843038801885,61.759422302246094,24588300,0.0,0.0
2025-03-05 00:00:00-05:00,61.730134308053024,62.65760030700234,61.3103339477308,62.44281768798828,14931500,0.0,0.0
2025-03-06 00:00:00-05:00,62.286613012577135,62.5013919068643,61.27128173776814,61.90586471557617,23155100,0.0,0.0
2025-03-07 00:00:00-05:00,61.40796272247898,62.64783402014515,60.71480166512765,62.42329025268555,21154800,0.0,0.0
2025-03-10 00:00:00-04:00,61.974201448186754,62.179219180683496,60.21689968182567,60.587886810302734,27417600,0.0,0.0
2025-03-11 00:00:00-04:00,60.80266405626554,60.90029420544759,59.094175549778356,59.23085403442383,25787400,0.0,0.0
2025-03-12 00:00:00-04:00,59.51398036937565,59.728762989566,58.82082301684637,59.025840759277344,18935300,0.0,0.0
2025-03-13 00:00:00-04:00,58.977022015912986,59.05512613382961,57.825012346108004,58.254573822021484,16463300,0.0,0.0
2025-03-14 00:00:00-04:00,58.88916126060855,59.18204427683367,58.498648089502,59.06489181518555,16250700,0.0,0.0
2025-03-17 00:00:00-04:00,58.96726205211637,59.758045778813916,58.9086839624979,59.44563674926758,15335800,0.0,0.0
2025-03-18 00:00:00-04:00,59.230858806195506,59.35777614825221,58.25457958098014,58.86963653564453,16669000,0.0,0.0
2025-03-19 00:00:00-04:00,59.191806571106426,60.119272518849705,59.06488923740443,59.67018127441406,15488800,0.0,0.0
2025-03-20 00:00:00-04:00,59.04535887688033,59.572550478938616,58.90868040024504,59.182037353515625,16528600,0.0,0.0
2025-03-21 00:00:00-04:00,58.742719193587824,58.96726669269189,58.02027465248588,58.86963653564453,65935200,0.0,0.0
2025-03-24 00:00:00-04:00,59.592081920306065,59.92401698980211,59.435877400790844,59.52374267578125,28335600,0.0,0.0
2025-03-25 00:00:00-04:00,59.39682293592645,59.758045174396585,59.260144452408525,59.54326629638672,20877600,0.0,0.0
2025-03-26 00:00:00-04:00,59.58232138547719,60.373108918025444,59.56279535358849,60.33405685424805,30621200,0.0,0.0
2025-03-27 00:00:00-04:00,60.421917187834644,60.50978246203382,59.87520323655934,59.94354248046875,25720200,0.0,0.0
2025-03-28 00:00:00-04:00,60.19737391525242,60.314526373734,59.074651371824636,59.416351318359375,24931700,0.0,0.0
2025-03-31 00:00:00-04:00,59.19180950788321,60.43168455070924,58.81106121209601,60.24618911743164,29335700,0.0,0.0
2025-04-01 00:00:00-04:00,59.924021357214734,60.56836551270264,59.61161229541513,60.33405685424805,17381400,0.0,0.0
2025-04-02 00:00:00-04:00,59.748284630886715,60.402389872737615,59.6506544815146,60.35357666015625,18610700,0.0,0.0
2025-04-03 00:00:00-04:00,58.358498000479,58.88920563204181,56.27496526518152,56.3241081237793,40006300,0.41,0.0
2025-04-04 00:00:00-04:00,55.685289904812294,56.48135699652561,53.503478893573174,53.60176086425781,42924400,0.0,0.0
2025-04-07 00:00:00-04:00,52.46171904047987,55.15458144633047,51.213566064396936,53.4739990234375,46816200,0.0,0.0
2025-04-08 00:00:00-04:00,53.798325058903615,54.90888329220674,51.813074092266305,52.274986267089844,37377000,0.0,0.0
2025-04-09 00:00:00-04:00,52.166879547008634,57.424843306400795,51.76392907758008,57.1300048828125,53380800,0.0,0.0
2025-04-10 00:00:00-04:00,56.82533332093094,56.94326793418757,54.053845540420724,55.616493225097656,31964600,0.0,0.0
2025-04-11 00:00:00-04:00,55.695119278652335,56.80568123925199,55.31182894466792,56.34376907348633,23036900,0.0,0.0
2025-04-14 00:00:00-04:00,56.89413221433892,57.20862703447762,56.11772148690162,56.42238998413086,15657700,0.0,0.0
2025-04-15 00:00:00-04:00,56.87447191616043,56.91378470324823,56.078408597537894,56.215999603271484,18543600,0.0,0.0
2025-04-16 00:00:00-04:00,55.59683688152446,56.09806554919632,54.46661861048488,54.8007698059082,20551300,0.0,0.0
2025-04-17 00:00:00-04:00,55.23320297002883,55.43958948068253,54.73197430235697,54.8007698059082,15910400,0.0,0.0
2025-04-21 00:00:00-04:00,54.21109547082484,54.37817295071917,52.90397709446134,53.43468475341797,15578800,0.0,0.0
2025-04-22 00:00:00-04:00,54.27006634480704,54.32903178148633,53.65090301615622,54.093162536621094,19961800,0.0,0.0
2025-04-23 00:00:00-04:00,55.184066796987054,55.99978656067975,54.54524708821619,54.673011779785156,30231500,0.0,0.0
2025-04-24 00:00:00-04:00,54.34868439609724,55.59683728966255,54.21109338798471,55.3216552734375,22782300,0.0,0.0
2025-04-25 00:00:00-04:00,55.24303358600089,55.8032277293572,55.105442568204474,55.734432220458984,16493500,0.0,0.0
2025-04-28 00:00:00-04:00,55.55752557381348,56.343766348038315,55.44941727990387,55.8621940612793,23140600,0.0,0.0
2025-04-29 00:00:00-04:00,55.71477600713134,56.50101682409104,55.65581057021121,56.35359573364258,13466000,0.0,0.0
2025-04-30 00:00:00-04:00,56.11772175052421,56.91378887659409,55.488732107292016,56.73688507080078,19921200,0.0,0.0
2025-05-01 00:00:00-04:00,56.78602319716296,57.46415569061386,56.687744973018106,57.120174407958984,16420800,0.0,0.0
2025-05-02 00:00:00-04:00,58.044008603828,58.397812474780125,57.72951377471004,58.309364318847656,18753200,0.0,0.0
2025-05-05 00:00:00-04:00,57.98503522292893,58.62385490721784,57.8671006078094,58.299530029296875,14758500,0.0,0.0
2025-05-06 00:00:00-04:00,57.62140147970253,58.48626032528437,57.57226236901076,58.20125198364258,13766500,0.0,0.0
2025-05-07 00:00:00-04:00,58.18159693903658,58.86955575189959,58.05383224901549,58.545230865478516,14078300,0.0,0.0
2025-05-08 00:00:00-04:00,58.92852249483904,59.24301731643209,58.407641149526924,58.682823181152344,16196700,0.0,0.0
2025-05-09 00:00:00-04:00,59.61647970461264,59.78355718290255,58.41746588666662,58.741790771484375,17480700,0.0,0.0
2025-05-12 00:00:00-04:00,60.55013491035468,60.78600413427091,60.068562642158994,60.609100341796875,23700000,0.0,0.0
2025-05-13 00:00:00-04:00,60.618934452001064,61.16930225959834,60.550138944685656,60.71721267700195,18591200,0.0,0.0
2025-05-14 00:00:00-04:00,60.56979651437757,60.80566575858446,59.8032120980201,60.23564529418945,34509200,0.0,0.0
2025-05-15 00:00:00-04:00,61.985021349934755,64.61891824129283,61.83760026496383,63.1545524597168,60718000,0.0,0.0
2025-05-16 00:00:00-04:00,62.81057056701246,62.928505184398,61.89656884685831,62.52555847167969,30289900,0.0,0.0
2025-05-19 00:00:00-04:00,62.33882788563068,63.02678293950092,62.09312858094163,62.820396423339844,16249000,0.0,0.0
2025-05-20 00:00:00-04:00,62.64349712861674,62.75160167476165,61.985021034590204,62.32899856567383,14995200,0.0,0.0
2025-05-21 00:00:00-04:00,61.90639882198441,62.81057046898555,61.886742427605185,62.11278533935547,15595900,0.0,0.0
2025-05-22 00:00:00-04:00,62.319170085356184,62.62383856596343,61.867084274705775,62.2700309753418,15641100,0.0,0.0
2025-05-23 00:00:00-04:00,61.631213561158575,62.132442249303296,61.45430975935148,62.02433395385742,15645400,0.0,0.0
2025-05-27 00:00:00-04:00,62.663154265312386,62.889200943739006,62.25038119842727,62.65332794189453,17429400,0.0,0.0
2025-05-28 00:00:00-04:00,62.79091154220189,62.88919351013424,62.16192194372978,62.25037384033203,13814500,0.0,0.0
2025-05-29 00:00:00-04:00,62.633668798852916,62.643498870913795,61.415002298484374,61.96536636352539,13982800,0.0,0.0
2025-05-30 00:00:00-04:00,61.83759752628884,62.09312689571165,61.22826431693821,61.955535888671875,25829000,0.0,0.0
2025-06-02 00:00:00-04:00,61.650870315573016,62.78108863937414,61.63121392091595,62.75160217285156,15816000,0.0,0.0
2025-06-03 00:00:00-04:00,62.70246270531464,63.351108729025434,62.62384087620595,63.252830505371094,15156900,0.0,0.0
2025-06-04 00:00:00-04:00,63.54767375688628,63.773712925326585,63.243001510776196,63.28231430053711,14770900,0.0,0.0
2025-06-05 00:00:00-04:00,63.370770799477064,63.79337392237329,63.174206848043895,63.50836181640625,17025200,0.0,0.0
2025-06-06 00:00:00-04:00,64.19631611830998,65.02186970796723,64.10786796485455,64.923583984375,20943800,0.0,0.0
2025-06-09 00:00:00-04:00,64.97272103811939,65.21842032884042,64.46166231445717,64.7663345336914,13689800,0.0,0.0
2025-06-10 00:00:00-04:00,64.87444198892936,64.9432374895225,63.69508090971476,64.02923583984375,17214900,0.0,0.0
2025-06-11 00:00:00-04:00,63.98992601506486,64.02923880267252,62.77125584274372,63.08575439453125,20442600,0.0,0.0
2025-06-12 00:00:00-04:00,63.21351807806711,64.08820702044808,63.00713155776746,63.980098724365234,15160800,0.0,0.0
2025-06-13 00:00:00-04:00,63.47887116215043,63.60663960423756,62.83022887226601,62.98747253417969,14635000,0.0,0.0
2025-06-16 00:00:00-04:00,64.06855419572729,64.48132723517249,63.734399236547,64.38304901123047,16957700,0.0,0.0
2025-06-17 00:00:00-04:00,64.5108109887929,65.01203968654076,63.90147399352788,64.20614624023438,18845200,0.0,0.0
2025-06-18 00:00:00-04:00,64.55995335528338,65.19876556534047,64.25528111091451,64.70736694335938,22664200,0.0,0.0
2025-06-20 00:00:00-04:00,65.34618903341803,65.50344019729475,64.58943842716884,65.17911529541016,50421700,0.0,0.0
2025-06-23 00:00:00-04:00,65.20859108083499,66.32897926081334,65.07100007614625,66.22087097167969,34030000,0.0,0.0
2025-06-24 00:00:00-04:00,66.61399863262716,66.86952802565257,66.20122557338104,66.72210693359375,23162700,0.0,0.0
2025-06-25 00:00:00-04:00,66.6827899311476,67.35109234121248,66.61399442561803,67.0169448852539,19395700,0.0,0.0
2025-06-26 00:00:00-04:00,67.53782345726532,67.9702566161796,67.24298130379697,67.76386260986328,23154000,0.0,0.0
2025-06-27 00:00:00-04:00,67.68524122709655,68.0292187239056,67.16435244833191,67.46902465820312,26224600,0.0,0.0
2025-06-30 00:00:00-04:00,67.64593604688403,68.5795904286355,67.567310467875,68.18647003173828,32561200,0.0,0.0
2025-07-01 00:00:00-04:00,68.18646741822688,68.353548641754,67.45919958563854,67.91128540039062,21939500,0.0,0.0
2025-07-02 00:00:00-04:00,67.49851271585129,67.75404209005804,67.00711411061013,67.4100570678711,16655200,0.0,0.0
2025-07-03 00:00:00-04:00,67.4100676113095,68.68550100152831,67.4100676113095,68.58663177490234,17973500,0.41,0.0
2025-07-07 00:00:00-04:00,68.29990367641882,68.51742049437529,67.83521002773696,68.15159606933594,23985200,0.0,0.0
2025-07-08 00:00:00-04:00,68.02306485732863,68.14170490495869,67.57814204900188,67.8154296875,21182600,0.0,0.0
2025-07-09 00:00:00-04:00,67.76599513143162,68.53718557167541,67.53858914721835,68.48774719238281,23765900,0.0,0.0
2025-07-10 00:00:00-04:00,68.47786650528178,68.60639573270079,67.78576690172982,67.98351287841797,15005300,0.0,0.0
2025-07-11 00:00:00-04:00,67.51881972553026,67.72644734504918,66.92559687787082,67.18265533447266,14699400,0.0,0.0
2025-07-14 00:00:00-04:00,67.0640197395669,67.26175818749108,66.44112929645303,67.05413055419922,16451400,0.0,0.0
2025-07-15 00:00:00-04:00,66.91571753351994,67.1134559974058,66.39170381530741,66.4213638305664,13944600,0.0,0.0
2025-07-16 00:00:00-04:00,66.39169796566206,66.79706404388371,66.22361953184425,66.60921478271484,15156100,0.0,0.0
2025-07-17 00:00:00-04:00,66.78717896073172,67.69678783677894,66.74762976482909,67.5287094116211,20400000,0.0,0.0
2025-07-18 00:00:00-04:00,68.00329207686053,68.06261210555145,67.19255233071716,67.28153991699219,16145100,0.0,0.0
2025-07-21 00:00:00-04:00,67.13322648537091,67.84509694093761,67.024468080035,67.56825256347656,14674200,0.0,0.0
2025-07-22 00:00:00-04:00,67.5682570184222,67.82532304282317,67.3111985372597,67.39029693603516,14527200,0.0,0.0
2025-07-23 00:00:00-04:00,67.57814519675375,68.05272803909382,67.29141916289555,67.84510040283203,13042300,0.0,0.0
2025-07-24 00:00:00-04:00,67.58803092485552,67.81542937726485,67.15299730356742,67.5188217163086,13534000,0.0,0.0
2025-07-25 00:00:00-04:00,67.60780224917183,68.04283587366147,67.30130540095668,67.914306640625,11590000,0.0,0.0
2025-07-28 00:00:00-04:00,66.98492144262059,67.19254907622093,66.60921537371115,67.15299987792969,20558400,0.0,0.0
2025-07-29 00:00:00-04:00,67.45949820841909,67.94396264322452,67.06401380433323,67.19254302978516,15261800,0.0,0.0
2025-07-30 00:00:00-04:00,67.07390039010829,67.80554923173561,66.58943591958935,67.5089340209961,15518200,0.0,0.0
2025-07-31 00:00:00-04:00,67.53859383027842,68.36911189190815,67.11344938589087,67.31119537353516,18529200,0.0,0.0
2025-08-01 00:00:00-04:00,66.74762673180204,66.84649594544709,65.76880114997489,66.35214233398438,21650000,0.0,0.0
2025-08-04 00:00:00-04:00,67.0046899061195,67.73633873383648,66.84650066177394,67.71656036376953,17052200,0.0,0.0
2025-08-05 00:00:00-04:00,67.91430825132899,68.09227587072847,66.67842410084324,66.75751495361328,15434500,0.0,0.0
2025-08-06 00:00:00-04:00,67.192544573268,68.56684706302637,67.00468777978348,68.42842864990234,23107800,0.0,0.0
2025-08-07 00:00:00-04:00,69.01177225856777,69.3479291183584,68.42843103160905,69.11064147949219,22579600,0.0,0.0
2025-08-08 00:00:00-04:00,69.446794580526,71.20669226473677,69.42702375470641,70.97929382324219,31662400,0.0,0.0
2025-08-11 00:00:00-04:00,71.48354608791145,71.73072293117085,69.54567299870783,69.8719482421875,28911400,0.0,0.0
2025-08-12 00:00:00-04:00,69.99058754344395,70.69256878987515,69.76318155558478,70.57392120361328,21912100,0.0,0.0
2025-08-13 00:00:00-04:00,71.04850748654908,71.2165859178937,69.4566881232546,69.60499572753906,38096400,0.0,0.0
2025-08-14 00:00:00-04:00,67.23210290544505,69.81262981159844,66.7179783787226,68.51742553710938,39317300,0.0,0.0
2025-08-15 00:00:00-04:00,67.67700672896883,67.87475270048115,65.11625862959394,65.4524154663086,40877300,0.0,0.0
2025-08-18 00:00:00-04:00,65.33378389571477,66.35215126549,65.00750865785326,66.19395446777344,20903400,0.0,0.0
2025-08-19 00:00:00-04:00,66.006103515625,66.75751565589357,65.72926666992201,66.006103515625,18746600,0.0,0.0
2025-08-20 00:00:00-04:00,66.0654163341475,66.4312407221954,65.78857951864639,66.35214233398438,14946400,0.0,0.0
2025-08-21 00:00:00-04:00,66.34225910087295,66.46090669383277,65.71937621011979,66.2631607055664,12456600,0.0,0.0
2025-08-22 00:00:00-04:00,66.56966549143311,67.27164678160395,66.2532794515922,66.55977630615234,16830600,0.0,0.0
2025-08-25 00:00:00-04:00,66.52022383408682,66.73774064012825,66.35214540877764,66.38180541992188,11724500,0.0,0.0
2025-08-26 00:00:00-04:00,66.41146693788677,67.97362626832131,66.3521469142524,67.61769104003906,28307900,0.0,0.0
2025-08-27 00:00:00-04:00,67.54848192592875,67.97362636345882,67.38040349657078,67.66712951660156,13876700,0.0,0.0
2025-08-28 00:00:00-04:00,67.58803377456749,68.79425792573302,67.57814458914726,68.64595031738281,15256000,0.0,0.0
2025-08-29 00:00:00-04:00,68.3295623058179,68.67560835317991,68.0527254679283,68.30978393554688,14953000,0.0,0.0
2025-09-02 00:00:00-04:00,67.34085199996449,67.54847961912284,66.61909238201976,67.03435516357422,18928800,0.0,0.0
2025-09-03 00:00:00-04:00,67.28153636441348,67.36062721741236,66.56966588475584,66.90582275390625,14320100,0.0,0.0
2025-09-04 00:00:00-04:00,67.33096452040336,67.6374689077935,66.64876162396016,67.22220611572266,14388500,0.0,0.0
2025-09-05 00:00:00-04:00,66.95526335074148,67.33096943043039,65.7292683414906,66.14452362060547,21050800,0.0,0.0
2025-09-08 00:00:00-04:00,65.96655135724157,66.25327737549358,65.60072694569838,66.12474060058594,14038000,0.0,0.0
2025-09-09 00:00:00-04:00,65.98632121290473,66.6784208291607,65.88745199436468,66.57954406738281,11649400,0.0,0.0
2025-09-10 00:00:00-04:00,66.82672336885985,67.5484830231771,66.36203727012855,67.36062622070312,14689500,0.0,0.0
2025-09-11 00:00:00-04:00,67.53859182997807,67.79565783468301,66.74763053254135,66.92559814453125,17560800,0.0,0.0
2025-09-12 00:00:00-04:00,66.12474019229677,66.57954463605584,65.38320973205609,65.77869415283203,18529200,0.0,0.0
2025-09-15 00:00:00-04:00,65.75892540777306,66.44112832338705,65.60072861715997,66.2631607055664,16203100,0.0,0.0
2025-09-16 00:00:00-04:00,66.2631591123002,66.61909433938318,65.79847302333327,66.17417907714844,18019300,0.0,0.0
2025-09-17 00:00:00-04:00,66.2433907498212,67.11345047992472,65.63038949298843,66.95526123046875,18652100,0.0,0.0
2025-09-18 00:00:00-04:00,67.13322844369836,67.98351734118016,66.71797318025048,67.9044189453125,20279000,0.0,0.0
2025-09-19 00:00:00-04:00,68.14170910010449,68.14170910010449,66.42136041441327,67.43972778320312,47822500,0.0,0.0
2025-09-22 00:00:00-04:00,67.09368273056356,67.23210115890221,66.54000901720896,66.98492431640625,20396700,0.0,0.0
2025-09-23 00:00:00-04:00,66.81683954047749,67.44961159382912,66.31259671747489,66.77729034423828,22240000,0.0,0.0
2025-09-24 00:00:00-04:00,66.93548237120149,67.09367916274105,66.13463185793753,66.55977630615234,17433100,0.0,0.0
2025-09-25 00:00:00-04:00,66.5597723704196,67.46938123827155,66.35214475122977,67.08378601074219,22351700,0.0,0.0
2025-09-26 00:00:00-04:00,67.10356824641134,67.14311744423634,66.09508255996924,66.46090698242188,15077400,0.0,0.0
2025-09-29 00:00:00-04:00,66.95526123046875,67.1826596909189,66.6784243864921,66.95526123046875,14358300,0.0,0.0
2025-09-30 00:00:00-04:00,66.94536527230633,67.99339251654365,66.92559444683887,67.64734649658203,20498900,0.0,0.0
2025-10-01 00:00:00-04:00,67.13322550767101,68.0428343906533,66.92559788502753,67.97362518310547,15530700,0.0,0.0
2025-10-02 00:00:00-04:00,68.39876749606898,68.7052643281168,67.48915864124231,67.53858947753906,15708300,0.0,0.0
2025-10-03 00:00:00-04:00,67.58832604616113,68.214977662682,67.28992738052925,67.55848693847656,11113200,0.41,0.0
2025-10-06 00:00:00-04:00,68.07572852397331,68.58300857011012,67.44907686060085,68.54322814941406,21952700,0.0,0.0
2025-10-07 00:00:00-04:00,68.55316798707827,68.85157425739439,68.07572706111648,68.62279510498047,16493200,0.0,0.0
2025-10-08 00:00:00-04:00,69.4384290742069,70.38337718753452,68.63274278299217,69.9556655883789,34246300,0.0,0.0
2025-10-09 00:00:00-04:00,69.93576680399337,70.24412196382835,68.66258092365393,69.58763122558594,21209500,0.0,0.0
2025-10-10 00:00:00-04:00,70.03523877035192,70.43310365587872,67.52864749433009,67.57838439941406,20961500,0.0,0.0
2025-10-13 00:00:00-04:00,68.18513920822069,68.52332588360062,66.77269152440108,67.10093688964844,14127900,0.0,0.0
2025-10-14 00:00:00-04:00,66.75280261932507,68.79189437671502,66.45439635621895,68.2945556640625,15402000,0.0,0.0
2025-10-15 00:00:00-04:00,68.941089660426,69.92582577170401,68.45369984871817,69.14997100830078,16260500,0.0,0.0
2025-10-16 00:00:00-04:00,69.40858937185625,69.69704673521855,68.20503060052246,68.72225952148438,13950600,0.0,0.0
2025-10-17 00:00:00-04:00,68.69241701010719,70.3933144087472,68.5830018918801,69.75672149658203,16286900,0.0,0.0
2025-10-20 00:00:00-04:00,69.7467860896678,70.59226041124371,69.7467860896678,70.27396392822266,12183500,0.0,0.0
2025-10-21 00:00:00-04:00,70.20433554819459,70.86081871253482,70.00539550688951,70.34358978271484,15763300,0.0,0.0
2025-10-22 00:00:00-04:00,70.48284511430627,70.59226024153047,69.4782187592417,70.2839126586914,14967200,0.0,0.0
2025-10-23 00:00:00-04:00,70.22422621365452,70.86081917238876,69.85620041522839,69.89598083496094,14614100,0.0,0.0
2025-10-24 00:00:00-04:00,70.2640153667737,70.56242164113557,69.68710061702704,70.25406646728516,13075600,0.0,0.0
2025-10-27 00:00:00-04:00,70.1645431416351,71.07964450791505,70.05512802297268,71.01001739501953,15986800,0.0,0.0
2025-10-28 00:00:00-04:00,70.82102707138633,72.29315294638224,70.6519337365409,72.23347473144531,19896800,0.0,0.0
2025-10-29 00:00:00-04:00,72.29315323392127,72.43240746185211,70.54251889720847,70.9503402709961,18020600,0.0,0.0
2025-10-30 00:00:00-04:00,70.99013036813804,72.72086695824132,70.9602836708856,72.52193450927734,18101800,0.0,0.0
2025-10-31 00:00:00-04:00,72.3329397739439,73.08889670223363,72.0444824251388,72.72086334228516,24008000,0.0,0.0
2025-11-03 00:00:00-05:00,74.2128858618243,74.4416574277931,73.22815730176067,74.0537338256836,21733400,0.0,0.0
2025-11-04 00:00:00-05:00,73.50666606608549,73.59618339517756,71.59688715758661,71.93507385253906,22345000,0.0,0.0
2025-11-05 00:00:00-05:00,71.83560395067182,72.19368842630323,70.96028297077886,71.71623992919922,16113500,0.0,0.0
2025-11-06 00:00:00-05:00,71.32832020372689,71.84555673596708,70.31375252708163,70.6618881225586,16469900,0.0,0.0
2025-11-07 00:00:00-05:00,71.01002316779524,71.20895562401579,70.16454884567777,70.69172668457031,16913700,0.0,0.0
2025-11-10 00:00:00-05:00,71.37805341928564,72.11411258146381,70.7712995890835,71.70629119873047,22201200,0.0,0.0
2025-11-11 00:00:00-05:00,71.35815484277943,71.86544244371287,70.72156191128059,71.32831573486328,21412900,0.0,0.0
2025-11-12 00:00:00-05:00,71.52726094230097,73.81501458384557,71.33826979344778,73.56634521484375,57591600,0.0,0.0
2025-11-13 00:00:00-05:00,77.53510550095773,79.07685861000078,76.24202934739962,76.9681396484375,57638500,0.0,0.0
2025-11-14 00:00:00-05:00,76.1723987501449,78.25127091819945,75.43633199440171,77.5848388671875,38819600,0.0,0.0
2025-11-17 00:00:00-05:00,77.47542770228675,78.9674439105816,77.05766498527305,77.36601257324219,28720100,0.0,0.0
2025-11-18 00:00:00-05:00,77.13724079542519,77.78377507957227,76.04308950794308,76.95819854736328,26025500,0.0,0.0
2025-11-19 00:00:00-05:00,76.88856830640144,78.509889783902,76.74931407342771,77.97276306152344,24759700,0.0,0.0
2025-11-20 00:00:00-05:00,78.69888063657388,79.63387225615776,74.91910338420486,75.03846740722656,27381900,0.0,0.0
2025-11-21 00:00:00-05:00,75.23740319309755,76.53048693908639,75.06830984457515,75.69495391845703,24428800,0.0,0.0
2025-11-24 00:00:00-05:00,76.08287498654524,76.47079857964427,75.27718869146055,75.8342056274414,26691500,0.0,0.0
2025-11-25 00:00:00-05:00,76.08287355209612,76.64983937661192,75.6750597570237,75.91378021240234,18818800,0.0,0.0
2025-11-26 00:00:00-05:00,76.05303129678416,76.19228552239171,74.93898990313751,75.66510772705078,15972600,0.0,0.0
2025-11-28 00:00:00-05:00,75.73474204809285,76.55037727090414,75.40649666129656,76.53048706054688,7320900,0.0,0.0
2025-12-01 00:00:00-05:00,76.26191318478911,76.41111631009709,75.5258540457323,75.63526916503906,15529600,0.0,0.0
2025-12-02 00:00:00-05:00,75.75463354156538,76.5901589051864,75.35676106845652,76.46085357666016,14619100,0.0,0.0
2025-12-03 00:00:00-05:00,76.18233697712301,77.40579349496267,75.24734539924776,77.33616638183594,16088400,0.0,0.0
2025-12-04 00:00:00-05:00,77.27648799932938,77.44558133244283,76.75925151255316,77.34611511230469,12572600,0.0,0.0
2025-12-05 00:00:00-05:00,77.55500030517578,77.77383055362574,76.98803447454932,77.55500030517578,12579400,0.0,0.0
2025-12-08 00:00:00-05:00,77.79372000094895,78.95749075944553,77.7042026758891,78.44026184082031,17454500,0.0,0.0
2025-12-09 00:00:00-05:00,78.37063826302142,79.45483305566304,78.09212978743592,79.08680725097656,15737500,0.0,0.0
2025-12-10 00:00:00-05:00,78.4104206422692,80.3898265277314,78.38058153471135,79.82286071777344,21302700,0.0,0.0
2025-12-11 00:00:00-05:00,79.81291417980239,79.94222710142643,78.41042296159482,78.84807586669922,18652300,0.0,0.0
2025-12-12 00:00:00-05:00,79.03707068464014,79.1365369136677,77.30633401544291,77.38591003417969,16672300,0.0,0.0
2025-12-15 00:00:00-05:00,77.79372334342968,78.29106207411682,77.12729126561773,77.83351135253906,17646000,0.0,0.0
2025-12-16 00:00:00-05:00,77.69425447989362,78.19159319371254,76.96813661865194,77.13723754882812,17737200,0.0,0.0
2025-12-17 00:00:00-05:00,77.48537043712982,77.78376910177604,75.51590585980509,75.5954818725586,26094400,0.0,0.0
2025-12-18 00:00:00-05:00,75.9237329880064,77.39585139159001,75.85410586876647,76.5404281616211,19249400,0.0,0.0
2025-12-19 00:00:00-05:00,76.56032239693519,78.74860969014614,76.3812801573971,78.00260162353516,84881900,0.0,0.0
2025-12-22 00:00:00-05:00,78.59940449841532,78.7287174167277,77.54504888699233,77.69425201416016,18016100,0.0,0.0
2025-12-23 00:00:00-05:00,77.19691490412146,77.70420251141277,77.17701710607041,77.60472869873047,16712600,0.0,0.0
2025-12-24 00:00:00-05:00,77.60472869873047,77.8732958509144,77.43563535922884,77.60472869873047,9104400,0.0,0.0
2025-12-26 00:00:00-05:00,77.6843022336479,77.86334446645995,77.5152088995438,77.74398803710938,10158000,0.0,0.0
2025-12-29 00:00:00-05:00,77.61468177165604,77.88324893828278,77.1073941370842,77.37596130371094,17941800,0.0,0.0
2025-12-30 00:00:00-05:00,77.39585075291058,77.39585075291058,76.75925778545952,76.99798583984375,13952200,0.0,0.0
2025-12-31 00:00:00-05:00,76.92835032761913,77.40579884260606,76.47079961134945,76.62000274658203,13570500,0.0,0.0
2026-01-02 00:00:00-05:00,76.6500015258789,76.94999694824219,75.61000061035156,76.04000091552734,15749800,0.41,0.0
2026-01-05 00:00:00-05:00,76.44999694824219,76.7699966430664,75.20999908447266,75.58000183105469,16328800,0.0,0.0
2026-01-06 00:00:00-05:00,75.52999877929688,75.7300033569336,74.80999755859375,75.2300033569336,17017200,0.0,0.0
2026-01-07 00:00:00-05:00,75.12000274658203,75.37999725341797,74.19999694824219,74.72000122070312,20347400,0.0,0.0
2026-01-08 00:00:00-05:00,74.30999755859375,74.45999908447266,73.55000305175781,73.95999908447266,17192200,0.0,0.0
2026-01-09 00:00:00-05:00,73.44999694824219,74.33000183105469,73.33999633789062,73.87999725341797,19104100,0.0,0.0
2026-01-12 00:00:00-05:00,72.91000366210938,74.05000305175781,72.80000305175781,74.01000213623047,20985700,0.0,0.0
2026-01-13 00:00:00-05:00,73.98999786376953,75.5,73.86000061035156,75.47000122070312,17809900,0.0,0.0
2026-01-14 00:00:00-05:00,74.93000030517578,75.11000061035156,73.81999969482422,74.41000366210938,17801300,0.0,0.0
2026-01-15 00:00:00-05:00,75.22000122070312,76.05000305175781,74.91000366210938,75.25,18213000,0.0,0.0
2026-01-16 00:00:00-05:00,75.63999938964844,75.98999786376953,74.5999984741211,75.19000244140625,25743300,0.0,0.0
2026-01-20 00:00:00-05:00,74.5199966430664,74.87000274658203,73.20999908447266,73.3499984741211,23999700,0.0,0.0
2026-01-21 00:00:00-05:00,73.94999694824219,74.36000061035156,73.01000213623047,73.69000244140625,18210200,0.0,0.0
2026-01-22 00:00:00-05:00,74.11000061035156,74.77999877929688,73.87999725341797,74.33000183105469,12879800,0.0,0.0
2026-01-23 00:00:00-05:00,73.94999694824219,75.06999969482422,73.70999908447266,74.58999633789062,13125500,0.0,0.0
2026-01-26 00:00:00-05:00,76.47000122070312,77.41999816894531,75.63999938964844,77.01000213623047,24714400,0.0,0.0
2026-01-27 00:00:00-05:00,77.19000244140625,78.91000366210938,77.05000305175781,78.68000030517578,17756700,0.0,0.0
2026-01-28 00:00:00-05:00,78.93000030517578,79.04000091552734,78.0199966430664,78.95999908447266,14022900,0.0,0.0
2026-01-29 00:00:00-05:00,79.11000061035156,79.4800033569336,77.62999725341797,78.43000030517578,22642900,0.0,0.0
2026-01-30 00:00:00-05:00,78.08999633789062,78.80000305175781,77.72000122070312,78.31999969482422,26458400,0.0,0.0
2026-02-02 00:00:00-05:00,78.12000274658203,81.16000366210938,78.0,80.63999938964844,28238600,0.0,0.0
2026-02-03 00:00:00-05:00,80.80999755859375,83.25,80.80999755859375,83.11000061035156,34962100,0.0,0.0
2026-02-04 00:00:00-05:00,83.9800033569336,84.23999786376953,81.13999938964844,81.16000366210938,39765700,0.0,0.0
2026-02-05 00:00:00-05:00,80.86000061035156,83.30999755859375,80.80999755859375,82.36000061035156,24236500,0.0,0.0
2026-02-06 00:00:00-05:00,83.55999755859375,85.0,82.80999755859375,84.81999969482422,23936600,0.0,0.0
2026-02-09 00:00:00-05:00,84.7300033569336,87.25,84.30999755859375,86.77999877929688,22908400,0.0,0.0
2026-02-10 00:00:00-05:00,86.97000122070312,88.19000244140625,86.12999725341797,86.29000091552734,32113800,0.0,0.0
2026-02-11 00:00:00-05:00,86.05999755859375,87.13999938964844,85.12999725341797,85.54000091552734,34455800,0.0,0.0
2026-02-12 00:00:00-05:00,79.61000061035156,80.37000274658203,74.08999633789062,75.0,68098600,0.0,0.0
2026-02-13 00:00:00-05:00,74.37999725341797,77.30000305175781,73.41999816894531,76.8499984741211,42886400,0.0,0.0
2026-02-17 00:00:00-05:00,76.94999694824219,77.56999969482422,76.4800033569336,76.8499984741211,24792700,0.0,0.0
2026-02-18 00:00:00-05:00,76.55000305175781,78.5999984741211,76.48999786376953,78.18000030517578,20648800,0.0,0.0
2026-02-19 00:00:00-05:00,77.98999786376953,79.16000366210938,77.87000274658203,78.55999755859375,18443200,0.0,0.0
2026-02-20 00:00:00-05:00,78.12999725341797,79.33000183105469,78.12999725341797,79.19999694824219,29461600,0.0,0.0
2026-02-23 00:00:00-05:00,78.8499984741211,79.4800033569336,76.94000244140625,77.73999786376953,24485900,0.0,0.0
2026-02-24 00:00:00-05:00,77.73999786376953,78.70999908447266,77.47000122070312,78.13999938964844,19485100,0.0,0.0
2026-02-25 00:00:00-05:00,78.44999694824219,79.41999816894531,78.26000213623047,79.12000274658203,22721800,0.0,0.0
2026-02-26 00:00:00-05:00,78.94000244140625,79.33999633789062,77.72000122070312,78.0999984741211,19608000,0.0,0.0
2026-02-27 00:00:00-05:00,77.6500015258789,79.52999877929688,77.06999969482422,79.45999908447266,27498000,0.0,0.0
2026-03-02 00:00:00-05:00,78.75,79.5199966430664,77.69000244140625,79.41999816894531,18540400,0.0,0.0
2026-03-03 00:00:00-05:00,78.37999725341797,79.44000244140625,77.56999969482422,78.95999908447266,17521100,0.0,0.0
2026-03-04 00:00:00-05:00,79.19999694824219,80.95999908447266,78.52999877929688,80.87000274658203,20388100,0.0,0.0
2026-03-05 00:00:00-05:00,79.98999786376953,81.16999816894531,79.05000305175781,80.01000213623047,26844800,0.0,0.0
2026-03-06 00:00:00-05:00,78.5199966430664,79.5199966430664,78.3499984741211,78.63999938964844,20621200,0.0,0.0
2026-03-09 00:00:00-04:00,77.18000030517578,77.55999755859375,75.19999694824219,76.20999908447266,32855900,0.0,0.0
2026-03-10 00:00:00-04:00,77.13999938964844,79.01000213623047,77.0999984741211,77.69999694824219,24836000,0.0,0.0
2026-03-11 00:00:00-04:00,77.63999938964844,78.5,77.12000274658203,78.0999984741211,14719900,0.0,0.0
2026-03-12 00:00:00-04:00,76.94999694824219,78.12999725341797,76.94999694824219,77.73999786376953,19969500,0.0,0.0
2026-03-13 00:00:00-04:00,78.06999969482422,79.26000213623047,77.94000244140625,78.33000183105469,19080400,0.0,0.0
2026-03-16 00:00:00-04:00,78.91999816894531,79.16999816894531,78.19000244140625,78.9000015258789,14715100,0.0,0.0
2026-03-17 00:00:00-04:00,79.18000030517578,80.05000305175781,78.81999969482422,79.2699966430664,16210500,0.0,0.0
2026-03-18 00:00:00-04:00,79.73999786376953,80.02999877929688,77.52999877929688,77.5999984741211,18827600,0.0,0.0
2026-03-19 00:00:00-04:00,77.55000305175781,78.87999725341797,76.91999816894531,78.51000213623047,17519600,0.0,0.0
2026-03-20 00:00:00-04:00,78.44999694824219,79.04000091552734,76.70999908447266,77.6500015258789,90380800,0.0,0.0
2026-03-23 00:00:00-04:00,78.63999938964844,79.51000213623047,78.41999816894531,78.81999969482422,20072200,0.0,0.0
2026-03-24 00:00:00-04:00,78.37000274658203,80.94000244140625,78.12999725341797,80.86000061035156,23528000,0.0,0.0
2026-03-25 00:00:00-04:00,81.0,82.68000030517578,80.88999938964844,81.83000183105469,23146000,0.0,0.0
2026-03-26 00:00:00-04:00,82.06999969482422,83.11000061035156,81.80999755859375,82.16000366210938,26649600,0.0,0.0
2026-03-27 00:00:00-04:00,81.9800033569336,82.12000274658203,79.4000015258789,79.91999816894531,20557400,0.0,0.0
2026-03-30 00:00:00-04:00,79.86000061035156,80.38999938964844,76.58999633789062,77.04000091552734,24306300,0.0,0.0
2026-03-31 00:00:00-04:00,77.88999938964844,78.19000244140625,76.30999755859375,77.58999633789062,25105700,0.0,0.0
2026-04-01 00:00:00-04:00,78.0,79.12000274658203,77.80999755859375,77.93000030517578,21309000,0.0,0.0
2026-04-02 00:00:00-04:00,76.72000122070312,79.0999984741211,76.54000091552734,79.0199966430664,12055135,0.0,0.0
