Date,Open,High,Low,Close,Volume,Dividends,Stock Splits
2022-01-03 00:00:00-05:00,97.5999984741211,106.0,95.0999984741211,104.5999984741211,11285,0.0,0.0
2022-01-04 00:00:00-05:00,104.5999984741211,107.0,96.19999694824219,97.0,10800,0.0,0.0
2022-01-05 00:00:00-05:00,97.0,97.80000305175781,88.80000305175781,90.0,6805,0.0,0.0
2022-01-06 00:00:00-05:00,89.80000305175781,91.5999984741211,84.80000305175781,85.4000015258789,6725,0.0,0.0
2022-01-07 00:00:00-05:00,86.19999694824219,88.0,81.19999694824219,82.0,4955,0.0,0.0
2022-01-10 00:00:00-05:00,82.80000305175781,88.4000015258789,79.19999694824219,84.0,12240,0.0,0.0
2022-01-11 00:00:00-05:00,83.4000015258789,85.0,76.19999694824219,77.19999694824219,13970,0.0,0.0
2022-01-12 00:00:00-05:00,77.5999984741211,78.4000015258789,74.4000015258789,74.5999984741211,11570,0.0,0.0
2022-01-13 00:00:00-05:00,73.5999984741211,75.4000015258789,72.19999694824219,73.80000305175781,17615,0.0,0.0
2022-01-14 00:00:00-05:00,73.19999694824219,77.4000015258789,72.19999694824219,76.5999984741211,16470,0.0,0.0
2022-01-18 00:00:00-05:00,75.19999694824219,76.0,67.95999908447266,69.19999694824219,11290,0.0,0.0
2022-01-19 00:00:00-05:00,69.0,72.0,67.4000015258789,69.19999694824219,12120,0.0,0.0
2022-01-20 00:00:00-05:00,69.19999694824219,75.19999694824219,67.19999694824219,67.4000015258789,7175,0.0,0.0
2022-01-21 00:00:00-05:00,68.19999694824219,69.5999984741211,65.0,65.0,8280,0.0,0.0
2022-01-24 00:00:00-05:00,64.0,69.80000305175781,60.79999923706055,69.19999694824219,10945,0.0,0.0
2022-01-25 00:00:00-05:00,67.4000015258789,71.80000305175781,65.0,70.80000305175781,13990,0.0,0.0
2022-01-26 00:00:00-05:00,72.80000305175781,76.80000305175781,68.5999984741211,69.19999694824219,13560,0.0,0.0
2022-01-27 00:00:00-05:00,68.4000015258789,70.0,63.400001525878906,64.19999694824219,13060,0.0,0.0
2022-01-28 00:00:00-05:00,63.79999923706055,71.19999694824219,62.0,71.19999694824219,18815,0.0,0.0
2022-01-31 00:00:00-05:00,70.0,73.4000015258789,69.0,71.4000015258789,14175,0.0,0.0
2022-02-01 00:00:00-05:00,71.4000015258789,76.80000305175781,68.19999694824219,73.80000305175781,8870,0.0,0.0
2022-02-02 00:00:00-05:00,74.80000305175781,75.0,67.4000015258789,67.4000015258789,11600,0.0,0.0
2022-02-03 00:00:00-05:00,66.4000015258789,67.0,62.400001525878906,63.400001525878906,9880,0.0,0.0
2022-02-04 00:00:00-05:00,63.0,66.4000015258789,62.0,65.5999984741211,11535,0.0,0.0
2022-02-07 00:00:00-05:00,65.5999984741211,68.0,63.900001525878906,65.5999984741211,7405,0.0,0.0
2022-02-08 00:00:00-05:00,66.4000015258789,66.4000015258789,62.400001525878906,63.0,8375,0.0,0.0
2022-02-09 00:00:00-05:00,64.5999984741211,66.19999694824219,63.0,63.400001525878906,18515,0.0,0.0
2022-02-10 00:00:00-05:00,61.400001525878906,65.5999984741211,61.400001525878906,62.0,18550,0.0,0.0
2022-02-11 00:00:00-05:00,62.0,62.29999923706055,56.79999923706055,56.79999923706055,13160,0.0,0.0
2022-02-14 00:00:00-05:00,57.79999923706055,59.400001525878906,55.900001525878906,56.20000076293945,6985,0.0,0.0
2022-02-15 00:00:00-05:00,57.20000076293945,61.400001525878906,57.20000076293945,58.400001525878906,9565,0.0,0.0
2022-02-16 00:00:00-05:00,58.0,58.0,55.599998474121094,56.20000076293945,5795,0.0,0.0
2022-02-17 00:00:00-05:00,56.20000076293945,56.599998474121094,52.900001525878906,53.20000076293945,5820,0.0,0.0
2022-02-18 00:00:00-05:00,52.400001525878906,55.400001525878906,51.20000076293945,53.599998474121094,7840,0.0,0.0
2022-02-22 00:00:00-05:00,54.599998474121094,55.79999923706055,52.0,52.79999923706055,5510,0.0,0.0
2022-02-23 00:00:00-05:00,54.0,54.599998474121094,50.79999923706055,50.79999923706055,7285,0.0,0.0
2022-02-24 00:00:00-05:00,49.79999923706055,56.20000076293945,49.0,56.0,6310,0.0,0.0
2022-02-25 00:00:00-05:00,56.20000076293945,56.20000076293945,53.20000076293945,54.0,15135,0.0,0.0
2022-02-28 00:00:00-05:00,53.79999923706055,54.79999923706055,50.79999923706055,51.599998474121094,6690,0.0,0.0
2022-03-01 00:00:00-05:00,52.0,53.79999923706055,50.0,50.79999923706055,6625,0.0,0.0
2022-03-02 00:00:00-05:00,49.20000076293945,56.0,49.20000076293945,54.400001525878906,13205,0.0,0.0
2022-03-03 00:00:00-05:00,55.0,55.79999923706055,46.79999923706055,47.0,11625,0.0,0.0
2022-03-04 00:00:00-05:00,46.599998474121094,47.79999923706055,45.70000076293945,46.400001525878906,9985,0.0,0.0
2022-03-07 00:00:00-05:00,47.0,50.0,44.20000076293945,45.599998474121094,8610,0.0,0.0
2022-03-08 00:00:00-05:00,45.400001525878906,49.400001525878906,43.599998474121094,45.79999923706055,6705,0.0,0.0
2022-03-09 00:00:00-05:00,47.20000076293945,51.20000076293945,47.0,51.20000076293945,9315,0.0,0.0
2022-03-10 00:00:00-05:00,50.400001525878906,50.400001525878906,46.0,47.20000076293945,7025,0.0,0.0
2022-03-11 00:00:00-05:00,48.0,48.599998474121094,42.400001525878906,42.599998474121094,7165,0.0,0.0
2022-03-14 00:00:00-04:00,43.20000076293945,43.20000076293945,35.400001525878906,36.20000076293945,18925,0.0,0.0
2022-03-15 00:00:00-04:00,36.599998474121094,38.20000076293945,35.599998474121094,37.599998474121094,19920,0.0,0.0
2022-03-16 00:00:00-04:00,39.0,41.13999938964844,38.0,39.79999923706055,11275,0.0,0.0
2022-03-17 00:00:00-04:00,39.79999923706055,42.900001525878906,39.20000076293945,42.0,6465,0.0,0.0
2022-03-18 00:00:00-04:00,42.20000076293945,44.0,40.599998474121094,42.79999923706055,11105,0.0,0.0
2022-03-21 00:00:00-04:00,42.79999923706055,42.79999923706055,38.0,38.599998474121094,13800,0.0,0.0
2022-03-22 00:00:00-04:00,38.400001525878906,40.599998474121094,36.400001525878906,38.0,21800,0.0,0.0
2022-03-23 00:00:00-04:00,38.20000076293945,38.29999923706055,35.400001525878906,35.599998474121094,16175,0.0,0.0
2022-03-24 00:00:00-04:00,35.599998474121094,38.599998474121094,35.20000076293945,37.599998474121094,8630,0.0,0.0
2022-03-25 00:00:00-04:00,37.599998474121094,37.599998474121094,36.0,36.400001525878906,8830,0.0,0.0
2022-03-28 00:00:00-04:00,37.0,37.400001525878906,33.599998474121094,35.599998474121094,15050,0.0,0.0
2022-03-29 00:00:00-04:00,35.599998474121094,37.70000076293945,34.20000076293945,34.400001525878906,28930,0.0,0.0
2022-03-30 00:00:00-04:00,35.0,39.79999923706055,34.400001525878906,38.400001525878906,21980,0.0,0.0
2022-03-31 00:00:00-04:00,38.0,38.599998474121094,36.20000076293945,37.599998474121094,9630,0.0,0.0
2022-04-01 00:00:00-04:00,37.599998474121094,38.599998474121094,36.400001525878906,36.79999923706055,12060,0.0,0.0
2022-04-04 00:00:00-04:00,37.20000076293945,46.400001525878906,37.0,45.0,31530,0.0,0.0
2022-04-05 00:00:00-04:00,44.79999923706055,45.599998474121094,40.0,40.599998474121094,12290,0.0,0.0
2022-04-06 00:00:00-04:00,39.400001525878906,39.65999984741211,38.0,38.79999923706055,5300,0.0,0.0
2022-04-07 00:00:00-04:00,38.20000076293945,43.0,37.0,38.400001525878906,19445,0.0,0.0
2022-04-08 00:00:00-04:00,38.400001525878906,38.400001525878906,35.20000076293945,35.599998474121094,10140,0.0,0.0
2022-04-11 00:00:00-04:00,36.0,36.400001525878906,31.799999237060547,32.599998474121094,14610,0.0,0.0
2022-04-12 00:00:00-04:00,32.79999923706055,33.560001373291016,31.799999237060547,32.0,7900,0.0,0.0
2022-04-13 00:00:00-04:00,32.0,38.70000076293945,27.5,28.399999618530273,87335,0.0,0.0
2022-04-14 00:00:00-04:00,28.0,29.200000762939453,27.200000762939453,27.600000381469727,18140,0.0,0.0
2022-04-18 00:00:00-04:00,27.0,29.0,26.0,27.399999618530273,25330,0.0,0.0
2022-04-19 00:00:00-04:00,26.799999237060547,29.200000762939453,26.399999618530273,28.399999618530273,10960,0.0,0.0
2022-04-20 00:00:00-04:00,28.600000381469727,31.200000762939453,27.399999618530273,29.600000381469727,13740,0.0,0.0
2022-04-21 00:00:00-04:00,30.399999618530273,30.600000381469727,27.399999618530273,28.0,9085,0.0,0.0
2022-04-22 00:00:00-04:00,27.799999237060547,28.399999618530273,26.600000381469727,27.399999618530273,8045,0.0,0.0
2022-04-25 00:00:00-04:00,27.799999237060547,27.799999237060547,26.399999618530273,26.799999237060547,17060,0.0,0.0
2022-04-26 00:00:00-04:00,26.799999237060547,27.360000610351562,25.0,25.799999237060547,14345,0.0,0.0
2022-04-27 00:00:00-04:00,26.0,26.0,24.799999237060547,25.0,7165,0.0,0.0
2022-04-28 00:00:00-04:00,25.0,25.600000381469727,24.0,24.799999237060547,9100,0.0,0.0
2022-04-29 00:00:00-04:00,24.399999618530273,27.200000762939453,24.200000762939453,24.399999618530273,20260,0.0,0.0
2022-05-02 00:00:00-04:00,24.200000762939453,25.399999618530273,23.799999237060547,25.0,9090,0.0,0.0
2022-05-03 00:00:00-04:00,25.0,27.399999618530273,25.0,26.200000762939453,9190,0.0,0.0
2022-05-04 00:00:00-04:00,26.399999618530273,27.799999237060547,24.799999237060547,27.799999237060547,13620,0.0,0.0
2022-05-05 00:00:00-04:00,27.399999618530273,27.399999618530273,25.399999618530273,26.200000762939453,7290,0.0,0.0
2022-05-06 00:00:00-04:00,26.0,26.0,23.399999618530273,24.600000381469727,6230,0.0,0.0
2022-05-09 00:00:00-04:00,24.200000762939453,25.200000762939453,22.399999618530273,22.799999237060547,10485,0.0,0.0
2022-05-10 00:00:00-04:00,23.799999237060547,27.600000381469727,22.239999771118164,23.0,49150,0.0,0.0
2022-05-11 00:00:00-04:00,23.0,23.0,20.600000381469727,20.700000762939453,12220,0.0,0.0
2022-05-12 00:00:00-04:00,21.0,23.0,20.399999618530273,21.399999618530273,29755,0.0,0.0
2022-05-13 00:00:00-04:00,21.600000381469727,22.200000762939453,18.459999084472656,19.600000381469727,25560,0.0,0.0
2022-05-16 00:00:00-04:00,20.399999618530273,22.200000762939453,19.219999313354492,21.799999237060547,21190,0.0,0.0
2022-05-17 00:00:00-04:00,22.600000381469727,22.600000381469727,20.799999237060547,22.0,13060,0.0,0.0
2022-05-18 00:00:00-04:00,21.399999618530273,22.799999237060547,21.200000762939453,21.600000381469727,8360,0.0,0.0
2022-05-19 00:00:00-04:00,21.600000381469727,22.600000381469727,21.200000762939453,22.200000762939453,7170,0.0,0.0
2022-05-20 00:00:00-04:00,22.399999618530273,22.799999237060547,20.0,21.200000762939453,9805,0.0,0.0
2022-05-23 00:00:00-04:00,20.799999237060547,21.399999618530273,20.0,20.799999237060547,4330,0.0,0.0
2022-05-24 00:00:00-04:00,20.0,21.200000762939453,18.399999618530273,18.799999237060547,15220,0.0,0.0
2022-05-25 00:00:00-04:00,19.1200008392334,19.8799991607666,18.360000610351562,19.68000030517578,6105,0.0,0.0
2022-05-26 00:00:00-04:00,19.600000381469727,20.600000381469727,19.059999465942383,20.399999618530273,8110,0.0,0.0
2022-05-27 00:00:00-04:00,20.600000381469727,20.600000381469727,19.239999771118164,20.0,9840,0.0,0.0
2022-05-31 00:00:00-04:00,20.200000762939453,20.600000381469727,19.780000686645508,20.0,9150,0.0,0.0
2022-06-01 00:00:00-04:00,21.0,21.0,18.799999237060547,19.399999618530273,14105,0.0,0.0
2022-06-02 00:00:00-04:00,19.34000015258789,20.200000762939453,15.899999618530273,18.299999237060547,36365,0.0,0.0
2022-06-03 00:00:00-04:00,18.399999618530273,19.600000381469727,18.200000762939453,19.31999969482422,8835,0.0,0.0
2022-06-06 00:00:00-04:00,19.600000381469727,20.600000381469727,19.399999618530273,19.8799991607666,16500,0.0,0.0
2022-06-07 00:00:00-04:00,19.200000762939453,21.600000381469727,19.200000762939453,21.200000762939453,15330,0.0,0.0
2022-06-08 00:00:00-04:00,20.600000381469727,22.799999237060547,20.600000381469727,22.0,39480,0.0,0.0
2022-06-09 00:00:00-04:00,21.200000762939453,21.600000381469727,19.399999618530273,20.399999618530273,17665,0.0,0.0
2022-06-10 00:00:00-04:00,20.0,20.299999237060547,19.799999237060547,20.200000762939453,11770,0.0,0.0
2022-06-13 00:00:00-04:00,20.799999237060547,20.959999084472656,18.780000686645508,19.219999313354492,11765,0.0,0.0
2022-06-14 00:00:00-04:00,19.200000762939453,20.0,18.15999984741211,19.040000915527344,6975,0.0,0.0
2022-06-15 00:00:00-04:00,19.0,19.959999084472656,19.0,19.479999542236328,6230,0.0,0.0
2022-06-16 00:00:00-04:00,19.020000457763672,19.920000076293945,18.579999923706055,19.559999465942383,11745,0.0,0.0
2022-06-17 00:00:00-04:00,19.520000457763672,21.0,19.520000457763672,20.0,21125,0.0,0.0
2022-06-21 00:00:00-04:00,20.0,21.0,19.0,19.479999542236328,18255,0.0,0.0
2022-06-22 00:00:00-04:00,19.399999618530273,20.600000381469727,19.200000762939453,19.540000915527344,12745,0.0,0.0
2022-06-23 00:00:00-04:00,19.799999237060547,22.399999618530273,19.799999237060547,22.200000762939453,29480,0.0,0.0
2022-06-24 00:00:00-04:00,22.600000381469727,23.200000762939453,21.0,21.600000381469727,200625,0.0,0.0
2022-06-27 00:00:00-04:00,21.799999237060547,22.200000762939453,20.0,20.399999618530273,29835,0.0,0.0
2022-06-28 00:00:00-04:00,20.799999237060547,21.399999618530273,20.0,20.799999237060547,13810,0.0,0.0
2022-06-29 00:00:00-04:00,21.0,21.399999618530273,19.600000381469727,20.399999618530273,8620,0.0,0.0
2022-06-30 00:00:00-04:00,20.799999237060547,21.0,19.200000762939453,20.600000381469727,4190,0.0,0.0
2022-07-01 00:00:00-04:00,20.600000381469727,20.799999237060547,19.299999237060547,19.799999237060547,8690,0.0,0.0
2022-07-05 00:00:00-04:00,20.0,21.600000381469727,19.200000762939453,20.200000762939453,7040,0.0,0.0
2022-07-06 00:00:00-04:00,21.799999237060547,21.799999237060547,19.799999237060547,20.200000762939453,5875,0.0,0.0
2022-07-07 00:00:00-04:00,20.0,22.399999618530273,20.0,22.399999618530273,11810,0.0,0.0
2022-07-08 00:00:00-04:00,23.0,23.0,20.399999618530273,22.200000762939453,11230,0.0,0.0
2022-07-11 00:00:00-04:00,22.399999618530273,22.600000381469727,20.399999618530273,20.600000381469727,18510,0.0,0.0
2022-07-12 00:00:00-04:00,20.799999237060547,22.600000381469727,20.0,21.0,10115,0.0,0.0
2022-07-13 00:00:00-04:00,20.200000762939453,21.200000762939453,20.100000381469727,20.799999237060547,11375,0.0,0.0
2022-07-14 00:00:00-04:00,20.600000381469727,21.100000381469727,20.200000762939453,20.799999237060547,11530,0.0,0.0
2022-07-15 00:00:00-04:00,20.959999084472656,22.0,20.399999618530273,21.600000381469727,3545,0.0,0.0
2022-07-18 00:00:00-04:00,21.0,24.0,21.0,23.799999237060547,11540,0.0,0.0
2022-07-19 00:00:00-04:00,24.0,25.200000762939453,22.399999618530273,24.600000381469727,6725,0.0,0.0
2022-07-20 00:00:00-04:00,25.0,26.81999969482422,24.600000381469727,26.600000381469727,6975,0.0,0.0
2022-07-21 00:00:00-04:00,26.399999618530273,26.799999237060547,25.399999618530273,25.399999618530273,6980,0.0,0.0
2022-07-22 00:00:00-04:00,25.600000381469727,25.600000381469727,23.399999618530273,23.600000381469727,4310,0.0,0.0
2022-07-25 00:00:00-04:00,24.200000762939453,24.799999237060547,22.600000381469727,23.399999618530273,3745,0.0,0.0
2022-07-26 00:00:00-04:00,23.200000762939453,23.200000762939453,21.200000762939453,21.399999618530273,5550,0.0,0.0
2022-07-27 00:00:00-04:00,21.399999618530273,21.399999618530273,20.600000381469727,21.0,4125,0.0,0.0
2022-07-28 00:00:00-04:00,20.799999237060547,21.0,19.600000381469727,20.0,12420,0.0,0.0
2022-07-29 00:00:00-04:00,20.200000762939453,20.399999618530273,19.600000381469727,20.200000762939453,4565,0.0,0.0
2022-08-01 00:00:00-04:00,20.200000762939453,21.799999237060547,19.799999237060547,20.0,8930,0.0,0.0
2022-08-02 00:00:00-04:00,21.0,21.0,19.559999465942383,19.799999237060547,7400,0.0,0.0
2022-08-03 00:00:00-04:00,21.799999237060547,21.799999237060547,19.799999237060547,20.200000762939453,11215,0.0,0.0
2022-08-04 00:00:00-04:00,20.200000762939453,21.600000381469727,19.81999969482422,21.399999618530273,20005,0.0,0.0
2022-08-05 00:00:00-04:00,21.200000762939453,21.899999618530273,20.899999618530273,21.0,5605,0.0,0.0
2022-08-08 00:00:00-04:00,21.399999618530273,21.600000381469727,20.799999237060547,21.200000762939453,2875,0.0,0.0
2022-08-09 00:00:00-04:00,21.0,21.0,19.399999618530273,19.520000457763672,15350,0.0,0.0
2022-08-10 00:00:00-04:00,20.0,20.420000076293945,19.399999618530273,19.65999984741211,13765,0.0,0.0
2022-08-11 00:00:00-04:00,20.0,21.0,19.440000534057617,20.399999618530273,174135,0.0,0.0
2022-08-12 00:00:00-04:00,23.399999618530273,24.3799991607666,21.0,23.600000381469727,96325,0.0,0.0
2022-08-15 00:00:00-04:00,22.600000381469727,23.799999237060547,22.0,23.600000381469727,19675,0.0,0.0
2022-08-16 00:00:00-04:00,23.600000381469727,23.799999237060547,22.0,22.200000762939453,16585,0.0,0.0
2022-08-17 00:00:00-04:00,22.200000762939453,22.600000381469727,21.200000762939453,22.200000762939453,15340,0.0,0.0
2022-08-18 00:00:00-04:00,22.399999618530273,23.600000381469727,21.399999618530273,22.200000762939453,18380,0.0,0.0
2022-08-19 00:00:00-04:00,21.799999237060547,22.15999984741211,21.200000762939453,21.799999237060547,7750,0.0,0.0
2022-08-22 00:00:00-04:00,21.399999618530273,21.799999237060547,21.0,21.799999237060547,6725,0.0,0.0
2022-08-23 00:00:00-04:00,22.399999618530273,22.399999618530273,21.200000762939453,22.200000762939453,4045,0.0,0.0
2022-08-24 00:00:00-04:00,22.399999618530273,23.600000381469727,21.899999618530273,23.399999618530273,5380,0.0,0.0
2022-08-25 00:00:00-04:00,23.399999618530273,24.0,22.799999237060547,24.0,5365,0.0,0.0
2022-08-26 00:00:00-04:00,22.799999237060547,23.399999618530273,22.0,22.0,10575,0.0,0.0
2022-08-29 00:00:00-04:00,22.0,22.15999984741211,20.600000381469727,20.799999237060547,6375,0.0,0.0
2022-08-30 00:00:00-04:00,21.600000381469727,21.799999237060547,20.200000762939453,20.799999237060547,4465,0.0,0.0
2022-08-31 00:00:00-04:00,21.200000762939453,21.200000762939453,20.0,20.600000381469727,5690,0.0,0.0
2022-09-01 00:00:00-04:00,21.0,21.0,19.600000381469727,20.799999237060547,17250,0.0,0.0
2022-09-02 00:00:00-04:00,21.200000762939453,21.200000762939453,20.0,20.200000762939453,2275,0.0,0.0
2022-09-06 00:00:00-04:00,20.399999618530273,20.579999923706055,19.6200008392334,20.100000381469727,4390,0.0,0.0
2022-09-07 00:00:00-04:00,20.799999237060547,20.799999237060547,19.799999237060547,20.399999618530273,3440,0.0,0.0
2022-09-08 00:00:00-04:00,20.200000762939453,20.600000381469727,20.0,20.600000381469727,3085,0.0,0.0
2022-09-09 00:00:00-04:00,21.399999618530273,22.0,20.399999618530273,21.799999237060547,8400,0.0,0.0
2022-09-12 00:00:00-04:00,21.0,21.600000381469727,20.600000381469727,21.399999618530273,9510,0.0,0.0
2022-09-13 00:00:00-04:00,20.399999618530273,21.0,20.0,20.0,9415,0.0,0.0
2022-09-14 00:00:00-04:00,20.200000762939453,20.799999237060547,19.600000381469727,19.600000381469727,5960,0.0,0.0
2022-09-15 00:00:00-04:00,19.799999237060547,20.399999618530273,19.799999237060547,20.200000762939453,5100,0.0,0.0
2022-09-16 00:00:00-04:00,20.200000762939453,20.200000762939453,18.200000762939453,19.0,10885,0.0,0.0
2022-09-19 00:00:00-04:00,18.799999237060547,19.0,18.059999465942383,18.920000076293945,3975,0.0,0.0
2022-09-20 00:00:00-04:00,18.5,19.15999984741211,18.219999313354492,18.68000030517578,4630,0.0,0.0
2022-09-21 00:00:00-04:00,18.239999771118164,19.0,15.819999694824219,16.0,19130,0.0,0.0
2022-09-22 00:00:00-04:00,15.899999618530273,16.1200008392334,14.15999984741211,14.800000190734863,9330,0.0,0.0
2022-09-23 00:00:00-04:00,14.34000015258789,15.140000343322754,13.520000457763672,13.779999732971191,8985,0.0,0.0
2022-09-26 00:00:00-04:00,13.359999656677246,14.180000305175781,13.0,13.5600004196167,8630,0.0,0.0
2022-09-27 00:00:00-04:00,13.979999542236328,14.239999771118164,12.680000305175781,13.5,5920,0.0,0.0
2022-09-28 00:00:00-04:00,14.100000381469727,14.199999809265137,13.020000457763672,13.300000190734863,5550,0.0,0.0
2022-09-29 00:00:00-04:00,13.020000457763672,13.779999732971191,12.399999618530273,12.699999809265137,3590,0.0,0.0
2022-09-30 00:00:00-04:00,12.800000190734863,13.4399995803833,12.600000381469727,12.800000190734863,2555,0.0,0.0
2022-10-03 00:00:00-04:00,13.5,13.5,12.640000343322754,13.359999656677246,1775,0.0,0.0
2022-10-04 00:00:00-04:00,13.319999694824219,14.0,13.0,13.600000381469727,2310,0.0,0.0
2022-10-05 00:00:00-04:00,13.779999732971191,13.960000038146973,13.239999771118164,13.600000381469727,1835,0.0,0.0
2022-10-06 00:00:00-04:00,13.34000015258789,13.800000190734863,13.0600004196167,13.239999771118164,3390,0.0,0.0
2022-10-07 00:00:00-04:00,13.020000457763672,13.600000381469727,12.600000381469727,12.699999809265137,3360,0.0,0.0
2022-10-10 00:00:00-04:00,11.65999984741211,12.460000038146973,11.300000190734863,11.4399995803833,8195,0.0,0.0
2022-10-11 00:00:00-04:00,12.180000305175781,12.180000305175781,11.199999809265137,11.399999618530273,2570,0.0,0.0
2022-10-12 00:00:00-04:00,11.180000305175781,11.800000190734863,11.180000305175781,11.479999542236328,4100,0.0,0.0
2022-10-13 00:00:00-04:00,11.020000457763672,11.779999732971191,11.0,11.239999771118164,3895,0.0,0.0
2022-10-14 00:00:00-04:00,11.260000228881836,12.0,11.199999809265137,11.84000015258789,4585,0.0,0.0
2022-10-17 00:00:00-04:00,11.199999809265137,12.399999618530273,11.199999809265137,12.0,7835,0.0,0.0
2022-10-18 00:00:00-04:00,12.15999984741211,12.520000457763672,12.0,12.119999885559082,3490,0.0,0.0
2022-10-19 00:00:00-04:00,12.180000305175781,13.34000015258789,12.100000381469727,12.199999809265137,8555,0.0,0.0
2022-10-20 00:00:00-04:00,12.039999961853027,12.399999618530273,11.399999618530273,11.399999618530273,4900,0.0,0.0
2022-10-21 00:00:00-04:00,11.539999961853027,12.880000114440918,11.399999618530273,12.600000381469727,6965,0.0,0.0
2022-10-24 00:00:00-04:00,12.399999618530273,12.859999656677246,12.0,12.119999885559082,5020,0.0,0.0
2022-10-25 00:00:00-04:00,12.199999809265137,12.920000076293945,12.0,12.180000305175781,2140,0.0,0.0
2022-10-26 00:00:00-04:00,12.199999809265137,13.0,11.800000190734863,12.0,6170,0.0,0.0
2022-10-27 00:00:00-04:00,12.579999923706055,12.579999923706055,11.800000190734863,12.0600004196167,2975,0.0,0.0
2022-10-28 00:00:00-04:00,11.699999809265137,12.199999809265137,11.699999809265137,11.960000038146973,2980,0.0,0.0
2022-10-31 00:00:00-04:00,11.960000038146973,12.0,11.100000381469727,11.359999656677246,8560,0.0,0.0
2022-11-01 00:00:00-04:00,11.199999809265137,11.960000038146973,11.199999809265137,11.199999809265137,6670,0.0,0.0
2022-11-02 00:00:00-04:00,11.600000381469727,11.800000190734863,11.199999809265137,11.260000228881836,5310,0.0,0.0
2022-11-03 00:00:00-04:00,11.199999809265137,11.34000015258789,11.0,11.15999984741211,7170,0.0,0.0
2022-11-04 00:00:00-04:00,11.15999984741211,11.15999984741211,10.600000381469727,10.800000190734863,3880,0.0,0.0
2022-11-07 00:00:00-05:00,10.600000381469727,11.119999885559082,10.4399995803833,10.880000114440918,865,0.0,0.0
2022-11-08 00:00:00-05:00,10.899999618530273,11.199999809265137,10.0600004196167,10.5600004196167,4745,0.0,0.0
2022-11-09 00:00:00-05:00,10.399999618530273,10.779999732971191,10.100000381469727,10.199999809265137,4215,0.0,0.0
2022-11-10 00:00:00-05:00,10.199999809265137,10.800000190734863,10.199999809265137,10.460000038146973,4970,0.0,0.0
2022-11-11 00:00:00-05:00,10.600000381469727,11.420000076293945,10.239999771118164,10.800000190734863,4050,0.0,0.0
2022-11-14 00:00:00-05:00,10.5600004196167,11.199999809265137,10.239999771118164,10.600000381469727,101690,0.0,0.0
2022-11-15 00:00:00-05:00,9.600000381469727,9.600000381469727,8.119999885559082,8.5,35705,0.0,0.0
2022-11-16 00:00:00-05:00,8.020000457763672,8.600000381469727,7.820000171661377,8.039999961853027,11495,0.0,0.0
2022-11-17 00:00:00-05:00,8.039999961853027,9.199999809265137,7.5,8.399999618530273,41165,0.0,0.0
2022-11-18 00:00:00-05:00,7.980000019073486,10.600000381469727,7.980000019073486,9.479999542236328,39165,0.0,0.0
2022-11-21 00:00:00-05:00,10.0,10.039999961853027,8.960000038146973,9.020000457763672,8460,0.0,0.0
2022-11-22 00:00:00-05:00,9.4399995803833,9.4399995803833,8.199999809265137,8.600000381469727,19225,0.0,0.0
2022-11-23 00:00:00-05:00,8.460000038146973,8.800000190734863,8.460000038146973,8.800000190734863,3335,0.0,0.0
2022-11-25 00:00:00-05:00,8.800000190734863,9.0,8.619999885559082,9.0,1175,0.0,0.0
2022-11-28 00:00:00-05:00,8.899999618530273,9.0,8.600000381469727,8.979999542236328,2210,0.0,0.0
2022-11-29 00:00:00-05:00,9.0,10.239999771118164,8.65999984741211,10.0,6190,0.0,0.0
2022-11-30 00:00:00-05:00,10.0,10.239999771118164,9.15999984741211,10.199999809265137,3485,0.0,0.0
2022-12-01 00:00:00-05:00,10.0,10.15999984741211,8.600000381469727,9.0,20600,0.0,0.0
2022-12-02 00:00:00-05:00,9.0600004196167,9.420000076293945,8.460000038146973,9.300000190734863,8455,0.0,0.0
2022-12-05 00:00:00-05:00,9.020000457763672,9.640000343322754,8.640000343322754,8.640000343322754,8250,0.0,0.0
2022-12-06 00:00:00-05:00,8.460000038146973,8.979999542236328,8.420000076293945,8.460000038146973,4305,0.0,0.0
2022-12-07 00:00:00-05:00,8.880000114440918,8.880000114440918,7.599999904632568,8.199999809265137,9990,0.0,0.0
2022-12-08 00:00:00-05:00,7.960000038146973,8.539999961853027,7.900000095367432,8.300000190734863,3580,0.0,0.0
2022-12-09 00:00:00-05:00,8.399999618530273,9.0,8.0,8.399999618530273,4790,0.0,0.0
2022-12-12 00:00:00-05:00,8.239999771118164,9.600000381469727,8.239999771118164,9.0,12695,0.0,0.0
2022-12-13 00:00:00-05:00,9.600000381469727,9.600000381469727,9.0,9.579999923706055,4360,0.0,0.0
2022-12-14 00:00:00-05:00,9.399999618530273,9.399999618530273,8.739999771118164,9.199999809265137,10215,0.0,0.0
2022-12-15 00:00:00-05:00,9.399999618530273,9.399999618530273,8.800000190734863,9.0600004196167,1810,0.0,0.0
2022-12-16 00:00:00-05:00,8.899999618530273,10.0,8.65999984741211,8.699999809265137,218855,0.0,0.0
2022-12-19 00:00:00-05:00,9.260000228881836,9.539999961853027,8.699999809265137,8.859999656677246,10325,0.0,0.0
2022-12-20 00:00:00-05:00,8.640000343322754,8.899999618530273,8.420000076293945,8.65999984741211,9215,0.0,0.0
2022-12-21 00:00:00-05:00,8.420000076293945,9.180000305175781,8.420000076293945,8.760000228881836,4350,0.0,0.0
2022-12-22 00:00:00-05:00,8.800000190734863,8.800000190734863,8.119999885559082,8.5,8915,0.0,0.0
2022-12-23 00:00:00-05:00,8.800000190734863,9.100000381469727,8.15999984741211,8.65999984741211,10395,0.0,0.0
2022-12-27 00:00:00-05:00,8.600000381469727,9.359999656677246,8.600000381469727,8.800000190734863,11760,0.0,0.0
2022-12-28 00:00:00-05:00,8.800000190734863,10.0,8.300000190734863,9.600000381469727,33795,0.0,0.0
2022-12-29 00:00:00-05:00,10.0,10.0,9.199999809265137,9.979999542236328,26215,0.0,0.0
2022-12-30 00:00:00-05:00,9.600000381469727,10.399999618530273,9.600000381469727,10.180000305175781,6390,0.0,0.0
2023-01-03 00:00:00-05:00,9.800000190734863,10.359999656677246,9.380000114440918,10.100000381469727,51065,0.0,0.0
2023-01-04 00:00:00-05:00,10.100000381469727,10.359999656677246,10.0,10.199999809265137,3415,0.0,0.0
2023-01-05 00:00:00-05:00,10.0,10.800000190734863,10.0,10.119999885559082,6985,0.0,0.0
2023-01-06 00:00:00-05:00,10.119999885559082,11.0,10.119999885559082,10.460000038146973,10850,0.0,0.0
2023-01-09 00:00:00-05:00,10.399999618530273,11.199999809265137,10.399999618530273,11.039999961853027,3505,0.0,0.0
2023-01-10 00:00:00-05:00,11.100000381469727,11.100000381469727,10.399999618530273,10.399999618530273,4440,0.0,0.0
2023-01-11 00:00:00-05:00,10.399999618530273,10.899999618530273,10.220000267028809,10.399999618530273,5930,0.0,0.0
2023-01-12 00:00:00-05:00,10.399999618530273,10.800000190734863,10.220000267028809,10.5600004196167,3460,0.0,0.0
2023-01-13 00:00:00-05:00,11.199999809265137,12.800000190734863,10.600000381469727,11.680000305175781,11050,0.0,0.0
2023-01-17 00:00:00-05:00,11.800000190734863,11.800000190734863,10.859999656677246,11.399999618530273,2145,0.0,0.0
2023-01-18 00:00:00-05:00,11.199999809265137,11.800000190734863,11.199999809265137,11.399999618530273,3410,0.0,0.0
2023-01-19 00:00:00-05:00,11.199999809265137,11.579999923706055,10.380000114440918,11.239999771118164,5250,0.0,0.0
2023-01-20 00:00:00-05:00,12.180000305175781,12.180000305175781,11.399999618530273,11.520000457763672,3235,0.0,0.0
2023-01-23 00:00:00-05:00,11.720000267028809,11.819999694824219,11.399999618530273,11.579999923706055,2915,0.0,0.0
2023-01-24 00:00:00-05:00,11.600000381469727,11.979999542236328,11.5,11.800000190734863,3420,0.0,0.0
2023-01-25 00:00:00-05:00,12.0,12.399999618530273,11.520000457763672,12.199999809265137,2315,0.0,0.0
2023-01-26 00:00:00-05:00,13.199999809265137,13.199999809265137,11.800000190734863,12.199999809265137,3530,0.0,0.0
2023-01-27 00:00:00-05:00,12.399999618530273,12.399999618530273,11.5,12.0,1015,0.0,0.0
2023-01-30 00:00:00-05:00,11.899999618530273,12.100000381469727,11.460000038146973,11.600000381469727,3815,0.0,0.0
2023-01-31 00:00:00-05:00,11.619999885559082,12.0,11.600000381469727,11.899999618530273,2105,0.0,0.0
2023-02-01 00:00:00-05:00,12.100000381469727,12.100000381469727,11.600000381469727,11.800000190734863,2025,0.0,0.0
2023-02-02 00:00:00-05:00,12.399999618530273,12.699999809265137,11.460000038146973,11.5600004196167,18750,0.0,0.0
2023-02-03 00:00:00-05:00,12.180000305175781,12.65999984741211,11.600000381469727,11.800000190734863,8005,0.0,0.0
2023-02-06 00:00:00-05:00,12.579999923706055,13.0600004196167,11.800000190734863,12.399999618530273,6955,0.0,0.0
2023-02-07 00:00:00-05:00,12.600000381469727,13.15999984741211,12.399999618530273,12.84000015258789,6625,0.0,0.0
2023-02-08 00:00:00-05:00,13.0,13.15999984741211,12.239999771118164,12.260000228881836,1765,0.0,0.0
2023-02-09 00:00:00-05:00,12.399999618530273,12.800000190734863,12.0600004196167,12.319999694824219,6390,0.0,0.0
2023-02-10 00:00:00-05:00,12.039999961853027,13.15999984741211,12.020000457763672,12.520000457763672,9110,0.0,0.0
2023-02-13 00:00:00-05:00,12.199999809265137,13.239999771118164,12.039999961853027,12.600000381469727,830,0.0,0.0
2023-02-14 00:00:00-05:00,12.399999618530273,12.399999618530273,11.239999771118164,11.600000381469727,12835,0.0,0.0
2023-02-15 00:00:00-05:00,11.600000381469727,12.180000305175781,10.819999694824219,11.800000190734863,12755,0.0,0.0
2023-02-16 00:00:00-05:00,11.399999618530273,11.4399995803833,10.300000190734863,10.479999542236328,10000,0.0,0.0
2023-02-17 00:00:00-05:00,10.199999809265137,10.760000228881836,10.100000381469727,10.600000381469727,8515,0.0,0.0
2023-02-21 00:00:00-05:00,10.800000190734863,10.800000190734863,10.020000457763672,10.34000015258789,5115,0.0,0.0
2023-02-22 00:00:00-05:00,10.319999694824219,10.920000076293945,10.020000457763672,10.199999809265137,5455,0.0,0.0
2023-02-23 00:00:00-05:00,11.600000381469727,11.600000381469727,10.100000381469727,11.0,19010,0.0,0.0
2023-02-24 00:00:00-05:00,10.65999984741211,10.760000228881836,10.0600004196167,10.199999809265137,2175,0.0,0.0
2023-02-27 00:00:00-05:00,10.0,10.399999618530273,10.0,10.199999809265137,2045,0.0,0.0
2023-02-28 00:00:00-05:00,10.020000457763672,10.479999542236328,10.020000457763672,10.0600004196167,2150,0.0,0.0
2023-03-01 00:00:00-05:00,10.399999618530273,11.140000343322754,9.819999694824219,10.199999809265137,17550,0.0,0.0
2023-03-02 00:00:00-05:00,9.899999618530273,10.760000228881836,9.899999618530273,10.399999618530273,2985,0.0,0.0
2023-03-03 00:00:00-05:00,10.039999961853027,10.600000381469727,10.039999961853027,10.239999771118164,2535,0.0,0.0
2023-03-06 00:00:00-05:00,9.800000190734863,10.680000305175781,9.800000190734863,10.479999542236328,8665,0.0,0.0
2023-03-07 00:00:00-05:00,10.199999809265137,11.399999618530273,10.199999809265137,10.699999809265137,5560,0.0,0.0
2023-03-08 00:00:00-05:00,10.399999618530273,11.199999809265137,10.239999771118164,10.600000381469727,70460,0.0,0.0
2023-03-09 00:00:00-05:00,13.579999923706055,15.199999809265137,12.84000015258789,14.399999618530273,542490,0.0,0.0
2023-03-10 00:00:00-05:00,13.520000457763672,14.0,12.199999809265137,12.600000381469727,64935,0.0,0.0
2023-03-13 00:00:00-04:00,12.720000267028809,13.5,12.199999809265137,12.399999618530273,52415,0.0,0.0
2023-03-14 00:00:00-04:00,12.600000381469727,13.800000190734863,12.399999618530273,12.420000076293945,31160,0.0,0.0
2023-03-15 00:00:00-04:00,13.0,13.0,12.199999809265137,12.399999618530273,19565,0.0,0.0
2023-03-16 00:00:00-04:00,12.600000381469727,14.0,12.600000381469727,13.979999542236328,29200,0.0,0.0
2023-03-17 00:00:00-04:00,13.600000381469727,13.859999656677246,12.979999542236328,12.979999542236328,9560,0.0,0.0
2023-03-20 00:00:00-04:00,13.0,13.779999732971191,12.800000190734863,13.479999542236328,11605,0.0,0.0
2023-03-21 00:00:00-04:00,13.5600004196167,14.300000190734863,13.039999961853027,13.34000015258789,24075,0.0,0.0
2023-03-22 00:00:00-04:00,13.579999923706055,13.899999618530273,12.800000190734863,13.199999809265137,6440,0.0,0.0
2023-03-23 00:00:00-04:00,12.800000190734863,13.4399995803833,12.399999618530273,12.5,16155,0.0,0.0
2023-03-24 00:00:00-04:00,12.5,13.180000305175781,12.5,12.680000305175781,10790,0.0,0.0
2023-03-27 00:00:00-04:00,13.0,13.300000190734863,12.220000267028809,13.279999732971191,13005,0.0,0.0
2023-03-28 00:00:00-04:00,13.0,13.15999984741211,12.359999656677246,12.399999618530273,12025,0.0,0.0
2023-03-29 00:00:00-04:00,12.399999618530273,13.899999618530273,12.399999618530273,13.699999809265137,18675,0.0,0.0
2023-03-30 00:00:00-04:00,13.199999809265137,13.899999618530273,13.199999809265137,13.899999618530273,9105,0.0,0.0
2023-03-31 00:00:00-04:00,13.800000190734863,14.0,13.5,14.0,13120,0.0,0.0
2023-04-03 00:00:00-04:00,13.800000190734863,14.380000114440918,13.65999984741211,14.0,29140,0.0,0.0
2023-04-04 00:00:00-04:00,13.800000190734863,14.0,13.539999961853027,13.600000381469727,8725,0.0,0.0
2023-04-05 00:00:00-04:00,13.600000381469727,14.5,13.600000381469727,14.399999618530273,13060,0.0,0.0
2023-04-06 00:00:00-04:00,14.0,14.399999618530273,14.0,14.0,5005,0.0,0.0
2023-04-10 00:00:00-04:00,14.0,14.960000038146973,14.0,14.600000381469727,10325,0.0,0.0
2023-04-11 00:00:00-04:00,14.600000381469727,15.800000190734863,14.600000381469727,15.600000381469727,23295,0.0,0.0
2023-04-12 00:00:00-04:00,15.199999809265137,15.880000114440918,15.0600004196167,15.5,6940,0.0,0.0
2023-04-13 00:00:00-04:00,15.399999618530273,15.800000190734863,14.960000038146973,15.65999984741211,11665,0.0,0.0
2023-04-14 00:00:00-04:00,15.65999984741211,15.880000114440918,15.4399995803833,15.800000190734863,8060,0.0,0.0
2023-04-17 00:00:00-04:00,15.800000190734863,16.3799991607666,15.800000190734863,16.200000762939453,15825,0.0,0.0
2023-04-18 00:00:00-04:00,16.100000381469727,16.100000381469727,15.0,16.0,9610,0.0,0.0
2023-04-19 00:00:00-04:00,16.0,16.299999237060547,16.0,16.200000762939453,5715,0.0,0.0
2023-04-20 00:00:00-04:00,16.18000030517578,17.600000381469727,16.0,17.479999542236328,41945,0.0,0.0
2023-04-21 00:00:00-04:00,17.0,17.399999618530273,16.299999237060547,17.0,15370,0.0,0.0
2023-04-24 00:00:00-04:00,17.0,17.0,16.399999618530273,16.399999618530273,10770,0.0,0.0
2023-04-25 00:00:00-04:00,16.399999618530273,17.0,16.299999237060547,16.899999618530273,4465,0.0,0.0
2023-04-26 00:00:00-04:00,16.700000762939453,17.0,16.639999389648438,16.979999542236328,4515,0.0,0.0
2023-04-27 00:00:00-04:00,16.959999084472656,17.600000381469727,16.639999389648438,17.459999084472656,10260,0.0,0.0
2023-04-28 00:00:00-04:00,17.399999618530273,17.8799991607666,17.200000762939453,17.8799991607666,9845,0.0,0.0
2023-05-01 00:00:00-04:00,17.8799991607666,18.299999237060547,17.299999237060547,18.0,15795,0.0,0.0
2023-05-02 00:00:00-04:00,18.200000762939453,18.600000381469727,17.299999237060547,18.200000762939453,5450,0.0,0.0
2023-05-03 00:00:00-04:00,17.860000610351562,18.200000762939453,16.6200008392334,17.600000381469727,15165,0.0,0.0
2023-05-04 00:00:00-04:00,17.799999237060547,17.799999237060547,17.0,17.780000686645508,7010,0.0,0.0
2023-05-05 00:00:00-04:00,17.780000686645508,18.0,17.399999618530273,17.979999542236328,5010,0.0,0.0
2023-05-08 00:00:00-04:00,18.0,18.0,17.040000915527344,17.600000381469727,5940,0.0,0.0
2023-05-09 00:00:00-04:00,17.360000610351562,18.0,17.0,17.799999237060547,9115,0.0,0.0
2023-05-10 00:00:00-04:00,17.260000228881836,17.959999084472656,17.200000762939453,17.920000076293945,5025,0.0,0.0
2023-05-11 00:00:00-04:00,17.65999984741211,17.799999237060547,17.200000762939453,17.639999389648438,1670,0.0,0.0
2023-05-12 00:00:00-04:00,17.799999237060547,17.799999237060547,17.200000762939453,17.600000381469727,2715,0.0,0.0
2023-05-15 00:00:00-04:00,17.360000610351562,17.719999313354492,17.200000762939453,17.299999237060547,5905,0.0,0.0
2023-05-16 00:00:00-04:00,17.239999771118164,17.780000686645508,17.239999771118164,17.600000381469727,1320,0.0,0.0
2023-05-17 00:00:00-04:00,17.600000381469727,17.600000381469727,17.200000762939453,17.399999618530273,2050,0.0,0.0
2023-05-18 00:00:00-04:00,17.399999618530273,17.600000381469727,17.200000762939453,17.559999465942383,1605,0.0,0.0
2023-05-19 00:00:00-04:00,17.600000381469727,17.780000686645508,17.200000762939453,17.399999618530273,2000,0.0,0.0
2023-05-22 00:00:00-04:00,17.399999618530273,17.979999542236328,17.399999618530273,17.979999542236328,3935,0.0,0.0
2023-05-23 00:00:00-04:00,18.0,18.0,17.040000915527344,17.600000381469727,4770,0.0,0.0
2023-05-24 00:00:00-04:00,18.0,18.15999984741211,17.040000915527344,17.299999237060547,18885,0.0,0.0
2023-05-25 00:00:00-04:00,17.260000228881836,17.959999084472656,16.100000381469727,16.200000762939453,6840,0.0,0.0
2023-05-26 00:00:00-04:00,16.200000762939453,16.600000381469727,16.200000762939453,16.399999618530273,1730,0.0,0.0
2023-05-30 00:00:00-04:00,16.0,16.719999313354492,15.800000190734863,16.299999237060547,4645,0.0,0.0
2023-05-31 00:00:00-04:00,16.399999618530273,16.399999618530273,16.0,16.0,1315,0.0,0.0
2023-06-01 00:00:00-04:00,16.200000762939453,16.360000610351562,16.0,16.360000610351562,3135,0.0,0.0
2023-06-02 00:00:00-04:00,16.200000762939453,16.399999618530273,16.0,16.399999618530273,615,0.0,0.0
2023-06-05 00:00:00-04:00,16.200000762939453,16.600000381469727,16.0,16.18000030517578,5535,0.0,0.0
2023-06-06 00:00:00-04:00,16.0,16.200000762939453,16.0,16.18000030517578,1385,0.0,0.0
2023-06-07 00:00:00-04:00,16.34000015258789,16.3799991607666,15.800000190734863,15.9399995803833,1615,0.0,0.0
2023-06-08 00:00:00-04:00,15.9399995803833,16.15999984741211,15.800000190734863,15.800000190734863,2755,0.0,0.0
2023-06-09 00:00:00-04:00,15.800000190734863,15.960000038146973,15.600000381469727,15.600000381469727,2725,0.0,0.0
2023-06-12 00:00:00-04:00,15.600000381469727,15.760000228881836,15.600000381469727,15.600000381469727,1855,0.0,0.0
2023-06-13 00:00:00-04:00,15.600000381469727,15.9399995803833,15.399999618530273,15.399999618530273,3710,0.0,0.0
2023-06-14 00:00:00-04:00,15.399999618530273,15.539999961853027,15.0,15.0,3255,0.0,0.0
2023-06-15 00:00:00-04:00,15.0,15.100000381469727,14.800000190734863,14.800000190734863,2325,0.0,0.0
2023-06-16 00:00:00-04:00,14.800000190734863,17.059999465942383,14.800000190734863,15.479999542236328,10865,0.0,0.0
2023-06-20 00:00:00-04:00,15.199999809265137,16.0,15.0,15.720000267028809,1970,0.0,0.0
2023-06-21 00:00:00-04:00,15.84000015258789,15.84000015258789,15.279999732971191,15.520000457763672,1705,0.0,0.0
2023-06-22 00:00:00-04:00,15.319999694824219,15.800000190734863,15.0,15.199999809265137,2485,0.0,0.0
2023-06-23 00:00:00-04:00,15.199999809265137,16.219999313354492,15.0,15.420000076293945,5155,0.0,0.0
2023-06-26 00:00:00-04:00,15.420000076293945,15.920000076293945,15.079999923706055,15.699999809265137,13780,0.0,0.0
2023-06-27 00:00:00-04:00,15.699999809265137,16.600000381469727,15.600000381469727,16.15999984741211,10465,0.0,0.0
2023-06-28 00:00:00-04:00,16.100000381469727,16.34000015258789,15.800000190734863,16.200000762939453,1855,0.0,0.0
2023-06-29 00:00:00-04:00,16.200000762939453,16.760000228881836,16.0,16.559999465942383,765,0.0,0.0
2023-06-30 00:00:00-04:00,16.600000381469727,16.799999237060547,16.299999237060547,16.600000381469727,1680,0.0,0.0
2023-07-03 00:00:00-04:00,16.0,16.799999237060547,16.0,16.5,1280,0.0,0.0
2023-07-05 00:00:00-04:00,16.780000686645508,17.0,16.5,16.639999389648438,1955,0.0,0.0
2023-07-06 00:00:00-04:00,16.5,16.799999237060547,16.399999618530273,16.719999313354492,3575,0.0,0.0
2023-07-07 00:00:00-04:00,16.299999237060547,16.940000534057617,16.299999237060547,16.799999237060547,2075,0.0,0.0
2023-07-10 00:00:00-04:00,16.719999313354492,17.059999465942383,16.600000381469727,16.600000381469727,7075,0.0,0.0
2023-07-11 00:00:00-04:00,16.600000381469727,17.0,16.280000686645508,16.959999084472656,2225,0.0,0.0
2023-07-12 00:00:00-04:00,16.65999984741211,17.0,16.200000762939453,16.799999237060547,3375,0.0,0.0
2023-07-13 00:00:00-04:00,16.700000762939453,17.479999542236328,16.700000762939453,17.100000381469727,8970,0.0,0.0
2023-07-14 00:00:00-04:00,17.299999237060547,17.700000762939453,16.8799991607666,17.600000381469727,2660,0.0,0.0
2023-07-17 00:00:00-04:00,17.700000762939453,18.799999237060547,17.200000762939453,18.5,8440,0.0,0.0
2023-07-18 00:00:00-04:00,17.5,17.5,13.800000190734863,14.779999732971191,188545,0.0,0.0
2023-07-19 00:00:00-04:00,14.600000381469727,15.0,13.0,13.199999809265137,64420,0.0,0.0
2023-07-20 00:00:00-04:00,13.399999618530273,13.779999732971191,13.0,13.399999618530273,59315,0.0,0.0
2023-07-21 00:00:00-04:00,14.399999618530273,14.779999732971191,13.800000190734863,13.899999618530273,51040,0.0,0.0
2023-07-24 00:00:00-04:00,14.0,14.199999809265137,13.399999618530273,13.779999732971191,20040,0.0,0.0
2023-07-25 00:00:00-04:00,13.859999656677246,13.979999542236328,13.399999618530273,13.739999771118164,26410,0.0,0.0
2023-07-26 00:00:00-04:00,13.619999885559082,13.800000190734863,12.9399995803833,13.760000228881836,24540,0.0,0.0
2023-07-27 00:00:00-04:00,13.34000015258789,13.84000015258789,13.199999809265137,13.579999923706055,17870,0.0,0.0
2023-07-28 00:00:00-04:00,13.600000381469727,14.079999923706055,13.600000381469727,13.619999885559082,10675,0.0,0.0
2023-07-31 00:00:00-04:00,13.979999542236328,14.079999923706055,13.600000381469727,13.800000190734863,9870,0.0,0.0
2023-08-01 00:00:00-04:00,13.600000381469727,14.0,13.5,13.600000381469727,2815,0.0,0.0
2023-08-02 00:00:00-04:00,13.720000267028809,13.979999542236328,13.0,13.399999618530273,7325,0.0,0.0
2023-08-03 00:00:00-04:00,13.319999694824219,13.600000381469727,13.199999809265137,13.300000190734863,2425,0.0,0.0
2023-08-04 00:00:00-04:00,13.020000457763672,13.479999542236328,12.960000038146973,13.119999885559082,8220,0.0,0.0
2023-08-07 00:00:00-04:00,13.15999984741211,13.600000381469727,12.84000015258789,13.0,6890,0.0,0.0
2023-08-08 00:00:00-04:00,12.699999809265137,13.119999885559082,12.699999809265137,12.819999694824219,7380,0.0,0.0
2023-08-09 00:00:00-04:00,12.800000190734863,13.199999809265137,12.739999771118164,12.800000190734863,6190,0.0,0.0
2023-08-10 00:00:00-04:00,12.800000190734863,13.0,12.34000015258789,12.640000343322754,7360,0.0,0.0
2023-08-11 00:00:00-04:00,12.600000381469727,12.800000190734863,12.199999809265137,12.399999618530273,2065,0.0,0.0
2023-08-14 00:00:00-04:00,12.399999618530273,12.979999542236328,12.199999809265137,12.380000114440918,10295,0.0,0.0
2023-08-15 00:00:00-04:00,12.220000267028809,13.600000381469727,12.220000267028809,13.399999618530273,107545,0.0,0.0
2023-08-16 00:00:00-04:00,13.399999618530273,13.979999542236328,12.920000076293945,13.979999542236328,19655,0.0,0.0
2023-08-17 00:00:00-04:00,14.579999923706055,14.579999923706055,13.399999618530273,14.479999542236328,30355,0.0,0.0
2023-08-18 00:00:00-04:00,15.600000381469727,15.600000381469727,14.600000381469727,15.0,33115,0.0,0.0
2023-08-21 00:00:00-04:00,14.619999885559082,15.600000381469727,14.619999885559082,14.800000190734863,6685,0.0,0.0
2023-08-22 00:00:00-04:00,14.800000190734863,15.0,14.600000381469727,14.960000038146973,2605,0.0,0.0
2023-08-23 00:00:00-04:00,14.800000190734863,14.960000038146973,14.220000267028809,14.800000190734863,4430,0.0,0.0
2023-08-24 00:00:00-04:00,14.239999771118164,14.800000190734863,14.220000267028809,14.520000457763672,3410,0.0,0.0
2023-08-25 00:00:00-04:00,14.039999961853027,14.600000381469727,14.039999961853027,14.380000114440918,3825,0.0,0.0
2023-08-28 00:00:00-04:00,14.300000190734863,14.300000190734863,13.199999809265137,13.779999732971191,6110,0.0,0.0
2023-08-29 00:00:00-04:00,13.619999885559082,14.199999809265137,13.34000015258789,14.199999809265137,4070,0.0,0.0
2023-08-30 00:00:00-04:00,13.699999809265137,14.5600004196167,13.699999809265137,14.180000305175781,1990,0.0,0.0
2023-08-31 00:00:00-04:00,14.380000114440918,15.399999618530273,14.079999923706055,15.0600004196167,16435,0.0,0.0
2023-09-01 00:00:00-04:00,15.199999809265137,16.200000762939453,14.779999732971191,15.020000457763672,18385,0.0,0.0
2023-09-05 00:00:00-04:00,14.819999694824219,16.219999313354492,14.819999694824219,16.1200008392334,4165,0.0,0.0
2023-09-06 00:00:00-04:00,15.899999618530273,16.459999084472656,15.399999618530273,16.139999389648438,6470,0.0,0.0
2023-09-07 00:00:00-04:00,16.0,16.6200008392334,16.0,16.6200008392334,10460,0.0,0.0
2023-09-08 00:00:00-04:00,16.600000381469727,17.200000762939453,15.979999542236328,16.0,14070,0.0,0.0
2023-09-11 00:00:00-04:00,16.020000457763672,16.059999465942383,14.399999618530273,14.600000381469727,13125,0.0,0.0
2023-09-12 00:00:00-04:00,15.180000305175781,15.260000228881836,14.420000076293945,14.600000381469727,2520,0.0,0.0
2023-09-13 00:00:00-04:00,14.5,15.800000190734863,14.420000076293945,14.84000015258789,1770,0.0,0.0
2023-09-14 00:00:00-04:00,15.0600004196167,15.399999618530273,14.760000228881836,15.239999771118164,825,0.0,0.0
2023-09-15 00:00:00-04:00,15.399999618530273,15.399999618530273,14.5,15.0,1945,0.0,0.0
2023-09-18 00:00:00-04:00,14.619999885559082,15.399999618530273,14.600000381469727,15.399999618530273,1045,0.0,0.0
2023-09-19 00:00:00-04:00,15.399999618530273,15.399999618530273,14.260000228881836,15.380000114440918,1645,0.0,0.0
2023-09-20 00:00:00-04:00,15.199999809265137,15.300000190734863,14.4399995803833,14.819999694824219,1065,0.0,0.0
2023-09-21 00:00:00-04:00,14.880000114440918,15.0,13.199999809265137,13.979999542236328,13580,0.0,0.0
2023-09-22 00:00:00-04:00,13.399999618530273,14.0,13.100000381469727,13.760000228881836,10725,0.0,0.0
2023-09-25 00:00:00-04:00,12.720000267028809,15.199999809265137,12.720000267028809,15.0,22425,0.0,0.2
2023-09-26 00:00:00-04:00,14.319999694824219,15.600000381469727,14.319999694824219,15.239999771118164,18225,0.0,0.0
2023-09-27 00:00:00-04:00,15.460000038146973,16.200000762939453,15.239999771118164,15.640000343322754,25975,0.0,0.0
2023-09-28 00:00:00-04:00,15.800000190734863,16.399999618530273,15.600000381469727,16.1200008392334,13825,0.0,0.0
2023-09-29 00:00:00-04:00,16.0,16.15999984741211,15.4399995803833,15.800000190734863,9475,0.0,0.0
2023-10-02 00:00:00-04:00,15.800000190734863,16.079999923706055,15.5,16.079999923706055,5425,0.0,0.0
2023-10-03 00:00:00-04:00,16.15999984741211,16.280000686645508,15.760000228881836,16.280000686645508,9150,0.0,0.0
2023-10-04 00:00:00-04:00,16.280000686645508,16.31999969482422,15.4399995803833,16.0,5025,0.0,0.0
2023-10-05 00:00:00-04:00,15.84000015258789,16.200000762939453,15.64799976348877,16.040000915527344,14425,0.0,0.0
2023-10-06 00:00:00-04:00,15.359999656677246,16.559999465942383,15.199999809265137,16.559999465942383,12150,0.0,0.0
2023-10-09 00:00:00-04:00,16.200000762939453,16.520000457763672,15.5600004196167,16.079999923706055,4875,0.0,0.0
2023-10-10 00:00:00-04:00,15.800000190734863,16.559999465942383,15.739999771118164,16.559999465942383,8800,0.0,0.0
2023-10-11 00:00:00-04:00,16.479999542236328,16.531999588012695,15.640000343322754,15.680000305175781,1675,0.0,0.0
2023-10-12 00:00:00-04:00,15.460000038146973,15.600000381469727,14.880000114440918,15.0,3625,0.0,0.0
2023-10-13 00:00:00-04:00,14.880000114440918,15.0,14.039999961853027,14.4399995803833,875,0.0,0.0
2023-10-16 00:00:00-04:00,14.600000381469727,14.600000381469727,13.880000114440918,13.880000114440918,3350,0.0,0.0
2023-10-17 00:00:00-04:00,13.819999694824219,14.920000076293945,13.520000457763672,14.239999771118164,2900,0.0,0.0
2023-10-18 00:00:00-04:00,14.279999732971191,14.420000076293945,13.520000457763672,13.520000457763672,325,0.0,0.0
2023-10-19 00:00:00-04:00,14.199999809265137,14.199999809265137,13.279999732971191,13.319999694824219,3325,0.0,0.0
2023-10-20 00:00:00-04:00,13.4399995803833,13.479999542236328,12.97599983215332,13.119999885559082,2275,0.0,0.0
2023-10-23 00:00:00-04:00,13.199999809265137,13.199999809265137,12.920000076293945,13.199999809265137,2325,0.0,0.0
2023-10-24 00:00:00-04:00,13.520000457763672,14.079999923706055,12.800000190734863,14.079999923706055,1825,0.0,0.0
2023-10-25 00:00:00-04:00,14.079999923706055,14.399999618530273,13.380000114440918,13.800000190734863,2300,0.0,0.0
2023-10-26 00:00:00-04:00,13.680000305175781,13.680000305175781,12.880000114440918,13.600000381469727,1175,0.0,0.0
2023-10-27 00:00:00-04:00,13.239999771118164,14.0,13.239999771118164,14.0,3575,0.0,0.0
2023-10-30 00:00:00-04:00,13.720000267028809,13.720000267028809,13.180000305175781,13.279999732971191,4350,0.0,0.0
2023-10-31 00:00:00-04:00,13.399999618530273,14.5600004196167,13.239999771118164,13.520000457763672,1225,0.0,0.0
2023-11-01 00:00:00-04:00,14.555999755859375,14.5600004196167,13.15999984741211,13.65999984741211,1800,0.0,0.0
2023-11-02 00:00:00-04:00,13.960000038146973,13.960000038146973,13.520000457763672,13.600000381469727,925,0.0,0.0
2023-11-03 00:00:00-04:00,13.680000305175781,14.119999885559082,13.539999961853027,13.680000305175781,3450,0.0,0.0
2023-11-06 00:00:00-05:00,13.680000305175781,13.800000190734863,13.0600004196167,13.680000305175781,1650,0.0,0.0
2023-11-07 00:00:00-05:00,13.960000038146973,14.0,13.180000305175781,13.199999809265137,1250,0.0,0.0
2023-11-08 00:00:00-05:00,13.319999694824219,14.0,13.119999885559082,13.5600004196167,1725,0.0,0.0
2023-11-09 00:00:00-05:00,13.5600004196167,13.779999732971191,13.399999618530273,13.399999618530273,1900,0.0,0.0
2023-11-10 00:00:00-05:00,13.279999732971191,13.880000114440918,12.95199966430664,13.84000015258789,3050,0.0,0.0
2023-11-13 00:00:00-05:00,13.199999809265137,13.800000190734863,13.15999984741211,13.4399995803833,3875,0.0,0.0
2023-11-14 00:00:00-05:00,13.239999771118164,14.0,13.239999771118164,14.0,5650,0.0,0.0
2023-11-15 00:00:00-05:00,13.680000305175781,13.880000114440918,13.239999771118164,13.800000190734863,7000,0.0,0.0
2023-11-16 00:00:00-05:00,13.600000381469727,13.600000381469727,12.800000190734863,13.15999984741211,3925,0.0,0.0
2023-11-17 00:00:00-05:00,13.279999732971191,13.5600004196167,12.84000015258789,13.399999618530273,3850,0.0,0.0
2023-11-20 00:00:00-05:00,13.479999542236328,14.0,13.119999885559082,13.199999809265137,14175,0.0,0.0
2023-11-21 00:00:00-05:00,13.208000183105469,13.4399995803833,12.960000038146973,12.960000038146973,2200,0.0,0.0
2023-11-22 00:00:00-05:00,13.220000267028809,13.880000114440918,12.720000267028809,13.880000114440918,5575,0.0,0.0
2023-11-24 00:00:00-05:00,13.600000381469727,14.15999984741211,13.600000381469727,14.15999984741211,2300,0.0,0.0
2023-11-27 00:00:00-05:00,14.15999984741211,14.399999618530273,13.800000190734863,14.199999809265137,3800,0.0,0.0
2023-11-28 00:00:00-05:00,13.880000114440918,14.720000267028809,13.076000213623047,14.640000343322754,10500,0.0,0.0
2023-11-29 00:00:00-05:00,14.34000015258789,14.720000267028809,13.640000343322754,13.640000343322754,550,0.0,0.0
2023-11-30 00:00:00-05:00,14.01200008392334,14.720000267028809,13.84000015258789,13.84000015258789,4675,0.0,0.0
2023-12-01 00:00:00-05:00,13.800000190734863,14.0,13.399999618530273,14.0,8675,0.0,0.0
2023-12-04 00:00:00-05:00,13.760000228881836,14.0,13.319999694824219,13.960000038146973,7325,0.0,0.0
2023-12-05 00:00:00-05:00,13.928000450134277,14.0,13.0,13.0,7750,0.0,0.0
2023-12-06 00:00:00-05:00,13.0,13.960000038146973,13.0,13.880000114440918,13700,0.0,0.0
2023-12-07 00:00:00-05:00,14.600000381469727,14.600000381469727,13.531999588012695,14.359999656677246,5750,0.0,0.0
2023-12-08 00:00:00-05:00,14.0,14.600000381469727,13.819999694824219,14.180000305175781,4225,0.0,0.0
2023-12-11 00:00:00-05:00,13.86400032043457,14.359999656677246,13.359999656677246,14.0,10750,0.0,0.0
2023-12-12 00:00:00-05:00,13.720000267028809,13.843999862670898,13.0,13.199999809265137,6475,0.0,0.0
2023-12-13 00:00:00-05:00,13.15999984741211,13.600000381469727,13.15999984741211,13.359999656677246,8550,0.0,0.0
2023-12-14 00:00:00-05:00,13.65999984741211,14.239999771118164,13.17199993133545,13.539999961853027,10300,0.0,0.0
2023-12-15 00:00:00-05:00,13.359999656677246,14.567999839782715,13.15999984741211,13.760000228881836,14125,0.0,0.0
2023-12-18 00:00:00-05:00,13.800000190734863,14.359999656677246,13.680000305175781,13.960000038146973,28300,0.0,0.0
2023-12-19 00:00:00-05:00,14.569999694824219,15.489999771118164,13.75,15.100000381469727,85900,0.0,0.25
2023-12-20 00:00:00-05:00,14.779999732971191,14.989999771118164,12.489999771118164,14.25,55500,0.0,0.0
2023-12-21 00:00:00-05:00,14.789999961853027,14.800000190734863,14.010000228881836,14.789999961853027,36300,0.0,0.0
2023-12-22 00:00:00-05:00,14.800000190734863,16.4950008392334,14.40999984741211,15.399999618530273,38000,0.0,0.0
2023-12-26 00:00:00-05:00,15.420000076293945,15.979999542236328,15.295000076293945,15.8100004196167,45700,0.0,0.0
2023-12-27 00:00:00-05:00,15.1899995803833,16.0,15.1899995803833,15.819999694824219,24700,0.0,0.0
2023-12-28 00:00:00-05:00,15.960000038146973,17.18000030517578,15.449999809265137,17.18000030517578,30200,0.0,0.0
2023-12-29 00:00:00-05:00,17.440000534057617,19.3799991607666,15.699999809265137,19.3799991607666,364800,0.0,0.0
2024-01-02 00:00:00-05:00,19.3799991607666,20.579999923706055,19.0,19.8700008392334,123300,0.0,0.0
2024-01-03 00:00:00-05:00,19.670000076293945,19.8700008392334,19.219999313354492,19.56999969482422,28700,0.0,0.0
2024-01-04 00:00:00-05:00,19.649999618530273,21.815000534057617,19.649999618530273,21.549999237060547,54000,0.0,0.0
2024-01-05 00:00:00-05:00,20.790000915527344,23.020000457763672,20.780000686645508,22.950000762939453,64000,0.0,0.0
2024-01-08 00:00:00-05:00,23.6200008392334,28.1299991607666,23.579999923706055,26.344999313354492,108700,0.0,0.0
2024-01-09 00:00:00-05:00,25.110000610351562,28.329999923706055,24.8799991607666,28.15999984741211,54400,0.0,0.0
2024-01-10 00:00:00-05:00,28.489999771118164,30.0,27.8799991607666,28.440000534057617,56700,0.0,0.0
2024-01-11 00:00:00-05:00,30.290000915527344,32.099998474121094,27.934999465942383,31.809999465942383,102900,0.0,0.0
2024-01-12 00:00:00-05:00,31.899999618530273,32.025001525878906,29.09000015258789,30.110000610351562,65400,0.0,0.0
2024-01-16 00:00:00-05:00,30.5,32.68000030517578,30.100000381469727,32.29999923706055,54200,0.0,0.0
2024-01-17 00:00:00-05:00,33.25,33.25,29.979999542236328,30.15999984741211,83800,0.0,0.0
2024-01-18 00:00:00-05:00,29.8799991607666,30.989999771118164,28.350000381469727,30.190000534057617,57800,0.0,0.0
2024-01-19 00:00:00-05:00,29.8700008392334,30.100000381469727,28.209999084472656,30.09000015258789,67000,0.0,0.0
2024-01-22 00:00:00-05:00,30.09000015258789,30.100000381469727,28.719999313354492,30.100000381469727,61300,0.0,0.0
2024-01-23 00:00:00-05:00,29.239999771118164,32.314998626708984,29.239999771118164,30.34000015258789,220800,0.0,0.0
2024-01-24 00:00:00-05:00,29.739999771118164,32.18000030517578,29.739999771118164,30.0,92700,0.0,0.0
2024-01-25 00:00:00-05:00,30.3799991607666,32.38999938964844,30.2450008392334,32.0,116600,0.0,0.0
2024-01-26 00:00:00-05:00,32.11000061035156,32.439998626708984,30.89299964904785,31.700000762939453,46500,0.0,0.0
2024-01-29 00:00:00-05:00,32.2599983215332,32.2599983215332,31.5,32.0,46500,0.0,0.0
2024-01-30 00:00:00-05:00,32.099998474121094,32.47999954223633,31.1200008392334,31.5,391100,0.0,0.0
2024-01-31 00:00:00-05:00,31.06999969482422,34.72999954223633,29.899999618530273,30.15999984741211,163800,0.0,0.0
2024-02-01 00:00:00-05:00,29.479999542236328,32.10499954223633,28.399999618530273,30.760000228881836,61500,0.0,0.0
2024-02-02 00:00:00-05:00,30.260000228881836,31.43000030517578,30.260000228881836,30.969999313354492,25600,0.0,0.0
2024-02-05 00:00:00-05:00,31.183000564575195,32.0,30.200000762939453,31.75,49700,0.0,0.0
2024-02-06 00:00:00-05:00,30.450000762939453,34.150001525878906,30.450000762939453,32.0,72200,0.0,0.0
2024-02-07 00:00:00-05:00,30.100000381469727,32.31999969482422,28.889999389648438,30.434999465942383,54600,0.0,0.0
2024-02-08 00:00:00-05:00,30.1200008392334,31.770000457763672,29.59000015258789,29.790000915527344,35500,0.0,0.0
2024-02-09 00:00:00-05:00,29.549999237060547,31.649999618530273,29.549999237060547,31.280000686645508,42800,0.0,0.0
2024-02-12 00:00:00-05:00,31.600000381469727,33.40700149536133,29.139999389648438,29.139999389648438,40300,0.0,0.0
2024-02-13 00:00:00-05:00,28.889999389648438,30.68000030517578,28.139999389648438,29.90999984741211,36600,0.0,0.0
2024-02-14 00:00:00-05:00,30.450000762939453,30.600000381469727,29.18899917602539,30.0,29500,0.0,0.0
2024-02-15 00:00:00-05:00,29.68000030517578,30.415000915527344,29.104999542236328,30.0,28800,0.0,0.0
2024-02-16 00:00:00-05:00,30.0,30.0049991607666,29.014999389648438,29.459999084472656,18200,0.0,0.0
2024-02-20 00:00:00-05:00,28.979999542236328,30.139999389648438,28.635000228881836,29.799999237060547,36400,0.0,0.0
2024-02-21 00:00:00-05:00,29.5,30.360000610351562,29.0,29.799999237060547,293200,0.0,0.0
2024-02-22 00:00:00-05:00,30.25,30.450000762939453,29.690000534057617,30.290000915527344,75400,0.0,0.0
2024-02-23 00:00:00-05:00,30.489999771118164,30.489999771118164,29.59000015258789,30.149999618530273,108500,0.0,0.0
2024-02-26 00:00:00-05:00,29.760000228881836,30.93000030517578,29.760000228881836,30.440000534057617,77600,0.0,0.0
2024-02-27 00:00:00-05:00,30.729999542236328,32.880001068115234,29.270000457763672,32.439998626708984,191700,0.0,0.0
2024-02-28 00:00:00-05:00,33.0,33.0,30.049999237060547,30.700000762939453,82100,0.0,0.0
2024-02-29 00:00:00-05:00,31.40999984741211,31.479999542236328,30.540000915527344,31.06999969482422,33000,0.0,0.0
2024-03-01 00:00:00-05:00,31.31999969482422,32.05500030517578,30.579999923706055,32.0,131900,0.0,0.0
2024-03-04 00:00:00-05:00,32.810001373291016,39.95000076293945,32.0,38.54999923706055,299800,0.0,0.0
2024-03-05 00:00:00-05:00,38.54999923706055,40.18000030517578,37.10499954223633,37.2400016784668,85400,0.0,0.0
2024-03-06 00:00:00-05:00,37.86000061035156,38.939998626708984,37.255001068115234,37.97999954223633,61200,0.0,0.0
2024-03-07 00:00:00-05:00,37.540000915527344,39.93000030517578,37.540000915527344,38.68000030517578,63900,0.0,0.0
2024-03-08 00:00:00-05:00,38.5099983215332,39.459999084472656,36.939998626708984,37.25,59200,0.0,0.0
2024-03-11 00:00:00-04:00,37.2599983215332,38.970001220703125,36.1349983215332,36.45000076293945,64500,0.0,0.0
2024-03-12 00:00:00-04:00,36.6349983215332,37.7599983215332,35.86000061035156,36.334999084472656,270300,0.0,0.0
2024-03-13 00:00:00-04:00,35.77000045776367,37.0,35.369998931884766,36.060001373291016,147900,0.0,0.0
2024-03-14 00:00:00-04:00,35.560001373291016,35.970001220703125,33.10499954223633,34.560001373291016,167300,0.0,0.0
2024-03-15 00:00:00-04:00,34.310001373291016,38.11000061035156,34.310001373291016,37.529998779296875,643900,0.0,0.0
2024-03-18 00:00:00-04:00,38.5,38.5,36.54999923706055,37.54999923706055,272800,0.0,0.0
2024-03-19 00:00:00-04:00,39.900001525878906,45.52000045776367,38.65999984741211,45.060001373291016,377100,0.0,0.0
2024-03-20 00:00:00-04:00,45.0,46.79999923706055,43.630001068115234,44.79999923706055,277600,0.0,0.0
2024-03-21 00:00:00-04:00,46.59000015258789,49.58000183105469,45.28099822998047,49.220001220703125,197800,0.0,0.0
2024-03-22 00:00:00-04:00,50.5099983215332,53.0,48.689998626708984,49.880001068115234,215800,0.0,0.0
2024-03-25 00:00:00-04:00,50.0,52.65999984741211,48.720001220703125,49.029998779296875,211700,0.0,0.0
2024-03-26 00:00:00-04:00,49.43000030517578,50.650001525878906,48.18000030517578,49.45000076293945,80600,0.0,0.0
2024-03-27 00:00:00-04:00,49.38999938964844,50.71500015258789,48.619998931884766,49.2599983215332,140000,0.0,0.0
2024-03-28 00:00:00-04:00,49.720001220703125,52.5,46.689998626708984,50.900001525878906,411700,0.0,0.0
2024-04-01 00:00:00-04:00,50.7400016784668,51.220001220703125,46.56999969482422,46.779998779296875,397300,0.0,0.0
2024-04-02 00:00:00-04:00,46.7400016784668,47.560001373291016,44.36000061035156,44.59000015258789,156300,0.0,0.0
2024-04-03 00:00:00-04:00,44.599998474121094,45.380001068115234,43.69499969482422,43.939998626708984,75700,0.0,0.0
2024-04-04 00:00:00-04:00,44.02000045776367,44.63999938964844,42.61000061035156,42.63999938964844,481200,0.0,0.0
2024-04-05 00:00:00-04:00,43.060001373291016,43.65999984741211,40.93000030517578,41.310001373291016,78900,0.0,0.0
2024-04-08 00:00:00-04:00,40.900001525878906,42.60499954223633,40.099998474121094,41.619998931884766,124400,0.0,0.0
2024-04-09 00:00:00-04:00,41.790000915527344,42.709999084472656,40.61000061035156,40.959999084472656,114500,0.0,0.0
2024-04-10 00:00:00-04:00,40.029998779296875,40.04999923706055,38.20000076293945,38.72999954223633,79400,0.0,0.0
2024-04-11 00:00:00-04:00,39.22999954223633,40.404998779296875,37.939998626708984,38.33000183105469,106900,0.0,0.0
2024-04-12 00:00:00-04:00,38.220001220703125,40.77000045776367,38.220001220703125,39.70000076293945,133000,0.0,0.0
2024-04-15 00:00:00-04:00,39.29999923706055,39.709999084472656,36.25,37.43000030517578,88800,0.0,0.0
2024-04-16 00:00:00-04:00,36.90999984741211,37.459999084472656,34.95000076293945,35.20000076293945,110600,0.0,0.0
2024-04-17 00:00:00-04:00,35.310001373291016,36.47999954223633,33.22999954223633,33.63999938964844,88200,0.0,0.0
2024-04-18 00:00:00-04:00,33.52000045776367,33.810001373291016,30.850000381469727,31.579999923706055,100300,0.0,0.0
2024-04-19 00:00:00-04:00,31.549999237060547,32.435001373291016,29.899999618530273,30.489999771118164,82700,0.0,0.0
2024-04-22 00:00:00-04:00,30.530000686645508,31.6299991607666,29.43000030517578,30.610000610351562,116400,0.0,0.0
2024-04-23 00:00:00-04:00,30.700000762939453,33.07500076293945,30.700000762939453,31.170000076293945,58200,0.0,0.0
2024-04-24 00:00:00-04:00,30.959999084472656,30.959999084472656,29.510000228881836,30.229999542236328,52600,0.0,0.0
2024-04-25 00:00:00-04:00,29.09000015258789,29.959999084472656,28.09000015258789,29.8700008392334,71100,0.0,0.0
2024-04-26 00:00:00-04:00,29.889999389648438,31.520000457763672,29.8799991607666,29.959999084472656,47800,0.0,0.0
2024-04-29 00:00:00-04:00,31.65999984741211,33.53499984741211,31.364999771118164,33.400001525878906,121100,0.0,0.0
2024-04-30 00:00:00-04:00,33.27000045776367,35.099998474121094,33.27000045776367,34.47999954223633,155600,0.0,0.0
2024-05-01 00:00:00-04:00,34.130001068115234,35.2400016784668,33.65999984741211,33.77000045776367,61300,0.0,0.0
2024-05-02 00:00:00-04:00,33.95000076293945,35.529998779296875,32.935001373291016,35.38999938964844,78600,0.0,0.0
2024-05-03 00:00:00-04:00,36.02000045776367,37.20000076293945,35.689998626708984,36.630001068115234,44200,0.0,0.0
2024-05-06 00:00:00-04:00,36.75,37.59000015258789,32.45500183105469,32.810001373291016,61300,0.0,0.0
2024-05-07 00:00:00-04:00,32.45000076293945,34.459999084472656,32.130001068115234,33.939998626708984,72000,0.0,0.0
2024-05-08 00:00:00-04:00,32.79999923706055,34.900001525878906,32.0,32.900001525878906,60700,0.0,0.0
2024-05-09 00:00:00-04:00,33.45000076293945,33.869998931884766,32.935001373291016,33.209999084472656,31500,0.0,0.0
2024-05-10 00:00:00-04:00,33.400001525878906,34.66999816894531,32.27000045776367,32.5,28100,0.0,0.0
2024-05-13 00:00:00-04:00,32.09000015258789,33.20000076293945,29.540000915527344,30.639999389648438,47500,0.0,0.0
2024-05-14 00:00:00-04:00,30.31999969482422,31.729999542236328,29.56999969482422,31.549999237060547,83000,0.0,0.0
2024-05-15 00:00:00-04:00,32.15999984741211,34.0,32.15999984741211,33.59000015258789,51100,0.0,0.0
2024-05-16 00:00:00-04:00,33.59000015258789,35.209999084472656,33.0,33.720001220703125,57000,0.0,0.0
2024-05-17 00:00:00-04:00,33.34000015258789,33.790000915527344,31.475000381469727,33.310001373291016,49600,0.0,0.0
2024-05-20 00:00:00-04:00,33.18000030517578,34.75,32.63999938964844,34.0099983215332,96400,0.0,0.0
2024-05-21 00:00:00-04:00,34.029998779296875,34.029998779296875,31.18000030517578,32.52000045776367,181900,0.0,0.0
2024-05-22 00:00:00-04:00,32.529998779296875,33.849998474121094,31.770000457763672,32.400001525878906,44800,0.0,0.0
2024-05-23 00:00:00-04:00,32.88999938964844,33.2599983215332,31.079999923706055,31.489999771118164,40100,0.0,0.0
2024-05-24 00:00:00-04:00,31.489999771118164,32.93000030517578,31.059999465942383,32.11000061035156,48800,0.0,0.0
2024-05-28 00:00:00-04:00,32.619998931884766,32.79999923706055,31.0,31.709999084472656,72000,0.0,0.0
2024-05-29 00:00:00-04:00,31.270000457763672,33.64500045776367,31.0,33.34000015258789,53800,0.0,0.0
2024-05-30 00:00:00-04:00,33.09000015258789,34.209999084472656,32.45000076293945,34.029998779296875,56100,0.0,0.0
2024-05-31 00:00:00-04:00,34.68000030517578,38.33000183105469,34.32500076293945,37.599998474121094,138000,0.0,0.0
2024-06-03 00:00:00-04:00,38.0,38.96099853515625,35.06999969482422,37.22999954223633,62900,0.0,0.0
2024-06-04 00:00:00-04:00,37.75,38.59000015258789,36.5,37.72999954223633,46000,0.0,0.0
2024-06-05 00:00:00-04:00,37.689998626708984,39.08000183105469,37.0099983215332,37.470001220703125,48900,0.0,0.0
2024-06-06 00:00:00-04:00,37.119998931884766,38.06999969482422,36.400001525878906,37.15999984741211,65900,0.0,0.0
2024-06-07 00:00:00-04:00,36.619998931884766,38.099998474121094,36.5099983215332,37.880001068115234,22600,0.0,0.0
2024-06-10 00:00:00-04:00,37.310001373291016,38.619998931884766,37.310001373291016,37.349998474121094,36400,0.0,0.0
2024-06-11 00:00:00-04:00,37.88999938964844,37.88999938964844,36.15999984741211,37.18000030517578,43900,0.0,0.0
2024-06-12 00:00:00-04:00,37.349998474121094,38.404998779296875,36.720001220703125,37.18000030517578,48700,0.0,0.0
2024-06-13 00:00:00-04:00,37.11800003051758,42.56999969482422,37.11800003051758,41.9900016784668,248200,0.0,0.0
2024-06-14 00:00:00-04:00,42.0,43.060001373291016,39.41299819946289,42.59000015258789,85900,0.0,0.0
2024-06-17 00:00:00-04:00,43.25,44.52000045776367,39.88999938964844,40.0,84700,0.0,0.0
2024-06-18 00:00:00-04:00,38.709999084472656,39.9900016784668,29.690000534057617,30.31999969482422,209300,0.0,0.0
2024-06-20 00:00:00-04:00,30.5,31.43000030517578,29.889999389648438,31.06999969482422,230000,0.0,0.0
2024-06-21 00:00:00-04:00,31.299999237060547,31.530000686645508,30.06999969482422,31.010000228881836,156100,0.0,0.0
2024-06-24 00:00:00-04:00,30.799999237060547,32.529998779296875,30.799999237060547,31.75,73100,0.0,0.0
2024-06-25 00:00:00-04:00,31.6200008392334,32.619998931884766,31.010000228881836,31.100000381469727,111900,0.0,0.0
2024-06-26 00:00:00-04:00,30.8700008392334,32.650001525878906,30.149999618530273,32.0099983215332,117300,0.0,0.0
2024-06-27 00:00:00-04:00,32.880001068115234,36.91999816894531,32.880001068115234,34.81999969482422,123900,0.0,0.0
2024-06-28 00:00:00-04:00,34.95000076293945,37.150001525878906,33.959999084472656,36.38999938964844,1545900,0.0,0.0
2024-07-01 00:00:00-04:00,36.38999938964844,40.97999954223633,35.459999084472656,40.619998931884766,179500,0.0,0.0
2024-07-02 00:00:00-04:00,40.439998626708984,42.52000045776367,36.88999938964844,38.459999084472656,303200,0.0,0.0
2024-07-03 00:00:00-04:00,38.40999984741211,39.0,35.91999816894531,35.97999954223633,77200,0.0,0.0
2024-07-05 00:00:00-04:00,35.779998779296875,35.8650016784668,33.66999816894531,34.130001068115234,69500,0.0,0.0
2024-07-08 00:00:00-04:00,34.11000061035156,38.150001525878906,34.11000061035156,36.790000915527344,81300,0.0,0.0
2024-07-09 00:00:00-04:00,36.54999923706055,39.68000030517578,36.2400016784668,38.29999923706055,79000,0.0,0.0
2024-07-10 00:00:00-04:00,38.529998779296875,40.38800048828125,38.279998779296875,38.560001373291016,92000,0.0,0.0
2024-07-11 00:00:00-04:00,39.4900016784668,43.53499984741211,38.939998626708984,41.77000045776367,76700,0.0,0.0
2024-07-12 00:00:00-04:00,42.0,44.0,40.8849983215332,42.58000183105469,79800,0.0,0.0
2024-07-15 00:00:00-04:00,42.93000030517578,49.04999923706055,41.02000045776367,45.95000076293945,249300,0.0,0.0
2024-07-16 00:00:00-04:00,46.08000183105469,47.30500030517578,45.380001068115234,45.75,90000,0.0,0.0
2024-07-17 00:00:00-04:00,45.0,46.29999923706055,43.09199905395508,44.34000015258789,240400,0.0,0.0
2024-07-18 00:00:00-04:00,44.400001525878906,45.06999969482422,39.29999923706055,41.41999816894531,75700,0.0,0.0
2024-07-19 00:00:00-04:00,41.689998626708984,43.09000015258789,40.52000045776367,42.2599983215332,74500,0.0,0.0
2024-07-22 00:00:00-04:00,42.2599983215332,44.9900016784668,42.2599983215332,43.31999969482422,76000,0.0,0.0
2024-07-23 00:00:00-04:00,43.20000076293945,43.970001220703125,42.15999984741211,43.029998779296875,111400,0.0,0.0
2024-07-24 00:00:00-04:00,43.97999954223633,44.0,42.150001525878906,42.7400016784668,139300,0.0,0.0
2024-07-25 00:00:00-04:00,42.83000183105469,44.040000915527344,41.81999969482422,42.70000076293945,153400,0.0,0.0
2024-07-26 00:00:00-04:00,43.54999923706055,45.130001068115234,42.459999084472656,44.83000183105469,185700,0.0,0.0
2024-07-29 00:00:00-04:00,44.959999084472656,47.0,39.83000183105469,41.349998474121094,146200,0.0,0.0
2024-07-30 00:00:00-04:00,41.5099983215332,42.15999984741211,37.970001220703125,39.119998931884766,110000,0.0,0.0
2024-07-31 00:00:00-04:00,39.619998931884766,41.560001373291016,38.34000015258789,41.13999938964844,79900,0.0,0.0
2024-08-01 00:00:00-04:00,40.959999084472656,43.4900016784668,39.80500030517578,40.5099983215332,134500,0.0,0.0
2024-08-02 00:00:00-04:00,38.560001373291016,40.41999816894531,38.560001373291016,39.54999923706055,105100,0.0,0.0
2024-08-05 00:00:00-04:00,37.75,38.720001220703125,36.2400016784668,36.79999923706055,118800,0.0,0.0
2024-08-06 00:00:00-04:00,36.689998626708984,39.7400016784668,36.689998626708984,37.869998931884766,84100,0.0,0.0
2024-08-07 00:00:00-04:00,37.939998626708984,39.400001525878906,36.02000045776367,36.290000915527344,97600,0.0,0.0
2024-08-08 00:00:00-04:00,37.029998779296875,37.04999923706055,35.470001220703125,36.54999923706055,138100,0.0,0.0
2024-08-09 00:00:00-04:00,36.20000076293945,37.7400016784668,35.5,35.59000015258789,107500,0.0,0.0
2024-08-12 00:00:00-04:00,35.119998931884766,35.7599983215332,32.25,34.689998626708984,144800,0.0,0.0
2024-08-13 00:00:00-04:00,35.22999954223633,36.404998779296875,33.904998779296875,34.18000030517578,96100,0.0,0.0
2024-08-14 00:00:00-04:00,34.18000030517578,34.689998626708984,32.81999969482422,33.56999969482422,119500,0.0,0.0
2024-08-15 00:00:00-04:00,34.34000015258789,35.95000076293945,33.02000045776367,35.619998931884766,129400,0.0,0.0
2024-08-16 00:00:00-04:00,35.56999969482422,36.78499984741211,34.52000045776367,35.02000045776367,45200,0.0,0.0
2024-08-19 00:00:00-04:00,35.5,36.380001068115234,34.0,35.810001373291016,123700,0.0,0.0
2024-08-20 00:00:00-04:00,35.0099983215332,35.72999954223633,33.91999816894531,35.70000076293945,92200,0.0,0.0
2024-08-21 00:00:00-04:00,35.95000076293945,36.75,35.16999816894531,35.84000015258789,65000,0.0,0.0
2024-08-22 00:00:00-04:00,35.689998626708984,35.689998626708984,33.04999923706055,33.810001373291016,29600,0.0,0.0
2024-08-23 00:00:00-04:00,34.459999084472656,35.96200180053711,33.880001068115234,34.939998626708984,82900,0.0,0.0
2024-08-26 00:00:00-04:00,35.5,37.86000061035156,35.5,36.75,50400,0.0,0.0
2024-08-27 00:00:00-04:00,36.59000015258789,37.59000015258789,35.06999969482422,35.939998626708984,22400,0.0,0.0
2024-08-28 00:00:00-04:00,35.5,37.41999816894531,35.27000045776367,35.75,37400,0.0,0.0
2024-08-29 00:00:00-04:00,35.90999984741211,37.41999816894531,35.02000045776367,36.400001525878906,36800,0.0,0.0
2024-08-30 00:00:00-04:00,36.900001525878906,38.16999816894531,35.90999984741211,37.41999816894531,123200,0.0,0.0
2024-09-03 00:00:00-04:00,37.099998474121094,38.0,32.619998931884766,32.81999969482422,66100,0.0,0.0
2024-09-04 00:00:00-04:00,32.31999969482422,34.70000076293945,32.150001525878906,34.5,53600,0.0,0.0
2024-09-05 00:00:00-04:00,34.84000015258789,35.88999938964844,34.06999969482422,34.380001068115234,51200,0.0,0.0
2024-09-06 00:00:00-04:00,34.13999938964844,36.630001068115234,32.470001220703125,35.0,89300,0.0,0.0
2024-09-09 00:00:00-04:00,34.93000030517578,37.95000076293945,34.0,35.130001068115234,75100,0.0,0.0
2024-09-10 00:00:00-04:00,35.0,37.970001220703125,34.79499816894531,37.93000030517578,74200,0.0,0.0
2024-09-11 00:00:00-04:00,37.5099983215332,40.52000045776367,35.56999969482422,39.34000015258789,90200,0.0,0.0
2024-09-12 00:00:00-04:00,39.29999923706055,42.0,38.630001068115234,40.36000061035156,197200,0.0,0.0
2024-09-13 00:00:00-04:00,40.97999954223633,43.244998931884766,40.65599822998047,41.95000076293945,88600,0.0,0.0
2024-09-16 00:00:00-04:00,42.4900016784668,43.91999816894531,40.70000076293945,42.7599983215332,144100,0.0,0.0
2024-09-17 00:00:00-04:00,43.16999816894531,44.0,38.16999816894531,40.27000045776367,106900,0.0,0.0
2024-09-18 00:00:00-04:00,40.66999816894531,43.81999969482422,36.619998931884766,41.29999923706055,155200,0.0,0.0
2024-09-19 00:00:00-04:00,42.540000915527344,45.5,41.2599983215332,41.560001373291016,132500,0.0,0.0
2024-09-20 00:00:00-04:00,41.220001220703125,42.564998626708984,40.04600143432617,40.75,192000,0.0,0.0
2024-09-23 00:00:00-04:00,40.810001373291016,42.9900016784668,38.84000015258789,40.119998931884766,135000,0.0,0.0
2024-09-24 00:00:00-04:00,40.099998474121094,42.290000915527344,39.40999984741211,40.68000030517578,112600,0.0,0.0
2024-09-25 00:00:00-04:00,41.02000045776367,44.75,40.744998931884766,41.93000030517578,125400,0.0,0.0
2024-09-26 00:00:00-04:00,42.400001525878906,43.779998779296875,38.560001373291016,39.18000030517578,73700,0.0,0.0
2024-09-27 00:00:00-04:00,39.869998931884766,41.45000076293945,39.86000061035156,40.33000183105469,93100,0.0,0.0
2024-09-30 00:00:00-04:00,40.22999954223633,43.053001403808594,39.25,41.959999084472656,150900,0.0,0.0
2024-10-01 00:00:00-04:00,41.68000030517578,41.68000030517578,38.349998474121094,39.939998626708984,369900,0.0,0.0
2024-10-02 00:00:00-04:00,39.47999954223633,42.0,38.13999938964844,41.75,130600,0.0,0.0
2024-10-03 00:00:00-04:00,41.54999923706055,44.68000030517578,41.400001525878906,44.40999984741211,89900,0.0,0.0
2024-10-04 00:00:00-04:00,44.88999938964844,51.29999923706055,44.3650016784668,48.59000015258789,195800,0.0,0.0
2024-10-07 00:00:00-04:00,48.400001525878906,48.91999816894531,46.31999969482422,47.52000045776367,159900,0.0,0.0
2024-10-08 00:00:00-04:00,47.599998474121094,50.59000015258789,47.529998779296875,50.31999969482422,150200,0.0,0.0
2024-10-09 00:00:00-04:00,50.31999969482422,51.41999816894531,48.40999984741211,49.54999923706055,92600,0.0,0.0
2024-10-10 00:00:00-04:00,48.72999954223633,50.290000915527344,47.869998931884766,48.150001525878906,107100,0.0,0.0
2024-10-11 00:00:00-04:00,48.150001525878906,50.130001068115234,47.80699920654297,49.43000030517578,171000,0.0,0.0
2024-10-14 00:00:00-04:00,49.29999923706055,50.529998779296875,48.470001220703125,49.75,125700,0.0,0.0
2024-10-15 00:00:00-04:00,49.849998474121094,50.75,47.4900016784668,49.970001220703125,134200,0.0,0.0
2024-10-16 00:00:00-04:00,50.529998779296875,54.380001068115234,50.529998779296875,53.255001068115234,125700,0.0,0.0
2024-10-17 00:00:00-04:00,53.470001220703125,54.220001220703125,52.119998931884766,52.91999816894531,75400,0.0,0.0
2024-10-18 00:00:00-04:00,53.209999084472656,55.20500183105469,53.11000061035156,54.400001525878906,98500,0.0,0.0
2024-10-21 00:00:00-04:00,54.63999938964844,54.63999938964844,52.29999923706055,52.65999984741211,118400,0.0,0.0
2024-10-22 00:00:00-04:00,52.59000015258789,52.68000030517578,48.0,49.970001220703125,119400,0.0,0.0
2024-10-23 00:00:00-04:00,49.970001220703125,51.41999816894531,48.150001525878906,48.54999923706055,119200,0.0,0.0
2024-10-24 00:00:00-04:00,48.689998626708984,49.38199996948242,47.66999816894531,48.20000076293945,112700,0.0,0.0
2024-10-25 00:00:00-04:00,48.45000076293945,50.849998474121094,47.7599983215332,48.369998931884766,80700,0.0,0.0
2024-10-28 00:00:00-04:00,49.13999938964844,51.189998626708984,45.79999923706055,45.93000030517578,94700,0.0,0.0
2024-10-29 00:00:00-04:00,45.400001525878906,46.939998626708984,44.4900016784668,45.150001525878906,79700,0.0,0.0
2024-10-30 00:00:00-04:00,45.08000183105469,46.0099983215332,43.58000183105469,43.7400016784668,58100,0.0,0.0
2024-10-31 00:00:00-04:00,43.560001373291016,44.310001373291016,42.22999954223633,44.0099983215332,107300,0.0,0.0
2024-11-01 00:00:00-04:00,44.72999954223633,46.22999954223633,44.470001220703125,46.06999969482422,91500,0.0,0.0
2024-11-04 00:00:00-05:00,56.16999816894531,73.58999633789062,55.0,66.0,962500,0.0,0.0
2024-11-05 00:00:00-05:00,65.44000244140625,65.63999938964844,55.880001068115234,64.4000015258789,337500,0.0,0.0
2024-11-06 00:00:00-05:00,66.36000061035156,66.36000061035156,62.130001068115234,63.90999984741211,198700,0.0,0.0
2024-11-07 00:00:00-05:00,63.9900016784668,70.80000305175781,62.84000015258789,69.5,332500,0.0,0.0
2024-11-08 00:00:00-05:00,69.77999877929688,71.5999984741211,66.5999984741211,68.20999908447266,181000,0.0,0.0
2024-11-11 00:00:00-05:00,70.04000091552734,74.48999786376953,69.48500061035156,71.52999877929688,425400,0.0,0.0
2024-11-12 00:00:00-05:00,48.279998779296875,49.369998931884766,35.599998474121094,40.0,1991600,0.0,0.0
2024-11-13 00:00:00-05:00,39.66999816894531,41.33000183105469,39.07699966430664,39.65999984741211,589600,0.0,0.0
2024-11-14 00:00:00-05:00,39.5,43.2400016784668,38.970001220703125,39.20000076293945,610700,0.0,0.0
2024-11-15 00:00:00-05:00,38.84000015258789,39.20000076293945,34.51499938964844,34.51499938964844,455000,0.0,0.0
2024-11-18 00:00:00-05:00,22.239999771118164,23.790000915527344,18.940000534057617,19.81999969482422,1998100,0.0,0.0
2024-11-19 00:00:00-05:00,20.899999618530273,20.989999771118164,17.010000228881836,17.229999542236328,1233000,0.0,0.0
2024-11-20 00:00:00-05:00,17.309999465942383,17.450000762939453,15.279999732971191,15.329999923706055,802200,0.0,0.0
2024-11-21 00:00:00-05:00,15.0600004196167,16.149999618530273,14.4399995803833,15.59000015258789,398000,0.0,0.0
2024-11-22 00:00:00-05:00,15.479999542236328,20.93000030517578,15.479999542236328,20.299999237060547,1062900,0.0,0.0
2024-11-25 00:00:00-05:00,21.049999237060547,22.56999969482422,20.5,22.315000534057617,1297400,0.0,0.0
2024-11-26 00:00:00-05:00,25.969999313354492,27.610000610351562,24.229999542236328,26.8700008392334,1332400,0.0,0.0
2024-11-27 00:00:00-05:00,27.139999389648438,27.68000030517578,24.600000381469727,25.799999237060547,530600,0.0,0.0
2024-11-29 00:00:00-05:00,26.709999084472656,26.75,24.780000686645508,25.43000030517578,318100,0.0,0.0
2024-12-02 00:00:00-05:00,25.200000762939453,25.93000030517578,24.485000610351562,24.56999969482422,554700,0.0,0.0
2024-12-03 00:00:00-05:00,24.209999084472656,24.389999389648438,22.030000686645508,22.34000015258789,519000,0.0,0.0
2024-12-04 00:00:00-05:00,22.25,22.25,20.81999969482422,22.020000457763672,494400,0.0,0.0
2024-12-05 00:00:00-05:00,22.040000915527344,22.59000015258789,21.440000534057617,21.989999771118164,246000,0.0,0.0
2024-12-06 00:00:00-05:00,22.3799991607666,24.170000076293945,21.489999771118164,23.719999313354492,252800,0.0,0.0
2024-12-09 00:00:00-05:00,23.940000534057617,25.530000686645508,23.0,23.309999465942383,197800,0.0,0.0
2024-12-10 00:00:00-05:00,23.260000228881836,25.104999542236328,22.989999771118164,23.700000762939453,442500,0.0,0.0
2024-12-11 00:00:00-05:00,24.170000076293945,24.200000762939453,22.59000015258789,23.200000762939453,178300,0.0,0.0
2024-12-12 00:00:00-05:00,22.920000076293945,24.059999465942383,21.67799949645996,22.334999084472656,304100,0.0,0.0
2024-12-13 00:00:00-05:00,22.440000534057617,24.3700008392334,21.850000381469727,23.510000228881836,252900,0.0,0.0
2024-12-16 00:00:00-05:00,23.360000610351562,25.18000030517578,22.969999313354492,25.1299991607666,280400,0.0,0.0
2024-12-17 00:00:00-05:00,24.739999771118164,25.350000381469727,22.920000076293945,23.719999313354492,296500,0.0,0.0
2024-12-18 00:00:00-05:00,23.969999313354492,24.014999389648438,21.68000030517578,21.790000915527344,303500,0.0,0.0
2024-12-19 00:00:00-05:00,22.020000457763672,23.200000762939453,21.34000015258789,22.075000762939453,299800,0.0,0.0
2024-12-20 00:00:00-05:00,21.780000686645508,23.889999389648438,21.510000228881836,22.639999389648438,466300,0.0,0.0
2024-12-23 00:00:00-05:00,22.649999618530273,22.920000076293945,21.989999771118164,22.5,184500,0.0,0.0
2024-12-24 00:00:00-05:00,22.270000457763672,22.850000381469727,22.030000686645508,22.6200008392334,76100,0.0,0.0
2024-12-26 00:00:00-05:00,23.31999969482422,24.84000015258789,23.010000228881836,24.100000381469727,217200,0.0,0.0
2024-12-27 00:00:00-05:00,24.829999923706055,24.829999923706055,22.959999084472656,22.969999313354492,158700,0.0,0.0
2024-12-30 00:00:00-05:00,22.190000534057617,22.540000915527344,21.290000915527344,22.280000686645508,253600,0.0,0.0
2024-12-31 00:00:00-05:00,22.600000381469727,23.3700008392334,21.329999923706055,22.860000610351562,349200,0.0,0.0
2025-01-02 00:00:00-05:00,23.489999771118164,23.84000015258789,22.440000534057617,22.889999389648438,278000,0.0,0.0
2025-01-03 00:00:00-05:00,22.90999984741211,23.799999237060547,22.639999389648438,23.229999542236328,193300,0.0,0.0
2025-01-06 00:00:00-05:00,23.309999465942383,24.0,22.899999618530273,23.1200008392334,218200,0.0,0.0
2025-01-07 00:00:00-05:00,22.59000015258789,23.614999771118164,21.440000534057617,21.860000610351562,202900,0.0,0.0
2025-01-08 00:00:00-05:00,21.6299991607666,22.229999542236328,20.649999618530273,21.489999771118164,165700,0.0,0.0
2025-01-10 00:00:00-05:00,20.850000381469727,20.850000381469727,19.270000457763672,19.579999923706055,190600,0.0,0.0
2025-01-13 00:00:00-05:00,19.100000381469727,19.31999969482422,17.90999984741211,18.809999465942383,229700,0.0,0.0
2025-01-14 00:00:00-05:00,19.06999969482422,20.290000915527344,17.6299991607666,17.889999389648438,282900,0.0,0.0
2025-01-15 00:00:00-05:00,18.59000015258789,19.139999389648438,18.145000457763672,18.540000915527344,85400,0.0,0.0
2025-01-16 00:00:00-05:00,18.43000030517578,18.479999542236328,17.5,17.6299991607666,149500,0.0,0.0
2025-01-17 00:00:00-05:00,17.600000381469727,17.746000289916992,16.139999389648438,16.600000381469727,159300,0.0,0.0
2025-01-21 00:00:00-05:00,16.690000534057617,16.979999542236328,16.0,16.6200008392334,202000,0.0,0.0
2025-01-22 00:00:00-05:00,16.309999465942383,16.850000381469727,15.920000076293945,15.949999809265137,135400,0.0,0.0
2025-01-23 00:00:00-05:00,15.859999656677246,16.1200008392334,15.329999923706055,15.579999923706055,267400,0.0,0.0
2025-01-24 00:00:00-05:00,15.449999809265137,15.630000114440918,14.420000076293945,15.0600004196167,471800,0.0,0.0
2025-01-27 00:00:00-05:00,14.819999694824219,16.290000915527344,14.779999732971191,15.079999923706055,241900,0.0,0.0
2025-01-28 00:00:00-05:00,15.0,15.614999771118164,14.539999961853027,15.479999542236328,186800,0.0,0.0
2025-01-29 00:00:00-05:00,15.40999984741211,15.878000259399414,15.25,15.510000228881836,137500,0.0,0.0
2025-01-30 00:00:00-05:00,15.529999732971191,16.700000762939453,15.510000228881836,15.529999732971191,219300,0.0,0.0
2025-01-31 00:00:00-05:00,15.569999694824219,16.327999114990234,15.210000038146973,15.850000381469727,329000,0.0,0.0
2025-02-03 00:00:00-05:00,15.25,17.280000686645508,15.15999984741211,16.84000015258789,211200,0.0,0.0
2025-02-04 00:00:00-05:00,16.8799991607666,18.329999923706055,16.8799991607666,18.075000762939453,173300,0.0,0.0
2025-02-05 00:00:00-05:00,18.06999969482422,23.729999542236328,17.639999389648438,21.530000686645508,816400,0.0,0.0
2025-02-06 00:00:00-05:00,21.510000228881836,26.479999542236328,20.957000732421875,23.299999237060547,1019300,0.0,0.0
2025-02-07 00:00:00-05:00,23.059999465942383,23.700000762939453,19.81999969482422,20.459999084472656,314200,0.0,0.0
2025-02-10 00:00:00-05:00,20.770000457763672,20.950000762939453,17.729999542236328,18.889999389648438,301400,0.0,0.0
2025-02-11 00:00:00-05:00,18.329999923706055,18.899999618530273,17.170000076293945,17.790000915527344,157000,0.0,0.0
2025-02-12 00:00:00-05:00,17.309999465942383,18.610000610351562,17.309999465942383,18.56999969482422,100300,0.0,0.0
2025-02-13 00:00:00-05:00,18.649999618530273,19.479999542236328,18.239999771118164,18.770000457763672,133100,0.0,0.0
2025-02-14 00:00:00-05:00,18.75,19.969999313354492,18.086000442504883,18.420000076293945,102900,0.0,0.0
2025-02-18 00:00:00-05:00,18.420000076293945,19.354000091552734,16.950000762939453,17.350000381469727,141400,0.0,0.0
2025-02-19 00:00:00-05:00,17.06999969482422,17.799999237060547,16.959999084472656,16.969999313354492,242700,0.0,0.0
2025-02-20 00:00:00-05:00,16.889999389648438,17.552000045776367,16.718000411987305,17.309999465942383,120200,0.0,0.0
2025-02-21 00:00:00-05:00,17.530000686645508,17.908000946044922,16.950000762939453,17.360000610351562,137400,0.0,0.0
2025-02-24 00:00:00-05:00,16.75,17.53499984741211,16.520000457763672,16.600000381469727,182600,0.0,0.0
2025-02-25 00:00:00-05:00,16.450000762939453,16.93000030517578,16.03499984741211,16.760000228881836,205100,0.0,0.0
2025-02-26 00:00:00-05:00,16.799999237060547,17.309999465942383,16.649999618530273,17.200000762939453,126900,0.0,0.0
2025-02-27 00:00:00-05:00,17.200000762939453,17.700000762939453,16.729999542236328,17.100000381469727,202600,0.0,0.0
2025-02-28 00:00:00-05:00,17.18000030517578,17.764999389648438,16.540000915527344,17.690000534057617,59500,0.0,0.0
2025-03-03 00:00:00-05:00,17.780000686645508,17.780000686645508,16.204999923706055,16.209999084472656,170000,0.0,0.0
2025-03-04 00:00:00-05:00,16.030000686645508,16.510000228881836,15.6899995803833,16.350000381469727,144900,0.0,0.0
2025-03-05 00:00:00-05:00,16.100000381469727,17.309999465942383,16.079999923706055,16.90999984741211,88900,0.0,0.0
2025-03-06 00:00:00-05:00,16.610000610351562,16.989999771118164,16.239999771118164,16.75,650000,0.0,0.0
2025-03-07 00:00:00-05:00,16.799999237060547,17.479999542236328,16.43899917602539,17.280000686645508,76700,0.0,0.0
2025-03-10 00:00:00-04:00,17.020000457763672,17.399999618530273,16.649999618530273,17.049999237060547,127300,0.0,0.0
2025-03-11 00:00:00-04:00,17.059999465942383,17.924999237060547,16.760000228881836,17.670000076293945,217400,0.0,0.0
2025-03-12 00:00:00-04:00,18.1200008392334,18.6200008392334,17.450000762939453,17.780000686645508,119400,0.0,0.0
2025-03-13 00:00:00-04:00,17.850000381469727,17.885000228881836,16.360000610351562,16.799999237060547,147400,0.0,0.0
2025-03-14 00:00:00-04:00,17.1299991607666,17.239999771118164,16.459999084472656,16.700000762939453,221400,0.0,0.0
2025-03-17 00:00:00-04:00,16.700000762939453,17.3799991607666,16.40999984741211,16.8700008392334,159500,0.0,0.0
2025-03-18 00:00:00-04:00,16.489999771118164,16.690000534057617,15.65999984741211,15.850000381469727,310600,0.0,0.0
2025-03-19 00:00:00-04:00,15.829999923706055,16.336999893188477,15.15999984741211,15.420000076293945,253800,0.0,0.0
2025-03-20 00:00:00-04:00,15.260000228881836,15.84000015258789,14.8100004196167,15.229999542236328,138300,0.0,0.0
2025-03-21 00:00:00-04:00,15.050000190734863,15.229999542236328,13.805000305175781,14.210000038146973,425500,0.0,0.0
2025-03-24 00:00:00-04:00,14.430000305175781,14.460000038146973,13.470000267028809,13.960000038146973,240000,0.0,0.0
2025-03-25 00:00:00-04:00,14.170000076293945,15.119999885559082,13.649999618530273,14.199999809265137,406500,0.0,0.0
2025-03-26 00:00:00-04:00,14.119999885559082,16.25,13.600000381469727,16.139999389648438,219300,0.0,0.0
2025-03-27 00:00:00-04:00,16.219999313354492,16.639999389648438,14.8100004196167,15.329999923706055,178600,0.0,0.0
2025-03-28 00:00:00-04:00,15.239999771118164,15.239999771118164,14.234999656677246,14.520000457763672,98600,0.0,0.0
2025-03-31 00:00:00-04:00,13.8100004196167,13.829999923706055,11.017000198364258,11.710000038146973,678600,0.0,0.0
2025-04-01 00:00:00-04:00,11.760000228881836,11.984999656677246,9.59000015258789,9.654999732971191,560500,0.0,0.0
2025-04-02 00:00:00-04:00,9.5600004196167,10.706000328063965,9.220000267028809,10.460000038146973,390900,0.0,0.0
2025-04-03 00:00:00-04:00,10.020000457763672,10.538999557495117,9.369999885559082,9.670000076293945,226000,0.0,0.0
2025-04-04 00:00:00-04:00,9.359999656677246,9.595999717712402,8.5,8.789999961853027,336600,0.0,0.0
2025-04-07 00:00:00-04:00,8.350000381469727,8.800000190734863,7.670000076293945,7.864999771118164,545800,0.0,0.0
2025-04-08 00:00:00-04:00,8.279999732971191,8.39799976348877,6.875,7.340000152587891,953500,0.0,0.0
2025-04-09 00:00:00-04:00,7.079999923706055,9.375,7.03000020980835,9.029999732971191,541300,0.0,0.0
2025-04-10 00:00:00-04:00,8.65999984741211,9.300000190734863,8.050000190734863,8.970000267028809,448400,0.0,0.0
2025-04-11 00:00:00-04:00,9.029999732971191,11.418999671936035,8.994999885559082,11.0,644200,0.0,0.0
2025-04-14 00:00:00-04:00,10.970000267028809,11.1899995803833,10.279999732971191,10.890000343322754,281800,0.0,0.0
2025-04-15 00:00:00-04:00,11.380000114440918,11.899999618530273,10.800000190734863,11.359999656677246,164000,0.0,0.0
2025-04-16 00:00:00-04:00,11.460000038146973,11.960000038146973,10.46500015258789,10.770000457763672,112100,0.0,0.0
2025-04-17 00:00:00-04:00,10.75,11.539999961853027,10.460000038146973,11.489999771118164,190000,0.0,0.0
2025-04-21 00:00:00-04:00,11.270000457763672,13.09000015258789,11.270000457763672,12.020000457763672,208100,0.0,0.0
2025-04-22 00:00:00-04:00,12.3100004196167,13.859999656677246,12.069999694824219,13.829999923706055,306100,0.0,0.0
2025-04-23 00:00:00-04:00,14.510000228881836,17.0,14.4399995803833,15.4399995803833,409500,0.0,0.0
2025-04-24 00:00:00-04:00,15.4399995803833,16.077999114990234,14.970000267028809,15.369999885559082,152800,0.0,0.0
2025-04-25 00:00:00-04:00,15.119999885559082,15.670000076293945,14.845000267028809,15.40999984741211,143500,0.0,0.0
2025-04-28 00:00:00-04:00,15.510000228881836,16.22100067138672,14.489999771118164,14.5,374800,0.0,0.0
2025-04-29 00:00:00-04:00,14.430000305175781,14.510000228881836,12.979999542236328,13.029999732971191,259000,0.0,0.0
2025-04-30 00:00:00-04:00,12.649999618530273,15.319999694824219,12.649999618530273,15.0,168900,0.0,0.0
2025-05-01 00:00:00-04:00,15.010000228881836,15.640000343322754,14.395000457763672,15.399999618530273,98900,0.0,0.0
2025-05-02 00:00:00-04:00,15.539999961853027,17.450000762939453,15.539999961853027,16.969999313354492,199900,0.0,0.0
2025-05-05 00:00:00-04:00,16.93000030517578,17.27400016784668,15.079999923706055,15.109999656677246,187100,0.0,0.0
2025-05-06 00:00:00-04:00,15.010000228881836,15.720000267028809,11.770000457763672,13.050000190734863,652900,0.0,0.0
2025-05-07 00:00:00-04:00,13.050000190734863,13.869999885559082,12.970000267028809,13.859999656677246,157900,0.0,0.0
2025-05-08 00:00:00-04:00,13.800000190734863,15.649999618530273,13.270000457763672,15.0,181700,0.0,0.0
2025-05-09 00:00:00-04:00,14.649999618530273,16.0,13.6899995803833,14.729999542236328,173000,0.0,0.0
2025-05-12 00:00:00-04:00,15.479999542236328,17.75,13.930000305175781,17.700000762939453,363700,0.0,0.0
2025-05-13 00:00:00-04:00,17.209999084472656,17.725000381469727,15.279999732971191,15.510000228881836,158300,0.0,0.0
2025-05-14 00:00:00-04:00,15.479999542236328,15.880000114440918,14.71500015258789,15.220000267028809,119500,0.0,0.0
2025-05-15 00:00:00-04:00,15.329999923706055,19.510000228881836,14.850000381469727,19.3700008392334,510700,0.0,0.0
2025-05-16 00:00:00-04:00,18.200000762939453,18.885000228881836,15.680000305175781,17.989999771118164,313300,0.0,0.0
2025-05-19 00:00:00-04:00,17.579999923706055,20.15999984741211,17.280000686645508,19.520000457763672,239100,0.0,0.0
2025-05-20 00:00:00-04:00,20.389999389648438,20.389999389648438,18.030000686645508,18.549999237060547,205200,0.0,0.0
2025-05-21 00:00:00-04:00,18.34000015258789,18.739999771118164,17.350000381469727,17.489999771118164,122800,0.0,0.0
2025-05-22 00:00:00-04:00,17.489999771118164,18.3799991607666,17.049999237060547,18.040000915527344,91500,0.0,0.0
2025-05-23 00:00:00-04:00,17.510000228881836,17.834999084472656,16.950000762939453,17.280000686645508,110800,0.0,0.0
2025-05-27 00:00:00-04:00,17.59000015258789,17.739999771118164,16.75,17.09000015258789,167800,0.0,0.0
2025-05-28 00:00:00-04:00,17.09000015258789,18.038000106811523,16.860000610351562,17.65999984741211,129000,0.0,0.0
2025-05-29 00:00:00-04:00,17.81999969482422,18.899999618530273,17.139999389648438,18.739999771118164,149300,0.0,0.0
2025-05-30 00:00:00-04:00,18.639999389648438,18.841999053955078,16.865999221801758,17.010000228881836,228400,0.0,0.0
2025-06-02 00:00:00-04:00,17.3799991607666,18.44499969482422,16.617000579833984,17.75,210500,0.0,0.0
2025-06-03 00:00:00-04:00,17.81999969482422,20.780000686645508,17.704999923706055,20.559999465942383,422500,0.0,0.0
2025-06-04 00:00:00-04:00,20.690000534057617,23.139999389648438,20.329999923706055,21.670000076293945,264700,0.0,0.0
2025-06-05 00:00:00-04:00,21.6200008392334,23.200000762939453,20.459999084472656,22.920000076293945,335500,0.0,0.0
2025-06-06 00:00:00-04:00,23.149999618530273,25.190000534057617,21.5,21.829999923706055,224700,0.0,0.0
2025-06-09 00:00:00-04:00,21.809999465942383,21.889999389648438,19.1299991607666,19.90999984741211,245700,0.0,0.0
2025-06-10 00:00:00-04:00,19.90999984741211,21.729999542236328,19.2450008392334,21.579999923706055,128800,0.0,0.0
2025-06-11 00:00:00-04:00,21.770000457763672,22.0,20.68000030517578,20.920000076293945,133500,0.0,0.0
2025-06-12 00:00:00-04:00,21.43000030517578,21.7450008392334,20.1299991607666,20.399999618530273,151400,0.0,0.0
2025-06-13 00:00:00-04:00,19.510000228881836,20.6200008392334,19.510000228881836,19.760000228881836,112700,0.0,0.0
2025-06-16 00:00:00-04:00,19.989999771118164,20.65999984741211,18.75,18.969999313354492,158100,0.0,0.0
2025-06-17 00:00:00-04:00,21.43000030517578,21.43000030517578,18.285999298095703,18.420000076293945,152100,0.0,0.0
2025-06-18 00:00:00-04:00,18.299999237060547,19.56999969482422,18.219999313354492,18.299999237060547,203600,0.0,0.0
2025-06-20 00:00:00-04:00,18.489999771118164,18.55500030517578,17.69499969482422,17.760000228881836,108500,0.0,0.0
2025-06-23 00:00:00-04:00,17.729999542236328,18.049999237060547,16.860000610351562,17.219999313354492,92400,0.0,0.0
2025-06-24 00:00:00-04:00,17.5,18.209999084472656,16.549999237060547,17.200000762939453,239000,0.0,0.0
2025-06-25 00:00:00-04:00,17.200000762939453,17.44499969482422,16.510000228881836,16.8799991607666,90400,0.0,0.0
2025-06-26 00:00:00-04:00,17.1299991607666,17.260000228881836,16.299999237060547,16.56999969482422,117100,0.0,0.0
2025-06-27 00:00:00-04:00,16.600000381469727,16.854999542236328,15.899999618530273,16.15999984741211,437000,0.0,0.0
2025-06-30 00:00:00-04:00,16.329999923706055,16.329999923706055,14.930000305175781,14.949999809265137,205600,0.0,0.0
2025-07-01 00:00:00-04:00,15.5,21.190000534057617,14.649999618530273,19.190000534057617,1350500,0.0,0.0
2025-07-02 00:00:00-04:00,19.25,21.190000534057617,19.079999923706055,19.75,240700,0.0,0.0
2025-07-03 00:00:00-04:00,20.020000457763672,20.709999084472656,19.010000228881836,20.09000015258789,75600,0.0,0.0
2025-07-07 00:00:00-04:00,19.799999237060547,20.549999237060547,19.3700008392334,19.5,221800,0.0,0.0
2025-07-08 00:00:00-04:00,19.75,20.799999237060547,19.621000289916992,20.280000686645508,97300,0.0,0.0
2025-07-09 00:00:00-04:00,20.56999969482422,21.440000534057617,20.209999084472656,21.260000228881836,229200,0.0,0.0
2025-07-10 00:00:00-04:00,21.15999984741211,22.059999465942383,20.895000457763672,21.959999084472656,111500,0.0,0.0
2025-07-11 00:00:00-04:00,21.639999389648438,22.200000762939453,21.229999542236328,21.43000030517578,113400,0.0,0.0
2025-07-14 00:00:00-04:00,21.260000228881836,22.81999969482422,19.979999542236328,22.260000228881836,201100,0.0,0.0
2025-07-15 00:00:00-04:00,22.489999771118164,22.84000015258789,20.84000015258789,21.469999313354492,142900,0.0,0.0
2025-07-16 00:00:00-04:00,21.739999771118164,22.65999984741211,21.21500015258789,22.540000915527344,89800,0.0,0.0
2025-07-17 00:00:00-04:00,22.649999618530273,23.270000457763672,22.399999618530273,22.600000381469727,134900,0.0,0.0
2025-07-18 00:00:00-04:00,23.0,23.5,22.309999465942383,22.34000015258789,111100,0.0,0.0
2025-07-21 00:00:00-04:00,22.56999969482422,23.479999542236328,21.584999084472656,21.65999984741211,116300,0.0,0.0
2025-07-22 00:00:00-04:00,20.889999389648438,22.219999313354492,20.795000076293945,21.940000534057617,114000,0.0,0.0
2025-07-23 00:00:00-04:00,22.40999984741211,23.875999450683594,22.260000228881836,23.09000015258789,161600,0.0,0.0
2025-07-24 00:00:00-04:00,23.06999969482422,23.530000686645508,22.344999313354492,22.809999465942383,96400,0.0,0.0
2025-07-25 00:00:00-04:00,22.809999465942383,23.172000885009766,22.010000228881836,22.719999313354492,75600,0.0,0.0
2025-07-28 00:00:00-04:00,22.84000015258789,23.04400062561035,21.600000381469727,21.68000030517578,78300,0.0,0.0
2025-07-29 00:00:00-04:00,22.0,22.382999420166016,20.719999313354492,21.0,182600,0.0,0.0
2025-07-30 00:00:00-04:00,21.399999618530273,23.799999237060547,21.280000686645508,21.8700008392334,195200,0.0,0.0
2025-07-31 00:00:00-04:00,21.760000228881836,22.510000228881836,21.15999984741211,21.770000457763672,69100,0.0,0.0
2025-08-01 00:00:00-04:00,21.270000457763672,22.7549991607666,21.270000457763672,21.780000686645508,125800,0.0,0.0
2025-08-04 00:00:00-04:00,21.899999618530273,21.899999618530273,21.510000228881836,21.719999313354492,51200,0.0,0.0
2025-08-05 00:00:00-04:00,21.809999465942383,21.809999465942383,21.020000457763672,21.450000762939453,139600,0.0,0.0
2025-08-06 00:00:00-04:00,21.479999542236328,21.53499984741211,20.639999389648438,21.290000915527344,79700,0.0,0.0
2025-08-07 00:00:00-04:00,21.479999542236328,21.690000534057617,20.8799991607666,21.459999084472656,79300,0.0,0.0
2025-08-08 00:00:00-04:00,22.25,22.25,21.0,21.219999313354492,66500,0.0,0.0
2025-08-11 00:00:00-04:00,21.200000762939453,21.68000030517578,19.450000762939453,20.350000381469727,133300,0.0,0.0
2025-08-12 00:00:00-04:00,19.969999313354492,21.110000610351562,18.940000534057617,19.219999313354492,152700,0.0,0.0
2025-08-13 00:00:00-04:00,19.520000457763672,21.59000015258789,19.520000457763672,21.110000610351562,197600,0.0,0.0
2025-08-14 00:00:00-04:00,20.5,21.260000228881836,20.170000076293945,20.200000762939453,168900,0.0,0.0
2025-08-15 00:00:00-04:00,20.440000534057617,21.3799991607666,19.670000076293945,20.510000228881836,176800,0.0,0.0
2025-08-18 00:00:00-04:00,20.65999984741211,21.5,20.200000762939453,20.450000762939453,186100,0.0,0.0
2025-08-19 00:00:00-04:00,20.6299991607666,21.024999618530273,19.575000762939453,19.709999084472656,86900,0.0,0.0
2025-08-20 00:00:00-04:00,19.75,19.899999618530273,19.06399917602539,19.610000610351562,47400,0.0,0.0
2025-08-21 00:00:00-04:00,19.420000076293945,20.1200008392334,19.224000930786133,19.75,51000,0.0,0.0
2025-08-22 00:00:00-04:00,20.100000381469727,20.6299991607666,19.649999618530273,19.989999771118164,134900,0.0,0.0
2025-08-25 00:00:00-04:00,19.8799991607666,20.155000686645508,19.59000015258789,19.979999542236328,82400,0.0,0.0
2025-08-26 00:00:00-04:00,20.09000015258789,20.459999084472656,19.704999923706055,20.020000457763672,98500,0.0,0.0
2025-08-27 00:00:00-04:00,19.920000076293945,20.360000610351562,19.399999618530273,19.69499969482422,88000,0.0,0.0
2025-08-28 00:00:00-04:00,19.90999984741211,19.979999542236328,18.600000381469727,18.84000015258789,86300,0.0,0.0
2025-08-29 00:00:00-04:00,18.920000076293945,19.0049991607666,18.0,18.479999542236328,95000,0.0,0.0
2025-09-02 00:00:00-04:00,18.389999389648438,19.829999923706055,18.389999389648438,19.639999389648438,56600,0.0,0.0
2025-09-03 00:00:00-04:00,19.270000457763672,19.93000030517578,18.75,19.8700008392334,104500,0.0,0.0
2025-09-04 00:00:00-04:00,19.90999984741211,19.90999984741211,19.299999237060547,19.610000610351562,56800,0.0,0.0
2025-09-05 00:00:00-04:00,19.610000610351562,20.665000915527344,19.579999923706055,19.950000762939453,195600,0.0,0.0
2025-09-08 00:00:00-04:00,19.969999313354492,20.010000228881836,18.84000015258789,19.450000762939453,103400,0.0,0.0
2025-09-09 00:00:00-04:00,19.450000762939453,19.78499984741211,18.729999542236328,19.25,55900,0.0,0.0
2025-09-10 00:00:00-04:00,19.360000610351562,19.6299991607666,18.3700008392334,18.600000381469727,96200,0.0,0.0
2025-09-11 00:00:00-04:00,18.6200008392334,20.719999313354492,18.6200008392334,20.079999923706055,829800,0.0,0.0
2025-09-12 00:00:00-04:00,20.06999969482422,20.420000076293945,18.764999389648438,19.0,123000,0.0,0.0
2025-09-15 00:00:00-04:00,19.049999237060547,19.520000457763672,17.43000030517578,17.450000762939453,97500,0.0,0.0
2025-09-16 00:00:00-04:00,17.6200008392334,18.299999237060547,17.128000259399414,17.440000534057617,189000,0.0,0.0
2025-09-17 00:00:00-04:00,17.579999923706055,18.395000457763672,17.547000885009766,17.709999084472656,111400,0.0,0.0
2025-09-18 00:00:00-04:00,18.030000686645508,18.940000534057617,17.63599967956543,18.68000030517578,131600,0.0,0.0
2025-09-19 00:00:00-04:00,18.68000030517578,18.68000030517578,17.0,17.200000762939453,215500,0.0,0.0
2025-09-22 00:00:00-04:00,17.25,17.93000030517578,16.950000762939453,16.979999542236328,221400,0.0,0.0
2025-09-23 00:00:00-04:00,17.139999389648438,17.510000228881836,16.770000457763672,16.850000381469727,151700,0.0,0.0
2025-09-24 00:00:00-04:00,16.940000534057617,17.524999618530273,16.940000534057617,17.25,128300,0.0,0.0
2025-09-25 00:00:00-04:00,17.0,17.450000762939453,16.850000381469727,17.405000686645508,127800,0.0,0.0
2025-09-26 00:00:00-04:00,17.43000030517578,18.1299991607666,17.239999771118164,17.81999969482422,117500,0.0,0.0
2025-09-29 00:00:00-04:00,17.860000610351562,18.149999618530273,17.510000228881836,17.709999084472656,138300,0.0,0.0
2025-09-30 00:00:00-04:00,17.649999618530273,18.059999465942383,17.18000030517578,17.329999923706055,128300,0.0,0.0
2025-10-01 00:00:00-04:00,17.290000915527344,18.479999542236328,17.290000915527344,17.975000381469727,101100,0.0,0.0
2025-10-02 00:00:00-04:00,18.110000610351562,21.41200065612793,17.7549991607666,20.979999542236328,507600,0.0,0.0
2025-10-03 00:00:00-04:00,21.209999084472656,24.5,20.0,22.34000015258789,466600,0.0,0.0
2025-10-06 00:00:00-04:00,22.34000015258789,24.299999237060547,21.860000610351562,23.09000015258789,307200,0.0,0.0
2025-10-07 00:00:00-04:00,23.020000457763672,24.399999618530273,22.020000457763672,23.469999313354492,350800,0.0,0.0
2025-10-08 00:00:00-04:00,23.530000686645508,28.0,23.100000381469727,25.829999923706055,291500,0.0,0.0
2025-10-09 00:00:00-04:00,26.6200008392334,32.55400085449219,26.40999984741211,31.559999465942383,505300,0.0,0.0
2025-10-10 00:00:00-04:00,31.559999465942383,31.559999465942383,29.007999420166016,30.209999084472656,251400,0.0,0.0
2025-10-13 00:00:00-04:00,29.729999542236328,32.25,29.01099967956543,31.6200008392334,224200,0.0,0.0
2025-10-14 00:00:00-04:00,31.219999313354492,34.400001525878906,30.3700008392334,33.20000076293945,175000,0.0,0.0
2025-10-15 00:00:00-04:00,33.40999984741211,34.540000915527344,32.040000915527344,34.369998931884766,119700,0.0,0.0
2025-10-16 00:00:00-04:00,34.540000915527344,37.26599884033203,33.060001373291016,33.9900016784668,284700,0.0,0.0
2025-10-17 00:00:00-04:00,33.43000030517578,33.91999816894531,28.969999313354492,29.030000686645508,219200,0.0,0.0
2025-10-20 00:00:00-04:00,29.549999237060547,33.62699890136719,29.010000228881836,32.15999984741211,195100,0.0,0.0
2025-10-21 00:00:00-04:00,32.02000045776367,33.16999816894531,30.110000610351562,31.56999969482422,106400,0.0,0.0
2025-10-22 00:00:00-04:00,31.56999969482422,32.2400016784668,29.739999771118164,30.739999771118164,107900,0.0,0.0
2025-10-23 00:00:00-04:00,30.719999313354492,32.0,28.0,28.709999084472656,117600,0.0,0.0
2025-10-24 00:00:00-04:00,29.579999923706055,31.149999618530273,29.235000610351562,29.889999389648438,107600,0.0,0.0
2025-10-27 00:00:00-04:00,29.889999389648438,33.0,29.420000076293945,32.060001373291016,838600,0.0,0.0
2025-10-28 00:00:00-04:00,31.850000381469727,32.900001525878906,30.40999984741211,31.020000457763672,150200,0.0,0.0
2025-10-29 00:00:00-04:00,30.889999389648438,34.16600036621094,29.799999237060547,32.66999816894531,137300,0.0,0.0
2025-10-30 00:00:00-04:00,32.5,34.21699905395508,31.56999969482422,33.13999938964844,160000,0.0,0.0
2025-10-31 00:00:00-04:00,34.459999084472656,35.470001220703125,32.83000183105469,34.2599983215332,217300,0.0,0.0
2025-11-03 00:00:00-05:00,31.010000228881836,31.479999542236328,27.219999313354492,31.059999465942383,572000,0.0,0.0
2025-11-04 00:00:00-05:00,31.0,33.060001373291016,30.649999618530273,31.799999237060547,263500,0.0,0.0
2025-11-05 00:00:00-05:00,31.31999969482422,31.3799991607666,26.639999389648438,27.719999313354492,416400,0.0,0.0
2025-11-06 00:00:00-05:00,27.739999771118164,29.639999389648438,24.950000762939453,26.65999984741211,156600,0.0,0.0
2025-11-07 00:00:00-05:00,26.34000015258789,26.969999313354492,23.93000030517578,26.75,321100,0.0,0.0
2025-11-10 00:00:00-05:00,27.219999313354492,28.350000381469727,25.93000030517578,28.299999237060547,154600,0.0,0.0
2025-11-11 00:00:00-05:00,28.469999313354492,31.530000686645508,27.59000015258789,30.8700008392334,227000,0.0,0.0
2025-11-12 00:00:00-05:00,30.8700008392334,32.02000045776367,30.514999389648438,31.079999923706055,158800,0.0,0.0
2025-11-13 00:00:00-05:00,30.239999771118164,30.489999771118164,26.489999771118164,26.489999771118164,450600,0.0,0.0
2025-11-14 00:00:00-05:00,26.950000762939453,27.638999938964844,22.43000030517578,22.770000457763672,339000,0.0,0.0
2025-11-17 00:00:00-05:00,22.780000686645508,23.520000457763672,21.8799991607666,22.459999084472656,404600,0.0,0.0
2025-11-18 00:00:00-05:00,22.299999237060547,22.684999465942383,21.200000762939453,21.360000610351562,269400,0.0,0.0
2025-11-19 00:00:00-05:00,21.209999084472656,21.915000915527344,20.549999237060547,20.989999771118164,130500,0.0,0.0
2025-11-20 00:00:00-05:00,21.559999465942383,22.420000076293945,19.68000030517578,20.399999618530273,320900,0.0,0.0
2025-11-21 00:00:00-05:00,20.280000686645508,21.260000228881836,19.764999389648438,20.059999465942383,188500,0.0,0.0
2025-11-24 00:00:00-05:00,20.31999969482422,21.030000686645508,19.87700080871582,20.440000534057617,105300,0.0,0.0
2025-11-25 00:00:00-05:00,20.649999618530273,21.110000610351562,20.114999771118164,20.739999771118164,116000,0.0,0.0
2025-11-26 00:00:00-05:00,20.780000686645508,21.732999801635742,19.91200065612793,20.989999771118164,153100,0.0,0.0
2025-11-28 00:00:00-05:00,21.1200008392334,21.790000915527344,20.770000457763672,21.079999923706055,217400,0.0,0.0
2025-12-01 00:00:00-05:00,20.81999969482422,21.110000610351562,19.670000076293945,20.479999542236328,262200,0.0,0.0
2025-12-02 00:00:00-05:00,20.530000686645508,20.6200008392334,19.229999542236328,19.239999771118164,217900,0.0,0.0
2025-12-03 00:00:00-05:00,19.489999771118164,20.309999465942383,19.260000228881836,20.1200008392334,198700,0.0,0.0
2025-12-04 00:00:00-05:00,20.059999465942383,23.000999450683594,19.8799991607666,21.15999984741211,450500,0.0,0.0
2025-12-05 00:00:00-05:00,21.18000030517578,22.059999465942383,20.190000534057617,20.280000686645508,161300,0.0,0.0
2025-12-08 00:00:00-05:00,20.860000610351562,21.8700008392334,20.459999084472656,20.59000015258789,209700,0.0,0.0
2025-12-09 00:00:00-05:00,20.649999618530273,21.1299991607666,19.645000457763672,19.739999771118164,138900,0.0,0.0
2025-12-10 00:00:00-05:00,19.809999465942383,21.104999542236328,19.65999984741211,20.760000228881836,147000,0.0,0.0
2025-12-11 00:00:00-05:00,20.889999389648438,21.469999313354492,20.309999465942383,21.260000228881836,102400,0.0,0.0
2025-12-12 00:00:00-05:00,21.25,21.75,20.8799991607666,20.920000076293945,144800,0.0,0.0
2025-12-15 00:00:00-05:00,21.049999237060547,21.969999313354492,20.239999771118164,20.260000228881836,118800,0.0,0.0
2025-12-16 00:00:00-05:00,20.329999923706055,21.094999313354492,19.510000228881836,19.530000686645508,289600,0.0,0.0
2025-12-17 00:00:00-05:00,19.530000686645508,20.475000381469727,19.030000686645508,19.139999389648438,304300,0.0,0.0
2025-12-18 00:00:00-05:00,19.540000915527344,20.327999114990234,19.1299991607666,19.280000686645508,223700,0.0,0.0
2025-12-19 00:00:00-05:00,19.479999542236328,20.770000457763672,19.469999313354492,20.549999237060547,402800,0.0,0.0
2025-12-22 00:00:00-05:00,20.530000686645508,21.31999969482422,19.829999923706055,20.850000381469727,116100,0.0,0.0
2025-12-23 00:00:00-05:00,20.56999969482422,21.079999923706055,19.829999923706055,20.079999923706055,78700,0.0,0.0
2025-12-24 00:00:00-05:00,20.049999237060547,20.264999389648438,19.709999084472656,20.06999969482422,55200,0.0,0.0
2025-12-26 00:00:00-05:00,20.040000915527344,20.1299991607666,19.6299991607666,20.010000228881836,59600,0.0,0.0
2025-12-29 00:00:00-05:00,19.729999542236328,20.959999084472656,19.280000686645508,20.139999389648438,152100,0.0,0.0
2025-12-30 00:00:00-05:00,20.1299991607666,22.239999771118164,19.84000015258789,22.110000610351562,311100,0.0,0.0
2025-12-31 00:00:00-05:00,22.219999313354492,22.989999771118164,20.350000381469727,20.600000381469727,157900,0.0,0.0
2026-01-02 00:00:00-05:00,20.65999984741211,21.173999786376953,19.6200008392334,20.15999984741211,102900,0.0,0.0
2026-01-05 00:00:00-05:00,20.270000457763672,20.315000534057617,18.309999465942383,18.43000030517578,121600,0.0,0.0
2026-01-06 00:00:00-05:00,18.329999923706055,19.229999542236328,18.1299991607666,18.299999237060547,358200,0.0,0.0
2026-01-07 00:00:00-05:00,18.489999771118164,19.790000915527344,18.420000076293945,19.1200008392334,334100,0.0,0.0
2026-01-08 00:00:00-05:00,19.020000457763672,19.1200008392334,18.5,18.68000030517578,81100,0.0,0.0
2026-01-09 00:00:00-05:00,19.079999923706055,19.1299991607666,17.8799991607666,17.920000076293945,107700,0.0,0.0
2026-01-12 00:00:00-05:00,18.020000457763672,18.020000457763672,16.75,17.280000686645508,160500,0.0,0.0
2026-01-13 00:00:00-05:00,17.260000228881836,17.299999237060547,16.469999313354492,16.950000762939453,197000,0.0,0.0
2026-01-14 00:00:00-05:00,16.989999771118164,18.940000534057617,16.90999984741211,18.799999237060547,153700,0.0,0.0
2026-01-15 00:00:00-05:00,18.850000381469727,18.868999481201172,17.540000915527344,18.059999465942383,152400,0.0,0.0
2026-01-16 00:00:00-05:00,18.030000686645508,18.350000381469727,17.549999237060547,17.549999237060547,90700,0.0,0.0
2026-01-20 00:00:00-05:00,17.110000610351562,17.89299964904785,16.934999465942383,17.520000457763672,78500,0.0,0.0
2026-01-21 00:00:00-05:00,17.559999465942383,18.350000381469727,17.489999771118164,18.309999465942383,72800,0.0,0.0
2026-01-22 00:00:00-05:00,18.290000915527344,19.400999069213867,18.290000915527344,18.989999771118164,90500,0.0,0.0
2026-01-23 00:00:00-05:00,18.829999923706055,19.211999893188477,18.1200008392334,18.309999465942383,78500,0.0,0.0
2026-01-26 00:00:00-05:00,18.489999771118164,19.739999771118164,18.18000030517578,19.1200008392334,156800,0.0,0.0
2026-01-27 00:00:00-05:00,19.1200008392334,20.010000228881836,18.76300048828125,19.8700008392334,161700,0.0,0.0
2026-01-28 00:00:00-05:00,19.889999389648438,20.440000534057617,18.950000762939453,19.270000457763672,174000,0.0,0.0
2026-01-29 00:00:00-05:00,19.389999389648438,19.674999237060547,18.270000457763672,18.889999389648438,90200,0.0,0.0
2026-01-30 00:00:00-05:00,18.540000915527344,18.579999923706055,17.399999618530273,17.65999984741211,147900,0.0,0.0
2026-02-02 00:00:00-05:00,17.450000762939453,18.950000762939453,17.0,18.329999923706055,130000,0.0,0.0
2026-02-03 00:00:00-05:00,18.149999618530273,18.90999984741211,16.799999237060547,17.559999465942383,114400,0.0,0.0
2026-02-04 00:00:00-05:00,17.81999969482422,18.3700008392334,16.649999618530273,17.18000030517578,139200,0.0,0.0
2026-02-05 00:00:00-05:00,17.18000030517578,17.579999923706055,15.930000305175781,16.3700008392334,213700,0.0,0.0
2026-02-06 00:00:00-05:00,16.8700008392334,17.459999084472656,16.299999237060547,17.229999542236328,91200,0.0,0.0
2026-02-09 00:00:00-05:00,17.280000686645508,17.950000762939453,16.5,17.6200008392334,77900,0.0,0.0
2026-02-10 00:00:00-05:00,17.5,17.719999313354492,16.93000030517578,17.0,86900,0.0,0.0
2026-02-11 00:00:00-05:00,17.030000686645508,17.059999465942383,16.200000762939453,16.889999389648438,113600,0.0,0.0
2026-02-12 00:00:00-05:00,17.0,17.510000228881836,16.264999389648438,17.0,81300,0.0,0.0
2026-02-13 00:00:00-05:00,17.18000030517578,17.93000030517578,17.18000030517578,17.3799991607666,65500,0.0,0.0
2026-02-17 00:00:00-05:00,17.420000076293945,17.709999084472656,16.780000686645508,17.3799991607666,108200,0.0,0.0
2026-02-18 00:00:00-05:00,17.170000076293945,17.795000076293945,17.0,17.209999084472656,51100,0.0,0.0
2026-02-19 00:00:00-05:00,17.18000030517578,18.809999465942383,16.75,18.6200008392334,114300,0.0,0.0
2026-02-20 00:00:00-05:00,18.3799991607666,18.799999237060547,17.31999969482422,17.639999389648438,179400,0.0,0.0
2026-02-23 00:00:00-05:00,17.75,19.110000610351562,17.604999542236328,18.489999771118164,90900,0.0,0.0
2026-02-24 00:00:00-05:00,18.489999771118164,19.26300048828125,18.3799991607666,18.899999618530273,56000,0.0,0.0
2026-02-25 00:00:00-05:00,19.139999389648438,20.309999465942383,19.139999389648438,20.09000015258789,80300,0.0,0.0
2026-02-26 00:00:00-05:00,19.84000015258789,20.0,18.83300018310547,19.68000030517578,322800,0.0,0.0
2026-02-27 00:00:00-05:00,22.959999084472656,26.399999618530273,20.5,23.489999771118164,1261300,0.0,0.0
2026-03-02 00:00:00-05:00,23.450000762939453,23.780000686645508,20.0,20.739999771118164,603900,0.0,0.0
2026-03-03 00:00:00-05:00,19.8700008392334,22.780000686645508,19.43000030517578,21.989999771118164,196200,0.0,0.0
2026-03-04 00:00:00-05:00,22.190000534057617,24.969999313354492,21.679000854492188,23.90999984741211,216300,0.0,0.0
2026-03-05 00:00:00-05:00,23.59000015258789,25.43000030517578,22.0,22.1299991607666,256400,0.0,0.0
2026-03-06 00:00:00-05:00,21.3799991607666,23.18000030517578,21.229999542236328,22.170000076293945,114800,0.0,0.0
2026-03-09 00:00:00-04:00,21.920000076293945,23.770000457763672,21.572999954223633,23.600000381469727,102400,0.0,0.0
2026-03-10 00:00:00-04:00,23.600000381469727,23.809999465942383,22.610000610351562,23.06999969482422,98500,0.0,0.0
2026-03-11 00:00:00-04:00,22.549999237060547,23.1299991607666,22.28499984741211,23.030000686645508,68600,0.0,0.0
2026-03-12 00:00:00-04:00,22.31999969482422,22.94499969482422,21.799999237060547,22.299999237060547,76500,0.0,0.0
2026-03-13 00:00:00-04:00,22.299999237060547,22.31999969482422,19.860000610351562,21.510000228881836,259000,0.0,0.0
2026-03-16 00:00:00-04:00,21.600000381469727,22.1299991607666,21.270000457763672,21.56999969482422,93500,0.0,0.0
2026-03-17 00:00:00-04:00,21.5,21.5,20.368000030517578,21.079999923706055,112100,0.0,0.0
2026-03-18 00:00:00-04:00,20.850000381469727,21.100000381469727,19.100000381469727,19.5,169200,0.0,0.0
2026-03-19 00:00:00-04:00,19.149999618530273,19.420000076293945,18.229999542236328,19.190000534057617,192800,0.0,0.0
2026-03-20 00:00:00-04:00,19.1299991607666,20.0,18.530000686645508,19.049999237060547,300300,0.0,0.0
2026-03-23 00:00:00-04:00,19.309999465942383,19.8700008392334,18.770000457763672,19.360000610351562,114800,0.0,0.0
2026-03-24 00:00:00-04:00,19.399999618530273,21.5,18.809999465942383,20.899999618530273,295600,0.0,0.0
2026-03-25 00:00:00-04:00,21.239999771118164,23.350000381469727,20.809999465942383,22.030000686645508,178200,0.0,0.0
2026-03-26 00:00:00-04:00,21.670000076293945,22.950000762939453,21.010000228881836,21.40999984741211,95600,0.0,0.0
2026-03-27 00:00:00-04:00,21.299999237060547,21.31999969482422,19.5,20.350000381469727,130600,0.0,0.0
2026-03-30 00:00:00-04:00,20.110000610351562,20.739999771118164,19.100000381469727,19.299999237060547,169400,0.0,0.0
2026-03-31 00:00:00-04:00,19.520000457763672,20.450000762939453,19.3700008392334,20.15999984741211,92700,0.0,0.0
2026-04-01 00:00:00-04:00,20.239999771118164,22.440000534057617,20.114999771118164,21.65999984741211,79700,0.0,0.0
2026-04-02 00:00:00-04:00,20.334999084472656,22.079999923706055,19.8700008392334,20.690000534057617,173013,0.0,0.0
