Date,Open,High,Low,Close,Volume,Dividends,Stock Splits
2022-01-03 00:00:00-05:00,46.80465115924874,46.98456594226983,46.15696274459751,46.552772521972656,1571200,0.0,0.0
2022-01-04 00:00:00-05:00,46.64272650022289,47.87514048853329,46.417833887528296,47.470333099365234,2457000,0.0,0.0
2022-01-05 00:00:00-05:00,48.010069094067916,48.43286826086296,46.67870537467491,46.795650482177734,3531400,0.0,0.0
2022-01-06 00:00:00-05:00,45.92305987200147,46.15695005510439,44.76261344371451,44.978511810302734,2117400,0.0,0.0
2022-01-07 00:00:00-05:00,45.230403945418814,45.5092720376623,44.42978674410038,45.0954704284668,2562900,0.0,0.0
2022-01-10 00:00:00-05:00,44.852587381849204,46.41783818958287,44.74463987859601,46.408843994140625,2317900,0.0,0.0
2022-01-11 00:00:00-05:00,46.426828556005226,46.68770479369262,45.815120413919,46.57975387573242,1620000,0.0,0.0
2022-01-12 00:00:00-05:00,46.77766477390625,47.362386956215694,46.20194021805088,47.28142547607422,2028000,0.0,0.0
2022-01-13 00:00:00-05:00,47.17346806313136,47.344388626371604,46.453812467244596,46.56175994873047,1785700,0.0,0.0
2022-01-14 00:00:00-05:00,46.54377762686679,46.70569715440201,45.77014647362639,46.246917724609375,1876000,0.0,0.0
2022-01-18 00:00:00-05:00,45.98603764738066,46.327875358443144,45.203412364306175,45.248390197753906,1671400,0.0,0.0
2022-01-19 00:00:00-05:00,45.96804609034841,49.089556478017556,45.62621180892139,48.84667205810547,4737000,0.0,0.0
2022-01-20 00:00:00-05:00,49.22450078164966,49.40441214340874,47.08352194714188,47.11050796508789,2507300,0.0,0.0
2022-01-21 00:00:00-05:00,47.22744947193915,47.497319925461,45.47328637666361,45.77914047241211,2569600,0.0,0.0
2022-01-24 00:00:00-05:00,45.4462920846457,45.563237184791134,43.764096580165045,45.2393913269043,2730700,0.0,0.0
2022-01-25 00:00:00-05:00,44.90655914450187,45.43730589368616,44.36681819993006,45.338356018066406,1949100,0.0,0.0
2022-01-26 00:00:00-05:00,44.879576243535084,45.833122305528754,43.45825649394094,43.665157318115234,2841200,0.0,0.0
2022-01-27 00:00:00-05:00,42.93649582968751,43.80908023712411,41.98294994700845,42.027931213378906,3176800,0.0,0.0
2022-01-28 00:00:00-05:00,41.722071389922334,41.88399431811982,40.85848129567295,41.61412048339844,3096800,0.0,0.0
2022-01-31 00:00:00-05:00,41.94697185162226,43.08942675689969,41.90199401457444,42.981475830078125,2221600,0.0,0.0
2022-02-01 00:00:00-05:00,43.37728129618897,43.63815407717896,42.486705182472164,43.080421447753906,2552200,0.0,0.0
2022-02-02 00:00:00-05:00,43.14340550980377,44.35782788881733,42.59466689020388,43.77310562133789,2170600,0.0,0.0
2022-02-03 00:00:00-05:00,43.980002448660706,43.980002448660706,42.963486793861584,43.30532455444336,2225800,0.0,0.0
2022-02-04 00:00:00-05:00,42.81054885375642,43.78208295110849,42.74757921002009,43.35928726196289,1643900,0.0,0.0
2022-02-07 00:00:00-05:00,43.72811744102893,44.56471818273431,43.449249383264224,44.2498664855957,2577900,0.0,0.0
2022-02-08 00:00:00-05:00,44.24086891807988,44.80759918444393,43.899031233271096,44.186893463134766,2877300,0.0,0.0
2022-02-09 00:00:00-05:00,43.962010389324945,45.35634401020505,43.88104890519182,44.50175476074219,3082700,0.0,0.0
2022-02-10 00:00:00-05:00,44.39379746452447,44.771618813522174,42.14487148493176,42.45072555541992,4438600,0.0,0.0
2022-02-11 00:00:00-05:00,42.60365786347525,45.32935528020409,42.432737278539115,44.74463653564453,5129500,0.0,0.0
2022-02-14 00:00:00-05:00,45.37432592328572,47.36237894803825,45.23039480865819,47.146480560302734,5450400,0.0,0.0
2022-02-15 00:00:00-05:00,46.04001806808203,46.86762127379286,45.68018849854483,46.489803314208984,3363800,0.0,0.0
2022-02-16 00:00:00-05:00,46.732690439610515,47.64125517900527,46.63373713073212,47.04753875732422,2959700,0.0,0.0
2022-02-17 00:00:00-05:00,47.803167070845205,51.01463289347734,47.677227772951944,50.5108757019043,7579600,0.0,0.0
2022-02-18 00:00:00-05:00,50.303981836003196,50.420926964459255,48.95462605587536,49.40441131591797,3232200,0.0,0.0
2022-02-22 00:00:00-05:00,49.6472889568161,49.90816519543154,47.8661399832012,48.243961334228516,4229500,0.0,0.0
2022-02-23 00:00:00-05:00,48.27993784343686,49.71025480183051,48.17199036495106,49.27846145629883,3595600,0.0,0.0
2022-02-24 00:00:00-05:00,49.926152669466454,50.50187712416832,45.770138759447526,46.77765655517578,8283000,0.0,0.0
2022-02-25 00:00:00-05:00,46.516786326397174,46.876615872693364,45.41031510418139,46.597747802734375,4318300,0.0,0.0
2022-02-28 00:00:00-05:00,47.22744653814157,47.3803718607215,45.293368783467876,45.4193115234375,4582400,0.0,0.0
2022-03-01 00:00:00-05:00,45.761151110212936,47.71322091103789,45.7161732708073,47.53330612182617,5510500,0.0,0.0
2022-03-02 00:00:00-05:00,46.79564860842749,48.02805898993937,46.04900359326795,47.34438705444336,3983500,0.0,0.0
2022-03-03 00:00:00-05:00,47.2814186291482,47.875134920345324,46.79564981864459,47.488319396972656,3132000,0.0,0.0
2022-03-04 00:00:00-05:00,47.95966760014838,51.37694163772516,47.78744550588025,51.20471954345703,5595200,0.4,0.0
2022-03-07 00:00:00-05:00,51.52197508820356,53.67930013064109,50.769629318534946,52.80911636352539,7361300,0.0,0.0
2022-03-08 00:00:00-05:00,53.60677761732264,57.45914162180215,53.434555530161646,55.247432708740234,11125000,0.0,0.0
2022-03-09 00:00:00-05:00,52.56437938876713,56.37141899264844,52.05677249461472,55.76410675048828,7337100,0.0,0.0
2022-03-10 00:00:00-05:00,55.990714822862564,57.450081576477324,55.12053456431342,56.26264572143555,7257400,0.0,0.0
2022-03-11 00:00:00-05:00,54.55853733911832,56.126675680624686,54.286606454414624,55.655330657958984,4266500,0.0,0.0
2022-03-14 00:00:00-04:00,54.069071807016506,55.229312278773584,53.371113567665965,53.924041748046875,4462200,0.0,0.0
2022-03-15 00:00:00-04:00,52.27431554777249,54.486028077843095,51.97519258982351,54.123451232910156,3314300,0.0,0.0
2022-03-16 00:00:00-04:00,53.63397992894372,54.16877893724554,52.49186860937497,54.0781364440918,3010900,0.0,0.0
2022-03-17 00:00:00-04:00,54.90298685607574,56.271711106625666,54.41350917212587,55.401527404785156,3089000,0.0,0.0
2022-03-18 00:00:00-04:00,54.67638047819144,55.45591829020992,54.33193281427392,54.71263885498047,6357500,0.0,0.0
2022-03-21 00:00:00-04:00,55.020824492727975,57.087503423577665,54.91205282736454,56.625221252441406,3213600,0.0,0.0
2022-03-22 00:00:00-04:00,56.498319936426434,56.62522078794094,55.32901330554752,55.5646858215332,2638100,0.0,0.0
2022-03-23 00:00:00-04:00,56.34422581551501,56.842766376766164,55.0842766571168,56.77931594848633,3298800,0.0,0.0
2022-03-24 00:00:00-04:00,57.314111139967025,57.767330431085966,55.99977450416433,56.37141418457031,3589400,0.0,0.0
2022-03-25 00:00:00-04:00,56.135746608780906,56.26264746820221,55.26556632321558,56.2445182800293,2272300,0.0,0.0
2022-03-28 00:00:00-04:00,55.30181716314855,55.30181716314855,54.286606904862865,54.73982620239258,2790400,0.0,0.0
2022-03-29 00:00:00-04:00,53.416433941712484,55.038960077207406,52.84537658104877,54.97550964355469,3366600,0.0,0.0
2022-03-30 00:00:00-04:00,55.2927577412124,56.13574596372614,55.2927577412124,55.963523864746094,1889900,0.0,0.0
2022-03-31 00:00:00-04:00,55.95445649185048,56.64335179042123,55.47404512206568,55.51030349731445,2395600,0.0,0.0
2022-04-01 00:00:00-04:00,55.04802185559148,57.468214983500346,55.04802185559148,57.359439849853516,2590100,0.0,0.0
2022-04-04 00:00:00-04:00,57.78546043816069,58.25680546476289,56.743054670670496,57.46820831298828,3195000,0.0,0.0
2022-04-05 00:00:00-04:00,57.81265907310157,59.117933011684286,56.724935401334946,56.8790283203125,4035200,0.0,0.0
2022-04-06 00:00:00-04:00,57.02405662234137,57.83078648583301,56.01790914484897,56.89715576171875,2508000,0.0,0.0
2022-04-07 00:00:00-04:00,57.024062533082535,57.576990732641846,56.74306527129959,57.0875129699707,2062000,0.0,0.0
2022-04-08 00:00:00-04:00,57.54979106937879,59.09979686404829,57.38663183672116,59.036346435546875,3005000,0.0,0.0
2022-04-11 00:00:00-04:00,59.589279599893445,59.97904852666247,57.52260042189162,57.84891891479492,2919600,0.0,0.0
2022-04-12 00:00:00-04:00,58.62845592698025,60.087822800527626,58.24775332924924,58.864131927490234,3764000,0.0,0.0
2022-04-13 00:00:00-04:00,59.37173760040442,60.01530827734852,58.82787573832564,59.53489685058594,2866600,0.0,0.0
2022-04-14 00:00:00-04:00,59.17231334791655,59.87027497385554,58.66470992219948,59.6436653137207,2159800,0.0,0.0
2022-04-18 00:00:00-04:00,60.1059463406442,60.85829210081297,59.58927657239373,59.59834289550781,2743300,0.0,0.0
2022-04-19 00:00:00-04:00,59.06354748186705,59.90652881208044,57.64949844389432,58.166168212890625,2428700,0.0,0.0
2022-04-20 00:00:00-04:00,58.02114214168424,58.98196493444267,57.73107858142582,58.81880569458008,1820300,0.0,0.0
2022-04-21 00:00:00-04:00,58.58313333925108,58.58313333925108,55.537502074136604,55.98165512084961,3202000,0.0,0.0
2022-04-22 00:00:00-04:00,54.66731289124144,55.329012650438756,53.60677793739069,54.023738861083984,3133000,0.0,0.0
2022-04-25 00:00:00-04:00,52.083966513614506,53.425495365445485,51.01436857835386,52.09303283691406,4023200,0.0,0.0
2022-04-26 00:00:00-04:00,52.43746597043745,52.555303943907106,50.60646323880251,50.76961898803711,2651900,0.0,0.0
2022-04-27 00:00:00-04:00,50.76962069214448,51.123134624419315,49.89944053067239,49.999149322509766,2360800,0.0,0.0
2022-04-28 00:00:00-04:00,50.098863039520225,50.77869200583901,49.672835780801336,50.624595642089844,2575800,0.0,0.0
2022-04-29 00:00:00-04:00,52.455602924343275,55.10240554088622,51.993320741170685,52.78192138671875,4582800,0.0,0.0
2022-05-02 00:00:00-04:00,51.10501567419697,52.23806406693411,50.216706149225764,52.13835525512695,2804300,0.0,0.0
2022-05-03 00:00:00-04:00,52.274314067299095,53.13543145628512,51.68513103320579,52.43747329711914,2114200,0.0,0.0
2022-05-04 00:00:00-04:00,52.27430957975071,54.20502466168413,52.00237870599118,54.03280258178711,2887300,0.0,0.0
2022-05-05 00:00:00-04:00,54.36819805176578,54.612936939291544,52.083971892648215,52.655029296875,2260400,0.0,0.0
2022-05-06 00:00:00-04:00,52.210865876790294,52.69128072197143,51.4494572576051,52.011451721191406,1812500,0.0,0.0
2022-05-09 00:00:00-04:00,50.7152424540877,51.141266262369186,48.89329885655187,48.99300765991211,3734600,0.0,0.0
2022-05-10 00:00:00-04:00,49.591263461511474,50.289221717871236,47.796515141353275,48.467281341552734,4659400,0.0,0.0
2022-05-11 00:00:00-04:00,49.446222693321126,50.162309984676284,47.923405637842,48.06843566894531,3275200,0.0,0.0
2022-05-12 00:00:00-04:00,47.26170883059236,47.76024937726073,44.93216186677694,45.87485885620117,3555700,0.0,0.0
2022-05-13 00:00:00-04:00,45.43070153273589,46.52749486349079,45.10438308443121,45.90205001831055,2543700,0.0,0.0
2022-05-16 00:00:00-04:00,45.82954000840496,47.05323081933326,45.55760564349726,46.81755828857422,2172000,0.0,0.0
2022-05-17 00:00:00-04:00,47.4429915566336,47.64240913450595,46.77222554056474,47.22544479370117,1629600,0.0,0.0
2022-05-18 00:00:00-04:00,47.13480690062976,47.31609531103611,46.101467456439096,46.137725830078125,1702200,0.0,0.0
2022-05-19 00:00:00-04:00,47.22545361848373,49.718159976533606,47.16200318781105,49.011138916015625,4462600,0.0,0.0
2022-05-20 00:00:00-04:00,49.174299879822165,49.21055825799007,47.78744976389762,48.8207893371582,2256800,0.0,0.0
2022-05-23 00:00:00-04:00,49.854133947677475,49.944776444466505,47.968739585917206,48.73014831542969,1723800,0.0,0.0
2022-05-24 00:00:00-04:00,48.99301262536709,50.2892202848432,48.53979326073319,49.89038848876953,2241000,0.0,0.0
2022-05-25 00:00:00-04:00,49.083662003685845,49.935713223947815,48.956757668175285,49.68191146850586,1939300,0.0,0.0
2022-05-26 00:00:00-04:00,49.50061412982679,50.0082175495627,48.47633750990562,48.6123046875,2146600,0.0,0.0
2022-05-27 00:00:00-04:00,49.20149317940012,49.29213912711332,48.35850488350873,49.002079010009766,3946700,0.0,0.0
2022-05-31 00:00:00-04:00,49.65958369523054,50.335346569970554,47.97016954125013,48.33544921875,3934000,0.4,0.0
2022-06-01 00:00:00-04:00,48.846833182287526,49.29429706638126,47.9062393646132,48.55460739135742,3028700,0.0,0.0
2022-06-02 00:00:00-04:00,49.54086195233651,50.828467625948655,49.321693472682085,50.6275634765625,2063400,0.0,0.0
2022-06-03 00:00:00-04:00,49.97919320792153,50.69148463891884,49.3034304358381,49.47693634033203,1485200,0.0,0.0
2022-06-06 00:00:00-04:00,49.87874474646183,50.14357231740095,48.36284012750549,48.7646484375,1202100,0.0,0.0
2022-06-07 00:00:00-04:00,48.49068080184549,49.312558164682656,48.29891057837164,48.83769607543945,1776200,0.0,0.0
2022-06-08 00:00:00-04:00,48.49068058358198,49.02033565581842,48.07974538757753,48.47241973876953,1237600,0.0,0.0
2022-06-09 00:00:00-04:00,48.116271618121374,48.30804532851071,46.82866604955338,46.87432861328125,1417000,0.0,0.0
2022-06-10 00:00:00-04:00,46.34467009224279,49.623041968159775,45.87894193541414,49.321685791015625,2484100,0.0,0.0
2022-06-13 00:00:00-04:00,47.614023886279305,48.353713667393,46.116383475341614,46.15291213989258,3532700,0.0,0.0
2022-06-14 00:00:00-04:00,46.107239837355316,46.107239837355316,43.769458229543886,44.34477233886719,2795900,0.0,0.0
2022-06-15 00:00:00-04:00,45.29450252853534,45.8241576739275,43.72380839038825,44.94749069213867,3173400,0.0,0.0
2022-06-16 00:00:00-04:00,44.335646689893196,47.02044404433086,43.83338979520279,46.993045806884766,4962500,0.0,0.0
2022-06-17 00:00:00-04:00,46.44512707878531,46.709954629178426,45.468008101121406,46.33554458618164,4310800,0.0,0.0
2022-06-21 00:00:00-04:00,46.17116991048465,47.52269895470914,46.12550734450275,46.98391342163086,2196600,0.0,0.0
2022-06-22 00:00:00-04:00,47.09349736875441,47.76012974658917,46.079849683428684,46.098114013671875,2109300,0.0,0.0
2022-06-23 00:00:00-04:00,46.03418684223552,46.69168874306496,43.5776921038481,44.01602554321289,2789000,0.0,0.0
2022-06-24 00:00:00-04:00,43.94297339405299,45.02054453217195,43.19415324499609,44.94749069213867,1974500,0.0,0.0
2022-06-27 00:00:00-04:00,45.17577799570928,46.00678567851513,44.77396978628842,45.72369384765625,2373900,0.0,0.0
2022-06-28 00:00:00-04:00,45.96112870458986,46.043312950929,44.28997935774357,44.34477233886719,1656300,0.0,0.0
2022-06-29 00:00:00-04:00,44.929219609465015,45.22144189281403,43.17588242580656,43.61421585083008,1973600,0.0,0.0
2022-06-30 00:00:00-04:00,43.34026361517445,43.650750267652704,41.678247852957014,41.7878303527832,2802900,0.0,0.0
2022-07-01 00:00:00-04:00,41.221647097363274,43.495505578742396,40.98421778409203,43.29460144042969,2368900,0.0,0.0
2022-07-05 00:00:00-04:00,42.47273059875914,42.974991022083856,40.53675668448121,41.58693313598633,3651500,0.0,0.0
2022-07-06 00:00:00-04:00,41.68738078830848,42.26269151165938,39.952307744274094,41.303836822509766,3336600,0.0,0.0
2022-07-07 00:00:00-04:00,41.70564252340192,42.33574973416006,41.03901013515152,41.34036636352539,1921600,0.0,0.0
2022-07-08 00:00:00-04:00,41.431678491378726,42.00699262666366,40.7193871224498,41.24903869628906,2270600,0.0,0.0
2022-07-11 00:00:00-04:00,40.792439238746105,41.924803133937964,40.68285675971599,40.993343353271484,2045800,0.0,0.0
2022-07-12 00:00:00-04:00,40.84723497634887,41.13032684014047,39.89751080449748,40.08015060424805,2500700,0.0,0.0
2022-07-13 00:00:00-04:00,39.64182470978544,41.94307826349173,39.62356037798241,40.85637664794922,2886900,0.0,0.0
2022-07-14 00:00:00-04:00,39.19434719174567,39.64181449672477,38.08938152907633,39.25827407836914,3166900,0.0,0.0
2022-07-15 00:00:00-04:00,39.62355391858285,39.70574165651579,38.436400413434974,38.91126251220703,2778200,0.0,0.0
2022-07-18 00:00:00-04:00,39.54137581864887,40.043632791299515,38.99345975458733,39.00259017944336,2085200,0.0,0.0
2022-07-19 00:00:00-04:00,39.15783114929887,39.6509541616287,38.819946244575554,39.249149322509766,3320300,0.0,0.0
2022-07-20 00:00:00-04:00,39.294803909059354,39.66921395005045,37.45928236263099,37.47754669189453,3589200,0.0,0.0
2022-07-21 00:00:00-04:00,37.45929292353075,38.24464188545347,37.3588408260431,37.78804397583008,6557600,0.0,0.0
2022-07-22 00:00:00-04:00,38.32682262611101,38.45466946001037,36.43650790530761,36.78351974487305,6399200,0.0,0.0
2022-07-25 00:00:00-04:00,36.66480425524284,36.69219900814483,34.71969667721284,35.10323715209961,8062900,0.0,0.0
2022-07-26 00:00:00-04:00,35.340664297514614,36.08035037595731,35.14889409077496,36.052955627441406,7282800,0.0,0.0
2022-07-27 00:00:00-04:00,35.89772406026795,36.54609216830774,35.45025663650386,36.080360412597656,8162400,0.0,0.0
2022-07-28 00:00:00-04:00,39.51397452094506,39.51397452094506,37.824560549817114,38.363346099853516,7419500,0.0,0.0
2022-07-29 00:00:00-04:00,38.72861904323324,39.67834315091984,37.87021657103431,39.25827407836914,4143900,0.0,0.0
2022-08-01 00:00:00-04:00,39.32220959252871,39.94318297084567,38.78342396968208,39.212623596191406,2646300,0.0,0.0
2022-08-02 00:00:00-04:00,39.83359028459039,40.72852153631937,38.5277203245255,38.555118560791016,3569500,0.0,0.0
2022-08-03 00:00:00-04:00,38.81081044544849,38.92952684103263,37.778898509971434,38.91126251220703,3506400,0.0,0.0
2022-08-04 00:00:00-04:00,39.26740636578502,40.72851776736523,39.084766569696406,39.96143341064453,4050100,0.0,0.0
2022-08-05 00:00:00-04:00,38.98431987900641,39.742273917959054,38.37248048390811,39.68748092651367,2748400,0.0,0.0
2022-08-08 00:00:00-04:00,40.56414826753187,41.49560822942359,40.35411369037465,41.09380340576172,3511100,0.0,0.0
2022-08-09 00:00:00-04:00,41.50473881728045,41.723903800454266,40.6006736818858,41.029876708984375,1830500,0.0,0.0
2022-08-10 00:00:00-04:00,41.28556714960243,42.901923580340046,40.947685794659954,41.9248046875,3615800,0.0,0.0
2022-08-11 00:00:00-04:00,42.15310827808825,42.15310827808825,40.91116171881785,41.00248336791992,2031900,0.0,0.0
2022-08-12 00:00:00-04:00,41.386012909810674,42.26267960819834,41.23990179341273,42.244415283203125,1904600,0.0,0.0
2022-08-15 00:00:00-04:00,41.27643896975038,41.641715094417314,40.89289503275091,41.504737854003906,1870200,0.0,0.0
2022-08-16 00:00:00-04:00,41.45907736604147,41.596054601803544,40.637200017211434,41.53213119506836,2285600,0.0,0.0
2022-08-17 00:00:00-04:00,41.2033798128259,41.29470145258381,39.84272047429452,39.860984802246094,2717000,0.0,0.0
2022-08-18 00:00:00-04:00,39.80619616571687,40.56414669888102,39.80619616571687,40.326717376708984,1496400,0.0,0.0
2022-08-19 00:00:00-04:00,40.06188874460383,40.189735567238046,39.50483888864216,39.92491149902344,3939300,0.0,0.0
2022-08-22 00:00:00-04:00,39.322200674635106,40.50935416386548,39.157825200973186,40.445430755615234,2601900,0.0,0.0
2022-08-23 00:00:00-04:00,40.691995765332294,42.12571252844832,40.58240978900261,41.04814147949219,3008700,0.0,0.0
2022-08-24 00:00:00-04:00,40.86550152045441,41.824356166679515,40.6828617108009,41.74216842651367,2336900,0.0,0.0
2022-08-25 00:00:00-04:00,42.22616352627755,42.22616352627755,41.112063846829265,41.60519027709961,1947500,0.0,0.0
2022-08-26 00:00:00-04:00,41.705632724897825,42.06178186118212,39.386119029765766,39.77879333496094,2519500,0.0,0.0
2022-08-29 00:00:00-04:00,39.55049643453659,40.2262591208576,39.35872274135947,39.787925720214844,1416600,0.0,0.0
2022-08-30 00:00:00-04:00,39.63268718113508,39.71487491773328,38.47292844627807,38.628170013427734,2179200,0.0,0.0
2022-08-31 00:00:00-04:00,38.572864340594464,38.84022012291973,37.909085437392754,37.99205780029297,2856400,0.4,0.0
2022-09-01 00:00:00-04:00,37.254526513659094,37.73392198294941,36.89498079089664,37.05170440673828,3458200,0.0,0.0
2022-09-02 00:00:00-04:00,37.89987353584679,38.90475962983368,37.402039283745744,38.314735412597656,2566600,0.0,0.0
2022-09-06 00:00:00-04:00,38.370033517748034,39.09834592490222,37.77079193666783,37.81688690185547,2139900,0.0,0.0
2022-09-07 00:00:00-04:00,37.66938410327009,39.38414368175868,37.37437208082267,39.107566833496094,2558900,0.0,0.0
2022-09-08 00:00:00-04:00,38.64661052242094,39.68837371604915,38.55442058322726,39.59618377685547,2314700,0.0,0.0
2022-09-09 00:00:00-04:00,40.269176787584584,40.785449547309675,40.10323209755939,40.66559982299805,2125300,0.0,0.0
2022-09-12 00:00:00-04:00,41.77189805207736,41.79033674237481,41.08046299161573,41.32938003540039,2254900,0.0,0.0
2022-09-13 00:00:00-04:00,39.90041425334476,40.72091668711987,39.33804646835621,39.46711730957031,3003600,0.0,0.0
2022-09-14 00:00:00-04:00,39.697600474798726,40.296842198558345,39.45790097183787,39.64228439331055,1744800,0.0,0.0
2022-09-15 00:00:00-04:00,39.31039042704613,39.365706502186626,37.19920770293176,37.87220764160156,4425600,0.0,0.0
2022-09-16 00:00:00-04:00,37.39280818215271,38.82177322632192,37.07935749040807,38.425350189208984,3676300,0.0,0.0
2022-09-19 00:00:00-04:00,37.687829158369546,38.6466166348174,37.35593969786704,38.62818145751953,2636800,0.0,0.0
2022-09-20 00:00:00-04:00,37.899858125071006,37.99204805271987,37.11622967277442,37.918296813964844,2336100,0.0,0.0
2022-09-21 00:00:00-04:00,38.259409895756974,38.89552893881164,37.0793617520657,37.899864196777344,2827200,0.0,0.0
2022-09-22 00:00:00-04:00,38.10268018608288,38.67426547451052,37.669379789128534,37.918296813964844,2116800,0.0,0.0
2022-09-23 00:00:00-04:00,36.97795213663722,37.01482952176023,35.2170974404555,36.019161224365234,4053400,0.0,0.0
2022-09-26 00:00:00-04:00,35.74258817478794,36.019161531930074,33.82500633386988,34.60863494873047,4806900,0.0,0.0
2022-09-27 00:00:00-04:00,35.134120367686805,35.70570569310818,34.48878028191659,34.71004104614258,2797000,0.0,0.0
2022-09-28 00:00:00-04:00,35.78868417649891,37.549538938311464,35.724150508538855,37.540321350097656,4469500,0.0,0.0
2022-09-29 00:00:00-04:00,37.07935939994247,38.35159740534758,36.86731973237495,38.19487380981445,3989200,0.0,0.0
2022-09-30 00:00:00-04:00,38.48988931325602,39.88197717574741,38.20409485709007,38.93240737915039,3742800,0.0,0.0
2022-10-03 00:00:00-04:00,39.789796074192196,40.67483240268209,39.51322266114182,40.63795852661133,3463600,0.0,0.0
2022-10-04 00:00:00-04:00,41.449220652777804,42.49098365464492,41.25561970601545,41.86408233642578,3909200,0.0,0.0
2022-10-05 00:00:00-04:00,40.822324831953594,41.11733684298255,39.91885010857483,40.96061325073242,4233700,0.0,0.0
2022-10-06 00:00:00-04:00,40.63794111257597,41.67970063921511,40.564186358396086,41.60594940185547,2572900,0.0,0.0
2022-10-07 00:00:00-04:00,40.96061248122003,41.29250186659767,39.245853001315915,39.310386657714844,3326300,0.0,0.0
2022-10-10 00:00:00-04:00,39.13522650054206,39.74368923445433,38.674269777371535,38.80333709716797,2446900,0.0,0.0
2022-10-11 00:00:00-04:00,38.78489484114715,39.35648014062916,38.20408843862973,38.250186920166016,3014400,0.0,0.0
2022-10-12 00:00:00-04:00,38.21331012732117,38.91396274547404,37.95517199067922,38.67426681518555,1860600,0.0,0.0
2022-10-13 00:00:00-04:00,37.3467140830564,38.73880542798809,36.17588704083875,38.57286071777344,3187600,0.0,0.0
2022-10-14 00:00:00-04:00,38.29628631195117,38.32394259061372,36.95029349245531,36.98716735839844,2141000,0.0,0.0
2022-10-17 00:00:00-04:00,37.9920508794603,38.867869324569675,37.982833292737716,38.139556884765625,2432100,0.0,0.0
2022-10-18 00:00:00-04:00,38.69271343547877,38.821780771844175,37.94596218202316,38.517547607421875,2102400,0.0,0.0
2022-10-19 00:00:00-04:00,37.71547454833967,37.79844688950163,37.097794299438625,37.24530029296875,1909500,0.0,0.0
2022-10-20 00:00:00-04:00,37.31905352932563,38.60051257612961,36.95950787064773,37.78001022338867,2484900,0.0,0.0
2022-10-21 00:00:00-04:00,37.92751684789892,39.81743862124142,37.78923194750052,39.706809997558594,2637900,0.0,0.0
2022-10-24 00:00:00-04:00,39.07069467488164,39.40258409383683,38.30550479042154,39.033817291259766,2220500,0.0,0.0
2022-10-25 00:00:00-04:00,39.098356764953294,39.82666937403274,38.978507008780646,39.66072463989258,1868300,0.0,0.0
2022-10-26 00:00:00-04:00,40.342924201873004,41.76267151880476,40.19541821549179,41.310935974121094,3444800,0.0,0.0
2022-10-27 00:00:00-04:00,40.79466842359526,42.195977229881855,40.656380005261624,41.42156982421875,3566700,0.0,0.0
2022-10-28 00:00:00-04:00,40.84997977808511,41.65204336808695,40.60106276391485,41.642822265625,2006000,0.0,0.0
2022-10-31 00:00:00-04:00,41.02514346333908,41.53219509491516,40.45355817957077,40.52730941772461,2031300,0.0,0.0
2022-11-01 00:00:00-04:00,41.79955796922636,42.26051471634319,41.532202211861595,42.18675994873047,4041400,0.0,0.0
2022-11-02 00:00:00-04:00,42.4080129926968,42.62927373832047,38.85864809460136,38.99693298339844,4235300,0.0,0.0
2022-11-03 00:00:00-04:00,38.45301060488301,39.11678943928565,37.81689156646106,37.87220764160156,3326000,0.0,0.0
2022-11-04 00:00:00-04:00,39.7990028912324,40.14011340792395,37.62329005182091,40.020263671875,7163300,0.0,0.0
2022-11-07 00:00:00-05:00,40.46278159472709,40.54575394761609,38.913966685346274,39.716033935546875,3642400,0.0,0.0
2022-11-08 00:00:00-05:00,39.78978347434076,43.09945282673506,39.34726545022377,42.05768966674805,6550600,0.0,0.0
2022-11-09 00:00:00-05:00,41.9470544976731,42.444888515968024,40.45355595960843,40.73012924194336,6690800,0.0,0.0
2022-11-10 00:00:00-05:00,42.583184699637776,44.13199971192879,42.40802239493167,43.919960021972656,4920700,0.0,0.0
2022-11-11 00:00:00-05:00,44.03057789257181,45.06312332612222,43.53274738073233,44.897178649902344,4572100,0.0,0.0
2022-11-14 00:00:00-05:00,44.55608068290832,45.40423940607469,44.55608068290832,44.82343292236328,2715500,0.0,0.0
2022-11-15 00:00:00-05:00,45.173759624576675,45.358143020286036,43.98449041491308,44.34403610229492,2730600,0.0,0.0
2022-11-16 00:00:00-05:00,44.17809225875362,44.712803765048825,43.88308022659793,44.03058624267578,2085400,0.0,0.0
2022-11-17 00:00:00-05:00,43.05336136108842,43.59729046938561,42.915072928692844,43.53275680541992,2135300,0.0,0.0
2022-11-18 00:00:00-05:00,43.52353048591298,44.141214288628426,43.228518481183976,44.002925872802734,2527100,0.0,0.0
2022-11-21 00:00:00-05:00,43.73557452286028,44.159657399330925,42.78600475737906,43.66182327270508,1730900,0.0,0.0
2022-11-22 00:00:00-05:00,44.15966019592506,45.32126971479494,43.91074311684844,45.29361343383789,2846100,0.0,0.0
2022-11-23 00:00:00-05:00,45.247520472260284,46.09567928299317,44.814219961617354,45.92051696777344,2352800,0.0,0.0
2022-11-25 00:00:00-05:00,46.02192123606929,46.45522171590608,45.855980037923885,45.975826263427734,940400,0.0,0.0
2022-11-28 00:00:00-05:00,45.67159907462254,46.34459555830298,44.620618168140176,44.63905334472656,2658500,0.0,0.0
2022-11-29 00:00:00-05:00,45.21985523580376,46.160207402123,45.10000549936933,45.9942626953125,4600800,0.0,0.0
2022-11-30 00:00:00-05:00,46.709872577799686,47.397604079249675,45.69686481939414,46.812103271484375,3207400,0.4,0.0
2022-12-01 00:00:00-05:00,48.05745926482351,48.828833851786456,47.59277680383257,48.48496627807617,4908900,0.0,0.0
2022-12-02 00:00:00-05:00,47.45336447680227,48.354845855782926,47.02585400583478,48.11321258544922,2125900,0.0,0.0
2022-12-05 00:00:00-05:00,47.834405335570224,47.89016495221782,46.51470553273534,46.793514251708984,2470900,0.0,0.0
2022-12-06 00:00:00-05:00,47.4254800851792,47.574178297183735,46.74704427133073,47.20243453979492,3983800,0.0,0.0
2022-12-07 00:00:00-05:00,47.67641369896489,48.56860305925012,47.546303193745636,48.22473907470703,3760100,0.0,0.0
2022-12-08 00:00:00-05:00,48.652242286306766,48.893879101885574,47.94592665012392,48.11321258544922,2111600,0.0,0.0
2022-12-09 00:00:00-05:00,48.32696931131377,48.71730082326431,47.295373822236854,47.3232536315918,2126200,0.0,0.0
2022-12-12 00:00:00-05:00,46.75634105833657,47.69499788005998,46.60764284266023,47.667118072509766,2321300,0.0,0.0
2022-12-13 00:00:00-05:00,49.11691744244071,49.6559506094204,47.95521169834093,49.12621307373047,3497000,0.0,0.0
2022-12-14 00:00:00-05:00,48.84740811361479,49.572311418503155,48.27119946820854,48.903167724609375,2359800,0.0,0.0
2022-12-15 00:00:00-05:00,47.6299479955569,47.80652603866668,46.86786911124763,46.90504455566406,2543200,0.0,0.0
2022-12-16 00:00:00-05:00,46.73775780145604,48.020278704672194,46.570471849689504,47.453369140625,4443300,0.0,0.0
2022-12-19 00:00:00-05:00,47.434778917001466,47.787934978553686,46.45894661332619,46.747047424316406,2157000,0.0,0.0
2022-12-20 00:00:00-05:00,47.41619759520705,48.72660196161726,47.36973005928386,48.354854583740234,2843100,0.0,0.0
2022-12-21 00:00:00-05:00,48.70800461175528,49.20056677663557,48.42919590607295,48.60577392578125,2001800,0.0,0.0
2022-12-22 00:00:00-05:00,47.95521873753306,48.55930723123498,47.51841972440154,48.11321258544922,2316700,0.0,0.0
2022-12-23 00:00:00-05:00,48.34555034319445,49.191272047312495,47.67640664930067,48.903167724609375,2074300,0.0,0.0
2022-12-27 00:00:00-05:00,49.07046619592328,50.26934777230147,48.86600832791967,49.75819778442383,2087400,0.0,0.0
2022-12-28 00:00:00-05:00,49.43291772528873,49.600203690808826,48.26191951189384,48.354854583740234,1819300,0.0,0.0
2022-12-29 00:00:00-05:00,48.66153919150509,49.03328296675879,48.40131819430299,48.466373443603516,1808100,0.0,0.0
2022-12-30 00:00:00-05:00,48.484962771117615,48.708011896168095,47.9087575538351,48.31768035888672,1856600,0.0,0.0
2023-01-03 00:00:00-05:00,49.08904767380448,50.31580890672783,49.04258014359055,49.77677917480469,2857800,0.0,0.0
2023-01-04 00:00:00-05:00,50.70613958491825,51.830670027194394,50.55744137391682,51.561153411865234,4250700,0.0,0.0
2023-01-05 00:00:00-05:00,50.799083042237534,50.929193555235464,49.94406907382509,50.67826461791992,3138700,0.0,0.0
2023-01-06 00:00:00-05:00,51.2544712283018,51.895731677653345,50.67826248746894,51.37528610229492,2986100,0.0,0.0
2023-01-09 00:00:00-05:00,51.672673063341016,52.146651019640935,50.73401632781251,50.84553909301758,2508200,0.0,0.0
2023-01-10 00:00:00-05:00,50.873437048952816,51.36599931983027,50.56674492503196,51.33811950683594,2409000,0.0,0.0
2023-01-11 00:00:00-05:00,51.35670133309281,51.53328292795791,50.25075841027391,50.68756103515625,3262100,0.0,0.0
2023-01-12 00:00:00-05:00,51.486810534692594,51.66338856764892,50.28792911054118,51.29164123535156,2846000,0.0,0.0
2023-01-13 00:00:00-05:00,51.29163616970692,52.174533337782826,51.17082131210066,51.997955322265625,2917600,0.0,0.0
2023-01-17 00:00:00-05:00,51.57975310005298,51.67268817402682,50.44592676229387,50.72473907470703,2631400,0.0,0.0
2023-01-18 00:00:00-05:00,51.235883147217066,51.533279603837876,50.380865675498185,50.529563903808594,2450000,0.0,0.0
2023-01-19 00:00:00-05:00,50.641082376859096,51.9886583107968,50.52955606399588,51.58903121948242,2782200,0.0,0.0
2023-01-20 00:00:00-05:00,51.2730553256306,52.31394647473858,50.93848696903743,52.267478942871094,2096300,0.0,0.0
2023-01-23 00:00:00-05:00,51.71915523719267,52.45335077312205,51.53328155844332,52.406883239746094,2533900,0.0,0.0
2023-01-24 00:00:00-05:00,52.03513356294205,53.31765435675217,51.79349674422758,53.27118682861328,2611900,0.0,0.0
2023-01-25 00:00:00-05:00,52.918026490307625,53.97750526132227,52.704273027673864,53.81951141357422,2072000,0.0,0.0
2023-01-26 00:00:00-05:00,53.7172865908413,53.75446203498734,52.67639897147064,53.06673049926758,1770400,0.0,0.0
2023-01-27 00:00:00-05:00,52.797214320259144,53.12249057449671,52.34182401908127,52.85297393798828,2025800,0.0,0.0
2023-01-30 00:00:00-05:00,52.65780910301845,53.10390377885123,51.97007759533124,52.025840759277344,2458800,0.0,0.0
2023-01-31 00:00:00-05:00,51.81208463751562,52.499816110100824,51.64479869946098,52.49052047729492,3436300,0.0,0.0
2023-02-01 00:00:00-05:00,52.416169305323244,53.522111996868375,51.65409055228459,53.15966033935547,3264100,0.0,0.0
2023-02-02 00:00:00-05:00,53.04814045286515,53.159663227718205,50.9942417066212,51.077884674072266,3050900,0.0,0.0
2023-02-03 00:00:00-05:00,49.71172143192781,49.971942424279916,48.419901467156016,48.73588562011719,4036000,0.0,0.0
2023-02-06 00:00:00-05:00,48.53142778837417,48.95893471730837,47.955219097815764,48.73588562011719,3246400,0.0,0.0
2023-02-07 00:00:00-05:00,48.86600671292498,49.628085624991705,48.47567162282618,49.06117248535156,2162500,0.0,0.0
2023-02-08 00:00:00-05:00,49.24704348400399,49.33068645980453,48.68013037527201,48.968231201171875,1538900,0.0,0.0
2023-02-09 00:00:00-05:00,49.58161170810169,49.832540634825875,47.732177702414994,47.89946365356445,2361500,0.0,0.0
2023-02-10 00:00:00-05:00,48.243326995029406,48.243326995029406,47.2489069350463,47.611358642578125,1920700,0.0,0.0
2023-02-13 00:00:00-05:00,47.30466510309553,47.88087022996914,46.97009324063827,47.648529052734375,1252900,0.0,0.0
2023-02-14 00:00:00-05:00,47.295366376137544,48.094620540769206,46.839979683890526,47.43477249145508,1907500,0.0,0.0
2023-02-15 00:00:00-05:00,46.44036646138851,46.47753836402141,45.16713396088542,45.678287506103516,3727300,0.0,0.0
2023-02-16 00:00:00-05:00,45.12066056989281,46.050025374814375,44.23776329616825,45.817684173583984,3164300,0.0,0.0
2023-02-17 00:00:00-05:00,43.48498032963575,43.587211026019396,41.39390950622802,42.964534759521484,10374400,0.0,0.0
2023-02-21 00:00:00-05:00,42.79724687612453,43.79166689470112,42.66713637578669,43.21546173095703,5017300,0.0,0.0
2023-02-22 00:00:00-05:00,43.029591047776904,43.029591047776904,41.83070956265652,42.19316482543945,3720000,0.0,0.0
2023-02-23 00:00:00-05:00,42.118801728295004,42.853000584215735,42.04445440675255,42.18385696411133,3157100,0.0,0.0
2023-02-24 00:00:00-05:00,41.59836184923239,42.23962575251235,41.3474365034432,42.21174240112305,3035800,0.0,0.0
2023-02-27 00:00:00-05:00,42.369742497779875,43.03888630600921,42.369742497779875,42.69501876831055,2704400,0.0,0.0
2023-02-28 00:00:00-05:00,42.90127833484433,43.51067294591629,42.42314064373992,43.15441131591797,2855200,0.4,0.0
2023-03-01 00:00:00-05:00,43.89505068686474,44.41069025426906,43.48253974821822,43.970054626464844,3210300,0.0,0.0
2023-03-02 00:00:00-05:00,43.52004127963751,44.18568877423842,43.435667206080645,44.17631149291992,2234900,0.0,0.0
2023-03-03 00:00:00-05:00,44.560694184839136,44.78570242537512,44.23256089279151,44.738826751708984,2321200,0.0,0.0
2023-03-06 00:00:00-05:00,44.27006776460046,44.72945442433811,44.157561843681606,44.36381912231445,2092200,0.0,0.0
2023-03-07 00:00:00-05:00,43.8481712113527,43.988798221334086,42.554381976494525,42.63875961303711,2719700,0.0,0.0
2023-03-08 00:00:00-05:00,42.79813936070085,43.10752163059657,41.71060741177438,41.973114013671875,2837100,0.0,0.0
2023-03-09 00:00:00-05:00,42.470016213290855,42.81690055988463,41.91687456939979,42.1512565612793,2331800,0.0,0.0
2023-03-10 00:00:00-05:00,42.97627544629108,44.0638075753071,42.36688093224887,42.58251190185547,3283600,0.0,0.0
2023-03-13 00:00:00-04:00,44.485699668232954,45.32009892884865,44.16694003847565,44.75758361816406,5235000,0.0,0.0
2023-03-14 00:00:00-04:00,44.888830024841134,45.188838621092636,44.326311224581154,44.870079040527344,2815200,0.0,0.0
2023-03-15 00:00:00-04:00,45.6107296948563,45.845111648938015,44.448193629001665,45.16071319580078,5517500,0.0,0.0
2023-03-16 00:00:00-04:00,45.23571713777163,45.30134379880373,44.204437970365994,45.16071319580078,3151500,0.0,0.0
2023-03-17 00:00:00-04:00,45.7419787818599,48.02954515440263,45.46072117827927,47.663909912109375,9434600,0.0,0.0
2023-03-20 00:00:00-04:00,48.263932035617984,48.498313992032045,47.392030871646874,47.692039489746094,3979800,0.0,0.0
2023-03-21 00:00:00-04:00,46.81076327181187,46.913891901882955,45.938862132973235,46.37950134277344,3106900,0.0,0.0
2023-03-22 00:00:00-04:00,46.62325531942571,47.832666994482,46.45450003563253,47.12014389038086,3610500,0.0,0.0
2023-03-23 00:00:00-04:00,47.57015958026168,48.51706103358821,47.26077370628146,47.935794830322266,3240500,0.0,0.0
2023-03-24 00:00:00-04:00,48.24518163521889,48.84519887869635,47.532662052685616,48.451438903808594,3163900,0.0,0.0
2023-03-27 00:00:00-04:00,47.392026693381936,48.423309356512846,47.13889377360575,48.301429748535156,1932200,0.0,0.0
2023-03-28 00:00:00-04:00,48.62956781442699,49.00458037909171,47.95455020496931,48.97645568847656,1811400,0.0,0.0
2023-03-29 00:00:00-04:00,48.507689117512214,49.00457769858648,48.12330286912964,48.47956085205078,2387900,0.0,0.0
2023-03-30 00:00:00-04:00,48.798322202302124,49.01395317123476,47.92642104561788,48.1795539855957,3446700,0.0,0.0
2023-03-31 00:00:00-04:00,48.20768565180022,48.47019591071949,47.53266795722931,47.78580093383789,3694400,0.0,0.0
2023-04-03 00:00:00-04:00,48.01080031670769,49.68897602572005,47.59828935040783,49.24833679199219,5376400,0.0,0.0
2023-04-04 00:00:00-04:00,49.276463722753554,52.070296209437075,49.08895744265447,51.920291900634766,6261700,0.0,0.0
2023-04-05 00:00:00-04:00,52.27655512444522,52.82969673901878,51.59216017359745,52.42655944824219,4230700,0.0,0.0
2023-04-06 00:00:00-04:00,52.02342418956874,53.07345442497808,51.78904221706937,53.00782775878906,2573000,0.0,0.0
2023-04-10 00:00:00-04:00,52.1734282192177,52.801570185363374,51.63903761099718,52.68906784057617,2518200,0.0,0.0
2023-04-11 00:00:00-04:00,52.80156734687866,54.160983422024856,52.754691670436,53.24220657348633,3086500,0.0,0.0
2023-04-12 00:00:00-04:00,54.30161174955995,54.573495686366186,53.34533648283622,54.11410903930664,3467500,0.0,0.0
2023-04-13 00:00:00-04:00,54.836008207115874,55.811034500840364,54.479746605271,55.57665252685547,4421400,0.0,0.0
2023-04-14 00:00:00-04:00,54.61099033488022,55.164131839267434,53.61720965244665,54.71411895751953,3311800,0.0,0.0
2023-04-17 00:00:00-04:00,54.30160931706647,54.37661325891589,53.33595681225645,53.898475646972656,2407700,0.0,0.0
2023-04-18 00:00:00-04:00,54.085982591658805,55.11726541467954,53.65472062134826,53.692222595214844,2341100,0.0,0.0
2023-04-19 00:00:00-04:00,52.754683025776885,53.3922021348074,52.445297174460194,52.810935974121094,2240100,0.0,0.0
2023-04-20 00:00:00-04:00,53.307833913656275,53.86097548603715,52.99844800770778,53.19533157348633,2062600,0.0,0.0
2023-04-21 00:00:00-04:00,53.064078242722914,53.364086887627096,52.14530132065572,52.754695892333984,2277600,0.0,0.0
2023-04-24 00:00:00-04:00,52.75469136396468,52.8109443212,52.17342511140584,52.642189025878906,2014500,0.0,0.0
2023-04-25 00:00:00-04:00,52.40781089211413,53.017201879557014,51.99529632839606,52.801570892333984,2290500,0.0,0.0
2023-04-26 00:00:00-04:00,53.37346355826792,53.5515925715195,52.36093171102289,52.398433685302734,1873200,0.0,0.0
2023-04-27 00:00:00-04:00,52.11717113350625,53.082823633966235,51.84528721010409,53.0546989440918,1996700,0.0,0.0
2023-04-28 00:00:00-04:00,53.43908033316771,55.248509128805026,53.157822730901614,53.18594741821289,3431300,0.0,0.0
2023-05-01 00:00:00-04:00,54.04848589330252,54.189112935145516,52.4171857426734,52.42655944824219,1973500,0.0,0.0
2023-05-02 00:00:00-04:00,52.426542984689746,54.517232732122665,52.220289339479656,54.49848175048828,3431400,0.0,0.0
2023-05-03 00:00:00-04:00,54.60162043227369,54.92038002608365,53.94535025956088,54.432865142822266,2632400,0.0,0.0
2023-05-04 00:00:00-04:00,54.87350266690669,57.3298281529876,54.87350266690669,56.62668228149414,5894300,0.0,0.0
2023-05-05 00:00:00-04:00,55.33288813962266,56.86105937089925,55.01412856211192,56.07353591918945,3025800,0.0,0.0
2023-05-08 00:00:00-04:00,56.29854520845517,56.43917581284024,55.43602132562224,55.66102600097656,1745000,0.0,0.0
2023-05-09 00:00:00-04:00,55.55788801371833,56.33603769456571,55.39851002687541,56.20478439331055,1795300,0.0,0.0
2023-05-10 00:00:00-04:00,56.3735445551223,56.429793931182544,55.07975525996856,55.548519134521484,1876700,0.0,0.0
2023-05-11 00:00:00-04:00,54.732872827556825,55.27663708053255,53.157825870189384,53.232826232910156,3032300,0.0,0.0
2023-05-12 00:00:00-04:00,53.04532246716579,53.49533536356063,52.66093265158658,53.2047004699707,2099700,0.0,0.0
2023-05-15 00:00:00-04:00,53.51408835720002,54.06722632397433,53.373457757128264,53.748470306396484,1627000,0.0,0.0
2023-05-16 00:00:00-04:00,53.59845833160126,53.992221835894746,52.135917369214,52.37967300415039,2164900,0.0,0.0
2023-05-17 00:00:00-04:00,52.37967188711412,52.45467582019316,51.310890875428484,51.667152404785156,2691500,0.0,0.0
2023-05-18 00:00:00-04:00,50.73900181235961,50.8327567350081,49.80147404418246,50.38274383544922,2886000,0.0,0.0
2023-05-19 00:00:00-04:00,50.42962027396276,51.22651745845418,49.77335011100148,50.654624938964844,2544200,0.0,0.0
2023-05-22 00:00:00-04:00,50.5327568946958,50.79526357084547,50.120242316306054,50.12961959838867,1360200,0.0,0.0
2023-05-23 00:00:00-04:00,49.78272833748212,50.514002506129536,49.623350316659796,50.08273696899414,1940000,0.0,0.0
2023-05-24 00:00:00-04:00,50.213984703318474,50.363988991677054,48.732689226441224,48.77019119262695,2451000,0.0,0.0
2023-05-25 00:00:00-04:00,48.46081370603039,48.58269332899215,47.7107921346983,47.917049407958984,2204900,0.0,0.0
2023-05-26 00:00:00-04:00,48.62019255896397,48.83582352503403,47.72954042858086,47.82329177856445,2030600,0.0,0.0
2023-05-30 00:00:00-04:00,47.945169324882585,48.10455090463597,46.688881976858106,47.12014389038086,6524100,0.0,0.0
2023-05-31 00:00:00-04:00,47.15794537274013,48.66057338968522,47.13904396059969,47.989585876464844,6278700,0.4,0.0
2023-06-01 00:00:00-04:00,48.12189947684405,49.775735437424196,48.06519883687299,49.47332000732422,3179500,0.0,0.0
2023-06-02 00:00:00-04:00,49.51111905040344,50.03089530581443,48.632223147313056,49.095298767089844,2483000,0.0,0.0
2023-06-05 00:00:00-04:00,48.76452830334426,49.47331507289912,48.76452830334426,49.227603912353516,1627100,0.0,0.0
2023-06-06 00:00:00-04:00,49.095300100316614,49.27485812649435,48.63222446796459,49.16145324707031,1833800,0.0,0.0
2023-06-07 00:00:00-04:00,49.46387091563932,49.80408917448663,47.85728669612499,47.96124267578125,3020300,0.0,0.0
2023-06-08 00:00:00-04:00,48.622777871725695,49.21815982584963,48.39596449703401,48.717281341552734,2662600,0.0,0.0
2023-06-09 00:00:00-04:00,48.462114204853926,48.68892756343595,47.95179045692742,48.169151306152344,1884700,0.0,0.0
2023-06-12 00:00:00-04:00,47.98014664542385,48.206956426680996,47.507622061882245,48.084102630615234,1827200,0.0,0.0
2023-06-13 00:00:00-04:00,48.53772532408473,48.726735876670396,47.15795441883933,47.30916213989258,2247100,0.0,0.0
2023-06-14 00:00:00-04:00,48.027391627235396,48.178599328496794,46.921685987713175,47.38475799560547,1965400,0.0,0.0
2023-06-15 00:00:00-04:00,47.24300810193651,47.828937559403215,46.88388841926113,47.649375915527344,2402100,0.0,0.0
2023-06-16 00:00:00-04:00,47.970688775238266,48.58497210724026,47.46981392627041,48.19750213623047,3138800,0.0,0.0
2023-06-20 00:00:00-04:00,47.44146168197603,47.592669381473264,46.05223846435547,46.05223846435547,3109900,0.0,0.0
2023-06-21 00:00:00-04:00,45.92938931837837,46.64762872359802,45.230054934696504,46.4586181640625,1991900,0.0,0.0
2023-06-22 00:00:00-04:00,45.834880763318665,46.420810188397496,45.645870224722735,46.392459869384766,2358100,0.0,0.0
2023-06-23 00:00:00-04:00,46.82718584773951,46.99729498745493,46.11839896728409,46.4113655090332,1734200,0.0,0.0
2023-06-26 00:00:00-04:00,46.675975725533924,46.89333659176137,45.8915868261111,46.48696517944336,2166600,0.0,0.0
2023-06-27 00:00:00-04:00,46.60982291309561,46.798833460556544,45.551368894421245,46.316856384277344,1759200,0.0,0.0
2023-06-28 00:00:00-04:00,45.88212451074467,46.00498188020967,45.52300491042612,45.81597137451172,1752500,0.0,0.0
2023-06-29 00:00:00-04:00,45.36235137848655,46.543662612301304,45.21114368476129,46.52476119995117,2100400,0.0,0.0
2023-06-30 00:00:00-04:00,46.67597571207349,47.243007350181664,46.45861484590873,47.23355484008789,2128300,0.0,0.0
2023-07-03 00:00:00-04:00,47.2335538435781,47.83838469407202,46.98784266246854,47.74388122558594,1202700,0.0,0.0
2023-07-05 00:00:00-04:00,47.54541362821883,47.724971629592055,46.581463273586316,46.600364685058594,2318100,0.0,0.0
2023-07-06 00:00:00-04:00,46.28850598163706,46.37356054758944,45.3812596815292,45.56081771850586,2325900,0.0,0.0
2023-07-07 00:00:00-04:00,45.86323281416216,46.515319016687585,45.693123683509995,45.730926513671875,2509100,0.0,0.0
2023-07-10 00:00:00-04:00,45.645873405387405,46.874436584254596,45.5041181953699,46.742130279541016,2218100,0.0,0.0
2023-07-11 00:00:00-04:00,46.95948501686035,47.441462041146444,46.70432134607523,47.18629837036133,1705700,0.0,0.0
2023-07-12 00:00:00-04:00,47.81948291343848,50.068700775943135,47.81948291343848,49.785186767578125,3137800,0.0,0.0
2023-07-13 00:00:00-04:00,50.040351967771585,50.37111772000668,49.92694708201617,50.049800872802734,2104700,0.0,0.0
2023-07-14 00:00:00-04:00,49.964743148398675,50.257709656911224,49.397715150393324,49.70957946777344,1754500,0.0,0.0
2023-07-17 00:00:00-04:00,49.28431854636312,50.068707528800815,49.11420939738594,49.73794174194336,1142000,0.0,0.0
2023-07-18 00:00:00-04:00,50.182105112581596,51.32561724850503,49.95529535038646,50.88144302368164,2120900,0.0,0.0
2023-07-19 00:00:00-04:00,50.81529228579152,51.240565116420555,50.44672370093848,50.62628173828125,1641600,0.0,0.0
2023-07-20 00:00:00-04:00,50.48451767353029,50.56012332669827,49.05749521820644,49.06694412231445,2422300,0.0,0.0
2023-07-21 00:00:00-04:00,48.802331129605406,49.29375705577256,48.56606887308712,49.227603912353516,1807000,0.0,0.0
2023-07-24 00:00:00-04:00,49.14255123472003,49.397714914124826,48.670026703616955,48.944091796875,1553400,0.0,0.0
2023-07-25 00:00:00-04:00,49.14254985851492,49.72847925125286,48.81178413803607,49.435516357421875,1841400,0.0,0.0
2023-07-26 00:00:00-04:00,49.30320821936962,49.511120168258635,48.83068368467721,49.34101104736328,2100500,0.0,0.0
2023-07-27 00:00:00-04:00,49.80408994979267,49.80408994979267,47.7344300446117,47.810035705566406,2944000,0.0,0.0
2023-07-28 00:00:00-04:00,48.19750825638155,48.764536323249544,47.95179705542583,48.49992370605469,1832400,0.0,0.0
2023-07-31 00:00:00-04:00,48.944092252874995,49.766283935233204,48.78343203616356,49.53002166748047,1829500,0.0,0.0
2023-08-01 00:00:00-04:00,48.64167648784187,48.89684016778418,47.810032301927244,47.82893371582031,2070000,0.0,0.0
2023-08-02 00:00:00-04:00,47.77222911787385,47.79113053162596,45.882131003575566,45.94828414916992,3413800,0.0,0.0
2023-08-03 00:00:00-04:00,45.97664431818779,46.288508674773716,45.31510916729972,45.6931266784668,2652300,0.0,0.0
2023-08-04 00:00:00-04:00,46.127844748029254,46.751576967627344,45.79707542236186,45.89158248901367,2306000,0.0,0.0
2023-08-07 00:00:00-04:00,45.89158073828592,46.004985608865816,45.41905623828119,45.80652618408203,1202000,0.0,0.0
2023-08-08 00:00:00-04:00,45.22059556837082,45.67422228451572,44.98433330603852,45.55136489868164,2073000,0.0,0.0
2023-08-09 00:00:00-04:00,45.825426770985835,45.97663446405977,45.31509945495787,45.76872253417969,1310300,0.0,0.0
2023-08-10 00:00:00-04:00,46.26015573515155,46.49641801816553,45.54191637594632,45.74982833862305,1558000,0.0,0.0
2023-08-11 00:00:00-04:00,45.53246453699277,46.420809366057675,45.48521280444989,46.35465621948242,1192800,0.0,0.0
2023-08-14 00:00:00-04:00,45.76872793066866,45.99553769448433,45.37180543637696,45.47576141357422,1658300,0.0,0.0
2023-08-15 00:00:00-04:00,45.286746071779696,45.409603450447335,44.181040478998376,44.303897857666016,2593400,0.0,0.0
2023-08-16 00:00:00-04:00,44.03929007243161,44.34170551974712,43.273802548635196,43.40610885620117,2531800,0.0,0.0
2023-08-17 00:00:00-04:00,43.58565830356224,43.935329024667894,43.368297468999046,43.91642761230469,2499600,0.0,0.0
2023-08-18 00:00:00-04:00,43.75577020105537,43.86917507739323,43.29269818638142,43.68016815185547,1790400,0.0,0.0
2023-08-21 00:00:00-04:00,43.92588628873972,44.13379826591622,43.321055378855256,44.02039337158203,1445200,0.0,0.0
2023-08-22 00:00:00-04:00,44.31335306272751,44.33225447790845,43.878631328794874,44.23775100708008,1608600,0.0,0.0
2023-08-23 00:00:00-04:00,44.59686143232675,45.693118138451716,44.492909069611095,45.26784896850586,1990800,0.0,0.0
2023-08-24 00:00:00-04:00,44.88038157840154,45.513562720038145,44.59686397550197,45.21114730834961,1789700,0.0,0.0
2023-08-25 00:00:00-04:00,45.21114860671722,45.664771737277114,44.209395273558165,44.71027374267578,1999700,0.0,0.0
2023-08-28 00:00:00-04:00,45.03159177728933,45.86323240293615,44.88983296799148,45.7120246887207,1663600,0.0,0.0
2023-08-29 00:00:00-04:00,45.45686292511342,46.48696664853035,45.44741401979463,46.364112854003906,2042700,0.0,0.0
2023-08-30 00:00:00-04:00,46.77992693697971,47.110692655109794,46.28850100927505,46.4397087097168,1780700,0.0,0.0
2023-08-31 00:00:00-04:00,46.42066142579582,46.76367181223868,45.715584116478546,46.2205696105957,2029600,0.4,0.0
2023-09-01 00:00:00-04:00,46.82083279623801,46.878002399439005,45.83944489992584,45.85850143432617,1306000,0.0,0.0
2023-09-05 00:00:00-04:00,45.35351293784096,46.030007196363144,44.62938279470381,45.03908920288086,3188700,0.0,0.0
2023-09-06 00:00:00-04:00,44.886641192870485,45.27729107190859,44.43882170909666,44.829471588134766,2542900,0.0,0.0
2023-09-07 00:00:00-04:00,44.70560675821273,45.21059585609417,44.58174473098021,44.92475509643555,1952200,0.0,0.0
2023-09-08 00:00:00-04:00,44.991454139196215,45.706057903111464,44.886645005609275,45.13437271118164,1461400,0.0,0.0
2023-09-11 00:00:00-04:00,45.725107523005995,45.95377865745769,45.324927585722314,45.77274703979492,1362700,0.0,0.0
2023-09-12 00:00:00-04:00,45.343988215165616,45.99189587907267,45.172483031504186,45.66794204711914,1905100,0.0,0.0
2023-09-13 00:00:00-04:00,45.744166794732685,45.877562548852396,45.029563039359054,45.10578918457031,1557700,0.0,0.0
2023-09-14 00:00:00-04:00,45.07720962434415,46.16340683354183,45.07720962434415,45.820396423339844,1782700,0.0,0.0
2023-09-15 00:00:00-04:00,46.22056967262813,46.944703519348835,46.09670763765073,46.763671875,4420100,0.0,0.0
2023-09-18 00:00:00-04:00,46.811300200598545,47.51637370753153,46.63026496489433,47.44015121459961,1885300,0.0,0.0
2023-09-19 00:00:00-04:00,47.554497305382036,47.63072344986104,46.62074884349,46.97328567504883,2802300,0.0,0.0
2023-09-20 00:00:00-04:00,47.211481670905385,48.440600853884476,47.11620263557181,47.868919372558594,2427700,0.0,0.0
2023-09-21 00:00:00-04:00,46.830367935268654,47.22101784598338,46.5445235230742,46.763671875,2805800,0.0,0.0
2023-09-22 00:00:00-04:00,47.27817537498774,47.54496320306647,46.487349243933096,46.735076904296875,1839900,0.0,0.0
2023-09-25 00:00:00-04:00,46.56357644812951,46.66838557318361,45.90614234732976,46.28726577758789,1937900,0.0,0.0
2023-09-26 00:00:00-04:00,45.906142625483035,46.07764780667213,44.78183249753781,44.791358947753906,2882700,0.0,0.0
2023-09-27 00:00:00-04:00,44.5912725494331,44.5912725494331,42.599909986362746,43.0477294921875,3709800,0.0,0.0
2023-09-28 00:00:00-04:00,43.17160074267517,43.48602453822277,42.80953378400737,43.438385009765625,2449800,0.0,0.0
2023-09-29 00:00:00-04:00,44.11486390167597,44.257786083279264,42.88574477080621,43.30498123168945,2338500,0.0,0.0
2023-10-02 00:00:00-04:00,42.485574717707465,42.55227077634156,41.40890405957308,41.723331451416016,2882000,0.0,0.0
2023-10-03 00:00:00-04:00,41.58993954973369,42.352182819976306,41.20881609728107,42.16162109375,3720900,0.0,0.0
2023-10-04 00:00:00-04:00,42.266430886436964,42.30454395921127,41.18023375500789,41.34220886230469,3675200,0.0,0.0
2023-10-05 00:00:00-04:00,41.31362491195314,42.275956351763206,41.246928853484256,42.26642990112305,1779500,0.0,0.0
2023-10-06 00:00:00-04:00,42.55226754081092,43.20970162649899,42.13303468489332,42.971500396728516,2687300,0.0,0.0
2023-10-09 00:00:00-04:00,43.743266833288516,44.29589534437424,43.56223523551651,44.15297317504883,2857300,0.0,0.0
2023-10-10 00:00:00-04:00,44.1529750511247,44.61985100738525,43.66704619716216,44.54362487792969,2016000,0.0,0.0
2023-10-11 00:00:00-04:00,45.06767263742278,45.40115654501776,44.56268718564988,45.30587387084961,2542600,0.0,0.0
2023-10-12 00:00:00-04:00,45.30587304968544,45.49643475990546,44.381654752311135,44.53410339355469,1677300,0.0,0.0
2023-10-13 00:00:00-04:00,46.03000571892791,46.620743735262614,45.38209810049801,46.30631637573242,3528300,0.0,0.0
2023-10-16 00:00:00-04:00,46.02048143530031,46.35396537089671,45.65841451238465,45.915672302246094,1711500,0.0,0.0
2023-10-17 00:00:00-04:00,45.925199556040084,47.05903614396488,45.82991687974654,46.992340087890625,2489200,0.0,0.0
2023-10-18 00:00:00-04:00,47.75458376239516,48.069011145050574,46.801778798705996,46.954227447509766,2737000,0.0,0.0
2023-10-19 00:00:00-04:00,46.91611970111289,47.50685778217165,46.51593971192541,47.27818298339844,2789100,0.0,0.0
2023-10-20 00:00:00-04:00,47.4115748856979,48.28815736989757,47.35440891226185,47.44968795776367,4497300,0.0,0.0
2023-10-23 00:00:00-04:00,46.9923363893606,47.56401786347789,45.92519594149931,47.05903244018555,3051800,0.0,0.0
2023-10-24 00:00:00-04:00,46.5826322123981,47.35440551030372,46.477823089078065,47.10667419433594,1549800,0.0,0.0
2023-10-25 00:00:00-04:00,46.97328876512811,47.76411871013972,46.49688623478267,46.50641632080078,3147400,0.0,0.0
2023-10-26 00:00:00-04:00,46.468294081083265,46.66838223204575,44.27684360064795,45.1629524230957,4849000,0.0,0.0
2023-10-27 00:00:00-04:00,45.353514064423294,46.53499379902512,44.81994561980385,46.48735427856445,3629000,0.0,0.0
2023-10-30 00:00:00-04:00,46.48735761148819,46.830367998857156,45.153429134978374,45.37257385253906,3345200,0.0,0.0
2023-10-31 00:00:00-04:00,45.172477865213516,45.51548819330692,44.18155994731301,44.696075439453125,3592600,0.0,0.0
2023-11-01 00:00:00-04:00,44.924754693416205,45.31540457619972,44.229203883781295,44.791358947753906,2631400,0.0,0.0
2023-11-02 00:00:00-04:00,45.42973909983878,45.448795634491994,44.69607887167047,45.34398651123047,2721000,0.0,0.0
2023-11-03 00:00:00-04:00,46.172931199999454,47.392524118383335,45.95378647774724,47.125736236572266,3484400,0.0,0.0
2023-11-06 00:00:00-05:00,46.68744468747146,47.29723930184344,46.68744468747146,46.83989334106445,1943200,0.0,0.0
2023-11-07 00:00:00-05:00,46.14434156926759,46.32537319167735,45.096257633779935,45.896610260009766,2873300,0.0,0.0
2023-11-08 00:00:00-05:00,45.50596082158875,45.896610688608966,44.48645986047105,44.705604553222656,3263400,0.0,0.0
2023-11-09 00:00:00-05:00,44.86758359884126,45.925197636181124,44.33401153789023,45.07720184326172,2177000,0.0,0.0
2023-11-10 00:00:00-05:00,44.68655206057281,44.90569675532043,44.38165477790983,44.8390007019043,1892100,0.0,0.0
2023-11-13 00:00:00-05:00,44.59126524256637,45.15342023671363,44.295898071943526,44.46739959716797,1657200,0.0,0.0
2023-11-14 00:00:00-05:00,45.458322130432315,46.125286305319634,45.19153791434233,45.95378112792969,2120800,0.0,0.0
2023-11-15 00:00:00-05:00,45.696522681900056,46.15386860324736,45.29634636371953,45.55360412597656,1596000,0.0,0.0
2023-11-16 00:00:00-05:00,45.92520006464278,47.15431934247311,45.81086448648676,46.411128997802734,2471000,0.0,0.0
2023-11-17 00:00:00-05:00,46.86847610536809,46.96375878507568,46.00142371067327,46.09670639038086,1647700,0.0,0.0
2023-11-20 00:00:00-05:00,45.63935699220632,46.49687923697276,45.629826907622494,46.296791076660156,1565400,0.0,0.0
2023-11-21 00:00:00-05:00,47.15431534112674,47.983254573076444,47.01139315456271,47.19242477416992,2648900,0.0,0.0
2023-11-22 00:00:00-05:00,47.40204543705904,47.630720220328456,46.92564297035492,47.24007034301758,2225900,0.0,0.0
2023-11-24 00:00:00-05:00,47.30675967020356,47.783162069159644,47.24006362512266,47.46873474121094,1139700,0.0,0.0
2023-11-27 00:00:00-05:00,48.183341362941455,48.564464759884906,47.802217965998004,48.39295959472656,3216400,0.0,0.0
2023-11-28 00:00:00-05:00,48.73597148152911,50.898835379073255,48.73597148152911,50.88930892944336,5349700,0.0,0.0
2023-11-29 00:00:00-05:00,51.15609313502684,51.15609313502684,50.16517881371868,50.88930892944336,3480900,0.0,0.0
2023-11-30 00:00:00-05:00,50.5917174122275,51.59971103491031,50.07331943641731,51.55171203613281,5371700,0.4,0.0
2023-12-01 00:00:00-05:00,51.52290267726188,52.51169949519049,51.302104383340684,52.2140998840332,4517000,0.0,0.0
2023-12-04 00:00:00-05:00,51.359706323194196,51.73410359643847,50.83171007471923,51.36930465698242,4179500,0.0,0.0
2023-12-05 00:00:00-05:00,50.97571793729094,51.215716616208674,50.26532389846441,50.783721923828125,3060100,0.0,0.0
2023-12-06 00:00:00-05:00,51.08130490933432,51.53250348245179,50.63010999830514,50.81250762939453,1980900,0.0,0.0
2023-12-07 00:00:00-05:00,51.11971079421331,51.11971079421331,50.236517548622885,50.4093132019043,2079500,0.0,0.0
2023-12-08 00:00:00-05:00,49.44931982895396,50.19811810103051,48.92132353570387,49.19012451171875,3092800,0.0,0.0
2023-12-11 00:00:00-05:00,48.56612281465103,49.21891937989235,47.96132524289454,49.113319396972656,2652700,0.0,0.0
2023-12-12 00:00:00-05:00,49.19012850423001,49.23812750531426,48.08613316884702,48.2877311706543,2345100,0.0,0.0
2023-12-13 00:00:00-05:00,48.37411703778878,51.465300165370124,48.01892013658526,51.417301177978516,4072700,0.0,0.0
2023-12-14 00:00:00-05:00,52.09890233757909,53.59649508694401,51.93570136709297,52.3484992980957,4113400,0.0,0.0
2023-12-15 00:00:00-05:00,52.16610799753477,52.406106653456064,51.78210868322517,51.849308013916016,4819100,0.0,0.0
2023-12-18 00:00:00-05:00,52.10850368814128,52.41570165521846,51.55170874609713,52.2909049987793,2564800,0.0,0.0
2023-12-19 00:00:00-05:00,52.511701587208535,53.721293085159,52.3677009426982,53.22209548950195,2543200,0.0,0.0
2023-12-20 00:00:00-05:00,53.22210157532905,53.35650390121527,51.897311607536686,51.90690994262695,2253700,0.0,0.0
2023-12-21 00:00:00-05:00,52.847699741161954,53.16449970343827,52.1661044831651,52.44450378417969,1815000,0.0,0.0
2023-12-22 00:00:00-05:00,53.65409298714245,54.172490905397076,53.020496752194056,53.08769607543945,2588300,0.0,0.0
2023-12-26 00:00:00-05:00,53.27969647972379,53.548493776582,52.866898538355244,53.22209548950195,1397800,0.0,0.0
2023-12-27 00:00:00-05:00,53.2124984390542,54.03809434170559,53.18369977429288,53.798095703125,2177800,0.0,0.0
2023-12-28 00:00:00-05:00,53.510104128707155,53.884501461355285,52.71330680058811,52.7805061340332,2042300,0.0,0.0
2023-12-29 00:00:00-05:00,52.59810716367264,52.895703158104716,51.97410918332144,52.655704498291016,1813200,0.0,0.0
2024-01-02 00:00:00-05:00,52.39650252642339,52.895696452918614,51.762902629226495,51.88770294189453,2315100,0.0,0.0
2024-01-03 00:00:00-05:00,50.63971117894247,50.9181104700123,50.092514592819555,50.457313537597656,3085900,0.0,0.0
2024-01-04 00:00:00-05:00,50.41891573053859,50.745314033895134,49.88131744792525,50.47651672363281,3453000,0.0,0.0
2024-01-05 00:00:00-05:00,50.32290781024534,51.56130154192755,50.082909195365296,50.52450942993164,2257800,0.0,0.0
2024-01-08 00:00:00-05:00,49.82371826566125,50.620511832371065,49.64131695868455,50.36131286621094,1604100,0.0,0.0
2024-01-09 00:00:00-05:00,50.495713099644746,50.495713099644746,49.44931886807977,49.506919860839844,1986000,0.0,0.0
2024-01-10 00:00:00-05:00,49.564519858785054,49.996518140593246,49.12291958066523,49.977317810058594,3061900,0.0,0.0
2024-01-11 00:00:00-05:00,50.063719416632,50.39971605885554,48.882922846329286,49.56452178955078,2510900,0.0,0.0
2024-01-12 00:00:00-05:00,50.802907931035215,51.618905465316104,50.23651468329141,50.46691131591797,2493500,0.0,0.0
2024-01-16 00:00:00-05:00,49.64131290053743,49.679713558034194,48.09572122613113,48.19172286987305,4428100,0.0,0.0
2024-01-17 00:00:00-05:00,47.42373414692362,47.77893111936009,46.73253687118674,47.02053451538086,3995400,0.0,0.0
2024-01-18 00:00:00-05:00,47.21253355922178,47.29893321757932,46.78053526743408,47.18373489379883,2381600,0.0,0.0
2024-01-19 00:00:00-05:00,47.318131834195306,47.75013011033146,46.92453421862426,47.36613082885742,2717300,0.0,0.0
2024-01-22 00:00:00-05:00,46.89573094311958,47.42373085998331,46.559734325195826,47.38533020019531,1914300,0.0,0.0
2024-01-23 00:00:00-05:00,47.79812359892611,48.51811942218417,47.49092567396973,48.45092010498047,2405500,0.0,0.0
2024-01-24 00:00:00-05:00,49.391715895874114,49.564515192328486,46.98212774092052,46.991729736328125,3418200,0.0,0.0
2024-01-25 00:00:00-05:00,47.40452957916382,48.13412379005781,47.26052893889171,47.778926849365234,2254300,0.0,0.0
2024-01-26 00:00:00-05:00,48.01892546736364,48.18212277502992,47.37572724623037,47.4045295715332,2199200,0.0,0.0
2024-01-29 00:00:00-05:00,47.836528051704704,47.95172636718425,46.9533312007924,47.92292404174805,2141500,0.0,0.0
2024-01-30 00:00:00-05:00,48.21092298305876,48.34532162160824,47.25092852246157,47.51972579956055,1627200,0.0,0.0
2024-01-31 00:00:00-05:00,47.68292443471146,48.51812227551185,47.030131552354796,47.193328857421875,2251300,0.0,0.0
2024-02-01 00:00:00-05:00,47.654134958903406,49.026927633601346,47.51013795527598,48.585330963134766,2419100,0.0,0.0
2024-02-02 00:00:00-05:00,47.346927440643725,47.5965280561078,45.90693572125167,46.674930572509766,3267800,0.0,0.0
2024-02-05 00:00:00-05:00,45.839742501504624,46.07974115334497,45.43654652421549,45.580543518066406,4309700,0.0,0.0
2024-02-06 00:00:00-05:00,45.83014050173775,46.2429347807705,45.43654289067894,45.87813949584961,2019900,0.0,0.0
2024-02-07 00:00:00-05:00,45.753341876864,45.97414019245679,45.39814490500506,45.5997428894043,2153900,0.0,0.0
2024-02-08 00:00:00-05:00,45.167741593465664,45.522938541738206,44.946943292534705,45.28293991088867,2620900,0.0,0.0
2024-02-09 00:00:00-05:00,45.4365466181771,45.59974394396339,44.16935036471788,44.754947662353516,3641700,0.0,0.0
2024-02-12 00:00:00-05:00,44.687741858868556,45.30213773391022,44.582141881204215,45.03334045410156,2778500,0.0,0.0
2024-02-13 00:00:00-05:00,44.10215120050588,44.11175319740511,42.78695960615119,43.18055725097656,3667000,0.0,0.0
2024-02-14 00:00:00-05:00,43.247748583526295,43.49734918750644,42.594952074469525,43.48774719238281,4037100,0.0,0.0
2024-02-15 00:00:00-05:00,44.08294975791799,45.081345009126544,43.91975243563189,44.774147033691406,3817800,0.0,0.0
2024-02-16 00:00:00-05:00,45.41734578623879,46.46374004538344,44.76454916610697,45.88774108886719,4596300,0.0,0.0
2024-02-20 00:00:00-05:00,46.175733003669926,46.74212989311433,46.07973502054578,46.674930572509766,3731200,0.0,0.0
2024-02-21 00:00:00-05:00,46.79013331930114,46.84773064529127,46.166135432426636,46.809329986572266,3221100,0.0,0.0
2024-02-22 00:00:00-05:00,46.39653838020333,46.86693365914563,46.2237390681584,46.23333740234375,3444800,0.0,0.0
2024-02-23 00:00:00-05:00,46.31973401729888,47.84612539875661,46.23333436694888,47.644527435302734,4291200,0.0,0.0
2024-02-26 00:00:00-05:00,47.039732162681226,47.19333114162685,46.6173358861029,46.92453384399414,2129700,0.0,0.0
2024-02-27 00:00:00-05:00,47.0781277992589,47.145327116496276,46.23333167416144,46.271732330322266,2249100,0.0,0.0
2024-02-28 00:00:00-05:00,46.022129051031314,46.29092996643732,45.85893176497046,46.09893035888672,5066800,0.0,0.0
2024-02-29 00:00:00-05:00,46.96050655138529,47.105716773658735,46.457119484629224,46.52488327026367,3710800,0.4,0.0
2024-03-01 00:00:00-05:00,46.99923113652452,48.18994243810692,46.205423602136264,48.03505325317383,5007700,0.0,0.0
2024-03-04 00:00:00-05:00,48.664291034979435,50.34871040382083,48.480361287968975,50.30030822753906,5301700,0.0,0.0
2024-03-05 00:00:00-05:00,50.958585902253276,51.89760359039199,50.91986268580754,51.084434509277344,5333700,0.0,0.0
2024-03-06 00:00:00-05:00,51.60718785653486,52.41067430274172,51.41357546338947,51.946006774902344,5381900,0.0,0.0
2024-03-07 00:00:00-05:00,52.507483139136006,52.7978998868177,52.08153512921016,52.555885314941406,2562100,0.0,0.0
2024-03-08 00:00:00-05:00,52.933435532244694,53.16576748869712,52.21707066534166,52.768863677978516,2966700,0.0,0.0
2024-03-11 00:00:00-04:00,52.69142027467888,53.97893605736232,52.575254297882964,53.862770080566406,3716400,0.0,0.0
2024-03-12 00:00:00-04:00,52.88502629387019,53.649789549089384,52.3041890945266,53.56266784667969,3531200,0.0,0.0
2024-03-13 00:00:00-04:00,53.7466023146913,55.25677473416793,53.65947691178208,54.42424392700195,3384000,0.0,0.0
2024-03-14 00:00:00-04:00,53.79499306245839,54.308062718963036,53.369048790345936,53.8433952331543,2196900,0.0,0.0
2024-03-15 00:00:00-04:00,53.64011323758443,54.2693526447088,53.30129429088642,54.15318298339844,4153200,0.0,0.0
2024-03-18 00:00:00-04:00,53.92084753515192,54.00797292903631,53.15608059914995,53.53362274169922,2846300,0.0,0.0
2024-03-19 00:00:00-04:00,53.16575879788712,53.39809440921037,52.53652313357491,52.63332748413086,2507500,0.0,0.0
2024-03-20 00:00:00-04:00,52.40099429810989,54.55976376036186,52.294507299364646,54.13381576538086,2834100,0.0,0.0
2024-03-21 00:00:00-04:00,54.69529697678981,55.33421534243302,54.317754809752856,54.588809967041016,4308700,0.0,0.0
2024-03-22 00:00:00-04:00,54.18223113281745,54.734024138660324,53.862770080566406,53.862770080566406,1636900,0.0,0.0
2024-03-25 00:00:00-04:00,54.259670486413796,55.11156287951936,54.1919066964582,54.220947265625,1765500,0.0,0.0
2024-03-26 00:00:00-04:00,54.898583806627954,55.07283459129455,54.25966549380019,54.26934814453125,1896700,0.0,0.0
2024-03-27 00:00:00-04:00,54.501684665283555,56.031218639238354,54.39519765534372,56.002174377441406,2222600,0.0,0.0
2024-03-28 00:00:00-04:00,56.52492671757944,57.860848280531606,56.321635349457246,57.74468231201172,4762800,0.0,0.0
2024-04-01 00:00:00-04:00,58.80954481139869,59.61303501513455,58.354556204808524,59.341976165771484,6637000,0.0,0.0
2024-04-02 00:00:00-04:00,59.671113616350546,59.816323839938725,58.499763947950434,58.85794448852539,4100800,0.0,0.0
2024-04-03 00:00:00-04:00,58.61592793994289,59.91312617897325,58.577204722575004,59.748558044433594,2878300,0.0,0.0
2024-04-04 00:00:00-04:00,59.49686518535549,59.60335219449778,58.383600300798605,58.65465545654297,4702600,0.0,0.0
2024-04-05 00:00:00-04:00,58.49008498964512,60.484286562867055,58.39328062970749,60.01961898803711,3706100,0.0,0.0
2024-04-08 00:00:00-04:00,60.542366331652694,60.765019295169466,58.828902715528635,59.1967658996582,3319600,0.0,0.0
2024-04-09 00:00:00-04:00,60.40683764039672,60.687571732666946,59.816321503714136,60.222904205322266,3127800,0.0,0.0
2024-04-10 00:00:00-04:00,58.809537471991455,59.661429748381835,58.441674310596895,59.303245544433594,3066300,0.0,0.0
2024-04-11 00:00:00-04:00,59.806640354262164,60.00025275206147,58.567526916905535,59.70015335083008,2534600,0.0,0.0
2024-04-12 00:00:00-04:00,60.56172790918685,62.139663954773695,58.8579432519908,59.4871826171875,5736800,0.0,0.0
2024-04-15 00:00:00-04:00,60.08737976392061,60.10674137350667,58.228709557852135,59.46782302856445,3865100,0.0,0.0
2024-04-16 00:00:00-04:00,58.84826531832308,60.2809911683119,58.480402127980874,59.767921447753906,5165900,0.0,0.0
2024-04-17 00:00:00-04:00,60.00025712858018,61.0167176751072,59.893770117380754,60.49396896362305,3462900,0.0,0.0
2024-04-18 00:00:00-04:00,61.3555358909662,61.67499320865866,60.72629652084714,61.44266128540039,3614200,0.0,0.0
2024-04-19 00:00:00-04:00,61.045761757714054,61.90733311073976,61.02640014729387,61.800846099853516,3634500,0.0,0.0
2024-04-22 00:00:00-04:00,60.00993260615788,60.871503858718064,59.63238678626317,60.271305084228516,4450700,0.0,0.0
2024-04-23 00:00:00-04:00,59.87440285531857,61.22968591799492,59.593668762022844,60.91022491455078,2655400,0.0,0.0
2024-04-24 00:00:00-04:00,60.66820835274962,61.742753593982094,60.55204239751748,61.6556282043457,2878900,0.0,0.0
2024-04-25 00:00:00-04:00,61.82988913867498,63.39814271685382,61.23937292224629,62.86571502685547,4839900,0.0,0.0
2024-04-26 00:00:00-04:00,64.81150890836959,65.63436448210115,63.40782713970933,63.42718505859375,5018400,0.0,0.0
2024-04-29 00:00:00-04:00,63.67886806569448,64.0564101778865,62.52687642886866,63.707908630371094,2192900,0.0,0.0
2024-04-30 00:00:00-04:00,62.10094190993297,62.71081598487191,61.316813351347996,61.32649230957031,3589900,0.0,0.0
2024-05-01 00:00:00-04:00,61.86860724902227,63.44654334884205,61.2974526909801,62.18806457519531,2518400,0.0,0.0
2024-05-02 00:00:00-04:00,62.01381588945672,63.349741146884476,61.84924774159071,63.03996276855469,2172500,0.0,0.0
2024-05-03 00:00:00-04:00,63.291649248151025,63.43685947087123,62.246151893102756,62.9625129699707,1909300,0.0,0.0
2024-05-06 00:00:00-04:00,63.89185526046948,64.33716124418274,63.736962369247706,64.0177001953125,3485300,0.0,0.0
2024-05-07 00:00:00-04:00,63.949927512848944,64.23066529989146,63.281972322973964,63.77567672729492,1849300,0.0,0.0
2024-05-08 00:00:00-04:00,63.14645355872822,64.58885852676546,63.098047683776144,64.16291046142578,1705200,0.0,0.0
2024-05-09 00:00:00-04:00,64.54043545336674,66.02156324954142,64.52107753996405,65.92475891113281,3126100,0.0,0.0
2024-05-10 00:00:00-04:00,66.64114304575718,66.96060412069293,65.95382240270455,66.21520233154297,3062300,0.0,0.0
2024-05-13 00:00:00-04:00,65.84732526177334,66.54432845066346,64.93735544134371,65.58595275878906,1603800,0.0,0.0
2024-05-14 00:00:00-04:00,66.0215694034815,66.534646477697,65.70211579552625,66.44751739501953,1643500,0.0,0.0
2024-05-15 00:00:00-04:00,66.82506610656831,67.32846057994793,65.73116283994182,66.89282989501953,2201600,0.0,0.0
2024-05-16 00:00:00-04:00,66.49592117606291,66.97995028373971,66.13773697753078,66.6120834350586,1872700,0.0,0.0
2024-05-17 00:00:00-04:00,67.46398461243106,68.1222645452435,67.00899603429177,67.87056732177734,2642300,0.0,0.0
2024-05-20 00:00:00-04:00,68.10290725921763,69.21617590120204,67.65760127956376,68.51917266845703,1922500,0.0,0.0
2024-05-21 00:00:00-04:00,68.05449215969811,68.23841818933023,67.46397608640552,67.88024139404297,2371500,0.0,0.0
2024-05-22 00:00:00-04:00,67.14453926266386,67.45431769236528,65.45043685961218,65.83766174316406,2668300,0.0,0.0
2024-05-23 00:00:00-04:00,65.76020152580949,65.91508701539274,64.5888518528594,65.16968536376953,2739800,0.0,0.0
2024-05-24 00:00:00-04:00,65.72147673983628,65.96349131241948,65.32457668136313,65.54722595214844,1656200,0.0,0.0
2024-05-28 00:00:00-04:00,66.55400544317949,67.01867665816282,65.9925298792367,66.72825622558594,1439100,0.0,0.0
2024-05-29 00:00:00-04:00,66.15710209645033,66.57336746981042,65.12127998865182,65.2374496459961,1703100,0.0,0.0
2024-05-30 00:00:00-04:00,65.402025144666,66.92187658381026,65.22777433189852,66.39912414550781,3799100,0.0,0.0
2024-05-31 00:00:00-04:00,66.93468142750676,67.4702397661399,65.43512550835796,66.4186019897461,2563300,0.4,0.0
2024-06-03 00:00:00-04:00,66.79834950660037,67.0125728121293,65.99014610084046,66.82756042480469,2229500,0.0,0.0
2024-06-04 00:00:00-04:00,65.62012943980861,65.62012943980861,63.02999313535663,63.31237030029297,3268100,0.0,0.0
2024-06-05 00:00:00-04:00,63.67266884662808,64.49061187978351,63.059217143529914,64.36402130126953,2545500,0.0,0.0
2024-06-06 00:00:00-04:00,64.27637861544635,67.0125770874885,64.14005603578028,66.88599395751953,2061100,0.0,0.0
2024-06-07 00:00:00-04:00,64.33479571190037,64.63665176904334,61.35515950578375,62.124412536621094,4480500,0.0,0.0
2024-06-10 00:00:00-04:00,62.31916059817542,63.61423243732174,62.31916059817542,63.52659225463867,3102700,0.0,0.0
2024-06-11 00:00:00-04:00,62.89366398296786,62.99104361801001,62.13415408989861,62.98130416870117,1684600,0.0,0.0
2024-06-12 00:00:00-04:00,64.34454238857039,64.80219996469351,63.41948778625114,63.91609573364258,2468800,0.0,0.0
2024-06-13 00:00:00-04:00,63.33185365119562,64.18873951347143,62.192579460595624,62.3483772277832,1884100,0.0,0.0
2024-06-14 00:00:00-04:00,62.77682250026787,62.8255048904664,61.76413517844399,62.562599182128906,1569500,0.0,0.0
2024-06-17 00:00:00-04:00,62.426276603135626,63.1565793173239,62.13415626036266,62.562599182128906,1953600,0.0,0.0
2024-06-18 00:00:00-04:00,62.338630730721306,63.205263373912466,62.24125853017863,62.91313934326172,1541700,0.0,0.0
2024-06-20 00:00:00-04:00,63.302626904792604,64.70480274442103,63.04945327483707,64.33478546142578,3093700,0.0,0.0
2024-06-21 00:00:00-04:00,64.432164722275,64.432164722275,62.71839323802592,63.5168571472168,5247600,0.0,0.0
2024-06-24 00:00:00-04:00,63.993995419306636,64.28611205545911,63.43896563869099,63.93557357788086,1514800,0.0,0.0
2024-06-25 00:00:00-04:00,63.916089880022156,63.916089880022156,63.12736536388755,63.185787200927734,1403900,0.0,0.0
2024-06-26 00:00:00-04:00,62.33862902219859,63.69213006003028,62.250996272818746,63.64344024658203,1263300,0.0,0.0
2024-06-27 00:00:00-04:00,64.41270997384571,65.04564056799869,64.11084642428155,64.63666534423828,1812800,0.0,0.0
2024-06-28 00:00:00-04:00,65.37670392495099,65.44486522022895,63.273435792785364,63.682403564453125,1645400,0.0,0.0
2024-07-01 00:00:00-04:00,63.84792750699638,64.50032943958351,63.312369246500744,63.33184814453125,812000,0.0,0.0
2024-07-02 00:00:00-04:00,63.02025772312103,63.99399469058823,62.95209643255926,63.94530487060547,1193500,0.0,0.0
2024-07-03 00:00:00-04:00,65.05536296250366,66.847042805617,65.0261520427775,66.26280212402344,1487800,0.0,0.0
2024-07-05 00:00:00-04:00,67.32418025030228,68.61925233299836,66.97363431169245,67.96685028076172,2084100,0.0,0.0
2024-07-08 00:00:00-04:00,67.46049146316822,68.1713226712545,67.06126319595934,68.09342193603516,1411600,0.0,0.0
2024-07-09 00:00:00-04:00,68.16158645332473,68.68740529744747,67.75261871757039,68.35633087158203,1500000,0.0,0.0
2024-07-10 00:00:00-04:00,69.12558725000667,71.40413568321469,69.0963763287772,71.3554458618164,3125900,0.0,0.0
2024-07-11 00:00:00-04:00,72.96211151577519,73.11790556800364,70.77120333157818,72.6602554321289,3163100,0.0,0.0
2024-07-12 00:00:00-04:00,71.98837585063988,73.29317984918386,71.92021455861182,73.14712524414062,1505800,0.0,0.0
2024-07-15 00:00:00-04:00,73.2347528081867,73.95531604833353,72.22206552064414,72.78683471679688,2007300,0.0,0.0
2024-07-16 00:00:00-04:00,73.10816735788762,75.01669076750832,73.10816735788762,74.48113250732422,2262500,0.0,0.0
2024-07-17 00:00:00-04:00,74.2863899269072,74.72456856580972,73.29317411616098,73.49766540527344,1856100,0.0,0.0
2024-07-18 00:00:00-04:00,73.81900162229044,73.82874107268486,72.33892461036768,72.97185516357422,1487100,0.0,0.0
2024-07-19 00:00:00-04:00,71.07305887274029,72.76736653781732,70.8783144516853,72.2220687866211,1532700,0.0,0.0
2024-07-22 00:00:00-04:00,71.97862699771018,73.02052514204445,71.8033540655314,72.79656982421875,1667000,0.0,0.0
2024-07-23 00:00:00-04:00,72.82579115282324,73.8384785247419,72.46550578821964,73.44898223876953,1531200,0.0,0.0
2024-07-24 00:00:00-04:00,73.8968934967359,74.87063040661938,72.64077199150343,72.66998291015625,1776100,0.0,0.0
2024-07-25 00:00:00-04:00,70.66407714829559,71.92019847390581,70.47906478458665,71.12173461914062,2204200,0.0,0.0
2024-07-26 00:00:00-04:00,72.05653069402022,72.31943638859316,71.40412875313447,71.4722900390625,1675000,0.0,0.0
2024-07-29 00:00:00-04:00,71.61835524448203,72.59209218904861,70.94647437544361,72.56287384033203,1304900,0.0,0.0
2024-07-30 00:00:00-04:00,72.78682999687759,73.34185970771964,71.82283258941987,73.18606567382812,2059100,0.0,0.0
2024-07-31 00:00:00-04:00,74.17929004272851,75.50357304784032,74.15981857016403,75.1432876586914,2896100,0.0,0.0
2024-08-01 00:00:00-04:00,75.1140633674608,76.04884989370312,73.36133398761714,74.09163665771484,2536900,0.0,0.0
2024-08-02 00:00:00-04:00,75.09459922096949,76.10728658040334,72.16364880571543,73.14712524414062,3009000,0.0,0.0
2024-08-05 00:00:00-04:00,69.25217291974637,71.95916038804766,67.88893973619965,71.24832916259766,4347400,0.0,0.0
2024-08-06 00:00:00-04:00,70.77119973538689,73.68267104987096,70.30380274440498,73.04000854492188,3601000,0.0,0.0
2024-08-07 00:00:00-04:00,73.78977201323413,74.15005729634787,70.32327145308803,70.34274291992188,2317800,0.0,0.0
2024-08-08 00:00:00-04:00,71.10225589708315,72.12468248036198,70.04088638042292,71.6280746459961,2429200,0.0,0.0
2024-08-09 00:00:00-04:00,72.44602516172394,72.46549663050119,70.86856874594523,72.20259094238281,1844200,0.0,0.0
2024-08-12 00:00:00-04:00,72.95236726772525,75.22117604332438,72.67972212249022,74.71483612060547,2647300,0.0,0.0
2024-08-13 00:00:00-04:00,74.52983151814148,75.73726332849112,74.32534763785013,75.47435760498047,1711400,0.0,0.0
2024-08-14 00:00:00-04:00,75.14327933035212,75.6885770790358,74.2279716407829,75.60093688964844,1686100,0.0,0.0
2024-08-15 00:00:00-04:00,75.82489693581098,76.50650981090718,74.1695397078267,76.02938079833984,1985400,0.0,0.0
2024-08-16 00:00:00-04:00,77.19785694276506,78.00606031817587,76.72072796229112,77.8989486694336,2449600,0.0,0.0
2024-08-19 00:00:00-04:00,77.29523342719894,78.94085118634301,77.29523342719894,78.71688842773438,2087500,0.0,0.0
2024-08-20 00:00:00-04:00,79.60299898718021,80.27487988802932,78.97980790747404,79.88538360595703,2979500,0.0,0.0
2024-08-21 00:00:00-04:00,79.73931351939434,80.79095114608695,79.23297360414767,80.52803802490234,2002400,0.0,0.0
2024-08-22 00:00:00-04:00,79.55430812788117,79.61273739829491,78.54162820834149,79.33035278320312,2671800,0.0,0.0
2024-08-23 00:00:00-04:00,80.0898656548327,81.00518078246117,79.60299717060879,80.61568450927734,1844600,0.0,0.0
2024-08-26 00:00:00-04:00,81.11229315514957,81.30703757893879,79.88538248401143,80.15802764892578,1896200,0.0,0.0
2024-08-27 00:00:00-04:00,79.34981565180394,80.29434160667623,78.67794226158296,80.10932922363281,1189400,0.0,0.0
2024-08-28 00:00:00-04:00,79.02848893897885,79.23297279279356,78.31765774607962,79.0771713256836,1369000,0.0,0.0
2024-08-29 00:00:00-04:00,79.164805967975,80.77146576822582,79.164805967975,79.93405151367188,3331600,0.0,0.0
2024-08-30 00:00:00-04:00,79.79707032354881,80.18846627563107,79.00447635016396,79.71878814697266,1309800,0.4,0.0
2024-09-03 00:00:00-04:00,78.46630438934321,78.4760840625161,76.33316356995275,77.3116683959961,2550100,0.0,0.0
2024-09-04 00:00:00-04:00,76.89090059085039,77.60520483633297,76.37229429786755,76.6169204711914,1868100,0.0,0.0
2024-09-05 00:00:00-04:00,77.82048582281892,78.27059713655169,76.9691914216849,77.01811218261719,1499400,0.0,0.0
2024-09-06 00:00:00-04:00,77.0083273820059,77.38994366969878,74.80669150743954,75.23723602294922,1971700,0.0,0.0
2024-09-09 00:00:00-04:00,75.34486579340059,76.40165271570504,75.34486579340059,76.08853149414062,1263600,0.0,0.0
2024-09-10 00:00:00-04:00,76.42122740498844,77.23338822338596,75.68734876640264,77.21382141113281,1804900,0.0,0.0
2024-09-11 00:00:00-04:00,76.91048963835141,77.50737827108183,75.60907622827357,77.39974212646484,1282900,0.0,0.0
2024-09-12 00:00:00-04:00,78.49567052424237,80.29611610024668,78.41738833431161,80.10041809082031,3200400,0.0,0.0
2024-09-13 00:00:00-04:00,81.32354764565524,82.14548822687233,81.02999317213465,81.38225555419922,2641500,0.0,0.0
2024-09-16 00:00:00-04:00,81.26483502026603,81.40182510918424,79.73836229812032,80.78536224365234,1763100,0.0,0.0
2024-09-17 00:00:00-04:00,80.36460719766272,81.40182749973228,79.24911217491255,80.52117156982422,2037700,0.0,0.0
2024-09-18 00:00:00-04:00,80.92235159006421,82.83044060888862,79.49373534345408,79.54266357421875,2970400,0.0,0.0
2024-09-19 00:00:00-04:00,81.00063687762167,81.48988934242045,78.47609236756395,80.07106018066406,3161500,0.0,0.0
2024-09-20 00:00:00-04:00,81.21590618221433,81.98892594413398,80.66794583063577,81.34310913085938,3469000,0.0,0.0
2024-09-23 00:00:00-04:00,81.38224221907716,82.3901009660717,80.83428192138672,80.83428192138672,2262000,0.0,0.0
2024-09-24 00:00:00-04:00,81.18655337116658,82.75215973011412,80.7266548701695,82.19441223144531,1819100,0.0,0.0
2024-09-25 00:00:00-04:00,81.94977971752945,83.30990083740038,81.88128467787406,82.42924499511719,2430300,0.0,0.0
2024-09-26 00:00:00-04:00,82.409679901503,82.70322687811829,81.4703161386148,82.27268981933594,3315700,0.0,0.0
2024-09-27 00:00:00-04:00,81.64645231377634,82.05742258546043,79.8753533451186,80.06127166748047,2161000,0.0,0.0
2024-09-30 00:00:00-04:00,79.39588852652405,79.7187969414742,77.99662619380685,78.82835388183594,2465000,0.0,0.0
2024-10-01 00:00:00-04:00,79.395884387849,80.10040908723356,78.86749086331058,80.09062194824219,2660600,0.0,0.0
2024-10-02 00:00:00-04:00,80.14934227568952,80.68751550711679,79.25889920737508,79.84600067138672,1888400,0.0,0.0
2024-10-03 00:00:00-04:00,79.01427392961335,79.06320216278868,77.47802147195081,78.22168731689453,2300700,0.0,0.0
2024-10-04 00:00:00-04:00,77.90856221003406,78.23146315077906,76.88112908699124,77.1257553100586,2459900,0.0,0.0
2024-10-07 00:00:00-04:00,76.68543537720703,76.68543537720703,75.60907396328122,76.53865814208984,2282300,0.0,0.0
2024-10-08 00:00:00-04:00,76.29403419896316,76.90070250643183,75.89284357527535,76.49951934814453,1676100,0.0,0.0
2024-10-09 00:00:00-04:00,75.66779025299056,76.57780016325798,75.05132735111238,76.48973083496094,1465000,0.0,0.0
2024-10-10 00:00:00-04:00,77.0670507326506,77.77157547996485,76.40166707856494,77.71286010742188,1669800,0.0,0.0
2024-10-11 00:00:00-04:00,78.2314565383464,78.71092927011938,77.68349623391926,77.75199127197266,1478400,0.0,0.0
2024-10-14 00:00:00-04:00,77.32144882165689,78.573941282117,77.26274092045074,78.10425567626953,1212400,0.0,0.0
2024-10-15 00:00:00-04:00,78.14339945338052,80.38417649974916,78.05533013314262,80.31568145751953,2039100,0.0,0.0
2024-10-16 00:00:00-04:00,81.06912888678703,82.17484419366227,80.34503735632529,80.44288635253906,2384400,0.0,0.0
2024-10-17 00:00:00-04:00,81.04956577430683,81.35289991603925,80.27654597774333,80.41353607177734,1943100,0.0,0.0
2024-10-18 00:00:00-04:00,81.05934855288254,84.77767044437645,80.57009606533863,84.3177719116211,3127000,0.0,0.0
2024-10-21 00:00:00-04:00,85.23756130191222,85.95186568878249,84.36669254973353,84.76787567138672,3070700,0.0,0.0
2024-10-22 00:00:00-04:00,85.92250926868147,86.32369984421108,85.13970986082309,86.09864044189453,2679500,0.0,0.0
2024-10-23 00:00:00-04:00,85.13971587393549,86.7346762190004,84.78745350263033,86.705322265625,3443600,0.0,0.0
2024-10-24 00:00:00-04:00,86.92058811409088,87.08693214784591,84.11227649099288,86.03993225097656,4464300,0.0,0.0
2024-10-25 00:00:00-04:00,85.23755634393218,85.6191726304244,84.49389058277323,85.01249694824219,2328700,0.0,0.0
2024-10-28 00:00:00-04:00,84.63088768912235,85.50175646295864,84.36669464784393,84.89508819580078,1805200,0.0,0.0
2024-10-29 00:00:00-04:00,85.32561303486509,87.0673577979725,85.10056111818534,86.94014739990234,1742200,0.0,0.0
2024-10-30 00:00:00-04:00,86.88143466956312,87.08691976417009,85.13969746874349,86.34325408935547,2660000,0.0,0.0
2024-10-31 00:00:00-04:00,85.55068327663152,85.84423773131948,83.67195566974817,84.43518829345703,3690300,0.0,0.0
2024-11-01 00:00:00-04:00,85.05163964669212,85.58982029956977,83.92635757774768,83.95571899414062,1844700,0.0,0.0
2024-11-04 00:00:00-05:00,84.74830981626589,84.90486671794393,83.44689651017994,84.04378509521484,1524500,0.0,0.0
2024-11-05 00:00:00-05:00,84.37646732768575,84.93421473293688,83.32946755062137,83.9459228515625,1513700,0.0,0.0
2024-11-06 00:00:00-05:00,80.73644616401442,82.0182852698936,79.25890158732139,81.38225555419922,4320300,0.0,0.0
2024-11-07 00:00:00-05:00,83.01634993883194,84.23948103150968,81.70515699087328,83.69152069091797,3291300,0.0,0.0
2024-11-08 00:00:00-05:00,83.08484913728543,83.2316188902407,81.3431042597555,82.037841796875,1990000,0.0,0.0
2024-11-11 00:00:00-05:00,79.17082637744137,79.8362024698345,76.04939369914251,76.45057678222656,4494700,0.0,0.0
2024-11-12 00:00:00-05:00,75.49165344238281,76.07875488085932,74.20980696534596,75.49165344238281,3574000,0.0,0.0
2024-11-13 00:00:00-05:00,75.84390643583382,76.59735182021133,74.33700820167986,74.35657501220703,2261900,0.0,0.0
2024-11-14 00:00:00-05:00,73.59334805461899,76.75392196976316,73.5542069652061,75.97111511230469,3901800,0.0,0.0
2024-11-15 00:00:00-05:00,76.5386472512965,76.59735515082963,74.73819452315527,75.11003112792969,1662200,0.0,0.0
2024-11-18 00:00:00-05:00,76.83220355794882,78.79900055088282,76.76370851169739,78.2706069946289,3487200,0.0,0.0
2024-11-19 00:00:00-05:00,79.45459560958719,80.81471683560751,78.91642238897916,80.67772674560547,2185400,0.0,0.0
2024-11-20 00:00:00-05:00,80.67772757219922,81.22569540322168,80.09062611397522,81.02021026611328,1216700,0.0,0.0
2024-11-21 00:00:00-05:00,81.6562278519132,81.85193330380265,80.58966113436435,81.77365112304688,1408600,0.0,0.0
2024-11-22 00:00:00-05:00,82.1748395659393,83.12398298770117,81.7540821870554,82.48796081542969,1496700,0.0,0.0
2024-11-25 00:00:00-05:00,79.79706540790035,80.58965186706114,78.62285522778934,79.96340942382812,2032000,0.0,0.0
2024-11-26 00:00:00-05:00,79.81665178684553,82.53689446632508,79.35675324678664,82.30205535888672,1905500,0.0,0.0
2024-11-27 00:00:00-05:00,83.07506950928959,83.44689869272504,81.53881707780607,81.75408935546875,1682500,0.0,0.0
2024-11-29 00:00:00-05:00,82.58980697685642,83.3960405068161,82.52098243776153,83.00275421142578,889600,0.4,0.0
2024-12-02 00:00:00-05:00,82.26535547067621,82.60947820902776,81.06583549586819,81.47879028320312,1179300,0.0,0.0
2024-12-03 00:00:00-05:00,82.5898121007577,85.28381101415297,82.34400908855305,84.54640197753906,1911000,0.0,0.0
2024-12-04 00:00:00-05:00,84.41859326191428,85.38213693921959,83.9761508082372,84.07447052001953,1179800,0.0,0.0
2024-12-05 00:00:00-05:00,83.73034616950055,84.29077676733736,82.57015558960694,83.5828628540039,1201400,0.0,0.0
2024-12-06 00:00:00-05:00,83.32721312234013,83.36654250066739,81.90155878920832,82.18668365478516,1211400,0.0,0.0
2024-12-09 00:00:00-05:00,84.51690971579355,85.78525420243989,83.05192581316247,83.11091613769531,1955000,0.0,0.0
2024-12-10 00:00:00-05:00,83.91715672438954,84.02531066256974,82.74713934974275,82.89461517333984,1466400,0.0,0.0
2024-12-11 00:00:00-05:00,83.44521363205453,85.92290482361285,82.92410491792299,85.88357543945312,1735000,0.0,0.0
2024-12-12 00:00:00-05:00,84.448087402513,85.26415525291748,83.45504107251855,83.77950286865234,1781200,0.0,0.0
2024-12-13 00:00:00-05:00,83.10108700294663,83.3763927040142,81.33130964682096,82.31452178955078,1907200,0.0,0.0
2024-12-16 00:00:00-05:00,82.33417921038524,82.47182830437508,81.08550314310226,81.25264739990234,1487200,0.0,0.0
2024-12-17 00:00:00-05:00,79.98430002930357,80.76103846121718,79.69916763014697,80.35792541503906,1416400,0.0,0.0
2024-12-18 00:00:00-05:00,79.72865720322925,80.1907680418387,76.04161221599936,76.4545669555664,2688900,0.0,0.0
2024-12-19 00:00:00-05:00,76.7003839704965,77.51644437579488,75.72699851505222,76.06129455566406,2676400,0.0,0.0
2024-12-20 00:00:00-05:00,76.1596092647412,77.91955984467116,75.99246500608355,76.84786224365234,3180500,0.0,0.0
2024-12-23 00:00:00-05:00,76.27759194504127,77.654090302775,75.86464468811492,77.51643371582031,1879000,0.0,0.0
2024-12-24 00:00:00-05:00,77.66391677726168,77.66391677726168,76.83802226601414,77.40828704833984,612400,0.0,0.0
2024-12-26 00:00:00-05:00,77.60492735634132,78.31284123209332,77.27063135887505,77.68358612060547,691100,0.0,0.0
2024-12-27 00:00:00-05:00,76.51356775089572,77.44761627502218,76.3464234889048,77.32963562011719,1089700,0.0,0.0
2024-12-30 00:00:00-05:00,76.22843273153502,77.23131327188567,75.61884603182482,76.54306030273438,1141300,0.0,0.0
2024-12-31 00:00:00-05:00,76.32674603413182,77.1624822480429,75.84497424708519,76.89701080322266,1089300,0.0,0.0
2025-01-02 00:00:00-05:00,78.06704023523652,80.77087344079293,78.05720601412145,80.61355590820312,1665500,0.0,0.0
2025-01-03 00:00:00-05:00,80.47590389280091,80.6037262587124,79.58118483798329,79.71883392333984,1132300,0.0,0.0
2025-01-06 00:00:00-05:00,80.14161845351335,80.37758725149877,78.13586491735511,78.32267761230469,1300000,0.0,0.0
2025-01-07 00:00:00-05:00,79.6795047667045,81.53777492557992,79.22722812763926,79.78765869140625,1611300,0.0,0.0
2025-01-08 00:00:00-05:00,80.53490157669884,82.19652481886035,79.98429773491266,81.96055603027344,1687100,0.0,0.0
2025-01-10 00:00:00-05:00,83.60251380200285,84.5463964065158,82.35383788285998,82.88477325439453,2240300,0.0,0.0
2025-01-13 00:00:00-05:00,81.60660346509385,81.80324288255686,80.0826217251603,80.97734832763672,1319500,0.0,0.0
2025-01-14 00:00:00-05:00,81.15433187117209,82.64881104062015,80.58406702308382,82.53083038330078,1255600,0.0,0.0
2025-01-15 00:00:00-05:00,83.57302635316373,83.71067544352273,81.5967679825625,82.92410278320312,1204700,0.0,0.0
2025-01-16 00:00:00-05:00,83.77950725132203,84.35960632639035,82.67830693167704,82.76679992675781,1349900,0.0,0.0
2025-01-17 00:00:00-05:00,82.1965376993749,83.97615686667187,81.46896277811916,83.60253143310547,1220200,0.0,0.0
2025-01-21 00:00:00-05:00,84.82170107605135,87.43704875506134,84.79220591447515,87.11258697509766,2500500,0.0,0.0
2025-01-22 00:00:00-05:00,87.85983238748067,88.97085934143657,86.64065150422758,87.73201751708984,2239100,0.0,0.0
2025-01-23 00:00:00-05:00,87.40754624920028,87.67301018239364,85.60826653110634,87.21089935302734,1778200,0.0,0.0
2025-01-24 00:00:00-05:00,88.48908981342679,88.67590251456421,87.72218556858718,88.43009948730469,1857800,0.0,0.0
2025-01-27 00:00:00-05:00,86.60132285294131,87.98764800180673,85.98189443421779,87.96798706054688,2067700,0.0,0.0
2025-01-28 00:00:00-05:00,88.18429653600481,88.46942894802902,87.36822868448512,88.4595947265625,1501800,0.0,0.0
2025-01-29 00:00:00-05:00,88.469421769859,89.76726134955146,87.66318820522145,88.59723663330078,1389900,0.0,0.0
2025-01-30 00:00:00-05:00,90.40635712483052,93.17901517772526,89.71811159802863,92.87422180175781,2724900,0.0,0.0
2025-01-31 00:00:00-05:00,93.40515244340918,93.77877035271004,91.36990363232637,91.3797378540039,1848100,0.0,0.0
2025-02-03 00:00:00-05:00,91.31089688384317,95.10609562702783,91.20274296877999,93.26748657226562,2586400,0.0,0.0
2025-02-04 00:00:00-05:00,93.94592286657873,95.38141168912587,93.0708646631172,93.98524475097656,2619900,0.0,0.0
2025-02-05 00:00:00-05:00,95.5190402251661,98.02622613867146,95.28307146301174,96.94469451904297,4235700,0.0,0.0
2025-02-06 00:00:00-05:00,96.7480715355763,97.5838003150903,95.51905641825779,97.29866790771484,2102100,0.0,0.0
2025-02-07 00:00:00-05:00,97.42648077896973,98.39003191174041,96.46293714751188,96.69890594482422,2014500,0.0,0.0
2025-02-10 00:00:00-05:00,98.43919498815762,99.74686133812496,97.96724989475051,98.82264709472656,2393000,0.0,0.0
2025-02-11 00:00:00-05:00,97.53462715145882,97.91807923037877,96.65956907378894,96.71856689453125,2262700,0.0,0.0
2025-02-12 00:00:00-05:00,95.45023379981117,98.97013496722764,95.25358687628021,97.87876892089844,3329800,0.0,0.0
2025-02-13 00:00:00-05:00,98.03607533188261,99.17660494223263,97.2691711117638,99.11760711669922,2682700,0.0,0.0
2025-02-14 00:00:00-05:00,97.3576557002654,97.83943501466659,93.92624768234433,94.24087524414062,4625200,0.0,0.0
2025-02-18 00:00:00-05:00,94.85046664031483,96.28595531766902,93.48380250566555,95.68619537353516,3626900,0.0,0.0
2025-02-19 00:00:00-05:00,95.20442600397514,97.17085013293642,94.68332481001045,96.40394592285156,3142900,0.0,0.0
2025-02-20 00:00:00-05:00,96.72840013435639,97.71161219813794,95.86317621870121,96.39411163330078,2463500,0.0,0.0
2025-02-21 00:00:00-05:00,95.57805279998368,95.92217555437637,94.34903760478589,94.48668670654297,2379400,0.0,0.0
2025-02-24 00:00:00-05:00,95.37156834733256,96.64974700612082,94.3981905233304,95.85334014892578,2014200,0.0,0.0
2025-02-25 00:00:00-05:00,95.26341232786288,95.4403907920916,92.40226924102974,95.22408294677734,3411400,0.0,0.0
2025-02-26 00:00:00-05:00,94.67348407166479,97.20033860337857,94.00489961379088,96.70873260498047,2608300,0.0,0.0
2025-02-27 00:00:00-05:00,95.53872009913697,96.32529279730105,93.39531737301873,93.49363708496094,2378300,0.0,0.0
2025-02-28 00:00:00-05:00,91.9731014323349,95.2314031900964,90.9462403681733,95.06355285644531,3618900,0.4,0.0
2025-03-03 00:00:00-05:00,96.64333149496686,97.92690964577348,93.89845663675052,94.71797180175781,2748300,0.0,0.0
2025-03-04 00:00:00-05:00,96.0410351736134,96.95928535458764,93.177681360232,94.65872955322266,1840800,0.0,0.0
2025-03-05 00:00:00-05:00,94.76734187370137,98.4600866514307,94.63897954046696,98.292236328125,3107000,0.0,0.0
2025-03-06 00:00:00-05:00,97.27523907972231,98.09475419648551,95.96204877978901,96.64332580566406,1798300,0.0,0.0
2025-03-07 00:00:00-05:00,96.79143213235488,98.9636406034231,95.5868450995535,97.54183197021484,2473100,0.0,0.0
2025-03-10 00:00:00-04:00,96.48535409800246,97.32461323363334,94.54024293366932,95.80406951904297,2962200,0.0,0.0
2025-03-11 00:00:00-04:00,97.63068933572968,100.52367029744104,97.4924587805353,99.2993392944336,3450300,0.0,0.0
2025-03-12 00:00:00-04:00,99.29933857334697,100.47430581696715,98.36134445091086,99.77327728271484,3100800,0.0,0.0
2025-03-13 00:00:00-04:00,100.4644326477454,103.13031629939941,99.77327985894634,101.38268280029297,3623500,0.0,0.0
2025-03-14 00:00:00-04:00,102.45891172370139,103.10070078715655,101.32344745720467,102.29106140136719,2997900,0.0,0.0
2025-03-17 00:00:00-04:00,102.68601011938321,104.29541314302787,102.66626612426522,103.94983673095703,2323000,0.0,0.0
2025-03-18 00:00:00-04:00,106.14179131003164,106.5169874883635,104.09794502519571,104.48301696777344,2753800,0.0,0.0
2025-03-19 00:00:00-04:00,104.55212425672285,104.56200002021353,102.9525895562492,104.14730834960938,2327600,0.0,0.0
2025-03-20 00:00:00-04:00,103.44627285855076,104.77922221637846,102.61688951261392,104.07819366455078,1566700,0.0,0.0
2025-03-21 00:00:00-04:00,103.00196163330848,103.1796877125065,101.34318740512713,103.0217056274414,2191700,0.0,0.0
2025-03-24 00:00:00-04:00,102.71563268074365,103.90047581116839,102.35031226358852,102.86373901367188,1934700,0.0,0.0
2025-03-25 00:00:00-04:00,103.99920437808198,105.40126150540945,103.60425669253888,104.11768341064453,2074900,0.0,0.0
2025-03-26 00:00:00-04:00,104.47314158390078,104.73973448850273,102.89335828385569,103.4265365600586,1382300,0.0,0.0
2025-03-27 00:00:00-04:00,104.55212192771235,106.52685273383857,103.96957995574522,106.46761322021484,2170500,0.0,0.0
2025-03-28 00:00:00-04:00,107.04029203338759,108.96565164738243,105.42100576528352,106.00355529785156,2907800,0.0,0.0
2025-03-31 00:00:00-04:00,105.78634004682328,107.89930163374686,103.64375869990559,107.04029846191406,3286000,0.0,0.0
2025-04-01 00:00:00-04:00,108.02765213828278,108.32385723878001,105.32226551580686,106.87242889404297,2720400,0.0,0.0
2025-04-02 00:00:00-04:00,107.0205445283545,107.0205445283545,104.00907677994304,106.1714096069336,2994900,0.0,0.0
2025-04-03 00:00:00-04:00,101.57028882226803,109.63706292104433,100.85938447710768,107.11927795410156,4655700,0.0,0.0
2025-04-04 00:00:00-04:00,103.97945668854693,105.39138963170272,97.66032361861974,98.2231216430664,7711000,0.0,0.0
2025-04-07 00:00:00-04:00,95.03393072420745,102.1824549364556,93.57262644894074,98.37122344970703,6021400,0.0,0.0
2025-04-08 00:00:00-04:00,102.76499668495642,103.10069731833018,97.77879820548957,98.86489868164062,4882700,0.0,0.0
2025-04-09 00:00:00-04:00,103.29818051253505,105.82583376217049,101.46168009428403,104.46327209472656,6743000,0.0,0.0
2025-04-10 00:00:00-04:00,106.03317354206416,112.18446352127853,105.17416290108545,110.14061737060547,7419300,0.0,0.0
2025-04-11 00:00:00-04:00,114.73186685118449,117.23977609813545,112.96448925425926,116.1635513305664,7651800,0.0,0.0
2025-04-14 00:00:00-04:00,114.0703297541058,117.74333045015813,112.93485797482072,116.89419555664062,3722200,0.0,0.0
2025-04-15 00:00:00-04:00,118.32586606078735,119.36260274521956,116.85469372227895,119.04664611816406,2707700,0.0,0.0
2025-04-16 00:00:00-04:00,123.61814837094596,124.34880421023553,119.85628850695659,120.99176025390625,5128700,0.0,0.0
2025-04-17 00:00:00-04:00,120.05376161124612,120.89302827127618,118.51347391773314,119.99452209472656,3554000,0.0,0.0
2025-04-21 00:00:00-04:00,124.60551470674352,125.15844447199815,119.7476785813663,121.9100112915039,4668900,0.0,0.0
2025-04-22 00:00:00-04:00,123.15409530599321,123.24295458022938,118.82942983448682,119.56995391845703,6191100,0.0,0.0
2025-04-23 00:00:00-04:00,112.86574706228944,117.64459996421583,112.27332927325749,116.74609375,7322100,0.0,0.0
2025-04-24 00:00:00-04:00,117.94080418479524,118.473982450722,116.09443554873494,118.1185302734375,3367400,0.0,0.0
2025-04-25 00:00:00-04:00,115.53163189814005,117.96054996931625,114.97870213095327,117.01268005371094,3215200,0.0,0.0
2025-04-28 00:00:00-04:00,116.21291322775038,117.58535063339342,114.71212102242156,117.5162353515625,3125100,0.0,0.0
2025-04-29 00:00:00-04:00,116.45975091211565,117.38787683848587,114.60350659237571,114.89971923828125,2927200,0.0,0.0
2025-04-30 00:00:00-04:00,114.86022222915766,116.22278381007652,114.52451406594552,116.09442901611328,2855200,0.0,0.0
2025-05-01 00:00:00-04:00,113.30018055420747,113.54702190617742,110.53555439894392,111.13784790039062,4752100,0.0,0.0
2025-05-02 00:00:00-04:00,112.55965891828617,113.05334163284006,108.57070168073072,109.71604919433594,4222900,0.0,0.0
2025-05-05 00:00:00-04:00,112.81636995951965,113.01384002149956,110.79226792572562,112.85586547851562,3390900,0.0,0.0
2025-05-06 00:00:00-04:00,114.92933640436598,117.81244162309089,114.35666265279724,117.62483978271484,5477100,0.0,0.0
2025-05-07 00:00:00-04:00,115.15642969942597,116.7559644399979,114.18881577709277,115.8179702758789,3157100,0.0,0.0
2025-05-08 00:00:00-04:00,114.94909212132825,115.78835130739132,112.81638651360326,113.21133422851562,2512700,0.0,0.0
2025-05-09 00:00:00-04:00,114.05059359346515,116.04506863404927,112.89537020725935,115.83772277832031,2384000,0.0,0.0
2025-05-12 00:00:00-04:00,109.09401092006871,109.49883438695463,103.79186305798365,105.11492919921875,7488200,0.0,0.0
2025-05-13 00:00:00-04:00,104.75947140633981,105.78633236524293,103.83135301758162,105.64810180664062,3107300,0.0,0.0
2025-05-14 00:00:00-04:00,103.4364098745339,103.98933213320392,102.07384068995304,103.4561538696289,4786600,0.0,0.0
2025-05-15 00:00:00-04:00,104.40402337584523,105.2729098162855,103.47590495037596,105.16429901123047,4177100,0.0,0.0
2025-05-16 00:00:00-04:00,102.68599934033867,105.1247930299517,102.6563795842705,105.10504150390625,3868700,0.0,0.0
2025-05-19 00:00:00-04:00,107.16864829734666,107.41548966318733,105.82583066453334,106.85269165039062,2868700,0.0,0.0
2025-05-20 00:00:00-04:00,106.86258021657443,111.34521332822717,106.8527044515175,111.14774322509766,4861100,0.0,0.0
2025-05-21 00:00:00-04:00,113.10271839283412,114.51465132613038,111.46368808532905,114.1690673828125,4254400,0.0,0.0
2025-05-22 00:00:00-04:00,113.19158320352176,114.64301173081047,112.44118329514778,113.1422119140625,3324600,0.0,0.0
2025-05-23 00:00:00-04:00,115.73897870686943,116.68684863042623,114.93921510671225,116.13392639160156,3314000,0.0,0.0
2025-05-27 00:00:00-04:00,113.94197414390527,116.71646864071795,113.55690222203448,114.83060455322266,2948600,0.0,0.0
2025-05-28 00:00:00-04:00,115.01819114570739,116.46961946133827,114.65287077578672,116.3807601928711,2194300,0.0,0.0
2025-05-29 00:00:00-04:00,116.81520199355748,117.44711526817748,115.12680800671336,116.67697143554688,3629900,0.0,0.0
2025-05-30 00:00:00-04:00,116.39957609556032,117.73704526718761,115.24043665072242,116.89493560791016,2614800,0.4,0.0
2025-06-02 00:00:00-04:00,119.07451930519825,123.49312514842643,118.65841157970674,123.12655639648438,4025400,0.0,0.0
2025-06-03 00:00:00-04:00,121.55131556076707,122.28444549852462,119.82745907231308,121.37298583984375,2875000,0.0,0.0
2025-06-04 00:00:00-04:00,121.80889801601731,122.88878565638858,121.21446812778602,122.46277618408203,2255900,0.0,0.0
2025-06-05 00:00:00-04:00,124.52346922419254,125.47455852428473,120.51105438946014,120.92715454101562,3042800,0.0,0.0
2025-06-06 00:00:00-04:00,120.27328070396494,120.80826983804475,116.092445572093,116.87511444091797,3712900,0.0,0.0
2025-06-09 00:00:00-04:00,116.65716823143295,117.80640595847984,115.3791397488735,117.40020751953125,1605600,0.0,0.0
2025-06-10 00:00:00-04:00,117.5785381675392,118.08380700378882,114.66582171674165,115.96366882324219,2246100,0.0,0.0
2025-06-11 00:00:00-04:00,116.0627364952651,117.83612447545424,115.85468640488577,117.80640411376953,3484700,0.0,0.0
2025-06-12 00:00:00-04:00,119.70857816862349,121.69991790953073,119.34200941880462,120.95687866210938,2926800,0.0,0.0
2025-06-13 00:00:00-04:00,122.15565575443098,123.90922505909805,120.92715875193724,123.30488586425781,2990800,0.0,0.0
2025-06-16 00:00:00-04:00,122.15564504395573,123.6912548245531,121.74944666134635,122.85905456542969,2893700,0.0,0.0
2025-06-17 00:00:00-04:00,123.58228552955555,124.00829500047172,121.71973653688669,122.75999450683594,1683800,0.0,0.0
2025-06-18 00:00:00-04:00,122.84915738579188,123.50303556128925,121.07576944875696,121.51168823242188,2388300,0.0,0.0
2025-06-20 00:00:00-04:00,120.47143128445467,122.39342860143067,119.84728102313134,119.89681243896484,3461300,0.0,0.0
2025-06-23 00:00:00-04:00,120.27329113627698,123.07702779084433,120.04542243476878,121.22438049316406,2373000,0.0,0.0
2025-06-24 00:00:00-04:00,118.1135247682721,120.13459251023077,116.18161811149761,119.37173461914062,3418500,0.0,0.0
2025-06-25 00:00:00-04:00,118.19277881859722,119.49061827991392,118.16305089961246,118.66831970214844,1698300,0.0,0.0
2025-06-26 00:00:00-04:00,119.5599675253989,122.07639465671296,118.98534869949394,121.90797424316406,3485600,0.0,0.0
2025-06-27 00:00:00-04:00,118.22249672653842,118.38100783157192,113.53639266384602,115.04228973388672,4921800,0.0,0.0
2025-06-30 00:00:00-04:00,115.59709228995243,117.98472113022935,114.32897318955469,117.82621002197266,2140000,0.0,0.0
2025-07-01 00:00:00-04:00,119.30237930213995,119.9760685196056,116.17171121527208,116.8652114868164,1771500,0.0,0.0
2025-07-02 00:00:00-04:00,117.89555397182947,118.35128377763147,115.84476606642762,117.59833526611328,2423200,0.0,0.0
2025-07-03 00:00:00-04:00,116.89492889686295,119.1735855462869,116.89492889686295,118.94571685791016,1409300,0.0,0.0
2025-07-07 00:00:00-04:00,118.36119222998555,121.20455073248537,116.46891543831404,121.01631927490234,2293100,0.0,0.0
2025-07-08 00:00:00-04:00,120.42188866830857,120.58039976625362,114.28933608796702,115.06209564208984,3166200,0.0,0.0
2025-07-09 00:00:00-04:00,114.9927573668542,117.0534547607541,114.12092734262872,116.59772491455078,2265600,0.0,0.0
2025-07-10 00:00:00-04:00,116.89492525066326,117.50917371264384,115.17107641682827,117.0534439086914,1720000,0.0,0.0
2025-07-11 00:00:00-04:00,118.11352438786061,118.96554336139081,117.23178505269804,118.76739501953125,1783600,0.0,0.0
2025-07-14 00:00:00-04:00,118.73768022881075,121.08568716955196,118.39093006252071,118.45037078857422,1793300,0.0,0.0
2025-07-15 00:00:00-04:00,118.48999866258096,118.73767842883157,116.11227139485764,117.95500946044922,2547100,0.0,0.0
2025-07-16 00:00:00-04:00,118.25221837364948,119.89680795438181,116.70669917946485,118.59896850585938,2375000,0.0,0.0
2025-07-17 00:00:00-04:00,116.90483898253298,117.75685790522815,115.74569959651257,117.5091781616211,1826100,0.0,0.0
2025-07-18 00:00:00-04:00,118.48999169486218,118.70795108571964,116.5580926551459,116.6373519897461,1872900,0.0,0.0
2025-07-21 00:00:00-04:00,118.88627630685802,122.31416303334213,118.727757643661,121.531494140625,2995000,0.0,0.0
2025-07-22 00:00:00-04:00,122.89869168338473,128.56560542105285,122.45286361016807,127.42626953125,4376600,0.0,0.0
2025-07-23 00:00:00-04:00,127.36683341335247,128.16931339211578,125.8807548994434,126.01945495605469,2681100,0.0,0.0
2025-07-24 00:00:00-04:00,124.86031377744628,127.1389704902379,122.7104553715482,124.62254333496094,2363100,0.0,0.0
2025-07-25 00:00:00-04:00,123.41386844007188,126.64361457269403,123.34451841077876,125.6727066040039,3437000,0.0,0.0
2025-07-28 00:00:00-04:00,124.29560589712696,124.72161537311769,121.18474881518024,122.59156799316406,2282700,0.0,0.0
2025-07-29 00:00:00-04:00,122.74017878031505,125.38539674959405,122.2051896024969,125.12781524658203,2049800,0.0,0.0
2025-07-30 00:00:00-04:00,123.82005657384222,125.68260546185972,121.54139998607327,122.2249984741211,3258900,0.0,0.0
2025-07-31 00:00:00-04:00,124.2262575595198,127.79285208546327,122.19528054105677,123.20581817626953,3447700,0.0,0.0
2025-08-01 00:00:00-04:00,126.38601888166595,126.97054700526823,122.78971173650342,124.05783081054688,3800100,0.0,0.0
2025-08-04 00:00:00-04:00,126.00954616132579,130.47768320109253,125.75195711691588,130.17056274414062,3376000,0.0,0.0
2025-08-05 00:00:00-04:00,129.09069821294133,133.67771724045775,128.95199814743233,133.30125427246094,3340700,0.0,0.0
2025-08-06 00:00:00-04:00,133.49938233002456,134.70806069296142,132.5482854592717,134.1631622314453,2278100,0.0,0.0
2025-08-07 00:00:00-04:00,135.79785710989162,135.9167385493532,133.61826327195024,134.5198211669922,2190300,0.0,0.0
2025-08-08 00:00:00-04:00,134.73778973386516,136.5309887814285,133.5489299067068,134.35140991210938,2240400,0.0,0.0
2025-08-11 00:00:00-04:00,131.30989173545748,134.8665844921212,130.79472873147665,134.2028045654297,2224700,0.0,0.0
2025-08-12 00:00:00-04:00,135.19352880779496,135.19352880779496,131.67647314142727,134.12355041503906,1936900,0.0,0.0
2025-08-13 00:00:00-04:00,135.01517720055298,135.2232348314604,131.81515922713803,132.44921875,3233000,0.0,0.0
2025-08-14 00:00:00-04:00,132.13218269789155,133.34086103700338,130.4876007153311,131.4981231689453,2067200,0.0,0.0
2025-08-15 00:00:00-04:00,131.00276545297413,132.667181187095,129.85354293434486,132.1123809814453,2164900,0.0,0.0
2025-08-18 00:00:00-04:00,132.73652842524183,132.95448781632012,131.04240738760961,132.27088928222656,1455500,0.0,0.0
2025-08-19 00:00:00-04:00,131.85477315217958,132.29069188156876,128.83307752088675,129.0213165283203,2183200,0.0,0.0
2025-08-20 00:00:00-04:00,130.56684730317713,133.5291024860423,129.9427046274592,133.43994140625,2610200,0.0,0.0
2025-08-21 00:00:00-04:00,133.62818939968312,136.34274990337272,133.4498521109567,135.0746307373047,2007600,0.0,0.0
2025-08-22 00:00:00-04:00,133.84612742283616,136.7390247532452,132.5581898487821,135.98606872558594,2873500,0.0,0.0
2025-08-25 00:00:00-04:00,136.37245958902366,136.71921727390588,134.77740144947455,135.35202026367188,1758300,0.0,0.0
2025-08-26 00:00:00-04:00,135.55019318361272,138.50253183973527,135.16379822593038,138.3737335205078,2073100,0.0,0.0
2025-08-27 00:00:00-04:00,137.51180669761973,138.37372743070466,135.92665017612018,138.20530700683594,1560200,0.0,0.0
2025-08-28 00:00:00-04:00,138.82944621620214,139.14646840766164,136.87772874681238,137.81890869140625,1851000,0.0,0.0
2025-08-29 00:00:00-04:00,137.9675210876527,143.43629414456464,137.52170056564387,142.8319549560547,2804600,0.0,0.0
2025-09-02 00:00:00-04:00,144.9281971492836,147.03436016008197,141.9676295233054,146.77606201171875,5526300,0.4,0.0
2025-09-03 00:00:00-04:00,148.0278267503375,148.96169600229308,146.1402296541262,147.79933166503906,3261800,0.0,0.0
2025-09-04 00:00:00-04:00,146.04086864968198,147.7397180775048,144.92818116806657,147.4217987060547,2794800,0.0,0.0
2025-09-05 00:00:00-04:00,149.0213022132428,151.75335942048557,147.7099074773355,150.85923767089844,3103200,0.0,0.0
2025-09-08 00:00:00-04:00,153.39259228513583,154.03836037631407,150.93870688896723,153.1740264892578,3303600,0.0,0.0
2025-09-09 00:00:00-04:00,153.98867643016058,154.28672206154894,151.1076040316111,151.75335693359375,2417700,0.0,0.0
2025-09-10 00:00:00-04:00,153.02500314862704,155.16096903440535,150.9585726528224,151.82290649414062,3179700,0.0,0.0
2025-09-11 00:00:00-04:00,151.48513019266562,152.8163987975351,150.2134828476938,152.7269744873047,2552300,0.0,0.0
2025-09-12 00:00:00-04:00,153.5118094434655,153.95887030198637,150.77975233566764,152.25009155273438,2280300,0.0,0.0
2025-09-15 00:00:00-04:00,151.00824853884885,153.37272464981874,150.2234097066359,152.7567596435547,3091600,0.0,0.0
2025-09-16 00:00:00-04:00,152.42891806223113,153.13429224184404,149.86576495919633,151.4056396484375,3378200,0.0,0.0
2025-09-17 00:00:00-04:00,149.22994252936212,153.91913234597376,148.72326038694928,152.20042419433594,3778600,0.0,0.0
2025-09-18 00:00:00-04:00,150.7797552203247,153.52174167637747,149.746532386985,153.3727264404297,2847400,0.0,0.0
2025-09-19 00:00:00-04:00,154.48541336843704,161.46954370540993,153.86946351657127,160.13829040527344,9138200,0.0,0.0
2025-09-22 00:00:00-04:00,163.56577725201967,163.56577725201967,159.21435046824436,160.13829040527344,4859600,0.0,0.0
2025-09-23 00:00:00-04:00,161.7675911690949,162.82067260231105,160.14822151656597,161.33045959472656,2995700,0.0,0.0
2025-09-24 00:00:00-04:00,161.04235685257348,161.5490238129083,156.86974834447778,156.89955139160156,2820400,0.0,0.0
2025-09-25 00:00:00-04:00,156.89954196041083,159.4031038829337,155.92594044135234,158.856689453125,2709200,0.0,0.0
2025-09-26 00:00:00-04:00,159.73098512671407,163.51612424840263,159.07528767717818,162.353759765625,2480900,0.0,0.0
2025-09-29 00:00:00-04:00,166.39718821482774,167.4502696374788,164.5592527935537,165.681884765625,3973500,0.0,0.0
2025-09-30 00:00:00-04:00,163.9035465180474,168.274846820735,163.6849807449515,167.46018981933594,2474600,0.0,0.0
2025-10-01 00:00:00-04:00,168.48346809801433,170.3313327142272,168.22516998406854,169.07955932617188,2399900,0.0,0.0
2025-10-02 00:00:00-04:00,170.13264705687507,170.2220561966751,162.79086511287753,167.04293823242188,3339200,0.0,0.0
2025-10-03 00:00:00-04:00,168.3443935015933,169.11930305483938,166.72503900403063,168.31459045410156,1766300,0.0,0.0
2025-10-06 00:00:00-04:00,169.1888585823974,171.08640017775645,168.11590336343883,169.2981414794922,2834500,0.0,0.0
2025-10-07 00:00:00-04:00,169.88427718859117,169.9736863278436,164.38043066786415,165.2050018310547,2707200,0.0,0.0
2025-10-08 00:00:00-04:00,169.24846190643925,169.65579043977692,165.2546867389485,168.463623046875,3061800,0.0,0.0
2025-10-09 00:00:00-04:00,168.89080403432845,169.0894960660522,159.10506608982377,160.6747589111328,3333800,0.0,0.0
2025-10-10 00:00:00-04:00,161.4397413840477,163.50617189287115,159.95945768264943,163.30747985839844,2840600,0.0,0.0
2025-10-13 00:00:00-04:00,166.4170484917596,171.16585939696407,166.4170484917596,170.97711181640625,2477600,0.0,0.0
2025-10-14 00:00:00-04:00,168.2947295962189,172.3679848700984,167.92714854283918,170.07305908203125,2690900,0.0,0.0
2025-10-15 00:00:00-04:00,171.46390893747986,178.0307816808521,171.16586329729768,177.57379150390625,2619700,0.0,0.0
2025-10-16 00:00:00-04:00,179.34216335167216,186.2766166218644,177.81220291798252,184.30953979492188,3493100,0.0,0.0
2025-10-17 00:00:00-04:00,180.75290494019066,181.01120307006028,169.3179941283328,173.3515167236328,4081900,0.0,0.0
2025-10-20 00:00:00-04:00,177.31548391356907,177.88177216405973,173.80851698871075,177.33535766601562,2609300,0.0,0.0
2025-10-21 00:00:00-04:00,166.88398867578582,167.4403324584015,159.23423134635777,162.1351776123047,5728500,0.0,0.0
2025-10-22 00:00:00-04:00,158.96599294344355,163.17833408740682,157.2472847498475,162.4332275390625,3298200,0.0,0.0
2025-10-23 00:00:00-04:00,165.60242091530824,165.60242091530824,162.39349953914717,163.59559631347656,1966400,0.0,0.0
2025-10-24 00:00:00-04:00,160.3667948292085,163.764478826835,158.95606160160204,162.28421020507812,2241000,0.0,0.0
2025-10-27 00:00:00-04:00,155.48883092552242,159.16470206905075,151.09767143345408,154.15757751464844,5391800,0.0,0.0
2025-10-28 00:00:00-04:00,150.92877803730448,156.12465003448537,149.69686310774617,155.76699829101562,3580100,0.0,0.0
2025-10-29 00:00:00-04:00,159.97933507470216,159.97933507470216,154.85299860879505,155.75706481933594,3292400,0.0,0.0
2025-10-30 00:00:00-04:00,156.32336639604,162.9001689515054,155.13118374181084,161.54904174804688,3032300,0.0,0.0
2025-10-31 00:00:00-04:00,161.94641549928264,161.94641549928264,157.64466530435683,159.76077270507812,2040700,0.0,0.0
2025-11-03 00:00:00-05:00,159.3037812409065,161.56890386604795,158.01226023132173,161.44967651367188,1869600,0.0,0.0
2025-11-04 00:00:00-05:00,156.75054003140235,159.3435113098923,154.7337862769358,154.8927459716797,2742800,0.0,0.0
2025-11-05 00:00:00-05:00,157.27708142849124,159.56207778270573,156.83994984569165,158.6381378173828,1903000,0.0,0.0
2025-11-06 00:00:00-05:00,159.90980387060216,162.224588166396,158.22088359683966,158.2506866455078,2023700,0.0,0.0
2025-11-07 00:00:00-05:00,159.61175079930166,160.406534098351,156.3034761179606,160.3568572998047,2221100,0.0,0.0
2025-11-10 00:00:00-05:00,163.9234252674173,168.01653867162582,162.56236895099903,166.82437133789062,2921200,0.0,0.0
2025-11-11 00:00:00-05:00,167.51981314543534,167.51981314543534,162.33387046702757,166.74490356445312,1861300,0.0,0.0
2025-11-12 00:00:00-05:00,167.39067415279476,173.53034479516012,165.7216276124575,171.97059631347656,2446500,0.0,0.0
2025-11-13 00:00:00-05:00,172.68590390809436,173.31178311125356,166.43693505870615,167.7681884765625,2552500,0.0,0.0
2025-11-14 00:00:00-05:00,161.63844742819103,168.11591139618983,160.1283605486998,167.01315307617188,2449900,0.0,0.0
2025-11-17 00:00:00-05:00,165.6520892709436,167.80792901280236,162.86041073704385,163.86383056640625,2957500,0.0,0.0
2025-11-18 00:00:00-05:00,165.5527322803298,167.1323544539834,162.6219830197146,165.40371704101562,1877900,0.0,0.0
2025-11-19 00:00:00-05:00,168.453687195625,171.46391645913053,165.13548298213925,166.57601928710938,1718900,0.0,0.0
2025-11-20 00:00:00-05:00,167.60923747030148,168.50335924562395,157.38636735506083,157.56520080566406,2169500,0.0,0.0
2025-11-21 00:00:00-05:00,156.30347734401002,159.99920682823287,155.0318301192485,158.9560546875,2411200,0.0,0.0
2025-11-24 00:00:00-05:00,160.52576414207218,165.4037322128028,160.02902641982016,165.11561584472656,2149800,0.0,0.0
2025-11-25 00:00:00-05:00,164.9169221603951,167.01315593398388,163.78436077120506,164.7877655029297,1563700,0.0,0.0
2025-11-26 00:00:00-05:00,166.79457976679993,172.74550270840027,166.30777137670614,171.89111328125,2301500,0.0,0.0
2025-11-28 00:00:00-05:00,173.85818886922772,174.10655771046947,171.35462670492615,173.29190063476562,1319500,0.0,0.0
2025-12-01 00:00:00-05:00,175.1539730635758,175.25355502474218,170.07561211964415,171.2804718017578,2599800,0.4,0.0
2025-12-02 00:00:00-05:00,170.28470369862808,170.8821650449615,163.61312290357972,169.0499725341797,2175000,0.0,0.0
2025-12-03 00:00:00-05:00,170.47391581306894,171.31034961880167,167.4966065105995,168.4624786376953,1172300,0.0,0.0
2025-12-04 00:00:00-05:00,167.58621187176968,171.15103025846898,166.78960177967883,170.7029266357422,1395800,0.0,0.0
2025-12-05 00:00:00-05:00,172.26628046255922,172.5152201742103,166.76968737496222,168.1139678955078,2477000,0.0,0.0
2025-12-08 00:00:00-05:00,168.67158465368462,169.27899813711605,163.85211564741735,164.02139282226562,2785800,0.0,0.0
2025-12-09 00:00:00-05:00,164.80804474263485,166.83940134166463,164.45953825534338,165.5747833251953,1930900,0.0,0.0
2025-12-10 00:00:00-05:00,163.91186563326292,164.9474481564634,159.52056543870833,163.4139862060547,3564300,0.0,0.0
2025-12-11 00:00:00-05:00,163.9716129990133,171.65887277061006,163.0057256695769,169.67730712890625,2350500,0.0,0.0
2025-12-12 00:00:00-05:00,173.37156312241348,174.10843009512772,166.60040032769953,167.55633544921875,2635800,0.0,0.0
2025-12-15 00:00:00-05:00,171.21077041571903,171.96754163346654,166.88918087250104,167.68577575683594,2979000,0.0,0.0
2025-12-16 00:00:00-05:00,168.17370663477877,169.65739274761643,165.2959642504703,165.82371520996094,2301500,0.0,0.0
2025-12-17 00:00:00-05:00,166.96882245488047,168.0840826038694,163.9715940415073,166.79954528808594,2339100,0.0,0.0
2025-12-18 00:00:00-05:00,166.45103506415342,170.21500189575872,165.4751805566464,167.89488220214844,2777900,0.0,0.0
2025-12-19 00:00:00-05:00,168.08408692510136,175.8709127682043,167.934713990038,173.4711456298828,6564700,0.0,0.0
2025-12-22 00:00:00-05:00,178.65904763541505,180.5609506492101,176.55799589423407,179.3660430908203,3215300,0.0,0.0
2025-12-23 00:00:00-05:00,180.50119018554688,181.56664413130204,177.56370495549692,180.50119018554688,1706700,0.0,0.0
2025-12-24 00:00:00-05:00,180.71029795450687,181.17830579356237,177.58361601358246,180.57089233398438,1151800,0.0,0.0
2025-12-26 00:00:00-05:00,182.24378678816248,183.19970676397705,179.8539564604779,182.4329833984375,1426800,0.0,0.0
2025-12-29 00:00:00-05:00,174.7556720858197,175.2535514934716,168.67158511655043,170.61331176757812,3553700,0.0,0.0
2025-12-30 00:00:00-05:00,173.7001697875784,173.76986500357685,170.42411478381018,171.11119079589844,1809900,0.0,0.0
2025-12-31 00:00:00-05:00,169.49808070884023,172.37582331418778,168.37286829282104,168.81100463867188,1225700,0.0,0.0
2026-01-02 00:00:00-05:00,169.5179957033465,170.27476697559337,164.30021374837958,169.7270965576172,2079900,0.0,0.0
2026-01-05 00:00:00-05:00,173.17243091339574,180.8795949402383,171.96755598009963,174.41712951660156,2870400,0.0,0.0
2026-01-06 00:00:00-05:00,175.93066584062905,179.98341164213028,174.55652896338157,179.8539581298828,1919300,0.0,0.0
2026-01-07 00:00:00-05:00,175.54232091552385,181.62640809451378,173.57072264760123,181.29782104492188,2461300,0.0,0.0
2026-01-08 00:00:00-05:00,178.14125167635055,185.73889654215955,177.75290633372754,185.6791534423828,2197700,0.0,0.0
2026-01-09 00:00:00-05:00,186.60520213970003,191.066212720915,186.04757961556672,190.329345703125,2581400,0.0,0.0
2026-01-12 00:00:00-05:00,195.69647996704163,198.1560054715867,193.19713079503038,193.5058135986328,3111100,0.0,0.0
2026-01-13 00:00:00-05:00,196.16449178337822,199.94837842004503,194.7007250707885,198.2356719970703,2800300,0.0,0.0
2026-01-14 00:00:00-05:00,201.09349019520238,201.09349019520238,193.3564399273519,196.44329833984375,3071600,0.0,0.0
2026-01-15 00:00:00-05:00,195.4774075322326,201.02379133955165,193.5755045782846,199.56997680664062,1990000,0.0,0.0
2026-01-16 00:00:00-05:00,198.20578938300173,199.37082533927938,193.87423258647158,196.64244079589844,2158300,0.0,0.0
2026-01-20 00:00:00-05:00,205.186068420114,208.69114386438062,204.62844588913228,208.20321655273438,3291200,0.0,0.0
2026-01-21 00:00:00-05:00,212.82352879759986,212.89323920830375,203.04518506528913,204.4790802001953,3591100,0.0,0.0
2026-01-22 00:00:00-05:00,205.63413562362533,214.33707263751904,205.38519593415086,212.78369140625,2449900,0.0,0.0
2026-01-23 00:00:00-05:00,214.58603161444236,215.034120056957,210.97142213628095,213.63009643554688,2598100,0.0,0.0
2026-01-26 00:00:00-05:00,219.6843092035939,222.4923564100178,214.42670377300033,214.4964141845703,3811400,0.0,0.0
2026-01-27 00:00:00-05:00,216.07965884013723,217.31440521766157,208.76082560824514,215.24322509765625,3101900,0.0,0.0
2026-01-28 00:00:00-05:00,218.22054031346062,223.34870737612496,215.69131958460093,222.0442657470703,2866800,0.0,0.0
2026-01-29 00:00:00-05:00,223.56777447372355,224.04573445288239,209.03964174548278,214.59597778320312,4298600,0.0,0.0
2026-01-30 00:00:00-05:00,201.67104021965568,203.7521725855181,187.7204640941692,189.6920623779297,7153600,0.0,0.0
2026-02-02 00:00:00-05:00,187.03337220914852,194.1729607903032,186.24671426957354,190.0106964111328,3724900,0.0,0.0
2026-02-03 00:00:00-05:00,200.29688723378644,201.12336890519106,190.4090091151481,196.5130157470703,3558900,0.0,0.0
2026-02-04 00:00:00-05:00,199.91850541066248,200.49604735782776,190.0206601669701,197.6979522705078,2958700,0.0,0.0
2026-02-05 00:00:00-05:00,192.96810474202687,198.14606302155804,187.999277704674,188.64651489257812,3999800,0.0,0.0
2026-02-06 00:00:00-05:00,193.76470462804758,197.90706495494,193.76470462804758,195.7661895751953,2732500,0.0,0.0
2026-02-09 00:00:00-05:00,199.1517643084236,209.4379547582425,199.03227811194216,208.9500274658203,2626900,0.0,0.0
2026-02-10 00:00:00-05:00,210.88179893127938,211.9771396966106,208.66126104600636,210.9913330078125,2062500,0.0,0.0
2026-02-11 00:00:00-05:00,216.16927790396647,217.32436177809325,208.87036395314763,216.26885986328125,1799400,0.0,0.0
2026-02-12 00:00:00-05:00,213.6002049037752,217.72264553859713,204.27990235625523,204.33966064453125,3761500,0.0,0.0
2026-02-13 00:00:00-05:00,207.3667622862526,216.2987196012151,204.52884373555827,215.67138671875,2672900,0.0,0.0
2026-02-17 00:00:00-05:00,209.11930774922686,213.4906884329825,206.13203124021643,212.0568084716797,2233000,0.0,0.0
2026-02-18 00:00:00-05:00,214.88475463016798,222.28323530885578,212.68412097064726,219.7042236328125,2827500,0.0,0.0
2026-02-19 00:00:00-05:00,219.04702740919282,223.8067534932018,217.15509167319985,223.5179901123047,1680100,0.0,0.0
2026-02-20 00:00:00-05:00,223.89638966899648,228.1183975851151,220.06271191324,227.2919158935547,2389900,0.0,0.0
2026-02-23 00:00:00-05:00,229.42282883387495,239.79864923494597,229.02453137867207,239.4700469970703,2688100,0.0,0.0
2026-02-24 00:00:00-05:00,234.79992846362362,244.76746859809276,233.2863708308025,243.10455322265625,1824100,0.0,0.0
2026-02-25 00:00:00-05:00,244.56832231162193,244.56832231162193,238.64356042173685,239.52978515625,2155200,0.0,0.0
2026-02-26 00:00:00-05:00,238.0759707249726,245.73335842064117,235.26793877592743,245.35496520996094,1612500,0.0,0.0
2026-02-27 00:00:00-05:00,247.65518604711667,251.7079165966112,246.02214216871815,250.53292846679688,2510600,0.0,0.0
2026-03-02 00:00:00-05:00,252.9968373845644,254.6128673094245,243.5600896284819,251.5703582763672,2500700,0.45,0.0
2026-03-03 00:00:00-05:00,238.51253534857403,238.51253534857403,226.32255877512836,233.94378662109375,3603500,0.0,0.0
2026-03-04 00:00:00-05:00,239.42028425702833,240.5076176693587,228.43734156786502,232.15817260742188,1948000,0.0,0.0
2026-03-05 00:00:00-05:00,228.55704339095104,229.21542541283335,214.36201100502282,220.94580078125,5378100,0.0,0.0
2026-03-06 00:00:00-05:00,216.88579500259883,224.1379367999682,214.48171274421517,220.45700073242188,2178900,0.0,0.0
2026-03-09 00:00:00-04:00,215.0104068942281,225.22525247400657,211.92800274369276,224.19778442382812,2098200,0.0,0.0
2026-03-10 00:00:00-04:00,227.90864001526228,231.23045988005438,225.94347917734055,226.3824005126953,1959900,0.0,0.0
2026-03-11 00:00:00-04:00,221.68396598582888,223.9384227992318,216.1475995573492,222.26254272460938,1773500,0.0,0.0
2026-03-12 00:00:00-04:00,221.15527124652039,222.16279937801863,215.27974381941067,217.7037811279297,1637900,0.0,0.0
2026-03-13 00:00:00-04:00,216.43689786929133,216.43689786929133,206.14224718636024,207.03005981445312,2879500,0.0,0.0
2026-03-16 00:00:00-04:00,205.66342911312168,211.6087918196136,204.94519696814152,209.6436309814453,2510900,0.0,0.0
2026-03-17 00:00:00-04:00,210.97037527928512,214.46177579135974,207.43906452314548,208.9353790283203,1545100,0.0,0.0
2026-03-18 00:00:00-04:00,201.86279884468718,203.15960776810562,193.78269458602435,195.6082000732422,3172800,0.0,0.0
2026-03-19 00:00:00-04:00,179.56770454090963,186.29114963803522,178.06142013595334,184.32598876953125,5781300,0.0,0.0
2026-03-20 00:00:00-04:00,184.82476366082895,184.83473361104498,175.12864459651811,178.68988037109375,7621400,0.0,0.0
2026-03-23 00:00:00-04:00,179.2684514640596,187.59792602056854,178.47041405435937,183.58779907226562,3783700,0.0,0.0
2026-03-24 00:00:00-04:00,180.72486226095512,185.52304162309076,178.13125961127813,183.03916931152344,2627200,0.0,0.0
2026-03-25 00:00:00-04:00,191.52824818272094,193.18417314824546,187.82735710640264,191.59808349609375,4147800,0.0,0.0
2026-03-26 00:00:00-04:00,185.93202819670935,195.64810192341844,184.75493483234587,187.09915161132812,3642400,0.0,0.0
2026-03-27 00:00:00-04:00,184.85468569749878,193.96225790225955,184.85468569749878,192.9248046875,3051500,0.0,0.0
2026-03-30 00:00:00-04:00,196.42619064350265,198.03223544033145,188.90470809637975,191.3885955810547,2442600,0.0,0.0
2026-03-31 00:00:00-04:00,196.26657393720893,202.9102135873816,195.92741298986974,202.48126220703125,3312300,0.0,0.0
2026-04-01 00:00:00-04:00,208.04755794877278,213.1250479778414,205.5038203486077,209.56382751464844,3210800,0.0,0.0
2026-04-02 00:00:00-04:00,200.19690000974006,210.98033702213021,197.87262307556466,208.02760314941406,2182900,0.0,0.0
2026-04-06 00:00:00-04:00,208.47651822723302,210.33194882656522,207.19966439772466,207.9877166748047,1427700,0.0,0.0
2026-04-07 00:00:00-04:00,206.91035848818794,209.24460535641728,202.1620594885465,209.10494995117188,1416200,0.0,0.0
2026-04-08 00:00:00-04:00,219.8086018035731,221.44457168245748,212.70608543316231,215.06028747558594,2929400,0.0,0.0
2026-04-09 00:00:00-04:00,216.1077086749833,219.84849481703637,212.76593363289675,215.908203125,1387900,0.0,0.0
2026-04-10 00:00:00-04:00,217.26486163800956,219.18014231145384,215.19994038647414,218.2125244140625,2081200,0.0,0.0
2026-04-13 00:00:00-04:00,215.73862815409035,218.40206612867192,213.84328732761819,216.8459014892578,1318100,0.0,0.0
2026-04-14 00:00:00-04:00,218.7113053132832,222.37228633963386,217.24491586839332,219.3996124267578,1839000,0.0,0.0
2026-04-15 00:00:00-04:00,217.574105976914,219.6190721865697,213.1948927827959,213.8732147216797,1833700,0.0,0.0
2026-04-16 00:00:00-04:00,214.61139196424304,216.56658286465975,212.85572183301196,214.4019012451172,1496000,0.0,0.0
2026-04-17 00:00:00-04:00,217.20501728252404,223.79877709049825,217.20501728252404,219.55921936035156,2099900,0.0,0.0
2026-04-20 00:00:00-04:00,217.44441180887907,217.54417219415512,211.4990642460904,215.8583221435547,2045900,0.0,0.0
2026-04-21 00:00:00-04:00,214.13258318867756,215.53912246624242,202.231887330533,202.59100341796875,2670500,0.0,0.0
2026-04-22 00:00:00-04:00,206.97021351393076,207.2994045243406,202.7905059865576,203.568603515625,2124500,0.0,0.0
2026-04-23 00:00:00-04:00,199.75798465424188,201.67326537717994,195.3189213728517,198.47116088867188,2670200,0.0,0.0
2026-04-24 00:00:00-04:00,201.08471092992522,201.16451619297396,197.20426943930244,199.73802185058594,2148500,0.0,0.0
2026-04-27 00:00:00-04:00,197.5434280935875,199.93752507201347,196.20672420098796,197.6431884765625,1660800,0.0,0.0
2026-04-28 00:00:00-04:00,193.0245733598777,194.261532177872,187.09916541667835,188.7650604248047,2973700,0.0,0.0
2026-04-29 00:00:00-04:00,186.3709634536435,186.53057398927044,182.7399074852723,183.10899353027344,2354600,0.0,0.0
2026-04-30 00:00:00-04:00,188.23636017863066,189.53316911684766,185.49311694141312,187.74757385253906,2665700,0.0,0.0
2026-05-01 00:00:00-04:00,185.8522368235052,187.2288510560152,182.3508663179932,183.10899353027344,2773900,0.0,0.0
2026-05-04 00:00:00-04:00,182.40073865543883,183.25862622085378,178.79960791496765,179.48789978027344,2346800,0.0,0.0
2026-05-05 00:00:00-04:00,182.30097464723153,182.96932659913625,177.58260074185472,177.70230102539062,1869400,0.0,0.0
2026-05-06 00:00:00-04:00,187.17896152015317,190.39105108818418,186.0317931978411,189.3436279296875,2572200,0.0,0.0
2026-05-07 00:00:00-04:00,195.01965797137015,197.31400993294005,187.1590142012483,187.30865478515625,3821900,0.0,0.0
2026-05-08 00:00:00-04:00,189.04436923498554,193.3038821246287,188.595477927382,192.73529052734375,1905700,0.0,0.0
2026-05-11 00:00:00-04:00,194.67050371194304,200.14702007454403,194.51090840558112,196.35635375976562,2104000,0.0,0.0
2026-05-12 00:00:00-04:00,192.59562498904117,197.62323476818864,189.6329212048176,196.5658416748047,1736400,0.0,0.0
2026-05-13 00:00:00-04:00,194.31138626647189,196.13689170781188,192.32628551989427,195.48849487304688,2173400,0.0,0.0
2026-05-14 00:00:00-04:00,195.0196486011668,195.04957367225092,191.0394467127086,192.18663024902344,1521700,0.0,0.0
2026-05-15 00:00:00-04:00,184.54545639162006,184.54545639162006,178.659958735758,179.88693237304688,2844600,0.0,0.0
2026-05-18 00:00:00-04:00,181.55282204996686,183.48805786326977,177.21350400585783,178.76968383789062,1649000,0.0,0.0
2026-05-19 00:00:00-04:00,176.6149943958523,176.73469468720674,172.0163204736378,172.9739532470703,3238700,0.0,0.0
2026-05-20 00:00:00-04:00,174.46029555641684,178.46043752727678,172.57493988559378,177.7122802734375,1749400,0.0,0.0
2026-05-21 00:00:00-04:00,174.5700197716135,180.20613146429218,172.78442455246343,177.31326293945312,1483500,0.0,0.0
2026-05-22 00:00:00-04:00,176.70475676417644,177.16363321649587,173.4926672618325,175.477783203125,1433900,0.0,0.0
2026-05-26 00:00:00-04:00,179.687421427881,181.2934662306866,177.7322304943924,180.1263427734375,1623200,0.0,0.0
2026-05-27 00:00:00-04:00,176.16608987777232,178.5103066617818,174.46028474733453,174.48023986816406,1474100,0.0,0.0
2026-05-28 00:00:00-04:00,171.88663303206405,179.55774118823587,170.470123789246,177.53273010253906,2129300,0.0,0.0
2026-05-29 00:00:00-04:00,178.7297800139933,184.29607185935953,176.90427447159107,182.6999969482422,3674800,0.0,0.0
2026-06-01 00:00:00-04:00,176.52000427246094,177.80999755859375,172.52999877929688,176.57000732421875,2009100,0.45,0.0
2026-06-02 00:00:00-04:00,177.5399932861328,179.1300048828125,174.77000427246094,178.94000244140625,2020900,0.0,0.0
2026-06-03 00:00:00-04:00,175.91000366210938,175.91000366210938,171.52999877929688,171.64999389648438,2404900,0.0,0.0
2026-06-04 00:00:00-04:00,174.6199951171875,178.0800018310547,174.4199981689453,176.75,2101800,0.0,0.0
2026-06-05 00:00:00-04:00,172.5500030517578,172.8000030517578,162.92999267578125,163.66000366210938,4575700,0.0,0.0
2026-06-08 00:00:00-04:00,164.0,165.75999450683594,161.55999755859375,162.11000061035156,2963500,0.0,0.0
2026-06-09 00:00:00-04:00,163.7100067138672,164.00999450683594,154.4600067138672,159.92999267578125,2668724,0.0,0.0
