Date,Open,High,Low,Close,Volume,Dividends,Stock Splits
2022-01-03 00:00:00-05:00,31.35039565112438,31.667117060551746,30.960980467289108,31.127132415771484,1611502,0.0,0.0
2022-01-04 00:00:00-05:00,31.153092056262793,31.703466291799053,31.132323979945724,31.42308807373047,3134311,0.0,0.0
2022-01-05 00:00:00-05:00,31.53212566158373,31.6048194512067,29.990048928575458,30.00043296813965,3637708,0.0,0.0
2022-01-06 00:00:00-05:00,29.98485036190212,30.047156425150387,29.527939843933993,29.88100814819336,5843897,0.0,0.0
2022-01-07 00:00:00-05:00,29.90696717637986,30.09907645340507,29.533128984140667,29.787546157836914,1833976,0.0,0.0
2022-01-10 00:00:00-05:00,29.55390283653758,29.709667086313978,29.065836497913935,29.429288864135742,1987983,0.0,0.0
2022-01-11 00:00:00-05:00,29.465630627894896,30.472913470078584,29.356595481466723,30.457338333129883,1834347,0.0,0.0
2022-01-12 00:00:00-05:00,30.659840592759572,31.10636715663917,30.46772942949241,30.61311149597168,3782066,0.0,0.0
2022-01-13 00:00:00-05:00,30.665031018445692,30.935025228785374,30.171773531082977,30.275617599487305,2732224,0.0,0.0
2022-01-14 00:00:00-05:00,29.891392314430355,30.07311941609991,29.34102174660909,29.642168045043945,2894394,0.0,0.0
2022-01-18 00:00:00-05:00,29.403328487344638,29.470827494164997,28.697191816206246,28.84776496887207,4106222,0.0,0.0
2022-01-19 00:00:00-05:00,29.08141565723298,29.08141565723298,28.364894909312564,28.55181312561035,3094788,0.0,0.0
2022-01-20 00:00:00-05:00,28.769883998394793,29.30467760664921,28.396045745112186,28.489505767822266,2511048,0.0,0.0
2022-01-21 00:00:00-05:00,28.318161284465443,28.318161284465443,27.674330708952528,27.721059799194336,3520069,0.0,0.0
2022-01-24 00:00:00-05:00,27.01491942989425,27.887207911097427,26.412626927456913,27.840476989746094,4463962,0.0,0.0
2022-01-25 00:00:00-05:00,27.305690922771824,28.307781054197967,27.170692896602084,27.95990562438965,4035527,0.0,0.0
2022-01-26 00:00:00-05:00,28.23509165410358,28.59335297002858,27.243383699542637,27.378381729125977,5638308,0.0,0.0
2022-01-27 00:00:00-05:00,27.65356598841188,27.74702418023633,27.07204140850791,27.144731521606445,5276485,0.0,0.0
2022-01-28 00:00:00-05:00,27.092803998914516,27.632792311978637,26.92146279024054,27.612022399902344,3510049,0.0,0.0
2022-01-31 00:00:00-05:00,27.466643876649727,28.676421961008998,27.43029882524861,28.608922958374023,4065957,0.0,0.0
2022-02-01 00:00:00-05:00,28.6608467625515,28.889302960573648,28.261049334791586,28.84776496887207,2945235,0.0,0.0
2022-02-02 00:00:00-05:00,29.08141092876457,29.128140015851688,28.67122766970986,28.998336791992188,2401759,0.0,0.0
2022-02-03 00:00:00-05:00,28.676421392659602,28.707573505718468,28.2402789469327,28.24547004699707,3762026,0.0,0.0
2022-02-04 00:00:00-05:00,28.115662642511808,28.69718708013055,28.115662642511808,28.375272750854492,5820518,0.0,0.0
2022-02-07 00:00:00-05:00,28.42719496511253,29.242368558455848,28.42719496511253,28.961990356445312,3045432,0.0,0.0
2022-02-08 00:00:00-05:00,28.86333904359765,29.237175418654097,28.562192768542598,29.133333206176758,2856171,0.0,0.0
2022-02-09 00:00:00-05:00,29.465635019824266,29.891393469403194,29.450059880554047,29.54351806640625,5840743,0.0,0.0
2022-02-10 00:00:00-05:00,30.997329210067672,32.435563494944795,30.903867355283367,31.00771141052246,10903289,0.0,0.0
2022-02-11 00:00:00-05:00,31.147902126448386,31.25693544355673,30.10427231905016,30.14061737060547,5669480,0.0,0.0
2022-02-14 00:00:00-05:00,30.15099902968869,30.15099902968869,29.22679032536833,29.418901443481445,4981275,0.0,0.0
2022-02-15 00:00:00-05:00,29.90177427391061,30.041963366468657,29.226789822244367,29.335824966430664,3806002,0.0,0.0
2022-02-16 00:00:00-05:00,29.27871694760799,29.434483041501064,28.967186597379573,29.304677963256836,2968058,0.0,0.0
2022-02-17 00:00:00-05:00,29.0762208151814,29.12295174436455,28.307778084564752,28.338932037353516,3244713,0.0,0.0
2022-02-18 00:00:00-05:00,28.442776427896742,28.57777260391936,27.518565760128002,27.62240982055664,6668667,0.0,0.0
2022-02-22 00:00:00-05:00,27.591256566571797,28.01182389142094,27.342030464314373,27.721059799194336,3673890,0.0,0.0
2022-02-23 00:00:00-05:00,28.048169482809453,28.146820603019975,27.123960672961754,27.165496826171875,2523294,0.0,0.0
2022-02-24 00:00:00-05:00,26.06475968225778,27.715873476866246,25.986876626723408,27.674335479736328,3878552,0.0,0.0
2022-02-25 00:00:00-05:00,27.794064744004068,28.559326416934166,27.471302595723934,28.538503646850586,3206490,0.075451,0.0
2022-02-28 00:00:00-05:00,27.98668555357293,28.502062966024486,27.814891240358694,28.444799423217773,4051484,0.0,0.0
2022-03-01 00:00:00-05:00,28.37712498150173,28.465626373607694,27.39321854810385,27.788864135742188,3109076,0.0,0.0
2022-03-02 00:00:00-05:00,27.94503610354268,28.62179828047626,27.93983133190913,28.512475967407227,2688248,0.0,0.0
2022-03-03 00:00:00-05:00,28.574944645604212,28.642621412515755,27.903389117440863,28.069976806640625,2031216,0.0,0.0
2022-03-04 00:00:00-05:00,27.71598011898126,28.12724182869976,27.476510878882518,28.11162567138672,2564858,0.0,0.0
2022-03-07 00:00:00-05:00,27.96586318065496,28.252184602426254,27.20060323696937,27.221426010131836,5134354,0.0,0.0
2022-03-08 00:00:00-05:00,27.455686779024656,27.866950338837814,26.955925518124396,27.174571990966797,2604194,0.0,0.0
2022-03-09 00:00:00-05:00,27.840916161916688,28.340679179211488,27.622269726700413,28.246973037719727,3292028,0.0,0.0
2022-03-10 00:00:00-05:00,27.825300965403763,28.153269730042034,27.637890505952885,28.069976806640625,1813566,0.0,0.0
2022-03-11 00:00:00-05:00,28.16889103494663,28.450007678314428,27.82530423109678,27.851333618164062,3191831,0.0,0.0
2022-03-14 00:00:00-04:00,27.794065830274523,28.11682983356611,26.981953814115204,27.13812828063965,2645943,0.0,0.0
2022-03-15 00:00:00-04:00,27.320333172944018,27.528568245397405,27.049629789630952,27.481714248657227,3299821,0.0,0.0
2022-03-16 00:00:00-04:00,27.794067483215247,28.606181390068784,27.601452234966843,28.40835952758789,3639378,0.0,0.0
2022-03-17 00:00:00-04:00,28.38232612449193,28.887293937695016,28.273003822655138,28.876882553100586,2672848,0.0,0.0
2022-03-18 00:00:00-04:00,28.783179666450373,30.079438649178293,28.476035495346935,29.10594367980957,2540180,0.0,0.0
2022-03-21 00:00:00-04:00,29.001823570062697,29.251706018491316,28.731118351930405,29.168411254882812,1783507,0.0,0.0
2022-03-22 00:00:00-04:00,29.47035002125207,29.63173293152444,29.303762339859308,29.491172790527344,1956810,0.0,0.0
2022-03-23 00:00:00-04:00,29.407879748988172,29.465143285455962,28.866471168506155,28.876882553100586,2046431,0.0,0.0
2022-03-24 00:00:00-04:00,29.03306008944942,29.42349900399895,28.840443017835224,29.3402042388916,2618853,0.0,0.0
2022-03-25 00:00:00-04:00,29.4703531789041,29.62132287831789,29.163207166001406,29.600500106811523,2137165,0.0,0.0
2022-03-28 00:00:00-04:00,29.48597319718504,29.79832400314767,29.26212009738107,29.76708984375,1660116,0.0,0.0
2022-03-29 00:00:00-04:00,30.240820350923208,30.407408053884346,30.07943926215343,30.339733123779297,1900774,0.0,0.0
2022-03-30 00:00:00-04:00,30.121085110814455,30.376170502829787,29.876409261856235,29.990938186645508,1593875,0.0,0.0
2022-03-31 00:00:00-04:00,29.94408611872256,30.324111822095805,29.44952964782715,29.44952964782715,3003312,0.0,0.0
2022-04-01 00:00:00-04:00,29.735852565568862,29.803529338287955,29.428708387221672,29.7514705657959,2282079,0.0,0.0
2022-04-04 00:00:00-04:00,29.92846675659194,30.52713889747207,29.845171991713315,30.5167293548584,2146814,0.0,0.0
2022-04-05 00:00:00-04:00,30.51152365865067,30.797845045838077,30.199171044558614,30.292877197265625,3982274,0.0,0.0
2022-04-06 00:00:00-04:00,30.069026160902443,30.162732314221778,29.683792004630394,29.87120246887207,3123549,0.0,0.0
2022-04-07 00:00:00-04:00,29.68379124766605,29.735850015694023,29.121559869278446,29.319381713867188,3593547,0.0,0.0
2022-04-08 00:00:00-04:00,29.314173272138444,29.548437713656106,29.074705901977538,29.225675582885742,1654178,0.0,0.0
2022-04-11 00:00:00-04:00,29.00703402854282,29.121562961887545,28.377123973948255,28.41356658935547,2647056,0.0,0.0
2022-04-12 00:00:00-04:00,28.42918254675911,28.684269798425547,27.986686659448278,28.033538818359375,2045689,0.0,0.0
2022-04-13 00:00:00-04:00,28.043945791720077,28.47082545382119,27.86174011422976,28.35629653930664,2082428,0.0,0.0
2022-04-14 00:00:00-04:00,28.43959617614746,28.777976364246946,28.309449241341063,28.43959617614746,2278554,0.0,0.0
2022-04-18 00:00:00-04:00,28.3250658220669,28.40315398411542,27.882569921919647,27.99709701538086,2001528,0.0,0.0
2022-04-19 00:00:00-04:00,28.01271163918254,28.720709784297718,28.01271163918254,28.543710708618164,2325313,0.0,0.0
2022-04-20 00:00:00-04:00,28.876882130333207,29.02264703971173,28.564531385088976,28.918529510498047,1822287,0.0,0.0
2022-04-21 00:00:00-04:00,29.215267705733535,29.459943576531725,28.293831453642635,28.32506561279297,1960150,0.0,0.0
2022-04-22 00:00:00-04:00,28.220947725018775,28.220947725018775,26.83618922553363,26.883041381835938,3505411,0.0,0.0
2022-04-25 00:00:00-04:00,26.601923837889384,27.153743797799645,26.331218628984317,27.013185501098633,3637337,0.0,0.0
2022-04-26 00:00:00-04:00,26.76331179395428,26.81016395745137,25.8679048607357,25.89393424987793,4063545,0.0,0.0
2022-04-27 00:00:00-04:00,26.47178137952603,26.784132178971518,26.13340119326032,26.195871353149414,3870573,0.0,0.0
2022-04-28 00:00:00-04:00,26.482191061478378,27.013188307561258,26.305191979450754,26.883041381835938,2498431,0.0,0.0
2022-04-29 00:00:00-04:00,26.789336541027577,26.99236500419717,25.857488992960327,25.95639991760254,2560776,0.0,0.0
2022-05-02 00:00:00-04:00,25.904336435207206,26.169835004708023,25.571161109497556,26.133394241333008,3408182,0.0,0.0
2022-05-03 00:00:00-04:00,26.2687492610003,26.549865862764467,26.055309424074732,26.315603256225586,2459651,0.0,0.0
2022-05-04 00:00:00-04:00,26.30519011934809,27.0444223943186,25.98763274847176,27.02359962463379,4260228,0.0,0.0
2022-05-05 00:00:00-04:00,26.716454249380664,26.81015855750145,25.461842735654983,25.618017196655273,4139992,0.0,0.0
2022-05-06 00:00:00-04:00,25.404577359311595,25.472254125943618,24.89440475109083,25.217166900634766,4493835,0.0,0.0
2022-05-09 00:00:00-04:00,24.753848334268795,25.04016973666084,24.066674757651402,24.108322143554688,5280382,0.0,0.0
2022-05-10 00:00:00-04:00,24.644521795858036,24.941256397858503,24.09790842976791,24.550817489624023,6313153,0.0,0.0
2022-05-11 00:00:00-04:00,24.46752213111244,25.139077626518713,24.28011168080305,24.3790225982666,4474167,0.0,0.0
2022-05-12 00:00:00-04:00,24.170789520341472,24.170789520341472,22.97344159195519,23.650203704833984,7004141,0.0,0.0
2022-05-13 00:00:00-04:00,24.077087772754865,24.99852404233539,23.764736963337025,24.837142944335938,5459067,0.0,0.0
2022-05-16 00:00:00-04:00,24.85796102714526,25.222372385503434,24.441492745704203,24.873579025268555,4653780,0.0,0.0
2022-05-17 00:00:00-04:00,25.425406911296044,25.72213973458174,25.206760412497907,25.467052459716797,4595517,0.0,0.0
2022-05-18 00:00:00-04:00,25.128666716262817,25.17552071152228,23.83240785295851,23.889673233032227,4526492,0.0,0.0
2022-05-19 00:00:00-04:00,23.738707407004796,24.399851637772073,23.504442919808138,24.103116989135742,5576891,0.0,0.0
2022-05-20 00:00:00-04:00,24.51437759399414,24.628906516443415,23.82199744547932,24.51437759399414,3677044,0.0,0.0
2022-05-23 00:00:00-04:00,24.811107772109843,24.873577919428836,24.358198743447954,24.483139038085938,2012846,0.0,0.0
2022-05-24 00:00:00-04:00,24.332176603421452,24.457116935243224,23.561709995588988,24.384235382080078,2921299,0.0,0.0
2022-05-25 00:00:00-04:00,24.186406298919916,24.571638566987577,24.113522925050447,24.483139038085938,1654920,0.0,0.0
2022-05-26 00:00:00-04:00,24.576845964741267,25.357723752352218,24.509169201986833,25.128665924072266,2750593,0.0,0.0
2022-05-27 00:00:00-04:00,25.32184750142852,26.308615857735223,25.32184750142852,26.28251075744629,5043063,0.075451,0.0
2022-05-31 00:00:00-04:00,26.559996799709797,26.952663516359284,26.198742456879355,26.49193572998047,7121223,0.075451,0.0
2022-06-01 00:00:00-04:00,26.539052983679035,26.79035936471965,25.984082563820174,26.167327880859375,2616997,0.0,0.0
2022-06-02 00:00:00-04:00,26.1149721295965,26.90554182007639,26.015496841306174,26.895071029663086,2512904,0.0,0.0
2022-06-03 00:00:00-04:00,26.59664100138623,26.669940233730312,26.20921067229498,26.303449630737305,2639820,0.0,0.0
2022-06-06 00:00:00-04:00,26.622822346055944,26.947427980122484,26.423871761018283,26.544288635253906,1980190,0.0,0.0
2022-06-07 00:00:00-04:00,26.256333821856256,26.758946611565953,26.256333821856256,26.690885543823242,1623563,0.0,0.0
2022-06-08 00:00:00-04:00,26.59664383698738,26.6594704336169,26.162092129436108,26.266803741455078,1093632,0.0,0.0
2022-06-09 00:00:00-04:00,26.067856194803696,26.167331496635228,25.56000518798828,25.56000518798828,2088180,0.0,0.0
2022-06-10 00:00:00-04:00,25.109743363814847,25.18304074556953,24.596657985713662,24.706605911254883,2550570,0.0,0.0
2022-06-13 00:00:00-04:00,23.847975297777023,24.005042716851577,23.439601490510647,23.680437088012695,5794727,0.0,0.0
2022-06-14 00:00:00-04:00,23.764203208535523,23.76943952988163,23.266826797022667,23.51813316345215,4703321,0.0,0.0
2022-06-15 00:00:00-04:00,23.84273847378162,24.329645980329616,23.47624968990296,23.936979293823242,4985172,0.0,0.0
2022-06-16 00:00:00-04:00,23.25635663458295,23.402953265907225,22.502437454890252,22.607147216796875,5389856,0.0,0.0
2022-06-17 00:00:00-04:00,22.580969887889268,23.062641065288386,22.455314845476682,22.706623077392578,4357456,0.0,0.0
2022-06-21 00:00:00-04:00,23.114999754075313,23.30347956184922,22.858457021448533,22.93699073791504,3243228,0.0,0.0
2022-06-22 00:00:00-04:00,22.549555778441903,23.046934070279217,22.43960784738684,22.77992057800293,2899590,0.0,0.0
2022-06-23 00:00:00-04:00,22.88986793626905,23.26159305875447,22.785156320992694,23.230178833007812,2266864,0.0,0.0
2022-06-24 00:00:00-04:00,23.549546080050927,23.989334084431594,23.313946819275674,23.90032958984375,2082984,0.0,0.0
2022-06-27 00:00:00-04:00,24.141167406371146,24.141167406371146,23.717086474235593,23.942214965820312,1818019,0.0,0.0
2022-06-28 00:00:00-04:00,24.17781666724573,24.32964777250696,23.45007351466115,23.596670150756836,3077903,0.0,0.0
2022-06-29 00:00:00-04:00,23.465781354099143,23.65949748322625,23.198767831110803,23.39771842956543,2760613,0.0,0.0
2022-06-30 00:00:00-04:00,23.193529147030606,23.45530817403395,22.853218264835572,23.282533645629883,3715453,0.0,0.0
2022-07-01 00:00:00-04:00,23.146410856903465,23.622847598871935,23.057406353714576,23.570491790771484,1645086,0.0,0.0
2022-07-05 00:00:00-04:00,23.130704275137724,23.51813652281552,22.80086415885691,23.491958618164062,3519512,0.0,0.0
2022-07-06 00:00:00-04:00,23.49195577165056,23.596667377568515,23.04693329940847,23.350595474243164,3360311,0.0,0.0
2022-07-07 00:00:00-04:00,23.58096086896869,24.04169046445931,23.570490078691044,23.999805450439453,2104879,0.0,0.0
2022-07-08 00:00:00-04:00,23.827029110249708,23.999801755504514,23.586191706396058,23.79037857055664,2234579,0.0,0.0
2022-07-11 00:00:00-04:00,23.539075134195595,23.62284515967032,23.183057158201052,23.277297973632812,1938812,0.0,0.0
2022-07-12 00:00:00-04:00,23.088816722825396,23.7275533985513,23.088816722825396,23.497190475463867,2279111,0.0,0.0
2022-07-13 00:00:00-04:00,23.04169862264938,23.324419237644577,22.71709484462479,23.11499786376953,2383390,0.0,0.0
2022-07-14 00:00:00-04:00,22.6909157950538,22.821803452272956,22.099296691600774,22.633323669433594,3215767,0.0,0.0
2022-07-15 00:00:00-04:00,22.989340653141856,23.439599436622856,22.68567848520016,23.429128646850586,2492493,0.0,0.0
2022-07-18 00:00:00-04:00,23.764201746733903,23.95791783098611,23.50242460662402,23.544309616088867,1780723,0.0,0.0
2022-07-19 00:00:00-04:00,23.88986080800956,24.659487101007016,23.785149193125466,24.52336311340332,3247867,0.0,0.0
2022-07-20 00:00:00-04:00,24.376765754561465,25.041682265742566,24.376765754561465,24.90032196044922,2144772,0.0,0.0
2022-07-21 00:00:00-04:00,24.868907902841208,25.167333752634512,24.669955483403136,25.151628494262695,2440354,0.0,0.0
2022-07-22 00:00:00-04:00,25.167336408540148,25.423879125869263,24.868910527254002,25.130687713623047,3125404,0.0,0.0
2022-07-25 00:00:00-04:00,25.209219246023537,25.324401642766446,24.999796032705802,25.26681137084961,3079202,0.0,0.0
2022-07-26 00:00:00-04:00,25.08880439557061,25.167336253962404,24.62807477159787,24.790376663208008,2483772,0.0,0.0
2022-07-27 00:00:00-04:00,24.999796242681715,25.5338232176362,24.957913081993773,25.32440185546875,2900147,0.0,0.0
2022-07-28 00:00:00-04:00,25.28775809167987,25.889848099455946,25.088807480911417,25.79037094116211,3053040,0.0,0.0
2022-07-29 00:00:00-04:00,25.83749084673965,26.230157576759666,25.701366849736456,25.994556427001953,2595659,0.0,0.0
2022-08-01 00:00:00-04:00,25.722307982845166,26.120209175261774,25.560004230244203,25.9683780670166,2663941,0.0,0.0
2022-08-02 00:00:00-04:00,25.87937517606795,25.91078755011896,25.56000399597115,25.643774032592773,2681012,0.0,0.0
2022-08-03 00:00:00-04:00,25.942195269868446,26.13591136027811,25.690888910909486,26.036436080932617,1828966,0.0,0.0
2022-08-04 00:00:00-04:00,26.10450654466306,26.319164276123047,25.9579098909162,26.319164276123047,1658631,0.0,0.0
2022-08-05 00:00:00-04:00,25.989314271242435,26.141145337240324,25.72753529337782,26.099260330200195,1898919,0.0,0.0
2022-08-08 00:00:00-04:00,26.313922273150123,26.638526012310113,26.245859362012453,26.303449630737305,2405285,0.0,0.0
2022-08-09 00:00:00-04:00,26.17779724606175,26.33486465211561,26.00502458172986,26.282508850097656,2790301,0.0,0.0
2022-08-10 00:00:00-04:00,26.827011098740723,27.816531475945276,26.69088710239716,27.732763290405273,4315707,0.0,0.0
2022-08-11 00:00:00-04:00,27.900298100199976,28.31390636086106,27.6280482879189,28.041658401489258,4265980,0.0,0.0
2022-08-12 00:00:00-04:00,28.24584596965372,28.261551229019062,27.889827973611116,28.12542724609375,2837245,0.0,0.0
2022-08-15 00:00:00-04:00,27.727523726936905,28.04689302376009,27.690875034240378,27.83223533630371,2037710,0.0,0.0
2022-08-16 00:00:00-04:00,27.753701971317806,27.90029859681986,27.497159266371188,27.78511619567871,2354444,0.0,0.0
2022-08-17 00:00:00-04:00,27.41339192964835,27.685641755118255,27.193497911111475,27.481454849243164,1968500,0.0,0.0
2022-08-18 00:00:00-04:00,27.4814492206508,27.633280288495687,27.32961815280591,27.465742111206055,1895022,0.0,0.0
2022-08-19 00:00:00-04:00,27.34532629122747,27.34532629122747,26.795594078906795,27.041664123535156,1647870,0.0,0.0
2022-08-22 00:00:00-04:00,26.539053646410323,26.790360033726543,26.371515437229732,26.71182632446289,2987726,0.0,0.0
2022-08-23 00:00:00-04:00,26.76418314147021,27.015489538277784,26.57046702188545,26.748476028442383,1915247,0.0,0.0
2022-08-24 00:00:00-04:00,26.575701693805268,26.978839168062795,26.53905300095543,26.71706199645996,1375853,0.0,0.0
2022-08-25 00:00:00-04:00,26.83748026859185,27.06784508104331,26.74847576618603,26.97360610961914,1868860,0.0,0.0
2022-08-26 00:00:00-04:00,26.86889345083325,26.947427159242974,25.722305755033673,25.748483657836914,2924454,0.0,0.0
2022-08-29 00:00:00-04:00,25.59141669494924,25.926493115610462,25.507648516238607,25.774662017822266,2195984,0.0,0.0
2022-08-30 00:00:00-04:00,25.91117004931216,26.10018733378786,25.449126559576005,25.517383575439453,2312695,0.075451,0.0
2022-08-31 00:00:00-04:00,25.496380085738352,25.8009082387017,25.244357043036725,25.260108947753906,2329395,0.0,0.0
2022-09-01 00:00:00-04:00,25.034343029794965,25.128852624170968,24.477791691230152,24.92933464050293,3000344,0.0,0.0
2022-09-02 00:00:00-04:00,25.21810588651789,25.496381499783716,24.829568792309942,24.97658348083496,2800321,0.0,0.0
2022-09-06 00:00:00-04:00,24.997588556617163,25.10259879881754,24.43053659348379,24.803321838378906,2630357,0.0,0.0
2022-09-07 00:00:00-04:00,24.79282018928373,25.349373377372626,24.661559240164955,25.312620162963867,2187078,0.0,0.0
2022-09-08 00:00:00-04:00,25.08159456309639,25.968926546347934,24.97133307839158,25.953176498413086,2554838,0.0,0.0
2022-09-09 00:00:00-04:00,26.21570455861033,26.472978921290228,26.105444913830567,26.40997314453125,2569868,0.0,0.0
2022-09-12 00:00:00-04:00,26.609488067221196,27.013775243105453,26.609488067221196,26.95077133178711,2980119,0.0,0.0
2022-09-13 00:00:00-04:00,26.31546249073106,26.425722131071332,25.837666999535795,25.93217658996582,2571909,0.0,0.0
2022-09-14 00:00:00-04:00,25.926925018731797,26.35221349452183,25.884920553374595,26.11069107055664,1686835,0.0,0.0
2022-09-15 00:00:00-04:00,25.87442141783463,26.27345735843426,25.59089451189745,25.62239646911621,2435344,0.0,0.0
2022-09-16 00:00:00-04:00,25.307365548999556,25.38087196806246,24.960832898597065,25.218107223510742,1918401,0.0,0.0
2022-09-19 00:00:00-04:00,24.93457789203309,25.4333745864525,24.876823385067613,25.401872634887695,1997260,0.0,0.0
2022-09-20 00:00:00-04:00,25.16560405295263,25.26011364062055,24.69305983100036,24.897829055786133,2498616,0.0,0.0
2022-09-21 00:00:00-04:00,24.95033750028911,25.11835353508942,24.37278296134864,24.383283615112305,2666168,0.0,0.0
2022-09-22 00:00:00-04:00,24.367525708401903,24.49878662542502,23.87397841686548,23.921234130859375,2871201,0.0,0.0
2022-09-23 00:00:00-04:00,23.537953264981105,23.564205825546605,22.829135987906305,23.002403259277344,5447191,0.0,0.0
2022-09-26 00:00:00-04:00,22.82388578764273,23.086409525867037,22.24108007851108,22.403844833374023,3842369,0.0,0.0
2022-09-27 00:00:00-04:00,22.66636871846289,22.81863280961178,21.731781010525683,21.789535522460938,5029333,0.0,0.0
2022-09-28 00:00:00-04:00,21.87354586823778,22.330338171296763,21.815789494364882,22.204326629638672,5766708,0.0,0.0
2022-09-29 00:00:00-04:00,21.884047201276275,21.952304229378928,21.133227324921755,21.3799991607666,5638122,0.0,0.0
2022-09-30 00:00:00-04:00,21.485007402823292,22.10456627884445,21.348495217510788,21.469257354736328,4036826,0.0,0.0
2022-10-03 00:00:00-04:00,21.884042701381862,22.38809063824695,21.626768407812595,22.14656639099121,3461064,0.0,0.0
2022-10-04 00:00:00-04:00,22.571859331540406,23.27542528134333,22.52985486728834,23.270174026489258,5132684,0.0,0.0
2022-10-05 00:00:00-04:00,22.813381005513936,22.95514444182434,22.524604736403678,22.787128448486328,3331550,0.0,0.0
2022-10-06 00:00:00-04:00,22.556107219283998,22.63486489221517,22.025808527990357,22.10981559753418,4018642,0.0,0.0
2022-10-07 00:00:00-04:00,21.89455068608035,21.957556467020545,21.091225585447447,21.222488403320312,4555438,0.0,0.0
2022-10-10 00:00:00-04:00,21.337999051290858,21.41675674105449,21.022968292236328,21.022968292236328,2328653,0.0,0.0
2022-10-11 00:00:00-04:00,21.038716098437067,21.10697312122481,20.261643722411744,20.38765525817871,6443595,0.0,0.0
2022-10-12 00:00:00-04:00,20.345655027609116,20.434911505856363,20.009622987527603,20.17763900756836,10060521,0.0,0.0
2022-10-13 00:00:00-04:00,19.66834097296624,20.744692335880462,19.390065292677416,20.5346736907959,7610333,0.0,0.0
2022-10-14 00:00:00-04:00,20.839195712137464,20.97045662930269,19.89410744594266,19.899356842041016,5536998,0.0,0.0
2022-10-17 00:00:00-04:00,20.4086619892043,20.81295112035589,20.319405497641846,20.5084228515625,4898334,0.0,0.0
2022-10-18 00:00:00-04:00,21.02296447469357,21.211983639080007,20.744688841282354,20.9652099609375,4677716,0.0,0.0
2022-10-19 00:00:00-04:00,20.760443315205332,20.833949744782174,20.272147153513554,20.34565544128418,5096502,0.0,0.0
2022-10-20 00:00:00-04:00,20.345653654716017,20.60292799383729,19.79435176491238,19.82060432434082,5412865,0.0,0.0
2022-10-21 00:00:00-04:00,19.668338281526843,20.088379230604783,19.479322827551545,20.083127975463867,7596046,0.0,0.0
2022-10-24 00:00:00-04:00,20.16188508719841,20.219641459352065,19.516073632682648,20.004369735717773,5937043,0.0,0.0
2022-10-25 00:00:00-04:00,20.14088459847269,20.744689753856793,20.077876968776426,20.602928161621094,6809499,0.0,0.0
2022-10-26 00:00:00-04:00,20.55567243995376,21.148976943137157,20.41916024472631,20.71843719482422,6268436,0.0,0.0
2022-10-27 00:00:00-04:00,20.80244465121757,21.437753576338107,20.734187629355798,20.886451721191406,7895338,0.0,0.0
2022-10-28 00:00:00-04:00,20.84969963558794,21.14372718363256,20.623929113083648,21.101722717285156,4109561,0.0,0.0
2022-10-31 00:00:00-04:00,20.933709491672634,21.059721038079633,20.67118388816331,20.797195434570312,4986842,0.0,0.0
2022-11-01 00:00:00-04:00,21.358997191982972,21.52176380330731,20.912705541015747,21.01246452331543,5943909,0.0,0.0
2022-11-02 00:00:00-04:00,20.996710771438426,21.453504892574838,20.35615246729663,20.371904373168945,5303947,0.0,0.0
2022-11-03 00:00:00-04:00,20.1303814373175,20.550422378014808,20.051623760936756,20.40865707397461,6229841,0.0,0.0
2022-11-04 00:00:00-04:00,20.959961732064457,21.485009214680755,20.786694464754536,21.238237380981445,4661202,0.0,0.0
2022-11-07 00:00:00-05:00,21.28549138808108,21.70028109479271,21.217234360115025,21.64252471923828,4506267,0.0,0.0
2022-11-08 00:00:00-05:00,21.716029419668008,22.136068490129922,21.479758255492843,21.66877555847168,5073865,0.0,0.0
2022-11-09 00:00:00-05:00,21.343246407896444,21.705529113150156,21.269738129297046,21.285490036010742,6208132,0.0,0.0
2022-11-10 00:00:00-05:00,22.435352543678352,24.231020130546092,22.167577503754373,23.47494888305664,7936901,0.0,0.0
2022-11-11 00:00:00-05:00,23.842479527474055,24.87682624098036,23.763721852230493,24.572298049926758,8913080,0.0,0.0
2022-11-14 00:00:00-05:00,24.27301949221339,24.38853037872438,23.83722850483981,23.957990646362305,4325356,0.0,0.0
2022-11-15 00:00:00-05:00,24.498788958736405,24.66155555878429,23.989491572222203,24.351776123046875,4858256,0.0,0.0
2022-11-16 00:00:00-05:00,24.173257760567825,24.257264823833243,23.82147388607176,24.05774688720703,4324243,0.0,0.0
2022-11-17 00:00:00-05:00,23.73221913484096,23.905486400017214,23.432942184926674,23.595706939697266,4560077,0.0,0.0
2022-11-18 00:00:00-05:00,23.758469714091557,23.858228689080956,23.291176793154836,23.480194091796875,2700495,0.0,0.0
2022-11-21 00:00:00-05:00,23.086407087190395,23.417187817180874,22.892138538000932,23.138912200927734,4388629,0.0,0.0
2022-11-22 00:00:00-05:00,23.17566848389671,23.511700513123667,23.149415923544804,23.469696044921875,2486370,0.0,0.0
2022-11-23 00:00:00-05:00,23.46969590871916,24.00524590695769,23.46969590871916,23.9947452545166,4386588,0.0,0.0
2022-11-25 00:00:00-05:00,23.999995474648355,24.582801216147868,23.994746077344637,24.446287155151367,2030659,0.0,0.0
2022-11-28 00:00:00-05:00,24.231013878836777,24.346524759875816,23.737468400684595,23.800474166870117,4463034,0.0,0.0
2022-11-29 00:00:00-05:00,23.81100847564293,23.81100847564293,23.50026932635463,23.684606552124023,4007138,0.075451,0.0
2022-11-30 00:00:00-05:00,23.95321017873912,25.027628351026337,23.584537605416088,24.8327579498291,7883834,0.0,0.0
2022-12-01 00:00:00-05:00,24.98022762239964,25.032895398151204,23.995344316535693,24.611553192138672,6189020,0.0,0.0
2022-12-02 00:00:00-05:00,24.16914914343351,24.285017890039953,23.658273899198402,23.768875122070312,5148641,0.0,0.0
2022-12-05 00:00:00-05:00,23.421269808806706,23.69514191087926,22.9683298519315,23.252735137939453,5129344,0.0,0.0
2022-12-06 00:00:00-05:00,23.231666315225333,23.27380091384568,22.641789390342034,22.831392288208008,3702650,0.0,0.0
2022-12-07 00:00:00-05:00,22.70499138767108,23.136864985308716,22.69972386362286,22.8050594329834,5713270,0.0,0.0
2022-12-08 00:00:00-05:00,22.89985998854819,23.242198697667334,22.89459432887116,22.96832847595215,5776914,0.0,0.0
2022-12-09 00:00:00-05:00,22.86825771944122,22.999925291015273,22.6891880327084,22.72605323791504,4812610,0.0,0.0
2022-12-12 00:00:00-05:00,23.551647952929326,23.681947400340324,21.512458339034144,21.9163875579834,7912650,0.0,1.237
2022-12-13 00:00:00-05:00,22.229110226969865,22.782882465572783,21.988054828185223,22.053205490112305,7422300,0.0,0.0
2022-12-14 00:00:00-05:00,22.157438833451245,22.43758308309872,21.877296447753906,21.877296447753906,7976100,0.0,0.0
2022-12-15 00:00:00-05:00,21.74699929208445,21.857755230266093,21.505945758772384,21.571096420288086,6156900,0.0,0.0
2022-12-16 00:00:00-05:00,21.212769597845064,21.551548146035604,21.056410267910966,21.108530044555664,7112100,0.0,0.0
2022-12-19 00:00:00-05:00,21.017324644767815,21.147624118253777,20.40491618740845,20.45052146911621,6492750,0.0,0.0
2022-12-20 00:00:00-05:00,20.307192153904232,20.41143172845122,20.053107724958295,20.11174201965332,6672300,0.0,0.0
2022-12-21 00:00:00-05:00,20.196436320523716,20.639454473930385,20.04658961516868,20.48309326171875,5756700,0.0,0.0
2022-12-22 00:00:00-05:00,20.31370289027386,20.372337174083967,19.89674466949036,20.235523223876953,5706750,0.0,0.0
2022-12-23 00:00:00-05:00,20.17689057182508,20.776268062674593,20.17689057182508,20.66551399230957,5375550,0.0,0.0
2022-12-27 00:00:00-05:00,20.70460361461907,20.7502088912744,20.424459311672678,20.522184371948242,2709150,0.0,0.0
2022-12-28 00:00:00-05:00,20.53521395921682,20.79581474854441,20.22249524876436,20.242040634155273,4965150,0.0,0.0
2022-12-29 00:00:00-05:00,20.463551045926966,20.971718028201835,20.365825981045063,20.873994827270508,3258900,0.0,0.0
2022-12-30 00:00:00-05:00,20.68506180413574,20.893539091904813,20.35931033364771,20.496126174926758,2721450,0.0,0.0
2023-01-03 00:00:00-05:00,20.69157116000027,20.926112032369346,20.313703689523045,20.5612735748291,2499450,0.0,0.0
2023-01-04 00:00:00-05:00,20.82187016966179,21.47336734319778,20.82187016966179,21.434276580810547,3024750,0.0,0.0
2023-01-05 00:00:00-05:00,21.21276986693793,21.34306931020258,20.789295278365117,20.9130802154541,2692650,0.0,0.0
2023-01-06 00:00:00-05:00,21.069441077281002,21.75351460205555,20.932627117906254,21.675334930419922,3042450,0.0,0.0
2023-01-09 00:00:00-05:00,21.94896302352555,22.437586441117308,21.79260367901222,22.046688079833984,2933550,0.0,0.0
2023-01-10 00:00:00-05:00,22.014113739231018,22.105324289074545,21.68836417201182,21.93593406677246,2059800,0.0,0.0
2023-01-11 00:00:00-05:00,22.17047228688578,22.600461401920413,22.157441409969408,22.535310745239258,2751600,0.0,0.0
2023-01-12 00:00:00-05:00,22.763338232585927,23.160753003366963,22.46365039161644,22.9001522064209,3696450,0.0,0.0
2023-01-13 00:00:00-05:00,22.72424315128341,23.271502670743338,22.65909436236452,23.1802921295166,3276900,0.0,0.0
2023-01-17 00:00:00-05:00,23.427863355109103,23.532102914564963,23.076053909970394,23.22589874267578,2332350,0.0,0.0
2023-01-18 00:00:00-05:00,23.356196055840215,23.721034480567646,23.193322225074443,23.19983673095703,3021000,0.0,0.0
2023-01-19 00:00:00-05:00,23.08908379601802,23.401802460965396,23.08908379601802,23.219383239746094,2453250,0.0,0.0
2023-01-20 00:00:00-05:00,23.16726212746945,23.636340097864515,23.102111477383943,23.629825592041016,2203650,0.0,0.0
2023-01-23 00:00:00-05:00,23.688461754825806,24.170570639130233,23.51907340625284,24.08587646484375,2084250,0.0,0.0
2023-01-24 00:00:00-05:00,24.151026668808107,24.151026668808107,23.83830797873529,23.90997314453125,1766250,0.0,0.0
2023-01-25 00:00:00-05:00,23.49952866056787,24.105422501537948,23.35619833347268,24.053300857543945,2478600,0.0,0.0
2023-01-26 00:00:00-05:00,24.300873437117428,24.431172901662926,24.053303522505697,24.379053115844727,1744500,0.0,0.0
2023-01-27 00:00:00-05:00,24.313899239039742,24.72434296411442,24.157539902244654,24.567983627319336,2215800,0.0,0.0
2023-01-30 00:00:00-05:00,24.424656323295704,24.5679847901667,23.870882247972567,23.896942138671875,1783350,0.0,0.0
2023-01-31 00:00:00-05:00,24.014211551294903,24.444198797460388,23.909971992957775,24.235719680786133,3433650,0.0,0.0
2023-02-01 00:00:00-05:00,24.15753828406288,24.287837722664072,23.66240041737836,24.13799476623535,9489150,0.0,0.0
2023-02-02 00:00:00-05:00,24.48980265740475,24.978426024908952,24.242234652611423,24.867671966552734,12343200,0.0,0.0
2023-02-03 00:00:00-05:00,24.620102407321212,24.76994723165765,24.398594287824082,24.56146812438965,4105950,0.0,0.0
2023-02-06 00:00:00-05:00,23.91648900599324,24.098908252202115,23.44089643722202,23.61028480529785,3569100,0.0,0.0
2023-02-07 00:00:00-05:00,23.54513454008125,24.0923941518986,23.297566490878694,24.007699966430664,2486700,0.0,0.0
2023-02-08 00:00:00-05:00,24.066332918486886,24.274812048917692,23.81224851228673,23.962093353271484,2350800,0.0,0.0
2023-02-09 00:00:00-05:00,24.750406920553687,25.06964012893755,23.883914120725358,23.903457641601562,3457800,0.0,0.0
2023-02-10 00:00:00-05:00,23.81224410524447,23.962088918496754,23.49301096184187,23.662399291992188,6523650,0.0,0.0
2023-02-13 00:00:00-05:00,23.903453047274724,24.02072346974461,23.78618448875497,23.922998428344727,3079350,0.0,0.0
2023-02-14 00:00:00-05:00,23.877394113234722,24.203143642915418,23.590735347253805,23.80573081970215,3053850,0.0,0.0
2023-02-15 00:00:00-05:00,23.649374943858497,23.838308692110505,23.330139873559716,23.766643524169922,2370750,0.0,0.0
2023-02-16 00:00:00-05:00,23.453925174992357,23.70149321709718,23.147720977905685,23.460439682006836,3430650,0.0,0.0
2023-02-17 00:00:00-05:00,23.35619623013247,23.53861544385746,23.128173610938877,23.336650848388672,7218750,0.0,0.0
2023-02-21 00:00:00-05:00,23.160750375049485,23.34968411404306,22.40501169117442,22.463647842407227,4936350,0.0,0.0
2023-02-22 00:00:00-05:00,22.411529061630137,22.574404795044945,22.079264951320727,22.235624313354492,3005850,0.0,0.0
2023-02-23 00:00:00-05:00,22.30077211084221,22.509251233402775,21.97502441381652,22.229108810424805,3333900,0.0,0.0
2023-02-24 00:00:00-05:00,21.929413372356926,22.033652906222322,21.61669477076073,21.99456214904785,3382500,0.0,0.0
2023-02-27 00:00:00-05:00,22.229595538401693,22.3666937631995,21.922755142283034,21.97498321533203,2814000,0.046667,0.0
2023-02-28 00:00:00-05:00,21.968450089443568,21.994564122145317,21.687725638766974,21.707311630249023,3031500,0.0,0.0
2023-03-01 00:00:00-05:00,21.707312065675424,22.02720850573291,21.570211990373938,21.635496139526367,4213200,0.0,0.0
2023-03-02 00:00:00-05:00,21.51145706173307,21.733425422406224,21.17197461119176,21.720369338989258,3785250,0.0,0.0
2023-03-03 00:00:00-05:00,21.93580979697704,22.262236166170183,21.766069504542166,22.236122131347656,2879100,0.0,0.0
2023-03-06 00:00:00-05:00,22.223066366925753,22.399336586279777,21.863999753648734,21.890111923217773,2904750,0.0,0.0
2023-03-07 00:00:00-05:00,22.00762317699788,22.294877551134782,21.041403918537387,21.08057403564453,6541500,0.0,0.0
2023-03-08 00:00:00-05:00,21.047933949239937,21.289488319727628,21.015290002772048,21.17197608947754,7271100,0.0,0.0
2023-03-09 00:00:00-05:00,21.25684830861656,21.485346617000413,20.551769255067303,20.59746742248535,6561900,0.0,0.0
2023-03-10 00:00:00-05:00,20.48648484875748,20.63011300867481,19.513735417215848,19.579021453857422,11910600,0.0,0.0
2023-03-13 00:00:00-04:00,19.291767208059916,19.513735625802113,18.913112674267804,18.958812713623047,9625650,0.0,0.0
2023-03-14 00:00:00-04:00,19.58554458684558,19.787928821523703,19.076319979310053,19.25259017944336,5997000,0.0,0.0
2023-03-15 00:00:00-04:00,18.932693394617914,19.226477707998924,18.475698686841735,18.795595169067383,7757850,0.0,0.0
2023-03-16 00:00:00-04:00,18.50834211063209,19.31787917398455,18.443056080306768,19.20036506652832,6246600,0.0,0.0
2023-03-17 00:00:00-04:00,19.069792861983778,19.122020933605025,18.593212175395692,18.68461036682129,7489200,0.0,0.0
2023-03-20 00:00:00-04:00,18.978395217298146,19.298293597545356,18.808654896845137,18.991453170776367,5132250,0.0,0.0
2023-03-21 00:00:00-04:00,19.330935451185834,19.676945998655896,19.18730730373886,19.474563598632812,4248300,0.0,0.0
2023-03-22 00:00:00-04:00,19.572491146723557,19.71611742220506,19.076322555541992,19.076322555541992,4198800,0.0,0.0
2023-03-23 00:00:00-04:00,19.161192952224212,19.572489483862565,18.997978827276448,19.108963012695312,3525300,0.0,0.0
2023-03-24 00:00:00-04:00,18.854349201621485,19.592072056854136,18.756422975803087,19.56595802307129,5041050,0.0,0.0
2023-03-27 00:00:00-04:00,19.8401568434018,19.89238491236716,19.39621825719626,19.539844512939453,4850550,0.0,0.0
2023-03-28 00:00:00-04:00,19.579015209180444,19.716113414230005,19.435387095072937,19.60512924194336,4220100,0.0,0.0
2023-03-29 00:00:00-04:00,19.85321357885392,20.408138230705873,19.781401382535037,20.362438201904297,6176400,0.0,0.0
2023-03-30 00:00:00-04:00,20.551768202306548,20.73456459826183,20.47342608925858,20.649694442749023,5344350,0.0,0.0
2023-03-31 00:00:00-04:00,20.884721493793972,21.309074115694344,20.799849475155334,21.276432037353516,4086900,0.0,0.0
2023-04-03 00:00:00-04:00,21.24378877612785,21.26337477089312,20.910834336411384,21.100162506103516,3205950,0.0,0.0
2023-04-04 00:00:00-04:00,21.217677220659752,21.230733305665442,20.695394596142485,20.786794662475586,3052050,0.0,0.0
2023-04-05 00:00:00-04:00,20.688864233847347,20.760678296796257,20.473423912823726,20.617050170898438,2125500,0.0,0.0
2023-04-06 00:00:00-04:00,20.65621890238941,20.799847018643348,20.506064612625902,20.59093475341797,2379300,0.0,0.0
2023-04-10 00:00:00-04:00,20.382027348935942,20.58441162109375,20.173115033888767,20.58441162109375,2200200,0.0,0.0
2023-04-11 00:00:00-04:00,20.72150948111587,20.9238937495645,20.630111278869542,20.83902359008789,1817850,0.0,0.0
2023-04-12 00:00:00-04:00,21.100165939116316,21.165450108524634,20.74762544727598,20.930423736572266,2725050,0.0,0.0
2023-04-13 00:00:00-04:00,21.02181663088791,21.491869214151315,21.02181663088791,21.478811264038086,2105700,0.0,0.0
2023-04-14 00:00:00-04:00,21.6420307349145,21.6420307349145,21.008763891203987,21.21767807006836,2084550,0.0,0.0
2023-04-17 00:00:00-04:00,21.047934358749707,21.38741683959961,21.028348364052555,21.38741683959961,2254200,0.0,0.0
2023-04-18 00:00:00-04:00,21.36130151075983,21.55715584241707,21.106689198564588,21.452701568603516,3819000,0.0,0.0
2023-04-19 00:00:00-04:00,21.171976150590147,21.707314833894753,21.171976150590147,21.64202880859375,2937150,0.0,0.0
2023-04-20 00:00:00-04:00,21.27643313485655,21.753013853815006,21.27643313485655,21.694257736206055,4165350,0.0,0.0
2023-04-21 00:00:00-04:00,21.64202885350629,21.81176915755934,21.531044664869814,21.733427047729492,2645250,0.0,0.0
2023-04-24 00:00:00-04:00,21.73995291198854,21.844409038989262,21.648552866951466,21.792179107666016,1517850,0.0,0.0
2023-04-25 00:00:00-04:00,21.576742912342223,21.642028938033697,20.708451658625947,20.73456382751465,3533550,0.0,0.0
2023-04-26 00:00:00-04:00,20.695393644108513,20.81943578507294,20.186168995845716,20.218812942504883,3442950,0.0,0.0
2023-04-27 00:00:00-04:00,20.43425239076547,20.910833071681704,20.43425239076547,20.878190994262695,3453750,0.0,0.0
2023-04-28 00:00:00-04:00,20.77373802086014,21.2046206062411,20.747623981377156,21.19156265258789,1827300,0.0,0.0
2023-05-01 00:00:00-04:00,21.041406306707024,21.185032576165327,20.839022053184483,21.00876235961914,2870250,0.0,0.0
2023-05-02 00:00:00-04:00,20.839020260527505,20.86513429525742,20.036011357803698,20.10129737854004,3653400,0.0,0.0
2023-05-03 00:00:00-04:00,20.114356186301123,20.59746491546417,19.95114206142204,20.153526306152344,3505200,0.0,0.0
2023-05-04 00:00:00-04:00,20.003374542805126,20.12741670735463,19.618191962269076,19.748764038085938,5097000,0.0,0.0
2023-05-05 00:00:00-04:00,20.127415204055094,20.519125798778376,20.0360151313746,20.479955673217773,3050550,0.0,0.0
2023-05-08 00:00:00-04:00,20.786794379039524,20.88472248654018,20.499538098951387,20.799850463867188,3182850,0.0,0.0
2023-05-09 00:00:00-04:00,20.741092866591025,21.060989335923278,20.368966458204913,21.015289306640625,4623450,0.0,0.0
2023-05-10 00:00:00-04:00,21.152393685879854,21.18503577006567,20.284100424643007,20.336328506469727,4973250,0.0,0.0
2023-05-11 00:00:00-04:00,20.32326892871921,20.506069068334554,19.631247833704222,20.368968963623047,3122850,0.0,0.0
2023-05-12 00:00:00-04:00,20.27104153918866,20.316741571432924,19.546374669121374,19.814044952392578,5242200,0.0,0.0
2023-05-15 00:00:00-04:00,20.075184307630078,20.160054457621193,19.872800061800877,19.957670211791992,2987400,0.0,0.0
2023-05-16 00:00:00-04:00,19.951139817560353,19.977253850465235,19.611657389796875,19.74222755432129,2945100,0.0,0.0
2023-05-17 00:00:00-04:00,19.9119685678304,20.323265068189837,19.605130070761597,20.27756690979004,3387150,0.0,0.0
2023-05-18 00:00:00-04:00,20.212284824872683,20.34285501961841,19.925030396432078,20.081714630126953,2676900,0.0,0.0
2023-05-19 00:00:00-04:00,20.133940025473734,20.23839803517622,19.944613735273222,20.12088394165039,2789400,0.0,0.0
2023-05-22 00:00:00-04:00,20.27103953519627,20.63010797963526,20.251453542195954,20.43425178527832,2867400,0.0,0.0
2023-05-23 00:00:00-04:00,20.45384110540183,20.865137686196462,20.368969077869128,20.50606918334961,3300750,0.0,0.0
2023-05-24 00:00:00-04:00,20.375496987639018,20.50606716968669,19.898914422297597,19.990314483642578,3901350,0.0,0.0
2023-05-25 00:00:00-04:00,19.944614302642563,20.323266893815205,19.755286139233036,20.186168670654297,3758400,0.0,0.0
2023-05-26 00:00:00-04:00,20.290625917034458,20.59746632614719,20.160055728882583,20.55829620361328,3031050,0.0,0.0
2023-05-30 00:00:00-04:00,20.420889785470724,20.53866381067991,19.982504739669505,20.034849166870117,3275850,0.046667,0.0
2023-05-31 00:00:00-04:00,19.851648034626514,19.8909054276627,19.53103694357117,19.65535545349121,3602700,0.0,0.0
2023-06-01 00:00:00-04:00,19.74041061177737,20.07410680743552,19.57683474268423,19.962875366210938,4308300,0.0,0.0
2023-06-02 00:00:00-04:00,20.178796174365775,20.36200354853135,20.067564730323348,20.290027618408203,3601950,0.0,0.0
2023-06-05 00:00:00-04:00,20.250771750893882,20.59101056616971,20.041394018416447,20.263858795166016,2379750,0.0,0.0
2023-06-06 00:00:00-04:00,20.257314704714393,20.79384608991833,20.1853425118574,20.761131286621094,2548200,0.0,0.0
2023-06-07 00:00:00-04:00,20.806932532140305,20.911621397248783,20.604097387996486,20.87236213684082,3040350,0.0,0.0
2023-06-08 00:00:00-04:00,20.859274423013076,20.872361466723756,20.355459743849877,20.682613372802734,2844900,0.0,0.0
2023-06-09 00:00:00-04:00,20.800387024180473,21.022851787299338,20.617181519487957,20.68915557861328,2289000,0.0,0.0
2023-06-12 00:00:00-04:00,20.846189659692868,21.06210997328092,20.774217469819884,20.9443359375,2103000,0.0,0.0
2023-06-13 00:00:00-04:00,21.075196194023682,21.39580535888672,21.075196194023682,21.39580535888672,2726550,0.0,0.0
2023-06-14 00:00:00-04:00,21.57901390708416,21.860363828841106,21.415436150918186,21.64444351196289,2595150,0.0,0.0
2023-06-15 00:00:00-04:00,21.592098683997822,21.906165274429355,21.441607974753243,21.88653564453125,4091550,0.0,0.0
2023-06-16 00:00:00-04:00,21.978137925962226,22.10245641136131,21.801475012182937,21.945423126220703,3964800,0.0,0.0
2023-06-20 00:00:00-04:00,21.592098758535936,21.71641725234038,21.2322303210947,21.448150634765625,2139450,0.0,0.0
2023-06-21 00:00:00-04:00,21.32383751690544,21.39580971863261,21.062113442317628,21.219148635864258,2232300,0.0,0.0
2023-06-22 00:00:00-04:00,21.029394155186928,21.12754042825157,20.56483687653311,20.79384422302246,3380700,0.0,0.0
2023-06-23 00:00:00-04:00,20.51903644314335,20.643353056111344,20.24422725914246,20.499406814575195,2530350,0.0,0.0
2023-06-26 00:00:00-04:00,20.499408879778414,20.702242155468948,20.36854592412995,20.59755516052246,3170700,0.0,0.0
2023-06-27 00:00:00-04:00,20.59100920516736,21.16679980340691,20.558294404626256,21.094825744628906,4808400,0.0,0.0
2023-06-28 00:00:00-04:00,21.081740006065083,21.232230718646957,20.89199190480096,21.206058502197266,2649300,0.0,0.0
2023-06-29 00:00:00-04:00,21.22568871008797,21.376179426764743,21.022853559087505,21.33037757873535,2505150,0.0,0.0
2023-06-30 00:00:00-04:00,21.513582234746888,22.089370989180185,21.493952604667797,22.017396926879883,4738650,0.0,0.0
2023-07-03 00:00:00-04:00,21.971593301179066,22.06973956327888,21.83418965742987,21.879989624023438,1277700,0.0,0.0
2023-07-05 00:00:00-04:00,21.63135634631675,21.886534028209073,21.30420273611862,21.81456184387207,5782050,0.0,0.0
2023-07-06 00:00:00-04:00,21.552839717229368,21.565926761334214,20.820017662925835,20.83964729309082,4977300,0.0,0.0
2023-07-07 00:00:00-04:00,20.872362842410734,21.474323837133188,20.82001840808704,21.33037757873535,3290700,0.0,0.0
2023-07-10 00:00:00-04:00,21.33037699832945,21.5593843602604,21.16680111351502,21.206058502197266,3439800,0.0,0.0
2023-07-11 00:00:00-04:00,21.31074583294091,21.35000321879537,20.918162614474074,21.199514389038086,4825500,0.0,0.0
2023-07-12 00:00:00-04:00,21.65753166327906,21.834194600658094,21.520126116437215,21.624814987182617,3067800,0.0,0.0
2023-07-13 00:00:00-04:00,21.853821238077135,22.730591421553573,21.847278651987576,22.619359970092773,3958650,0.0,0.0
2023-07-14 00:00:00-04:00,22.586643476156773,22.854910099802627,22.442697221113384,22.481956481933594,2974950,0.0,0.0
2023-07-17 00:00:00-04:00,22.442697062163617,22.44923964825912,22.207147114864412,22.38381004333496,4200600,0.0,0.0
2023-07-18 00:00:00-04:00,22.436155673171505,23.05120372659489,22.357639019882438,22.933427810668945,5794350,0.0,0.0
2023-07-19 00:00:00-04:00,23.129721481399173,23.515760307799727,23.083919630136478,23.41761589050293,3551850,0.0,0.0
2023-07-20 00:00:00-04:00,23.40452418202459,23.424153810366967,22.724046623353743,23.129716873168945,2345700,0.0,0.0
2023-07-21 00:00:00-04:00,23.15588810550599,23.28020659380952,22.979227059583806,23.21477699279785,1732650,0.0,0.0
2023-07-24 00:00:00-04:00,23.221322252011692,23.541933324231646,23.19515003419688,23.234407424926758,1850400,0.0,0.0
2023-07-25 00:00:00-04:00,23.227864243480656,23.36526790441895,23.090458710557883,23.345638275146484,2373750,0.0,0.0
2023-07-26 00:00:00-04:00,23.260579520569014,23.352181339075383,23.12971844271383,23.168975830078125,2179050,0.0,0.0
2023-07-27 00:00:00-04:00,23.36527166683643,23.378356840468808,22.756766165296145,22.776395797729492,1636800,0.0,0.0
2023-07-28 00:00:00-04:00,22.992309885383246,23.129715403062075,22.60626928844686,22.71750259399414,2407350,0.0,0.0
2023-07-31 00:00:00-04:00,22.769853665979856,23.083920303251055,22.7240518133816,22.835283279418945,1860750,0.0,0.0
2023-08-01 00:00:00-04:00,22.763307181146974,22.776394225860958,22.26603504972407,22.501585006713867,1940850,0.0,0.0
2023-08-02 00:00:00-04:00,22.246403582159623,22.311833178868472,21.598638968439076,21.860361099243164,3842850,0.0,0.0
2023-08-03 00:00:00-04:00,21.722961495477218,21.76221888641917,21.225689354309427,21.251861572265625,5886000,0.0,0.0
2023-08-04 00:00:00-04:00,21.264947609727834,21.89308081091641,21.166801329045967,21.60518455505371,4291650,0.0,0.0
2023-08-07 00:00:00-04:00,21.605183234444034,21.87344984337573,21.5790128913121,21.729501724243164,2377950,0.0,0.0
2023-08-08 00:00:00-04:00,21.3958096450095,21.742592966253774,21.13408744330713,21.722963333129883,4327050,0.0,0.0
2023-08-09 00:00:00-04:00,21.585557095901574,21.7818477880033,21.271488618966483,21.533212661743164,4396350,0.0,0.0
2023-08-10 00:00:00-04:00,21.74259048410393,22.77639399880095,21.546297919243628,22.606273651123047,4265850,0.0,0.0
2023-08-11 00:00:00-04:00,22.29220874189998,22.638992049953657,22.050116182529976,22.475414276123047,4987650,0.0,0.0
2023-08-14 00:00:00-04:00,22.357636809117327,22.6847885628134,22.285662749389775,22.468868255615234,2926800,0.0,0.0
2023-08-15 00:00:00-04:00,22.442697499267783,22.442697499267783,21.71641801295374,21.938880920410156,3944700,0.0,0.0
2023-08-16 00:00:00-04:00,21.788393366065325,21.91925258620217,21.48086933158346,21.781848907470703,3664650,0.0,0.0
2023-08-17 00:00:00-04:00,21.82110821151152,21.919252626795913,21.179887922935958,21.278034210205078,3544200,0.0,0.0
2023-08-18 00:00:00-04:00,21.00322327543463,21.762217549538434,20.846189977344192,21.64444351196289,4582650,0.0,0.0
2023-08-21 00:00:00-04:00,21.66407127741077,21.72295829112964,21.25840102293764,21.441606521606445,3559350,0.0,0.0
2023-08-22 00:00:00-04:00,21.526668529833653,21.526668529833653,20.708787201705395,20.99013900756836,4391400,0.0,0.0
2023-08-23 00:00:00-04:00,21.03593613666068,21.382719375264063,20.931249152912226,21.343461990356445,1790100,0.0,0.0
2023-08-24 00:00:00-04:00,21.389263633872115,21.585556189717906,21.120998888068446,21.212600708007812,2402550,0.0,0.0
2023-08-25 00:00:00-04:00,21.225689354309427,21.421981924973267,21.003224565689386,21.251861572265625,1824300,0.0,0.0
2023-08-28 00:00:00-04:00,21.363091560279884,21.657530396011047,21.304204541927472,21.546297073364258,2514450,0.0,0.0
2023-08-29 00:00:00-04:00,21.559382951442416,22.246404992341176,21.461236678173385,22.23986053466797,2199450,0.0,0.0
2023-08-30 00:00:00-04:00,22.27919905862268,22.50867898962787,22.174294161688596,22.357877731323242,2078550,0.046667,0.0
2023-08-31 00:00:00-04:00,22.41033347138321,22.521794471785,22.154627278586794,22.364437103271484,3547500,0.0,0.0
2023-09-01 00:00:00-04:00,22.57424765667267,22.869292263197867,22.4693427409439,22.738162994384766,2566800,0.0,0.0
2023-09-05 00:00:00-04:00,22.725045622478813,22.75127184758006,22.16118084487818,22.180850982666016,2735550,0.0,0.0
2023-09-06 00:00:00-04:00,22.16774062239124,22.305427846480114,21.7743453378269,21.990713119506836,1887900,0.0,0.0
2023-09-07 00:00:00-04:00,21.735008977390965,22.161184741254516,21.735008977390965,22.036611557006836,2985900,0.0,0.0
2023-09-08 00:00:00-04:00,21.97104436145329,22.482456762861812,21.97104436145329,22.403778076171875,3083100,0.0,0.0
2023-09-11 00:00:00-04:00,22.521793945112975,22.961083724235706,22.272645722050132,22.84962272644043,3638850,0.0,0.0
2023-09-12 00:00:00-04:00,22.862739463525486,22.941418155183833,22.50868441313894,22.672597885131836,3827700,0.0,0.0
2023-09-13 00:00:00-04:00,22.725046048880586,23.184005934687924,22.351322803137332,23.085657119750977,4274550,0.0,0.0
2023-09-14 00:00:00-04:00,23.38070666375892,23.747875776041145,23.282357827894895,23.66919708251953,3157200,0.0,0.0
2023-09-15 00:00:00-04:00,23.623301052543408,23.71509192506281,23.38070700377117,23.616743087768555,4833450,0.0,0.0
2023-09-18 00:00:00-04:00,23.60362714920302,23.747872337698745,23.49872223969622,23.544618606567383,2099700,0.0,0.0
2023-09-19 00:00:00-04:00,23.649525652782206,23.721648253546263,23.039764404296875,23.039764404296875,2775600,0.0,0.0
2023-09-20 00:00:00-04:00,23.118439327850982,23.22334422974822,22.895517349243164,22.895517349243164,2349900,0.0,0.0
2023-09-21 00:00:00-04:00,22.57424957504591,22.810285655494127,21.62354916442483,21.662887573242188,6352050,0.0,0.0
2023-09-22 00:00:00-04:00,21.964483953699702,22.095616959441678,21.420291171523992,21.525196075439453,4273500,0.0,0.0
2023-09-25 00:00:00-04:00,21.49897159267771,21.577650276993865,21.210483083518465,21.47930145263672,2425500,0.0,0.0
2023-09-26 00:00:00-04:00,21.2432659653468,21.315386687671168,20.410580856018594,20.921993255615234,4480650,0.0,0.0
2023-09-27 00:00:00-04:00,20.974446860173387,21.13836031553846,20.522043022144963,20.620391845703125,4935450,0.0,0.0
2023-09-28 00:00:00-04:00,20.672843801263895,21.059681122277254,20.528598613422545,21.03345489501953,4494150,0.0,0.0
2023-09-29 00:00:00-04:00,21.30883158866881,21.30883158866881,20.443364198308,20.50237274169922,5338650,0.0,0.0
2023-10-02 00:00:00-04:00,20.364687408073248,20.4040276912226,19.709031654316977,19.76148223876953,7267950,0.0,0.0
2023-10-03 00:00:00-04:00,19.6696900010806,19.77459491437448,19.42709598220264,19.754924774169922,5976150,0.0,0.0
2023-10-04 00:00:00-04:00,19.827048039187982,19.990963378619437,19.42709663689094,19.86638832092285,3619350,0.0,0.0
2023-10-05 00:00:00-04:00,19.87950057478189,20.01718780969273,19.58445596401641,19.650020599365234,6155400,0.0,0.0
2023-10-06 00:00:00-04:00,19.5188859162422,20.1352031312612,19.295963945429403,20.030298233032227,5503350,0.0,0.0
2023-10-09 00:00:00-04:00,19.807376434143034,20.11553507351129,19.807376434143034,20.076196670532227,1380150,0.0,0.0
2023-10-10 00:00:00-04:00,20.154877445601596,21.15147418531472,20.154877445601596,21.125247955322266,4888200,0.0,0.0
2023-10-11 00:00:00-04:00,21.21048479653569,21.89236678234639,21.203926832093856,21.839914321899414,5839050,0.0,0.0
2023-10-12 00:00:00-04:00,21.853024424958218,21.92514702018945,21.151472364104094,21.315385818481445,4795350,0.0,0.0
2023-10-13 00:00:00-04:00,21.43340541769173,21.43340541769173,20.902322883415668,21.092464447021484,5523300,0.0,0.0
2023-10-16 00:00:00-04:00,21.256376869100933,21.66944041698948,21.125245732933756,21.512083053588867,3936000,0.0,0.0
2023-10-17 00:00:00-04:00,21.217039075061752,21.80712826682458,21.13836039110352,21.695667266845703,4542450,0.0,0.0
2023-10-18 00:00:00-04:00,21.28260716670919,21.50553107875226,20.876101504769142,21.007232666015625,9647400,0.0,0.0
2023-10-19 00:00:00-04:00,20.89576930501397,20.97444799294014,20.305678207643755,20.463035583496094,10303950,0.0,0.0
2023-10-20 00:00:00-04:00,20.377802228628283,20.49582121753778,20.010634958895917,20.135210037231445,5314050,0.0,0.0
2023-10-23 00:00:00-04:00,19.997515566475872,20.36468461405198,19.931950938019643,20.154874801635742,4953000,0.0,0.0
2023-10-24 00:00:00-04:00,20.167989332456354,20.52204437018355,20.049972237112563,20.292564392089844,3402300,0.0,0.0
2023-10-25 00:00:00-04:00,20.08930725144812,20.08930725144812,19.41398148393004,19.54511260986328,8509950,0.0,0.0
2023-10-26 00:00:00-04:00,19.420542867659126,19.833606456063755,19.394314762005322,19.59756851196289,5449950,0.0,0.0
2023-10-27 00:00:00-04:00,19.840157296471343,19.840157296471343,18.974691859980492,19.11237907409668,8289600,0.0,0.0
2023-10-30 00:00:00-04:00,19.046818780052376,19.709032527573147,19.020592548740108,19.10582733154297,8873700,0.0,0.0
2023-10-31 00:00:00-04:00,19.0009180853287,19.158275437417945,18.909127234533774,19.11237907409668,7209150,0.0,0.0
2023-11-01 00:00:00-04:00,19.151723406095204,20.056529310156712,19.14516731733157,20.017189025878906,5790900,0.0,0.0
2023-11-02 00:00:00-04:00,20.397469146722024,21.12524748165642,20.35813074053935,21.059682846069336,4950300,0.0,0.0
2023-11-03 00:00:00-04:00,21.459632889865347,22.108732552144016,21.394066376858884,21.794017791748047,4574550,0.0,0.0
2023-11-06 00:00:00-05:00,21.780903404051692,21.984155259292876,21.164586122904023,21.223594665527344,3617400,0.0,0.0
2023-11-07 00:00:00-05:00,21.059683373649396,21.295719444202195,20.908882081834232,20.981002807617188,3193650,0.0,0.0
2023-11-08 00:00:00-05:00,20.980999144329594,21.203922998853095,20.91543451854761,21.099018096923828,3416700,0.0,0.0
2023-11-09 00:00:00-05:00,21.26293621885611,21.761234568773823,21.072794652133194,21.11213493347168,4689900,0.0,0.0
2023-11-10 00:00:00-05:00,21.18425720844508,21.302274298962146,20.613834392837187,21.020341873168945,4202250,0.0,0.0
2023-11-13 00:00:00-05:00,20.89576761982203,21.282603064042462,20.666285787067984,21.105575561523438,4173900,0.0,0.0
2023-11-14 00:00:00-05:00,21.748120733442697,22.580803979656974,21.695668275033103,22.567691802978516,4938450,0.0,0.0
2023-11-15 00:00:00-05:00,22.62014407566916,22.76438927303518,22.33165555678498,22.593917846679688,5252250,0.0,0.0
2023-11-16 00:00:00-05:00,22.54802088598682,22.63325565900657,22.09561891673818,22.338211059570312,2509050,0.0,0.0
2023-11-17 00:00:00-05:00,22.423444838655318,22.528351623061322,22.141512427943034,22.20707893371582,4359900,0.0,0.0
2023-11-20 00:00:00-05:00,22.12184417786783,22.705377263114574,22.036609408574563,22.68570899963379,2488200,0.0,0.0
2023-11-21 00:00:00-05:00,22.528349857830502,22.725045608041103,22.167738793955547,22.252973556518555,2452500,0.0,0.0
2023-11-22 00:00:00-05:00,22.36443565942999,22.56768938293323,22.095617307869514,22.50212287902832,2415750,0.0,0.0
2023-11-24 00:00:00-05:00,22.508680842512188,22.587359521689475,22.370993622913858,22.50212287902832,1540650,0.0,0.0
2023-11-27 00:00:00-05:00,22.298871494446438,22.403778286867468,22.121845854615138,22.305429458618164,2745600,0.0,0.0
2023-11-28 00:00:00-05:00,22.28575960247918,22.856180562594307,22.108732084538644,22.803728103637695,4273200,0.0,0.0
2023-11-29 00:00:00-05:00,22.908846105237785,23.539544991287926,22.84314736479209,23.38187026977539,4635000,0.046667,0.0
2023-11-30 00:00:00-05:00,23.49355723025476,23.519836351814803,23.03367166313841,23.1716365814209,3801150,0.0,0.0
2023-12-01 00:00:00-05:00,23.020532277025453,23.782626776936592,22.97454334591617,23.75634765625,3349650,0.0,0.0
2023-12-04 00:00:00-05:00,23.460708018433596,23.868033449260267,23.303033294314048,23.75634765625,2761500,0.0,0.0
2023-12-05 00:00:00-05:00,23.58552630698546,23.73006237304226,23.283317437386554,23.349014282226562,3661050,0.0,0.0
2023-12-06 00:00:00-05:00,23.684079878294817,23.881174225538587,23.303033563748993,23.434429168701172,2869800,0.0,0.0
2023-12-07 00:00:00-05:00,23.4804171080114,23.631520637597216,23.32930981916375,23.546113967895508,2503500,0.0,0.0
2023-12-08 00:00:00-05:00,23.427856147704567,23.762915384053514,23.427856147704567,23.59210205078125,2429850,0.0,0.0
2023-12-11 00:00:00-05:00,23.572393297582085,23.84832499859166,23.427857197141133,23.828615188598633,1963050,0.0,0.0
2023-12-12 00:00:00-05:00,23.854894638061523,23.88117375853807,23.467277141124768,23.854894638061523,2242350,0.0,0.0
2023-12-13 00:00:00-05:00,23.874603167847518,25.12286226335027,23.598671477827523,25.11629295349121,3320850,0.0,0.0
2023-12-14 00:00:00-05:00,25.31338537686737,26.318563089723348,25.31338537686737,25.720712661743164,7394550,0.0,0.0
2023-12-15 00:00:00-05:00,25.720713892308503,25.92437754449035,25.221408727102308,25.287107467651367,4068450,0.0,0.0
2023-12-18 00:00:00-05:00,25.51048333587266,25.563041581416336,25.142573737435825,25.247692108154297,2958150,0.0,0.0
2023-12-19 00:00:00-05:00,25.53676085725273,25.871818241859092,25.385655440882598,25.84554100036621,3579900,0.0,0.0
2023-12-20 00:00:00-05:00,25.668155670166016,26.160889645929704,25.655015170194382,25.668155670166016,3993300,0.0,0.0
2023-12-21 00:00:00-05:00,25.93094544031239,26.27257398549369,25.93094544031239,26.200305938720703,2773800,0.0,0.0
2023-12-22 00:00:00-05:00,26.147748644089575,26.541935441208484,26.06234197462154,26.311994552612305,2979750,0.0,0.0
2023-12-26 00:00:00-05:00,26.279147099377226,26.62734497986468,26.16745942631968,26.581356048583984,1191150,0.0,0.0
2023-12-27 00:00:00-05:00,26.58792385495709,26.968972024594912,26.476238067847902,26.765308380126953,2463900,0.0,0.0
2023-12-28 00:00:00-05:00,26.436819851033693,26.817866134155576,26.35141130513496,26.42367935180664,2790150,0.0,0.0
2023-12-29 00:00:00-05:00,26.226587058888608,26.423681405194728,26.12147057542694,26.35798454284668,2529000,0.0,0.0
2024-01-02 00:00:00-05:00,25.99007159545627,26.082049446354453,25.418500320962558,25.523616790771484,3567450,0.0,0.0
2024-01-03 00:00:00-05:00,25.149145653609995,25.267400769680318,24.814086358692105,25.07687759399414,2675250,0.0,0.0
2024-01-04 00:00:00-05:00,25.017747676849208,25.431644303328312,24.93891031369276,25.30681800842285,3631500,0.0,0.0
2024-01-05 00:00:00-05:00,25.11629485070252,25.740424445598816,25.103154350360942,25.30681800842285,2225400,0.0,0.0
2024-01-08 00:00:00-05:00,25.319953817978167,25.609025997088487,25.26739558170916,25.576175689697266,2484900,0.0,0.0
2024-01-09 00:00:00-05:00,25.3396648639072,25.832398822898668,25.227979076289273,25.714141845703125,2798250,0.0,0.0
2024-01-10 00:00:00-05:00,25.701004766734066,26.29228592890074,25.701004766734066,26.101762771606445,3034200,0.0,0.0
2024-01-11 00:00:00-05:00,25.99007038540912,26.18059538779038,25.280534247233504,25.766698837280273,2890200,0.0,0.0
2024-01-12 00:00:00-05:00,26.10175963531574,26.31856188755327,25.59588520725382,25.740421295166016,2166150,0.0,0.0
2024-01-16 00:00:00-05:00,25.287103108609593,25.595883188737044,25.12285910499608,25.58274269104004,2754150,0.0,0.0
2024-01-17 00:00:00-05:00,25.057164695176084,25.3133865879448,24.8272219227008,25.287107467651367,4173450,0.0,0.0
2024-01-18 00:00:00-05:00,25.484202206709888,25.668156051629914,25.129433137405776,25.47106170654297,2534700,0.0,0.0
2024-01-19 00:00:00-05:00,25.58274879104379,26.167460665922032,25.33309807157969,26.147750854492188,2853750,0.0,0.0
2024-01-22 00:00:00-05:00,26.213445674754276,26.647052063136776,26.213445674754276,26.403968811035156,5049450,0.0,0.0
2024-01-23 00:00:00-05:00,26.463096688620904,26.75216887092066,26.2988526683758,26.430248260498047,2450400,0.0,0.0
2024-01-24 00:00:00-05:00,26.771879085938,26.909843989852416,26.384259733756323,26.42367935180664,3651300,0.0,0.0
2024-01-25 00:00:00-05:00,26.607632686324386,26.89013367830277,26.469667784988268,26.87699317932129,11891550,0.0,0.0
2024-01-26 00:00:00-05:00,26.93612071598872,27.054377688256366,26.58792286812038,26.68647003173828,2650050,0.0,0.0
2024-01-29 00:00:00-05:00,26.587922698438724,26.988680660025715,26.515656533235546,26.975540161132812,2932650,0.0,0.0
2024-01-30 00:00:00-05:00,26.988682712633807,27.087229883117736,26.745599441489322,26.90984535217285,2116050,0.0,0.0
2024-01-31 00:00:00-05:00,26.85728417224945,26.962402528346257,26.00978305065051,26.068910598754883,3924300,0.0,0.0
2024-02-01 00:00:00-05:00,26.128039522944896,26.318564556296945,25.267397856644855,25.7601318359375,5721000,0.0,0.0
2024-02-02 00:00:00-05:00,25.41193363436605,25.812689746968395,25.149142432720094,25.73385238647461,3576300,0.0,0.0
2024-02-05 00:00:00-05:00,25.497338060716476,25.497338060716476,25.11629179168502,25.32652473449707,2115150,0.0,0.0
2024-02-06 00:00:00-05:00,25.45135338816914,26.075481085634717,25.35280621712633,26.04920196533203,6511350,0.0,0.0
2024-02-07 00:00:00-05:00,26.226586379867925,26.298854430284507,25.681294166120697,26.114900588989258,3907200,0.0,0.0
2024-02-08 00:00:00-05:00,26.57478779515906,26.752172337416955,26.049203478935034,26.62734603881836,3918300,0.0,0.0
2024-02-09 00:00:00-05:00,26.7718813586687,26.87042665289855,26.338274921459536,26.831008911132812,4071000,0.0,0.0
2024-02-12 00:00:00-05:00,26.837577301842572,27.330311274631285,26.77844787177365,26.90984535217285,2436000,0.0,0.0
2024-02-13 00:00:00-05:00,25.983502371713133,26.206873930978567,25.57617511004452,25.681291580200195,3969750,0.0,0.0
2024-02-14 00:00:00-05:00,26.134610516038972,26.34484347846046,25.88495793334798,26.04920196533203,3661650,0.0,0.0
2024-02-15 00:00:00-05:00,26.26600764375293,26.666763781747303,26.20030889936328,26.62734603881836,5681550,0.0,0.0
2024-02-16 00:00:00-05:00,26.403970131250922,26.844145851258542,26.357983082008424,26.50908660888672,3710400,0.0,0.0
2024-02-20 00:00:00-05:00,26.285712713762926,26.71274980672789,26.25286428495973,26.548505783081055,7735950,0.0,0.0
2024-02-21 00:00:00-05:00,26.364549112854125,26.57478393659704,26.128037050727983,26.246294021606445,3957900,0.0,0.0
2024-02-22 00:00:00-05:00,26.56821284868395,27.067517972485057,26.46966756547869,27.008390426635742,5210250,0.0,0.0
2024-02-23 00:00:00-05:00,27.008392519045845,27.28432234080683,26.916414658704888,27.10036849975586,12646350,0.0,0.0
2024-02-26 00:00:00-05:00,27.034669998494444,27.343452012526228,26.75217086410696,26.7784481048584,5100000,0.0,0.0
2024-02-27 00:00:00-05:00,26.831005004793425,27.185772147558378,26.54193283565281,27.08722686767578,4513650,0.0,0.0
2024-02-28 00:00:00-05:00,26.8967033893542,27.028098982975784,26.739028677008303,26.870424270629883,3440250,0.0,0.0
2024-02-29 00:00:00-05:00,27.028095846406398,27.166062613421353,26.817862921009077,27.113502502441406,3623700,0.0,0.0
2024-03-01 00:00:00-05:00,27.251473906934326,27.763915809979004,27.11350711644108,27.290891647338867,3665700,0.0,0.0
2024-03-04 00:00:00-05:00,27.14635578056309,27.448564704112552,26.955830761327338,27.159494400024414,2650050,0.0,0.0
2024-03-05 00:00:00-05:00,27.126647619906,27.31717077108677,26.92298396883469,27.10036849975586,3898800,0.0,0.0
2024-03-06 00:00:00-05:00,27.461706016960186,27.915022235163445,27.17920501423153,27.33687973022461,4116150,0.0,0.0
2024-03-07 00:00:00-05:00,27.64565831293736,27.855891255888743,27.566820959330595,27.744205474853516,2555250,0.0,0.0
2024-03-08 00:00:00-05:00,27.967578139974567,28.013567067966694,27.24490330989205,27.376298904418945,3846450,0.0,0.0
2024-03-11 00:00:00-04:00,27.16606545276703,27.77048517645713,27.16606545276703,27.639089584350586,4843650,0.0,0.0
2024-03-12 00:00:00-04:00,27.64567198728126,27.86288730351074,27.4613676831325,27.704912185668945,1782600,0.053333,0.0
2024-03-13 00:00:00-04:00,27.810229626210695,28.001115747979618,27.553519599880016,27.65883445739746,1553250,0.0,0.0
2024-03-14 00:00:00-04:00,27.658837858936504,27.67200339475273,26.6188339747268,27.053266525268555,5346150,0.0,0.0
2024-03-15 00:00:00-04:00,26.704402772397874,27.158580759716198,26.638578865846792,26.98744010925293,4119000,0.0,0.0
2024-03-18 00:00:00-04:00,27.007188509274492,27.066430592414772,26.684656439429414,26.97427749633789,2534100,0.0,0.0
2024-03-19 00:00:00-04:00,26.85579505497507,27.25731465527273,26.816300335883835,27.08617401123047,2033550,0.0,0.0
2024-03-20 00:00:00-04:00,27.105922583890088,27.889218226419572,27.07959339772153,27.73124122619629,2465250,0.0,0.0
2024-03-21 00:00:00-04:00,27.974786911330508,28.415803152332327,27.856306510163947,27.86288833618164,3357000,0.0,0.0
2024-03-22 00:00:00-04:00,27.86288506026165,27.92870896233554,27.48111094794142,27.500858306884766,2657700,0.0,0.0
2024-03-25 00:00:00-04:00,27.6061757664695,27.750987224896697,27.270480071701808,27.28364372253418,9502950,0.0,0.0
2024-03-26 00:00:00-04:00,27.474529458803573,27.579844306410216,26.97427310420477,26.994020462036133,3000900,0.0,0.0
2024-03-27 00:00:00-04:00,27.11908678951108,27.369213104248047,26.928198786735248,27.369213104248047,2190300,0.0,0.0
2024-03-28 00:00:00-04:00,27.336301546828548,27.63908810847362,27.151997256369928,27.560100555419922,3148800,0.0,0.0
2024-04-01 00:00:00-04:00,27.54035371797783,27.566682902827747,26.974275302098714,27.112503051757812,2785500,0.0,0.0
2024-04-02 00:00:00-04:00,26.664909075066298,26.93478465410645,26.47402294020336,26.63199806213379,3378450,0.0,0.0
2024-04-03 00:00:00-04:00,26.612249683663254,27.053264019661402,26.506932939736053,26.816301345825195,4188900,0.0,0.0
2024-04-04 00:00:00-04:00,27.263897941261366,27.290227127662043,26.34895824303489,26.395034790039062,3649800,0.0,0.0
2024-04-05 00:00:00-04:00,26.335794739144173,26.743898101432,26.190985144379272,26.539846420288086,3039150,0.0,0.0
2024-04-08 00:00:00-04:00,26.743897819182255,26.84921457179509,26.533264313956582,26.678075790405273,2193450,0.0,0.0
2024-04-09 00:00:00-04:00,26.862377047788932,27.073010529022948,26.48060292144634,27.059846878051758,3359700,0.0,0.0
2024-04-10 00:00:00-04:00,26.289715631563695,26.493765395032256,25.631484148747386,25.789461135864258,5099850,0.0,0.0
2024-04-11 00:00:00-04:00,25.92110607705147,26.184399809292305,25.6643979366571,26.14490509033203,15284700,0.0,0.0
2024-04-12 00:00:00-04:00,25.809206182058645,26.098827201066243,25.69730762279047,25.86844825744629,5708100,0.0,0.0
2024-04-15 00:00:00-04:00,26.039590546407823,26.289718765682373,25.44060106855646,25.664400100708008,7421400,0.0,0.0
2024-04-16 00:00:00-04:00,25.34186758476918,25.61832310310582,25.13123220826758,25.486677169799805,6694200,0.0,0.0
2024-04-17 00:00:00-04:00,25.67098088791163,25.828956004257208,25.440600039104677,25.677562713623047,5977200,0.0,0.0
2024-04-18 00:00:00-04:00,25.77629582594629,25.77629582594629,25.223382957480457,25.394521713256836,4119900,0.0,0.0
2024-04-19 00:00:00-04:00,25.434019242578714,25.710476648976268,25.34844797201994,25.664400100708008,3159150,0.0,0.0
2024-04-22 00:00:00-04:00,25.80920839498203,26.171235170585227,25.598574908552813,26.07250213623047,2260800,0.0,0.0
2024-04-23 00:00:00-04:00,26.164656261246186,26.658329020892342,25.986933766459632,26.5727596282959,3189150,0.0,0.0
2024-04-24 00:00:00-04:00,26.513516952038653,26.737315992946975,26.237061418036003,26.678075790405273,3620700,0.0,0.0
2024-04-25 00:00:00-04:00,26.283134322252955,26.566173526441307,25.848701836381085,26.480602264404297,3595200,0.0,0.0
2024-04-26 00:00:00-04:00,26.57275700965226,26.97427662754008,26.480603916543483,26.96111297607422,4846050,0.0,0.0
2024-04-29 00:00:00-04:00,27.013771057128906,27.171746172287747,26.73731366399497,27.013771057128906,3300750,0.0,0.0
2024-04-30 00:00:00-04:00,26.724151465141095,26.915037602196467,26.401617508419648,26.408201217651367,4530450,0.0,0.0
2024-05-01 00:00:00-04:00,26.40820049244387,27.29022730085828,26.184401465011817,26.967695236206055,5448900,0.0,0.0
2024-05-02 00:00:00-04:00,27.27706497447436,27.43504010155644,26.842632433392616,27.415292739868164,11127450,0.0,0.0
2024-05-03 00:00:00-04:00,27.94187576367647,28.251244183564758,27.757571453583108,28.06035804748535,5809950,0.0,0.0
2024-05-06 00:00:00-04:00,28.20516997032718,28.777830270952037,28.119598698289597,28.751501083374023,2865300,0.0,0.0
2024-05-07 00:00:00-04:00,28.830487023155325,28.955551127913687,28.725168395559912,28.78441047668457,4978950,0.0,0.0
2024-05-08 00:00:00-04:00,28.554031527718696,29.02137508282351,28.2709922875498,28.95555305480957,8457900,0.0,0.0
2024-05-09 00:00:00-04:00,28.804155968639694,29.126689910888672,28.494789444263315,29.126689910888672,4940850,0.0,0.0
2024-05-10 00:00:00-04:00,29.14643640147661,29.291247862362717,28.869979013972177,29.113525390625,6320250,0.0,0.0
2024-05-13 00:00:00-04:00,29.271499867754105,29.271499867754105,28.810738192976576,28.962129592895508,5141850,0.0,0.0
2024-05-14 00:00:00-04:00,29.027955438141706,29.416311410024633,28.99504442580233,29.389982223510742,3515250,0.0,0.0
2024-05-15 00:00:00-04:00,29.6203623439363,29.692768075862244,29.343904950769936,29.52162742614746,3149850,0.0,0.0
2024-05-16 00:00:00-04:00,29.436054514094735,29.561118602753755,29.291244950814576,29.38339614868164,2586000,0.0,0.0
2024-05-17 00:00:00-04:00,29.468970370673716,29.468970370673716,29.093779926172292,29.284666061401367,3702900,0.0,0.0
2024-05-20 00:00:00-04:00,29.35707252837176,29.574287856054465,29.258337603711603,29.49530029296875,2949600,0.0,0.0
2024-05-21 00:00:00-04:00,29.422890139118945,29.62035995879562,29.17934566030124,29.343902587890625,3265350,0.0,0.0
2024-05-22 00:00:00-04:00,29.041119228045737,29.40972781709211,29.041119228045737,29.19251251220703,2986050,0.0,0.0
2024-05-23 00:00:00-04:00,29.37681401978248,29.52162547405885,28.85681404578372,29.09377670288086,2647650,0.0,0.0
2024-05-24 00:00:00-04:00,29.19909608846897,29.54137551310717,29.139854006411078,29.47555160522461,1953150,0.0,0.0
2024-05-28 00:00:00-04:00,29.58744930487851,29.58744930487851,28.593520252650045,28.665925979614258,2443650,0.0,0.0
2024-05-29 00:00:00-04:00,28.290739799130538,28.303905334730317,27.612762737649714,27.645673751831055,2506200,0.0,0.0
2024-05-30 00:00:00-04:00,27.77073641439117,28.27099096001221,27.678583319644467,28.08010482788086,3541950,0.0,0.0
2024-05-31 00:00:00-04:00,28.21833101481993,28.639597977138394,28.060355903950505,28.626434326171875,4812900,0.0,0.0
2024-06-03 00:00:00-04:00,28.764663261911522,28.790992448140667,28.389470945737283,28.758081436157227,4350600,0.0,0.0
2024-06-04 00:00:00-04:00,28.521120355051664,28.738335682786207,27.92213086403902,28.040611267089844,2206200,0.0,0.0
2024-06-05 00:00:00-04:00,28.317066337188383,28.422383079282724,28.04060894758479,28.376306533813477,2391450,0.0,0.0
2024-06-06 00:00:00-04:00,28.349976417085728,28.402634786403244,27.770734354593063,27.849721908569336,3815100,0.0,0.0
2024-06-07 00:00:00-04:00,27.53377119165238,27.560100375832047,27.217820981496406,27.32971954345703,2859150,0.0,0.0
2024-06-10 00:00:00-04:00,27.099338284989365,27.467946857708903,27.02035073369232,27.408706665039062,14333700,0.0,0.0
2024-06-11 00:00:00-04:00,27.31655541779665,27.31655541779665,26.882122944783315,27.06642723083496,3948000,0.0,0.0
2024-06-12 00:00:00-04:00,27.902379806514816,28.014278368621206,27.42845449066349,27.586429595947266,2795250,0.0,0.0
2024-06-13 00:00:00-04:00,27.474315616177268,27.480911916103555,26.933536004657455,27.0456485748291,3790650,0.053333,0.0
2024-06-14 00:00:00-04:00,26.715905670763735,27.019271341606302,26.3597828037025,27.006080627441406,8937000,0.0,0.0
2024-06-17 00:00:00-04:00,26.973104659801205,27.111598657538273,26.689524137956948,27.078622817993164,3234150,0.0,0.0
2024-06-18 00:00:00-04:00,27.1050029392789,27.289659720078,26.97310523870812,27.26987648010254,5594400,0.0,0.0
2024-06-20 00:00:00-04:00,26.623576662458706,27.045649302042918,26.524652915852776,26.91375160217285,3877200,0.0,0.0
2024-06-21 00:00:00-04:00,26.874181046849113,26.874181046849113,26.40594189192924,26.75547218322754,19946550,0.0,0.0
2024-06-24 00:00:00-04:00,26.82802204695292,27.401777587472914,26.808236917704075,27.3094482421875,23725050,0.0,0.0
2024-06-25 00:00:00-04:00,27.43475074635428,27.43475074635428,26.768665879939377,27.263282775878906,7922700,0.0,0.0
2024-06-26 00:00:00-04:00,27.032459563967247,27.118192594288615,26.78185299925745,26.94013023376465,24891000,0.0,0.0
2024-06-27 00:00:00-04:00,26.96650753493369,27.579831296046777,26.86758379987288,27.40836524963379,15994200,0.0,0.0
2024-06-28 00:00:00-04:00,27.579834621720398,27.751302575622905,27.223711774097556,27.395177841186523,2323950,0.0,0.0
2024-07-01 00:00:00-04:00,27.49410064861803,27.66556859666095,26.97310427821241,26.992889404296875,1529400,0.0,0.0
2024-07-02 00:00:00-04:00,27.025865801695986,27.804063221165762,26.92034763545016,27.738115310668945,2798400,0.0,0.0
2024-07-03 00:00:00-04:00,27.942556187257054,28.423982331093725,27.922771060120507,28.391008377075195,1555650,0.0,0.0
2024-07-05 00:00:00-04:00,28.49652426020192,28.57566287560494,28.028285093883945,28.05466651916504,1924200,0.0,0.0
2024-07-08 00:00:00-04:00,28.179972383706126,28.29867937429364,27.90958067449777,28.173376083374023,2312250,0.0,0.0
2024-07-09 00:00:00-04:00,28.114022653795292,28.423982731652803,27.97553053551494,28.351438522338867,1687500,0.0,0.0
2024-07-10 00:00:00-04:00,28.42398160238634,29.10325522654675,28.371222522583853,29.076875686645508,2176050,0.0,0.0
2024-07-11 00:00:00-04:00,29.406622571844842,29.670417986044768,29.287913692048058,29.650632858276367,4319250,0.0,0.0
2024-07-12 00:00:00-04:00,29.677009089857638,30.428826879884976,29.677009089857638,30.34309196472168,5302950,0.0,0.0
2024-07-15 00:00:00-04:00,30.40244745554342,30.52775073548729,30.16503160835087,30.39585304260254,2883450,0.0,0.0
2024-07-16 00:00:00-04:00,30.356283361310208,31.279569115652826,30.356283361310208,31.26637840270996,5316300,0.0,0.0
2024-07-17 00:00:00-04:00,30.83111973778099,31.048750483092117,30.626675932977562,30.81133460998535,4518750,0.0,0.0
2024-07-18 00:00:00-04:00,30.672837841587256,31.048747688616917,30.25076521627407,30.461801528930664,4305150,0.0,0.0
2024-07-19 00:00:00-04:00,30.356284895575467,30.646459840036346,30.191413239744268,30.376070022583008,1539300,0.0,0.0
2024-07-22 00:00:00-04:00,30.666245658814137,30.982800150821397,30.47499445826315,30.923446655273438,1673550,0.0,0.0
2024-07-23 00:00:00-04:00,30.916848630878388,31.371897102873888,30.560725790635715,31.028963088989258,8637600,0.0,0.0
2024-07-24 00:00:00-04:00,30.705812808112118,30.943228653105137,30.18481456752733,30.23757553100586,4251900,0.0,0.0
2024-07-25 00:00:00-04:00,30.145247438279828,30.976203873200713,29.953996249237882,30.547534942626953,7799700,0.0,0.0
2024-07-26 00:00:00-04:00,30.897065860635937,31.279570133031545,30.725597907682452,31.167455673217773,25174950,0.0,0.0
2024-07-29 00:00:00-04:00,31.213621118461,31.40487420283661,30.910257345101936,31.338924407958984,3627900,0.0,0.0
2024-07-30 00:00:00-04:00,31.411466379286363,31.774185530035705,31.325735231846988,31.556554794311523,20662950,0.0,0.0
2024-07-31 00:00:00-04:00,31.761001952655185,32.605147381588964,31.563156311155762,32.15010070800781,2799000,0.0,0.0
2024-08-01 00:00:00-04:00,32.09733624186527,32.202854402805954,31.127887666519324,31.37849235534668,4347300,0.0,0.0
2024-08-02 00:00:00-04:00,30.75857208757859,30.916849328326663,29.782529102965473,29.914426803588867,4414050,0.0,0.0
2024-08-05 00:00:00-04:00,28.04147883073479,29.373646610430285,27.837036913858366,28.865840911865234,3554250,0.0,0.0
2024-08-06 00:00:00-04:00,28.9251939846449,29.61106204873249,28.65480416185223,29.459381103515625,6845100,0.0,0.0
2024-08-07 00:00:00-04:00,30.000162567926807,30.033136522306737,28.259110983913445,28.29867935180664,5532600,0.0,0.0
2024-08-08 00:00:00-04:00,28.311869187606415,29.400024742905735,27.955744453544217,29.307697296142578,3310050,0.0,0.0
2024-08-09 00:00:00-04:00,29.44618805315923,29.703389028487177,29.235151742492903,29.624250411987305,2858700,0.0,0.0
2024-08-12 00:00:00-04:00,29.6836059195464,29.82869433639443,29.07687648515577,29.1230411529541,1651350,0.0,0.0
2024-08-13 00:00:00-04:00,29.413216891866533,30.099084966603048,29.142825178062107,30.026540756225586,3228600,0.0,0.0
2024-08-14 00:00:00-04:00,30.145247438279828,30.58710519515342,29.986970201800943,30.547534942626953,2925750,0.0,0.0
2024-08-15 00:00:00-04:00,30.956419446942164,31.114696687000105,30.60029471340503,30.666244506835938,2393250,0.0,0.0
2024-08-16 00:00:00-04:00,30.811333722459576,30.811333722459576,30.442018265895832,30.71240997314453,1716450,0.0,0.0
2024-08-19 00:00:00-04:00,30.745383864066575,31.127888146784915,30.71240990996725,30.963014602661133,1563150,0.0,0.0
2024-08-20 00:00:00-04:00,30.99598779511163,31.233405541870848,30.705814741991553,30.791547775268555,1335750,0.0,0.0
2024-08-21 00:00:00-04:00,30.77835652005143,31.048748215339824,30.65305512239602,31.028963088989258,1370850,0.0,0.0
2024-08-22 00:00:00-04:00,31.12129395647045,31.2861675117723,30.930042745551653,31.06853675842285,3070350,0.0,0.0
2024-08-23 00:00:00-04:00,31.29275111475607,32.45345246752303,31.23339763649578,32.38750457763672,2677500,0.0,0.0
2024-08-26 00:00:00-04:00,32.51941186147036,32.75023333135391,32.47984160408976,32.565574645996094,8711700,0.0,0.0
2024-08-27 00:00:00-04:00,32.46005364912433,33.086570091008575,32.39410574165034,32.842559814453125,2330700,0.0,0.0
2024-08-28 00:00:00-04:00,32.78320476446345,33.04700017064927,32.486435404207796,32.62492752075195,2036100,0.0,0.0
2024-08-29 00:00:00-04:00,32.75682688973918,33.19868466382384,32.5919533468748,32.770015716552734,1523850,0.0,0.0
2024-08-30 00:00:00-04:00,32.79639002042063,33.277817999400966,32.65130539303593,33.15911102294922,2211450,0.0,0.0
2024-09-03 00:00:00-04:00,32.915104781960345,32.98105269095672,31.378493219042515,31.602720260620117,3875700,0.0,0.0
2024-09-04 00:00:00-04:00,31.451040322847753,32.01820333593184,31.319142605902773,31.32573890686035,10284900,0.0,0.0
2024-09-05 00:00:00-04:00,31.52358175113695,31.787375274885008,31.03555929819106,31.10150909423828,3210000,0.0,0.0
2024-09-06 00:00:00-04:00,31.22021415695829,31.451035598644175,30.323309816454806,30.422231674194336,4375050,0.0,0.0
2024-09-09 00:00:00-04:00,30.712409691642133,31.444442410962115,30.573917575958603,31.108102798461914,2741850,0.0,0.0
2024-09-10 00:00:00-04:00,31.25978451548591,31.25978451548591,30.46839644319216,31.154266357421875,2515200,0.0,0.0
2024-09-11 00:00:00-04:00,31.02236799337927,31.747806257891448,30.54753440547861,31.714832305908203,10537800,0.0,0.0
2024-09-12 00:00:00-04:00,31.70822801231362,32.362210063870975,31.695017208220374,32.34239196777344,2656050,0.053333,0.0
2024-09-13 00:00:00-04:00,32.619835170501645,32.8840739109364,32.4877195801993,32.61323165893555,1857900,0.0,0.0
2024-09-16 00:00:00-04:00,32.851045807003466,33.333276094556716,32.74535180808074,33.30024719238281,2390100,0.0,0.0
2024-09-17 00:00:00-04:00,33.4918116577869,33.5644767427434,33.06243221929158,33.240787506103516,2221200,0.0,0.0
2024-09-18 00:00:00-04:00,33.15491703615998,33.7098124210859,32.8774712336548,32.996376037597656,2939250,0.0,0.0
2024-09-19 00:00:00-04:00,33.6833843125022,34.54875811220839,33.38612043668192,34.482696533203125,3290550,0.0,0.0
2024-09-20 00:00:00-04:00,34.33736305645714,34.66765958004433,34.16561128333734,34.469482421875,3170550,0.0,0.0
2024-09-23 00:00:00-04:00,34.58178619555078,34.81959577862809,34.46948491581611,34.707298278808594,2654400,0.0,0.0
2024-09-24 00:00:00-04:00,34.945109008193896,35.1432861872026,34.819596920818896,34.879051208496094,2525700,0.0,0.0
2024-09-25 00:00:00-04:00,34.96492890044041,34.98474699735098,34.416640818966215,34.5289421081543,2104050,0.0,0.0
2024-09-26 00:00:00-04:00,34.72710979226788,35.86332196171983,34.61481230150882,35.288612365722656,5962950,0.0,0.0
2024-09-27 00:00:00-04:00,35.34806360975242,35.60569505261628,35.176311834453145,35.268795013427734,2960550,0.0,0.0
2024-09-30 00:00:00-04:00,35.077227296246996,35.28200798090554,34.779959647024334,35.11025619506836,2075700,0.0,0.0
2024-10-01 00:00:00-04:00,35.03759663824864,35.29522435768468,34.76015082040739,35.06401824951172,2841900,0.0,0.0
2024-10-02 00:00:00-04:00,35.03098496580557,35.22916214516514,34.76014647459895,34.9781379699707,1995600,0.0,0.0
2024-10-03 00:00:00-04:00,34.73372245022467,34.98474663527327,34.522334458587004,34.74032974243164,2130750,0.0,0.0
2024-10-04 00:00:00-04:00,35.0706212541768,35.42073213005689,34.78656817829326,35.07722854614258,1282650,0.0,0.0
2024-10-07 00:00:00-04:00,35.070619671523424,35.070619671523424,34.48269545030593,34.71390151977539,1379550,0.0,0.0
2024-10-08 00:00:00-04:00,34.63463285335071,34.97813642110905,34.40342678432176,34.61481475830078,1790700,0.0,0.0
2024-10-09 00:00:00-04:00,34.42324012050317,35.050796664028155,34.41663282976158,34.94510269165039,1844250,0.0,0.0
2024-10-10 00:00:00-04:00,34.694082919437335,35.16310234321353,34.60159973701336,35.030982971191406,1802250,0.0,0.0
2024-10-11 00:00:00-04:00,35.14328632917352,35.95580936446784,35.14328632917352,35.381099700927734,1887750,0.0,0.0
2024-10-14 00:00:00-04:00,35.599083451282,35.79726058797267,35.433935207387364,35.585872650146484,1255500,0.0,0.0
2024-10-15 00:00:00-04:00,35.453755323355225,35.73120484252952,35.23576386247184,35.328243255615234,1888800,0.0,0.0
2024-10-16 00:00:00-04:00,35.53964247148043,36.3257401582708,35.4867916929593,36.14077377319336,2485950,0.0,0.0
2024-10-17 00:00:00-04:00,36.16719895243018,36.649429229374505,36.16719895243018,36.55033874511719,1636050,0.0,0.0
2024-10-18 00:00:00-04:00,36.6692475897318,37.44213447291544,36.5107065936963,37.25056457519531,2651100,0.0,0.0
2024-10-21 00:00:00-04:00,37.171290407335164,37.541219380371246,36.5173083575141,36.58997344970703,2373600,0.0,0.0
2024-10-22 00:00:00-04:00,36.35216769615324,36.497494115971705,35.777454189901,35.883148193359375,2361900,0.0,0.0
2024-10-23 00:00:00-04:00,35.856725696673195,36.081324503494976,35.37449540033865,35.70478820800781,1821750,0.0,0.0
2024-10-24 00:00:00-04:00,36.00205019388248,36.28610327850838,35.784058691201636,35.85672378540039,1689750,0.0,0.0
2024-10-25 00:00:00-04:00,35.896356587258296,36.08132297084208,35.156498612754106,35.34146499633789,1650900,0.0,0.0
2024-10-28 00:00:00-04:00,35.75763097356781,36.16058883158572,35.61230079463556,36.12095642089844,2334750,0.0,0.0
2024-10-29 00:00:00-04:00,35.9227781678406,36.00204676674726,35.255585359056305,35.440547943115234,2369250,0.0,0.0
2024-10-30 00:00:00-04:00,35.215947140704465,36.01525927483484,35.215947140704465,35.698177337646484,1801650,0.0,0.0
2024-10-31 00:00:00-04:00,35.58587904051266,35.58587904051266,34.760145232586545,35.011165618896484,3540150,0.0,0.0
2024-11-01 00:00:00-04:00,35.37449140344213,35.69157337015778,35.090438335769946,35.1036491394043,1761300,0.0,0.0
2024-11-04 00:00:00-05:00,35.10365025863884,36.00865648496294,35.08383216259784,35.57927322387695,2826600,0.0,0.0
2024-11-05 00:00:00-05:00,35.67175513051961,36.8608143908533,35.60569733269973,36.82778549194336,2952750,0.0,0.0
2024-11-06 00:00:00-05:00,37.72618809640084,37.93096880170542,36.99293361692801,37.64031219482422,4601100,0.0,0.0
2024-11-07 00:00:00-05:00,37.7658184767529,38.16877631284419,37.64030639995151,37.99702453613281,1836450,0.0,0.0
2024-11-08 00:00:00-05:00,37.99702762207853,37.99702762207853,37.66012755275859,37.712974548339844,1530750,0.0,0.0
2024-11-11 00:00:00-05:00,38.003631212487356,39.12663270584254,38.003631212487356,38.82276153564453,2339400,0.0,0.0
2024-11-12 00:00:00-05:00,38.59155013956107,38.87560317474673,37.99702246494283,38.2546501159668,1924800,0.0,0.0
2024-11-13 00:00:00-05:00,38.28107537019027,38.59816111078984,37.950782606122765,38.05647659301758,1890750,0.0,0.0
2024-11-14 00:00:00-05:00,38.72367613609401,39.76740150107724,38.04987597344541,38.18199157714844,2800200,0.0,0.0
2024-11-15 00:00:00-05:00,38.38016723215269,38.43301422750963,37.36946702848295,37.51479721069336,3609750,0.0,0.0
2024-11-18 00:00:00-05:00,37.53461700160172,37.58085670715912,37.02596512080853,37.06559753417969,3256800,0.0,0.0
2024-11-19 00:00:00-05:00,36.695667123809706,37.613884146408836,36.60318393637379,37.5081901550293,1918350,0.0,0.0
2024-11-20 00:00:00-05:00,37.47516361270816,37.54782870884223,36.992933329234546,37.24395751953125,2663100,0.0,0.0
2024-11-21 00:00:00-05:00,37.422310877055295,38.16877604117121,37.0589892319957,38.00362777709961,2283300,0.0,0.0
2024-11-22 00:00:00-05:00,38.04987194352334,38.96808889970506,37.831876684603074,38.49246597290039,4035600,0.0,0.0
2024-11-25 00:00:00-05:00,39.0209384157744,39.628676971603156,38.82276123847394,39.43710708618164,5375850,0.0,0.0
2024-11-26 00:00:00-05:00,39.18608486951457,39.78721994338447,39.00772955894859,39.688133239746094,3081450,0.0,0.0
2024-11-27 00:00:00-05:00,39.701342412516816,40.712042623733204,39.701342412516816,40.54029083251953,4369650,0.0,0.0
2024-11-29 00:00:00-05:00,40.4081747486996,40.804529139118735,40.29587723601614,40.553504943847656,1908300,0.0,0.0
2024-12-02 00:00:00-05:00,40.427989880364976,41.03573222644543,40.163754899442026,40.632774353027344,2743650,0.0,0.0
2024-12-03 00:00:00-05:00,40.87058085069855,41.24711708746625,40.15054105470282,40.30908203125,2348550,0.0,0.0
2024-12-04 00:00:00-05:00,40.295871564288376,40.53368114113518,39.800430535956615,40.097694396972656,2512350,0.0,0.0
2024-12-05 00:00:00-05:00,40.14393166862836,40.348716115097034,39.61546177437832,39.65509796142578,4698300,0.0,0.0
2024-12-06 00:00:00-05:00,39.81364058651512,39.97878885280885,39.32480685897009,39.509769439697266,2976150,0.0,0.0
2024-12-09 00:00:00-05:00,39.800430976095036,40.15714912522513,38.981300691419634,39.07378387451172,2921850,0.0,0.0
2024-12-10 00:00:00-05:00,38.94166450153516,39.40407663708046,38.578342840701055,39.07378387451172,3160500,0.0,0.0
2024-12-11 00:00:00-05:00,39.47013490090038,39.98539403575347,39.252143413785156,39.668312072753906,2049450,0.0,0.0
2024-12-12 00:00:00-05:00,39.64849097702484,39.688127164378955,38.96808740038195,39.13983917236328,3257100,0.0,0.0
2024-12-13 00:00:00-05:00,39.33141566010237,39.41068804815739,38.73028057704201,38.763309478759766,3055200,0.0,0.0
2024-12-16 00:00:00-05:00,38.64423624748739,39.21973422131437,38.631007409660675,39.12712478637695,2016000,0.053333,0.0
2024-12-17 00:00:00-05:00,38.89560692200804,39.10066717627967,38.564863233317304,39.03451919555664,3788850,0.0,0.0
2024-12-18 00:00:00-05:00,39.146979650557306,39.49095222986502,36.520863543946845,36.68623352050781,5300100,0.0,0.0
2024-12-19 00:00:00-05:00,37.12281437329975,37.314645791476295,36.587006636786334,36.70607376098633,4678950,0.0,0.0
2024-12-20 00:00:00-05:00,36.61346522581286,37.764457429577,36.29595039615898,37.10296630859375,4309650,0.0,0.0
2024-12-23 00:00:00-05:00,37.10958771565694,37.751229989678514,36.97067164666842,37.7446174621582,2353800,0.0,0.0
2024-12-24 00:00:00-05:00,37.95628844685125,38.06212672232665,37.539547871494776,38.029052734375,992550,0.0,0.0
2024-12-26 00:00:00-05:00,37.76446124145359,38.326726669251975,37.76446124145359,38.273807525634766,873150,0.0,0.0
2024-12-27 00:00:00-05:00,37.90998515138408,38.207654824338896,37.460170593644946,37.830604553222656,1526250,0.0,0.0
2024-12-30 00:00:00-05:00,37.40725195103691,38.14150356835963,37.14265626212666,37.93644332885742,2686800,0.0,0.0
2024-12-31 00:00:00-05:00,38.10181592551839,38.2274993471633,37.837216459368435,38.00259017944336,2323800,0.0,0.0
2025-01-02 00:00:00-05:00,38.09520233688473,38.306878896873805,37.58585608754546,38.06874465942383,4362000,0.0,0.0
2025-01-03 00:00:00-05:00,38.41933832110798,38.511943988944424,37.8835305418391,38.2341194152832,1911000,0.0,0.0
2025-01-06 00:00:00-05:00,38.82945677009129,38.875763386582534,37.69830959838066,37.99597930908203,4125900,0.0,0.0
2025-01-07 00:00:00-05:00,38.16796787741022,38.69715929471245,37.4270998931871,37.724769592285156,4783950,0.0,0.0
2025-01-08 00:00:00-05:00,37.63877654636135,38.67731423206244,37.4138711397614,38.61777877807617,3919200,0.0,0.0
2025-01-10 00:00:00-05:00,38.320109137758756,38.40610605534202,36.309181744281595,36.322410583496094,6206850,0.0,0.0
2025-01-13 00:00:00-05:00,35.865986140340006,36.520861043889546,35.58816157067532,36.34225845336914,7718100,0.0,0.0
2025-01-14 00:00:00-05:00,36.342253414466704,36.96405423875463,36.32902457609684,36.639923095703125,2699550,0.0,0.0
2025-01-15 00:00:00-05:00,37.85045142981473,38.08858566501415,37.56601058188318,37.63877487182617,4086600,0.0,0.0
2025-01-16 00:00:00-05:00,37.66523179242942,38.12827519999677,37.46017155040047,38.088584899902344,2073900,0.0,0.0
2025-01-17 00:00:00-05:00,38.346572794517854,38.74346448918258,38.28703733703403,38.4854850769043,2109900,0.0,0.0
2025-01-21 00:00:00-05:00,38.57809340392652,39.61663112040928,38.47886764434174,39.58355712890625,3139200,0.0,0.0
2025-01-22 00:00:00-05:00,39.5438632756247,39.61001125269333,38.915449923321994,38.981597900390625,3768150,0.0,0.0
2025-01-23 00:00:00-05:00,39.15358234490078,39.44463948666903,38.96836726065523,39.40494918823242,4295100,0.0,0.0
2025-01-24 00:00:00-05:00,39.52402232072047,40.46995439052326,39.25942659928538,40.39719009399414,2987400,0.0,0.0
2025-01-27 00:00:00-05:00,39.755536781525635,39.93413933397453,39.21311659802443,39.748924255371094,3024900,0.0,0.0
2025-01-28 00:00:00-05:00,39.72246973916839,40.02675576264483,39.31896174035377,39.967220306396484,2054850,0.0,0.0
2025-01-29 00:00:00-05:00,39.953988745168864,40.58240590139888,39.85476677658935,39.99367904663086,2507850,0.0,0.0
2025-01-30 00:00:00-05:00,40.55594342921885,41.25712485898364,40.51625312874482,41.045448303222656,2614800,0.0,0.0
2025-01-31 00:00:00-05:00,41.25712286662584,41.528331074925504,40.13258837964426,40.483177185058594,3515850,0.0,0.0
2025-02-03 00:00:00-05:00,38.78314736762527,39.80184355184976,38.54501315344168,39.23957443237305,3731100,0.0,0.0
2025-02-04 00:00:00-05:00,39.391723925264266,39.762157912447634,38.51193989376267,38.74346160888672,3131400,0.0,0.0
2025-02-05 00:00:00-05:00,38.94852319231819,39.47771456924163,38.59793437824082,39.43141174316406,2295600,0.0,0.0
2025-02-06 00:00:00-05:00,39.82830598514427,39.9473731064614,39.239579120454515,39.72908401489258,1770750,0.0,0.0
2025-02-07 00:00:00-05:00,39.715853686791434,39.93414277017585,39.17342967154135,39.36526107788086,2245950,0.0,0.0
2025-02-10 00:00:00-05:00,39.689395006329896,39.815078443790334,39.252813023887505,39.29249954223633,1809750,0.0,0.0
2025-02-11 00:00:00-05:00,38.86253739380925,38.91545654147892,38.39287759256841,38.81623077392578,2123550,0.0,0.0
2025-02-12 00:00:00-05:00,38.306876425509145,38.789764966234,38.20765446381886,38.756690979003906,2295900,0.0,0.0
2025-02-13 00:00:00-05:00,39.82169065682798,40.3641147058151,39.444644132496805,39.94076156616211,6574950,0.0,0.0
2025-02-14 00:00:00-05:00,40.60224438479444,40.681624982083385,40.11274331842997,40.2979621887207,3510750,0.0,0.0
2025-02-18 00:00:00-05:00,40.417030271878176,40.62870682297399,40.18550857098272,40.55594253540039,3038700,0.0,0.0
2025-02-19 00:00:00-05:00,40.1722832473549,40.27150521995844,39.68939465351794,40.03337097167969,3379500,0.0,0.0
2025-02-20 00:00:00-05:00,40.18551224320496,40.47656563502102,39.219738836845096,39.7092399597168,2097750,0.0,0.0
2025-02-21 00:00:00-05:00,39.94075874052407,39.95398757893343,38.61116396096118,38.93529510498047,5219250,0.0,0.0
2025-02-24 00:00:00-05:00,39.0940550244989,39.23296729938085,37.97613672820162,38.29365158081055,3916500,0.0,0.0
2025-02-25 00:00:00-05:00,38.61777628252753,38.65085405598831,37.49985806375324,38.134891510009766,3711000,0.0,0.0
2025-02-26 00:00:00-05:00,38.3928741612263,38.62439588472349,37.89014419583365,38.16796875,2848800,0.0,0.0
2025-02-27 00:00:00-05:00,38.15473853906219,38.39948909322791,37.480018544560416,37.61893081665039,3454800,0.0,0.0
2025-02-28 00:00:00-05:00,37.67846268611659,38.326725006103516,37.354335311198675,38.326725006103516,4686450,0.0,0.0
2025-03-03 00:00:00-05:00,38.551628606407554,38.8029954621876,37.06327640700376,37.44032669067383,4134600,0.0,0.0
2025-03-04 00:00:00-05:00,36.73253534181435,36.73253534181435,34.97958732380959,35.442630767822266,9894600,0.0,0.0
2025-03-05 00:00:00-05:00,35.700610680604306,36.54070444708879,35.52200809863576,36.534088134765625,4182900,0.0,0.0
2025-03-06 00:00:00-05:00,35.35663362651933,35.83952221910049,34.42393421721449,34.7811393737793,7630800,0.0,0.0
2025-03-07 00:00:00-05:00,34.66207240468508,34.7414492259007,33.14064611147514,34.457008361816406,7752000,0.0,0.0
2025-03-10 00:00:00-04:00,33.42508209199123,34.020421411891164,32.690826731377896,33.30601119995117,8362500,0.0,0.0
2025-03-11 00:00:00-04:00,33.40524534610083,33.47800964784791,32.53869003804953,32.995121002197266,8350800,0.0,0.0
2025-03-12 00:00:00-04:00,33.742600799215396,33.86166791993731,32.79666879022741,33.25971221923828,3949800,0.0,0.0
2025-03-13 00:00:00-04:00,33.27293876665964,33.37877704114008,32.14179173501552,32.17486572265625,6987600,0.0,0.0
2025-03-14 00:00:00-04:00,32.830957884654815,33.44728280375152,32.33392080329799,33.4008903503418,3980850,0.06,0.0
2025-03-17 00:00:00-04:00,33.42740143011081,34.48112142554012,33.42077285319974,34.3154411315918,3302700,0.0,0.0
2025-03-18 00:00:00-04:00,34.32869651532205,34.62691802832098,34.06361030464608,34.56727600097656,4527900,0.0,0.0
2025-03-19 00:00:00-04:00,34.56727100757177,36.09814223104933,34.421472664738175,35.82643127441406,5372700,0.0,0.0
2025-03-20 00:00:00-04:00,35.36253313077883,35.945722769491645,35.2167347730776,35.62099075317383,5401050,0.0,0.0
2025-03-21 00:00:00-04:00,35.104069609571724,35.627617192053805,34.80584812713879,35.554718017578125,3823350,0.0,0.0
2025-03-24 00:00:00-04:00,36.06501053352327,36.81388046729193,36.025250447765764,36.681339263916016,3415950,0.0,0.0
2025-03-25 00:00:00-04:00,36.80062573383792,36.972930808641756,36.05175582797915,36.67470932006836,3474000,0.0,0.0
2025-03-26 00:00:00-04:00,36.628319112669374,36.90665865130808,35.68726223355223,35.97885513305664,2644200,0.0,0.0
2025-03-27 00:00:00-04:00,35.693893313192035,36.06501402752799,35.25650199074778,35.87945556640625,3000150,0.0,0.0
2025-03-28 00:00:00-04:00,35.67400538971121,35.80655037579213,34.26242195484999,34.3618278503418,8399850,0.0,0.0
2025-03-31 00:00:00-04:00,33.8647943138095,34.81247987626517,33.33462189848193,34.73295211791992,4433850,0.0,0.0
2025-04-01 00:00:00-04:00,34.52087759226408,35.78003782390464,34.25579142729194,35.65412521362305,5878200,0.0,0.0
2025-04-02 00:00:00-04:00,34.945021612955166,36.051758916759944,34.7859698859496,36.03850555419922,3803400,0.0,0.0
2025-04-03 00:00:00-04:00,34.38834059338333,34.91188441092227,33.29485671163666,33.36775588989258,10311300,0.0,0.0
2025-04-04 00:00:00-04:00,31.830256512883317,32.015818750311816,30.021041762370157,30.64399528503418,10369650,0.0,0.0
2025-04-07 00:00:00-04:00,29.186018883746954,32.135106158948346,28.93418604725069,30.418670654296875,12681900,0.0,0.0
2025-04-08 00:00:00-04:00,32.03569609668757,32.06220661226855,29.219153849065755,29.616783142089844,9319650,0.0,0.0
2025-04-09 00:00:00-04:00,29.133000054505672,33.82503119818993,28.901049169556156,33.434024810791016,13036500,0.0,0.0
2025-04-10 00:00:00-04:00,32.71166793272417,32.7381784491884,30.19334709695463,31.101268768310547,8259450,0.0,0.0
2025-04-11 00:00:00-04:00,31.088013901042594,32.4664640761675,31.034996659539562,32.201377868652344,6098850,0.0,0.0
2025-04-14 00:00:00-04:00,32.758061672182386,32.923738186230416,32.042326996799446,32.55924606323242,4996950,0.0,0.0
2025-04-15 00:00:00-04:00,32.79119496631579,33.228586245538764,32.27427593154751,32.69841384887695,5238000,0.0,0.0
2025-04-16 00:00:00-04:00,32.473087082649286,32.784561901011664,31.883268950076474,32.36042404174805,3432900,0.0,0.0
2025-04-17 00:00:00-04:00,32.35380295379966,33.241842750188425,32.34054959065313,32.93699264526367,3472650,0.0,0.0
2025-04-21 00:00:00-04:00,32.599004127386614,32.777937785122965,31.43262675174483,31.823627471923828,3302850,0.0,0.0
2025-04-22 00:00:00-04:00,32.50622789881789,33.19545203715933,32.380311476455525,33.1689453125,5657700,0.0,0.0
2025-04-23 00:00:00-04:00,34.375091687740195,35.17035038259029,33.67923890771164,33.798526763916016,4325100,0.0,0.0
2025-04-24 00:00:00-04:00,33.964200902023634,35.17696876901144,33.937690387638405,35.0709342956543,2636250,0.0,0.0
2025-04-25 00:00:00-04:00,34.991416980359546,35.53484281146994,34.991416980359546,35.28963851928711,4464600,0.0,0.0
2025-04-28 00:00:00-04:00,35.329401818440786,35.88608100401336,35.090822315986436,35.342655181884766,1810350,0.0,0.0
2025-04-29 00:00:00-04:00,35.15709063836484,35.786668902157494,34.84561200268768,35.554718017578125,2238150,0.0,0.0
2025-04-30 00:00:00-04:00,35.110704628829495,35.753540163823416,34.67331329380823,35.56797790527344,3792300,0.0,0.0
2025-05-01 00:00:00-04:00,35.69388899354428,36.21743659368095,35.45531331638965,35.83968734741211,2420550,0.0,0.0
2025-05-02 00:00:00-04:00,36.4295012428257,36.9663021411288,36.34997349844381,36.767486572265625,2388450,0.0,0.0
2025-05-05 00:00:00-04:00,36.44938726811289,36.787372635470796,36.17104392364099,36.21080780029297,3565500,0.0,0.0
2025-05-06 00:00:00-04:00,35.74028154187277,36.42287706719113,35.74028154187277,36.137908935546875,2807100,0.0,0.0
2025-05-07 00:00:00-04:00,36.25057360605729,37.0657141603416,36.25057360605729,37.03920364379883,4690500,0.0,0.0
2025-05-08 00:00:00-04:00,36.75423639207917,38.556826421723905,36.64820569960955,38.1790771484375,5187900,0.0,0.0
2025-05-09 00:00:00-04:00,38.2917386662991,38.304992028311865,37.33079976666969,37.57600402832031,3572850,0.0,0.0
2025-05-12 00:00:00-04:00,39.13339054867104,39.26593175577722,38.530315163224365,38.90143585205078,3293550,0.0,0.0
2025-05-13 00:00:00-04:00,38.9478277842216,39.723204453219346,38.71587688281415,39.345458984375,4050600,0.0,0.0
2025-05-14 00:00:00-04:00,39.491252130834326,39.63042570034477,39.26592981463745,39.431610107421875,2901300,0.0,0.0
2025-05-15 00:00:00-04:00,39.140012758614766,39.650303198165794,38.97433626063246,39.5774040222168,2556750,0.0,0.0
2025-05-16 00:00:00-04:00,39.60391098582966,39.91538580777972,39.484623159560655,39.59728240966797,2468700,0.0,0.0
2025-05-19 00:00:00-04:00,38.96770972343849,39.49788212891491,38.78877606257868,39.345458984375,2468100,0.0,0.0
2025-05-20 00:00:00-04:00,39.1135046851595,39.398469010267455,38.7158735195485,39.08699417114258,3177750,0.0,0.0
2025-05-21 00:00:00-04:00,38.65623039554253,38.947827109549465,37.735055382972746,37.74168395996094,3355950,0.0,0.0
2025-05-22 00:00:00-04:00,37.556121103189376,38.1459393063305,37.33079878651998,37.887481689453125,2933700,0.0,0.0
2025-05-23 00:00:00-04:00,37.40369853340799,38.19232854980638,37.31754599313692,37.83446502685547,2292900,0.0,0.0
2025-05-27 00:00:00-04:00,38.30499063710671,38.603212128069345,38.13931413773414,38.53694152832031,1893600,0.0,0.0
2025-05-28 00:00:00-04:00,38.722506138767464,38.722506138767464,38.13268790530019,38.232093811035156,2533200,0.0,0.0
2025-05-29 00:00:00-04:00,38.58333144800718,38.6562306269453,37.9272426296562,38.24534606933594,2240250,0.0,0.0
2025-05-30 00:00:00-04:00,38.12605578765941,38.38451718591693,37.708546471832186,38.25197219848633,2492250,0.0,0.0
2025-06-02 00:00:00-04:00,38.112804553007926,38.37789075056746,37.609138881598774,38.31824493408203,2710650,0.0,0.0
2025-06-03 00:00:00-04:00,38.25860357122361,38.83516463885045,38.112805212021826,38.56344985961914,1782600,0.0,0.0
2025-06-04 00:00:00-04:00,38.85504532198665,38.85504532198665,38.358008235024,38.37126159667969,2129700,0.0,0.0
2025-06-05 00:00:00-04:00,38.59658707899962,38.68936440117603,38.24534456013305,38.517059326171875,1533150,0.0,0.0
2025-06-06 00:00:00-04:00,38.98759265861254,39.25267886812251,38.775523691004565,39.03398132324219,1387800,0.0,0.0
2025-06-09 00:00:00-04:00,39.03397735676428,39.21291100401251,37.87422293795015,38.82853698730469,4419450,0.0,0.0
2025-06-10 00:00:00-04:00,38.82191011202378,39.17314884531403,38.61646973356104,39.15326690673828,7688550,0.0,0.0
2025-06-11 00:00:00-04:00,39.25930462725045,39.71658166808004,39.04061086903702,39.2062873840332,2527950,0.0,0.0
2025-06-12 00:00:00-04:00,39.10025231933138,39.33883180632675,38.89481192693751,39.25930404663086,1354200,0.0,0.0
2025-06-13 00:00:00-04:00,38.582305022284636,38.88761894368309,38.190707474855266,38.35663986206055,2624100,0.06,0.0
2025-06-16 00:00:00-04:00,38.72832423822808,39.3455869302466,38.72832423822808,38.84779357910156,1875600,0.0,0.0
2025-06-17 00:00:00-04:00,38.60221544586391,38.86106631210979,38.217252780909746,38.48274230957031,2058000,0.0,0.0
2025-06-18 00:00:00-04:00,38.774786155173125,39.72391367861793,38.60885376073339,39.47833251953125,3758550,0.0,0.0
2025-06-20 00:00:00-04:00,39.81682976740705,39.81682976740705,38.90089181649044,39.10000991821289,3357300,0.0,0.0
2025-06-23 00:00:00-04:00,38.953991996940026,39.60444044947127,38.57566796137626,39.57125473022461,3058500,0.0,0.0
2025-06-24 00:00:00-04:00,39.976122666169566,40.81241563789643,39.82346761011369,40.6995849609375,2255400,0.0,0.0
2025-06-25 00:00:00-04:00,40.74604483023622,40.76595702009042,39.71727240756129,39.95621109008789,3374100,0.0,0.0
2025-06-26 00:00:00-04:00,40.27480291273476,40.6464882670476,40.06904614650501,40.553565979003906,2647800,0.0,0.0
2025-06-27 00:00:00-04:00,40.75932136917094,41.3301248609609,40.45400743195047,40.88542938232422,2425350,0.0,0.0
2025-06-30 00:00:00-04:00,41.044718606953715,41.14427955264593,40.60666183949318,41.05135726928711,3049500,0.0,0.0
2025-07-01 00:00:00-04:00,40.892068356324195,41.27039239866077,40.6796767110536,41.13764572143555,1653300,0.0,0.0
2025-07-02 00:00:00-04:00,41.07790659640614,41.608885676613205,40.354448074356746,41.56906509399414,3026250,0.0,0.0
2025-07-03 00:00:00-04:00,42.02703795272391,42.677490234375,41.774821916894396,42.677490234375,2588400,0.0,0.0
2025-07-07 00:00:00-04:00,42.64429714641309,42.84341525265802,41.642075548154864,41.774818420410156,3190800,0.0,0.0
2025-07-08 00:00:00-04:00,41.98720630780606,42.033669347239126,41.56906174007838,41.6818962097168,2446650,0.0,0.0
2025-07-09 00:00:00-04:00,41.94738809844963,41.94738809844963,41.0314500737797,41.52924346923828,5103900,0.0,0.0
2025-07-10 00:00:00-04:00,41.708445860228714,42.5049144658814,41.389858417967645,42.45181655883789,3641100,0.0,0.0
2025-07-11 00:00:00-04:00,41.8810130226774,42.00048616167645,41.59561129817168,41.92083740234375,2498250,0.0,0.0
2025-07-14 00:00:00-04:00,41.7482724479028,42.44518014104233,41.50269508957153,42.392086029052734,2098200,0.0,0.0
2025-07-15 00:00:00-04:00,42.54473921779537,42.584563597891844,41.93411138252249,42.03367233276367,2445000,0.0,0.0
2025-07-16 00:00:00-04:00,42.3124329644807,43.67970495365016,42.02703125330491,43.66643142700195,5212800,0.0,0.0
2025-07-17 00:00:00-04:00,43.394308821537244,45.31911095387552,43.20846803098432,45.22618865966797,7796250,0.0,0.0
2025-07-18 00:00:00-04:00,45.52486005296041,45.631055866465,44.62883430071367,44.648746490478516,2920350,0.0,0.0
2025-07-21 00:00:00-04:00,44.96069915057046,44.96069915057046,43.99166321813542,44.02484893798828,6535950,0.0,0.0
2025-07-22 00:00:00-04:00,43.971744424445674,44.15758518729079,43.39430235169265,44.11112594604492,3377550,0.0,0.0
2025-07-23 00:00:00-04:00,44.48945410160862,45.15981471968473,44.27705867038146,44.987247467041016,5107650,0.0,0.0
2025-07-24 00:00:00-04:00,45.38548172901374,45.46513049370041,44.63547231895023,44.768218994140625,3601650,0.0,0.0
2025-07-25 00:00:00-04:00,44.695207708279426,45.013795162860944,44.442991690603556,44.867774963378906,2354250,0.0,0.0
2025-07-28 00:00:00-04:00,44.78149300079414,45.000523308160695,44.46954419744983,44.834590911865234,3437850,0.0,0.0
2025-07-29 00:00:00-04:00,45.13990524647681,45.13990524647681,44.323524381855385,44.9938850402832,3900150,0.0,0.0
2025-07-30 00:00:00-04:00,45.06689589462924,45.53150357779253,44.33679864935297,44.781494140625,4075200,0.0,0.0
2025-07-31 00:00:00-04:00,44.735031331640876,45.43857766578965,44.31024806606244,44.50272750854492,4249950,0.0,0.0
2025-08-01 00:00:00-04:00,43.666439905404516,43.81246012047159,42.83014679840322,43.36112594604492,4127550,0.0,0.0
2025-08-04 00:00:00-04:00,43.83236822128302,44.42971875714884,43.50050343659126,44.21732711791992,2078550,0.0,0.0
2025-08-05 00:00:00-04:00,44.30361040822939,44.77485292997089,43.85891494225769,44.589012145996094,4306650,0.0,0.0
2025-08-06 00:00:00-04:00,44.76821460399735,45.206271373230074,44.54918432045011,44.794761657714844,3761250,0.0,0.0
2025-08-07 00:00:00-04:00,45.139905433980054,45.139905433980054,42.823505710406444,43.075721740722656,7130250,0.0,0.0
2025-08-08 00:00:00-04:00,43.18855415419046,43.387672263190204,42.66420992708654,42.94961166381836,3038400,0.0,0.0
2025-08-11 00:00:00-04:00,42.81022757523376,42.99607214531973,42.544738045012245,42.75712966918945,3270600,0.0,0.0
2025-08-12 00:00:00-04:00,42.94961009860713,43.6929808004443,42.87660000137253,43.51377868652344,4500300,0.0,0.0
2025-08-13 00:00:00-04:00,43.94519967734712,44.17750351156424,43.573514302172164,43.958473205566406,6740850,0.0,0.0
2025-08-14 00:00:00-04:00,43.42749068913311,43.858912604221615,43.25492344224244,43.54032516479492,4296150,0.0,0.0
2025-08-15 00:00:00-04:00,43.507140614249025,43.74607930129353,43.23501241157872,43.440765380859375,2603850,0.0,0.0
2025-08-18 00:00:00-04:00,43.44076784328249,43.48059222600131,43.01598835310958,43.14873123168945,1974450,0.0,0.0
2025-08-19 00:00:00-04:00,43.075719269459036,43.427492439941915,42.757131817188274,42.79031753540039,3492900,0.0,0.0
2025-08-20 00:00:00-04:00,42.75049340971665,42.92969932742196,42.15978154543383,42.51155471801758,3586350,0.0,0.0
2025-08-21 00:00:00-04:00,42.28588409949345,42.54473876953125,42.106678188809404,42.54473876953125,3767400,0.0,0.0
2025-08-22 00:00:00-04:00,42.67748708185684,43.83236755199547,42.56465260104109,43.75935745239258,4399200,0.0,0.0
2025-08-25 00:00:00-04:00,43.407582739744804,43.726170210293,42.896515813806516,43.075721740722656,2432550,0.0,0.0
2025-08-26 00:00:00-04:00,42.98943828079174,43.48059301705243,42.68412433749634,43.46731948852539,2016000,0.0,0.0
2025-08-27 00:00:00-04:00,43.22837646038438,43.68634926869297,43.10226844625444,43.44740676879883,8107950,0.0,0.0
2025-08-28 00:00:00-04:00,43.706261821676414,44.04476148390664,43.487231511450325,43.65316390991211,2631150,0.0,0.0
2025-08-29 00:00:00-04:00,43.65979279213795,43.905370125661484,43.27483393406655,43.61996841430664,1996500,0.0,0.0
2025-09-02 00:00:00-04:00,43.261563309799804,44.16422774665221,42.55137831489641,44.01820755004883,4869750,0.0,0.0
2025-09-03 00:00:00-04:00,43.9451980381421,43.95183670093519,42.88323986296874,43.367759704589844,2970150,0.0,0.0
2025-09-04 00:00:00-04:00,43.16864141628205,44.30360968597264,43.14209056308303,44.1775016784668,3038850,0.0,0.0
2025-09-05 00:00:00-04:00,44.51600300073771,44.9076005657078,43.321298114641905,44.144317626953125,1794450,0.0,0.0
2025-09-08 00:00:00-04:00,44.29697208369973,44.728394025081755,43.60006059328154,44.21732711791992,2825250,0.0,0.0
2025-09-09 00:00:00-04:00,44.038122550171074,44.469544504803764,43.8987410073789,43.93192672729492,2252400,0.0,0.0
2025-09-10 00:00:00-04:00,44.077944242966495,45.08680449871526,44.00493414446245,44.50272750854492,3188700,0.0,0.0
2025-09-11 00:00:00-04:00,44.575737629918514,46.21513412215311,44.46290315074312,45.70406723022461,5987400,0.0,0.0
2025-09-12 00:00:00-04:00,45.59773524517254,45.710713590085945,44.97301736280222,45.05941390991211,3846150,0.06,0.0
2025-09-15 00:00:00-04:00,45.198976288329305,46.14269852861507,45.179038039251814,46.136051177978516,3375300,0.0,0.0
2025-09-16 00:00:00-04:00,46.13605428234375,46.50822608355764,45.9233846816501,46.36201858520508,3313350,0.0,0.0
2025-09-17 00:00:00-04:00,46.355371763423975,46.913631373035436,45.59773725301,46.089534759521484,4555650,0.0,0.0
2025-09-18 00:00:00-04:00,46.62120871863478,47.17946832766319,46.37530996563586,47.01996612548828,2885700,0.0,0.0
2025-09-19 00:00:00-04:00,47.18610876135913,47.87728872799332,46.906980876685616,47.724430084228516,4003800,0.0,0.0
2025-09-22 00:00:00-04:00,47.71778686976223,48.53523608301684,47.06648339719693,48.33585739135742,4326000,0.0,0.0
2025-09-23 00:00:00-04:00,48.641568851909916,49.31281059844035,47.5649299621582,47.5649299621582,6718650,0.0,0.0
2025-09-24 00:00:00-04:00,47.33896814727133,47.64467783392921,46.29555463308033,46.3088493347168,7941900,0.0,0.0
2025-09-25 00:00:00-04:00,46.043015595607756,46.16928484741201,45.15245686186258,45.498046875,3867750,0.0,0.0
2025-09-26 00:00:00-04:00,45.630968273331824,45.9100961881614,45.39836041002964,45.471466064453125,2752350,0.0,0.0
2025-09-29 00:00:00-04:00,45.72400974551827,46.26232729506107,45.624318493504845,45.94997024536133,2575200,0.0,0.0
2025-09-30 00:00:00-04:00,45.943325219057726,46.25568608739564,44.88662451407236,45.57780075073242,3492750,0.0,0.0
2025-10-01 00:00:00-04:00,45.36512926406334,45.79711201734738,45.10593580926046,45.11258316040039,5391150,0.0,0.0
2025-10-02 00:00:00-04:00,45.212271355634165,45.50469396529111,44.886623398227364,45.298667907714844,3792600,0.0,0.0
2025-10-03 00:00:00-04:00,45.69742516487361,45.98320042230866,45.351835154894296,45.6641960144043,2302050,0.0,0.0
2025-10-06 00:00:00-04:00,46.096180849268244,46.096180849268244,44.81351591447643,45.24549865722656,3056250,0.0,0.0
2025-10-07 00:00:00-04:00,45.551210007480236,45.71071219794053,44.71382255685566,44.992950439453125,2344500,0.0,0.0
2025-10-08 00:00:00-04:00,45.19897959614304,45.398358298677024,44.600847291373555,45.21891784667969,2490600,0.0,0.0
2025-10-09 00:00:00-04:00,45.25214714637775,45.61102805156003,44.60749098727866,44.853389739990234,2562600,0.0,0.0
2025-10-10 00:00:00-04:00,45.26876256679519,45.32857731972009,42.86625846538351,42.89616394042969,3139000,0.0,1.5
2025-10-13 00:00:00-04:00,44.0625237009045,44.86003466776498,43.67373734223703,44.6606559753418,2748600,0.0,0.0
2025-10-14 00:00:00-04:00,44.13230676643304,45.43823362147532,43.78339309533826,45.198978424072266,2788700,0.0,0.0
2025-10-15 00:00:00-04:00,45.856927556535354,46.10614998890782,44.840099576115755,45.16907501220703,2542300,0.0,0.0
2025-10-16 00:00:00-04:00,45.298668774839065,45.33854527743426,43.64383194546457,43.883087158203125,4511700,0.0,0.0
2025-10-17 00:00:00-04:00,43.55411076317646,44.43137478691515,43.55411076317646,44.32171630859375,5092200,0.0,0.0
2025-10-20 00:00:00-04:00,44.53105893020593,45.1690715018754,44.50115345755176,44.97966003417969,2491600,0.0,0.0
2025-10-21 00:00:00-04:00,45.09929040944969,45.358480050779356,44.87000243852475,45.05941390991211,2987700,0.0,0.0
2025-10-22 00:00:00-04:00,44.770316750277985,45.10925940399032,44.451312347117245,44.95972442626953,2576200,0.0,0.0
2025-10-23 00:00:00-04:00,44.82016099816326,45.378420611624065,44.62078229315351,45.358482360839844,2913500,0.0,0.0
2025-10-24 00:00:00-04:00,45.76720920886831,46.41518908078854,45.51798676625787,46.04633712768555,2619700,0.0,0.0
2025-10-27 00:00:00-04:00,46.59462414632544,47.06315969823322,46.47499464969039,46.604591369628906,2055200,0.0,0.0
2025-10-28 00:00:00-04:00,46.654439645915666,48.64821915046619,46.654439645915666,47.33232498168945,3359900,0.0,0.0
2025-10-29 00:00:00-04:00,47.242603743186336,47.412076974927636,46.15599378429339,46.405216217041016,2953600,0.0,0.0
2025-10-30 00:00:00-04:00,46.61456168770219,46.61456168770219,45.468140790079815,45.617671966552734,3172900,0.0,0.0
2025-10-31 00:00:00-04:00,45.45816768426106,45.96658354838117,45.1291960688001,45.906768798828125,2880700,0.0,0.0
2025-11-03 00:00:00-05:00,45.86689260755313,46.00646035744876,45.11922534585786,45.84695816040039,2765100,0.0,0.0
2025-11-04 00:00:00-05:00,45.00957102074419,45.827020262246975,45.00957102074419,45.39835739135742,2928300,0.0,0.0
2025-11-05 00:00:00-05:00,45.448199320027285,45.846956701374374,45.20894413065258,45.75723648071289,2012400,0.0,0.0
2025-11-06 00:00:00-05:00,45.74727048610841,45.896805471268145,44.69056977413278,45.51798629760742,2625700,0.0,0.0
2025-11-07 00:00:00-05:00,44.78027984601588,45.6974202726797,44.51112299546291,45.66751480102539,3713300,0.0,0.0
2025-11-10 00:00:00-05:00,46.18589901707518,46.30552470952382,45.48807550593242,45.9466438293457,2608900,0.0,0.0
2025-11-11 00:00:00-05:00,45.95661514815198,46.46503104132466,45.65754898896176,46.01642990112305,1854900,0.0,0.0
2025-11-12 00:00:00-05:00,46.21580934869031,46.9535056329905,46.056307141044385,46.74415969848633,3067400,0.0,0.0
2025-11-13 00:00:00-05:00,46.53481096349134,46.61456016109865,42.85628938193929,43.643829345703125,12391000,0.0,0.0
2025-11-14 00:00:00-05:00,43.13541407301672,43.98276872415509,43.06563210423271,43.912986755371094,10364400,0.0,0.0
2025-11-17 00:00:00-05:00,43.69367698277347,43.743520706758,42.37777909202106,42.86625671386719,8851200,0.0,0.0
2025-11-18 00:00:00-05:00,41.86936923722041,43.3846421040502,41.86936923722041,43.294921875,6250000,0.0,0.0
2025-11-19 00:00:00-05:00,43.424517086087256,43.62389198558928,42.756599003691626,43.59398651123047,5966300,0.0,0.0
2025-11-20 00:00:00-05:00,44.2020880642108,44.610812676282436,43.36470059035276,43.56407928466797,6537200,0.0,0.0
2025-11-21 00:00:00-05:00,44.03261733786371,44.86003763516072,43.21516806740516,44.580909729003906,5434900,0.0,0.0
2025-11-24 00:00:00-05:00,44.68059332219322,45.208943614033075,44.142272004375904,44.96969223022461,3485200,0.0,0.0
2025-11-25 00:00:00-05:00,44.86003856125265,46.14602724602172,44.740412856549106,45.89680480957031,3164900,0.0,0.0
2025-11-26 00:00:00-05:00,46.10614859764638,46.68434644866291,45.91674092377842,46.445091247558594,2395300,0.0,0.0
2025-11-28 00:00:00-05:00,46.52483776418561,46.95350061444828,46.42515032112405,46.85381317138672,930200,0.0,0.0
2025-12-01 00:00:00-05:00,46.40521772543296,46.83388062791907,46.016431326162454,46.235748291015625,5196900,0.0,0.0
2025-12-02 00:00:00-05:00,46.405214789993195,46.5547497661763,46.07624316635575,46.1859016418457,5329900,0.0,0.0
2025-12-03 00:00:00-05:00,46.10614831693705,46.86378281062857,45.94664611811608,46.375308990478516,4788600,0.0,0.0
2025-12-04 00:00:00-05:00,46.49493495647799,46.62453168215102,45.99649010693971,46.57468795776367,4211300,0.0,0.0
2025-12-05 00:00:00-05:00,46.57468736556146,47.10303768244764,46.34540319402911,46.56471633911133,4533900,0.0,0.0
2025-12-08 00:00:00-05:00,46.59462505936185,46.59462505936185,45.63760808168959,46.295555114746094,3708200,0.0,0.0
2025-12-09 00:00:00-05:00,45.99649271766459,46.9435387461074,45.99649271766459,46.554752349853516,4848100,0.0,0.0
2025-12-10 00:00:00-05:00,46.28559179711351,47.55164224690521,46.265653545601126,47.27251052856445,4052200,0.0,0.0
2025-12-11 00:00:00-05:00,47.342292906616926,47.66129730221512,46.39524694344565,46.435123443603516,4045000,0.0,0.0
2025-12-12 00:00:00-05:00,46.47499955469833,46.73419302193085,45.17904362703365,45.51798629760742,3077300,0.0,0.0
2025-12-15 00:00:00-05:00,46.05630626299984,46.05630626299984,44.87997607797515,45.16907501220703,3191200,0.0,0.0
2025-12-16 00:00:00-05:00,45.13912646327655,45.39865978479609,44.78975014414954,44.90953826904297,2719500,0.06,0.0
2025-12-17 00:00:00-05:00,45.059270211193805,45.31880735497549,44.2307565780638,44.44038009643555,5970300,0.0,0.0
2025-12-18 00:00:00-05:00,44.99938074360678,45.64821599870622,44.56016520268556,44.68993377685547,3588900,0.0,0.0
2025-12-19 00:00:00-05:00,44.949463690139645,45.448569451950206,44.919518562950934,45.19901657104492,3206100,0.0,0.0
2025-12-22 00:00:00-05:00,45.51844495557947,46.18724867121713,45.22896650134437,46.087425231933594,4009500,0.0,0.0
2025-12-23 00:00:00-05:00,46.07744435175499,46.52664030455247,46.06746391185941,46.18724822998047,2364200,0.0,0.0
2025-12-24 00:00:00-05:00,46.31701833007899,46.8061398665353,46.05748118969916,46.526641845703125,1272800,0.0,0.0
2025-12-26 00:00:00-05:00,46.526641647647644,46.78617497904774,46.43680245449474,46.656410217285156,1104500,0.0,0.0
2025-12-29 00:00:00-05:00,46.46674758292073,46.915943548685256,46.45676714273704,46.656410217285156,2367800,0.0,0.0
2025-12-30 00:00:00-05:00,46.70632013902436,46.876014277653304,46.18724966718153,46.20721435546875,2379200,0.0,0.0
2025-12-31 00:00:00-05:00,46.18724762289669,46.38689068905756,45.79794573821412,45.807926177978516,1943400,0.0,0.0
2026-01-02 00:00:00-05:00,46.01755323387062,46.81612556011897,45.578341500734076,46.546607971191406,4199500,0.0,0.0
2026-01-05 00:00:00-05:00,46.7861730481089,48.942309786916546,46.73626323350046,48.72270584106445,9061300,0.0,0.0
2026-01-06 00:00:00-05:00,48.90238718566623,49.48134792441011,48.183673626518654,49.082061767578125,5984400,0.0,0.0
2026-01-07 00:00:00-05:00,48.91236605358205,49.221813005572315,47.03572726940291,47.045711517333984,5852700,0.0,0.0
2026-01-08 00:00:00-05:00,46.73626672675315,47.375121540391156,46.59651771225422,47.155517578125,3705100,0.0,0.0
2026-01-09 00:00:00-05:00,47.37512117203065,47.984030851505814,47.02574863849983,47.574764251708984,5871600,0.0,0.0
2026-01-12 00:00:00-05:00,47.17547862383095,48.00399608107386,46.935909971817985,47.79437255859375,4403200,0.0,0.0
2026-01-13 00:00:00-05:00,47.82431535920049,47.91415455129917,46.83608424611499,47.20542526245117,2781600,0.0,0.0
2026-01-14 00:00:00-05:00,47.01576119800186,47.325208140886815,46.486710309468485,47.18545913696289,2478700,0.0,0.0
2026-01-15 00:00:00-05:00,47.68456540254625,48.05390260366122,47.04571063049609,47.24535369873047,2716800,0.0,0.0
2026-01-16 00:00:00-05:00,47.22538925691596,47.6346558353829,46.98581681221283,47.275299072265625,2678200,0.0,0.0
2026-01-20 00:00:00-05:00,46.446783677367996,46.64642675528036,45.11916425381951,45.20900344848633,4658000,0.0,0.0
2026-01-21 00:00:00-05:00,45.5184447629868,46.56656992771745,45.488499635265875,46.217193603515625,5352200,0.0,0.0
2026-01-22 00:00:00-05:00,46.84607043694106,47.06567820626245,46.40685870617333,46.516658782958984,3826700,0.0,0.0
2026-01-23 00:00:00-05:00,46.21719317223935,47.09562038664638,46.11737354218449,47.085636138916016,3342300,0.0,0.0
2026-01-26 00:00:00-05:00,47.36513765586083,47.454976845488474,46.41683594487446,46.89597702026367,3780400,0.0,0.0
2026-01-27 00:00:00-05:00,46.9758368603599,47.73447596203136,46.85604873282635,47.33518981933594,6441100,0.0,0.0
2026-01-28 00:00:00-05:00,47.365139856259596,47.47494373844721,46.39687341283247,47.00578308105469,6209500,0.0,0.0
2026-01-29 00:00:00-05:00,47.325209833456306,47.76442154833616,46.1672845779777,46.46674728393555,5053500,0.0,0.0
2026-01-30 00:00:00-05:00,46.10739117424984,46.38689300397337,45.12914428990488,45.468536376953125,5605100,0.0,0.0
2026-02-02 00:00:00-05:00,45.22896616975192,46.71629922936114,44.99937797289529,46.506675720214844,8206500,0.0,0.0
2026-02-03 00:00:00-05:00,46.15730354006806,46.58653100139455,43.91132756265982,44.5501823425293,9823700,0.0,0.0
2026-02-04 00:00:00-05:00,44.91951970069095,45.91773124959519,44.5002726779311,45.79794692993164,7537100,0.0,0.0
2026-02-05 00:00:00-05:00,45.0293233253209,45.628248728121676,44.0410922220373,44.23075485229492,6287700,0.0,0.0
2026-02-06 00:00:00-05:00,44.85962518877382,45.238946639772976,44.50027223337312,45.12914276123047,3734500,0.0,0.0
2026-02-09 00:00:00-05:00,45.43859069065238,46.8959786550843,45.348751497892884,46.78617477416992,8299100,0.0,0.0
2026-02-10 00:00:00-05:00,46.95587344497642,47.894190955502424,46.86603425082898,47.64463806152344,7110600,0.0,0.0
2026-02-11 00:00:00-05:00,47.934118777859545,47.944099217830036,46.396872086914016,46.53662109375,4600600,0.0,0.0
2026-02-12 00:00:00-05:00,47.444994489845406,48.70274319478935,46.616480870572744,47.58474349975586,9068500,0.0,0.0
2026-02-13 00:00:00-05:00,47.834297387840344,48.09383453268903,47.23537195920879,47.704532623291016,4931200,0.0,0.0
2026-02-17 00:00:00-05:00,47.70452999357226,48.24356513435128,47.0956203502339,47.69454574584961,6549700,0.0,0.0
2026-02-18 00:00:00-05:00,47.65462127217146,47.76442134451671,47.0956214309939,47.36513900756836,4767100,0.0,0.0
2026-02-19 00:00:00-05:00,46.94589044837381,47.12556884145886,45.53841224112427,46.097412109375,6610600,0.0,0.0
2026-02-20 00:00:00-05:00,45.80792692244254,46.33697781967336,45.45855440688914,45.89776611328125,4742400,0.0,0.0
2026-02-23 00:00:00-05:00,45.51844746255665,45.768000362697585,43.64181239516686,43.92131042480469,9414400,0.0,0.0
2026-02-24 00:00:00-05:00,43.771573929804035,45.08921284063356,43.49207592080226,44.90953826904297,6358600,0.0,0.0
2026-02-25 00:00:00-05:00,45.31880598916555,45.72807257321765,44.530217949104824,45.50846481323242,3844700,0.0,0.0
2026-02-26 00:00:00-05:00,45.75801910158204,46.02753668584602,44.75980751891915,45.368717193603516,5631000,0.0,0.0
2026-02-27 00:00:00-05:00,44.52023581993422,44.60009457568391,43.16267124306509,43.7615966796875,11845300,0.0,0.0
2026-03-02 00:00:00-05:00,42.70348825765339,44.370503501544675,42.19440205016252,43.881378173828125,6250700,0.0,0.0
2026-03-03 00:00:00-05:00,42.5337938164729,43.32238183746678,41.42577841115553,42.923095703125,7805600,0.0,0.0
2026-03-04 00:00:00-05:00,43.26248807516324,43.502060519005724,42.85322149816657,43.112754821777344,3878900,0.0,0.0
2026-03-05 00:00:00-05:00,42.69350710088326,43.232542234734076,41.884954400107034,42.41400909423828,6566500,0.0,0.0
2026-03-06 00:00:00-05:00,41.42577876996941,41.52559840048206,40.35769273040982,41.12631607055664,7766900,0.0,0.0
2026-03-09 00:00:00-04:00,40.25787587238785,41.08638952475064,39.55912698705321,41.006534576416016,9201000,0.0,0.0
2026-03-10 00:00:00-04:00,40.96660511126497,42.264279433914794,40.42756993162001,41.615440368652344,5681100,0.0,0.0
2026-03-11 00:00:00-04:00,41.48567505821314,41.81508290287354,40.35769489511841,40.467498779296875,6537500,0.0,0.0
2026-03-12 00:00:00-04:00,39.67890874359948,40.068210635220105,38.62080313960189,38.690677642822266,9935900,0.0,0.0
2026-03-13 00:00:00-04:00,38.930250689344746,39.18978401847543,38.21153715040611,38.30137634277344,8743000,0.0,0.0
2026-03-16 00:00:00-04:00,39.2297133914784,39.31955258383855,38.59085860486169,39.06999969482422,4738700,0.0,0.0
2026-03-17 00:00:00-04:00,39.630001068115234,40.060001373291016,39.4900016784668,39.709999084472656,5025600,0.07,0.0
2026-03-18 00:00:00-04:00,39.439998626708984,40.20000076293945,39.16999816894531,39.25,3853300,0.0,0.0
2026-03-19 00:00:00-04:00,38.779998779296875,39.150001525878906,38.43000030517578,39.119998931884766,6058100,0.0,0.0
2026-03-20 00:00:00-04:00,39.06999969482422,39.18000030517578,37.93000030517578,38.2599983215332,6633600,0.0,0.0
2026-03-23 00:00:00-04:00,39.36000061035156,39.95000076293945,38.970001220703125,39.45000076293945,5412900,0.0,0.0
2026-03-24 00:00:00-04:00,38.79999923706055,39.290000915527344,38.31999969482422,39.220001220703125,6925900,0.0,0.0
2026-03-25 00:00:00-04:00,40.0,40.27000045776367,39.220001220703125,39.90999984741211,5909100,0.0,0.0
2026-03-26 00:00:00-04:00,39.41999816894531,40.5,39.38999938964844,39.65999984741211,5526100,0.0,0.0
2026-03-27 00:00:00-04:00,39.470001220703125,39.619998931884766,38.88999938964844,39.0,5036000,0.0,0.0
2026-03-30 00:00:00-04:00,39.38999938964844,39.97999954223633,38.630001068115234,38.720001220703125,9830300,0.0,0.0
2026-03-31 00:00:00-04:00,39.5099983215332,40.58000183105469,39.11000061035156,40.470001220703125,6336800,0.0,0.0
2026-04-01 00:00:00-04:00,41.0,41.189998626708984,40.380001068115234,40.7400016784668,9220900,0.0,0.0
2026-04-02 00:00:00-04:00,39.790000915527344,41.15999984741211,39.65999984741211,40.88999938964844,5233800,0.0,0.0
2026-04-06 00:00:00-04:00,40.77000045776367,41.060001373291016,40.54999923706055,40.7599983215332,3249000,0.0,0.0
2026-04-07 00:00:00-04:00,40.45000076293945,40.83000183105469,40.040000915527344,40.779998779296875,4435500,0.0,0.0
2026-04-08 00:00:00-04:00,42.689998626708984,43.20000076293945,41.86000061035156,42.04999923706055,9123200,0.0,0.0
2026-04-09 00:00:00-04:00,41.810001373291016,42.619998931884766,41.790000915527344,42.33000183105469,4990300,0.0,0.0
2026-04-10 00:00:00-04:00,42.369998931884766,42.7599983215332,42.02000045776367,42.13999938964844,4875200,0.0,0.0
2026-04-13 00:00:00-04:00,41.7599983215332,43.83000183105469,41.7599983215332,43.689998626708984,5992200,0.0,0.0
2026-04-14 00:00:00-04:00,44.0,45.689998626708984,43.86000061035156,45.54999923706055,6536400,0.0,0.0
2026-04-15 00:00:00-04:00,45.86000061035156,46.79999923706055,45.709999084472656,46.5,6182500,0.0,0.0
2026-04-16 00:00:00-04:00,46.4900016784668,46.66999816894531,45.90999984741211,45.95000076293945,4905600,0.0,0.0
2026-04-17 00:00:00-04:00,46.720001220703125,47.599998474121094,46.52000045776367,46.59000015258789,5362000,0.0,0.0
2026-04-20 00:00:00-04:00,46.369998931884766,46.939998626708984,46.2599983215332,46.65999984741211,4816000,0.0,0.0
2026-04-21 00:00:00-04:00,46.959999084472656,47.68000030517578,46.29999923706055,46.439998626708984,5592700,0.0,0.0
2026-04-22 00:00:00-04:00,46.93000030517578,46.9900016784668,46.0099983215332,46.189998626708984,5562700,0.0,0.0
2026-04-23 00:00:00-04:00,45.79999923706055,46.2400016784668,44.86000061035156,45.36000061035156,5415600,0.0,0.0
2026-04-24 00:00:00-04:00,45.400001525878906,45.619998931884766,44.90999984741211,45.47999954223633,3292500,0.0,0.0
2026-04-27 00:00:00-04:00,45.29999923706055,45.779998779296875,44.77000045776367,44.81999969482422,4159000,0.0,0.0
2026-04-28 00:00:00-04:00,44.849998474121094,44.959999084472656,44.0099983215332,44.22999954223633,6022700,0.0,0.0
2026-04-29 00:00:00-04:00,44.150001525878906,44.459999084472656,42.95000076293945,43.16999816894531,5471600,0.0,0.0
2026-04-30 00:00:00-04:00,43.130001068115234,45.20000076293945,43.040000915527344,45.119998931884766,4973100,0.0,0.0
2026-05-01 00:00:00-04:00,45.5,45.72999954223633,44.9900016784668,45.22999954223633,5727900,0.0,0.0
2026-05-04 00:00:00-04:00,45.15999984741211,45.84000015258789,44.689998626708984,44.97999954223633,4151400,0.0,0.0
2026-05-05 00:00:00-04:00,45.25,46.0,44.90999984741211,45.84000015258789,3966400,0.0,0.0
2026-05-06 00:00:00-04:00,46.70000076293945,47.09000015258789,46.130001068115234,46.45000076293945,13045700,0.0,0.0
2026-05-07 00:00:00-04:00,46.709999084472656,46.95000076293945,46.11000061035156,46.5099983215332,6423400,0.0,0.0
2026-05-08 00:00:00-04:00,46.630001068115234,47.08000183105469,45.869998931884766,47.08000183105469,4556300,0.0,0.0
2026-05-11 00:00:00-04:00,46.84000015258789,47.189998626708984,46.15999984741211,46.34000015258789,6688100,0.0,0.0
2026-05-12 00:00:00-04:00,46.220001220703125,46.290000915527344,45.59000015258789,45.900001525878906,4734800,0.0,0.0
2026-05-13 00:00:00-04:00,45.59000015258789,45.900001525878906,45.09000015258789,45.09000015258789,6875300,0.0,0.0
2026-05-14 00:00:00-04:00,45.880001068115234,48.599998474121094,45.709999084472656,47.529998779296875,8233200,0.0,0.0
2026-05-15 00:00:00-04:00,46.63999938964844,46.849998474121094,45.40999984741211,45.540000915527344,5627600,0.0,0.0
2026-05-18 00:00:00-04:00,45.779998779296875,46.220001220703125,44.689998626708984,45.060001373291016,5298000,0.0,0.0
2026-05-19 00:00:00-04:00,44.90999984741211,45.36000061035156,44.25,44.279998779296875,4106000,0.0,0.0
2026-05-20 00:00:00-04:00,44.790000915527344,45.470001220703125,44.119998931884766,45.34000015258789,3911600,0.0,0.0
2026-05-21 00:00:00-04:00,45.0,45.650001525878906,44.59000015258789,45.439998626708984,5277400,0.0,0.0
2026-05-22 00:00:00-04:00,45.689998626708984,45.88999938964844,45.11000061035156,45.369998931884766,2514000,0.0,0.0
2026-05-26 00:00:00-04:00,46.0,46.70000076293945,45.529998779296875,46.02000045776367,3070000,0.0,0.0
2026-05-27 00:00:00-04:00,46.099998474121094,46.560001373291016,45.650001525878906,46.0099983215332,3422400,0.0,0.0
2026-05-28 00:00:00-04:00,45.91999816894531,46.59000015258789,45.34000015258789,46.08000183105469,3406400,0.0,0.0
2026-05-29 00:00:00-04:00,45.970001220703125,46.52000045776367,45.529998779296875,45.59000015258789,4705200,0.0,0.0
2026-06-01 00:00:00-04:00,45.279998779296875,45.7400016784668,44.79999923706055,45.31999969482422,4774800,0.0,0.0
2026-06-02 00:00:00-04:00,45.11000061035156,45.959999084472656,45.029998779296875,45.59000015258789,3113800,0.0,0.0
2026-06-03 00:00:00-04:00,44.29999923706055,44.40999984741211,43.56999969482422,43.880001068115234,6424200,0.0,0.0
2026-06-04 00:00:00-04:00,44.15999984741211,45.150001525878906,44.02000045776367,45.04999923706055,4515800,0.0,0.0
2026-06-05 00:00:00-04:00,44.72999954223633,44.79999923706055,44.09000015258789,44.599998474121094,3503100,0.0,0.0
2026-06-08 00:00:00-04:00,44.72999954223633,45.040000915527344,44.060001373291016,44.22999954223633,6171600,0.0,0.0
2026-06-09 00:00:00-04:00,44.650001525878906,45.650001525878906,44.43000030517578,45.5099983215332,4518117,0.0,0.0
