Date,Open,High,Low,Close,Volume,Dividends,Stock Splits
2022-01-03 00:00:00-05:00,31.04594034900975,31.509483214836067,30.862052313996227,30.90036392211914,5783800,0.0,0.0
2022-01-04 00:00:00-05:00,31.057441862856766,31.754672151828284,31.003807689022725,31.620590209960938,6459931,0.0,0.0
2022-01-05 00:00:00-05:00,31.6397369234474,32.068803229001716,31.310275919667646,31.333261489868164,5607657,0.0,0.0
2022-01-06 00:00:00-05:00,31.70486599011249,31.785313740404398,31.1225602145441,31.409881591796875,3983891,0.0,0.0
2022-01-07 00:00:00-05:00,31.57078214309833,32.03815659665669,31.40605163113675,31.86959457397461,7375779,0.0,0.0
2022-01-10 00:00:00-05:00,31.486502529104257,31.973031038155067,31.080421773423684,31.402219772338867,5423627,0.0,0.0
2022-01-11 00:00:00-05:00,31.436699371969837,31.8312855892933,31.222166211891775,31.808300018310547,4736263,0.0,0.0
2022-01-12 00:00:00-05:00,31.858106280943804,32.1301016529418,31.67039018119379,32.07263946533203,5109103,0.0,0.0
2022-01-13 00:00:00-05:00,32.10328332976047,32.54767218453036,32.064971717616054,32.18373107910156,4536698,0.0,0.0
2022-01-14 00:00:00-05:00,31.758498260185213,32.62429045339813,31.524811033159384,32.5515022277832,6080638,0.0,0.0
2022-01-18 00:00:00-05:00,32.356121206828455,32.356121206828455,31.892578340984425,32.0917854309082,10352046,0.0,0.0
2022-01-19 00:00:00-05:00,32.14542254782309,32.14542254782309,31.21450172757983,31.2528133392334,8057646,0.0,0.0
2022-01-20 00:00:00-05:00,31.32559992484164,31.352417003784772,30.272091781885504,30.333385467529297,8787552,0.0,0.0
2022-01-21 00:00:00-05:00,30.04606230532738,30.22611533390967,29.46759161223012,29.678293228149414,7333476,0.0,0.0
2022-01-24 00:00:00-05:00,29.12664347861017,29.674469215496945,28.421751987139785,29.555709838867188,9099447,0.0,0.0
2022-01-25 00:00:00-05:00,29.11515042200356,29.68213018177984,28.50219951914905,29.433116912841797,6283310,0.0,0.0
2022-01-26 00:00:00-05:00,29.586357677527236,30.003929494184195,29.03853195464646,29.39864158630371,5698238,0.0,0.0
2022-01-27 00:00:00-05:00,29.850690121514887,30.160997098311597,28.946589767357505,29.302867889404297,5630601,0.0,0.0
2022-01-28 00:00:00-05:00,29.15729207097631,29.18410915507955,28.421751984493927,29.1419677734375,5260629,0.0,0.0
2022-01-31 00:00:00-05:00,28.869969325978182,29.352668056531375,28.57115516083249,29.34500503540039,10699791,0.0,0.0
2022-02-01 00:00:00-05:00,29.45226858467732,29.961786120635328,29.272215537678612,29.839195251464844,7134628,0.0,0.0
2022-02-02 00:00:00-05:00,29.90049039654334,30.406176446741476,29.613172507969413,30.3218936920166,6291914,0.0,0.0
2022-02-03 00:00:00-05:00,30.065220131436522,30.295079326203,29.75108516954114,29.774070739746094,5486962,0.0,0.0
2022-02-04 00:00:00-05:00,29.494412083557783,29.758744391838587,29.080668331405516,29.138134002685547,7772519,0.0,0.0
2022-02-07 00:00:00-05:00,29.126639641493306,29.302864674093545,28.83165874062549,28.873798370361328,8562414,0.0,0.0
2022-02-08 00:00:00-05:00,29.850686994523578,30.82757896783004,29.444609751592008,30.697328567504883,11719604,0.0,0.0
2022-02-09 00:00:00-05:00,30.91185309305807,31.421370556408252,30.83140535701924,31.21832847595215,6905188,0.0,0.0
2022-02-10 00:00:00-05:00,30.973159298133965,31.616755345005412,30.67434335508341,30.773948669433594,7894887,0.0,0.0
2022-02-11 00:00:00-05:00,30.85056156816064,31.237484714116157,30.237610759564163,30.371692657470703,9207953,0.0,0.0
2022-02-14 00:00:00-05:00,30.279755594828124,30.727975994385773,30.214630389730704,30.38702392578125,4702564,0.0,0.0
2022-02-15 00:00:00-05:00,30.586225201413917,31.306444308655234,30.551748596428713,31.28728675842285,4312038,0.0,0.0
2022-02-16 00:00:00-05:00,31.187685253992623,31.612920004251386,31.10723402040992,31.459680557250977,6324418,0.0,0.0
2022-02-17 00:00:00-05:00,31.03062265009173,31.157045053263086,30.360209493965943,30.54409408569336,4305346,0.0,0.0
2022-02-18 00:00:00-05:00,31.82362261429868,32.210549303668124,30.046067132093512,30.176321029663086,13118232,0.0,0.0
2022-02-22 00:00:00-05:00,29.97711082655964,30.22229258254302,29.482919296635707,29.86601448059082,9147247,0.0,0.0
2022-02-23 00:00:00-05:00,30.05372897365808,30.057560484129887,28.632449897991826,28.751209259033203,11409143,0.0,0.0
2022-02-24 00:00:00-05:00,27.94671299799635,29.122812168975507,27.624914991234256,28.950420379638672,12073324,0.0,0.0
2022-02-25 00:00:00-05:00,29.208219880680208,30.25865578003789,29.196678440881897,30.03933334350586,7493845,0.138075,0.0
2022-02-28 00:00:00-05:00,29.53143012785115,30.081655065021746,29.396758376236452,29.769987106323242,10149374,0.0,0.0
2022-03-01 00:00:00-05:00,29.812313423793636,29.86617931503653,28.7272498556688,29.09663200378418,12595778,0.0,0.0
2022-03-02 00:00:00-05:00,29.33519352614138,29.973919185455532,29.000439188423115,29.666099548339844,8975884,0.0,0.0
2022-03-03 00:00:00-05:00,29.877724599436696,30.104740129196728,29.25823877884286,29.585294723510742,5096197,0.0,0.0
2022-03-04 00:00:00-05:00,29.062004676373963,29.06585299205395,28.41173579745057,28.623361587524414,8650366,0.0,0.0
2022-03-07 00:00:00-05:00,28.33862982701704,28.427127054729386,26.55327622402371,26.57636260986328,12951410,0.0,0.0
2022-03-08 00:00:00-05:00,26.718725220891173,27.245865454268735,25.99150066831457,26.476316452026367,9959130,0.0,0.0
2022-03-09 00:00:00-05:00,27.322819855714904,28.404036788888543,27.145823670449886,27.89228630065918,9358523,0.0,0.0
2022-03-10 00:00:00-05:00,27.372842382704132,27.94230885774143,27.307431546309918,27.73453140258789,6896584,0.0,0.0
2022-03-11 00:00:00-05:00,27.934612504928673,28.407883349990986,27.803789085035586,27.89228630065918,8891517,0.0,0.0
2022-03-14 00:00:00-04:00,28.15008626264379,28.265518174774968,27.48827254038347,27.60370445251465,7202743,0.0,0.0
2022-03-15 00:00:00-04:00,27.742229530476312,27.996181537221652,27.10350382886551,27.653732299804688,6136086,0.0,0.0
2022-03-16 00:00:00-04:00,28.01542039290853,29.004290237170558,27.99618232153265,28.56564712524414,6941994,0.0,0.0
2022-03-17 00:00:00-04:00,28.096222093692102,29.169742584228516,28.096222093692102,29.169742584228516,7317941,0.0,0.0
2022-03-18 00:00:00-04:00,29.11587355443961,29.554516635374057,28.738792999165604,29.516036987304688,12830954,0.0,0.0
2022-03-21 00:00:00-04:00,29.627615810608475,29.820003495748065,29.192822869585697,29.53142547607422,6113859,0.0,0.0
2022-03-22 00:00:00-04:00,29.800770579494355,29.95853047307535,29.45832310686556,29.6391658782959,5432709,0.0,0.0
2022-03-23 00:00:00-04:00,29.462171609478037,29.51603750486191,28.973505679091982,29.219762802124023,5079706,0.0,0.0
2022-03-24 00:00:00-04:00,29.339044018243204,29.415998056222126,29.06585393848447,29.3582820892334,4777849,0.0,0.0
2022-03-25 00:00:00-04:00,29.462171583392724,29.685338812159014,29.273630425607596,29.66225242614746,2986544,0.0,0.0
2022-03-28 00:00:00-04:00,29.419841436499247,29.47370907864574,28.950417147730345,29.373668670654297,4438708,0.0,0.0
2022-03-29 00:00:00-04:00,29.83540140599176,30.389474657840196,29.80846670490978,30.01239585876465,4988408,0.0,0.0
2022-03-30 00:00:00-04:00,29.92774735195851,30.02009289517981,29.33904275990463,29.450626373291016,4774981,0.0,0.0
2022-03-31 00:00:00-04:00,29.177434355390684,29.32749585309705,28.30014999939706,28.31169319152832,7150880,0.0,0.0
2022-04-01 00:00:00-04:00,28.519472073756877,28.83498834645438,28.065437488568588,28.76188087463379,6567720,0.0,0.0
2022-04-04 00:00:00-04:00,28.69646726219891,28.985047069653298,28.480993169954317,28.811899185180664,6437943,0.0,0.0
2022-04-05 00:00:00-04:00,28.611815819312113,28.881157550253402,28.023111274164137,28.088523864746094,5425539,0.0,0.0
2022-04-06 00:00:00-04:00,27.715291262032355,27.753769152773483,26.56096857194169,27.003459930419922,10738031,0.0,0.0
2022-04-07 00:00:00-04:00,26.941894899937278,26.999610857420276,25.96841674503361,26.822614669799805,8738796,0.0,0.0
2022-04-08 00:00:00-04:00,27.026545098334008,27.103500881349003,26.410907604303723,26.48786163330078,7440070,0.0,0.0
2022-04-11 00:00:00-04:00,26.35703897661668,26.980371324098716,26.168497841465566,26.349342346191406,5845940,0.0,0.0
2022-04-12 00:00:00-04:00,26.414757486003825,26.86494378657841,26.183893615974885,26.341650009155273,5319423,0.0,0.0
2022-04-13 00:00:00-04:00,26.33010629348087,26.56866502054841,26.241607314941586,26.537883758544922,4460457,0.0,0.0
2022-04-14 00:00:00-04:00,26.541733253387843,26.845704587493987,26.357042165124483,26.433996200561523,6449176,0.0,0.0
2022-04-18 00:00:00-04:00,26.326260095998347,26.649469512101124,26.214674723474573,26.395519256591797,4760163,0.0,0.0
2022-04-19 00:00:00-04:00,26.337800241806566,26.880332024362147,26.314713857613476,26.653316497802734,4204249,0.0,0.0
2022-04-20 00:00:00-04:00,26.868788539288246,27.495970975052344,26.849550470676423,27.149673461914062,4833536,0.0,0.0
2022-04-21 00:00:00-04:00,27.63448928857233,27.688358687133356,26.74181343716374,26.80722427368164,3912191,0.0,0.0
2022-04-22 00:00:00-04:00,26.541733108465895,26.65716503800022,25.868377847491573,25.891464233398438,5930068,0.0,0.0
2022-04-25 00:00:00-04:00,25.71831205511022,26.15695506829247,25.225799647773112,26.08769416809082,7458951,0.0,0.0
2022-04-26 00:00:00-04:00,25.960717507208777,26.249299019656622,25.452815378354003,25.46051025390625,5040271,0.0,0.0
2022-04-27 00:00:00-04:00,25.56440024131747,25.876066374574545,25.271972173588896,25.46820640563965,7603546,0.0,0.0
2022-04-28 00:00:00-04:00,25.706773392474695,26.003049850463867,25.16808812612252,26.003049850463867,6652565,0.0,0.0
2022-04-29 00:00:00-04:00,25.89531378529715,26.2993255579548,25.260434634513107,25.36817169189453,6225950,0.0,0.0
2022-05-02 00:00:00-04:00,25.271977600901703,25.475906752155367,24.760227056961888,25.356626510620117,9093472,0.0,0.0
2022-05-03 00:00:00-04:00,25.49129780838177,25.99150339683626,24.987243904456296,25.541318893432617,8304772,0.0,0.0
2022-05-04 00:00:00-04:00,25.864525484433564,26.526337448891052,25.22195334123311,26.464773178100586,6308405,0.0,0.0
2022-05-05 00:00:00-04:00,26.06075977306176,26.218517888320857,25.175780614443497,25.4489688873291,7822470,0.0,0.0
2022-05-06 00:00:00-04:00,25.37971350695232,25.572101224257022,24.933375546341313,25.17193603515625,8389617,0.0,0.0
2022-05-09 00:00:00-04:00,24.61785741112899,25.248886365197556,24.610160780994477,24.75252914428711,8564087,0.0,0.0
2022-05-10 00:00:00-04:00,25.05650399874528,25.264281469648804,23.93681078639576,24.363910675048828,8934537,0.0,0.0
2022-05-11 00:00:00-04:00,24.286952996154675,25.183477159364568,24.256171735682365,24.386993408203125,6457063,0.0,0.0
2022-05-12 00:00:00-04:00,24.32927655995721,24.63709616950924,23.894483597837738,24.336973190307617,6446786,0.0,0.0
2022-05-13 00:00:00-04:00,24.6217083238796,25.083437773970164,24.510122961316732,24.679424285888672,6541191,0.0,0.0
2022-05-16 00:00:00-04:00,24.344667365955573,24.95260993721151,24.094563721140766,24.675573348999023,5583996,0.0,0.0
2022-05-17 00:00:00-04:00,25.17963181952904,25.67983920093462,24.933376444596764,25.55286407470703,6598551,0.0,0.0
2022-05-18 00:00:00-04:00,25.237345331754092,25.422034639634187,24.652487379047585,24.73328971862793,7410195,0.0,0.0
2022-05-19 00:00:00-04:00,24.53320983100544,25.141152478861965,24.356213626006724,24.74868392944336,8489041,0.0,0.0
2022-05-20 00:00:00-04:00,24.833331917372035,24.960307022618796,23.89832990706476,24.56783676147461,9266986,0.0,0.0
2022-05-23 00:00:00-04:00,24.93722331572327,25.310453795261434,24.64479518455805,25.191173553466797,7009870,0.0,0.0
2022-05-24 00:00:00-04:00,25.102680371482503,25.11422356596655,24.463954604674015,24.871814727783203,5528309,0.0,0.0
2022-05-25 00:00:00-04:00,24.875658876339287,25.379712787040276,24.6063171321636,25.168087005615234,5897325,0.0,0.0
2022-05-26 00:00:00-04:00,25.452820835265765,26.053068615507236,25.437431080861817,25.9222469329834,6669295,0.0,0.0
2022-05-27 00:00:00-04:00,26.053712761521176,26.471313241043635,25.914512601680354,26.432647705078125,6771587,0.138075,0.0
2022-05-31 00:00:00-04:00,26.158112190043816,26.649181757817193,25.891310128081734,26.235445022583008,24523312,0.0,0.0
2022-06-01 00:00:00-04:00,26.59117994144282,26.65304549833887,25.686375460678114,26.069177627563477,6512989,0.0,0.0
2022-06-02 00:00:00-04:00,26.293446086426087,26.622113699810267,26.146511417422722,26.61051368713379,5735522,0.0,0.0
2022-06-03 00:00:00-04:00,26.34371079878318,26.455845426206515,25.74050839605401,25.875843048095703,5930546,0.0,0.0
2022-06-06 00:00:00-04:00,26.096245795115006,26.50224623761226,25.92997659703255,26.16584587097168,5645419,0.0,0.0
2022-06-07 00:00:00-04:00,25.821710098679837,26.29344510501694,25.643842656728804,26.281845092773438,4613656,0.0,0.0
2022-06-08 00:00:00-04:00,25.999574154085913,26.401710824497073,25.972508635642814,26.15424156188965,5025931,0.0,0.0
2022-06-09 00:00:00-04:00,25.941578676881967,26.16971167398424,25.56264375100118,25.566509246826172,4019741,0.0,0.0
2022-06-10 00:00:00-04:00,24.99037559068389,25.017442876329362,24.456773208449114,24.565040588378906,6284983,0.0,0.0
2022-06-13 00:00:00-04:00,23.89610310441966,24.077837820554677,23.374100745181604,23.536500930786133,5851437,0.0,0.0
2022-06-14 00:00:00-04:00,23.521031874646383,23.60996470865881,23.087964190788863,23.343164443969727,5509189,0.0,0.0
2022-06-15 00:00:00-04:00,23.67570337319918,23.88837087514703,22.999033568096362,23.335433959960938,5386343,0.0,0.0
2022-06-16 00:00:00-04:00,22.446094216268964,22.477026992298107,21.657289919682135,21.95502471923828,10571687,0.0,0.0
2022-06-17 00:00:00-04:00,21.893164128801317,22.009166040505967,21.336361650697803,21.76556396484375,11182810,0.0,0.0
2022-06-21 00:00:00-04:00,22.217960095239643,22.237292860457583,21.750090608038334,21.985958099365234,6910207,0.0,0.0
2022-06-22 00:00:00-04:00,21.29769265292965,21.900896905331848,21.2822271427209,21.618627548217773,6528046,0.0,0.0
2022-06-23 00:00:00-04:00,21.541292131112524,21.839026962801846,21.108222644054614,21.40209197998047,6798594,0.0,0.0
2022-06-24 00:00:00-04:00,21.57222079721523,22.647158030414428,21.57222079721523,22.63942527770996,25923852,0.0,0.0
2022-06-27 00:00:00-04:00,22.604629107404598,22.639429144495946,22.148361366878472,22.260494232177734,8561458,0.0,0.0
2022-06-28 00:00:00-04:00,22.430626950013345,22.75156177229843,22.07489209369627,22.167692184448242,6141344,0.0,0.0
2022-06-29 00:00:00-04:00,22.113561882588417,22.125163658818924,21.483293890611826,21.781028747558594,5934609,0.0,0.0
2022-06-30 00:00:00-04:00,21.38275664962486,21.72689151880133,21.12368912383784,21.491024017333984,5893740,0.0,0.0
2022-07-01 00:00:00-04:00,21.328624400411513,21.463957291569848,20.636487385832307,21.170089721679688,11855595,0.0,0.0
2022-07-05 00:00:00-04:00,20.68675318605197,21.01155527392851,20.327151063329925,20.949687957763672,14880140,0.0,0.0
2022-07-06 00:00:00-04:00,21.100487099441356,21.382754622792433,20.806619565029987,21.259021759033203,7051934,0.0,0.0
2022-07-07 00:00:00-04:00,21.60315798023355,21.897025533480214,21.42915780317668,21.792625427246094,8013670,0.0,0.0
2022-07-08 00:00:00-04:00,21.742361069598985,21.808093891181578,21.26675875851192,21.436893463134766,5163117,0.0,0.0
2022-07-11 00:00:00-04:00,21.189426099308296,21.371160833932688,21.07342595493198,21.224227905273438,4715709,0.0,0.0
2022-07-12 00:00:00-04:00,21.170091767445943,21.850627072675778,21.170091767445943,21.475561141967773,5712100,0.0,0.0
2022-07-13 00:00:00-04:00,21.03089457138395,21.34022948563749,20.81049251958581,21.212629318237305,5062737,0.0,0.0
2022-07-14 00:00:00-04:00,20.853024650133793,20.911024719455792,20.41995511565999,20.682889938354492,6020649,0.0,0.0
2022-07-15 00:00:00-04:00,21.177823734586283,21.201023758955877,20.698354214078766,21.112089157104492,7074161,0.0,0.0
2022-07-18 00:00:00-04:00,21.344089357235024,21.63795868218596,20.911021649002535,21.019289016723633,5483855,0.0,0.0
2022-07-19 00:00:00-04:00,21.359560306608508,21.912495489960012,21.313160249972142,21.869962692260742,6586123,0.0,0.0
2022-07-20 00:00:00-04:00,21.777160650104975,22.206362898627553,21.680493286457327,22.08262825012207,6027102,0.0,0.0
2022-07-21 00:00:00-04:00,21.95889618010051,22.32623291015625,21.757830437310407,22.32623291015625,4485791,0.0,0.0
2022-07-22 00:00:00-04:00,22.469296275373406,22.5620963745232,21.94342669665532,22.140626907348633,3457135,0.0,0.0
2022-07-25 00:00:00-04:00,22.20249272398467,22.477027507144353,22.082625349816983,22.4383602142334,4209985,0.0,0.0
2022-07-26 00:00:00-04:00,22.326226076530318,22.52342626256485,22.140624138787278,22.303024291992188,4731244,0.0,0.0
2022-07-27 00:00:00-04:00,22.29529578713944,23.01836562391133,22.175428397002428,22.979700088500977,8016299,0.0,0.0
2022-07-28 00:00:00-04:00,23.096344461493935,23.38796582728647,22.940813420903403,23.380189895629883,4597165,0.138075,0.0
2022-07-29 00:00:00-04:00,23.469620859442195,23.97898429761987,23.41907286910931,23.80790138244629,6094978,0.0,0.0
2022-08-01 00:00:00-04:00,23.504613107753944,23.55904817304865,23.12745118519202,23.407407760620117,7113596,0.0,0.0
2022-08-02 00:00:00-04:00,23.119673210903684,23.360746581163113,22.730846509432446,22.773616790771484,8545923,0.0,0.0
2022-08-03 00:00:00-04:00,22.866934674813,22.89804016990142,22.240921741522207,22.610307693481445,11381419,0.0,0.0
2022-08-04 00:00:00-04:00,22.637528242878872,23.006914229649464,22.357571670724106,22.773616790771484,6796443,0.0,0.0
2022-08-05 00:00:00-04:00,22.55198790383879,23.088569756510065,22.489775129798453,22.894155502319336,4639946,0.0,0.0
2022-08-08 00:00:00-04:00,23.18577395794814,23.399628901575337,22.839717550852168,23.06912612915039,7614301,0.0,0.0
2022-08-09 00:00:00-04:00,22.95248052775757,23.003026743479158,22.688077575161252,22.80083656311035,7828206,0.0,0.0
2022-08-10 00:00:00-04:00,23.337415953392007,23.95565121369284,23.337415953392007,23.617372512817383,7423579,0.0,0.0
2022-08-11 00:00:00-04:00,23.936214520771117,24.616662661081143,23.90122016652621,24.17728614807129,8226858,0.0,0.0
2022-08-12 00:00:00-04:00,24.367813669678437,24.496126303703914,24.177286486133067,24.379478454589844,5226452,0.0,0.0
2022-08-15 00:00:00-04:00,24.060638637018993,24.468907881412534,24.048973852107586,24.379478454589844,3393083,0.0,0.0
2022-08-16 00:00:00-04:00,24.20838761750223,24.58166241243517,24.16561734117903,24.371694564819336,4397122,0.0,0.0
2022-08-17 00:00:00-04:00,24.01397873313872,24.142291363080705,23.807901463760277,24.08785629272461,6166200,0.0,0.0
2022-08-18 00:00:00-04:00,24.07619150818443,24.169509784505873,23.86622538646118,24.08785629272461,5009918,0.0,0.0
2022-08-19 00:00:00-04:00,23.912881713468725,24.052859111495412,23.372411063318097,23.516277313232422,4607442,0.0,0.0
2022-08-22 00:00:00-04:00,23.03413266427621,23.06135108287132,22.590869125343815,22.6530818939209,7057670,0.0,0.0
2022-08-23 00:00:00-04:00,22.69585195198582,23.282981737009813,22.69585195198582,23.084678649902344,5300781,0.0,0.0
2022-08-24 00:00:00-04:00,23.16633348415831,23.228546255753432,22.9524802944457,23.073015213012695,3399058,0.0,0.0
2022-08-25 00:00:00-04:00,23.271315086304305,23.570712346396334,23.10023043125346,23.559045791625977,4447073,0.0,0.0
2022-08-26 00:00:00-04:00,23.671809952552362,23.796235496459367,22.470333659643117,22.481998443603516,6065342,0.0,0.0
2022-08-29 00:00:00-04:00,22.26814192477555,22.61808541914456,22.12427567514806,22.528656005859375,4975263,0.0,0.0
2022-08-30 00:00:00-04:00,22.719180787744946,22.863047033570957,22.108721455928674,22.20203971862793,4419110,0.0,0.0
2022-08-31 00:00:00-04:00,22.244813003338766,22.244813003338766,21.62657770620415,21.634353637695312,9325302,0.0,0.0
2022-09-01 00:00:00-04:00,21.47493553161621,21.544922460059716,21.051112701502102,21.47493553161621,7537821,0.0,0.0
2022-09-02 00:00:00-04:00,21.925975689686037,21.925975689686037,21.14832047871936,21.292186737060547,5535479,0.0,0.0
2022-09-06 00:00:00-04:00,21.490486129707122,21.649906009677768,20.957793200039703,21.093883514404297,5778781,0.0,0.0
2022-09-07 00:00:00-04:00,21.08610542920427,21.933749251704548,20.99278716846918,21.875425338745117,7109294,0.0,0.0
2022-09-08 00:00:00-04:00,21.591582728063532,22.349795404961547,21.459381261592522,22.330354690551758,7435768,0.0,0.0
2022-09-09 00:00:00-04:00,22.62586390720389,22.86304843021818,22.52088085525407,22.703628540039062,6450371,0.0,0.0
2022-09-12 00:00:00-04:00,22.905823285688545,23.247989129996625,22.76584409347886,23.154672622680664,11056140,0.0,0.0
2022-09-13 00:00:00-04:00,22.38479029859288,22.660858021391068,21.88320283868365,22.027069091796875,6938648,0.0,0.0
2022-09-14 00:00:00-04:00,21.98819287352874,21.98819287352874,21.40495001889125,21.700458526611328,8653234,0.0,0.0
2022-09-15 00:00:00-04:00,21.71211811463767,21.99596174503697,21.354395165409148,21.436050415039062,6637269,0.0,0.0
2022-09-16 00:00:00-04:00,21.027784343003653,21.397170356399123,20.6272928293463,20.988901138305664,15006571,0.0,0.0
2022-09-19 00:00:00-04:00,20.82170029526589,21.646014464950696,20.77115231857676,21.513813018798828,9608278,0.0,0.0
2022-09-20 00:00:00-04:00,21.21053134243454,21.268855256449662,20.876139720418532,21.093883514404297,5506082,0.0,0.0
2022-09-21 00:00:00-04:00,21.327183421901708,21.36606662982756,20.650624111964582,20.66617774963379,5757271,0.0,0.0
2022-09-22 00:00:00-04:00,20.77893185551722,20.825590985043593,20.300674005377992,20.4095458984375,5795033,0.0,0.0
2022-09-23 00:00:00-04:00,19.99738928719043,20.09459640465539,19.386931709099958,19.72909927368164,8219449,0.0,0.0
2022-09-26 00:00:00-04:00,19.558018888599015,20.00517137237112,19.363606383584305,19.460813522338867,7260820,0.0,0.0
2022-09-27 00:00:00-04:00,19.655222838384205,19.787424312942,19.2547313350875,19.476362228393555,7620037,0.0,0.0
2022-09-28 00:00:00-04:00,19.604677624475183,20.005170956927234,19.42970584184723,19.927406311035156,6417867,0.0,0.0
2022-09-29 00:00:00-04:00,19.635783133371262,19.729101409039743,19.37915610278873,19.694107055664062,8091823,0.0,0.0
2022-09-30 00:00:00-04:00,19.639671227667318,19.985727699476026,19.546352947178555,19.596900939941406,8535646,0.0,0.0
2022-10-03 00:00:00-04:00,20.020725617262904,20.69339613092765,19.869081625415436,20.38622283935547,10311416,0.0,0.0
2022-10-04 00:00:00-04:00,20.76337634340381,21.303846908189065,20.75171156207733,21.276628494262695,8220644,0.0,0.0
2022-10-05 00:00:00-04:00,20.950019270158748,21.338845991565137,20.782823443180117,21.175539016723633,5377022,0.0,0.0
2022-10-06 00:00:00-04:00,20.93446437506578,21.179424822595646,20.638955942769833,20.677837371826172,5560574,0.0,0.0
2022-10-07 00:00:00-04:00,20.405656473185434,20.697277797021354,20.211244029788677,20.358997344970703,9623574,0.0,0.0
2022-10-10 00:00:00-04:00,20.514529801982317,20.533970515937323,20.012942366001,20.114036560058594,4891852,0.0,0.0
2022-10-11 00:00:00-04:00,19.88851994400611,20.483425682978297,19.670776134089955,20.14125633239746,6819865,0.0,0.0
2022-10-12 00:00:00-04:00,20.09848584304862,20.261792812558582,19.9274029420124,20.055715560913086,5513730,0.0,0.0
2022-10-13 00:00:00-04:00,19.70577209442089,20.93835572809948,19.519135540675435,20.7283878326416,9141511,0.0,0.0
2022-10-14 00:00:00-04:00,20.93057830390134,21.016120649679298,20.203471023530092,20.25790786743164,5844745,0.0,0.0
2022-10-17 00:00:00-04:00,20.794487773332968,21.09777214856339,20.553414395974254,20.693391799926758,6481919,0.0,0.0
2022-10-18 00:00:00-04:00,21.237749881842447,21.506041682739156,21.01611898881423,21.45160484313965,7802394,0.0,0.0
2022-10-19 00:00:00-04:00,21.299959705405485,21.49826100330299,20.94612738695315,21.03555679321289,5659281,0.0,0.0
2022-10-20 00:00:00-04:00,21.043336002889923,21.486601341660407,20.80615146977159,20.90336036682129,5228125,0.0,0.0
2022-10-21 00:00:00-04:00,20.907249042696794,21.65768590366586,20.848925118009486,21.611026763916016,6138476,0.0,0.0
2022-10-24 00:00:00-04:00,21.774332278157253,21.883204187697224,21.401059185442122,21.778221130371094,5012547,0.0,0.0
2022-10-25 00:00:00-04:00,21.665460920895775,22.155381827491656,21.665460920895775,22.147605895996094,9077937,0.0,0.0
2022-10-26 00:00:00-04:00,22.34979279795804,22.493659030792376,22.05428440193129,22.198150634765625,7240983,0.0,0.0
2022-10-27 00:00:00-04:00,22.27980758676586,22.400344274856746,21.89875680731496,22.073728561401367,5912143,0.0,0.0
2022-10-28 00:00:00-04:00,22.151494521205827,22.427560470153743,22.07372811707009,22.380901336669922,5295523,0.0,0.0
2022-10-31 00:00:00-04:00,22.30313569384561,22.450890791508137,22.09705668197261,22.240922927856445,7026122,0.0,0.0
2022-11-01 00:00:00-04:00,22.940813180334423,23.123562638547774,22.50143848270956,22.82416534423828,10208646,0.0,0.0
2022-11-02 00:00:00-04:00,24.231720866048377,24.98604650108556,23.49683771888219,23.539608001708984,21197866,0.0,0.0
2022-11-03 00:00:00-04:00,23.1818884836722,23.714581494455967,23.07301657010074,23.178001403808594,12255681,0.0,0.0
2022-11-04 00:00:00-04:00,23.889556522214946,24.37170157232615,23.512392767355795,24.080081939697266,11380941,0.0,0.0
2022-11-07 00:00:00-05:00,24.130628247310483,24.200616954250723,23.656257390558483,24.006202697753906,10428526,0.0,0.0
2022-11-08 00:00:00-05:00,25.647055004784782,26.61523570883323,25.262115325676326,25.771480560302734,18761022,0.0,0.0
2022-11-09 00:00:00-05:00,25.70926463939884,26.238070526958293,25.604281586793558,26.06309700012207,14210223,0.0,0.0
2022-11-10 00:00:00-05:00,26.782427965192817,27.69228462214404,26.673556061818868,27.081825256347656,14294351,0.0,0.0
2022-11-11 00:00:00-05:00,27.186810972618012,27.863372026152593,26.969068917020802,27.532867431640625,10744962,0.0,0.0
2022-11-14 00:00:00-05:00,27.31512294438365,28.088889336167163,27.28401744361875,27.43954849243164,7780884,0.0,0.0
2022-11-15 00:00:00-05:00,27.70784030887823,27.832264084449687,27.20236395704101,27.478431701660156,7617647,0.0,0.0
2022-11-16 00:00:00-05:00,27.458988895560218,27.5989680786407,26.860196048331886,26.879636764526367,6780908,0.0,0.0
2022-11-17 00:00:00-05:00,26.51413782960606,26.972953235584377,25.993107881977313,26.961288452148438,8531822,0.0,0.0
2022-11-18 00:00:00-05:00,27.299571676622193,27.33067717806661,26.6735586154141,26.976844787597656,6776128,0.0,0.0
2022-11-21 00:00:00-05:00,26.735767282307037,27.322897047114594,26.634673088777173,27.128482818603516,5259912,0.0,0.0
2022-11-22 00:00:00-05:00,27.256800107703214,27.676734133464542,27.256800107703214,27.66118049621582,5066800,0.0,0.0
2022-11-23 00:00:00-05:00,27.66117969114094,27.9566881553003,27.571750267675732,27.921693801879883,3577830,0.0,0.0
2022-11-25 00:00:00-05:00,27.789493087646175,28.04222948459805,27.637849122482063,27.703948974609375,2512129,0.0,0.0
2022-11-28 00:00:00-05:00,27.2762377030692,27.50564629313089,26.85241664587363,26.96517562866211,6471642,0.0,0.0
2022-11-29 00:00:00-05:00,27.043318595287392,27.38321653759928,26.972995251561287,27.137083053588867,6056260,0.138075,0.0
2022-11-30 00:00:00-05:00,27.12926788062332,27.5590228024907,26.730767182158168,27.54730224609375,9102315,0.0,0.0
2022-12-01 00:00:00-05:00,27.484789810313764,27.660598142144323,27.2034946984161,27.51213836669922,11104418,0.0,0.0
2022-12-02 00:00:00-05:00,27.191774247419485,27.980960640715477,27.055033254891754,27.95751953125,5978585,0.0,0.0
2022-12-05 00:00:00-05:00,27.605902810342183,27.82468769948828,27.461348699403022,27.51213836669922,4623694,0.0,0.0
2022-12-06 00:00:00-05:00,27.62543685873565,27.746549860442997,27.07847640925694,27.33633041381836,4863411,0.0,0.0
2022-12-07 00:00:00-05:00,27.285543524127895,27.641067674392897,27.12926883965457,27.230846405029297,5548624,0.0,0.0
2022-12-08 00:00:00-05:00,27.48869709965352,27.62153065438282,27.17614776863973,27.289445877075195,4598121,0.0,0.0
2022-12-09 00:00:00-05:00,27.226939923538165,27.383214603324827,26.887042005235724,26.914390563964844,4034559,0.0,0.0
2022-12-12 00:00:00-05:00,26.88704095079912,27.30898274777259,26.82453072514215,27.29726219177246,5706125,0.0,0.0
2022-12-13 00:00:00-05:00,28.01221754085659,28.07082032012942,27.45353652447634,27.68404197692871,5949427,0.0,0.0
2022-12-14 00:00:00-05:00,27.562929237969552,27.87157293967741,26.957365953216406,27.20740509033203,6460648,0.0,0.0
2022-12-15 00:00:00-05:00,26.828437348431255,26.867506460890386,26.38696189864632,26.492446899414062,7709662,0.0,0.0
2022-12-16 00:00:00-05:00,26.308822790788508,26.84797011314277,26.168176127818366,26.53151512145996,11087688,0.0,0.0
2022-12-19 00:00:00-05:00,26.465100637917946,26.676072438719842,26.203340945580013,26.394777297973633,10268635,0.0,0.0
2022-12-20 00:00:00-05:00,26.51197954280859,26.777646647736006,26.36351977073884,26.375240325927734,5104084,0.0,0.0
2022-12-21 00:00:00-05:00,26.652628835762844,26.82843716920124,26.61746538810638,26.691696166992188,4876317,0.0,0.0
2022-12-22 00:00:00-05:00,26.36351855239658,26.406493325780282,25.906415140185192,26.390865325927734,5943930,0.0,0.0
2022-12-23 00:00:00-05:00,26.35570467214865,26.875318322717366,26.3322635619557,26.851877212524414,3607466,0.0,0.0
2022-12-27 00:00:00-05:00,26.859693628031327,27.086291648108055,26.82062451257839,26.871414184570312,3513778,0.0,0.0
2022-12-28 00:00:00-05:00,26.953455130781578,27.055032675968878,26.46509572575291,26.488536834716797,3055376,0.0,0.0
2022-12-29 00:00:00-05:00,26.566683502787686,26.98862537932624,26.566683502787686,26.79328155517578,2752324,0.0,0.0
2022-12-30 00:00:00-05:00,26.586209099551347,26.824527637781035,26.539326880946728,26.812807083129883,3441122,0.0,0.0
2023-01-03 00:00:00-05:00,26.976898783208718,27.18005746808716,26.652630650883893,26.902667999267578,4245118,0.0,0.0
2023-01-04 00:00:00-05:00,27.223029844187337,27.73092294960291,27.125357956148285,27.555112838745117,6113859,0.0,0.0
2023-01-05 00:00:00-05:00,27.19177742493937,27.707481893443017,27.051128970742237,27.68794822692871,6191295,0.0,0.0
2023-01-06 00:00:00-05:00,28.043470943956564,28.44978472236327,27.73873650063592,28.313045501708984,8096364,0.0,0.0
2023-01-09 00:00:00-05:00,28.453691238414038,28.977210554843253,28.398995908132708,28.707637786865234,7823426,0.0,0.0
2023-01-10 00:00:00-05:00,28.656848935952898,28.922516047088873,28.457599493085297,28.879539489746094,4274276,0.0,0.0
2023-01-11 00:00:00-05:00,29.102232689141342,29.305389583521965,28.938144907787063,29.262413024902344,5379173,0.0,0.0
2023-01-12 00:00:00-05:00,29.14520898977015,29.449945237749436,28.938146419945053,29.203813552856445,6220214,0.0,0.0
2023-01-13 00:00:00-05:00,28.867820820665028,29.449942931422264,28.785775151157065,29.379619598388672,8207738,0.0,0.0
2023-01-17 00:00:00-05:00,29.035813089944625,29.184274641000584,28.895166429556056,29.03972053527832,8360220,0.0,0.0
2023-01-18 00:00:00-05:00,29.242880514655788,29.3679009688938,28.53183046573599,28.590435028076172,17889628,0.0,0.0
2023-01-19 00:00:00-05:00,28.434157715392914,28.504481046520667,28.113795279932468,28.441970825195312,8799263,0.0,0.0
2023-01-20 00:00:00-05:00,28.46932155148936,28.918610128271613,28.262257206736127,28.899076461791992,8843239,0.0,0.0
2023-01-23 00:00:00-05:00,28.844376932183785,29.434313913543082,28.692009715874914,29.418685913085938,5060586,0.0,0.0
2023-01-24 00:00:00-05:00,28.99283928299933,29.344457726677323,28.906887949569708,29.27804183959961,7330130,0.0,0.0
2023-01-25 00:00:00-05:00,28.828754102373196,28.981121336597372,28.512297296477147,28.727174758911133,7631509,0.0,0.0
2023-01-26 00:00:00-05:00,28.586526308321375,28.82875231450675,28.168491965857324,28.80531120300293,7491455,0.0,0.0
2023-01-27 00:00:00-05:00,28.54355092536808,28.98502636997055,28.54355092536808,28.734987258911133,5189407,0.0,0.0
2023-01-30 00:00:00-05:00,28.559181620596185,28.738897426797298,28.30523680522189,28.383373260498047,6075380,0.0,0.0
2023-01-31 00:00:00-05:00,28.48494649357478,28.910795720046103,28.23490916237205,28.89126205444336,6539040,0.0,0.0
2023-02-01 00:00:00-05:00,28.73108125310338,29.21943894419001,28.46541412773772,28.96549415588379,8589421,0.0,0.0
2023-02-02 00:00:00-05:00,28.992839154012163,29.188182930849614,28.609966491230754,29.121767044067383,6885351,0.0,0.0
2023-02-03 00:00:00-05:00,28.71935910270505,28.98502621332264,28.457599437557025,28.51229476928711,6778996,0.0,0.0
2023-02-06 00:00:00-05:00,28.379463609706395,28.418532724793874,28.055193694515044,28.27007293701172,7337539,0.0,0.0
2023-02-07 00:00:00-05:00,29.41868526354143,30.391496658325195,29.41477959923991,30.391496658325195,18879327,0.0,0.0
2023-02-08 00:00:00-05:00,30.164900008774286,30.313361572766595,29.985186003264015,30.043787002563477,7777538,0.0,0.0
2023-02-09 00:00:00-05:00,30.411033431411,30.62981833147019,29.40696949570312,29.598405838012695,8124327,0.0,0.0
2023-02-10 00:00:00-05:00,29.457758775288433,29.649195126635874,29.258509313201746,29.61794090270996,4734351,0.0,0.0
2023-02-13 00:00:00-05:00,29.621847887257996,29.92658415322973,29.473388090784805,29.836727142333984,5828971,0.0,0.0
2023-02-14 00:00:00-05:00,29.723425637573996,30.08285544279418,29.555430400964546,29.87188720703125,4721923,0.0,0.0
2023-02-15 00:00:00-05:00,29.7976541136188,29.852349445988583,29.551522446501604,29.825002670288086,3644989,0.0,0.0
2023-02-16 00:00:00-05:00,29.37180372045155,29.883604261946395,29.31320094489273,29.485103607177734,4650462,0.0,0.0
2023-02-17 00:00:00-05:00,29.289762316645387,29.38743421117624,29.07488486106506,29.332738876342773,4905236,0.0,0.0
2023-02-21 00:00:00-05:00,29.035812778021356,29.227249101816597,28.410715922686716,28.504480361938477,7404220,0.0,0.0
2023-02-22 00:00:00-05:00,28.543549853525683,28.777960954788746,28.391180856735986,28.48494529724121,5708515,0.0,0.0
2023-02-23 00:00:00-05:00,28.633406053609487,28.81312181991048,28.17630263787042,28.457597732543945,4784302,0.0,0.0
2023-02-24 00:00:00-05:00,28.055193003760852,28.645130037471798,27.91845377577474,28.488855361938477,6965177,0.0,0.0
2023-02-27 00:00:00-05:00,28.787253378363083,28.920745997788345,28.64590888360875,28.673391342163086,5670753,0.150628,0.0
2023-02-28 00:00:00-05:00,28.641982051041627,28.78332654579596,28.426038476343006,28.673391342163086,7259386,0.0,0.0
2023-03-01 00:00:00-05:00,28.634130423289328,29.203437029601307,28.6027211318963,28.924673080444336,6262995,0.0,0.0
2023-03-02 00:00:00-05:00,28.857920940573496,29.442932987448057,28.661609770777005,29.411521911621094,5521378,0.0,0.0
2023-03-03 00:00:00-05:00,29.596056390517518,29.596056390517518,29.223062838318675,29.30944061279297,6778996,0.0,0.0
2023-03-06 00:00:00-05:00,29.156317452057543,29.223062856581038,28.46529704563626,28.583084106445312,7864295,0.0,0.0
2023-03-07 00:00:00-05:00,28.473149705538976,28.473149705538976,27.731089412158134,27.927400588989258,8889605,0.0,0.0
2023-03-08 00:00:00-05:00,27.966664235824087,28.473150413682195,27.8606558755339,28.30824851989746,7046198,0.0,0.0
2023-03-09 00:00:00-05:00,28.473146183650368,28.53989337156475,27.70752857215805,27.80568504333496,8471594,0.0,0.0
2023-03-10 00:00:00-05:00,27.699676586609545,27.958809900987468,27.30705246792751,27.617225646972656,8401328,0.0,0.0
2023-03-13 00:00:00-04:00,27.283497766842338,27.47588390837427,26.918356065230903,27.189268112182617,7468511,0.0,0.0
2023-03-14 00:00:00-04:00,27.660417886574955,27.96273921865603,27.310981727655793,27.601524353027344,7108577,0.0,0.0
2023-03-15 00:00:00-04:00,26.922279748877944,26.996878813360855,26.325490812624277,26.635663986206055,11851771,0.0,0.0
2023-03-16 00:00:00-04:00,26.38438637870168,27.30705409704269,26.26659931505048,27.177488327026367,10495924,0.0,0.0
2023-03-17 00:00:00-04:00,27.067551993815623,27.067551993815623,26.470763036666387,26.52180290222168,34881094,0.0,0.0
2023-03-20 00:00:00-04:00,26.702414257354935,27.22853105683579,26.698489214690618,27.063629150390625,8325565,0.0,0.0
2023-03-21 00:00:00-04:00,27.55833853590365,27.67220057702415,27.224607867821053,27.35417366027832,8060275,0.0,0.0
2023-03-22 00:00:00-04:00,27.22067769333753,27.52299903182685,26.765233164378696,26.77701187133789,6941516,0.0,0.0
2023-03-23 00:00:00-04:00,26.820199818241573,27.20889712125035,26.506099794324133,26.83983039855957,5978824,0.0,0.0
2023-03-24 00:00:00-04:00,26.596405485061734,27.055776864417172,26.23911742992089,26.934062957763672,5218087,0.0,0.0
2023-03-27 00:00:00-04:00,27.150005422502993,27.279572988720385,27.02043964609064,27.067554473876953,4155015,0.0,0.0
2023-03-28 00:00:00-04:00,27.091110147850827,27.365947222221312,27.024364742708606,27.318832397460938,4926985,0.0,0.0
2023-03-29 00:00:00-04:00,27.64863722379668,27.915622416860682,27.52692333314089,27.809612274169922,5778303,0.0,0.0
2023-03-30 00:00:00-04:00,28.041263756957928,28.06482117073276,27.668270178986404,27.731090545654297,4899500,0.0,0.0
2023-03-31 00:00:00-04:00,27.766427688576748,28.21009352420695,27.746797106310005,28.17868423461914,5973327,0.0,0.0
2023-04-03 00:00:00-04:00,28.27291248012774,28.606643100813347,28.159050455178118,28.225797653198242,8548791,0.0,0.0
2023-04-04 00:00:00-04:00,28.096230757783175,28.14727062504972,27.385577970414705,27.570112228393555,7273248,0.0,0.0
2023-04-05 00:00:00-04:00,27.291349603133384,27.648639429623056,27.208898655421923,27.62508201599121,7956788,0.0,0.0
2023-04-06 00:00:00-04:00,27.475884578398382,27.577966110167424,27.150005821549993,27.342391967773438,6903276,0.0,0.0
2023-04-10 00:00:00-04:00,27.15785805722946,27.4248414746267,27.059701573128212,27.409137725830078,5409526,0.0,0.0
2023-04-11 00:00:00-04:00,27.570113543213576,27.899919124090513,27.51514684130326,27.750720977783203,4800554,0.0,0.0
2023-04-12 00:00:00-04:00,28.088376173110134,28.20616323187223,27.676121467442794,27.809612274169922,7345187,0.0,0.0
2023-04-13 00:00:00-04:00,27.7742786938935,28.049115786048084,27.617228671261586,27.982370376586914,6297172,0.0,0.0
2023-04-14 00:00:00-04:00,27.974518133917442,28.21009407474123,27.507296664332138,27.66434669494629,7227599,0.0,0.0
2023-04-17 00:00:00-04:00,27.680044764859772,27.9391780676081,27.629004902483153,27.935251235961914,6370306,0.0,0.0
2023-04-18 00:00:00-04:00,28.17475610633345,28.249355179204013,27.86458289787691,28.123714447021484,7421906,0.0,0.0
2023-04-19 00:00:00-04:00,28.009852462399177,28.041261748581007,27.83317187174219,27.958810806274414,3891876,0.0,0.0
2023-04-20 00:00:00-04:00,27.68397298676432,27.888137815938013,27.452323914296617,27.59759521484375,6226428,0.0,0.0
2023-04-21 00:00:00-04:00,27.46802646137109,27.503362574699917,27.22067187826463,27.440542221069336,8640806,0.0,0.0
2023-04-24 00:00:00-04:00,27.47196173967275,27.71146273358756,27.41699324216792,27.699682235717773,7054085,0.0,0.0
2023-04-25 00:00:00-04:00,27.30705555820356,27.37772780017585,26.655298051385717,26.694561004638672,8415668,0.0,0.0
2023-04-26 00:00:00-04:00,26.619960660369774,26.765231969650312,26.239115222420764,26.451133728027344,7548576,0.0,0.0
2023-04-27 00:00:00-04:00,26.533586725243346,27.043997973436646,26.466839523754892,26.973325729370117,6505580,0.0,0.0
2023-04-28 00:00:00-04:00,26.898723418863728,27.491587336992538,26.898723418863728,27.37380027770996,8141535,0.0,0.0
2023-05-01 00:00:00-04:00,27.405208732241324,27.66826708659411,27.157855915251407,27.240306854248047,6076575,0.0,0.0
2023-05-02 00:00:00-04:00,25.116207254797967,25.555948006932113,24.65683771202898,25.532390594482422,23400251,0.0,0.0
2023-05-03 00:00:00-04:00,25.49312968085479,25.846492685640953,25.230071290878286,25.285037994384766,11236346,0.0,0.0
2023-05-04 00:00:00-04:00,25.12013337779613,25.31251950397352,24.83351760447959,25.15154266357422,7350206,0.0,0.0
2023-05-05 00:00:00-04:00,25.461716663118303,25.787597186239918,25.39889808955275,25.720849990844727,6308644,0.0,0.0
2023-05-08 00:00:00-04:00,25.85434066484737,25.885749949289142,25.343927711486156,25.43030548095703,5652350,0.0,0.0
2023-05-09 00:00:00-04:00,25.163321182925827,25.32429622087715,24.98663881861181,25.233991622924805,4856241,0.0,0.0
2023-05-10 00:00:00-04:00,25.52061416398176,25.571654035637472,24.837445562411343,25.18295669555664,5632035,0.0,0.0
2023-05-11 00:00:00-04:00,24.970937504649783,25.076944069878294,24.884557940067854,25.07301902770996,4950407,0.0,0.0
2023-05-12 00:00:00-04:00,25.190808588976893,25.3203761589041,24.82174183081521,25.03768539428711,4611983,0.0,0.0
2023-05-15 00:00:00-04:00,25.60698986159667,25.803301036925177,25.2497000502772,25.7640380859375,8577710,0.0,0.0
2023-05-16 00:00:00-04:00,25.610911709199648,25.665878401882054,25.347853371024744,25.52060890197754,5143997,0.0,0.0
2023-05-17 00:00:00-04:00,25.634473537966738,25.897531921489733,25.45386610258326,25.756187438964844,5664778,0.0,0.0
2023-05-18 00:00:00-04:00,25.685517754774125,26.301939195781006,25.555951966227642,26.262676239013672,9872612,0.0,0.0
2023-05-19 00:00:00-04:00,26.39616563967399,26.455059172737,26.08991747794137,26.207704544067383,7262732,0.0,0.0
2023-05-22 00:00:00-04:00,26.172370853702866,26.529660707190835,26.02710131853267,26.3372745513916,4400946,0.0,0.0
2023-05-23 00:00:00-04:00,26.258748267834537,26.71419099836297,26.250894603473785,26.458986282348633,6058172,0.0,0.0
2023-05-24 00:00:00-04:00,26.30586093754913,26.392238715675898,25.901458081989023,26.019245147705078,11344613,0.0,0.0
2023-05-25 00:00:00-04:00,26.031021843257367,26.27052278831242,25.854341258332695,26.121326446533203,6216868,0.0,0.0
2023-05-26 00:00:00-04:00,26.266598175171737,26.69063337571936,26.160588032681176,26.54143524169922,11569034,0.0,0.0
2023-05-30 00:00:00-04:00,26.703271826882617,27.208521802339177,26.576960232712157,27.125629425048828,10986830,0.150628,0.0
2023-05-31 00:00:00-04:00,26.95984716819597,27.08221271723326,26.45854320276537,26.521699905395508,15168135,0.0,0.0
2023-06-01 00:00:00-04:00,26.576959278940773,26.888793096399905,26.48222513686583,26.620378494262695,10773403,0.0,0.0
2023-06-02 00:00:00-04:00,28.22297207634444,28.93347998360487,28.065081230354632,28.566383361816406,19739727,0.0,0.0
2023-06-05 00:00:00-04:00,28.562440297602485,28.637438772197665,28.2348150034472,28.2506046295166,9826963,0.0,0.0
2023-06-06 00:00:00-04:00,28.104551884059745,28.649275019089114,27.919031449252813,28.04139518737793,8198178,0.0,0.0
2023-06-07 00:00:00-04:00,27.958506367011484,28.388759730966235,27.903245375001855,28.037452697753906,8213952,0.0,0.0
2023-06-08 00:00:00-04:00,28.02561301294521,28.06903223851225,27.551940391416277,27.8045654296875,7341124,0.0,0.0
2023-06-09 00:00:00-04:00,27.73746282216884,27.78877596193676,27.449310671195917,27.500625610351562,6735020,0.0,0.0
2023-06-12 00:00:00-04:00,27.472990059734293,27.78087602918844,27.366412347843596,27.520357131958008,7175258,0.0,0.0
2023-06-13 00:00:00-04:00,27.757193754222733,28.10850075543512,27.63088215568298,27.93482208251953,7827250,0.0,0.0
2023-06-14 00:00:00-04:00,27.919032446558433,27.997976970690193,27.5045687465513,27.607196807861328,10429960,0.0,0.0
2023-06-15 00:00:00-04:00,27.461149840055644,27.634828514872904,27.078263585475398,27.51641082763672,11738485,0.0,0.0
2023-06-16 00:00:00-04:00,27.599303155683348,27.634828461785958,27.042738227355013,27.397993087768555,18826747,0.0,0.0
2023-06-20 00:00:00-04:00,26.95590190244618,27.224316564878382,26.58880522005616,27.117740631103516,12539613,0.0,0.0
2023-06-21 00:00:00-04:00,26.896689815444912,27.184841926844822,26.628275185295326,27.007213592529297,10284887,0.0,0.0
2023-06-22 00:00:00-04:00,26.84142933107477,26.908532090179605,26.569066839678634,26.77827262878418,6358834,0.0,0.0
2023-06-23 00:00:00-04:00,26.50590823831842,26.82168992775904,26.29670426358923,26.754587173461914,8474462,0.0,0.0
2023-06-26 00:00:00-04:00,26.746693971032112,27.105896711119406,26.723012231458966,26.762483596801758,6088525,0.0,0.0
2023-06-27 00:00:00-04:00,26.82168970589975,27.319045772685406,26.762480864542812,27.315099716186523,7463731,0.0,0.0
2023-06-28 00:00:00-04:00,27.240106656679057,27.595359775323384,26.991429473628028,27.500625610351562,7902535,0.0,0.0
2023-06-29 00:00:00-04:00,27.39404406623685,28.009817811870935,27.39404406623685,27.970346450805664,8015821,0.0,0.0
2023-06-30 00:00:00-04:00,28.171659725877348,28.34139235587209,28.092713395960576,28.199289321899414,6690805,0.0,0.0
2023-07-03 00:00:00-04:00,28.12429121973655,28.451916513891835,28.12429121973655,28.2506046295166,2956908,0.0,0.0
2023-07-05 00:00:00-04:00,27.93877100198107,27.958506685197488,27.5322011727445,27.547990798950195,7964675,0.0,0.0
2023-07-06 00:00:00-04:00,27.330889861613798,27.492728574656017,26.845375521874665,27.461151123046875,8083697,0.0,0.0
2023-07-07 00:00:00-04:00,27.5440436386835,28.08876682739173,27.5440436386835,27.792720794677734,7322960,0.0,0.0
2023-07-10 00:00:00-04:00,27.832194901169206,28.183501936201715,27.575622024008368,27.7571964263916,6829186,0.0,0.0
2023-07-11 00:00:00-04:00,27.934825022328862,28.199290015834137,27.642725033958786,28.159818649291992,4891852,0.0,0.0
2023-07-12 00:00:00-04:00,28.420334926328774,28.84269254403073,28.274285845504156,28.66901206970215,9685236,0.0,0.0
2023-07-13 00:00:00-04:00,28.759799420497863,29.04005580618047,28.637435679683524,28.894006729125977,7965870,0.0,0.0
2023-07-14 00:00:00-04:00,28.854531785172377,28.854531785172377,28.49533089863575,28.661115646362305,4786214,0.0,0.0
2023-07-17 00:00:00-04:00,28.49927779938935,28.716377466314455,28.49927779938935,28.649272918701172,5808417,0.0,0.0
2023-07-18 00:00:00-04:00,28.850592537511634,29.466366402346743,28.55059861926391,29.42689323425293,6661408,0.0,0.0
2023-07-19 00:00:00-04:00,29.50583240533907,29.778193060455465,29.426886088322515,29.66766929626465,8193637,0.0,0.0
2023-07-20 00:00:00-04:00,29.825564608933878,29.865037773368673,29.52951857475422,29.770301818847656,5764680,0.0,0.0
2023-07-21 00:00:00-04:00,29.770300214790126,29.86503616420666,29.49399167740945,29.65583038330078,9146769,0.0,0.0
2023-07-24 00:00:00-04:00,29.604515514629743,29.947928608596385,29.505835307733097,29.797931671142578,6140388,0.0,0.0
2023-07-25 00:00:00-04:00,29.99924362830376,30.433443017725264,29.908455534474967,30.315025329589844,6119834,0.0,0.0
2023-07-26 00:00:00-04:00,30.200552222801505,30.476862563932258,30.08213633278292,30.247922897338867,5347386,0.0,0.0
2023-07-27 00:00:00-04:00,30.393969765482527,31.08079599407665,30.251868531726867,30.713699340820312,7860949,0.0,0.0
2023-07-28 00:00:00-04:00,31.023017804053755,31.05474022273329,30.384552607217927,30.65421485900879,7424057,0.150628,0.0
2023-07-31 00:00:00-04:00,30.733528407152576,30.800946690251504,30.475764741401797,30.78508186340332,5762290,0.0,0.0
2023-08-01 00:00:00-04:00,30.713700384787845,30.911981792465433,30.515418977110254,30.551111221313477,7759852,0.0,0.0
2023-08-02 00:00:00-04:00,30.535244042109515,30.82473733355597,30.007819949237383,30.289377212524414,10218923,0.0,0.0
2023-08-03 00:00:00-04:00,30.25369096745421,30.971465947197412,29.904717187024936,30.58680534362793,8322697,0.0,0.0
2023-08-04 00:00:00-04:00,30.654218963517856,31.193539923810587,30.527318425300702,30.54714584350586,6764178,0.0,0.0
2023-08-07 00:00:00-04:00,30.705771647649797,31.153884303623297,30.614559741396068,30.96353530883789,6636074,0.0,0.0
2023-08-08 00:00:00-04:00,30.654218436158995,31.102331095697135,30.499558068914133,30.76922035217285,7337539,0.0,0.0
2023-08-09 00:00:00-04:00,30.733525434509996,30.852493546849768,30.18230591141862,30.289377212524414,6461843,0.0,0.0
2023-08-10 00:00:00-04:00,30.47576534160976,30.709735387199135,30.162482006726197,30.19420623779297,4122033,0.0,0.0
2023-08-11 00:00:00-04:00,30.102995876799657,30.404384204221856,30.079204059517966,30.265586853027344,4415764,0.0,0.0
2023-08-14 00:00:00-04:00,30.138683103882375,30.479726211073753,30.03161000130973,30.412311553955078,4710451,0.0,0.0
2023-08-15 00:00:00-04:00,30.12678616946855,30.261615483151495,29.706429788600058,29.84126091003418,4310365,0.0,0.0
2023-08-16 00:00:00-04:00,29.754019162771886,30.003854008649455,29.62712044440263,29.646947860717773,3600057,0.0,0.0
2023-08-17 00:00:00-04:00,29.8135010248628,30.13868292120298,29.571598609519043,29.674705505371094,6927176,0.0,0.0
2023-08-18 00:00:00-04:00,29.472458400419498,30.051439532009933,29.42487115778894,29.900745391845703,8181209,0.0,0.0
2023-08-21 00:00:00-04:00,30.03954678020802,30.11092765379863,29.500222213854823,29.662813186645508,5172916,0.0,0.0
2023-08-22 00:00:00-04:00,29.765914631933438,29.821434287514478,29.254351767408497,29.301939010620117,5997466,0.0,0.0
2023-08-23 00:00:00-04:00,29.607292728812347,29.690570407345984,29.297973829364693,29.551773071289062,4468822,0.0,0.0
2023-08-24 00:00:00-04:00,29.484360698844974,29.85316187526278,29.44073784915482,29.444704055786133,4451136,0.0,0.0
2023-08-25 00:00:00-04:00,29.63901806113693,29.813504029604957,29.393149414941806,29.599361419677734,3827107,0.0,0.0
2023-08-28 00:00:00-04:00,29.678675854053193,30.05144323652827,29.650916023179608,29.936439514160156,3850529,0.0,0.0
2023-08-29 00:00:00-04:00,30.035581908021452,30.43214474481278,29.960236632162506,30.420246124267578,4028345,0.0,0.0
2023-08-30 00:00:00-04:00,30.336967232657987,30.678010370742065,30.317138008134812,30.531282424926758,3982935,0.0,0.0
2023-08-31 00:00:00-04:00,30.614553413078458,30.76921374712328,30.483690313965564,30.491619110107422,5852393,0.0,0.0
2023-09-01 00:00:00-04:00,30.662145077643252,30.963533377590633,30.638351454779123,30.919912338256836,4661934,0.0,0.0
2023-09-05 00:00:00-04:00,30.816808316555818,30.816808316555818,29.86109349069789,29.896785736083984,3954494,0.0,0.0
2023-09-06 00:00:00-04:00,29.785744887511814,30.210065692690346,29.765915663652187,30.122821807861328,3726727,0.0,0.0
2023-09-07 00:00:00-04:00,30.146613615031743,30.285410942686394,29.694533008322264,29.964195251464844,6153294,0.0,0.0
2023-09-08 00:00:00-04:00,29.888849659635667,30.051440616324133,29.746087926592878,29.904712677001953,3736526,0.0,0.0
2023-09-11 00:00:00-04:00,30.126787841012266,30.30524000821544,29.865056188029673,29.912643432617188,4492005,0.0,0.0
2023-09-12 00:00:00-04:00,29.74609158259115,30.13075579092917,29.71040114494385,29.817472457885742,5021151,0.0,0.0
2023-09-13 00:00:00-04:00,29.82143599464076,29.936437903068384,29.337631122459737,29.416942596435547,5141368,0.0,0.0
2023-09-14 00:00:00-04:00,29.734192718060186,29.980061365608282,29.43677061710658,29.809539794921875,3871800,0.0,0.0
2023-09-15 00:00:00-04:00,29.785747222511944,29.94833638594931,29.45660088125267,29.567638397216797,8719198,0.0,0.0
2023-09-18 00:00:00-04:00,29.56367043080946,29.980060638951496,29.40504567569589,29.65488052368164,3915298,0.0,0.0
2023-09-19 00:00:00-04:00,29.642983691528016,29.837298880825006,29.34159539159691,29.531946182250977,7786859,0.0,0.0
2023-09-20 00:00:00-04:00,29.77781146932785,29.88488457440084,29.32176645222548,29.34556007385254,3715255,0.0,0.0
2023-09-21 00:00:00-04:00,29.135384653760042,29.234525355902978,28.86968858435776,28.893482208251953,4873210,0.0,0.0
2023-09-22 00:00:00-04:00,29.008483862568326,29.13934878466458,28.845892905705465,28.885549545288086,4626084,0.0,0.0
2023-09-25 00:00:00-04:00,28.71106464905463,29.19883576067963,28.71106464905463,29.091764450073242,4279534,0.0,0.0
2023-09-26 00:00:00-04:00,28.830033147437913,29.16711191036865,28.695203811567385,28.861759185791016,6017064,0.0,0.0
2023-09-27 00:00:00-04:00,29.004516780463742,29.34952609968723,28.88158246689563,29.1353816986084,4824454,0.0,0.0
2023-09-28 00:00:00-04:00,29.13142247841413,29.68660828348769,29.13142247841413,29.559709548950195,5073731,0.0,0.0
2023-09-29 00:00:00-04:00,29.785744618409606,29.924540145416607,29.5319453788599,29.579532623291016,5535240,0.0,0.0
2023-10-02 00:00:00-04:00,29.313835351059,29.48435872401541,28.822099879520678,29.075899124145508,6836595,0.0,0.0
2023-10-03 00:00:00-04:00,28.889517018414974,29.539877258883024,28.873654000336057,29.1433162689209,7349011,0.0,0.0
2023-10-04 00:00:00-04:00,29.32573537696175,29.32573537696175,28.897448340220492,29.21866226196289,6557204,0.0,0.0
2023-10-05 00:00:00-04:00,29.04814327019385,29.369357200493635,28.949002565665662,29.206768035888672,7408283,0.0,0.0
2023-10-06 00:00:00-04:00,29.087797039207253,30.0593730155553,29.087797039207253,29.86109161376953,6676226,0.0,0.0
2023-10-09 00:00:00-04:00,29.690574520895264,29.960236817723175,29.555741564729775,29.849199295043945,3853636,0.0,0.0
2023-10-10 00:00:00-04:00,29.920577530817052,30.48765829151479,29.90867891124858,30.229894638061523,6404961,0.0,0.0
2023-10-11 00:00:00-04:00,30.273518308662187,30.463865495153374,30.071270694527986,30.30524253845215,5731698,0.0,0.0
2023-10-12 00:00:00-04:00,30.53921613634114,30.53921613634114,29.825405516929873,30.08713722229004,4648072,0.0,0.0
2023-10-13 00:00:00-04:00,30.154551213057132,30.344898406023542,29.757988384559525,29.896785736083984,5841638,0.0,0.0
2023-10-16 00:00:00-04:00,30.178342071819056,30.329036231101778,29.837300725616057,29.857128143310547,5627494,0.0,0.0
2023-10-17 00:00:00-04:00,29.543846436447417,30.158516303866318,29.543846436447417,30.007823944091797,4669343,0.0,0.0
2023-10-18 00:00:00-04:00,29.74608932427367,29.74608932427367,29.389183167145465,29.43280601501465,4654286,0.0,0.0
2023-10-19 00:00:00-04:00,29.34556373855023,29.857128475167837,29.30194269603693,29.33763313293457,6939604,0.0,0.0
2023-10-20 00:00:00-04:00,29.353493903288864,29.42091037713947,28.925206859198436,28.952966690063477,6304581,0.0,0.0
2023-10-23 00:00:00-04:00,28.822099789987774,28.980724543354455,28.61192339278418,28.663475036621094,6023995,0.0,0.0
2023-10-24 00:00:00-04:00,28.830031392406077,29.079866246284265,28.655545423091766,28.869688034057617,3813245,0.0,0.0
2023-10-25 00:00:00-04:00,28.76261746743005,28.80227230234888,28.37795327600782,28.409677505493164,5405941,0.0,0.0
2023-10-26 00:00:00-04:00,28.58812931574669,28.941069273114003,28.57623250387479,28.63968276977539,3837862,0.0,0.0
2023-10-27 00:00:00-04:00,28.746756372620112,28.814172850446347,28.45330225892557,28.611927032470703,5904495,0.0,0.0
2023-10-30 00:00:00-04:00,28.639684168325893,28.996590349662963,28.603993730967336,28.905380249023438,5311058,0.0,0.0
2023-10-31 00:00:00-04:00,28.913306059247056,29.040206576197708,28.857788212925627,28.901411056518555,6934346,0.0,0.0
2023-11-01 00:00:00-04:00,27.711730265420297,28.389850365271872,26.395144901023222,26.537906646728516,25684374,0.0,0.0
2023-11-02 00:00:00-04:00,26.744119286004086,27.196199965741332,26.704462642018,27.017745971679688,14559402,0.0,0.0
2023-11-03 00:00:00-04:00,27.24775617248537,27.85052926781017,27.24775617248537,27.628454208374023,7175019,0.0,0.0
2023-11-06 00:00:00-05:00,27.564999855618773,27.810868505928102,27.34292663678422,27.57689666748047,7762481,0.0,0.0
2023-11-07 00:00:00-05:00,27.402414857847756,27.418276070904692,26.96223094436043,27.13671875,8516765,0.0,0.0
2023-11-08 00:00:00-05:00,27.041540190337965,27.307234450638063,27.033607777245965,27.128782272338867,5643746,0.0,0.0
2023-11-09 00:00:00-05:00,27.243786365241252,27.291373613438935,26.871017177357523,26.89877700805664,4749169,0.0,0.0
2023-11-10 00:00:00-05:00,26.966193276975268,27.37068488358765,26.78377489101726,27.259647369384766,7729021,0.0,0.0
2023-11-13 00:00:00-05:00,27.271545013398672,27.315166053104594,26.926535671174268,27.176368713378906,5466169,0.0,0.0
2023-11-14 00:00:00-05:00,27.549140702167747,28.07260227092263,27.549140702167747,27.910011291503906,7039506,0.0,0.0
2023-11-15 00:00:00-05:00,27.99725493438659,28.45726622839697,27.945701477018655,28.104326248168945,6471403,0.0,0.0
2023-11-16 00:00:00-05:00,27.95759569819329,28.143980284150036,27.81483395971647,27.9932861328125,6282115,0.0,0.0
2023-11-17 00:00:00-05:00,28.163806913599185,28.247084592049656,28.005182161585953,28.243120193481445,4782629,0.0,0.0
2023-11-20 00:00:00-05:00,28.207429202353158,28.38984939261755,28.04087383806994,28.29863929748535,4727420,0.0,0.0
2023-11-21 00:00:00-05:00,28.2391571433993,28.27088137424719,28.072601767882777,28.096393585205078,5249157,0.0,0.0
2023-11-22 00:00:00-05:00,28.100358333785625,28.373984990332236,28.025011260558596,28.278810501098633,4219306,0.0,0.0
2023-11-24 00:00:00-05:00,28.219329316079566,28.449333149958214,28.167775859916407,28.362091064453125,1734901,0.0,0.0
2023-11-27 00:00:00-05:00,28.128116479977557,28.27087821446408,27.9496643118694,28.243120193481445,6754379,0.0,0.0
2023-11-28 00:00:00-05:00,28.314500683814707,28.56829992210716,28.155875933913016,28.270877838134766,5886092,0.0,0.0
2023-11-29 00:00:00-05:00,28.43828384258211,28.685400406475818,28.406398596274755,28.47415542602539,4745823,0.150628,0.0
2023-11-30 00:00:00-05:00,28.53393743307361,28.64155216159577,28.386464792049292,28.514007568359375,10396978,0.0,0.0
2023-12-01 00:00:00-05:00,28.533940620792194,28.98432944991103,28.40639601330693,28.86077117919922,10586027,0.0,0.0
2023-12-04 00:00:00-05:00,28.601696014404297,28.761125857326725,28.2589219429674,28.601696014404297,10648167,0.0,0.0
2023-12-05 00:00:00-05:00,28.3824828071197,28.506041082971056,28.07558028596095,28.250953674316406,7486914,0.0,0.0
2023-12-06 00:00:00-05:00,28.374514054866108,28.541914781760088,28.103483095277085,28.15131187438965,6424081,0.0,0.0
2023-12-07 00:00:00-05:00,28.266895493374054,28.47814046418897,28.111451972210087,28.18718147277832,6959680,0.0,0.0
2023-12-08 00:00:00-05:00,28.235008259170666,28.470167601288374,28.18319315012454,28.25493812561035,5554360,0.0,0.0
2023-12-11 00:00:00-05:00,28.175223815938114,28.557854015593772,28.10348065350268,28.450241088867188,6796682,0.0,0.0
2023-12-12 00:00:00-05:00,28.426325220286813,28.426325220286813,28.171237811860617,28.262910842895508,5661432,0.0,0.0
2023-12-13 00:00:00-05:00,28.147322671404797,28.71728525934476,28.083552183698494,28.653512954711914,8971343,0.0,0.0
2023-12-14 00:00:00-05:00,28.86475681582588,29.394861499364428,28.860772295824784,29.26333236694336,11818550,0.0,0.0
2023-12-15 00:00:00-05:00,29.355003610200484,29.434717625413786,29.024184905439526,29.18760108947754,20508351,0.0,0.0
2023-12-18 00:00:00-05:00,29.351015161798315,29.45066085943547,29.10788496498891,29.331087112426758,9033005,0.0,0.0
2023-12-19 00:00:00-05:00,29.43870329642995,29.61806118929909,29.295215165208198,29.54233169555664,7726870,0.0,0.0
2023-12-20 00:00:00-05:00,29.474577463918322,29.598135739945345,29.18760299319471,29.20354652404785,8903467,0.0,0.0
2023-12-21 00:00:00-05:00,29.40283152516648,29.649946236969036,29.374930803038648,29.637989044189453,4839989,0.0,0.0
2023-12-22 00:00:00-05:00,29.78147828708747,30.367382607847624,29.7535793791417,30.104324340820312,7544991,0.0,0.0
2023-12-26 00:00:00-05:00,30.140196958730396,30.63443008179388,30.124253427265767,30.49492645263672,6021605,0.0,0.0
2023-12-27 00:00:00-05:00,30.41122205510105,30.670293944203856,30.41122205510105,30.662324905395508,4822781,0.0,0.0
2023-12-28 00:00:00-05:00,30.638418017824822,30.853647527659533,30.614503627843188,30.706174850463867,4441337,0.0,0.0
2023-12-29 00:00:00-05:00,30.63043784860423,30.73805076026427,30.506879591622248,30.662324905395508,4118209,0.0,0.0
2024-01-02 00:00:00-05:00,30.486956682992187,30.9851761312352,30.486956682992187,30.89350128173828,6142300,0.0,0.0
2024-01-03 00:00:00-05:00,30.66631489174791,30.905458761514723,30.419196531444655,30.698198318481445,6899691,0.0,0.0
2024-01-04 00:00:00-05:00,30.626455601391772,30.825743373703226,30.463039410065196,30.514856338500977,6553141,0.0,0.0
2024-01-05 00:00:00-05:00,30.423183230962643,30.750013795849355,30.419196894110158,30.56667137145996,5181042,0.0,0.0
2024-01-08 00:00:00-05:00,30.287665830544622,30.590583805757195,30.287665830544622,30.558696746826172,5049592,0.0,0.0
2024-01-09 00:00:00-05:00,30.259763410622313,30.486951879286345,30.255777074247963,30.415206909179688,5351688,0.0,0.0
2024-01-10 00:00:00-05:00,30.251798417841208,30.463041581948456,30.195998782417536,30.363399505615234,5370330,0.0,0.0
2024-01-11 00:00:00-05:00,30.355425178417146,30.355425178417146,30.024606473130135,30.195995330810547,6678855,0.0,0.0
2024-01-12 00:00:00-05:00,30.423184057592362,30.423184057592362,29.97279520730666,30.104324340820312,4283597,0.0,0.0
2024-01-16 00:00:00-05:00,29.602121798771208,29.685822160479667,29.171660978772437,29.382905960083008,10440715,0.0,0.0
2024-01-17 00:00:00-05:00,29.03215770115237,29.28724509460696,28.98432892843754,29.12781524658203,7958700,0.0,0.0
2024-01-18 00:00:00-05:00,29.239414170619607,29.311157324413394,29.040126421019306,29.231441497802734,5783561,0.0,0.0
2024-01-19 00:00:00-05:00,29.227462435634934,29.438707416977593,29.040131843355468,29.366962432861328,8258167,0.0,0.0
2024-01-22 00:00:00-05:00,29.355004618463646,29.753578342073016,29.339061088102778,29.649948120117188,4855763,0.0,0.0
2024-01-23 00:00:00-05:00,29.76154894925787,29.80937772301292,29.530375937132963,29.769519805908203,4733873,0.0,0.0
2024-01-24 00:00:00-05:00,25.68811815234556,26.505195413692704,25.476873202255106,25.58847427368164,49556650,0.0,0.0
2024-01-25 00:00:00-05:00,25.743917852689343,25.919291224989884,25.31744343166098,25.552602767944336,16726654,0.0,0.0
2024-01-26 00:00:00-05:00,25.755876469532698,26.030893735985824,25.64427539161886,25.77580451965332,10983006,0.0,0.0
2024-01-29 00:00:00-05:00,25.6203619173259,25.628334591199362,25.22975903917707,25.313459396362305,11685905,0.0,0.0
2024-01-30 00:00:00-05:00,25.23773212754195,25.464918815061647,25.06235873641777,25.09025764465332,9742118,0.0,0.0
2024-01-31 00:00:00-05:00,25.11815739090945,25.17395883905909,24.60001172866113,24.63189697265625,10196218,0.0,0.0
2024-02-01 00:00:00-05:00,24.791328637442465,24.843143752530253,24.42862464875463,24.69567108154297,8708443,0.0,0.0
2024-02-02 00:00:00-05:00,24.43659513780269,24.946771751855568,24.36883831407522,24.855098724365234,10693338,0.0,0.0
2024-02-05 00:00:00-05:00,24.472467642942846,24.72755505114652,24.39275362278458,24.396739959716797,17112639,0.0,0.0
2024-02-06 00:00:00-05:00,25.680151769440954,26.313884958015578,25.35730748577134,26.20228385925293,19532275,0.0,0.0
2024-02-07 00:00:00-05:00,26.34576582003146,26.704481606297662,26.202277688598542,26.497224807739258,9758131,0.0,0.0
2024-02-08 00:00:00-05:00,26.505197026799873,26.76426894678148,26.2780085335571,26.744340896606445,7131521,0.0,0.0
2024-02-09 00:00:00-05:00,26.696511675838295,26.995441508093467,26.533095489587804,26.975513458251953,7859754,0.0,0.0
2024-02-12 00:00:00-05:00,26.991458350381446,27.46974792305268,26.991458350381446,27.290390014648438,7031619,0.0,0.0
2024-02-13 00:00:00-05:00,26.875868349025044,27.051241720564626,26.345765531702092,26.640710830688477,8470399,0.0,0.0
2024-02-14 00:00:00-05:00,26.875869599822142,26.991457013017737,26.545054524132073,26.96355628967285,7156855,0.0,0.0
2024-02-15 00:00:00-05:00,27.023345441365834,27.497650526428266,26.999431051944764,27.282419204711914,5806983,0.0,0.0
2024-02-16 00:00:00-05:00,27.31829078884352,27.573378214977183,27.250533957792722,27.282419204711914,6594249,0.0,0.0
2024-02-20 00:00:00-05:00,27.134941218446567,27.314299103989597,26.983484054074573,27.09109878540039,6635357,0.0,0.0
2024-02-21 00:00:00-05:00,27.122986962940296,27.581348475972113,27.011387700024958,27.52554702758789,9135297,0.0,0.0
2024-02-22 00:00:00-05:00,27.545476265402016,27.95999169731318,27.545476265402016,27.87230682373047,5515881,0.0,0.0
2024-02-23 00:00:00-05:00,28.003837841640422,28.115438926466037,27.876293225574965,27.884265899658203,4694677,0.0,0.0
2024-02-26 00:00:00-05:00,27.772662896234014,28.051664680560656,27.724834122745246,27.864334106445312,5427690,0.0,0.0
2024-02-27 00:00:00-05:00,27.952019193830612,28.01977783033823,27.613231462071735,27.74077606201172,7006763,0.0,0.0
2024-02-28 00:00:00-05:00,27.57245914160368,27.945167061407272,27.552419863465122,27.90509033203125,5633708,0.158996,0.0
2024-02-29 00:00:00-05:00,27.352034221162484,27.941156762649584,27.336004993172963,27.72875213623047,15717835,0.0,0.0
2024-03-01 00:00:00-05:00,27.62455567388752,28.04535674670738,27.596501781859256,27.877037048339844,5106474,0.0,0.0
2024-03-04 00:00:00-05:00,27.78485919433988,27.973218159373996,27.764821745104705,27.909095764160156,5299108,0.0,0.0
2024-03-05 00:00:00-05:00,27.704710344317398,27.961198123951615,27.57646554104974,27.652610778808594,5258478,0.0,0.0
2024-03-06 00:00:00-05:00,27.856997238500785,28.289821138643518,27.744785326335062,28.165584564208984,6185559,0.0,0.0
2024-03-07 00:00:00-05:00,28.40203816421269,28.762725093884853,28.382000711914703,28.530282974243164,5777108,0.0,0.0
2024-03-08 00:00:00-05:00,28.706613471164083,29.063292131988238,28.57035406378961,28.614439010620117,5251547,0.0,0.0
2024-03-11 00:00:00-04:00,28.626462482612517,29.15146084726648,28.586385755575293,28.91501235961914,5017566,0.0,0.0
2024-03-12 00:00:00-04:00,28.971118716195676,29.01520183771495,28.598408986092473,28.870927810668945,5385387,0.0,0.0
2024-03-13 00:00:00-04:00,29.011195806030475,29.644399706128368,29.011195806030475,29.568254470825195,7419994,0.0,0.0
2024-03-14 00:00:00-04:00,29.448023400980723,29.612336692189384,29.375886393201565,29.58027458190918,6365526,0.0,0.0
2024-03-15 00:00:00-04:00,29.492110454584562,29.752606457594165,29.347836419773504,29.427988052368164,12765229,0.0,0.0
2024-03-18 00:00:00-04:00,29.580279895931486,29.800699179376966,29.39993734408551,29.46405792236328,5996749,0.0,0.0
2024-03-19 00:00:00-04:00,29.423982069935132,29.724552979997206,29.399936397130165,29.54421043395996,4247030,0.0,0.0
2024-03-20 00:00:00-04:00,29.488103319622002,29.876842290397143,29.448026590880946,29.860811233520508,4240099,0.0,0.0
2024-03-21 00:00:00-04:00,29.888866685969614,30.229514330791357,29.888866685969614,30.08123207092285,4313711,0.0,0.0
2024-03-22 00:00:00-04:00,30.249551022562073,30.46195384131511,30.193443238815227,30.353748321533203,4876795,0.0,0.0
2024-03-25 00:00:00-04:00,30.281614165460883,30.54611657210619,30.277607771173106,30.43390464782715,3700437,0.0,0.0
2024-03-26 00:00:00-04:00,30.457948477299347,30.530085492926503,30.23352098852527,30.273597717285156,3608183,0.0,0.0
2024-03-27 00:00:00-04:00,30.506044236864373,30.67035574283252,30.38982225470765,30.658334732055664,3476255,0.0,0.0
2024-03-28 00:00:00-04:00,30.630273086095034,30.878748061572054,30.630273086095034,30.726457595825195,4694438,0.0,0.0
2024-04-01 00:00:00-04:00,30.76652823305125,30.96691001244992,30.646299896172344,30.93885612487793,3724815,0.0,0.0
2024-04-02 00:00:00-04:00,30.84267840547258,30.854703067991096,30.65031303559263,30.790578842163086,4093592,0.0,0.0
2024-04-03 00:00:00-04:00,30.858709877789696,31.04306247319112,30.758522618530808,30.906801223754883,4806529,0.0,0.0
2024-04-04 00:00:00-04:00,31.139243731208634,31.23542641870995,30.341726511475468,30.357757568359375,5609569,0.0,0.0
2024-04-05 00:00:00-04:00,30.40985801910136,30.42187902848821,30.025125430985163,30.269590377807617,5309863,0.0,0.0
2024-04-08 00:00:00-04:00,30.313674047191412,30.614244941683108,30.313674047191412,30.570161819458008,3981262,0.0,0.0
2024-04-09 00:00:00-04:00,30.658330639535993,31.00699105876017,30.449932378397598,30.970924377441406,4706627,0.0,0.0
2024-04-10 00:00:00-04:00,30.558141357139682,30.802606312614284,30.325699238378565,30.534093856811523,4551755,0.0,0.0
2024-04-11 00:00:00-04:00,30.650315153132805,30.65833159536565,30.261576165676573,30.55413246154785,5344518,0.0,0.0
2024-04-12 00:00:00-04:00,30.3777945788383,30.457948035194626,29.39191839244198,29.576269149780273,7631509,0.0,0.0
2024-04-15 00:00:00-04:00,29.89688153438869,30.105277978679304,29.251654749395104,29.431997299194336,4334504,0.0,0.0
2024-04-16 00:00:00-04:00,29.291732326776014,29.387915022780984,29.007190633160498,29.083335876464844,5530938,0.0,0.0
2024-04-17 00:00:00-04:00,29.2436376308918,29.484094343376157,29.08333254693522,29.291728973388672,5214502,0.0,0.0
2024-04-18 00:00:00-04:00,29.51615652400038,29.572262481408394,29.251652312759948,29.468063354492188,4517339,0.0,0.0
2024-04-19 00:00:00-04:00,29.516154434022923,29.82073169770113,29.472069488487236,29.612337112426758,5597141,0.0,0.0
2024-04-22 00:00:00-04:00,29.54821478242134,29.80069431378308,29.363864039444213,29.620351791381836,3572811,0.0,0.0
2024-04-23 00:00:00-04:00,29.39191839244198,29.616345877958434,29.383903777566765,29.576269149780273,3679166,0.0,0.0
2024-04-24 00:00:00-04:00,29.4319958693007,29.644400524456888,29.303752893529843,29.640392303466797,3737243,0.0,0.0
2024-04-25 00:00:00-04:00,29.47607870532298,29.592298836688794,29.17550599825098,29.456039428710938,3528118,0.0,0.0
2024-04-26 00:00:00-04:00,29.55222211499388,29.71252902031149,29.415962706994684,29.540199279785156,5126072,0.0,0.0
2024-04-29 00:00:00-04:00,29.696501729422494,29.724553797198748,29.46405778338251,29.616348266601562,5349537,0.0,0.0
2024-04-30 00:00:00-04:00,29.45203418225913,29.60833104603686,29.02321666500826,29.055278778076172,7957266,0.0,0.0
2024-05-01 00:00:00-04:00,30.826648401262958,31.736379318294293,30.73447393947877,31.38370704650879,16109317,0.0,0.0
2024-05-02 00:00:00-04:00,31.648210650019113,31.66023531270149,30.922832282245004,31.15928077697754,7665686,0.0,0.0
2024-05-03 00:00:00-04:00,31.411761896672466,31.411761896672466,30.91481558593402,31.127222061157227,5715446,0.0,0.0
2024-05-06 00:00:00-04:00,31.33962123305465,31.544011242754227,31.255459566177873,31.471874237060547,4853851,0.0,0.0
2024-05-07 00:00:00-04:00,31.61214534568854,31.91271808020718,31.568062221538344,31.776456832885742,4527377,0.0,0.0
2024-05-08 00:00:00-04:00,31.648209907083775,31.788479366074938,31.279508400510725,31.339624404907227,5738390,0.0,0.0
2024-05-09 00:00:00-04:00,31.439818029721618,31.61615418356483,31.251460866240308,31.5800838470459,6256303,0.0,0.0
2024-05-10 00:00:00-04:00,31.676260669394683,31.81252189412375,31.415766534950304,31.564048767089844,4537176,0.0,0.0
2024-05-13 00:00:00-04:00,31.65222025489603,31.74039015701573,31.523975449686986,31.608137130737305,2979613,0.0,0.0
2024-05-14 00:00:00-04:00,31.708321867236908,31.720342874301785,31.311566519469856,31.399736404418945,4350039,0.0,0.0
2024-05-15 00:00:00-04:00,31.636192731956175,31.66825484843952,31.29954964338714,31.347640991210938,2768576,0.0,0.0
2024-05-16 00:00:00-04:00,31.40374681398812,31.40374681398812,31.019016055503243,31.08714485168457,3910518,0.0,0.0
2024-05-17 00:00:00-04:00,31.87263857337617,32.028937267580005,31.648211084443286,32.02492904663086,6627231,0.0,0.0
2024-05-20 00:00:00-04:00,31.98886605016647,32.22531457537877,31.9447792684501,32.00890350341797,4201381,0.0,0.0
2024-05-21 00:00:00-04:00,32.00890099317525,32.012905560469456,31.784473495993172,31.868635177612305,3187543,0.0,0.0
2024-05-22 00:00:00-04:00,31.596112699230844,31.756415948028394,31.3436313372278,31.479888916015625,4713797,0.0,0.0
2024-05-23 00:00:00-04:00,32.06099309820639,32.24534567013311,30.982942518592708,31.632179260253906,26359549,0.0,0.0
2024-05-24 00:00:00-04:00,32.06099834847852,32.57798216333553,32.016915222038506,32.50985336303711,16313184,0.0,0.0
2024-05-28 00:00:00-04:00,32.95069347401484,33.11500863122373,32.42168862442251,32.89859390258789,12231303,0.0,0.0
2024-05-29 00:00:00-04:00,32.74629766503954,32.84648855767359,32.52587843200496,32.56996154785156,6962070,0.0,0.0
2024-05-30 00:00:00-04:00,32.51786358241169,32.84649016478659,32.39362701561889,32.790382385253906,5734566,0.0,0.0
2024-05-31 00:00:00-04:00,32.81857066025317,33.100414921113675,32.387752257524426,33.08028030395508,9165172,0.158996,0.0
2024-06-03 00:00:00-04:00,33.072225917594515,33.072225917594515,32.35956701558311,32.46424865722656,9386964,0.0,0.0
2024-06-04 00:00:00-04:00,32.32735745823338,32.52464732761658,32.19046042411099,32.34748840332031,4502760,0.0,0.0
2024-06-05 00:00:00-04:00,32.29917306194129,32.476331988405036,32.06162129947785,32.460227966308594,4620348,0.0,0.0
2024-06-06 00:00:00-04:00,32.33541060833717,32.47230765505291,32.06565078016568,32.311256408691406,3796276,0.0,0.0
2024-06-07 00:00:00-04:00,32.07370219270416,32.419966240121624,31.884466144993862,32.214622497558594,7016084,0.0,0.0
2024-06-10 00:00:00-04:00,32.109942038697476,32.23878157724105,31.956940956969284,32.16228103637695,4018785,0.0,0.0
2024-06-11 00:00:00-04:00,32.18241602805259,32.25488964589111,31.940837301924176,32.07370376586914,4069214,0.0,0.0
2024-06-12 00:00:00-04:00,32.613224361855465,32.70583258093404,32.34748781566404,32.423988342285156,4557013,0.0,0.0
2024-06-13 00:00:00-04:00,32.291117400684435,32.403856561575665,31.93277631550989,32.242801666259766,3534093,0.0,0.0
2024-06-14 00:00:00-04:00,32.166308332409805,32.311259238938185,31.916675758460006,32.07370376586914,4795774,0.0,0.0
2024-06-17 00:00:00-04:00,32.009277841240426,32.3998306518627,31.96096210530469,32.37969970703125,4396644,0.0,0.0
2024-06-18 00:00:00-04:00,32.411906986887466,32.50854212733311,32.17032831289972,32.50048828125,3661719,0.0,0.0
2024-06-20 00:00:00-04:00,32.383731220707396,32.59309821582408,32.146175759639966,32.15825653076172,4409311,0.0,0.0
2024-06-21 00:00:00-04:00,32.06966964793083,32.14214324951172,31.816013877822986,32.14214324951172,16469968,0.0,0.0
2024-06-24 00:00:00-04:00,32.25488253365313,33.13664652501755,32.210590051253355,32.64543533325195,6945579,0.0,0.0
2024-06-25 00:00:00-04:00,32.609199258199105,32.8145429816842,32.295146958813696,32.39580535888672,4320642,0.0,0.0
2024-06-26 00:00:00-04:00,32.21059073946268,32.28306801371976,31.868353667123653,32.22267150878906,4355058,0.0,0.0
2024-06-27 00:00:00-04:00,32.371646430067415,32.371646430067415,32.04551337134032,32.20254135131836,5785473,0.0,0.0
2024-06-28 00:00:00-04:00,32.254889095092494,32.46828302105337,32.21865045136639,32.40788650512695,8689084,0.0,0.0
2024-07-01 00:00:00-04:00,32.39983668784624,32.544783922656634,31.775755256703178,31.916675567626953,3752778,0.0,0.0
2024-07-02 00:00:00-04:00,31.888489709533108,32.13812224494222,31.73951557294544,31.952909469604492,4207117,0.0,0.0
2024-07-03 00:00:00-04:00,32.00122477612048,32.081752228262594,31.80393490442527,31.884462356567383,2023374,0.0,0.0
2024-07-05 00:00:00-04:00,31.775747400554717,31.840170825110118,31.546249504271014,31.803932189941406,3560383,0.0,0.0
2024-07-08 00:00:00-04:00,31.872378038036263,32.04551002189655,31.848220172168556,31.997194290161133,3585717,0.0,0.0
2024-07-09 00:00:00-04:00,31.964983219460482,31.964983219460482,31.590538126430406,31.618722915649414,2778853,0.0,0.0
2024-07-10 00:00:00-04:00,31.763677517123305,32.049545057108645,31.526122050251892,32.03746795654297,5477402,0.0,0.0
2024-07-11 00:00:00-04:00,32.202546202137384,32.59309907845897,32.16630755866416,32.49646759033203,5437250,0.0,0.0
2024-07-12 00:00:00-04:00,32.59712642344473,32.82260112227125,32.37567864848406,32.56491470336914,4137568,0.0,0.0
2024-07-15 00:00:00-04:00,32.6172516769512,32.63738262191434,32.246829808737125,32.29111862182617,4593102,0.0,0.0
2024-07-16 00:00:00-04:00,32.238773772058416,33.209119025181195,32.238773772058416,33.10041046142578,4672450,0.0,0.0
2024-07-17 00:00:00-04:00,33.08430618905974,33.245361096168544,32.87493921483922,32.987674713134766,4942520,0.0,0.0
2024-07-18 00:00:00-04:00,32.69778074080397,33.17288428043583,32.23877755291616,32.35151672363281,4913601,0.0,0.0
2024-07-19 00:00:00-04:00,32.508542590819715,32.508542590819715,31.92875009413227,32.06564712524414,3099591,0.0,0.0
2024-07-22 00:00:00-04:00,32.19046143985753,32.39177823878065,31.88043606569445,32.33943557739258,2378050,0.0,0.0
2024-07-23 00:00:00-04:00,32.29514670966887,32.43204374788643,32.0616218663136,32.2830696105957,3090509,0.0,0.0
2024-07-24 00:00:00-04:00,32.2105951418418,32.50049326594011,31.98915104909833,32.04551696777344,3779068,0.0,0.0
2024-07-25 00:00:00-04:00,31.932778919229214,32.44009417205346,31.787831704136575,31.820039749145508,5456131,0.0,0.0
2024-07-26 00:00:00-04:00,32.049541096389646,32.395805108965355,31.997198435087416,32.2830696105957,7180277,0.0,0.0
2024-07-29 00:00:00-04:00,32.46827978541882,32.66154274376164,32.178385347904594,32.57699203491211,3731507,0.0,0.0
2024-07-30 00:00:00-04:00,32.42398712056941,32.790382047412,32.35554044275605,32.37567138671875,7767978,0.0,0.0
2024-07-31 00:00:00-04:00,33.74059820255927,34.272071303715194,33.33796461808616,33.70033264160156,13150258,0.0,0.0
2024-08-01 00:00:00-04:00,33.84930115270742,33.97411739633135,32.73803572762824,33.28158950805664,7052412,0.0,0.0
2024-08-02 00:00:00-04:00,32.79440715723106,32.842722888410435,31.578456361416528,31.856273651123047,7693888,0.0,0.0
2024-08-05 00:00:00-04:00,31.308696335950074,31.69522222759183,30.85774701513425,31.34090805053711,8027293,0.0,0.0
2024-08-06 00:00:00-04:00,31.473774644773307,31.9649858580948,31.3771431713888,31.425458908081055,5061064,0.0,0.0
2024-08-07 00:00:00-04:00,31.747567495413794,32.13812401317168,31.0671202059596,31.091278076171875,4263760,0.0,0.0
2024-08-08 00:00:00-04:00,31.33285416714474,31.67106432193154,31.1879069579504,31.61469841003418,4208790,0.0,0.0
2024-08-09 00:00:00-04:00,31.505983758773382,31.695219766721948,31.2805091158717,31.618722915649414,2351043,0.0,0.0
2024-08-12 00:00:00-04:00,31.66301473756985,31.747565442419752,31.413382204568823,31.538198471069336,2556344,0.0,0.0
2024-08-13 00:00:00-04:00,31.5663833005586,31.76367317324427,31.425459340889734,31.73951530456543,2716474,0.0,0.0
2024-08-14 00:00:00-04:00,31.79587397950148,31.868347569039965,31.542218251541726,31.70729637145996,2693052,0.0,0.0
2024-08-15 00:00:00-04:00,32.07772810994795,32.448150017171,32.02941236860803,32.323333740234375,3910996,0.0,0.0
2024-08-16 00:00:00-04:00,32.2830696105957,32.375674163276216,31.96096346701712,32.2830696105957,3056093,0.0,0.0
2024-08-19 00:00:00-04:00,32.31527587938189,32.411907350059735,32.15019772878234,32.26696014404297,2763557,0.0,0.0
2024-08-20 00:00:00-04:00,32.16227418701444,32.323329082172165,31.884460549770694,31.91264533996582,4544824,0.0,0.0
2024-08-21 00:00:00-04:00,32.06565123973958,32.41593853153774,32.02941259804953,32.335411071777344,2723166,0.0,0.0
2024-08-22 00:00:00-04:00,32.33943534485575,32.40385877572435,32.10591050279665,32.32735824584961,3807509,0.0,0.0
2024-08-23 00:00:00-04:00,32.47230991183074,32.79844302162849,32.311258654276415,32.65349578857422,3166750,0.0,0.0
2024-08-26 00:00:00-04:00,32.83870274151238,33.05612357668153,32.67362457106282,32.870914459228516,3726727,0.0,0.0
2024-08-27 00:00:00-04:00,32.93533269031888,33.30575457882884,32.70985801850619,33.21315002441406,5187017,0.0,0.0
2024-08-28 00:00:00-04:00,33.06417370966623,33.325883333014886,32.98767318296572,33.229251861572266,5142324,0.0,0.0
2024-08-29 00:00:00-04:00,33.37419933314196,33.78891368402779,33.16080544382401,33.58759689331055,3971941,0.0,0.0
2024-08-30 00:00:00-04:00,33.741302385011664,34.18622465996487,33.70085255878448,34.0770149230957,8496211,0.158996,0.0
2024-09-03 00:00:00-04:00,33.77365830266476,33.95162795271502,33.06582874155852,33.215484619140625,6278530,0.0,0.0
2024-09-04 00:00:00-04:00,33.28828890894295,33.51479539441631,33.025381636824406,33.04560470581055,5058913,0.0,0.0
2024-09-05 00:00:00-04:00,33.13458397123337,33.14672002385465,32.75033464060892,32.916168212890625,4011376,0.0,0.0
2024-09-06 00:00:00-04:00,32.786740390066456,33.04156065722706,31.787689766506496,32.01015090942383,7239549,0.0,0.0
2024-09-09 00:00:00-04:00,32.19620090830563,32.677527570180345,32.139573374520666,32.180023193359375,7169283,0.0,0.0
2024-09-10 00:00:00-04:00,32.11530618491895,32.32563492549731,31.921158847553613,32.15979766845703,5163117,0.0,0.0
2024-09-11 00:00:00-04:00,32.11935237930058,32.36608190829058,31.476237463562775,32.321590423583984,3830931,0.0,0.0
2024-09-12 00:00:00-04:00,32.31755079678563,32.69775853488709,32.127448771559706,32.523834228515625,3701871,0.0,0.0
2024-09-13 00:00:00-04:00,32.70988144304391,33.130538888109854,32.70988144304391,32.932342529296875,3692550,0.0,0.0
2024-09-16 00:00:00-04:00,33.10222423911219,33.405577575798475,32.924254637329874,33.16693878173828,3473626,0.0,0.0
2024-09-17 00:00:00-04:00,33.34491066857152,33.656354727296794,33.29232848573829,33.51478958129883,4003728,0.0,0.0
2024-09-18 00:00:00-04:00,33.59973074672282,33.8424186210727,33.361091911075235,33.5067024230957,4191104,0.0,0.0
2024-09-19 00:00:00-04:00,33.97589323500726,34.05274384242146,33.571417130227104,33.64422607421875,3579742,0.0,0.0
2024-09-20 00:00:00-04:00,33.40153240757645,33.83027685680138,33.06581995392237,33.70893478393555,8502903,0.0,0.0
2024-09-23 00:00:00-04:00,33.81410993803045,34.06083951290014,33.78175081238618,34.02039337158203,3341220,0.0,0.0
2024-09-24 00:00:00-04:00,34.311603176972135,35.30256650283828,34.24283959659284,35.23380661010742,7837288,0.0,0.0
2024-09-25 00:00:00-04:00,35.233810314317786,35.29852486351834,34.586650071716946,34.76057434082031,3338352,0.0,0.0
2024-09-26 00:00:00-04:00,35.23381514016967,36.164105811546506,35.16505154314279,36.07512283325195,7172390,0.0,0.0
2024-09-27 00:00:00-04:00,36.16005870843558,36.427011318035866,35.990179775053576,36.2166862487793,6169546,0.0,0.0
2024-09-30 00:00:00-04:00,36.25712934404665,36.358248362902145,35.62615050154314,36.04275894165039,5262780,0.0,0.0
2024-10-01 00:00:00-04:00,36.07916689608493,36.22477372461723,35.40773816859299,35.56143569946289,4980282,0.0,0.0
2024-10-02 00:00:00-04:00,35.49672074224974,35.84456931174341,35.2985280384138,35.614017486572266,3220764,0.0,0.0
2024-10-03 00:00:00-04:00,35.40773689182929,35.43200531031778,35.03561991245607,35.24594497680664,3186587,0.0,0.0
2024-10-04 00:00:00-04:00,35.5492990652515,35.6787318488662,35.189314481540194,35.40773391723633,2020267,0.0,0.0
2024-10-07 00:00:00-04:00,34.73226057315481,35.132691295933355,34.558336304051444,34.76057434082031,6490045,0.0,0.0
2024-10-08 00:00:00-04:00,34.65540831853973,34.65540831853973,34.07700800348956,34.17003631591797,6093544,0.0,0.0
2024-10-09 00:00:00-04:00,34.27925181612628,34.86978459489421,34.20644655659253,34.63923645019531,3294615,0.0,0.0
2024-10-10 00:00:00-04:00,34.578561698791106,34.934500962485906,34.441041889610744,34.91023254394531,2514280,0.0,0.0
2024-10-11 00:00:00-04:00,34.91023881367768,35.07202707045513,34.69586467169415,34.99922180175781,2365622,0.0,0.0
2024-10-14 00:00:00-04:00,34.81315751546067,35.14887373414762,34.81315751546067,35.1286506652832,2113716,0.0,0.0
2024-10-15 00:00:00-04:00,35.1610044721322,35.258078148305486,34.13768552119728,34.2630729675293,5670514,0.0,0.0
2024-10-16 00:00:00-04:00,34.356100246439595,34.687771088365004,34.22262210194118,34.49766540527344,2269783,0.0,0.0
2024-10-17 00:00:00-04:00,34.75248700922692,34.75248700922692,34.34396923296513,34.47744369506836,3384001,0.0,0.0
2024-10-18 00:00:00-04:00,34.56238513882372,34.614963641046806,34.299474189462295,34.416770935058594,4173179,0.0,0.0
2024-10-21 00:00:00-04:00,34.39654157155252,34.56642047592954,34.133634357958066,34.327781677246094,2866088,0.0,0.0
2024-10-22 00:00:00-04:00,34.2347574427377,34.40059101642608,33.90713195862006,34.33587646484375,2939939,0.0,0.0
2024-10-23 00:00:00-04:00,34.15790489102528,34.42485747160024,33.87881625841799,34.133636474609375,2046318,0.0,0.0
2024-10-24 00:00:00-04:00,34.28329435999327,34.295426725097435,33.79388065192963,34.06892395019531,3487727,0.0,0.0
2024-10-25 00:00:00-04:00,34.12959197389444,34.157905741692915,33.664446699730824,33.6927604675293,3177983,0.0,0.0
2024-10-28 00:00:00-04:00,33.971850522457956,33.98803192800137,33.75748008785231,33.93949508666992,2980569,0.0,0.0
2024-10-29 00:00:00-04:00,33.660399058572935,33.90712856276558,33.59568451347187,33.74938201904297,4401663,0.0,0.0
2024-10-30 00:00:00-04:00,33.733211923341194,34.12555200835786,33.62400587334088,33.68062973022461,3280753,0.0,0.0
2024-10-31 00:00:00-04:00,33.57546206956369,33.87072840995505,33.502653134461625,33.5673713684082,4451614,0.0,0.0
2024-11-01 00:00:00-04:00,33.48243780546788,33.74534877728121,33.32064955851696,33.36918640136719,4040056,0.0,0.0
2024-11-04 00:00:00-05:00,33.44603522047255,33.67254170415578,32.90403927521057,33.10627365112305,6407351,0.0,0.0
2024-11-05 00:00:00-05:00,34.3601461630539,35.51289789531093,34.093189869662545,34.6513671875,12488228,0.0,0.0
2024-11-06 00:00:00-05:00,35.48862938442952,35.48862938442952,34.081057415613614,34.109371185302734,8731626,0.0,0.0
2024-11-07 00:00:00-05:00,34.46934756938797,35.08010699358233,34.25497718093186,35.02347946166992,5424344,0.0,0.0
2024-11-08 00:00:00-05:00,34.6432744494413,34.86169389258874,33.9071312294706,34.04465103149414,6137281,0.0,0.0
2024-11-11 00:00:00-05:00,34.149820716152895,34.166002121955145,33.708943785731734,33.82624053955078,4332592,0.0,0.0
2024-11-12 00:00:00-05:00,33.656361555659764,33.890958750692796,33.24379839819068,33.284244537353516,4323032,0.0,0.0
2024-11-13 00:00:00-05:00,33.40153686741907,33.77365383644296,33.284240129261796,33.73320770263672,5412633,0.0,0.0
2024-11-14 00:00:00-05:00,33.761521584555425,33.93949121166771,33.49456898771148,33.60377502441406,4360316,0.0,0.0
2024-11-15 00:00:00-05:00,33.599732756142146,33.72512020804448,33.049649795939224,33.10627365112305,4324227,0.0,0.0
2024-11-18 00:00:00-05:00,33.19121168449901,33.215480102221576,32.89999067182822,33.12245178222656,3337396,0.0,0.0
2024-11-19 00:00:00-05:00,32.89189952427742,33.14267439989501,32.66134771521307,32.908077239990234,5065127,0.0,0.0
2024-11-20 00:00:00-05:00,32.97279918427977,33.154810491365936,32.831230327196934,33.10627365112305,3495853,0.0,0.0
2024-11-21 00:00:00-05:00,33.11436708029622,33.607826225945935,33.07392093931332,33.470306396484375,5903061,0.0,0.0
2024-11-22 00:00:00-05:00,33.45007275289946,33.81005734661573,33.42984968657077,33.70084762573242,4641380,0.0,0.0
2024-11-25 00:00:00-05:00,33.96781091293203,34.20644978263513,33.90309266214332,34.14982223510742,6778518,0.0,0.0
2024-11-26 00:00:00-05:00,34.01633913932147,34.13363586864121,33.74129586227441,33.91117477416992,5609808,0.0,0.0
2024-11-27 00:00:00-05:00,33.89500155674561,34.2752055617428,33.81815094798787,33.935447692871094,3891876,0.0,0.0
2024-11-29 00:00:00-05:00,33.80948574729499,34.142665608185396,33.768855592924396,33.96388626098633,2778853,0.158996,0.0
2024-12-02 00:00:00-05:00,34.10610002194326,34.16704896599676,33.716038634168584,34.0167121887207,3885184,0.0,0.0
2024-12-03 00:00:00-05:00,34.130474821779195,34.207675079716374,33.67540078691592,33.69978332519531,5378695,0.0,0.0
2024-12-04 00:00:00-05:00,33.638835747572706,33.638835747572706,33.17969793777746,33.52913284301758,4991515,0.0,0.0
2024-12-05 00:00:00-05:00,33.50068994276524,33.57382644660339,33.126879910561215,33.21220397949219,4160990,0.0,0.0
2024-12-06 00:00:00-05:00,33.277210159687705,33.68352650519979,33.171571021573044,33.651023864746094,6667144,0.0,0.0
2024-12-09 00:00:00-05:00,34.10203357210328,34.585550216205995,33.90293913707753,33.943572998046875,7516311,0.0,0.0
2024-12-10 00:00:00-05:00,33.76885332410567,33.94356890324373,33.21626399877226,33.35034942626953,4095504,0.0,0.0
2024-12-11 00:00:00-05:00,33.33409591777908,33.443802518394925,33.06999251125179,33.28940200805664,3916971,0.0,0.0
2024-12-12 00:00:00-05:00,33.29346912946009,33.40723579338237,33.0415532617459,33.139068603515625,2697593,0.0,0.0
2024-12-13 00:00:00-05:00,32.95216231527835,33.12281414722801,32.71649779201567,32.846519470214844,3259960,0.0,0.0
2024-12-16 00:00:00-05:00,32.70837267498046,32.976543563539856,32.45645681265322,32.53365707397461,5513969,0.0,0.0
2024-12-17 00:00:00-05:00,32.47677659850717,32.81808029794415,32.37519749912734,32.558040618896484,4081642,0.0,0.0
2024-12-18 00:00:00-05:00,32.631166726406654,32.753060879767425,31.49348549208847,31.538179397583008,4971678,0.0,0.0
2024-12-19 00:00:00-05:00,31.737278239130937,31.855112357554432,31.209071402142364,31.225322723388672,5574436,0.0,0.0
2024-12-20 00:00:00-05:00,31.070925433678337,31.656021216875796,31.070925433678337,31.400041580200195,11601777,0.0,0.0
2024-12-23 00:00:00-05:00,31.27814454141975,31.387851148386588,31.03435434530997,31.237510681152344,5038359,0.0,0.0
2024-12-24 00:00:00-05:00,31.21313051357805,31.465046359653293,31.11155512831567,31.387849807739258,1303745,0.0,0.0
2024-12-26 00:00:00-05:00,31.213131611284403,31.48942630042475,31.176565212189352,31.383787155151367,2326904,0.0,0.0
2024-12-27 00:00:00-05:00,31.184690587432478,31.51786673059638,30.94496416603335,31.13593292236328,3321622,0.0,0.0
2024-12-30 00:00:00-05:00,30.892142708663858,31.018102487115318,30.660543785970052,30.859638214111328,3536483,0.0,0.0
2024-12-31 00:00:00-05:00,30.95715617698419,31.13999744725823,30.79462998600271,30.981536865234375,2998733,0.0,0.0
2025-01-02 00:00:00-05:00,31.14405969419671,31.23751127706854,30.63210416224803,30.64835548400879,5239119,0.0,0.0
2025-01-03 00:00:00-05:00,30.770247769875187,30.794626603233727,30.22172401930802,30.372060775756836,6001529,0.0,0.0
2025-01-06 00:00:00-05:00,30.58740651365158,30.944965205790897,30.376122673848094,30.579280853271484,6712554,0.0,0.0
2025-01-07 00:00:00-05:00,30.676795399040817,30.973405147966723,30.311111055910576,30.50614356994629,6178628,0.0,0.0
2025-01-08 00:00:00-05:00,30.39643702862909,30.404564541029504,30.03075453701242,30.250164031982422,5491981,0.0,0.0
2025-01-10 00:00:00-05:00,29.92104775291474,30.00637551931283,29.429407344255548,29.539112091064453,6880810,0.0,0.0
2025-01-13 00:00:00-05:00,29.571618965425955,30.250164387089043,29.417218454566367,30.24203872680664,5502497,0.0,0.0
2025-01-14 00:00:00-05:00,30.392375493882263,30.774311162726537,30.168902239997053,30.587406158447266,6930522,0.0,0.0
2025-01-15 00:00:00-05:00,31.042481239096066,31.19281614669126,30.798691047848763,30.97747039794922,4735068,0.0,0.0
2025-01-16 00:00:00-05:00,31.08311570075755,31.160315964952055,30.50614744986703,31.14812469482422,5551253,0.0,0.0
2025-01-17 00:00:00-05:00,31.391911834464036,31.826670810215898,31.322839086369513,31.47723960876465,7746946,0.0,0.0
2025-01-21 00:00:00-05:00,31.708838067022114,31.985129039138684,31.672267965167364,31.87948989868164,4445878,0.0,0.0
2025-01-22 00:00:00-05:00,31.790095216004094,31.940431955886794,31.501613003788016,31.538179397583008,3822566,0.0,0.0
2025-01-23 00:00:00-05:00,31.578817710553626,31.781972191889146,31.456923539981513,31.777912139892578,3726727,0.0,0.0
2025-01-24 00:00:00-05:00,31.867299965920974,31.891678800037248,31.347216936631497,31.432544708251953,3780741,0.0,0.0
2025-01-27 00:00:00-05:00,31.286270196376115,31.440670724765127,30.534590042404716,31.14812469482422,7421906,0.0,0.0
2025-01-28 00:00:00-05:00,31.11155718534059,31.205008768616917,30.87995640100491,31.014039993286133,3894266,0.0,0.0
2025-01-29 00:00:00-05:00,30.91652498257065,31.29033317186895,30.823071546085885,31.074987411499023,3944695,0.0,0.0
2025-01-30 00:00:00-05:00,31.0993670231674,31.221261202309446,30.863704326088236,31.14812469482422,5506321,0.0,0.0
2025-01-31 00:00:00-05:00,31.070922113828775,31.29845913273673,30.981534290598894,31.205007553100586,6523505,0.0,0.0
2025-02-03 00:00:00-05:00,30.623974327744975,31.054667661601048,30.156712744378854,30.912458419799805,5866016,0.0,0.0
2025-02-04 00:00:00-05:00,31.261893104380476,31.355344685124003,30.993724074872606,31.28626823425293,5120814,0.0,0.0
2025-02-05 00:00:00-05:00,31.249699126003048,31.50974247227262,31.01810022023507,31.330963134765625,6397552,0.0,0.0
2025-02-06 00:00:00-05:00,31.489426069743583,31.5341199813888,31.24970148588145,31.48130226135254,5547190,0.0,0.0
2025-02-07 00:00:00-05:00,31.408165705372216,31.489426015705156,30.648354390999533,30.790565490722656,4397361,0.0,0.0
2025-02-10 00:00:00-05:00,30.965280625843015,31.00997453674877,30.52239601205991,30.985595703125,6765134,0.0,0.0
2025-02-11 00:00:00-05:00,32.40769738725267,33.728225566870826,32.26142438564973,33.10655975341797,15215457,0.0,0.0
2025-02-12 00:00:00-05:00,32.70431008660455,33.42349129910695,32.468649242091786,33.220333099365234,6289763,0.0,0.0
2025-02-13 00:00:00-05:00,33.72415970772934,34.26862528990052,33.31784702990029,34.15079116821289,8587270,0.0,0.0
2025-02-14 00:00:00-05:00,34.321444997618684,34.5367907431309,33.81354954522666,33.825740814208984,6969479,0.0,0.0
2025-02-18 00:00:00-05:00,33.99639461898313,34.46365623960434,33.902939331317185,34.260498046875,7338734,0.0,0.0
2025-02-19 00:00:00-05:00,33.69572447255755,33.801363631673766,33.39505090981158,33.488502502441406,8019645,0.0,0.0
2025-02-20 00:00:00-05:00,33.48036872400557,33.69978192398133,33.309716894134176,33.663211822509766,3925336,0.0,0.0
2025-02-21 00:00:00-05:00,33.76073218146272,33.79730228838025,33.12688243326271,33.17564010620117,6603570,0.0,0.0
2025-02-24 00:00:00-05:00,33.28939910602152,33.48036599696615,33.03341952985104,33.24470520019531,5239836,0.0,0.0
2025-02-25 00:00:00-05:00,33.476306984516846,33.62258369478847,33.057803044834756,33.26908874511719,5665256,0.0,0.0
2025-02-26 00:00:00-05:00,33.2975299747204,33.50474820564924,33.065929206053816,33.0943717956543,3363686,0.0,0.0
2025-02-27 00:00:00-05:00,33.086246565536335,33.50069046483828,32.850585728749905,32.8790283203125,4398078,0.0,0.0
2025-02-28 00:00:00-05:00,33.09031030733989,33.244710830366735,32.716500269477244,33.224395751953125,11747806,0.0,0.0
2025-03-03 00:00:00-05:00,33.546999728840426,33.64909071716412,32.056477256266426,32.19123840332031,6007026,0.171548,0.0
2025-03-04 00:00:00-05:00,32.191236146073514,32.2933271272386,31.55418857252715,31.72570037841797,6223082,0.0,0.0
2025-03-05 00:00:00-05:00,31.987056357047226,32.591433815217584,31.921716039729077,32.45667266845703,5171004,0.0,0.0
2025-03-06 00:00:00-05:00,32.338247107416386,32.49342570067537,32.00747246875274,32.16265106201172,4258024,0.0,0.0
2025-03-07 00:00:00-05:00,31.99114063054016,32.2320732778147,31.394927919000015,31.913551330566406,5164073,0.0,0.0
2025-03-10 00:00:00-04:00,31.676698534543455,32.170816524456086,31.207082232369512,31.374509811401367,4915035,0.0,0.0
2025-03-11 00:00:00-04:00,31.456182377189144,31.517438456198864,30.966146775943255,31.166244506835938,9315264,0.0,0.0
2025-03-12 00:00:00-04:00,31.468436078379675,31.480685060712474,30.810971020892783,30.831388473510742,4740326,0.0,0.0
2025-03-13 00:00:00-04:00,30.69254317447385,31.137659625021698,30.239261977209615,30.590452194213867,6204440,0.0,0.0
2025-03-14 00:00:00-04:00,31.051902873844536,31.590941820103357,30.83138584127888,31.480682373046875,8638416,0.0,0.0
2025-03-17 00:00:00-04:00,31.484769043547544,31.89312926191909,31.460267355983355,31.729785919189453,4943237,0.0,0.0
2025-03-18 00:00:00-04:00,31.7379577124034,31.754290931457994,31.345926947235448,31.492937088012695,5763963,0.0,0.0
2025-03-19 00:00:00-04:00,31.492930371666485,31.856375133657302,31.415344805381988,31.676694869995117,4145933,0.0,0.0
2025-03-20 00:00:00-04:00,31.431679361897984,31.672611986552095,31.301002462469203,31.415346145629883,7084677,0.0,0.0
2025-03-21 00:00:00-04:00,31.235669492785924,31.235669492785924,30.48836612320839,30.696630477905273,10546114,0.0,0.0
2025-03-24 00:00:00-04:00,31.047816082404896,31.664446168205917,31.047816082404896,31.47251319885254,4946583,0.0,0.0
2025-03-25 00:00:00-04:00,31.443929294969085,31.53377129489933,31.07640399460381,31.219331741333008,4532157,0.0,0.0
2025-03-26 00:00:00-04:00,31.288753882445125,31.639945959924667,31.158076981339892,31.235666275024414,2856528,0.0,0.0
2025-03-27 00:00:00-04:00,31.01923370361328,31.18257890044083,30.839553428638773,31.01923370361328,3903348,0.0,0.0
2025-03-28 00:00:00-04:00,30.94981175426048,31.035569520412572,30.129003377211138,30.231094360351562,8514136,0.0,0.0
2025-03-31 00:00:00-04:00,30.026912382875548,30.704794872513485,29.761478060666306,30.496530532836914,6990033,0.0,0.0
2025-04-01 00:00:00-04:00,30.451612426487664,30.84364131762715,30.124923855676947,30.578205108642578,5838531,0.0,0.0
2025-04-02 00:00:00-04:00,30.30460047364358,30.99064959584865,30.30460047364358,30.729297637939453,4455677,0.0,0.0
2025-04-03 00:00:00-04:00,29.606299541297997,29.606299541297997,27.44606125849694,27.6788272857666,11082191,0.0,0.0
2025-04-04 00:00:00-04:00,24.46501329624862,25.065306505042706,22.941818842634703,24.15057373046875,28242152,0.0,0.0
2025-04-07 00:00:00-04:00,23.207253081528258,24.644689645964785,22.182262798758043,23.595197677612305,18167824,0.0,0.0
2025-04-08 00:00:00-04:00,24.313920267673065,24.571188002019902,22.072008279317547,22.51304054260254,17089217,0.0,0.0
2025-04-09 00:00:00-04:00,22.16592982818,25.543091555601716,21.957665480934093,25.298072814941406,15556988,0.0,0.0
2025-04-10 00:00:00-04:00,23.930058310980698,24.297585512216084,22.794812131802203,23.54619789123535,13320187,0.0,0.0
2025-04-11 00:00:00-04:00,23.374684618969034,24.13423880218231,22.925485768350082,24.04848289489746,9059773,0.0,0.0
2025-04-14 00:00:00-04:00,25.31440728552821,25.428749113548008,24.183241710538766,24.897876739501953,11475107,0.0,0.0
2025-04-15 00:00:00-04:00,24.64877657466913,24.91421277185203,24.53443474227277,24.689613342285156,6069405,0.0,0.0
2025-04-16 00:00:00-04:00,24.636524010204354,24.828455129204624,23.979060846769396,24.195491790771484,9726583,0.0,0.0
2025-04-17 00:00:00-04:00,24.375174405997626,24.971383410283035,24.375174405997626,24.558937072753906,6572739,0.0,0.0
2025-04-21 00:00:00-04:00,24.289418439611577,24.648777163189205,23.889222947442892,24.54668617248535,9356372,0.0,0.0
2025-04-22 00:00:00-04:00,24.89379416783612,25.48183842595892,24.865210105081758,25.253154754638672,8366673,0.0,0.0
2025-04-23 00:00:00-04:00,26.00045724130624,26.902939189732237,25.726854436755392,25.75135612487793,10729188,0.0,0.0
2025-04-24 00:00:00-04:00,25.996369900081046,27.143868592630348,25.935115687093294,26.97235679626465,9781075,0.0,0.0
2025-04-25 00:00:00-04:00,26.666088835432095,27.054033470545306,26.506827863124933,26.825349807739258,5766114,0.0,0.0
2025-04-28 00:00:00-04:00,26.80493360364783,27.205129101428632,26.494578253408186,26.817184448242188,6477617,0.0,0.0
2025-04-29 00:00:00-04:00,26.821267114380998,27.021362990016744,26.559913296262348,26.890687942504883,5236968,0.0,0.0
2025-04-30 00:00:00-04:00,26.514993193727488,27.029530479462615,26.114797733883208,26.947858810424805,7013455,0.0,0.0
2025-05-01 00:00:00-04:00,26.95193934578449,27.360301386218577,26.862099212886697,26.97235679626465,9435959,0.0,0.0
2025-05-02 00:00:00-04:00,26.862103379758885,27.919763965022874,26.862103379758885,27.4623966217041,10765994,0.0,0.0
2025-05-05 00:00:00-04:00,27.270466876653337,27.35213855138733,26.666089409741197,26.67017364501953,8034224,0.0,0.0
2025-05-06 00:00:00-04:00,26.40065076690086,26.78042876622797,26.38431568884616,26.559911727905273,5006094,0.0,0.0
2025-05-07 00:00:00-04:00,26.576247807481014,26.5925828861513,26.171969968157757,26.36389923095703,4568007,0.0,0.0
2025-05-08 00:00:00-04:00,26.7559287897675,27.46239536450412,26.64975356794782,27.054033279418945,6226189,0.0,0.0
2025-05-09 00:00:00-04:00,27.274546918369477,27.49506395823702,27.156122720898505,27.266380310058594,4171984,0.0,0.0
2025-05-12 00:00:00-04:00,28.89574910031139,29.651219035384738,28.797740489266648,29.104013442993164,13795319,0.0,0.0
2025-05-13 00:00:00-04:00,29.11218264625778,29.11218264625778,28.756908147665815,28.834497451782227,5904256,0.0,0.0
2025-05-14 00:00:00-04:00,28.585392347025568,28.777321601367273,27.82583635321826,27.86258888244629,10188570,0.0,0.0
2025-05-15 00:00:00-04:00,27.650241498577877,27.850339231231715,27.4297263137727,27.842172622680664,7138691,0.0,0.0
2025-05-16 00:00:00-04:00,27.79725564286756,28.319957723238847,27.633910428324473,28.307708740234375,7069142,0.0,0.0
2025-05-19 00:00:00-04:00,28.017770722983773,28.17703170146786,27.735999437964363,28.144363403320312,3541741,0.0,0.0
2025-05-20 00:00:00-04:00,27.997350165022684,28.299538890277116,27.887092569427885,28.152528762817383,8719676,0.0,0.0
2025-05-21 00:00:00-04:00,27.92792993509348,28.17294868099247,27.588988670708936,27.731916427612305,11192848,0.0,0.0
2025-05-22 00:00:00-04:00,27.58898819440114,27.903427764921922,27.474646363161995,27.772750854492188,3993212,0.0,0.0
2025-05-23 00:00:00-04:00,27.21737985301905,27.65841025690897,27.18062731936156,27.625741958618164,4178915,0.0,0.0
2025-05-27 00:00:00-04:00,27.96876298950972,28.299535739466574,27.87075438723449,28.28728675842285,4586410,0.0,0.0
2025-05-28 00:00:00-04:00,28.35262550704046,28.3812114291155,27.69924470362339,27.805419921875,8268444,0.0,0.0
2025-05-29 00:00:00-04:00,28.013682804877497,28.217864760713137,27.76458171230073,28.168861389160156,9161109,0.0,0.0
2025-05-30 00:00:00-04:00,27.959351976319883,27.959351976319883,27.24865939747953,27.44173812866211,11311870,0.171548,0.0
2025-06-02 00:00:00-04:00,27.408876423180818,27.46638824465352,26.665320164028007,27.14596176147461,8456059,0.0,0.0
2025-06-03 00:00:00-04:00,27.121309809310034,27.77038191527424,26.829640193515722,27.704652786254883,8062904,0.0,0.0
2025-06-04 00:00:00-04:00,27.758059008141146,27.98400137726024,27.73751760106238,27.91416358947754,4854568,0.0,0.0
2025-06-05 00:00:00-04:00,28.119567884155124,28.140109292300394,27.634819491172394,27.692331314086914,4511842,0.0,0.0
2025-06-06 00:00:00-04:00,27.947030517725842,28.23870016088046,27.782708616102163,27.988109588623047,6598073,0.0,0.0
2025-06-09 00:00:00-04:00,28.30442811768299,28.628965123936332,28.144214878890413,28.172971725463867,9268898,0.0,0.0
2025-06-10 00:00:00-04:00,28.292106581934352,28.883663170299293,28.246916982982086,28.817934036254883,5592600,0.0,0.0
2025-06-11 00:00:00-04:00,28.912418829398334,28.961715209736216,28.41945315334134,28.509830474853516,5383714,0.0,0.0
2025-06-12 00:00:00-04:00,28.287994865821158,28.374265404014892,28.033297525191756,28.11545753479004,3744174,0.0,0.0
2025-06-13 00:00:00-04:00,27.63071033940962,28.012759175526536,27.367795675827896,27.470495223999023,4276666,0.0,0.0
2025-06-16 00:00:00-04:00,27.81967880563669,28.057945264121628,27.70054464005515,27.926488876342773,3838340,0.0,0.0
2025-06-17 00:00:00-04:00,27.749841947077826,27.963462095630106,27.48282050674389,27.58141326904297,7115030,0.0,0.0
2025-06-18 00:00:00-04:00,27.59373639945326,27.76216694427677,27.42941451047461,27.466386795043945,4231256,0.0,0.0
2025-06-20 00:00:00-04:00,27.91005703981936,27.95935342093592,27.166500794406996,27.187040328979492,15079705,0.0,0.0
2025-06-23 00:00:00-04:00,27.133636699842057,27.54444239403437,26.9487752610625,27.523900985717773,3413398,0.0,0.0
2025-06-24 00:00:00-04:00,27.745734460234484,28.078485024556503,27.564979818817328,28.020973205566406,4713080,0.0,0.0
2025-06-25 00:00:00-04:00,27.836109423003446,28.062053657175127,27.737516664923078,27.93059539794922,3570182,0.0,0.0
2025-06-26 00:00:00-04:00,28.181187636365554,28.546803717924302,28.111351719436442,28.460535049438477,5273535,0.0,0.0
2025-06-27 00:00:00-04:00,28.472859143043056,28.678261983114474,28.074379431075617,28.296213150024414,6194880,0.0,0.0
2025-06-30 00:00:00-04:00,28.185295593654505,28.271564260001558,27.82378630443879,28.177080154418945,3839057,0.0,0.0
2025-07-01 00:00:00-04:00,28.19351149684149,29.610788085328867,28.078485982259835,29.351980209350586,7099495,0.0,0.0
2025-07-02 00:00:00-04:00,29.532733450681555,30.001049053401065,29.290358337664106,29.968185424804688,6436509,0.0,0.0
2025-07-03 00:00:00-04:00,30.436503641347183,30.551529153252634,30.0585634762342,30.28450584411621,5410721,0.0,0.0
2025-07-07 00:00:00-04:00,30.07499477738354,30.572067213689284,29.94353652077817,29.98050880432129,8803565,0.0,0.0
2025-07-08 00:00:00-04:00,30.169479652750773,31.015737285606242,30.169479652750773,30.592609405517578,8353289,0.0,0.0
2025-07-09 00:00:00-04:00,30.945900709522352,31.11433126058175,30.485800526954506,31.03217124938965,5995076,0.0,0.0
2025-07-10 00:00:00-04:00,31.03627917356464,31.541567069471945,30.814443590488146,31.27454376220703,4942042,0.0,0.0
2025-07-11 00:00:00-04:00,30.97876547545457,31.180059651668312,30.596716657167118,31.011629104614258,4423651,0.0,0.0
2025-07-14 00:00:00-04:00,30.843202109282014,30.941794874806448,30.432396422692523,30.752824783325195,7496952,0.0,0.0
2025-07-15 00:00:00-04:00,31.138979906899426,31.18006084943577,30.411856400129544,30.432395935058594,5018761,0.0,0.0
2025-07-16 00:00:00-04:00,30.56385158993668,30.56385158993668,29.853159022778716,30.378990173339844,4360794,0.0,0.0
2025-07-17 00:00:00-04:00,30.387207027386697,30.756931750478724,30.29272105049549,30.584392547607422,4182261,0.0,0.0
2025-07-18 00:00:00-04:00,30.88838866299568,31.110222377001953,30.481691647972646,31.036279678344727,8243110,0.0,0.0
2025-07-21 00:00:00-04:00,31.319733839235962,31.627838092190903,31.097898252758508,31.200599670410156,5564398,0.0,0.0
2025-07-22 00:00:00-04:00,31.492271453468778,31.907185783744325,31.097898530513948,31.85378074645996,7318897,0.0,0.0
2025-07-23 00:00:00-04:00,32.0920472337678,32.0920472337678,31.344384158400175,31.459407806396484,7512726,0.0,0.0
2025-07-24 00:00:00-04:00,31.118440389563652,31.16362811550441,30.551530123883282,30.72817611694336,7417604,0.0,0.0
2025-07-25 00:00:00-04:00,30.75693271658604,31.159521081467854,30.539205782717847,31.12665557861328,5337348,0.0,0.0
2025-07-28 00:00:00-04:00,31.147196790896185,31.147196790896185,30.682987924008742,30.834985733032227,3879209,0.0,0.0
2025-07-29 00:00:00-04:00,30.95822762056116,30.97876715581531,30.481692799489217,30.52277374267578,4688463,0.0,0.0
2025-07-30 00:00:00-04:00,30.424181496486142,30.543315671957217,29.442358735441477,29.660085678100586,8033507,0.0,0.0
2025-07-31 00:00:00-04:00,29.45057177458514,29.766891458648562,29.26981713435514,29.536840438842773,7903969,0.0,0.0
2025-08-01 00:00:00-04:00,28.95760890141794,29.064417103009017,28.337293608421767,28.731664657592773,10137902,0.0,0.0
2025-08-04 00:00:00-04:00,28.94528649388209,29.138363373737313,28.731666332887688,29.13014793395996,9954589,0.0,0.0
2025-08-05 00:00:00-04:00,31.10611530684973,31.221140818759018,29.179442195895128,29.824405670166016,22712170,0.0,0.0
2025-08-06 00:00:00-04:00,30.148941736544387,30.33380316892724,28.94939207238864,29.084957122802734,10534164,0.0,0.0
2025-08-07 00:00:00-04:00,29.54916405403178,29.701161846148967,28.789176966123968,29.117820739746094,7648239,0.0,0.0
2025-08-08 00:00:00-04:00,29.204093466979955,29.216417563388994,28.694694985168486,28.94939422607422,7180994,0.0,0.0
2025-08-11 00:00:00-04:00,29.035661244828567,29.150686762311675,28.559128295740162,28.715234756469727,8972777,0.0,0.0
2025-08-12 00:00:00-04:00,28.937067739498676,29.66829989627397,28.71523402245916,29.549165725708008,7472574,0.0,0.0
2025-08-13 00:00:00-04:00,29.787430807255216,30.428287483109678,29.602569384996126,30.395421981811523,6184364,0.0,0.0
2025-08-14 00:00:00-04:00,30.033913855051537,30.2968284957325,29.75456646411611,30.243423461914062,4117731,0.0,0.0
2025-08-15 00:00:00-04:00,30.41185544668792,30.54742049286169,29.980510245275024,30.021591186523438,5496283,0.0,0.0
2025-08-18 00:00:00-04:00,30.04213189915184,30.29683112313263,29.9065668476608,30.06678009033203,5024497,0.0,0.0
2025-08-19 00:00:00-04:00,30.202346336721288,30.530990147244808,30.103755440778226,30.30915641784668,4297698,0.0,0.0
2025-08-20 00:00:00-04:00,30.263967256138358,30.89660478238273,30.218777657542034,30.596717834472656,6859539,0.0,0.0
2025-08-21 00:00:00-04:00,30.362562157223895,30.65423368622741,30.263969386333326,30.625476837158203,5307951,0.0,0.0
2025-08-22 00:00:00-04:00,30.826766078609207,31.845561001795648,30.793902451155997,31.763399124145508,5230037,0.0,0.0
2025-08-25 00:00:00-04:00,31.631945635112313,31.833239831203613,31.516921985355875,31.615514755249023,5562486,0.0,0.0
2025-08-26 00:00:00-04:00,31.562105478008196,31.820913336921148,31.471730032854445,31.755186080932617,4529767,0.0,0.0
2025-08-27 00:00:00-04:00,31.66892002493186,32.0591861963712,31.619623639629705,31.972915649414062,3840491,0.0,0.0
2025-08-28 00:00:00-04:00,32.09615564001166,32.18653484056453,31.599083145719003,31.8907527923584,7353552,0.0,0.0
2025-08-29 00:00:00-04:00,31.94857151220004,32.221141177053696,31.762726676269516,31.766857147216797,6396357,0.171548,0.0
2025-09-02 00:00:00-04:00,31.308443284592236,31.386910938462645,30.920237368892924,31.300182342529297,6194641,0.0,0.0
2025-09-03 00:00:00-04:00,31.159767670498194,31.428206859121143,31.05239048895207,31.209325790405273,4954709,0.0,0.0
2025-09-04 00:00:00-04:00,31.139117998431715,31.903144053608923,30.924365512445874,31.86184310913086,8075571,0.0,0.0
2025-09-05 00:00:00-04:00,31.903142990157292,32.43176418686747,31.77511722050353,32.13854217529297,8066011,0.0,0.0
2025-09-08 00:00:00-04:00,32.031165950220725,32.14267360510618,31.477765677235933,32.105506896972656,6976410,0.0,0.0
2025-09-09 00:00:00-04:00,32.04355831610189,32.06007643518112,31.58514380053843,31.696651458740234,4595253,0.0,0.0
2025-09-10 00:00:00-04:00,31.547974111035337,31.857712365760147,31.337352097822468,31.428207397460938,4472885,0.0,0.0
2025-09-11 00:00:00-04:00,31.519066533448218,32.245922153959015,31.382781692921608,32.2087516784668,6177672,0.0,0.0
2025-09-12 00:00:00-04:00,32.035294923431664,32.55978940567643,31.808152918565167,31.919660568237305,4103869,0.0,0.0
2025-09-15 00:00:00-04:00,32.1344113347943,32.29960757481467,31.775116854972442,31.84532356262207,7489065,0.0,0.0
2025-09-16 00:00:00-04:00,31.92791913355088,32.084854437975345,31.675998058379868,31.87010383605957,5662866,0.0,0.0
2025-09-17 00:00:00-04:00,31.92791693117471,32.57630669362538,31.59752822658156,31.709035873413086,9033722,0.0,0.0
2025-09-18 00:00:00-04:00,31.775117773232516,32.38633333629285,31.4571166963625,32.25417709350586,8144881,0.0,0.0
2025-09-19 00:00:00-04:00,32.307869450044294,32.37807615972281,31.824675893622338,32.25417709350586,15877965,0.0,0.0
2025-09-22 00:00:00-04:00,32.17983810283991,32.79931833810997,31.899011279922057,32.320255279541016,11310436,0.0,0.0
2025-09-23 00:00:00-04:00,32.45241398655697,32.70846553541746,31.98160806823576,31.993999481201172,11242321,0.0,0.0
2025-09-24 00:00:00-04:00,32.014646233825005,32.27069776799265,31.05238962794173,31.308441162109375,8254582,0.0,0.0
2025-09-25 00:00:00-04:00,31.242364241172954,31.341480482039437,30.66831538528083,30.7880802154541,5717119,0.0,0.0
2025-09-26 00:00:00-04:00,31.040002475416085,31.59753135160846,30.96153482085599,31.46124839782715,6492913,0.0,0.0
2025-09-29 00:00:00-04:00,31.77511860708205,31.989869212659343,31.399298458147424,31.816415786743164,7214932,0.0,0.0
2025-09-30 00:00:00-04:00,31.717297263719423,32.18396891522154,31.647090557244553,32.17158126831055,8555005,0.0,0.0
2025-10-01 00:00:00-04:00,31.994001247299924,32.51436155047975,31.989870776083446,32.30373764038086,6673358,0.0,0.0
2025-10-02 00:00:00-04:00,32.33677337531196,33.47248337397005,32.316124787198575,33.44770431518555,10082215,0.0,0.0
2025-10-03 00:00:00-04:00,33.5261723172966,33.77809337848089,32.902565370408155,32.923213958740234,9493319,0.0,0.0
2025-10-06 00:00:00-04:00,33.07189275040835,33.852435097736624,33.01820415439599,33.37750244140625,7604502,0.0,0.0
2025-10-07 00:00:00-04:00,33.43118867821689,33.555083981331975,32.41524342743072,32.57630920410156,6222365,0.0,0.0
2025-10-08 00:00:00-04:00,32.65890652379873,32.84062088564084,32.32025686012741,32.365684509277344,4569441,0.0,0.0
2025-10-09 00:00:00-04:00,32.51435639623362,32.74975933107211,32.01051429254717,32.14680099487305,5775196,0.0,0.0
2025-10-10 00:00:00-04:00,32.26243735850909,32.57217748706886,30.42878129468899,30.437042236328125,10264333,0.0,0.0
2025-10-13 00:00:00-04:00,30.866546960647117,31.75033404329544,30.866546960647117,31.36625862121582,6682201,0.0,0.0
2025-10-14 00:00:00-04:00,30.862419504978817,32.1468059009609,30.829381383306178,32.0394287109375,6557204,0.0,0.0
2025-10-15 00:00:00-04:00,32.32438551952659,32.89430386788492,32.15506257980106,32.4317626953125,7609999,0.0,0.0
2025-10-16 00:00:00-04:00,32.62586932863846,32.658909333245354,32.027041365939276,32.266571044921875,7839678,0.0,0.0
2025-10-17 00:00:00-04:00,32.37807733064483,33.0884129254158,32.32851920846279,32.861270904541016,8911593,0.0,0.0
2025-10-20 00:00:00-04:00,33.08841031880958,33.46835714735501,33.038848435289346,33.43118667602539,7278506,0.0,0.0
2025-10-21 00:00:00-04:00,33.45183509290771,33.7904847428991,33.38988932799896,33.505523681640625,5358380,0.0,0.0
2025-10-22 00:00:00-04:00,33.33207332114788,33.48074768883532,32.63825584003058,32.91908645629883,4766138,0.0,0.0
2025-10-23 00:00:00-04:00,33.22469502135422,33.75331623273455,33.12557877954806,33.57160186767578,4562510,0.0,0.0
2025-10-24 00:00:00-04:00,33.823522379158284,33.906120501033634,33.38162976934779,33.45596694946289,4187997,0.0,0.0
2025-10-27 00:00:00-04:00,33.513782703237226,34.04240385362431,33.377496003857544,33.608768463134766,7369326,0.0,0.0
2025-10-28 00:00:00-04:00,33.63768339591509,34.34801900452718,33.526175736211464,33.823524475097656,9036112,0.0,0.0
2025-10-29 00:00:00-04:00,33.67071853273724,34.4429998010312,33.67071853273724,33.9308967590332,8183838,0.0,0.0
2025-10-30 00:00:00-04:00,33.56334456504569,34.01762859336632,33.274253017367826,33.64594268798828,8288281,0.0,0.0
2025-10-31 00:00:00-04:00,33.608772039949116,34.331499022761925,33.48074626788912,33.720279693603516,9572428,0.0,0.0
2025-11-03 00:00:00-05:00,33.253229255562694,34.447545237935394,32.90776828870415,34.240264892578125,20503300,0.0,2.39
2025-11-04 00:00:00-05:00,33.796103549133974,37.46787374110067,33.638177989965975,37.27046585083008,21785500,0.0,0.0
2025-11-05 00:00:00-05:00,37.586321600608485,39.34324395749719,37.458005904189136,39.11622619628906,15789100,0.0,0.0
2025-11-06 00:00:00-05:00,38.741150487316595,39.59000177559211,38.375948339538404,38.64244842529297,11076500,0.0,0.0
2025-11-07 00:00:00-05:00,38.484526712990345,39.43208015798643,38.01074622524961,39.28402328491211,7328400,0.0,0.0
2025-11-10 00:00:00-05:00,39.48142871024086,39.87624450344025,38.869467619500014,39.718318939208984,6702600,0.0,0.0
2025-11-11 00:00:00-05:00,39.79727892837798,40.271055610234576,39.649222068004256,39.876243591308594,7029100,0.0,0.0
2025-11-12 00:00:00-05:00,40.01442957349696,40.69548287469907,40.01442957349696,40.26118850708008,5748000,0.0,0.0
2025-11-13 00:00:00-05:00,40.261185731760925,40.64612903917654,39.846628793991776,40.073646545410156,5385300,0.0,0.0
2025-11-14 00:00:00-05:00,39.5011651919983,40.00455169165079,39.1162219101625,39.19518280029297,6756000,0.0,0.0
2025-11-17 00:00:00-05:00,39.14583003703789,39.35310660033411,37.95151791681662,38.14892578125,4444400,0.0,0.0
2025-11-18 00:00:00-05:00,37.94164895743134,38.66218452871441,37.64553901605013,38.198280334472656,5953400,0.0,0.0
2025-11-19 00:00:00-05:00,38.306855674438395,38.395689035269825,36.99409642717866,37.388912200927734,6045800,0.0,0.0
2025-11-20 00:00:00-05:00,37.91203641273028,37.96138743859799,36.56966742377394,36.63875961303711,7007000,0.0,0.0
2025-11-21 00:00:00-05:00,36.80656109302708,38.34633433077579,36.76707876250986,38.04035568237305,4790600,0.0,0.0
2025-11-24 00:00:00-05:00,38.10944827851773,38.38581706455711,37.724504965036516,37.97126388549805,7982800,0.0,0.0
2025-11-25 00:00:00-05:00,38.089709133858086,38.56348583445083,37.734375667102896,38.277244567871094,6434200,0.0,0.0
2025-11-26 00:00:00-05:00,38.316723192896426,39.047131222236814,38.27724086369054,38.92868423461914,4048500,0.0,0.0
2025-11-28 00:00:00-05:00,39.10725750528472,39.514008381413696,39.008052374406,39.45448303222656,2285700,0.2,0.0
2025-12-01 00:00:00-05:00,39.03781376388382,40.158849925526454,38.62114766639357,39.5933723449707,6015200,0.0,0.0
2025-12-02 00:00:00-05:00,39.75210246704179,39.96043551389779,39.0080526273276,39.20646667480469,4232400,0.0,0.0
2025-12-03 00:00:00-05:00,39.34535598754883,39.78186387127307,39.117181153936166,39.34535598754883,4024300,0.0,0.0
2025-12-04 00:00:00-05:00,39.29575249556632,39.990199764016694,39.23622714646492,39.504085540771484,4185700,0.0,0.0
2025-12-05 00:00:00-05:00,39.58345272354838,40.44654947224054,39.49416659199863,40.1886100769043,4490800,0.0,0.0
2025-12-08 00:00:00-05:00,40.21837307605344,40.56559480497205,40.01995903762865,40.258056640625,4422200,0.0,0.0
2025-12-09 00:00:00-05:00,40.099327659085844,40.803697777404885,40.0298833041638,40.28782272338867,3676800,0.0,0.0
2025-12-10 00:00:00-05:00,40.28781854460788,40.942582240553996,40.24813497893039,40.635040283203125,4793900,0.0,0.0
2025-12-11 00:00:00-05:00,40.585434956248356,41.46837341810128,40.545751393271566,41.16083526611328,3185200,0.0,0.0
2025-12-12 00:00:00-05:00,41.26996068596037,41.498139288038765,40.48623110689411,40.60527801513672,4824200,0.0,0.0
2025-12-15 00:00:00-05:00,40.972347272377405,41.16084233668023,40.03980608882896,40.28782272338867,5956800,0.0,0.0
2025-12-16 00:00:00-05:00,40.30766162232093,40.51599467217073,39.88107273866663,40.12908935546875,5403900,0.0,0.0
2025-12-17 00:00:00-05:00,40.11916639841237,40.65488319665746,39.91083334946146,40.277896881103516,4669400,0.0,0.0
2025-12-18 00:00:00-05:00,40.52591282004412,40.67472430077142,40.13900751147291,40.1886100769043,5544800,0.0,0.0
2025-12-19 00:00:00-05:00,40.53583484867786,41.140995975193825,40.30766002439747,40.93265914916992,14466600,0.0,0.0
2025-12-22 00:00:00-05:00,41.18067783654394,41.51798059044057,40.863216866339265,41.150917053222656,3866500,0.0,0.0
2025-12-23 00:00:00-05:00,41.06163062555778,41.14099775975874,40.66480630785274,40.71440887451172,6847600,0.0,0.0
2025-12-24 00:00:00-05:00,40.87314084813847,40.87314084813847,40.45647094726404,40.744171142578125,1918700,0.0,0.0
2025-12-26 00:00:00-05:00,40.73424889114043,40.98226549811039,40.585437413185225,40.93265914916992,2614600,0.0,0.0
2025-12-29 00:00:00-05:00,40.86321671962384,40.90290028686527,40.25805934914181,40.56559753417969,3668300,0.0,0.0
2025-12-30 00:00:00-05:00,40.595355475629766,40.684641603456114,40.208450183193264,40.357261657714844,3068600,0.0,0.0
2025-12-31 00:00:00-05:00,40.287820100870434,40.307661884475635,39.861231214441666,39.881072998046875,3035700,0.0,0.0
2026-01-02 00:00:00-05:00,40.11916461614118,40.56559526151299,39.871148011427174,40.545753479003906,4140300,0.0,0.0
2026-01-05 00:00:00-05:00,40.38702634189669,41.835442524893665,40.35726555788946,41.67671203613281,5223400,0.0,0.0
2026-01-06 00:00:00-05:00,41.587422215099714,43.343380220185416,41.38901196005249,43.09536361694336,5989100,0.0,0.0
2026-01-07 00:00:00-05:00,43.10528738201783,43.13504816406606,42.262028641130996,42.88703155517578,4090900,0.0,0.0
2026-01-08 00:00:00-05:00,42.86718809855245,43.59139611410287,42.64893606466532,43.05568313598633,4380500,0.0,0.0
2026-01-09 00:00:00-05:00,43.33346316222412,43.7997356082233,43.115207330576304,43.462432861328125,2851000,0.0,0.0
2026-01-12 00:00:00-05:00,43.541795054080225,43.65092296700704,42.9167921428659,43.085445404052734,4130700,0.0,0.0
2026-01-13 00:00:00-05:00,43.16481142949651,43.70052824378463,42.867192238592,43.44259262084961,4235700,0.0,0.0
2026-01-14 00:00:00-05:00,43.59140129175812,43.81957613599788,42.10330151976833,42.54973220825195,13224400,0.0,0.0
2026-01-15 00:00:00-05:00,42.86719264995272,43.59140074239554,42.70846216098489,43.0457649230957,5086900,0.0,0.0
2026-01-16 00:00:00-05:00,43.085447531055834,43.293780583601034,42.4802863727198,42.51996994018555,4374900,0.0,0.0
2026-01-20 00:00:00-05:00,41.9445686340332,42.24219159898553,41.51797975433029,41.9445686340332,4848800,0.0,0.0
2026-01-21 00:00:00-05:00,42.529886895720615,43.254094937212955,42.34139563596774,43.03584289550781,4422900,0.0,0.0
2026-01-22 00:00:00-05:00,43.35330648513492,44.6033086007072,43.2540975652112,43.44259262084961,8013900,0.0,0.0
2026-01-23 00:00:00-05:00,43.42275045594687,44.11719775158771,43.15489205115255,43.78981399536133,5784700,0.0,0.0
2026-01-26 00:00:00-05:00,43.9683854477115,44.26600463047151,43.75012961428531,43.84933853149414,3172700,0.0,0.0
2026-01-27 00:00:00-05:00,43.8493411332291,44.474344103212005,43.730294209948276,44.25608825683594,3093300,0.0,0.0
2026-01-28 00:00:00-05:00,44.36521463276955,44.652911038628574,43.80965603611191,44.27592849731445,3382600,0.0,0.0
2026-01-29 00:00:00-05:00,44.355290330197214,44.71243485979165,43.482274573892134,44.24616241455078,2680200,0.0,0.0
2026-01-30 00:00:00-05:00,43.641008044346236,44.0080715984876,42.74814665920945,43.57155990600586,4491100,0.0,0.0
2026-02-02 00:00:00-05:00,43.46243072009291,44.166796961885254,43.33346102734277,44.077510833740234,3523800,0.0,0.0
2026-02-03 00:00:00-05:00,44.404892192369886,45.51600933003982,44.06758945136885,44.940608978271484,4962100,0.0,0.0
2026-02-04 00:00:00-05:00,45.367196884783816,47.64894889149891,45.23822719067811,47.450538635253906,7556800,0.0,0.0
2026-02-05 00:00:00-05:00,46.7263250663992,46.87513653743406,44.86124299351098,45.31759262084961,5330500,0.0,0.0
2026-02-06 00:00:00-05:00,45.88307293582059,46.46839228789271,45.41680049712987,46.3592643737793,3556600,0.0,0.0
2026-02-09 00:00:00-05:00,46.1013306443976,46.84538050613709,45.96244194238222,46.7263298034668,4317700,0.0,0.0
2026-02-10 00:00:00-05:00,47.94657028528842,49.16681148678601,47.0140254597621,49.037841796875,8179900,0.0,0.0
2026-02-11 00:00:00-05:00,49.48427416324882,51.468407006216246,49.454509597189826,51.12118148803711,12411200,0.0,0.0
2026-02-12 00:00:00-05:00,51.49816598173594,52.24221577175395,48.839427762650274,49.037841796875,8015400,0.0,0.0
2026-02-13 00:00:00-05:00,49.02792278159956,49.90094232862152,48.51205155117586,49.82157897949219,4265100,0.0,0.0
2026-02-17 00:00:00-05:00,49.59340346931422,50.49618378686645,49.48427555437386,50.4664192199707,4574400,0.0,0.0
2026-02-18 00:00:00-05:00,50.902931911725766,51.57753741373095,50.654915294354254,50.94261169433594,4500300,0.0,0.0
2026-02-19 00:00:00-05:00,50.803721085811276,51.13110482497234,49.6926077413642,49.8414192199707,5178500,0.0,0.0
2026-02-20 00:00:00-05:00,49.752135182703135,50.54578760498187,49.37514886295827,50.01007080078125,4865300,0.0,0.0
2026-02-23 00:00:00-05:00,49.86125431778455,50.24816338276756,48.998157631600975,49.68268585205078,3232100,0.0,0.0
2026-02-24 00:00:00-05:00,49.92078323472387,50.79380276640373,49.92078323472387,50.664833068847656,2532300,0.0,0.0
2026-02-25 00:00:00-05:00,50.91284849186797,51.061659968992586,49.583479334551555,50.33745193481445,2749300,0.0,0.0
2026-02-26 00:00:00-05:00,50.327532590542006,50.833488619794785,49.27594074860029,49.95054626464844,2852700,0.0,0.0
2026-02-27 00:00:00-05:00,49.46443310983971,49.81165484870416,49.1469721530399,49.64300537109375,3842300,0.0,0.0
2026-03-02 00:00:00-05:00,48.88601011655739,49.77249172908565,48.03936751386745,49.44379425048828,3449800,0.2,0.0
2026-03-03 00:00:00-05:00,48.07920837402344,48.4178646414452,46.95367375000122,48.07920837402344,3548200,0.0,0.0
2026-03-04 00:00:00-05:00,48.577232586938706,48.88600865155387,47.730590009620734,47.88996124267578,3465700,0.0,0.0
2026-03-05 00:00:00-05:00,47.76047729659694,48.00948916592266,46.196683061200986,46.53533935546875,5373000,0.0,0.0
2026-03-06 00:00:00-05:00,45.23051291048819,45.7783382281763,44.09501946664972,45.08110427856445,6586900,0.0,0.0
2026-03-09 00:00:00-04:00,44.005376092532124,45.26039419194423,42.87984142426848,45.061187744140625,5829500,0.0,0.0
2026-03-10 00:00:00-04:00,45.1807138110898,46.56521918534599,44.632888462950824,45.78830337524414,3440600,0.0,0.0
2026-03-11 00:00:00-04:00,45.51936905304724,45.81818252699506,44.95162231266056,45.808223724365234,3759500,0.0,0.0
2026-03-12 00:00:00-04:00,45.20063229785037,45.41976014318528,44.5233197585549,45.160789489746094,5451300,0.0,0.0
2026-03-13 00:00:00-04:00,45.499446131277104,45.738495382617984,44.56316293088987,44.722530364990234,2688900,0.0,0.0
2026-03-16 00:00:00-04:00,45.13090993209331,45.89786690083637,45.05122431473953,45.22055435180664,2853600,0.0,0.0
2026-03-17 00:00:00-04:00,45.70861568897669,46.027350560753774,45.270356190188046,45.36000061035156,2512300,0.0,0.0
2026-03-18 00:00:00-04:00,45.110990078515236,45.22055590633351,43.746402331567054,43.826087951660156,4574700,0.0,0.0
2026-03-19 00:00:00-04:00,43.13881526699982,43.64679778100336,42.47146151764841,43.347984313964844,4563600,0.0,0.0
2026-03-20 00:00:00-04:00,43.56711581460737,43.74640085452452,41.8738344409954,42.27225112915039,10006500,0.0,0.0
2026-03-23 00:00:00-04:00,43.66672073257929,44.79225542457658,43.30814303958054,43.96553421020508,5737100,0.0,0.0
2026-03-24 00:00:00-04:00,43.557154916078346,45.60901404900854,43.407750077034486,45.15083312988281,4537200,0.0,0.0
2026-03-25 00:00:00-04:00,45.81818361463671,46.25644313352237,45.37992409575105,46.146881103515625,2961600,0.0,0.0
2026-03-26 00:00:00-04:00,45.708617015249196,46.28632636186998,45.56917097975301,45.838104248046875,2672100,0.0,0.0
2026-03-27 00:00:00-04:00,45.56916918317855,45.84806124317555,44.94165824856595,45.08110427856445,3500500,0.0,0.0
2026-03-30 00:00:00-04:00,45.5492493979105,45.64885642260645,43.75636474919769,44.04521942138672,4544300,0.0,0.0
2026-03-31 00:00:00-04:00,44.812176769771604,46.02735208377396,44.573123708218965,45.61897277832031,3997800,0.0,0.0
2026-04-01 00:00:00-04:00,46.12695840335859,46.774386960837454,45.867983940671486,46.02735137939453,3340000,0.0,0.0
2026-04-02 00:00:00-04:00,45.240471535831425,46.087114114055275,44.752410432745776,45.300235748291016,2673900,0.0,0.0
2026-04-06 00:00:00-04:00,45.25043510160978,45.40980253861075,44.68268836981761,45.3898811340332,2645700,0.0,0.0
2026-04-07 00:00:00-04:00,45.479527671762625,45.479527671762625,44.80221508307671,45.350040435791016,2854600,0.0,0.0
2026-04-08 00:00:00-04:00,47.03336243224454,47.70071240882881,46.61502052186225,47.66086959838867,3375500,0.0,0.0
2026-04-09 00:00:00-04:00,47.28237224419255,48.029407809207,47.142926213328955,47.232566833496094,2932600,0.0,0.0
2026-04-10 00:00:00-04:00,47.59114396189236,47.64094937201244,46.89391381564309,47.06324005126953,2195400,0.0,0.0
2026-04-13 00:00:00-04:00,46.694705040968046,47.11304314186,46.33612735470669,46.96363830566406,3105500,0.0,0.0
2026-04-14 00:00:00-04:00,47.17280740627221,47.17280740627221,46.027351329454774,46.4954948425293,2606000,0.0,0.0
2026-04-15 00:00:00-04:00,46.55525748719586,46.55525748719586,45.489483265777174,45.87794494628906,3262500,0.0,0.0
2026-04-16 00:00:00-04:00,46.02734955522247,46.615017674651675,45.81818051261698,46.565216064453125,2910400,0.0,0.0
2026-04-17 00:00:00-04:00,46.80427171840976,47.8899635995022,46.56521865668191,47.162845611572266,3502500,0.0,0.0
2026-04-20 00:00:00-04:00,47.12300412142507,47.41185498130545,46.59509641277614,46.81422805786133,2213000,0.0,0.0
2026-04-21 00:00:00-04:00,46.80427123528452,47.26245214927897,46.25644209940042,46.52537536621094,3572500,0.0,0.0
2026-04-22 00:00:00-04:00,47.013438798595345,47.17280623318234,45.489483668261656,45.79825973510742,3209000,0.0,0.0
2026-04-23 00:00:00-04:00,46.07715216248127,46.26640360479798,45.479525227928065,46.18671798706055,2623000,0.0,0.0
2026-04-24 00:00:00-04:00,46.35605016028244,46.35605016028244,45.61897336073612,46.146881103515625,2704100,0.0,0.0
2026-04-27 00:00:00-04:00,46.12695971412923,46.90387552502894,46.03731528982391,46.505455017089844,2379000,0.0,0.0
2026-04-28 00:00:00-04:00,46.64490431803852,46.71462733618289,44.971544283334566,45.15083312988281,2480900,0.0,0.0
2026-04-29 00:00:00-04:00,45.190669585036886,45.57912746405135,44.324109408803125,44.443634033203125,2611100,0.0,0.0
2026-04-30 00:00:00-04:00,44.91177977593717,45.82814160823062,44.54324328248172,45.47952651977539,4045800,0.0,0.0
2026-05-01 00:00:00-04:00,45.628935010695,46.20664055536531,45.31020013095562,46.05723571777344,3269700,0.0,0.0
2026-05-04 00:00:00-04:00,45.877946888340695,46.05723573320661,44.66276778416496,45.23051452636719,3654200,0.0,0.0
2026-05-05 00:00:00-04:00,45.95762659311366,49.961737611448385,45.95762659311366,49.04537582397461,7239700,0.0,0.0
2026-05-06 00:00:00-04:00,49.463713917139955,50.10118364758668,48.407902301325485,49.872093200683594,6021400,0.0,0.0
2026-05-07 00:00:00-04:00,49.65296228533324,49.94181694856591,48.10908954680114,48.168853759765625,4377000,0.0,0.0
2026-05-08 00:00:00-04:00,49.135023245842426,49.603162970399374,48.53739248739211,49.56332015991211,3956800,0.0,0.0
2026-05-11 00:00:00-04:00,49.802371839601115,51.017550928365594,49.78245043491094,50.38008117675781,4839300,0.0,0.0
2026-05-12 00:00:00-04:00,50.09122481304714,50.539446904359195,48.985611587683835,50.34023666381836,3824600,0.0,0.0
2026-05-13 00:00:00-04:00,50.668931892354536,51.435888872317335,50.17090817546592,50.957786560058594,4450400,0.0,0.0
2026-05-14 00:00:00-04:00,50.808376999606395,51.02750864692384,50.13106825262576,50.39999771118164,3737000,0.0,0.0
2026-05-15 00:00:00-04:00,49.560001373291016,49.630001068115234,48.91999816894531,49.310001373291016,4551700,0.2,0.0
2026-05-18 00:00:00-04:00,49.470001220703125,49.70000076293945,48.54999923706055,48.63999938964844,4636300,0.0,0.0
2026-05-19 00:00:00-04:00,48.09000015258789,48.279998779296875,46.25,46.560001373291016,4526600,0.0,0.0
2026-05-20 00:00:00-04:00,46.7599983215332,48.060001373291016,46.75,47.25,3571200,0.0,0.0
2026-05-21 00:00:00-04:00,47.0,47.650001525878906,46.09000015258789,47.150001525878906,3494500,0.0,0.0
2026-05-22 00:00:00-04:00,47.43000030517578,48.29999923706055,47.25,48.119998931884766,2276700,0.0,0.0
2026-05-26 00:00:00-04:00,49.900001525878906,50.5,49.13999938964844,49.459999084472656,3523900,0.0,0.0
2026-05-27 00:00:00-04:00,49.68000030517578,49.68000030517578,47.36000061035156,47.65999984741211,4740600,0.0,0.0
2026-05-28 00:00:00-04:00,47.47999954223633,47.97999954223633,47.06999969482422,47.709999084472656,2931400,0.0,0.0
2026-05-29 00:00:00-04:00,47.470001220703125,48.65999984741211,47.41999816894531,48.41999816894531,6374100,0.0,0.0
2026-06-01 00:00:00-04:00,47.900001525878906,48.22999954223633,47.099998474121094,47.59000015258789,3376200,0.0,0.0
2026-06-02 00:00:00-04:00,47.88999938964844,49.34000015258789,47.7400016784668,48.65999984741211,2485400,0.0,0.0
2026-06-03 00:00:00-04:00,48.380001068115234,48.779998779296875,47.959999084472656,47.970001220703125,2224000,0.0,0.0
2026-06-04 00:00:00-04:00,48.02000045776367,48.060001373291016,47.13999938964844,47.650001525878906,2710400,0.0,0.0
2026-06-05 00:00:00-04:00,47.369998931884766,47.84000015258789,46.630001068115234,46.849998474121094,2675700,0.0,0.0
2026-06-08 00:00:00-04:00,47.2599983215332,47.470001220703125,46.54999923706055,46.9900016784668,2337400,0.0,0.0
2026-06-09 00:00:00-04:00,47.650001525878906,47.900001525878906,45.88999938964844,47.060001373291016,2181270,0.0,0.0
