Date,Open,High,Low,Close,Volume,Dividends,Stock Splits
2022-01-03 00:00:00-05:00,4.917661106409446,5.0688365831971405,4.899875731255789,5.006587982177734,14800,0.0,0.0
2022-01-04 00:00:00-05:00,4.988802691857332,5.042158818225611,4.908768290286512,4.917661190032959,7800,0.0,0.0
2022-01-05 00:00:00-05:00,4.95323152230687,5.042158392071396,4.846518854552676,4.926553249359131,16400,0.0,0.0
2022-01-06 00:00:00-05:00,4.935446536696275,4.962124387706379,4.739806983783787,4.819841384887695,37400,0.0,0.0
2022-01-07 00:00:00-05:00,4.784271240234375,4.846519849834543,4.730915107418438,4.784271240234375,7500,0.0,0.0
2022-01-10 00:00:00-05:00,4.810949266500118,4.855412924120334,4.686451618815123,4.802056789398193,37900,0.0,0.0
2022-01-11 00:00:00-05:00,4.686451583353988,4.846519986309215,4.686451583353988,4.7487006187438965,21600,0.0,0.0
2022-01-12 00:00:00-05:00,4.722020505164775,4.86430347474005,4.704235133967865,4.757591247558594,11500,0.0,0.0
2022-01-13 00:00:00-05:00,4.722022375296549,4.890983680601761,4.713129898194626,4.802056789398193,27700,0.0,0.0
2022-01-14 00:00:00-05:00,4.7487003341584195,4.819841842319517,4.704236679539316,4.72202205657959,14400,0.0,0.0
2022-01-18 00:00:00-05:00,4.650879020377137,4.784269516372307,4.624200751563424,4.757591247558594,22300,0.0,0.0
2022-01-19 00:00:00-05:00,4.7487006187438965,4.793163851990806,4.650880827141715,4.7487006187438965,59000,0.0,0.0
2022-01-20 00:00:00-05:00,4.695342540740967,4.766484023715776,4.66866427260707,4.695342540740967,12300,0.0,0.0
2022-01-21 00:00:00-05:00,4.624201904368229,4.695343830928112,4.5352750262143795,4.5886311531066895,48800,0.0,0.0
2022-01-24 00:00:00-05:00,4.526382157272134,4.624201502726731,4.4552406609281485,4.499703884124756,30500,0.0,0.0
2022-01-25 00:00:00-05:00,4.526382593424933,4.570845820905925,4.410777438708101,4.446348190307617,25300,0.0,0.0
2022-01-26 00:00:00-05:00,4.464132723837477,4.5708449585021045,4.446347351393373,4.455240249633789,24600,0.0,0.0
2022-01-27 00:00:00-05:00,4.2951714736001225,4.561952484298415,4.2951714736001225,4.455240249633789,16300,0.0,0.0
2022-01-28 00:00:00-05:00,4.473025684160963,4.517488903869985,4.428562040415208,4.464132785797119,14800,0.0,0.0
2022-01-31 00:00:00-05:00,4.490811650677503,4.5441677758057155,4.437455101512501,4.473026275634766,21700,0.0,0.0
2022-02-01 00:00:00-05:00,4.4018841146333925,4.570845380468742,4.4018841146333925,4.499703884124756,10100,0.0,0.0
2022-02-02 00:00:00-05:00,4.446348045773368,4.535274921881476,4.437455146144161,4.5263824462890625,31000,0.0,0.0
2022-02-03 00:00:00-05:00,4.455241244712985,4.5352752265687,4.446348344486338,4.508597373962402,25200,0.0,0.0
2022-02-04 00:00:00-05:00,4.481918096281582,4.490810994521998,4.446347351393373,4.455240249633789,10500,0.0,0.0
2022-02-07 00:00:00-05:00,4.437455839432787,4.561953909471964,4.437455839432787,4.553061008453369,27600,0.0,0.0
2022-02-08 00:00:00-05:00,4.606415791411343,4.802055316071567,4.4997035547076205,4.704235553741455,30700,0.0,0.0
2022-02-09 00:00:00-05:00,5.068836042543504,5.380080710589633,5.006587448163676,5.3356170654296875,119200,0.0,0.0
2022-02-10 00:00:00-05:00,5.335616517483835,5.593504615239285,5.300045774623546,5.4690070152282715,39300,0.0,0.0
2022-02-11 00:00:00-05:00,5.540149223787587,5.611290718790196,5.33561721363671,5.495685577392578,33800,0.0,0.0
2022-02-14 00:00:00-05:00,5.433436400892297,5.469007144593989,5.353402015545134,5.388972759246826,23700,0.0,0.0
2022-02-15 00:00:00-05:00,5.362296288662288,5.575720805605651,5.362296288662288,5.531257152557373,24600,0.0,0.0
2022-02-16 00:00:00-05:00,5.504578764873802,5.593505638289215,5.460115116147706,5.522364139556885,11100,0.0,0.0
2022-02-17 00:00:00-05:00,5.584613129640965,5.584613129640965,5.362295735410679,5.424544334411621,19700,0.0,0.0
2022-02-18 00:00:00-05:00,5.492069147726824,5.519079513184149,5.402035311727735,5.429045677185059,34300,0.075,0.0
2022-02-22 00:00:00-05:00,5.312002400891682,5.492070104251291,5.312002400891682,5.438049793243408,46800,0.0,0.0
2022-02-23 00:00:00-05:00,5.501073352891559,5.609113968010075,5.501073352891559,5.510076522827148,12800,0.0,0.0
2022-02-24 00:00:00-05:00,5.528082948526009,5.528082948526009,5.312001731715191,5.3390116691589355,19800,0.0,0.0
2022-02-25 00:00:00-05:00,5.312001910062634,5.456056059439716,5.293995141390499,5.411039352416992,10700,0.0,0.0
2022-02-28 00:00:00-05:00,5.312000297033767,5.627118867765621,5.312000297033767,5.546088218688965,24000,0.0,0.0
2022-03-01 00:00:00-05:00,5.654130718676892,5.654130718676892,5.321004867553711,5.321004867553711,20800,0.0,0.0
2022-03-02 00:00:00-05:00,5.465059474947128,5.537086547217401,5.0959200855891575,5.3390116691589355,30800,0.0,0.0
2022-03-03 00:00:00-05:00,5.402036252571486,5.438049793243408,5.330009171227643,5.438049793243408,5500,0.0,0.0
2022-03-04 00:00:00-05:00,5.456056563579369,5.47406333391533,5.348015941563604,5.438049793243408,13800,0.0,0.0
2022-03-07 00:00:00-05:00,5.384028984751175,5.537086733121939,5.312001910062634,5.411039352416992,39300,0.0,0.0
2022-03-08 00:00:00-05:00,5.528081455484719,5.627118867765621,5.519078288540145,5.546088218688965,36200,0.0,0.0
2022-03-09 00:00:00-05:00,5.4920696885898375,5.5370868256803,5.4110394428683355,5.474062919616699,34500,0.0,0.0
2022-03-10 00:00:00-05:00,5.744165739905053,6.194335460662842,5.717155367760854,6.194335460662842,153200,0.0,0.0
2022-03-11 00:00:00-05:00,6.212341347771806,6.212341347771806,5.924232612955884,5.996259689331055,26000,0.0,0.0
2022-03-14 00:00:00-04:00,5.9962602054099765,6.095297658607293,5.888219581548511,6.005263805389404,37700,0.0,0.0
2022-03-15 00:00:00-04:00,5.951243332566561,6.284368795124326,5.951243332566561,6.185331344604492,39900,0.0,0.0
2022-03-16 00:00:00-04:00,6.185331046146196,6.194334645447763,5.924232676814161,6.032273292541504,19100,0.0,0.0
2022-03-17 00:00:00-04:00,6.005262912054886,6.113303519844383,5.89722230426539,6.05027961730957,33700,0.0,0.0
2022-03-18 00:00:00-04:00,6.095298012196656,6.095298012196656,5.861209980250655,5.942240238189697,22400,0.0,0.0
2022-03-21 00:00:00-04:00,5.996259490683226,5.996259490683226,5.807188206804455,5.888218879699707,18700,0.0,0.0
2022-03-22 00:00:00-04:00,5.861209670369381,6.104301289964892,5.843202470317964,6.023270606994629,18700,0.0,0.0
2022-03-23 00:00:00-04:00,6.095297658607293,6.10430125858672,5.906226352192088,6.005263805389404,9200,0.0,0.0
2022-03-24 00:00:00-04:00,6.005262514210901,6.113303114842791,5.852204781991464,6.077289581298828,31700,0.0,0.0
2022-03-25 00:00:00-04:00,6.113304394915402,6.2663621591838,6.059284083288075,6.248355388641357,22000,0.0,0.0
2022-03-28 00:00:00-04:00,6.25735811412106,6.2843684826709065,6.1133039600291985,6.266361713409424,16600,0.0,0.0
2022-03-29 00:00:00-04:00,6.284367274905251,6.284367274905251,6.086292851096016,6.140313148498535,17900,0.0,0.0
2022-03-30 00:00:00-04:00,6.1313094732447775,6.19433336740666,5.960244985646946,6.113302707672119,13300,0.0,0.0
2022-03-31 00:00:00-04:00,6.086293179342411,6.212340546746283,6.077289581298828,6.077289581298828,15000,0.0,0.0
2022-04-01 00:00:00-04:00,6.1403134796583565,6.1943337799743015,6.050279216483263,6.077289581298828,20100,0.0,0.0
2022-04-04 00:00:00-04:00,6.077290919203045,6.185331543619876,6.023270606994629,6.023270606994629,20100,0.0,0.0
2022-04-05 00:00:00-04:00,6.077289616029167,6.203336984153371,6.077289616029167,6.095296382904053,12600,0.0,0.0
2022-04-06 00:00:00-04:00,6.122306817232657,6.248354186784832,6.077289684877854,6.131309986114502,36000,0.0,0.0
2022-04-07 00:00:00-04:00,6.158320323113851,6.167323491954357,6.0772896569733454,6.104300022125244,28700,0.0,0.0
2022-04-08 00:00:00-04:00,6.068286895751953,6.131310803588474,6.068286895751953,6.068286895751953,19200,0.0,0.0
2022-04-11 00:00:00-04:00,6.050279996612433,6.167324210379705,5.996259689331055,5.996259689331055,30300,0.0,0.0
2022-04-12 00:00:00-04:00,6.023270606994629,6.149318002147599,6.00526383625849,6.023270606994629,16400,0.0,0.0
2022-04-13 00:00:00-04:00,6.032274096630466,6.05028086831862,5.942240238189697,5.942240238189697,13000,0.0,0.0
2022-04-14 00:00:00-04:00,6.032272503654376,6.032272503654376,5.861208432448415,5.870211601257324,16200,0.0,0.0
2022-04-18 00:00:00-04:00,5.870212523087118,5.9152296621465,5.627120916660015,5.852205753326416,25100,0.0,0.0
2022-04-19 00:00:00-04:00,5.8161918057106945,5.942239185191466,5.8161918057106945,5.888218879699707,13500,0.0,0.0
2022-04-20 00:00:00-04:00,5.888219152764051,6.302375276722461,5.888219152764051,6.293371677398682,34800,0.0,0.0
2022-04-21 00:00:00-04:00,6.302375691979928,6.5004501676862905,6.176328298348606,6.257358551025391,72900,0.0,0.0
2022-04-22 00:00:00-04:00,6.158321412040264,6.302375573481821,6.14031464186007,6.176328182220459,38700,0.0,0.0
2022-04-25 00:00:00-04:00,6.203337881507212,6.257358189946266,6.050280126272269,6.068286895751953,43900,0.0,0.0
2022-04-26 00:00:00-04:00,6.122306754307637,6.266360889458108,6.050279257417214,6.0862932205200195,43200,0.0,0.0
2022-04-27 00:00:00-04:00,6.041276667883715,6.095296973744772,5.897222518920898,5.897222518920898,17400,0.0,0.0
2022-04-28 00:00:00-04:00,5.897221671959616,6.068285734627059,5.897221671959616,5.951241970062256,40500,0.0,0.0
2022-04-29 00:00:00-04:00,5.9602463314125265,6.014266640327762,5.816192174305233,5.843202114105225,23800,0.0,0.0
2022-05-02 00:00:00-04:00,5.843202316957257,5.888219457273722,5.654131443847795,5.672138214111328,49400,0.0,0.0
2022-05-03 00:00:00-04:00,5.735161376747974,5.8071884538005,5.6631342996954475,5.762171745300293,23400,0.0,0.0
2022-05-04 00:00:00-04:00,5.762170572593997,5.888217931782993,5.717153443940349,5.879214763641357,50300,0.0,0.0
2022-05-05 00:00:00-04:00,5.9385098700482395,6.029731129615905,5.819922015121636,5.9020209312438965,29600,0.085,0.0
2022-05-06 00:00:00-04:00,5.911143185317487,5.911143185317487,5.746944920578238,5.792555332183838,32200,0.0,0.0
2022-05-09 00:00:00-04:00,5.856410886054691,6.130074681912156,5.564502402162758,5.728701114654541,113500,0.0,0.0
2022-05-10 00:00:00-04:00,5.728701114654541,5.865532795094621,5.701334517580143,5.728701114654541,42400,0.0,0.0
2022-05-11 00:00:00-04:00,5.956754150407762,5.956754150407762,5.79255544742457,5.9111433029174805,77200,0.0,0.0
2022-05-12 00:00:00-04:00,5.810798960465327,6.157440139372693,5.756066211423725,6.130073547363281,83200,0.0,0.0
2022-05-13 00:00:00-04:00,6.166563135324867,6.887211726556754,6.13007419711894,6.823356628417969,677800,0.0,0.0
2022-05-16 00:00:00-04:00,6.841601344005997,6.978433457881577,6.805112838302816,6.832479000091553,311600,0.0,0.0
2022-05-17 00:00:00-04:00,6.905455934200592,6.905455934200592,6.713891075981295,6.795989990234375,81800,0.0,0.0
2022-05-18 00:00:00-04:00,6.750379578977612,6.969310596955514,6.713891075981295,6.795989990234375,88800,0.0,0.0
2022-05-19 00:00:00-04:00,6.772953492551077,6.874317546719009,6.634729862213135,6.634729862213135,73400,0.075,0.0
2022-05-20 00:00:00-04:00,6.717664128296062,6.763738818208979,6.634729862213135,6.634729862213135,41600,0.0,0.0
2022-05-23 00:00:00-04:00,6.763737257023769,6.911175527672557,6.708447905530473,6.726877689361572,54400,0.0,0.0
2022-05-24 00:00:00-04:00,6.726877717104127,6.782167068825443,6.634728358167892,6.7084479331970215,65400,0.0,0.0
2022-05-25 00:00:00-04:00,6.726877689361572,6.782167040854867,6.708447905530473,6.726877689361572,64300,0.0,0.0
2022-05-26 00:00:00-04:00,6.726878405996455,6.929606049735734,6.717663293398839,6.874316692352295,71200,0.0,0.0
2022-05-27 00:00:00-04:00,6.9480356210052205,7.344276223052735,6.920391162867417,7.335061550140381,69600,0.0,0.0
2022-05-31 00:00:00-04:00,7.344277441203572,7.60229491655639,7.31663297848055,7.583864688873291,87600,0.0,0.0
2022-06-01 00:00:00-04:00,7.593078020915727,7.602293132594849,7.270556581958512,7.353490829467773,75000,0.0,0.0
2022-06-02 00:00:00-04:00,7.2982026232529185,7.556219639161419,7.2982026232529185,7.519360065460205,69200,0.0,0.0
2022-06-03 00:00:00-04:00,7.556220048204229,7.75894815393602,7.556220048204229,7.731303691864014,70100,0.0,0.0
2022-06-06 00:00:00-04:00,7.740517785716641,8.007749924350149,7.740517785716641,7.943245887756348,94200,0.0,0.0
2022-06-07 00:00:00-04:00,7.989318393178019,8.173616217945407,7.9801032822393125,8.127541542053223,141400,0.0,0.0
2022-06-08 00:00:00-04:00,8.155189093867236,8.182833555403967,7.924816530524112,8.099899291992188,55400,0.0,0.0
2022-06-09 00:00:00-04:00,8.072253800670634,8.145972941231888,7.68522787332331,7.823451042175293,57100,0.0,0.0
2022-06-10 00:00:00-04:00,7.740516270100964,7.989319011906336,7.077043610155431,7.196837425231934,73000,0.0,0.0
2022-06-13 00:00:00-04:00,7.086259719865731,7.519359922310236,7.086259719865731,7.316632270812988,55800,0.0,0.0
2022-06-14 00:00:00-04:00,7.362705879988687,7.519359271375805,7.178408030945449,7.252127170562744,153300,0.0,0.0
2022-06-15 00:00:00-04:00,7.390350818634033,7.500929522107679,7.215267212366365,7.390350818634033,51700,0.0,0.0
2022-06-16 00:00:00-04:00,7.44563994976197,7.44563994976197,7.113903390192171,7.224482536315918,39400,0.0,0.0
2022-06-17 00:00:00-04:00,7.26134159881184,7.288986053864289,6.911175279209081,7.2429118156433105,121500,0.0,0.0
2022-06-21 00:00:00-04:00,7.353491180988358,7.740516662597656,7.3258462840301855,7.740516662597656,57200,0.0,0.0
2022-06-22 00:00:00-04:00,7.602293496008986,7.795806456514001,7.381136077946531,7.740516662597656,55700,0.0,0.0
2022-06-23 00:00:00-04:00,7.731303220265319,7.943245547891856,7.408781293492748,7.417996406555176,92900,0.0,0.0
2022-06-24 00:00:00-04:00,7.381138028397898,7.832668095958388,7.381138028397898,7.685229778289795,56700,0.0,0.0
2022-06-27 00:00:00-04:00,7.906386746630608,8.238122940063477,7.740518210513356,8.238122940063477,133300,0.0,0.0
2022-06-28 00:00:00-04:00,8.247336561783563,8.486924208646911,8.05382359759416,8.136757850646973,142700,0.0,0.0
2022-06-29 00:00:00-04:00,8.155188377619636,8.247336867582787,7.94324518098152,8.109113693237305,58200,0.0,0.0
2022-06-30 00:00:00-04:00,8.127543443085832,8.477709831448468,8.044609182841844,8.440850257873535,76200,0.0,0.0
2022-07-01 00:00:00-04:00,8.523783348154435,8.523783348154435,8.081468525966784,8.118328094482422,78600,0.0,0.0
2022-07-05 00:00:00-04:00,8.155185977728136,8.219689989600385,7.7497299290422195,7.915598392486572,61000,0.0,0.0
2022-07-06 00:00:00-04:00,7.970888851844574,8.43163389250152,7.9155999390945375,8.348700523376465,119800,0.0,0.0
2022-07-07 00:00:00-04:00,8.403991531399816,8.818661995615937,8.376347068132514,8.791017532348633,136600,0.0,0.0
2022-07-08 00:00:00-04:00,8.818661512083574,8.818661512083574,7.980105515606868,8.063039779663086,98600,0.0,0.0
2022-07-11 00:00:00-04:00,8.026182056723501,8.339488958219766,8.026182056723501,8.219695091247559,51900,0.0,0.0
2022-07-12 00:00:00-04:00,8.228910206891989,8.385563657640121,8.127545692406846,8.219695091247559,89500,0.0,0.0
2022-07-13 00:00:00-04:00,8.22890770672311,8.523784287338884,8.22890770672311,8.31184196472168,51900,0.0,0.0
2022-07-14 00:00:00-04:00,8.247335465213968,8.41320394926564,8.21047589973597,8.4039888381958,38300,0.0,0.0
2022-07-15 00:00:00-04:00,8.376344298445881,8.413203863548338,8.238120270210654,8.284194946289062,43900,0.0,0.0
2022-07-18 00:00:00-04:00,8.284195510387308,8.51456802766483,7.436424576501919,8.422419548034668,212400,0.0,0.0
2022-07-19 00:00:00-04:00,8.523782293266176,8.717295223724813,8.440848054669429,8.46849250793457,58700,0.0,0.0
2022-07-20 00:00:00-04:00,8.468495014720098,8.671223115877732,8.348702055510426,8.569859504699707,32800,0.0,0.0
2022-07-21 00:00:00-04:00,8.588287152201659,8.855519236758964,8.542213351844621,8.77258586883545,84200,0.0,0.0
2022-07-22 00:00:00-04:00,8.855520925858578,8.901595613805299,8.505354527785707,8.606719017028809,38500,0.0,0.0
2022-07-25 00:00:00-04:00,8.588288305855022,8.717297249067995,8.394775330436328,8.431634902954102,61300,0.0,0.0
2022-07-26 00:00:00-04:00,8.274984027510548,8.422423241416046,8.201264859958696,8.219695091247559,50100,0.0,0.0
2022-07-27 00:00:00-04:00,8.311842480645545,8.643578654429467,8.311842480645545,8.569859504699707,63500,0.0,0.0
2022-07-28 00:00:00-04:00,8.6527925598037,8.6527925598037,8.31184132020439,8.560643196105957,53400,0.0,0.0
2022-07-29 00:00:00-04:00,8.652791655698586,8.938453071471026,8.579072523963674,8.87394905090332,70700,0.0,0.0
2022-08-01 00:00:00-04:00,8.984528968353576,9.37155490190985,8.883165368156071,9.316265106201172,183400,0.0,0.0
2022-08-02 00:00:00-04:00,9.463703567012933,9.537422703292565,9.362339095527373,9.482132911682129,92000,0.0,0.0
2022-08-03 00:00:00-04:00,9.537424226131217,9.666432295818552,8.855520788463107,8.993744850158691,191200,0.0,0.0
2022-08-04 00:00:00-04:00,8.910810169583584,8.910810169583584,7.832666581579671,8.035394668579102,206500,0.0,0.0
2022-08-05 00:00:00-04:00,8.053822681594587,8.339484978642153,8.04460757034758,8.293410301208496,103000,0.0,0.0
2022-08-08 00:00:00-04:00,8.75415739402992,9.38077104660857,8.615934207750083,9.122753143310547,176700,0.0,0.0
2022-08-09 00:00:00-04:00,9.113537393106386,9.528207761788165,8.966098239111552,9.371554374694824,149200,0.0,0.0
2022-08-10 00:00:00-04:00,9.408415691666747,9.436060153701753,9.021389707970242,9.168828010559082,94500,0.0,0.0
2022-08-11 00:00:00-04:00,9.06746450961639,9.389985580826563,9.06746450961639,9.251762390136719,68700,0.0,0.0
2022-08-12 00:00:00-04:00,9.196471166494193,9.399199243162832,9.076678221755179,9.389984130859375,73600,0.0,0.0
2022-08-15 00:00:00-04:00,9.39919984926468,9.979738779795936,9.39919984926468,9.804656028747559,198400,0.0,0.0
2022-08-16 00:00:00-04:00,9.961308821619095,10.044242196205238,9.859944343566895,9.859944343566895,132000,0.0,0.0
2022-08-17 00:00:00-04:00,9.90170299564202,10.115141340541149,9.836743653282229,9.938822746276855,97500,0.075,0.0
2022-08-18 00:00:00-04:00,9.892423519608107,10.560579962162748,9.883143360057622,10.458500862121582,134500,0.0,0.0
2022-08-19 00:00:00-04:00,10.34714104289074,10.52346053987543,9.929543585039522,9.948103904724121,100400,0.0,0.0
2022-08-22 00:00:00-04:00,9.762508166675898,9.846026976196448,9.047951566850426,9.697547912597656,209100,0.0,0.0
2022-08-23 00:00:00-04:00,9.697544344645708,10.096582345005878,9.446986238260154,10.068742752075195,86100,0.0,0.0
2022-08-24 00:00:00-04:00,9.957383681476353,10.170822943584168,9.901704489625478,10.124423027038574,98900,0.0,0.0
2022-08-25 00:00:00-04:00,10.207941716051495,10.207941716051495,9.83674418946969,10.105862617492676,88600,0.0,0.0
2022-08-26 00:00:00-04:00,10.207941839544123,10.28218134575861,9.743944483201208,9.83674430847168,108100,0.0,0.0
2022-08-29 00:00:00-04:00,9.734664761641367,10.393541072691717,9.651145092141288,9.985223770141602,97800,0.0,0.0
2022-08-30 00:00:00-04:00,10.013062781936345,10.078022127762969,9.456265607693318,9.502665519714355,66100,0.0,0.0
2022-08-31 00:00:00-04:00,9.363467213755635,9.706825166692557,9.289227704201965,9.688264846801758,88200,0.0,0.0
2022-09-01 00:00:00-04:00,9.539786654160038,9.539786654160038,8.936590365528229,9.00154972076416,133100,0.0,0.0
2022-09-02 00:00:00-04:00,9.094348661570244,9.289227593068349,8.890189570237766,9.029388427734375,57100,0.0,0.0
2022-09-06 00:00:00-04:00,8.908747984669676,8.955147003909087,8.546829793572151,8.713869094848633,151300,0.0,0.0
2022-09-07 00:00:00-04:00,8.648909339531963,8.973707801683668,8.602510317799958,8.862348556518555,83300,0.0,0.0
2022-09-08 00:00:00-04:00,8.862350484010356,9.047949266318493,8.73243089389226,8.88090991973877,61800,0.0,0.0
2022-09-09 00:00:00-04:00,8.908749261793817,8.908749261793817,8.611790363064229,8.815949440002441,56700,0.0,0.0
2022-09-12 00:00:00-04:00,8.815950213128664,9.196427922831347,8.815950213128664,9.075788497924805,69400,0.0,0.0
2022-09-13 00:00:00-04:00,9.010829881513533,9.177869234982888,8.936590365528229,9.00154972076416,51800,0.0,0.0
2022-09-14 00:00:00-04:00,9.001548967222936,9.150027986764012,8.908750022512148,9.057229042053223,36200,0.0,0.0
2022-09-15 00:00:00-04:00,9.04794931151284,9.131468985219882,8.723150777097636,8.890190124511719,67300,0.0,0.0
2022-09-16 00:00:00-04:00,8.890190080105377,8.899470240471985,8.70459129779724,8.88090991973877,83400,0.0,0.0
2022-09-19 00:00:00-04:00,8.695310445859116,8.992268473933919,8.351952504646441,8.945869445800781,78500,0.0,0.0
2022-09-20 00:00:00-04:00,8.815950192796594,9.140748711796268,8.769550277938816,9.057229042053223,39900,0.0,0.0
2022-09-21 00:00:00-04:00,9.140747524759538,9.140747524759538,8.667470047679599,8.69530963897705,50300,0.0,0.0
2022-09-22 00:00:00-04:00,8.58395409804262,8.778833091344328,8.481874962505547,8.667473793029785,46100,0.0,0.0
2022-09-23 00:00:00-04:00,8.667470001772317,8.815949001245176,8.593230502035887,8.686029434204102,78900,0.0,0.0
2022-09-26 00:00:00-04:00,8.621070749091274,8.936589089478582,8.48187189774615,8.583950996398926,47000,0.0,0.0
2022-09-27 00:00:00-04:00,8.556111604586851,8.918028980607504,8.518991851020509,8.639631271362305,51000,0.0,0.0
2022-09-28 00:00:00-04:00,8.639632667047797,8.982990664255256,8.639632667047797,8.806671142578125,43600,0.0,0.0
2022-09-29 00:00:00-04:00,8.741710573007325,8.945869664809244,8.676751224026841,8.723150253295898,32700,0.0,0.0
2022-09-30 00:00:00-04:00,8.750991606703572,8.945870558109643,8.667471929671708,8.676752090454102,41100,0.0,0.0
2022-10-03 00:00:00-04:00,8.741709384719677,8.927308131581157,8.602510545824726,8.648909568786621,67800,0.0,0.0
2022-10-04 00:00:00-04:00,8.79739064060586,8.945870558109643,8.639632332329366,8.676752090454102,51900,0.0,0.0
2022-10-05 00:00:00-04:00,8.686031236337763,8.750991475838246,8.203474387932525,8.333393096923828,70800,0.0,0.0
2022-10-06 00:00:00-04:00,8.314832160456135,8.35195191132852,7.934354492763028,8.138513565063477,121300,0.0,0.0
2022-10-07 00:00:00-04:00,8.138516783417307,8.379794816998198,8.138516783417307,8.277715682983398,29000,0.0,0.0
2022-10-10 00:00:00-04:00,8.277713244105206,8.750990779195302,8.1941935749711,8.407632827758789,64300,0.0,0.0
2022-10-11 00:00:00-04:00,8.361233352143264,9.001549374108748,8.249874082453823,8.871630668640137,70700,0.0,0.0
2022-10-12 00:00:00-04:00,8.806669638856539,8.908749623978041,8.259152615038499,8.31483268737793,42800,0.0,0.0
2022-10-13 00:00:00-04:00,8.166352561641453,8.806668438762378,8.166352561641453,8.565389633178711,44200,0.0,0.0
2022-10-14 00:00:00-04:00,8.593231232283912,8.593231232283912,8.119953717491827,8.30555248260498,48400,0.0,0.0
2022-10-17 00:00:00-04:00,8.277713711271188,8.630351842514244,8.212754358280693,8.249874114990234,29800,0.0,0.0
2022-10-18 00:00:00-04:00,8.296272699651972,8.546831707680722,8.24987367002125,8.426192283630371,35600,0.0,0.0
2022-10-19 00:00:00-04:00,8.426192738109357,8.426192738109357,8.203474197852104,8.249874114990234,34800,0.0,0.0
2022-10-20 00:00:00-04:00,8.222033589459986,8.398353096635107,8.1477940764404,8.240593910217285,33500,0.0,0.0
2022-10-21 00:00:00-04:00,8.296272413327575,8.463311746248477,8.166353718837744,8.324112892150879,29700,0.0,0.0
2022-10-24 00:00:00-04:00,8.342673301696777,8.481873057072836,8.166354673559571,8.342673301696777,43000,0.0,0.0
2022-10-25 00:00:00-04:00,8.25915218907763,8.54683092548583,8.175633412383005,8.491150856018066,37000,0.0,0.0
2022-10-26 00:00:00-04:00,8.491150948737317,8.992268039400427,8.481871674561932,8.815949440002441,133600,0.0,0.0
2022-10-27 00:00:00-04:00,8.83450893655211,8.93658802302319,8.50043031718383,8.556110382080078,40500,0.0,0.0
2022-10-28 00:00:00-04:00,8.556111548227843,9.001548588089861,8.556111548227843,8.936589241027832,29300,0.0,0.0
2022-10-31 00:00:00-04:00,8.955150038576068,9.242828834371904,8.815951163677836,9.066510200500488,55300,0.0,0.0
2022-11-01 00:00:00-04:00,9.1593071099048,9.753224005842592,9.057228016776834,9.651144027709961,48900,0.0,0.0
2022-11-02 00:00:00-04:00,9.67898504730773,10.040902415516546,9.576905063450093,9.818183898925781,127000,0.0,0.0
2022-11-03 00:00:00-04:00,9.864585665112934,10.142984305676817,9.539787103620924,9.790346145629883,91900,0.0,0.0
2022-11-04 00:00:00-04:00,9.827466569837108,10.142984991475704,9.827466569837108,10.022345542907715,101500,0.0,0.0
2022-11-07 00:00:00-05:00,10.235780559054446,10.235780559054446,8.825229176426333,8.992267608642578,137500,0.0,0.0
2022-11-08 00:00:00-05:00,8.927307894947052,9.252106357098757,8.815948649781939,8.862348556518555,55200,0.0,0.0
2022-11-09 00:00:00-05:00,8.853068162381994,9.122186552281269,8.639629836084627,8.788108825683594,30700,0.0,0.0
2022-11-10 00:00:00-05:00,8.81149470220954,9.026636924238412,8.643121907877621,8.755370140075684,109800,0.075,0.0
2022-11-11 00:00:00-05:00,8.680540685605507,8.699249176159817,8.203485773379688,8.212839126586914,86500,0.0,0.0
2022-11-14 00:00:00-05:00,8.138005298998227,8.540228843688965,7.6328877533243995,8.540228843688965,284800,0.0,0.0
2022-11-15 00:00:00-05:00,8.558936492157665,8.661831385856997,8.147359593569597,8.381210327148438,90500,0.0,0.0
2022-11-16 00:00:00-05:00,8.399918403753578,8.792787730065463,8.399918403753578,8.68989372253418,54400,0.0,0.0
2022-11-17 00:00:00-05:00,8.708601780151351,9.120178682008207,8.708601780151351,9.02663803100586,103200,0.0,0.0
2022-11-18 00:00:00-05:00,8.961159862520706,9.438215563703245,8.905036187128486,9.260488510131836,158800,0.0,0.0
2022-11-21 00:00:00-05:00,9.064054461928574,9.166949360406218,8.886328288665965,9.035992622375488,71300,0.0,0.0
2022-11-22 00:00:00-05:00,9.110823406906288,9.18565556240727,8.905035425313418,9.157593727111816,46400,0.0,0.0
2022-11-23 00:00:00-05:00,9.15759299407401,9.25113362699742,8.979866862003037,9.110822677612305,42900,0.0,0.0
2022-11-25 00:00:00-05:00,9.110823406906288,9.241780125067836,9.110823406906288,9.157593727111816,9300,0.0,0.0
2022-11-28 00:00:00-05:00,9.110823406906288,9.391444436069799,9.026637008950269,9.157593727111816,64500,0.0,0.0
2022-11-29 00:00:00-05:00,9.120178480205718,9.279197048149245,9.073408155739434,9.101469993591309,34100,0.0,0.0
2022-11-30 00:00:00-05:00,9.101469468938859,9.382090507490483,9.05470003923833,9.325966835021973,73500,0.0,0.0
2022-12-01 00:00:00-05:00,9.325968605167256,9.325968605167256,8.933099255039096,9.241782188415527,47100,0.0,0.0
2022-12-02 00:00:00-05:00,9.269843933428756,9.503694692161348,9.21372025089205,9.3727388381958,68600,0.0,0.0
2022-12-05 00:00:00-05:00,9.447568890131416,9.793667828362496,9.447568890131416,9.634649276733398,69800,0.0,0.0
2022-12-06 00:00:00-05:00,9.718837247192363,9.803022765740574,9.569172021610468,9.625296592712402,42100,0.0,0.0
2022-12-07 00:00:00-05:00,9.625296646763617,9.924625315468711,9.49433990817024,9.840439796447754,91600,0.0,0.0
2022-12-08 00:00:00-05:00,9.859146814171218,10.036872977777444,9.718836731959449,9.87785530090332,45000,0.0,0.0
2022-12-09 00:00:00-05:00,9.924624401114544,9.924624401114544,9.531755113599198,9.68142032623291,42900,0.0,0.0
2022-12-12 00:00:00-05:00,9.681419404901032,9.803020984734781,9.587878767415466,9.709481239318848,77000,0.0,0.0
2022-12-13 00:00:00-05:00,9.774959739521169,9.905916461480697,9.204364314260474,9.4849853515625,243500,0.0,0.0
2022-12-14 00:00:00-05:00,9.53175488552534,10.392325600246473,9.232426251559623,9.38209056854248,282700,0.0,0.0
2022-12-15 00:00:00-05:00,9.36338291402421,10.23330697384365,9.26048802771579,9.325966835021973,267500,0.0,0.0
2022-12-16 00:00:00-05:00,9.363384009066225,9.821731253464485,9.335321277480361,9.625296592712402,263700,0.0,0.0
2022-12-19 00:00:00-05:00,9.62529647978199,10.111706450059227,9.195011079948198,9.354029655456543,241300,0.0,0.0
2022-12-20 00:00:00-05:00,9.466278606446927,9.812377622322781,9.29790577469711,9.3727388381958,293100,0.0,0.0
2022-12-21 00:00:00-05:00,9.494338317729675,9.728189023999565,9.46627648275679,9.634649276733398,134700,0.0,0.0
2022-12-22 00:00:00-05:00,9.58788148359939,9.971396600212183,9.58788148359939,9.653359413146973,69500,0.0,0.0
2022-12-23 00:00:00-05:00,9.737544750638024,10.121059824648585,9.68142107213734,9.971395492553711,62300,0.0,0.0
2022-12-27 00:00:00-05:00,9.99945768005183,10.195892345784962,9.877856075042105,9.98075008392334,94600,0.0,0.0
2022-12-28 00:00:00-05:00,10.018165042398762,10.214599686056372,9.896562558985028,10.083642959594727,60500,0.0,0.0
2022-12-29 00:00:00-05:00,10.167829861412883,10.3455569197583,10.10235194100655,10.177184104919434,66700,0.0,0.0
2022-12-30 00:00:00-05:00,9.990104820709384,10.252017423913827,9.587881225307306,9.672067642211914,86300,0.0,0.0
2023-01-03 00:00:00-05:00,9.681420928658344,9.76560644516174,9.297904968261719,9.297904968261719,131000,0.0,0.0
2023-01-04 00:00:00-05:00,9.372739365759175,9.728191754018596,9.232428367380026,9.522403717041016,105900,0.0,0.0
2023-01-05 00:00:00-05:00,9.456924064885571,9.531756233963355,9.297905482577827,9.41950798034668,51800,0.0,0.0
2023-01-06 00:00:00-05:00,9.466278977246814,9.71883823476444,9.466278977246814,9.653359413146973,57200,0.0,0.0
2023-01-09 00:00:00-05:00,9.653356710260384,10.008809884980698,9.53175423795583,9.924623489379883,51100,0.0,0.0
2023-01-10 00:00:00-05:00,9.803023336566573,10.270724852060852,9.784315739823121,10.205246925354004,63400,0.0,0.0
2023-01-11 00:00:00-05:00,10.18653563047021,10.261367774416495,9.94333071661002,10.074287414550781,62900,0.0,0.0
2023-01-12 00:00:00-05:00,10.064936087203643,10.280078340312619,10.036873356047861,10.130414009094238,52900,0.0,0.0
2023-01-13 00:00:00-05:00,10.195890171491996,10.289430808396176,10.07428859241404,10.214598655700684,50200,0.0,0.0
2023-01-17 00:00:00-05:00,10.186539513052765,10.289433527179408,9.86850233402695,10.1023530960083,101600,0.0,0.0
2023-01-18 00:00:00-05:00,10.139767003320896,10.149121245886795,9.466276703760519,9.587879180908203,98500,0.0,0.0
2023-01-19 00:00:00-05:00,9.690773540027045,9.924624260615175,9.241780584691291,9.41015338897705,72300,0.0,0.0
2023-01-20 00:00:00-05:00,9.410152626676453,9.924623456638162,9.410152626676453,9.709481239318848,82500,0.0,0.0
2023-01-23 00:00:00-05:00,9.700127920268551,9.812376160691548,9.615941516933875,9.68142032623291,42000,0.0,0.0
2023-01-24 00:00:00-05:00,9.793668976272878,9.80302232764704,9.61594191911747,9.746898651123047,30900,0.0,0.0
2023-01-25 00:00:00-05:00,9.625294843995766,9.859145545640047,9.59723300957795,9.709481239318848,109300,0.0,0.0
2023-01-26 00:00:00-05:00,9.784315406473052,9.849793330949078,9.447570647935155,9.578526496887207,59600,0.0,0.0
2023-01-27 00:00:00-05:00,9.54111102860302,9.821732124870437,9.513049186597241,9.756254196166992,101800,0.0,0.0
2023-01-30 00:00:00-05:00,9.756251558061631,9.99010225970591,9.681419404901032,9.709481239318848,73600,0.0,0.0
2023-01-31 00:00:00-05:00,9.73754395077178,10.242661476135254,9.73754395077178,10.242661476135254,120100,0.0,0.0
2023-02-01 00:00:00-05:00,10.289432638114047,10.841320531434965,10.223954715879287,10.560699462890625,121300,0.0,0.0
2023-02-02 00:00:00-05:00,10.635530820114969,10.803903626851632,10.570052902859475,10.644885063171387,62800,0.0,0.0
2023-02-03 00:00:00-05:00,10.541989901231219,10.76648635736779,10.457803507162598,10.691654205322266,105500,0.0,0.0
2023-02-06 00:00:00-05:00,10.757132783228037,12.11346673835155,10.757132783228037,11.458684921264648,204000,0.0,0.0
2023-02-07 00:00:00-05:00,11.486747166475181,11.832846126528953,11.309021011014483,11.524163246154785,81800,0.0,0.0
2023-02-08 00:00:00-05:00,11.383853688560396,11.795430583770804,11.271605444412105,11.645766258239746,50100,0.0,0.0
2023-02-09 00:00:00-05:00,11.78607698193213,12.076051383466917,11.664474497005703,11.879616737365723,84600,0.0,0.0
2023-02-10 00:00:00-05:00,11.879616465180991,12.235069668651882,11.870262222231037,12.085405349731445,218600,0.0,0.0
2023-02-13 00:00:00-05:00,12.328609735657102,12.394087649095692,11.758013431453392,11.93574047088623,168100,0.0,0.0
2023-02-14 00:00:00-05:00,11.935741304281661,12.019927708620704,11.701890577593085,11.879616737365723,40000,0.0,0.0
2023-02-15 00:00:00-05:00,11.870262115764303,12.057343404806586,11.71124444738988,11.84220027923584,50900,0.0,0.0
2023-02-16 00:00:00-05:00,11.767368120446806,11.95444851741939,11.701890204523826,11.84220027923584,32600,0.0,0.0
2023-02-17 00:00:00-05:00,11.837494850158691,12.03510012719955,11.79044580374212,11.837494850158691,32200,0.075,0.0
2023-02-21 00:00:00-05:00,11.893954430073016,12.148017856541003,11.66811917640752,11.696349143981934,65900,0.0,0.0
2023-02-22 00:00:00-05:00,11.686941890506484,11.809269086472456,11.084715902070814,11.169404029846191,83000,0.0,0.0
2023-02-23 00:00:00-05:00,11.197630788731084,11.508153261371818,11.178811707224426,11.301138877868652,58700,0.0,0.0
2023-02-24 00:00:00-05:00,11.254090551185643,11.385827719741327,11.10353429991403,11.141173362731934,55300,0.0,0.0
2023-02-27 00:00:00-05:00,11.197631436401199,11.348188584092604,10.934157998366805,11.056485176086426,51600,0.0,0.0
2023-02-28 00:00:00-05:00,11.01884457930006,11.112942671332176,10.74596118927002,10.74596118927002,54500,0.0,0.0
2023-03-01 00:00:00-05:00,10.72714093642783,11.16940052180374,10.661272812128441,11.047073364257812,83800,0.0,0.0
2023-03-02 00:00:00-05:00,10.952976665884963,11.385826282338817,10.952976665884963,11.272908210754395,64400,0.0,0.0
2023-03-03 00:00:00-05:00,11.301141217206355,11.301141217206355,11.009437765689626,11.169404029846191,39800,0.0,0.0
2023-03-06 00:00:00-05:00,11.15058313475505,11.169402217103011,10.689503502518692,10.88710880279541,78200,0.0,0.0
2023-03-07 00:00:00-05:00,10.915339310360608,11.065895566108578,10.745963073951108,11.01884651184082,38000,0.0,0.0
2023-03-08 00:00:00-05:00,11.03766464917485,11.047074638699169,10.71773308182198,10.924747467041016,54800,0.0,0.0
2023-03-09 00:00:00-05:00,10.924748246590875,11.42346695833454,10.840061026987025,11.122353553771973,87400,0.0,0.0
2023-03-10 00:00:00-05:00,11.094123116554671,11.216450281901588,10.755371587630403,10.981205940246582,81700,0.0,0.0
2023-03-13 00:00:00-04:00,11.319958576823707,11.319958576823707,7.791293106720279,8.431158065795898,425100,0.0,0.0
2023-03-14 00:00:00-04:00,8.581713377891292,9.682656956055611,8.581713377891292,9.071022033691406,290900,0.0,0.0
2023-03-15 00:00:00-04:00,8.920466584709038,9.597970659935706,8.826369369813124,9.44741439819336,138000,0.0,0.0
2023-03-16 00:00:00-04:00,9.372133156664956,10.106095137746351,9.325084116139756,10.030817031860352,102300,0.0,0.0
2023-03-17 00:00:00-04:00,9.757934683195742,10.096686194728672,9.757934683195742,10.021408081054688,118500,0.0,0.0
2023-03-20 00:00:00-04:00,10.059050722702343,10.548359533347373,10.049641628179339,10.313115119934082,93400,0.0,0.0
2023-03-21 00:00:00-04:00,10.49189789588323,10.51071787506768,9.946131062938163,10.19078540802002,155800,0.0,0.0
2023-03-22 00:00:00-04:00,10.162556090405435,10.463668570973129,10.096687062241768,10.124917030334473,80000,0.0,0.0
2023-03-23 00:00:00-04:00,10.124918856676521,10.426031391559166,10.115508865614903,10.219016075134277,62000,0.0,0.0
2023-03-24 00:00:00-04:00,10.124917717220649,11.103534242842114,10.04022960196915,10.962387084960938,222900,0.0,0.0
2023-03-27 00:00:00-04:00,11.479923588921118,12.336212841178915,11.423465449973317,12.091559410095215,249900,0.0,0.0
2023-03-28 00:00:00-04:00,12.091560680698123,12.48677128440592,12.053921618315762,12.420902252197266,178800,0.0,0.0
2023-03-29 00:00:00-04:00,12.571457467812797,13.107815184382321,12.514999327575557,12.60909652709961,143000,0.0,0.0
2023-03-30 00:00:00-04:00,12.750246196662536,13.023129654861831,12.684377156830887,12.82552433013916,84600,0.0,0.0
2023-03-31 00:00:00-04:00,12.891390563395085,13.013717736524718,12.750244308376432,13.004307746887207,101000,0.0,0.0
2023-04-03 00:00:00-04:00,13.0325376930369,13.5971236095114,12.844341490159398,13.465387344360352,157100,0.0,0.0
2023-04-04 00:00:00-04:00,13.503028324659793,13.98292619752506,13.399520218888238,13.550076484680176,139200,0.0,0.0
2023-04-05 00:00:00-04:00,13.54066563194595,13.851188114146224,12.834932554693328,13.267782211303711,140400,0.0,0.0
2023-04-06 00:00:00-04:00,13.399519717436231,13.88882846033469,13.20191440163279,13.69122314453125,87600,0.0,0.0
2023-04-10 00:00:00-04:00,13.822956317474874,14.905080764631622,13.813547226368804,14.632197380065918,240300,0.0,0.0
2023-04-11 00:00:00-04:00,14.632196857781281,14.989768331239647,13.954692966103018,14.867441177368164,204600,0.0,0.0
2023-04-12 00:00:00-04:00,14.9991788999224,15.48848666623538,14.782754535322763,15.272062301635742,153900,0.0,0.0
2023-04-13 00:00:00-04:00,15.309703221336559,15.629635691212176,14.472232985331916,14.726296424865723,128100,0.0,0.0
2023-04-14 00:00:00-04:00,14.641608811666242,15.168556553136716,14.500461662532693,15.130916595458984,98000,0.0,0.0
2023-04-17 00:00:00-04:00,15.243835475713695,15.384981734887106,14.886263038050856,15.055639266967773,105800,0.0,0.0
2023-04-18 00:00:00-04:00,15.055637732942655,15.375570178349436,14.698066229098954,14.839213371276855,79700,0.0,0.0
2023-04-19 00:00:00-04:00,15.00859094413428,15.018000934506066,14.829805614000692,14.895673751831055,66500,0.0,0.0
2023-04-20 00:00:00-04:00,14.86744420958165,14.933312345336299,14.707477967846605,14.848624229431152,56400,0.0,0.0
2023-04-21 00:00:00-04:00,14.867442610245883,14.989769775906877,14.688656407592914,14.820393562316895,75200,0.0,0.0
2023-04-24 00:00:00-04:00,14.71688669806791,14.989770105187343,14.491051442525023,14.97095012664795,113000,0.0,0.0
2023-04-25 00:00:00-04:00,14.829803368438158,14.98035960204489,14.396953748125833,14.4722318649292,94300,0.0,0.0
2023-04-26 00:00:00-04:00,14.331084112360388,14.72629465743454,14.142888828369339,14.622787475585938,84700,0.0,0.0
2023-04-27 00:00:00-04:00,14.782755949852108,14.933312200047114,14.293447239332306,14.500462532043457,78700,0.0,0.0
2023-04-28 00:00:00-04:00,14.472232827744376,14.829804355042013,14.340495665881248,14.651018142700195,74900,0.0,0.0
2023-05-01 00:00:00-04:00,14.641609901450497,15.036819615236581,14.594560848237423,14.93331241607666,97700,0.0,0.0
2023-05-02 00:00:00-04:00,14.848625514498325,15.008591770077572,14.51928390983632,14.641611099243164,91400,0.0,0.0
2023-05-03 00:00:00-04:00,14.745118200397243,14.745118200397243,14.058204125978374,14.37813663482666,115600,0.0,0.0
2023-05-04 00:00:00-04:00,14.265217447846839,14.274627437356303,13.578304366603797,13.662992477416992,111700,0.0,0.0
2023-05-05 00:00:00-04:00,13.719449267711958,14.481641292534135,13.719449267711958,14.434592247009277,91800,0.0,0.0
2023-05-08 00:00:00-04:00,14.199350526440451,14.293447737398198,12.317395538652688,13.277192115783691,207200,0.0,0.0
2023-05-09 00:00:00-04:00,13.277190597288586,13.465386792452462,12.87257093141257,13.333649635314941,99000,0.0,0.0
2023-05-10 00:00:00-04:00,13.418338706140501,13.587714037596697,12.994899031420966,13.512435913085938,108400,0.0,0.0
2023-05-11 00:00:00-04:00,13.775908835805092,14.547509981732565,13.775908835805092,14.4722318649292,168600,0.0,0.0
2023-05-12 00:00:00-04:00,14.63219694391056,15.027407474933714,14.575737912027595,14.952129364013672,127800,0.0,0.0
2023-05-15 00:00:00-04:00,15.008588643365297,15.206193923950195,14.726295257188877,15.206193923950195,124500,0.0,0.0
2023-05-16 00:00:00-04:00,15.187373414927144,15.864878235964186,14.519280377262072,14.613377571105957,139400,0.0,0.0
2023-05-17 00:00:00-04:00,14.603969487100928,14.735705747045158,13.992333646695688,14.246397972106934,153000,0.0,0.0
2023-05-18 00:00:00-04:00,14.194388859167642,14.478087679965883,14.166018345790235,14.29841136932373,108700,0.075,0.0
2023-05-19 00:00:00-04:00,14.478087014606311,15.149507135502887,14.374063607377064,14.705045700073242,255600,0.0,0.0
2023-05-22 00:00:00-04:00,14.780696848374744,14.998198670778393,13.84449170507866,13.853947639465332,219300,0.0,0.0
2023-05-23 00:00:00-04:00,13.84449249883638,14.411889177977054,13.84449249883638,14.156560897827148,110200,0.0,0.0
2023-05-24 00:00:00-04:00,14.156559481575743,14.39297496636293,14.109276204247605,14.260581970214844,127100,0.0,0.0
2023-05-25 00:00:00-04:00,14.3740633500436,14.392977024420732,14.090364547362066,14.128190994262695,118500,0.0,0.0
2023-05-26 00:00:00-04:00,14.374061835986733,14.80906638045064,14.241669736706548,14.742870330810547,188200,0.0,0.0
2023-05-30 00:00:00-04:00,14.695586921860947,14.695586921860947,13.352746857417438,13.400030136108398,118000,0.0,0.0
2023-05-31 00:00:00-04:00,13.400030903105218,13.551336682093973,12.993395945682751,13.32437801361084,147100,0.0,0.0
2023-06-01 00:00:00-04:00,13.239268853250817,13.96742907306935,13.239268853250817,13.466227531433105,151300,0.0,0.0
2023-06-02 00:00:00-04:00,13.77829584528499,13.787752682274728,13.381117710252088,13.428400993347168,147700,0.0,0.0
2023-06-05 00:00:00-04:00,13.447312654032128,13.485139094474201,12.652956502895131,12.756978988647461,158900,0.0,0.0
2023-06-06 00:00:00-04:00,12.586762097118072,13.33383506955174,12.586762097118072,13.229811668395996,145400,0.0,0.0
2023-06-07 00:00:00-04:00,13.248723519688097,13.617531085846977,13.144700132840438,13.43785572052002,140400,0.0,0.0
2023-06-08 00:00:00-04:00,13.55133513948845,13.61753118479726,13.24872361595848,13.475682258605957,113900,0.0,0.0
2023-06-09 00:00:00-04:00,13.41894415635743,13.570250842632413,13.277095208925799,13.428400993347168,84500,0.0,0.0
2023-06-12 00:00:00-04:00,13.381115972667201,13.57024908048793,13.258180715178623,13.29600715637207,101800,0.0,0.0
2023-06-13 00:00:00-04:00,13.352747934620997,13.579706608422761,13.24872543459192,13.267638206481934,105200,0.0,0.0
2023-06-14 00:00:00-04:00,13.239268689712464,13.541880256884165,13.144702124044501,13.305464744567871,92600,0.0,0.0
2023-06-15 00:00:00-04:00,13.305463950117659,13.456769724669257,12.946112284630832,13.25818157196045,97600,0.0,0.0
2023-06-16 00:00:00-04:00,13.191984441992865,13.362203887003593,12.879916060708892,13.097418785095215,204100,0.0,0.0
2023-06-20 00:00:00-04:00,13.097419345127706,13.702642461082728,13.050136063730324,13.32437801361084,160100,0.0,0.0
2023-06-21 00:00:00-04:00,13.437856957506952,13.759382179445122,13.333834462937242,13.551336288452148,126400,0.0,0.0
2023-06-22 00:00:00-04:00,13.626990359037057,13.806666658359157,13.352748393309206,13.456770896911621,131700,0.0,0.0
2023-06-23 00:00:00-04:00,13.29600750665722,13.494596553618043,12.331431878032218,12.435454368591309,2783900,0.0,0.0
2023-06-26 00:00:00-04:00,12.388171132784617,13.050134276110892,12.359800626720258,12.643499374389648,190200,0.0,0.0
2023-06-27 00:00:00-04:00,12.539477910290554,13.06904810725511,12.539477910290554,12.851546287536621,128700,0.0,0.0
2023-06-28 00:00:00-04:00,12.81372145015281,13.10687619187731,12.596218701332836,13.03122329711914,145800,0.0,0.0
2023-06-29 00:00:00-04:00,13.03122269580836,13.343291097749189,13.03122269580836,13.267638206481934,114300,0.0,0.0
2023-06-30 00:00:00-04:00,13.362203396645159,13.645902160634177,13.33383379080231,13.371660232543945,354900,0.0,0.0
2023-07-03 00:00:00-04:00,13.078505288290259,13.409487346512048,13.078505288290259,13.25818157196045,96000,0.0,0.0
2023-07-05 00:00:00-04:00,13.22035358999671,13.343289751364713,12.993394939095865,13.116331100463867,131700,0.0,0.0
2023-07-06 00:00:00-04:00,13.012308138021558,13.012308138021558,12.652956502895131,12.756978988647461,121800,0.0,0.0
2023-07-07 00:00:00-04:00,12.72860863154024,13.031220137192996,12.70969496151023,12.83263111114502,197800,0.0,0.0
2023-07-10 00:00:00-04:00,12.7286117219178,13.012310528273156,12.615132379746386,12.8231782913208,126000,0.0,0.0
2023-07-11 00:00:00-04:00,12.823177399565989,12.823177399565989,12.246322989660097,12.482738494873047,175700,0.0,0.0
2023-07-12 00:00:00-04:00,12.605673693735078,12.756979461107035,12.51110713820085,12.56784725189209,96900,0.0,0.0
2023-07-13 00:00:00-04:00,12.596215146726575,12.728608126119376,12.47327900197327,12.558388710021973,93900,0.0,0.0
2023-07-14 00:00:00-04:00,12.511106583862095,12.738066126717477,12.255778338198313,12.634042739868164,102300,0.0,0.0
2023-07-17 00:00:00-04:00,12.586761663102951,13.087962272427102,12.586761663102951,12.95556926727295,98700,0.0,0.0
2023-07-18 00:00:00-04:00,12.955569332415442,13.201441671000765,12.955569332415442,13.163615226745605,79000,0.0,0.0
2023-07-19 00:00:00-04:00,13.229811790769475,13.352747964820203,12.81372088785852,12.889373779296875,93900,0.0,0.0
2023-07-20 00:00:00-04:00,12.90828608013347,13.078505530584303,12.879916472342854,12.993395805358887,72200,0.0,0.0
2023-07-21 00:00:00-04:00,13.097418410317605,13.201440900484517,12.832632414132433,12.861002922058105,85200,0.0,0.0
2023-07-24 00:00:00-04:00,12.889371414803124,13.201439760202291,12.813718537242927,13.078503608703613,73400,0.0,0.0
2023-07-25 00:00:00-04:00,13.078506837523168,13.286552753102766,12.879917759436658,13.021767616271973,77700,0.0,0.0
2023-07-26 00:00:00-04:00,13.021765623176728,13.229810605059559,12.842089345723757,12.898829460144043,71700,0.0,0.0
2023-07-27 00:00:00-04:00,12.908286223885641,12.908286223885641,12.416542442006568,12.482738494873047,70400,0.0,0.0
2023-07-28 00:00:00-04:00,12.643499374389648,12.662413045099221,12.492193616126896,12.643499374389648,70800,0.0,0.0
2023-07-31 00:00:00-04:00,12.624587653020335,12.832632636966792,12.539477931472451,12.681326866149902,70300,0.0,0.0
2023-08-01 00:00:00-04:00,12.64350042344568,12.766436587697786,12.473280980349912,12.681326866149902,69300,0.0,0.0
2023-08-02 00:00:00-04:00,12.501651873581446,12.79480658809938,12.359802032684184,12.747523307800293,92200,0.0,0.0
2023-08-03 00:00:00-04:00,12.681326740362055,13.012308787131094,12.596217019658386,12.898829460144043,87500,0.0,0.0
2023-08-04 00:00:00-04:00,12.917742527445386,13.154158022901864,12.842089641047597,12.927199363708496,61300,0.0,0.0
2023-08-07 00:00:00-04:00,13.362204423723012,14.090363708682396,13.116332082576799,13.787752151489258,129200,0.0,0.0
2023-08-08 00:00:00-04:00,13.85394657228241,14.31732159196966,13.570248721757874,14.071449279785156,119300,0.0,0.0
2023-08-09 00:00:00-04:00,14.15656191880401,14.837437982877873,14.118735470799907,14.279498100280762,157600,0.0,0.0
2023-08-10 00:00:00-04:00,14.26058262728735,14.421345236498237,14.014710295334988,14.232213020324707,89800,0.0,0.0
2023-08-11 00:00:00-04:00,14.246468814146692,14.816708097242222,14.179941230121344,14.607620239257812,71400,0.075,0.0
2023-08-14 00:00:00-04:00,14.53158741423051,14.816707035344043,14.379523858002035,14.683650970458984,78800,0.0,0.0
2023-08-15 00:00:00-04:00,14.607620630289967,14.797700094286604,14.332005180902245,14.474564552307129,58200,0.0,0.0
2023-08-16 00:00:00-04:00,14.474565138084818,14.921252576331899,14.436549243747008,14.778693199157715,86100,0.0,0.0
2023-08-17 00:00:00-04:00,14.769188086358843,14.778692285948614,14.217957199337203,14.446052551269531,96200,0.0,0.0
2023-08-18 00:00:00-04:00,14.379525325390029,14.902244533045074,14.122917368290677,14.731172561645508,147700,0.0,0.0
2023-08-21 00:00:00-04:00,14.84521816809466,14.959265830983437,14.579106954687516,14.636130332946777,67100,0.0,0.0
2023-08-22 00:00:00-04:00,14.531588029316673,14.702659990499905,14.332004376726346,14.56960391998291,106300,0.0,0.0
2023-08-23 00:00:00-04:00,14.645636476050186,14.864228538722026,14.56960469069573,14.807204246520996,99600,0.0,0.0
2023-08-24 00:00:00-04:00,14.750180277790143,14.91174713550575,14.341508767882116,14.417540550231934,80500,0.0,0.0
2023-08-25 00:00:00-04:00,14.465060163305465,14.73117139274557,14.35101249354542,14.626627922058105,60200,0.0,0.0
2023-08-28 00:00:00-04:00,14.683650877700538,14.892738719379,14.655139187680383,14.759682655334473,46700,0.0,0.0
2023-08-29 00:00:00-04:00,14.674147614434311,15.17785930633545,14.370020484509354,15.17785930633545,106400,0.0,0.0
2023-08-30 00:00:00-04:00,15.187362868807709,15.3299222368966,15.01629180837511,15.035299301147461,94300,0.0,0.0
2023-08-31 00:00:00-04:00,15.187362170906145,15.187362170906145,14.50307614787988,14.550596237182617,92300,0.0,0.0
2023-09-01 00:00:00-04:00,14.58861243755692,14.77869189243932,14.455556365954072,14.579108238220215,95500,0.0,0.0
2023-09-05 00:00:00-04:00,14.579108148829876,14.87373107549856,14.027877279865567,14.236964225769043,92200,0.0,0.0
2023-09-06 00:00:00-04:00,14.274981142079719,14.408036307607436,14.141925070181665,14.246468544006348,49100,0.0,0.0
2023-09-07 00:00:00-04:00,14.30349324335706,14.360516628395967,14.15142967475949,14.198948860168457,84100,0.0,0.0
2023-09-08 00:00:00-04:00,14.0848994407449,14.151427923551356,13.79978073809245,13.961347579956055,78300,0.0,0.0
2023-09-11 00:00:00-04:00,13.951845694745245,13.999364879065547,13.790277930219258,13.913829803466797,52900,0.0,0.0
2023-09-12 00:00:00-04:00,13.866309261159692,14.00886862221822,13.752261591038806,13.790277481079102,60000,0.0,0.0
2023-09-13 00:00:00-04:00,13.828293970272304,13.98986173653655,13.657222004493606,13.761765480041504,81300,0.0,0.0
2023-09-14 00:00:00-04:00,13.799782124716435,14.09440505542688,13.723749435816277,14.084900856018066,71400,0.0,0.0
2023-09-15 00:00:00-04:00,14.046884559492057,14.645635509417774,13.942341088122289,14.550596237182617,225400,0.0,0.0
2023-09-18 00:00:00-04:00,14.303492915663467,14.370020498808163,13.828293821497706,13.913829803466797,101700,0.0,0.0
2023-09-19 00:00:00-04:00,13.932838249461373,14.322501388325945,13.847302261638339,14.170437812805176,99200,0.0,0.0
2023-09-20 00:00:00-04:00,14.255970205503077,14.541089790887174,14.170434239250831,14.18944263458252,81400,0.0,0.0
2023-09-21 00:00:00-04:00,14.189445390321545,14.550596814431437,14.103909407457314,14.436548233032227,71100,0.0,0.0
2023-09-22 00:00:00-04:00,14.446051667264689,14.588611933276397,14.122916151949179,14.284483909606934,67600,0.0,0.0
2023-09-25 00:00:00-04:00,14.12291773400939,14.351014003905584,13.980358358398371,14.255973815917969,59500,0.0,0.0
2023-09-26 00:00:00-04:00,14.217956401977814,14.541091918945312,14.217956401977814,14.541091918945312,43600,0.0,0.0
2023-09-27 00:00:00-04:00,14.541092357291372,14.721667612961841,14.065893266571852,14.160932540893555,72000,0.0,0.0
2023-09-28 00:00:00-04:00,14.17043676594923,14.255972747453203,13.913829727807647,14.075397491455078,61000,0.0,0.0
2023-09-29 00:00:00-04:00,14.113413432897838,14.151429324105246,13.837797995051545,13.999364852905273,72400,0.0,0.0
2023-10-02 00:00:00-04:00,13.970853477597538,13.970853477597538,13.505158573164037,13.856805801391602,93000,0.0,0.0
2023-10-03 00:00:00-04:00,13.80928382775063,14.474562301471352,13.80928382775063,14.360514640808105,107300,0.0,0.0
2023-10-04 00:00:00-04:00,14.312998053696147,14.588613510131836,14.113414384803377,14.588613510131836,77600,0.0,0.0
2023-10-05 00:00:00-04:00,14.61712416837018,15.016291477878143,14.43654800597021,14.92125129699707,82300,0.0,0.0
2023-10-06 00:00:00-04:00,14.902242653713337,15.244386553364475,14.835714169686577,15.234882354736328,44700,0.0,0.0
2023-10-09 00:00:00-04:00,15.263394134497977,15.78611421673365,15.253889935249257,15.74809741973877,100400,0.0,0.0
2023-10-10 00:00:00-04:00,15.909664622379799,16.78403098238739,15.909664622379799,16.62246322631836,160600,0.0,0.0
2023-10-11 00:00:00-04:00,16.688991256848293,17.34476649775547,16.688991256848293,17.335262298583984,129400,0.0,0.0
2023-10-12 00:00:00-04:00,17.449314386487703,17.96252855581563,17.373282590559825,17.648897171020508,132500,0.0,0.0
2023-10-13 00:00:00-04:00,17.79145257763087,18.171613284879278,17.67740581564883,17.972028732299805,135100,0.0,0.0
2023-10-16 00:00:00-04:00,18.238143550645585,18.912925461175384,17.972031378931106,18.884414672851562,148500,0.0,0.0
2023-10-17 00:00:00-04:00,18.789372274284847,19.388122324362982,18.67532369616772,19.0269718170166,181700,0.0,0.0
2023-10-18 00:00:00-04:00,18.94144312792476,19.331106382982387,18.599299074609245,18.656322479248047,147600,0.0,0.0
2023-10-19 00:00:00-04:00,18.52326086967966,18.732347823002996,18.124093549523668,18.24764633178711,142200,0.0,0.0
2023-10-20 00:00:00-04:00,18.257146695089244,18.36169106653386,17.6298840919026,17.905500411987305,148800,0.0,0.0
2023-10-23 00:00:00-04:00,17.77244458110878,18.314171189355182,17.31625213118614,18.01004409790039,134700,0.0,0.0
2023-10-24 00:00:00-04:00,18.152606069488616,18.61830097219014,17.96252570348196,18.40921401977539,171900,0.0,0.0
2023-10-25 00:00:00-04:00,18.428219199717553,18.56127617086342,18.09558130370434,18.45673179626465,184700,0.0,0.0
2023-10-26 00:00:00-04:00,18.513751741338968,18.7038320575685,18.36168821345144,18.49474334716797,107200,0.0,0.0
2023-10-27 00:00:00-04:00,18.51375449192802,18.5327628889231,18.07657223748425,18.228635787963867,109500,0.0,0.0
2023-10-30 00:00:00-04:00,18.456733150940888,19.083995819091797,18.447228951394273,19.083995819091797,218000,0.0,0.0
2023-10-31 00:00:00-04:00,19.093501284333204,19.321596650350113,18.58978955141617,18.85590171813965,164600,0.0,0.0
2023-11-01 00:00:00-04:00,18.922428522088218,19.312091649470467,18.789373350613527,19.122013092041016,114900,0.0,0.0
2023-11-02 00:00:00-04:00,19.483161554985134,19.492665753760335,19.103002667679878,19.112506866455078,184200,0.0,0.0
2023-11-03 00:00:00-04:00,19.44514481408777,19.929848076530796,19.255066276275578,19.283578872680664,191500,0.0,0.0
2023-11-06 00:00:00-05:00,19.958361578463045,22.5719565470713,19.83481061391654,21.887670516967773,490600,0.0,0.0
2023-11-07 00:00:00-05:00,21.631061987448582,21.71659796547718,19.045979686863777,20.329015731811523,270800,0.0,0.0
2023-11-08 00:00:00-05:00,20.329015508774894,21.982708044616864,20.17695195233475,21.82114028930664,240600,0.0,0.0
2023-11-09 00:00:00-05:00,21.925685081042783,23.2277313471524,21.66907714489306,23.19921875,302300,0.0,0.0
2023-11-10 00:00:00-05:00,23.261185115609308,23.737848752479692,22.6415227513433,23.12771987915039,311400,0.075,0.0
2023-11-13 00:00:00-05:00,23.137250915532977,23.528114910835033,22.164856763076862,22.75592041015625,192100,0.0,0.0
2023-11-14 00:00:00-05:00,23.01331953226534,24.347979154275357,22.946586914830327,24.33844566345215,258700,0.0,0.0
2023-11-15 00:00:00-05:00,24.548178062612603,24.862776000002306,23.59485075921017,23.623451232910156,231200,0.0,0.0
2023-11-16 00:00:00-05:00,23.77598442087767,24.414713812811648,23.718783471156343,24.271713256835938,237300,0.0,0.0
2023-11-17 00:00:00-05:00,24.35751351890772,25.034376895546888,24.128715168844913,24.16684913635254,219300,0.0,0.0
2023-11-20 00:00:00-05:00,24.386111166783753,24.64350996262994,22.717788466660433,23.45185089111328,430000,0.0,0.0
2023-11-21 00:00:00-05:00,23.432783308670352,23.938047396634524,23.24211713478607,23.842714309692383,183400,0.0,0.0
2023-11-22 00:00:00-05:00,23.918978532771295,24.64350739084111,23.632981112784876,24.414709091186523,174100,0.0,0.0
2023-11-24 00:00:00-05:00,24.54817504837083,24.73884121297065,24.0810449452613,24.147777557373047,80000,0.0,0.0
2023-11-27 00:00:00-05:00,24.357511397025746,24.519577108159655,23.918981718856053,24.424245834350586,171100,0.0,0.0
2023-11-28 00:00:00-05:00,24.42424289164059,25.062972168173694,23.223050439429354,23.32791519165039,195700,0.0,0.0
2023-11-29 00:00:00-05:00,23.327916798424877,23.728314310073767,22.898920633440103,22.98472023010254,160300,0.0,0.0
2023-11-30 00:00:00-05:00,23.10865345951494,23.528117979298223,22.0790600515578,23.118186950683594,527800,0.0,0.0
2023-12-01 00:00:00-05:00,22.898922734369727,23.194453695361698,22.336459468345527,22.536657333374023,185100,0.0,0.0
2023-12-04 00:00:00-05:00,22.2220560673338,22.898919310988852,22.21252257732995,22.593854904174805,179700,0.0,0.0
2023-12-05 00:00:00-05:00,22.651059540512033,22.679660017486675,22.23159496985596,22.660593032836914,206300,0.0,0.0
2023-12-06 00:00:00-05:00,22.670122064381477,24.0333784686934,22.26019106671205,24.004779815673828,249200,0.0,0.0
2023-12-07 00:00:00-05:00,24.023848992138323,24.862776226718267,23.947582879903784,24.63397789001465,262500,0.0,0.0
2023-12-08 00:00:00-05:00,24.872305691778383,25.692167629328363,24.63397390233499,25.272703170776367,262300,0.0,0.0
2023-12-11 00:00:00-05:00,25.425236666348027,26.054432477079285,25.17737137449521,26.044898986816406,194800,0.0,0.0
2023-12-12 00:00:00-05:00,26.283234986607898,26.502499842695094,24.79604481627054,26.292768478393555,262500,0.0,0.0
2023-12-13 00:00:00-05:00,26.492965735704136,26.55016486283637,25.835169409537333,25.920969009399414,277400,0.0,0.0
2023-12-14 00:00:00-05:00,26.08303655546917,26.33090188160478,25.38710621664213,26.30230140686035,248900,0.0,0.0
2023-12-15 00:00:00-05:00,26.31183589961346,27.217495814383184,25.873304361817276,26.159303665161133,347700,0.0,0.0
2023-12-18 00:00:00-05:00,26.206966863218927,27.379558988120596,26.073501625098327,27.24609375,204800,0.0,0.0
2023-12-19 00:00:00-05:00,27.312824292428708,27.675089651680363,26.883828137517884,27.59882354736328,221000,0.0,0.0
2023-12-20 00:00:00-05:00,27.656023644405916,27.808555858408635,26.54063069305642,26.597829818725586,180900,0.0,0.0
2023-12-21 00:00:00-05:00,26.693160976122776,27.541621582427663,26.693160976122776,27.455821990966797,166400,0.0,0.0
2023-12-22 00:00:00-05:00,27.77042368974922,28.742817980580014,27.513026698446097,28.12315559387207,202700,0.0,0.0
2023-12-26 00:00:00-05:00,28.23755500590172,29.20994745550403,28.075489294580084,29.18134880065918,154300,0.0,0.0
2023-12-27 00:00:00-05:00,29.362477738216324,29.457810824172537,28.29475226682339,28.418684005737305,181200,0.0,0.0
2023-12-28 00:00:00-05:00,28.43775148966419,28.838149003101506,27.484424249892243,27.522558212280273,183100,0.0,0.0
2023-12-29 00:00:00-05:00,27.608354385779506,27.684622306121167,26.540628957578505,26.817092895507812,246400,0.0,0.0
2024-01-02 00:00:00-05:00,26.83616237236638,27.131693317876604,26.235566990416256,27.09356117248535,215700,0.0,0.0
2024-01-03 00:00:00-05:00,27.103099282464196,27.35096463389597,26.53110245749301,26.82663345336914,180100,0.0,0.0
2024-01-04 00:00:00-05:00,26.931494055419023,28.18035220868024,26.931494055419023,27.84668731689453,172000,0.0,0.0
2024-01-05 00:00:00-05:00,27.77995486484426,27.81808882679269,25.539637331868345,25.74936866760254,309600,0.0,0.0
2024-01-08 00:00:00-05:00,25.806570190631916,26.39763392747365,25.558704869912965,26.025835037231445,207200,0.0,0.0
2024-01-09 00:00:00-05:00,25.730300360569267,25.730300360569267,24.03337732619345,24.405176162719727,291200,0.0,0.0
2024-01-10 00:00:00-05:00,23.928517365483867,23.928517365483867,21.707264664741405,22.612924575805664,534600,0.0,0.0
2024-01-11 00:00:00-05:00,22.51759132500508,22.784521801706617,22.117193791625272,22.202993392944336,270600,0.0,0.0
2024-01-12 00:00:00-05:00,22.10766061786624,22.155326255582093,20.725335304176237,20.896934509277344,322500,0.0,0.0
2024-01-16 00:00:00-05:00,20.782532418698747,20.83019987012183,19.772006086784923,19.819673538208008,365900,0.0,0.0
2024-01-17 00:00:00-05:00,19.571806625579075,19.800604918487238,18.94261086549982,19.114208221435547,223700,0.0,0.0
2024-01-18 00:00:00-05:00,19.13327768288371,19.219077281147285,18.628015402362017,19.200010299682617,207000,0.0,0.0
2024-01-19 00:00:00-05:00,19.200013324458574,19.209546816692818,18.351552517215804,18.580350875854492,181500,0.0,0.0
2024-01-22 00:00:00-05:00,18.53268178354573,19.39067592332535,18.446882187735028,19.30487632751465,207000,0.0,0.0
2024-01-23 00:00:00-05:00,19.161877617964752,19.38114244368005,18.732879638671875,18.732879638671875,132100,0.0,0.0
2024-01-24 00:00:00-05:00,19.037942722592707,19.304874981878214,18.427813922314115,18.437347412109375,154600,0.0,0.0
2024-01-25 00:00:00-05:00,18.637550881800543,19.047481975389086,18.51361911361991,19.009349822998047,140100,0.0,0.0
2024-01-26 00:00:00-05:00,19.10467927294013,19.219077526533894,18.370616842124868,18.561281204223633,134300,0.0,0.0
2024-01-29 00:00:00-05:00,18.637548795028582,18.875880630352874,18.380151794807325,18.790081024169922,111100,0.0,0.0
2024-01-30 00:00:00-05:00,18.76148037363296,18.76148037363296,18.094150578319763,18.380149841308594,104100,0.0,0.0
2024-01-31 00:00:00-05:00,18.40874873141357,18.542215783188304,17.731887255128026,17.74142074584961,136500,0.0,0.0
2024-02-01 00:00:00-05:00,17.693756529727803,18.380153440654713,17.636557393259817,18.351552963256836,133400,0.0,0.0
2024-02-02 00:00:00-05:00,18.256216690995675,18.79961293902709,18.141818437898245,18.151351928710938,172400,0.0,0.0
2024-02-05 00:00:00-05:00,17.979751749716076,17.979751749716076,17.426822041041227,17.62701988220215,103400,0.0,0.0
2024-02-06 00:00:00-05:00,17.674688895558713,17.7509550063111,17.379156125356648,17.569822311401367,119400,0.0,0.0
2024-02-07 00:00:00-05:00,17.693753083483987,17.88441925901124,17.379155166693206,17.80815315246582,116200,0.0,0.0
2024-02-08 00:00:00-05:00,17.80815441763125,18.132285848058782,17.789087435058445,18.008352279663086,72000,0.0,0.0
2024-02-09 00:00:00-05:00,17.970218259423554,18.017883892558814,17.455420693591446,17.62701988220215,123700,0.0,0.0
2024-02-12 00:00:00-05:00,17.63655529402402,18.084618476625632,17.63655529402402,17.913021087646484,120400,0.0,0.0
2024-02-13 00:00:00-05:00,17.598418453831464,17.731885492337764,17.24568842383619,17.388687133789062,136300,0.0,0.0
2024-02-14 00:00:00-05:00,17.722353764406442,17.77955289040851,17.321956245737095,17.74142074584961,101600,0.0,0.0
2024-02-15 00:00:00-05:00,17.8653507232666,18.179948612683123,17.770017643798237,17.8653507232666,133600,0.0,0.0
2024-02-16 00:00:00-05:00,17.860566004208163,17.89885319594702,17.24798554145676,17.52556037902832,157900,0.075,0.0
2024-02-20 00:00:00-05:00,17.219268943528217,17.4777019927922,16.826834383816387,17.018266677856445,184900,0.0,0.0
2024-02-21 00:00:00-05:00,16.98955328320985,17.22884276607196,16.893837124938234,17.190555572509766,104800,0.0,0.0
2024-02-22 00:00:00-05:00,17.19055408949258,17.276698441942035,16.80769131506928,16.836406707763672,131300,0.0,0.0
2024-02-23 00:00:00-05:00,16.740690880485065,17.008695740564967,16.386543491928723,16.9321231842041,112000,0.0,0.0
2024-02-26 00:00:00-05:00,16.845979388342467,17.228842182834246,16.76940682944411,17.123554229736328,101100,0.0,0.0
2024-02-27 00:00:00-05:00,17.142701835412257,17.487279343865726,17.133130035106966,17.171417236328125,93300,0.0,0.0
2024-02-28 00:00:00-05:00,17.12355311337942,17.31498541096193,16.96083620812439,17.238412857055664,78700,0.0,0.0
2024-02-29 00:00:00-05:00,17.45855712890625,17.70741836281097,17.286268441923482,17.45855712890625,111000,0.0,0.0
2024-03-01 00:00:00-05:00,17.496848911235542,17.726566612343365,17.324560178996176,17.573421478271484,107900,0.0,0.0
2024-03-04 00:00:00-05:00,17.544707109170567,17.870140994552806,17.420277365058112,17.65956687927246,86400,0.0,0.0
2024-03-05 00:00:00-05:00,17.630851130551818,17.812711668924255,17.362846222720542,17.43941879272461,108800,0.0,0.0
2024-03-06 00:00:00-05:00,17.56384835997835,18.042427324415723,17.477704000328913,18.01371192932129,102500,0.0,0.0
2024-03-07 00:00:00-05:00,17.98499850331419,18.57843540159499,17.84142335233069,17.9371395111084,114500,0.0,0.0
2024-03-08 00:00:00-05:00,18.300859994804895,18.52100587537929,18.099855884898922,18.118999481201172,150200,0.0,0.0
2024-03-11 00:00:00-04:00,18.73158070977156,18.798581473885317,15.486815857267743,16.415258407592773,371100,0.0,0.0
2024-03-12 00:00:00-04:00,16.396114875139215,16.510974632382535,14.979521547730418,15.21881103515625,237800,0.0,0.0
2024-03-13 00:00:00-04:00,15.324098124869256,15.630388359304625,15.19009569089533,15.304954528808594,174200,0.0,0.0
2024-03-14 00:00:00-04:00,15.362385714934579,15.649534220505453,15.1900978895359,15.400672912597656,172600,0.0,0.0
2024-03-15 00:00:00-04:00,15.333668863610816,15.879248534213016,15.333668863610816,15.66867446899414,289400,0.0,0.0
2024-03-18 00:00:00-04:00,15.572958993648848,16.233396609941945,15.314525930420894,15.821820259094238,227100,0.0,0.0
2024-03-19 00:00:00-04:00,15.410245904628688,15.917538533485898,15.34324512916711,15.869681358337402,212800,0.0,0.0
2024-03-20 00:00:00-04:00,15.879249833543831,16.041966750865377,15.534672402596128,15.850534439086914,205900,0.0,0.0
2024-03-21 00:00:00-04:00,16.04196736200763,16.08982452895852,15.410243264959604,15.419815063476562,149100,0.0,0.0
2024-03-22 00:00:00-04:00,15.00823729302957,15.2188113896409,13.897934191562642,14.405227661132812,321800,0.0,0.0
2024-03-25 00:00:00-04:00,14.405228032370166,14.567944964828559,14.118080450807296,14.213796615600586,159200,0.0,0.0
2024-03-26 00:00:00-04:00,14.290368633607418,14.29993951946566,13.974506579861377,14.108508110046387,167200,0.0,0.0
2024-03-27 00:00:00-04:00,14.223367124782728,14.414799449294676,14.13722367413272,14.280797004699707,136800,0.0,0.0
2024-03-28 00:00:00-04:00,14.25208129025171,14.433940887451172,14.031934501202999,14.433940887451172,624900,0.0,0.0
2024-04-01 00:00:00-04:00,14.453086965212133,15.314528847772516,14.146795767541088,15.12309741973877,251700,0.0,0.0
2024-04-02 00:00:00-04:00,14.931664583521501,15.266669322782485,14.883806502822226,14.979521751403809,178700,0.0,0.0
2024-04-03 00:00:00-04:00,14.883806301008141,15.151810271346372,14.835948220957789,14.84552001953125,132100,0.0,0.0
2024-04-04 00:00:00-04:00,14.989094228248016,15.142239363160755,14.759376525878906,14.759376525878906,173200,0.0,0.0
2024-04-05 00:00:00-04:00,14.76894729871453,14.893377940388643,14.625373060098118,14.797661781311035,98900,0.0,0.0
2024-04-08 00:00:00-04:00,14.893377494149162,15.10395157730351,14.845519416044294,14.902948379516602,104400,0.0,0.0
2024-04-09 00:00:00-04:00,14.96037774109702,14.96037774109702,14.376511764192802,14.386082649230957,125600,0.0,0.0
2024-04-10 00:00:00-04:00,14.204223054069606,14.63494391656071,14.098935103297926,14.386082649230957,233200,0.0,0.0
2024-04-11 00:00:00-04:00,14.472227992393721,14.711517478206085,14.299939270507396,14.634944915771484,153900,0.0,0.0
2024-04-12 00:00:00-04:00,14.711517637010399,14.807233797495336,14.510514430245594,14.6828031539917,97700,0.0,0.0
2024-04-15 00:00:00-04:00,14.682801876030954,14.74980263484863,14.472226888982277,14.587085723876953,130500,0.0,0.0
2024-04-16 00:00:00-04:00,14.548799240165629,14.711516148839921,14.433940406892635,14.701944351196289,99300,0.0,0.0
2024-04-17 00:00:00-04:00,14.826376248994507,15.065665733630894,14.625373045387263,14.67323112487793,112200,0.0,0.0
2024-04-18 00:00:00-04:00,14.692373697538468,14.845518810978705,14.596657545229881,14.711516380310059,112500,0.0,0.0
2024-04-19 00:00:00-04:00,14.654088611597524,15.228382833729352,14.654088611597524,15.21881103515625,131800,0.0,0.0
2024-04-22 00:00:00-04:00,15.218810718156004,15.458100200597556,15.084809192191571,15.410243034362793,101200,0.0,0.0
2024-04-23 00:00:00-04:00,15.391099784938543,15.773962600358127,15.391099784938543,15.467672348022461,92200,0.0,0.0
2024-04-24 00:00:00-04:00,15.31452684388472,15.553816325820417,15.15180992314309,15.161381721496582,122900,0.0,0.0
2024-04-25 00:00:00-04:00,15.094381668432122,15.228383200414369,14.845520376440842,15.027379989624023,83700,0.0,0.0
2024-04-26 00:00:00-04:00,15.132667587016405,15.132667587016405,14.749803859430548,14.84552001953125,63000,0.0,0.0
2024-04-29 00:00:00-04:00,14.874234921755006,15.419815589202377,14.874234921755006,15.362384796142578,103300,0.0,0.0
2024-04-30 00:00:00-04:00,15.228382731048113,15.228382731048113,14.615802231571308,14.634944915771484,119900,0.0,0.0
2024-05-01 00:00:00-04:00,14.692374540063422,15.24752606452753,14.65408825950786,15.036951065063477,92800,0.0,0.0
2024-05-02 00:00:00-04:00,15.180525045363765,15.180525045363765,14.81680490794984,15.065666198730469,118400,0.0,0.0
2024-05-03 00:00:00-04:00,15.257095773915697,15.419813594754416,15.065664385894939,15.151808738708496,80100,0.0,0.0
2024-05-06 00:00:00-04:00,15.151809906730161,15.333670423981777,15.036951065063477,15.036951065063477,79400,0.0,0.0
2024-05-07 00:00:00-04:00,15.027378498092753,15.391098601175322,14.96994953660528,15.20923900604248,100400,0.0,0.0
2024-05-08 00:00:00-04:00,15.324100111494136,15.324100111494136,13.98407833648442,14.146795272827148,221200,0.0,0.0
2024-05-09 00:00:00-04:00,14.070221514056199,14.701945607445552,14.031935233027054,14.67323112487793,118100,0.0,0.0
2024-05-10 00:00:00-04:00,14.654088731117655,14.797662059617371,14.35736936265009,14.520086288452148,87100,0.0,0.0
2024-05-13 00:00:00-04:00,14.606229343024117,14.740230860875883,14.45308422958388,14.711516380310059,130300,0.0,0.0
2024-05-14 00:00:00-04:00,14.855090632362032,14.902947795775441,14.48179873314603,14.835947036743164,95300,0.0,0.0
2024-05-15 00:00:00-04:00,14.93166398857442,14.989092952871736,14.74023167340488,14.788089752197266,73600,0.0,0.0
2024-05-16 00:00:00-04:00,14.835947498755676,14.931663654196992,14.587086224861782,14.855091094970703,86400,0.0,0.0
2024-05-17 00:00:00-04:00,14.946462279564985,15.01378839287512,14.686775187333383,14.725247383117676,58000,0.075,0.0
2024-05-20 00:00:00-04:00,14.715630035306706,14.80219271060697,14.54250468470618,14.763720512390137,71700,0.0,0.0
2024-05-21 00:00:00-04:00,14.763720445060427,15.013789273704626,14.706011689373579,14.87913703918457,80900,0.0,0.0
2024-05-22 00:00:00-04:00,14.898371797296706,15.013788384585862,14.629066426955342,14.706010818481445,82800,0.0,0.0
2024-05-23 00:00:00-04:00,14.677156953716507,14.677156953716507,14.427087221733249,14.571357727050781,81100,0.0,0.0
2024-05-24 00:00:00-04:00,14.657921190456923,14.936844855149689,14.590595073298186,14.917609214782715,153800,0.0,0.0
2024-05-28 00:00:00-04:00,14.956081208665095,15.004171684800582,14.321289491975373,14.388615608215332,177200,0.0,0.0
2024-05-29 00:00:00-04:00,14.321289180948847,14.330906542167444,13.975038494092765,14.071219444274902,133200,0.0,0.0
2024-05-30 00:00:00-04:00,14.071219686246451,14.504032135009766,14.071219686246451,14.504032135009766,114400,0.0,0.0
2024-05-31 00:00:00-04:00,14.600213007885646,14.69639304195204,14.45594158091176,14.677157402038574,185800,0.0,0.0
2024-06-03 00:00:00-04:00,14.70601082660078,14.763719578901968,14.523268125937763,14.725247383117676,92100,0.0,0.0
2024-06-04 00:00:00-04:00,14.609828931282818,14.667537679842443,14.350141855888102,14.648301124572754,99600,0.0,0.0
2024-06-05 00:00:00-04:00,14.648302631112067,14.734865304229528,14.484796480750738,14.56174087524414,84600,0.0,0.0
2024-06-06 00:00:00-04:00,14.561740789555476,14.75410177465703,14.39823372290677,14.715629577636719,97000,0.0,0.0
2024-06-07 00:00:00-04:00,14.504031821109908,14.57135793558836,14.109691578165531,14.186635971069336,98600,0.0,0.0
2024-06-10 00:00:00-04:00,14.09045642053872,14.23472785949707,13.801915377121233,14.23472785949707,94400,0.0,0.0
2024-06-11 00:00:00-04:00,14.138546012248225,14.292434803672768,14.013511139903398,14.10007381439209,101100,0.0,0.0
2024-06-12 00:00:00-04:00,14.427086938996545,14.571357441486716,14.177017211914062,14.177017211914062,146200,0.0,0.0
2024-06-13 00:00:00-04:00,14.14816381643867,14.205872569911866,13.917330637044925,14.109691619873047,79600,0.0,0.0
2024-06-14 00:00:00-04:00,14.01350939098294,14.08083641676576,13.696113568969215,13.734585762023926,96400,0.0,0.0
2024-06-17 00:00:00-04:00,13.628787937971017,13.88847502087706,13.561461827078611,13.7442045211792,103400,0.0,0.0
2024-06-18 00:00:00-04:00,13.744204973856379,14.003892982564935,13.667260582516695,13.773058891296387,118300,0.0,0.0
2024-06-20 00:00:00-04:00,13.599935335862265,14.032747794034956,13.57108049933441,13.965421676635742,157100,0.0,0.0
2024-06-21 00:00:00-04:00,14.042365248454056,14.042365248454056,13.54222578499565,13.676878929138184,240000,0.0,0.0
2024-06-24 00:00:00-04:00,13.648024054087989,13.83076767183219,13.465281353593289,13.753823280334473,76700,0.0,0.0
2024-06-25 00:00:00-04:00,13.753823232098382,13.917330292769966,13.657642284438804,13.811531066894531,100800,0.0,0.0
2024-06-26 00:00:00-04:00,13.77305937188621,14.023129111090732,13.71535153499257,13.78267765045166,103700,0.0,0.0
2024-06-27 00:00:00-04:00,13.753824642082792,13.878859519958496,13.638408043408969,13.878859519958496,111100,0.0,0.0
2024-06-28 00:00:00-04:00,13.936566766251202,14.13854603462801,13.62878918291494,14.061601638793945,919500,0.0,0.0
2024-07-01 00:00:00-04:00,14.061601049505771,14.590594436633284,14.061601049505771,14.3212890625,155500,0.0,0.0
2024-07-02 00:00:00-04:00,14.398233786284207,14.811809676760628,14.398233786284207,14.600213050842285,107800,0.0,0.0
2024-07-03 00:00:00-04:00,14.677157445221598,14.811809676760628,14.455941623443925,14.600213050842285,48300,0.0,0.0
2024-07-05 00:00:00-04:00,14.609830492151984,14.629067049476847,14.282817272875157,14.427087783813477,85200,0.0,0.0
2024-07-08 00:00:00-04:00,14.484796883862444,14.802192749293235,14.225108857282947,14.667539596557617,90000,0.0,0.0
2024-07-09 00:00:00-04:00,14.629067360006443,14.888754468657675,14.552122963572778,14.763720512390137,71600,0.0,0.0
2024-07-10 00:00:00-04:00,14.869517799074954,15.052260498645147,14.773336851564645,14.859899520874023,75200,0.0,0.0
2024-07-11 00:00:00-04:00,15.061879017241134,15.523545371260253,15.04264337778176,15.427366256713867,98400,0.0,0.0
2024-07-12 00:00:00-04:00,15.523545618744492,15.860178028520663,15.523545618744492,15.763997077941895,83600,0.0,0.0
2024-07-15 00:00:00-04:00,15.860176076437464,16.062156231242906,15.802468246992547,15.84093952178955,102500,0.0,0.0
2024-07-16 00:00:00-04:00,16.023685798302562,16.283373825927303,15.90827012013543,16.264137268066406,121400,0.0,0.0
2024-07-17 00:00:00-04:00,16.206429942930278,16.350700462463944,16.119867264310237,16.15833854675293,119300,0.0,0.0
2024-07-18 00:00:00-04:00,16.05254035021765,16.22566569889511,15.754379212162426,15.985214233398438,81700,0.0,0.0
2024-07-19 00:00:00-04:00,16.02368737244203,16.129486616571377,15.735146314179293,16.06216049194336,61700,0.0,0.0
2024-07-22 00:00:00-04:00,16.139103774878368,16.35070041393309,15.937123580531384,16.23528289794922,71500,0.0,0.0
2024-07-23 00:00:00-04:00,16.225668897190733,16.254521904658226,15.869799850929523,16.167959213256836,75000,0.0,0.0
2024-07-24 00:00:00-04:00,16.18719224765538,16.18719224765538,15.533163981568446,15.610108375549316,90200,0.0,0.0
2024-07-25 00:00:00-04:00,15.73514210510395,16.22566324053799,15.73514210510395,16.05253791809082,85300,0.0,0.0
2024-07-26 00:00:00-04:00,16.25451711979269,16.408405895983712,16.167954453872877,16.187191009521484,84600,0.0,0.0
2024-07-29 00:00:00-04:00,16.292995027280824,16.292995027280824,16.052543514387953,16.167959213256836,55700,0.0,0.0
2024-07-30 00:00:00-04:00,16.28337343278673,16.28337343278673,15.917886180250383,16.100629806518555,54200,0.0,0.0
2024-07-31 00:00:00-04:00,16.216046230254793,16.552676789650004,16.14872011837575,16.312225341796875,76500,0.0,0.0
2024-08-01 00:00:00-04:00,16.36031741684205,16.456498366908832,15.648581321546333,15.917885780334473,89500,0.0,0.0
2024-08-02 00:00:00-04:00,15.533163649614695,15.706288990996619,15.311948750959578,15.427366256713867,87200,0.0,0.0
2024-08-05 00:00:00-04:00,14.917608301166718,14.936843940355622,14.475177592827972,14.84066390991211,107500,0.0,0.0
2024-08-06 00:00:00-04:00,14.427088641134867,14.879137675386978,14.378998162214499,14.580977439880371,103100,0.0,0.0
2024-08-07 00:00:00-04:00,14.811809938165847,15.158060636233069,14.657921146691328,14.994553565979004,72100,0.0,0.0
2024-08-08 00:00:00-04:00,15.158060445418421,15.436983188517656,15.004171655881104,15.360039710998535,53900,0.0,0.0
2024-08-09 00:00:00-04:00,15.360039638772939,15.456219673156738,15.148442095529328,15.456219673156738,134800,0.0,0.0
2024-08-12 00:00:00-04:00,15.533163824410915,15.571636938261626,15.033025268595429,15.042643547058105,54300,0.0,0.0
2024-08-13 00:00:00-04:00,15.206150520028103,15.283094912765478,15.061879095708393,15.177295684814453,45100,0.0,0.0
2024-08-14 00:00:00-04:00,15.24977559001318,15.365743356589224,15.066160190008578,15.095151901245117,72800,0.075,0.0
2024-08-15 00:00:00-04:00,15.35608098594659,15.53969639693605,15.162800441793555,15.47204875946045,53700,0.0,0.0
2024-08-16 00:00:00-04:00,15.45271998643192,15.588015258319057,15.230448655971673,15.520367622375488,169400,0.0,0.0
2024-08-19 00:00:00-04:00,15.597677905996457,15.926253684720267,15.588013695650504,15.819951057434082,42200,0.0,0.0
2024-08-20 00:00:00-04:00,15.897264794540966,15.897264794540966,15.462384493361233,15.58801555633545,36200,0.0,0.0
2024-08-21 00:00:00-04:00,15.617006648115966,15.781294540859228,15.50103980809701,15.65566349029541,39000,0.0,0.0
2024-08-22 00:00:00-04:00,15.674991635034152,15.694320058055988,15.510703725868288,15.617008209228516,36400,0.0,0.0
2024-08-23 00:00:00-04:00,15.645998896140927,16.003565461235507,15.645998896140927,15.906925201416016,44700,0.0,0.0
2024-08-26 00:00:00-04:00,16.051885912452555,16.1678527452912,15.935917236354337,16.11953353881836,63000,0.0,0.0
2024-08-27 00:00:00-04:00,16.03255941441464,16.1002070488895,15.877935723255012,16.061552047729492,54700,0.0,0.0
2024-08-28 00:00:00-04:00,15.945581127209355,16.158188211998713,15.694317203407639,15.877933502197266,68700,0.0,0.0
2024-08-29 00:00:00-04:00,15.93592071811998,16.138865484817433,15.8876015010901,16.051889419555664,54600,0.0,0.0
2024-08-30 00:00:00-04:00,16.16785653973854,16.264496818624377,16.0712162608527,16.177520751953125,78900,0.0,0.0
2024-09-03 00:00:00-04:00,16.100208633768855,16.2548323401494,15.92625650327575,15.935920715332031,58000,0.0,0.0
2024-09-04 00:00:00-04:00,15.945583274641361,16.42878276781231,15.945583274641361,16.409454345703125,57200,0.0,0.0
2024-09-05 00:00:00-04:00,16.42878532733573,16.525425609677956,16.167857117989744,16.312816619873047,45100,0.0,0.0
2024-09-06 00:00:00-04:00,16.399792166681557,16.399792166681557,15.82961654663086,15.82961654663086,48600,0.0,0.0
2024-09-09 00:00:00-04:00,15.819953857176612,16.071215997600014,15.79096122100777,15.935920715332031,48800,0.0,0.0
2024-09-10 00:00:00-04:00,16.02289828520225,16.312817301075498,15.703986630437614,16.27416229248047,36100,0.0,0.0
2024-09-11 00:00:00-04:00,16.158189134213274,16.709038062021374,16.148524923908607,16.660717010498047,135400,0.0,0.0
2024-09-12 00:00:00-04:00,16.747696825649534,16.892656326293945,16.477104406055926,16.892656326293945,90300,0.0,0.0
2024-09-13 00:00:00-04:00,16.96030300010068,17.32753568020168,16.670384015397744,16.979631423950195,45900,0.0,0.0
2024-09-16 00:00:00-04:00,17.008624291199528,17.037615084108396,15.935920715332031,15.935920715332031,70000,0.0,0.0
2024-09-17 00:00:00-04:00,15.993901258086755,16.49642913476533,15.993901258086755,16.25482940673828,64800,0.0,0.0
2024-09-18 00:00:00-04:00,16.29348971430731,16.718703998949184,16.235504440097934,16.41912078857422,50800,0.0,0.0
2024-09-19 00:00:00-04:00,16.75735920518134,16.75735920518134,16.19684784560851,16.486766815185547,39700,0.0,0.0
2024-09-20 00:00:00-04:00,16.49643234989669,16.535089198679813,16.177520720475947,16.235504150390625,157300,0.0,0.0
2024-09-23 00:00:00-04:00,16.351471297471424,16.47710235754149,16.235502605417658,16.303152084350586,64100,0.0,0.0
2024-09-24 00:00:00-04:00,16.40945657620599,16.583408712314046,16.322480508151962,16.41912078857422,79000,0.0,0.0
2024-09-25 00:00:00-04:00,16.370800714339158,16.58340784554774,15.984241456114487,16.042224884033203,62600,0.0,0.0
2024-09-26 00:00:00-04:00,16.119534824764788,16.119534824764788,15.742639823082786,15.781294822692871,42000,0.0,0.0
2024-09-27 00:00:00-04:00,15.819952643353911,15.83927922272362,15.491376831691008,15.520367622375488,35100,0.0,0.0
2024-09-30 00:00:00-04:00,15.549360562992828,15.906927172392338,15.549360562992828,15.703984260559082,98000,0.0,0.0
2024-10-01 00:00:00-04:00,15.69432007636476,15.69432007636476,15.298096620254247,15.443056106567383,85200,0.0,0.0
2024-10-02 00:00:00-04:00,15.336751249140509,15.694318750586662,15.201455064148778,15.665326118469238,65200,0.0,0.0
2024-10-03 00:00:00-04:00,15.68465557391018,15.810288478108458,15.433392530403381,15.491376876831055,46600,0.0,0.0
2024-10-04 00:00:00-04:00,15.5590238571167,15.607343068534735,15.375407535860594,15.5590238571167,41600,0.0,0.0
2024-10-07 00:00:00-04:00,15.549359642375089,15.781295174992458,15.491376220035686,15.645999908447266,50700,0.0,0.0
2024-10-08 00:00:00-04:00,15.75230217156179,15.781294803679213,15.549359276518983,15.665326118469238,44900,0.0,0.0
2024-10-09 00:00:00-04:00,15.723311077615639,16.042222651680397,15.645999236729022,16.03255844116211,58600,0.0,0.0
2024-10-10 00:00:00-04:00,15.868273804188332,16.04222594268378,15.462386095452306,15.636338233947754,53600,0.0,0.0
2024-10-11 00:00:00-04:00,15.597679496054297,15.810288458819741,15.414064088912198,15.462384223937988,68900,0.0,0.0
2024-10-14 00:00:00-04:00,15.37540753209712,15.868271230131443,15.37540753209712,15.645999908447266,63100,0.0,0.0
2024-10-15 00:00:00-04:00,15.655665625808535,16.18718437545996,15.655665625808535,16.042224884033203,48100,0.0,0.0
2024-10-16 00:00:00-04:00,16.04222707631545,16.2355058102107,16.04222707631545,16.109874725341797,44600,0.0,0.0
2024-10-17 00:00:00-04:00,16.18718564440399,16.19684985702469,15.964914283908024,16.138866424560547,46900,0.0,0.0
2024-10-18 00:00:00-04:00,16.20651217199885,16.28382402065184,15.839279508452258,15.964912414550781,42700,0.0,0.0
2024-10-21 00:00:00-04:00,16.02289751768205,16.11953779943064,15.607345596445159,15.636338233947754,43900,0.0,0.0
2024-10-22 00:00:00-04:00,15.626671141471265,15.761966405028508,15.423727324505538,15.607342720031738,44300,0.0,0.0
2024-10-23 00:00:00-04:00,15.530033339857447,15.858609183387003,15.530033339857447,15.82961654663086,35500,0.0,0.0
2024-10-24 00:00:00-04:00,15.848944442833465,15.848944442833465,15.443056758077221,15.578353881835938,32900,0.0,0.0
2024-10-25 00:00:00-04:00,15.588014977335243,15.684655245481125,15.452719707886889,15.481712341308594,19800,0.0,0.0
2024-10-28 00:00:00-04:00,15.462386113269243,15.636338251965132,15.462386113269243,15.549362182617188,20700,0.0,0.0
2024-10-29 00:00:00-04:00,15.375407862022143,15.60734339961638,15.365743650881576,15.481712341308594,25800,0.0,0.0
2024-10-30 00:00:00-04:00,15.472049120131695,15.510704123907468,15.269105281344103,15.278769493103027,30400,0.0,0.0
2024-10-31 00:00:00-04:00,15.298097966656977,15.34641810689071,15.075826611863826,15.191794395446777,48900,0.0,0.0
2024-11-01 00:00:00-04:00,15.211120006648718,15.327087775807945,14.901872622224115,14.930864334106445,49800,0.0,0.0
2024-11-04 00:00:00-05:00,14.930864352862029,14.959856064780778,14.718256314988093,14.814896583557129,38400,0.0,0.0
2024-11-05 00:00:00-05:00,14.727921726743666,15.162801127494486,14.718257514772986,15.143473625183105,48300,0.0,0.0
2024-11-06 00:00:00-05:00,15.143473105146569,16.71870273707382,15.143473105146569,16.264495849609375,115300,0.0,0.0
2024-11-07 00:00:00-05:00,16.225839544418925,16.457775075360992,15.945582959159921,16.399789810180664,69400,0.0,0.0
2024-11-08 00:00:00-05:00,16.409455083490492,16.486766932143478,15.66532738816807,15.964912414550781,83900,0.0,0.0
2024-11-11 00:00:00-05:00,16.129199031707984,16.167854031309023,15.578351923760199,15.955246925354004,62300,0.0,0.0
2024-11-12 00:00:00-05:00,15.785356904106662,16.066890593005798,15.542654618099496,15.610610961914062,60000,0.075,0.0
2024-11-13 00:00:00-05:00,15.717400249489057,15.93097759035025,15.562070937649743,15.571779251098633,38900,0.0,0.0
2024-11-14 00:00:00-05:00,15.571779829400217,15.6300278605853,15.299952597750623,15.309660911560059,59900,0.0,0.0
2024-11-15 00:00:00-05:00,15.426157094649446,15.426157094649446,15.231994531937469,15.329075813293457,49300,0.0,0.0
2024-11-18 00:00:00-05:00,15.338784308957324,15.532945948141954,15.222287325446548,15.348492622375488,42300,0.0,0.0
2024-11-19 00:00:00-05:00,15.338784846963762,15.406741191603013,15.066958542570998,15.19316291809082,53000,0.0,0.0
2024-11-20 00:00:00-05:00,15.21257818763308,15.377615803455278,14.86308725604025,15.144621849060059,64300,0.0,0.0
2024-11-21 00:00:00-05:00,15.26111943865661,15.474696775838165,15.212578798084179,15.435864448547363,37400,0.0,0.0
2024-11-22 00:00:00-05:00,15.542654310751965,15.620318966671622,15.367908372014872,15.571779251098633,50200,0.0,0.0
2024-11-25 00:00:00-05:00,15.591194440147655,16.066890701740455,15.231995165526413,15.843605041503906,251600,0.0,0.0
2024-11-26 00:00:00-05:00,15.707691740418252,15.707691740418252,14.979584905862435,15.115497589111328,79100,0.0,0.0
2024-11-27 00:00:00-05:00,15.280534620505932,15.367907585402259,14.901919673736097,15.047540664672852,44900,0.0,0.0
2024-11-29 00:00:00-05:00,15.047542476315943,15.057250790436736,14.649510855721312,14.81454849243164,64900,0.0,0.0
2024-12-02 00:00:00-05:00,14.756297514459847,14.960167453922331,14.600968213123796,14.911626815795898,65100,0.0,0.0
2024-12-03 00:00:00-05:00,14.969877918162513,14.969877918162513,14.426224359517619,14.494181632995605,50900,0.0,0.0
2024-12-04 00:00:00-05:00,14.465056214987044,14.58155412973853,14.144689264009875,14.329143524169922,62100,0.0,0.0
2024-12-05 00:00:00-05:00,14.377684076635811,14.523305080399426,14.134981786472608,14.319435119628906,76100,0.0,0.0
2024-12-06 00:00:00-05:00,14.319434829818823,14.319434829818823,13.892279215144498,14.067024230957031,69700,0.0,0.0
2024-12-09 00:00:00-05:00,14.105855511352006,14.222352488515341,13.911693882746452,14.0573148727417,70500,0.0,0.0
2024-12-10 00:00:00-05:00,14.057315085975178,14.435930961875941,13.940818107044718,14.300017356872559,82600,0.0,0.0
2024-12-11 00:00:00-05:00,14.455348169221288,14.542720212555736,14.300017931898912,14.474763870239258,91000,0.0,0.0
2024-12-12 00:00:00-05:00,14.50388767732377,14.571844944504399,14.202937372079965,14.232061386108398,45300,0.0,0.0
2024-12-13 00:00:00-05:00,14.134980109835723,14.251477084195347,14.028190522295997,14.125271797180176,79600,0.0,0.0
2024-12-16 00:00:00-05:00,14.047608375549316,14.27089403113106,13.999067733864148,14.047608375549316,78800,0.0,0.0
2024-12-17 00:00:00-05:00,14.067024515658593,14.338851747243128,13.96994415509477,14.319435119628906,84900,0.0,0.0
2024-12-18 00:00:00-05:00,14.290310658139422,14.64950992527249,13.999067733864148,14.047608375549316,99200,0.0,0.0
2024-12-19 00:00:00-05:00,14.21264658735801,14.270894619111523,14.018484012617574,14.115565299987793,71800,0.0,0.0
2024-12-20 00:00:00-05:00,13.950526208467561,14.270893127125648,13.911693882746452,14.0573148727417,266100,0.0,0.0
2024-12-23 00:00:00-05:00,14.134981923818904,14.88250450335047,14.076732966246007,14.775715827941895,113800,0.0,0.0
2024-12-24 00:00:00-05:00,14.87279517577083,14.91162750289416,14.533012544900624,14.552428245544434,52800,0.0,0.0
2024-12-26 00:00:00-05:00,14.581553914182182,15.096082505746036,14.503888330217384,15.076665878295898,98200,0.0,0.0
2024-12-27 00:00:00-05:00,14.940752093108676,15.057249071753484,14.707757209983374,14.950459480285645,61100,0.0,0.0
2024-12-30 00:00:00-05:00,14.77571438286759,15.115497003665247,14.727173743943446,15.047540664672852,67800,0.0,0.0
2024-12-31 00:00:00-05:00,15.154329144349903,15.309659372175128,15.066957106357531,15.134913444519043,48500,0.0,0.0
2025-01-02 00:00:00-05:00,15.13491424989866,15.241702919240145,14.795130689338732,15.008708953857422,51400,0.0,0.0
2025-01-03 00:00:00-05:00,15.10578943185492,15.212578095513821,14.79512990204014,15.134913444519043,145000,0.0,0.0
2025-01-06 00:00:00-05:00,15.212580113026272,15.241704129552861,14.81454849243164,14.81454849243164,47200,0.0,0.0
2025-01-07 00:00:00-05:00,14.795130082343444,14.989291712196572,14.562136126519693,14.610676765441895,67900,0.0,0.0
2025-01-08 00:00:00-05:00,14.552428059024077,14.717465678641846,14.319434099270413,14.639801025390625,57000,0.0,0.0
2025-01-10 00:00:00-05:00,14.377682502258091,14.542719189728404,14.096147913530666,14.35826587677002,64300,0.0,0.0
2025-01-13 00:00:00-05:00,14.270893405681479,14.270893405681479,13.97965049417049,14.086440086364746,52000,0.0,0.0
2025-01-14 00:00:00-05:00,14.125273857628917,14.222354220838522,13.94081959360983,14.144689559936523,53300,0.0,0.0
2025-01-15 00:00:00-05:00,14.261185400136831,14.494180289871434,14.144688418187386,14.232061386108398,58800,0.0,0.0
2025-01-16 00:00:00-05:00,14.115563765375995,14.494179633954667,14.115563765375995,14.484471321105957,45400,0.0,0.0
2025-01-17 00:00:00-05:00,14.503887735795448,14.503887735795448,14.261185457630068,14.34855842590332,54800,0.0,0.0
2025-01-21 00:00:00-05:00,14.397098969816966,14.5912606058755,14.397098969816966,14.445639610290527,39100,0.0,0.0
2025-01-22 00:00:00-05:00,14.319433354226488,14.367973991441843,13.989358132164853,14.008774757385254,78700,0.0,0.0
2025-01-23 00:00:00-05:00,13.921402874260655,13.999067529488787,13.717532922827878,13.804905891418457,62300,0.0,0.0
2025-01-24 00:00:00-05:00,13.707824428135657,13.863153736537194,13.678700414269295,13.785489082336426,57600,0.0,0.0
2025-01-27 00:00:00-05:00,13.785489738364461,13.88257102365321,13.533079137282316,13.63986873626709,59800,0.0,0.0
2025-01-28 00:00:00-05:00,13.620451460700865,13.93111100333965,13.601035760068527,13.785489082336426,70600,0.0,0.0
2025-01-29 00:00:00-05:00,13.688407847933819,14.086439406595563,13.688407847933819,14.008774757385254,46400,0.0,0.0
2025-01-30 00:00:00-05:00,14.16410618155356,14.16410618155356,13.834030909954258,13.921403884887695,37600,0.0,0.0
2025-01-31 00:00:00-05:00,13.892277873487625,14.193228159666562,13.853445548631129,13.911693572998047,96800,0.0,0.0
2025-02-03 00:00:00-05:00,13.736947559313524,14.037898769380208,13.668991222713416,14.008774757385254,53800,0.0,0.0
2025-02-04 00:00:00-05:00,13.921402041460816,14.193228318498209,13.89227802895144,14.037899017333984,59400,0.0,0.0
2025-02-05 00:00:00-05:00,14.086439176367895,14.45534671700529,14.047606852397413,14.309724807739258,39200,0.0,0.0
2025-02-06 00:00:00-05:00,14.261186409973305,14.329143681965997,13.93111206732846,14.018484115600586,31800,0.0,0.0
2025-02-07 00:00:00-05:00,13.979651541845593,14.028192185041148,13.90198688306701,13.989359855651855,34400,0.0,0.0
2025-02-10 00:00:00-05:00,13.989359519618622,14.134981445707357,13.940818877589045,13.95052719116211,39500,0.0,0.0
2025-02-11 00:00:00-05:00,13.882569869914537,14.1252721371304,13.87286155702534,14.0573148727417,33000,0.0,0.0
2025-02-12 00:00:00-05:00,13.863153523315269,13.863153523315269,13.542786598205566,13.542786598205566,50200,0.0,0.0
2025-02-13 00:00:00-05:00,13.57191057758372,13.814612849078442,13.513662550892974,13.756364822387695,54300,0.0,0.0
2025-02-14 00:00:00-05:00,13.775780951331116,13.872862233284142,13.775780951331116,13.804905891418457,55800,0.0,0.0
2025-02-18 00:00:00-05:00,13.770746317637888,14.063533463093115,13.702429658304716,14.034255027770996,47900,0.075,0.0
2025-02-19 00:00:00-05:00,13.936658775113838,14.05377344523727,13.868342116894667,14.014735221862793,55200,0.0,0.0
2025-02-20 00:00:00-05:00,13.907381375902293,14.063534281028355,13.780506907801184,13.936659812927246,46700,0.0,0.0
2025-02-21 00:00:00-05:00,14.08305383440753,14.08305383440753,13.731708867756202,13.760988235473633,99800,0.0,0.0
2025-02-24 00:00:00-05:00,13.897622334803744,13.985458581351871,13.819545878037582,13.917141914367676,59100,0.0,0.0
2025-02-25 00:00:00-05:00,14.004977721401408,14.629589355928687,13.878103250451867,14.395359992980957,74700,0.0,0.0
2025-02-26 00:00:00-05:00,14.405118882690243,14.600310006288073,14.385599304958111,14.57103157043457,49200,0.0,0.0
2025-02-27 00:00:00-05:00,14.512472935531031,14.512472935531031,13.770745777660892,13.985456466674805,99300,0.0,0.0
2025-02-28 00:00:00-05:00,13.936659087663807,14.092811984663676,13.800025768161264,13.956178665161133,476300,0.0,0.0
2025-03-03 00:00:00-05:00,13.995217226365252,14.502714153833512,13.897621198018234,14.414878845214844,89200,0.0,0.0
2025-03-04 00:00:00-05:00,14.336801983487042,14.688146953669142,14.336801983487042,14.463676452636719,53800,0.0,0.0
2025-03-05 00:00:00-05:00,14.375838860722368,14.717424009504814,14.151369311504217,14.512473106384277,56300,0.0,0.0
2025-03-06 00:00:00-05:00,14.444156761050584,14.463675407569978,14.18064805245372,14.453916549682617,31600,0.0,0.0
2025-03-07 00:00:00-05:00,14.551511297786108,14.57103087458607,14.278243737799206,14.424636840820312,62600,0.0,0.0
2025-03-10 00:00:00-04:00,13.731708439234016,14.248966083829925,12.736233236525186,13.809784889221191,124400,0.0,0.0
2025-03-11 00:00:00-04:00,13.809784504948068,13.858582517518366,13.516998291015625,13.516998291015625,67900,0.0,0.0
2025-03-12 00:00:00-04:00,13.536517451176847,14.044015311971108,13.42916256404485,13.907381057739258,84100,0.0,0.0
2025-03-13 00:00:00-04:00,14.034255143628961,14.25872470085942,13.70242977142334,13.70242977142334,42900,0.0,0.0
2025-03-14 00:00:00-04:00,13.663391574959036,13.790266036987305,13.595074914922542,13.790266036987305,73600,0.0,0.0
2025-03-17 00:00:00-04:00,13.770745649524793,14.697905053607617,13.770745649524793,14.229445457458496,93000,0.0,0.0
2025-03-18 00:00:00-04:00,14.219685462553546,14.424636358375114,14.131849231380786,14.20992660522461,95700,0.0,0.0
2025-03-19 00:00:00-04:00,14.131850040038225,14.697905681015415,14.034254945951908,14.453916549682617,72300,0.0,0.0
2025-03-20 00:00:00-04:00,14.317282074279154,14.766222106049977,14.258724274159196,14.434396743774414,63000,0.0,0.0
2025-03-21 00:00:00-04:00,14.297762723804102,14.571031221033,14.248965642133278,14.453916549682617,123100,0.0,0.0
2025-03-24 00:00:00-04:00,14.590549682428271,15.127325950698772,14.502713447343778,14.951653480529785,74800,0.0,0.0
2025-03-25 00:00:00-04:00,15.000452223062835,15.010212012046479,14.375839689280271,14.414878845214844,74900,0.0,0.0
2025-03-26 00:00:00-04:00,14.463675584876581,14.639348059428016,14.278244252318153,14.385599136352539,40800,0.0,0.0
2025-03-27 00:00:00-04:00,14.424636032644722,14.92237404422093,14.38559781197666,14.775980949401855,54000,0.0,0.0
2025-03-28 00:00:00-04:00,14.727184409781785,14.902856885682064,14.62958838300503,14.736944198608398,36100,0.0,0.0
2025-03-31 00:00:00-04:00,14.72718386061827,14.795500518367716,14.619828049018105,14.688145637512207,89300,0.0,0.0
2025-04-01 00:00:00-04:00,14.668625976652898,15.556746245292494,14.43439663935678,15.44939136505127,84300,0.0,0.0
2025-04-02 00:00:00-04:00,15.215162831474652,15.410353956198778,14.883337454071288,14.922375679016113,47000,0.0,0.0
2025-04-03 00:00:00-04:00,14.600310116556518,15.244441294666485,14.531993455467491,15.010211944580078,62400,0.0,0.0
2025-04-04 00:00:00-04:00,14.48319576178804,14.932135824753654,14.063534135544497,14.61007022857666,97300,0.0,0.0
2025-04-07 00:00:00-04:00,14.327042236985674,14.80526071593544,13.809784603106444,14.297762870788574,64400,0.0,0.0
2025-04-08 00:00:00-04:00,14.434396681503843,14.444156469939175,13.965938005543757,14.258724212646484,84700,0.0,0.0
2025-04-09 00:00:00-04:00,14.200168084861746,15.17612464147431,14.063533831867895,14.66862678527832,75400,0.0,0.0
2025-04-10 00:00:00-04:00,14.551511850593146,14.639348088040538,13.907380683638511,14.473435401916504,50400,0.0,0.0
2025-04-11 00:00:00-04:00,14.492955526340323,14.746703528742081,14.131850774153945,14.522233963012695,39400,0.0,0.0
2025-04-14 00:00:00-04:00,14.697905974046634,14.844299083467074,14.502713920493127,14.736944198608398,42100,0.0,0.0
2025-04-15 00:00:00-04:00,14.668625863672293,14.932134564159318,14.668625863672293,14.756462097167969,46300,0.0,0.0
2025-04-16 00:00:00-04:00,14.756462731162555,14.795500955421794,14.629588269633858,14.727184295654297,41800,0.0,0.0
2025-04-17 00:00:00-04:00,14.756463024292604,14.85405905225174,14.561271899119031,14.66862678527832,81700,0.0,0.0
2025-04-21 00:00:00-04:00,14.512473740669002,14.541752176467398,14.239206168146357,14.483195304870605,39400,0.0,0.0
2025-04-22 00:00:00-04:00,14.649106965325066,15.019970538835848,14.063532705940752,14.90285587310791,44200,0.0,0.0
2025-04-23 00:00:00-04:00,15.029731733573474,15.088289540916257,14.717425909731356,14.854060173034668,44400,0.0,0.0
2025-04-24 00:00:00-04:00,14.785740937052063,14.98093298606166,14.639347831039537,14.707664489746094,49700,0.0,0.0
2025-04-25 00:00:00-04:00,14.639348001454241,14.688146014274691,14.44415688091712,14.551511764526367,18500,0.0,0.0
2025-04-28 00:00:00-04:00,14.512474173873665,14.658868218724965,14.502714384734633,14.522233963012695,29300,0.0,0.0
2025-04-29 00:00:00-04:00,14.434397036330756,14.727184181375442,14.434397036330756,14.717424392700195,48800,0.0,0.0
2025-04-30 00:00:00-04:00,14.66862684357662,14.94189535065039,14.327042605851467,14.414878845214844,64400,0.0,0.0
2025-05-01 00:00:00-04:00,14.444156479854355,14.717424041018658,14.288003587760468,14.600309371948242,57000,0.0,0.0
2025-05-02 00:00:00-04:00,14.619827946400529,15.098047339523966,14.619827946400529,15.019970893859863,36200,0.0,0.0
2025-05-05 00:00:00-04:00,14.88333734026345,15.059009816544206,14.707664863982695,14.912615776062012,32100,0.0,0.0
2025-05-06 00:00:00-04:00,15.46891154879628,16.103282928216004,14.971173489454515,15.332277297973633,62300,0.0,0.0
2025-05-07 00:00:00-04:00,15.429872554543397,15.810495921651704,15.254200088071157,15.605544090270996,53900,0.0,0.0
2025-05-08 00:00:00-04:00,15.586026224643357,15.908090878057221,15.429873326959777,15.761697769165039,63200,0.0,0.0
2025-05-09 00:00:00-04:00,15.849534965306212,16.210639726468326,15.615305604615715,16.191120147705078,92000,0.0,0.0
2025-05-12 00:00:00-04:00,16.59126208845473,16.59126208845473,16.05448670665934,16.181360244750977,80700,0.0,0.0
2025-05-13 00:00:00-04:00,16.13256245748294,16.737654476643254,16.015446852312564,16.630300521850586,124400,0.0,0.0
2025-05-14 00:00:00-04:00,16.71813558652956,17.07924034429283,16.38631205812504,17.04020118713379,136400,0.0,0.0
2025-05-15 00:00:00-04:00,16.971882641812766,17.518419612504474,16.971882641812766,17.381784439086914,108600,0.0,0.0
2025-05-16 00:00:00-04:00,17.469620753803266,17.93807942104185,17.38178452100987,17.8990421295166,153800,0.0,0.0
2025-05-19 00:00:00-04:00,17.913742799743336,18.864307217831914,17.82554588919426,18.844707489013672,121600,0.075,0.0
2025-05-20 00:00:00-04:00,18.844707363860838,19.393488552328932,18.668313543934165,19.040700912475586,160700,0.0,0.0
2025-05-21 00:00:00-04:00,18.85450790917611,19.08969905452844,18.01173823648045,18.903507232666016,158100,0.0,0.0
2025-05-22 00:00:00-04:00,18.903506675468403,19.011301445702703,18.3547254833557,18.844707489013672,127400,0.0,0.0
2025-05-23 00:00:00-04:00,18.805509888283876,19.285692029220538,18.50171969919767,19.26609230041504,166700,0.0,0.0
2025-05-27 00:00:00-04:00,19.364089441709005,20.628242067455307,19.364089441709005,20.57924461364746,292700,0.0,0.0
2025-05-28 00:00:00-04:00,20.491046594560117,20.638040817176073,19.59927952567265,19.824670791625977,169700,0.0,0.0
2025-05-29 00:00:00-04:00,19.883471176931405,20.432250513439037,19.59928070946036,20.383251190185547,156200,0.0,0.0
2025-05-30 00:00:00-04:00,20.304853340051057,20.86343438827794,19.863870662987292,20.71643829345703,265700,0.0,0.0
2025-06-02 00:00:00-04:00,20.79483563932164,21.461211465824135,20.314653498255556,20.961429595947266,285200,0.0,0.0
2025-06-03 00:00:00-04:00,20.902632847937944,21.36321527273736,20.569444925612217,21.235820770263672,254500,0.0,0.0
2025-06-04 00:00:00-04:00,21.382816406656637,21.618007566841513,20.91243408628689,21.392616271972656,194800,0.0,0.0
2025-06-05 00:00:00-04:00,21.382816307564646,22.28438335199523,21.177024744281503,22.23538589477539,206500,0.0,0.0
2025-06-06 00:00:00-04:00,22.264781732016505,22.539172328908496,21.79439945374425,22.45097541809082,127300,0.0,0.0
2025-06-09 00:00:00-04:00,22.441175775281717,22.441175775281717,21.382814704150228,22.264781951904297,174300,0.0,0.0
2025-06-10 00:00:00-04:00,22.39218051406701,22.784165788209563,21.99039537442924,22.509775161743164,182900,0.0,0.0
2025-06-11 00:00:00-04:00,22.568573480909627,23.626934614683748,22.54897375067805,23.479938507080078,214800,0.0,0.0
2025-06-12 00:00:00-04:00,23.45053914066957,23.979718735977755,22.921357676228368,23.930721282958984,176800,0.0,0.0
2025-06-13 00:00:00-04:00,23.80332913634203,24.499102757470244,23.283947484995707,24.410905838012695,230400,0.0,0.0
2025-06-16 00:00:00-04:00,24.66569368137478,25.116476219194542,24.293308187920758,24.92048454284668,304300,0.0,0.0
2025-06-17 00:00:00-04:00,24.881284872295566,24.989081508297044,24.3717050228635,24.685293197631836,269100,0.0,0.0
2025-06-18 00:00:00-04:00,24.8322876342936,25.09687835995284,24.5088995926433,24.92048454284668,206000,0.0,0.0
2025-06-20 00:00:00-04:00,25.018482335250184,25.488864620615708,24.518700456124417,25.45946502685547,335600,0.0,0.0
2025-06-23 00:00:00-04:00,25.459464485288677,26.61582231406432,25.145876301715557,26.243436813354492,294400,0.0,0.0
2025-06-24 00:00:00-04:00,26.419829175266702,27.438992656847763,26.05724353330143,26.71381950378418,272900,0.0,0.0
2025-06-25 00:00:00-04:00,27.33119759250371,27.89957668412645,26.94901219943434,27.311599731445312,239000,0.0,0.0
2025-06-26 00:00:00-04:00,27.301799572341004,27.35079702815907,26.11604207638588,26.429630279541016,296800,0.0,0.0
2025-06-27 00:00:00-04:00,26.449227672345522,27.38999406781359,26.135639496900488,27.223400115966797,1512300,0.0,0.0
2025-06-30 00:00:00-04:00,27.145004654241113,27.51739016700319,25.31247107711789,26.341432571411133,442900,0.0,0.0
2025-07-01 00:00:00-04:00,26.361033270890687,26.527627238578017,25.4692661112506,26.233638763427734,246100,0.0,0.0
2025-07-02 00:00:00-04:00,26.20423968720304,26.292436605321388,24.1071171211294,24.15611457824707,279400,0.0,0.0
2025-07-03 00:00:00-04:00,24.224709509154216,24.538299560546875,23.60733300897215,24.538299560546875,151800,0.0,0.0
2025-07-07 00:00:00-04:00,24.616696139003654,24.959682038633776,24.40110286594133,24.489299774169922,206600,0.0,0.0
2025-07-08 00:00:00-04:00,24.46970021994608,24.46970021994608,22.72536550953342,23.02915382385254,267600,0.0,0.0
2025-07-09 00:00:00-04:00,23.019354737679077,23.205548425905434,22.441175813028586,22.90176010131836,207600,0.0,0.0
2025-07-10 00:00:00-04:00,22.80376400478001,22.8527614598689,22.09818868904813,22.34317970275879,217000,0.0,0.0
2025-07-11 00:00:00-04:00,22.13738650838368,22.2353832804345,21.255419298192223,21.31421661376953,251500,0.0,0.0
2025-07-14 00:00:00-04:00,21.255419966958403,21.960993383484663,21.079026145543583,21.598407745361328,224400,0.0,0.0
2025-07-15 00:00:00-04:00,21.422014971071764,21.794400491824316,20.824236295753423,21.07902717590332,225500,0.0,0.0
2025-07-16 00:00:00-04:00,21.167224422953556,21.294618930460278,20.696842114898246,21.11822509765625,227900,0.0,0.0
2025-07-17 00:00:00-04:00,20.981029524141988,21.28481784706398,19.785474092318037,19.92266845703125,182300,0.0,0.0
2025-07-18 00:00:00-04:00,19.95206584562633,20.363650763414803,19.883468670850387,20.09906005859375,171600,0.0,0.0
2025-07-21 00:00:00-04:00,20.06966170006529,20.834034271193023,20.06966170006529,20.65764045715332,141900,0.0,0.0
2025-07-22 00:00:00-04:00,20.50084683801324,20.579243882801446,20.1676589303801,20.285255432128906,176400,0.0,0.0
2025-07-23 00:00:00-04:00,20.334252416767786,20.461646910695304,20.0794615597798,20.236255645751953,133500,0.0,0.0
2025-07-24 00:00:00-04:00,20.187258853114244,20.35385280853388,19.88347053527832,19.88347053527832,123100,0.0,0.0
2025-07-25 00:00:00-04:00,19.961867685649924,20.16765923035506,19.43268622360869,19.471885681152344,102700,0.0,0.0
2025-07-28 00:00:00-04:00,19.471883723180365,19.824669459934228,19.432684269578367,19.677675247192383,170700,0.0,0.0
2025-07-29 00:00:00-04:00,19.8148723172683,20.03046560341626,19.73647526843261,19.7658748626709,112300,0.0,0.0
2025-07-30 00:00:00-04:00,19.74627485545299,20.15785982333481,19.579680895378612,19.736474990844727,129400,0.0,0.0
2025-07-31 00:00:00-04:00,19.62868178728269,19.94227000327911,19.452287948501407,19.912870407104492,142200,0.0,0.0
2025-08-01 00:00:00-04:00,19.648276644503465,20.010864132014117,19.481682696587693,19.785472869873047,173700,0.0,0.0
2025-08-04 00:00:00-04:00,19.86387061546741,20.50084683801324,19.814871294266663,20.285255432128906,125500,0.0,0.0
2025-08-05 00:00:00-04:00,20.47144674430507,20.510646200306358,19.765873358478334,20.02066421508789,167500,0.0,0.0
2025-08-06 00:00:00-04:00,20.0598632195208,20.295054364749895,19.530683610038597,19.540483474731445,135600,0.0,0.0
2025-08-07 00:00:00-04:00,18.11953428602992,18.540919108587154,15.326637423598987,15.767621040344238,419500,0.0,0.0
2025-08-08 00:00:00-04:00,15.689223748215136,15.934214746402507,14.96405061787648,15.846017837524414,297800,0.0,0.0
2025-08-11 00:00:00-04:00,15.860788118068884,16.343207873075823,15.732798092098712,16.03800392150879,296900,0.075,0.0
2025-08-12 00:00:00-04:00,16.008465324675853,16.284134526395064,15.181459597361027,15.752487182617188,343100,0.0,0.0
2025-08-13 00:00:00-04:00,15.752487080647061,16.175835471394297,15.535890120390173,15.841094970703125,287600,0.0,0.0
2025-08-14 00:00:00-04:00,15.782024186173883,16.106919167725774,15.555581688743562,15.58511734008789,292700,0.0,0.0
2025-08-15 00:00:00-04:00,15.693415592132729,15.703261122370522,15.09285233144887,15.220841407775879,445500,0.0,0.0
2025-08-18 00:00:00-04:00,15.2208400071062,15.585116142089795,15.142077650294686,15.151923179626465,220800,0.0,0.0
2025-08-19 00:00:00-04:00,15.220841799326049,15.457128897582868,15.191306146774314,15.240531921386719,210000,0.0,0.0
2025-08-20 00:00:00-04:00,15.279913187645557,15.486663682850734,15.23068647686848,15.338984489440918,171900,0.0,0.0
2025-08-21 00:00:00-04:00,15.338984562537574,15.575271648687853,14.955017343352308,15.014089584350586,189300,0.0,0.0
2025-08-22 00:00:00-04:00,15.220841432222343,15.585117601312845,15.122388007529151,15.457128524780273,186400,0.0,0.0
2025-08-25 00:00:00-04:00,15.41774713358192,15.703260934614125,14.974708606314213,15.023935317993164,170400,0.0,0.0
2025-08-26 00:00:00-04:00,14.945172850888072,15.171614408545686,14.846719428215199,15.112543106079102,162900,0.0,0.0
2025-08-27 00:00:00-04:00,15.02393537447796,15.270067994876662,14.856565117493126,14.886100769042969,163200,0.0,0.0
2025-08-28 00:00:00-04:00,14.945173166573786,15.171614729014507,14.797493029445041,14.846719741821289,168000,0.0,0.0
2025-08-29 00:00:00-04:00,14.827029258282565,15.122387647487203,14.797492668224963,15.063316345214844,150700,0.0,0.0
2025-09-02 00:00:00-04:00,14.915636469528438,15.151924499466704,14.856565166234951,14.935327529907227,212300,0.0,0.0
2025-09-03 00:00:00-04:00,14.895945509725397,15.083005878188912,14.511978304241698,14.659658432006836,216600,0.0,0.0
2025-09-04 00:00:00-04:00,14.76795678416969,14.964862686841006,14.630122182839068,14.817183494567871,173600,0.0,0.0
2025-09-05 00:00:00-04:00,14.895946299200062,15.210995752855542,14.639968148644266,14.886100769042969,113800,0.0,0.0
2025-09-08 00:00:00-04:00,14.945172933513003,14.945172933513003,14.541515588381154,14.600586891174316,137000,0.0,0.0
2025-09-09 00:00:00-04:00,14.620278000542688,14.81718390871765,14.521824576994492,14.649813652038574,159600,0.0,0.0
2025-09-10 00:00:00-04:00,14.718731129586086,14.797493496304451,14.541516273930503,14.72857666015625,115700,0.0,0.0
2025-09-11 00:00:00-04:00,14.758111438227075,15.181459838437387,14.71873025720203,15.014089584350586,181900,0.0,0.0
2025-09-12 00:00:00-04:00,14.984554192771023,15.014089844320866,14.787648284236349,14.886100769042969,145100,0.0,0.0
2025-09-15 00:00:00-04:00,14.876254642376528,14.915635822504353,14.639967561609577,14.669503211975098,118200,0.0,0.0
2025-09-16 00:00:00-04:00,14.659658328090517,14.738420686771724,14.502132671806727,14.56120491027832,119900,0.0,0.0
2025-09-17 00:00:00-04:00,14.600586193116504,14.905791039360683,14.561205013496744,14.659658432006836,109600,0.0,0.0
2025-09-18 00:00:00-04:00,14.659659456620659,15.122388114764187,14.620278274248413,14.945173263549805,104400,0.0,0.0
2025-09-19 00:00:00-04:00,15.014089399203778,15.132232940822027,14.630122184753418,14.630122184753418,293600,0.0,0.0
2025-09-22 00:00:00-04:00,14.63012251095271,15.99862020832247,14.452907664034786,15.772178649902344,590000,0.0,0.0
2025-09-23 00:00:00-04:00,15.683570761781796,15.75248759455311,14.95501749695343,14.974708557128906,213500,0.0,0.0
2025-09-24 00:00:00-04:00,14.955017272085415,15.447282502013355,14.925481621187734,15.338984489440918,172900,0.0,0.0
2025-09-25 00:00:00-04:00,15.427593016721294,15.427593016721294,14.955017888279738,14.994399070739746,122000,0.0,0.0
2025-09-26 00:00:00-04:00,15.014089683406228,15.201150059778978,14.955017442018221,15.112543106079102,110000,0.0,0.0
2025-09-29 00:00:00-04:00,15.132232058749599,15.319293359598896,14.817182632798808,14.915635108947754,138300,0.0,0.0
2025-09-30 00:00:00-04:00,14.876255657777053,14.964863553843069,14.708885396079346,14.718730926513672,163900,0.0,0.0
2025-10-01 00:00:00-04:00,14.669503856377249,15.04362555348671,14.639968204714288,14.748266220092773,123200,0.0,0.0
2025-10-02 00:00:00-04:00,14.620278486072735,14.777803217844,14.472598345846079,14.76795768737793,118600,0.0,0.0
2025-10-03 00:00:00-04:00,14.876254678109934,15.171613999238787,14.836873497887513,15.092851638793945,94800,0.0,0.0
2025-10-06 00:00:00-04:00,15.142078995214286,15.329139374525997,14.955017676981134,15.171614646911621,96600,0.0,0.0
2025-10-07 00:00:00-04:00,15.092852719706574,15.506355611116737,15.033781414603101,15.240531921386719,130600,0.0,0.0
2025-10-08 00:00:00-04:00,15.39805686489102,15.486663818359375,15.210995550085622,15.486663818359375,85200,0.0,0.0
2025-10-09 00:00:00-04:00,15.388210500781247,15.457127329383844,15.201149196115091,15.398056030273438,73700,0.0,0.0
2025-10-10 00:00:00-04:00,15.437438193822073,15.60480845017765,15.004244257753012,15.023935317993164,90900,0.0,0.0
2025-10-13 00:00:00-04:00,15.132232667456087,15.348829625970723,14.984553477831474,15.319293975830078,89500,0.0,0.0
2025-10-14 00:00:00-04:00,15.250376244230226,15.624497922971623,15.250376244230226,15.555581092834473,120600,0.0,0.0
2025-10-15 00:00:00-04:00,15.644188531512262,15.939547841892518,15.398055929348942,15.860785484313965,105300,0.0,0.0
2025-10-16 00:00:00-04:00,15.841095197415267,16.02815650997109,15.27006760768318,15.28975772857666,133100,0.0,0.0
2025-10-17 00:00:00-04:00,15.240531921386719,15.457128897582868,14.984554701069232,15.240531921386719,78700,0.0,0.0
2025-10-20 00:00:00-04:00,15.555581296636639,15.594962477076878,15.112542781953607,15.56542682647705,92500,0.0,0.0
2025-10-21 00:00:00-04:00,15.555580540092185,15.634342897142062,15.220840053169535,15.38821029663086,115500,0.0,0.0
2025-10-22 00:00:00-04:00,15.447282763152042,15.46697382336432,15.102697659730069,15.2109956741333,86500,0.0,0.0
2025-10-23 00:00:00-04:00,15.181460428493505,15.358676219454749,14.85656543767886,15.230687141418457,114300,0.0,0.0
2025-10-24 00:00:00-04:00,15.417746800609219,15.486663632118516,15.191305246266436,15.28975772857666,72200,0.0,0.0
2025-10-27 00:00:00-04:00,15.398056437654692,15.516199977922563,14.964862517751108,15.043624877929688,60800,0.0,0.0
2025-10-28 00:00:00-04:00,15.05347120692092,15.142079101556657,14.807338583564514,15.083006858825684,72300,0.0,0.0
2025-10-29 00:00:00-04:00,15.014089048584678,15.142078117079244,14.541514893147555,14.659658432006836,73100,0.0,0.0
2025-10-30 00:00:00-04:00,14.571051345230485,14.974708693283658,14.502133572911122,14.511979103088379,102300,0.0,0.0
2025-10-31 00:00:00-04:00,14.482442990565934,14.945172566034577,14.452907339895587,14.817183494567871,116800,0.0,0.0
2025-11-03 00:00:00-05:00,14.452907104244412,15.506354370550795,13.350233128342477,14.571050643920898,250200,0.0,0.0
2025-11-04 00:00:00-05:00,14.620278057195332,14.827029496310548,14.433216739513195,14.511979103088379,204800,0.0,0.0
2025-11-05 00:00:00-05:00,14.580896210699922,14.895945650638314,14.580896210699922,14.807337760925293,120200,0.0,0.0
2025-11-06 00:00:00-05:00,14.856563713237854,14.856563713237854,14.423369816485996,14.443060874938965,71700,0.0,0.0
2025-11-07 00:00:00-05:00,14.295382434805166,14.718729885400109,14.15754783523856,14.620277404785156,112100,0.0,0.0
2025-11-10 00:00:00-05:00,14.645015225236458,14.94187382687596,14.635119718321397,14.773653984069824,85000,0.075,0.0
2025-11-11 00:00:00-05:00,14.872606222158005,15.664228845300851,14.496585452572967,14.773653984069824,68500,0.0,0.0
2025-11-12 00:00:00-05:00,14.743967580869128,14.912187425016375,14.51637658213314,14.66480541229248,108600,0.0,0.0
2025-11-13 00:00:00-05:00,14.516377266282353,14.862712477893396,14.496586251361707,14.526272773742676,145400,0.0,0.0
2025-11-14 00:00:00-05:00,14.397633583929023,14.555957923882708,14.298680399614216,14.447110176086426,100400,0.0,0.0
2025-11-17 00:00:00-05:00,14.516377390037091,14.714282822493066,14.387738623018821,14.417424201965332,107800,0.0,0.0
2025-11-18 00:00:00-05:00,14.397632848642582,14.635119346444686,14.358051765675564,14.486690521240234,119900,0.0,0.0
2025-11-19 00:00:00-05:00,14.417423186533755,14.724177293001217,13.991926772643371,14.011716842651367,190500,0.0,0.0
2025-11-20 00:00:00-05:00,14.239308748073404,14.28878439482025,13.942450149154967,13.962240219116211,130000,0.0,0.0
2025-11-21 00:00:00-05:00,14.00182182544614,14.239309279659322,13.883078570183303,14.18983268737793,107900,0.0,0.0
2025-11-24 00:00:00-05:00,14.13046061891761,14.358052566436552,14.011717363394144,14.239309310913086,84800,0.0,0.0
2025-11-25 00:00:00-05:00,14.259099350359374,14.39763362000977,14.061193924921312,14.18983268737793,144000,0.0,0.0
2025-11-26 00:00:00-05:00,14.229413955589022,14.249204026543762,14.031508527604045,14.179937362670898,70400,0.0,0.0
2025-11-28 00:00:00-05:00,14.160147372619349,14.348157294357383,14.110670779418543,14.32836627960205,104100,0.0,0.0
2025-12-01 00:00:00-05:00,14.249203311210291,14.308575408468966,13.645591550236528,13.962240219116211,210300,0.0,0.0
2025-12-02 00:00:00-05:00,14.041402270665033,14.209622110543462,13.863287867731229,14.071088790893555,106100,0.0,0.0
2025-12-03 00:00:00-05:00,14.14035593510828,14.38773795002878,14.080983836304862,14.2492036819458,82300,0.0,0.0
2025-12-04 00:00:00-05:00,14.229413643129101,14.358052404416474,14.140355966569576,14.298680305480957,74900,0.0,0.0
2025-12-05 00:00:00-05:00,14.249203344872159,14.249203344872159,13.922659168396702,14.011716842651367,95600,0.0,0.0
2025-12-08 00:00:00-05:00,14.10077503066598,14.10077503066598,13.131037972755095,13.576325416564941,187900,0.0,0.0
2025-12-09 00:00:00-05:00,13.655487602336166,14.170041709812235,13.6159065171457,13.932555198669434,78600,0.0,0.0
2025-12-10 00:00:00-05:00,13.982031706493363,14.130460539137797,13.784126281738281,13.784126281738281,106600,0.0,0.0
2025-12-11 00:00:00-05:00,13.803916128623559,14.100774732788176,13.803916128623559,14.051298141479492,96700,0.0,0.0
2025-12-12 00:00:00-05:00,14.041402947021341,14.110670553870289,13.863288535507994,13.932555198669434,86500,0.0,0.0
2025-12-15 00:00:00-05:00,14.001821309105306,14.288784401330124,13.477371715112529,14.268994331359863,107700,0.0,0.0
2025-12-16 00:00:00-05:00,14.189832930844172,14.34815727391112,13.813812144216413,14.278890609741211,122800,0.0,0.0
2025-12-17 00:00:00-05:00,14.28878420803992,14.377841880920053,13.497162546188646,13.665382385253906,160800,0.0,0.0
2025-12-18 00:00:00-05:00,13.853392835548,14.259099189027621,13.8039162438264,14.2492036819458,172200,0.0,0.0
2025-12-19 00:00:00-05:00,14.189832353013113,14.189832353013113,13.734649413387606,13.952345848083496,262700,0.0,0.0
2025-12-22 00:00:00-05:00,13.902869733368025,14.150251753735116,13.902869733368025,14.130460739135742,92100,0.0,0.0
2025-12-23 00:00:00-05:00,14.110669643290793,14.120565149871716,13.655486721130204,13.724753379821777,74700,0.0,0.0
2025-12-24 00:00:00-05:00,13.794021180615944,13.85339328132987,13.596115751048737,13.714859008789062,34800,0.0,0.0
2025-12-26 00:00:00-05:00,13.665382227711127,13.77422996903895,13.576324555857706,13.724753379821777,64400,0.0,0.0
2025-12-29 00:00:00-05:00,13.63569607981408,13.813811428378134,13.596114996098454,13.704963684082031,135000,0.0,0.0
2025-12-30 00:00:00-05:00,13.695067681775663,13.912764106179594,13.635695586506431,13.833600997924805,93800,0.0,0.0
2025-12-31 00:00:00-05:00,13.902869440470637,13.912764947561852,13.536744171283154,13.635696411132812,77700,0.0,0.0
2026-01-02 00:00:00-05:00,13.606010779726335,13.655487371299202,13.388314343018214,13.536744117736816,100400,0.0,0.0
2026-01-05 00:00:00-05:00,13.50705761740301,14.00182164651942,13.437790955306712,13.892973899841309,109800,0.0,0.0
2026-01-06 00:00:00-05:00,13.813811302185059,13.922659045486808,13.70496355888331,13.813811302185059,86800,0.0,0.0
2026-01-07 00:00:00-05:00,13.823707450317528,13.932555198669434,13.695068687526634,13.932555198669434,69200,0.0,0.0
2026-01-08 00:00:00-05:00,13.922658806941188,14.179936316178095,13.922658806941188,14.03150749206543,87400,0.0,0.0
2026-01-09 00:00:00-05:00,14.140355849414558,14.209622511192528,14.041402666571038,14.100774765014648,80100,0.0,0.0
2026-01-12 00:00:00-05:00,14.011717058223796,14.53616666128532,14.011717058223796,14.358052253723145,68500,0.0,0.0
2026-01-13 00:00:00-05:00,14.318470452500073,14.466899275318127,14.130459603663935,14.140355110168457,55800,0.0,0.0
2026-01-14 00:00:00-05:00,14.080984257285545,14.476796059204469,13.982032014571455,14.32836627960205,62200,0.0,0.0
2026-01-15 00:00:00-05:00,14.397633636159263,14.69449224649309,14.387738128954384,14.546062469482422,40500,0.0,0.0
2026-01-16 00:00:00-05:00,14.457004116025406,14.833024879041076,14.288784276158198,14.37784194946289,88700,0.0,0.0
2026-01-20 00:00:00-05:00,14.278889865415364,14.338261019126826,13.982031265795637,14.011716842651367,43200,0.0,0.0
2026-01-21 00:00:00-05:00,14.10077473384863,14.358052253723145,13.97213597391137,14.358052253723145,72700,0.0,0.0
2026-01-22 00:00:00-05:00,14.367947943267515,14.55595786021833,14.278890266511208,14.348156929016113,52300,0.0,0.0
2026-01-23 00:00:00-05:00,14.328364998314461,14.328364998314461,13.764334339850233,13.833600997924805,43900,0.0,0.0
2026-01-26 00:00:00-05:00,13.803915671293753,14.071088689296595,13.744544518640314,13.922658920288086,79000,0.0,0.0
2026-01-27 00:00:00-05:00,13.912764850036949,14.110670272036497,13.813811667193429,14.100774765014648,57100,0.0,0.0
2026-01-28 00:00:00-05:00,14.051298017010255,14.100774607880666,13.368524082798524,13.546638488769531,69400,0.0,0.0
2026-01-29 00:00:00-05:00,13.665383146402274,13.764335387801495,13.447686705423967,13.675277709960938,64200,0.0,0.0
2026-01-30 00:00:00-05:00,13.556534433171159,13.704964210572447,13.398210092226462,13.625802040100098,96000,0.0,0.0
2026-02-02 00:00:00-05:00,13.67527706375711,13.784125750946544,13.536743743606872,13.556533813476562,67700,0.0,0.0
2026-02-03 00:00:00-05:00,13.536744107425525,13.853392783350687,13.4476864313997,13.843497276306152,75500,0.0,0.0
2026-02-04 00:00:00-05:00,13.942450674630622,14.031508352031388,13.655487571721219,13.883078575134277,77700,0.0,0.0
2026-02-05 00:00:00-05:00,13.853392944480683,13.962240692174102,13.635696505406344,13.784126281738281,78900,0.0,0.0
2026-02-06 00:00:00-05:00,13.883078265289285,14.160146798505222,13.883078265289285,14.001821517944336,63700,0.0,0.0
2026-02-09 00:00:00-05:00,14.051297777407873,14.10077436743461,13.863287867731229,14.071088790893555,34800,0.0,0.0
2026-02-10 00:00:00-05:00,14.080983933157734,14.33826145692968,14.080983933157734,14.090879440307617,62400,0.0,0.0
2026-02-11 00:00:00-05:00,14.239309419131718,14.239309419131718,13.635696686023927,13.77423095703125,64200,0.0,0.0
2026-02-12 00:00:00-05:00,13.932555411701887,14.189832941217517,13.803916646944073,13.972136497497559,58800,0.0,0.0
2026-02-13 00:00:00-05:00,14.090879467503127,14.565853431051691,14.090879467503127,14.447110176086426,38400,0.0,0.0
2026-02-17 00:00:00-05:00,14.496586089536853,14.753863618508076,14.447110440162598,14.585643768310547,63500,0.0,0.0
2026-02-18 00:00:00-05:00,14.54088718180548,14.610508089682858,14.15299723395924,14.182835578918457,61400,0.075,0.0
2026-02-19 00:00:00-05:00,14.212673009178271,14.391699285304583,14.103268589608712,14.143052101135254,85900,0.0,0.0
2026-02-20 00:00:00-05:00,14.182835859090122,14.192781974273007,13.944134785783406,14.133106231689453,47100,0.0,0.0
2026-02-23 00:00:00-05:00,13.993863356594769,14.15299740423691,13.854621539164766,13.983918190002441,59600,0.0,0.0
2026-02-24 00:00:00-05:00,14.06348455324608,14.29223949885835,13.983917533162362,14.202726364135742,46200,0.0,0.0
2026-02-25 00:00:00-05:00,14.232564764071245,14.550832845658816,14.04359237924335,14.431482315063477,48500,0.0,0.0
2026-02-26 00:00:00-05:00,14.431482954707596,14.630400514516415,14.252456676622785,14.52099609375,45200,0.0,0.0
2026-02-27 00:00:00-05:00,14.351915749563393,14.520995910394362,14.252456496657976,14.451374053955078,71800,0.0,0.0
2026-03-02 00:00:00-05:00,14.30218599124846,14.61050796508789,14.30218599124846,14.61050796508789,67400,0.0,0.0
2026-03-03 00:00:00-05:00,14.48121212009425,14.590616537372604,13.993862928458263,14.501103401184082,55800,0.0,0.0
2026-03-04 00:00:00-05:00,14.670184135437012,14.829318184465993,14.133106245707326,14.670184135437012,54600,0.0,0.0
2026-03-05 00:00:00-05:00,14.590617206781072,14.590617206781072,13.964026173227522,14.282294273376465,48500,0.0,0.0
2026-03-06 00:00:00-05:00,14.133105707991968,14.202726614664877,13.824782788343615,14.192781448364258,70800,0.0,0.0
2026-03-09 00:00:00-04:00,14.073430387099757,14.590616990696088,13.635811755876029,14.252456665039062,68800,0.0,0.0
2026-03-10 00:00:00-04:00,14.232565525268106,14.819372094950797,14.103268873079589,14.361861228942871,50600,0.0,0.0
2026-03-11 00:00:00-04:00,14.42153659706566,14.42153659706566,13.884458720356868,13.954079627990723,35400,0.0,0.0
2026-03-12 00:00:00-04:00,13.80489147525867,14.411590249822305,13.80489147525867,14.232564926147461,49900,0.0,0.0
2026-03-13 00:00:00-04:00,14.222618746030728,14.351915392182628,13.924241943258169,14.312131881713867,59900,0.0,0.0
2026-03-16 00:00:00-04:00,14.580670455752614,14.739804498888262,14.272348484305725,14.461319923400879,45200,0.0,0.0
2026-03-17 00:00:00-04:00,14.381753420179054,14.908885194193157,13.973972182818308,14.133106231689453,72100,0.0,0.0
2026-03-18 00:00:00-04:00,14.113213471468354,14.391698995051366,13.526406925415047,13.61591911315918,60700,0.0,0.0
2026-03-19 00:00:00-04:00,13.60597451592254,14.06348538264256,13.446840466370142,13.78499984741211,65900,0.0,0.0
2026-03-20 00:00:00-04:00,14.381753021062769,14.381753021062769,13.317543387385172,13.456785202026367,185800,0.0,0.0
2026-03-23 00:00:00-04:00,13.725324512701187,14.690075835771149,13.596027865402018,14.152997016906738,89900,0.0,0.0
2026-03-24 00:00:00-04:00,13.884458460373516,14.063484732095462,13.586081657008174,13.695487022399902,63000,0.0,0.0
2026-03-25 00:00:00-04:00,13.794945649454508,13.954079695394126,13.755162137969602,13.874512672424316,44800,0.0,0.0
2026-03-26 00:00:00-04:00,13.874512279605817,14.05353855047612,13.735270467607764,13.775053977966309,43200,0.0,0.0
2026-03-27 00:00:00-04:00,13.655702563338394,13.784999209747165,13.546298146460376,13.695487022399902,46400,0.0,0.0
2026-03-30 00:00:00-04:00,13.914295937827672,14.063484814642882,13.675594873139797,13.884458541870117,56500,0.0,0.0
2026-03-31 00:00:00-04:00,14.103268657286302,14.172889565663409,13.745216103315485,14.063485145568848,59500,0.0,0.0
2026-04-01 00:00:00-04:00,14.003809008029814,14.322077092776128,13.944134216396735,13.964025497436523,45500,0.0,0.0
2026-04-02 00:00:00-04:00,13.924242623653189,14.192782043824531,13.924242623653189,14.053539276123047,45100,0.0,0.0
2026-04-06 00:00:00-04:00,13.93418834660122,14.40164436716243,13.904350001746371,13.954079627990723,40000,0.0,0.0
2026-04-07 00:00:00-04:00,13.824782946056246,14.123159754294136,13.824782946056246,13.993863105773926,47600,0.0,0.0
2026-04-08 00:00:00-04:00,14.411590150807452,14.660237327799356,14.35191535949707,14.35191535949707,59700,0.0,0.0
2026-04-09 00:00:00-04:00,14.182835588732424,14.640346444772623,14.093322450820295,14.451374053955078,51200,0.0,0.0
2026-04-10 00:00:00-04:00,14.361860558414536,14.451373694097676,14.252456141753871,14.312131881713867,33300,0.0,0.0
2026-04-13 00:00:00-04:00,14.282294007252723,14.282294007252723,13.755162239074707,13.755162239074707,55200,0.0,0.0
2026-04-14 00:00:00-04:00,13.755161748530183,13.894404509041943,13.645757332172613,13.775053977966309,39500,0.0,0.0
2026-04-15 00:00:00-04:00,13.765108175475973,13.86456647937145,13.417001740557488,13.685541152954102,45300,0.0,0.0
2026-04-16 00:00:00-04:00,13.725324297182256,13.834728713095783,13.486623235999813,13.546298027038574,44400,0.0,0.0
2026-04-17 00:00:00-04:00,13.685541575153398,13.86456690709368,13.566191037688622,13.745216369628906,100100,0.0,0.0
2026-04-20 00:00:00-04:00,13.66564911444378,13.914296300435177,13.178300857543945,13.178300857543945,47400,0.0,0.0
2026-04-21 00:00:00-04:00,13.11862490443788,13.526407079652746,13.11862490443788,13.148463249206543,74000,0.0,0.0
2026-04-22 00:00:00-04:00,13.287705464818604,13.824783356173945,13.287705464818604,13.516461372375488,59600,0.0,0.0
2026-04-23 00:00:00-04:00,13.48662366301756,13.89440489257729,13.456785318039728,13.605974197387695,24200,0.0,0.0
2026-04-24 00:00:00-04:00,13.536352691937111,13.814838227868675,13.536352691937111,13.745216369628906,27500,0.0,0.0
2026-04-27 00:00:00-04:00,13.715378761291504,13.973972062741932,13.705432646194085,13.715378761291504,39700,0.0,0.0
2026-04-28 00:00:00-04:00,13.745216377504912,14.182835963640263,13.586082327460694,14.013755798339844,32000,0.0,0.0
2026-04-29 00:00:00-04:00,13.884458777584678,13.884458777584678,13.546298455945761,13.605974197387695,57500,0.0,0.0
2026-04-30 00:00:00-04:00,13.576135382172396,14.123159357140178,13.576135382172396,13.894404411315918,57300,0.0,0.0
2026-05-01 00:00:00-04:00,13.755162119640323,14.401644417536994,13.755162119640323,14.182835578918457,74600,0.0,0.0
2026-05-04 00:00:00-04:00,14.123160151014055,14.610508414001123,13.864566846709742,14.09332275390625,61900,0.0,0.0
2026-05-05 00:00:00-04:00,14.143052000752345,14.560779343073019,13.91429609971306,14.262402534484863,45200,0.0,0.0
2026-05-06 00:00:00-04:00,14.28229338421946,14.391698748219849,13.924241793842722,14.202726364135742,42400,0.0,0.0
2026-05-07 00:00:00-04:00,14.322077518374131,14.79948060819393,14.013755539242403,14.600563049316406,41800,0.0,0.0
2026-05-08 00:00:00-04:00,14.520996226761337,14.560779739087515,14.172889782521963,14.361861228942871,34000,0.0,0.0
2026-05-11 00:00:00-04:00,14.371807200827352,14.789534550343236,14.19278187140179,14.252456665039062,58300,0.0,0.0
2026-05-12 00:00:00-04:00,14.202727175644036,14.272349033580582,13.725325027864153,14.09332275390625,54000,0.0,0.0
2026-05-13 00:00:00-04:00,13.944134282298943,14.093322210600437,13.615919132710971,13.884458541870117,61100,0.0,0.0
2026-05-14 00:00:00-04:00,13.914296482867295,14.361861233817136,12.621330909057054,12.97938346862793,195000,0.0,0.0
2026-05-15 00:00:00-04:00,12.929653811217452,13.586082237563215,12.929653811217452,13.287705421447754,101600,0.0,0.0
2026-05-18 00:00:00-04:00,13.436893675809152,13.655702508689535,13.417001446358006,13.466731071472168,104700,0.0,0.0
2026-05-19 00:00:00-04:00,13.426947706926722,13.69548711635184,13.426947706926722,13.576135635375977,67100,0.0,0.0
2026-05-20 00:00:00-04:00,13.56619075347608,13.645757776785661,13.41700187338531,13.526407241821289,104700,0.0,0.0
2026-05-21 00:00:00-04:00,13.456785633081852,13.82478335980021,13.436894351144678,13.78499984741211,56900,0.0,0.0
2026-05-22 00:00:00-04:00,13.739999771118164,13.979999542236328,13.710000038146973,13.930000305175781,43600,0.075,0.0
2026-05-26 00:00:00-04:00,13.9399995803833,14.119999885559082,13.760000228881836,13.899999618530273,53600,0.0,0.0
2026-05-27 00:00:00-04:00,13.949999809265137,14.130000114440918,13.84000015258789,14.029999732971191,115100,0.0,0.0
2026-05-28 00:00:00-04:00,13.989999771118164,14.239999771118164,13.9399995803833,14.130000114440918,54500,0.0,0.0
2026-05-29 00:00:00-04:00,14.069999694824219,14.140000343322754,13.710000038146973,13.880000114440918,115500,0.0,0.0
2026-06-01 00:00:00-04:00,13.84000015258789,14.020000457763672,13.5600004196167,13.760000228881836,83600,0.0,0.0
2026-06-02 00:00:00-04:00,13.770000457763672,14.0600004196167,13.739999771118164,14.039999961853027,86400,0.0,0.0
2026-06-03 00:00:00-04:00,13.949999809265137,14.180000305175781,13.369999885559082,13.479999542236328,105700,0.0,0.0
2026-06-04 00:00:00-04:00,13.619999885559082,13.920000076293945,13.609999656677246,13.819999694824219,59900,0.0,0.0
2026-06-05 00:00:00-04:00,13.75,14.220000267028809,13.729999542236328,13.960000038146973,58700,0.0,0.0
2026-06-08 00:00:00-04:00,13.890000343322754,14.25,13.760000228881836,14.100000381469727,68000,0.0,0.0
2026-06-09 00:00:00-04:00,14.079999923706055,14.479900360107422,14.030099868774414,14.199999809265137,45959,0.0,0.0
