Date,Open,High,Low,Close,Volume,Dividends,Stock Splits
2022-01-03 00:00:00-05:00,28.940000534057617,29.350000381469727,28.43000030517578,29.15999984741211,458700,0.0,0.0
2022-01-04 00:00:00-05:00,29.1200008392334,29.520000457763672,28.565000534057617,28.760000228881836,267500,0.0,0.0
2022-01-05 00:00:00-05:00,28.65999984741211,28.954999923706055,27.389999389648438,27.440000534057617,311600,0.0,0.0
2022-01-06 00:00:00-05:00,27.049999237060547,27.780000686645508,26.8799991607666,27.6200008392334,437300,0.0,0.0
2022-01-07 00:00:00-05:00,27.469999313354492,27.90999984741211,26.799999237060547,26.889999389648438,471500,0.0,0.0
2022-01-10 00:00:00-05:00,26.610000610351562,26.799999237060547,26.190000534057617,26.389999389648438,339900,0.0,0.0
2022-01-11 00:00:00-05:00,26.510000228881836,27.1200008392334,26.0,27.06999969482422,247500,0.0,0.0
2022-01-12 00:00:00-05:00,27.209999084472656,27.329999923706055,26.780000686645508,26.979999542236328,224100,0.0,0.0
2022-01-13 00:00:00-05:00,27.110000610351562,27.200000762939453,26.389999389648438,26.5,172900,0.0,0.0
2022-01-14 00:00:00-05:00,26.149999618530273,27.31999969482422,26.149999618530273,27.290000915527344,306900,0.0,0.0
2022-01-18 00:00:00-05:00,26.93000030517578,27.079999923706055,26.15999984741211,26.239999771118164,296700,0.0,0.0
2022-01-19 00:00:00-05:00,26.25,26.690000534057617,25.829999923706055,25.899999618530273,367100,0.0,0.0
2022-01-20 00:00:00-05:00,26.059999465942383,26.940000534057617,25.777999877929688,25.860000610351562,265500,0.0,0.0
2022-01-21 00:00:00-05:00,25.600000381469727,26.479999542236328,25.200000762939453,25.229999542236328,326200,0.0,0.0
2022-01-24 00:00:00-05:00,24.989999771118164,26.040000915527344,24.1299991607666,25.979999542236328,597800,0.0,0.0
2022-01-25 00:00:00-05:00,25.860000610351562,25.860000610351562,24.565000534057617,25.049999237060547,345400,0.0,0.0
2022-01-26 00:00:00-05:00,25.280000686645508,25.84000015258789,24.3799991607666,24.760000228881836,413500,0.0,0.0
2022-01-27 00:00:00-05:00,24.979999542236328,25.34000015258789,24.165000915527344,24.280000686645508,230500,0.0,0.0
2022-01-28 00:00:00-05:00,24.56999969482422,24.809999465942383,23.510000228881836,24.770000457763672,265900,0.0,0.0
2022-01-31 00:00:00-05:00,24.729999542236328,25.59000015258789,24.719999313354492,25.40999984741211,294200,0.0,0.0
2022-02-01 00:00:00-05:00,25.510000228881836,26.0,25.110000610351562,25.90999984741211,356100,0.0,0.0
2022-02-02 00:00:00-05:00,26.09000015258789,26.280000686645508,25.485000610351562,26.149999618530273,236000,0.0,0.0
2022-02-03 00:00:00-05:00,25.860000610351562,26.290000915527344,25.790000915527344,26.1200008392334,245300,0.0,0.0
2022-02-04 00:00:00-05:00,25.899999618530273,26.950000762939453,25.700000762939453,26.559999465942383,203800,0.0,0.0
2022-02-07 00:00:00-05:00,26.280000686645508,26.969999313354492,25.96500015258789,26.610000610351562,219600,0.0,0.0
2022-02-08 00:00:00-05:00,26.56999969482422,27.530000686645508,26.350000381469727,27.459999084472656,155700,0.0,0.0
2022-02-09 00:00:00-05:00,27.709999084472656,28.260000228881836,27.65999984741211,27.989999771118164,194500,0.0,0.0
2022-02-10 00:00:00-05:00,27.239999771118164,28.399999618530273,27.239999771118164,27.75,228700,0.0,0.0
2022-02-11 00:00:00-05:00,27.790000915527344,28.56999969482422,27.790000915527344,28.469999313354492,333000,0.0,0.0
2022-02-14 00:00:00-05:00,28.6299991607666,29.18000030517578,27.54400062561035,28.440000534057617,355700,0.0,0.0
2022-02-15 00:00:00-05:00,28.575000762939453,29.479999542236328,28.575000762939453,29.040000915527344,408700,0.0,0.0
2022-02-16 00:00:00-05:00,28.950000762939453,30.170000076293945,28.950000762939453,29.850000381469727,788600,0.0,0.0
2022-02-17 00:00:00-05:00,29.3799991607666,30.0,29.329999923706055,29.8799991607666,486500,0.0,0.0
2022-02-18 00:00:00-05:00,29.81999969482422,30.1299991607666,28.579999923706055,28.850000381469727,489100,0.0,0.0
2022-02-22 00:00:00-05:00,28.549999237060547,29.469999313354492,28.469999313354492,28.950000762939453,394000,0.0,0.0
2022-02-23 00:00:00-05:00,29.290000915527344,30.125999450683594,28.829999923706055,28.860000610351562,624500,0.0,0.0
2022-02-24 00:00:00-05:00,38.279998779296875,41.5099983215332,37.790000915527344,40.150001525878906,6219100,0.0,0.0
2022-02-25 00:00:00-05:00,40.70000076293945,48.0,40.209999084472656,46.630001068115234,4946200,0.0,0.0
2022-02-28 00:00:00-05:00,45.83000183105469,48.09000015258789,45.599998474121094,47.81999969482422,2195400,0.0,0.0
2022-03-01 00:00:00-05:00,47.0,50.0,46.4900016784668,49.150001525878906,1835500,0.0,0.0
2022-03-02 00:00:00-05:00,48.9900016784668,52.68000030517578,48.130001068115234,52.400001525878906,1447600,0.0,0.0
2022-03-03 00:00:00-05:00,52.349998474121094,52.84000015258789,49.2599983215332,49.93000030517578,1494600,0.0,0.0
2022-03-04 00:00:00-05:00,49.689998626708984,52.70000076293945,49.310001373291016,52.29999923706055,1681600,0.0,0.0
2022-03-07 00:00:00-05:00,52.70000076293945,54.099998474121094,51.430999755859375,51.77000045776367,1039900,0.0,0.0
2022-03-08 00:00:00-05:00,51.689998626708984,51.720001220703125,49.029998779296875,50.810001373291016,1164000,0.0,0.0
2022-03-09 00:00:00-05:00,52.470001220703125,53.3650016784668,51.13999938964844,52.5099983215332,1306400,0.0,0.0
2022-03-10 00:00:00-05:00,51.619998931884766,53.20000076293945,49.91999816894531,51.93000030517578,1198100,0.0,0.0
2022-03-11 00:00:00-05:00,52.43000030517578,56.189998626708984,51.369998931884766,51.81999969482422,1326800,0.0,0.0
2022-03-14 00:00:00-04:00,51.7599983215332,52.22999954223633,49.02000045776367,49.869998931884766,1037400,0.0,0.0
2022-03-15 00:00:00-04:00,50.11000061035156,52.79999923706055,49.290000915527344,52.56999969482422,1155300,0.0,0.0
2022-03-16 00:00:00-04:00,52.79999923706055,55.47999954223633,51.900001525878906,54.97999954223633,1889200,0.0,0.0
2022-03-17 00:00:00-04:00,54.65999984741211,55.638999938964844,53.89500045776367,54.95000076293945,1212900,0.0,0.0
2022-03-18 00:00:00-04:00,55.0,56.7599983215332,53.70000076293945,54.970001220703125,2427200,0.0,0.0
2022-03-21 00:00:00-04:00,54.560001373291016,56.689998626708984,54.130001068115234,55.2400016784668,1219900,0.0,0.0
2022-03-22 00:00:00-04:00,55.58000183105469,58.279998779296875,54.709999084472656,55.689998626708984,1705800,0.0,0.0
2022-03-23 00:00:00-04:00,55.209999084472656,57.13999938964844,54.959999084472656,55.5,714800,0.0,0.0
2022-03-24 00:00:00-04:00,55.540000915527344,55.58100128173828,48.20000076293945,50.93000030517578,3372000,0.0,0.0
2022-03-25 00:00:00-04:00,51.119998931884766,52.91999816894531,49.38999938964844,49.900001525878906,1746000,0.0,0.0
2022-03-28 00:00:00-04:00,49.380001068115234,52.66999816894531,48.8849983215332,52.25,986000,0.0,0.0
2022-03-29 00:00:00-04:00,53.619998931884766,57.099998474121094,53.619998931884766,56.63999938964844,1732400,0.0,0.0
2022-03-30 00:00:00-04:00,56.220001220703125,58.150001525878906,55.209999084472656,55.900001525878906,975500,0.0,0.0
2022-03-31 00:00:00-04:00,55.900001525878906,58.167999267578125,55.01100158691406,55.310001373291016,1171600,0.0,0.0
2022-04-01 00:00:00-04:00,55.439998626708984,58.779998779296875,54.5,58.36000061035156,1600400,0.0,0.0
2022-04-04 00:00:00-04:00,57.380001068115234,59.130001068115234,55.689998626708984,56.709999084472656,1100500,0.0,0.0
2022-04-05 00:00:00-04:00,56.91999816894531,59.099998474121094,56.06999969482422,57.34000015258789,1071900,0.0,0.0
2022-04-06 00:00:00-04:00,56.72999954223633,58.755001068115234,56.02000045776367,58.560001373291016,1062400,0.0,0.0
2022-04-07 00:00:00-04:00,58.349998474121094,60.380001068115234,58.02000045776367,59.599998474121094,2265200,0.0,0.0
2022-04-08 00:00:00-04:00,59.31999969482422,60.709999084472656,57.66999816894531,60.189998626708984,1425000,0.0,0.0
2022-04-11 00:00:00-04:00,60.099998474121094,60.5,57.369998931884766,58.720001220703125,742700,0.0,0.0
2022-04-12 00:00:00-04:00,59.09000015258789,60.66999816894531,57.56999969482422,57.900001525878906,726900,0.0,0.0
2022-04-13 00:00:00-04:00,58.459999084472656,61.2599983215332,58.459999084472656,59.47999954223633,944100,0.0,0.0
2022-04-14 00:00:00-04:00,59.849998474121094,61.11800003051758,59.24100112915039,60.279998779296875,884500,0.0,0.0
2022-04-18 00:00:00-04:00,59.65999984741211,61.25,59.10100173950195,60.779998779296875,623000,0.0,0.0
2022-04-19 00:00:00-04:00,60.83000183105469,63.0,60.81999969482422,61.43000030517578,980200,0.0,0.0
2022-04-20 00:00:00-04:00,61.720001220703125,64.13999938964844,61.38999938964844,63.7599983215332,809600,0.0,0.0
2022-04-21 00:00:00-04:00,63.97999954223633,64.06999969482422,59.16999816894531,59.33000183105469,1010700,0.0,0.0
2022-04-22 00:00:00-04:00,58.880001068115234,60.099998474121094,58.0,58.33000183105469,730800,0.0,0.0
2022-04-25 00:00:00-04:00,57.310001373291016,59.43000030517578,56.81999969482422,59.09000015258789,859400,0.0,0.0
2022-04-26 00:00:00-04:00,59.4900016784668,60.18000030517578,57.970001220703125,57.9900016784668,910700,0.0,0.0
2022-04-27 00:00:00-04:00,58.22999954223633,58.7599983215332,55.91999816894531,58.16999816894531,1189800,0.0,0.0
2022-04-28 00:00:00-04:00,58.5,59.38999938964844,56.2599983215332,59.119998931884766,963700,0.0,0.0
2022-04-29 00:00:00-04:00,68.6500015258789,68.80000305175781,63.11000061035156,66.41000366210938,4386800,0.0,0.0
2022-05-02 00:00:00-04:00,67.1500015258789,69.73899841308594,64.18000030517578,65.95999908447266,1943000,0.0,0.0
2022-05-03 00:00:00-04:00,66.18000030517578,67.69999694824219,63.88999938964844,65.6500015258789,1553800,0.0,0.0
2022-05-04 00:00:00-04:00,65.97000122070312,67.61000061035156,63.81999969482422,66.6500015258789,1689600,0.0,0.0
2022-05-05 00:00:00-04:00,66.55999755859375,67.61000061035156,63.459999084472656,64.1500015258789,1090500,0.0,0.0
2022-05-06 00:00:00-04:00,64.19999694824219,64.93000030517578,62.7599983215332,64.19999694824219,1324200,0.0,0.0
2022-05-09 00:00:00-04:00,63.900001525878906,63.900001525878906,54.70000076293945,55.540000915527344,1332200,0.0,0.0
2022-05-10 00:00:00-04:00,56.11000061035156,59.130001068115234,56.11000061035156,58.189998626708984,1052300,0.0,0.0
2022-05-11 00:00:00-04:00,57.84000015258789,61.720001220703125,57.130001068115234,58.66999816894531,1016900,0.0,0.0
2022-05-12 00:00:00-04:00,58.029998779296875,60.845001220703125,58.029998779296875,59.599998474121094,1120800,0.0,0.0
2022-05-13 00:00:00-04:00,60.95000076293945,65.97000122070312,60.650001525878906,64.0,1661100,0.0,0.0
2022-05-16 00:00:00-04:00,63.27000045776367,67.30000305175781,63.13800048828125,66.88999938964844,1253800,0.0,0.0
2022-05-17 00:00:00-04:00,67.77999877929688,67.94499969482422,64.95999908447266,66.19999694824219,935000,0.0,0.0
2022-05-18 00:00:00-04:00,65.06999969482422,65.06999969482422,61.840999603271484,62.86000061035156,1060500,0.0,0.0
2022-05-19 00:00:00-04:00,62.720001220703125,64.8499984741211,62.0099983215332,63.290000915527344,952000,0.0,0.0
2022-05-20 00:00:00-04:00,63.70000076293945,64.12999725341797,60.45100021362305,62.290000915527344,906100,0.0,0.0
2022-05-23 00:00:00-04:00,63.22999954223633,67.3499984741211,62.96500015258789,66.43000030517578,1290600,0.0,0.0
2022-05-24 00:00:00-04:00,65.47000122070312,66.38999938964844,62.29999923706055,63.7599983215332,1085600,0.0,0.0
2022-05-25 00:00:00-04:00,63.560001373291016,66.5999984741211,63.02000045776367,65.18000030517578,991300,0.0,0.0
2022-05-26 00:00:00-04:00,67.86000061035156,69.41999816894531,63.70000076293945,66.1500015258789,1341600,0.0,0.0
2022-05-27 00:00:00-04:00,66.41999816894531,71.23999786376953,65.68000030517578,70.33999633789062,1878400,0.0,0.0
2022-05-31 00:00:00-04:00,69.54000091552734,70.97000122070312,67.4000015258789,68.5199966430664,1320400,0.0,0.0
2022-06-01 00:00:00-04:00,69.95500183105469,70.53900146484375,65.7770004272461,68.76000213623047,1072900,0.0,0.0
2022-06-02 00:00:00-04:00,68.48999786376953,72.9000015258789,68.0,70.83999633789062,1218500,0.0,0.0
2022-06-03 00:00:00-04:00,70.0,72.16999816894531,68.8499984741211,71.88999938964844,746500,0.0,0.0
2022-06-06 00:00:00-04:00,73.62000274658203,73.70999908447266,69.20999908447266,70.08000183105469,1173800,0.0,0.0
2022-06-07 00:00:00-04:00,69.58999633789062,72.75499725341797,69.36000061035156,72.6500015258789,1145000,0.0,0.0
2022-06-08 00:00:00-04:00,72.5,73.77999877929688,71.25299835205078,72.08999633789062,688300,0.0,0.0
2022-06-09 00:00:00-04:00,72.0,73.04199981689453,66.91999816894531,67.12999725341797,1233000,0.0,0.0
2022-06-10 00:00:00-04:00,65.0199966430664,65.25,61.27000045776367,63.849998474121094,1981800,0.0,0.0
2022-06-13 00:00:00-04:00,61.709999084472656,62.2599983215332,59.61000061035156,61.880001068115234,1395000,0.0,0.0
2022-06-14 00:00:00-04:00,61.880001068115234,63.119998931884766,60.869998931884766,62.58000183105469,755300,0.0,0.0
2022-06-15 00:00:00-04:00,62.869998931884766,65.91999816894531,62.869998931884766,64.36000061035156,1485600,0.0,0.0
2022-06-16 00:00:00-04:00,62.36000061035156,63.60499954223633,59.18000030517578,59.540000915527344,1297400,0.0,0.0
2022-06-17 00:00:00-04:00,59.63999938964844,62.08000183105469,59.42499923706055,60.720001220703125,1839000,0.0,0.0
2022-06-21 00:00:00-04:00,62.0,63.61000061035156,61.0099983215332,61.869998931884766,1446100,0.0,0.0
2022-06-22 00:00:00-04:00,60.65999984741211,62.09000015258789,59.5,60.13999938964844,1252900,0.0,0.0
2022-06-23 00:00:00-04:00,60.849998474121094,61.650001525878906,59.709999084472656,61.290000915527344,947000,0.0,0.0
2022-06-24 00:00:00-04:00,62.33000183105469,64.31999969482422,61.0099983215332,62.81999969482422,2899700,0.0,0.0
2022-06-27 00:00:00-04:00,63.900001525878906,66.5999984741211,61.68899917602539,65.83999633789062,1320100,0.0,0.0
2022-06-28 00:00:00-04:00,65.87000274658203,67.94000244140625,62.369998931884766,63.779998779296875,1018400,0.0,0.0
2022-06-29 00:00:00-04:00,63.7599983215332,64.9000015258789,62.09000015258789,64.20999908447266,673700,0.0,0.0
2022-06-30 00:00:00-04:00,63.470001220703125,66.33000183105469,62.52899932861328,66.02999877929688,1306700,0.0,0.0
2022-07-01 00:00:00-04:00,65.79000091552734,67.5999984741211,60.279998779296875,63.5,1378400,0.0,0.0
2022-07-05 00:00:00-04:00,62.45000076293945,65.1780014038086,61.52000045776367,64.7300033569336,650100,0.0,0.0
2022-07-06 00:00:00-04:00,64.4000015258789,64.83000183105469,61.11000061035156,61.41999816894531,707700,0.0,0.0
2022-07-07 00:00:00-04:00,62.0,65.02999877929688,61.5,63.11000061035156,644500,0.0,0.0
2022-07-08 00:00:00-04:00,63.66999816894531,69.08000183105469,63.189998626708984,67.79000091552734,2090600,0.0,0.0
2022-07-11 00:00:00-04:00,67.08000183105469,68.44000244140625,64.73799896240234,66.23999786376953,788800,0.0,0.0
2022-07-12 00:00:00-04:00,66.5199966430664,66.78600311279297,62.7599983215332,66.08999633789062,977200,0.0,0.0
2022-07-13 00:00:00-04:00,64.36000061035156,68.2300033569336,64.0999984741211,67.43000030517578,993700,0.0,0.0
2022-07-14 00:00:00-04:00,66.0,68.94000244140625,64.54000091552734,67.91000366210938,1122100,0.0,0.0
2022-07-15 00:00:00-04:00,69.12000274658203,72.26000213623047,67.33000183105469,70.6500015258789,2056100,0.0,0.0
2022-07-18 00:00:00-04:00,71.5,72.7699966430664,65.98999786376953,66.87999725341797,1497400,0.0,0.0
2022-07-19 00:00:00-04:00,67.44000244140625,71.63500213623047,66.9800033569336,71.4800033569336,924300,0.0,0.0
2022-07-20 00:00:00-04:00,71.31999969482422,75.08499908447266,71.19000244140625,74.16000366210938,1621800,0.0,0.0
2022-07-21 00:00:00-04:00,74.16000366210938,74.33999633789062,68.3759994506836,71.88999938964844,1670700,0.0,0.0
2022-07-22 00:00:00-04:00,72.55000305175781,73.19999694824219,68.19999694824219,68.66000366210938,1036100,0.0,0.0
2022-07-25 00:00:00-04:00,69.9800033569336,71.19499969482422,68.33000183105469,70.47000122070312,892600,0.0,0.0
2022-07-26 00:00:00-04:00,70.5,72.0999984741211,69.72000122070312,70.80000305175781,717500,0.0,0.0
2022-07-27 00:00:00-04:00,72.7300033569336,74.4000015258789,70.12999725341797,74.13999938964844,998900,0.0,0.0
2022-07-28 00:00:00-04:00,74.69999694824219,78.16999816894531,72.75,75.7699966430664,2014300,0.0,0.0
2022-07-29 00:00:00-04:00,74.45999908447266,77.16000366210938,73.52999877929688,76.72000122070312,998400,0.0,0.0
2022-08-01 00:00:00-04:00,76.5999984741211,77.77999877929688,75.05999755859375,75.58999633789062,1084200,0.0,0.0
2022-08-02 00:00:00-04:00,75.12999725341797,77.5,74.51000213623047,76.13999938964844,854000,0.0,0.0
2022-08-03 00:00:00-04:00,76.19000244140625,76.93000030517578,73.88999938964844,75.88999938964844,1546600,0.0,0.0
2022-08-04 00:00:00-04:00,79.26000213623047,81.43000030517578,66.26000213623047,71.23999786376953,3265500,0.0,0.0
2022-08-05 00:00:00-04:00,71.48999786376953,78.85299682617188,71.45999908447266,78.56999969482422,1703800,0.0,0.0
2022-08-08 00:00:00-04:00,79.01000213623047,83.93000030517578,78.62000274658203,79.19000244140625,1377400,0.0,0.0
2022-08-09 00:00:00-04:00,79.36000061035156,82.86000061035156,78.0,79.76000213623047,1169600,0.0,0.0
2022-08-10 00:00:00-04:00,80.91000366210938,83.54000091552734,80.4990005493164,82.83999633789062,1018400,0.0,0.0
2022-08-11 00:00:00-04:00,82.87999725341797,85.26499938964844,82.66000366210938,83.33999633789062,1037400,0.0,0.0
2022-08-12 00:00:00-04:00,83.13999938964844,83.94999694824219,81.51000213623047,83.1500015258789,890500,0.0,0.0
2022-08-15 00:00:00-04:00,82.81999969482422,84.87000274658203,82.33999633789062,83.69999694824219,1218700,0.0,0.0
2022-08-16 00:00:00-04:00,83.27999877929688,84.36499786376953,81.41999816894531,83.37999725341797,706100,0.0,0.0
2022-08-17 00:00:00-04:00,82.31999969482422,84.06999969482422,81.80999755859375,83.30999755859375,833700,0.0,0.0
2022-08-18 00:00:00-04:00,83.38999938964844,84.54000091552734,81.5999984741211,82.54000091552734,718300,0.0,0.0
2022-08-19 00:00:00-04:00,81.7300033569336,83.62000274658203,81.0,82.47000122070312,880900,0.0,0.0
2022-08-22 00:00:00-04:00,81.2699966430664,82.8499984741211,80.0999984741211,80.73999786376953,802300,0.0,0.0
2022-08-23 00:00:00-04:00,80.73999786376953,81.76000213623047,79.55999755859375,80.9000015258789,567100,0.0,0.0
2022-08-24 00:00:00-04:00,81.0,84.36000061035156,81.0,82.87999725341797,815700,0.0,0.0
2022-08-25 00:00:00-04:00,83.79000091552734,86.8499984741211,83.5,86.5999984741211,1128100,0.0,0.0
2022-08-26 00:00:00-04:00,85.91999816894531,86.68000030517578,81.04000091552734,81.51000213623047,1237500,0.0,0.0
2022-08-29 00:00:00-04:00,80.29000091552734,81.36199951171875,78.0,80.19000244140625,968200,0.0,0.0
2022-08-30 00:00:00-04:00,80.19000244140625,80.98999786376953,76.55000305175781,77.37000274658203,667800,0.0,0.0
2022-08-31 00:00:00-04:00,77.66999816894531,79.4000015258789,77.2699966430664,78.80000305175781,622500,0.0,0.0
2022-09-01 00:00:00-04:00,77.6500015258789,78.72000122070312,76.18000030517578,78.69999694824219,707300,0.0,0.0
2022-09-02 00:00:00-04:00,79.7300033569336,80.8550033569336,77.7699966430664,78.4800033569336,624300,0.0,0.0
2022-09-06 00:00:00-04:00,78.5,80.77999877929688,78.46499633789062,79.47000122070312,808200,0.0,0.0
2022-09-07 00:00:00-04:00,79.25,83.87999725341797,78.25,83.31999969482422,1120100,0.0,0.0
2022-09-08 00:00:00-04:00,82.51000213623047,85.33000183105469,82.26000213623047,84.5199966430664,1082900,0.0,0.0
2022-09-09 00:00:00-04:00,84.75,85.80999755859375,83.8499984741211,85.05000305175781,628500,0.0,0.0
2022-09-12 00:00:00-04:00,85.77999877929688,86.56999969482422,83.76000213623047,86.23999786376953,786100,0.0,0.0
2022-09-13 00:00:00-04:00,84.2699966430664,86.6500015258789,83.72100067138672,84.58999633789062,733600,0.0,0.0
2022-09-14 00:00:00-04:00,84.58999633789062,87.47000122070312,83.3499984741211,86.05000305175781,882000,0.0,0.0
2022-09-15 00:00:00-04:00,85.83000183105469,86.39399719238281,82.5,83.05999755859375,691500,0.0,0.0
2022-09-16 00:00:00-04:00,81.30999755859375,82.05999755859375,77.7699966430664,79.51000213623047,1500000,0.0,0.0
2022-09-19 00:00:00-04:00,78.87999725341797,79.0,75.05000305175781,77.19999694824219,1250400,0.0,0.0
2022-09-20 00:00:00-04:00,76.87999725341797,77.6240005493164,74.25,76.11000061035156,784000,0.0,0.0
2022-09-21 00:00:00-04:00,76.25,76.45999908447266,73.19999694824219,73.19999694824219,788200,0.0,0.0
2022-09-22 00:00:00-04:00,73.05999755859375,73.2249984741211,69.33000183105469,70.81999969482422,1405900,0.0,0.0
2022-09-23 00:00:00-04:00,69.2300033569336,69.61000061035156,66.89600372314453,68.36000061035156,1055000,0.0,0.0
2022-09-26 00:00:00-04:00,68.01000213623047,69.02999877929688,66.0999984741211,66.5999984741211,1201900,0.0,0.0
2022-09-27 00:00:00-04:00,67.81999969482422,68.80000305175781,66.56999969482422,67.38999938964844,644600,0.0,0.0
2022-09-28 00:00:00-04:00,67.4800033569336,70.41000366210938,67.47000122070312,69.33000183105469,1045300,0.0,0.0
2022-09-29 00:00:00-04:00,68.69000244140625,69.12000274658203,66.56999969482422,69.01000213623047,648300,0.0,0.0
2022-09-30 00:00:00-04:00,69.0999984741211,72.75,69.04499816894531,70.33000183105469,1134500,0.0,0.0
2022-10-03 00:00:00-04:00,70.62000274658203,75.41000366210938,70.62000274658203,74.5199966430664,677000,0.0,0.0
2022-10-04 00:00:00-04:00,75.98999786376953,77.05999755859375,75.70099639892578,76.7699966430664,836700,0.0,0.0
2022-10-05 00:00:00-04:00,76.0999984741211,78.2699966430664,75.08999633789062,77.66999816894531,531000,0.0,0.0
2022-10-06 00:00:00-04:00,77.97000122070312,79.55999755859375,74.5999984741211,74.69999694824219,605900,0.0,0.0
2022-10-07 00:00:00-04:00,70.38999938964844,70.54000091552734,63.7400016784668,65.44000244140625,5058100,0.0,0.0
2022-10-10 00:00:00-04:00,65.62999725341797,67.4229965209961,64.70999908447266,66.2300033569336,1923900,0.0,0.0
2022-10-11 00:00:00-04:00,66.54000091552734,67.80500030517578,63.29999923706055,67.04000091552734,15528900,0.0,0.0
2022-10-12 00:00:00-04:00,67.5999984741211,68.13999938964844,65.79000091552734,67.72000122070312,1006300,0.0,0.0
2022-10-13 00:00:00-04:00,67.56999969482422,72.12999725341797,66.16000366210938,70.94000244140625,1446500,0.0,0.0
2022-10-14 00:00:00-04:00,71.51000213623047,71.94999694824219,67.5,68.83999633789062,822600,0.0,0.0
2022-10-17 00:00:00-04:00,70.5,72.20999908447266,70.26000213623047,71.58999633789062,722200,0.0,0.0
2022-10-18 00:00:00-04:00,73.13999938964844,74.51000213623047,71.73999786376953,72.68000030517578,736200,0.0,0.0
2022-10-19 00:00:00-04:00,71.80999755859375,72.54499816894531,70.33499908447266,70.55000305175781,818400,0.0,0.0
2022-10-20 00:00:00-04:00,70.19000244140625,73.51000213623047,69.41100311279297,71.70999908447266,706700,0.0,0.0
2022-10-21 00:00:00-04:00,71.5999984741211,72.54000091552734,69.12999725341797,72.33000183105469,648100,0.0,0.0
2022-10-24 00:00:00-04:00,73.16999816894531,73.19999694824219,69.95999908447266,72.47000122070312,697600,0.0,0.0
2022-10-25 00:00:00-04:00,73.12999725341797,75.58999633789062,73.12000274658203,74.3499984741211,665700,0.0,0.0
2022-10-26 00:00:00-04:00,75.16000366210938,77.1500015258789,74.63999938964844,75.9000015258789,663200,0.0,0.0
2022-10-27 00:00:00-04:00,76.8499984741211,77.13999938964844,73.94000244140625,74.01000213623047,668300,0.0,0.0
2022-10-28 00:00:00-04:00,73.94999694824219,76.11000061035156,73.2300033569336,75.44999694824219,823500,0.0,0.0
2022-10-31 00:00:00-04:00,75.16000366210938,75.51499938964844,73.20999908447266,73.98999786376953,718500,0.0,0.0
2022-11-01 00:00:00-04:00,74.45999908447266,74.66000366210938,72.2249984741211,72.72000122070312,940100,0.0,0.0
2022-11-02 00:00:00-04:00,72.5,72.5,68.13999938964844,68.88999938964844,1305000,0.0,0.0
2022-11-03 00:00:00-04:00,64.08999633789062,70.10800170898438,59.939998626708984,60.04999923706055,3108900,0.0,0.0
2022-11-04 00:00:00-04:00,61.189998626708984,61.66999816894531,59.029998779296875,60.599998474121094,1493100,0.0,0.0
2022-11-07 00:00:00-05:00,60.88999938964844,61.28499984741211,54.18000030517578,56.279998779296875,2782500,0.0,0.0
2022-11-08 00:00:00-05:00,56.630001068115234,59.005001068115234,55.36000061035156,57.04999923706055,1694600,0.0,0.0
2022-11-09 00:00:00-05:00,56.36000061035156,58.560001373291016,55.7599983215332,55.849998474121094,898300,0.0,0.0
2022-11-10 00:00:00-05:00,59.7599983215332,60.6150016784668,58.310001373291016,59.689998626708984,965800,0.0,0.0
2022-11-11 00:00:00-05:00,59.72999954223633,60.68000030517578,55.8650016784668,56.470001220703125,1336200,0.0,0.0
2022-11-14 00:00:00-05:00,56.2400016784668,58.36000061035156,55.09000015258789,57.25,1554900,0.0,0.0
2022-11-15 00:00:00-05:00,59.0,60.900001525878906,58.90999984741211,59.04999923706055,1080700,0.0,0.0
2022-11-16 00:00:00-05:00,58.5,58.52000045776367,55.630001068115234,55.81999969482422,904600,0.0,0.0
2022-11-17 00:00:00-05:00,54.790000915527344,55.880001068115234,54.0,55.11000061035156,842700,0.0,0.0
2022-11-18 00:00:00-05:00,56.470001220703125,58.209999084472656,56.224998474121094,57.70000076293945,950900,0.0,0.0
2022-11-21 00:00:00-05:00,57.2599983215332,59.09000015258789,56.79999923706055,57.380001068115234,884600,0.0,0.0
2022-11-22 00:00:00-05:00,57.619998931884766,58.2599983215332,56.2599983215332,57.91999816894531,744500,0.0,0.0
2022-11-23 00:00:00-05:00,57.68000030517578,59.290000915527344,57.0099983215332,58.7599983215332,694000,0.0,0.0
2022-11-25 00:00:00-05:00,58.66999816894531,58.75,57.58000183105469,58.45000076293945,322400,0.0,0.0
2022-11-28 00:00:00-05:00,58.40999984741211,60.91999816894531,58.40999984741211,60.88999938964844,1033700,0.0,0.0
2022-11-29 00:00:00-05:00,60.849998474121094,61.95000076293945,60.25,60.650001525878906,632300,0.0,0.0
2022-11-30 00:00:00-05:00,61.369998931884766,62.79999923706055,60.5099983215332,62.08000183105469,774600,0.0,0.0
2022-12-01 00:00:00-05:00,62.61000061035156,63.09000015258789,60.27000045776367,61.25,640300,0.0,0.0
2022-12-02 00:00:00-05:00,60.97999954223633,62.15999984741211,60.880001068115234,61.27000045776367,484400,0.0,0.0
2022-12-05 00:00:00-05:00,57.4900016784668,57.93000030517578,54.560001373291016,56.0099983215332,4083100,0.0,0.0
2022-12-06 00:00:00-05:00,56.150001525878906,57.32600021362305,54.845001220703125,55.47999954223633,5789900,0.0,0.0
2022-12-07 00:00:00-05:00,55.7400016784668,56.15599822998047,52.90999984741211,54.33000183105469,2303400,0.0,0.0
2022-12-08 00:00:00-05:00,55.15999984741211,55.400001525878906,53.34000015258789,53.5099983215332,1815200,0.0,0.0
2022-12-09 00:00:00-05:00,53.709999084472656,54.09000015258789,52.582000732421875,53.310001373291016,1114500,0.0,0.0
2022-12-12 00:00:00-05:00,54.34000015258789,55.40999984741211,53.75,54.91999816894531,967900,0.0,0.0
2022-12-13 00:00:00-05:00,56.709999084472656,57.20199966430664,53.5,54.540000915527344,926600,0.0,0.0
2022-12-14 00:00:00-05:00,54.5,55.310001373291016,53.93000030517578,54.400001525878906,526400,0.0,0.0
2022-12-15 00:00:00-05:00,53.65999984741211,53.95800018310547,52.36000061035156,52.720001220703125,664700,0.0,0.0
2022-12-16 00:00:00-05:00,52.0099983215332,53.369998931884766,51.59000015258789,53.0,1581400,0.0,0.0
2022-12-19 00:00:00-05:00,53.0,53.0,51.529998779296875,52.38999938964844,917700,0.0,0.0
2022-12-20 00:00:00-05:00,52.119998931884766,53.22999954223633,51.93000030517578,52.36000061035156,569400,0.0,0.0
2022-12-21 00:00:00-05:00,52.97999954223633,52.97999954223633,51.720001220703125,52.369998931884766,662100,0.0,0.0
2022-12-22 00:00:00-05:00,52.220001220703125,52.220001220703125,50.7400016784668,51.38999938964844,569800,0.0,0.0
2022-12-23 00:00:00-05:00,51.04999923706055,51.198001861572266,50.060001373291016,50.630001068115234,767200,0.0,0.0
2022-12-27 00:00:00-05:00,50.67499923706055,51.08000183105469,48.91999816894531,49.099998474121094,988300,0.0,0.0
2022-12-28 00:00:00-05:00,49.099998474121094,49.459999084472656,47.77000045776367,48.7599983215332,1272500,0.0,0.0
2022-12-29 00:00:00-05:00,49.2599983215332,50.900001525878906,48.599998474121094,50.619998931884766,814500,0.0,0.0
2022-12-30 00:00:00-05:00,50.11000061035156,51.02000045776367,49.7599983215332,50.959999084472656,888900,0.0,0.0
2023-01-03 00:00:00-05:00,51.45000076293945,52.20000076293945,49.95000076293945,50.66999816894531,849700,0.0,0.0
2023-01-04 00:00:00-05:00,51.36000061035156,52.18000030517578,50.29999923706055,51.02000045776367,767800,0.0,0.0
2023-01-05 00:00:00-05:00,50.849998474121094,50.970001220703125,48.88999938964844,48.939998626708984,799600,0.0,0.0
2023-01-06 00:00:00-05:00,49.310001373291016,49.83000183105469,48.15999984741211,48.47999954223633,816100,0.0,0.0
2023-01-09 00:00:00-05:00,49.119998931884766,49.630001068115234,47.459999084472656,47.7599983215332,1103800,0.0,0.0
2023-01-10 00:00:00-05:00,48.18000030517578,48.96500015258789,47.650001525878906,48.27000045776367,719000,0.0,0.0
2023-01-11 00:00:00-05:00,48.279998779296875,50.06999969482422,47.7599983215332,50.040000915527344,1199800,0.0,0.0
2023-01-12 00:00:00-05:00,50.25,52.15999984741211,49.869998931884766,51.310001373291016,1011300,0.0,0.0
2023-01-13 00:00:00-05:00,51.02000045776367,53.22999954223633,50.869998931884766,53.08000183105469,1319700,0.0,0.0
2023-01-17 00:00:00-05:00,52.970001220703125,54.57500076293945,52.20000076293945,54.04999923706055,1220000,0.0,0.0
2023-01-18 00:00:00-05:00,54.29999923706055,55.400001525878906,53.23500061035156,55.349998474121094,1119900,0.0,0.0
2023-01-19 00:00:00-05:00,55.31999969482422,56.029998779296875,53.939998626708984,54.41999816894531,1409800,0.0,0.0
2023-01-20 00:00:00-05:00,54.970001220703125,55.560001373291016,53.369998931884766,53.41999816894531,1524200,0.0,0.0
2023-01-23 00:00:00-05:00,53.63999938964844,54.84000015258789,53.375,54.59000015258789,651600,0.0,0.0
2023-01-24 00:00:00-05:00,54.52000045776367,55.65999984741211,53.720001220703125,54.650001525878906,525500,0.0,0.0
2023-01-25 00:00:00-05:00,54.33000183105469,54.75,53.58000183105469,54.650001525878906,418900,0.0,0.0
2023-01-26 00:00:00-05:00,55.36000061035156,55.939998626708984,54.994998931884766,55.84000015258789,539100,0.0,0.0
2023-01-27 00:00:00-05:00,55.56999969482422,56.71500015258789,55.04999923706055,56.20000076293945,596500,0.0,0.0
2023-01-30 00:00:00-05:00,55.810001373291016,56.724998474121094,55.349998474121094,56.27000045776367,720500,0.0,0.0
2023-01-31 00:00:00-05:00,56.5,57.58000183105469,56.2599983215332,57.5,777300,0.0,0.0
2023-02-01 00:00:00-05:00,57.61000061035156,59.11000061035156,56.86000061035156,58.63999938964844,1016400,0.0,0.0
2023-02-02 00:00:00-05:00,59.349998474121094,60.7400016784668,59.27000045776367,60.65999984741211,1004000,0.0,0.0
2023-02-03 00:00:00-05:00,59.81999969482422,60.93000030517578,59.755001068115234,60.79999923706055,829900,0.0,0.0
2023-02-06 00:00:00-05:00,60.79999923706055,61.849998474121094,59.13999938964844,60.02000045776367,1099800,0.0,0.0
2023-02-07 00:00:00-05:00,59.72999954223633,60.31999969482422,58.41999816894531,60.02000045776367,978700,0.0,0.0
2023-02-08 00:00:00-05:00,59.59000015258789,60.619998931884766,58.849998474121094,58.90999984741211,1000300,0.0,0.0
2023-02-09 00:00:00-05:00,59.25,60.24100112915039,58.439998626708984,58.81999969482422,1037500,0.0,0.0
2023-02-10 00:00:00-05:00,58.470001220703125,58.7400016784668,57.560001373291016,58.27000045776367,560300,0.0,0.0
2023-02-13 00:00:00-05:00,58.4900016784668,58.7599983215332,57.5099983215332,58.13999938964844,753100,0.0,0.0
2023-02-14 00:00:00-05:00,57.86000061035156,58.790000915527344,57.2599983215332,57.81999969482422,973400,0.0,0.0
2023-02-15 00:00:00-05:00,57.52000045776367,60.4900016784668,57.244998931884766,60.029998779296875,627500,0.0,0.0
2023-02-16 00:00:00-05:00,59.25,60.82400131225586,58.689998626708984,59.849998474121094,765100,0.0,0.0
2023-02-17 00:00:00-05:00,59.900001525878906,60.15999984741211,58.810001373291016,59.720001220703125,524500,0.0,0.0
2023-02-21 00:00:00-05:00,59.599998474121094,60.20000076293945,58.06999969482422,58.27000045776367,860400,0.0,0.0
2023-02-22 00:00:00-05:00,58.560001373291016,59.220001220703125,57.849998474121094,58.25,896400,0.0,0.0
2023-02-23 00:00:00-05:00,70.0,71.30000305175781,67.37999725341797,69.98999786376953,4187900,0.0,0.0
2023-02-24 00:00:00-05:00,69.70999908447266,73.44000244140625,69.37999725341797,72.41000366210938,1737300,0.0,0.0
2023-02-27 00:00:00-05:00,73.0199966430664,75.0999984741211,72.12000274658203,72.63999938964844,1297300,0.0,0.0
2023-02-28 00:00:00-05:00,72.66999816894531,74.70500183105469,72.4800033569336,73.95999908447266,1181300,0.0,0.0
2023-03-01 00:00:00-05:00,73.95999908447266,74.3550033569336,72.71199798583984,73.08000183105469,650400,0.0,0.0
2023-03-02 00:00:00-05:00,72.27999877929688,73.7249984741211,72.00800323486328,73.3499984741211,892500,0.0,0.0
2023-03-03 00:00:00-05:00,74.0,74.04000091552734,72.13999938964844,72.94000244140625,996000,0.0,0.0
2023-03-06 00:00:00-05:00,72.48999786376953,73.76000213623047,71.19000244140625,73.0,1073900,0.0,0.0
2023-03-07 00:00:00-05:00,73.25,73.27999877929688,71.55999755859375,72.37000274658203,828000,0.0,0.0
2023-03-08 00:00:00-05:00,74.11000061035156,76.94000244140625,73.66999816894531,75.23999786376953,1391400,0.0,0.0
2023-03-09 00:00:00-05:00,75.5,76.55999755859375,72.91000366210938,73.16999816894531,1217100,0.0,0.0
2023-03-10 00:00:00-05:00,72.62999725341797,74.05999755859375,70.83999633789062,71.26000213623047,1224400,0.0,0.0
2023-03-13 00:00:00-04:00,69.66999816894531,71.8499984741211,68.7699966430664,70.75,1414100,0.0,0.0
2023-03-14 00:00:00-04:00,72.72000122070312,74.09200286865234,71.66000366210938,73.0199966430664,852300,0.0,0.0
2023-03-15 00:00:00-04:00,71.58000183105469,73.33999633789062,71.38999938964844,73.23999786376953,813400,0.0,0.0
2023-03-16 00:00:00-04:00,72.73999786376953,78.87999725341797,72.54000091552734,78.83000183105469,1409700,0.0,0.0
2023-03-17 00:00:00-04:00,78.86000061035156,80.4000015258789,77.23500061035156,77.83999633789062,1647500,0.0,0.0
2023-03-20 00:00:00-04:00,77.83999633789062,79.44499969482422,76.58300018310547,79.18000030517578,904200,0.0,0.0
2023-03-21 00:00:00-04:00,79.9800033569336,83.81999969482422,79.85399627685547,82.86000061035156,1083300,0.0,0.0
2023-03-22 00:00:00-04:00,82.33000183105469,83.54499816894531,80.44000244140625,80.47000122070312,1130200,0.0,0.0
2023-03-23 00:00:00-04:00,81.27999877929688,83.25,79.27300262451172,79.62000274658203,922700,0.0,0.0
2023-03-24 00:00:00-04:00,79.33000183105469,81.75,78.54499816894531,81.43000030517578,849300,0.0,0.0
2023-03-27 00:00:00-04:00,81.12999725341797,81.94999694824219,79.83999633789062,80.47000122070312,1452100,0.0,0.0
2023-03-28 00:00:00-04:00,80.91000366210938,81.61000061035156,79.4800033569336,80.1500015258789,1172600,0.0,0.0
2023-03-29 00:00:00-04:00,80.58000183105469,80.58000183105469,78.73999786376953,79.31999969482422,589100,0.0,0.0
2023-03-30 00:00:00-04:00,80.13999938964844,81.65499877929688,79.63999938964844,80.72000122070312,830000,0.0,0.0
2023-03-31 00:00:00-04:00,81.25,82.70999908447266,81.25,82.55999755859375,1126900,0.0,0.0
2023-04-03 00:00:00-04:00,82.08999633789062,82.8499984741211,81.0199966430664,82.41000366210938,723100,0.0,0.0
2023-04-04 00:00:00-04:00,82.80000305175781,83.76000213623047,82.12999725341797,82.66999816894531,674900,0.0,0.0
2023-04-05 00:00:00-04:00,82.55000305175781,83.58999633789062,81.80999755859375,83.5,592300,0.0,0.0
2023-04-06 00:00:00-04:00,83.58999633789062,83.94000244140625,82.27200317382812,83.0999984741211,430200,0.0,0.0
2023-04-10 00:00:00-04:00,82.38999938964844,85.70999908447266,82.00399780273438,85.52999877929688,906900,0.0,0.0
2023-04-11 00:00:00-04:00,86.55999755859375,87.0,85.52999877929688,86.3499984741211,862600,0.0,0.0
2023-04-12 00:00:00-04:00,87.37000274658203,87.73999786376953,85.44000244140625,85.4800033569336,735400,0.0,0.0
2023-04-13 00:00:00-04:00,86.05999755859375,87.58999633789062,85.80000305175781,87.27999877929688,923700,0.0,0.0
2023-04-14 00:00:00-04:00,87.0,88.88999938964844,86.48999786376953,88.66999816894531,1045900,0.0,0.0
2023-04-17 00:00:00-04:00,88.66999816894531,89.66999816894531,88.27999877929688,89.16000366210938,837300,0.0,0.0
2023-04-18 00:00:00-04:00,89.56999969482422,90.88999938964844,88.56999969482422,90.79000091552734,1151100,0.0,0.0
2023-04-19 00:00:00-04:00,90.79000091552734,91.62000274658203,90.25499725341797,90.52999877929688,775800,0.0,0.0
2023-04-20 00:00:00-04:00,89.2699966430664,90.33000183105469,89.08999633789062,89.61000061035156,1264100,0.0,0.0
2023-04-21 00:00:00-04:00,89.62999725341797,91.41000366210938,89.27999877929688,90.62999725341797,867600,0.0,0.0
2023-04-24 00:00:00-04:00,90.6500015258789,91.43000030517578,90.08000183105469,91.22000122070312,607900,0.0,0.0
2023-04-25 00:00:00-04:00,90.63999938964844,90.97000122070312,89.29000091552734,89.72000122070312,788100,0.0,0.0
2023-04-26 00:00:00-04:00,89.16999816894531,89.19000244140625,83.98999786376953,84.88999938964844,1672200,0.0,0.0
2023-04-27 00:00:00-04:00,84.88999938964844,85.51000213623047,83.77999877929688,85.19000244140625,972600,0.0,0.0
2023-04-28 00:00:00-04:00,84.5199966430664,86.83999633789062,84.04000091552734,85.44999694824219,907700,0.0,0.0
2023-05-01 00:00:00-04:00,85.12999725341797,85.5,83.16400146484375,83.37000274658203,917700,0.0,0.0
2023-05-02 00:00:00-04:00,83.30000305175781,83.44000244140625,81.94499969482422,82.69999694824219,792000,0.0,0.0
2023-05-03 00:00:00-04:00,82.87999725341797,83.7249984741211,81.27999877929688,82.51000213623047,1795300,0.0,0.0
2023-05-04 00:00:00-04:00,86.1500015258789,99.322998046875,86.0,94.86000061035156,3415200,0.0,0.0
2023-05-05 00:00:00-04:00,96.19000244140625,98.14900207519531,93.5780029296875,94.05999755859375,1298900,0.0,0.0
2023-05-08 00:00:00-04:00,93.31999969482422,95.83100128173828,91.76000213623047,94.81999969482422,1016700,0.0,0.0
2023-05-09 00:00:00-04:00,95.02999877929688,97.98999786376953,94.54000091552734,97.31999969482422,983400,0.0,0.0
2023-05-10 00:00:00-04:00,98.48999786376953,99.97000122070312,96.6500015258789,98.95999908447266,620700,0.0,0.0
2023-05-11 00:00:00-04:00,98.81999969482422,99.47599792480469,98.0199966430664,99.37999725341797,655100,0.0,0.0
2023-05-12 00:00:00-04:00,99.83000183105469,100.85099792480469,98.13999938964844,99.6500015258789,615600,0.0,0.0
2023-05-15 00:00:00-04:00,99.36000061035156,99.80400085449219,98.41999816894531,99.20999908447266,851300,0.0,0.0
2023-05-16 00:00:00-04:00,98.56999969482422,98.56999969482422,96.93000030517578,97.43000030517578,607700,0.0,0.0
2023-05-17 00:00:00-04:00,97.70999908447266,98.4749984741211,94.7699966430664,97.97000122070312,866100,0.0,0.0
2023-05-18 00:00:00-04:00,97.93000030517578,98.1500015258789,95.58000183105469,96.0199966430664,669400,0.0,0.0
2023-05-19 00:00:00-04:00,97.06999969482422,97.2490005493164,95.25,97.23999786376953,836900,0.0,0.0
2023-05-22 00:00:00-04:00,97.66999816894531,99.26000213623047,97.49500274658203,98.31999969482422,986100,0.0,0.0
2023-05-23 00:00:00-04:00,98.19000244140625,100.4800033569336,95.76100158691406,96.25,716500,0.0,0.0
2023-05-24 00:00:00-04:00,95.69999694824219,96.9000015258789,95.08000183105469,96.29000091552734,423000,0.0,0.0
2023-05-25 00:00:00-04:00,96.88999938964844,98.6500015258789,94.96900177001953,97.8499984741211,993200,0.0,0.0
2023-05-26 00:00:00-04:00,98.12000274658203,99.01000213623047,88.51000213623047,91.05000305175781,2556700,0.0,0.0
2023-05-30 00:00:00-04:00,91.05000305175781,91.98999786376953,87.0199966430664,87.12000274658203,1301100,0.0,0.0
2023-05-31 00:00:00-04:00,87.08000183105469,88.11000061035156,84.87999725341797,86.58999633789062,1327500,0.0,0.0
2023-06-01 00:00:00-04:00,87.2699966430664,89.70999908447266,86.29000091552734,89.08000183105469,795800,0.0,0.0
2023-06-02 00:00:00-04:00,89.44000244140625,90.23999786376953,87.61000061035156,88.66999816894531,797000,0.0,0.0
2023-06-05 00:00:00-04:00,88.08999633789062,89.6500015258789,86.81999969482422,87.5999984741211,1394000,0.0,0.0
2023-06-06 00:00:00-04:00,87.44999694824219,90.2699966430664,87.44999694824219,89.68000030517578,832200,0.0,0.0
2023-06-07 00:00:00-04:00,90.2300033569336,90.97000122070312,83.5999984741211,86.80999755859375,1309400,0.0,0.0
2023-06-08 00:00:00-04:00,86.5,89.31999969482422,86.5,88.77999877929688,703100,0.0,0.0
2023-06-09 00:00:00-04:00,88.80000305175781,89.1760025024414,85.56999969482422,85.97000122070312,1187800,0.0,0.0
2023-06-12 00:00:00-04:00,85.76000213623047,86.9749984741211,82.2750015258789,83.9800033569336,1542800,0.0,0.0
2023-06-13 00:00:00-04:00,84.22000122070312,86.16999816894531,84.12000274658203,85.94000244140625,1034400,0.0,0.0
2023-06-14 00:00:00-04:00,86.30999755859375,86.5,84.30999755859375,86.19999694824219,1695200,0.0,0.0
2023-06-15 00:00:00-04:00,86.36000061035156,90.33999633789062,85.44000244140625,89.80999755859375,1083300,0.0,0.0
2023-06-16 00:00:00-04:00,91.30000305175781,91.37000274658203,87.73999786376953,88.2699966430664,1343500,0.0,0.0
2023-06-20 00:00:00-04:00,87.66000366210938,94.47000122070312,87.66000366210938,92.87000274658203,1338000,0.0,0.0
2023-06-21 00:00:00-04:00,92.87000274658203,93.52999877929688,91.55999755859375,92.19999694824219,901000,0.0,0.0
2023-06-22 00:00:00-04:00,91.91999816894531,92.33000183105469,90.76000213623047,91.77999877929688,628300,0.0,0.0
2023-06-23 00:00:00-04:00,90.94000244140625,94.01000213623047,89.67400360107422,92.5199966430664,1264800,0.0,0.0
2023-06-26 00:00:00-04:00,92.16000366210938,92.87200164794922,86.33999633789062,86.4800033569336,1409200,0.0,0.0
2023-06-27 00:00:00-04:00,87.4000015258789,87.97000122070312,84.0199966430664,84.44000244140625,1341900,0.0,0.0
2023-06-28 00:00:00-04:00,84.69999694824219,85.44000244140625,83.80999755859375,84.54000091552734,780400,0.0,0.0
2023-06-29 00:00:00-04:00,84.41999816894531,85.2699966430664,82.80999755859375,82.94999694824219,932900,0.0,0.0
2023-06-30 00:00:00-04:00,84.02999877929688,84.73500061035156,82.52999877929688,83.91999816894531,1212400,0.0,0.0
2023-07-03 00:00:00-04:00,83.76000213623047,84.86000061035156,82.22000122070312,83.7699966430664,408400,0.0,0.0
2023-07-05 00:00:00-04:00,83.7699966430664,83.7699966430664,81.50499725341797,82.44999694824219,618700,0.0,0.0
2023-07-06 00:00:00-04:00,81.7699966430664,81.7699966430664,80.33000183105469,81.41000366210938,696400,0.0,0.0
2023-07-07 00:00:00-04:00,81.66999816894531,82.7300033569336,81.4229965209961,82.4000015258789,716600,0.0,0.0
2023-07-10 00:00:00-04:00,82.36000061035156,85.08000183105469,82.25,84.86000061035156,747900,0.0,0.0
2023-07-11 00:00:00-04:00,84.91999816894531,85.30000305175781,83.37999725341797,83.41000366210938,595800,0.0,0.0
2023-07-12 00:00:00-04:00,84.66999816894531,85.30000305175781,83.51000213623047,83.9000015258789,550000,0.0,0.0
2023-07-13 00:00:00-04:00,83.91000366210938,85.05000305175781,83.5,84.41999816894531,552300,0.0,0.0
2023-07-14 00:00:00-04:00,84.48999786376953,86.98999786376953,84.23999786376953,86.08999633789062,889500,0.0,0.0
2023-07-17 00:00:00-04:00,85.75,87.75,85.54000091552734,87.4000015258789,926500,0.0,0.0
2023-07-18 00:00:00-04:00,87.4000015258789,90.7699966430664,86.93000030517578,90.75499725341797,1188100,0.0,0.0
2023-07-19 00:00:00-04:00,91.20999908447266,91.80999755859375,86.66000366210938,89.20999908447266,1470000,0.0,0.0
2023-07-20 00:00:00-04:00,89.4800033569336,89.4800033569336,84.44000244140625,84.93000030517578,906500,0.0,0.0
2023-07-21 00:00:00-04:00,84.9800033569336,88.0,84.54000091552734,87.54000091552734,739400,0.0,0.0
2023-07-24 00:00:00-04:00,87.27999877929688,87.27999877929688,83.26000213623047,84.43000030517578,832100,0.0,0.0
2023-07-25 00:00:00-04:00,83.80000305175781,85.51000213623047,83.4000015258789,84.0,626300,0.0,0.0
2023-07-26 00:00:00-04:00,83.6500015258789,84.8499984741211,83.5,84.06999969482422,608600,0.0,0.0
2023-07-27 00:00:00-04:00,85.08999633789062,86.125,84.25499725341797,85.45999908447266,729800,0.0,0.0
2023-07-28 00:00:00-04:00,85.72000122070312,88.5999984741211,84.79000091552734,87.94999694824219,1109700,0.0,0.0
2023-07-31 00:00:00-04:00,87.9800033569336,88.05899810791016,85.52999877929688,86.48999786376953,844600,0.0,0.0
2023-08-01 00:00:00-04:00,86.0999984741211,87.23999786376953,83.43000030517578,83.5999984741211,737200,0.0,0.0
2023-08-02 00:00:00-04:00,82.4000015258789,83.5999984741211,81.7300033569336,81.81999969482422,1014900,0.0,0.0
2023-08-03 00:00:00-04:00,74.3499984741211,77.44999694824219,69.73999786376953,73.05999755859375,4595800,0.0,0.0
2023-08-04 00:00:00-04:00,73.0999984741211,76.44000244140625,73.0999984741211,75.69000244140625,1868700,0.0,0.0
2023-08-07 00:00:00-04:00,75.22000122070312,75.26499938964844,71.24099731445312,72.31999969482422,2074800,0.0,0.0
2023-08-08 00:00:00-04:00,72.19000244140625,73.18000030517578,68.66000366210938,70.41000366210938,1918600,0.0,0.0
2023-08-09 00:00:00-04:00,70.6500015258789,70.86499786376953,68.47000122070312,68.81999969482422,1062700,0.0,0.0
2023-08-10 00:00:00-04:00,68.69000244140625,69.81999969482422,67.56999969482422,68.08999633789062,1153400,0.0,0.0
2023-08-11 00:00:00-04:00,67.93000030517578,69.19000244140625,67.58499908447266,69.0,762100,0.0,0.0
2023-08-14 00:00:00-04:00,68.6500015258789,69.66999816894531,68.08000183105469,69.04000091552734,970600,0.0,0.0
2023-08-15 00:00:00-04:00,68.5199966430664,68.76000213623047,67.68000030517578,68.44999694824219,622900,0.0,0.0
2023-08-16 00:00:00-04:00,67.91999816894531,68.1500015258789,66.16000366210938,66.7300033569336,943800,0.0,0.0
2023-08-17 00:00:00-04:00,66.63999938964844,66.93000030517578,64.58999633789062,65.86000061035156,1090000,0.0,0.0
2023-08-18 00:00:00-04:00,65.19000244140625,67.25,64.87999725341797,66.27999877929688,982300,0.0,0.0
2023-08-21 00:00:00-04:00,66.0999984741211,67.72000122070312,66.01000213623047,67.31999969482422,727600,0.0,0.0
2023-08-22 00:00:00-04:00,67.55000305175781,67.83000183105469,66.26000213623047,67.3499984741211,676500,0.0,0.0
2023-08-23 00:00:00-04:00,68.0,68.0,66.18000030517578,66.3499984741211,880300,0.0,0.0
2023-08-24 00:00:00-04:00,66.30000305175781,66.79000091552734,65.16000366210938,65.25,970600,0.0,0.0
2023-08-25 00:00:00-04:00,65.13999938964844,66.44000244140625,64.94000244140625,66.37000274658203,484400,0.0,0.0
2023-08-28 00:00:00-04:00,66.54000091552734,67.43000030517578,66.26000213623047,66.4000015258789,662300,0.0,0.0
2023-08-29 00:00:00-04:00,66.25,66.9000015258789,64.98999786376953,66.69999694824219,703100,0.0,0.0
2023-08-30 00:00:00-04:00,66.55999755859375,68.68000030517578,66.55999755859375,67.79000091552734,691400,0.0,0.0
2023-08-31 00:00:00-04:00,67.80000305175781,68.77999877929688,67.2300033569336,68.44000244140625,793400,0.0,0.0
2023-09-01 00:00:00-04:00,69.08999633789062,69.16000366210938,67.02999877929688,67.30000305175781,453500,0.0,0.0
2023-09-05 00:00:00-04:00,66.94999694824219,67.1500015258789,65.5199966430664,66.05000305175781,613100,0.0,0.0
2023-09-06 00:00:00-04:00,66.30999755859375,67.69000244140625,66.02999877929688,66.7300033569336,564700,0.0,0.0
2023-09-07 00:00:00-04:00,66.30999755859375,66.61000061035156,63.45000076293945,66.16000366210938,791300,0.0,0.0
2023-09-08 00:00:00-04:00,66.36000061035156,66.75,65.5999984741211,66.4000015258789,471400,0.0,0.0
2023-09-11 00:00:00-04:00,66.58000183105469,67.41000366210938,65.2300033569336,65.3499984741211,641500,0.0,0.0
2023-09-12 00:00:00-04:00,64.7300033569336,65.02999877929688,62.46500015258789,64.0999984741211,1047500,0.0,0.0
2023-09-13 00:00:00-04:00,63.349998474121094,64.44000244140625,62.18000030517578,62.400001525878906,774400,0.0,0.0
2023-09-14 00:00:00-04:00,62.810001373291016,67.16000366210938,62.290000915527344,66.36000061035156,2068900,0.0,0.0
2023-09-15 00:00:00-04:00,66.43000030517578,66.79000091552734,64.05999755859375,64.80999755859375,2347500,0.0,0.0
2023-09-18 00:00:00-04:00,64.70999908447266,65.08000183105469,63.7400016784668,64.0999984741211,797100,0.0,0.0
2023-09-19 00:00:00-04:00,64.0999984741211,64.16999816894531,62.790000915527344,63.220001220703125,1047800,0.0,0.0
2023-09-20 00:00:00-04:00,63.5099983215332,63.720001220703125,61.66999816894531,61.959999084472656,1018600,0.0,0.0
2023-09-21 00:00:00-04:00,61.290000915527344,61.7599983215332,60.0099983215332,60.27000045776367,946600,0.0,0.0
2023-09-22 00:00:00-04:00,60.40999984741211,62.20000076293945,59.849998474121094,61.81999969482422,885700,0.0,0.0
2023-09-25 00:00:00-04:00,61.45000076293945,64.75,61.30799865722656,64.62000274658203,847600,0.0,0.0
2023-09-26 00:00:00-04:00,64.38999938964844,67.1500015258789,64.01000213623047,65.2699966430664,1497700,0.0,0.0
2023-09-27 00:00:00-04:00,65.55000305175781,66.86000061035156,65.37000274658203,65.9000015258789,876600,0.0,0.0
2023-09-28 00:00:00-04:00,65.5,70.33000183105469,65.44999694824219,69.52999877929688,1368900,0.0,0.0
2023-09-29 00:00:00-04:00,70.30999755859375,70.44000244140625,68.43900299072266,69.4800033569336,1263500,0.0,0.0
2023-10-02 00:00:00-04:00,69.06999969482422,69.4000015258789,66.44999694824219,67.6500015258789,802700,0.0,0.0
2023-10-03 00:00:00-04:00,73.0,74.86000061035156,68.47000122070312,74.6500015258789,3115600,0.0,0.0
2023-10-04 00:00:00-04:00,75.08999633789062,75.69000244140625,71.29000091552734,72.45999908447266,1305800,0.0,0.0
2023-10-05 00:00:00-04:00,72.80000305175781,73.30000305175781,68.37999725341797,68.38999938964844,1351200,0.0,0.0
2023-10-06 00:00:00-04:00,67.5999984741211,71.94000244140625,67.5999984741211,70.83000183105469,855100,0.0,0.0
2023-10-09 00:00:00-04:00,70.08000183105469,70.66999816894531,69.08999633789062,70.04000091552734,906000,0.0,0.0
2023-10-10 00:00:00-04:00,70.27999877929688,71.62999725341797,69.5,70.5,1264700,0.0,0.0
2023-10-11 00:00:00-04:00,70.05999755859375,70.16500091552734,66.66000366210938,68.02999877929688,938100,0.0,0.0
2023-10-12 00:00:00-04:00,68.08000183105469,68.08000183105469,64.80000305175781,65.2300033569336,896300,0.0,0.0
2023-10-13 00:00:00-04:00,65.20999908447266,67.86000061035156,64.90499877929688,67.47000122070312,887900,0.0,0.0
2023-10-16 00:00:00-04:00,67.7699966430664,70.22000122070312,66.87999725341797,69.54000091552734,1185500,0.0,0.0
2023-10-17 00:00:00-04:00,68.98999786376953,76.98999786376953,68.83999633789062,73.29000091552734,2332100,0.0,0.0
2023-10-18 00:00:00-04:00,72.23999786376953,72.5,70.19999694824219,70.4800033569336,757400,0.0,0.0
2023-10-19 00:00:00-04:00,70.27999877929688,71.18000030517578,68.73500061035156,69.20999908447266,482500,0.0,0.0
2023-10-20 00:00:00-04:00,69.05999755859375,70.75,68.80999755859375,69.61000061035156,624400,0.0,0.0
2023-10-23 00:00:00-04:00,68.94000244140625,70.05000305175781,66.81500244140625,67.77999877929688,965900,0.0,0.0
2023-10-24 00:00:00-04:00,67.69999694824219,69.33999633789062,67.3499984741211,68.51000213623047,549900,0.0,0.0
2023-10-25 00:00:00-04:00,68.0199966430664,68.40899658203125,65.70999908447266,66.37999725341797,788700,0.0,0.0
2023-10-26 00:00:00-04:00,66.61000061035156,67.44999694824219,65.69000244140625,65.69999694824219,548900,0.0,0.0
2023-10-27 00:00:00-04:00,66.22000122070312,66.90499877929688,64.69499969482422,66.83000183105469,505500,0.0,0.0
2023-10-30 00:00:00-04:00,67.36000061035156,68.0,60.2599983215332,61.58000183105469,1380100,0.0,0.0
2023-10-31 00:00:00-04:00,61.61000061035156,64.61000061035156,61.48500061035156,64.5999984741211,930700,0.0,0.0
2023-11-01 00:00:00-04:00,64.44000244140625,66.0999984741211,63.19499969482422,66.08999633789062,865800,0.0,0.0
2023-11-02 00:00:00-04:00,70.0,70.0,60.189998626708984,62.15999984741211,2211600,0.0,0.0
2023-11-03 00:00:00-04:00,63.290000915527344,65.54000091552734,62.40999984741211,64.31999969482422,1344400,0.0,0.0
2023-11-06 00:00:00-05:00,64.94000244140625,65.19999694824219,63.119998931884766,64.41999816894531,887200,0.0,0.0
2023-11-07 00:00:00-05:00,64.43000030517578,65.77999877929688,63.619998931884766,65.0199966430664,716700,0.0,0.0
2023-11-08 00:00:00-05:00,64.8499984741211,65.36000061035156,63.0099983215332,63.40999984741211,847700,0.0,0.0
2023-11-09 00:00:00-05:00,63.849998474121094,63.900001525878906,61.61000061035156,62.08000183105469,536700,0.0,0.0
2023-11-10 00:00:00-05:00,62.34000015258789,63.540000915527344,61.95000076293945,63.470001220703125,541400,0.0,0.0
2023-11-13 00:00:00-05:00,63.56999969482422,64.72000122070312,62.779998779296875,64.58000183105469,421300,0.0,0.0
2023-11-14 00:00:00-05:00,65.91999816894531,68.69000244140625,65.91999816894531,68.36000061035156,884200,0.0,0.0
2023-11-15 00:00:00-05:00,68.36000061035156,71.1449966430664,68.33000183105469,68.37999725341797,859600,0.0,0.0
2023-11-16 00:00:00-05:00,67.95999908447266,68.37999725341797,66.70500183105469,68.1500015258789,584700,0.0,0.0
2023-11-17 00:00:00-05:00,68.5,68.97000122070312,67.7699966430664,68.19999694824219,526000,0.0,0.0
2023-11-20 00:00:00-05:00,68.51000213623047,70.02999877929688,68.05000305175781,69.12000274658203,528800,0.0,0.0
2023-11-21 00:00:00-05:00,68.77999877929688,69.44999694824219,68.08999633789062,68.12000274658203,540100,0.0,0.0
2023-11-22 00:00:00-05:00,68.76000213623047,69.68399810791016,67.7699966430664,68.30000305175781,362200,0.0,0.0
2023-11-24 00:00:00-05:00,68.5999984741211,69.43000030517578,68.3499984741211,68.81999969482422,161900,0.0,0.0
2023-11-27 00:00:00-05:00,68.05000305175781,71.33999633789062,68.0,70.98999786376953,828700,0.0,0.0
2023-11-28 00:00:00-05:00,71.0199966430664,71.75,68.9000015258789,68.98999786376953,697400,0.0,0.0
2023-11-29 00:00:00-05:00,69.61000061035156,70.80999755859375,69.05999755859375,70.04000091552734,584000,0.0,0.0
2023-11-30 00:00:00-05:00,70.83999633789062,72.43000030517578,69.08999633789062,71.62000274658203,1100000,0.0,0.0
2023-12-01 00:00:00-05:00,71.4000015258789,74.54000091552734,71.0,73.79000091552734,1164300,0.0,0.0
2023-12-04 00:00:00-05:00,75.12000274658203,76.8499984741211,73.80000305175781,76.33999633789062,1556000,0.0,0.0
2023-12-05 00:00:00-05:00,75.87000274658203,75.87000274658203,72.61000061035156,72.66999816894531,1432700,0.0,0.0
2023-12-06 00:00:00-05:00,73.37000274658203,73.97000122070312,71.79000091552734,72.45999908447266,842600,0.0,0.0
2023-12-07 00:00:00-05:00,72.37000274658203,72.8499984741211,65.7300033569336,68.52999877929688,1006100,0.0,0.0
2023-12-08 00:00:00-05:00,68.23999786376953,74.37999725341797,68.23999786376953,73.70999908447266,950000,0.0,0.0
2023-12-11 00:00:00-05:00,73.87999725341797,74.94999694824219,71.83999633789062,71.97000122070312,927900,0.0,0.0
2023-12-12 00:00:00-05:00,71.94000244140625,76.3499984741211,71.94000244140625,75.51000213623047,855700,0.0,0.0
2023-12-13 00:00:00-05:00,75.62000274658203,76.55999755859375,73.83000183105469,76.55999755859375,1031300,0.0,0.0
2023-12-14 00:00:00-05:00,78.23999786376953,79.19999694824219,76.43499755859375,77.88999938964844,1349700,0.0,0.0
2023-12-15 00:00:00-05:00,78.23999786376953,78.70999908447266,75.29000091552734,76.04000091552734,1476900,0.0,0.0
2023-12-18 00:00:00-05:00,60.93000030517578,64.0,54.849998474121094,55.599998474121094,9242300,0.0,0.0
2023-12-19 00:00:00-05:00,56.38999938964844,60.099998474121094,56.0,59.89500045776367,3834500,0.0,0.0
2023-12-20 00:00:00-05:00,59.65999984741211,59.65999984741211,56.220001220703125,58.209999084472656,3555000,0.0,0.0
2023-12-21 00:00:00-05:00,58.77000045776367,59.54999923706055,57.95000076293945,59.349998474121094,1718500,0.0,0.0
2023-12-22 00:00:00-05:00,59.349998474121094,60.06100082397461,58.86000061035156,59.59000015258789,1130000,0.0,0.0
2023-12-26 00:00:00-05:00,59.95000076293945,61.599998474121094,59.72999954223633,61.15999984741211,952300,0.0,0.0
2023-12-27 00:00:00-05:00,61.279998779296875,62.15999984741211,60.599998474121094,61.5099983215332,1035900,0.0,0.0
2023-12-28 00:00:00-05:00,61.04999923706055,62.4900016784668,60.880001068115234,62.28499984741211,736600,0.0,0.0
2023-12-29 00:00:00-05:00,61.970001220703125,62.529998779296875,61.19499969482422,62.0,745700,0.0,0.0
2024-01-02 00:00:00-05:00,61.900001525878906,64.44000244140625,61.41999816894531,63.099998474121094,962400,0.0,0.0
2024-01-03 00:00:00-05:00,62.95000076293945,63.4900016784668,60.959999084472656,62.7599983215332,935100,0.0,0.0
2024-01-04 00:00:00-05:00,63.119998931884766,65.38999938964844,62.540000915527344,64.33000183105469,1242400,0.0,0.0
2024-01-05 00:00:00-05:00,63.849998474121094,65.4000015258789,63.54999923706055,64.48999786376953,1009500,0.0,0.0
2024-01-08 00:00:00-05:00,64.54000091552734,65.30000305175781,64.04000091552734,65.30000305175781,862500,0.0,0.0
2024-01-09 00:00:00-05:00,65.69000244140625,65.70999908447266,62.099998474121094,63.06999969482422,1577600,0.0,0.0
2024-01-10 00:00:00-05:00,63.63999938964844,64.18499755859375,58.810001373291016,59.290000915527344,1898100,0.0,0.0
2024-01-11 00:00:00-05:00,59.47999954223633,59.5,56.790000915527344,56.849998474121094,2074200,0.0,0.0
2024-01-12 00:00:00-05:00,57.119998931884766,57.86000061035156,55.439998626708984,56.2400016784668,1611500,0.0,0.0
2024-01-16 00:00:00-05:00,56.0099983215332,56.720001220703125,55.04999923706055,55.29999923706055,1331500,0.0,0.0
2024-01-17 00:00:00-05:00,54.95000076293945,55.5,54.040000915527344,55.27000045776367,1331900,0.0,0.0
2024-01-18 00:00:00-05:00,55.29999923706055,55.685001373291016,54.11000061035156,55.029998779296875,1183400,0.0,0.0
2024-01-19 00:00:00-05:00,54.90999984741211,54.90999984741211,52.689998626708984,53.08000183105469,1736800,0.0,0.0
2024-01-22 00:00:00-05:00,53.38999938964844,55.19499969482422,53.290000915527344,54.869998931884766,1943900,0.0,0.0
2024-01-23 00:00:00-05:00,53.9900016784668,54.89799880981445,50.20000076293945,52.47999954223633,4109500,0.0,0.0
2024-01-24 00:00:00-05:00,53.66999816894531,54.97999954223633,50.88999938964844,51.06999969482422,2586900,0.0,0.0
2024-01-25 00:00:00-05:00,51.65999984741211,52.790000915527344,50.41999816894531,52.52000045776367,1921900,0.0,0.0
2024-01-26 00:00:00-05:00,52.5,53.79999923706055,51.02000045776367,52.880001068115234,1250400,0.0,0.0
2024-01-29 00:00:00-05:00,52.900001525878906,54.30400085449219,52.349998474121094,53.974998474121094,1074300,0.0,0.0
2024-01-30 00:00:00-05:00,53.68000030517578,53.79999923706055,52.439998626708984,53.29999923706055,1234800,0.0,0.0
2024-01-31 00:00:00-05:00,53.47999954223633,53.900001525878906,51.849998474121094,51.93000030517578,1260400,0.0,0.0
2024-02-01 00:00:00-05:00,52.25,53.959999084472656,51.790000915527344,53.0099983215332,969700,0.0,0.0
2024-02-02 00:00:00-05:00,52.029998779296875,54.47999954223633,52.029998779296875,54.0,886300,0.0,0.0
2024-02-05 00:00:00-05:00,53.630001068115234,54.2400016784668,52.959999084472656,54.060001373291016,662900,0.0,0.0
2024-02-06 00:00:00-05:00,54.2599983215332,55.3849983215332,53.86000061035156,54.9900016784668,716200,0.0,0.0
2024-02-07 00:00:00-05:00,55.310001373291016,55.6349983215332,54.560001373291016,54.599998474121094,661300,0.0,0.0
2024-02-08 00:00:00-05:00,54.380001068115234,55.900001525878906,53.465999603271484,55.560001373291016,618100,0.0,0.0
2024-02-09 00:00:00-05:00,56.0,56.35900115966797,55.47999954223633,56.13999938964844,665700,0.0,0.0
2024-02-12 00:00:00-05:00,56.59000015258789,56.900001525878906,55.40999984741211,56.54999923706055,794400,0.0,0.0
2024-02-13 00:00:00-05:00,55.310001373291016,56.060001373291016,54.689998626708984,54.88999938964844,755700,0.0,0.0
2024-02-14 00:00:00-05:00,55.689998626708984,56.61000061035156,55.0099983215332,56.369998931884766,596400,0.0,0.0
2024-02-15 00:00:00-05:00,56.810001373291016,58.189998626708984,56.5099983215332,57.75,798600,0.0,0.0
2024-02-16 00:00:00-05:00,57.18000030517578,58.2400016784668,56.400001525878906,57.459999084472656,688700,0.0,0.0
2024-02-20 00:00:00-05:00,57.0,57.84000015258789,56.53499984741211,56.83000183105469,900800,0.0,0.0
2024-02-21 00:00:00-05:00,56.189998626708984,57.470001220703125,56.060001373291016,56.709999084472656,1255200,0.0,0.0
2024-02-22 00:00:00-05:00,63.0,65.58999633789062,61.70100021362305,65.05000305175781,2547500,0.0,0.0
2024-02-23 00:00:00-05:00,65.2699966430664,66.5999984741211,65.0,66.2699966430664,1232700,0.0,0.0
2024-02-26 00:00:00-05:00,66.19999694824219,69.16000366210938,65.80999755859375,68.13999938964844,1377200,0.0,0.0
2024-02-27 00:00:00-05:00,68.48999786376953,69.7300033569336,67.80000305175781,68.26000213623047,1103000,0.0,0.0
2024-02-28 00:00:00-05:00,67.8499984741211,67.8499984741211,64.93000030517578,65.37000274658203,963900,0.0,0.0
2024-02-29 00:00:00-05:00,66.30999755859375,66.80999755859375,64.41999816894531,65.37999725341797,680900,0.0,0.0
2024-03-01 00:00:00-05:00,65.55000305175781,66.41999816894531,64.30000305175781,64.63999938964844,707000,0.0,0.0
2024-03-04 00:00:00-05:00,65.0,66.2249984741211,64.08999633789062,65.36000061035156,904400,0.0,0.0
2024-03-05 00:00:00-05:00,65.2300033569336,65.9000015258789,63.849998474121094,64.44000244140625,578400,0.0,0.0
2024-03-06 00:00:00-05:00,64.88999938964844,65.23999786376953,61.86000061035156,61.970001220703125,1202200,0.0,0.0
2024-03-07 00:00:00-05:00,61.959999084472656,63.11000061035156,61.40999984741211,62.59000015258789,840300,0.0,0.0
2024-03-08 00:00:00-05:00,63.029998779296875,65.4000015258789,62.43000030517578,62.52000045776367,1036500,0.0,0.0
2024-03-11 00:00:00-04:00,62.5099983215332,63.25,61.25,62.720001220703125,816000,0.0,0.0
2024-03-12 00:00:00-04:00,62.75,62.96699905395508,60.81999969482422,60.880001068115234,641600,0.0,0.0
2024-03-13 00:00:00-04:00,60.47999954223633,61.279998779296875,59.52000045776367,59.68000030517578,646400,0.0,0.0
2024-03-14 00:00:00-04:00,59.970001220703125,60.292999267578125,59.11000061035156,59.83000183105469,709500,0.0,0.0
2024-03-15 00:00:00-04:00,59.779998779296875,60.540000915527344,57.79999923706055,58.16999816894531,1485700,0.0,0.0
2024-03-18 00:00:00-04:00,58.630001068115234,58.630001068115234,56.439998626708984,56.52000045776367,1117100,0.0,0.0
2024-03-19 00:00:00-04:00,56.75,59.41999816894531,56.52000045776367,58.439998626708984,1319400,0.0,0.0
2024-03-20 00:00:00-04:00,58.02000045776367,59.27000045776367,57.78099822998047,59.18000030517578,687600,0.0,0.0
2024-03-21 00:00:00-04:00,59.84000015258789,59.959999084472656,58.619998931884766,58.720001220703125,714400,0.0,0.0
2024-03-22 00:00:00-04:00,58.54999923706055,60.11000061035156,58.09000015258789,59.02000045776367,840800,0.0,0.0
2024-03-25 00:00:00-04:00,59.08000183105469,60.25,58.849998474121094,59.029998779296875,1011800,0.0,0.0
2024-03-26 00:00:00-04:00,59.43000030517578,59.43000030517578,57.91999816894531,58.75,1158800,0.0,0.0
2024-03-27 00:00:00-04:00,59.40999984741211,60.540000915527344,59.380001068115234,60.459999084472656,687900,0.0,0.0
2024-03-28 00:00:00-04:00,60.310001373291016,62.470001220703125,60.29999923706055,62.2400016784668,1030700,0.0,0.0
2024-04-01 00:00:00-04:00,61.959999084472656,62.2400016784668,59.650001525878906,60.11000061035156,780200,0.0,0.0
2024-04-02 00:00:00-04:00,58.56999969482422,59.16999816894531,58.15999984741211,58.869998931884766,795200,0.0,0.0
2024-04-03 00:00:00-04:00,58.689998626708984,60.08000183105469,58.4900016784668,59.189998626708984,543000,0.0,0.0
2024-04-04 00:00:00-04:00,60.119998931884766,60.56999969482422,59.2599983215332,59.779998779296875,575400,0.0,0.0
2024-04-05 00:00:00-04:00,59.4900016784668,60.939998626708984,59.119998931884766,60.83000183105469,493200,0.0,0.0
2024-04-08 00:00:00-04:00,59.79999923706055,60.68000030517578,59.040000915527344,59.7400016784668,668900,0.0,0.0
2024-04-09 00:00:00-04:00,59.970001220703125,61.06999969482422,59.55500030517578,60.41999816894531,790000,0.0,0.0
2024-04-10 00:00:00-04:00,58.7400016784668,60.27000045776367,58.459999084472656,59.86000061035156,469900,0.0,0.0
2024-04-11 00:00:00-04:00,60.09000015258789,62.0,60.09000015258789,61.5,717700,0.0,0.0
2024-04-12 00:00:00-04:00,60.95000076293945,61.36000061035156,59.70100021362305,60.790000915527344,654700,0.0,0.0
2024-04-15 00:00:00-04:00,61.2400016784668,61.45000076293945,59.720001220703125,60.25,670100,0.0,0.0
2024-04-16 00:00:00-04:00,59.939998626708984,62.40999984741211,59.56399917602539,61.72999954223633,569800,0.0,0.0
2024-04-17 00:00:00-04:00,61.970001220703125,62.91999816894531,61.459999084472656,61.47999954223633,537400,0.0,0.0
2024-04-18 00:00:00-04:00,62.09000015258789,65.25499725341797,61.630001068115234,62.33000183105469,1271300,0.0,0.0
2024-04-19 00:00:00-04:00,62.099998474121094,64.01000213623047,61.470001220703125,63.810001373291016,798500,0.0,0.0
2024-04-22 00:00:00-04:00,63.88999938964844,64.37000274658203,63.06999969482422,63.06999969482422,652000,0.0,0.0
2024-04-23 00:00:00-04:00,63.02000045776367,65.54000091552734,62.59000015258789,64.41000366210938,591900,0.0,0.0
2024-04-24 00:00:00-04:00,64.62000274658203,65.37000274658203,63.61000061035156,65.20999908447266,585000,0.0,0.0
2024-04-25 00:00:00-04:00,64.75,65.2699966430664,63.7599983215332,65.19999694824219,603000,0.0,0.0
2024-04-26 00:00:00-04:00,65.41000366210938,66.26000213623047,65.08499908447266,65.55999755859375,584600,0.0,0.0
2024-04-29 00:00:00-04:00,65.80999755859375,68.48999786376953,65.76000213623047,67.26000213623047,1101100,0.0,0.0
2024-04-30 00:00:00-04:00,67.0199966430664,67.13999938964844,66.09500122070312,66.54000091552734,1251200,0.0,0.0
2024-05-01 00:00:00-04:00,66.18000030517578,69.0199966430664,65.89099884033203,67.38999938964844,1475900,0.0,0.0
2024-05-02 00:00:00-04:00,75.0,79.25,74.82499694824219,78.18000030517578,3707000,0.0,0.0
2024-05-03 00:00:00-04:00,78.0,79.97000122070312,74.94999694824219,75.52999877929688,1838100,0.0,0.0
2024-05-06 00:00:00-04:00,75.7699966430664,78.56999969482422,74.6500015258789,75.51000213623047,1231800,0.0,0.0
2024-05-07 00:00:00-04:00,75.94999694824219,77.55000305175781,75.23500061035156,76.01000213623047,1014700,0.0,0.0
2024-05-08 00:00:00-04:00,75.83000183105469,76.1500015258789,74.27999877929688,74.51000213623047,1070800,0.0,0.0
2024-05-09 00:00:00-04:00,74.9000015258789,76.0,74.33999633789062,75.9000015258789,526200,0.0,0.0
2024-05-10 00:00:00-04:00,76.29000091552734,76.95999908447266,75.2750015258789,76.0199966430664,748300,0.0,0.0
2024-05-13 00:00:00-04:00,76.88999938964844,77.91000366210938,76.51000213623047,77.87999725341797,736500,0.0,0.0
2024-05-14 00:00:00-04:00,78.98999786376953,79.29000091552734,77.9800033569336,78.69999694824219,964500,0.0,0.0
2024-05-15 00:00:00-04:00,79.0999984741211,79.63999938964844,77.5,79.5999984741211,664300,0.0,0.0
2024-05-16 00:00:00-04:00,79.5999984741211,81.25,79.45999908447266,81.0999984741211,960800,0.0,0.0
2024-05-17 00:00:00-04:00,81.33999633789062,82.0999984741211,79.58999633789062,79.66999816894531,951000,0.0,0.0
2024-05-20 00:00:00-04:00,79.95999908447266,82.87999725341797,79.5,82.87000274658203,826400,0.0,0.0
2024-05-21 00:00:00-04:00,82.48999786376953,82.91999816894531,80.58000183105469,80.69999694824219,622800,0.0,0.0
2024-05-22 00:00:00-04:00,80.47000122070312,82.05999755859375,80.0,81.34500122070312,420000,0.0,0.0
2024-05-23 00:00:00-04:00,81.3499984741211,81.83000183105469,78.7300033569336,79.0,818600,0.0,0.0
2024-05-24 00:00:00-04:00,79.98999786376953,80.72000122070312,78.0999984741211,78.22000122070312,857000,0.0,0.0
2024-05-28 00:00:00-04:00,78.43000030517578,80.30999755859375,77.0999984741211,79.44000244140625,710600,0.0,0.0
2024-05-29 00:00:00-04:00,78.63999938964844,80.12899780273438,78.55500030517578,79.7699966430664,496900,0.0,0.0
2024-05-30 00:00:00-04:00,79.86000061035156,81.12999725341797,79.86000061035156,80.5199966430664,730900,0.0,0.0
2024-05-31 00:00:00-04:00,80.81999969482422,82.08300018310547,80.69000244140625,81.83000183105469,824300,0.0,0.0
2024-06-03 00:00:00-04:00,82.41999816894531,84.21499633789062,81.83999633789062,83.05000305175781,1010300,0.0,0.0
2024-06-04 00:00:00-04:00,82.83000183105469,83.08999633789062,81.33000183105469,81.5199966430664,449900,0.0,0.0
2024-06-05 00:00:00-04:00,81.86000061035156,82.66000366210938,81.16000366210938,82.5199966430664,351500,0.0,0.0
2024-06-06 00:00:00-04:00,81.83000183105469,82.29000091552734,81.27999877929688,81.66000366210938,382800,0.0,0.0
2024-06-07 00:00:00-04:00,81.74500274658203,81.89600372314453,78.5790023803711,79.9000015258789,651100,0.0,0.0
2024-06-10 00:00:00-04:00,79.19999694824219,79.77400207519531,77.8499984741211,79.27999877929688,926400,0.0,0.0
2024-06-11 00:00:00-04:00,79.30000305175781,81.43000030517578,79.2699966430664,81.06999969482422,700900,0.0,0.0
2024-06-12 00:00:00-04:00,82.69999694824219,82.7020034790039,80.02999877929688,80.44999694824219,536700,0.0,0.0
2024-06-13 00:00:00-04:00,79.7699966430664,80.80000305175781,79.69999694824219,80.08000183105469,345800,0.0,0.0
2024-06-14 00:00:00-04:00,79.51000213623047,79.66999816894531,78.22000122070312,79.26000213623047,610400,0.0,0.0
2024-06-17 00:00:00-04:00,79.01000213623047,82.98999786376953,78.73999786376953,82.62999725341797,631400,0.0,0.0
2024-06-18 00:00:00-04:00,82.30999755859375,83.0,80.4800033569336,81.12999725341797,601400,0.0,0.0
2024-06-20 00:00:00-04:00,80.87999725341797,84.29000091552734,80.52999877929688,81.4800033569336,735000,0.0,0.0
2024-06-21 00:00:00-04:00,81.54000091552734,81.83999633789062,78.66999816894531,79.0999984741211,1694700,0.0,0.0
2024-06-24 00:00:00-04:00,79.0999984741211,79.86000061035156,77.04000091552734,78.94999694824219,975300,0.0,0.0
2024-06-25 00:00:00-04:00,78.88999938964844,82.48999786376953,77.88999938964844,81.91000366210938,824800,0.0,0.0
2024-06-26 00:00:00-04:00,80.5999984741211,81.77999877929688,78.45999908447266,78.5199966430664,875800,0.0,0.0
2024-06-27 00:00:00-04:00,79.69999694824219,81.33999633789062,78.87999725341797,81.30999755859375,747800,0.0,0.0
2024-06-28 00:00:00-04:00,81.83000183105469,82.58399963378906,79.05000305175781,80.29000091552734,1077400,0.0,0.0
2024-07-01 00:00:00-04:00,80.3499984741211,81.5999984741211,79.3550033569336,80.0,541700,0.0,0.0
2024-07-02 00:00:00-04:00,80.52999877929688,80.99500274658203,78.43000030517578,78.5,488600,0.0,0.0
2024-07-03 00:00:00-04:00,78.30000305175781,79.87000274658203,78.0999984741211,79.55999755859375,261700,0.0,0.0
2024-07-05 00:00:00-04:00,79.19000244140625,80.26499938964844,78.31999969482422,78.88999938964844,436200,0.0,0.0
2024-07-08 00:00:00-04:00,78.88999938964844,79.69999694824219,78.62000274658203,78.81999969482422,547200,0.0,0.0
2024-07-09 00:00:00-04:00,78.8499984741211,79.37000274658203,76.09700012207031,77.69999694824219,618000,0.0,0.0
2024-07-10 00:00:00-04:00,95.04000091552734,106.98999786376953,92.51000213623047,106.18000030517578,7078700,0.0,0.0
2024-07-11 00:00:00-04:00,108.9000015258789,124.9000015258789,108.88999938964844,123.62000274658203,6044800,0.0,0.0
2024-07-12 00:00:00-04:00,123.62000274658203,123.71600341796875,118.34100341796875,123.41999816894531,2412600,0.0,0.0
2024-07-15 00:00:00-04:00,123.1500015258789,124.91000366210938,121.97000122070312,123.19000244140625,1693300,0.0,0.0
2024-07-16 00:00:00-04:00,125.70999908447266,126.88999938964844,116.94000244140625,118.30000305175781,1756700,0.0,0.0
2024-07-17 00:00:00-04:00,119.69999694824219,121.70500183105469,117.33999633789062,121.61000061035156,1169000,0.0,0.0
2024-07-18 00:00:00-04:00,122.4000015258789,122.83000183105469,114.25,115.73999786376953,1567500,0.0,0.0
2024-07-19 00:00:00-04:00,117.05999755859375,118.70999908447266,116.0,116.79000091552734,700900,0.0,0.0
2024-07-22 00:00:00-04:00,117.04000091552734,117.04000091552734,113.66000366210938,114.68000030517578,985200,0.0,0.0
2024-07-23 00:00:00-04:00,115.16999816894531,117.0,113.74199676513672,115.5199966430664,776400,0.0,0.0
2024-07-24 00:00:00-04:00,115.48999786376953,117.72599792480469,112.58000183105469,113.66000366210938,845600,0.0,0.0
2024-07-25 00:00:00-04:00,114.62000274658203,116.1500015258789,112.66000366210938,112.94999694824219,985900,0.0,0.0
2024-07-26 00:00:00-04:00,114.33000183105469,115.64600372314453,112.30999755859375,112.70999908447266,688800,0.0,0.0
2024-07-29 00:00:00-04:00,114.05999755859375,115.27999877929688,111.51000213623047,111.58999633789062,1141300,0.0,0.0
2024-07-30 00:00:00-04:00,111.58999633789062,113.33999633789062,107.58999633789062,109.7699966430664,1583300,0.0,0.0
2024-07-31 00:00:00-04:00,91.7699966430664,108.52999877929688,91.0,104.83000183105469,2967900,0.0,0.0
2024-08-01 00:00:00-04:00,104.83999633789062,105.80000305175781,98.38999938964844,98.62000274658203,1936100,0.0,0.0
2024-08-02 00:00:00-04:00,96.12999725341797,97.73500061035156,94.55999755859375,97.58999633789062,1147800,0.0,0.0
2024-08-05 00:00:00-04:00,92.08000183105469,99.30999755859375,92.04000091552734,99.02999877929688,1251200,0.0,0.0
2024-08-06 00:00:00-04:00,99.5199966430664,101.11000061035156,97.2300033569336,98.1500015258789,894100,0.0,0.0
2024-08-07 00:00:00-04:00,99.44000244140625,99.44000244140625,95.46399688720703,96.0999984741211,724700,0.0,0.0
2024-08-08 00:00:00-04:00,96.38999938964844,98.17400360107422,95.0,97.26000213623047,488500,0.0,0.0
2024-08-09 00:00:00-04:00,97.55999755859375,98.0,95.97000122070312,97.33000183105469,648600,0.0,0.0
2024-08-12 00:00:00-04:00,97.33000183105469,97.77999877929688,95.69000244140625,96.66000366210938,478600,0.0,0.0
2024-08-13 00:00:00-04:00,97.83000183105469,98.7699966430664,96.69000244140625,97.51000213623047,700400,0.0,0.0
2024-08-14 00:00:00-04:00,97.54000091552734,98.0,93.25,94.91000366210938,1152600,0.0,0.0
2024-08-15 00:00:00-04:00,96.41999816894531,97.19999694824219,94.69000244140625,95.0999984741211,482700,0.0,0.0
2024-08-16 00:00:00-04:00,94.83999633789062,95.90699768066406,94.13999938964844,94.91000366210938,488800,0.0,0.0
2024-08-19 00:00:00-04:00,94.91000366210938,97.97000122070312,94.7750015258789,97.86000061035156,597300,0.0,0.0
2024-08-20 00:00:00-04:00,97.5999984741211,100.05999755859375,97.0,98.44000244140625,1305700,0.0,0.0
2024-08-21 00:00:00-04:00,98.5199966430664,101.31500244140625,96.80000305175781,101.22000122070312,679700,0.0,0.0
2024-08-22 00:00:00-04:00,102.02999877929688,103.2300033569336,99.91999816894531,102.2300033569336,1041800,0.0,0.0
2024-08-23 00:00:00-04:00,102.98999786376953,107.58000183105469,102.02200317382812,107.16000366210938,1098000,0.0,0.0
2024-08-26 00:00:00-04:00,107.41999816894531,108.7300033569336,105.33000183105469,107.30999755859375,617500,0.0,0.0
2024-08-27 00:00:00-04:00,106.69999694824219,109.41000366210938,106.08799743652344,109.1500015258789,553300,0.0,0.0
2024-08-28 00:00:00-04:00,109.1500015258789,110.13500213623047,105.01000213623047,109.70999908447266,636000,0.0,0.0
2024-08-29 00:00:00-04:00,110.54000091552734,111.66799926757812,103.54199981689453,104.80999755859375,1037300,0.0,0.0
2024-08-30 00:00:00-04:00,105.44000244140625,108.27999877929688,105.41999816894531,106.47000122070312,716900,0.0,0.0
2024-09-03 00:00:00-04:00,106.62000274658203,109.5999984741211,104.66500091552734,105.43000030517578,592700,0.0,0.0
2024-09-04 00:00:00-04:00,104.81999969482422,107.80000305175781,102.11000061035156,106.36000061035156,595400,0.0,0.0
2024-09-05 00:00:00-04:00,106.72000122070312,107.44000244140625,104.19999694824219,105.33999633789062,337800,0.0,0.0
2024-09-06 00:00:00-04:00,105.70999908447266,108.18000030517578,101.80999755859375,101.9800033569336,561400,0.0,0.0
2024-09-09 00:00:00-04:00,102.12999725341797,102.3499984741211,99.76000213623047,100.5999984741211,642900,0.0,0.0
2024-09-10 00:00:00-04:00,100.91999816894531,100.93000030517578,98.56999969482422,99.08000183105469,548000,0.0,0.0
2024-09-11 00:00:00-04:00,98.87000274658203,102.08999633789062,98.18000030517578,101.94999694824219,645600,0.0,0.0
2024-09-12 00:00:00-04:00,102.30000305175781,105.30000305175781,101.5999984741211,104.02999877929688,808100,0.0,0.0
2024-09-13 00:00:00-04:00,104.0999984741211,107.0,104.02999877929688,105.55000305175781,1119800,0.0,0.0
2024-09-16 00:00:00-04:00,105.5999984741211,107.73999786376953,104.79000091552734,107.51000213623047,449100,0.0,0.0
2024-09-17 00:00:00-04:00,107.87000274658203,109.05000305175781,104.54000091552734,105.54000091552734,543400,0.0,0.0
2024-09-18 00:00:00-04:00,104.98999786376953,109.94000244140625,104.5,108.13999938964844,611600,0.0,0.0
2024-09-19 00:00:00-04:00,110.66000366210938,111.36000061035156,107.18000030517578,108.55999755859375,943600,0.0,0.0
2024-09-20 00:00:00-04:00,108.73999786376953,110.47000122070312,107.61000061035156,110.05000305175781,1162300,0.0,0.0
2024-09-23 00:00:00-04:00,111.70999908447266,113.44000244140625,109.66999816894531,111.36000061035156,583100,0.0,0.0
2024-09-24 00:00:00-04:00,111.12000274658203,113.20999908447266,110.69000244140625,111.76000213623047,600500,0.0,0.0
2024-09-25 00:00:00-04:00,112.13999938964844,112.13999938964844,107.5,107.94999694824219,673300,0.0,0.0
2024-09-26 00:00:00-04:00,109.29000091552734,109.37000274658203,101.87999725341797,104.43000030517578,1033300,0.0,0.0
2024-09-27 00:00:00-04:00,106.02999877929688,108.5199966430664,104.94000244140625,107.36000061035156,673100,0.0,0.0
2024-09-30 00:00:00-04:00,107.2699966430664,110.33000183105469,107.2699966430664,109.75,609600,0.0,0.0
2024-10-01 00:00:00-04:00,109.87999725341797,111.73999786376953,105.68499755859375,105.83999633789062,503300,0.0,0.0
2024-10-02 00:00:00-04:00,105.41999816894531,106.6500015258789,103.93000030517578,105.18000030517578,449900,0.0,0.0
2024-10-03 00:00:00-04:00,105.37000274658203,106.80999755859375,103.6500015258789,106.55999755859375,453300,0.0,0.0
2024-10-04 00:00:00-04:00,107.95999908447266,108.62999725341797,105.9800033569336,107.78500366210938,296400,0.0,0.0
2024-10-07 00:00:00-04:00,107.23999786376953,108.3740005493164,106.30000305175781,106.5999984741211,342200,0.0,0.0
2024-10-08 00:00:00-04:00,107.27999877929688,109.26000213623047,106.66799926757812,108.0999984741211,506400,0.0,0.0
2024-10-09 00:00:00-04:00,107.63999938964844,109.80999755859375,106.80899810791016,109.2699966430664,309900,0.0,0.0
2024-10-10 00:00:00-04:00,108.27999877929688,108.48999786376953,105.05000305175781,108.16999816894531,542500,0.0,0.0
2024-10-11 00:00:00-04:00,108.5999984741211,112.25,108.25,112.19000244140625,486100,0.0,0.0
2024-10-14 00:00:00-04:00,113.0999984741211,113.86000061035156,110.23799896240234,110.72000122070312,416700,0.0,0.0
2024-10-15 00:00:00-04:00,110.7699966430664,112.55000305175781,110.04000091552734,111.95999908447266,527500,0.0,0.0
2024-10-16 00:00:00-04:00,112.83000183105469,113.69000244140625,111.7750015258789,112.5,644200,0.0,0.0
2024-10-17 00:00:00-04:00,112.66999816894531,116.16000366210938,112.4000015258789,115.6500015258789,648000,0.0,0.0
2024-10-18 00:00:00-04:00,116.25,117.47000122070312,115.01000213623047,116.69000244140625,516800,0.0,0.0
2024-10-21 00:00:00-04:00,116.81999969482422,116.81999969482422,110.76000213623047,112.08000183105469,677000,0.0,0.0
2024-10-22 00:00:00-04:00,112.0,113.46499633789062,111.0999984741211,112.62999725341797,443500,0.0,0.0
2024-10-23 00:00:00-04:00,111.79000091552734,112.9800033569336,107.5199966430664,110.63999938964844,715200,0.0,0.0
2024-10-24 00:00:00-04:00,110.63999938964844,113.16500091552734,109.7300033569336,109.80999755859375,380300,0.0,0.0
2024-10-25 00:00:00-04:00,109.91999816894531,111.94999694824219,109.30000305175781,110.30000305175781,411000,0.0,0.0
2024-10-28 00:00:00-04:00,111.33999633789062,113.56999969482422,109.8499984741211,110.0999984741211,399500,0.0,0.0
2024-10-29 00:00:00-04:00,109.08000183105469,112.58999633789062,105.0,110.08999633789062,851100,0.0,0.0
2024-10-30 00:00:00-04:00,109.62999725341797,110.625,108.5,109.37999725341797,422400,0.0,0.0
2024-10-31 00:00:00-04:00,109.44000244140625,110.4800033569336,107.62000274658203,109.83999633789062,654100,0.0,0.0
2024-11-01 00:00:00-04:00,109.83999633789062,110.63999938964844,107.76000213623047,107.9800033569336,576100,0.0,0.0
2024-11-04 00:00:00-05:00,109.0,118.20999908447266,108.66999816894531,115.44999694824219,1720100,0.0,0.0
2024-11-05 00:00:00-05:00,112.8499984741211,115.08999633789062,110.16999816894531,114.95999908447266,1490700,0.0,0.0
2024-11-06 00:00:00-05:00,99.72000122070312,102.5,86.45999908447266,91.16999816894531,5741800,0.0,0.0
2024-11-07 00:00:00-05:00,91.48999786376953,95.43000030517578,88.30000305175781,88.31500244140625,2879000,0.0,0.0
2024-11-08 00:00:00-05:00,88.94999694824219,90.16000366210938,85.76000213623047,87.5,1619200,0.0,0.0
2024-11-11 00:00:00-05:00,85.5,86.88999938964844,81.26000213623047,84.08000183105469,2335000,0.0,0.0
2024-11-12 00:00:00-05:00,84.87999725341797,85.37999725341797,83.30999755859375,85.1500015258789,1791700,0.0,0.0
2024-11-13 00:00:00-05:00,85.04000091552734,85.2699966430664,79.58000183105469,79.76000213623047,1845800,0.0,0.0
2024-11-14 00:00:00-05:00,79.6500015258789,83.41000366210938,79.63999938964844,80.83999633789062,1590200,0.0,0.0
2024-11-15 00:00:00-05:00,81.0,81.36499786376953,76.63999938964844,76.83000183105469,1098100,0.0,0.0
2024-11-18 00:00:00-05:00,76.81999969482422,77.16999816894531,75.37999725341797,76.22000122070312,1115200,0.0,0.0
2024-11-19 00:00:00-05:00,75.8499984741211,79.73999786376953,75.0,79.43000030517578,873500,0.0,0.0
2024-11-20 00:00:00-05:00,82.7300033569336,86.62000274658203,82.0,86.44999694824219,2026300,0.0,0.0
2024-11-21 00:00:00-05:00,86.81999969482422,88.5199966430664,85.23999786376953,87.31999969482422,1483900,0.0,0.0
2024-11-22 00:00:00-05:00,88.5999984741211,91.05999755859375,88.02999877929688,90.5199966430664,2014900,0.0,0.0
2024-11-25 00:00:00-05:00,90.72000122070312,91.31999969482422,88.38500213623047,90.95999908447266,1343900,0.0,0.0
2024-11-26 00:00:00-05:00,91.0,91.36000061035156,89.06999969482422,89.52999877929688,1246600,0.0,0.0
2024-11-27 00:00:00-05:00,90.4000015258789,91.18000030517578,89.08000183105469,90.2699966430664,959900,0.0,0.0
2024-11-29 00:00:00-05:00,91.12999725341797,91.20700073242188,89.19999694824219,89.2699966430664,548700,0.0,0.0
2024-12-02 00:00:00-05:00,89.95999908447266,90.37000274658203,88.70999908447266,89.58000183105469,1210600,0.0,0.0
2024-12-03 00:00:00-05:00,89.44000244140625,89.94000244140625,86.72000122070312,88.51000213623047,1321900,0.0,0.0
2024-12-04 00:00:00-05:00,89.05000305175781,89.4800033569336,87.44000244140625,88.83999633789062,448000,0.0,0.0
2024-12-05 00:00:00-05:00,88.66000366210938,90.80000305175781,87.76000213623047,89.33999633789062,666900,0.0,0.0
2024-12-06 00:00:00-05:00,89.0,90.3499984741211,88.05999755859375,89.0199966430664,551700,0.0,0.0
2024-12-09 00:00:00-05:00,90.0,92.68000030517578,89.94999694824219,92.58000183105469,621600,0.0,0.0
2024-12-10 00:00:00-05:00,92.86000061035156,92.86000061035156,89.29000091552734,90.9800033569336,1090700,0.0,0.0
2024-12-11 00:00:00-05:00,91.1500015258789,91.80500030517578,89.87000274658203,91.4000015258789,752700,0.0,0.0
2024-12-12 00:00:00-05:00,92.51000213623047,93.2699966430664,91.43000030517578,91.91000366210938,480600,0.0,0.0
2024-12-13 00:00:00-05:00,91.25,93.98999786376953,91.19499969482422,93.0199966430664,1135200,0.0,0.0
2024-12-16 00:00:00-05:00,92.70999908447266,95.04000091552734,91.5999984741211,93.4800033569336,838600,0.0,0.0
2024-12-17 00:00:00-05:00,93.47000122070312,93.8499984741211,91.7490005493164,92.66000366210938,932200,0.0,0.0
2024-12-18 00:00:00-05:00,96.0,96.45999908447266,90.30000305175781,91.1500015258789,1413100,0.0,0.0
2024-12-19 00:00:00-05:00,91.12999725341797,92.4749984741211,90.23999786376953,91.94000244140625,1310100,0.0,0.0
2024-12-20 00:00:00-05:00,91.05000305175781,91.69000244140625,88.56099700927734,89.28500366210938,2182000,0.0,0.0
2024-12-23 00:00:00-05:00,90.0,91.26499938964844,88.5199966430664,91.01000213623047,542900,0.0,0.0
2024-12-24 00:00:00-05:00,91.56999969482422,91.76499938964844,89.9000015258789,91.30000305175781,225400,0.0,0.0
2024-12-26 00:00:00-05:00,91.6500015258789,93.29000091552734,90.59600067138672,93.25,441000,0.0,0.0
2024-12-27 00:00:00-05:00,92.66000366210938,92.91000366210938,91.12999725341797,92.06999969482422,382000,0.0,0.0
2024-12-30 00:00:00-05:00,91.79000091552734,91.79000091552734,89.08999633789062,89.12999725341797,456100,0.0,0.0
2024-12-31 00:00:00-05:00,89.72000122070312,91.30799865722656,89.12999725341797,89.45999908447266,644300,0.0,0.0
2025-01-02 00:00:00-05:00,89.80000305175781,90.91999816894531,87.23999786376953,88.80000305175781,770300,0.0,0.0
2025-01-03 00:00:00-05:00,89.8499984741211,91.5719985961914,88.4520034790039,91.20999908447266,1116500,0.0,0.0
2025-01-06 00:00:00-05:00,90.69000244140625,93.8499984741211,90.69000244140625,93.81999969482422,841200,0.0,0.0
2025-01-07 00:00:00-05:00,94.12999725341797,97.2760009765625,92.75,96.91999816894531,915800,0.0,0.0
2025-01-08 00:00:00-05:00,96.0,96.2249984741211,93.27999877929688,94.0,721300,0.0,0.0
2025-01-10 00:00:00-05:00,93.91000366210938,97.25,93.31999969482422,95.87999725341797,645900,0.0,0.0
2025-01-13 00:00:00-05:00,95.80999755859375,95.80999755859375,87.7699966430664,94.6500015258789,1059800,0.0,0.0
2025-01-14 00:00:00-05:00,94.58000183105469,95.44000244140625,92.0,92.62000274658203,620000,0.0,0.0
2025-01-15 00:00:00-05:00,94.76000213623047,94.76000213623047,93.20999908447266,93.43000030517578,423800,0.0,0.0
2025-01-16 00:00:00-05:00,92.41000366210938,93.33000183105469,89.91999816894531,91.58000183105469,511000,0.0,0.0
2025-01-17 00:00:00-05:00,91.52999877929688,92.80000305175781,90.5,91.47000122070312,585500,0.0,0.0
2025-01-21 00:00:00-05:00,93.04000091552734,94.25,91.36000061035156,94.05000305175781,828200,0.0,0.0
2025-01-22 00:00:00-05:00,93.69000244140625,95.68599700927734,91.98999786376953,95.38999938964844,685200,0.0,0.0
2025-01-23 00:00:00-05:00,95.72000122070312,98.08000183105469,94.29499816894531,97.62999725341797,655800,0.0,0.0
2025-01-24 00:00:00-05:00,97.91999816894531,98.08000183105469,95.72000122070312,97.5,510000,0.0,0.0
2025-01-27 00:00:00-05:00,97.4800033569336,99.29000091552734,97.0,98.30999755859375,474200,0.0,0.0
2025-01-28 00:00:00-05:00,99.91000366210938,100.98999786376953,88.5999984741211,91.12999725341797,1565600,0.0,0.0
2025-01-29 00:00:00-05:00,91.5199966430664,93.87999725341797,91.06999969482422,92.52999877929688,938000,0.0,0.0
2025-01-30 00:00:00-05:00,93.4000015258789,93.6500015258789,90.11000061035156,92.79000091552734,831700,0.0,0.0
2025-01-31 00:00:00-05:00,92.97000122070312,95.69999694824219,91.41500091552734,92.51000213623047,790700,0.0,0.0
2025-02-03 00:00:00-05:00,90.0,90.86000061035156,87.55999755859375,89.54000091552734,641500,0.0,0.0
2025-02-04 00:00:00-05:00,89.8499984741211,92.6050033569336,89.29499816894531,91.80000305175781,863200,0.0,0.0
2025-02-05 00:00:00-05:00,92.23999786376953,92.78299713134766,90.11000061035156,90.44000244140625,708700,0.0,0.0
2025-02-06 00:00:00-05:00,90.7699966430664,92.97000122070312,89.95999908447266,90.9000015258789,846800,0.0,0.0
2025-02-07 00:00:00-05:00,90.63999938964844,93.2699966430664,88.56999969482422,88.70999908447266,675300,0.0,0.0
2025-02-10 00:00:00-05:00,89.12000274658203,90.4000015258789,86.27999877929688,86.91000366210938,910100,0.0,0.0
2025-02-11 00:00:00-05:00,86.87999725341797,88.6500015258789,81.36000061035156,81.91999816894531,1371900,0.0,0.0
2025-02-12 00:00:00-05:00,81.33000183105469,83.81999969482422,80.75,82.0999984741211,706100,0.0,0.0
2025-02-13 00:00:00-05:00,82.87999725341797,83.23999786376953,79.38999938964844,81.95999908447266,775900,0.0,0.0
2025-02-14 00:00:00-05:00,82.55000305175781,83.41999816894531,79.91000366210938,79.94000244140625,737300,0.0,0.0
2025-02-18 00:00:00-05:00,80.94999694824219,84.23999786376953,80.30000305175781,83.41000366210938,1252200,0.0,0.0
2025-02-19 00:00:00-05:00,84.05000305175781,84.05000305175781,81.05000305175781,81.38999938964844,571700,0.0,0.0
2025-02-20 00:00:00-05:00,81.55999755859375,82.27999877929688,79.56500244140625,80.83999633789062,880300,0.0,0.0
2025-02-21 00:00:00-05:00,81.80000305175781,83.45999908447266,78.12999725341797,78.2300033569336,899300,0.0,0.0
2025-02-24 00:00:00-05:00,78.26000213623047,80.4280014038086,77.73100280761719,78.94999694824219,913400,0.0,0.0
2025-02-25 00:00:00-05:00,78.88999938964844,80.98999786376953,77.93000030517578,80.05000305175781,1645500,0.0,0.0
2025-02-26 00:00:00-05:00,81.0,96.80999755859375,80.88999938964844,93.25,2650200,0.0,0.0
2025-02-27 00:00:00-05:00,92.38999938964844,95.0,89.73600006103516,91.48999786376953,1118400,0.0,0.0
2025-02-28 00:00:00-05:00,90.0999984741211,94.11000061035156,89.5,93.81999969482422,987800,0.0,0.0
2025-03-03 00:00:00-05:00,92.70999908447266,96.8499984741211,91.4000015258789,94.86000061035156,1336700,0.0,0.0
2025-03-04 00:00:00-05:00,93.13999938964844,98.97000122070312,92.87000274658203,98.16999816894531,1215700,0.0,0.0
2025-03-05 00:00:00-05:00,98.0,101.32499694824219,96.22000122070312,100.4800033569336,1108300,0.0,0.0
2025-03-06 00:00:00-05:00,99.79000091552734,102.26000213623047,98.66999816894531,100.2300033569336,878600,0.0,0.0
2025-03-07 00:00:00-05:00,100.23999786376953,107.26000213623047,99.77999877929688,106.33999633789062,1370600,0.0,0.0
2025-03-10 00:00:00-04:00,105.6500015258789,111.29000091552734,104.54000091552734,110.01000213623047,1608100,0.0,0.0
2025-03-11 00:00:00-04:00,110.22000122070312,111.29000091552734,104.41999816894531,104.62000274658203,1345500,0.0,0.0
2025-03-12 00:00:00-04:00,105.12999725341797,105.66999816894531,97.7699966430664,100.8499984741211,1256300,0.0,0.0
2025-03-13 00:00:00-04:00,100.19000244140625,103.52999877929688,99.0999984741211,99.29000091552734,724100,0.0,0.0
2025-03-14 00:00:00-04:00,99.43000030517578,101.27999877929688,99.30000305175781,101.0999984741211,454600,0.0,0.0
2025-03-17 00:00:00-04:00,100.5199966430664,102.94000244140625,100.23999786376953,102.76000213623047,492200,0.0,0.0
2025-03-18 00:00:00-04:00,102.0,103.86299896240234,100.27999877929688,102.22000122070312,530100,0.0,0.0
2025-03-19 00:00:00-04:00,101.80000305175781,103.58499908447266,101.34500122070312,103.27999877929688,505700,0.0,0.0
2025-03-20 00:00:00-04:00,101.47000122070312,103.98999786376953,97.48500061035156,98.8499984741211,655200,0.0,0.0
2025-03-21 00:00:00-04:00,97.61000061035156,99.05000305175781,94.80000305175781,97.70999908447266,1069500,0.0,0.0
2025-03-24 00:00:00-04:00,98.98999786376953,100.19999694824219,97.5,99.44000244140625,646400,0.0,0.0
2025-03-25 00:00:00-04:00,99.36000061035156,100.44999694824219,97.31999969482422,99.7699966430664,529500,0.0,0.0
2025-03-26 00:00:00-04:00,99.55999755859375,100.7300033569336,97.05500030517578,98.43000030517578,526000,0.0,0.0
2025-03-27 00:00:00-04:00,99.08999633789062,100.05999755859375,97.0,97.04000091552734,681800,0.0,0.0
2025-03-28 00:00:00-04:00,96.66000366210938,97.38500213623047,94.75,96.16000366210938,617700,0.0,0.0
2025-03-31 00:00:00-04:00,94.9800033569336,98.9800033569336,93.61000061035156,97.5999984741211,1077600,0.0,0.0
2025-04-01 00:00:00-04:00,97.61000061035156,98.63500213623047,94.69000244140625,97.93000030517578,675400,0.0,0.0
2025-04-02 00:00:00-04:00,96.66000366210938,98.41999816894531,95.18000030517578,97.41999816894531,550700,0.0,0.0
2025-04-03 00:00:00-04:00,95.0999984741211,98.69999694824219,93.66999816894531,97.20999908447266,764700,0.0,0.0
2025-04-04 00:00:00-04:00,92.48999786376953,93.85900115966797,89.12000274658203,90.91999816894531,1158300,0.0,0.0
2025-04-07 00:00:00-04:00,85.9000015258789,96.26499938964844,85.0,95.44999694824219,1802700,0.0,0.0
2025-04-08 00:00:00-04:00,96.54000091552734,98.70999908447266,92.13999938964844,93.41000366210938,1163200,0.0,0.0
2025-04-09 00:00:00-04:00,91.6500015258789,101.3499984741211,91.6500015258789,100.16000366210938,958700,0.0,0.0
2025-04-10 00:00:00-04:00,97.6500015258789,99.58999633789062,93.87999725341797,98.51000213623047,1153500,0.0,0.0
2025-04-11 00:00:00-04:00,98.51000213623047,102.2699966430664,96.0,102.0,732100,0.0,0.0
2025-04-14 00:00:00-04:00,102.61000061035156,103.0,99.53299713134766,102.12999725341797,703900,0.0,0.0
2025-04-15 00:00:00-04:00,102.30000305175781,104.0,100.4800033569336,102.77999877929688,602600,0.0,0.0
2025-04-16 00:00:00-04:00,102.83000183105469,103.70999908447266,99.20999908447266,100.5199966430664,758100,0.0,0.0
2025-04-17 00:00:00-04:00,100.0,101.7249984741211,97.43000030517578,101.31999969482422,430500,0.0,0.0
2025-04-21 00:00:00-04:00,101.4000015258789,102.05000305175781,98.29499816894531,100.62000274658203,602200,0.0,0.0
2025-04-22 00:00:00-04:00,102.19999694824219,103.16000366210938,99.5,99.56999969482422,813200,0.0,0.0
2025-04-23 00:00:00-04:00,101.80000305175781,104.04000091552734,100.68199920654297,101.19999694824219,580100,0.0,0.0
2025-04-24 00:00:00-04:00,102.29000091552734,103.7490005493164,100.41000366210938,103.63999938964844,510600,0.0,0.0
2025-04-25 00:00:00-04:00,103.76000213623047,103.80999755859375,99.74700164794922,101.7699966430664,644500,0.0,0.0
2025-04-28 00:00:00-04:00,102.5199966430664,103.66000366210938,101.18000030517578,102.69999694824219,836800,0.0,0.0
2025-04-29 00:00:00-04:00,102.2699966430664,104.62000274658203,100.95999908447266,103.95999908447266,790400,0.0,0.0
2025-04-30 00:00:00-04:00,103.31999969482422,105.12000274658203,101.52799987792969,104.33999633789062,687300,0.0,0.0
2025-05-01 00:00:00-04:00,105.02999877929688,107.48799896240234,103.7699966430664,105.91999816894531,979700,0.0,0.0
2025-05-02 00:00:00-04:00,107.25,108.91000366210938,106.16400146484375,108.73999786376953,726300,0.0,0.0
2025-05-05 00:00:00-04:00,108.0,108.5999984741211,106.91000366210938,107.9800033569336,552000,0.0,0.0
2025-05-06 00:00:00-04:00,107.0,108.90499877929688,104.4000015258789,104.83999633789062,1075800,0.0,0.0
2025-05-07 00:00:00-04:00,89.9000015258789,89.9000015258789,79.23999786376953,80.48999786376953,7205700,0.0,0.0
2025-05-08 00:00:00-04:00,81.48999786376953,82.27899932861328,78.91999816894531,80.44000244140625,2977700,0.0,0.0
2025-05-09 00:00:00-04:00,80.44000244140625,82.20999908447266,79.55000305175781,81.73999786376953,1561300,0.0,0.0
2025-05-12 00:00:00-04:00,83.01000213623047,83.5999984741211,78.61000061035156,79.5199966430664,2167600,0.0,0.0
2025-05-13 00:00:00-04:00,79.0,81.62999725341797,78.88400268554688,78.94999694824219,1241100,0.0,0.0
2025-05-14 00:00:00-04:00,78.62000274658203,79.58999633789062,77.01000213623047,78.80999755859375,1850700,0.0,0.0
2025-05-15 00:00:00-04:00,78.68000030517578,80.16999816894531,77.20999908447266,79.77999877929688,1234200,0.0,0.0
2025-05-16 00:00:00-04:00,79.73999786376953,81.5,78.58000183105469,81.23999786376953,914000,0.0,0.0
2025-05-19 00:00:00-04:00,80.5,80.7300033569336,77.11000061035156,78.25,1206400,0.0,0.0
2025-05-20 00:00:00-04:00,78.0,78.4800033569336,76.55999755859375,76.83000183105469,1208600,0.0,0.0
2025-05-21 00:00:00-04:00,76.3499984741211,76.9800033569336,75.01000213623047,75.12999725341797,992600,0.0,0.0
2025-05-22 00:00:00-04:00,74.69999694824219,75.26000213623047,73.11000061035156,74.75,1204600,0.0,0.0
2025-05-23 00:00:00-04:00,73.87000274658203,74.66999816894531,73.5199966430664,73.86000061035156,671500,0.0,0.0
2025-05-27 00:00:00-04:00,74.44999694824219,76.33999633789062,74.1500015258789,75.76000213623047,949800,0.0,0.0
2025-05-28 00:00:00-04:00,75.77999877929688,76.16000366210938,73.91999816894531,74.18000030517578,840200,0.0,0.0
2025-05-29 00:00:00-04:00,74.87000274658203,75.55999755859375,73.75,75.5199966430664,912000,0.0,0.0
2025-05-30 00:00:00-04:00,75.7699966430664,76.1500015258789,74.43499755859375,75.55999755859375,988000,0.0,0.0
2025-06-02 00:00:00-04:00,75.08000183105469,77.61000061035156,74.40499877929688,77.12999725341797,1077600,0.0,0.0
2025-06-03 00:00:00-04:00,77.12999725341797,78.3949966430664,75.48999786376953,77.69000244140625,1330000,0.0,0.0
2025-06-04 00:00:00-04:00,78.1500015258789,80.29000091552734,77.64600372314453,79.62999725341797,1050200,0.0,0.0
2025-06-05 00:00:00-04:00,79.6500015258789,81.47000122070312,78.94499969482422,80.33000183105469,1364000,0.0,0.0
2025-06-06 00:00:00-04:00,80.69000244140625,81.73999786376953,80.05000305175781,81.55000305175781,924400,0.0,0.0
2025-06-09 00:00:00-04:00,81.62000274658203,83.9800033569336,80.38999938964844,83.22000122070312,1241900,0.0,0.0
2025-06-10 00:00:00-04:00,83.5199966430664,84.36000061035156,80.33999633789062,80.41999816894531,1190600,0.0,0.0
2025-06-11 00:00:00-04:00,80.73999786376953,83.05999755859375,79.75,80.75,1120800,0.0,0.0
2025-06-12 00:00:00-04:00,80.41000366210938,81.3499984741211,79.73999786376953,80.13999938964844,902500,0.0,0.0
2025-06-13 00:00:00-04:00,78.73999786376953,80.04000091552734,77.41000366210938,77.83000183105469,1068700,0.0,0.0
2025-06-16 00:00:00-04:00,78.81999969482422,79.13999938964844,76.33999633789062,77.81999969482422,809900,0.0,0.0
2025-06-17 00:00:00-04:00,77.0,78.72000122070312,76.4800033569336,77.91999816894531,983100,0.0,0.0
2025-06-18 00:00:00-04:00,77.41000366210938,79.44000244140625,77.05000305175781,78.98999786376953,942100,0.0,0.0
2025-06-20 00:00:00-04:00,79.36000061035156,80.30000305175781,78.11000061035156,79.19000244140625,1537500,0.0,0.0
2025-06-23 00:00:00-04:00,78.77999877929688,80.87000274658203,78.27999877929688,80.80999755859375,767700,0.0,0.0
2025-06-24 00:00:00-04:00,80.9000015258789,81.72000122070312,79.99500274658203,80.94999694824219,943100,0.0,0.0
2025-06-25 00:00:00-04:00,80.66000366210938,81.23999786376953,80.30999755859375,80.55000305175781,660900,0.0,0.0
2025-06-26 00:00:00-04:00,81.06999969482422,81.06999969482422,78.61000061035156,80.73999786376953,999200,0.0,0.0
2025-06-27 00:00:00-04:00,81.01000213623047,81.81999969482422,79.41999816894531,81.48999786376953,1394900,0.0,0.0
2025-06-30 00:00:00-04:00,81.76000213623047,82.5,80.3499984741211,81.86000061035156,960400,0.0,0.0
2025-07-01 00:00:00-04:00,81.2300033569336,81.875,79.02999877929688,79.41999816894531,931800,0.0,0.0
2025-07-02 00:00:00-04:00,79.55999755859375,80.06999969482422,78.41000366210938,79.62000274658203,912600,0.0,0.0
2025-07-03 00:00:00-04:00,79.88999938964844,80.6500015258789,79.33000183105469,80.41999816894531,329500,0.0,0.0
2025-07-07 00:00:00-04:00,80.31999969482422,80.4000015258789,78.73999786376953,79.19000244140625,707300,0.0,0.0
2025-07-08 00:00:00-04:00,79.19000244140625,83.73999786376953,79.01000213623047,82.41000366210938,1838400,0.0,0.0
2025-07-09 00:00:00-04:00,83.08999633789062,85.19999694824219,82.08999633789062,83.48999786376953,733800,0.0,0.0
2025-07-10 00:00:00-04:00,83.79000091552734,85.30999755859375,83.0999984741211,83.83000183105469,814900,0.0,0.0
2025-07-11 00:00:00-04:00,83.2699966430664,83.2699966430664,81.0999984741211,81.30999755859375,816800,0.0,0.0
2025-07-14 00:00:00-04:00,81.25,83.27999877929688,81.02999877929688,83.05999755859375,527900,0.0,0.0
2025-07-15 00:00:00-04:00,83.19999694824219,83.31999969482422,80.87999725341797,81.26000213623047,794200,0.0,0.0
2025-07-16 00:00:00-04:00,78.1500015258789,78.1500015258789,69.12000274658203,74.41000366210938,4162500,0.0,0.0
2025-07-17 00:00:00-04:00,74.41000366210938,74.9800033569336,72.91000366210938,73.5999984741211,1755200,0.0,0.0
2025-07-18 00:00:00-04:00,74.47000122070312,74.47000122070312,69.87999725341797,70.18000030517578,1351700,0.0,0.0
2025-07-21 00:00:00-04:00,70.19999694824219,71.79499816894531,69.93000030517578,71.55999755859375,1400700,0.0,0.0
2025-07-22 00:00:00-04:00,71.51499938964844,72.58000183105469,70.7249984741211,72.33999633789062,815600,0.0,0.0
2025-07-23 00:00:00-04:00,72.76000213623047,73.57499694824219,72.2300033569336,73.30999755859375,600800,0.0,0.0
2025-07-24 00:00:00-04:00,72.69000244140625,73.0,70.4000015258789,70.93000030517578,814800,0.0,0.0
2025-07-25 00:00:00-04:00,71.41999816894531,73.05999755859375,70.8290023803711,72.93000030517578,615500,0.0,0.0
2025-07-28 00:00:00-04:00,73.05000305175781,73.5199966430664,72.1500015258789,72.41000366210938,581000,0.0,0.0
2025-07-29 00:00:00-04:00,73.04000091552734,73.18000030517578,71.8759994506836,72.19999694824219,539300,0.0,0.0
2025-07-30 00:00:00-04:00,71.93000030517578,72.80000305175781,71.67500305175781,71.83999633789062,783000,0.0,0.0
2025-07-31 00:00:00-04:00,71.05000305175781,72.0,70.76499938964844,71.19000244140625,696900,0.0,0.0
2025-08-01 00:00:00-04:00,70.7699966430664,71.16500091552734,69.44999694824219,70.56999969482422,943100,0.0,0.0
2025-08-04 00:00:00-04:00,70.80999755859375,71.58000183105469,70.05000305175781,71.45999908447266,1058200,0.0,0.0
2025-08-05 00:00:00-04:00,71.7300033569336,73.72000122070312,71.22699737548828,72.62999725341797,1576200,0.0,0.0
2025-08-06 00:00:00-04:00,51.57500076293945,52.33000183105469,47.25,51.869998931884766,13957500,0.0,0.0
2025-08-07 00:00:00-04:00,53.650001525878906,55.7400016784668,52.93299865722656,54.86000061035156,3900800,0.0,0.0
2025-08-08 00:00:00-04:00,54.900001525878906,57.209999084472656,53.689998626708984,57.20000076293945,2503500,0.0,0.0
2025-08-11 00:00:00-04:00,56.849998474121094,57.119998931884766,54.790000915527344,56.06999969482422,2146800,0.0,0.0
2025-08-12 00:00:00-04:00,55.02000045776367,55.650001525878906,52.75,53.900001525878906,2950700,0.0,0.0
2025-08-13 00:00:00-04:00,53.56999969482422,53.887001037597656,51.400001525878906,53.790000915527344,2327100,0.0,0.0
2025-08-14 00:00:00-04:00,53.2599983215332,54.4900016784668,52.869998931884766,54.470001220703125,1527100,0.0,0.0
2025-08-15 00:00:00-04:00,54.52000045776367,54.849998474121094,53.38999938964844,54.18000030517578,1221700,0.0,0.0
2025-08-18 00:00:00-04:00,54.59000015258789,56.15999984741211,54.20899963378906,55.970001220703125,2036200,0.0,0.0
2025-08-19 00:00:00-04:00,55.90999984741211,56.0,55.084999084472656,55.150001525878906,1064400,0.0,0.0
2025-08-20 00:00:00-04:00,55.0,57.060001373291016,55.0,56.13999938964844,5393900,0.0,0.0
2025-08-21 00:00:00-04:00,55.959999084472656,59.220001220703125,55.560001373291016,59.15999984741211,3652500,0.0,0.0
2025-08-22 00:00:00-04:00,59.029998779296875,60.1349983215332,58.064998626708984,58.209999084472656,2307700,0.0,0.0
2025-08-25 00:00:00-04:00,58.0,58.654998779296875,55.86000061035156,56.15999984741211,1073800,0.0,0.0
2025-08-26 00:00:00-04:00,56.40999984741211,56.875999450683594,55.470001220703125,55.65999984741211,918300,0.0,0.0
2025-08-27 00:00:00-04:00,55.099998474121094,56.95000076293945,55.00600051879883,56.84000015258789,812100,0.0,0.0
2025-08-28 00:00:00-04:00,56.58000183105469,56.96200180053711,55.27000045776367,55.5,1062200,0.0,0.0
2025-08-29 00:00:00-04:00,55.36000061035156,55.65999984741211,54.779998779296875,54.900001525878906,1028500,0.0,0.0
2025-09-02 00:00:00-04:00,54.459999084472656,55.630001068115234,54.25,55.290000915527344,1123800,0.0,0.0
2025-09-03 00:00:00-04:00,55.25,55.689998626708984,54.849998474121094,55.150001525878906,917400,0.0,0.0
2025-09-04 00:00:00-04:00,55.59000015258789,55.59000015258789,53.099998474121094,53.81999969482422,1377300,0.0,0.0
2025-09-05 00:00:00-04:00,53.66999816894531,55.20000076293945,53.35599899291992,54.75,889400,0.0,0.0
2025-09-08 00:00:00-04:00,54.2400016784668,54.52000045776367,52.900001525878906,53.630001068115234,1229600,0.0,0.0
2025-09-09 00:00:00-04:00,53.4900016784668,55.099998474121094,52.85100173950195,55.06999969482422,1033700,0.0,0.0
2025-09-10 00:00:00-04:00,54.939998626708984,55.24399948120117,51.939998626708984,52.5,1736000,0.0,0.0
2025-09-11 00:00:00-04:00,52.91999816894531,55.09000015258789,52.13999938964844,54.9900016784668,1262300,0.0,0.0
2025-09-12 00:00:00-04:00,54.720001220703125,54.720001220703125,52.599998474121094,52.939998626708984,842500,0.0,0.0
2025-09-15 00:00:00-04:00,52.779998779296875,52.92499923706055,51.630001068115234,51.7400016784668,1329500,0.0,0.0
2025-09-16 00:00:00-04:00,51.56999969482422,52.45500183105469,51.31999969482422,51.97999954223633,992700,0.0,0.0
2025-09-17 00:00:00-04:00,51.810001373291016,52.33000183105469,50.5099983215332,50.84000015258789,1228400,0.0,0.0
2025-09-18 00:00:00-04:00,51.27000045776367,51.70000076293945,50.68000030517578,51.560001373291016,1093200,0.0,0.0
2025-09-19 00:00:00-04:00,51.43000030517578,51.474998474121094,50.119998931884766,50.40999984741211,2276100,0.0,0.0
2025-09-22 00:00:00-04:00,50.38999938964844,50.70000076293945,49.970001220703125,50.11000061035156,963200,0.0,0.0
2025-09-23 00:00:00-04:00,50.619998931884766,52.80500030517578,50.619998931884766,52.060001373291016,4471200,0.0,0.0
2025-09-24 00:00:00-04:00,51.90999984741211,54.433998107910156,51.73500061035156,53.22999954223633,2042100,0.0,0.0
2025-09-25 00:00:00-04:00,52.790000915527344,52.84000015258789,51.0099983215332,51.470001220703125,1203100,0.0,0.0
2025-09-26 00:00:00-04:00,51.15999984741211,51.720001220703125,50.54999923706055,50.61000061035156,1335300,0.0,0.0
2025-09-29 00:00:00-04:00,50.5,51.0,49.75,50.619998931884766,1763000,0.0,0.0
2025-09-30 00:00:00-04:00,50.41999816894531,51.619998931884766,50.290000915527344,51.290000915527344,1288800,0.0,0.0
2025-10-01 00:00:00-04:00,51.099998474121094,52.150001525878906,50.7599983215332,51.630001068115234,1053700,0.0,0.0
2025-10-02 00:00:00-04:00,51.72999954223633,52.935001373291016,51.29999923706055,52.689998626708984,1207900,0.0,0.0
2025-10-03 00:00:00-04:00,52.689998626708984,53.970001220703125,52.32600021362305,53.83000183105469,741400,0.0,0.0
2025-10-06 00:00:00-04:00,53.84000015258789,54.0,52.63999938964844,52.70000076293945,1226000,0.0,0.0
2025-10-07 00:00:00-04:00,53.40999984741211,53.59000015258789,51.790000915527344,51.84000015258789,857000,0.0,0.0
2025-10-08 00:00:00-04:00,50.5,53.56999969482422,49.66999816894531,53.54999923706055,2786700,0.0,0.0
2025-10-09 00:00:00-04:00,53.810001373291016,53.83000183105469,52.34000015258789,52.38999938964844,1280700,0.0,0.0
2025-10-10 00:00:00-04:00,52.650001525878906,53.83000183105469,52.209999084472656,53.540000915527344,2935300,0.0,0.0
2025-10-13 00:00:00-04:00,53.5,54.619998931884766,53.130001068115234,54.59000015258789,2234300,0.0,0.0
2025-10-14 00:00:00-04:00,54.459999084472656,56.55500030517578,53.970001220703125,55.06999969482422,2325300,0.0,0.0
2025-10-15 00:00:00-04:00,55.36000061035156,56.66999816894531,54.77000045776367,56.52000045776367,1777600,0.0,0.0
2025-10-16 00:00:00-04:00,56.02000045776367,57.970001220703125,56.0099983215332,56.36000061035156,1511800,0.0,0.0
2025-10-17 00:00:00-04:00,55.95000076293945,56.57500076293945,54.9900016784668,55.599998474121094,1512700,0.0,0.0
2025-10-20 00:00:00-04:00,56.09000015258789,56.935001373291016,55.770999908447266,56.599998474121094,1296400,0.0,0.0
2025-10-21 00:00:00-04:00,56.61000061035156,57.779998779296875,56.040000915527344,57.70000076293945,967600,0.0,0.0
2025-10-22 00:00:00-04:00,57.70000076293945,57.935001373291016,56.939998626708984,57.130001068115234,736200,0.0,0.0
2025-10-23 00:00:00-04:00,57.130001068115234,57.43000030517578,56.290000915527344,56.51499938964844,912300,0.0,0.0
2025-10-24 00:00:00-04:00,56.720001220703125,56.90999984741211,56.0,56.060001373291016,651600,0.0,0.0
2025-10-27 00:00:00-04:00,56.060001373291016,58.29600143432617,56.060001373291016,58.130001068115234,1257000,0.0,0.0
2025-10-28 00:00:00-04:00,58.060001373291016,58.130001068115234,56.27000045776367,57.33000183105469,1080100,0.0,0.0
2025-10-29 00:00:00-04:00,57.20000076293945,57.56999969482422,55.77000045776367,55.880001068115234,1254200,0.0,0.0
2025-10-30 00:00:00-04:00,55.90999984741211,56.90999984741211,55.20000076293945,55.4900016784668,724800,0.0,0.0
2025-10-31 00:00:00-04:00,55.0099983215332,57.880001068115234,54.7599983215332,57.689998626708984,1250800,0.0,0.0
2025-11-03 00:00:00-05:00,57.689998626708984,58.400001525878906,56.02000045776367,56.81999969482422,1422200,0.0,0.0
2025-11-04 00:00:00-05:00,57.0,58.22999954223633,56.69499969482422,57.709999084472656,1116500,0.0,0.0
2025-11-05 00:00:00-05:00,56.869998931884766,58.06999969482422,56.125,57.22999954223633,2064900,0.0,0.0
2025-11-06 00:00:00-05:00,61.099998474121094,62.0,53.35499954223633,53.689998626708984,2686400,0.0,0.0
2025-11-07 00:00:00-05:00,54.34000015258789,54.34000015258789,50.724998474121094,51.06999969482422,1757300,0.0,0.0
2025-11-10 00:00:00-05:00,51.0,51.810001373291016,50.154998779296875,50.689998626708984,1340400,0.0,0.0
2025-11-11 00:00:00-05:00,50.689998626708984,53.54499816894531,50.689998626708984,53.369998931884766,1441900,0.0,0.0
2025-11-12 00:00:00-05:00,53.22999954223633,55.54999923706055,52.349998474121094,54.5,1165600,0.0,0.0
2025-11-13 00:00:00-05:00,53.93000030517578,55.029998779296875,52.939998626708984,53.119998931884766,1216400,0.0,0.0
2025-11-14 00:00:00-05:00,51.9900016784668,53.11000061035156,51.470001220703125,53.0099983215332,883800,0.0,0.0
2025-11-17 00:00:00-05:00,52.529998779296875,52.72999954223633,51.79999923706055,52.5,1289700,0.0,0.0
2025-11-18 00:00:00-05:00,52.5,54.27000045776367,51.900001525878906,53.5,1157700,0.0,0.0
2025-11-19 00:00:00-05:00,53.58000183105469,53.869998931884766,51.84000015258789,52.790000915527344,895900,0.0,0.0
2025-11-20 00:00:00-05:00,52.849998474121094,54.70000076293945,52.79999923706055,53.59000015258789,1015200,0.0,0.0
2025-11-21 00:00:00-05:00,53.439998626708984,57.349998474121094,53.380001068115234,55.81999969482422,1306600,0.0,0.0
2025-11-24 00:00:00-05:00,55.7400016784668,57.150001525878906,54.939998626708984,56.4900016784668,1155400,0.0,0.0
2025-11-25 00:00:00-05:00,56.849998474121094,59.25,56.73500061035156,59.060001373291016,964400,0.0,0.0
2025-11-26 00:00:00-05:00,58.83000183105469,59.29999923706055,57.909000396728516,58.75,767100,0.0,0.0
2025-11-28 00:00:00-05:00,58.709999084472656,58.869998931884766,58.2400016784668,58.869998931884766,362200,0.0,0.0
2025-12-01 00:00:00-05:00,58.40999984741211,59.130001068115234,57.44300079345703,59.08000183105469,1089300,0.0,0.0
2025-12-02 00:00:00-05:00,59.0099983215332,60.13999938964844,57.935001373291016,58.54999923706055,1050300,0.0,0.0
2025-12-03 00:00:00-05:00,58.75,60.36000061035156,58.75,59.77000045776367,874600,0.0,0.0
2025-12-04 00:00:00-05:00,59.83000183105469,62.599998474121094,59.13999938964844,61.869998931884766,1320600,0.0,0.0
2025-12-05 00:00:00-05:00,62.040000915527344,64.4000015258789,61.25,63.29999923706055,1229700,0.0,0.0
2025-12-08 00:00:00-05:00,62.959999084472656,63.380001068115234,62.189998626708984,62.27000045776367,1150100,0.0,0.0
2025-12-09 00:00:00-05:00,62.15999984741211,63.029998779296875,60.56999969482422,60.880001068115234,1025000,0.0,0.0
2025-12-10 00:00:00-05:00,61.40999984741211,61.68000030517578,60.150001525878906,60.81999969482422,783000,0.0,0.0
2025-12-11 00:00:00-05:00,61.209999084472656,63.5,61.209999084472656,63.099998474121094,1144800,0.0,0.0
2025-12-12 00:00:00-05:00,64.41500091552734,67.3499984741211,64.41500091552734,66.62000274658203,1549900,0.0,0.0
2025-12-15 00:00:00-05:00,66.36000061035156,67.4000015258789,66.08000183105469,66.56999969482422,1650100,0.0,0.0
2025-12-16 00:00:00-05:00,65.4800033569336,66.86000061035156,64.95999908447266,65.16999816894531,1945400,0.0,0.0
2025-12-17 00:00:00-05:00,65.20999908447266,67.01000213623047,64.83499908447266,65.23999786376953,1301000,0.0,0.0
2025-12-18 00:00:00-05:00,65.5,66.25,64.125,64.83999633789062,1031100,0.0,0.0
2025-12-19 00:00:00-05:00,64.5,66.41000366210938,64.3499984741211,65.91999816894531,2734400,0.0,0.0
2025-12-22 00:00:00-05:00,65.30999755859375,68.83499908447266,65.26000213623047,68.01000213623047,1061900,0.0,0.0
2025-12-23 00:00:00-05:00,67.73999786376953,67.73999786376953,66.0999984741211,66.52999877929688,1123500,0.0,0.0
2025-12-24 00:00:00-05:00,66.94999694824219,67.12000274658203,66.31999969482422,66.68000030517578,371400,0.0,0.0
2025-12-26 00:00:00-05:00,66.56999969482422,66.88999938964844,66.2020034790039,66.70999908447266,343400,0.0,0.0
2025-12-29 00:00:00-05:00,66.7699966430664,67.38999938964844,66.72000122070312,67.33999633789062,464500,0.0,0.0
2025-12-30 00:00:00-05:00,67.26499938964844,67.44999694824219,66.63500213623047,67.16000366210938,569000,0.0,0.0
2025-12-31 00:00:00-05:00,66.94000244140625,67.33499908447266,66.36000061035156,66.55000305175781,633600,0.0,0.0
2026-01-02 00:00:00-05:00,66.80000305175781,67.75,66.38999938964844,67.2699966430664,1209200,0.0,0.0
2026-01-05 00:00:00-05:00,67.06999969482422,70.0199966430664,66.68499755859375,68.9800033569336,1053500,0.0,0.0
2026-01-06 00:00:00-05:00,68.68000030517578,70.0199966430664,68.48999786376953,69.68000030517578,1171200,0.0,0.0
2026-01-07 00:00:00-05:00,69.80999755859375,70.33000183105469,68.68000030517578,69.37000274658203,1313200,0.0,0.0
2026-01-08 00:00:00-05:00,69.19999694824219,69.96499633789062,67.80999755859375,67.8499984741211,801800,0.0,0.0
2026-01-09 00:00:00-05:00,67.55999755859375,68.25,66.12000274658203,67.55999755859375,904100,0.0,0.0
2026-01-12 00:00:00-05:00,67.55000305175781,67.63200378417969,65.23999786376953,67.4800033569336,674800,0.0,0.0
2026-01-13 00:00:00-05:00,67.44000244140625,67.44000244140625,64.33999633789062,65.83999633789062,879600,0.0,0.0
2026-01-14 00:00:00-05:00,65.83999633789062,66.33999633789062,65.12999725341797,65.5999984741211,827200,0.0,0.0
2026-01-15 00:00:00-05:00,65.22000122070312,65.98999786376953,64.69000244140625,65.41999816894531,1105900,0.0,0.0
2026-01-16 00:00:00-05:00,65.22000122070312,65.25,64.08300018310547,64.25,737900,0.0,0.0
2026-01-20 00:00:00-05:00,63.75,67.0,63.369998931884766,65.87999725341797,1049600,0.0,0.0
2026-01-21 00:00:00-05:00,66.25,67.08000183105469,65.19499969482422,66.44000244140625,793500,0.0,0.0
2026-01-22 00:00:00-05:00,66.58999633789062,67.91999816894531,65.97000122070312,67.18000030517578,677300,0.0,0.0
2026-01-23 00:00:00-05:00,66.91000366210938,67.89299774169922,66.54000091552734,67.51000213623047,620000,0.0,0.0
2026-01-26 00:00:00-05:00,67.58000183105469,69.19999694824219,67.12999725341797,67.80999755859375,537500,0.0,0.0
2026-01-27 00:00:00-05:00,67.37000274658203,68.04000091552734,66.58999633789062,67.88500213623047,536600,0.0,0.0
2026-01-28 00:00:00-05:00,68.13999938964844,68.13999938964844,65.41000366210938,66.30999755859375,707300,0.0,0.0
2026-01-29 00:00:00-05:00,66.30999755859375,66.8550033569336,64.81999969482422,66.68000030517578,688900,0.0,0.0
2026-01-30 00:00:00-05:00,66.5,67.26000213623047,65.62999725341797,66.91999816894531,668900,0.0,0.0
2026-02-02 00:00:00-05:00,66.91000366210938,68.0,66.43000030517578,66.5,778500,0.0,0.0
2026-02-03 00:00:00-05:00,66.62999725341797,68.69999694824219,65.23999786376953,66.0,547200,0.0,0.0
2026-02-04 00:00:00-05:00,66.43000030517578,67.52999877929688,65.7699966430664,65.93000030517578,720900,0.0,0.0
2026-02-05 00:00:00-05:00,66.51000213623047,67.5,64.25,64.86000061035156,827600,0.0,0.0
2026-02-06 00:00:00-05:00,65.51000213623047,66.05000305175781,63.84000015258789,64.88999938964844,846600,0.0,0.0
2026-02-09 00:00:00-05:00,65.2300033569336,65.44499969482422,63.45000076293945,65.20999908447266,730600,0.0,0.0
2026-02-10 00:00:00-05:00,65.61000061035156,67.33999633789062,65.22000122070312,67.16999816894531,798300,0.0,0.0
2026-02-11 00:00:00-05:00,67.2699966430664,67.58499908447266,64.5199966430664,67.27999877929688,965100,0.0,0.0
2026-02-12 00:00:00-05:00,67.68000030517578,68.83999633789062,65.83999633789062,68.72000122070312,1115800,0.0,0.0
2026-02-13 00:00:00-05:00,68.70999908447266,69.94000244140625,68.3759994506836,69.37999725341797,664400,0.0,0.0
2026-02-17 00:00:00-05:00,69.4000015258789,71.44000244140625,69.36000061035156,71.2699966430664,825000,0.0,0.0
2026-02-18 00:00:00-05:00,71.93000030517578,73.40299987792969,71.13999938964844,73.05999755859375,917300,0.0,0.0
2026-02-19 00:00:00-05:00,72.80000305175781,73.31999969482422,71.56999969482422,73.18000030517578,687500,0.0,0.0
2026-02-20 00:00:00-05:00,73.18000030517578,74.50499725341797,72.58999633789062,73.87000274658203,674300,0.0,0.0
2026-02-23 00:00:00-05:00,73.02999877929688,73.7300033569336,72.29000091552734,73.41999816894531,650100,0.0,0.0
2026-02-24 00:00:00-05:00,73.5,73.79000091552734,72.54000091552734,73.61000061035156,909600,0.0,0.0
2026-02-25 00:00:00-05:00,73.80999755859375,76.29000091552734,73.3550033569336,75.72000122070312,1238200,0.0,0.0
2026-02-26 00:00:00-05:00,75.70999908447266,80.91000366210938,74.60399627685547,75.43000030517578,2192000,0.0,0.0
2026-02-27 00:00:00-05:00,74.05999755859375,76.5,72.87200164794922,74.91000366210938,1380200,0.0,0.0
2026-03-02 00:00:00-05:00,74.58000183105469,78.79000091552734,74.19999694824219,76.30000305175781,1162800,0.0,0.0
2026-03-03 00:00:00-05:00,75.0,79.51000213623047,74.33000183105469,78.83999633789062,1284200,0.0,0.0
2026-03-04 00:00:00-05:00,78.98999786376953,80.0,77.08000183105469,77.83999633789062,916100,0.0,0.0
2026-03-05 00:00:00-05:00,77.08000183105469,77.18499755859375,75.1500015258789,76.30999755859375,867400,0.0,0.0
2026-03-06 00:00:00-05:00,75.6500015258789,75.6500015258789,72.33000183105469,72.55999755859375,1046100,0.0,0.0
2026-03-09 00:00:00-04:00,72.55999755859375,80.66999816894531,72.34500122070312,80.01000213623047,2514100,0.0,0.0
2026-03-10 00:00:00-04:00,79.37000274658203,83.94999694824219,78.97000122070312,83.22000122070312,2231100,0.0,0.0
2026-03-11 00:00:00-04:00,83.22000122070312,84.37999725341797,80.69000244140625,82.63999938964844,1391900,0.0,0.0
2026-03-12 00:00:00-04:00,81.52999877929688,82.0,79.65499877929688,80.41999816894531,1008600,0.0,0.0
2026-03-13 00:00:00-04:00,80.51000213623047,81.44000244140625,78.625,79.48999786376953,909300,0.0,0.0
2026-03-16 00:00:00-04:00,80.0,80.91000366210938,78.27999877929688,78.5,814500,0.0,0.0
2026-03-17 00:00:00-04:00,78.76000213623047,80.45999908447266,78.2249984741211,80.44999694824219,833900,0.0,0.0
2026-03-18 00:00:00-04:00,79.75,81.47000122070312,79.6449966430664,80.23999786376953,942000,0.0,0.0
2026-03-19 00:00:00-04:00,79.91999816894531,80.51499938964844,76.4800033569336,77.98999786376953,935200,0.0,0.0
2026-03-20 00:00:00-04:00,77.94000244140625,78.01000213623047,75.54000091552734,76.43000030517578,1890400,0.0,0.0
2026-03-23 00:00:00-04:00,77.43000030517578,78.04000091552734,75.4000015258789,75.7300033569336,891700,0.0,0.0
2026-03-24 00:00:00-04:00,75.4800033569336,75.76499938964844,73.81999969482422,74.23999786376953,1396600,0.0,0.0
2026-03-25 00:00:00-04:00,74.91999816894531,75.93000030517578,74.1449966430664,75.62999725341797,1712400,0.0,0.0
2026-03-26 00:00:00-04:00,75.01000213623047,76.63999938964844,74.8499984741211,76.36000061035156,858600,0.0,0.0
2026-03-27 00:00:00-04:00,76.30000305175781,76.91999816894531,73.98899841308594,74.47000122070312,488100,0.0,0.0
2026-03-30 00:00:00-04:00,74.44000244140625,74.4800033569336,72.375,73.08999633789062,664900,0.0,0.0
2026-03-31 00:00:00-04:00,73.61000061035156,76.4000015258789,73.12999725341797,75.8499984741211,884500,0.0,0.0
2026-04-01 00:00:00-04:00,76.41000366210938,77.70999908447266,74.94000244140625,75.69999694824219,701600,0.0,0.0
2026-04-02 00:00:00-04:00,75.06999969482422,76.82499694824219,74.63999938964844,76.0999984741211,422500,0.0,0.0
2026-04-06 00:00:00-04:00,75.7699966430664,76.70999908447266,75.125,75.88999938964844,378500,0.0,0.0
2026-04-07 00:00:00-04:00,76.86000061035156,78.0999984741211,75.30500030517578,78.08000183105469,603700,0.0,0.0
2026-04-08 00:00:00-04:00,79.94999694824219,80.61000061035156,78.7300033569336,80.02999877929688,1044800,0.0,0.0
2026-04-09 00:00:00-04:00,79.52999877929688,82.44000244140625,79.13500213623047,81.43000030517578,693100,0.0,0.0
2026-04-10 00:00:00-04:00,81.98999786376953,82.19000244140625,79.7699966430664,80.58999633789062,486300,0.0,0.0
2026-04-13 00:00:00-04:00,79.63999938964844,81.875,79.63999938964844,81.66999816894531,1212700,0.0,0.0
2026-04-14 00:00:00-04:00,81.80000305175781,83.94499969482422,81.66999816894531,82.73999786376953,603800,0.0,0.0
2026-04-15 00:00:00-04:00,83.2300033569336,83.97000122070312,82.37000274658203,83.94000244140625,753400,0.0,0.0
2026-04-16 00:00:00-04:00,83.58999633789062,84.3030014038086,82.44000244140625,83.91999816894531,618200,0.0,0.0
2026-04-17 00:00:00-04:00,84.31999969482422,84.91999816894531,82.79000091552734,83.81999969482422,553000,0.0,0.0
2026-04-20 00:00:00-04:00,83.19000244140625,84.44499969482422,82.79000091552734,83.97000122070312,527300,0.0,0.0
2026-04-21 00:00:00-04:00,83.94999694824219,84.01000213623047,81.44999694824219,81.56999969482422,455600,0.0,0.0
2026-04-22 00:00:00-04:00,81.56999969482422,83.02999877929688,81.28500366210938,82.87999725341797,526300,0.0,0.0
2026-04-23 00:00:00-04:00,83.26000213623047,83.26000213623047,81.87000274658203,82.81999969482422,316300,0.0,0.0
2026-04-24 00:00:00-04:00,82.62000274658203,84.45500183105469,80.9800033569336,84.33000183105469,476500,0.0,0.0
2026-04-27 00:00:00-04:00,84.33000183105469,85.26000213623047,83.80999755859375,84.11000061035156,980100,0.0,0.0
2026-04-28 00:00:00-04:00,84.2699966430664,84.63999938964844,82.38999938964844,83.55000305175781,1411700,0.0,0.0
2026-04-29 00:00:00-04:00,82.91999816894531,82.98999786376953,80.02999877929688,81.16999816894531,820200,0.0,0.0
2026-04-30 00:00:00-04:00,81.16999816894531,84.66999816894531,80.0,84.62000274658203,801500,0.0,0.0
2026-05-01 00:00:00-04:00,84.87999725341797,86.2300033569336,83.71499633789062,85.5,981500,0.0,0.0
2026-05-04 00:00:00-04:00,85.12999725341797,88.05999755859375,84.77999877929688,87.77999877929688,1012200,0.0,0.0
2026-05-05 00:00:00-04:00,87.80000305175781,87.80999755859375,85.2300033569336,85.81999969482422,740700,0.0,0.0
2026-05-06 00:00:00-04:00,86.1500015258789,87.58999633789062,85.26000213623047,86.1500015258789,1079600,0.0,0.0
2026-05-07 00:00:00-04:00,90.0,93.0,87.7300033569336,91.0,1729400,0.0,0.0
2026-05-08 00:00:00-04:00,91.79000091552734,94.86199951171875,91.7249984741211,93.05999755859375,1540200,0.0,0.0
2026-05-11 00:00:00-04:00,93.94999694824219,95.86000061035156,93.11499786376953,94.06999969482422,1190400,0.0,0.0
2026-05-12 00:00:00-04:00,94.01000213623047,96.27999877929688,92.5199966430664,96.2300033569336,1230200,0.0,0.0
2026-05-13 00:00:00-04:00,96.27999877929688,98.2699966430664,95.49500274658203,96.45999908447266,1008500,0.0,0.0
2026-05-14 00:00:00-04:00,96.87999725341797,97.80000305175781,94.5199966430664,96.66999816894531,843500,0.0,0.0
2026-05-15 00:00:00-04:00,96.12000274658203,96.68000030517578,93.28500366210938,93.91000366210938,926900,0.0,0.0
2026-05-18 00:00:00-04:00,94.0,94.79499816894531,92.17500305175781,93.12999725341797,1358100,0.0,0.0
2026-05-19 00:00:00-04:00,92.91000366210938,94.72000122070312,91.6500015258789,92.88999938964844,1150400,0.0,0.0
2026-05-20 00:00:00-04:00,93.08999633789062,96.48999786376953,92.1500015258789,96.08999633789062,809400,0.0,0.0
2026-05-21 00:00:00-04:00,95.23999786376953,95.83300018310547,93.56999969482422,94.47000122070312,711100,0.0,0.0
2026-05-22 00:00:00-04:00,94.4000015258789,103.88999938964844,93.7300033569336,103.0,2020300,0.0,0.0
2026-05-26 00:00:00-04:00,102.66000366210938,102.66000366210938,98.0,100.05999755859375,1566800,0.0,0.0
2026-05-27 00:00:00-04:00,101.33999633789062,101.33999633789062,98.13999938964844,99.08999633789062,1607800,0.0,0.0
2026-05-28 00:00:00-04:00,98.9000015258789,100.41500091552734,97.98999786376953,99.62000274658203,884300,0.0,0.0
2026-05-29 00:00:00-04:00,98.9800033569336,100.63999938964844,97.77799987792969,99.30000305175781,1376600,0.0,0.0
2026-06-01 00:00:00-04:00,98.79000091552734,100.75,96.74600219726562,97.12999725341797,839600,0.0,0.0
2026-06-02 00:00:00-04:00,97.13999938964844,98.98999786376953,96.08000183105469,96.30000305175781,1029800,0.0,0.0
2026-06-03 00:00:00-04:00,96.45999908447266,101.66000366210938,95.0,100.25,1082200,0.0,0.0
2026-06-04 00:00:00-04:00,101.19999694824219,103.75,100.61599731445312,102.81999969482422,826200,0.0,0.0
2026-06-05 00:00:00-04:00,102.56999969482422,104.0,100.61000061035156,100.9800033569336,746200,0.0,0.0
2026-06-08 00:00:00-04:00,101.52999877929688,102.625,99.94499969482422,100.01000213623047,751500,0.0,0.0
2026-06-09 00:00:00-04:00,100.91999816894531,101.80999755859375,97.98999786376953,99.9800033569336,645900,0.0,0.0
