Date,Open,High,Low,Close,Volume,Dividends,Stock Splits
2022-01-04 00:00:00-05:00,47.0099983215332,48.4900016784668,46.599998474121094,46.959999084472656,86700,0.0,0.0
2022-01-05 00:00:00-05:00,47.099998474121094,49.709999084472656,46.86000061035156,47.54999923706055,159900,0.0,0.0
2022-01-06 00:00:00-05:00,49.16999816894531,51.099998474121094,47.72999954223633,51.0,141100,0.0,0.0
2022-01-07 00:00:00-05:00,51.099998474121094,53.369998931884766,50.33000183105469,52.220001220703125,200400,0.0,0.0
2022-01-10 00:00:00-05:00,52.060001373291016,52.939998626708984,49.439998626708984,51.220001220703125,143100,0.0,0.0
2022-01-11 00:00:00-05:00,51.5,52.720001220703125,51.2400016784668,52.04999923706055,149300,0.0,0.0
2022-01-12 00:00:00-05:00,52.81999969482422,53.189998626708984,50.56999969482422,50.65999984741211,87700,0.0,0.0
2022-01-13 00:00:00-05:00,50.599998474121094,52.09000015258789,50.18000030517578,50.54999923706055,74300,0.0,0.0
2022-01-14 00:00:00-05:00,50.72999954223633,56.349998474121094,50.09000015258789,56.349998474121094,227400,0.0,0.0
2022-01-17 00:00:00-05:00,55.95000076293945,57.29999923706055,55.38999938964844,57.189998626708984,40200,0.0,0.0
2022-01-18 00:00:00-05:00,57.77000045776367,58.04999923706055,55.5,56.849998474121094,128600,0.0,0.0
2022-01-19 00:00:00-05:00,56.84000015258789,57.29999923706055,55.56999969482422,55.7599983215332,72800,0.0,0.0
2022-01-20 00:00:00-05:00,55.41999816894531,56.099998474121094,53.61000061035156,53.779998779296875,87200,0.0,0.0
2022-01-21 00:00:00-05:00,52.900001525878906,53.88999938964844,50.869998931884766,50.91999816894531,123500,0.0,0.0
2022-01-24 00:00:00-05:00,49.40999984741211,50.439998626708984,47.130001068115234,50.33000183105469,165300,0.0,0.0
2022-01-25 00:00:00-05:00,49.77000045776367,52.290000915527344,47.869998931884766,51.79999923706055,112300,0.0,0.0
2022-01-26 00:00:00-05:00,53.150001525878906,53.38999938964844,51.029998779296875,51.689998626708984,120500,0.0,0.0
2022-01-27 00:00:00-05:00,52.310001373291016,54.279998779296875,51.81999969482422,53.099998474121094,145100,0.0,0.0
2022-01-28 00:00:00-05:00,53.599998474121094,55.900001525878906,53.31999969482422,54.93000030517578,77800,0.0,0.0
2022-01-31 00:00:00-05:00,55.720001220703125,55.849998474121094,54.38999938964844,55.2599983215332,77900,0.0,0.0
2022-02-01 00:00:00-05:00,55.36000061035156,58.099998474121094,55.2599983215332,57.91999816894531,88400,0.0,0.0
2022-02-02 00:00:00-05:00,58.58000183105469,58.79999923706055,56.58000183105469,58.209999084472656,79800,0.0,0.0
2022-02-03 00:00:00-05:00,57.52000045776367,58.5,56.70000076293945,57.33000183105469,76800,0.0,0.0
2022-02-04 00:00:00-05:00,58.02000045776367,59.95000076293945,57.54999923706055,58.90999984741211,65700,0.0,0.0
2022-02-07 00:00:00-05:00,58.849998474121094,58.97999954223633,57.45000076293945,57.75,80700,0.0,0.0
2022-02-08 00:00:00-05:00,56.939998626708984,56.939998626708984,54.779998779296875,56.349998474121094,88600,0.0,0.0
2022-02-09 00:00:00-05:00,56.47999954223633,59.25,56.150001525878906,59.0099983215332,95900,0.0,0.0
2022-02-10 00:00:00-05:00,59.16999816894531,61.38999938964844,58.18000030517578,60.72999954223633,109600,0.0,0.0
2022-02-11 00:00:00-05:00,61.5,69.5,61.380001068115234,67.66000366210938,312600,0.0,0.0
2022-02-14 00:00:00-05:00,67.08000183105469,68.6500015258789,65.80999755859375,67.77999877929688,81300,0.0,0.0
2022-02-15 00:00:00-05:00,66.86000061035156,70.1500015258789,66.13999938964844,69.94999694824219,93800,0.0,0.0
2022-02-16 00:00:00-05:00,71.5,74.94999694824219,71.02999877929688,73.81999969482422,168400,0.0,0.0
2022-02-17 00:00:00-05:00,73.22000122070312,73.70999908447266,71.18000030517578,73.52999877929688,62600,0.0,0.0
2022-02-18 00:00:00-05:00,73.13999938964844,73.30000305175781,71.55999755859375,71.69999694824219,43100,0.0,0.0
2022-02-22 00:00:00-05:00,72.4000015258789,73.63999938964844,66.25,66.93000030517578,76000,0.0,0.0
2022-02-23 00:00:00-05:00,67.83999633789062,68.05999755859375,65.58000183105469,65.91999816894531,50400,0.0,0.0
2022-02-24 00:00:00-05:00,67.48999786376953,67.48999786376953,64.62000274658203,65.69999694824219,61200,0.0,0.0
2022-02-25 00:00:00-05:00,66.48999786376953,67.58000183105469,65.06999969482422,67.41999816894531,84700,0.0,0.0
2022-02-28 00:00:00-05:00,66.62999725341797,74.31999969482422,66.62999725341797,73.94999694824219,117300,0.0,0.0
2022-03-01 00:00:00-05:00,75.5,75.8499984741211,72.25,74.5199966430664,108800,0.0,0.0
2022-03-02 00:00:00-05:00,75.52999877929688,75.9000015258789,73.75,74.73999786376953,64900,0.0,0.0
2022-03-03 00:00:00-05:00,75.13999938964844,76.02999877929688,73.93000030517578,74.48999786376953,83700,0.0,0.0
2022-03-04 00:00:00-05:00,74.20999908447266,75.06999969482422,72.6500015258789,74.58000183105469,69100,0.0,0.0
2022-03-07 00:00:00-05:00,75.5,80.52999877929688,75.5,79.4000015258789,151500,0.0,0.0
2022-03-08 00:00:00-05:00,80.98999786376953,85.22000122070312,78.29000091552734,84.75,294800,0.0,0.0
2022-03-09 00:00:00-05:00,84.98999786376953,87.18000030517578,79.87999725341797,80.86000061035156,257700,0.0,0.0
2022-03-10 00:00:00-05:00,81.08000183105469,86.04000091552734,81.08000183105469,85.76000213623047,108000,0.0,0.0
2022-03-11 00:00:00-05:00,84.98999786376953,87.18000030517578,83.8499984741211,85.83999633789062,90700,0.0,0.0
2022-03-14 00:00:00-04:00,83.94000244140625,84.16999816894531,78.4800033569336,79.44999694824219,131900,0.0,0.0
2022-03-15 00:00:00-04:00,76.0199966430664,79.5,75.56999969482422,78.5999984741211,86300,0.0,0.0
2022-03-16 00:00:00-04:00,79.18000030517578,80.11000061035156,74.54000091552734,75.06999969482422,61100,0.0,0.0
2022-03-17 00:00:00-04:00,77.41000366210938,78.83000183105469,76.77999877929688,77.2300033569336,67400,0.0,0.0
2022-03-18 00:00:00-04:00,77.19000244140625,80.70999908447266,76.55000305175781,78.77999877929688,94000,0.0,0.0
2022-03-21 00:00:00-04:00,80.62000274658203,82.48999786376953,80.20999908447266,82.3499984741211,54600,0.0,0.0
2022-03-22 00:00:00-04:00,82.77999877929688,83.83000183105469,81.41999816894531,83.69999694824219,65200,0.0,0.0
2022-03-23 00:00:00-04:00,85.0,87.48999786376953,84.72000122070312,86.6500015258789,73800,0.0,0.0
2022-03-24 00:00:00-04:00,86.41000366210938,88.20999908447266,86.19000244140625,86.20999908447266,56700,0.0,0.0
2022-03-25 00:00:00-04:00,85.7699966430664,89.26000213623047,85.70999908447266,87.80000305175781,52700,0.0,0.0
2022-03-28 00:00:00-04:00,86.19999694824219,87.62999725341797,85.45999908447266,85.80000305175781,66400,0.0,0.0
2022-03-29 00:00:00-04:00,84.95999908447266,90.98999786376953,82.66999816894531,89.66999816894531,135300,0.0,0.0
2022-03-30 00:00:00-04:00,90.18000030517578,93.31999969482422,90.01000213623047,90.11000061035156,122700,0.0,0.0
2022-03-31 00:00:00-04:00,90.08000183105469,93.54000091552734,89.0,92.69999694824219,99900,0.0,0.0
2022-04-01 00:00:00-04:00,91.73999786376953,95.75,91.48999786376953,94.66000366210938,76400,0.0,0.0
2022-04-04 00:00:00-04:00,95.61000061035156,97.91999816894531,94.11000061035156,97.77999877929688,80800,0.0,0.0
2022-04-05 00:00:00-04:00,97.98999786376953,98.48999786376953,95.7699966430664,96.88999938964844,125600,0.0,0.0
2022-04-06 00:00:00-04:00,98.05999755859375,98.8499984741211,94.77999877929688,96.86000061035156,92300,0.0,0.0
2022-04-07 00:00:00-04:00,96.94999694824219,100.05999755859375,95.16999816894531,96.13999938964844,95600,0.0,0.0
2022-04-08 00:00:00-04:00,96.0199966430664,98.2300033569336,95.11000061035156,97.55000305175781,42000,0.0,0.0
2022-04-11 00:00:00-04:00,96.58999633789062,98.19000244140625,95.26000213623047,95.94999694824219,53900,0.0,0.0
2022-04-12 00:00:00-04:00,97.98999786376953,100.0,96.0999984741211,96.16999816894531,67600,0.0,0.0
2022-04-13 00:00:00-04:00,97.2699966430664,105.18000030517578,97.2699966430664,104.7699966430664,183400,0.0,0.0
2022-04-14 00:00:00-04:00,104.69000244140625,105.72000122070312,102.91000366210938,103.9000015258789,48200,0.0,0.0
2022-04-18 00:00:00-04:00,106.83999633789062,107.66999816894531,101.98999786376953,101.98999786376953,148100,0.0,0.0
2022-04-19 00:00:00-04:00,100.72000122070312,101.0,96.55999755859375,97.33000183105469,141200,0.0,0.0
2022-04-20 00:00:00-04:00,96.0999984741211,97.55000305175781,94.22000122070312,95.8499984741211,124700,0.0,0.0
2022-04-21 00:00:00-04:00,96.4800033569336,96.66999816894531,92.48999786376953,92.58999633789062,70500,0.0,0.0
2022-04-22 00:00:00-04:00,92.5,94.58000183105469,90.51000213623047,91.68000030517578,117300,0.0,0.0
2022-04-25 00:00:00-04:00,88.80000305175781,89.12999725341797,84.9000015258789,88.33999633789062,145000,0.0,0.0
2022-04-26 00:00:00-04:00,90.37999725341797,91.97000122070312,88.0,88.5199966430664,56600,0.0,0.0
2022-04-27 00:00:00-04:00,88.5999984741211,89.88999938964844,87.08000183105469,88.0999984741211,88800,0.0,0.0
2022-04-28 00:00:00-04:00,88.70999908447266,92.16999816894531,86.12999725341797,90.12000274658203,229500,0.0,0.0
2022-04-29 00:00:00-04:00,92.37000274658203,93.29000091552734,90.44999694824219,92.5199966430664,177500,0.0,0.0
2022-05-02 00:00:00-04:00,92.47000122070312,92.4800033569336,80.45999908447266,80.88999938964844,268800,0.0,0.0
2022-05-03 00:00:00-04:00,80.73999786376953,86.69999694824219,79.63999938964844,85.9800033569336,165300,0.0,0.0
2022-05-04 00:00:00-04:00,87.12999725341797,89.73999786376953,84.94999694824219,89.30999755859375,147000,0.0,0.0
2022-05-05 00:00:00-04:00,89.66000366210938,90.5,83.01000213623047,84.08999633789062,156800,0.0,0.0
2022-05-06 00:00:00-04:00,84.30000305175781,85.33999633789062,81.19000244140625,85.05000305175781,112500,0.0,0.0
2022-05-09 00:00:00-04:00,82.4000015258789,82.4000015258789,77.81999969482422,79.1500015258789,140800,0.0,0.0
2022-05-10 00:00:00-04:00,79.94999694824219,82.5,78.12999725341797,81.80999755859375,161000,0.0,0.0
2022-05-11 00:00:00-04:00,83.29000091552734,87.94000244140625,83.29000091552734,84.27999877929688,132900,0.0,0.0
2022-05-12 00:00:00-04:00,82.47000122070312,84.0,79.91999816894531,81.4000015258789,115600,0.0,0.0
2022-05-13 00:00:00-04:00,83.41000366210938,84.97000122070312,82.2699966430664,83.73999786376953,126300,0.0,0.0
2022-05-16 00:00:00-04:00,85.04000091552734,88.66000366210938,84.04000091552734,87.51000213623047,127100,0.0,0.0
2022-05-17 00:00:00-04:00,89.55999755859375,95.30000305175781,89.55999755859375,94.3499984741211,139900,0.0,0.0
2022-05-18 00:00:00-04:00,95.0,95.33999633789062,88.88999938964844,92.3499984741211,127000,0.0,0.0
2022-05-19 00:00:00-04:00,90.38999938964844,96.37999725341797,89.06999969482422,95.83000183105469,178400,0.0,0.0
2022-05-20 00:00:00-04:00,96.7699966430664,98.93000030517578,93.87000274658203,94.63999938964844,235500,0.0,0.0
2022-05-24 00:00:00-04:00,96.41000366210938,100.73999786376953,96.02999877929688,99.83000183105469,212300,0.0,0.0
2022-05-25 00:00:00-04:00,100.3499984741211,102.69999694824219,96.6500015258789,97.36000061035156,109800,0.0,0.0
2022-05-26 00:00:00-04:00,99.0999984741211,99.81999969482422,98.1500015258789,99.58000183105469,96100,0.0,0.0
2022-05-27 00:00:00-04:00,99.30999755859375,100.38999938964844,98.05000305175781,98.54000091552734,77900,0.0,0.0
2022-05-30 00:00:00-04:00,98.41000366210938,101.87000274658203,98.41000366210938,101.45999908447266,45300,0.0,0.0
2022-05-31 00:00:00-04:00,101.72000122070312,104.4800033569336,96.51000213623047,98.38999938964844,455700,0.0,0.0
2022-06-01 00:00:00-04:00,99.19000244140625,106.52999877929688,99.19000244140625,105.47000122070312,231400,0.0,0.0
2022-06-02 00:00:00-04:00,104.36000061035156,105.41999816894531,102.61000061035156,103.05999755859375,115000,0.0,0.0
2022-06-03 00:00:00-04:00,102.12999725341797,103.5,100.5,103.4800033569336,83100,0.0,0.0
2022-06-06 00:00:00-04:00,105.0,105.91000366210938,102.56999969482422,104.95999908447266,91000,0.0,0.0
2022-06-07 00:00:00-04:00,105.44999694824219,107.66999816894531,103.95999908447266,106.81999969482422,95500,0.0,0.0
2022-06-08 00:00:00-04:00,107.66000366210938,109.29000091552734,105.87000274658203,106.93000030517578,85300,0.0,0.0
2022-06-09 00:00:00-04:00,105.69999694824219,106.77999877929688,103.62000274658203,104.68000030517578,89100,0.0,0.0
2022-06-10 00:00:00-04:00,102.6500015258789,104.52999877929688,99.20999908447266,102.20999908447266,92300,0.0,0.0
2022-06-13 00:00:00-04:00,99.33999633789062,99.33999633789062,93.05999755859375,96.02999877929688,117400,0.0,0.0
2022-06-14 00:00:00-04:00,96.25,96.25,89.44000244140625,91.18000030517578,140000,0.0,0.0
2022-06-15 00:00:00-04:00,90.45999908447266,92.66000366210938,88.56999969482422,90.55000305175781,143900,0.0,0.0
2022-06-16 00:00:00-04:00,87.51000213623047,89.12999725341797,82.73999786376953,83.5,207100,0.0,0.0
2022-06-17 00:00:00-04:00,84.38999938964844,84.4000015258789,77.5,80.12000274658203,816100,0.0,0.0
2022-06-20 00:00:00-04:00,80.12000274658203,84.01000213623047,80.12000274658203,83.4800033569336,50500,0.0,0.0
2022-06-21 00:00:00-04:00,83.73999786376953,89.6500015258789,83.56999969482422,88.48999786376953,142100,0.0,0.0
2022-06-22 00:00:00-04:00,82.66999816894531,84.3499984741211,80.5,80.56999969482422,113000,0.0,0.0
2022-06-23 00:00:00-04:00,80.98999786376953,80.98999786376953,74.31999969482422,75.18000030517578,113800,0.0,0.0
2022-06-24 00:00:00-04:00,76.45999908447266,79.37999725341797,75.01000213623047,78.48999786376953,93300,0.0,0.0
2022-06-27 00:00:00-04:00,80.0,82.83000183105469,78.75,82.45999908447266,56400,0.0,0.0
2022-06-28 00:00:00-04:00,84.23999786376953,87.55000305175781,84.02999877929688,86.73999786376953,102300,0.0,0.0
2022-06-29 00:00:00-04:00,87.76000213623047,87.76000213623047,83.18000030517578,83.73999786376953,72400,0.0,0.0
2022-06-30 00:00:00-04:00,80.51000213623047,83.72000122070312,79.94000244140625,82.70999908447266,115300,0.0,0.0
2022-07-04 00:00:00-04:00,82.38999938964844,85.5999984741211,82.38999938964844,83.19999694824219,42800,0.0,0.0
2022-07-05 00:00:00-04:00,81.52999877929688,81.9800033569336,71.83999633789062,72.95999908447266,152100,0.0,0.0
2022-07-06 00:00:00-04:00,71.51000213623047,72.6500015258789,66.4800033569336,69.04000091552734,197800,0.0,0.0
2022-07-07 00:00:00-04:00,71.94000244140625,74.2699966430664,71.05000305175781,73.0,145200,0.0,0.0
2022-07-08 00:00:00-04:00,73.58000183105469,75.25,71.69999694824219,73.44000244140625,74300,0.0,0.0
2022-07-11 00:00:00-04:00,72.55000305175781,73.38999938964844,71.4800033569336,72.80999755859375,74600,0.0,0.0
2022-07-12 00:00:00-04:00,70.5,71.80000305175781,70.08999633789062,70.44999694824219,241500,0.0,0.0
2022-07-13 00:00:00-04:00,69.7699966430664,71.58000183105469,68.93000030517578,69.23999786376953,83100,0.0,0.0
2022-07-14 00:00:00-04:00,67.31999969482422,68.37000274658203,64.91000366210938,65.62999725341797,134500,0.0,0.0
2022-07-15 00:00:00-04:00,67.5,69.25,64.81999969482422,68.9800033569336,122100,0.0,0.0
2022-07-18 00:00:00-04:00,71.05999755859375,76.20999908447266,71.05999755859375,75.19999694824219,83400,0.0,0.0
2022-07-19 00:00:00-04:00,76.33999633789062,78.70999908447266,75.01000213623047,77.75,124800,0.0,0.0
2022-07-20 00:00:00-04:00,76.86000061035156,76.88999938964844,74.55999755859375,76.52999877929688,80800,0.0,0.0
2022-07-21 00:00:00-04:00,73.26000213623047,74.58999633789062,71.5199966430664,72.93000030517578,71500,0.0,0.0
2022-07-22 00:00:00-04:00,73.80999755859375,74.95999908447266,72.56999969482422,72.95999908447266,61900,0.0,0.0
2022-07-25 00:00:00-04:00,74.25,78.80999755859375,72.56999969482422,77.87000274658203,90200,0.0,0.0
2022-07-26 00:00:00-04:00,79.91999816894531,80.80000305175781,75.91000366210938,77.69000244140625,81100,0.0,0.0
2022-07-27 00:00:00-04:00,79.75,82.0,77.95999908447266,81.83999633789062,133200,0.0,0.0
2022-07-28 00:00:00-04:00,83.63999938964844,86.91999816894531,83.0199966430664,85.75,140100,0.0,0.0
2022-07-29 00:00:00-04:00,87.52999877929688,88.22000122070312,85.8499984741211,87.27999877929688,88200,0.0,0.0
2022-08-02 00:00:00-04:00,85.43000030517578,89.83000183105469,84.72000122070312,88.94999694824219,156600,0.0,0.0
2022-08-03 00:00:00-04:00,90.2699966430664,90.2699966430664,85.94000244140625,86.20999908447266,154500,0.0,0.0
2022-08-04 00:00:00-04:00,85.0,85.69000244140625,77.97000122070312,78.23999786376953,135800,0.0,0.0
2022-08-05 00:00:00-04:00,77.5999984741211,83.5199966430664,77.2300033569336,81.37000274658203,72500,0.0,0.0
2022-08-08 00:00:00-04:00,81.16999816894531,82.8499984741211,80.87000274658203,81.43000030517578,51500,0.0,0.0
2022-08-09 00:00:00-04:00,81.70999908447266,83.05000305175781,80.80999755859375,81.30000305175781,45400,0.0,0.0
2022-08-10 00:00:00-04:00,80.83000183105469,83.0,79.83000183105469,82.51000213623047,96700,0.0,0.0
2022-08-11 00:00:00-04:00,83.9000015258789,86.20999908447266,83.36000061035156,84.87000274658203,88600,0.0,0.0
2022-08-12 00:00:00-04:00,84.69999694824219,86.26000213623047,83.80000305175781,85.87999725341797,134100,0.0,0.0
2022-08-15 00:00:00-04:00,83.44999694824219,84.86000061035156,81.62999725341797,84.58000183105469,110300,0.0,0.0
2022-08-16 00:00:00-04:00,84.69000244140625,87.33999633789062,84.69000244140625,85.05999755859375,101600,0.0,0.0
2022-08-17 00:00:00-04:00,84.6500015258789,84.95999908447266,80.5999984741211,80.5999984741211,62000,0.0,0.0
2022-08-18 00:00:00-04:00,81.91999816894531,83.98999786376953,81.5999984741211,83.69999694824219,61400,0.0,0.0
2022-08-19 00:00:00-04:00,82.12999725341797,83.3499984741211,81.26000213623047,81.63999938964844,48800,0.0,0.0
2022-08-22 00:00:00-04:00,80.5,81.7300033569336,78.7699966430664,81.55000305175781,54700,0.0,0.0
2022-08-23 00:00:00-04:00,83.18000030517578,86.51000213623047,82.08999633789062,85.47000122070312,77200,0.0,0.0
2022-08-24 00:00:00-04:00,85.51000213623047,88.05000305175781,85.12999725341797,87.69999694824219,68800,0.0,0.0
2022-08-25 00:00:00-04:00,87.9800033569336,89.33000183105469,86.4000015258789,87.0199966430664,71400,0.0,0.0
2022-08-26 00:00:00-04:00,87.0,87.2699966430664,85.08999633789062,85.93000030517578,71600,0.0,0.0
2022-08-29 00:00:00-04:00,85.30999755859375,89.61000061035156,85.30999755859375,89.29000091552734,69000,0.0,0.0
2022-08-30 00:00:00-04:00,88.27999877929688,88.27999877929688,80.72000122070312,82.43000030517578,136400,0.0,0.0
2022-08-31 00:00:00-04:00,81.16000366210938,82.88999938964844,79.63999938964844,80.72000122070312,96300,0.0,0.0
2022-09-01 00:00:00-04:00,79.63999938964844,80.47000122070312,76.86000061035156,79.81999969482422,153400,0.0,0.0
2022-09-02 00:00:00-04:00,81.16999816894531,82.3499984741211,80.68000030517578,81.25,56700,0.0,0.0
2022-09-06 00:00:00-04:00,82.05999755859375,82.45999908447266,78.30999755859375,78.91999816894531,60900,0.0,0.0
2022-09-07 00:00:00-04:00,77.26000213623047,78.12999725341797,75.62999725341797,77.12000274658203,94200,0.0,0.0
2022-09-08 00:00:00-04:00,76.97000122070312,77.7699966430664,74.33999633789062,75.73999786376953,143900,0.0,0.0
2022-09-09 00:00:00-04:00,78.08999633789062,78.83000183105469,76.95999908447266,78.73999786376953,72600,0.0,0.0
2022-09-12 00:00:00-04:00,79.75,80.23999786376953,78.54000091552734,79.33000183105469,63500,0.0,0.0
2022-09-13 00:00:00-04:00,78.01000213623047,80.70999908447266,77.55999755859375,79.7300033569336,87500,0.0,0.0
2022-09-14 00:00:00-04:00,79.9800033569336,84.80999755859375,79.9800033569336,84.29000091552734,81200,0.0,0.0
2022-09-15 00:00:00-04:00,83.0,83.23999786376953,81.19999694824219,82.76000213623047,76400,0.0,0.0
2022-09-16 00:00:00-04:00,81.83000183105469,82.4000015258789,79.66000366210938,81.12999725341797,140600,0.0,0.0
2022-09-19 00:00:00-04:00,78.81999969482422,81.91999816894531,78.54000091552734,81.69999694824219,62100,0.0,0.0
2022-09-20 00:00:00-04:00,82.44999694824219,83.0,80.87000274658203,82.86000061035156,80900,0.0,0.0
2022-09-21 00:00:00-04:00,83.5,84.3499984741211,80.80999755859375,81.0,120500,0.0,0.0
2022-09-22 00:00:00-04:00,82.63999938964844,83.04000091552734,76.16000366210938,76.30000305175781,81100,0.0,0.0
2022-09-23 00:00:00-04:00,73.5999984741211,73.5999984741211,67.80999755859375,68.05000305175781,231500,0.0,0.0
2022-09-26 00:00:00-04:00,67.93000030517578,70.66999816894531,65.68000030517578,65.83999633789062,136500,0.0,0.0
2022-09-27 00:00:00-04:00,67.2699966430664,70.41000366210938,67.1500015258789,69.05999755859375,223700,0.0,0.0
2022-09-28 00:00:00-04:00,69.81999969482422,70.68000030517578,67.87000274658203,70.25,93700,0.0,0.0
2022-09-29 00:00:00-04:00,69.01000213623047,70.0199966430664,66.47000122070312,69.76000213623047,92400,0.0,0.0
2022-09-30 00:00:00-04:00,69.11000061035156,70.93000030517578,67.62999725341797,69.93000030517578,50200,0.0,0.0
2022-10-03 00:00:00-04:00,73.27999877929688,75.5199966430664,73.06999969482422,74.91000366210938,112400,0.0,0.0
2022-10-04 00:00:00-04:00,77.51000213623047,77.5999984741211,75.16999816894531,76.1500015258789,73500,0.0,0.0
2022-10-05 00:00:00-04:00,76.26000213623047,79.61000061035156,75.05999755859375,79.36000061035156,74200,0.0,0.0
2022-10-06 00:00:00-04:00,78.4000015258789,81.62999725341797,78.4000015258789,81.38999938964844,58300,0.0,0.0
2022-10-07 00:00:00-04:00,81.6500015258789,82.52999877929688,78.06999969482422,78.55000305175781,55100,0.0,0.0
2022-10-11 00:00:00-04:00,77.36000061035156,77.36000061035156,73.83000183105469,75.31999969482422,93200,0.0,0.0
2022-10-12 00:00:00-04:00,74.5,75.31999969482422,72.0,74.83999633789062,64900,0.0,0.0
2022-10-13 00:00:00-04:00,74.25,78.88999938964844,73.08000183105469,78.58999633789062,101300,0.0,0.0
2022-10-14 00:00:00-04:00,77.11000061035156,79.0199966430664,76.88999938964844,77.5,89200,0.0,0.0
2022-10-17 00:00:00-04:00,78.75,80.5999984741211,78.22000122070312,78.41000366210938,66000,0.0,0.0
2022-10-18 00:00:00-04:00,78.1500015258789,81.31999969482422,78.1500015258789,81.0199966430664,143000,0.0,0.0
2022-10-19 00:00:00-04:00,81.55000305175781,87.77999877929688,81.4800033569336,86.44000244140625,145500,0.0,0.0
2022-10-20 00:00:00-04:00,87.30000305175781,87.33000183105469,84.33999633789062,84.7300033569336,119100,0.0,0.0
2022-10-21 00:00:00-04:00,84.76000213623047,85.16000366210938,82.30999755859375,84.2300033569336,133100,0.0,0.0
2022-10-24 00:00:00-04:00,83.06999969482422,85.36000061035156,82.94999694824219,83.68000030517578,92300,0.0,0.0
2022-10-25 00:00:00-04:00,83.06999969482422,87.16000366210938,82.45999908447266,86.94999694824219,125100,0.0,0.0
2022-10-26 00:00:00-04:00,87.30999755859375,94.6500015258789,87.30999755859375,92.87999725341797,163200,0.0,0.0
2022-10-27 00:00:00-04:00,97.01000213623047,100.0,90.66000366210938,91.41999816894531,120500,0.0,0.0
2022-10-28 00:00:00-04:00,92.80000305175781,97.87000274658203,92.79000091552734,97.55000305175781,161400,0.0,0.0
2022-10-31 00:00:00-04:00,96.19999694824219,101.4000015258789,95.2300033569336,100.5,216700,0.0,0.0
2022-11-01 00:00:00-04:00,102.69000244140625,106.55999755859375,102.58999633789062,106.55999755859375,108900,0.0,0.0
2022-11-02 00:00:00-04:00,106.98999786376953,108.94999694824219,103.9800033569336,104.2699966430664,152700,0.0,0.0
2022-11-03 00:00:00-04:00,103.61000061035156,108.30999755859375,103.44000244140625,107.11000061035156,91000,0.0,0.0
2022-11-04 00:00:00-04:00,108.98999786376953,110.37000274658203,105.9800033569336,106.76000213623047,101900,0.0,0.0
2022-11-07 00:00:00-05:00,107.55999755859375,110.62000274658203,107.29000091552734,110.45999908447266,118600,0.0,0.0
2022-11-08 00:00:00-05:00,110.55000305175781,112.62999725341797,108.87000274658203,112.23999786376953,124900,0.0,0.0
2022-11-09 00:00:00-05:00,111.79000091552734,111.79000091552734,105.1500015258789,106.18000030517578,163200,0.0,0.0
2022-11-10 00:00:00-05:00,107.75,111.61000061035156,106.29000091552734,111.41999816894531,110500,0.0,0.0
2022-11-11 00:00:00-05:00,112.94000244140625,116.0,110.54000091552734,110.80000305175781,116600,0.0,0.0
2022-11-14 00:00:00-05:00,110.58000183105469,112.41999816894531,109.69999694824219,111.29000091552734,75000,0.0,0.0
2022-11-15 00:00:00-05:00,111.27999877929688,111.29000091552734,108.55000305175781,110.93000030517578,101000,0.0,0.0
2022-11-16 00:00:00-05:00,110.69999694824219,110.72000122070312,107.41999816894531,109.45999908447266,103700,0.0,0.0
2022-11-17 00:00:00-05:00,108.0,108.72000122070312,105.26000213623047,107.83000183105469,107000,0.0,0.0
2022-11-18 00:00:00-05:00,105.41000366210938,107.44000244140625,103.79000091552734,106.31999969482422,120400,0.0,0.0
2022-11-21 00:00:00-05:00,105.0,105.0,98.83999633789062,104.1500015258789,186700,0.0,0.0
2022-11-22 00:00:00-05:00,106.22000122070312,109.88999938964844,105.06999969482422,109.88999938964844,81400,0.0,0.0
2022-11-23 00:00:00-05:00,106.5199966430664,109.3499984741211,106.5199966430664,108.33000183105469,56800,0.0,0.0
2022-11-24 00:00:00-05:00,108.48999786376953,109.51000213623047,107.93000030517578,109.16000366210938,24800,0.0,0.0
2022-11-25 00:00:00-05:00,109.5,109.5,107.5,108.16999816894531,45900,0.0,0.0
2022-11-28 00:00:00-05:00,106.0,106.22000122070312,103.20999908447266,103.63999938964844,107100,0.0,0.0
2022-11-29 00:00:00-05:00,105.05000305175781,107.31999969482422,104.75,106.30999755859375,48300,0.0,0.0
2022-11-30 00:00:00-05:00,106.93000030517578,108.30000305175781,105.8499984741211,107.4000015258789,70500,0.0,0.0
2022-12-01 00:00:00-05:00,108.5,109.61000061035156,105.76000213623047,106.0199966430664,48600,0.0,0.0
2022-12-02 00:00:00-05:00,105.91000366210938,108.68000030517578,105.0,108.22000122070312,46000,0.0,0.0
2022-12-05 00:00:00-05:00,109.11000061035156,110.38999938964844,104.30000305175781,104.51000213623047,66000,0.0,0.0
2022-12-06 00:00:00-05:00,104.5,106.61000061035156,101.30000305175781,101.4000015258789,100600,0.0,0.0
2022-12-07 00:00:00-05:00,102.0199966430664,103.23999786376953,100.58999633789062,100.91999816894531,48200,0.0,0.0
2022-12-08 00:00:00-05:00,102.48999786376953,103.33000183105469,98.75,99.75,51700,0.0,0.0
2022-12-09 00:00:00-05:00,98.98999786376953,100.0999984741211,97.5,97.54000091552734,41700,0.0,0.0
2022-12-12 00:00:00-05:00,97.8499984741211,101.41000366210938,97.80999755859375,99.70999908447266,85000,0.0,0.0
2022-12-13 00:00:00-05:00,102.16999816894531,102.44999694824219,100.25,101.81999969482422,55400,0.0,0.0
2022-12-14 00:00:00-05:00,101.91000366210938,103.58999633789062,99.29000091552734,102.62000274658203,55600,0.0,0.0
2022-12-15 00:00:00-05:00,101.1500015258789,101.98999786376953,98.91000366210938,101.66000366210938,45600,0.0,0.0
2022-12-16 00:00:00-05:00,99.05000305175781,100.52999877929688,98.0,100.06999969482422,80000,0.0,0.0
2022-12-19 00:00:00-05:00,101.19999694824219,103.1500015258789,99.0999984741211,99.80000305175781,71200,0.0,0.0
2022-12-20 00:00:00-05:00,99.58999633789062,101.0999984741211,98.38999938964844,100.37999725341797,73500,0.0,0.0
2022-12-21 00:00:00-05:00,102.05000305175781,106.2699966430664,101.33999633789062,106.04000091552734,65800,0.0,0.0
2022-12-22 00:00:00-05:00,107.01000213623047,107.01000213623047,101.0,102.13999938964844,46600,0.0,0.0
2022-12-23 00:00:00-05:00,102.62999725341797,105.26000213623047,102.16000366210938,105.18000030517578,49900,0.0,0.0
2022-12-28 00:00:00-05:00,105.20999908447266,105.22000122070312,100.54000091552734,101.16999816894531,38400,0.0,0.0
2022-12-29 00:00:00-05:00,101.0,104.47000122070312,100.01000213623047,103.94999694824219,35900,0.0,0.0
2022-12-30 00:00:00-05:00,103.76000213623047,104.16000366210938,102.5999984741211,103.70999908447266,32900,0.0,0.0
2023-01-03 00:00:00-05:00,103.29000091552734,103.77999877929688,95.0,96.26000213623047,94400,0.0,0.0
2023-01-04 00:00:00-05:00,94.94999694824219,96.70999908447266,94.02999877929688,95.63999938964844,93300,0.0,0.0
2023-01-05 00:00:00-05:00,96.44999694824219,100.0,95.12000274658203,98.87000274658203,103300,0.0,0.0
2023-01-06 00:00:00-05:00,101.0,101.94000244140625,98.44999694824219,98.98999786376953,70200,0.0,0.0
2023-01-09 00:00:00-05:00,101.77999877929688,106.66000366210938,101.19000244140625,103.02999877929688,82700,0.0,0.0
2023-01-10 00:00:00-05:00,103.02999877929688,105.36000061035156,100.88999938964844,105.18000030517578,60100,0.0,0.0
2023-01-11 00:00:00-05:00,105.48999786376953,107.0,105.43000030517578,106.44000244140625,53500,0.0,0.0
2023-01-12 00:00:00-05:00,106.76000213623047,109.47000122070312,106.19999694824219,108.43000030517578,63200,0.0,0.0
2023-01-13 00:00:00-05:00,109.9000015258789,109.9000015258789,107.0,109.16000366210938,37800,0.0,0.0
2023-01-16 00:00:00-05:00,109.04000091552734,111.0,109.04000091552734,110.41000366210938,15000,0.0,0.0
2023-01-17 00:00:00-05:00,111.38999938964844,112.22000122070312,108.98999786376953,109.69999694824219,85300,0.0,0.0
2023-01-18 00:00:00-05:00,110.70999908447266,111.88999938964844,109.0,109.9800033569336,71600,0.0,0.0
2023-01-19 00:00:00-05:00,109.94000244140625,116.5999984741211,108.51000213623047,113.93000030517578,117700,0.0,0.0
2023-01-20 00:00:00-05:00,114.26000213623047,116.58999633789062,112.93000030517578,114.5,71000,0.0,0.0
2023-01-23 00:00:00-05:00,114.5199966430664,114.83000183105469,112.5999984741211,113.0,43900,0.0,0.0
2023-01-24 00:00:00-05:00,112.69999694824219,112.81999969482422,109.76000213623047,110.55999755859375,46900,0.0,0.0
2023-01-25 00:00:00-05:00,110.08000183105469,112.98999786376953,108.44999694824219,112.98999786376953,43900,0.0,0.0
2023-01-26 00:00:00-05:00,114.81999969482422,114.81999969482422,108.4000015258789,109.62000274658203,110200,0.0,0.0
2023-01-27 00:00:00-05:00,109.5,110.70999908447266,107.55999755859375,108.01000213623047,73700,0.0,0.0
2023-01-30 00:00:00-05:00,106.98999786376953,108.2300033569336,105.41999816894531,106.30999755859375,127100,0.0,0.0
2023-01-31 00:00:00-05:00,104.47000122070312,106.93000030517578,104.12000274658203,106.05999755859375,133500,0.0,0.0
2023-02-01 00:00:00-05:00,105.94999694824219,106.12999725341797,101.48999786376953,103.87000274658203,96400,0.0,0.0
2023-02-02 00:00:00-05:00,103.47000122070312,103.47000122070312,94.04000091552734,95.75,215800,0.0,0.0
2023-02-03 00:00:00-05:00,96.48999786376953,100.48999786376953,96.0199966430664,99.11000061035156,115600,0.0,0.0
2023-02-06 00:00:00-05:00,99.16000366210938,99.37000274658203,94.76000213623047,95.63999938964844,89100,0.0,0.0
2023-02-07 00:00:00-05:00,96.2699966430664,96.5199966430664,94.91999816894531,96.0,93600,0.0,0.0
2023-02-08 00:00:00-05:00,96.75,98.16999816894531,96.01000213623047,96.94999694824219,151700,0.0,0.0
2023-02-09 00:00:00-05:00,96.6500015258789,96.6500015258789,82.56999969482422,83.30000305175781,523200,0.0,0.0
2023-02-10 00:00:00-05:00,84.48999786376953,86.95999908447266,79.76000213623047,86.70999908447266,565100,0.0,0.0
2023-02-13 00:00:00-05:00,86.5199966430664,88.7300033569336,83.54000091552734,87.06999969482422,199500,0.0,0.0
2023-02-14 00:00:00-05:00,86.6500015258789,88.08000183105469,84.45999908447266,84.5999984741211,116400,0.0,0.0
2023-02-15 00:00:00-05:00,83.69000244140625,84.16999816894531,80.11000061035156,81.19999694824219,246600,0.0,0.0
2023-02-16 00:00:00-05:00,81.26000213623047,84.69999694824219,81.08000183105469,84.06999969482422,145500,0.0,0.0
2023-02-17 00:00:00-05:00,82.68000030517578,83.47000122070312,80.13999938964844,80.13999938964844,159100,0.0,0.0
2023-02-21 00:00:00-05:00,80.13999938964844,80.9800033569336,76.69999694824219,76.91999816894531,112600,0.0,0.0
2023-02-22 00:00:00-05:00,76.5,77.80000305175781,74.75,75.37999725341797,143900,0.0,0.0
2023-02-23 00:00:00-05:00,76.73999786376953,77.66999816894531,74.91999816894531,77.06999969482422,94900,0.0,0.0
2023-02-24 00:00:00-05:00,76.06999969482422,77.6500015258789,75.30999755859375,77.31999969482422,64100,0.0,0.0
2023-02-27 00:00:00-05:00,77.94000244140625,78.93000030517578,76.80000305175781,78.22000122070312,62100,0.0,0.0
2023-02-28 00:00:00-05:00,79.37999725341797,79.76000213623047,77.77999877929688,77.80000305175781,82000,0.0,0.0
2023-03-01 00:00:00-05:00,78.19999694824219,79.7300033569336,77.44999694824219,79.2699966430664,58600,0.0,0.0
2023-03-02 00:00:00-05:00,79.27999877929688,80.47000122070312,78.04000091552734,80.41000366210938,105600,0.0,0.0
2023-03-03 00:00:00-05:00,79.56999969482422,82.30000305175781,78.79000091552734,81.58000183105469,119400,0.0,0.0
2023-03-06 00:00:00-05:00,81.56999969482422,82.5999984741211,80.41000366210938,82.1500015258789,79000,0.0,0.0
2023-03-07 00:00:00-05:00,82.1500015258789,83.27999877929688,80.63999938964844,81.13999938964844,110500,0.0,0.0
2023-03-08 00:00:00-05:00,81.0999984741211,82.77999877929688,78.98999786376953,79.61000061035156,153400,0.0,0.0
2023-03-09 00:00:00-05:00,79.61000061035156,80.94999694824219,76.62000274658203,77.26000213623047,115700,0.0,0.0
2023-03-10 00:00:00-05:00,77.18000030517578,77.18000030517578,74.70999908447266,75.26000213623047,106800,0.0,0.0
2023-03-13 00:00:00-04:00,72.98999786376953,74.81999969482422,71.47000122070312,72.25,162900,0.0,0.0
2023-03-14 00:00:00-04:00,72.1500015258789,72.83000183105469,68.25,69.26000213623047,173700,0.0,0.0
2023-03-15 00:00:00-04:00,66.61000061035156,66.87000274658203,63.040000915527344,64.87999725341797,174400,0.0,0.0
2023-03-16 00:00:00-04:00,64.18000030517578,66.26000213623047,62.59000015258789,66.04000091552734,198500,0.0,0.0
2023-03-17 00:00:00-04:00,65.83000183105469,65.83000183105469,61.790000915527344,62.150001525878906,310300,0.0,0.0
2023-03-20 00:00:00-04:00,62.15999984741211,64.44000244140625,61.849998474121094,62.81999969482422,137300,0.0,0.0
2023-03-21 00:00:00-04:00,64.20999908447266,69.44000244140625,64.20999908447266,68.27999877929688,165400,0.0,0.0
2023-03-22 00:00:00-04:00,68.41000366210938,68.48999786376953,66.55000305175781,67.12000274658203,145000,0.0,0.0
2023-03-23 00:00:00-04:00,67.1500015258789,68.9000015258789,65.81999969482422,66.55999755859375,125600,0.0,0.0
2023-03-24 00:00:00-04:00,64.95999908447266,66.87999725341797,64.7300033569336,66.62999725341797,63200,0.0,0.0
2023-03-27 00:00:00-04:00,68.04000091552734,68.05000305175781,65.54000091552734,67.61000061035156,143800,0.0,0.0
2023-03-28 00:00:00-04:00,67.5999984741211,69.91000366210938,66.98999786376953,68.02999877929688,130800,0.0,0.0
2023-03-29 00:00:00-04:00,69.8499984741211,71.68000030517578,69.37999725341797,71.41999816894531,116600,0.0,0.0
2023-03-30 00:00:00-04:00,72.61000061035156,72.61000061035156,69.16000366210938,69.75,72000,0.0,0.0
2023-03-31 00:00:00-04:00,69.7699966430664,69.7699966430664,68.3499984741211,69.44999694824219,66300,0.0,0.0
2023-04-03 00:00:00-04:00,71.26000213623047,76.18000030517578,71.0999984741211,72.36000061035156,134700,0.0,0.0
2023-04-04 00:00:00-04:00,73.31999969482422,73.31999969482422,70.55000305175781,71.11000061035156,87200,0.0,0.0
2023-04-05 00:00:00-04:00,70.41999816894531,71.62999725341797,69.13999938964844,70.93000030517578,73500,0.0,0.0
2023-04-06 00:00:00-04:00,70.7699966430664,70.87999725341797,67.95999908447266,68.31999969482422,123000,0.0,0.0
2023-04-10 00:00:00-04:00,67.81999969482422,69.72000122070312,67.81999969482422,68.44999694824219,75800,0.0,0.0
2023-04-11 00:00:00-04:00,68.2699966430664,69.33999633789062,67.62000274658203,68.19000244140625,84800,0.0,0.0
2023-04-12 00:00:00-04:00,68.87000274658203,69.22000122070312,67.29000091552734,67.9000015258789,106400,0.0,0.0
2023-04-13 00:00:00-04:00,67.4000015258789,69.58999633789062,67.4000015258789,68.91999816894531,68300,0.0,0.0
2023-04-14 00:00:00-04:00,68.73999786376953,69.75,68.5,69.44999694824219,81700,0.0,0.0
2023-04-17 00:00:00-04:00,69.2699966430664,69.30999755859375,67.05000305175781,67.30000305175781,61800,0.0,0.0
2023-04-18 00:00:00-04:00,67.05000305175781,68.61000061035156,66.44999694824219,68.48999786376953,84300,0.0,0.0
2023-04-19 00:00:00-04:00,67.4000015258789,68.97000122070312,66.63999938964844,68.86000061035156,75000,0.0,0.0
2023-04-20 00:00:00-04:00,68.27999877929688,68.5999984741211,67.33000183105469,68.19999694824219,51900,0.0,0.0
2023-04-21 00:00:00-04:00,68.5199966430664,68.63999938964844,67.02999877929688,67.1500015258789,76400,0.0,0.0
2023-04-24 00:00:00-04:00,67.3499984741211,70.54000091552734,67.3499984741211,69.95999908447266,97400,0.0,0.0
2023-04-25 00:00:00-04:00,69.52999877929688,69.62000274658203,66.94999694824219,67.83000183105469,112100,0.0,0.0
2023-04-26 00:00:00-04:00,72.0,72.2699966430664,67.6500015258789,71.38999938964844,244600,0.0,0.0
2023-04-27 00:00:00-04:00,71.56999969482422,71.56999969482422,68.27999877929688,68.48999786376953,240800,0.0,0.0
2023-04-28 00:00:00-04:00,69.70999908447266,69.70999908447266,66.80000305175781,67.48999786376953,114500,0.0,0.0
2023-05-01 00:00:00-04:00,66.80000305175781,67.06999969482422,64.83999633789062,65.68000030517578,153000,0.0,0.0
2023-05-02 00:00:00-04:00,65.19999694824219,65.19999694824219,61.709999084472656,62.0,249400,0.0,0.0
2023-05-03 00:00:00-04:00,61.40999984741211,62.400001525878906,60.68000030517578,61.66999816894531,115600,0.0,0.0
2023-05-04 00:00:00-04:00,61.779998779296875,62.310001373291016,60.540000915527344,61.84000015258789,75200,0.0,0.0
2023-05-05 00:00:00-04:00,62.810001373291016,65.7699966430664,62.810001373291016,65.13999938964844,115500,0.0,0.0
2023-05-08 00:00:00-04:00,66.1500015258789,66.81999969482422,64.5,64.5,84800,0.0,0.0
2023-05-09 00:00:00-04:00,64.3499984741211,65.33000183105469,63.369998931884766,64.47000122070312,110200,0.0,0.0
2023-05-10 00:00:00-04:00,64.86000061035156,64.86000061035156,62.56999969482422,62.81999969482422,49800,0.0,0.0
2023-05-11 00:00:00-04:00,62.400001525878906,62.400001525878906,60.59000015258789,61.790000915527344,103300,0.0,0.0
2023-05-12 00:00:00-04:00,61.970001220703125,63.29999923706055,61.86000061035156,62.45000076293945,33000,0.0,0.0
2023-05-15 00:00:00-04:00,62.599998474121094,63.959999084472656,62.130001068115234,63.63999938964844,79300,0.0,0.0
2023-05-16 00:00:00-04:00,63.290000915527344,63.40999984741211,61.0,61.31999969482422,92200,0.0,0.0
2023-05-17 00:00:00-04:00,62.02000045776367,63.630001068115234,61.33000183105469,62.77000045776367,66000,0.0,0.0
2023-05-18 00:00:00-04:00,62.720001220703125,63.77000045776367,61.93000030517578,63.58000183105469,31200,0.0,0.0
2023-05-19 00:00:00-04:00,64.48999786376953,64.54000091552734,62.59000015258789,62.72999954223633,45200,0.0,0.0
2023-05-23 00:00:00-04:00,64.19999694824219,64.19999694824219,62.619998931884766,62.689998626708984,46000,0.0,0.0
2023-05-24 00:00:00-04:00,63.36000061035156,63.790000915527344,62.31999969482422,63.58000183105469,48300,0.0,0.0
2023-05-25 00:00:00-04:00,62.869998931884766,62.869998931884766,61.08000183105469,62.04999923706055,54200,0.0,0.0
2023-05-26 00:00:00-04:00,62.439998626708984,62.560001373291016,60.58000183105469,60.61000061035156,51600,0.0,0.0
2023-05-29 00:00:00-04:00,60.40999984741211,61.119998931884766,60.400001525878906,60.90999984741211,12700,0.0,0.0
2023-05-30 00:00:00-04:00,60.11000061035156,60.119998931884766,57.880001068115234,58.849998474121094,110500,0.0,0.0
2023-05-31 00:00:00-04:00,57.220001220703125,58.13999938964844,56.41999816894531,57.15999984741211,100200,0.0,0.0
2023-06-01 00:00:00-04:00,56.650001525878906,59.959999084472656,56.61000061035156,58.779998779296875,53400,0.0,0.0
2023-06-02 00:00:00-04:00,59.70000076293945,62.310001373291016,59.70000076293945,61.720001220703125,69800,0.0,0.0
2023-06-05 00:00:00-04:00,62.38999938964844,62.45000076293945,60.5,60.72999954223633,66400,0.0,0.0
2023-06-06 00:00:00-04:00,60.0,61.31999969482422,59.900001525878906,60.75,40300,0.0,0.0
2023-06-07 00:00:00-04:00,61.5,63.849998474121094,61.5,63.279998779296875,77000,0.0,0.0
2023-06-08 00:00:00-04:00,63.09000015258789,63.310001373291016,60.41999816894531,61.599998474121094,68600,0.0,0.0
2023-06-09 00:00:00-04:00,60.93000030517578,62.0099983215332,60.279998779296875,61.439998626708984,44600,0.0,0.0
2023-06-12 00:00:00-04:00,60.5099983215332,61.15999984741211,59.59000015258789,60.70000076293945,42700,0.0,0.0
2023-06-13 00:00:00-04:00,60.70000076293945,64.16000366210938,60.599998474121094,61.86000061035156,70500,0.0,0.0
2023-06-14 00:00:00-04:00,62.2599983215332,62.27000045776367,59.58000183105469,60.33000183105469,58200,0.0,0.0
2023-06-15 00:00:00-04:00,60.630001068115234,63.380001068115234,60.59000015258789,62.779998779296875,80400,0.0,0.0
2023-06-16 00:00:00-04:00,63.40999984741211,63.40999984741211,61.790000915527344,62.220001220703125,86100,0.0,0.0
2023-06-19 00:00:00-04:00,62.13999938964844,62.13999938964844,61.2599983215332,61.689998626708984,13500,0.0,0.0
2023-06-20 00:00:00-04:00,61.599998474121094,61.61000061035156,60.0,60.91999816894531,50900,0.0,0.0
2023-06-21 00:00:00-04:00,60.970001220703125,62.439998626708984,60.970001220703125,61.380001068115234,31300,0.0,0.0
2023-06-22 00:00:00-04:00,60.189998626708984,61.150001525878906,59.810001373291016,60.560001373291016,62100,0.0,0.0
2023-06-23 00:00:00-04:00,59.63999938964844,61.54999923706055,59.349998474121094,60.310001373291016,54500,0.0,0.0
2023-06-26 00:00:00-04:00,60.0099983215332,62.470001220703125,59.90999984741211,60.77000045776367,36200,0.0,0.0
2023-06-27 00:00:00-04:00,60.7599983215332,61.189998626708984,60.0,60.630001068115234,44200,0.0,0.0
2023-06-28 00:00:00-04:00,60.70000076293945,62.0,59.93000030517578,61.81999969482422,56700,0.0,0.0
2023-06-29 00:00:00-04:00,61.52000045776367,64.3499984741211,61.52000045776367,63.849998474121094,54000,0.0,0.0
2023-06-30 00:00:00-04:00,63.790000915527344,65.55999755859375,62.70000076293945,64.66999816894531,83200,0.0,0.0
2023-07-04 00:00:00-04:00,66.0,66.18000030517578,65.01000213623047,65.44999694824219,12600,0.0,0.0
2023-07-05 00:00:00-04:00,65.54000091552734,65.87999725341797,64.44000244140625,65.54000091552734,92400,0.0,0.0
2023-07-06 00:00:00-04:00,64.94999694824219,64.94999694824219,61.810001373291016,63.869998931884766,79000,0.0,0.0
2023-07-07 00:00:00-04:00,63.63999938964844,68.61000061035156,63.63999938964844,67.88999938964844,91400,0.0,0.0
2023-07-10 00:00:00-04:00,67.6500015258789,68.04000091552734,65.93000030517578,66.27999877929688,51600,0.0,0.0
2023-07-11 00:00:00-04:00,66.68000030517578,67.98999786376953,65.9800033569336,67.98999786376953,51900,0.0,0.0
2023-07-12 00:00:00-04:00,68.62999725341797,70.33999633789062,68.62999725341797,69.06999969482422,105800,0.0,0.0
2023-07-13 00:00:00-04:00,68.87999725341797,72.44999694824219,67.87000274658203,72.20999908447266,131500,0.0,0.0
2023-07-14 00:00:00-04:00,72.0,72.0,69.37999725341797,69.52999877929688,57000,0.0,0.0
2023-07-17 00:00:00-04:00,69.45999908447266,71.91999816894531,68.55000305175781,71.08999633789062,70100,0.0,0.0
2023-07-18 00:00:00-04:00,71.9800033569336,75.93000030517578,71.97000122070312,74.69999694824219,93900,0.0,0.0
2023-07-19 00:00:00-04:00,75.29000091552734,76.98999786376953,74.44000244140625,75.16999816894531,92900,0.0,0.0
2023-07-20 00:00:00-04:00,75.0,75.01000213623047,72.9800033569336,74.52999877929688,62600,0.0,0.0
2023-07-21 00:00:00-04:00,74.61000061035156,75.48999786376953,74.08999633789062,75.44999694824219,46600,0.0,0.0
2023-07-24 00:00:00-04:00,75.47000122070312,76.55999755859375,74.9000015258789,76.4000015258789,67000,0.0,0.0
2023-07-25 00:00:00-04:00,76.44999694824219,78.8499984741211,76.19000244140625,78.2699966430664,74400,0.0,0.0
2023-07-26 00:00:00-04:00,78.29000091552734,79.08999633789062,77.11000061035156,78.19000244140625,204900,0.0,0.0
2023-07-27 00:00:00-04:00,80.27999877929688,84.58000183105469,79.33999633789062,83.69999694824219,187500,0.0,0.0
2023-07-28 00:00:00-04:00,84.77999877929688,87.7300033569336,84.69999694824219,87.31999969482422,157600,0.0,0.0
2023-07-31 00:00:00-04:00,87.55000305175781,89.12999725341797,87.33999633789062,87.56999969482422,95200,0.0,0.0
2023-08-01 00:00:00-04:00,87.43000030517578,87.5,84.5,85.45999908447266,81800,0.0,0.0
2023-08-02 00:00:00-04:00,85.5,86.80000305175781,83.63999938964844,86.7699966430664,156800,0.0,0.0
2023-08-03 00:00:00-04:00,87.58000183105469,88.12999725341797,86.4800033569336,87.95999908447266,83600,0.0,0.0
2023-08-04 00:00:00-04:00,87.68000030517578,89.44999694824219,87.5,88.80000305175781,60100,0.0,0.0
2023-08-08 00:00:00-04:00,88.44999694824219,90.1500015258789,87.48999786376953,90.08999633789062,78300,0.0,0.0
2023-08-09 00:00:00-04:00,90.54000091552734,92.2699966430664,89.5999984741211,89.7300033569336,120700,0.0,0.0
2023-08-10 00:00:00-04:00,89.98999786376953,90.27999877929688,88.91000366210938,89.8499984741211,63900,0.0,0.0
2023-08-11 00:00:00-04:00,89.81999969482422,90.9000015258789,89.81999969482422,90.44999694824219,38400,0.0,0.0
2023-08-14 00:00:00-04:00,90.27999877929688,90.27999877929688,88.47000122070312,89.36000061035156,47900,0.0,0.0
2023-08-15 00:00:00-04:00,87.80999755859375,88.3499984741211,86.86000061035156,87.88999938964844,64100,0.0,0.0
2023-08-16 00:00:00-04:00,88.08000183105469,89.5,87.25,87.8499984741211,73100,0.0,0.0
2023-08-17 00:00:00-04:00,88.02999877929688,89.61000061035156,86.7300033569336,87.29000091552734,75200,0.0,0.0
2023-08-18 00:00:00-04:00,87.02999877929688,88.91999816894531,86.8499984741211,88.43000030517578,52900,0.0,0.0
2023-08-21 00:00:00-04:00,88.56999969482422,89.58000183105469,87.94999694824219,89.25,31900,0.0,0.0
2023-08-22 00:00:00-04:00,89.48999786376953,89.9800033569336,88.87000274658203,89.12999725341797,64400,0.0,0.0
2023-08-23 00:00:00-04:00,88.63999938964844,89.41999816894531,86.45999908447266,88.51000213623047,68300,0.0,0.0
2023-08-24 00:00:00-04:00,87.61000061035156,88.87999725341797,85.9800033569336,86.87999725341797,215600,0.0,0.0
2023-08-25 00:00:00-04:00,87.2699966430664,88.58000183105469,86.88999938964844,87.8499984741211,83800,0.0,0.0
2023-08-28 00:00:00-04:00,87.62999725341797,89.72000122070312,87.54000091552734,88.94000244140625,73500,0.0,0.0
2023-08-29 00:00:00-04:00,89.69000244140625,90.62999725341797,88.01000213623047,89.4800033569336,60400,0.0,0.0
2023-08-30 00:00:00-04:00,90.5999984741211,90.5999984741211,88.37999725341797,88.86000061035156,89600,0.0,0.0
2023-08-31 00:00:00-04:00,89.0,89.5,87.6500015258789,89.12999725341797,67500,0.0,0.0
2023-09-01 00:00:00-04:00,89.95999908447266,93.58000183105469,89.95999908447266,92.58000183105469,123800,0.0,0.0
2023-09-05 00:00:00-04:00,92.69999694824219,93.5999984741211,91.2300033569336,91.75,87200,0.0,0.0
2023-09-06 00:00:00-04:00,91.95999908447266,92.68000030517578,90.01000213623047,91.37000274658203,63400,0.0,0.0
2023-09-07 00:00:00-04:00,90.58999633789062,94.47000122070312,90.58999633789062,93.93000030517578,84600,0.0,0.0
2023-09-08 00:00:00-04:00,94.98999786376953,100.2300033569336,94.7699966430664,95.66999816894531,169500,0.0,0.0
2023-09-11 00:00:00-04:00,96.88999938964844,97.0,93.56999969482422,93.62999725341797,77800,0.0,0.0
2023-09-12 00:00:00-04:00,94.13999938964844,98.08000183105469,94.13999938964844,97.68000030517578,78500,0.0,0.0
2023-09-13 00:00:00-04:00,98.02999877929688,98.55000305175781,96.62999725341797,97.51000213623047,68300,0.0,0.0
2023-09-14 00:00:00-04:00,98.2699966430664,98.87000274658203,97.22000122070312,97.2699966430664,54400,0.0,0.0
2023-09-15 00:00:00-04:00,98.06999969482422,98.87000274658203,97.0,97.91999816894531,91400,0.0,0.0
2023-09-18 00:00:00-04:00,98.81999969482422,99.80999755859375,97.37000274658203,97.37000274658203,71500,0.0,0.0
2023-09-19 00:00:00-04:00,97.58999633789062,97.62999725341797,92.97000122070312,94.0999984741211,103900,0.0,0.0
2023-09-20 00:00:00-04:00,93.91000366210938,95.16000366210938,92.33999633789062,92.33999633789062,70000,0.0,0.0
2023-09-21 00:00:00-04:00,93.0,93.0,90.47000122070312,90.66999816894531,55200,0.0,0.0
2023-09-22 00:00:00-04:00,91.22000122070312,92.4000015258789,90.4000015258789,90.41999816894531,52500,0.0,0.0
2023-09-25 00:00:00-04:00,90.01000213623047,92.66999816894531,89.56999969482422,91.8499984741211,37500,0.0,0.0
2023-09-26 00:00:00-04:00,91.48999786376953,92.37000274658203,90.08000183105469,90.19999694824219,48700,0.0,0.0
2023-09-27 00:00:00-04:00,91.11000061035156,93.12999725341797,91.11000061035156,92.30000305175781,82300,0.0,0.0
2023-09-28 00:00:00-04:00,91.51000213623047,94.25,91.51000213623047,93.04000091552734,95600,0.0,0.0
2023-09-29 00:00:00-04:00,93.23999786376953,93.23999786376953,89.45999908447266,91.01000213623047,73300,0.0,0.0
2023-10-02 00:00:00-04:00,91.04000091552734,91.04000091552734,84.22000122070312,84.62000274658203,110900,0.0,0.0
2023-10-03 00:00:00-04:00,83.33000183105469,86.5199966430664,83.0,85.63999938964844,62500,0.0,0.0
2023-10-04 00:00:00-04:00,84.4800033569336,84.4800033569336,80.19000244140625,80.95999908447266,66600,0.0,0.0
2023-10-05 00:00:00-04:00,80.51000213623047,82.04000091552734,79.62999725341797,79.95999908447266,58600,0.0,0.0
2023-10-06 00:00:00-04:00,80.66999816894531,81.69999694824219,78.0199966430664,81.1500015258789,53500,0.0,0.0
2023-10-10 00:00:00-04:00,84.86000061035156,85.22000122070312,83.45999908447266,84.5,204700,0.0,0.0
2023-10-11 00:00:00-04:00,84.48999786376953,84.52999877929688,83.3499984741211,84.5199966430664,114700,0.0,0.0
2023-10-12 00:00:00-04:00,84.66999816894531,84.69999694824219,82.36000061035156,83.70999908447266,79000,0.0,0.0
2023-10-13 00:00:00-04:00,84.55999755859375,85.5,83.41999816894531,84.16999816894531,75700,0.0,0.0
2023-10-16 00:00:00-04:00,84.81999969482422,85.62999725341797,83.30000305175781,84.5999984741211,72800,0.0,0.0
2023-10-17 00:00:00-04:00,84.4800033569336,86.5,84.4800033569336,85.9800033569336,63000,0.0,0.0
2023-10-18 00:00:00-04:00,86.01000213623047,86.19999694824219,83.51000213623047,84.31999969482422,68400,0.0,0.0
2023-10-19 00:00:00-04:00,83.2300033569336,85.55999755859375,81.48999786376953,84.05000305175781,66100,0.0,0.0
2023-10-20 00:00:00-04:00,83.80000305175781,83.80000305175781,79.87999725341797,82.48999786376953,77900,0.0,0.0
2023-10-23 00:00:00-04:00,81.79000091552734,83.23999786376953,80.91999816894531,82.22000122070312,94300,0.0,0.0
2023-10-24 00:00:00-04:00,82.16999816894531,84.22000122070312,81.41999816894531,82.7300033569336,101200,0.0,0.0
2023-10-25 00:00:00-04:00,82.5199966430664,84.19999694824219,82.0,83.0199966430664,72600,0.0,0.0
2023-10-26 00:00:00-04:00,81.2300033569336,81.23999786376953,77.75,80.0,180700,0.0,0.0
2023-10-27 00:00:00-04:00,80.02999877929688,83.05999755859375,80.0,80.11000061035156,134000,0.0,0.0
2023-10-30 00:00:00-04:00,80.5199966430664,81.3499984741211,79.83000183105469,80.41999816894531,97800,0.0,0.0
2023-10-31 00:00:00-04:00,81.04000091552734,82.37999725341797,79.9000015258789,80.37999725341797,85500,0.0,0.0
2023-11-01 00:00:00-04:00,80.94000244140625,82.0,79.72000122070312,79.95999908447266,78900,0.0,0.0
2023-11-02 00:00:00-04:00,80.33000183105469,82.87999725341797,79.9000015258789,81.95999908447266,84000,0.0,0.0
2023-11-03 00:00:00-04:00,81.93000030517578,83.04000091552734,81.48999786376953,82.04000091552734,56100,0.0,0.0
2023-11-06 00:00:00-05:00,82.06999969482422,83.05999755859375,81.0,81.86000061035156,74400,0.0,0.0
2023-11-07 00:00:00-05:00,81.25,81.5,79.26000213623047,79.75,164100,0.0,0.0
2023-11-08 00:00:00-05:00,79.26000213623047,81.55999755859375,79.0999984741211,80.7300033569336,135700,0.0,0.0
2023-11-09 00:00:00-05:00,81.02999877929688,84.56999969482422,81.02999877929688,81.5999984741211,131200,0.0,0.0
2023-11-10 00:00:00-05:00,81.95999908447266,83.44999694824219,81.19999694824219,82.04000091552734,78800,0.0,0.0
2023-11-13 00:00:00-05:00,82.80000305175781,83.0,80.80999755859375,81.5199966430664,66500,0.0,0.0
2023-11-14 00:00:00-05:00,81.08000183105469,83.02999877929688,81.08000183105469,82.62000274658203,67600,0.0,0.0
2023-11-15 00:00:00-05:00,81.9000015258789,82.29000091552734,79.81999969482422,80.47000122070312,101900,0.0,0.0
2023-11-16 00:00:00-05:00,79.9000015258789,80.20999908447266,77.87999725341797,78.9000015258789,114500,0.0,0.0
2023-11-17 00:00:00-05:00,79.63999938964844,82.5999984741211,79.38999938964844,81.94000244140625,111700,0.0,0.0
2023-11-20 00:00:00-05:00,82.98999786376953,83.27999877929688,80.56999969482422,80.56999969482422,50800,0.0,0.0
2023-11-21 00:00:00-05:00,78.93000030517578,79.44999694824219,77.0,77.95999908447266,119600,0.0,0.0
2023-11-22 00:00:00-05:00,76.97000122070312,77.30999755859375,75.29000091552734,77.04000091552734,104000,0.0,0.0
2023-11-23 00:00:00-05:00,77.33999633789062,79.0,77.33999633789062,78.70999908447266,44600,0.0,0.0
2023-11-24 00:00:00-05:00,79.0,82.02999877929688,78.2699966430664,80.70999908447266,94900,0.0,0.0
2023-11-27 00:00:00-05:00,80.87000274658203,80.87000274658203,79.02999877929688,79.51000213623047,62000,0.0,0.0
2023-11-28 00:00:00-05:00,79.5199966430664,79.55999755859375,77.3499984741211,77.36000061035156,132200,0.0,0.0
2023-11-29 00:00:00-05:00,77.54000091552734,78.87000274658203,77.25,78.52999877929688,116000,0.0,0.0
2023-11-30 00:00:00-05:00,78.54000091552734,81.0,77.81999969482422,78.48999786376953,91300,0.0,0.0
2023-12-01 00:00:00-05:00,78.19000244140625,79.6500015258789,77.66000366210938,78.0999984741211,50500,0.0,0.0
2023-12-04 00:00:00-05:00,77.76000213623047,77.88999938964844,76.4000015258789,77.43000030517578,71600,0.0,0.0
2023-12-05 00:00:00-05:00,76.79000091552734,77.27999877929688,74.41000366210938,74.43000030517578,91100,0.0,0.0
2023-12-06 00:00:00-05:00,74.0,74.41999816894531,71.5,71.52999877929688,123100,0.0,0.0
2023-12-07 00:00:00-05:00,71.98999786376953,72.80999755859375,71.01000213623047,71.58999633789062,103000,0.0,0.0
2023-12-08 00:00:00-05:00,72.68000030517578,73.37000274658203,71.77999877929688,71.83999633789062,107400,0.0,0.0
2023-12-11 00:00:00-05:00,72.08999633789062,72.0999984741211,69.66000366210938,69.95999908447266,116600,0.0,0.0
2023-12-12 00:00:00-05:00,68.95999908447266,69.25,67.5,67.68000030517578,91500,0.0,0.0
2023-12-13 00:00:00-05:00,67.95999908447266,70.87000274658203,67.45999908447266,70.73999786376953,98800,0.0,0.0
2023-12-14 00:00:00-05:00,71.76000213623047,73.66000366210938,71.75,73.2699966430664,105300,0.0,0.0
2023-12-15 00:00:00-05:00,73.2699966430664,73.30000305175781,70.8499984741211,72.0199966430664,102000,0.0,0.0
2023-12-18 00:00:00-05:00,72.9000015258789,74.36000061035156,71.52999877929688,72.1500015258789,75800,0.0,0.0
2023-12-19 00:00:00-05:00,72.13999938964844,72.75,71.18000030517578,72.75,69000,0.0,0.0
2023-12-20 00:00:00-05:00,73.1500015258789,73.8499984741211,71.9800033569336,71.9800033569336,63700,0.0,0.0
2023-12-21 00:00:00-05:00,72.20999908447266,72.5,71.41999816894531,71.69999694824219,37600,0.0,0.0
2023-12-22 00:00:00-05:00,71.86000061035156,73.0999984741211,71.55999755859375,71.73999786376953,33900,0.0,0.0
2023-12-27 00:00:00-05:00,73.0199966430664,73.38999938964844,72.18000030517578,72.18000030517578,43300,0.0,0.0
2023-12-28 00:00:00-05:00,71.83999633789062,72.75,71.30000305175781,71.75,60500,0.0,0.0
2023-12-29 00:00:00-05:00,71.62000274658203,72.08999633789062,71.61000061035156,71.95999908447266,28300,0.0,0.0
2024-01-02 00:00:00-05:00,72.2300033569336,72.9800033569336,69.6500015258789,69.94000244140625,44600,0.0,0.0
2024-01-03 00:00:00-05:00,69.5,71.68000030517578,69.5,70.68000030517578,56000,0.0,0.0
2024-01-04 00:00:00-05:00,71.62999725341797,71.62999725341797,69.18000030517578,69.58999633789062,58700,0.0,0.0
2024-01-05 00:00:00-05:00,71.20999908447266,73.48999786376953,70.55000305175781,73.27999877929688,128500,0.0,0.0
2024-01-08 00:00:00-05:00,72.4800033569336,72.4800033569336,68.91999816894531,71.62999725341797,164100,0.0,0.0
2024-01-09 00:00:00-05:00,71.4800033569336,71.48999786376953,70.05000305175781,70.5,54500,0.0,0.0
2024-01-10 00:00:00-05:00,70.55999755859375,71.87999725341797,70.1500015258789,71.72000122070312,71700,0.0,0.0
2024-01-11 00:00:00-05:00,71.80999755859375,73.41999816894531,70.52999877929688,73.41999816894531,76200,0.0,0.0
2024-01-12 00:00:00-05:00,74.18000030517578,74.83000183105469,72.69000244140625,73.77999877929688,76700,0.0,0.0
2024-01-15 00:00:00-05:00,73.76000213623047,74.37000274658203,73.16999816894531,74.37000274658203,19800,0.0,0.0
2024-01-16 00:00:00-05:00,75.0,75.0,72.9000015258789,73.69999694824219,74700,0.0,0.0
2024-01-17 00:00:00-05:00,72.73999786376953,72.73999786376953,71.1500015258789,71.94999694824219,41300,0.0,0.0
2024-01-18 00:00:00-05:00,72.37000274658203,73.01000213623047,71.56999969482422,72.30999755859375,39200,0.0,0.0
2024-01-19 00:00:00-05:00,71.75,74.83000183105469,71.75,74.77999877929688,108900,0.0,0.0
2024-01-22 00:00:00-05:00,74.98999786376953,78.70999908447266,74.20999908447266,77.7300033569336,126200,0.0,0.0
2024-01-23 00:00:00-05:00,77.54000091552734,80.02999877929688,77.54000091552734,78.19000244140625,105600,0.0,0.0
2024-01-24 00:00:00-05:00,78.20999908447266,82.69999694824219,78.20999908447266,82.23999786376953,119900,0.0,0.0
2024-01-25 00:00:00-05:00,83.26000213623047,83.69999694824219,79.68000030517578,81.63999938964844,63400,0.0,0.0
2024-01-26 00:00:00-05:00,81.51000213623047,83.2300033569336,80.70999908447266,82.41000366210938,65700,0.0,0.0
2024-01-29 00:00:00-05:00,81.69999694824219,82.48999786376953,80.5,81.83000183105469,45300,0.0,0.0
2024-01-30 00:00:00-05:00,80.11000061035156,85.08999633789062,80.08000183105469,84.63999938964844,114000,0.0,0.0
2024-01-31 00:00:00-05:00,83.95999908447266,84.75,83.12000274658203,83.27999877929688,79300,0.0,0.0
2024-02-01 00:00:00-05:00,83.45999908447266,85.25,80.7699966430664,81.19999694824219,63500,0.0,0.0
2024-02-02 00:00:00-05:00,81.0,81.80000305175781,79.30000305175781,80.13999938964844,96100,0.0,0.0
2024-02-05 00:00:00-05:00,80.2699966430664,81.69999694824219,78.5999984741211,79.87000274658203,91400,0.0,0.0
2024-02-06 00:00:00-05:00,87.0999984741211,88.63999938964844,82.38999938964844,84.06999969482422,240300,0.0,0.0
2024-02-07 00:00:00-05:00,83.76000213623047,84.5,81.05000305175781,83.06999969482422,160700,0.0,0.0
2024-02-08 00:00:00-05:00,83.63999938964844,86.38999938964844,83.25,86.19000244140625,95500,0.0,0.0
2024-02-09 00:00:00-05:00,87.12999725341797,87.12999725341797,85.43000030517578,86.19999694824219,63800,0.0,0.0
2024-02-12 00:00:00-05:00,85.31999969482422,87.95999908447266,85.31999969482422,86.54000091552734,63800,0.0,0.0
2024-02-13 00:00:00-05:00,86.19000244140625,86.19999694824219,82.1500015258789,83.05000305175781,111600,0.0,0.0
2024-02-14 00:00:00-05:00,83.37000274658203,84.54000091552734,81.33999633789062,81.6500015258789,79300,0.0,0.0
2024-02-15 00:00:00-05:00,81.91999816894531,84.87000274658203,81.91999816894531,84.41000366210938,89200,0.0,0.0
2024-02-16 00:00:00-05:00,84.94999694824219,85.19000244140625,83.5,85.01000213623047,58600,0.0,0.0
2024-02-20 00:00:00-05:00,83.9000015258789,84.0999984741211,80.7699966430664,80.77999877929688,129100,0.0,0.0
2024-02-21 00:00:00-05:00,81.04000091552734,83.41000366210938,80.76000213623047,81.54000091552734,89100,0.0,0.0
2024-02-22 00:00:00-05:00,82.05000305175781,83.44000244140625,81.61000061035156,81.94999694824219,85200,0.0,0.0
2024-02-23 00:00:00-05:00,81.5,82.1500015258789,79.93000030517578,80.91000366210938,58400,0.0,0.0
2024-02-26 00:00:00-05:00,80.47000122070312,81.80000305175781,79.87000274658203,80.97000122070312,29800,0.0,0.0
2024-02-27 00:00:00-05:00,80.83000183105469,82.13999938964844,80.83000183105469,81.73999786376953,32100,0.0,0.0
2024-02-28 00:00:00-05:00,81.5,82.58000183105469,80.38999938964844,80.43000030517578,62500,0.0,0.0
2024-02-29 00:00:00-05:00,80.47000122070312,81.83000183105469,79.80999755859375,80.62000274658203,85900,0.0,0.0
2024-03-01 00:00:00-05:00,81.86000061035156,84.91999816894531,81.55000305175781,83.7699966430664,80600,0.0,0.0
2024-03-04 00:00:00-05:00,83.75,84.19000244140625,82.5199966430664,82.87000274658203,74300,0.0,0.0
2024-03-05 00:00:00-05:00,82.06999969482422,84.5,82.05999755859375,83.2699966430664,58900,0.0,0.0
2024-03-06 00:00:00-05:00,83.97000122070312,85.1500015258789,83.0,84.29000091552734,93900,0.0,0.0
2024-03-07 00:00:00-05:00,84.23999786376953,85.72000122070312,83.8499984741211,85.05000305175781,72400,0.0,0.0
2024-03-08 00:00:00-05:00,84.4800033569336,85.18000030517578,83.2699966430664,83.83000183105469,38700,0.0,0.0
2024-03-11 00:00:00-04:00,83.83999633789062,84.31999969482422,82.4000015258789,83.9800033569336,42000,0.0,0.0
2024-03-12 00:00:00-04:00,83.37000274658203,84.0,82.25,82.7300033569336,52700,0.0,0.0
2024-03-13 00:00:00-04:00,83.9000015258789,85.20999908447266,83.70999908447266,83.73999786376953,49500,0.0,0.0
2024-03-14 00:00:00-04:00,83.51000213623047,86.5,83.4000015258789,86.22000122070312,58600,0.0,0.0
2024-03-15 00:00:00-04:00,86.20999908447266,88.30000305175781,86.20999908447266,86.9800033569336,38400,0.0,0.0
2024-03-18 00:00:00-04:00,86.86000061035156,89.33000183105469,86.12000274658203,87.86000061035156,57000,0.0,0.0
2024-03-19 00:00:00-04:00,87.87999725341797,89.72000122070312,87.87999725341797,89.41999816894531,53200,0.0,0.0
2024-03-20 00:00:00-04:00,89.54000091552734,90.68000030517578,88.19999694824219,90.68000030517578,69500,0.0,0.0
2024-03-21 00:00:00-04:00,91.0,91.1500015258789,89.1500015258789,89.1500015258789,47700,0.0,0.0
2024-03-22 00:00:00-04:00,89.66999816894531,89.81999969482422,87.91999816894531,88.18000030517578,29500,0.0,0.0
2024-03-25 00:00:00-04:00,88.55000305175781,91.36000061035156,88.55000305175781,90.62000274658203,47600,0.0,0.0
2024-03-26 00:00:00-04:00,90.8499984741211,91.12999725341797,89.04000091552734,89.76000213623047,65300,0.0,0.0
2024-03-27 00:00:00-04:00,89.77999877929688,90.9800033569336,89.54000091552734,90.83000183105469,24600,0.0,0.0
2024-03-28 00:00:00-04:00,90.95999908447266,92.25,90.91999816894531,91.12999725341797,36900,0.0,0.0
2024-04-01 00:00:00-04:00,91.8499984741211,92.55999755859375,90.7300033569336,92.05000305175781,40000,0.0,0.0
2024-04-02 00:00:00-04:00,92.5199966430664,97.36000061035156,91.58000183105469,96.01000213623047,155500,0.0,0.0
2024-04-03 00:00:00-04:00,96.5,103.12999725341797,96.5,102.94000244140625,214600,0.0,0.0
2024-04-04 00:00:00-04:00,103.98999786376953,104.08999633789062,101.0,101.7300033569336,112800,0.0,0.0
2024-04-05 00:00:00-04:00,103.11000061035156,103.77999877929688,101.69999694824219,103.2699966430664,110900,0.0,0.0
2024-04-08 00:00:00-04:00,104.44999694824219,104.9000015258789,102.26000213623047,103.91000366210938,73000,0.0,0.0
2024-04-09 00:00:00-04:00,104.48999786376953,104.83999633789062,102.37000274658203,102.5,132600,0.0,0.0
2024-04-10 00:00:00-04:00,100.44000244140625,103.30999755859375,100.44000244140625,103.16999816894531,131200,0.0,0.0
2024-04-11 00:00:00-04:00,102.43000030517578,103.75,99.9800033569336,100.0999984741211,118000,0.0,0.0
2024-04-12 00:00:00-04:00,101.1500015258789,101.81999969482422,96.44000244140625,97.33999633789062,155900,0.0,0.0
2024-04-15 00:00:00-04:00,97.08000183105469,97.44000244140625,93.4000015258789,95.04000091552734,125400,0.0,0.0
2024-04-16 00:00:00-04:00,94.37000274658203,94.37999725341797,92.58999633789062,94.36000061035156,95900,0.0,0.0
2024-04-17 00:00:00-04:00,94.55000305175781,95.6500015258789,92.73999786376953,94.02999877929688,80400,0.0,0.0
2024-04-18 00:00:00-04:00,94.80999755859375,94.80999755859375,92.51000213623047,92.83000183105469,88100,0.0,0.0
2024-04-19 00:00:00-04:00,93.23999786376953,93.5199966430664,91.16000366210938,91.79000091552734,80600,0.0,0.0
2024-04-22 00:00:00-04:00,91.0,91.7300033569336,89.36000061035156,90.23999786376953,109100,0.0,0.0
2024-04-23 00:00:00-04:00,90.19999694824219,93.52999877929688,88.0,93.51000213623047,191900,0.0,0.0
2024-04-24 00:00:00-04:00,93.37999725341797,94.44000244140625,92.0999984741211,93.01000213623047,138700,0.0,0.0
2024-04-25 00:00:00-04:00,92.0,96.31999969482422,88.33000183105469,94.11000061035156,223900,0.0,0.0
2024-04-26 00:00:00-04:00,95.20999908447266,99.33000183105469,94.87000274658203,98.91000366210938,145000,0.0,0.0
2024-04-29 00:00:00-04:00,99.62999725341797,100.86000061035156,98.4800033569336,100.23999786376953,86800,0.0,0.0
2024-04-30 00:00:00-04:00,99.72000122070312,100.04000091552734,96.25,96.5199966430664,139000,0.0,0.0
2024-05-01 00:00:00-04:00,96.08000183105469,97.2300033569336,93.9000015258789,94.68000030517578,90700,0.0,0.0
2024-05-02 00:00:00-04:00,95.80000305175781,96.44999694824219,94.68000030517578,95.77999877929688,71400,0.0,0.0
2024-05-03 00:00:00-04:00,96.47000122070312,97.5,95.55000305175781,97.2699966430664,68400,0.0,0.0
2024-05-06 00:00:00-04:00,98.0199966430664,101.3499984741211,98.0,98.94000244140625,81900,0.0,0.0
2024-05-07 00:00:00-04:00,98.94999694824219,100.91999816894531,98.31999969482422,100.0199966430664,71100,0.0,0.0
2024-05-08 00:00:00-04:00,98.98999786376953,100.55999755859375,98.76000213623047,100.16999816894531,86000,0.0,0.0
2024-05-09 00:00:00-04:00,100.2300033569336,101.75,99.98999786376953,101.58000183105469,81700,0.0,0.0
2024-05-10 00:00:00-04:00,101.48999786376953,102.19999694824219,97.4800033569336,97.87999725341797,91800,0.0,0.0
2024-05-13 00:00:00-04:00,98.05999755859375,98.5,96.87000274658203,97.19999694824219,48000,0.0,0.0
2024-05-14 00:00:00-04:00,96.95999908447266,97.61000061035156,95.23999786376953,97.29000091552734,79600,0.0,0.0
2024-05-15 00:00:00-04:00,97.27999877929688,97.56999969482422,95.11000061035156,96.73999786376953,48800,0.0,0.0
2024-05-16 00:00:00-04:00,96.94999694824219,98.0,96.12000274658203,96.4800033569336,44900,0.0,0.0
2024-05-17 00:00:00-04:00,96.52999877929688,98.4000015258789,96.52999877929688,97.62999725341797,75900,0.0,0.0
2024-05-21 00:00:00-04:00,97.56999969482422,99.3499984741211,97.56999969482422,97.69000244140625,59400,0.0,0.0
2024-05-22 00:00:00-04:00,97.19000244140625,97.19000244140625,94.88999938964844,95.80999755859375,80600,0.0,0.0
2024-05-23 00:00:00-04:00,96.3499984741211,97.2699966430664,94.55999755859375,95.0199966430664,89000,0.0,0.0
2024-05-24 00:00:00-04:00,95.4800033569336,97.4800033569336,95.4800033569336,96.8499984741211,52200,0.0,0.0
2024-05-27 00:00:00-04:00,96.58999633789062,97.83999633789062,96.58999633789062,97.56999969482422,29400,0.0,0.0
2024-05-28 00:00:00-04:00,97.5,100.62000274658203,97.5,100.37000274658203,71600,0.0,0.0
2024-05-29 00:00:00-04:00,99.9000015258789,100.83000183105469,98.87000274658203,99.12000274658203,40700,0.0,0.0
2024-05-30 00:00:00-04:00,98.77999877929688,99.97000122070312,98.44000244140625,99.41999816894531,54900,0.0,0.0
2024-05-31 00:00:00-04:00,99.43000030517578,101.72000122070312,99.43000030517578,101.47000122070312,114700,0.0,0.0
2024-06-03 00:00:00-04:00,102.0,102.0,94.4800033569336,95.55000305175781,196500,0.0,0.0
2024-06-04 00:00:00-04:00,94.41000366210938,94.5,91.36000061035156,91.94999694824219,94100,0.0,0.0
2024-06-05 00:00:00-04:00,92.51000213623047,93.0,90.94999694824219,91.62999725341797,108800,0.0,0.0
2024-06-06 00:00:00-04:00,91.98999786376953,92.7300033569336,90.91000366210938,92.47000122070312,52900,0.0,0.0
2024-06-07 00:00:00-04:00,92.05999755859375,93.0999984741211,91.58000183105469,91.7300033569336,58600,0.0,0.0
2024-06-10 00:00:00-04:00,91.98999786376953,96.2699966430664,91.98999786376953,95.27999877929688,87600,0.0,0.0
2024-06-11 00:00:00-04:00,94.44999694824219,95.31999969482422,93.55999755859375,93.77999877929688,50600,0.0,0.0
2024-06-12 00:00:00-04:00,95.27999877929688,96.12999725341797,93.4000015258789,93.69999694824219,41600,0.0,0.0
2024-06-13 00:00:00-04:00,93.38999938964844,93.38999938964844,90.22000122070312,91.62000274658203,81400,0.0,0.0
2024-06-14 00:00:00-04:00,91.12999725341797,91.62000274658203,89.87000274658203,90.05999755859375,64600,0.0,0.0
2024-06-17 00:00:00-04:00,90.04000091552734,90.8499984741211,89.80000305175781,90.02999877929688,69000,0.0,0.0
2024-06-18 00:00:00-04:00,90.01000213623047,92.61000061035156,89.5999984741211,90.16999816894531,78200,0.0,0.0
2024-06-19 00:00:00-04:00,89.83999633789062,91.69999694824219,89.44999694824219,90.16999816894531,41700,0.0,0.0
2024-06-20 00:00:00-04:00,91.30000305175781,93.5,91.0,92.4800033569336,90900,0.0,0.0
2024-06-21 00:00:00-04:00,92.41000366210938,92.4800033569336,89.55000305175781,91.16000366210938,236400,0.0,0.0
2024-06-24 00:00:00-04:00,91.52999877929688,96.05999755859375,91.52999877929688,95.66999816894531,117500,0.0,0.0
2024-06-25 00:00:00-04:00,95.18000030517578,95.30999755859375,93.91999816894531,95.16000366210938,43700,0.0,0.0
2024-06-26 00:00:00-04:00,95.05999755859375,95.5,93.5999984741211,95.0999984741211,38300,0.0,0.0
2024-06-27 00:00:00-04:00,95.4000015258789,96.79000091552734,95.4000015258789,96.48999786376953,46200,0.0,0.0
2024-06-28 00:00:00-04:00,97.06999969482422,97.93000030517578,96.06999969482422,96.19999694824219,56500,0.0,0.0
2024-07-02 00:00:00-04:00,95.98999786376953,97.08000183105469,94.7300033569336,95.66999816894531,42400,0.0,0.0
2024-07-03 00:00:00-04:00,96.33999633789062,96.6500015258789,95.04000091552734,95.5,42300,0.0,0.0
2024-07-04 00:00:00-04:00,96.27999877929688,96.98999786376953,95.5,96.6500015258789,28300,0.0,0.0
2024-07-05 00:00:00-04:00,96.37000274658203,96.37000274658203,93.58999633789062,93.98999786376953,91500,0.0,0.0
2024-07-08 00:00:00-04:00,93.94000244140625,94.75,93.5999984741211,94.75,45600,0.0,0.0
2024-07-09 00:00:00-04:00,94.05999755859375,94.33999633789062,91.81999969482422,92.41999816894531,69900,0.0,0.0
2024-07-10 00:00:00-04:00,92.19000244140625,95.69999694824219,91.8499984741211,95.22000122070312,94500,0.0,0.0
2024-07-11 00:00:00-04:00,95.80000305175781,98.1500015258789,95.0,97.61000061035156,83200,0.0,0.0
2024-07-12 00:00:00-04:00,98.5,98.66999816894531,97.30000305175781,98.62999725341797,51800,0.0,0.0
2024-07-15 00:00:00-04:00,98.75,104.33999633789062,97.91000366210938,103.33999633789062,182200,0.0,0.0
2024-07-16 00:00:00-04:00,102.69000244140625,105.2300033569336,100.68000030517578,104.91000366210938,107100,0.0,0.0
2024-07-17 00:00:00-04:00,104.30000305175781,107.0,102.83999633789062,103.56999969482422,74100,0.0,0.0
2024-07-18 00:00:00-04:00,103.11000061035156,103.8499984741211,100.80000305175781,101.62000274658203,99500,0.0,0.0
2024-07-19 00:00:00-04:00,101.22000122070312,101.3499984741211,98.1500015258789,98.18000030517578,63200,0.0,0.0
2024-07-22 00:00:00-04:00,98.2300033569336,99.25,96.7699966430664,98.7699966430664,42700,0.0,0.0
2024-07-23 00:00:00-04:00,98.0,100.19999694824219,97.54000091552734,100.19999694824219,63000,0.0,0.0
2024-07-24 00:00:00-04:00,99.79000091552734,100.86000061035156,97.73999786376953,98.1500015258789,68300,0.0,0.0
2024-07-25 00:00:00-04:00,97.5,100.30000305175781,96.5,99.93000030517578,80800,0.0,0.0
2024-07-26 00:00:00-04:00,100.26000213623047,101.70999908447266,98.9000015258789,101.18000030517578,98400,0.0,0.0
2024-07-29 00:00:00-04:00,101.56999969482422,101.56999969482422,97.93000030517578,98.44999694824219,61000,0.0,0.0
2024-07-30 00:00:00-04:00,97.7300033569336,100.0,97.69000244140625,99.44000244140625,61400,0.0,0.0
2024-07-31 00:00:00-04:00,103.0,109.19999694824219,103.0,106.22000122070312,291800,0.0,0.0
2024-08-01 00:00:00-04:00,107.06999969482422,107.25,102.66999816894531,103.83000183105469,110700,0.0,0.0
2024-08-02 00:00:00-04:00,102.66000366210938,102.66000366210938,95.5,96.43000030517578,150900,0.0,0.0
2024-08-06 00:00:00-04:00,94.5,95.08000183105469,91.27999877929688,93.22000122070312,152100,0.0,0.0
2024-08-07 00:00:00-04:00,96.20999908447266,96.75,92.06999969482422,93.02999877929688,76200,0.0,0.0
2024-08-08 00:00:00-04:00,93.06999969482422,95.44000244140625,93.06999969482422,94.2699966430664,54700,0.0,0.0
2024-08-09 00:00:00-04:00,94.75,94.75,93.02999877929688,94.19999694824219,33900,0.0,0.0
2024-08-12 00:00:00-04:00,95.0199966430664,97.0,94.13999938964844,95.61000061035156,35600,0.0,0.0
2024-08-13 00:00:00-04:00,96.16999816894531,96.33999633789062,94.5,95.87000274658203,30700,0.0,0.0
2024-08-14 00:00:00-04:00,96.5999984741211,96.5999984741211,94.86000061035156,95.06999969482422,44600,0.0,0.0
2024-08-15 00:00:00-04:00,95.8499984741211,97.23999786376953,95.08000183105469,97.18000030517578,41600,0.0,0.0
2024-08-16 00:00:00-04:00,96.02999877929688,97.48999786376953,95.5,95.63999938964844,34800,0.0,0.0
2024-08-19 00:00:00-04:00,95.69000244140625,97.30999755859375,95.69000244140625,96.1500015258789,27800,0.0,0.0
2024-08-20 00:00:00-04:00,96.0999984741211,96.0999984741211,93.44999694824219,93.51000213623047,72100,0.0,0.0
2024-08-21 00:00:00-04:00,94.29000091552734,95.22000122070312,92.94000244140625,93.87999725341797,45500,0.0,0.0
2024-08-22 00:00:00-04:00,94.62000274658203,94.62000274658203,93.20999908447266,93.51000213623047,52600,0.0,0.0
2024-08-23 00:00:00-04:00,94.61000061035156,98.29000091552734,94.18000030517578,97.86000061035156,89800,0.0,0.0
2024-08-26 00:00:00-04:00,99.06999969482422,101.30000305175781,98.45999908447266,100.0199966430664,45700,0.0,0.0
2024-08-27 00:00:00-04:00,98.98999786376953,99.19000244140625,96.94999694824219,97.1500015258789,33600,0.0,0.0
2024-08-28 00:00:00-04:00,96.61000061035156,98.94000244140625,96.11000061035156,98.94000244140625,46200,0.0,0.0
2024-08-29 00:00:00-04:00,99.31999969482422,99.7300033569336,98.08999633789062,98.61000061035156,35000,0.0,0.0
2024-08-30 00:00:00-04:00,98.0,98.0,96.51000213623047,97.48999786376953,50200,0.0,0.0
2024-09-03 00:00:00-04:00,96.05000305175781,96.05000305175781,91.83999633789062,92.44000244140625,116800,0.0,0.0
2024-09-04 00:00:00-04:00,92.94999694824219,93.16000366210938,90.38999938964844,90.75,83200,0.0,0.0
2024-09-05 00:00:00-04:00,91.97000122070312,92.05999755859375,89.62999725341797,91.86000061035156,83700,0.0,0.0
2024-09-06 00:00:00-04:00,91.3499984741211,92.18000030517578,87.48999786376953,88.19000244140625,83900,0.0,0.0
2024-09-09 00:00:00-04:00,88.23999786376953,90.5999984741211,87.31999969482422,89.20999908447266,77300,0.0,0.0
2024-09-10 00:00:00-04:00,88.87999725341797,88.87999725341797,83.18000030517578,85.02999877929688,178300,0.0,0.0
2024-09-11 00:00:00-04:00,85.52999877929688,85.55000305175781,81.66000366210938,84.91999816894531,152500,0.0,0.0
2024-09-12 00:00:00-04:00,85.80000305175781,87.20999908447266,84.54000091552734,86.18000030517578,56600,0.0,0.0
2024-09-13 00:00:00-04:00,88.13999938964844,88.1500015258789,85.62000274658203,86.27999877929688,64700,0.0,0.0
2024-09-16 00:00:00-04:00,87.68000030517578,88.87000274658203,86.55999755859375,87.69000244140625,73000,0.0,0.0
2024-09-17 00:00:00-04:00,88.3499984741211,90.0,87.80999755859375,89.87000274658203,88500,0.0,0.0
2024-09-18 00:00:00-04:00,89.54000091552734,90.83000183105469,88.08999633789062,88.66999816894531,87500,0.0,0.0
2024-09-19 00:00:00-04:00,91.01000213623047,91.37000274658203,88.98999786376953,90.81999969482422,57000,0.0,0.0
2024-09-20 00:00:00-04:00,90.62999725341797,91.48999786376953,89.06999969482422,90.16000366210938,229000,0.0,0.0
2024-09-23 00:00:00-04:00,90.01000213623047,90.9000015258789,87.33999633789062,88.0,295300,0.0,0.0
2024-09-24 00:00:00-04:00,89.02999877929688,90.2300033569336,88.13999938964844,88.1500015258789,39700,0.0,0.0
2024-09-25 00:00:00-04:00,88.0,88.0,84.38999938964844,84.5,178000,0.0,0.0
2024-09-26 00:00:00-04:00,84.0,84.19999694824219,80.94000244140625,81.7300033569336,275700,0.0,0.0
2024-09-27 00:00:00-04:00,82.38999938964844,83.91999816894531,81.87000274658203,83.4800033569336,87500,0.0,0.0
2024-09-30 00:00:00-04:00,83.4800033569336,84.69000244140625,82.1500015258789,83.29000091552734,61800,0.0,0.0
2024-10-01 00:00:00-04:00,82.56999969482422,86.0999984741211,82.56999969482422,84.7300033569336,110400,0.0,0.0
2024-10-02 00:00:00-04:00,85.75,86.48999786376953,82.83000183105469,84.47000122070312,84600,0.0,0.0
2024-10-03 00:00:00-04:00,85.12999725341797,87.29000091552734,84.20999908447266,86.95999908447266,88000,0.0,0.0
2024-10-04 00:00:00-04:00,87.5,88.48999786376953,86.75,87.91000366210938,83000,0.0,0.0
2024-10-07 00:00:00-04:00,88.12000274658203,89.5,87.9000015258789,89.0,96300,0.0,0.0
2024-10-08 00:00:00-04:00,87.4800033569336,87.4800033569336,85.37999725341797,85.95999908447266,74100,0.0,0.0
2024-10-09 00:00:00-04:00,85.05000305175781,86.76000213623047,85.05000305175781,85.81999969482422,33400,0.0,0.0
2024-10-10 00:00:00-04:00,85.86000061035156,87.38999938964844,85.26000213623047,86.27999877929688,80400,0.0,0.0
2024-10-11 00:00:00-04:00,85.7300033569336,87.25,85.7300033569336,86.9800033569336,95200,0.0,0.0
2024-10-15 00:00:00-04:00,83.75,84.91000366210938,82.4800033569336,82.72000122070312,96100,0.0,0.0
2024-10-16 00:00:00-04:00,82.62999725341797,83.52999877929688,82.19999694824219,83.41999816894531,69600,0.0,0.0
2024-10-17 00:00:00-04:00,82.55000305175781,84.18000030517578,82.5,83.47000122070312,77000,0.0,0.0
2024-10-18 00:00:00-04:00,83.44999694824219,83.55000305175781,81.5,83.51000213623047,95400,0.0,0.0
2024-10-21 00:00:00-04:00,84.26000213623047,84.26000213623047,82.47000122070312,82.88999938964844,55300,0.0,0.0
2024-10-22 00:00:00-04:00,82.58999633789062,82.68000030517578,81.47000122070312,81.6500015258789,112500,0.0,0.0
2024-10-23 00:00:00-04:00,81.58999633789062,81.58999633789062,79.44000244140625,80.2300033569336,123600,0.0,0.0
2024-10-24 00:00:00-04:00,79.52999877929688,81.0,78.62000274658203,80.5999984741211,89100,0.0,0.0
2024-10-25 00:00:00-04:00,81.25,81.7699966430664,80.33000183105469,81.7699966430664,88000,0.0,0.0
2024-10-28 00:00:00-04:00,80.18000030517578,80.54000091552734,78.73999786376953,80.54000091552734,109500,0.0,0.0
2024-10-29 00:00:00-04:00,80.62999725341797,80.87000274658203,78.91999816894531,79.5,109100,0.0,0.0
2024-10-30 00:00:00-04:00,79.91999816894531,87.30999755859375,79.91999816894531,85.08999633789062,359400,0.0,0.0
2024-10-31 00:00:00-04:00,85.5,85.58000183105469,82.70999908447266,83.62999725341797,135300,0.0,0.0
2024-11-01 00:00:00-04:00,84.81999969482422,85.1500015258789,82.44999694824219,82.86000061035156,85800,0.0,0.0
2024-11-04 00:00:00-05:00,83.45999908447266,85.9800033569336,83.37000274658203,85.30999755859375,80200,0.0,0.0
2024-11-05 00:00:00-05:00,85.30999755859375,86.0,84.58000183105469,85.68000030517578,49400,0.0,0.0
2024-11-06 00:00:00-05:00,87.62000274658203,89.68000030517578,87.44999694824219,89.20999908447266,202300,0.0,0.0
2024-11-07 00:00:00-05:00,88.7699966430664,91.0,88.58999633789062,90.55000305175781,90000,0.0,0.0
2024-11-08 00:00:00-05:00,90.2300033569336,90.77999877929688,88.51000213623047,89.0199966430664,55500,0.0,0.0
2024-11-11 00:00:00-05:00,88.62000274658203,89.63999938964844,88.16999816894531,89.19999694824219,150700,0.0,0.0
2024-11-12 00:00:00-05:00,88.06999969482422,90.5,87.7699966430664,88.48999786376953,81700,0.0,0.0
2024-11-13 00:00:00-05:00,88.68000030517578,88.69000244140625,86.52999877929688,87.12000274658203,117600,0.0,0.0
2024-11-14 00:00:00-05:00,87.69000244140625,91.48999786376953,87.69000244140625,89.44999694824219,123100,0.0,0.0
2024-11-15 00:00:00-05:00,89.02999877929688,90.48999786376953,87.3499984741211,87.77999877929688,86200,0.0,0.0
2024-11-18 00:00:00-05:00,87.77999877929688,90.0,87.77999877929688,88.33000183105469,125400,0.0,0.0
2024-11-19 00:00:00-05:00,86.51000213623047,88.47000122070312,86.5,87.63999938964844,45600,0.0,0.0
2024-11-20 00:00:00-05:00,87.9800033569336,91.37000274658203,87.9800033569336,91.06999969482422,110600,0.0,0.0
2024-11-21 00:00:00-05:00,92.18000030517578,93.44000244140625,91.36000061035156,92.36000061035156,134000,0.0,0.0
2024-11-22 00:00:00-05:00,92.36000061035156,93.30000305175781,91.62999725341797,92.69999694824219,82400,0.0,0.0
2024-11-25 00:00:00-05:00,93.0,93.01000213623047,89.5199966430664,90.33999633789062,70200,0.0,0.0
2024-11-26 00:00:00-05:00,90.02999877929688,90.76000213623047,86.05999755859375,86.70999908447266,103100,0.0,0.0
2024-11-27 00:00:00-05:00,86.80000305175781,88.5999984741211,86.37000274658203,87.61000061035156,36300,0.0,0.0
2024-11-28 00:00:00-05:00,87.55000305175781,88.4000015258789,87.55000305175781,87.76000213623047,14300,0.0,0.0
2024-11-29 00:00:00-05:00,87.5,89.41999816894531,87.5,88.73999786376953,30600,0.0,0.0
2024-12-02 00:00:00-05:00,89.0999984741211,89.0999984741211,86.9800033569336,87.75,43300,0.0,0.0
2024-12-03 00:00:00-05:00,88.61000061035156,88.61000061035156,86.93000030517578,88.2699966430664,39300,0.0,0.0
2024-12-04 00:00:00-05:00,88.31999969482422,88.4800033569336,84.69000244140625,85.38999938964844,86500,0.0,0.0
2024-12-05 00:00:00-05:00,85.80999755859375,86.7699966430664,85.2699966430664,85.91000366210938,50600,0.0,0.0
2024-12-06 00:00:00-05:00,85.66000366210938,85.66000366210938,82.55999755859375,83.51000213623047,94800,0.0,0.0
2024-12-09 00:00:00-05:00,83.83999633789062,86.94000244140625,83.83999633789062,85.68000030517578,84300,0.0,0.0
2024-12-10 00:00:00-05:00,85.86000061035156,86.93000030517578,85.44999694824219,85.97000122070312,44200,0.0,0.0
2024-12-11 00:00:00-05:00,85.97000122070312,87.62000274658203,85.6500015258789,87.05999755859375,51400,0.0,0.0
2024-12-12 00:00:00-05:00,87.06999969482422,87.52999877929688,85.44999694824219,87.41999816894531,60500,0.0,0.0
2024-12-13 00:00:00-05:00,87.87000274658203,87.9800033569336,85.4000015258789,86.11000061035156,36400,0.0,0.0
2024-12-16 00:00:00-05:00,85.30999755859375,86.16999816894531,84.1500015258789,84.26000213623047,81500,0.0,0.0
2024-12-17 00:00:00-05:00,83.63999938964844,83.93000030517578,81.87000274658203,83.75,61800,0.0,0.0
2024-12-18 00:00:00-05:00,83.70999908447266,84.70999908447266,81.43000030517578,82.0199966430664,78000,0.0,0.0
2024-12-19 00:00:00-05:00,82.37000274658203,84.05999755859375,80.30999755859375,80.4000015258789,76400,0.0,0.0
2024-12-20 00:00:00-05:00,80.12000274658203,82.80999755859375,80.0,81.5,121200,0.0,0.0
2024-12-23 00:00:00-05:00,81.94999694824219,83.68000030517578,81.88999938964844,83.37000274658203,111700,0.0,0.0
2024-12-24 00:00:00-05:00,83.77999877929688,84.44999694824219,82.66999816894531,83.77999877929688,27600,0.0,0.0
2024-12-27 00:00:00-05:00,83.76000213623047,84.93000030517578,83.0,83.23999786376953,33600,0.0,0.0
2024-12-30 00:00:00-05:00,84.18000030517578,86.20999908447266,83.05000305175781,85.0999984741211,67400,0.0,0.0
2024-12-31 00:00:00-05:00,85.68000030517578,88.94999694824219,85.68000030517578,87.91999816894531,62500,0.0,0.0
2025-01-02 00:00:00-05:00,88.94000244140625,92.1500015258789,88.94000244140625,90.81999969482422,93600,0.0,0.0
2025-01-03 00:00:00-05:00,91.4800033569336,92.12000274658203,90.05999755859375,92.08999633789062,62600,0.0,0.0
2025-01-06 00:00:00-05:00,92.0999984741211,93.93000030517578,90.38999938964844,90.80999755859375,80000,0.0,0.0
2025-01-07 00:00:00-05:00,92.25,96.3499984741211,91.77999877929688,95.06999969482422,244300,0.0,0.0
2025-01-08 00:00:00-05:00,94.94999694824219,94.94999694824219,91.3499984741211,92.13999938964844,87200,0.0,0.0
2025-01-09 00:00:00-05:00,92.13999938964844,92.9800033569336,91.33000183105469,92.0,37400,0.0,0.0
2025-01-10 00:00:00-05:00,93.2300033569336,94.27999877929688,91.76000213623047,93.44999694824219,139500,0.0,0.0
2025-01-13 00:00:00-05:00,93.9800033569336,95.4000015258789,91.75,92.18000030517578,92800,0.0,0.0
2025-01-14 00:00:00-05:00,92.0,93.56999969482422,91.83999633789062,93.55000305175781,62500,0.0,0.0
2025-01-15 00:00:00-05:00,94.4000015258789,94.7699966430664,92.77999877929688,94.19000244140625,127000,0.0,0.0
2025-01-16 00:00:00-05:00,93.98999786376953,95.47000122070312,93.0999984741211,94.9800033569336,78000,0.0,0.0
2025-01-17 00:00:00-05:00,94.87999725341797,96.91000366210938,94.0,94.37999725341797,84300,0.0,0.0
2025-01-20 00:00:00-05:00,94.0,95.93000030517578,93.20999908447266,95.91999816894531,51000,0.0,0.0
2025-01-21 00:00:00-05:00,95.47000122070312,95.47000122070312,92.87999725341797,93.58999633789062,141300,0.0,0.0
2025-01-22 00:00:00-05:00,94.06999969482422,95.79000091552734,92.76000213623047,94.38999938964844,105900,0.0,0.0
2025-01-23 00:00:00-05:00,94.56999969482422,95.37000274658203,91.33999633789062,91.3499984741211,186900,0.0,0.0
2025-01-24 00:00:00-05:00,91.1500015258789,91.80999755859375,89.38999938964844,90.76000213623047,75800,0.0,0.0
2025-01-27 00:00:00-05:00,89.9000015258789,90.33000183105469,87.05000305175781,88.23999786376953,106200,0.0,0.0
2025-01-28 00:00:00-05:00,88.0,88.63999938964844,84.94000244140625,86.01000213623047,114100,0.0,0.0
2025-01-29 00:00:00-05:00,85.62999725341797,88.19999694824219,85.62999725341797,88.08000183105469,69300,0.0,0.0
2025-01-30 00:00:00-05:00,87.98999786376953,88.41999816894531,85.80000305175781,87.04000091552734,91300,0.0,0.0
2025-01-31 00:00:00-05:00,86.37000274658203,86.45999908447266,84.73999786376953,84.75,144900,0.0,0.0
2025-02-03 00:00:00-05:00,82.0,83.94999694824219,80.0,80.95999908447266,259700,0.0,0.0
2025-02-04 00:00:00-05:00,80.27999877929688,83.94999694824219,80.0,83.43000030517578,133600,0.0,0.0
2025-02-05 00:00:00-05:00,83.05000305175781,83.69999694824219,82.0,83.0,62000,0.0,0.0
2025-02-06 00:00:00-05:00,82.97000122070312,83.4000015258789,80.45999908447266,80.83000183105469,92900,0.0,0.0
2025-02-07 00:00:00-05:00,81.9000015258789,81.91000366210938,80.01000213623047,80.02999877929688,127100,0.0,0.0
2025-02-10 00:00:00-05:00,81.3499984741211,81.87000274658203,80.52999877929688,81.56999969482422,88100,0.0,0.0
2025-02-11 00:00:00-05:00,81.56999969482422,83.22000122070312,81.18000030517578,81.36000061035156,94300,0.0,0.0
2025-02-12 00:00:00-05:00,80.56999969482422,81.58000183105469,80.0,80.3499984741211,79300,0.0,0.0
2025-02-13 00:00:00-05:00,80.0,81.41000366210938,76.5,79.04000091552734,256200,0.0,0.0
2025-02-14 00:00:00-05:00,78.97000122070312,79.30000305175781,77.0199966430664,77.47000122070312,186100,0.0,0.0
2025-02-18 00:00:00-05:00,77.86000061035156,78.83000183105469,76.5999984741211,77.98999786376953,171400,0.0,0.0
2025-02-19 00:00:00-05:00,78.44000244140625,78.55999755859375,77.45999908447266,78.0199966430664,88600,0.0,0.0
2025-02-20 00:00:00-05:00,78.08000183105469,78.44999694824219,76.55000305175781,77.80000305175781,87800,0.0,0.0
2025-02-21 00:00:00-05:00,77.5,77.62999725341797,76.0,76.75,197600,0.0,0.0
2025-02-24 00:00:00-05:00,77.58999633789062,77.58999633789062,75.87999725341797,76.12000274658203,89800,0.0,0.0
2025-02-25 00:00:00-05:00,76.20999908447266,76.45999908447266,73.73999786376953,74.25,215900,0.0,0.0
2025-02-26 00:00:00-05:00,74.2699966430664,74.69999694824219,72.5,72.58000183105469,191800,0.0,0.0
2025-02-27 00:00:00-05:00,72.91000366210938,73.88999938964844,72.5,72.5,141500,0.0,0.0
2025-02-28 00:00:00-05:00,72.0,72.37000274658203,71.0,71.75,124600,0.0,0.0
2025-03-03 00:00:00-05:00,72.0,72.2699966430664,66.2300033569336,66.7699966430664,220200,0.0,0.0
2025-03-04 00:00:00-05:00,65.91000366210938,66.05999755859375,63.15999984741211,65.79000091552734,357100,0.0,0.0
2025-03-05 00:00:00-05:00,65.5199966430664,66.94000244140625,64.19000244140625,65.54000091552734,229800,0.0,0.0
2025-03-06 00:00:00-05:00,65.29000091552734,67.48999786376953,64.8499984741211,66.29000091552734,158900,0.0,0.0
2025-03-07 00:00:00-05:00,67.44000244140625,69.18000030517578,66.5199966430664,66.63999938964844,172200,0.0,0.0
2025-03-10 00:00:00-04:00,66.86000061035156,66.86000061035156,62.4900016784668,63.459999084472656,179500,0.0,0.0
2025-03-11 00:00:00-04:00,63.4900016784668,65.04000091552734,62.29999923706055,63.18000030517578,138300,0.0,0.0
2025-03-12 00:00:00-04:00,63.529998779296875,64.23999786376953,63.08000183105469,63.93000030517578,145700,0.0,0.0
2025-03-13 00:00:00-04:00,64.37999725341797,64.9800033569336,62.15999984741211,62.540000915527344,168100,0.0,0.0
2025-03-14 00:00:00-04:00,62.560001373291016,64.81999969482422,62.560001373291016,64.12000274658203,125000,0.0,0.0
2025-03-17 00:00:00-04:00,64.4000015258789,65.19999694824219,63.599998474121094,64.51000213623047,140300,0.0,0.0
2025-03-18 00:00:00-04:00,64.43000030517578,64.54000091552734,63.22999954223633,63.59000015258789,98400,0.0,0.0
2025-03-19 00:00:00-04:00,63.93000030517578,65.5999984741211,63.93000030517578,65.29000091552734,192600,0.0,0.0
2025-03-20 00:00:00-04:00,64.8499984741211,65.80999755859375,64.72000122070312,65.08000183105469,97900,0.0,0.0
2025-03-21 00:00:00-04:00,64.75,64.94000244140625,63.75,64.44999694824219,102100,0.0,0.0
2025-03-24 00:00:00-04:00,65.02999877929688,66.2300033569336,64.87999725341797,65.86000061035156,149700,0.0,0.0
2025-03-25 00:00:00-04:00,65.79000091552734,67.45999908447266,65.5,67.04000091552734,145300,0.0,0.0
2025-03-26 00:00:00-04:00,67.44999694824219,68.27999877929688,66.75,67.27999877929688,137000,0.0,0.0
2025-03-27 00:00:00-04:00,67.04000091552734,67.44999694824219,65.94999694824219,66.76000213623047,147600,0.0,0.0
2025-03-28 00:00:00-04:00,66.51000213623047,66.51000213623047,64.80000305175781,64.81999969482422,139200,0.0,0.0
2025-03-31 00:00:00-04:00,64.04000091552734,67.55000305175781,63.540000915527344,66.9000015258789,123100,0.0,0.0
2025-04-01 00:00:00-04:00,66.19999694824219,68.83999633789062,65.98999786376953,68.19000244140625,219900,0.0,0.0
2025-04-02 00:00:00-04:00,67.20999908447266,68.94999694824219,67.18000030517578,68.8499984741211,98800,0.0,0.0
2025-04-03 00:00:00-04:00,65.16999816894531,65.86000061035156,61.5,61.709999084472656,506800,0.0,0.0
2025-04-04 00:00:00-04:00,59.790000915527344,59.790000915527344,54.709999084472656,56.2400016784668,469300,0.0,0.0
2025-04-07 00:00:00-04:00,53.130001068115234,58.0,52.86000061035156,57.400001525878906,342600,0.0,0.0
2025-04-08 00:00:00-04:00,59.349998474121094,59.349998474121094,53.290000915527344,54.16999816894531,226600,0.0,0.0
2025-04-09 00:00:00-04:00,51.380001068115234,62.849998474121094,51.380001068115234,62.36000061035156,380600,0.0,0.0
2025-04-10 00:00:00-04:00,60.0,60.0,56.06999969482422,57.09000015258789,244400,0.0,0.0
2025-04-11 00:00:00-04:00,56.970001220703125,59.7400016784668,56.5,59.02000045776367,125700,0.0,0.0
2025-04-14 00:00:00-04:00,60.77000045776367,60.91999816894531,57.189998626708984,58.06999969482422,77200,0.0,0.0
2025-04-15 00:00:00-04:00,57.47999954223633,59.439998626708984,57.47999954223633,58.75,105100,0.0,0.0
2025-04-16 00:00:00-04:00,58.7599983215332,60.29999923706055,57.959999084472656,58.470001220703125,114600,0.0,0.0
2025-04-17 00:00:00-04:00,59.08000183105469,60.900001525878906,59.08000183105469,60.040000915527344,103200,0.0,0.0
2025-04-21 00:00:00-04:00,59.08000183105469,59.08000183105469,57.4900016784668,58.220001220703125,68700,0.0,0.0
2025-04-22 00:00:00-04:00,59.33000183105469,60.06999969482422,58.439998626708984,59.560001373291016,68400,0.0,0.0
2025-04-23 00:00:00-04:00,60.709999084472656,60.939998626708984,58.400001525878906,58.970001220703125,105300,0.0,0.0
2025-04-24 00:00:00-04:00,59.93000030517578,60.61000061035156,58.560001373291016,59.779998779296875,186300,0.0,0.0
2025-04-25 00:00:00-04:00,58.5,59.90999984741211,58.5,59.65999984741211,89300,0.0,0.0
2025-04-28 00:00:00-04:00,59.52000045776367,60.189998626708984,58.849998474121094,59.90999984741211,91500,0.0,0.0
2025-04-29 00:00:00-04:00,59.66999816894531,60.91999816894531,58.880001068115234,60.04999923706055,102400,0.0,0.0
2025-04-30 00:00:00-04:00,59.220001220703125,59.58000183105469,56.88999938964844,57.68000030517578,135300,0.0,0.0
2025-05-01 00:00:00-04:00,57.880001068115234,60.130001068115234,57.880001068115234,59.470001220703125,67700,0.0,0.0
2025-05-02 00:00:00-04:00,60.25,60.93000030517578,58.91999816894531,59.65999984741211,64800,0.0,0.0
2025-05-05 00:00:00-04:00,58.4900016784668,58.66999816894531,57.029998779296875,57.060001373291016,62600,0.0,0.0
2025-05-06 00:00:00-04:00,57.529998779296875,57.90999984741211,56.31999969482422,56.380001068115234,69800,0.0,0.0
2025-05-07 00:00:00-04:00,56.650001525878906,56.650001525878906,54.72999954223633,55.060001373291016,96700,0.0,0.0
2025-05-08 00:00:00-04:00,55.63999938964844,57.650001525878906,55.63999938964844,57.11000061035156,108100,0.0,0.0
2025-05-09 00:00:00-04:00,57.13999938964844,59.0099983215332,57.13999938964844,58.88999938964844,74500,0.0,0.0
2025-05-12 00:00:00-04:00,61.130001068115234,63.400001525878906,61.130001068115234,62.34000015258789,105800,0.0,0.0
2025-05-13 00:00:00-04:00,62.400001525878906,63.93000030517578,62.25,63.43000030517578,69500,0.0,0.0
2025-05-14 00:00:00-04:00,63.290000915527344,63.86000061035156,62.52000045776367,62.970001220703125,59300,0.0,0.0
2025-05-15 00:00:00-04:00,62.290000915527344,62.290000915527344,60.5,61.09000015258789,54600,0.0,0.0
2025-05-16 00:00:00-04:00,60.619998931884766,61.02000045776367,60.130001068115234,60.65999984741211,47300,0.0,0.0
2025-05-20 00:00:00-04:00,60.400001525878906,60.400001525878906,59.0099983215332,59.130001068115234,59400,0.0,0.0
2025-05-21 00:00:00-04:00,59.06999969482422,59.36000061035156,57.5,57.54999923706055,89800,0.0,0.0
2025-05-22 00:00:00-04:00,57.400001525878906,57.400001525878906,56.040000915527344,56.83000183105469,77300,0.0,0.0
2025-05-23 00:00:00-04:00,56.88999938964844,58.130001068115234,56.86000061035156,58.029998779296875,69700,0.0,0.0
2025-05-26 00:00:00-04:00,57.189998626708984,58.9900016784668,57.189998626708984,58.630001068115234,18300,0.0,0.0
2025-05-27 00:00:00-04:00,58.029998779296875,59.220001220703125,57.72999954223633,59.060001373291016,49900,0.0,0.0
2025-05-28 00:00:00-04:00,59.459999084472656,60.11000061035156,58.790000915527344,59.099998474121094,81400,0.0,0.0
2025-05-29 00:00:00-04:00,58.70000076293945,59.540000915527344,58.70000076293945,59.369998931884766,114900,0.0,0.0
2025-05-30 00:00:00-04:00,59.099998474121094,59.47999954223633,58.29999923706055,59.310001373291016,256600,0.0,0.0
2025-06-02 00:00:00-04:00,59.959999084472656,61.540000915527344,59.599998474121094,60.459999084472656,87400,0.0,0.0
2025-06-03 00:00:00-04:00,60.47999954223633,64.75,60.349998474121094,64.41000366210938,138100,0.0,0.0
2025-06-04 00:00:00-04:00,64.19999694824219,65.05000305175781,62.7599983215332,63.599998474121094,87700,0.0,0.0
2025-06-05 00:00:00-04:00,63.790000915527344,64.06999969482422,62.689998626708984,63.2599983215332,63800,0.0,0.0
2025-06-06 00:00:00-04:00,63.47999954223633,66.1500015258789,63.47999954223633,65.48999786376953,84400,0.0,0.0
2025-06-09 00:00:00-04:00,65.69000244140625,67.69000244140625,65.69000244140625,66.58999633789062,88500,0.0,0.0
2025-06-10 00:00:00-04:00,66.63999938964844,69.2699966430664,66.63999938964844,67.86000061035156,81900,0.0,0.0
2025-06-11 00:00:00-04:00,67.98999786376953,69.38999938964844,67.83000183105469,69.05999755859375,101000,0.0,0.0
2025-06-12 00:00:00-04:00,68.9000015258789,68.9000015258789,67.19000244140625,67.87000274658203,60000,0.0,0.0
2025-06-13 00:00:00-04:00,69.37000274658203,70.5999984741211,67.95999908447266,69.27999877929688,112900,0.0,0.0
2025-06-16 00:00:00-04:00,69.26000213623047,69.26000213623047,67.30000305175781,68.66999816894531,124700,0.0,0.0
2025-06-17 00:00:00-04:00,68.76000213623047,70.94999694824219,68.76000213623047,70.29000091552734,110800,0.0,0.0
2025-06-18 00:00:00-04:00,69.98999786376953,71.13999938964844,69.0999984741211,69.87999725341797,96000,0.0,0.0
2025-06-19 00:00:00-04:00,70.94999694824219,70.94999694824219,69.73999786376953,69.80999755859375,33600,0.0,0.0
2025-06-20 00:00:00-04:00,69.5,70.08999633789062,68.77999877929688,69.41000366210938,492900,0.0,0.0
2025-06-23 00:00:00-04:00,69.5999984741211,70.11000061035156,65.80999755859375,65.9000015258789,129800,0.0,0.0
2025-06-24 00:00:00-04:00,65.5,66.13999938964844,63.439998626708984,63.4900016784668,130700,0.0,0.0
2025-06-25 00:00:00-04:00,63.41999816894531,64.18000030517578,63.15999984741211,63.25,84800,0.0,0.0
2025-06-26 00:00:00-04:00,63.11000061035156,64.37000274658203,63.0099983215332,64.08000183105469,90100,0.0,0.0
2025-06-27 00:00:00-04:00,64.0999984741211,65.5,64.0999984741211,64.75,92500,0.0,0.0
2025-06-30 00:00:00-04:00,64.72000122070312,65.02999877929688,63.939998626708984,64.48999786376953,54100,0.0,0.0
2025-07-02 00:00:00-04:00,65.31999969482422,69.11000061035156,65.27999877929688,69.08000183105469,132600,0.0,0.0
2025-07-03 00:00:00-04:00,69.12999725341797,70.0,68.12999725341797,68.5999984741211,53800,0.0,0.0
2025-07-04 00:00:00-04:00,68.23999786376953,68.66999816894531,68.0,68.13999938964844,12500,0.0,0.0
2025-07-07 00:00:00-04:00,68.13999938964844,69.4000015258789,67.0,67.8499984741211,54200,0.0,0.0
2025-07-08 00:00:00-04:00,67.73999786376953,71.47000122070312,67.73999786376953,70.86000061035156,97100,0.0,0.0
2025-07-09 00:00:00-04:00,71.44000244140625,71.62999725341797,69.83000183105469,69.88999938964844,42900,0.0,0.0
2025-07-10 00:00:00-04:00,69.56999969482422,70.6500015258789,69.0,69.98999786376953,40000,0.0,0.0
2025-07-11 00:00:00-04:00,70.1500015258789,70.1500015258789,69.04000091552734,69.37000274658203,28900,0.0,0.0
2025-07-14 00:00:00-04:00,69.01000213623047,69.0199966430664,67.16000366210938,68.16000366210938,46500,0.0,0.0
2025-07-15 00:00:00-04:00,68.16000366210938,68.62000274658203,67.7300033569336,68.31999969482422,76200,0.0,0.0
2025-07-16 00:00:00-04:00,67.79000091552734,68.73999786376953,66.5199966430664,68.73999786376953,101800,0.0,0.0
2025-07-17 00:00:00-04:00,68.08000183105469,71.19999694824219,68.08000183105469,70.7300033569336,192900,0.0,0.0
2025-07-18 00:00:00-04:00,71.7699966430664,71.7699966430664,70.19000244140625,70.19999694824219,132900,0.0,0.0
2025-07-21 00:00:00-04:00,69.62999725341797,70.63999938964844,67.44999694824219,67.72000122070312,91100,0.0,0.0
2025-07-22 00:00:00-04:00,67.48999786376953,69.91999816894531,67.48999786376953,69.37999725341797,67400,0.0,0.0
2025-07-23 00:00:00-04:00,69.41999816894531,72.22000122070312,69.41999816894531,72.06999969482422,104200,0.0,0.0
2025-07-24 00:00:00-04:00,72.0,73.16999816894531,71.61000061035156,72.05999755859375,59800,0.0,0.0
2025-07-25 00:00:00-04:00,71.87999725341797,72.12999725341797,70.72000122070312,71.16000366210938,43300,0.0,0.0
2025-07-28 00:00:00-04:00,71.5999984741211,73.5,71.5999984741211,73.25,67600,0.0,0.0
2025-07-29 00:00:00-04:00,74.0999984741211,74.0999984741211,71.66999816894531,72.47000122070312,43500,0.0,0.0
2025-07-30 00:00:00-04:00,73.25,78.30000305175781,73.25,77.44999694824219,229300,0.0,0.0
2025-07-31 00:00:00-04:00,76.86000061035156,79.0,76.31999969482422,78.02999877929688,108000,0.0,0.0
2025-08-01 00:00:00-04:00,77.9800033569336,77.9800033569336,73.88999938964844,74.80000305175781,81900,0.0,0.0
2025-08-05 00:00:00-04:00,75.5,75.58000183105469,73.91000366210938,75.43000030517578,51900,0.0,0.0
2025-08-06 00:00:00-04:00,75.4800033569336,76.86000061035156,74.08999633789062,74.48999786376953,61900,0.0,0.0
2025-08-07 00:00:00-04:00,75.93000030517578,76.26000213623047,74.4800033569336,74.91999816894531,90500,0.0,0.0
2025-08-08 00:00:00-04:00,75.02999877929688,75.94000244140625,74.62000274658203,75.44999694824219,38100,0.0,0.0
2025-08-11 00:00:00-04:00,76.04000091552734,76.33999633789062,74.68000030517578,75.41999816894531,44700,0.0,0.0
2025-08-12 00:00:00-04:00,75.87999725341797,77.83000183105469,75.73999786376953,76.83999633789062,50300,0.0,0.0
2025-08-13 00:00:00-04:00,77.7300033569336,77.7300033569336,75.26000213623047,76.3499984741211,46100,0.0,0.0
2025-08-14 00:00:00-04:00,76.19000244140625,76.19000244140625,75.1500015258789,75.91999816894531,33500,0.0,0.0
2025-08-15 00:00:00-04:00,75.94999694824219,75.94999694824219,74.4800033569336,74.4800033569336,72200,0.0,0.0
2025-08-18 00:00:00-04:00,74.4800033569336,75.61000061035156,73.7300033569336,75.12999725341797,54000,0.0,0.0
2025-08-19 00:00:00-04:00,75.3499984741211,75.3499984741211,73.76000213623047,73.98999786376953,31400,0.0,0.0
2025-08-20 00:00:00-04:00,73.98999786376953,74.2699966430664,72.87000274658203,74.20999908447266,31900,0.0,0.0
2025-08-21 00:00:00-04:00,74.80999755859375,75.7699966430664,73.81999969482422,75.75,32200,0.0,0.0
2025-08-22 00:00:00-04:00,76.51000213623047,79.47000122070312,75.51000213623047,79.16999816894531,130500,0.0,0.0
2025-08-25 00:00:00-04:00,79.30000305175781,79.30000305175781,78.0999984741211,78.8499984741211,63100,0.0,0.0
2025-08-26 00:00:00-04:00,78.62000274658203,78.91999816894531,77.31999969482422,77.56999969482422,67800,0.0,0.0
2025-08-27 00:00:00-04:00,78.1500015258789,78.87999725341797,77.26000213623047,78.66999816894531,72100,0.0,0.0
2025-08-28 00:00:00-04:00,78.72000122070312,78.72000122070312,77.45999908447266,77.5,80600,0.0,0.0
2025-08-29 00:00:00-04:00,77.80000305175781,79.5,77.51000213623047,79.5,75000,0.0,0.0
2025-09-02 00:00:00-04:00,79.5,81.0,78.25,80.88999938964844,82800,0.0,0.0
2025-09-03 00:00:00-04:00,80.7300033569336,81.0,78.80999755859375,79.23999786376953,61200,0.0,0.0
2025-09-04 00:00:00-04:00,78.56999969482422,80.91000366210938,78.56999969482422,80.3499984741211,29800,0.0,0.0
2025-09-05 00:00:00-04:00,79.37999725341797,80.55000305175781,78.2699966430664,78.51000213623047,54900,0.0,0.0
2025-09-08 00:00:00-04:00,78.91999816894531,79.01000213623047,76.0,77.45999908447266,77300,0.0,0.0
2025-09-09 00:00:00-04:00,77.54000091552734,79.94999694824219,77.54000091552734,78.5199966430664,92600,0.0,0.0
2025-09-10 00:00:00-04:00,79.16999816894531,79.44000244140625,77.66999816894531,79.33000183105469,94800,0.0,0.0
2025-09-11 00:00:00-04:00,78.83000183105469,78.83000183105469,77.19000244140625,78.72000122070312,91100,0.0,0.0
2025-09-12 00:00:00-04:00,79.66000366210938,81.4000015258789,78.87999725341797,79.66000366210938,143700,0.0,0.0
2025-09-15 00:00:00-04:00,79.44999694824219,80.4800033569336,79.0,79.55000305175781,55900,0.0,0.0
2025-09-16 00:00:00-04:00,80.16000366210938,81.62999725341797,79.4800033569336,80.4800033569336,100200,0.0,0.0
2025-09-17 00:00:00-04:00,80.95999908447266,81.5,79.72000122070312,79.95999908447266,51400,0.0,0.0
2025-09-18 00:00:00-04:00,80.01000213623047,80.31999969482422,78.69999694824219,80.18000030517578,48200,0.0,0.0
2025-09-19 00:00:00-04:00,79.70999908447266,79.98999786376953,78.01000213623047,78.75,88400,0.0,0.0
2025-09-22 00:00:00-04:00,78.43000030517578,80.56999969482422,78.0199966430664,79.7300033569336,94900,0.0,0.0
2025-09-23 00:00:00-04:00,79.8499984741211,83.0,79.8499984741211,80.69000244140625,174900,0.0,0.0
2025-09-24 00:00:00-04:00,82.0,83.0,81.0199966430664,81.45999908447266,64400,0.0,0.0
2025-09-25 00:00:00-04:00,81.88999938964844,81.93000030517578,80.37999725341797,81.30999755859375,70000,0.0,0.0
2025-09-26 00:00:00-04:00,81.36000061035156,82.95999908447266,80.8499984741211,82.30000305175781,129600,0.0,0.0
2025-09-29 00:00:00-04:00,82.3499984741211,82.3499984741211,79.12000274658203,79.20999908447266,79800,0.0,0.0
2025-09-30 00:00:00-04:00,78.62000274658203,78.62000274658203,77.23999786376953,78.37999725341797,90700,0.0,0.0
2025-10-01 00:00:00-04:00,77.66000366210938,79.94999694824219,77.61000061035156,79.37999725341797,61900,0.0,0.0
2025-10-02 00:00:00-04:00,79.33999633789062,79.93000030517578,78.66999816894531,79.54000091552734,47700,0.0,0.0
2025-10-03 00:00:00-04:00,79.79000091552734,81.19999694824219,79.79000091552734,81.01000213623047,143000,0.0,0.0
2025-10-06 00:00:00-04:00,81.29000091552734,82.19999694824219,79.93000030517578,79.97000122070312,65900,0.0,0.0
2025-10-07 00:00:00-04:00,80.58000183105469,81.0,79.7699966430664,80.43000030517578,49500,0.0,0.0
2025-10-08 00:00:00-04:00,80.05999755859375,80.5999984741211,78.9000015258789,79.54000091552734,42200,0.0,0.0
2025-10-09 00:00:00-04:00,79.8499984741211,80.80000305175781,78.56999969482422,79.16000366210938,72300,0.0,0.0
2025-10-10 00:00:00-04:00,78.94999694824219,78.94999694824219,74.79000091552734,74.93000030517578,129400,0.0,0.0
2025-10-14 00:00:00-04:00,75.16000366210938,76.6500015258789,74.51000213623047,76.44000244140625,63400,0.0,0.0
2025-10-15 00:00:00-04:00,77.7699966430664,78.30000305175781,77.01000213623047,77.66000366210938,47700,0.0,0.0
2025-10-16 00:00:00-04:00,78.41999816894531,78.41999816894531,75.86000061035156,75.9800033569336,41100,0.0,0.0
2025-10-17 00:00:00-04:00,76.04000091552734,76.66000366210938,75.58000183105469,75.87999725341797,29900,0.0,0.0
2025-10-20 00:00:00-04:00,76.0,77.55999755859375,76.0,76.88999938964844,57900,0.0,0.0
2025-10-21 00:00:00-04:00,76.8499984741211,77.7699966430664,75.94000244140625,76.75,54700,0.0,0.0
2025-10-22 00:00:00-04:00,76.98999786376953,79.2699966430664,76.98999786376953,78.83000183105469,58700,0.0,0.0
2025-10-23 00:00:00-04:00,78.83999633789062,83.25,76.86000061035156,82.26000213623047,275000,0.0,0.0
2025-10-24 00:00:00-04:00,82.26000213623047,85.05000305175781,82.26000213623047,83.25,123000,0.0,0.0
2025-10-27 00:00:00-04:00,83.79000091552734,85.05000305175781,82.7699966430664,84.2699966430664,109500,0.0,0.0
2025-10-28 00:00:00-04:00,84.66999816894531,84.66999816894531,80.37999725341797,80.9800033569336,125200,0.0,0.0
2025-10-29 00:00:00-04:00,80.9800033569336,82.30000305175781,80.76000213623047,81.68000030517578,110100,0.0,0.0
2025-10-30 00:00:00-04:00,81.5999984741211,83.30999755859375,80.98999786376953,82.16999816894531,83700,0.0,0.0
2025-10-31 00:00:00-04:00,83.18000030517578,84.30999755859375,82.5,84.13999938964844,102000,0.0,0.0
2025-11-03 00:00:00-05:00,84.55999755859375,84.58000183105469,82.88999938964844,84.51000213623047,61400,0.0,0.0
2025-11-04 00:00:00-05:00,82.45999908447266,83.80999755859375,82.33000183105469,82.87999725341797,70500,0.0,0.0
2025-11-05 00:00:00-05:00,83.0,83.8499984741211,81.1500015258789,81.31999969482422,83600,0.0,0.0
2025-11-06 00:00:00-05:00,81.04000091552734,82.54000091552734,80.37999725341797,81.12999725341797,68800,0.0,0.0
2025-11-07 00:00:00-05:00,80.83999633789062,81.63999938964844,79.1500015258789,81.3499984741211,52700,0.0,0.0
2025-11-10 00:00:00-05:00,81.70999908447266,82.8499984741211,81.1500015258789,82.44000244140625,46700,0.0,0.0
2025-11-11 00:00:00-05:00,83.5,85.11000061035156,83.41999816894531,84.43000030517578,98000,0.0,0.0
2025-11-12 00:00:00-05:00,85.0,85.44999694824219,82.08999633789062,82.31999969482422,74900,0.0,0.0
2025-11-13 00:00:00-05:00,82.69000244140625,83.05999755859375,79.19000244140625,79.69000244140625,85600,0.0,0.0
2025-11-14 00:00:00-05:00,79.25,82.36000061035156,78.76000213623047,82.08999633789062,84900,0.0,0.0
2025-11-17 00:00:00-05:00,82.69000244140625,82.88999938964844,80.9000015258789,81.0199966430664,66700,0.0,0.0
2025-11-18 00:00:00-05:00,79.80999755859375,82.05000305175781,79.80999755859375,81.94999694824219,24300,0.0,0.0
2025-11-19 00:00:00-05:00,80.58999633789062,82.1500015258789,80.0199966430664,81.62999725341797,75800,0.0,0.0
2025-11-20 00:00:00-05:00,82.30000305175781,85.30000305175781,79.77999877929688,80.33000183105469,101900,0.0,0.0
2025-11-21 00:00:00-05:00,80.69999694824219,80.83000183105469,79.0999984741211,80.2699966430664,138200,0.0,0.0
2025-11-24 00:00:00-05:00,79.76000213623047,82.76000213623047,79.5,81.93000030517578,76900,0.0,0.0
2025-11-25 00:00:00-05:00,81.68000030517578,84.33999633789062,80.44999694824219,83.66000366210938,69100,0.0,0.0
2025-11-26 00:00:00-05:00,83.41000366210938,84.75,83.41000366210938,84.44999694824219,84900,0.0,0.0
2025-11-27 00:00:00-05:00,83.9800033569336,85.87999725341797,83.9800033569336,85.83000183105469,24700,0.0,0.0
2025-11-28 00:00:00-05:00,85.01000213623047,87.77999877929688,84.98999786376953,87.0999984741211,64200,0.0,0.0
2025-12-01 00:00:00-05:00,84.8499984741211,88.19999694824219,84.8499984741211,88.0,56100,0.0,0.0
2025-12-02 00:00:00-05:00,87.88999938964844,89.18000030517578,86.30000305175781,88.7699966430664,90800,0.0,0.0
2025-12-03 00:00:00-05:00,88.81999969482422,93.52999877929688,88.81999969482422,93.04000091552734,141700,0.0,0.0
2025-12-04 00:00:00-05:00,93.62999725341797,94.31999969482422,92.44000244140625,93.66999816894531,142500,0.0,0.0
2025-12-05 00:00:00-05:00,93.4000015258789,96.47000122070312,93.4000015258789,94.25,124500,0.0,0.0
2025-12-08 00:00:00-05:00,94.25,96.16000366210938,93.54000091552734,94.33000183105469,69400,0.0,0.0
2025-12-09 00:00:00-05:00,94.80999755859375,96.61000061035156,94.80000305175781,96.51000213623047,75000,0.0,0.0
2025-12-10 00:00:00-05:00,96.48999786376953,97.9000015258789,94.0999984741211,97.70999908447266,117400,0.0,0.0
2025-12-11 00:00:00-05:00,96.62000274658203,98.77999877929688,96.0199966430664,96.76000213623047,122000,0.0,0.0
2025-12-12 00:00:00-05:00,96.73999786376953,97.27999877929688,93.7699966430664,94.38999938964844,114400,0.0,0.0
2025-12-15 00:00:00-05:00,94.55000305175781,95.56999969482422,93.27999877929688,94.05000305175781,91100,0.0,0.0
2025-12-16 00:00:00-05:00,93.12000274658203,93.4800033569336,91.18000030517578,92.44999694824219,152100,0.0,0.0
2025-12-17 00:00:00-05:00,93.5,93.88999938964844,92.20999908447266,93.69999694824219,77700,0.0,0.0
2025-12-18 00:00:00-05:00,94.72000122070312,95.56999969482422,93.06999969482422,95.27999877929688,97000,0.0,0.0
2025-12-19 00:00:00-05:00,95.05999755859375,97.5,95.01000213623047,96.27999877929688,220500,0.0,0.0
2025-12-22 00:00:00-05:00,96.9800033569336,98.5,93.55000305175781,93.79000091552734,76500,0.0,0.0
2025-12-23 00:00:00-05:00,93.4000015258789,94.98999786376953,92.94999694824219,94.66000366210938,50900,0.0,0.0
2025-12-24 00:00:00-05:00,94.66000366210938,95.94999694824219,94.05999755859375,95.41999816894531,20400,0.0,0.0
2025-12-29 00:00:00-05:00,94.44999694824219,97.5199966430664,94.44999694824219,96.55000305175781,68400,0.0,0.0
2025-12-30 00:00:00-05:00,97.4000015258789,99.01000213623047,97.4000015258789,98.66000366210938,77800,0.0,0.0
2025-12-31 00:00:00-05:00,98.76000213623047,99.16000366210938,97.9000015258789,98.48999786376953,28800,0.0,0.0
2026-01-02 00:00:00-05:00,98.72000122070312,102.08999633789062,97.91999816894531,101.05000305175781,86300,0.0,0.0
2026-01-05 00:00:00-05:00,102.05999755859375,104.44999694824219,98.05999755859375,98.66999816894531,100800,0.0,0.0
2026-01-06 00:00:00-05:00,99.2699966430664,101.81999969482422,98.2300033569336,98.95999908447266,109000,0.0,0.0
2026-01-07 00:00:00-05:00,99.62999725341797,100.18000030517578,96.94999694824219,97.5999984741211,76600,0.0,0.0
2026-01-08 00:00:00-05:00,97.77999877929688,101.69000244140625,97.77999877929688,100.04000091552734,74100,0.0,0.0
2026-01-09 00:00:00-05:00,101.25,101.86000061035156,98.66999816894531,99.19999694824219,46600,0.0,0.0
2026-01-12 00:00:00-05:00,99.2300033569336,99.76000213623047,98.16000366210938,98.93000030517578,47600,0.0,0.0
2026-01-13 00:00:00-05:00,99.43000030517578,104.13999938964844,99.43000030517578,102.16000366210938,92400,0.0,0.0
2026-01-14 00:00:00-05:00,103.7699966430664,106.19000244140625,103.41000366210938,103.94999694824219,131100,0.0,0.0
2026-01-15 00:00:00-05:00,103.55999755859375,103.79000091552734,102.16999816894531,103.36000061035156,59500,0.0,0.0
2026-01-16 00:00:00-05:00,103.41999816894531,103.69000244140625,101.80999755859375,102.88999938964844,40200,0.0,0.0
2026-01-19 00:00:00-05:00,101.55000305175781,103.23999786376953,101.55000305175781,103.0,16700,0.0,0.0
2026-01-20 00:00:00-05:00,101.93000030517578,104.12000274658203,101.73999786376953,102.22000122070312,73100,0.0,0.0
2026-01-21 00:00:00-05:00,102.5199966430664,106.56999969482422,102.5199966430664,106.01000213623047,125900,0.0,0.0
2026-01-22 00:00:00-05:00,105.62000274658203,105.62000274658203,103.7300033569336,104.66000366210938,56500,0.0,0.0
2026-01-23 00:00:00-05:00,105.9000015258789,107.0,104.55999755859375,104.88999938964844,132800,0.0,0.0
2026-01-26 00:00:00-05:00,106.16999816894531,107.1500015258789,104.83000183105469,107.02999877929688,29500,0.0,0.0
2026-01-27 00:00:00-05:00,106.05000305175781,108.4000015258789,106.05000305175781,107.0999984741211,74500,0.0,0.0
2026-01-28 00:00:00-05:00,107.1500015258789,107.9800033569336,105.87000274658203,106.70999908447266,73400,0.0,0.0
2026-01-29 00:00:00-05:00,108.23999786376953,110.43000030517578,107.44999694824219,109.88999938964844,123300,0.0,0.0
2026-01-30 00:00:00-05:00,109.37000274658203,110.04000091552734,106.76000213623047,108.5999984741211,80000,0.0,0.0
2026-02-02 00:00:00-05:00,105.9000015258789,109.95999908447266,105.9000015258789,108.76000213623047,81200,0.0,0.0
2026-02-03 00:00:00-05:00,109.37000274658203,111.94000244140625,109.26000213623047,111.8499984741211,61700,0.0,0.0
2026-02-04 00:00:00-05:00,111.0,115.31999969482422,110.98999786376953,114.48999786376953,126400,0.0,0.0
2026-02-05 00:00:00-05:00,112.88999938964844,114.26000213623047,110.51000213623047,113.80000305175781,82600,0.0,0.0
2026-02-06 00:00:00-05:00,114.2699966430664,120.2300033569336,114.2699966430664,118.86000061035156,133800,0.0,0.0
2026-02-09 00:00:00-05:00,118.86000061035156,121.7699966430664,118.83999633789062,119.66999816894531,79700,0.0,0.0
2026-02-10 00:00:00-05:00,120.0,120.0,116.75,118.23999786376953,56300,0.0,0.0
2026-02-11 00:00:00-05:00,119.05999755859375,122.6500015258789,119.05999755859375,122.51000213623047,95400,0.0,0.0
2026-02-12 00:00:00-05:00,119.25,121.54000091552734,110.48999786376953,113.0999984741211,265900,0.0,0.0
2026-02-13 00:00:00-05:00,112.5,119.6500015258789,112.5,119.04000091552734,193500,0.0,0.0
2026-02-17 00:00:00-05:00,117.97000122070312,122.0,117.31999969482422,118.87000274658203,137900,0.0,0.0
2026-02-18 00:00:00-05:00,120.8499984741211,122.27999877929688,119.98999786376953,122.26000213623047,78500,0.0,0.0
2026-02-19 00:00:00-05:00,122.68000030517578,126.47000122070312,121.23999786376953,122.5999984741211,122900,0.0,0.0
2026-02-20 00:00:00-05:00,121.86000061035156,122.1500015258789,119.12000274658203,120.70999908447266,69200,0.0,0.0
2026-02-23 00:00:00-05:00,120.94000244140625,122.6500015258789,117.69999694824219,120.11000061035156,55100,0.0,0.0
2026-02-24 00:00:00-05:00,119.66000366210938,121.55999755859375,119.02999877929688,119.91999816894531,67800,0.0,0.0
2026-02-25 00:00:00-05:00,119.93000030517578,120.0,117.33999633789062,118.86000061035156,52100,0.0,0.0
2026-02-26 00:00:00-05:00,117.62000274658203,119.5,117.0,117.68000030517578,68300,0.0,0.0
2026-02-27 00:00:00-05:00,118.63999938964844,119.70999908447266,116.86000061035156,118.31999969482422,126900,0.0,0.0
2026-03-02 00:00:00-05:00,122.23999786376953,125.08000183105469,119.51000213623047,121.9000015258789,123000,0.0,0.0
2026-03-03 00:00:00-05:00,121.97000122070312,122.22000122070312,117.33000183105469,119.48999786376953,169200,0.0,0.0
2026-03-04 00:00:00-05:00,118.69999694824219,122.33000183105469,118.69999694824219,120.12000274658203,67500,0.0,0.0
2026-03-05 00:00:00-05:00,121.06999969482422,121.9000015258789,118.0199966430664,120.0999984741211,95300,0.0,0.0
2026-03-06 00:00:00-05:00,120.1500015258789,123.31999969482422,118.80000305175781,121.94999694824219,83200,0.0,0.0
2026-03-09 00:00:00-04:00,122.93000030517578,127.5199966430664,121.51000213623047,123.93000030517578,111300,0.0,0.0
2026-03-10 00:00:00-04:00,124.12999725341797,126.27999877929688,122.72000122070312,124.20999908447266,94100,0.0,0.0
2026-03-11 00:00:00-04:00,124.36000061035156,127.25,122.75,127.13999938964844,92000,0.0,0.0
2026-03-12 00:00:00-04:00,128.0,128.0,124.58000183105469,125.9800033569336,140900,0.0,0.0
2026-03-13 00:00:00-04:00,125.11000061035156,128.0,124.12999725341797,126.87000274658203,60800,0.0,0.0
2026-03-16 00:00:00-04:00,126.87999725341797,129.52999877929688,124.41999816894531,127.12999725341797,107000,0.0,0.0
2026-03-17 00:00:00-04:00,128.7899932861328,131.2100067138672,128.7899932861328,129.36000061035156,93500,0.0,0.0
2026-03-18 00:00:00-04:00,130.07000732421875,133.1999969482422,128.8300018310547,132.08999633789062,79800,0.0,0.0
2026-03-19 00:00:00-04:00,131.0500030517578,138.64999389648438,131.0500030517578,134.8800048828125,129500,0.0,0.0
2026-03-20 00:00:00-04:00,134.88999938964844,135.83999633789062,132.7100067138672,135.52999877929688,112600,0.0,0.0
2026-03-23 00:00:00-04:00,134.0,138.99000549316406,133.17999267578125,137.36000061035156,78100,0.0,0.0
2026-03-24 00:00:00-04:00,139.0,142.0800018310547,138.83999633789062,140.30999755859375,90200,0.0,0.0
2026-03-25 00:00:00-04:00,139.6699981689453,141.75999450683594,139.3800048828125,140.91000366210938,49100,0.0,0.0
2026-03-26 00:00:00-04:00,141.77999877929688,143.80999755859375,140.17999267578125,140.5500030517578,64400,0.0,0.0
2026-03-27 00:00:00-04:00,141.27000427246094,143.16000366210938,139.1199951171875,140.08999633789062,125600,0.0,0.0
2026-03-30 00:00:00-04:00,141.02000427246094,143.0,136.11000061035156,136.6999969482422,88800,0.0,0.0
2026-03-31 00:00:00-04:00,137.92999267578125,142.0399932861328,133.39999389648438,136.89999389648438,128400,0.0,0.0
2026-04-01 00:00:00-04:00,136.1199951171875,136.25,128.47999572753906,129.3000030517578,106500,0.0,0.0
2026-04-02 00:00:00-04:00,132.02000427246094,134.85000610351562,130.5800018310547,131.10000610351562,65600,0.0,0.0
2026-04-06 00:00:00-04:00,129.9499969482422,132.24000549316406,129.0500030517578,132.17999267578125,68700,0.0,0.0
2026-04-07 00:00:00-04:00,130.91000366210938,136.1699981689453,130.83999633789062,132.69000244140625,69300,0.0,0.0
2026-04-08 00:00:00-04:00,125.73999786376953,129.49000549316406,122.8499984741211,128.89999389648438,78300,0.0,0.0
2026-04-09 00:00:00-04:00,128.97000122070312,131.72000122070312,126.77999877929688,127.7300033569336,129100,0.0,0.0
2026-04-10 00:00:00-04:00,126.31999969482422,128.89999389648438,126.31999969482422,127.80999755859375,31600,0.0,0.0
2026-04-13 00:00:00-04:00,128.33999633789062,131.11000061035156,127.44000244140625,128.0399932861328,59500,0.0,0.0
2026-04-14 00:00:00-04:00,127.44999694824219,127.75,122.87999725341797,123.95999908447266,142000,0.0,0.0
2026-04-15 00:00:00-04:00,122.55000305175781,124.48999786376953,122.0,122.33000183105469,130300,0.0,0.0
2026-04-16 00:00:00-04:00,122.4000015258789,124.7300033569336,120.86000061035156,121.55000305175781,121000,0.0,0.0
2026-04-17 00:00:00-04:00,120.2300033569336,120.2300033569336,112.16999816894531,114.36000061035156,192800,0.0,0.0
2026-04-20 00:00:00-04:00,115.08000183105469,116.83999633789062,113.22000122070312,113.37000274658203,96200,0.0,0.0
2026-04-21 00:00:00-04:00,114.47000122070312,117.69999694824219,114.47000122070312,117.63999938964844,149200,0.0,0.0
2026-04-22 00:00:00-04:00,119.63999938964844,121.4800033569336,118.95999908447266,121.4800033569336,83000,0.0,0.0
2026-04-23 00:00:00-04:00,122.05999755859375,126.05000305175781,121.72000122070312,125.88999938964844,79300,0.0,0.0
2026-04-24 00:00:00-04:00,125.0,130.17999267578125,124.16000366210938,130.17999267578125,72800,0.0,0.0
2026-04-27 00:00:00-04:00,130.39999389648438,132.97000122070312,130.1999969482422,132.08999633789062,94400,0.0,0.0
2026-04-28 00:00:00-04:00,134.07000732421875,136.02000427246094,132.8800048828125,135.16000366210938,47900,0.0,0.0
2026-04-29 00:00:00-04:00,136.33999633789062,140.1999969482422,135.66000366210938,140.02999877929688,98400,0.0,0.0
2026-04-30 00:00:00-04:00,129.97000122070312,130.97999572753906,124.80000305175781,126.69999694824219,338400,0.0,0.0
2026-05-01 00:00:00-04:00,125.30999755859375,130.57000732421875,125.30999755859375,128.74000549316406,107800,0.0,0.0
2026-05-04 00:00:00-04:00,128.5500030517578,131.2100067138672,126.94000244140625,130.1999969482422,83100,0.0,0.0
2026-05-05 00:00:00-04:00,129.72999572753906,130.60000610351562,127.54000091552734,130.0,70000,0.0,0.0
2026-05-06 00:00:00-04:00,126.27999877929688,126.27999877929688,124.13999938964844,125.0999984741211,118800,0.0,0.0
2026-05-07 00:00:00-04:00,123.94000244140625,124.08000183105469,119.73999786376953,122.91999816894531,130400,0.0,0.0
2026-05-08 00:00:00-04:00,122.7699966430664,122.8499984741211,120.12999725341797,120.26000213623047,51200,0.0,0.0
2026-05-11 00:00:00-04:00,121.83999633789062,126.5,121.83999633789062,125.98999786376953,66600,0.0,0.0
2026-05-12 00:00:00-04:00,126.33999633789062,128.27999877929688,124.75,127.5999984741211,121200,0.0,0.0
2026-05-13 00:00:00-04:00,127.80000305175781,129.6699981689453,125.66000366210938,127.79000091552734,46600,0.0,0.0
2026-05-14 00:00:00-04:00,127.79000091552734,129.52000427246094,127.45999908447266,128.94000244140625,48800,0.0,0.0
2026-05-15 00:00:00-04:00,130.10000610351562,130.67999267578125,127.79000091552734,130.63999938964844,56900,0.0,0.0
2026-05-19 00:00:00-04:00,132.0,139.47000122070312,131.99000549316406,137.6199951171875,193600,0.0,0.0
2026-05-20 00:00:00-04:00,137.4199981689453,140.36000061035156,133.75,135.02999877929688,126500,0.0,0.0
2026-05-21 00:00:00-04:00,135.11000061035156,136.5500030517578,130.30999755859375,132.77999877929688,115500,0.0,0.0
2026-05-22 00:00:00-04:00,131.6199951171875,133.9499969482422,130.57000732421875,133.94000244140625,56700,0.0,0.0
2026-05-25 00:00:00-04:00,130.33999633789062,132.38999938964844,125.77999877929688,126.47000122070312,74000,0.0,0.0
2026-05-26 00:00:00-04:00,129.22000122070312,133.02999877929688,127.52999877929688,128.00999450683594,84400,0.0,0.0
2026-05-27 00:00:00-04:00,126.08000183105469,126.08000183105469,122.83999633789062,123.7300033569336,85400,0.0,0.0
2026-05-28 00:00:00-04:00,125.05000305175781,126.87000274658203,123.79000091552734,124.0999984741211,74400,0.0,0.0
2026-05-29 00:00:00-04:00,124.11000061035156,125.05000305175781,121.87000274658203,123.18000030517578,63300,0.0,0.0
2026-06-01 00:00:00-04:00,124.2699966430664,129.1999969482422,124.2699966430664,127.58000183105469,98200,0.0,0.0
2026-06-02 00:00:00-04:00,127.75,129.74000549316406,127.06999969482422,129.0399932861328,68900,0.0,0.0
2026-06-03 00:00:00-04:00,129.32000732421875,133.69000244140625,127.80999755859375,132.1300048828125,69500,0.0,0.0
2026-06-04 00:00:00-04:00,129.94000244140625,138.86000061035156,129.94000244140625,137.3300018310547,88100,0.0,0.0
2026-06-05 00:00:00-04:00,137.0,137.0,128.69000244140625,129.83999633789062,82200,0.0,0.0
2026-06-08 00:00:00-04:00,130.13999938964844,137.22999572753906,130.13999938964844,135.83999633789062,124000,0.0,0.0
2026-06-09 00:00:00-04:00,133.25999450683594,135.10000610351562,127.83000183105469,131.25,86401,0.0,0.0
