Date,Open,High,Low,Close,Volume,Dividends,Stock Splits
2022-01-03 00:00:00-05:00,10.3100004196167,10.3100004196167,9.579999923706055,9.90999984741211,288800,0.0,0.0
2022-01-04 00:00:00-05:00,10.15999984741211,10.15999984741211,9.220000267028809,9.510000228881836,233300,0.0,0.0
2022-01-05 00:00:00-05:00,9.579999923706055,9.680000305175781,8.649999618530273,8.890000343322754,485300,0.0,0.0
2022-01-06 00:00:00-05:00,8.880000114440918,8.949000358581543,8.4399995803833,8.699999809265137,388200,0.0,0.0
2022-01-07 00:00:00-05:00,8.529999732971191,8.869999885559082,8.489999771118164,8.550000190734863,228100,0.0,0.0
2022-01-10 00:00:00-05:00,8.649999618530273,8.699000358581543,7.739999771118164,8.199999809265137,323200,0.0,0.0
2022-01-11 00:00:00-05:00,8.039999961853027,8.25,7.800000190734863,8.020000457763672,299500,0.0,0.0
2022-01-12 00:00:00-05:00,8.170000076293945,8.170000076293945,7.760000228881836,7.880000114440918,278700,0.0,0.0
2022-01-13 00:00:00-05:00,7.949999809265137,7.949999809265137,7.420000076293945,7.579999923706055,527600,0.0,0.0
2022-01-14 00:00:00-05:00,7.409999847412109,7.989999771118164,7.409999847412109,7.949999809265137,277400,0.0,0.0
2022-01-18 00:00:00-05:00,7.880000114440918,7.980999946594238,6.829999923706055,6.940000057220459,551800,0.0,0.0
2022-01-19 00:00:00-05:00,7.010000228881836,7.260000228881836,6.829999923706055,6.920000076293945,297300,0.0,0.0
2022-01-20 00:00:00-05:00,6.920000076293945,7.46999979019165,6.920000076293945,7.139999866485596,218400,0.0,0.0
2022-01-21 00:00:00-05:00,7.199999809265137,7.360000133514404,6.949999809265137,7.25,255000,0.0,0.0
2022-01-24 00:00:00-05:00,7.099999904632568,7.300000190734863,6.760000228881836,7.28000020980835,369400,0.0,0.0
2022-01-25 00:00:00-05:00,7.099999904632568,7.300000190734863,6.960000038146973,7.25,252200,0.0,0.0
2022-01-26 00:00:00-05:00,7.329999923706055,7.670000076293945,7.21999979019165,7.53000020980835,310500,0.0,0.0
2022-01-27 00:00:00-05:00,8.130000114440918,8.130000114440918,6.809999942779541,6.949999809265137,402100,0.0,0.0
2022-01-28 00:00:00-05:00,6.980000019073486,6.980000019073486,6.519999980926514,6.679999828338623,352400,0.0,0.0
2022-01-31 00:00:00-05:00,6.760000228881836,6.980000019073486,6.610000133514404,6.949999809265137,259900,0.0,0.0
2022-02-01 00:00:00-05:00,6.900000095367432,7.360000133514404,6.659999847412109,7.159999847412109,402700,0.0,0.0
2022-02-02 00:00:00-05:00,7.079999923706055,7.185999870300293,6.78000020980835,7.019999980926514,194300,0.0,0.0
2022-02-03 00:00:00-05:00,6.869999885559082,7.039999961853027,6.550000190734863,7.03000020980835,309500,0.0,0.0
2022-02-04 00:00:00-05:00,7.010000228881836,7.269999980926514,6.949999809265137,7.130000114440918,181300,0.0,0.0
2022-02-07 00:00:00-05:00,7.130000114440918,7.269999980926514,6.953000068664551,7.050000190734863,277200,0.0,0.0
2022-02-08 00:00:00-05:00,7.039999961853027,7.050000190734863,6.715000152587891,6.949999809265137,258600,0.0,0.0
2022-02-09 00:00:00-05:00,6.96999979019165,7.309999942779541,6.909999847412109,7.25,237900,0.0,0.0
2022-02-10 00:00:00-05:00,7.25,7.440000057220459,7.139999866485596,7.269999980926514,272900,0.0,0.0
2022-02-11 00:00:00-05:00,7.179999828338623,7.300000190734863,6.78000020980835,6.849999904632568,295900,0.0,0.0
2022-02-14 00:00:00-05:00,7.03000020980835,7.230000019073486,6.659999847412109,7.199999809265137,339900,0.0,0.0
2022-02-15 00:00:00-05:00,7.130000114440918,7.269999980926514,6.800000190734863,7.21999979019165,226000,0.0,0.0
2022-02-16 00:00:00-05:00,7.269999980926514,7.275000095367432,7.019999980926514,7.21999979019165,101200,0.0,0.0
2022-02-17 00:00:00-05:00,7.170000076293945,7.170000076293945,6.510000228881836,6.599999904632568,343100,0.0,0.0
2022-02-18 00:00:00-05:00,6.619999885559082,6.800000190734863,6.400000095367432,6.630000114440918,227500,0.0,0.0
2022-02-22 00:00:00-05:00,6.699999809265137,6.809999942779541,6.389999866485596,6.619999885559082,304800,0.0,0.0
2022-02-23 00:00:00-05:00,6.639999866485596,6.71999979019165,6.400000095367432,6.409999847412109,173500,0.0,0.0
2022-02-24 00:00:00-05:00,6.25,6.710000038146973,6.244999885559082,6.690000057220459,202700,0.0,0.0
2022-02-25 00:00:00-05:00,6.71999979019165,6.849999904632568,6.460000038146973,6.579999923706055,209200,0.0,0.0
2022-02-28 00:00:00-05:00,7.199999809265137,7.239999771118164,6.28000020980835,6.289999961853027,259800,0.0,0.0
2022-03-01 00:00:00-05:00,6.519999980926514,6.519999980926514,6.110000133514404,6.340000152587891,159600,0.0,0.0
2022-03-02 00:00:00-05:00,6.25,6.5,6.199999809265137,6.269999980926514,127200,0.0,0.0
2022-03-03 00:00:00-05:00,6.230000019073486,6.28000020980835,5.690000057220459,5.760000228881836,358000,0.0,0.0
2022-03-04 00:00:00-05:00,5.610000133514404,5.739999771118164,5.09499979019165,5.659999847412109,556700,0.0,0.0
2022-03-07 00:00:00-05:00,5.559999942779541,5.635000228881836,5.09499979019165,5.380000114440918,857000,0.0,0.0
2022-03-08 00:00:00-05:00,5.300000190734863,5.429999828338623,4.96999979019165,5.21999979019165,384400,0.0,0.0
2022-03-09 00:00:00-05:00,5.230000019073486,5.489999771118164,5.110000133514404,5.420000076293945,375800,0.0,0.0
2022-03-10 00:00:00-05:00,5.25,5.335000038146973,5.0,5.170000076293945,349000,0.0,0.0
2022-03-11 00:00:00-05:00,5.159999847412109,5.21999979019165,5.0,5.03000020980835,325200,0.0,0.0
2022-03-14 00:00:00-04:00,4.980000019073486,5.03000020980835,4.789999961853027,4.980000019073486,347400,0.0,0.0
2022-03-15 00:00:00-04:00,4.96999979019165,5.235000133514404,4.909999847412109,5.190000057220459,278100,0.0,0.0
2022-03-16 00:00:00-04:00,5.179999828338623,5.25,4.933000087738037,5.110000133514404,425700,0.0,0.0
2022-03-17 00:00:00-04:00,5.110000133514404,5.409999847412109,4.949999809265137,5.21999979019165,492900,0.0,0.0
2022-03-18 00:00:00-04:00,5.199999809265137,5.329999923706055,5.079999923706055,5.190000057220459,1396300,0.0,0.0
2022-03-21 00:00:00-04:00,5.21999979019165,5.659999847412109,5.079999923706055,5.639999866485596,449100,0.0,0.0
2022-03-22 00:00:00-04:00,5.679999828338623,5.679999828338623,5.440000057220459,5.46999979019165,208000,0.0,0.0
2022-03-23 00:00:00-04:00,5.400000095367432,5.468999862670898,5.110000133514404,5.139999866485596,404400,0.0,0.0
2022-03-24 00:00:00-04:00,5.150000095367432,5.329999923706055,5.010000228881836,5.110000133514404,404300,0.0,0.0
2022-03-25 00:00:00-04:00,5.119999885559082,5.15500020980835,4.730000019073486,4.980000019073486,924000,0.0,0.0
2022-03-28 00:00:00-04:00,4.96999979019165,5.099999904632568,4.739999771118164,4.78000020980835,293900,0.0,0.0
2022-03-29 00:00:00-04:00,4.769999980926514,4.989999771118164,4.769999980926514,4.929999828338623,408700,0.0,0.0
2022-03-30 00:00:00-04:00,4.849999904632568,4.980000019073486,4.670000076293945,4.739999771118164,735100,0.0,0.0
2022-03-31 00:00:00-04:00,4.699999809265137,4.96999979019165,4.510000228881836,4.940000057220459,522400,0.0,0.0
2022-04-01 00:00:00-04:00,4.869999885559082,5.099999904632568,4.789999961853027,4.840000152587891,277200,0.0,0.0
2022-04-04 00:00:00-04:00,4.789999961853027,4.789999961853027,4.489999771118164,4.539999961853027,737500,0.0,0.0
2022-04-05 00:00:00-04:00,4.570000171661377,4.673999786376953,4.150000095367432,4.28000020980835,1171700,0.0,0.0
2022-04-06 00:00:00-04:00,4.199999809265137,4.25,4.039999961853027,4.150000095367432,619200,0.0,0.0
2022-04-07 00:00:00-04:00,4.099999904632568,4.360000133514404,4.050000190734863,4.28000020980835,352600,0.0,0.0
2022-04-08 00:00:00-04:00,4.199999809265137,4.340000152587891,4.090000152587891,4.150000095367432,252700,0.0,0.0
2022-04-11 00:00:00-04:00,4.130000114440918,4.150000095367432,4.010000228881836,4.079999923706055,233200,0.0,0.0
2022-04-12 00:00:00-04:00,4.159999847412109,4.159999847412109,3.9560000896453857,3.9800000190734863,222000,0.0,0.0
2022-04-13 00:00:00-04:00,4.019999980926514,4.179999828338623,3.7699999809265137,4.130000114440918,704300,0.0,0.0
2022-04-14 00:00:00-04:00,4.130000114440918,4.130000114440918,3.7300000190734863,4.045000076293945,869500,0.0,0.0
2022-04-18 00:00:00-04:00,3.990000009536743,4.070000171661377,3.799999952316284,3.8299999237060547,496100,0.0,0.0
2022-04-19 00:00:00-04:00,3.7899999618530273,4.090000152587891,3.7799999713897705,3.9700000286102295,668100,0.0,0.0
2022-04-20 00:00:00-04:00,3.950000047683716,4.044000148773193,3.7200000286102295,3.8499999046325684,243100,0.0,0.0
2022-04-21 00:00:00-04:00,3.8299999237060547,3.8399999141693115,3.700000047683716,3.700000047683716,300700,0.0,0.0
2022-04-22 00:00:00-04:00,3.680000066757202,3.930000066757202,3.634999990463257,3.9100000858306885,342500,0.0,0.0
2022-04-25 00:00:00-04:00,3.940000057220459,4.070000171661377,3.825000047683716,4.050000190734863,419700,0.0,0.0
2022-04-26 00:00:00-04:00,4.090000152587891,4.210000038146973,3.8399999141693115,3.9100000858306885,558600,0.0,0.0
2022-04-27 00:00:00-04:00,3.869999885559082,3.9730000495910645,3.7300000190734863,3.740000009536743,269800,0.0,0.0
2022-04-28 00:00:00-04:00,3.75,3.9000000953674316,3.6449999809265137,3.859999895095825,192500,0.0,0.0
2022-04-29 00:00:00-04:00,3.930000066757202,4.070000171661377,3.680000066757202,3.690000057220459,376700,0.0,0.0
2022-05-02 00:00:00-04:00,3.680000066757202,3.930000066757202,3.6600000858306885,3.8499999046325684,266200,0.0,0.0
2022-05-03 00:00:00-04:00,3.8399999141693115,3.950000047683716,3.75,3.859999895095825,179500,0.0,0.0
2022-05-04 00:00:00-04:00,3.9100000858306885,3.9700000286102295,3.680000066757202,3.9600000381469727,204900,0.0,0.0
2022-05-05 00:00:00-04:00,3.869999885559082,3.869999885559082,3.700000047683716,3.799999952316284,162500,0.0,0.0
2022-05-06 00:00:00-04:00,3.7699999809265137,3.869999885559082,3.5899999141693115,3.619999885559082,216400,0.0,0.0
2022-05-09 00:00:00-04:00,3.559999942779541,3.6549999713897705,3.069999933242798,3.1600000858306885,623900,0.0,0.0
2022-05-10 00:00:00-04:00,3.190000057220459,3.359999895095825,3.0199999809265137,3.049999952316284,463400,0.0,0.0
2022-05-11 00:00:00-04:00,3.059999942779541,3.130000114440918,2.7699999809265137,2.819999933242798,578000,0.0,0.0
2022-05-12 00:00:00-04:00,2.809999942779541,2.865000009536743,2.5199999809265137,2.809999942779541,1035600,0.0,0.0
2022-05-13 00:00:00-04:00,2.9000000953674316,3.5399999618530273,2.880000114440918,3.4600000381469727,1096100,0.0,0.0
2022-05-16 00:00:00-04:00,3.490000009536743,3.7100000381469727,3.380000114440918,3.5299999713897705,907600,0.0,0.0
2022-05-17 00:00:00-04:00,3.609999895095825,3.8399999141693115,3.4800000190734863,3.799999952316284,725400,0.0,0.0
2022-05-18 00:00:00-04:00,3.7699999809265137,3.869999885559082,3.609999895095825,3.630000114440918,525100,0.0,0.0
2022-05-19 00:00:00-04:00,3.5999999046325684,3.799999952316284,3.5899999141693115,3.6500000953674316,460800,0.0,0.0
2022-05-20 00:00:00-04:00,3.7300000190734863,3.950000047683716,3.6600000858306885,3.700000047683716,605900,0.0,0.0
2022-05-23 00:00:00-04:00,3.8399999141693115,3.9100000858306885,3.5999999046325684,3.6500000953674316,591800,0.0,0.0
2022-05-24 00:00:00-04:00,3.8399999141693115,4.025000095367432,3.561000108718872,3.9100000858306885,2096600,0.0,0.0
2022-05-25 00:00:00-04:00,3.8499999046325684,3.994999885559082,3.509999990463257,3.950000047683716,957200,0.0,0.0
2022-05-26 00:00:00-04:00,3.9100000858306885,4.199999809265137,3.8550000190734863,4.099999904632568,792200,0.0,0.0
2022-05-27 00:00:00-04:00,4.059999942779541,4.179999828338623,3.9000000953674316,4.039999961853027,1167600,0.0,0.0
2022-05-31 00:00:00-04:00,4.0,4.494999885559082,3.859999895095825,4.440000057220459,6147700,0.0,0.0
2022-06-01 00:00:00-04:00,4.320000171661377,4.429999828338623,3.9800000190734863,4.039999961853027,925800,0.0,0.0
2022-06-02 00:00:00-04:00,4.260000228881836,4.420000076293945,3.950000047683716,4.380000114440918,1086400,0.0,0.0
2022-06-03 00:00:00-04:00,4.28000020980835,4.510000228881836,4.150000095367432,4.360000133514404,1744100,0.0,0.0
2022-06-06 00:00:00-04:00,4.360000133514404,4.400000095367432,3.75,3.9700000286102295,2059600,0.0,0.0
2022-06-07 00:00:00-04:00,3.9800000190734863,4.175000190734863,3.7799999713897705,4.159999847412109,870200,0.0,0.0
2022-06-08 00:00:00-04:00,4.099999904632568,4.260000228881836,3.9800000190734863,4.03000020980835,660100,0.0,0.0
2022-06-09 00:00:00-04:00,3.9800000190734863,4.130000114440918,3.9000000953674316,4.010000228881836,775500,0.0,0.0
2022-06-10 00:00:00-04:00,3.9200000762939453,3.9200000762939453,3.690000057220459,3.869999885559082,577000,0.0,0.0
2022-06-13 00:00:00-04:00,3.7100000381469727,3.740000009536743,3.440000057220459,3.5199999809265137,638500,0.0,0.0
2022-06-14 00:00:00-04:00,3.569999933242798,3.880000114440918,3.484999895095825,3.734999895095825,417800,0.0,0.0
2022-06-15 00:00:00-04:00,3.740000009536743,4.130000114440918,3.7200000286102295,4.03000020980835,975200,0.0,0.0
2022-06-16 00:00:00-04:00,3.9200000762939453,4.0,3.7699999809265137,3.819999933242798,565000,0.0,0.0
2022-06-17 00:00:00-04:00,3.8499999046325684,4.539999961853027,3.8499999046325684,4.380000114440918,3761400,0.0,0.0
2022-06-21 00:00:00-04:00,4.389999866485596,4.590000152587891,4.210000038146973,4.269999980926514,1066300,0.0,0.0
2022-06-22 00:00:00-04:00,4.179999828338623,4.489999771118164,4.135000228881836,4.349999904632568,740800,0.0,0.0
2022-06-23 00:00:00-04:00,4.340000152587891,4.699999809265137,4.150000095367432,4.659999847412109,1110800,0.0,0.0
2022-06-24 00:00:00-04:00,4.710000038146973,4.840000152587891,4.410999774932861,4.789999961853027,1331300,0.0,0.0
2022-06-27 00:00:00-04:00,4.75,4.789999961853027,4.480000019073486,4.679999828338623,733700,0.0,0.0
2022-06-28 00:00:00-04:00,4.670000076293945,4.809999942779541,4.460000038146973,4.699999809265137,689400,0.0,0.0
2022-06-29 00:00:00-04:00,4.829999923706055,4.889999866485596,4.480000019073486,4.489999771118164,1035100,0.0,0.0
2022-06-30 00:00:00-04:00,4.440000057220459,4.449999809265137,4.059999942779541,4.070000171661377,1290400,0.0,0.0
2022-07-01 00:00:00-04:00,4.039999961853027,4.474999904632568,4.0,4.420000076293945,958500,0.0,0.0
2022-07-05 00:00:00-04:00,4.360000133514404,4.71999979019165,4.179999828338623,4.639999866485596,1387900,0.0,0.0
2022-07-06 00:00:00-04:00,4.53000020980835,4.829999923706055,4.429999828338623,4.820000171661377,1281900,0.0,0.0
2022-07-07 00:00:00-04:00,4.800000190734863,4.860000133514404,4.570000171661377,4.710000038146973,995200,0.0,0.0
2022-07-08 00:00:00-04:00,4.639999866485596,4.860000133514404,4.53000020980835,4.840000152587891,1100300,0.0,0.0
2022-07-11 00:00:00-04:00,4.829999923706055,4.829999923706055,4.380000114440918,4.400000095367432,1656300,0.0,0.0
2022-07-12 00:00:00-04:00,4.420000076293945,4.610000133514404,4.260000228881836,4.489999771118164,2656500,0.0,0.0
2022-07-13 00:00:00-04:00,4.400000095367432,4.605000019073486,4.400000095367432,4.5,362700,0.0,0.0
2022-07-14 00:00:00-04:00,4.460000038146973,4.489999771118164,4.289999961853027,4.369999885559082,440700,0.0,0.0
2022-07-15 00:00:00-04:00,4.400000095367432,4.429999828338623,4.159999847412109,4.269999980926514,557600,0.0,0.0
2022-07-18 00:00:00-04:00,4.320000171661377,4.400000095367432,4.210000038146973,4.230000019073486,412700,0.0,0.0
2022-07-19 00:00:00-04:00,4.309999942779541,4.400000095367432,4.130000114440918,4.289999961853027,549500,0.0,0.0
2022-07-20 00:00:00-04:00,4.349999904632568,4.5,4.320000171661377,4.460000038146973,885600,0.0,0.0
2022-07-21 00:00:00-04:00,4.480000019073486,4.570000171661377,4.429999828338623,4.519999980926514,578200,0.0,0.0
2022-07-22 00:00:00-04:00,4.539999961853027,4.539999961853027,4.179999828338623,4.300000190734863,1011100,0.0,0.0
2022-07-25 00:00:00-04:00,4.309999942779541,4.414999961853027,3.9600000381469727,4.159999847412109,1108500,0.0,0.0
2022-07-26 00:00:00-04:00,4.150000095367432,4.210000038146973,4.0,4.159999847412109,355600,0.0,0.0
2022-07-27 00:00:00-04:00,4.25,4.25,4.130000114440918,4.190000057220459,470200,0.0,0.0
2022-07-28 00:00:00-04:00,4.210000038146973,4.25,4.03000020980835,4.130000114440918,714800,0.0,0.0
2022-07-29 00:00:00-04:00,4.090000152587891,4.15500020980835,3.940000057220459,3.9800000190734863,645900,0.0,0.0
2022-08-01 00:00:00-04:00,3.9600000381469727,3.9700000286102295,3.6050000190734863,3.680000066757202,999400,0.0,0.0
2022-08-02 00:00:00-04:00,3.609999895095825,3.7699999809265137,3.609999895095825,3.700000047683716,731600,0.0,0.0
2022-08-03 00:00:00-04:00,3.75,3.9200000762939453,3.7300000190734863,3.7899999618530273,555100,0.0,0.0
2022-08-04 00:00:00-04:00,3.8399999141693115,3.8499999046325684,3.7300000190734863,3.799999952316284,1012200,0.0,0.0
2022-08-05 00:00:00-04:00,3.75,3.8399999141693115,3.640000104904175,3.7699999809265137,783200,0.0,0.0
2022-08-08 00:00:00-04:00,3.809999942779541,3.9649999141693115,3.799999952316284,3.940000057220459,752700,0.0,0.0
2022-08-09 00:00:00-04:00,3.9100000858306885,4.150000095367432,3.869999885559082,4.03000020980835,601200,0.0,0.0
2022-08-10 00:00:00-04:00,4.099999904632568,4.21999979019165,4.0,4.210000038146973,886100,0.0,0.0
2022-08-11 00:00:00-04:00,4.21999979019165,4.489999771118164,4.170000076293945,4.460000038146973,1186900,0.0,0.0
2022-08-12 00:00:00-04:00,4.480000019073486,4.550000190734863,4.309999942779541,4.369999885559082,991000,0.0,0.0
2022-08-15 00:00:00-04:00,4.21999979019165,4.289999961853027,4.150000095367432,4.25,1241200,0.0,0.0
2022-08-16 00:00:00-04:00,4.25,4.329999923706055,4.090000152587891,4.130000114440918,925000,0.0,0.0
2022-08-17 00:00:00-04:00,4.050000190734863,4.204999923706055,3.930000066757202,4.039999961853027,752600,0.0,0.0
2022-08-18 00:00:00-04:00,3.990000009536743,4.0,3.8399999141693115,3.8399999141693115,734400,0.0,0.0
2022-08-19 00:00:00-04:00,3.809999942779541,3.9800000190734863,3.6700000762939453,3.700000047683716,601500,0.0,0.0
2022-08-22 00:00:00-04:00,3.680000066757202,3.7799999713897705,3.6449999809265137,3.680000066757202,889800,0.0,0.0
2022-08-23 00:00:00-04:00,3.680000066757202,3.7049999237060547,3.559999942779541,3.6500000953674316,509100,0.0,0.0
2022-08-24 00:00:00-04:00,3.7799999713897705,3.880000114440918,3.619999885559082,3.799999952316284,1263700,0.0,0.0
2022-08-25 00:00:00-04:00,3.859999895095825,3.9800000190734863,3.7950000762939453,3.9700000286102295,342000,0.0,0.0
2022-08-26 00:00:00-04:00,3.940000057220459,3.9700000286102295,3.7149999141693115,3.75,627900,0.0,0.0
2022-08-29 00:00:00-04:00,3.890000104904175,3.890000104904175,3.5,3.5999999046325684,996500,0.0,0.0
2022-08-30 00:00:00-04:00,3.609999895095825,3.6449999809265137,3.430000066757202,3.5,620000,0.0,0.0
2022-08-31 00:00:00-04:00,3.5199999809265137,3.625,3.4800000190734863,3.559999942779541,1235400,0.0,0.0
2022-09-01 00:00:00-04:00,3.619999885559082,3.6600000858306885,3.390000104904175,3.559999942779541,815500,0.0,0.0
2022-09-02 00:00:00-04:00,3.569999933242798,3.7249999046325684,3.490000009536743,3.5199999809265137,699500,0.0,0.0
2022-09-06 00:00:00-04:00,3.5299999713897705,3.565000057220459,3.0999999046325684,3.2799999713897705,1043100,0.0,0.0
2022-09-07 00:00:00-04:00,3.25,3.5250000953674316,3.25,3.4800000190734863,573100,0.0,0.0
2022-09-08 00:00:00-04:00,3.430000066757202,3.740000009536743,3.424999952316284,3.690000057220459,594400,0.0,0.0
2022-09-09 00:00:00-04:00,3.740000009536743,3.755000114440918,3.430000066757202,3.609999895095825,1204900,0.0,0.0
2022-09-12 00:00:00-04:00,3.630000114440918,3.880000114440918,3.569999933242798,3.819999933242798,830500,0.0,0.0
2022-09-13 00:00:00-04:00,3.75,3.809999942779541,3.6700000762939453,3.7699999809265137,522000,0.0,0.0
2022-09-14 00:00:00-04:00,3.809999942779541,3.8499999046325684,3.6700000762939453,3.680000066757202,1112100,0.0,0.0
2022-09-15 00:00:00-04:00,3.6700000762939453,3.7699999809265137,3.4600000381469727,3.5,1077700,0.0,0.0
2022-09-16 00:00:00-04:00,3.4200000762939453,3.430000066757202,3.1500000953674316,3.25,2277700,0.0,0.0
2022-09-19 00:00:00-04:00,3.200000047683716,3.2929999828338623,3.0999999046325684,3.259999990463257,628500,0.0,0.0
2022-09-20 00:00:00-04:00,3.1700000762939453,3.2899999618530273,3.1500000953674316,3.259999990463257,448700,0.0,0.0
2022-09-21 00:00:00-04:00,3.2899999618530273,3.305000066757202,3.1700000762939453,3.180000066757202,595100,0.0,0.0
2022-09-22 00:00:00-04:00,3.1600000858306885,3.190000057220459,2.994999885559082,3.059999942779541,604700,0.0,0.0
2022-09-23 00:00:00-04:00,3.009999990463257,3.0850000381469727,2.869999885559082,2.990000009536743,871500,0.0,0.0
2022-09-26 00:00:00-04:00,2.9800000190734863,3.119999885559082,2.9200000762939453,2.950000047683716,415100,0.0,0.0
2022-09-27 00:00:00-04:00,2.9700000286102295,3.109999895095825,2.9700000286102295,3.109999895095825,464600,0.0,0.0
2022-09-28 00:00:00-04:00,3.109999895095825,3.359999895095825,3.109999895095825,3.3299999237060547,610400,0.0,0.0
2022-09-29 00:00:00-04:00,3.2799999713897705,3.2799999713897705,3.140000104904175,3.1700000762939453,677100,0.0,0.0
2022-09-30 00:00:00-04:00,3.140000104904175,3.3350000381469727,3.140000104904175,3.2200000286102295,796700,0.0,0.0
2022-10-03 00:00:00-04:00,3.180000066757202,3.390000104904175,3.180000066757202,3.359999895095825,486700,0.0,0.0
2022-10-04 00:00:00-04:00,3.359999895095825,3.6600000858306885,3.359999895095825,3.640000104904175,818600,0.0,0.0
2022-10-05 00:00:00-04:00,3.569999933242798,4.070000171661377,3.569999933242798,4.059999942779541,2559900,0.0,0.0
2022-10-06 00:00:00-04:00,4.050000190734863,4.545000076293945,3.9600000381469727,4.53000020980835,2318700,0.0,0.0
2022-10-07 00:00:00-04:00,4.480000019073486,4.599999904632568,4.335000038146973,4.400000095367432,1568900,0.0,0.0
2022-10-10 00:00:00-04:00,4.449999809265137,4.599999904632568,4.340000152587891,4.420000076293945,1088900,0.0,0.0
2022-10-11 00:00:00-04:00,4.420000076293945,4.440000057220459,4.110000133514404,4.320000171661377,1056700,0.0,0.0
2022-10-12 00:00:00-04:00,4.360000133514404,4.510000228881836,4.28000020980835,4.420000076293945,1769100,0.0,0.0
2022-10-13 00:00:00-04:00,4.289999961853027,4.610000133514404,4.230000019073486,4.599999904632568,660700,0.0,0.0
2022-10-14 00:00:00-04:00,4.630000114440918,4.630000114440918,4.385000228881836,4.579999923706055,950400,0.0,0.0
2022-10-17 00:00:00-04:00,4.75,4.75,4.304999828338623,4.460000038146973,843100,0.0,0.0
2022-10-18 00:00:00-04:00,4.550000190734863,4.630000114440918,4.454999923706055,4.53000020980835,1126400,0.0,0.0
2022-10-19 00:00:00-04:00,4.519999980926514,4.539999961853027,4.239999771118164,4.269999980926514,593300,0.0,0.0
2022-10-20 00:00:00-04:00,4.269999980926514,4.550000190734863,4.210000038146973,4.349999904632568,539000,0.0,0.0
2022-10-21 00:00:00-04:00,4.320000171661377,4.449999809265137,4.195000171661377,4.440000057220459,583700,0.0,0.0
2022-10-24 00:00:00-04:00,4.46999979019165,4.474999904632568,4.099999904632568,4.449999809265137,1274700,0.0,0.0
2022-10-25 00:00:00-04:00,4.440000057220459,4.78000020980835,4.309999942779541,4.78000020980835,1782900,0.0,0.0
2022-10-26 00:00:00-04:00,4.690000057220459,4.849999904632568,4.639999866485596,4.840000152587891,2145200,0.0,0.0
2022-10-27 00:00:00-04:00,4.929999828338623,5.199999809265137,4.840000152587891,5.119999885559082,2258700,0.0,0.0
2022-10-28 00:00:00-04:00,5.099999904632568,5.304999828338623,5.070000171661377,5.25,1998900,0.0,0.0
2022-10-31 00:00:00-04:00,5.190000057220459,5.269999980926514,5.050000190734863,5.139999866485596,1604100,0.0,0.0
2022-11-01 00:00:00-04:00,5.190000057220459,5.369999885559082,5.130000114440918,5.300000190734863,1759700,0.0,0.0
2022-11-02 00:00:00-04:00,5.289999961853027,5.289999961853027,5.031000137329102,5.110000133514404,1942800,0.0,0.0
2022-11-03 00:00:00-04:00,5.150000095367432,5.460000038146973,5.03000020980835,5.440000057220459,1813700,0.0,0.0
2022-11-04 00:00:00-04:00,5.570000171661377,5.570000171661377,5.25,5.5,2638300,0.0,0.0
2022-11-07 00:00:00-05:00,5.5,5.71999979019165,5.420000076293945,5.630000114440918,1356400,0.0,0.0
2022-11-08 00:00:00-05:00,5.0,5.369999885559082,4.820000171661377,5.0,3613100,0.0,0.0
2022-11-09 00:00:00-05:00,4.960000038146973,5.199999809265137,4.960000038146973,5.070000171661377,1144300,0.0,0.0
2022-11-10 00:00:00-05:00,5.099999904632568,5.260000228881836,5.074999809265137,5.179999828338623,1286500,0.0,0.0
2022-11-11 00:00:00-05:00,5.199999809265137,5.25,5.0320000648498535,5.159999847412109,1206400,0.0,0.0
2022-11-14 00:00:00-05:00,5.46999979019165,5.525000095367432,5.21999979019165,5.289999961853027,2265500,0.0,0.0
2022-11-15 00:00:00-05:00,5.5,5.659999847412109,5.4019999504089355,5.539999961853027,2349100,0.0,0.0
2022-11-16 00:00:00-05:00,5.510000228881836,5.630000114440918,5.150000095367432,5.230000019073486,1356200,0.0,0.0
2022-11-17 00:00:00-05:00,5.179999828338623,5.440000057220459,5.159999847412109,5.269999980926514,1357000,0.0,0.0
2022-11-18 00:00:00-05:00,5.300000190734863,5.369999885559082,4.940000057220459,5.0,1123100,0.0,0.0
2022-11-21 00:00:00-05:00,4.989999771118164,5.079999923706055,4.769999980926514,4.829999923706055,906900,0.0,0.0
2022-11-22 00:00:00-05:00,4.820000171661377,4.929999828338623,4.710000038146973,4.920000076293945,871800,0.0,0.0
2022-11-23 00:00:00-05:00,4.889999866485596,5.289999961853027,4.889999866485596,5.139999866485596,870500,0.0,0.0
2022-11-25 00:00:00-05:00,5.130000114440918,5.230000019073486,5.099999904632568,5.159999847412109,325500,0.0,0.0
2022-11-28 00:00:00-05:00,5.119999885559082,5.264999866485596,4.980000019073486,5.039999961853027,963700,0.0,0.0
2022-11-29 00:00:00-05:00,5.019999980926514,5.250999927520752,5.010000228881836,5.110000133514404,888500,0.0,0.0
2022-11-30 00:00:00-05:00,5.139999866485596,5.389999866485596,5.070000171661377,5.360000133514404,2421100,0.0,0.0
2022-12-01 00:00:00-05:00,5.75,5.920000076293945,5.239999771118164,5.800000190734863,3148800,0.0,0.0
2022-12-02 00:00:00-05:00,5.800000190734863,6.320000171661377,5.650000095367432,6.300000190734863,2618300,0.0,0.0
2022-12-05 00:00:00-05:00,6.420000076293945,6.46999979019165,6.039999961853027,6.179999828338623,1725700,0.0,0.0
2022-12-06 00:00:00-05:00,6.159999847412109,6.409999847412109,5.985000133514404,6.329999923706055,1579500,0.0,0.0
2022-12-07 00:00:00-05:00,6.820000171661377,7.0,6.389999866485596,6.599999904632568,5392600,0.0,0.0
2022-12-08 00:00:00-05:00,6.619999885559082,7.010000228881836,6.560999870300293,6.980000019073486,2410300,0.0,0.0
2022-12-09 00:00:00-05:00,6.840000152587891,7.110000133514404,6.829999923706055,7.0,2524300,0.0,0.0
2022-12-12 00:00:00-05:00,6.989999771118164,7.199999809265137,6.889999866485596,7.090000152587891,2223500,0.0,0.0
2022-12-13 00:00:00-05:00,7.25,7.309999942779541,6.929999828338623,6.960000038146973,1671400,0.0,0.0
2022-12-14 00:00:00-05:00,6.960000038146973,7.300000190734863,6.889999866485596,7.21999979019165,1994300,0.0,0.0
2022-12-15 00:00:00-05:00,7.239999771118164,7.34499979019165,7.179999828338623,7.239999771118164,2048700,0.0,0.0
2022-12-16 00:00:00-05:00,7.210000038146973,7.53000020980835,7.140999794006348,7.320000171661377,7592000,0.0,0.0
2022-12-19 00:00:00-05:00,7.380000114440918,7.380000114440918,6.429999828338623,6.590000152587891,2244000,0.0,0.0
2022-12-20 00:00:00-05:00,6.46999979019165,7.159999847412109,6.46999979019165,7.090000152587891,1526800,0.0,0.0
2022-12-21 00:00:00-05:00,7.090000152587891,7.264999866485596,6.940000057220459,7.25,1793200,0.0,0.0
2022-12-22 00:00:00-05:00,7.190000057220459,7.25,6.989999771118164,7.199999809265137,1292600,0.0,0.0
2022-12-23 00:00:00-05:00,7.099999904632568,7.369999885559082,6.920000076293945,7.010000228881836,1710400,0.0,0.0
2022-12-27 00:00:00-05:00,7.050000190734863,7.769999980926514,7.050000190734863,7.550000190734863,2754600,0.0,0.0
2022-12-28 00:00:00-05:00,7.599999904632568,7.730000019073486,7.385000228881836,7.630000114440918,1178200,0.0,0.0
2022-12-29 00:00:00-05:00,7.710000038146973,7.96999979019165,7.53000020980835,7.880000114440918,1965000,0.0,0.0
2022-12-30 00:00:00-05:00,7.670000076293945,8.010000228881836,7.619999885559082,7.989999771118164,2192900,0.0,0.0
2023-01-03 00:00:00-05:00,8.079999923706055,8.100000381469727,7.110000133514404,7.150000095367432,2333700,0.0,0.0
2023-01-04 00:00:00-05:00,7.449999809265137,7.610000133514404,6.650000095367432,7.559999942779541,4089200,0.0,0.0
2023-01-05 00:00:00-05:00,7.710000038146973,8.239999771118164,7.550000190734863,8.140000343322754,3498900,0.0,0.0
2023-01-06 00:00:00-05:00,8.229999542236328,9.395000457763672,8.0600004196167,9.25,6984000,0.0,0.0
2023-01-09 00:00:00-05:00,9.260000228881836,9.569999694824219,9.25,9.420000076293945,3056300,0.0,0.0
2023-01-10 00:00:00-05:00,9.449999809265137,9.890000343322754,9.364999771118164,9.819999694824219,2063100,0.0,0.0
2023-01-11 00:00:00-05:00,9.770000457763672,9.920000076293945,9.255000114440918,9.670000076293945,3782900,0.0,0.0
2023-01-12 00:00:00-05:00,9.460000038146973,10.0,9.430000305175781,9.979999542236328,3059900,0.0,0.0
2023-01-13 00:00:00-05:00,9.949999809265137,9.970000267028809,9.550000190734863,9.869999885559082,2505500,0.0,0.0
2023-01-17 00:00:00-05:00,9.850000381469727,9.850000381469727,9.359999656677246,9.399999618530273,1503900,0.0,0.0
2023-01-18 00:00:00-05:00,9.420000076293945,9.585000038146973,9.140000343322754,9.300000190734863,1888600,0.0,0.0
2023-01-19 00:00:00-05:00,9.229999542236328,9.239999771118164,8.625,8.75,4206700,0.0,0.0
2023-01-20 00:00:00-05:00,8.760000228881836,8.890000343322754,8.649999618530273,8.779999732971191,2233900,0.0,0.0
2023-01-23 00:00:00-05:00,8.770000457763672,8.779999732971191,8.40999984741211,8.5,2996900,0.0,0.0
2023-01-24 00:00:00-05:00,8.664999961853027,8.770000457763672,8.220000267028809,8.609999656677246,2225100,0.0,0.0
2023-01-25 00:00:00-05:00,8.5,8.5,8.15999984741211,8.390000343322754,1398700,0.0,0.0
2023-01-26 00:00:00-05:00,8.619999885559082,8.619999885559082,8.3100004196167,8.369999885559082,1284900,0.0,0.0
2023-01-27 00:00:00-05:00,8.350000381469727,8.710000038146973,8.289999961853027,8.550000190734863,1378600,0.0,0.0
2023-01-30 00:00:00-05:00,8.510000228881836,8.520000457763672,8.229999542236328,8.260000228881836,1003600,0.0,0.0
2023-01-31 00:00:00-05:00,8.229999542236328,8.40999984741211,8.09000015258789,8.300000190734863,1462000,0.0,0.0
2023-02-01 00:00:00-05:00,8.329999923706055,8.640000343322754,8.25,8.539999961853027,1468500,0.0,0.0
2023-02-02 00:00:00-05:00,8.149999618530273,8.289999961853027,7.46999979019165,7.590000152587891,4590200,0.0,0.0
2023-02-03 00:00:00-05:00,7.869999885559082,8.274999618530273,7.715000152587891,7.800000190734863,9014500,0.0,0.0
2023-02-06 00:00:00-05:00,7.699999809265137,7.869999885559082,7.5,7.659999847412109,2232700,0.0,0.0
2023-02-07 00:00:00-05:00,7.690000057220459,7.949999809265137,7.59499979019165,7.789999961853027,2388900,0.0,0.0
2023-02-08 00:00:00-05:00,7.800000190734863,7.949999809265137,7.684999942779541,7.690000057220459,2160200,0.0,0.0
2023-02-09 00:00:00-05:00,7.760000228881836,7.940000057220459,7.679999828338623,7.760000228881836,1662600,0.0,0.0
2023-02-10 00:00:00-05:00,7.679999828338623,8.050000190734863,7.5,7.96999979019165,2680300,0.0,0.0
2023-02-13 00:00:00-05:00,7.539999961853027,8.350000381469727,7.510000228881836,8.109999656677246,2039300,0.0,0.0
2023-02-14 00:00:00-05:00,8.119999885559082,8.850000381469727,8.039999961853027,8.739999771118164,3301100,0.0,0.0
2023-02-15 00:00:00-05:00,8.829999923706055,8.96500015258789,8.515000343322754,8.899999618530273,1810900,0.0,0.0
2023-02-16 00:00:00-05:00,8.6899995803833,8.859999656677246,8.65999984741211,8.729999542236328,1681600,0.0,0.0
2023-02-17 00:00:00-05:00,8.649999618530273,8.699999809265137,8.510000228881836,8.619999885559082,1550100,0.0,0.0
2023-02-21 00:00:00-05:00,8.569999694824219,8.625,8.34000015258789,8.569999694824219,1562300,0.0,0.0
2023-02-22 00:00:00-05:00,8.489999771118164,8.789999961853027,8.15999984741211,8.1899995803833,2050100,0.0,0.0
2023-02-23 00:00:00-05:00,8.199999809265137,8.329999923706055,8.001999855041504,8.220000267028809,1992100,0.0,0.0
2023-02-24 00:00:00-05:00,8.069999694824219,8.239999771118164,7.684999942779541,7.730000019073486,3229700,0.0,0.0
2023-02-27 00:00:00-05:00,7.800000190734863,8.168999671936035,7.744999885559082,8.039999961853027,1762200,0.0,0.0
2023-02-28 00:00:00-05:00,7.960000038146973,8.260000228881836,7.869999885559082,8.09000015258789,2542700,0.0,0.0
2023-03-01 00:00:00-05:00,8.079999923706055,8.329999923706055,7.840000152587891,7.920000076293945,2050500,0.0,0.0
2023-03-02 00:00:00-05:00,7.71999979019165,8.119999885559082,7.59499979019165,8.100000381469727,1932500,0.0,0.0
2023-03-03 00:00:00-05:00,8.1899995803833,8.1899995803833,7.889999866485596,8.050000190734863,1717400,0.0,0.0
2023-03-06 00:00:00-05:00,8.0,8.0600004196167,7.800000190734863,7.869999885559082,845200,0.0,0.0
2023-03-07 00:00:00-05:00,7.829999923706055,8.300000190734863,7.800000190734863,8.170000076293945,1185400,0.0,0.0
2023-03-08 00:00:00-05:00,8.140000343322754,8.270000457763672,8.055000305175781,8.239999771118164,1244400,0.0,0.0
2023-03-09 00:00:00-05:00,8.239999771118164,8.300000190734863,7.630000114440918,7.690000057220459,1071400,0.0,0.0
2023-03-10 00:00:00-05:00,7.639999866485596,7.960000038146973,7.5,7.650000095367432,2045000,0.0,0.0
2023-03-13 00:00:00-04:00,7.619999885559082,7.925000190734863,7.559999942779541,7.829999923706055,1825400,0.0,0.0
2023-03-14 00:00:00-04:00,7.849999904632568,7.980000019073486,7.800000190734863,7.960000038146973,1678100,0.0,0.0
2023-03-15 00:00:00-04:00,8.199999809265137,8.935999870300293,7.800000190734863,8.59000015258789,6789200,0.0,0.0
2023-03-16 00:00:00-04:00,8.529999732971191,8.600000381469727,8.329999923706055,8.5,2040000,0.0,0.0
2023-03-17 00:00:00-04:00,8.489999771118164,8.84000015258789,8.425000190734863,8.699999809265137,11173600,0.0,0.0
2023-03-20 00:00:00-04:00,8.65999984741211,8.729999542236328,8.399999618530273,8.710000038146973,1673100,0.0,0.0
2023-03-21 00:00:00-04:00,8.199999809265137,8.199999809265137,7.480000019073486,7.639999866485596,8648800,0.0,0.0
2023-03-22 00:00:00-04:00,7.630000114440918,7.65500020980835,7.260000228881836,7.269999980926514,3836500,0.0,0.0
2023-03-23 00:00:00-04:00,7.28000020980835,7.315000057220459,6.585000038146973,6.989999771118164,9098300,0.0,0.0
2023-03-24 00:00:00-04:00,6.989999771118164,7.050000190734863,6.650000095367432,6.920000076293945,5360600,0.0,0.0
2023-03-27 00:00:00-04:00,6.994999885559082,7.25,6.920000076293945,7.179999828338623,3859600,0.0,0.0
2023-03-28 00:00:00-04:00,7.190000057220459,7.510000228881836,7.175000190734863,7.349999904632568,2364200,0.0,0.0
2023-03-29 00:00:00-04:00,7.349999904632568,7.730000019073486,7.190000057220459,7.690000057220459,2708100,0.0,0.0
2023-03-30 00:00:00-04:00,7.75,7.849999904632568,7.264999866485596,7.309999942779541,2153800,0.0,0.0
2023-03-31 00:00:00-04:00,7.320000171661377,7.5,7.270999908447266,7.380000114440918,3050300,0.0,0.0
2023-04-03 00:00:00-04:00,7.349999904632568,7.449999809265137,7.25,7.400000095367432,2382500,0.0,0.0
2023-04-04 00:00:00-04:00,7.420000076293945,7.485000133514404,7.010000228881836,7.090000152587891,2379700,0.0,0.0
2023-04-05 00:00:00-04:00,7.099999904632568,7.25,6.96999979019165,7.110000133514404,2371600,0.0,0.0
2023-04-06 00:00:00-04:00,7.110000133514404,7.409999847412109,7.070000171661377,7.380000114440918,1805800,0.0,0.0
2023-04-10 00:00:00-04:00,7.389999866485596,7.454999923706055,7.239999771118164,7.380000114440918,1665900,0.0,0.0
2023-04-11 00:00:00-04:00,7.369999885559082,7.545000076293945,7.360000133514404,7.429999828338623,1207300,0.0,0.0
2023-04-12 00:00:00-04:00,7.46999979019165,7.630000114440918,7.355000019073486,7.409999847412109,1244200,0.0,0.0
2023-04-13 00:00:00-04:00,7.420000076293945,7.755000114440918,7.420000076293945,7.599999904632568,2656300,0.0,0.0
2023-04-14 00:00:00-04:00,7.559999942779541,7.559999942779541,7.010000228881836,7.110000133514404,1814000,0.0,0.0
2023-04-17 00:00:00-04:00,7.840000152587891,8.579999923706055,7.599999904632568,8.520000457763672,13555800,0.0,0.0
2023-04-18 00:00:00-04:00,8.489999771118164,8.949999809265137,8.149999618530273,8.869999885559082,6509300,0.0,0.0
2023-04-19 00:00:00-04:00,8.899999618530273,8.970000267028809,8.470000267028809,8.800000190734863,3051400,0.0,0.0
2023-04-20 00:00:00-04:00,8.75,8.9399995803833,8.550000190734863,8.800000190734863,2768600,0.0,0.0
2023-04-21 00:00:00-04:00,8.850000381469727,8.979999542236328,8.595000267028809,8.960000038146973,2596500,0.0,0.0
2023-04-24 00:00:00-04:00,8.979999542236328,8.989999771118164,8.729999542236328,8.869999885559082,1609900,0.0,0.0
2023-04-25 00:00:00-04:00,8.699999809265137,8.899999618530273,8.600000381469727,8.739999771118164,1798200,0.0,0.0
2023-04-26 00:00:00-04:00,8.84000015258789,8.869999885559082,8.569999694824219,8.640000343322754,2050200,0.0,0.0
2023-04-27 00:00:00-04:00,8.65999984741211,8.65999984741211,8.404999732971191,8.430000305175781,2401100,0.0,0.0
2023-04-28 00:00:00-04:00,8.34000015258789,8.614999771118164,8.260000228881836,8.550000190734863,1765500,0.0,0.0
2023-05-01 00:00:00-04:00,8.550000190734863,8.720000267028809,8.430000305175781,8.619999885559082,1661800,0.0,0.0
2023-05-02 00:00:00-04:00,8.449999809265137,8.609999656677246,8.069999694824219,8.210000038146973,2951200,0.0,0.0
2023-05-03 00:00:00-04:00,8.239999771118164,8.550000190734863,8.0600004196167,8.4399995803833,3155800,0.0,0.0
2023-05-04 00:00:00-04:00,8.420000076293945,8.494999885559082,8.0600004196167,8.399999618530273,3414500,0.0,0.0
2023-05-05 00:00:00-04:00,8.390000343322754,8.800000190734863,8.390000343322754,8.619999885559082,2497600,0.0,0.0
2023-05-08 00:00:00-04:00,8.649999618530273,9.0,8.449999809265137,8.960000038146973,3870000,0.0,0.0
2023-05-09 00:00:00-04:00,8.979999542236328,9.5,8.789999961853027,9.369999885559082,5608300,0.0,0.0
2023-05-10 00:00:00-04:00,9.390000343322754,9.48799991607666,9.09000015258789,9.229999542236328,2943100,0.0,0.0
2023-05-11 00:00:00-04:00,9.239999771118164,9.239999771118164,8.800000190734863,9.050000190734863,2686800,0.0,0.0
2023-05-12 00:00:00-04:00,9.100000381469727,9.180000305175781,9.020000457763672,9.109999656677246,1302800,0.0,0.0
2023-05-15 00:00:00-04:00,9.109999656677246,9.267999649047852,8.720000267028809,9.149999618530273,1999100,0.0,0.0
2023-05-16 00:00:00-04:00,9.229999542236328,9.229999542236328,8.529999732971191,8.739999771118164,2662700,0.0,0.0
2023-05-17 00:00:00-04:00,8.8100004196167,9.09000015258789,8.729999542236328,9.039999961853027,2656000,0.0,0.0
2023-05-18 00:00:00-04:00,9.199999809265137,9.375,8.949999809265137,9.09000015258789,2846900,0.0,0.0
2023-05-19 00:00:00-04:00,9.149999618530273,9.324999809265137,9.109999656677246,9.319999694824219,1856600,0.0,0.0
2023-05-22 00:00:00-04:00,9.25,9.699999809265137,9.229999542236328,9.65999984741211,2757600,0.0,0.0
2023-05-23 00:00:00-04:00,9.65999984741211,9.850000381469727,9.329999923706055,9.390000343322754,2864100,0.0,0.0
2023-05-24 00:00:00-04:00,9.319999694824219,9.329999923706055,9.050000190734863,9.220000267028809,1897900,0.0,0.0
2023-05-25 00:00:00-04:00,9.260000228881836,9.329999923706055,8.961999893188477,9.229999542236328,1965800,0.0,0.0
2023-05-26 00:00:00-04:00,9.220000267028809,9.350000381469727,9.15999984741211,9.3100004196167,1922800,0.0,0.0
2023-05-30 00:00:00-04:00,9.25,9.479999542236328,9.010000228881836,9.069999694824219,1471100,0.0,0.0
2023-05-31 00:00:00-04:00,9.079999923706055,9.359999656677246,8.949999809265137,9.09000015258789,4534100,0.0,0.0
2023-06-01 00:00:00-04:00,9.029999732971191,9.390000343322754,8.890000343322754,9.350000381469727,2789800,0.0,0.0
2023-06-02 00:00:00-04:00,9.420000076293945,9.460000038146973,9.305000305175781,9.4399995803833,1659900,0.0,0.0
2023-06-05 00:00:00-04:00,9.4350004196167,9.484999656677246,9.229999542236328,9.420000076293945,1563500,0.0,0.0
2023-06-06 00:00:00-04:00,9.489999771118164,9.84000015258789,9.350000381469727,9.75,3718900,0.0,0.0
2023-06-07 00:00:00-04:00,9.800000190734863,9.850000381469727,9.640000343322754,9.75,3919200,0.0,0.0
2023-06-08 00:00:00-04:00,9.649999618530273,9.729999542236328,8.760000228881836,9.579999923706055,4971500,0.0,0.0
2023-06-09 00:00:00-04:00,9.630000114440918,10.119999885559082,9.5,10.029999732971191,6169400,0.0,0.0
2023-06-12 00:00:00-04:00,10.050000190734863,10.079999923706055,9.300000190734863,9.420000076293945,3531800,0.0,0.0
2023-06-13 00:00:00-04:00,9.449999809265137,9.805000305175781,9.399999618530273,9.779999732971191,2279500,0.0,0.0
2023-06-14 00:00:00-04:00,9.800000190734863,9.829999923706055,9.479999542236328,9.710000038146973,1820700,0.0,0.0
2023-06-15 00:00:00-04:00,9.630000114440918,9.930000305175781,9.529999732971191,9.920000076293945,1734400,0.0,0.0
2023-06-16 00:00:00-04:00,10.0,10.039999961853027,9.539999961853027,9.649999618530273,5959500,0.0,0.0
2023-06-20 00:00:00-04:00,9.520000457763672,9.829999923706055,9.420000076293945,9.789999961853027,3088200,0.0,0.0
2023-06-21 00:00:00-04:00,9.75,9.760000228881836,9.300999641418457,9.529999732971191,3630800,0.0,0.0
2023-06-22 00:00:00-04:00,10.050000190734863,10.829999923706055,9.779999732971191,9.970000267028809,24503400,0.0,0.0
2023-06-23 00:00:00-04:00,10.0,10.270000457763672,9.729999542236328,9.800000190734863,23965600,0.0,0.0
2023-06-26 00:00:00-04:00,9.710000038146973,9.720000267028809,9.0600004196167,9.180000305175781,6946300,0.0,0.0
2023-06-27 00:00:00-04:00,9.149999618530273,9.1899995803833,8.40999984741211,9.050000190734863,10414500,0.0,0.0
2023-06-28 00:00:00-04:00,9.180000305175781,10.109999656677246,8.829999923706055,10.069999694824219,9533400,0.0,0.0
2023-06-29 00:00:00-04:00,10.154999732971191,10.510000228881836,9.779999732971191,9.899999618530273,5779300,0.0,0.0
2023-06-30 00:00:00-04:00,9.989999771118164,10.164999961853027,9.779999732971191,10.079999923706055,4022600,0.0,0.0
2023-07-03 00:00:00-04:00,10.109999656677246,10.194999694824219,9.6899995803833,9.760000228881836,2012400,0.0,0.0
2023-07-05 00:00:00-04:00,9.84000015258789,10.75,9.770000457763672,10.630000114440918,10437900,0.0,0.0
2023-07-06 00:00:00-04:00,10.574999809265137,11.6899995803833,9.970000267028809,10.649999618530273,16229600,0.0,0.0
2023-07-07 00:00:00-04:00,10.699999809265137,11.0,10.40999984741211,10.800000190734863,7236300,0.0,0.0
2023-07-10 00:00:00-04:00,10.829999923706055,11.229999542236328,10.625,11.079999923706055,5925600,0.0,0.0
2023-07-11 00:00:00-04:00,11.119999885559082,11.1899995803833,10.880000114440918,11.09000015258789,3924400,0.0,0.0
2023-07-12 00:00:00-04:00,11.279999732971191,11.484999656677246,11.109999656677246,11.420000076293945,5557400,0.0,0.0
2023-07-13 00:00:00-04:00,11.539999961853027,11.699999809265137,11.300000190734863,11.600000381469727,9137500,0.0,0.0
2023-07-14 00:00:00-04:00,11.989999771118164,12.0,11.59000015258789,11.670000076293945,11699000,0.0,0.0
2023-07-17 00:00:00-04:00,11.800000190734863,11.949999809265137,11.510000228881836,11.800000190734863,5846600,0.0,0.0
2023-07-18 00:00:00-04:00,11.90999984741211,12.005000114440918,11.720000267028809,11.8100004196167,4329600,0.0,0.0
2023-07-19 00:00:00-04:00,11.819999694824219,11.970000267028809,11.479999542236328,11.539999961853027,3071500,0.0,0.0
2023-07-20 00:00:00-04:00,11.5,11.5600004196167,11.109999656677246,11.130000114440918,4217900,0.0,0.0
2023-07-21 00:00:00-04:00,11.149999618530273,11.265000343322754,10.970000267028809,11.09000015258789,3220800,0.0,0.0
2023-07-24 00:00:00-04:00,11.010000228881836,11.079999923706055,10.5649995803833,10.729999542236328,4144300,0.0,0.0
2023-07-25 00:00:00-04:00,10.6899995803833,10.90999984741211,10.614999771118164,10.729999542236328,2211600,0.0,0.0
2023-07-26 00:00:00-04:00,10.75,10.989999771118164,10.729999542236328,10.930000305175781,2142100,0.0,0.0
2023-07-27 00:00:00-04:00,11.119999885559082,11.135000228881836,10.729999542236328,10.800000190734863,1934400,0.0,0.0
2023-07-28 00:00:00-04:00,10.770000457763672,11.729999542236328,10.770000457763672,11.65999984741211,3307400,0.0,0.0
2023-07-31 00:00:00-04:00,11.779999732971191,11.989999771118164,11.645000457763672,11.979999542236328,3097800,0.0,0.0
2023-08-01 00:00:00-04:00,11.859999656677246,12.0,11.779999732971191,11.930000305175781,1707500,0.0,0.0
2023-08-02 00:00:00-04:00,11.789999961853027,11.920000076293945,11.739999771118164,11.8100004196167,2045600,0.0,0.0
2023-08-03 00:00:00-04:00,11.75,12.0,11.489999771118164,11.5,3473800,0.0,0.0
2023-08-04 00:00:00-04:00,11.529999732971191,11.710000038146973,11.40999984741211,11.59000015258789,1921700,0.0,0.0
2023-08-07 00:00:00-04:00,11.760000228881836,11.760000228881836,11.199999809265137,11.239999771118164,5119400,0.0,0.0
2023-08-08 00:00:00-04:00,11.180000305175781,11.670000076293945,11.10099983215332,11.390000343322754,2895500,0.0,0.0
2023-08-09 00:00:00-04:00,11.329999923706055,11.4399995803833,11.25,11.279999732971191,2632300,0.0,0.0
2023-08-10 00:00:00-04:00,11.300000190734863,11.46500015258789,11.199999809265137,11.390000343322754,2684200,0.0,0.0
2023-08-11 00:00:00-04:00,11.25,11.6899995803833,11.25,11.569999694824219,4709400,0.0,0.0
2023-08-14 00:00:00-04:00,11.550000190734863,11.960000038146973,10.949999809265137,11.710000038146973,3652500,0.0,0.0
2023-08-15 00:00:00-04:00,11.720000267028809,11.75,10.864999771118164,10.970000267028809,4461900,0.0,0.0
2023-08-16 00:00:00-04:00,10.930000305175781,11.010000228881836,10.609999656677246,10.8100004196167,4854900,0.0,0.0
2023-08-17 00:00:00-04:00,10.779999732971191,10.779999732971191,10.319999694824219,10.470000267028809,4506900,0.0,0.0
2023-08-18 00:00:00-04:00,10.369999885559082,11.0,10.239999771118164,10.869999885559082,3958200,0.0,0.0
2023-08-21 00:00:00-04:00,10.720000267028809,11.039999961853027,10.479999542236328,10.960000038146973,4985600,0.0,0.0
2023-08-22 00:00:00-04:00,10.989999771118164,11.1899995803833,10.819999694824219,11.149999618530273,2890200,0.0,0.0
2023-08-23 00:00:00-04:00,11.229999542236328,11.805000305175781,11.229999542236328,11.710000038146973,4385300,0.0,0.0
2023-08-24 00:00:00-04:00,11.739999771118164,11.739999771118164,11.100000381469727,11.109999656677246,2247000,0.0,0.0
2023-08-25 00:00:00-04:00,11.140000343322754,11.3100004196167,11.024999618530273,11.140000343322754,1706500,0.0,0.0
2023-08-28 00:00:00-04:00,11.180000305175781,11.390000343322754,11.079999923706055,11.289999961853027,2219900,0.0,0.0
2023-08-29 00:00:00-04:00,11.1899995803833,11.369999885559082,11.0,11.25,1755700,0.0,0.0
2023-08-30 00:00:00-04:00,11.279999732971191,11.739999771118164,11.239999771118164,11.579999923706055,2613700,0.0,0.0
2023-08-31 00:00:00-04:00,11.579999923706055,11.800000190734863,11.510000228881836,11.569999694824219,3799400,0.0,0.0
2023-09-01 00:00:00-04:00,11.649999618530273,11.9350004196167,11.460000038146973,11.680000305175781,3710500,0.0,0.0
2023-09-05 00:00:00-04:00,11.630000114440918,12.010000228881836,11.585000038146973,11.75,3887400,0.0,0.0
2023-09-06 00:00:00-04:00,11.720000267028809,11.869999885559082,11.454999923706055,11.789999961853027,2246900,0.0,0.0
2023-09-07 00:00:00-04:00,11.59000015258789,11.819999694824219,11.470000267028809,11.699999809265137,3026100,0.0,0.0
2023-09-08 00:00:00-04:00,11.729999542236328,12.619999885559082,11.729999542236328,12.600000381469727,10030000,0.0,0.0
2023-09-11 00:00:00-04:00,12.649999618530273,12.84000015258789,11.312000274658203,11.510000228881836,6629100,0.0,0.0
2023-09-12 00:00:00-04:00,11.390000343322754,11.675000190734863,11.15999984741211,11.220000267028809,3642900,0.0,0.0
2023-09-13 00:00:00-04:00,11.109999656677246,11.390000343322754,11.100000381469727,11.15999984741211,2555400,0.0,0.0
2023-09-14 00:00:00-04:00,11.210000038146973,11.65999984741211,11.09000015258789,11.489999771118164,2092100,0.0,0.0
2023-09-15 00:00:00-04:00,11.489999771118164,11.569999694824219,11.220000267028809,11.289999961853027,22401000,0.0,0.0
2023-09-18 00:00:00-04:00,11.170000076293945,11.399999618530273,11.008000373840332,11.119999885559082,3432700,0.0,0.0
2023-09-19 00:00:00-04:00,11.119999885559082,11.119999885559082,10.640000343322754,10.800000190734863,3107900,0.0,0.0
2023-09-20 00:00:00-04:00,10.65999984741211,10.789999961853027,10.289999961853027,10.329999923706055,3147400,0.0,0.0
2023-09-21 00:00:00-04:00,10.229999542236328,10.34000015258789,9.960000038146973,10.220000267028809,3302500,0.0,0.0
2023-09-22 00:00:00-04:00,10.350000381469727,10.4350004196167,10.0600004196167,10.329999923706055,4722800,0.0,0.0
2023-09-25 00:00:00-04:00,10.15999984741211,10.300000190734863,9.869999885559082,10.210000038146973,2211400,0.0,0.0
2023-09-26 00:00:00-04:00,11.800000190734863,12.829999923706055,11.75,12.40999984741211,22066600,0.0,0.0
2023-09-27 00:00:00-04:00,12.770000457763672,13.229999542236328,12.600000381469727,13.1899995803833,16476100,0.0,0.0
2023-09-28 00:00:00-04:00,13.199999809265137,13.239999771118164,12.244999885559082,12.550000190734863,8332800,0.0,0.0
2023-09-29 00:00:00-04:00,11.869999885559082,12.0,11.510000228881836,11.680000305175781,17250600,0.0,0.0
2023-10-02 00:00:00-04:00,11.5600004196167,11.649999618530273,10.34000015258789,10.515000343322754,12262900,0.0,0.0
2023-10-03 00:00:00-04:00,10.40999984741211,10.529999732971191,9.864999771118164,10.420000076293945,11808400,0.0,0.0
2023-10-04 00:00:00-04:00,10.390000343322754,10.40999984741211,9.890000343322754,9.930000305175781,11206100,0.0,0.0
2023-10-05 00:00:00-04:00,9.819999694824219,10.4399995803833,9.789999961853027,10.430000305175781,8426700,0.0,0.0
2023-10-06 00:00:00-04:00,10.289999961853027,10.90999984741211,10.289999961853027,10.800000190734863,4707700,0.0,0.0
2023-10-09 00:00:00-04:00,10.680000305175781,10.84000015258789,10.289999961853027,10.630000114440918,4459900,0.0,0.0
2023-10-10 00:00:00-04:00,10.569999694824219,10.869999885559082,10.380000114440918,10.699999809265137,3736800,0.0,0.0
2023-10-11 00:00:00-04:00,10.699999809265137,10.819999694824219,10.119999885559082,10.140000343322754,2836800,0.0,0.0
2023-10-12 00:00:00-04:00,10.109999656677246,10.170000076293945,9.720000267028809,9.899999618530273,4418200,0.0,0.0
2023-10-13 00:00:00-04:00,10.010000228881836,10.151000022888184,9.75,10.079999923706055,3104100,0.0,0.0
2023-10-16 00:00:00-04:00,10.140000343322754,10.390000343322754,9.90999984741211,10.1899995803833,3382800,0.0,0.0
2023-10-17 00:00:00-04:00,10.300000190734863,10.489999771118164,10.109999656677246,10.1899995803833,3105400,0.0,0.0
2023-10-18 00:00:00-04:00,10.180000305175781,10.180000305175781,9.779999732971191,9.869999885559082,2330900,0.0,0.0
2023-10-19 00:00:00-04:00,9.880000114440918,10.03499984741211,9.515000343322754,9.770000457763672,4183900,0.0,0.0
2023-10-20 00:00:00-04:00,9.770000457763672,9.920000076293945,9.5649995803833,9.65999984741211,2712800,0.0,0.0
2023-10-23 00:00:00-04:00,10.029999732971191,10.029999732971191,8.569999694824219,8.595000267028809,40653700,0.0,0.0
2023-10-24 00:00:00-04:00,8.630000114440918,9.029999732971191,8.550000190734863,8.720000267028809,11636700,0.0,0.0
2023-10-25 00:00:00-04:00,8.649999618530273,8.819999694824219,8.380000114440918,8.539999961853027,11011900,0.0,0.0
2023-10-26 00:00:00-04:00,8.59000015258789,8.6899995803833,8.390000343322754,8.449999809265137,7515400,0.0,0.0
2023-10-27 00:00:00-04:00,8.489999771118164,8.569999694824219,8.244999885559082,8.380000114440918,8752300,0.0,0.0
2023-10-30 00:00:00-04:00,8.390000343322754,8.579999923706055,8.34000015258789,8.449999809265137,4998600,0.0,0.0
2023-10-31 00:00:00-04:00,8.350000381469727,8.725000381469727,8.289999961853027,8.640000343322754,7497100,0.0,0.0
2023-11-01 00:00:00-04:00,8.600000381469727,9.15999984741211,8.484999656677246,9.0600004196167,9284400,0.0,0.0
2023-11-02 00:00:00-04:00,9.199999809265137,9.199999809265137,8.960000038146973,9.0600004196167,4121500,0.0,0.0
2023-11-03 00:00:00-04:00,9.149999618530273,9.489999771118164,9.069999694824219,9.279999732971191,3191000,0.0,0.0
2023-11-06 00:00:00-05:00,9.369999885559082,9.380000114440918,8.8149995803833,8.890000343322754,6884500,0.0,0.0
2023-11-07 00:00:00-05:00,8.9399995803833,9.180000305175781,8.800000190734863,9.09000015258789,4423300,0.0,0.0
2023-11-08 00:00:00-05:00,9.109999656677246,9.109999656677246,8.725000381469727,8.979999542236328,3959400,0.0,0.0
2023-11-09 00:00:00-05:00,9.010000228881836,9.079999923706055,8.510000228881836,8.550000190734863,5398400,0.0,0.0
2023-11-10 00:00:00-05:00,8.600000381469727,8.84000015258789,8.59000015258789,8.8100004196167,3164200,0.0,0.0
2023-11-13 00:00:00-05:00,8.640000343322754,9.140000343322754,8.46500015258789,9.050000190734863,4145100,0.0,0.0
2023-11-14 00:00:00-05:00,9.399999618530273,9.600000381469727,9.15999984741211,9.300000190734863,4994600,0.0,0.0
2023-11-15 00:00:00-05:00,9.25,9.520000457763672,9.039999961853027,9.069999694824219,4522600,0.0,0.0
2023-11-16 00:00:00-05:00,9.050000190734863,9.140000343322754,8.925000190734863,9.020000457763672,6232500,0.0,0.0
2023-11-17 00:00:00-05:00,9.029999732971191,9.085000038146973,8.835000038146973,8.970000267028809,5536400,0.0,0.0
2023-11-20 00:00:00-05:00,8.90999984741211,9.050000190734863,8.770000457763672,8.800000190734863,3224100,0.0,0.0
2023-11-21 00:00:00-05:00,8.75,8.8100004196167,8.5600004196167,8.640000343322754,3803200,0.0,0.0
2023-11-22 00:00:00-05:00,8.699999809265137,9.050000190734863,8.645000457763672,9.0,4895900,0.0,0.0
2023-11-24 00:00:00-05:00,9.029999732971191,9.279999732971191,9.0,9.130000114440918,2012800,0.0,0.0
2023-11-27 00:00:00-05:00,8.829999923706055,9.125,8.611000061035156,9.100000381469727,7194100,0.0,0.0
2023-11-28 00:00:00-05:00,9.09000015258789,9.149999618530273,8.869999885559082,9.09000015258789,7078600,0.0,0.0
2023-11-29 00:00:00-05:00,9.130000114440918,9.5600004196167,9.130000114440918,9.40999984741211,5063600,0.0,0.0
2023-11-30 00:00:00-05:00,9.489999771118164,9.835000038146973,9.4399995803833,9.5600004196167,8367400,0.0,0.0
2023-12-01 00:00:00-05:00,9.569999694824219,9.869999885559082,9.34000015258789,9.850000381469727,4612300,0.0,0.0
2023-12-04 00:00:00-05:00,9.800000190734863,10.010000228881836,9.699999809265137,9.9399995803833,4617900,0.0,0.0
2023-12-05 00:00:00-05:00,9.850000381469727,9.970000267028809,9.640000343322754,9.819999694824219,3055400,0.0,0.0
2023-12-06 00:00:00-05:00,9.960000038146973,10.045000076293945,9.734999656677246,9.800000190734863,4585900,0.0,0.0
2023-12-07 00:00:00-05:00,9.779999732971191,9.890000343322754,9.699999809265137,9.75,4469800,0.0,0.0
2023-12-08 00:00:00-05:00,9.739999771118164,9.84000015258789,9.479999542236328,9.829999923706055,4957300,0.0,0.0
2023-12-11 00:00:00-05:00,9.729999542236328,9.96500015258789,9.6850004196167,9.930000305175781,3382900,0.0,0.0
2023-12-12 00:00:00-05:00,10.0,10.40999984741211,9.819999694824219,10.350000381469727,5696900,0.0,0.0
2023-12-13 00:00:00-05:00,10.380000114440918,10.904999732971191,10.295000076293945,10.8100004196167,5648600,0.0,0.0
2023-12-14 00:00:00-05:00,11.050000190734863,11.1899995803833,10.699999809265137,11.130000114440918,7225900,0.0,0.0
2023-12-15 00:00:00-05:00,11.1899995803833,11.34000015258789,11.039999961853027,11.15999984741211,9135800,0.0,0.0
2023-12-18 00:00:00-05:00,11.109999656677246,11.265000343322754,10.869999885559082,10.90999984741211,3894900,0.0,0.0
2023-12-19 00:00:00-05:00,11.010000228881836,11.130000114440918,10.779999732971191,10.800000190734863,4590700,0.0,0.0
2023-12-20 00:00:00-05:00,10.300000190734863,10.505000114440918,9.9399995803833,9.960000038146973,7879700,0.0,0.0
2023-12-21 00:00:00-05:00,10.40999984741211,10.619999885559082,10.32800006866455,10.539999961853027,8185400,0.0,0.0
2023-12-22 00:00:00-05:00,10.59000015258789,11.039999961853027,10.59000015258789,10.890000343322754,4579800,0.0,0.0
2023-12-26 00:00:00-05:00,11.0,11.5,10.979999542236328,11.470000267028809,8764500,0.0,0.0
2023-12-27 00:00:00-05:00,11.600000381469727,11.779999732971191,11.385000228881836,11.579999923706055,4582800,0.0,0.0
2023-12-28 00:00:00-05:00,11.609999656677246,11.645000457763672,11.210000038146973,11.369999885559082,4722100,0.0,0.0
2023-12-29 00:00:00-05:00,11.369999885559082,11.390000343322754,11.069999694824219,11.229999542236328,4193200,0.0,0.0
2024-01-02 00:00:00-05:00,11.220000267028809,11.489999771118164,11.050000190734863,11.350000381469727,3727200,0.0,0.0
2024-01-03 00:00:00-05:00,11.1899995803833,11.229999542236328,10.800000190734863,10.859999656677246,3748700,0.0,0.0
2024-01-04 00:00:00-05:00,10.859999656677246,10.989999771118164,10.725000381469727,10.819999694824219,5416200,0.0,0.0
2024-01-05 00:00:00-05:00,11.0,11.5600004196167,10.970000267028809,11.270000457763672,7796700,0.0,0.0
2024-01-08 00:00:00-05:00,11.100000381469727,11.449999809265137,10.84000015258789,11.4399995803833,5283700,0.0,0.0
2024-01-09 00:00:00-05:00,11.350000381469727,11.710000038146973,11.225000381469727,11.350000381469727,6013100,0.0,0.0
2024-01-10 00:00:00-05:00,11.494999885559082,11.529999732971191,10.930000305175781,11.170000076293945,4600600,0.0,0.0
2024-01-11 00:00:00-05:00,11.029999732971191,11.225000381469727,10.84000015258789,10.989999771118164,3944200,0.0,0.0
2024-01-12 00:00:00-05:00,11.029999732971191,11.305000305175781,10.954999923706055,11.0600004196167,2331200,0.0,0.0
2024-01-16 00:00:00-05:00,11.079999923706055,11.1899995803833,10.829999923706055,10.859999656677246,3325100,0.0,0.0
2024-01-17 00:00:00-05:00,10.6899995803833,10.970000267028809,10.569999694824219,10.760000228881836,5595400,0.0,0.0
2024-01-18 00:00:00-05:00,10.850000381469727,10.850000381469727,10.359999656677246,10.510000228881836,4342500,0.0,0.0
2024-01-19 00:00:00-05:00,10.479999542236328,10.489999771118164,10.25,10.350000381469727,3933200,0.0,0.0
2024-01-22 00:00:00-05:00,10.390000343322754,10.649999618530273,10.1899995803833,10.350000381469727,4885300,0.0,0.0
2024-01-23 00:00:00-05:00,10.3100004196167,10.59000015258789,10.305000305175781,10.449999809265137,4795700,0.0,0.0
2024-01-24 00:00:00-05:00,10.470000267028809,10.595000267028809,10.380000114440918,10.399999618530273,2798300,0.0,0.0
2024-01-25 00:00:00-05:00,10.460000038146973,10.628000259399414,10.380000114440918,10.520000457763672,2640300,0.0,0.0
2024-01-26 00:00:00-05:00,10.539999961853027,10.649999618530273,10.345000267028809,10.369999885559082,4582800,0.0,0.0
2024-01-29 00:00:00-05:00,10.329999923706055,10.430000305175781,10.0,10.319999694824219,26870400,0.0,0.0
2024-01-30 00:00:00-05:00,10.300000190734863,10.300000190734863,9.994999885559082,10.220000267028809,9993300,0.0,0.0
2024-01-31 00:00:00-05:00,10.300000190734863,10.399999618530273,10.0,10.0,4852400,0.0,0.0
2024-02-01 00:00:00-05:00,10.0600004196167,10.380000114440918,9.920000076293945,10.050000190734863,5347800,0.0,0.0
2024-02-02 00:00:00-05:00,9.949999809265137,10.079000473022461,9.819999694824219,9.890000343322754,2741100,0.0,0.0
2024-02-05 00:00:00-05:00,9.770000457763672,10.0600004196167,9.6899995803833,10.020000457763672,3770800,0.0,0.0
2024-02-06 00:00:00-05:00,10.029999732971191,10.3149995803833,9.970000267028809,10.300000190734863,3481000,0.0,0.0
2024-02-07 00:00:00-05:00,10.350000381469727,10.479999542236328,10.260000228881836,10.390000343322754,4638200,0.0,0.0
2024-02-08 00:00:00-05:00,10.420000076293945,10.614999771118164,10.305000305175781,10.569999694824219,7159700,0.0,0.0
2024-02-09 00:00:00-05:00,10.84000015258789,11.119999885559082,10.690999984741211,10.8100004196167,4607900,0.0,0.0
2024-02-12 00:00:00-05:00,10.789999961853027,10.899999618530273,10.664999961853027,10.869999885559082,6798400,0.0,0.0
2024-02-13 00:00:00-05:00,10.869999885559082,11.020000457763672,10.539999961853027,10.800000190734863,6202400,0.0,0.0
2024-02-14 00:00:00-05:00,10.800000190734863,11.359999656677246,10.800000190734863,11.319999694824219,6365600,0.0,0.0
2024-02-15 00:00:00-05:00,11.609999656677246,11.680000305175781,11.3100004196167,11.449999809265137,6596800,0.0,0.0
2024-02-16 00:00:00-05:00,11.28499984741211,11.609999656677246,11.279999732971191,11.59000015258789,4367900,0.0,0.0
2024-02-20 00:00:00-05:00,11.649999618530273,11.729000091552734,11.46500015258789,11.539999961853027,4315200,0.0,0.0
2024-02-21 00:00:00-05:00,11.449999809265137,11.59000015258789,11.3149995803833,11.539999961853027,3735600,0.0,0.0
2024-02-22 00:00:00-05:00,11.609999656677246,11.670000076293945,11.329999923706055,11.359999656677246,5079600,0.0,0.0
2024-02-23 00:00:00-05:00,11.359999656677246,11.680000305175781,11.279999732971191,11.600000381469727,3398900,0.0,0.0
2024-02-26 00:00:00-05:00,11.59000015258789,11.880000114440918,11.5600004196167,11.699999809265137,4608500,0.0,0.0
2024-02-27 00:00:00-05:00,11.65999984741211,11.8100004196167,11.5649995803833,11.800000190734863,4273400,0.0,0.0
2024-02-28 00:00:00-05:00,11.710000038146973,11.770000457763672,11.539999961853027,11.710000038146973,3740700,0.0,0.0
2024-02-29 00:00:00-05:00,11.850000381469727,11.890000343322754,11.329999923706055,11.4399995803833,5232800,0.0,0.0
2024-03-01 00:00:00-05:00,11.5,11.880000114440918,11.5,11.770000457763672,5136000,0.0,0.0
2024-03-04 00:00:00-05:00,11.880000114440918,12.0,11.420000076293945,11.479999542236328,4954600,0.0,0.0
2024-03-05 00:00:00-05:00,11.460000038146973,11.699999809265137,11.449999809265137,11.600000381469727,4222500,0.0,0.0
2024-03-06 00:00:00-05:00,11.770000457763672,11.800000190734863,11.520000457763672,11.569999694824219,3689900,0.0,0.0
2024-03-07 00:00:00-05:00,11.600000381469727,11.609999656677246,11.0,11.149999618530273,7051700,0.0,0.0
2024-03-08 00:00:00-05:00,11.210000038146973,11.229999542236328,10.619999885559082,10.680000305175781,7870200,0.0,0.0
2024-03-11 00:00:00-04:00,10.609999656677246,10.779999732971191,10.404999732971191,10.4399995803833,5756600,0.0,0.0
2024-03-12 00:00:00-04:00,10.4399995803833,10.515000343322754,10.229999542236328,10.289999961853027,5725400,0.0,0.0
2024-03-13 00:00:00-04:00,10.329999923706055,10.649999618530273,10.210000038146973,10.619999885559082,6202900,0.0,0.0
2024-03-14 00:00:00-04:00,10.5600004196167,10.630000114440918,10.095000267028809,10.229999542236328,5556500,0.0,0.0
2024-03-15 00:00:00-04:00,10.199999809265137,10.329999923706055,10.020000457763672,10.140000343322754,7649800,0.0,0.0
2024-03-18 00:00:00-04:00,10.149999618530273,10.210000038146973,9.845000267028809,9.869999885559082,5772800,0.0,0.0
2024-03-19 00:00:00-04:00,9.829999923706055,10.114999771118164,9.760000228881836,9.930000305175781,4149600,0.0,0.0
2024-03-20 00:00:00-04:00,9.869999885559082,10.069999694824219,9.800000190734863,10.010000228881836,3876700,0.0,0.0
2024-03-21 00:00:00-04:00,10.479999542236328,10.479999542236328,10.180000305175781,10.260000228881836,6341900,0.0,0.0
2024-03-22 00:00:00-04:00,10.229999542236328,10.319999694824219,10.09000015258789,10.149999618530273,3863700,0.0,0.0
2024-03-25 00:00:00-04:00,10.15999984741211,10.3100004196167,9.930000305175781,9.949999809265137,4161400,0.0,0.0
2024-03-26 00:00:00-04:00,10.0,10.119999885559082,9.979999542236328,10.079999923706055,4890700,0.0,0.0
2024-03-27 00:00:00-04:00,10.720000267028809,11.1850004196167,10.510000228881836,10.84000015258789,29371900,0.0,0.0
2024-03-28 00:00:00-04:00,10.8100004196167,10.930000305175781,10.369999885559082,10.539999961853027,65648400,0.0,0.0
2024-04-01 00:00:00-04:00,10.520000457763672,10.520000457763672,10.149999618530273,10.430000305175781,10377900,0.0,0.0
2024-04-02 00:00:00-04:00,10.930000305175781,11.260000228881836,10.550000190734863,10.920000076293945,20343100,0.0,0.0
2024-04-03 00:00:00-04:00,10.920000076293945,11.550000190734863,10.645000457763672,11.510000228881836,21766500,0.0,0.0
2024-04-04 00:00:00-04:00,11.670000076293945,11.6899995803833,11.390000343322754,11.510000228881836,9861100,0.0,0.0
2024-04-05 00:00:00-04:00,11.399999618530273,11.779999732971191,11.279999732971191,11.739999771118164,5855100,0.0,0.0
2024-04-08 00:00:00-04:00,11.800000190734863,11.800000190734863,11.460000038146973,11.630000114440918,3589800,0.0,0.0
2024-04-09 00:00:00-04:00,11.649999618530273,11.65999984741211,11.180999755859375,11.40999984741211,6693300,0.0,0.0
2024-04-10 00:00:00-04:00,11.1899995803833,11.270000457763672,11.071999549865723,11.199999809265137,5210100,0.0,0.0
2024-04-11 00:00:00-04:00,11.239999771118164,11.319999694824219,11.029999732971191,11.170000076293945,3439500,0.0,0.0
2024-04-12 00:00:00-04:00,11.100000381469727,11.126999855041504,10.829999923706055,10.9399995803833,6347100,0.0,0.0
2024-04-15 00:00:00-04:00,10.979999542236328,11.045000076293945,10.8100004196167,10.84000015258789,5009300,0.0,0.0
2024-04-16 00:00:00-04:00,10.770000457763672,10.914999961853027,10.635000228881836,10.710000038146973,4731800,0.0,0.0
2024-04-17 00:00:00-04:00,10.760000228881836,10.800000190734863,10.420000076293945,10.4399995803833,4076200,0.0,0.0
2024-04-18 00:00:00-04:00,10.399999618530273,10.5,10.324999809265137,10.359999656677246,3419800,0.0,0.0
2024-04-19 00:00:00-04:00,10.300000190734863,10.479999542236328,10.265000343322754,10.460000038146973,4664400,0.0,0.0
2024-04-22 00:00:00-04:00,10.520000457763672,10.8149995803833,10.361000061035156,10.600000381469727,5323900,0.0,0.0
2024-04-23 00:00:00-04:00,10.649999618530273,11.050000190734863,10.604999542236328,10.9399995803833,4978900,0.0,0.0
2024-04-24 00:00:00-04:00,10.930000305175781,11.050000190734863,10.78499984741211,10.899999618530273,2837400,0.0,0.0
2024-04-25 00:00:00-04:00,10.779999732971191,10.90999984741211,10.513999938964844,10.880000114440918,3719600,0.0,0.0
2024-04-26 00:00:00-04:00,10.949999809265137,11.109999656677246,10.875,11.029999732971191,3109700,0.0,0.0
2024-04-29 00:00:00-04:00,11.0,11.279999732971191,10.989999771118164,11.130000114440918,5224700,0.0,0.0
2024-04-30 00:00:00-04:00,11.029999732971191,11.140000343322754,10.890000343322754,10.899999618530273,4553200,0.0,0.0
2024-05-01 00:00:00-04:00,11.0,11.345000267028809,10.899999618530273,11.210000038146973,5558200,0.0,0.0
2024-05-02 00:00:00-04:00,11.34000015258789,11.350000381469727,11.142000198364258,11.239999771118164,3331100,0.0,0.0
2024-05-03 00:00:00-04:00,11.479999542236328,11.5,11.279999732971191,11.390000343322754,3693300,0.0,0.0
2024-05-06 00:00:00-04:00,11.460000038146973,11.640000343322754,11.369999885559082,11.600000381469727,3445200,0.0,0.0
2024-05-07 00:00:00-04:00,11.630000114440918,11.630000114440918,11.369999885559082,11.380000114440918,3753700,0.0,0.0
2024-05-08 00:00:00-04:00,11.274999618530273,11.3100004196167,10.984999656677246,11.210000038146973,5092500,0.0,0.0
2024-05-09 00:00:00-04:00,11.229999542236328,11.279999732971191,11.055000305175781,11.25,3958900,0.0,0.0
2024-05-10 00:00:00-04:00,11.380000114440918,11.479999542236328,11.119999885559082,11.130000114440918,2569900,0.0,0.0
2024-05-13 00:00:00-04:00,11.109999656677246,11.25,11.100000381469727,11.180000305175781,2272500,0.0,0.0
2024-05-14 00:00:00-04:00,11.270000457763672,11.350000381469727,11.140000343322754,11.329999923706055,2638700,0.0,0.0
2024-05-15 00:00:00-04:00,11.529999732971191,11.649999618530273,11.460000038146973,11.5,2900300,0.0,0.0
2024-05-16 00:00:00-04:00,11.479999542236328,11.479999542236328,11.335000038146973,11.40999984741211,3057400,0.0,0.0
2024-05-17 00:00:00-04:00,11.399999618530273,11.449999809265137,10.90999984741211,11.229999542236328,3949500,0.0,0.0
2024-05-20 00:00:00-04:00,11.229999542236328,11.390000343322754,11.199999809265137,11.369999885559082,3482800,0.0,0.0
2024-05-21 00:00:00-04:00,11.3100004196167,11.404999732971191,11.140000343322754,11.229999542236328,2355500,0.0,0.0
2024-05-22 00:00:00-04:00,11.199999809265137,11.484999656677246,11.180000305175781,11.289999961853027,4723500,0.0,0.0
2024-05-23 00:00:00-04:00,11.289999961853027,11.289999961853027,10.859999656677246,10.9399995803833,5585400,0.0,0.0
2024-05-24 00:00:00-04:00,10.9399995803833,11.079999923706055,10.899999618530273,10.979999542236328,3925700,0.0,0.0
2024-05-28 00:00:00-04:00,11.029999732971191,11.149999618530273,10.75,10.829999923706055,4737100,0.0,0.0
2024-05-29 00:00:00-04:00,11.119999885559082,11.15999984741211,10.710000038146973,10.729999542236328,9580900,0.0,0.0
2024-05-30 00:00:00-04:00,11.1899995803833,11.1899995803833,10.255000114440918,10.390000343322754,10942600,0.0,0.0
2024-05-31 00:00:00-04:00,10.5,10.550000190734863,10.194999694824219,10.359999656677246,8499600,0.0,0.0
2024-06-03 00:00:00-04:00,10.399999618530273,10.914999961853027,10.319999694824219,10.859999656677246,6031800,0.0,0.0
2024-06-04 00:00:00-04:00,10.880000114440918,11.003000259399414,10.710000038146973,10.729999542236328,4671900,0.0,0.0
2024-06-05 00:00:00-04:00,10.729999542236328,10.944999694824219,10.630000114440918,10.880000114440918,3029400,0.0,0.0
2024-06-06 00:00:00-04:00,10.859999656677246,10.899999618530273,10.520000457763672,10.619999885559082,3662200,0.0,0.0
2024-06-07 00:00:00-04:00,10.529999732971191,10.635000228881836,10.359999656677246,10.470000267028809,4694400,0.0,0.0
2024-06-10 00:00:00-04:00,10.329999923706055,10.600000381469727,10.25,10.579999923706055,5049600,0.0,0.0
2024-06-11 00:00:00-04:00,10.479999542236328,10.670000076293945,10.399999618530273,10.569999694824219,3654700,0.0,0.0
2024-06-12 00:00:00-04:00,10.859999656677246,10.930000305175781,10.710000038146973,10.829999923706055,4458400,0.0,0.0
2024-06-13 00:00:00-04:00,10.760000228881836,10.920000076293945,10.704999923706055,10.8100004196167,2893800,0.0,0.0
2024-06-14 00:00:00-04:00,10.710000038146973,10.774999618530273,10.585000038146973,10.6899995803833,2802700,0.0,0.0
2024-06-17 00:00:00-04:00,10.640000343322754,10.8149995803833,10.600000381469727,10.720000267028809,2693700,0.0,0.0
2024-06-18 00:00:00-04:00,10.739999771118164,10.864999771118164,10.680000305175781,10.84000015258789,3955300,0.0,0.0
2024-06-20 00:00:00-04:00,10.800000190734863,10.895000457763672,10.739999771118164,10.800000190734863,5166500,0.0,0.0
2024-06-21 00:00:00-04:00,10.899999618530273,10.920000076293945,10.569999694824219,10.6899995803833,19324100,0.0,0.0
2024-06-24 00:00:00-04:00,10.710000038146973,10.989999771118164,10.699999809265137,10.90999984741211,10111400,0.0,0.0
2024-06-25 00:00:00-04:00,10.869999885559082,11.020000457763672,10.729999542236328,10.829999923706055,4397400,0.0,0.0
2024-06-26 00:00:00-04:00,10.760000228881836,10.819999694824219,10.539999961853027,10.569999694824219,3250000,0.0,0.0
2024-06-27 00:00:00-04:00,10.529999732971191,10.619999885559082,10.404999732971191,10.569999694824219,4480300,0.0,0.0
2024-06-28 00:00:00-04:00,10.574999809265137,10.75,10.4399995803833,10.569999694824219,11362900,0.0,0.0
2024-07-01 00:00:00-04:00,10.5,10.890000343322754,10.5,10.829999923706055,4128800,0.0,0.0
2024-07-02 00:00:00-04:00,10.829999923706055,10.829999923706055,10.475000381469727,10.5600004196167,4543400,0.0,0.0
2024-07-03 00:00:00-04:00,10.65999984741211,10.680000305175781,10.449999809265137,10.479999542236328,2350600,0.0,0.0
2024-07-05 00:00:00-04:00,10.479999542236328,10.670000076293945,10.329999923706055,10.649999618530273,4281700,0.0,0.0
2024-07-08 00:00:00-04:00,10.710000038146973,10.880000114440918,10.609999656677246,10.720000267028809,4748700,0.0,0.0
2024-07-09 00:00:00-04:00,10.680000305175781,10.850000381469727,10.649999618530273,10.829999923706055,4661300,0.0,0.0
2024-07-10 00:00:00-04:00,10.869999885559082,11.260000228881836,10.869999885559082,11.25,7284300,0.0,0.0
2024-07-11 00:00:00-04:00,11.449999809265137,11.524999618530273,11.1899995803833,11.239999771118164,6692400,0.0,0.0
2024-07-12 00:00:00-04:00,11.289999961853027,11.369999885559082,11.109999656677246,11.350000381469727,5102000,0.0,0.0
2024-07-15 00:00:00-04:00,11.350000381469727,11.569999694824219,11.3100004196167,11.5,6986100,0.0,0.0
2024-07-16 00:00:00-04:00,11.470000267028809,11.720000267028809,11.449999809265137,11.609999656677246,5669900,0.0,0.0
2024-07-17 00:00:00-04:00,11.510000228881836,11.59000015258789,11.130000114440918,11.25,4400100,0.0,0.0
2024-07-18 00:00:00-04:00,11.289999961853027,11.39900016784668,11.074999809265137,11.109999656677246,6018500,0.0,0.0
2024-07-19 00:00:00-04:00,11.079999923706055,11.100000381469727,10.920000076293945,11.0,4046100,0.0,0.0
2024-07-22 00:00:00-04:00,11.020000457763672,11.170000076293945,10.9350004196167,11.130000114440918,2973600,0.0,0.0
2024-07-23 00:00:00-04:00,11.100000381469727,11.180000305175781,11.0,11.010000228881836,2693800,0.0,0.0
2024-07-24 00:00:00-04:00,10.930000305175781,11.010000228881836,10.75,10.75,3777800,0.0,0.0
2024-07-25 00:00:00-04:00,10.75,10.869999885559082,10.670000076293945,10.739999771118164,3700000,0.0,0.0
2024-07-26 00:00:00-04:00,10.770000457763672,11.069999694824219,10.760000228881836,10.800000190734863,3579800,0.0,0.0
2024-07-29 00:00:00-04:00,10.800000190734863,10.8100004196167,10.529999732971191,10.680000305175781,4751400,0.0,0.0
2024-07-30 00:00:00-04:00,10.680000305175781,10.829999923706055,10.550000190734863,10.670000076293945,3230200,0.0,0.0
2024-07-31 00:00:00-04:00,10.760000228881836,11.0,10.649999618530273,10.850000381469727,3655300,0.0,0.0
2024-08-01 00:00:00-04:00,10.829999923706055,10.9399995803833,10.600000381469727,10.619999885559082,3476100,0.0,0.0
2024-08-02 00:00:00-04:00,10.470000267028809,10.569999694824219,10.279999732971191,10.510000228881836,3760000,0.0,0.0
2024-08-05 00:00:00-04:00,10.039999961853027,10.449999809265137,10.0,10.300000190734863,5506300,0.0,0.0
2024-08-06 00:00:00-04:00,10.369999885559082,10.479999542236328,10.180000305175781,10.329999923706055,4028900,0.0,0.0
2024-08-07 00:00:00-04:00,10.479999542236328,10.489999771118164,10.170000076293945,10.170000076293945,3997400,0.0,0.0
2024-08-08 00:00:00-04:00,10.600000381469727,10.9350004196167,10.045000076293945,10.850000381469727,6590700,0.0,0.0
2024-08-09 00:00:00-04:00,10.850000381469727,11.239999771118164,10.850000381469727,11.119999885559082,4553000,0.0,0.0
2024-08-12 00:00:00-04:00,11.149999618530273,11.1899995803833,10.84000015258789,11.180000305175781,3923600,0.0,0.0
2024-08-13 00:00:00-04:00,11.210000038146973,11.399999618530273,11.109999656677246,11.359999656677246,6042700,0.0,0.0
2024-08-14 00:00:00-04:00,11.380000114440918,11.529999732971191,11.210000038146973,11.430000305175781,4500400,0.0,0.0
2024-08-15 00:00:00-04:00,11.5,11.539999961853027,11.239999771118164,11.3100004196167,3531800,0.0,0.0
2024-08-16 00:00:00-04:00,11.270000457763672,11.350000381469727,11.119999885559082,11.1899995803833,3011200,0.0,0.0
2024-08-19 00:00:00-04:00,11.199999809265137,11.545000076293945,11.170000076293945,11.489999771118164,3818800,0.0,0.0
2024-08-20 00:00:00-04:00,11.470000267028809,11.539999961853027,11.40999984741211,11.479999542236328,4323600,0.0,0.0
2024-08-21 00:00:00-04:00,11.460000038146973,11.859999656677246,11.449999809265137,11.789999961853027,5242400,0.0,0.0
2024-08-22 00:00:00-04:00,11.850000381469727,11.850000381469727,11.595000267028809,11.680000305175781,3294000,0.0,0.0
2024-08-23 00:00:00-04:00,11.770000457763672,11.890000343322754,11.609999656677246,11.880000114440918,2831100,0.0,0.0
2024-08-26 00:00:00-04:00,11.890000343322754,11.930000305175781,11.739999771118164,11.779999732971191,2703100,0.0,0.0
2024-08-27 00:00:00-04:00,11.770000457763672,11.850000381469727,11.670000076293945,11.850000381469727,1977400,0.0,0.0
2024-08-28 00:00:00-04:00,11.789999961853027,12.100000381469727,11.760000228881836,12.0,4879800,0.0,0.0
2024-08-29 00:00:00-04:00,12.039999961853027,12.25,11.920000076293945,12.020000457763672,3426300,0.0,0.0
2024-08-30 00:00:00-04:00,12.210000038146973,12.28499984741211,11.979999542236328,12.229999542236328,5081500,0.0,0.0
2024-09-03 00:00:00-04:00,12.229999542236328,12.597000122070312,11.770000457763672,11.770000457763672,5152800,0.0,0.0
2024-09-04 00:00:00-04:00,11.6899995803833,11.869999885559082,11.5,11.75,4030400,0.0,0.0
2024-09-05 00:00:00-04:00,11.8100004196167,12.199999809265137,11.769000053405762,12.1899995803833,5749300,0.0,0.0
2024-09-06 00:00:00-04:00,12.180000305175781,12.420000076293945,11.989999771118164,12.300000190734863,5071000,0.0,0.0
2024-09-09 00:00:00-04:00,12.4399995803833,13.055000305175781,12.4399995803833,12.5,15972500,0.0,0.0
2024-09-10 00:00:00-04:00,12.510000228881836,12.770000457763672,12.154999732971191,12.1899995803833,7547700,0.0,0.0
2024-09-11 00:00:00-04:00,12.270000457763672,12.579999923706055,12.210000038146973,12.380000114440918,5266400,0.0,0.0
2024-09-12 00:00:00-04:00,12.34000015258789,12.390000343322754,12.109999656677246,12.119999885559082,4060000,0.0,0.0
2024-09-13 00:00:00-04:00,12.149999618530273,12.270000457763672,11.90999984741211,11.9399995803833,6439400,0.0,0.0
2024-09-16 00:00:00-04:00,11.949999809265137,12.109999656677246,11.805000305175781,12.039999961853027,5520900,0.0,0.0
2024-09-17 00:00:00-04:00,12.100000381469727,12.239999771118164,11.880000114440918,12.050000190734863,5354200,0.0,0.0
2024-09-18 00:00:00-04:00,12.300000190734863,12.380000114440918,11.925000190734863,12.0,14961900,0.0,0.0
2024-09-19 00:00:00-04:00,12.029999732971191,12.170000076293945,11.774999618530273,11.920000076293945,14398900,0.0,0.0
2024-09-20 00:00:00-04:00,11.890000343322754,12.039999961853027,11.779999732971191,11.970000267028809,36823300,0.0,0.0
2024-09-23 00:00:00-04:00,11.90999984741211,12.005000114440918,11.78499984741211,11.899999618530273,17517100,0.0,0.0
2024-09-24 00:00:00-04:00,11.869999885559082,11.895000457763672,11.449999809265137,11.6899995803833,20027400,0.0,0.0
2024-09-25 00:00:00-04:00,11.630000114440918,11.854999542236328,11.579999923706055,11.770000457763672,9373500,0.0,0.0
2024-09-26 00:00:00-04:00,11.800000190734863,11.930000305175781,11.5,11.569999694824219,8468700,0.0,0.0
2024-09-27 00:00:00-04:00,11.5600004196167,11.65999984741211,11.420000076293945,11.479999542236328,5222300,0.0,0.0
2024-09-30 00:00:00-04:00,11.40999984741211,11.5600004196167,11.359999656677246,11.539999961853027,5651000,0.0,0.0
2024-10-01 00:00:00-04:00,11.520000457763672,11.600000381469727,11.324999809265137,11.369999885559082,5762100,0.0,0.0
2024-10-02 00:00:00-04:00,11.369999885559082,11.40999984741211,11.180000305175781,11.279999732971191,5736400,0.0,0.0
2024-10-03 00:00:00-04:00,11.229999542236328,11.359999656677246,11.140000343322754,11.210000038146973,4386000,0.0,0.0
2024-10-04 00:00:00-04:00,11.260000228881836,11.399999618530273,11.25,11.380000114440918,4863400,0.0,0.0
2024-10-07 00:00:00-04:00,11.380000114440918,11.468000411987305,11.170000076293945,11.210000038146973,4727600,0.0,0.0
2024-10-08 00:00:00-04:00,11.25,11.354999542236328,11.1899995803833,11.279999732971191,4036400,0.0,0.0
2024-10-09 00:00:00-04:00,11.279999732971191,11.520000457763672,11.15999984741211,11.510000228881836,3721100,0.0,0.0
2024-10-10 00:00:00-04:00,11.470000267028809,11.890000343322754,11.420000076293945,11.869999885559082,4821400,0.0,0.0
2024-10-11 00:00:00-04:00,11.920000076293945,12.010000228881836,11.800000190734863,11.899999618530273,5523100,0.0,0.0
2024-10-14 00:00:00-04:00,11.869999885559082,11.880000114440918,11.710000038146973,11.84000015258789,2803900,0.0,0.0
2024-10-15 00:00:00-04:00,11.859999656677246,11.9399995803833,11.75,11.880000114440918,3903200,0.0,0.0
2024-10-16 00:00:00-04:00,11.880000114440918,12.055000305175781,11.869999885559082,11.970000267028809,3913100,0.0,0.0
2024-10-17 00:00:00-04:00,12.020000457763672,12.079999923706055,11.869999885559082,11.90999984741211,3274000,0.0,0.0
2024-10-18 00:00:00-04:00,11.899999618530273,11.930000305175781,11.819999694824219,11.920000076293945,2998800,0.0,0.0
2024-10-21 00:00:00-04:00,11.890000343322754,11.920000076293945,11.5600004196167,11.619999885559082,4034300,0.0,0.0
2024-10-22 00:00:00-04:00,11.5,11.744999885559082,11.5,11.729999542236328,2505900,0.0,0.0
2024-10-23 00:00:00-04:00,11.670000076293945,11.680000305175781,11.600000381469727,11.619999885559082,4101700,0.0,0.0
2024-10-24 00:00:00-04:00,11.60200023651123,11.8149995803833,11.515000343322754,11.800000190734863,2649100,0.0,0.0
2024-10-25 00:00:00-04:00,11.84000015258789,12.005000114440918,11.760000228881836,11.920000076293945,2585200,0.0,0.0
2024-10-28 00:00:00-04:00,11.930000305175781,12.079999923706055,11.819999694824219,11.84000015258789,3726500,0.0,0.0
2024-10-29 00:00:00-04:00,11.779999732971191,11.829999923706055,11.510000228881836,11.579999923706055,4995400,0.0,0.0
2024-10-30 00:00:00-04:00,11.510000228881836,11.829999923706055,11.449999809265137,11.779999732971191,2662200,0.0,0.0
2024-10-31 00:00:00-04:00,11.720000267028809,11.779999732971191,11.539999961853027,11.550000190734863,2494100,0.0,0.0
2024-11-01 00:00:00-04:00,11.5600004196167,11.75,11.550000190734863,11.680000305175781,3778800,0.0,0.0
2024-11-04 00:00:00-05:00,11.65999984741211,11.6899995803833,11.479999542236328,11.529999732971191,3328300,0.0,0.0
2024-11-05 00:00:00-05:00,11.5,11.670000076293945,11.399999618530273,11.65999984741211,2531800,0.0,0.0
2024-11-06 00:00:00-05:00,11.920000076293945,11.989999771118164,11.680000305175781,11.75,4186300,0.0,0.0
2024-11-07 00:00:00-05:00,11.680000305175781,11.859999656677246,11.680000305175781,11.760000228881836,2584800,0.0,0.0
2024-11-08 00:00:00-05:00,11.789999961853027,11.880000114440918,11.649999618530273,11.869999885559082,2996400,0.0,0.0
2024-11-11 00:00:00-05:00,12.020000457763672,12.119999885559082,11.765000343322754,11.8100004196167,5998000,0.0,0.0
2024-11-12 00:00:00-05:00,11.78499984741211,12.0,11.529999732971191,11.640000343322754,5149500,0.0,0.0
2024-11-13 00:00:00-05:00,11.824999809265137,12.050000190734863,11.585000038146973,11.949999809265137,11452300,0.0,0.0
2024-11-14 00:00:00-05:00,12.0,12.010000228881836,11.640000343322754,11.640000343322754,5428500,0.0,0.0
2024-11-15 00:00:00-05:00,11.5600004196167,11.609999656677246,11.140000343322754,11.199999809265137,8371700,0.0,0.0
2024-11-18 00:00:00-05:00,11.180000305175781,11.229999542236328,11.045000076293945,11.15999984741211,4197500,0.0,0.0
2024-11-19 00:00:00-05:00,11.130000114440918,11.34000015258789,11.0600004196167,11.3100004196167,4506600,0.0,0.0
2024-11-20 00:00:00-05:00,11.3100004196167,11.510000228881836,11.234999656677246,11.489999771118164,3070400,0.0,0.0
2024-11-21 00:00:00-05:00,11.649999618530273,11.970000267028809,11.619999885559082,11.819999694824219,7197600,0.0,0.0
2024-11-22 00:00:00-05:00,11.829999923706055,12.569999694824219,11.779999732971191,12.529999732971191,11361200,0.0,0.0
2024-11-25 00:00:00-05:00,12.710000038146973,12.9350004196167,12.40999984741211,12.460000038146973,7904600,0.0,0.0
2024-11-26 00:00:00-05:00,12.369999885559082,12.729999542236328,12.369999885559082,12.699999809265137,5509300,0.0,0.0
2024-11-27 00:00:00-05:00,12.710000038146973,12.760000228881836,12.539999961853027,12.6899995803833,2645200,0.0,0.0
2024-11-29 00:00:00-05:00,12.619999885559082,12.824999809265137,12.569999694824219,12.710000038146973,2439900,0.0,0.0
2024-12-02 00:00:00-05:00,12.6899995803833,12.739999771118164,12.470000267028809,12.479999542236328,3274000,0.0,0.0
2024-12-03 00:00:00-05:00,12.300000190734863,12.460000038146973,11.949999809265137,12.119999885559082,5196100,0.0,0.0
2024-12-04 00:00:00-05:00,12.069999694824219,12.265000343322754,12.0600004196167,12.109999656677246,6447600,0.0,0.0
2024-12-05 00:00:00-05:00,11.989999771118164,12.180000305175781,11.970000267028809,12.079999923706055,3222400,0.0,0.0
2024-12-06 00:00:00-05:00,12.130000114440918,12.425000190734863,12.069999694824219,12.359999656677246,4425200,0.0,0.0
2024-12-09 00:00:00-05:00,12.380000114440918,12.420000076293945,12.149999618530273,12.220000267028809,2927000,0.0,0.0
2024-12-10 00:00:00-05:00,12.239999771118164,12.300000190734863,12.050000190734863,12.09000015258789,3103500,0.0,0.0
2024-12-11 00:00:00-05:00,12.100000381469727,12.260000228881836,12.069999694824219,12.109999656677246,4121800,0.0,0.0
2024-12-12 00:00:00-05:00,12.069999694824219,12.119999885559082,11.880000114440918,11.880000114440918,2950000,0.0,0.0
2024-12-13 00:00:00-05:00,11.8100004196167,11.9399995803833,11.720000267028809,11.84000015258789,4582700,0.0,0.0
2024-12-16 00:00:00-05:00,11.859999656677246,12.15999984741211,11.8100004196167,12.100000381469727,4631000,0.0,0.0
2024-12-17 00:00:00-05:00,12.0,12.210000038146973,11.90999984741211,12.149999618530273,3831500,0.0,0.0
2024-12-18 00:00:00-05:00,12.15999984741211,12.21500015258789,11.670000076293945,11.6899995803833,5805600,0.0,0.0
2024-12-19 00:00:00-05:00,11.720000267028809,11.779999732971191,11.479999542236328,11.5,7367300,0.0,0.0
2024-12-20 00:00:00-05:00,11.470000267028809,11.670000076293945,11.40999984741211,11.569999694824219,16004100,0.0,0.0
2024-12-23 00:00:00-05:00,11.65999984741211,12.020000457763672,11.640000343322754,11.970000267028809,8154600,0.0,0.0
2024-12-24 00:00:00-05:00,11.9399995803833,12.020000457763672,11.895000457763672,12.0,1402600,0.0,0.0
2024-12-26 00:00:00-05:00,11.979999542236328,12.0649995803833,11.880000114440918,12.0,3301000,0.0,0.0
2024-12-27 00:00:00-05:00,11.930000305175781,12.050000190734863,11.75,11.800000190734863,2981500,0.0,0.0
2024-12-30 00:00:00-05:00,11.779999732971191,11.779999732971191,11.369999885559082,11.430000305175781,4108100,0.0,0.0
2024-12-31 00:00:00-05:00,11.460000038146973,11.890000343322754,11.4399995803833,11.829999923706055,4206800,0.0,0.0
2025-01-02 00:00:00-05:00,11.899999618530273,12.199999809265137,11.819999694824219,12.079999923706055,4796500,0.0,0.0
2025-01-03 00:00:00-05:00,12.130000114440918,12.149999618530273,11.65999984741211,11.6899995803833,3383800,0.0,0.0
2025-01-06 00:00:00-05:00,11.675000190734863,11.75,11.454999923706055,11.510000228881836,4325100,0.0,0.0
2025-01-07 00:00:00-05:00,11.550000190734863,11.8149995803833,11.5,11.520000457763672,5142200,0.0,0.0
2025-01-08 00:00:00-05:00,11.399999618530273,11.5,10.989999771118164,11.020000457763672,4979200,0.0,0.0
2025-01-10 00:00:00-05:00,10.90999984741211,10.9399995803833,10.600000381469727,10.630000114440918,6711500,0.0,0.0
2025-01-13 00:00:00-05:00,10.600000381469727,10.770000457763672,10.420000076293945,10.739999771118164,6487500,0.0,0.0
2025-01-14 00:00:00-05:00,10.819999694824219,11.25,10.8100004196167,10.9399995803833,5656900,0.0,0.0
2025-01-15 00:00:00-05:00,11.09000015258789,11.255000114440918,10.989999771118164,11.069999694824219,3879400,0.0,0.0
2025-01-16 00:00:00-05:00,11.119999885559082,11.140000343322754,10.890000343322754,10.890000343322754,3785800,0.0,0.0
2025-01-17 00:00:00-05:00,10.9399995803833,11.220000267028809,10.899999618530273,11.149999618530273,4002100,0.0,0.0
2025-01-21 00:00:00-05:00,11.220000267028809,11.380000114440918,11.125,11.270000457763672,4372000,0.0,0.0
2025-01-22 00:00:00-05:00,11.300000190734863,11.369999885559082,11.079999923706055,11.15999984741211,3451500,0.0,0.0
2025-01-23 00:00:00-05:00,11.09000015258789,11.239999771118164,11.0,11.210000038146973,2964300,0.0,0.0
2025-01-24 00:00:00-05:00,11.15999984741211,11.300000190734863,11.09000015258789,11.170000076293945,4845100,0.0,0.0
2025-01-27 00:00:00-05:00,11.09000015258789,11.420000076293945,11.0,11.140000343322754,3536500,0.0,0.0
2025-01-28 00:00:00-05:00,11.1899995803833,11.220000267028809,11.005000114440918,11.149999618530273,2294300,0.0,0.0
2025-01-29 00:00:00-05:00,11.100000381469727,11.246999740600586,11.045000076293945,11.130000114440918,2297900,0.0,0.0
2025-01-30 00:00:00-05:00,11.180000305175781,11.420000076293945,11.180000305175781,11.369999885559082,2460600,0.0,0.0
2025-01-31 00:00:00-05:00,11.40999984741211,11.479999542236328,11.119999885559082,11.130000114440918,3631400,0.0,0.0
2025-02-03 00:00:00-05:00,10.930000305175781,10.979999542236328,10.694999694824219,10.699999809265137,4321300,0.0,0.0
2025-02-04 00:00:00-05:00,10.770000457763672,10.850000381469727,10.654999732971191,10.84000015258789,4351700,0.0,0.0
2025-02-05 00:00:00-05:00,10.920000076293945,11.0600004196167,10.864999771118164,10.970000267028809,3031700,0.0,0.0
2025-02-06 00:00:00-05:00,11.010000228881836,11.029999732971191,10.835000038146973,10.869999885559082,4926300,0.0,0.0
2025-02-07 00:00:00-05:00,10.829999923706055,11.085000038146973,10.819999694824219,10.890000343322754,5644300,0.0,0.0
2025-02-10 00:00:00-05:00,11.40999984741211,11.510000228881836,10.760000228881836,10.789999961853027,5420500,0.0,0.0
2025-02-11 00:00:00-05:00,10.760000228881836,10.765000343322754,10.484999656677246,10.489999771118164,5785800,0.0,0.0
2025-02-12 00:00:00-05:00,10.350000381469727,10.670000076293945,10.329999923706055,10.4399995803833,4024900,0.0,0.0
2025-02-13 00:00:00-05:00,10.390000343322754,10.510000228881836,10.324999809265137,10.449999809265137,4834600,0.0,0.0
2025-02-14 00:00:00-05:00,10.479999542236328,10.619999885559082,10.420000076293945,10.5600004196167,3218000,0.0,0.0
2025-02-18 00:00:00-05:00,10.5600004196167,10.8149995803833,10.550000190734863,10.680000305175781,3873100,0.0,0.0
2025-02-19 00:00:00-05:00,10.619999885559082,10.859999656677246,10.600000381469727,10.670000076293945,2744200,0.0,0.0
2025-02-20 00:00:00-05:00,10.65999984741211,10.78499984741211,10.619999885559082,10.720000267028809,3936500,0.0,0.0
2025-02-21 00:00:00-05:00,10.720000267028809,10.854999542236328,10.670000076293945,10.680000305175781,4177400,0.0,0.0
2025-02-24 00:00:00-05:00,10.65999984741211,10.720000267028809,10.489999771118164,10.520000457763672,3640900,0.0,0.0
2025-02-25 00:00:00-05:00,10.529999732971191,10.619999885559082,10.350000381469727,10.489999771118164,4909700,0.0,0.0
2025-02-26 00:00:00-05:00,10.5600004196167,10.789999961853027,10.475000381469727,10.600000381469727,5084500,0.0,0.0
2025-02-27 00:00:00-05:00,10.609999656677246,10.71500015258789,10.369999885559082,10.380000114440918,4396700,0.0,0.0
2025-02-28 00:00:00-05:00,10.329999923706055,10.760000228881836,10.329999923706055,10.739999771118164,5955100,0.0,0.0
2025-03-03 00:00:00-05:00,10.739999771118164,10.829999923706055,10.149999618530273,10.170000076293945,6303300,0.0,0.0
2025-03-04 00:00:00-05:00,10.119999885559082,10.484999656677246,9.960000038146973,10.319999694824219,6487000,0.0,0.0
2025-03-05 00:00:00-05:00,10.319999694824219,10.758000373840332,10.319999694824219,10.699999809265137,6668500,0.0,0.0
2025-03-06 00:00:00-05:00,10.640000343322754,10.720000267028809,10.489999771118164,10.600000381469727,3354100,0.0,0.0
2025-03-07 00:00:00-05:00,10.619999885559082,10.795000076293945,10.539999961853027,10.640000343322754,4266200,0.0,0.0
2025-03-10 00:00:00-04:00,10.470000267028809,10.8100004196167,10.470000267028809,10.579999923706055,5290100,0.0,0.0
2025-03-11 00:00:00-04:00,10.479999542236328,10.6850004196167,10.385000228881836,10.550000190734863,6876500,0.0,0.0
2025-03-12 00:00:00-04:00,10.59000015258789,10.6899995803833,10.479999542236328,10.600000381469727,6378900,0.0,0.0
2025-03-13 00:00:00-04:00,10.579999923706055,10.765000343322754,10.399999618530273,10.420000076293945,4441000,0.0,0.0
2025-03-14 00:00:00-04:00,10.520000457763672,10.800000190734863,10.425000190734863,10.65999984741211,6250000,0.0,0.0
2025-03-17 00:00:00-04:00,10.699999809265137,10.958999633789062,10.479999542236328,10.850000381469727,5226600,0.0,0.0
2025-03-18 00:00:00-04:00,10.829999923706055,10.859999656677246,10.609999656677246,10.710000038146973,3638700,0.0,0.0
2025-03-19 00:00:00-04:00,10.550000190734863,11.414999961853027,10.550000190734863,10.9399995803833,15790600,0.0,0.0
2025-03-20 00:00:00-04:00,10.9399995803833,11.260000228881836,10.770000457763672,10.970000267028809,15477600,0.0,0.0
2025-03-21 00:00:00-04:00,10.890000343322754,10.979999542236328,10.630000114440918,10.789999961853027,15739500,0.0,0.0
2025-03-24 00:00:00-04:00,10.800000190734863,10.904999732971191,10.65999984741211,10.829999923706055,6976300,0.0,0.0
2025-03-25 00:00:00-04:00,10.899999618530273,10.904999732971191,10.600000381469727,10.670000076293945,6589600,0.0,0.0
2025-03-26 00:00:00-04:00,10.699999809265137,10.699999809265137,10.414999961853027,10.4399995803833,5692200,0.0,0.0
2025-03-27 00:00:00-04:00,10.40999984741211,10.5649995803833,10.324999809265137,10.479999542236328,5497800,0.0,0.0
2025-03-28 00:00:00-04:00,10.479999542236328,10.529999732971191,10.295000076293945,10.380000114440918,3942700,0.0,0.0
2025-03-31 00:00:00-04:00,10.180000305175781,10.220000267028809,9.920000076293945,10.09000015258789,7329600,0.0,0.0
2025-04-01 00:00:00-04:00,10.09000015258789,10.145000457763672,9.755000114440918,9.850000381469727,8938300,0.0,0.0
2025-04-02 00:00:00-04:00,9.800000190734863,10.140000343322754,9.770000457763672,10.079999923706055,11422600,0.0,0.0
2025-04-03 00:00:00-04:00,9.800000190734863,10.055000305175781,9.789999961853027,10.010000228881836,10424400,0.0,0.0
2025-04-04 00:00:00-04:00,9.819999694824219,9.90999984741211,9.420000076293945,9.460000038146973,10135900,0.0,0.0
2025-04-07 00:00:00-04:00,9.109999656677246,9.720000267028809,8.729999542236328,9.260000228881836,14204500,0.0,0.0
2025-04-08 00:00:00-04:00,9.539999961853027,9.654999732971191,8.989999771118164,9.079999923706055,7152400,0.0,0.0
2025-04-09 00:00:00-04:00,8.90999984741211,9.994999885559082,8.90999984741211,9.890000343322754,9751900,0.0,0.0
2025-04-10 00:00:00-04:00,9.630000114440918,9.765000343322754,9.239999771118164,9.649999618530273,7182400,0.0,0.0
2025-04-11 00:00:00-04:00,9.6899995803833,9.960000038146973,9.569999694824219,9.859999656677246,7898400,0.0,0.0
2025-04-14 00:00:00-04:00,10.09000015258789,10.260000228881836,9.869999885559082,10.1899995803833,7275100,0.0,0.0
2025-04-15 00:00:00-04:00,10.210000038146973,10.25,9.960000038146973,10.0600004196167,5945700,0.0,0.0
2025-04-16 00:00:00-04:00,10.079999923706055,10.085000038146973,9.895000457763672,10.020000457763672,4706600,0.0,0.0
2025-04-17 00:00:00-04:00,10.050000190734863,10.218999862670898,10.010000228881836,10.149999618530273,2625500,0.0,0.0
2025-04-21 00:00:00-04:00,10.149999618530273,10.324999809265137,10.010000228881836,10.039999961853027,5274900,0.0,0.0
2025-04-22 00:00:00-04:00,10.25,10.484999656677246,10.180000305175781,10.420000076293945,6333400,0.0,0.0
2025-04-23 00:00:00-04:00,10.619999885559082,10.9399995803833,10.574999809265137,10.739999771118164,7796400,0.0,0.0
2025-04-24 00:00:00-04:00,10.800000190734863,11.029999732971191,10.770000457763672,11.0,4547600,0.0,0.0
2025-04-25 00:00:00-04:00,10.90999984741211,11.180000305175781,10.880000114440918,11.010000228881836,8016600,0.0,0.0
2025-04-28 00:00:00-04:00,11.050000190734863,11.220000267028809,11.010000228881836,11.1899995803833,8302100,0.0,0.0
2025-04-29 00:00:00-04:00,11.170000076293945,11.399999618530273,11.09000015258789,11.289999961853027,5276000,0.0,0.0
2025-04-30 00:00:00-04:00,11.25,11.6850004196167,11.234999656677246,11.619999885559082,6880900,0.0,0.0
2025-05-01 00:00:00-04:00,11.619999885559082,11.770000457763672,11.5,11.579999923706055,8596500,0.0,0.0
2025-05-02 00:00:00-04:00,11.670000076293945,11.734999656677246,11.460000038146973,11.479999542236328,8767500,0.0,0.0
2025-05-05 00:00:00-04:00,11.399999618530273,11.649999618530273,11.359999656677246,11.569999694824219,4935200,0.0,0.0
2025-05-06 00:00:00-04:00,11.5,11.539999961853027,11.020000457763672,11.0600004196167,7640100,0.0,0.0
2025-05-07 00:00:00-04:00,11.149999618530273,11.265000343322754,11.085000038146973,11.170000076293945,4215100,0.0,0.0
2025-05-08 00:00:00-04:00,11.15999984741211,11.25,10.899999618530273,11.029999732971191,5804700,0.0,0.0
2025-05-09 00:00:00-04:00,11.039999961853027,11.170000076293945,10.619999885559082,10.640000343322754,6735700,0.0,0.0
2025-05-12 00:00:00-04:00,10.640000343322754,11.0600004196167,10.579999923706055,10.989999771118164,4855300,0.0,0.0
2025-05-13 00:00:00-04:00,10.989999771118164,11.039999961853027,10.710000038146973,10.760000228881836,4601900,0.0,0.0
2025-05-14 00:00:00-04:00,10.789999961853027,10.890000343322754,10.604999542236328,10.670000076293945,4278000,0.0,0.0
2025-05-15 00:00:00-04:00,10.75,10.774999618530273,10.579999923706055,10.760000228881836,3776500,0.0,0.0
2025-05-16 00:00:00-04:00,10.75,10.864999771118164,10.649999618530273,10.789999961853027,3709900,0.0,0.0
2025-05-19 00:00:00-04:00,10.729999542236328,10.880000114440918,10.579999923706055,10.84000015258789,3576600,0.0,0.0
2025-05-20 00:00:00-04:00,10.800000190734863,11.055000305175781,10.699999809265137,11.039999961853027,4631300,0.0,0.0
2025-05-21 00:00:00-04:00,10.989999771118164,11.0649995803833,10.84000015258789,10.90999984741211,3277500,0.0,0.0
2025-05-22 00:00:00-04:00,10.869999885559082,10.979999542236328,10.835000038146973,10.9399995803833,2965900,0.0,0.0
2025-05-23 00:00:00-04:00,10.829999923706055,10.904999732971191,10.78499984741211,10.869999885559082,2442300,0.0,0.0
2025-05-27 00:00:00-04:00,11.0,11.015000343322754,10.739999771118164,10.760000228881836,3906100,0.0,0.0
2025-05-28 00:00:00-04:00,10.75,10.864999771118164,10.609999656677246,10.619999885559082,6310200,0.0,0.0
2025-05-29 00:00:00-04:00,10.800000190734863,11.364999771118164,10.593999862670898,11.300000190734863,8432300,0.0,0.0
2025-05-30 00:00:00-04:00,11.300000190734863,11.34000015258789,10.875,10.989999771118164,7126100,0.0,0.0
2025-06-02 00:00:00-04:00,10.989999771118164,11.350000381469727,10.960000038146973,11.170000076293945,7583500,0.0,0.0
2025-06-03 00:00:00-04:00,11.180000305175781,11.319999694824219,11.09000015258789,11.244999885559082,5099000,0.0,0.0
2025-06-04 00:00:00-04:00,11.199999809265137,11.550000190734863,11.194999694824219,11.210000038146973,5089700,0.0,0.0
2025-06-05 00:00:00-04:00,11.229999542236328,11.34000015258789,11.050000190734863,11.199999809265137,5918400,0.0,0.0
2025-06-06 00:00:00-04:00,11.3100004196167,11.4399995803833,11.109999656677246,11.229999542236328,4928000,0.0,0.0
2025-06-09 00:00:00-04:00,11.319999694824219,11.324999809265137,10.984999656677246,11.079999923706055,3587000,0.0,0.0
2025-06-10 00:00:00-04:00,11.069999694824219,11.414999961853027,11.039999961853027,11.369999885559082,7469600,0.0,0.0
2025-06-11 00:00:00-04:00,11.460000038146973,11.505000114440918,11.265000343322754,11.279999732971191,4075100,0.0,0.0
2025-06-12 00:00:00-04:00,11.170000076293945,11.479999542236328,11.109999656677246,11.470000267028809,3985600,0.0,0.0
2025-06-13 00:00:00-04:00,11.319999694824219,11.505000114440918,11.255000114440918,11.319999694824219,5969100,0.0,0.0
2025-06-16 00:00:00-04:00,11.380000114440918,11.449999809265137,10.954999923706055,11.079999923706055,6064700,0.0,0.0
2025-06-17 00:00:00-04:00,11.029999732971191,11.154999732971191,10.890000343322754,11.109999656677246,6173900,0.0,0.0
2025-06-18 00:00:00-04:00,11.145000457763672,11.78499984741211,11.109999656677246,11.4399995803833,7918300,0.0,0.0
2025-06-20 00:00:00-04:00,11.5,11.600000381469727,11.319999694824219,11.449999809265137,18150000,0.0,0.0
2025-06-23 00:00:00-04:00,11.369999885559082,11.649999618530273,11.359999656677246,11.5,5421100,0.0,0.0
2025-06-24 00:00:00-04:00,11.59000015258789,11.8149995803833,11.46500015258789,11.539999961853027,7284400,0.0,0.0
2025-06-25 00:00:00-04:00,11.640000343322754,11.65999984741211,11.3149995803833,11.399999618530273,7312700,0.0,0.0
2025-06-26 00:00:00-04:00,11.399999618530273,11.619999885559082,11.319999694824219,11.600000381469727,6021600,0.0,0.0
2025-06-27 00:00:00-04:00,11.529999732971191,11.579999923706055,11.244999885559082,11.390000343322754,11126700,0.0,0.0
2025-06-30 00:00:00-04:00,11.390000343322754,11.427000045776367,11.225000381469727,11.270000457763672,6440300,0.0,0.0
2025-07-01 00:00:00-04:00,11.220000267028809,11.319999694824219,10.920000076293945,10.9399995803833,14004400,0.0,0.0
2025-07-02 00:00:00-04:00,10.890000343322754,11.074999809265137,10.829999923706055,10.970000267028809,11140800,0.0,0.0
2025-07-03 00:00:00-04:00,11.005000114440918,11.029999732971191,10.9350004196167,10.989999771118164,3307200,0.0,0.0
2025-07-07 00:00:00-04:00,10.90999984741211,10.949999809265137,10.720000267028809,10.739999771118164,5116800,0.0,0.0
2025-07-08 00:00:00-04:00,10.710000038146973,10.9350004196167,10.704999923706055,10.859999656677246,7728200,0.0,0.0
2025-07-09 00:00:00-04:00,10.920000076293945,11.390000343322754,10.920000076293945,11.220000267028809,12177500,0.0,0.0
2025-07-10 00:00:00-04:00,11.270000457763672,11.574999809265137,11.1850004196167,11.569999694824219,8065600,0.0,0.0
2025-07-11 00:00:00-04:00,11.479999542236328,11.524999618530273,11.28499984741211,11.359999656677246,5079600,0.0,0.0
2025-07-14 00:00:00-04:00,11.369999885559082,11.649999618530273,11.300000190734863,11.630000114440918,4767000,0.0,0.0
2025-07-15 00:00:00-04:00,11.6899995803833,11.779999732971191,11.3100004196167,11.359999656677246,4782200,0.0,0.0
2025-07-16 00:00:00-04:00,11.430000305175781,11.619999885559082,11.430000305175781,11.539999961853027,4783500,0.0,0.0
2025-07-17 00:00:00-04:00,11.5,11.675000190734863,11.484999656677246,11.649999618530273,4463400,0.0,0.0
2025-07-18 00:00:00-04:00,11.699999809265137,11.739999771118164,11.380999565124512,11.4399995803833,4930000,0.0,0.0
2025-07-21 00:00:00-04:00,11.479999542236328,11.619999885559082,11.449999809265137,11.479999542236328,5180000,0.0,0.0
2025-07-22 00:00:00-04:00,11.520000457763672,11.600000381469727,11.449999809265137,11.5,3829900,0.0,0.0
2025-07-23 00:00:00-04:00,11.579999923706055,11.640000343322754,11.369999885559082,11.390000343322754,3360800,0.0,0.0
2025-07-24 00:00:00-04:00,11.34000015258789,11.600000381469727,11.3100004196167,11.380000114440918,5224400,0.0,0.0
2025-07-25 00:00:00-04:00,11.579999923706055,11.645000457763672,11.350000381469727,11.550000190734863,4358200,0.0,0.0
2025-07-28 00:00:00-04:00,11.550000190734863,11.600000381469727,11.3100004196167,11.350000381469727,3565100,0.0,0.0
2025-07-29 00:00:00-04:00,11.390000343322754,11.46500015258789,11.3149995803833,11.420000076293945,3806100,0.0,0.0
2025-07-30 00:00:00-04:00,11.4399995803833,11.630000114440918,11.359999656677246,11.399999618530273,3400300,0.0,0.0
2025-07-31 00:00:00-04:00,11.300000190734863,11.505000114440918,11.260000228881836,11.359999656677246,3547900,0.0,0.0
2025-08-01 00:00:00-04:00,11.300000190734863,11.359999656677246,11.119999885559082,11.3100004196167,2910700,0.0,0.0
2025-08-04 00:00:00-04:00,11.350000381469727,11.520000457763672,11.225000381469727,11.510000228881836,3109800,0.0,0.0
2025-08-05 00:00:00-04:00,11.5,11.664999961853027,11.40999984741211,11.630000114440918,5547700,0.0,0.0
2025-08-06 00:00:00-04:00,11.550000190734863,11.670000076293945,11.359999656677246,11.649999618530273,4080100,0.0,0.0
2025-08-07 00:00:00-04:00,11.649999618530273,11.720000267028809,11.40999984741211,11.550000190734863,4643200,0.0,0.0
2025-08-08 00:00:00-04:00,11.529999732971191,11.579999923706055,11.399999618530273,11.489999771118164,3416800,0.0,0.0
2025-08-11 00:00:00-04:00,10.899999618530273,11.425000190734863,10.899999618530273,11.170000076293945,7318000,0.0,0.0
2025-08-12 00:00:00-04:00,11.300000190734863,11.6899995803833,11.239999771118164,11.569999694824219,8346400,0.0,0.0
2025-08-13 00:00:00-04:00,11.600000381469727,11.975000381469727,11.569999694824219,11.960000038146973,6863900,0.0,0.0
2025-08-14 00:00:00-04:00,11.880000114440918,12.119999885559082,11.720000267028809,11.75,5582800,0.0,0.0
2025-08-15 00:00:00-04:00,11.75,11.906999588012695,11.675000190734863,11.850000381469727,3837400,0.0,0.0
2025-08-18 00:00:00-04:00,11.829999923706055,11.96500015258789,11.75,11.8100004196167,3930600,0.0,0.0
2025-08-19 00:00:00-04:00,11.75,11.850000381469727,11.680000305175781,11.760000228881836,3452700,0.0,0.0
2025-08-20 00:00:00-04:00,11.760000228881836,11.800000190734863,11.635000228881836,11.720000267028809,3218000,0.0,0.0
2025-08-21 00:00:00-04:00,11.59000015258789,11.819999694824219,11.539999961853027,11.8100004196167,3282300,0.0,0.0
2025-08-22 00:00:00-04:00,11.850000381469727,12.024999618530273,11.819999694824219,11.920000076293945,4902300,0.0,0.0
2025-08-25 00:00:00-04:00,11.899999618530273,11.960000038146973,11.600000381469727,11.640000343322754,3331900,0.0,0.0
2025-08-26 00:00:00-04:00,11.619999885559082,11.869999885559082,11.619999885559082,11.84000015258789,5957000,0.0,0.0
2025-08-27 00:00:00-04:00,11.930000305175781,12.180000305175781,11.869999885559082,11.989999771118164,5130200,0.0,0.0
2025-08-28 00:00:00-04:00,12.020000457763672,12.069999694824219,11.899999618530273,11.9399995803833,3127300,0.0,0.0
2025-08-29 00:00:00-04:00,11.899999618530273,12.027999877929688,11.850000381469727,11.930000305175781,4454200,0.0,0.0
2025-09-02 00:00:00-04:00,11.970000267028809,12.46500015258789,11.9399995803833,12.390000343322754,8966600,0.0,0.0
2025-09-03 00:00:00-04:00,12.380000114440918,12.744999885559082,12.279999732971191,12.59000015258789,10392300,0.0,0.0
2025-09-04 00:00:00-04:00,12.579999923706055,13.079999923706055,12.529999732971191,12.569999694824219,9299300,0.0,0.0
2025-09-05 00:00:00-04:00,12.569999694824219,13.045000076293945,12.539999961853027,12.920000076293945,8596500,0.0,0.0
2025-09-08 00:00:00-04:00,12.899999618530273,13.03499984741211,12.545000076293945,12.90999984741211,5079900,0.0,0.0
2025-09-09 00:00:00-04:00,12.899999618530273,13.550000190734863,12.899999618530273,13.479999542236328,9806200,0.0,0.0
2025-09-10 00:00:00-04:00,13.489999771118164,13.819999694824219,13.395000457763672,13.770000457763672,13121100,0.0,0.0
2025-09-11 00:00:00-04:00,13.829999923706055,14.475000381469727,13.819999694824219,14.40999984741211,15257000,0.0,0.0
2025-09-12 00:00:00-04:00,14.399999618530273,14.470000267028809,14.069999694824219,14.079999923706055,7587900,0.0,0.0
2025-09-15 00:00:00-04:00,13.989999771118164,14.130000114440918,13.8100004196167,13.949999809265137,6720000,0.0,0.0
2025-09-16 00:00:00-04:00,13.949999809265137,14.289999961853027,13.925000190734863,14.180000305175781,6167700,0.0,0.0
2025-09-17 00:00:00-04:00,15.869999885559082,16.049999237060547,15.220000267028809,15.279999732971191,26933800,0.0,0.0
2025-09-18 00:00:00-04:00,15.039999961853027,15.529999732971191,14.9399995803833,15.09000015258789,9436900,0.0,0.0
2025-09-19 00:00:00-04:00,15.180000305175781,15.180000305175781,14.8100004196167,15.039999961853027,11798800,0.0,0.0
2025-09-22 00:00:00-04:00,15.0,15.125,14.779999732971191,14.9399995803833,7143600,0.0,0.0
2025-09-23 00:00:00-04:00,14.949999809265137,15.029000282287598,14.720000267028809,14.739999771118164,8043600,0.0,0.0
2025-09-24 00:00:00-04:00,14.649999618530273,14.789999961853027,14.5,14.699999809265137,10869300,0.0,0.0
2025-09-25 00:00:00-04:00,14.609999656677246,14.989999771118164,14.59000015258789,14.960000038146973,7914800,0.0,0.0
2025-09-26 00:00:00-04:00,15.0,15.1850004196167,14.96500015258789,15.170000076293945,6567200,0.0,0.0
2025-09-29 00:00:00-04:00,15.260000228881836,15.279999732971191,14.859999656677246,15.100000381469727,10219200,0.0,0.0
2025-09-30 00:00:00-04:00,15.050000190734863,15.270000457763672,14.925000190734863,15.130000114440918,6262300,0.0,0.0
2025-10-01 00:00:00-04:00,15.130000114440918,16.145000457763672,15.109999656677246,15.75,10711800,0.0,0.0
2025-10-02 00:00:00-04:00,15.800000190734863,16.010000228881836,15.741000175476074,15.979999542236328,5981700,0.0,0.0
2025-10-03 00:00:00-04:00,15.979999542236328,16.190000534057617,15.899999618530273,16.170000076293945,5295200,0.0,0.0
2025-10-06 00:00:00-04:00,16.420000076293945,16.790000915527344,16.235000610351562,16.260000228881836,7141400,0.0,0.0
2025-10-07 00:00:00-04:00,16.219999313354492,16.399999618530273,15.25,16.1200008392334,7899800,0.0,0.0
2025-10-08 00:00:00-04:00,16.200000762939453,16.34000015258789,15.960000038146973,16.030000686645508,5850600,0.0,0.0
2025-10-09 00:00:00-04:00,16.0,16.389999389648438,15.984999656677246,16.1200008392334,7940700,0.0,0.0
2025-10-10 00:00:00-04:00,16.1200008392334,16.219999313354492,15.899999618530273,16.040000915527344,4850300,0.0,0.0
2025-10-13 00:00:00-04:00,16.170000076293945,16.280000686645508,15.989999771118164,16.209999084472656,3512700,0.0,0.0
2025-10-14 00:00:00-04:00,16.110000610351562,16.780000686645508,16.0,16.399999618530273,5174800,0.0,0.0
2025-10-15 00:00:00-04:00,16.549999237060547,17.1299991607666,16.40999984741211,16.989999771118164,9966000,0.0,0.0
2025-10-16 00:00:00-04:00,17.040000915527344,17.274999618530273,16.889999389648438,17.110000610351562,7051900,0.0,0.0
2025-10-17 00:00:00-04:00,17.110000610351562,17.325000762939453,16.8799991607666,17.260000228881836,8794000,0.0,0.0
2025-10-20 00:00:00-04:00,17.309999465942383,18.059999465942383,17.280000686645508,17.739999771118164,17727100,0.0,0.0
2025-10-21 00:00:00-04:00,17.649999618530273,17.924999237060547,17.540000915527344,17.8700008392334,7401600,0.0,0.0
2025-10-22 00:00:00-04:00,17.809999465942383,17.979999542236328,17.639999389648438,17.959999084472656,7116900,0.0,0.0
2025-10-23 00:00:00-04:00,18.0,18.420000076293945,17.90999984741211,18.1200008392334,7394300,0.0,0.0
2025-10-24 00:00:00-04:00,18.1299991607666,18.34000015258789,17.889999389648438,18.219999313354492,6953400,0.0,0.0
2025-10-27 00:00:00-04:00,18.309999465942383,18.854999542236328,18.270000457763672,18.809999465942383,10914700,0.0,0.0
2025-10-28 00:00:00-04:00,18.809999465942383,18.954999923706055,18.31999969482422,18.40999984741211,8277300,0.0,0.0
2025-10-29 00:00:00-04:00,18.360000610351562,18.90999984741211,18.31999969482422,18.760000228881836,7398500,0.0,0.0
2025-10-30 00:00:00-04:00,18.8700008392334,19.665000915527344,18.729999542236328,19.579999923706055,11870800,0.0,0.0
2025-10-31 00:00:00-04:00,19.610000610351562,20.084999084472656,19.385000228881836,19.989999771118164,7301100,0.0,0.0
2025-11-03 00:00:00-05:00,19.8799991607666,20.030000686645508,19.295000076293945,19.600000381469727,9088000,0.0,0.0
2025-11-04 00:00:00-05:00,19.325000762939453,19.889999389648438,19.315000534057617,19.8700008392334,11643100,0.0,0.0
2025-11-05 00:00:00-05:00,19.829999923706055,20.299999237060547,19.614999771118164,20.229999542236328,9902300,0.0,0.0
2025-11-06 00:00:00-05:00,20.094999313354492,20.684999465942383,20.030000686645508,20.56999969482422,10849100,0.0,0.0
2025-11-07 00:00:00-05:00,20.399999618530273,20.770000457763672,19.959999084472656,20.6200008392334,9417500,0.0,0.0
2025-11-10 00:00:00-05:00,20.15999984741211,21.350000381469727,19.790000915527344,21.170000076293945,12419300,0.0,0.0
2025-11-11 00:00:00-05:00,21.264999389648438,21.264999389648438,20.489999771118164,20.899999618530273,10038200,0.0,0.0
2025-11-12 00:00:00-05:00,20.940000534057617,21.329999923706055,20.829999923706055,21.31999969482422,7773200,0.0,0.0
2025-11-13 00:00:00-05:00,21.06999969482422,21.229999542236328,20.53499984741211,20.559999465942383,8081900,0.0,0.0
2025-11-14 00:00:00-05:00,20.0,21.170000076293945,19.979999542236328,20.290000915527344,8295400,0.0,0.0
2025-11-17 00:00:00-05:00,20.280000686645508,20.71500015258789,20.079999923706055,20.559999465942383,6297600,0.0,0.0
2025-11-18 00:00:00-05:00,20.440000534057617,20.704999923706055,20.100000381469727,20.520000457763672,4621700,0.0,0.0
2025-11-19 00:00:00-05:00,20.514999389648438,20.989999771118164,20.065000534057617,20.34000015258789,6930600,0.0,0.0
2025-11-20 00:00:00-05:00,20.610000610351562,20.8700008392334,20.125,20.270000457763672,8923600,0.0,0.0
2025-11-21 00:00:00-05:00,20.260000228881836,20.459999084472656,19.989999771118164,20.219999313354492,4213800,0.0,0.0
2025-11-24 00:00:00-05:00,20.170000076293945,20.469999313354492,20.135000228881836,20.299999237060547,6376000,0.0,0.0
2025-11-25 00:00:00-05:00,20.354999542236328,20.899999618530273,20.299999237060547,20.860000610351562,7676300,0.0,0.0
2025-11-26 00:00:00-05:00,20.920000076293945,20.989999771118164,20.719999313354492,20.8700008392334,4846700,0.0,0.0
2025-11-28 00:00:00-05:00,20.84000015258789,20.959999084472656,20.700000762939453,20.809999465942383,2345700,0.0,0.0
2025-12-01 00:00:00-05:00,20.68000030517578,20.809999465942383,20.114999771118164,20.219999313354492,7985600,0.0,0.0
2025-12-02 00:00:00-05:00,20.270000457763672,20.399999618530273,19.959999084472656,20.100000381469727,5044200,0.0,0.0
2025-12-03 00:00:00-05:00,20.209999084472656,20.90999984741211,20.14900016784668,20.700000762939453,5819500,0.0,0.0
2025-12-04 00:00:00-05:00,20.700000762939453,21.329999923706055,20.530000686645508,21.18000030517578,6795800,0.0,0.0
2025-12-05 00:00:00-05:00,21.190000534057617,21.329999923706055,20.834999084472656,20.969999313354492,5102700,0.0,0.0
2025-12-08 00:00:00-05:00,21.020000457763672,21.475000381469727,20.969999313354492,20.989999771118164,5831900,0.0,0.0
2025-12-09 00:00:00-05:00,20.889999389648438,21.179000854492188,20.389999389648438,20.43000030517578,4448800,0.0,0.0
2025-12-10 00:00:00-05:00,20.420000076293945,20.55500030517578,20.135000228881836,20.239999771118164,4838200,0.0,0.0
2025-12-11 00:00:00-05:00,20.25,22.049999237060547,20.25,21.34000015258789,17655900,0.0,0.0
2025-12-12 00:00:00-05:00,21.770000457763672,22.44499969482422,21.389999389648438,22.100000381469727,12394600,0.0,0.0
2025-12-15 00:00:00-05:00,22.200000762939453,22.559999465942383,21.601999282836914,21.899999618530273,13198100,0.0,0.0
2025-12-16 00:00:00-05:00,21.850000381469727,23.225000381469727,21.799999237060547,22.940000534057617,15073800,0.0,0.0
2025-12-17 00:00:00-05:00,23.0,23.469999313354492,22.68000030517578,22.700000762939453,12370800,0.0,0.0
2025-12-18 00:00:00-05:00,22.610000610351562,22.739999771118164,21.68000030517578,21.790000915527344,8173600,0.0,0.0
2025-12-19 00:00:00-05:00,21.829999923706055,22.575000762939453,21.725000381469727,22.40999984741211,14906600,0.0,0.0
2025-12-22 00:00:00-05:00,22.200000762939453,22.760000228881836,22.110000610351562,22.68000030517578,7649100,0.0,0.0
2025-12-23 00:00:00-05:00,22.635000228881836,22.639999389648438,22.15999984741211,22.450000762939453,7282500,0.0,0.0
2025-12-24 00:00:00-05:00,22.6200008392334,22.719999313354492,22.415000915527344,22.5,3720200,0.0,0.0
2025-12-26 00:00:00-05:00,22.309999465942383,22.40999984741211,22.079999923706055,22.229999542236328,4319100,0.0,0.0
2025-12-29 00:00:00-05:00,22.25,22.25,21.639999389648438,21.700000762939453,5267000,0.0,0.0
2025-12-30 00:00:00-05:00,21.649999618530273,21.84000015258789,21.360000610351562,21.6299991607666,4230300,0.0,0.0
2025-12-31 00:00:00-05:00,21.6299991607666,21.739999771118164,21.5,21.700000762939453,5645000,0.0,0.0
2026-01-02 00:00:00-05:00,21.709999084472656,22.204999923706055,21.5,21.93000030517578,6893100,0.0,0.0
2026-01-05 00:00:00-05:00,21.8700008392334,21.989999771118164,20.7810001373291,21.299999237060547,6363500,0.0,0.0
2026-01-06 00:00:00-05:00,21.469999313354492,21.8799991607666,21.399999618530273,21.610000610351562,6105600,0.0,0.0
2026-01-07 00:00:00-05:00,21.809999465942383,22.135000228881836,21.149999618530273,21.979999542236328,7520900,0.0,0.0
2026-01-08 00:00:00-05:00,21.75,22.0,21.315000534057617,21.780000686645508,6901800,0.0,0.0
2026-01-09 00:00:00-05:00,22.059999465942383,22.530000686645508,21.920000076293945,21.979999542236328,5260100,0.0,0.0
2026-01-12 00:00:00-05:00,22.049999237060547,22.274999618530273,21.56999969482422,22.15999984741211,4936900,0.0,0.0
2026-01-13 00:00:00-05:00,22.170000076293945,23.56999969482422,22.135000228881836,23.440000534057617,11816200,0.0,0.0
2026-01-14 00:00:00-05:00,23.440000534057617,23.829999923706055,23.260000228881836,23.809999465942383,5806100,0.0,0.0
2026-01-15 00:00:00-05:00,23.760000228881836,23.90999984741211,23.290000915527344,23.299999237060547,6324900,0.0,0.0
2026-01-16 00:00:00-05:00,22.799999237060547,23.19499969482422,22.149999618530273,23.1299991607666,8170000,0.0,0.0
2026-01-20 00:00:00-05:00,22.729999542236328,22.989999771118164,22.40999984741211,22.979999542236328,4192000,0.0,0.0
2026-01-21 00:00:00-05:00,22.93000030517578,23.19499969482422,22.84000015258789,22.979999542236328,4916700,0.0,0.0
2026-01-22 00:00:00-05:00,23.020000457763672,23.049999237060547,22.4950008392334,22.969999313354492,3214500,0.0,0.0
2026-01-23 00:00:00-05:00,22.969999313354492,23.420000076293945,22.540000915527344,22.579999923706055,6018600,0.0,0.0
2026-01-26 00:00:00-05:00,22.281999588012695,22.954999923706055,22.280000686645508,22.729999542236328,5180600,0.0,0.0
2026-01-27 00:00:00-05:00,22.729999542236328,23.110000610351562,22.469999313354492,22.530000686645508,3479000,0.0,0.0
2026-01-28 00:00:00-05:00,22.450000762939453,22.450000762939453,21.860000610351562,21.90999984741211,4091700,0.0,0.0
2026-01-29 00:00:00-05:00,21.889999389648438,22.18000030517578,21.80500030517578,22.020000457763672,3916100,0.0,0.0
2026-01-30 00:00:00-05:00,21.84000015258789,22.010000228881836,21.5049991607666,21.6200008392334,3462000,0.0,0.0
2026-02-02 00:00:00-05:00,21.56999969482422,22.489999771118164,20.979999542236328,21.940000534057617,8953200,0.0,0.0
2026-02-03 00:00:00-05:00,22.110000610351562,22.219999313354492,21.69499969482422,21.969999313354492,4255100,0.0,0.0
2026-02-04 00:00:00-05:00,22.0,22.09000015258789,21.28499984741211,21.649999618530273,5551600,0.0,0.0
2026-02-05 00:00:00-05:00,21.549999237060547,21.94499969482422,20.989999771118164,21.139999389648438,5085300,0.0,0.0
2026-02-06 00:00:00-05:00,24.475000381469727,25.950000762939453,23.972999572753906,25.81999969482422,24052000,0.0,0.0
2026-02-09 00:00:00-05:00,26.350000381469727,27.719999313354492,25.719999313354492,27.670000076293945,17123300,0.0,0.0
2026-02-10 00:00:00-05:00,27.5,27.940000534057617,26.924999237060547,27.350000381469727,11289100,0.0,0.0
2026-02-11 00:00:00-05:00,27.600000381469727,27.75,26.30500030517578,26.799999237060547,5380300,0.0,0.0
2026-02-12 00:00:00-05:00,26.850000381469727,27.05500030517578,26.399999618530273,26.75,7089400,0.0,0.0
2026-02-13 00:00:00-05:00,26.5049991607666,26.829999923706055,26.229999542236328,26.450000762939453,4358000,0.0,0.0
2026-02-17 00:00:00-05:00,26.34000015258789,27.190000534057617,26.34000015258789,27.09000015258789,6349900,0.0,0.0
2026-02-18 00:00:00-05:00,26.90999984741211,27.924999237060547,26.889999389648438,27.479999542236328,5125400,0.0,0.0
2026-02-19 00:00:00-05:00,27.270000457763672,27.645000457763672,26.81999969482422,27.520000457763672,7042400,0.0,0.0
2026-02-20 00:00:00-05:00,27.329999923706055,27.44499969482422,26.700000762939453,27.149999618530273,4679900,0.0,0.0
2026-02-23 00:00:00-05:00,27.200000762939453,27.809999465942383,27.030000686645508,27.760000228881836,4414800,0.0,0.0
2026-02-24 00:00:00-05:00,27.59000015258789,28.290000915527344,27.549999237060547,28.260000228881836,5766900,0.0,0.0
2026-02-25 00:00:00-05:00,28.43000030517578,29.200000762939453,28.100000381469727,28.65999984741211,4921400,0.0,0.0
2026-02-26 00:00:00-05:00,28.600000381469727,28.75,27.915000915527344,28.489999771118164,3079200,0.0,0.0
2026-02-27 00:00:00-05:00,28.34000015258789,28.96500015258789,28.299999237060547,28.940000534057617,4313400,0.0,0.0
2026-03-02 00:00:00-05:00,28.729999542236328,28.834999084472656,28.0,28.100000381469727,3926300,0.0,0.0
2026-03-03 00:00:00-05:00,27.329999923706055,28.239999771118164,26.941999435424805,27.850000381469727,6185100,0.0,0.0
2026-03-04 00:00:00-05:00,28.440000534057617,29.829999923706055,28.190000534057617,29.520000457763672,9918100,0.0,0.0
2026-03-05 00:00:00-05:00,29.625,30.030000686645508,29.059999465942383,29.719999313354492,9168900,0.0,0.0
2026-03-06 00:00:00-05:00,29.200000762939453,29.3799991607666,28.309999465942383,28.780000686645508,5686400,0.0,0.0
2026-03-09 00:00:00-04:00,28.59000015258789,29.760000228881836,28.5049991607666,29.530000686645508,8811200,0.0,0.0
2026-03-10 00:00:00-04:00,28.985000610351562,30.299999237060547,28.985000610351562,29.700000762939453,5314000,0.0,0.0
2026-03-11 00:00:00-04:00,29.489999771118164,30.329999923706055,29.364999771118164,29.579999923706055,7331600,0.0,0.0
2026-03-12 00:00:00-04:00,29.229999542236328,29.350000381469727,28.270000457763672,28.549999237060547,4061700,0.0,0.0
2026-03-13 00:00:00-04:00,28.8700008392334,29.229999542236328,27.920000076293945,28.059999465942383,5466800,0.0,0.0
2026-03-16 00:00:00-04:00,28.475000381469727,28.954999923706055,28.209999084472656,28.280000686645508,4592100,0.0,0.0
2026-03-17 00:00:00-04:00,28.209999084472656,28.46500015258789,28.020000457763672,28.299999237060547,4587300,0.0,0.0
2026-03-18 00:00:00-04:00,28.25,28.329999923706055,27.649999618530273,27.799999237060547,4346900,0.0,0.0
2026-03-19 00:00:00-04:00,27.600000381469727,27.93000030517578,27.170000076293945,27.799999237060547,4023700,0.0,0.0
2026-03-20 00:00:00-04:00,27.709999084472656,27.959999084472656,27.1200008392334,27.700000762939453,20864200,0.0,0.0
2026-03-23 00:00:00-04:00,28.030000686645508,28.389999389648438,27.65999984741211,27.93000030517578,4912300,0.0,0.0
2026-03-24 00:00:00-04:00,27.670000076293945,27.829999923706055,26.59000015258789,26.8700008392334,4087800,0.0,0.0
2026-03-25 00:00:00-04:00,27.25,27.96500015258789,27.104999542236328,27.360000610351562,3286400,0.0,0.0
2026-03-26 00:00:00-04:00,26.920000076293945,27.81999969482422,26.920000076293945,27.350000381469727,6147700,0.0,0.0
2026-03-27 00:00:00-04:00,27.260000228881836,27.510000228881836,26.469999313354492,26.520000457763672,3013000,0.0,0.0
2026-03-30 00:00:00-04:00,26.700000762939453,26.780000686645508,25.951000213623047,26.40999984741211,4285000,0.0,0.0
2026-03-31 00:00:00-04:00,26.75,28.170000076293945,26.639999389648438,27.700000762939453,6070300,0.0,0.0
2026-04-01 00:00:00-04:00,28.1299991607666,28.389999389648438,27.719999313354492,27.84000015258789,7067500,0.0,0.0
2026-04-02 00:00:00-04:00,26.950000762939453,28.549999237060547,26.6200008392334,28.329999923706055,5013500,0.0,0.0
2026-04-06 00:00:00-04:00,28.05500030517578,28.450000762939453,27.69499969482422,27.8799991607666,5824600,0.0,0.0
2026-04-07 00:00:00-04:00,27.90999984741211,28.020000457763672,27.399999618530273,27.75,3274100,0.0,0.0
2026-04-08 00:00:00-04:00,28.450000762939453,28.760000228881836,28.145000457763672,28.170000076293945,3732200,0.0,0.0
2026-04-09 00:00:00-04:00,27.975000381469727,28.780000686645508,27.924999237060547,28.479999542236328,4076400,0.0,0.0
2026-04-10 00:00:00-04:00,28.479999542236328,28.538999557495117,27.950000762939453,28.209999084472656,3127300,0.0,0.0
2026-04-13 00:00:00-04:00,28.209999084472656,29.190000534057617,28.209999084472656,28.950000762939453,3359600,0.0,0.0
2026-04-14 00:00:00-04:00,29.020000457763672,29.690000534057617,28.959999084472656,29.1200008392334,3954600,0.0,0.0
2026-04-15 00:00:00-04:00,29.31999969482422,29.489999771118164,28.854999542236328,29.389999389648438,3526600,0.0,0.0
2026-04-16 00:00:00-04:00,29.649999618530273,29.649999618530273,28.975000381469727,29.190000534057617,5740300,0.0,0.0
2026-04-17 00:00:00-04:00,29.540000915527344,30.18000030517578,29.0,29.829999923706055,6502900,0.0,0.0
2026-04-20 00:00:00-04:00,29.739999771118164,29.8799991607666,28.940000534057617,29.079999923706055,4748500,0.0,0.0
2026-04-21 00:00:00-04:00,29.030000686645508,29.360000610351562,28.670000076293945,29.290000915527344,2947700,0.0,0.0
2026-04-22 00:00:00-04:00,29.530000686645508,29.639999389648438,29.0,29.149999618530273,8451800,0.0,0.0
2026-04-23 00:00:00-04:00,29.25,29.405000686645508,27.920000076293945,28.139999389648438,7595200,0.0,0.0
2026-04-24 00:00:00-04:00,28.239999771118164,28.319000244140625,27.059999465942383,27.40999984741211,5616200,0.0,0.0
2026-04-27 00:00:00-04:00,27.459999084472656,28.364999771118164,27.299999237060547,27.850000381469727,5008100,0.0,0.0
2026-04-28 00:00:00-04:00,28.020000457763672,28.57900047302246,27.71500015258789,27.770000457763672,4535700,0.0,0.0
2026-04-29 00:00:00-04:00,27.739999771118164,27.934999465942383,27.450000762939453,27.520000457763672,4372000,0.0,0.0
2026-04-30 00:00:00-04:00,27.93000030517578,28.709999084472656,27.889999389648438,28.530000686645508,7014600,0.0,0.0
2026-05-01 00:00:00-04:00,28.78499984741211,28.93000030517578,27.825000762939453,27.829999923706055,4232300,0.0,0.0
2026-05-04 00:00:00-04:00,28.479999542236328,28.479999542236328,27.520000457763672,28.360000610351562,5300800,0.0,0.0
2026-05-05 00:00:00-04:00,28.639999389648438,29.0,28.059999465942383,28.31999969482422,2646000,0.0,0.0
2026-05-06 00:00:00-04:00,28.469999313354492,28.854999542236328,28.420000076293945,28.81999969482422,3689800,0.0,0.0
2026-05-07 00:00:00-04:00,28.84000015258789,28.860000610351562,27.8700008392334,28.280000686645508,3570600,0.0,0.0
2026-05-08 00:00:00-04:00,28.360000610351562,28.895000457763672,28.170000076293945,28.559999465942383,5604900,0.0,0.0
2026-05-11 00:00:00-04:00,28.610000610351562,29.510000228881836,28.600000381469727,28.959999084472656,4199100,0.0,0.0
2026-05-12 00:00:00-04:00,29.010000228881836,29.799999237060547,28.799999237060547,29.389999389648438,8437000,0.0,0.0
2026-05-13 00:00:00-04:00,29.309999465942383,29.46500015258789,28.899999618530273,29.219999313354492,5702900,0.0,0.0
2026-05-14 00:00:00-04:00,29.239999771118164,29.649999618530273,28.860000610351562,29.5,2914300,0.0,0.0
2026-05-15 00:00:00-04:00,29.239999771118164,29.614999771118164,28.729999542236328,29.290000915527344,7211200,0.0,0.0
2026-05-18 00:00:00-04:00,29.299999237060547,29.434999465942383,28.174999237060547,28.549999237060547,14718800,0.0,0.0
2026-05-19 00:00:00-04:00,28.469999313354492,28.700000762939453,27.850000381469727,28.209999084472656,4132400,0.0,0.0
2026-05-20 00:00:00-04:00,29.600000381469727,32.792999267578125,29.350000381469727,32.40999984741211,17010000,0.0,0.0
2026-05-21 00:00:00-04:00,32.130001068115234,32.709999084472656,30.780000686645508,30.8799991607666,10111800,0.0,0.0
2026-05-22 00:00:00-04:00,30.75,30.864999771118164,29.8799991607666,29.959999084472656,5873900,0.0,0.0
2026-05-26 00:00:00-04:00,29.979999542236328,30.350000381469727,29.309999465942383,29.665000915527344,7294200,0.0,0.0
2026-05-27 00:00:00-04:00,29.469999313354492,29.614999771118164,29.030000686645508,29.579999923706055,6699400,0.0,0.0
2026-05-28 00:00:00-04:00,29.530000686645508,30.010000228881836,29.16200065612793,29.8799991607666,6292600,0.0,0.0
2026-05-29 00:00:00-04:00,30.299999237060547,30.420000076293945,29.649999618530273,29.989999771118164,7735000,0.0,0.0
2026-06-01 00:00:00-04:00,29.15999984741211,29.59000015258789,29.065000534057617,29.09000015258789,4115100,0.0,0.0
2026-06-02 00:00:00-04:00,28.709999084472656,28.8700008392334,27.924999237060547,28.25,5069600,0.0,0.0
2026-06-03 00:00:00-04:00,28.290000915527344,28.799999237060547,28.18000030517578,28.700000762939453,3612700,0.0,0.0
2026-06-04 00:00:00-04:00,28.8700008392334,29.639999389648438,28.709999084472656,29.530000686645508,4244400,0.0,0.0
2026-06-05 00:00:00-04:00,29.510000228881836,29.639999389648438,28.559999465942383,28.579999923706055,4643400,0.0,0.0
2026-06-08 00:00:00-04:00,28.514999389648438,28.979999542236328,28.28499984741211,28.489999771118164,6072600,0.0,0.0
2026-06-09 00:00:00-04:00,28.985000610351562,29.299999237060547,28.309999465942383,29.049999237060547,3459006,0.0,0.0
