Date,Open,High,Low,Close,Volume,Dividends,Stock Splits
2022-01-03 00:00:00-05:00,60.90999984741211,61.66999816894531,59.22999954223633,60.279998779296875,484900,0.0,0.0
2022-01-04 00:00:00-05:00,60.959999084472656,61.47999954223633,60.18000030517578,60.34000015258789,379700,0.0,0.0
2022-01-05 00:00:00-05:00,60.130001068115234,61.16999816894531,58.7599983215332,58.869998931884766,537700,0.0,0.0
2022-01-06 00:00:00-05:00,60.220001220703125,60.220001220703125,57.72999954223633,57.900001525878906,483400,0.0,0.0
2022-01-07 00:00:00-05:00,58.06999969482422,59.38999938964844,56.34000015258789,56.36000061035156,761200,0.0,0.0
2022-01-10 00:00:00-05:00,56.25,56.279998779296875,54.869998931884766,55.61000061035156,781100,0.0,0.0
2022-01-11 00:00:00-05:00,55.59000015258789,57.349998474121094,54.2599983215332,57.34000015258789,656100,0.0,0.0
2022-01-12 00:00:00-05:00,57.029998779296875,57.88999938964844,55.0,55.61000061035156,479600,0.0,0.0
2022-01-13 00:00:00-05:00,56.20000076293945,58.04999923706055,55.4900016784668,56.97999954223633,696300,0.0,0.0
2022-01-14 00:00:00-05:00,56.63999938964844,57.689998626708984,56.290000915527344,57.630001068115234,530200,0.0,0.0
2022-01-18 00:00:00-05:00,56.849998474121094,57.060001373291016,54.38999938964844,54.5099983215332,469400,0.0,0.0
2022-01-19 00:00:00-05:00,54.869998931884766,55.27000045776367,53.5099983215332,53.79999923706055,389700,0.0,0.0
2022-01-20 00:00:00-05:00,54.08000183105469,55.63999938964844,53.13999938964844,53.29999923706055,300500,0.0,0.0
2022-01-21 00:00:00-05:00,53.36000061035156,54.0099983215332,52.31999969482422,53.040000915527344,394200,0.0,0.0
2022-01-24 00:00:00-05:00,52.27000045776367,55.08000183105469,51.709999084472656,54.790000915527344,511800,0.0,0.0
2022-01-25 00:00:00-05:00,54.060001373291016,54.20000076293945,52.47999954223633,53.15999984741211,333900,0.0,0.0
2022-01-26 00:00:00-05:00,53.66999816894531,54.279998779296875,52.08000183105469,52.63999938964844,318100,0.0,0.0
2022-01-27 00:00:00-05:00,52.70000076293945,53.119998931884766,50.84000015258789,50.849998474121094,391300,0.0,0.0
2022-01-28 00:00:00-05:00,50.709999084472656,52.369998931884766,50.06999969482422,52.310001373291016,378200,0.0,0.0
2022-01-31 00:00:00-05:00,51.54999923706055,52.81999969482422,51.369998931884766,52.650001525878906,535500,0.0,0.0
2022-02-01 00:00:00-05:00,52.7400016784668,53.369998931884766,52.06999969482422,53.040000915527344,423100,0.0,0.0
2022-02-02 00:00:00-05:00,53.04999923706055,53.68000030517578,51.869998931884766,53.5,385900,0.0,0.0
2022-02-03 00:00:00-05:00,53.040000915527344,54.040000915527344,52.27000045776367,52.529998779296875,385600,0.0,0.0
2022-02-04 00:00:00-05:00,51.93000030517578,52.720001220703125,50.529998779296875,52.13999938964844,402400,0.0,0.0
2022-02-07 00:00:00-05:00,51.939998626708984,52.2599983215332,50.41999816894531,50.61000061035156,444300,0.0,0.0
2022-02-08 00:00:00-05:00,50.650001525878906,52.83000183105469,50.22999954223633,51.70000076293945,581000,0.0,0.0
2022-02-09 00:00:00-05:00,52.439998626708984,53.72999954223633,52.439998626708984,53.380001068115234,331800,0.0,0.0
2022-02-10 00:00:00-05:00,52.5099983215332,54.4900016784668,52.31999969482422,52.90999984741211,419400,0.0,0.0
2022-02-11 00:00:00-05:00,53.15999984741211,53.4900016784668,51.349998474121094,51.79999923706055,320400,0.0,0.0
2022-02-14 00:00:00-05:00,51.939998626708984,53.189998626708984,51.91999816894531,52.40999984741211,474700,0.0,0.0
2022-02-15 00:00:00-05:00,53.099998474121094,54.83000183105469,52.77000045776367,54.66999816894531,289800,0.0,0.0
2022-02-16 00:00:00-05:00,54.20000076293945,54.970001220703125,53.75,54.84000015258789,388200,0.0,0.0
2022-02-17 00:00:00-05:00,54.29999923706055,54.41999816894531,53.36000061035156,53.810001373291016,397100,0.0,0.0
2022-02-18 00:00:00-05:00,53.869998931884766,54.63999938964844,52.810001373291016,52.93000030517578,225900,0.0,0.0
2022-02-22 00:00:00-05:00,52.54999923706055,53.38999938964844,52.15999984741211,52.79999923706055,256600,0.0,0.0
2022-02-23 00:00:00-05:00,53.11000061035156,53.380001068115234,52.060001373291016,52.529998779296875,424900,0.0,0.0
2022-02-24 00:00:00-05:00,51.09000015258789,53.5099983215332,50.470001220703125,53.400001525878906,396800,0.0,0.0
2022-02-25 00:00:00-05:00,53.86000061035156,57.099998474121094,53.86000061035156,56.91999816894531,568400,0.0,0.0
2022-02-28 00:00:00-05:00,55.79999923706055,56.880001068115234,55.29999923706055,56.709999084472656,798600,0.0,0.0
2022-03-01 00:00:00-05:00,59.70000076293945,62.83000183105469,57.79999923706055,60.63999938964844,1047300,0.0,0.0
2022-03-02 00:00:00-05:00,60.150001525878906,62.22999954223633,60.150001525878906,61.2400016784668,625200,0.0,0.0
2022-03-03 00:00:00-05:00,61.5,63.0,61.029998779296875,62.68000030517578,603400,0.0,0.0
2022-03-04 00:00:00-05:00,62.0099983215332,62.63999938964844,61.34000015258789,62.209999084472656,482800,0.0,0.0
2022-03-07 00:00:00-05:00,62.290000915527344,62.779998779296875,60.86000061035156,61.529998779296875,540200,0.0,0.0
2022-03-08 00:00:00-05:00,61.439998626708984,62.81999969482422,61.040000915527344,61.56999969482422,405100,0.0,0.0
2022-03-09 00:00:00-05:00,62.369998931884766,64.80000305175781,62.029998779296875,63.86000061035156,557200,0.0,0.0
2022-03-10 00:00:00-05:00,62.709999084472656,65.3499984741211,62.31999969482422,64.37000274658203,662800,0.0,0.0
2022-03-11 00:00:00-05:00,64.44999694824219,65.8499984741211,64.29000091552734,64.95999908447266,646500,0.0,0.0
2022-03-14 00:00:00-04:00,64.9800033569336,66.05999755859375,63.630001068115234,64.2300033569336,816500,0.0,0.0
2022-03-15 00:00:00-04:00,64.2300033569336,65.22000122070312,63.43000030517578,64.33999633789062,365900,0.0,0.0
2022-03-16 00:00:00-04:00,65.01000213623047,65.87000274658203,64.0999984741211,65.80999755859375,345500,0.0,0.0
2022-03-17 00:00:00-04:00,65.29000091552734,66.48999786376953,65.29000091552734,66.33000183105469,360400,0.0,0.0
2022-03-18 00:00:00-04:00,66.30999755859375,66.62000274658203,65.13999938964844,65.76000213623047,949400,0.0,0.0
2022-03-21 00:00:00-04:00,65.66999816894531,65.83999633789062,64.80000305175781,65.16999816894531,446000,0.0,0.0
2022-03-22 00:00:00-04:00,65.0199966430664,66.05999755859375,65.0199966430664,65.2300033569336,428600,0.0,0.0
2022-03-23 00:00:00-04:00,65.19999694824219,65.19999694824219,64.18000030517578,64.4800033569336,427400,0.0,0.0
2022-03-24 00:00:00-04:00,64.91000366210938,64.93000030517578,64.18000030517578,64.77999877929688,427000,0.0,0.0
2022-03-25 00:00:00-04:00,65.16000366210938,65.91000366210938,64.33999633789062,65.88999938964844,505300,0.0,0.0
2022-03-28 00:00:00-04:00,65.87000274658203,66.88999938964844,65.33000183105469,66.87999725341797,295500,0.0,0.0
2022-03-29 00:00:00-04:00,67.41999816894531,68.47000122070312,67.13999938964844,68.05000305175781,646400,0.0,0.0
2022-03-30 00:00:00-04:00,67.69000244140625,68.05999755859375,65.08999633789062,65.63999938964844,1065800,0.0,0.0
2022-03-31 00:00:00-04:00,65.79000091552734,66.58000183105469,65.51000213623047,65.52999877929688,913800,0.0,0.0
2022-04-01 00:00:00-04:00,65.79000091552734,67.31999969482422,65.37999725341797,67.18000030517578,724300,0.0,0.0
2022-04-04 00:00:00-04:00,67.43000030517578,67.76000213623047,65.63999938964844,66.38999938964844,673800,0.0,0.0
2022-04-05 00:00:00-04:00,66.26000213623047,67.54000091552734,66.1500015258789,67.0199966430664,902600,0.0,0.0
2022-04-06 00:00:00-04:00,66.58000183105469,68.5999984741211,66.30000305175781,68.38999938964844,773600,0.0,0.0
2022-04-07 00:00:00-04:00,68.55999755859375,71.01000213623047,67.72000122070312,70.91999816894531,918400,0.0,0.0
2022-04-08 00:00:00-04:00,71.87000274658203,74.86000061035156,71.25,73.95999908447266,1776200,0.0,0.0
2022-04-11 00:00:00-04:00,73.2699966430664,74.81999969482422,73.2699966430664,73.70999908447266,1076500,0.0,0.0
2022-04-12 00:00:00-04:00,73.58000183105469,75.25,73.58000183105469,74.69999694824219,964400,0.0,0.0
2022-04-13 00:00:00-04:00,74.9800033569336,76.13999938964844,74.55999755859375,75.02999877929688,848300,0.0,0.0
2022-04-14 00:00:00-04:00,75.0,76.62000274658203,74.98999786376953,75.0199966430664,373500,0.0,0.0
2022-04-18 00:00:00-04:00,74.73999786376953,75.41999816894531,73.43000030517578,73.80000305175781,547100,0.0,0.0
2022-04-19 00:00:00-04:00,73.63999938964844,75.54000091552734,73.47000122070312,74.3499984741211,527600,0.0,0.0
2022-04-20 00:00:00-04:00,74.54000091552734,76.69000244140625,74.54000091552734,75.91000366210938,463300,0.0,0.0
2022-04-21 00:00:00-04:00,76.2300033569336,76.38999938964844,74.5999984741211,74.83999633789062,370600,0.0,0.0
2022-04-22 00:00:00-04:00,73.81999969482422,73.81999969482422,67.88999938964844,68.01000213623047,1533400,0.0,0.0
2022-04-25 00:00:00-04:00,67.54000091552734,69.66000366210938,67.22000122070312,69.37000274658203,952700,0.0,0.0
2022-04-26 00:00:00-04:00,67.87999725341797,67.88999938964844,66.45999908447266,67.23999786376953,789300,0.0,0.0
2022-04-27 00:00:00-04:00,67.44000244140625,69.25,66.7699966430664,67.77999877929688,626700,0.0,0.0
2022-04-28 00:00:00-04:00,68.19999694824219,70.02999877929688,67.08000183105469,69.36000061035156,912800,0.0,0.0
2022-04-29 00:00:00-04:00,68.55000305175781,69.16999816894531,67.7300033569336,67.87999725341797,672000,0.0,0.0
2022-05-02 00:00:00-04:00,67.87000274658203,68.8499984741211,65.97000122070312,66.87000274658203,728200,0.0,0.0
2022-05-03 00:00:00-04:00,66.66999816894531,68.2300033569336,66.51000213623047,67.44000244140625,619400,0.0,0.0
2022-05-04 00:00:00-04:00,68.80999755859375,73.37999725341797,68.12999725341797,72.20999908447266,1723700,0.0,0.0
2022-05-05 00:00:00-04:00,71.0999984741211,72.33999633789062,69.33000183105469,70.94000244140625,643100,0.0,0.0
2022-05-06 00:00:00-04:00,70.37999725341797,71.94999694824219,69.62999725341797,70.44999694824219,638100,0.0,0.0
2022-05-09 00:00:00-04:00,69.38999938964844,69.66000366210938,65.83000183105469,66.13999938964844,893200,0.0,0.0
2022-05-10 00:00:00-04:00,66.80999755859375,67.48999786376953,64.69000244140625,66.94000244140625,752100,0.0,0.0
2022-05-11 00:00:00-04:00,67.02999877929688,68.5199966430664,66.11000061035156,66.37000274658203,773700,0.0,0.0
2022-05-12 00:00:00-04:00,66.0999984741211,68.2699966430664,65.63999938964844,67.6500015258789,597100,0.0,0.0
2022-05-13 00:00:00-04:00,68.2699966430664,70.69000244140625,67.83999633789062,70.58999633789062,555800,0.0,0.0
2022-05-16 00:00:00-04:00,70.23999786376953,70.9800033569336,69.22000122070312,70.75,401800,0.0,0.0
2022-05-17 00:00:00-04:00,71.30999755859375,73.7300033569336,70.9800033569336,73.69999694824219,475300,0.0,0.0
2022-05-18 00:00:00-04:00,72.63999938964844,73.19000244140625,69.13999938964844,69.4800033569336,634700,0.0,0.0
2022-05-19 00:00:00-04:00,68.94000244140625,70.62000274658203,68.13999938964844,70.0,456800,0.0,0.0
2022-05-20 00:00:00-04:00,70.95999908447266,71.0999984741211,68.5199966430664,70.3499984741211,408200,0.0,0.0
2022-05-23 00:00:00-04:00,71.19000244140625,71.19000244140625,68.83999633789062,70.16000366210938,432600,0.0,0.0
2022-05-24 00:00:00-04:00,69.58000183105469,71.69999694824219,68.72000122070312,70.91999816894531,265100,0.0,0.0
2022-05-25 00:00:00-04:00,70.5999984741211,72.38999938964844,70.12999725341797,72.04000091552734,443100,0.0,0.0
2022-05-26 00:00:00-04:00,72.26000213623047,72.9800033569336,71.55999755859375,71.91999816894531,399400,0.0,0.0
2022-05-27 00:00:00-04:00,72.25,72.83000183105469,71.58000183105469,72.29000091552734,355800,0.0,0.0
2022-05-31 00:00:00-04:00,71.73999786376953,73.19999694824219,71.05000305175781,71.16999816894531,718600,0.0,0.0
2022-06-01 00:00:00-04:00,71.73999786376953,72.08000183105469,68.55000305175781,68.93000030517578,421800,0.0,0.0
2022-06-02 00:00:00-04:00,69.11000061035156,71.19999694824219,68.23999786376953,71.1500015258789,362400,0.0,0.0
2022-06-03 00:00:00-04:00,70.79000091552734,71.91999816894531,69.80000305175781,70.94000244140625,226100,0.0,0.0
2022-06-06 00:00:00-04:00,70.01000213623047,71.7300033569336,69.43000030517578,70.22000122070312,330100,0.0,0.0
2022-06-07 00:00:00-04:00,69.79000091552734,71.44999694824219,69.30000305175781,71.13999938964844,367900,0.0,0.0
2022-06-08 00:00:00-04:00,70.55000305175781,71.18000030517578,69.2300033569336,69.94000244140625,270500,0.0,0.0
2022-06-09 00:00:00-04:00,69.63999938964844,70.11000061035156,68.18000030517578,68.58999633789062,320300,0.0,0.0
2022-06-10 00:00:00-04:00,67.54000091552734,69.05000305175781,66.9000015258789,68.2300033569336,360300,0.0,0.0
2022-06-13 00:00:00-04:00,66.5,66.93000030517578,65.3499984741211,65.86000061035156,480500,0.0,0.0
2022-06-14 00:00:00-04:00,66.30999755859375,66.30999755859375,63.20000076293945,63.689998626708984,635000,0.0,0.0
2022-06-15 00:00:00-04:00,63.7599983215332,66.26000213623047,63.7599983215332,65.94999694824219,633300,0.0,0.0
2022-06-16 00:00:00-04:00,64.16000366210938,66.63999938964844,64.16000366210938,66.1500015258789,1121800,0.0,0.0
2022-06-17 00:00:00-04:00,66.97000122070312,67.05000305175781,64.7300033569336,64.9000015258789,877500,0.0,0.0
2022-06-21 00:00:00-04:00,66.37000274658203,67.12000274658203,65.01000213623047,66.94999694824219,547500,0.0,0.0
2022-06-22 00:00:00-04:00,65.8499984741211,68.0999984741211,65.8499984741211,67.63999938964844,382600,0.0,0.0
2022-06-23 00:00:00-04:00,68.33000183105469,68.5199966430664,67.26000213623047,68.5,330200,0.0,0.0
2022-06-24 00:00:00-04:00,69.30999755859375,70.6500015258789,68.7699966430664,70.37000274658203,641100,0.0,0.0
2022-06-27 00:00:00-04:00,70.0999984741211,70.61000061035156,68.88999938964844,69.97000122070312,254500,0.0,0.0
2022-06-28 00:00:00-04:00,70.13999938964844,70.8499984741211,68.45999908447266,69.05000305175781,232000,0.0,0.0
2022-06-29 00:00:00-04:00,69.33999633789062,71.05000305175781,68.56999969482422,70.19999694824219,409600,0.0,0.0
2022-06-30 00:00:00-04:00,68.63999938964844,68.79000091552734,67.18000030517578,67.62999725341797,889100,0.0,0.0
2022-07-01 00:00:00-04:00,67.33999633789062,71.66999816894531,66.88999938964844,71.58000183105469,525600,0.0,0.0
2022-07-05 00:00:00-04:00,70.55999755859375,71.91000366210938,69.0,71.87000274658203,814100,0.0,0.0
2022-07-06 00:00:00-04:00,71.58999633789062,72.08000183105469,70.16000366210938,71.80000305175781,868700,0.0,0.0
2022-07-07 00:00:00-04:00,72.48999786376953,74.73999786376953,72.48999786376953,73.37999725341797,639900,0.0,0.0
2022-07-08 00:00:00-04:00,72.81999969482422,76.0,72.73999786376953,74.97000122070312,548900,0.0,0.0
2022-07-11 00:00:00-04:00,74.47000122070312,75.12999725341797,73.05000305175781,73.27999877929688,429400,0.0,0.0
2022-07-12 00:00:00-04:00,73.12000274658203,75.12000274658203,72.56999969482422,72.80000305175781,440800,0.0,0.0
2022-07-13 00:00:00-04:00,71.6500015258789,73.45999908447266,71.6500015258789,73.11000061035156,403900,0.0,0.0
2022-07-14 00:00:00-04:00,72.04000091552734,73.88999938964844,71.62000274658203,73.7300033569336,312200,0.0,0.0
2022-07-15 00:00:00-04:00,74.88999938964844,76.13999938964844,73.8499984741211,76.01000213623047,502500,0.0,0.0
2022-07-18 00:00:00-04:00,76.7699966430664,77.5,74.80999755859375,74.9800033569336,667400,0.0,0.0
2022-07-19 00:00:00-04:00,75.6500015258789,77.6500015258789,75.5,77.22000122070312,507500,0.0,0.0
2022-07-20 00:00:00-04:00,77.12999725341797,77.5199966430664,76.0999984741211,77.0,606100,0.0,0.0
2022-07-21 00:00:00-04:00,76.69000244140625,76.98999786376953,74.80999755859375,75.36000061035156,993200,0.0,0.0
2022-07-22 00:00:00-04:00,77.79000091552734,79.19000244140625,76.69000244140625,77.58999633789062,1064800,0.0,0.0
2022-07-25 00:00:00-04:00,77.54000091552734,78.8499984741211,76.86000061035156,78.62999725341797,648300,0.0,0.0
2022-07-26 00:00:00-04:00,78.87000274658203,79.66000366210938,78.38999938964844,78.8499984741211,840100,0.0,0.0
2022-07-27 00:00:00-04:00,78.5999984741211,79.20999908447266,77.51000213623047,78.48999786376953,812300,0.0,0.0
2022-07-28 00:00:00-04:00,81.7300033569336,82.0,78.02999877929688,81.68000030517578,932500,0.0,0.0
2022-07-29 00:00:00-04:00,80.75,83.62999725341797,80.56999969482422,82.91000366210938,910800,0.0,0.0
2022-08-01 00:00:00-04:00,83.37999725341797,83.37999725341797,81.58000183105469,81.93000030517578,521300,0.0,0.0
2022-08-02 00:00:00-04:00,81.5,82.16999816894531,80.97000122070312,81.12999725341797,562600,0.0,0.0
2022-08-03 00:00:00-04:00,81.31999969482422,82.38999938964844,80.70999908447266,81.94000244140625,407200,0.0,0.0
2022-08-04 00:00:00-04:00,82.0,82.02999877929688,80.47000122070312,80.76000213623047,409900,0.0,0.0
2022-08-05 00:00:00-04:00,80.30999755859375,81.43000030517578,79.7300033569336,81.37000274658203,454000,0.0,0.0
2022-08-08 00:00:00-04:00,81.05000305175781,82.0,80.69000244140625,81.08999633789062,469100,0.0,0.0
2022-08-09 00:00:00-04:00,80.62999725341797,81.3499984741211,79.01000213623047,79.58999633789062,517800,0.0,0.0
2022-08-10 00:00:00-04:00,80.5199966430664,81.20999908447266,79.94999694824219,81.1500015258789,419700,0.0,0.0
2022-08-11 00:00:00-04:00,80.83999633789062,82.51000213623047,80.83999633789062,81.41000366210938,303000,0.0,0.0
2022-08-12 00:00:00-04:00,81.38999938964844,82.66000366210938,81.25,82.61000061035156,484100,0.0,0.0
2022-08-15 00:00:00-04:00,82.2300033569336,82.80000305175781,80.22000122070312,82.62999725341797,408400,0.0,0.0
2022-08-16 00:00:00-04:00,82.55000305175781,82.86000061035156,81.56999969482422,81.75,426700,0.0,0.0
2022-08-17 00:00:00-04:00,81.0199966430664,81.79000091552734,80.54000091552734,81.48999786376953,305700,0.0,0.0
2022-08-18 00:00:00-04:00,81.94999694824219,82.6500015258789,81.4000015258789,82.63999938964844,483100,0.0,0.0
2022-08-19 00:00:00-04:00,82.19000244140625,82.98999786376953,82.0,82.36000061035156,508500,0.0,0.0
2022-08-22 00:00:00-04:00,81.44999694824219,82.91999816894531,81.44999694824219,82.87999725341797,562600,0.0,0.0
2022-08-23 00:00:00-04:00,82.87999725341797,84.91000366210938,82.87999725341797,83.0199966430664,979200,0.0,0.0
2022-08-24 00:00:00-04:00,82.56999969482422,84.11000061035156,82.06999969482422,84.06999969482422,503300,0.0,0.0
2022-08-25 00:00:00-04:00,84.58999633789062,85.30000305175781,83.93000030517578,85.2300033569336,527900,0.0,0.0
2022-08-26 00:00:00-04:00,85.37000274658203,86.02999877929688,82.4800033569336,82.63999938964844,783400,0.0,0.0
2022-08-29 00:00:00-04:00,81.77999877929688,84.9800033569336,81.1500015258789,84.11000061035156,592900,0.0,0.0
2022-08-30 00:00:00-04:00,84.0,84.22000122070312,82.7699966430664,82.94000244140625,690400,0.0,0.0
2022-08-31 00:00:00-04:00,82.93000030517578,85.02999877929688,81.5199966430664,81.93000030517578,972600,0.0,0.0
2022-09-01 00:00:00-04:00,81.45999908447266,81.45999908447266,78.7300033569336,81.33000183105469,591300,0.0,0.0
2022-09-02 00:00:00-04:00,81.44999694824219,82.2300033569336,79.7699966430664,80.11000061035156,648000,0.0,0.0
2022-09-06 00:00:00-04:00,80.4000015258789,82.36000061035156,79.87000274658203,80.13999938964844,485400,0.0,0.0
2022-09-07 00:00:00-04:00,80.02999877929688,83.62000274658203,79.66999816894531,83.02999877929688,455800,0.0,0.0
2022-09-08 00:00:00-04:00,82.58000183105469,83.80999755859375,81.88999938964844,83.7300033569336,564800,0.0,0.0
2022-09-09 00:00:00-04:00,84.01000213623047,84.31999969482422,82.48999786376953,83.6500015258789,603000,0.0,0.0
2022-09-12 00:00:00-04:00,84.05000305175781,86.75,84.0,86.7300033569336,545200,0.0,0.0
2022-09-13 00:00:00-04:00,85.19000244140625,85.4000015258789,83.06999969482422,83.4800033569336,513500,0.0,0.0
2022-09-14 00:00:00-04:00,83.62000274658203,84.97000122070312,82.6500015258789,83.88999938964844,602800,0.0,0.0
2022-09-15 00:00:00-04:00,83.81999969482422,84.75,83.5,83.80000305175781,447300,0.0,0.0
2022-09-16 00:00:00-04:00,83.41000366210938,84.91999816894531,82.87999725341797,84.16999816894531,1221700,0.0,0.0
2022-09-19 00:00:00-04:00,82.7300033569336,84.47000122070312,82.25,84.33999633789062,491100,0.0,0.0
2022-09-20 00:00:00-04:00,84.22000122070312,84.22000122070312,82.0999984741211,82.18000030517578,473900,0.0,0.0
2022-09-21 00:00:00-04:00,82.69000244140625,82.69000244140625,79.75,80.02999877929688,728500,0.0,0.0
2022-09-22 00:00:00-04:00,80.02999877929688,80.02999877929688,77.72000122070312,79.0199966430664,609400,0.0,0.0
2022-09-23 00:00:00-04:00,78.11000061035156,78.11000061035156,75.6500015258789,77.79000091552734,643800,0.0,0.0
2022-09-26 00:00:00-04:00,77.80000305175781,78.22000122070312,76.41000366210938,77.06999969482422,575900,0.0,0.0
2022-09-27 00:00:00-04:00,77.51000213623047,77.70999908447266,75.9000015258789,76.72000122070312,728300,0.0,0.0
2022-09-28 00:00:00-04:00,77.58000183105469,80.3499984741211,76.98999786376953,80.06999969482422,469300,0.0,0.0
2022-09-29 00:00:00-04:00,79.06999969482422,80.01000213623047,77.76000213623047,79.9000015258789,515600,0.0,0.0
2022-09-30 00:00:00-04:00,79.94000244140625,81.0,78.02999877929688,78.18000030517578,815800,0.0,0.0
2022-10-03 00:00:00-04:00,79.37999725341797,81.47000122070312,78.69999694824219,81.05000305175781,693800,0.0,0.0
2022-10-04 00:00:00-04:00,81.97000122070312,83.94999694824219,81.97000122070312,83.87999725341797,603300,0.0,0.0
2022-10-05 00:00:00-04:00,83.30999755859375,83.58999633789062,82.12999725341797,83.12000274658203,420400,0.0,0.0
2022-10-06 00:00:00-04:00,83.04000091552734,84.06999969482422,82.30999755859375,82.77999877929688,339100,0.0,0.0
2022-10-07 00:00:00-04:00,81.8499984741211,81.8499984741211,79.44999694824219,80.16999816894531,478300,0.0,0.0
2022-10-10 00:00:00-04:00,80.4000015258789,81.04000091552734,79.47000122070312,79.91000366210938,413100,0.0,0.0
2022-10-11 00:00:00-04:00,79.2699966430664,81.2699966430664,79.11000061035156,80.26000213623047,526000,0.0,0.0
2022-10-12 00:00:00-04:00,80.5199966430664,80.62999725341797,79.47000122070312,80.41999816894531,381300,0.0,0.0
2022-10-13 00:00:00-04:00,79.41999816894531,82.87999725341797,78.54000091552734,82.37999725341797,420800,0.0,0.0
2022-10-14 00:00:00-04:00,82.86000061035156,83.23999786376953,80.0,80.19000244140625,421000,0.0,0.0
2022-10-17 00:00:00-04:00,80.70999908447266,82.9000015258789,80.58000183105469,82.38999938964844,426800,0.0,0.0
2022-10-18 00:00:00-04:00,84.3499984741211,84.91000366210938,81.98999786376953,82.77999877929688,530000,0.0,0.0
2022-10-19 00:00:00-04:00,82.19999694824219,82.43000030517578,80.2300033569336,80.58999633789062,419300,0.0,0.0
2022-10-20 00:00:00-04:00,81.25,81.47000122070312,79.62000274658203,79.93000030517578,662500,0.0,0.0
2022-10-21 00:00:00-04:00,75.87999725341797,78.04000091552734,73.58000183105469,77.51000213623047,1534700,0.0,0.0
2022-10-24 00:00:00-04:00,78.73999786376953,79.87000274658203,78.0999984741211,78.4800033569336,598600,0.0,0.0
2022-10-25 00:00:00-04:00,78.43000030517578,81.0199966430664,78.43000030517578,79.69000244140625,575000,0.0,0.0
2022-10-26 00:00:00-04:00,79.97000122070312,83.12000274658203,79.55000305175781,81.6500015258789,767100,0.0,0.0
2022-10-27 00:00:00-04:00,82.16000366210938,82.87999725341797,81.58999633789062,82.30999755859375,534200,0.0,0.0
2022-10-28 00:00:00-04:00,82.11000061035156,83.2300033569336,81.55000305175781,83.05000305175781,944300,0.0,0.0
2022-10-31 00:00:00-04:00,82.11000061035156,83.29000091552734,79.87000274658203,81.30000305175781,1058700,0.0,0.0
2022-11-01 00:00:00-04:00,82.54000091552734,82.7300033569336,78.33000183105469,80.25,1302200,0.0,0.0
2022-11-02 00:00:00-04:00,80.55000305175781,81.58999633789062,77.80000305175781,77.94999694824219,601700,0.0,0.0
2022-11-03 00:00:00-04:00,76.91000366210938,78.79000091552734,76.08000183105469,77.45999908447266,532200,0.0,0.0
2022-11-04 00:00:00-04:00,78.23999786376953,79.86000061035156,77.19999694824219,78.48999786376953,556400,0.0,0.0
2022-11-07 00:00:00-05:00,78.12999725341797,79.05999755859375,77.20999908447266,78.47000122070312,528800,0.0,0.0
2022-11-08 00:00:00-05:00,78.91999816894531,80.66999816894531,77.5,79.25,665800,0.0,0.0
2022-11-09 00:00:00-05:00,78.83000183105469,81.62000274658203,78.51000213623047,81.51000213623047,661300,0.0,0.0
2022-11-10 00:00:00-05:00,84.0,85.16000366210938,82.61000061035156,84.47000122070312,627900,0.0,0.0
2022-11-11 00:00:00-05:00,84.55999755859375,84.98999786376953,80.22000122070312,80.68000030517578,1009700,0.0,0.0
2022-11-14 00:00:00-05:00,80.47000122070312,81.97000122070312,80.02999877929688,80.87999725341797,669400,0.0,0.0
2022-11-15 00:00:00-05:00,81.6500015258789,82.16999816894531,79.62999725341797,81.16000366210938,743600,0.0,0.0
2022-11-16 00:00:00-05:00,81.2300033569336,82.01000213623047,79.69999694824219,81.41000366210938,493000,0.0,0.0
2022-11-17 00:00:00-05:00,80.98999786376953,81.86000061035156,79.8499984741211,80.98999786376953,453700,0.0,0.0
2022-11-18 00:00:00-05:00,82.33999633789062,84.0,82.08000183105469,83.33999633789062,359800,0.0,0.0
2022-11-21 00:00:00-05:00,82.83000183105469,84.9800033569336,82.83000183105469,84.83999633789062,507200,0.0,0.0
2022-11-22 00:00:00-05:00,85.86000061035156,88.16999816894531,85.11000061035156,86.76000213623047,786100,0.0,0.0
2022-11-23 00:00:00-05:00,87.1500015258789,88.0,85.73999786376953,86.55999755859375,679300,0.0,0.0
2022-11-25 00:00:00-05:00,86.97000122070312,87.29000091552734,86.08000183105469,86.4000015258789,224100,0.0,0.0
2022-11-28 00:00:00-05:00,85.62000274658203,85.97000122070312,83.87999725341797,84.18000030517578,441900,0.0,0.0
2022-11-29 00:00:00-05:00,84.18000030517578,86.08000183105469,83.37000274658203,86.0199966430664,487100,0.0,0.0
2022-11-30 00:00:00-05:00,86.0199966430664,89.8499984741211,85.66000366210938,89.05999755859375,1276000,0.0,0.0
2022-12-01 00:00:00-05:00,89.18000030517578,89.75,86.47000122070312,87.62000274658203,710700,0.0,0.0
2022-12-02 00:00:00-05:00,86.8499984741211,88.88999938964844,86.43000030517578,87.44000244140625,636600,0.0,0.0
2022-12-05 00:00:00-05:00,86.62000274658203,86.62000274658203,85.05999755859375,85.66000366210938,670200,0.0,0.0
2022-12-06 00:00:00-05:00,85.80000305175781,87.62000274658203,83.98999786376953,84.70999908447266,1064900,0.0,0.0
2022-12-07 00:00:00-05:00,84.70999908447266,87.12999725341797,81.73999786376953,81.94000244140625,1091000,0.0,0.0
2022-12-08 00:00:00-05:00,82.43000030517578,85.83999633789062,81.7300033569336,83.31999969482422,1083800,0.0,0.0
2022-12-09 00:00:00-05:00,82.83999633789062,83.76000213623047,82.19000244140625,82.25,502200,0.0,0.0
2022-12-12 00:00:00-05:00,82.73999786376953,83.56999969482422,81.93000030517578,82.94999694824219,557300,0.0,0.0
2022-12-13 00:00:00-05:00,84.51000213623047,85.0,83.12000274658203,84.25,528700,0.0,0.0
2022-12-14 00:00:00-05:00,84.70999908447266,85.75,83.88999938964844,85.2300033569336,468700,0.0,0.0
2022-12-15 00:00:00-05:00,84.47000122070312,85.31999969482422,84.01000213623047,84.86000061035156,602800,0.0,0.0
2022-12-16 00:00:00-05:00,84.19000244140625,85.23999786376953,83.08999633789062,84.69999694824219,1544200,0.0,0.0
2022-12-19 00:00:00-05:00,84.29000091552734,85.63999938964844,82.70999908447266,82.76000213623047,466400,0.0,0.0
2022-12-20 00:00:00-05:00,82.62999725341797,85.08999633789062,82.2699966430664,83.2300033569336,520600,0.0,0.0
2022-12-21 00:00:00-05:00,83.70999908447266,84.77999877929688,83.05000305175781,83.5199966430664,558800,0.0,0.0
2022-12-22 00:00:00-05:00,83.26000213623047,84.83000183105469,82.01000213623047,83.1500015258789,511900,0.0,0.0
2022-12-23 00:00:00-05:00,82.91999816894531,83.33999633789062,81.69000244140625,83.0,419100,0.0,0.0
2022-12-27 00:00:00-05:00,82.9000015258789,83.44000244140625,82.38999938964844,82.58000183105469,239800,0.0,0.0
2022-12-28 00:00:00-05:00,82.8499984741211,83.20999908447266,80.83000183105469,81.56999969482422,409900,0.0,0.0
2022-12-29 00:00:00-05:00,81.77999877929688,83.16999816894531,81.18000030517578,82.41999816894531,347200,0.0,0.0
2022-12-30 00:00:00-05:00,82.18000030517578,82.48999786376953,81.01000213623047,82.31999969482422,263800,0.0,0.0
2023-01-03 00:00:00-05:00,82.9800033569336,83.06999969482422,80.48999786376953,81.4800033569336,305500,0.0,0.0
2023-01-04 00:00:00-05:00,81.69999694824219,82.79000091552734,80.72000122070312,82.75,481800,0.0,0.0
2023-01-05 00:00:00-05:00,82.5,82.55000305175781,81.31999969482422,81.66999816894531,293600,0.0,0.0
2023-01-06 00:00:00-05:00,82.51000213623047,83.54000091552734,81.58000183105469,83.04000091552734,262600,0.0,0.0
2023-01-09 00:00:00-05:00,83.37000274658203,83.69000244140625,81.29000091552734,81.44999694824219,345200,0.0,0.0
2023-01-10 00:00:00-05:00,81.54000091552734,82.95999908447266,81.41999816894531,82.75,368300,0.0,0.0
2023-01-11 00:00:00-05:00,83.01000213623047,83.01000213623047,80.83000183105469,82.54000091552734,344900,0.0,0.0
2023-01-12 00:00:00-05:00,82.81999969482422,84.04000091552734,82.27999877929688,83.9800033569336,541800,0.0,0.0
2023-01-13 00:00:00-05:00,83.91999816894531,86.05000305175781,83.87999725341797,86.0,339900,0.0,0.0
2023-01-17 00:00:00-05:00,86.0999984741211,86.37000274658203,83.54000091552734,84.5199966430664,587600,0.0,0.0
2023-01-18 00:00:00-05:00,84.66999816894531,85.62999725341797,83.01000213623047,83.54000091552734,727900,0.0,0.0
2023-01-19 00:00:00-05:00,83.66000366210938,84.4000015258789,83.08000183105469,83.47000122070312,395200,0.0,0.0
2023-01-20 00:00:00-05:00,83.58999633789062,84.68000030517578,82.94000244140625,84.62000274658203,423300,0.0,0.0
2023-01-23 00:00:00-05:00,84.54000091552734,85.61000061035156,84.36000061035156,84.5199966430664,392300,0.0,0.0
2023-01-24 00:00:00-05:00,84.5,84.97000122070312,83.77999877929688,84.05999755859375,312900,0.0,0.0
2023-01-25 00:00:00-05:00,83.73999786376953,84.88999938964844,82.4800033569336,84.23999786376953,511800,0.0,0.0
2023-01-26 00:00:00-05:00,84.44999694824219,85.41000366210938,83.83999633789062,84.33999633789062,230000,0.0,0.0
2023-01-27 00:00:00-05:00,84.02999877929688,85.04000091552734,83.43000030517578,84.68000030517578,693800,0.0,0.0
2023-01-30 00:00:00-05:00,84.62000274658203,85.4000015258789,81.69999694824219,81.79000091552734,475900,0.0,0.0
2023-01-31 00:00:00-05:00,82.11000061035156,84.26000213623047,81.62000274658203,84.0199966430664,596700,0.0,0.0
2023-02-01 00:00:00-05:00,83.66999816894531,85.2699966430664,82.4800033569336,84.05999755859375,650000,0.0,0.0
2023-02-02 00:00:00-05:00,83.86000061035156,84.31999969482422,80.26000213623047,81.72000122070312,1179600,0.0,0.0
2023-02-03 00:00:00-05:00,81.76000213623047,82.47000122070312,80.25,80.95999908447266,760400,0.0,0.0
2023-02-06 00:00:00-05:00,80.81999969482422,81.05999755859375,79.16999816894531,80.26000213623047,686000,0.0,0.0
2023-02-07 00:00:00-05:00,79.87999725341797,81.33000183105469,78.43000030517578,81.11000061035156,600400,0.0,0.0
2023-02-08 00:00:00-05:00,81.4800033569336,82.77999877929688,80.44999694824219,81.12000274658203,603600,0.0,0.0
2023-02-09 00:00:00-05:00,81.47000122070312,82.83999633789062,80.16999816894531,80.26000213623047,355400,0.0,0.0
2023-02-10 00:00:00-05:00,80.26000213623047,81.94000244140625,80.02999877929688,81.30000305175781,495300,0.0,0.0
2023-02-13 00:00:00-05:00,81.41000366210938,81.52999877929688,80.73999786376953,81.0999984741211,332800,0.0,0.0
2023-02-14 00:00:00-05:00,80.87000274658203,81.52999877929688,80.33000183105469,80.88999938964844,363400,0.0,0.0
2023-02-15 00:00:00-05:00,80.56999969482422,81.41000366210938,79.87999725341797,81.19999694824219,398100,0.0,0.0
2023-02-16 00:00:00-05:00,80.97000122070312,82.56999969482422,79.41999816894531,81.73999786376953,331800,0.0,0.0
2023-02-17 00:00:00-05:00,81.48999786376953,82.7300033569336,81.29000091552734,82.05000305175781,315300,0.0,0.0
2023-02-21 00:00:00-05:00,81.80999755859375,82.16000366210938,80.4000015258789,80.87000274658203,384000,0.0,0.0
2023-02-22 00:00:00-05:00,81.12000274658203,81.94000244140625,80.4800033569336,80.66999816894531,384800,0.0,0.0
2023-02-23 00:00:00-05:00,80.83999633789062,81.29000091552734,79.86000061035156,80.48999786376953,369900,0.0,0.0
2023-02-24 00:00:00-05:00,80.0,80.75,79.4800033569336,80.25,394000,0.0,0.0
2023-02-27 00:00:00-05:00,80.01000213623047,81.08000183105469,79.0199966430664,80.48999786376953,720100,0.0,0.0
2023-02-28 00:00:00-05:00,77.73999786376953,77.73999786376953,71.58000183105469,72.51000213623047,3033100,0.0,0.0
2023-03-01 00:00:00-05:00,72.37999725341797,75.27999877929688,72.26000213623047,74.30999755859375,1305100,0.0,0.0
2023-03-02 00:00:00-05:00,74.01000213623047,74.19999694824219,72.27999877929688,72.75,755600,0.0,0.0
2023-03-03 00:00:00-05:00,72.95999908447266,75.04000091552734,72.66000366210938,74.43000030517578,820200,0.0,0.0
2023-03-06 00:00:00-05:00,73.44000244140625,74.1500015258789,72.69000244140625,73.33999633789062,974500,0.0,0.0
2023-03-07 00:00:00-05:00,73.31999969482422,73.33000183105469,70.66000366210938,71.95999908447266,1058900,0.0,0.0
2023-03-08 00:00:00-05:00,72.04000091552734,72.73999786376953,71.68000030517578,72.3499984741211,869200,0.0,0.0
2023-03-09 00:00:00-05:00,72.68000030517578,72.7300033569336,69.98999786376953,69.98999786376953,638900,0.0,0.0
2023-03-10 00:00:00-05:00,69.8499984741211,70.16000366210938,68.77999877929688,68.9800033569336,607900,0.0,0.0
2023-03-13 00:00:00-04:00,68.31999969482422,68.94999694824219,67.47000122070312,68.3499984741211,678800,0.0,0.0
2023-03-14 00:00:00-04:00,69.06999969482422,69.44000244140625,68.36000061035156,69.16000366210938,456900,0.0,0.0
2023-03-15 00:00:00-04:00,67.77999877929688,69.1500015258789,67.5,68.45999908447266,587600,0.0,0.0
2023-03-16 00:00:00-04:00,67.48999786376953,70.44999694824219,66.87000274658203,70.2300033569336,703300,0.0,0.0
2023-03-17 00:00:00-04:00,70.20999908447266,70.52999877929688,69.11000061035156,69.45999908447266,815800,0.0,0.0
2023-03-20 00:00:00-04:00,70.02999877929688,70.66000366210938,69.37000274658203,70.44999694824219,721000,0.0,0.0
2023-03-21 00:00:00-04:00,70.9800033569336,71.76000213623047,70.37000274658203,70.95999908447266,510900,0.0,0.0
2023-03-22 00:00:00-04:00,70.68000030517578,71.45999908447266,69.79000091552734,69.80000305175781,331300,0.0,0.0
2023-03-23 00:00:00-04:00,69.77999877929688,70.36000061035156,69.01000213623047,69.44000244140625,347600,0.0,0.0
2023-03-24 00:00:00-04:00,68.93000030517578,70.51000213623047,68.7300033569336,70.16000366210938,380900,0.0,0.0
2023-03-27 00:00:00-04:00,70.76000213623047,71.4800033569336,70.5,70.95999908447266,389300,0.0,0.0
2023-03-28 00:00:00-04:00,70.76000213623047,71.29000091552734,68.94999694824219,70.79000091552734,374100,0.0,0.0
2023-03-29 00:00:00-04:00,71.4000015258789,71.4000015258789,70.44000244140625,70.51000213623047,310100,0.0,0.0
2023-03-30 00:00:00-04:00,71.16999816894531,71.69000244140625,70.61000061035156,71.25,426700,0.0,0.0
2023-03-31 00:00:00-04:00,71.5999984741211,72.29000091552734,71.0,72.25,629800,0.0,0.0
2023-04-03 00:00:00-04:00,72.66999816894531,72.94999694824219,71.87999725341797,72.55000305175781,359900,0.0,0.0
2023-04-04 00:00:00-04:00,72.66000366210938,72.81999969482422,70.87999725341797,71.63999938964844,598900,0.0,0.0
2023-04-05 00:00:00-04:00,71.66000366210938,73.13999938964844,71.47000122070312,72.63999938964844,458300,0.0,0.0
2023-04-06 00:00:00-04:00,72.98999786376953,73.19000244140625,72.5,72.76000213623047,388400,0.0,0.0
2023-04-10 00:00:00-04:00,72.72000122070312,73.54000091552734,71.16999816894531,73.2699966430664,393100,0.0,0.0
2023-04-11 00:00:00-04:00,73.12000274658203,74.63999938964844,72.58999633789062,74.41000366210938,509100,0.0,0.0
2023-04-12 00:00:00-04:00,74.87000274658203,74.91000366210938,74.08000183105469,74.19999694824219,236600,0.0,0.0
2023-04-13 00:00:00-04:00,74.54000091552734,75.41000366210938,74.18000030517578,75.38999938964844,285800,0.0,0.0
2023-04-14 00:00:00-04:00,75.6500015258789,76.04000091552734,74.83999633789062,75.73999786376953,337000,0.0,0.0
2023-04-17 00:00:00-04:00,75.48999786376953,75.83000183105469,75.18000030517578,75.66999816894531,383600,0.0,0.0
2023-04-18 00:00:00-04:00,75.98999786376953,76.2699966430664,75.19999694824219,75.29000091552734,394300,0.0,0.0
2023-04-19 00:00:00-04:00,75.22000122070312,76.4800033569336,74.73999786376953,75.29000091552734,692400,0.0,0.0
2023-04-20 00:00:00-04:00,72.68000030517578,73.0199966430664,69.68000030517578,72.9800033569336,1238600,0.0,0.0
2023-04-21 00:00:00-04:00,74.0,74.68000030517578,73.66000366210938,73.70999908447266,416700,0.0,0.0
2023-04-24 00:00:00-04:00,73.69000244140625,74.55999755859375,73.69000244140625,73.87000274658203,446100,0.0,0.0
2023-04-25 00:00:00-04:00,73.87000274658203,74.77999877929688,73.5199966430664,73.77999877929688,462000,0.0,0.0
2023-04-26 00:00:00-04:00,74.0,74.8499984741211,72.70999908447266,74.11000061035156,1120200,0.0,0.0
2023-04-27 00:00:00-04:00,72.70999908447266,74.54000091552734,71.0999984741211,72.81999969482422,1384200,0.0,0.0
2023-04-28 00:00:00-04:00,72.97000122070312,73.04000091552734,71.11000061035156,72.29000091552734,1518600,0.0,0.0
2023-05-01 00:00:00-04:00,72.4000015258789,72.72000122070312,70.41000366210938,70.51000213623047,813300,0.0,0.0
2023-05-02 00:00:00-04:00,70.12000274658203,70.58000183105469,67.06999969482422,67.20999908447266,869700,0.0,0.0
2023-05-03 00:00:00-04:00,67.0999984741211,68.81999969482422,67.0999984741211,67.94999694824219,638300,0.0,0.0
2023-05-04 00:00:00-04:00,67.70999908447266,68.77999877929688,67.18000030517578,68.29000091552734,648900,0.0,0.0
2023-05-05 00:00:00-04:00,68.95999908447266,70.33000183105469,68.83000183105469,69.18000030517578,457400,0.0,0.0
2023-05-08 00:00:00-04:00,68.88999938964844,69.47000122070312,68.33999633789062,68.9000015258789,322700,0.0,0.0
2023-05-09 00:00:00-04:00,68.81999969482422,68.91999816894531,67.38999938964844,68.68000030517578,461700,0.0,0.0
2023-05-10 00:00:00-04:00,69.41999816894531,70.41000366210938,69.06999969482422,69.83000183105469,598400,0.0,0.0
2023-05-11 00:00:00-04:00,69.63999938964844,71.55999755859375,69.58000183105469,71.4000015258789,930700,0.0,0.0
2023-05-12 00:00:00-04:00,71.62999725341797,72.30000305175781,70.98999786376953,71.23999786376953,480000,0.0,0.0
2023-05-15 00:00:00-04:00,71.19999694824219,71.87000274658203,70.54000091552734,71.80000305175781,500000,0.0,0.0
2023-05-16 00:00:00-04:00,71.79000091552734,71.9000015258789,70.69999694824219,70.77999877929688,545600,0.0,0.0
2023-05-17 00:00:00-04:00,70.93000030517578,71.8499984741211,70.47000122070312,71.77999877929688,481300,0.0,0.0
2023-05-18 00:00:00-04:00,71.83999633789062,72.30000305175781,71.37999725341797,71.94999694824219,429000,0.0,0.0
2023-05-19 00:00:00-04:00,72.5,73.4000015258789,72.27999877929688,72.54000091552734,485000,0.0,0.0
2023-05-22 00:00:00-04:00,72.69000244140625,73.11000061035156,71.9000015258789,72.58000183105469,318300,0.0,0.0
2023-05-23 00:00:00-04:00,72.36000061035156,72.36000061035156,68.75,69.02999877929688,1116800,0.0,0.0
2023-05-24 00:00:00-04:00,68.80999755859375,70.41999816894531,68.08000183105469,70.30000305175781,828800,0.0,0.0
2023-05-25 00:00:00-04:00,70.0199966430664,70.16000366210938,67.81999969482422,67.86000061035156,458000,0.0,0.0
2023-05-26 00:00:00-04:00,67.88999938964844,69.68000030517578,67.72000122070312,69.37000274658203,462500,0.0,0.0
2023-05-30 00:00:00-04:00,69.30000305175781,70.61000061035156,68.45999908447266,68.94000244140625,628100,0.0,0.0
2023-05-31 00:00:00-04:00,68.94000244140625,71.05999755859375,68.22000122070312,70.62999725341797,807100,0.0,0.0
2023-06-01 00:00:00-04:00,70.5,70.9800033569336,69.73999786376953,70.87000274658203,421300,0.0,0.0
2023-06-02 00:00:00-04:00,70.7300033569336,71.54000091552734,69.36000061035156,69.48999786376953,827600,0.0,0.0
2023-06-05 00:00:00-04:00,69.16000366210938,69.8499984741211,68.55999755859375,68.87000274658203,684900,0.0,0.0
2023-06-06 00:00:00-04:00,68.87999725341797,69.22000122070312,67.19999694824219,68.05999755859375,544400,0.0,0.0
2023-06-07 00:00:00-04:00,68.45999908447266,69.80000305175781,67.87999725341797,68.63999938964844,531700,0.0,0.0
2023-06-08 00:00:00-04:00,68.51000213623047,69.30999755859375,68.16000366210938,68.94999694824219,287400,0.0,0.0
2023-06-09 00:00:00-04:00,68.88999938964844,69.25,68.16000366210938,68.30000305175781,328500,0.0,0.0
2023-06-12 00:00:00-04:00,68.30999755859375,70.05999755859375,68.01000213623047,69.98999786376953,722200,0.0,0.0
2023-06-13 00:00:00-04:00,70.19000244140625,70.86000061035156,69.79000091552734,69.91000366210938,650900,0.0,0.0
2023-06-14 00:00:00-04:00,70.51000213623047,73.52999877929688,70.51000213623047,73.05999755859375,1418200,0.0,0.0
2023-06-15 00:00:00-04:00,73.01000213623047,73.81999969482422,72.33000183105469,73.4800033569336,742700,0.0,0.0
2023-06-16 00:00:00-04:00,73.5999984741211,74.0999984741211,72.30999755859375,73.1500015258789,1266300,0.0,0.0
2023-06-20 00:00:00-04:00,73.12999725341797,73.86000061035156,72.44000244140625,72.91999816894531,511200,0.0,0.0
2023-06-21 00:00:00-04:00,72.94000244140625,75.19999694824219,72.91999816894531,74.77999877929688,838700,0.0,0.0
2023-06-22 00:00:00-04:00,74.69000244140625,77.08999633789062,74.31999969482422,76.88999938964844,896800,0.0,0.0
2023-06-23 00:00:00-04:00,76.55999755859375,77.76000213623047,75.66999816894531,75.7300033569336,842100,0.0,0.0
2023-06-26 00:00:00-04:00,75.6500015258789,77.0,75.4800033569336,76.5199966430664,551200,0.0,0.0
2023-06-27 00:00:00-04:00,76.18000030517578,79.75,75.69999694824219,79.04000091552734,1106100,0.0,0.0
2023-06-28 00:00:00-04:00,79.0199966430664,79.62999725341797,78.27999877929688,79.31999969482422,446900,0.0,0.0
2023-06-29 00:00:00-04:00,79.43000030517578,80.12999725341797,79.29000091552734,79.69999694824219,539200,0.0,0.0
2023-06-30 00:00:00-04:00,80.0,80.16999816894531,79.47000122070312,79.63999938964844,598200,0.0,0.0
2023-07-03 00:00:00-04:00,79.12000274658203,79.44999694824219,78.23999786376953,79.19000244140625,178500,0.0,0.0
2023-07-05 00:00:00-04:00,79.0,80.0,77.69000244140625,77.70999908447266,773000,0.0,0.0
2023-07-06 00:00:00-04:00,77.2699966430664,77.48999786376953,76.11000061035156,76.56999969482422,491200,0.0,0.0
2023-07-07 00:00:00-04:00,76.70999908447266,77.2699966430664,76.58000183105469,76.8499984741211,520200,0.0,0.0
2023-07-10 00:00:00-04:00,76.33999633789062,79.79000091552734,76.33999633789062,79.51000213623047,681600,0.0,0.0
2023-07-11 00:00:00-04:00,79.66000366210938,80.12999725341797,78.68000030517578,79.05000305175781,538900,0.0,0.0
2023-07-12 00:00:00-04:00,72.2300033569336,76.27999877929688,70.48999786376953,75.0,2565200,0.0,0.0
2023-07-13 00:00:00-04:00,75.27999877929688,75.37999725341797,71.97000122070312,72.20999908447266,1092400,0.0,0.0
2023-07-14 00:00:00-04:00,72.23999786376953,76.26000213623047,71.97000122070312,75.30000305175781,1260100,0.0,0.0
2023-07-17 00:00:00-04:00,75.38999938964844,75.80000305175781,72.77999877929688,73.08999633789062,811500,0.0,0.0
2023-07-18 00:00:00-04:00,73.12000274658203,74.55000305175781,73.08000183105469,74.33000183105469,719900,0.0,0.0
2023-07-19 00:00:00-04:00,74.69000244140625,75.61000061035156,73.55999755859375,74.94000244140625,529300,0.0,0.0
2023-07-20 00:00:00-04:00,75.54000091552734,75.63999938964844,73.86000061035156,74.9000015258789,380300,0.0,0.0
2023-07-21 00:00:00-04:00,75.29000091552734,75.45999908447266,73.91999816894531,74.45999908447266,535600,0.0,0.0
2023-07-24 00:00:00-04:00,74.55999755859375,75.4800033569336,73.94000244140625,74.01000213623047,408700,0.0,0.0
2023-07-25 00:00:00-04:00,73.48999786376953,76.41999816894531,73.4000015258789,75.95999908447266,935200,0.0,0.0
2023-07-26 00:00:00-04:00,75.43000030517578,75.58000183105469,73.26000213623047,73.68000030517578,747200,0.0,0.0
2023-07-27 00:00:00-04:00,74.08999633789062,74.43000030517578,72.83000183105469,73.36000061035156,1037900,0.0,0.0
2023-07-28 00:00:00-04:00,77.87999725341797,80.19999694824219,76.0,79.41999816894531,1203100,0.0,0.0
2023-07-31 00:00:00-04:00,79.54000091552734,81.33000183105469,78.2300033569336,79.02999877929688,758300,0.0,0.0
2023-08-01 00:00:00-04:00,78.8499984741211,79.9800033569336,78.22000122070312,78.4800033569336,504500,0.0,0.0
2023-08-02 00:00:00-04:00,78.0,79.33000183105469,78.0,78.77999877929688,485300,0.0,0.0
2023-08-03 00:00:00-04:00,78.77999877929688,79.3499984741211,76.7699966430664,77.11000061035156,490400,0.0,0.0
2023-08-04 00:00:00-04:00,77.12000274658203,77.5999984741211,76.01000213623047,76.66999816894531,532300,0.0,0.0
2023-08-07 00:00:00-04:00,76.80000305175781,77.44999694824219,76.06999969482422,77.08999633789062,307200,0.0,0.0
2023-08-08 00:00:00-04:00,76.86000061035156,76.86000061035156,75.73999786376953,76.33999633789062,285700,0.0,0.0
2023-08-09 00:00:00-04:00,76.12000274658203,76.5999984741211,75.58000183105469,75.7300033569336,264600,0.0,0.0
2023-08-10 00:00:00-04:00,76.12000274658203,76.70999908447266,75.73999786376953,76.58000183105469,232400,0.0,0.0
2023-08-11 00:00:00-04:00,76.20999908447266,77.13999938964844,76.20999908447266,76.97000122070312,298200,0.0,0.0
2023-08-14 00:00:00-04:00,76.30000305175781,77.7300033569336,76.27999877929688,77.2699966430664,282000,0.0,0.0
2023-08-15 00:00:00-04:00,76.9000015258789,77.2699966430664,76.4000015258789,76.9800033569336,202100,0.0,0.0
2023-08-16 00:00:00-04:00,77.06999969482422,77.38999938964844,76.37999725341797,76.55000305175781,234100,0.0,0.0
2023-08-17 00:00:00-04:00,76.19999694824219,76.19999694824219,74.97000122070312,75.0,372700,0.0,0.0
2023-08-18 00:00:00-04:00,74.5,75.41999816894531,74.5,75.05000305175781,363600,0.0,0.0
2023-08-21 00:00:00-04:00,75.12999725341797,76.18000030517578,74.8499984741211,75.6500015258789,465200,0.0,0.0
2023-08-22 00:00:00-04:00,75.62000274658203,76.2300033569336,75.05999755859375,75.33000183105469,289500,0.0,0.0
2023-08-23 00:00:00-04:00,75.43000030517578,76.48999786376953,75.11000061035156,75.56999969482422,160600,0.0,0.0
2023-08-24 00:00:00-04:00,75.30999755859375,75.93000030517578,74.54000091552734,74.54000091552734,167700,0.0,0.0
2023-08-25 00:00:00-04:00,74.91999816894531,76.61000061035156,74.29000091552734,75.83999633789062,405500,0.0,0.0
2023-08-28 00:00:00-04:00,75.95999908447266,76.30999755859375,75.4000015258789,75.98999786376953,245100,0.0,0.0
2023-08-29 00:00:00-04:00,76.16000366210938,77.56999969482422,75.93000030517578,77.4000015258789,288900,0.0,0.0
2023-08-30 00:00:00-04:00,77.61000061035156,78.08000183105469,77.20999908447266,77.44000244140625,230100,0.0,0.0
2023-08-31 00:00:00-04:00,77.73999786376953,78.08000183105469,77.08000183105469,77.0999984741211,435100,0.0,0.0
2023-09-01 00:00:00-04:00,77.30999755859375,77.87999725341797,76.91999816894531,77.5,234000,0.0,0.0
2023-09-05 00:00:00-04:00,77.20999908447266,77.22000122070312,74.0,74.62000274658203,571000,0.0,0.0
2023-09-06 00:00:00-04:00,74.5,74.91000366210938,73.94000244140625,74.33000183105469,311100,0.0,0.0
2023-09-07 00:00:00-04:00,73.94999694824219,74.55999755859375,73.5,73.6500015258789,335200,0.0,0.0
2023-09-08 00:00:00-04:00,73.66999816894531,73.87999725341797,72.25,72.55000305175781,776400,0.0,0.0
2023-09-11 00:00:00-04:00,72.55000305175781,72.94000244140625,72.08999633789062,72.62999725341797,363100,0.0,0.0
2023-09-12 00:00:00-04:00,72.62999725341797,72.8499984741211,71.06999969482422,71.37000274658203,359000,0.0,0.0
2023-09-13 00:00:00-04:00,71.37000274658203,74.16000366210938,70.80000305175781,71.23999786376953,433400,0.0,0.0
2023-09-14 00:00:00-04:00,71.55999755859375,72.08999633789062,71.08999633789062,71.3499984741211,355200,0.0,0.0
2023-09-15 00:00:00-04:00,71.19999694824219,71.19999694824219,69.05000305175781,70.08999633789062,1461900,0.0,0.0
2023-09-18 00:00:00-04:00,70.62000274658203,71.05999755859375,69.87999725341797,69.9800033569336,496700,0.0,0.0
2023-09-19 00:00:00-04:00,69.87999725341797,70.51000213623047,69.27999877929688,69.80999755859375,215400,0.0,0.0
2023-09-20 00:00:00-04:00,70.04000091552734,71.16000366210938,70.04000091552734,70.94000244140625,324600,0.0,0.0
2023-09-21 00:00:00-04:00,70.33000183105469,70.86000061035156,70.05999755859375,70.4800033569336,396800,0.0,0.0
2023-09-22 00:00:00-04:00,70.51000213623047,70.87999725341797,70.11000061035156,70.1500015258789,334600,0.0,0.0
2023-09-25 00:00:00-04:00,69.95999908447266,71.0199966430664,69.95999908447266,70.73999786376953,246100,0.0,0.0
2023-09-26 00:00:00-04:00,70.5,70.72000122070312,68.05999755859375,68.33999633789062,511900,0.0,0.0
2023-09-27 00:00:00-04:00,68.33999633789062,69.0999984741211,67.62999725341797,68.69000244140625,322100,0.0,0.0
2023-09-28 00:00:00-04:00,68.9000015258789,70.4800033569336,68.69999694824219,70.3499984741211,319400,0.0,0.0
2023-09-29 00:00:00-04:00,70.83999633789062,71.31999969482422,69.9000015258789,70.30999755859375,570400,0.0,0.0
2023-10-02 00:00:00-04:00,69.48999786376953,70.33000183105469,69.33999633789062,69.58000183105469,385300,0.0,0.0
2023-10-03 00:00:00-04:00,69.58000183105469,69.58000183105469,67.19000244140625,67.56999969482422,370500,0.0,0.0
2023-10-04 00:00:00-04:00,67.79000091552734,69.0,67.72000122070312,68.58000183105469,490400,0.0,0.0
2023-10-05 00:00:00-04:00,68.38999938964844,68.70999908447266,67.41999816894531,67.76000213623047,402100,0.0,0.0
2023-10-06 00:00:00-04:00,67.5,69.77999877929688,66.48999786376953,69.29000091552734,579900,0.0,0.0
2023-10-09 00:00:00-04:00,69.19999694824219,71.31999969482422,68.70999908447266,71.16999816894531,371600,0.0,0.0
2023-10-10 00:00:00-04:00,71.30000305175781,72.6500015258789,70.9000015258789,72.08000183105469,452000,0.0,0.0
2023-10-11 00:00:00-04:00,72.0199966430664,72.25,71.16000366210938,72.12999725341797,441300,0.0,0.0
2023-10-12 00:00:00-04:00,72.58000183105469,79.05000305175781,72.47000122070312,75.0,2046400,0.0,0.0
2023-10-13 00:00:00-04:00,75.26000213623047,76.81999969482422,75.12999725341797,76.33000183105469,602600,0.0,0.0
2023-10-16 00:00:00-04:00,76.63999938964844,78.54000091552734,76.63999938964844,77.9800033569336,559400,0.0,0.0
2023-10-17 00:00:00-04:00,78.41000366210938,79.86000061035156,78.20999908447266,78.76000213623047,645200,0.0,0.0
2023-10-18 00:00:00-04:00,78.62000274658203,79.12000274658203,77.3499984741211,77.48999786376953,455900,0.0,0.0
2023-10-19 00:00:00-04:00,77.22000122070312,77.88999938964844,76.56999969482422,76.66999816894531,516300,0.0,0.0
2023-10-20 00:00:00-04:00,76.66000366210938,77.13999938964844,74.83999633789062,75.05999755859375,701400,0.0,0.0
2023-10-23 00:00:00-04:00,74.86000061035156,76.0,74.2300033569336,75.08999633789062,394600,0.0,0.0
2023-10-24 00:00:00-04:00,74.5199966430664,76.22000122070312,73.91000366210938,75.0199966430664,452100,0.0,0.0
2023-10-25 00:00:00-04:00,74.44000244140625,75.72000122070312,74.20999908447266,74.87999725341797,536400,0.0,0.0
2023-10-26 00:00:00-04:00,74.44000244140625,74.98999786376953,71.66000366210938,71.66000366210938,817200,0.0,0.0
2023-10-27 00:00:00-04:00,72.16000366210938,72.41999816894531,70.19999694824219,72.02999877929688,700400,0.0,0.0
2023-10-30 00:00:00-04:00,72.87999725341797,73.12999725341797,71.61000061035156,72.80999755859375,536500,0.0,0.0
2023-10-31 00:00:00-04:00,73.08999633789062,74.77999877929688,72.20999908447266,73.51000213623047,824800,0.0,0.0
2023-11-01 00:00:00-04:00,73.22000122070312,74.23999786376953,72.37999725341797,73.47000122070312,555100,0.0,0.0
2023-11-02 00:00:00-04:00,73.58999633789062,75.48999786376953,72.58000183105469,73.23999786376953,1061500,0.0,0.0
2023-11-03 00:00:00-04:00,75.13999938964844,77.26000213623047,69.80999755859375,72.23999786376953,1450900,0.0,0.0
2023-11-06 00:00:00-05:00,72.01000213623047,74.04000091552734,71.87000274658203,73.51000213623047,755000,0.0,0.0
2023-11-07 00:00:00-05:00,73.43000030517578,74.5,72.97000122070312,74.29000091552734,514600,0.0,0.0
2023-11-08 00:00:00-05:00,74.44000244140625,74.5,73.44000244140625,73.69999694824219,622100,0.0,0.0
2023-11-09 00:00:00-05:00,73.94999694824219,74.02999877929688,72.1500015258789,72.2300033569336,274100,0.0,0.0
2023-11-10 00:00:00-05:00,72.22000122070312,73.70999908447266,71.7300033569336,73.11000061035156,491700,0.0,0.0
2023-11-13 00:00:00-05:00,73.2699966430664,73.33000183105469,72.12999725341797,72.83999633789062,407500,0.0,0.0
2023-11-14 00:00:00-05:00,73.30999755859375,74.29000091552734,73.2699966430664,73.55000305175781,429900,0.0,0.0
2023-11-15 00:00:00-05:00,73.5,75.43000030517578,73.47000122070312,74.91999816894531,828300,0.0,0.0
2023-11-16 00:00:00-05:00,74.98999786376953,75.4800033569336,73.55000305175781,73.94999694824219,396300,0.0,0.0
2023-11-17 00:00:00-05:00,73.97000122070312,74.83999633789062,72.47000122070312,72.70999908447266,582300,0.0,0.0
2023-11-20 00:00:00-05:00,72.29000091552734,73.36000061035156,72.26000213623047,72.62000274658203,368000,0.0,0.0
2023-11-21 00:00:00-05:00,72.37999725341797,73.6500015258789,72.37999725341797,72.5999984741211,397500,0.0,0.0
2023-11-22 00:00:00-05:00,73.16999816894531,73.4000015258789,72.4800033569336,72.9800033569336,272000,0.0,0.0
2023-11-24 00:00:00-05:00,72.7699966430664,73.75,72.5999984741211,73.56999969482422,130600,0.0,0.0
2023-11-27 00:00:00-05:00,73.3499984741211,73.5999984741211,72.27999877929688,72.48999786376953,357600,0.0,0.0
2023-11-28 00:00:00-05:00,72.61000061035156,72.61000061035156,71.29000091552734,72.0,368500,0.0,0.0
2023-11-29 00:00:00-05:00,72.13999938964844,72.87999725341797,71.61000061035156,71.91999816894531,436800,0.0,0.0
2023-11-30 00:00:00-05:00,71.94000244140625,73.22000122070312,71.16999816894531,72.98999786376953,409100,0.0,0.0
2023-12-01 00:00:00-05:00,72.72000122070312,74.58999633789062,72.25,73.86000061035156,311100,0.0,0.0
2023-12-04 00:00:00-05:00,73.86000061035156,75.0999984741211,73.86000061035156,74.75,345600,0.0,0.0
2023-12-05 00:00:00-05:00,74.61000061035156,74.97000122070312,73.5999984741211,74.20999908447266,364900,0.0,0.0
2023-12-06 00:00:00-05:00,74.22000122070312,74.52999877929688,70.69999694824219,71.1500015258789,520900,0.0,0.0
2023-12-07 00:00:00-05:00,70.62000274658203,72.13999938964844,70.1500015258789,71.9800033569336,641700,0.0,0.0
2023-12-08 00:00:00-05:00,71.9800033569336,73.31999969482422,71.37000274658203,73.26000213623047,874000,0.0,0.0
2023-12-11 00:00:00-05:00,73.79000091552734,74.9800033569336,71.5199966430664,74.95999908447266,657300,0.0,0.0
2023-12-12 00:00:00-05:00,74.6500015258789,77.23999786376953,74.6500015258789,75.91000366210938,657700,0.0,0.0
2023-12-13 00:00:00-05:00,75.69000244140625,78.9800033569336,75.69000244140625,78.95999908447266,621500,0.0,0.0
2023-12-14 00:00:00-05:00,79.0,79.66999816894531,76.87000274658203,77.58000183105469,767600,0.0,0.0
2023-12-15 00:00:00-05:00,77.62000274658203,78.70999908447266,75.37999725341797,75.43000030517578,1214800,0.0,0.0
2023-12-18 00:00:00-05:00,75.9800033569336,75.9800033569336,74.91999816894531,75.7300033569336,410900,0.0,0.0
2023-12-19 00:00:00-05:00,75.80000305175781,77.25,75.80000305175781,76.5199966430664,319000,0.0,0.0
2023-12-20 00:00:00-05:00,76.77999877929688,77.94000244140625,75.58000183105469,75.66000366210938,440900,0.0,0.0
2023-12-21 00:00:00-05:00,76.27999877929688,77.05999755859375,75.93000030517578,76.69000244140625,321100,0.0,0.0
2023-12-22 00:00:00-05:00,76.94999694824219,77.87999725341797,76.80999755859375,77.86000061035156,329000,0.0,0.0
2023-12-26 00:00:00-05:00,78.0199966430664,79.0199966430664,77.38999938964844,78.79000091552734,269600,0.0,0.0
2023-12-27 00:00:00-05:00,78.93000030517578,79.0999984741211,77.69000244140625,78.68000030517578,249500,0.0,0.0
2023-12-28 00:00:00-05:00,78.47000122070312,79.18000030517578,77.9800033569336,78.25,223700,0.0,0.0
2023-12-29 00:00:00-05:00,78.12999725341797,78.52999877929688,77.08999633789062,77.76000213623047,354700,0.0,0.0
2024-01-02 00:00:00-05:00,76.97000122070312,78.94000244140625,76.95999908447266,78.26000213623047,452100,0.0,0.0
2024-01-03 00:00:00-05:00,77.61000061035156,77.63999938964844,76.43000030517578,76.68000030517578,386300,0.0,0.0
2024-01-04 00:00:00-05:00,76.62999725341797,78.47000122070312,75.94000244140625,78.31999969482422,846600,0.0,0.0
2024-01-05 00:00:00-05:00,79.11000061035156,82.0999984741211,78.5999984741211,79.25,748300,0.0,0.0
2024-01-08 00:00:00-05:00,78.62000274658203,80.0,78.62000274658203,79.94999694824219,399200,0.0,0.0
2024-01-09 00:00:00-05:00,79.06999969482422,80.77999877929688,79.06999969482422,80.19000244140625,318600,0.0,0.0
2024-01-10 00:00:00-05:00,80.16999816894531,84.27999877929688,79.61000061035156,83.76000213623047,746200,0.0,0.0
2024-01-11 00:00:00-05:00,84.04000091552734,84.91999816894531,82.98999786376953,84.69000244140625,621400,0.0,0.0
2024-01-12 00:00:00-05:00,84.98999786376953,86.0,84.19000244140625,85.86000061035156,878800,0.0,0.0
2024-01-16 00:00:00-05:00,85.6500015258789,85.70999908447266,83.9800033569336,84.81999969482422,563500,0.0,0.0
2024-01-17 00:00:00-05:00,84.47000122070312,84.73999786376953,82.9800033569336,83.52999877929688,424100,0.0,0.0
2024-01-18 00:00:00-05:00,83.58000183105469,85.12000274658203,83.2300033569336,85.05999755859375,369000,0.0,0.0
2024-01-19 00:00:00-05:00,85.08000183105469,85.94999694824219,84.29000091552734,85.91999816894531,296300,0.0,0.0
2024-01-22 00:00:00-05:00,86.38999938964844,87.38999938964844,84.83999633789062,85.36000061035156,387800,0.0,0.0
2024-01-23 00:00:00-05:00,85.43000030517578,85.5999984741211,83.97000122070312,84.16000366210938,321700,0.0,0.0
2024-01-24 00:00:00-05:00,84.3499984741211,85.05999755859375,82.62999725341797,82.63999938964844,381100,0.0,0.0
2024-01-25 00:00:00-05:00,82.76000213623047,83.94999694824219,82.5999984741211,83.88999938964844,245500,0.0,0.0
2024-01-26 00:00:00-05:00,84.27999877929688,84.98999786376953,84.16000366210938,84.18000030517578,265700,0.0,0.0
2024-01-29 00:00:00-05:00,83.83000183105469,85.19000244140625,83.79000091552734,84.93000030517578,254600,0.0,0.0
2024-01-30 00:00:00-05:00,85.12000274658203,85.98999786376953,84.0999984741211,84.33999633789062,596300,0.0,0.0
2024-01-31 00:00:00-05:00,84.61000061035156,85.08999633789062,81.36000061035156,82.13999938964844,1076100,0.0,0.0
2024-02-01 00:00:00-05:00,82.3499984741211,82.5999984741211,81.19000244140625,81.7699966430664,728100,0.0,0.0
2024-02-02 00:00:00-05:00,81.5199966430664,81.5199966430664,79.66000366210938,80.30000305175781,671600,0.0,0.0
2024-02-05 00:00:00-05:00,79.88999938964844,80.08000183105469,78.44000244140625,78.81999969482422,443300,0.0,0.0
2024-02-06 00:00:00-05:00,79.06999969482422,79.87000274658203,79.06999969482422,79.83000183105469,268000,0.0,0.0
2024-02-07 00:00:00-05:00,80.2699966430664,81.19000244140625,79.27999877929688,79.61000061035156,362900,0.0,0.0
2024-02-08 00:00:00-05:00,79.11000061035156,81.0199966430664,79.02999877929688,80.2300033569336,367400,0.0,0.0
2024-02-09 00:00:00-05:00,80.5199966430664,82.4000015258789,79.94999694824219,82.05999755859375,490100,0.0,0.0
2024-02-12 00:00:00-05:00,82.05999755859375,84.52999877929688,81.91999816894531,83.79000091552734,562500,0.0,0.0
2024-02-13 00:00:00-05:00,82.79000091552734,83.11000061035156,81.58999633789062,82.2300033569336,304700,0.0,0.0
2024-02-14 00:00:00-05:00,82.81999969482422,82.9000015258789,81.75,82.44999694824219,417600,0.0,0.0
2024-02-15 00:00:00-05:00,83.06999969482422,84.01000213623047,82.66999816894531,83.19999694824219,387300,0.0,0.0
2024-02-16 00:00:00-05:00,83.16000366210938,83.91000366210938,82.62999725341797,82.88999938964844,324000,0.0,0.0
2024-02-20 00:00:00-05:00,82.52999877929688,84.0,82.4800033569336,83.97000122070312,443300,0.0,0.0
2024-02-21 00:00:00-05:00,83.87999725341797,84.73999786376953,83.08999633789062,83.75,386000,0.0,0.0
2024-02-22 00:00:00-05:00,83.69000244140625,85.55999755859375,83.6500015258789,84.62999725341797,323100,0.0,0.0
2024-02-23 00:00:00-05:00,84.47000122070312,85.2300033569336,84.01000213623047,84.29000091552734,446200,0.0,0.0
2024-02-26 00:00:00-05:00,83.94999694824219,86.41000366210938,83.94999694824219,85.48999786376953,654000,0.0,0.0
2024-02-27 00:00:00-05:00,85.69000244140625,87.7699966430664,84.58999633789062,87.37999725341797,801800,0.0,0.0
2024-02-28 00:00:00-05:00,86.66999816894531,86.66999816894531,82.52999877929688,83.43000030517578,1043800,0.0,0.0
2024-02-29 00:00:00-05:00,83.20999908447266,84.93000030517578,83.0,83.44999694824219,781200,0.0,0.0
2024-03-01 00:00:00-05:00,83.77999877929688,84.87999725341797,82.81999969482422,83.98999786376953,365800,0.0,0.0
2024-03-04 00:00:00-05:00,84.0,86.55999755859375,83.62000274658203,85.62000274658203,447400,0.0,0.0
2024-03-05 00:00:00-05:00,85.33999633789062,85.88999938964844,84.22000122070312,84.7300033569336,300800,0.0,0.0
2024-03-06 00:00:00-05:00,84.48999786376953,85.5,84.48999786376953,84.72000122070312,277700,0.0,0.0
2024-03-07 00:00:00-05:00,85.08999633789062,85.95999908447266,83.47000122070312,83.66000366210938,477800,0.0,0.0
2024-03-08 00:00:00-05:00,83.73999786376953,84.44000244140625,81.66000366210938,81.80999755859375,619600,0.0,0.0
2024-03-11 00:00:00-04:00,81.81999969482422,81.81999969482422,80.37000274658203,80.52999877929688,692700,0.0,0.0
2024-03-12 00:00:00-04:00,80.54000091552734,80.87000274658203,79.37999725341797,80.30999755859375,1044200,0.0,0.0
2024-03-13 00:00:00-04:00,80.16000366210938,81.13999938964844,75.63999938964844,78.36000061035156,1549500,0.0,0.0
2024-03-14 00:00:00-04:00,77.87000274658203,78.91000366210938,76.56999969482422,78.87000274658203,788100,0.0,0.0
2024-03-15 00:00:00-04:00,78.31999969482422,79.08999633789062,77.19999694824219,77.79000091552734,1487300,0.0,0.0
2024-03-18 00:00:00-04:00,78.43000030517578,78.91999816894531,77.58999633789062,78.1500015258789,692600,0.0,0.0
2024-03-19 00:00:00-04:00,78.16999816894531,78.86000061035156,77.25,78.5,514200,0.0,0.0
2024-03-20 00:00:00-04:00,78.55000305175781,78.55000305175781,76.20999908447266,77.11000061035156,528800,0.0,0.0
2024-03-21 00:00:00-04:00,77.47000122070312,77.47000122070312,75.4000015258789,75.54000091552734,1027500,0.0,0.0
2024-03-22 00:00:00-04:00,75.22000122070312,76.5,75.0,76.48999786376953,582500,0.0,0.0
2024-03-25 00:00:00-04:00,76.5999984741211,76.97000122070312,76.0999984741211,76.25,425000,0.0,0.0
2024-03-26 00:00:00-04:00,76.58000183105469,76.94000244140625,76.05999755859375,76.80000305175781,617300,0.0,0.0
2024-03-27 00:00:00-04:00,77.44000244140625,78.37999725341797,77.0999984741211,78.33999633789062,490900,0.0,0.0
2024-03-28 00:00:00-04:00,78.58999633789062,80.02999877929688,78.38999938964844,79.22000122070312,777100,0.0,0.0
2024-04-01 00:00:00-04:00,79.37999725341797,79.44000244140625,75.1500015258789,76.06999969482422,936300,0.0,0.0
2024-04-02 00:00:00-04:00,75.72000122070312,76.06999969482422,74.87999725341797,75.73999786376953,849200,0.0,0.0
2024-04-03 00:00:00-04:00,75.80000305175781,76.29000091552734,75.18000030517578,75.81999969482422,420900,0.0,0.0
2024-04-04 00:00:00-04:00,76.23999786376953,76.43000030517578,74.69999694824219,75.0199966430664,597800,0.0,0.0
2024-04-05 00:00:00-04:00,75.08000183105469,76.22000122070312,74.12000274658203,75.97000122070312,418300,0.0,0.0
2024-04-08 00:00:00-04:00,75.66000366210938,76.20999908447266,75.12000274658203,75.43000030517578,322700,0.0,0.0
2024-04-09 00:00:00-04:00,75.69999694824219,76.75,75.52999877929688,76.38999938964844,374600,0.0,0.0
2024-04-10 00:00:00-04:00,75.31999969482422,76.02999877929688,75.30999755859375,75.80000305175781,326300,0.0,0.0
2024-04-11 00:00:00-04:00,75.98999786376953,76.7699966430664,74.87000274658203,74.9800033569336,453900,0.0,0.0
2024-04-12 00:00:00-04:00,74.76000213623047,74.95999908447266,73.12999725341797,73.18000030517578,559500,0.0,0.0
2024-04-15 00:00:00-04:00,73.73999786376953,73.98999786376953,71.75,73.11000061035156,831100,0.0,0.0
2024-04-16 00:00:00-04:00,73.45999908447266,73.91000366210938,70.80999755859375,70.9800033569336,654200,0.0,0.0
2024-04-17 00:00:00-04:00,71.20999908447266,71.66000366210938,70.08999633789062,70.25,441300,0.0,0.0
2024-04-18 00:00:00-04:00,70.13999938964844,70.76000213623047,69.45999908447266,70.27999877929688,612900,0.0,0.0
2024-04-19 00:00:00-04:00,70.7300033569336,70.7300033569336,69.73999786376953,70.16000366210938,399400,0.0,0.0
2024-04-22 00:00:00-04:00,70.19999694824219,70.83999633789062,69.91000366210938,70.26000213623047,581700,0.0,0.0
2024-04-23 00:00:00-04:00,70.4800033569336,71.31999969482422,69.94000244140625,70.73999786376953,539100,0.0,0.0
2024-04-24 00:00:00-04:00,70.45999908447266,71.36000061035156,70.13999938964844,71.19000244140625,454400,0.0,0.0
2024-04-25 00:00:00-04:00,71.98999786376953,73.7699966430664,71.38999938964844,73.37999725341797,1103900,0.0,0.0
2024-04-26 00:00:00-04:00,73.75,74.6500015258789,73.20999908447266,73.58999633789062,689400,0.0,0.0
2024-04-29 00:00:00-04:00,73.55999755859375,74.81999969482422,73.55999755859375,74.61000061035156,514200,0.0,0.0
2024-04-30 00:00:00-04:00,74.93000030517578,74.93000030517578,73.87999725341797,73.94000244140625,694300,0.0,0.0
2024-05-01 00:00:00-04:00,74.1500015258789,74.7300033569336,72.95999908447266,72.98999786376953,706900,0.0,0.0
2024-05-02 00:00:00-04:00,70.13999938964844,72.33999633789062,66.38999938964844,66.7300033569336,2802900,0.0,0.0
2024-05-03 00:00:00-04:00,67.0199966430664,67.23999786376953,64.73999786376953,66.12000274658203,1213600,0.0,0.0
2024-05-06 00:00:00-04:00,66.7699966430664,68.5199966430664,66.29000091552734,67.77999877929688,1555700,0.0,0.0
2024-05-07 00:00:00-04:00,67.87999725341797,69.27999877929688,67.37000274658203,67.43000030517578,1427400,0.0,0.0
2024-05-08 00:00:00-04:00,67.33999633789062,67.33999633789062,65.26000213623047,66.05999755859375,731800,0.0,0.0
2024-05-09 00:00:00-04:00,65.93000030517578,70.68000030517578,65.87999725341797,70.48999786376953,1811300,0.0,0.0
2024-05-10 00:00:00-04:00,70.18000030517578,72.44000244140625,69.58999633789062,71.80999755859375,1698000,0.0,0.0
2024-05-13 00:00:00-04:00,71.97000122070312,73.0199966430664,70.44000244140625,71.66000366210938,1207800,0.0,0.0
2024-05-14 00:00:00-04:00,72.43000030517578,73.69999694824219,70.12000274658203,71.31999969482422,820500,0.0,0.0
2024-05-15 00:00:00-04:00,71.45999908447266,71.94999694824219,68.55999755859375,68.79000091552734,1131200,0.0,0.0
2024-05-16 00:00:00-04:00,68.41999816894531,68.47000122070312,66.06999969482422,66.62999725341797,974900,0.0,0.0
2024-05-17 00:00:00-04:00,66.66000366210938,67.16000366210938,65.52999877929688,66.3499984741211,704500,0.0,0.0
2024-05-20 00:00:00-04:00,66.3499984741211,67.44000244140625,66.26000213623047,66.79000091552734,648900,0.0,0.0
2024-05-21 00:00:00-04:00,66.5,67.37999725341797,64.11000061035156,65.36000061035156,1406000,0.0,0.0
2024-05-22 00:00:00-04:00,65.27999877929688,67.4000015258789,65.05000305175781,66.2699966430664,1066900,0.0,0.0
2024-05-23 00:00:00-04:00,66.1500015258789,66.1500015258789,63.75,64.25,843800,0.0,0.0
2024-05-24 00:00:00-04:00,64.3499984741211,64.80999755859375,63.099998474121094,63.58000183105469,649700,0.0,0.0
2024-05-28 00:00:00-04:00,63.59000015258789,63.59000015258789,62.66999816894531,62.869998931884766,492200,0.0,0.0
2024-05-29 00:00:00-04:00,62.18000030517578,66.12999725341797,62.040000915527344,65.06999969482422,2204600,0.0,0.0
2024-05-30 00:00:00-04:00,65.20999908447266,68.37999725341797,65.20999908447266,67.33999633789062,1581700,0.0,0.0
2024-05-31 00:00:00-04:00,67.61000061035156,68.91999816894531,66.33000183105469,68.88999938964844,1553200,0.0,0.0
2024-06-03 00:00:00-04:00,69.12000274658203,69.87999725341797,68.30000305175781,68.51000213623047,784400,0.0,0.0
2024-06-04 00:00:00-04:00,68.41999816894531,70.33999633789062,67.91999816894531,70.0999984741211,1123200,0.0,0.0
2024-06-05 00:00:00-04:00,70.37000274658203,71.61000061035156,70.02999877929688,71.26000213623047,848200,0.0,0.0
2024-06-06 00:00:00-04:00,71.2300033569336,72.5,71.08000183105469,71.77999877929688,1132500,0.0,0.0
2024-06-07 00:00:00-04:00,71.47000122070312,71.47000122070312,69.2699966430664,69.41999816894531,714000,0.0,0.0
2024-06-10 00:00:00-04:00,68.83000183105469,69.87999725341797,68.22000122070312,69.58999633789062,578200,0.0,0.0
2024-06-11 00:00:00-04:00,69.4000015258789,69.4000015258789,68.05000305175781,68.51000213623047,503900,0.0,0.0
2024-06-12 00:00:00-04:00,68.80000305175781,69.72000122070312,67.75,67.80999755859375,490300,0.0,0.0
2024-06-13 00:00:00-04:00,67.55000305175781,67.55000305175781,66.22000122070312,66.33999633789062,795000,0.0,0.0
2024-06-14 00:00:00-04:00,66.0,66.05000305175781,64.66999816894531,65.4000015258789,909500,0.0,0.0
2024-06-17 00:00:00-04:00,65.11000061035156,65.86000061035156,64.87000274658203,65.80000305175781,785200,0.0,0.0
2024-06-18 00:00:00-04:00,66.01000213623047,69.01000213623047,65.73999786376953,68.29000091552734,956100,0.0,0.0
2024-06-20 00:00:00-04:00,68.29000091552734,69.55000305175781,67.45999908447266,67.5999984741211,968500,0.0,0.0
2024-06-21 00:00:00-04:00,67.87000274658203,69.41999816894531,67.36000061035156,68.62000274658203,1081100,0.0,0.0
2024-06-24 00:00:00-04:00,68.83000183105469,69.13999938964844,67.7300033569336,68.80000305175781,759700,0.0,0.0
2024-06-25 00:00:00-04:00,68.80000305175781,69.18000030517578,66.0,67.47000122070312,587400,0.0,0.0
2024-06-26 00:00:00-04:00,67.12000274658203,67.30999755859375,66.0,67.08000183105469,593900,0.0,0.0
2024-06-27 00:00:00-04:00,67.02999877929688,68.05999755859375,66.2300033569336,68.04000091552734,655500,0.0,0.0
2024-06-28 00:00:00-04:00,68.05999755859375,68.5,66.41000366210938,67.54000091552734,1071300,0.0,0.0
2024-07-01 00:00:00-04:00,67.52999877929688,68.41000366210938,66.94999694824219,67.01000213623047,674400,0.0,0.0
2024-07-02 00:00:00-04:00,66.98999786376953,67.0,65.2699966430664,66.12000274658203,663000,0.0,0.0
2024-07-03 00:00:00-04:00,66.63999938964844,67.06999969482422,65.72000122070312,66.73999786376953,344400,0.0,0.0
2024-07-05 00:00:00-04:00,66.69000244140625,67.0,65.47000122070312,65.93000030517578,361900,0.0,0.0
2024-07-08 00:00:00-04:00,65.97000122070312,66.62999725341797,64.98999786376953,65.63999938964844,664400,0.0,0.0
2024-07-09 00:00:00-04:00,65.56999969482422,65.93000030517578,64.66000366210938,65.43000030517578,668600,0.0,0.0
2024-07-10 00:00:00-04:00,65.44999694824219,66.11000061035156,64.11000061035156,64.16000366210938,1171500,0.0,0.0
2024-07-11 00:00:00-04:00,64.56999969482422,67.16000366210938,64.33000183105469,67.11000061035156,871300,0.0,0.0
2024-07-12 00:00:00-04:00,67.36000061035156,68.87000274658203,67.16000366210938,67.19000244140625,717400,0.0,0.0
2024-07-15 00:00:00-04:00,66.9800033569336,67.06999969482422,64.86000061035156,65.18000030517578,873800,0.0,0.0
2024-07-16 00:00:00-04:00,65.47000122070312,68.54000091552734,64.72000122070312,68.4800033569336,1194000,0.0,0.0
2024-07-17 00:00:00-04:00,68.45999908447266,69.83000183105469,67.13999938964844,67.2300033569336,1006100,0.0,0.0
2024-07-18 00:00:00-04:00,67.25,68.9000015258789,66.37999725341797,66.44000244140625,457000,0.0,0.0
2024-07-19 00:00:00-04:00,66.48999786376953,66.48999786376953,64.91000366210938,65.16000366210938,536600,0.0,0.0
2024-07-22 00:00:00-04:00,65.37999725341797,65.81999969482422,64.52999877929688,65.3499984741211,737000,0.0,0.0
2024-07-23 00:00:00-04:00,65.73999786376953,67.02999877929688,65.20999908447266,65.6500015258789,1004000,0.0,0.0
2024-07-24 00:00:00-04:00,65.80999755859375,67.1500015258789,65.02999877929688,66.27999877929688,2072200,0.0,0.0
2024-07-25 00:00:00-04:00,66.45999908447266,66.87000274658203,64.66000366210938,65.05999755859375,1429000,0.0,0.0
2024-07-26 00:00:00-04:00,65.66000366210938,67.11000061035156,65.43000030517578,66.58999633789062,1592300,0.0,0.0
2024-07-29 00:00:00-04:00,66.2699966430664,66.36000061035156,65.18000030517578,65.52999877929688,1566000,0.0,0.0
2024-07-30 00:00:00-04:00,65.52999877929688,67.81999969482422,65.19999694824219,67.37999725341797,1405700,0.0,0.0
2024-07-31 00:00:00-04:00,67.69000244140625,67.69000244140625,64.7300033569336,64.8499984741211,1394000,0.0,0.0
2024-08-01 00:00:00-04:00,69.26000213623047,75.80999755859375,68.05999755859375,74.08999633789062,3828500,0.0,0.0
2024-08-02 00:00:00-04:00,73.69000244140625,74.37999725341797,70.36000061035156,72.37000274658203,1685200,0.0,0.0
2024-08-05 00:00:00-04:00,71.93000030517578,71.93000030517578,68.91000366210938,71.0199966430664,1165600,0.0,0.0
2024-08-06 00:00:00-04:00,70.97000122070312,73.04000091552734,68.37000274658203,70.94000244140625,730200,0.0,0.0
2024-08-07 00:00:00-04:00,70.7300033569336,72.05999755859375,70.61000061035156,70.73999786376953,793000,0.0,0.0
2024-08-08 00:00:00-04:00,70.66999816894531,71.76000213623047,70.66999816894531,71.69999694824219,722600,0.0,0.0
2024-08-09 00:00:00-04:00,71.68000030517578,72.69999694824219,70.2699966430664,71.58000183105469,870000,0.0,0.0
2024-08-12 00:00:00-04:00,71.51000213623047,71.87000274658203,70.5199966430664,70.9800033569336,703200,0.0,0.0
2024-08-13 00:00:00-04:00,71.47000122070312,73.41000366210938,70.91000366210938,73.02999877929688,908400,0.0,0.0
2024-08-14 00:00:00-04:00,72.91000366210938,73.08000183105469,71.9800033569336,72.66999816894531,941900,0.0,0.0
2024-08-15 00:00:00-04:00,73.5,74.52999877929688,72.76000213623047,74.12999725341797,562900,0.0,0.0
2024-08-16 00:00:00-04:00,73.73999786376953,75.98999786376953,73.56999969482422,74.47000122070312,701700,0.0,0.0
2024-08-19 00:00:00-04:00,74.31999969482422,75.29000091552734,72.5199966430664,75.19000244140625,540400,0.0,0.0
2024-08-20 00:00:00-04:00,75.20999908447266,75.87000274658203,74.12999725341797,74.94999694824219,440900,0.0,0.0
2024-08-21 00:00:00-04:00,74.9800033569336,77.04000091552734,72.95999908447266,76.7300033569336,841300,0.0,0.0
2024-08-22 00:00:00-04:00,76.94999694824219,77.5,75.80000305175781,76.22000122070312,571100,0.0,0.0
2024-08-23 00:00:00-04:00,76.16999816894531,80.1500015258789,76.16999816894531,79.91000366210938,1195100,0.0,0.0
2024-08-26 00:00:00-04:00,79.76000213623047,80.6500015258789,77.80000305175781,78.3499984741211,651200,0.0,0.0
2024-08-27 00:00:00-04:00,78.12000274658203,78.63999938964844,76.87999725341797,78.13999938964844,550600,0.0,0.0
2024-08-28 00:00:00-04:00,78.12999725341797,79.12999725341797,77.68000030517578,79.05999755859375,552300,0.0,0.0
2024-08-29 00:00:00-04:00,79.37999725341797,81.70999908447266,78.0,80.8499984741211,1087600,0.0,0.0
2024-08-30 00:00:00-04:00,80.8499984741211,82.41000366210938,79.83000183105469,81.93000030517578,983100,0.0,0.0
2024-09-03 00:00:00-04:00,78.0999984741211,79.77999877929688,77.2699966430664,78.20999908447266,1847500,0.0,0.0
2024-09-04 00:00:00-04:00,78.33999633789062,79.51000213623047,78.18000030517578,79.16000366210938,955000,0.0,0.0
2024-09-05 00:00:00-04:00,79.0199966430664,79.47000122070312,77.69000244140625,78.13999938964844,718100,0.0,0.0
2024-09-06 00:00:00-04:00,78.29000091552734,78.95999908447266,76.29000091552734,76.45999908447266,606900,0.0,0.0
2024-09-09 00:00:00-04:00,76.45999908447266,77.33000183105469,75.91999816894531,76.31999969482422,1115600,0.0,0.0
2024-09-10 00:00:00-04:00,76.31999969482422,77.18000030517578,75.58000183105469,76.33000183105469,493800,0.0,0.0
2024-09-11 00:00:00-04:00,76.33000183105469,77.22000122070312,75.45999908447266,77.11000061035156,663300,0.0,0.0
2024-09-12 00:00:00-04:00,77.33000183105469,78.16999816894531,75.8499984741211,77.37000274658203,402400,0.0,0.0
2024-09-13 00:00:00-04:00,77.56999969482422,78.2699966430664,77.16999816894531,78.2300033569336,337800,0.0,0.0
2024-09-16 00:00:00-04:00,78.58999633789062,79.83000183105469,78.31999969482422,79.33999633789062,815500,0.0,0.0
2024-09-17 00:00:00-04:00,79.29000091552734,79.79000091552734,77.2300033569336,77.7699966430664,1125200,0.0,0.0
2024-09-18 00:00:00-04:00,77.83999633789062,78.66000366210938,76.94000244140625,77.94000244140625,669500,0.0,0.0
2024-09-19 00:00:00-04:00,78.3499984741211,78.3499984741211,77.05999755859375,77.44000244140625,514900,0.0,0.0
2024-09-20 00:00:00-04:00,77.19999694824219,77.62000274658203,76.30999755859375,76.4000015258789,984400,0.0,0.0
2024-09-23 00:00:00-04:00,77.11000061035156,77.11000061035156,75.80999755859375,76.18000030517578,568500,0.0,0.0
2024-09-24 00:00:00-04:00,76.18000030517578,76.9800033569336,75.77999877929688,76.61000061035156,292700,0.0,0.0
2024-09-25 00:00:00-04:00,76.87000274658203,77.48999786376953,75.37999725341797,75.69999694824219,647900,0.0,0.0
2024-09-26 00:00:00-04:00,76.11000061035156,76.66000366210938,74.76000213623047,75.66000366210938,1134600,0.0,0.0
2024-09-27 00:00:00-04:00,64.55999755859375,64.88999938964844,53.220001220703125,63.279998779296875,10489900,0.0,0.0
2024-09-30 00:00:00-04:00,63.2400016784668,63.43000030517578,57.68000030517578,63.40999984741211,3708600,0.0,0.0
2024-10-01 00:00:00-04:00,62.9900016784668,63.40999984741211,61.95000076293945,62.40999984741211,2429600,0.0,0.0
2024-10-02 00:00:00-04:00,62.220001220703125,62.34000015258789,58.75,58.79999923706055,1780100,0.0,0.0
2024-10-03 00:00:00-04:00,58.7400016784668,59.02000045776367,56.29999923706055,56.709999084472656,2749400,0.0,0.0
2024-10-04 00:00:00-04:00,56.70000076293945,56.970001220703125,55.06999969482422,55.79999923706055,2498400,0.0,0.0
2024-10-07 00:00:00-04:00,55.90999984741211,56.18000030517578,54.529998779296875,54.959999084472656,1891500,0.0,0.0
2024-10-08 00:00:00-04:00,55.0,56.09000015258789,54.72999954223633,55.2599983215332,1928900,0.0,0.0
2024-10-09 00:00:00-04:00,55.380001068115234,56.380001068115234,53.650001525878906,54.349998474121094,2018100,0.0,0.0
2024-10-10 00:00:00-04:00,54.849998474121094,55.540000915527344,53.86000061035156,55.470001220703125,1395500,0.0,0.0
2024-10-11 00:00:00-04:00,55.09000015258789,55.58000183105469,54.40999984741211,54.81999969482422,1040800,0.0,0.0
2024-10-14 00:00:00-04:00,54.880001068115234,56.95000076293945,54.5,56.93000030517578,916000,0.0,0.0
2024-10-15 00:00:00-04:00,56.84000015258789,58.939998626708984,56.52000045776367,56.959999084472656,1082700,0.0,0.0
2024-10-16 00:00:00-04:00,56.88999938964844,58.650001525878906,56.459999084472656,57.38999938964844,875400,0.0,0.0
2024-10-17 00:00:00-04:00,56.93000030517578,59.38999938964844,56.5099983215332,59.31999969482422,1116000,0.0,0.0
2024-10-18 00:00:00-04:00,59.08000183105469,60.52000045776367,51.06999969482422,52.029998779296875,6212300,0.0,0.0
2024-10-21 00:00:00-04:00,52.310001373291016,54.150001525878906,51.75,53.15999984741211,2263700,0.0,0.0
2024-10-22 00:00:00-04:00,53.060001373291016,53.08000183105469,51.540000915527344,51.65999984741211,1352500,0.0,0.0
2024-10-23 00:00:00-04:00,51.459999084472656,51.849998474121094,50.20000076293945,50.7599983215332,1543500,0.0,0.0
2024-10-24 00:00:00-04:00,50.7599983215332,51.619998931884766,50.36000061035156,51.220001220703125,1538800,0.0,0.0
2024-10-25 00:00:00-04:00,50.439998626708984,51.97999954223633,50.2599983215332,50.88999938964844,1270400,0.0,0.0
2024-10-28 00:00:00-04:00,51.15999984741211,52.18000030517578,50.939998626708984,51.4900016784668,1462200,0.0,0.0
2024-10-29 00:00:00-04:00,51.689998626708984,52.38999938964844,51.04999923706055,51.599998474121094,766700,0.0,0.0
2024-10-30 00:00:00-04:00,50.84000015258789,52.31999969482422,50.59000015258789,52.08000183105469,1233100,0.0,0.0
2024-10-31 00:00:00-04:00,45.5,45.75,42.459999084472656,42.689998626708984,5679600,0.0,0.0
2024-11-01 00:00:00-04:00,42.560001373291016,43.65999984741211,41.75,42.02000045776367,2707600,0.0,0.0
2024-11-04 00:00:00-05:00,41.81999969482422,42.36000061035156,41.41999816894531,42.33000183105469,2319700,0.0,0.0
2024-11-05 00:00:00-05:00,42.27000045776367,42.75,41.93000030517578,42.5099983215332,1393800,0.0,0.0
2024-11-06 00:00:00-05:00,43.61000061035156,44.5099983215332,42.439998626708984,42.4900016784668,1715700,0.0,0.0
2024-11-07 00:00:00-05:00,42.18000030517578,43.029998779296875,41.66999816894531,42.08000183105469,1159300,0.0,0.0
2024-11-08 00:00:00-05:00,42.150001525878906,42.459999084472656,40.790000915527344,40.81999969482422,982900,0.0,0.0
2024-11-11 00:00:00-05:00,40.90999984741211,41.900001525878906,40.869998931884766,41.439998626708984,1475800,0.0,0.0
2024-11-12 00:00:00-05:00,41.22999954223633,41.380001068115234,39.790000915527344,40.11000061035156,1432900,0.0,0.0
2024-11-13 00:00:00-05:00,40.040000915527344,40.540000915527344,39.63999938964844,39.83000183105469,1170900,0.0,0.0
2024-11-14 00:00:00-05:00,39.83000183105469,40.20000076293945,39.27000045776367,39.36000061035156,1148300,0.0,0.0
2024-11-15 00:00:00-05:00,39.2400016784668,39.2400016784668,37.779998779296875,37.81999969482422,1846000,0.0,0.0
2024-11-18 00:00:00-05:00,37.70000076293945,37.70000076293945,36.5,37.130001068115234,1250300,0.0,0.0
2024-11-19 00:00:00-05:00,36.9900016784668,37.47999954223633,36.599998474121094,37.09000015258789,1410700,0.0,0.0
2024-11-20 00:00:00-05:00,36.939998626708984,39.88999938964844,36.790000915527344,39.099998474121094,1959800,0.0,0.0
2024-11-21 00:00:00-05:00,38.779998779296875,38.95000076293945,37.900001525878906,38.59000015258789,1467300,0.0,0.0
2024-11-22 00:00:00-05:00,38.650001525878906,38.9900016784668,38.060001373291016,38.22999954223633,1132300,0.0,0.0
2024-11-25 00:00:00-05:00,38.349998474121094,40.040000915527344,38.349998474121094,39.9900016784668,1457700,0.0,0.0
2024-11-26 00:00:00-05:00,39.93000030517578,41.150001525878906,39.65999984741211,41.029998779296875,1632700,0.0,0.0
2024-11-27 00:00:00-05:00,41.04999923706055,41.619998931884766,40.95000076293945,41.279998779296875,3198400,0.0,0.0
2024-11-29 00:00:00-05:00,41.18000030517578,41.63999938964844,40.529998779296875,40.630001068115234,458000,0.0,0.0
2024-12-02 00:00:00-05:00,40.709999084472656,42.77000045776367,40.61000061035156,42.52000045776367,1349600,0.0,0.0
2024-12-03 00:00:00-05:00,42.72999954223633,42.72999954223633,41.63999938964844,42.25,1458900,0.0,0.0
2024-12-04 00:00:00-05:00,42.349998474121094,42.779998779296875,41.849998474121094,42.15999984741211,1399000,0.0,0.0
2024-12-05 00:00:00-05:00,41.93000030517578,42.20000076293945,41.20000076293945,41.5,1005000,0.0,0.0
2024-12-06 00:00:00-05:00,42.0,42.4900016784668,40.630001068115234,41.119998931884766,1389000,0.0,0.0
2024-12-09 00:00:00-05:00,40.93000030517578,42.16999816894531,40.68000030517578,40.79999923706055,1322700,0.0,0.0
2024-12-10 00:00:00-05:00,40.560001373291016,40.68000030517578,38.16999816894531,39.869998931884766,1692300,0.0,0.0
2024-12-11 00:00:00-05:00,39.779998779296875,40.31999969482422,38.97999954223633,39.84000015258789,1354900,0.0,0.0
2024-12-12 00:00:00-05:00,42.2400016784668,42.43000030517578,40.25,40.34000015258789,1832100,0.0,0.0
2024-12-13 00:00:00-05:00,40.34000015258789,40.939998626708984,39.45000076293945,40.65999984741211,1084700,0.0,0.0
2024-12-16 00:00:00-05:00,40.02000045776367,41.150001525878906,40.0,40.47999954223633,1078400,0.0,0.0
2024-12-17 00:00:00-05:00,40.25,40.5,39.29999923706055,39.63999938964844,1176000,0.0,0.0
2024-12-18 00:00:00-05:00,40.099998474121094,41.11000061035156,39.0099983215332,39.04999923706055,2716300,0.0,0.0
2024-12-19 00:00:00-05:00,39.189998626708984,39.380001068115234,38.220001220703125,38.59000015258789,1286600,0.0,0.0
2024-12-20 00:00:00-05:00,38.33000183105469,39.0,37.88999938964844,37.900001525878906,4560000,0.0,0.0
2024-12-23 00:00:00-05:00,37.9900016784668,38.099998474121094,36.79999923706055,37.5,2655600,0.0,0.0
2024-12-24 00:00:00-05:00,37.65999984741211,38.04999923706055,37.189998626708984,37.66999816894531,754800,0.0,0.0
2024-12-26 00:00:00-05:00,37.47999954223633,38.5099983215332,37.029998779296875,38.06999969482422,2427000,0.0,0.0
2024-12-27 00:00:00-05:00,37.790000915527344,38.4900016784668,37.290000915527344,37.959999084472656,1275300,0.0,0.0
2024-12-30 00:00:00-05:00,37.849998474121094,39.060001373291016,37.15999984741211,38.58000183105469,1707000,0.0,0.0
2024-12-31 00:00:00-05:00,38.81999969482422,39.66999816894531,38.16999816894531,39.650001525878906,2186700,0.0,0.0
2025-01-02 00:00:00-05:00,39.900001525878906,41.40999984741211,39.7599983215332,40.77000045776367,1075700,0.0,0.0
2025-01-03 00:00:00-05:00,41.150001525878906,44.47999954223633,40.83000183105469,44.31999969482422,2459200,0.0,0.0
2025-01-06 00:00:00-05:00,44.7400016784668,45.2599983215332,44.25,44.849998474121094,3484600,0.0,0.0
2025-01-07 00:00:00-05:00,46.0099983215332,46.84000015258789,44.79999923706055,45.130001068115234,2328100,0.0,0.0
2025-01-08 00:00:00-05:00,44.66999816894531,45.61000061035156,44.56999969482422,45.119998931884766,2543700,0.0,0.0
2025-01-10 00:00:00-05:00,45.040000915527344,45.63999938964844,44.880001068115234,44.91999816894531,1930700,0.0,0.0
2025-01-13 00:00:00-05:00,44.470001220703125,47.08000183105469,43.90999984741211,45.40999984741211,1963700,0.0,0.0
2025-01-14 00:00:00-05:00,45.33000183105469,45.619998931884766,42.97999954223633,44.369998931884766,2092400,0.0,0.0
2025-01-15 00:00:00-05:00,45.060001373291016,45.189998626708984,42.810001373291016,43.040000915527344,2979800,0.0,0.0
2025-01-16 00:00:00-05:00,43.02000045776367,43.47999954223633,41.77000045776367,41.95000076293945,1267400,0.0,0.0
2025-01-17 00:00:00-05:00,42.09000015258789,44.34000015258789,41.619998931884766,43.779998779296875,2489000,0.0,0.0
2025-01-21 00:00:00-05:00,43.75,44.459999084472656,43.540000915527344,44.369998931884766,1681700,0.0,0.0
2025-01-22 00:00:00-05:00,44.27000045776367,44.93000030517578,44.04999923706055,44.2599983215332,943000,0.0,0.0
2025-01-23 00:00:00-05:00,44.54999923706055,45.119998931884766,43.29999923706055,44.5,742800,0.0,0.0
2025-01-24 00:00:00-05:00,44.2400016784668,44.709999084472656,43.369998931884766,44.18000030517578,1204500,0.0,0.0
2025-01-27 00:00:00-05:00,44.43000030517578,45.43000030517578,43.939998626708984,44.68000030517578,879200,0.0,0.0
2025-01-28 00:00:00-05:00,44.540000915527344,45.040000915527344,43.33000183105469,43.540000915527344,916000,0.0,0.0
2025-01-29 00:00:00-05:00,43.470001220703125,44.04999923706055,43.220001220703125,43.7400016784668,839000,0.0,0.0
2025-01-30 00:00:00-05:00,44.0099983215332,45.61000061035156,43.779998779296875,45.099998474121094,671400,0.0,0.0
2025-01-31 00:00:00-05:00,45.11000061035156,45.40999984741211,44.75,45.11000061035156,978300,0.0,0.0
2025-02-03 00:00:00-05:00,44.150001525878906,44.900001525878906,43.9900016784668,44.79999923706055,751400,0.0,0.0
2025-02-04 00:00:00-05:00,44.2400016784668,45.189998626708984,44.02000045776367,45.060001373291016,802100,0.0,0.0
2025-02-05 00:00:00-05:00,45.13999938964844,45.470001220703125,44.66999816894531,45.0,1180300,0.0,0.0
2025-02-06 00:00:00-05:00,45.11000061035156,45.189998626708984,42.189998626708984,42.720001220703125,1949100,0.0,0.0
2025-02-07 00:00:00-05:00,42.970001220703125,43.59000015258789,41.939998626708984,41.959999084472656,1468600,0.0,0.0
2025-02-10 00:00:00-05:00,42.099998474121094,43.2599983215332,41.540000915527344,42.849998474121094,914000,0.0,0.0
2025-02-11 00:00:00-05:00,42.790000915527344,42.959999084472656,41.84000015258789,41.97999954223633,905500,0.0,0.0
2025-02-12 00:00:00-05:00,41.86000061035156,42.18000030517578,41.0,41.279998779296875,1051800,0.0,0.0
2025-02-13 00:00:00-05:00,41.56999969482422,42.0099983215332,41.0,41.75,640200,0.0,0.0
2025-02-14 00:00:00-05:00,41.86000061035156,42.0,40.880001068115234,41.060001373291016,779400,0.0,0.0
2025-02-18 00:00:00-05:00,41.11000061035156,42.06999969482422,41.0099983215332,41.09000015258789,771500,0.0,0.0
2025-02-19 00:00:00-05:00,40.970001220703125,41.61000061035156,40.66999816894531,40.88999938964844,834800,0.0,0.0
2025-02-20 00:00:00-05:00,40.900001525878906,41.63999938964844,40.58000183105469,40.66999816894531,734600,0.0,0.0
2025-02-21 00:00:00-05:00,40.59000015258789,40.88999938964844,39.56999969482422,39.650001525878906,1325700,0.0,0.0
2025-02-24 00:00:00-05:00,39.81999969482422,40.869998931884766,39.70000076293945,40.66999816894531,1329300,0.0,0.0
2025-02-25 00:00:00-05:00,40.59000015258789,42.40999984741211,40.59000015258789,42.349998474121094,1706600,0.0,0.0
2025-02-26 00:00:00-05:00,42.22999954223633,42.22999954223633,40.900001525878906,41.0,1509900,0.0,0.0
2025-02-27 00:00:00-05:00,41.220001220703125,42.849998474121094,40.16999816894531,40.2599983215332,2801100,0.0,0.0
2025-02-28 00:00:00-05:00,32.5,33.58000183105469,29.790000915527344,29.979999542236328,7806800,0.0,0.0
2025-03-03 00:00:00-05:00,30.459999084472656,30.549999237060547,29.190000534057617,29.260000228881836,5441700,0.0,0.0
2025-03-04 00:00:00-05:00,28.68000030517578,30.90999984741211,28.09000015258789,30.459999084472656,5909300,0.0,0.0
2025-03-05 00:00:00-05:00,30.440000534057617,30.950000762939453,28.190000534057617,29.68000030517578,2493800,0.0,0.0
2025-03-06 00:00:00-05:00,29.469999313354492,30.81999969482422,29.350000381469727,29.90999984741211,2809000,0.0,0.0
2025-03-07 00:00:00-05:00,29.979999542236328,31.209999084472656,29.440000534057617,30.56999969482422,3323200,0.0,0.0
2025-03-10 00:00:00-04:00,30.649999618530273,31.43000030517578,29.850000381469727,29.8700008392334,1844200,0.0,0.0
2025-03-11 00:00:00-04:00,29.940000534057617,30.020000457763672,28.670000076293945,29.1200008392334,1240300,0.0,0.0
2025-03-12 00:00:00-04:00,29.1200008392334,29.1200008392334,27.610000610351562,28.81999969482422,2601600,0.0,0.0
2025-03-13 00:00:00-04:00,28.8700008392334,29.3700008392334,27.850000381469727,28.170000076293945,2073400,0.0,0.0
2025-03-14 00:00:00-04:00,28.329999923706055,29.540000915527344,28.1200008392334,28.540000915527344,1655900,0.0,0.0
2025-03-17 00:00:00-04:00,28.549999237060547,29.739999771118164,28.549999237060547,29.43000030517578,1198500,0.0,0.0
2025-03-18 00:00:00-04:00,29.25,29.84000015258789,29.059999465942383,29.139999389648438,1285900,0.0,0.0
2025-03-19 00:00:00-04:00,29.0,29.530000686645508,28.790000915527344,29.260000228881836,1661400,0.0,0.0
2025-03-20 00:00:00-04:00,29.15999984741211,29.90999984741211,28.90999984741211,29.010000228881836,1605800,0.0,0.0
2025-03-21 00:00:00-04:00,28.829999923706055,29.040000915527344,28.31999969482422,28.690000534057617,1896000,0.0,0.0
2025-03-24 00:00:00-04:00,28.75,29.299999237060547,28.549999237060547,28.940000534057617,1528400,0.0,0.0
2025-03-25 00:00:00-04:00,29.059999465942383,29.770000457763672,28.489999771118164,28.809999465942383,1422900,0.0,0.0
2025-03-26 00:00:00-04:00,28.860000610351562,30.229999542236328,28.709999084472656,29.65999984741211,2275000,0.0,0.0
2025-03-27 00:00:00-04:00,29.670000076293945,30.229999542236328,29.309999465942383,30.1200008392334,1480500,0.0,0.0
2025-03-28 00:00:00-04:00,30.059999465942383,30.389999389648438,29.889999389648438,30.1200008392334,1521600,0.0,0.0
2025-03-31 00:00:00-04:00,29.90999984741211,31.040000915527344,29.700000762939453,30.31999969482422,2842500,0.0,0.0
2025-04-01 00:00:00-04:00,30.440000534057617,30.969999313354492,29.3700008392334,29.93000030517578,4128600,0.0,0.0
2025-04-02 00:00:00-04:00,29.649999618530273,30.139999389648438,29.18000030517578,29.209999084472656,2110500,0.0,0.0
2025-04-03 00:00:00-04:00,28.700000762939453,29.0,28.020000457763672,28.3799991607666,2235800,0.0,0.0
2025-04-04 00:00:00-04:00,27.649999618530273,27.770000457763672,26.719999313354492,27.3700008392334,1613400,0.0,0.0
2025-04-07 00:00:00-04:00,26.360000610351562,27.479999542236328,25.40999984741211,26.420000076293945,2556400,0.0,0.0
2025-04-08 00:00:00-04:00,27.15999984741211,28.049999237060547,26.790000915527344,27.1200008392334,2800200,0.0,0.0
2025-04-09 00:00:00-04:00,27.020000457763672,30.170000076293945,26.6200008392334,29.100000381469727,4327200,0.0,0.0
2025-04-10 00:00:00-04:00,28.93000030517578,28.93000030517578,26.399999618530273,27.079999923706055,3211800,0.0,0.0
2025-04-11 00:00:00-04:00,27.25,27.450000762939453,25.979999542236328,26.149999618530273,2200200,0.0,0.0
2025-04-14 00:00:00-04:00,26.68000030517578,26.760000228881836,25.81999969482422,26.389999389648438,2163400,0.0,0.0
2025-04-15 00:00:00-04:00,26.200000762939453,26.489999771118164,24.709999084472656,24.729999542236328,2929400,0.0,0.0
2025-04-16 00:00:00-04:00,24.709999084472656,25.200000762939453,23.790000915527344,23.84000015258789,4551900,0.0,0.0
2025-04-17 00:00:00-04:00,23.75,24.34000015258789,23.360000610351562,23.90999984741211,6314200,0.0,0.0
2025-04-21 00:00:00-04:00,23.75,23.950000762939453,20.360000610351562,21.489999771118164,4700000,0.0,0.0
2025-04-22 00:00:00-04:00,21.3700008392334,21.510000228881836,20.360000610351562,20.600000381469727,4817100,0.0,0.0
2025-04-23 00:00:00-04:00,21.110000610351562,22.06999969482422,21.06999969482422,21.200000762939453,4209300,0.0,0.0
2025-04-24 00:00:00-04:00,21.3799991607666,22.5,21.3799991607666,22.18000030517578,1942500,0.0,0.0
2025-04-25 00:00:00-04:00,22.18000030517578,22.540000915527344,21.709999084472656,22.149999618530273,1864300,0.0,0.0
2025-04-28 00:00:00-04:00,22.149999618530273,22.770000457763672,21.770000457763672,22.18000030517578,1367200,0.0,0.0
2025-04-29 00:00:00-04:00,22.09000015258789,22.639999389648438,21.299999237060547,22.350000381469727,2632700,0.0,0.0
2025-04-30 00:00:00-04:00,22.139999389648438,23.5,21.739999771118164,23.399999618530273,6501500,0.0,0.0
2025-05-01 00:00:00-04:00,23.3799991607666,23.420000076293945,22.600000381469727,22.780000686645508,2190500,0.0,0.0
2025-05-02 00:00:00-04:00,23.209999084472656,23.600000381469727,22.780000686645508,23.309999465942383,1937500,0.0,0.0
2025-05-05 00:00:00-04:00,23.34000015258789,23.530000686645508,22.719999313354492,22.809999465942383,1499500,0.0,0.0
2025-05-06 00:00:00-04:00,22.700000762939453,23.979999542236328,22.360000610351562,23.799999237060547,2500500,0.0,0.0
2025-05-07 00:00:00-04:00,23.940000534057617,24.299999237060547,23.489999771118164,24.15999984741211,2142400,0.0,0.0
2025-05-08 00:00:00-04:00,24.290000915527344,24.770000457763672,24.010000228881836,24.219999313354492,5157200,0.0,0.0
2025-05-09 00:00:00-04:00,24.389999389648438,24.649999618530273,23.829999923706055,23.84000015258789,1573800,0.0,0.0
2025-05-12 00:00:00-04:00,24.780000686645508,26.059999465942383,24.719999313354492,25.84000015258789,3437000,0.0,0.0
2025-05-13 00:00:00-04:00,26.260000228881836,28.479999542236328,25.149999618530273,26.940000534057617,9007700,0.0,0.0
2025-05-14 00:00:00-04:00,27.0,27.329999923706055,25.299999237060547,25.719999313354492,2813600,0.0,0.0
2025-05-15 00:00:00-04:00,25.760000228881836,25.959999084472656,24.40999984741211,25.639999389648438,2404400,0.0,0.0
2025-05-16 00:00:00-04:00,25.670000076293945,26.25,25.360000610351562,26.149999618530273,2122400,0.0,0.0
2025-05-19 00:00:00-04:00,25.75,25.8799991607666,24.90999984741211,25.079999923706055,1873000,0.0,0.0
2025-05-20 00:00:00-04:00,25.079999923706055,25.420000076293945,24.579999923706055,25.200000762939453,1402500,0.0,0.0
2025-05-21 00:00:00-04:00,24.790000915527344,25.110000610351562,23.479999542236328,23.510000228881836,1850100,0.0,0.0
2025-05-22 00:00:00-04:00,23.299999237060547,23.329999923706055,22.56999969482422,22.959999084472656,1585000,0.0,0.0
2025-05-23 00:00:00-04:00,22.389999389648438,22.770000457763672,22.299999237060547,22.530000686645508,1533000,0.0,0.0
2025-05-27 00:00:00-04:00,22.959999084472656,23.579999923706055,22.709999084472656,23.520000457763672,1299900,0.0,0.0
2025-05-28 00:00:00-04:00,23.540000915527344,23.540000915527344,22.690000534057617,22.75,1070300,0.0,0.0
2025-05-29 00:00:00-04:00,23.020000457763672,23.219999313354492,22.520000457763672,22.850000381469727,944200,0.0,0.0
2025-05-30 00:00:00-04:00,22.709999084472656,22.90999984741211,22.15999984741211,22.639999389648438,1666900,0.0,0.0
2025-06-02 00:00:00-04:00,22.549999237060547,22.780000686645508,21.420000076293945,21.6299991607666,1397200,0.0,0.0
2025-06-03 00:00:00-04:00,21.690000534057617,22.549999237060547,21.280000686645508,22.440000534057617,1970800,0.0,0.0
2025-06-04 00:00:00-04:00,22.5,23.270000457763672,22.469999313354492,22.600000381469727,1440000,0.0,0.0
2025-06-05 00:00:00-04:00,22.56999969482422,22.8799991607666,22.350000381469727,22.6299991607666,940800,0.0,0.0
2025-06-06 00:00:00-04:00,22.8700008392334,23.18000030517578,22.510000228881836,22.739999771118164,882700,0.0,0.0
2025-06-09 00:00:00-04:00,22.780000686645508,22.969999313354492,21.469999313354492,21.989999771118164,2156300,0.0,0.0
2025-06-10 00:00:00-04:00,22.190000534057617,22.950000762939453,21.350000381469727,22.610000610351562,4539300,0.0,0.0
2025-06-11 00:00:00-04:00,22.6299991607666,22.920000076293945,22.200000762939453,22.770000457763672,4531500,0.0,0.0
2025-06-12 00:00:00-04:00,22.579999923706055,22.700000762939453,22.110000610351562,22.1299991607666,1163400,0.0,0.0
2025-06-13 00:00:00-04:00,21.989999771118164,22.260000228881836,21.049999237060547,21.229999542236328,1739800,0.0,0.0
2025-06-16 00:00:00-04:00,21.229999542236328,21.469999313354492,20.469999313354492,21.1200008392334,1706700,0.0,0.0
2025-06-17 00:00:00-04:00,20.809999465942383,21.06999969482422,20.520000457763672,20.850000381469727,1460600,0.0,0.0
2025-06-18 00:00:00-04:00,20.75,21.610000610351562,20.56999969482422,21.520000457763672,1623500,0.0,0.0
2025-06-20 00:00:00-04:00,21.75,22.149999618530273,21.260000228881836,21.559999465942383,2318700,0.0,0.0
2025-06-23 00:00:00-04:00,21.389999389648438,21.459999084472656,20.360000610351562,20.850000381469727,2222600,0.0,0.0
2025-06-24 00:00:00-04:00,21.049999237060547,21.6299991607666,20.850000381469727,21.520000457763672,1327600,0.0,0.0
2025-06-25 00:00:00-04:00,21.479999542236328,21.479999542236328,20.719999313354492,20.940000534057617,1858000,0.0,0.0
2025-06-26 00:00:00-04:00,21.09000015258789,22.420000076293945,21.09000015258789,22.059999465942383,2283100,0.0,0.0
2025-06-27 00:00:00-04:00,22.059999465942383,22.149999618530273,21.6200008392334,21.899999618530273,2804800,0.0,0.0
2025-06-30 00:00:00-04:00,22.010000228881836,23.190000534057617,21.68000030517578,22.690000534057617,4340900,0.0,0.0
2025-07-01 00:00:00-04:00,22.690000534057617,23.8799991607666,22.229999542236328,23.489999771118164,2681000,0.0,0.0
2025-07-02 00:00:00-04:00,23.489999771118164,23.65999984741211,22.889999389648438,23.190000534057617,2047100,0.0,0.0
2025-07-03 00:00:00-04:00,23.479999542236328,23.979999542236328,23.06999969482422,23.360000610351562,1483800,0.0,0.0
2025-07-07 00:00:00-04:00,23.299999237060547,23.399999618530273,22.940000534057617,23.31999969482422,1980900,0.0,0.0
2025-07-08 00:00:00-04:00,23.350000381469727,24.68000030517578,23.34000015258789,24.1200008392334,1877700,0.0,0.0
2025-07-09 00:00:00-04:00,24.31999969482422,24.65999984741211,24.0,24.420000076293945,1582300,0.0,0.0
2025-07-10 00:00:00-04:00,24.459999084472656,25.040000915527344,23.989999771118164,24.690000534057617,1555600,0.0,0.0
2025-07-11 00:00:00-04:00,24.43000030517578,24.600000381469727,23.81999969482422,24.360000610351562,1355200,0.0,0.0
2025-07-14 00:00:00-04:00,24.09000015258789,24.350000381469727,23.829999923706055,24.079999923706055,1359200,0.0,0.0
2025-07-15 00:00:00-04:00,24.360000610351562,24.639999389648438,23.15999984741211,23.270000457763672,1441600,0.0,0.0
2025-07-16 00:00:00-04:00,23.450000762939453,23.450000762939453,22.350000381469727,22.68000030517578,1115300,0.0,0.0
2025-07-17 00:00:00-04:00,22.649999618530273,23.030000686645508,22.3799991607666,22.770000457763672,912300,0.0,0.0
2025-07-18 00:00:00-04:00,22.739999771118164,22.899999618530273,21.90999984741211,21.920000076293945,1278800,0.0,0.0
2025-07-21 00:00:00-04:00,21.989999771118164,22.260000228881836,21.6299991607666,21.639999389648438,1462600,0.0,0.0
2025-07-22 00:00:00-04:00,21.889999389648438,22.860000610351562,21.829999923706055,22.040000915527344,1628900,0.0,0.0
2025-07-23 00:00:00-04:00,22.190000534057617,23.020000457763672,22.040000915527344,22.969999313354492,1303600,0.0,0.0
2025-07-24 00:00:00-04:00,22.780000686645508,23.020000457763672,21.739999771118164,21.739999771118164,1633500,0.0,0.0
2025-07-25 00:00:00-04:00,21.739999771118164,22.31999969482422,21.579999923706055,22.260000228881836,1451400,0.0,0.0
2025-07-28 00:00:00-04:00,22.3799991607666,23.1299991607666,22.209999084472656,22.690000534057617,2073100,0.0,0.0
2025-07-29 00:00:00-04:00,22.489999771118164,23.1299991607666,22.229999542236328,22.260000228881836,1897400,0.0,0.0
2025-07-30 00:00:00-04:00,22.3700008392334,22.59000015258789,21.90999984741211,22.450000762939453,1604300,0.0,0.0
2025-07-31 00:00:00-04:00,22.309999465942383,22.559999465942383,21.700000762939453,21.770000457763672,1997300,0.0,0.0
2025-08-01 00:00:00-04:00,21.68000030517578,21.809999465942383,20.829999923706055,21.09000015258789,1874500,0.0,0.0
2025-08-04 00:00:00-04:00,21.149999618530273,21.649999618530273,20.8799991607666,21.3700008392334,2167000,0.0,0.0
2025-08-05 00:00:00-04:00,21.479999542236328,22.510000228881836,21.479999542236328,21.760000228881836,3373000,0.0,0.0
2025-08-06 00:00:00-04:00,20.780000686645508,22.040000915527344,17.1299991607666,18.0,6388800,0.0,0.0
2025-08-07 00:00:00-04:00,18.170000076293945,18.6200008392334,17.75,18.200000762939453,3505700,0.0,0.0
2025-08-08 00:00:00-04:00,18.299999237060547,19.280000686645508,18.219999313354492,19.239999771118164,2850700,0.0,0.0
2025-08-11 00:00:00-04:00,19.290000915527344,19.6200008392334,18.770000457763672,19.06999969482422,3114800,0.0,0.0
2025-08-12 00:00:00-04:00,19.25,20.350000381469727,19.100000381469727,20.329999923706055,2898800,0.0,0.0
2025-08-13 00:00:00-04:00,20.25,21.0,20.209999084472656,20.770000457763672,2941500,0.0,0.0
2025-08-14 00:00:00-04:00,19.920000076293945,20.75,19.579999923706055,20.65999984741211,3142500,0.0,0.0
2025-08-15 00:00:00-04:00,20.969999313354492,21.15999984741211,20.6299991607666,20.979999542236328,2135800,0.0,0.0
2025-08-18 00:00:00-04:00,21.239999771118164,21.700000762939453,21.110000610351562,21.1299991607666,2276500,0.0,0.0
2025-08-19 00:00:00-04:00,21.469999313354492,22.049999237060547,21.219999313354492,21.59000015258789,2197100,0.0,0.0
2025-08-20 00:00:00-04:00,21.489999771118164,21.829999923706055,21.290000915527344,21.299999237060547,1818100,0.0,0.0
2025-08-21 00:00:00-04:00,21.059999465942383,21.719999313354492,21.059999465942383,21.420000076293945,1857600,0.0,0.0
2025-08-22 00:00:00-04:00,21.610000610351562,22.690000534057617,21.3700008392334,22.440000534057617,1602100,0.0,0.0
2025-08-25 00:00:00-04:00,22.239999771118164,22.290000915527344,21.899999618530273,22.170000076293945,1503900,0.0,0.0
2025-08-26 00:00:00-04:00,22.219999313354492,22.350000381469727,21.510000228881836,21.549999237060547,1881300,0.0,0.0
2025-08-27 00:00:00-04:00,21.510000228881836,22.200000762939453,21.440000534057617,22.190000534057617,2254200,0.0,0.0
2025-08-28 00:00:00-04:00,22.25,22.670000076293945,21.959999084472656,22.6200008392334,2779000,0.0,0.0
2025-08-29 00:00:00-04:00,22.739999771118164,23.34000015258789,22.6200008392334,22.959999084472656,2743200,0.0,0.0
2025-09-02 00:00:00-04:00,22.709999084472656,23.479999542236328,22.280000686645508,23.450000762939453,2935400,0.0,0.0
2025-09-03 00:00:00-04:00,23.530000686645508,23.729999542236328,23.190000534057617,23.329999923706055,2704200,0.0,0.0
2025-09-04 00:00:00-04:00,23.34000015258789,23.90999984741211,22.8799991607666,23.649999618530273,3011900,0.0,0.0
2025-09-05 00:00:00-04:00,23.700000762939453,24.420000076293945,23.540000915527344,23.719999313354492,2022400,0.0,0.0
2025-09-08 00:00:00-04:00,23.989999771118164,23.989999771118164,22.520000457763672,22.540000915527344,2886200,0.0,0.0
2025-09-09 00:00:00-04:00,22.520000457763672,23.600000381469727,21.8700008392334,23.299999237060547,2624600,0.0,0.0
2025-09-10 00:00:00-04:00,22.639999389648438,22.860000610351562,20.90999984741211,21.059999465942383,4258500,0.0,0.0
2025-09-11 00:00:00-04:00,21.15999984741211,22.479999542236328,21.15999984741211,22.309999465942383,2263500,0.0,0.0
2025-09-12 00:00:00-04:00,22.260000228881836,22.260000228881836,21.610000610351562,21.729999542236328,2150400,0.0,0.0
2025-09-15 00:00:00-04:00,21.65999984741211,21.690000534057617,21.1299991607666,21.420000076293945,2047100,0.0,0.0
2025-09-16 00:00:00-04:00,21.670000076293945,21.93000030517578,21.3799991607666,21.709999084472656,2372100,0.0,0.0
2025-09-17 00:00:00-04:00,21.799999237060547,22.8700008392334,21.719999313354492,21.920000076293945,3299200,0.0,0.0
2025-09-18 00:00:00-04:00,22.260000228881836,22.6200008392334,21.899999618530273,22.06999969482422,2257800,0.0,0.0
2025-09-19 00:00:00-04:00,21.959999084472656,22.350000381469727,21.850000381469727,22.139999389648438,18785200,0.0,0.0
2025-09-22 00:00:00-04:00,21.989999771118164,23.260000228881836,21.719999313354492,23.020000457763672,4430200,0.0,0.0
2025-09-23 00:00:00-04:00,22.989999771118164,23.09000015258789,21.959999084472656,22.020000457763672,3439700,0.0,0.0
2025-09-24 00:00:00-04:00,22.969999313354492,24.6299991607666,22.8799991607666,24.59000015258789,4648500,0.0,0.0
2025-09-25 00:00:00-04:00,24.549999237060547,25.040000915527344,23.75,23.770000457763672,3391200,0.0,0.0
2025-09-26 00:00:00-04:00,23.639999389648438,24.549999237060547,23.25,24.530000686645508,2706500,0.0,0.0
2025-09-29 00:00:00-04:00,24.739999771118164,24.739999771118164,23.809999465942383,24.540000915527344,3947200,0.0,0.0
2025-09-30 00:00:00-04:00,24.399999618530273,24.899999618530273,24.200000762939453,24.760000228881836,2177100,0.0,0.0
2025-10-01 00:00:00-04:00,24.639999389648438,25.280000686645508,24.219999313354492,24.549999237060547,2102400,0.0,0.0
2025-10-02 00:00:00-04:00,24.670000076293945,26.719999313354492,24.56999969482422,26.6200008392334,3512400,0.0,0.0
2025-10-03 00:00:00-04:00,26.530000686645508,27.5,26.440000534057617,27.139999389648438,2790100,0.0,0.0
2025-10-06 00:00:00-04:00,27.15999984741211,27.229999542236328,26.15999984741211,26.459999084472656,2629900,0.0,0.0
2025-10-07 00:00:00-04:00,26.700000762939453,27.5,26.389999389648438,27.229999542236328,2768700,0.0,0.0
2025-10-08 00:00:00-04:00,26.739999771118164,27.299999237060547,25.559999465942383,25.600000381469727,2634800,0.0,0.0
2025-10-09 00:00:00-04:00,25.979999542236328,26.290000915527344,25.139999389648438,25.18000030517578,2334200,0.0,0.0
2025-10-10 00:00:00-04:00,25.270000457763672,25.31999969482422,24.229999542236328,24.260000228881836,1639700,0.0,0.0
2025-10-13 00:00:00-04:00,24.670000076293945,24.8700008392334,24.229999542236328,24.290000915527344,1356600,0.0,0.0
2025-10-14 00:00:00-04:00,24.030000686645508,25.200000762939453,23.5,24.93000030517578,1904000,0.0,0.0
2025-10-15 00:00:00-04:00,25.010000228881836,25.229999542236328,24.239999771118164,24.68000030517578,1170500,0.0,0.0
2025-10-16 00:00:00-04:00,24.989999771118164,25.15999984741211,24.469999313354492,24.739999771118164,2009800,0.0,0.0
2025-10-17 00:00:00-04:00,24.729999542236328,24.799999237060547,24.049999237060547,24.170000076293945,1231700,0.0,0.0
2025-10-20 00:00:00-04:00,24.440000534057617,24.59000015258789,23.899999618530273,23.959999084472656,1517600,0.0,0.0
2025-10-21 00:00:00-04:00,23.829999923706055,23.959999084472656,23.489999771118164,23.510000228881836,1770000,0.0,0.0
2025-10-22 00:00:00-04:00,23.420000076293945,24.059999465942383,23.219999313354492,23.459999084472656,2071200,0.0,0.0
2025-10-23 00:00:00-04:00,23.389999389648438,24.049999237060547,23.18000030517578,23.5,1499400,0.0,0.0
2025-10-24 00:00:00-04:00,23.690000534057617,24.059999465942383,23.31999969482422,23.389999389648438,1400400,0.0,0.0
2025-10-27 00:00:00-04:00,23.360000610351562,23.600000381469727,22.690000534057617,22.950000762939453,6051100,0.0,0.0
2025-10-28 00:00:00-04:00,23.18000030517578,23.600000381469727,22.59000015258789,23.170000076293945,2516600,0.0,0.0
2025-10-29 00:00:00-04:00,23.1200008392334,23.770000457763672,22.90999984741211,23.010000228881836,1934100,0.0,0.0
2025-10-30 00:00:00-04:00,22.75,22.979999542236328,21.739999771118164,21.799999237060547,1668300,0.0,0.0
2025-10-31 00:00:00-04:00,21.65999984741211,21.829999923706055,21.229999542236328,21.5,1374800,0.0,0.0
2025-11-03 00:00:00-05:00,21.450000762939453,21.59000015258789,20.649999618530273,21.309999465942383,1627400,0.0,0.0
2025-11-04 00:00:00-05:00,21.049999237060547,21.459999084472656,20.610000610351562,20.65999984741211,1321400,0.0,0.0
2025-11-05 00:00:00-05:00,20.479999542236328,21.360000610351562,20.280000686645508,20.68000030517578,3026500,0.0,0.0
2025-11-06 00:00:00-05:00,19.0,20.739999771118164,18.31999969482422,20.260000228881836,5740100,0.0,0.0
2025-11-07 00:00:00-05:00,19.75,20.020000457763672,18.959999084472656,19.510000228881836,3670100,0.0,0.0
2025-11-10 00:00:00-05:00,19.190000534057617,19.31999969482422,18.020000457763672,18.170000076293945,2522500,0.0,0.0
2025-11-11 00:00:00-05:00,18.190000534057617,18.600000381469727,17.979999542236328,18.239999771118164,2222600,0.0,0.0
2025-11-12 00:00:00-05:00,18.200000762939453,18.239999771118164,17.329999923706055,17.40999984741211,2283500,0.0,0.0
2025-11-13 00:00:00-05:00,17.200000762939453,17.299999237060547,15.989999771118164,16.079999923706055,2494700,0.0,0.0
2025-11-14 00:00:00-05:00,15.920000076293945,16.200000762939453,15.680000305175781,16.020000457763672,2715500,0.0,0.0
2025-11-17 00:00:00-05:00,16.020000457763672,16.170000076293945,15.449999809265137,15.649999618530273,2185500,0.0,0.0
2025-11-18 00:00:00-05:00,15.649999618530273,15.649999618530273,14.9399995803833,15.010000228881836,3518500,0.0,0.0
2025-11-19 00:00:00-05:00,15.0,15.100000381469727,14.300000190734863,14.34000015258789,2488500,0.0,0.0
2025-11-20 00:00:00-05:00,14.40999984741211,14.710000038146973,14.34000015258789,14.359999656677246,2359700,0.0,0.0
2025-11-21 00:00:00-05:00,14.34000015258789,15.729999542236328,14.329999923706055,15.180000305175781,4159200,0.0,0.0
2025-11-24 00:00:00-05:00,15.40999984741211,15.579999923706055,14.989999771118164,15.539999961853027,3647400,0.0,0.0
2025-11-25 00:00:00-05:00,15.550000190734863,16.600000381469727,15.4399995803833,16.56999969482422,3218300,0.0,0.0
2025-11-26 00:00:00-05:00,16.56999969482422,17.579999923706055,16.43000030517578,17.149999618530273,2943000,0.0,0.0
2025-11-28 00:00:00-05:00,17.09000015258789,17.329999923706055,16.8799991607666,17.200000762939453,641800,0.0,0.0
2025-12-01 00:00:00-05:00,17.110000610351562,17.450000762939453,16.770000457763672,16.84000015258789,1651500,0.0,0.0
2025-12-02 00:00:00-05:00,16.829999923706055,16.8799991607666,16.260000228881836,16.489999771118164,1549000,0.0,0.0
2025-12-03 00:00:00-05:00,12.890000343322754,15.010000228881836,12.630000114440918,14.6899995803833,15511600,0.0,0.0
2025-12-04 00:00:00-05:00,14.729999542236328,14.859999656677246,14.010000228881836,14.640000343322754,4219900,0.0,0.0
2025-12-05 00:00:00-05:00,14.670000076293945,15.550000190734863,14.199999809265137,15.470000267028809,4593600,0.0,0.0
2025-12-08 00:00:00-05:00,15.390000343322754,15.430000305175781,13.800000190734863,14.0,2983800,0.0,0.0
2025-12-09 00:00:00-05:00,14.010000228881836,14.289999961853027,13.8100004196167,14.010000228881836,2523400,0.0,0.0
2025-12-10 00:00:00-05:00,13.90999984741211,14.260000228881836,13.6899995803833,13.75,2095600,0.0,0.0
2025-12-11 00:00:00-05:00,13.649999618530273,14.470000267028809,13.600000381469727,14.449999809265137,4645400,0.0,0.0
2025-12-12 00:00:00-05:00,14.630000114440918,14.699999809265137,14.149999618530273,14.279999732971191,2068900,0.0,0.0
2025-12-15 00:00:00-05:00,14.460000038146973,14.579999923706055,13.989999771118164,14.220000267028809,2325500,0.0,0.0
2025-12-16 00:00:00-05:00,14.25,14.65999984741211,14.119999885559082,14.430000305175781,4130300,0.0,0.0
2025-12-17 00:00:00-05:00,14.449999809265137,14.9399995803833,14.369999885559082,14.529999732971191,2684200,0.0,0.0
2025-12-18 00:00:00-05:00,14.479999542236328,14.539999961853027,13.949999809265137,14.430000305175781,2511400,0.0,0.0
2025-12-19 00:00:00-05:00,14.289999961853027,14.520000457763672,14.220000267028809,14.40999984741211,3191400,0.0,0.0
2025-12-22 00:00:00-05:00,14.350000381469727,14.979999542236328,14.329999923706055,14.460000038146973,3079200,0.0,0.0
2025-12-23 00:00:00-05:00,14.430000305175781,14.550000190734863,14.069999694824219,14.100000381469727,2385300,0.0,0.0
2025-12-24 00:00:00-05:00,14.119999885559082,14.390000343322754,14.050000190734863,14.300000190734863,1579300,0.0,0.0
2025-12-26 00:00:00-05:00,14.329999923706055,14.760000228881836,14.149999618530273,14.6899995803833,1807800,0.0,0.0
2025-12-29 00:00:00-05:00,14.649999618530273,14.710000038146973,14.390000343322754,14.5,1888800,0.0,0.0
2025-12-30 00:00:00-05:00,14.479999542236328,14.739999771118164,14.359999656677246,14.609999656677246,2111800,0.0,0.0
2025-12-31 00:00:00-05:00,14.5600004196167,14.600000381469727,14.15999984741211,14.1899995803833,2612600,0.0,0.0
2026-01-02 00:00:00-05:00,14.300000190734863,14.489999771118164,13.850000381469727,14.289999961853027,2066100,0.0,0.0
2026-01-05 00:00:00-05:00,14.300000190734863,14.329999923706055,13.420000076293945,14.279999732971191,2863600,0.0,0.0
2026-01-06 00:00:00-05:00,14.329999923706055,14.989999771118164,14.279999732971191,14.859999656677246,3413900,0.0,0.0
2026-01-07 00:00:00-05:00,14.800000190734863,14.859999656677246,13.65999984741211,13.710000038146973,2402000,0.0,0.0
2026-01-08 00:00:00-05:00,13.630000114440918,13.6899995803833,12.850000381469727,13.449999809265137,3600100,0.0,0.0
2026-01-09 00:00:00-05:00,13.420000076293945,13.850000381469727,12.949999809265137,13.529999732971191,2655000,0.0,0.0
2026-01-12 00:00:00-05:00,13.489999771118164,13.600000381469727,12.989999771118164,13.229999542236328,2229100,0.0,0.0
2026-01-13 00:00:00-05:00,13.3100004196167,13.3100004196167,12.489999771118164,12.550000190734863,3282900,0.0,0.0
2026-01-14 00:00:00-05:00,12.489999771118164,12.539999961853027,11.600000381469727,11.729999542236328,4166500,0.0,0.0
2026-01-15 00:00:00-05:00,11.680000305175781,11.989999771118164,11.430000305175781,11.90999984741211,2637000,0.0,0.0
2026-01-16 00:00:00-05:00,11.859999656677246,11.970000267028809,11.5600004196167,11.680000305175781,2585800,0.0,0.0
2026-01-20 00:00:00-05:00,12.319999694824219,15.0,12.319999694824219,14.239999771118164,11363500,0.0,0.0
2026-01-21 00:00:00-05:00,14.25,14.640000343322754,13.680000305175781,14.329999923706055,5461600,0.0,0.0
2026-01-22 00:00:00-05:00,13.850000381469727,15.789999961853027,13.8100004196167,15.149999618530273,6863900,0.0,0.0
2026-01-23 00:00:00-05:00,14.890000343322754,15.4399995803833,14.649999618530273,15.229999542236328,2734000,0.0,0.0
2026-01-26 00:00:00-05:00,15.199999809265137,15.399999618530273,15.0,15.229999542236328,2417900,0.0,0.0
2026-01-27 00:00:00-05:00,15.039999961853027,15.109999656677246,13.1899995803833,13.479999542236328,3164900,0.0,0.0
2026-01-28 00:00:00-05:00,13.520000457763672,13.670000076293945,13.170000076293945,13.4399995803833,3349800,0.0,0.0
2026-01-29 00:00:00-05:00,13.4399995803833,13.609999656677246,12.9399995803833,13.050000190734863,3209500,0.0,0.0
2026-01-30 00:00:00-05:00,13.119999885559082,13.670000076293945,13.0,13.4399995803833,3478000,0.0,0.0
2026-02-02 00:00:00-05:00,13.390000343322754,13.569999694824219,12.970000267028809,13.210000038146973,4040200,0.0,0.0
2026-02-03 00:00:00-05:00,13.010000228881836,13.8100004196167,12.989999771118164,13.680000305175781,2836400,0.0,0.0
2026-02-04 00:00:00-05:00,13.680000305175781,13.930000305175781,13.420000076293945,13.550000190734863,4413700,0.0,0.0
2026-02-05 00:00:00-05:00,13.670000076293945,13.779999732971191,12.970000267028809,13.430000305175781,3449900,0.0,0.0
2026-02-06 00:00:00-05:00,13.34000015258789,13.680000305175781,13.020000457763672,13.369999885559082,2929700,0.0,0.0
2026-02-09 00:00:00-05:00,13.359999656677246,13.579999923706055,12.90999984741211,13.489999771118164,3520300,0.0,0.0
2026-02-10 00:00:00-05:00,13.640000343322754,14.180000305175781,13.460000038146973,13.65999984741211,3369600,0.0,0.0
2026-02-11 00:00:00-05:00,13.5,15.800000190734863,13.300000190734863,15.529999732971191,11302600,0.0,0.0
2026-02-12 00:00:00-05:00,15.460000038146973,16.06999969482422,15.34000015258789,15.890000343322754,5296200,0.0,0.0
2026-02-13 00:00:00-05:00,15.960000038146973,17.110000610351562,15.850000381469727,16.770000457763672,4152400,0.0,0.0
2026-02-17 00:00:00-05:00,16.899999618530273,16.950000762939453,16.229999542236328,16.420000076293945,2520000,0.0,0.0
2026-02-18 00:00:00-05:00,16.489999771118164,17.049999237060547,16.469999313354492,16.93000030517578,2389700,0.0,0.0
2026-02-19 00:00:00-05:00,16.989999771118164,17.1299991607666,16.56999969482422,16.860000610351562,2788900,0.0,0.0
2026-02-20 00:00:00-05:00,16.90999984741211,17.030000686645508,16.239999771118164,16.790000915527344,1877900,0.0,0.0
2026-02-23 00:00:00-05:00,16.649999618530273,17.530000686645508,16.43000030517578,17.3799991607666,3219800,0.0,0.0
2026-02-24 00:00:00-05:00,17.389999389648438,17.5,16.479999542236328,17.170000076293945,3407500,0.0,0.0
2026-02-25 00:00:00-05:00,20.309999465942383,21.979999542236328,20.309999465942383,20.84000015258789,11696400,0.0,0.0
2026-02-26 00:00:00-05:00,21.219999313354492,22.309999465942383,20.8799991607666,22.290000915527344,5907000,0.0,0.0
2026-02-27 00:00:00-05:00,22.100000381469727,23.549999237060547,21.719999313354492,23.440000534057617,6373200,0.0,0.0
2026-03-02 00:00:00-05:00,23.260000228881836,23.84000015258789,22.43000030517578,23.440000534057617,3845000,0.0,0.0
2026-03-03 00:00:00-05:00,22.84000015258789,23.1299991607666,21.709999084472656,22.989999771118164,3429400,0.0,0.0
2026-03-04 00:00:00-05:00,23.059999465942383,24.18000030517578,22.360000610351562,24.06999969482422,2731500,0.0,0.0
2026-03-05 00:00:00-05:00,23.579999923706055,24.8799991607666,23.56999969482422,24.65999984741211,3380400,0.0,0.0
2026-03-06 00:00:00-05:00,24.729999542236328,25.75,24.200000762939453,25.6200008392334,4445100,0.0,0.0
2026-03-09 00:00:00-04:00,25.110000610351562,25.1299991607666,24.079999923706055,24.709999084472656,3487200,0.0,0.0
2026-03-10 00:00:00-04:00,24.979999542236328,25.200000762939453,24.270000457763672,25.139999389648438,3008300,0.0,0.0
2026-03-11 00:00:00-04:00,25.100000381469727,25.1200008392334,23.649999618530273,23.889999389648438,2504100,0.0,0.0
2026-03-12 00:00:00-04:00,23.8700008392334,25.049999237060547,23.600000381469727,24.149999618530273,4340800,0.0,0.0
2026-03-13 00:00:00-04:00,24.149999618530273,24.459999084472656,23.469999313354492,23.520000457763672,2770800,0.0,0.0
2026-03-16 00:00:00-04:00,23.299999237060547,23.729999542236328,22.540000915527344,22.790000915527344,3309300,0.0,0.0
2026-03-17 00:00:00-04:00,22.600000381469727,24.65999984741211,22.600000381469727,23.729999542236328,3403700,0.0,0.0
2026-03-18 00:00:00-04:00,23.34000015258789,23.760000228881836,23.079999923706055,23.200000762939453,2010500,0.0,0.0
2026-03-19 00:00:00-04:00,23.200000762939453,23.700000762939453,22.6299991607666,22.959999084472656,1874200,0.0,0.0
2026-03-20 00:00:00-04:00,23.18000030517578,23.530000686645508,22.559999465942383,22.729999542236328,3754900,0.0,0.0
2026-03-23 00:00:00-04:00,22.959999084472656,23.40999984741211,22.739999771118164,23.18000030517578,3504400,0.0,0.0
2026-03-24 00:00:00-04:00,23.059999465942383,23.059999465942383,21.610000610351562,22.690000534057617,3202500,0.0,0.0
2026-03-25 00:00:00-04:00,22.690000534057617,24.31999969482422,22.450000762939453,24.309999465942383,3279000,0.0,0.0
2026-03-26 00:00:00-04:00,24.100000381469727,24.520000457763672,23.399999618530273,23.850000381469727,2781700,0.0,0.0
2026-03-27 00:00:00-04:00,23.809999465942383,24.0,22.530000686645508,22.90999984741211,3390800,0.0,0.0
2026-03-30 00:00:00-04:00,22.90999984741211,23.399999618530273,22.59000015258789,22.829999923706055,2552600,0.0,0.0
2026-03-31 00:00:00-04:00,22.979999542236328,23.729999542236328,22.850000381469727,23.389999389648438,1853100,0.0,0.0
2026-04-01 00:00:00-04:00,23.389999389648438,24.450000762939453,23.389999389648438,23.670000076293945,2772200,0.0,0.0
2026-04-02 00:00:00-04:00,22.729999542236328,24.399999618530273,22.610000610351562,23.959999084472656,2977200,0.0,0.0
2026-04-06 00:00:00-04:00,23.940000534057617,25.170000076293945,23.729999542236328,24.90999984741211,3918200,0.0,0.0
2026-04-07 00:00:00-04:00,25.010000228881836,25.549999237060547,24.489999771118164,25.389999389648438,2012700,0.0,0.0
2026-04-08 00:00:00-04:00,26.40999984741211,26.459999084472656,25.43000030517578,26.309999465942383,3368700,0.0,0.0
2026-04-09 00:00:00-04:00,26.6200008392334,27.989999771118164,26.34000015258789,27.200000762939453,3888000,0.0,0.0
2026-04-10 00:00:00-04:00,27.200000762939453,27.450000762939453,25.81999969482422,25.940000534057617,2536900,0.0,0.0
2026-04-13 00:00:00-04:00,25.950000762939453,26.56999969482422,25.5,26.549999237060547,2423900,0.0,0.0
2026-04-14 00:00:00-04:00,26.579999923706055,27.020000457763672,26.190000534057617,26.559999465942383,2410700,0.0,0.0
2026-04-15 00:00:00-04:00,26.559999465942383,26.649999618530273,26.219999313354492,26.610000610351562,2049500,0.0,0.0
2026-04-16 00:00:00-04:00,26.510000228881836,27.010000228881836,26.139999389648438,26.889999389648438,2619500,0.0,0.0
2026-04-17 00:00:00-04:00,27.0,27.8700008392334,26.760000228881836,27.0,3549600,0.0,0.0
2026-04-20 00:00:00-04:00,26.809999465942383,27.8700008392334,26.809999465942383,27.84000015258789,3457700,0.0,0.0
2026-04-21 00:00:00-04:00,28.049999237060547,28.270000457763672,27.3799991607666,27.440000534057617,1709700,0.0,0.0
2026-04-22 00:00:00-04:00,27.649999618530273,28.170000076293945,27.489999771118164,28.010000228881836,2522400,0.0,0.0
2026-04-23 00:00:00-04:00,27.889999389648438,28.030000686645508,26.979999542236328,27.34000015258789,1982500,0.0,0.0
2026-04-24 00:00:00-04:00,26.729999542236328,27.719999313354492,25.8700008392334,27.3799991607666,2961600,0.0,0.0
2026-04-27 00:00:00-04:00,27.3700008392334,28.469999313354492,27.260000228881836,28.149999618530273,2277900,0.0,0.0
2026-04-28 00:00:00-04:00,28.420000076293945,28.489999771118164,27.489999771118164,27.579999923706055,2613000,0.0,0.0
2026-04-29 00:00:00-04:00,27.579999923706055,28.56999969482422,27.049999237060547,28.260000228881836,3989000,0.0,0.0
2026-04-30 00:00:00-04:00,27.270000457763672,27.704999923706055,21.610000610351562,25.895000457763672,10831131,0.0,0.0
