Date,Open,High,Low,Close,Volume,Dividends,Stock Splits
2022-01-03 00:00:00-05:00,37.47999954223633,38.0099983215332,35.79999923706055,37.290000915527344,360700,0.0,0.0
2022-01-04 00:00:00-05:00,37.5,37.5,34.540000915527344,35.720001220703125,202500,0.0,0.0
2022-01-05 00:00:00-05:00,35.220001220703125,35.849998474121094,32.709999084472656,32.790000915527344,290200,0.0,0.0
2022-01-06 00:00:00-05:00,32.779998779296875,33.150001525878906,31.34000015258789,32.20000076293945,220300,0.0,0.0
2022-01-07 00:00:00-05:00,32.0099983215332,32.560001373291016,30.010000228881836,30.829999923706055,368500,0.0,0.0
2022-01-10 00:00:00-05:00,30.56999969482422,32.18000030517578,29.100000381469727,32.099998474121094,322400,0.0,0.0
2022-01-11 00:00:00-05:00,32.20000076293945,32.68000030517578,30.719999313354492,31.610000610351562,401200,0.0,0.0
2022-01-12 00:00:00-05:00,32.0,32.439998626708984,31.040000915527344,31.93000030517578,382300,0.0,0.0
2022-01-13 00:00:00-05:00,32.119998931884766,32.869998931884766,30.549999237060547,30.600000381469727,329900,0.0,0.0
2022-01-14 00:00:00-05:00,30.049999237060547,31.1200008392334,29.649999618530273,30.84000015258789,316100,0.0,0.0
2022-01-18 00:00:00-05:00,30.260000228881836,30.610000610351562,29.350000381469727,29.389999389648438,499200,0.0,0.0
2022-01-19 00:00:00-05:00,29.59000015258789,29.989999771118164,28.719999313354492,29.25,420000,0.0,0.0
2022-01-20 00:00:00-05:00,29.540000915527344,30.93000030517578,29.200000762939453,29.260000228881836,275400,0.0,0.0
2022-01-21 00:00:00-05:00,28.790000915527344,29.850000381469727,27.809999465942383,28.700000762939453,664100,0.0,0.0
2022-01-24 00:00:00-05:00,27.989999771118164,29.15999984741211,25.93000030517578,29.110000610351562,619100,0.0,0.0
2022-01-25 00:00:00-05:00,28.440000534057617,28.8700008392334,26.90999984741211,28.0,437500,0.0,0.0
2022-01-26 00:00:00-05:00,28.610000610351562,29.34000015258789,27.15999984741211,27.68000030517578,409100,0.0,0.0
2022-01-27 00:00:00-05:00,28.350000381469727,28.649999618530273,25.799999237060547,25.989999771118164,375400,0.0,0.0
2022-01-28 00:00:00-05:00,25.969999313354492,27.549999237060547,25.299999237060547,27.5,346200,0.0,0.0
2022-01-31 00:00:00-05:00,27.770000457763672,29.860000610351562,27.5,29.84000015258789,299500,0.0,0.0
2022-02-01 00:00:00-05:00,29.799999237060547,30.690000534057617,29.100000381469727,30.3799991607666,397200,0.0,0.0
2022-02-02 00:00:00-05:00,30.68000030517578,31.110000610351562,29.170000076293945,29.350000381469727,367700,0.0,0.0
2022-02-03 00:00:00-05:00,28.540000915527344,28.729999542236328,27.299999237060547,27.579999923706055,387900,0.0,0.0
2022-02-04 00:00:00-05:00,27.610000610351562,28.09000015258789,26.420000076293945,27.65999984741211,716000,0.0,0.0
2022-02-07 00:00:00-05:00,27.65999984741211,29.190000534057617,27.209999084472656,27.5,257300,0.0,0.0
2022-02-08 00:00:00-05:00,27.270000457763672,27.770000457763672,26.700000762939453,27.420000076293945,154400,0.0,0.0
2022-02-09 00:00:00-05:00,28.030000686645508,28.899999618530273,27.579999923706055,28.780000686645508,250900,0.0,0.0
2022-02-10 00:00:00-05:00,27.90999984741211,29.920000076293945,27.860000610351562,29.139999389648438,364100,0.0,0.0
2022-02-11 00:00:00-05:00,29.360000610351562,29.719999313354492,27.059999465942383,27.770000457763672,216400,0.0,0.0
2022-02-14 00:00:00-05:00,27.579999923706055,27.90999984741211,26.040000915527344,26.360000610351562,304200,0.0,0.0
2022-02-15 00:00:00-05:00,26.5,27.43000030517578,26.260000228881836,26.790000915527344,354200,0.0,0.0
2022-02-16 00:00:00-05:00,26.56999969482422,26.56999969482422,25.5,25.6200008392334,213400,0.0,0.0
2022-02-17 00:00:00-05:00,25.270000457763672,25.270000457763672,23.34000015258789,23.610000610351562,314700,0.0,0.0
2022-02-18 00:00:00-05:00,23.559999465942383,23.889999389648438,22.40999984741211,22.540000915527344,358800,0.0,0.0
2022-02-22 00:00:00-05:00,22.200000762939453,22.739999771118164,21.690000534057617,22.200000762939453,367300,0.0,0.0
2022-02-23 00:00:00-05:00,22.440000534057617,22.700000762939453,21.299999237060547,21.399999618530273,348300,0.0,0.0
2022-02-24 00:00:00-05:00,20.5,23.760000228881836,20.25,23.6299991607666,418000,0.0,0.0
2022-02-25 00:00:00-05:00,23.75,23.860000610351562,22.75,23.790000915527344,239400,0.0,0.0
2022-02-28 00:00:00-05:00,23.600000381469727,24.559999465942383,23.290000915527344,23.5,547800,0.0,0.0
2022-03-01 00:00:00-05:00,22.420000076293945,24.510000228881836,22.059999465942383,23.709999084472656,572600,0.0,0.0
2022-03-02 00:00:00-05:00,23.719999313354492,24.510000228881836,23.510000228881836,24.149999618530273,361600,0.0,0.0
2022-03-03 00:00:00-05:00,24.200000762939453,24.81999969482422,23.950000762939453,24.700000762939453,334200,0.0,0.0
2022-03-04 00:00:00-05:00,24.479999542236328,24.8799991607666,23.520000457763672,24.0,371400,0.0,0.0
2022-03-07 00:00:00-05:00,23.899999618530273,24.559999465942383,23.43000030517578,23.639999389648438,274300,0.0,0.0
2022-03-08 00:00:00-05:00,23.510000228881836,23.989999771118164,22.920000076293945,23.280000686645508,235200,0.0,0.0
2022-03-09 00:00:00-05:00,24.1200008392334,24.459999084472656,23.639999389648438,24.399999618530273,476100,0.0,0.0
2022-03-10 00:00:00-05:00,23.889999389648438,24.06999969482422,23.0,23.950000762939453,178900,0.0,0.0
2022-03-11 00:00:00-05:00,24.260000228881836,24.420000076293945,22.889999389648438,22.93000030517578,264300,0.0,0.0
2022-03-14 00:00:00-04:00,22.979999542236328,23.030000686645508,20.670000076293945,20.809999465942383,222700,0.0,0.0
2022-03-15 00:00:00-04:00,21.110000610351562,21.739999771118164,20.940000534057617,21.350000381469727,372400,0.0,0.0
2022-03-16 00:00:00-04:00,21.969999313354492,22.739999771118164,21.15999984741211,21.5,1473700,0.0,0.0
2022-03-17 00:00:00-04:00,21.420000076293945,23.0,20.940000534057617,22.93000030517578,777600,0.0,0.0
2022-03-18 00:00:00-04:00,22.670000076293945,25.209999084472656,22.270000457763672,24.610000610351562,1004200,0.0,0.0
2022-03-21 00:00:00-04:00,24.31999969482422,24.700000762939453,22.100000381469727,22.969999313354492,277400,0.0,0.0
2022-03-22 00:00:00-04:00,23.040000915527344,24.139999389648438,22.75,23.170000076293945,297400,0.0,0.0
2022-03-23 00:00:00-04:00,22.850000381469727,23.110000610351562,21.920000076293945,22.170000076293945,211700,0.0,0.0
2022-03-24 00:00:00-04:00,22.260000228881836,22.290000915527344,21.469999313354492,22.020000457763672,359100,0.0,0.0
2022-03-25 00:00:00-04:00,22.09000015258789,22.09000015258789,20.75,20.860000610351562,246600,0.0,0.0
2022-03-28 00:00:00-04:00,20.959999084472656,21.65999984741211,20.25,21.15999984741211,278500,0.0,0.0
2022-03-29 00:00:00-04:00,21.540000915527344,22.889999389648438,21.540000915527344,22.649999618530273,295300,0.0,0.0
2022-03-30 00:00:00-04:00,22.399999618530273,23.90999984741211,22.399999618530273,22.899999618530273,278200,0.0,0.0
2022-03-31 00:00:00-04:00,22.850000381469727,23.309999465942383,22.6299991607666,22.729999542236328,166300,0.0,0.0
2022-04-01 00:00:00-04:00,22.690000534057617,23.739999771118164,22.649999618530273,23.6200008392334,332000,0.0,0.0
2022-04-04 00:00:00-04:00,23.739999771118164,24.489999771118164,23.59000015258789,24.200000762939453,261800,0.0,0.0
2022-04-05 00:00:00-04:00,24.209999084472656,24.34000015258789,22.639999389648438,22.799999237060547,223600,0.0,0.0
2022-04-06 00:00:00-04:00,22.350000381469727,22.350000381469727,21.170000076293945,21.959999084472656,224000,0.0,0.0
2022-04-07 00:00:00-04:00,21.920000076293945,22.440000534057617,21.530000686645508,21.90999984741211,270700,0.0,0.0
2022-04-08 00:00:00-04:00,21.690000534057617,22.450000762939453,20.1200008392334,20.219999313354492,232900,0.0,0.0
2022-04-11 00:00:00-04:00,19.8799991607666,20.06999969482422,19.020000457763672,19.84000015258789,313700,0.0,0.0
2022-04-12 00:00:00-04:00,20.420000076293945,20.600000381469727,18.770000457763672,18.8700008392334,358900,0.0,0.0
2022-04-13 00:00:00-04:00,18.8700008392334,19.399999618530273,18.40999984741211,18.639999389648438,373300,0.0,0.0
2022-04-14 00:00:00-04:00,18.469999313354492,18.469999313354492,16.920000076293945,16.940000534057617,457500,0.0,0.0
2022-04-18 00:00:00-04:00,16.899999618530273,16.899999618530273,16.15999984741211,16.3700008392334,455200,0.0,0.0
2022-04-19 00:00:00-04:00,16.260000228881836,17.3700008392334,16.079999923706055,16.829999923706055,352500,0.0,0.0
2022-04-20 00:00:00-04:00,16.780000686645508,16.93000030517578,15.289999961853027,15.40999984741211,280700,0.0,0.0
2022-04-21 00:00:00-04:00,15.680000305175781,15.680000305175781,13.34000015258789,13.479999542236328,526700,0.0,0.0
2022-04-22 00:00:00-04:00,13.40999984741211,13.579999923706055,12.5,12.59000015258789,477200,0.0,0.0
2022-04-25 00:00:00-04:00,13.350000381469727,14.600000381469727,13.100000381469727,13.789999961853027,1176800,0.0,0.0
2022-04-26 00:00:00-04:00,13.760000228881836,14.010000228881836,12.869999885559082,13.1899995803833,702400,0.0,0.0
2022-04-27 00:00:00-04:00,13.210000038146973,13.699999809265137,12.699999809265137,12.729999542236328,422900,0.0,0.0
2022-04-28 00:00:00-04:00,12.84000015258789,13.25,12.130000114440918,13.010000228881836,397200,0.0,0.0
2022-04-29 00:00:00-04:00,12.819999694824219,13.539999961853027,12.5600004196167,12.670000076293945,406000,0.0,0.0
2022-05-02 00:00:00-04:00,12.65999984741211,13.329999923706055,12.5,13.180000305175781,419100,0.0,0.0
2022-05-03 00:00:00-04:00,13.239999771118164,13.75,12.520000457763672,13.329999923706055,336800,0.0,0.0
2022-05-04 00:00:00-04:00,13.239999771118164,13.680000305175781,12.350000381469727,13.390000343322754,355100,0.0,0.0
2022-05-05 00:00:00-04:00,13.119999885559082,13.119999885559082,12.029999732971191,12.489999771118164,483300,0.0,0.0
2022-05-06 00:00:00-04:00,12.399999618530273,12.569999694824219,12.020000457763672,12.220000267028809,598800,0.0,0.0
2022-05-09 00:00:00-04:00,12.010000228881836,12.079999923706055,10.739999771118164,10.899999618530273,802400,0.0,0.0
2022-05-10 00:00:00-04:00,11.510000228881836,12.300000190734863,11.220000267028809,11.75,880600,0.0,0.0
2022-05-11 00:00:00-04:00,11.529999732971191,11.720000267028809,10.510000228881836,10.539999961853027,456600,0.0,0.0
2022-05-12 00:00:00-04:00,10.850000381469727,11.430000305175781,10.399999618530273,11.15999984741211,866000,0.0,0.0
2022-05-13 00:00:00-04:00,11.420000076293945,12.569999694824219,11.420000076293945,12.420000076293945,526800,0.0,0.0
2022-05-16 00:00:00-04:00,12.399999618530273,12.8100004196167,12.09000015258789,12.729999542236328,616100,0.0,0.0
2022-05-17 00:00:00-04:00,13.039999961853027,13.350000381469727,12.390000343322754,12.760000228881836,566500,0.0,0.0
2022-05-18 00:00:00-04:00,12.5,12.729999542236328,11.4399995803833,11.640000343322754,486000,0.0,0.0
2022-05-19 00:00:00-04:00,11.529999732971191,12.180000305175781,11.529999732971191,12.09000015258789,477100,0.0,0.0
2022-05-20 00:00:00-04:00,12.569999694824219,12.90999984741211,11.989999771118164,12.859999656677246,340500,0.0,0.0
2022-05-23 00:00:00-04:00,12.9399995803833,13.109999656677246,12.4399995803833,13.0600004196167,562800,0.0,0.0
2022-05-24 00:00:00-04:00,12.859999656677246,12.859999656677246,12.180000305175781,12.319999694824219,330900,0.0,0.0
2022-05-25 00:00:00-04:00,12.220000267028809,12.6899995803833,11.8100004196167,12.4399995803833,411800,0.0,0.0
2022-05-26 00:00:00-04:00,12.4399995803833,13.239999771118164,12.100000381469727,13.130000114440918,589100,0.0,0.0
2022-05-27 00:00:00-04:00,13.279999732971191,14.859999656677246,13.260000228881836,14.729999542236328,549700,0.0,0.0
2022-05-31 00:00:00-04:00,14.520000457763672,14.869999885559082,13.430000305175781,13.720000267028809,512500,0.0,0.0
2022-06-01 00:00:00-04:00,13.8100004196167,14.210000038146973,13.34000015258789,13.359999656677246,457900,0.0,0.0
2022-06-02 00:00:00-04:00,13.1899995803833,14.380000114440918,13.170000076293945,14.15999984741211,272200,0.0,0.0
2022-06-03 00:00:00-04:00,13.989999771118164,14.069999694824219,13.510000228881836,13.760000228881836,407000,0.0,0.0
2022-06-06 00:00:00-04:00,14.109999656677246,14.640000343322754,13.609999656677246,13.930000305175781,419200,0.0,0.0
2022-06-07 00:00:00-04:00,13.649999618530273,14.760000228881836,13.5600004196167,14.739999771118164,470100,0.0,0.0
2022-06-08 00:00:00-04:00,14.59000015258789,15.1899995803833,14.369999885559082,14.460000038146973,280300,0.0,0.0
2022-06-09 00:00:00-04:00,14.3100004196167,14.550000190734863,14.020000457763672,14.399999618530273,356200,0.0,0.0
2022-06-10 00:00:00-04:00,13.979999542236328,14.289999961853027,13.859999656677246,14.09000015258789,455000,0.0,0.0
2022-06-13 00:00:00-04:00,13.449999809265137,13.729999542236328,13.010000228881836,13.09000015258789,395700,0.0,0.0
2022-06-14 00:00:00-04:00,13.199999809265137,13.260000228881836,12.600000381469727,12.989999771118164,423300,0.0,0.0
2022-06-15 00:00:00-04:00,13.109999656677246,14.260000228881836,13.100000381469727,14.100000381469727,389000,0.0,0.0
2022-06-16 00:00:00-04:00,13.449999809265137,13.760000228881836,13.119999885559082,13.260000228881836,335200,0.0,0.0
2022-06-17 00:00:00-04:00,13.40999984741211,14.34000015258789,13.40999984741211,13.789999961853027,608600,0.0,0.0
2022-06-21 00:00:00-04:00,14.020000457763672,14.720000267028809,13.800000190734863,13.829999923706055,357400,0.0,0.0
2022-06-22 00:00:00-04:00,13.510000228881836,14.84000015258789,13.350000381469727,14.470000267028809,450800,0.0,0.0
2022-06-23 00:00:00-04:00,14.579999923706055,15.760000228881836,14.579999923706055,15.720000267028809,399100,0.0,0.0
2022-06-24 00:00:00-04:00,15.869999885559082,16.530000686645508,15.539999961853027,15.720000267028809,3276800,0.0,0.0
2022-06-27 00:00:00-04:00,15.789999961853027,15.789999961853027,14.420000076293945,14.920000076293945,440300,0.0,0.0
2022-06-28 00:00:00-04:00,15.149999618530273,15.5,14.449999809265137,14.65999984741211,321900,0.0,0.0
2022-06-29 00:00:00-04:00,14.420000076293945,14.739999771118164,14.25,14.5600004196167,215400,0.0,0.0
2022-06-30 00:00:00-04:00,14.319999694824219,14.630000114440918,13.710000038146973,13.8100004196167,284000,0.0,0.0
2022-07-01 00:00:00-04:00,13.670000076293945,14.760000228881836,13.670000076293945,14.640000343322754,355400,0.0,0.0
2022-07-05 00:00:00-04:00,14.40999984741211,16.399999618530273,13.829999923706055,16.360000610351562,487800,0.0,0.0
2022-07-06 00:00:00-04:00,16.079999923706055,16.649999618530273,16.020000457763672,16.290000915527344,311500,0.0,0.0
2022-07-07 00:00:00-04:00,16.34000015258789,17.540000915527344,16.34000015258789,17.5,330600,0.0,0.0
2022-07-08 00:00:00-04:00,16.940000534057617,17.670000076293945,16.65999984741211,17.520000457763672,270900,0.0,0.0
2022-07-11 00:00:00-04:00,17.389999389648438,17.5,16.90999984741211,17.360000610351562,579800,0.0,0.0
2022-07-12 00:00:00-04:00,17.579999923706055,17.770000457763672,15.300000190734863,15.489999771118164,381500,0.0,0.0
2022-07-13 00:00:00-04:00,15.039999961853027,15.850000381469727,14.789999961853027,15.789999961853027,317500,0.0,0.0
2022-07-14 00:00:00-04:00,15.670000076293945,15.869999885559082,15.149999618530273,15.59000015258789,287700,0.0,0.0
2022-07-15 00:00:00-04:00,15.90999984741211,16.09000015258789,15.300000190734863,15.90999984741211,255700,0.0,0.0
2022-07-18 00:00:00-04:00,16.239999771118164,16.540000915527344,15.869999885559082,16.15999984741211,386900,0.0,0.0
2022-07-19 00:00:00-04:00,16.399999618530273,17.1299991607666,16.280000686645508,16.940000534057617,324100,0.0,0.0
2022-07-20 00:00:00-04:00,16.989999771118164,18.59000015258789,16.989999771118164,18.43000030517578,364100,0.0,0.0
2022-07-21 00:00:00-04:00,18.43000030517578,19.540000915527344,18.239999771118164,19.489999771118164,391000,0.0,0.0
2022-07-22 00:00:00-04:00,19.43000030517578,19.469999313354492,17.65999984741211,17.739999771118164,511500,0.0,0.0
2022-07-25 00:00:00-04:00,17.670000076293945,17.670000076293945,16.479999542236328,16.799999237060547,285800,0.0,0.0
2022-07-26 00:00:00-04:00,16.600000381469727,17.0,16.1200008392334,16.68000030517578,315300,0.0,0.0
2022-07-27 00:00:00-04:00,16.940000534057617,17.670000076293945,16.579999923706055,17.56999969482422,285000,0.0,0.0
2022-07-28 00:00:00-04:00,17.3799991607666,18.68000030517578,17.3799991607666,18.670000076293945,204600,0.0,0.0
2022-07-29 00:00:00-04:00,18.559999465942383,19.290000915527344,18.399999618530273,19.270000457763672,179800,0.0,0.0
2022-08-01 00:00:00-04:00,19.09000015258789,19.799999237060547,18.450000762939453,19.290000915527344,321700,0.0,0.0
2022-08-02 00:00:00-04:00,19.010000228881836,19.899999618530273,19.0,19.270000457763672,245600,0.0,0.0
2022-08-03 00:00:00-04:00,19.639999389648438,20.559999465942383,19.549999237060547,20.459999084472656,257900,0.0,0.0
2022-08-04 00:00:00-04:00,20.530000686645508,21.440000534057617,19.950000762939453,21.360000610351562,444500,0.0,0.0
2022-08-05 00:00:00-04:00,20.899999618530273,21.6200008392334,20.520000457763672,21.489999771118164,396800,0.0,0.0
2022-08-08 00:00:00-04:00,21.540000915527344,21.639999389648438,20.729999542236328,21.260000228881836,312200,0.0,0.0
2022-08-09 00:00:00-04:00,21.100000381469727,21.3799991607666,20.110000610351562,20.350000381469727,433200,0.0,0.0
2022-08-10 00:00:00-04:00,19.979999542236328,24.670000076293945,19.979999542236328,24.170000076293945,746700,0.0,0.0
2022-08-11 00:00:00-04:00,24.40999984741211,25.530000686645508,23.40999984741211,23.600000381469727,375800,0.0,0.0
2022-08-12 00:00:00-04:00,23.760000228881836,25.0,23.68000030517578,24.59000015258789,291000,0.0,0.0
2022-08-15 00:00:00-04:00,24.829999923706055,26.1299991607666,24.389999389648438,26.010000228881836,361000,0.0,0.0
2022-08-16 00:00:00-04:00,25.950000762939453,25.950000762939453,23.530000686645508,25.350000381469727,373300,0.0,0.0
2022-08-17 00:00:00-04:00,24.5,25.84000015258789,22.59000015258789,22.729999542236328,496700,0.0,0.0
2022-08-18 00:00:00-04:00,22.739999771118164,23.770000457763672,22.559999465942383,23.75,273000,0.0,0.0
2022-08-19 00:00:00-04:00,23.1200008392334,23.93000030517578,22.690000534057617,22.739999771118164,249300,0.0,0.0
2022-08-22 00:00:00-04:00,21.809999465942383,22.889999389648438,21.780000686645508,22.1299991607666,240100,0.0,0.0
2022-08-23 00:00:00-04:00,22.190000534057617,22.649999618530273,21.829999923706055,22.270000457763672,155600,0.0,0.0
2022-08-24 00:00:00-04:00,22.399999618530273,23.579999923706055,22.399999618530273,23.360000610351562,138800,0.0,0.0
2022-08-25 00:00:00-04:00,23.739999771118164,24.309999465942383,23.360000610351562,24.299999237060547,199200,0.0,0.0
2022-08-26 00:00:00-04:00,24.280000686645508,24.389999389648438,22.860000610351562,23.09000015258789,231600,0.0,0.0
2022-08-29 00:00:00-04:00,22.65999984741211,23.600000381469727,22.65999984741211,22.969999313354492,266400,0.0,0.0
2022-08-30 00:00:00-04:00,23.350000381469727,24.719999313354492,23.049999237060547,23.489999771118164,299600,0.0,0.0
2022-08-31 00:00:00-04:00,23.889999389648438,24.239999771118164,23.3700008392334,23.610000610351562,235800,0.0,0.0
2022-09-01 00:00:00-04:00,23.219999313354492,23.780000686645508,22.469999313354492,23.719999313354492,270500,0.0,0.0
2022-09-02 00:00:00-04:00,23.860000610351562,24.6200008392334,23.15999984741211,23.309999465942383,240900,0.0,0.0
2022-09-06 00:00:00-04:00,23.209999084472656,24.450000762939453,22.329999923706055,23.969999313354492,299500,0.0,0.0
2022-09-07 00:00:00-04:00,23.979999542236328,25.639999389648438,23.670000076293945,25.360000610351562,267700,0.0,0.0
2022-09-08 00:00:00-04:00,25.229999542236328,26.959999084472656,25.18000030517578,26.700000762939453,276300,0.0,0.0
2022-09-09 00:00:00-04:00,26.899999618530273,26.899999618530273,25.56999969482422,26.6200008392334,329300,0.0,0.0
2022-09-12 00:00:00-04:00,26.579999923706055,26.579999923706055,25.530000686645508,26.5,247000,0.0,0.0
2022-09-13 00:00:00-04:00,25.350000381469727,26.049999237060547,25.25,25.850000381469727,248600,0.0,0.0
2022-09-14 00:00:00-04:00,25.950000762939453,26.309999465942383,25.3700008392334,26.110000610351562,251900,0.0,0.0
2022-09-15 00:00:00-04:00,25.84000015258789,26.780000686645508,25.579999923706055,25.940000534057617,234200,0.0,0.0
2022-09-16 00:00:00-04:00,25.31999969482422,25.510000228881836,22.75,23.1200008392334,1164400,0.0,0.0
2022-09-19 00:00:00-04:00,22.649999618530273,23.760000228881836,21.889999389648438,23.760000228881836,344000,0.0,0.0
2022-09-20 00:00:00-04:00,23.579999923706055,25.34000015258789,23.31999969482422,24.670000076293945,273000,0.0,0.0
2022-09-21 00:00:00-04:00,24.84000015258789,24.950000762939453,23.209999084472656,23.280000686645508,201200,0.0,0.0
2022-09-22 00:00:00-04:00,23.049999237060547,23.049999237060547,21.889999389648438,22.309999465942383,431000,0.0,0.0
2022-09-23 00:00:00-04:00,21.649999618530273,22.280000686645508,21.420000076293945,22.229999542236328,243600,0.0,0.0
2022-09-26 00:00:00-04:00,22.079999923706055,22.989999771118164,21.200000762939453,21.59000015258789,317800,0.0,0.0
2022-09-27 00:00:00-04:00,21.969999313354492,22.690000534057617,21.81999969482422,22.43000030517578,348300,0.0,0.0
2022-09-28 00:00:00-04:00,22.729999542236328,24.06999969482422,22.6200008392334,23.729999542236328,241400,0.0,0.0
2022-09-29 00:00:00-04:00,23.290000915527344,23.979999542236328,22.65999984741211,23.670000076293945,313400,0.0,0.0
2022-09-30 00:00:00-04:00,23.559999465942383,24.719999313354492,22.719999313354492,22.75,411900,0.0,0.0
2022-10-03 00:00:00-04:00,22.719999313354492,22.719999313354492,21.6200008392334,22.170000076293945,341300,0.0,0.0
2022-10-04 00:00:00-04:00,22.8799991607666,25.059999465942383,22.850000381469727,24.860000610351562,366800,0.0,0.0
2022-10-05 00:00:00-04:00,24.43000030517578,24.700000762939453,23.170000076293945,23.549999237060547,298900,0.0,0.0
2022-10-06 00:00:00-04:00,23.530000686645508,24.110000610351562,23.190000534057617,23.639999389648438,178600,0.0,0.0
2022-10-07 00:00:00-04:00,23.31999969482422,23.469999313354492,22.049999237060547,22.360000610351562,337000,0.0,0.0
2022-10-10 00:00:00-04:00,22.360000610351562,22.40999984741211,20.950000762939453,20.979999542236328,350500,0.0,0.0
2022-10-11 00:00:00-04:00,20.969999313354492,21.440000534057617,19.729999542236328,20.25,534300,0.0,0.0
2022-10-12 00:00:00-04:00,20.149999618530273,20.90999984741211,19.790000915527344,20.639999389648438,240200,0.0,0.0
2022-10-13 00:00:00-04:00,19.530000686645508,21.6299991607666,19.43000030517578,21.489999771118164,326200,0.0,0.0
2022-10-14 00:00:00-04:00,21.489999771118164,22.049999237060547,20.190000534057617,20.290000915527344,198800,0.0,0.0
2022-10-17 00:00:00-04:00,21.0,22.149999618530273,20.790000915527344,21.399999618530273,253300,0.0,0.0
2022-10-18 00:00:00-04:00,22.229999542236328,22.299999237060547,20.18000030517578,20.299999237060547,264600,0.0,0.0
2022-10-19 00:00:00-04:00,19.81999969482422,19.850000381469727,18.260000228881836,18.420000076293945,338400,0.0,0.0
2022-10-20 00:00:00-04:00,18.329999923706055,19.549999237060547,18.270000457763672,18.6299991607666,266700,0.0,0.0
2022-10-21 00:00:00-04:00,18.700000762939453,19.139999389648438,17.940000534057617,18.959999084472656,200900,0.0,0.0
2022-10-24 00:00:00-04:00,19.100000381469727,19.100000381469727,18.100000381469727,18.600000381469727,233000,0.0,0.0
2022-10-25 00:00:00-04:00,18.719999313354492,20.639999389648438,18.459999084472656,20.579999923706055,297700,0.0,0.0
2022-10-26 00:00:00-04:00,20.579999923706055,22.010000228881836,20.299999237060547,21.959999084472656,221600,0.0,0.0
2022-10-27 00:00:00-04:00,22.15999984741211,22.25,21.3799991607666,21.68000030517578,211400,0.0,0.0
2022-10-28 00:00:00-04:00,21.700000762939453,23.610000610351562,21.010000228881836,23.329999923706055,386100,0.0,0.0
2022-10-31 00:00:00-04:00,22.969999313354492,23.950000762939453,22.969999313354492,23.520000457763672,237300,0.0,0.0
2022-11-01 00:00:00-04:00,24.020000457763672,24.1200008392334,22.969999313354492,24.010000228881836,288600,0.0,0.0
2022-11-02 00:00:00-04:00,24.139999389648438,25.440000534057617,23.790000915527344,24.040000915527344,406900,0.0,0.0
2022-11-03 00:00:00-04:00,23.559999465942383,24.760000228881836,23.549999237060547,24.31999969482422,231400,0.0,0.0
2022-11-04 00:00:00-04:00,24.110000610351562,24.190000534057617,18.06999969482422,18.389999389648438,906400,0.0,0.0
2022-11-07 00:00:00-05:00,18.549999237060547,19.3700008392334,17.549999237060547,19.18000030517578,770400,0.0,0.0
2022-11-08 00:00:00-05:00,19.450000762939453,20.889999389648438,18.959999084472656,20.350000381469727,625900,0.0,0.0
2022-11-09 00:00:00-05:00,20.309999465942383,20.979999542236328,17.280000686645508,17.299999237060547,1102300,0.0,0.0
2022-11-10 00:00:00-05:00,19.260000228881836,24.979999542236328,19.25,24.700000762939453,1267100,0.0,0.0
2022-11-11 00:00:00-05:00,24.610000610351562,25.760000228881836,24.579999923706055,25.06999969482422,665200,0.0,0.0
2022-11-14 00:00:00-05:00,24.850000381469727,25.540000915527344,22.940000534057617,23.219999313354492,372800,0.0,0.0
2022-11-15 00:00:00-05:00,23.940000534057617,24.90999984741211,23.350000381469727,24.600000381469727,445700,0.0,0.0
2022-11-16 00:00:00-05:00,24.110000610351562,24.530000686645508,22.1299991607666,22.68000030517578,356200,0.0,0.0
2022-11-17 00:00:00-05:00,21.959999084472656,22.549999237060547,20.860000610351562,21.25,300900,0.0,0.0
2022-11-18 00:00:00-05:00,21.979999542236328,22.270000457763672,20.700000762939453,21.200000762939453,241900,0.0,0.0
2022-11-21 00:00:00-05:00,20.969999313354492,21.829999923706055,20.59000015258789,21.010000228881836,216800,0.0,0.0
2022-11-22 00:00:00-05:00,21.079999923706055,21.700000762939453,19.81999969482422,21.489999771118164,290800,0.0,0.0
2022-11-23 00:00:00-05:00,21.6299991607666,21.940000534057617,20.899999618530273,21.549999237060547,223900,0.0,0.0
2022-11-25 00:00:00-05:00,21.43000030517578,21.549999237060547,20.799999237060547,21.209999084472656,150900,0.0,0.0
2022-11-28 00:00:00-05:00,21.1200008392334,21.81999969482422,20.209999084472656,20.639999389648438,327600,0.0,0.0
2022-11-29 00:00:00-05:00,20.540000915527344,21.540000915527344,19.6200008392334,19.8700008392334,304700,0.0,0.0
2022-11-30 00:00:00-05:00,20.040000915527344,21.309999465942383,19.3700008392334,21.170000076293945,371300,0.0,0.0
2022-12-01 00:00:00-05:00,21.1299991607666,22.34000015258789,21.09000015258789,21.8700008392334,245900,0.0,0.0
2022-12-02 00:00:00-05:00,21.209999084472656,22.1200008392334,20.760000228881836,21.93000030517578,204700,0.0,0.0
2022-12-05 00:00:00-05:00,21.670000076293945,21.670000076293945,18.260000228881836,18.899999618530273,785600,0.0,0.0
2022-12-06 00:00:00-05:00,18.959999084472656,19.09000015258789,17.719999313354492,18.969999313354492,440600,0.0,0.0
2022-12-07 00:00:00-05:00,18.600000381469727,19.549999237060547,18.579999923706055,19.3799991607666,245900,0.0,0.0
2022-12-08 00:00:00-05:00,19.450000762939453,20.229999542236328,18.709999084472656,19.799999237060547,246900,0.0,0.0
2022-12-09 00:00:00-05:00,19.610000610351562,20.170000076293945,19.34000015258789,19.40999984741211,247700,0.0,0.0
2022-12-12 00:00:00-05:00,19.540000915527344,20.540000915527344,19.190000534057617,19.719999313354492,533600,0.0,0.0
2022-12-13 00:00:00-05:00,20.780000686645508,21.40999984741211,19.760000228881836,19.920000076293945,406000,0.0,0.0
2022-12-14 00:00:00-05:00,19.860000610351562,19.950000762939453,18.40999984741211,19.399999618530273,566100,0.0,0.0
2022-12-15 00:00:00-05:00,18.940000534057617,19.440000534057617,18.670000076293945,18.770000457763672,431500,0.0,0.0
2022-12-16 00:00:00-05:00,18.360000610351562,18.649999618530273,16.8700008392334,17.579999923706055,946100,0.0,0.0
2022-12-19 00:00:00-05:00,17.75,18.209999084472656,17.209999084472656,17.649999618530273,420100,0.0,0.0
2022-12-20 00:00:00-05:00,17.3700008392334,18.579999923706055,17.059999465942383,18.450000762939453,194300,0.0,0.0
2022-12-21 00:00:00-05:00,18.59000015258789,19.1299991607666,17.93000030517578,18.030000686645508,210900,0.0,0.0
2022-12-22 00:00:00-05:00,17.729999542236328,18.15999984741211,17.049999237060547,18.09000015258789,239500,0.0,0.0
2022-12-23 00:00:00-05:00,18.040000915527344,18.040000915527344,17.020000457763672,17.65999984741211,252900,0.0,0.0
2022-12-27 00:00:00-05:00,17.559999465942383,17.719999313354492,16.829999923706055,17.15999984741211,205000,0.0,0.0
2022-12-28 00:00:00-05:00,17.1200008392334,17.84000015258789,16.770000457763672,16.950000762939453,274400,0.0,0.0
2022-12-29 00:00:00-05:00,17.270000457763672,18.489999771118164,17.010000228881836,18.139999389648438,249800,0.0,0.0
2022-12-30 00:00:00-05:00,17.770000457763672,18.270000457763672,17.6299991607666,18.200000762939453,188900,0.0,0.0
2023-01-03 00:00:00-05:00,18.65999984741211,18.940000534057617,17.290000915527344,17.670000076293945,330200,0.0,0.0
2023-01-04 00:00:00-05:00,18.0,18.940000534057617,17.68000030517578,18.65999984741211,302100,0.0,0.0
2023-01-05 00:00:00-05:00,18.5,18.950000762939453,17.75,18.15999984741211,215700,0.0,0.0
2023-01-06 00:00:00-05:00,18.329999923706055,19.06999969482422,17.610000610351562,18.559999465942383,280800,0.0,0.0
2023-01-09 00:00:00-05:00,18.8700008392334,20.700000762939453,18.8700008392334,20.229999542236328,451000,0.0,0.0
2023-01-10 00:00:00-05:00,20.059999465942383,21.0,19.93000030517578,20.809999465942383,328000,0.0,0.0
2023-01-11 00:00:00-05:00,20.989999771118164,22.450000762939453,20.549999237060547,22.34000015258789,347800,0.0,0.0
2023-01-12 00:00:00-05:00,22.5,23.610000610351562,21.15999984741211,23.469999313354492,484600,0.0,0.0
2023-01-13 00:00:00-05:00,23.1200008392334,24.280000686645508,23.1200008392334,23.540000915527344,245500,0.0,0.0
2023-01-17 00:00:00-05:00,23.540000915527344,24.979999542236328,23.40999984741211,24.950000762939453,641000,0.0,0.0
2023-01-18 00:00:00-05:00,25.049999237060547,25.350000381469727,23.8799991607666,23.989999771118164,340400,0.0,0.0
2023-01-19 00:00:00-05:00,23.65999984741211,23.90999984741211,22.690000534057617,23.8799991607666,376400,0.0,0.0
2023-01-20 00:00:00-05:00,24.079999923706055,24.510000228881836,23.25,24.450000762939453,280900,0.0,0.0
2023-01-23 00:00:00-05:00,24.450000762939453,25.440000534057617,24.31999969482422,25.18000030517578,411700,0.0,0.0
2023-01-24 00:00:00-05:00,25.049999237060547,25.3799991607666,24.290000915527344,25.0,179600,0.0,0.0
2023-01-25 00:00:00-05:00,24.469999313354492,24.81999969482422,23.979999542236328,24.149999618530273,198400,0.0,0.0
2023-01-26 00:00:00-05:00,24.6299991607666,24.6299991607666,23.239999771118164,23.799999237060547,218600,0.0,0.0
2023-01-27 00:00:00-05:00,23.729999542236328,24.149999618530273,23.3700008392334,23.5,279200,0.0,0.0
2023-01-30 00:00:00-05:00,23.0,23.459999084472656,21.829999923706055,23.1200008392334,415300,0.0,0.0
2023-01-31 00:00:00-05:00,23.209999084472656,23.84000015258789,22.950000762939453,23.440000534057617,313000,0.0,0.0
2023-02-01 00:00:00-05:00,23.510000228881836,23.65999984741211,22.56999969482422,23.520000457763672,434500,0.0,0.0
2023-02-02 00:00:00-05:00,23.989999771118164,25.479999542236328,23.739999771118164,25.270000457763672,470800,0.0,0.0
2023-02-03 00:00:00-05:00,24.68000030517578,26.6200008392334,24.530000686645508,26.06999969482422,447300,0.0,0.0
2023-02-06 00:00:00-05:00,25.860000610351562,26.889999389648438,25.479999542236328,26.020000457763672,381500,0.0,0.0
2023-02-07 00:00:00-05:00,25.81999969482422,26.040000915527344,23.75,24.43000030517578,266100,0.0,0.0
2023-02-08 00:00:00-05:00,24.34000015258789,25.540000915527344,24.1299991607666,24.850000381469727,278900,0.0,0.0
2023-02-09 00:00:00-05:00,25.1299991607666,25.1299991607666,23.040000915527344,23.18000030517578,221700,0.0,0.0
2023-02-10 00:00:00-05:00,22.940000534057617,23.399999618530273,22.649999618530273,22.979999542236328,145300,0.0,0.0
2023-02-13 00:00:00-05:00,23.09000015258789,23.639999389648438,22.56999969482422,22.860000610351562,232300,0.0,0.0
2023-02-14 00:00:00-05:00,22.549999237060547,23.06999969482422,22.09000015258789,22.56999969482422,181200,0.0,0.0
2023-02-15 00:00:00-05:00,22.31999969482422,23.670000076293945,22.280000686645508,23.65999984741211,199600,0.0,0.0
2023-02-16 00:00:00-05:00,22.959999084472656,23.6200008392334,22.6200008392334,22.75,166500,0.0,0.0
2023-02-17 00:00:00-05:00,22.809999465942383,23.649999618530273,22.56999969482422,23.6299991607666,149800,0.0,0.0
2023-02-21 00:00:00-05:00,23.030000686645508,23.030000686645508,21.079999923706055,21.18000030517578,311800,0.0,0.0
2023-02-22 00:00:00-05:00,21.239999771118164,22.719999313354492,20.739999771118164,22.440000534057617,417400,0.0,0.0
2023-02-23 00:00:00-05:00,22.68000030517578,22.920000076293945,22.25,22.770000457763672,248600,0.0,0.0
2023-02-24 00:00:00-05:00,22.149999618530273,23.940000534057617,21.90999984741211,22.729999542236328,255800,0.0,0.0
2023-02-27 00:00:00-05:00,23.0,23.719999313354492,22.649999618530273,23.25,211500,0.0,0.0
2023-02-28 00:00:00-05:00,23.15999984741211,24.260000228881836,22.760000228881836,23.260000228881836,249200,0.0,0.0
2023-03-01 00:00:00-05:00,23.299999237060547,23.690000534057617,22.260000228881836,22.799999237060547,218700,0.0,0.0
2023-03-02 00:00:00-05:00,22.139999389648438,23.450000762939453,22.020000457763672,23.290000915527344,159600,0.0,0.0
2023-03-03 00:00:00-05:00,23.579999923706055,24.139999389648438,23.0,23.93000030517578,179900,0.0,0.0
2023-03-06 00:00:00-05:00,23.979999542236328,24.06999969482422,22.229999542236328,22.760000228881836,248700,0.0,0.0
2023-03-07 00:00:00-05:00,22.889999389648438,23.43000030517578,22.489999771118164,22.700000762939453,217700,0.0,0.0
2023-03-08 00:00:00-05:00,22.65999984741211,23.170000076293945,22.260000228881836,22.639999389648438,222400,0.0,0.0
2023-03-09 00:00:00-05:00,22.65999984741211,23.299999237060547,22.299999237060547,22.5,235000,0.0,0.0
2023-03-10 00:00:00-05:00,22.389999389648438,22.579999923706055,17.56999969482422,19.5,1230800,0.0,0.0
2023-03-13 00:00:00-04:00,19.299999237060547,21.18000030517578,19.040000915527344,20.770000457763672,389900,0.0,0.0
2023-03-14 00:00:00-04:00,21.68000030517578,22.059999465942383,20.670000076293945,21.56999969482422,294100,0.0,0.0
2023-03-15 00:00:00-04:00,21.209999084472656,22.1200008392334,20.700000762939453,21.479999542236328,223600,0.0,0.0
2023-03-16 00:00:00-04:00,21.079999923706055,21.579999923706055,19.200000762939453,19.979999542236328,520800,0.0,0.0
2023-03-17 00:00:00-04:00,18.90999984741211,21.649999618530273,18.360000610351562,21.520000457763672,744100,0.0,0.0
2023-03-20 00:00:00-04:00,21.5,21.610000610351562,20.34000015258789,20.760000228881836,602200,0.0,0.0
2023-03-21 00:00:00-04:00,21.209999084472656,22.06999969482422,20.68000030517578,22.049999237060547,341700,0.0,0.0
2023-03-22 00:00:00-04:00,21.979999542236328,22.0,20.920000076293945,20.959999084472656,422500,0.0,0.0
2023-03-23 00:00:00-04:00,21.049999237060547,22.459999084472656,21.049999237060547,21.520000457763672,419300,0.0,0.0
2023-03-24 00:00:00-04:00,21.520000457763672,21.799999237060547,21.219999313354492,21.530000686645508,303400,0.0,0.0
2023-03-27 00:00:00-04:00,21.899999618530273,22.219999313354492,21.270000457763672,21.799999237060547,244800,0.0,0.0
2023-03-28 00:00:00-04:00,21.56999969482422,21.84000015258789,20.399999618530273,20.59000015258789,247900,0.0,0.0
2023-03-29 00:00:00-04:00,20.979999542236328,21.1200008392334,19.969999313354492,20.84000015258789,285200,0.0,0.0
2023-03-30 00:00:00-04:00,21.209999084472656,21.309999465942383,20.549999237060547,20.780000686645508,225400,0.0,0.0
2023-03-31 00:00:00-04:00,21.059999465942383,22.100000381469727,21.0,21.75,405600,0.0,0.0
2023-04-03 00:00:00-04:00,21.56999969482422,21.780000686645508,19.850000381469727,20.1299991607666,296400,0.0,0.0
2023-04-04 00:00:00-04:00,20.239999771118164,20.559999465942383,19.809999465942383,20.209999084472656,242300,0.0,0.0
2023-04-05 00:00:00-04:00,20.0,20.149999618530273,19.440000534057617,19.770000457763672,284100,0.0,0.0
2023-04-06 00:00:00-04:00,19.709999084472656,20.209999084472656,19.709999084472656,20.1299991607666,281800,0.0,0.0
2023-04-10 00:00:00-04:00,19.969999313354492,19.969999313354492,19.040000915527344,19.6200008392334,269500,0.0,0.0
2023-04-11 00:00:00-04:00,19.709999084472656,20.100000381469727,19.309999465942383,19.420000076293945,194700,0.0,0.0
2023-04-12 00:00:00-04:00,19.760000228881836,20.110000610351562,19.399999618530273,19.940000534057617,244200,0.0,0.0
2023-04-13 00:00:00-04:00,20.139999389648438,21.579999923706055,19.969999313354492,21.3700008392334,323600,0.0,0.0
2023-04-14 00:00:00-04:00,21.440000534057617,21.559999465942383,19.809999465942383,19.889999389648438,180900,0.0,0.0
2023-04-17 00:00:00-04:00,19.889999389648438,20.56999969482422,19.670000076293945,20.43000030517578,138500,0.0,0.0
2023-04-18 00:00:00-04:00,20.510000228881836,20.809999465942383,19.450000762939453,19.700000762939453,164500,0.0,0.0
2023-04-19 00:00:00-04:00,19.5,19.90999984741211,19.260000228881836,19.790000915527344,177000,0.0,0.0
2023-04-20 00:00:00-04:00,19.520000457763672,19.6200008392334,19.030000686645508,19.219999313354492,192500,0.0,0.0
2023-04-21 00:00:00-04:00,19.25,19.860000610351562,19.25,19.719999313354492,139300,0.0,0.0
2023-04-24 00:00:00-04:00,19.690000534057617,19.940000534057617,19.149999618530273,19.350000381469727,160600,0.0,0.0
2023-04-25 00:00:00-04:00,19.059999465942383,19.270000457763672,18.0,18.139999389648438,275900,0.0,0.0
2023-04-26 00:00:00-04:00,18.1299991607666,18.290000915527344,17.889999389648438,17.979999542236328,209100,0.0,0.0
2023-04-27 00:00:00-04:00,18.15999984741211,18.15999984741211,17.450000762939453,17.6200008392334,211800,0.0,0.0
2023-04-28 00:00:00-04:00,17.579999923706055,18.110000610351562,17.389999389648438,17.559999465942383,299800,0.0,0.0
2023-05-01 00:00:00-04:00,17.770000457763672,18.270000457763672,17.530000686645508,18.100000381469727,139000,0.0,0.0
2023-05-02 00:00:00-04:00,17.940000534057617,18.3700008392334,17.18000030517578,17.190000534057617,191100,0.0,0.0
2023-05-03 00:00:00-04:00,17.280000686645508,18.3799991607666,17.25,17.700000762939453,203200,0.0,0.0
2023-05-04 00:00:00-04:00,17.690000534057617,17.979999542236328,17.15999984741211,17.899999618530273,180200,0.0,0.0
2023-05-05 00:00:00-04:00,18.510000228881836,19.670000076293945,18.170000076293945,19.34000015258789,245800,0.0,0.0
2023-05-08 00:00:00-04:00,19.239999771118164,19.65999984741211,18.809999465942383,19.15999984741211,177300,0.0,0.0
2023-05-09 00:00:00-04:00,19.059999465942383,19.059999465942383,18.420000076293945,18.799999237060547,182600,0.0,0.0
2023-05-10 00:00:00-04:00,19.40999984741211,19.520000457763672,18.43000030517578,18.610000610351562,376700,0.0,0.0
2023-05-11 00:00:00-04:00,18.100000381469727,19.540000915527344,16.280000686645508,18.25,886000,0.0,0.0
2023-05-12 00:00:00-04:00,18.440000534057617,18.950000762939453,18.170000076293945,18.799999237060547,277200,0.0,0.0
2023-05-15 00:00:00-04:00,18.899999618530273,20.0,18.579999923706055,19.459999084472656,267900,0.0,0.0
2023-05-16 00:00:00-04:00,19.149999618530273,20.489999771118164,18.489999771118164,20.239999771118164,408300,0.0,0.0
2023-05-17 00:00:00-04:00,20.350000381469727,22.049999237060547,20.030000686645508,21.920000076293945,419400,0.0,0.0
2023-05-18 00:00:00-04:00,21.8799991607666,22.09000015258789,21.479999542236328,21.75,361300,0.0,0.0
2023-05-19 00:00:00-04:00,22.399999618530273,24.0,21.260000228881836,21.399999618530273,554200,0.0,0.0
2023-05-22 00:00:00-04:00,21.399999618530273,22.450000762939453,21.170000076293945,22.229999542236328,500900,0.0,0.0
2023-05-23 00:00:00-04:00,22.200000762939453,23.290000915527344,22.049999237060547,22.260000228881836,234300,0.0,0.0
2023-05-24 00:00:00-04:00,22.469999313354492,22.760000228881836,21.649999618530273,22.579999923706055,203200,0.0,0.0
2023-05-25 00:00:00-04:00,22.559999465942383,22.600000381469727,22.049999237060547,22.399999618530273,247300,0.0,0.0
2023-05-26 00:00:00-04:00,22.479999542236328,22.790000915527344,22.260000228881836,22.5,172200,0.0,0.0
2023-05-30 00:00:00-04:00,22.700000762939453,23.6299991607666,22.6200008392334,23.360000610351562,225600,0.0,0.0
2023-05-31 00:00:00-04:00,23.260000228881836,23.639999389648438,22.889999389648438,23.350000381469727,461800,0.0,0.0
2023-06-01 00:00:00-04:00,23.31999969482422,23.479999542236328,22.760000228881836,23.100000381469727,191500,0.0,0.0
2023-06-02 00:00:00-04:00,23.3799991607666,23.8700008392334,22.530000686645508,23.200000762939453,305500,0.0,0.0
2023-06-05 00:00:00-04:00,22.899999618530273,24.360000610351562,22.670000076293945,23.68000030517578,327800,0.0,0.0
2023-06-06 00:00:00-04:00,23.68000030517578,24.5,23.34000015258789,24.079999923706055,250500,0.0,0.0
2023-06-07 00:00:00-04:00,24.15999984741211,24.450000762939453,23.579999923706055,23.610000610351562,321600,0.0,0.0
2023-06-08 00:00:00-04:00,23.440000534057617,23.729999542236328,23.1200008392334,23.18000030517578,236700,0.0,0.0
2023-06-09 00:00:00-04:00,23.209999084472656,23.440000534057617,22.6200008392334,22.68000030517578,200200,0.0,0.0
2023-06-12 00:00:00-04:00,22.809999465942383,24.18000030517578,22.56999969482422,24.0,294200,0.0,0.0
2023-06-13 00:00:00-04:00,24.0,24.459999084472656,23.1200008392334,24.34000015258789,327900,0.0,0.0
2023-06-14 00:00:00-04:00,24.34000015258789,24.34000015258789,23.0,23.209999084472656,217600,0.0,0.0
2023-06-15 00:00:00-04:00,23.010000228881836,23.360000610351562,22.59000015258789,22.81999969482422,201500,0.0,0.0
2023-06-16 00:00:00-04:00,23.200000762939453,23.899999618530273,22.8799991607666,23.6200008392334,593300,0.0,0.0
2023-06-20 00:00:00-04:00,23.389999389648438,24.350000381469727,22.719999313354492,24.1200008392334,358400,0.0,0.0
2023-06-21 00:00:00-04:00,24.059999465942383,24.059999465942383,22.110000610351562,23.540000915527344,460100,0.0,0.0
2023-06-22 00:00:00-04:00,23.440000534057617,23.729999542236328,22.770000457763672,23.450000762939453,486000,0.0,0.0
2023-06-23 00:00:00-04:00,23.049999237060547,23.459999084472656,22.719999313354492,23.020000457763672,1456700,0.0,0.0
2023-06-26 00:00:00-04:00,22.899999618530273,23.229999542236328,22.520000457763672,22.709999084472656,306600,0.0,0.0
2023-06-27 00:00:00-04:00,22.790000915527344,23.15999984741211,22.450000762939453,22.920000076293945,312600,0.0,0.0
2023-06-28 00:00:00-04:00,22.899999618530273,22.920000076293945,22.329999923706055,22.59000015258789,341800,0.0,0.0
2023-06-29 00:00:00-04:00,22.579999923706055,23.389999389648438,22.450000762939453,22.59000015258789,259600,0.0,0.0
2023-06-30 00:00:00-04:00,22.860000610351562,23.020000457763672,22.079999923706055,22.100000381469727,207000,0.0,0.0
2023-07-03 00:00:00-04:00,22.110000610351562,22.530000686645508,21.459999084472656,21.5,164600,0.0,0.0
2023-07-05 00:00:00-04:00,21.399999618530273,21.399999618530273,20.1299991607666,20.399999618530273,313000,0.0,0.0
2023-07-06 00:00:00-04:00,20.110000610351562,20.649999618530273,19.649999618530273,20.56999969482422,347400,0.0,0.0
2023-07-07 00:00:00-04:00,20.59000015258789,20.90999984741211,20.25,20.3700008392334,203700,0.0,0.0
2023-07-10 00:00:00-04:00,20.309999465942383,21.299999237060547,20.309999465942383,21.290000915527344,269200,0.0,0.0
2023-07-11 00:00:00-04:00,21.510000228881836,23.850000381469727,21.510000228881836,22.959999084472656,475200,0.0,0.0
2023-07-12 00:00:00-04:00,23.31999969482422,23.31999969482422,22.510000228881836,22.8700008392334,332500,0.0,0.0
2023-07-13 00:00:00-04:00,21.469999313354492,21.5,19.920000076293945,20.5,697100,0.0,0.0
2023-07-14 00:00:00-04:00,20.459999084472656,20.459999084472656,19.59000015258789,19.6200008392334,389600,0.0,0.0
2023-07-17 00:00:00-04:00,19.829999923706055,20.309999465942383,19.40999984741211,20.170000076293945,266200,0.0,0.0
2023-07-18 00:00:00-04:00,20.170000076293945,20.59000015258789,20.0,20.350000381469727,241100,0.0,0.0
2023-07-19 00:00:00-04:00,20.440000534057617,21.079999923706055,20.200000762939453,20.229999542236328,207100,0.0,0.0
2023-07-20 00:00:00-04:00,20.229999542236328,20.239999771118164,19.950000762939453,20.030000686645508,200900,0.0,0.0
2023-07-21 00:00:00-04:00,20.09000015258789,20.399999618530273,19.920000076293945,20.06999969482422,233600,0.0,0.0
2023-07-24 00:00:00-04:00,20.030000686645508,20.079999923706055,19.299999237060547,19.540000915527344,194500,0.0,0.0
2023-07-25 00:00:00-04:00,19.43000030517578,19.68000030517578,19.350000381469727,19.40999984741211,155400,0.0,0.0
2023-07-26 00:00:00-04:00,19.280000686645508,19.610000610351562,19.110000610351562,19.440000534057617,311600,0.0,0.0
2023-07-27 00:00:00-04:00,19.809999465942383,19.989999771118164,19.489999771118164,19.559999465942383,206000,0.0,0.0
2023-07-28 00:00:00-04:00,19.760000228881836,20.139999389648438,19.700000762939453,19.739999771118164,145900,0.0,0.0
2023-07-31 00:00:00-04:00,19.75,20.239999771118164,19.739999771118164,19.8799991607666,176200,0.0,0.0
2023-08-01 00:00:00-04:00,19.670000076293945,19.670000076293945,19.020000457763672,19.34000015258789,179400,0.0,0.0
2023-08-02 00:00:00-04:00,19.1200008392334,19.6200008392334,18.8799991607666,19.399999618530273,184800,0.0,0.0
2023-08-03 00:00:00-04:00,19.260000228881836,19.399999618530273,18.479999542236328,18.780000686645508,382800,0.0,0.0
2023-08-04 00:00:00-04:00,18.850000381469727,19.459999084472656,18.739999771118164,19.219999313354492,422500,0.0,0.0
2023-08-07 00:00:00-04:00,19.209999084472656,19.25,18.399999618530273,18.639999389648438,322600,0.0,0.0
2023-08-08 00:00:00-04:00,18.600000381469727,18.68000030517578,17.719999313354492,18.389999389648438,516900,0.0,0.0
2023-08-09 00:00:00-04:00,15.510000228881836,15.6899995803833,12.789999961853027,13.109999656677246,2242100,0.0,0.0
2023-08-10 00:00:00-04:00,13.029999732971191,13.15999984741211,12.109999656677246,12.420000076293945,829600,0.0,0.0
2023-08-11 00:00:00-04:00,12.369999885559082,12.430000305175781,11.829999923706055,12.140000343322754,758800,0.0,0.0
2023-08-14 00:00:00-04:00,12.850000381469727,12.850000381469727,12.34000015258789,12.600000381469727,627100,0.0,0.0
2023-08-15 00:00:00-04:00,12.479999542236328,12.779999732971191,12.260000228881836,12.270000457763672,494000,0.0,0.0
2023-08-16 00:00:00-04:00,12.1899995803833,12.479999542236328,11.670000076293945,11.670000076293945,347600,0.0,0.0
2023-08-17 00:00:00-04:00,11.65999984741211,11.699999809265137,11.449999809265137,11.539999961853027,313700,0.0,0.0
2023-08-18 00:00:00-04:00,11.359999656677246,11.470000267028809,10.760000228881836,10.8100004196167,568800,0.0,0.0
2023-08-21 00:00:00-04:00,10.800000190734863,11.100000381469727,10.479999542236328,10.9399995803833,716600,0.0,0.0
2023-08-22 00:00:00-04:00,10.979999542236328,11.449999809265137,10.850000381469727,11.260000228881836,574800,0.0,0.0
2023-08-23 00:00:00-04:00,11.3100004196167,11.430000305175781,11.100000381469727,11.260000228881836,461900,0.0,0.0
2023-08-24 00:00:00-04:00,11.270000457763672,11.390000343322754,10.609999656677246,11.0,384000,0.0,0.0
2023-08-25 00:00:00-04:00,11.0,11.180000305175781,10.859999656677246,10.920000076293945,279800,0.0,0.0
2023-08-28 00:00:00-04:00,10.970000267028809,11.25,10.850000381469727,11.140000343322754,386500,0.0,0.0
2023-08-29 00:00:00-04:00,11.140000343322754,12.779999732971191,11.09000015258789,12.680000305175781,819600,0.0,0.0
2023-08-30 00:00:00-04:00,12.5600004196167,13.0600004196167,12.25,13.020000457763672,627400,0.0,0.0
2023-08-31 00:00:00-04:00,13.15999984741211,13.520000457763672,13.050000190734863,13.210000038146973,668000,0.0,0.0
2023-09-01 00:00:00-04:00,13.390000343322754,13.65999984741211,13.25,13.399999618530273,360500,0.0,0.0
2023-09-05 00:00:00-04:00,13.229999542236328,13.670000076293945,12.829999923706055,13.550000190734863,913300,0.0,0.0
2023-09-06 00:00:00-04:00,13.600000381469727,14.079999923706055,13.5600004196167,13.829999923706055,512700,0.0,0.0
2023-09-07 00:00:00-04:00,13.630000114440918,13.770000457763672,12.9399995803833,13.0,590200,0.0,0.0
2023-09-08 00:00:00-04:00,13.0,13.539999961853027,12.630000114440918,13.329999923706055,436600,0.0,0.0
2023-09-11 00:00:00-04:00,13.529999732971191,13.979999542236328,13.149999618530273,13.760000228881836,288500,0.0,0.0
2023-09-12 00:00:00-04:00,13.579999923706055,14.029999732971191,13.460000038146973,14.0,295900,0.0,0.0
2023-09-13 00:00:00-04:00,13.899999618530273,14.649999618530273,13.760000228881836,14.010000228881836,395700,0.0,0.0
2023-09-14 00:00:00-04:00,13.989999771118164,14.130000114440918,13.40999984741211,13.649999618530273,440300,0.0,0.0
2023-09-15 00:00:00-04:00,13.649999618530273,13.729999542236328,12.649999618530273,12.9399995803833,1039800,0.0,0.0
2023-09-18 00:00:00-04:00,12.880000114440918,12.890000343322754,12.329999923706055,12.729999542236328,455500,0.0,0.0
2023-09-19 00:00:00-04:00,12.710000038146973,12.930000305175781,12.550000190734863,12.84000015258789,628700,0.0,0.0
2023-09-20 00:00:00-04:00,12.949999809265137,13.170000076293945,12.670000076293945,12.699999809265137,702500,0.0,0.0
2023-09-21 00:00:00-04:00,12.470000267028809,12.800000190734863,12.359999656677246,12.680000305175781,377500,0.0,0.0
2023-09-22 00:00:00-04:00,12.789999961853027,13.279999732971191,12.699999809265137,13.149999618530273,353900,0.0,0.0
2023-09-25 00:00:00-04:00,12.970000267028809,13.380000114440918,12.869999885559082,13.300000190734863,287700,0.0,0.0
2023-09-26 00:00:00-04:00,13.25,13.8100004196167,13.140000343322754,13.720000267028809,529000,0.0,0.0
2023-09-27 00:00:00-04:00,13.9399995803833,14.270000457763672,13.59000015258789,14.050000190734863,463100,0.0,0.0
2023-09-28 00:00:00-04:00,14.0,14.729999542236328,13.760000228881836,14.050000190734863,510400,0.0,0.0
2023-09-29 00:00:00-04:00,14.210000038146973,14.25,13.739999771118164,13.8100004196167,442000,0.0,0.0
2023-10-02 00:00:00-04:00,13.779999732971191,13.779999732971191,13.170000076293945,13.430000305175781,399800,0.0,0.0
2023-10-03 00:00:00-04:00,13.319999694824219,13.729999542236328,13.180000305175781,13.699999809265137,307800,0.0,0.0
2023-10-04 00:00:00-04:00,13.710000038146973,13.710000038146973,13.489999771118164,13.59000015258789,291300,0.0,0.0
2023-10-05 00:00:00-04:00,13.5,13.630000114440918,12.800000190734863,13.260000228881836,443600,0.0,0.0
2023-10-06 00:00:00-04:00,13.079999923706055,13.59000015258789,12.920000076293945,13.539999961853027,418900,0.0,0.0
2023-10-09 00:00:00-04:00,13.430000305175781,13.489999771118164,13.199999809265137,13.3100004196167,347400,0.0,0.0
2023-10-10 00:00:00-04:00,13.229999542236328,13.569999694824219,13.0,13.550000190734863,453400,0.0,0.0
2023-10-11 00:00:00-04:00,13.680000305175781,13.890000343322754,12.979999542236328,13.010000228881836,383000,0.0,0.0
2023-10-12 00:00:00-04:00,12.970000267028809,13.020000457763672,11.5,11.960000038146973,502300,0.0,0.0
2023-10-13 00:00:00-04:00,11.979999542236328,13.029999732971191,11.8100004196167,12.050000190734863,254500,0.0,0.0
2023-10-16 00:00:00-04:00,12.010000228881836,12.779999732971191,11.880000114440918,12.390000343322754,316400,0.0,0.0
2023-10-17 00:00:00-04:00,12.199999809265137,12.699999809265137,12.0600004196167,12.390000343322754,308700,0.0,0.0
2023-10-18 00:00:00-04:00,12.210000038146973,12.210000038146973,11.579999923706055,11.619999885559082,264400,0.0,0.0
2023-10-19 00:00:00-04:00,11.630000114440918,11.630000114440918,11.149999618530273,11.1899995803833,713500,0.0,0.0
2023-10-20 00:00:00-04:00,11.0600004196167,11.130000114440918,9.760000228881836,10.199999809265137,1456600,0.0,0.0
2023-10-23 00:00:00-04:00,10.149999618530273,10.380000114440918,9.710000038146973,9.760000228881836,487200,0.0,0.0
2023-10-24 00:00:00-04:00,10.289999961853027,11.020000457763672,9.720000267028809,9.859999656677246,1391600,0.0,0.0
2023-10-25 00:00:00-04:00,9.760000228881836,9.829999923706055,9.260000228881836,9.529999732971191,720900,0.0,0.0
2023-10-26 00:00:00-04:00,9.529999732971191,9.8100004196167,9.350000381469727,9.460000038146973,298900,0.0,0.0
2023-10-27 00:00:00-04:00,9.460000038146973,9.8100004196167,9.229999542236328,9.34000015258789,455300,0.0,0.0
2023-10-30 00:00:00-04:00,9.470000267028809,9.550000190734863,8.920000076293945,8.989999771118164,635500,0.0,0.0
2023-10-31 00:00:00-04:00,8.979999542236328,10.1899995803833,8.979999542236328,10.100000381469727,565100,0.0,0.0
2023-11-01 00:00:00-04:00,9.920000076293945,10.3100004196167,9.710000038146973,10.229999542236328,495500,0.0,0.0
2023-11-02 00:00:00-04:00,10.329999923706055,11.100000381469727,10.329999923706055,11.050000190734863,526300,0.0,0.0
2023-11-03 00:00:00-04:00,11.300000190734863,12.369999885559082,11.130000114440918,11.420000076293945,546800,0.0,0.0
2023-11-06 00:00:00-05:00,11.479999542236328,11.520000457763672,10.90999984741211,11.050000190734863,399300,0.0,0.0
2023-11-07 00:00:00-05:00,10.960000038146973,11.720000267028809,10.760000228881836,11.59000015258789,297600,0.0,0.0
2023-11-08 00:00:00-05:00,11.640000343322754,11.859999656677246,11.140000343322754,11.609999656677246,332200,0.0,0.0
2023-11-09 00:00:00-05:00,11.630000114440918,12.119999885559082,11.329999923706055,11.390000343322754,717400,0.0,0.0
2023-11-10 00:00:00-05:00,10.930000305175781,11.449999809265137,10.0600004196167,10.949999809265137,1141100,0.0,0.0
2023-11-13 00:00:00-05:00,10.779999732971191,10.90999984741211,9.920000076293945,10.779999732971191,548100,0.0,0.0
2023-11-14 00:00:00-05:00,11.25,12.229999542236328,11.0,11.970000267028809,897700,0.0,0.0
2023-11-15 00:00:00-05:00,11.949999809265137,12.680000305175781,11.949999809265137,12.34000015258789,399900,0.0,0.0
2023-11-16 00:00:00-05:00,12.25,12.260000228881836,11.399999618530273,11.960000038146973,817800,0.0,0.0
2023-11-17 00:00:00-05:00,11.979999542236328,12.819999694824219,11.6899995803833,12.770000457763672,602800,0.0,0.0
2023-11-20 00:00:00-05:00,12.779999732971191,13.729999542236328,12.729999542236328,13.40999984741211,725100,0.0,0.0
2023-11-21 00:00:00-05:00,13.279999732971191,13.710000038146973,13.220000267028809,13.630000114440918,352300,0.0,0.0
2023-11-22 00:00:00-05:00,13.800000190734863,13.899999618530273,13.350000381469727,13.569999694824219,293600,0.0,0.0
2023-11-24 00:00:00-05:00,13.550000190734863,14.210000038146973,12.789999961853027,14.079999923706055,223000,0.0,0.0
2023-11-27 00:00:00-05:00,13.960000038146973,14.039999961853027,13.359999656677246,13.4399995803833,1049800,0.0,0.0
2023-11-28 00:00:00-05:00,13.380000114440918,13.550000190734863,12.3100004196167,12.75,788500,0.0,0.0
2023-11-29 00:00:00-05:00,13.0,13.619999885559082,12.460000038146973,12.510000228881836,565700,0.0,0.0
2023-11-30 00:00:00-05:00,12.470000267028809,12.800000190734863,12.119999885559082,12.369999885559082,400100,0.0,0.0
2023-12-01 00:00:00-05:00,12.300000190734863,13.300000190734863,11.90999984741211,13.25,2238400,0.0,0.0
2023-12-04 00:00:00-05:00,13.119999885559082,13.90999984741211,13.119999885559082,13.859999656677246,462000,0.0,0.0
2023-12-05 00:00:00-05:00,13.800000190734863,13.899999618530273,13.149999618530273,13.279999732971191,541400,0.0,0.0
2023-12-06 00:00:00-05:00,13.430000305175781,13.59000015258789,12.859999656677246,13.039999961853027,359000,0.0,0.0
2023-12-07 00:00:00-05:00,13.039999961853027,13.130000114440918,12.640000343322754,12.720000267028809,334800,0.0,0.0
2023-12-08 00:00:00-05:00,12.670000076293945,13.420000076293945,12.529999732971191,13.260000228881836,225600,0.0,0.0
2023-12-11 00:00:00-05:00,13.300000190734863,13.3100004196167,12.729999542236328,12.869999885559082,244100,0.0,0.0
2023-12-12 00:00:00-05:00,12.850000381469727,12.850000381469727,12.460000038146973,12.699999809265137,203300,0.0,0.0
2023-12-13 00:00:00-05:00,12.65999984741211,13.930000305175781,12.449999809265137,13.890000343322754,294800,0.0,0.0
2023-12-14 00:00:00-05:00,13.989999771118164,14.880000114440918,13.989999771118164,14.59000015258789,896100,0.0,0.0
2023-12-15 00:00:00-05:00,14.800000190734863,15.210000038146973,14.5,14.949999809265137,1255000,0.0,0.0
2023-12-18 00:00:00-05:00,15.010000228881836,15.100000381469727,14.489999771118164,14.819999694824219,387900,0.0,0.0
2023-12-19 00:00:00-05:00,15.069999694824219,16.09000015258789,14.829999923706055,15.84000015258789,424600,0.0,0.0
2023-12-20 00:00:00-05:00,15.899999618530273,16.0,15.25,15.270000457763672,402300,0.0,0.0
2023-12-21 00:00:00-05:00,15.5600004196167,16.049999237060547,15.029999732971191,15.75,319900,0.0,0.0
2023-12-22 00:00:00-05:00,15.899999618530273,16.549999237060547,15.800000190734863,16.030000686645508,241700,0.0,0.0
2023-12-26 00:00:00-05:00,16.1200008392334,16.790000915527344,16.09000015258789,16.65999984741211,289500,0.0,0.0
2023-12-27 00:00:00-05:00,16.799999237060547,17.469999313354492,16.65999984741211,16.860000610351562,477400,0.0,0.0
2023-12-28 00:00:00-05:00,16.709999084472656,16.93000030517578,16.06999969482422,16.719999313354492,207900,0.0,0.0
2023-12-29 00:00:00-05:00,16.670000076293945,16.920000076293945,16.049999237060547,16.25,244700,0.0,0.0
2024-01-02 00:00:00-05:00,15.920000076293945,16.920000076293945,15.770000457763672,15.979999542236328,383000,0.0,0.0
2024-01-03 00:00:00-05:00,15.600000381469727,15.869999885559082,15.020000457763672,15.350000381469727,409000,0.0,0.0
2024-01-04 00:00:00-05:00,15.289999961853027,15.9399995803833,15.039999961853027,15.699999809265137,477100,0.0,0.0
2024-01-05 00:00:00-05:00,15.569999694824219,16.020000457763672,15.380000114440918,15.649999618530273,278900,0.0,0.0
2024-01-08 00:00:00-05:00,15.010000228881836,17.81999969482422,15.010000228881836,17.239999771118164,1118500,0.0,0.0
2024-01-09 00:00:00-05:00,17.049999237060547,17.719999313354492,16.639999389648438,17.229999542236328,738600,0.0,0.0
2024-01-10 00:00:00-05:00,17.190000534057617,17.799999237060547,16.290000915527344,16.959999084472656,623700,0.0,0.0
2024-01-11 00:00:00-05:00,16.81999969482422,17.690000534057617,16.149999618530273,17.170000076293945,540400,0.0,0.0
2024-01-12 00:00:00-05:00,17.440000534057617,17.450000762939453,16.329999923706055,17.3799991607666,643400,0.0,0.0
2024-01-16 00:00:00-05:00,17.149999618530273,17.56999969482422,16.700000762939453,17.520000457763672,677900,0.0,0.0
2024-01-17 00:00:00-05:00,17.200000762939453,17.479999542236328,16.450000762939453,16.729999542236328,640000,0.0,0.0
2024-01-18 00:00:00-05:00,17.06999969482422,17.209999084472656,16.479999542236328,17.030000686645508,549400,0.0,0.0
2024-01-19 00:00:00-05:00,17.25,17.25,16.520000457763672,17.170000076293945,485300,0.0,0.0
2024-01-22 00:00:00-05:00,17.299999237060547,17.950000762939453,17.100000381469727,17.3799991607666,353100,0.0,0.0
2024-01-23 00:00:00-05:00,17.600000381469727,17.950000762939453,16.84000015258789,17.440000534057617,442300,0.0,0.0
2024-01-24 00:00:00-05:00,17.920000076293945,18.350000381469727,17.389999389648438,17.420000076293945,620500,0.0,0.0
2024-01-25 00:00:00-05:00,17.809999465942383,18.020000457763672,17.010000228881836,17.149999618530273,316400,0.0,0.0
2024-01-26 00:00:00-05:00,17.389999389648438,17.84000015258789,17.34000015258789,17.479999542236328,365400,0.0,0.0
2024-01-29 00:00:00-05:00,17.469999313354492,17.950000762939453,17.260000228881836,17.8799991607666,229500,0.0,0.0
2024-01-30 00:00:00-05:00,17.760000228881836,18.270000457763672,17.1299991607666,17.350000381469727,351100,0.0,0.0
2024-01-31 00:00:00-05:00,17.329999923706055,17.670000076293945,16.90999984741211,17.0,309600,0.0,0.0
2024-02-01 00:00:00-05:00,17.149999618530273,18.059999465942383,17.0,17.969999313354492,249200,0.0,0.0
2024-02-02 00:00:00-05:00,17.5,18.1200008392334,17.290000915527344,17.940000534057617,168100,0.0,0.0
2024-02-05 00:00:00-05:00,17.559999465942383,17.860000610351562,17.25,17.729999542236328,180300,0.0,0.0
2024-02-06 00:00:00-05:00,17.729999542236328,18.350000381469727,17.649999618530273,18.09000015258789,226100,0.0,0.0
2024-02-07 00:00:00-05:00,18.309999465942383,18.309999465942383,17.559999465942383,18.010000228881836,215400,0.0,0.0
2024-02-08 00:00:00-05:00,18.040000915527344,18.729999542236328,17.8799991607666,18.610000610351562,309400,0.0,0.0
2024-02-09 00:00:00-05:00,18.81999969482422,19.020000457763672,18.34000015258789,18.649999618530273,234400,0.0,0.0
2024-02-12 00:00:00-05:00,18.829999923706055,19.100000381469727,18.399999618530273,18.81999969482422,407000,0.0,0.0
2024-02-13 00:00:00-05:00,17.84000015258789,18.040000915527344,17.059999465942383,17.5,492500,0.0,0.0
2024-02-14 00:00:00-05:00,18.0,18.270000457763672,17.56999969482422,17.81999969482422,405000,0.0,0.0
2024-02-15 00:00:00-05:00,17.989999771118164,18.40999984741211,17.68000030517578,18.190000534057617,597000,0.0,0.0
2024-02-16 00:00:00-05:00,17.93000030517578,18.280000686645508,17.649999618530273,17.649999618530273,233000,0.0,0.0
2024-02-20 00:00:00-05:00,17.309999465942383,17.709999084472656,17.260000228881836,17.59000015258789,320800,0.0,0.0
2024-02-21 00:00:00-05:00,17.5,17.59000015258789,17.15999984741211,17.5,266600,0.0,0.0
2024-02-22 00:00:00-05:00,17.530000686645508,18.0,17.25,17.790000915527344,266000,0.0,0.0
2024-02-23 00:00:00-05:00,17.8700008392334,17.969999313354492,17.459999084472656,17.5,302600,0.0,0.0
2024-02-26 00:00:00-05:00,17.3799991607666,18.15999984741211,17.149999618530273,17.600000381469727,253000,0.0,0.0
2024-02-27 00:00:00-05:00,17.739999771118164,18.049999237060547,17.079999923706055,17.110000610351562,280200,0.0,0.0
2024-02-28 00:00:00-05:00,16.809999465942383,17.559999465942383,16.510000228881836,17.100000381469727,424300,0.0,0.0
2024-02-29 00:00:00-05:00,17.520000457763672,17.93000030517578,16.780000686645508,16.899999618530273,453400,0.0,0.0
2024-03-01 00:00:00-05:00,14.550000190734863,18.420000076293945,14.5,17.969999313354492,986100,0.0,0.0
2024-03-04 00:00:00-05:00,18.100000381469727,19.1200008392334,17.469999313354492,18.149999618530273,613500,0.0,0.0
2024-03-05 00:00:00-05:00,17.84000015258789,18.139999389648438,16.760000228881836,17.020000457763672,505700,0.0,0.0
2024-03-06 00:00:00-05:00,17.219999313354492,17.8700008392334,16.860000610351562,17.520000457763672,684100,0.0,0.0
2024-03-07 00:00:00-05:00,17.860000610351562,17.93000030517578,17.100000381469727,17.260000228881836,386600,0.0,0.0
2024-03-08 00:00:00-05:00,17.420000076293945,17.81999969482422,17.079999923706055,17.360000610351562,472200,0.0,0.0
2024-03-11 00:00:00-04:00,17.280000686645508,17.6299991607666,16.950000762939453,16.979999542236328,282900,0.0,0.0
2024-03-12 00:00:00-04:00,16.959999084472656,17.1200008392334,16.3799991607666,16.649999618530273,529800,0.0,0.0
2024-03-13 00:00:00-04:00,16.6200008392334,17.649999618530273,16.610000610351562,17.610000610351562,278500,0.0,0.0
2024-03-14 00:00:00-04:00,17.459999084472656,17.90999984741211,17.040000915527344,17.260000228881836,373400,0.0,0.0
2024-03-15 00:00:00-04:00,17.18000030517578,17.600000381469727,16.940000534057617,17.31999969482422,506800,0.0,0.0
2024-03-18 00:00:00-04:00,17.360000610351562,17.799999237060547,16.959999084472656,17.0,238400,0.0,0.0
2024-03-19 00:00:00-04:00,16.739999771118164,17.700000762939453,16.739999771118164,17.639999389648438,193400,0.0,0.0
2024-03-20 00:00:00-04:00,17.809999465942383,18.260000228881836,17.3700008392334,17.90999984741211,263500,0.0,0.0
2024-03-21 00:00:00-04:00,17.969999313354492,18.34000015258789,17.420000076293945,18.260000228881836,464500,0.0,0.0
2024-03-22 00:00:00-04:00,18.309999465942383,18.84000015258789,18.139999389648438,18.6200008392334,225900,0.0,0.0
2024-03-25 00:00:00-04:00,18.6299991607666,19.020000457763672,18.270000457763672,18.799999237060547,271200,0.0,0.0
2024-03-26 00:00:00-04:00,18.920000076293945,19.18000030517578,18.100000381469727,18.100000381469727,394000,0.0,0.0
2024-03-27 00:00:00-04:00,18.3700008392334,18.530000686645508,17.950000762939453,18.459999084472656,599900,0.0,0.0
2024-03-28 00:00:00-04:00,18.43000030517578,19.020000457763672,18.43000030517578,18.549999237060547,519500,0.0,0.0
2024-04-01 00:00:00-04:00,18.299999237060547,18.760000228881836,17.389999389648438,17.899999618530273,470200,0.0,0.0
2024-04-02 00:00:00-04:00,17.40999984741211,18.020000457763672,17.190000534057617,17.600000381469727,518600,0.0,0.0
2024-04-03 00:00:00-04:00,17.450000762939453,17.75,17.18000030517578,17.31999969482422,346300,0.0,0.0
2024-04-04 00:00:00-04:00,18.209999084472656,18.670000076293945,17.489999771118164,17.510000228881836,330700,0.0,0.0
2024-04-05 00:00:00-04:00,17.389999389648438,17.6200008392334,17.079999923706055,17.1299991607666,207000,0.0,0.0
2024-04-08 00:00:00-04:00,17.190000534057617,17.68000030517578,17.149999618530273,17.309999465942383,261300,0.0,0.0
2024-04-09 00:00:00-04:00,17.350000381469727,18.479999542236328,17.299999237060547,18.15999984741211,318000,0.0,0.0
2024-04-10 00:00:00-04:00,17.260000228881836,17.899999618530273,17.190000534057617,17.260000228881836,280900,0.0,0.0
2024-04-11 00:00:00-04:00,17.489999771118164,17.489999771118164,16.940000534057617,17.100000381469727,158600,0.0,0.0
2024-04-12 00:00:00-04:00,16.889999389648438,17.059999465942383,16.25,16.5,177800,0.0,0.0
2024-04-15 00:00:00-04:00,16.450000762939453,16.75,15.470000267028809,15.680000305175781,373600,0.0,0.0
2024-04-16 00:00:00-04:00,15.5600004196167,16.690000534057617,15.100000381469727,16.0,429100,0.0,0.0
2024-04-17 00:00:00-04:00,16.219999313354492,16.389999389648438,15.09000015258789,15.140000343322754,313400,0.0,0.0
2024-04-18 00:00:00-04:00,15.029999732971191,16.040000915527344,14.84000015258789,15.859999656677246,601200,0.0,0.0
2024-04-19 00:00:00-04:00,15.829999923706055,16.010000228881836,15.420000076293945,15.859999656677246,475100,0.0,0.0
2024-04-22 00:00:00-04:00,15.949999809265137,16.979999542236328,15.720000267028809,16.799999237060547,560000,0.0,0.0
2024-04-23 00:00:00-04:00,16.8799991607666,17.709999084472656,16.799999237060547,17.020000457763672,527600,0.0,0.0
2024-04-24 00:00:00-04:00,17.09000015258789,18.020000457763672,16.899999618530273,17.190000534057617,522800,0.0,0.0
2024-04-25 00:00:00-04:00,16.780000686645508,17.1200008392334,16.100000381469727,16.860000610351562,400900,0.0,0.0
2024-04-26 00:00:00-04:00,16.950000762939453,17.549999237060547,16.40999984741211,17.530000686645508,393700,0.0,0.0
2024-04-29 00:00:00-04:00,17.799999237060547,18.219999313354492,17.700000762939453,17.860000610351562,386400,0.0,0.0
2024-04-30 00:00:00-04:00,17.56999969482422,17.809999465942383,17.260000228881836,17.540000915527344,443400,0.0,0.0
2024-05-01 00:00:00-04:00,17.68000030517578,18.149999618530273,17.299999237060547,17.479999542236328,478800,0.0,0.0
2024-05-02 00:00:00-04:00,17.790000915527344,18.329999923706055,17.34000015258789,18.15999984741211,359100,0.0,0.0
2024-05-03 00:00:00-04:00,18.459999084472656,18.790000915527344,17.6200008392334,18.030000686645508,374400,0.0,0.0
2024-05-06 00:00:00-04:00,18.229999542236328,18.5,17.850000381469727,18.149999618530273,388700,0.0,0.0
2024-05-07 00:00:00-04:00,18.170000076293945,18.639999389648438,18.0,18.600000381469727,241700,0.0,0.0
2024-05-08 00:00:00-04:00,18.299999237060547,18.299999237060547,17.149999618530273,17.940000534057617,588100,0.0,0.0
2024-05-09 00:00:00-04:00,17.829999923706055,18.139999389648438,17.209999084472656,18.010000228881836,511400,0.0,0.0
2024-05-10 00:00:00-04:00,17.899999618530273,20.889999389648438,17.700000762939453,19.540000915527344,1692900,0.0,0.0
2024-05-13 00:00:00-04:00,20.65999984741211,21.299999237060547,20.389999389648438,20.65999984741211,642500,0.0,0.0
2024-05-14 00:00:00-04:00,21.09000015258789,22.549999237060547,21.079999923706055,22.43000030517578,647800,0.0,0.0
2024-05-15 00:00:00-04:00,22.790000915527344,23.100000381469727,22.170000076293945,22.989999771118164,468000,0.0,0.0
2024-05-16 00:00:00-04:00,22.899999618530273,22.899999618530273,21.84000015258789,21.969999313354492,451200,0.0,0.0
2024-05-17 00:00:00-04:00,22.020000457763672,22.110000610351562,21.6299991607666,21.959999084472656,246700,0.0,0.0
2024-05-20 00:00:00-04:00,21.8700008392334,22.18000030517578,21.5,21.829999923706055,315000,0.0,0.0
2024-05-21 00:00:00-04:00,21.670000076293945,21.809999465942383,21.25,21.68000030517578,235200,0.0,0.0
2024-05-22 00:00:00-04:00,21.540000915527344,22.40999984741211,21.540000915527344,21.8799991607666,278700,0.0,0.0
2024-05-23 00:00:00-04:00,21.81999969482422,22.149999618530273,20.889999389648438,21.09000015258789,374000,0.0,0.0
2024-05-24 00:00:00-04:00,21.360000610351562,21.920000076293945,20.8700008392334,21.719999313354492,237600,0.0,0.0
2024-05-28 00:00:00-04:00,21.8700008392334,22.18000030517578,21.389999389648438,22.1299991607666,475600,0.0,0.0
2024-05-29 00:00:00-04:00,21.6299991607666,22.0,21.209999084472656,21.59000015258789,296700,0.0,0.0
2024-05-30 00:00:00-04:00,21.610000610351562,22.139999389648438,21.610000610351562,21.75,218800,0.0,0.0
2024-05-31 00:00:00-04:00,21.90999984741211,22.350000381469727,21.170000076293945,21.479999542236328,253800,0.0,0.0
2024-06-03 00:00:00-04:00,21.729999542236328,21.799999237060547,20.75,21.260000228881836,214900,0.0,0.0
2024-06-04 00:00:00-04:00,21.1200008392334,21.530000686645508,20.489999771118164,20.90999984741211,192600,0.0,0.0
2024-06-05 00:00:00-04:00,21.100000381469727,21.540000915527344,20.579999923706055,21.540000915527344,237700,0.0,0.0
2024-06-06 00:00:00-04:00,21.399999618530273,21.489999771118164,20.549999237060547,20.760000228881836,168600,0.0,0.0
2024-06-07 00:00:00-04:00,20.34000015258789,20.950000762939453,20.229999542236328,20.299999237060547,197600,0.0,0.0
2024-06-10 00:00:00-04:00,19.969999313354492,21.600000381469727,19.829999923706055,21.520000457763672,412300,0.0,0.0
2024-06-11 00:00:00-04:00,21.190000534057617,21.559999465942383,20.860000610351562,21.40999984741211,268000,0.0,0.0
2024-06-12 00:00:00-04:00,22.3799991607666,22.670000076293945,21.65999984741211,21.770000457763672,363200,0.0,0.0
2024-06-13 00:00:00-04:00,21.770000457763672,22.09000015258789,20.360000610351562,20.540000915527344,199400,0.0,0.0
2024-06-14 00:00:00-04:00,20.25,20.399999618530273,19.899999618530273,20.200000762939453,167400,0.0,0.0
2024-06-17 00:00:00-04:00,20.489999771118164,20.940000534057617,20.079999923706055,20.25,435600,0.0,0.0
2024-06-18 00:00:00-04:00,20.219999313354492,20.6299991607666,19.6299991607666,19.959999084472656,420100,0.0,0.0
2024-06-20 00:00:00-04:00,19.829999923706055,20.959999084472656,19.5,20.829999923706055,324600,0.0,0.0
2024-06-21 00:00:00-04:00,20.850000381469727,21.329999923706055,20.43000030517578,21.0,655500,0.0,0.0
2024-06-24 00:00:00-04:00,21.239999771118164,21.899999618530273,20.6299991607666,21.510000228881836,543600,0.0,0.0
2024-06-25 00:00:00-04:00,21.43000030517578,21.670000076293945,20.940000534057617,21.360000610351562,338500,0.0,0.0
2024-06-26 00:00:00-04:00,21.280000686645508,21.950000762939453,21.100000381469727,21.489999771118164,306500,0.0,0.0
2024-06-27 00:00:00-04:00,21.579999923706055,21.829999923706055,20.399999618530273,20.5,294700,0.0,0.0
2024-06-28 00:00:00-04:00,20.610000610351562,21.56999969482422,20.440000534057617,21.43000030517578,548700,0.0,0.0
2024-07-01 00:00:00-04:00,21.399999618530273,21.610000610351562,20.479999542236328,20.790000915527344,213200,0.0,0.0
2024-07-02 00:00:00-04:00,20.93000030517578,21.139999389648438,20.06999969482422,20.229999542236328,274700,0.0,0.0
2024-07-03 00:00:00-04:00,20.360000610351562,20.3700008392334,19.6299991607666,20.030000686645508,166700,0.0,0.0
2024-07-05 00:00:00-04:00,19.780000686645508,20.1299991607666,19.639999389648438,20.0,190700,0.0,0.0
2024-07-08 00:00:00-04:00,20.06999969482422,20.899999618530273,19.719999313354492,20.450000762939453,234000,0.0,0.0
2024-07-09 00:00:00-04:00,20.440000534057617,20.729999542236328,19.020000457763672,19.190000534057617,503200,0.0,0.0
2024-07-10 00:00:00-04:00,19.170000076293945,19.450000762939453,18.719999313354492,19.309999465942383,431900,0.0,0.0
2024-07-11 00:00:00-04:00,20.040000915527344,21.1200008392334,18.700000762939453,20.969999313354492,623700,0.0,0.0
2024-07-12 00:00:00-04:00,21.469999313354492,21.469999313354492,20.639999389648438,20.719999313354492,238500,0.0,0.0
2024-07-15 00:00:00-04:00,20.850000381469727,21.209999084472656,20.350000381469727,20.799999237060547,271100,0.0,0.0
2024-07-16 00:00:00-04:00,21.15999984741211,22.93000030517578,20.950000762939453,22.770000457763672,534000,0.0,0.0
2024-07-17 00:00:00-04:00,22.56999969482422,23.299999237060547,22.399999618530273,22.510000228881836,450900,0.0,0.0
2024-07-18 00:00:00-04:00,22.5,22.5,21.110000610351562,21.450000762939453,273600,0.0,0.0
2024-07-19 00:00:00-04:00,21.559999465942383,21.739999771118164,20.860000610351562,21.020000457763672,224000,0.0,0.0
2024-07-22 00:00:00-04:00,21.209999084472656,21.690000534057617,20.93000030517578,21.68000030517578,266600,0.0,0.0
2024-07-23 00:00:00-04:00,21.690000534057617,23.06999969482422,21.690000534057617,22.760000228881836,301200,0.0,0.0
2024-07-24 00:00:00-04:00,22.59000015258789,23.31999969482422,22.290000915527344,22.350000381469727,276500,0.0,0.0
2024-07-25 00:00:00-04:00,22.360000610351562,23.469999313354492,22.270000457763672,23.030000686645508,292200,0.0,0.0
2024-07-26 00:00:00-04:00,23.600000381469727,24.149999618530273,23.469999313354492,24.040000915527344,348600,0.0,0.0
2024-07-29 00:00:00-04:00,24.149999618530273,24.149999618530273,23.34000015258789,23.799999237060547,275600,0.0,0.0
2024-07-30 00:00:00-04:00,24.030000686645508,24.510000228881836,23.299999237060547,24.040000915527344,298200,0.0,0.0
2024-07-31 00:00:00-04:00,24.18000030517578,24.5,23.809999465942383,24.020000457763672,340200,0.0,0.0
2024-08-01 00:00:00-04:00,24.18000030517578,24.290000915527344,22.850000381469727,23.360000610351562,309400,0.0,0.0
2024-08-02 00:00:00-04:00,22.190000534057617,22.65999984741211,21.610000610351562,22.649999618530273,349500,0.0,0.0
2024-08-05 00:00:00-04:00,20.5,22.40999984741211,20.200000762939453,22.09000015258789,528500,0.0,0.0
2024-08-06 00:00:00-04:00,22.25,23.1200008392334,21.68000030517578,22.8799991607666,229700,0.0,0.0
2024-08-07 00:00:00-04:00,23.260000228881836,23.260000228881836,21.770000457763672,22.049999237060547,253100,0.0,0.0
2024-08-08 00:00:00-04:00,22.459999084472656,23.139999389648438,22.1299991607666,22.739999771118164,489500,0.0,0.0
2024-08-09 00:00:00-04:00,24.479999542236328,25.719999313354492,22.059999465942383,25.25,1004600,0.0,0.0
2024-08-12 00:00:00-04:00,25.309999465942383,25.799999237060547,24.399999618530273,25.799999237060547,465800,0.0,0.0
2024-08-13 00:00:00-04:00,25.8700008392334,26.729999542236328,25.31999969482422,26.520000457763672,516000,0.0,0.0
2024-08-14 00:00:00-04:00,26.549999237060547,26.549999237060547,25.389999389648438,25.899999618530273,358900,0.0,0.0
2024-08-15 00:00:00-04:00,26.299999237060547,26.329999923706055,25.65999984741211,25.760000228881836,272200,0.0,0.0
2024-08-16 00:00:00-04:00,25.65999984741211,25.979999542236328,25.290000915527344,25.850000381469727,334100,0.0,0.0
2024-08-19 00:00:00-04:00,25.8700008392334,26.530000686645508,25.280000686645508,26.420000076293945,338700,0.0,0.0
2024-08-20 00:00:00-04:00,26.489999771118164,26.59000015258789,25.540000915527344,25.56999969482422,368400,0.0,0.0
2024-08-21 00:00:00-04:00,25.75,25.979999542236328,25.25,25.719999313354492,338400,0.0,0.0
2024-08-22 00:00:00-04:00,25.84000015258789,26.280000686645508,24.299999237060547,24.450000762939453,291600,0.0,0.0
2024-08-23 00:00:00-04:00,24.6299991607666,25.440000534057617,24.260000228881836,25.299999237060547,415500,0.0,0.0
2024-08-26 00:00:00-04:00,25.489999771118164,26.670000076293945,24.780000686645508,25.979999542236328,327100,0.0,0.0
2024-08-27 00:00:00-04:00,25.81999969482422,26.059999465942383,25.18000030517578,25.850000381469727,265600,0.0,0.0
2024-08-28 00:00:00-04:00,25.510000228881836,25.770000457763672,25.010000228881836,25.350000381469727,229000,0.0,0.0
2024-08-29 00:00:00-04:00,25.65999984741211,26.309999465942383,25.399999618530273,25.920000076293945,266400,0.0,0.0
2024-08-30 00:00:00-04:00,26.030000686645508,26.329999923706055,25.010000228881836,25.8799991607666,394400,0.0,0.0
2024-09-03 00:00:00-04:00,25.530000686645508,25.6299991607666,24.290000915527344,24.43000030517578,284500,0.0,0.0
2024-09-04 00:00:00-04:00,24.360000610351562,25.200000762939453,24.030000686645508,24.68000030517578,144200,0.0,0.0
2024-09-05 00:00:00-04:00,24.739999771118164,24.809999465942383,24.25,24.729999542236328,125400,0.0,0.0
2024-09-06 00:00:00-04:00,24.799999237060547,24.799999237060547,23.1200008392334,23.790000915527344,362200,0.0,0.0
2024-09-09 00:00:00-04:00,23.81999969482422,24.059999465942383,22.969999313354492,23.1200008392334,259800,0.0,0.0
2024-09-10 00:00:00-04:00,23.190000534057617,23.729999542236328,22.8700008392334,23.709999084472656,265500,0.0,0.0
2024-09-11 00:00:00-04:00,23.469999313354492,23.510000228881836,22.59000015258789,23.190000534057617,230100,0.0,0.0
2024-09-12 00:00:00-04:00,23.239999771118164,24.3799991607666,22.690000534057617,24.280000686645508,202600,0.0,0.0
2024-09-13 00:00:00-04:00,24.520000457763672,25.43000030517578,24.520000457763672,25.1200008392334,345300,0.0,0.0
2024-09-16 00:00:00-04:00,25.260000228881836,25.579999923706055,24.719999313354492,25.459999084472656,272000,0.0,0.0
2024-09-17 00:00:00-04:00,25.899999618530273,26.100000381469727,23.290000915527344,23.450000762939453,503900,0.0,0.0
2024-09-18 00:00:00-04:00,23.360000610351562,25.0,23.139999389648438,23.719999313354492,401800,0.0,0.0
2024-09-19 00:00:00-04:00,24.40999984741211,26.06999969482422,24.309999465942383,25.719999313354492,585600,0.0,0.0
2024-09-20 00:00:00-04:00,25.549999237060547,26.049999237060547,25.170000076293945,25.770000457763672,780800,0.0,0.0
2024-09-23 00:00:00-04:00,25.790000915527344,25.920000076293945,24.559999465942383,24.799999237060547,186900,0.0,0.0
2024-09-24 00:00:00-04:00,24.889999389648438,25.280000686645508,24.520000457763672,24.790000915527344,204600,0.0,0.0
2024-09-25 00:00:00-04:00,24.81999969482422,25.030000686645508,23.549999237060547,23.979999542236328,308900,0.0,0.0
2024-09-26 00:00:00-04:00,24.479999542236328,24.56999969482422,23.8700008392334,24.170000076293945,254300,0.0,0.0
2024-09-27 00:00:00-04:00,24.5,24.799999237060547,24.0,24.34000015258789,169500,0.0,0.0
2024-09-30 00:00:00-04:00,25.030000686645508,25.6299991607666,24.729999542236328,25.040000915527344,225200,0.0,0.0
2024-10-01 00:00:00-04:00,24.8799991607666,24.8799991607666,24.020000457763672,24.139999389648438,291200,0.0,0.0
2024-10-02 00:00:00-04:00,23.850000381469727,24.440000534057617,23.610000610351562,24.290000915527344,282200,0.0,0.0
2024-10-03 00:00:00-04:00,24.229999542236328,24.940000534057617,24.049999237060547,24.329999923706055,189200,0.0,0.0
2024-10-04 00:00:00-04:00,24.809999465942383,25.030000686645508,24.25,24.540000915527344,211500,0.0,0.0
2024-10-07 00:00:00-04:00,24.270000457763672,24.520000457763672,23.65999984741211,23.950000762939453,357400,0.0,0.0
2024-10-08 00:00:00-04:00,24.06999969482422,24.139999389648438,23.610000610351562,23.739999771118164,177500,0.0,0.0
2024-10-09 00:00:00-04:00,23.6299991607666,23.81999969482422,23.209999084472656,23.399999618530273,128900,0.0,0.0
2024-10-10 00:00:00-04:00,22.989999771118164,23.18000030517578,21.899999618530273,22.200000762939453,329200,0.0,0.0
2024-10-11 00:00:00-04:00,22.18000030517578,22.719999313354492,22.09000015258789,22.600000381469727,384400,0.0,0.0
2024-10-14 00:00:00-04:00,22.709999084472656,23.760000228881836,22.290000915527344,23.440000534057617,212400,0.0,0.0
2024-10-15 00:00:00-04:00,23.280000686645508,23.510000228881836,23.010000228881836,23.440000534057617,245000,0.0,0.0
2024-10-16 00:00:00-04:00,23.600000381469727,23.600000381469727,22.850000381469727,22.950000762939453,284900,0.0,0.0
2024-10-17 00:00:00-04:00,22.899999618530273,23.31999969482422,22.68000030517578,23.139999389648438,246400,0.0,0.0
2024-10-18 00:00:00-04:00,23.139999389648438,23.65999984741211,23.1200008392334,23.6299991607666,188900,0.0,0.0
2024-10-21 00:00:00-04:00,23.6299991607666,23.8700008392334,22.81999969482422,23.010000228881836,200600,0.0,0.0
2024-10-22 00:00:00-04:00,22.799999237060547,23.010000228881836,22.06999969482422,22.610000610351562,198300,0.0,0.0
2024-10-23 00:00:00-04:00,22.43000030517578,22.850000381469727,21.479999542236328,21.940000534057617,486300,0.0,0.0
2024-10-24 00:00:00-04:00,22.1299991607666,22.190000534057617,21.31999969482422,21.610000610351562,407000,0.0,0.0
2024-10-25 00:00:00-04:00,21.75,22.420000076293945,21.540000915527344,22.030000686645508,161500,0.0,0.0
2024-10-28 00:00:00-04:00,22.350000381469727,23.010000228881836,22.06999969482422,22.860000610351562,225000,0.0,0.0
2024-10-29 00:00:00-04:00,22.700000762939453,23.799999237060547,22.5,23.59000015258789,239600,0.0,0.0
2024-10-30 00:00:00-04:00,23.40999984741211,24.34000015258789,23.40999984741211,24.059999465942383,241700,0.0,0.0
2024-10-31 00:00:00-04:00,23.8799991607666,23.8799991607666,23.1200008392334,23.399999618530273,341900,0.0,0.0
2024-11-01 00:00:00-04:00,23.639999389648438,24.329999923706055,23.610000610351562,24.06999969482422,216500,0.0,0.0
2024-11-04 00:00:00-05:00,23.850000381469727,25.6200008392334,23.850000381469727,25.559999465942383,328900,0.0,0.0
2024-11-05 00:00:00-05:00,25.25,26.350000381469727,25.100000381469727,25.920000076293945,300300,0.0,0.0
2024-11-06 00:00:00-05:00,26.889999389648438,27.360000610351562,26.040000915527344,26.600000381469727,384000,0.0,0.0
2024-11-07 00:00:00-05:00,26.549999237060547,26.850000381469727,25.940000534057617,26.139999389648438,229600,0.0,0.0
2024-11-08 00:00:00-05:00,26.1299991607666,26.540000915527344,25.770000457763672,26.1299991607666,355100,0.0,0.0
2024-11-11 00:00:00-05:00,26.520000457763672,27.0,26.190000534057617,26.600000381469727,819200,0.0,0.0
2024-11-12 00:00:00-05:00,26.600000381469727,27.540000915527344,25.649999618530273,26.5,1273900,0.0,0.0
2024-11-13 00:00:00-05:00,26.299999237060547,28.8799991607666,24.020000457763672,24.110000610351562,984700,0.0,0.0
2024-11-14 00:00:00-05:00,24.09000015258789,24.260000228881836,21.110000610351562,21.649999618530273,819000,0.0,0.0
2024-11-15 00:00:00-05:00,21.860000610351562,22.010000228881836,20.760000228881836,21.020000457763672,900500,0.0,0.0
2024-11-18 00:00:00-05:00,20.299999237060547,20.700000762939453,19.469999313354492,20.469999313354492,700600,0.0,0.0
2024-11-19 00:00:00-05:00,20.3799991607666,22.510000228881836,19.969999313354492,22.440000534057617,713100,0.0,0.0
2024-11-20 00:00:00-05:00,22.350000381469727,25.110000610351562,21.899999618530273,25.010000228881836,926400,0.0,0.0
2024-11-21 00:00:00-05:00,25.100000381469727,26.1200008392334,24.31999969482422,25.389999389648438,694000,0.0,0.0
2024-11-22 00:00:00-05:00,25.729999542236328,26.059999465942383,25.100000381469727,26.010000228881836,585700,0.0,0.0
2024-11-25 00:00:00-05:00,26.350000381469727,27.3700008392334,26.219999313354492,26.770000457763672,807600,0.0,0.0
2024-11-26 00:00:00-05:00,26.649999618530273,27.40999984741211,26.229999542236328,27.059999465942383,618100,0.0,0.0
2024-11-27 00:00:00-05:00,27.299999237060547,27.799999237060547,26.940000534057617,27.15999984741211,294500,0.0,0.0
2024-11-29 00:00:00-05:00,27.450000762939453,27.940000534057617,27.280000686645508,27.469999313354492,200100,0.0,0.0
2024-12-02 00:00:00-05:00,27.459999084472656,27.8799991607666,26.969999313354492,27.270000457763672,445600,0.0,0.0
2024-12-03 00:00:00-05:00,27.0,27.440000534057617,26.610000610351562,26.809999465942383,294700,0.0,0.0
2024-12-04 00:00:00-05:00,26.889999389648438,27.34000015258789,26.309999465942383,26.3799991607666,267300,0.0,0.0
2024-12-05 00:00:00-05:00,26.190000534057617,26.280000686645508,24.799999237060547,25.18000030517578,256900,0.0,0.0
2024-12-06 00:00:00-05:00,25.3700008392334,26.43000030517578,25.3700008392334,26.239999771118164,217300,0.0,0.0
2024-12-09 00:00:00-05:00,26.530000686645508,26.829999923706055,25.989999771118164,26.270000457763672,136400,0.0,0.0
2024-12-10 00:00:00-05:00,26.40999984741211,26.959999084472656,26.079999923706055,26.200000762939453,226800,0.0,0.0
2024-12-11 00:00:00-05:00,26.649999618530273,26.920000076293945,26.139999389648438,26.31999969482422,151000,0.0,0.0
2024-12-12 00:00:00-05:00,26.059999465942383,27.520000457763672,26.059999465942383,26.719999313354492,260900,0.0,0.0
2024-12-13 00:00:00-05:00,26.770000457763672,27.3700008392334,26.1299991607666,26.700000762939453,365400,0.0,0.0
2024-12-16 00:00:00-05:00,26.770000457763672,28.350000381469727,26.479999542236328,27.3700008392334,496800,0.0,0.0
2024-12-17 00:00:00-05:00,27.3700008392334,27.729999542236328,26.59000015258789,26.8700008392334,334300,0.0,0.0
2024-12-18 00:00:00-05:00,27.110000610351562,27.399999618530273,24.770000457763672,24.979999542236328,376900,0.0,0.0
2024-12-19 00:00:00-05:00,25.440000534057617,26.3799991607666,24.299999237060547,26.110000610351562,408200,0.0,0.0
2024-12-20 00:00:00-05:00,25.579999923706055,28.6299991607666,25.1299991607666,27.389999389648438,1077500,0.0,0.0
2024-12-23 00:00:00-05:00,27.299999237060547,28.280000686645508,26.200000762939453,26.3799991607666,460500,0.0,0.0
2024-12-24 00:00:00-05:00,26.469999313354492,27.940000534057617,25.520000457763672,26.5,106600,0.0,0.0
2024-12-26 00:00:00-05:00,26.030000686645508,27.149999618530273,26.020000457763672,27.030000686645508,125300,0.0,0.0
2024-12-27 00:00:00-05:00,26.56999969482422,26.799999237060547,25.850000381469727,26.59000015258789,201300,0.0,0.0
2024-12-30 00:00:00-05:00,26.25,26.579999923706055,25.610000610351562,26.270000457763672,155200,0.0,0.0
2024-12-31 00:00:00-05:00,26.40999984741211,27.06999969482422,25.850000381469727,25.959999084472656,122800,0.0,0.0
2025-01-02 00:00:00-05:00,26.18000030517578,27.0,25.829999923706055,26.18000030517578,179200,0.0,0.0
2025-01-03 00:00:00-05:00,26.350000381469727,26.8700008392334,25.940000534057617,26.420000076293945,168200,0.0,0.0
2025-01-06 00:00:00-05:00,26.329999923706055,27.670000076293945,26.329999923706055,27.260000228881836,200900,0.0,0.0
2025-01-07 00:00:00-05:00,27.6200008392334,28.239999771118164,26.559999465942383,27.110000610351562,267900,0.0,0.0
2025-01-08 00:00:00-05:00,27.5,28.020000457763672,26.649999618530273,27.690000534057617,270100,0.0,0.0
2025-01-10 00:00:00-05:00,27.149999618530273,27.15999984741211,26.18000030517578,26.610000610351562,207100,0.0,0.0
2025-01-13 00:00:00-05:00,25.770000457763672,27.15999984741211,24.770000457763672,26.969999313354492,322200,0.0,0.0
2025-01-14 00:00:00-05:00,27.479999542236328,28.100000381469727,25.420000076293945,26.270000457763672,301900,0.0,0.0
2025-01-15 00:00:00-05:00,27.469999313354492,27.8700008392334,26.68000030517578,26.709999084472656,250900,0.0,0.0
2025-01-16 00:00:00-05:00,26.65999984741211,27.350000381469727,26.059999465942383,26.450000762939453,192200,0.0,0.0
2025-01-17 00:00:00-05:00,26.739999771118164,26.739999771118164,25.729999542236328,26.139999389648438,146800,0.0,0.0
2025-01-21 00:00:00-05:00,26.459999084472656,27.739999771118164,26.459999084472656,27.479999542236328,208000,0.0,0.0
2025-01-22 00:00:00-05:00,27.329999923706055,28.3700008392334,27.290000915527344,27.469999313354492,161200,0.0,0.0
2025-01-23 00:00:00-05:00,27.299999237060547,28.079999923706055,27.1299991607666,27.84000015258789,197800,0.0,0.0
2025-01-24 00:00:00-05:00,27.600000381469727,28.469999313354492,27.5,27.780000686645508,281300,0.0,0.0
2025-01-27 00:00:00-05:00,27.479999542236328,28.489999771118164,27.3700008392334,28.280000686645508,244900,0.0,0.0
2025-01-28 00:00:00-05:00,28.600000381469727,29.459999084472656,28.1299991607666,28.489999771118164,267000,0.0,0.0
2025-01-29 00:00:00-05:00,28.469999313354492,28.530000686645508,27.239999771118164,28.299999237060547,167300,0.0,0.0
2025-01-30 00:00:00-05:00,28.68000030517578,29.549999237060547,27.510000228881836,27.700000762939453,246100,0.0,0.0
2025-01-31 00:00:00-05:00,27.649999618530273,28.1299991607666,27.149999618530273,27.309999465942383,175800,0.0,0.0
2025-02-03 00:00:00-05:00,26.5,27.1299991607666,26.010000228881836,26.6200008392334,315300,0.0,0.0
2025-02-04 00:00:00-05:00,26.549999237060547,27.59000015258789,25.639999389648438,26.329999923706055,263200,0.0,0.0
2025-02-05 00:00:00-05:00,26.479999542236328,27.739999771118164,26.31999969482422,26.719999313354492,209800,0.0,0.0
2025-02-06 00:00:00-05:00,26.729999542236328,26.829999923706055,26.079999923706055,26.190000534057617,212100,0.0,0.0
2025-02-07 00:00:00-05:00,26.100000381469727,26.6200008392334,25.25,26.100000381469727,297700,0.0,0.0
2025-02-10 00:00:00-05:00,26.139999389648438,26.200000762939453,25.59000015258789,25.90999984741211,199200,0.0,0.0
2025-02-11 00:00:00-05:00,25.6299991607666,27.149999618530273,25.6299991607666,26.8700008392334,314800,0.0,0.0
2025-02-12 00:00:00-05:00,26.31999969482422,26.81999969482422,26.040000915527344,26.34000015258789,293500,0.0,0.0
2025-02-13 00:00:00-05:00,26.889999389648438,27.34000015258789,25.84000015258789,27.139999389648438,244300,0.0,0.0
2025-02-14 00:00:00-05:00,27.579999923706055,27.979999542236328,26.799999237060547,27.770000457763672,293800,0.0,0.0
2025-02-18 00:00:00-05:00,27.81999969482422,28.549999237060547,27.420000076293945,28.31999969482422,220500,0.0,0.0
2025-02-19 00:00:00-05:00,28.020000457763672,28.920000076293945,27.610000610351562,27.93000030517578,276700,0.0,0.0
2025-02-20 00:00:00-05:00,27.850000381469727,28.1299991607666,27.479999542236328,27.510000228881836,238300,0.0,0.0
2025-02-21 00:00:00-05:00,27.899999618530273,27.899999618530273,26.420000076293945,26.670000076293945,259900,0.0,0.0
2025-02-24 00:00:00-05:00,26.670000076293945,27.549999237060547,25.5,25.719999313354492,409300,0.0,0.0
2025-02-25 00:00:00-05:00,25.700000762939453,25.889999389648438,24.690000534057617,25.1299991607666,522600,0.0,0.0
2025-02-26 00:00:00-05:00,25.040000915527344,26.059999465942383,24.729999542236328,25.15999984741211,266900,0.0,0.0
2025-02-27 00:00:00-05:00,24.969999313354492,25.190000534057617,23.5,23.579999923706055,277600,0.0,0.0
2025-02-28 00:00:00-05:00,23.3700008392334,24.989999771118164,23.3700008392334,24.0,425100,0.0,0.0
2025-03-03 00:00:00-05:00,25.809999465942383,26.690000534057617,24.18000030517578,24.510000228881836,422100,0.0,0.0
2025-03-04 00:00:00-05:00,24.030000686645508,26.0,23.649999618530273,24.84000015258789,422000,0.0,0.0
2025-03-05 00:00:00-05:00,24.8700008392334,26.3700008392334,24.6200008392334,26.25,502300,0.0,0.0
2025-03-06 00:00:00-05:00,26.149999618530273,27.700000762939453,25.559999465942383,26.799999237060547,531200,0.0,0.0
2025-03-07 00:00:00-05:00,26.6299991607666,27.020000457763672,25.639999389648438,25.829999923706055,608300,0.0,0.0
2025-03-10 00:00:00-04:00,25.280000686645508,25.719999313354492,24.600000381469727,24.860000610351562,648700,0.0,0.0
2025-03-11 00:00:00-04:00,24.860000610351562,26.829999923706055,24.489999771118164,26.6200008392334,446200,0.0,0.0
2025-03-12 00:00:00-04:00,26.889999389648438,27.049999237060547,25.729999542236328,26.270000457763672,284800,0.0,0.0
2025-03-13 00:00:00-04:00,25.979999542236328,26.260000228881836,24.889999389648438,25.059999465942383,278300,0.0,0.0
2025-03-14 00:00:00-04:00,25.43000030517578,26.1299991607666,24.1200008392334,25.0,381100,0.0,0.0
2025-03-17 00:00:00-04:00,25.329999923706055,26.020000457763672,24.81999969482422,25.920000076293945,222900,0.0,0.0
2025-03-18 00:00:00-04:00,25.5,25.540000915527344,24.280000686645508,25.329999923706055,376900,0.0,0.0
2025-03-19 00:00:00-04:00,25.270000457763672,26.110000610351562,25.229999542236328,25.479999542236328,264600,0.0,0.0
2025-03-20 00:00:00-04:00,24.989999771118164,25.579999923706055,24.420000076293945,25.059999465942383,364500,0.0,0.0
2025-03-21 00:00:00-04:00,24.809999465942383,25.739999771118164,24.190000534057617,24.989999771118164,570100,0.0,0.0
2025-03-24 00:00:00-04:00,25.469999313354492,26.5,25.34000015258789,26.40999984741211,233300,0.0,0.0
2025-03-25 00:00:00-04:00,26.290000915527344,26.290000915527344,25.399999618530273,25.81999969482422,248400,0.0,0.0
2025-03-26 00:00:00-04:00,25.770000457763672,25.770000457763672,25.030000686645508,25.5,183100,0.0,0.0
2025-03-27 00:00:00-04:00,25.530000686645508,26.299999237060547,25.049999237060547,26.170000076293945,279400,0.0,0.0
2025-03-28 00:00:00-04:00,26.15999984741211,26.15999984741211,25.209999084472656,25.959999084472656,345300,0.0,0.0
2025-03-31 00:00:00-04:00,25.389999389648438,25.639999389648438,22.15999984741211,22.84000015258789,1137700,0.0,0.0
2025-04-01 00:00:00-04:00,22.649999618530273,23.799999237060547,21.889999389648438,22.829999923706055,788500,0.0,0.0
2025-04-02 00:00:00-04:00,22.399999618530273,24.100000381469727,22.09000015258789,23.780000686645508,500500,0.0,0.0
2025-04-03 00:00:00-04:00,22.549999237060547,23.100000381469727,21.8700008392334,22.440000534057617,591100,0.0,0.0
2025-04-04 00:00:00-04:00,21.40999984741211,22.309999465942383,20.06999969482422,20.8799991607666,1068700,0.0,0.0
2025-04-07 00:00:00-04:00,20.100000381469727,22.1200008392334,19.149999618530273,21.940000534057617,1163700,0.0,0.0
2025-04-08 00:00:00-04:00,22.389999389648438,22.959999084472656,20.399999618530273,20.639999389648438,785700,0.0,0.0
2025-04-09 00:00:00-04:00,19.889999389648438,23.729999542236328,19.100000381469727,22.790000915527344,1020200,0.0,0.0
2025-04-10 00:00:00-04:00,21.90999984741211,22.299999237060547,20.799999237060547,20.989999771118164,728800,0.0,0.0
2025-04-11 00:00:00-04:00,20.8799991607666,21.989999771118164,20.520000457763672,21.899999618530273,596300,0.0,0.0
2025-04-14 00:00:00-04:00,22.3799991607666,22.389999389648438,21.559999465942383,22.079999923706055,505200,0.0,0.0
2025-04-15 00:00:00-04:00,22.40999984741211,23.049999237060547,21.93000030517578,22.43000030517578,438400,0.0,0.0
2025-04-16 00:00:00-04:00,22.389999389648438,22.959999084472656,21.350000381469727,22.260000228881836,529200,0.0,0.0
2025-04-17 00:00:00-04:00,22.18000030517578,22.600000381469727,21.770000457763672,21.90999984741211,529600,0.0,0.0
2025-04-21 00:00:00-04:00,21.5,21.6200008392334,20.860000610351562,21.149999618530273,685200,0.0,0.0
2025-04-22 00:00:00-04:00,21.65999984741211,22.729999542236328,21.450000762939453,21.889999389648438,606900,0.0,0.0
2025-04-23 00:00:00-04:00,22.979999542236328,24.719999313354492,22.829999923706055,24.350000381469727,793200,0.0,0.0
2025-04-24 00:00:00-04:00,24.540000915527344,24.90999984741211,23.8799991607666,24.799999237060547,455300,0.0,0.0
2025-04-25 00:00:00-04:00,24.540000915527344,24.989999771118164,24.040000915527344,24.959999084472656,336500,0.0,0.0
2025-04-28 00:00:00-04:00,25.0,25.3700008392334,23.739999771118164,24.469999313354492,415500,0.0,0.0
2025-04-29 00:00:00-04:00,24.43000030517578,25.020000457763672,24.1200008392334,24.709999084472656,288200,0.0,0.0
2025-04-30 00:00:00-04:00,24.3799991607666,24.3799991607666,23.219999313354492,24.110000610351562,589800,0.0,0.0
2025-05-01 00:00:00-04:00,24.200000762939453,25.040000915527344,23.450000762939453,24.600000381469727,438900,0.0,0.0
2025-05-02 00:00:00-04:00,24.520000457763672,25.600000381469727,24.520000457763672,25.270000457763672,245300,0.0,0.0
2025-05-05 00:00:00-04:00,24.979999542236328,25.270000457763672,24.149999618530273,24.200000762939453,536200,0.0,0.0
2025-05-06 00:00:00-04:00,24.350000381469727,24.530000686645508,21.40999984741211,21.950000762939453,1213400,0.0,0.0
2025-05-07 00:00:00-04:00,22.149999618530273,22.290000915527344,21.1299991607666,21.34000015258789,764600,0.0,0.0
2025-05-08 00:00:00-04:00,21.56999969482422,22.510000228881836,21.15999984741211,22.360000610351562,659000,0.0,0.0
2025-05-09 00:00:00-04:00,21.40999984741211,25.239999771118164,21.40999984741211,23.290000915527344,1161700,0.0,0.0
2025-05-12 00:00:00-04:00,24.06999969482422,24.530000686645508,23.799999237060547,23.889999389648438,587100,0.0,0.0
2025-05-13 00:00:00-04:00,23.93000030517578,24.030000686645508,22.8799991607666,23.09000015258789,445900,0.0,0.0
2025-05-14 00:00:00-04:00,23.059999465942383,23.059999465942383,22.020000457763672,22.049999237060547,725400,0.0,0.0
2025-05-15 00:00:00-04:00,22.049999237060547,22.34000015258789,21.350000381469727,21.989999771118164,849500,0.0,0.0
2025-05-16 00:00:00-04:00,22.020000457763672,23.639999389648438,21.559999465942383,23.59000015258789,745700,0.0,0.0
2025-05-19 00:00:00-04:00,23.1200008392334,23.860000610351562,22.469999313354492,22.940000534057617,480000,0.0,0.0
2025-05-20 00:00:00-04:00,22.959999084472656,23.459999084472656,22.459999084472656,22.809999465942383,350200,0.0,0.0
2025-05-21 00:00:00-04:00,22.3700008392334,22.690000534057617,21.850000381469727,22.09000015258789,478900,0.0,0.0
2025-05-22 00:00:00-04:00,21.90999984741211,22.280000686645508,21.860000610351562,22.100000381469727,265600,0.0,0.0
2025-05-23 00:00:00-04:00,21.5,22.09000015258789,21.479999542236328,21.780000686645508,284700,0.0,0.0
2025-05-27 00:00:00-04:00,22.229999542236328,22.6299991607666,21.510000228881836,22.260000228881836,425900,0.0,0.0
2025-05-28 00:00:00-04:00,22.229999542236328,22.610000610351562,21.809999465942383,22.350000381469727,479500,0.0,0.0
2025-05-29 00:00:00-04:00,22.520000457763672,22.719999313354492,22.149999618530273,22.31999969482422,489800,0.0,0.0
2025-05-30 00:00:00-04:00,22.190000534057617,22.469999313354492,21.59000015258789,21.8799991607666,786300,0.0,0.0
2025-06-02 00:00:00-04:00,21.600000381469727,21.90999984741211,20.540000915527344,20.690000534057617,786300,0.0,0.0
2025-06-03 00:00:00-04:00,20.760000228881836,21.469999313354492,20.18000030517578,21.3799991607666,482900,0.0,0.0
2025-06-04 00:00:00-04:00,21.40999984741211,22.059999465942383,20.940000534057617,22.030000686645508,417000,0.0,0.0
2025-06-05 00:00:00-04:00,22.18000030517578,22.420000076293945,21.219999313354492,21.5,384100,0.0,0.0
2025-06-06 00:00:00-04:00,22.020000457763672,23.81999969482422,21.729999542236328,23.709999084472656,866500,0.0,0.0
2025-06-09 00:00:00-04:00,24.209999084472656,24.68000030517578,23.59000015258789,23.84000015258789,688400,0.0,0.0
2025-06-10 00:00:00-04:00,23.989999771118164,24.290000915527344,23.190000534057617,23.90999984741211,974800,0.0,0.0
2025-06-11 00:00:00-04:00,24.170000076293945,24.81999969482422,23.709999084472656,23.739999771118164,749500,0.0,0.0
2025-06-12 00:00:00-04:00,23.59000015258789,23.989999771118164,23.18000030517578,23.299999237060547,421500,0.0,0.0
2025-06-13 00:00:00-04:00,22.34000015258789,23.040000915527344,21.760000228881836,22.030000686645508,820300,0.0,0.0
2025-06-16 00:00:00-04:00,22.229999542236328,22.540000915527344,21.860000610351562,22.290000915527344,533600,0.0,0.0
2025-06-17 00:00:00-04:00,22.010000228881836,22.760000228881836,21.700000762939453,21.739999771118164,515200,0.0,0.0
2025-06-18 00:00:00-04:00,21.729999542236328,22.299999237060547,21.360000610351562,21.520000457763672,757200,0.0,0.0
2025-06-20 00:00:00-04:00,21.799999237060547,21.889999389648438,21.049999237060547,21.219999313354492,547900,0.0,0.0
2025-06-23 00:00:00-04:00,21.049999237060547,21.6200008392334,20.5,21.360000610351562,594800,0.0,0.0
2025-06-24 00:00:00-04:00,21.690000534057617,22.06999969482422,21.06999969482422,21.799999237060547,422600,0.0,0.0
2025-06-25 00:00:00-04:00,21.829999923706055,21.889999389648438,21.270000457763672,21.3700008392334,585200,0.0,0.0
2025-06-26 00:00:00-04:00,21.510000228881836,21.860000610351562,21.31999969482422,21.479999542236328,688300,0.0,0.0
2025-06-27 00:00:00-04:00,21.549999237060547,22.020000457763672,21.1200008392334,21.489999771118164,987600,0.0,0.0
2025-06-30 00:00:00-04:00,21.65999984741211,22.1299991607666,21.350000381469727,21.540000915527344,875500,0.0,0.0
2025-07-01 00:00:00-04:00,21.309999465942383,22.40999984741211,21.1299991607666,21.65999984741211,485000,0.0,0.0
2025-07-02 00:00:00-04:00,21.68000030517578,22.760000228881836,21.5,22.75,766900,0.0,0.0
2025-07-03 00:00:00-04:00,23.020000457763672,23.34000015258789,22.479999542236328,22.84000015258789,503400,0.0,0.0
2025-07-07 00:00:00-04:00,22.6299991607666,22.90999984741211,21.709999084472656,21.809999465942383,501700,0.0,0.0
2025-07-08 00:00:00-04:00,21.969999313354492,22.56999969482422,21.93000030517578,22.549999237060547,401200,0.0,0.0
2025-07-09 00:00:00-04:00,22.700000762939453,22.8799991607666,21.90999984741211,22.329999923706055,353000,0.0,0.0
2025-07-10 00:00:00-04:00,22.31999969482422,23.25,22.270000457763672,22.719999313354492,285000,0.0,0.0
2025-07-11 00:00:00-04:00,22.520000457763672,22.639999389648438,21.829999923706055,21.950000762939453,266700,0.0,0.0
2025-07-14 00:00:00-04:00,21.899999618530273,22.209999084472656,21.56999969482422,22.020000457763672,328400,0.0,0.0
2025-07-15 00:00:00-04:00,22.209999084472656,22.43000030517578,20.68000030517578,20.780000686645508,443700,0.0,0.0
2025-07-16 00:00:00-04:00,20.90999984741211,21.450000762939453,20.760000228881836,21.040000915527344,417700,0.0,0.0
2025-07-17 00:00:00-04:00,21.020000457763672,21.610000610351562,20.860000610351562,21.420000076293945,489100,0.0,0.0
2025-07-18 00:00:00-04:00,21.770000457763672,21.770000457763672,20.709999084472656,20.829999923706055,408100,0.0,0.0
2025-07-21 00:00:00-04:00,20.959999084472656,21.260000228881836,20.469999313354492,20.760000228881836,496300,0.0,0.0
2025-07-22 00:00:00-04:00,21.010000228881836,21.739999771118164,20.959999084472656,21.40999984741211,870200,0.0,0.0
2025-07-23 00:00:00-04:00,21.719999313354492,22.719999313354492,21.389999389648438,22.450000762939453,551200,0.0,0.0
2025-07-24 00:00:00-04:00,22.489999771118164,22.979999542236328,21.959999084472656,22.260000228881836,407100,0.0,0.0
2025-07-25 00:00:00-04:00,22.440000534057617,22.639999389648438,21.940000534057617,22.579999923706055,325400,0.0,0.0
2025-07-28 00:00:00-04:00,22.600000381469727,22.780000686645508,22.18000030517578,22.229999542236328,408800,0.0,0.0
2025-07-29 00:00:00-04:00,22.399999618530273,22.459999084472656,21.93000030517578,22.100000381469727,229100,0.0,0.0
2025-07-30 00:00:00-04:00,22.219999313354492,22.5,21.5,21.81999969482422,290000,0.0,0.0
2025-07-31 00:00:00-04:00,21.559999465942383,21.899999618530273,21.09000015258789,21.260000228881836,326600,0.0,0.0
2025-08-01 00:00:00-04:00,20.739999771118164,21.079999923706055,20.139999389648438,20.809999465942383,394000,0.0,0.0
2025-08-04 00:00:00-04:00,21.139999389648438,21.219999313354492,20.40999984741211,20.889999389648438,277000,0.0,0.0
2025-08-05 00:00:00-04:00,20.829999923706055,21.1299991607666,20.389999389648438,20.729999542236328,349900,0.0,0.0
2025-08-06 00:00:00-04:00,20.6200008392334,21.309999465942383,20.229999542236328,21.09000015258789,618900,0.0,0.0
2025-08-07 00:00:00-04:00,21.229999542236328,21.229999542236328,20.270000457763672,20.639999389648438,458200,0.0,0.0
2025-08-08 00:00:00-04:00,21.969999313354492,23.989999771118164,21.239999771118164,22.68000030517578,814600,0.0,0.0
2025-08-11 00:00:00-04:00,22.780000686645508,23.479999542236328,22.299999237060547,22.3700008392334,1625800,0.0,0.0
2025-08-12 00:00:00-04:00,22.389999389648438,24.350000381469727,22.219999313354492,24.059999465942383,754000,0.0,0.0
2025-08-13 00:00:00-04:00,24.290000915527344,25.739999771118164,24.040000915527344,25.68000030517578,709800,0.0,0.0
2025-08-14 00:00:00-04:00,25.40999984741211,25.709999084472656,24.700000762939453,25.31999969482422,484500,0.0,0.0
2025-08-15 00:00:00-04:00,25.459999084472656,25.780000686645508,24.049999237060547,24.34000015258789,1300100,0.0,0.0
2025-08-18 00:00:00-04:00,24.290000915527344,25.059999465942383,24.260000228881836,24.5,543700,0.0,0.0
2025-08-19 00:00:00-04:00,24.469999313354492,24.81999969482422,24.25,24.540000915527344,418300,0.0,0.0
2025-08-20 00:00:00-04:00,24.31999969482422,25.040000915527344,24.100000381469727,24.959999084472656,419600,0.0,0.0
2025-08-21 00:00:00-04:00,24.729999542236328,25.299999237060547,24.450000762939453,25.079999923706055,401400,0.0,0.0
2025-08-22 00:00:00-04:00,25.360000610351562,26.290000915527344,25.15999984741211,25.90999984741211,652200,0.0,0.0
2025-08-25 00:00:00-04:00,25.719999313354492,26.0,25.299999237060547,25.649999618530273,464900,0.0,0.0
2025-08-26 00:00:00-04:00,25.520000457763672,25.979999542236328,25.31999969482422,25.649999618530273,541400,0.0,0.0
2025-08-27 00:00:00-04:00,25.5,25.809999465942383,25.200000762939453,25.43000030517578,353800,0.0,0.0
2025-08-28 00:00:00-04:00,25.399999618530273,25.520000457763672,24.8700008392334,24.920000076293945,580400,0.0,0.0
2025-08-29 00:00:00-04:00,25.049999237060547,25.489999771118164,24.81999969482422,25.049999237060547,354500,0.0,0.0
2025-09-02 00:00:00-04:00,24.75,25.360000610351562,24.459999084472656,25.34000015258789,430100,0.0,0.0
2025-09-03 00:00:00-04:00,25.299999237060547,25.6200008392334,24.739999771118164,25.040000915527344,416300,0.0,0.0
2025-09-04 00:00:00-04:00,25.06999969482422,25.889999389648438,24.639999389648438,25.8700008392334,406500,0.0,0.0
2025-09-05 00:00:00-04:00,26.0,26.510000228881836,25.8700008392334,26.459999084472656,314400,0.0,0.0
2025-09-08 00:00:00-04:00,26.5,26.5,25.850000381469727,26.219999313354492,313400,0.0,0.0
2025-09-09 00:00:00-04:00,26.280000686645508,26.40999984741211,26.020000457763672,26.399999618530273,264000,0.0,0.0
2025-09-10 00:00:00-04:00,26.3700008392334,26.829999923706055,26.049999237060547,26.489999771118164,370400,0.0,0.0
2025-09-11 00:00:00-04:00,26.6299991607666,27.520000457763672,26.520000457763672,26.739999771118164,497000,0.0,0.0
2025-09-12 00:00:00-04:00,26.59000015258789,26.59000015258789,25.459999084472656,25.510000228881836,558800,0.0,0.0
2025-09-15 00:00:00-04:00,25.610000610351562,26.100000381469727,25.170000076293945,25.799999237060547,403800,0.0,0.0
2025-09-16 00:00:00-04:00,25.739999771118164,26.1200008392334,25.59000015258789,25.979999542236328,309200,0.0,0.0
2025-09-17 00:00:00-04:00,26.0,26.829999923706055,25.459999084472656,25.59000015258789,304900,0.0,0.0
2025-09-18 00:00:00-04:00,25.829999923706055,26.420000076293945,25.760000228881836,26.280000686645508,370300,0.0,0.0
2025-09-19 00:00:00-04:00,26.3700008392334,26.610000610351562,25.530000686645508,25.56999969482422,562600,0.0,0.0
2025-09-22 00:00:00-04:00,25.6200008392334,25.8700008392334,25.239999771118164,25.280000686645508,370800,0.0,0.0
2025-09-23 00:00:00-04:00,25.31999969482422,25.549999237060547,24.65999984741211,24.75,361700,0.0,0.0
2025-09-24 00:00:00-04:00,24.700000762939453,24.75,23.860000610351562,24.110000610351562,422500,0.0,0.0
2025-09-25 00:00:00-04:00,23.6299991607666,24.229999542236328,23.469999313354492,24.18000030517578,295400,0.0,0.0
2025-09-26 00:00:00-04:00,24.200000762939453,24.81999969482422,24.049999237060547,24.700000762939453,244100,0.0,0.0
2025-09-29 00:00:00-04:00,24.770000457763672,24.989999771118164,24.469999313354492,24.520000457763672,212800,0.0,0.0
2025-09-30 00:00:00-04:00,24.59000015258789,25.540000915527344,24.329999923706055,25.510000228881836,378500,0.0,0.0
2025-10-01 00:00:00-04:00,25.299999237060547,26.399999618530273,24.520000457763672,26.1299991607666,483100,0.0,0.0
2025-10-02 00:00:00-04:00,26.040000915527344,26.1200008392334,25.510000228881836,25.90999984741211,285700,0.0,0.0
2025-10-03 00:00:00-04:00,26.170000076293945,27.420000076293945,26.170000076293945,26.59000015258789,372600,0.0,0.0
2025-10-06 00:00:00-04:00,26.770000457763672,26.809999465942383,26.1299991607666,26.520000457763672,303100,0.0,0.0
2025-10-07 00:00:00-04:00,26.600000381469727,26.93000030517578,25.920000076293945,26.299999237060547,455200,0.0,0.0
2025-10-08 00:00:00-04:00,26.360000610351562,27.3700008392334,26.100000381469727,27.34000015258789,368300,0.0,0.0
2025-10-09 00:00:00-04:00,27.450000762939453,27.829999923706055,27.239999771118164,27.450000762939453,321700,0.0,0.0
2025-10-10 00:00:00-04:00,27.3700008392334,27.610000610351562,26.010000228881836,26.799999237060547,354900,0.0,0.0
2025-10-13 00:00:00-04:00,27.139999389648438,27.59000015258789,26.690000534057617,27.420000076293945,330200,0.0,0.0
2025-10-14 00:00:00-04:00,26.799999237060547,28.030000686645508,26.799999237060547,27.65999984741211,346900,0.0,0.0
2025-10-15 00:00:00-04:00,27.860000610351562,28.950000762939453,27.860000610351562,28.75,1220500,0.0,0.0
2025-10-16 00:00:00-04:00,28.860000610351562,29.040000915527344,27.68000030517578,27.729999542236328,509500,0.0,0.0
2025-10-17 00:00:00-04:00,27.389999389648438,27.8799991607666,26.84000015258789,27.31999969482422,264300,0.0,0.0
2025-10-20 00:00:00-04:00,27.3799991607666,28.079999923706055,27.34000015258789,27.860000610351562,205100,0.0,0.0
2025-10-21 00:00:00-04:00,27.920000076293945,28.559999465942383,27.65999984741211,27.68000030517578,177800,0.0,0.0
2025-10-22 00:00:00-04:00,27.68000030517578,27.719999313354492,26.739999771118164,27.540000915527344,319400,0.0,0.0
2025-10-23 00:00:00-04:00,27.510000228881836,28.860000610351562,27.479999542236328,28.65999984741211,269900,0.0,0.0
2025-10-24 00:00:00-04:00,28.989999771118164,29.6200008392334,28.6299991607666,28.790000915527344,267900,0.0,0.0
2025-10-27 00:00:00-04:00,28.8799991607666,28.889999389648438,27.969999313354492,28.040000915527344,211100,0.0,0.0
2025-10-28 00:00:00-04:00,28.030000686645508,28.25,27.479999542236328,27.979999542236328,257100,0.0,0.0
2025-10-29 00:00:00-04:00,27.75,28.219999313354492,26.959999084472656,27.540000915527344,384600,0.0,0.0
2025-10-30 00:00:00-04:00,27.459999084472656,27.760000228881836,26.860000610351562,26.899999618530273,300200,0.0,0.0
2025-10-31 00:00:00-04:00,26.860000610351562,28.209999084472656,26.43000030517578,27.8700008392334,368000,0.0,0.0
2025-11-03 00:00:00-05:00,27.81999969482422,28.200000762939453,26.049999237060547,27.8700008392334,321200,0.0,0.0
2025-11-04 00:00:00-05:00,27.440000534057617,28.020000457763672,26.790000915527344,27.110000610351562,441300,0.0,0.0
2025-11-05 00:00:00-05:00,27.190000534057617,27.8799991607666,26.75,27.56999969482422,367300,0.0,0.0
2025-11-06 00:00:00-05:00,27.450000762939453,28.239999771118164,26.75,27.020000457763672,397900,0.0,0.0
2025-11-07 00:00:00-05:00,26.850000381469727,27.170000076293945,25.489999771118164,25.93000030517578,552900,0.0,0.0
2025-11-10 00:00:00-05:00,26.270000457763672,26.68000030517578,25.969999313354492,26.290000915527344,334000,0.0,0.0
2025-11-11 00:00:00-05:00,26.420000076293945,26.6299991607666,25.84000015258789,26.040000915527344,367400,0.0,0.0
2025-11-12 00:00:00-05:00,26.010000228881836,26.43000030517578,25.639999389648438,25.920000076293945,322000,0.0,0.0
2025-11-13 00:00:00-05:00,25.600000381469727,25.8700008392334,24.940000534057617,25.139999389648438,387200,0.0,0.0
2025-11-14 00:00:00-05:00,24.59000015258789,24.739999771118164,23.959999084472656,24.06999969482422,421400,0.0,0.0
2025-11-17 00:00:00-05:00,23.950000762939453,24.309999465942383,23.75,24.010000228881836,447600,0.0,0.0
2025-11-18 00:00:00-05:00,23.850000381469727,24.8799991607666,23.56999969482422,24.030000686645508,531300,0.0,0.0
2025-11-19 00:00:00-05:00,24.139999389648438,24.5,23.84000015258789,24.3799991607666,328600,0.0,0.0
2025-11-20 00:00:00-05:00,24.84000015258789,25.329999923706055,23.959999084472656,24.200000762939453,504200,0.0,0.0
2025-11-21 00:00:00-05:00,24.15999984741211,26.719999313354492,24.100000381469727,26.530000686645508,540100,0.0,0.0
2025-11-24 00:00:00-05:00,26.540000915527344,26.989999771118164,25.90999984741211,26.350000381469727,504200,0.0,0.0
2025-11-25 00:00:00-05:00,26.450000762939453,27.049999237060547,26.299999237060547,26.989999771118164,348300,0.0,0.0
2025-11-26 00:00:00-05:00,26.760000228881836,27.239999771118164,26.389999389648438,26.68000030517578,382600,0.0,0.0
2025-11-28 00:00:00-05:00,26.709999084472656,26.969999313354492,26.31999969482422,26.5,268900,0.0,0.0
2025-12-01 00:00:00-05:00,26.100000381469727,26.260000228881836,25.299999237060547,25.40999984741211,250000,0.0,0.0
2025-12-02 00:00:00-05:00,25.530000686645508,25.81999969482422,25.110000610351562,25.3700008392334,187200,0.0,0.0
2025-12-03 00:00:00-05:00,25.420000076293945,25.81999969482422,25.200000762939453,25.510000228881836,157500,0.0,0.0
2025-12-04 00:00:00-05:00,25.40999984741211,25.8700008392334,24.68000030517578,25.829999923706055,313800,0.0,0.0
2025-12-05 00:00:00-05:00,25.8799991607666,25.959999084472656,25.06999969482422,25.459999084472656,364400,0.0,0.0
2025-12-08 00:00:00-05:00,25.84000015258789,25.93000030517578,24.790000915527344,24.950000762939453,358700,0.0,0.0
2025-12-09 00:00:00-05:00,24.850000381469727,25.68000030517578,24.65999984741211,24.75,237400,0.0,0.0
2025-12-10 00:00:00-05:00,24.790000915527344,25.31999969482422,24.440000534057617,24.770000457763672,310500,0.0,0.0
2025-12-11 00:00:00-05:00,24.899999618530273,25.270000457763672,24.489999771118164,24.8799991607666,260500,0.0,0.0
2025-12-12 00:00:00-05:00,24.8799991607666,25.049999237060547,24.329999923706055,24.389999389648438,268800,0.0,0.0
2025-12-15 00:00:00-05:00,24.459999084472656,24.809999465942383,24.170000076293945,24.649999618530273,379100,0.0,0.0
2025-12-16 00:00:00-05:00,24.549999237060547,24.729999542236328,24.110000610351562,24.610000610351562,288200,0.0,0.0
2025-12-17 00:00:00-05:00,24.520000457763672,25.229999542236328,24.350000381469727,25.010000228881836,296700,0.0,0.0
2025-12-18 00:00:00-05:00,25.15999984741211,25.979999542236328,25.079999923706055,25.34000015258789,404900,0.0,0.0
2025-12-19 00:00:00-05:00,25.260000228881836,25.469999313354492,24.950000762939453,25.06999969482422,1124500,0.0,0.0
2025-12-22 00:00:00-05:00,25.209999084472656,26.34000015258789,25.059999465942383,25.469999313354492,314900,0.0,0.0
2025-12-23 00:00:00-05:00,25.280000686645508,25.610000610351562,25.079999923706055,25.459999084472656,325500,0.0,0.0
2025-12-24 00:00:00-05:00,25.43000030517578,25.6299991607666,25.190000534057617,25.40999984741211,105900,0.0,0.0
2025-12-26 00:00:00-05:00,25.31999969482422,25.389999389648438,24.860000610351562,24.899999618530273,211300,0.0,0.0
2025-12-29 00:00:00-05:00,24.790000915527344,25.170000076293945,24.729999542236328,25.1200008392334,228100,0.0,0.0
2025-12-30 00:00:00-05:00,25.020000457763672,25.100000381469727,24.450000762939453,24.65999984741211,236200,0.0,0.0
2025-12-31 00:00:00-05:00,24.670000076293945,24.709999084472656,24.010000228881836,24.18000030517578,254700,0.0,0.0
2026-01-02 00:00:00-05:00,24.299999237060547,24.40999984741211,23.579999923706055,23.889999389648438,335000,0.0,0.0
2026-01-05 00:00:00-05:00,23.989999771118164,25.68000030517578,23.969999313354492,25.309999465942383,382500,0.0,0.0
2026-01-06 00:00:00-05:00,25.18000030517578,26.6200008392334,25.18000030517578,26.350000381469727,420700,0.0,0.0
2026-01-07 00:00:00-05:00,26.440000534057617,26.68000030517578,25.229999542236328,25.40999984741211,415400,0.0,0.0
2026-01-08 00:00:00-05:00,25.190000534057617,25.6299991607666,24.790000915527344,24.950000762939453,268600,0.0,0.0
2026-01-09 00:00:00-05:00,24.959999084472656,25.18000030517578,24.360000610351562,24.860000610351562,229600,0.0,0.0
2026-01-12 00:00:00-05:00,24.989999771118164,25.0,23.709999084472656,24.040000915527344,438800,0.0,0.0
2026-01-13 00:00:00-05:00,24.219999313354492,24.709999084472656,23.280000686645508,23.899999618530273,240500,0.0,0.0
2026-01-14 00:00:00-05:00,23.780000686645508,24.399999618530273,23.579999923706055,24.290000915527344,153300,0.0,0.0
2026-01-15 00:00:00-05:00,24.329999923706055,24.709999084472656,23.770000457763672,24.469999313354492,192700,0.0,0.0
2026-01-16 00:00:00-05:00,24.440000534057617,24.739999771118164,24.110000610351562,24.420000076293945,331700,0.0,0.0
2026-01-20 00:00:00-05:00,23.84000015258789,25.09000015258789,23.84000015258789,24.760000228881836,267200,0.0,0.0
2026-01-21 00:00:00-05:00,24.790000915527344,25.739999771118164,24.690000534057617,25.549999237060547,314300,0.0,0.0
2026-01-22 00:00:00-05:00,25.579999923706055,26.540000915527344,25.389999389648438,25.979999542236328,311400,0.0,0.0
2026-01-23 00:00:00-05:00,25.809999465942383,25.940000534057617,24.6299991607666,24.8700008392334,269400,0.0,0.0
2026-01-26 00:00:00-05:00,24.809999465942383,25.010000228881836,24.459999084472656,24.940000534057617,215100,0.0,0.0
2026-01-27 00:00:00-05:00,24.860000610351562,25.209999084472656,24.59000015258789,24.979999542236328,180100,0.0,0.0
2026-01-28 00:00:00-05:00,25.09000015258789,25.219999313354492,22.8799991607666,22.940000534057617,383600,0.0,0.0
2026-01-29 00:00:00-05:00,22.899999618530273,23.030000686645508,22.360000610351562,22.579999923706055,387500,0.0,0.0
2026-01-30 00:00:00-05:00,22.34000015258789,22.790000915527344,21.780000686645508,21.799999237060547,364400,0.0,0.0
2026-02-02 00:00:00-05:00,21.90999984741211,22.719999313354492,21.760000228881836,22.329999923706055,526200,0.0,0.0
2026-02-03 00:00:00-05:00,22.350000381469727,23.510000228881836,22.18000030517578,22.84000015258789,958300,0.0,0.0
2026-02-04 00:00:00-05:00,23.06999969482422,23.420000076293945,21.959999084472656,22.670000076293945,687800,0.0,0.0
2026-02-05 00:00:00-05:00,22.5,23.09000015258789,21.84000015258789,22.020000457763672,460300,0.0,0.0
2026-02-06 00:00:00-05:00,22.0,22.65999984741211,21.350000381469727,22.43000030517578,453500,0.0,0.0
2026-02-09 00:00:00-05:00,22.239999771118164,22.920000076293945,21.770000457763672,22.6299991607666,424600,0.0,0.0
2026-02-10 00:00:00-05:00,22.780000686645508,22.979999542236328,22.399999618530273,22.649999618530273,251600,0.0,0.0
2026-02-11 00:00:00-05:00,22.739999771118164,22.989999771118164,21.75,22.25,219100,0.0,0.0
2026-02-12 00:00:00-05:00,22.360000610351562,22.360000610351562,21.450000762939453,21.579999923706055,240200,0.0,0.0
2026-02-13 00:00:00-05:00,21.770000457763672,22.450000762939453,21.75,22.229999542236328,288500,0.0,0.0
2026-02-17 00:00:00-05:00,22.100000381469727,22.65999984741211,21.709999084472656,22.360000610351562,268200,0.0,0.0
2026-02-18 00:00:00-05:00,22.610000610351562,23.09000015258789,22.139999389648438,22.84000015258789,360700,0.0,0.0
2026-02-19 00:00:00-05:00,22.59000015258789,23.25,22.190000534057617,23.229999542236328,243000,0.0,0.0
2026-02-20 00:00:00-05:00,22.969999313354492,23.700000762939453,22.799999237060547,23.09000015258789,236400,0.0,0.0
2026-02-23 00:00:00-05:00,22.989999771118164,23.139999389648438,22.530000686645508,22.8799991607666,280400,0.0,0.0
2026-02-24 00:00:00-05:00,22.860000610351562,23.09000015258789,22.540000915527344,22.649999618530273,319000,0.0,0.0
2026-02-25 00:00:00-05:00,22.860000610351562,22.950000762939453,22.06999969482422,22.469999313354492,358800,0.0,0.0
2026-02-26 00:00:00-05:00,22.600000381469727,22.799999237060547,22.079999923706055,22.479999542236328,721700,0.0,0.0
2026-02-27 00:00:00-05:00,23.5,25.25,23.5,24.200000762939453,1044600,0.0,0.0
2026-03-02 00:00:00-05:00,23.68000030517578,23.920000076293945,22.469999313354492,22.520000457763672,657700,0.0,0.0
2026-03-03 00:00:00-05:00,21.68000030517578,21.700000762939453,19.549999237060547,20.170000076293945,1244200,0.0,0.0
2026-03-04 00:00:00-05:00,20.40999984741211,21.010000228881836,20.200000762939453,20.670000076293945,594200,0.0,0.0
2026-03-05 00:00:00-05:00,20.309999465942383,20.700000762939453,19.950000762939453,20.1200008392334,639700,0.0,0.0
2026-03-06 00:00:00-05:00,19.709999084472656,19.889999389648438,19.229999542236328,19.860000610351562,469800,0.0,0.0
2026-03-09 00:00:00-04:00,19.469999313354492,20.020000457763672,19.219999313354492,19.899999618530273,617800,0.0,0.0
2026-03-10 00:00:00-04:00,19.829999923706055,20.059999465942383,18.639999389648438,18.670000076293945,735300,0.0,0.0
2026-03-11 00:00:00-04:00,18.520000457763672,19.020000457763672,18.290000915527344,19.010000228881836,538700,0.0,0.0
2026-03-12 00:00:00-04:00,18.559999465942383,18.850000381469727,17.979999542236328,18.149999618530273,524200,0.0,0.0
2026-03-13 00:00:00-04:00,18.270000457763672,19.559999465942383,17.860000610351562,18.360000610351562,439700,0.0,0.0
2026-03-16 00:00:00-04:00,18.559999465942383,19.280000686645508,18.549999237060547,19.079999923706055,470400,0.0,0.0
2026-03-17 00:00:00-04:00,19.25,19.459999084472656,18.989999771118164,19.399999618530273,490500,0.0,0.0
2026-03-18 00:00:00-04:00,19.110000610351562,19.670000076293945,19.030000686645508,19.1200008392334,395800,0.0,0.0
2026-03-19 00:00:00-04:00,18.860000610351562,19.790000915527344,18.860000610351562,19.530000686645508,319000,0.0,0.0
2026-03-20 00:00:00-04:00,19.540000915527344,19.540000915527344,18.799999237060547,18.850000381469727,602700,0.0,0.0
2026-03-23 00:00:00-04:00,19.450000762939453,19.579999923706055,18.90999984741211,19.170000076293945,452500,0.0,0.0
2026-03-24 00:00:00-04:00,18.8700008392334,19.940000534057617,18.84000015258789,19.700000762939453,379400,0.0,0.0
2026-03-25 00:00:00-04:00,20.09000015258789,20.469999313354492,19.510000228881836,19.860000610351562,329000,0.0,0.0
2026-03-26 00:00:00-04:00,19.510000228881836,20.010000228881836,19.510000228881836,19.649999618530273,222900,0.0,0.0
2026-03-27 00:00:00-04:00,19.450000762939453,19.540000915527344,18.450000762939453,18.59000015258789,396000,0.0,0.0
2026-03-30 00:00:00-04:00,18.600000381469727,19.030000686645508,17.889999389648438,18.780000686645508,531400,0.0,0.0
2026-03-31 00:00:00-04:00,18.989999771118164,19.40999984741211,18.530000686645508,19.079999923706055,289900,0.0,0.0
2026-04-01 00:00:00-04:00,19.34000015258789,19.579999923706055,19.100000381469727,19.290000915527344,189400,0.0,0.0
2026-04-02 00:00:00-04:00,18.829999923706055,19.600000381469727,18.780000686645508,19.510000228881836,209400,0.0,0.0
2026-04-06 00:00:00-04:00,19.450000762939453,19.469999313354492,18.959999084472656,19.270000457763672,161200,0.0,0.0
2026-04-07 00:00:00-04:00,19.219999313354492,19.219999313354492,18.600000381469727,19.1299991607666,484400,0.0,0.0
2026-04-08 00:00:00-04:00,20.209999084472656,20.260000228881836,19.469999313354492,19.709999084472656,351100,0.0,0.0
2026-04-09 00:00:00-04:00,19.469999313354492,20.860000610351562,19.469999313354492,20.479999542236328,415600,0.0,0.0
2026-04-10 00:00:00-04:00,20.610000610351562,20.8799991607666,19.450000762939453,19.739999771118164,346300,0.0,0.0
2026-04-13 00:00:00-04:00,19.610000610351562,20.31999969482422,19.600000381469727,20.110000610351562,395100,0.0,0.0
2026-04-14 00:00:00-04:00,20.149999618530273,20.68000030517578,20.09000015258789,20.270000457763672,323600,0.0,0.0
2026-04-15 00:00:00-04:00,20.299999237060547,21.43000030517578,20.299999237060547,21.190000534057617,334700,0.0,0.0
2026-04-16 00:00:00-04:00,21.149999618530273,21.239999771118164,20.579999923706055,20.850000381469727,347300,0.0,0.0
2026-04-17 00:00:00-04:00,21.420000076293945,21.770000457763672,21.209999084472656,21.5,295900,0.0,0.0
2026-04-20 00:00:00-04:00,21.440000534057617,22.530000686645508,21.209999084472656,22.190000534057617,658300,0.0,0.0
2026-04-21 00:00:00-04:00,22.190000534057617,22.860000610351562,21.84000015258789,22.3700008392334,672800,0.0,0.0
2026-04-22 00:00:00-04:00,22.520000457763672,23.18000030517578,22.520000457763672,22.799999237060547,394100,0.0,0.0
2026-04-23 00:00:00-04:00,22.670000076293945,22.780000686645508,21.290000915527344,21.719999313354492,483600,0.0,0.0
2026-04-24 00:00:00-04:00,21.670000076293945,21.809999465942383,21.260000228881836,21.3799991607666,362400,0.0,0.0
2026-04-27 00:00:00-04:00,21.469999313354492,22.049999237060547,21.219999313354492,21.40999984741211,230600,0.0,0.0
2026-04-28 00:00:00-04:00,21.40999984741211,21.420000076293945,20.729999542236328,20.899999618530273,324200,0.0,0.0
2026-04-29 00:00:00-04:00,20.760000228881836,21.0,19.709999084472656,19.989999771118164,290100,0.0,0.0
2026-04-30 00:00:00-04:00,19.969999313354492,21.139999389648438,19.969999313354492,21.079999923706055,204735,0.0,0.0
