Date,Open,High,Low,Close,Volume,Dividends,Stock Splits
2022-01-03 00:00:00-05:00,22.633390429361377,22.86491037550276,21.9943948834312,22.46669578552246,7300,0.0,0.0
2022-01-04 00:00:00-05:00,23.07791108210756,23.337214088911367,22.522262791160674,22.70747947692871,5500,0.0,0.0
2022-01-05 00:00:00-05:00,22.596347231966778,22.596347231966778,22.281479952175385,22.374088287353516,11300,0.0,0.0
2022-01-06 00:00:00-05:00,22.281481840146842,22.45743751525879,22.281481840146842,22.45743751525879,3600,0.0,0.0
2022-01-07 00:00:00-05:00,22.438913565773383,23.050126104332808,22.281479926062197,22.87417221069336,6000,0.0,0.0
2022-01-10 00:00:00-05:00,22.920472609515468,22.920472609515468,22.466693767794954,22.8834285736084,600,0.0,0.0
2022-01-11 00:00:00-05:00,23.003823951537722,23.003823951537722,22.383350372314453,22.383350372314453,1300,0.0,0.0
2022-01-12 00:00:00-05:00,22.892697498794217,22.994566866407858,22.38335419344094,22.73526382446289,4300,0.0,0.0
2022-01-13 00:00:00-05:00,23.013083830119214,23.03160585040455,22.753780845195763,22.87417221069336,2300,0.0,0.0
2022-01-14 00:00:00-05:00,22.753778098201384,22.82786440404143,22.457432874841196,22.55004119873047,10300,0.0,0.0
2022-01-18 00:00:00-05:00,22.661173372614712,22.661173372614712,22.281480774099567,22.44817543029785,4400,0.0,0.0
2022-01-19 00:00:00-05:00,22.485217215318936,22.485217215318936,22.281478537590402,22.411130905151367,3600,0.0,0.0
2022-01-20 00:00:00-05:00,22.457432874841196,22.63338851359513,22.41112959607499,22.55004119873047,2800,0.0,0.0
2022-01-21 00:00:00-05:00,22.281478537590402,22.577823778260672,22.225914246553966,22.411130905151367,5600,0.0,0.0
2022-01-24 00:00:00-05:00,22.457434186622237,22.688954126690508,22.225914246553966,22.411130905151367,12500,0.0,0.0
2022-01-25 00:00:00-05:00,22.281482054311674,22.688957707724303,22.281482054311674,22.642654418945312,10800,0.0,0.0
2022-01-26 00:00:00-05:00,22.642653393615618,23.707644884521432,22.596348340576224,23.151996612548828,35900,0.0,0.0
2022-01-27 00:00:00-05:00,23.151995547213414,23.550210153242617,22.97603988647461,22.97603988647461,8200,0.0,0.0
2022-01-28 00:00:00-05:00,23.133470523077595,23.133470523077595,22.96677589416504,22.96677589416504,2700,0.0,0.0
2022-01-31 00:00:00-05:00,22.96677945348493,23.568732765926196,22.938998188598617,23.114952087402344,5600,0.0,0.0
2022-02-01 00:00:00-05:00,23.059387114475477,23.615035358535973,22.87417221069336,22.87417221069336,11000,0.0,0.0
2022-02-02 00:00:00-05:00,22.966965958320554,23.106159337413317,22.89272937147509,23.041202545166016,6000,0.05,0.0
2022-02-03 00:00:00-05:00,22.82777257922779,23.198955513455104,22.82777257922779,23.041202545166016,1400,0.0,0.0
2022-02-04 00:00:00-05:00,23.570136210640193,23.570136210640193,23.01336097717285,23.01336097717285,52100,0.0,0.0
2022-02-07 00:00:00-05:00,23.198955535888672,23.27319212280592,23.198955535888672,23.198955535888672,2500,0.0,0.0
2022-02-08 00:00:00-05:00,23.31958855595353,23.52374049069032,23.25463176578811,23.495901107788086,3700,0.0,0.0
2022-02-09 00:00:00-05:00,23.17111779369729,23.616539116697897,23.17111779369729,23.32887077331543,9000,0.0,0.0
2022-02-10 00:00:00-05:00,23.570138199955416,23.635094991520006,23.236074447631836,23.236074447631836,3100,0.0,0.0
2022-02-11 00:00:00-05:00,23.653655003875095,23.755730975269167,23.273192272238827,23.291751861572266,5000,0.0,0.0
2022-02-14 00:00:00-05:00,23.356708902718566,23.384548287014823,23.096879959106445,23.096879959106445,3300,0.0,0.0
2022-02-15 00:00:00-05:00,23.124721272367182,23.718614027375,23.124721272367182,23.570140838623047,8200,0.0,0.0
2022-02-16 00:00:00-05:00,23.60725975036621,23.60725975036621,23.60725975036621,23.60725975036621,1000,0.0,0.0
2022-02-17 00:00:00-05:00,23.607259879776453,23.64437729177273,23.19895772817733,23.477344512939453,6300,0.0,0.0
2022-02-18 00:00:00-05:00,23.23607691011362,23.625817700804586,23.124721134244762,23.477344512939453,5300,0.0,0.0
2022-02-22 00:00:00-05:00,23.46806608569885,23.894926051019663,23.301033309724627,23.57942008972168,16600,0.0,0.0
2022-02-23 00:00:00-05:00,23.802126815422888,24.0341163589844,23.291750527563472,23.440223693847656,5100,0.0,0.0
2022-02-24 00:00:00-05:00,23.291751861572266,23.430945241693365,23.013363331390213,23.291751861572266,6600,0.0,0.0
2022-02-25 00:00:00-05:00,22.781375536888348,23.941323410863113,22.781375536888348,23.82996940612793,6100,0.0,0.0
2022-02-28 00:00:00-05:00,23.829967136153602,23.839246930654234,23.226794653131204,23.236074447631836,8000,0.0,0.0
2022-03-01 00:00:00-05:00,23.26391533142983,23.727894502044514,23.022645950317383,23.022645950317383,5600,0.0,0.0
2022-03-02 00:00:00-05:00,23.50518165543512,23.50518165543512,23.004085136713208,23.041202545166016,8100,0.0,0.0
2022-03-03 00:00:00-05:00,23.10616248206793,23.43094825744629,22.96696908403151,23.43094825744629,1400,0.0,0.0
2022-03-04 00:00:00-05:00,23.022644852350144,23.245354631231187,22.883451461791992,22.883451461791992,5300,0.0,0.0
2022-03-07 00:00:00-05:00,22.753536949132577,22.920569719043293,21.72350271464311,21.825578689575195,22400,0.0,0.0
2022-03-08 00:00:00-05:00,22.113247599426234,23.0783251412775,22.039011001586914,22.039011001586914,4100,0.0,0.0
2022-03-09 00:00:00-05:00,22.270998689004628,22.428751667182677,22.270998689004628,22.354515075683594,6500,0.0,0.0
2022-03-10 00:00:00-05:00,22.45659065246582,22.45659065246582,22.45659065246582,22.45659065246582,1000,0.0,0.0
2022-03-11 00:00:00-05:00,22.530826854353563,22.679300032146678,22.308117087663895,22.651460647583008,1000,0.0,0.0
2022-03-14 00:00:00-04:00,22.595789901357822,22.734983322815555,22.567950509090124,22.642187118530273,1900,0.0,0.0
2022-03-15 00:00:00-04:00,22.48442829789402,23.01336422485334,22.48442829789402,22.772096633911133,8300,0.0,0.0
2022-03-16 00:00:00-04:00,22.289558444766488,23.171117754117322,22.289558444766488,22.7628173828125,3800,0.0,0.0
2022-03-17 00:00:00-04:00,22.642184387688584,22.911293170665036,22.5308303719288,22.7813777923584,24100,0.0,0.0
2022-03-18 00:00:00-04:00,22.90200957885226,23.096879959106445,22.90200957885226,23.096879959106445,2700,0.0,0.0
2022-03-21 00:00:00-04:00,22.734980580781848,22.7813777923584,22.734980580781848,22.7813777923584,1900,0.0,0.0
2022-03-22 00:00:00-04:00,22.939126448237406,23.19895538573599,22.679299280678656,23.106159210205078,4100,0.0,0.0
2022-03-23 00:00:00-04:00,23.059763092995908,23.161837297939417,22.846333118185036,23.087600708007812,6700,0.0,0.0
2022-03-24 00:00:00-04:00,23.004085540771484,23.004085540771484,23.004085540771484,23.004085540771484,500,0.0,0.0
2022-03-25 00:00:00-04:00,22.95768914962174,23.022645950317383,22.95768914962174,23.022645950317383,900,0.0,0.0
2022-03-28 00:00:00-04:00,23.143283308810037,23.143283308810037,22.827777306890155,22.994810104370117,2200,0.0,0.0
2022-03-29 00:00:00-04:00,23.11544268925337,23.11544268925337,22.697860717773438,22.697860717773438,1400,0.0,0.0
2022-03-30 00:00:00-04:00,22.80921173095703,22.80921173095703,22.80921173095703,22.80921173095703,800,0.0,0.0
2022-03-31 00:00:00-04:00,22.64218261951601,22.651462415094674,22.558666229248047,22.558666229248047,3100,0.0,0.0
2022-04-01 00:00:00-04:00,22.567943398235286,22.892729125927982,22.317394256591797,22.317394256591797,6400,0.0,0.0
2022-04-04 00:00:00-04:00,22.595784981858774,22.642182188929738,22.178203038460115,22.187482833862305,5800,0.0,0.0
2022-04-05 00:00:00-04:00,22.456592274334902,22.63290308252386,21.807020735927015,21.955493927001953,11900,0.0,0.0
2022-04-06 00:00:00-04:00,22.01116938853673,22.01116938853673,21.53791046142578,21.53791046142578,8700,0.0,0.0
2022-04-07 00:00:00-04:00,21.751344133936065,22.03901072572014,21.343041965960555,21.445117950439453,5600,0.0,0.0
2022-04-08 00:00:00-04:00,21.612148265835692,21.807018646724643,21.454395294189453,21.454395294189453,12300,0.0,0.0
2022-04-11 00:00:00-04:00,21.491518420924287,21.593594420892295,21.48223862365989,21.547195434570312,4900,0.0,0.0
2022-04-12 00:00:00-04:00,21.99261406929468,21.99261406929468,21.751344680786133,21.751344680786133,1700,0.0,0.0
2022-04-13 00:00:00-04:00,21.58430819651486,21.677104371586758,21.454394613378106,21.463672637939453,10600,0.0,0.0
2022-04-14 00:00:00-04:00,21.612154406245573,21.667831420898438,21.491518809567253,21.667831420898438,1300,0.0,0.0
2022-04-18 00:00:00-04:00,21.73278399746669,21.73278399746669,21.704944610595703,21.704944610595703,1300,0.0,0.0
2022-04-19 00:00:00-04:00,21.66782707600732,23.19895794648749,21.66782707600732,22.085407257080078,20300,0.0,0.0
2022-04-20 00:00:00-04:00,22.141088707997387,23.08760496152046,21.992615500780424,22.734981536865234,174000,0.0,0.0
2022-04-21 00:00:00-04:00,22.929848801870342,22.994807369785498,22.660741814553266,22.81849479675293,5400,0.0,0.0
2022-04-22 00:00:00-04:00,22.78137751470936,23.18039990118918,22.78137751470936,22.97624969482422,30400,0.0,0.0
2022-04-25 00:00:00-04:00,22.87416980439826,23.263912328198785,22.87416980439826,23.198955535888672,22400,0.0,0.0
2022-04-26 00:00:00-04:00,23.143283803173016,24.024843252123475,23.143283803173016,23.61654281616211,13700,0.0,0.0
2022-04-27 00:00:00-04:00,23.70005565900972,23.91348564167013,23.57942008972168,23.57942008972168,9200,0.0,0.0
2022-04-28 00:00:00-04:00,23.412386491844053,23.755731827064427,23.26391331173252,23.46806526184082,2900,0.0,0.0
2022-04-29 00:00:00-04:00,23.514464652165376,23.81141103998453,23.03192588698921,23.7464542388916,5700,0.0,0.0
2022-05-02 00:00:00-04:00,23.31031309502409,23.570140284258922,23.217516911751655,23.421667098999023,6600,0.0,0.0
2022-05-03 00:00:00-04:00,23.857807556392093,23.857807556392093,23.430947578785435,23.505184173583984,22500,0.0,0.0
2022-05-04 00:00:00-04:00,23.38431193818512,24.072359085083008,23.21694878315359,24.072359085083008,30400,0.05,0.0
2022-05-05 00:00:00-04:00,23.839909630575224,24.07235805294336,22.770647242369932,23.33782196044922,157600,0.0,0.0
2022-05-06 00:00:00-04:00,23.207648777791846,23.458693490270235,23.068180084228516,23.068180084228516,2600,0.0,0.0
2022-05-09 00:00:00-04:00,23.170454754168883,23.170454754168883,22.854324813244748,22.993793487548828,7200,0.0,0.0
2022-05-10 00:00:00-04:00,22.78924461085925,23.114672772129058,22.640477755440045,22.84503173828125,14700,0.0,0.0
2022-05-11 00:00:00-04:00,22.779939863416885,23.049580819173975,22.779939863416885,23.012388229370117,7900,0.0,0.0
2022-05-12 00:00:00-04:00,21.989617651931272,23.021689085704853,21.989617651931272,22.72415542602539,8200,0.0,0.0
2022-05-13 00:00:00-04:00,22.72415606332695,22.96590261195645,22.4452169194742,22.872922897338867,2400,0.0,0.0
2022-05-16 00:00:00-04:00,22.668367629529538,23.012392048548975,22.501006267957454,22.566091537475586,15200,0.0,0.0
2022-05-17 00:00:00-04:00,22.78924469314934,23.523780822753906,22.78924469314934,23.523780822753906,32200,0.0,0.0
2022-05-18 00:00:00-04:00,23.105370649169767,23.458691426679007,22.72415542602539,22.72415542602539,5400,0.0,0.0
2022-05-19 00:00:00-04:00,22.733455919445415,23.18905460450304,22.733455919445415,23.086776733398438,4200,0.0,0.0
2022-05-20 00:00:00-04:00,23.058879843146055,23.058879843146055,22.686962769567668,22.835729598999023,6200,0.0,0.0
2022-05-23 00:00:00-04:00,22.872922383948733,23.337819173161346,22.872922383948733,23.29132843017578,14300,0.0,0.0
2022-05-24 00:00:00-04:00,23.784119368750577,23.784119368750577,23.161157608032227,23.161157608032227,4500,0.0,0.0
2022-05-25 00:00:00-04:00,23.161158421082053,23.319223403930664,23.161158421082053,23.319223403930664,400,0.0,0.0
2022-05-26 00:00:00-04:00,23.514481092299185,23.87710003029479,22.835730413683063,23.440095901489258,6400,0.0,0.0
2022-05-27 00:00:00-04:00,23.207649001356938,23.551673437338508,23.021691332628006,23.41220474243164,2600,0.0,0.0
2022-05-31 00:00:00-04:00,22.98449794756694,23.151861085099032,22.835731108302994,23.030988693237305,4000,0.0,0.0
2022-06-01 00:00:00-04:00,23.24484456449306,23.375015126553134,23.030992420125543,23.142566680908203,3100,0.0,0.0
2022-06-02 00:00:00-04:00,23.0960771395044,23.105375289916992,23.0960771395044,23.105375289916992,1200,0.0,0.0
2022-06-03 00:00:00-04:00,23.114666112503063,23.523773960316355,22.714854638714364,23.235538482666016,2500,0.0,0.0
2022-06-06 00:00:00-04:00,22.900815287653877,23.077476565902725,22.900815287653877,22.96590232849121,2900,0.0,0.0
2022-06-07 00:00:00-04:00,22.97519990995541,23.523778297444263,22.9287109375,22.9287109375,3700,0.0,0.0
2022-06-08 00:00:00-04:00,22.993801091577566,22.993801091577566,22.603287610319448,22.649778366088867,2000,0.0,0.0
2022-06-09 00:00:00-04:00,23.040291010282182,23.040291010282182,22.380136489868164,22.380136489868164,6200,0.0,0.0
2022-06-10 00:00:00-04:00,22.547496737232247,22.547496737232247,22.36153729187879,22.43592071533203,2300,0.0,0.0
2022-06-13 00:00:00-04:00,22.045404155935387,22.138383865356445,22.045404155935387,22.138383865356445,900,0.0,0.0
2022-06-14 00:00:00-04:00,22.212768619732643,23.467990339124203,21.664190251801816,21.87804412841797,4700,0.0,0.0
2022-06-15 00:00:00-04:00,22.18487745068499,22.18487745068499,21.943130884576725,21.971023559570312,2700,0.0,0.0
2022-06-16 00:00:00-04:00,22.435921285003097,22.435921285003097,21.85945018196346,22.017515182495117,1900,0.0,0.0
2022-06-17 00:00:00-04:00,21.905938232301494,22.184877395629883,21.673489816248175,22.184877395629883,16600,0.0,0.0
2022-06-21 00:00:00-04:00,21.95242567045994,23.0123897203827,20.725098502456664,21.106313705444336,58700,0.0,0.0
2022-06-22 00:00:00-04:00,20.83667273221674,21.217887935204413,20.83667273221674,21.106313705444336,7300,0.0,0.0
2022-06-23 00:00:00-04:00,20.93896027632189,21.106323471845368,20.780895233154297,20.780895233154297,3300,0.0,0.0
2022-06-24 00:00:00-04:00,20.92035675048828,21.403849865458646,20.845973330757502,20.92035675048828,18200,0.0,0.0
2022-06-27 00:00:00-04:00,21.13420521858363,21.3015683274972,20.98543840475831,21.152801513671875,7500,0.0,0.0
2022-06-28 00:00:00-04:00,21.719980777921737,21.719980777921737,21.152806069652026,21.199295043945312,5600,0.0,0.0
2022-06-29 00:00:00-04:00,21.478235541389395,21.478235541389395,20.892464497716148,21.385255813598633,2200,0.0,0.0
2022-06-30 00:00:00-04:00,21.53402093596015,21.53402093596015,20.976144387545713,21.171401977539062,1500,0.0,0.0
2022-07-01 00:00:00-04:00,21.106313705444336,21.106313705444336,21.106313705444336,21.106313705444336,500,0.0,0.0
2022-07-05 00:00:00-04:00,20.97614185760929,21.031930747130485,20.97614185760929,21.022632598876953,1600,0.0,0.0
2022-07-06 00:00:00-04:00,21.115617327133943,21.115617327133943,20.97614860534668,20.97614860534668,1800,0.0,0.0
2022-07-07 00:00:00-04:00,20.976143585562674,21.078421451336443,20.976143585562674,21.013336181640625,4600,0.0,0.0
2022-07-08 00:00:00-04:00,20.938954608022275,21.422447758996462,20.11143700677471,20.901762008666992,36200,0.0,0.0
2022-07-11 00:00:00-04:00,20.762291130311223,21.004037680442703,20.743694832584055,20.771589279174805,5100,0.0,0.0
2022-07-12 00:00:00-04:00,20.99473988360165,21.162103019071235,20.762291478436246,21.013336181640625,6500,0.0,0.0
2022-07-13 00:00:00-04:00,21.106314159718302,21.106314159718302,20.920354741528538,21.022632598876953,4300,0.0,0.0
2022-07-14 00:00:00-04:00,20.790185856127042,21.348060607910156,20.19511673494949,21.348060607910156,6300,0.0,0.0
2022-07-15 00:00:00-04:00,20.93895707420742,21.273681640625,19.311817903025457,21.273681640625,18100,0.0,0.0
2022-07-18 00:00:00-04:00,21.19929047795217,21.19929047795217,20.845969738477105,21.152801513671875,13400,0.0,0.0
2022-07-19 00:00:00-04:00,22.203469052028492,22.203469052028492,20.818076884180122,21.022632598876953,12700,0.0,0.0
2022-07-20 00:00:00-04:00,21.36665603974431,21.36665603974431,20.827375834358403,20.957548141479492,13200,0.0,0.0
2022-07-21 00:00:00-04:00,21.46893441460471,21.46893441460471,20.873867076755023,20.883163452148438,7800,0.0,0.0
2022-07-22 00:00:00-04:00,20.883163452148438,20.883163452148438,20.883163452148438,20.883163452148438,0,0.0,0.0
2022-07-25 00:00:00-04:00,21.478235695913682,21.478235695913682,21.05982780456543,21.05982780456543,16500,0.0,0.0
2022-07-26 00:00:00-04:00,21.366660812390414,21.6641945406575,21.13421236550164,21.23649024963379,8000,0.0,0.0
2022-07-27 00:00:00-04:00,21.031934976122695,21.524724518564376,21.031934976122695,21.385255813598633,8100,0.0,0.0
2022-07-28 00:00:00-04:00,21.22719026471301,22.045407946745662,21.22719026471301,21.58051109313965,12700,0.0,0.0
2022-07-29 00:00:00-04:00,21.673487800195716,21.673487800195716,21.515422821044922,21.515422821044922,1100,0.0,0.0
2022-08-01 00:00:00-04:00,21.385255813598633,21.627002396478296,21.366659513352317,21.385255813598633,268700,0.0,0.0
2022-08-02 00:00:00-04:00,21.41315213119336,21.80366560321467,21.255087112198048,21.273681640625,5800,0.0,0.0
2022-08-03 00:00:00-04:00,21.27368148591257,21.49732050056531,21.27368148591257,21.478683471679688,54200,0.05,0.0
2022-08-04 00:00:00-04:00,21.413455647904918,21.478683471679688,21.413455647904918,21.478683471679688,1000,0.0,0.0
2022-08-05 00:00:00-04:00,21.478676122195317,21.981865065978546,21.460040877011124,21.870044708251953,2600,0.0,0.0
2022-08-08 00:00:00-04:00,22.17755491651077,22.17755491651077,22.03778076171875,22.03778076171875,800,0.0,0.0
2022-08-09 00:00:00-04:00,21.860732692220154,22.53165148327334,21.758232592617443,22.084373474121094,11900,0.0,0.0
2022-08-10 00:00:00-04:00,22.326650902126293,22.531654685113224,22.326650902126293,22.513017654418945,2100,0.0,0.0
2022-08-11 00:00:00-04:00,22.596879641215004,22.596879641215004,21.953916382638756,22.363922119140625,2900,0.0,0.0
2022-08-12 00:00:00-04:00,22.382554878048502,22.587556818533407,22.1402788880257,22.540966033935547,13000,0.0,0.0
2022-08-15 00:00:00-04:00,22.447787932034455,22.596880610370494,22.438469417472838,22.559606552124023,12700,0.0,0.0
2022-08-16 00:00:00-04:00,22.373239695023795,23.15597707855362,22.03778030856108,23.016202926635742,26400,0.0,0.0
2022-08-17 00:00:00-04:00,23.062793718166777,23.062793718166777,22.978928871551098,23.016202926635742,1900,0.0,0.0
2022-08-18 00:00:00-04:00,23.28643082199146,23.28643082199146,22.494374989136386,23.10938262939453,1700,0.0,0.0
2022-08-19 00:00:00-04:00,23.10938262939453,23.10938262939453,23.10938262939453,23.10938262939453,0,0.0,0.0
2022-08-22 00:00:00-04:00,22.72733248248643,23.10938262939453,22.72733248248643,23.10938262939453,3600,0.0,0.0
2022-08-23 00:00:00-04:00,22.857791590553273,23.081430587554447,22.335965486892444,22.923019409179688,8200,0.0,0.0
2022-08-24 00:00:00-04:00,22.60619878493177,23.090750870898624,22.60619878493177,22.829837799072266,1300,0.0,0.0
2022-08-25 00:00:00-04:00,22.978928218900524,22.978928218900524,22.38255757308258,22.596878051757812,7500,0.0,0.0
2022-08-26 00:00:00-04:00,22.596878368576508,22.829835877530904,22.58755985493936,22.783245086669922,10600,0.0,0.0
2022-08-29 00:00:00-04:00,22.941656103686064,22.941656103686064,22.690061569213867,22.690061569213867,17800,0.0,0.0
2022-08-30 00:00:00-04:00,22.811199960731855,22.923020352496398,22.47574234008789,22.47574234008789,70700,0.0,0.0
2022-08-31 00:00:00-04:00,22.867109136891848,22.867109136891848,22.56892204284668,22.56892204284668,2000,0.0,0.0
2022-09-01 00:00:00-04:00,22.615517149589138,22.73665428161621,22.457105960123034,22.73665428161621,5300,0.0,0.0
2022-09-02 00:00:00-04:00,22.829837799072266,22.829837799072266,22.829837799072266,22.829837799072266,700,0.0,0.0
2022-09-06 00:00:00-04:00,22.61551762191396,22.997567832018692,22.61551762191396,22.811201095581055,5600,0.0,0.0
2022-09-07 00:00:00-04:00,22.59687851957071,22.764608211510616,22.59687851957071,22.624834060668945,4200,0.0,0.0
2022-09-08 00:00:00-04:00,22.643469949112376,22.643469949112376,22.28937530517578,22.28937530517578,5400,0.0,0.0
2022-09-09 00:00:00-04:00,22.317325438156946,22.531645875367875,22.04709393072409,22.270732879638672,46200,0.0,0.0
2022-09-12 00:00:00-04:00,22.42914402395205,22.606192191672736,22.270732879638672,22.270732879638672,4000,0.0,0.0
2022-09-13 00:00:00-04:00,22.22414779663086,22.410512746514083,22.214829282537973,22.22414779663086,6000,0.0,0.0
2022-09-14 00:00:00-04:00,22.186872307507528,22.4571038667761,22.04709815979004,22.04709815979004,6700,0.0,0.0
2022-09-15 00:00:00-04:00,21.907324659756647,22.326647115306272,21.907324659756647,22.26141929626465,700,0.0,0.0
2022-09-16 00:00:00-04:00,21.953914191290174,22.224145743038992,21.953914191290174,22.177553176879883,8600,0.0,0.0
2022-09-19 00:00:00-04:00,21.953914191290174,22.177553176879883,21.953914191290174,22.177553176879883,1600,0.0,0.0
2022-09-20 00:00:00-04:00,22.17755522616643,22.33596641109583,22.056418097608578,22.22414779663086,2100,0.0,0.0
2022-09-21 00:00:00-04:00,21.916643479896816,22.35460296910195,21.916643479896816,21.944597244262695,1100,0.0,0.0
2022-09-22 00:00:00-04:00,21.953917170999404,22.261421040086997,21.720959640559567,21.776870727539062,7900,0.0,0.0
2022-09-23 00:00:00-04:00,21.627775334202443,21.87936988271542,21.59050305515876,21.674367904663086,6600,0.0,0.0
2022-09-26 00:00:00-04:00,21.478681728147127,21.82345962524414,21.478681728147127,21.82345962524414,3500,0.0,0.0
2022-09-27 00:00:00-04:00,21.82345962524414,21.82345962524414,21.82345962524414,21.82345962524414,0,0.0,0.0
2022-09-28 00:00:00-04:00,21.683685468668326,21.888687437738348,21.264361239519705,21.57186508178711,6700,0.0,0.0
2022-09-29 00:00:00-04:00,21.487998962402344,21.711637945585345,21.487998962402344,21.487998962402344,3900,0.0,0.0
2022-09-30 00:00:00-04:00,21.488000543237987,21.488000543237987,21.255043029785156,21.255043029785156,5400,0.0,0.0
2022-10-03 00:00:00-04:00,21.292316609790483,21.488000063607142,21.292316609790483,21.432090759277344,4300,0.0,0.0
2022-10-04 00:00:00-04:00,21.61845764415494,21.898005945292603,21.310953801973607,21.320270538330078,14800,0.0,0.0
2022-10-05 00:00:00-04:00,21.338908342374708,21.98187159118327,21.338908342374708,21.53459358215332,20300,0.0,0.0
2022-10-06 00:00:00-04:00,21.888686140435297,21.888686140435297,21.28299700548242,21.487998962402344,8400,0.0,0.0
2022-10-07 00:00:00-04:00,21.282996291138115,21.282996291138115,20.975492477416992,20.975492477416992,9000,0.0,0.0
2022-10-10 00:00:00-04:00,21.161858217734096,21.161858217734096,21.031402587890625,21.031402587890625,1300,0.0,0.0
2022-10-11 00:00:00-04:00,21.031401320220766,21.292314341505808,21.031401320220766,21.15254020690918,1900,0.0,0.0
2022-10-12 00:00:00-04:00,20.994130047299386,21.404133958006632,20.984811534239046,21.39481544494629,2200,0.0,0.0
2022-10-13 00:00:00-04:00,21.105948649374223,21.432089497187658,21.105948649374223,21.39481544494629,6700,0.0,0.0
2022-10-14 00:00:00-04:00,21.34822591412028,21.432090759277344,20.994131283598584,21.432090759277344,2400,0.0,0.0
2022-10-17 00:00:00-04:00,21.898003033512378,23.183927536010742,21.814138198857645,23.183927536010742,12400,0.0,0.0
2022-10-18 00:00:00-04:00,23.28642733799061,23.659158916119488,22.6621012781281,23.295745849609375,178000,0.0,0.0
2022-10-19 00:00:00-04:00,23.29575301931746,23.687121741134987,22.96961212158203,22.96961212158203,24800,0.0,0.0
2022-10-20 00:00:00-04:00,23.146659214141916,23.24916109117552,22.96029248813988,23.23052406311035,12900,0.0,0.0
2022-10-21 00:00:00-04:00,23.295747627995635,26.56647080824516,23.258473578675083,23.454158782958984,90100,0.0,0.0
2022-10-24 00:00:00-04:00,23.901439990474376,24.376673520573192,23.556663873573598,23.882802963256836,83400,0.0,0.0
2022-10-25 00:00:00-04:00,23.90143740245425,23.948029965453106,23.538024297685883,23.668479919433594,41300,0.0,0.0
2022-10-26 00:00:00-04:00,23.612574865963516,25.643964767456055,23.4541636779391,25.643964767456055,24500,0.0,0.0
2022-10-27 00:00:00-04:00,25.72782508425525,26.519879107458436,25.019634120096597,26.18442153930664,19400,0.0,0.0
2022-10-28 00:00:00-04:00,26.26828779732955,26.51988054272859,25.16872812971458,25.90487289428711,17600,0.0,0.0
2022-10-31 00:00:00-04:00,25.923512284114583,27.060346107927177,25.15941191046502,25.886240005493164,24100,0.0,0.0
2022-11-01 00:00:00-04:00,25.886239707191287,26.314880681684564,25.392369135543785,25.998058319091797,5600,0.0,0.0
2022-11-02 00:00:00-04:00,26.04465088848767,26.184425042025705,25.932830499262366,25.998058319091797,15500,0.0,0.0
2022-11-03 00:00:00-04:00,26.05416736446224,26.278610798315647,25.52111398609567,25.64268684387207,40000,0.1,0.0
2022-11-04 00:00:00-04:00,25.71750232390795,26.05416837966521,25.165744858624855,25.670743942260742,14100,0.0,0.0
2022-11-07 00:00:00-05:00,25.623983788446694,26.465647144501332,25.49305889280115,26.2879638671875,31000,0.0,0.0
2022-11-08 00:00:00-05:00,26.09157504057715,26.82101757554393,26.09157504057715,26.27861213684082,27600,0.0,0.0
2022-11-09 00:00:00-05:00,26.3160152876829,26.886476756612883,26.3160152876829,26.48434829711914,17000,0.0,0.0
2022-11-10 00:00:00-05:00,26.418886253650737,26.989347731156418,26.418886253650737,26.531108856201172,32400,0.0,0.0
2022-11-11 00:00:00-05:00,26.961290916578637,26.961290916578637,26.503052053826828,26.774253845214844,2000,0.0,0.0
2022-11-14 00:00:00-05:00,26.52175863720447,26.905183064578623,26.465646440234195,26.69944190979004,10500,0.0,0.0
2022-11-15 00:00:00-05:00,27.036109923838836,27.10157237468254,26.54981488368844,26.643333435058594,17000,0.0,0.0
2022-11-16 00:00:00-05:00,27.026756015470117,27.026756015470117,26.680739718237284,26.979997634887695,8400,0.0,0.0
2022-11-17 00:00:00-05:00,26.99870130486653,26.99870130486653,26.74620177249962,26.933237075805664,7900,0.0,0.0
2022-11-18 00:00:00-05:00,27.120274527342318,28.97193422215133,26.503054629072647,27.26055145263672,20000,0.0,0.0
2022-11-21 00:00:00-05:00,27.260552427748642,27.307312593664644,26.203797650098217,27.120275497436523,36100,0.0,0.0
2022-11-22 00:00:00-05:00,27.16703387963458,27.3914791085955,26.783609437713086,27.120275497436523,70600,0.0,0.0
2022-11-23 00:00:00-05:00,27.279256494115042,27.3540709758627,26.905184085376746,27.120275497436523,7600,0.0,0.0
2022-11-25 00:00:00-05:00,27.297959279296528,27.391477823021447,26.821016311645508,26.821016311645508,15100,0.0,0.0
2022-11-28 00:00:00-05:00,27.008056764722156,27.14833549891395,26.344078366745318,26.839725494384766,18700,0.0,0.0
2022-11-29 00:00:00-05:00,27.045464209821706,27.391482343593896,26.072874048519015,26.97064971923828,23500,0.0,0.0
2022-11-30 00:00:00-05:00,26.914535458610256,27.223145411216915,26.8116648798354,27.026756286621094,6200,0.0,0.0
2022-12-01 00:00:00-05:00,27.18574080487029,27.18574080487029,26.746205901345775,26.867778778076172,4200,0.0,0.0
2022-12-02 00:00:00-05:00,26.867779814248564,26.886483883303228,26.8210214253301,26.839725494384766,2600,0.0,0.0
2022-12-05 00:00:00-05:00,26.99870031019451,26.99870031019451,26.07286872562486,26.400182723999023,14600,0.0,0.0
2022-12-06 00:00:00-05:00,26.587219196219777,26.587219196219777,25.9980536558739,26.418886184692383,6000,0.0,0.0
2022-12-07 00:00:00-05:00,26.54981325647727,26.54981325647727,26.278611436215318,26.465646743774414,6300,0.0,0.0
2022-12-08 00:00:00-05:00,26.63398047928026,26.671388612020174,26.044816658370205,26.27861213684082,8900,0.0,0.0
2022-12-09 00:00:00-05:00,26.512410113530233,26.512410113530233,26.23185444269845,26.316020965576172,5800,0.0,0.0
2022-12-12 00:00:00-05:00,26.512408231804635,26.652685165405273,26.512408231804635,26.652685165405273,1200,0.0,0.0
2022-12-13 00:00:00-05:00,26.699444903814843,26.83037159437614,26.20379959435518,26.222503662109375,9400,0.0,0.0
2022-12-14 00:00:00-05:00,26.24120551883223,26.503057111972744,26.231853485107422,26.231853485107422,6600,0.0,0.0
2022-12-15 00:00:00-05:00,26.250555650159654,26.38148054538266,25.91388959533716,26.007408142089844,4800,0.0,0.0
2022-12-16 00:00:00-05:00,26.06351779696351,26.241201056364677,25.95129519506795,26.08222007751465,6500,0.0,0.0
2022-12-19 00:00:00-05:00,25.92324129855433,26.372129960512275,25.54916890002096,25.848426818847656,9100,0.0,0.0
2022-12-20 00:00:00-05:00,26.016757009088685,26.241200423751263,25.73620318668989,26.157033920288086,7600,0.0,0.0
2022-12-21 00:00:00-05:00,26.157039718522274,26.362780898691252,26.044818878173828,26.044818878173828,3500,0.0,0.0
2022-12-22 00:00:00-05:00,26.250552820065057,26.250552820065057,25.380833461350743,25.754907608032227,7400,0.0,0.0
2022-12-23 00:00:00-05:00,25.951296819273143,25.951296819273143,25.586576461791992,25.586576461791992,2100,0.0,0.0
2022-12-27 00:00:00-05:00,25.717504478122976,25.773614897543276,25.38083839416504,25.38083839416504,8300,0.0,0.0
2022-12-28 00:00:00-05:00,25.605282507543873,25.689449030676464,25.3060245513916,25.3060245513916,6300,0.0,0.0
2022-12-29 00:00:00-05:00,25.521114896034067,25.726854271805724,25.306021703502424,25.390188217163086,4100,0.0,0.0
2022-12-30 00:00:00-05:00,25.595928132683856,25.708148956298828,25.54916796974609,25.708148956298828,2800,0.0,0.0
2023-01-03 00:00:00-05:00,25.68944519115552,25.81101983249577,25.42759541051717,25.474353790283203,11800,0.0,0.0
2023-01-04 00:00:00-05:00,25.58657801040414,25.6239843598293,25.296670329698827,25.483707427978516,8600,0.0,0.0
2023-01-05 00:00:00-05:00,25.474355981997196,25.474355981997196,24.885192141153702,24.903894424438477,80200,0.0,0.0
2023-01-06 00:00:00-05:00,25.137685775756836,25.27796447148431,25.100279431622496,25.137685775756836,24400,0.0,0.0
2023-01-09 00:00:00-05:00,25.137688439801536,25.633335484062666,25.128338190565312,25.28731918334961,49700,0.0,0.0
2023-01-10 00:00:00-05:00,25.49305885560828,25.829724911026126,25.287319479362882,25.502410888671875,16700,0.0,0.0
2023-01-11 00:00:00-05:00,26.185091645068884,26.185091645068884,25.71750072283551,25.885833740234375,11200,0.0,0.0
2023-01-12 00:00:00-05:00,25.82972768016035,26.57787256827555,25.642690566272492,26.316020965576172,17500,0.0,0.0
2023-01-13 00:00:00-05:00,26.1663875579834,26.334720575240063,26.091573081837968,26.1663875579834,4900,0.0,0.0
2023-01-17 00:00:00-05:00,26.091575907606256,26.138336075084997,25.717503486366347,25.913890838623047,4400,0.0,0.0
2023-01-18 00:00:00-05:00,25.72685745255161,26.13833803868634,25.72685745255161,25.8577823638916,5300,0.0,0.0
2023-01-19 00:00:00-05:00,25.811021084357407,26.016760462511524,25.324726062846292,25.60527992248535,13900,0.0,0.0
2023-01-20 00:00:00-05:00,25.7175013569821,26.259906768798828,25.7175013569821,26.259906768798828,14400,0.0,0.0
2023-01-23 00:00:00-05:00,26.839719394705252,27.961936527173588,25.998054315706753,26.512405395507812,31900,0.0,0.0
2023-01-24 00:00:00-05:00,26.325370514043932,27.494347906174816,26.241203999113075,27.120275497436523,27500,0.0,0.0
2023-01-25 00:00:00-05:00,27.11092408485223,27.11092408485223,26.652685150693483,26.87712860107422,14600,0.0,0.0
2023-01-26 00:00:00-05:00,26.428243277267978,27.07351935043951,26.428243277267978,26.88648223876953,8600,0.0,0.0
2023-01-27 00:00:00-05:00,26.792961114020965,27.11092310314283,26.7742570479037,27.017404556274414,12500,0.0,0.0
2023-01-30 00:00:00-05:00,27.14833549891395,27.765555507972326,26.80231735627543,26.839725494384766,27200,0.0,0.0
2023-01-31 00:00:00-05:00,26.839725494384766,26.998706513913024,26.67139244032917,26.839725494384766,12600,0.0,0.0
2023-02-01 00:00:00-05:00,26.718149195010167,27.07351935043951,26.718149195010167,26.88648223876953,14100,0.0,0.0
2023-02-02 00:00:00-05:00,27.01786237871983,27.327549500642416,27.01786237871983,27.318164825439453,4100,0.1,0.0
2023-02-03 00:00:00-05:00,27.055402726918206,27.787391376252693,27.055402726918206,27.290014266967773,8600,0.0,0.0
2023-02-06 00:00:00-05:00,27.290012347303346,27.862465037538264,27.214936731366297,27.52462387084961,20500,0.0,0.0
2023-02-07 00:00:00-05:00,27.524626299487977,27.99384938798245,27.421396647237103,27.515241622924805,25900,0.0,0.0
2023-02-08 00:00:00-05:00,27.355702476184614,27.909385798528056,27.111706284139725,27.806156158447266,12900,0.0,0.0
2023-02-09 00:00:00-05:00,27.80615930618089,27.918773634466717,27.28062995071643,27.618471145629883,14500,0.0,0.0
2023-02-10 00:00:00-05:00,27.562162851768118,28.050153465308625,27.552778175938354,27.721698760986328,8400,0.0,0.0
2023-02-13 00:00:00-05:00,27.796774151801635,28.097076616138246,27.318166428036207,27.590314865112305,16600,0.0,0.0
2023-02-14 00:00:00-05:00,27.5715425693052,27.87184679151691,27.374469769358196,27.609081268310547,11000,0.0,0.0
2023-02-15 00:00:00-05:00,27.57154412720863,27.8343096652623,27.515237865462765,27.580928802490234,9600,0.0,0.0
2023-02-16 00:00:00-05:00,26.49233152903668,27.68415844064414,26.49233152903668,27.580928802490234,12700,0.0,0.0
2023-02-17 00:00:00-05:00,27.62785206368426,27.684158325195312,27.4307774634799,27.684158325195312,7800,0.0,0.0
2023-02-21 00:00:00-05:00,27.684156372253785,27.899998517773017,27.505851135112675,27.853076934814453,13400,0.0,0.0
2023-02-22 00:00:00-05:00,27.824923356190233,27.824923356190233,27.54339027404785,27.54339027404785,4800,0.0,0.0
2023-02-23 00:00:00-05:00,27.71231298376708,27.909385798528056,27.468316791722188,27.806156158447266,4900,0.0,0.0
2023-02-24 00:00:00-05:00,27.580932359662345,27.80615922563758,27.5058567376706,27.787391662597656,5400,0.0,0.0
2023-02-27 00:00:00-05:00,27.824928789733395,27.824928789733395,27.505856946361632,27.515241622924805,7800,0.0,0.0
2023-02-28 00:00:00-05:00,27.48708746118727,27.80615749230452,27.48708746118727,27.74985122680664,6800,0.0,0.0
2023-03-01 00:00:00-05:00,27.534008546584722,27.768620070130986,27.515239195114493,27.52462387084961,4800,0.0,0.0
2023-03-02 00:00:00-05:00,27.590318334041402,27.590318334041402,27.130479903967526,27.26186180114746,7400,0.0,0.0
2023-03-03 00:00:00-05:00,27.036631496901354,27.22432143188679,27.036631496901354,27.055400848388672,4700,0.0,0.0
2023-03-06 00:00:00-05:00,27.111708995345783,27.290014266967773,26.848945216054428,27.290014266967773,9800,0.0,0.0
2023-03-07 00:00:00-05:00,27.158628463745117,27.31816435958735,26.942784517645336,27.158628463745117,7400,0.0,0.0
2023-03-08 00:00:00-05:00,26.933402608080566,27.14924477205446,26.895863906549206,27.074169158935547,15300,0.0,0.0
2023-03-09 00:00:00-05:00,26.99909557434175,26.99909557434175,25.62896329454961,25.666501998901367,27500,0.0,0.0
2023-03-10 00:00:00-05:00,25.55388791676272,25.55388791676272,21.68749082926872,24.390214920043945,34200,0.0,0.0
2023-03-13 00:00:00-04:00,24.12745001019862,24.12745001019862,22.213020766970345,22.372556686401367,18000,0.0,0.0
2023-03-14 00:00:00-04:00,23.461151794849027,24.37144384010939,22.175479888916016,22.175479888916016,36700,0.0,0.0
2023-03-15 00:00:00-04:00,22.109793197153124,22.109793197153124,21.171346945101448,21.73441505432129,37100,0.0,0.0
2023-03-16 00:00:00-04:00,21.987791118910536,23.329769249539822,21.734410257195123,22.991928100585938,13100,0.0,0.0
2023-03-17 00:00:00-04:00,22.278708949576014,22.926237223439923,21.96902182554437,22.119173049926758,12800,0.0,0.0
2023-03-20 00:00:00-04:00,22.100404482160688,22.316248441056093,20.917963995754832,21.30272674560547,28300,0.0,0.0
2023-03-21 00:00:00-04:00,21.481026282410415,22.46639556074315,21.481026282410415,21.94086456298828,10100,0.0,0.0
2023-03-22 00:00:00-04:00,22.381939617696386,22.935622954318625,22.081637155110194,22.56962776184082,27500,0.0,0.0
2023-03-23 00:00:00-04:00,22.541476833897573,22.92623961017614,22.522707481409842,22.747934341430664,23000,0.0,0.0
2023-03-24 00:00:00-04:00,22.59778051908509,22.907467639967628,22.541474258000203,22.79485511779785,18700,0.0,0.0
2023-03-27 00:00:00-04:00,22.92623850689708,23.029468150667892,22.701011657714844,22.701011657714844,3600,0.0,0.0
2023-03-28 00:00:00-04:00,22.71039742639918,22.898085581444548,22.60716777766065,22.747934341430664,13800,0.0,0.0
2023-03-29 00:00:00-04:00,22.71039755279826,23.076390978626105,22.579013874596892,22.644704818725586,19500,0.0,0.0
2023-03-30 00:00:00-04:00,22.804240686642274,22.804240686642274,21.922102596041334,22.044099807739258,16300,0.0,0.0
2023-03-31 00:00:00-04:00,21.93148727231717,22.184866371988857,21.93148727231717,22.044099807739258,7600,0.0,0.0
2023-04-03 00:00:00-04:00,22.14732741885094,22.82300793903984,22.14732741885094,22.381938934326172,20700,0.0,0.0
2023-04-04 00:00:00-04:00,22.37255373418387,22.61654991934864,21.42472301910126,21.452877044677734,55000,0.0,0.0
2023-04-05 00:00:00-04:00,21.25580120935431,21.44349112239441,20.87103849857141,20.936729431152344,31200,0.0,0.0
2023-04-06 00:00:00-04:00,21.115041292624927,21.42472849331899,21.115041292624927,21.255807876586914,17000,0.0,0.0
2023-04-10 00:00:00-04:00,20.983657466577345,21.49041748046875,20.974272789845866,21.49041748046875,36700,0.0,0.0
2023-04-11 00:00:00-04:00,21.312110776389247,21.818872546315475,21.29334321412616,21.415340423583984,25200,0.0,0.0
2023-04-12 00:00:00-04:00,21.509188801685028,21.631186030466957,21.0024269514888,21.255807876586914,15900,0.0,0.0
2023-04-13 00:00:00-04:00,21.12442149805058,21.368417693903236,20.983654943889704,21.068115234375,16100,0.0,0.0
2023-04-14 00:00:00-04:00,21.359033073869846,21.499799628396957,21.115036877382387,21.133806228637695,16100,0.0,0.0
2023-04-17 00:00:00-04:00,21.133808714392877,21.64995340501576,21.133808714392877,21.49041748046875,26100,0.0,0.0
2023-04-18 00:00:00-04:00,21.78133296064573,21.959638219510566,21.115037093749365,21.396570205688477,17000,0.0,0.0
2023-04-19 00:00:00-04:00,20.936731629991286,21.265188117335118,20.533199527535476,20.899194717407227,63500,0.0,0.0
2023-04-20 00:00:00-04:00,20.93672616932721,21.471640011228132,19.191218125746843,20.289199829101562,49700,0.0,0.0
2023-04-21 00:00:00-04:00,20.27981896142501,21.190110951796946,20.03582278267771,20.05459213256836,18300,0.0,0.0
2023-04-24 00:00:00-04:00,20.176592738000675,20.52381860990443,20.09213243915771,20.195362091064453,23800,0.0,0.0
2023-04-25 00:00:00-04:00,20.261051406045983,20.261051406045983,19.116147810468505,19.285066604614258,38400,0.0,0.0
2023-04-26 00:00:00-04:00,19.6792118676801,20.852269361245895,19.238142894479083,19.49152374267578,30200,0.0,0.0
2023-04-27 00:00:00-04:00,19.707365403977413,19.970130920410156,19.378908955922395,19.970130920410156,14300,0.0,0.0
2023-04-28 00:00:00-04:00,20.139053688779484,20.589509204915913,19.8481358810232,20.167207717895508,29000,0.0,0.0
2023-05-01 00:00:00-04:00,20.16720623303989,20.16720623303989,19.707367864332074,19.791828155517578,13800,0.0,0.0
2023-05-02 00:00:00-04:00,19.388296451400493,19.388296451400493,18.58123222560041,18.88153648376465,19800,0.0,0.0
2023-05-03 00:00:00-04:00,18.806461093603748,19.22876077340455,18.806461093603748,18.90968894958496,5800,0.0,0.0
2023-05-04 00:00:00-04:00,18.881396896578188,19.324665796361057,18.32495200170639,18.768220901489258,12200,0.1,0.0
2023-05-05 00:00:00-04:00,19.060588956885148,19.89054142599987,18.655046003674453,19.324665069580078,33000,0.0,0.0
2023-05-08 00:00:00-04:00,19.390686173701535,19.390686173701535,18.91912278174177,19.183198928833008,7200,0.0,0.0
2023-05-09 00:00:00-04:00,18.91911969961289,19.31523295628283,18.504145277479648,18.73049545288086,7400,0.0,0.0
2023-05-10 00:00:00-04:00,19.126607399474803,19.588739200790823,18.607886709031064,18.956844329833984,8200,0.0,0.0
2023-05-11 00:00:00-04:00,18.730496409989428,19.18319678392436,18.730496409989428,18.862533569335938,7200,0.0,0.0
2023-05-12 00:00:00-04:00,18.86253249870989,19.607603395867145,18.579595230777752,18.834238052368164,11100,0.0,0.0
2023-05-15 00:00:00-04:00,19.07001460657758,19.551009272473095,18.937977490050855,19.47555923461914,6500,0.0,0.0
2023-05-16 00:00:00-04:00,19.418975114154303,19.767930917810812,19.334093583779246,19.40011215209961,11200,0.0,0.0
2023-05-17 00:00:00-04:00,19.909404758072924,20.390399579955556,19.541584130238334,20.277223587036133,6900,0.0,0.0
2023-05-18 00:00:00-04:00,20.324376069934168,20.51300209611354,19.96598877883869,20.088594436645508,15900,0.0,0.0
2023-05-19 00:00:00-04:00,20.05087244443458,20.13575398536081,19.805659303855624,19.93769645690918,15200,0.0,0.0
2023-05-22 00:00:00-04:00,19.937696947847652,20.53186774896189,19.824522756406786,20.475278854370117,19300,0.0,0.0
2023-05-23 00:00:00-04:00,20.51300573403221,20.711061477661133,20.465850118560013,20.711061477661133,8100,0.0,0.0
2023-05-24 00:00:00-04:00,20.494140755793147,20.711059443858346,20.465848108836706,20.65447235107422,23600,0.0,0.0
2023-05-25 00:00:00-04:00,20.654473898648575,20.74878692626953,20.37153661465709,20.74878692626953,12100,0.0,0.0
2023-05-26 00:00:00-04:00,20.70163119795057,21.144900086796465,20.70163119795057,20.956274032592773,10500,0.0,0.0
2023-05-30 00:00:00-04:00,20.74878493492788,20.871390599858213,19.81508982872067,19.90940284729004,87900,0.0,0.0
2023-05-31 00:00:00-04:00,19.67362167390229,20.060303440361142,19.67362167390229,19.87167739868164,31300,0.0,0.0
2023-06-01 00:00:00-04:00,20.22063338708727,20.32437608256641,19.90940170290764,20.192338943481445,10600,0.0,0.0
2023-06-02 00:00:00-04:00,20.33380831143441,21.720205518288207,20.01314513426218,21.465560913085938,18200,0.0,0.0
2023-06-05 00:00:00-04:00,21.427835148335856,21.852242826870608,20.56959010851774,20.73935317993164,38200,0.0,0.0
2023-06-06 00:00:00-04:00,20.53186902689592,21.31466412875771,20.53186902689592,21.295801162719727,4700,0.0,0.0
2023-06-07 00:00:00-04:00,21.18262060977134,21.691909790039062,21.126033522698613,21.691909790039062,40300,0.0,0.0
2023-06-08 00:00:00-04:00,21.503286491699757,22.135181407143044,21.503286491699757,21.87110710144043,14500,0.0,0.0
2023-06-09 00:00:00-04:00,21.908831355118657,21.908831355118657,21.427836554179095,21.823949813842773,12500,0.0,0.0
2023-06-12 00:00:00-04:00,21.94656015674744,22.342673468260003,21.258078053054895,21.7956600189209,70200,0.0,0.0
2023-06-13 00:00:00-04:00,22.050300350024735,22.62560818384714,21.974850289758788,22.040870666503906,22900,0.0,0.0
2023-06-14 00:00:00-04:00,22.059732188486443,22.257789724176007,21.37125015258789,21.37125015258789,26000,0.0,0.0
2023-06-15 00:00:00-04:00,21.45612878559259,21.946555018135204,21.229778631850873,21.91826057434082,15400,0.0,0.0
2023-06-16 00:00:00-04:00,21.927692413330078,21.993710984389537,21.55044215093949,21.927692413330078,57800,0.0,0.0
2023-06-20 00:00:00-04:00,21.871104705056357,22.163473425280404,21.66361571745708,21.805086135864258,33200,0.0,0.0
2023-06-21 00:00:00-04:00,21.880537504567858,22.069161742357373,21.673048504466827,21.73906707763672,102100,0.0,0.0
2023-06-22 00:00:00-04:00,21.8711060228477,21.88996718741681,21.41840389463622,21.73906707763672,27400,0.0,0.0
2023-06-23 00:00:00-04:00,21.29580081661222,21.965421709106078,19.91883669790452,20.550731658935547,741000,0.0,0.0
2023-06-26 00:00:00-04:00,20.588456246691777,21.757933164822703,20.588456246691777,21.088314056396484,34400,0.0,0.0
2023-06-27 00:00:00-04:00,20.446989159593176,21.691916238505332,20.446989159593176,21.60703468322754,40600,0.0,0.0
2023-06-28 00:00:00-04:00,21.50328648838612,21.73906814636786,21.30523075913968,21.663618087768555,19200,0.0,0.0
2023-06-29 00:00:00-04:00,21.493854497054507,21.493854497054507,20.975133825872348,21.286365509033203,12800,0.0,0.0
2023-06-30 00:00:00-04:00,21.276937126015305,21.531581758099875,21.078881389197104,21.37125015258789,14000,0.0,0.0
2023-07-03 00:00:00-04:00,21.842810684349498,21.842810684349498,21.3052288403853,21.3995418548584,10300,0.0,0.0
2023-07-05 00:00:00-04:00,21.6258942981706,21.6258942981706,21.08831239733322,21.30523109436035,27800,0.0,0.0
2023-07-06 00:00:00-04:00,21.078879820417004,21.078879820417004,20.909116744995117,20.909116744995117,10900,0.0,0.0
2023-07-07 00:00:00-04:00,20.98456918656677,21.588169702137023,20.98456918656677,21.34295654296875,41600,0.0,0.0
2023-07-10 00:00:00-04:00,21.154332281288763,21.56930853517903,20.84310054058892,21.34295654296875,21400,0.0,0.0
2023-07-11 00:00:00-04:00,21.42783736896423,22.304945462919164,21.239213113634253,21.53158187866211,20000,0.0,0.0
2023-07-12 00:00:00-04:00,21.701341673065357,21.84281029280353,21.11660243291086,21.182621002197266,17100,0.0,0.0
2023-07-13 00:00:00-04:00,21.503284393045444,21.927692055605615,21.314660164362905,21.91826057434082,9200,0.0,0.0
2023-07-14 00:00:00-04:00,21.757929514695256,21.757929514695256,21.050584592636913,21.408973693847656,16900,0.0,0.0
2023-07-17 00:00:00-04:00,21.3995440110097,21.795657272610953,21.3995440110097,21.512718200683594,9300,0.0,0.0
2023-07-18 00:00:00-04:00,21.305230441087087,22.238925576891663,21.305230441087087,22.229494094848633,10900,0.0,0.0
2023-07-19 00:00:00-04:00,22.229493030855185,22.540724727893235,21.880537206321918,22.304943084716797,36500,0.0,0.0
2023-07-20 00:00:00-04:00,22.38982630232554,22.63503944551653,21.607031260122948,22.559589385986328,26700,0.0,0.0
2023-07-21 00:00:00-04:00,22.75764892104861,23.087743661237074,22.389830044226052,22.927412033081055,14500,0.0,0.0
2023-07-24 00:00:00-04:00,22.286079696549827,23.33295074792871,22.286079696549827,22.710487365722656,12500,0.0,0.0
2023-07-25 00:00:00-04:00,22.587880862078237,23.1065997282664,22.40868631968533,22.63503646850586,11900,0.0,0.0
2023-07-26 00:00:00-04:00,23.059446562942075,23.285796735724333,22.72935188639123,22.908546447753906,27600,0.0,0.0
2023-07-27 00:00:00-04:00,22.91797757061619,23.33295381288752,22.91797757061619,23.002859115600586,50600,0.0,0.0
2023-07-28 00:00:00-04:00,23.05001458847623,23.05001458847623,22.295512229782222,22.73878288269043,18500,0.0,0.0
2023-07-31 00:00:00-04:00,22.776510247105342,22.776510247105342,22.276654229784906,22.512435913085938,21600,0.0,0.0
2023-08-01 00:00:00-04:00,22.521864998809875,22.663335444127583,22.238927705917327,22.65390396118164,8900,0.0,0.0
2023-08-02 00:00:00-04:00,22.54072748921914,22.67276644880563,22.54072748921914,22.5878849029541,9200,0.0,0.0
2023-08-03 00:00:00-04:00,22.41740829440992,22.748887019771825,22.41740829440992,22.568941116333008,6000,0.1,0.0
2023-08-04 00:00:00-04:00,22.729945960573943,22.976187258583153,22.701532877814255,22.74888801574707,18200,0.0,0.0
2023-08-07 00:00:00-04:00,22.767829743282796,23.156132836675006,22.767829743282796,22.957244873046875,23900,0.0,0.0
2023-08-08 00:00:00-04:00,22.872007243762866,23.01406904151766,22.644708006072435,22.7015323638916,14800,0.0,0.0
2023-08-09 00:00:00-04:00,22.56894267092939,22.87200833565137,22.4174098385684,22.606826782226562,14500,0.0,0.0
2023-08-10 00:00:00-04:00,22.673120849201606,22.72994520642181,22.549999301075122,22.635236740112305,11300,0.0,0.0
2023-08-11 00:00:00-04:00,22.54999722803162,22.815180548036928,22.37005314564112,22.654176712036133,25900,0.0,0.0
2023-08-14 00:00:00-04:00,22.540527794423607,22.540527794423607,22.360583699317612,22.50264549255371,11500,0.0,0.0
2023-08-15 00:00:00-04:00,22.445819807033153,22.445819807033153,21.80180445566782,21.811275482177734,16600,0.0,0.0
2023-08-16 00:00:00-04:00,21.849161031675674,21.94386950444827,21.02520147330599,21.678686141967773,15300,0.0,0.0
2023-08-17 00:00:00-04:00,21.659747720358816,22.00069572213253,21.015732218854875,21.063085556030273,9200,0.0,0.0
2023-08-18 00:00:00-04:00,21.10096693686375,21.981750816536128,21.10096693686375,21.773393630981445,29700,0.0,0.0
2023-08-21 00:00:00-04:00,21.811274961741898,21.83968623418012,21.66921137389655,21.763919830322266,8800,0.0,0.0
2023-08-22 00:00:00-04:00,21.839688918666162,21.839688918666162,21.091495814405274,21.24302864074707,5900,0.0,0.0
2023-08-23 00:00:00-04:00,21.072552144604057,21.214613932610796,20.892606249708248,21.119905471801758,7900,0.0,0.0
2023-08-24 00:00:00-04:00,21.02519881740636,21.318793420142104,20.996785737239556,21.119905471801758,6500,0.0,0.0
2023-08-25 00:00:00-04:00,21.24302958123271,21.70709910825178,21.091496748182156,21.508211135864258,8500,0.0,0.0
2023-08-28 00:00:00-04:00,21.688153657581612,21.688153657581612,21.36614598615089,21.470325469970703,5800,0.0,0.0
2023-08-29 00:00:00-04:00,21.688153253922476,21.782861709594727,21.404029693319266,21.782861709594727,5500,0.0,0.0
2023-08-30 00:00:00-04:00,21.697624931300666,21.735509037271928,21.51767904076437,21.53662109375,5700,0.0,0.0
2023-08-31 00:00:00-04:00,21.726041206860312,21.726041206860312,21.41350451227505,21.422975540161133,7600,0.0,0.0
2023-09-01 00:00:00-04:00,21.707096831088535,21.707096831088535,21.366147089284873,21.546092987060547,7800,0.0,0.0
2023-09-05 00:00:00-04:00,21.432444719338978,21.773394496909663,21.422975497885446,21.508211135864258,4700,0.0,0.0
2023-09-06 00:00:00-04:00,21.46085855474251,21.46085855474251,20.864198229505895,20.902080535888672,13400,0.0,0.0
2023-09-07 00:00:00-04:00,20.93996256232355,21.119906660937293,20.8831363987904,20.9210205078125,39100,0.0,0.0
2023-09-08 00:00:00-04:00,20.987317405644607,21.318796157836914,20.883137904734888,21.318796157836914,4800,0.0,0.0
2023-09-11 00:00:00-04:00,21.214614933109186,21.29985237121582,21.03466902972698,21.29985237121582,5200,0.0,0.0
2023-09-12 00:00:00-04:00,21.025198054844545,21.110435485839844,20.968371896571963,21.110435485839844,3100,0.0,0.0
2023-09-13 00:00:00-04:00,21.053612843668116,21.053612843668116,20.570601256166295,20.68425178527832,11500,0.0,0.0
2023-09-14 00:00:00-04:00,20.703191066625617,21.1956718096734,20.67477798655197,21.03466796875,4800,0.0,0.0
2023-09-15 00:00:00-04:00,20.86419571235047,21.593446731567383,20.655836729933892,21.593446731567383,52200,0.0,0.0
2023-09-18 00:00:00-04:00,21.252500176801878,21.252500176801878,21.006258876500063,21.015729904174805,3800,0.0,0.0
2023-09-19 00:00:00-04:00,21.148319565721614,21.20514392236548,20.835782894559767,20.93996238708496,6700,0.0,0.0
2023-09-20 00:00:00-04:00,21.044139512909048,21.186203110356946,20.835782339819772,21.08202362060547,14800,0.0,0.0
2023-09-21 00:00:00-04:00,21.07255396398202,21.157791405428085,20.86419677734375,20.86419677734375,4200,0.0,0.0
2023-09-22 00:00:00-04:00,21.025198886207303,21.025198886207303,20.835781963969396,20.845252990722656,7200,0.0,0.0
2023-09-25 00:00:00-04:00,20.89260933867819,20.92102242304587,20.63689880502475,20.6463680267334,7300,0.0,0.0
2023-09-26 00:00:00-04:00,20.617955182034727,20.778959035055827,19.56669462369615,19.803464889526367,36100,0.0,0.0
2023-09-27 00:00:00-04:00,20.05917708175454,20.172825797033816,19.59510758046768,19.63298988342285,20200,0.0,0.0
2023-09-28 00:00:00-04:00,19.746637964507972,19.81293334129599,19.490925677114006,19.6898136138916,12500,0.0,0.0
2023-09-29 00:00:00-04:00,19.65192911033612,19.860286262642873,19.45304298400879,19.45304298400879,14200,0.0,0.0
2023-10-02 00:00:00-04:00,19.46251272340455,19.585634258012007,19.29203967046227,19.396217346191406,13400,0.0,0.0
2023-10-03 00:00:00-04:00,19.292041563557696,19.557223098432097,18.761674880981445,18.761674880981445,13800,0.0,0.0
2023-10-04 00:00:00-04:00,18.941617678839645,19.56669091772828,18.543843635327477,19.149974822998047,22300,0.0,0.0
2023-10-05 00:00:00-04:00,18.970031443863846,19.282568074646406,18.581728411873804,19.178388595581055,16500,0.0,0.0
2023-10-06 00:00:00-04:00,19.093155256834724,19.329925537109375,18.59120161234347,19.329925537109375,15600,0.0,0.0
2023-10-09 00:00:00-04:00,19.007917463375332,19.197334406692256,18.7711471874361,19.093154907226562,17300,0.0,0.0
2023-10-10 00:00:00-04:00,19.074211571682255,19.235215420773702,18.86585439314603,19.03632926940918,15200,0.0,0.0
2023-10-11 00:00:00-04:00,19.045799921905246,19.16891965988784,18.67643709513008,18.799558639526367,13600,0.0,0.0
2023-10-12 00:00:00-04:00,18.79009112139074,18.85638651625469,18.288137435913086,18.288137435913086,30500,0.0,0.0
2023-10-13 00:00:00-04:00,18.12713033355873,18.515433411290175,17.786182391168744,18.146072387695312,25000,0.0,0.0
2023-10-16 00:00:00-04:00,18.212371241142463,18.988977544588348,17.75777269372254,18.1839599609375,22800,0.0,0.0
2023-10-17 00:00:00-04:00,18.05136673338233,18.723795308594653,17.95665825437037,18.24078369140625,45500,0.0,0.0
2023-10-18 00:00:00-04:00,18.051364097559336,18.48702231483484,17.682003070401418,18.12713050842285,16400,0.0,0.0
2023-10-19 00:00:00-04:00,18.18395799476365,19.02685960276623,18.07030746699031,18.09872055053711,8600,0.0,0.0
2023-10-20 00:00:00-04:00,18.17448761151944,18.25972505876914,17.492588033521827,17.767242431640625,16000,0.0,0.0
2023-10-23 00:00:00-04:00,17.719884939548333,18.57225929894781,17.719884939548333,17.80512237548828,19900,0.0,0.0
2023-10-24 00:00:00-04:00,17.757772771935716,19.01739071496846,17.757772771935716,17.994543075561523,17200,0.0,0.0
2023-10-25 00:00:00-04:00,17.776710446189213,18.534374508393075,17.776710446189213,18.051362991333008,14400,0.0,0.0
2023-10-26 00:00:00-04:00,17.880888194995354,18.468079200288045,17.880888194995354,18.136600494384766,32100,0.0,0.0
2023-10-27 00:00:00-04:00,17.947185553629495,18.31654656312937,17.937714526922623,18.117658615112305,8000,0.0,0.0
2023-10-30 00:00:00-04:00,18.136601728055066,18.382843017578125,18.108190452688312,18.382843017578125,9100,0.0,0.0
2023-10-31 00:00:00-04:00,17.994542193310373,18.458611748894487,17.549414694626986,18.25972557067871,12700,0.0,0.0
2023-11-01 00:00:00-04:00,18.44914026047494,18.44914026047494,18.288136393660764,18.297607421875,6800,0.0,0.0
2023-11-02 00:00:00-04:00,18.23131000481892,18.761674880981445,18.18395667542384,18.761674880981445,18000,0.0,0.0
2023-11-03 00:00:00-04:00,18.809030435662688,19.71822738647461,18.714321968349672,19.71822738647461,30500,0.0,0.0
2023-11-06 00:00:00-05:00,19.270950598845012,19.965656036653197,19.270950598845012,19.765810012817383,6700,0.1,0.0
2023-11-07 00:00:00-05:00,19.746776821818322,20.07033861133819,19.727743348286108,19.946622848510742,6000,0.0,0.0
2023-11-08 00:00:00-05:00,19.984691481992424,19.984691481992424,19.508865494325935,19.74677848815918,3600,0.0,0.0
2023-11-09 00:00:00-05:00,19.69919860784519,19.69919860784519,19.17578887939453,19.17578887939453,4700,0.0,0.0
2023-11-10 00:00:00-05:00,19.718227193451867,19.784844352780645,19.17578588769863,19.499347686767578,10500,0.0,0.0
2023-11-13 00:00:00-05:00,19.299500808735235,19.765810012817383,19.28998407210516,19.765810012817383,3200,0.0,0.0
2023-11-14 00:00:00-05:00,19.813390965040394,21.21232032775879,19.508862667481292,21.21232032775879,18700,0.0,0.0
2023-11-15 00:00:00-05:00,20.698428431893475,21.317001792119083,20.61277961730957,20.61277961730957,18300,0.0,0.0
2023-11-16 00:00:00-05:00,20.4795483010562,20.698427791495543,20.403416225462873,20.50809669494629,11100,0.0,0.0
2023-11-17 00:00:00-05:00,20.479546526286438,21.0600528717041,20.479546526286438,21.0600528717041,12400,0.0,0.0
2023-11-20 00:00:00-05:00,20.936341466866036,21.164737701416016,20.60326294413951,21.164737701416016,16100,0.0,0.0
2023-11-21 00:00:00-05:00,21.13618822892373,21.31700260159272,20.87924359054693,20.95537567138672,12700,0.0,0.0
2023-11-22 00:00:00-05:00,20.96489409373179,21.06957457884418,20.698430881805805,21.012475967407227,12800,0.0,0.0
2023-11-24 00:00:00-05:00,21.164734665057548,21.164734665057548,20.87923986661102,20.91730499267578,6400,0.0,0.0
2023-11-27 00:00:00-05:00,20.80311309386343,21.00295914061165,20.498584747314453,20.498584747314453,33400,0.0,0.0
2023-11-28 00:00:00-05:00,20.3082532988162,20.46051746965891,19.74677848815918,19.74677848815918,8900,0.0,0.0
2023-11-29 00:00:00-05:00,20.12743636243315,20.412933007901763,19.870489926050954,20.213085174560547,7800,0.0,0.0
2023-11-30 00:00:00-05:00,20.165504647421738,20.165504647421738,19.718227084349028,19.813392639160156,7200,0.0,0.0
2023-12-01 00:00:00-05:00,20.165503139463596,20.860208551911022,20.117919458050302,20.841175079345703,7700,0.0,0.0
2023-12-04 00:00:00-05:00,20.736494318306953,20.96489054047693,20.736494318306953,20.93634033203125,4800,0.0,0.0
2023-12-05 00:00:00-05:00,20.926826256703098,20.983924865722656,20.888761122400744,20.983924865722656,8800,0.0,0.0
2023-12-06 00:00:00-05:00,20.974408771443738,21.13618785210357,20.47954934724157,20.774560928344727,14500,0.0,0.0
2023-12-07 00:00:00-05:00,20.450999688916955,21.31700279708596,20.450999688916955,21.17425537109375,14300,0.0,0.0
2023-12-08 00:00:00-05:00,20.888758929033838,21.983158198509894,20.879242192674518,21.669113159179688,13000,0.0,0.0
2023-12-11 00:00:00-05:00,21.431202942780995,21.431202942780995,20.85069465637207,20.85069465637207,14300,0.0,0.0
2023-12-12 00:00:00-05:00,21.069570673587002,21.288451971267776,20.888758135028347,21.050539016723633,13100,0.0,0.0
2023-12-13 00:00:00-05:00,21.19328514727834,23.26788627610937,21.19328514727834,22.925291061401367,45000,0.0,0.0
2023-12-14 00:00:00-05:00,23.31547268415901,23.58193588256836,22.839646711012904,23.58193588256836,62000,0.0,0.0
2023-12-15 00:00:00-05:00,23.69613095618631,24.714398156189205,23.163206422706,24.505035400390625,84800,0.0,0.0
2023-12-18 00:00:00-05:00,24.26712201039339,24.457453105155093,23.477251052856445,23.477251052856445,27000,0.0,0.0
2023-12-19 00:00:00-05:00,23.724683311485784,24.21002602191065,23.58193588256836,23.58193588256836,10800,0.0,0.0
2023-12-20 00:00:00-05:00,23.7056484381338,24.010176752556937,23.229822493064663,23.429670333862305,14400,0.0,0.0
2023-12-21 00:00:00-05:00,23.505802237112217,23.772263602678667,23.210788846475197,23.467735290527344,10100,0.0,0.0
2023-12-22 00:00:00-05:00,23.334505428307455,23.791297912597656,23.334505428307455,23.791297912597656,10500,0.0,0.0
2023-12-26 00:00:00-05:00,23.791297954586167,23.791297954586167,23.648550529885046,23.77226448059082,7600,0.0,0.0
2023-12-27 00:00:00-05:00,23.791297912597656,23.791297912597656,23.78178117561678,23.791297912597656,5300,0.0,0.0
2023-12-28 00:00:00-05:00,23.810332131862644,23.810332131862644,23.58193588256836,23.58193588256836,5500,0.0,0.0
2023-12-29 00:00:00-05:00,23.772267906262627,23.800818121369836,22.858682804418873,23.61048698425293,7900,0.0,0.0
2024-01-02 00:00:00-05:00,23.629518508911133,23.639035246494007,23.515319473048745,23.629518508911133,5000,0.0,0.0
2024-01-03 00:00:00-05:00,23.201273101054586,23.201273101054586,22.040258407592773,22.040258407592773,22700,0.0,0.0
2024-01-04 00:00:00-05:00,22.24961895589756,22.363817973997246,21.792826513762442,22.135421752929688,7700,0.0,0.0
2024-01-05 00:00:00-05:00,21.945089838829244,22.458982678323867,21.92605818246895,22.401884078979492,36400,0.0,0.0
2024-01-08 00:00:00-05:00,22.658833004671607,23.096593856811523,22.658833004671607,23.096593856811523,19700,0.0,0.0
2024-01-09 00:00:00-05:00,22.85867586290202,22.934807931603235,21.992672900751355,22.00218963623047,20000,0.0,0.0
2024-01-10 00:00:00-05:00,21.89750992013309,22.696897642481687,21.89750992013309,22.363819122314453,14500,0.0,0.0
2024-01-11 00:00:00-05:00,21.92606123513999,22.021224975585938,21.92606123513999,22.021224975585938,6700,0.0,0.0
2024-01-12 00:00:00-05:00,22.401885385832145,22.73496208071473,20.812626726169523,20.822141647338867,11200,0.0,0.0
2024-01-16 00:00:00-05:00,20.5842287722915,21.688146591186523,20.5842287722915,21.688146591186523,8300,0.0,0.0
2024-01-17 00:00:00-05:00,21.374103019219543,21.68814992131271,20.44148449613918,20.717464447021484,13400,0.0,0.0
2024-01-18 00:00:00-05:00,20.34631501218054,20.76504231914377,20.032269985741063,20.47954750061035,21100,0.0,0.0
2024-01-19 00:00:00-05:00,20.755526606651195,21.297967877692095,20.74600987021323,21.04102325439453,10500,0.0,0.0
2024-01-22 00:00:00-05:00,21.28845329964836,21.488299322672393,20.089371716108445,20.92682456970215,26600,0.0,0.0
2024-01-23 00:00:00-05:00,21.31700390696222,21.31700390696222,20.85069465637207,20.85069465637207,8100,0.0,0.0
2024-01-24 00:00:00-05:00,21.164739648515077,21.183773123594918,20.669880187231755,20.888761520385742,6700,0.0,0.0
2024-01-25 00:00:00-05:00,20.936341306293567,20.936341306293567,20.841175755511305,20.92682456970215,10300,0.0,0.0
2024-01-26 00:00:00-05:00,20.93634118358363,20.93634118358363,20.669878005981445,20.669878005981445,2700,0.0,0.0
2024-01-29 00:00:00-05:00,20.631811003516976,20.926822548834508,18.975937114285422,19.19481658935547,35000,0.0,0.0
2024-01-30 00:00:00-05:00,19.118684808302632,19.118684808302632,18.852221650839976,19.099651336669922,7300,0.0,0.0
2024-01-31 00:00:00-05:00,19.033038119988703,19.451765466865403,17.577010050362063,17.62459373474121,21900,0.0,0.0
2024-02-01 00:00:00-05:00,17.76811367600881,18.552704307746414,17.471500545104906,17.882932662963867,37600,0.1,0.0
2024-02-02 00:00:00-05:00,17.758550297369453,18.35177855193603,17.327983080736047,18.189119338989258,29000,0.0,0.0
2024-02-05 00:00:00-05:00,17.96905001265504,19.260753378552145,17.74898039607008,18.629253387451172,42500,0.0,0.0
2024-02-06 00:00:00-05:00,18.418753475409144,18.849322468465132,17.17489033433703,17.414094924926758,34200,0.0,0.0
2024-02-07 00:00:00-05:00,17.442794523188866,17.58631688140497,16.744317708214236,17.318408966064453,20900,0.0,0.0
2024-02-08 00:00:00-05:00,17.318413850436222,17.423662636152617,17.12704943551972,17.356685638427734,10700,0.0,0.0
2024-02-09 00:00:00-05:00,17.624591784025004,17.988181906665815,17.241864858880486,17.720273971557617,14100,0.0,0.0
2024-02-12 00:00:00-05:00,17.605455224417447,18.56227346297259,17.605455224417447,18.495296478271484,14300,0.0,0.0
2024-02-13 00:00:00-05:00,17.997751865521973,17.997751865521973,16.80172898032008,17.136615753173828,27700,0.0,0.0
2024-02-14 00:00:00-05:00,17.41409467547193,17.701139450073242,17.14618488085418,17.701139450073242,9200,0.0,0.0
2024-02-15 00:00:00-05:00,17.844662984968718,18.198686599731445,17.701140588438097,18.198686599731445,9300,0.0,0.0
2024-02-16 00:00:00-05:00,18.103002012120072,18.370911788721486,17.80638885498047,17.80638885498047,9000,0.0,0.0
2024-02-20 00:00:00-05:00,17.758546445384127,18.35177457127429,17.117478136351565,17.222728729248047,25200,0.0,0.0
2024-02-21 00:00:00-05:00,17.69157214081416,17.69157214081416,17.079208943831944,17.32798194885254,23900,0.0,0.0
2024-02-22 00:00:00-05:00,17.385388235854524,17.385388235854524,17.079206677983624,17.299274444580078,25900,0.0,0.0
2024-02-23 00:00:00-05:00,17.308840565518608,17.318408966064453,17.17488660784835,17.318408966064453,5600,0.0,0.0
2024-02-26 00:00:00-05:00,17.921205623048685,17.921205623048685,17.09834315808621,17.222728729248047,13100,0.0,0.0
2024-02-27 00:00:00-05:00,17.26100079770492,17.36624955623718,17.174887015732992,17.203590393066406,18600,0.0,0.0
2024-02-28 00:00:00-05:00,17.079207554404277,17.327980539186694,17.079207554404277,17.165321350097656,8700,0.0,0.0
2024-02-29 00:00:00-05:00,17.55761510492778,17.55761510492778,17.12704616605226,17.241865158081055,12100,0.0,0.0
2024-03-01 00:00:00-05:00,17.519343040877246,17.519343040877246,17.12704767315314,17.21316146850586,29400,0.0,0.0
2024-03-04 00:00:00-05:00,17.127047794913853,17.165321404225438,16.897411614002767,17.069639205932617,15300,0.0,0.0
2024-03-05 00:00:00-05:00,17.127046537977243,17.318410920518847,17.127046537977243,17.222728729248047,14400,0.0,0.0
2024-03-06 00:00:00-05:00,17.18445803941414,17.538481659707717,17.15575465465136,17.40452766418457,24400,0.0,0.0
2024-03-07 00:00:00-05:00,17.538481596223555,17.586321787312563,17.174891398982684,17.50020980834961,32900,0.0,0.0
2024-03-08 00:00:00-05:00,17.509774137746277,17.9881832871381,17.232297780091777,17.37582015991211,15400,0.0,0.0
2024-03-11 00:00:00-04:00,17.18445473091671,17.41409271472498,17.136614548865133,17.19402313232422,10600,0.0,0.0
2024-03-12 00:00:00-04:00,17.31841354577641,17.481072748098093,17.28970833654801,17.32798194885254,33000,0.0,0.0
2024-03-13 00:00:00-04:00,17.423658965295278,17.873364698108105,17.423658965295278,17.815956115722656,20800,0.0,0.0
2024-03-14 00:00:00-04:00,17.55761515103621,17.67243231838056,17.146183013916016,17.146183013916016,18600,0.0,0.0
2024-03-15 00:00:00-04:00,17.05050243710961,17.70113919688478,17.05050243710961,17.576753616333008,58000,0.0,0.0
2024-03-18 00:00:00-04:00,17.634160537594436,17.729842727038708,17.146183013916016,17.146183013916016,10400,0.0,0.0
2024-03-19 00:00:00-04:00,17.22273114567683,17.232299548645,16.993094949399488,17.06007194519043,16900,0.0,0.0
2024-03-20 00:00:00-04:00,17.04093370712113,17.50977446324225,16.935684933288947,17.45236587524414,36500,0.0,0.0
2024-03-21 00:00:00-04:00,17.47150256050481,17.595888137817383,17.375820364502626,17.595888137817383,38600,0.0,0.0
2024-03-22 00:00:00-04:00,17.318411690814195,17.50020767981611,17.040933506285683,17.232297897338867,13400,0.0,0.0
2024-03-25 00:00:00-04:00,17.385389962299502,17.538480756437533,17.060071568509628,17.079208374023438,12900,0.0,0.0
2024-03-26 00:00:00-04:00,17.117478362432546,17.117478362432546,16.85913881507114,16.935684204101562,17200,0.0,0.0
2024-03-27 00:00:00-04:00,17.107910495658473,17.34711507198191,17.040933506285683,17.232297897338867,16200,0.0,0.0
2024-03-28 00:00:00-04:00,17.117478781243868,17.433228746843028,17.117478781243868,17.37582015991211,13900,0.0,0.0
2024-04-01 00:00:00-04:00,17.27056851859832,17.27056851859832,17.01222898053945,17.19402313232422,17500,0.0,0.0
2024-04-02 00:00:00-04:00,17.002660903085395,17.28970565083588,17.002660903085395,17.27056884765625,24600,0.0,0.0
2024-04-03 00:00:00-04:00,17.174889806553335,17.241866797862468,17.04093399894893,17.069639205932617,16700,0.0,0.0
2024-04-04 00:00:00-04:00,17.155753771092453,17.155753771092453,16.983526171440612,17.079208374023438,14700,0.0,0.0
2024-04-05 00:00:00-04:00,17.11747976988503,17.11747976988503,17.021799394469387,17.05050277709961,6100,0.0,0.0
2024-04-08 00:00:00-04:00,17.194025292877,17.22273050070654,16.773026527960898,16.906980514526367,50800,0.0,0.0
2024-04-09 00:00:00-04:00,16.916548218544172,16.945251600202173,16.763457433081104,16.849571228027344,17000,0.0,0.0
2024-04-10 00:00:00-04:00,16.744320530931244,16.83043432537492,16.323319960871718,16.438138961791992,47700,0.0,0.0
2024-04-11 00:00:00-04:00,16.5242535832246,16.70604775838296,16.352025985717773,16.352025985717773,13500,0.0,0.0
2024-04-12 00:00:00-04:00,16.332891685162966,16.40943709301722,16.084118653390025,16.093687057495117,14700,0.0,0.0
2024-04-15 00:00:00-04:00,16.151092863521043,16.485979649328716,15.8927532973139,16.275480270385742,65700,0.0,0.0
2024-04-16 00:00:00-04:00,16.16066215687216,16.552957554020434,15.959731169302378,16.14152717590332,26100,0.0,0.0
2024-04-17 00:00:00-04:00,16.141526198742866,16.179797983349946,15.797071012348388,15.86404800415039,25200,0.0,0.0
2024-04-18 00:00:00-04:00,16.064979115702855,16.16065947965518,15.911886518410022,16.131956100463867,21100,0.0,0.0
2024-04-19 00:00:00-04:00,16.064978478206857,16.71561332219937,16.064978478206857,16.485977172851562,34900,0.0,0.0
2024-04-22 00:00:00-04:00,16.48597993245198,16.48597993245198,14.553207316506933,14.926366806030273,63900,0.0,0.0
2024-04-23 00:00:00-04:00,14.916797699019915,15.892752819767153,14.916797699019915,15.653548240661621,49800,0.0,0.0
2024-04-24 00:00:00-04:00,15.69182074058915,15.69182074058915,14.974206970516603,15.20384407043457,45700,0.0,0.0
2024-04-25 00:00:00-04:00,15.136864989619331,15.213410379485211,14.696728541644019,14.935933113098145,33900,0.0,0.0
2024-04-26 00:00:00-04:00,15.069888944323292,15.309093530741123,14.935934047431799,15.213411331176758,36000,0.0,0.0
2024-04-29 00:00:00-04:00,15.175138145013243,15.443047017673008,14.58191089930581,14.591479301452637,71700,0.0,0.0
2024-04-30 00:00:00-04:00,14.467093383556808,14.725434776786631,14.32357099564674,14.610616683959961,43500,0.0,0.0
2024-05-01 00:00:00-04:00,14.782842918965665,15.51002415149766,14.782842918965665,15.184706687927246,27900,0.0,0.0
2024-05-02 00:00:00-04:00,15.377284631241462,15.666150520109415,15.309882008928687,15.579490661621094,24900,0.1,0.0
2024-05-03 00:00:00-04:00,15.723921732612586,15.993530361054795,15.540972954863998,15.945384979248047,16300,0.0,0.0
2024-05-06 00:00:00-04:00,16.128334710092254,16.128334710092254,15.849096988787288,15.887613296508789,8000,0.0,0.0
2024-05-07 00:00:00-04:00,15.839468970221983,16.041674066149607,15.829839893764685,15.897241592407227,24200,0.0,0.0
2024-05-08 00:00:00-04:00,15.897242373439164,16.214994565906995,15.69503543101856,15.887613296508789,31800,0.0,0.0
2024-05-09 00:00:00-04:00,15.887614777427302,16.05130542738436,15.887614777427302,16.032047271728516,17900,0.0,0.0
2024-05-10 00:00:00-04:00,15.97427265220987,16.099446975268584,15.926129105623883,16.080190658569336,17200,0.0,0.0
2024-05-13 00:00:00-04:00,16.080190658569336,16.243881288143704,15.993530805467696,16.080190658569336,14600,0.0,0.0
2024-05-14 00:00:00-04:00,16.1283368979931,16.503861766426635,16.051306108659073,16.465347290039062,19500,0.0,0.0
2024-05-15 00:00:00-04:00,16.484603124237292,16.70606638280404,16.369056038234547,16.609777450561523,20900,0.0,0.0
2024-05-16 00:00:00-04:00,16.349797884474317,16.734951776885758,16.349797884474317,16.609777450561523,13000,0.0,0.0
2024-05-17 00:00:00-04:00,16.64829190487424,17.023816678603957,16.42682683440129,16.889013290405273,13800,0.0,0.0
2024-05-20 00:00:00-04:00,16.88901549397546,17.38008556835902,16.88901549397546,17.187509536743164,18700,0.0,0.0
2024-05-21 00:00:00-04:00,17.129736910914275,17.312683865465537,16.927529965675166,17.187509536743164,18800,0.0,0.0
2024-05-22 00:00:00-04:00,17.062334840615627,17.45711785146341,17.062334840615627,17.33194351196289,20700,0.0,0.0
2024-05-23 00:00:00-04:00,17.312683702084556,17.428230789210573,16.561634063720703,16.561634063720703,30100,0.0,0.0
2024-05-24 00:00:00-04:00,16.580891606327587,16.850500271838158,16.369057406928498,16.802356719970703,22000,0.0,0.0
2024-05-28 00:00:00-04:00,16.677180708322837,16.677180708322837,16.099448897517814,16.195737838745117,34200,0.0,0.0
2024-05-29 00:00:00-04:00,15.887615037329867,16.157223711245738,15.82021332799061,15.935758590698242,27600,0.0,0.0
2024-05-30 00:00:00-04:00,15.926132377108042,16.166853832603202,15.926132377108042,16.109079360961914,21400,0.0,0.0
2024-05-31 00:00:00-04:00,16.137964609848687,16.272768020629883,15.935757657118163,16.272768020629883,28000,0.0,0.0
2024-06-03 00:00:00-04:00,16.48460238558475,16.48460238558475,15.839468955993652,15.839468955993652,27000,0.0,0.0
2024-06-04 00:00:00-04:00,15.839469710445712,16.032045738915667,15.512088441832294,15.550602912902832,34000,0.0,0.0
2024-06-05 00:00:00-04:00,15.695033163950477,16.27276484041211,15.463940860677498,15.7528076171875,62100,0.0,0.0
2024-06-06 00:00:00-04:00,15.820211708750016,16.176478374952353,15.675779226869103,16.11870574951172,83800,0.0,0.0
2024-06-07 00:00:00-04:00,16.09944747930113,16.09944747930113,15.69503543101856,15.887613296508789,11400,0.0,0.0
2024-06-10 00:00:00-04:00,15.69503591523306,15.71429406968795,15.473572648677882,15.579490661621094,12900,0.0,0.0
2024-06-11 00:00:00-04:00,16.195736156995434,16.195736156995434,15.618004406181521,15.983901977539062,22700,0.0,0.0
2024-06-12 00:00:00-04:00,16.436459441987928,16.455717597742524,16.04167643181285,16.147594451904297,12900,0.0,0.0
2024-06-13 00:00:00-04:00,15.714292699430063,16.11870472492533,15.714292699430063,15.723921775817871,13500,0.0,0.0
2024-06-14 00:00:00-04:00,15.47357177978613,15.540973480034733,14.982500806393135,15.194334983825684,21100,0.0,0.0
2024-06-17 00:00:00-04:00,15.021015798844651,15.67577830381212,14.982500411392405,15.618003845214844,20100,0.0,0.0
2024-06-18 00:00:00-04:00,15.463943045788875,15.608375526173525,15.319510565404226,15.492830276489258,17600,0.0,0.0
2024-06-20 00:00:00-04:00,15.58911970383633,16.205365952539275,15.203964880117645,16.137964248657227,18000,0.0,0.0
2024-06-21 00:00:00-04:00,16.051304712092346,16.50386033048466,15.800954209399134,15.820212364196777,42500,0.0,0.0
2024-06-24 00:00:00-04:00,16.07056166662482,16.869756665450215,15.945385506347906,16.590518951416016,18300,0.0,0.0
2024-06-25 00:00:00-04:00,16.45571629636054,17.13936424255371,16.36905643887708,17.13936424255371,27000,0.0,0.0
2024-06-26 00:00:00-04:00,17.12973530123834,17.986702877312773,16.378683889804186,17.37045669555664,54500,0.0,0.0
2024-06-27 00:00:00-04:00,17.794127143919138,18.477776940116474,17.41860231181109,18.111879348754883,38900,0.0,0.0
2024-06-28 00:00:00-04:00,18.477776378928052,18.477776378928052,16.87938632598885,17.071962356567383,888100,0.0,0.0
2024-07-01 00:00:00-04:00,17.071962698917464,17.457116604356806,16.128335171451408,16.137964248657227,52800,0.0,0.0
2024-07-02 00:00:00-04:00,16.205366916523726,16.725326097215888,15.704665891388785,16.195737838745117,57500,0.0,0.0
2024-07-03 00:00:00-04:00,16.176478720921818,16.36905659192083,15.897242828187803,16.137964248657227,14600,0.0,0.0
2024-07-05 00:00:00-04:00,16.28239599887054,16.28239599887054,15.926129341125488,15.926129341125488,21100,0.0,0.0
2024-07-08 00:00:00-04:00,15.868356957879215,15.868356957879215,15.560233807094585,15.656522750854492,14000,0.0,0.0
2024-07-09 00:00:00-04:00,15.521717452274109,16.205365380736744,15.512088375408048,15.714293479919434,17600,0.0,0.0
2024-07-10 00:00:00-04:00,15.569859740957671,16.33053838627635,15.569859740957671,16.253507614135742,9100,0.0,0.0
2024-07-11 00:00:00-04:00,16.349799436826867,17.351201488734635,16.349799436826867,16.98530387878418,15100,0.0,0.0
2024-07-12 00:00:00-04:00,17.13936436688069,17.13936436688069,16.69643783569336,16.69643783569336,13400,0.0,0.0
2024-07-15 00:00:00-04:00,16.927530751034805,17.505262545803795,16.927530751034805,17.293426513671875,17000,0.0,0.0
2024-07-16 00:00:00-04:00,17.245280520000115,17.88078485326362,17.245280520000115,17.64969253540039,9600,0.0,0.0
2024-07-17 00:00:00-04:00,17.466746065208664,17.668953017854847,17.158622934089465,17.50526237487793,10400,0.0,0.0
2024-07-18 00:00:00-04:00,17.071963224876242,17.514891607196386,17.071963224876242,17.177881240844727,4600,0.0,0.0
2024-07-19 00:00:00-04:00,17.17788089631792,17.18750997362727,16.985303023248324,17.15862274169922,28100,0.0,0.0
2024-07-22 00:00:00-04:00,17.0045605858808,17.235652923583984,16.82161179648962,17.235652923583984,15500,0.0,0.0
2024-07-23 00:00:00-04:00,17.408972132253528,17.42823028564453,17.3319413552481,17.42823028564453,16300,0.0,0.0
2024-07-24 00:00:00-04:00,17.428232799223554,17.524521743507215,17.052706100173168,17.3512020111084,4000,0.0,0.0
2024-07-25 00:00:00-04:00,17.177880230742478,17.572663202336024,17.177880230742478,17.399343490600586,8200,0.0,0.0
2024-07-26 00:00:00-04:00,17.370458964152963,17.5630350028231,17.24528279428658,17.50526237487793,10300,0.0,0.0
2024-07-29 00:00:00-04:00,17.50525852701367,17.50525852701367,16.523114885039032,17.06233024597168,17700,0.0,0.0
2024-07-30 00:00:00-04:00,17.071961259053275,17.071961259053275,16.474973215112463,16.783096313476562,12900,0.0,0.0
2024-07-31 00:00:00-04:00,16.783094859037945,17.19713592529297,16.474971787376074,17.19713592529297,13400,0.0,0.0
2024-08-01 00:00:00-04:00,17.0912212990548,17.0912212990548,15.926130475146302,15.993532180786133,10400,0.0,0.0
2024-08-02 00:00:00-04:00,15.598747887349644,15.839469294027518,15.569860657387208,15.695034980773926,16600,0.0,0.0
2024-08-05 00:00:00-04:00,15.463943901955423,15.531345607429401,15.223223394079872,15.319511413574219,35800,0.0,0.0
2024-08-06 00:00:00-04:00,15.31951152414342,15.81058345743083,15.31951152414342,15.608376502990723,11000,0.0,0.0
2024-08-07 00:00:00-04:00,15.608375994389087,15.926130031949294,15.54097429062493,15.80095386505127,14300,0.0,0.0
2024-08-08 00:00:00-04:00,16.763838755445118,17.004560164152323,16.282395938030707,16.706066131591797,14300,0.0,0.0
2024-08-09 00:00:00-04:00,17.103136451501072,17.103136451501072,16.15403871434947,16.17340850830078,7100,0.1,0.0
2024-08-12 00:00:00-04:00,16.17340850830078,16.32836316550083,16.095931179700756,16.17340850830078,4600,0.0,0.0
2024-08-13 00:00:00-04:00,16.338050838092727,16.338050838092727,16.04750942107962,16.09593391418457,10700,0.0,0.0
2024-08-14 00:00:00-04:00,16.173410688270728,16.19277863762737,16.04750885782246,16.057193756103516,5500,0.0,0.0
2024-08-15 00:00:00-04:00,16.99660674897996,16.99660674897996,16.338050289706842,16.541427612304688,10900,0.0,0.0
2024-08-16 00:00:00-04:00,16.85133724018865,17.335571079545826,16.154041176508294,16.183094024658203,51600,0.0,0.0
2024-08-19 00:00:00-04:00,16.144354325276083,16.3186787819117,16.086246788799304,16.212146759033203,6400,0.0,0.0
2024-08-20 00:00:00-04:00,16.19277733825237,16.19277733825237,15.873183109444934,16.066877365112305,13400,0.0,0.0
2024-08-21 00:00:00-04:00,16.066879328435164,16.16372646810327,15.931294441223145,15.931294441223145,27900,0.0,0.0
2024-08-22 00:00:00-04:00,15.999086266645897,16.1346711486191,15.940976876766973,16.028139114379883,8600,0.0,0.0
2024-08-23 00:00:00-04:00,16.30899625490159,16.46395093949688,16.154041570306298,16.27994155883789,17800,0.0,0.0
2024-08-26 00:00:00-04:00,16.26057018691324,16.33804751290713,15.863496813088759,15.999083518981934,43600,0.0,0.0
2024-08-27 00:00:00-04:00,15.99908604844027,16.11530113220215,15.88286911747294,16.11530113220215,8400,0.0,0.0
2024-08-28 00:00:00-04:00,16.851334819821243,16.851334819821243,16.13466906217242,16.3574161529541,26800,0.0,0.0
2024-08-29 00:00:00-04:00,16.425211120789715,16.454265816457255,16.241203589845192,16.367103576660156,8400,0.0,0.0
2024-08-30 00:00:00-04:00,16.473632248005266,17.00628862931647,16.463947351428047,16.706064224243164,23600,0.0,0.0
2024-09-03 00:00:00-04:00,16.831965697078534,16.831965697078534,16.376786600298626,16.60921859741211,11800,0.0,0.0
2024-09-04 00:00:00-04:00,16.570483150309883,16.744807634095196,16.44458131326246,16.463951110839844,12000,0.0,0.0
2024-09-05 00:00:00-04:00,16.46394883011685,16.60921859741211,16.444579035222727,16.60921859741211,6700,0.0,0.0
2024-09-06 00:00:00-04:00,16.463950492907614,16.531742934678473,16.415527847987146,16.454265594482422,6500,0.0,0.0
2024-09-09 00:00:00-04:00,16.47363539133281,16.47363539133281,16.367103355861175,16.454265594482422,14400,0.0,0.0
2024-09-10 00:00:00-04:00,16.463949874247536,16.463949874247536,16.250887658515932,16.444580078125,32500,0.0,0.0
2024-09-11 00:00:00-04:00,16.3283634185791,16.3283634185791,16.3283634185791,16.3283634185791,900,0.0,0.0
2024-09-12 00:00:00-04:00,16.36710285311149,16.551112223126943,16.36710285311149,16.41552734375,21200,0.0,0.0
2024-09-13 00:00:00-04:00,16.667328054584157,16.851337432861328,16.463950726387434,16.851337432861328,19200,0.0,0.0
2024-09-16 00:00:00-04:00,16.67701390322154,16.802915744501522,16.67701390322154,16.744808197021484,2300,0.0,0.0
2024-09-17 00:00:00-04:00,16.647957054208582,16.706064587731063,16.463947709648004,16.560794830322266,14700,0.0,0.0
2024-09-18 00:00:00-04:00,16.60922256309305,16.831969715943426,16.560799911501487,16.793231964111328,20000,0.0,0.0
2024-09-19 00:00:00-04:00,16.870706278464006,18.981966018676758,16.870706278464006,18.981966018676758,40200,0.0,0.0
2024-09-20 00:00:00-04:00,18.66237173399814,18.856064152303524,18.362145437735858,18.497732162475586,27300,0.0,0.0
2024-09-23 00:00:00-04:00,18.478361144274537,18.526783783846724,17.965072667664998,18.207189559936523,9100,0.0,0.0
2024-09-24 00:00:00-04:00,17.926335244179114,18.110344602794648,17.79075037320205,18.090974807739258,4800,0.0,0.0
2024-09-25 00:00:00-04:00,17.752013151779078,17.752013151779078,16.909445426497413,16.919130325317383,8000,0.0,0.0
2024-09-26 00:00:00-04:00,17.199984672069196,17.32588464637951,17.093452645741387,17.277462005615234,6400,0.0,0.0
2024-09-27 00:00:00-04:00,17.12250781203998,17.587371826171875,17.12250781203998,17.587371826171875,4300,0.0,0.0
2024-09-30 00:00:00-04:00,17.77138177774456,17.868228912353516,17.403363035671614,17.868228912353516,11300,0.0,0.0
2024-10-01 00:00:00-04:00,17.86822846796942,17.936020906348052,17.287147521972656,17.287147521972656,5600,0.0,0.0
2024-10-02 00:00:00-04:00,17.22904025097899,17.529264703010444,17.170930862426758,17.170930862426758,3500,0.0,0.0
2024-10-03 00:00:00-04:00,17.006292512567597,17.209671692718985,16.87070762393705,17.1903018951416,8800,0.0,0.0
2024-10-04 00:00:00-04:00,17.190298787308592,17.68421745300293,17.190298787308592,17.68421745300293,1900,0.0,0.0
2024-10-07 00:00:00-04:00,17.916650334227388,17.916650334227388,17.52926366941489,17.577686309814453,4400,0.0,0.0
2024-10-08 00:00:00-04:00,17.587371045957834,17.65516348077731,17.577686148525725,17.635793685913086,8300,0.0,0.0
2024-10-09 00:00:00-04:00,17.781067230935914,17.877912521362305,17.781067230935914,17.877912521362305,1200,0.0,0.0
2024-10-10 00:00:00-04:00,17.538948566935865,17.635793847735,17.480839181809998,17.577686309814453,13300,0.0,0.0
2024-10-11 00:00:00-04:00,17.277462246639818,17.88759602592573,17.277462246639818,17.432416915893555,2600,0.0,0.0
2024-10-14 00:00:00-04:00,17.664848540297932,17.67453343781891,17.577686309814453,17.577686309814453,1400,0.0,0.0
2024-10-15 00:00:00-04:00,17.65516442904221,17.916651132137844,17.529264450073242,17.529264450073242,10200,0.0,0.0
2024-10-16 00:00:00-04:00,17.68421833533989,17.877910744143477,17.480839181809998,17.577686309814453,9800,0.0,0.0
2024-10-17 00:00:00-04:00,17.732645011380548,18.304041164720793,17.703592159411016,17.974761962890625,10700,0.0,0.0
2024-10-18 00:00:00-04:00,18.04255250147859,18.216876983642578,18.01349965258829,18.216876983642578,2300,0.0,0.0
2024-10-21 00:00:00-04:00,17.936023599713618,17.936023599713618,17.025663375854492,17.025663375854492,4100,0.0,0.0
2024-10-22 00:00:00-04:00,16.95786877294045,17.383995056152344,16.94818387477593,17.383995056152344,10300,0.0,0.0
2024-10-23 00:00:00-04:00,17.41304790344047,17.63579501960822,17.306517718041587,17.383995056152344,2700,0.0,0.0
2024-10-24 00:00:00-04:00,17.664850906516083,17.897282936538,17.538950916289632,17.887598037719727,4300,0.0,0.0
2024-10-25 00:00:00-04:00,17.626112479827142,17.626112479827142,17.393678611548566,17.422733306884766,7500,0.0,0.0
2024-10-28 00:00:00-04:00,17.23872516083911,17.413049650883575,17.151562915816875,17.199987411499023,6100,0.0,0.0
2024-10-29 00:00:00-04:00,17.364626779803345,17.364626779803345,16.996608006159327,17.045032501220703,6500,0.0,0.0
2024-10-30 00:00:00-04:00,17.364624236755198,17.519578903847282,17.04503000497711,17.277462005615234,6200,0.0,0.0
2024-10-31 00:00:00-04:00,16.94818235312698,16.967552147716965,16.706065462368024,16.725435256958008,9200,0.0,0.0
2024-11-01 00:00:00-04:00,16.80291258811266,16.80291258811266,16.725435256958008,16.725435256958008,12900,0.0,0.0
2024-11-04 00:00:00-05:00,16.618906570965382,16.948185756292663,16.415529228548586,16.899763107299805,11900,0.0,0.0
2024-11-05 00:00:00-05:00,16.899762374883014,16.919130325317383,16.899762374883014,16.919130325317383,1500,0.0,0.0
2024-11-06 00:00:00-05:00,16.948183889779568,17.674534627912976,16.754489620728478,17.62611198425293,30000,0.0,0.0
2024-11-07 00:00:00-05:00,17.432417296670497,17.66484930562812,17.267777726091502,17.287147521972656,3800,0.0,0.0
2024-11-08 00:00:00-05:00,17.693904408595376,17.693904408595376,17.383995056152344,17.383995056152344,2000,0.0,0.0
2024-11-11 00:00:00-05:00,17.403364528646836,17.432419225683663,17.045032501220703,17.045032501220703,9000,0.0,0.0
2024-11-12 00:00:00-05:00,17.239831806205203,17.288531150849707,16.801530273360985,17.142431259155273,11500,0.1,0.0
2024-11-13 00:00:00-05:00,16.83075009472517,17.191129684448242,16.83075009472517,17.191129684448242,9800,0.0,0.0
2024-11-14 00:00:00-05:00,17.054769455364003,17.18138885498047,17.02554873648601,17.18138885498047,2500,0.0,0.0
2024-11-15 00:00:00-05:00,17.04502855596934,17.054768795218315,16.937887781991257,16.947628021240234,6300,0.0,0.0
2024-11-18 00:00:00-05:00,17.132690808573155,17.327491900284134,17.10347008748824,17.29827117919922,4000,0.0,0.0
2024-11-19 00:00:00-05:00,17.23009220704681,17.7365717265885,17.103470933840647,17.72683334350586,8900,0.0,0.0
2024-11-20 00:00:00-05:00,17.05477077111191,17.64891242980957,17.05477077111191,17.64891242980957,3000,0.0,0.0
2024-11-21 00:00:00-05:00,17.73657281898238,17.9216336908872,17.53203332195161,17.872934341430664,16200,0.0,0.0
2024-11-22 00:00:00-05:00,17.795011456136464,17.921630859375,17.629431093279422,17.921630859375,6600,0.0,0.0
2024-11-25 00:00:00-05:00,17.941110610961914,18.4086309608427,17.941110610961914,17.941110610961914,11000,0.0,0.0
2024-11-26 00:00:00-05:00,17.97032969312114,18.35018971058934,17.921628500009476,18.135910034179688,4300,0.0,0.0
2024-11-27 00:00:00-05:00,18.359931621057058,18.359931621057058,17.941110610961914,17.941110610961914,3200,0.0,0.0
2024-11-29 00:00:00-05:00,18.174873095289716,18.174873095289716,18.106693267822266,18.106693267822266,1000,0.0,0.0
2024-12-02 00:00:00-05:00,18.16513165470682,18.28201267818867,17.921631225400397,18.21383285522461,19400,0.0,0.0
2024-12-03 00:00:00-05:00,18.019032884546004,18.311232674704527,18.019032884546004,18.233312606811523,8800,0.0,0.0
2024-12-04 00:00:00-05:00,18.320972537164003,18.320972537164003,17.970333167765123,18.067731857299805,10600,0.0,0.0
2024-12-05 00:00:00-05:00,18.359934837473894,18.63265416046746,18.057994790833426,18.408634185791016,11200,0.0,0.0
2024-12-06 00:00:00-05:00,19.0612128193411,19.0612128193411,18.652132034301758,18.652132034301758,9700,0.0,0.0
2024-12-09 00:00:00-05:00,18.291752053942144,19.168353186470583,18.291752053942144,18.61317253112793,9900,0.0,0.0
2024-12-10 00:00:00-05:00,18.876154137359308,19.236535622125363,18.65213416838201,18.846935272216797,15400,0.0,0.0
2024-12-11 00:00:00-05:00,18.846932574419622,19.548213103871987,18.73005155729719,19.470293045043945,36000,0.0,0.0
2024-12-12 00:00:00-05:00,20.15209601756796,20.27871542319144,19.285233227336434,19.8696346282959,33700,0.0,0.0
2024-12-13 00:00:00-05:00,19.976775082695486,20.161835925801483,19.92807388305664,19.92807388305664,15000,0.0,0.0
2024-12-16 00:00:00-05:00,20.337154402415845,20.337154402415845,19.859893798828125,19.859893798828125,14300,0.0,0.0
2024-12-17 00:00:00-05:00,19.772236058589,19.772236058589,19.392375946044922,19.392375946044922,11600,0.0,0.0
2024-12-18 00:00:00-05:00,19.39237551478534,19.39237551478534,17.72683334350586,17.72683334350586,11400,0.0,0.0
2024-12-19 00:00:00-05:00,17.726831511244715,18.12617205575229,17.5222901901921,17.824230194091797,9500,0.0,0.0
2024-12-20 00:00:00-05:00,17.804752130096947,18.39889191667705,17.804752130096947,18.31123161315918,12100,0.0,0.0
2024-12-23 00:00:00-05:00,18.398892196346736,18.447593397797416,18.028772354125977,18.028772354125977,3600,0.0,0.0
2024-12-24 00:00:00-05:00,18.252792185220173,18.252792185220173,17.90215096816815,17.931371688842773,4600,0.0,0.0
2024-12-26 00:00:00-05:00,18.038511148293928,18.077470248570293,17.941110610961914,17.941110610961914,2600,0.0,0.0
2024-12-27 00:00:00-05:00,17.93137244943435,17.93137244943435,17.56125259399414,17.56125259399414,3300,0.0,0.0
2024-12-30 00:00:00-05:00,17.48333203054856,17.87293235620962,17.23983159479028,17.29827117919922,7000,0.0,0.0
2024-12-31 00:00:00-05:00,17.68787035147224,17.87293119075416,17.541770471096314,17.629430770874023,4000,0.0,0.0
2025-01-02 00:00:00-05:00,17.69760965991463,17.77552971586553,17.200868606567383,17.200868606567383,10000,0.0,0.0
2025-01-03 00:00:00-05:00,17.463850627327794,17.814491830781186,16.99633026123047,16.99633026123047,10200,0.0,0.0
2025-01-06 00:00:00-05:00,16.947629720544747,17.288530697397718,16.947629720544747,17.103469848632812,2700,0.0,0.0
2025-01-07 00:00:00-05:00,17.083991911429564,17.561252555069238,16.859970092773438,16.859970092773438,30600,0.0,0.0
2025-01-08 00:00:00-05:00,16.674910580495872,16.99633107988969,16.674910580495872,16.723609924316406,4200,0.0,0.0
2025-01-10 00:00:00-05:00,16.67491234656707,16.67491234656707,16.353491813131004,16.402191162109375,5100,0.0,0.0
2025-01-13 00:00:00-05:00,16.27556800842285,16.27556800842285,16.27556800842285,16.27556800842285,3100,0.0,0.0
2025-01-14 00:00:00-05:00,16.45088707307634,16.460627312388656,16.09050750732422,16.09050750732422,6100,0.0,0.0
2025-01-15 00:00:00-05:00,16.4021898670759,16.47036969336692,16.265830214493857,16.285308837890625,4500,0.0,0.0
2025-01-16 00:00:00-05:00,16.285308195539663,16.285308195539663,16.05154800415039,16.05154800415039,1100,0.0,0.0
2025-01-17 00:00:00-05:00,16.05154875216643,16.43141070641665,16.05154875216643,16.382709503173828,9900,0.0,0.0
2025-01-21 00:00:00-05:00,16.460628385953196,16.762568393284706,16.36322784423828,16.36322784423828,7200,0.0,0.0
2025-01-22 00:00:00-05:00,16.44114906507226,16.558030094921815,16.334010133617856,16.50933074951172,5800,0.0,0.0
2025-01-23 00:00:00-05:00,16.65543186387129,16.65543186387129,16.31453084773944,16.402191162109375,11900,0.0,0.0
2025-01-24 00:00:00-05:00,16.50933222285821,17.093731850976887,16.50933222285821,17.045032501220703,9100,0.0,0.0
2025-01-27 00:00:00-05:00,16.372968448603885,16.75283038397068,16.334009345707283,16.65542984008789,5100,0.0,0.0
2025-01-28 00:00:00-05:00,16.772309268136937,16.772309268136937,16.60672889828189,16.723609924316406,4500,0.0,0.0
2025-01-29 00:00:00-05:00,16.84049060237076,16.90867042541504,16.55802921231778,16.90867042541504,8400,0.0,0.0
2025-01-30 00:00:00-05:00,16.908667974006647,16.908667974006647,16.275565462643222,16.519065856933594,15300,0.0,0.0
2025-01-31 00:00:00-05:00,16.363230169859843,16.528810556980044,16.178171157836914,16.178171157836914,11000,0.0,0.0
2025-02-03 00:00:00-05:00,15.85674920437275,16.29504887847606,15.85674920437275,15.915188789367676,28000,0.0,0.0
2025-02-04 00:00:00-05:00,16.119728265730373,16.314529359394673,15.915188789367676,15.915188789367676,13800,0.0,0.0
2025-02-05 00:00:00-05:00,15.92492664979191,16.304786682128906,15.92492664979191,16.304786682128906,7700,0.0,0.0
2025-02-06 00:00:00-05:00,16.480108865848344,16.558028927668115,16.256088920336605,16.36322784423828,7100,0.0,0.0
2025-02-07 00:00:00-05:00,16.256090189288383,16.30478953506691,16.071029331360258,16.12946891784668,7100,0.0,0.0
2025-02-10 00:00:00-05:00,16.266656669002714,16.45284181258214,16.158864974975586,16.158864974975586,9000,0.1,0.0
2025-02-11 00:00:00-05:00,16.070674479991123,16.374448908162577,16.070674479991123,16.237260818481445,6100,0.0,0.0
2025-02-12 00:00:00-05:00,16.119669389463777,16.32545149625952,16.070672314716724,16.26665687561035,4700,0.0,0.0
2025-02-13 00:00:00-05:00,16.541036566585916,16.541036566585916,16.296056747436523,16.296056747436523,1100,0.0,0.0
2025-02-14 00:00:00-05:00,16.560630689397126,16.756615236580565,16.315650939941406,16.315650939941406,21400,0.0,0.0
2025-02-18 00:00:00-05:00,16.315650939941406,16.658622962988844,16.315650939941406,16.315650939941406,8700,0.0,0.0
2025-02-19 00:00:00-05:00,16.511635927607006,16.825209716228013,16.46263885498047,16.46263885498047,15700,0.0,0.0
2025-02-20 00:00:00-05:00,16.61942530593329,16.61942530593329,16.315650939941406,16.315650939941406,5600,0.0,0.0
2025-02-21 00:00:00-05:00,16.31565373226939,16.335252564151393,15.913887023925781,15.913887023925781,8900,0.0,0.0
2025-02-24 00:00:00-05:00,15.913887023925781,16.119671020591827,15.913887023925781,15.913887023925781,8500,0.0,0.0
2025-02-25 00:00:00-05:00,16.021678253356676,16.021678253356676,15.91388655026149,15.992280006408691,7500,0.0,0.0
2025-02-26 00:00:00-05:00,16.070673128481815,16.266657699299444,16.070673128481815,16.247058868408203,10500,0.0,0.0
2025-02-27 00:00:00-05:00,16.462641167719287,16.54103462588757,15.943285208247213,15.982481002807617,6200,0.0,0.0
2025-02-28 00:00:00-05:00,16.031479568765825,16.286258798697897,16.011880735144672,16.14906883239746,9500,0.0,0.0
2025-03-03 00:00:00-05:00,16.090270507379838,16.168663954823153,16.011877059936523,16.011877059936523,5800,0.0,0.0
2025-03-04 00:00:00-05:00,16.10986933650247,16.17846336938447,16.011877059936523,16.011877059936523,15000,0.0,0.0
2025-03-05 00:00:00-05:00,16.011879444325206,16.090272903442383,16.011879444325206,16.090272903442383,10700,0.0,0.0
2025-03-06 00:00:00-05:00,16.01187972704432,16.12946898327259,16.01187972704432,16.060874938964844,5900,0.0,0.0
2025-03-07 00:00:00-05:00,16.011877059936523,16.119668751063788,16.011877059936523,16.011877059936523,4900,0.0,0.0
2025-03-10 00:00:00-04:00,16.011877059936523,16.090270507379838,16.011877059936523,16.011877059936523,20000,0.0,0.0
2025-03-11 00:00:00-04:00,16.011877059936523,16.08047109281852,16.011877059936523,16.011877059936523,8500,0.0,0.0
2025-03-12 00:00:00-04:00,16.070673128481815,16.296054076588916,16.01187850485548,16.247058868408203,25200,0.0,0.0
2025-03-13 00:00:00-04:00,16.2176598008633,16.423443776706335,16.119669389463777,16.26665687561035,6700,0.0,0.0
2025-03-14 00:00:00-04:00,16.403846186918823,16.972199213620403,16.266658105350402,16.776216506958008,41400,0.0,0.0
2025-03-17 00:00:00-04:00,16.63902649519601,16.96239973559567,16.63902649519601,16.844810485839844,8600,0.0,0.0
2025-03-18 00:00:00-04:00,16.815413790336798,17.10938881089714,16.65862686349827,16.94280433654785,39200,0.0,0.0
2025-03-19 00:00:00-04:00,16.94280290854448,17.04079332777386,16.903605245614774,17.021196365356445,9600,0.0,0.0
2025-03-20 00:00:00-04:00,16.903606414794922,16.903606414794922,16.903606414794922,16.903606414794922,4500,0.0,0.0
2025-03-21 00:00:00-04:00,16.69782399652462,16.96240075896123,16.69782399652462,16.93300437927246,14400,0.0,0.0
2025-03-24 00:00:00-04:00,16.952599655787505,17.001596732139056,16.805612164827554,16.972198486328125,8500,0.0,0.0
2025-03-25 00:00:00-04:00,16.805612908720875,16.903605196714214,16.70762062072754,16.70762062072754,3200,0.0,0.0
2025-03-26 00:00:00-04:00,16.72721854165638,16.766416202339123,16.48223876953125,16.48223876953125,2500,0.0,0.0
2025-03-27 00:00:00-04:00,16.82521174012903,16.85460998724126,16.658625411254587,16.70762062072754,4500,0.0,0.0
2025-03-28 00:00:00-04:00,16.63902593709587,16.776215882605992,16.52143669128418,16.52143669128418,20600,0.0,0.0
2025-03-31 00:00:00-04:00,16.374447410798254,16.55083314942868,16.374447410798254,16.384246826171875,17200,0.0,0.0
2025-04-01 00:00:00-04:00,16.38424844896541,16.619428834083852,16.247060358241537,16.413646697998047,17100,0.0,0.0
2025-04-02 00:00:00-04:00,16.23725978629806,16.658625313873024,16.22746037065127,16.53123664855957,13600,0.0,0.0
2025-04-03 00:00:00-04:00,16.256858970684917,16.256858970684917,15.668907102439217,15.73750114440918,11800,0.0,0.0
2025-04-04 00:00:00-04:00,15.639510636922628,16.031478881835938,15.296538539438956,16.031478881835938,18100,0.0,0.0
2025-04-07 00:00:00-04:00,15.46312427458479,15.972681758141361,15.218144481551656,15.306337356567383,18800,0.0,0.0
2025-04-08 00:00:00-04:00,15.345533417188065,15.374930729404017,14.953566139229684,14.96336555480957,12200,0.0,0.0
2025-04-09 00:00:00-04:00,15.04176079115147,15.97268295288086,15.031961374411459,15.97268295288086,14900,0.0,0.0
2025-04-10 00:00:00-04:00,15.708105313378788,15.708105313378788,15.051558445755658,15.27694034576416,11500,0.0,0.0
2025-04-11 00:00:00-04:00,15.2769380983,15.2769380983,14.698785710817402,14.992761611938477,14000,0.0,0.0
2025-04-14 00:00:00-04:00,14.973164514239777,15.188746991266331,14.953566616977582,15.041759490966797,3600,0.0,0.0
2025-04-15 00:00:00-04:00,14.845774248169453,15.159349001073505,14.80657752087191,15.012360572814941,12000,0.0,0.0
2025-04-16 00:00:00-04:00,14.835976709208271,15.169148445129395,14.835976709208271,15.169148445129395,5500,0.0,0.0
2025-04-17 00:00:00-04:00,15.26714085582961,16.296055254367282,15.26714085582961,16.12946891784668,20300,0.0,0.0
2025-04-21 00:00:00-04:00,16.639025526675294,17.07019044512683,16.129467156600505,16.30585289001465,21000,0.0,0.0
2025-04-22 00:00:00-04:00,16.707620348106133,17.432762145996094,16.374447695793688,17.432762145996094,24500,0.0,0.0
2025-04-23 00:00:00-04:00,17.432762236101457,18.324488495709332,17.37396574253248,17.991315841674805,30700,0.0,0.0
2025-04-24 00:00:00-04:00,18.02071191847563,18.647861422739723,17.707138100867276,18.334285736083984,39100,0.0,0.0
2025-04-25 00:00:00-04:00,18.451875534196247,18.90263926659581,18.00111367084393,18.275489807128906,68900,0.0,0.0
2025-04-28 00:00:00-04:00,18.422480481224753,18.794850829325473,18.422480481224753,18.71645736694336,30200,0.0,0.0
2025-04-29 00:00:00-04:00,18.79484905810976,18.79484905810976,18.432278160606227,18.510671615600586,14700,0.0,0.0
2025-04-30 00:00:00-04:00,18.510672544312413,19.20641612771046,18.28529158352681,18.736055374145508,38200,0.0,0.0
2025-05-01 00:00:00-04:00,18.863444200621206,19.245612082434693,18.48127631880772,18.530271530151367,54500,0.0,0.0
2025-05-02 00:00:00-04:00,18.549871653687234,19.666978997709748,18.36368647333427,19.216217041015625,41100,0.0,0.0
2025-05-05 00:00:00-04:00,19.206413672997506,19.686573781191537,18.304888076028828,18.65765953063965,14500,0.0,0.0
2025-05-06 00:00:00-04:00,18.275492318257932,19.255411497457256,18.275492318257932,18.84384536743164,15700,0.0,0.0
2025-05-07 00:00:00-04:00,18.834045052513638,19.088824251232023,18.579265853795253,18.61846351623535,24000,0.0,0.0
2025-05-08 00:00:00-04:00,18.37348486571763,18.922239090373754,18.37348486571763,18.569469451904297,31800,0.0,0.0
2025-05-09 00:00:00-04:00,18.520211517803386,18.93396101600143,18.520211517803386,18.766490936279297,16300,0.1,0.0
2025-05-12 00:00:00-04:00,19.209794705910692,19.45607412521724,19.01277041888031,19.15068817138672,10800,0.0,0.0
2025-05-13 00:00:00-04:00,19.209794240290357,19.5053287847097,19.16053910920807,19.436370849609375,52600,0.0,0.0
2025-05-14 00:00:00-04:00,19.278750633533352,19.643244962864657,19.278750633533352,19.505327224731445,31800,0.0,0.0
2025-05-15 00:00:00-04:00,19.406817986666592,19.564436656532973,18.451252686768544,19.3280086517334,15600,0.0,0.0
2025-05-16 00:00:00-04:00,19.23934864352146,19.682650464694333,19.101430892944336,19.101430892944336,18000,0.0,0.0
2025-05-19 00:00:00-04:00,18.53006228100568,19.564436930311636,18.53006228100568,19.01276969909668,32600,0.0,0.0
2025-05-20 00:00:00-04:00,18.88470592966034,19.60384138240181,18.88470592966034,19.52503204345703,13600,0.0,0.0
2025-05-21 00:00:00-04:00,19.268901533592167,19.426520214029342,19.002921184706235,19.209794998168945,13500,0.0,0.0
2025-05-22 00:00:00-04:00,19.111280550239957,19.318156217736973,18.963513290006464,19.130983352661133,28000,0.0,0.0
2025-05-23 00:00:00-04:00,18.736936592229334,19.298453305292927,18.736936592229334,19.11128044128418,22500,0.0,0.0
2025-05-27 00:00:00-04:00,19.160539251832308,19.190091579116533,18.82559909688371,19.09157943725586,36000,0.0,0.0
2025-05-28 00:00:00-04:00,19.062026822882515,19.16053896325952,18.63842593453536,18.65812873840332,24100,0.0,0.0
2025-05-29 00:00:00-04:00,18.835450269526095,18.953663335148658,18.401997977996828,18.667980194091797,30600,0.0,0.0
2025-05-30 00:00:00-04:00,18.717235109013398,18.95366311649382,18.608871567640495,18.62857437133789,11100,0.0,0.0
2025-06-02 00:00:00-04:00,18.805896726534574,19.081730354314843,17.870034175713876,18.421701431274414,54800,0.0,0.0
2025-06-03 00:00:00-04:00,18.333041656796922,18.687682763840975,18.323190253967507,18.618724822998047,23700,0.0,0.0
2025-06-04 00:00:00-04:00,18.47095725761689,18.707385285038836,18.185272216796875,18.185272216796875,28800,0.0,0.0
2025-06-05 00:00:00-04:00,18.27393167294204,18.27393167294204,17.879884988367436,17.929141998291016,29700,0.0,0.0
2025-06-06 00:00:00-04:00,18.264082149920128,18.35274100985696,17.929141998291016,17.929141998291016,23500,0.0,0.0
2025-06-09 00:00:00-04:00,18.09661236971242,18.451253452141195,17.95869461863633,17.988248825073242,13200,0.0,0.0
2025-06-10 00:00:00-04:00,18.323188162320598,18.333039564025444,17.6828620832076,18.204973220825195,34000,0.0,0.0
2025-06-11 00:00:00-04:00,18.392145960134123,18.401997361766576,17.98824788801729,18.1754207611084,12500,0.0,0.0
2025-06-12 00:00:00-04:00,18.323189975348544,18.33304137802816,18.00795260545262,18.185272216796875,18700,0.0,0.0
2025-06-13 00:00:00-04:00,18.480807603539002,18.480807603539002,17.978397369384766,17.978397369384766,14700,0.0,0.0
2025-06-16 00:00:00-04:00,18.19512233602712,18.29363447691147,17.929141998291016,17.929141998291016,18700,0.0,0.0
2025-06-17 00:00:00-04:00,17.929142898225514,18.07691017748766,17.732118606567383,17.732118606567383,18700,0.0,0.0
2025-06-18 00:00:00-04:00,18.086760805792796,18.244379480787533,17.958694458007812,17.958694458007812,14300,0.0,0.0
2025-06-20 00:00:00-04:00,18.027650833129883,18.145865768625683,17.95869290365844,18.027650833129883,17100,0.0,0.0
2025-06-23 00:00:00-04:00,18.027651908176978,18.30348552147425,18.027651908176978,18.234527587890625,42300,0.0,0.0
2025-06-24 00:00:00-04:00,18.47095437795837,18.648275840620794,18.22467498625226,18.3724422454834,36000,0.0,0.0
2025-06-25 00:00:00-04:00,18.392146204251166,18.392146204251166,18.136015395296035,18.22467613220215,35200,0.0,0.0
2025-06-26 00:00:00-04:00,18.39214711764501,18.549765795758503,18.39214711764501,18.40199851989746,17600,0.0,0.0
2025-06-27 00:00:00-04:00,18.323190253967507,18.80589771883097,18.30348744830868,18.618724822998047,849900,0.0,0.0
2025-06-30 00:00:00-04:00,18.579321090643358,18.766492107513315,18.579321090643358,18.618724822998047,27500,0.0,0.0
2025-07-01 00:00:00-04:00,18.57931994188111,19.140836715698242,18.54976573522021,19.140836715698242,53500,0.0,0.0
2025-07-02 00:00:00-04:00,19.15068702168919,19.67279815673828,19.140835620032806,19.67279815673828,52500,0.0,0.0
2025-07-03 00:00:00-04:00,20.017589734412226,20.431339209901417,20.017589734412226,20.42148780822754,10700,0.0,0.0
2025-07-07 00:00:00-04:00,20.431340391285445,20.45104319577246,19.78116287491673,19.899377822875977,56300,0.0,0.0
2025-07-08 00:00:00-04:00,20.017589217595134,20.214613488060422,19.909225680942956,19.948631286621094,41200,0.0,0.0
2025-07-09 00:00:00-04:00,20.470746026025434,20.470746026025434,19.810717106582455,19.90922737121582,14600,0.0,0.0
2025-07-10 00:00:00-04:00,19.850119446274643,20.165356780531997,19.850119446274643,20.00773811340332,19900,0.0,0.0
2025-07-11 00:00:00-04:00,20.01759180141671,20.01759180141671,19.66294882038783,19.702354431152344,17200,0.0,0.0
2025-07-14 00:00:00-04:00,19.8501198462682,19.8501198462682,19.702352577727794,19.712203979492188,10500,0.0,0.0
2025-07-15 00:00:00-04:00,19.672797739310706,19.712203345100107,19.21964454650879,19.21964454650879,22900,0.0,0.0
2025-07-16 00:00:00-04:00,19.209795288634222,19.34771116636141,18.953664459310215,19.268901824951172,15900,0.0,0.0
2025-07-17 00:00:00-04:00,19.47577778838198,19.613693668006118,19.199944150170765,19.318159103393555,27700,0.0,0.0
2025-07-18 00:00:00-04:00,19.554585552670066,19.564436954557124,19.34770987096739,19.387115478515625,11600,0.0,0.0
2025-07-21 00:00:00-04:00,19.318157197932155,19.869822540977705,19.318157197932155,19.692501068115234,16900,0.0,0.0
2025-07-22 00:00:00-04:00,20.165354825387915,22.421274833257453,20.165354825387915,21.091365814208984,56100,0.0,0.0
2025-07-23 00:00:00-04:00,21.446011935726013,21.711994155206686,20.923898898852418,21.337648391723633,29900,0.0,0.0
2025-07-24 00:00:00-04:00,21.189879284344897,21.40660447462923,20.87464196067217,20.983003616333008,17200,0.0,0.0
2025-07-25 00:00:00-04:00,21.081516965125463,21.081516965125463,20.736725417869298,20.845088958740234,14700,0.0,0.0
2025-07-28 00:00:00-04:00,20.72687573276856,20.92389813039914,20.441190719604492,20.441190719604492,19600,0.0,0.0
2025-07-29 00:00:00-04:00,20.608659750131437,20.746575609403358,20.145655166173803,20.244165420532227,12100,0.0,0.0
2025-07-30 00:00:00-04:00,20.22446570578257,20.58895817820354,19.958483493607634,20.106250762939453,19500,0.0,0.0
2025-07-31 00:00:00-04:00,20.19491237432981,20.19491237432981,19.722056340418536,19.899377822875977,19600,0.0,0.0
2025-08-01 00:00:00-04:00,19.80086425534922,19.80086425534922,19.3674119826225,19.62354278564453,24200,0.0,0.0
2025-08-04 00:00:00-04:00,19.75160741094892,20.066846625786887,19.4166672718408,19.65309715270996,17700,0.0,0.0
2025-08-05 00:00:00-04:00,19.53488118345595,19.672797040897237,19.347708320526607,19.456071853637695,23200,0.0,0.0
2025-08-06 00:00:00-04:00,19.634297097497342,19.80261943826358,19.50558090209961,19.50558090209961,22300,0.1,0.0
2025-08-07 00:00:00-04:00,19.614494024813087,19.614494024813087,19.317455488649117,19.50558090209961,23700,0.0,0.0
2025-08-08 00:00:00-04:00,19.614494155279647,20.168968862977103,19.56498836176468,20.040250778198242,24900,0.0,0.0
2025-08-11 00:00:00-04:00,20.079855710164686,20.47590769992117,19.842224516310797,20.218473434448242,13200,0.0,0.0
2025-08-12 00:00:00-04:00,20.5254153069183,21.42643437155022,20.51551377023251,21.218507766723633,26200,0.0,0.0
2025-08-13 00:00:00-04:00,21.396731645620175,21.782882133661623,21.287816630623862,21.525447845458984,16700,0.0,0.0
2025-08-14 00:00:00-04:00,21.31752124505654,21.535349386568917,21.218507766723633,21.218507766723633,16100,0.0,0.0
2025-08-15 00:00:00-04:00,21.456137718598864,21.456137718598864,20.99077685291005,21.08978843688965,8700,0.0,0.0
2025-08-18 00:00:00-04:00,21.040282156927628,21.37692682252046,20.99077636608598,21.099689483642578,7000,0.0,0.0
2025-08-19 00:00:00-04:00,21.258112576010184,21.574956092593943,21.258112576010184,21.475942611694336,7800,0.0,0.0
2025-08-20 00:00:00-04:00,21.367025578604224,21.59475524122727,21.337320970578435,21.555150985717773,10200,0.0,0.0
2025-08-21 00:00:00-04:00,21.66406508912242,21.8026847110164,21.535348892211914,21.535348892211914,6100,0.0,0.0
2025-08-22 00:00:00-04:00,21.871993910311172,22.624493695875515,21.871993910311172,22.565086364746094,38100,0.0,0.0
2025-08-25 00:00:00-04:00,22.753208584258886,22.753208584258886,22.47597312927246,22.47597312927246,6900,0.0,0.0
2025-08-26 00:00:00-04:00,22.62449252638268,22.753208718597065,22.62449252638268,22.703702926635742,11000,0.0,0.0
2025-08-27 00:00:00-04:00,22.70370255503802,22.74330681025388,22.61459062014623,22.6343936920166,14600,0.0,0.0
2025-08-28 00:00:00-04:00,22.60468949079736,22.703702963405267,22.297749425385256,22.35715675354004,14400,0.0,0.0
2025-08-29 00:00:00-04:00,22.28784825733392,22.45617059698957,22.277946721057123,22.42646598815918,13600,0.0,0.0
2025-09-02 00:00:00-04:00,22.228440359328857,22.456170022292298,22.13932842364318,22.169031143188477,26000,0.0,0.0
2025-09-03 00:00:00-04:00,22.139329962764965,22.376961178271877,22.089822279206217,22.09972381591797,18100,0.0,0.0
2025-09-04 00:00:00-04:00,22.079919325739986,22.17893279797927,21.92149852556709,22.089820861816406,17900,0.0,0.0
2025-09-05 00:00:00-04:00,22.178934028891923,22.178934028891923,21.84228933770979,21.911598205566406,15000,0.0,0.0
2025-09-08 00:00:00-04:00,21.9314004190776,21.9314004190776,21.792782688798376,21.852190017700195,16900,0.0,0.0
2025-09-09 00:00:00-04:00,21.881894374890773,21.881894374890773,21.644263173490025,21.703670501708984,9000,0.0,0.0
2025-09-10 00:00:00-04:00,20.881861875988843,21.62446008811213,20.881861875988843,21.396730422973633,29200,0.0,0.0
2025-09-11 00:00:00-04:00,21.505644843355377,21.515546380071946,21.357125569656898,21.485843658447266,10200,0.0,0.0
2025-09-12 00:00:00-04:00,21.535349944824073,21.624461888781212,21.178902168995513,21.475942611694336,14300,0.0,0.0
2025-09-15 00:00:00-04:00,21.426433110290038,21.495741974485725,20.970973780704163,21.08978843688965,29900,0.0,0.0
2025-09-16 00:00:00-04:00,21.040283254323594,21.644263754422752,20.852157839968534,21.00067710876465,72900,0.0,0.0
2025-09-17 00:00:00-04:00,20.990777404253173,21.17890092957559,20.673933906211555,20.73334312438965,85600,0.0,0.0
2025-09-18 00:00:00-04:00,20.822455310023336,20.951171507218803,20.693737224302886,20.88186264038086,64000,0.0,0.0
2025-09-19 00:00:00-04:00,20.92146714072571,21.76307886608453,20.733343610988154,21.337322235107422,130100,0.0,0.0
2025-09-22 00:00:00-04:00,21.525446411292165,21.535347947316218,21.050184013287023,21.20860481262207,50900,0.0,0.0
2025-09-23 00:00:00-04:00,21.574953832554787,21.574953832554787,20.891762963291303,21.06008529663086,39300,0.0,0.0
2025-09-24 00:00:00-04:00,20.96107255234705,21.030381417560314,20.792750213175584,20.89176368713379,12200,0.0,0.0
2025-09-25 00:00:00-04:00,20.832356038636505,20.980875303033315,20.69373642181123,20.782848358154297,15100,0.0,0.0
2025-09-26 00:00:00-04:00,20.84225563613505,20.84225563613505,20.63432904418404,20.82245445251465,24200,0.0,0.0
2025-09-29 00:00:00-04:00,20.733343368267274,20.832356844537124,20.565021025166025,20.574922561645508,10300,0.0,0.0
2025-09-30 00:00:00-04:00,20.40659966435214,20.624427795410156,20.357091983299227,20.624427795410156,24200,0.0,0.0
2025-10-01 00:00:00-04:00,20.644230531232996,20.644230531232996,20.069954660057146,20.208572387695312,37500,0.0,0.0
2025-10-02 00:00:00-04:00,20.149166159174683,20.149166159174683,19.852125727069954,20.109560012817383,27400,0.0,0.0
2025-10-03 00:00:00-04:00,19.97094045014915,20.38679550622239,19.862025446157997,20.06995391845703,34000,0.0,0.0
2025-10-06 00:00:00-04:00,20.050152187545844,20.297684930601964,19.75311365128848,19.81252098083496,25400,0.0,0.0
2025-10-07 00:00:00-04:00,20.17886750616426,20.188769042079254,19.65409932234368,19.75311279296875,12200,0.0,0.0
2025-10-08 00:00:00-04:00,19.763014286004807,19.842226580722308,19.465975734914373,19.48577880859375,16100,0.0,0.0
2025-10-09 00:00:00-04:00,19.47587727175406,19.515481530587763,19.149134110144566,19.48577880859375,28300,0.0,0.0
2025-10-10 00:00:00-04:00,19.446171270758253,19.64419821634221,18.822389602661133,18.822389602661133,30800,0.0,0.0
2025-10-13 00:00:00-04:00,19.02041367170492,19.02041367170492,18.62436168963483,18.842191696166992,15100,0.0,0.0
2025-10-14 00:00:00-04:00,18.683771886322912,19.1986385458396,18.683771886322912,19.129329681396484,29200,0.0,0.0
2025-10-15 00:00:00-04:00,19.15903354289727,19.574888601868793,18.80258580991458,18.990711212158203,20300,0.0,0.0
2025-10-16 00:00:00-04:00,18.713474045526784,18.713474045526784,18.040184716495208,18.218408584594727,22300,0.0,0.0
2025-10-17 00:00:00-04:00,18.347127275216145,18.347127275216145,17.951073382413536,18.129297256469727,19100,0.0,0.0
2025-10-20 00:00:00-04:00,18.119394530936322,18.119394530936322,17.861962161447433,17.960973739624023,23700,0.0,0.0
2025-10-21 00:00:00-04:00,17.921370808658764,18.35702896118164,17.921370808658764,18.35702896118164,30800,0.0,0.0
2025-10-22 00:00:00-04:00,18.366928549503292,18.70357322692871,18.238212355675895,18.70357322692871,44600,0.0,0.0
2025-10-23 00:00:00-04:00,18.713475127591554,18.713475127591554,18.357029259306696,18.4659423828125,27800,0.0,0.0
2025-10-24 00:00:00-04:00,18.46594175372963,19.267947290704697,18.41643596187033,19.208539962768555,48600,0.0,0.0
2025-10-27 00:00:00-04:00,19.21844112670543,19.376861923817465,18.911501068366473,19.139230728149414,44600,0.0,0.0
2025-10-28 00:00:00-04:00,19.060020614920052,19.178837158795183,18.555053608369313,18.941204071044922,31500,0.0,0.0
2025-10-29 00:00:00-04:00,18.91150227625279,18.99071267986801,18.317423304876133,18.34712791442871,42100,0.0,0.0
2025-10-30 00:00:00-04:00,18.248113882003828,18.614461279369678,18.1391988721532,18.39663314819336,38400,0.0,0.0
2025-10-31 00:00:00-04:00,18.32732384519355,18.634263906452876,18.159001510594912,18.366928100585938,227000,0.0,0.0
2025-11-03 00:00:00-05:00,18.327324842171777,18.733278396782648,18.119396352344875,18.654067993164062,18000,0.0,0.0
2025-11-04 00:00:00-05:00,18.53525075795095,18.7530807762394,18.46594189341369,18.47584342956543,19300,0.0,0.0
2025-11-05 00:00:00-05:00,18.723376289220305,18.812488226639008,18.34712735563849,18.39663314819336,21200,0.0,0.0
2025-11-06 00:00:00-05:00,18.465942627823164,18.555054568207982,17.96097559515087,18.000581741333008,50200,0.0,0.0
2025-11-07 00:00:00-05:00,17.931272017394296,18.178804753632097,17.683739281156495,17.941173553466797,48300,0.0,0.0
2025-11-10 00:00:00-05:00,18.100473776088688,18.389204213630876,17.891391411863882,18.07060432434082,22100,0.1,0.0
2025-11-11 00:00:00-05:00,17.99095385908115,18.44894261164094,17.971040891794836,18.110429763793945,23600,0.0,0.0
2025-11-12 00:00:00-05:00,18.21994756707431,18.319510506037496,18.100473559522573,18.23986053466797,28100,0.0,0.0
2025-11-13 00:00:00-05:00,18.180123562190513,18.608242871165682,18.13034114312066,18.389204025268555,29100,0.0,0.0
2025-11-14 00:00:00-05:00,18.309553230931392,18.618198518278636,18.21994677963768,18.60824203491211,20000,0.0,0.0
2025-11-17 00:00:00-05:00,18.717760586836885,18.717760586836885,18.07060432434082,18.07060432434082,13300,0.0,0.0
2025-11-18 00:00:00-05:00,18.1303407082273,18.38920358416584,18.11042964008208,18.120386123657227,16400,0.0,0.0
2025-11-19 00:00:00-05:00,18.219947028690438,18.32946644821425,18.070603574161183,18.130340576171875,15800,0.0,0.0
2025-11-20 00:00:00-05:00,18.518636579452558,18.78745594778938,18.379247703830618,18.528593063354492,22200,0.0,0.0
2025-11-21 00:00:00-05:00,18.488766943406777,19.454524983208938,18.488766943406777,18.847192764282227,33700,0.0,0.0
2025-11-24 00:00:00-05:00,19.036361865830845,19.0662294177745,18.71776008605957,18.71776008605957,20100,0.0,0.0
2025-11-25 00:00:00-05:00,18.887016287932305,19.673561395951495,18.87705980439984,19.34500503540039,62800,0.0,0.0
2025-11-26 00:00:00-05:00,19.345004410319422,19.464478410838407,19.31513496068718,19.394784927368164,24400,0.0,0.0
2025-11-28 00:00:00-05:00,19.364917253646595,19.454523702968743,19.325091321056757,19.404741287231445,6700,0.0,0.0
2025-12-01 00:00:00-05:00,19.454524490803404,19.91251134010335,19.454524490803404,19.494348526000977,52500,0.0,0.0
2025-12-02 00:00:00-05:00,19.514261651172728,19.81294856409169,19.504305167541418,19.63373565673828,39200,0.0,0.0
2025-12-03 00:00:00-05:00,19.852773584093107,20.34062986552355,19.812947651402464,20.012073516845703,62800,0.0,0.0
2025-12-04 00:00:00-05:00,19.992161167969815,20.24106755795898,19.76316774494099,19.962291717529297,69700,0.0,0.0
2025-12-05 00:00:00-05:00,20.131547173102664,20.131547173102664,19.59391038399563,19.73329734802246,44300,0.0,0.0
2025-12-08 00:00:00-05:00,19.842817713777322,20.111637070726836,19.822904746816977,19.962291717529297,26400,0.0,0.0
2025-12-09 00:00:00-05:00,20.26098027423634,21.34621227308227,19.952336886189933,19.98220443725586,26300,0.0,0.0
2025-12-10 00:00:00-05:00,19.992160874322483,20.3904107126546,19.96229142432069,20.290847778320312,76200,0.0,0.0
2025-12-11 00:00:00-05:00,20.360543368450767,20.689099725787393,20.260980433105267,20.579580307006836,34900,0.0,0.0
2025-12-12 00:00:00-05:00,20.579579534862248,21.46568563827997,20.579579534862248,21.405948638916016,57200,0.0,0.0
2025-12-15 00:00:00-05:00,21.505512275342493,21.70463624608338,21.455729858403497,21.654855728149414,61500,0.0,0.0
2025-12-16 00:00:00-05:00,21.67476881861999,21.834068755723813,21.50551239807155,21.644899368286133,41000,0.0,0.0
2025-12-17 00:00:00-05:00,21.644899121350633,21.903761990942375,21.58516212036947,21.664812088012695,29400,0.0,0.0
2025-12-18 00:00:00-05:00,21.863936882556036,21.903762817382812,21.704636941259114,21.903762817382812,49500,0.0,0.0
2025-12-19 00:00:00-05:00,22.003325355053118,22.102888291303234,21.206823764057248,21.3262996673584,60100,0.0,0.0
2025-12-22 00:00:00-05:00,21.405949518110216,21.485599486868566,20.858356220272206,20.878267288208008,45800,0.0,0.0
2025-12-23 00:00:00-05:00,20.89817988450401,21.1371297865411,20.778705882987975,20.90813636779785,64900,0.0,0.0
2025-12-24 00:00:00-05:00,21.017656326293945,21.117217363786303,20.947962840447268,21.017656326293945,6900,0.0,0.0
2025-12-26 00:00:00-05:00,21.01765566100702,21.15704262828826,20.768749277144806,20.918092727661133,11300,0.0,0.0
2025-12-29 00:00:00-05:00,20.967873154823568,21.85398116889269,20.619403839111328,20.619403839111328,13100,0.0,0.0
2025-12-30 00:00:00-05:00,20.549710398140956,20.858355680725186,20.251023497774604,20.310760498046875,20600,0.0,0.0
2025-12-31 00:00:00-05:00,20.31076100077461,20.410323936362758,20.191286997272876,20.270936965942383,26000,0.0,0.0
2026-01-02 00:00:00-05:00,20.350587457259923,20.559667918260132,19.633735821818984,19.77312469482422,18200,0.0,0.0
2026-01-05 00:00:00-05:00,19.663605272964055,20.350587457259923,19.663605272964055,19.77312469482422,38900,0.0,0.0
2026-01-06 00:00:00-05:00,19.663605272964055,19.912511668824358,19.374872942243655,19.77312469482422,49000,0.0,0.0
2026-01-07 00:00:00-05:00,19.78308014232437,19.94238007541061,19.514260793114463,19.70343017578125,30600,0.0,0.0
2026-01-08 00:00:00-05:00,19.753211823767405,20.30080513772967,19.67356185266371,20.221155166625977,23700,0.0,0.0
2026-01-09 00:00:00-05:00,20.350587238044685,20.45015017511734,19.942380905151367,19.942380905151367,12400,0.0,0.0
2026-01-12 00:00:00-05:00,19.972248456969613,20.071811394042268,19.613824542115157,19.942380905151367,23900,0.0,0.0
2026-01-13 00:00:00-05:00,20.002117651449986,20.201243523043342,19.743254777980646,19.962291717529297,35500,0.0,0.0
2026-01-14 00:00:00-05:00,20.05189804573592,20.16141746433491,19.693474137693393,19.972248077392578,16900,0.0,0.0
2026-01-15 00:00:00-05:00,19.922466906023736,20.400366700412903,19.922466906023736,20.330673217773438,42400,0.0,0.0
2026-01-16 00:00:00-05:00,20.320718105256873,20.589537469858755,20.071811708182185,20.221155166625977,18400,0.0,0.0
2026-01-20 00:00:00-05:00,20.051898768485657,20.14150522347732,19.683518363746693,19.763168334960938,17600,0.0,0.0
2026-01-21 00:00:00-05:00,19.743254692411597,20.31076095528647,19.743254692411597,20.121591567993164,64900,0.0,0.0
2026-01-22 00:00:00-05:00,20.23111014189757,21.356168036230326,20.151460176732815,21.107261657714844,133400,0.0,0.0
2026-01-23 00:00:00-05:00,21.107262624430987,21.107262624430987,20.370498039156853,20.42028045654297,62300,0.0,0.0
2026-01-26 00:00:00-05:00,20.589537309855725,20.619404861909317,19.812948673375804,20.081768035888672,40700,0.0,0.0
2026-01-27 00:00:00-05:00,20.131548783040916,21.137130858663845,19.812948897498032,20.51984405517578,89800,0.0,0.0
2026-01-28 00:00:00-05:00,20.489974758068293,20.748837641772397,20.3207183302235,20.659231185913086,62200,0.0,0.0
2026-01-29 00:00:00-05:00,20.66918638312544,21.366123119862674,20.66918638312544,21.06743621826172,113800,0.0,0.0
2026-01-30 00:00:00-05:00,21.127173917422976,21.366123826406437,20.888224008439515,21.316343307495117,92800,0.0,0.0
2026-02-02 00:00:00-05:00,21.405949129697582,22.54096163866041,21.276518644940687,22.2820987701416,137200,0.0,0.0
2026-02-03 00:00:00-05:00,22.351793864758974,22.75004369618572,22.222361482667164,22.610654830932617,96700,0.0,0.0
2026-02-04 00:00:00-05:00,22.789867779425727,23.33746296045865,22.63056784650833,22.760000228881836,53700,0.0,0.0
2026-02-05 00:00:00-05:00,22.670395113193397,22.949169062699738,22.48122571959616,22.50113868713379,61700,0.0,0.0
2026-02-06 00:00:00-05:00,22.779911296242766,22.849606678523497,22.62061136332537,22.760000228881836,37700,0.0,0.0
2026-02-09 00:00:00-05:00,22.700000762939453,22.829999923706055,22.43000030517578,22.68000030517578,46300,0.1,0.0
2026-02-10 00:00:00-05:00,22.709999084472656,22.84000015258789,22.270000457763672,22.559999465942383,71000,0.0,0.0
2026-02-11 00:00:00-05:00,22.780000686645508,22.860000610351562,22.34000015258789,22.440000534057617,38600,0.0,0.0
2026-02-12 00:00:00-05:00,22.65999984741211,22.850000381469727,22.06999969482422,22.299999237060547,47300,0.0,0.0
2026-02-13 00:00:00-05:00,22.469999313354492,22.639999389648438,22.280000686645508,22.280000686645508,26700,0.0,0.0
2026-02-17 00:00:00-05:00,22.40999984741211,22.75,22.40999984741211,22.510000228881836,29700,0.0,0.0
2026-02-18 00:00:00-05:00,22.549999237060547,22.780000686645508,22.1200008392334,22.229999542236328,23200,0.0,0.0
2026-02-19 00:00:00-05:00,22.100000381469727,22.649999618530273,21.760000228881836,22.649999618530273,30900,0.0,0.0
2026-02-20 00:00:00-05:00,22.600000381469727,22.8700008392334,22.5,22.809999465942383,74400,0.0,0.0
2026-02-23 00:00:00-05:00,22.899999618530273,22.90999984741211,22.030000686645508,22.15999984741211,33900,0.0,0.0
2026-02-24 00:00:00-05:00,22.280000686645508,22.81999969482422,22.1200008392334,22.200000762939453,23300,0.0,0.0
2026-02-25 00:00:00-05:00,22.399999618530273,22.860000610351562,22.399999618530273,22.760000228881836,74700,0.0,0.0
2026-02-26 00:00:00-05:00,22.760000228881836,23.020000457763672,22.700000762939453,22.899999618530273,268900,0.0,0.0
2026-02-27 00:00:00-05:00,22.75,22.84000015258789,22.190000534057617,22.200000762939453,44200,0.0,0.0
2026-03-02 00:00:00-05:00,21.899999618530273,22.309999465942383,21.899999618530273,22.209999084472656,25000,0.0,0.0
2026-03-03 00:00:00-05:00,22.040000915527344,22.209999084472656,21.600000381469727,22.100000381469727,122800,0.0,0.0
2026-03-04 00:00:00-05:00,22.31999969482422,22.850000381469727,22.100000381469727,22.68000030517578,104200,0.0,0.0
2026-03-05 00:00:00-05:00,22.450000762939453,22.450000762939453,21.969999313354492,22.15999984741211,98700,0.0,0.0
2026-03-06 00:00:00-05:00,21.959999084472656,22.219999313354492,21.75,22.110000610351562,75800,0.0,0.0
2026-03-09 00:00:00-04:00,21.959999084472656,22.0,21.25,21.979999542236328,103800,0.0,0.0
2026-03-10 00:00:00-04:00,21.979999542236328,22.420000076293945,21.899999618530273,22.209999084472656,68600,0.0,0.0
2026-03-11 00:00:00-04:00,22.100000381469727,22.25,21.510000228881836,21.56999969482422,34600,0.0,0.0
2026-03-12 00:00:00-04:00,21.25,21.860000610351562,20.90999984741211,21.489999771118164,23000,0.0,0.0
2026-03-13 00:00:00-04:00,21.790000915527344,21.899999618530273,21.309999465942383,21.40999984741211,27600,0.0,0.0
2026-03-16 00:00:00-04:00,21.510000228881836,21.899999618530273,21.510000228881836,21.760000228881836,30600,0.0,0.0
2026-03-17 00:00:00-04:00,21.899999618530273,22.06999969482422,21.5,21.610000610351562,48300,0.0,0.0
2026-03-18 00:00:00-04:00,21.5,21.579999923706055,20.8700008392334,21.0,34900,0.0,0.0
2026-03-19 00:00:00-04:00,20.809999465942383,21.510000228881836,20.799999237060547,21.270000457763672,26700,0.0,0.0
2026-03-20 00:00:00-04:00,21.350000381469727,21.399999618530273,21.1299991607666,21.190000534057617,76000,0.0,0.0
2026-03-23 00:00:00-04:00,21.450000762939453,21.899999618530273,21.450000762939453,21.75,49400,0.0,0.0
2026-03-24 00:00:00-04:00,21.649999618530273,22.100000381469727,21.510000228881836,21.940000534057617,59200,0.0,0.0
2026-03-25 00:00:00-04:00,22.270000457763672,22.469999313354492,21.8700008392334,22.010000228881836,34700,0.0,0.0
2026-03-26 00:00:00-04:00,21.709999084472656,22.200000762939453,21.709999084472656,22.0,30900,0.0,0.0
2026-03-27 00:00:00-04:00,21.899999618530273,22.06999969482422,21.770000457763672,21.809999465942383,24400,0.0,0.0
2026-03-30 00:00:00-04:00,22.149999618530273,22.270000457763672,21.75,22.040000915527344,90900,0.0,0.0
2026-03-31 00:00:00-04:00,22.190000534057617,22.290000915527344,21.950000762939453,22.200000762939453,38000,0.0,0.0
2026-04-01 00:00:00-04:00,22.399999618530273,22.639999389648438,22.350000381469727,22.40999984741211,30700,0.0,0.0
2026-04-02 00:00:00-04:00,22.299999237060547,22.540000915527344,22.059999465942383,22.479999542236328,74400,0.0,0.0
2026-04-06 00:00:00-04:00,22.65999984741211,22.739999771118164,22.40999984741211,22.709999084472656,45700,0.0,0.0
2026-04-07 00:00:00-04:00,22.719999313354492,22.739999771118164,22.600000381469727,22.700000762939453,39200,0.0,0.0
2026-04-08 00:00:00-04:00,23.100000381469727,23.5,22.979999542236328,23.059999465942383,61900,0.0,0.0
2026-04-09 00:00:00-04:00,22.979999542236328,23.709999084472656,22.920000076293945,23.610000610351562,73100,0.0,0.0
2026-04-10 00:00:00-04:00,23.790000915527344,24.0,23.18000030517578,23.239999771118164,34800,0.0,0.0
2026-04-13 00:00:00-04:00,23.149999618530273,23.559999465942383,23.100000381469727,23.280000686645508,34500,0.0,0.0
2026-04-14 00:00:00-04:00,23.450000762939453,23.450000762939453,23.010000228881836,23.290000915527344,25900,0.0,0.0
2026-04-15 00:00:00-04:00,23.290000915527344,24.329999923706055,23.110000610351562,23.360000610351562,23800,0.0,0.0
2026-04-16 00:00:00-04:00,23.31999969482422,23.56999969482422,23.149999618530273,23.229999542236328,39500,0.0,0.0
2026-04-17 00:00:00-04:00,23.690000534057617,24.65999984741211,23.510000228881836,24.239999771118164,100900,0.0,0.0
2026-04-20 00:00:00-04:00,24.200000762939453,25.139999389648438,24.020000457763672,24.239999771118164,55700,0.0,0.0
2026-04-21 00:00:00-04:00,24.34000015258789,24.59000015258789,23.520000457763672,23.520000457763672,49600,0.0,0.0
2026-04-22 00:00:00-04:00,23.75,23.899999618530273,23.510000228881836,23.559999465942383,32200,0.0,0.0
2026-04-23 00:00:00-04:00,23.510000228881836,24.15999984741211,23.510000228881836,23.770000457763672,33800,0.0,0.0
2026-04-24 00:00:00-04:00,23.90999984741211,24.139999389648438,23.709999084472656,23.860000610351562,32400,0.0,0.0
2026-04-27 00:00:00-04:00,24.010000228881836,24.469999313354492,23.760000228881836,24.389999389648438,263200,0.0,0.0
2026-04-28 00:00:00-04:00,24.5,25.170000076293945,24.40999984741211,24.75,122000,0.0,0.0
2026-04-29 00:00:00-04:00,24.700000762939453,24.700000762939453,23.760000228881836,23.850000381469727,47200,0.0,0.0
2026-04-30 00:00:00-04:00,23.729999542236328,24.190000534057617,23.420000076293945,23.420000076293945,32901,0.0,0.0
