Date,Open,High,Low,Close,Volume,Dividends,Stock Splits
2022-01-03 00:00:00-05:00,47.20000076293945,50.400001525878906,45.900001525878906,49.70000076293945,137340,0.0,0.0
2022-01-04 00:00:00-05:00,49.70000076293945,50.900001525878906,46.20000076293945,47.099998474121094,69950,0.0,0.0
2022-01-05 00:00:00-05:00,50.099998474121094,50.70000076293945,47.70000076293945,48.5,172520,0.0,0.0
2022-01-06 00:00:00-05:00,48.5,51.5,48.0,50.400001525878906,191230,0.0,0.0
2022-01-07 00:00:00-05:00,50.79999923706055,51.0,46.599998474121094,46.70000076293945,120900,0.0,0.0
2022-01-10 00:00:00-05:00,48.0,49.79999923706055,45.79999923706055,49.79999923706055,116390,0.0,0.0
2022-01-11 00:00:00-05:00,48.599998474121094,50.70000076293945,47.79999923706055,50.0,70250,0.0,0.0
2022-01-12 00:00:00-05:00,50.0,50.099998474121094,46.599998474121094,47.5,67080,0.0,0.0
2022-01-13 00:00:00-05:00,47.0,47.900001525878906,42.5,43.900001525878906,117410,0.0,0.0
2022-01-14 00:00:00-05:00,43.5,44.70000076293945,43.0,43.599998474121094,61040,0.0,0.0
2022-01-18 00:00:00-05:00,43.79999923706055,43.79999923706055,39.79999923706055,40.0,97850,0.0,0.0
2022-01-19 00:00:00-05:00,39.75,40.79999923706055,34.099998474121094,34.900001525878906,151980,0.0,0.0
2022-01-20 00:00:00-05:00,35.400001525878906,38.70000076293945,35.0,36.099998474121094,69380,0.0,0.0
2022-01-21 00:00:00-05:00,35.5,36.0,32.099998474121094,33.099998474121094,72540,0.0,0.0
2022-01-24 00:00:00-05:00,30.899999618530273,31.899999618530273,28.5,31.399999618530273,91830,0.0,0.0
2022-01-25 00:00:00-05:00,30.399999618530273,32.0,29.600000381469727,31.700000762939453,41570,0.0,0.0
2022-01-26 00:00:00-05:00,33.0,33.599998474121094,30.200000762939453,30.5,60830,0.0,0.0
2022-01-27 00:00:00-05:00,31.850000381469727,31.850000381469727,28.0,28.600000381469727,56470,0.0,0.0
2022-01-28 00:00:00-05:00,28.700000762939453,31.899999618530273,28.600000381469727,31.200000762939453,62710,0.0,0.0
2022-01-31 00:00:00-05:00,29.799999237060547,29.899999618530273,27.600000381469727,29.700000762939453,170490,0.0,0.0
2022-02-01 00:00:00-05:00,30.200000762939453,33.0,29.799999237060547,32.29999923706055,121880,0.0,0.0
2022-02-02 00:00:00-05:00,32.150001525878906,32.29999923706055,29.299999237060547,29.399999618530273,69940,0.0,0.0
2022-02-03 00:00:00-05:00,29.100000381469727,31.200000762939453,28.600000381469727,29.899999618530273,68170,0.0,0.0
2022-02-04 00:00:00-05:00,29.5,30.200000762939453,29.200000762939453,29.299999237060547,47600,0.0,0.0
2022-02-07 00:00:00-05:00,30.0,30.360000610351562,27.399999618530273,27.5,85780,0.0,0.0
2022-02-08 00:00:00-05:00,27.600000381469727,28.0,25.700000762939453,26.200000762939453,81450,0.0,0.0
2022-02-09 00:00:00-05:00,26.100000381469727,27.899999618530273,26.0,27.299999237060547,102800,0.0,0.0
2022-02-10 00:00:00-05:00,26.5,28.299999237060547,26.5,27.0,53300,0.0,0.0
2022-02-11 00:00:00-05:00,27.399999618530273,27.399999618530273,24.299999237060547,25.600000381469727,105120,0.0,0.0
2022-02-14 00:00:00-05:00,25.0,30.899999618530273,24.899999618530273,30.100000381469727,289120,0.0,0.0
2022-02-15 00:00:00-05:00,30.600000381469727,33.400001525878906,29.100000381469727,30.399999618530273,168070,0.0,0.0
2022-02-16 00:00:00-05:00,30.100000381469727,32.400001525878906,29.700000762939453,32.20000076293945,81690,0.0,0.0
2022-02-17 00:00:00-05:00,32.20000076293945,32.27000045776367,29.100000381469727,29.399999618530273,69150,0.0,0.0
2022-02-18 00:00:00-05:00,30.0,30.0,26.700000762939453,28.399999618530273,87130,0.0,0.0
2022-02-22 00:00:00-05:00,28.399999618530273,29.5,28.0,28.0,29970,0.0,0.0
2022-02-23 00:00:00-05:00,28.5,29.0,27.5,27.700000762939453,47550,0.0,0.0
2022-02-24 00:00:00-05:00,25.0,28.299999237060547,25.0,28.149999618530273,56100,0.0,0.0
2022-02-25 00:00:00-05:00,28.0,30.5,27.809999465942383,29.399999618530273,56450,0.0,0.0
2022-02-28 00:00:00-05:00,29.799999237060547,30.0,28.600000381469727,29.899999618530273,38940,0.0,0.0
2022-03-01 00:00:00-05:00,29.299999237060547,30.799999237060547,28.200000762939453,28.299999237060547,63560,0.0,0.0
2022-03-02 00:00:00-05:00,28.399999618530273,29.0,26.100000381469727,28.850000381469727,104980,0.0,0.0
2022-03-03 00:00:00-05:00,29.299999237060547,29.299999237060547,26.299999237060547,26.899999618530273,73640,0.0,0.0
2022-03-04 00:00:00-05:00,26.5,27.200000762939453,24.700000762939453,25.299999237060547,45630,0.0,0.0
2022-03-07 00:00:00-05:00,25.0,26.799999237060547,24.200000762939453,25.0,68370,0.0,0.0
2022-03-08 00:00:00-05:00,25.0,26.700000762939453,23.799999237060547,26.100000381469727,70190,0.0,0.0
2022-03-09 00:00:00-05:00,26.700000762939453,35.400001525878906,26.700000762939453,33.0,257870,0.0,0.0
2022-03-10 00:00:00-05:00,30.799999237060547,31.899999618530273,29.700000762939453,30.399999618530273,62980,0.0,0.0
2022-03-11 00:00:00-05:00,30.899999618530273,31.600000381469727,28.639999389648438,29.0,35830,0.0,0.0
2022-03-14 00:00:00-04:00,30.200000762939453,32.599998474121094,29.299999237060547,31.600000381469727,75350,0.0,0.0
2022-03-15 00:00:00-04:00,31.600000381469727,32.5,30.200000762939453,31.0,39610,0.0,0.0
2022-03-16 00:00:00-04:00,31.799999237060547,33.5,31.40999984741211,32.70000076293945,56980,0.0,0.0
2022-03-17 00:00:00-04:00,32.0,34.20000076293945,32.0,32.400001525878906,62910,0.0,0.0
2022-03-18 00:00:00-04:00,32.400001525878906,34.0,30.700000762939453,31.5,124050,0.0,0.0
2022-03-21 00:00:00-04:00,31.5,31.899999618530273,29.100000381469727,29.299999237060547,81310,0.0,0.0
2022-03-22 00:00:00-04:00,29.299999237060547,29.899999618530273,28.5,29.5,69130,0.0,0.0
2022-03-23 00:00:00-04:00,29.399999618530273,30.25,28.5,28.5,48160,0.0,0.0
2022-03-24 00:00:00-04:00,29.0,29.8799991607666,27.700000762939453,27.700000762939453,56940,0.0,0.0
2022-03-25 00:00:00-04:00,28.100000381469727,28.299999237060547,27.100000381469727,27.700000762939453,38420,0.0,0.0
2022-03-28 00:00:00-04:00,27.600000381469727,28.700000762939453,26.5,28.299999237060547,84760,0.0,0.0
2022-03-29 00:00:00-04:00,28.600000381469727,29.299999237060547,27.700000762939453,28.200000762939453,38290,0.0,0.0
2022-03-30 00:00:00-04:00,28.5,29.600000381469727,28.100000381469727,28.5,39370,0.0,0.0
2022-03-31 00:00:00-04:00,26.899999618530273,27.0,22.600000381469727,24.5,224970,0.0,0.0
2022-04-01 00:00:00-04:00,24.700000762939453,24.889999389648438,23.799999237060547,24.200000762939453,46540,0.0,0.0
2022-04-04 00:00:00-04:00,23.899999618530273,24.399999618530273,23.299999237060547,24.200000762939453,48770,0.0,0.0
2022-04-05 00:00:00-04:00,23.799999237060547,24.5,23.399999618530273,23.799999237060547,31920,0.0,0.0
2022-04-06 00:00:00-04:00,23.799999237060547,23.899999618530273,22.5,23.899999618530273,38950,0.0,0.0
2022-04-07 00:00:00-04:00,23.600000381469727,23.600000381469727,22.549999237060547,22.850000381469727,45820,0.0,0.0
2022-04-08 00:00:00-04:00,22.5,22.799999237060547,21.100000381469727,21.600000381469727,86960,0.0,0.0
2022-04-11 00:00:00-04:00,21.5,23.0,20.799999237060547,21.799999237060547,67600,0.0,0.0
2022-04-12 00:00:00-04:00,21.799999237060547,22.75,21.299999237060547,22.0,33160,0.0,0.0
2022-04-13 00:00:00-04:00,22.0,23.100000381469727,21.600000381469727,23.0,23540,0.0,0.0
2022-04-14 00:00:00-04:00,23.0,24.5,22.5,24.200000762939453,26030,0.0,0.0
2022-04-18 00:00:00-04:00,23.600000381469727,23.600000381469727,21.5,21.5,25610,0.0,0.0
2022-04-19 00:00:00-04:00,21.399999618530273,22.399999618530273,21.0,22.0,28560,0.0,0.0
2022-04-20 00:00:00-04:00,21.700000762939453,22.0,21.200000762939453,21.299999237060547,36140,0.0,0.0
2022-04-21 00:00:00-04:00,21.5,21.799999237060547,18.5,18.5,97760,0.0,0.0
2022-04-22 00:00:00-04:00,18.0,18.299999237060547,16.100000381469727,17.0,61180,0.0,0.0
2022-04-25 00:00:00-04:00,16.100000381469727,18.5,15.899999618530273,18.200000762939453,57280,0.0,0.0
2022-04-26 00:00:00-04:00,17.399999618530273,18.100000381469727,16.5,16.899999618530273,27100,0.0,0.0
2022-04-27 00:00:00-04:00,16.600000381469727,17.100000381469727,16.100000381469727,16.799999237060547,43940,0.0,0.0
2022-04-28 00:00:00-04:00,17.0,17.020000457763672,14.899999618530273,15.5,59790,0.0,0.0
2022-04-29 00:00:00-04:00,15.699999809265137,16.100000381469727,15.149999618530273,15.600000381469727,34810,0.0,0.0
2022-05-02 00:00:00-04:00,15.300000190734863,16.399999618530273,14.899999618530273,15.5,55500,0.0,0.0
2022-05-03 00:00:00-04:00,16.299999237060547,16.799999237060547,14.800000190734863,16.600000381469727,56370,0.0,0.0
2022-05-04 00:00:00-04:00,16.399999618530273,16.799999237060547,15.600000381469727,16.299999237060547,40680,0.0,0.0
2022-05-05 00:00:00-04:00,16.299999237060547,16.899999618530273,15.100000381469727,16.799999237060547,72290,0.0,0.0
2022-05-06 00:00:00-04:00,17.0,17.0,14.899999618530273,15.100000381469727,34700,0.0,0.0
2022-05-09 00:00:00-04:00,14.899999618530273,15.100000381469727,13.199999809265137,13.5,40220,0.0,0.0
2022-05-10 00:00:00-04:00,14.100000381469727,14.199999809265137,12.800000190734863,13.100000381469727,33060,0.0,0.0
2022-05-11 00:00:00-04:00,12.699999809265137,13.0,11.5,11.699999809265137,44880,0.0,0.0
2022-05-12 00:00:00-04:00,12.399999618530273,13.5,11.600000381469727,12.199999809265137,76120,0.0,0.0
2022-05-13 00:00:00-04:00,13.0,13.399999618530273,12.199999809265137,13.199999809265137,50150,0.0,0.0
2022-05-16 00:00:00-04:00,14.0,14.699999809265137,13.199999809265137,13.600000381469727,45310,0.0,0.0
2022-05-17 00:00:00-04:00,13.600000381469727,13.899999618530273,12.800000190734863,13.600000381469727,31370,0.0,0.0
2022-05-18 00:00:00-04:00,13.5,14.600000381469727,13.0,13.199999809265137,33730,0.0,0.0
2022-05-19 00:00:00-04:00,13.600000381469727,16.799999237060547,13.399999618530273,15.0,220710,0.0,0.0
2022-05-20 00:00:00-04:00,15.300000190734863,16.299999237060547,14.800000190734863,15.0,96380,0.0,0.0
2022-05-23 00:00:00-04:00,15.5,15.6899995803833,14.199999809265137,14.800000190734863,34060,0.0,0.0
2022-05-24 00:00:00-04:00,14.5,14.5,13.5,14.100000381469727,28120,0.0,0.0
2022-05-25 00:00:00-04:00,13.600000381469727,14.5,13.600000381469727,13.800000190734863,29100,0.0,0.0
2022-05-26 00:00:00-04:00,8.510000228881836,8.600000381469727,4.900000095367432,5.769999980926514,1761370,0.0,0.0
2022-05-27 00:00:00-04:00,5.800000190734863,5.800000190734863,5.110000133514404,5.349999904632568,298510,0.0,0.0
2022-05-31 00:00:00-04:00,5.5,6.099999904632568,5.400000095367432,5.590000152587891,290900,0.0,0.0
2022-06-01 00:00:00-04:00,6.0,6.0,5.599999904632568,5.71999979019165,193060,0.0,0.0
2022-06-02 00:00:00-04:00,5.900000095367432,9.109999656677246,5.699999809265137,8.4399995803833,1291700,0.0,0.0
2022-06-03 00:00:00-04:00,7.300000190734863,7.409999847412109,6.699999809265137,7.349999904632568,424550,0.0,0.0
2022-06-06 00:00:00-04:00,7.400000095367432,7.400000095367432,6.400000095367432,6.5,158880,0.0,0.0
2022-06-07 00:00:00-04:00,6.480000019073486,6.599999904632568,6.320000171661377,6.5,87690,0.0,0.0
2022-06-08 00:00:00-04:00,6.449999809265137,6.699999809265137,6.099999904632568,6.230000019073486,77470,0.0,0.0
2022-06-09 00:00:00-04:00,6.369999885559082,6.400000095367432,5.5,5.789999961853027,121300,0.0,0.0
2022-06-10 00:00:00-04:00,5.730000019073486,5.900000095367432,5.599999904632568,5.75,28630,0.0,0.0
2022-06-13 00:00:00-04:00,5.300000190734863,5.690000057220459,5.099999904632568,5.139999866485596,80870,0.0,0.0
2022-06-14 00:00:00-04:00,5.349999904632568,5.480000019073486,5.019999980926514,5.199999809265137,102490,0.0,0.0
2022-06-15 00:00:00-04:00,5.199999809265137,5.539999961853027,5.110000133514404,5.179999828338623,58300,0.0,0.0
2022-06-16 00:00:00-04:00,5.199999809265137,5.400000095367432,5.0,5.079999923706055,59760,0.0,0.0
2022-06-17 00:00:00-04:00,5.130000114440918,5.679999828338623,5.130000114440918,5.429999828338623,58130,0.0,0.0
2022-06-21 00:00:00-04:00,5.599999904632568,5.900000095367432,5.570000171661377,5.869999885559082,78370,0.0,0.0
2022-06-22 00:00:00-04:00,5.699999809265137,5.900000095367432,5.559999942779541,5.800000190734863,30680,0.0,0.0
2022-06-23 00:00:00-04:00,6.400000095367432,6.400000095367432,5.800000190734863,5.909999847412109,49170,0.0,0.0
2022-06-24 00:00:00-04:00,6.0,6.199999809265137,5.809999942779541,6.150000095367432,61890,0.0,0.0
2022-06-27 00:00:00-04:00,6.150000095367432,6.190000057220459,6.0,6.119999885559082,23520,0.0,0.0
2022-06-28 00:00:00-04:00,6.300000190734863,6.300000190734863,5.650000095367432,5.789999961853027,22980,0.0,0.0
2022-06-29 00:00:00-04:00,5.900000095367432,5.900000095367432,5.510000228881836,5.730000019073486,19140,0.0,0.0
2022-06-30 00:00:00-04:00,5.800000190734863,6.110000133514404,5.699999809265137,6.0,41460,0.0,0.0
2022-07-01 00:00:00-04:00,5.699999809265137,5.949999809265137,5.599999904632568,5.619999885559082,32530,0.0,0.0
2022-07-05 00:00:00-04:00,5.599999904632568,5.849999904632568,5.5,5.5,26760,0.0,0.0
2022-07-06 00:00:00-04:00,5.599999904632568,5.900000095367432,5.5,5.610000133514404,38190,0.0,0.0
2022-07-07 00:00:00-04:00,5.5,5.800000190734863,5.5,5.599999904632568,58920,0.0,0.0
2022-07-08 00:00:00-04:00,5.599999904632568,5.880000114440918,5.599999904632568,5.800000190734863,65670,0.0,0.0
2022-07-11 00:00:00-04:00,5.800000190734863,6.289999961853027,5.769999980926514,6.0,86870,0.0,0.0
2022-07-12 00:00:00-04:00,5.900000095367432,6.0,5.599999904632568,5.659999847412109,26550,0.0,0.0
2022-07-13 00:00:00-04:00,5.659999847412109,5.800000190734863,5.599999904632568,5.78000020980835,18890,0.0,0.0
2022-07-14 00:00:00-04:00,5.800000190734863,5.900000095367432,5.199999809265137,5.269999980926514,39210,0.0,0.0
2022-07-15 00:00:00-04:00,5.269999980926514,5.480000019073486,5.199999809265137,5.480000019073486,30840,0.0,0.0
2022-07-18 00:00:00-04:00,5.300000190734863,5.579999923706055,5.300000190734863,5.369999885559082,33320,0.0,0.0
2022-07-19 00:00:00-04:00,5.599999904632568,5.599999904632568,5.349999904632568,5.449999809265137,26940,0.0,0.0
2022-07-20 00:00:00-04:00,5.400000095367432,5.800000190734863,5.400000095367432,5.539999961853027,30330,0.0,0.0
2022-07-21 00:00:00-04:00,5.400000095367432,5.800000190734863,5.400000095367432,5.539999961853027,14480,0.0,0.0
2022-07-22 00:00:00-04:00,5.400000095367432,5.599999904632568,5.199999809265137,5.360000133514404,30130,0.0,0.0
2022-07-25 00:00:00-04:00,5.480000019073486,5.5,5.21999979019165,5.349999904632568,21020,0.0,0.0
2022-07-26 00:00:00-04:00,5.199999809265137,5.300000190734863,5.0,5.119999885559082,30220,0.0,0.0
2022-07-27 00:00:00-04:00,5.099999904632568,5.199999809265137,5.0,5.099999904632568,21200,0.0,0.0
2022-07-28 00:00:00-04:00,5.349999904632568,5.599999904632568,5.099999904632568,5.230000019073486,429530,0.0,0.0
2022-07-29 00:00:00-04:00,5.989999771118164,10.5,5.809999942779541,7.929999828338623,10527540,0.0,0.0
2022-08-01 00:00:00-04:00,9.390000343322754,9.779999732971191,8.010000228881836,8.199999809265137,1440550,0.0,0.0
2022-08-02 00:00:00-04:00,7.849999904632568,7.849999904632568,7.110000133514404,7.400000095367432,316050,0.0,0.0
2022-08-03 00:00:00-04:00,6.699999809265137,8.59000015258789,6.329999923706055,8.149999618530273,496570,0.0,0.0
2022-08-04 00:00:00-04:00,8.319999694824219,8.319999694824219,7.599999904632568,8.0,175870,0.0,0.0
2022-08-05 00:00:00-04:00,7.800000190734863,7.800000190734863,7.349999904632568,7.75,116020,0.0,0.0
2022-08-08 00:00:00-04:00,7.539999961853027,7.619999885559082,7.300000190734863,7.380000114440918,113960,0.0,0.0
2022-08-09 00:00:00-04:00,7.230000019073486,7.269999980926514,6.699999809265137,7.03000020980835,94380,0.0,0.0
2022-08-10 00:00:00-04:00,7.230000019073486,7.300000190734863,7.0,7.289999961853027,51720,0.0,0.0
2022-08-11 00:00:00-04:00,7.400000095367432,8.260000228881836,7.199999809265137,8.079999923706055,138950,0.0,0.0
2022-08-12 00:00:00-04:00,8.0,8.199999809265137,7.510000228881836,8.0,140390,0.0,0.0
2022-08-15 00:00:00-04:00,8.0,8.020000457763672,7.199999809265137,7.489999771118164,115240,0.0,0.0
2022-08-16 00:00:00-04:00,7.550000190734863,8.1899995803833,7.510000228881836,7.829999923706055,256570,0.0,0.0
2022-08-17 00:00:00-04:00,7.429999828338623,7.679999828338623,7.099999904632568,7.239999771118164,63090,0.0,0.0
2022-08-18 00:00:00-04:00,7.199999809265137,7.5,6.900000095367432,7.400000095367432,76520,0.0,0.0
2022-08-19 00:00:00-04:00,7.340000152587891,7.5,7.0,7.130000114440918,46250,0.0,0.0
2022-08-22 00:00:00-04:00,6.909999847412109,7.28000020980835,6.800000190734863,6.869999885559082,44700,0.0,0.0
2022-08-23 00:00:00-04:00,7.099999904632568,7.400000095367432,6.900000095367432,7.099999904632568,38090,0.0,0.0
2022-08-24 00:00:00-04:00,7.039999961853027,7.550000190734863,7.0,7.400000095367432,45990,0.0,0.0
2022-08-25 00:00:00-04:00,7.199999809265137,7.5,7.099999904632568,7.380000114440918,34070,0.0,0.0
2022-08-26 00:00:00-04:00,7.300000190734863,7.429999828338623,6.900000095367432,6.989999771118164,41020,0.0,0.0
2022-08-29 00:00:00-04:00,7.130000114440918,7.130000114440918,6.800000190734863,6.929999828338623,37420,0.0,0.0
2022-08-30 00:00:00-04:00,7.199999809265137,7.199999809265137,6.159999847412109,6.5,46020,0.0,0.0
2022-08-31 00:00:00-04:00,6.679999828338623,6.699999809265137,6.300000190734863,6.5,28410,0.0,0.0
2022-09-01 00:00:00-04:00,6.829999923706055,6.829999923706055,6.400000095367432,6.650000095367432,25700,0.0,0.0
2022-09-02 00:00:00-04:00,6.440000057220459,6.900000095367432,6.420000076293945,6.75,22290,0.0,0.0
2022-09-06 00:00:00-04:00,6.599999904632568,7.0,6.210000038146973,6.610000133514404,30230,0.0,0.0
2022-09-07 00:00:00-04:00,6.5,6.570000171661377,6.199999809265137,6.239999771118164,20930,0.0,0.0
2022-09-08 00:00:00-04:00,6.329999923706055,6.900000095367432,6.329999923706055,6.900000095367432,22130,0.0,0.0
2022-09-09 00:00:00-04:00,6.699999809265137,7.099999904632568,6.699999809265137,7.0,25490,0.0,0.0
2022-09-12 00:00:00-04:00,7.099999904632568,7.800000190734863,7.099999904632568,7.590000152587891,37470,0.0,0.0
2022-09-13 00:00:00-04:00,7.269999980926514,7.519999980926514,7.110000133514404,7.519999980926514,22760,0.0,0.0
2022-09-14 00:00:00-04:00,7.199999809265137,8.5,7.199999809265137,8.0,53120,0.0,0.0
2022-09-15 00:00:00-04:00,8.0,8.399999618530273,7.900000095367432,7.900000095367432,31010,0.0,0.0
2022-09-16 00:00:00-04:00,7.659999847412109,7.849999904632568,7.300000190734863,7.300000190734863,25080,0.0,0.0
2022-09-19 00:00:00-04:00,7.300000190734863,7.480000019073486,6.960000038146973,6.960000038146973,30760,0.0,0.0
2022-09-20 00:00:00-04:00,7.0,7.199999809265137,7.0,7.099999904632568,13770,0.0,0.0
2022-09-21 00:00:00-04:00,7.150000095367432,7.199999809265137,6.900000095367432,7.059999942779541,21590,0.0,0.0
2022-09-22 00:00:00-04:00,7.0,7.150000095367432,5.809999942779541,6.5,42320,0.0,0.0
2022-09-23 00:00:00-04:00,6.400000095367432,7.0,6.269999980926514,6.75,26020,0.0,0.0
2022-09-26 00:00:00-04:00,6.699999809265137,7.300000190734863,6.510000228881836,7.28000020980835,53170,0.0,0.0
2022-09-27 00:00:00-04:00,7.199999809265137,7.28000020980835,6.900000095367432,7.039999961853027,8580,0.0,0.0
2022-09-28 00:00:00-04:00,7.0,7.5,6.699999809265137,7.199999809265137,29550,0.0,0.0
2022-09-29 00:00:00-04:00,7.099999904632568,7.360000133514404,7.0,7.25,14660,0.0,0.0
2022-09-30 00:00:00-04:00,7.199999809265137,7.900000095367432,7.199999809265137,7.400000095367432,32030,0.0,0.0
2022-10-03 00:00:00-04:00,7.5,7.800000190734863,7.210000038146973,7.550000190734863,11700,0.0,0.0
2022-10-04 00:00:00-04:00,7.480000019073486,7.800000190734863,7.409999847412109,7.650000095367432,21510,0.0,0.0
2022-10-05 00:00:00-04:00,7.75,7.929999828338623,7.650000095367432,7.699999809265137,14120,0.0,0.0
2022-10-06 00:00:00-04:00,7.699999809265137,7.900000095367432,7.5,7.900000095367432,15310,0.0,0.0
2022-10-07 00:00:00-04:00,7.900000095367432,7.900000095367432,7.699999809265137,7.800000190734863,8530,0.0,0.0
2022-10-10 00:00:00-04:00,8.0,8.0,7.349999904632568,7.699999809265137,13290,0.0,0.0
2022-10-11 00:00:00-04:00,8.0,8.0,7.599999904632568,7.599999904632568,16570,0.0,0.0
2022-10-12 00:00:00-04:00,7.599999904632568,7.800000190734863,7.309999942779541,7.690000057220459,12980,0.0,0.0
2022-10-13 00:00:00-04:00,7.400000095367432,7.699999809265137,7.400000095367432,7.639999866485596,8810,0.0,0.0
2022-10-14 00:00:00-04:00,7.639999866485596,7.789999961853027,7.300000190734863,7.519999980926514,12720,0.0,0.0
2022-10-17 00:00:00-04:00,7.599999904632568,7.900000095367432,7.53000020980835,7.800000190734863,7670,0.0,0.0
2022-10-18 00:00:00-04:00,7.699999809265137,8.100000381469727,7.519999980926514,7.71999979019165,15890,0.0,0.0
2022-10-19 00:00:00-04:00,7.489999771118164,7.800000190734863,7.320000171661377,7.5,8720,0.0,0.0
2022-10-20 00:00:00-04:00,7.5,7.900000095367432,7.5,7.599999904632568,11970,0.0,0.0
2022-10-21 00:00:00-04:00,7.590000152587891,7.800000190734863,7.300000190734863,7.5,14800,0.0,0.0
2022-10-24 00:00:00-04:00,7.5,8.0,7.400000095367432,7.929999828338623,16430,0.0,0.0
2022-10-25 00:00:00-04:00,7.699999809265137,8.420000076293945,7.699999809265137,7.849999904632568,21790,0.0,0.0
2022-10-26 00:00:00-04:00,7.800000190734863,8.399999618530273,7.5,7.800000190734863,40090,0.0,0.0
2022-10-27 00:00:00-04:00,7.980000019073486,7.980000019073486,7.599999904632568,7.900000095367432,15590,0.0,0.0
2022-10-28 00:00:00-04:00,7.900000095367432,8.300000190734863,7.800000190734863,8.100000381469727,19400,0.0,0.0
2022-10-31 00:00:00-04:00,8.199999809265137,8.399999618530273,7.900000095367432,8.100000381469727,11370,0.0,0.0
2022-11-01 00:00:00-04:00,8.100000381469727,9.5,8.0,9.300000190734863,47270,0.0,0.0
2022-11-02 00:00:00-04:00,9.100000381469727,9.399999618530273,8.619999885559082,9.1899995803833,32440,0.0,0.0
2022-11-03 00:00:00-04:00,9.149999618530273,9.449999809265137,8.699999809265137,8.930000305175781,22230,0.0,0.0
2022-11-04 00:00:00-04:00,8.899999618530273,8.970000267028809,8.119999885559082,8.300000190734863,22590,0.0,0.0
2022-11-07 00:00:00-05:00,8.5,9.130000114440918,8.449999809265137,8.850000381469727,19970,0.0,0.0
2022-11-08 00:00:00-05:00,8.800000190734863,8.899999618530273,8.300000190734863,8.550000190734863,13970,0.0,0.0
2022-11-09 00:00:00-05:00,9.039999961853027,9.039999961853027,8.59000015258789,8.699999809265137,25980,0.0,0.0
2022-11-10 00:00:00-05:00,8.699999809265137,8.880000114440918,8.5,8.819999694824219,11150,0.0,0.0
2022-11-11 00:00:00-05:00,8.779999732971191,10.300000190734863,8.699999809265137,10.0,60260,0.0,0.0
2022-11-14 00:00:00-05:00,10.0,10.0,8.699999809265137,9.0,49670,0.0,0.0
2022-11-15 00:00:00-05:00,9.100000381469727,9.600000381469727,9.0,9.319999694824219,13340,0.0,0.0
2022-11-16 00:00:00-05:00,9.399999618530273,10.699999809265137,9.050000190734863,10.5,99250,0.0,0.0
2022-11-17 00:00:00-05:00,10.800000190734863,13.100000381469727,10.0,12.199999809265137,137850,0.0,0.0
2022-11-18 00:00:00-05:00,12.399999618530273,13.399999618530273,11.0,11.399999618530273,85880,0.0,0.0
2022-11-21 00:00:00-05:00,11.399999618530273,11.800000190734863,9.649999618530273,10.050000190734863,46830,0.0,0.0
2022-11-22 00:00:00-05:00,11.199999809265137,11.300000190734863,10.5,10.699999809265137,45040,0.0,0.0
2022-11-23 00:00:00-05:00,10.899999618530273,11.100000381469727,10.600000381469727,10.899999618530273,17910,0.0,0.0
2022-11-25 00:00:00-05:00,10.899999618530273,11.5,10.680000305175781,11.5,17680,0.0,0.0
2022-11-28 00:00:00-05:00,11.300000190734863,13.100000381469727,11.289999961853027,12.5,105980,0.0,0.0
2022-11-29 00:00:00-05:00,13.0,15.399999618530273,12.600000381469727,13.800000190734863,153110,0.0,0.0
2022-11-30 00:00:00-05:00,14.600000381469727,15.100000381469727,14.100000381469727,14.399999618530273,54690,0.0,0.0
2022-12-01 00:00:00-05:00,15.0,15.0,14.010000228881836,14.800000190734863,37180,0.0,0.0
2022-12-02 00:00:00-05:00,14.699999809265137,14.699999809265137,13.0,13.800000190734863,41570,0.0,0.0
2022-12-05 00:00:00-05:00,14.0,14.199999809265137,13.5,14.0,21120,0.0,0.0
2022-12-06 00:00:00-05:00,14.199999809265137,14.699999809265137,13.930000305175781,14.600000381469727,44840,0.0,0.0
2022-12-07 00:00:00-05:00,14.399999618530273,14.600000381469727,13.100000381469727,14.399999618530273,31100,0.0,0.0
2022-12-08 00:00:00-05:00,14.100000381469727,14.5,13.800000190734863,14.199999809265137,25060,0.0,0.0
2022-12-09 00:00:00-05:00,14.100000381469727,14.100000381469727,13.300000190734863,13.399999618530273,27800,0.0,0.0
2022-12-12 00:00:00-05:00,13.399999618530273,13.859999656677246,12.300000190734863,12.399999618530273,32980,0.0,0.0
2022-12-13 00:00:00-05:00,12.300000190734863,12.899999618530273,10.5,11.0,80550,0.0,0.0
2022-12-14 00:00:00-05:00,11.300000190734863,11.300000190734863,11.0,11.300000190734863,17180,0.0,0.0
2022-12-15 00:00:00-05:00,11.100000381469727,11.399999618530273,10.600000381469727,10.899999618530273,18230,0.0,0.0
2022-12-16 00:00:00-05:00,10.699999809265137,12.199999809265137,10.100000381469727,11.5,77230,0.0,0.0
2022-12-19 00:00:00-05:00,12.0,12.210000038146973,10.300000190734863,10.699999809265137,41910,0.0,0.0
2022-12-20 00:00:00-05:00,10.699999809265137,12.199999809265137,10.699999809265137,11.399999618530273,38980,0.0,0.0
2022-12-21 00:00:00-05:00,11.399999618530273,12.0,11.100000381469727,11.100000381469727,12330,0.0,0.0
2022-12-22 00:00:00-05:00,11.100000381469727,11.100000381469727,10.399999618530273,10.800000190734863,17040,0.0,0.0
2022-12-23 00:00:00-05:00,10.600000381469727,11.0,10.470000267028809,10.800000190734863,16980,0.0,0.0
2022-12-27 00:00:00-05:00,11.0,11.800000190734863,10.300000190734863,11.0,23560,0.0,0.0
2022-12-28 00:00:00-05:00,11.399999618530273,12.0,10.59000015258789,11.0,22200,0.0,0.0
2022-12-29 00:00:00-05:00,10.800000190734863,11.300000190734863,10.699999809265137,10.899999618530273,15040,0.0,0.0
2022-12-30 00:00:00-05:00,10.899999618530273,11.300000190734863,10.699999809265137,11.100000381469727,24800,0.0,0.0
2023-01-03 00:00:00-05:00,11.399999618530273,12.800000190734863,11.199999809265137,12.100000381469727,139620,0.0,0.0
2023-01-04 00:00:00-05:00,11.100000381469727,12.100000381469727,11.100000381469727,11.800000190734863,29700,0.0,0.0
2023-01-05 00:00:00-05:00,11.800000190734863,11.800000190734863,11.0,11.0,17730,0.0,0.0
2023-01-06 00:00:00-05:00,11.100000381469727,11.800000190734863,11.100000381469727,11.600000381469727,13490,0.0,0.0
2023-01-09 00:00:00-05:00,11.399999618530273,11.800000190734863,11.0,11.600000381469727,22360,0.0,0.0
2023-01-10 00:00:00-05:00,11.699999809265137,12.800000190734863,11.5,12.5,31190,0.0,0.0
2023-01-11 00:00:00-05:00,12.899999618530273,13.350000381469727,12.199999809265137,12.899999618530273,29040,0.0,0.0
2023-01-12 00:00:00-05:00,13.0,13.199999809265137,12.5,13.199999809265137,16190,0.0,0.0
2023-01-13 00:00:00-05:00,13.199999809265137,14.100000381469727,13.0,14.0,37670,0.0,0.0
2023-01-17 00:00:00-05:00,13.800000190734863,13.869999885559082,12.819999694824219,13.399999618530273,19710,0.0,0.0
2023-01-18 00:00:00-05:00,13.100000381469727,13.5,11.899999618530273,12.5,16960,0.0,0.0
2023-01-19 00:00:00-05:00,12.800000190734863,13.0,11.899999618530273,12.600000381469727,134000,0.0,0.0
2023-01-20 00:00:00-05:00,12.300000190734863,13.149999618530273,12.210000038146973,13.0,20590,0.0,0.0
2023-01-23 00:00:00-05:00,13.0,13.199999809265137,12.5,12.600000381469727,18660,0.0,0.0
2023-01-24 00:00:00-05:00,12.5,13.100000381469727,12.199999809265137,12.800000190734863,19200,0.0,0.0
2023-01-25 00:00:00-05:00,12.699999809265137,12.800000190734863,12.199999809265137,12.800000190734863,10990,0.0,0.0
2023-01-26 00:00:00-05:00,12.800000190734863,12.800000190734863,12.0,12.5,7980,0.0,0.0
2023-01-27 00:00:00-05:00,12.199999809265137,12.600000381469727,11.800000190734863,12.300000190734863,24690,0.0,0.0
2023-01-30 00:00:00-05:00,12.399999618530273,12.399999618530273,12.0,12.199999809265137,12290,0.0,0.0
2023-01-31 00:00:00-05:00,12.5,12.899999618530273,11.5,11.699999809265137,20180,0.0,0.0
2023-02-01 00:00:00-05:00,11.800000190734863,12.300000190734863,11.710000038146973,11.800000190734863,7540,0.0,0.0
2023-02-02 00:00:00-05:00,11.699999809265137,12.5,11.699999809265137,12.5,20590,0.0,0.0
2023-02-03 00:00:00-05:00,12.399999618530273,12.699999809265137,12.0,12.5,13490,0.0,0.0
2023-02-06 00:00:00-05:00,12.300000190734863,12.600000381469727,12.100000381469727,12.5,7350,0.0,0.0
2023-02-07 00:00:00-05:00,12.600000381469727,12.800000190734863,11.600000381469727,12.300000190734863,15110,0.0,0.0
2023-02-08 00:00:00-05:00,11.5,12.199999809265137,10.699999809265137,11.0,33630,0.0,0.0
2023-02-09 00:00:00-05:00,11.300000190734863,11.600000381469727,10.800000190734863,11.300000190734863,14980,0.0,0.0
2023-02-10 00:00:00-05:00,11.0,11.800000190734863,10.800000190734863,11.199999809265137,14040,0.0,0.0
2023-02-13 00:00:00-05:00,11.199999809265137,11.699999809265137,11.0600004196167,11.399999618530273,8370,0.0,0.0
2023-02-14 00:00:00-05:00,11.199999809265137,11.399999618530273,10.600000381469727,10.899999618530273,12500,0.0,0.0
2023-02-15 00:00:00-05:00,10.899999618530273,11.300000190734863,10.199999809265137,10.699999809265137,17730,0.0,0.0
2023-02-16 00:00:00-05:00,10.800000190734863,11.0,10.399999618530273,10.800000190734863,9810,0.0,0.0
2023-02-17 00:00:00-05:00,10.600000381469727,11.600000381469727,10.5,11.100000381469727,16800,0.0,0.0
2023-02-21 00:00:00-05:00,11.399999618530273,11.399999618530273,10.800000190734863,10.899999618530273,9590,0.0,0.0
2023-02-22 00:00:00-05:00,11.0,11.100000381469727,10.699999809265137,10.899999618530273,9900,0.0,0.0
2023-02-23 00:00:00-05:00,10.800000190734863,11.0,10.300000190734863,10.399999618530273,12910,0.0,0.0
2023-02-24 00:00:00-05:00,10.5,10.699999809265137,10.0,10.0,9020,0.0,0.0
2023-02-27 00:00:00-05:00,10.300000190734863,10.399999618530273,10.0,10.100000381469727,5690,0.0,0.0
2023-02-28 00:00:00-05:00,10.800000190734863,10.800000190734863,10.199999809265137,10.199999809265137,6370,0.0,0.0
2023-03-01 00:00:00-05:00,10.199999809265137,10.5,8.899999618530273,9.300000190734863,33200,0.0,0.0
2023-03-02 00:00:00-05:00,9.0,9.0,7.599999904632568,7.699999809265137,59490,0.0,0.0
2023-03-03 00:00:00-05:00,8.300000190734863,8.34000015258789,7.710000038146973,8.0,14720,0.0,0.0
2023-03-06 00:00:00-05:00,7.940000057220459,8.0,7.699999809265137,7.769999980926514,17800,0.0,0.0
2023-03-07 00:00:00-05:00,7.960000038146973,8.0,7.099999904632568,7.199999809265137,22670,0.0,0.0
2023-03-08 00:00:00-05:00,7.099999904632568,7.489999771118164,7.099999904632568,7.199999809265137,13850,0.0,0.0
2023-03-09 00:00:00-05:00,7.389999866485596,7.5,7.099999904632568,7.099999904632568,10960,0.0,0.0
2023-03-10 00:00:00-05:00,7.099999904632568,7.199999809265137,6.579999923706055,6.699999809265137,14110,0.0,0.0
2023-03-13 00:00:00-04:00,6.639999866485596,6.900000095367432,6.5,6.630000114440918,9350,0.0,0.0
2023-03-14 00:00:00-04:00,6.940000057220459,7.300000190734863,6.940000057220459,6.940000057220459,13760,0.0,0.0
2023-03-15 00:00:00-04:00,6.699999809265137,7.099999904632568,6.699999809265137,6.800000190734863,17210,0.0,0.0
2023-03-16 00:00:00-04:00,7.099999904632568,7.099999904632568,6.800000190734863,6.869999885559082,11320,0.0,0.0
2023-03-17 00:00:00-04:00,7.0,7.199999809265137,6.900000095367432,7.099999904632568,12500,0.0,0.0
2023-03-20 00:00:00-04:00,7.110000133514404,7.199999809265137,6.900000095367432,7.0,13950,0.0,0.0
2023-03-21 00:00:00-04:00,7.199999809265137,7.199999809265137,6.800000190734863,6.800000190734863,14910,0.0,0.0
2023-03-22 00:00:00-04:00,6.900000095367432,7.199999809265137,6.599999904632568,7.199999809265137,13640,0.0,0.0
2023-03-23 00:00:00-04:00,7.099999904632568,7.199999809265137,6.889999866485596,7.0,10790,0.0,0.0
2023-03-24 00:00:00-04:00,7.199999809265137,7.300000190734863,7.0,7.300000190734863,6740,0.0,0.0
2023-03-27 00:00:00-04:00,7.599999904632568,7.699999809265137,7.110000133514404,7.269999980926514,18100,0.0,0.0
2023-03-28 00:00:00-04:00,7.300000190734863,7.400000095367432,7.019999980926514,7.25,10870,0.0,0.0
2023-03-29 00:00:00-04:00,7.199999809265137,7.630000114440918,7.150000095367432,7.5,13460,0.0,0.0
2023-03-30 00:00:00-04:00,7.519999980926514,7.699999809265137,7.150000095367432,7.369999885559082,28200,0.0,0.0
2023-03-31 00:00:00-04:00,7.300000190734863,7.5,6.179999828338623,6.590000152587891,72790,0.0,0.0
2023-04-03 00:00:00-04:00,6.5,6.5,6.199999809265137,6.21999979019165,24380,0.0,0.0
2023-04-04 00:00:00-04:00,6.28000020980835,6.28000020980835,4.940000057220459,5.789999961853027,33170,0.0,0.0
2023-04-05 00:00:00-04:00,5.599999904632568,5.820000171661377,5.400000095367432,5.5,8190,0.0,0.0
2023-04-06 00:00:00-04:00,5.699999809265137,5.900000095367432,5.5,5.789999961853027,8420,0.0,0.0
2023-04-10 00:00:00-04:00,5.900000095367432,6.03000020980835,5.5,5.699999809265137,13500,0.0,0.0
2023-04-11 00:00:00-04:00,5.710000038146973,6.300000190734863,5.710000038146973,6.199999809265137,10450,0.0,0.0
2023-04-12 00:00:00-04:00,6.400000095367432,6.5,6.099999904632568,6.199999809265137,8750,0.0,0.0
2023-04-13 00:00:00-04:00,6.019999980926514,6.5,6.019999980926514,6.300000190734863,7950,0.0,0.0
2023-04-14 00:00:00-04:00,6.480000019073486,6.670000076293945,6.079999923706055,6.190000057220459,10420,0.0,0.0
2023-04-17 00:00:00-04:00,6.300000190734863,6.409999847412109,6.0,6.400000095367432,8270,0.0,0.0
2023-04-18 00:00:00-04:00,6.320000171661377,6.5,5.920000076293945,6.300000190734863,6700,0.0,0.0
2023-04-19 00:00:00-04:00,6.300000190734863,6.349999904632568,6.139999866485596,6.349999904632568,2540,0.0,0.0
2023-04-20 00:00:00-04:00,6.199999809265137,6.400000095367432,5.820000171661377,6.0,4840,0.0,0.0
2023-04-21 00:00:00-04:00,6.300000190734863,6.400000095367432,5.800000190734863,6.0,9070,0.0,0.0
2023-04-24 00:00:00-04:00,5.699999809265137,6.190000057220459,5.699999809265137,5.829999923706055,9460,0.0,0.0
2023-04-25 00:00:00-04:00,6.0,6.25,5.900000095367432,6.139999866485596,9500,0.0,0.0
2023-04-26 00:00:00-04:00,6.099999904632568,6.199999809265137,5.78000020980835,5.909999847412109,9230,0.0,0.0
2023-04-27 00:00:00-04:00,5.800000190734863,5.829999923706055,5.679999828338623,5.699999809265137,7110,0.0,0.0
2023-04-28 00:00:00-04:00,5.699999809265137,6.0,5.699999809265137,5.809999942779541,8370,0.0,0.0
2023-05-01 00:00:00-04:00,5.699999809265137,6.0,5.699999809265137,5.710000038146973,5440,0.0,0.0
2023-05-02 00:00:00-04:00,6.0,6.789999961853027,5.800000190734863,6.449999809265137,22080,0.0,0.0
2023-05-03 00:00:00-04:00,6.0,6.769999980926514,5.78000020980835,5.96999979019165,19810,0.0,0.0
2023-05-04 00:00:00-04:00,6.0,6.199999809265137,5.900000095367432,6.0,8240,0.0,0.0
2023-05-05 00:00:00-04:00,6.199999809265137,6.300000190734863,6.0,6.119999885559082,9790,0.0,0.0
2023-05-08 00:00:00-04:00,6.199999809265137,6.400000095367432,6.0,6.199999809265137,14030,0.0,0.0
2023-05-09 00:00:00-04:00,6.300000190734863,6.300000190734863,6.050000190734863,6.199999809265137,5440,0.0,0.0
2023-05-10 00:00:00-04:00,6.099999904632568,6.400000095367432,5.900000095367432,6.25,17920,0.0,0.0
2023-05-11 00:00:00-04:00,6.099999904632568,6.5,6.039999961853027,6.130000114440918,6180,0.0,0.0
2023-05-12 00:00:00-04:00,6.099999904632568,6.429999828338623,6.0,6.300000190734863,6050,0.0,0.0
2023-05-15 00:00:00-04:00,6.400000095367432,7.239999771118164,6.309999942779541,6.96999979019165,30700,0.0,0.0
2023-05-16 00:00:00-04:00,7.400000095367432,7.400000095367432,6.269999980926514,6.460000038146973,17960,0.0,0.0
2023-05-17 00:00:00-04:00,6.5,6.829999923706055,6.300000190734863,6.800000190734863,10230,0.0,0.0
2023-05-18 00:00:00-04:00,6.800000190734863,6.800000190734863,6.599999904632568,6.800000190734863,13660,0.0,0.0
2023-05-19 00:00:00-04:00,7.079999923706055,7.21999979019165,6.699999809265137,7.199999809265137,6100,0.0,0.0
2023-05-22 00:00:00-04:00,6.849999904632568,7.0,6.699999809265137,6.849999904632568,20220,0.0,0.0
2023-05-23 00:00:00-04:00,6.800000190734863,7.199999809265137,6.599999904632568,6.650000095367432,21370,0.0,0.0
2023-05-24 00:00:00-04:00,6.889999866485596,6.889999866485596,6.539999961853027,6.699999809265137,6390,0.0,0.0
2023-05-25 00:00:00-04:00,6.900000095367432,6.900000095367432,6.599999904632568,6.769999980926514,12370,0.0,0.0
2023-05-26 00:00:00-04:00,7.0,7.0,6.769999980926514,7.0,8780,0.0,0.0
2023-05-30 00:00:00-04:00,6.670000076293945,7.0,6.670000076293945,7.0,4160,0.0,0.0
2023-05-31 00:00:00-04:00,6.800000190734863,7.0,6.599999904632568,7.0,8220,0.0,0.0
2023-06-01 00:00:00-04:00,7.199999809265137,7.400000095367432,6.880000114440918,7.300000190734863,16700,0.0,0.0
2023-06-02 00:00:00-04:00,7.300000190734863,12.0,7.230000019073486,8.899999618530273,348720,0.0,0.0
2023-06-05 00:00:00-04:00,8.819999694824219,9.539999961853027,6.519999980926514,6.519999980926514,249810,0.0,0.0
2023-06-06 00:00:00-04:00,6.5,6.5,4.900000095367432,5.300000190734863,198240,0.0,0.0
2023-06-07 00:00:00-04:00,5.239999771118164,5.5,5.199999809265137,5.25,83860,0.0,0.0
2023-06-08 00:00:00-04:00,5.320000171661377,5.46999979019165,5.199999809265137,5.289999961853027,38050,0.0,0.0
2023-06-09 00:00:00-04:00,5.5,5.5,5.099999904632568,5.110000133514404,46200,0.0,0.0
2023-06-12 00:00:00-04:00,5.400000095367432,5.429999828338623,5.199999809265137,5.349999904632568,31110,0.0,0.0
2023-06-13 00:00:00-04:00,5.480000019073486,5.480000019073486,5.25,5.360000133514404,31380,0.0,0.0
2023-06-14 00:00:00-04:00,5.400000095367432,5.5,5.300000190734863,5.409999847412109,44520,0.0,0.0
2023-06-15 00:00:00-04:00,5.489999771118164,5.489999771118164,5.289999961853027,5.300000190734863,42940,0.0,0.0
2023-06-16 00:00:00-04:00,5.489999771118164,5.5,5.099999904632568,5.199999809265137,44660,0.0,0.0
2023-06-20 00:00:00-04:00,5.5,5.5,5.119999885559082,5.119999885559082,13190,0.0,0.0
2023-06-21 00:00:00-04:00,5.159999847412109,5.199999809265137,5.0,5.0,34530,0.0,0.0
2023-06-22 00:00:00-04:00,5.079999923706055,5.400000095367432,5.0,5.199999809265137,26830,0.0,0.0
2023-06-23 00:00:00-04:00,5.0,5.300000190734863,5.0,5.019999980926514,20500,0.0,0.0
2023-06-26 00:00:00-04:00,5.019999980926514,5.300000190734863,5.0,5.0,18510,0.0,0.0
2023-06-27 00:00:00-04:00,5.099999904632568,5.25,4.809999942779541,4.889999866485596,37770,0.0,0.0
2023-06-28 00:00:00-04:00,4.96999979019165,4.96999979019165,4.599999904632568,4.599999904632568,36680,0.0,0.0
2023-06-29 00:00:00-04:00,4.599999904632568,5.0,4.599999904632568,4.900000095367432,14670,0.0,0.0
2023-06-30 00:00:00-04:00,4.909999847412109,4.960000038146973,4.800000190734863,4.840000152587891,4630,0.0,0.0
2023-07-03 00:00:00-04:00,4.800000190734863,5.0,4.699999809265137,4.980000019073486,9130,0.0,0.0
2023-07-05 00:00:00-04:00,4.940000057220459,5.010000228881836,4.800000190734863,4.800000190734863,9150,0.0,0.0
2023-07-06 00:00:00-04:00,5.0,5.050000190734863,4.599999904632568,4.699999809265137,22840,0.0,0.0
2023-07-07 00:00:00-04:00,5.0,5.0,4.110000133514404,4.590000152587891,34620,0.0,0.0
2023-07-10 00:00:00-04:00,4.550000190734863,4.699999809265137,4.400000095367432,4.599999904632568,19770,0.0,0.0
2023-07-11 00:00:00-04:00,4.610000133514404,4.699999809265137,4.400000095367432,4.409999847412109,33010,0.0,0.0
2023-07-12 00:00:00-04:00,4.449999809265137,4.699999809265137,3.609999895095825,3.809999942779541,102550,0.0,0.0
2023-07-13 00:00:00-04:00,3.8299999237060547,4.300000190734863,3.700000047683716,3.990000009536743,83120,0.0,0.0
2023-07-14 00:00:00-04:00,4.099999904632568,4.099999904632568,3.5999999046325684,3.700000047683716,88960,0.0,0.0
2023-07-17 00:00:00-04:00,3.890000104904175,4.0,3.700000047683716,3.950000047683716,30220,0.0,0.0
2023-07-18 00:00:00-04:00,3.950000047683716,4.179999828338623,3.9000000953674316,4.110000133514404,23310,0.0,0.0
2023-07-19 00:00:00-04:00,4.0,4.300000190734863,4.0,4.090000152587891,22440,0.0,0.0
2023-07-20 00:00:00-04:00,4.300000190734863,4.300000190734863,4.0,4.059999942779541,19200,0.0,0.0
2023-07-21 00:00:00-04:00,4.099999904632568,4.480000019073486,4.070000171661377,4.119999885559082,29680,0.0,0.0
2023-07-24 00:00:00-04:00,4.199999809265137,4.25,3.9000000953674316,3.9000000953674316,18540,0.0,0.0
2023-07-25 00:00:00-04:00,3.809999942779541,3.990000009536743,3.700000047683716,3.7100000381469727,44140,0.0,0.0
2023-07-26 00:00:00-04:00,3.8499999046325684,3.9000000953674316,3.6500000953674316,3.75,16700,0.0,0.0
2023-07-27 00:00:00-04:00,3.8499999046325684,3.8499999046325684,3.5,3.509999990463257,53220,0.0,0.0
2023-07-28 00:00:00-04:00,3.509999990463257,3.700000047683716,3.5,3.559999942779541,25500,0.0,0.0
2023-07-31 00:00:00-04:00,3.6600000858306885,4.050000190734863,3.609999895095825,3.9000000953674316,67420,0.0,0.0
2023-08-01 00:00:00-04:00,4.0,4.0,3.7799999713897705,3.990000009536743,21180,0.0,0.0
2023-08-02 00:00:00-04:00,3.75,3.940000057220459,3.6500000953674316,3.799999952316284,23020,0.0,0.0
2023-08-03 00:00:00-04:00,3.799999952316284,3.880000114440918,3.740000009536743,3.740000009536743,9750,0.0,0.0
2023-08-04 00:00:00-04:00,3.700000047683716,3.75,3.4800000190734863,3.5,34870,0.0,0.0
2023-08-07 00:00:00-04:00,3.799999952316284,3.799999952316284,3.2200000286102295,3.2699999809265137,180120,0.0,0.0
2023-08-08 00:00:00-04:00,3.390000104904175,3.4000000953674316,3.0999999046325684,3.119999885559082,54540,0.0,0.0
2023-08-09 00:00:00-04:00,3.200000047683716,3.200000047683716,3.0299999713897705,3.0899999141693115,35930,0.0,0.0
2023-08-10 00:00:00-04:00,3.180000066757202,3.299999952316284,3.049999952316284,3.0999999046325684,30080,0.0,0.0
2023-08-11 00:00:00-04:00,3.0999999046325684,3.299999952316284,3.0299999713897705,3.299999952316284,19720,0.0,0.0
2023-08-14 00:00:00-04:00,3.3399999141693115,3.5999999046325684,3.200000047683716,3.309999942779541,77390,0.0,0.0
2023-08-15 00:00:00-04:00,3.259999990463257,3.4000000953674316,3.0,3.4000000953674316,61740,0.0,0.0
2023-08-16 00:00:00-04:00,3.4000000953674316,3.5,3.049999952316284,3.2699999809265137,35880,0.0,0.0
2023-08-17 00:00:00-04:00,3.299999952316284,3.4000000953674316,3.200000047683716,3.3499999046325684,23840,0.0,0.0
2023-08-18 00:00:00-04:00,3.299999952316284,3.390000104904175,3.200000047683716,3.25,22880,0.0,0.0
2023-08-21 00:00:00-04:00,3.259999990463257,3.299999952316284,3.0199999809265137,3.180000066757202,48590,0.0,0.0
2023-08-22 00:00:00-04:00,3.25,3.3499999046325684,2.9000000953674316,3.0199999809265137,139540,0.0,0.0
2023-08-23 00:00:00-04:00,3.0999999046325684,3.4000000953674316,2.7300000190734863,2.8399999141693115,163350,0.0,0.0
2023-08-24 00:00:00-04:00,2.9000000953674316,3.6500000953674316,2.799999952316284,3.4000000953674316,1840740,0.0,0.0
2023-08-25 00:00:00-04:00,3.3499999046325684,3.450000047683716,3.0,3.200000047683716,730760,0.0,0.0
2023-08-28 00:00:00-04:00,3.1600000858306885,3.2300000190734863,2.7300000190734863,2.9600000381469727,486290,0.0,0.0
2023-08-29 00:00:00-04:00,3.0899999141693115,3.430000066757202,2.9100000858306885,3.3299999237060547,603960,0.0,0.0
2023-08-30 00:00:00-04:00,3.299999952316284,3.299999952316284,2.950000047683716,3.1700000762939453,308500,0.0,0.0
2023-08-31 00:00:00-04:00,3.0,3.1500000953674316,2.950000047683716,2.950000047683716,185650,0.0,0.0
2023-09-01 00:00:00-04:00,3.0,3.0,2.8399999141693115,2.9800000190734863,206620,0.0,0.0
2023-09-05 00:00:00-04:00,2.9200000762939453,3.0,2.6600000858306885,2.75,240990,0.0,0.0
2023-09-06 00:00:00-04:00,2.700000047683716,3.0299999713897705,2.549999952316284,2.6700000762939453,572980,0.0,0.0
2023-09-07 00:00:00-04:00,2.630000114440918,2.700000047683716,2.299999952316284,2.450000047683716,191270,0.0,0.0
2023-09-08 00:00:00-04:00,2.2100000381469727,2.5,2.2100000381469727,2.5,159960,0.0,0.0
2023-09-11 00:00:00-04:00,2.450000047683716,2.700000047683716,2.430000066757202,2.619999885559082,151850,0.0,0.0
2023-09-12 00:00:00-04:00,2.759999990463257,2.759999990463257,2.5,2.609999895095825,66680,0.0,0.0
2023-09-13 00:00:00-04:00,2.609999895095825,2.700000047683716,2.490000009536743,2.5299999713897705,53090,0.0,0.0
2023-09-14 00:00:00-04:00,2.509999990463257,2.690000057220459,2.509999990463257,2.5899999141693115,334980,0.0,0.0
2023-09-15 00:00:00-04:00,2.6500000953674316,3.0799999237060547,2.5999999046325684,2.8499999046325684,404260,0.0,0.0
2023-09-18 00:00:00-04:00,2.7799999713897705,2.799999952316284,2.549999952316284,2.569999933242798,109710,0.0,0.0
2023-09-19 00:00:00-04:00,2.5,2.700000047683716,2.430000066757202,2.4800000190734863,54270,0.0,0.0
2023-09-20 00:00:00-04:00,2.5,2.630000114440918,2.4800000190734863,2.5199999809265137,79180,0.0,0.0
2023-09-21 00:00:00-04:00,2.5,2.6600000858306885,2.5,2.5999999046325684,55710,0.0,0.0
2023-09-22 00:00:00-04:00,2.5999999046325684,2.619999885559082,2.5299999713897705,2.559999942779541,72920,0.0,0.0
2023-09-25 00:00:00-04:00,2.5,2.5799999237060547,2.299999952316284,2.319999933242798,60600,0.0,0.0
2023-09-26 00:00:00-04:00,2.380000114440918,2.440000057220459,2.309999942779541,2.369999885559082,29780,0.0,0.0
2023-09-27 00:00:00-04:00,2.359999895095825,2.700000047683716,2.359999895095825,2.509999990463257,37190,0.0,0.0
2023-09-28 00:00:00-04:00,2.4100000858306885,2.9000000953674316,2.4100000858306885,2.680000066757202,106590,0.0,0.0
2023-09-29 00:00:00-04:00,2.700000047683716,2.9000000953674316,2.5199999809265137,2.5999999046325684,67320,0.0,0.0
2023-10-02 00:00:00-04:00,2.7300000190734863,2.880000114440918,2.700000047683716,2.869999885559082,237880,0.0,0.0
2023-10-03 00:00:00-04:00,2.75,2.869999885559082,2.6500000953674316,2.680000066757202,67160,0.0,0.0
2023-10-04 00:00:00-04:00,2.5999999046325684,2.880000114440918,2.559999942779541,2.799999952316284,35890,0.0,0.0
2023-10-05 00:00:00-04:00,2.799999952316284,2.869999885559082,2.7200000286102295,2.75,22220,0.0,0.0
2023-10-06 00:00:00-04:00,2.799999952316284,2.8499999046325684,2.6500000953674316,2.740000009536743,29720,0.0,0.0
2023-10-09 00:00:00-04:00,2.759999990463257,2.8499999046325684,2.6500000953674316,2.7100000381469727,20730,0.0,0.0
2023-10-10 00:00:00-04:00,2.7100000381469727,2.7899999618530273,2.630000114440918,2.7300000190734863,44320,0.0,0.0
2023-10-11 00:00:00-04:00,2.7899999618530273,2.9000000953674316,2.700000047683716,2.8399999141693115,35830,0.0,0.0
2023-10-12 00:00:00-04:00,2.940000057220459,3.0999999046325684,2.8499999046325684,3.0299999713897705,146110,0.0,0.0
2023-10-13 00:00:00-04:00,2.869999885559082,3.0299999713897705,2.6600000858306885,2.75,41760,0.0,0.0
2023-10-16 00:00:00-04:00,2.7899999618530273,3.0,2.690000057220459,2.9700000286102295,41350,0.0,0.0
2023-10-17 00:00:00-04:00,2.799999952316284,3.0299999713897705,2.700000047683716,2.8399999141693115,68900,0.0,0.0
2023-10-18 00:00:00-04:00,2.799999952316284,2.950000047683716,2.75,2.8499999046325684,20940,0.0,0.0
2023-10-19 00:00:00-04:00,2.8499999046325684,2.950000047683716,2.809999942779541,2.8499999046325684,12000,0.0,0.0
2023-10-20 00:00:00-04:00,3.0299999713897705,3.0299999713897705,2.7799999713897705,3.0,44290,0.0,0.0
2023-10-23 00:00:00-04:00,2.9200000762939453,3.0,2.7100000381469727,2.8299999237060547,32430,0.0,0.0
2023-10-24 00:00:00-04:00,2.7899999618530273,2.799999952316284,2.700000047683716,2.7799999713897705,38380,0.0,0.0
2023-10-25 00:00:00-04:00,2.799999952316284,2.799999952316284,2.5999999046325684,2.619999885559082,30660,0.0,0.0
2023-10-26 00:00:00-04:00,2.799999952316284,2.880000114440918,2.700000047683716,2.799999952316284,22320,0.0,0.0
2023-10-27 00:00:00-04:00,2.759999990463257,3.1500000953674316,2.75,3.059999942779541,57830,0.0,0.0
2023-10-30 00:00:00-04:00,3.049999952316284,3.299999952316284,2.990000009536743,3.299999952316284,42410,0.0,0.0
2023-10-31 00:00:00-04:00,3.299999952316284,3.309999942779541,3.0199999809265137,3.25,44460,0.0,0.0
2023-11-01 00:00:00-04:00,3.119999885559082,3.240000009536743,3.0,3.059999942779541,20850,0.0,0.0
2023-11-02 00:00:00-04:00,3.0999999046325684,3.240000009536743,3.0,3.0799999237060547,28930,0.0,0.0
2023-11-03 00:00:00-04:00,3.1500000953674316,3.3499999046325684,3.0799999237060547,3.2799999713897705,35340,0.0,0.0
2023-11-06 00:00:00-05:00,3.200000047683716,3.5,3.1600000858306885,3.450000047683716,35640,0.0,0.0
2023-11-07 00:00:00-05:00,3.5,3.690000057220459,3.299999952316284,3.569999933242798,55120,0.0,0.0
2023-11-08 00:00:00-05:00,3.700000047683716,3.700000047683716,3.4000000953674316,3.559999942779541,32740,0.0,0.0
2023-11-09 00:00:00-05:00,3.5999999046325684,3.9000000953674316,2.799999952316284,3.1500000953674316,63680,0.0,0.0
2023-11-10 00:00:00-05:00,3.4000000953674316,3.4000000953674316,3.0999999046325684,3.299999952316284,20610,0.0,0.0
2023-11-13 00:00:00-05:00,3.2100000381469727,3.490000009536743,3.200000047683716,3.359999895095825,20410,0.0,0.0
2023-11-14 00:00:00-05:00,3.5,3.5,3.2699999809265137,3.5,44540,0.0,0.0
2023-11-15 00:00:00-05:00,3.4800000190734863,3.5899999141693115,3.0999999046325684,3.25,41720,0.0,0.0
2023-11-16 00:00:00-05:00,3.25,3.4000000953674316,2.8499999046325684,3.0299999713897705,38300,0.0,0.0
2023-11-17 00:00:00-05:00,3.119999885559082,3.4000000953674316,2.9100000858306885,3.0899999141693115,20440,0.0,0.0
2023-11-20 00:00:00-05:00,3.200000047683716,3.299999952316284,3.109999895095825,3.109999895095825,20280,0.0,0.0
2023-11-21 00:00:00-05:00,3.1500000953674316,3.299999952316284,2.9000000953674316,2.940000057220459,45820,0.0,0.0
2023-11-22 00:00:00-05:00,3.200000047683716,3.4000000953674316,2.950000047683716,2.9800000190734863,22960,0.0,0.0
2023-11-24 00:00:00-05:00,2.9800000190734863,3.25,2.9800000190734863,3.140000104904175,7030,0.0,0.0
2023-11-27 00:00:00-05:00,3.25,3.299999952316284,3.1500000953674316,3.2200000286102295,19940,0.0,0.0
2023-11-28 00:00:00-05:00,3.2200000286102295,3.380000114440918,3.180000066757202,3.3299999237060547,22520,0.0,0.0
2023-11-29 00:00:00-05:00,3.4000000953674316,3.4000000953674316,3.2100000381469727,3.4000000953674316,36070,0.0,0.0
2023-11-30 00:00:00-05:00,3.4100000858306885,3.5999999046325684,3.130000114440918,3.440000057220459,49930,0.0,0.0
2023-12-01 00:00:00-05:00,3.5,3.7799999713897705,3.430000066757202,3.6700000762939453,32580,0.0,0.0
2023-12-04 00:00:00-05:00,3.740000009536743,3.799999952316284,3.3399999141693115,3.490000009536743,47800,0.0,0.0
2023-12-05 00:00:00-05:00,3.2100000381469727,3.7899999618530273,3.200000047683716,3.4000000953674316,27500,0.0,0.0
2023-12-06 00:00:00-05:00,3.299999952316284,3.5,3.2799999713897705,3.319999933242798,15690,0.0,0.0
2023-12-07 00:00:00-05:00,3.2200000286102295,3.4800000190734863,3.200000047683716,3.299999952316284,34220,0.0,0.0
2023-12-08 00:00:00-05:00,3.390000104904175,3.4700000286102295,3.2300000190734863,3.319999933242798,14590,0.0,0.0
2023-12-11 00:00:00-05:00,3.4000000953674316,3.4800000190734863,3.2899999618530273,3.299999952316284,22070,0.0,0.0
2023-12-12 00:00:00-05:00,3.3499999046325684,3.440000057220459,3.200000047683716,3.25,7940,0.0,0.0
2023-12-13 00:00:00-05:00,3.200000047683716,3.4200000762939453,3.200000047683716,3.309999942779541,14980,0.0,0.0
2023-12-14 00:00:00-05:00,3.1600000858306885,3.5,3.1600000858306885,3.369999885559082,14570,0.0,0.0
2023-12-15 00:00:00-05:00,3.4000000953674316,3.490000009536743,3.390000104904175,3.390000104904175,28580,0.0,0.0
2023-12-18 00:00:00-05:00,4.389999866485596,4.769999980926514,3.700000047683716,4.210000038146973,2471750,0.0,0.0
2023-12-19 00:00:00-05:00,4.0,4.400000095367432,3.75,3.9000000953674316,286860,0.0,0.0
2023-12-20 00:00:00-05:00,3.8299999237060547,4.300000190734863,3.75,4.090000152587891,145950,0.0,0.0
2023-12-21 00:00:00-05:00,4.0,4.5,3.9000000953674316,4.309999942779541,89620,0.0,0.0
2023-12-22 00:00:00-05:00,4.159999847412109,4.639999866485596,4.159999847412109,4.519999980926514,79050,0.0,0.0
2023-12-26 00:00:00-05:00,4.550000190734863,4.829999923706055,4.409999847412109,4.670000076293945,109490,0.0,0.0
2023-12-27 00:00:00-05:00,4.699999809265137,4.849999904632568,4.409999847412109,4.739999771118164,74080,0.0,0.0
2023-12-28 00:00:00-05:00,4.75,4.849999904632568,4.579999923706055,4.639999866485596,34900,0.0,0.0
2023-12-29 00:00:00-05:00,4.519999980926514,4.679999828338623,4.309999942779541,4.599999904632568,48010,0.0,0.0
2024-01-02 00:00:00-05:00,4.599999904632568,5.269999980926514,4.559999942779541,4.989999771118164,176090,0.0,0.0
2024-01-03 00:00:00-05:00,5.0,5.03000020980835,4.610000133514404,4.849999904632568,49150,0.0,0.0
2024-01-04 00:00:00-05:00,4.78000020980835,4.949999809265137,4.5,4.579999923706055,53910,0.0,0.0
2024-01-05 00:00:00-05:00,4.570000171661377,4.599999904632568,4.099999904632568,4.159999847412109,65940,0.0,0.0
2024-01-08 00:00:00-05:00,4.349999904632568,4.590000152587891,4.119999885559082,4.360000133514404,44450,0.0,0.0
2024-01-09 00:00:00-05:00,4.5,4.5,4.199999809265137,4.260000228881836,23160,0.0,0.0
2024-01-10 00:00:00-05:00,4.349999904632568,4.579999923706055,4.300000190734863,4.46999979019165,26040,0.0,0.0
2024-01-11 00:00:00-05:00,4.5,4.550000190734863,4.110000133514404,4.150000095367432,35070,0.0,0.0
2024-01-12 00:00:00-05:00,4.199999809265137,4.369999885559082,4.199999809265137,4.28000020980835,17980,0.0,0.0
2024-01-16 00:00:00-05:00,4.260000228881836,4.46999979019165,4.010000228881836,4.260000228881836,130510,0.0,0.0
2024-01-17 00:00:00-05:00,4.0,4.300000190734863,4.0,4.289999961853027,19810,0.0,0.0
2024-01-18 00:00:00-05:00,4.369999885559082,4.400000095367432,4.099999904632568,4.28000020980835,19370,0.0,0.0
2024-01-19 00:00:00-05:00,4.239999771118164,4.400000095367432,4.039999961853027,4.25,34000,0.0,0.0
2024-01-22 00:00:00-05:00,4.5,4.900000095367432,4.300000190734863,4.380000114440918,86180,0.0,0.0
2024-01-23 00:00:00-05:00,4.5,4.699999809265137,4.079999923706055,4.199999809265137,50570,0.0,0.0
2024-01-24 00:00:00-05:00,4.210000038146973,4.5,4.199999809265137,4.389999866485596,26320,0.0,0.0
2024-01-25 00:00:00-05:00,4.309999942779541,4.599999904632568,3.75,4.179999828338623,88250,0.0,0.0
2024-01-26 00:00:00-05:00,4.099999904632568,4.170000076293945,3.5999999046325684,3.819999933242798,78480,0.0,0.0
2024-01-29 00:00:00-05:00,3.990000009536743,3.990000009536743,3.799999952316284,3.9200000762939453,20430,0.0,0.0
2024-01-30 00:00:00-05:00,3.9000000953674316,4.050000190734863,3.5999999046325684,3.75,33950,0.0,0.0
2024-01-31 00:00:00-05:00,3.9000000953674316,3.9000000953674316,3.5999999046325684,3.700000047683716,37080,0.0,0.0
2024-02-01 00:00:00-05:00,3.700000047683716,3.9000000953674316,3.630000114440918,3.740000009536743,16240,0.0,0.0
2024-02-02 00:00:00-05:00,3.8499999046325684,3.8499999046325684,3.700000047683716,3.7899999618530273,20620,0.0,0.0
2024-02-05 00:00:00-05:00,4.0,4.039999961853027,3.75,3.990000009536743,45870,0.0,0.0
2024-02-06 00:00:00-05:00,3.990000009536743,3.990000009536743,3.799999952316284,3.930000066757202,22150,0.0,0.0
2024-02-07 00:00:00-05:00,3.930000066757202,4.099999904632568,3.8499999046325684,4.059999942779541,46270,0.0,0.0
2024-02-08 00:00:00-05:00,3.990000009536743,4.800000190734863,3.990000009536743,4.639999866485596,161780,0.0,0.0
2024-02-09 00:00:00-05:00,4.840000152587891,5.300000190734863,4.809999942779541,5.119999885559082,223820,0.0,0.0
2024-02-12 00:00:00-05:00,5.300000190734863,5.599999904632568,4.650000095367432,4.800000190734863,272470,0.0,0.0
2024-02-13 00:00:00-05:00,4.889999866485596,5.0,4.699999809265137,5.0,41170,0.0,0.0
2024-02-14 00:00:00-05:00,5.0,5.0,4.630000114440918,4.920000076293945,87390,0.0,0.0
2024-02-15 00:00:00-05:00,4.900000095367432,4.980000019073486,4.760000228881836,4.840000152587891,94860,0.0,0.0
2024-02-16 00:00:00-05:00,4.900000095367432,4.900000095367432,4.679999828338623,4.710000038146973,65900,0.0,0.0
2024-02-20 00:00:00-05:00,4.690000057220459,4.940000057220459,4.21999979019165,4.5,114740,0.0,0.0
2024-02-21 00:00:00-05:00,4.690000057220459,4.690000057220459,4.400000095367432,4.460000038146973,16510,0.0,0.0
2024-02-22 00:00:00-05:00,4.579999923706055,4.630000114440918,4.340000152587891,4.400000095367432,53480,0.0,0.0
2024-02-23 00:00:00-05:00,4.400000095367432,4.78000020980835,4.309999942779541,4.400000095367432,68710,0.0,0.0
2024-02-26 00:00:00-05:00,4.699999809265137,4.739999771118164,4.25,4.28000020980835,91170,0.0,0.0
2024-02-27 00:00:00-05:00,2.930000066757202,3.0799999237060547,2.799999952316284,2.940000057220459,661050,0.0,0.0
2024-02-28 00:00:00-05:00,3.0,3.0999999046325684,2.9200000762939453,3.049999952316284,143920,0.0,0.0
2024-02-29 00:00:00-05:00,3.069999933242798,3.5999999046325684,3.049999952316284,3.5899999141693115,276500,0.0,0.0
2024-03-01 00:00:00-05:00,3.700000047683716,4.440000057220459,3.700000047683716,4.380000114440918,402420,0.0,0.0
2024-03-04 00:00:00-05:00,4.300000190734863,5.5,4.25,5.199999809265137,466830,0.0,0.0
2024-03-05 00:00:00-05:00,5.5,7.329999923706055,5.5,6.630000114440918,1313480,0.0,0.0
2024-03-06 00:00:00-05:00,7.0,7.300000190734863,5.650000095367432,7.010000228881836,496890,0.0,0.0
2024-03-07 00:00:00-05:00,6.900000095367432,7.050000190734863,6.480000019073486,6.590000152587891,177980,0.0,0.0
2024-03-08 00:00:00-05:00,6.409999847412109,6.5,6.0,6.130000114440918,196960,0.0,0.0
2024-03-11 00:00:00-04:00,6.400000095367432,7.199999809265137,6.199999809265137,6.690000057220459,374930,0.0,0.0
2024-03-12 00:00:00-04:00,5.769999980926514,5.769999980926514,4.050000190734863,4.389999866485596,606590,0.0,0.0
2024-03-13 00:00:00-04:00,4.5,4.900000095367432,4.5,4.630000114440918,148380,0.0,0.0
2024-03-14 00:00:00-04:00,4.699999809265137,4.860000133514404,4.25,4.260000228881836,75430,0.0,0.0
2024-03-15 00:00:00-04:00,4.119999885559082,4.699999809265137,4.119999885559082,4.550000190734863,95120,0.0,0.0
2024-03-18 00:00:00-04:00,4.670000076293945,5.699999809265137,4.599999904632568,5.150000095367432,197910,0.0,0.0
2024-03-19 00:00:00-04:00,5.269999980926514,5.400000095367432,4.71999979019165,4.809999942779541,110070,0.0,0.0
2024-03-20 00:00:00-04:00,4.800000190734863,4.960000038146973,4.599999904632568,4.849999904632568,68640,0.0,0.0
2024-03-21 00:00:00-04:00,4.900000095367432,5.28000020980835,4.699999809265137,5.050000190734863,104810,0.0,0.0
2024-03-22 00:00:00-04:00,5.199999809265137,6.0,5.099999904632568,5.599999904632568,357300,0.0,0.0
2024-03-25 00:00:00-04:00,5.489999771118164,5.800000190734863,5.210000038146973,5.300000190734863,76680,0.0,0.0
2024-03-26 00:00:00-04:00,5.380000114440918,5.5,5.099999904632568,5.159999847412109,54400,0.0,0.0
2024-03-27 00:00:00-04:00,5.289999961853027,5.5,5.099999904632568,5.300000190734863,36050,0.0,0.0
2024-03-28 00:00:00-04:00,4.800000190734863,5.400000095367432,4.159999847412109,4.71999979019165,257560,0.0,0.0
2024-04-01 00:00:00-04:00,4.699999809265137,5.400000095367432,4.619999885559082,5.25,171570,0.0,0.0
2024-04-02 00:00:00-04:00,4.929999828338623,5.25,4.598999977111816,5.0,163700,0.0,0.1
2024-04-03 00:00:00-04:00,4.650000095367432,4.840000152587891,4.389999866485596,4.739999771118164,164300,0.0,0.0
2024-04-04 00:00:00-04:00,4.920000076293945,5.409999847412109,4.860000133514404,5.199999809265137,269700,0.0,0.0
2024-04-05 00:00:00-04:00,5.239999771118164,5.429999828338623,5.110000133514404,5.300000190734863,143500,0.0,0.0
2024-04-08 00:00:00-04:00,5.28000020980835,5.650000095367432,5.28000020980835,5.480000019073486,326800,0.0,0.0
2024-04-09 00:00:00-04:00,5.510000228881836,5.589000225067139,4.900000095367432,5.159999847412109,156900,0.0,0.0
2024-04-10 00:00:00-04:00,5.079999923706055,5.679999828338623,4.900000095367432,5.53000020980835,174000,0.0,0.0
2024-04-11 00:00:00-04:00,5.489999771118164,5.599999904632568,5.269999980926514,5.5,161300,0.0,0.0
2024-04-12 00:00:00-04:00,5.980000019073486,6.0,4.889999866485596,5.119999885559082,1123100,0.0,0.0
2024-04-15 00:00:00-04:00,5.179999828338623,5.195000171661377,4.849999904632568,4.900000095367432,205900,0.0,0.0
2024-04-16 00:00:00-04:00,4.75,4.75,4.239999771118164,4.300000190734863,275800,0.0,0.0
2024-04-17 00:00:00-04:00,4.260000228881836,4.300000190734863,4.119999885559082,4.179999828338623,128800,0.0,0.0
2024-04-18 00:00:00-04:00,3.0299999713897705,3.259999990463257,3.0,3.0199999809265137,768800,0.0,0.0
2024-04-19 00:00:00-04:00,3.069999933242798,3.25,3.0,3.0399999618530273,233600,0.0,0.0
2024-04-22 00:00:00-04:00,3.0999999046325684,3.1600000858306885,2.7200000286102295,3.0,211600,0.0,0.0
2024-04-23 00:00:00-04:00,2.9600000381469727,3.119999885559082,2.859999895095825,3.049999952316284,106500,0.0,0.0
2024-04-24 00:00:00-04:00,3.130000114440918,3.186000108718872,3.0299999713897705,3.119999885559082,97900,0.0,0.0
2024-04-25 00:00:00-04:00,3.0999999046325684,3.140000104904175,3.009999990463257,3.140000104904175,102000,0.0,0.0
2024-04-26 00:00:00-04:00,3.259999990463257,3.640000104904175,3.1600000858306885,3.5399999618530273,280100,0.0,0.0
2024-04-29 00:00:00-04:00,3.5999999046325684,3.8299999237060547,3.4000000953674316,3.549999952316284,367400,0.0,0.0
2024-04-30 00:00:00-04:00,2.2799999713897705,2.950000047683716,2.2699999809265137,2.5799999237060547,937600,0.0,0.0
2024-05-01 00:00:00-04:00,2.059999942779541,2.299999952316284,2.0199999809265137,2.180000066757202,611400,0.0,0.0
2024-05-02 00:00:00-04:00,2.119999885559082,2.259999990463257,1.899999976158142,2.059999942779541,252500,0.0,0.0
2024-05-03 00:00:00-04:00,2.130000114440918,2.440000057220459,2.009999990463257,2.0999999046325684,268000,0.0,0.0
2024-05-06 00:00:00-04:00,2.319999933242798,3.75,2.319999933242798,3.059999942779541,9310700,0.0,0.0
2024-05-07 00:00:00-04:00,3.059999942779541,3.2300000190734863,2.740000009536743,2.809999942779541,1069400,0.0,0.0
2024-05-08 00:00:00-04:00,2.8299999237060547,2.990000009536743,2.6740000247955322,2.819999933242798,399800,0.0,0.0
2024-05-09 00:00:00-04:00,2.799999952316284,3.0999999046325684,2.740000009536743,2.930000066757202,590400,0.0,0.0
2024-05-10 00:00:00-04:00,2.930000066757202,3.190000057220459,2.9000000953674316,3.0399999618530273,361200,0.0,0.0
2024-05-13 00:00:00-04:00,3.059999942779541,3.0869998931884766,2.869999885559082,2.990000009536743,170700,0.0,0.0
2024-05-14 00:00:00-04:00,3.009999990463257,3.2899999618530273,2.930999994277954,3.180000066757202,271400,0.0,0.0
2024-05-15 00:00:00-04:00,3.2300000190734863,3.25,3.0199999809265137,3.2300000190734863,182100,0.0,0.0
2024-05-16 00:00:00-04:00,3.25,3.989000082015991,3.25,3.5199999809265137,920000,0.0,0.0
2024-05-17 00:00:00-04:00,3.549999952316284,3.7899999618530273,3.450000047683716,3.5399999618530273,203700,0.0,0.0
2024-05-20 00:00:00-04:00,3.5,4.210000038146973,3.5,4.059999942779541,379600,0.0,0.0
2024-05-21 00:00:00-04:00,4.050000190734863,4.489999771118164,3.7799999713897705,3.859999895095825,340300,0.0,0.0
2024-05-22 00:00:00-04:00,3.890000104904175,4.050000190734863,3.759999990463257,3.9000000953674316,79400,0.0,0.0
2024-05-23 00:00:00-04:00,3.950000047683716,3.950000047683716,3.5850000381469727,3.619999885559082,122500,0.0,0.0
2024-05-24 00:00:00-04:00,3.640000104904175,4.03000020980835,3.549999952316284,3.950000047683716,164500,0.0,0.0
2024-05-28 00:00:00-04:00,3.9700000286102295,4.0289998054504395,3.759999990463257,3.8299999237060547,133600,0.0,0.0
2024-05-29 00:00:00-04:00,3.8399999141693115,4.03000020980835,3.759999990463257,3.809999942779541,238800,0.0,0.0
2024-05-30 00:00:00-04:00,3.809999942779541,3.869999885559082,3.6500000953674316,3.680000066757202,124100,0.0,0.0
2024-05-31 00:00:00-04:00,3.6700000762939453,3.890000104904175,3.6500000953674316,3.809999942779541,64900,0.0,0.0
2024-06-03 00:00:00-04:00,3.950000047683716,4.210000038146973,3.799999952316284,3.869999885559082,298700,0.0,0.0
2024-06-04 00:00:00-04:00,3.9000000953674316,3.9700000286102295,3.4800000190734863,3.5399999618530273,231400,0.0,0.0
2024-06-05 00:00:00-04:00,3.3499999046325684,3.7090001106262207,3.319999933242798,3.559999942779541,199500,0.0,0.0
2024-06-06 00:00:00-04:00,3.5399999618530273,3.6600000858306885,3.4000000953674316,3.4000000953674316,136000,0.0,0.0
2024-06-07 00:00:00-04:00,3.3499999046325684,3.4000000953674316,3.200000047683716,3.2100000381469727,95300,0.0,0.0
2024-06-10 00:00:00-04:00,3.200000047683716,3.384999990463257,3.0399999618530273,3.180000066757202,87600,0.0,0.0
2024-06-11 00:00:00-04:00,3.2699999809265137,3.3989999294281006,3.2100000381469727,3.319999933242798,63200,0.0,0.0
2024-06-12 00:00:00-04:00,3.369999885559082,3.430000066757202,3.325000047683716,3.380000114440918,40600,0.0,0.0
2024-06-13 00:00:00-04:00,3.359999895095825,3.5199999809265137,3.2899999618530273,3.440000057220459,31900,0.0,0.0
2024-06-14 00:00:00-04:00,3.4600000381469727,3.4600000381469727,3.0,3.0299999713897705,182800,0.0,0.0
2024-06-17 00:00:00-04:00,3.0399999618530273,3.190000057220459,3.0399999618530273,3.069999933242798,52600,0.0,0.0
2024-06-18 00:00:00-04:00,3.069999933242798,3.1700000762939453,3.0199999809265137,3.049999952316284,41300,0.0,0.0
2024-06-20 00:00:00-04:00,3.049999952316284,3.0999999046325684,2.7799999713897705,2.9000000953674316,86500,0.0,0.0
2024-06-21 00:00:00-04:00,2.9000000953674316,2.9600000381469727,2.640000104904175,2.6500000953674316,119200,0.0,0.0
2024-06-24 00:00:00-04:00,2.680000066757202,2.809999942779541,2.569999933242798,2.6700000762939453,104600,0.0,0.0
2024-06-25 00:00:00-04:00,2.5999999046325684,2.736999988555908,2.5899999141693115,2.690000057220459,28000,0.0,0.0
2024-06-26 00:00:00-04:00,2.5199999809265137,2.5999999046325684,2.3499999046325684,2.4100000858306885,132700,0.0,0.0
2024-06-27 00:00:00-04:00,2.5,2.7660000324249268,2.4200000762939453,2.619999885559082,68700,0.0,0.0
2024-06-28 00:00:00-04:00,2.5799999237060547,2.690000057220459,2.4000000953674316,2.440000057220459,110100,0.0,0.0
2024-07-01 00:00:00-04:00,2.440000057220459,2.700000047683716,2.440000057220459,2.5799999237060547,67200,0.0,0.0
2024-07-02 00:00:00-04:00,2.569999933242798,2.690000057220459,2.5309998989105225,2.5999999046325684,35000,0.0,0.0
2024-07-03 00:00:00-04:00,2.609999895095825,2.690000057220459,2.5799999237060547,2.5799999237060547,20700,0.0,0.0
2024-07-05 00:00:00-04:00,2.6600000858306885,2.6600000858306885,2.424999952316284,2.490000009536743,53300,0.0,0.0
2024-07-08 00:00:00-04:00,2.4200000762939453,2.430000066757202,2.2799999713897705,2.319999933242798,72900,0.0,0.0
2024-07-09 00:00:00-04:00,2.390000104904175,2.390000104904175,2.1500000953674316,2.1500000953674316,80200,0.0,0.0
2024-07-10 00:00:00-04:00,2.1500000953674316,2.4590001106262207,2.1500000953674316,2.359999895095825,203800,0.0,0.0
2024-07-11 00:00:00-04:00,2.4200000762939453,2.5,2.380000114440918,2.4200000762939453,39700,0.0,0.0
2024-07-12 00:00:00-04:00,2.390000104904175,2.549999952316284,2.380000114440918,2.4800000190734863,50600,0.0,0.0
2024-07-15 00:00:00-04:00,2.4100000858306885,2.490000009536743,2.309999942779541,2.390000104904175,104000,0.0,0.0
2024-07-16 00:00:00-04:00,2.4000000953674316,2.549999952316284,2.4000000953674316,2.5,95800,0.0,0.0
2024-07-17 00:00:00-04:00,2.4600000381469727,2.5230000019073486,2.3499999046325684,2.380000114440918,32000,0.0,0.0
2024-07-18 00:00:00-04:00,2.490000009536743,2.490000009536743,2.299999952316284,2.3299999237060547,44500,0.0,0.0
2024-07-19 00:00:00-04:00,2.3299999237060547,2.4000000953674316,2.3299999237060547,2.3299999237060547,14500,0.0,0.0
2024-07-22 00:00:00-04:00,2.359999895095825,2.378999948501587,2.25,2.3399999141693115,37900,0.0,0.0
2024-07-23 00:00:00-04:00,2.2799999713897705,2.4700000286102295,2.2200000286102295,2.4200000762939453,48600,0.0,0.0
2024-07-24 00:00:00-04:00,2.3499999046325684,2.4700000286102295,2.3499999046325684,2.430000066757202,20900,0.0,0.0
2024-07-25 00:00:00-04:00,2.4000000953674316,2.4700000286102295,2.3399999141693115,2.3399999141693115,38900,0.0,0.0
2024-07-26 00:00:00-04:00,2.5,2.5,2.380000114440918,2.4100000858306885,13900,0.0,0.0
2024-07-29 00:00:00-04:00,2.4200000762939453,2.549999952316284,2.3499999046325684,2.359999895095825,166800,0.0,0.0
2024-07-30 00:00:00-04:00,2.359999895095825,2.490000009536743,2.259999990463257,2.259999990463257,58800,0.0,0.0
2024-07-31 00:00:00-04:00,2.2699999809265137,2.378999948501587,2.259999990463257,2.2899999618530273,30300,0.0,0.0
2024-08-01 00:00:00-04:00,2.3499999046325684,2.4000000953674316,2.1500000953674316,2.1500000953674316,76000,0.0,0.0
2024-08-02 00:00:00-04:00,2.2899999618530273,2.3299999237060547,2.0999999046325684,2.119999885559082,49800,0.0,0.0
2024-08-05 00:00:00-04:00,2.0799999237060547,2.109999895095825,1.909999966621399,2.009999990463257,99600,0.0,0.0
2024-08-06 00:00:00-04:00,2.0799999237060547,2.1500000953674316,2.0199999809265137,2.0199999809265137,19000,0.0,0.0
2024-08-07 00:00:00-04:00,2.134999990463257,2.1500000953674316,1.9500000476837158,1.9500000476837158,65400,0.0,0.0
2024-08-08 00:00:00-04:00,1.9859999418258667,2.069999933242798,1.968000054359436,2.069999933242798,19400,0.0,0.0
2024-08-09 00:00:00-04:00,1.9500000476837158,2.140000104904175,1.9500000476837158,2.0199999809265137,18000,0.0,0.0
2024-08-12 00:00:00-04:00,2.0799999237060547,2.130000114440918,1.9900000095367432,2.049999952316284,22900,0.0,0.0
2024-08-13 00:00:00-04:00,1.9299999475479126,2.140000104904175,1.899999976158142,1.899999976158142,241800,0.0,0.0
2024-08-14 00:00:00-04:00,1.899999976158142,1.9199999570846558,1.7999999523162842,1.8600000143051147,90900,0.0,0.0
2024-08-15 00:00:00-04:00,1.9249999523162842,1.9249999523162842,1.7300000190734863,1.7400000095367432,82800,0.0,0.0
2024-08-16 00:00:00-04:00,1.8300000429153442,1.8300000429153442,1.7300000190734863,1.7300000190734863,62600,0.0,0.0
2024-08-19 00:00:00-04:00,1.7999999523162842,1.7999999523162842,1.680999994277954,1.7339999675750732,120500,0.0,0.0
2024-08-20 00:00:00-04:00,1.7100000381469727,1.850000023841858,1.7000000476837158,1.8300000429153442,50000,0.0,0.0
2024-08-21 00:00:00-04:00,1.8600000143051147,2.0,1.8420000076293945,1.899999976158142,74800,0.0,0.0
2024-08-22 00:00:00-04:00,2.0,2.0799999237060547,1.9299999475479126,2.0399999618530273,32000,0.0,0.0
2024-08-23 00:00:00-04:00,2.109999895095825,2.140000104904175,2.049999952316284,2.0799999237060547,38000,0.0,0.0
2024-08-26 00:00:00-04:00,2.0899999141693115,2.0899999141693115,1.8200000524520874,1.8899999856948853,394600,0.0,0.0
2024-08-27 00:00:00-04:00,1.9900000095367432,2.069999933242798,1.8600000143051147,1.9299999475479126,93900,0.0,0.0
2024-08-28 00:00:00-04:00,1.899999976158142,1.899999976158142,1.8300000429153442,1.8799999952316284,72000,0.0,0.0
2024-08-29 00:00:00-04:00,1.8799999952316284,1.8799999952316284,1.809999942779541,1.8300000429153442,43700,0.0,0.0
2024-08-30 00:00:00-04:00,1.809999942779541,1.909999966621399,1.75,1.8700000047683716,51800,0.0,0.0
2024-09-03 00:00:00-04:00,1.8700000047683716,1.871000051498413,1.6200000047683716,1.6449999809265137,121900,0.0,0.0
2024-09-04 00:00:00-04:00,1.659999966621399,1.6799999475479126,1.6200000047683716,1.6299999952316284,42400,0.0,0.0
2024-09-05 00:00:00-04:00,1.649999976158142,1.6579999923706055,1.590000033378601,1.649999976158142,35300,0.0,0.0
2024-09-06 00:00:00-04:00,1.590000033378601,1.649999976158142,1.590000033378601,1.6299999952316284,32100,0.0,0.0
2024-09-09 00:00:00-04:00,1.649999976158142,1.7170000076293945,1.6150000095367432,1.690000057220459,40300,0.0,0.0
2024-09-10 00:00:00-04:00,1.7000000476837158,1.75,1.6649999618530273,1.7400000095367432,32600,0.0,0.0
2024-09-11 00:00:00-04:00,1.7599999904632568,1.7899999618530273,1.6799999475479126,1.690000057220459,168200,0.0,0.0
2024-09-12 00:00:00-04:00,1.7400000095367432,1.8300000429153442,1.6699999570846558,1.7999999523162842,285800,0.0,0.0
2024-09-13 00:00:00-04:00,1.7599999904632568,1.847000002861023,1.6799999475479126,1.7200000286102295,380300,0.0,0.0
2024-09-16 00:00:00-04:00,1.7200000286102295,1.7589999437332153,1.649999976158142,1.7100000381469727,56800,0.0,0.0
2024-09-17 00:00:00-04:00,1.7100000381469727,1.7300000190734863,1.6399999856948853,1.6399999856948853,81800,0.0,0.0
2024-09-18 00:00:00-04:00,1.690000057220459,1.690000057220459,1.590000033378601,1.6200000047683716,79700,0.0,0.0
2024-09-19 00:00:00-04:00,1.7000000476837158,1.75,1.6200000047683716,1.6399999856948853,23600,0.0,0.0
2024-09-20 00:00:00-04:00,1.659999966621399,1.690000057220459,1.590000033378601,1.6299999952316284,134600,0.0,0.0
2024-09-23 00:00:00-04:00,1.7000000476837158,1.7000000476837158,1.625,1.649999976158142,78600,0.0,0.0
2024-09-24 00:00:00-04:00,1.6399999856948853,1.6799999475479126,1.600000023841858,1.6100000143051147,57500,0.0,0.0
2024-09-25 00:00:00-04:00,1.6299999952316284,1.6799999475479126,1.600000023841858,1.6799999475479126,36100,0.0,0.0
2024-09-26 00:00:00-04:00,1.6799999475479126,1.7200000286102295,1.6399999856948853,1.7000000476837158,35900,0.0,0.0
2024-09-27 00:00:00-04:00,1.6799999475479126,1.7699999809265137,1.6799999475479126,1.75,59700,0.0,0.0
2024-09-30 00:00:00-04:00,1.7999999523162842,1.7999999523162842,1.649999976158142,1.690000057220459,84500,0.0,0.0
2024-10-01 00:00:00-04:00,1.7100000381469727,1.7400000095367432,1.6100000143051147,1.6100000143051147,91100,0.0,0.0
2024-10-02 00:00:00-04:00,1.6399999856948853,1.6399999856948853,1.559999942779541,1.590000033378601,80700,0.0,0.0
2024-10-03 00:00:00-04:00,1.6699999570846558,1.6699999570846558,1.5299999713897705,1.5299999713897705,57600,0.0,0.0
2024-10-04 00:00:00-04:00,1.5499999523162842,1.5700000524520874,1.4900000095367432,1.5399999618530273,60900,0.0,0.0
2024-10-07 00:00:00-04:00,1.5499999523162842,1.5499999523162842,1.4500000476837158,1.5,73000,0.0,0.0
2024-10-08 00:00:00-04:00,1.5099999904632568,1.5369999408721924,1.4600000381469727,1.4800000190734863,52000,0.0,0.0
2024-10-09 00:00:00-04:00,1.4739999771118164,1.4900000095367432,1.4500000476837158,1.4700000286102295,42300,0.0,0.0
2024-10-10 00:00:00-04:00,1.4700000286102295,1.4700000286102295,1.3250000476837158,1.375,146900,0.0,0.0
2024-10-11 00:00:00-04:00,1.350000023841858,1.399999976158142,1.350000023841858,1.3700000047683716,90200,0.0,0.0
2024-10-14 00:00:00-04:00,1.409999966621399,1.440000057220459,1.2999999523162842,1.3200000524520874,110000,0.0,0.0
2024-10-15 00:00:00-04:00,1.340000033378601,1.340000033378601,1.1799999475479126,1.2000000476837158,159900,0.0,0.0
2024-10-16 00:00:00-04:00,1.25,1.2699999809265137,1.100000023841858,1.2300000190734863,208600,0.0,0.0
2024-10-17 00:00:00-04:00,1.25,1.2999999523162842,1.159999966621399,1.2649999856948853,202700,0.0,0.0
2024-10-18 00:00:00-04:00,1.2799999713897705,1.2899999618530273,1.2400000095367432,1.25,36300,0.0,0.0
2024-10-21 00:00:00-04:00,1.2400000095367432,1.340000033378601,1.2300000190734863,1.2400000095367432,411200,0.0,0.0
2024-10-22 00:00:00-04:00,1.2400000095367432,1.2899999618530273,1.1200000047683716,1.2000000476837158,342300,0.0,0.0
2024-10-23 00:00:00-04:00,1.2400000095367432,1.2400000095367432,1.1699999570846558,1.2100000381469727,57800,0.0,0.0
2024-10-24 00:00:00-04:00,1.2000000476837158,1.2100000381469727,1.190000057220459,1.2100000381469727,92100,0.0,0.0
2024-10-25 00:00:00-04:00,1.2400000095367432,1.2400000095367432,1.1979999542236328,1.2100000381469727,62600,0.0,0.0
2024-10-28 00:00:00-04:00,1.25,1.2999999523162842,1.2100000381469727,1.2899999618530273,183000,0.0,0.0
2024-10-29 00:00:00-04:00,1.2999999523162842,1.2999999523162842,1.25,1.2699999809265137,97800,0.0,0.0
2024-10-30 00:00:00-04:00,1.2799999713897705,1.440000057220459,1.2599999904632568,1.4299999475479126,412800,0.0,0.0
2024-10-31 00:00:00-04:00,1.4500000476837158,1.4500000476837158,1.2280000448226929,1.3700000047683716,254500,0.0,0.0
2024-11-01 00:00:00-04:00,1.350000023841858,1.3899999856948853,1.3220000267028809,1.3849999904632568,25700,0.0,0.0
2024-11-04 00:00:00-05:00,1.3799999952316284,1.440000057220459,1.309999942779541,1.3200000524520874,179200,0.0,0.0
2024-11-05 00:00:00-05:00,1.3200000524520874,1.350000023841858,1.2699999809265137,1.2699999809265137,73600,0.0,0.0
2024-11-06 00:00:00-05:00,1.2699999809265137,1.3200000524520874,1.25,1.309999942779541,67400,0.0,0.0
2024-11-07 00:00:00-05:00,1.3200000524520874,1.3300000429153442,1.2599999904632568,1.2999999523162842,123100,0.0,0.0
2024-11-08 00:00:00-05:00,1.2999999523162842,1.3300000429153442,1.2799999713897705,1.315000057220459,128500,0.0,0.0
2024-11-11 00:00:00-05:00,1.309999942779541,1.350000023841858,1.2410000562667847,1.2699999809265137,214400,0.0,0.0
2024-11-12 00:00:00-05:00,1.2300000190734863,1.2899999618530273,1.2300000190734863,1.2599999904632568,113700,0.0,0.0
2024-11-13 00:00:00-05:00,1.2999999523162842,1.2999999523162842,1.2400000095367432,1.25,71600,0.0,0.0
2024-11-14 00:00:00-05:00,1.25,1.25,1.1200000047683716,1.159999966621399,149200,0.0,0.0
2024-11-15 00:00:00-05:00,1.159999966621399,1.2000000476837158,1.1299999952316284,1.190000057220459,102300,0.0,0.0
2024-11-18 00:00:00-05:00,1.2400000095367432,1.3600000143051147,1.1699999570846558,1.2999999523162842,490300,0.0,0.0
2024-11-19 00:00:00-05:00,1.2999999523162842,1.3200000524520874,1.1299999952316284,1.225000023841858,296600,0.0,0.0
2024-11-20 00:00:00-05:00,1.2300000190734863,1.2400000095367432,1.2000000476837158,1.2100000381469727,68900,0.0,0.0
2024-11-21 00:00:00-05:00,1.2000000476837158,1.2300000190734863,1.190000057220459,1.2300000190734863,96600,0.0,0.0
2024-11-22 00:00:00-05:00,1.2400000095367432,1.2699999809265137,1.2100000381469727,1.2599999904632568,79800,0.0,0.0
2024-11-25 00:00:00-05:00,1.2599999904632568,1.4700000286102295,1.2599999904632568,1.309999942779541,648100,0.0,0.0
2024-11-26 00:00:00-05:00,1.3300000429153442,1.340000033378601,1.2599999904632568,1.2699999809265137,80700,0.0,0.0
2024-11-27 00:00:00-05:00,1.2699999809265137,1.309999942779541,1.2599999904632568,1.2899999618530273,39800,0.0,0.0
2024-11-29 00:00:00-05:00,1.2999999523162842,1.3350000381469727,1.2899999618530273,1.309999942779541,75200,0.0,0.0
2024-12-02 00:00:00-05:00,1.3300000429153442,1.3700000047683716,1.2899999618530273,1.350000023841858,376400,0.0,0.0
2024-12-03 00:00:00-05:00,1.3300000429153442,1.3799999952316284,1.25,1.2599999904632568,172800,0.0,0.0
2024-12-04 00:00:00-05:00,1.2599999904632568,1.2899999618530273,1.152999997138977,1.2200000286102295,252000,0.0,0.0
2024-12-05 00:00:00-05:00,1.2100000381469727,1.2200000286102295,1.159999966621399,1.190000057220459,154200,0.0,0.0
2024-12-06 00:00:00-05:00,1.1699999570846558,1.2200000286102295,1.1699999570846558,1.2200000286102295,76700,0.0,0.0
2024-12-09 00:00:00-05:00,1.2200000286102295,1.2400000095367432,1.190000057220459,1.2100000381469727,230400,0.0,0.0
2024-12-10 00:00:00-05:00,1.2400000095367432,1.2400000095367432,1.159999966621399,1.2100000381469727,209400,0.0,0.0
2024-12-11 00:00:00-05:00,1.190000057220459,1.2000000476837158,1.149999976158142,1.190000057220459,108300,0.0,0.0
2024-12-12 00:00:00-05:00,1.1799999475479126,1.2100000381469727,1.1699999570846558,1.2000000476837158,124600,0.0,0.0
2024-12-13 00:00:00-05:00,1.1799999475479126,1.2300000190734863,1.1799999475479126,1.2000000476837158,200400,0.0,0.0
2024-12-16 00:00:00-05:00,1.2200000286102295,1.2200000286102295,1.1699999570846558,1.2000000476837158,150600,0.0,0.0
2024-12-17 00:00:00-05:00,1.2599999904632568,1.6799999475479126,1.2100000381469727,1.6399999856948853,1291100,0.0,0.0
2024-12-18 00:00:00-05:00,1.850000023841858,1.850000023841858,1.4500000476837158,1.5449999570846558,1410600,0.0,0.0
2024-12-19 00:00:00-05:00,1.559999942779541,1.590000033378601,1.4600000381469727,1.5199999809265137,279600,0.0,0.0
2024-12-20 00:00:00-05:00,1.5499999523162842,1.5499999523162842,1.4600000381469727,1.5,380100,0.0,0.0
2024-12-23 00:00:00-05:00,1.5199999809265137,1.5299999713897705,1.399999976158142,1.4199999570846558,250500,0.0,0.0
2024-12-24 00:00:00-05:00,1.4500000476837158,1.7899999618530273,1.4199999570846558,1.5700000524520874,1003500,0.0,0.0
2024-12-26 00:00:00-05:00,1.6200000047683716,1.9500000476837158,1.4600000381469727,1.5299999713897705,1768100,0.0,0.0
2024-12-27 00:00:00-05:00,1.5499999523162842,1.559999942779541,1.409999966621399,1.5099999904632568,466600,0.0,0.0
2024-12-30 00:00:00-05:00,1.5199999809265137,1.5499999523162842,1.4299999475479126,1.5299999713897705,1243600,0.0,0.0
2024-12-31 00:00:00-05:00,1.5499999523162842,2.5799999237060547,1.4700000286102295,2.200000047683716,12742200,0.0,0.0
2025-01-02 00:00:00-05:00,2.115000009536743,3.4000000953674316,2.0999999046325684,2.990000009536743,10451000,0.0,0.0
2025-01-03 00:00:00-05:00,3.130000114440918,3.740000009536743,2.5999999046325684,2.690000057220459,5016800,0.0,0.0
2025-01-06 00:00:00-05:00,2.9200000762939453,3.799999952316284,2.690000057220459,3.509999990463257,4135400,0.0,0.0
2025-01-07 00:00:00-05:00,3.799999952316284,4.849999904632568,3.6700000762939453,4.659999847412109,4618600,0.0,0.0
2025-01-08 00:00:00-05:00,4.78000020980835,4.789999961853027,3.200000047683716,3.759999990463257,2857300,0.0,0.0
2025-01-10 00:00:00-05:00,3.759999990463257,4.920000076293945,3.7200000286102295,4.849999904632568,2545800,0.0,0.0
2025-01-13 00:00:00-05:00,4.929999828338623,6.010000228881836,4.699999809265137,4.909999847412109,3214200,0.0,0.0
2025-01-14 00:00:00-05:00,4.829999923706055,5.400000095367432,4.340000152587891,5.099999904632568,1308200,0.0,0.0
2025-01-15 00:00:00-05:00,4.909999847412109,5.010000228881836,4.079999923706055,4.489999771118164,1193300,0.0,0.0
2025-01-16 00:00:00-05:00,4.309999942779541,4.480000019073486,4.050000190734863,4.260000228881836,719600,0.0,0.0
2025-01-17 00:00:00-05:00,4.119999885559082,4.275000095367432,3.5999999046325684,4.010000228881836,1065900,0.0,0.0
2025-01-21 00:00:00-05:00,4.019999980926514,4.019999980926514,3.4100000858306885,3.5299999713897705,864600,0.0,0.0
2025-01-22 00:00:00-05:00,3.430000066757202,3.9000000953674316,3.4200000762939453,3.4800000190734863,530700,0.0,0.0
2025-01-23 00:00:00-05:00,3.4800000190734863,3.549999952316284,2.8399999141693115,2.930000066757202,1085700,0.0,0.0
2025-01-24 00:00:00-05:00,2.990000009536743,3.319999933242798,2.9200000762939453,3.2200000286102295,645100,0.0,0.0
2025-01-27 00:00:00-05:00,3.1700000762939453,3.6500000953674316,2.799999952316284,2.8499999046325684,712500,0.0,0.0
2025-01-28 00:00:00-05:00,2.8399999141693115,3.8299999237060547,2.8399999141693115,3.549999952316284,1321700,0.0,0.0
2025-01-29 00:00:00-05:00,3.4600000381469727,3.6500000953674316,3.125,3.140000104904175,786700,0.0,0.0
2025-01-30 00:00:00-05:00,3.140000104904175,3.180000066757202,2.859999895095825,2.990000009536743,447800,0.0,0.0
2025-01-31 00:00:00-05:00,2.950000047683716,3.140000104904175,2.859999895095825,3.0199999809265137,430300,0.0,0.0
2025-02-03 00:00:00-05:00,2.9700000286102295,3.2200000286102295,2.799999952316284,2.799999952316284,410600,0.0,0.0
2025-02-04 00:00:00-05:00,2.8499999046325684,2.950000047683716,2.6700000762939453,2.690000057220459,471300,0.0,0.0
2025-02-05 00:00:00-05:00,2.799999952316284,2.9000000953674316,2.630000114440918,2.8399999141693115,352900,0.0,0.0
2025-02-06 00:00:00-05:00,2.7799999713897705,3.440000057220459,2.7799999713897705,3.180000066757202,911500,0.0,0.0
2025-02-07 00:00:00-05:00,3.259999990463257,3.3399999141693115,2.859999895095825,2.940000057220459,464900,0.0,0.0
2025-02-10 00:00:00-05:00,2.9200000762939453,3.130000114440918,2.9100000858306885,3.0299999713897705,262000,0.0,0.0
2025-02-11 00:00:00-05:00,3.009999990463257,3.009999990463257,2.8010001182556152,2.950000047683716,162700,0.0,0.0
2025-02-12 00:00:00-05:00,3.059999942779541,3.069999933242798,2.9100000858306885,2.940000057220459,165100,0.0,0.0
2025-02-13 00:00:00-05:00,2.9000000953674316,2.944999933242798,2.799999952316284,2.940000057220459,176700,0.0,0.0
2025-02-14 00:00:00-05:00,2.930000066757202,3.069999933242798,2.819999933242798,2.8499999046325684,281600,0.0,0.0
2025-02-18 00:00:00-05:00,2.819999933242798,2.9679999351501465,2.680000066757202,2.7200000286102295,300700,0.0,0.0
2025-02-19 00:00:00-05:00,2.75,2.819000005722046,2.490000009536743,2.5399999618530273,387300,0.0,0.0
2025-02-20 00:00:00-05:00,2.5,2.515000104904175,2.4100000858306885,2.450000047683716,276900,0.0,0.0
2025-02-21 00:00:00-05:00,2.430000066757202,2.492000102996826,2.25,2.2799999713897705,322800,0.0,0.0
2025-02-24 00:00:00-05:00,2.359999895095825,2.4200000762939453,2.2699999809265137,2.380000114440918,205400,0.0,0.0
2025-02-25 00:00:00-05:00,2.430000066757202,2.509999990463257,2.2100000381469727,2.3299999237060547,257500,0.0,0.0
2025-02-26 00:00:00-05:00,2.3299999237060547,2.4749999046325684,2.309999942779541,2.430000066757202,214700,0.0,0.0
2025-02-27 00:00:00-05:00,2.4200000762939453,2.4619998931884766,2.259999990463257,2.2899999618530273,130200,0.0,0.0
2025-02-28 00:00:00-05:00,2.25,2.299999952316284,2.1630001068115234,2.2699999809265137,238100,0.0,0.0
2025-03-03 00:00:00-05:00,2.309999942779541,2.3499999046325684,1.840000033378601,2.0299999713897705,467900,0.0,0.0
2025-03-04 00:00:00-05:00,2.0,2.134999990463257,1.9299999475479126,2.119999885559082,223200,0.0,0.0
2025-03-05 00:00:00-05:00,2.1500000953674316,2.1500000953674316,2.0250000953674316,2.140000104904175,128700,0.0,0.0
2025-03-06 00:00:00-05:00,2.140000104904175,2.2799999713897705,2.059999942779541,2.1600000858306885,116500,0.0,0.0
2025-03-07 00:00:00-05:00,2.140000104904175,2.2049999237060547,2.0510001182556152,2.1700000762939453,126700,0.0,0.0
2025-03-10 00:00:00-04:00,2.130000114440918,2.1700000762939453,2.015000104904175,2.069999933242798,152500,0.0,0.0
2025-03-11 00:00:00-04:00,2.049999952316284,2.140000104904175,1.9500000476837158,2.119999885559082,100300,0.0,0.0
2025-03-12 00:00:00-04:00,2.1700000762939453,2.1700000762939453,2.015000104904175,2.130000114440918,109300,0.0,0.0
2025-03-13 00:00:00-04:00,2.1730000972747803,2.180000066757202,1.9800000190734863,2.069999933242798,129100,0.0,0.0
2025-03-14 00:00:00-04:00,2.0899999141693115,2.4049999713897705,2.0799999237060547,2.3499999046325684,261000,0.0,0.0
2025-03-17 00:00:00-04:00,2.3499999046325684,2.4100000858306885,2.0199999809265137,2.049999952316284,538700,0.0,0.0
2025-03-18 00:00:00-04:00,2.0299999713897705,2.2200000286102295,2.0299999713897705,2.200000047683716,186300,0.0,0.0
2025-03-19 00:00:00-04:00,2.2100000381469727,2.25,2.0299999713897705,2.180000066757202,139300,0.0,0.0
2025-03-20 00:00:00-04:00,2.180000066757202,2.180000066757202,2.0199999809265137,2.069999933242798,301500,0.0,0.0
2025-03-21 00:00:00-04:00,2.0899999141693115,2.119999885559082,2.0299999713897705,2.0799999237060547,195500,0.0,0.0
2025-03-24 00:00:00-04:00,2.200000047683716,2.200000047683716,2.0,2.069999933242798,200700,0.0,0.0
2025-03-25 00:00:00-04:00,2.009999990463257,2.069999933242798,1.9900000095367432,2.009999990463257,160600,0.0,0.0
2025-03-26 00:00:00-04:00,2.0399999618530273,2.0799999237060547,1.9500000476837158,2.069999933242798,145600,0.0,0.0
2025-03-27 00:00:00-04:00,2.0299999713897705,2.0899999141693115,1.9869999885559082,2.069999933242798,113800,0.0,0.0
2025-03-28 00:00:00-04:00,2.069999933242798,2.0999999046325684,1.9500000476837158,2.0299999713897705,175400,0.0,0.0
2025-03-31 00:00:00-04:00,2.0399999618530273,2.119999885559082,1.9800000190734863,2.049999952316284,223700,0.0,0.0
2025-04-01 00:00:00-04:00,2.059999942779541,2.0999999046325684,1.902999997138977,1.940000057220459,162400,0.0,0.0
2025-04-02 00:00:00-04:00,2.0,2.069999933242798,1.8899999856948853,2.009999990463257,175100,0.0,0.0
2025-04-03 00:00:00-04:00,1.9500000476837158,1.9500000476837158,1.809999942779541,1.8700000047683716,171500,0.0,0.0
2025-04-04 00:00:00-04:00,1.850000023841858,1.850000023841858,1.7599999904632568,1.7899999618530273,180100,0.0,0.0
2025-04-07 00:00:00-04:00,1.659999966621399,2.0,1.5800000429153442,1.809999942779541,242600,0.0,0.0
2025-04-08 00:00:00-04:00,1.9199999570846558,1.9199999570846558,1.690000057220459,1.7100000381469727,116900,0.0,0.0
2025-04-09 00:00:00-04:00,1.7000000476837158,1.840000033378601,1.6299999952316284,1.7799999713897705,107200,0.0,0.0
2025-04-10 00:00:00-04:00,1.7799999713897705,1.7999999523162842,1.7100000381469727,1.7899999618530273,46400,0.0,0.0
2025-04-11 00:00:00-04:00,1.7999999523162842,2.0799999237060547,1.7999999523162842,2.049999952316284,213100,0.0,0.0
2025-04-14 00:00:00-04:00,2.049999952316284,2.140000104904175,2.009999990463257,2.0299999713897705,95000,0.0,0.0
2025-04-15 00:00:00-04:00,2.0299999713897705,2.119999885559082,1.9630000591278076,1.9700000286102295,131800,0.0,0.0
2025-04-16 00:00:00-04:00,2.0,2.0,1.9199999570846558,1.9299999475479126,38700,0.0,0.0
2025-04-17 00:00:00-04:00,1.940000057220459,1.9600000381469727,1.8899999856948853,1.9299999475479126,63500,0.0,0.0
2025-04-21 00:00:00-04:00,1.8799999952316284,1.9700000286102295,1.850000023841858,1.8700000047683716,94200,0.0,0.0
2025-04-22 00:00:00-04:00,1.8799999952316284,1.9500000476837158,1.875,1.909999966621399,31000,0.0,0.0
2025-04-23 00:00:00-04:00,1.9500000476837158,2.069999933242798,1.9299999475479126,1.9800000190734863,54500,0.0,0.0
2025-04-24 00:00:00-04:00,1.9800000190734863,2.0999999046325684,1.9500000476837158,2.069999933242798,107000,0.0,0.0
2025-04-25 00:00:00-04:00,2.069999933242798,2.0959999561309814,2.0299999713897705,2.069999933242798,65000,0.0,0.0
2025-04-28 00:00:00-04:00,2.109999895095825,2.109999895095825,2.009999990463257,2.0999999046325684,58600,0.0,0.0
2025-04-29 00:00:00-04:00,2.069999933242798,2.109999895095825,2.049999952316284,2.055000066757202,95600,0.0,0.0
2025-04-30 00:00:00-04:00,2.0799999237060547,2.119999885559082,1.9700000286102295,2.119999885559082,243200,0.0,0.0
2025-05-01 00:00:00-04:00,2.109999895095825,2.130000114440918,2.0280001163482666,2.0799999237060547,74200,0.0,0.0
2025-05-02 00:00:00-04:00,2.0899999141693115,2.0999999046325684,2.0299999713897705,2.053999900817871,96200,0.0,0.0
2025-05-05 00:00:00-04:00,2.0999999046325684,2.140000104904175,2.009999990463257,2.0299999713897705,253600,0.0,0.0
2025-05-06 00:00:00-04:00,2.0199999809265137,2.0299999713897705,1.9049999713897705,1.9199999570846558,136900,0.0,0.0
2025-05-07 00:00:00-04:00,1.9600000381469727,1.9700000286102295,1.9049999713897705,1.9700000286102295,75000,0.0,0.0
2025-05-08 00:00:00-04:00,1.9500000476837158,2.069999933242798,1.9500000476837158,2.049999952316284,139900,0.0,0.0
2025-05-09 00:00:00-04:00,2.109999895095825,2.117000102996826,1.9600000381469727,2.0399999618530273,70500,0.0,0.0
2025-05-12 00:00:00-04:00,2.049999952316284,2.119999885559082,2.015000104904175,2.0799999237060547,33700,0.0,0.0
2025-05-13 00:00:00-04:00,2.0199999809265137,2.3499999046325684,2.0199999809265137,2.2899999618530273,1993600,0.0,0.0
2025-05-14 00:00:00-04:00,2.319999933242798,2.319999933242798,2.174999952316284,2.2699999809265137,217700,0.0,0.0
2025-05-15 00:00:00-04:00,2.2300000190734863,2.4100000858306885,2.1600000858306885,2.4000000953674316,583500,0.0,0.0
2025-05-16 00:00:00-04:00,2.3499999046325684,2.5399999618530273,2.299999952316284,2.450000047683716,510900,0.0,0.0
2025-05-19 00:00:00-04:00,2.4000000953674316,2.4509999752044678,2.200000047683716,2.440000057220459,220300,0.0,0.0
2025-05-20 00:00:00-04:00,2.5,2.819999933242798,2.4200000762939453,2.7799999713897705,540100,0.0,0.0
2025-05-21 00:00:00-04:00,2.8399999141693115,3.0,2.4700000286102295,2.630000114440918,1335200,0.0,0.0
2025-05-22 00:00:00-04:00,2.6500000953674316,2.7200000286102295,2.4200000762939453,2.690000057220459,331600,0.0,0.0
2025-05-23 00:00:00-04:00,2.565000057220459,2.6589999198913574,2.4200000762939453,2.619999885559082,184300,0.0,0.0
2025-05-27 00:00:00-04:00,2.6700000762939453,2.6700000762939453,2.5,2.5799999237060547,207500,0.0,0.0
2025-05-28 00:00:00-04:00,2.569999933242798,2.6500000953674316,2.4709999561309814,2.5899999141693115,175200,0.0,0.0
2025-05-29 00:00:00-04:00,2.619999885559082,2.7200000286102295,2.509999990463257,2.690000057220459,219400,0.0,0.0
2025-05-30 00:00:00-04:00,2.700000047683716,2.7049999237060547,2.549999952316284,2.640000104904175,137800,0.0,0.0
2025-06-02 00:00:00-04:00,2.6600000858306885,2.7100000381469727,2.6070001125335693,2.680000066757202,124200,0.0,0.0
2025-06-03 00:00:00-04:00,2.700000047683716,2.759999990463257,2.549999952316284,2.7200000286102295,205000,0.0,0.0
2025-06-04 00:00:00-04:00,2.75,2.9800000190734863,2.75,2.950000047683716,363000,0.0,0.0
2025-06-05 00:00:00-04:00,2.9800000190734863,3.0399999618530273,2.819999933242798,2.940000057220459,295000,0.0,0.0
2025-06-06 00:00:00-04:00,3.0199999809265137,3.2799999713897705,2.950000047683716,3.2699999809265137,405200,0.0,0.0
2025-06-09 00:00:00-04:00,3.299999952316284,3.75,3.299999952316284,3.6700000762939453,775500,0.0,0.0
2025-06-10 00:00:00-04:00,3.7699999809265137,3.8289999961853027,3.4000000953674316,3.6500000953674316,578500,0.0,0.0
2025-06-11 00:00:00-04:00,3.700000047683716,3.75,3.4749999046325684,3.4800000190734863,277700,0.0,0.0
2025-06-12 00:00:00-04:00,3.4700000286102295,3.5,3.2300000190734863,3.440000057220459,325200,0.0,0.0
2025-06-13 00:00:00-04:00,3.1700000762939453,3.5,3.140000104904175,3.440000057220459,357700,0.0,0.0
2025-06-16 00:00:00-04:00,3.5399999618530273,3.609999895095825,3.440000057220459,3.4800000190734863,190700,0.0,0.0
2025-06-17 00:00:00-04:00,3.490000009536743,3.5199999809265137,3.3299999237060547,3.3399999141693115,191000,0.0,0.0
2025-06-18 00:00:00-04:00,3.3399999141693115,3.4200000762939453,3.2300000190734863,3.2300000190734863,220400,0.0,0.0
2025-06-20 00:00:00-04:00,3.3399999141693115,3.38700008392334,3.1510000228881836,3.259999990463257,200900,0.0,0.0
2025-06-23 00:00:00-04:00,3.190000057220459,3.200000047683716,2.9000000953674316,3.0999999046325684,319400,0.0,0.0
2025-06-24 00:00:00-04:00,3.0799999237060547,3.25,2.9800000190734863,3.2200000286102295,285600,0.0,0.0
2025-06-25 00:00:00-04:00,3.2799999713897705,3.319999933242798,3.1600000858306885,3.2699999809265137,203100,0.0,0.0
2025-06-26 00:00:00-04:00,3.319999933242798,3.5299999713897705,3.2200000286102295,3.5,265200,0.0,0.0
2025-06-27 00:00:00-04:00,3.5,3.509999990463257,3.299999952316284,3.4200000762939453,259900,0.0,0.0
2025-06-30 00:00:00-04:00,3.4100000858306885,3.4200000762939453,3.2100000381469727,3.259999990463257,271300,0.0,0.0
2025-07-01 00:00:00-04:00,3.25,3.25,3.0999999046325684,3.130000114440918,187500,0.0,0.0
2025-07-02 00:00:00-04:00,3.1500000953674316,3.3299999237060547,3.0999999046325684,3.319999933242798,164100,0.0,0.0
2025-07-03 00:00:00-04:00,3.299999952316284,3.390000104904175,3.2100000381469727,3.380000114440918,93900,0.0,0.0
2025-07-07 00:00:00-04:00,3.3299999237060547,3.440000057220459,3.3299999237060547,3.369999885559082,108500,0.0,0.0
2025-07-08 00:00:00-04:00,3.380000114440918,3.4700000286102295,3.3499999046325684,3.380000114440918,164200,0.0,0.0
2025-07-09 00:00:00-04:00,3.4200000762939453,3.4700000286102295,3.319999933242798,3.359999895095825,162200,0.0,0.0
2025-07-10 00:00:00-04:00,3.3499999046325684,3.380000114440918,3.25,3.2699999809265137,113800,0.0,0.0
2025-07-11 00:00:00-04:00,3.259999990463257,3.319999933242798,3.119999885559082,3.2100000381469727,169300,0.0,0.0
2025-07-14 00:00:00-04:00,3.2200000286102295,3.2799999713897705,3.1449999809265137,3.2100000381469727,121300,0.0,0.0
2025-07-15 00:00:00-04:00,3.2100000381469727,3.2190001010894775,3.0250000953674316,3.109999895095825,189500,0.0,0.0
2025-07-16 00:00:00-04:00,3.1500000953674316,3.1649999618530273,3.0,3.009999990463257,191000,0.0,0.0
2025-07-17 00:00:00-04:00,3.0,3.0999999046325684,3.0,3.0299999713897705,137900,0.0,0.0
2025-07-18 00:00:00-04:00,3.049999952316284,3.049999952316284,2.890000104904175,2.940000057220459,183200,0.0,0.0
2025-07-21 00:00:00-04:00,2.930000066757202,3.049999952316284,2.9000000953674316,2.9800000190734863,182200,0.0,0.0
2025-07-22 00:00:00-04:00,2.9800000190734863,3.059999942779541,2.9600000381469727,2.990000009536743,118500,0.0,0.0
2025-07-23 00:00:00-04:00,3.0,3.0999999046325684,2.990000009536743,3.0299999713897705,73900,0.0,0.0
2025-07-24 00:00:00-04:00,3.0199999809265137,3.1500000953674316,2.990000009536743,2.990000009536743,106700,0.0,0.0
2025-07-25 00:00:00-04:00,2.990000009536743,3.049999952316284,2.9800000190734863,3.0,105200,0.0,0.0
2025-07-28 00:00:00-04:00,3.0199999809265137,3.0199999809265137,2.9200000762939453,2.930000066757202,108500,0.0,0.0
2025-07-29 00:00:00-04:00,2.940000057220459,2.9600000381469727,2.822999954223633,2.880000114440918,110500,0.0,0.0
2025-07-30 00:00:00-04:00,2.9000000953674316,2.9000000953674316,2.7699999809265137,2.809999942779541,159300,0.0,0.0
2025-07-31 00:00:00-04:00,2.799999952316284,2.8299999237060547,2.630000114440918,2.690000057220459,210100,0.0,0.0
2025-08-01 00:00:00-04:00,2.6600000858306885,2.690000057220459,2.559999942779541,2.5899999141693115,124600,0.0,0.0
2025-08-04 00:00:00-04:00,2.680000066757202,2.7690000534057617,2.6500000953674316,2.7200000286102295,104600,0.0,0.0
2025-08-05 00:00:00-04:00,2.7899999618530273,2.7899999618530273,2.609999895095825,2.640000104904175,149300,0.0,0.0
2025-08-06 00:00:00-04:00,2.6600000858306885,2.6700000762939453,2.4200000762939453,2.4549999237060547,185900,0.0,0.0
2025-08-07 00:00:00-04:00,2.4800000190734863,2.5,2.430000066757202,2.4600000381469727,101600,0.0,0.0
2025-08-08 00:00:00-04:00,2.4700000286102295,2.6700000762939453,2.430000066757202,2.5199999809265137,174600,0.0,0.0
2025-08-11 00:00:00-04:00,2.5999999046325684,2.680000066757202,2.319999933242798,2.319999933242798,1764300,0.0,0.0
2025-08-12 00:00:00-04:00,2.369999885559082,2.450000047683716,2.299999952316284,2.390000104904175,344900,0.0,0.0
2025-08-13 00:00:00-04:00,2.4100000858306885,2.549999952316284,2.3499999046325684,2.5299999713897705,326300,0.0,0.0
2025-08-14 00:00:00-04:00,2.6500000953674316,2.7899999618530273,2.640000104904175,2.6700000762939453,642500,0.0,0.0
2025-08-15 00:00:00-04:00,2.759999990463257,2.950000047683716,2.5999999046325684,2.890000104904175,570800,0.0,0.0
2025-08-18 00:00:00-04:00,2.859999895095825,2.859999895095825,2.5999999046325684,2.759999990463257,904900,0.0,0.0
2025-08-19 00:00:00-04:00,2.8299999237060547,2.8299999237060547,2.4820001125335693,2.505000114440918,464700,0.0,0.0
2025-08-20 00:00:00-04:00,2.5,2.6449999809265137,2.4000000953674316,2.619999885559082,263300,0.0,0.0
2025-08-21 00:00:00-04:00,2.5999999046325684,2.6700000762939453,2.5299999713897705,2.5299999713897705,239500,0.0,0.0
2025-08-22 00:00:00-04:00,2.5899999141693115,2.690000057220459,2.5399999618530273,2.640000104904175,702400,0.0,0.0
2025-08-25 00:00:00-04:00,2.680000066757202,2.819999933242798,2.6600000858306885,2.690000057220459,542600,0.0,0.0
2025-08-26 00:00:00-04:00,2.7799999713897705,2.8299999237060547,2.5799999237060547,2.630000114440918,783500,0.0,0.0
2025-08-27 00:00:00-04:00,2.809999942779541,2.809999942779541,2.5450000762939453,2.5799999237060547,769400,0.0,0.0
2025-08-28 00:00:00-04:00,2.559999942779541,2.5999999046325684,2.5,2.5199999809265137,292200,0.0,0.0
2025-08-29 00:00:00-04:00,2.5199999809265137,2.5350000858306885,2.259999990463257,2.319999933242798,571900,0.0,0.0
2025-09-02 00:00:00-04:00,2.2799999713897705,2.7300000190734863,2.2799999713897705,2.5999999046325684,650500,0.0,0.0
2025-09-03 00:00:00-04:00,2.6600000858306885,2.805000066757202,2.5230000019073486,2.5999999046325684,351700,0.0,0.0
2025-09-04 00:00:00-04:00,2.6600000858306885,2.6600000858306885,2.5299999713897705,2.630000114440918,191600,0.0,0.0
2025-09-05 00:00:00-04:00,2.6500000953674316,2.75,2.569999933242798,2.75,173000,0.0,0.0
2025-09-08 00:00:00-04:00,2.880000114440918,3.0,2.7899999618530273,2.8399999141693115,850300,0.0,0.0
2025-09-09 00:00:00-04:00,2.8499999046325684,3.1700000762939453,2.809999942779541,3.1500000953674316,1046500,0.0,0.0
2025-09-10 00:00:00-04:00,3.1500000953674316,3.188999891281128,2.950000047683716,2.9700000286102295,421200,0.0,0.0
2025-09-11 00:00:00-04:00,2.9700000286102295,3.0299999713897705,2.8359999656677246,2.880000114440918,388500,0.0,0.0
2025-09-12 00:00:00-04:00,2.890000104904175,2.8970000743865967,2.7300000190734863,2.799999952316284,486000,0.0,0.0
2025-09-15 00:00:00-04:00,2.819999933242798,3.184000015258789,2.75,3.0,669400,0.0,0.0
2025-09-16 00:00:00-04:00,3.0199999809265137,3.13100004196167,2.940000057220459,2.9800000190734863,289200,0.0,0.0
2025-09-17 00:00:00-04:00,3.0,3.069999933242798,2.9100000858306885,2.9200000762939453,348000,0.0,0.0
2025-09-18 00:00:00-04:00,2.950000047683716,3.0799999237060547,2.930000066757202,2.9800000190734863,346900,0.0,0.0
2025-09-19 00:00:00-04:00,3.009999990463257,3.0299999713897705,2.880000114440918,2.9700000286102295,334000,0.0,0.0
2025-09-22 00:00:00-04:00,2.9700000286102295,2.9700000286102295,2.8499999046325684,2.869999885559082,208300,0.0,0.0
2025-09-23 00:00:00-04:00,2.869999885559082,2.940000057220459,2.809999942779541,2.8499999046325684,330000,0.0,0.0
2025-09-24 00:00:00-04:00,3.0299999713897705,3.180000066757202,2.950000047683716,2.990000009536743,868000,0.0,0.0
2025-09-25 00:00:00-04:00,2.990000009536743,3.015000104904175,2.9000000953674316,2.9100000858306885,267900,0.0,0.0
2025-09-26 00:00:00-04:00,2.9000000953674316,2.950000047683716,2.8299999237060547,2.950000047683716,219000,0.0,0.0
2025-09-29 00:00:00-04:00,3.0299999713897705,3.359999895095825,3.0,3.25,779900,0.0,0.0
2025-09-30 00:00:00-04:00,3.2699999809265137,3.4800000190734863,3.200000047683716,3.299999952316284,438900,0.0,0.0
2025-10-01 00:00:00-04:00,3.309999942779541,3.4000000953674316,3.190000057220459,3.3399999141693115,324000,0.0,0.0
2025-10-02 00:00:00-04:00,3.380000114440918,3.4000000953674316,3.200000047683716,3.3299999237060547,260200,0.0,0.0
2025-10-03 00:00:00-04:00,3.3299999237060547,3.3889999389648438,3.2300000190734863,3.2699999809265137,297900,0.0,0.0
2025-10-06 00:00:00-04:00,3.2899999618530273,3.440000057220459,3.2699999809265137,3.3499999046325684,550100,0.0,0.0
2025-10-07 00:00:00-04:00,3.3499999046325684,3.8399999141693115,3.319999933242798,3.6700000762939453,651000,0.0,0.0
2025-10-08 00:00:00-04:00,3.6600000858306885,3.75,3.4600000381469727,3.5799999237060547,371500,0.0,0.0
2025-10-09 00:00:00-04:00,3.5999999046325684,3.6760001182556152,3.4200000762939453,3.559999942779541,445400,0.0,0.0
2025-10-10 00:00:00-04:00,3.5899999141693115,3.5899999141693115,3.140000104904175,3.1700000762939453,667100,0.0,0.0
2025-10-13 00:00:00-04:00,3.240000009536743,3.240000009536743,3.0999999046325684,3.119999885559082,314700,0.0,0.0
2025-10-14 00:00:00-04:00,3.1600000858306885,3.1760001182556152,2.950000047683716,3.049999952316284,395000,0.0,0.0
2025-10-15 00:00:00-04:00,3.0999999046325684,3.190000057220459,3.049999952316284,3.1700000762939453,207800,0.0,0.0
2025-10-16 00:00:00-04:00,3.180000066757202,3.180000066757202,3.0399999618530273,3.0399999618530273,296000,0.0,0.0
2025-10-17 00:00:00-04:00,3.0199999809265137,3.2300000190734863,2.950000047683716,3.180000066757202,1195400,0.0,0.0
2025-10-20 00:00:00-04:00,3.2699999809265137,3.390000104904175,3.1019999980926514,3.309999942779541,410000,0.0,0.0
2025-10-21 00:00:00-04:00,3.390000104904175,3.4200000762939453,3.180000066757202,3.2100000381469727,328000,0.0,0.0
2025-10-22 00:00:00-04:00,3.190000057220459,3.255000114440918,3.0480000972747803,3.1500000953674316,299500,0.0,0.0
2025-10-23 00:00:00-04:00,3.1500000953674316,3.2920000553131104,3.119999885559082,3.200000047683716,219800,0.0,0.0
2025-10-24 00:00:00-04:00,3.200000047683716,3.259999990463257,3.119999885559082,3.1500000953674316,341600,0.0,0.0
2025-10-27 00:00:00-04:00,3.2200000286102295,3.315000057220459,3.119999885559082,3.140000104904175,562600,0.0,0.0
2025-10-28 00:00:00-04:00,3.1700000762939453,3.25,2.9600000381469727,3.0,579800,0.0,0.0
2025-10-29 00:00:00-04:00,3.0,3.0899999141693115,2.9100000858306885,3.049999952316284,241500,0.0,0.0
2025-10-30 00:00:00-04:00,3.0399999618530273,3.140000104904175,3.0,3.0199999809265137,139700,0.0,0.0
2025-10-31 00:00:00-04:00,3.069999933242798,3.380000114440918,3.0,3.0999999046325684,1109000,0.0,0.0
2025-11-03 00:00:00-05:00,3.049999952316284,3.119999885559082,2.7899999618530273,2.8499999046325684,767400,0.0,0.0
2025-11-04 00:00:00-05:00,2.819999933242798,2.877000093460083,2.7300000190734863,2.740000009536743,445500,0.0,0.0
2025-11-05 00:00:00-05:00,2.75,2.7860000133514404,2.6500000953674316,2.6600000858306885,379000,0.0,0.0
2025-11-06 00:00:00-05:00,2.7699999809265137,2.7699999809265137,2.5999999046325684,2.6700000762939453,290700,0.0,0.0
2025-11-07 00:00:00-05:00,2.6700000762939453,2.700000047683716,2.440000057220459,2.450000047683716,704400,0.0,0.0
2025-11-10 00:00:00-05:00,2.509999990463257,2.609999895095825,2.5,2.5399999618530273,267700,0.0,0.0
2025-11-11 00:00:00-05:00,2.559999942779541,2.569999933242798,2.4700000286102295,2.490000009536743,183100,0.0,0.0
2025-11-12 00:00:00-05:00,2.490000009536743,2.740000009536743,2.4549999237060547,2.640000104904175,569300,0.0,0.0
2025-11-13 00:00:00-05:00,2.700000047683716,2.809999942779541,2.569999933242798,2.5899999141693115,475000,0.0,0.0
2025-11-14 00:00:00-05:00,2.5299999713897705,2.609999895095825,2.450000047683716,2.490000009536743,438200,0.0,0.0
2025-11-17 00:00:00-05:00,2.2899999618530273,2.490000009536743,2.069999933242798,2.109999895095825,1245800,0.0,0.0
2025-11-18 00:00:00-05:00,2.1600000858306885,2.2950000762939453,2.0409998893737793,2.2799999713897705,445700,0.0,0.0
2025-11-19 00:00:00-05:00,2.2899999618530273,2.2899999618530273,2.0899999141693115,2.130000114440918,500100,0.0,0.0
2025-11-20 00:00:00-05:00,2.130000114440918,2.2100000381469727,1.9950000047683716,2.0299999713897705,401700,0.0,0.0
2025-11-21 00:00:00-05:00,2.0,2.1600000858306885,1.9900000095367432,2.130000114440918,438300,0.0,0.0
2025-11-24 00:00:00-05:00,2.130000114440918,2.25,2.121000051498413,2.240000009536743,262900,0.0,0.0
2025-11-25 00:00:00-05:00,2.240000009536743,2.25,2.1500000953674316,2.180000066757202,135200,0.0,0.0
2025-11-26 00:00:00-05:00,2.190000057220459,2.371000051498413,2.1600000858306885,2.3399999141693115,356000,0.0,0.0
2025-11-28 00:00:00-05:00,2.5,2.509999990463257,2.359999895095825,2.450000047683716,143000,0.0,0.0
2025-12-01 00:00:00-05:00,2.430000066757202,2.450000047683716,2.3299999237060547,2.390000104904175,547400,0.0,0.0
2025-12-02 00:00:00-05:00,2.450000047683716,2.5299999713897705,2.240000009536743,2.2699999809265137,990100,0.0,0.0
2025-12-03 00:00:00-05:00,2.2699999809265137,2.4100000858306885,2.2200000286102295,2.4100000858306885,338500,0.0,0.0
2025-12-04 00:00:00-05:00,2.4200000762939453,2.509999990463257,2.359999895095825,2.440000057220459,356400,0.0,0.0
2025-12-05 00:00:00-05:00,2.4200000762939453,2.4200000762939453,2.3499999046325684,2.359999895095825,205400,0.0,0.0
2025-12-08 00:00:00-05:00,2.380000114440918,2.380000114440918,2.240000009536743,2.259999990463257,403000,0.0,0.0
2025-12-09 00:00:00-05:00,2.2699999809265137,2.390000104904175,2.234999895095825,2.3499999046325684,350800,0.0,0.0
2025-12-10 00:00:00-05:00,2.25,2.25,2.109999895095825,2.2100000381469727,755800,0.0,0.0
2025-12-11 00:00:00-05:00,2.200000047683716,2.2200000286102295,2.0899999141693115,2.200000047683716,407700,0.0,0.0
2025-12-12 00:00:00-05:00,2.190000057220459,2.23799991607666,2.059999942779541,2.069999933242798,595700,0.0,0.0
2025-12-15 00:00:00-05:00,2.0999999046325684,2.109999895095825,1.9800000190734863,1.9800000190734863,556700,0.0,0.0
2025-12-16 00:00:00-05:00,2.0,2.140000104904175,1.9600000381469727,2.0999999046325684,696600,0.0,0.0
2025-12-17 00:00:00-05:00,2.119999885559082,2.4100000858306885,2.109999895095825,2.2799999713897705,1090400,0.0,0.0
2025-12-18 00:00:00-05:00,2.440000057220459,2.440000057220459,2.174999952316284,2.180000066757202,621100,0.0,0.0
2025-12-19 00:00:00-05:00,2.200000047683716,2.4100000858306885,2.200000047683716,2.369999885559082,547100,0.0,0.0
2025-12-22 00:00:00-05:00,2.369999885559082,2.5199999809265137,2.299999952316284,2.4100000858306885,781300,0.0,0.0
2025-12-23 00:00:00-05:00,2.380000114440918,2.430000066757202,2.309999942779541,2.390000104904175,337900,0.0,0.0
2025-12-24 00:00:00-05:00,2.369999885559082,2.4600000381469727,2.3399999141693115,2.440000057220459,195400,0.0,0.0
2025-12-26 00:00:00-05:00,2.4600000381469727,2.5799999237060547,2.4000000953674316,2.559999942779541,499900,0.0,0.0
2025-12-29 00:00:00-05:00,2.5899999141693115,2.6659998893737793,2.4600000381469727,2.5999999046325684,498200,0.0,0.0
2025-12-30 00:00:00-05:00,2.5799999237060547,2.6500000953674316,2.559999942779541,2.630000114440918,268700,0.0,0.0
2025-12-31 00:00:00-05:00,2.7300000190734863,2.7300000190734863,2.5399999618530273,2.7100000381469727,620100,0.0,0.0
2026-01-02 00:00:00-05:00,2.75,2.765000104904175,2.5450000762939453,2.619999885559082,702300,0.0,0.0
2026-01-05 00:00:00-05:00,2.619999885559082,2.619999885559082,2.3589999675750732,2.4100000858306885,1267100,0.0,0.0
2026-01-06 00:00:00-05:00,2.369999885559082,2.450000047683716,2.3299999237060547,2.390000104904175,602200,0.0,0.0
2026-01-07 00:00:00-05:00,2.359999895095825,2.4809999465942383,2.3499999046325684,2.450000047683716,358800,0.0,0.0
2026-01-08 00:00:00-05:00,2.430000066757202,2.444999933242798,2.2899999618530273,2.3299999237060547,485000,0.0,0.0
2026-01-09 00:00:00-05:00,2.3499999046325684,2.380000114440918,2.190000057220459,2.2200000286102295,541100,0.0,0.0
2026-01-12 00:00:00-05:00,2.2200000286102295,2.25,2.069999933242798,2.2200000286102295,570900,0.0,0.0
2026-01-13 00:00:00-05:00,2.2300000190734863,2.240000009536743,2.109999895095825,2.130000114440918,494500,0.0,0.0
2026-01-14 00:00:00-05:00,2.180000066757202,2.180000066757202,2.0,2.1500000953674316,22030200,0.0,0.0
2026-01-15 00:00:00-05:00,2.1600000858306885,2.244999885559082,2.0799999237060547,2.1500000953674316,1611300,0.0,0.0
2026-01-16 00:00:00-05:00,2.180000066757202,2.380000114440918,2.1549999713897705,2.2699999809265137,1506300,0.0,0.0
2026-01-20 00:00:00-05:00,2.2300000190734863,2.240000009536743,2.119999885559082,2.180000066757202,1032600,0.0,0.0
2026-01-21 00:00:00-05:00,2.200000047683716,2.259999990463257,2.180000066757202,2.259999990463257,395900,0.0,0.0
2026-01-22 00:00:00-05:00,2.25,2.380000114440918,2.240000009536743,2.3399999141693115,615900,0.0,0.0
2026-01-23 00:00:00-05:00,2.299999952316284,2.3399999141693115,2.1649999618530273,2.1700000762939453,688900,0.0,0.0
2026-01-26 00:00:00-05:00,2.1700000762939453,2.1700000762939453,2.0899999141693115,2.119999885559082,437900,0.0,0.0
2026-01-27 00:00:00-05:00,2.130000114440918,2.240000009536743,2.0399999618530273,2.240000009536743,969500,0.0,0.0
2026-01-28 00:00:00-05:00,2.2200000286102295,2.240000009536743,2.0799999237060547,2.109999895095825,698900,0.0,0.0
2026-01-29 00:00:00-05:00,2.119999885559082,2.1549999713897705,2.059999942779541,2.119999885559082,691200,0.0,0.0
2026-01-30 00:00:00-05:00,2.1500000953674316,2.1610000133514404,2.0999999046325684,2.0999999046325684,380600,0.0,0.0
2026-02-02 00:00:00-05:00,2.0999999046325684,2.1700000762939453,2.0899999141693115,2.1500000953674316,272600,0.0,0.0
2026-02-03 00:00:00-05:00,2.1600000858306885,2.1600000858306885,1.9919999837875366,2.0399999618530273,610900,0.0,0.0
2026-02-04 00:00:00-05:00,2.0299999713897705,2.0799999237060547,1.8300000429153442,1.840000033378601,1055300,0.0,0.0
2026-02-05 00:00:00-05:00,1.8250000476837158,1.8600000143051147,1.659999966621399,1.6799999475479126,871700,0.0,0.0
2026-02-06 00:00:00-05:00,1.7200000286102295,1.9199999570846558,1.7100000381469727,1.909999966621399,528400,0.0,0.0
2026-02-09 00:00:00-05:00,1.940000057220459,1.9950000047683716,1.8200000524520874,1.9900000095367432,469900,0.0,0.0
2026-02-10 00:00:00-05:00,1.9600000381469727,1.9900000095367432,1.8650000095367432,1.8799999952316284,365600,0.0,0.0
2026-02-11 00:00:00-05:00,1.8799999952316284,1.8949999809265137,1.8049999475479126,1.8200000524520874,273200,0.0,0.0
2026-02-12 00:00:00-05:00,1.840000033378601,1.840000033378601,1.7000000476837158,1.7300000190734863,350200,0.0,0.0
2026-02-13 00:00:00-05:00,1.7300000190734863,1.8200000524520874,1.7300000190734863,1.7999999523162842,261400,0.0,0.0
2026-02-17 00:00:00-05:00,1.7999999523162842,1.850000023841858,1.725000023841858,1.7999999523162842,478200,0.0,0.0
2026-02-18 00:00:00-05:00,1.7899999618530273,1.8600000143051147,1.75,1.774999976158142,399100,0.0,0.0
2026-02-19 00:00:00-05:00,1.7799999713897705,1.850000023841858,1.7300000190734863,1.840000033378601,680500,0.0,0.0
2026-02-20 00:00:00-05:00,1.8200000524520874,1.850000023841858,1.7649999856948853,1.840000033378601,794300,0.0,0.0
2026-02-23 00:00:00-05:00,1.840000033378601,1.8799999952316284,1.7599999904632568,1.7599999904632568,483100,0.0,0.0
2026-02-24 00:00:00-05:00,1.809999942779541,1.909999966621399,1.7999999523162842,1.8849999904632568,951100,0.0,0.0
2026-02-25 00:00:00-05:00,1.899999976158142,1.9800000190734863,1.8799999952316284,1.909999966621399,889900,0.0,0.0
2026-02-26 00:00:00-05:00,1.909999966621399,1.9900000095367432,1.8550000190734863,1.9299999475479126,460900,0.0,0.0
2026-02-27 00:00:00-05:00,1.899999976158142,1.9299999475479126,1.8550000190734863,1.8600000143051147,415800,0.0,0.0
2026-03-02 00:00:00-05:00,1.840000033378601,1.8450000286102295,1.7799999713897705,1.8049999475479126,366300,0.0,0.0
2026-03-03 00:00:00-05:00,1.7699999809265137,1.8580000400543213,1.75,1.7999999523162842,597400,0.0,0.0
2026-03-04 00:00:00-05:00,1.840000033378601,1.8899999856948853,1.8200000524520874,1.8700000047683716,718000,0.0,0.0
2026-03-05 00:00:00-05:00,1.8799999952316284,1.8799999952316284,1.7400000095367432,1.7699999809265137,707700,0.0,0.0
2026-03-06 00:00:00-05:00,1.75,1.7599999904632568,1.690000057220459,1.7000000476837158,464100,0.0,0.0
2026-03-09 00:00:00-04:00,1.6399999856948853,1.7549999952316284,1.6200000047683716,1.7300000190734863,743700,0.0,0.0
2026-03-10 00:00:00-04:00,1.7300000190734863,1.850000023841858,1.7200000286102295,1.809999942779541,729700,0.0,0.0
2026-03-11 00:00:00-04:00,1.809999942779541,1.850000023841858,1.7699999809265137,1.840000033378601,252400,0.0,0.0
2026-03-12 00:00:00-04:00,1.8200000524520874,1.8550000190734863,1.7799999713897705,1.7999999523162842,503500,0.0,0.0
2026-03-13 00:00:00-04:00,1.7999999523162842,1.8849999904632568,1.7999999523162842,1.8600000143051147,350300,0.0,0.0
2026-03-16 00:00:00-04:00,1.9500000476837158,2.2300000190734863,1.909999966621399,2.0799999237060547,2081700,0.0,0.0
2026-03-17 00:00:00-04:00,2.130000114440918,2.13700008392334,1.9299999475479126,1.9500000476837158,937600,0.0,0.0
2026-03-18 00:00:00-04:00,1.9500000476837158,1.9800000190734863,1.8530000448226929,1.899999976158142,587100,0.0,0.0
2026-03-19 00:00:00-04:00,1.850000023841858,1.8799999952316284,1.7999999523162842,1.840000033378601,652500,0.0,0.0
2026-03-20 00:00:00-04:00,1.840000033378601,1.9049999713897705,1.7899999618530273,1.850000023841858,807900,0.0,0.0
2026-03-23 00:00:00-04:00,1.850000023841858,1.8700000047683716,1.7200000286102295,1.7699999809265137,781400,0.0,0.0
2026-03-24 00:00:00-04:00,1.8899999856948853,2.140000104904175,1.8200000524520874,2.130000114440918,1577600,0.0,0.0
2026-03-25 00:00:00-04:00,2.134999990463257,2.490000009536743,2.119999885559082,2.4100000858306885,2587100,0.0,0.0
2026-03-26 00:00:00-04:00,2.3499999046325684,2.430000066757202,2.316999912261963,2.380000114440918,991900,0.0,0.0
2026-03-27 00:00:00-04:00,2.299999952316284,2.316999912261963,2.1419999599456787,2.190000057220459,863500,0.0,0.0
2026-03-30 00:00:00-04:00,2.180000066757202,2.2360000610351562,2.059999942779541,2.0899999141693115,653300,0.0,0.0
2026-03-31 00:00:00-04:00,2.069999933242798,2.200000047683716,2.069999933242798,2.130000114440918,439800,0.0,0.0
2026-04-01 00:00:00-04:00,2.1500000953674316,2.240000009536743,2.1500000953674316,2.1600000858306885,417600,0.0,0.0
2026-04-02 00:00:00-04:00,2.130000114440918,2.234999895095825,2.115000009536743,2.200000047683716,355900,0.0,0.0
2026-04-06 00:00:00-04:00,2.2200000286102295,2.302000045776367,2.2100000381469727,2.25,693100,0.0,0.0
2026-04-07 00:00:00-04:00,2.25,2.255000114440918,2.109999895095825,2.2300000190734863,699800,0.0,0.0
2026-04-08 00:00:00-04:00,2.3499999046325684,2.3499999046325684,2.180000066757202,2.25,703200,0.0,0.0
2026-04-09 00:00:00-04:00,2.25,2.2899999618530273,2.2100000381469727,2.259999990463257,393300,0.0,0.0
2026-04-10 00:00:00-04:00,2.2699999809265137,2.2850000858306885,2.184999942779541,2.2200000286102295,477500,0.0,0.0
2026-04-13 00:00:00-04:00,2.240000009536743,2.299999952316284,2.180000066757202,2.2799999713897705,670400,0.0,0.0
2026-04-14 00:00:00-04:00,2.2799999713897705,2.5450000762939453,2.2799999713897705,2.5,1590100,0.0,0.0
2026-04-15 00:00:00-04:00,2.509999990463257,2.5799999237060547,2.4100000858306885,2.5199999809265137,1081600,0.0,0.0
2026-04-16 00:00:00-04:00,2.5399999618530273,2.609999895095825,2.430000066757202,2.509999990463257,958400,0.0,0.0
2026-04-17 00:00:00-04:00,2.509999990463257,2.575000047683716,2.490000009536743,2.549999952316284,1087100,0.0,0.0
2026-04-20 00:00:00-04:00,2.549999952316284,3.200000047683716,2.549999952316284,3.200000047683716,4591200,0.0,0.0
2026-04-21 00:00:00-04:00,3.1700000762939453,3.2899999618530273,2.880000114440918,2.950000047683716,2537700,0.0,0.0
2026-04-22 00:00:00-04:00,3.0399999618530273,3.0399999618530273,2.819999933242798,2.9700000286102295,1199700,0.0,0.0
2026-04-23 00:00:00-04:00,2.9600000381469727,2.9600000381469727,2.7899999618530273,2.8399999141693115,810900,0.0,0.0
2026-04-24 00:00:00-04:00,2.880000114440918,3.009999990463257,2.859999895095825,2.940000057220459,473400,0.0,0.0
2026-04-27 00:00:00-04:00,2.990000009536743,3.2200000286102295,2.950000047683716,3.0299999713897705,1434400,0.0,0.0
2026-04-28 00:00:00-04:00,3.0199999809265137,3.0999999046325684,2.880000114440918,2.950000047683716,666600,0.0,0.0
2026-04-29 00:00:00-04:00,2.9600000381469727,2.9600000381469727,2.8499999046325684,2.9100000858306885,469400,0.0,0.0
2026-04-30 00:00:00-04:00,2.9200000762939453,3.069999933242798,2.880000114440918,2.9800000190734863,954696,0.0,0.0
