Date,Open,High,Low,Close,Volume,Dividends,Stock Splits
2022-01-03 00:00:00-05:00,294.7439648549601,294.7439648549601,287.6115285374551,290.6327819824219,76300,0.0,0.0
2022-01-04 00:00:00-05:00,289.6001580531245,290.3363673051795,285.9478809083587,289.30377197265625,99100,0.0,0.0
2022-01-05 00:00:00-05:00,287.3151357057553,290.8909094464228,281.6454895603003,281.6550598144531,119300,0.0,0.0
2022-01-06 00:00:00-05:00,279.5420463193251,291.0916191681065,279.5420463193251,284.4659118652344,100700,0.0,0.0
2022-01-07 00:00:00-05:00,283.0413693575054,289.122098012554,281.43511327226196,283.5002746582031,130300,0.0,0.0
2022-01-10 00:00:00-05:00,280.33562417937446,288.0417205346168,279.01621303559324,286.0721740722656,134300,0.0,0.0
2022-01-11 00:00:00-05:00,287.97470653307306,291.22541106452354,286.9230002847122,289.2367248535156,64500,0.0,0.0
2022-01-12 00:00:00-05:00,290.47018316378796,290.6327315719745,285.6132507324219,285.6132507324219,72300,0.0,0.0
2022-01-13 00:00:00-05:00,286.50237235126053,289.3993283276371,283.9782768744671,286.22509765625,94500,0.0,0.0
2022-01-14 00:00:00-05:00,284.819680015426,288.5484313964844,283.15608997870766,288.5484313964844,136600,0.0,0.0
2022-01-18 00:00:00-05:00,286.2920768767899,287.8791924664692,273.89156740479245,274.4556579589844,109300,0.0,0.0
2022-01-19 00:00:00-05:00,274.5513220333198,286.89447054872994,273.9776611235571,275.7273254394531,114600,0.0,0.0
2022-01-20 00:00:00-05:00,280.3834681376793,288.31901777076047,274.67559938194717,275.26837158203125,114300,0.0,0.0
2022-01-21 00:00:00-05:00,274.3982857288975,285.3933389898115,270.3062148997657,270.4305114746094,117800,0.0,0.0
2022-01-24 00:00:00-05:00,267.7534484809637,281.67414023642954,261.7300829016644,274.8763427734375,158200,0.0,0.0
2022-01-25 00:00:00-05:00,273.6621335306109,280.10618215136384,263.51798557932796,264.5123291015625,141400,0.0,0.0
2022-01-26 00:00:00-05:00,270.1054629240095,273.98719271101453,263.28852475208333,264.7035217285156,117000,0.0,0.0
2022-01-27 00:00:00-05:00,268.80517977693887,274.5417300656629,259.90396824647706,260.35333251953125,121200,0.0,0.0
2022-01-28 00:00:00-05:00,260.87916685177856,270.47833567460634,258.94787212471374,267.39971923828125,109300,0.0,0.0
2022-01-31 00:00:00-05:00,265.77440596624245,280.30698365007765,265.77440596624245,277.30487060546875,122200,0.0,0.0
2022-02-01 00:00:00-05:00,277.2761321704435,283.9305214867399,275.344808479284,282.41033935546875,163200,0.0,0.0
2022-02-02 00:00:00-05:00,285.4124521322799,288.1468892634271,273.3274695566693,274.4747619628906,199000,0.0,0.0
2022-02-03 00:00:00-05:00,269.6656778917502,271.67347648771056,252.47516616889607,252.83848571777344,171300,0.0,0.0
2022-02-04 00:00:00-05:00,241.97722222838323,245.29486128430958,221.66984575582453,225.84796142578125,352200,0.0,0.0
2022-02-07 00:00:00-05:00,222.77889195253414,235.63833526771165,222.77889195253414,232.56927490234375,254200,0.0,0.0
2022-02-08 00:00:00-05:00,230.41807886811736,235.83911656635024,228.19038365786503,232.15817260742188,142000,0.0,0.0
2022-02-09 00:00:00-05:00,234.24246878911524,244.3387949055725,232.9230575618049,242.19715881347656,159300,0.0,0.0
2022-02-10 00:00:00-05:00,237.6939294994436,241.05937596306921,232.58840393752052,234.2233123779297,180300,0.0,0.0
2022-02-11 00:00:00-05:00,233.82076684064782,236.41812814053156,227.15960460471672,228.80812072753906,128200,0.6,0.0
2022-02-14 00:00:00-05:00,226.78583856243276,230.98380619303907,223.19169220050787,226.4503936767578,131500,0.0,0.0
2022-02-15 00:00:00-05:00,230.07325534724677,237.90369921733082,228.7314321446857,236.88775634765625,128600,0.0,0.0
2022-02-16 00:00:00-05:00,234.95173695106436,239.18803559551185,234.84630807559677,237.98040771484375,87700,0.0,0.0
2022-02-17 00:00:00-05:00,236.59067700950743,240.4723433255978,234.20415859419884,235.7280731201172,94800,0.0,0.0
2022-02-18 00:00:00-05:00,235.9006136772557,245.74377242556585,234.71214396207472,239.96438598632812,155400,0.0,0.0
2022-02-22 00:00:00-05:00,234.70253552290706,239.59056540911092,225.9807351995563,228.50143432617188,133900,0.0,0.0
2022-02-23 00:00:00-05:00,228.92316471699834,231.76013601327742,223.2300346246169,224.34182739257812,101300,0.0,0.0
2022-02-24 00:00:00-05:00,217.24937016201775,233.1786219398098,215.78295963642557,232.49813842773438,117500,0.0,0.0
2022-02-25 00:00:00-05:00,235.05716573416146,240.67361888266174,231.50135059444145,240.44358825683594,86200,0.0,0.0
2022-02-28 00:00:00-05:00,238.30625410739796,246.24214187371317,238.30625410739796,243.3380584716797,145700,0.0,0.0
2022-03-01 00:00:00-05:00,242.48502245850824,246.83634290901102,238.66084628609931,240.80775451660156,159100,0.0,0.0
2022-03-02 00:00:00-05:00,242.38924119365393,246.43385534315527,238.66091370034997,245.79171752929688,136200,0.0,0.0
2022-03-03 00:00:00-05:00,248.78203725098413,249.36667104600278,241.73750421309808,244.89076232910156,102900,0.0,0.0
2022-03-04 00:00:00-05:00,241.90043160617577,241.90043160617577,234.970921359209,238.9005126953125,143600,0.0,0.0
2022-03-07 00:00:00-05:00,236.90694023730794,238.23918446015773,232.354355078835,237.52035522460938,99800,0.0,0.0
2022-03-08 00:00:00-05:00,237.18492782413168,246.13674560548995,235.1721998424141,239.30307006835938,97000,0.0,0.0
2022-03-09 00:00:00-05:00,245.86834244955227,250.8809886832107,244.20065341320907,247.4689483642578,106800,0.0,0.0
2022-03-10 00:00:00-05:00,243.10805142827076,246.53927949739898,237.01237867971875,245.01535034179688,86000,0.0,0.0
2022-03-11 00:00:00-05:00,248.6478116181428,248.6478116181428,238.69922518828474,239.5234832763672,87200,0.0,0.0
2022-03-14 00:00:00-04:00,238.14330383327314,243.37637179973075,233.26485356382653,235.98681640625,82200,0.0,0.0
2022-03-15 00:00:00-04:00,239.015525501248,245.5904030841764,235.47888320689864,244.36361694335938,86000,0.0,0.0
2022-03-16 00:00:00-04:00,248.49450201614061,255.03106388442845,248.2357339814851,254.7818603515625,92800,0.0,0.0
2022-03-17 00:00:00-04:00,253.8905414212043,262.97655568113044,252.51038661591818,262.5548400878906,85600,0.0,0.0
2022-03-18 00:00:00-04:00,262.34393278202083,274.4681806764829,262.34393278202083,271.8708190917969,142900,0.0,0.0
2022-03-21 00:00:00-04:00,271.6120147673048,273.9889245272919,266.647279020228,268.50665283203125,105500,0.0,0.0
2022-03-22 00:00:00-04:00,269.0914335448364,278.23492362202785,267.749595093939,272.3309631347656,80500,0.0,0.0
2022-03-23 00:00:00-04:00,268.6504350060043,271.11363021002956,264.70167107929103,265.6984558105469,84700,0.0,0.0
2022-03-24 00:00:00-04:00,268.0370265661473,273.2796885246371,265.8613807905806,271.247802734375,84000,0.0,0.0
2022-03-25 00:00:00-04:00,270.30855371537496,275.3403585345362,269.6855742066596,273.2317810058594,68000,0.0,0.0
2022-03-28 00:00:00-04:00,271.74621002128407,275.5799660427457,268.12331175097233,273.58642578125,74900,0.0,0.0
2022-03-29 00:00:00-04:00,277.83225779998077,284.3304720162206,277.83225779998077,282.34649658203125,80100,0.0,0.0
2022-03-30 00:00:00-04:00,280.7843429259933,284.55103125278663,279.5671356583525,281.3785705566406,56600,0.0,0.0
2022-03-31 00:00:00-04:00,282.9791246865675,283.9854739722098,278.7428112881487,279.0591125488281,75300,0.0,0.0
2022-04-01 00:00:00-04:00,281.0047002371342,283.60206143682797,275.1486234150907,278.2635498046875,83900,0.0,0.0
2022-04-04 00:00:00-04:00,278.42648729692775,287.50290442112043,278.42648729692775,287.3974609375,119400,0.0,0.0
2022-04-05 00:00:00-04:00,286.88951228338937,288.68181765332207,279.54789581287287,279.98876953125,93800,0.0,0.0
2022-04-06 00:00:00-04:00,278.1389896421105,279.3466028064124,272.69503428135863,275.58953857421875,106000,0.0,0.0
2022-04-07 00:00:00-04:00,273.5192729581913,278.733182437502,272.12952498054113,276.5479431152344,91800,0.0,0.0
2022-04-08 00:00:00-04:00,273.65345616239915,278.8290494698042,270.34685960403823,272.2349853515625,93400,0.0,0.0
2022-04-11 00:00:00-04:00,268.95716518390134,273.85480400552154,267.27030307323525,270.682373046875,69700,0.0,0.0
2022-04-12 00:00:00-04:00,272.311612563857,277.67887540569535,271.38192580777485,273.99847412109375,69000,0.0,0.0
2022-04-13 00:00:00-04:00,276.38508157809963,280.9185090998858,276.0113055346596,280.5734558105469,83300,0.0,0.0
2022-04-14 00:00:00-04:00,274.9761094799449,280.2571170811327,274.4873255394544,277.61181640625,72400,0.0,0.0
2022-04-18 00:00:00-04:00,275.1390581294442,279.1069799094058,272.21580197648206,273.9410095214844,79700,0.0,0.0
2022-04-19 00:00:00-04:00,271.90917368345725,279.4712426756573,270.8452911146638,277.66937255859375,94600,0.0,0.0
2022-04-20 00:00:00-04:00,280.12296457539117,283.69795268455397,278.23483851762245,283.65960693359375,101400,0.0,0.0
2022-04-21 00:00:00-04:00,284.5892260711998,288.7009367159754,278.05266643062953,279.0398864746094,96100,0.0,0.0
2022-04-22 00:00:00-04:00,279.8833648530325,281.78108472889187,271.9091740724392,272.3404541015625,86500,0.0,0.0
2022-04-25 00:00:00-04:00,269.01462444861926,279.26993241706117,266.6472791867052,279.2411804199219,95100,0.0,0.0
2022-04-26 00:00:00-04:00,278.4840298134404,278.70448131024733,270.67275791669476,270.7494201660156,89500,0.0,0.0
2022-04-27 00:00:00-04:00,271.68868724177133,276.1837682061739,263.6186185047336,265.5067443847656,104400,0.0,0.0
2022-04-28 00:00:00-04:00,267.38535007260396,277.4202085979895,267.38535007260396,277.33392333984375,111600,0.0,0.0
2022-04-29 00:00:00-04:00,273.4426055980914,279.01113324939047,269.87721173149475,270.5193786621094,84400,0.0,0.0
2022-05-02 00:00:00-04:00,268.83251938121487,274.49689682552037,266.6760318427387,272.1007995605469,95500,0.0,0.0
2022-05-03 00:00:00-04:00,271.4586733672517,275.0911359153093,269.76221771230894,272.8963317871094,66000,0.0,0.0
2022-05-04 00:00:00-04:00,272.27336583644524,277.33392309919975,267.2128085736907,277.2093505859375,52800,0.0,0.0
2022-05-05 00:00:00-04:00,275.3978341833162,275.3978341833162,262.12344936760604,264.35662841796875,85300,0.0,0.0
2022-05-06 00:00:00-04:00,240.6448956818199,245.379572643589,218.99375949996562,223.1150360107422,222700,0.0,0.0
2022-05-09 00:00:00-04:00,218.83077317035796,226.55578824095437,214.13441386064724,223.57504272460938,149700,0.0,0.0
2022-05-10 00:00:00-04:00,226.9104415507818,229.86243553372515,214.74784785591385,220.88186645507812,115400,0.0,0.0
2022-05-11 00:00:00-04:00,217.94901731311768,223.64214717103377,210.9620036122504,212.57217407226562,116100,0.0,0.0
2022-05-12 00:00:00-04:00,211.20160198743005,217.61356073226244,209.08344552945715,215.85003662109375,78500,0.0,0.0
2022-05-13 00:00:00-04:00,219.01174377121495,230.37076301121334,219.01174377121495,230.34193420410156,64100,0.6,0.0
2022-05-16 00:00:00-04:00,227.08410758650206,231.9083275423627,225.35430614180265,230.4860382080078,62700,0.0,0.0
2022-05-17 00:00:00-04:00,232.6579094735935,242.7484009559779,231.65846210558007,242.46009826660156,53300,0.0,0.0
2022-05-18 00:00:00-04:00,237.78003521470168,240.6534282248543,230.99538291792925,233.08074951171875,61600,0.0,0.0
2022-05-19 00:00:00-04:00,232.56183892169201,235.8388501712369,226.86311990734552,232.023681640625,58200,0.0,0.0
2022-05-20 00:00:00-04:00,233.74389673500056,240.15376143347729,230.12093929478863,240.13455200195312,69300,0.0,0.0
2022-05-23 00:00:00-04:00,239.76931769413528,246.5251413843261,238.50079162007037,244.1322479248047,65300,0.0,0.0
2022-05-24 00:00:00-04:00,242.5850666987002,248.10122308805964,237.41490000040966,247.2555389404297,42900,0.0,0.0
2022-05-25 00:00:00-04:00,245.14128537906868,247.26508542513946,239.9615002148531,242.604248046875,64100,0.0,0.0
2022-05-26 00:00:00-04:00,242.23909717566158,250.74394672627585,240.41318973318297,248.6201171875,43600,0.0,0.0
2022-05-27 00:00:00-04:00,249.85981790435451,259.3833244829935,249.4946334781149,256.73095703125,57700,0.0,0.0
2022-05-31 00:00:00-04:00,255.5297117757535,256.51953989626696,251.21483423983128,251.35897827148438,54400,0.0,0.0
2022-06-01 00:00:00-04:00,253.78069178095728,255.61620403224873,249.1294585133766,252.0701141357422,57200,0.0,0.0
2022-06-02 00:00:00-04:00,253.7711226414426,261.3918409663398,252.19506952318213,261.180419921875,52400,0.0,0.0
2022-06-03 00:00:00-04:00,259.46982287739684,261.22843877285527,255.6354448796345,259.1142578125,39200,0.0,0.0
2022-06-06 00:00:00-04:00,260.20017512743397,264.26518332309445,257.75922873809844,260.7959899902344,49500,0.0,0.0
2022-06-07 00:00:00-04:00,259.9310573642499,265.45680240690297,259.4024902420112,264.6495666503906,37000,0.0,0.0
2022-06-08 00:00:00-04:00,260.94017770562937,265.31271344235563,260.94017770562937,263.5252685546875,38400,0.0,0.0
2022-06-09 00:00:00-04:00,262.22790576528604,266.11997099374645,261.180419921875,261.180419921875,37500,0.0,0.0
2022-06-10 00:00:00-04:00,255.47197104438806,257.9897837359885,251.54148864746094,251.54148864746094,40000,0.0,0.0
2022-06-13 00:00:00-04:00,245.8524738032711,245.8524738032711,239.50026729791665,239.99037170410156,64900,0.0,0.0
2022-06-14 00:00:00-04:00,240.30748564701534,244.27641749852435,239.28882872233888,242.87335205078125,48500,0.0,0.0
2022-06-15 00:00:00-04:00,245.7275212891939,252.17583312850215,244.97794299849093,249.571533203125,40600,0.0,0.0
2022-06-16 00:00:00-04:00,242.70036852270476,242.70036852270476,231.9179555423661,233.07115173339844,101400,0.0,0.0
2022-06-17 00:00:00-04:00,234.11863331643312,239.48101090765388,234.11863331643312,239.16387939453125,93600,0.0,0.0
2022-06-21 00:00:00-04:00,242.17181861118863,242.17181861118863,238.42392728387057,239.96151733398438,63300,0.0,0.0
2022-06-22 00:00:00-04:00,236.34814934087566,241.69130263138803,236.05024193034257,238.5007781982422,45700,0.0,0.0
2022-06-23 00:00:00-04:00,241.00901968695442,244.5070567221059,240.24983665514614,243.12322998046875,68800,0.0,0.0
2022-06-24 00:00:00-04:00,246.46754785341145,254.81863602114785,246.46754785341145,253.7903594970703,196800,0.0,0.0
2022-06-27 00:00:00-04:00,252.76202272703884,254.17469285659627,249.83098662314984,252.5025634765625,39800,0.0,0.0
2022-06-28 00:00:00-04:00,253.184841843012,253.184841843012,242.2390761696773,242.8252716064453,58700,0.0,0.0
2022-06-29 00:00:00-04:00,241.2780939157628,243.39228937841284,235.30067727934642,243.0847625732422,42700,0.0,0.0
2022-06-30 00:00:00-04:00,238.51040847734436,244.23795585028,236.61723876370252,238.52963256835938,53000,0.0,0.0
2022-07-01 00:00:00-04:00,238.22211439255034,240.36513871224338,232.4368945370949,236.20401000976562,63700,0.0,0.0
2022-07-05 00:00:00-04:00,233.6285497086049,237.37644126230703,229.5923554206904,237.36683654785156,48200,0.0,0.0
2022-07-06 00:00:00-04:00,238.57768784567574,243.34425096368497,238.46237261871687,241.05706787109375,42300,0.0,0.0
2022-07-07 00:00:00-04:00,242.70996165487972,244.6800129967162,242.5273694561395,243.8439483642578,48100,0.0,0.0
2022-07-08 00:00:00-04:00,244.15148648736218,249.30245812643227,239.88464713250923,246.38101196289062,43000,0.0,0.0
2022-07-11 00:00:00-04:00,243.29619409431166,247.79367850023368,241.09551212153758,242.87335205078125,47300,0.0,0.0
2022-07-12 00:00:00-04:00,241.4991168412282,244.08420719543147,239.66360473632812,239.66360473632812,34500,0.0,0.0
2022-07-13 00:00:00-04:00,236.54999508789396,242.71000472585075,236.54999508789396,239.94232177734375,32400,0.0,0.0
2022-07-14 00:00:00-04:00,235.7715910055349,242.03731124531137,231.94681747132176,240.37478637695312,31100,0.0,0.0
2022-07-15 00:00:00-04:00,241.4606570264838,247.53416442871094,239.14466006710276,247.53416442871094,66900,0.0,0.0
2022-07-18 00:00:00-04:00,247.93786175727996,247.93786175727996,243.1424691521165,244.41099548339844,34200,0.0,0.0
2022-07-19 00:00:00-04:00,246.36173218829947,253.44432067871094,246.36173218829947,253.44432067871094,43800,0.0,0.0
2022-07-20 00:00:00-04:00,254.16511395323062,257.768861449195,252.16621891880726,257.5478210449219,44400,0.0,0.0
2022-07-21 00:00:00-04:00,258.4703186307253,264.53422081448645,257.8456750596743,264.0825500488281,33300,0.0,0.0
2022-07-22 00:00:00-04:00,264.71686582581555,265.12049844631804,258.6241336252221,261.08428955078125,36700,0.0,0.0
2022-07-25 00:00:00-04:00,262.5162032663927,263.3426486237146,259.01815158293203,261.29571533203125,29600,0.0,0.0
2022-07-26 00:00:00-04:00,261.84344438045275,266.8214130302691,258.50877609564105,263.93841552734375,72200,0.0,0.0
2022-07-27 00:00:00-04:00,265.2165687044075,276.46024170264826,265.2165687044075,274.7496643066406,53400,0.0,0.0
2022-07-28 00:00:00-04:00,277.0560883068583,287.24268682027144,275.84524912339515,284.60955810546875,62000,0.0,0.0
2022-07-29 00:00:00-04:00,286.9640046203028,294.9691457070712,283.3122187856973,289.8662414550781,66600,0.0,0.0
2022-08-01 00:00:00-04:00,290.0103457044635,296.6700633125298,283.87916594057924,284.77288818359375,100200,0.0,0.0
2022-08-02 00:00:00-04:00,285.7435471747772,291.10594004551604,285.349533916525,289.5587158203125,54800,0.0,0.0
2022-08-03 00:00:00-04:00,292.12464523280016,297.90985179693615,289.23202728704314,296.2953796386719,51000,0.0,0.0
2022-08-04 00:00:00-04:00,297.8905703501908,299.87022654059126,292.1341646628334,299.0149230957031,58600,0.0,0.0
2022-08-05 00:00:00-04:00,297.8905502694378,303.44512461583776,293.9696570088209,303.23370361328125,34900,0.0,0.0
2022-08-08 00:00:00-04:00,306.40500508823783,306.40500508823783,303.6373224859675,305.8283996582031,43800,0.0,0.0
2022-08-09 00:00:00-04:00,305.86685597966806,305.86685597966806,296.18958599172004,299.4473876953125,61300,0.0,0.0
2022-08-10 00:00:00-04:00,304.75209144227875,306.8374728144483,303.9160267488195,304.684814453125,40800,0.0,0.0
2022-08-11 00:00:00-04:00,307.35636604097994,308.0963542060737,303.32018693424914,303.9352111816406,33500,0.0,0.0
2022-08-12 00:00:00-04:00,303.8295428014186,309.7588920706854,303.7334370057564,308.3462219238281,28200,0.0,0.0
2022-08-15 00:00:00-04:00,307.5196937253471,311.1138207610058,304.6655253948642,310.1239929199219,29600,0.0,0.0
2022-08-16 00:00:00-04:00,311.19074659976206,311.8730477732161,307.1065002804023,310.4315490722656,32100,0.0,0.0
2022-08-17 00:00:00-04:00,309.30722167785393,311.3541548862283,305.3959768022902,310.44122314453125,36500,0.0,0.0
2022-08-18 00:00:00-04:00,310.47003781901526,320.05120160975036,310.47003781901526,317.9658203125,32600,0.0,0.0
2022-08-19 00:00:00-04:00,316.71661643175514,316.71661643175514,309.2688702085031,313.1801452636719,35600,0.0,0.0
2022-08-22 00:00:00-04:00,307.31797887102226,309.19190993711453,303.8679948526506,305.54974365234375,42100,0.0,0.0
2022-08-23 00:00:00-04:00,307.02965748104987,311.27728729813236,304.7232650227019,304.9443054199219,41100,0.0,0.0
2022-08-24 00:00:00-04:00,302.93581165972455,306.28007036327324,300.4756558648084,303.5604553222656,29200,0.0,0.0
2022-08-25 00:00:00-04:00,304.9538667162329,307.8561031029082,304.26194611123253,306.4241943359375,42300,0.0,0.0
2022-08-26 00:00:00-04:00,317.1297930779574,320.262660418578,299.3609240566217,303.73345947265625,70700,0.0,0.0
2022-08-29 00:00:00-04:00,302.7148349859126,312.9975411116228,302.7148349859126,310.7103576660156,75500,0.0,0.0
2022-08-30 00:00:00-04:00,313.8143078200376,313.8143078200376,301.8594742528579,306.6933288574219,73500,0.0,0.0
2022-08-31 00:00:00-04:00,309.94147288405827,310.2586190653411,297.9674302347328,298.2845764160156,113900,0.0,0.0
2022-09-01 00:00:00-04:00,299.7068227829873,299.7068227829873,289.26076592838444,296.122314453125,50300,0.0,0.0
2022-09-02 00:00:00-04:00,297.49919055077356,297.49919055077356,288.92961755129136,291.1827392578125,47000,0.6,0.0
2022-09-06 00:00:00-04:00,289.74812365916955,292.80041848591424,284.5389705947727,291.9916076660156,62800,0.0,0.0
2022-09-07 00:00:00-04:00,293.6670298824363,297.97107927450315,293.07969065098314,296.99859619140625,44900,0.0,0.0
2022-09-08 00:00:00-04:00,295.0053923766911,298.4813540195507,291.3464529065051,297.2585144042969,55600,0.0,0.0
2022-09-09 00:00:00-04:00,298.1827756182182,302.8623579473425,297.92281024949193,300.8114318847656,46000,0.0,0.0
2022-09-12 00:00:00-04:00,300.5804457341923,303.12241828969724,299.4442318693755,302.67950439453125,40500,0.0,0.0
2022-09-13 00:00:00-04:00,296.57488292495594,297.10445196537114,292.4730295518763,293.35888671875,45700,0.0,0.0
2022-09-14 00:00:00-04:00,296.26673570951743,296.29562075728313,291.7797388541989,295.6504821777344,55200,0.0,0.0
2022-09-15 00:00:00-04:00,296.56521169260054,296.56521169260054,286.7824076768503,288.7563171386719,76600,0.0,0.0
2022-09-16 00:00:00-04:00,286.8787260491415,297.66292826220234,283.30647118720725,297.59552001953125,256700,0.0,0.0
2022-09-19 00:00:00-04:00,294.5046884309994,298.42359347362276,291.6738653194777,297.5088806152344,68700,0.0,0.0
2022-09-20 00:00:00-04:00,296.7289967230438,296.7289967230438,285.97367747271124,289.7866516113281,58600,0.0,0.0
2022-09-21 00:00:00-04:00,289.8540147253544,292.5885738845112,284.1537866211285,284.57745361328125,64200,0.0,0.0
2022-09-22 00:00:00-04:00,286.1469850392129,286.1469850392129,278.32845021661046,279.5898132324219,50300,0.0,0.0
2022-09-23 00:00:00-04:00,277.38478446905685,277.38478446905685,271.8771429121191,276.5470886230469,44100,0.0,0.0
2022-09-26 00:00:00-04:00,275.34345546419183,280.66814779215184,274.79463958727035,275.18939208984375,47000,0.0,0.0
2022-09-27 00:00:00-04:00,278.77133804821955,279.61867207688664,272.9844838751181,277.2692565917969,54900,0.0,0.0
2022-09-28 00:00:00-04:00,280.3504788184634,288.6889736072583,277.7892297081747,287.7164611816406,45700,0.0,0.0
2022-09-29 00:00:00-04:00,286.29134322860756,286.29134322860756,278.70392000353155,283.1908874511719,54700,0.0,0.0
2022-09-30 00:00:00-04:00,280.8318913413037,290.77836885002796,280.8318913413037,282.6613464355469,48500,0.0,0.0
2022-10-03 00:00:00-04:00,287.31201599640457,288.86222918844817,281.0533343639882,287.3216247558594,57300,0.0,0.0
2022-10-04 00:00:00-04:00,292.7618729897068,297.66292826220234,292.7618729897068,297.59552001953125,32300,0.0,0.0
2022-10-05 00:00:00-04:00,296.5941066526914,306.1650775188985,293.40699574529856,305.30810546875,45800,0.0,0.0
2022-10-06 00:00:00-04:00,306.06883406109966,308.1197609212663,302.7661824260265,305.5777587890625,45500,0.0,0.0
2022-10-07 00:00:00-04:00,300.9174443573196,301.1389160090959,288.3904705825549,290.07550048828125,43100,0.0,0.0
2022-10-10 00:00:00-04:00,289.9310311553844,289.9310311553844,282.29544593605164,287.4275817871094,49000,0.0,0.0
2022-10-11 00:00:00-04:00,286.9365272016779,289.47852933249743,281.15928168755016,287.2350158691406,32800,0.0,0.0
2022-10-12 00:00:00-04:00,289.6710235052154,289.75767864291595,286.06024584477257,286.30096435546875,34200,0.0,0.0
2022-10-13 00:00:00-04:00,279.714965598432,293.07966469757815,275.6997671045121,291.0094909667969,44300,0.0,0.0
2022-10-14 00:00:00-04:00,294.9091274420803,294.9091274420803,281.5925893435493,281.7658996582031,46500,0.0,0.0
2022-10-17 00:00:00-04:00,288.7659886650705,293.99438891641324,288.7659886650705,293.0700378417969,39200,0.0,0.0
2022-10-18 00:00:00-04:00,296.555600449538,297.4222106933594,291.3464477649649,297.4222106933594,47200,0.0,0.0
2022-10-19 00:00:00-04:00,298.10586449732585,298.2791748046875,292.29009597872596,298.2791748046875,37900,0.0,0.0
2022-10-20 00:00:00-04:00,294.79349911296606,300.89811657590826,290.4413193332615,294.46612548828125,44700,0.0,0.0
2022-10-21 00:00:00-04:00,296.7482642002965,310.77735128487683,295.0247107936273,310.0359191894531,52000,0.0,0.0
2022-10-24 00:00:00-04:00,309.36179081513365,312.56814825541613,305.9435705382222,312.1059875488281,73000,0.0,0.0
2022-10-25 00:00:00-04:00,313.81029080307303,327.0690561314779,313.81029080307303,324.6137390136719,59200,0.0,0.0
2022-10-26 00:00:00-04:00,322.8035793822973,332.19160294375115,319.18316294424767,327.6179504394531,48700,0.0,0.0
2022-10-27 00:00:00-04:00,328.7734058637316,331.4694418577589,319.37574431097056,322.7169189453125,71600,0.0,0.0
2022-10-28 00:00:00-04:00,322.0910587916753,337.61258623012003,322.0910587916753,337.1600341796875,49000,0.0,0.0
2022-10-31 00:00:00-04:00,337.4393252900707,337.4393252900707,329.6881691974325,333.8766784667969,46800,0.0,0.0
2022-11-01 00:00:00-04:00,337.005961532061,337.005961532061,327.8201336671882,331.96051025390625,40800,0.0,0.0
2022-11-02 00:00:00-04:00,334.10767976512494,335.29202550504135,322.3991270004225,323.0731506347656,52100,0.0,0.0
2022-11-03 00:00:00-04:00,317.53661469448787,319.8378978630981,312.9437158857735,313.91619873046875,65000,0.0,0.0
2022-11-04 00:00:00-04:00,308.1197295746731,311.63421436321676,283.81679530753865,286.7727966308594,88400,0.0,0.0
2022-11-07 00:00:00-05:00,286.3299142000971,288.3423178787901,271.5305415148136,275.5938720703125,82600,0.0,0.0
2022-11-08 00:00:00-05:00,278.5980096807539,285.2225886923159,272.4933909502798,275.6034851074219,82400,0.0,0.0
2022-11-09 00:00:00-05:00,272.4260624503772,273.83188031132613,262.93213443044226,265.1563720703125,68600,0.0,0.0
2022-11-10 00:00:00-05:00,274.5455496665699,286.42441132385346,271.7085156129636,284.947998046875,80500,0.6,0.0
2022-11-11 00:00:00-05:00,286.4822739581467,289.82108493774706,275.89647887817426,278.6273498535156,73600,0.0,0.0
2022-11-14 00:00:00-05:00,279.2352683489361,284.59090603922067,276.070146343283,283.43292236328125,54900,0.0,0.0
2022-11-15 00:00:00-05:00,285.59450603913194,287.5630668227641,279.36076458117515,281.8021545410156,55900,0.0,0.0
2022-11-16 00:00:00-05:00,281.53196120679326,281.53196120679326,272.4225785122739,276.4947814941406,63100,0.0,0.0
2022-11-17 00:00:00-05:00,274.52612264357134,280.60549154492736,274.52612264357134,279.0615234375,75800,0.0,0.0
2022-11-18 00:00:00-05:00,283.2688424860721,288.7595611791242,280.19056506593404,287.2059631347656,50200,0.0,0.0
2022-11-21 00:00:00-05:00,284.6681653166103,284.76466888951967,275.04734512779027,277.9519348144531,77000,0.0,0.0
2022-11-22 00:00:00-05:00,281.49331943459015,285.37254426469923,278.540493355738,283.9250793457031,57200,0.0,0.0
2022-11-23 00:00:00-05:00,284.12770778854303,287.9103995070523,281.40646675358335,282.8056945800781,44400,0.0,0.0
2022-11-25 00:00:00-05:00,284.8418453622434,286.8875914707946,280.91438271018734,283.7803649902344,19700,0.0,0.0
2022-11-28 00:00:00-05:00,279.84327506836433,285.5848988708208,279.84327506836433,282.5259094238281,57200,0.0,0.0
2022-11-29 00:00:00-05:00,282.5258686171054,282.5258686171054,276.11843883366254,277.53692626953125,78400,0.0,0.0
2022-11-30 00:00:00-05:00,278.00968989860024,290.3227679920019,276.4850107876108,289.5218505859375,54200,0.0,0.0
2022-12-01 00:00:00-05:00,287.4375986684331,294.0766429319035,287.19635449867764,289.1842041015625,63300,0.0,0.0
2022-12-02 00:00:00-05:00,285.4786478407503,290.3710858253951,282.06262274184934,290.2649230957031,56000,0.0,0.0
2022-12-05 00:00:00-05:00,290.1780698258278,290.1780698258278,280.7502601927369,282.7863464355469,69000,0.0,0.0
2022-12-06 00:00:00-05:00,280.9047149976876,285.72959835577655,272.6251986639065,275.2885437011719,73000,0.0,0.0
2022-12-07 00:00:00-05:00,274.77713227188525,275.98335322127895,270.16454453935387,272.0848388671875,70400,0.0,0.0
2022-12-08 00:00:00-05:00,272.66379992937806,278.830014859664,271.9690155632719,277.8360900878906,55500,0.0,0.0
2022-12-09 00:00:00-05:00,278.19315545249924,279.9590499472263,271.6602440089866,272.3260803222656,58900,0.0,0.0
2022-12-12 00:00:00-05:00,270.90750441523954,272.8567758732321,268.18629295349484,272.3067321777344,37800,0.0,0.0
2022-12-13 00:00:00-05:00,281.4450700924267,282.5451280694734,276.98688304841266,278.5501403808594,75900,0.0,0.0
2022-12-14 00:00:00-05:00,276.2342451746113,281.86970568319066,275.6938605675388,275.9254455566406,94900,0.0,0.0
2022-12-15 00:00:00-05:00,272.2103284785487,272.86650569872813,267.1345405928057,267.2889404296875,83100,0.0,0.0
2022-12-16 00:00:00-05:00,263.8246340235868,266.0344389971145,262.0973174185911,265.2142028808594,197500,0.0,0.0
2022-12-19 00:00:00-05:00,266.8449936629325,266.8449936629325,260.99723748002754,264.0851745605469,85700,0.0,0.0
2022-12-20 00:00:00-05:00,262.1455570177762,266.6037443736186,260.5533514547967,263.5351257324219,83900,0.0,0.0
2022-12-21 00:00:00-05:00,267.7231634941189,271.15847851729893,264.83789231000964,268.0802001953125,73400,0.0,0.0
2022-12-22 00:00:00-05:00,267.0476661629627,271.4479579484034,260.4472284848016,263.1974182128906,82800,0.0,0.0
2022-12-23 00:00:00-05:00,264.15269865881004,265.2913934864784,260.8331766280233,262.0587158203125,72700,0.0,0.0
2022-12-27 00:00:00-05:00,262.4736049620515,265.1562384230521,259.68480877393193,262.23236083984375,70800,0.0,0.0
2022-12-28 00:00:00-05:00,260.17703302666933,264.74138376805826,254.46438701737173,255.88290405273438,119700,0.0,0.0
2022-12-29 00:00:00-05:00,259.50152290407266,265.2045087539531,256.6355411945837,263.023681640625,48000,0.0,0.0
2022-12-30 00:00:00-05:00,260.205928882762,264.67377515954126,257.8320947418349,263.9500427246094,68700,0.0,0.0
2023-01-03 00:00:00-05:00,264.99224879548706,268.0415788318741,260.0612317827991,260.9007568359375,81000,0.0,0.0
2023-01-04 00:00:00-05:00,264.3360474136921,265.77388265140496,258.77780191913723,259.791015625,93400,0.0,0.0
2023-01-05 00:00:00-05:00,256.99256654391866,259.7717037703305,254.58012512498448,257.4267883300781,85500,0.0,0.0
2023-01-06 00:00:00-05:00,258.02512260465505,270.1838049311126,256.0082954754207,270.019775390625,55300,0.0,0.0
2023-01-09 00:00:00-05:00,273.36820773367634,276.9964994388227,269.2863464355469,269.2863464355469,81400,0.0,0.0
2023-01-10 00:00:00-05:00,268.8038474561683,272.5093536267931,266.6615984803193,271.0812072753906,95200,0.0,0.0
2023-01-11 00:00:00-05:00,273.44538983274845,274.88319541381276,268.36960394973505,274.8735656738281,91400,0.0,0.0
2023-01-12 00:00:00-05:00,275.9640229192522,278.39575338715,271.64091708312907,276.7359924316406,76700,0.0,0.0
2023-01-13 00:00:00-05:00,276.1184713128441,282.01446533203125,275.32718328167937,282.01446533203125,52300,0.0,0.0
2023-01-17 00:00:00-05:00,282.4100705932053,285.25673404821225,278.97475606695093,280.6924133300781,63700,0.0,0.0
2023-01-18 00:00:00-05:00,280.02657205117674,284.793558983715,276.36930235907755,277.89398193359375,76100,0.0,0.0
2023-01-19 00:00:00-05:00,276.832495305455,277.77815353850434,270.1934514996634,271.0040283203125,89100,0.0,0.0
2023-01-20 00:00:00-05:00,270.7338064660278,278.17376708984375,268.6687720542583,278.17376708984375,65000,0.0,0.0
2023-01-23 00:00:00-05:00,278.9554333172846,285.276047960035,278.9554333172846,280.75030517578125,62900,0.0,0.0
2023-01-24 00:00:00-05:00,275.25957401838696,279.65020575083724,273.8796645537596,274.34283447265625,74900,0.0,0.0
2023-01-25 00:00:00-05:00,270.347844757298,278.1931091390957,269.51794957725775,278.0676574707031,51300,0.0,0.0
2023-01-26 00:00:00-05:00,278.6466245454868,283.4232405680711,277.81672943921467,282.91180419921875,53400,0.0,0.0
2023-01-27 00:00:00-05:00,283.4232626907251,286.58838469098265,281.78282017614697,282.4197082519531,61300,0.0,0.0
2023-01-30 00:00:00-05:00,279.7853460183706,281.464396048356,274.0244339565654,274.1595153808594,59800,0.0,0.0
2023-01-31 00:00:00-05:00,273.503325025404,281.93724097721594,273.503325025404,281.9275817871094,66900,0.0,0.0
2023-02-01 00:00:00-05:00,279.04228373595697,286.17344517349244,275.6165992919265,283.7320556640625,66400,0.0,0.0
2023-02-02 00:00:00-05:00,287.9876410614179,293.12132403688304,286.13487288913495,292.68707275390625,76200,0.0,0.0
2023-02-03 00:00:00-05:00,288.07441375724835,288.5086649321863,262.08760544892135,273.9471740722656,166000,0.0,0.0
2023-02-06 00:00:00-05:00,272.6058887935185,279.0422956562875,270.08731400944504,275.9833068847656,86300,0.0,0.0
2023-02-07 00:00:00-05:00,272.99188698342004,273.1655757118217,264.71240032668913,272.5287170410156,105800,0.0,0.0
2023-02-08 00:00:00-05:00,271.7952731527701,275.9253712220297,270.2705938552604,272.6155090332031,70900,0.0,0.0
2023-02-09 00:00:00-05:00,273.2524682649059,279.9397498057467,269.16094698431203,269.4021911621094,78200,0.0,0.0
2023-02-10 00:00:00-05:00,267.78718499558266,271.37495053302894,266.02713793488283,270.12744140625,46100,0.6,0.0
2023-02-13 00:00:00-05:00,271.45238327101146,275.011139020277,268.06769035996234,272.88360595703125,42600,0.0,0.0
2023-02-14 00:00:00-05:00,270.5626398230573,275.26254234959174,267.7194958345529,271.4329833984375,49300,0.0,0.0
2023-02-15 00:00:00-05:00,268.8896862363933,276.7712097167969,266.491408231033,276.7712097167969,57600,0.0,0.0
2023-02-16 00:00:00-05:00,273.1059757983263,279.6916172568676,272.88354254861525,273.07696533203125,52900,0.0,0.0
2023-02-17 00:00:00-05:00,272.5258049634388,275.38827989679294,270.775437531797,273.3961486816406,44400,0.0,0.0
2023-02-21 00:00:00-05:00,270.65936832723554,271.81016618160083,264.8183476435888,265.21484375,43200,0.0,0.0
2023-02-22 00:00:00-05:00,266.2785865479919,266.2785865479919,260.5536082551292,264.7312927246094,56300,0.0,0.0
2023-02-23 00:00:00-05:00,265.9401409867881,268.5221909773637,263.2323986288848,266.9071960449219,38600,0.0,0.0
2023-02-24 00:00:00-05:00,262.603720152698,263.5611244766837,257.99087936320495,259.8282775878906,37500,0.0,0.0
2023-02-27 00:00:00-05:00,259.8283502647235,263.49349725951504,259.5479255419617,260.7567443847656,41400,0.0,0.0
2023-02-28 00:00:00-05:00,260.1378268526036,262.1492885135396,258.83229654031254,259.46087646484375,21100,0.0,0.0
2023-03-01 00:00:00-05:00,257.0528917554099,259.364167412313,255.36054547534647,258.41644287109375,49100,0.0,0.0
2023-03-02 00:00:00-05:00,257.1883333084208,259.15145411572144,253.4071440663428,258.2134094238281,38400,0.0,0.0
2023-03-03 00:00:00-05:00,258.95799043823394,264.92473285927593,258.95799043823394,262.2943420410156,35500,0.0,0.0
2023-03-06 00:00:00-05:00,263.0486345619873,265.6500148192434,262.0622195945636,262.8745422363281,28700,0.0,0.0
2023-03-07 00:00:00-05:00,263.977014189148,263.977014189148,256.9948756531913,259.73162841796875,33700,0.0,0.0
2023-03-08 00:00:00-05:00,259.7509563694796,264.79898421205877,259.7509563694796,264.0833435058594,20800,0.0,0.0
2023-03-09 00:00:00-05:00,263.95763353752795,265.9400841783523,259.13200975997836,259.8089599609375,37200,0.0,0.0
2023-03-10 00:00:00-05:00,256.2695641541064,258.5614796851592,253.68751442802676,256.0761413574219,47000,0.0,0.0
2023-03-13 00:00:00-04:00,253.82292544363617,258.4647776097456,253.26204653250034,254.80931091308594,43900,0.0,0.0
2023-03-14 00:00:00-04:00,257.99093515611565,261.9074961534161,257.79751234866853,259.3641662597656,55500,0.0,0.0
2023-03-15 00:00:00-04:00,254.7996967742631,258.89032109435425,249.37450213803695,253.1943817138672,51400,0.0,0.0
2023-03-16 00:00:00-04:00,252.94296640569394,260.6213873781052,252.94296640569394,258.938720703125,50500,0.0,0.0
2023-03-17 00:00:00-04:00,258.78388130742445,258.78388130742445,252.27559160428484,253.14593505859375,81300,0.0,0.0
2023-03-20 00:00:00-04:00,254.37414652308973,261.9558539151593,254.37414652308973,261.0371398925781,32700,0.0,0.0
2023-03-21 00:00:00-04:00,262.51676590289867,265.50496258310477,259.84771392852593,262.1202697753906,40600,0.0,0.0
2023-03-22 00:00:00-04:00,262.12989933922063,262.8842009821903,256.2115280617395,256.7143859863281,29900,0.0,0.0
2023-03-23 00:00:00-04:00,257.0238740657438,262.8745449504651,254.12270909569835,256.82080078125,43300,0.0,0.0
2023-03-24 00:00:00-04:00,256.7434906408496,256.7434906408496,252.88494961076407,255.0801544189453,27100,0.0,0.0
2023-03-27 00:00:00-04:00,255.28322665773496,256.1729008603276,253.13636306496636,254.70298767089844,35300,0.0,0.0
2023-03-28 00:00:00-04:00,253.38775129175775,254.8190033772359,247.37268251059896,248.71688842773438,46500,0.0,0.0
2023-03-29 00:00:00-04:00,249.41314899172582,255.47657298396538,246.84077924927334,254.9640350341797,59400,0.0,0.0
2023-03-30 00:00:00-04:00,255.5926805286739,257.86526617754953,255.01247101166987,255.9505157470703,38200,0.0,0.0
2023-03-31 00:00:00-04:00,257.9619722887498,263.8900253335857,256.7434733037687,262.7392272949219,47000,0.0,0.0
2023-04-03 00:00:00-04:00,260.5245511986209,261.859091513736,258.6774730318338,259.88629150390625,35800,0.0,0.0
2023-04-04 00:00:00-04:00,261.2789006454382,261.2789006454382,256.3856049343658,257.02386474609375,42500,0.0,0.0
2023-04-05 00:00:00-04:00,257.3816747792275,258.1166460015121,255.03173828125,255.03173828125,58800,0.0,0.0
2023-04-06 00:00:00-04:00,254.50954138459102,256.84982759470574,254.14205574305268,255.70870971679688,29800,0.0,0.0
2023-04-10 00:00:00-04:00,255.13815736694528,258.72595336463456,254.81904214013755,258.6292419433594,36800,0.0,0.0
2023-04-11 00:00:00-04:00,260.4859011321563,260.5245915926691,255.19613900987846,255.37985229492188,34300,0.0,0.0
2023-04-12 00:00:00-04:00,254.72227204548187,255.78603841011403,252.623779296875,252.623779296875,28100,0.0,0.0
2023-04-13 00:00:00-04:00,255.09946974165618,256.2309076669741,253.3007319329494,254.8190155029297,31900,0.0,0.0
2023-04-14 00:00:00-04:00,253.4167915553575,253.59088391251007,249.68397282301524,250.68003845214844,34100,0.0,0.0
2023-04-17 00:00:00-04:00,250.3995457488877,251.43430168876,246.8311251700345,247.00518798828125,31500,0.0,0.0
2023-04-18 00:00:00-04:00,246.55069676820284,246.55069676820284,243.67854191771494,245.4289093017578,42800,0.0,0.0
2023-04-19 00:00:00-04:00,243.67851312376973,243.92027687213812,235.02337388339876,237.9342041015625,117600,0.0,0.0
2023-04-20 00:00:00-04:00,237.74079226932818,238.12762311421227,235.08139107961262,236.0968017578125,39000,0.0,0.0
2023-04-21 00:00:00-04:00,236.5803286897148,238.01156592219567,235.2651333323819,236.57066345214844,52800,0.0,0.0
2023-04-24 00:00:00-04:00,237.17023335337853,238.41772778231396,235.46822190429825,235.88404846191406,36300,0.0,0.0
2023-04-25 00:00:00-04:00,234.99435807016832,234.99435807016832,227.85748765868178,228.1572723388672,42800,0.0,0.0
2023-04-26 00:00:00-04:00,228.66985443249285,228.66985443249285,223.40907235066683,224.26007080078125,64200,0.0,0.0
2023-04-27 00:00:00-04:00,223.76684368217818,228.3603546821955,223.63145657978959,226.0394287109375,57200,0.0,0.0
2023-04-28 00:00:00-04:00,224.7145637856832,228.31200953667584,223.90224113380438,224.88864135742188,46000,0.0,0.0
2023-05-01 00:00:00-04:00,224.3664267611453,229.65621882754743,224.3664267611453,228.8535614013672,58300,0.0,0.0
2023-05-02 00:00:00-04:00,228.15728262073762,228.15728262073762,224.84029100199623,225.3528289794922,56800,0.0,0.0
2023-05-03 00:00:00-04:00,225.06268526296319,226.73570088306084,219.92762604749362,221.0880889892578,53000,0.0,0.0
2023-05-04 00:00:00-04:00,219.79224134518856,220.4401663717663,212.8681245668224,215.19873046875,69200,0.0,0.0
2023-05-05 00:00:00-04:00,212.52965620982752,214.0769351721878,189.09790572171076,194.92926025390625,225000,0.0,0.0
2023-05-08 00:00:00-04:00,196.33152079511206,198.22694043368364,185.76160140324296,186.06138610839844,123400,0.0,0.0
2023-05-09 00:00:00-04:00,184.51411554192006,184.51411554192006,176.3231576861538,178.98255920410156,158200,0.0,0.0
2023-05-10 00:00:00-04:00,179.87223190409068,182.40591130896345,176.0910432726026,176.10072326660156,103700,0.0,0.0
2023-05-11 00:00:00-04:00,175.99436430313145,176.12975142792016,171.74899297200452,172.97714233398438,88900,0.0,0.0
2023-05-12 00:00:00-04:00,173.52046653352173,175.888024312645,167.6791986299511,170.22140502929688,110500,0.6,0.0
2023-05-15 00:00:00-04:00,170.45431972988789,173.13236943117212,169.68778150718327,171.64779663085938,77100,0.0,0.0
2023-05-16 00:00:00-04:00,171.04619869221554,171.04619869221554,163.71065947350436,163.8756103515625,105500,0.0,0.0
2023-05-17 00:00:00-04:00,164.62277104120378,167.1067618631876,163.9920607616238,166.359619140625,77200,0.0,0.0
2023-05-18 00:00:00-04:00,166.65069141167652,170.1147041565138,165.379588070266,168.212890625,85700,0.0,0.0
2023-05-19 00:00:00-04:00,167.8733006277398,169.67807752816904,166.66041332384256,166.69923400878906,80300,0.0,0.0
2023-05-22 00:00:00-04:00,166.32080932262838,167.79566958465693,164.6518752525541,166.41783142089844,80900,0.0,0.0
2023-05-23 00:00:00-04:00,166.3304921490114,166.3304921490114,161.27518674665563,162.1581573486328,72100,0.0,0.0
2023-05-24 00:00:00-04:00,161.75064035746908,161.75064035746908,155.7250248034078,157.2775115966797,101500,0.0,0.0
2023-05-25 00:00:00-04:00,158.33512589242196,160.2660474785798,157.14164913602826,158.2672119140625,55800,0.0,0.0
2023-05-26 00:00:00-04:00,157.92761453486216,161.82826399785438,157.92761453486216,159.96527099609375,63400,0.0,0.0
2023-05-30 00:00:00-04:00,160.5377439338814,161.5565721246466,158.0537533620263,160.0623016357422,76800,0.0,0.0
2023-05-31 00:00:00-04:00,159.37339228566475,160.07201655959642,157.44247036108231,158.30604553222656,69300,0.0,0.0
2023-06-01 00:00:00-04:00,158.2090046962329,159.13079598008923,156.22956455257682,157.32601928710938,62300,0.0,0.0
2023-06-02 00:00:00-04:00,159.54804164665842,165.08851740878478,159.27635607291788,164.4966278076172,77800,0.0,0.0
2023-06-05 00:00:00-04:00,164.46749134318543,167.09703709983987,158.02463563736973,158.48068237304688,82600,0.0,0.0
2023-06-06 00:00:00-04:00,157.87910981302434,161.40132422408485,155.79293491585685,161.129638671875,76400,0.0,0.0
2023-06-07 00:00:00-04:00,162.66272884454915,166.84476157389008,160.69300120082593,165.28256225585938,102700,0.0,0.0
2023-06-08 00:00:00-04:00,166.1267297404075,166.1267297404075,160.62506072927363,163.5068817138672,83100,0.0,0.0
2023-06-09 00:00:00-04:00,164.14728909407754,164.27343409208927,161.39161311755896,163.400146484375,70900,0.0,0.0
2023-06-12 00:00:00-04:00,165.0594034138291,173.06445939688825,164.59365884769826,170.4446258544922,104700,0.0,0.0
2023-06-13 00:00:00-04:00,173.65632083509033,174.9468344580973,171.4440159972928,174.7721710205078,109600,0.0,0.0
2023-06-14 00:00:00-04:00,175.6163843039147,180.31268040373797,175.6163843039147,178.4011688232422,133900,0.0,0.0
2023-06-15 00:00:00-04:00,177.65404138552623,183.0198541095926,177.0136332788671,181.49647521972656,94800,0.0,0.0
2023-06-16 00:00:00-04:00,183.30121628554966,183.8931058183685,178.68253245379893,180.76870727539062,150900,0.0,0.0
2023-06-20 00:00:00-04:00,180.47762275443634,182.43765269555223,174.65576395590614,175.08270263671875,106500,0.0,0.0
2023-06-21 00:00:00-04:00,173.94743498405913,173.94743498405913,167.14555408439438,167.71804809570312,107700,0.0,0.0
2023-06-22 00:00:00-04:00,167.66953535507872,170.56105439542816,166.20435809053816,170.26995849609375,89700,0.0,0.0
2023-06-23 00:00:00-04:00,168.55250874358052,168.7271573872155,163.24491336654137,165.9714813232422,166100,0.0,0.0
2023-06-26 00:00:00-04:00,165.56398040219148,169.99828887729595,165.56398040219148,168.4263916015625,59200,0.0,0.0
2023-06-27 00:00:00-04:00,169.05705954543836,172.96740655976677,168.61072536235577,171.4828338623047,65400,0.0,0.0
2023-06-28 00:00:00-04:00,171.4828307673871,171.4828307673871,166.93207586215752,168.1934814453125,66900,0.0,0.0
2023-06-29 00:00:00-04:00,168.20321321798897,169.40638791909774,167.26201150813608,168.13528442382812,59700,0.0,0.0
2023-06-30 00:00:00-04:00,169.05704656965597,172.88976673497837,168.4263512179796,170.53192138671875,76600,0.0,0.0
2023-07-03 00:00:00-04:00,171.7157373886989,173.29734720091935,169.31907084613007,170.43492126464844,47100,0.0,0.0
2023-07-05 00:00:00-04:00,169.76539565519343,171.9873984063928,167.9703167452944,171.0364990234375,94900,0.0,0.0
2023-07-06 00:00:00-04:00,168.98914146146151,170.3766772302669,165.94236958566574,169.8236083984375,66100,0.0,0.0
2023-07-07 00:00:00-04:00,168.73685673166133,174.95654567671448,168.73685673166133,172.26878356933594,60000,0.0,0.0
2023-07-10 00:00:00-04:00,172.4240428353514,174.68486637178194,169.83331753113754,172.06503295898438,85100,0.0,0.0
2023-07-11 00:00:00-04:00,172.89951615986493,175.26707458496094,171.8321693925664,175.26707458496094,60900,0.0,0.0
2023-07-12 00:00:00-04:00,178.55641967641864,180.77842268023068,174.6945758795923,177.63462829589844,125000,0.0,0.0
2023-07-13 00:00:00-04:00,178.9639339962497,183.09744823206722,178.93482588799233,181.74871826171875,69600,0.0,0.0
2023-07-14 00:00:00-04:00,180.93367181615022,182.5346770835434,174.73339271010983,176.31500244140625,120900,0.0,0.0
2023-07-17 00:00:00-04:00,176.15004017545317,177.13976034851683,173.898929066905,175.34469604492188,67400,0.0,0.0
2023-07-18 00:00:00-04:00,175.17001455498823,175.63575908026317,173.0838545556148,174.34524536132812,55600,0.0,0.0
2023-07-19 00:00:00-04:00,174.6460584832569,181.19564934266023,174.6460584832569,180.37088012695312,98800,0.0,0.0
2023-07-20 00:00:00-04:00,180.39027636694104,183.70873369961774,178.0518264821065,180.35145568847656,104600,0.0,0.0
2023-07-21 00:00:00-04:00,181.61288519176924,183.06834990541293,173.2391068014317,177.9257049560547,87300,0.0,0.0
2023-07-24 00:00:00-04:00,178.42056787231164,180.01187532631025,177.9936291983055,178.91542053222656,56600,0.0,0.0
2023-07-25 00:00:00-04:00,179.23562686573808,179.50731242440673,175.82013223507923,177.49876403808594,50200,0.0,0.0
2023-07-26 00:00:00-04:00,177.33382165107056,178.76017830533974,174.15120654915444,175.53875732421875,69600,0.0,0.0
2023-07-27 00:00:00-04:00,177.35324302418982,178.53702229123334,173.76309934144086,174.11241149902344,46600,0.0,0.0
2023-07-28 00:00:00-04:00,174.65576918244608,174.65576918244608,169.37728134490055,170.87156677246094,85500,0.0,0.0
2023-07-31 00:00:00-04:00,171.30818697193155,173.1032511013378,170.8424424439358,172.37551879882812,47600,0.0,0.0
2023-08-01 00:00:00-04:00,171.74482040519982,172.95770755495406,170.86183500679843,170.9297637939453,61400,0.0,0.0
2023-08-02 00:00:00-04:00,169.15410811374213,171.36641325893532,167.38813718243304,170.50283813476562,78300,0.0,0.0
2023-08-03 00:00:00-04:00,169.55194732261174,169.55194732261174,164.9332629935218,166.1267547607422,60800,0.0,0.0
2023-08-04 00:00:00-04:00,165.94238899161715,170.1050115905777,165.46693185138042,166.8835906982422,45100,0.0,0.0
2023-08-07 00:00:00-04:00,167.06793950206145,167.57250475951219,164.2055284633513,165.46693420410156,71600,0.0,0.0
2023-08-08 00:00:00-04:00,163.43897791398845,166.80595395680402,161.26547872722725,165.1952362060547,54600,0.0,0.0
2023-08-09 00:00:00-04:00,164.86534525096656,164.86534525096656,162.1581725589665,162.39105224609375,45500,0.0,0.0
2023-08-10 00:00:00-04:00,162.69185777255987,166.25289329858157,162.69185777255987,163.1284942626953,48500,0.0,0.0
2023-08-11 00:00:00-04:00,162.04174471413148,162.70154830440947,158.6553580124895,161.97381591796875,56900,0.0,0.0
2023-08-14 00:00:00-04:00,161.11994938545723,161.11994938545723,159.1308112832658,160.31459045410156,38400,0.0,0.0
2023-08-15 00:00:00-04:00,160.10109486827366,160.40188849577277,157.2483820817007,157.94700622558594,51400,0.0,0.0
2023-08-16 00:00:00-04:00,157.4715741778477,157.8305988791701,152.13487016769255,152.51329040527344,90800,0.0,0.0
2023-08-17 00:00:00-04:00,153.30896854709218,154.07550687529564,152.13488702026916,152.83351135253906,63800,0.0,0.0
2023-08-18 00:00:00-04:00,151.27131440109787,155.90939475060702,150.55329451796555,153.93966674804688,57600,0.0,0.0
2023-08-21 00:00:00-04:00,153.93963782964457,154.54123995003752,152.14457365327164,152.3095245361328,55300,0.0,0.0
2023-08-22 00:00:00-04:00,152.89172650675147,152.89172650675147,151.24218795668494,151.81468200683594,45900,0.0,0.0
2023-08-23 00:00:00-04:00,152.173680118013,154.97787470786815,152.173680118013,154.4053955078125,60200,0.0,0.0
2023-08-24 00:00:00-04:00,155.47272365848565,155.47272365848565,148.8261109014319,149.39859008789062,124100,0.0,0.0
2023-08-25 00:00:00-04:00,153.04696766820283,175.81044314077693,147.97225132572495,172.31732177734375,413900,0.0,0.0
2023-08-28 00:00:00-04:00,169.8042145229774,170.8327405391676,162.7791662606416,164.0599822998047,161000,0.0,0.0
2023-08-29 00:00:00-04:00,166.00061594671297,168.18381317539286,163.94356374019804,166.26260375976562,74500,0.0,0.0
2023-08-30 00:00:00-04:00,165.63188274352308,167.8732960510982,165.0011872849921,166.8835906982422,65200,0.0,0.0
2023-08-31 00:00:00-04:00,168.33905762439912,172.5696090726052,168.10617793528348,169.8333282470703,70000,0.0,0.0
2023-09-01 00:00:00-04:00,171.92666510185344,173.79606638606148,170.1156802864205,172.60821533203125,45700,0.6,0.0
2023-09-05 00:00:00-04:00,172.34531372025583,172.34531372025583,169.4633258564857,169.9501495361328,72200,0.0,0.0
2023-09-06 00:00:00-04:00,170.00857968256216,174.35105379142658,170.00857968256216,171.09906005859375,79100,0.0,0.0
2023-09-07 00:00:00-04:00,169.76516137188477,169.76516137188477,163.05673137566228,163.99142456054688,102500,0.0,0.0
2023-09-08 00:00:00-04:00,163.97195250330358,164.68271090340318,161.16784340298375,162.8522491455078,46000,0.0,0.0
2023-09-11 00:00:00-04:00,164.8871819224256,165.02349195489103,161.1581108511537,161.372314453125,80200,0.0,0.0
2023-09-12 00:00:00-04:00,160.29158410473954,161.4404809620749,156.8838180370295,157.67247009277344,81100,0.0,0.0
2023-09-13 00:00:00-04:00,157.10775628806067,157.10775628806067,152.30766653748472,152.89186096191406,75800,0.0,0.0
2023-09-14 00:00:00-04:00,153.59288180718093,157.4387861774509,153.2228910303063,156.6209259033203,60500,0.0,0.0
2023-09-15 00:00:00-04:00,155.725180844887,157.331693249544,154.37181143746446,155.70570373535156,122000,0.0,0.0
2023-09-18 00:00:00-04:00,154.48859204272586,155.50119340197153,151.5189652536061,151.58712768554688,58400,0.0,0.0
2023-09-19 00:00:00-04:00,150.9250879943066,151.1977080955983,147.7217943757885,148.56886291503906,67200,0.0,0.0
2023-09-20 00:00:00-04:00,148.89987455615116,149.93195317444307,144.57689302090574,144.5866241455078,64700,0.0,0.0
2023-09-21 00:00:00-04:00,143.05804200887482,143.90512556647937,140.59471464419093,141.53915405273438,93700,0.0,0.0
2023-09-22 00:00:00-04:00,142.6685375934607,142.98984298506622,139.8060121561378,140.30258178710938,54200,0.0,0.0
2023-09-25 00:00:00-04:00,139.73789114243235,141.00363584368318,138.00479980846856,138.99790954589844,52300,0.0,0.0
2023-09-26 00:00:00-04:00,138.08269501429325,138.8129306362952,134.92807177883947,135.58041381835938,58100,0.0,0.0
2023-09-27 00:00:00-04:00,136.41775449782293,137.2550919585313,133.74022382024975,135.80435180664062,61900,0.0,0.0
2023-09-28 00:00:00-04:00,136.3009017596174,141.29570270493218,136.24247043734124,139.4652557373047,70700,0.0,0.0
2023-09-29 00:00:00-04:00,141.3054594991224,144.04140646287482,140.30260381183982,141.47097778320312,50700,0.0,0.0
2023-10-02 00:00:00-04:00,141.1009766009211,141.40280491181085,136.97270635914765,137.70294189453125,56200,0.0,0.0
2023-10-03 00:00:00-04:00,137.3524298220554,138.14108174696167,132.67891987605407,133.24363708496094,76100,0.0,0.0
2023-10-04 00:00:00-04:00,134.4022740612746,135.30777382497124,129.87481981283014,130.6732177734375,119600,0.0,0.0
2023-10-05 00:00:00-04:00,129.31010302407464,130.8679447369583,115.32852639215652,121.29698944091797,246000,0.0,0.0
2023-10-06 00:00:00-04:00,119.55416995914482,124.77291339954922,117.90870340971259,123.4098129272461,171300,0.0,0.0
2023-10-09 00:00:00-04:00,122.71851410644484,123.08849742892384,117.80159196868577,118.45394134521484,98600,0.0,0.0
2023-10-10 00:00:00-04:00,119.31075143136151,123.36112068961569,119.31075143136151,123.19560241699219,132200,0.0,0.0
2023-10-11 00:00:00-04:00,123.89663893148374,123.89663893148374,115.50379517602855,116.32166290283203,136800,0.0,0.0
2023-10-12 00:00:00-04:00,116.41902140449277,116.41902140449277,112.66074177896121,114.38410186767578,124500,0.0,0.0
2023-10-13 00:00:00-04:00,113.4396677258798,114.49120133789496,111.11265088907841,112.75811004638672,111800,0.0,0.0
2023-10-16 00:00:00-04:00,113.8291266344942,117.81134112852435,113.8291266344942,117.23689270019531,74700,0.0,0.0
2023-10-17 00:00:00-04:00,115.24092267003,119.04788066363115,114.97803367608952,118.88236236572266,115400,0.0,0.0
2023-10-18 00:00:00-04:00,117.56792318115401,117.88922860494762,113.8972757631396,115.02670288085938,69700,0.0,0.0
2023-10-19 00:00:00-04:00,114.54962072738105,115.15327737511203,113.15730461625976,113.80964660644531,86300,0.0,0.0
2023-10-20 00:00:00-04:00,112.99179771311078,115.39670084867853,112.10577490394813,113.69281768798828,75400,0.0,0.0
2023-10-23 00:00:00-04:00,113.93622145037442,115.18249642749137,112.6023291966093,113.07941436767578,81100,0.0,0.0
2023-10-24 00:00:00-04:00,113.42991986918238,114.72487266851628,111.96944879790536,112.23233032226562,54000,0.0,0.0
2023-10-25 00:00:00-04:00,111.96945347124012,114.24778487192113,109.33086985040565,110.58687591552734,101200,0.0,0.0
2023-10-26 00:00:00-04:00,110.18767339138843,113.54676134535241,109.97346977696091,112.14470672607422,63900,0.0,0.0
2023-10-27 00:00:00-04:00,112.45627801678899,114.68593151995128,110.62582352500397,113.59544372558594,75600,0.0,0.0
2023-10-30 00:00:00-04:00,114.5009415494076,116.98374558145343,112.56338515451476,115.55248260498047,78000,0.0,0.0
2023-10-31 00:00:00-04:00,116.8376953536515,119.16471219184447,114.97802513700238,118.24948120117188,63800,0.0,0.0
2023-11-01 00:00:00-04:00,118.53184012614388,118.53184012614388,116.02956644209117,116.10746002197266,103200,0.0,0.0
2023-11-02 00:00:00-04:00,118.71683117148412,121.5014634093226,117.28556826405115,121.33594512939453,102900,0.0,0.0
2023-11-03 00:00:00-04:00,112.45627678941587,115.78614917648261,101.34695618340356,103.54740142822266,473800,0.0,0.0
2023-11-06 00:00:00-05:00,102.9729508545032,106.21519104311099,100.28568195707734,103.59608459472656,176700,0.0,0.0
2023-11-07 00:00:00-05:00,104.07317910560707,108.16249557237975,101.94088873580974,106.87728118896484,145800,0.0,0.0
2023-11-08 00:00:00-05:00,106.86754184830433,107.92881396006547,104.82288377207756,104.94945526123047,98800,0.0,0.0
2023-11-09 00:00:00-05:00,104.95919727497153,105.04682197919489,102.55428690341313,103.0313720703125,116100,0.0,0.0
2023-11-10 00:00:00-05:00,103.15867157107317,105.69480230195855,101.12193470477212,105.25415802001953,84500,0.6,0.0
2023-11-13 00:00:00-05:00,103.97139696250966,104.79392090715899,103.10970414372957,103.9322280883789,74400,0.0,0.0
2023-11-14 00:00:00-05:00,106.37043565570279,111.61894540856473,106.37043565570279,111.18810272216797,131600,0.0,0.0
2023-11-15 00:00:00-05:00,112.2750218451122,117.81728730752216,112.2652277580033,117.7977066040039,94700,0.0,0.0
2023-11-16 00:00:00-05:00,116.27994973687645,116.4660000470794,112.2652329664169,113.44026947021484,91300,0.0,0.0
2023-11-17 00:00:00-05:00,114.40966199526643,117.22976123794707,113.2052508359541,116.34848022460938,92000,0.0,0.0
2023-11-20 00:00:00-05:00,116.34846935112081,116.92620086669922,115.40843884831197,116.92620086669922,96800,0.0,0.0
2023-11-21 00:00:00-05:00,117.15143961535013,117.15143961535013,111.89313507080078,111.89313507080078,95900,0.0,0.0
2023-11-22 00:00:00-05:00,112.43168884756568,113.97882588571125,111.84417062834697,112.66669464111328,85100,0.0,0.0
2023-11-24 00:00:00-05:00,111.87353801140783,113.74381256103516,111.63853223342028,113.74381256103516,33500,0.0,0.0
2023-11-27 00:00:00-05:00,112.84294602148535,112.98003335107568,110.15994153717568,112.56877136230469,102400,0.0,0.0
2023-11-28 00:00:00-05:00,112.15751126987327,114.50759155654092,111.03143035431383,113.46963500976562,92800,0.0,0.0
2023-11-29 00:00:00-05:00,114.89926009541965,117.69977112539767,113.61651120410556,114.22361755371094,121000,0.0,0.0
2023-11-30 00:00:00-05:00,114.73279989109905,114.73279989109905,109.84659663678661,109.92493438720703,159300,0.0,0.0
2023-12-01 00:00:00-05:00,109.78785694043245,114.85031685347208,108.22113167381228,114.84052276611328,106400,0.0,0.0
2023-12-04 00:00:00-05:00,113.81235509841014,115.22239722308646,111.3447683065035,112.03021240234375,102200,0.0,0.0
2023-12-05 00:00:00-05:00,111.75604355741245,111.75604355741245,108.19175774186782,108.41697692871094,101100,0.0,0.0
2023-12-06 00:00:00-05:00,109.79764149604196,114.0767461661467,109.11220480778702,113.19546508789062,140800,0.0,0.0
2023-12-07 00:00:00-05:00,113.53817786379294,118.44396939990855,112.90170417192759,117.69977569580078,99300,0.0,0.0
2023-12-08 00:00:00-05:00,118.90420294761763,121.24448929989666,117.75854125463414,120.30445861816406,91300,0.0,0.0
2023-12-11 00:00:00-05:00,120.00090255395345,122.01805114746094,117.05350994650951,122.01805114746094,148900,0.0,0.0
2023-12-12 00:00:00-05:00,122.00826109197901,124.21146005521149,119.77568733788202,123.11476135253906,102200,0.0,0.0
2023-12-13 00:00:00-05:00,122.4097442123908,131.4183850239803,122.4097442123908,129.65582275390625,317000,0.0,0.0
2023-12-14 00:00:00-05:00,132.19193114186106,136.1576920643966,132.19193114186106,135.45266723632812,110600,0.0,0.0
2023-12-15 00:00:00-05:00,136.60811308716458,137.05855141891968,132.8088292924136,133.43551635742188,195400,0.0,0.0
2023-12-18 00:00:00-05:00,133.38656977548123,133.38656977548123,128.12827274146346,131.9177703857422,87200,0.0,0.0
2023-12-19 00:00:00-05:00,132.7011207646358,135.854144358051,132.7011207646358,135.60934448242188,78800,0.0,0.0
2023-12-20 00:00:00-05:00,136.75501047758505,137.63628408145274,131.90797577351444,132.2506866455078,85700,0.0,0.0
2023-12-21 00:00:00-05:00,133.65094130169928,135.726839400929,133.19071635458351,135.40370178222656,87500,0.0,0.0
2023-12-22 00:00:00-05:00,136.0793436158048,137.23479175123913,134.9434687108238,136.58853149414062,86900,0.0,0.0
2023-12-26 00:00:00-05:00,136.38292081272866,139.68281872509843,135.71707224820315,138.8798828125,97400,0.0,0.0
2023-12-27 00:00:00-05:00,137.93005079505568,139.8590751260263,137.56775173864176,139.10508728027344,98100,0.0,0.0
2023-12-28 00:00:00-05:00,138.0671195168614,140.6326172401119,137.25438219765968,140.3878173828125,137700,0.0,0.0
2023-12-29 00:00:00-05:00,139.42822580206132,140.42701354438427,136.12832804122726,136.65708923339844,114200,0.0,0.0
2024-01-02 00:00:00-05:00,135.4918257137887,136.85291237773643,133.88593918264604,134.28741455078125,69500,0.0,0.0
2024-01-03 00:00:00-05:00,131.888374046269,131.888374046269,126.93362730497812,127.39385223388672,112500,0.0,0.0
2024-01-04 00:00:00-05:00,126.63986856189312,127.72678056535983,123.72185086999627,125.11231231689453,141600,0.0,0.0
2024-01-05 00:00:00-05:00,123.74144036233476,127.65823079217796,123.69247740029833,126.12089538574219,87000,0.0,0.0
2024-01-08 00:00:00-05:00,125.83692086416441,131.6337800420079,125.83692086416441,131.14418029785156,60600,0.0,0.0
2024-01-09 00:00:00-05:00,129.7439526850417,130.4391910057213,128.16744066230706,129.27394104003906,62300,0.0,0.0
2024-01-10 00:00:00-05:00,129.27390405595716,129.6459896536586,127.9813537252357,129.3914031982422,58800,0.0,0.0
2024-01-11 00:00:00-05:00,129.74394335592459,129.74394335592459,126.7084187046223,128.22618103027344,93900,0.0,0.0
2024-01-12 00:00:00-05:00,129.45017343478438,130.83084834263025,125.59212493896484,125.59212493896484,107600,0.0,0.0
2024-01-16 00:00:00-05:00,125.04377816940384,125.04377816940384,122.60557340855577,123.11476135253906,84100,0.0,0.0
2024-01-17 00:00:00-05:00,122.39993425954385,123.01682723876029,120.45132939792768,122.88953399658203,68900,0.0,0.0
2024-01-18 00:00:00-05:00,124.08415350788985,124.38770294189453,121.45010463903994,124.38770294189453,54600,0.0,0.0
2024-01-19 00:00:00-05:00,123.97644202147308,124.00581680943836,121.25426876643965,122.86994934082031,102600,0.0,0.0
2024-01-22 00:00:00-05:00,123.71205946838296,126.94342076028185,122.8209918209364,126.6104965209961,100900,0.0,0.0
2024-01-23 00:00:00-05:00,128.48074953986185,129.24452381527044,126.42442498828741,127.65821075439453,81800,0.0,0.0
2024-01-24 00:00:00-05:00,129.25432995203974,129.25432995203974,125.94463096444466,126.22860717773438,71300,0.0,0.0
2024-01-25 00:00:00-05:00,128.02058007260428,129.64604029424984,127.36451803625653,128.18704223632812,123200,0.0,0.0
2024-01-26 00:00:00-05:00,129.44037560705408,131.45752405103102,127.69740180936154,128.8430633544922,101300,0.0,0.0
2024-01-29 00:00:00-05:00,127.75615376196599,131.1931384613103,126.22860500670186,130.86021423339844,102500,0.0,0.0
2024-01-30 00:00:00-05:00,129.42077970784882,129.42077970784882,126.54193115234375,126.54193115234375,81700,0.0,0.0
2024-01-31 00:00:00-05:00,125.18085967879604,127.5113592548657,122.58598699725518,123.12454223632812,77800,0.0,0.0
2024-02-01 00:00:00-05:00,124.32894510513309,126.43421777239672,122.79160239428614,126.09150695800781,67700,0.0,0.0
2024-02-02 00:00:00-05:00,125.45503138134947,127.17843201195366,123.6924768168389,126.08171844482422,65800,0.0,0.0
2024-02-05 00:00:00-05:00,125.56274023259606,126.19922883457517,123.52601107147771,123.76101684570312,79300,0.0,0.0
2024-02-06 00:00:00-05:00,124.23105247262313,125.56275701839468,124.23105247262313,125.14170837402344,52500,0.0,0.0
2024-02-07 00:00:00-05:00,125.20045284151772,125.43546610825595,123.45747886872333,124.29959106445312,53200,0.0,0.0
2024-02-08 00:00:00-05:00,124.36814230966434,125.94464678022136,123.65332332017823,124.48564147949219,53100,0.0,0.0
2024-02-09 00:00:00-05:00,121.04864812918788,133.36697249216067,114.44883794310238,114.860107421875,223200,0.0,0.0
2024-02-12 00:00:00-05:00,114.19424511560018,126.50278217997482,114.19424511560018,125.89568328857422,118000,0.0,0.0
2024-02-13 00:00:00-05:00,119.85401897017796,120.15756842120103,116.08410243096203,117.32768249511719,105200,0.0,0.0
2024-02-14 00:00:00-05:00,119.68756644464207,121.09760874202549,117.95437902625646,120.38279724121094,103000,0.0,0.0
2024-02-15 00:00:00-05:00,120.78426386605116,125.55296839826052,120.7353083706193,125.5040054321289,68600,0.0,0.0
2024-02-16 00:00:00-05:00,123.7823446619956,126.62554801420065,122.46404956626438,124.75630950927734,82900,0.6,0.0
2024-02-20 00:00:00-05:00,122.62144697596976,126.23200930009482,121.83440002256708,125.18917846679688,103100,0.0,0.0
2024-02-21 00:00:00-05:00,124.43165601478285,124.8350121497936,121.81473118953922,122.91659545898438,58900,0.0,0.0
2024-02-22 00:00:00-05:00,123.56590394517299,125.03177126324461,120.38821806411268,121.66716003417969,87700,0.0,0.0
2024-02-23 00:00:00-05:00,121.04737266895222,121.04737266895222,118.25336246047307,119.02073669433594,87400,0.0,0.0
2024-02-26 00:00:00-05:00,118.14512426775313,120.35868524459339,117.31873177253384,117.83030700683594,74600,0.0,0.0
2024-02-27 00:00:00-05:00,120.08322741267615,120.48659103697473,114.66246764992626,119.8569564819336,207700,0.0,0.0
2024-02-28 00:00:00-05:00,118.19432635276564,119.37488929303048,115.44950963552195,115.93157196044922,69500,0.0,0.0
2024-02-29 00:00:00-05:00,118.05658656410108,118.892819217763,114.16072010818601,115.28225708007812,89700,0.0,0.0
2024-03-01 00:00:00-05:00,115.14453358139349,117.68275218317173,113.6294730401577,116.19720458984375,151600,0.0,0.0
2024-03-04 00:00:00-05:00,115.76432488617012,115.76432488617012,106.12304102782763,109.46797180175781,234400,0.0,0.0
2024-03-05 00:00:00-05:00,109.46797750038199,113.3146585988205,106.92976634068884,111.40607452392578,151600,0.0,0.0
2024-03-06 00:00:00-05:00,112.23246723458253,114.46570110359015,111.56347958779786,111.92748260498047,80100,0.0,0.0
2024-03-07 00:00:00-05:00,112.40956288699478,117.14166259765625,112.40956288699478,117.14166259765625,73600,0.0,0.0
2024-03-08 00:00:00-05:00,118.14513601896914,118.89282990270462,113.9738050204592,115.1248550415039,78600,0.0,0.0
2024-03-11 00:00:00-04:00,113.80655514744721,117.03343413236115,113.80655514744721,115.61675262451172,73900,0.0,0.0
2024-03-12 00:00:00-04:00,115.60692750565507,115.60692750565507,112.8719508100424,114.0131607055664,65600,0.0,0.0
2024-03-13 00:00:00-04:00,114.1017021000422,114.90842186373295,110.1861550725739,111.81927490234375,86300,0.0,0.0
2024-03-14 00:00:00-04:00,111.16012950541953,112.52761791224354,106.76251977024782,107.6282730102539,78400,0.0,0.0
2024-03-15 00:00:00-04:00,106.75268583147734,109.34993050837457,106.56576047404172,109.0941390991211,226700,0.0,0.0
2024-03-18 00:00:00-04:00,109.4384661206896,109.4384661206896,107.17571912372992,107.34296417236328,65700,0.0,0.0
2024-03-19 00:00:00-04:00,107.22489585793699,108.44481935985299,106.47720952483012,106.77234649658203,75800,0.0,0.0
2024-03-20 00:00:00-04:00,106.25093600799012,110.08777686500144,105.40486313931144,109.61554718017578,74300,0.0,0.0
2024-03-21 00:00:00-04:00,109.9106898265203,113.18676209984365,109.81231083303517,112.20295715332031,83100,0.0,0.0
2024-03-22 00:00:00-04:00,112.06523608731499,112.4193989975401,109.57620302281396,112.22264099121094,60100,0.0,0.0
2024-03-25 00:00:00-04:00,113.08838124963626,113.6393171511788,109.85166941902649,111.45526885986328,73200,0.0,0.0
2024-03-26 00:00:00-04:00,111.76024480262194,111.98652325175571,109.36959838867188,109.36959838867188,60200,0.0,0.0
2024-03-27 00:00:00-04:00,110.51081493678049,114.48538794704137,110.34356989198682,114.04267120361328,61600,0.0,0.0
2024-03-28 00:00:00-04:00,113.83606856821413,115.75449270238192,113.59011733351333,113.97380065917969,56300,0.0,0.0
2024-04-01 00:00:00-04:00,114.3771787034991,115.1248651470293,112.44892168109911,113.27531433105469,106900,0.0,0.0
2024-04-02 00:00:00-04:00,112.31118224391707,112.31118224391707,108.42514799591268,108.85802459716797,61900,0.0,0.0
2024-04-03 00:00:00-04:00,108.21853885966921,109.4384548324533,106.57558648020026,106.8904037475586,91900,0.0,0.0
2024-04-04 00:00:00-04:00,108.7104520965775,110.01891454312258,106.89041435449893,107.90373229980469,85200,0.0,0.0
2024-04-05 00:00:00-04:00,107.24459330582727,107.24459330582727,104.37187678296854,104.96216583251953,77400,0.0,0.0
2024-04-08 00:00:00-04:00,106.5657535677913,110.21566908926943,106.5657535677913,110.136962890625,107100,0.0,0.0
2024-04-09 00:00:00-04:00,111.10110643603568,116.35462188720703,110.22552052750711,116.35462188720703,84000,0.0,0.0
2024-04-10 00:00:00-04:00,113.22610527420173,113.22610527420173,109.30072572304891,110.50096893310547,93100,0.0,0.0
2024-04-11 00:00:00-04:00,110.81579071902878,111.15028831035045,109.5171684647369,110.7862777709961,52700,0.0,0.0
2024-04-12 00:00:00-04:00,109.20235616392799,110.65839088201511,106.49689238509193,106.52640533447266,73000,0.0,0.0
2024-04-15 00:00:00-04:00,107.24458551892648,107.82502686811287,104.74571990966797,104.74571990966797,69200,0.0,0.0
2024-04-16 00:00:00-04:00,105.29664407089291,105.73936080808913,103.55531258759582,105.1982650756836,89900,0.0,0.0
2024-04-17 00:00:00-04:00,105.89676928492385,106.07385448463121,104.16527038843375,104.3521957397461,81500,0.0,0.0
2024-04-18 00:00:00-04:00,103.8504609204925,104.65718077869342,102.55183852666083,103.27001953125,80900,0.0,0.0
2024-04-19 00:00:00-04:00,103.17163742310659,105.96564013867676,102.81746700763476,104.9424819946289,60800,0.0,0.0
2024-04-22 00:00:00-04:00,104.883447219056,105.73936023499411,102.76826505725687,103.7225570678711,94800,0.0,0.0
2024-04-23 00:00:00-04:00,103.01421522974188,106.04433627172857,103.01421522974188,104.32267761230469,72700,0.0,0.0
2024-04-24 00:00:00-04:00,104.29317217934017,107.92340759595173,104.29317217934017,107.00846862792969,82600,0.0,0.0
2024-04-25 00:00:00-04:00,105.65082545641607,106.6543108271866,104.66702039023782,106.08370208740234,67000,0.0,0.0
2024-04-26 00:00:00-04:00,106.63462802344252,108.95640852567556,106.38867676266221,106.54608917236328,68200,0.0,0.0
2024-04-29 00:00:00-04:00,107.12653037066691,108.19888176895905,106.43786984393749,107.19539642333984,75400,0.0,0.0
2024-04-30 00:00:00-04:00,105.463887353382,107.17571336596968,105.25728921513924,105.83773803710938,106800,0.0,0.0
2024-05-01 00:00:00-04:00,105.83773076117738,110.18614652811867,105.3359881708886,108.09064483642578,154900,0.0,0.0
2024-05-02 00:00:00-04:00,109.5073262718145,110.18615408725532,107.23473924563241,109.8221435546875,65300,0.0,0.0
2024-05-03 00:00:00-04:00,111.72088140862554,113.91476962575295,108.8875260147928,109.39910125732422,97900,0.0,0.0
2024-05-06 00:00:00-04:00,109.72377281907526,110.9633692474845,108.5333696440632,110.64855194091797,80200,0.0,0.0
2024-05-07 00:00:00-04:00,111.50445459314224,113.70818318738256,111.1601243458661,111.88814544677734,50400,0.0,0.0
2024-05-08 00:00:00-04:00,110.90432904000032,113.51140600529715,110.48129263520647,112.64566040039062,45800,0.0,0.0
2024-05-09 00:00:00-04:00,113.13756865735735,115.64627426905056,113.13756865735735,114.80020141601562,60000,0.0,0.0
2024-05-10 00:00:00-04:00,116.72845494632551,125.20884853026242,114.70181171258868,125.1301498413086,197100,0.0,0.0
2024-05-13 00:00:00-04:00,125.9959158118224,133.65975029392322,125.9959158118224,132.78416442871094,169900,0.0,0.0
2024-05-14 00:00:00-04:00,136.18813502876756,138.33283798813562,133.7483025438819,135.02725219726562,172200,0.0,0.0
2024-05-15 00:00:00-04:00,135.76507692991237,137.90976441784053,132.53819804149745,137.85073852539062,95500,0.0,0.0
2024-05-16 00:00:00-04:00,138.24427608405438,139.77900940759267,136.49310447010203,139.74949645996094,85500,0.0,0.0
2024-05-17 00:00:00-04:00,140.50037407006081,145.3315864391759,139.30491392028608,144.6103515625,102500,0.6,0.0
2024-05-20 00:00:00-04:00,143.96817461702256,147.41622372521064,143.8199839273461,147.1198272705078,112000,0.0,0.0
2024-05-21 00:00:00-04:00,145.983641916344,149.83676563832384,145.36122595056514,149.57000732421875,82700,0.0,0.0
2024-05-22 00:00:00-04:00,148.48320829722,150.7160482451476,147.07040698091893,150.23193359375,78400,0.0,0.0
2024-05-23 00:00:00-04:00,150.1726448813001,150.1726448813001,141.73532001914805,143.53343200683594,79200,0.0,0.0
2024-05-24 00:00:00-04:00,145.36122389492448,145.36122389492448,142.4368020612704,143.8002166748047,52000,0.0,0.0
2024-05-28 00:00:00-04:00,144.5115551429319,145.43036750310895,141.13267198477152,142.94065856933594,83000,0.0,0.0
2024-05-29 00:00:00-04:00,140.84616296666073,141.43895588812538,139.44323579956796,139.85818481445312,51100,0.0,0.0
2024-05-30 00:00:00-04:00,140.29286784921575,142.3676275588148,140.29286784921575,141.3203582763672,42300,0.0,0.0
2024-05-31 00:00:00-04:00,142.32810849746662,143.07898142690016,140.65842326271837,141.43893432617188,54000,0.0,0.0
2024-06-03 00:00:00-04:00,143.30621050488247,145.13396074168799,139.99647820731232,145.1142120361328,72600,0.0,0.0
2024-06-04 00:00:00-04:00,143.3852604884094,143.9484001427073,141.0635060202412,142.5355987548828,96700,0.0,0.0
2024-06-05 00:00:00-04:00,142.7924615325415,149.1155148086144,142.09100558295356,148.1077880859375,123400,0.0,0.0
2024-06-06 00:00:00-04:00,147.65331670214482,147.83116059050045,145.64772246470704,147.02101135253906,49000,0.0,0.0
2024-06-07 00:00:00-04:00,144.53129743401752,145.24264281208968,142.54546704751914,143.1382598876953,61000,0.0,0.0
2024-06-10 00:00:00-04:00,142.2688380537078,144.20528164925886,141.6661708450497,142.79246520996094,117200,0.0,0.0
2024-06-11 00:00:00-04:00,140.97456196083826,144.27440436485173,140.02609659079621,144.24476623535156,52100,0.0,0.0
2024-06-12 00:00:00-04:00,148.4634530789108,149.67866175523224,143.385246939866,144.8079376220703,59500,0.0,0.0
2024-06-13 00:00:00-04:00,144.14601638812493,144.60049300285866,141.3006493633898,144.36337280273438,47100,0.0,0.0
2024-06-14 00:00:00-04:00,142.8418774111879,142.8418774111879,140.05577189588016,141.9230499267578,37300,0.0,0.0
2024-06-17 00:00:00-04:00,141.08327986601606,144.86723790992588,141.00423980663743,144.6795196533203,49200,0.0,0.0
2024-06-18 00:00:00-04:00,145.025311248096,145.80582245700802,142.17994432447244,143.08888244628906,59600,0.0,0.0
2024-06-20 00:00:00-04:00,141.6266599479235,143.19754143433425,137.80317463103015,138.38609313964844,66700,0.0,0.0
2024-06-21 00:00:00-04:00,138.66271855016174,141.7649688720703,137.3882184859446,141.7649688720703,64000,0.0,0.0
2024-06-24 00:00:00-04:00,142.26885115446933,143.75081835399507,139.5815494266347,140.03602600097656,49700,0.0,0.0
2024-06-25 00:00:00-04:00,139.6111817303036,141.7550923803157,138.5738017189173,141.0437469482422,39100,0.0,0.0
2024-06-26 00:00:00-04:00,139.8779253810008,142.4565485332647,139.8779253810008,142.1008758544922,32900,0.0,0.0
2024-06-27 00:00:00-04:00,142.24908281191247,144.65975179127318,141.50809923589665,141.60690307617188,50400,0.0,0.0
2024-06-28 00:00:00-04:00,141.58713526818505,144.20528620755843,140.74736295111546,143.9088897705078,112900,0.0,0.0
2024-07-01 00:00:00-04:00,144.24478877331063,146.91232637254197,144.02743240611753,145.5093994140625,46700,0.0,0.0
2024-07-02 00:00:00-04:00,146.03302778053836,147.3174022133089,145.58844068948073,146.724609375,40300,0.0,0.0
2024-07-03 00:00:00-04:00,147.39644052638693,147.87066574623648,145.75639342502848,146.40846252441406,20700,0.0,0.0
2024-07-05 00:00:00-04:00,145.79594938987594,146.1120945729147,143.60263659218813,145.36123657226562,39400,0.0,0.0
2024-07-08 00:00:00-04:00,145.70699840156033,151.25944528650598,145.70699840156033,149.6292724609375,94200,0.0,0.0
2024-07-09 00:00:00-04:00,149.70831440849753,150.10349960284034,146.7641440072017,149.9454345703125,66700,0.0,0.0
2024-07-10 00:00:00-04:00,149.74787107818554,150.74572368682084,147.6533469300995,149.70834350585938,45700,0.0,0.0
2024-07-11 00:00:00-04:00,151.64475141290484,160.59582984410383,151.64475141290484,159.10397338867188,134800,0.0,0.0
2024-07-12 00:00:00-04:00,160.29944604104242,165.03185448669666,160.29944604104242,162.295166015625,72600,0.0,0.0
2024-07-15 00:00:00-04:00,164.10316443304689,167.38324380577177,161.9296006058417,164.75521850585938,107500,0.0,0.0
2024-07-16 00:00:00-04:00,165.74319872702011,172.8566530256749,165.74319872702011,171.50311279296875,111800,0.0,0.0
2024-07-17 00:00:00-04:00,169.01343432715692,172.8961813346759,168.4008776049042,170.19900512695312,64000,0.0,0.0
2024-07-18 00:00:00-04:00,168.52929825791043,170.69297260819476,164.26122582852514,164.7749786376953,43600,0.0,0.0
2024-07-19 00:00:00-04:00,163.6881946208492,164.18218364142206,161.12933511236554,163.4016876220703,37700,0.0,0.0
2024-07-22 00:00:00-04:00,164.77499072832833,167.25481039866753,163.01639086922168,166.90902709960938,29200,0.0,0.0
2024-07-23 00:00:00-04:00,165.78271222339586,169.88281491324807,165.78271222339586,168.64784240722656,28400,0.0,0.0
2024-07-24 00:00:00-04:00,167.20542098811995,168.14399717881076,162.88794639038292,163.4214630126953,41700,0.0,0.0
2024-07-25 00:00:00-04:00,164.2612281219923,174.12126009268886,163.56964648961605,171.19683837890625,81500,0.0,0.0
2024-07-26 00:00:00-04:00,174.68443233689197,176.85798147638127,172.96535982651085,174.20033264160156,57000,0.0,0.0
2024-07-29 00:00:00-04:00,174.28923532566728,175.7119263248722,171.60193345502483,174.83262634277344,63300,0.0,0.0
2024-07-30 00:00:00-04:00,176.18612871371803,176.60107768861587,173.5877415996984,174.8721160888672,60100,0.0,0.0
2024-07-31 00:00:00-04:00,176.84810240762747,186.8167990872692,175.66253155180863,183.33912658691406,60800,0.0,0.0
2024-08-01 00:00:00-04:00,182.26219614218354,185.39408491830855,171.7896373000841,173.9335479736328,48600,0.0,0.0
2024-08-02 00:00:00-04:00,167.07696051270423,170.01125638452226,164.57737737379966,169.54690551757812,53800,0.0,0.0
2024-08-05 00:00:00-04:00,157.77022986268585,165.76296930976312,155.05329000740855,164.9528350830078,73800,0.0,0.0
2024-08-06 00:00:00-04:00,166.4150318258209,168.21314410972795,162.6211995798056,165.802490234375,35300,0.0,0.0
2024-08-07 00:00:00-04:00,169.05295981780546,170.01129993119346,164.043902828735,164.27114868164062,51900,0.0,0.0
2024-08-08 00:00:00-04:00,166.71140480227297,172.58987059295282,165.70366307161876,171.9575653076172,60300,0.0,0.0
2024-08-09 00:00:00-04:00,173.66679423454468,173.85451249102954,169.74451985808165,172.03663635253906,33600,0.0,0.0
2024-08-12 00:00:00-04:00,172.46146729379558,172.46146729379558,167.83773668496278,168.98377990722656,76800,0.0,0.0
2024-08-13 00:00:00-04:00,170.19899543975953,176.26518051087672,170.19899543975953,174.56585693359375,56500,0.0,0.0
2024-08-14 00:00:00-04:00,174.5757273842657,176.6010855058361,172.25398789275528,172.5503692626953,28100,0.0,0.0
2024-08-15 00:00:00-04:00,177.48038314224854,179.17970665979868,174.88199594644874,175.4945526123047,48800,0.0,0.0
2024-08-16 00:00:00-04:00,174.35837458230654,176.33433082441223,174.35837458230654,175.5439453125,32700,0.0,0.0
2024-08-19 00:00:00-04:00,176.20590230530482,177.0950765759648,175.1388841353031,176.93699645996094,52300,0.0,0.0
2024-08-20 00:00:00-04:00,176.88760411647183,177.60883903153305,174.75358273627617,175.90951538085938,29100,0.0,0.0
2024-08-21 00:00:00-04:00,177.6285680792461,178.95247013173122,174.87211593578465,178.86354064941406,19500,0.0,0.0
2024-08-22 00:00:00-04:00,179.2488436819346,179.2488436819346,174.25956677602,174.50656127929688,48900,0.0,0.0
2024-08-23 00:00:00-04:00,164.9923344231869,192.25064521669438,163.51036734752952,191.65786743164062,160400,0.0,0.0
2024-08-26 00:00:00-04:00,197.59561036675572,207.4753908850935,194.6316762112544,203.38516235351562,136100,0.0,0.0
2024-08-27 00:00:00-04:00,199.57156791382891,199.67037174986638,181.7879628522006,182.6079864501953,120500,0.0,0.0
2024-08-28 00:00:00-04:00,183.76394218645032,187.96284946759235,183.48730950101492,186.3919677734375,85200,0.0,0.0
2024-08-29 00:00:00-04:00,187.9134319242387,192.44824779286054,186.58954488607296,192.0925750732422,87600,0.0,0.0
2024-08-30 00:00:00-04:00,194.00924029399474,197.3584852017532,188.62476306313235,191.19351196289062,104900,0.0,0.0
2024-09-03 00:00:00-04:00,190.78718934507748,196.47582653854636,189.40962929983536,193.6315155029297,107700,0.6,0.0
2024-09-04 00:00:00-04:00,193.25490346290417,193.25490346290417,186.55540558686138,187.72483825683594,89200,0.0,0.0
2024-09-05 00:00:00-04:00,188.14107764832212,190.87638749683447,188.14107764832212,190.07362365722656,42700,0.0,0.0
2024-09-06 00:00:00-04:00,189.29068904472084,192.57106453478656,184.7318496471062,187.7050018310547,41800,0.0,0.0
2024-09-09 00:00:00-04:00,188.06177992122778,191.76831507257793,188.06177992122778,189.61773681640625,54600,0.0,0.0
2024-09-10 00:00:00-04:00,190.53941142316611,192.70981498148933,188.72578673911838,192.53143310546875,67300,0.0,0.0
2024-09-11 00:00:00-04:00,190.65835618849187,197.26866315592338,190.39076824044795,197.0407257080078,47300,0.0,0.0
2024-09-12 00:00:00-04:00,198.2101487965029,199.69672491247667,196.30733318272456,199.5084228515625,43700,0.0,0.0
2024-09-13 00:00:00-04:00,200.66794081516372,204.01769700881684,200.08322453350047,200.87606811523438,48300,0.0,0.0
2024-09-16 00:00:00-04:00,199.66699475804737,202.6401469923493,199.46878763354076,202.59059143066406,36000,0.0,0.0
2024-09-17 00:00:00-04:00,204.64208907448278,207.0206049913649,202.33293885137337,205.30609130859375,66400,0.0,0.0
2024-09-18 00:00:00-04:00,205.3457324139353,212.0848811960128,203.89880664619028,205.7917022705078,53600,0.0,0.0
2024-09-19 00:00:00-04:00,211.33168692185498,213.71020289297024,210.1027784341785,211.8866729736328,58800,0.0,0.0
2024-09-20 00:00:00-04:00,210.0135575725406,215.61298798147882,210.0036373873061,215.3354949951172,189800,0.0,0.0
2024-09-23 00:00:00-04:00,215.9301508643963,218.91320829691134,214.5129403717899,217.66448974609375,59000,0.0,0.0
2024-09-24 00:00:00-04:00,218.14018293686874,219.24024988308062,216.38601886107477,217.9915313720703,50400,0.0,0.0
2024-09-25 00:00:00-04:00,217.19868958567258,218.0113433505291,213.4624239622546,214.16607666015625,44900,0.0,0.0
2024-09-26 00:00:00-04:00,217.9815964467019,221.628670852904,216.77251339398254,218.57623291015625,63200,0.0,0.0
2024-09-27 00:00:00-04:00,221.93591532019707,221.93591532019707,216.9112805791351,217.9617919921875,35000,0.0,0.0
2024-09-30 00:00:00-04:00,217.78342269735913,220.6971145946426,217.03022950086347,219.7357940673828,67200,0.0,0.0
2024-10-01 00:00:00-04:00,218.95283444299636,221.5989532470703,213.69035739197105,221.5989532470703,78300,0.0,0.0
2024-10-02 00:00:00-04:00,220.6970986668542,227.18848424291906,220.0132712151415,226.1974334716797,55300,0.0,0.0
2024-10-03 00:00:00-04:00,223.82881268361024,225.91993032192553,221.51966267563293,223.38282775878906,43000,0.0,0.0
2024-10-04 00:00:00-04:00,227.51553246560044,228.93272780764178,222.79812112345522,224.36398315429688,40800,0.0,0.0
2024-10-07 00:00:00-04:00,223.85856147889038,224.24507068934324,218.43751234623406,221.826904296875,57000,0.0,0.0
2024-10-08 00:00:00-04:00,221.8070631844072,229.90394589672357,221.8070631844072,229.53726196289062,41900,0.0,0.0
2024-10-09 00:00:00-04:00,230.86529418532757,235.86019897460938,229.6661311164377,235.86019897460938,51000,0.0,0.0
2024-10-10 00:00:00-04:00,234.0168208251477,234.0168208251477,228.91290033721305,231.05357360839844,61100,0.0,0.0
2024-10-11 00:00:00-04:00,231.70767727616263,236.34578770567649,231.70767727616263,233.59066772460938,55600,0.0,0.0
2024-10-14 00:00:00-04:00,233.8483566961603,241.05328522503544,233.8483566961603,239.3585968017578,51700,0.0,0.0
2024-10-15 00:00:00-04:00,240.25053725613014,243.19395939256628,237.18819386076254,238.69459533691406,58600,0.0,0.0
2024-10-16 00:00:00-04:00,241.35059374291518,246.52387999212672,241.35059374291518,246.15719604492188,88800,0.0,0.0
2024-10-17 00:00:00-04:00,246.6725136786498,247.56446838378906,243.2335665329347,247.56446838378906,43300,0.0,0.0
2024-10-18 00:00:00-04:00,247.76270164494542,251.697174556846,247.66359051539337,249.19972229003906,43300,0.0,0.0
2024-10-21 00:00:00-04:00,249.81418732508024,254.14507456709396,249.67542569300699,252.55938720703125,50400,0.0,0.0
2024-10-22 00:00:00-04:00,251.3602225863263,252.85670387022557,247.31673345387776,249.33847045898438,56700,0.0,0.0
2024-10-23 00:00:00-04:00,249.75470859731152,252.02422341533116,247.7825271682756,251.3998565673828,40300,0.0,0.0
2024-10-24 00:00:00-04:00,253.28285360988883,256.0974341791574,249.5961435202473,249.60604858398438,42100,0.0,0.0
2024-10-25 00:00:00-04:00,250.88451515204014,256.7118989548589,250.88451515204014,253.62973022460938,64200,0.0,0.0
2024-10-28 00:00:00-04:00,257.4254361685657,259.53637913680126,254.97753956961904,256.2956237792969,44400,0.0,0.0
2024-10-29 00:00:00-04:00,253.58016005313826,260.3787841796875,252.71795070748672,260.3787841796875,41500,0.0,0.0
2024-10-30 00:00:00-04:00,259.34809783224296,262.9059667335019,257.84171143710364,260.0120849609375,43900,0.0,0.0
2024-10-31 00:00:00-04:00,261.1716130447752,267.54406235520946,258.12907986586,263.3122863769531,88900,0.0,0.0
2024-11-01 00:00:00-04:00,264.08533875906204,270.4082484413663,263.48078197326095,267.9900817871094,69200,0.0,0.0
2024-11-04 00:00:00-05:00,267.99002411446224,276.50314602030323,263.4212646484375,263.4212646484375,91800,0.0,0.0
2024-11-05 00:00:00-05:00,258.3273010253906,260.94365936841746,242.80744211629437,258.3273010253906,123600,0.0,0.0
2024-11-06 00:00:00-05:00,264.2636951842653,266.1268755655458,247.70324444549385,249.8439178466797,107400,0.0,0.0
2024-11-07 00:00:00-05:00,252.04407092063326,260.2896216271973,252.04407092063326,258.9219665527344,74100,0.0,0.0
2024-11-08 00:00:00-05:00,280.93317260551106,316.2641277174377,277.6627170502639,310.1097106933594,199900,0.0,0.0
2024-11-11 00:00:00-05:00,314.1531762932065,337.73028275926197,312.2305353652273,337.30413818359375,166000,0.0,0.0
2024-11-12 00:00:00-05:00,337.30411906697,349.75171370781226,332.0019916587501,346.3524169921875,131600,0.0,0.0
2024-11-13 00:00:00-05:00,347.0263623293827,352.1302680559775,333.96431964612464,334.43011474609375,94700,0.0,0.0
2024-11-14 00:00:00-05:00,333.5877365094439,342.62611581114885,333.00302011212676,340.04937744140625,91500,0.0,0.0
2024-11-15 00:00:00-05:00,337.066301969065,341.0800761998684,331.18937747987917,332.14080810546875,83500,0.0,0.0
2024-11-18 00:00:00-05:00,335.6851453407049,341.3144948542772,330.5522402512553,332.8158874511719,67600,0.6,0.0
2024-11-19 00:00:00-05:00,332.81591663818165,345.236208840728,331.27704483394444,341.52301025390625,66000,0.0,0.0
2024-11-20 00:00:00-05:00,341.52294858718005,342.05908427647245,332.597433136798,338.5444641113281,70900,0.0,0.0
2024-11-21 00:00:00-05:00,340.6889942962606,351.16335009389354,337.5615914936356,343.2405700683594,100400,0.0,0.0
2024-11-22 00:00:00-05:00,346.4474359602617,359.00670748064726,344.9780392172629,355.9090881347656,78600,0.0,0.0
2024-11-25 00:00:00-05:00,359.8406616547366,363.3751276859267,352.07673772046644,360.11865234375,105100,0.0,0.0
2024-11-26 00:00:00-05:00,356.76287646810835,360.9823962556127,353.12912167408274,353.95318603515625,67600,0.0,0.0
2024-11-27 00:00:00-05:00,354.2907432378754,354.6978064288365,345.1468041541597,349.98187255859375,56900,0.0,0.0
2024-11-29 00:00:00-05:00,355.1346614046924,356.19696455808804,341.7811099145448,344.0050354003906,55600,0.0,0.0
2024-12-02 00:00:00-05:00,343.5185392522755,349.98186019217593,337.55163238643905,349.14788818359375,85500,0.0,0.0
2024-12-03 00:00:00-05:00,345.33541009333044,354.8566589355469,343.9851783213921,354.8566589355469,75900,0.0,0.0
2024-12-04 00:00:00-05:00,358.49039891230757,363.71268502420804,335.64544226460555,336.7474670410156,113500,0.0,0.0
2024-12-05 00:00:00-05:00,338.5544129650688,343.051923456146,331.1181395137113,338.75299072265625,86800,0.0,0.0
2024-12-06 00:00:00-05:00,339.76568324740794,345.10710405379825,332.7960398743974,342.0888977050781,94600,0.0,0.0
2024-12-09 00:00:00-05:00,342.14847416676724,342.14847416676724,320.54452127764125,326.6107177734375,91500,0.0,0.0
2024-12-10 00:00:00-05:00,325.22077072907297,336.6283581031954,325.22077072907297,330.50262451171875,70900,0.0,0.0
2024-12-11 00:00:00-05:00,335.3376925186869,341.0365172007763,333.7888828120653,339.6068420410156,183800,0.0,0.0
2024-12-12 00:00:00-05:00,338.6140111684875,349.89255619846136,327.633332802108,344.1142883300781,99200,0.0,0.0
2024-12-13 00:00:00-05:00,342.5257309830785,349.36633186406453,338.85225450232576,342.4165344238281,85500,0.0,0.0
2024-12-16 00:00:00-05:00,341.81089112767035,350.379003332531,341.81089112767035,346.72540283203125,66800,0.0,0.0
2024-12-17 00:00:00-05:00,343.20085214696167,347.1523193738868,336.7772523454544,337.77008056640625,66100,0.0,0.0
2024-12-18 00:00:00-05:00,341.026579456234,343.4689588634176,322.66919407942703,324.14849853515625,45700,0.0,0.0
2024-12-19 00:00:00-05:00,329.0034110656672,336.92616064551765,326.9879710481441,332.8258056640625,79800,0.0,0.0
2024-12-20 00:00:00-05:00,330.6117744390919,343.0221263324512,327.7325788595747,341.0662536621094,140700,0.0,0.0
2024-12-23 00:00:00-05:00,339.7160812188461,343.30017692789124,334.5831454483372,342.4264831542969,52100,0.0,0.0
2024-12-24 00:00:00-05:00,339.56712114247256,349.3266402091962,339.56712114247256,348.1451721191406,31800,0.0,0.0
2024-12-26 00:00:00-05:00,348.51250803708155,351.6002197265625,344.4220603933338,351.6002197265625,53700,0.0,0.0
2024-12-27 00:00:00-05:00,351.8285319488963,352.4540185761353,336.79712843312075,338.36578369140625,63200,0.0,0.0
2024-12-30 00:00:00-05:00,334.9703641898981,336.42979274556336,329.2913849407282,333.1236877441406,54200,0.0,0.0
2024-12-31 00:00:00-05:00,333.09390391297643,336.2312450640683,329.54949951171875,329.54949951171875,67500,0.0,0.0
2025-01-02 00:00:00-05:00,329.2615984225844,339.3685834434094,329.2615984225844,334.65264892578125,58400,0.0,0.0
2025-01-03 00:00:00-05:00,334.5830797521225,345.2758278028372,334.5830797521225,341.5130310058594,58900,0.0,0.0
2025-01-06 00:00:00-05:00,341.94992345385646,354.9361037941059,341.94992345385646,354.6878967285156,80900,0.0,0.0
2025-01-07 00:00:00-05:00,357.4181865204545,364.0999318593327,345.4248340375362,350.7563171386719,85200,0.0,0.0
2025-01-08 00:00:00-05:00,347.48989022920324,356.70333524961757,341.9300459257932,354.45953369140625,67700,0.0,0.0
2025-01-10 00:00:00-05:00,348.09548938132536,357.3486557088856,342.50589192617736,356.8026123046875,68600,0.0,0.0
2025-01-13 00:00:00-05:00,349.15784540493496,362.7198834685637,346.4970728620981,359.83074951171875,94000,0.0,0.0
2025-01-14 00:00:00-05:00,362.78939112279386,396.5753368093451,362.78939112279386,390.8070068359375,190500,0.0,0.0
2025-01-15 00:00:00-05:00,400.1494975127982,412.02371463651446,391.5416634442594,408.1119689941406,166400,0.0,0.0
2025-01-16 00:00:00-05:00,408.8466338821183,419.88690873453635,406.1759236443692,407.7545471191406,125200,0.0,0.0
2025-01-17 00:00:00-05:00,409.1941551350099,409.1941551350099,380.8290449024207,403.6938781738281,112100,0.0,0.0
2025-01-21 00:00:00-05:00,410.27633247717654,416.0446621315482,404.66685897715706,412.3712158203125,87700,0.0,0.0
2025-01-22 00:00:00-05:00,418.75509723894424,426.6580016095628,410.8819765038178,413.6221618652344,91700,0.0,0.0
2025-01-23 00:00:00-05:00,412.083306581829,429.45780161290935,406.09655322021104,428.0181884765625,77100,0.0,0.0
2025-01-24 00:00:00-05:00,428.9017636622681,434.97786713302315,425.08930717667096,427.5118103027344,87900,0.0,0.0
2025-01-27 00:00:00-05:00,414.6844857807322,415.2404671628813,386.29953046147153,389.27801513671875,100100,0.0,0.0
2025-01-28 00:00:00-05:00,389.2780234669333,399.01766613951474,386.63709669585495,394.58966064453125,70400,0.0,0.0
2025-01-29 00:00:00-05:00,395.5626164612341,396.0987218628931,380.729761041104,382.7948303222656,69300,0.0,0.0
2025-01-30 00:00:00-05:00,390.3899623924163,405.5305922234477,390.3899623924163,395.9001770019531,89200,0.0,0.0
2025-01-31 00:00:00-05:00,398.84888790394257,401.83728021436497,394.6591516437656,400.6459045410156,56200,0.0,0.0
2025-02-03 00:00:00-05:00,382.57643339218936,410.2862734256383,371.0894032928281,399.5538024902344,94700,0.0,0.0
2025-02-04 00:00:00-05:00,397.7964979072263,418.3778076029699,396.8632369526151,417.9806823730469,114600,0.0,0.0
2025-02-05 00:00:00-05:00,422.4384505461031,430.77823145627536,413.5129349471532,421.7335510253906,108400,0.0,0.0
2025-02-06 00:00:00-05:00,424.086570645849,426.16157800219514,407.0893562657378,423.73907470703125,126600,0.0,0.0
2025-02-07 00:00:00-05:00,433.3695268519626,466.609427241753,386.4583925020079,387.21295166015625,272600,0.0,0.0
2025-02-10 00:00:00-05:00,379.2206756056641,379.2901808559036,324.2775630578725,364.4176025390625,322700,0.0,0.0
2025-02-11 00:00:00-05:00,357.7755580853249,361.2703327646933,340.5500129350505,345.59356689453125,185100,0.0,0.0
2025-02-12 00:00:00-05:00,339.01113313794184,350.9647940116827,333.0938851228276,341.07623291015625,118300,0.0,0.0
2025-02-13 00:00:00-05:00,340.3911544780147,349.2670410111704,338.7232103734691,340.99676513671875,90200,0.0,0.0
2025-02-14 00:00:00-05:00,339.735871678944,345.067354068941,338.5544037405274,338.7728271484375,62900,0.0,0.0
2025-02-18 00:00:00-05:00,339.7375862026259,344.12367483335896,331.99977761843314,335.58026123046875,105300,0.6,0.0
2025-02-19 00:00:00-05:00,332.6164330040246,341.39856634167575,328.797260344185,340.0061340332031,92800,0.0,0.0
2025-02-20 00:00:00-05:00,338.9419196519936,341.0205820337192,324.42108872509715,335.56036376953125,129800,0.0,0.0
2025-02-21 00:00:00-05:00,336.2863937443483,336.60466569095706,318.234826010783,318.2447814941406,78200,0.0,0.0
2025-02-24 00:00:00-05:00,317.0711822096679,321.6064515702033,304.4400706585248,316.4247131347656,102400,0.0,0.0
2025-02-25 00:00:00-05:00,317.9663028457996,322.79993285867664,309.44277003317455,321.6760559082031,83900,0.0,0.0
2025-02-26 00:00:00-05:00,327.1561860098116,342.1444698388955,326.51964211177807,338.0865783691406,91800,0.0,0.0
2025-02-27 00:00:00-05:00,338.13632964232954,341.52784115804315,327.93195899660236,330.85601806640625,87900,0.0,0.0
2025-02-28 00:00:00-05:00,328.3098917150172,341.1399296458589,325.7041046889244,339.8370361328125,90600,0.0,0.0
2025-03-03 00:00:00-05:00,341.1399657350393,343.90488902458094,323.1977852776793,326.8976135253906,137100,0.0,0.0
2025-03-04 00:00:00-05:00,318.7818470076637,328.8867541711096,312.28725963971874,321.4771728515625,115100,0.0,0.0
2025-03-05 00:00:00-05:00,324.6597880591607,331.08477783203125,321.1190960921326,331.08477783203125,77600,0.0,0.0
2025-03-06 00:00:00-05:00,323.7149610088063,327.6932693544135,309.810762414159,313.15252685546875,85000,0.0,0.0
2025-03-07 00:00:00-05:00,315.07207297016623,319.0205450828012,302.2320795797294,319.0105895996094,113300,0.0,0.0
2025-03-10 00:00:00-04:00,310.6163569016453,311.07385384730566,292.52499788480304,299.2980651855469,104300,0.0,0.0
2025-03-11 00:00:00-04:00,298.45267474882485,307.32431559602827,296.3839677916389,300.9391174316406,108300,0.0,0.0
2025-03-12 00:00:00-04:00,310.4373522644941,315.8180179689559,303.18687677265297,307.08563232421875,96400,0.0,0.0
2025-03-13 00:00:00-04:00,306.5784038598885,306.5883593439707,295.966252405425,302.2022705078125,81500,0.0,0.0
2025-03-14 00:00:00-04:00,308.2990424345164,320.66162938719714,308.2990424345164,317.34967041015625,83500,0.0,0.0
2025-03-17 00:00:00-04:00,315.27101058759155,321.019665474128,314.167044486751,317.5684814453125,60500,0.0,0.0
2025-03-18 00:00:00-04:00,311.5313871238509,316.7628418820549,308.3188922552158,313.6498107910156,71700,0.0,0.0
2025-03-19 00:00:00-04:00,313.65980495469705,320.44282870528934,313.65980495469705,318.45367431640625,75800,0.0,0.0
2025-03-20 00:00:00-04:00,313.9083971952733,322.25291304179945,313.9083971952733,317.81707763671875,61100,0.0,0.0
2025-03-21 00:00:00-04:00,313.44096873195383,319.62723954232706,313.44096873195383,314.88311767578125,146600,0.0,0.0
2025-03-24 00:00:00-04:00,325.4753615873907,335.97809351632964,318.8813104443516,331.1543884277344,87300,0.0,0.0
2025-03-25 00:00:00-04:00,331.1046595386261,334.0187631002297,318.6127738346896,320.8704528808594,60100,0.0,0.0
2025-03-26 00:00:00-04:00,320.8505894775926,321.7357473437097,308.8360807024996,312.5955810546875,84600,0.0,0.0
2025-03-27 00:00:00-04:00,315.9771622623769,315.9771622623769,306.32975208509674,307.92108154296875,52700,0.0,0.0
2025-03-28 00:00:00-04:00,307.7221556211148,310.8849035860619,303.2067669865272,308.5874328613281,63200,0.0,0.0
2025-03-31 00:00:00-04:00,302.30175555112857,308.7068352208231,294.1064186896302,308.45819091796875,77700,0.0,0.0
2025-04-01 00:00:00-04:00,309.16428597991495,315.11183738893527,303.96263701576214,309.28363037109375,97000,0.0,0.0
2025-04-02 00:00:00-04:00,302.9183530579658,328.31983020651506,302.9183530579658,323.1380920410156,75000,0.0,0.0
2025-04-03 00:00:00-04:00,302.80894908759416,302.80894908759416,282.6787173841667,288.1986083984375,147600,0.0,0.0
2025-04-04 00:00:00-04:00,276.6416269407955,285.69228503494816,266.02950579584723,271.9671325683594,158000,0.0,0.0
2025-04-07 00:00:00-04:00,258.5900392729777,292.77364845438376,253.61715390234355,279.93365478515625,182000,0.0,0.0
2025-04-08 00:00:00-04:00,291.3911976991482,296.97076043164725,274.632568183053,281.7239074707031,166600,0.0,0.0
2025-04-09 00:00:00-04:00,279.2175802644156,318.87136650442113,271.8577154014766,308.8858337402344,99700,0.0,0.0
2025-04-10 00:00:00-04:00,303.80351473933,304.5096863391117,286.5873874377505,298.1145324707031,96400,0.0,0.0
2025-04-11 00:00:00-04:00,296.64254802600476,311.3722310817132,290.1877226066873,306.4988098144531,90200,0.0,0.0
2025-04-14 00:00:00-04:00,315.70862034738917,317.1209332683131,307.2746254630547,309.4626770019531,68300,0.0,0.0
2025-04-15 00:00:00-04:00,310.78545260469934,317.47893683557635,310.78545260469934,314.36590576171875,42900,0.0,0.0
2025-04-16 00:00:00-04:00,308.1398665137871,313.62992086024656,298.90023729271974,304.8776550292969,84700,0.0,0.0
2025-04-17 00:00:00-04:00,307.5331454144602,307.5331454144602,291.1723719893791,296.065673828125,99800,0.0,0.0
2025-04-21 00:00:00-04:00,289.1335053562201,292.8532444154272,281.28630768151334,285.980712890625,98800,0.0,0.0
2025-04-22 00:00:00-04:00,292.1669693189591,295.4291808891508,288.536738737718,293.1814270019531,58700,0.0,0.0
2025-04-23 00:00:00-04:00,304.0919559608339,310.6064239885803,298.77096227180544,300.1136474609375,76400,0.0,0.0
2025-04-24 00:00:00-04:00,301.1181633899592,313.86861835825533,301.1181633899592,311.1534423828125,59400,0.0,0.0
2025-04-25 00:00:00-04:00,305.8424238325716,316.4247087429144,305.8424238325716,311.39215087890625,56200,0.0,0.0
2025-04-28 00:00:00-04:00,311.93920180226456,320.4129884626431,311.93920180226456,317.38946533203125,59300,0.0,0.0
2025-04-29 00:00:00-04:00,316.5838406667926,324.62996592604793,315.2809470676452,322.5910949707031,70900,0.0,0.0
2025-04-30 00:00:00-04:00,312.1977274117171,325.4455008955862,308.9653520252343,324.6796875,85500,0.0,0.0
2025-05-01 00:00:00-04:00,331.5223859932604,341.13996032887854,331.5223859932604,333.0142517089844,62600,0.0,0.0
2025-05-02 00:00:00-04:00,335.7990765015968,341.52785040191526,333.58115860636315,340.921142578125,48200,0.0,0.0
2025-05-05 00:00:00-04:00,337.4102781585084,342.7113606991989,336.29635667280047,341.6471862792969,66400,0.0,0.0
2025-05-06 00:00:00-04:00,335.22221374965,344.5911437872212,335.22221374965,342.6914978027344,89900,0.0,0.0
2025-05-07 00:00:00-04:00,345.2475742485074,352.0803144782343,340.4139134700435,349.77288818359375,132500,0.0,0.0
2025-05-08 00:00:00-04:00,349.8922084164932,361.10111165558783,342.1444747323542,351.32440185546875,160200,0.0,0.0
2025-05-09 00:00:00-04:00,365.0396183722512,411.2774963378906,360.32533280431613,411.2774963378906,292300,0.0,0.0
2025-05-12 00:00:00-04:00,426.67357794485923,433.53615389733164,414.07227267254956,431.8553161621094,184200,0.0,0.0
2025-05-13 00:00:00-04:00,433.63563633049193,462.47837360935495,433.63563633049193,454.21343994140625,164900,0.0,0.0
2025-05-14 00:00:00-04:00,452.532586123013,452.532586123013,417.7223871904735,419.5424499511719,189300,0.0,0.0
2025-05-15 00:00:00-04:00,417.72237626752536,424.81371574954323,406.72235612064725,418.4881896972656,99000,0.0,0.0
2025-05-16 00:00:00-04:00,419.8209227153131,434.70974303139866,417.09579118953735,433.7350769042969,87100,0.0,0.0
2025-05-19 00:00:00-04:00,424.5624035421131,428.75533336742325,420.00094766712016,427.9585876464844,68800,0.6,0.0
2025-05-20 00:00:00-04:00,427.75942134310475,427.75942134310475,395.869195564523,401.7851257324219,164100,0.0,0.0
2025-05-21 00:00:00-04:00,399.9326365946051,400.2214698516794,385.0033947542592,391.9650573730469,122900,0.0,0.0
2025-05-22 00:00:00-04:00,391.9849559686799,395.1222145269726,388.4991401429342,390.6802673339844,65700,0.0,0.0
2025-05-23 00:00:00-04:00,382.87204824851096,394.9329869590091,378.4699778006358,391.6264343261719,59800,0.0,0.0
2025-05-27 00:00:00-04:00,398.518373953262,406.53573769634113,398.37892673983106,403.95623779296875,93500,0.0,0.0
2025-05-28 00:00:00-04:00,405.1513722765326,407.1930825927403,395.84922761845553,405.4601135253906,76900,0.0,0.0
2025-05-29 00:00:00-04:00,408.4479511273146,408.4479511273146,394.5843811035156,394.5843811035156,69800,0.0,0.0
2025-05-30 00:00:00-04:00,397.1439879492415,397.1439879492415,384.6647684629798,393.68804931640625,82400,0.0,0.0
2025-06-02 00:00:00-04:00,392.7020388746558,394.86325805760976,386.71641580245426,394.4150695800781,84500,0.0,0.0
2025-06-03 00:00:00-04:00,393.44902252828876,402.04405376604797,388.4394081397674,401.6357116699219,80600,0.0,0.0
2025-06-04 00:00:00-04:00,405.9381993446662,414.92163400012134,401.7552384780708,401.775146484375,80500,0.0,0.0
2025-06-05 00:00:00-04:00,399.0661745424306,404.4542537371797,393.3992312855642,400.7792053222656,62500,0.0,0.0
2025-06-06 00:00:00-04:00,405.88839103013106,409.26463673765045,402.0938340628097,406.88433837890625,54800,0.0,0.0
2025-06-09 00:00:00-04:00,408.83636606400677,416.04701477962374,404.70319085371085,413.7264709472656,117400,0.0,0.0
2025-06-10 00:00:00-04:00,415.47939079134983,415.47939079134983,398.3789605369827,403.1097106933594,86200,0.0,0.0
2025-06-11 00:00:00-04:00,405.35061414572283,407.11343019909646,398.43873637718025,399.3350830078125,97200,0.0,0.0
2025-06-12 00:00:00-04:00,399.0860571919242,401.79503522061236,394.55450887196963,396.1380615234375,69700,0.0,0.0
2025-06-13 00:00:00-04:00,387.7820301922629,388.43935906440163,377.11544300806105,381.1490478515625,96800,0.0,0.0
2025-06-16 00:00:00-04:00,385.8300134542064,394.24578107137944,377.28479820699414,378.02178955078125,95800,0.0,0.0
2025-06-17 00:00:00-04:00,376.4681099801389,382.5433950824083,373.58980746026543,377.6532897949219,93200,0.0,0.0
2025-06-18 00:00:00-04:00,380.20291043466494,383.3002921820735,370.5820551441777,375.31280517578125,135400,0.0,0.0
2025-06-20 00:00:00-04:00,378.3105967290053,378.88823280304246,366.9269261213903,369.0682067871094,222000,0.0,0.0
2025-06-23 00:00:00-04:00,370.0343043105262,388.24022150793763,368.8391552768273,387.1645812988281,110900,0.0,0.0
2025-06-24 00:00:00-04:00,388.7580698098077,398.17972286354694,388.3099117561039,396.02850341796875,118500,0.0,0.0
2025-06-25 00:00:00-04:00,398.37895398287856,399.4745021851119,390.0030328281203,393.6282958984375,95600,0.0,0.0
2025-06-26 00:00:00-04:00,392.56265440769124,397.124080400323,389.76404447712525,394.29559326171875,139300,0.0,0.0
2025-06-27 00:00:00-04:00,395.4010801456254,404.35463739036334,392.6622248431044,401.097900390625,195500,0.0,0.0
2025-06-30 00:00:00-04:00,408.2686893153622,410.85815850049164,405.57964971049404,409.9817199707031,128100,0.0,0.0
2025-07-01 00:00:00-04:00,405.49997945778813,408.4081592507708,395.32139577320305,407.3623962402344,201300,0.0,0.0
2025-07-02 00:00:00-04:00,404.54389500077264,411.4856499062005,403.37862311713695,410.0514831542969,122900,0.0,0.0
2025-07-03 00:00:00-04:00,410.0614442969558,422.77968197425844,410.0614442969558,422.2518310546875,66000,0.0,0.0
2025-07-07 00:00:00-04:00,419.12453954561704,421.05667997266846,412.70069692050157,416.2064208984375,106700,0.0,0.0
2025-07-08 00:00:00-04:00,417.4015751363934,417.4015751363934,400.72939444461997,404.1853332519531,126900,0.0,0.0
2025-07-09 00:00:00-04:00,402.0540069546653,406.34653780238915,395.8393049260893,401.37677001953125,114100,0.0,0.0
2025-07-10 00:00:00-04:00,404.40439164998185,405.3505537487243,391.71603269111887,398.0004577636719,162800,0.0,0.0
2025-07-11 00:00:00-04:00,395.0724256096052,403.42843927114495,393.3992411947569,403.2491760253906,168700,0.0,0.0
2025-07-14 00:00:00-04:00,406.426177463686,411.8441334291945,403.49812024409863,410.79840087890625,100300,0.0,0.0
2025-07-15 00:00:00-04:00,413.7862326880894,415.3100308661589,407.6213163691397,408.93597412109375,89500,0.0,0.0
2025-07-16 00:00:00-04:00,411.4557469987833,420.2599182128906,405.0916286354806,420.2599182128906,66900,0.0,0.0
2025-07-17 00:00:00-04:00,422.2817073019177,449.5905990106564,421.27579067875797,445.1187744140625,110500,0.0,0.0
2025-07-18 00:00:00-04:00,446.6126582966355,459.84880695300774,442.20061887581164,458.5341491699219,97600,0.0,0.0
2025-07-21 00:00:00-04:00,459.92850281376286,462.7968362240316,445.0391072371525,446.02508544921875,131700,0.0,0.0
2025-07-22 00:00:00-04:00,443.4555433288624,443.4555433288624,421.05666592398495,438.0574951171875,91100,0.0,0.0
2025-07-23 00:00:00-04:00,438.05750455165804,452.71785162201627,438.05750455165804,449.2121276855469,72000,0.0,0.0
2025-07-24 00:00:00-04:00,451.6521694454329,451.6521694454329,439.27255075681313,445.5569763183594,98400,0.0,0.0
2025-07-25 00:00:00-04:00,448.22611278255187,449.94911271701625,441.8122091298102,444.6506652832031,63300,0.0,0.0
2025-07-28 00:00:00-04:00,447.29990862777726,458.6138873317333,443.2065792454243,457.6378479003906,89800,0.0,0.0
2025-07-29 00:00:00-04:00,458.96242772282665,471.80020431899425,446.1844359331476,446.931396484375,140500,0.0,0.0
2025-07-30 00:00:00-04:00,444.1925386787008,453.46480650525746,421.5546434226204,426.7037048339844,143800,0.0,0.0
2025-07-31 00:00:00-04:00,432.5299895993033,442.4595860428045,428.2075816830395,433.7052001953125,108400,0.0,0.0
2025-08-01 00:00:00-04:00,416.73428237104565,428.4366648569348,405.29085594706373,425.4189453125,104700,0.0,0.0
2025-08-04 00:00:00-04:00,431.9025593974138,446.36370491341467,431.9025593974138,436.0954895019531,87700,0.0,0.0
2025-08-05 00:00:00-04:00,440.41787859871897,442.728483794915,432.3407600056971,434.7708740234375,87300,0.0,0.0
2025-08-06 00:00:00-04:00,431.7630879828604,466.4220743004393,431.7630879828604,457.3888244628906,128000,0.0,0.0
2025-08-07 00:00:00-04:00,460.6455813269867,467.09933143229114,448.8236905309465,458.6536865234375,77700,0.0,0.0
2025-08-08 00:00:00-04:00,466.6511427475246,478.24398508837504,461.26309405282603,467.3084716796875,108600,0.0,0.0
2025-08-11 00:00:00-04:00,468.0952441881989,472.07903350043887,461.56183214763735,463.20513916015625,75600,0.0,0.0
2025-08-12 00:00:00-04:00,462.9163430538955,476.4313566742056,461.79094801379944,473.29412841796875,69100,0.0,0.0
2025-08-13 00:00:00-04:00,479.40921019691774,486.8091222362861,472.4475478246322,482.5066223144531,79600,0.0,0.0
2025-08-14 00:00:00-04:00,472.06909823883495,472.06909823883495,395.10228440885965,415.4992980957031,270400,0.0,0.0
2025-08-15 00:00:00-04:00,416.3558004638974,422.4510241128079,396.387067153069,401.1676025390625,221400,0.0,0.0
2025-08-18 00:00:00-04:00,398.37896063762287,406.95405317627444,396.6559606910602,403.71722412109375,114400,0.0,0.0
2025-08-19 00:00:00-04:00,398.37895717830236,401.02818089080637,386.8160225352753,387.25421142578125,96300,0.0,0.0
2025-08-20 00:00:00-04:00,386.21843530425974,395.20186955104083,378.4599968583708,392.98089599609375,167700,0.0,0.0
2025-08-21 00:00:00-04:00,390.0030074242906,397.3829807133785,383.2504858098795,388.9871520996094,167000,0.0,0.0
2025-08-22 00:00:00-04:00,450.72596100086616,511.9169727864648,438.21686386389985,508.1622619628906,701900,0.0,0.0
2025-08-25 00:00:00-04:00,510.93095844120955,523.5296559137669,505.18432279432824,517.7830810546875,404500,0.0,0.0
2025-08-26 00:00:00-04:00,517.9622994516752,534.8734644955678,517.9622994516752,532.981201171875,260000,0.0,0.0
2025-08-27 00:00:00-04:00,537.0845129264173,541.7853549430353,516.6576243434736,522.1851196289062,187100,0.0,0.0
2025-08-28 00:00:00-04:00,523.9678354204011,530.1327514648438,509.317489955252,530.1327514648438,333500,0.0,0.0
2025-08-29 00:00:00-04:00,531.5371808373152,533.0311020533909,521.5777060634769,525.98974609375,278600,0.0,0.0
2025-09-02 00:00:00-04:00,512.174884510321,527.4559534525143,509.7012073301312,527.1766967773438,268500,0.8,0.0
2025-09-03 00:00:00-04:00,527.4559546584634,544.871599080813,523.037221545994,543.5848388671875,214600,0.0,0.0
2025-09-04 00:00:00-04:00,550.5969714086374,566.1473728050149,547.8240081635528,563.693603515625,182100,0.0,0.0
2025-09-05 00:00:00-04:00,571.2244249881037,575.5833129882812,558.3572491521651,575.5833129882812,138200,0.0,0.0
2025-09-08 00:00:00-04:00,577.5283596477025,587.1837487520993,575.7429311953066,582.046875,155900,0.0,0.0
2025-09-09 00:00:00-04:00,584.6303012504136,598.0860050658258,578.5258608306715,597.1783447265625,131700,0.0,0.0
2025-09-10 00:00:00-04:00,598.4749574554729,614.6138248359197,598.4749574554729,604.1205444335938,150400,0.0,0.0
2025-09-11 00:00:00-04:00,603.9610283158277,619.521354156595,603.9610283158277,611.3023071289062,158500,0.0,0.0
2025-09-12 00:00:00-04:00,603.6318213542501,607.3922586205633,591.841856962381,603.2428588867188,158100,0.0,0.0
2025-09-15 00:00:00-04:00,604.3600286290103,618.5638255574661,600.1706914522405,612.9281616210938,120000,0.0,0.0
2025-09-16 00:00:00-04:00,616.2098110011226,616.2098110011226,584.2013477198875,596.3902587890625,190200,0.0,0.0
2025-09-17 00:00:00-04:00,594.6946299637765,610.324784347061,589.4778817001867,605.9957885742188,137600,0.0,0.0
2025-09-18 00:00:00-04:00,618.9727436271144,626.2043163925202,610.8335105845715,625.4263305664062,138700,0.0,0.0
2025-09-19 00:00:00-04:00,625.087190780909,637.4257456863577,619.05257994609,634.034423828125,237900,0.0,0.0
2025-09-22 00:00:00-04:00,634.3834650942674,648.2481595167326,634.3834650942674,640.5078735351562,150100,0.0,0.0
2025-09-23 00:00:00-04:00,643.1012568999541,655.4497955684957,635.9893743251309,654.0234375,243900,0.0,0.0
2025-09-24 00:00:00-04:00,650.1333041188024,650.2829472113643,629.8749290830643,636.9369506835938,232700,0.0,0.0
2025-09-25 00:00:00-04:00,626.8227614463874,644.4379100616279,621.4564306342725,642.3233032226562,163900,0.0,0.0
2025-09-26 00:00:00-04:00,641.3158413500408,652.5072945186901,637.4058217678418,648.4476318359375,148300,0.0,0.0
2025-09-29 00:00:00-04:00,663.3097578548353,674.5311635328306,654.801409482798,656.5569458007812,196200,0.0,0.0
2025-09-30 00:00:00-04:00,656.5769061612908,673.2843321821061,642.4129865527149,658.9010009765625,374600,0.0,0.0
2025-10-01 00:00:00-04:00,656.1779242294785,674.9401125867346,652.2180439651247,672.635986328125,121000,0.0,0.0
2025-10-02 00:00:00-04:00,678.2716553871555,686.2513219211221,658.8610946264732,676.0872192382812,171300,0.0,0.0
2025-10-03 00:00:00-04:00,684.3462054051405,687.6078527124048,659.2401356626577,660.6864624023438,169000,0.0,0.0
2025-10-06 00:00:00-04:00,668.297112906541,678.4412475590279,643.3606534697298,662.2824096679688,191000,0.0,0.0
2025-10-07 00:00:00-04:00,665.3147154802549,673.8429723468009,655.4996983563519,670.1124877929688,132800,0.0,0.0
2025-10-08 00:00:00-04:00,676.1570521444511,689.7623982668655,671.2096369508392,680.6156616210938,123000,0.0,0.0
2025-10-09 00:00:00-04:00,680.3164460237588,703.9861737400126,669.9628236236837,694.799560546875,203300,0.0,0.0
2025-10-10 00:00:00-04:00,695.2284440666696,702.5198618985094,653.3551635742188,653.3551635742188,200700,0.0,0.0
2025-10-13 00:00:00-04:00,679.8376390143826,689.9119431689966,663.6489108066346,685.1041870117188,241900,0.0,0.0
2025-10-14 00:00:00-04:00,676.4762521424407,771.9828873190644,666.3021649920069,752.8117065429688,337500,0.0,0.0
2025-10-15 00:00:00-04:00,758.0683432365703,769.5391142197552,744.3832439468699,748.3131713867188,211000,0.0,0.0
2025-10-16 00:00:00-04:00,753.1807369053344,770.6662101018433,750.4776638793988,752.0835571289062,188300,0.0,0.0
2025-10-17 00:00:00-04:00,749.0912002583016,755.9935948041549,718.219852998416,746.6773681640625,209600,0.0,0.0
2025-10-20 00:00:00-04:00,756.0733697493496,758.5769997514602,731.6056891285863,734.0394897460938,118000,0.0,0.0
2025-10-21 00:00:00-04:00,728.1445702723693,732.8525442988421,707.9560237086351,718.818359375,133700,0.0,0.0
2025-10-22 00:00:00-04:00,717.571501228104,720.663597502056,664.06782520512,689.5828247070312,223200,0.0,0.0
2025-10-23 00:00:00-04:00,693.2335421536906,719.5963586166084,693.2335421536906,713.1228637695312,117000,0.0,0.0
2025-10-24 00:00:00-04:00,733.2715090801823,738.3984593520383,717.7709681390478,733.76025390625,177600,0.0,0.0
2025-10-27 00:00:00-04:00,744.7921887457694,752.6920419474965,735.3761793481451,742.6177368164062,192700,0.0,0.0
2025-10-28 00:00:00-04:00,742.1089973986775,760.9808919527853,733.7104153078576,760.3325805664062,278600,0.0,0.0
2025-10-29 00:00:00-04:00,763.4645824819064,778.2469227977504,755.1358294631002,771.5540161132812,327700,0.0,0.0
2025-10-30 00:00:00-04:00,763.3947559654599,794.2561179542906,761.1703825759457,769.8782348632812,217700,0.0,0.0
2025-10-31 00:00:00-04:00,777.3392521981016,790.984475183174,766.0480163186352,785.1792602539062,222000,0.0,0.0
2025-11-03 00:00:00-05:00,787.1641345717046,801.5574502609564,769.3495442842195,772.2222290039062,148300,0.0,0.0
2025-11-04 00:00:00-05:00,748.3231372748526,770.5365535827221,731.7853221331932,757.4797973632812,123900,0.0,0.0
2025-11-05 00:00:00-05:00,758.0683683536763,787.9921197360583,756.0834359194495,775.653564453125,119300,0.0,0.0
2025-11-06 00:00:00-05:00,779.1645713453505,787.0644239938647,737.251354315692,757.639404296875,267600,0.0,0.0
2025-11-07 00:00:00-05:00,698.2207791909988,699.9264547255442,605.0581537297916,610.6339721679688,381300,0.0,0.0
2025-11-10 00:00:00-05:00,631.2116184223004,635.2612970040295,583.8921905084859,587.931884765625,235800,0.0,0.0
2025-11-11 00:00:00-05:00,579.6729223781437,591.8917867002983,568.6908966220809,579.892333984375,161900,0.0,0.0
2025-11-12 00:00:00-05:00,581.8672973076793,586.5055029328832,566.6959949450297,583.3236083984375,160000,0.0,0.0
2025-11-13 00:00:00-05:00,579.7626740941453,584.5105855193729,542.9564979845072,556.232666015625,173200,0.0,0.0
2025-11-14 00:00:00-05:00,538.4279329128987,568.5511832172551,537.5102884004268,557.1402587890625,157200,0.0,0.0
2025-11-17 00:00:00-05:00,554.0637257541301,565.031507119158,536.0337920654376,540.8983764648438,167700,0.8,0.0
2025-11-18 00:00:00-05:00,536.6330942837996,548.8894812825895,526.4144797742032,531.5087890625,159500,0.0,0.0
2025-11-19 00:00:00-05:00,531.4488620792574,552.865043890836,531.4488620792574,534.4755249023438,152100,0.0,0.0
2025-11-20 00:00:00-05:00,549.3889083547849,558.9083490675109,509.1436650600584,514.8673095703125,131300,0.0,0.0
2025-11-21 00:00:00-05:00,515.4267047847873,534.2557373458986,505.1681261113515,530.0304565429688,296700,0.0,0.0
2025-11-24 00:00:00-05:00,529.9106110338482,559.3878349858127,529.9106110338482,555.7818603515625,108500,0.0,0.0
2025-11-25 00:00:00-05:00,559.7973107524442,573.3622393393777,547.391127452925,570.17578125,115300,0.0,0.0
2025-11-26 00:00:00-05:00,572.8029137813368,585.2890263507129,568.198050097914,574.28125,106800,0.0,0.0
2025-11-28 00:00:00-05:00,574.3212274566381,583.2013041160465,571.3644941401166,582.4421997070312,63400,0.0,0.0
2025-12-01 00:00:00-05:00,568.4677071141156,574.2613121043098,554.9128369972037,564.2923583984375,152500,0.0,0.0
2025-12-02 00:00:00-05:00,574.7008358796032,579.275703696999,548.3900722540233,558.978271484375,205500,0.0,0.0
2025-12-03 00:00:00-05:00,556.4310943618713,563.2435245245686,539.5698434946189,563.07373046875,109800,0.0,0.0
2025-12-04 00:00:00-05:00,556.0215772730801,578.9960238467023,550.4577583302563,567.848388671875,120900,0.0,0.0
2025-12-05 00:00:00-05:00,569.3667095415277,579.0659433312596,560.3767088645561,577.2778930664062,79300,0.0,0.0
2025-12-08 00:00:00-05:00,584.9294327746687,594.3289513600358,574.3611701726355,581.0237426757812,92900,0.0,0.0
2025-12-09 00:00:00-05:00,578.2867773410901,586.3478185510503,576.6386471402199,583.2012939453125,49700,0.0,0.0
2025-12-10 00:00:00-05:00,585.3489356874311,594.3389364061801,571.0448383388515,583.5908813476562,109000,0.0,0.0
2025-12-11 00:00:00-05:00,583.6308822454107,587.0470654846714,563.113663586015,584.2001953125,104700,0.0,0.0
2025-12-12 00:00:00-05:00,578.3068070930485,579.935001063944,549.0793047762871,560.6763916015625,90800,0.0,0.0
2025-12-15 00:00:00-05:00,569.0670643910447,571.3544982081725,549.3889392814931,554.5132446289062,75700,0.0,0.0
2025-12-16 00:00:00-05:00,552.3156973345,560.0271522554731,547.391181792485,557.7696533203125,61700,0.0,0.0
2025-12-17 00:00:00-05:00,558.1592027595817,560.3067774448164,539.4300347452719,541.9371948242188,80900,0.0,0.0
2025-12-18 00:00:00-05:00,556.6508827531575,561.4854712864475,548.1303304686298,551.0570678710938,63800,0.0,0.0
2025-12-19 00:00:00-05:00,550.1880231343226,565.0314983441555,545.3933683532572,563.99267578125,207900,0.0,0.0
2025-12-22 00:00:00-05:00,571.0149247211601,579.8450693933261,570.1258988735723,574.5010375976562,81300,0.0,0.0
2025-12-23 00:00:00-05:00,567.9882478338563,578.0071335835215,564.3722745978911,572.18359375,59800,0.0,0.0
2025-12-24 00:00:00-05:00,566.3700560057921,574.4710310635885,566.3201237498779,570.5953369140625,31500,0.0,0.0
2025-12-26 00:00:00-05:00,570.8850364045852,574.4610149753504,564.3722608932231,570.0858764648438,84700,0.0,0.0
2025-12-29 00:00:00-05:00,564.3722839021049,570.755199231851,559.9472129567946,566.5398559570312,50000,0.0,0.0
2025-12-30 00:00:00-05:00,567.3689381354047,571.8140062702514,560.0470648734699,560.9860229492188,84000,0.0,0.0
2025-12-31 00:00:00-05:00,561.1258599080132,564.4421784922645,552.7252307802369,552.7351684570312,82200,0.0,0.0
2026-01-02 00:00:00-05:00,558.2590760928265,580.3544953767714,558.2590760928265,565.65087890625,81100,0.0,0.0
2026-01-05 00:00:00-05:00,573.5121276219094,578.9360874234208,555.8717142358707,563.6730346679688,80400,0.0,0.0
2026-01-06 00:00:00-05:00,564.3722649403895,569.946082433135,547.1014966924929,568.9371948242188,98400,0.0,0.0
2026-01-07 00:00:00-05:00,569.0071218860169,569.0071218860169,554.583162862909,562.8439331054688,84100,0.0,0.0
2026-01-08 00:00:00-05:00,557.4000519297533,558.4688704617224,539.4000528778708,548.58984375,106500,0.0,0.0
2026-01-09 00:00:00-05:00,552.1758181608083,562.8439451676427,542.5065801355202,559.2879028320312,99200,0.0,0.0
2026-01-12 00:00:00-05:00,556.0814856501482,582.9815575152928,555.512111637695,579.7351684570312,135000,0.0,0.0
2026-01-13 00:00:00-05:00,584.3001291116658,601.2113124604704,574.8206823153621,586.3478393554688,113500,0.0,0.0
2026-01-14 00:00:00-05:00,586.3478296392391,590.9826891257904,556.6108852772865,557.4199829101562,88500,0.0,0.0
2026-01-15 00:00:00-05:00,567.8983621418864,570.2157308470103,551.2967717574784,552.905029296875,89200,0.0,0.0
2026-01-16 00:00:00-05:00,558.3389890292485,560.2468400967132,546.392255247799,549.7785034179688,72100,0.0,0.0
2026-01-20 00:00:00-05:00,534.0560273789556,571.3645070820796,529.4211677942386,562.3145751953125,140200,0.0,0.0
2026-01-21 00:00:00-05:00,566.4399506347385,566.4399506347385,525.8950222990577,544.4443969726562,132500,0.0,0.0
2026-01-22 00:00:00-05:00,555.3023597961844,569.6064576949686,551.3867319589274,561.8251342773438,124800,0.0,0.0
2026-01-23 00:00:00-05:00,559.2679679743974,559.2679679743974,540.7185922224352,547.4910278320312,73600,0.0,0.0
2026-01-26 00:00:00-05:00,547.7907555458539,556.570967964653,535.0648583906049,548.3800659179688,113200,0.0,0.0
2026-01-27 00:00:00-05:00,535.2047146259714,549.2790874778933,525.1259587460202,546.0726318359375,123400,0.0,0.0
2026-01-28 00:00:00-05:00,551.0870567073023,560.9260886706659,544.7940683924566,554.1236572265625,84100,0.0,0.0
2026-01-29 00:00:00-05:00,553.6142072056965,568.9871228882309,543.6852485330394,565.750732421875,83100,0.0,0.0
2026-01-30 00:00:00-05:00,560.106965432005,579.3555744584764,543.6552941595512,550.8073120117188,143900,0.0,0.0
2026-02-02 00:00:00-05:00,541.897253216461,556.0914870876646,541.357875133853,544.2346801757812,111000,0.0,0.0
2026-02-03 00:00:00-05:00,551.7962578075786,574.491048090036,540.3989608923941,568.5276489257812,82200,0.0,0.0
2026-02-04 00:00:00-05:00,570.845028444419,578.8661358480838,541.2779403874603,547.630859375,92900,0.0,0.0
2026-02-05 00:00:00-05:00,539.4000434875488,582.3522691726685,539.4000434875488,575.3600463867188,226000,0.0,0.0
2026-02-06 00:00:00-05:00,604.3278473321823,634.2945174478276,540.8084687514202,621.6386108398438,243100,0.0,0.0
2026-02-09 00:00:00-05:00,616.8838439425551,714.2055850963113,616.8838439425551,711.5885009765625,203000,0.0,0.0
2026-02-10 00:00:00-05:00,719.0902081358429,730.3277092497858,703.7672242357322,717.6618041992188,132600,0.0,0.0
2026-02-11 00:00:00-05:00,726.6917146812873,727.1911591587315,700.6306750226187,712.3176879882812,123200,0.0,0.0
2026-02-12 00:00:00-05:00,711.9281085695961,724.4742124052306,688.0147654542005,705.2955322265625,92900,0.0,0.0
2026-02-13 00:00:00-05:00,709.2111888801855,735.7017446279089,695.2167442575068,719.260009765625,92800,0.0,0.0
2026-02-17 00:00:00-05:00,704.1699829101562,708.3800048828125,687.7100219726562,695.5499877929688,65800,0.8,0.0
2026-02-18 00:00:00-05:00,692.3099975585938,718.4000244140625,692.3099975585938,707.1500244140625,133400,0.0,0.0
2026-02-19 00:00:00-05:00,706.52001953125,729.5999755859375,692.0900268554688,718.739990234375,111900,0.0,0.0
2026-02-20 00:00:00-05:00,723.1799926757812,754.8699951171875,716.0,750.3200073242188,142700,0.0,0.0
2026-02-23 00:00:00-05:00,742.0499877929688,753.0,723.239990234375,726.2999877929688,102700,0.0,0.0
2026-02-24 00:00:00-05:00,728.0,767.52001953125,728.0,758.6900024414062,93500,0.0,0.0
2026-02-25 00:00:00-05:00,761.02001953125,767.7999877929688,746.0,755.4299926757812,100000,0.0,0.0
2026-02-26 00:00:00-05:00,754.1699829101562,764.1799926757812,725.5,760.8400268554688,85500,0.0,0.0
2026-02-27 00:00:00-05:00,760.5700073242188,773.8900146484375,750.9299926757812,766.989990234375,74900,0.0,0.0
2026-03-02 00:00:00-05:00,755.030029296875,799.1599731445312,755.030029296875,798.469970703125,103500,0.0,0.0
2026-03-03 00:00:00-05:00,772.0,780.510009765625,731.2999877929688,762.3499755859375,138800,0.0,0.0
2026-03-04 00:00:00-05:00,776.6900024414062,803.469970703125,768.9299926757812,798.3800048828125,96600,0.0,0.0
2026-03-05 00:00:00-05:00,781.6199951171875,786.989990234375,743.1099853515625,774.25,75500,0.0,0.0
2026-03-06 00:00:00-05:00,755.2000122070312,773.4299926757812,743.2899780273438,749.4000244140625,56400,0.0,0.0
2026-03-09 00:00:00-04:00,731.3800048828125,758.3400268554688,727.1900024414062,752.489990234375,79500,0.0,0.0
2026-03-10 00:00:00-04:00,764.97998046875,779.469970703125,764.219970703125,769.5800170898438,64700,0.0,0.0
2026-03-11 00:00:00-04:00,762.280029296875,777.7000122070312,757.4099731445312,765.8599853515625,114400,0.0,0.0
2026-03-12 00:00:00-04:00,755.0800170898438,766.4600219726562,735.0999755859375,749.8800048828125,100000,0.0,0.0
2026-03-13 00:00:00-04:00,759.7999877929688,775.0,748.8599853515625,759.8400268554688,70100,0.0,0.0
2026-03-16 00:00:00-04:00,765.239990234375,787.02001953125,765.239990234375,775.7899780273438,69400,0.0,0.0
2026-03-17 00:00:00-04:00,770.6300048828125,792.0,761.0,788.52001953125,98000,0.0,0.0
2026-03-18 00:00:00-04:00,793.989990234375,810.0,777.0,784.8800048828125,83900,0.0,0.0
2026-03-19 00:00:00-04:00,774.1900024414062,802.8200073242188,757.8400268554688,794.22998046875,63800,0.0,0.0
2026-03-20 00:00:00-04:00,790.75,790.75,755.4400024414062,765.27001953125,91800,0.0,0.0
2026-03-23 00:00:00-04:00,774.9500122070312,814.9199829101562,774.0,809.3599853515625,80300,0.0,0.0
2026-03-24 00:00:00-04:00,809.0,842.0,801.0,834.47998046875,120500,0.0,0.0
2026-03-25 00:00:00-04:00,854.0,854.0,834.1699829101562,839.0499877929688,79400,0.0,0.0
2026-03-26 00:00:00-04:00,825.0,833.739990234375,775.0,778.0900268554688,93100,0.0,0.0
2026-03-27 00:00:00-04:00,775.0,795.0,765.02001953125,779.9199829101562,68100,0.0,0.0
2026-03-30 00:00:00-04:00,792.3099975585938,792.3099975585938,720.0900268554688,736.9500122070312,94300,0.0,0.0
2026-03-31 00:00:00-04:00,753.030029296875,791.4299926757812,747.3699951171875,790.2899780273438,93200,0.0,0.0
2026-04-01 00:00:00-04:00,809.0700073242188,837.52001953125,806.739990234375,822.989990234375,81800,0.0,0.0
2026-04-02 00:00:00-04:00,790.0,851.5499877929688,790.0,840.9000244140625,71600,0.0,0.0
2026-04-06 00:00:00-04:00,845.0,851.989990234375,833.4600219726562,840.1199951171875,85100,0.0,0.0
2026-04-07 00:00:00-04:00,830.0,850.1900024414062,823.52001953125,836.9000244140625,77300,0.0,0.0
2026-04-08 00:00:00-04:00,878.6699829101562,914.3599853515625,871.1900024414062,900.5,134600,0.0,0.0
2026-04-09 00:00:00-04:00,900.0,913.9000244140625,882.9600219726562,907.22998046875,63900,0.0,0.0
2026-04-10 00:00:00-04:00,919.9500122070312,931.5999755859375,903.6199951171875,925.7000122070312,75400,0.0,0.0
2026-04-13 00:00:00-04:00,917.4099731445312,951.0399780273438,910.0,951.0399780273438,86500,0.0,0.0
2026-04-14 00:00:00-04:00,968.0,991.6599731445312,934.9600219726562,991.6599731445312,139000,0.0,0.0
2026-04-15 00:00:00-04:00,985.0800170898438,1010.7999877929688,951.8800048828125,1006.5599975585938,183600,0.0,0.0
2026-04-16 00:00:00-04:00,998.6500244140625,1044.6099853515625,980.0,1039.1300048828125,112000,0.0,0.0
2026-04-17 00:00:00-04:00,1046.43994140625,1088.1800537109375,1045.010009765625,1084.5,86000,0.0,0.0
2026-04-20 00:00:00-04:00,1093.4000244140625,1093.4000244140625,1070.8699951171875,1081.5699462890625,67200,0.0,0.0
2026-04-21 00:00:00-04:00,1091.27001953125,1099.989990234375,994.9500122070312,1027.43994140625,244300,0.0,0.0
2026-04-22 00:00:00-04:00,1040.0,1080.989990234375,986.3499755859375,1004.72998046875,193900,0.0,0.0
2026-04-23 00:00:00-04:00,1010.0,1063.02001953125,991.0,1037.8699951171875,79400,0.0,0.0
2026-04-24 00:00:00-04:00,1049.969970703125,1062.5,1024.4200439453125,1033.3299560546875,50100,0.0,0.0
2026-04-27 00:00:00-04:00,1028.25,1028.25,991.3900146484375,1009.4299926757812,60800,0.0,0.0
2026-04-28 00:00:00-04:00,988.3800048828125,1000.72998046875,935.0,964.260009765625,136600,0.0,0.0
2026-04-29 00:00:00-04:00,969.0,979.3300170898438,953.1400146484375,971.0,77300,0.0,0.0
2026-04-30 00:00:00-04:00,990.0,1024.3299560546875,967.4500122070312,1012.010009765625,64006,0.0,0.0
