Date,Open,High,Low,Close,Volume,Dividends,Stock Splits
2022-01-03 00:00:00-05:00,21.70025180198664,22.225046628244268,21.691505026916722,22.128833770751953,1487400,0.0,0.0
2022-01-04 00:00:00-05:00,22.426213936870298,23.04722152333704,22.426213936870298,22.91602325439453,2159600,0.0,0.0
2022-01-05 00:00:00-05:00,23.038479652397417,23.59825994209167,22.924773238380237,22.951013565063477,2323100,0.0,0.0
2022-01-06 00:00:00-05:00,23.405834456456095,23.913135730107403,23.16092976051945,23.69447135925293,3037200,0.0,0.0
2022-01-07 00:00:00-05:00,23.74695110561668,24.586623184233,23.580765711299847,24.394197463989258,2589200,0.0,0.0
2022-01-10 00:00:00-05:00,24.481656513802903,24.612854769182984,23.816916795830643,23.965608596801758,2275000,0.0,0.0
2022-01-11 00:00:00-05:00,23.99185385121382,24.070573154292653,23.598257335819653,24.05307960510254,1717100,0.0,0.0
2022-01-12 00:00:00-05:00,24.16678594025614,24.46416962309437,23.72945719117366,23.878149032592773,2283400,0.0,0.0
2022-01-13 00:00:00-05:00,24.053079416086007,24.45542103463683,23.974360113625774,24.271743774414062,1768800,0.0,0.0
2022-01-14 00:00:00-05:00,23.860656281868593,24.5778751373291,23.755696651868085,24.5778751373291,1876300,0.0,0.0
2022-01-18 00:00:00-05:00,24.63035238401052,24.735312006621005,24.079318953066156,24.193023681640625,1876500,0.0,0.0
2022-01-19 00:00:00-05:00,24.32422592682469,24.32422592682469,23.55452801913084,23.580766677856445,2025800,0.0,0.0
2022-01-20 00:00:00-05:00,23.71196966426576,24.1055646097653,23.283387611640702,23.327119827270508,1584300,0.0,0.0
2022-01-21 00:00:00-05:00,23.178424072906136,23.230903056519736,22.391232645594876,22.47869873046875,2282600,0.0,0.0
2022-01-24 00:00:00-05:00,21.8926728198492,22.513678702084174,21.236679844841117,22.434959411621094,2446100,0.0,0.0
2022-01-25 00:00:00-05:00,22.12883551576936,23.05597372697082,21.560308437606476,22.90728187561035,2648700,0.0,0.0
2022-01-26 00:00:00-05:00,23.143432512443635,23.484550010898648,22.679865188001337,22.968502044677734,2731000,0.0,0.0
2022-01-27 00:00:00-05:00,23.145458962009073,23.525908292098883,22.039502392006515,22.40225601196289,3229800,0.3,0.0
2022-01-28 00:00:00-05:00,22.287236618993578,22.35801776990017,21.437861120558715,22.11028289794922,2875500,0.0,0.0
2022-01-31 00:00:00-05:00,21.897939973226475,22.481884904174716,21.659052950323343,22.455341339111328,2829400,0.0,0.0
2022-02-01 00:00:00-05:00,22.48188760495902,22.543820909991283,22.127981799377523,22.419954299926758,5042900,0.0,0.0
2022-02-02 00:00:00-05:00,22.596903854891107,23.251629895657707,22.260692136287158,22.79155158996582,2818200,0.0,0.0
2022-02-03 00:00:00-05:00,22.88002900704838,23.46397391412591,22.800400002669107,22.862333297729492,2615500,0.0,0.0
2022-02-04 00:00:00-05:00,22.86233517394137,24.224872839754536,22.818097584569486,24.012529373168945,3234700,0.0,0.0
2022-02-07 00:00:00-05:00,24.127546982339606,24.42836728002433,24.012526563342448,24.14524269104004,2785200,0.0,0.0
2022-02-08 00:00:00-05:00,24.52568910058779,25.4016063876564,24.331041377091072,25.3662166595459,3608500,0.0,0.0
2022-02-09 00:00:00-05:00,25.30428915008062,25.552022366111913,24.95038335035308,24.98577308654785,2853500,0.0,0.0
2022-02-10 00:00:00-05:00,24.90614024832246,26.127117179444255,24.90614024832246,25.47239112854004,2721000,0.0,0.0
2022-02-11 00:00:00-05:00,25.392758810102272,26.604886040857252,25.2865862565601,25.87053108215332,3323300,0.0,0.0
2022-02-14 00:00:00-05:00,25.728972172858178,25.843990907336654,25.047702557904042,25.260046005249023,3145900,0.0,0.0
2022-02-15 00:00:00-05:00,25.49893353438585,26.144811744126397,25.463543802887223,26.091726303100586,2028600,0.0,0.0
2022-02-16 00:00:00-05:00,25.88823069833745,26.534108907881706,25.88823069833745,26.197898864746094,2182100,0.0,0.0
2022-02-17 00:00:00-05:00,25.799750696452367,26.01209412218815,25.268891288335155,25.454692840576172,2103200,0.0,0.0
2022-02-18 00:00:00-05:00,25.2600505527092,25.746672517090527,25.18042153467509,25.498937606811523,3549200,0.0,0.0
2022-02-22 00:00:00-05:00,25.29543618243033,25.56086505669901,24.605318746753877,24.89729118347168,2908500,0.0,0.0
2022-02-23 00:00:00-05:00,25.198113412174596,25.40160901060058,24.63186420349158,24.729188919067383,2450100,0.0,0.0
2022-02-24 00:00:00-05:00,23.65862280911723,24.242567744706328,23.32241275342125,24.154090881347656,3224900,0.0,0.0
2022-02-25 00:00:00-05:00,24.454907189652886,25.34852015652161,24.29564919926264,25.233501434326172,3047400,0.0,0.0
2022-02-28 00:00:00-05:00,24.357586461606104,24.87959806242642,24.357586461606104,24.70264434814453,2201500,0.0,0.0
2022-03-01 00:00:00-05:00,24.304503371480283,24.463761403273732,23.110071508141345,23.78249168395996,4673600,0.0,0.0
2022-03-02 00:00:00-05:00,24.039071948566594,25.19811395541035,24.039071948566594,25.074247360229492,3108700,0.0,0.0
2022-03-03 00:00:00-05:00,25.189269659443905,25.47239599744859,24.826515990112057,25.28659439086914,2570400,0.0,0.0
2022-03-04 00:00:00-05:00,24.481455989244388,24.764580616053568,24.18063565137066,24.34874153137207,2918900,0.0,0.0
2022-03-07 00:00:00-05:00,24.083311080965476,24.171787949294018,23.295870496708854,23.313566207885742,2436200,0.0,0.0
2022-03-08 00:00:00-05:00,23.9063587722197,24.322197855024783,23.35780354458527,23.525909423828125,2778100,0.0,0.0
2022-03-09 00:00:00-05:00,24.30449911655851,24.906139714647992,24.162936821426356,24.36643409729004,1904900,0.0,0.0
2022-03-10 00:00:00-05:00,24.047920545898773,24.499151040557933,23.968291535808575,24.224872589111328,1870000,0.0,0.0
2022-03-11 00:00:00-05:00,24.58762563440228,24.773425515743625,23.88866031875278,23.94174575805664,2254400,0.0,0.0
2022-03-14 00:00:00-04:00,24.52569053048795,24.932683396598566,24.233718084442465,24.375280380249023,2654600,0.0,0.0
2022-03-15 00:00:00-04:00,24.44606308320888,24.853055975209024,24.207177748561705,24.578779220581055,1880200,0.0,0.0
2022-03-16 00:00:00-04:00,24.93268574906275,25.87053646915879,24.93268574906275,25.8616886138916,4045400,0.0,0.0
2022-03-17 00:00:00-04:00,25.658191545019022,26.091726303100586,25.37506694280704,26.091726303100586,2164000,0.0,0.0
2022-03-18 00:00:00-04:00,25.914775499205657,26.127118960932584,25.4458492998363,26.074031829833984,4632300,0.0,0.0
2022-03-21 00:00:00-04:00,26.295219530480455,26.463325380728865,25.861684811465583,26.24213409423828,1768700,0.0,0.0
2022-03-22 00:00:00-04:00,26.542957390134177,27.18883561494739,26.542957390134177,26.87032127380371,2059400,0.0,0.0
2022-03-23 00:00:00-04:00,26.728756957262696,27.109206278576966,26.675671515642684,26.755300521850586,3037500,0.0,0.0
2022-03-24 00:00:00-04:00,26.941100946628723,27.70199786915921,26.941100946628723,27.64891242980957,2469000,0.0,0.0
2022-03-25 00:00:00-04:00,27.48965605874793,28.44520414919278,27.48965605874793,28.135534286499023,2054300,0.0,0.0
2022-03-28 00:00:00-04:00,27.967426296517136,28.029359585602045,27.525043731561436,27.86125373840332,1685500,0.0,0.0
2022-03-29 00:00:00-04:00,28.224012611093105,28.53368080227235,27.737392373208486,28.117841720581055,2189100,0.0,0.0
2022-03-30 00:00:00-04:00,28.179772672581464,28.3832699562876,27.746237916087072,27.887800216674805,1834100,0.0,0.0
2022-03-31 00:00:00-04:00,27.870104171742486,28.365573905391358,27.852408462493088,27.878952026367188,2328000,0.0,0.0
2022-04-01 00:00:00-04:00,28.108990840341853,28.339028307549228,27.79047482796903,27.976276397705078,1372800,0.0,0.0
2022-04-04 00:00:00-04:00,27.72854466165551,27.923192420308435,27.003037385019464,27.082666397094727,2044100,0.0,0.0
2022-04-05 00:00:00-04:00,27.17998626747995,27.83471231131116,27.07381538878067,27.64891242980957,3763500,0.0,0.0
2022-04-06 00:00:00-04:00,27.640062907036107,28.542522071732453,27.525044180794865,27.98512077331543,2874300,0.0,0.0
2022-04-07 00:00:00-04:00,28.029363539632893,28.073601127346723,27.330398178374956,27.80817222595215,2431400,0.0,0.0
2022-04-08 00:00:00-04:00,28.14438210931366,28.604462131544935,27.790476347084745,28.51598358154297,2428100,0.0,0.0
2022-04-11 00:00:00-04:00,28.675243180969915,29.055692529222267,28.3921185555419,28.445205688476562,1796700,0.0,0.0
2022-04-12 00:00:00-04:00,28.604459428736543,28.861038761719357,28.064750450055882,28.2770938873291,1658900,0.0,0.0
2022-04-13 00:00:00-04:00,28.073596874543703,28.675237426623145,28.073596874543703,28.613304138183594,1527400,0.0,0.0
2022-04-14 00:00:00-04:00,28.61330926045713,29.08223377833388,28.61330926045713,28.984909057617188,1773400,0.0,0.0
2022-04-18 00:00:00-04:00,28.799109244312007,29.276883306456803,28.7637178230172,29.206100463867188,1416700,0.0,0.0
2022-04-19 00:00:00-04:00,29.285729428597353,29.65733260139047,29.064538108516974,29.586549758911133,1421700,0.0,0.0
2022-04-20 00:00:00-04:00,29.754654494167827,30.10855854759207,29.71041690937872,29.887367248535156,1901200,0.0,0.0
2022-04-21 00:00:00-04:00,30.08201420063469,30.329747355192602,29.816585338592485,30.09086036682129,2717900,0.0,0.0
2022-04-22 00:00:00-04:00,30.055471370931965,30.108555116585208,29.44498129503171,29.462677001953125,4262000,0.0,0.0
2022-04-25 00:00:00-04:00,29.011454630732096,29.14416739898942,27.949735609114864,29.099929809570312,2470800,0.0,0.0
2022-04-26 00:00:00-04:00,28.577915212428895,29.02029781130585,27.64006457532535,27.64891242980957,3239200,0.0,0.0
2022-04-27 00:00:00-04:00,27.56043812533312,28.1001454859717,27.25961779522859,27.834714889526367,2866800,0.0,0.0
2022-04-28 00:00:00-04:00,28.1384277916667,28.326016492452414,27.557793908154796,28.156293869018555,1624700,0.3,0.0
2022-04-29 00:00:00-04:00,28.13843326185984,28.290291541266452,27.18262008716074,27.263015747070312,2358700,0.0,0.0
2022-05-02 00:00:00-04:00,27.450600673882054,27.870444995976037,26.986092859728416,27.530996322631836,2139800,0.0,0.0
2022-05-03 00:00:00-04:00,27.70965015980194,28.084829238120832,27.44166413025828,27.870441436767578,2119200,0.0,0.0
2022-05-04 00:00:00-04:00,27.870445643079538,28.960249186583713,27.71858738122662,28.906654357910156,2282700,0.0,0.0
2022-05-05 00:00:00-04:00,28.388546912449186,28.772657341185695,27.85257653457571,28.50467300415039,2563200,0.0,0.0
2022-05-06 00:00:00-04:00,30.184045180515096,32.613773572621696,30.184045180515096,32.43511962890625,5662300,0.0,0.0
2022-05-09 00:00:00-04:00,32.202868442269306,32.81030147504915,31.75622670684919,32.39045715332031,4323000,0.0,0.0
2022-05-10 00:00:00-04:00,32.59591421730052,32.694172533288516,30.75574910459404,31.506107330322266,3169000,0.0,0.0
2022-05-11 00:00:00-04:00,31.675832583341666,32.6137795913643,31.17559599645289,31.229190826416016,2834300,0.0,0.0
2022-05-12 00:00:00-04:00,31.220260403382554,31.425715208662307,29.773142022765093,30.487768173217773,3749400,0.0,0.0
2022-05-13 00:00:00-04:00,30.675358971663638,31.22919384973891,30.45203807158094,30.80935287475586,2170800,0.0,0.0
2022-05-16 00:00:00-04:00,30.61281797666787,31.166652648217077,30.416294567444986,30.916534423828125,2134100,0.0,0.0
2022-05-17 00:00:00-04:00,31.57756965947782,32.613778360121906,31.55077224550792,32.49765396118164,2319100,0.0,0.0
2022-05-18 00:00:00-04:00,32.31899997398213,32.45299387310004,31.18452942629809,31.425716400146484,2022600,0.0,0.0
2022-05-19 00:00:00-04:00,31.005867337754886,31.56863685823474,30.594957773800786,31.238122940063477,2464400,0.0,0.0
2022-05-20 00:00:00-04:00,31.38997887951688,31.60436839997716,29.84459896956818,30.541358947753906,2536000,0.0,0.0
2022-05-23 00:00:00-04:00,31.363186822586503,31.6937007907759,30.952277196447643,31.425716400146484,2614000,0.0,0.0
2022-05-24 00:00:00-04:00,31.023737839888863,31.309588308415297,30.14832035407587,31.068401336669922,1885100,0.0,0.0
2022-05-25 00:00:00-04:00,31.04160432533146,31.497177450615396,30.952277330603287,31.336389541625977,1593400,0.0,0.0
2022-05-26 00:00:00-04:00,31.684766939933183,32.310062665910564,31.684766939933183,32.13140869140625,2202900,0.0,0.0
2022-05-27 00:00:00-04:00,32.07780604162792,32.72990250015859,32.05100863065996,32.676307678222656,1850800,0.0,0.0
2022-05-31 00:00:00-04:00,32.33687117930222,32.99789922044448,32.11355025045014,32.5601921081543,1957800,0.0,0.0
2022-06-01 00:00:00-04:00,32.75670537081235,32.8639018477624,32.0152818137421,32.58698272705078,1864400,0.0,0.0
2022-06-02 00:00:00-04:00,32.45298471126283,32.72990036010742,32.131402170251285,32.72990036010742,1481000,0.0,0.0
2022-06-03 00:00:00-04:00,32.720972622115525,32.9264273997613,32.2921969895149,32.408321380615234,1391700,0.0,0.0
2022-06-06 00:00:00-04:00,32.91749692337207,33.4892012485376,32.63164646459244,33.19441604614258,3763600,0.0,0.0
2022-06-07 00:00:00-04:00,33.0961561598518,33.41773879583521,32.81030568511243,33.176551818847656,1615000,0.0,0.0
2022-06-08 00:00:00-04:00,32.94428889086122,33.22120453158781,32.51551331795089,32.6673698425293,1516700,0.0,0.0
2022-06-09 00:00:00-04:00,32.81029577233947,32.87282533182164,32.05100631713867,32.05100631713867,1561000,0.0,0.0
2022-06-10 00:00:00-04:00,31.166658734069024,31.818755237563273,30.98800136421717,31.398914337158203,2306300,0.0,0.0
2022-06-13 00:00:00-04:00,30.648558289194817,30.711087861948375,29.80886961346506,30.08578872680664,2952000,0.0,0.0
2022-06-14 00:00:00-04:00,30.389504397805737,30.773616566805284,29.773140023358252,30.184049606323242,1853000,0.0,0.0
2022-06-15 00:00:00-04:00,30.684285046177,30.684285046177,29.594481557839632,29.942861557006836,1956600,0.0,0.0
2022-06-16 00:00:00-04:00,29.362228433834336,29.362228433834336,28.647602297273092,29.112110137939453,2526300,0.0,0.0
2022-06-17 00:00:00-04:00,29.255034527343682,29.37116233608575,28.611869319056673,29.085311889648438,4783400,0.0,0.0
2022-06-21 00:00:00-04:00,29.94286247713645,30.38056947142569,29.514086818246447,30.255510330200195,1795100,0.0,0.0
2022-06-22 00:00:00-04:00,29.460489478635278,29.826735578046456,29.237168603199045,29.657012939453125,1976100,0.0,0.0
2022-06-23 00:00:00-04:00,29.773139389536862,29.89819852885468,28.781594202651334,28.951316833496094,1444400,0.0,0.0
2022-06-24 00:00:00-04:00,29.228244009103623,30.77362441465589,29.19251184296663,30.630699157714844,3129400,0.0,0.0
2022-06-27 00:00:00-04:00,30.621762294403368,30.94334495217999,30.255516135848143,30.559232711791992,1572600,0.0,0.0
2022-06-28 00:00:00-04:00,31.014802546177375,31.506107763292675,30.66642254508845,30.764680862426758,1200600,0.0,0.0
2022-06-29 00:00:00-04:00,30.898676900748697,31.086265620955402,30.443103807731536,30.711088180541992,2036200,0.0,0.0
2022-06-30 00:00:00-04:00,30.175113950944127,30.836145205489668,29.978593908462432,30.389503479003906,1195900,0.0,0.0
2022-07-01 00:00:00-04:00,30.219779911035378,30.59495731397936,29.630209579084827,30.201913833618164,2005200,0.0,0.0
2022-07-05 00:00:00-04:00,29.326497520246054,29.335428855466777,27.798981923252427,28.522541046142578,2656200,0.0,0.0
2022-07-06 00:00:00-04:00,28.343879076277897,29.21036497921194,27.86150697385307,28.87091636657715,2449800,0.0,0.0
2022-07-07 00:00:00-04:00,29.25503336844171,29.701675099257614,29.25503336844171,29.3443603515625,2142700,0.0,0.0
2022-07-08 00:00:00-04:00,29.674877035244133,30.13938483402142,29.29969621762921,29.889263153076172,1893000,0.0,0.0
2022-07-11 00:00:00-04:00,30.032196243193667,30.532436328662072,29.808875324117793,29.960735321044922,1501000,0.0,0.0
2022-07-12 00:00:00-04:00,29.62127769612587,30.318037664476563,29.48728382177884,29.52301597595215,1305100,0.0,0.0
2022-07-13 00:00:00-04:00,29.1835739649192,29.22824087159913,28.61187299852422,28.924524307250977,1415500,0.0,0.0
2022-07-14 00:00:00-04:00,28.049103912602664,28.52254482069419,28.0401708723968,28.308156967163086,1750600,0.0,0.0
2022-07-15 00:00:00-04:00,28.799463052927315,29.040646611909537,28.406416111402475,28.727998733520508,1390400,0.0,0.0
2022-07-18 00:00:00-04:00,29.040644837200144,29.782071771507912,28.835190042870618,28.906654357910156,1725000,0.0,0.0
2022-07-19 00:00:00-04:00,29.192502011916453,29.77313758947988,29.192502011916453,29.505149841308594,1201600,0.0,0.0
2022-07-20 00:00:00-04:00,29.19250224417167,29.61234653921491,28.96918139065604,29.451555252075195,1376200,0.0,0.0
2022-07-21 00:00:00-04:00,29.237170145640643,29.3622292972656,28.54041006795515,29.01384925842285,1194500,0.0,0.0
2022-07-22 00:00:00-04:00,29.040643668025453,29.42475582688339,28.397481896593757,28.647600173950195,1191900,0.0,0.0
2022-07-25 00:00:00-04:00,28.96918045304247,29.442619556738467,28.835186582227603,29.38902473449707,953000,0.0,0.0
2022-07-26 00:00:00-04:00,29.353288391245176,29.567674464819703,28.995973725147365,29.15676498413086,752400,0.0,0.0
2022-07-27 00:00:00-04:00,29.389025451880524,29.782068924202896,29.156769857812844,29.505149841308594,1079700,0.0,0.0
2022-07-28 00:00:00-04:00,29.378830412369275,29.405898256729504,28.205841728504765,28.71112823486328,1305400,0.33,0.0
2022-07-29 00:00:00-04:00,28.819408149077443,29.396880230658347,28.720154785478123,29.044981002807617,2504500,0.0,0.0
2022-08-01 00:00:00-04:00,28.774293421658783,29.06302861419385,28.56676521714889,28.801362991333008,2358400,0.0,0.0
2022-08-02 00:00:00-04:00,28.792335326134364,28.918656522984477,28.250956063781096,28.296072006225586,2181700,0.0,0.0
2022-08-03 00:00:00-04:00,31.553376713536554,32.89779942605425,31.138316826199905,32.41958236694336,3273500,0.0,0.0
2022-08-04 00:00:00-04:00,32.563949335991936,32.88877731013574,31.71579008061276,31.76090431213379,1711800,0.0,0.0
2022-08-05 00:00:00-04:00,31.932335412523734,32.57296636191553,31.833082051520403,32.39250946044922,1519300,0.0,0.0
2022-08-08 00:00:00-04:00,32.500789362074954,32.852685193646764,32.39251451589793,32.41958236694336,1155700,0.0,0.0
2022-08-09 00:00:00-04:00,32.63612919351068,33.46624545329596,32.60906134484208,33.195556640625,1412000,0.0,0.0
2022-08-10 00:00:00-04:00,33.3850392302389,33.70084227859178,33.15044317174749,33.66475296020508,1351800,0.0,0.0
2022-08-11 00:00:00-04:00,33.96251556442571,34.46780397210104,33.89033347304105,34.3956184387207,1626200,0.0,0.0
2022-08-12 00:00:00-04:00,34.48584714029369,35.0994103488407,34.48584714029369,35.09038543701172,1297700,0.0,0.0
2022-08-15 00:00:00-04:00,34.57606245931099,35.25278602536012,34.28732734648955,35.12646484375,1352800,0.0,0.0
2022-08-16 00:00:00-04:00,35.126472974300505,35.72198971258529,35.09940512683138,35.514461517333984,1477100,0.0,0.0
2022-08-17 00:00:00-04:00,35.12646796672776,35.82123796934719,34.95503255387142,35.487388610839844,1373100,0.0,0.0
2022-08-18 00:00:00-04:00,35.52348471158364,36.06486578123087,35.48739539386984,35.92951965332031,1094600,0.0,0.0
2022-08-19 00:00:00-04:00,35.712958330755434,35.947554308355826,35.45129107120561,35.69491195678711,1294800,0.0,0.0
2022-08-22 00:00:00-04:00,35.225728037250285,35.48739538205962,35.000153452137766,35.17158889770508,1050900,0.0,0.0
2022-08-23 00:00:00-04:00,35.207681654368805,35.46934899915559,35.02722129789533,35.2437744140625,1429400,0.0,0.0
2022-08-24 00:00:00-04:00,35.09037173134553,35.68588832563189,34.991118391965465,35.49640655517578,735700,0.0,0.0
2022-08-25 00:00:00-04:00,35.62272642503103,36.31749633313905,35.55956583720248,36.146060943603516,1258100,0.0,0.0
2022-08-26 00:00:00-04:00,36.23630061861727,36.31750760560152,35.04526710417826,35.08135986328125,1151200,0.0,0.0
2022-08-29 00:00:00-04:00,34.765556616305716,35.063316743595955,34.34147870440105,34.846763610839844,1011900,0.0,0.0
2022-08-30 00:00:00-04:00,34.8467592953452,34.955037569311486,34.26026746700463,34.458770751953125,899300,0.0,0.0
2022-08-31 00:00:00-04:00,34.66629873435146,34.729462781441036,33.98957501519784,34.1519889831543,1741200,0.0,0.0
2022-09-01 00:00:00-04:00,33.89032415007325,34.251241391702344,33.62865682654571,34.20612716674805,1431200,0.0,0.0
2022-09-02 00:00:00-04:00,34.60315152159586,34.91895811128999,33.89935968272831,33.95349884033203,1033400,0.0,0.0
2022-09-06 00:00:00-04:00,34.04371136254207,34.37756073954599,33.75497620805308,33.9444580078125,3227300,0.0,0.0
2022-09-07 00:00:00-04:00,33.61962660068309,34.332442945038046,33.574512382861904,34.323421478271484,1133400,0.0,0.0
2022-09-08 00:00:00-04:00,34.32342770469555,34.828712543144455,34.1519888270834,34.675323486328125,950000,0.0,0.0
2022-09-09 00:00:00-04:00,34.9640537110546,35.640777331268566,34.9640537110546,35.3339958190918,1442900,0.0,0.0
2022-09-12 00:00:00-04:00,35.397151893473854,36.2543357246508,35.397151893473854,36.073875427246094,1524700,0.0,0.0
2022-09-13 00:00:00-04:00,35.424231718383865,36.14607315222161,35.32498179112647,35.785152435302734,1764500,0.0,0.0
2022-09-14 00:00:00-04:00,35.9475621538237,36.44382549928218,35.40618458459529,36.22727584838867,2713000,0.0,0.0
2022-09-15 00:00:00-04:00,36.06486391808516,37.11152980160402,36.037792628704565,36.723541259765625,2290800,0.0,0.0
2022-09-16 00:00:00-04:00,36.59721575521336,36.65135144363292,35.6317569691276,36.1099739074707,5111400,0.0,0.0
2022-09-19 00:00:00-04:00,35.74004116371963,36.9400962790901,35.622741404715036,36.90400695800781,1135900,0.0,0.0
2022-09-20 00:00:00-04:00,36.615271008226834,36.82279922879745,35.992682904519704,36.434810638427734,1660800,0.0,0.0
2022-09-21 00:00:00-04:00,36.54308018889105,37.093482688134245,36.01974553649759,36.028770446777344,1415100,0.0,0.0
2022-09-22 00:00:00-04:00,36.254335745310485,36.34456417306732,35.740026134710014,36.146060943603516,1398700,0.0,0.0
2022-09-23 00:00:00-04:00,35.52348537347807,35.76710634305936,34.45877303619468,35.108428955078125,2029000,0.0,0.0
2022-09-26 00:00:00-04:00,34.85578029085734,35.388136364415665,34.585091520334935,34.68434143066406,1514800,0.0,0.0
2022-09-27 00:00:00-04:00,34.964060677239495,35.13549612273227,34.197108464988375,34.485843658447266,1486600,0.0,0.0
2022-09-28 00:00:00-04:00,34.32342411698531,35.46934323610907,34.106871036003604,35.20767593383789,1138800,0.0,0.0
2022-09-29 00:00:00-04:00,34.80163856089429,35.045259468768656,34.38658224762426,35.0091667175293,1214700,0.0,0.0
2022-09-30 00:00:00-04:00,34.93698465704478,35.649797563054015,34.90991337261816,35.0091667175293,1258200,0.0,0.0
2022-10-03 00:00:00-04:00,35.50544288670836,35.85734217602184,34.81067610415483,35.64078903198242,1308800,0.0,0.0
2022-10-04 00:00:00-04:00,36.03779062660459,37.255895321213636,36.01974424868505,37.21078109741211,1966100,0.0,0.0
2022-10-05 00:00:00-04:00,36.78670236325578,37.18371237893515,36.56112778666627,37.039344787597656,1130100,0.0,0.0
2022-10-06 00:00:00-04:00,36.88595535734387,37.409286579939995,36.858884067868395,37.183712005615234,1210300,0.0,0.0
2022-10-07 00:00:00-04:00,37.09349064135088,37.66193964104,36.86791602391819,37.55366134643555,1482400,0.0,0.0
2022-10-10 00:00:00-04:00,37.49952413485497,37.77021297650212,37.165671236227965,37.373199462890625,1095200,0.0,0.0
2022-10-11 00:00:00-04:00,37.06641417030605,37.60779174946944,36.669400733057834,37.075435638427734,1684900,0.0,0.0
2022-10-12 00:00:00-04:00,36.99423198256836,37.24687441662066,36.624289800422474,36.68745040893555,1217800,0.0,0.0
2022-10-13 00:00:00-04:00,36.497962465311645,38.70859371869041,36.14606672201354,38.528133392333984,1970000,0.0,0.0
2022-10-14 00:00:00-04:00,38.600315007917665,38.7717538648562,37.616809854828865,37.688995361328125,1438800,0.0,0.0
2022-10-17 00:00:00-04:00,38.446935198816576,38.64544194734684,37.74314355147504,38.02285385131836,1387500,0.0,0.0
2022-10-18 00:00:00-04:00,38.8890518066892,39.08755851602461,38.437902697832044,38.852962493896484,2565000,0.0,0.0
2022-10-19 00:00:00-04:00,38.735664293806074,39.2229061767206,38.537157576619855,38.88905334472656,1795800,0.0,0.0
2022-10-20 00:00:00-04:00,38.9161222404081,39.412385560869794,38.113077394970986,38.311580657958984,1678900,0.0,0.0
2022-10-21 00:00:00-04:00,38.32963268904633,39.36727714652696,38.02285111881688,39.33118438720703,1008000,0.0,0.0
2022-10-24 00:00:00-04:00,39.31313623376544,40.07106693531177,39.26802200764854,39.82744598388672,1008200,0.0,0.0
2022-10-25 00:00:00-04:00,39.33118459989057,40.4319896711362,39.24997761197909,40.395896911621094,1447600,0.0,0.0
2022-10-26 00:00:00-04:00,40.58537467481545,40.8831347480265,40.08008641815182,40.089111328125,1539200,0.0,0.0
2022-10-27 00:00:00-04:00,40.38000855852761,41.08907007855209,40.38000855852761,40.72544860839844,1143900,0.33,0.0
2022-10-28 00:00:00-04:00,40.95270790703195,41.907209855670665,40.916345069354975,41.89812088012695,1383100,0.0,0.0
2022-10-31 00:00:00-04:00,41.616310333281916,41.89811709821475,41.37995884521784,41.4435920715332,1658000,0.0,0.0
2022-11-01 00:00:00-04:00,41.59813572612762,41.970846170312996,41.11634022865054,41.525413513183594,1751200,0.0,0.0
2022-11-02 00:00:00-04:00,41.52541084673093,42.398098152529734,40.16183563101363,40.81635284423828,2142300,0.0,0.0
2022-11-03 00:00:00-04:00,40.43455390650359,41.04361936522365,40.06184345006347,40.470916748046875,1307500,0.0,0.0
2022-11-04 00:00:00-04:00,40.9981601721761,41.47995910732926,40.616360775612456,41.034523010253906,971100,0.0,0.0
2022-11-07 00:00:00-05:00,41.261783641415846,41.49813861025716,40.670903154814454,41.37086868286133,935700,0.0,0.0
2022-11-08 00:00:00-05:00,41.243603355969306,41.49813975000085,40.49818252807552,40.66181182861328,1046500,0.0,0.0
2022-11-09 00:00:00-05:00,40.289100299078726,41.17088000892157,40.08910816668115,40.13456344604492,1167000,0.0,0.0
2022-11-10 00:00:00-05:00,40.95270995061365,40.998161766102434,38.12556333354594,38.616451263427734,3213400,0.0,0.0
2022-11-11 00:00:00-05:00,38.98006848640234,39.070972107500296,36.734713674224,36.8165283203125,2772300,0.0,0.0
2022-11-14 00:00:00-05:00,36.83470973808227,37.64376375620702,36.71653225645423,36.8165283203125,2252000,0.0,0.0
2022-11-15 00:00:00-05:00,37.280150363113584,37.68922368163381,36.76199198223849,36.86198806762695,1860000,0.0,0.0
2022-11-16 00:00:00-05:00,36.38927753678872,37.043794775009154,36.09838175707991,36.36200714111328,1572300,0.0,0.0
2022-11-17 00:00:00-05:00,35.9983826209725,37.32559840423559,35.91656797315321,37.189239501953125,1978600,0.0,0.0
2022-11-18 00:00:00-05:00,37.44377653484636,37.761946185881534,36.86198496098369,37.1256103515625,1646500,0.0,0.0
2022-11-21 00:00:00-05:00,37.04379948239281,37.29833245504528,36.543822514217595,37.01652908325195,1045900,0.0,0.0
2022-11-22 00:00:00-05:00,37.44376805817863,37.771026611328125,37.352864445748445,37.771026611328125,1164000,0.0,0.0
2022-11-23 00:00:00-05:00,37.471054267897905,37.70740581877655,37.14379560687233,37.23469924926758,911100,0.0,0.0
2022-11-25 00:00:00-05:00,37.40741594983139,37.916481826585546,37.380142086611556,37.725582122802734,483600,0.0,0.0
2022-11-28 00:00:00-05:00,37.41649957075413,37.82557278299374,37.261962728213994,37.543766021728516,1073600,0.0,0.0
2022-11-29 00:00:00-05:00,37.56194623489341,38.07101549022689,37.44376876231142,37.925567626953125,905600,0.0,0.0
2022-11-30 00:00:00-05:00,37.74376554943566,38.3437385559082,37.41650691540492,38.3437385559082,1597900,0.0,0.0
2022-12-01 00:00:00-05:00,38.62554052181772,38.72553312054638,37.725579391252126,38.143741607666016,1401700,0.0,0.0
2022-12-02 00:00:00-05:00,38.49826753491538,39.34368434356269,38.33463825145134,38.97097396850586,1623200,0.0,0.0
2022-12-05 00:00:00-05:00,38.73462750560747,39.02552327663248,37.53468158319154,37.807395935058594,1153900,0.0,0.0
2022-12-06 00:00:00-05:00,37.88011189133102,38.25282572092109,37.64376041679278,38.16191864013672,1554200,0.0,0.0
2022-12-07 00:00:00-05:00,37.843754100605885,38.08919802730531,37.171055545827755,37.32559585571289,1206200,0.0,0.0
2022-12-08 00:00:00-05:00,37.807391560455834,37.807391560455834,36.53472010866586,36.807437896728516,1187700,0.0,0.0
2022-12-09 00:00:00-05:00,36.57108297215657,36.86197870975644,36.32563904335342,36.35291290283203,951800,0.0,0.0
2022-12-12 00:00:00-05:00,36.22564568624307,36.561996725486445,35.834753859474496,36.49836349487305,1641100,0.0,0.0
2022-12-13 00:00:00-05:00,36.6619922074376,36.81652905995896,35.24387280266366,35.43477249145508,2185200,0.0,0.0
2022-12-14 00:00:00-05:00,35.634759960796586,36.28927358926752,35.634759960796586,35.971107482910156,1435600,0.0,0.0
2022-12-15 00:00:00-05:00,35.60749711409844,35.834759679701065,35.171153404271585,35.81658172607422,1684400,0.0,0.0
2022-12-16 00:00:00-05:00,35.480227851286884,35.95293436682014,35.207513487489194,35.498409271240234,2999600,0.0,0.0
2022-12-19 00:00:00-05:00,35.66204158285288,36.07111489683507,35.36205679776699,35.68931198120117,923600,0.0,0.0
2022-12-20 00:00:00-05:00,35.95293190836509,36.716534155434395,35.871117258045125,36.48018264770508,1858400,0.0,0.0
2022-12-21 00:00:00-05:00,36.96198016675923,37.2892387862814,36.68017336267042,37.09833908081055,1199100,0.0,0.0
2022-12-22 00:00:00-05:00,37.14378690466653,37.2437829685248,36.36200327932099,36.8165283203125,939600,0.0,0.0
2022-12-23 00:00:00-05:00,36.96197766473017,37.343780517578125,36.798348366045474,37.343780517578125,649600,0.0,0.0
2022-12-27 00:00:00-05:00,37.471046979277105,37.67103564719651,37.12560696341486,37.343780517578125,712300,0.0,0.0
2022-12-28 00:00:00-05:00,37.37104805217671,37.37104805217671,36.84379735947696,37.02560806274414,714700,0.0,0.0
2022-12-29 00:00:00-05:00,37.03470594189035,37.516501428688166,36.87107663170407,37.425594329833984,634200,0.0,0.0
2022-12-30 00:00:00-05:00,37.25287658344811,37.52559094845992,37.06197687471498,37.2983283996582,778200,0.0,0.0
2023-01-03 00:00:00-05:00,36.93471160177821,37.161974157960884,36.38019040985227,36.589271545410156,1264600,0.0,0.0
2023-01-04 00:00:00-05:00,36.680179968437216,37.17106798612494,36.67109099081419,36.898353576660156,1152100,0.0,0.0
2023-01-05 00:00:00-05:00,37.0437921935004,37.22560291008619,36.73471501562987,37.171058654785156,1191800,0.0,0.0
2023-01-06 00:00:00-05:00,37.70740409867629,38.016481323573295,37.31651221225505,37.3983268737793,1669800,0.0,0.0
2023-01-09 00:00:00-05:00,37.18924040728365,37.389232544099606,36.48018242075583,36.65290069580078,1032400,0.0,0.0
2023-01-10 00:00:00-05:00,37.05288033651403,37.280142860203455,36.661991986099046,37.252872467041016,811700,0.0,0.0
2023-01-11 00:00:00-05:00,37.2892352172916,37.361957421474415,36.93470623599198,37.03470230102539,949400,0.0,0.0
2023-01-12 00:00:00-05:00,37.180156754882304,37.66195227955205,37.05288680648229,37.3983268737793,970900,0.0,0.0
2023-01-13 00:00:00-05:00,37.34378090004481,37.68921745169394,37.06197411214586,37.60740280151367,629700,0.0,0.0
2023-01-17 00:00:00-05:00,37.625582335462916,37.625582335462916,37.11651650895322,37.3801383972168,1053700,0.0,0.0
2023-01-18 00:00:00-05:00,37.189240790093656,37.198329765610204,36.19837600673937,36.24382781982422,1495600,0.0,0.0
2023-01-19 00:00:00-05:00,36.007476576639924,36.26200950599275,35.71658080945067,36.18019485473633,1110000,0.0,0.0
2023-01-20 00:00:00-05:00,36.42564631898478,36.78017539161138,36.007484000899666,36.634727478027344,1240000,0.0,0.0
2023-01-23 00:00:00-05:00,36.643819740632495,37.10743387919887,36.58927547290337,36.980167388916016,711800,0.0,0.0
2023-01-24 00:00:00-05:00,37.10742815322246,37.534682848459,36.51654414779962,37.425594329833984,801700,0.0,0.0
2023-01-25 00:00:00-05:00,37.207428698479546,37.771038908087064,37.13470301065836,37.68922424316406,943300,0.0,0.0
2023-01-26 00:00:00-05:00,37.82667002057113,38.156554339797474,37.6342386662138,38.11989974975586,936400,0.33,0.0
2023-01-27 00:00:00-05:00,38.083255767822266,38.29401445656228,37.90914818039482,38.083255767822266,912200,0.0,0.0
2023-01-30 00:00:00-05:00,37.909141144984325,38.23902546459883,37.597584120412186,37.66172790527344,1222000,0.0,0.0
2023-01-31 00:00:00-05:00,37.62507638153344,38.761340696605174,37.166904497423275,38.5139274597168,4159600,0.0,0.0
2023-02-01 00:00:00-05:00,38.147392356575686,39.91593612311046,37.99161209702684,39.67768478393555,3193900,0.0,0.0
2023-02-02 00:00:00-05:00,39.67768575307216,39.67768575307216,36.77287759137657,37.515113830566406,2359700,0.0,0.0
2023-02-03 00:00:00-05:00,37.96411734797891,38.79798992194267,37.799175212858735,38.07407760620117,2118200,0.0,0.0
2023-02-06 00:00:00-05:00,38.19321074159094,38.97210159126558,38.08325046182406,38.807159423828125,1567900,0.0,0.0
2023-02-07 00:00:00-05:00,38.65138600636454,39.24701093997529,38.394810832784316,39.20119094848633,1546700,0.0,0.0
2023-02-08 00:00:00-05:00,39.03624725341797,39.30198781322386,38.84381588069278,39.03624725341797,1581300,0.0,0.0
2023-02-09 00:00:00-05:00,39.21951548426757,39.21951548426757,37.826672433986936,37.86332702636719,1562300,0.0,0.0
2023-02-10 00:00:00-05:00,37.91830944528663,39.00875736704336,37.91830944528663,38.907958984375,1483800,0.0,0.0
2023-02-13 00:00:00-05:00,38.871300496207596,39.201184808037624,38.72468563490247,39.182857513427734,1253700,0.0,0.0
2023-02-14 00:00:00-05:00,39.04541348148963,39.52191272094315,38.92628779773263,39.07290267944336,1043100,0.0,0.0
2023-02-15 00:00:00-05:00,38.94461274256422,39.00875653096485,38.715526785255015,38.87130355834961,1088500,0.0,0.0
2023-02-16 00:00:00-05:00,38.80715984070414,39.64103258700702,38.66971036341259,39.23784255981445,1159300,0.0,0.0
2023-02-17 00:00:00-05:00,39.320312639501566,39.39362182197626,38.93544991823209,39.22867965698242,1913400,0.0,0.0
2023-02-21 00:00:00-05:00,39.201184979016276,39.21951227370611,38.33066120248065,38.633052825927734,1505600,0.0,0.0
2023-02-22 00:00:00-05:00,38.513925971255865,38.79799378683237,38.33982192042933,38.53225326538086,1987600,0.0,0.0
2023-02-23 00:00:00-05:00,39.49441270692422,41.11634150147713,39.49441270692422,40.23665237426758,2413900,0.0,0.0
2023-02-24 00:00:00-05:00,40.44741057552253,40.95139891410935,40.11752628246241,40.905582427978516,1977600,0.0,0.0
2023-02-27 00:00:00-05:00,40.91474619919595,41.32709805358661,40.539045434911486,40.557369232177734,1565200,0.0,0.0
2023-02-28 00:00:00-05:00,40.77729600039046,41.12550759668258,40.6581703366848,40.82311248779297,2013500,0.0,0.0
2023-03-01 00:00:00-05:00,40.8139565502772,41.84942260000634,40.68566896858151,41.757789611816406,2310500,0.0,0.0
2023-03-02 00:00:00-05:00,41.50121852471209,41.58368962041319,40.57570917344696,41.20798873901367,1657600,0.0,0.0
2023-03-03 00:00:00-05:00,41.00638495562695,41.647826313265554,40.73148251537445,41.61117172241211,1542500,0.0,0.0
2023-03-06 00:00:00-05:00,41.31793875467834,41.711966836594996,41.11634201632826,41.30877685546875,1792400,0.0,0.0
2023-03-07 00:00:00-05:00,41.66614738871868,42.13348111782635,41.07968800490762,41.409568786621094,1331400,0.0,0.0
2023-03-08 00:00:00-05:00,41.46455192565918,41.565350290737115,40.05338180571562,40.319122314453125,1778600,0.0,0.0
2023-03-09 00:00:00-05:00,40.38327159377723,40.5207245640744,38.85297910263502,38.92628479003906,1246300,0.0,0.0
2023-03-10 00:00:00-05:00,38.18405195542723,38.44979254847266,36.717902986167736,36.99280548095703,2587200,0.0,0.0
2023-03-13 00:00:00-04:00,35.7190813920459,35.73740868776494,33.52902023944654,33.57483673095703,4192100,0.0,0.0
2023-03-14 00:00:00-04:00,35.55413245134289,36.91032061596368,35.46249948578247,36.516292572021484,4066100,0.0,0.0
2023-03-15 00:00:00-04:00,35.07764228924459,35.581634215126975,33.68479918482531,34.692779541015625,3314700,0.0,0.0
2023-03-16 00:00:00-04:00,34.07883271049403,35.544985234035366,33.428229297807405,35.196773529052734,2756700,0.0,0.0
2023-03-17 00:00:00-04:00,34.9860004703287,35.132615312970636,33.2357842569771,33.5839958190918,5937900,0.0,0.0
2023-03-20 00:00:00-04:00,35.04098686278671,35.91151063689489,34.42703472689857,35.3617057800293,2470900,0.0,0.0
2023-03-21 00:00:00-04:00,36.452157848601395,36.782042199451546,36.0031513120577,36.25056457519531,2470800,0.0,0.0
2023-03-22 00:00:00-04:00,35.865700316844,36.16809548703267,34.81190691067431,34.830230712890625,1582900,0.0,0.0
2023-03-23 00:00:00-04:00,35.004329487885414,35.233415409277896,34.02384202397151,34.45452117919922,1911000,0.0,0.0
2023-03-24 00:00:00-04:00,33.81307981676027,34.839383657207165,33.64813769117035,34.8210563659668,2367300,0.0,0.0
2023-03-27 00:00:00-04:00,35.700754274082946,36.287213757715435,35.21509316961997,35.83820724487305,3440600,0.0,0.0
2023-03-28 00:00:00-04:00,35.73740279602847,35.88401764203538,35.20592179451987,35.54497146606445,1869800,0.0,0.0
2023-03-29 00:00:00-04:00,36.08561671173228,36.34219183502857,35.74656701814916,36.0214729309082,1186600,0.0,0.0
2023-03-30 00:00:00-04:00,36.10393990464187,36.34218770698718,35.636602702494564,35.74656295776367,1098800,0.0,0.0
2023-03-31 00:00:00-04:00,35.92984212494681,36.25056457519531,35.82904374045655,36.25056457519531,1227800,0.0,0.0
2023-04-03 00:00:00-04:00,36.38800325018422,36.635416439838444,35.82903309899209,35.92066955566406,1683200,0.0,0.0
2023-04-04 00:00:00-04:00,36.15892768686854,36.15892768686854,35.132623547816316,35.819881439208984,1680300,0.0,0.0
2023-04-05 00:00:00-04:00,35.25174942375922,36.113111394020606,35.25174942375922,35.97565841674805,1466100,0.0,0.0
2023-04-06 00:00:00-04:00,35.92983983950472,36.186418482497835,35.55413901839524,35.59079360961914,824000,0.0,0.0
2023-04-10 00:00:00-04:00,35.67326380660637,36.268888664700505,35.67326380660637,36.01231002807617,794500,0.0,0.0
2023-04-11 00:00:00-04:00,36.01231306868162,36.48881229627407,35.78322710323763,36.34219741821289,1259900,0.0,0.0
2023-04-12 00:00:00-04:00,36.479646615022475,36.85534741959068,36.278049867741075,36.52546310424805,1288400,0.0,0.0
2023-04-13 00:00:00-04:00,36.41551077290663,36.60794216696613,36.10395368442107,36.58961486816406,1509300,0.0,0.0
2023-04-14 00:00:00-04:00,36.91949142007543,37.26769953669054,36.39717574957868,36.68124008178711,1213500,0.0,0.0
2023-04-17 00:00:00-04:00,36.53462300314361,37.59758157460756,36.388008148306305,37.48762130737305,1431900,0.0,0.0
2023-04-18 00:00:00-04:00,37.59758761430105,37.88165547049469,37.359339747758376,37.78085708618164,1052900,0.0,0.0
2023-04-19 00:00:00-04:00,37.93663357762703,38.16571952073933,37.67089304467898,37.9641227722168,986400,0.0,0.0
2023-04-20 00:00:00-04:00,37.66173140512309,37.90914466782573,37.56093651638447,37.78085708618164,867000,0.0,0.0
2023-04-21 00:00:00-04:00,37.69838419345344,37.69838419345344,36.75455117748865,37.093597412109375,1137900,0.0,0.0
2023-04-24 00:00:00-04:00,36.99280171493748,37.515117450535705,36.95615061611838,37.35934066772461,694500,0.0,0.0
2023-04-25 00:00:00-04:00,37.460127782546934,37.65255910184793,36.928646810488786,37.05693435668945,863400,0.0,0.0
2023-04-26 00:00:00-04:00,36.92865271372784,37.43264108104141,36.727059464146826,36.919490814208984,988000,0.0,0.0
2023-04-27 00:00:00-04:00,37.12274712461626,38.24067867495798,37.12274712461626,38.12981033325195,999100,0.33,0.0
2023-04-28 00:00:00-04:00,37.889598985364266,39.247749656908965,37.85264521377064,38.98905563354492,1567400,0.0,0.0
2023-05-01 00:00:00-04:00,38.73959888243663,39.358617726414664,38.4531851269658,38.64720916748047,1807300,0.0,0.0
2023-05-02 00:00:00-04:00,38.286887545625234,38.286887545625234,36.993413686830344,37.84341049194336,1746000,0.0,0.0
2023-05-03 00:00:00-04:00,41.576001103723684,41.576001103723684,40.208613045911946,40.541221618652344,3236500,0.0,0.0
2023-05-04 00:00:00-04:00,39.99610808665714,39.99610808665714,38.73034747745239,39.67273712158203,2160700,0.0,0.0
2023-05-05 00:00:00-04:00,40.393395436444884,41.38198005637035,40.37491679104687,40.81839370727539,1464900,0.0,0.0
2023-05-08 00:00:00-04:00,41.57601095443422,41.99177176886698,41.04938176430009,41.37274932861328,1381900,0.0,0.0
2023-05-09 00:00:00-04:00,41.206438653032,41.640678050573484,40.910787347092736,40.938507080078125,1670900,0.0,0.0
2023-05-10 00:00:00-04:00,41.19720534282823,41.437420732026254,40.319488895805776,40.78144454956055,1157300,0.0,0.0
2023-05-11 00:00:00-04:00,40.41187618770028,40.69828639519113,40.106983809407076,40.19013595581055,776400,0.0,0.0
2023-05-12 00:00:00-04:00,40.43035036959056,40.72600518004986,40.01459317168122,40.62437438964844,1468600,0.0,0.0
2023-05-15 00:00:00-04:00,40.956984909030254,41.733066928285346,40.68904981698751,41.23415756225586,1809800,0.0,0.0
2023-05-16 00:00:00-04:00,41.27111070702746,41.9178492377302,40.98470049695216,41.151004791259766,1613000,0.0,0.0
2023-05-17 00:00:00-04:00,41.345023832728344,42.73089055337846,41.298828980261604,42.462955474853516,1795300,0.0,0.0
2023-05-18 00:00:00-04:00,42.416761567152136,43.00806415055589,41.991763275885866,42.88795471191406,1293400,0.0,0.0
2023-05-19 00:00:00-04:00,43.3037145547521,43.41458643019905,42.564586340645775,42.823280334472656,1219500,0.0,0.0
2023-05-22 00:00:00-04:00,42.97111565907637,43.16513972260324,42.71242160696337,42.952640533447266,676300,0.0,0.0
2023-05-23 00:00:00-04:00,42.92491370935768,43.17437015747169,42.028722237734996,42.05643844604492,1017700,0.0,0.0
2023-05-24 00:00:00-04:00,41.94556954559037,41.94556954559037,41.34502586074154,41.47437286376953,874000,0.0,0.0
2023-05-25 00:00:00-04:00,41.5205637449217,42.195018427908124,41.40969539928533,42.11186981201172,809800,0.0,0.0
2023-05-26 00:00:00-04:00,42.12111602460577,42.37057249686057,41.82546469255013,42.0379638671875,687500,0.0,0.0
2023-05-30 00:00:00-04:00,41.85317949842451,42.121114610492754,41.14176740316145,41.64992141723633,1257700,0.0,0.0
2023-05-31 00:00:00-04:00,41.10481231499577,41.29883282809787,40.12546513902446,40.143943786621094,1797800,0.0,0.0
2023-06-01 00:00:00-04:00,40.587426005245405,40.67057816796441,39.940687353480065,40.17166519165039,2039200,0.0,0.0
2023-06-02 00:00:00-04:00,40.69828732116007,41.72382930865559,40.60589761169479,41.47437286376953,1105100,0.0,0.0
2023-06-05 00:00:00-04:00,41.11404460399945,41.345022382673605,40.495025848884495,40.71676254272461,1114800,0.0,0.0
2023-06-06 00:00:00-04:00,40.74448527821661,41.751548695609536,40.74448527821661,41.64992141723633,1006500,0.0,0.0
2023-06-07 00:00:00-04:00,42.0841577769606,42.34285533000074,41.45589782941454,42.213504791259766,1332400,0.0,0.0
2023-06-08 00:00:00-04:00,41.98252792076136,42.20426818202403,41.733071448506564,42.0379638671875,838200,0.0,0.0
2023-06-09 00:00:00-04:00,42.010247656195375,42.40752979447799,41.927095498777106,42.0379638671875,706700,0.0,0.0
2023-06-12 00:00:00-04:00,41.87166318838784,42.32438131240958,41.80698967416219,42.17655563354492,759300,0.0,0.0
2023-06-13 00:00:00-04:00,41.99176776483351,42.74937472136343,41.84394210317991,42.49068069458008,917900,0.0,0.0
2023-06-14 00:00:00-04:00,42.44447977934894,42.78632946513613,41.52980965382711,41.79774475097656,1138400,0.0,0.0
2023-06-15 00:00:00-04:00,41.65915807454128,42.31513421099575,41.65915807454128,42.185787200927734,1197100,0.0,0.0
2023-06-16 00:00:00-04:00,42.324371519437946,42.342850165575726,41.71459029465655,41.9455680847168,2031700,0.0,0.0
2023-06-20 00:00:00-04:00,41.7238350007846,42.204269309318086,41.363510150494974,42.08415985107422,1107400,0.0,0.0
2023-06-21 00:00:00-04:00,42.01948365597568,42.50915549565259,41.74231098303482,42.13035202026367,1018600,0.0,0.0
2023-06-22 00:00:00-04:00,42.15806923547367,42.95263343501486,41.75154604997359,42.656978607177734,1305500,0.0,0.0
2023-06-23 00:00:00-04:00,42.36132342928628,42.7308892869499,42.06567215293187,42.29664993286133,1405600,0.0,0.0
2023-06-26 00:00:00-04:00,42.42599501542635,43.146648052977966,42.38904125087686,42.80480194091797,978300,0.0,0.0
2023-06-27 00:00:00-04:00,42.87872171721389,43.56241760485821,42.81404821054451,43.45154571533203,1015500,0.0,0.0
2023-06-28 00:00:00-04:00,43.22980724733323,43.67328421428492,43.08198159168267,43.32219696044922,888300,0.0,0.0
2023-06-29 00:00:00-04:00,43.654805216093955,44.070565970659366,43.4238274107178,43.8395881652832,848200,0.0,0.0
2023-06-30 00:00:00-04:00,44.070560455322266,44.403169017349335,43.87653996895353,44.070560455322266,979400,0.0,0.0
2023-07-03 00:00:00-04:00,44.06131883580019,44.6711000173018,43.904255641438795,44.34773254394531,636000,0.0,0.0
2023-07-05 00:00:00-04:00,43.895016962892846,44.35697253554752,43.71023755338403,44.32001876831055,996600,0.0,0.0
2023-07-06 00:00:00-04:00,44.02436669203487,44.72653759908798,44.00588804652804,44.61566925048828,1052100,0.0,0.0
2023-07-07 00:00:00-04:00,44.717312251262086,45.73361336060986,44.717312251262086,45.2808952331543,1718100,0.0,0.0
2023-07-10 00:00:00-04:00,45.22545248962841,45.28088490420213,44.60643017283765,44.726539611816406,1084500,0.0,0.0
2023-07-11 00:00:00-04:00,44.90208234501863,45.28088579127278,44.680345633497,44.79121398925781,1398000,0.0,0.0
2023-07-12 00:00:00-04:00,44.9760003326149,45.17926193724697,43.931979623970776,43.968936920166016,1540600,0.0,0.0
2023-07-13 00:00:00-04:00,43.691762510820126,44.00589246710937,43.54393685635705,43.8395881652832,1275500,0.0,0.0
2023-07-14 00:00:00-04:00,44.10751816026221,44.246102712782786,43.331432683046884,43.67327880859375,954400,0.0,0.0
2023-07-17 00:00:00-04:00,43.66404308867577,44.9113253612593,43.534696080654136,44.80045700073242,1128900,0.0,0.0
2023-07-18 00:00:00-04:00,44.855886237908244,45.27164696595323,44.60642980108125,44.624908447265625,1119600,0.0,0.0
2023-07-19 00:00:00-04:00,44.48632351509686,45.12382094313434,44.39393028494852,44.523277282714844,1223200,0.0,0.0
2023-07-20 00:00:00-04:00,44.91133203164176,45.4010039274347,44.91133203164176,45.33633041381836,695900,0.0,0.0
2023-07-21 00:00:00-04:00,45.57653915650797,45.57653915650797,44.92980064044306,45.00371170043945,690100,0.0,0.0
2023-07-24 00:00:00-04:00,44.98523567677937,45.419475074562094,44.98523567677937,45.19773483276367,502700,0.0,0.0
2023-07-25 00:00:00-04:00,45.17001712483181,45.33632141954993,44.96675553696711,45.04990768432617,880900,0.0,0.0
2023-07-26 00:00:00-04:00,45.04989944557949,45.502617392728105,45.04989944557949,45.22544479370117,983200,0.0,0.0
2023-07-27 00:00:00-04:00,45.36042960485363,45.43489948911189,44.93223842312719,45.34181213378906,853200,0.365,0.0
2023-07-28 00:00:00-04:00,45.57451175889219,45.797917794880206,45.05323692645095,45.46281051635742,984200,0.0,0.0
2023-07-31 00:00:00-04:00,45.630375150072524,45.73276945995025,44.820534732460345,45.24872589111328,1116600,0.0,0.0
2023-08-01 00:00:00-04:00,45.34181176119361,45.40697113392439,44.48542940477804,45.2673454284668,2046500,0.0,0.0
2023-08-02 00:00:00-04:00,45.23941154259564,46.440211627783754,45.23941154259564,45.80723190307617,1569900,0.0,0.0
2023-08-03 00:00:00-04:00,45.84447248542632,46.98011334623264,45.760695642400954,46.905643463134766,1690000,0.0,0.0
2023-08-04 00:00:00-04:00,46.98942848974989,47.61310144109415,46.71017348133727,46.840492248535156,1133600,0.0,0.0
2023-08-07 00:00:00-04:00,47.20351706603247,47.59447686016724,46.7660189201849,46.914955139160156,815300,0.0,0.0
2023-08-08 00:00:00-04:00,46.3564361368917,46.54260727618025,46.05856373439768,46.27265930175781,819200,0.0,0.0
2023-08-09 00:00:00-04:00,46.3285068299309,46.34712429699105,45.41627224949616,45.565208435058594,865800,0.0,0.0
2023-08-10 00:00:00-04:00,45.704840301872416,46.22611879740201,45.15563737742991,45.23941421508789,916500,0.0,0.0
2023-08-11 00:00:00-04:00,45.24872613626977,45.95617224783713,45.24872613626977,45.8444709777832,751000,0.0,0.0
2023-08-14 00:00:00-04:00,45.91894277161184,46.077185948204715,45.52798298375499,46.002716064453125,916100,0.0,0.0
2023-08-15 00:00:00-04:00,45.6024451157219,45.71414637144212,45.360421585589386,45.546592712402344,637900,0.0,0.0
2023-08-16 00:00:00-04:00,45.45351203081311,46.0585637956567,45.41627709272205,45.43489456176758,675400,0.0,0.0
2023-08-17 00:00:00-04:00,45.68622297910638,46.05856169023931,45.55590070174493,45.69552993774414,1042300,0.0,0.0
2023-08-18 00:00:00-04:00,45.44420326829383,45.807235051343454,45.27664959136027,45.41627883911133,1009600,0.0,0.0
2023-08-21 00:00:00-04:00,45.714155886815476,45.853781597799035,45.15564239012236,45.6676139831543,781800,0.0,0.0
2023-08-22 00:00:00-04:00,45.565214104921424,45.79792714575257,45.01601118652316,45.02531814575195,648700,0.0,0.0
2023-08-23 00:00:00-04:00,45.13702742290227,45.13702742290227,44.62505584174028,45.09979248046875,646800,0.0,0.0
2023-08-24 00:00:00-04:00,44.86707590936672,45.72345821287667,44.86707590936672,45.41627883911133,769100,0.0,0.0
2023-08-25 00:00:00-04:00,45.51867332002856,45.99340637252851,45.15563798468237,45.5931396484375,748800,0.0,0.0
2023-08-28 00:00:00-04:00,45.5931418786974,46.067878505339124,45.5931418786974,45.78861999511719,426100,0.0,0.0
2023-08-29 00:00:00-04:00,45.993407357223084,46.18888546826584,45.59314062456257,46.021331787109375,832800,0.0,0.0
2023-08-30 00:00:00-04:00,46.15165423064693,46.40298120228959,45.79792939693896,45.88170623779297,747100,0.0,0.0
2023-08-31 00:00:00-04:00,45.863089878088225,46.23542864018504,45.75138860455113,45.78861999511719,963500,0.0,0.0
2023-09-01 00:00:00-04:00,46.077184517478955,46.25404515951809,45.74207715284109,46.05856704711914,904100,0.0,0.0
2023-09-05 00:00:00-04:00,45.965478295481105,45.965478295481105,45.32318806546394,45.49074172973633,1037800,0.0,0.0
2023-09-06 00:00:00-04:00,45.42558445409035,45.50936129007762,44.87638154060026,45.230106353759766,868000,0.0,0.0
2023-09-07 00:00:00-04:00,45.17425720526077,45.351121400060116,44.33649233586601,44.597129821777344,1919600,0.0,0.0
2023-09-08 00:00:00-04:00,44.392341676428615,45.1277157921062,44.289950913656334,44.81122589111328,934700,0.0,0.0
2023-09-11 00:00:00-04:00,45.01600976311912,45.78861518777078,45.006699253265516,45.08116912841797,1169300,0.0,0.0
2023-09-12 00:00:00-04:00,45.202188918821626,45.676922028917986,44.820539618259545,45.155643463134766,1179200,0.0,0.0
2023-09-13 00:00:00-04:00,45.20218247502246,45.2580313324136,44.513350309538275,44.88569259643555,1058000,0.0,0.0
2023-09-14 00:00:00-04:00,45.61176003287946,45.844473094271706,45.332505069392674,45.58383560180664,1113900,0.0,0.0
2023-09-15 00:00:00-04:00,45.05324333930893,45.37904015595847,44.88568967619803,45.174251556396484,3735900,0.0,0.0
2023-09-18 00:00:00-04:00,45.07186714682981,45.19287894139022,44.82054014793323,45.090484619140625,926900,0.0,0.0
2023-09-19 00:00:00-04:00,45.304580131794616,45.918946064037264,45.23011379362323,45.75139236450195,971700,0.0,0.0
2023-09-20 00:00:00-04:00,45.76999658348738,46.09579695281801,45.69553026110143,45.732765197753906,727900,0.0,0.0
2023-09-21 00:00:00-04:00,45.95616935285032,46.756702764799535,45.86308555882237,46.51468276977539,1317000,0.0,0.0
2023-09-22 00:00:00-04:00,46.523996194721406,46.61708355260577,46.20750627975379,46.50537872314453,867500,0.0,0.0
2023-09-25 00:00:00-04:00,46.505374817212385,46.87771711563802,46.14234302925301,46.747398376464844,910000,0.0,0.0
2023-09-26 00:00:00-04:00,46.607769671156994,46.79394082254411,45.74207683548839,46.021331787109375,975100,0.0,0.0
2023-09-27 00:00:00-04:00,46.077185045244036,46.13303745696321,45.36973891806504,45.993408203125,649900,0.0,0.0
2023-09-28 00:00:00-04:00,45.9561736434954,46.57053597382882,45.9561736434954,46.449527740478516,654700,0.0,0.0
2023-09-29 00:00:00-04:00,46.44021726743594,46.48675916883311,45.69553619232285,45.78861999511719,801900,0.0,0.0
2023-10-02 00:00:00-04:00,45.74207183277088,45.779306769159874,45.30457020749775,45.69552993774414,622300,0.0,0.0
2023-10-03 00:00:00-04:00,45.4721193633653,45.555896186477504,44.33648232341159,44.78329086303711,916400,0.0,0.0
2023-10-04 00:00:00-04:00,44.73675484976482,44.86707358041096,44.103775114410084,44.80191421508789,929500,0.0,0.0
2023-10-05 00:00:00-04:00,44.57850467342162,45.21148435954705,44.46680342025796,45.11840057373047,828600,0.0,0.0
2023-10-06 00:00:00-04:00,45.14633381194689,46.31920607640938,44.9043137910297,46.1423454284668,851000,0.0,0.0
2023-10-09 00:00:00-04:00,45.97479253083286,46.50537803470055,45.69553756315295,46.3936767578125,714800,0.0,0.0
2023-10-10 00:00:00-04:00,46.54260996239657,46.81255795239911,46.272661972394026,46.64500427246094,1277100,0.0,0.0
2023-10-11 00:00:00-04:00,46.65431160738518,47.03596087011045,46.142343603863885,46.7194709777832,657800,0.0,0.0
2023-10-12 00:00:00-04:00,47.063888472306374,47.063888472306374,46.20750260252022,46.64500427246094,605000,0.0,0.0
2023-10-13 00:00:00-04:00,46.840487871917446,47.22213717630268,46.30059537955481,46.48676300048828,646900,0.0,0.0
2023-10-16 00:00:00-04:00,46.84979608038456,47.538624766183084,46.76601923471505,47.2686767578125,1108200,0.0,0.0
2023-10-17 00:00:00-04:00,47.28729318024635,48.543945837413816,47.28729318024635,48.09713363647461,1763600,0.0,0.0
2023-10-18 00:00:00-04:00,47.93888741545572,47.97612235498932,47.42691942508616,47.65032196044922,709900,0.0,0.0
2023-10-19 00:00:00-04:00,47.47346126989339,47.7806441943163,46.86840593137998,46.95218276977539,1422500,0.0,0.0
2023-10-20 00:00:00-04:00,46.56122254789422,46.74739367839702,45.33249805786228,45.55590057373047,1190800,0.0,0.0
2023-10-23 00:00:00-04:00,45.5745182459482,45.71414748218028,45.05324333930893,45.174251556396484,917000,0.0,0.0
2023-10-24 00:00:00-04:00,45.295271722412146,45.574526695732835,44.82053862285894,45.00670623779297,664100,0.0,0.0
2023-10-25 00:00:00-04:00,44.85777076178207,45.30457943671454,44.76468695276603,44.83915328979492,924500,0.0,0.0
2023-10-26 00:00:00-04:00,44.92826076900692,45.763044138288826,44.92826076900692,45.51917266845703,826300,0.365,0.0
2023-10-27 00:00:00-04:00,45.42537303927866,45.678622501128864,44.609349380893185,45.1158447265625,878000,0.0,0.0
2023-10-30 00:00:00-04:00,45.31282884774197,45.941260052351794,45.275309605607454,45.74428939819336,902800,0.0,0.0
2023-10-31 00:00:00-04:00,45.84745132224417,45.97876505100424,45.49102578844485,45.8662109375,996800,0.0,0.0
2023-11-01 00:00:00-04:00,43.19303053041263,43.49317725825755,39.291119490397314,39.82575607299805,6340000,0.0,0.0
2023-11-02 00:00:00-04:00,40.238465425071986,40.7731020730136,39.159810530154466,40.050872802734375,2717600,0.0,0.0
2023-11-03 00:00:00-04:00,40.51985039099409,41.42029063616404,39.60065052679583,40.91379165649414,2957100,0.0,0.0
2023-11-06 00:00:00-05:00,41.11076373752807,41.22331786783556,40.52922631187154,40.97944641113281,1998700,0.0,0.0
2023-11-07 00:00:00-05:00,40.763717029246976,41.0263481095387,40.463570290083325,40.92317199707031,1522600,0.0,0.0
2023-11-08 00:00:00-05:00,40.91378824220364,41.25145420047172,40.501087392115515,40.57612228393555,1707200,0.0,0.0
2023-11-09 00:00:00-05:00,40.688682556152344,41.026348535727024,40.38853581387072,40.688682556152344,2048900,0.0,0.0
2023-11-10 00:00:00-05:00,40.6792988401113,41.22331701844562,40.6042639474628,40.754337310791016,1597200,0.0,0.0
2023-11-13 00:00:00-05:00,40.7261965102826,40.9513083465845,40.40729374073772,40.51984786987305,1109400,0.0,0.0
2023-11-14 00:00:00-05:00,40.57612485181609,40.707442182366194,39.553748892594434,39.68506622314453,4393900,0.0,0.0
2023-11-15 00:00:00-05:00,39.76948229449213,40.069629033632864,39.45057593690118,39.9195556640625,3689900,0.0,0.0
2023-11-16 00:00:00-05:00,39.957069392700454,40.088386715508335,39.26298143372901,39.46933364868164,1680600,0.0,0.0
2023-11-17 00:00:00-05:00,39.67568607767846,40.01335206968083,39.638166839004526,39.95707321166992,2216000,0.0,0.0
2023-11-20 00:00:00-05:00,39.72258188241316,40.06962946039132,39.516233233325806,39.68506622314453,1378200,0.0,0.0
2023-11-21 00:00:00-05:00,39.67568607767846,40.032111689017796,39.619410797699096,39.95707321166992,1555400,0.0,0.0
2023-11-22 00:00:00-05:00,39.99458589620431,40.210316116179214,39.872650179512085,40.079002380371094,879400,0.0,0.0
2023-11-24 00:00:00-05:00,40.27598040312826,40.735582141148655,40.266602382284894,40.4917106628418,457000,0.0,0.0
2023-11-27 00:00:00-05:00,40.33225483204583,40.60426392103596,40.06962734090017,40.44480895996094,1452600,0.0,0.0
2023-11-28 00:00:00-05:00,40.36977250516787,40.36977250516787,39.54436725032504,39.55374526977539,986800,0.0,0.0
2023-11-29 00:00:00-05:00,39.66630723402676,39.82575862803538,39.36616048692579,39.731964111328125,1920200,0.0,0.0
2023-11-30 00:00:00-05:00,40.003971941118685,40.39791319234267,39.891414231027824,40.33225631713867,1474800,0.0,0.0
2023-12-01 00:00:00-05:00,40.03210623281335,40.51984553500314,39.89141089597802,40.407291412353516,1199700,0.0,0.0
2023-12-04 00:00:00-05:00,40.313500693681334,40.801240084980535,40.23846579088314,40.6136474609375,887200,0.0,0.0
2023-12-05 00:00:00-05:00,40.44480464462098,40.594877991839155,39.82575164009217,39.88203048706055,1255200,0.0,0.0
2023-12-06 00:00:00-05:00,40.003972149041445,40.238462012569165,39.47871356664806,39.71320343017578,1755100,0.0,0.0
2023-12-07 00:00:00-05:00,39.919561163490556,40.182188701911144,39.74134655267785,39.9852180480957,1096300,0.0,0.0
2023-12-08 00:00:00-05:00,40.032110434530296,40.30411953934507,39.98521317667326,40.17280578613281,856000,0.0,0.0
2023-12-11 00:00:00-05:00,40.641785490355204,42.16127882758091,40.369776385743954,41.97368621826172,2850400,0.0,0.0
2023-12-12 00:00:00-05:00,41.851747557076145,42.921020703936165,41.75795304799519,42.50831985473633,2086700,0.0,0.0
2023-12-13 00:00:00-05:00,42.4332862181966,42.58335958398379,41.645400153306014,41.90802764892578,1898300,0.0,0.0
2023-12-14 00:00:00-05:00,42.06747751371123,42.10499674830932,41.23269422307509,41.32649230957031,1644800,0.0,0.0
2023-12-15 00:00:00-05:00,40.96069486905186,41.176428730220515,40.576131568150515,40.848140716552734,3115400,0.0,0.0
2023-12-18 00:00:00-05:00,41.16703904664542,41.68291602050195,40.9419307858501,41.49532699584961,1277700,0.0,0.0
2023-12-19 00:00:00-05:00,41.36401341849415,41.99244815773961,41.279596918536754,41.98306655883789,1072200,0.0,0.0
2023-12-20 00:00:00-05:00,41.748577552119244,42.07686553794654,41.607885767934704,41.72043991088867,1140700,0.0,0.0
2023-12-21 00:00:00-05:00,41.81423588396934,42.07686339684188,41.57036441227498,41.99244689941406,1086800,0.0,0.0
2023-12-22 00:00:00-05:00,42.11437795949999,42.4239026970159,41.84236887820674,42.151893615722656,510300,0.0,0.0
2023-12-26 00:00:00-05:00,42.14251623988216,42.49894181467509,41.936164026365546,42.30196762084961,593100,0.0,0.0
2023-12-27 00:00:00-05:00,42.311353466935124,42.41452958405306,42.029966333542646,42.377010345458984,715700,0.0,0.0
2023-12-28 00:00:00-05:00,42.29259384746429,42.65839747867616,42.20817734964374,42.480186462402344,558700,0.0,0.0
2023-12-29 00:00:00-05:00,42.55522349248863,42.64902159367031,42.30197398634565,42.41453170776367,697300,0.0,0.0
2024-01-02 00:00:00-05:00,42.470808837115754,42.88351334419656,42.35825468883547,42.86475372314453,900800,0.0,0.0
2024-01-03 00:00:00-05:00,43.39939011409249,43.6807772719553,42.82723419888675,43.38063049316406,1745400,0.0,0.0
2024-01-04 00:00:00-05:00,43.5213165022403,43.92463932039102,43.268067041213264,43.314964294433594,1363800,0.0,0.0
2024-01-05 00:00:00-05:00,43.399382249518574,43.53069599418988,42.714672310853075,42.99605941772461,2515000,0.0,0.0
2024-01-08 00:00:00-05:00,42.88351334419656,43.183660124965215,42.44267119455365,42.86475372314453,1557300,0.0,0.0
2024-01-09 00:00:00-05:00,42.733431685774256,42.733431685774256,42.048721750996016,42.50831985473633,1254800,0.0,0.0
2024-01-10 00:00:00-05:00,42.41452958405306,42.602118620960354,42.095623212066506,42.377010345458984,948400,0.0,0.0
2024-01-11 00:00:00-05:00,42.21755556542522,42.66777927457031,42.05810416771131,42.45204544067383,1090100,0.0,0.0
2024-01-12 00:00:00-05:00,42.72405605509437,42.81785415530679,42.452046931525864,42.54584503173828,788000,0.0,0.0
2024-01-16 00:00:00-05:00,42.433292388916016,42.72405756476966,42.23631816052559,42.433292388916016,843500,0.0,0.0
2024-01-17 00:00:00-05:00,42.04871465208438,42.930395053900845,42.04871465208438,42.583351135253906,1224600,0.0,0.0
2024-01-18 00:00:00-05:00,42.536453536522416,43.07109006023824,42.42389942048509,43.024192810058594,1641500,0.0,0.0
2024-01-19 00:00:00-05:00,43.1648985453985,43.333731549174416,42.874129799332934,43.211795806884766,1030500,0.0,0.0
2024-01-22 00:00:00-05:00,43.296208896085034,43.83084550655716,43.296208896085034,43.774566650390625,1499700,0.0,0.0
2024-01-23 00:00:00-05:00,43.821468549324656,44.102855680920975,43.577597078051404,43.79332733154297,990800,0.0,0.0
2024-01-24 00:00:00-05:00,44.07471973025953,44.38424451346804,43.89650513026127,44.168514251708984,1352800,0.0,0.0
2024-01-25 00:00:00-05:00,44.229948296535085,44.69313657941343,44.144872382498896,44.683685302734375,1526300,0.365,0.0
2024-01-26 00:00:00-05:00,44.84438985049367,44.91055961640815,44.51354102092124,44.81603240966797,998600,0.0,0.0
2024-01-29 00:00:00-05:00,44.816032573993425,44.957826990605405,44.22995595689541,44.41901397705078,1996500,0.0,0.0
2024-01-30 00:00:00-05:00,44.47573025700793,45.32648957145987,44.456824093799895,45.22250747680664,1807000,0.0,0.0
2024-01-31 00:00:00-05:00,47.245417714208955,47.245417714208955,45.47773301090359,45.69514846801758,4479600,0.0,0.0
2024-02-01 00:00:00-05:00,45.46827996966252,45.543904621801275,43.85184089300639,44.51354217529297,2502700,0.0,0.0
2024-02-02 00:00:00-05:00,44.84438987769595,45.17524231345087,44.655335464100915,44.74986267089844,1362900,0.0,0.0
2024-02-05 00:00:00-05:00,44.674241241737036,45.23196045641089,44.43791960172239,44.9011116027832,1054300,0.0,0.0
2024-02-06 00:00:00-05:00,44.90111643101634,45.298135098061124,44.81604048722354,44.929473876953125,1575100,0.0,0.0
2024-02-07 00:00:00-05:00,45.02398895887914,45.250855658988186,44.40010012460747,44.683685302734375,1346100,0.0,0.0
2024-02-08 00:00:00-05:00,44.72150677029057,44.83494014355067,44.0881629237927,44.759315490722656,1123600,0.0,0.0
2024-02-09 00:00:00-05:00,44.63642813243172,45.156334968164316,44.428463955746,45.11852264404297,870500,0.0,0.0
2024-02-12 00:00:00-05:00,45.24141410139326,46.06381237642912,45.17524433248129,45.79913330078125,1098600,0.0,0.0
2024-02-13 00:00:00-05:00,45.97873871883323,46.17724803539003,45.04290702307565,45.392662048339844,1212800,0.0,0.0
2024-02-14 00:00:00-05:00,45.61007732952284,46.016550846015804,45.4777377857311,45.78968048095703,1220000,0.0,0.0
2024-02-15 00:00:00-05:00,45.79912837357604,46.48918703654942,45.79912837357604,46.03544998168945,1208700,0.0,0.0
2024-02-16 00:00:00-05:00,46.12998202459815,46.47028575295866,45.64788748007538,46.063812255859375,1402600,0.0,0.0
2024-02-20 00:00:00-05:00,45.96927902997477,46.84839567787913,45.8747482255874,46.53644943237305,1405500,0.0,0.0
2024-02-21 00:00:00-05:00,46.564811819918376,46.6877000756926,46.063811124350806,46.300132751464844,934600,0.0,0.0
2024-02-22 00:00:00-05:00,46.39466360430149,46.9807402303545,46.2056055812574,46.6971549987793,1011600,0.0,0.0
2024-02-23 00:00:00-05:00,46.70660897933443,47.311591803289815,46.60262688034547,46.8673095703125,715100,0.0,0.0
2024-02-26 00:00:00-05:00,46.65934047772067,47.188698590160364,46.498639903600264,46.508094787597656,877200,0.0,0.0
2024-02-27 00:00:00-05:00,46.62152815369449,47.00909546000857,46.38520653750343,46.508094787597656,2110400,0.0,0.0
2024-02-28 00:00:00-05:00,46.50809801885128,47.13198698470249,46.50809801885128,46.65934371948242,2583000,0.0,0.0
2024-02-29 00:00:00-05:00,46.734960399432396,46.9996430552888,46.47973262734671,46.744415283203125,4930200,0.0,0.0
2024-03-01 00:00:00-05:00,46.83894844111385,46.952381818915704,46.33794771700541,46.60262680053711,2080700,0.0,0.0
2024-03-04 00:00:00-05:00,46.90511497041672,47.34940077791097,46.71605694982458,46.91456985473633,2302200,0.0,0.0
2024-03-05 00:00:00-05:00,46.82949531904866,47.95438498576799,46.82949531904866,47.71806335449219,1531500,0.0,0.0
2024-03-06 00:00:00-05:00,47.840948261624234,47.935475465121044,47.07526493176602,47.83149337768555,1908500,0.0,0.0
2024-03-07 00:00:00-05:00,47.84095144018176,48.67280458895248,47.84095144018176,48.57827377319336,1164100,0.0,0.0
2024-03-08 00:00:00-05:00,48.54991107840958,48.946929643695185,47.57626722032023,47.64243698120117,1099900,0.0,0.0
2024-03-11 00:00:00-04:00,47.56681544156059,47.71806113430078,47.16979685036076,47.59517288208008,996700,0.0,0.0
2024-03-12 00:00:00-04:00,47.67080182692073,48.16235127411389,47.44393146437693,48.10563278198242,1040800,0.0,0.0
2024-03-13 00:00:00-04:00,48.266335966135095,48.65390333489761,48.02055942634485,48.47429656982422,1144900,0.0,0.0
2024-03-14 00:00:00-04:00,48.44593106232927,48.84294964455423,48.04891248010431,48.82404708862305,1298900,0.0,0.0
2024-03-15 00:00:00-04:00,48.62553677839581,49.31559549800849,48.62553677839581,49.258880615234375,4578300,0.0,0.0
2024-03-18 00:00:00-04:00,49.202156107615224,49.561365947164155,49.0320042681437,49.06981658935547,1142600,0.0,0.0
2024-03-19 00:00:00-04:00,49.15489636035667,49.7409729611322,49.05091427186808,49.53301239013672,1060700,0.0,0.0
2024-03-20 00:00:00-04:00,49.343955383675564,50.13799617765588,49.343955383675564,50.09073257446289,1126500,0.0,0.0
2024-03-21 00:00:00-04:00,50.13799607589532,50.30814793183018,49.759880039155256,49.8260498046875,1204400,0.0,0.0
2024-03-22 00:00:00-04:00,49.911130342739675,49.977300114383745,49.17380796957307,49.27779006958008,874800,0.0,0.0
2024-03-25 00:00:00-04:00,49.296691727680795,50.402675186335664,49.296691727680795,50.22307205200195,930300,0.0,0.0
2024-03-26 00:00:00-04:00,50.20416536713725,50.64845116521229,49.99620118829672,50.24197769165039,889500,0.0,0.0
2024-03-27 00:00:00-04:00,50.38377054813808,50.87531996884942,50.37431926961639,50.76188659667969,950900,0.0,0.0
2024-03-28 00:00:00-04:00,50.818598706671786,51.01711160461358,50.52556221072543,50.72407150268555,1238700,0.0,0.0
2024-04-01 00:00:00-04:00,51.045465144876005,51.10218362652362,50.59172810963932,50.922576904296875,1165200,0.0,0.0
2024-04-02 00:00:00-04:00,51.007656048721024,51.574830083112346,50.988749886976485,51.13999557495117,1133800,0.0,0.0
2024-04-03 00:00:00-04:00,51.05492235836664,51.58428409734956,51.045471079983834,51.310150146484375,1133300,0.0,0.0
2024-04-04 00:00:00-04:00,51.41413417818585,51.58428604334993,50.393226593183314,50.45939636230469,873700,0.0,0.0
2024-04-05 00:00:00-04:00,50.79969612543802,50.98875053331663,50.572825787609325,50.79024124145508,748300,0.0,0.0
2024-04-08 00:00:00-04:00,50.638996754074846,50.86586709729097,50.355411529541016,50.355411529541016,1314400,0.0,0.0
2024-04-09 00:00:00-04:00,50.10017898709926,50.241973388889285,48.57826731260959,48.805137634277344,1343300,0.0,0.0
2024-04-10 00:00:00-04:00,48.84295349321431,48.98474791574282,48.15289475593829,48.2946891784668,1287700,0.0,0.0
2024-04-11 00:00:00-04:00,48.001645354449806,48.0772700022306,47.15088970280589,47.50064468383789,1957600,0.0,0.0
2024-04-12 00:00:00-04:00,47.50064518059255,48.10562794523904,47.21705996041222,47.547908782958984,1465400,0.0,0.0
2024-04-15 00:00:00-04:00,48.143440400749014,48.266328652022075,47.16034160252798,47.21706008911133,974300,0.0,0.0
2024-04-16 00:00:00-04:00,47.48174227454083,47.7653275141682,46.97128667962238,47.63298797607422,1152800,0.0,0.0
2024-04-17 00:00:00-04:00,47.9260210101231,47.9260210101231,47.27377108889539,47.415565490722656,784600,0.0,0.0
2024-04-18 00:00:00-04:00,47.78423422584623,48.32304726911473,47.69915829238372,48.011104583740234,1099400,0.0,0.0
2024-04-19 00:00:00-04:00,48.08671956286249,48.663344860661844,47.8882102784999,48.54991149902344,1270300,0.0,0.0
2024-04-22 00:00:00-04:00,48.861857295288125,49.2683307738456,48.67280288236242,48.96583938598633,898800,0.0,0.0
2024-04-23 00:00:00-04:00,49.08872609343562,49.35340514798265,48.92802552033088,48.95638656616211,819200,0.0,0.0
2024-04-24 00:00:00-04:00,48.85240339061934,49.211613246633455,48.67280026560307,49.12653732299805,919800,0.0,0.0
2024-04-25 00:00:00-04:00,49.2074519202879,49.31216946505254,48.655309818101365,48.89330291748047,661800,0.365,0.0
2024-04-26 00:00:00-04:00,48.61723389761727,48.6648317949621,48.11268964908579,48.31260299682617,1016700,0.0,0.0
2024-04-29 00:00:00-04:00,48.37923474487043,48.78858314765257,48.37923474487043,48.56010818481445,1355500,0.0,0.0
2024-04-30 00:00:00-04:00,48.02701009547959,48.43635853324824,48.01748833749242,48.2650032043457,1462700,0.0,0.0
2024-05-01 00:00:00-04:00,48.45539631495403,49.58824215666031,47.92229046689353,49.378807067871094,2805100,0.0,0.0
2024-05-02 00:00:00-04:00,49.78815845750355,49.78815845750355,48.788588110321136,49.207454681396484,1460800,0.0,0.0
2024-05-03 00:00:00-04:00,49.083703523576894,49.38833443377938,48.188847047306055,49.14081954956055,983600,0.0,0.0
2024-05-06 00:00:00-04:00,49.435930376286024,49.83575706829701,49.007542040926566,49.67392349243164,892800,0.0,0.0
2024-05-07 00:00:00-04:00,49.85479752180643,50.1784683087144,49.740561841570326,49.94999694824219,961400,0.0,0.0
2024-05-08 00:00:00-04:00,50.09278652414208,50.283181729880496,49.959510969571134,50.054710388183594,848400,0.0,0.0
2024-05-09 00:00:00-04:00,49.949993098846875,50.406939416063544,49.9404713411937,50.140384674072266,648500,0.0,0.0
2024-05-10 00:00:00-04:00,50.226065696451975,50.63541414725431,50.226065696451975,50.540218353271484,721600,0.0,0.0
2024-05-13 00:00:00-04:00,50.55925736827546,50.797250480623596,50.26414460162856,50.36886215209961,752100,0.0,0.0
2024-05-14 00:00:00-04:00,50.35933902686639,50.50213270120975,50.24509972960808,50.39741516113281,636000,0.0,0.0
2024-05-15 00:00:00-04:00,50.207029492900865,50.40694283935617,49.68344173101301,49.95951461791992,757900,0.0,0.0
2024-05-16 00:00:00-04:00,50.31174398355775,50.5878168735911,50.111830634838476,50.23558807373047,778900,0.0,0.0
2024-05-17 00:00:00-04:00,50.47358057118615,50.70205192933964,50.34030500701549,50.540218353271484,863200,0.0,0.0
2024-05-20 00:00:00-04:00,50.55926097448671,50.63541688749696,49.71200601513356,49.892879486083984,721400,0.0,0.0
2024-05-21 00:00:00-04:00,50.007110010713376,50.28318288379516,49.88335621090699,50.21654510498047,510900,0.0,0.0
2024-05-22 00:00:00-04:00,50.18798443853452,50.67348874870392,50.035669004806245,50.37837600708008,649700,0.0,0.0
2024-05-23 00:00:00-04:00,50.283182315161156,50.29270407287648,49.6739205548958,49.84527587890625,844000,0.0,0.0
2024-05-24 00:00:00-04:00,50.09278678026592,50.14990643172545,49.911913331207195,50.140384674072266,478900,0.0,0.0
2024-05-28 00:00:00-04:00,49.87383681478761,50.168949586003464,49.60728568690668,49.76911926269531,974700,0.0,0.0
2024-05-29 00:00:00-04:00,49.61680324539436,49.94047402475113,49.43592978661637,49.883358001708984,1144600,0.0,0.0
2024-05-30 00:00:00-04:00,49.85479236741479,50.53069551502451,49.84527424149867,50.464054107666016,742800,0.0,0.0
2024-05-31 00:00:00-04:00,50.47357833988487,51.28275344742773,50.36886079224098,51.27323532104492,1603800,0.0,0.0
2024-06-03 00:00:00-04:00,51.38747245981216,51.58738580292882,51.09235969272086,51.23515701293945,1055000,0.0,0.0
2024-06-04 00:00:00-04:00,50.92100795658259,51.13043942620548,49.721520635756214,49.78815841674805,1128400,0.0,0.0
2024-06-05 00:00:00-04:00,49.69296547340032,49.88336070064446,48.85522865241827,49.331214904785156,864600,0.0,0.0
2024-06-06 00:00:00-04:00,49.37880812708844,49.62632298850991,48.92186180387176,49.064659118652344,962300,0.0,0.0
2024-06-07 00:00:00-04:00,49.18841596005969,49.60728617252934,49.06466215318165,49.27409362792969,707300,0.0,0.0
2024-06-10 00:00:00-04:00,49.055141502246016,49.16938081630951,48.6172350261299,48.864749908447266,788300,0.0,0.0
2024-06-11 00:00:00-04:00,48.369719877863325,48.379238004191585,47.30350815476962,47.60813903808594,1156700,0.0,0.0
2024-06-12 00:00:00-04:00,47.59862093075709,48.017487487612584,47.2368703948671,47.512943267822266,1383100,0.0,0.0
2024-06-13 00:00:00-04:00,47.351112365722656,47.389188504681215,46.741846933057516,47.351112365722656,599500,0.0,0.0
2024-06-14 00:00:00-04:00,47.075044969468344,47.26544021242168,46.08499261130074,46.15163040161133,1060000,0.0,0.0
2024-06-17 00:00:00-04:00,46.25634332104423,46.86560513211381,46.056429970190806,46.84656524658203,858000,0.0,0.0
2024-06-18 00:00:00-04:00,46.85608759168453,47.10359884372258,46.68473225124015,47.027442932128906,943500,0.0,0.0
2024-06-20 00:00:00-04:00,47.0845540724735,47.998446705693716,46.798963078528004,47.92229080200195,906000,0.0,0.0
2024-06-21 00:00:00-04:00,47.88421840702434,48.4268424685132,47.76046095904829,48.40780258178711,2584300,0.0,0.0
2024-06-24 00:00:00-04:00,48.55059933480423,48.874270142295735,48.207888640814744,48.52204132080078,1280800,0.0,0.0
2024-06-25 00:00:00-04:00,48.502999384622846,48.588677054499584,48.05557114954581,48.379241943359375,807900,0.0,0.0
2024-06-26 00:00:00-04:00,48.331643507500026,48.331643507500026,47.4082290348162,48.007972717285156,1393100,0.0,0.0
2024-06-27 00:00:00-04:00,47.874690414922924,48.35067659053802,47.81757076651404,48.27451705932617,1069100,0.0,0.0
2024-06-28 00:00:00-04:00,48.265003032580715,48.769547259505586,48.084125946334716,48.655311584472656,1635100,0.0,0.0
2024-07-01 00:00:00-04:00,49.14081252100777,49.19793217030856,48.588670437045586,48.74098587036133,829500,0.0,0.0
2024-07-02 00:00:00-04:00,48.59818915582791,49.24553066319002,48.58867102990483,49.017059326171875,1381600,0.0,0.0
2024-07-03 00:00:00-04:00,49.0075354770377,49.05513336759438,48.02700513192215,48.198360443115234,746500,0.0,0.0
2024-07-05 00:00:00-04:00,48.007977104880005,48.18885058625627,47.24639977344417,47.417755126953125,2333400,0.0,0.0
2024-07-08 00:00:00-04:00,47.76045199756283,48.36019560669766,47.63669820429427,47.76997375488281,1197900,0.0,0.0
2024-07-09 00:00:00-04:00,47.65573650149923,48.636266846614774,47.6271748619762,48.198360443115234,1021600,0.0,0.0
2024-07-10 00:00:00-04:00,48.56011494025007,48.93138726044731,48.26500579357607,48.77907180786133,1159000,0.0,0.0
2024-07-11 00:00:00-04:00,49.26457008806247,49.26457008806247,48.78858390363675,49.02657699584961,1311600,0.0,0.0
2024-07-12 00:00:00-04:00,49.216975395002024,49.69296161036667,49.074178077797974,49.42640686035156,809000,0.0,0.0
2024-07-15 00:00:00-04:00,49.69296114386078,50.616371923588524,49.683439386010356,50.40694046020508,1174100,0.0,0.0
2024-07-16 00:00:00-04:00,50.483097497317466,51.454109825092495,50.34982193631659,51.054283142089844,1274900,0.0,0.0
2024-07-17 00:00:00-04:00,51.235153638636966,51.78729936686587,51.20659562906874,51.320831298828125,1447400,0.0,0.0
2024-07-18 00:00:00-04:00,51.29227891736255,52.034816299504016,50.94956823899361,50.987648010253906,1342900,0.0,0.0
2024-07-19 00:00:00-04:00,50.987652099898405,51.24468512929135,50.416466379640575,50.97813034057617,1006700,0.0,0.0
2024-07-22 00:00:00-04:00,50.96860182234679,51.530265668782306,50.86388428007275,51.24467468261719,1383000,0.0,0.0
2024-07-23 00:00:00-04:00,51.19707241717592,51.406507498690665,50.96860108414743,51.358909606933594,798400,0.0,0.0
2024-07-24 00:00:00-04:00,51.44458978561118,51.72066265541139,50.95908182403334,51.006683349609375,1000900,0.0,0.0
2024-07-25 00:00:00-04:00,51.225640264469355,51.73970264181596,50.80677005068504,50.81629180908203,1084300,0.0,0.0
2024-07-26 00:00:00-04:00,50.912242855670854,51.4687637584287,50.902645585115614,51.084957122802734,1059900,0.42,0.0
2024-07-29 00:00:00-04:00,51.30565087545666,51.555125025601654,51.10414844078915,51.3536262512207,1062900,0.0,0.0
2024-07-30 00:00:00-04:00,51.5263343440668,52.226784994902616,51.468761703892284,52.082855224609375,1472900,0.0,0.0
2024-07-31 00:00:00-04:00,53.33983014206695,55.815395092267224,52.888853613733524,55.20130157470703,3091500,0.0,0.0
2024-08-01 00:00:00-04:00,55.43158576155295,55.78660787271683,53.96351828920332,54.270565032958984,1314200,0.0,0.0
2024-08-02 00:00:00-04:00,53.44537775082113,53.5125440000326,51.51673642264594,51.718238830566406,2014500,0.0,0.0
2024-08-05 00:00:00-04:00,50.422885486166386,50.9410282972296,49.70324391311848,50.67236328125,1665700,0.0,0.0
2024-08-06 00:00:00-04:00,50.739526578513036,51.02738245890078,50.23097740753237,50.691551208496094,907500,0.0,0.0
2024-08-07 00:00:00-04:00,51.17131222923771,51.28645384933559,50.57640592811211,50.691551208496094,787100,0.0,0.0
2024-08-08 00:00:00-04:00,51.07535727898895,51.305644176991315,50.710737882271076,50.94102478027344,684400,0.0,0.0
2024-08-09 00:00:00-04:00,50.88345206644604,51.65107261847632,50.51883633054632,51.45916748046875,781300,0.0,0.0
2024-08-12 00:00:00-04:00,51.67026546110378,52.01569401505191,51.09455364471454,51.23848342895508,667600,0.0,0.0
2024-08-13 00:00:00-04:00,51.43037500923429,51.5838983746836,50.86425691283637,51.44956588745117,724800,0.0,0.0
2024-08-14 00:00:00-04:00,51.65107754096509,52.12124133059117,51.51674136935694,52.006099700927734,942600,0.0,0.0
2024-08-15 00:00:00-04:00,52.696950471708874,52.86007112740422,52.169214063821556,52.20759582519531,1023400,0.0,0.0
2024-08-16 00:00:00-04:00,52.236383474970886,53.1767147237751,52.207598982343,52.8025016784668,1084900,0.0,0.0
2024-08-19 00:00:00-04:00,52.629781231783625,52.97520974396582,52.169211102302704,52.313140869140625,1425500,0.0,0.0
2024-08-20 00:00:00-04:00,52.12123926783068,52.140430148729486,51.76621712191846,51.87176513671875,936400,0.0,0.0
2024-08-21 00:00:00-04:00,51.93892375949114,51.986899124547065,51.50713815341635,51.69904327392578,982100,0.0,0.0
2024-08-22 00:00:00-04:00,51.67985568078628,52.07325955570807,51.59349855408218,51.86216354370117,854400,0.0,0.0
2024-08-23 00:00:00-04:00,52.1212392333754,52.38990424520853,51.83338334065615,52.04447937011719,1108400,0.0,0.0
2024-08-26 00:00:00-04:00,52.27476411491102,53.099953715178074,52.22678874146706,52.428287506103516,847200,0.0,0.0
2024-08-27 00:00:00-04:00,52.62018758805785,52.77371096445209,52.303543565333854,52.57221221923828,718900,0.0,0.0
2024-08-28 00:00:00-04:00,52.43788293816105,53.24388162872985,52.40909478687507,52.99440383911133,809100,0.0,0.0
2024-08-29 00:00:00-04:00,53.02318709962624,53.339831134420095,52.610595983821945,53.05197525024414,647200,0.0,0.0
2024-08-30 00:00:00-04:00,53.042382609515236,53.33983578995444,52.78331119305912,53.2438850402832,1103900,0.0,0.0
2024-09-03 00:00:00-04:00,53.119138931101006,53.36861304257334,52.62018704787036,52.821685791015625,1336100,0.0,0.0
2024-09-04 00:00:00-04:00,52.773714723735,53.253475766678044,52.48585883002643,52.91764450073242,1040600,0.0,0.0
2024-09-05 00:00:00-04:00,53.32063504067702,53.32063504067702,52.428279324781364,53.0231819152832,1345700,0.0,0.0
2024-09-06 00:00:00-04:00,52.86966478721473,53.43578295700702,51.775810209039925,51.948524475097656,1507200,0.0,0.0
2024-09-09 00:00:00-04:00,51.814193649076486,52.3419300745561,51.401598851270194,52.15962219238281,1470500,0.0,0.0
2024-09-10 00:00:00-04:00,52.01569123580906,52.39950153308555,51.53593019435658,51.95812225341797,1199200,0.0,0.0
2024-09-11 00:00:00-04:00,51.862167647515484,51.958122051605045,50.57640791500547,51.17131423950195,1125500,0.0,0.0
2024-09-12 00:00:00-04:00,51.315241696657,52.34193005539362,51.248075442181616,52.24597930908203,1646500,0.0,0.0
2024-09-13 00:00:00-04:00,52.581807876775656,52.8984519118319,52.51464162575515,52.792903900146484,828000,0.0,0.0
2024-09-16 00:00:00-04:00,53.21509073394454,53.98270762341511,53.16711536465627,53.973114013671875,1034800,0.0,0.0
2024-09-17 00:00:00-04:00,54.06906732434446,54.44328400728123,53.91554393914715,54.11704635620117,700000,0.0,0.0
2024-09-18 00:00:00-04:00,54.16501496696856,54.6351786740749,53.9443253570615,53.96351623535156,1735200,0.0,0.0
2024-09-19 00:00:00-04:00,54.45287529540603,54.836685572175305,53.80040002106991,54.58720779418945,1156700,0.0,0.0
2024-09-20 00:00:00-04:00,54.414493823458805,55.23968336067674,54.21299507421798,55.028587341308594,3962000,0.0,0.0
2024-09-23 00:00:00-04:00,55.13413863713679,55.95932822353827,55.13413863713679,55.882568359375,1225500,0.0,0.0
2024-09-24 00:00:00-04:00,55.9593275151242,56.31434966049337,54.913448299599885,55.08616256713867,1103600,0.0,0.0
2024-09-25 00:00:00-04:00,55.37401042919886,55.489155697717045,54.89424945789694,55.16291809082031,1008500,0.0,0.0
2024-09-26 00:00:00-04:00,55.23968153700316,55.80579966638485,55.23968153700316,55.767417907714844,988000,0.0,0.0
2024-09-27 00:00:00-04:00,55.815396647693184,56.621395327023485,55.68106414451917,56.275970458984375,1113300,0.0,0.0
2024-09-30 00:00:00-04:00,56.41030559346418,57.033992767333984,55.738639385977464,57.033992767333984,1306700,0.0,0.0
2024-10-01 00:00:00-04:00,56.650181704056465,56.92844397208171,56.00730003862871,56.49665832519531,1016900,0.0,0.0
2024-10-02 00:00:00-04:00,56.79410893332508,57.408206121171354,56.4294931890151,57.12994384765625,1083200,0.0,0.0
2024-10-03 00:00:00-04:00,56.97642172591087,57.06277885890185,56.285564661982995,56.899658203125,863400,0.0,0.0
2024-10-04 00:00:00-04:00,57.571316401531256,59.20250443163179,57.55212552349646,59.05857467651367,1617100,0.0,0.0
2024-10-07 00:00:00-04:00,58.96263076041707,59.22170215339685,58.40610621395249,58.69396209716797,1441900,0.0,0.0
2024-10-08 00:00:00-04:00,58.809110131477475,58.95303624967918,57.945538781121996,57.97432327270508,979000,0.0,0.0
2024-10-09 00:00:00-04:00,58.367729394737054,59.32725146670483,58.0318944733766,59.154537200927734,987400,0.0,0.0
2024-10-10 00:00:00-04:00,59.39442068528623,59.69187019986873,58.80911160650769,59.13534927368164,960400,0.0,0.0
2024-10-11 00:00:00-04:00,59.40401474982033,60.68977454670748,59.26968223765526,60.19082260131836,1128700,0.0,0.0
2024-10-14 00:00:00-04:00,60.41151097501976,60.52665626325978,60.0372979389556,60.42110824584961,1271300,0.0,0.0
2024-10-15 00:00:00-04:00,60.44029647992998,61.2942705320643,60.30596031620056,60.708961486816406,649400,0.0,0.0
2024-10-16 00:00:00-04:00,60.689769673732,61.649291723909585,60.57462805259081,61.12155532836914,1153900,0.0,0.0
2024-10-17 00:00:00-04:00,61.553347151498585,61.908365660475766,61.150345946688944,61.61091613769531,824700,0.0,0.0
2024-10-18 00:00:00-04:00,61.47658167421179,61.47658167421179,60.87208171630161,61.044795989990234,674300,0.0,0.0
2024-10-21 00:00:00-04:00,61.02560271368313,61.275080503792914,60.641796078547976,60.814510345458984,858800,0.0,0.0
2024-10-22 00:00:00-04:00,60.74734201780504,61.33264739091485,60.14284210426493,60.76653289794922,551700,0.0,0.0
2024-10-23 00:00:00-04:00,60.593822773182964,61.01601118431582,60.32515409311081,60.86248779296875,735800,0.0,0.0
2024-10-24 00:00:00-04:00,60.948841123588856,60.987222884100575,60.4594828277798,60.776126861572266,1915500,0.0,0.0
2024-10-25 00:00:00-04:00,60.82442214367736,60.90169438479621,59.32723240068099,59.5687141418457,1326000,0.42,0.0
2024-10-28 00:00:00-04:00,59.8391791405636,60.22554773459811,59.58803605395799,59.742584228515625,1271300,0.0,0.0
2024-10-29 00:00:00-04:00,59.530086517333984,59.91645513555064,59.27894341500976,59.530086517333984,1561500,0.0,0.0
2024-10-30 00:00:00-04:00,61.17216456162804,62.69833113706553,60.621582728736705,62.196044921875,3448900,0.0,0.0
2024-10-31 00:00:00-04:00,61.973883096318694,62.64036774993374,61.77103561533062,61.99319839477539,1611500,0.0,0.0
2024-11-01 00:00:00-04:00,62.00286011309144,62.427863006720415,61.66478343249502,61.935245513916016,1615400,0.0,0.0
2024-11-04 00:00:00-05:00,62.06080844850647,62.756277053031724,61.82898803681072,61.896602630615234,1420600,0.0,0.0
2024-11-05 00:00:00-05:00,61.819335427663006,62.756285909348776,61.800016443175515,62.65969467163086,910300,0.0,0.0
2024-11-06 00:00:00-05:00,65.87621346794394,68.01091846153496,65.1904062341656,67.80806732177734,2404900,0.0,0.0
2024-11-07 00:00:00-05:00,67.19953260280626,67.431352990067,66.6682698721699,66.99668884277344,1484100,0.0,0.0
2024-11-08 00:00:00-05:00,67.40238365626445,67.50863621388902,66.65862312233054,67.05464935302734,1062700,0.0,0.0
2024-11-11 00:00:00-05:00,67.71148630582593,68.98650974670062,67.71148630582593,67.82740020751953,1244700,0.0,0.0
2024-11-12 00:00:00-05:00,67.72114235461379,68.89957447015767,67.42170734374018,68.87059783935547,1290900,0.0,0.0
2024-11-13 00:00:00-05:00,68.4842216572358,69.00582309021442,68.26205521803764,68.60012817382812,882800,0.0,0.0
2024-11-14 00:00:00-05:00,70.08766079850946,70.47403307259957,69.45981414373097,69.778564453125,1420500,0.0,0.0
2024-11-15 00:00:00-05:00,70.22288798701585,70.74448943675125,69.99106757694611,70.69619750976562,1523700,0.0,0.0
2024-11-18 00:00:00-05:00,70.77347165224066,71.11155201501107,70.06834903321115,70.10698699951172,1306400,0.0,0.0
2024-11-19 00:00:00-05:00,69.4018569737507,69.74959130083049,68.60013575468128,69.6240234375,1141600,0.0,0.0
2024-11-20 00:00:00-05:00,70.13596091985677,70.21323684946981,69.63367474681026,70.14562225341797,869700,0.0,0.0
2024-11-21 00:00:00-05:00,71.96156607811193,73.34284207076465,71.57519377964374,72.85987854003906,2064500,0.0,0.0
2024-11-22 00:00:00-05:00,73.06272268593408,73.70989205151757,72.86954022050095,73.25590515136719,1758100,0.0,0.0
2024-11-25 00:00:00-05:00,73.16897855210088,74.10592902752185,72.90818147506239,73.6133041381836,2165600,0.0,0.0
2024-11-26 00:00:00-05:00,73.41046032950055,73.67125740653903,72.58942376022947,73.6133041381836,1305100,0.0,0.0
2024-11-27 00:00:00-05:00,73.79682330193491,74.56956047009454,73.65193277995557,74.4439926147461,849600,0.0,0.0
2024-11-29 00:00:00-05:00,74.91729312167621,74.98490771451593,74.10591800759958,74.27978515625,459400,0.0,0.0
2024-12-02 00:00:00-05:00,74.38604290623556,74.54058739947294,73.62295966551018,73.74852752685547,1039700,0.0,0.0
2024-12-03 00:00:00-05:00,73.87410695676584,74.07695076097902,73.09170100401354,73.4490966796875,1229800,0.0,0.0
2024-12-04 00:00:00-05:00,73.42976301989493,73.71954405078941,72.21270037678877,73.09169006347656,1145300,0.0,0.0
2024-12-05 00:00:00-05:00,73.28487524561511,73.88374519646698,73.16896136669025,73.50703430175781,1265000,0.0,0.0
2024-12-06 00:00:00-05:00,73.19795131162356,73.5070476755559,72.25134692121017,72.40589141845703,1437800,0.0,0.0
2024-12-09 00:00:00-05:00,72.38657573300483,72.96613049110098,71.50757857716546,71.52690124511719,1301800,0.0,0.0
2024-12-10 00:00:00-05:00,71.86496721702457,71.8939438466819,69.77856144844203,70.35811614990234,1464600,0.0,0.0
2024-12-11 00:00:00-05:00,70.58994614271893,70.65756073718858,69.57571985623602,70.43539428710938,1320100,0.0,0.0
2024-12-12 00:00:00-05:00,71.27575260517052,72.20304161990293,70.97631760015095,71.09222412109375,847700,0.0,0.0
2024-12-13 00:00:00-05:00,71.09221803194106,71.53654351952001,70.81209834792529,71.31438446044922,851400,0.0,0.0
2024-12-16 00:00:00-05:00,70.92801597827398,71.51723200521063,70.67687290873432,71.07290649414062,1965900,0.0,0.0
2024-12-17 00:00:00-05:00,70.36778007286267,70.90870420098082,70.13595965763383,70.37744140625,1478000,0.0,0.0
2024-12-18 00:00:00-05:00,70.75415128966628,70.75415128966628,67.9722842400805,68.10751342773438,2920000,0.0,0.0
2024-12-19 00:00:00-05:00,69.54674794365988,69.89448227293327,68.27172452613699,68.54218292236328,1812800,0.0,0.0
2024-12-20 00:00:00-05:00,68.53251650050547,69.92345371433557,67.98193841493739,69.55640411376953,4008400,0.0,0.0
2024-12-23 00:00:00-05:00,69.01548612808028,70.34847019966004,69.01548612808028,70.3001708984375,856500,0.0,0.0
2024-12-24 00:00:00-05:00,70.55130604556514,70.86040237800005,70.17459512070505,70.84107971191406,287800,0.0,0.0
2024-12-26 00:00:00-05:00,70.69619952011014,71.33370750828986,70.51267103180714,71.25643157958984,433000,0.0,0.0
2024-12-27 00:00:00-05:00,70.82176536325383,71.50757262972871,70.32914054359739,70.69619750976562,557800,0.0,0.0
2024-12-30 00:00:00-05:00,69.91379739525372,70.8604091490983,69.73993023105527,70.56097412109375,989700,0.0,0.0
2024-12-31 00:00:00-05:00,70.78313061896989,71.04393504041704,70.50301089973769,70.5416488647461,1169000,0.0,0.0
2025-01-02 00:00:00-05:00,70.4643760286136,70.87007099429557,70.19391763111804,70.44506072998047,1261900,0.0,0.0
2025-01-03 00:00:00-05:00,70.67687515270818,71.17916130773497,70.41607811141819,70.60926055908203,1038500,0.0,0.0
2025-01-06 00:00:00-05:00,70.81211361545411,71.45929037571977,70.36778803207584,70.77347564697266,1075300,0.0,0.0
2025-01-07 00:00:00-05:00,70.43540739282594,71.23712871173878,70.27120154276605,70.87007904052734,1085300,0.0,0.0
2025-01-08 00:00:00-05:00,70.72518279844954,70.72518279844954,68.99617242082792,70.4643783569336,1197400,0.0,0.0
2025-01-10 00:00:00-05:00,69.81720991390144,70.03937639042515,68.88025944369794,69.35356903076172,1523200,0.0,0.0
2025-01-13 00:00:00-05:00,69.12173555593418,70.63824069051972,69.10242025798561,69.43083190917969,1320300,0.0,0.0
2025-01-14 00:00:00-05:00,69.64332679443974,70.55130042273217,69.5563969122946,70.49334716796875,1244400,0.0,0.0
2025-01-15 00:00:00-05:00,71.63314198904042,71.63314198904042,70.19390561113279,70.8314208984375,1471600,0.0,0.0
2025-01-16 00:00:00-05:00,70.78312954229378,71.99053829504699,70.78312954229378,71.76837921142578,930100,0.0,0.0
2025-01-17 00:00:00-05:00,71.9905450612967,72.92749552060542,71.90361516025843,72.42521667480469,911400,0.0,0.0
2025-01-21 00:00:00-05:00,72.62805282588339,73.29453743858737,72.48316230331709,72.87918853759766,876700,0.0,0.0
2025-01-22 00:00:00-05:00,72.73431861717974,73.20762086552962,72.44453751932664,72.77294921875,724200,0.0,0.0
2025-01-23 00:00:00-05:00,73.63261981800875,73.66159644943598,72.9081745545745,72.98544311523438,1013400,0.0,0.0
2025-01-24 00:00:00-05:00,72.7134762310176,73.16028537104405,72.66490695923258,72.85917663574219,806500,0.42,0.0
2025-01-27 00:00:00-05:00,72.9368821703087,73.51968382975562,72.53864227435965,73.17000579833984,921800,0.0,0.0
2025-01-28 00:00:00-05:00,73.16999624633613,74.38415386062965,73.11171164162167,73.78192901611328,602500,0.0,0.0
2025-01-29 00:00:00-05:00,73.7139454690102,75.42348167323806,73.65566826782397,75.0835189819336,814400,0.0,0.0
2025-01-30 00:00:00-05:00,75.3360590798474,75.46233623096299,74.41330213720593,74.80183410644531,750000,0.0,0.0
2025-01-31 00:00:00-05:00,74.69498502264547,75.13207884114006,74.00534432136499,74.0636215209961,1311600,0.0,0.0
2025-02-03 00:00:00-05:00,72.84945512834307,74.45214462329257,72.62604687193904,74.044189453125,1042200,0.0,0.0
2025-02-04 00:00:00-05:00,73.72365493662966,74.986374462463,73.62652380550867,73.772216796875,1257500,0.0,0.0
2025-02-05 00:00:00-05:00,72.03355157889844,76.42394256118916,71.89755909872557,75.49147033691406,2535300,0.0,0.0
2025-02-06 00:00:00-05:00,75.99655460912757,77.15243507938003,73.1505687415824,74.47157287597656,1689400,0.0,0.0
2025-02-07 00:00:00-05:00,75.2777778879416,75.81201024365662,74.7046990069296,74.74354553222656,1067000,0.0,0.0
2025-02-10 00:00:00-05:00,74.6269887478848,75.30691407829015,74.09275640925895,74.35501861572266,954700,0.0,0.0
2025-02-11 00:00:00-05:00,74.33559500130731,74.52014935592538,72.99516747524879,73.0048828125,1005700,0.0,0.0
2025-02-12 00:00:00-05:00,73.00488141876038,73.70423006424548,72.56778017837247,72.9854507446289,961500,0.0,0.0
2025-02-13 00:00:00-05:00,72.936877755048,73.60709517646153,72.28609100677629,73.27684783935547,967000,0.0,0.0
2025-02-14 00:00:00-05:00,73.08257807214069,73.59737975031504,72.17924444853818,72.22781372070312,1150100,0.0,0.0
2025-02-18 00:00:00-05:00,72.34437668090467,72.6357700866486,71.68387458633559,71.8975601196289,1304700,0.0,0.0
2025-02-19 00:00:00-05:00,72.26665889116977,73.20884633610132,71.71300334454179,72.79117584228516,1322300,0.0,0.0
2025-02-20 00:00:00-05:00,72.44149971053538,72.67461589117283,71.54788150923368,72.64547729492188,1073400,0.0,0.0
2025-02-21 00:00:00-05:00,72.7037652199232,73.46139847680874,71.78100828615354,71.93641662597656,1204100,0.0,0.0
2025-02-24 00:00:00-05:00,72.45120956966036,73.3059812725326,72.24723197982857,72.61634063720703,903100,0.0,0.0
2025-02-25 00:00:00-05:00,73.0437261422015,74.2578838733593,72.90774106916228,74.18018341064453,1671400,0.0,0.0
2025-02-26 00:00:00-05:00,74.17046105761953,75.65658879427464,74.1316071246222,75.06407928466797,1002300,0.0,0.0
2025-02-27 00:00:00-05:00,78.64827544506511,81.55253840696038,78.63856010909582,79.37677001953125,2462600,0.0,0.0
2025-02-28 00:00:00-05:00,79.45447982597406,79.96928148546532,78.07519109922951,79.93042755126953,1943700,0.0,0.0
2025-03-03 00:00:00-05:00,79.8527234288923,80.86290353348113,77.99749430045084,79.05623626708984,1688700,0.0,0.0
2025-03-04 00:00:00-05:00,78.29859518911236,78.43458024622447,74.42300624015762,75.67601776123047,2640100,0.0,0.0
2025-03-05 00:00:00-05:00,76.82217885715299,79.46418707492835,76.82217885715299,78.92996215820312,2398400,0.0,0.0
2025-03-06 00:00:00-05:00,78.54142999920266,78.75512292951636,77.03587156154168,77.18157196044922,1279700,0.0,0.0
2025-03-07 00:00:00-05:00,76.74448200635833,77.49239988917114,75.15150769619058,76.77362060546875,1274500,0.0,0.0
2025-03-10 00:00:00-04:00,75.47203391927708,76.73476079535129,74.52013850493307,75.1126480102539,1829600,0.0,0.0
2025-03-11 00:00:00-04:00,74.86010623849424,76.87075107671652,74.05390375377992,76.35594940185547,1618400,0.0,0.0
2025-03-12 00:00:00-04:00,77.22042324561038,77.67694768823489,74.61726905864133,75.39433288574219,1339200,0.0,0.0
2025-03-13 00:00:00-04:00,75.95770080065375,76.18110907240434,74.64641200039333,74.93781280517578,1189800,0.0,0.0
2025-03-14 00:00:00-04:00,75.35548344274449,76.763903376315,75.20006770381323,76.56964111328125,1217300,0.0,0.0
2025-03-17 00:00:00-04:00,77.08444413318115,79.70702178333035,77.08444413318115,79.26992797851562,2002300,0.0,0.0
2025-03-18 00:00:00-04:00,79.23106942905525,79.89157147138368,78.42486699006334,78.56085205078125,1221200,0.0,0.0
2025-03-19 00:00:00-04:00,78.5900038561292,79.94014663759152,78.58028851946693,79.05623626708984,1841300,0.0,0.0
2025-03-20 00:00:00-04:00,78.25003822801015,79.31850300283263,77.83236765529709,78.71627807617188,1191400,0.0,0.0
2025-03-21 00:00:00-04:00,78.15290317507012,79.62932311147374,77.715809360439,79.0076675415039,10362400,0.0,0.0
2025-03-24 00:00:00-04:00,79.50304350145983,80.97946339209764,79.50304350145983,80.9503173828125,1873100,0.0,0.0
2025-03-25 00:00:00-04:00,80.13441846401656,82.0576477678308,80.13441846401656,80.658935546875,1510300,0.0,0.0
2025-03-26 00:00:00-04:00,81.1640110773866,81.63025089210204,79.73616044494425,79.96928405761719,1214400,0.0,0.0
2025-03-27 00:00:00-04:00,80.48408821918173,80.50351148218908,79.19222261558788,79.54190063476562,1040500,0.0,0.0
2025-03-28 00:00:00-04:00,79.21164357017842,79.6293140745809,77.14271430879016,77.70608520507812,1230900,0.0,0.0
2025-03-31 00:00:00-04:00,77.23985427775165,79.63903111888413,76.8124757994137,79.12422943115234,1300600,0.0,0.0
2025-04-01 00:00:00-04:00,79.05622557087422,80.13439806496226,78.4345774999479,79.64873504638672,1267100,0.0,0.0
2025-04-02 00:00:00-04:00,78.89111026091632,80.82404720415799,78.89111026091632,80.53265380859375,958300,0.0,0.0
2025-04-03 00:00:00-04:00,76.9970112148575,78.58999272343867,76.66676392142753,76.9678726196289,3549500,0.0,0.0
2025-04-04 00:00:00-04:00,73.56823216555858,74.54927354054728,68.64360944112937,69.1292724609375,2658900,0.0,0.0
2025-04-07 00:00:00-04:00,67.08949297266953,70.91652015195058,64.894293926676,68.72132110595703,2620300,0.0,0.0
2025-04-08 00:00:00-04:00,71.96554075871238,72.41235724612474,67.33231893656524,68.45906066894531,1792400,0.0,0.0
2025-04-09 00:00:00-04:00,67.29346536552121,75.23891249204159,67.29346536552121,74.68525695800781,2557500,0.0,0.0
2025-04-10 00:00:00-04:00,73.02428917370426,73.61679862815531,70.29486547773195,71.70328521728516,1575200,0.0,0.0
2025-04-11 00:00:00-04:00,71.6255851699252,73.26712866478607,70.57655860476386,73.10200500488281,1921700,0.0,0.0
2025-04-14 00:00:00-04:00,74.62699640732305,75.48176082622396,73.94706359650161,74.70470428466797,1165000,0.0,0.0
2025-04-15 00:00:00-04:00,75.00580272339619,76.04512135529698,74.80182513141155,75.13207244873047,1598800,0.0,0.0
2025-04-16 00:00:00-04:00,74.65612915298671,75.33605449984687,73.21856317738605,73.50996398925781,3294800,0.0,0.0
2025-04-17 00:00:00-04:00,73.85964271299754,74.6949838104298,73.42254149096594,73.69451904296875,1132000,0.0,0.0
2025-04-21 00:00:00-04:00,73.62653282916169,73.75280257403153,71.25649440406077,72.04326629638672,1987000,0.0,0.0
2025-04-22 00:00:00-04:00,73.48082598867765,75.17093144366012,72.7620467003383,75.09322357177734,1019300,0.0,0.0
2025-04-23 00:00:00-04:00,75.99655026839177,78.17232601878383,75.85084987456456,76.443359375,1437400,0.0,0.0
2025-04-24 00:00:00-04:00,75.91885237430584,77.88092785736902,75.89942170213773,77.06501007080078,1195800,0.0,0.0
2025-04-25 00:00:00-04:00,76.6255874633789,77.12360215292026,76.02015769471946,76.6255874633789,1111900,0.42,0.0
2025-04-28 00:00:00-04:00,77.03571274415205,77.7387905441603,76.66464721640007,77.19195556640625,1100600,0.0,0.0
2025-04-29 00:00:00-04:00,76.6158295782218,77.89503619137825,76.24476400152307,77.37749481201172,1191100,0.0,0.0
2025-04-30 00:00:00-04:00,72.26066356670543,76.05923028521995,71.45017055219742,75.83464050292969,2909900,0.0,0.0
2025-05-01 00:00:00-04:00,75.19991247930795,76.81113137159316,75.19991247930795,75.61003875732422,1397800,0.0,0.0
2025-05-02 00:00:00-04:00,76.87947922651,78.06103766055544,76.33263678549679,77.7387924194336,1013600,0.0,0.0
2025-05-05 00:00:00-04:00,77.10407849824735,77.4067896984654,76.39124100417213,76.8111343383789,976300,0.0,0.0
2025-05-06 00:00:00-04:00,76.43029455342291,77.88527811817353,76.40100088233258,77.62162017822266,1127100,0.0,0.0
2025-05-07 00:00:00-04:00,78.11963053300478,79.2230676322588,77.81691934871132,78.61764526367188,1094100,0.0,0.0
2025-05-08 00:00:00-04:00,78.86176900245464,79.75037592453042,78.13915705695209,78.36375427246094,989600,0.0,0.0
2025-05-09 00:00:00-04:00,78.4125803405887,78.90082802029333,78.0708010047408,78.57858276367188,771400,0.0,0.0
2025-05-12 00:00:00-04:00,79.94568169813289,80.42416236181309,78.74458906881631,78.95941925048828,1030600,0.0,0.0
2025-05-13 00:00:00-04:00,78.95941040782941,79.8675513331509,78.9008230739596,79.01799774169922,1179400,0.0,0.0
2025-05-14 00:00:00-04:00,79.24260445166607,79.28166516229128,77.67044623682803,77.8364486694336,1044300,0.0,0.0
2025-05-15 00:00:00-04:00,77.63138276996057,79.13518655033029,77.19196282864857,78.87152862548828,843700,0.0,0.0
2025-05-16 00:00:00-04:00,78.8324717339901,80.5218044928179,78.81293765523671,80.2190933227539,1361200,0.0,0.0
2025-05-19 00:00:00-04:00,80.05308949241295,80.32650698959488,79.67224946411748,80.2288589477539,977100,0.0,0.0
2025-05-20 00:00:00-04:00,80.17027084150071,80.58039712144081,80.03356208152067,80.08238983154297,688500,0.0,0.0
2025-05-21 00:00:00-04:00,79.83826476558787,80.1019152415142,78.39304831772206,78.41258239746094,849300,0.0,0.0
2025-05-22 00:00:00-04:00,78.56881661494984,78.74458607963928,77.6020882841921,77.7583236694336,907500,0.0,0.0
2025-05-23 00:00:00-04:00,76.93806668351577,78.27586794571066,76.93806668351577,77.99268341064453,693300,0.0,0.0
2025-05-27 00:00:00-04:00,78.47117222331882,80.07262410950338,78.26610907997346,79.81873321533203,834600,0.0,0.0
2025-05-28 00:00:00-04:00,79.65272370553714,79.95543487357,78.54928666555604,78.69575500488281,854400,0.0,0.0
2025-05-29 00:00:00-04:00,79.01799902367328,79.48672005243988,78.74458152775445,79.4671859741211,793300,0.0,0.0
2025-05-30 00:00:00-04:00,79.31095569174313,80.01403355501495,79.09612551684691,79.78943634033203,1073300,0.0,0.0
2025-06-02 00:00:00-04:00,79.64296027608874,80.05309399499765,78.95941649468801,79.99449920654297,878100,0.0,0.0
2025-06-03 00:00:00-04:00,79.99450513704762,81.11747638980341,78.842240212927,80.20933532714844,937800,0.0,0.0
2025-06-04 00:00:00-04:00,80.50227954267574,80.60969462785457,78.78364562988281,78.78364562988281,1068000,0.0,0.0
2025-06-05 00:00:00-04:00,79.03754321692003,79.03754321692003,77.52397230643788,78.12940216064453,1239800,0.0,0.0
2025-06-06 00:00:00-04:00,79.16447556551726,79.77966493719964,78.81293665310788,79.5648422241211,757900,0.0,0.0
2025-06-09 00:00:00-04:00,79.48672660856096,79.48672660856096,76.86971865309253,78.55905151367188,1209700,0.0,0.0
2025-06-10 00:00:00-04:00,78.27587212350655,78.63717064092391,76.63535961043699,76.94783782958984,1132500,0.0,0.0
2025-06-11 00:00:00-04:00,76.94784310299796,77.35796939685513,76.3814739638225,76.8111343383789,1348800,0.0,0.0
2025-06-12 00:00:00-04:00,75.97134508727682,77.43608818703099,75.50262401732527,77.38726043701172,1294600,0.0,0.0
2025-06-13 00:00:00-04:00,76.91853448547145,76.9673622323919,75.75651009946036,76.3521728515625,1171700,0.0,0.0
2025-06-16 00:00:00-04:00,76.63535839896359,77.37748950142704,76.33263977420808,77.00642395019531,1001800,0.0,0.0
2025-06-17 00:00:00-04:00,76.61582727261933,76.84042448996028,74.80931229426366,76.0201644897461,1654500,0.0,0.0
2025-06-18 00:00:00-04:00,76.06899123580787,76.98689182266307,75.66862455584977,76.58653259277344,1310600,0.0,0.0
2025-06-20 00:00:00-04:00,76.97713734392111,77.58255974883981,76.5963047182242,77.41655731201172,4037800,0.0,0.0
2025-06-23 00:00:00-04:00,77.17243214654705,78.23681603246479,76.61583005301523,78.18798828125,975100,0.0,0.0
2025-06-24 00:00:00-04:00,78.51999515517147,78.83247337110139,77.42631767438259,77.56302642822266,1088800,0.0,0.0
2025-06-25 00:00:00-04:00,77.6509064571284,77.68020757549827,76.15686977319876,76.19593048095703,1117800,0.0,0.0
2025-06-26 00:00:00-04:00,76.45958790265833,77.85597653321996,76.20569702890124,77.82667541503906,1136700,0.0,0.0
2025-06-27 00:00:00-04:00,77.81691897641909,78.93988269990372,77.53373442308353,78.56881713867188,1758400,0.0,0.0
2025-06-30 00:00:00-04:00,78.49069760965129,79.0472996899299,78.47117097967164,78.86177062988281,974200,0.0,0.0
2025-07-01 00:00:00-04:00,78.81294302408297,80.50228334805914,78.81294302408297,80.13121032714844,1527000,0.0,0.0
2025-07-02 00:00:00-04:00,80.03356804462588,80.36558037936386,78.47117677839503,79.33049011230469,1397600,0.0,0.0
2025-07-03 00:00:00-04:00,79.69178934242596,80.3948672149592,79.69178934242596,80.18980407714844,1250500,0.0,0.0
2025-07-07 00:00:00-04:00,80.10191172293015,81.17605510925975,79.3988338845855,79.80896759033203,1223100,0.0,0.0
2025-07-08 00:00:00-04:00,79.80896884753693,80.29721652629324,78.97894183359652,79.03753662109375,1295200,0.0,0.0
2025-07-09 00:00:00-04:00,79.52577681668465,79.52577681668465,77.34818909630668,77.40677642822266,1353100,0.0,0.0
2025-07-10 00:00:00-04:00,77.45561161033758,78.6664637699859,77.19196114132717,78.57858276367188,1074300,0.0,0.0
2025-07-11 00:00:00-04:00,78.31492679360815,79.06683241110413,77.64115004489405,78.15869140625,1076400,0.0,0.0
2025-07-14 00:00:00-04:00,78.21727788856745,79.63320064948172,78.1586905502084,79.48672485351562,956300,0.0,0.0
2025-07-15 00:00:00-04:00,78.900834262303,79.46719595351446,77.11384582519531,77.11384582519531,1046100,0.0,0.0
2025-07-16 00:00:00-04:00,77.40678209656397,78.65670238615247,77.3872554678513,78.53952026367188,1292300,0.0,0.0
2025-07-17 00:00:00-04:00,77.92432991742109,79.33047811941799,77.87550217114236,79.10588836669922,1338800,0.0,0.0
2025-07-18 00:00:00-04:00,79.10588753167978,79.67224915216707,78.8812903312637,79.21330261230469,739600,0.0,0.0
2025-07-21 00:00:00-04:00,79.15471475021013,79.41837268028267,77.81692082008115,77.89503479003906,996800,0.0,0.0
2025-07-22 00:00:00-04:00,78.05128054789196,78.87153313862862,77.82668331943657,78.5883560180664,941900,0.0,0.0
2025-07-23 00:00:00-04:00,79.0082416205189,79.21330474813155,78.5395205787841,78.84223175048828,1293500,0.0,0.0
2025-07-24 00:00:00-04:00,78.60788283973666,79.17425198237491,77.95363268362124,78.12940216064453,1203800,0.0,0.0
2025-07-25 00:00:00-04:00,78.37493932214191,79.42583102576963,78.36511580346803,79.31779479980469,981800,0.46,0.0
2025-07-28 00:00:00-04:00,79.20975349948797,79.21957701753253,78.54189664228423,78.64993286132812,1182400,0.0,0.0
2025-07-29 00:00:00-04:00,79.70082608474668,80.21153663600245,79.06243227581528,79.52404022216797,1551300,0.0,0.0
2025-07-30 00:00:00-04:00,69.76154524963506,73.14011613657367,67.85618736667799,69.84011840820312,6831200,0.0,0.0
2025-07-31 00:00:00-04:00,69.9874372041345,71.13654148315865,69.3097568632569,70.5276107788086,3345400,0.0,0.0
2025-08-01 00:00:00-04:00,69.73208112651129,70.18386554167422,67.56154823287801,68.4847640991211,2993800,0.0,0.0
2025-08-04 00:00:00-04:00,68.75976980236804,69.26065687307938,68.22941217471825,68.70083618164062,1659600,0.0,0.0
2025-08-05 00:00:00-04:00,68.74994210661733,69.73208413671186,68.31779721556805,68.759765625,1572900,0.0,0.0
2025-08-06 00:00:00-04:00,69.18208331008792,69.72225690195789,68.65172574292838,69.23118591308594,1106400,0.0,0.0
2025-08-07 00:00:00-04:00,69.26064960108252,69.73208105165662,67.14905032431892,67.32583618164062,2181700,0.0,0.0
2025-08-08 00:00:00-04:00,67.84637150612978,68.44547872865266,67.06065490484275,68.15083312988281,1637400,0.0,0.0
2025-08-11 00:00:00-04:00,68.56333097364153,68.63208061426798,67.97404726925068,68.15083312988281,1361900,0.0,0.0
2025-08-12 00:00:00-04:00,68.7204745728144,69.33922131397699,68.60261483933881,69.0838623046875,1094400,0.0,0.0
2025-08-13 00:00:00-04:00,69.35887802102565,69.88923565589725,69.03476932863474,69.74191284179688,1133400,0.0,0.0
2025-08-14 00:00:00-04:00,69.64369336200075,69.85975830944749,69.20172496265099,69.6240463256836,961600,0.0,0.0
2025-08-15 00:00:00-04:00,69.75172041516623,69.91869024725952,67.48297482965827,67.59101104736328,1370400,0.0,0.0
2025-08-18 00:00:00-04:00,67.20797810306112,67.64993901068979,67.06065530280195,67.35530090332031,1342300,0.0,0.0
2025-08-19 00:00:00-04:00,67.17851304111251,68.28833078280421,67.15886600531695,67.85618591308594,782100,0.0,0.0
2025-08-20 00:00:00-04:00,68.21957846135916,68.49457700649445,67.87583027994006,68.20975494384766,1031500,0.0,0.0
2025-08-21 00:00:00-04:00,68.14101693027841,68.56333833752758,67.77762914500212,68.10173034667969,893500,0.0,0.0
2025-08-22 00:00:00-04:00,68.74012110485857,69.3392283646019,68.31779971673048,68.67137145996094,930700,0.0,0.0
2025-08-25 00:00:00-04:00,68.41601299997266,68.7499376719537,67.88565543875406,67.92494201660156,839100,0.0,0.0
2025-08-26 00:00:00-04:00,67.76780030952476,68.27851086994428,67.50262525747307,68.22940826416016,1097900,0.0,0.0
2025-08-27 00:00:00-04:00,67.88565888963637,68.76958071011856,67.86601185313961,68.29815673828125,999900,0.0,0.0
2025-08-28 00:00:00-04:00,68.58297149946752,68.58297149946752,67.71868182146723,68.08207702636719,904000,0.0,0.0
2025-08-29 00:00:00-04:00,68.32761993203901,68.74994129974914,67.7972623428345,68.61244201660156,956200,0.0,0.0
2025-09-02 00:00:00-04:00,68.2195754738627,68.78921957421022,67.47314553179176,68.7793960571289,1204800,0.0,0.0
2025-09-03 00:00:00-04:00,69.10351144183016,71.83386499195721,68.75976324184091,71.48029327392578,3896200,0.0,0.0
2025-09-04 00:00:00-04:00,71.74547428804713,72.15797211928943,71.303505903303,71.7651138305664,1755100,0.0,0.0
2025-09-05 00:00:00-04:00,71.76510687536982,72.62938903227868,70.81242805281975,72.44278717041016,2680400,0.0,0.0
2025-09-08 00:00:00-04:00,72.24636307016031,72.69814749065708,71.14636882656777,72.3740463256836,2048200,0.0,0.0
2025-09-09 00:00:00-04:00,72.5311843740259,72.77671987122514,71.59815248192828,71.96154022216797,1521400,0.0,0.0
2025-09-10 00:00:00-04:00,71.8436828242483,72.45260601799619,71.49011113419873,72.40350341796875,1087500,0.0,0.0
2025-09-11 00:00:00-04:00,72.39368491940415,73.9847576349285,72.09904681936915,73.91600799560547,1803000,0.0,0.0
2025-09-12 00:00:00-04:00,73.66065792679817,74.29905179412701,73.248160040764,73.89636993408203,1525000,0.0,0.0
2025-09-15 00:00:00-04:00,73.86689293296108,74.68207252523601,73.41510854876186,73.56243133544922,1324400,0.0,0.0
2025-09-16 00:00:00-04:00,73.8963553363323,73.8963553363323,72.19725402529781,72.88475036621094,1316500,0.0,0.0
2025-09-17 00:00:00-04:00,72.924038581981,74.28921527046117,72.924038581981,73.75885772705078,1342500,0.0,0.0
2025-09-18 00:00:00-04:00,73.75886373774637,75.03565135294588,73.60172491197581,74.8883285522461,1389300,0.0,0.0
2025-09-19 00:00:00-04:00,75.44815205030477,75.62493791919249,73.95529942992454,74.84904479980469,4499200,0.0,0.0
2025-09-22 00:00:00-04:00,74.49546845547829,74.9963629685447,73.9454713387928,74.5445785522461,1332200,0.0,0.0
2025-09-23 00:00:00-04:00,74.52492802417949,76.1454637306482,74.52492802417949,75.33028411865234,1259400,0.0,0.0
2025-09-24 00:00:00-04:00,75.3302864132842,76.23386272421403,75.08475091976874,75.45796966552734,1609900,0.0,0.0
2025-09-25 00:00:00-04:00,75.39903375501656,75.86064166766839,74.91778630046711,75.33028411865234,939700,0.0,0.0
2025-09-26 00:00:00-04:00,75.92939499897598,77.02939672748091,75.92939499897598,76.86243438720703,741700,0.0,0.0
2025-09-29 00:00:00-04:00,77.05885836145085,77.05885836145085,75.76243125582336,76.03742980957031,838300,0.0,0.0
2025-09-30 00:00:00-04:00,76.21421299153099,76.54814514733222,75.49725357200053,76.39099884033203,1028200,0.0,0.0
2025-10-01 00:00:00-04:00,75.97850509583242,77.03922024548196,75.69368301899233,76.86243438720703,853200,0.0,0.0
2025-10-02 00:00:00-04:00,76.47940584008727,77.37315122912185,76.29279644860944,77.19636535644531,784400,0.0,0.0
2025-10-03 00:00:00-04:00,77.50082958387848,78.31600175715464,77.19636046552341,78.00171661376953,1149600,0.0,0.0
2025-10-06 00:00:00-04:00,78.14904150206074,78.5026132344603,76.97047405616159,77.23564910888672,726100,0.0,0.0
2025-10-07 00:00:00-04:00,77.24546916461124,77.87403944000013,76.7249351077875,76.86243438720703,653900,0.0,0.0
2025-10-08 00:00:00-04:00,77.35350269260566,77.61867772422015,76.55796261146526,77.21600341796875,716900,0.0,0.0
2025-10-09 00:00:00-04:00,77.46153663820377,77.78563777998293,75.02582135728468,75.39903259277344,1624500,0.0,0.0
2025-10-10 00:00:00-04:00,75.58564634356294,76.16511401174165,74.33832931832538,74.49546813964844,1410100,0.0,0.0
2025-10-13 00:00:00-04:00,74.95707710627583,75.29100928256175,73.73922312490988,74.11243438720703,1043600,0.0,0.0
2025-10-14 00:00:00-04:00,73.69994244931235,75.25172873126644,73.69994244931235,75.24190521240234,1093100,0.0,0.0
2025-10-15 00:00:00-04:00,75.16332698252002,75.68386104999742,74.09279578610786,74.57404327392578,834400,0.0,0.0
2025-10-16 00:00:00-04:00,74.12225788552071,74.32850680619431,72.28564964930987,72.3740463256836,984000,0.0,0.0
2025-10-17 00:00:00-04:00,72.44279598522385,74.14189744828987,72.37404634498098,74.11243438720703,1203700,0.0,0.0
2025-10-20 00:00:00-04:00,74.39725462727333,74.76064985565952,73.96510976034365,74.34814453125,849200,0.0,0.0
2025-10-21 00:00:00-04:00,74.63296521029241,75.60529114273646,74.3972532387068,75.21243286132812,963000,0.0,0.0
2025-10-22 00:00:00-04:00,75.2320796002032,75.98833317555868,74.42672341819232,74.84904479980469,1058300,0.0,0.0
2025-10-23 00:00:00-04:00,75.1044049469224,75.29101433717328,74.593686876704,75.04547882080078,741400,0.0,0.0
2025-10-24 00:00:00-04:00,75.22331967477089,75.7865309030014,74.9861800888137,75.17391967773438,757300,0.46,0.0
2025-10-27 00:00:00-04:00,75.63833044485659,75.7865379883537,74.83797201731113,74.89726257324219,879100,0.0,0.0
2025-10-28 00:00:00-04:00,74.87749400886213,74.926901547378,73.73131299290732,73.79059600830078,1209800,0.0,0.0
2025-10-29 00:00:00-04:00,73.32618458362795,74.40320699419367,73.27678458883246,73.96844482421875,1609700,0.0,0.0
2025-10-30 00:00:00-04:00,74.00797720408846,74.45261489713191,72.5554830169663,72.62464904785156,2214100,0.0,0.0
2025-10-31 00:00:00-04:00,72.68393295458003,72.80250652549384,71.92310660551291,72.54560089111328,1733600,0.0,0.0
2025-11-03 00:00:00-05:00,72.04167339407284,72.80249967151207,71.35000560332402,72.06143188476562,2319200,0.0,0.0
2025-11-04 00:00:00-05:00,73.56332999108594,78.04926147797306,73.56332999108594,77.26866912841797,3879900,0.0,0.0
2025-11-05 00:00:00-05:00,77.67378791042093,77.77259544394008,75.34189393441741,75.85569763183594,2494500,0.0,0.0
2025-11-06 00:00:00-05:00,76.00391739031573,76.90308333943518,75.41106461409419,75.86558532714844,1847100,0.0,0.0
2025-11-07 00:00:00-05:00,75.37152952955564,77.41687622097379,74.73915231838981,77.2192611694336,1881700,0.0,0.0
2025-11-10 00:00:00-05:00,77.09081199921552,77.82200434485077,76.359627192112,76.4090347290039,918600,0.0,0.0
2025-11-11 00:00:00-05:00,76.37939313564186,76.87343834987362,75.36165366195782,75.42094421386719,882900,0.0,0.0
2025-11-12 00:00:00-05:00,75.40118279749484,77.03153361192662,75.40118279749484,76.41891479492188,863800,0.0,0.0
2025-11-13 00:00:00-05:00,76.2805771039309,77.07105245218648,75.78653189590406,76.08296203613281,1137900,0.0,0.0
2025-11-14 00:00:00-05:00,75.81617463962914,76.65604991576596,75.00594086734536,76.05331420898438,812700,0.0,0.0
2025-11-17 00:00:00-05:00,75.7766572141759,75.88534776416421,74.5514196576772,75.01582336425781,1294000,0.0,0.0
2025-11-18 00:00:00-05:00,74.5217767565297,76.06320291909569,74.34392018156176,75.8062973022461,1170900,0.0,0.0
2025-11-19 00:00:00-05:00,75.9347507484003,76.55725256618176,75.20356591488843,75.58892059326172,1305400,0.0,0.0
2025-11-20 00:00:00-05:00,76.31023141774695,76.95248420170196,75.01582775714087,75.38142395019531,1047100,0.0,0.0
2025-11-21 00:00:00-05:00,75.4407036697542,75.96439039736846,74.36368870745795,74.75892639160156,1174300,0.0,0.0
2025-11-24 00:00:00-05:00,74.59094528733155,75.02570749374271,73.9882095151822,74.75892639160156,1465100,0.0,0.0
2025-11-25 00:00:00-05:00,75.32213230564193,76.37938870117397,74.94665313996524,75.63832092285156,1251600,0.0,0.0
2025-11-26 00:00:00-05:00,75.86558222428373,76.08296332566499,75.14428042991688,75.47034454345703,1291200,0.0,0.0
2025-11-28 00:00:00-05:00,75.4604690037382,75.95451421972528,75.00594830965389,75.06523132324219,685300,0.0,0.0
2025-12-01 00:00:00-05:00,74.80832581487641,75.24308801794201,74.21547306248898,74.30439758300781,1258300,0.0,0.0
2025-12-02 00:00:00-05:00,74.59094548769754,74.63047001007125,73.15821735967663,73.41512298583984,1272200,0.0,0.0
2025-12-03 00:00:00-05:00,73.4151171513574,73.63249069933987,72.32821171878896,72.6740493774414,1893300,0.0,0.0
2025-12-04 00:00:00-05:00,72.53571866881327,73.05940536588581,72.16023949843571,72.46654510498047,1243300,0.0,0.0
2025-12-05 00:00:00-05:00,74.67987278631837,74.67987278631837,73.27678625490115,73.40523529052734,1320400,0.0,0.0
2025-12-08 00:00:00-05:00,72.80250188802997,73.31630558553012,70.86584558432696,71.95274353027344,1829100,0.0,0.0
2025-12-09 00:00:00-05:00,72.24917491413669,73.07916725636662,71.8242957279385,72.50607299804688,1823200,0.0,0.0
2025-12-10 00:00:00-05:00,72.6444103236138,73.57321780697424,72.14048959579814,73.37560272216797,2458800,0.0,0.0
2025-12-11 00:00:00-05:00,73.59298117036758,76.06320733354606,73.31630950772471,75.58892059326172,1826300,0.0,0.0
2025-12-12 00:00:00-05:00,75.80630039891544,76.27070411577648,75.27273065221543,76.2015380859375,1399700,0.0,0.0
2025-12-15 00:00:00-05:00,75.13440150096527,76.8240353283212,75.13440150096527,76.19165802001953,1804400,0.0,0.0
2025-12-16 00:00:00-05:00,76.49795607968159,76.7351032006991,75.85569581935577,76.59676361083984,1291000,0.0,0.0
2025-12-17 00:00:00-05:00,76.55725275534998,77.35760362186718,76.1718905374925,76.98213195800781,1353300,0.0,0.0
2025-12-18 00:00:00-05:00,76.82403052391551,78.62235479540995,76.16201174858404,78.51366424560547,1789900,0.0,0.0
2025-12-19 00:00:00-05:00,78.50377798321591,79.25472878574739,77.7528347192158,78.29627990722656,4893000,0.0,0.0
2025-12-22 00:00:00-05:00,78.11842676819786,78.84961911212575,77.54534004966123,77.75283813476562,999900,0.0,0.0
2025-12-23 00:00:00-05:00,78.02949999655186,78.82985080722057,77.752835891063,78.44449615478516,927800,0.0,0.0
2025-12-24 00:00:00-05:00,78.33580760131187,78.48402267260451,77.8812869109377,78.10855102539062,382100,0.0,0.0
2025-12-26 00:00:00-05:00,78.12830321967029,78.30615978317964,77.51568449235342,77.90103912353516,467000,0.0,0.0
2025-12-29 00:00:00-05:00,77.97021673951951,78.41485440215104,77.22914894277932,77.63426208496094,688500,0.0,0.0
2025-12-30 00:00:00-05:00,77.67379231866278,77.78248287326187,77.12046406872709,77.38724517822266,634900,0.0,0.0
2025-12-31 00:00:00-05:00,77.46628631743407,77.46628631743407,76.51772046928565,76.5770034790039,774000,0.0,0.0
2026-01-02 00:00:00-05:00,76.32998493187236,76.63629054968956,75.61855862342965,76.31022644042969,1084200,0.0,0.0
2026-01-05 00:00:00-05:00,75.2924861177416,78.24688186711334,74.99606351828906,77.37735748291016,1281400,0.0,0.0
2026-01-06 00:00:00-05:00,77.13033763983601,78.0393865775239,76.16201322637511,77.72319793701172,1299800,0.0,0.0
2026-01-07 00:00:00-05:00,78.09866765120725,78.09866765120725,76.59676599219523,77.4761734008789,1055000,0.0,0.0
2026-01-08 00:00:00-05:00,77.86152494334728,79.49186803918582,77.51568727959356,79.41282653808594,1179500,0.0,0.0
2026-01-09 00:00:00-05:00,79.29425386109219,79.92663110811682,79.27449537023017,79.33377838134766,821500,0.0,0.0
2026-01-12 00:00:00-05:00,79.19544603192404,79.93651382223175,78.4346122122972,79.10651397705078,1055000,0.0,0.0
2026-01-13 00:00:00-05:00,80.03531718103449,80.1934152532203,77.98997048794928,78.38520812988281,1263600,0.0,0.0
2026-01-14 00:00:00-05:00,78.54330548791415,79.56103741581204,78.03938480073258,78.86937713623047,1483200,0.0,0.0
2026-01-15 00:00:00-05:00,79.07688105588183,79.59069233451677,76.3793982279111,76.46832275390625,2108600,0.0,0.0
2026-01-16 00:00:00-05:00,75.9446336220689,76.44856186920555,74.17595078791105,75.18379974365234,1976000,0.0,0.0
2026-01-20 00:00:00-05:00,74.77868501945433,75.509869836404,74.32416432034876,74.58106994628906,1590900,0.0,0.0
2026-01-21 00:00:00-05:00,75.26285041961981,75.92486923520262,74.75892970010389,75.78653717041016,978400,0.0,0.0
2026-01-22 00:00:00-05:00,75.56916093821717,76.03355711738274,75.04546666731392,76.023681640625,889700,0.0,0.0
2026-01-23 00:00:00-05:00,75.69760803694014,75.94463064310727,74.45261199106889,75.19367980957031,686300,0.0,0.0
2026-01-26 00:00:00-05:00,75.3418925572704,76.2608169254118,74.86760585110358,75.480224609375,760700,0.0,0.0
2026-01-27 00:00:00-05:00,75.32213915316325,75.32213915316325,74.63047130739753,74.95654296875,915100,0.0,0.0
2026-01-28 00:00:00-05:00,74.74904664333994,75.65808807962802,74.30440140229554,75.38142395019531,1009400,0.0,0.0
2026-01-29 00:00:00-05:00,76.12249181340384,76.28058237085162,74.92690323205127,75.38142395019531,1875000,0.0,0.0
2026-01-30 00:00:00-05:00,74.92414262331992,75.82875546738505,74.30780757596756,75.52059173583984,1824200,0.46,0.0
2026-02-02 00:00:00-05:00,75.60011792358479,76.23633130145298,75.27206826754791,76.01763153076172,1242100,0.0,0.0
2026-02-03 00:00:00-05:00,75.96792261169823,76.74330717493581,75.37147353107406,76.10709381103516,1196800,0.0,0.0
2026-02-04 00:00:00-05:00,76.45502869344585,77.18070599987652,75.99774323208499,76.5146713256836,1475400,0.0,0.0
2026-02-05 00:00:00-05:00,76.65384449941394,77.95609256524493,75.09313238012201,75.2124252319336,2786300,0.0,0.0
2026-02-06 00:00:00-05:00,70.52034649465908,75.18259695728626,69.52626214073047,74.11892700195312,4505100,0.0,0.0
2026-02-09 00:00:00-05:00,73.90023059580922,75.26212895304253,71.12674179620208,71.27584838867188,2330200,0.0,0.0
2026-02-10 00:00:00-05:00,71.2659131234838,72.24011158912433,70.31159300878483,71.31561279296875,1491000,0.0,0.0
2026-02-11 00:00:00-05:00,71.33549207792153,71.6436557864908,70.03323647692018,70.98756408691406,1989000,0.0,0.0
2026-02-12 00:00:00-05:00,70.98756810112708,71.375260396496,69.38709166772745,70.40105438232422,1708000,0.0,0.0
2026-02-13 00:00:00-05:00,69.86424646793404,72.06117195759397,69.54613978129237,71.21620178222656,1483100,0.0,0.0
2026-02-17 00:00:00-05:00,71.12673582492643,72.59797636503573,71.05715022619506,72.47869110107422,1222000,0.0,0.0
2026-02-18 00:00:00-05:00,72.43892971736395,72.9260289279774,71.31560954169437,72.82662200927734,1159600,0.0,0.0
2026-02-19 00:00:00-05:00,72.6576206001976,73.51253373733876,72.34945688248216,73.0353775024414,1174900,0.0,0.0
2026-02-20 00:00:00-05:00,73.60200962968567,74.05928754198109,72.21028995768194,73.21431732177734,1535500,0.0,0.0
2026-02-23 00:00:00-05:00,73.58211736762087,74.0990454565587,70.23205809327439,70.42092895507812,2130200,0.0,0.0
2026-02-24 00:00:00-05:00,70.40105292369093,71.55419440293052,70.0730032700181,71.21620178222656,1604800,0.0,0.0
2026-02-25 00:00:00-05:00,71.41501803459157,72.23017450498092,70.26188410058144,72.05123901367188,1462000,0.0,0.0
2026-02-26 00:00:00-05:00,72.9757377598692,73.79088664568177,72.08106030366957,73.38330841064453,1311200,0.0,0.0
2026-02-27 00:00:00-05:00,73.07514057002818,73.07514057002818,70.5104012012841,71.30567169189453,2051300,0.0,0.0
2026-03-02 00:00:00-05:00,71.07703381924038,72.25999666920976,70.80863437126399,71.68342590332031,1654800,0.0,0.0
2026-03-03 00:00:00-05:00,70.39111098085964,70.9179744772513,68.61169906947715,70.24200439453125,1461900,0.0,0.0
2026-03-04 00:00:00-05:00,70.1624741411867,72.98567001039738,69.61572472356977,72.95584869384766,1766500,0.0,0.0
2026-03-05 00:00:00-05:00,72.43892699085335,74.04933873226074,71.90212054896374,73.85052490234375,1473600,0.0,0.0
2026-03-06 00:00:00-05:00,72.76696870152513,73.21431119307725,71.25596388234949,73.08507537841797,1759100,0.0,0.0
2026-03-09 00:00:00-04:00,71.92200069811962,72.63774263855075,70.21217441470338,72.50851440429688,1856900,0.0,0.0
2026-03-10 00:00:00-04:00,72.92602752242342,73.6020051745216,71.19632290074286,72.34945678710938,1672300,0.0,0.0
2026-03-11 00:00:00-04:00,71.99159077664467,73.303781887633,71.15656351704396,72.08106231689453,2353500,0.0,0.0
2026-03-12 00:00:00-04:00,71.12673894393794,72.7371507521289,70.3612897400654,72.25999450683594,1762700,0.0,0.0
2026-03-13 00:00:00-04:00,72.92602961281781,72.92602961281781,71.56413130262635,71.7331314086914,1298600,0.0,0.0
2026-03-16 00:00:00-04:00,72.04129702284509,72.76697438102383,71.59395449637766,72.40910339355469,1472200,0.0,0.0
2026-03-17 00:00:00-04:00,73.35348905821931,75.21242962344948,72.0611762997206,74.74520874023438,1868000,0.0,0.0
2026-03-18 00:00:00-04:00,73.95987653207463,74.64578957048242,73.1049633915556,73.80081939697266,1895300,0.0,0.0
2026-03-19 00:00:00-04:00,73.51253219276451,73.78093920548368,72.16057691519198,72.51844787597656,1931900,0.0,0.0
2026-03-20 00:00:00-04:00,73.06520181653661,73.34354422902247,71.65360381935156,72.09099578857422,11805000,0.0,0.0
2026-03-23 00:00:00-04:00,73.62188682984878,74.11892902034846,72.40910267154766,72.81668090820312,1177300,0.0,0.0
2026-03-24 00:00:00-04:00,72.51844854009573,73.69146834801842,72.38922030806395,73.40318298339844,1321200,0.0,0.0
2026-03-25 00:00:00-04:00,74.06923099252592,74.60603748026755,73.04532527089847,74.05928802490234,835900,0.0,0.0
2026-03-26 00:00:00-04:00,74.00957489013672,74.7253168169183,73.62188261050694,74.00957489013672,1000700,0.0,0.0
2026-03-27 00:00:00-04:00,73.90022629422106,73.90022629422106,72.20034298065369,72.46875,1158200,0.0,0.0
2026-03-30 00:00:00-04:00,73.31371848589075,73.39324705158971,71.29572853291349,72.55821228027344,1562200,0.0,0.0
2026-03-31 00:00:00-04:00,73.64176825439642,74.02946053250065,72.31963428841975,72.59797668457031,1179900,0.0,0.0
2026-04-01 00:00:00-04:00,73.41312984756142,74.16863609894018,72.4588097541544,73.4230728149414,1911200,0.0,0.0
2026-04-02 00:00:00-04:00,72.95584713864282,73.9399884851127,71.85241294425542,73.73123168945312,1112200,0.0,0.0
2026-04-06 00:00:00-04:00,73.50260312511789,75.391357421875,73.50260312511789,75.391357421875,879600,0.0,0.0
2026-04-07 00:00:00-04:00,75.15277898027135,75.47088568429609,74.65573678121629,75.2720718383789,813300,0.0,0.0
2026-04-08 00:00:00-04:00,76.16674877155923,77.18071151334128,76.08722020005341,77.09124755859375,1343300,0.0,0.0
2026-04-09 00:00:00-04:00,76.65384534681434,77.18070884234865,76.02757493246894,76.17668151855469,1166800,0.0,0.0
2026-04-10 00:00:00-04:00,75.94804648321316,76.46496701240117,75.5007039714668,76.21644592285156,846300,0.0,0.0
2026-04-13 00:00:00-04:00,75.67963906661359,76.88248022368079,75.65976071662794,76.7433090209961,883000,0.0,0.0
2026-04-14 00:00:00-04:00,76.57431555666169,77.45905001321334,76.40532303895219,77.07135772705078,704700,0.0,0.0
2026-04-15 00:00:00-04:00,76.89242425441027,78.96012155755783,76.78307436732234,78.43325805664062,1113700,0.0,0.0
2026-04-16 00:00:00-04:00,78.7712433407183,79.31799277782248,77.89645182561347,78.51278686523438,1200900,0.0,0.0
2026-04-17 00:00:00-04:00,78.54260809222704,80.0734989300906,78.54260809222704,79.158935546875,1125600,0.0,0.0
2026-04-20 00:00:00-04:00,78.94024224991801,79.72556221600799,78.66189225981246,78.76130676269531,1126700,0.0,0.0
2026-04-21 00:00:00-04:00,78.99988359841177,79.00982656539057,78.07538486018558,78.32390594482422,1588400,0.0,0.0
2026-04-22 00:00:00-04:00,78.3139625849285,78.3139625849285,76.01763020135238,76.87254333496094,2572700,0.0,0.0
2026-04-23 00:00:00-04:00,76.92224613568125,78.08533061738943,76.60413943934735,77.30000305175781,1723200,0.0,0.0
2026-04-24 00:00:00-04:00,76.91999816894531,77.48999786376953,76.68000030517578,77.4800033569336,1224500,0.46,0.0
2026-04-27 00:00:00-04:00,77.27999877929688,78.05999755859375,77.12000274658203,77.12999725341797,1311700,0.0,0.0
2026-04-28 00:00:00-04:00,77.69000244140625,78.38999938964844,77.27999877929688,77.81999969482422,1742300,0.0,0.0
2026-04-29 00:00:00-04:00,80.0,81.88999938964844,79.29000091552734,81.29000091552734,2395800,0.0,0.0
2026-04-30 00:00:00-04:00,80.13999938964844,81.19999694824219,79.83000183105469,80.37999725341797,2101800,0.0,0.0
2026-05-01 00:00:00-04:00,80.0999984741211,81.41000366210938,79.9000015258789,80.83999633789062,1473500,0.0,0.0
2026-05-04 00:00:00-04:00,80.43000030517578,81.72000122070312,80.0199966430664,80.23999786376953,949800,0.0,0.0
2026-05-05 00:00:00-04:00,80.6500015258789,81.69999694824219,80.18000030517578,80.83000183105469,1017700,0.0,0.0
2026-05-06 00:00:00-04:00,80.98999786376953,82.20999908447266,80.25,80.29000091552734,1159700,0.0,0.0
2026-05-07 00:00:00-04:00,80.22000122070312,80.70999908447266,79.41000366210938,80.31999969482422,1335600,0.0,0.0
2026-05-08 00:00:00-04:00,80.51000213623047,81.58000183105469,79.93000030517578,80.87999725341797,1161300,0.0,0.0
2026-05-11 00:00:00-04:00,81.13999938964844,81.86000061035156,80.7699966430664,81.51000213623047,1410400,0.0,0.0
2026-05-12 00:00:00-04:00,80.05999755859375,82.0,80.05999755859375,81.16000366210938,988000,0.0,0.0
2026-05-13 00:00:00-04:00,80.88999938964844,81.44000244140625,80.0999984741211,80.43000030517578,919400,0.0,0.0
2026-05-14 00:00:00-04:00,80.43000030517578,81.5,80.43000030517578,80.9000015258789,819600,0.0,0.0
2026-05-15 00:00:00-04:00,81.02999877929688,81.87000274658203,80.77999877929688,81.63999938964844,1140700,0.0,0.0
2026-05-18 00:00:00-04:00,81.72000122070312,83.45999908447266,81.72000122070312,82.7699966430664,1121600,0.0,0.0
2026-05-19 00:00:00-04:00,82.83000183105469,83.23999786376953,81.72000122070312,82.2300033569336,745676,0.0,0.0
