Date,Open,High,Low,Close,Volume,Dividends,Stock Splits
2022-01-03 00:00:00-05:00,60.630001068115234,61.16999816894531,58.349998474121094,59.29999923706055,3249700,0.0,0.0
2022-01-04 00:00:00-05:00,59.29999923706055,59.65999984741211,54.130001068115234,56.290000915527344,4562600,0.0,0.0
2022-01-05 00:00:00-05:00,55.93000030517578,57.22999954223633,53.3650016784668,53.709999084472656,2867200,0.0,0.0
2022-01-06 00:00:00-05:00,52.650001525878906,54.79999923706055,51.52000045776367,53.790000915527344,3978100,0.0,0.0
2022-01-07 00:00:00-05:00,53.72999954223633,54.79999923706055,52.29999923706055,54.04999923706055,2144500,0.0,0.0
2022-01-10 00:00:00-05:00,52.54999923706055,54.619998931884766,51.16999816894531,54.540000915527344,2555100,0.0,0.0
2022-01-11 00:00:00-05:00,54.650001525878906,56.72999954223633,53.88999938964844,56.58000183105469,1734600,0.0,0.0
2022-01-12 00:00:00-05:00,57.119998931884766,59.150001525878906,55.900001525878906,56.720001220703125,2492700,0.0,0.0
2022-01-13 00:00:00-05:00,56.849998474121094,57.0,53.941001892089844,54.18000030517578,1728800,0.0,0.0
2022-01-14 00:00:00-05:00,54.0,54.43000030517578,51.310001373291016,52.5,3421800,0.0,0.0
2022-01-18 00:00:00-05:00,51.0099983215332,52.650001525878906,50.5,50.900001525878906,2196900,0.0,0.0
2022-01-19 00:00:00-05:00,51.5,52.54999923706055,50.40999984741211,50.54999923706055,2187900,0.0,0.0
2022-01-20 00:00:00-05:00,51.619998931884766,53.2599983215332,49.720001220703125,50.13999938964844,2282700,0.0,0.0
2022-01-21 00:00:00-05:00,49.5,51.310001373291016,47.72999954223633,48.4900016784668,3589000,0.0,0.0
2022-01-24 00:00:00-05:00,47.220001220703125,50.43000030517578,45.560001373291016,50.189998626708984,2907400,0.0,0.0
2022-01-25 00:00:00-05:00,49.790000915527344,50.18000030517578,48.209999084472656,48.369998931884766,2579800,0.0,0.0
2022-01-26 00:00:00-05:00,50.36000061035156,52.220001220703125,47.68000030517578,48.08000183105469,3613600,0.0,0.0
2022-01-27 00:00:00-05:00,48.77000045776367,51.529998779296875,48.77000045776367,49.0,2831300,0.0,0.0
2022-01-28 00:00:00-05:00,49.33000183105469,52.52000045776367,48.040000915527344,52.45000076293945,4606200,0.0,0.0
2022-01-31 00:00:00-05:00,52.72999954223633,55.29999923706055,52.56999969482422,54.86000061035156,3941100,0.0,0.0
2022-02-01 00:00:00-05:00,55.0,56.97999954223633,53.775001525878906,56.279998779296875,3778100,0.0,0.0
2022-02-02 00:00:00-05:00,41.599998474121094,46.5,41.0099983215332,46.15999984741211,15908800,0.0,0.0
2022-02-03 00:00:00-05:00,44.0099983215332,45.66999816894531,43.34000015258789,44.0,4309500,0.0,0.0
2022-02-04 00:00:00-05:00,44.310001373291016,47.72999954223633,43.994998931884766,47.2400016784668,4071000,0.0,0.0
2022-02-07 00:00:00-05:00,46.779998779296875,48.46099853515625,46.04999923706055,47.290000915527344,4799900,0.0,0.0
2022-02-08 00:00:00-05:00,46.56999969482422,46.90999984741211,45.595001220703125,46.29999923706055,2683300,0.0,0.0
2022-02-09 00:00:00-05:00,47.0,47.54999923706055,46.189998626708984,47.20000076293945,3293600,0.0,0.0
2022-02-10 00:00:00-05:00,46.38999938964844,47.15999984741211,45.005001068115234,45.41999816894531,4258000,0.0,0.0
2022-02-11 00:00:00-05:00,45.689998626708984,46.30500030517578,42.91999816894531,43.20000076293945,3835800,0.0,0.0
2022-02-14 00:00:00-05:00,43.09000015258789,43.95000076293945,42.4900016784668,42.720001220703125,2561700,0.0,0.0
2022-02-15 00:00:00-05:00,43.15999984741211,44.369998931884766,42.70000076293945,44.279998779296875,2552400,0.0,0.0
2022-02-16 00:00:00-05:00,43.5,44.16999816894531,42.4900016784668,43.72999954223633,2193900,0.0,0.0
2022-02-17 00:00:00-05:00,43.18000030517578,43.54499816894531,41.65999984741211,41.7599983215332,1454300,0.0,0.0
2022-02-18 00:00:00-05:00,41.7599983215332,42.220001220703125,41.0,41.63999938964844,2032300,0.0,0.0
2022-02-22 00:00:00-05:00,40.880001068115234,42.130001068115234,40.380001068115234,40.810001373291016,2053200,0.0,0.0
2022-02-23 00:00:00-05:00,41.599998474121094,42.59000015258789,41.040000915527344,41.09000015258789,3439800,0.0,0.0
2022-02-24 00:00:00-05:00,38.9900016784668,43.33000183105469,38.9900016784668,43.04999923706055,2871700,0.0,0.0
2022-02-25 00:00:00-05:00,43.040000915527344,43.95000076293945,41.439998626708984,43.709999084472656,2504100,0.0,0.0
2022-02-28 00:00:00-05:00,42.900001525878906,45.13999938964844,42.900001525878906,44.41999816894531,2674700,0.0,0.0
2022-03-01 00:00:00-05:00,44.5099983215332,46.43000030517578,44.349998474121094,44.65999984741211,2260700,0.0,0.0
2022-03-02 00:00:00-05:00,45.45000076293945,46.209999084472656,43.608001708984375,45.61000061035156,3107800,0.0,0.0
2022-03-03 00:00:00-05:00,45.88999938964844,45.88999938964844,42.52000045776367,43.150001525878906,2318200,0.0,0.0
2022-03-04 00:00:00-05:00,43.2599983215332,44.119998931884766,41.040000915527344,41.43000030517578,2058200,0.0,0.0
2022-03-07 00:00:00-05:00,42.220001220703125,42.42499923706055,39.720001220703125,40.02000045776367,2489500,0.0,0.0
2022-03-08 00:00:00-05:00,40.029998779296875,41.82500076293945,38.68000030517578,40.400001525878906,4380700,0.0,0.0
2022-03-09 00:00:00-05:00,41.59000015258789,43.11000061035156,41.380001068115234,42.290000915527344,3213600,0.0,0.0
2022-03-10 00:00:00-05:00,41.29999923706055,42.04999923706055,40.28499984741211,40.939998626708984,3636800,0.0,0.0
2022-03-11 00:00:00-05:00,42.13999938964844,42.18000030517578,39.88999938964844,39.91999816894531,3246700,0.0,0.0
2022-03-14 00:00:00-04:00,39.65999984741211,40.369998931884766,38.0,38.65999984741211,2647700,0.0,0.0
2022-03-15 00:00:00-04:00,38.66999816894531,39.82500076293945,37.65999984741211,39.599998474121094,1947900,0.0,0.0
2022-03-16 00:00:00-04:00,40.380001068115234,42.619998931884766,40.334999084472656,42.560001373291016,2143800,0.0,0.0
2022-03-17 00:00:00-04:00,42.279998779296875,43.768001556396484,42.275001525878906,43.220001220703125,1843900,0.0,0.0
2022-03-18 00:00:00-04:00,43.380001068115234,45.790000915527344,43.150001525878906,45.43000030517578,3062700,0.0,0.0
2022-03-21 00:00:00-04:00,45.13999938964844,45.91999816894531,44.0620002746582,45.08000183105469,2193400,0.0,0.0
2022-03-22 00:00:00-04:00,44.880001068115234,47.529998779296875,44.869998931884766,47.02000045776367,1812200,0.0,0.0
2022-03-23 00:00:00-04:00,46.029998779296875,47.91999816894531,45.290000915527344,47.0,2299000,0.0,0.0
2022-03-24 00:00:00-04:00,47.58000183105469,48.529998779296875,46.369998931884766,48.5,2263400,0.0,0.0
2022-03-25 00:00:00-04:00,48.59000015258789,48.88999938964844,46.560001373291016,47.38999938964844,1806900,0.0,0.0
2022-03-28 00:00:00-04:00,47.560001373291016,48.619998931884766,46.07500076293945,47.689998626708984,2771800,0.0,0.0
2022-03-29 00:00:00-04:00,48.54999923706055,49.54999923706055,47.869998931884766,48.58000183105469,4117100,0.0,0.0
2022-03-30 00:00:00-04:00,48.18000030517578,48.68000030517578,47.290000915527344,47.810001373291016,1767700,0.0,0.0
2022-03-31 00:00:00-04:00,48.0,48.29499816894531,47.09000015258789,47.099998474121094,2921600,0.0,0.0
2022-04-01 00:00:00-04:00,47.0,48.07500076293945,47.0,47.849998474121094,1495800,0.0,0.0
2022-04-04 00:00:00-04:00,48.20000076293945,49.21699905395508,48.119998931884766,48.54999923706055,1196500,0.0,0.0
2022-04-05 00:00:00-04:00,48.790000915527344,48.88999938964844,45.47999954223633,46.279998779296875,4054800,0.0,0.0
2022-04-06 00:00:00-04:00,45.439998626708984,45.6349983215332,44.0,44.380001068115234,2945200,0.0,0.0
2022-04-07 00:00:00-04:00,44.04999923706055,44.959999084472656,43.52000045776367,44.529998779296875,2120100,0.0,0.0
2022-04-08 00:00:00-04:00,43.88999938964844,44.83000183105469,43.279998779296875,43.900001525878906,1760000,0.0,0.0
2022-04-11 00:00:00-04:00,43.27000045776367,44.290000915527344,42.69499969482422,43.720001220703125,3005900,0.0,0.0
2022-04-12 00:00:00-04:00,44.77000045776367,45.5,43.0,43.31999969482422,3035400,0.0,0.0
2022-04-13 00:00:00-04:00,43.099998474121094,44.310001373291016,42.709999084472656,44.16999816894531,2200200,0.0,0.0
2022-04-14 00:00:00-04:00,44.04999923706055,44.04999923706055,41.81999969482422,41.88999938964844,2101700,0.0,0.0
2022-04-18 00:00:00-04:00,41.79999923706055,41.79999923706055,39.470001220703125,41.02000045776367,4215100,0.0,0.0
2022-04-19 00:00:00-04:00,41.18000030517578,43.34000015258789,40.75,42.869998931884766,2980600,0.0,0.0
2022-04-20 00:00:00-04:00,43.25,43.290000915527344,41.95000076293945,42.58000183105469,2609600,0.0,0.0
2022-04-21 00:00:00-04:00,43.060001373291016,43.779998779296875,40.970001220703125,41.060001373291016,2396800,0.0,0.0
2022-04-22 00:00:00-04:00,41.290000915527344,41.630001068115234,39.849998474121094,39.900001525878906,1815800,0.0,0.0
2022-04-25 00:00:00-04:00,39.56999969482422,41.38999938964844,39.470001220703125,41.02000045776367,2496700,0.0,0.0
2022-04-26 00:00:00-04:00,40.93000030517578,40.93000030517578,38.779998779296875,38.779998779296875,3892700,0.0,0.0
2022-04-27 00:00:00-04:00,39.0,40.22999954223633,38.84000015258789,38.880001068115234,3085300,0.0,0.0
2022-04-28 00:00:00-04:00,39.27000045776367,40.720001220703125,38.63999938964844,40.34000015258789,3055200,0.0,0.0
2022-04-29 00:00:00-04:00,40.130001068115234,41.04999923706055,38.189998626708984,38.36000061035156,1667600,0.0,0.0
2022-05-02 00:00:00-04:00,38.099998474121094,39.72999954223633,37.880001068115234,39.709999084472656,2579900,0.0,0.0
2022-05-03 00:00:00-04:00,39.540000915527344,40.4900016784668,39.2599983215332,40.0099983215332,2562500,0.0,0.0
2022-05-04 00:00:00-04:00,40.31999969482422,41.38999938964844,38.56999969482422,41.310001373291016,2570600,0.0,0.0
2022-05-05 00:00:00-04:00,41.0099983215332,41.279998779296875,36.435001373291016,37.06999969482422,5127000,0.0,0.0
2022-05-06 00:00:00-04:00,36.7599983215332,36.810001373291016,33.77000045776367,35.63999938964844,7623400,0.0,0.0
2022-05-09 00:00:00-04:00,35.0,35.38999938964844,31.459999084472656,31.920000076293945,6976700,0.0,0.0
2022-05-10 00:00:00-04:00,32.849998474121094,33.22999954223633,30.094999313354492,31.5,4085700,0.0,0.0
2022-05-11 00:00:00-04:00,31.239999771118164,32.630001068115234,29.889999389648438,30.110000610351562,3971800,0.0,0.0
2022-05-12 00:00:00-04:00,29.6299991607666,32.70000076293945,29.40999984741211,32.540000915527344,5581200,0.0,0.0
2022-05-13 00:00:00-04:00,33.45000076293945,35.814998626708984,33.38999938964844,35.38999938964844,4622100,0.0,0.0
2022-05-16 00:00:00-04:00,34.2599983215332,35.459999084472656,33.40999984741211,33.5,3639400,0.0,0.0
2022-05-17 00:00:00-04:00,34.040000915527344,35.119998931884766,32.060001373291016,32.810001373291016,6568700,0.0,0.0
2022-05-18 00:00:00-04:00,34.310001373291016,35.7400016784668,32.84000015258789,33.119998931884766,6995500,0.0,0.0
2022-05-19 00:00:00-04:00,33.189998626708984,37.4900016784668,32.84000015258789,36.90999984741211,8618100,0.0,0.0
2022-05-20 00:00:00-04:00,37.369998931884766,39.0,36.689998626708984,37.970001220703125,7018100,0.0,0.0
2022-05-23 00:00:00-04:00,37.93000030517578,38.41699981689453,36.529998779296875,37.97999954223633,4690200,0.0,0.0
2022-05-24 00:00:00-04:00,37.31999969482422,37.900001525878906,36.65999984741211,37.68000030517578,2959100,0.0,0.0
2022-05-25 00:00:00-04:00,37.40999984741211,38.18000030517578,37.150001525878906,37.720001220703125,4899000,0.0,0.0
2022-05-26 00:00:00-04:00,37.4900016784668,38.279998779296875,36.97999954223633,37.599998474121094,2715300,0.0,0.0
2022-05-27 00:00:00-04:00,38.0,38.470001220703125,36.93000030517578,38.189998626708984,4408400,0.0,0.0
2022-05-31 00:00:00-04:00,38.189998626708984,38.400001525878906,36.8650016784668,37.66999816894531,3591500,0.0,0.0
2022-06-01 00:00:00-04:00,38.029998779296875,39.4900016784668,37.76499938964844,38.869998931884766,3869100,0.0,0.0
2022-06-02 00:00:00-04:00,38.7400016784668,41.65999984741211,38.209999084472656,41.33000183105469,3805900,0.0,0.0
2022-06-03 00:00:00-04:00,40.41999816894531,41.779998779296875,40.06999969482422,40.97999954223633,1961900,0.0,0.0
2022-06-06 00:00:00-04:00,41.70000076293945,42.290000915527344,41.06999969482422,41.599998474121094,2178600,0.0,0.0
2022-06-07 00:00:00-04:00,41.11000061035156,42.70000076293945,40.68000030517578,42.45000076293945,1879100,0.0,0.0
2022-06-08 00:00:00-04:00,42.36000061035156,43.86000061035156,42.13999938964844,43.77000045776367,3082700,0.0,0.0
2022-06-09 00:00:00-04:00,43.380001068115234,43.88999938964844,42.31999969482422,42.38999938964844,2088500,0.0,0.0
2022-06-10 00:00:00-04:00,41.869998931884766,41.900001525878906,40.25,41.36000061035156,2135400,0.0,0.0
2022-06-13 00:00:00-04:00,39.58000183105469,40.33000183105469,38.529998779296875,39.09000015258789,2327300,0.0,0.0
2022-06-14 00:00:00-04:00,39.15999984741211,40.064998626708984,38.47999954223633,38.81999969482422,1771100,0.0,0.0
2022-06-15 00:00:00-04:00,38.779998779296875,40.959999084472656,38.779998779296875,40.189998626708984,2501600,0.0,0.0
2022-06-16 00:00:00-04:00,39.029998779296875,39.70000076293945,37.08000183105469,37.43000030517578,1867300,0.0,0.0
2022-06-17 00:00:00-04:00,37.45000076293945,39.060001373291016,37.31999969482422,38.459999084472656,2590700,0.0,0.0
2022-06-21 00:00:00-04:00,39.099998474121094,40.630001068115234,39.099998474121094,40.09000015258789,3633900,0.0,0.0
2022-06-22 00:00:00-04:00,39.220001220703125,41.2599983215332,39.13999938964844,40.459999084472656,3304500,0.0,0.0
2022-06-23 00:00:00-04:00,41.13999938964844,42.119998931884766,40.349998474121094,41.79999923706055,2822300,0.0,0.0
2022-06-24 00:00:00-04:00,42.40999984741211,44.189998626708984,42.349998474121094,44.08000183105469,4063600,0.0,0.0
2022-06-27 00:00:00-04:00,44.02000045776367,44.400001525878906,42.540000915527344,42.630001068115234,3710600,0.0,0.0
2022-06-28 00:00:00-04:00,42.36000061035156,42.80500030517578,41.22999954223633,41.599998474121094,1935800,0.0,0.0
2022-06-29 00:00:00-04:00,41.540000915527344,41.88999938964844,40.869998931884766,41.5099983215332,1306600,0.0,0.0
2022-06-30 00:00:00-04:00,40.650001525878906,40.970001220703125,38.650001525878906,39.439998626708984,5628500,0.0,0.0
2022-07-01 00:00:00-04:00,39.45000076293945,41.029998779296875,39.29999923706055,41.0099983215332,1843500,0.0,0.0
2022-07-05 00:00:00-04:00,40.41999816894531,42.290000915527344,40.130001068115234,42.02000045776367,2040400,0.0,0.0
2022-07-06 00:00:00-04:00,42.40999984741211,42.70000076293945,40.96200180053711,41.15999984741211,2323800,0.0,0.0
2022-07-07 00:00:00-04:00,41.18000030517578,42.869998931884766,40.86000061035156,42.529998779296875,1396200,0.0,0.0
2022-07-08 00:00:00-04:00,41.720001220703125,42.7599983215332,41.185001373291016,42.0099983215332,1196300,0.0,0.0
2022-07-11 00:00:00-04:00,41.459999084472656,41.95000076293945,40.060001373291016,41.349998474121094,1820500,0.0,0.0
2022-07-12 00:00:00-04:00,41.29999923706055,41.630001068115234,36.68000030517578,36.93000030517578,4512900,0.0,0.0
2022-07-13 00:00:00-04:00,35.79999923706055,37.65999984741211,35.65999984741211,37.27000045776367,3178900,0.0,0.0
2022-07-14 00:00:00-04:00,36.650001525878906,37.10499954223633,35.33000183105469,35.40999984741211,2212600,0.0,0.0
2022-07-15 00:00:00-04:00,36.02000045776367,36.349998474121094,35.39500045776367,36.279998779296875,1500100,0.0,0.0
2022-07-18 00:00:00-04:00,36.84000015258789,37.52000045776367,36.150001525878906,36.279998779296875,1272700,0.0,0.0
2022-07-19 00:00:00-04:00,37.060001373291016,37.310001373291016,35.790000915527344,36.900001525878906,955900,0.0,0.0
2022-07-20 00:00:00-04:00,37.29999923706055,39.58000183105469,37.0,39.400001525878906,2625600,0.0,0.0
2022-07-21 00:00:00-04:00,39.560001373291016,40.04999923706055,38.97999954223633,39.90999984741211,2125900,0.0,0.0
2022-07-22 00:00:00-04:00,39.459999084472656,39.70500183105469,36.70000076293945,37.119998931884766,3343800,0.0,0.0
2022-07-25 00:00:00-04:00,36.709999084472656,37.0,35.849998474121094,36.90999984741211,2427400,0.0,0.0
2022-07-26 00:00:00-04:00,36.90999984741211,36.90999984741211,35.27000045776367,35.7599983215332,3096800,0.0,0.0
2022-07-27 00:00:00-04:00,36.52000045776367,38.02000045776367,36.13999938964844,37.720001220703125,1726500,0.0,0.0
2022-07-28 00:00:00-04:00,37.16999816894531,38.0,36.59000015258789,37.459999084472656,2084900,0.0,0.0
2022-07-29 00:00:00-04:00,37.560001373291016,37.81999969482422,36.904998779296875,37.630001068115234,2096800,0.0,0.0
2022-08-01 00:00:00-04:00,36.97999954223633,38.16999816894531,36.029998779296875,37.4900016784668,1983500,0.0,0.0
2022-08-02 00:00:00-04:00,36.83000183105469,39.20000076293945,36.83000183105469,38.34000015258789,3881200,0.0,0.0
2022-08-03 00:00:00-04:00,38.779998779296875,42.150001525878906,38.380001068115234,40.43000030517578,5403400,0.0,0.0
2022-08-04 00:00:00-04:00,40.16999816894531,40.9900016784668,38.84000015258789,40.7400016784668,2843600,0.0,0.0
2022-08-05 00:00:00-04:00,40.150001525878906,41.779998779296875,40.13399887084961,41.63999938964844,1781300,0.0,0.0
2022-08-08 00:00:00-04:00,41.599998474121094,42.93000030517578,41.599998474121094,42.060001373291016,1468200,0.0,0.0
2022-08-09 00:00:00-04:00,41.25,42.07500076293945,40.849998474121094,41.88999938964844,2011400,0.0,0.0
2022-08-10 00:00:00-04:00,43.40999984741211,44.09000015258789,43.02000045776367,43.34000015258789,1894800,0.0,0.0
2022-08-11 00:00:00-04:00,44.0099983215332,44.0099983215332,42.56999969482422,42.849998474121094,1427300,0.0,0.0
2022-08-12 00:00:00-04:00,43.45000076293945,43.970001220703125,42.81999969482422,43.29999923706055,1771800,0.0,0.0
2022-08-15 00:00:00-04:00,43.040000915527344,43.619998931884766,42.40999984741211,42.84000015258789,1670400,0.0,0.0
2022-08-16 00:00:00-04:00,42.41999816894531,42.66999816894531,41.513999938964844,42.189998626708984,1172600,0.0,0.0
2022-08-17 00:00:00-04:00,41.54999923706055,42.0,41.14500045776367,41.310001373291016,773600,0.0,0.0
2022-08-18 00:00:00-04:00,41.45000076293945,41.459999084472656,40.939998626708984,41.18000030517578,1025400,0.0,0.0
2022-08-19 00:00:00-04:00,40.68000030517578,40.720001220703125,39.41999816894531,39.630001068115234,1756800,0.0,0.0
2022-08-22 00:00:00-04:00,38.689998626708984,39.13999938964844,38.38999938964844,38.790000915527344,1135300,0.0,0.0
2022-08-23 00:00:00-04:00,38.880001068115234,39.040000915527344,38.290000915527344,38.650001525878906,1428600,0.0,0.0
2022-08-24 00:00:00-04:00,38.70000076293945,39.56999969482422,38.36000061035156,38.599998474121094,1337500,0.0,0.0
2022-08-25 00:00:00-04:00,38.9900016784668,39.150001525878906,38.494998931884766,39.0,1612000,0.0,0.0
2022-08-26 00:00:00-04:00,38.9900016784668,39.415000915527344,37.7599983215332,38.15999984741211,1375100,0.0,0.0
2022-08-29 00:00:00-04:00,37.5,39.04999923706055,37.29199981689453,38.31999969482422,2465200,0.0,0.0
2022-08-30 00:00:00-04:00,38.720001220703125,39.0,37.75,38.099998474121094,1519700,0.0,0.0
2022-08-31 00:00:00-04:00,38.59000015258789,39.130001068115234,37.95600128173828,38.18000030517578,2282000,0.0,0.0
2022-09-01 00:00:00-04:00,37.619998931884766,37.78499984741211,35.40999984741211,36.58000183105469,2775500,0.0,0.0
2022-09-02 00:00:00-04:00,37.31999969482422,37.349998474121094,36.439998626708984,36.75,1765400,0.0,0.0
2022-09-06 00:00:00-04:00,38.779998779296875,39.880001068115234,38.06999969482422,38.18000030517578,10341800,0.0,0.0
2022-09-07 00:00:00-04:00,37.88999938964844,39.61000061035156,37.68000030517578,39.150001525878906,3674900,0.0,0.0
2022-09-08 00:00:00-04:00,39.2599983215332,40.09000015258789,38.88999938964844,39.7400016784668,3272000,0.0,0.0
2022-09-09 00:00:00-04:00,40.27000045776367,41.209999084472656,40.27000045776367,40.72999954223633,2986900,0.0,0.0
2022-09-12 00:00:00-04:00,40.880001068115234,41.66999816894531,40.790000915527344,41.5099983215332,2985200,0.0,0.0
2022-09-13 00:00:00-04:00,39.90999984741211,40.40999984741211,39.040000915527344,39.15999984741211,3529500,0.0,0.0
2022-09-14 00:00:00-04:00,39.310001373291016,39.86000061035156,38.59000015258789,39.77000045776367,5061700,0.0,0.0
2022-09-15 00:00:00-04:00,39.0,41.0099983215332,38.56999969482422,38.63999938964844,5542800,0.0,0.0
2022-09-16 00:00:00-04:00,37.70000076293945,37.70000076293945,36.65999984741211,37.33000183105469,30710500,0.0,0.0
2022-09-19 00:00:00-04:00,36.77000045776367,37.209999084472656,36.5099983215332,37.099998474121094,3283300,0.0,0.0
2022-09-20 00:00:00-04:00,36.689998626708984,37.63999938964844,36.540000915527344,37.45000076293945,3345300,0.0,0.0
2022-09-21 00:00:00-04:00,37.810001373291016,37.9900016784668,35.86000061035156,35.880001068115234,2718000,0.0,0.0
2022-09-22 00:00:00-04:00,35.209999084472656,35.939998626708984,33.45000076293945,34.099998474121094,3327300,0.0,0.0
2022-09-23 00:00:00-04:00,33.5,34.029998779296875,32.43000030517578,33.209999084472656,2774600,0.0,0.0
2022-09-26 00:00:00-04:00,33.47999954223633,34.16999816894531,32.95000076293945,33.20000076293945,3214100,0.0,0.0
2022-09-27 00:00:00-04:00,34.0099983215332,34.119998931884766,33.2599983215332,33.790000915527344,2185200,0.0,0.0
2022-09-28 00:00:00-04:00,34.0,34.810001373291016,33.810001373291016,34.59000015258789,2291600,0.0,0.0
2022-09-29 00:00:00-04:00,34.20000076293945,34.630001068115234,33.65999984741211,34.599998474121094,2209100,0.0,0.0
2022-09-30 00:00:00-04:00,34.63999938964844,35.7599983215332,34.4900016784668,34.810001373291016,2385000,0.0,0.0
2022-10-03 00:00:00-04:00,35.16999816894531,36.209999084472656,34.93000030517578,35.88999938964844,1984000,0.0,0.0
2022-10-04 00:00:00-04:00,36.880001068115234,38.439998626708984,36.66999816894531,38.189998626708984,3280000,0.0,0.0
2022-10-05 00:00:00-04:00,37.470001220703125,38.290000915527344,36.81999969482422,38.04999923706055,1806100,0.0,0.0
2022-10-06 00:00:00-04:00,38.06999969482422,38.63999938964844,37.59000015258789,37.900001525878906,1964800,0.0,0.0
2022-10-07 00:00:00-04:00,37.06999969482422,37.13999938964844,36.06999969482422,36.41999816894531,1247100,0.0,0.0
2022-10-10 00:00:00-04:00,36.5,36.540000915527344,34.084999084472656,34.689998626708984,2167300,0.0,0.0
2022-10-11 00:00:00-04:00,34.650001525878906,34.97999954223633,33.08000183105469,34.25,2469200,0.0,0.0
2022-10-12 00:00:00-04:00,34.119998931884766,34.5,33.54999923706055,34.25,3001600,0.0,0.0
2022-10-13 00:00:00-04:00,32.869998931884766,34.349998474121094,32.09000015258789,33.900001525878906,2038500,0.0,0.0
2022-10-14 00:00:00-04:00,34.31999969482422,34.630001068115234,32.39500045776367,32.59000015258789,3003000,0.0,0.0
2022-10-17 00:00:00-04:00,33.58000183105469,35.2599983215332,33.369998931884766,34.47999954223633,3236900,0.0,0.0
2022-10-18 00:00:00-04:00,35.66999816894531,35.9900016784668,34.404998779296875,34.86000061035156,1773900,0.0,0.0
2022-10-19 00:00:00-04:00,34.5099983215332,34.849998474121094,33.55500030517578,33.650001525878906,1734100,0.0,0.0
2022-10-20 00:00:00-04:00,33.70000076293945,34.79999923706055,33.42499923706055,33.650001525878906,1193700,0.0,0.0
2022-10-21 00:00:00-04:00,33.33000183105469,33.52000045776367,32.279998779296875,33.400001525878906,2703400,0.0,0.0
2022-10-24 00:00:00-04:00,33.189998626708984,33.93000030517578,32.5,33.7400016784668,1965300,0.0,0.0
2022-10-25 00:00:00-04:00,34.130001068115234,35.41999816894531,34.0,35.2599983215332,1328600,0.0,0.0
2022-10-26 00:00:00-04:00,34.439998626708984,35.709999084472656,33.619998931884766,34.13999938964844,2298800,0.0,0.0
2022-10-27 00:00:00-04:00,34.630001068115234,35.91999816894531,34.630001068115234,35.310001373291016,1510900,0.0,0.0
2022-10-28 00:00:00-04:00,35.06999969482422,35.58000183105469,34.279998779296875,35.540000915527344,2122900,0.0,0.0
2022-10-31 00:00:00-04:00,35.150001525878906,35.66999816894531,34.65999984741211,35.2400016784668,2558700,0.0,0.0
2022-11-01 00:00:00-04:00,35.83000183105469,36.0,33.900001525878906,34.16999816894531,3994500,0.0,0.0
2022-11-02 00:00:00-04:00,31.75,34.540000915527344,31.549999237060547,32.0,6152400,0.0,0.0
2022-11-03 00:00:00-04:00,32.119998931884766,33.79999923706055,31.93000030517578,33.25,2896900,0.0,0.0
2022-11-04 00:00:00-04:00,33.43000030517578,33.459999084472656,31.540000915527344,32.4900016784668,2565700,0.0,0.0
2022-11-07 00:00:00-05:00,32.7599983215332,33.845001220703125,31.8799991607666,33.75,2776300,0.0,0.0
2022-11-08 00:00:00-05:00,34.13999938964844,36.20500183105469,33.349998474121094,35.36000061035156,3047200,0.0,0.0
2022-11-09 00:00:00-05:00,35.060001373291016,35.25,33.779998779296875,34.130001068115234,2910800,0.0,0.0
2022-11-10 00:00:00-05:00,39.279998779296875,39.91999816894531,36.369998931884766,36.75,4606200,0.0,0.0
2022-11-11 00:00:00-05:00,36.93000030517578,38.54999923706055,36.709999084472656,38.290000915527344,2931500,0.0,0.0
2022-11-14 00:00:00-05:00,37.959999084472656,38.09000015258789,36.650001525878906,37.400001525878906,1604000,0.0,0.0
2022-11-15 00:00:00-05:00,38.75,39.06999969482422,38.02000045776367,38.59000015258789,1635500,0.0,0.0
2022-11-16 00:00:00-05:00,37.689998626708984,38.290000915527344,37.02000045776367,37.58000183105469,1807300,0.0,0.0
2022-11-17 00:00:00-05:00,36.5,37.09299850463867,36.11000061035156,36.72999954223633,1738600,0.0,0.0
2022-11-18 00:00:00-05:00,37.5,37.5,36.09000015258789,36.59000015258789,2181300,0.0,0.0
2022-11-21 00:00:00-05:00,36.09000015258789,37.040000915527344,35.95500183105469,36.810001373291016,1654100,0.0,0.0
2022-11-22 00:00:00-05:00,36.93000030517578,36.93000030517578,35.599998474121094,36.33000183105469,1421000,0.0,0.0
2022-11-23 00:00:00-05:00,36.439998626708984,37.529998779296875,36.220001220703125,36.880001068115234,1172700,0.0,0.0
2022-11-25 00:00:00-05:00,36.40999984741211,36.959999084472656,36.30400085449219,36.709999084472656,490800,0.0,0.0
2022-11-28 00:00:00-05:00,36.40999984741211,37.08000183105469,36.33000183105469,36.779998779296875,1497700,0.0,0.0
2022-11-29 00:00:00-05:00,36.790000915527344,37.01499938964844,36.35499954223633,36.38999938964844,1046100,0.0,0.0
2022-11-30 00:00:00-05:00,35.959999084472656,38.83000183105469,35.88999938964844,38.75,2603000,0.0,0.0
2022-12-01 00:00:00-05:00,38.93000030517578,40.099998474121094,38.79499816894531,39.40999984741211,1782400,0.0,0.0
2022-12-02 00:00:00-05:00,38.65999984741211,39.400001525878906,38.54499816894531,39.060001373291016,1095100,0.0,0.0
2022-12-05 00:00:00-05:00,38.7400016784668,38.97999954223633,36.85499954223633,37.560001373291016,1718800,0.0,0.0
2022-12-06 00:00:00-05:00,37.560001373291016,37.650001525878906,35.50199890136719,36.0099983215332,2031200,0.0,0.0
2022-12-07 00:00:00-05:00,36.02000045776367,37.02000045776367,35.459999084472656,36.09000015258789,2754500,0.0,0.0
2022-12-08 00:00:00-05:00,36.380001068115234,37.83000183105469,35.64500045776367,37.470001220703125,1603900,0.0,0.0
2022-12-09 00:00:00-05:00,37.2599983215332,37.70000076293945,36.790000915527344,36.959999084472656,1178000,0.0,0.0
2022-12-12 00:00:00-05:00,37.209999084472656,38.4900016784668,37.1150016784668,38.290000915527344,1163500,0.0,0.0
2022-12-13 00:00:00-05:00,39.75,40.70000076293945,38.75,39.70000076293945,2273100,0.0,0.0
2022-12-14 00:00:00-05:00,39.70000076293945,41.150001525878906,39.599998474121094,40.810001373291016,3514800,0.0,0.0
2022-12-15 00:00:00-05:00,39.70000076293945,40.18000030517578,39.290000915527344,39.34000015258789,1896800,0.0,0.0
2022-12-16 00:00:00-05:00,39.349998474121094,39.75,38.43000030517578,38.70000076293945,2741800,0.0,0.0
2022-12-19 00:00:00-05:00,38.54999923706055,38.70000076293945,36.97999954223633,37.16999816894531,2873700,0.0,0.0
2022-12-20 00:00:00-05:00,36.75,37.999000549316406,36.75,37.810001373291016,2017700,0.0,0.0
2022-12-21 00:00:00-05:00,37.959999084472656,39.02000045776367,37.11000061035156,38.66999816894531,1803100,0.0,0.0
2022-12-22 00:00:00-05:00,38.119998931884766,38.209999084472656,36.72999954223633,37.33000183105469,1172100,0.0,0.0
2022-12-23 00:00:00-05:00,37.02000045776367,37.380001068115234,36.5099983215332,37.279998779296875,725600,0.0,0.0
2022-12-27 00:00:00-05:00,37.02000045776367,37.45000076293945,36.150001525878906,37.189998626708984,835100,0.0,0.0
2022-12-28 00:00:00-05:00,36.939998626708984,37.84600067138672,36.939998626708984,37.220001220703125,881100,0.0,0.0
2022-12-29 00:00:00-05:00,37.41999816894531,38.56999969482422,37.26499938964844,38.470001220703125,972300,0.0,0.0
2022-12-30 00:00:00-05:00,37.66999816894531,38.72999954223633,37.66999816894531,38.29999923706055,975000,0.0,0.0
2023-01-03 00:00:00-05:00,39.33000183105469,39.63999938964844,38.02000045776367,38.349998474121094,1181900,0.0,0.0
2023-01-04 00:00:00-05:00,38.91999816894531,38.91999816894531,38.029998779296875,38.59000015258789,1188000,0.0,0.0
2023-01-05 00:00:00-05:00,38.16999816894531,38.16999816894531,36.595001220703125,36.7599983215332,2147800,0.0,0.0
2023-01-06 00:00:00-05:00,37.20000076293945,37.20000076293945,35.810001373291016,36.25,1969500,0.0,0.0
2023-01-09 00:00:00-05:00,36.599998474121094,37.959999084472656,36.349998474121094,36.88999938964844,2718400,0.0,0.0
2023-01-10 00:00:00-05:00,35.79999923706055,36.75,35.66999816894531,36.689998626708984,1878600,0.0,0.0
2023-01-11 00:00:00-05:00,37.2400016784668,37.472999572753906,36.70000076293945,37.279998779296875,1205300,0.0,0.0
2023-01-12 00:00:00-05:00,37.439998626708984,37.459999084472656,35.904998779296875,36.63999938964844,2400200,0.0,0.0
2023-01-13 00:00:00-05:00,36.15999984741211,37.02000045776367,35.97999954223633,37.0099983215332,1583000,0.0,0.0
2023-01-17 00:00:00-05:00,36.90999984741211,37.90999984741211,36.52000045776367,37.54999923706055,2272900,0.0,0.0
2023-01-18 00:00:00-05:00,37.97999954223633,38.41999816894531,36.900001525878906,37.22999954223633,2206700,0.0,0.0
2023-01-19 00:00:00-05:00,36.91999816894531,37.400001525878906,36.0,36.02000045776367,1428800,0.0,0.0
2023-01-20 00:00:00-05:00,36.09000015258789,37.04999923706055,35.9900016784668,37.029998779296875,1796900,0.0,0.0
2023-01-23 00:00:00-05:00,37.27000045776367,38.060001373291016,36.88999938964844,38.02000045776367,1712500,0.0,0.0
2023-01-24 00:00:00-05:00,38.220001220703125,38.380001068115234,36.869998931884766,36.97999954223633,1440300,0.0,0.0
2023-01-25 00:00:00-05:00,36.189998626708984,36.91999816894531,35.38999938964844,36.88999938964844,1968800,0.0,0.0
2023-01-26 00:00:00-05:00,37.65999984741211,38.41999816894531,37.209999084472656,38.380001068115234,1429400,0.0,0.0
2023-01-27 00:00:00-05:00,38.040000915527344,38.95000076293945,38.040000915527344,38.2400016784668,2411300,0.0,0.0
2023-01-30 00:00:00-05:00,37.79999923706055,38.439998626708984,37.79999923706055,38.029998779296875,2038400,0.0,0.0
2023-01-31 00:00:00-05:00,37.83000183105469,38.46500015258789,37.709999084472656,38.43000030517578,2997300,0.0,0.0
2023-02-01 00:00:00-05:00,43.209999084472656,45.0,42.189998626708984,44.540000915527344,9765900,0.0,0.0
2023-02-02 00:00:00-05:00,45.650001525878906,47.0099983215332,45.439998626708984,46.31999969482422,7243900,0.0,0.0
2023-02-03 00:00:00-05:00,44.95000076293945,47.290000915527344,44.95000076293945,47.209999084472656,4889700,0.0,0.0
2023-02-06 00:00:00-05:00,46.88999938964844,47.73500061035156,46.1349983215332,46.33000183105469,3277000,0.0,0.0
2023-02-07 00:00:00-05:00,46.33000183105469,47.999000549316406,45.540000915527344,47.970001220703125,2351700,0.0,0.0
2023-02-08 00:00:00-05:00,44.95000076293945,45.13999938964844,43.709999084472656,44.09000015258789,11791600,0.0,0.0
2023-02-09 00:00:00-05:00,44.40999984741211,45.189998626708984,43.77000045776367,44.11000061035156,8444100,0.0,0.0
2023-02-10 00:00:00-05:00,43.5099983215332,43.9900016784668,43.02000045776367,43.349998474121094,3723100,0.0,0.0
2023-02-13 00:00:00-05:00,43.68000030517578,44.029998779296875,43.22999954223633,43.529998779296875,3879700,0.0,0.0
2023-02-14 00:00:00-05:00,43.400001525878906,44.58000183105469,42.88999938964844,44.369998931884766,3343700,0.0,0.0
2023-02-15 00:00:00-05:00,44.16999816894531,45.06999969482422,44.130001068115234,44.29999923706055,3269600,0.0,0.0
2023-02-16 00:00:00-05:00,43.4900016784668,44.650001525878906,43.33000183105469,43.77000045776367,2545600,0.0,0.0
2023-02-17 00:00:00-05:00,43.369998931884766,43.47999954223633,42.41999816894531,42.709999084472656,2489800,0.0,0.0
2023-02-21 00:00:00-05:00,41.959999084472656,43.150001525878906,41.900001525878906,42.5,1905200,0.0,0.0
2023-02-22 00:00:00-05:00,43.0,43.40999984741211,42.48500061035156,43.060001373291016,2165900,0.0,0.0
2023-02-23 00:00:00-05:00,43.63999938964844,43.869998931884766,42.63999938964844,43.380001068115234,1695800,0.0,0.0
2023-02-24 00:00:00-05:00,42.43000030517578,43.005001068115234,42.27000045776367,42.939998626708984,3353300,0.0,0.0
2023-02-27 00:00:00-05:00,43.25,44.13999938964844,42.68000030517578,43.029998779296875,5854200,0.0,0.0
2023-02-28 00:00:00-05:00,43.099998474121094,43.702999114990234,42.33000183105469,42.529998779296875,3800400,0.0,0.0
2023-03-01 00:00:00-05:00,42.47999954223633,42.68000030517578,42.02000045776367,42.189998626708984,1719700,0.0,0.0
2023-03-02 00:00:00-05:00,41.91999816894531,42.4900016784668,41.540000915527344,42.15999984741211,2498800,0.0,0.0
2023-03-03 00:00:00-05:00,42.52000045776367,43.64500045776367,42.439998626708984,43.36000061035156,2155200,0.0,0.0
2023-03-06 00:00:00-05:00,43.38999938964844,43.619998931884766,42.630001068115234,42.650001525878906,2426100,0.0,0.0
2023-03-07 00:00:00-05:00,42.65999984741211,42.900001525878906,42.0099983215332,42.130001068115234,1268100,0.0,0.0
2023-03-08 00:00:00-05:00,42.08000183105469,42.34000015258789,41.7599983215332,42.22999954223633,1452500,0.0,0.0
2023-03-09 00:00:00-05:00,42.09000015258789,42.45000076293945,40.459999084472656,40.5,1445100,0.0,0.0
2023-03-10 00:00:00-05:00,40.25,40.25,38.150001525878906,38.33000183105469,4429800,0.0,0.0
2023-03-13 00:00:00-04:00,37.869998931884766,39.095001220703125,37.209999084472656,38.36000061035156,2338900,0.0,0.0
2023-03-14 00:00:00-04:00,39.220001220703125,39.650001525878906,38.654998779296875,39.11000061035156,1687000,0.0,0.0
2023-03-15 00:00:00-04:00,38.369998931884766,38.79499816894531,38.119998931884766,38.349998474121094,2341400,0.0,0.0
2023-03-16 00:00:00-04:00,38.099998474121094,39.25,37.779998779296875,38.689998626708984,2296500,0.0,0.0
2023-03-17 00:00:00-04:00,38.79999923706055,39.275001525878906,38.130001068115234,38.7599983215332,2680400,0.0,0.0
2023-03-20 00:00:00-04:00,38.599998474121094,38.66999816894531,37.7599983215332,38.369998931884766,1743800,0.0,0.0
2023-03-21 00:00:00-04:00,38.59000015258789,39.380001068115234,38.349998474121094,39.2400016784668,1481600,0.0,0.0
2023-03-22 00:00:00-04:00,39.08000183105469,39.21500015258789,38.06999969482422,38.15999984741211,2333300,0.0,0.0
2023-03-23 00:00:00-04:00,39.150001525878906,39.95000076293945,38.880001068115234,39.40999984741211,2094800,0.0,0.0
2023-03-24 00:00:00-04:00,39.16999816894531,39.29999923706055,38.630001068115234,39.130001068115234,1453300,0.0,0.0
2023-03-27 00:00:00-04:00,39.33000183105469,39.650001525878906,38.959999084472656,39.38999938964844,2119500,0.0,0.0
2023-03-28 00:00:00-04:00,39.130001068115234,39.47999954223633,39.04999923706055,39.209999084472656,1304800,0.0,0.0
2023-03-29 00:00:00-04:00,39.560001373291016,40.41999816894531,39.369998931884766,40.41999816894531,1907400,0.0,0.0
2023-03-30 00:00:00-04:00,40.970001220703125,40.970001220703125,40.20000076293945,40.459999084472656,1911900,0.0,0.0
2023-03-31 00:00:00-04:00,40.599998474121094,42.689998626708984,40.5099983215332,42.29999923706055,2548000,0.0,0.0
2023-04-03 00:00:00-04:00,41.91999816894531,42.40999984741211,41.665000915527344,42.25,2064800,0.0,0.0
2023-04-04 00:00:00-04:00,42.65999984741211,42.79999923706055,41.790000915527344,42.189998626708984,2502500,0.0,0.0
2023-04-05 00:00:00-04:00,41.93000030517578,42.040000915527344,40.279998779296875,41.06999969482422,2574000,0.0,0.0
2023-04-06 00:00:00-04:00,40.7599983215332,41.38999938964844,40.27000045776367,41.29999923706055,923000,0.0,0.0
2023-04-10 00:00:00-04:00,40.689998626708984,41.904998779296875,40.404998779296875,41.65999984741211,1663700,0.0,0.0
2023-04-11 00:00:00-04:00,41.31999969482422,41.76499938964844,40.86000061035156,41.5099983215332,2743000,0.0,0.0
2023-04-12 00:00:00-04:00,42.06999969482422,42.369998931884766,41.15999984741211,41.25,1475600,0.0,0.0
2023-04-13 00:00:00-04:00,41.63999938964844,42.2400016784668,41.400001525878906,42.209999084472656,1425700,0.0,0.0
2023-04-14 00:00:00-04:00,41.93000030517578,42.63999938964844,41.5099983215332,42.279998779296875,2139900,0.0,0.0
2023-04-17 00:00:00-04:00,42.369998931884766,42.69499969482422,42.16999816894531,42.650001525878906,1172100,0.0,0.0
2023-04-18 00:00:00-04:00,43.11000061035156,43.42499923706055,42.81999969482422,43.38999938964844,2517700,0.0,0.0
2023-04-19 00:00:00-04:00,42.959999084472656,43.310001373291016,42.7400016784668,42.88999938964844,1577400,0.0,0.0
2023-04-20 00:00:00-04:00,42.27000045776367,42.56999969482422,42.084999084472656,42.25,1295300,0.0,0.0
2023-04-21 00:00:00-04:00,42.45000076293945,42.80500030517578,42.310001373291016,42.650001525878906,1172900,0.0,0.0
2023-04-24 00:00:00-04:00,42.70000076293945,43.08000183105469,42.18000030517578,42.75,2319100,0.0,0.0
2023-04-25 00:00:00-04:00,42.040000915527344,42.40999984741211,40.43000030517578,40.84000015258789,4199200,0.0,0.0
2023-04-26 00:00:00-04:00,41.33000183105469,42.189998626708984,41.27000045776367,41.79999923706055,1686800,0.0,0.0
2023-04-27 00:00:00-04:00,42.33000183105469,42.5099983215332,41.6510009765625,42.439998626708984,1890200,0.0,0.0
2023-04-28 00:00:00-04:00,41.79999923706055,42.32500076293945,41.400001525878906,42.279998779296875,1771400,0.0,0.0
2023-05-01 00:00:00-04:00,42.0,42.470001220703125,41.83000183105469,42.38999938964844,1806900,0.0,0.0
2023-05-02 00:00:00-04:00,41.91999816894531,42.33000183105469,41.064998626708984,41.31999969482422,2112400,0.0,0.0
2023-05-03 00:00:00-04:00,40.84000015258789,42.900001525878906,40.56999969482422,42.36000061035156,2949200,0.0,0.0
2023-05-04 00:00:00-04:00,42.77000045776367,43.97999954223633,42.5,43.650001525878906,3264000,0.0,0.0
2023-05-05 00:00:00-04:00,44.0,44.63999938964844,43.849998474121094,43.959999084472656,2907800,0.0,0.0
2023-05-08 00:00:00-04:00,44.029998779296875,44.45000076293945,43.35499954223633,43.959999084472656,2004200,0.0,0.0
2023-05-09 00:00:00-04:00,43.779998779296875,44.44499969482422,43.779998779296875,44.290000915527344,1810700,0.0,0.0
2023-05-10 00:00:00-04:00,44.86000061035156,46.29999923706055,44.71099853515625,46.2599983215332,3798300,0.0,0.0
2023-05-11 00:00:00-04:00,46.369998931884766,47.029998779296875,45.880001068115234,46.959999084472656,3866400,0.0,0.0
2023-05-12 00:00:00-04:00,46.650001525878906,46.849998474121094,45.79499816894531,46.58000183105469,2968400,0.0,0.0
2023-05-15 00:00:00-04:00,46.560001373291016,46.88100051879883,46.130001068115234,46.59000015258789,4094400,0.0,0.0
2023-05-16 00:00:00-04:00,46.619998931884766,46.90999984741211,45.77000045776367,46.810001373291016,5471800,0.0,0.0
2023-05-17 00:00:00-04:00,45.97999954223633,47.91999816894531,44.599998474121094,47.06999969482422,6848800,0.0,0.0
2023-05-18 00:00:00-04:00,48.25,49.78300094604492,47.75,49.18000030517578,8106000,0.0,0.0
2023-05-19 00:00:00-04:00,49.20000076293945,49.439998626708984,48.599998474121094,49.029998779296875,2714100,0.0,0.0
2023-05-22 00:00:00-04:00,48.79999923706055,49.599998474121094,48.63999938964844,49.16999816894531,4415800,0.0,0.0
2023-05-23 00:00:00-04:00,49.040000915527344,50.4900016784668,48.77000045776367,48.939998626708984,4102200,0.0,0.0
2023-05-24 00:00:00-04:00,48.56999969482422,49.47999954223633,48.2140007019043,49.150001525878906,2077500,0.0,0.0
2023-05-25 00:00:00-04:00,50.15999984741211,50.470001220703125,48.6150016784668,48.939998626708984,2881200,0.0,0.0
2023-05-26 00:00:00-04:00,49.29999923706055,50.2400016784668,48.810001373291016,49.70000076293945,2908300,0.0,0.0
2023-05-30 00:00:00-04:00,51.0,51.25,49.68000030517578,50.459999084472656,2933500,0.0,0.0
2023-05-31 00:00:00-04:00,50.29999923706055,51.08000183105469,49.79999923706055,50.9900016784668,3811600,0.0,0.0
2023-06-01 00:00:00-04:00,50.529998779296875,51.83000183105469,49.849998474121094,51.63999938964844,3001100,0.0,0.0
2023-06-02 00:00:00-04:00,52.0,52.970001220703125,51.83300018310547,52.619998931884766,3605700,0.0,0.0
2023-06-05 00:00:00-04:00,52.119998931884766,52.9900016784668,51.58000183105469,52.79999923706055,2203400,0.0,0.0
2023-06-06 00:00:00-04:00,50.099998474121094,52.939998626708984,50.08000183105469,52.65999984741211,3437800,0.0,0.0
2023-06-07 00:00:00-04:00,51.75,51.970001220703125,49.9900016784668,50.599998474121094,10385700,0.0,0.0
2023-06-08 00:00:00-04:00,50.599998474121094,51.290000915527344,50.029998779296875,50.70000076293945,3600300,0.0,0.0
2023-06-09 00:00:00-04:00,51.2599983215332,51.9900016784668,50.470001220703125,50.959999084472656,2640400,0.0,0.0
2023-06-12 00:00:00-04:00,51.310001373291016,51.790000915527344,50.619998931884766,51.7400016784668,2867200,0.0,0.0
2023-06-13 00:00:00-04:00,51.97999954223633,52.0,51.22999954223633,51.56999969482422,3210600,0.0,0.0
2023-06-14 00:00:00-04:00,51.310001373291016,51.86000061035156,50.89099884033203,51.81999969482422,2740900,0.0,0.0
2023-06-15 00:00:00-04:00,51.5,52.75,51.44499969482422,52.349998474121094,3129100,0.0,0.0
2023-06-16 00:00:00-04:00,52.72999954223633,52.849998474121094,51.04999923706055,51.209999084472656,3588600,0.0,0.0
2023-06-20 00:00:00-04:00,50.709999084472656,51.4900016784668,50.380001068115234,51.0,2395500,0.0,0.0
2023-06-21 00:00:00-04:00,51.02000045776367,51.09000015258789,50.189998626708984,50.79999923706055,3278900,0.0,0.0
2023-06-22 00:00:00-04:00,50.59000015258789,51.400001525878906,50.250999450683594,51.02000045776367,2203700,0.0,0.0
2023-06-23 00:00:00-04:00,50.599998474121094,51.183998107910156,50.31999969482422,50.58000183105469,2391100,0.0,0.0
2023-06-26 00:00:00-04:00,50.369998931884766,50.90999984741211,49.88999938964844,50.02000045776367,2007100,0.0,0.0
2023-06-27 00:00:00-04:00,50.459999084472656,50.79999923706055,49.880001068115234,50.4900016784668,1439800,0.0,0.0
2023-06-28 00:00:00-04:00,50.5099983215332,52.310001373291016,50.474998474121094,51.20000076293945,3452500,0.0,0.0
2023-06-29 00:00:00-04:00,51.4900016784668,51.70600128173828,50.70000076293945,50.9900016784668,1363100,0.0,0.0
2023-06-30 00:00:00-04:00,51.439998626708984,51.83000183105469,51.084999084472656,51.470001220703125,1754800,0.0,0.0
2023-07-03 00:00:00-04:00,51.54999923706055,51.7599983215332,50.90999984741211,51.31999969482422,925400,0.0,0.0
2023-07-05 00:00:00-04:00,50.91999816894531,51.55500030517578,50.720001220703125,51.40999984741211,1725500,0.0,0.0
2023-07-06 00:00:00-04:00,51.0,51.38999938964844,50.29999923706055,51.310001373291016,1732200,0.0,0.0
2023-07-07 00:00:00-04:00,51.2599983215332,52.7599983215332,51.119998931884766,51.13999938964844,3827500,0.0,0.0
2023-07-10 00:00:00-04:00,50.86000061035156,52.79999923706055,50.5099983215332,52.77000045776367,2333900,0.0,0.0
2023-07-11 00:00:00-04:00,53.119998931884766,55.150001525878906,53.0,54.970001220703125,4664000,0.0,0.0
2023-07-12 00:00:00-04:00,55.63999938964844,55.869998931884766,54.060001373291016,54.11000061035156,2310100,0.0,0.0
2023-07-13 00:00:00-04:00,54.54999923706055,55.290000915527344,54.45000076293945,54.900001525878906,2575300,0.0,0.0
2023-07-14 00:00:00-04:00,55.0,55.29999923706055,54.41999816894531,54.619998931884766,1070300,0.0,0.0
2023-07-17 00:00:00-04:00,54.459999084472656,55.290000915527344,54.29999923706055,54.97999954223633,1633000,0.0,0.0
2023-07-18 00:00:00-04:00,54.849998474121094,54.900001525878906,53.849998474121094,54.56999969482422,2685900,0.0,0.0
2023-07-19 00:00:00-04:00,55.5099983215332,55.75,53.505001068115234,54.099998474121094,2769400,0.0,0.0
2023-07-20 00:00:00-04:00,53.4900016784668,54.084999084472656,52.65999984741211,52.7599983215332,2613600,0.0,0.0
2023-07-21 00:00:00-04:00,53.33000183105469,53.459999084472656,52.150001525878906,52.31999969482422,1911400,0.0,0.0
2023-07-24 00:00:00-04:00,52.45000076293945,52.47999954223633,51.439998626708984,52.08000183105469,1786400,0.0,0.0
2023-07-25 00:00:00-04:00,52.65999984741211,53.797000885009766,52.290000915527344,53.56999969482422,2450700,0.0,0.0
2023-07-26 00:00:00-04:00,53.38999938964844,53.970001220703125,52.65999984741211,53.689998626708984,2106900,0.0,0.0
2023-07-27 00:00:00-04:00,54.59000015258789,54.7140007019043,53.540000915527344,54.15999984741211,3764100,0.0,0.0
2023-07-28 00:00:00-04:00,54.75,55.08000183105469,53.38999938964844,54.029998779296875,2541000,0.0,0.0
2023-07-31 00:00:00-04:00,54.61000061035156,55.31999969482422,54.512001037597656,54.689998626708984,2303800,0.0,0.0
2023-08-01 00:00:00-04:00,54.5,55.560001373291016,53.79999923706055,55.189998626708984,4046100,0.0,0.0
2023-08-02 00:00:00-04:00,48.625,50.41999816894531,47.130001068115234,47.849998474121094,13090200,0.0,0.0
2023-08-03 00:00:00-04:00,47.7599983215332,48.3849983215332,46.97999954223633,47.7400016784668,4384900,0.0,0.0
2023-08-04 00:00:00-04:00,48.119998931884766,48.349998474121094,47.15999984741211,47.2599983215332,3446600,0.0,0.0
2023-08-07 00:00:00-04:00,47.380001068115234,48.70000076293945,47.279998779296875,48.279998779296875,2096900,0.0,0.0
2023-08-08 00:00:00-04:00,47.47999954223633,47.71500015258789,46.459999084472656,47.20000076293945,2569100,0.0,0.0
2023-08-09 00:00:00-04:00,47.369998931884766,47.45000076293945,46.17499923706055,46.31999969482422,2117400,0.0,0.0
2023-08-10 00:00:00-04:00,46.72999954223633,46.91999816894531,46.0,46.18000030517578,3041000,0.0,0.0
2023-08-11 00:00:00-04:00,45.93000030517578,46.415000915527344,45.61000061035156,45.93000030517578,2789200,0.0,0.0
2023-08-14 00:00:00-04:00,45.7599983215332,46.5,45.27000045776367,46.29999923706055,1711300,0.0,0.0
2023-08-15 00:00:00-04:00,45.959999084472656,46.150001525878906,45.474998474121094,45.61000061035156,2399200,0.0,0.0
2023-08-16 00:00:00-04:00,45.4900016784668,46.43000030517578,45.400001525878906,46.06999969482422,1870100,0.0,0.0
2023-08-17 00:00:00-04:00,46.04999923706055,46.400001525878906,45.41999816894531,45.65999984741211,1769200,0.0,0.0
2023-08-18 00:00:00-04:00,45.36000061035156,46.79499816894531,45.310001373291016,46.41999816894531,1745900,0.0,0.0
2023-08-21 00:00:00-04:00,46.779998779296875,47.060001373291016,46.02000045776367,46.369998931884766,1839000,0.0,0.0
2023-08-22 00:00:00-04:00,46.790000915527344,46.91999816894531,46.040000915527344,46.13999938964844,1399100,0.0,0.0
2023-08-23 00:00:00-04:00,46.369998931884766,47.165000915527344,46.0099983215332,46.630001068115234,2016200,0.0,0.0
2023-08-24 00:00:00-04:00,46.970001220703125,47.22999954223633,45.68000030517578,45.689998626708984,2369300,0.0,0.0
2023-08-25 00:00:00-04:00,45.75,47.15999984741211,45.75,46.689998626708984,1887600,0.0,0.0
2023-08-28 00:00:00-04:00,46.79999923706055,47.09000015258789,46.58000183105469,46.790000915527344,1211800,0.0,0.0
2023-08-29 00:00:00-04:00,46.560001373291016,47.5099983215332,46.22999954223633,47.33000183105469,1656000,0.0,0.0
2023-08-30 00:00:00-04:00,47.38999938964844,48.09000015258789,47.349998474121094,47.86000061035156,1570700,0.0,0.0
2023-08-31 00:00:00-04:00,48.099998474121094,48.779998779296875,47.86000061035156,48.20000076293945,3308700,0.0,0.0
2023-09-01 00:00:00-04:00,48.709999084472656,48.959999084472656,47.90999984741211,48.189998626708984,1415700,0.0,0.0
2023-09-05 00:00:00-04:00,47.630001068115234,48.08000183105469,47.2400016784668,47.81999969482422,1508500,0.0,0.0
2023-09-06 00:00:00-04:00,47.099998474121094,48.31999969482422,47.060001373291016,48.15999984741211,1489000,0.0,0.0
2023-09-07 00:00:00-04:00,47.650001525878906,48.369998931884766,47.38999938964844,48.349998474121094,1694800,0.0,0.0
2023-09-08 00:00:00-04:00,48.439998626708984,48.689998626708984,47.34000015258789,47.36000061035156,1469500,0.0,0.0
2023-09-11 00:00:00-04:00,47.619998931884766,48.529998779296875,47.43000030517578,48.5,1872600,0.0,0.0
2023-09-12 00:00:00-04:00,47.86000061035156,48.47999954223633,47.47999954223633,47.5,1700200,0.0,0.0
2023-09-13 00:00:00-04:00,47.54999923706055,48.25,47.43000030517578,47.66999816894531,2200300,0.0,0.0
2023-09-14 00:00:00-04:00,47.779998779296875,47.845001220703125,47.0,47.13999938964844,3123200,0.0,0.0
2023-09-15 00:00:00-04:00,46.869998931884766,47.099998474121094,45.86000061035156,46.41999816894531,8814200,0.0,0.0
2023-09-18 00:00:00-04:00,46.209999084472656,47.29999923706055,46.16999816894531,46.90999984741211,2235900,0.0,0.0
2023-09-19 00:00:00-04:00,46.91999816894531,47.54999923706055,46.529998779296875,47.400001525878906,2502700,0.0,0.0
2023-09-20 00:00:00-04:00,47.279998779296875,47.46500015258789,46.14500045776367,46.25,3377600,0.0,0.0
2023-09-21 00:00:00-04:00,46.529998779296875,47.08000183105469,46.34000015258789,46.41999816894531,2870800,0.0,0.0
2023-09-22 00:00:00-04:00,46.7599983215332,47.02000045776367,46.18000030517578,46.65999984741211,2172500,0.0,0.0
2023-09-25 00:00:00-04:00,46.81999969482422,47.220001220703125,46.47999954223633,47.08000183105469,2226300,0.0,0.0
2023-09-26 00:00:00-04:00,46.810001373291016,47.0,45.459999084472656,45.59000015258789,1790100,0.0,0.0
2023-09-27 00:00:00-04:00,45.849998474121094,46.404998779296875,45.53499984741211,46.209999084472656,1351700,0.0,0.0
2023-09-28 00:00:00-04:00,45.93000030517578,47.130001068115234,45.689998626708984,46.68000030517578,1327100,0.0,0.0
2023-09-29 00:00:00-04:00,47.34000015258789,47.63999938964844,46.58000183105469,46.72999954223633,2006300,0.0,0.0
2023-10-02 00:00:00-04:00,46.68000030517578,47.43000030517578,46.599998474121094,46.93000030517578,1150100,0.0,0.0
2023-10-03 00:00:00-04:00,46.36000061035156,46.56999969482422,45.44499969482422,45.779998779296875,1518000,0.0,0.0
2023-10-04 00:00:00-04:00,45.810001373291016,46.79999923706055,45.79999923706055,46.68000030517578,1848000,0.0,0.0
2023-10-05 00:00:00-04:00,46.540000915527344,47.119998931884766,45.97999954223633,47.02000045776367,1517300,0.0,0.0
2023-10-06 00:00:00-04:00,46.75,48.70000076293945,46.63999938964844,48.33000183105469,1473400,0.0,0.0
2023-10-09 00:00:00-04:00,47.70000076293945,48.720001220703125,47.52000045776367,48.400001525878906,947700,0.0,0.0
2023-10-10 00:00:00-04:00,48.43000030517578,49.2400016784668,48.290000915527344,48.650001525878906,1400700,0.0,0.0
2023-10-11 00:00:00-04:00,48.869998931884766,48.88999938964844,47.86000061035156,48.18000030517578,1485800,0.0,0.0
2023-10-12 00:00:00-04:00,49.66999816894531,49.900001525878906,47.400001525878906,47.75,1719800,0.0,0.0
2023-10-13 00:00:00-04:00,47.720001220703125,47.91999816894531,46.779998779296875,47.09000015258789,1061600,0.0,0.0
2023-10-16 00:00:00-04:00,47.25,48.7400016784668,47.16999816894531,48.33000183105469,1506700,0.0,0.0
2023-10-17 00:00:00-04:00,47.900001525878906,49.380001068115234,47.73099899291992,48.72999954223633,1940600,0.0,0.0
2023-10-18 00:00:00-04:00,48.43000030517578,48.540000915527344,47.78499984741211,47.810001373291016,1075700,0.0,0.0
2023-10-19 00:00:00-04:00,48.0,48.349998474121094,47.36000061035156,47.599998474121094,1205500,0.0,0.0
2023-10-20 00:00:00-04:00,47.31999969482422,47.560001373291016,45.83000183105469,46.31999969482422,1278300,0.0,0.0
2023-10-23 00:00:00-04:00,46.52000045776367,47.029998779296875,45.900001525878906,46.400001525878906,1619200,0.0,0.0
2023-10-24 00:00:00-04:00,47.08000183105469,47.529998779296875,46.73500061035156,47.369998931884766,1618100,0.0,0.0
2023-10-25 00:00:00-04:00,46.95000076293945,47.099998474121094,44.560001373291016,44.58000183105469,2449300,0.0,0.0
2023-10-26 00:00:00-04:00,44.7400016784668,45.32500076293945,43.68000030517578,44.099998474121094,2877600,0.0,0.0
2023-10-27 00:00:00-04:00,44.150001525878906,44.439998626708984,43.290000915527344,43.77000045776367,1707600,0.0,0.0
2023-10-30 00:00:00-04:00,43.9900016784668,44.560001373291016,43.529998779296875,43.970001220703125,2101900,0.0,0.0
2023-10-31 00:00:00-04:00,43.97999954223633,45.10499954223633,43.79499816894531,44.709999084472656,1456100,0.0,0.0
2023-11-01 00:00:00-04:00,44.560001373291016,44.93000030517578,43.66999816894531,44.400001525878906,4427100,0.0,0.0
2023-11-02 00:00:00-04:00,48.0099983215332,48.70000076293945,44.2400016784668,45.58000183105469,4493800,0.0,0.0
2023-11-03 00:00:00-04:00,46.25,48.560001373291016,46.25,47.65999984741211,2870500,0.0,0.0
2023-11-06 00:00:00-05:00,47.849998474121094,48.0,46.93000030517578,47.279998779296875,2149500,0.0,0.0
2023-11-07 00:00:00-05:00,47.529998779296875,49.43000030517578,47.31999969482422,48.77000045776367,8142500,0.0,0.0
2023-11-08 00:00:00-05:00,49.0,49.61000061035156,48.7400016784668,49.349998474121094,3387600,0.0,0.0
2023-11-09 00:00:00-05:00,48.93000030517578,50.2400016784668,48.47999954223633,49.349998474121094,3610200,0.0,0.0
2023-11-10 00:00:00-05:00,49.52000045776367,50.814998626708984,49.34000015258789,50.5099983215332,3449700,0.0,0.0
2023-11-13 00:00:00-05:00,50.54999923706055,51.529998779296875,50.29499816894531,51.400001525878906,2532200,0.0,0.0
2023-11-14 00:00:00-05:00,52.31999969482422,52.599998474121094,51.88999938964844,52.540000915527344,2991100,0.0,0.0
2023-11-15 00:00:00-05:00,50.79999923706055,51.60499954223633,50.55500030517578,50.959999084472656,6783400,0.0,0.0
2023-11-16 00:00:00-05:00,51.0,51.11000061035156,50.33300018310547,51.08000183105469,3680000,0.0,0.0
2023-11-17 00:00:00-05:00,50.959999084472656,51.59000015258789,50.8650016784668,51.20000076293945,2119400,0.0,0.0
2023-11-20 00:00:00-05:00,50.869998931884766,52.09000015258789,50.75,51.7599983215332,2228800,0.0,0.0
2023-11-21 00:00:00-05:00,51.209999084472656,52.279998779296875,51.0099983215332,52.2599983215332,2214600,0.0,0.0
2023-11-22 00:00:00-05:00,52.45000076293945,52.779998779296875,51.91999816894531,51.91999816894531,2077200,0.0,0.0
2023-11-24 00:00:00-05:00,51.709999084472656,52.380001068115234,51.606998443603516,52.209999084472656,516600,0.0,0.0
2023-11-27 00:00:00-05:00,51.9900016784668,52.310001373291016,51.720001220703125,52.04999923706055,1766900,0.0,0.0
2023-11-28 00:00:00-05:00,52.0,52.540000915527344,51.8849983215332,52.25,1635500,0.0,0.0
2023-11-29 00:00:00-05:00,53.0,53.83000183105469,52.78499984741211,53.43000030517578,3002100,0.0,0.0
2023-11-30 00:00:00-05:00,53.630001068115234,54.02000045776367,52.810001373291016,53.54999923706055,2346900,0.0,0.0
2023-12-01 00:00:00-05:00,53.459999084472656,54.86000061035156,53.25,54.81999969482422,2971800,0.0,0.0
2023-12-04 00:00:00-05:00,54.470001220703125,55.18000030517578,54.18000030517578,54.72999954223633,2861000,0.0,0.0
2023-12-05 00:00:00-05:00,54.40999984741211,54.709999084472656,53.86000061035156,54.459999084472656,1223500,0.0,0.0
2023-12-06 00:00:00-05:00,54.45000076293945,54.93000030517578,54.16999816894531,54.189998626708984,1953200,0.0,0.0
2023-12-07 00:00:00-05:00,53.90999984741211,54.31999969482422,53.689998626708984,53.939998626708984,1894700,0.0,0.0
2023-12-08 00:00:00-05:00,53.59000015258789,54.16999816894531,53.45000076293945,54.130001068115234,2036300,0.0,0.0
2023-12-11 00:00:00-05:00,53.93000030517578,54.83000183105469,53.709999084472656,54.52000045776367,1772400,0.0,0.0
2023-12-12 00:00:00-05:00,54.47999954223633,55.150001525878906,54.05500030517578,54.7400016784668,2181600,0.0,0.0
2023-12-13 00:00:00-05:00,54.97999954223633,55.1609992980957,53.849998474121094,54.650001525878906,2751900,0.0,0.0
2023-12-14 00:00:00-05:00,54.689998626708984,55.45000076293945,53.59000015258789,54.630001068115234,3162800,0.0,0.0
2023-12-15 00:00:00-05:00,54.70000076293945,54.88999938964844,54.13999938964844,54.619998931884766,3571400,0.0,0.0
2023-12-18 00:00:00-05:00,54.54999923706055,55.56999969482422,54.34000015258789,55.529998779296875,2806100,0.0,0.0
2023-12-19 00:00:00-05:00,55.77000045776367,56.18000030517578,54.95000076293945,55.18000030517578,2025800,0.0,0.0
2023-12-20 00:00:00-05:00,54.709999084472656,54.86000061035156,53.9900016784668,54.06999969482422,2104400,0.0,0.0
2023-12-21 00:00:00-05:00,54.560001373291016,55.279998779296875,54.154998779296875,55.22999954223633,1396700,0.0,0.0
2023-12-22 00:00:00-05:00,55.33000183105469,55.66999816894531,54.869998931884766,55.369998931884766,3046100,0.0,0.0
2023-12-26 00:00:00-05:00,55.40999984741211,55.88999938964844,55.17599868774414,55.849998474121094,1895400,0.0,0.0
2023-12-27 00:00:00-05:00,55.900001525878906,56.11000061035156,55.33000183105469,55.38999938964844,888100,0.0,0.0
2023-12-28 00:00:00-05:00,55.41999816894531,55.599998474121094,55.119998931884766,55.369998931884766,1103600,0.0,0.0
2023-12-29 00:00:00-05:00,55.25,55.40999984741211,54.56999969482422,54.689998626708984,1387000,0.0,0.0
2024-01-02 00:00:00-05:00,54.11000061035156,54.11000061035156,52.11000061035156,52.79999923706055,2138500,0.0,0.0
2024-01-03 00:00:00-05:00,52.244998931884766,52.29800033569336,51.4900016784668,51.63999938964844,2273300,0.0,0.0
2024-01-04 00:00:00-05:00,51.5,51.939998626708984,51.040000915527344,51.65999984741211,2378100,0.0,0.0
2024-01-05 00:00:00-05:00,51.97999954223633,52.47999954223633,51.40999984741211,51.75,3058100,0.0,0.0
2024-01-08 00:00:00-05:00,52.33000183105469,53.77000045776367,52.33000183105469,53.75,1928200,0.0,0.0
2024-01-09 00:00:00-05:00,53.400001525878906,54.06999969482422,53.2400016784668,53.79999923706055,1502000,0.0,0.0
2024-01-10 00:00:00-05:00,54.08000183105469,54.97999954223633,53.59000015258789,54.869998931884766,1672800,0.0,0.0
2024-01-11 00:00:00-05:00,55.099998474121094,56.36000061035156,54.779998779296875,56.349998474121094,2825900,0.0,0.0
2024-01-12 00:00:00-05:00,56.4900016784668,56.900001525878906,56.09000015258789,56.25,1921800,0.0,0.0
2024-01-16 00:00:00-05:00,56.18000030517578,56.81999969482422,55.38999938964844,55.779998779296875,1570800,0.0,0.0
2024-01-17 00:00:00-05:00,55.25,55.68000030517578,54.119998931884766,55.66999816894531,1594200,0.0,0.0
2024-01-18 00:00:00-05:00,56.470001220703125,57.11000061035156,55.810001373291016,57.04999923706055,2222600,0.0,0.0
2024-01-19 00:00:00-05:00,57.380001068115234,57.939998626708984,56.939998626708984,57.900001525878906,2599200,0.0,0.0
2024-01-22 00:00:00-05:00,58.70000076293945,59.18000030517578,58.0099983215332,58.290000915527344,2115300,0.0,0.0
2024-01-23 00:00:00-05:00,58.290000915527344,58.5,57.900001525878906,58.2400016784668,1575600,0.0,0.0
2024-01-24 00:00:00-05:00,58.779998779296875,59.38100051879883,58.380001068115234,58.650001525878906,2995400,0.0,0.0
2024-01-25 00:00:00-05:00,58.939998626708984,59.0099983215332,57.86000061035156,58.189998626708984,2011900,0.0,0.0
2024-01-26 00:00:00-05:00,58.040000915527344,58.5,57.619998931884766,58.2599983215332,1999000,0.0,0.0
2024-01-29 00:00:00-05:00,58.529998779296875,59.84000015258789,58.529998779296875,59.83000183105469,2824600,0.0,0.0
2024-01-30 00:00:00-05:00,59.900001525878906,59.959999084472656,59.22999954223633,59.349998474121094,2131600,0.0,0.0
2024-01-31 00:00:00-05:00,58.470001220703125,58.61000061035156,56.959999084472656,57.0,2242300,0.0,0.0
2024-02-01 00:00:00-05:00,57.36000061035156,58.529998779296875,57.36000061035156,58.29999923706055,1938100,0.0,0.0
2024-02-02 00:00:00-05:00,59.040000915527344,61.32500076293945,58.9900016784668,60.70000076293945,3990500,0.0,0.0
2024-02-05 00:00:00-05:00,61.22999954223633,61.40999984741211,58.90999984741211,60.029998779296875,2651400,0.0,0.0
2024-02-06 00:00:00-05:00,60.54999923706055,60.7599983215332,58.86000061035156,59.58000183105469,2060100,0.0,0.0
2024-02-07 00:00:00-05:00,59.900001525878906,61.0,59.58000183105469,60.650001525878906,3110900,0.0,0.0
2024-02-08 00:00:00-05:00,54.494998931884766,57.119998931884766,54.130001068115234,56.06999969482422,12025300,0.0,0.0
2024-02-09 00:00:00-05:00,56.619998931884766,57.334999084472656,53.220001220703125,53.79999923706055,5311900,0.0,0.0
2024-02-12 00:00:00-05:00,53.0,53.52000045776367,52.380001068115234,52.41999816894531,7102200,0.0,0.0
2024-02-13 00:00:00-05:00,50.70000076293945,52.4900016784668,50.529998779296875,52.060001373291016,5536200,0.0,0.0
2024-02-14 00:00:00-05:00,52.5,53.20000076293945,52.2400016784668,52.7599983215332,4335000,0.0,0.0
2024-02-15 00:00:00-05:00,53.040000915527344,53.040000915527344,51.58000183105469,52.09000015258789,5437400,0.0,0.0
2024-02-16 00:00:00-05:00,52.400001525878906,52.7400016784668,51.06999969482422,51.09000015258789,3890700,0.0,0.0
2024-02-20 00:00:00-05:00,50.689998626708984,50.849998474121094,49.91999816894531,50.2599983215332,4252800,0.0,0.0
2024-02-21 00:00:00-05:00,49.83000183105469,49.97999954223633,49.06999969482422,49.540000915527344,2562200,0.0,0.0
2024-02-22 00:00:00-05:00,50.630001068115234,50.90999984741211,49.45000076293945,49.560001373291016,6012700,0.0,0.0
2024-02-23 00:00:00-05:00,49.779998779296875,50.43000030517578,49.68000030517578,50.0099983215332,3713400,0.0,0.0
2024-02-26 00:00:00-05:00,50.25,50.779998779296875,49.5,49.529998779296875,3858000,0.0,0.0
2024-02-27 00:00:00-05:00,49.78499984741211,50.099998474121094,48.66999816894531,48.970001220703125,5579500,0.0,0.0
2024-02-28 00:00:00-05:00,48.869998931884766,49.72999954223633,48.720001220703125,49.40999984741211,3948300,0.0,0.0
2024-02-29 00:00:00-05:00,49.4900016784668,49.79999923706055,49.06999969482422,49.54999923706055,4975500,0.0,0.0
2024-03-01 00:00:00-05:00,49.380001068115234,49.4900016784668,48.86000061035156,49.04999923706055,3983400,0.0,0.0
2024-03-04 00:00:00-05:00,49.31999969482422,49.400001525878906,48.70000076293945,48.900001525878906,3543700,0.0,0.0
2024-03-05 00:00:00-05:00,48.2599983215332,48.5,46.93000030517578,47.189998626708984,4185300,0.0,0.0
2024-03-06 00:00:00-05:00,47.9900016784668,48.02000045776367,46.29999923706055,46.31999969482422,5162200,0.0,0.0
2024-03-07 00:00:00-05:00,46.75,47.380001068115234,46.400001525878906,46.849998474121094,10951300,0.0,0.0
2024-03-08 00:00:00-05:00,47.0,47.220001220703125,46.45000076293945,46.79999923706055,4259900,0.0,0.0
2024-03-11 00:00:00-04:00,46.33000183105469,46.91600036621094,46.08000183105469,46.220001220703125,4087700,0.0,0.0
2024-03-12 00:00:00-04:00,46.599998474121094,47.2599983215332,46.09000015258789,46.970001220703125,5253000,0.0,0.0
2024-03-13 00:00:00-04:00,46.93000030517578,47.09000015258789,46.369998931884766,46.70000076293945,3516300,0.0,0.0
2024-03-14 00:00:00-04:00,46.689998626708984,46.91999816894531,45.79999923706055,46.900001525878906,5363700,0.0,0.0
2024-03-15 00:00:00-04:00,46.689998626708984,46.72999954223633,45.45000076293945,45.61000061035156,7812200,0.0,0.0
2024-03-18 00:00:00-04:00,46.220001220703125,46.459999084472656,45.47999954223633,45.52000045776367,3492800,0.0,0.0
2024-03-19 00:00:00-04:00,45.25,46.89500045776367,45.17100143432617,46.4900016784668,3839000,0.0,0.0
2024-03-20 00:00:00-04:00,46.65999984741211,46.869998931884766,45.83000183105469,46.68000030517578,2287300,0.0,0.0
2024-03-21 00:00:00-04:00,47.20000076293945,47.400001525878906,46.26499938964844,46.439998626708984,2954200,0.0,0.0
2024-03-22 00:00:00-04:00,46.45000076293945,46.689998626708984,45.95000076293945,46.33000183105469,2370200,0.0,0.0
2024-03-25 00:00:00-04:00,46.04999923706055,46.47999954223633,45.900001525878906,46.15999984741211,2259800,0.0,0.0
2024-03-26 00:00:00-04:00,46.380001068115234,46.63999938964844,45.720001220703125,46.0099983215332,3106900,0.0,0.0
2024-03-27 00:00:00-04:00,46.47999954223633,46.650001525878906,45.82500076293945,45.939998626708984,2718900,0.0,0.0
2024-03-28 00:00:00-04:00,46.08000183105469,46.86000061035156,46.029998779296875,46.439998626708984,3321500,0.0,0.0
2024-04-01 00:00:00-04:00,45.779998779296875,46.290000915527344,45.310001373291016,45.7400016784668,2566400,0.0,0.0
2024-04-02 00:00:00-04:00,45.11000061035156,45.5,44.91999816894531,45.45000076293945,2372400,0.0,0.0
2024-04-03 00:00:00-04:00,45.220001220703125,45.77000045776367,44.869998931884766,45.0099983215332,2766100,0.0,0.0
2024-04-04 00:00:00-04:00,45.5,47.119998931884766,45.494998931884766,45.970001220703125,4484400,0.0,0.0
2024-04-05 00:00:00-04:00,45.7400016784668,46.52000045776367,45.599998474121094,45.97999954223633,2923800,0.0,0.0
2024-04-08 00:00:00-04:00,46.209999084472656,47.43000030517578,45.959999084472656,47.09000015258789,4497200,0.0,0.0
2024-04-09 00:00:00-04:00,47.38999938964844,47.72999954223633,46.970001220703125,47.72999954223633,3904300,0.0,0.0
2024-04-10 00:00:00-04:00,47.0,47.689998626708984,46.97999954223633,47.45000076293945,3095500,0.0,0.0
2024-04-11 00:00:00-04:00,47.880001068115234,48.060001373291016,47.400001525878906,47.529998779296875,2242100,0.0,0.0
2024-04-12 00:00:00-04:00,47.0,47.150001525878906,45.83000183105469,45.849998474121094,1830600,0.0,0.0
2024-04-15 00:00:00-04:00,45.90999984741211,46.2400016784668,44.869998931884766,44.939998626708984,3039200,0.0,0.0
2024-04-16 00:00:00-04:00,44.81999969482422,44.84000015258789,43.970001220703125,44.52000045776367,2206700,0.0,0.0
2024-04-17 00:00:00-04:00,44.599998474121094,45.22999954223633,44.41999816894531,44.43000030517578,3290500,0.0,0.0
2024-04-18 00:00:00-04:00,46.13999938964844,46.75,45.5,46.2599983215332,5460200,0.0,0.0
2024-04-19 00:00:00-04:00,45.88999938964844,46.13999938964844,45.16999816894531,45.400001525878906,3134800,0.0,0.0
2024-04-22 00:00:00-04:00,45.72999954223633,45.84000015258789,45.119998931884766,45.540000915527344,1588800,0.0,0.0
2024-04-23 00:00:00-04:00,45.72999954223633,46.83000183105469,45.63999938964844,46.25,6462900,0.0,0.0
2024-04-24 00:00:00-04:00,46.209999084472656,46.81999969482422,45.779998779296875,46.7400016784668,2055100,0.0,0.0
2024-04-25 00:00:00-04:00,46.040000915527344,46.81999969482422,45.76300048828125,46.599998474121094,2519400,0.0,0.0
2024-04-26 00:00:00-04:00,47.36000061035156,47.650001525878906,47.02000045776367,47.099998474121094,1924400,0.0,0.0
2024-04-29 00:00:00-04:00,47.2599983215332,47.380001068115234,46.310001373291016,46.5099983215332,1438500,0.0,0.0
2024-04-30 00:00:00-04:00,46.04999923706055,46.47999954223633,45.29999923706055,45.310001373291016,2293800,0.0,0.0
2024-05-01 00:00:00-04:00,45.68000030517578,46.380001068115234,44.790000915527344,45.58000183105469,1993100,0.0,0.0
2024-05-02 00:00:00-04:00,45.959999084472656,46.0,45.12699890136719,45.84000015258789,6628100,0.0,0.0
2024-05-03 00:00:00-04:00,46.34000015258789,46.459999084472656,45.439998626708984,45.790000915527344,8769200,0.0,0.0
2024-05-06 00:00:00-04:00,46.099998474121094,47.27000045776367,45.95000076293945,47.20000076293945,3537400,0.0,0.0
2024-05-07 00:00:00-04:00,46.47999954223633,47.380001068115234,46.0,46.7599983215332,3446200,0.0,0.0
2024-05-08 00:00:00-04:00,46.439998626708984,46.599998474121094,45.79999923706055,46.06999969482422,2023400,0.0,0.0
2024-05-09 00:00:00-04:00,46.0099983215332,46.61000061035156,45.959999084472656,46.41999816894531,2187600,0.0,0.0
2024-05-10 00:00:00-04:00,46.650001525878906,46.790000915527344,46.04999923706055,46.209999084472656,1942000,0.0,0.0
2024-05-13 00:00:00-04:00,46.439998626708984,46.724998474121094,45.90999984741211,45.91999816894531,3536800,0.0,0.0
2024-05-14 00:00:00-04:00,45.70000076293945,46.459999084472656,45.64500045776367,46.43000030517578,5914300,0.0,0.0
2024-05-15 00:00:00-04:00,49.45000076293945,49.66999816894531,45.900001525878906,47.75,11097400,0.0,0.0
2024-05-16 00:00:00-04:00,49.650001525878906,49.75,47.900001525878906,48.470001220703125,10406400,0.0,0.0
2024-05-17 00:00:00-04:00,48.22999954223633,49.01499938964844,47.70000076293945,48.099998474121094,4037500,0.0,0.0
2024-05-20 00:00:00-04:00,47.91999816894531,48.40999984741211,47.439998626708984,48.36000061035156,2750900,0.0,0.0
2024-05-21 00:00:00-04:00,48.25,48.42499923706055,47.58000183105469,48.290000915527344,1815900,0.0,0.0
2024-05-22 00:00:00-04:00,48.119998931884766,48.380001068115234,47.529998779296875,47.7599983215332,2125400,0.0,0.0
2024-05-23 00:00:00-04:00,47.970001220703125,48.220001220703125,47.38999938964844,47.599998474121094,3069200,0.0,0.0
2024-05-24 00:00:00-04:00,47.4900016784668,47.709999084472656,46.83000183105469,46.93000030517578,2571200,0.0,0.0
2024-05-28 00:00:00-04:00,46.650001525878906,46.88999938964844,45.88999938964844,46.04999923706055,2780500,0.0,0.0
2024-05-29 00:00:00-04:00,45.2599983215332,46.33000183105469,45.2599983215332,46.220001220703125,2856100,0.0,0.0
2024-05-30 00:00:00-04:00,45.7599983215332,46.119998931884766,45.220001220703125,45.36000061035156,3462800,0.0,0.0
2024-05-31 00:00:00-04:00,45.29999923706055,45.88999938964844,44.744998931884766,45.72999954223633,4780800,0.0,0.0
2024-06-03 00:00:00-04:00,46.0099983215332,46.54999923706055,45.27000045776367,45.470001220703125,4730800,0.0,0.0
2024-06-04 00:00:00-04:00,45.599998474121094,46.369998931884766,45.5,45.880001068115234,3782700,0.0,0.0
2024-06-05 00:00:00-04:00,47.349998474121094,47.400001525878906,46.209999084472656,46.68000030517578,4949100,0.0,0.0
2024-06-06 00:00:00-04:00,46.63999938964844,47.38999938964844,46.400001525878906,47.02000045776367,5117300,0.0,0.0
2024-06-07 00:00:00-04:00,46.91999816894531,47.0099983215332,46.11000061035156,46.18000030517578,6375300,0.0,0.0
2024-06-10 00:00:00-04:00,45.77000045776367,46.75,45.720001220703125,46.529998779296875,4114500,0.0,0.0
2024-06-11 00:00:00-04:00,46.459999084472656,46.81999969482422,45.91999816894531,46.790000915527344,4136900,0.0,0.0
2024-06-12 00:00:00-04:00,47.02000045776367,47.869998931884766,46.720001220703125,47.040000915527344,7861500,0.0,0.0
2024-06-13 00:00:00-04:00,46.68000030517578,47.0099983215332,46.220001220703125,46.56999969482422,5596300,0.0,0.0
2024-06-14 00:00:00-04:00,46.650001525878906,46.790000915527344,45.630001068115234,45.90999984741211,1960500,0.0,0.0
2024-06-17 00:00:00-04:00,45.68000030517578,46.07500076293945,45.255001068115234,45.40999984741211,3075900,0.0,0.0
2024-06-18 00:00:00-04:00,45.09000015258789,45.2400016784668,43.154998779296875,43.2599983215332,4615400,0.0,0.0
2024-06-20 00:00:00-04:00,43.290000915527344,43.8650016784668,43.02000045776367,43.540000915527344,4266800,0.0,0.0
2024-06-21 00:00:00-04:00,43.470001220703125,44.41999816894531,43.27000045776367,44.380001068115234,6862800,0.0,0.0
2024-06-24 00:00:00-04:00,44.209999084472656,44.470001220703125,43.790000915527344,43.849998474121094,2986000,0.0,0.0
2024-06-25 00:00:00-04:00,43.95000076293945,43.970001220703125,43.290000915527344,43.439998626708984,2373700,0.0,0.0
2024-06-26 00:00:00-04:00,43.0,44.06999969482422,42.939998626708984,43.75,3703400,0.0,0.0
2024-06-27 00:00:00-04:00,43.0,44.70100021362305,43.0,44.0099983215332,6135000,0.0,0.0
2024-06-28 00:00:00-04:00,44.38999938964844,44.9900016784668,44.275001525878906,44.7400016784668,5684500,0.0,0.0
2024-07-01 00:00:00-04:00,44.75,45.150001525878906,44.27000045776367,45.06999969482422,2469800,0.0,0.0
2024-07-02 00:00:00-04:00,45.16999816894531,45.7400016784668,45.0,45.470001220703125,2551900,0.0,0.0
2024-07-03 00:00:00-04:00,45.59000015258789,45.790000915527344,44.83000183105469,44.880001068115234,1408500,0.0,0.0
2024-07-05 00:00:00-04:00,44.880001068115234,45.06999969482422,44.40999984741211,44.689998626708984,1598900,0.0,0.0
2024-07-08 00:00:00-04:00,44.88999938964844,45.459999084472656,44.459999084472656,45.290000915527344,1853600,0.0,0.0
2024-07-09 00:00:00-04:00,45.18000030517578,45.2599983215332,43.18000030517578,43.18000030517578,2909100,0.0,0.0
2024-07-10 00:00:00-04:00,43.20000076293945,43.279998779296875,42.310001373291016,42.95000076293945,1874100,0.0,0.0
2024-07-11 00:00:00-04:00,43.33000183105469,44.27000045776367,43.209999084472656,43.86000061035156,2183200,0.0,0.0
2024-07-12 00:00:00-04:00,43.95000076293945,44.2599983215332,43.72999954223633,44.09000015258789,2090600,0.0,0.0
2024-07-15 00:00:00-04:00,44.220001220703125,44.560001373291016,43.845001220703125,44.0099983215332,1550700,0.0,0.0
2024-07-16 00:00:00-04:00,44.150001525878906,44.689998626708984,43.849998474121094,44.099998474121094,1785300,0.0,0.0
2024-07-17 00:00:00-04:00,43.619998931884766,43.65999984741211,42.77000045776367,43.31999969482422,2146100,0.0,0.0
2024-07-18 00:00:00-04:00,43.31999969482422,43.65999984741211,42.7599983215332,43.4900016784668,2570800,0.0,0.0
2024-07-19 00:00:00-04:00,43.529998779296875,44.150001525878906,43.34000015258789,44.02000045776367,2986900,0.0,0.0
2024-07-22 00:00:00-04:00,44.15999984741211,44.36000061035156,43.82500076293945,44.150001525878906,2214500,0.0,0.0
2024-07-23 00:00:00-04:00,44.29999923706055,44.84000015258789,44.02000045776367,44.09000015258789,2170800,0.0,0.0
2024-07-24 00:00:00-04:00,43.79999923706055,43.91899871826172,42.849998474121094,42.86000061035156,1881600,0.0,0.0
2024-07-25 00:00:00-04:00,43.18000030517578,44.540000915527344,42.95000076293945,43.72999954223633,2045400,0.0,0.0
2024-07-26 00:00:00-04:00,43.93000030517578,44.43000030517578,43.72999954223633,44.29999923706055,2049600,0.0,0.0
2024-07-29 00:00:00-04:00,44.34000015258789,45.0099983215332,44.0,44.41999816894531,1754100,0.0,0.0
2024-07-30 00:00:00-04:00,44.529998779296875,44.83000183105469,44.25,44.810001373291016,2087300,0.0,0.0
2024-07-31 00:00:00-04:00,45.09000015258789,45.16999816894531,43.619998931884766,43.91999816894531,3660300,0.0,0.0
2024-08-01 00:00:00-04:00,43.970001220703125,44.150001525878906,42.06999969482422,42.439998626708984,2616400,0.0,0.0
2024-08-02 00:00:00-04:00,41.5099983215332,41.64500045776367,40.52000045776367,41.290000915527344,4088700,0.0,0.0
2024-08-05 00:00:00-04:00,39.48500061035156,41.32500076293945,39.41999816894531,41.08000183105469,4594700,0.0,0.0
2024-08-06 00:00:00-04:00,41.54999923706055,41.650001525878906,40.380001068115234,40.4900016784668,5597400,0.0,0.0
2024-08-07 00:00:00-04:00,45.005001068115234,47.31999969482422,44.849998474121094,46.439998626708984,8824400,0.0,0.0
2024-08-08 00:00:00-04:00,46.47999954223633,47.7400016784668,46.29999923706055,47.29999923706055,6966300,0.0,0.0
2024-08-09 00:00:00-04:00,47.5099983215332,48.0,46.880001068115234,47.709999084472656,3080600,0.0,0.0
2024-08-12 00:00:00-04:00,47.83000183105469,48.150001525878906,46.91999816894531,46.9900016784668,4580800,0.0,0.0
2024-08-13 00:00:00-04:00,47.15999984741211,47.84000015258789,47.15999984741211,47.400001525878906,3193100,0.0,0.0
2024-08-14 00:00:00-04:00,47.52000045776367,47.90999984741211,47.33000183105469,47.880001068115234,3373600,0.0,0.0
2024-08-15 00:00:00-04:00,48.45000076293945,49.2599983215332,47.70000076293945,48.93000030517578,2859700,0.0,0.0
2024-08-16 00:00:00-04:00,48.95000076293945,49.625,48.810001373291016,49.58000183105469,3108700,0.0,0.0
2024-08-19 00:00:00-04:00,49.58000183105469,50.099998474121094,49.369998931884766,49.93000030517578,2200100,0.0,0.0
2024-08-20 00:00:00-04:00,50.0,50.45000076293945,49.67499923706055,49.88999938964844,2294500,0.0,0.0
2024-08-21 00:00:00-04:00,50.0,50.540000915527344,49.84000015258789,50.529998779296875,2588200,0.0,0.0
2024-08-22 00:00:00-04:00,50.66999816894531,51.279998779296875,50.02000045776367,50.150001525878906,2180800,0.0,0.0
2024-08-23 00:00:00-04:00,50.4900016784668,50.8120002746582,49.91999816894531,50.2400016784668,1670900,0.0,0.0
2024-08-26 00:00:00-04:00,50.36000061035156,50.68000030517578,50.14099884033203,50.2599983215332,1332600,0.0,0.0
2024-08-27 00:00:00-04:00,49.869998931884766,50.18000030517578,49.54999923706055,49.869998931884766,1080200,0.0,0.0
2024-08-28 00:00:00-04:00,49.849998474121094,49.935001373291016,49.2400016784668,49.72999954223633,1837900,0.0,0.0
2024-08-29 00:00:00-04:00,50.13999938964844,50.63999938964844,50.0,50.29999923706055,1692800,0.0,0.0
2024-08-30 00:00:00-04:00,50.40999984741211,50.66999816894531,50.02000045776367,50.619998931884766,3799200,0.0,0.0
2024-09-03 00:00:00-04:00,50.349998474121094,50.95000076293945,49.369998931884766,49.709999084472656,1722600,0.0,0.0
2024-09-04 00:00:00-04:00,49.119998931884766,49.77000045776367,48.928001403808594,49.38999938964844,1286900,0.0,0.0
2024-09-05 00:00:00-04:00,49.11000061035156,49.76499938964844,48.939998626708984,49.27000045776367,1962000,0.0,0.0
2024-09-06 00:00:00-04:00,49.439998626708984,50.349998474121094,49.099998474121094,50.18000030517578,4203000,0.0,0.0
2024-09-09 00:00:00-04:00,50.45000076293945,51.45000076293945,50.2599983215332,50.900001525878906,3583200,0.0,0.0
2024-09-10 00:00:00-04:00,51.060001373291016,51.16999816894531,50.05500030517578,50.689998626708984,2356400,0.0,0.0
2024-09-11 00:00:00-04:00,50.380001068115234,50.720001220703125,49.630001068115234,50.68000030517578,2157300,0.0,0.0
2024-09-12 00:00:00-04:00,50.79999923706055,51.20000076293945,50.33000183105469,50.58000183105469,2117300,0.0,0.0
2024-09-13 00:00:00-04:00,50.709999084472656,51.400001525878906,50.45000076293945,50.7400016784668,2795200,0.0,0.0
2024-09-16 00:00:00-04:00,50.900001525878906,51.900001525878906,50.869998931884766,51.54999923706055,5462900,0.0,0.0
2024-09-17 00:00:00-04:00,51.65999984741211,52.29999923706055,51.65999984741211,52.09000015258789,4708700,0.0,0.0
2024-09-18 00:00:00-04:00,52.0,52.5,51.650001525878906,51.83000183105469,3540800,0.0,0.0
2024-09-19 00:00:00-04:00,52.5,52.689998626708984,51.720001220703125,52.20000076293945,2594100,0.0,0.0
2024-09-20 00:00:00-04:00,52.040000915527344,52.040000915527344,51.2400016784668,51.349998474121094,16091500,0.0,0.0
2024-09-23 00:00:00-04:00,52.0099983215332,52.150001525878906,51.3650016784668,52.0099983215332,1888800,0.0,0.0
2024-09-24 00:00:00-04:00,52.20000076293945,52.81999969482422,51.70000076293945,52.4900016784668,2453700,0.0,0.0
2024-09-25 00:00:00-04:00,52.40999984741211,52.59000015258789,51.880001068115234,52.47999954223633,1714700,0.0,0.0
2024-09-26 00:00:00-04:00,52.84000015258789,52.869998931884766,52.16999816894531,52.58000183105469,1974200,0.0,0.0
2024-09-27 00:00:00-04:00,52.869998931884766,53.349998474121094,52.65999984741211,52.9900016784668,2456600,0.0,0.0
2024-09-30 00:00:00-04:00,52.97999954223633,53.560001373291016,52.91600036621094,53.470001220703125,2034100,0.0,0.0
2024-10-01 00:00:00-04:00,53.65999984741211,53.65999984741211,52.060001373291016,52.119998931884766,2306400,0.0,0.0
2024-10-02 00:00:00-04:00,52.060001373291016,52.64500045776367,51.75,52.369998931884766,1698900,0.0,0.0
2024-10-03 00:00:00-04:00,52.18000030517578,52.959999084472656,51.98500061035156,52.77000045776367,1650700,0.0,0.0
2024-10-04 00:00:00-04:00,53.540000915527344,53.849998474121094,53.040000915527344,53.83000183105469,1592700,0.0,0.0
2024-10-07 00:00:00-04:00,54.5,54.70000076293945,53.29999923706055,53.400001525878906,2881200,0.0,0.0
2024-10-08 00:00:00-04:00,53.45000076293945,53.779998779296875,52.970001220703125,53.2599983215332,2118600,0.0,0.0
2024-10-09 00:00:00-04:00,53.29999923706055,54.0099983215332,53.29999923706055,53.97999954223633,1740500,0.0,0.0
2024-10-10 00:00:00-04:00,53.630001068115234,54.83000183105469,53.58000183105469,54.75,1940500,0.0,0.0
2024-10-11 00:00:00-04:00,54.77000045776367,55.25,54.47999954223633,55.130001068115234,2204400,0.0,0.0
2024-10-14 00:00:00-04:00,55.4900016784668,55.4900016784668,53.959999084472656,54.61000061035156,1618600,0.0,0.0
2024-10-15 00:00:00-04:00,54.54999923706055,54.66999816894531,53.55500030517578,53.68000030517578,2746300,0.0,0.0
2024-10-16 00:00:00-04:00,53.540000915527344,53.86000061035156,53.10499954223633,53.70000076293945,1920900,0.0,0.0
2024-10-17 00:00:00-04:00,54.04999923706055,54.2400016784668,53.599998474121094,54.0,1495300,0.0,0.0
2024-10-18 00:00:00-04:00,54.150001525878906,55.099998474121094,54.09000015258789,54.86000061035156,2715200,0.0,0.0
2024-10-21 00:00:00-04:00,54.66999816894531,55.244998931884766,53.939998626708984,54.380001068115234,2040000,0.0,0.0
2024-10-22 00:00:00-04:00,54.290000915527344,54.290000915527344,53.4900016784668,53.560001373291016,1620800,0.0,0.0
2024-10-23 00:00:00-04:00,53.619998931884766,53.709999084472656,52.96099853515625,53.25,1853800,0.0,0.0
2024-10-24 00:00:00-04:00,53.77000045776367,54.16999816894531,53.540000915527344,54.130001068115234,1782800,0.0,0.0
2024-10-25 00:00:00-04:00,54.20000076293945,54.82500076293945,53.97999954223633,54.06999969482422,1161400,0.0,0.0
2024-10-28 00:00:00-04:00,54.13999938964844,54.505001068115234,54.034000396728516,54.189998626708984,1424600,0.0,0.0
2024-10-29 00:00:00-04:00,54.279998779296875,55.220001220703125,54.02000045776367,55.09000015258789,1923600,0.0,0.0
2024-10-30 00:00:00-04:00,55.0,55.720001220703125,54.939998626708984,55.060001373291016,1621400,0.0,0.0
2024-10-31 00:00:00-04:00,54.849998474121094,54.970001220703125,53.72999954223633,53.79999923706055,2106900,0.0,0.0
2024-11-01 00:00:00-04:00,54.029998779296875,54.58000183105469,53.52000045776367,54.06999969482422,2180200,0.0,0.0
2024-11-04 00:00:00-05:00,54.150001525878906,54.91999816894531,53.625999450683594,54.560001373291016,2316700,0.0,0.0
2024-11-05 00:00:00-05:00,54.63999938964844,55.029998779296875,53.79999923706055,54.77000045776367,2631500,0.0,0.0
2024-11-06 00:00:00-05:00,56.459999084472656,57.0,55.7599983215332,56.4900016784668,5289900,0.0,0.0
2024-11-07 00:00:00-05:00,52.0099983215332,57.38999938964844,52.0099983215332,54.31999969482422,7130200,0.0,0.0
2024-11-08 00:00:00-05:00,54.25,54.54999923706055,52.47999954223633,52.88999938964844,5098800,0.0,0.0
2024-11-11 00:00:00-05:00,53.5099983215332,53.86000061035156,53.029998779296875,53.47999954223633,3410700,0.0,0.0
2024-11-12 00:00:00-05:00,53.5099983215332,54.400001525878906,53.02000045776367,53.459999084472656,4510200,0.0,0.0
2024-11-13 00:00:00-05:00,53.41999816894531,54.27000045776367,53.09000015258789,53.63999938964844,4220900,0.0,0.0
2024-11-14 00:00:00-05:00,53.66999816894531,54.41999816894531,53.20000076293945,53.869998931884766,3042100,0.0,0.0
2024-11-15 00:00:00-05:00,53.66999816894531,53.88999938964844,52.060001373291016,52.349998474121094,3189200,0.0,0.0
2024-11-18 00:00:00-05:00,52.349998474121094,52.58000183105469,51.41600036621094,52.41999816894531,3776900,0.0,0.0
2024-11-19 00:00:00-05:00,52.02000045776367,52.25,51.36000061035156,51.58000183105469,3628300,0.0,0.0
2024-11-20 00:00:00-05:00,51.529998779296875,51.91999816894531,50.09000015258789,51.09000015258789,3945600,0.0,0.0
2024-11-21 00:00:00-05:00,51.72999954223633,52.709999084472656,51.189998626708984,52.470001220703125,4770600,0.0,0.0
2024-11-22 00:00:00-05:00,52.90999984741211,55.81999969482422,52.90999984741211,55.459999084472656,4724400,0.0,0.0
2024-11-25 00:00:00-05:00,55.75,56.22999954223633,54.849998474121094,55.36000061035156,8756600,0.0,0.0
2024-11-26 00:00:00-05:00,55.20000076293945,55.64500045776367,54.79999923706055,55.619998931884766,2294200,0.0,0.0
2024-11-27 00:00:00-05:00,55.61000061035156,55.95000076293945,54.720001220703125,55.459999084472656,2804800,0.0,0.0
2024-11-29 00:00:00-05:00,55.83000183105469,56.369998931884766,55.5,56.189998626708984,1606200,0.0,0.0
2024-12-02 00:00:00-05:00,56.130001068115234,56.86000061035156,56.060001373291016,56.36000061035156,2593800,0.0,0.0
2024-12-03 00:00:00-05:00,55.880001068115234,57.38999938964844,55.849998474121094,57.279998779296875,2820600,0.0,0.0
2024-12-04 00:00:00-05:00,57.5,59.79999923706055,57.349998474121094,59.599998474121094,4298000,0.0,0.0
2024-12-05 00:00:00-05:00,59.279998779296875,59.5,58.310001373291016,58.630001068115234,2650000,0.0,0.0
2024-12-06 00:00:00-05:00,58.97999954223633,59.09000015258789,58.2400016784668,58.310001373291016,2730400,0.0,0.0
2024-12-09 00:00:00-05:00,58.45000076293945,58.689998626708984,57.369998931884766,57.41999816894531,2096300,0.0,0.0
2024-12-10 00:00:00-05:00,57.400001525878906,58.209999084472656,56.93000030517578,56.93000030517578,2053800,0.0,0.0
2024-12-11 00:00:00-05:00,57.220001220703125,57.709999084472656,56.209999084472656,56.290000915527344,4642400,0.0,0.0
2024-12-12 00:00:00-05:00,56.5,57.06999969482422,56.369998931884766,56.41999816894531,3961000,0.0,0.0
2024-12-13 00:00:00-05:00,56.38999938964844,56.619998931884766,54.255001068115234,54.40999984741211,3877800,0.0,0.0
2024-12-16 00:00:00-05:00,54.58000183105469,55.5,53.81999969482422,54.790000915527344,3827100,0.0,0.0
2024-12-17 00:00:00-05:00,54.720001220703125,55.959999084472656,54.189998626708984,55.5,3778000,0.0,0.0
2024-12-18 00:00:00-05:00,55.70000076293945,55.79499816894531,53.220001220703125,53.540000915527344,3282200,0.0,0.0
2024-12-19 00:00:00-05:00,54.13999938964844,54.2599983215332,52.972999572753906,53.560001373291016,2935000,0.0,0.0
2024-12-20 00:00:00-05:00,53.029998779296875,54.81999969482422,52.88999938964844,54.63999938964844,6716900,0.0,0.0
2024-12-23 00:00:00-05:00,54.439998626708984,54.70000076293945,54.08000183105469,54.380001068115234,1385000,0.0,0.0
2024-12-24 00:00:00-05:00,54.36000061035156,55.099998474121094,54.29499816894531,55.06999969482422,811100,0.0,0.0
2024-12-26 00:00:00-05:00,54.79999923706055,55.290000915527344,54.65999984741211,55.099998474121094,1143000,0.0,0.0
2024-12-27 00:00:00-05:00,54.900001525878906,55.029998779296875,53.970001220703125,54.689998626708984,908200,0.0,0.0
2024-12-30 00:00:00-05:00,54.0099983215332,54.40999984741211,53.560001373291016,54.099998474121094,877000,0.0,0.0
2024-12-31 00:00:00-05:00,54.279998779296875,54.560001373291016,53.994998931884766,54.349998474121094,1649600,0.0,0.0
2025-01-02 00:00:00-05:00,54.75,55.08000183105469,54.17100143432617,54.349998474121094,1456800,0.0,0.0
2025-01-03 00:00:00-05:00,54.540000915527344,54.97999954223633,54.47999954223633,54.810001373291016,1457600,0.0,0.0
2025-01-06 00:00:00-05:00,54.66999816894531,54.66999816894531,52.59000015258789,53.529998779296875,3265700,0.0,0.0
2025-01-07 00:00:00-05:00,53.56999969482422,53.83000183105469,52.02000045776367,52.2599983215332,3853700,0.0,0.0
2025-01-08 00:00:00-05:00,52.04999923706055,52.36000061035156,51.11000061035156,52.22999954223633,3262800,0.0,0.0
2025-01-10 00:00:00-05:00,51.54999923706055,51.88999938964844,50.56999969482422,50.689998626708984,3036600,0.0,0.0
2025-01-13 00:00:00-05:00,50.4900016784668,50.810001373291016,50.060001373291016,50.5099983215332,2505300,0.0,0.0
2025-01-14 00:00:00-05:00,51.11000061035156,51.643001556396484,50.845001220703125,51.2400016784668,1825700,0.0,0.0
2025-01-15 00:00:00-05:00,51.869998931884766,52.025001525878906,50.400001525878906,50.52000045776367,3195200,0.0,0.0
2025-01-16 00:00:00-05:00,50.630001068115234,51.349998474121094,50.5099983215332,51.060001373291016,4517400,0.0,0.0
2025-01-17 00:00:00-05:00,51.04999923706055,51.630001068115234,51.04999923706055,51.29999923706055,3070700,0.0,0.0
2025-01-21 00:00:00-05:00,51.68000030517578,53.31999969482422,51.5,53.220001220703125,4425300,0.0,0.0
2025-01-22 00:00:00-05:00,53.470001220703125,54.38999938964844,53.470001220703125,54.36000061035156,3520400,0.0,0.0
2025-01-23 00:00:00-05:00,54.2400016784668,55.22999954223633,54.2400016784668,54.779998779296875,3321100,0.0,0.0
2025-01-24 00:00:00-05:00,54.959999084472656,56.279998779296875,54.875,55.63999938964844,3681000,0.0,0.0
2025-01-27 00:00:00-05:00,55.2599983215332,57.470001220703125,54.88999938964844,56.459999084472656,3324200,0.0,0.0
2025-01-28 00:00:00-05:00,56.72999954223633,59.02000045776367,56.72999954223633,57.939998626708984,6244700,0.0,0.0
2025-01-29 00:00:00-05:00,57.900001525878906,58.56999969482422,56.959999084472656,57.349998474121094,7254100,0.0,0.0
2025-01-30 00:00:00-05:00,57.529998779296875,58.15999984741211,55.439998626708984,57.77000045776367,7837100,0.0,0.0
2025-01-31 00:00:00-05:00,57.970001220703125,58.689998626708984,57.369998931884766,57.75,4009400,0.0,0.0
2025-02-03 00:00:00-05:00,56.470001220703125,59.380001068115234,55.95800018310547,58.900001525878906,3344300,0.0,0.0
2025-02-04 00:00:00-05:00,59.290000915527344,60.290000915527344,59.02000045776367,59.29999923706055,3752700,0.0,0.0
2025-02-05 00:00:00-05:00,59.29999923706055,60.5099983215332,58.86000061035156,60.43000030517578,3123100,0.0,0.0
2025-02-06 00:00:00-05:00,60.34000015258789,61.400001525878906,59.86000061035156,60.119998931884766,3152800,0.0,0.0
2025-02-07 00:00:00-05:00,60.68000030517578,60.95000076293945,59.67499923706055,59.83000183105469,2164000,0.0,0.0
2025-02-10 00:00:00-05:00,60.369998931884766,61.22999954223633,60.0,61.209999084472656,2873800,0.0,0.0
2025-02-11 00:00:00-05:00,61.040000915527344,61.849998474121094,60.9900016784668,61.380001068115234,3120800,0.0,0.0
2025-02-12 00:00:00-05:00,60.939998626708984,63.0,60.5099983215332,62.41999816894531,3690900,0.0,0.0
2025-02-13 00:00:00-05:00,62.2599983215332,62.7400016784668,61.20000076293945,62.380001068115234,3708700,0.0,0.0
2025-02-14 00:00:00-05:00,62.32500076293945,62.507999420166016,60.91999816894531,61.29999923706055,2887800,0.0,0.0
2025-02-18 00:00:00-05:00,61.40999984741211,62.400001525878906,61.01599884033203,62.369998931884766,2445100,0.0,0.0
2025-02-19 00:00:00-05:00,62.5099983215332,62.65999984741211,61.43000030517578,61.63999938964844,2331200,0.0,0.0
2025-02-20 00:00:00-05:00,61.380001068115234,61.470001220703125,59.90999984741211,61.2400016784668,2265100,0.0,0.0
2025-02-21 00:00:00-05:00,61.290000915527344,61.290000915527344,59.529998779296875,59.880001068115234,2823700,0.0,0.0
2025-02-24 00:00:00-05:00,60.0,60.099998474121094,58.560001373291016,58.9900016784668,2903000,0.0,0.0
2025-02-25 00:00:00-05:00,58.630001068115234,59.029998779296875,57.90999984741211,58.41999816894531,2157200,0.0,0.0
2025-02-26 00:00:00-05:00,58.810001373291016,59.73500061035156,58.619998931884766,58.790000915527344,3188700,0.0,0.0
2025-02-27 00:00:00-05:00,59.13999938964844,59.91999816894531,57.130001068115234,57.310001373291016,3054300,0.0,0.0
2025-02-28 00:00:00-05:00,57.0,57.369998931884766,56.13999938964844,57.25,2689600,0.0,0.0
2025-03-03 00:00:00-05:00,57.689998626708984,57.720001220703125,55.66999816894531,55.7400016784668,2161000,0.0,0.0
2025-03-04 00:00:00-05:00,54.959999084472656,55.65299987792969,53.66999816894531,55.099998474121094,2738400,0.0,0.0
2025-03-05 00:00:00-05:00,54.7599983215332,56.33000183105469,54.7599983215332,56.150001525878906,2467500,0.0,0.0
2025-03-06 00:00:00-05:00,55.380001068115234,55.79999923706055,53.52000045776367,53.58000183105469,2760700,0.0,0.0
2025-03-07 00:00:00-05:00,53.27000045776367,53.810001373291016,50.970001220703125,52.209999084472656,2554800,0.0,0.0
2025-03-10 00:00:00-04:00,51.150001525878906,51.43000030517578,48.63999938964844,48.689998626708984,3779600,0.0,0.0
2025-03-11 00:00:00-04:00,48.720001220703125,50.222999572753906,48.47999954223633,49.310001373291016,3201200,0.0,0.0
2025-03-12 00:00:00-04:00,50.279998779296875,50.54999923706055,49.11000061035156,49.220001220703125,2211800,0.0,0.0
2025-03-13 00:00:00-04:00,48.91999816894531,49.16999816894531,47.08000183105469,47.31999969482422,2941400,0.0,0.0
2025-03-14 00:00:00-04:00,47.880001068115234,48.689998626708984,47.59000015258789,48.470001220703125,3206800,0.0,0.0
2025-03-17 00:00:00-04:00,48.220001220703125,50.599998474121094,48.220001220703125,50.380001068115234,4508000,0.0,0.0
2025-03-18 00:00:00-04:00,50.0099983215332,50.43000030517578,48.849998474121094,49.15999984741211,3207500,0.0,0.0
2025-03-19 00:00:00-04:00,49.43000030517578,49.93000030517578,49.04999923706055,49.47999954223633,1800300,0.0,0.0
2025-03-20 00:00:00-04:00,48.90999984741211,50.099998474121094,48.90999984741211,49.630001068115234,2007000,0.0,0.0
2025-03-21 00:00:00-04:00,49.2400016784668,49.90999984741211,48.76499938964844,49.81999969482422,4565600,0.0,0.0
2025-03-24 00:00:00-04:00,50.459999084472656,50.94499969482422,50.22999954223633,50.66999816894531,2259300,0.0,0.0
2025-03-25 00:00:00-04:00,50.77000045776367,51.529998779296875,50.77000045776367,51.18000030517578,1558700,0.0,0.0
2025-03-26 00:00:00-04:00,50.959999084472656,51.09000015258789,50.060001373291016,50.5099983215332,1682500,0.0,0.0
2025-03-27 00:00:00-04:00,50.41999816894531,50.45000076293945,48.900001525878906,49.02000045776367,2006100,0.0,0.0
2025-03-28 00:00:00-04:00,48.70000076293945,48.845001220703125,47.90999984741211,48.41999816894531,3052500,0.0,0.0
2025-03-31 00:00:00-04:00,47.52000045776367,47.810001373291016,46.09000015258789,47.150001525878906,5091800,0.0,0.0
2025-04-01 00:00:00-04:00,47.380001068115234,48.029998779296875,46.79999923706055,47.83000183105469,3065300,0.0,0.0
2025-04-02 00:00:00-04:00,47.09000015258789,48.939998626708984,46.810001373291016,48.369998931884766,2260700,0.0,0.0
2025-04-03 00:00:00-04:00,45.84000015258789,46.970001220703125,45.31999969482422,45.65999984741211,2399200,0.0,0.0
2025-04-04 00:00:00-04:00,43.91999816894531,44.279998779296875,41.834999084472656,42.0099983215332,4230800,0.0,0.0
2025-04-07 00:00:00-04:00,40.400001525878906,42.72999954223633,39.29999923706055,41.709999084472656,5647600,0.0,0.0
2025-04-08 00:00:00-04:00,43.380001068115234,43.61000061035156,40.65999984741211,41.209999084472656,3666300,0.0,0.0
2025-04-09 00:00:00-04:00,41.040000915527344,45.459999084472656,40.529998779296875,45.060001373291016,4792700,0.0,0.0
2025-04-10 00:00:00-04:00,44.220001220703125,44.220001220703125,41.84000015258789,43.380001068115234,2600200,0.0,0.0
2025-04-11 00:00:00-04:00,43.7599983215332,43.7599983215332,42.2400016784668,43.11000061035156,3207900,0.0,0.0
2025-04-14 00:00:00-04:00,43.9900016784668,44.18000030517578,42.9900016784668,43.369998931884766,3047100,0.0,0.0
2025-04-15 00:00:00-04:00,42.939998626708984,43.84000015258789,42.59000015258789,43.470001220703125,3409900,0.0,0.0
2025-04-16 00:00:00-04:00,43.09000015258789,43.560001373291016,42.529998779296875,43.20000076293945,2723600,0.0,0.0
2025-04-17 00:00:00-04:00,43.310001373291016,43.65999984741211,42.689998626708984,43.099998474121094,2457200,0.0,0.0
2025-04-21 00:00:00-04:00,42.470001220703125,43.099998474121094,41.790000915527344,42.16999816894531,3596100,0.0,0.0
2025-04-22 00:00:00-04:00,42.630001068115234,43.18000030517578,41.91999816894531,42.900001525878906,3345400,0.0,0.0
2025-04-23 00:00:00-04:00,44.790000915527344,46.15999984741211,43.82500076293945,44.0099983215332,2322800,0.0,0.0
2025-04-24 00:00:00-04:00,44.310001373291016,46.150001525878906,44.28499984741211,46.130001068115234,2544100,0.0,0.0
2025-04-25 00:00:00-04:00,45.939998626708984,46.650001525878906,45.880001068115234,46.41999816894531,1797900,0.0,0.0
2025-04-28 00:00:00-04:00,46.63999938964844,46.88999938964844,46.1150016784668,46.459999084472656,1534700,0.0,0.0
2025-04-29 00:00:00-04:00,47.0,47.9900016784668,46.959999084472656,47.349998474121094,4045800,0.0,0.0
2025-04-30 00:00:00-04:00,46.099998474121094,46.970001220703125,45.61000061035156,46.970001220703125,2616200,0.0,0.0
2025-05-01 00:00:00-04:00,47.56999969482422,48.22999954223633,46.91999816894531,47.439998626708984,4216900,0.0,0.0
2025-05-02 00:00:00-04:00,48.33000183105469,48.43000030517578,47.810001373291016,47.959999084472656,1880600,0.0,0.0
2025-05-05 00:00:00-04:00,47.720001220703125,48.33000183105469,47.529998779296875,47.59000015258789,1776000,0.0,0.0
2025-05-06 00:00:00-04:00,47.0,47.7599983215332,46.36000061035156,47.349998474121094,1663600,0.0,0.0
2025-05-07 00:00:00-04:00,47.5099983215332,47.974998474121094,47.2400016784668,47.88999938964844,1787000,0.0,0.0
2025-05-08 00:00:00-04:00,48.43000030517578,48.83000183105469,47.790000915527344,48.54999923706055,2634600,0.0,0.0
2025-05-09 00:00:00-04:00,48.68000030517578,49.02000045776367,48.08000183105469,48.65999984741211,1768800,0.0,0.0
2025-05-12 00:00:00-04:00,50.22999954223633,50.59000015258789,49.7400016784668,50.47999954223633,2753300,0.0,0.0
2025-05-13 00:00:00-04:00,50.2400016784668,51.21500015258789,50.22999954223633,50.540000915527344,5353200,0.0,0.0
2025-05-14 00:00:00-04:00,51.56999969482422,53.650001525878906,51.5099983215332,53.5,7050000,0.0,0.0
2025-05-15 00:00:00-04:00,53.5,53.869998931884766,52.630001068115234,53.029998779296875,3759700,0.0,0.0
2025-05-16 00:00:00-04:00,53.08000183105469,53.67499923706055,52.619998931884766,53.369998931884766,2889100,0.0,0.0
2025-05-19 00:00:00-04:00,52.619998931884766,53.43000030517578,52.61000061035156,53.2599983215332,2334800,0.0,0.0
2025-05-20 00:00:00-04:00,53.2599983215332,53.36000061035156,52.73500061035156,53.25,1918600,0.0,0.0
2025-05-21 00:00:00-04:00,53.0,54.22999954223633,52.75,53.599998474121094,3416000,0.0,0.0
2025-05-22 00:00:00-04:00,53.689998626708984,54.479000091552734,53.40999984741211,54.189998626708984,3244300,0.0,0.0
2025-05-23 00:00:00-04:00,53.52000045776367,53.939998626708984,53.060001373291016,53.27000045776367,2146200,0.0,0.0
2025-05-27 00:00:00-04:00,53.9900016784668,54.65999984741211,53.72700119018555,54.2400016784668,2571100,0.0,0.0
2025-05-28 00:00:00-04:00,54.13999938964844,54.380001068115234,53.439998626708984,53.619998931884766,2410500,0.0,0.0
2025-05-29 00:00:00-04:00,53.849998474121094,54.310001373291016,53.0359992980957,53.880001068115234,2822800,0.0,0.0
2025-05-30 00:00:00-04:00,53.93000030517578,54.16999816894531,52.7599983215332,54.0099983215332,5094900,0.0,0.0
2025-06-02 00:00:00-04:00,53.72999954223633,54.279998779296875,52.86000061035156,53.810001373291016,3224800,0.0,0.0
2025-06-03 00:00:00-04:00,53.79999923706055,54.459999084472656,53.54999923706055,54.220001220703125,2411600,0.0,0.0
2025-06-04 00:00:00-04:00,54.36000061035156,54.689998626708984,53.88999938964844,54.099998474121094,2133600,0.0,0.0
2025-06-05 00:00:00-04:00,54.130001068115234,55.34000015258789,54.130001068115234,54.939998626708984,2584400,0.0,0.0
2025-06-06 00:00:00-04:00,55.36000061035156,55.54999923706055,54.959999084472656,55.0,1615200,0.0,0.0
2025-06-09 00:00:00-04:00,54.9900016784668,55.20000076293945,53.974998474121094,54.209999084472656,2223600,0.0,0.0
2025-06-10 00:00:00-04:00,54.38999938964844,54.7599983215332,53.849998474121094,54.15999984741211,2133300,0.0,0.0
2025-06-11 00:00:00-04:00,54.18000030517578,54.86000061035156,53.61000061035156,53.869998931884766,2997800,0.0,0.0
2025-06-12 00:00:00-04:00,53.58000183105469,54.31999969482422,53.38999938964844,54.029998779296875,1646000,0.0,0.0
2025-06-13 00:00:00-04:00,53.18000030517578,53.9900016784668,52.869998931884766,53.029998779296875,2479300,0.0,0.0
2025-06-16 00:00:00-04:00,53.459999084472656,54.560001373291016,53.27000045776367,54.47999954223633,2654800,0.0,0.0
2025-06-17 00:00:00-04:00,54.13999938964844,56.189998626708984,54.040000915527344,55.900001525878906,5293900,0.0,0.0
2025-06-18 00:00:00-04:00,55.97999954223633,56.630001068115234,55.31999969482422,55.650001525878906,4028800,0.0,0.0
2025-06-20 00:00:00-04:00,55.81999969482422,56.06999969482422,54.22999954223633,54.40999984741211,3864300,0.0,0.0
2025-06-23 00:00:00-04:00,54.45000076293945,55.0,53.849998474121094,54.56999969482422,2552600,0.0,0.0
2025-06-24 00:00:00-04:00,55.13999938964844,55.79499816894531,55.040000915527344,55.7599983215332,2180600,0.0,0.0
2025-06-25 00:00:00-04:00,55.95000076293945,56.16999816894531,54.56999969482422,54.689998626708984,2228300,0.0,0.0
2025-06-26 00:00:00-04:00,54.880001068115234,55.040000915527344,54.11000061035156,54.93000030517578,2420700,0.0,0.0
2025-06-27 00:00:00-04:00,54.95000076293945,55.709999084472656,54.69499969482422,54.88999938964844,4386100,0.0,0.0
2025-06-30 00:00:00-04:00,55.119998931884766,55.31999969482422,54.470001220703125,55.209999084472656,2652500,0.0,0.0
2025-07-01 00:00:00-04:00,55.189998626708984,55.310001373291016,53.689998626708984,54.40999984741211,2295500,0.0,0.0
2025-07-02 00:00:00-04:00,54.02000045776367,54.779998779296875,53.7400016784668,54.66999816894531,1768900,0.0,0.0
2025-07-03 00:00:00-04:00,55.0,56.880001068115234,54.880001068115234,56.540000915527344,1461200,0.0,0.0
2025-07-07 00:00:00-04:00,56.459999084472656,57.16999816894531,56.09000015258789,56.63999938964844,2541800,0.0,0.0
2025-07-08 00:00:00-04:00,56.68000030517578,57.54999923706055,55.92499923706055,56.2599983215332,3655000,0.0,0.0
2025-07-09 00:00:00-04:00,56.220001220703125,56.650001525878906,55.849998474121094,56.189998626708984,1836800,0.0,0.0
2025-07-10 00:00:00-04:00,55.91999816894531,56.0,52.775001525878906,52.790000915527344,3462000,0.0,0.0
2025-07-11 00:00:00-04:00,52.70000076293945,53.099998474121094,51.16999816894531,51.38999938964844,2507000,0.0,0.0
2025-07-14 00:00:00-04:00,51.380001068115234,52.97999954223633,51.15999984741211,52.5,2347400,0.0,0.0
2025-07-15 00:00:00-04:00,52.54999923706055,52.93199920654297,52.0099983215332,52.220001220703125,1525300,0.0,0.0
2025-07-16 00:00:00-04:00,52.42499923706055,52.505001068115234,51.13999938964844,51.97999954223633,1818200,0.0,0.0
2025-07-17 00:00:00-04:00,52.20000076293945,53.189998626708984,52.13999938964844,52.91999816894531,2047600,0.0,0.0
2025-07-18 00:00:00-04:00,53.04999923706055,53.47999954223633,52.779998779296875,53.2599983215332,1737900,0.0,0.0
2025-07-21 00:00:00-04:00,53.43000030517578,53.810001373291016,52.54999923706055,52.58000183105469,2267500,0.0,0.0
2025-07-22 00:00:00-04:00,52.630001068115234,52.92300033569336,52.06999969482422,52.58000183105469,1689500,0.0,0.0
2025-07-23 00:00:00-04:00,54.02000045776367,54.02000045776367,52.689998626708984,53.650001525878906,3421200,0.0,0.0
2025-07-24 00:00:00-04:00,53.70000076293945,54.290000915527344,52.720001220703125,54.220001220703125,2801500,0.0,0.0
2025-07-25 00:00:00-04:00,54.33000183105469,54.880001068115234,53.935001373291016,54.150001525878906,2000900,0.0,0.0
2025-07-28 00:00:00-04:00,54.31999969482422,55.16999816894531,54.02000045776367,54.709999084472656,1939000,0.0,0.0
2025-07-29 00:00:00-04:00,55.099998474121094,55.4900016784668,53.63999938964844,54.619998931884766,1764300,0.0,0.0
2025-07-30 00:00:00-04:00,54.45000076293945,54.66999816894531,53.45000076293945,53.91999816894531,2345200,0.0,0.0
2025-07-31 00:00:00-04:00,54.0,54.0099983215332,52.52000045776367,52.61000061035156,2850100,0.0,0.0
2025-08-01 00:00:00-04:00,51.79999923706055,51.875,50.20000076293945,50.5099983215332,2527400,0.0,0.0
2025-08-04 00:00:00-04:00,51.0,51.685001373291016,50.79499816894531,51.61000061035156,2230800,0.0,0.0
2025-08-05 00:00:00-04:00,51.88999938964844,52.0,50.529998779296875,50.529998779296875,3598000,0.0,0.0
2025-08-06 00:00:00-04:00,50.939998626708984,53.20000076293945,50.0,50.529998779296875,8167800,0.0,0.0
2025-08-07 00:00:00-04:00,51.150001525878906,51.327999114990234,46.40999984741211,46.869998931884766,7122000,0.0,0.0
2025-08-08 00:00:00-04:00,46.849998474121094,47.119998931884766,45.779998779296875,46.2400016784668,4418900,0.0,0.0
2025-08-11 00:00:00-04:00,46.40999984741211,46.76499938964844,45.779998779296875,46.040000915527344,5002200,0.0,0.0
2025-08-12 00:00:00-04:00,46.209999084472656,47.38999938964844,46.189998626708984,46.7400016784668,4856100,0.0,0.0
2025-08-13 00:00:00-04:00,46.9900016784668,47.810001373291016,46.310001373291016,47.79999923706055,2964100,0.0,0.0
2025-08-14 00:00:00-04:00,47.45000076293945,47.630001068115234,46.845001220703125,47.41999816894531,3260900,0.0,0.0
2025-08-15 00:00:00-04:00,47.45000076293945,48.625,47.41999816894531,48.2400016784668,2827500,0.0,0.0
2025-08-18 00:00:00-04:00,48.16999816894531,48.86000061035156,47.67499923706055,48.84000015258789,2875500,0.0,0.0
2025-08-19 00:00:00-04:00,48.869998931884766,50.25,48.779998779296875,49.119998931884766,3928000,0.0,0.0
2025-08-20 00:00:00-04:00,49.060001373291016,49.349998474121094,48.02000045776367,48.65999984741211,2340100,0.0,0.0
2025-08-21 00:00:00-04:00,48.5099983215332,48.93000030517578,48.15999984741211,48.810001373291016,2737200,0.0,0.0
2025-08-22 00:00:00-04:00,48.97999954223633,49.869998931884766,48.779998779296875,49.400001525878906,2819600,0.0,0.0
2025-08-25 00:00:00-04:00,49.5,49.595001220703125,48.38999938964844,48.40999984741211,2764200,0.0,0.0
2025-08-26 00:00:00-04:00,48.529998779296875,49.130001068115234,48.08000183105469,48.11000061035156,4147900,0.0,0.0
2025-08-27 00:00:00-04:00,48.83000183105469,50.22999954223633,48.70000076293945,50.119998931884766,3324200,0.0,0.0
2025-08-28 00:00:00-04:00,50.349998474121094,51.25,50.279998779296875,50.88999938964844,3347000,0.0,0.0
2025-08-29 00:00:00-04:00,50.95000076293945,51.369998931884766,50.02000045776367,50.599998474121094,2419300,0.0,0.0
2025-09-02 00:00:00-04:00,49.970001220703125,50.59000015258789,49.61000061035156,50.529998779296875,3041200,0.0,0.0
2025-09-03 00:00:00-04:00,50.279998779296875,50.400001525878906,49.29999923706055,50.2400016784668,2792700,0.0,0.0
2025-09-04 00:00:00-04:00,49.88999938964844,50.29999923706055,49.03200149536133,49.77000045776367,2969800,0.0,0.0
2025-09-05 00:00:00-04:00,49.77000045776367,51.11000061035156,49.630001068115234,50.0,3710300,0.0,0.0
2025-09-08 00:00:00-04:00,50.099998474121094,50.150001525878906,48.86000061035156,49.93000030517578,5693100,0.0,0.0
2025-09-09 00:00:00-04:00,49.900001525878906,50.79999923706055,49.470001220703125,50.650001525878906,2308600,0.0,0.0
2025-09-10 00:00:00-04:00,50.529998779296875,50.939998626708984,46.939998626708984,47.65999984741211,6196200,0.0,0.0
2025-09-11 00:00:00-04:00,48.08000183105469,49.16999816894531,47.83000183105469,49.08000183105469,3073700,0.0,0.0
2025-09-12 00:00:00-04:00,49.02000045776367,49.275001525878906,48.400001525878906,49.029998779296875,2436200,0.0,0.0
2025-09-15 00:00:00-04:00,49.06999969482422,49.27000045776367,48.34000015258789,48.61000061035156,4533900,0.0,0.0
2025-09-16 00:00:00-04:00,48.4900016784668,48.51499938964844,47.66999816894531,47.81999969482422,4883800,0.0,0.0
2025-09-17 00:00:00-04:00,48.2599983215332,48.72999954223633,47.58000183105469,48.060001373291016,4622900,0.0,0.0
2025-09-18 00:00:00-04:00,48.529998779296875,49.040000915527344,48.3849983215332,48.599998474121094,2703800,0.0,0.0
2025-09-19 00:00:00-04:00,48.529998779296875,49.15999984741211,48.19499969482422,48.369998931884766,5497900,0.0,0.0
2025-09-22 00:00:00-04:00,48.040000915527344,49.16999816894531,48.0,48.599998474121094,2155200,0.0,0.0
2025-09-23 00:00:00-04:00,48.5,48.6150016784668,47.7400016784668,47.77000045776367,2023600,0.0,0.0
2025-09-24 00:00:00-04:00,48.13999938964844,48.900001525878906,47.84000015258789,48.130001068115234,2840200,0.0,0.0
2025-09-25 00:00:00-04:00,48.0,48.63999938964844,47.380001068115234,48.599998474121094,2180300,0.0,0.0
2025-09-26 00:00:00-04:00,48.790000915527344,49.54999923706055,48.28499984741211,49.5099983215332,2934800,0.0,0.0
2025-09-29 00:00:00-04:00,49.59000015258789,49.81999969482422,48.93000030517578,49.31999969482422,2577700,0.0,0.0
2025-09-30 00:00:00-04:00,49.29999923706055,49.29999923706055,47.2400016784668,48.45000076293945,3628500,0.0,0.0
2025-10-01 00:00:00-04:00,48.75,49.68000030517578,47.83000183105469,48.310001373291016,4404300,0.0,0.0
2025-10-02 00:00:00-04:00,48.31999969482422,50.029998779296875,48.08000183105469,49.880001068115234,3299000,0.0,0.0
2025-10-03 00:00:00-04:00,50.0,51.130001068115234,49.560001373291016,49.56999969482422,2786800,0.0,0.0
2025-10-06 00:00:00-04:00,49.7599983215332,50.099998474121094,48.685001373291016,49.150001525878906,3843300,0.0,0.0
2025-10-07 00:00:00-04:00,49.400001525878906,49.439998626708984,47.900001525878906,48.130001068115234,2841400,0.0,0.0
2025-10-08 00:00:00-04:00,48.40999984741211,48.95500183105469,48.130001068115234,48.43000030517578,2747700,0.0,0.0
2025-10-09 00:00:00-04:00,48.369998931884766,48.91999816894531,47.880001068115234,48.900001525878906,2184100,0.0,0.0
2025-10-10 00:00:00-04:00,49.02000045776367,49.439998626708984,47.310001373291016,47.959999084472656,1882300,0.0,0.0
2025-10-13 00:00:00-04:00,48.150001525878906,48.619998931884766,47.689998626708984,48.33000183105469,1803000,0.0,0.0
2025-10-14 00:00:00-04:00,47.83000183105469,48.28300094604492,47.23500061035156,48.18000030517578,1589700,0.0,0.0
2025-10-15 00:00:00-04:00,48.38999938964844,48.435001373291016,47.38999938964844,47.779998779296875,2065300,0.0,0.0
2025-10-16 00:00:00-04:00,48.08000183105469,48.61000061035156,46.93000030517578,47.369998931884766,2440600,0.0,0.0
2025-10-17 00:00:00-04:00,47.13999938964844,48.27000045776367,47.11000061035156,48.13999938964844,2236700,0.0,0.0
2025-10-20 00:00:00-04:00,48.29999923706055,50.13999938964844,48.130001068115234,50.119998931884766,2758700,0.0,0.0
2025-10-21 00:00:00-04:00,50.119998931884766,51.220001220703125,49.790000915527344,50.95000076293945,1913900,0.0,0.0
2025-10-22 00:00:00-04:00,50.779998779296875,51.0,49.4640007019043,49.560001373291016,2640600,0.0,0.0
2025-10-23 00:00:00-04:00,49.56999969482422,50.132999420166016,49.46500015258789,49.939998626708984,1699400,0.0,0.0
2025-10-24 00:00:00-04:00,50.369998931884766,51.11000061035156,50.189998626708984,50.310001373291016,1442500,0.0,0.0
2025-10-27 00:00:00-04:00,50.90999984741211,51.06999969482422,50.314998626708984,50.5099983215332,1597000,0.0,0.0
2025-10-28 00:00:00-04:00,50.61000061035156,50.849998474121094,49.5,49.63999938964844,2233500,0.0,0.0
2025-10-29 00:00:00-04:00,49.7400016784668,49.7400016784668,48.18000030517578,49.0099983215332,3015900,0.0,0.0
2025-10-30 00:00:00-04:00,48.7400016784668,49.630001068115234,48.5099983215332,48.619998931884766,2069800,0.0,0.0
2025-10-31 00:00:00-04:00,49.0,50.68000030517578,48.7599983215332,50.56999969482422,4088600,0.0,0.0
2025-11-03 00:00:00-05:00,50.650001525878906,50.95000076293945,49.43000030517578,50.47999954223633,4262800,0.0,0.0
2025-11-04 00:00:00-05:00,49.310001373291016,50.11000061035156,48.724998474121094,49.630001068115234,5275100,0.0,0.0
2025-11-05 00:00:00-05:00,50.040000915527344,50.25,46.150001525878906,47.38999938964844,8415900,0.0,0.0
2025-11-06 00:00:00-05:00,47.599998474121094,47.685001373291016,46.040000915527344,46.060001373291016,5695800,0.0,0.0
2025-11-07 00:00:00-05:00,45.630001068115234,47.25,45.22999954223633,47.220001220703125,4422700,0.0,0.0
2025-11-10 00:00:00-05:00,47.599998474121094,47.599998474121094,46.525001525878906,46.720001220703125,4192800,0.0,0.0
2025-11-11 00:00:00-05:00,46.529998779296875,47.130001068115234,46.33000183105469,46.81999969482422,4492200,0.0,0.0
2025-11-12 00:00:00-05:00,47.040000915527344,47.11000061035156,46.150001525878906,46.5,4589200,0.0,0.0
2025-11-13 00:00:00-05:00,46.04999923706055,47.45500183105469,45.84000015258789,46.779998779296875,6898400,0.0,0.0
2025-11-14 00:00:00-05:00,46.310001373291016,47.77000045776367,46.08000183105469,46.84000015258789,3440000,0.0,0.0
2025-11-17 00:00:00-05:00,46.689998626708984,46.790000915527344,44.90999984741211,45.150001525878906,3140000,0.0,0.0
2025-11-18 00:00:00-05:00,44.9900016784668,46.4900016784668,44.619998931884766,46.36000061035156,4287100,0.0,0.0
2025-11-19 00:00:00-05:00,45.79999923706055,46.20000076293945,45.17900085449219,45.290000915527344,3241600,0.0,0.0
2025-11-20 00:00:00-05:00,45.970001220703125,45.970001220703125,43.22999954223633,43.439998626708984,6986200,0.0,0.0
2025-11-21 00:00:00-05:00,43.38999938964844,44.2599983215332,42.724998474121094,43.56999969482422,3680800,0.0,0.0
2025-11-24 00:00:00-05:00,44.0099983215332,44.439998626708984,43.119998931884766,43.869998931884766,4964500,0.0,0.0
2025-11-25 00:00:00-05:00,43.869998931884766,44.790000915527344,43.869998931884766,44.61000061035156,2722700,0.0,0.0
2025-11-26 00:00:00-05:00,44.36000061035156,44.70000076293945,44.15999984741211,44.16999816894531,2495200,0.0,0.0
2025-11-28 00:00:00-05:00,44.36000061035156,44.7599983215332,44.18000030517578,44.560001373291016,1450800,0.0,0.0
2025-12-01 00:00:00-05:00,44.310001373291016,45.40999984741211,44.310001373291016,44.630001068115234,3186700,0.0,0.0
2025-12-02 00:00:00-05:00,45.08000183105469,45.15999984741211,44.70500183105469,44.900001525878906,2999700,0.0,0.0
2025-12-03 00:00:00-05:00,44.63999938964844,44.91999816894531,43.630001068115234,44.45000076293945,3549300,0.0,0.0
2025-12-04 00:00:00-05:00,44.779998779296875,44.80500030517578,44.189998626708984,44.310001373291016,2007700,0.0,0.0
2025-12-05 00:00:00-05:00,44.2400016784668,45.0,44.18000030517578,44.45000076293945,2632200,0.0,0.0
2025-12-08 00:00:00-05:00,44.349998474121094,45.185001373291016,44.189998626708984,44.79999923706055,3565100,0.0,0.0
2025-12-09 00:00:00-05:00,44.650001525878906,45.439998626708984,44.22200012207031,45.18000030517578,2646400,0.0,0.0
2025-12-10 00:00:00-05:00,45.27000045776367,45.81999969482422,44.9900016784668,45.52000045776367,3146700,0.0,0.0
2025-12-11 00:00:00-05:00,45.5,45.83000183105469,45.17499923706055,45.279998779296875,2922900,0.0,0.0
2025-12-12 00:00:00-05:00,45.4900016784668,46.380001068115234,45.279998779296875,46.040000915527344,2929900,0.0,0.0
2025-12-15 00:00:00-05:00,46.150001525878906,46.5099983215332,44.314998626708984,44.380001068115234,3412400,0.0,0.0
2025-12-16 00:00:00-05:00,44.400001525878906,45.04499816894531,43.939998626708984,44.16999816894531,2925500,0.0,0.0
2025-12-17 00:00:00-05:00,43.88999938964844,45.03499984741211,43.7599983215332,43.90999984741211,4028000,0.0,0.0
2025-12-18 00:00:00-05:00,44.060001373291016,44.900001525878906,43.93000030517578,44.18000030517578,3962200,0.0,0.0
2025-12-19 00:00:00-05:00,44.22999954223633,44.709999084472656,43.91999816894531,44.16999816894531,5402900,0.0,0.0
2025-12-22 00:00:00-05:00,44.290000915527344,44.87200164794922,44.09000015258789,44.599998474121094,3658200,0.0,0.0
2025-12-23 00:00:00-05:00,44.40999984741211,44.540000915527344,43.56999969482422,43.7400016784668,2566200,0.0,0.0
2025-12-24 00:00:00-05:00,43.75,43.93000030517578,43.459999084472656,43.75,1037200,0.0,0.0
2025-12-26 00:00:00-05:00,43.75,44.33000183105469,43.65999984741211,44.33000183105469,1884700,0.0,0.0
2025-12-29 00:00:00-05:00,44.11000061035156,44.66999816894531,44.01499938964844,44.220001220703125,3104100,0.0,0.0
2025-12-30 00:00:00-05:00,44.20000076293945,44.459999084472656,44.0099983215332,44.099998474121094,2327300,0.0,0.0
2025-12-31 00:00:00-05:00,44.20000076293945,44.20000076293945,43.27000045776367,43.34000015258789,2684800,0.0,0.0
2026-01-02 00:00:00-05:00,43.33000183105469,43.45500183105469,41.54999923706055,42.349998474121094,4213400,0.0,0.0
2026-01-05 00:00:00-05:00,42.349998474121094,43.27000045776367,42.31999969482422,42.630001068115234,3164600,0.0,0.0
2026-01-06 00:00:00-05:00,42.38999938964844,43.29999923706055,42.34000015258789,42.720001220703125,2996200,0.0,0.0
2026-01-07 00:00:00-05:00,43.150001525878906,43.880001068115234,42.5,43.84000015258789,3034400,0.0,0.0
2026-01-08 00:00:00-05:00,43.66999816894531,43.7400016784668,42.255001068115234,42.790000915527344,2751000,0.0,0.0
2026-01-09 00:00:00-05:00,42.79999923706055,43.150001525878906,42.11000061035156,42.279998779296875,3407700,0.0,0.0
2026-01-12 00:00:00-05:00,42.47999954223633,42.775001525878906,41.900001525878906,42.29999923706055,4449100,0.0,0.0
2026-01-13 00:00:00-05:00,42.2400016784668,42.59000015258789,41.11000061035156,41.380001068115234,2857400,0.0,0.0
2026-01-14 00:00:00-05:00,41.290000915527344,41.529998779296875,39.91999816894531,39.97999954223633,4962100,0.0,0.0
2026-01-15 00:00:00-05:00,40.099998474121094,40.540000915527344,39.33000183105469,39.380001068115234,6063600,0.0,0.0
2026-01-16 00:00:00-05:00,39.29999923706055,40.869998931884766,38.5,39.880001068115234,9371200,0.0,0.0
2026-01-20 00:00:00-05:00,39.25,39.849998474121094,38.630001068115234,38.709999084472656,5703000,0.0,0.0
2026-01-21 00:00:00-05:00,38.75,39.595001220703125,38.5099983215332,39.400001525878906,5287300,0.0,0.0
2026-01-22 00:00:00-05:00,39.88999938964844,41.119998931884766,39.72999954223633,41.060001373291016,5576400,0.0,0.0
2026-01-23 00:00:00-05:00,41.0099983215332,41.43000030517578,40.755001068115234,40.790000915527344,4549800,0.0,0.0
2026-01-26 00:00:00-05:00,40.849998474121094,41.619998931884766,40.849998474121094,41.18000030517578,3427800,0.0,0.0
2026-01-27 00:00:00-05:00,41.27000045776367,41.59000015258789,40.255001068115234,40.66999816894531,3368600,0.0,0.0
2026-01-28 00:00:00-05:00,40.97999954223633,41.44499969482422,40.47999954223633,40.650001525878906,3337100,0.0,0.0
2026-01-29 00:00:00-05:00,39.45000076293945,39.68000030517578,37.43000030517578,37.86000061035156,6960300,0.0,0.0
2026-01-30 00:00:00-05:00,38.04999923706055,38.65999984741211,37.86000061035156,38.09000015258789,5996700,0.0,0.0
2026-02-02 00:00:00-05:00,38.32500076293945,38.779998779296875,37.52000045776367,38.04999923706055,5064400,0.0,0.0
2026-02-03 00:00:00-05:00,36.689998626708984,37.189998626708984,33.849998474121094,34.56999969482422,10141500,0.0,0.0
2026-02-04 00:00:00-05:00,34.060001373291016,35.064998626708984,33.2400016784668,34.61000061035156,9616000,0.0,0.0
2026-02-05 00:00:00-05:00,34.4900016784668,35.05500030517578,33.380001068115234,33.470001220703125,9848200,0.0,0.0
2026-02-06 00:00:00-05:00,33.43000030517578,34.4900016784668,32.83000183105469,33.709999084472656,9815900,0.0,0.0
2026-02-09 00:00:00-05:00,38.290000915527344,38.900001525878906,34.85100173950195,36.18000030517578,16285400,0.0,0.0
2026-02-10 00:00:00-05:00,36.130001068115234,37.494998931884766,35.88999938964844,36.79999923706055,7707800,0.0,0.0
2026-02-11 00:00:00-05:00,36.34000015258789,37.15999984741211,35.63999938964844,37.130001068115234,8784800,0.0,0.0
2026-02-12 00:00:00-05:00,37.130001068115234,37.65999984741211,35.709999084472656,36.560001373291016,6987800,0.0,0.0
2026-02-13 00:00:00-05:00,36.75,37.36000061035156,36.31999969482422,37.20000076293945,4926800,0.0,0.0
2026-02-17 00:00:00-05:00,36.97999954223633,37.375,36.16999816894531,36.630001068115234,4697500,0.0,0.0
2026-02-18 00:00:00-05:00,36.63999938964844,37.20500183105469,36.0099983215332,36.41999816894531,5235700,0.0,0.0
2026-02-19 00:00:00-05:00,36.5099983215332,36.755001068115234,36.0,36.279998779296875,3332400,0.0,0.0
2026-02-20 00:00:00-05:00,36.08000183105469,36.7599983215332,34.97999954223633,35.400001525878906,5104100,0.0,0.0
2026-02-23 00:00:00-05:00,34.720001220703125,34.98500061035156,33.23500061035156,33.63999938964844,6945000,0.0,0.0
2026-02-24 00:00:00-05:00,33.7400016784668,34.974998474121094,33.44300079345703,34.25,5128100,0.0,0.0
2026-02-25 00:00:00-05:00,34.2400016784668,35.209999084472656,33.65999984741211,35.13999938964844,6314600,0.0,0.0
2026-02-26 00:00:00-05:00,35.38999938964844,36.72999954223633,35.31999969482422,36.349998474121094,8168900,0.0,0.0
2026-02-27 00:00:00-05:00,34.84000015258789,36.33000183105469,34.27000045776367,35.91999816894531,31805900,0.0,0.0
2026-03-02 00:00:00-05:00,35.34000015258789,37.0099983215332,35.220001220703125,36.709999084472656,6524900,0.0,0.0
2026-03-03 00:00:00-05:00,36.20000076293945,37.38999938964844,35.529998779296875,37.040000915527344,5466100,0.0,0.0
2026-03-04 00:00:00-05:00,36.59000015258789,37.47999954223633,36.584999084472656,37.2599983215332,6219400,0.0,0.0
2026-03-05 00:00:00-05:00,37.4900016784668,39.4900016784668,37.11000061035156,39.209999084472656,10324100,0.0,0.0
2026-03-06 00:00:00-05:00,39.13999938964844,39.650001525878906,38.70000076293945,39.279998779296875,6113400,0.0,0.0
2026-03-09 00:00:00-04:00,38.849998474121094,39.209999084472656,38.21500015258789,38.88999938964844,4452100,0.0,0.0
2026-03-10 00:00:00-04:00,38.75,38.75,37.400001525878906,37.77000045776367,5410900,0.0,0.0
2026-03-11 00:00:00-04:00,38.119998931884766,38.52299880981445,36.79999923706055,37.56999969482422,5546700,0.0,0.0
2026-03-12 00:00:00-04:00,37.52000045776367,39.0099983215332,37.5,38.02000045776367,7103900,0.0,0.0
2026-03-13 00:00:00-04:00,38.150001525878906,38.58000183105469,37.5,38.38999938964844,8865300,0.0,0.0
2026-03-16 00:00:00-04:00,39.040000915527344,39.5099983215332,38.63999938964844,39.369998931884766,8823000,0.0,0.0
2026-03-17 00:00:00-04:00,39.27000045776367,40.41999816894531,39.185001373291016,39.77000045776367,6409000,0.0,0.0
2026-03-18 00:00:00-04:00,39.279998779296875,40.349998474121094,39.060001373291016,40.2400016784668,8928500,0.0,0.0
2026-03-19 00:00:00-04:00,38.83000183105469,39.93000030517578,38.22999954223633,39.060001373291016,13440100,0.0,0.0
2026-03-20 00:00:00-04:00,38.65999984741211,38.65999984741211,37.619998931884766,38.04999923706055,27371200,0.0,0.0
2026-03-23 00:00:00-04:00,38.040000915527344,38.65999984741211,37.59000015258789,38.31999969482422,6579100,0.0,0.0
2026-03-24 00:00:00-04:00,38.099998474121094,38.11000061035156,36.29999923706055,36.54999923706055,7272000,0.0,0.0
2026-03-25 00:00:00-04:00,37.189998626708984,37.65999984741211,36.02000045776367,36.45000076293945,6740300,0.0,0.0
2026-03-26 00:00:00-04:00,36.45000076293945,37.790000915527344,36.31999969482422,37.369998931884766,3570800,0.0,0.0
2026-03-27 00:00:00-04:00,36.7599983215332,36.7599983215332,35.20500183105469,35.90999984741211,4149600,0.0,0.0
2026-03-30 00:00:00-04:00,36.27000045776367,37.61000061035156,36.029998779296875,37.130001068115234,6432200,0.0,0.0
2026-03-31 00:00:00-04:00,37.220001220703125,37.7599983215332,36.83000183105469,36.97999954223633,4754300,0.0,0.0
2026-04-01 00:00:00-04:00,37.150001525878906,37.459999084472656,36.20000076293945,36.77000045776367,3790800,0.0,0.0
2026-04-02 00:00:00-04:00,37.13999938964844,37.86000061035156,36.279998779296875,37.689998626708984,4293900,0.0,0.0
2026-04-06 00:00:00-04:00,37.70000076293945,37.90999984741211,37.095001220703125,37.470001220703125,3904100,0.0,0.0
2026-04-07 00:00:00-04:00,37.099998474121094,37.7599983215332,37.029998779296875,37.20000076293945,6316300,0.0,0.0
2026-04-08 00:00:00-04:00,37.52000045776367,37.959999084472656,36.755001068115234,36.79999923706055,5214100,0.0,0.0
2026-04-09 00:00:00-04:00,36.40999984741211,36.51499938964844,33.720001220703125,33.81999969482422,6465200,0.0,0.0
2026-04-10 00:00:00-04:00,33.849998474121094,34.130001068115234,31.635000228881836,32.36000061035156,9550100,0.0,0.0
2026-04-13 00:00:00-04:00,32.599998474121094,33.939998626708984,32.58000183105469,33.75,5809000,0.0,0.0
2026-04-14 00:00:00-04:00,34.20000076293945,34.61000061035156,33.09000015258789,33.27000045776367,5869700,0.0,0.0
2026-04-15 00:00:00-04:00,33.880001068115234,35.564998626708984,33.7400016784668,35.45000076293945,6178700,0.0,0.0
2026-04-16 00:00:00-04:00,36.31999969482422,36.58000183105469,35.349998474121094,35.619998931884766,4603800,0.0,0.0
2026-04-17 00:00:00-04:00,36.34000015258789,36.40999984741211,35.290000915527344,35.599998474121094,4677800,0.0,0.0
2026-04-20 00:00:00-04:00,35.58000183105469,36.2400016784668,35.060001373291016,35.439998626708984,9975600,0.0,0.0
2026-04-21 00:00:00-04:00,36.20000076293945,36.70000076293945,35.36000061035156,35.720001220703125,9778800,0.0,0.0
2026-04-22 00:00:00-04:00,35.68000030517578,36.45500183105469,35.400001525878906,36.13999938964844,7455500,0.0,0.0
2026-04-23 00:00:00-04:00,34.349998474121094,34.70500183105469,33.52000045776367,34.290000915527344,9103800,0.0,0.0
2026-04-24 00:00:00-04:00,34.40999984741211,35.30500030517578,33.97999954223633,35.290000915527344,4884300,0.0,0.0
2026-04-27 00:00:00-04:00,35.060001373291016,35.970001220703125,34.79999923706055,35.61000061035156,4855300,0.0,0.0
2026-04-28 00:00:00-04:00,36.720001220703125,37.47999954223633,35.900001525878906,35.9900016784668,7297000,0.0,0.0
2026-04-29 00:00:00-04:00,35.939998626708984,36.44499969482422,35.40999984741211,36.400001525878906,5032100,0.0,0.0
2026-04-30 00:00:00-04:00,36.25,36.380001068115234,35.5,36.209999084472656,6386600,0.0,0.0
2026-05-01 00:00:00-04:00,37.29999923706055,38.0,36.70500183105469,37.61000061035156,4579800,0.0,0.0
2026-05-04 00:00:00-04:00,37.7599983215332,39.0,37.70000076293945,38.75,4337800,0.0,0.0
2026-05-05 00:00:00-04:00,38.95000076293945,39.38999938964844,38.20000076293945,38.619998931884766,3887300,0.0,0.0
2026-05-06 00:00:00-04:00,38.02000045776367,38.959999084472656,37.720001220703125,38.209999084472656,4469600,0.0,0.0
2026-05-07 00:00:00-04:00,40.0099983215332,41.0,39.81999969482422,40.369998931884766,5785600,0.0,0.0
2026-05-08 00:00:00-04:00,40.08000183105469,40.79999923706055,39.13999938964844,40.70000076293945,5280700,0.0,0.0
2026-05-11 00:00:00-04:00,40.349998474121094,40.939998626708984,39.90999984741211,40.22999954223633,5644800,0.0,0.0
2026-05-12 00:00:00-04:00,40.0,40.13999938964844,38.65999984741211,39.209999084472656,10579800,0.0,0.0
2026-05-13 00:00:00-04:00,33.52000045776367,35.849998474121094,32.75,34.72999954223633,20780200,0.0,0.0
2026-05-14 00:00:00-04:00,34.79999923706055,37.28499984741211,34.72999954223633,37.119998931884766,11036000,0.0,0.0
2026-05-15 00:00:00-04:00,37.04999923706055,38.66999816894531,36.41999816894531,38.36000061035156,8551200,0.0,0.0
2026-05-18 00:00:00-04:00,38.189998626708984,40.13999938964844,37.90999984741211,39.849998474121094,7329000,0.0,0.0
2026-05-19 00:00:00-04:00,40.88999938964844,41.36000061035156,39.779998779296875,39.959999084472656,6601600,0.0,0.0
2026-05-20 00:00:00-04:00,39.099998474121094,39.915000915527344,38.84000015258789,39.869998931884766,5421100,0.0,0.0
2026-05-21 00:00:00-04:00,39.459999084472656,39.66999816894531,38.75,39.150001525878906,4235500,0.0,0.0
2026-05-22 00:00:00-04:00,39.529998779296875,41.349998474121094,39.310001373291016,41.209999084472656,4502300,0.0,0.0
2026-05-26 00:00:00-04:00,41.09000015258789,41.16999816894531,39.98500061035156,40.599998474121094,4543500,0.0,0.0
2026-05-27 00:00:00-04:00,40.06999969482422,40.52000045776367,38.7400016784668,38.90999984741211,3804500,0.0,0.0
2026-05-28 00:00:00-04:00,40.43000030517578,40.79999923706055,39.16999816894531,40.5099983215332,4686900,0.0,0.0
2026-05-29 00:00:00-04:00,40.95000076293945,43.0,40.81999969482422,42.59000015258789,7089900,0.0,0.0
2026-06-01 00:00:00-04:00,43.529998779296875,44.84000015258789,42.540000915527344,44.470001220703125,6622500,0.0,0.0
2026-06-02 00:00:00-04:00,42.869998931884766,44.9900016784668,42.65999984741211,44.970001220703125,5994300,0.0,0.0
2026-06-03 00:00:00-04:00,44.54999923706055,44.54999923706055,42.939998626708984,43.439998626708984,5535700,0.0,0.0
2026-06-04 00:00:00-04:00,44.18000030517578,44.34000015258789,43.189998626708984,43.25,3453900,0.0,0.0
2026-06-05 00:00:00-04:00,43.29999923706055,43.77000045776367,41.90999984741211,42.189998626708984,4743800,0.0,0.0
2026-06-08 00:00:00-04:00,42.10499954223633,42.470001220703125,41.43000030517578,41.91999816894531,4983300,0.0,0.0
2026-06-09 00:00:00-04:00,41.220001220703125,41.900001525878906,39.90999984741211,40.77000045776367,5834200,0.0,0.0
2026-06-10 00:00:00-04:00,40.4900016784668,41.869998931884766,40.125,40.58000183105469,5004000,0.0,0.0
2026-06-11 00:00:00-04:00,39.91999816894531,41.13999938964844,39.73400115966797,40.369998931884766,4281900,0.0,0.0
2026-06-12 00:00:00-04:00,41.08000183105469,41.08000183105469,39.70500183105469,40.75,3983800,0.0,0.0
2026-06-15 00:00:00-04:00,41.630001068115234,42.4900016784668,41.099998474121094,41.189998626708984,4631600,0.0,0.0
2026-06-16 00:00:00-04:00,42.66999816894531,42.93000030517578,41.415000915527344,41.459999084472656,4769700,0.0,0.0
2026-06-17 00:00:00-04:00,41.77000045776367,42.209999084472656,40.68000030517578,41.25,5628900,0.0,0.0
2026-06-18 00:00:00-04:00,41.22999954223633,41.71500015258789,40.7599983215332,41.41999816894531,10688900,0.0,0.0
2026-06-22 00:00:00-04:00,40.90999984741211,41.66999816894531,39.97999954223633,40.459999084472656,3984500,0.0,0.0
2026-06-23 00:00:00-04:00,40.7400016784668,41.33000183105469,40.31999969482422,40.400001525878906,6424800,0.0,0.0
2026-06-24 00:00:00-04:00,40.29999923706055,41.189998626708984,40.119998931884766,40.61000061035156,4524100,0.0,0.0
2026-06-25 00:00:00-04:00,40.29999923706055,41.11000061035156,39.650001525878906,40.279998779296875,5612800,0.0,0.0
2026-06-26 00:00:00-04:00,40.415000915527344,43.369998931884766,40.415000915527344,43.369998931884766,14048600,0.0,0.0
2026-06-29 00:00:00-04:00,44.0099983215332,45.689998626708984,43.849998474121094,44.2400016784668,9732600,0.0,0.0
2026-06-30 00:00:00-04:00,43.54999923706055,44.13999938964844,43.43000030517578,43.90999984741211,3949100,0.0,0.0
2026-07-01 00:00:00-04:00,44.53499984741211,46.39500045776367,44.53499984741211,45.380001068115234,7140100,0.0,0.0
2026-07-02 00:00:00-04:00,45.2599983215332,45.9900016784668,44.68000030517578,44.77000045776367,5182600,0.0,0.0
2026-07-06 00:00:00-04:00,44.11000061035156,46.040000915527344,43.81999969482422,45.52000045776367,4947500,0.0,0.0
2026-07-07 00:00:00-04:00,46.41999816894531,46.619998931884766,44.9900016784668,45.11000061035156,4253700,0.0,0.0
2026-07-08 00:00:00-04:00,44.66999816894531,45.08000183105469,43.685001373291016,43.84000015258789,3278700,0.0,0.0
2026-07-09 00:00:00-04:00,42.97999954223633,45.529998779296875,42.3390007019043,45.22999954223633,6337300,0.0,0.0
2026-07-10 00:00:00-04:00,45.939998626708984,46.220001220703125,43.52000045776367,43.68000030517578,2742100,0.0,0.0
2026-07-13 00:00:00-04:00,44.150001525878906,44.77000045776367,43.43000030517578,44.59000015258789,3625500,0.0,0.0
2026-07-14 00:00:00-04:00,43.2400016784668,45.380001068115234,43.119998931884766,45.040000915527344,4419300,0.0,0.0
2026-07-15 00:00:00-04:00,45.84000015258789,46.43000030517578,45.0099983215332,45.16999816894531,3409800,0.0,0.0
2026-07-16 00:00:00-04:00,45.63999938964844,45.79999923706055,43.880001068115234,44.83000183105469,3252200,0.0,0.0
2026-07-17 00:00:00-04:00,44.08000183105469,45.05500030517578,44.040000915527344,44.40999984741211,2631400,0.0,0.0
2026-07-20 00:00:00-04:00,44.09000015258789,45.209999084472656,43.869998931884766,44.709999084472656,2322200,0.0,0.0
2026-07-21 00:00:00-04:00,43.869998931884766,44.53499984741211,42.5,42.849998474121094,3974200,0.0,0.0
2026-07-22 00:00:00-04:00,43.209999084472656,43.209999084472656,41.27000045776367,41.36000061035156,6004000,0.0,0.0
2026-07-23 00:00:00-04:00,42.0099983215332,42.194000244140625,40.400001525878906,40.650001525878906,3961500,0.0,0.0
2026-07-24 00:00:00-04:00,41.38999938964844,41.79999923706055,41.16999816894531,41.619998931884766,4358400,0.0,0.0
2026-07-27 00:00:00-04:00,42.4900016784668,44.099998474121094,42.349998474121094,43.720001220703125,5756600,0.0,0.0
2026-07-28 00:00:00-04:00,44.0099983215332,44.77000045776367,43.39500045776367,43.900001525878906,2372800,0.0,0.0
2026-07-29 00:00:00-04:00,43.5,44.80500030517578,43.5,43.880001068115234,5848000,0.0,0.0
2026-07-30 00:00:00-04:00,44.310001373291016,44.43000030517578,42.939998626708984,44.099998474121094,4457900,0.0,0.0
2026-07-31 00:00:00-04:00,44.16999816894531,44.63999938964844,43.400001525878906,44.31999969482422,2344431,0.0,0.0
