Date,Open,High,Low,Close,Volume,Dividends,Stock Splits
2022-01-03 00:00:00-05:00,9.720000267028809,9.739999771118164,9.720000267028809,9.720000267028809,37400,0.0,0.0
2022-01-04 00:00:00-05:00,9.710000038146973,9.739999771118164,9.710000038146973,9.739999771118164,5200,0.0,0.0
2022-01-05 00:00:00-05:00,9.699999809265137,9.720000267028809,9.699999809265137,9.699999809265137,4200,0.0,0.0
2022-01-06 00:00:00-05:00,9.710000038146973,9.739999771118164,9.710000038146973,9.739999771118164,9000,0.0,0.0
2022-01-07 00:00:00-05:00,9.720000267028809,9.760000228881836,9.720000267028809,9.760000228881836,68000,0.0,0.0
2022-01-10 00:00:00-05:00,9.760000228881836,9.760000228881836,9.75,9.760000228881836,2500,0.0,0.0
2022-01-11 00:00:00-05:00,9.760000228881836,9.760000228881836,9.739999771118164,9.760000228881836,4900,0.0,0.0
2022-01-12 00:00:00-05:00,9.758000373840332,9.760000228881836,9.739999771118164,9.760000228881836,7200,0.0,0.0
2022-01-13 00:00:00-05:00,9.739999771118164,9.760000228881836,9.720000267028809,9.760000228881836,3900,0.0,0.0
2022-01-14 00:00:00-05:00,9.739999771118164,9.739999771118164,9.739999771118164,9.739999771118164,600,0.0,0.0
2022-01-18 00:00:00-05:00,9.739999771118164,9.75,9.739999771118164,9.739999771118164,40100,0.0,0.0
2022-01-19 00:00:00-05:00,9.75100040435791,9.760000228881836,9.75100040435791,9.760000228881836,1000,0.0,0.0
2022-01-20 00:00:00-05:00,9.739999771118164,9.739999771118164,9.720000267028809,9.720000267028809,1125700,0.0,0.0
2022-01-21 00:00:00-05:00,9.720000267028809,9.720000267028809,9.720000267028809,9.720000267028809,600,0.0,0.0
2022-01-24 00:00:00-05:00,9.720000267028809,9.720000267028809,9.699999809265137,9.699999809265137,255600,0.0,0.0
2022-01-25 00:00:00-05:00,9.699999809265137,9.699999809265137,9.699999809265137,9.699999809265137,4100,0.0,0.0
2022-01-26 00:00:00-05:00,9.699999809265137,9.710000038146973,9.699999809265137,9.710000038146973,5300,0.0,0.0
2022-01-27 00:00:00-05:00,9.6850004196167,9.710000038146973,9.680000305175781,9.710000038146973,7600,0.0,0.0
2022-01-28 00:00:00-05:00,9.710000038146973,9.710000038146973,9.710000038146973,9.710000038146973,6300,0.0,0.0
2022-01-31 00:00:00-05:00,9.6899995803833,9.710000038146973,9.680000305175781,9.710000038146973,14900,0.0,0.0
2022-02-01 00:00:00-05:00,9.710000038146973,9.710000038146973,9.6899995803833,9.6899995803833,10100,0.0,0.0
2022-02-02 00:00:00-05:00,9.720000267028809,9.729999542236328,9.720000267028809,9.729999542236328,10200,0.0,0.0
2022-02-03 00:00:00-05:00,9.6899995803833,9.704999923706055,9.680000305175781,9.699999809265137,77900,0.0,0.0
2022-02-04 00:00:00-05:00,9.6899995803833,9.6899995803833,9.6899995803833,9.6899995803833,100,0.0,0.0
2022-02-07 00:00:00-05:00,9.704999923706055,9.729999542236328,9.704999923706055,9.729999542236328,4800,0.0,0.0
2022-02-08 00:00:00-05:00,9.729999542236328,9.729999542236328,9.729999542236328,9.729999542236328,0,0.0,0.0
2022-02-09 00:00:00-05:00,9.729999542236328,9.729999542236328,9.729999542236328,9.729999542236328,0,0.0,0.0
2022-02-10 00:00:00-05:00,9.729999542236328,9.729999542236328,9.71500015258789,9.71500015258789,600,0.0,0.0
2022-02-11 00:00:00-05:00,9.71500015258789,9.71500015258789,9.71500015258789,9.71500015258789,0,0.0,0.0
2022-02-14 00:00:00-05:00,9.699999809265137,9.699999809265137,9.699999809265137,9.699999809265137,300,0.0,0.0
2022-02-15 00:00:00-05:00,9.699999809265137,9.720000267028809,9.699999809265137,9.720000267028809,250700,0.0,0.0
2022-02-16 00:00:00-05:00,9.720000267028809,9.720000267028809,9.720000267028809,9.720000267028809,0,0.0,0.0
2022-02-17 00:00:00-05:00,9.699999809265137,9.704999923706055,9.699999809265137,9.699999809265137,50100,0.0,0.0
2022-02-18 00:00:00-05:00,9.710000038146973,9.71500015258789,9.710000038146973,9.71500015258789,98900,0.0,0.0
2022-02-22 00:00:00-05:00,9.710000038146973,9.718000411987305,9.710000038146973,9.710000038146973,8600,0.0,0.0
2022-02-23 00:00:00-05:00,9.699999809265137,9.699999809265137,9.699999809265137,9.699999809265137,400,0.0,0.0
2022-02-24 00:00:00-05:00,9.729999542236328,9.729999542236328,9.699999809265137,9.704999923706055,382700,0.0,0.0
2022-02-25 00:00:00-05:00,9.710000038146973,9.729999542236328,9.710000038146973,9.729999542236328,19200,0.0,0.0
2022-02-28 00:00:00-05:00,9.739999771118164,9.739999771118164,9.710000038146973,9.720000267028809,16900,0.0,0.0
2022-03-01 00:00:00-05:00,9.720000267028809,9.725000381469727,9.710000038146973,9.710000038146973,5100,0.0,0.0
2022-03-02 00:00:00-05:00,9.71500015258789,9.729999542236328,9.71500015258789,9.729999542236328,319100,0.0,0.0
2022-03-03 00:00:00-05:00,9.744999885559082,9.75,9.729999542236328,9.739999771118164,60100,0.0,0.0
2022-03-04 00:00:00-05:00,9.729999542236328,9.739999771118164,9.729999542236328,9.739999771118164,13400,0.0,0.0
2022-03-07 00:00:00-05:00,9.739999771118164,9.739999771118164,9.739999771118164,9.739999771118164,5100,0.0,0.0
2022-03-08 00:00:00-05:00,9.734999656677246,9.734999656677246,9.725000381469727,9.725000381469727,76500,0.0,0.0
2022-03-09 00:00:00-05:00,9.720000267028809,9.729999542236328,9.720000267028809,9.725000381469727,46600,0.0,0.0
2022-03-10 00:00:00-05:00,9.729999542236328,9.729999542236328,9.720000267028809,9.720000267028809,12200,0.0,0.0
2022-03-11 00:00:00-05:00,9.729999542236328,9.729999542236328,9.729999542236328,9.729999542236328,31400,0.0,0.0
2022-03-14 00:00:00-04:00,9.729999542236328,9.729999542236328,9.729999542236328,9.729999542236328,300,0.0,0.0
2022-03-15 00:00:00-04:00,9.729999542236328,9.729999542236328,9.729999542236328,9.729999542236328,0,0.0,0.0
2022-03-16 00:00:00-04:00,9.729999542236328,9.729999542236328,9.720000267028809,9.729999542236328,5000,0.0,0.0
2022-03-17 00:00:00-04:00,9.729999542236328,9.729999542236328,9.729999542236328,9.729999542236328,8100,0.0,0.0
2022-03-18 00:00:00-04:00,9.729999542236328,9.729999542236328,9.729999542236328,9.729999542236328,10000,0.0,0.0
2022-03-21 00:00:00-04:00,9.729999542236328,9.739999771118164,9.720000267028809,9.729999542236328,202100,0.0,0.0
2022-03-22 00:00:00-04:00,9.729999542236328,9.739999771118164,9.729999542236328,9.739999771118164,71200,0.0,0.0
2022-03-23 00:00:00-04:00,9.739999771118164,9.739999771118164,9.739999771118164,9.739999771118164,131700,0.0,0.0
2022-03-24 00:00:00-04:00,9.739999771118164,9.75,9.739999771118164,9.75,45100,0.0,0.0
2022-03-25 00:00:00-04:00,9.744999885559082,9.744999885559082,9.739999771118164,9.744999885559082,21800,0.0,0.0
2022-03-28 00:00:00-04:00,9.739999771118164,9.75,9.739999771118164,9.75,14000,0.0,0.0
2022-03-29 00:00:00-04:00,9.746000289916992,9.760000228881836,9.739999771118164,9.739999771118164,27200,0.0,0.0
2022-03-30 00:00:00-04:00,9.739999771118164,9.739999771118164,9.739999771118164,9.739999771118164,119600,0.0,0.0
2022-03-31 00:00:00-04:00,9.744999885559082,9.75,9.744999885559082,9.75,228400,0.0,0.0
2022-04-01 00:00:00-04:00,9.75,9.770000457763672,9.75,9.760000228881836,271800,0.0,0.0
2022-04-04 00:00:00-04:00,9.75,9.770000457763672,9.75,9.760000228881836,534800,0.0,0.0
2022-04-05 00:00:00-04:00,9.770000457763672,9.779999732971191,9.755000114440918,9.779999732971191,21100,0.0,0.0
2022-04-06 00:00:00-04:00,9.760000228881836,9.789999961853027,9.760000228881836,9.770000457763672,30500,0.0,0.0
2022-04-07 00:00:00-04:00,9.770000457763672,9.770000457763672,9.770000457763672,9.770000457763672,0,0.0,0.0
2022-04-08 00:00:00-04:00,9.760000228881836,9.774999618530273,9.760000228881836,9.760000228881836,6500,0.0,0.0
2022-04-11 00:00:00-04:00,9.760000228881836,9.760000228881836,9.760000228881836,9.760000228881836,0,0.0,0.0
2022-04-12 00:00:00-04:00,9.779999732971191,9.789999961853027,9.779999732971191,9.789999961853027,13200,0.0,0.0
2022-04-13 00:00:00-04:00,9.789999961853027,9.800000190734863,9.789999961853027,9.800000190734863,2100,0.0,0.0
2022-04-14 00:00:00-04:00,9.8100004196167,9.8100004196167,9.8100004196167,9.8100004196167,100,0.0,0.0
2022-04-18 00:00:00-04:00,9.819999694824219,9.819999694824219,9.819999694824219,9.819999694824219,100,0.0,0.0
2022-04-19 00:00:00-04:00,9.819999694824219,9.819999694824219,9.819999694824219,9.819999694824219,0,0.0,0.0
2022-04-20 00:00:00-04:00,9.800000190734863,9.819999694824219,9.800000190734863,9.819999694824219,6800,0.0,0.0
2022-04-21 00:00:00-04:00,9.829999923706055,9.829999923706055,9.829999923706055,9.829999923706055,200,0.0,0.0
2022-04-22 00:00:00-04:00,9.800000190734863,9.800000190734863,9.800000190734863,9.800000190734863,1100,0.0,0.0
2022-04-25 00:00:00-04:00,9.819999694824219,9.829999923706055,9.819999694824219,9.829999923706055,4400,0.0,0.0
2022-04-26 00:00:00-04:00,9.829999923706055,9.829999923706055,9.819999694824219,9.819999694824219,5800,0.0,0.0
2022-04-27 00:00:00-04:00,9.829999923706055,9.829999923706055,9.8100004196167,9.8100004196167,16700,0.0,0.0
2022-04-28 00:00:00-04:00,9.8100004196167,9.8100004196167,9.800000190734863,9.800000190734863,45800,0.0,0.0
2022-04-29 00:00:00-04:00,9.8100004196167,9.8100004196167,9.800000190734863,9.8100004196167,1709900,0.0,0.0
2022-05-02 00:00:00-04:00,9.819999694824219,9.819999694824219,9.819999694824219,9.819999694824219,389300,0.0,0.0
2022-05-03 00:00:00-04:00,9.8100004196167,9.84000015258789,9.8100004196167,9.84000015258789,202100,0.0,0.0
2022-05-04 00:00:00-04:00,9.819999694824219,9.819999694824219,9.8100004196167,9.819999694824219,18000,0.0,0.0
2022-05-05 00:00:00-04:00,9.819999694824219,9.819999694824219,9.819999694824219,9.819999694824219,100,0.0,0.0
2022-05-06 00:00:00-04:00,9.819999694824219,9.819999694824219,9.8100004196167,9.819999694824219,34800,0.0,0.0
2022-05-09 00:00:00-04:00,9.84000015258789,9.84000015258789,9.789999961853027,9.789999961853027,500,0.0,0.0
2022-05-10 00:00:00-04:00,9.789999961853027,9.789999961853027,9.789999961853027,9.789999961853027,0,0.0,0.0
2022-05-11 00:00:00-04:00,9.8100004196167,9.8100004196167,9.800000190734863,9.800000190734863,300,0.0,0.0
2022-05-12 00:00:00-04:00,9.800000190734863,9.800000190734863,9.800000190734863,9.800000190734863,0,0.0,0.0
2022-05-13 00:00:00-04:00,9.800000190734863,9.800000190734863,9.800000190734863,9.800000190734863,0,0.0,0.0
2022-05-16 00:00:00-04:00,9.800000190734863,9.800000190734863,9.800000190734863,9.800000190734863,0,0.0,0.0
2022-05-17 00:00:00-04:00,9.800000190734863,9.800000190734863,9.800000190734863,9.800000190734863,0,0.0,0.0
2022-05-18 00:00:00-04:00,9.789999961853027,9.789999961853027,9.770000457763672,9.781999588012695,598700,0.0,0.0
2022-05-19 00:00:00-04:00,9.8100004196167,9.8100004196167,9.8100004196167,9.8100004196167,100,0.0,0.0
2022-05-20 00:00:00-04:00,9.8100004196167,9.8100004196167,9.8100004196167,9.8100004196167,0,0.0,0.0
2022-05-23 00:00:00-04:00,9.8100004196167,9.8100004196167,9.8100004196167,9.8100004196167,0,0.0,0.0
2022-05-24 00:00:00-04:00,9.770000457763672,9.789999961853027,9.770000457763672,9.770000457763672,19500,0.0,0.0
2022-05-25 00:00:00-04:00,9.770000457763672,9.770000457763672,9.770000457763672,9.770000457763672,0,0.0,0.0
2022-05-26 00:00:00-04:00,9.800000190734863,9.800000190734863,9.770000457763672,9.770000457763672,300,0.0,0.0
2022-05-27 00:00:00-04:00,9.770000457763672,9.770000457763672,9.770000457763672,9.770000457763672,0,0.0,0.0
2022-05-31 00:00:00-04:00,9.770000457763672,9.789999961853027,9.770000457763672,9.789999961853027,900,0.0,0.0
2022-06-01 00:00:00-04:00,9.789999961853027,9.789999961853027,9.789999961853027,9.789999961853027,7100,0.0,0.0
2022-06-02 00:00:00-04:00,9.789999961853027,9.789999961853027,9.789999961853027,9.789999961853027,0,0.0,0.0
2022-06-03 00:00:00-04:00,9.779999732971191,9.78499984741211,9.779999732971191,9.779999732971191,88500,0.0,0.0
2022-06-06 00:00:00-04:00,9.819999694824219,9.819999694824219,9.819999694824219,9.819999694824219,200,0.0,0.0
2022-06-07 00:00:00-04:00,9.795000076293945,9.800000190734863,9.78499984741211,9.789999961853027,123700,0.0,0.0
2022-06-08 00:00:00-04:00,9.805000305175781,9.805000305175781,9.800000190734863,9.805000305175781,7400,0.0,0.0
2022-06-09 00:00:00-04:00,9.805000305175781,9.805000305175781,9.805000305175781,9.805000305175781,0,0.0,0.0
2022-06-10 00:00:00-04:00,9.805000305175781,9.805000305175781,9.805000305175781,9.805000305175781,0,0.0,0.0
2022-06-13 00:00:00-04:00,9.8100004196167,9.8100004196167,9.800000190734863,9.800000190734863,11300,0.0,0.0
2022-06-14 00:00:00-04:00,9.789999961853027,9.789999961853027,9.789999961853027,9.789999961853027,200,0.0,0.0
2022-06-15 00:00:00-04:00,9.789999961853027,9.789999961853027,9.789999961853027,9.789999961853027,2900,0.0,0.0
2022-06-16 00:00:00-04:00,9.789999961853027,9.789999961853027,9.789999961853027,9.789999961853027,0,0.0,0.0
2022-06-17 00:00:00-04:00,9.789999961853027,9.789999961853027,9.789999961853027,9.789999961853027,0,0.0,0.0
2022-06-21 00:00:00-04:00,9.869999885559082,9.869999885559082,9.789999961853027,9.789999961853027,300,0.0,0.0
2022-06-22 00:00:00-04:00,9.779999732971191,9.789999961853027,9.779999732971191,9.779999732971191,345500,0.0,0.0
2022-06-23 00:00:00-04:00,9.779999732971191,9.779999732971191,9.779999732971191,9.779999732971191,0,0.0,0.0
2022-06-24 00:00:00-04:00,9.819999694824219,9.819999694824219,9.800000190734863,9.800000190734863,1300100,0.0,0.0
2022-06-27 00:00:00-04:00,9.800000190734863,9.800000190734863,9.795000076293945,9.800000190734863,639800,0.0,0.0
2022-06-28 00:00:00-04:00,9.800000190734863,9.800000190734863,9.800000190734863,9.800000190734863,1000,0.0,0.0
2022-06-29 00:00:00-04:00,9.800000190734863,9.84000015258789,9.789999961853027,9.84000015258789,60200,0.0,0.0
2022-06-30 00:00:00-04:00,9.84000015258789,9.84000015258789,9.84000015258789,9.84000015258789,0,0.0,0.0
2022-07-01 00:00:00-04:00,9.800000190734863,9.800000190734863,9.800000190734863,9.800000190734863,200,0.0,0.0
2022-07-05 00:00:00-04:00,9.8100004196167,9.8100004196167,9.800000190734863,9.800000190734863,171000,0.0,0.0
2022-07-06 00:00:00-04:00,9.819999694824219,9.819999694824219,9.819999694824219,9.819999694824219,300,0.0,0.0
2022-07-07 00:00:00-04:00,9.819999694824219,9.819999694824219,9.819999694824219,9.819999694824219,100,0.0,0.0
2022-07-08 00:00:00-04:00,9.819999694824219,9.819999694824219,9.819999694824219,9.819999694824219,700,0.0,0.0
2022-07-11 00:00:00-04:00,9.819999694824219,9.819999694824219,9.819999694824219,9.819999694824219,500,0.0,0.0
2022-07-12 00:00:00-04:00,9.8100004196167,9.8100004196167,9.800000190734863,9.800000190734863,2100,0.0,0.0
2022-07-13 00:00:00-04:00,9.8100004196167,9.8100004196167,9.8100004196167,9.8100004196167,200,0.0,0.0
2022-07-14 00:00:00-04:00,9.8100004196167,9.8100004196167,9.8100004196167,9.8100004196167,0,0.0,0.0
2022-07-15 00:00:00-04:00,9.8100004196167,9.8100004196167,9.8100004196167,9.8100004196167,0,0.0,0.0
2022-07-18 00:00:00-04:00,9.8100004196167,9.8100004196167,9.8100004196167,9.8100004196167,0,0.0,0.0
2022-07-19 00:00:00-04:00,9.829999923706055,9.869999885559082,9.819999694824219,9.819999694824219,7500,0.0,0.0
2022-07-20 00:00:00-04:00,9.819999694824219,9.819999694824219,9.819999694824219,9.819999694824219,300,0.0,0.0
2022-07-21 00:00:00-04:00,9.819999694824219,9.829999923706055,9.8100004196167,9.8100004196167,7200,0.0,0.0
2022-07-22 00:00:00-04:00,9.84000015258789,9.845000267028809,9.84000015258789,9.845000267028809,200,0.0,0.0
2022-07-25 00:00:00-04:00,9.850000381469727,9.869999885559082,9.850000381469727,9.869999885559082,16400,0.0,0.0
2022-07-26 00:00:00-04:00,9.859999656677246,9.859999656677246,9.829999923706055,9.829999923706055,25000,0.0,0.0
2022-07-27 00:00:00-04:00,9.84000015258789,9.850000381469727,9.829999923706055,9.829999923706055,25600,0.0,0.0
2022-07-28 00:00:00-04:00,9.850000381469727,9.850000381469727,9.850000381469727,9.850000381469727,1400,0.0,0.0
2022-07-29 00:00:00-04:00,9.845000267028809,9.845000267028809,9.84000015258789,9.84000015258789,200,0.0,0.0
2022-08-01 00:00:00-04:00,9.829999923706055,9.859999656677246,9.829999923706055,9.859999656677246,800,0.0,0.0
2022-08-02 00:00:00-04:00,9.859999656677246,9.859999656677246,9.859999656677246,9.859999656677246,0,0.0,0.0
2022-08-03 00:00:00-04:00,9.84000015258789,9.854999542236328,9.84000015258789,9.850000381469727,11500,0.0,0.0
2022-08-04 00:00:00-04:00,9.850000381469727,9.859999656677246,9.850000381469727,9.859999656677246,253400,0.0,0.0
2022-08-05 00:00:00-04:00,9.859999656677246,9.869999885559082,9.859999656677246,9.859999656677246,114900,0.0,0.0
2022-08-08 00:00:00-04:00,9.850000381469727,9.859999656677246,9.850000381469727,9.859999656677246,207300,0.0,0.0
2022-08-09 00:00:00-04:00,9.859999656677246,9.859999656677246,9.859999656677246,9.859999656677246,10800,0.0,0.0
2022-08-10 00:00:00-04:00,9.850000381469727,9.859999656677246,9.850000381469727,9.859999656677246,800,0.0,0.0
2022-08-11 00:00:00-04:00,9.850000381469727,9.869999885559082,9.850000381469727,9.850000381469727,46100,0.0,0.0
2022-08-12 00:00:00-04:00,9.850000381469727,9.850000381469727,9.850000381469727,9.850000381469727,0,0.0,0.0
2022-08-15 00:00:00-04:00,9.850000381469727,9.850000381469727,9.850000381469727,9.850000381469727,18000,0.0,0.0
2022-08-16 00:00:00-04:00,9.850000381469727,9.854999542236328,9.850000381469727,9.850000381469727,70300,0.0,0.0
2022-08-17 00:00:00-04:00,9.859999656677246,9.859999656677246,9.859999656677246,9.859999656677246,5900,0.0,0.0
2022-08-18 00:00:00-04:00,9.850000381469727,9.850000381469727,9.850000381469727,9.850000381469727,28700,0.0,0.0
2022-08-19 00:00:00-04:00,9.850000381469727,9.850000381469727,9.850000381469727,9.850000381469727,100,0.0,0.0
2022-08-22 00:00:00-04:00,9.850000381469727,9.850000381469727,9.850000381469727,9.850000381469727,500,0.0,0.0
2022-08-23 00:00:00-04:00,9.859999656677246,9.869999885559082,9.85200023651123,9.869999885559082,1500,0.0,0.0
2022-08-24 00:00:00-04:00,9.869999885559082,9.869999885559082,9.869999885559082,9.869999885559082,0,0.0,0.0
2022-08-25 00:00:00-04:00,9.869999885559082,9.869999885559082,9.869999885559082,9.869999885559082,0,0.0,0.0
2022-08-26 00:00:00-04:00,9.859999656677246,9.859999656677246,9.850000381469727,9.859999656677246,600,0.0,0.0
2022-08-29 00:00:00-04:00,9.850000381469727,9.850000381469727,9.850000381469727,9.850000381469727,50200,0.0,0.0
2022-08-30 00:00:00-04:00,9.850000381469727,9.850000381469727,9.850000381469727,9.850000381469727,0,0.0,0.0
2022-08-31 00:00:00-04:00,9.869999885559082,9.869999885559082,9.869999885559082,9.869999885559082,600,0.0,0.0
2022-09-01 00:00:00-04:00,9.890000343322754,9.890000343322754,9.890000343322754,9.890000343322754,200,0.0,0.0
2022-09-02 00:00:00-04:00,9.9399995803833,9.9399995803833,9.9399995803833,9.9399995803833,100,0.0,0.0
2022-09-06 00:00:00-04:00,9.899999618530273,9.899999618530273,9.890000343322754,9.890000343322754,800,0.0,0.0
2022-09-07 00:00:00-04:00,9.880000114440918,9.880000114440918,9.880000114440918,9.880000114440918,52200,0.0,0.0
2022-09-08 00:00:00-04:00,9.890000343322754,9.890000343322754,9.880000114440918,9.880000114440918,501000,0.0,0.0
2022-09-09 00:00:00-04:00,9.899999618530273,9.920000076293945,9.899999618530273,9.920000076293945,700,0.0,0.0
2022-09-12 00:00:00-04:00,9.920000076293945,9.920000076293945,9.920000076293945,9.920000076293945,0,0.0,0.0
2022-09-13 00:00:00-04:00,9.880000114440918,9.9399995803833,9.880000114440918,9.880000114440918,54400,0.0,0.0
2022-09-14 00:00:00-04:00,9.880000114440918,9.880000114440918,9.880000114440918,9.880000114440918,1500,0.0,0.0
2022-09-15 00:00:00-04:00,9.880000114440918,9.880000114440918,9.880000114440918,9.880000114440918,50000,0.0,0.0
2022-09-16 00:00:00-04:00,9.890000343322754,9.897000312805176,9.890000343322754,9.897000312805176,800,0.0,0.0
2022-09-19 00:00:00-04:00,9.899999618530273,9.904999732971191,9.899999618530273,9.899999618530273,75300,0.0,0.0
2022-09-20 00:00:00-04:00,9.899999618530273,9.90999984741211,9.899999618530273,9.899999618530273,75400,0.0,0.0
2022-09-21 00:00:00-04:00,9.899999618530273,9.899999618530273,9.899999618530273,9.899999618530273,0,0.0,0.0
2022-09-22 00:00:00-04:00,9.899999618530273,9.90999984741211,9.899999618530273,9.90999984741211,10600,0.0,0.0
2022-09-23 00:00:00-04:00,9.90999984741211,9.90999984741211,9.90999984741211,9.90999984741211,0,0.0,0.0
2022-09-26 00:00:00-04:00,9.890000343322754,9.890999794006348,9.890000343322754,9.890999794006348,15400,0.0,0.0
2022-09-27 00:00:00-04:00,9.890000343322754,9.890000343322754,9.890000343322754,9.890000343322754,9200,0.0,0.0
2022-09-28 00:00:00-04:00,9.899999618530273,9.90999984741211,9.899999618530273,9.899999618530273,11100,0.0,0.0
2022-09-29 00:00:00-04:00,9.899999618530273,9.904999732971191,9.899999618530273,9.904999732971191,1100,0.0,0.0
2022-09-30 00:00:00-04:00,9.920000076293945,9.920000076293945,9.90999984741211,9.90999984741211,176300,0.0,0.0
2022-10-03 00:00:00-04:00,9.925000190734863,9.925000190734863,9.920000076293945,9.920000076293945,187600,0.0,0.0
2022-10-04 00:00:00-04:00,9.920000076293945,9.920000076293945,9.920000076293945,9.920000076293945,200,0.0,0.0
2022-10-05 00:00:00-04:00,9.920000076293945,9.920000076293945,9.920000076293945,9.920000076293945,0,0.0,0.0
2022-10-06 00:00:00-04:00,9.925000190734863,9.925000190734863,9.920000076293945,9.920000076293945,173200,0.0,0.0
2022-10-07 00:00:00-04:00,9.925000190734863,9.930000305175781,9.925000190734863,9.930000305175781,51200,0.0,0.0
2022-10-10 00:00:00-04:00,9.920000076293945,9.920000076293945,9.920000076293945,9.920000076293945,650000,0.0,0.0
2022-10-11 00:00:00-04:00,9.9350004196167,9.9350004196167,9.920000076293945,9.920000076293945,280400,0.0,0.0
2022-10-12 00:00:00-04:00,9.920000076293945,9.920000076293945,9.920000076293945,9.920000076293945,0,0.0,0.0
2022-10-13 00:00:00-04:00,9.930000305175781,9.930000305175781,9.930000305175781,9.930000305175781,250000,0.0,0.0
2022-10-14 00:00:00-04:00,9.930000305175781,9.930000305175781,9.930000305175781,9.930000305175781,400,0.0,0.0
2022-10-17 00:00:00-04:00,9.930000305175781,9.930000305175781,9.930000305175781,9.930000305175781,0,0.0,0.0
2022-10-18 00:00:00-04:00,9.930000305175781,9.944999694824219,9.930000305175781,9.9399995803833,178000,0.0,0.0
2022-10-19 00:00:00-04:00,9.944999694824219,9.944999694824219,9.9399995803833,9.9399995803833,51900,0.0,0.0
2022-10-20 00:00:00-04:00,9.9399995803833,9.954999923706055,9.9399995803833,9.949999809265137,79500,0.0,0.0
2022-10-21 00:00:00-04:00,9.949999809265137,9.949999809265137,9.949999809265137,9.949999809265137,300,0.0,0.0
2022-10-24 00:00:00-04:00,9.949999809265137,9.949999809265137,9.949999809265137,9.949999809265137,0,0.0,0.0
2022-10-25 00:00:00-04:00,9.970000267028809,9.970000267028809,9.970000267028809,9.970000267028809,200,0.0,0.0
2022-10-26 00:00:00-04:00,9.970000267028809,9.970000267028809,9.970000267028809,9.970000267028809,0,0.0,0.0
2022-10-27 00:00:00-04:00,9.96500015258789,9.970000267028809,9.96500015258789,9.970000267028809,300,0.0,0.0
2022-10-28 00:00:00-04:00,9.96500015258789,9.975000381469727,9.960000038146973,9.970000267028809,156500,0.0,0.0
2022-10-31 00:00:00-04:00,9.970000267028809,9.970000267028809,9.970000267028809,9.970000267028809,404100,0.0,0.0
2022-11-01 00:00:00-04:00,9.984999656677246,9.984999656677246,9.984999656677246,9.984999656677246,4000,0.0,0.0
2022-11-02 00:00:00-04:00,9.984999656677246,9.984999656677246,9.984999656677246,9.984999656677246,0,0.0,0.0
2022-11-03 00:00:00-04:00,9.984999656677246,9.984999656677246,9.984999656677246,9.984999656677246,0,0.0,0.0
2022-11-04 00:00:00-04:00,9.979999542236328,9.979999542236328,9.979999542236328,9.979999542236328,100,0.0,0.0
2022-11-07 00:00:00-05:00,9.989999771118164,10.005000114440918,9.989999771118164,9.989999771118164,90000,0.0,0.0
2022-11-08 00:00:00-05:00,9.989999771118164,9.989999771118164,9.989999771118164,9.989999771118164,126100,0.0,0.0
2022-11-09 00:00:00-05:00,9.989999771118164,9.989999771118164,9.989999771118164,9.989999771118164,0,0.0,0.0
2022-11-10 00:00:00-05:00,10.0,10.0,10.0,10.0,72800,0.0,0.0
2022-11-11 00:00:00-05:00,10.0,10.0,10.0,10.0,100,0.0,0.0
2022-11-14 00:00:00-05:00,10.0,10.0,10.0,10.0,71800,0.0,0.0
2022-11-15 00:00:00-05:00,10.0,10.0,10.0,10.0,100,0.0,0.0
2022-11-16 00:00:00-05:00,10.0,10.0,10.0,10.0,12700,0.0,0.0
2022-11-17 00:00:00-05:00,10.0,10.0,10.0,10.0,700,0.0,0.0
2022-11-18 00:00:00-05:00,10.0,10.0,10.0,10.0,100,0.0,0.0
2022-11-21 00:00:00-05:00,10.0,10.0,10.0,10.0,600,0.0,0.0
2022-11-22 00:00:00-05:00,10.010000228881836,10.015000343322754,10.0,10.010000228881836,59900,0.0,0.0
2022-11-23 00:00:00-05:00,10.010000228881836,10.010000228881836,10.010000228881836,10.010000228881836,100,0.0,0.0
2022-11-25 00:00:00-05:00,10.020000457763672,10.0600004196167,10.020000457763672,10.024999618530273,12300,0.0,0.0
2022-11-28 00:00:00-05:00,10.039999961853027,10.039999961853027,10.039999961853027,10.039999961853027,100,0.0,0.0
2022-11-29 00:00:00-05:00,10.010000228881836,10.010000228881836,10.010000228881836,10.010000228881836,1000,0.0,0.0
2022-11-30 00:00:00-05:00,10.020000457763672,10.020000457763672,10.010000228881836,10.010000228881836,2100,0.0,0.0
2022-12-01 00:00:00-05:00,10.020000457763672,10.020000457763672,10.020000457763672,10.020000457763672,6200,0.0,0.0
2022-12-02 00:00:00-05:00,10.024999618530273,10.024999618530273,10.020000457763672,10.020000457763672,1900,0.0,0.0
2022-12-05 00:00:00-05:00,10.020000457763672,10.029999732971191,10.020000457763672,10.029999732971191,123000,0.0,0.0
2022-12-06 00:00:00-05:00,10.029999732971191,10.03499984741211,10.029999732971191,10.03499984741211,400,0.0,0.0
2022-12-07 00:00:00-05:00,10.020000457763672,10.03499984741211,10.020000457763672,10.029999732971191,126100,0.0,0.0
2022-12-08 00:00:00-05:00,10.029999732971191,10.029999732971191,10.029999732971191,10.029999732971191,0,0.0,0.0
2022-12-09 00:00:00-05:00,10.039999961853027,10.050000190734863,10.039999961853027,10.039999961853027,7900,0.0,0.0
2022-12-12 00:00:00-05:00,10.039999961853027,10.039999961853027,10.039999961853027,10.039999961853027,2300,0.0,0.0
2022-12-13 00:00:00-05:00,10.039999961853027,10.039999961853027,10.039999961853027,10.039999961853027,200,0.0,0.0
2022-12-14 00:00:00-05:00,10.050000190734863,10.0600004196167,10.045000076293945,10.050000190734863,37300,0.0,0.0
2022-12-15 00:00:00-05:00,10.0600004196167,10.0600004196167,10.050000190734863,10.050000190734863,101700,0.0,0.0
2022-12-16 00:00:00-05:00,10.0600004196167,10.0600004196167,10.0600004196167,10.0600004196167,1200,0.0,0.0
2022-12-19 00:00:00-05:00,10.0600004196167,10.0600004196167,10.0600004196167,10.0600004196167,94500,0.0,0.0
2022-12-20 00:00:00-05:00,10.069999694824219,10.074999809265137,10.0600004196167,10.0600004196167,377000,0.0,0.0
2022-12-21 00:00:00-05:00,10.069999694824219,10.079999923706055,10.069999694824219,10.069999694824219,219700,0.0,0.0
2022-12-22 00:00:00-05:00,10.09000015258789,10.09000015258789,10.086999893188477,10.086999893188477,282600,0.0,0.0
2022-12-23 00:00:00-05:00,10.09000015258789,10.09000015258789,10.085000038146973,10.09000015258789,120200,0.0,0.0
2022-12-27 00:00:00-05:00,10.0600004196167,10.0600004196167,10.0600004196167,10.0600004196167,100,0.0,0.0
2022-12-28 00:00:00-05:00,10.085000038146973,10.085000038146973,10.085000038146973,10.085000038146973,2500,0.0,0.0
2022-12-29 00:00:00-05:00,10.100000381469727,10.100000381469727,10.079999923706055,10.079999923706055,92200,0.0,0.0
2022-12-30 00:00:00-05:00,10.085000038146973,10.100000381469727,10.079999923706055,10.100000381469727,71500,0.0,0.0
2023-01-03 00:00:00-05:00,10.100000381469727,10.100000381469727,10.100000381469727,10.100000381469727,2200,0.0,0.0
2023-01-04 00:00:00-05:00,10.09000015258789,10.100000381469727,10.09000015258789,10.09000015258789,400,0.0,0.0
2023-01-05 00:00:00-05:00,10.09000015258789,10.100000381469727,10.09000015258789,10.100000381469727,13200,0.0,0.0
2023-01-06 00:00:00-05:00,10.100000381469727,10.119999885559082,10.100000381469727,10.109999656677246,233100,0.0,0.0
2023-01-09 00:00:00-05:00,10.119999885559082,10.119999885559082,10.100000381469727,10.119999885559082,125800,0.0,0.0
2023-01-10 00:00:00-05:00,10.119999885559082,10.125,10.119999885559082,10.119999885559082,1040200,0.0,0.0
2023-01-11 00:00:00-05:00,10.119999885559082,10.130000114440918,10.119999885559082,10.130000114440918,3000,0.0,0.0
2023-01-12 00:00:00-05:00,10.130000114440918,10.135000228881836,10.130000114440918,10.135000228881836,6800,0.0,0.0
2023-01-13 00:00:00-05:00,10.125,10.135000228881836,10.125,10.130000114440918,475600,0.0,0.0
2023-01-17 00:00:00-05:00,10.130000114440918,10.140000343322754,10.130000114440918,10.140000343322754,10300,0.0,0.0
2023-01-18 00:00:00-05:00,10.130000114440918,10.130000114440918,10.130000114440918,10.130000114440918,100,0.0,0.0
2023-01-19 00:00:00-05:00,10.130000114440918,10.130000114440918,10.130000114440918,10.130000114440918,400,0.0,0.0
2023-01-20 00:00:00-05:00,10.130000114440918,10.130000114440918,10.130000114440918,10.130000114440918,200,0.0,0.0
2023-01-23 00:00:00-05:00,10.130000114440918,10.140000343322754,10.130000114440918,10.135000228881836,6600,0.0,0.0
2023-01-24 00:00:00-05:00,10.135000228881836,10.140000343322754,10.135000228881836,10.135000228881836,9100,0.0,0.0
2023-01-25 00:00:00-05:00,10.130000114440918,10.149999618530273,10.130000114440918,10.149999618530273,33700,0.0,0.0
2023-01-26 00:00:00-05:00,10.140000343322754,10.140000343322754,10.140000343322754,10.140000343322754,700,0.0,0.0
2023-01-27 00:00:00-05:00,10.130000114440918,10.149999618530273,10.130000114440918,10.140000343322754,541900,0.0,0.0
2023-01-30 00:00:00-05:00,10.149999618530273,10.154999732971191,10.149999618530273,10.149999618530273,1750400,0.0,0.0
2023-01-31 00:00:00-05:00,10.279999732971191,10.399999618530273,10.229999542236328,10.34000015258789,18215800,0.0,0.0
2023-02-01 00:00:00-05:00,10.350000381469727,10.350000381469727,10.270000457763672,10.34000015258789,4468700,0.0,0.0
2023-02-02 00:00:00-05:00,10.359999656677246,10.364999771118164,10.3100004196167,10.319999694824219,991900,0.0,0.0
2023-02-03 00:00:00-05:00,10.359999656677246,10.359999656677246,10.229999542236328,10.239999771118164,954900,0.0,0.0
2023-02-06 00:00:00-05:00,10.289999961853027,10.289999961853027,10.239999771118164,10.25,362900,0.0,0.0
2023-02-07 00:00:00-05:00,10.270000457763672,10.277999877929688,10.239999771118164,10.25,494300,0.0,0.0
2023-02-08 00:00:00-05:00,10.25,10.270000457763672,10.239999771118164,10.260000228881836,222400,0.0,0.0
2023-02-09 00:00:00-05:00,10.239999771118164,10.270000457763672,10.239999771118164,10.239999771118164,463600,0.0,0.0
2023-02-10 00:00:00-05:00,10.25,10.25,10.220000267028809,10.25,599200,0.0,0.0
2023-02-13 00:00:00-05:00,10.244999885559082,10.25,10.229999542236328,10.25,109500,0.0,0.0
2023-02-14 00:00:00-05:00,10.246000289916992,10.25,10.229999542236328,10.239999771118164,294000,0.0,0.0
2023-02-15 00:00:00-05:00,10.229999542236328,10.25,10.229999542236328,10.239999771118164,241800,0.0,0.0
2023-02-16 00:00:00-05:00,10.229999542236328,10.25,10.225000381469727,10.234999656677246,64600,0.0,0.0
2023-02-17 00:00:00-05:00,10.239999771118164,10.239999771118164,10.229999542236328,10.239999771118164,78300,0.0,0.0
2023-02-21 00:00:00-05:00,10.25,10.270000457763672,10.239999771118164,10.265000343322754,69900,0.0,0.0
2023-02-22 00:00:00-05:00,10.260000228881836,10.3100004196167,10.260000228881836,10.28499984741211,629300,0.0,0.0
2023-02-23 00:00:00-05:00,10.270999908447266,10.300000190734863,10.270999908447266,10.300000190734863,148100,0.0,0.0
2023-02-24 00:00:00-05:00,10.239999771118164,10.3100004196167,10.239999771118164,10.289999961853027,616100,0.0,0.0
2023-02-27 00:00:00-05:00,10.300000190734863,10.300000190734863,10.274999618530273,10.279999732971191,629800,0.0,0.0
2023-02-28 00:00:00-05:00,10.270000457763672,10.279999732971191,10.239999771118164,10.239999771118164,1022000,0.0,0.0
2023-03-01 00:00:00-05:00,10.244999885559082,10.244999885559082,10.220000267028809,10.220000267028809,748800,0.0,0.0
2023-03-02 00:00:00-05:00,10.220999717712402,10.239999771118164,10.210000038146973,10.229999542236328,794600,0.0,0.0
2023-03-03 00:00:00-05:00,10.229999542236328,10.270000457763672,10.220000267028809,10.220000267028809,8893600,0.0,0.0
2023-03-06 00:00:00-05:00,10.220000267028809,10.25,10.220000267028809,10.229999542236328,3188300,0.0,0.0
2023-03-07 00:00:00-05:00,10.220000267028809,10.239999771118164,10.199999809265137,10.204999923706055,526900,0.0,0.0
2023-03-08 00:00:00-05:00,10.220000267028809,10.220000267028809,10.199999809265137,10.199999809265137,102700,0.0,0.0
2023-03-09 00:00:00-05:00,10.210000038146973,10.229999542236328,10.1899995803833,10.199999809265137,233100,0.0,0.0
2023-03-10 00:00:00-05:00,10.210000038146973,10.210000038146973,10.1850004196167,10.1899995803833,364000,0.0,0.0
2023-03-13 00:00:00-04:00,10.180000305175781,10.225000381469727,10.180000305175781,10.210000038146973,79000,0.0,0.0
2023-03-14 00:00:00-04:00,10.220000267028809,10.25,10.199999809265137,10.25,1021600,0.0,0.0
2023-03-15 00:00:00-04:00,10.229999542236328,10.25,10.213000297546387,10.229999542236328,465900,0.0,0.0
2023-03-16 00:00:00-04:00,10.21500015258789,10.239999771118164,10.21500015258789,10.239999771118164,6500,0.0,0.0
2023-03-17 00:00:00-04:00,10.239999771118164,10.239999771118164,10.220000267028809,10.220000267028809,68100,0.0,0.0
2023-03-20 00:00:00-04:00,10.239999771118164,10.239999771118164,10.220000267028809,10.239999771118164,43400,0.0,0.0
2023-03-21 00:00:00-04:00,10.23900032043457,10.25,10.229999542236328,10.25,104500,0.0,0.0
2023-03-22 00:00:00-04:00,10.241000175476074,10.25,10.229999542236328,10.229999542236328,23600,0.0,0.0
2023-03-23 00:00:00-04:00,10.25,10.25,10.220000267028809,10.220000267028809,66700,0.0,0.0
2023-03-24 00:00:00-04:00,10.239999771118164,10.25,10.220000267028809,10.220000267028809,15800,0.0,0.0
2023-03-27 00:00:00-04:00,10.234999656677246,10.234999656677246,10.220000267028809,10.220000267028809,543000,0.0,0.0
2023-03-28 00:00:00-04:00,10.229999542236328,10.229999542236328,10.220000267028809,10.220000267028809,7400,0.0,0.0
2023-03-29 00:00:00-04:00,10.220000267028809,10.229999542236328,10.210000038146973,10.210000038146973,77700,0.0,0.0
2023-03-30 00:00:00-04:00,10.210000038146973,10.229999542236328,10.210000038146973,10.220000267028809,679100,0.0,0.0
2023-03-31 00:00:00-04:00,10.229999542236328,10.229999542236328,10.225000381469727,10.225000381469727,2500,0.0,0.0
2023-04-03 00:00:00-04:00,10.229999542236328,10.229999542236328,10.204999923706055,10.229999542236328,215500,0.0,0.0
2023-04-04 00:00:00-04:00,10.229999542236328,10.229999542236328,10.220000267028809,10.225000381469727,321500,0.0,0.0
2023-04-05 00:00:00-04:00,10.229999542236328,10.229999542236328,10.220000267028809,10.220000267028809,21400,0.0,0.0
2023-04-06 00:00:00-04:00,10.229999542236328,10.229999542236328,10.220000267028809,10.229999542236328,61300,0.0,0.0
2023-04-10 00:00:00-04:00,10.229999542236328,10.239999771118164,10.229999542236328,10.239999771118164,12100,0.0,0.0
2023-04-11 00:00:00-04:00,10.239999771118164,10.25,10.239999771118164,10.25,67200,0.0,0.0
2023-04-12 00:00:00-04:00,10.25,10.255000114440918,10.239999771118164,10.239999771118164,444400,0.0,0.0
2023-04-13 00:00:00-04:00,10.24899959564209,10.25,10.239999771118164,10.25,8000,0.0,0.0
2023-04-14 00:00:00-04:00,10.260000228881836,10.260000228881836,10.239999771118164,10.25,216600,0.0,0.0
2023-04-17 00:00:00-04:00,10.25,10.3100004196167,10.25,10.300000190734863,115100,0.0,0.0
2023-04-18 00:00:00-04:00,10.295000076293945,10.3100004196167,10.279999732971191,10.279999732971191,142600,0.0,0.0
2023-04-19 00:00:00-04:00,10.289999961853027,10.289999961853027,10.270000457763672,10.270000457763672,17800,0.0,0.0
2023-04-20 00:00:00-04:00,10.270000457763672,10.270000457763672,10.260000228881836,10.260000228881836,10500,0.0,0.0
2023-04-21 00:00:00-04:00,10.270000457763672,10.270000457763672,10.260000228881836,10.265000343322754,3500,0.0,0.0
2023-04-24 00:00:00-04:00,10.270999908447266,10.270999908447266,10.270000457763672,10.270000457763672,500,0.0,0.0
2023-04-25 00:00:00-04:00,10.270000457763672,10.279999732971191,10.260000228881836,10.270000457763672,25600,0.0,0.0
2023-04-26 00:00:00-04:00,10.300000190734863,10.300000190734863,10.25,10.260000228881836,34900,0.0,0.0
2023-04-27 00:00:00-04:00,10.274999618530273,10.300000190734863,10.270000457763672,10.289999961853027,101200,0.0,0.0
2023-04-28 00:00:00-04:00,10.300000190734863,10.300000190734863,10.279999732971191,10.300000190734863,110100,0.0,0.0
2023-05-01 00:00:00-04:00,10.289999961853027,10.295000076293945,10.270000457763672,10.270000457763672,192300,0.0,0.0
2023-05-02 00:00:00-04:00,10.274999618530273,10.274999618530273,10.270000457763672,10.270000457763672,3700,0.0,0.0
2023-05-03 00:00:00-04:00,10.270000457763672,10.300000190734863,10.25,10.300000190734863,230400,0.0,0.0
2023-05-04 00:00:00-04:00,10.279999732971191,10.295000076293945,10.260000228881836,10.260000228881836,12000,0.0,0.0
2023-05-05 00:00:00-04:00,10.270000457763672,10.279999732971191,10.270000457763672,10.270000457763672,13000,0.0,0.0
2023-05-08 00:00:00-04:00,10.272000312805176,10.279999732971191,10.270000457763672,10.270000457763672,8200,0.0,0.0
2023-05-09 00:00:00-04:00,10.270000457763672,10.300000190734863,10.270000457763672,10.300000190734863,281600,0.0,0.0
2023-05-10 00:00:00-04:00,10.281999588012695,10.28499984741211,10.279999732971191,10.279999732971191,1700,0.0,0.0
2023-05-11 00:00:00-04:00,10.279999732971191,10.300000190734863,10.279999732971191,10.300000190734863,5200,0.0,0.0
2023-05-12 00:00:00-04:00,10.289999961853027,10.289999961853027,10.28499984741211,10.289999961853027,38800,0.0,0.0
2023-05-15 00:00:00-04:00,10.279999732971191,10.279999732971191,10.279999732971191,10.279999732971191,20700,0.0,0.0
2023-05-16 00:00:00-04:00,10.300000190734863,10.350000381469727,10.300000190734863,10.324999809265137,6610900,0.0,0.0
2023-05-17 00:00:00-04:00,10.329999923706055,10.34000015258789,10.319999694824219,10.329999923706055,166100,0.0,0.0
2023-05-18 00:00:00-04:00,10.329999923706055,10.335000038146973,10.329999923706055,10.329999923706055,8500,0.0,0.0
2023-05-19 00:00:00-04:00,10.34000015258789,10.34000015258789,10.329999923706055,10.329999923706055,700,0.0,0.0
2023-05-22 00:00:00-04:00,10.335000038146973,10.335000038146973,10.329999923706055,10.329999923706055,56600,0.0,0.0
2023-05-23 00:00:00-04:00,10.329999923706055,10.350000381469727,10.329999923706055,10.350000381469727,71700,0.0,0.0
2023-05-24 00:00:00-04:00,10.345000267028809,10.350000381469727,10.34000015258789,10.350000381469727,40300,0.0,0.0
2023-05-25 00:00:00-04:00,10.34000015258789,10.34000015258789,10.34000015258789,10.34000015258789,1900,0.0,0.0
2023-05-26 00:00:00-04:00,10.34000015258789,10.34000015258789,10.34000015258789,10.34000015258789,300,0.0,0.0
2023-05-30 00:00:00-04:00,10.345000267028809,10.350000381469727,10.34000015258789,10.345000267028809,5000,0.0,0.0
2023-05-31 00:00:00-04:00,10.34000015258789,10.350000381469727,10.34000015258789,10.34000015258789,211100,0.0,0.0
2023-06-01 00:00:00-04:00,10.350000381469727,10.350000381469727,10.34000015258789,10.34000015258789,6700,0.0,0.0
2023-06-02 00:00:00-04:00,10.35099983215332,10.35099983215332,10.350000381469727,10.350000381469727,900,0.0,0.0
2023-06-05 00:00:00-04:00,10.369999885559082,10.369999885559082,10.359999656677246,10.359999656677246,100600,0.0,0.0
2023-06-06 00:00:00-04:00,10.359999656677246,10.36299991607666,10.359999656677246,10.359999656677246,5700,0.0,0.0
2023-06-07 00:00:00-04:00,10.359999656677246,10.380000114440918,10.359999656677246,10.369999885559082,35900,0.0,0.0
2023-06-08 00:00:00-04:00,10.380000114440918,10.390000343322754,10.380000114440918,10.390000343322754,40200,0.0,0.0
2023-06-09 00:00:00-04:00,10.399999618530273,10.40999984741211,10.399999618530273,10.40999984741211,40000,0.0,0.0
2023-06-12 00:00:00-04:00,10.409000396728516,10.40999984741211,10.399999618530273,10.399999618530273,206600,0.0,0.0
2023-06-13 00:00:00-04:00,10.399999618530273,10.430000305175781,10.399999618530273,10.420000076293945,35300,0.0,0.0
2023-06-14 00:00:00-04:00,10.425000190734863,10.4399995803833,10.420000076293945,10.420000076293945,17200,0.0,0.0
2023-06-15 00:00:00-04:00,10.430000305175781,10.430000305175781,10.420000076293945,10.430000305175781,11500,0.0,0.0
2023-06-16 00:00:00-04:00,10.42199993133545,10.4399995803833,10.42199993133545,10.430000305175781,2500,0.0,0.0
2023-06-20 00:00:00-04:00,10.4350004196167,10.4350004196167,10.4350004196167,10.4350004196167,300,0.0,0.0
2023-06-21 00:00:00-04:00,10.449999809265137,10.449999809265137,10.4350004196167,10.449999809265137,4900,0.0,0.0
2023-06-22 00:00:00-04:00,10.444999694824219,10.444999694824219,10.4399995803833,10.4399995803833,93200,0.0,0.0
2023-06-23 00:00:00-04:00,10.444999694824219,10.449999809265137,10.4399995803833,10.4399995803833,4000,0.0,0.0
2023-06-26 00:00:00-04:00,10.4399995803833,10.460000038146973,10.4399995803833,10.460000038146973,117000,0.0,0.0
2023-06-27 00:00:00-04:00,10.449999809265137,10.449999809265137,10.449999809265137,10.449999809265137,100,0.0,0.0
2023-06-28 00:00:00-04:00,10.449999809265137,10.449999809265137,10.444999694824219,10.444999694824219,125600,0.0,0.0
2023-06-29 00:00:00-04:00,10.460000038146973,10.460000038146973,10.449999809265137,10.460000038146973,141300,0.0,0.0
2023-06-30 00:00:00-04:00,10.460000038146973,10.46500015258789,10.449999809265137,10.460000038146973,161300,0.0,0.0
2023-07-03 00:00:00-04:00,10.46500015258789,10.46500015258789,10.460000038146973,10.460000038146973,6600,0.0,0.0
2023-07-05 00:00:00-04:00,10.470000267028809,10.479999542236328,10.460000038146973,10.479999542236328,92700,0.0,0.0
2023-07-06 00:00:00-04:00,10.475000381469727,10.475000381469727,10.475000381469727,10.475000381469727,100,0.0,0.0
2023-07-07 00:00:00-04:00,10.479999542236328,10.479999542236328,10.479999542236328,10.479999542236328,300,0.0,0.0
2023-07-10 00:00:00-04:00,10.479999542236328,10.479999542236328,10.470000267028809,10.479999542236328,752700,0.0,0.0
2023-07-11 00:00:00-04:00,10.479999542236328,10.5,10.479999542236328,10.5,8500,0.0,0.0
2023-07-12 00:00:00-04:00,10.5,10.5,10.5,10.5,0,0.0,0.0
2023-07-13 00:00:00-04:00,10.489999771118164,10.5,10.489999771118164,10.5,12100,0.0,0.0
2023-07-14 00:00:00-04:00,10.5,10.5,10.479999542236328,10.5,26500,0.0,0.0
2023-07-17 00:00:00-04:00,10.489999771118164,10.489999771118164,10.489999771118164,10.489999771118164,1200,0.0,0.0
2023-07-18 00:00:00-04:00,10.5,10.5,10.489999771118164,10.494999885559082,1900,0.0,0.0
2023-07-19 00:00:00-04:00,10.489999771118164,10.5,10.489999771118164,10.491000175476074,1400,0.0,0.0
2023-07-20 00:00:00-04:00,10.491000175476074,10.491000175476074,10.491000175476074,10.491000175476074,0,0.0,0.0
2023-07-21 00:00:00-04:00,10.494999885559082,10.494999885559082,10.489999771118164,10.489999771118164,1200,0.0,0.0
2023-07-24 00:00:00-04:00,10.5,10.501999855041504,10.494999885559082,10.501999855041504,9400,0.0,0.0
2023-07-25 00:00:00-04:00,10.510000228881836,10.517999649047852,10.505000114440918,10.510000228881836,771000,0.0,0.0
2023-07-26 00:00:00-04:00,10.510000228881836,10.510000228881836,10.510000228881836,10.510000228881836,600100,0.0,0.0
2023-07-27 00:00:00-04:00,10.510000228881836,10.510000228881836,10.510000228881836,10.510000228881836,225200,0.0,0.0
2023-07-28 00:00:00-04:00,10.520000457763672,10.585000038146973,10.5,10.539999961853027,1341900,0.0,0.0
2023-07-31 00:00:00-04:00,10.529999732971191,10.550000190734863,10.520000457763672,10.550000190734863,118700,0.0,0.0
2023-08-01 00:00:00-04:00,10.53499984741211,10.550000190734863,10.529999732971191,10.550000190734863,19600,0.0,0.0
2023-08-02 00:00:00-04:00,10.550000190734863,10.550000190734863,10.529999732971191,10.539999961853027,50900,0.0,0.0
2023-08-03 00:00:00-04:00,10.550000190734863,10.550000190734863,10.539999961853027,10.539999961853027,1000,0.0,0.0
2023-08-04 00:00:00-04:00,10.550000190734863,10.550000190734863,10.539999961853027,10.539999961853027,326700,0.0,0.0
2023-08-07 00:00:00-04:00,10.550000190734863,10.550000190734863,10.538000106811523,10.550000190734863,473500,0.0,0.0
2023-08-08 00:00:00-04:00,10.550000190734863,10.5600004196167,10.550000190734863,10.5600004196167,462400,0.0,0.0
2023-08-09 00:00:00-04:00,10.5600004196167,10.569999694824219,10.5600004196167,10.5600004196167,155200,0.0,0.0
2023-08-10 00:00:00-04:00,10.569999694824219,10.579000473022461,10.5600004196167,10.569999694824219,139100,0.0,0.0
2023-08-11 00:00:00-04:00,10.5600004196167,10.579999923706055,10.5600004196167,10.579000473022461,31800,0.0,0.0
2023-08-14 00:00:00-04:00,10.579999923706055,10.579999923706055,10.569999694824219,10.574999809265137,15700,0.0,0.0
2023-08-15 00:00:00-04:00,10.579999923706055,10.65999984741211,10.569999694824219,10.569999694824219,41300,0.0,0.0
2023-08-16 00:00:00-04:00,10.579999923706055,10.581000328063965,10.579999923706055,10.579999923706055,2800,0.0,0.0
2023-08-17 00:00:00-04:00,10.585000038146973,10.585000038146973,10.579999923706055,10.579999923706055,9100,0.0,0.0
2023-08-18 00:00:00-04:00,10.59000015258789,10.59000015258789,10.571000099182129,10.579999923706055,6900,0.0,0.0
2023-08-21 00:00:00-04:00,10.600000381469727,10.600000381469727,10.579999923706055,10.59000015258789,112000,0.0,0.0
2023-08-22 00:00:00-04:00,10.598999977111816,10.598999977111816,10.597999572753906,10.598999977111816,3400,0.0,0.0
2023-08-23 00:00:00-04:00,10.600000381469727,10.609999656677246,10.579999923706055,10.600000381469727,69200,0.0,0.0
2023-08-24 00:00:00-04:00,10.607000350952148,10.609999656677246,10.607000350952148,10.609999656677246,1000,0.0,0.0
2023-08-25 00:00:00-04:00,10.609999656677246,10.619999885559082,10.609999656677246,10.619999885559082,10400,0.0,0.0
2023-08-28 00:00:00-04:00,10.619999885559082,10.619999885559082,10.604999542236328,10.619999885559082,47400,0.0,0.0
2023-08-29 00:00:00-04:00,10.61299991607666,10.630000114440918,10.600000381469727,10.609000205993652,144900,0.0,0.0
2023-08-30 00:00:00-04:00,10.609000205993652,10.609000205993652,10.609000205993652,10.609000205993652,0,0.0,0.0
2023-08-31 00:00:00-04:00,10.609000205993652,10.609000205993652,10.609000205993652,10.609000205993652,0,0.0,0.0
2023-09-01 00:00:00-04:00,10.630000114440918,10.630000114440918,10.630000114440918,10.630000114440918,18400,0.0,0.0
2023-09-05 00:00:00-04:00,10.630999565124512,10.630999565124512,10.630000114440918,10.630000114440918,1400,0.0,0.0
2023-09-06 00:00:00-04:00,10.640000343322754,10.649999618530273,10.640000343322754,10.649999618530273,1200,0.0,0.0
2023-09-07 00:00:00-04:00,10.630000114440918,10.630000114440918,10.600000381469727,10.630000114440918,16600,0.0,0.0
2023-09-08 00:00:00-04:00,10.600000381469727,10.649999618530273,10.600000381469727,10.649999618530273,3700,0.0,0.0
2023-09-11 00:00:00-04:00,10.649999618530273,10.649999618530273,10.600000381469727,10.649999618530273,3700,0.0,0.0
2023-09-12 00:00:00-04:00,10.619999885559082,10.649999618530273,10.609999656677246,10.640000343322754,16300,0.0,0.0
2023-09-13 00:00:00-04:00,10.630000114440918,10.630000114440918,10.630000114440918,10.630000114440918,400,0.0,0.0
2023-09-14 00:00:00-04:00,10.649999618530273,10.649999618530273,10.630000114440918,10.640000343322754,1200,0.0,0.0
2023-09-15 00:00:00-04:00,10.630000114440918,10.630999565124512,10.619999885559082,10.625,30500,0.0,0.0
2023-09-18 00:00:00-04:00,10.619999885559082,10.630000114440918,10.619999885559082,10.619999885559082,20700,0.0,0.0
2023-09-19 00:00:00-04:00,10.649999618530273,10.649999618530273,10.640000343322754,10.640000343322754,58700,0.0,0.0
2023-09-20 00:00:00-04:00,10.640000343322754,10.649999618530273,10.630000114440918,10.630000114440918,48900,0.0,0.0
2023-09-21 00:00:00-04:00,10.630000114440918,10.630000114440918,10.609999656677246,10.619999885559082,36400,0.0,0.0
2023-09-22 00:00:00-04:00,10.628000259399414,10.630000114440918,10.619999885559082,10.619999885559082,36200,0.0,0.0
2023-09-25 00:00:00-04:00,10.75,10.75,10.668999671936035,10.670000076293945,10500,0.0,0.0
2023-09-26 00:00:00-04:00,10.680000305175781,10.680000305175781,10.619999885559082,10.649999618530273,11300,0.0,0.0
2023-09-27 00:00:00-04:00,10.619999885559082,10.640000343322754,10.619999885559082,10.619999885559082,11900,0.0,0.0
2023-09-28 00:00:00-04:00,10.619999885559082,10.670000076293945,10.619999885559082,10.670000076293945,7500,0.0,0.0
2023-09-29 00:00:00-04:00,10.670000076293945,10.670000076293945,10.63700008392334,10.670000076293945,1100,0.0,0.0
2023-10-02 00:00:00-04:00,10.630000114440918,10.670000076293945,10.630000114440918,10.630000114440918,5800,0.0,0.0
2023-10-03 00:00:00-04:00,10.630000114440918,10.670000076293945,10.630000114440918,10.670000076293945,26900,0.0,0.0
2023-10-04 00:00:00-04:00,10.649999618530273,10.649999618530273,10.619999885559082,10.630000114440918,410300,0.0,0.0
2023-10-05 00:00:00-04:00,10.630000114440918,10.630000114440918,10.630000114440918,10.630000114440918,6000,0.0,0.0
2023-10-06 00:00:00-04:00,10.630000114440918,10.638999938964844,10.630000114440918,10.635000228881836,8200,0.0,0.0
2023-10-09 00:00:00-04:00,10.640000343322754,10.640000343322754,10.640000343322754,10.640000343322754,200,0.0,0.0
2023-10-10 00:00:00-04:00,10.666000366210938,10.670000076293945,10.65999984741211,10.65999984741211,17200,0.0,0.0
2023-10-11 00:00:00-04:00,10.66100025177002,10.66100025177002,10.65999984741211,10.65999984741211,500,0.0,0.0
2023-10-12 00:00:00-04:00,10.65999984741211,10.65999984741211,10.649999618530273,10.65999984741211,13000,0.0,0.0
2023-10-13 00:00:00-04:00,10.649999618530273,10.670000076293945,10.640000343322754,10.670000076293945,216900,0.0,0.0
2023-10-16 00:00:00-04:00,10.670000076293945,10.670000076293945,10.65999984741211,10.670000076293945,16200,0.0,0.0
2023-10-17 00:00:00-04:00,10.680000305175781,10.680000305175781,10.680000305175781,10.680000305175781,232800,0.0,0.0
2023-10-18 00:00:00-04:00,10.65999984741211,10.680000305175781,10.65999984741211,10.65999984741211,7200,0.0,0.0
2023-10-19 00:00:00-04:00,10.664999961853027,10.664999961853027,10.664999961853027,10.664999961853027,500,0.0,0.0
2023-10-20 00:00:00-04:00,10.65999984741211,10.670000076293945,10.649999618530273,10.65999984741211,687200,0.0,0.0
2023-10-23 00:00:00-04:00,10.65999984741211,10.664999961853027,10.65999984741211,10.664999961853027,110300,0.0,0.0
2023-10-24 00:00:00-04:00,10.65999984741211,10.670000076293945,10.65999984741211,10.65999984741211,800,0.0,0.0
2023-10-25 00:00:00-04:00,10.670000076293945,10.670000076293945,10.65999984741211,10.670000076293945,196300,0.0,0.0
2023-10-26 00:00:00-04:00,10.670000076293945,10.67199993133545,10.670000076293945,10.670000076293945,11500,0.0,0.0
2023-10-27 00:00:00-04:00,10.670000076293945,10.670000076293945,10.65999984741211,10.664999961853027,61100,0.0,0.0
2023-10-30 00:00:00-04:00,10.670000076293945,10.675000190734863,10.670000076293945,10.670000076293945,426700,0.0,0.0
2023-10-31 00:00:00-04:00,10.670000076293945,10.680000305175781,10.670000076293945,10.680000305175781,86700,0.0,0.0
2023-11-01 00:00:00-04:00,10.675000190734863,10.6899995803833,10.670000076293945,10.670000076293945,224800,0.0,0.0
2023-11-02 00:00:00-04:00,10.680000305175781,10.6899995803833,10.670000076293945,10.675000190734863,51000,0.0,0.0
2023-11-03 00:00:00-04:00,10.680000305175781,10.6899995803833,10.670000076293945,10.6850004196167,1321400,0.0,0.0
2023-11-06 00:00:00-05:00,10.680000305175781,10.6899995803833,10.680000305175781,10.6899995803833,1130300,0.0,0.0
2023-11-07 00:00:00-05:00,10.689000129699707,10.689000129699707,10.680000305175781,10.680000305175781,100400,0.0,0.0
2023-11-08 00:00:00-05:00,10.680000305175781,10.6899995803833,10.680000305175781,10.6850004196167,2400,0.0,0.0
2023-11-09 00:00:00-05:00,10.6899995803833,10.699999809265137,10.6899995803833,10.694999694824219,478700,0.0,0.0
2023-11-10 00:00:00-05:00,10.694999694824219,10.694999694824219,10.694999694824219,10.694999694824219,2900,0.0,0.0
2023-11-13 00:00:00-05:00,10.699999809265137,10.699999809265137,10.6899995803833,10.694999694824219,71400,0.0,0.0
2023-11-14 00:00:00-05:00,10.692000389099121,10.720000267028809,10.6899995803833,10.71500015258789,42400,0.0,0.0
2023-11-15 00:00:00-05:00,10.710000038146973,10.729999542236328,10.6899995803833,10.729999542236328,1090900,0.0,0.0
2023-11-16 00:00:00-05:00,10.699999809265137,10.729999542236328,10.699999809265137,10.729999542236328,1021200,0.0,0.0
2023-11-17 00:00:00-05:00,10.725000381469727,10.729999542236328,10.720000267028809,10.720000267028809,10800,0.0,0.0
2023-11-20 00:00:00-05:00,10.710000038146973,10.729999542236328,10.699999809265137,10.720000267028809,51200,0.0,0.0
2023-11-21 00:00:00-05:00,10.720000267028809,10.729999542236328,10.710000038146973,10.710000038146973,66500,0.0,0.0
2023-11-22 00:00:00-05:00,10.729999542236328,10.729999542236328,10.720000267028809,10.729999542236328,74800,0.0,0.0
2023-11-24 00:00:00-05:00,10.729999542236328,10.729999542236328,10.720000267028809,10.720000267028809,10300,0.0,0.0
2023-11-27 00:00:00-05:00,10.729999542236328,10.729999542236328,10.720000267028809,10.729999542236328,3500,0.0,0.0
2023-11-28 00:00:00-05:00,10.729999542236328,10.729999542236328,10.720000267028809,10.729999542236328,6800,0.0,0.0
2023-11-29 00:00:00-05:00,10.729999542236328,10.739999771118164,10.720000267028809,10.729999542236328,380600,0.0,0.0
2023-11-30 00:00:00-05:00,10.739999771118164,10.739999771118164,10.729999542236328,10.729999542236328,82500,0.0,0.0
2023-12-01 00:00:00-05:00,10.729999542236328,10.739999771118164,10.729999542236328,10.739999771118164,369700,0.0,0.0
2023-12-04 00:00:00-05:00,10.734999656677246,10.739999771118164,10.729999542236328,10.739999771118164,131300,0.0,0.0
2023-12-05 00:00:00-05:00,10.739999771118164,10.739999771118164,10.734999656677246,10.734999656677246,5400,0.0,0.0
2023-12-06 00:00:00-05:00,10.729999542236328,10.739999771118164,10.720000267028809,10.729999542236328,20100,0.0,0.0
2023-12-07 00:00:00-05:00,10.739999771118164,10.739999771118164,10.729999542236328,10.739999771118164,91000,0.0,0.0
2023-12-08 00:00:00-05:00,10.729999542236328,10.739999771118164,10.729999542236328,10.739999771118164,233100,0.0,0.0
2023-12-11 00:00:00-05:00,10.732999801635742,10.739999771118164,10.729999542236328,10.739999771118164,85400,0.0,0.0
2023-12-12 00:00:00-05:00,10.739999771118164,10.739999771118164,10.729999542236328,10.729999542236328,11900,0.0,0.0
2023-12-13 00:00:00-05:00,10.729999542236328,10.739999771118164,10.729999542236328,10.739999771118164,429700,0.0,0.0
2023-12-14 00:00:00-05:00,10.75,10.75,10.739999771118164,10.75,7100,0.0,0.0
2023-12-15 00:00:00-05:00,10.739999771118164,10.760000228881836,10.739999771118164,10.739999771118164,10000,0.0,0.0
2023-12-18 00:00:00-05:00,10.760000228881836,10.760000228881836,10.741000175476074,10.760000228881836,5700,0.0,0.0
2023-12-19 00:00:00-05:00,10.760000228881836,10.770000457763672,10.75,10.770000457763672,44700,0.0,0.0
2023-12-20 00:00:00-05:00,10.770000457763672,10.770000457763672,10.760000228881836,10.770000457763672,8000,0.0,0.0
2023-12-21 00:00:00-05:00,10.770000457763672,10.779999732971191,10.760000228881836,10.760000228881836,316300,0.0,0.0
2023-12-22 00:00:00-05:00,10.770000457763672,10.78499984741211,10.760000228881836,10.770000457763672,75400,0.0,0.0
2023-12-26 00:00:00-05:00,10.763999938964844,10.770000457763672,10.760000228881836,10.760000228881836,2200,0.0,0.0
2023-12-27 00:00:00-05:00,10.760000228881836,10.779999732971191,10.760000228881836,10.779999732971191,10500,0.0,0.0
2023-12-28 00:00:00-05:00,10.779999732971191,10.779999732971191,10.760000228881836,10.774999618530273,99700,0.0,0.0
2023-12-29 00:00:00-05:00,10.770000457763672,10.779999732971191,10.770000457763672,10.779999732971191,4900,0.0,0.0
2024-01-02 00:00:00-05:00,10.75100040435791,10.795000076293945,10.75100040435791,10.789999961853027,108500,0.0,0.0
2024-01-03 00:00:00-05:00,10.789999961853027,10.805000305175781,10.779999732971191,10.800000190734863,53200,0.0,0.0
2024-01-04 00:00:00-05:00,10.8100004196167,10.8100004196167,10.800000190734863,10.800000190734863,4400,0.0,0.0
2024-01-05 00:00:00-05:00,10.800000190734863,10.807000160217285,10.789999961853027,10.789999961853027,517700,0.0,0.0
2024-01-08 00:00:00-05:00,10.789999961853027,10.8100004196167,10.789999961853027,10.789999961853027,529300,0.0,0.0
2024-01-09 00:00:00-05:00,10.800000190734863,10.819999694824219,10.800000190734863,10.819999694824219,422800,0.0,0.0
2024-01-10 00:00:00-05:00,10.800000190734863,10.819000244140625,10.800000190734863,10.819000244140625,201800,0.0,0.0
2024-01-11 00:00:00-05:00,10.8100004196167,10.8100004196167,10.800000190734863,10.8100004196167,600,0.0,0.0
2024-01-12 00:00:00-05:00,10.817999839782715,10.819999694824219,10.8100004196167,10.8100004196167,3600,0.0,0.0
2024-01-16 00:00:00-05:00,10.819999694824219,10.84000015258789,10.819999694824219,10.84000015258789,607100,0.0,0.0
2024-01-17 00:00:00-05:00,10.84000015258789,10.84000015258789,10.819999694824219,10.819999694824219,35500,0.0,0.0
2024-01-18 00:00:00-05:00,10.84000015258789,10.84000015258789,10.829999923706055,10.829999923706055,105500,0.0,0.0
2024-01-19 00:00:00-05:00,10.829999923706055,10.836999893188477,10.819999694824219,10.819999694824219,65300,0.0,0.0
2024-01-22 00:00:00-05:00,10.829999923706055,10.84000015258789,10.819999694824219,10.829999923706055,33100,0.0,0.0
2024-01-23 00:00:00-05:00,10.829999923706055,10.835000038146973,10.829999923706055,10.829999923706055,26000,0.0,0.0
2024-01-24 00:00:00-05:00,10.829999923706055,10.829999923706055,10.819999694824219,10.829999923706055,1058800,0.0,0.0
2024-01-25 00:00:00-05:00,10.829999923706055,10.84000015258789,10.819999694824219,10.829999923706055,88000,0.0,0.0
2024-01-26 00:00:00-05:00,10.84000015258789,10.84000015258789,10.800000190734863,10.824999809265137,1827000,0.0,0.0
2024-01-29 00:00:00-05:00,10.819999694824219,10.84000015258789,10.819999694824219,10.829999923706055,253900,0.0,0.0
2024-01-30 00:00:00-05:00,10.319999694824219,10.319999694824219,8.585000038146973,8.970000267028809,122800,0.0,0.0
2024-01-31 00:00:00-05:00,9.680000305175781,10.920000076293945,8.949999809265137,10.5,110100,0.0,0.0
2024-02-01 00:00:00-05:00,10.380000114440918,11.300000190734863,10.0,10.989999771118164,41400,0.0,0.0
2024-02-02 00:00:00-05:00,10.989999771118164,11.989999771118164,10.510000228881836,11.489999771118164,82300,0.0,0.0
2024-02-05 00:00:00-05:00,12.260000228881836,13.989999771118164,11.5,12.0600004196167,87100,0.0,0.0
2024-02-06 00:00:00-05:00,10.6899995803833,10.850000381469727,10.3100004196167,10.399999618530273,36800,0.0,0.0
2024-02-07 00:00:00-05:00,10.130000114440918,10.470000267028809,9.260000228881836,9.270000457763672,21500,0.0,0.0
2024-02-08 00:00:00-05:00,9.0,9.779999732971191,9.0,9.09000015258789,12500,0.0,0.0
2024-02-09 00:00:00-05:00,9.079999923706055,9.57800006866455,9.079999923706055,9.149999618530273,10000,0.0,0.0
2024-02-12 00:00:00-05:00,9.479999542236328,9.906999588012695,8.979999542236328,9.399999618530273,6400,0.0,0.0
2024-02-13 00:00:00-05:00,9.489999771118164,9.579999923706055,9.109999656677246,9.350000381469727,3500,0.0,0.0
2024-02-14 00:00:00-05:00,9.489999771118164,9.890000343322754,9.100000381469727,9.168000221252441,8000,0.0,0.0
2024-02-15 00:00:00-05:00,8.989999771118164,9.600000381469727,8.60099983215332,9.15999984741211,18800,0.0,0.0
2024-02-16 00:00:00-05:00,8.649999618530273,9.380000114440918,8.649999618530273,9.0600004196167,25100,0.0,0.0
2024-02-20 00:00:00-05:00,9.520000457763672,12.5,9.390000343322754,10.850000381469727,139900,0.0,0.0
2024-02-21 00:00:00-05:00,10.930000305175781,14.0,10.930000305175781,13.1899995803833,123500,0.0,0.0
2024-02-22 00:00:00-05:00,14.699999809265137,16.549999237060547,12.100000381469727,13.510000228881836,107500,0.0,0.0
2024-02-23 00:00:00-05:00,17.989999771118164,17.989999771118164,10.119999885559082,13.800000190734863,192900,0.0,0.0
2024-02-26 00:00:00-05:00,13.170000076293945,15.800000190734863,12.199999809265137,14.25,133200,0.0,0.0
2024-02-27 00:00:00-05:00,13.670000076293945,13.989999771118164,10.510000228881836,11.300000190734863,166300,0.0,0.0
2024-02-28 00:00:00-05:00,11.3100004196167,11.87399959564209,9.5,9.869999885559082,75400,0.0,0.0
2024-02-29 00:00:00-05:00,9.600000381469727,9.600000381469727,7.099999904632568,7.440000057220459,149800,0.0,0.0
2024-03-01 00:00:00-05:00,7.440000057220459,8.300000190734863,7.408999919891357,7.960000038146973,44200,0.0,0.0
2024-03-04 00:00:00-05:00,8.100000381469727,8.630000114440918,6.420000076293945,6.699999809265137,113100,0.0,0.0
2024-03-05 00:00:00-05:00,6.769999980926514,6.959000110626221,5.519999980926514,5.78000020980835,104900,0.0,0.0
2024-03-06 00:00:00-05:00,5.800000190734863,6.340000152587891,5.5,5.75,84900,0.0,0.0
2024-03-07 00:00:00-05:00,5.78000020980835,6.699999809265137,5.599999904632568,6.289999961853027,105900,0.0,0.0
2024-03-08 00:00:00-05:00,6.5,7.949999809265137,6.300000190734863,7.420000076293945,179500,0.0,0.0
2024-03-11 00:00:00-04:00,7.53000020980835,8.92300033569336,7.53000020980835,8.369999885559082,155400,0.0,0.0
2024-03-12 00:00:00-04:00,8.399999618530273,8.850000381469727,6.539999961853027,7.840000152587891,319800,0.0,0.0
2024-03-13 00:00:00-04:00,7.510000228881836,8.1899995803833,7.369999885559082,7.369999885559082,77800,0.0,0.0
2024-03-14 00:00:00-04:00,7.519999980926514,7.900000095367432,7.079999923706055,7.079999923706055,49300,0.0,0.0
2024-03-15 00:00:00-04:00,7.099999904632568,7.5,7.0,7.21999979019165,38800,0.0,0.0
2024-03-18 00:00:00-04:00,7.329999923706055,7.960000038146973,7.21999979019165,7.300000190734863,68800,0.0,0.0
2024-03-19 00:00:00-04:00,7.199999809265137,7.900000095367432,7.199999809265137,7.21999979019165,54500,0.0,0.0
2024-03-20 00:00:00-04:00,7.210000038146973,7.800000190734863,7.210000038146973,7.440000057220459,89400,0.0,0.0
2024-03-21 00:00:00-04:00,7.460000038146973,7.800000190734863,7.010000228881836,7.099999904632568,93000,0.0,0.0
2024-03-22 00:00:00-04:00,7.099999904632568,7.349999904632568,6.690000057220459,6.690000057220459,44700,0.0,0.0
2024-03-25 00:00:00-04:00,6.900000095367432,6.940000057220459,6.675000190734863,6.710000038146973,41700,0.0,0.0
2024-03-26 00:00:00-04:00,6.960000038146973,7.23199987411499,6.0,6.130000114440918,70200,0.0,0.0
2024-03-27 00:00:00-04:00,6.320000171661377,6.679999828338623,6.1570000648498535,6.349999904632568,47900,0.0,0.0
2024-03-28 00:00:00-04:00,6.550000190734863,6.829999923706055,6.409999847412109,6.820000171661377,42100,0.0,0.0
2024-04-01 00:00:00-04:00,6.880000114440918,6.929999828338623,6.380000114440918,6.860000133514404,37600,0.0,0.0
2024-04-02 00:00:00-04:00,6.510000228881836,7.150000095367432,6.510000228881836,7.019999980926514,43900,0.0,0.0
2024-04-03 00:00:00-04:00,6.670000076293945,7.199999809265137,6.670000076293945,6.849999904632568,35600,0.0,0.0
2024-04-04 00:00:00-04:00,6.849999904632568,6.989999771118164,6.739999771118164,6.800000190734863,24600,0.0,0.0
2024-04-05 00:00:00-04:00,6.900000095367432,7.0,6.75,6.760000228881836,24200,0.0,0.0
2024-04-08 00:00:00-04:00,6.599999904632568,7.0,6.599999904632568,6.920000076293945,33800,0.0,0.0
2024-04-09 00:00:00-04:00,6.900000095367432,7.050000190734863,6.75,6.750999927520752,18900,0.0,0.0
2024-04-10 00:00:00-04:00,6.699999809265137,6.929999828338623,6.300000190734863,6.539999961853027,48100,0.0,0.0
2024-04-11 00:00:00-04:00,6.630000114440918,6.860000133514404,6.599999904632568,6.71999979019165,9400,0.0,0.0
2024-04-12 00:00:00-04:00,6.949999809265137,6.949999809265137,6.599999904632568,6.715000152587891,16200,0.0,0.0
2024-04-15 00:00:00-04:00,6.800000190734863,6.949999809265137,6.25,6.360000133514404,16200,0.0,0.0
2024-04-16 00:00:00-04:00,6.739999771118164,6.739999771118164,6.199999809265137,6.25,17800,0.0,0.0
2024-04-17 00:00:00-04:00,6.400000095367432,6.4019999504089355,6.25,6.25,9500,0.0,0.0
2024-04-18 00:00:00-04:00,6.190000057220459,6.361999988555908,6.059999942779541,6.059999942779541,14900,0.0,0.0
2024-04-19 00:00:00-04:00,6.059999942779541,6.256999969482422,5.5,5.670000076293945,54800,0.0,0.0
2024-04-22 00:00:00-04:00,5.670000076293945,5.980000019073486,5.5320000648498535,5.880000114440918,14000,0.0,0.0
2024-04-23 00:00:00-04:00,5.949999809265137,6.179999828338623,5.835000038146973,5.835000038146973,11200,0.0,0.0
2024-04-24 00:00:00-04:00,5.849999904632568,6.190000057220459,5.849999904632568,5.892000198364258,9300,0.0,0.0
2024-04-25 00:00:00-04:00,5.599999904632568,6.150000095367432,5.599999904632568,5.900000095367432,10400,0.0,0.0
2024-04-26 00:00:00-04:00,6.170000076293945,6.170000076293945,5.639999866485596,5.639999866485596,9500,0.0,0.0
2024-04-29 00:00:00-04:00,5.670000076293945,6.190000057220459,5.670000076293945,6.039999961853027,21600,0.0,0.0
2024-04-30 00:00:00-04:00,5.940000057220459,6.199999809265137,5.829999923706055,5.829999923706055,11400,0.0,0.0
2024-05-01 00:00:00-04:00,6.070000171661377,6.508999824523926,6.0,6.380000114440918,32900,0.0,0.0
2024-05-02 00:00:00-04:00,6.449999809265137,7.974999904632568,6.449999809265137,7.079999923706055,82900,0.0,0.0
2024-05-03 00:00:00-04:00,7.300000190734863,7.619999885559082,7.03000020980835,7.09499979019165,47200,0.0,0.0
2024-05-06 00:00:00-04:00,7.03000020980835,8.0,7.03000020980835,7.309999942779541,75800,0.0,0.0
2024-05-07 00:00:00-04:00,7.440000057220459,7.889999866485596,7.260000228881836,7.800000190734863,64500,0.0,0.0
2024-05-08 00:00:00-04:00,7.980000019073486,8.819999694824219,7.860000133514404,8.649999618530273,231300,0.0,0.0
2024-05-09 00:00:00-04:00,8.680000305175781,8.699999809265137,7.900000095367432,8.010000228881836,93900,0.0,0.0
2024-05-10 00:00:00-04:00,8.369999885559082,8.479999542236328,7.5,7.5,84600,0.0,0.0
2024-05-13 00:00:00-04:00,7.460000038146973,8.001999855041504,7.300000190734863,7.820000171661377,83000,0.0,0.0
2024-05-14 00:00:00-04:00,7.867000102996826,8.25,7.730000019073486,7.909999847412109,86900,0.0,0.0
2024-05-15 00:00:00-04:00,7.985000133514404,8.47599983215332,7.689000129699707,7.860000133514404,333800,0.0,0.0
2024-05-16 00:00:00-04:00,7.78000020980835,8.383999824523926,7.78000020980835,8.329999923706055,181100,0.0,0.0
2024-05-17 00:00:00-04:00,8.210000038146973,9.680000305175781,8.0600004196167,8.399999618530273,221800,0.0,0.0
2024-05-20 00:00:00-04:00,8.680000305175781,8.979999542236328,8.100000381469727,8.539999961853027,322800,0.0,0.0
2024-05-21 00:00:00-04:00,8.529999732971191,9.300000190734863,8.369999885559082,9.199999809265137,339800,0.0,0.0
2024-05-22 00:00:00-04:00,9.0,9.362000465393066,9.0,9.109999656677246,173500,0.0,0.0
2024-05-23 00:00:00-04:00,9.300000190734863,10.0,8.817999839782715,9.989999771118164,410200,0.0,0.0
2024-05-24 00:00:00-04:00,9.960000038146973,10.0,7.980000019073486,10.0,703300,0.0,0.0
2024-05-28 00:00:00-04:00,9.390000343322754,10.899999618530273,9.390000343322754,10.899999618530273,339800,0.0,0.0
2024-05-29 00:00:00-04:00,11.300000190734863,13.850000381469727,10.899999618530273,13.680000305175781,1789300,0.0,0.0
2024-05-30 00:00:00-04:00,13.010000228881836,13.5,12.369999885559082,13.039999961853027,1266100,0.0,0.0
2024-05-31 00:00:00-04:00,12.869999885559082,12.869999885559082,9.449999809265137,9.8100004196167,832300,0.0,0.0
2024-06-03 00:00:00-04:00,9.850000381469727,10.4399995803833,9.479999542236328,10.3100004196167,388800,0.0,0.0
2024-06-04 00:00:00-04:00,10.020000457763672,10.079999923706055,9.149999618530273,9.279999732971191,222400,0.0,0.0
2024-06-05 00:00:00-04:00,9.199999809265137,9.420000076293945,8.460000038146973,8.829999923706055,286700,0.0,0.0
2024-06-06 00:00:00-04:00,8.899999618530273,8.989999771118164,7.610000133514404,7.650000095367432,310400,0.0,0.0
2024-06-07 00:00:00-04:00,7.900000095367432,8.079999923706055,7.760000228881836,7.820000171661377,109700,0.0,0.0
2024-06-10 00:00:00-04:00,7.630000114440918,7.849999904632568,7.5,7.599999904632568,169100,0.0,0.0
2024-06-11 00:00:00-04:00,7.590000152587891,7.809000015258789,6.635000228881836,6.730000019073486,454200,0.0,0.0
2024-06-12 00:00:00-04:00,6.809999942779541,7.076000213623047,6.199999809265137,6.599999904632568,137700,0.0,0.0
2024-06-13 00:00:00-04:00,6.539999961853027,6.900000095367432,6.510000228881836,6.800000190734863,61700,0.0,0.0
2024-06-14 00:00:00-04:00,6.800000190734863,7.050000190734863,6.800000190734863,6.960000038146973,40100,0.0,0.0
2024-06-17 00:00:00-04:00,6.840000152587891,7.03000020980835,6.510000228881836,6.800000190734863,108600,0.0,0.0
2024-06-18 00:00:00-04:00,6.800000190734863,6.800000190734863,6.349999904632568,6.5,76600,0.0,0.0
2024-06-20 00:00:00-04:00,6.360000133514404,6.619999885559082,6.150000095367432,6.619999885559082,69900,0.0,0.0
2024-06-21 00:00:00-04:00,6.489999771118164,6.829999923706055,6.409999847412109,6.820000171661377,86000,0.0,0.0
2024-06-24 00:00:00-04:00,6.71999979019165,7.170000076293945,6.550000190734863,6.789999961853027,49500,0.0,0.0
2024-06-25 00:00:00-04:00,6.619999885559082,7.150000095367432,6.614999771118164,6.96999979019165,135700,0.0,0.0
2024-06-26 00:00:00-04:00,6.869999885559082,7.001999855041504,6.869999885559082,6.940000057220459,82400,0.0,0.0
2024-06-27 00:00:00-04:00,6.880000114440918,7.0,6.610000133514404,6.989999771118164,94500,0.0,0.0
2024-06-28 00:00:00-04:00,6.889999866485596,6.989999771118164,6.550000190734863,6.619999885559082,107500,0.0,0.0
2024-07-01 00:00:00-04:00,6.53000020980835,6.679999828338623,6.406000137329102,6.679999828338623,18000,0.0,0.0
2024-07-02 00:00:00-04:00,6.519999980926514,6.659999847412109,6.150000095367432,6.230000019073486,72600,0.0,0.0
2024-07-03 00:00:00-04:00,6.230000019073486,6.630000114440918,6.099999904632568,6.630000114440918,95500,0.0,0.0
2024-07-05 00:00:00-04:00,6.5,6.710000038146973,6.360000133514404,6.699999809265137,38300,0.0,0.0
2024-07-08 00:00:00-04:00,6.980000019073486,6.980000019073486,6.699999809265137,6.940000057220459,38500,0.0,0.0
2024-07-09 00:00:00-04:00,6.860000133514404,7.119999885559082,6.849999904632568,7.099999904632568,49300,0.0,0.0
2024-07-10 00:00:00-04:00,7.070000171661377,7.0970001220703125,6.670000076293945,6.840000152587891,37800,0.0,0.0
2024-07-11 00:00:00-04:00,6.789999961853027,6.982999801635742,6.525000095367432,6.78000020980835,52900,0.0,0.0
2024-07-12 00:00:00-04:00,6.690000057220459,7.019999980926514,6.610000133514404,6.690000057220459,81500,0.0,0.0
2024-07-15 00:00:00-04:00,6.739999771118164,6.789999961853027,6.659999847412109,6.739999771118164,25100,0.0,0.0
2024-07-16 00:00:00-04:00,6.724999904632568,6.929999828338623,6.630000114440918,6.914999961853027,26300,0.0,0.0
2024-07-17 00:00:00-04:00,6.699999809265137,7.159999847412109,6.690000057220459,7.110000133514404,24600,0.0,0.0
2024-07-18 00:00:00-04:00,7.050000190734863,7.420000076293945,6.699999809265137,6.795000076293945,43500,0.0,0.0
2024-07-19 00:00:00-04:00,6.800000190734863,6.800000190734863,6.510000228881836,6.519999980926514,10800,0.0,0.0
2024-07-22 00:00:00-04:00,6.28000020980835,6.829999923706055,6.28000020980835,6.309999942779541,39500,0.0,0.0
2024-07-23 00:00:00-04:00,6.320000171661377,6.521999835968018,6.119999885559082,6.300000190734863,32800,0.0,0.0
2024-07-24 00:00:00-04:00,6.349999904632568,6.349999904632568,6.150000095367432,6.28000020980835,16700,0.0,0.0
2024-07-25 00:00:00-04:00,6.335000038146973,6.335000038146973,5.900000095367432,6.039999961853027,21300,0.0,0.0
2024-07-26 00:00:00-04:00,6.070000171661377,6.230000019073486,5.940000057220459,6.010000228881836,12200,0.0,0.0
2024-07-29 00:00:00-04:00,5.849999904632568,6.039999961853027,5.849999904632568,5.880000114440918,18800,0.0,0.0
2024-07-30 00:00:00-04:00,6.060999870300293,6.060999870300293,5.590000152587891,5.610000133514404,30200,0.0,0.0
2024-07-31 00:00:00-04:00,5.800000190734863,5.880000114440918,5.570000171661377,5.650000095367432,24100,0.0,0.0
2024-08-01 00:00:00-04:00,5.670000076293945,5.854000091552734,5.559999942779541,5.599999904632568,17500,0.0,0.0
2024-08-02 00:00:00-04:00,5.550000190734863,5.739999771118164,5.550000190734863,5.599999904632568,11200,0.0,0.0
2024-08-05 00:00:00-04:00,5.5,5.849999904632568,5.199999809265137,5.800000190734863,44700,0.0,0.0
2024-08-06 00:00:00-04:00,5.849999904632568,6.039999961853027,5.849999904632568,5.900000095367432,11900,0.0,0.0
2024-08-07 00:00:00-04:00,5.960000038146973,6.038000106811523,5.510000228881836,5.650000095367432,26300,0.0,0.0
2024-08-08 00:00:00-04:00,5.650000095367432,5.699999809265137,5.0,5.510000228881836,45300,0.0,0.0
2024-08-09 00:00:00-04:00,5.400000095367432,5.579999923706055,5.400000095367432,5.510000228881836,12700,0.0,0.0
2024-08-12 00:00:00-04:00,5.5,5.710000038146973,5.059999942779541,5.170000076293945,83700,0.0,0.0
2024-08-13 00:00:00-04:00,5.190000057220459,5.449999809265137,5.099999904632568,5.320000171661377,54800,0.0,0.0
2024-08-14 00:00:00-04:00,5.449999809265137,5.449999809265137,4.5,5.389999866485596,126800,0.0,0.0
2024-08-15 00:00:00-04:00,5.429999828338623,5.599999904632568,5.289999961853027,5.400000095367432,33200,0.0,0.0
2024-08-16 00:00:00-04:00,5.519999980926514,6.199999809265137,5.400000095367432,6.059999942779541,118800,0.0,0.0
2024-08-19 00:00:00-04:00,6.139999866485596,6.486999988555908,5.789999961853027,6.0,127900,0.0,0.0
2024-08-20 00:00:00-04:00,5.880000114440918,6.0,5.420000076293945,5.519999980926514,31600,0.0,0.0
2024-08-21 00:00:00-04:00,5.860000133514404,6.03000020980835,5.369999885559082,5.519999980926514,66300,0.0,0.0
2024-08-22 00:00:00-04:00,5.489999771118164,5.639999866485596,5.239999771118164,5.360000133514404,48500,0.0,0.0
2024-08-23 00:00:00-04:00,5.239999771118164,5.590000152587891,4.880000114440918,5.170000076293945,118200,0.0,0.0
2024-08-26 00:00:00-04:00,5.230000019073486,5.659999847412109,5.025000095367432,5.619999885559082,103300,0.0,0.0
2024-08-27 00:00:00-04:00,5.760000228881836,5.760000228881836,5.294000148773193,5.630000114440918,103700,0.0,0.0
2024-08-28 00:00:00-04:00,5.389999866485596,5.71999979019165,5.380000114440918,5.610000133514404,63700,0.0,0.0
2024-08-29 00:00:00-04:00,5.489999771118164,5.75,5.400000095367432,5.559999942779541,52100,0.0,0.0
2024-08-30 00:00:00-04:00,5.559999942779541,5.590000152587891,5.449999809265137,5.519999980926514,19500,0.0,0.0
2024-09-03 00:00:00-04:00,5.599999904632568,5.71999979019165,5.099999904632568,5.5,100800,0.0,0.0
2024-09-04 00:00:00-04:00,5.389999866485596,5.389999866485596,5.050000190734863,5.179999828338623,64000,0.0,0.0
2024-09-05 00:00:00-04:00,5.099999904632568,5.14900016784668,4.769999980926514,4.889999866485596,76500,0.0,0.0
2024-09-06 00:00:00-04:00,4.849999904632568,5.21999979019165,4.769999980926514,5.179999828338623,59200,0.0,0.0
2024-09-09 00:00:00-04:00,4.96999979019165,5.210000038146973,4.908999919891357,5.010000228881836,29600,0.0,0.0
2024-09-10 00:00:00-04:00,5.059999942779541,5.090000152587891,4.889999866485596,4.96999979019165,18200,0.0,0.0
2024-09-11 00:00:00-04:00,4.940000057220459,5.099999904632568,4.909999847412109,5.03000020980835,39900,0.0,0.0
2024-09-12 00:00:00-04:00,4.929999828338623,5.119999885559082,4.800000190734863,5.039999961853027,93100,0.0,0.0
2024-09-13 00:00:00-04:00,5.199999809265137,5.199999809265137,4.900000095367432,5.0,201000,0.0,0.0
2024-09-16 00:00:00-04:00,5.0,5.070000171661377,4.840000152587891,5.039999961853027,168800,0.0,0.0
2024-09-17 00:00:00-04:00,5.039999961853027,5.300000190734863,4.900000095367432,5.0,162900,0.0,0.0
2024-09-18 00:00:00-04:00,5.0,5.130000114440918,4.96999979019165,5.0,137300,0.0,0.0
2024-09-19 00:00:00-04:00,5.03000020980835,5.199999809265137,4.965000152587891,5.130000114440918,205000,0.0,0.0
2024-09-20 00:00:00-04:00,5.03000020980835,5.289999961853027,5.03000020980835,5.190000057220459,226000,0.0,0.0
2024-09-23 00:00:00-04:00,5.239999771118164,5.248000144958496,4.900000095367432,5.019999980926514,167800,0.0,0.0
2024-09-24 00:00:00-04:00,5.079999923706055,5.15500020980835,4.934999942779541,5.010000228881836,192900,0.0,0.0
2024-09-25 00:00:00-04:00,5.050000190734863,5.179999828338623,5.0,5.03000020980835,257000,0.0,0.0
2024-09-26 00:00:00-04:00,5.199999809265137,5.21999979019165,4.840000152587891,4.860000133514404,157800,0.0,0.0
2024-09-27 00:00:00-04:00,4.949999809265137,5.059999942779541,4.9019999504089355,4.949999809265137,34900,0.0,0.0
2024-09-30 00:00:00-04:00,5.110000133514404,5.110000133514404,4.900000095367432,5.070000171661377,245900,0.0,0.0
2024-10-01 00:00:00-04:00,5.070000171661377,5.090000152587891,4.925000190734863,4.989999771118164,182700,0.0,0.0
2024-10-02 00:00:00-04:00,4.989999771118164,5.03000020980835,4.920000076293945,4.96999979019165,47200,0.0,0.0
2024-10-03 00:00:00-04:00,4.96999979019165,5.14300012588501,4.949999809265137,4.980000019073486,32500,0.0,0.0
2024-10-04 00:00:00-04:00,4.989999771118164,5.070000171661377,4.949999809265137,4.989999771118164,72400,0.0,0.0
2024-10-07 00:00:00-04:00,5.090000152587891,5.090000152587891,4.75,4.860000133514404,142400,0.0,0.0
2024-10-08 00:00:00-04:00,4.920000076293945,4.949999809265137,4.619999885559082,4.75,107300,0.0,0.0
2024-10-09 00:00:00-04:00,4.699999809265137,4.736000061035156,4.510000228881836,4.579999923706055,131000,0.0,0.0
2024-10-10 00:00:00-04:00,4.6529998779296875,4.65500020980835,4.414999961853027,4.46999979019165,127600,0.0,0.0
2024-10-11 00:00:00-04:00,4.409999847412109,4.639999866485596,4.360000133514404,4.519999980926514,100300,0.0,0.0
2024-10-14 00:00:00-04:00,4.5,4.570000171661377,4.46999979019165,4.554999828338623,87900,0.0,0.0
2024-10-15 00:00:00-04:00,4.550000190734863,4.570000171661377,4.260000228881836,4.360000133514404,137500,0.0,0.0
2024-10-16 00:00:00-04:00,4.360000133514404,4.558000087738037,4.300000190734863,4.340000152587891,109400,0.0,0.0
2024-10-17 00:00:00-04:00,4.361000061035156,4.579999923706055,4.260000228881836,4.579999923706055,104100,0.0,0.0
2024-10-18 00:00:00-04:00,4.53000020980835,4.860000133514404,4.449999809265137,4.829999923706055,107900,0.0,0.0
2024-10-21 00:00:00-04:00,4.869999885559082,4.869999885559082,4.329999923706055,4.349999904632568,130400,0.0,0.0
2024-10-22 00:00:00-04:00,4.449999809265137,4.510000228881836,4.349999904632568,4.449999809265137,99400,0.0,0.0
2024-10-23 00:00:00-04:00,4.480000019073486,4.5,4.349999904632568,4.480000019073486,109500,0.0,0.0
2024-10-24 00:00:00-04:00,4.619999885559082,4.6529998779296875,4.420000076293945,4.449999809265137,121200,0.0,0.0
2024-10-25 00:00:00-04:00,4.699999809265137,4.699999809265137,4.300000190734863,4.300000190734863,121100,0.0,0.0
2024-10-28 00:00:00-04:00,4.340000152587891,4.454999923706055,4.289999961853027,4.289999961853027,107200,0.0,0.0
2024-10-29 00:00:00-04:00,4.349999904632568,4.355000019073486,4.235000133514404,4.289000034332275,87200,0.0,0.0
2024-10-30 00:00:00-04:00,4.260000228881836,4.360000133514404,4.230000019073486,4.329999923706055,91100,0.0,0.0
2024-10-31 00:00:00-04:00,4.320000171661377,4.46999979019165,4.230000019073486,4.389999866485596,171400,0.0,0.0
2024-11-01 00:00:00-04:00,4.449999809265137,4.510000228881836,4.300000190734863,4.349999904632568,128900,0.0,0.0
2024-11-04 00:00:00-05:00,4.400000095367432,4.639999866485596,4.320000171661377,4.369999885559082,134600,0.0,0.0
2024-11-05 00:00:00-05:00,4.440000057220459,4.489999771118164,4.230000019073486,4.239999771118164,98600,0.0,0.0
2024-11-06 00:00:00-05:00,4.199999809265137,4.369999885559082,4.150000095367432,4.320000171661377,106800,0.0,0.0
2024-11-07 00:00:00-05:00,4.320000171661377,4.46999979019165,4.289999961853027,4.329999923706055,133900,0.0,0.0
2024-11-08 00:00:00-05:00,4.329999923706055,4.642000198364258,4.320000171661377,4.550000190734863,256700,0.0,0.0
2024-11-11 00:00:00-05:00,4.650000095367432,4.738999843597412,4.309999942779541,4.579999923706055,220000,0.0,0.0
2024-11-12 00:00:00-05:00,4.53000020980835,4.567999839782715,4.269999980926514,4.320000171661377,118200,0.0,0.0
2024-11-13 00:00:00-05:00,4.329999923706055,4.590000152587891,4.309999942779541,4.5,193700,0.0,0.0
2024-11-14 00:00:00-05:00,4.465000152587891,4.5,4.309999942779541,4.489999771118164,135600,0.0,0.0
2024-11-15 00:00:00-05:00,4.409999847412109,4.670000076293945,4.340000152587891,4.505000114440918,155200,0.0,0.0
2024-11-18 00:00:00-05:00,4.449999809265137,4.590000152587891,4.409999847412109,4.409999847412109,156900,0.0,0.0
2024-11-19 00:00:00-05:00,4.460000038146973,4.550000190734863,4.349999904632568,4.420000076293945,124600,0.0,0.0
2024-11-20 00:00:00-05:00,4.570000171661377,4.579999923706055,4.400000095367432,4.449999809265137,185500,0.0,0.0
2024-11-21 00:00:00-05:00,4.550000190734863,4.574999809265137,3.9600000381469727,4.309999942779541,301100,0.0,0.0
2024-11-22 00:00:00-05:00,4.269999980926514,4.500999927520752,4.199999809265137,4.269999980926514,112800,0.0,0.0
2024-11-25 00:00:00-05:00,4.340000152587891,4.46999979019165,4.199999809265137,4.199999809265137,147300,0.0,0.0
2024-11-26 00:00:00-05:00,4.210000038146973,4.309999942779541,3.990000009536743,4.190000057220459,101500,0.0,0.0
2024-11-27 00:00:00-05:00,4.150000095367432,4.260000228881836,3.9800000190734863,4.0,113500,0.0,0.0
2024-11-29 00:00:00-05:00,4.019999980926514,4.340000152587891,3.930000066757202,4.059999942779541,125300,0.0,0.0
2024-12-02 00:00:00-05:00,4.010000228881836,4.172999858856201,3.9000000953674316,4.119999885559082,167700,0.0,0.0
2024-12-03 00:00:00-05:00,4.109000205993652,4.449999809265137,4.010000228881836,4.289999961853027,220500,0.0,0.0
2024-12-04 00:00:00-05:00,4.199999809265137,4.25,3.9200000762939453,3.9800000190734863,168100,0.0,0.0
2024-12-05 00:00:00-05:00,4.0,4.090000152587891,3.9200000762939453,3.940000057220459,112300,0.0,0.0
2024-12-06 00:00:00-05:00,3.940000057220459,4.019999980926514,3.9100000858306885,3.930000066757202,137600,0.0,0.0
2024-12-09 00:00:00-05:00,4.0,4.039999961853027,3.819999933242798,3.859999895095825,179200,0.0,0.0
2024-12-10 00:00:00-05:00,3.859999895095825,4.0,3.5999999046325684,3.6600000858306885,174200,0.0,0.0
2024-12-11 00:00:00-05:00,3.619999885559082,3.640000104904175,3.3499999046325684,3.559999942779541,168400,0.0,0.0
2024-12-12 00:00:00-05:00,3.5999999046325684,3.690000057220459,3.5,3.569999933242798,131800,0.0,0.0
2024-12-13 00:00:00-05:00,3.569999933242798,3.630000114440918,3.3399999141693115,3.4100000858306885,141000,0.0,0.0
2024-12-16 00:00:00-05:00,3.4200000762939453,3.4200000762939453,3.1500000953674316,3.3299999237060547,163600,0.0,0.0
2024-12-17 00:00:00-05:00,3.2699999809265137,3.5999999046325684,3.2699999809265137,3.559999942779541,95700,0.0,0.0
2024-12-18 00:00:00-05:00,3.5399999618530273,3.5899999141693115,3.3399999141693115,3.4200000762939453,66900,0.0,0.0
2024-12-19 00:00:00-05:00,3.4200000762939453,3.5899999141693115,3.2899999618530273,3.5299999713897705,138100,0.0,0.0
2024-12-20 00:00:00-05:00,3.5399999618530273,3.950000047683716,3.390000104904175,3.6500000953674316,332300,0.0,0.0
2024-12-23 00:00:00-05:00,3.619999885559082,3.950000047683716,3.4000000953674316,3.890000104904175,214600,0.0,0.0
2024-12-24 00:00:00-05:00,3.8499999046325684,3.930000066757202,3.7100000381469727,3.9100000858306885,67600,0.0,0.0
2024-12-26 00:00:00-05:00,3.799999952316284,4.189000129699707,3.7100000381469727,4.03000020980835,128600,0.0,0.0
2024-12-27 00:00:00-05:00,4.079999923706055,4.400000095367432,3.9260001182556152,4.159999847412109,255800,0.0,0.0
2024-12-30 00:00:00-05:00,4.099999904632568,4.099999904632568,3.5850000381469727,3.5999999046325684,126900,0.0,0.0
2024-12-31 00:00:00-05:00,3.8499999046325684,3.859999895095825,3.5999999046325684,3.609999895095825,134400,0.0,0.0
2025-01-02 00:00:00-05:00,3.7850000858306885,3.890000104904175,3.700000047683716,3.890000104904175,103400,0.0,0.0
2025-01-03 00:00:00-05:00,3.890000104904175,4.090000152587891,3.75,3.8299999237060547,102700,0.0,0.0
2025-01-06 00:00:00-05:00,3.9600000381469727,4.079999923706055,3.700000047683716,3.759999990463257,108900,0.0,0.0
2025-01-07 00:00:00-05:00,3.890000104904175,4.050000190734863,3.6500000953674316,3.990000009536743,132800,0.0,0.0
2025-01-08 00:00:00-05:00,3.859999895095825,3.924999952316284,3.5,3.609999895095825,118100,0.0,0.0
2025-01-10 00:00:00-05:00,3.640000104904175,3.861999988555908,3.5,3.5399999618530273,124600,0.0,0.0
2025-01-13 00:00:00-05:00,3.5899999141693115,3.680000066757202,3.299999952316284,3.3399999141693115,195700,0.0,0.0
2025-01-14 00:00:00-05:00,3.3399999141693115,3.4549999237060547,3.049999952316284,3.259999990463257,159900,0.0,0.0
2025-01-15 00:00:00-05:00,3.2300000190734863,3.4100000858306885,3.1500000953674316,3.180000066757202,139700,0.0,0.0
2025-01-16 00:00:00-05:00,3.4000000953674316,3.569999933242798,3.2100000381469727,3.5399999618530273,138600,0.0,0.0
2025-01-17 00:00:00-05:00,3.630000114440918,3.6500000953674316,3.3299999237060547,3.4700000286102295,133400,0.0,0.0
2025-01-21 00:00:00-05:00,3.440000057220459,3.5179998874664307,3.1700000762939453,3.200000047683716,127900,0.0,0.0
2025-01-22 00:00:00-05:00,3.2100000381469727,3.299999952316284,3.0999999046325684,3.200000047683716,135500,0.0,0.0
2025-01-23 00:00:00-05:00,3.2100000381469727,3.3399999141693115,3.0999999046325684,3.2100000381469727,120100,0.0,0.0
2025-01-24 00:00:00-05:00,3.240000009536743,3.3499999046325684,3.049999952316284,3.190000057220459,114800,0.0,0.0
2025-01-27 00:00:00-05:00,3.2200000286102295,3.2200000286102295,2.9700000286102295,2.9800000190734863,125600,0.0,0.0
2025-01-28 00:00:00-05:00,3.00600004196167,3.119999885559082,2.7300000190734863,2.9700000286102295,119900,0.0,0.0
2025-01-29 00:00:00-05:00,2.950000047683716,2.9700000286102295,2.799999952316284,2.8399999141693115,95200,0.0,0.0
2025-01-30 00:00:00-05:00,2.8399999141693115,3.0399999618530273,2.819999933242798,2.8499999046325684,94200,0.0,0.0
2025-01-31 00:00:00-05:00,2.809999942779541,3.0,2.7300000190734863,2.7300000190734863,97100,0.0,0.0
2025-02-03 00:00:00-05:00,2.759999990463257,2.759999990463257,2.609999895095825,2.6600000858306885,108600,0.0,0.0
2025-02-04 00:00:00-05:00,2.6700000762939453,2.7899999618530273,2.6700000762939453,2.7899999618530273,81400,0.0,0.0
2025-02-05 00:00:00-05:00,2.700000047683716,2.8299999237060547,2.680000066757202,2.7750000953674316,79500,0.0,0.0
2025-02-06 00:00:00-05:00,2.809999942779541,2.819999933242798,2.619999885559082,2.6600000858306885,97200,0.0,0.0
2025-02-07 00:00:00-05:00,2.630000114440918,2.75,2.630000114440918,2.630000114440918,132000,0.0,0.0
2025-02-10 00:00:00-05:00,2.630000114440918,2.680000066757202,2.4200000762939453,2.4600000381469727,104300,0.0,0.0
2025-02-11 00:00:00-05:00,2.4800000190734863,2.509999990463257,2.359999895095825,2.490000009536743,62200,0.0,0.0
2025-02-12 00:00:00-05:00,2.609999895095825,2.619999885559082,2.2100000381469727,2.240000009536743,240700,0.0,0.0
2025-02-13 00:00:00-05:00,2.390000104904175,2.4700000286102295,2.309999942779541,2.390000104904175,141900,0.0,0.0
2025-02-14 00:00:00-05:00,2.390000104904175,2.569999933242798,2.380000114440918,2.549999952316284,128300,0.0,0.0
2025-02-18 00:00:00-05:00,2.640000104904175,3.569999933242798,2.640000104904175,3.0199999809265137,540000,0.0,0.0
2025-02-19 00:00:00-05:00,2.990000009536743,3.13100004196167,2.6500000953674316,2.6549999713897705,253100,0.0,0.0
2025-02-20 00:00:00-05:00,2.6700000762939453,2.8299999237060547,2.559999942779541,2.5899999141693115,157000,0.0,0.0
2025-02-21 00:00:00-05:00,2.609999895095825,2.7790000438690186,2.5,2.569999933242798,126000,0.0,0.0
2025-02-24 00:00:00-05:00,2.569999933242798,2.569999933242798,2.369999885559082,2.4000000953674316,146600,0.0,0.0
2025-02-25 00:00:00-05:00,2.4100000858306885,2.619999885559082,2.2699999809265137,2.3499999046325684,147100,0.0,0.0
2025-02-26 00:00:00-05:00,2.2899999618530273,2.4200000762939453,2.2899999618530273,2.380000114440918,121700,0.0,0.0
2025-02-27 00:00:00-05:00,2.4000000953674316,2.4800000190734863,2.200000047683716,2.2300000190734863,112100,0.0,0.0
2025-02-28 00:00:00-05:00,2.2699999809265137,2.299999952316284,2.0,2.130000114440918,80100,0.0,0.0
2025-03-03 00:00:00-05:00,2.200000047683716,2.2300000190734863,1.9600000381469727,1.9700000286102295,100300,0.0,0.0
2025-03-04 00:00:00-05:00,1.9700000286102295,1.9900000095367432,1.7999999523162842,1.8600000143051147,120600,0.0,0.0
2025-03-05 00:00:00-05:00,1.899999976158142,1.909999966621399,1.7100000381469727,1.809999942779541,107500,0.0,0.0
2025-03-06 00:00:00-05:00,1.774999976158142,1.8600000143051147,1.7400000095367432,1.7699999809265137,102300,0.0,0.0
2025-03-07 00:00:00-05:00,1.7999999523162842,1.7999999523162842,1.590000033378601,1.625,311600,0.0,0.0
2025-03-10 00:00:00-04:00,1.690000057220459,1.7000000476837158,1.4800000190734863,1.5199999809265137,221300,0.0,0.0
2025-03-11 00:00:00-04:00,1.5,1.5700000524520874,1.4500000476837158,1.5,107000,0.0,0.0
2025-03-12 00:00:00-04:00,1.5,1.6699999570846558,1.5,1.5499999523162842,213600,0.0,0.0
2025-03-13 00:00:00-04:00,1.5399999618530273,1.659999966621399,1.5,1.6399999856948853,156900,0.0,0.0
2025-03-14 00:00:00-04:00,1.649999976158142,1.6699999570846558,1.559999942779541,1.6100000143051147,130800,0.0,0.0
2025-03-17 00:00:00-04:00,1.5099999904632568,1.559999942779541,1.4199999570846558,1.5399999618530273,134300,0.0,0.0
2025-03-18 00:00:00-04:00,1.5499999523162842,1.5700000524520874,1.5410000085830688,1.5700000524520874,60000,0.0,0.0
2025-03-19 00:00:00-04:00,1.5700000524520874,1.6100000143051147,1.4700000286102295,1.5099999904632568,231100,0.0,0.0
2025-03-20 00:00:00-04:00,1.5299999713897705,1.5299999713897705,1.440000057220459,1.5,79200,0.0,0.0
2025-03-21 00:00:00-04:00,1.4199999570846558,1.6799999475479126,1.4199999570846558,1.5800000429153442,142000,0.0,0.0
2025-03-24 00:00:00-04:00,1.600000023841858,2.4200000762939453,1.5549999475479126,2.190000057220459,3582500,0.0,0.0
2025-03-25 00:00:00-04:00,2.130000114440918,2.190000057220459,1.9709999561309814,2.0399999618530273,382400,0.0,0.0
2025-03-26 00:00:00-04:00,2.009999990463257,2.140000104904175,2.0,2.0299999713897705,76300,0.0,0.0
2025-03-27 00:00:00-04:00,2.0,2.055000066757202,1.809999942779541,1.850000023841858,188300,0.0,0.0
2025-03-28 00:00:00-04:00,1.7799999713897705,1.850000023841858,1.7100000381469727,1.7999999523162842,115700,0.0,0.0
2025-03-31 00:00:00-04:00,1.7200000286102295,1.7999999523162842,1.600000023841858,1.600000023841858,136300,0.0,0.0
2025-04-01 00:00:00-04:00,1.590000033378601,1.6799999475479126,1.5800000429153442,1.590000033378601,64300,0.0,0.0
2025-04-02 00:00:00-04:00,1.5700000524520874,1.6399999856948853,1.5499999523162842,1.5800000429153442,56800,0.0,0.0
2025-04-03 00:00:00-04:00,1.5199999809265137,1.5199999809265137,1.2890000343322754,1.309999942779541,225000,0.0,0.0
2025-04-04 00:00:00-04:00,1.2000000476837158,1.5,1.190000057220459,1.3849999904632568,210100,0.0,0.0
2025-04-07 00:00:00-04:00,1.3200000524520874,1.3700000047683716,1.059999942779541,1.1200000047683716,492000,0.0,0.0
2025-04-08 00:00:00-04:00,1.1200000047683716,1.2130000591278076,1.1200000047683716,1.1699999570846558,124700,0.0,0.0
2025-04-09 00:00:00-04:00,1.0800000429153442,1.3300000429153442,1.0800000429153442,1.2699999809265137,328500,0.0,0.0
2025-04-10 00:00:00-04:00,1.190000057220459,1.2999999523162842,1.149999976158142,1.1699999570846558,129800,0.0,0.0
2025-04-11 00:00:00-04:00,1.1699999570846558,1.2549999952316284,1.1100000143051147,1.1799999475479126,106900,0.0,0.0
2025-04-14 00:00:00-04:00,1.159999966621399,1.3799999952316284,1.159999966621399,1.3600000143051147,414100,0.0,0.0
2025-04-15 00:00:00-04:00,1.315000057220459,1.3990000486373901,1.2899999618530273,1.3240000009536743,74500,0.0,0.0
2025-04-16 00:00:00-04:00,1.4500000476837158,1.4700000286102295,1.2000000476837158,1.2799999713897705,150200,0.0,0.0
2025-04-17 00:00:00-04:00,1.3899999856948853,1.3899999856948853,1.2799999713897705,1.309999942779541,80600,0.0,0.0
2025-04-21 00:00:00-04:00,1.3300000429153442,1.3300000429153442,1.2300000190734863,1.2799999713897705,59200,0.0,0.0
2025-04-22 00:00:00-04:00,1.2999999523162842,1.3609999418258667,1.25,1.2899999618530273,59600,0.0,0.0
2025-04-23 00:00:00-04:00,1.2300000190734863,1.4800000190734863,1.2300000190734863,1.309999942779541,225600,0.0,0.0
2025-04-24 00:00:00-04:00,1.2999999523162842,1.3799999952316284,1.2999999523162842,1.340000033378601,70000,0.0,0.0
2025-04-25 00:00:00-04:00,1.3899999856948853,1.399999976158142,1.2999999523162842,1.3240000009536743,104600,0.0,0.0
2025-04-28 00:00:00-04:00,1.3799999952316284,1.4800000190734863,1.3420000076293945,1.409999966621399,65300,0.0,0.0
2025-04-29 00:00:00-04:00,1.4700000286102295,1.5800000429153442,1.409999966621399,1.5499999523162842,177300,0.0,0.0
2025-04-30 00:00:00-04:00,1.5199999809265137,1.6699999570846558,1.5099999904632568,1.6299999952316284,120300,0.0,0.0
2025-05-01 00:00:00-04:00,1.6299999952316284,2.059999942779541,1.6299999952316284,1.8700000047683716,288200,0.0,0.0
2025-05-02 00:00:00-04:00,1.8700000047683716,2.0980000495910645,1.840000033378601,2.0199999809265137,322100,0.0,0.0
2025-05-05 00:00:00-04:00,2.0199999809265137,2.049999952316284,1.8700000047683716,1.940000057220459,183500,0.0,0.0
2025-05-06 00:00:00-04:00,2.0,2.0299999713897705,1.850000023841858,1.8700000047683716,82900,0.0,0.0
2025-05-07 00:00:00-04:00,1.899999976158142,1.940000057220459,1.7510000467300415,1.840000033378601,50500,0.0,0.0
2025-05-08 00:00:00-04:00,1.909999966621399,1.9700000286102295,1.850000023841858,1.9600000381469727,81500,0.0,0.0
2025-05-09 00:00:00-04:00,1.9800000190734863,2.0399999618530273,1.909999966621399,2.0,108500,0.0,0.0
2025-05-12 00:00:00-04:00,2.0799999237060547,2.119999885559082,2.0,2.0899999141693115,118400,0.0,0.0
2025-05-13 00:00:00-04:00,2.0899999141693115,2.240000009536743,2.069999933242798,2.140000104904175,187500,0.0,0.0
2025-05-14 00:00:00-04:00,2.240000009536743,2.240000009536743,2.109999895095825,2.1600000858306885,72700,0.0,0.0
2025-05-15 00:00:00-04:00,2.1489999294281006,2.2899999618530273,2.007999897003174,2.259999990463257,267100,0.0,0.0
2025-05-16 00:00:00-04:00,2.2699999809265137,2.3299999237060547,2.190000057220459,2.2300000190734863,71200,0.0,0.0
2025-05-19 00:00:00-04:00,2.2300000190734863,2.369999885559082,2.1449999809265137,2.190000057220459,349300,0.0,0.0
2025-05-20 00:00:00-04:00,2.200000047683716,2.299999952316284,2.1500000953674316,2.2699999809265137,247400,0.0,0.0
2025-05-21 00:00:00-04:00,2.25,2.299999952316284,2.009999990463257,2.069999933242798,431500,0.0,0.0
2025-05-22 00:00:00-04:00,2.049999952316284,2.2100000381469727,1.9600000381469727,2.2100000381469727,289400,0.0,0.0
2025-05-23 00:00:00-04:00,2.2100000381469727,2.2100000381469727,2.0999999046325684,2.130000114440918,137200,0.0,0.0
2025-05-27 00:00:00-04:00,2.109999895095825,2.184999942779541,1.9900000095367432,1.9900000095367432,109300,0.0,0.0
2025-05-28 00:00:00-04:00,2.0199999809265137,2.0899999141693115,2.0,2.0299999713897705,164900,0.0,0.0
2025-05-29 00:00:00-04:00,2.059999942779541,2.1700000762939453,2.009999990463257,2.1600000858306885,165000,0.0,0.0
2025-05-30 00:00:00-04:00,2.0999999046325684,2.1600000858306885,2.0999999046325684,2.140000104904175,29500,0.0,0.0
2025-06-02 00:00:00-04:00,2.2799999713897705,2.2799999713897705,2.049999952316284,2.1600000858306885,61900,0.0,0.0
2025-06-03 00:00:00-04:00,2.1600000858306885,2.200000047683716,2.0199999809265137,2.1700000762939453,115200,0.0,0.0
2025-06-04 00:00:00-04:00,2.1700000762939453,2.2300000190734863,2.049999952316284,2.049999952316284,96000,0.0,0.0
2025-06-05 00:00:00-04:00,2.0999999046325684,2.190000057220459,2.069999933242798,2.1700000762939453,73200,0.0,0.0
2025-06-06 00:00:00-04:00,2.2100000381469727,2.240000009536743,2.0799999237060547,2.2100000381469727,62000,0.0,0.0
2025-06-09 00:00:00-04:00,2.25,2.25,2.140000104904175,2.200000047683716,48900,0.0,0.0
2025-06-10 00:00:00-04:00,2.180000066757202,2.240000009536743,2.1600000858306885,2.1700000762939453,40500,0.0,0.0
2025-06-11 00:00:00-04:00,2.256999969482422,2.256999969482422,2.1700000762939453,2.200000047683716,40600,0.0,0.0
2025-06-12 00:00:00-04:00,2.1700000762939453,2.2339999675750732,2.1700000762939453,2.180000066757202,23400,0.0,0.0
2025-06-13 00:00:00-04:00,2.180000066757202,2.180000066757202,2.1600000858306885,2.180000066757202,46600,0.0,0.0
2025-06-16 00:00:00-04:00,2.1600000858306885,2.2200000286102295,2.1600000858306885,2.2200000286102295,39800,0.0,0.0
2025-06-17 00:00:00-04:00,2.2200000286102295,2.2300000190734863,2.1700000762939453,2.2100000381469727,56900,0.0,0.0
2025-06-18 00:00:00-04:00,2.180000066757202,2.2699999809265137,2.1600000858306885,2.200000047683716,48200,0.0,0.0
2025-06-20 00:00:00-04:00,2.2699999809265137,2.309999942779541,2.1600000858306885,2.190000057220459,72000,0.0,0.0
2025-06-23 00:00:00-04:00,2.190000057220459,2.3399999141693115,2.180000066757202,2.2300000190734863,79200,0.0,0.0
2025-06-24 00:00:00-04:00,2.2200000286102295,2.4240000247955322,2.2200000286102295,2.4200000762939453,52800,0.0,0.0
2025-06-25 00:00:00-04:00,2.609999895095825,2.75,2.309999942779541,2.549999952316284,141400,0.0,0.0
2025-06-26 00:00:00-04:00,2.566999912261963,2.569999933242798,2.2899999618530273,2.3499999046325684,93100,0.0,0.0
2025-06-27 00:00:00-04:00,2.3299999237060547,2.3410000801086426,2.1500000953674316,2.190000057220459,107100,0.0,0.0
2025-06-30 00:00:00-04:00,2.259999990463257,2.3399999141693115,2.0899999141693115,2.200000047683716,134300,0.0,0.0
2025-07-01 00:00:00-04:00,2.200000047683716,2.2669999599456787,2.119999885559082,2.200000047683716,131100,0.0,0.0
2025-07-02 00:00:00-04:00,2.1600000858306885,2.240000009536743,2.059999942779541,2.130000114440918,180400,0.0,0.0
2025-07-03 00:00:00-04:00,2.1600000858306885,2.2899999618530273,2.0999999046325684,2.25,80600,0.0,0.0
2025-07-07 00:00:00-04:00,2.190000057220459,2.259999990463257,2.0999999046325684,2.1500000953674316,102100,0.0,0.0
2025-07-08 00:00:00-04:00,2.109999895095825,2.180000066757202,2.109999895095825,2.140000104904175,60100,0.0,0.0
2025-07-09 00:00:00-04:00,2.180000066757202,2.180000066757202,2.130000114440918,2.130000114440918,37700,0.0,0.0
2025-07-10 00:00:00-04:00,2.1570000648498535,2.259999990463257,2.140000104904175,2.1500000953674316,45200,0.0,0.0
2025-07-11 00:00:00-04:00,2.1519999504089355,2.259999990463257,2.1500000953674316,2.180000066757202,81600,0.0,0.0
2025-07-14 00:00:00-04:00,2.1600000858306885,2.200000047683716,2.140000104904175,2.200000047683716,68900,0.0,0.0
2025-07-15 00:00:00-04:00,2.200000047683716,2.2200000286102295,2.140000104904175,2.190000057220459,54800,0.0,0.0
2025-07-16 00:00:00-04:00,2.2200000286102295,2.299999952316284,2.1500000953674316,2.259999990463257,113300,0.0,0.0
2025-07-17 00:00:00-04:00,2.2300000190734863,2.390000104904175,2.2300000190734863,2.380000114440918,49900,0.0,0.0
2025-07-18 00:00:00-04:00,2.3399999141693115,2.380000114440918,2.2799999713897705,2.359999895095825,86500,0.0,0.0
2025-07-21 00:00:00-04:00,2.3299999237060547,2.5,2.3299999237060547,2.390000104904175,193300,0.0,0.0
2025-07-22 00:00:00-04:00,2.3499999046325684,2.369999885559082,2.2699999809265137,2.2799999713897705,41700,0.0,0.0
2025-07-23 00:00:00-04:00,2.2799999713897705,2.5,2.2799999713897705,2.430000066757202,55000,0.0,0.0
2025-07-24 00:00:00-04:00,2.4200000762939453,2.4609999656677246,2.25,2.299999952316284,61200,0.0,0.0
2025-07-25 00:00:00-04:00,2.2799999713897705,2.2899999618530273,2.180000066757202,2.2300000190734863,43500,0.0,0.0
2025-07-28 00:00:00-04:00,2.259999990463257,2.259999990463257,2.1500000953674316,2.180000066757202,69900,0.0,0.0
2025-07-29 00:00:00-04:00,2.2200000286102295,2.2200000286102295,2.009999990463257,2.0399999618530273,241100,0.0,0.0
2025-07-30 00:00:00-04:00,2.059999942779541,2.119999885559082,2.005000114440918,2.059999942779541,103400,0.0,0.0
2025-07-31 00:00:00-04:00,2.059999942779541,2.1429998874664307,1.9700000286102295,2.0199999809265137,88400,0.0,0.0
2025-08-01 00:00:00-04:00,1.9700000286102295,2.0299999713897705,1.8849999904632568,1.899999976158142,81000,0.0,0.0
2025-08-04 00:00:00-04:00,1.9199999570846558,2.065000057220459,1.875,1.899999976158142,58900,0.0,0.0
2025-08-05 00:00:00-04:00,1.909999966621399,1.9900000095367432,1.909999966621399,1.9900000095367432,15100,0.0,0.0
2025-08-06 00:00:00-04:00,2.0399999618530273,2.134999990463257,1.9910000562667847,2.0799999237060547,52300,0.0,0.0
2025-08-07 00:00:00-04:00,2.0799999237060547,2.0999999046325684,1.9299999475479126,2.0399999618530273,195900,0.0,0.0
2025-08-08 00:00:00-04:00,1.9700000286102295,2.1600000858306885,1.9600000381469727,2.0299999713897705,227000,0.0,0.0
2025-08-11 00:00:00-04:00,2.0299999713897705,2.065000057220459,1.9600000381469727,1.9630000591278076,39400,0.0,0.0
2025-08-12 00:00:00-04:00,1.9700000286102295,2.0899999141693115,1.9700000286102295,2.0199999809265137,48400,0.0,0.0
2025-08-13 00:00:00-04:00,2.009999990463257,2.119999885559082,2.009999990463257,2.0799999237060547,63600,0.0,0.0
2025-08-14 00:00:00-04:00,2.0799999237060547,2.119999885559082,2.0,2.003000020980835,249600,0.0,0.0
2025-08-15 00:00:00-04:00,1.9800000190734863,2.0899999141693115,1.9079999923706055,2.0199999809265137,379600,0.0,0.0
2025-08-18 00:00:00-04:00,2.0899999141693115,2.0899999141693115,2.0179998874664307,2.0899999141693115,26100,0.0,0.0
2025-08-19 00:00:00-04:00,2.059999942779541,2.0999999046325684,2.0399999618530273,2.0399999618530273,68400,0.0,0.0
2025-08-20 00:00:00-04:00,2.049999952316284,2.0799999237060547,2.0299999713897705,2.049999952316284,27900,0.0,0.0
2025-08-21 00:00:00-04:00,2.049999952316284,2.190000057220459,2.0299999713897705,2.184999942779541,66500,0.0,0.0
2025-08-22 00:00:00-04:00,2.259999990463257,2.299999952316284,2.1700000762939453,2.200000047683716,96700,0.0,0.0
2025-08-25 00:00:00-04:00,2.2200000286102295,2.2200000286102295,2.0999999046325684,2.119999885559082,57300,0.0,0.0
2025-08-26 00:00:00-04:00,2.140000104904175,2.180000066757202,2.0999999046325684,2.125,65800,0.0,0.0
2025-08-27 00:00:00-04:00,2.0999999046325684,2.2829999923706055,2.0999999046325684,2.1700000762939453,94100,0.0,0.0
2025-08-28 00:00:00-04:00,2.25,2.25,2.0999999046325684,2.119999885559082,79900,0.0,0.0
2025-08-29 00:00:00-04:00,2.2100000381469727,2.2300000190734863,2.0399999618530273,2.119999885559082,141000,0.0,0.0
2025-09-02 00:00:00-04:00,2.049999952316284,2.2100000381469727,2.0450000762939453,2.069999933242798,52700,0.0,0.0
2025-09-03 00:00:00-04:00,2.109999895095825,2.109999895095825,2.0450000762939453,2.059999942779541,95000,0.0,0.0
2025-09-04 00:00:00-04:00,2.063999891281128,2.0980000495910645,2.049999952316284,2.069999933242798,18300,0.0,0.0
2025-09-05 00:00:00-04:00,2.0799999237060547,2.0999999046325684,1.940000057220459,1.9500000476837158,81100,0.0,0.0
2025-09-08 00:00:00-04:00,1.9500000476837158,2.0350000858306885,1.9500000476837158,2.0,62000,0.0,0.0
2025-09-09 00:00:00-04:00,1.9600000381469727,2.0399999618530273,1.9500000476837158,2.0199999809265137,49700,0.0,0.0
2025-09-10 00:00:00-04:00,1.940000057220459,2.069000005722046,1.940000057220459,2.0,65400,0.0,0.0
2025-09-11 00:00:00-04:00,2.0,2.0399999618530273,1.9700000286102295,2.005000114440918,61900,0.0,0.0
2025-09-12 00:00:00-04:00,2.0899999141693115,2.0899999141693115,1.9600000381469727,1.9900000095367432,68200,0.0,0.0
2025-09-15 00:00:00-04:00,2.0,2.009999990463257,1.9800000190734863,2.009999990463257,48500,0.0,0.0
2025-09-16 00:00:00-04:00,2.009999990463257,2.0299999713897705,2.0,2.009999990463257,73300,0.0,0.0
2025-09-17 00:00:00-04:00,2.049999952316284,2.0799999237060547,2.0,2.0199999809265137,45200,0.0,0.0
2025-09-18 00:00:00-04:00,2.0199999809265137,2.0820000171661377,1.9800000190734863,1.9900000095367432,88000,0.0,0.0
2025-09-19 00:00:00-04:00,2.0199999809265137,2.049999952316284,1.9500000476837158,2.0299999713897705,186700,0.0,0.0
2025-09-22 00:00:00-04:00,2.0799999237060547,2.2799999713897705,2.0299999713897705,2.2200000286102295,137500,0.0,0.0
2025-09-23 00:00:00-04:00,2.2200000286102295,2.2200000286102295,2.0899999141693115,2.0899999141693115,62800,0.0,0.0
2025-09-24 00:00:00-04:00,2.0999999046325684,2.0999999046325684,2.0,2.0399999618530273,62400,0.0,0.0
2025-09-25 00:00:00-04:00,2.059999942779541,2.059999942779541,1.9299999475479126,1.940000057220459,75100,0.0,0.0
2025-09-26 00:00:00-04:00,2.0199999809265137,2.0199999809265137,1.8799999952316284,1.9199999570846558,87400,0.0,0.0
2025-09-29 00:00:00-04:00,1.9299999475479126,2.0,1.899999976158142,1.9500000476837158,112600,0.0,0.0
2025-09-30 00:00:00-04:00,1.9700000286102295,2.0799999237060547,1.9700000286102295,2.049999952316284,86900,0.0,0.0
2025-10-01 00:00:00-04:00,2.059999942779541,2.1500000953674316,2.0,2.109999895095825,162900,0.0,0.0
2025-10-02 00:00:00-04:00,2.109999895095825,2.1600000858306885,2.049999952316284,2.109999895095825,155900,0.0,0.0
2025-10-03 00:00:00-04:00,2.140000104904175,2.1500000953674316,2.0899999141693115,2.130000114440918,124900,0.0,0.0
2025-10-06 00:00:00-04:00,2.200000047683716,2.259999990463257,2.1500000953674316,2.259999990463257,225000,0.0,0.0
2025-10-07 00:00:00-04:00,2.259999990463257,2.259999990463257,2.0999999046325684,2.130000114440918,101000,0.0,0.0
2025-10-08 00:00:00-04:00,2.1700000762939453,2.1700000762939453,2.0999999046325684,2.134999990463257,19300,0.0,0.0
2025-10-09 00:00:00-04:00,2.1700000762939453,2.1700000762939453,2.0999999046325684,2.1500000953674316,43700,0.0,0.0
2025-10-10 00:00:00-04:00,2.1500000953674316,2.1649999618530273,2.0,2.0399999618530273,76000,0.0,0.0
2025-10-13 00:00:00-04:00,2.0399999618530273,2.0399999618530273,1.9759999513626099,2.0,50800,0.0,0.0
2025-10-14 00:00:00-04:00,2.009999990463257,2.0999999046325684,1.9800000190734863,2.0,68200,0.0,0.0
2025-10-15 00:00:00-04:00,2.109999895095825,2.109999895095825,1.9880000352859497,2.0299999713897705,86000,0.0,0.0
2025-10-16 00:00:00-04:00,2.069999933242798,2.069999933242798,1.809999942779541,1.9249999523162842,208200,0.0,0.0
2025-10-17 00:00:00-04:00,1.9199999570846558,1.9500000476837158,1.899999976158142,1.899999976158142,87000,0.0,0.0
2025-10-20 00:00:00-04:00,1.9600000381469727,1.9700000286102295,1.899999976158142,1.965000033378601,72800,0.0,0.0
2025-10-21 00:00:00-04:00,1.9700000286102295,2.009999990463257,1.8700000047683716,1.8799999952316284,367800,0.0,0.0
2025-10-22 00:00:00-04:00,1.899999976158142,1.899999976158142,1.7999999523162842,1.809999942779541,84400,0.0,0.0
2025-10-23 00:00:00-04:00,1.840000033378601,1.940999984741211,1.840000033378601,1.909999966621399,52600,0.0,0.0
2025-10-24 00:00:00-04:00,1.9299999475479126,1.9600000381469727,1.8899999856948853,1.899999976158142,14700,0.0,0.0
2025-10-27 00:00:00-04:00,1.899999976158142,1.9199999570846558,1.8600000143051147,1.875,38500,0.0,0.0
2025-10-28 00:00:00-04:00,1.9199999570846558,1.9709999561309814,1.7999999523162842,1.7999999523162842,41100,0.0,0.0
2025-10-29 00:00:00-04:00,1.8650000095367432,1.9299999475479126,1.7699999809265137,1.7899999618530273,113500,0.0,0.0
2025-10-30 00:00:00-04:00,1.8200000524520874,1.8200000524520874,1.600000023841858,1.6200000047683716,128900,0.0,0.0
2025-10-31 00:00:00-04:00,1.600000023841858,1.6200000047683716,1.559000015258789,1.600000023841858,45400,0.0,0.0
2025-11-03 00:00:00-05:00,1.600000023841858,1.6399999856948853,1.590000033378601,1.6299999952316284,45300,0.0,0.0
2025-11-04 00:00:00-05:00,1.5800000429153442,1.659999966621399,1.5800000429153442,1.6200000047683716,40000,0.0,0.0
2025-11-05 00:00:00-05:00,1.6299999952316284,1.649999976158142,1.6299999952316284,1.649999976158142,5500,0.0,0.0
2025-11-06 00:00:00-05:00,1.649999976158142,1.6699999570846558,1.600000023841858,1.6150000095367432,26100,0.0,0.0
2025-11-07 00:00:00-05:00,1.649999976158142,1.649999976158142,1.5800000429153442,1.6200000047683716,34700,0.0,0.0
2025-11-10 00:00:00-05:00,1.6299999952316284,1.6699999570846558,1.5099999904632568,1.5499999523162842,115000,0.0,0.0
2025-11-11 00:00:00-05:00,1.5399999618530273,1.5399999618530273,1.4700000286102295,1.5,85800,0.0,0.0
2025-11-12 00:00:00-05:00,1.5499999523162842,1.5499999523162842,1.3700000047683716,1.3899999856948853,141500,0.0,0.0
2025-11-13 00:00:00-05:00,1.440000057220459,1.4880000352859497,1.399999976158142,1.409999966621399,42500,0.0,0.0
2025-11-14 00:00:00-05:00,1.3899999856948853,1.3899999856948853,1.2669999599456787,1.3200000524520874,47100,0.0,0.0
2025-11-17 00:00:00-05:00,1.309999942779541,1.3559999465942383,1.309999942779541,1.3200000524520874,23500,0.0,0.0
2025-11-18 00:00:00-05:00,1.3899999856948853,1.3899999856948853,1.2200000286102295,1.2799999713897705,80100,0.0,0.0
2025-11-19 00:00:00-05:00,1.3600000143051147,1.3600000143051147,1.25,1.2599999904632568,35100,0.0,0.0
2025-11-20 00:00:00-05:00,1.25,1.3589999675750732,1.2200000286102295,1.2200000286102295,30100,0.0,0.0
2025-11-21 00:00:00-05:00,1.2200000286102295,1.340000033378601,1.2000000476837158,1.2699999809265137,42600,0.0,0.0
2025-11-24 00:00:00-05:00,1.2799999713897705,1.3300000429153442,1.25,1.25,77100,0.0,0.0
2025-11-25 00:00:00-05:00,1.25,1.3300000429153442,1.2000000476837158,1.2899999618530273,74900,0.0,0.0
2025-11-26 00:00:00-05:00,1.340000033378601,1.3799999952316284,1.2599999904632568,1.340000033378601,20200,0.0,0.0
2025-11-28 00:00:00-05:00,1.3200000524520874,1.406000018119812,1.3200000524520874,1.350000023841858,48400,0.0,0.0
2025-12-01 00:00:00-05:00,1.3799999952316284,1.3799999952316284,1.2050000429153442,1.2799999713897705,112700,0.0,0.0
2025-12-02 00:00:00-05:00,1.2300000190734863,1.5149999856948853,1.2300000190734863,1.5,248900,0.0,0.0
2025-12-03 00:00:00-05:00,1.5,1.6299999952316284,1.190000057220459,1.3200000524520874,423800,0.0,0.0
2025-12-04 00:00:00-05:00,1.3200000524520874,1.4240000247955322,1.3200000524520874,1.3700000047683716,61700,0.0,0.0
2025-12-05 00:00:00-05:00,1.440000057220459,1.4529999494552612,1.2799999713897705,1.3700000047683716,86400,0.0,0.0
2025-12-08 00:00:00-05:00,1.3899999856948853,1.4140000343322754,1.3200000524520874,1.3550000190734863,117000,0.0,0.0
2025-12-09 00:00:00-05:00,1.309999942779541,1.3799999952316284,1.2799999713897705,1.3300000429153442,68700,0.0,0.0
2025-12-10 00:00:00-05:00,1.340000033378601,1.3799999952316284,1.340000033378601,1.3600000143051147,20600,0.0,0.0
2025-12-11 00:00:00-05:00,1.3600000143051147,1.3799999952316284,1.340000033378601,1.340000033378601,20500,0.0,0.0
2025-12-12 00:00:00-05:00,1.3899999856948853,1.3899999856948853,1.3600000143051147,1.3600000143051147,78400,0.0,0.0
2025-12-15 00:00:00-05:00,1.3600000143051147,1.440000057220459,1.3600000143051147,1.3899999856948853,93000,0.0,0.0
2025-12-16 00:00:00-05:00,1.3600000143051147,1.4199999570846558,1.3600000143051147,1.3949999809265137,12600,0.0,0.0
2025-12-17 00:00:00-05:00,1.4179999828338623,1.4179999828338623,1.3739999532699585,1.3799999952316284,15800,0.0,0.0
2025-12-18 00:00:00-05:00,1.3899999856948853,1.4199999570846558,1.3799999952316284,1.3899999856948853,14300,0.0,0.0
2025-12-19 00:00:00-05:00,1.3799999952316284,1.3899999856948853,1.309999942779541,1.340000033378601,85800,0.0,0.0
2025-12-22 00:00:00-05:00,1.3300000429153442,1.3899999856948853,1.3300000429153442,1.3600000143051147,14800,0.0,0.0
2025-12-23 00:00:00-05:00,1.3300000429153442,1.340000033378601,1.2599999904632568,1.3200000524520874,75900,0.0,0.0
2025-12-24 00:00:00-05:00,1.2999999523162842,1.340000033378601,1.2999999523162842,1.3200000524520874,8800,0.0,0.0
2025-12-26 00:00:00-05:00,1.3300000429153442,1.350000023841858,1.2719999551773071,1.309999942779541,32300,0.0,0.0
2025-12-29 00:00:00-05:00,1.2999999523162842,1.3899999856948853,1.2999999523162842,1.3899999856948853,211000,0.0,0.0
2025-12-30 00:00:00-05:00,1.3600000143051147,1.4700000286102295,1.3600000143051147,1.440000057220459,231000,0.0,0.0
2025-12-31 00:00:00-05:00,1.440000057220459,1.440000057220459,1.309999942779541,1.409999966621399,98600,0.0,0.0
2026-01-02 00:00:00-05:00,1.440000057220459,1.465000033378601,1.3519999980926514,1.4199999570846558,39600,0.0,0.0
2026-01-05 00:00:00-05:00,1.409999966621399,1.5490000247955322,1.409999966621399,1.5,91000,0.0,0.0
2026-01-06 00:00:00-05:00,1.5099999904632568,1.5499999523162842,1.3799999952316284,1.440000057220459,640300,0.0,0.0
2026-01-07 00:00:00-05:00,1.4910000562667847,1.4989999532699585,1.2649999856948853,1.350000023841858,338200,0.0,0.0
2026-01-08 00:00:00-05:00,1.309999942779541,1.340000033378601,1.2699999809265137,1.3200000524520874,21600,0.0,0.0
2026-01-09 00:00:00-05:00,1.3200000524520874,1.340000033378601,1.309999942779541,1.309999942779541,13000,0.0,0.0
2026-01-12 00:00:00-05:00,1.2999999523162842,1.409999966621399,1.2999999523162842,1.409999966621399,151400,0.0,0.0
2026-01-13 00:00:00-05:00,1.3600000143051147,1.4500000476837158,1.350000023841858,1.4199999570846558,169900,0.0,0.0
2026-01-14 00:00:00-05:00,1.3700000047683716,1.4500000476837158,1.3700000047683716,1.4299999475479126,72800,0.0,0.0
2026-01-15 00:00:00-05:00,1.440000057220459,1.4700000286102295,1.409999966621399,1.4199999570846558,58400,0.0,0.0
2026-01-16 00:00:00-05:00,1.3700000047683716,1.5499999523162842,1.3700000047683716,1.4600000381469727,185400,0.0,0.0
2026-01-20 00:00:00-05:00,1.5,1.5149999856948853,1.3600000143051147,1.4500000476837158,662500,0.0,0.0
2026-01-21 00:00:00-05:00,1.5099999904632568,1.5099999904632568,1.350000023841858,1.4600000381469727,127100,0.0,0.0
2026-01-22 00:00:00-05:00,1.4900000095367432,1.5299999713897705,1.3799999952316284,1.5099999904632568,1149400,0.0,0.0
2026-01-23 00:00:00-05:00,1.5399999618530273,1.5399999618530273,1.3600000143051147,1.4299999475479126,640500,0.0,0.0
2026-01-26 00:00:00-05:00,1.4299999475479126,1.4500000476837158,1.3600000143051147,1.3899999856948853,446400,0.0,0.0
2026-01-27 00:00:00-05:00,1.4299999475479126,1.440000057220459,1.2699999809265137,1.2899999618530273,236200,0.0,0.0
2026-01-28 00:00:00-05:00,1.350000023841858,1.4299999475479126,1.2699999809265137,1.2799999713897705,148400,0.0,0.0
2026-01-29 00:00:00-05:00,1.2899999618530273,1.3250000476837158,1.2599999904632568,1.2899999618530273,114600,0.0,0.0
2026-01-30 00:00:00-05:00,1.2799999713897705,1.2999999523162842,1.2000000476837158,1.2300000190734863,144800,0.0,0.0
2026-02-02 00:00:00-05:00,1.2599999904632568,1.2599999904632568,1.190000057220459,1.190000057220459,222700,0.0,0.0
2026-02-03 00:00:00-05:00,1.2000000476837158,1.2200000286102295,1.1399999856948853,1.159999966621399,139200,0.0,0.0
2026-02-04 00:00:00-05:00,1.159999966621399,1.190000057220459,1.13100004196167,1.159999966621399,77900,0.0,0.0
2026-02-05 00:00:00-05:00,1.190000057220459,1.190000057220459,1.100000023841858,1.1100000143051147,106100,0.0,0.0
2026-02-06 00:00:00-05:00,1.1399999856948853,1.1699999570846558,1.0700000524520874,1.149999976158142,157100,0.0,0.0
2026-02-09 00:00:00-05:00,1.159999966621399,1.187999963760376,1.149999976158142,1.159999966621399,47900,0.0,0.0
2026-02-10 00:00:00-05:00,1.1710000038146973,1.190000057220459,1.1699999570846558,1.1799999475479126,32500,0.0,0.0
2026-02-11 00:00:00-05:00,1.1979999542236328,1.2350000143051147,1.1799999475479126,1.2000000476837158,92000,0.0,0.0
2026-02-12 00:00:00-05:00,1.2100000381469727,1.2100000381469727,1.090000033378601,1.090000033378601,119000,0.0,0.0
2026-02-13 00:00:00-05:00,1.1299999952316284,1.1799999475479126,1.100000023841858,1.1100000143051147,124400,0.0,0.0
2026-02-17 00:00:00-05:00,1.100000023841858,1.1399999856948853,1.0800000429153442,1.100000023841858,61900,0.0,0.0
2026-02-18 00:00:00-05:00,1.100000023841858,1.1200000047683716,1.0700000524520874,1.1100000143051147,52300,0.0,0.0
2026-02-19 00:00:00-05:00,1.0800000429153442,1.100000023841858,1.0700000524520874,1.090000033378601,28700,0.0,0.0
2026-02-20 00:00:00-05:00,1.1100000143051147,1.1699999570846558,1.0700000524520874,1.1100000143051147,25600,0.0,0.0
2026-02-23 00:00:00-05:00,1.1399999856948853,1.1399999856948853,1.090000033378601,1.1200000047683716,30700,0.0,0.0
2026-02-24 00:00:00-05:00,1.090000033378601,1.1299999952316284,1.090000033378601,1.1299999952316284,17800,0.0,0.0
2026-02-25 00:00:00-05:00,1.1449999809265137,1.1449999809265137,1.1200000047683716,1.1399999856948853,18600,0.0,0.0
2026-02-26 00:00:00-05:00,1.1399999856948853,1.2200000286102295,1.1399999856948853,1.149999976158142,107300,0.0,0.0
2026-02-27 00:00:00-05:00,1.1480000019073486,1.1699999570846558,1.1399999856948853,1.149999976158142,55200,0.0,0.0
2026-03-02 00:00:00-05:00,1.159999966621399,1.159999966621399,1.0720000267028809,1.1100000143051147,74400,0.0,0.0
2026-03-03 00:00:00-05:00,1.100000023841858,1.1139999628067017,1.0,1.0700000524520874,103400,0.0,0.0
2026-03-04 00:00:00-05:00,1.0700000524520874,1.128000020980835,1.0520000457763672,1.0800000429153442,69000,0.0,0.0
2026-03-05 00:00:00-05:00,1.100000023841858,1.1299999952316284,1.0700000524520874,1.0800000429153442,61100,0.0,0.0
2026-03-06 00:00:00-05:00,1.100000023841858,1.1200000047683716,1.090000033378601,1.1100000143051147,48300,0.0,0.0
2026-03-09 00:00:00-04:00,1.090000033378601,1.159999966621399,1.0800000429153442,1.1200000047683716,65100,0.0,0.0
2026-03-10 00:00:00-04:00,1.1299999952316284,1.2100000381469727,1.128000020980835,1.190000057220459,141600,0.0,0.0
2026-03-11 00:00:00-04:00,1.2100000381469727,1.2400000095367432,1.159999966621399,1.190000057220459,63000,0.0,0.0
2026-03-12 00:00:00-04:00,1.2000000476837158,1.2000000476837158,1.1399999856948853,1.159999966621399,19600,0.0,0.0
2026-03-13 00:00:00-04:00,1.2000000476837158,1.2000000476837158,1.1100000143051147,1.1299999952316284,47800,0.0,0.0
2026-03-16 00:00:00-04:00,1.1299999952316284,1.1299999952316284,1.0800000429153442,1.100000023841858,42700,0.0,0.0
2026-03-17 00:00:00-04:00,1.1799999475479126,1.1799999475479126,1.0800000429153442,1.1100000143051147,50500,0.0,0.0
2026-03-18 00:00:00-04:00,1.090000033378601,1.1200000047683716,1.0800000429153442,1.090000033378601,26600,0.0,0.0
2026-03-19 00:00:00-04:00,1.090000033378601,1.100000023841858,1.059999942779541,1.090000033378601,26600,0.0,0.0
2026-03-20 00:00:00-04:00,1.090000033378601,1.1100000143051147,1.0800000429153442,1.0800000429153442,24200,0.0,0.0
2026-03-23 00:00:00-04:00,1.0800000429153442,1.1080000400543213,1.0700000524520874,1.0700000524520874,41900,0.0,0.0
2026-03-24 00:00:00-04:00,1.1799999475479126,1.1799999475479126,1.0800000429153442,1.1100000143051147,66000,0.0,0.0
2026-03-25 00:00:00-04:00,1.100000023841858,1.25,1.100000023841858,1.1749999523162842,112100,0.0,0.0
2026-03-26 00:00:00-04:00,1.184999942779541,1.2100000381469727,1.1299999952316284,1.159999966621399,64100,0.0,0.0
2026-03-27 00:00:00-04:00,1.2100000381469727,1.2100000381469727,1.090000033378601,1.100000023841858,42300,0.0,0.0
2026-03-30 00:00:00-04:00,1.1200000047683716,1.1399999856948853,1.090000033378601,1.1100000143051147,76700,0.0,0.0
2026-03-31 00:00:00-04:00,1.1399999856948853,1.149999976158142,1.100000023841858,1.149999976158142,33300,0.0,0.0
2026-04-01 00:00:00-04:00,1.190000057220459,1.2000000476837158,1.1299999952316284,1.1699999570846558,34000,0.0,0.0
2026-04-02 00:00:00-04:00,1.1399999856948853,1.1549999713897705,1.100000023841858,1.1299999952316284,39700,0.0,0.0
2026-04-06 00:00:00-04:00,1.1299999952316284,1.1460000276565552,1.090000033378601,1.1299999952316284,75900,0.0,0.0
2026-04-07 00:00:00-04:00,1.1200000047683716,1.2200000286102295,1.100000023841858,1.2000000476837158,132700,0.0,0.0
2026-04-08 00:00:00-04:00,1.2100000381469727,1.3200000524520874,1.2100000381469727,1.2599999904632568,99500,0.0,0.0
2026-04-09 00:00:00-04:00,1.2799999713897705,1.468999981880188,1.2799999713897705,1.4600000381469727,149300,0.0,0.0
2026-04-10 00:00:00-04:00,1.5099999904632568,1.6150000095367432,1.350000023841858,1.4900000095367432,498000,0.0,0.0
2026-04-13 00:00:00-04:00,1.409999966621399,1.4700000286102295,1.409999966621399,1.440000057220459,60900,0.0,0.0
2026-04-14 00:00:00-04:00,1.3899999856948853,1.399999976158142,1.274999976158142,1.350000023841858,139400,0.0,0.0
2026-04-15 00:00:00-04:00,1.340000033378601,1.4500000476837158,1.340000033378601,1.440000057220459,105100,0.0,0.0
2026-04-16 00:00:00-04:00,1.440000057220459,1.440000057220459,1.350000023841858,1.3799999952316284,95700,0.0,0.0
2026-04-17 00:00:00-04:00,1.3799999952316284,1.399999976158142,1.2999999523162842,1.3600000143051147,165500,0.0,0.0
2026-04-20 00:00:00-04:00,1.3799999952316284,1.4839999675750732,1.3600000143051147,1.3899999856948853,57700,0.0,0.0
2026-04-21 00:00:00-04:00,1.3700000047683716,1.3899999856948853,1.3300000429153442,1.350000023841858,63000,0.0,0.0
2026-04-22 00:00:00-04:00,1.3700000047683716,1.375,1.3200000524520874,1.350000023841858,26600,0.0,0.0
2026-04-23 00:00:00-04:00,1.309999942779541,1.3600000143051147,1.2999999523162842,1.350000023841858,134000,0.0,0.0
2026-04-24 00:00:00-04:00,1.3300000429153442,1.3600000143051147,1.309999942779541,1.3300000429153442,29200,0.0,0.0
2026-04-27 00:00:00-04:00,1.340000033378601,1.340000033378601,1.309999942779541,1.3300000429153442,11700,0.0,0.0
2026-04-28 00:00:00-04:00,1.3300000429153442,1.3350000381469727,1.2899999618530273,1.309999942779541,24900,0.0,0.0
2026-04-29 00:00:00-04:00,1.2999999523162842,1.3250000476837158,1.2899999618530273,1.2999999523162842,82500,0.0,0.0
2026-04-30 00:00:00-04:00,1.281000018119812,1.309999942779541,1.2799999713897705,1.309999942779541,21900,0.0,0.0
2026-05-01 00:00:00-04:00,1.3300000429153442,1.3300000429153442,1.2999999523162842,1.2999999523162842,31200,0.0,0.0
2026-05-04 00:00:00-04:00,1.2799999713897705,1.2999999523162842,1.149999976158142,1.2300000190734863,115500,0.0,0.0
2026-05-05 00:00:00-04:00,1.2400000095367432,1.2410000562667847,1.1799999475479126,1.184999942779541,1421300,0.0,0.0
2026-05-06 00:00:00-04:00,1.1799999475479126,1.2200000286102295,1.1799999475479126,1.2100000381469727,28500,0.0,0.0
2026-05-07 00:00:00-04:00,1.2300000190734863,1.2829999923706055,1.2100000381469727,1.2100000381469727,45400,0.0,0.0
2026-05-08 00:00:00-04:00,1.2100000381469727,1.2599999904632568,1.190000057220459,1.2000000476837158,117900,0.0,0.0
2026-05-11 00:00:00-04:00,1.1799999475479126,1.190000057220459,1.149999976158142,1.159999966621399,103400,0.0,0.0
2026-05-12 00:00:00-04:00,1.2100000381469727,1.559999942779541,1.2100000381469727,1.4800000190734863,645700,0.0,0.0
2026-05-13 00:00:00-04:00,1.5,1.5099999904632568,1.3600000143051147,1.4299999475479126,157500,0.0,0.0
2026-05-14 00:00:00-04:00,1.399999976158142,1.4299999475479126,1.3200000524520874,1.399999976158142,110300,0.0,0.0
2026-05-15 00:00:00-04:00,1.3899999856948853,1.399999976158142,1.3420000076293945,1.399999976158142,62900,0.0,0.0
2026-05-18 00:00:00-04:00,1.4299999475479126,1.4299999475479126,1.350000023841858,1.3799999952316284,90600,0.0,0.0
2026-05-19 00:00:00-04:00,1.399999976158142,1.409999966621399,1.340000033378601,1.3899999856948853,159500,0.0,0.0
2026-05-20 00:00:00-04:00,1.3899999856948853,1.5,1.3200000524520874,1.3899999856948853,223100,0.0,0.0
2026-05-21 00:00:00-04:00,1.399999976158142,1.4199999570846558,1.340000033378601,1.3700000047683716,81700,0.0,0.0
2026-05-22 00:00:00-04:00,1.3700000047683716,1.3700000047683716,1.2949999570846558,1.350000023841858,196700,0.0,0.0
2026-05-26 00:00:00-04:00,1.3300000429153442,1.350000023841858,1.2799999713897705,1.3300000429153442,84300,0.0,0.0
2026-05-27 00:00:00-04:00,1.3020000457763672,1.340000033378601,1.2799999713897705,1.2999999523162842,104900,0.0,0.0
2026-05-28 00:00:00-04:00,1.2799999713897705,1.2960000038146973,1.25,1.2799999713897705,75900,0.0,0.0
2026-05-29 00:00:00-04:00,1.2899999618530273,1.2899999618530273,1.2599999904632568,1.2799999713897705,19000,0.0,0.0
2026-06-01 00:00:00-04:00,1.2899999618530273,1.3600000143051147,1.2899999618530273,1.3300000429153442,30600,0.0,0.0
2026-06-02 00:00:00-04:00,1.350000023841858,1.3600000143051147,1.309999942779541,1.3200000524520874,26400,0.0,0.0
2026-06-03 00:00:00-04:00,1.340000033378601,1.340000033378601,1.2799999713897705,1.2999999523162842,40700,0.0,0.0
2026-06-04 00:00:00-04:00,1.2999999523162842,1.3600000143051147,1.2480000257492065,1.2599999904632568,124000,0.0,0.0
2026-06-05 00:00:00-04:00,1.2699999809265137,1.2799999713897705,1.2050000429153442,1.2100000381469727,151000,0.0,0.0
2026-06-08 00:00:00-04:00,1.2599999904632568,1.309999942779541,1.1619999408721924,1.1799999475479126,135200,0.0,0.0
2026-06-09 00:00:00-04:00,1.2000000476837158,1.2000000476837158,1.1100000143051147,1.1699999570846558,73500,0.0,0.0
2026-06-10 00:00:00-04:00,1.149999976158142,1.2200000286102295,1.149999976158142,1.190000057220459,48300,0.0,0.0
2026-06-11 00:00:00-04:00,1.2100000381469727,1.2400000095367432,1.1799999475479126,1.2400000095367432,26300,0.0,0.0
2026-06-12 00:00:00-04:00,1.2400000095367432,1.2400000095367432,1.184999942779541,1.190000057220459,18400,0.0,0.0
2026-06-15 00:00:00-04:00,1.2000000476837158,1.309999942779541,1.2000000476837158,1.2100000381469727,15300,0.0,0.0
2026-06-16 00:00:00-04:00,1.1799999475479126,1.190000057220459,1.159999966621399,1.184999942779541,16700,0.0,0.0
2026-06-17 00:00:00-04:00,1.2549999952316284,1.2549999952316284,1.1699999570846558,1.1699999570846558,19000,0.0,0.0
2026-06-18 00:00:00-04:00,1.2690000534057617,1.2690000534057617,1.1119999885559082,1.149999976158142,105400,0.0,0.0
2026-06-22 00:00:00-04:00,1.1699999570846558,1.2519999742507935,1.100000023841858,1.1399999856948853,78800,0.0,0.0
2026-06-23 00:00:00-04:00,1.1230000257492065,1.1399999856948853,1.0800000429153442,1.0800000429153442,158000,0.0,0.0
2026-06-24 00:00:00-04:00,1.090000033378601,1.090000033378601,1.0399999618530273,1.0800000429153442,76100,0.0,0.0
2026-06-25 00:00:00-04:00,1.090000033378601,1.1100000143051147,1.0700000524520874,1.0800000429153442,57500,0.0,0.0
2026-06-26 00:00:00-04:00,1.059999942779541,1.309999942779541,1.0,1.100000023841858,237200,0.0,0.0
2026-06-29 00:00:00-04:00,1.0549999475479126,1.2339999675750732,1.0219999551773071,1.1399999856948853,225400,0.0,0.0
2026-06-30 00:00:00-04:00,1.1399999856948853,1.2200000286102295,1.1200000047683716,1.1699999570846558,37600,0.0,0.0
2026-07-01 00:00:00-04:00,1.1200000047683716,1.2599999904632568,1.1200000047683716,1.2000000476837158,75500,0.0,0.0
2026-07-02 00:00:00-04:00,1.2000000476837158,1.2200000286102295,1.149999976158142,1.1699999570846558,79600,0.0,0.0
2026-07-06 00:00:00-04:00,1.149999976158142,1.2599999904632568,1.149999976158142,1.25,186800,0.0,0.0
2026-07-07 00:00:00-04:00,1.25,1.2799999713897705,1.1699999570846558,1.2599999904632568,137200,0.0,0.0
2026-07-08 00:00:00-04:00,1.2699999809265137,1.2699999809265137,1.1979999542236328,1.2300000190734863,146400,0.0,0.0
2026-07-09 00:00:00-04:00,1.2300000190734863,1.2350000143051147,1.1449999809265137,1.159999966621399,120400,0.0,0.0
2026-07-10 00:00:00-04:00,1.1799999475479126,1.2000000476837158,1.1150000095367432,1.1449999809265137,79000,0.0,0.0
2026-07-13 00:00:00-04:00,1.149999976158142,1.149999976158142,1.0800000429153442,1.100000023841858,72800,0.0,0.0
2026-07-14 00:00:00-04:00,1.100000023841858,1.100000023841858,1.0199999809265137,1.0199999809265137,122700,0.0,0.0
2026-07-15 00:00:00-04:00,1.0299999713897705,1.059999942779541,1.0299999713897705,1.0399999618530273,75800,0.0,0.0
2026-07-16 00:00:00-04:00,1.0199999809265137,1.100000023841858,1.0199999809265137,1.059999942779541,56100,0.0,0.0
2026-07-17 00:00:00-04:00,1.0299999713897705,1.059999942779541,1.0199999809265137,1.0199999809265137,18800,0.0,0.0
2026-07-20 00:00:00-04:00,1.0299999713897705,1.0299999713897705,0.8999999761581421,0.8999999761581421,212700,0.0,0.0
2026-07-21 00:00:00-04:00,0.949999988079071,0.949999988079071,0.8579999804496765,0.902999997138977,150600,0.0,0.0
2026-07-22 00:00:00-04:00,0.8899999856948853,0.949999988079071,0.8880000114440918,0.8880000114440918,57900,0.0,0.0
2026-07-23 00:00:00-04:00,0.8999999761581421,0.968999981880188,0.8899999856948853,0.9070000052452087,85100,0.0,0.0
2026-07-24 00:00:00-04:00,1.0,1.0,0.8740000128746033,0.8740000128746033,75100,0.0,0.0
2026-07-27 00:00:00-04:00,0.8999999761581421,0.949999988079071,0.8650000095367432,0.8669999837875366,68500,0.0,0.0
2026-07-28 00:00:00-04:00,0.8690000176429749,0.9200000166893005,0.8650000095367432,0.8899999856948853,42800,0.0,0.0
2026-07-29 00:00:00-04:00,0.8730000257492065,0.9480000138282776,0.8399999737739563,0.8640000224113464,53700,0.0,0.0
2026-07-30 00:00:00-04:00,0.8510000109672546,0.9100000262260437,0.8399999737739563,0.8399999737739563,57600,0.0,0.0
2026-07-31 00:00:00-04:00,0.8399999737739563,0.9014000296592712,0.8118000030517578,0.8288999795913696,89936,0.0,0.0
