Date,Open,High,Low,Close,Volume,Dividends,Stock Splits
2022-01-03 00:00:00-05:00,9.17468547821045,9.25477416004521,8.872125406864358,9.17468547821045,477300,0.0,0.0
2022-01-04 00:00:00-05:00,8.943313959351725,9.186251526453432,8.827629201527678,8.987808227539062,308900,0.0,0.0
2022-01-05 00:00:00-05:00,8.881021783447604,9.156885571601334,8.676349334702572,8.711944580078125,240400,0.0,0.0
2022-01-06 00:00:00-05:00,8.907719946682944,9.165785719477043,8.818731397999036,8.978910446166992,279600,0.0,0.0
2022-01-07 00:00:00-05:00,9.023404214382547,9.495041459174466,9.014505190281765,9.343761444091797,1082400,0.0,0.0
2022-01-10 00:00:00-05:00,9.370459456317947,9.44609947829703,8.774238306284655,8.889923095703125,408900,0.0,0.0
2022-01-11 00:00:00-05:00,8.92551715212448,9.201380974269865,8.849877140298945,9.11239242553711,322900,0.0,0.0
2022-01-12 00:00:00-05:00,9.459447394999547,9.610727429010446,8.934416788568514,9.041202545166016,205600,0.0,0.0
2022-01-13 00:00:00-05:00,8.827630251174833,8.970011247378027,8.418284462761811,8.498373985290527,333300,0.0,0.0
2022-01-14 00:00:00-05:00,8.507273009717647,8.747540728646117,8.284802490985737,8.498373985290527,321000,0.0,0.0
2022-01-18 00:00:00-05:00,8.258105782896124,8.925517368606275,8.240308581912533,8.649654388427734,620600,0.0,0.0
2022-01-19 00:00:00-05:00,8.676350549952199,8.845427777003412,8.418284772669159,8.596261024475098,480800,0.0,0.0
2022-01-20 00:00:00-05:00,9.032302856445312,9.36155997592281,8.898820882668364,9.032302856445312,619000,0.0,0.0
2022-01-21 00:00:00-05:00,8.925516714009724,9.041201482220767,8.631855705726945,8.747540473937988,391500,0.0,0.0
2022-01-24 00:00:00-05:00,8.498374503623513,9.174685125495913,8.409385951240086,9.1301908493042,635500,0.0,0.0
2022-01-25 00:00:00-05:00,8.961112576675468,9.041202102365581,8.543757989266753,8.703046798706055,369600,0.0,0.0
2022-01-26 00:00:00-05:00,8.79203476974154,8.79203476974154,8.008938462664332,8.071229934692383,459400,0.0,0.0
2022-01-27 00:00:00-05:00,8.164668304261086,8.34264455163101,7.9199502215519635,8.035634994506836,320200,0.0,0.0
2022-01-28 00:00:00-05:00,7.955545583164801,8.329296132238754,7.893254107871709,8.302599906921387,161900,0.0,0.0
2022-01-31 00:00:00-05:00,8.40048653982955,9.156886654319438,8.40048653982955,9.032302856445312,664000,0.0,0.0
2022-02-01 00:00:00-05:00,8.925517122069744,9.01450567050285,8.765338923010923,8.872124671936035,122700,0.0,0.0
2022-02-02 00:00:00-05:00,8.827630202347587,8.827630202347587,8.391588191722713,8.41828441619873,122000,0.0,0.0
2022-02-03 00:00:00-05:00,8.293700857668973,8.427183681175386,8.097927407711886,8.19581413269043,182300,0.0,0.0
2022-02-04 00:00:00-05:00,8.186913962770754,8.45387872377952,8.071229204711704,8.391587257385254,226000,0.0,0.0
2022-02-07 00:00:00-05:00,8.373790086488116,8.520620593102393,8.160218594805105,8.204712867736816,192300,0.0,0.0
2022-02-08 00:00:00-05:00,8.160218351897225,8.507272652044488,8.160218351897225,8.453879356384277,686100,0.0,0.0
2022-02-09 00:00:00-05:00,8.498373748823624,8.925516725547972,8.462778500763262,8.881022453308105,201700,0.0,0.0
2022-02-10 00:00:00-05:00,8.827630372233799,9.290368616240006,8.729743648166139,8.765338897705078,391900,0.0,0.0
2022-02-11 00:00:00-05:00,8.898820459073868,8.978909978990757,8.596260427680132,8.640754699707031,229700,0.0,0.0
2022-02-14 00:00:00-05:00,8.560666022959646,8.738642279939087,8.347094514584315,8.373790740966797,1067700,0.0,0.0
2022-02-15 00:00:00-05:00,8.45388036648564,8.774237632751465,8.45388036648564,8.774237632751465,1179500,0.0,0.0
2022-02-16 00:00:00-05:00,8.703045962379768,9.165785022496376,8.703045962379768,8.99670696258545,420200,0.0,0.0
2022-02-17 00:00:00-05:00,8.898821500818027,9.219178769330684,8.809832946346745,8.827630996704102,713300,0.0,0.0
2022-02-18 00:00:00-05:00,8.747541791734147,9.050101869764875,8.68525031048939,8.898821830749512,191200,0.0,0.0
2022-02-22 00:00:00-05:00,8.738642067792536,9.1479878732365,8.498374338867663,8.542868614196777,515200,0.0,0.0
2022-02-23 00:00:00-05:00,8.68969929674652,8.68969929674652,7.163551309454985,7.190247535705566,826000,0.0,0.0
2022-02-24 00:00:00-05:00,6.807597970678724,7.768670121160275,6.763103697118345,7.715277671813965,633800,0.0,0.0
2022-02-25 00:00:00-05:00,7.715277633014481,7.866557653164387,7.430515641512389,7.768670082092285,409400,0.0,0.0
2022-02-28 00:00:00-05:00,7.626289086341239,7.973343399977671,7.4394138172535715,7.768670082092285,726000,0.0,0.0
2022-03-01 00:00:00-05:00,7.89325448835161,8.32039835730769,7.839862035143189,7.875457286834717,857100,0.0,0.0
2022-03-02 00:00:00-05:00,7.964444251963276,7.964444251963276,7.519503222818315,7.813164234161377,473700,0.0,0.0
2022-03-03 00:00:00-05:00,8.560665880722812,9.076797441716455,8.275903874287073,8.863225936889648,1057200,0.0,0.0
2022-03-04 00:00:00-05:00,8.720845013240325,8.747541239422821,8.0178381669446,8.186915397644043,963900,0.0,0.0
2022-03-07 00:00:00-05:00,8.008939034598214,8.258105789161554,7.7775694810319695,7.786468505859375,716600,0.0,0.0
2022-03-08 00:00:00-05:00,7.78646751633927,8.053432286630995,7.563997015872434,7.679681777954102,955900,0.0,0.0
2022-03-09 00:00:00-05:00,7.968893653208036,8.778686179198534,7.839861197853444,8.640754699707031,540100,0.0,0.0
2022-03-10 00:00:00-05:00,8.204712256186529,8.382688485989982,8.05343224868919,8.27590274810791,810600,0.0,0.0
2022-03-11 00:00:00-05:00,8.364891408742956,8.364891408742956,6.47834188106001,6.522835731506348,1171800,0.0,0.0
2022-03-14 00:00:00-04:00,6.131287122960925,6.282567137312377,5.499470842039464,5.766435623168945,2567600,0.0,0.0
2022-03-15 00:00:00-04:00,5.68634704595995,6.473892983725965,5.5528646332826215,6.398252964019775,1776900,0.0,0.0
2022-03-16 00:00:00-04:00,7.35042654743365,7.519503777573113,6.7809016825943855,7.1101579666137695,976200,0.0,0.0
2022-03-17 00:00:00-04:00,7.012271181959153,7.475009441375732,6.825395903491874,7.475009441375732,330400,0.0,0.0
2022-03-18 00:00:00-04:00,7.403818698156101,8.186915037177641,7.273895994821942,8.008938789367676,812800,0.0,0.0
2022-03-21 00:00:00-04:00,8.035635433327004,8.213611690416082,7.332628581331849,7.4038190841674805,327500,0.0,0.0
2022-03-22 00:00:00-04:00,7.652986549676349,8.026737106904964,7.457212246209522,7.893254280090332,353800,0.0,0.0
2022-03-23 00:00:00-04:00,7.715277484157584,7.919949949436387,7.555098442699278,7.70637845993042,404000,0.0,0.0
2022-03-24 00:00:00-04:00,7.768670298357623,7.768670298357623,7.386021573788876,7.439414024353027,166600,0.0,0.0
2022-03-25 00:00:00-04:00,7.216943322464656,7.3406368765709615,7.0923599507813675,7.136854648590088,175400,0.0,0.0
2022-03-28 00:00:00-04:00,7.243639980497767,7.341526697615899,6.816496167698147,7.012270450592041,348700,0.0,0.0
2022-03-29 00:00:00-04:00,7.172450160917794,7.741974166660902,7.076342645485561,7.733075141906738,1214900,0.0,0.0
2022-03-30 00:00:00-04:00,7.475009739542155,7.982243143419069,7.030069087739766,7.199146747589111,379000,0.0,0.0
2022-03-31 00:00:00-04:00,7.270336846353956,7.372673084478194,6.905485320062182,6.941080570220947,627000,0.0,0.0
2022-04-01 00:00:00-04:00,7.34152760764555,7.466111411958744,7.243640878393728,7.270337104797363,525000,0.0,0.0
2022-04-04 00:00:00-04:00,7.546198968479434,7.8220627624676595,7.501705547312154,7.679681777954102,1252500,0.0,0.0
2022-04-05 00:00:00-04:00,7.644087689760156,7.661884891191485,7.297033350942996,7.37712287902832,1583400,0.0,0.0
2022-04-06 00:00:00-04:00,7.24364063319975,7.24364063319975,6.878788681959567,6.994473457336426,435000,0.0,0.0
2022-04-07 00:00:00-04:00,6.994473448859335,7.181348300119273,6.58512764750568,7.0745625495910645,904600,0.0,0.0
2022-04-08 00:00:00-04:00,7.101259207994056,7.24364063319975,6.896586307069172,6.994473457336426,404700,0.0,0.0
2022-04-11 00:00:00-04:00,6.878788749721734,7.074562627855935,6.816496849060059,6.816496849060059,368000,0.0,0.0
2022-04-12 00:00:00-04:00,6.958878040313721,7.074562388588786,6.852091867886889,6.958878040313721,385700,0.0,0.0
2022-04-13 00:00:00-04:00,6.798698984018259,7.590693917761025,6.798698984018259,7.350426197052002,405500,0.0,0.0
2022-04-14 00:00:00-04:00,7.270336478257946,7.4305155201914035,7.1991459815447785,7.20804500579834,362800,0.0,0.0
2022-04-18 00:00:00-04:00,7.1190566489901,7.145752873799661,6.780901356324148,6.905485153198242,494300,0.0,0.0
2022-04-19 00:00:00-04:00,6.9410806187433245,7.332628373226903,6.887687318803072,7.2881340980529785,390800,0.0,0.0
2022-04-20 00:00:00-04:00,7.297033108422928,7.297033108422928,6.97667585538658,7.101259231567383,474800,0.0,0.0
2022-04-21 00:00:00-04:00,7.1546522621220054,7.1546522621220054,6.451645416230757,6.531734943389893,985800,0.0,0.0
2022-04-22 00:00:00-04:00,6.594026309854859,6.8965863635237135,6.594026309854859,6.76310396194458,397200,0.0,0.0
2022-04-25 00:00:00-04:00,6.7631042146030165,6.7631042146030165,6.3982526710748076,6.540633678436279,437900,0.0,0.0
2022-04-26 00:00:00-04:00,6.3893537658610375,6.487240922423561,6.184680851773333,6.309264659881592,301600,0.0,0.0
2022-04-27 00:00:00-04:00,6.496139988970907,6.869890142682662,6.335960927336985,6.576229095458984,350500,0.0,0.0
2022-04-28 00:00:00-04:00,6.629621370899827,6.72750851917089,6.416049873939883,6.620722770690918,242900,0.0,0.0
2022-04-29 00:00:00-04:00,7.056765254450489,7.256988652134777,6.496139825800256,6.540633678436279,633600,0.0,0.0
2022-05-02 00:00:00-04:00,6.522835819694327,6.843193499151878,6.398252442699836,6.816496849060059,496100,0.0,0.0
2022-05-03 00:00:00-04:00,6.829844877971062,7.1190563734092835,6.505037710283274,6.709710597991943,472000,0.0,0.0
2022-05-04 00:00:00-04:00,6.62962146949294,6.62962146949294,6.193579444550655,6.469442844390869,541500,0.0,0.0
2022-05-05 00:00:00-04:00,6.2825679290851175,6.309264580294092,5.9889068874307805,6.149085521697998,181600,0.0,0.0
2022-05-06 00:00:00-04:00,6.113489488821643,6.113489488821643,5.33929221891752,5.374887466430664,638000,0.0,0.0
2022-05-09 00:00:00-04:00,5.090125866303631,5.277001157440807,4.832060068891128,5.001137733459473,441100,0.0,0.0
2022-05-10 00:00:00-04:00,5.010035941229832,5.268101696523911,4.894351175248675,4.929946422576904,218100,0.0,0.0
2022-05-11 00:00:00-04:00,4.938845520663477,5.054529864051255,4.70747598523027,4.725273609161377,500000,0.0,0.0
2022-05-12 00:00:00-04:00,4.725273951397786,4.840958727493066,4.565095324416607,4.716375350952148,270700,0.0,0.0
2022-05-13 00:00:00-04:00,4.823160664645611,5.0456311718759155,4.707475899046936,4.876553535461426,402300,0.0,0.0
2022-05-16 00:00:00-04:00,4.778666166145923,5.121270934660647,4.751969944172369,5.045630931854248,1972800,0.0,0.0
2022-05-17 00:00:00-04:00,5.045631270092797,5.22360750960995,5.010036022189366,5.116821765899658,303200,0.0,0.0
2022-05-18 00:00:00-04:00,4.983339483148994,5.143518526548495,4.787565615395959,4.938845634460449,326400,0.0,0.0
2022-05-19 00:00:00-04:00,4.9210481444308485,5.196911541412852,4.814261971140357,4.947744369506836,364200,0.0,0.0
2022-05-20 00:00:00-04:00,4.983339351983194,4.992238376083974,4.511702107191273,4.671880722045898,712400,0.0,0.0
2022-05-23 00:00:00-04:00,4.680779940865643,4.8454080746191375,4.538398519631908,4.8142619132995605,404300,0.0,0.0
2022-05-24 00:00:00-04:00,4.7252737635813284,4.751970412514836,4.600690391992253,4.7074761390686035,364700,0.0,0.0
2022-05-25 00:00:00-04:00,4.751970257222449,4.823160752946874,4.636285489505846,4.725273609161377,233900,0.0,0.0
2022-05-26 00:00:00-04:00,4.778666409267516,4.992238317565717,4.769767809599868,4.929946422576904,1472400,0.0,0.0
2022-05-27 00:00:00-04:00,4.894351402021906,5.125720944704421,4.894351402021906,5.099024295806885,190300,0.0,0.0
2022-05-31 00:00:00-04:00,5.1880125034422235,5.1880125034422235,4.876553857610361,4.894351482391357,1207600,0.0,0.0
2022-06-01 00:00:00-04:00,4.894351379728758,4.912149004136436,4.520600842838675,4.6006903648376465,322000,0.0,0.0
2022-06-02 00:00:00-04:00,4.582892780549269,4.8053632997572056,4.538398506976145,4.760869026184082,472200,0.0,0.0
2022-06-03 00:00:00-04:00,4.680779539727168,4.751970032078655,4.5650947774915975,4.609588623046875,189100,0.0,0.0
2022-06-06 00:00:00-04:00,4.769768063931203,4.9762205943090665,4.75197043931809,4.8142619132995605,815000,0.0,0.0
2022-06-07 00:00:00-04:00,4.787565721073762,5.001137217882229,4.73506266445902,4.840958595275879,1014200,0.0,0.0
2022-06-08 00:00:00-04:00,4.894351338727214,6.505037819279801,4.840958465951468,6.140186309814453,4066800,0.0,0.0
2022-06-09 00:00:00-04:00,6.015603252212801,6.015603252212801,5.116822119685794,5.161316394805908,1391500,0.0,0.0
2022-06-10 00:00:00-04:00,5.2770004418949945,5.60625712526547,5.2058099452728905,5.330393314361572,1124900,0.0,0.0
2022-06-13 00:00:00-04:00,5.090125224007257,5.179113769951303,4.938845629425816,5.018934726715088,673100,0.0,0.0
2022-06-14 00:00:00-04:00,5.1079225881304735,5.632953115408185,5.09012496471405,5.552863597869873,1757200,0.0,0.0
2022-06-15 00:00:00-04:00,5.632954157374755,5.962210463647816,5.56176365054046,5.713043689727783,568800,0.0,0.0
2022-06-16 00:00:00-04:00,5.650751289371309,5.677447939261376,5.403364172481714,5.606257438659668,254100,0.0,0.0
2022-06-17 00:00:00-04:00,5.864323010863344,6.941080355711703,5.775334463887706,6.825395584106445,2627300,0.0,0.0
2022-06-21 00:00:00-04:00,6.718610263816172,7.475009566538344,6.674115987501284,7.297033309936523,1839300,0.0,0.0
2022-06-22 00:00:00-04:00,6.958878066051733,7.297032936279391,6.8787885425176025,7.065663814544678,1595600,0.0,0.0
2022-06-23 00:00:00-04:00,7.119056751262056,7.412717774359,7.0033719772151235,7.33262825012207,919800,0.0,0.0
2022-06-24 00:00:00-04:00,7.483908352481203,8.053433204072949,7.332628327037422,7.804266452789307,1960700,0.0,0.0
2022-06-27 00:00:00-04:00,7.688581778731065,8.151320037205837,7.394920748688414,7.786468505859375,3709700,0.0,0.0
2022-06-28 00:00:00-04:00,7.884356222990663,8.56956594490068,7.635189437140577,7.759773254394531,1936200,0.0,0.0
2022-06-29 00:00:00-04:00,7.448313920711605,7.563998708683345,6.8164975240399786,6.932182312011719,1545100,0.0,0.0
2022-06-30 00:00:00-04:00,6.7275089353350515,6.994473747378287,6.549532676858808,6.985574722290039,1986200,0.0,0.0
2022-07-01 00:00:00-04:00,6.976675977007479,7.154652231796909,6.8164969233681285,7.056765079498291,723400,0.0,0.0
2022-07-05 00:00:00-04:00,6.860990676625455,6.985574045488491,6.246972007878679,6.4516448974609375,2573300,0.0,0.0
2022-07-06 00:00:00-04:00,6.540633065379673,7.074562217268636,6.496139216914079,6.923282623291016,2276900,0.0,0.0
2022-07-07 00:00:00-04:00,6.976675703412184,7.061214315039706,6.5762285093464925,6.6741156578063965,2101100,0.0,0.0
2022-07-08 00:00:00-04:00,6.558431491369222,6.820946799424179,6.496140011036782,6.549532890319824,384100,0.0,0.0
2022-07-11 00:00:00-04:00,6.371555887306731,6.451645414443682,6.113490104675293,6.113490104675293,523400,0.0,0.0
2022-07-12 00:00:00-04:00,6.113489970043232,6.246972370888963,6.042299469413203,6.104591369628906,1648400,0.0,0.0
2022-07-13 00:00:00-04:00,6.113489408209835,6.264769420310349,5.8999179259471,5.917715549468994,1349300,0.0,0.0
2022-07-14 00:00:00-04:00,5.9444127225102665,6.01560365230304,5.775335059869087,5.864323616027832,912300,0.0,0.0
2022-07-15 00:00:00-04:00,5.837626610967192,6.335960543379516,5.757537085003634,6.31816291809082,992900,0.0,0.0
2022-07-18 00:00:00-04:00,6.3626572157576415,6.544193164069576,6.273669089002548,6.424948692321777,775700,0.0,0.0
2022-07-19 00:00:00-04:00,6.469442521584228,6.798698780029523,6.402701537204096,6.4516448974609375,712300,0.0,0.0
2022-07-20 00:00:00-04:00,6.558431200288584,6.700812629719649,6.5139373483585805,6.691913604736328,482000,0.0,0.0
2022-07-21 00:00:00-04:00,6.772003111287399,6.772003111287399,6.478342077009603,6.585127830505371,531900,0.0,0.0
2022-07-22 00:00:00-04:00,6.513937423068531,6.513937423068531,6.335960740320658,6.380455017089844,545700,0.0,0.0
2022-07-25 00:00:00-04:00,6.513937590929946,6.513937590929946,6.26477039839354,6.416050434112549,264200,0.0,0.0
2022-07-26 00:00:00-04:00,6.229174857038311,6.229174857038311,5.374887985555319,5.454977512359619,2964200,0.0,0.0
2022-07-27 00:00:00-04:00,5.570662286192588,5.579560886759655,4.814262143193153,5.0367326736450195,2801000,0.0,0.0
2022-07-28 00:00:00-04:00,5.03673227538131,5.3259441966975345,4.885452258743413,5.223607540130615,2216400,0.0,0.0
2022-07-29 00:00:00-04:00,5.1880122920192075,5.472774701239298,5.125720819988659,5.223607540130615,1125900,0.0,0.0
2022-08-01 00:00:00-04:00,5.205810826352556,5.294798962191362,5.063429809010466,5.090126037597656,693200,0.0,0.0
2022-08-02 00:00:00-04:00,5.0278341736979755,5.472775243506136,5.0278341736979755,5.30369758605957,612600,0.0,0.0
2022-08-03 00:00:00-04:00,5.472775029438114,5.757537031406371,5.401584528946049,5.686346530914307,864700,0.0,0.0
2022-08-04 00:00:00-04:00,5.917716533817175,6.157984703493175,5.904368420037644,6.131288051605225,813300,0.0,0.0
2022-08-05 00:00:00-04:00,6.149085525467961,6.149085525467961,5.855424483633583,6.015603542327881,539900,0.0,0.0
2022-08-08 00:00:00-04:00,5.917715871907293,6.1045911412338585,5.858093851076765,5.935513496398926,621700,0.0,0.0
2022-08-09 00:00:00-04:00,6.095692307406487,6.095692307406487,5.535066481898727,5.57956075668335,543600,0.0,0.0
2022-08-10 00:00:00-04:00,5.330393656637089,5.3793374444541895,5.2325069296606035,5.321495056152344,550400,0.0,0.0
2022-08-11 00:00:00-04:00,5.3214947144482245,5.446078083536906,5.2058099452728905,5.330393314361572,294100,0.0,0.0
2022-08-12 00:00:00-04:00,5.268102334421227,5.357090463517085,5.179114205325369,5.30369758605957,185400,0.0,0.0
2022-08-15 00:00:00-04:00,5.22360718991417,5.46832482251964,5.17021432132678,5.437179088592529,335400,0.0,0.0
2022-08-16 00:00:00-04:00,5.454977786654657,5.454977786654657,5.18801296676899,5.339293003082275,502900,0.0,0.0
2022-08-17 00:00:00-04:00,5.401584235312507,5.401584235312507,5.223607569428417,5.330393314361572,382100,0.0,0.0
2022-08-18 00:00:00-04:00,5.241404875134818,5.383786284057268,5.1889018234165905,5.312595367431641,324300,0.0,0.0
2022-08-19 00:00:00-04:00,5.303697396264105,5.312595996690814,5.107923094930229,5.161316394805908,391200,0.0,0.0
2022-08-22 00:00:00-04:00,5.125720852916674,5.334842830832402,5.107922804417805,5.250304222106934,280000,0.0,0.0
2022-08-23 00:00:00-04:00,5.277001098621251,5.365989654802396,5.161316739377753,5.339293003082275,456500,0.0,0.0
2022-08-24 00:00:00-04:00,5.232506951292131,5.570662257687557,5.232506951292131,5.428280830383301,875800,0.0,0.0
2022-08-25 00:00:00-04:00,5.7842335581361715,6.487240372024875,5.392685389435185,6.175781726837158,1816200,0.0,0.0
2022-08-26 00:00:00-04:00,6.238073551293619,6.585127441835346,5.873221611890882,5.988906383514404,1423000,0.0,0.0
2022-08-29 00:00:00-04:00,5.944412826027584,6.487241076135999,5.944412826027584,6.23807430267334,1284500,0.0,0.0
2022-08-30 00:00:00-04:00,6.340246552434777,6.340246552434777,5.847623100576643,5.911481857299805,675500,0.172,0.0
2022-08-31 00:00:00-04:00,5.929727640003546,6.075690027325997,5.856746446342321,6.020954132080078,637000,0.0,0.0
2022-09-01 00:00:00-04:00,5.838500342686414,5.89323623038321,5.710783271393891,5.756396293640137,839200,0.0,0.0
2022-09-02 00:00:00-04:00,5.7107842230040795,5.7107842230040795,5.345877809217497,5.418859004974365,883800,0.0,0.0
2022-09-06 00:00:00-04:00,5.373245308192054,5.409735904495392,4.9444805841267225,5.017461776733398,855400,0.0,0.0
2022-09-07 00:00:00-04:00,4.980971347104602,5.245528396657589,4.944480749580207,5.199914932250977,730400,0.0,0.0
2022-09-08 00:00:00-04:00,4.926235458379613,5.053952549911039,4.889744860799206,4.971848487854004,437100,0.0,0.0
2022-09-09 00:00:00-04:00,5.136056726180388,5.291141986846924,5.085881827139893,5.291141986846924,501500,0.0,0.0
2022-09-12 00:00:00-04:00,5.300264279987238,5.3823683417175365,5.250089817264409,5.318509578704834,284600,0.0,0.0
2022-09-13 00:00:00-04:00,5.099565835917019,5.154301730372026,4.9900936120047845,5.017461776733398,491100,0.0,0.0
2022-09-14 00:00:00-04:00,5.108688170242589,5.126933468046939,4.8350087031773255,5.044829845428467,453500,0.0,0.0
2022-09-15 00:00:00-04:00,5.017461776733398,5.172547028523695,4.9900936120047845,5.017461776733398,332400,0.0,0.0
2022-09-16 00:00:00-04:00,4.944480893819656,4.953603325965755,4.807640931610186,4.8350090980529785,992400,0.0,0.0
2022-09-19 00:00:00-04:00,4.807640716187599,4.9262353737885896,4.7437819540173205,4.880621910095215,461500,0.0,0.0
2022-09-20 00:00:00-04:00,4.81676405717362,4.868762923701247,4.752905288715968,4.771150588989258,631000,0.0,0.0
2022-09-21 00:00:00-04:00,4.70729129183449,4.734659456671719,4.524838309593704,4.552206039428711,472800,0.0,0.0
2022-09-22 00:00:00-04:00,4.561329409989437,4.561329409989437,4.315017639250098,4.3241400718688965,363100,0.0,0.0
2022-09-23 00:00:00-04:00,4.278526637790103,4.287649069553954,4.132564249550652,4.196422576904297,352200,0.0,0.0
2022-09-26 00:00:00-04:00,4.178177516023633,4.342385647135189,4.150809784173211,4.251158714294434,672500,0.0,0.0
2022-09-27 00:00:00-04:00,4.3241395769655355,4.346946308405677,4.105195999145508,4.105195999145508,706100,0.0,0.0
2022-09-28 00:00:00-04:00,4.11431887408781,4.451857108081089,4.059582544519291,4.442734241485596,1189600,0.0,0.0
2022-09-29 00:00:00-04:00,4.424489010232874,4.6981689222069605,4.2055454286553875,4.543083667755127,710400,0.0,0.0
2022-09-30 00:00:00-04:00,4.533960739565853,5.254651106662022,4.460979546695918,5.008338928222656,1455200,0.0,0.0
2022-10-03 00:00:00-04:00,4.9079903014370725,5.227283256994761,4.853254403484518,5.163424491882324,2077000,0.0,0.0
2022-10-04 00:00:00-04:00,5.327632037893157,5.701660850484218,5.282018577088404,5.5374531745910645,449100,0.0,0.0
2022-10-05 00:00:00-04:00,5.4735946743833255,5.646925224605731,5.382368183477381,5.583066463470459,281900,0.0,0.0
2022-10-06 00:00:00-04:00,5.55569863490881,5.619556959906337,5.34587749205505,5.382368087768555,227000,0.0,0.0
2022-10-07 00:00:00-04:00,5.3185098780833195,5.345878045201382,5.209038079615587,5.2546515464782715,447200,0.0,0.0
2022-10-10 00:00:00-04:00,5.117810499055323,5.259211433435301,5.008338288726303,5.17254638671875,366700,0.0,0.0
2022-10-11 00:00:00-04:00,5.044830126505278,5.044830126505278,4.707291445815226,4.743782043457031,336900,0.0,0.0
2022-10-12 00:00:00-04:00,4.679923871443773,4.752905069165724,4.5613292076444765,4.707291603088379,1102200,0.0,0.0
2022-10-13 00:00:00-04:00,4.575013231070306,4.663503132107553,4.497470597068923,4.561329364776611,344100,0.0,0.0
2022-10-14 00:00:00-04:00,4.606942669428728,4.707291598701772,4.378876209259033,4.378876209259033,873200,0.0,0.0
2022-10-17 00:00:00-04:00,4.479225057823541,4.652555616629638,4.369753263315136,4.397121429443359,269800,0.0,0.0
2022-10-18 00:00:00-04:00,4.470102864481532,4.634310565012674,4.360631064127437,4.561329364776611,240700,0.0,0.0
2022-10-19 00:00:00-04:00,4.4883476079772295,4.625187558952577,4.424488848188144,4.470102310180664,357900,0.0,0.0
2022-10-20 00:00:00-04:00,4.506592905773795,4.669888386303388,4.433611714587533,4.470102310180664,232800,0.0,0.0
2022-10-21 00:00:00-04:00,4.460979841955961,4.634310403995444,4.4336121103194515,4.597819805145264,187200,0.0,0.0
2022-10-24 00:00:00-04:00,4.315017128334297,4.570451736450195,4.0595825202184,4.570451736450195,1042000,0.0,0.0
2022-10-25 00:00:00-04:00,4.470102709169632,4.92623562979914,4.4336121103194515,4.597819805145264,571300,0.0,0.0
2022-10-26 00:00:00-04:00,4.6069429143046525,5.18167009387943,4.5768381469221096,5.099566459655762,457500,0.0,0.0
2022-10-27 00:00:00-04:00,5.0904432051988255,5.099566072198466,4.707291491258744,4.853254318237305,482400,0.0,0.0
2022-10-28 00:00:00-04:00,4.762027072665564,4.8350086988194,4.488347605846975,4.816763401031494,520200,0.0,0.0
2022-10-31 00:00:00-04:00,4.625187735460086,4.784833988521939,4.543083674741161,4.652555465698242,399500,0.0,0.0
2022-11-01 00:00:00-04:00,4.962725873550138,5.491839954020173,4.962725873550138,5.136056423187256,934300,0.0,0.0
2022-11-02 00:00:00-04:00,5.209037616055093,5.792887590927527,5.209037616055093,5.3641228675842285,706800,0.0,0.0
2022-11-03 00:00:00-04:00,5.21816013477066,5.930639843047813,5.190792404633244,5.7928876876831055,486800,0.0,0.0
2022-11-04 00:00:00-04:00,6.285510988188338,6.385860343965559,5.947972760122118,6.18516206741333,1469800,0.0,0.0
2022-11-07 00:00:00-05:00,6.185162564837575,6.522700820049356,6.185162564837575,6.285511493682861,719800,0.0,0.0
2022-11-08 00:00:00-05:00,6.176039315016547,6.271827239344812,5.993586332963769,6.1486711502075195,359100,0.0,0.0
2022-11-09 00:00:00-05:00,5.993587122487504,5.993587122487504,5.756397779572174,5.856747150421143,278400,0.0,0.0
2022-11-10 00:00:00-05:00,6.075690331923551,6.394983722702151,6.075690331923551,6.176039695739746,500100,0.0,0.0
2022-11-11 00:00:00-05:00,6.303756603711559,6.641295283789025,6.176039512197031,6.449719429016113,1023900,0.0,0.0
2022-11-14 00:00:00-05:00,7.152164253167729,8.748629457178222,7.024446723645272,8.319864273071289,4045300,0.0,0.0
2022-11-15 00:00:00-05:00,8.520561851651145,10.381583861112095,8.338108884057792,9.980186462402344,4397200,0.0,0.0
2022-11-16 00:00:00-05:00,9.81597997564677,9.81597997564677,8.80792583900984,8.894591331481934,1505800,0.0,0.0
2022-11-17 00:00:00-05:00,8.547930197809517,9.50580943449136,8.49319473857309,9.14090347290039,1099900,0.0,0.0
2022-11-18 00:00:00-05:00,8.830732987534084,8.985818239009703,8.42021269244895,8.903714179992676,623400,0.0,0.0
2022-11-21 00:00:00-05:00,8.474949196280493,8.557053256987908,8.228637884162705,8.401968002319336,854800,0.0,0.0
2022-11-22 00:00:00-05:00,8.256005443514804,8.529685350206762,8.091797325498742,8.44758129119873,645500,0.0,0.0
2022-11-23 00:00:00-05:00,8.575298399865423,8.858101188182166,8.283373614509676,8.794242858886719,701200,0.0,0.0
2022-11-25 00:00:00-05:00,8.648280143737793,8.826172582330468,8.237760670839652,8.648280143737793,304600,0.0,0.0
2022-11-28 00:00:00-05:00,8.630034273270734,9.286865875402507,8.484071888353549,8.903714179992676,458500,0.0,0.0
2022-11-29 00:00:00-05:00,9.350724185070828,9.943696590268665,9.232129530030372,9.597036361694336,1307300,0.0,0.0
2022-11-30 00:00:00-05:00,10.54579258371665,10.801226753286356,10.062291103811319,10.773859024047852,1314000,0.0,0.0
2022-12-01 00:00:00-05:00,10.39070785666301,10.637019172191728,9.916329219341819,10.180886268615723,970300,0.0,0.0
2022-12-02 00:00:00-05:00,10.290357874658993,10.96543522092555,10.126150623949357,10.910698890686035,1080300,0.0,0.0
2022-12-05 00:00:00-05:00,11.841209899509959,11.859455633471295,9.587913955553638,10.162641525268555,2174900,0.0,0.0
2022-12-06 00:00:00-05:00,10.262990757285927,10.855963208593979,10.07141489501641,10.536670684814453,1268600,0.0,0.0
2022-12-07 00:00:00-05:00,10.062292080210213,10.162641880496261,9.33247922633178,10.071414947509766,1286100,0.0,0.0
2022-12-08 00:00:00-05:00,10.573160484365465,11.275604679571169,10.47281069219005,11.184378623962402,928400,0.0,0.0
2022-12-09 00:00:00-05:00,11.147887556250028,11.344024829020249,10.801226471587098,11.065783500671387,635700,0.0,0.0
2022-12-12 00:00:00-05:00,10.746491991607835,10.746491991607835,9.916330166968132,10.171764373779297,403500,0.0,0.0
2022-12-13 00:00:00-05:00,10.64157993967199,10.728245429529109,10.153517902589575,10.335970878601074,1153600,0.0,0.0
2022-12-14 00:00:00-05:00,10.26298950012145,10.536669394125568,10.007555338386323,10.390707015991211,343700,0.0,0.0
2022-12-15 00:00:00-05:00,10.408952401833753,10.408952401833753,9.752120797185636,10.025800704956055,486500,0.0,0.0
2022-12-16 00:00:00-05:00,9.788611844745764,10.180886426298141,9.729314949164456,10.14439582824707,712500,0.0,0.0
2022-12-19 00:00:00-05:00,10.107905379172667,10.107905379172667,9.633527597517064,9.670018196105957,332600,0.0,0.0
2022-12-20 00:00:00-05:00,9.574228902350281,10.15351786001144,9.47844141659758,10.126150131225586,510900,0.0,0.0
2022-12-21 00:00:00-05:00,10.226499554093401,10.491056598739702,9.952819642734083,10.45456600189209,364100,0.0,0.0
2022-12-22 00:00:00-05:00,10.445443577220997,10.737369234360383,10.395269548184993,10.582283973693848,409700,0.0,0.0
2022-12-23 00:00:00-05:00,10.26298999786377,10.308603460744052,9.980187224009569,10.26298999786377,294100,0.0,0.0
2022-12-27 00:00:00-05:00,10.509303109063627,10.956313170993107,10.281236644405174,10.938067436218262,557100,0.0,0.0
2022-12-28 00:00:00-05:00,10.933505377751741,10.933505377751741,10.390707849284935,10.408952713012695,484500,0.0,0.0
2022-12-29 00:00:00-05:00,10.367899526267182,10.399828686734534,9.670016818896888,9.998432159423828,540000,0.0,0.0
2022-12-30 00:00:00-05:00,9.670017626128061,9.943696664411098,9.469318910716648,9.78861141204834,500700,0.0,0.0
2023-01-03 00:00:00-05:00,10.034924529319586,10.35421793052702,9.578791596168696,9.80685806274414,500100,0.0,0.0
2023-01-04 00:00:00-05:00,10.235621634254306,10.919820925073362,10.089659258080276,10.655263900756836,763800,0.0,0.0
2023-01-05 00:00:00-05:00,10.637017846917953,10.810348815883907,10.36333796486943,10.737367630004883,404100,0.0,0.0
2023-01-06 00:00:00-05:00,10.614212514233593,11.499109690689833,10.527547021898695,11.412445068359375,796100,0.0,0.0
2023-01-09 00:00:00-05:00,11.704370202965684,12.165064538671432,11.521917216053623,11.768228530883789,1729600,0.0,0.0
2023-01-10 00:00:00-05:00,11.768228352928332,12.461550562714432,11.74542205616087,12.041908264160156,1146000,0.0,0.0
2023-01-11 00:00:00-05:00,12.124012324530149,12.155941488006379,11.50823274175966,12.041908264160156,1266300,0.0,0.0
2023-01-12 00:00:00-05:00,11.85945557118941,11.85945557118941,11.330341469152085,11.53104019165039,851200,0.0,0.0
2023-01-13 00:00:00-05:00,11.58577550828356,13.287151019754969,11.567530644650788,13.136627197265625,1951300,0.0,0.0
2023-01-17 00:00:00-05:00,13.086453781079436,13.109260079186868,12.342956630715902,12.780844688415527,1100100,0.0,0.0
2023-01-18 00:00:00-05:00,12.835579865202748,13.638373894718544,12.443306152488114,12.616636276245117,1098400,0.0,0.0
2023-01-19 00:00:00-05:00,12.767159005136403,13.46960404684309,12.598390329404658,13.337325096130371,859700,0.0,0.0
2023-01-20 00:00:00-05:00,13.656619728118729,13.902931049986247,12.935929756721928,13.720478057861328,1533100,0.0,0.0
2023-01-23 00:00:00-05:00,13.793458781793406,13.916614873506923,13.487849704210491,13.829949378967285,593200,0.0,0.0
2023-01-24 00:00:00-05:00,13.492410815724725,13.693109530395304,13.337325563934428,13.68398666381836,582000,0.0,0.0
2023-01-25 00:00:00-05:00,13.478727403657668,14.058016419382861,13.373817041126035,13.930299758911133,582100,0.0,0.0
2023-01-26 00:00:00-05:00,14.062576769507661,14.14011939453594,13.24153792685896,13.948543548583984,637300,0.0,0.0
2023-01-27 00:00:00-05:00,13.820825235034077,13.930297886444157,13.60188167222268,13.912052154541016,542400,0.0,0.0
2023-01-30 00:00:00-05:00,13.337325546625918,14.149242400827074,12.50716382929899,13.921175956726074,1173600,0.0,0.0
2023-01-31 00:00:00-05:00,13.957666709688766,14.039770769687642,13.474166086367491,13.884685516357422,1046200,0.0,0.0
2023-02-01 00:00:00-05:00,14.14468001627977,14.47765679347265,13.77521264528499,13.912052154541016,1151500,0.0,0.0
2023-02-02 00:00:00-05:00,13.994157167398953,15.02501673046936,13.957666571095615,14.824318885803223,1821500,0.0,0.0
2023-02-03 00:00:00-05:00,14.714847029287432,14.824319694171418,13.742372541274348,13.966790199279785,1442300,0.0,0.0
2023-02-06 00:00:00-05:00,13.848195606133242,13.921176803082194,13.419430421554779,13.711355209350586,1178200,0.0,0.0
2023-02-07 00:00:00-05:00,13.9029303732048,14.614498312860274,13.866439776556144,14.56888484954834,1643000,0.0,0.0
2023-02-08 00:00:00-05:00,14.582568454683532,14.660111082243812,14.067138662080108,14.523271560668945,1265300,0.0,0.0
2023-02-09 00:00:00-05:00,14.83344189275221,15.088876939297256,14.436605892944181,14.56888484954834,1595700,0.0,0.0
2023-02-10 00:00:00-05:00,14.395552753762008,14.833440749810316,14.176609190740045,14.377307891845703,1406300,0.0,0.0
2023-02-13 00:00:00-05:00,14.486780686792866,15.271328944174227,14.46853495359578,15.262206077575684,2552200,0.0,0.0
2023-02-14 00:00:00-05:00,15.289574695502386,15.490272540881662,14.961158457600945,15.253083229064941,1467400,0.0,0.0
2023-02-15 00:00:00-05:00,15.015895057828821,15.262207254964338,14.486781804362051,15.234840393066406,1247400,0.0,0.0
2023-02-16 00:00:00-05:00,15.143612610495698,15.964651481544788,15.017719484798947,15.636235237121582,2078600,0.0,0.0
2023-02-17 00:00:00-05:00,15.481149694916228,15.495746629512448,14.550639049631691,14.787827491760254,2702200,0.0,0.0
2023-02-21 00:00:00-05:00,14.500464933846999,14.623621022465182,14.103628938301005,14.149242401123047,1497000,0.0,0.0
2023-02-22 00:00:00-05:00,14.194855580285479,14.80607283787074,14.194855580285479,14.669233322143555,1269800,0.0,0.0
2023-02-23 00:00:00-05:00,14.778707541514995,15.271330198227345,14.733093204776518,14.979405403137207,1879600,0.0,0.0
2023-02-24 00:00:00-05:00,14.806072465954085,15.034138899773497,14.6692329536642,15.0067720413208,1914100,0.0,0.0
2023-02-27 00:00:00-05:00,15.125367489296613,16.03763332517701,15.125367489296613,15.490273475646973,2214400,0.0,0.0
2023-02-28 00:00:00-05:00,16.32955551147461,16.822179819534504,16.001141046110064,16.32955551147461,13542200,0.0,0.0
2023-03-01 00:00:00-05:00,17.059372116765893,17.55108300697636,16.391593193395785,16.539379119873047,2842600,0.0,0.0
2023-03-02 00:00:00-05:00,16.475519438407826,17.118666741318837,16.40253824587923,16.88603973388672,1733700,0.0,0.0
2023-03-03 00:00:00-05:00,17.063930305355303,17.716200437504053,16.886038767498146,17.597606658935547,2690500,0.0,0.0
2023-03-06 00:00:00-05:00,17.77549655525074,17.78005711784773,16.74007484487216,17.041122436523438,1722200,0.0,0.0
2023-03-07 00:00:00-05:00,17.059372285631575,17.223578678897404,16.411662619937257,16.97726821899414,1902700,0.0,0.0
2023-03-08 00:00:00-05:00,16.7674442439474,17.460766444438292,16.375171420782987,17.32392692565918,2338400,0.0,0.0
2023-03-09 00:00:00-05:00,16.914319496577782,17.04112437933593,16.667095563430472,17.022878646850586,1977900,0.0,0.0
2023-03-10 00:00:00-05:00,16.858671428557166,16.913408628916045,16.20184068433079,16.822181701660156,1399900,0.0,0.0
2023-03-13 00:00:00-04:00,17.086739869896284,17.679712356217685,16.74920246168663,17.22357940673828,2603000,0.0,0.0
2023-03-14 00:00:00-04:00,17.104983040899874,17.42427640566511,16.489204347431023,17.396907806396484,1342500,0.0,0.0
2023-03-15 00:00:00-04:00,17.182526703039898,17.278315941109934,16.723658477087998,16.949899673461914,1533000,0.0,0.0
2023-03-16 00:00:00-04:00,16.931649794100874,17.168839069342578,16.603235346850422,17.041122436523438,1653300,0.0,0.0
2023-03-17 00:00:00-04:00,17.132352952932603,17.132352952932603,15.672727273597099,15.964652061462402,2295200,0.0,0.0
2023-03-20 00:00:00-04:00,16.137982766101867,17.013757113924328,15.681849858275429,16.247453689575195,2244800,0.0,0.0
2023-03-21 00:00:00-04:00,16.393414780197634,16.420783378898975,15.627111416648312,16.101490020751953,1582500,0.0,0.0
2023-03-22 00:00:00-04:00,15.973774965870543,16.256576887274054,15.535887783050466,15.946406364440918,2061200,0.0,0.0
2023-03-23 00:00:00-04:00,16.060439574962565,16.58499312502607,15.613429525521285,15.95552921295166,1774000,0.0,0.0
2023-03-24 00:00:00-04:00,15.823250622695202,15.873425523103013,14.842565872939835,14.979405403137207,1389000,0.0,0.0
2023-03-27 00:00:00-04:00,14.942912742123418,15.371678773228002,14.869931549170772,15.2439603805542,1734000,0.0,0.0
2023-03-28 00:00:00-04:00,15.563253641689693,15.955528203527436,14.97940410221522,15.298697471618652,4221100,0.0,0.0
2023-03-29 00:00:00-04:00,15.198347397241857,15.198347397241857,14.696601926075923,14.897299766540527,2169600,0.0,0.0
2023-03-30 00:00:00-04:00,15.14361164436706,16.101489976145675,14.970280666423061,15.891669273376465,2352300,0.0,0.0
2023-03-31 00:00:00-04:00,15.946406332132733,16.32043518420154,15.65448154417747,16.183595657348633,2060200,0.0,0.0
2023-04-03 00:00:00-04:00,16.293068602349482,16.584993395312818,15.399046748888,15.690973281860352,1725200,0.0,0.0
2023-04-04 00:00:00-04:00,15.399046456901125,15.827812510943925,15.399046456901125,15.754831314086914,746600,0.0,0.0
2023-04-05 00:00:00-04:00,15.900794163156677,16.192718958944656,14.997651173684229,15.399046897888184,712200,0.0,0.0
2023-04-06 00:00:00-04:00,15.508518292513104,15.754830471231623,15.216593520702515,15.2439603805542,2124300,0.0,0.0
2023-04-10 00:00:00-04:00,15.180102342909224,15.417291659518296,14.815196371206392,15.40816879272461,560400,0.0,0.0
2023-04-11 00:00:00-04:00,15.58606022716591,16.092368020323875,15.58606022716591,15.919038772583008,678100,0.0,0.0
2023-04-12 00:00:00-04:00,15.919039104033484,16.001143166255556,15.298698073915126,15.389925003051758,1132600,0.0,0.0
2023-04-13 00:00:00-04:00,15.508519566313192,15.818690096840179,15.253084499994193,15.399046897888184,740600,0.0,0.0
2023-04-14 00:00:00-04:00,15.326063032634433,15.572375188732495,14.961157101382897,15.15273380279541,729500,0.0,0.0
2023-04-17 00:00:00-04:00,15.28045210141094,15.533150116969408,15.243960634322693,15.426414489746094,493400,0.0,0.0
2023-04-18 00:00:00-04:00,15.453783085246998,15.727462128287902,15.389924757871382,15.654480934143066,481400,0.0,0.0
2023-04-19 00:00:00-04:00,15.426414776979739,15.617991502742283,15.216594057342295,15.590622901916504,332200,0.0,0.0
2023-04-20 00:00:00-04:00,15.517640046189083,16.01026262828573,15.234838161281585,15.31694221496582,550300,0.0,0.0
2023-04-21 00:00:00-04:00,15.20747095431224,15.21659382111254,14.286082287589213,14.952035903930664,833900,0.0,0.0
2023-04-24 00:00:00-04:00,14.933791544717678,15.348872403919813,14.559761845102912,14.824318885803223,605300,0.0,0.0
2023-04-25 00:00:00-04:00,14.924668732807152,15.28774942785149,14.468534972338027,14.796950340270996,809000,0.0,0.0
2023-04-26 00:00:00-04:00,14.965720416854978,15.262205744803147,14.942912380851476,15.116243362426758,645900,0.0,0.0
2023-04-27 00:00:00-04:00,15.134490252942932,15.818689625173594,15.107121651650472,15.763954162597656,890500,0.0,0.0
2023-04-28 00:00:00-04:00,15.937282769289597,16.922529755633615,15.654480860804355,16.822181701660156,829000,0.0,0.0
2023-05-01 00:00:00-04:00,16.75923581312262,16.8313052451534,16.19271846869426,16.21096420288086,422900,0.0,0.0
2023-05-02 00:00:00-04:00,16.01026298779397,16.083244177151098,15.17097844018258,15.225715637207031,564500,0.0,0.0
2023-05-03 00:00:00-04:00,15.216594085284836,15.262206680069275,14.550639587377418,14.906423568725586,854500,0.0,0.0
2023-05-04 00:00:00-04:00,14.979404190819666,15.572376600357021,14.979404190819666,15.253083229064941,1154700,0.0,0.0
2023-05-05 00:00:00-04:00,15.25308321097714,15.472026789315505,15.052385365835862,15.262206077575684,531700,0.0,0.0
2023-05-08 00:00:00-04:00,15.234839163166248,15.234839163166248,14.395553709202789,14.833441734313965,1401700,0.0,0.0
2023-05-09 00:00:00-04:00,14.614499002773703,14.640954099339854,13.939421627898197,14.395554542541504,939200,0.0,0.0
2023-05-10 00:00:00-04:00,14.349939598315261,15.125365821303022,14.231345818333041,15.0067720413208,735900,0.0,0.0
2023-05-11 00:00:00-04:00,14.906425093816399,15.70921832821616,14.906425093816399,15.645359992980957,708600,0.0,0.0
2023-05-12 00:00:00-04:00,15.444662475924606,15.472029340223381,15.034142111351212,15.134491920471191,541700,0.0,0.0
2023-05-15 00:00:00-04:00,15.24396184668853,16.03763391889017,15.143613784232917,15.80956745147705,980700,0.0,0.0
2023-05-16 00:00:00-04:00,16.283944439486266,16.749200193758316,15.18010194640735,15.298697471618652,2051700,0.0,0.0
2023-05-17 00:00:00-04:00,15.435537948454293,16.630605701281247,15.40816934708855,15.964652061462402,1960600,0.0,0.0
2023-05-18 00:00:00-04:00,15.919039555013342,15.996581315970388,14.400116100883452,14.596253395080566,1388200,0.0,0.0
2023-05-19 00:00:00-04:00,14.842564249253453,14.961158031781995,14.121873467705967,14.696601867675781,1474700,0.0,0.0
2023-05-22 00:00:00-04:00,14.806073169907394,15.595182859639646,14.787827436732236,15.499395370483398,1439600,0.0,0.0
2023-05-23 00:00:00-04:00,15.312380639996691,15.654480299943014,14.933791254460695,15.116243362426758,1703000,0.0,0.0
2023-05-24 00:00:00-04:00,15.043263648041345,15.073369284116492,14.23134759886547,14.3225736618042,1152400,0.0,0.0
2023-05-25 00:00:00-04:00,14.222224639573067,14.386432769806904,13.29171306158734,13.446798324584961,1309500,0.0,0.0
2023-05-26 00:00:00-04:00,13.652056379497221,13.875561372248226,13.382937927612376,13.729598999023438,884700,0.0,0.0
2023-05-30 00:00:00-04:00,13.802581458647344,14.295204948717839,13.41942975859202,13.65661907196045,1169000,0.0,0.0
2023-05-31 00:00:00-04:00,13.487849551686459,13.87556268602736,13.19136334425087,13.866439819335938,2512600,0.0,0.0
2023-06-01 00:00:00-04:00,13.866439828485603,14.650988094372051,13.866439828485603,14.541516304016113,1227000,0.0,0.0
2023-06-02 00:00:00-04:00,15.13904998905239,15.262206078123809,14.749512459325949,15.034139633178711,1249400,0.0,0.0
2023-06-05 00:00:00-04:00,14.897300461371527,15.061508583960032,14.573446519604717,14.942913055419922,764500,0.0,0.0
2023-06-06 00:00:00-04:00,15.07975277250121,15.891668695433879,15.07975277250121,15.782196044921875,1859600,0.0,0.0
2023-06-07 00:00:00-04:00,15.782196601317434,16.2383294711822,15.754829742731188,15.900792121887207,2299800,0.0,0.0
2023-06-08 00:00:00-04:00,16.02850879564506,16.44267787370208,15.909915014884335,16.119735717773438,1830800,0.0,0.0
2023-06-09 00:00:00-04:00,16.183595064490618,16.31131171954012,15.627112370331057,15.636235237121582,736300,0.0,0.0
2023-06-12 00:00:00-04:00,15.63623589281984,15.89167095363932,15.535887833933863,15.700094223022461,752700,0.0,0.0
2023-06-13 00:00:00-04:00,15.96465136619715,16.311311601687795,15.700093451210178,15.919038772583008,2040100,0.0,0.0
2023-06-14 00:00:00-04:00,15.969211342730906,16.31131100229249,15.70009287427544,16.046754837036133,2085100,0.0,0.0
2023-06-15 00:00:00-04:00,16.512009655263846,17.004632232554407,15.873422963951867,16.256574630737305,2188900,0.0,0.0
2023-06-16 00:00:00-04:00,16.32955680801196,16.420783732304315,15.855178193698825,16.010263442993164,1000400,0.0,0.0
2023-06-20 00:00:00-04:00,15.681848870540648,15.69097173692364,14.632743596620434,14.669233322143555,2652400,0.0,0.0
2023-06-21 00:00:00-04:00,14.5962535726165,14.72397023457401,14.331696511413007,14.550640106201172,1544000,0.0,0.0
2023-06-22 00:00:00-04:00,14.523272212767523,14.742215805119718,14.340819219140695,14.368186950683594,299300,0.0,0.0
2023-06-23 00:00:00-04:00,14.322573162268702,14.349940893195352,14.039771246016207,14.222224235534668,444000,0.0,0.0
2023-06-26 00:00:00-04:00,14.27695939077171,14.906423278597448,14.27695939077171,14.742215156555176,736400,0.0,0.0
2023-06-27 00:00:00-04:00,15.107120508741874,15.864301020459987,15.097997642334565,15.800442695617676,1112100,0.0,0.0
2023-06-28 00:00:00-04:00,15.690972331986488,15.690972331986488,15.097998174666051,15.462905883789062,659000,0.0,0.0
2023-06-29 00:00:00-04:00,15.31694320472945,15.31694320472945,14.906422909780911,15.298697471618652,504600,0.0,0.0
2023-06-30 00:00:00-04:00,15.298697525583325,15.636234889279306,15.136312936336866,15.499395370483398,317300,0.0,0.0
2023-07-03 00:00:00-04:00,15.736586251505216,16.156227716341007,15.722902820263327,15.80956745147705,534400,0.0,0.0
2023-07-05 00:00:00-04:00,15.782196214673927,15.782196214673927,15.271327900143472,15.545008659362793,649700,0.0,0.0
2023-07-06 00:00:00-04:00,15.417292595772414,15.417292595772414,14.897301337016977,14.979405403137207,637000,0.0,0.0
2023-07-07 00:00:00-04:00,15.070631116115493,15.70009325204845,15.034139649679958,15.481149673461914,750400,0.0,0.0
2023-07-10 00:00:00-04:00,15.472029467581812,16.24745586259829,15.472029467581812,16.20184326171875,922100,0.0,0.0
2023-07-11 00:00:00-04:00,16.238331077266658,16.34324317891985,15.745708433893467,15.982897758483887,561700,0.0,0.0
2023-07-12 00:00:00-04:00,16.21096170321467,16.4207823939801,15.928158086956516,16.347801208496094,719500,0.0,0.0
2023-07-13 00:00:00-04:00,16.58590420573937,17.770937279246812,16.58499244106641,17.697956085205078,1099700,0.0,0.0
2023-07-14 00:00:00-04:00,17.634096373783642,17.634096373783642,17.004632537076013,17.13235092163086,719100,0.0,0.0
2023-07-17 00:00:00-04:00,17.09586179001849,17.14147612644338,16.680780898601622,17.004634857177734,426600,0.0,0.0
2023-07-18 00:00:00-04:00,16.908845429870695,17.11319380569972,16.210962692347128,16.5576229095459,766500,0.0,0.0
2023-07-19 00:00:00-04:00,16.762884039169627,17.278314702270404,16.028509793337914,16.3204345703125,799000,0.0,0.0
2023-07-20 00:00:00-04:00,16.229210644408187,16.612360638972262,16.201842041935443,16.466398239135742,433000,0.0,0.0
2023-07-21 00:00:00-04:00,16.74007711184691,17.177964260819483,16.685341653227553,16.922529220581055,613500,0.0,0.0
2023-07-24 00:00:00-04:00,17.022879842809818,18.78355313114053,17.022879842809818,18.55548667907715,2145700,0.0,0.0
2023-07-25 00:00:00-04:00,19.066355044496614,19.46775248733066,18.181457836893927,18.55548667907715,1563900,0.0,0.0
2023-07-26 00:00:00-04:00,18.820044433359556,19.376527179758575,18.79267757042786,19.07547950744629,1305500,0.0,0.0
2023-07-27 00:00:00-04:00,19.102846264582336,19.11196913134777,18.41864691725498,18.591976165771484,1263000,0.0,0.0
2023-07-28 00:00:00-04:00,18.997933622817246,19.66844771938122,18.792673495294107,19.15757942199707,1538000,0.0,0.0
2023-07-31 00:00:00-04:00,19.157581311288098,19.349156289196717,18.728817022629134,19.166704177856445,1590300,0.0,0.0
2023-08-01 00:00:00-04:00,19.04354626239242,19.54073113261571,18.747059217393605,19.130210876464844,628200,0.0,0.0
2023-08-02 00:00:00-04:00,18.874779048870064,18.88390191526497,17.88953209833504,18.345664978027344,1448700,0.0,0.0
2023-08-03 00:00:00-04:00,18.70144869268782,19.194073054431186,18.29092839123501,19.111968994140625,869100,0.0,0.0
2023-08-04 00:00:00-04:00,18.984248505390916,19.56809972969534,18.528115660782714,19.130210876464844,938900,0.0,0.0
2023-08-07 00:00:00-04:00,19.31266654385905,19.321789410418386,18.263561249659716,18.719694137573242,1151000,0.0,0.0
2023-08-08 00:00:00-04:00,18.245316457077884,18.509874380909817,17.81655214673978,18.491628646850586,741100,0.0,0.0
2023-08-09 00:00:00-04:00,18.65583769360471,18.842852126914288,18.15773922126997,18.728818893432617,840400,0.0,0.0
2023-08-10 00:00:00-04:00,19.13021002702618,19.367399304491574,18.400398204062373,18.427766799926758,880800,0.0,0.0
2023-08-11 00:00:00-04:00,17.92602374703762,17.92602374703762,16.97909168976755,17.442523956298828,1425000,0.0,0.0
2023-08-14 00:00:00-04:00,17.269191431049077,18.30917385966717,17.187087371946713,18.254438400268555,1384300,0.0,0.0
2023-08-15 00:00:00-04:00,18.418647428621654,19.29442178231098,18.33654336546216,18.94776153564453,1237400,0.0,0.0
2023-08-16 00:00:00-04:00,18.70144881784657,18.70144881784657,18.01724947085218,18.14496612548828,868200,0.0,0.0
2023-08-17 00:00:00-04:00,18.79267569931933,19.107406771761003,18.569169814245853,18.61934471130371,912300,0.0,0.0
2023-08-18 00:00:00-04:00,18.06286110508452,18.50987285258184,17.451642984639268,18.38215446472168,757700,0.0,0.0
2023-08-21 00:00:00-04:00,18.382155651939755,18.824605124870242,18.181457800924257,18.573732376098633,1224000,0.0,0.0
2023-08-22 00:00:00-04:00,20.161074631591838,20.489489138073203,19.349156882214036,20.389141082763672,2959700,0.0,0.0
2023-08-23 00:00:00-04:00,20.681065906841738,21.447369323646456,20.535103516975024,21.264915466308594,1951900,0.0,0.0
2023-08-24 00:00:00-04:00,21.483859622895004,21.95641474317501,20.70843505859375,20.70843505859375,1756400,0.0,0.0
2023-08-25 00:00:00-04:00,20.636365942578777,20.772293706593718,20.09812895487103,20.635454177856445,1241600,0.0,0.0
2023-08-28 00:00:00-04:00,21.0186046095105,21.511227230666172,20.671942635355673,20.936500549316406,1062000,0.0,0.0
2023-08-29 00:00:00-04:00,21.511228448401162,23.381372725336625,21.21930365785602,22.888750076293945,2763100,0.0,0.0
2023-08-30 00:00:00-04:00,22.806645122826414,22.861380583918695,22.359635087220088,22.63331413269043,2262300,0.0,0.0
2023-08-31 00:00:00-04:00,23.58207104597872,23.928731280964016,23.308390264666098,23.627683639526367,2665300,0.0,0.0
2023-09-01 00:00:00-04:00,23.682420357714594,23.965224020760093,23.080325042858053,23.78277015686035,1783300,0.0,0.0
2023-09-05 00:00:00-04:00,25.680280903843936,25.880980485492447,24.019957492072734,24.275392532348633,4261600,0.0,0.0
2023-09-06 00:00:00-04:00,24.7683478835237,25.945146001324684,24.647889054733014,25.176057815551758,3503200,0.412,0.0
2023-09-07 00:00:00-04:00,24.777616839185566,25.018536289614765,24.008528572088625,24.888811111450195,2261100,0.0,0.0
2023-09-08 00:00:00-04:00,24.74981599974496,24.972204527835036,24.295776142359053,24.731285095214844,925800,0.0,0.0
2023-09-11 00:00:00-04:00,25.20385898924642,26.15826866808236,25.12046372854016,26.06560707092285,2284000,0.0,0.0
2023-09-12 00:00:00-04:00,26.084140240740698,26.797632254876323,25.833954453855792,25.861753463745117,1791500,0.0,0.0
2023-09-13 00:00:00-04:00,25.852487659194793,26.08877482968465,25.4447776759585,26.08414077758789,1514200,0.0,0.0
2023-09-14 00:00:00-04:00,26.60304239660933,27.51112393417188,26.417720968388405,27.464792251586914,2576000,0.0,0.0
2023-09-15 00:00:00-04:00,27.72424527998053,27.72424527998053,25.3428515056792,26.08414077758789,2535400,0.0,0.0
2023-09-18 00:00:00-04:00,24.8054155880005,25.24092280109253,23.94366573098239,24.620092391967773,2812600,0.0,0.0
2023-09-19 00:00:00-04:00,23.693479718353583,23.915866491027213,23.10971466100692,23.767608642578125,4896700,0.0,0.0
2023-09-20 00:00:00-04:00,23.952933405237694,24.082658589281667,23.54522341161982,23.619352340698242,2027300,0.0,0.0
2023-09-21 00:00:00-04:00,22.970721493074407,23.54522017255643,22.739068400650694,23.295034408569336,2089600,0.0,0.0
2023-09-22 00:00:00-04:00,24.536696795340937,24.592294813815123,23.424762936451547,23.88806915283203,2500700,0.0,0.0
2023-09-25 00:00:00-04:00,23.35989796659938,24.82394726849763,23.30430171696176,24.406970977783203,1492000,0.0,0.0
2023-09-26 00:00:00-04:00,24.16605258238733,24.84247924551651,24.091923657213897,24.462568283081055,2669000,0.0,0.0
2023-09-27 00:00:00-04:00,24.55522962520225,24.63862488607391,22.907712822328854,23.573020935058594,1817200,0.0,0.0
2023-09-28 00:00:00-04:00,23.545223586056707,24.193853045828163,23.156046263668454,24.082658767700195,2706600,0.0,0.0
2023-09-29 00:00:00-04:00,24.508899758790704,24.722020195941553,23.838957592810925,23.9992618560791,1256800,0.0,0.0
2023-10-02 00:00:00-04:00,23.915866213234505,24.332842511762315,23.563754269101086,23.813940048217773,1059800,0.0,0.0
2023-10-03 00:00:00-04:00,23.239440658616996,23.58228804989133,22.92902632975033,23.32283592224121,1025900,0.0,0.0
2023-10-04 00:00:00-04:00,23.45256045682524,23.45256045682524,22.433286415209253,22.86879539489746,1255100,0.0,0.0
2023-10-05 00:00:00-04:00,22.748334656731988,22.822463581112203,21.87824634054275,22.24796485900879,1471500,0.0,0.0
2023-10-06 00:00:00-04:00,22.488884004910954,23.054116383000622,22.451818659529106,22.878061294555664,1467800,0.0,0.0
2023-10-09 00:00:00-04:00,23.165311759834523,24.2494484208897,23.165311759834523,24.1011905670166,1972300,0.0,0.0
2023-10-10 00:00:00-04:00,24.759085471473824,25.593038139000864,23.53595724893162,24.082658767700195,2895500,0.0,0.0
2023-10-11 00:00:00-04:00,24.101191004315226,24.47183564572305,23.702747352036916,24.0919246673584,1831300,0.0,0.0
2023-10-12 00:00:00-04:00,23.90660001747681,24.221648385467606,22.868795084284844,23.146778106689453,1517500,0.0,0.0
2023-10-13 00:00:00-04:00,23.851006601881448,24.26798295243152,23.257975140986378,23.90660285949707,1648600,0.0,0.0
2023-10-16 00:00:00-04:00,23.721278861241135,23.906600289159275,23.27187126145261,23.415496826171875,677600,0.0,0.0
2023-10-17 00:00:00-04:00,23.925131323901518,24.666422286933475,23.396962551072797,23.721277236938477,2271200,0.0,0.0
2023-10-18 00:00:00-04:00,23.41549565356189,24.193850207009085,23.35989763733503,23.712011337280273,1605900,0.0,0.0
2023-10-19 00:00:00-04:00,23.350634854543152,23.66568323443228,22.998521127668003,23.128246307373047,1323900,0.0,0.0
2023-10-20 00:00:00-04:00,23.044851687191485,23.72127833033077,22.942923755325342,23.230173110961914,1729300,0.0,0.0
2023-10-23 00:00:00-04:00,23.109714287655166,23.841737181624637,22.266497125458812,23.582286834716797,737000,0.0,0.0
2023-10-24 00:00:00-04:00,24.073391621935787,26.204601370044067,24.073391621935787,26.047077178955078,2554300,0.0,0.0
2023-10-25 00:00:00-04:00,25.454043081083892,25.648632612445503,24.709047655190705,24.93514060974121,1512600,0.0,0.0
2023-10-26 00:00:00-04:00,24.573763423309316,25.2316574365611,23.878804062473915,24.054859161376953,1334700,0.0,0.0
2023-10-27 00:00:00-04:00,24.8332134995934,25.199225849568307,23.869537449418257,24.1011905670166,984300,0.0,0.0
2023-10-30 00:00:00-04:00,24.851744753235376,25.407712557180098,24.497778838047356,24.90734100341797,922700,0.0,0.0
2023-10-31 00:00:00-04:00,24.221648681384575,24.52835858752664,22.93829023643764,23.452560424804688,1442800,0.0,0.0
2023-11-01 00:00:00-04:00,23.39696409678133,23.69347979463413,23.211640901936843,23.610084533691406,955600,0.0,0.0
2023-11-02 00:00:00-04:00,24.091924574768658,24.39770662367657,23.51742405726465,23.860271453857422,928000,0.0,0.0
2023-11-03 00:00:00-04:00,24.240182036183747,24.990737640854263,23.480360094742853,24.684955596923828,1422800,0.0,0.0
2023-11-06 00:00:00-05:00,25.01853517744733,25.295592091281442,24.72201948775355,25.027801513671875,798600,0.0,0.0
2023-11-07 00:00:00-05:00,24.851745585741615,25.555971258679325,24.230915174557907,24.814682006835938,1094500,0.0,0.0
2023-11-08 00:00:00-05:00,24.61082717931435,25.240923953752233,24.47183565962907,24.87027931213379,950100,0.0,0.0
2023-11-09 00:00:00-05:00,25.018537058413607,25.03706973225604,23.684214587100428,23.860271453857422,881900,0.0,0.0
2023-11-10 00:00:00-05:00,23.702745959330656,24.091923251785182,23.267238752187264,23.88806915283203,920900,0.0,0.0
2023-11-13 00:00:00-05:00,23.62861696133426,24.240181023649544,23.174577082789455,24.04559326171875,902700,0.0,0.0
2023-11-14 00:00:00-05:00,24.138253572682423,25.166793955915143,24.05485831094069,24.462568283081055,1169700,0.0,0.0
2023-11-15 00:00:00-05:00,25.129730939966834,25.945149135141435,24.583029441800797,25.074132919311523,1553300,0.0,0.0
2023-11-16 00:00:00-05:00,24.555229962733232,25.620833928396113,24.212382578062275,24.65715789794922,1036500,0.0,0.0
2023-11-17 00:00:00-05:00,24.564496318839026,25.018536208312533,24.4625683835421,24.69422149658203,773700,0.0,0.0
2023-11-20 00:00:00-05:00,24.305044162690905,26.09340647568944,24.277246920282902,25.63010025024414,1380700,0.0,0.0
2023-11-21 00:00:00-05:00,24.61082926743742,25.324321367697824,22.748337796985663,23.156047821044922,2999900,0.0,0.0
2023-11-22 00:00:00-05:00,23.146777932173364,23.276504873373995,21.74759295955708,22.136770248413086,2132400,0.0,0.0
2023-11-24 00:00:00-05:00,22.655674151880085,23.758341648265976,22.627875143300766,23.313568115234375,2386000,0.0,0.0
2023-11-27 00:00:00-05:00,23.50815839709498,23.795407758834006,22.924391569752633,23.02631950378418,1507500,0.0,0.0
2023-11-28 00:00:00-05:00,23.00778588838606,23.563753683481604,22.65567395300352,23.202375411987305,980500,0.0,0.0
2023-11-29 00:00:00-05:00,23.563755230631756,24.592295630721825,23.535956220471235,24.027061462402344,2337000,0.0,0.0
2023-11-30 00:00:00-05:00,24.369905623633585,24.536696139854502,23.35989795751618,23.471092224121094,5275900,0.0,0.0
2023-12-01 00:00:00-05:00,22.359156436276646,22.590809536296543,21.571537310107303,22.461084365844727,2350600,0.0,0.0
2023-12-04 00:00:00-05:00,21.682731333566974,21.682731333566974,19.116014380632272,19.236474990844727,5462800,0.0,0.0
2023-12-05 00:00:00-05:00,18.680507991009996,20.24648362197346,18.65270897955866,19.180879592895508,2750000,0.0,0.0
2023-12-06 00:00:00-05:00,19.66271808758222,20.23721865828858,19.50519388007993,19.579322814941406,2837000,0.0,0.0
2023-12-07 00:00:00-05:00,19.412532387101756,19.810974273509125,19.20404422321978,19.4588623046875,1841400,0.0,0.0
2023-12-08 00:00:00-05:00,18.89362711411924,18.99555504823007,17.605636386164456,18.115272521972656,3599600,0.0,0.0
2023-12-11 00:00:00-05:00,18.28206239784888,18.532248172345035,17.874354210565784,18.01334571838379,2544600,0.0,0.0
2023-12-12 00:00:00-05:00,18.068942061542664,18.07820839776154,17.54077326867724,17.892885208129883,1537100,0.0,0.0
2023-12-13 00:00:00-05:00,17.781694059021376,17.939218251962608,17.188660867574537,17.63343620300293,1537700,0.0,0.0
2023-12-14 00:00:00-05:00,17.50370739974758,17.678838144507004,16.929208710360964,17.123796463012695,2706400,0.0,0.0
2023-12-15 00:00:00-05:00,17.244259503789998,18.661975523423102,17.244259503789998,17.735363006591797,3350800,0.0,0.0
2023-12-18 00:00:00-05:00,17.74462862749462,18.05967701188862,17.577838098418617,17.79096031188965,1321900,0.0,0.0
2023-12-19 00:00:00-05:00,17.976280839482115,18.476652401439516,17.94848359762201,18.39325714111328,1820800,0.0,0.0
2023-12-20 00:00:00-05:00,18.096741030850264,18.393256719717844,17.494441549543463,17.503707885742188,1138200,0.0,0.0
2023-12-21 00:00:00-05:00,17.707565910008555,18.198669416909535,17.651967886025965,18.161605834960938,783600,0.0,0.0
2023-12-22 00:00:00-05:00,17.642701483163705,18.337660804388417,17.3739830306178,18.198667526245117,1030900,0.0,0.0
2023-12-26 00:00:00-05:00,18.30986101211715,18.64344203759609,18.207933083804615,18.411788940429688,665400,0.0,0.0
2023-12-27 00:00:00-05:00,18.661973568919066,18.671239905201674,18.217200031591567,18.476652145385742,854400,0.0,0.0
2023-12-28 00:00:00-05:00,18.699040509460165,19.857306133015694,18.65734287631724,18.754636764526367,1933700,0.0,0.0
2023-12-29 00:00:00-05:00,18.773167892809546,19.495926218647483,18.587844701351734,18.90289306640625,1733100,0.0,0.0
2024-01-02 00:00:00-05:00,18.421054820606734,18.638809313006586,17.869721046349984,18.383991241455078,1500600,0.0,0.0
2024-01-03 00:00:00-05:00,18.30059615655847,18.77780100976506,18.30059615655847,18.458120346069336,1042900,0.0,0.0
2024-01-04 00:00:00-05:00,19.65344968397591,20.98777213860149,19.65344968397591,20.283546447753906,3909700,0.0,0.0
2024-01-05 00:00:00-05:00,20.06115798439146,20.431802588660368,19.77390863700467,19.810972213745117,1660000,0.0,0.0
2024-01-08 00:00:00-05:00,19.523725509643555,19.809122688887868,19.27817375745297,19.523725509643555,1467500,0.0,0.0
2024-01-09 00:00:00-05:00,19.579321079765037,20.57450410711654,19.537623447139993,20.39474105834961,1648500,0.0,0.0
2024-01-10 00:00:00-05:00,20.19088533179666,20.492033305660367,19.65344843546719,20.348407745361328,1623700,0.0,0.0
2024-01-11 00:00:00-05:00,20.691256228943672,20.899744386601824,19.977764208234888,20.172353744506836,1118100,0.0,0.0
2024-01-12 00:00:00-05:00,20.209417030201,20.862678736451112,20.190886124413122,20.839513778686523,1091200,0.0,0.0
2024-01-16 00:00:00-05:00,20.774651348876674,21.25927032823894,20.415125263247447,20.87657928466797,1539100,0.0,0.0
2024-01-17 00:00:00-05:00,19.940701224020728,20.153821672712052,19.228135285499906,19.4588623046875,2018600,0.0,0.0
2024-01-18 00:00:00-05:00,20.357674301249787,21.497408924978025,19.19940877226116,19.255006790161133,2805100,0.0,0.0
2024-01-19 00:00:00-05:00,19.977762331109403,20.274278008641048,18.72683527007154,19.62565040588379,2458100,0.0,0.0
2024-01-22 00:00:00-05:00,19.09748196750279,19.26797866179498,18.430319914045512,18.838029861450195,2183500,0.0,0.0
2024-01-23 00:00:00-05:00,19.62565177303011,20.13992196029935,19.06968395524247,19.40326499938965,1582400,0.0,0.0
2024-01-24 00:00:00-05:00,19.66271730892581,19.829507847602425,18.356193779123203,18.62491226196289,1772200,0.0,0.0
2024-01-25 00:00:00-05:00,18.763900918836256,19.162344529768983,18.680505662251598,18.800966262817383,733100,0.0,0.0
2024-01-26 00:00:00-05:00,18.3098621566441,18.736103033735095,18.050410035345465,18.346925735473633,1181300,0.0,0.0
2024-01-29 00:00:00-05:00,18.15233781424736,18.161604150718464,16.00259723939409,16.363975524902344,3671200,0.0,0.0
2024-01-30 00:00:00-05:00,15.761676128743717,15.965530207461002,15.428095120503814,15.891401290893555,2601200,0.0,0.0
2024-01-31 00:00:00-05:00,15.66901546985471,16.2713131735835,15.27983819296685,15.71534538269043,2258200,0.0,0.0
2024-02-01 00:00:00-05:00,15.974798276183185,16.28984664762007,15.548557401517382,15.641217231750488,1124800,0.0,0.0
2024-02-02 00:00:00-05:00,15.298371911511353,15.37250083754291,15.029653450038833,15.150114059448242,1043700,0.0,0.0
2024-02-05 00:00:00-05:00,15.214975409958921,15.214975409958921,14.557080582231595,14.881394386291504,1799800,0.0,0.0
2024-02-06 00:00:00-05:00,15.60415521157789,15.789478425298979,15.113049932378207,15.492960929870605,1322400,0.0,0.0
2024-02-07 00:00:00-05:00,15.011121588238657,15.19644300783084,14.705338683220859,14.974056243896484,1013000,0.0,0.0
2024-02-08 00:00:00-05:00,14.974056765683581,15.289105134078676,14.955524092866705,15.159379959106445,719400,0.0,0.0
2024-02-09 00:00:00-05:00,15.075986270993585,15.321538025619084,14.97405832724422,15.261307716369629,267700,0.0,0.0
2024-02-12 00:00:00-05:00,15.381766859572107,15.826540406663243,15.381766859572107,15.604153633117676,560300,0.0,0.0
2024-02-13 00:00:00-05:00,15.289104890605945,15.391032822102654,15.020386441159319,15.103781700134277,428500,0.0,0.0
2024-02-14 00:00:00-05:00,15.335437127968007,15.669018214407805,15.335437127968007,15.622688293457031,407800,0.0,0.0
2024-02-15 00:00:00-05:00,15.696815589531765,15.900669694766668,15.576354979831997,15.752411842346191,704500,0.0,0.0
2024-02-16 00:00:00-05:00,16.187918362383414,16.947742032373522,16.187918362383414,16.641958236694336,2280300,0.0,0.0
2024-02-20 00:00:00-05:00,17.096000673805463,17.55930690596959,16.614161768185244,16.743886947631836,1943200,0.0,0.0
2024-02-21 00:00:00-05:00,17.299856013034926,17.550041820409184,16.947744029131748,17.225727081298828,1790500,0.0,0.0
2024-02-22 00:00:00-05:00,17.77242593863315,18.16160321347084,17.74926098233732,17.902151107788086,2446500,0.0,0.0
2024-02-23 00:00:00-05:00,18.096744068913047,18.254268275990565,17.281324020262407,17.52224349975586,1430000,0.0,0.0
2024-02-26 00:00:00-05:00,17.095999913292864,17.448111856429833,16.901410385406244,17.03113555908203,1080400,0.0,0.0
2024-02-27 00:00:00-05:00,17.52224227458774,17.596371204066173,17.160863964302006,17.39251708984375,1222000,0.0,0.0
2024-02-28 00:00:00-05:00,16.947743689242177,17.28132299167806,16.688291549682617,16.688291549682617,738600,0.0,0.0
2024-02-29 00:00:00-05:00,17.281323701313408,17.568573096903837,16.97554163055632,16.98480796813965,1007000,0.0,0.0
2024-03-01 00:00:00-05:00,17.420314247257785,18.059677365441548,17.188661122866733,17.55004119873047,940000,0.0,0.0
2024-03-04 00:00:00-05:00,17.55004110353729,17.59637102121497,16.743887457384936,16.929210662841797,1260800,0.0,0.0
2024-03-05 00:00:00-05:00,16.493698943628942,16.521497950080747,15.919200282607228,16.401039123535156,1548200,0.0,0.0
2024-03-06 00:00:00-05:00,16.845815768482318,16.91994469882459,16.234251651315304,16.336177825927734,1533000,0.0,0.0
2024-03-07 00:00:00-05:00,15.99333183682146,16.0813593873777,15.479987724058942,15.798742294311523,1352000,0.0,0.0
2024-03-08 00:00:00-05:00,15.706080129351168,15.872868868712722,15.44662803361185,15.808006286621094,1327600,0.0,0.0
2024-03-11 00:00:00-04:00,15.974797909645174,16.808748734219133,15.928467995591651,16.604894638061523,2322000,0.0,0.0
2024-03-12 00:00:00-04:00,17.865087769742587,18.300594962987283,16.123055462018012,16.882877349853516,6594100,0.0,0.0
2024-03-13 00:00:00-04:00,17.64270265505431,18.462753153281927,17.38325052164243,18.291330337524414,4075300,0.0,0.0
2024-03-14 00:00:00-04:00,17.929950140829416,18.35619099286166,17.65196536277228,18.25426483154297,2345900,0.0,0.0
2024-03-15 00:00:00-04:00,18.23573215953125,18.36545732886752,17.883618460800122,18.25426483154297,3545000,0.0,0.0
2024-03-18 00:00:00-04:00,18.717571642321378,19.02335367106571,18.592478753193294,18.90289306640625,1933600,0.0,0.0
2024-03-19 00:00:00-04:00,18.77316901206904,19.16697860817971,18.560048566347337,19.153079986572266,1384500,0.0,0.0
2024-03-20 00:00:00-04:00,19.801710218101874,20.061160591116362,19.194778384678635,19.64418601989746,1956200,0.0,0.0
2024-03-21 00:00:00-04:00,20.366941066484078,20.376207402995885,19.41253138161674,19.829505920410156,2465900,0.0,0.0
2024-03-22 00:00:00-04:00,19.393999798754493,19.857306046149972,18.93069355135901,19.30133819580078,1441700,0.0,0.0
2024-03-25 00:00:00-04:00,18.99555666271065,19.542258190978515,18.902895057222803,19.13454818725586,1716700,0.0,0.0
2024-03-26 00:00:00-04:00,19.051150966467837,19.486659937412696,18.624910099232295,18.70830535888672,1621900,0.0,0.0
2024-03-27 00:00:00-04:00,18.858723269998922,19.187764173002833,18.708304878876337,19.056148529052734,749700,0.29,0.0
2024-03-28 00:00:00-04:00,19.1783631622989,19.5826132685131,19.14075946037107,19.272375106811523,784800,0.0,0.0
2024-04-01 00:00:00-04:00,20.541529332928228,20.67314496308146,19.836442526029973,19.89284896850586,1287600,0.0,0.0
2024-04-02 00:00:00-04:00,19.845843664064493,20.251972914096235,19.70106467947867,20.203086853027344,1451200,0.0,0.0
2024-04-03 00:00:00-04:00,19.8928505020627,20.184285902638344,19.714227995135676,19.939855575561523,745700,0.0,0.0
2024-04-04 00:00:00-04:00,20.07147415477042,20.184287054858963,19.51680564880371,19.51680564880371,571000,0.0,0.0
2024-04-05 00:00:00-04:00,19.498001115617193,19.878748653090003,19.3851882258591,19.78003692626953,528500,0.0,0.0
2024-04-08 00:00:00-04:00,19.864646175601486,20.1231794565435,19.789436982907972,19.977460861206055,741600,0.0,0.0
2024-04-09 00:00:00-04:00,20.118477665027914,20.306501541378914,19.906951252415187,20.015066146850586,930300,0.0,0.0
2024-04-10 00:00:00-04:00,19.91165267054021,20.55093169308171,19.737731751890365,20.024465560913086,1441300,0.0,0.0
2024-04-11 00:00:00-04:00,20.20309056211566,20.419316789688295,20.052672160923496,20.221893310546875,824000,0.0,0.0
2024-04-12 00:00:00-04:00,20.54153124870884,20.917577222167015,19.686025986668255,19.902252197265625,1872000,0.0,0.0
2024-04-15 00:00:00-04:00,20.109077965280097,20.42871750579854,19.225370335026728,19.498003005981445,1837100,0.0,0.0
2024-04-16 00:00:00-04:00,18.53908436867047,18.670701810208325,17.678879277365656,17.881004333496094,3277500,0.0,0.0
2024-04-17 00:00:00-04:00,18.886927329579414,19.42279307035895,18.42627078411756,19.328781127929688,2668200,0.0,0.0
2024-04-18 00:00:00-04:00,19.498002048979025,19.845845694162815,19.393649134736748,19.62961769104004,975700,0.0,0.0
2024-04-19 00:00:00-04:00,19.309980812098885,19.460399207705233,19.103154173293614,19.234769821166992,1029500,0.0,0.0
2024-04-22 00:00:00-04:00,19.39458847458357,19.982160858961908,19.39458847458357,19.939855575561523,546200,0.0,0.0
2024-04-23 00:00:00-04:00,20.41931523597161,20.91757727271311,20.35350741459849,20.72015380859375,1896300,0.0,0.0
2024-04-24 00:00:00-04:00,21.246618375231492,21.650868473952453,20.823565529330796,21.227815628051758,1920300,0.0,0.0
2024-04-25 00:00:00-04:00,20.898775153079352,21.02099121912283,20.541531914988795,20.889373779296875,737400,0.0,0.0
2024-04-26 00:00:00-04:00,22.38415835351474,22.89182178380993,21.78248477076078,22.214937210083008,2727400,0.0,0.0
2024-04-29 00:00:00-04:00,22.026912614967173,22.120924549897044,21.42523910042162,21.7542781829834,859100,0.0,0.0
2024-04-30 00:00:00-04:00,21.669668177371676,21.838889305965616,21.124401092529297,21.124401092529297,633900,0.0,0.0
2024-05-01 00:00:00-04:00,21.152607087741643,21.425241550907653,20.86117166994213,20.870573043823242,400800,0.0,0.0
2024-05-02 00:00:00-04:00,21.64146788128987,22.920024252460898,21.622665133431642,22.750804901123047,1555200,0.0,0.0
2024-05-03 00:00:00-04:00,22.562780275823886,22.680294756427138,22.310829559346196,22.58158302307129,1358400,0.0,0.0
2024-05-06 00:00:00-04:00,22.70379724144875,22.774306646899205,22.365356757421097,22.590984344482422,975400,0.0,0.0
2024-05-07 00:00:00-04:00,22.91062344210249,23.03283771036456,22.42176278279694,22.647390365600586,2091600,0.0,0.0
2024-05-08 00:00:00-04:00,22.186732960020503,23.30547125004819,21.95170401297183,23.051639556884766,1212700,0.0,0.0
2024-05-09 00:00:00-04:00,23.5028968000554,23.653315196125455,23.04224023794976,23.30547332763672,1619600,0.0,0.0
2024-05-10 00:00:00-04:00,23.352477127994742,23.531099635991186,22.816611397134036,23.21146011352539,964300,0.0,0.0
2024-05-13 00:00:00-04:00,23.8413372557414,23.9729528939068,23.399481682251412,23.83193588256836,2161300,0.0,0.0
2024-05-14 00:00:00-04:00,21.359432289843753,23.032839212877093,20.50862856039906,22.703798294067383,2735500,0.0,0.0
2024-05-15 00:00:00-04:00,23.02343729038895,23.37692033877361,22.7790069506138,23.06104278564453,1192100,0.0,0.0
2024-05-16 00:00:00-04:00,23.324271567484754,23.615708744936473,22.854213686195745,23.14565086364746,1669700,0.0,0.0
2024-05-17 00:00:00-04:00,22.543976202596205,22.713197331612307,21.904697178814732,22.496971130371094,2405200,0.0,0.0
2024-05-20 00:00:00-04:00,22.224338558418022,22.261944053861296,21.49104932856139,21.6790714263916,1254600,0.0,0.0
2024-05-21 00:00:00-04:00,21.378231907491255,22.01751090342494,21.293621346668942,21.528650283813477,2842400,0.0,0.0
2024-05-22 00:00:00-04:00,21.331228026195177,21.425239964918376,20.44751867120282,20.80476188659668,1597500,0.0,0.0
2024-05-23 00:00:00-04:00,20.748355973730114,21.138504901861026,20.59793758515952,21.01158905029297,1039500,0.0,0.0
2024-05-24 00:00:00-04:00,21.152606911719584,21.35943175599673,21.04919359301666,21.16200828552246,581600,0.0,0.0
2024-05-28 00:00:00-04:00,21.84829197988914,22.214936584920807,21.707274962040703,22.045717239379883,1452700,0.0,0.0
2024-05-29 00:00:00-04:00,21.86709346083335,22.0833196618884,21.791884269460787,21.951704025268555,633500,0.0,0.0
2024-05-30 00:00:00-04:00,22.13972643163673,22.628587079287882,22.045716285889547,22.177331924438477,1957700,0.0,0.0
2024-05-31 00:00:00-04:00,21.81068687341977,22.022211490000455,20.851768344823583,21.143203735351562,1445000,0.0,0.0
2024-06-03 00:00:00-04:00,21.622664135154718,21.97990736232415,21.5004498659761,21.810688018798828,1279500,0.0,0.0
2024-06-04 00:00:00-04:00,21.622663068883668,21.94230257943919,21.18080929517624,21.41583824157715,1333100,0.0,0.0
2024-06-05 00:00:00-04:00,21.209012181311717,21.382934897294575,20.268896370877865,20.503925323486328,1531000,0.0,0.0
2024-06-06 00:00:00-04:00,20.381710787642415,20.644942063481437,19.93045563495102,20.268896102905273,1699800,0.0,0.0
2024-06-07 00:00:00-04:00,20.23129298468166,20.59793758263649,20.09027596955508,20.18428611755371,602200,0.0,0.0
2024-06-10 00:00:00-04:00,20.23129351508227,20.400514654922063,20.09027649625867,20.39111328125,353500,0.0,0.0
2024-06-11 00:00:00-04:00,20.109076500137558,20.36760978107957,19.911653041740305,19.977460861206055,663400,0.0,0.0
2024-06-12 00:00:00-04:00,20.13728099168523,20.56033382910391,19.855246962158528,20.193687438964844,891500,0.0,0.0
2024-06-13 00:00:00-04:00,20.212489103614047,20.325303785261934,19.610815583168062,19.798837661743164,637100,0.0,0.0
2024-06-14 00:00:00-04:00,19.49800167961152,19.50740305288473,19.17084177946973,19.41339111328125,1070100,0.0,0.0
2024-06-17 00:00:00-04:00,19.545010201181213,19.742433677251928,19.253572984416692,19.460399627685547,1052900,0.0,0.0
2024-06-18 00:00:00-04:00,19.488599771669538,19.582611708693804,19.178361634679447,19.22536849975586,777900,0.0,0.0
2024-06-20 00:00:00-04:00,19.516802797926285,19.723627613296244,19.2347670026453,19.648418426513672,1513100,0.0,0.0
2024-06-21 00:00:00-04:00,19.07495225648474,19.46979920862617,18.96307716024924,19.460399627685547,1058900,0.0,0.0
2024-06-24 00:00:00-04:00,18.980939767343497,19.30057930406724,18.647197273353697,18.71770668029785,749100,0.0,0.0
2024-06-25 00:00:00-04:00,18.482677092722067,18.618994318558446,17.907326663231085,18.266450881958008,1207100,0.0,0.0
2024-06-26 00:00:00-04:00,18.304054042262266,18.34165953509093,17.8904043799185,18.05962371826172,987600,0.0,0.0
2024-06-27 00:00:00-04:00,17.90920443170943,18.078425554663163,17.692978238214547,17.91860580444336,630400,0.0,0.0
2024-06-28 00:00:00-04:00,17.965614528032013,18.322857763263016,17.863140809813373,17.928009033203125,1021000,0.0,0.0
2024-07-01 00:00:00-04:00,18.116033568347728,18.304055669823846,17.82459635239731,17.83399772644043,574800,0.0,0.0
2024-07-02 00:00:00-04:00,17.62717215938757,17.62717215938757,16.997294469166974,17.40154457092285,2251500,0.0,0.0
2024-07-03 00:00:00-04:00,17.486153189608018,17.98441338611443,17.439146326550873,17.674175262451172,1422200,0.0,0.0
2024-07-05 00:00:00-04:00,17.204119533159584,17.3545379274178,16.83747492129627,17.1007080078125,1162000,0.0,0.0
2024-07-08 00:00:00-04:00,16.94088829904764,16.96439083702109,16.71526070687085,16.80927085876465,1191700,0.0,0.0
2024-07-09 00:00:00-04:00,16.893879151393598,17.47675169741466,16.81866996414525,17.429746627807617,1718400,0.0,0.0
2024-07-10 00:00:00-04:00,17.956212571271607,18.379263615587657,17.796392809695686,18.012619018554688,920500,0.0,0.0
2024-07-11 00:00:00-04:00,18.32285589153206,18.637795602601624,17.918605829060223,18.200641632080078,808600,0.0,0.0
2024-07-12 00:00:00-04:00,18.388664194021086,18.604892186660866,18.23824581234992,18.3980655670166,885600,0.0,0.0
2024-07-15 00:00:00-04:00,17.72118399656013,17.72118399656013,17.232323327921403,17.420347213745117,1275100,0.0,0.0
2024-07-16 00:00:00-04:00,16.95969153393806,17.06310306261804,16.66825431668229,16.74346351623535,1956100,0.0,0.0
2024-07-17 00:00:00-04:00,16.696456207202985,16.959689267017975,16.37681670354497,16.517833709716797,725700,0.0,0.0
2024-07-18 00:00:00-04:00,16.640050346017087,17.119507825163964,16.06657913529238,16.169992446899414,1276800,0.0,0.0
2024-07-19 00:00:00-04:00,16.047776698188716,16.245201952049033,15.967867714500729,16.113584518432617,1015600,0.0,0.0
2024-07-22 00:00:00-04:00,16.74346177773099,17.20411830130376,16.734060404621925,16.99729347229004,1282800,0.0,0.0
2024-07-23 00:00:00-04:00,16.51783591757617,16.93148741168238,16.442626718023114,16.74346351623535,1136700,0.0,0.0
2024-07-24 00:00:00-04:00,16.282806412280546,16.738763178293212,15.991370997685328,16.019575119018555,1004800,0.0,0.0
2024-07-25 00:00:00-04:00,16.01957350955197,16.01957350955197,15.540114253829971,15.699934005737305,963900,0.0,0.0
2024-07-26 00:00:00-04:00,15.746939180050505,15.869153441426581,15.44610241992921,15.681131362915039,742800,0.0,0.0
2024-07-29 00:00:00-04:00,15.840950883837726,15.840950883837726,15.337989096665547,15.436700820922852,531800,0.0,0.0
2024-07-30 00:00:00-04:00,15.380295110330922,15.427300183227803,14.980745714757356,15.06065559387207,535000,0.0,0.0
2024-07-31 00:00:00-04:00,15.803348561257847,15.953766969272941,15.634127403958649,15.671732902526855,933100,0.0,0.0
2024-08-01 00:00:00-04:00,15.558916092466367,15.704634689987007,14.825626901000414,14.882033348083496,802600,0.0,0.0
2024-08-02 00:00:00-04:00,14.308562067644354,14.440177699777852,14.073533128475393,14.33676528930664,1108000,0.0,0.0
2024-08-05 00:00:00-04:00,13.424853192440173,14.252155192903292,13.424853192440173,14.129940032958984,1126000,0.0,0.0
2024-08-06 00:00:00-04:00,14.00772498216188,14.30856264612439,13.650481769158635,14.252155303955078,958000,0.0,0.0
2024-08-07 00:00:00-04:00,14.505988236004992,14.750417682079922,14.32736571770537,14.355569839477539,856100,0.0,0.0
2024-08-08 00:00:00-04:00,14.44017871498921,14.821865868139229,14.223952506102904,14.741016387939453,540500,0.0,0.0
2024-08-09 00:00:00-04:00,14.647004291109116,14.900835990905762,14.52478912786232,14.900835990905762,684000,0.0,0.0
2024-08-12 00:00:00-04:00,14.938440587553675,15.134925344704577,14.849129334303266,14.900835990905762,570800,0.0,0.0
2024-08-13 00:00:00-04:00,14.835027484634875,15.018350680385824,14.54359208062353,14.73161506652832,988900,0.0,0.0
2024-08-14 00:00:00-04:00,14.289760916697162,14.440179311099602,14.01712735270165,14.111139297485352,586500,0.0,0.0
2024-08-15 00:00:00-04:00,13.81030093792275,14.238054458898539,13.537667387236704,14.07353401184082,1156300,0.0,0.0
2024-08-16 00:00:00-04:00,14.270958159507027,14.579316207077765,14.252155413118475,14.374370574951172,513500,0.0,0.0
2024-08-19 00:00:00-04:00,14.59059747019703,14.88673354913346,14.383771745656057,14.675207138061523,988900,0.0,0.0
2024-08-20 00:00:00-04:00,14.458980799042934,14.543591362664282,13.725690741931706,13.87610912322998,1111700,0.0,0.0
2024-08-21 00:00:00-04:00,14.214550923945259,14.69401020169224,14.186347700714348,14.496585845947266,1466200,0.0,0.0
2024-08-22 00:00:00-04:00,15.22987758387264,15.361493229906456,14.896135988791864,15.079459190368652,1631000,0.0,0.0
2024-08-23 00:00:00-04:00,14.966643649497765,15.041852841982534,14.647004133155349,14.919637680053711,1034700,0.0,0.0
2024-08-26 00:00:00-04:00,15.06065580843527,15.530713716615182,14.976045241512596,15.305086135864258,1871900,0.0,0.0
2024-08-27 00:00:00-04:00,14.994847084687553,15.248677888773805,14.421376759736582,14.61880111694336,1741500,0.0,0.0
2024-08-28 00:00:00-04:00,14.487184842114518,14.703411949903561,14.397873586947458,14.440178871154785,1011400,0.0,0.0
2024-08-29 00:00:00-04:00,15.267481271154056,15.587120805327999,15.258079897427917,15.342690467834473,2915600,0.0,0.0
2024-08-30 00:00:00-04:00,16.358013779203976,16.978490034085166,15.229875949023857,15.446102142333984,2908400,0.0,0.0
2024-09-03 00:00:00-04:00,15.521312553414287,16.339212320568596,15.380295537676853,16.094783782958984,3616600,0.0,0.0
2024-09-04 00:00:00-04:00,16.235800042328147,16.53663680672073,15.671730212527775,15.925561904907227,2099500,0.0,0.0
2024-09-05 00:00:00-04:00,15.634125895709174,15.676431180952713,15.008949783919855,15.079459190368652,1465900,0.0,0.0
2024-09-06 00:00:00-04:00,14.712812523111054,15.30508650588893,14.665807448408087,15.107661247253418,2109600,0.0,0.0
2024-09-09 00:00:00-04:00,15.399096228192542,15.793944941383563,15.276881961477313,15.577718734741211,1274600,0.0,0.0
2024-09-10 00:00:00-04:00,15.671731262639872,15.737539085119248,15.356791521037408,15.493108749389648,2338800,0.0,0.0
2024-09-11 00:00:00-04:00,15.35209073461142,15.511910490174726,15.220475098192894,15.502509117126465,1954400,0.0,0.0
2024-09-12 00:00:00-04:00,15.41789869076577,15.41789869076577,14.656405398329142,14.797422409057617,2320800,0.0,0.0
2024-09-13 00:00:00-04:00,15.069146385976568,15.116985128421673,14.696005289842493,14.743844032287598,1275100,0.274,0.0
2024-09-16 00:00:00-04:00,14.7916820344329,14.7916820344329,14.255889788269876,14.351567268371582,1399900,0.0,0.0
2024-09-17 00:00:00-04:00,14.418541547484796,14.772546778442464,14.265458303011005,14.638599395751953,1858900,0.0,0.0
2024-09-18 00:00:00-04:00,14.705573490004971,14.791683045492762,14.456812754695383,14.485516548156738,1272500,0.0,0.0
2024-09-19 00:00:00-04:00,15.432719427122693,16.01635047236336,15.384881594681731,15.93980884552002,2012700,0.0,0.0
2024-09-20 00:00:00-04:00,16.198136774025816,16.198136774025816,15.542749010324641,15.748453140258789,1734900,0.0,0.0
2024-09-23 00:00:00-04:00,12.935546621912025,13.63398913617614,12.619811297200966,13.126900672912598,17374600,0.0,0.0
2024-09-24 00:00:00-04:00,12.86857181045775,13.251280818683393,11.969207329156424,12.820733070373535,12131400,0.0,0.0
2024-09-25 00:00:00-04:00,13.299118889541724,13.901884835751193,13.126900699516227,13.394796371459961,8147100,0.0,0.0
2024-09-26 00:00:00-04:00,15.203095266108688,16.035486131802813,14.418542232248448,14.762980461120605,9829800,0.0,0.0
2024-09-27 00:00:00-04:00,15.920670597909151,16.494733625696387,15.183957321778495,16.389488220214844,6627800,0.0,0.0
2024-09-30 00:00:00-04:00,18.800552782406832,18.915366123665788,16.45646455362463,16.781766891479492,8914600,0.0,0.0
2024-10-01 00:00:00-04:00,16.92528212097538,18.06479654377108,16.74349509186422,18.04470443725586,4289400,0.0,0.0
2024-10-02 00:00:00-04:00,18.953635928503086,19.269370334307162,17.461073448783473,18.178651809692383,6348700,0.0,0.0
2024-10-03 00:00:00-04:00,17.221881394296062,18.283897997577775,17.174043564825947,18.140380859375,3563000,0.0,0.0
2024-10-04 00:00:00-04:00,19.154559366396697,19.977381336178706,18.886662780365235,19.728622436523438,6144800,0.0,0.0
2024-10-07 00:00:00-04:00,20.321819765224987,20.502650555862843,18.829257226508002,19.537267684936523,4472100,0.0,0.0
2024-10-08 00:00:00-04:00,17.2505841846684,18.50395385790684,17.2505841846684,18.102109909057617,3115100,0.0,0.0
2024-10-09 00:00:00-04:00,16.494735688539638,17.48021070656686,16.198137119966894,17.32712745666504,4013300,0.0,0.0
2024-10-10 00:00:00-04:00,17.250586520914357,17.89162333982522,17.03531262185915,17.719404220581055,2208000,0.0,0.0
2024-10-11 00:00:00-04:00,17.202746279101262,17.50891278074769,17.07836682214351,17.298423767089844,1941700,0.0,0.0
2024-10-14 00:00:00-04:00,17.70983402116733,18.11167797298087,17.250584311922182,17.5089111328125,1950100,0.0,0.0
2024-10-15 00:00:00-04:00,16.695658478270676,16.791334140120487,15.987646171287398,16.12159538269043,2633100,0.0,0.0
2024-10-16 00:00:00-04:00,16.312948589921703,16.322516521120328,15.691047661181184,15.758021354675293,1693400,0.0,0.0
2024-10-17 00:00:00-04:00,14.877792161585282,14.925630903493218,14.332431963751787,14.504651069641113,3058100,0.0,0.0
2024-10-18 00:00:00-04:00,15.537964132363237,15.891970280760923,15.222229708071787,15.748453140258789,2051100,0.0,0.0
2024-10-21 00:00:00-04:00,15.815428053366833,16.32060311293775,15.652776881920369,16.025917053222656,1658900,0.0,0.0
2024-10-22 00:00:00-04:00,16.456464928515313,16.95398455224825,16.217272134931637,16.829605102539062,1624000,0.0,0.0
2024-10-23 00:00:00-04:00,17.508913182882946,17.68113230023857,17.081237776332326,17.21231460571289,2054200,0.0,0.0
2024-10-24 00:00:00-04:00,17.307991802899718,17.36539756608102,16.992257368058112,17.26972007751465,3165400,0.0,0.0
2024-10-25 00:00:00-04:00,16.86787579104024,16.915715446936584,16.475599737171603,16.657386779785156,1133000,0.0,0.0
2024-10-28 00:00:00-04:00,18.092543091292487,18.513522926663484,17.977731570216175,18.40827751159668,3297400,0.0,0.0
2024-10-29 00:00:00-04:00,18.76228480897737,19.030179591222346,18.35087287921963,18.446550369262695,1739800,0.0,0.0
2024-10-30 00:00:00-04:00,18.666605891160557,19.728622482103866,18.609200131484112,19.29807472229004,2599000,0.0,0.0
2024-10-31 00:00:00-04:00,19.336346384826147,19.58510713265101,18.67617552606792,19.058883666992188,2060500,0.0,0.0
2024-11-01 00:00:00-04:00,18.944069594812003,19.127770955415556,18.677131064417367,18.800554275512695,1203400,0.0,0.0
2024-11-04 00:00:00-05:00,18.8101224811573,19.49899711877994,18.781418686920237,18.87709617614746,1025700,0.0,0.0
2024-11-05 00:00:00-05:00,18.819690635078544,18.953638026642555,17.93946100859433,18.14995002746582,2039500,0.0,0.0
2024-11-06 00:00:00-05:00,17.537615389936366,17.62372494081971,17.011391978890323,17.556751251220703,1839600,0.0,0.0
2024-11-07 00:00:00-05:00,18.456117656418808,19.240669762568334,18.417845931779187,18.99190902709961,2416500,0.0,0.0
2024-11-08 00:00:00-05:00,18.188220190062545,18.64555742322629,17.996865225795023,18.494386672973633,1788700,0.0,0.0
2024-11-11 00:00:00-05:00,18.446548776316796,18.61876605364694,17.748104436743805,18.226490020751953,1938000,0.0,0.0
2024-11-12 00:00:00-05:00,17.26971914735051,17.441938252514827,16.829605278505007,16.934850692749023,3013700,0.0,0.0
2024-11-13 00:00:00-05:00,17.20274486979837,17.46107351873556,17.107067389647984,17.183609008789062,1862800,0.0,0.0
2024-11-14 00:00:00-05:00,16.638250998724352,16.76263227976632,15.939808443291493,16.092891693115234,2013100,0.0,0.0
2024-11-15 00:00:00-05:00,16.274678671161478,16.628683000618995,16.183786062224282,16.523439407348633,959600,0.0,0.0
2024-11-18 00:00:00-05:00,16.79133355518129,17.01617536746761,16.69565789666441,16.934850692749023,1028900,0.0,0.0
2024-11-19 00:00:00-05:00,16.92528325913269,16.992256952020476,16.590412969797494,16.820037841796875,926100,0.0,0.0
2024-11-20 00:00:00-05:00,16.820037347674077,17.164475558002707,16.71479193343006,16.934850692749023,934800,0.0,0.0
2024-11-21 00:00:00-05:00,16.456465659609453,16.607634592122476,15.978080051189366,16.255542755126953,1565300,0.0,0.0
2024-11-22 00:00:00-05:00,15.824995987511763,16.035484987413923,15.700614713786166,15.958943367004395,1234400,0.0,0.0
2024-11-25 00:00:00-05:00,16.236407288577894,16.464119675889048,16.006782409926693,16.16943359375,1226800,0.0,0.0
2024-11-26 00:00:00-05:00,16.55214013190664,16.839172571269728,16.379922858164154,16.647817611694336,1138600,0.0,0.0
2024-11-27 00:00:00-05:00,18.092542585993844,18.207355928759807,17.62372493408382,17.690698623657227,2416800,0.0,0.0
2024-11-29 00:00:00-05:00,17.98729688114698,19.23110047046962,17.633292577763875,19.144990921020508,2320900,0.0,0.0
2024-12-02 00:00:00-05:00,22.015304101754296,22.254496886225905,21.18769728647007,21.83351707458496,8567500,0.0,0.0
2024-12-03 00:00:00-05:00,21.89092394703587,23.98625335671654,21.728272772313698,23.93841552734375,5159100,0.0,0.0
2024-12-04 00:00:00-05:00,23.211268175352945,23.211268175352945,22.302334858479934,22.637205123901367,2381100,0.0,0.0
2024-12-05 00:00:00-05:00,22.914671149500037,23.823602701683974,22.876399425249975,23.555707931518555,2177000,0.0,0.0
2024-12-06 00:00:00-05:00,23.42175810273442,23.42175810273442,22.85247990627703,23.134727478027344,1163700,0.0,0.0
2024-12-09 00:00:00-05:00,23.871441876633988,24.20631033260224,23.445677164952805,23.641815185546875,3199800,0.0,0.0
2024-12-10 00:00:00-05:00,22.426716911439616,22.732883396254433,21.948331322692418,22.331039428710938,1182500,0.0,0.0
2024-12-11 00:00:00-05:00,22.713748203914644,22.771153965284643,22.398013779035274,22.455419540405273,760300,0.0,0.0
2024-12-12 00:00:00-05:00,22.876398217988687,23.93841478623058,22.876398217988687,23.680086135864258,1610400,0.0,0.0
2024-12-13 00:00:00-05:00,23.12516061226541,23.326081693834702,22.866831943193787,23.039051055908203,523400,0.0,0.0
2024-12-16 00:00:00-05:00,23.24953810449852,23.852304948074426,23.144294519428293,23.737491607666016,1367700,0.0,0.0
2024-12-17 00:00:00-05:00,22.685043854451063,23.163429445560325,22.503258643754812,23.134727478027344,840300,0.0,0.0
2024-12-18 00:00:00-05:00,22.66590987479943,23.230405019721424,22.40279816400607,22.570232391357422,530700,0.0,0.0
2024-12-19 00:00:00-05:00,22.531960500034586,22.651556897221386,22.187524117066015,22.331039428710938,1019700,0.0,0.0
2024-12-20 00:00:00-05:00,21.93876339192993,22.75201925777941,21.766544287997547,22.331039428710938,510600,0.0,0.0
2024-12-23 00:00:00-05:00,22.90510337980036,23.21126987637274,22.531961365318537,23.09645652770996,608300,0.0,0.0
2024-12-24 00:00:00-05:00,23.881006914504425,23.995820254912832,23.622680092153743,23.737491607666016,732600,0.0,0.0
2024-12-26 00:00:00-05:00,23.82360227440275,24.05322714109599,23.622681200382242,24.043659210205078,979800,0.0,0.0
2024-12-27 00:00:00-05:00,23.09645625029895,23.219879458068835,22.752019858240175,23.019914627075195,721400,0.0,0.0
2024-12-30 00:00:00-05:00,23.153864632641568,23.192134533121408,22.761588572017565,22.84769630432129,521500,0.0,0.0
2024-12-31 00:00:00-05:00,22.857263565063477,23.249539614178616,22.771154010389786,22.857263565063477,462700,0.0,0.0
2025-01-02 00:00:00-05:00,23.431326502808883,24.359393911184846,23.39305660369973,24.120201110839844,1127600,0.0,0.0
2025-01-03 00:00:00-05:00,25.641465999022316,26.51212759644005,25.526654483371704,26.36861228942871,1419900,0.0,0.0
2025-01-06 00:00:00-05:00,24.885618478090915,25.306598306017076,22.962508197557895,23.029481887817383,5407500,0.0,0.0
2025-01-07 00:00:00-05:00,23.72792495168006,24.397665519426738,23.718358845620344,24.282852172851562,1975500,0.0,0.0
2025-01-08 00:00:00-05:00,23.823600953000938,24.101065458758875,23.565272307963433,23.794898986816406,907600,0.0,0.0
2025-01-10 00:00:00-05:00,22.962509312580544,23.2878116738338,22.65634281372954,23.201702117919922,902100,0.0,0.0
2025-01-13 00:00:00-05:00,22.264066951964622,22.264066951964622,21.680435917910415,21.80481719970703,1849000,0.0,0.0
2025-01-14 00:00:00-05:00,22.570230971966847,22.79985582284935,22.216224852962934,22.321470260620117,609700,0.0,0.0
2025-01-15 00:00:00-05:00,22.120551162788175,22.359743965122018,21.556056003288603,21.756977081298828,990600,0.0,0.0
2025-01-16 00:00:00-05:00,21.99616823811689,22.3788763282417,21.900490759361656,21.967464447021484,638600,0.0,0.0
2025-01-17 00:00:00-05:00,21.862222683761285,22.732884345651055,21.862222683761285,22.53196144104004,675500,0.0,0.0
2025-01-21 00:00:00-05:00,23.115590874424676,23.239972146062467,22.50325792142677,22.87639808654785,1210200,0.0,0.0
2025-01-22 00:00:00-05:00,22.589368197878592,22.723315579432676,22.01530512352421,22.16838836669922,546700,0.0,0.0
2025-01-23 00:00:00-05:00,21.852653845495848,21.886140690724933,21.12550753142848,21.23075294494629,1128700,0.0,0.0
2025-01-24 00:00:00-05:00,21.64216549966742,22.2832022811866,21.33599718059417,22.187524795532227,911900,0.0,0.0
2025-01-27 00:00:00-05:00,21.776111883393057,22.264065395387927,21.718706124598416,21.85265350341797,735900,0.0,0.0
2025-01-28 00:00:00-05:00,21.96746696624233,22.254499435424805,21.52735306835073,22.254499435424805,425800,0.0,0.0
2025-01-29 00:00:00-05:00,22.436285646576216,22.436285646576216,21.8430866923083,22.024873733520508,373800,0.0,0.0
2025-01-30 00:00:00-05:00,22.101413794164756,22.885965840360257,22.101413794164756,22.637205123901367,663700,0.0,0.0
2025-01-31 00:00:00-05:00,22.627638900717233,22.632423778740687,21.795248964470733,21.996170043945312,613400,0.0,0.0
2025-02-03 00:00:00-05:00,21.756976015846423,22.359742870151752,21.594324845228687,21.986600875854492,561700,0.0,0.0
2025-02-04 00:00:00-05:00,22.69461218153996,23.230405366863287,22.69461218153996,22.914670944213867,652500,0.0,0.0
2025-02-05 00:00:00-05:00,22.197091746354683,22.197091746354683,21.41253785855203,21.42210578918457,914800,0.0,0.0
2025-02-06 00:00:00-05:00,22.005737128187832,22.033482850029475,21.584757298242867,21.90049171447754,572600,0.0,0.0
2025-02-07 00:00:00-05:00,22.254497349189915,22.83812833940877,21.938762940114962,22.14925193786621,730600,0.0,0.0
2025-02-10 00:00:00-05:00,22.35017635632196,22.67547871817842,22.024873994465498,22.235363006591797,589400,0.0,0.0
2025-02-11 00:00:00-05:00,21.575189432529378,21.666083862788284,21.144643495399716,21.202049255371094,1033800,0.0,0.0
2025-02-12 00:00:00-05:00,20.66625704631296,21.565622431378955,20.47490208782364,21.53691864013672,975800,0.0,0.0
2025-02-13 00:00:00-05:00,21.211618352005868,21.81438342707478,21.211618352005868,21.642166137695312,737500,0.0,0.0
2025-02-14 00:00:00-05:00,22.206658715068052,22.240147386031435,21.402972584560477,21.651731491088867,1035700,0.0,0.0
2025-02-18 00:00:00-05:00,21.450810938997357,21.56945109647579,20.92362942461781,21.269023895263672,885800,0.0,0.0
2025-02-19 00:00:00-05:00,21.010694113475072,21.326430352921424,20.905450525222477,21.096803665161133,543500,0.0,0.0
2025-02-20 00:00:00-05:00,21.670867629860574,22.19709289244345,21.506303959214137,21.728273391723633,1020400,0.0,0.0
2025-02-21 00:00:00-05:00,20.570581155490707,20.666258642123406,18.82925783338141,19.125856399536133,3942500,0.0,0.0
2025-02-24 00:00:00-05:00,19.298075660808657,19.341130438883912,18.532659411577768,18.695310592651367,2598800,0.0,0.0
2025-02-25 00:00:00-05:00,19.30764232765929,19.853001597635036,19.30764232765929,19.786027908325195,1460500,0.0,0.0
2025-02-26 00:00:00-05:00,20.23092790904015,20.627987016868357,19.728623382919423,19.795597076416016,823100,0.0,0.0
2025-02-27 00:00:00-05:00,19.872138235785787,20.24049536628788,19.580322728186967,19.747756958007812,688600,0.0,0.0
2025-02-28 00:00:00-05:00,19.202397556021353,19.986949642481598,19.202397556021353,19.91040802001953,867700,0.0,0.0
2025-03-03 00:00:00-05:00,19.470294444954536,19.575538036889814,18.81012180055936,19.020610809326172,907400,0.0,0.0
2025-03-04 00:00:00-05:00,19.03974558258664,19.632944500490233,18.800552794300636,19.412887573242188,724400,0.0,0.0
2025-03-05 00:00:00-05:00,19.585106600678348,19.585106600678348,18.85796024022488,19.30764389038086,882000,0.0,0.0
2025-03-06 00:00:00-05:00,18.944069344187813,19.13829487915301,18.169085170307326,18.456117630004883,1686300,0.0,0.0
2025-03-07 00:00:00-05:00,18.89623068965279,19.307642586524825,18.60920006736338,19.03017807006836,936300,0.0,0.0
2025-03-10 00:00:00-04:00,18.590064816434122,19.278939427490233,18.408277776402663,18.61876678466797,606300,0.0,0.0
2025-03-11 00:00:00-04:00,19.07801953026249,19.422455944646153,18.771853017523078,19.058883666992188,625200,0.0,0.0
2025-03-12 00:00:00-04:00,20.273983335368587,20.412713779949854,19.740104436727638,20.053924560546875,1441900,0.0,0.0
2025-03-13 00:00:00-04:00,18.972772421797874,19.144991526139453,18.6666059362556,18.86752700805664,693700,0.0,0.0
2025-03-14 00:00:00-04:00,19.805165007615,20.092195643999332,19.55640427113031,19.795597076416016,1180300,0.0,0.0
2025-03-17 00:00:00-04:00,19.82429755526659,20.991559525271533,19.82429755526659,20.675825119018555,1734700,0.0,0.0
2025-03-18 00:00:00-04:00,20.197440254875165,20.446200981415345,19.90083987425252,20.101762771606445,1070800,0.0,0.0
2025-03-19 00:00:00-04:00,20.455767477742935,20.943721009319617,20.388793785645476,20.848045349121094,1357500,0.0,0.0
2025-03-20 00:00:00-04:00,20.0539228455208,20.556229169644435,19.7573242938173,19.891273498535156,1281200,0.0,0.0
2025-03-21 00:00:00-04:00,17.77680813524956,18.733579298233703,16.83917283350018,18.121246337890625,5308400,0.0,0.0
2025-03-24 00:00:00-04:00,17.79594404258639,17.939459352426567,17.250584770256012,17.556751251220703,1870300,0.0,0.0
2025-03-25 00:00:00-04:00,17.949027099950683,18.15951609724243,17.418018816552877,17.451505661010742,2120100,0.0,0.0
2025-03-26 00:00:00-04:00,18.016002948480057,18.3795752282745,17.700268502246647,17.95859718322754,1859600,0.0,0.0
2025-03-27 00:00:00-04:00,18.32216801872457,18.905799031623967,18.303032156850044,18.67617416381836,1518400,0.0,0.0
2025-03-28 00:00:00-04:00,17.939460877333154,18.09732900900392,17.55675274359598,17.776809692382812,1107900,0.0,0.0
2025-03-31 00:00:00-04:00,17.595021142168285,17.805511966423193,17.413235934725087,17.690698623657227,654800,0.0,0.0
2025-04-01 00:00:00-04:00,17.891622399630617,18.34130421244047,17.843782744078762,18.322168350219727,834600,0.0,0.0
2025-04-02 00:00:00-04:00,18.810121379926766,18.810121379926766,18.233187741322734,18.436981201171875,782800,0.0,0.0
2025-04-03 00:00:00-04:00,17.04966368954728,17.3749660663875,16.7530651076858,17.288856506347656,1168600,0.0,0.0
2025-04-04 00:00:00-04:00,15.949377494514007,16.150298589680634,15.203096142993855,16.13116455078125,1831000,0.0,0.0
2025-04-07 00:00:00-04:00,15.17439015433301,16.226837874902987,14.925630348075279,15.45185375213623,3543100,0.0,0.0
2025-04-08 00:00:00-04:00,15.429394507120593,15.517283611121611,13.691146546928357,13.974344253540039,2861700,0.327,0.0
2025-04-09 00:00:00-04:00,13.70091169328521,15.859073912893201,13.6179054182501,15.585641860961914,2983100,0.0,0.0
2025-04-10 00:00:00-04:00,15.058307784115215,15.390332876137466,14.657924913607756,15.029011726379395,2136400,0.0,0.0
2025-04-11 00:00:00-04:00,15.321974252770824,15.84930795151444,15.077838263883875,15.439160346984863,1286200,0.0,0.0
2025-04-14 00:00:00-04:00,15.995788846174836,16.396173573386694,15.741889062005962,15.937196731567383,1400800,0.0,0.0
2025-04-15 00:00:00-04:00,16.171567840179854,16.313167164769503,15.898136716955523,16.191099166870117,1672500,0.0,0.0
2025-04-16 00:00:00-04:00,15.263382094501685,15.527048477487455,14.921591338488957,15.234086036682129,1381400,0.0,0.0
2025-04-17 00:00:00-04:00,15.419628801736547,15.487986579635972,15.019245934660121,15.273147583007812,675900,0.0,0.0
2025-04-21 00:00:00-04:00,15.26338232736529,15.605172157287598,15.10713544153739,15.605172157287598,815600,0.0,0.0
2025-04-22 00:00:00-04:00,15.956728564561379,16.337580115531477,15.82977680583148,16.249691009521484,768100,0.0,0.0
2025-04-23 00:00:00-04:00,16.757494676466568,16.962569882398384,16.42546957170827,16.601247787475586,813800,0.0,0.0
2025-04-24 00:00:00-04:00,16.386407827018193,16.933271906657197,16.269221735790683,16.816085815429688,692800,0.0,0.0
2025-04-25 00:00:00-04:00,16.903975661780567,16.903975661780567,16.45476632796943,16.650074005126953,469900,0.0,0.0
2025-04-28 00:00:00-04:00,16.933272118833273,17.362951975238442,16.837571229654003,17.20670509338379,554000,0.0,0.0
2025-04-29 00:00:00-04:00,16.884445741280025,17.31900749977005,16.884445741280025,17.18717384338379,476800,0.0,0.0
2025-04-30 00:00:00-04:00,17.314123786424233,17.690093430686332,17.17740822945975,17.607088088989258,768700,0.0,0.0
2025-05-01 00:00:00-04:00,17.577792258721978,17.851225253286103,17.577792258721978,17.773101806640625,355200,0.0,0.0
2025-05-02 00:00:00-04:00,17.782863963715194,17.900050054154857,17.43228542510814,17.704740524291992,931300,0.0,0.0
2025-05-05 00:00:00-04:00,17.782864178174897,18.144186253995795,17.66079618619091,18.095359802246094,987300,0.0,0.0
2025-05-06 00:00:00-04:00,18.124654656720704,18.388321962482376,18.066062542976905,18.15395164489746,1384500,0.0,0.0
2025-05-07 00:00:00-04:00,17.597322097507178,17.714506326258032,17.109050131622585,17.245765686035156,1001200,0.0,0.0
2025-05-08 00:00:00-04:00,17.41177833855275,18.276019947122318,17.294592246454442,18.085594177246094,1530400,0.0,0.0
2025-05-09 00:00:00-04:00,18.61292765035753,19.87267027272797,18.61292765035753,19.208620071411133,2092400,0.0,0.0
2025-05-12 00:00:00-04:00,20.048448092387456,20.507423081286248,19.775015114097453,20.146100997924805,1945800,0.0,0.0
2025-05-13 00:00:00-04:00,19.218385000620188,19.63341542928595,19.054324471645,19.374631881713867,956800,0.0,0.0
2025-05-14 00:00:00-04:00,19.491815762635213,19.69689095453417,19.296508096065892,19.452754974365234,445500,0.0,0.0
2025-05-15 00:00:00-04:00,19.667594122602043,20.429299057319152,19.56994121984654,20.282817840576172,1607900,0.0,0.0
2025-05-16 00:00:00-04:00,20.019150588418476,20.185163131217067,19.594354499902273,19.833606719970703,566300,0.0,0.0
2025-05-19 00:00:00-04:00,20.126570923547423,20.45859600760492,19.933215270780504,20.292583465576172,1291100,0.0,0.0
2025-05-20 00:00:00-04:00,20.50742386857427,20.68320208546534,20.302350523941257,20.40000343322754,481900,0.0,0.0
2025-05-21 00:00:00-04:00,20.087508309845717,20.39023640612917,19.74571756237228,20.282817840576172,1142000,0.0,0.0
2025-05-22 00:00:00-04:00,21.288658369989292,21.76716656717616,21.093350688334716,21.669511795043945,2093300,0.0,0.0
2025-05-23 00:00:00-04:00,17.821927870523048,18.287738654797607,17.206705974541,17.860990524291992,9185400,0.0,0.0
2025-05-27 00:00:00-04:00,17.343421553433664,17.362952880336067,16.9235073380813,17.001630783081055,2493000,0.0,0.0
2025-05-28 00:00:00-04:00,16.96257038381389,17.04264584578815,16.76726083549687,16.913742065429688,1086000,0.0,0.0
2025-05-29 00:00:00-04:00,17.372718068877532,17.372718068877532,17.01139598149981,17.109050750732422,1727700,0.0,0.0
2025-05-30 00:00:00-04:00,16.72819760902954,16.74772893571565,16.337580388356457,16.620779037475586,1160100,0.0,0.0
2025-06-02 00:00:00-04:00,16.60124701518818,16.88444565244113,16.366876692604574,16.77702522277832,1503400,0.0,0.0
2025-06-03 00:00:00-04:00,16.991864257936196,16.991864257936196,16.552420600576408,16.76725959777832,669200,0.0,0.0
2025-06-04 00:00:00-04:00,17.4703700573331,18.046531116654187,17.35806773053115,17.743803024291992,2232500,0.0,0.0
2025-06-05 00:00:00-04:00,17.792629588548692,17.968407792528698,17.646148372768593,17.714506149291992,1014500,0.0,0.0
2025-06-06 00:00:00-04:00,17.21646913059784,17.60708820321876,17.069987909669887,17.577791213989258,984900,0.0,0.0
2025-06-09 00:00:00-04:00,17.7242724056134,18.027000510045305,17.597322511048336,18.017236709594727,917900,0.0,0.0
2025-06-10 00:00:00-04:00,18.036766826609615,18.368791932252442,17.792630829084587,18.290668487548828,841900,0.0,0.0
2025-06-11 00:00:00-04:00,18.398087586995594,18.476211026028306,18.03676551733824,18.16371726989746,706500,0.0,0.0
2025-06-12 00:00:00-04:00,17.88051967558687,17.94887745587614,17.68521199799036,17.92934799194336,809300,0.0,0.0
2025-06-13 00:00:00-04:00,17.480136006146594,17.54849378335288,17.216468697542577,17.245765686035156,747900,0.0,0.0
2025-06-16 00:00:00-04:00,17.431309879972197,17.753569308966885,17.323889449437377,17.607088088989258,668700,0.0,0.0
2025-06-17 00:00:00-04:00,17.558260392298816,17.636383836545594,17.44107615723357,17.46060562133789,430400,0.0,0.0
2025-06-18 00:00:00-04:00,17.402013237250316,17.64614922960817,17.392247574042823,17.52896499633789,489900,0.0,0.0
2025-06-20 00:00:00-04:00,16.99186405920339,17.13834527661011,16.747728075988945,16.806320190429688,1278100,0.0,0.0
2025-06-23 00:00:00-04:00,16.73796203139619,16.99186367166152,16.6305434678064,16.894208908081055,798900,0.0,0.0
2025-06-24 00:00:00-04:00,17.216469745129366,17.499668396627158,17.089519845823013,17.441076278686523,601400,0.0,0.0
2025-06-25 00:00:00-04:00,17.51919972347732,17.558260514567795,17.255532398829686,17.441076278686523,564700,0.0,0.0
2025-06-26 00:00:00-04:00,17.548495168031213,17.577792158835493,17.123699045723452,17.372718811035156,646600,0.0,0.0
2025-06-27 00:00:00-04:00,17.450842096243193,17.450842096243193,17.216469897190905,17.402013778686523,453100,0.0,0.0
2025-06-30 00:00:00-04:00,17.714507703182417,17.89028592258143,17.480137364853697,17.792631149291992,514200,0.0,0.0
2025-07-01 00:00:00-04:00,17.743803881990853,18.05629765212935,17.743803881990853,17.978174209594727,426200,0.0,0.0
2025-07-02 00:00:00-04:00,17.773100322444996,17.773100322444996,17.528964339238936,17.675445556640625,519000,0.0,0.0
2025-07-03 00:00:00-04:00,17.616853752002402,17.636383215418924,17.489901995441294,17.607088088989258,175900,0.0,0.0
2025-07-07 00:00:00-04:00,17.636382997247285,18.305316935799333,17.636382997247285,18.085594177246094,743500,0.0,0.0
2025-07-08 00:00:00-04:00,18.144187112462287,18.219380671262787,17.76821745584996,17.90005111694336,495200,0.0,0.0
2025-07-09 00:00:00-04:00,17.6363826724891,17.797513313330978,17.43130934335548,17.724271774291992,599100,0.0,0.0
2025-07-10 00:00:00-04:00,17.577790828489398,17.719390146078567,17.27506273019614,17.665679931640625,551100,0.0,0.0
2025-07-11 00:00:00-04:00,17.480135655627688,17.548493431463235,17.22623401494587,17.323888778686523,402700,0.0,0.0
2025-07-14 00:00:00-04:00,17.558260353748775,17.59732300709132,17.24576657744777,17.47037124633789,688700,0.0,0.0
2025-07-15 00:00:00-04:00,17.734037944674597,17.91958181630444,17.616853713989258,17.616853713989258,817500,0.0,0.0
2025-07-16 00:00:00-04:00,17.568024756733305,17.568024756733305,17.148110576475286,17.323888778686523,461900,0.0,0.0
2025-07-17 00:00:00-04:00,17.206706020216593,17.54849492855288,17.206706020216593,17.421545028686523,553200,0.0,0.0
2025-07-18 00:00:00-04:00,17.597323401668117,17.821928075594446,17.348303637550337,17.382482528686523,369000,0.0,0.0
2025-07-21 00:00:00-04:00,17.37271751653171,17.402012642543227,17.177407984276133,17.226234436035156,507500,0.0,0.0
2025-07-22 00:00:00-04:00,17.26529704959204,17.26529704959204,16.982098414704716,17.236000061035156,494700,0.0,0.0
2025-07-23 00:00:00-04:00,17.18717399567091,17.35318654267163,17.079753564491103,17.14811134338379,605300,0.0,0.0
2025-07-24 00:00:00-04:00,18.09535989321898,18.85706297495824,18.09535989321898,18.505508422851562,1581800,0.0,0.0
2025-07-25 00:00:00-04:00,18.71058269474354,18.826790922894798,18.23207636327558,18.720348358154297,718000,0.0,0.0
2025-07-28 00:00:00-04:00,18.730114297776442,18.98401596237082,18.612928197729087,18.66175651550293,604000,0.0,0.0
2025-07-29 00:00:00-04:00,18.915657932766504,19.403929928461345,18.915657932766504,19.140262603759766,806700,0.0,0.0
2025-07-30 00:00:00-04:00,19.47228626206623,19.843372131655546,19.335568846861992,19.462520599365234,968000,0.0,0.0
2025-07-31 00:00:00-04:00,18.525039088346038,18.871713625405786,18.25160795925199,18.66175651550293,1023400,0.0,0.0
2025-08-01 00:00:00-04:00,18.359025088945867,18.388322077305563,17.919581439208756,18.12465476989746,732500,0.0,0.0
2025-08-04 00:00:00-04:00,18.857062983241235,18.9254207611084,18.62269266086392,18.9254207611084,521300,0.0,0.0
2025-08-05 00:00:00-04:00,18.905892231402238,19.169557692964887,18.905892231402238,19.150028228759766,535500,0.0,0.0
2025-08-06 00:00:00-04:00,19.101199441773844,19.276977653564153,18.917609444493678,19.2476806640625,365700,0.0,0.0
2025-08-07 00:00:00-04:00,19.911731681399925,20.097275564024983,19.78478178019954,19.921497344970703,592900,0.0,0.0
2025-08-08 00:00:00-04:00,19.648065445901167,19.770133441840237,19.48205289691964,19.66759490966797,249500,0.0,0.0
2025-08-11 00:00:00-04:00,19.687126549500878,19.83360777443806,19.55529288827446,19.5992374420166,387100,0.0,0.0
2025-08-12 00:00:00-04:00,19.482053366163427,19.609003265449456,19.296509486336294,19.569942474365234,372700,0.0,0.0
2025-08-13 00:00:00-04:00,20.01915047405209,20.01915047405209,19.63829893911743,19.862903594970703,397100,0.0,0.0
2025-08-14 00:00:00-04:00,19.325806840680986,19.335570641678597,19.02307685667844,19.0621395111084,358100,0.0,0.0
2025-08-15 00:00:00-04:00,19.198854134772603,19.306274566576604,19.13049635548271,19.2672119140625,276700,0.0,0.0
2025-08-18 00:00:00-04:00,19.82384156686613,20.390236986987738,19.82384156686613,20.146100997924805,643400,0.0,0.0
2025-08-19 00:00:00-04:00,19.999620046483308,20.083603259978013,19.477169171857927,19.65782928466797,515500,0.0,0.0
2025-08-20 00:00:00-04:00,20.214461650895426,20.458597652173825,19.814078757807643,20.351177215576172,1186100,0.0,0.0
2025-08-21 00:00:00-04:00,21.98200565390765,22.323796426280268,21.337486763198076,21.649980545043945,5352100,0.0,0.0
2025-08-22 00:00:00-04:00,23.793493852711578,26.11278580555516,23.730017972471426,26.0053653717041,6841100,0.0,0.0
2025-08-25 00:00:00-04:00,25.2338953525298,25.551272875481754,24.511253066344608,25.00929069519043,2817000,0.0,0.0
2025-08-26 00:00:00-04:00,25.185069145063874,25.58545201206574,24.9370254044325,25.3803768157959,1137200,0.0,0.0
2025-08-27 00:00:00-04:00,24.61867294497059,24.61867294497059,24.142120493992202,24.286649703979492,1473500,0.0,0.0
2025-08-28 00:00:00-04:00,24.149931614736055,24.179228603991824,23.761268282035637,24.003450393676758,1282500,0.0,0.0
2025-08-29 00:00:00-04:00,24.149932355969398,24.55031524170498,24.032748120569142,24.267118453979492,600400,0.0,0.0
2025-09-02 00:00:00-04:00,23.856970175913414,24.364773502043583,23.739784076571894,24.208526611328125,745900,0.0,0.0
2025-09-03 00:00:00-04:00,23.88626503240406,24.306179244909632,23.7788464603888,24.267118453979492,667500,0.0,0.0
2025-09-04 00:00:00-04:00,23.632365436977405,23.856970108923964,23.39897110912622,23.798377990722656,1359600,0.0,0.0
2025-09-05 00:00:00-04:00,24.013216330792485,24.013216330792485,23.730017685917606,23.94485855102539,624400,0.0,0.0
2025-09-08 00:00:00-04:00,24.896988209176467,25.058116988385194,24.608907676545375,25.038585662841797,736400,0.0,0.0
2025-09-09 00:00:00-04:00,25.097180500055735,25.312019500570788,24.901870963144024,25.27295684814453,508400,0.0,0.0
2025-09-10 00:00:00-04:00,24.853045091315057,24.85792699167759,24.560080779097632,24.716327667236328,620500,0.0,0.0
2025-09-11 00:00:00-04:00,24.306179157933457,24.853045129877238,24.188994922952528,24.706562042236328,475100,0.0,0.0
2025-09-12 00:00:00-04:00,24.052276188408594,24.159696616797554,23.515177771683252,24.149930953979492,903200,0.0,0.0
2025-09-15 00:00:00-04:00,24.237820406410794,24.296412521554746,24.013215746184173,24.071807861328125,792800,0.0,0.0
2025-09-16 00:00:00-04:00,24.140166845567403,24.26614260020529,23.932163615717375,24.228055953979492,477000,0.0,0.0
2025-09-17 00:00:00-04:00,24.41359890006263,24.521019331258035,24.110870795232593,24.442895889282227,936900,0.0,0.0
2025-09-18 00:00:00-04:00,24.032748470115344,24.218290489299356,23.811071819532437,24.188995361328125,1192500,0.0,0.0
2025-09-19 00:00:00-04:00,24.394067453368784,24.946791314833945,24.228054907164346,24.462425231933594,673700,0.0,0.0
2025-09-22 00:00:00-04:00,24.38430265553436,24.43313097239156,23.837438545002584,23.847204208374023,575200,0.0,0.0
2025-09-23 00:00:00-04:00,23.437055754157765,23.485882208601655,22.94878375927948,22.97808074951172,714200,0.0,0.0
2025-09-24 00:00:00-04:00,22.841363052799476,22.860894379388753,22.509337951221056,22.606992721557617,534300,0.0,0.0
2025-09-25 00:00:00-04:00,22.343325370426676,22.343325370426676,21.610917387800747,21.767166137695312,1088300,0.0,0.0
2025-09-26 00:00:00-04:00,22.76323969874488,22.997610030910213,21.664627719001846,21.737869262695312,1309100,0.0,0.0
2025-09-29 00:00:00-04:00,22.079659122019734,22.323795107490593,21.835523136548872,21.933176040649414,1305000,0.0,0.0
2025-09-30 00:00:00-04:00,22.32379495333492,22.353090079318886,21.884349437478036,21.972238540649414,639800,0.0,0.0
2025-10-01 00:00:00-04:00,22.02106484083706,22.167547920187907,21.806225847124065,22.011301040649414,859400,0.0,0.0
2025-10-02 00:00:00-04:00,21.7085721587514,21.776929939114595,21.161708053236016,21.337486267089844,1451700,0.0,0.0
2025-10-03 00:00:00-04:00,21.52302911153132,21.52302911153132,21.06405227235515,21.132410049438477,699100,0.0,0.0
2025-10-06 00:00:00-04:00,21.12264524234759,21.523029983474146,21.05917122540431,21.36678123474121,764300,0.0,0.0
2025-10-07 00:00:00-04:00,21.171474354758825,21.474202475183308,20.595313242028755,20.77109146118164,1354500,0.0,0.0
2025-10-08 00:00:00-04:00,21.161706848986228,21.425374154762448,21.015225633313786,21.181238174438477,756000,0.0,0.0
2025-10-09 00:00:00-04:00,21.82575742720193,22.06012774924237,21.523029327392578,21.523029327392578,936000,0.0,0.0
2025-10-10 00:00:00-04:00,22.011300854918357,22.314028948643553,20.605077088327892,20.751558303833008,2526100,0.0,0.0
2025-10-13 00:00:00-04:00,21.757399853177287,22.10895440822516,21.581621644348466,21.903881072998047,1419300,0.0,0.0
2025-10-14 00:00:00-04:00,21.308189772671327,21.811109336416408,21.191005535784054,21.649980545043945,1048300,0.0,0.0
2025-10-15 00:00:00-04:00,22.343325247694988,22.55816611348876,22.069894127753546,22.21637535095215,1540500,0.0,0.0
2025-10-16 00:00:00-04:00,21.96247353934937,22.016183755417515,21.65974543186778,21.82575798034668,1294400,0.0,0.0
2025-10-17 00:00:00-04:00,21.112880717131013,21.64021347404549,21.064052402762247,21.532793045043945,557700,0.0,0.0
2025-10-20 00:00:00-04:00,21.640213453693043,22.118719758398463,21.5230292245377,21.972238540649414,554200,0.0,0.0
2025-10-21 00:00:00-04:00,21.63044863756239,21.63044863756239,21.20076876775006,21.357017517089844,696600,0.0,0.0
2025-10-22 00:00:00-04:00,21.376547172821468,21.72810360242392,21.210534621354736,21.308189392089844,637900,0.0,0.0
2025-10-23 00:00:00-04:00,21.278893567942056,21.718337227946193,21.278893567942056,21.464435577392578,500500,0.0,0.0
2025-10-24 00:00:00-04:00,21.845288439260067,21.90388055327618,21.132409957856847,21.591386795043945,594100,0.0,0.0
2025-10-27 00:00:00-04:00,21.64998046809553,22.28473369304015,21.630449141147118,21.669511795043945,697300,0.0,0.0
2025-10-28 00:00:00-04:00,21.357016805762374,21.483966698523542,20.98592906518096,21.08358383178711,777900,0.0,0.0
2025-10-29 00:00:00-04:00,21.083584219436258,21.13729443518766,20.878509019531794,20.995695114135742,1366600,0.0,0.0
2025-10-30 00:00:00-04:00,20.946869286758076,21.132411303391144,20.741794080729633,20.858980178833008,466000,0.0,0.0
2025-10-31 00:00:00-04:00,20.575781718074143,20.873627935166613,20.526955263269745,20.810152053833008,397700,0.0,0.0
2025-11-03 00:00:00-05:00,20.917572450871162,20.981048332087443,20.668554551653227,20.819917678833008,418700,0.0,0.0
2025-11-04 00:00:00-05:00,20.81991674226193,20.83944806831293,20.214460535559176,20.605077743530273,456300,0.0,0.0
2025-11-05 00:00:00-05:00,20.702732746749522,21.093349959165405,20.6929670836129,20.976163864135742,332700,0.0,0.0
2025-11-06 00:00:00-05:00,20.507422926551943,20.62460901996625,20.155866508918784,20.185163497924805,505000,0.0,0.0
2025-11-07 00:00:00-05:00,20.204694785908437,20.204694785908437,19.87071581726345,20.194929122924805,527300,0.0,0.0
2025-11-10 00:00:00-05:00,21.015227366636275,21.415610258382134,20.966399048978325,21.210535049438477,508400,0.0,0.0
2025-11-11 00:00:00-05:00,21.308189783453333,21.308189783453333,21.015227328477057,21.220300674438477,271900,0.0,0.0
2025-11-12 00:00:00-05:00,21.806226850786064,21.806226850786064,21.259362747231158,21.357017517089844,768800,0.0,0.0
2025-11-13 00:00:00-05:00,21.425375980139194,21.425375980139194,20.741794431949124,20.78085708618164,790200,0.0,0.0
2025-11-14 00:00:00-05:00,20.78085661334477,21.32772072188784,20.78085661334477,20.878509521484375,952700,0.0,0.0
2025-11-17 00:00:00-05:00,20.76132442876049,20.946868299256273,20.589452113848093,20.64413833618164,351400,0.0,0.0
2025-11-18 00:00:00-05:00,20.31211317234555,20.732027363847603,20.29746560930563,20.66366958618164,622300,0.0,0.0
2025-11-19 00:00:00-05:00,20.692967196591106,20.692967196591106,20.014269437073658,20.097274780273438,1135500,0.0,0.0
2025-11-20 00:00:00-05:00,20.126572299004405,20.126572299004405,18.847298326635176,19.130496978759766,1613000,0.0,0.0
2025-11-21 00:00:00-05:00,18.40785472125743,19.247681292343866,18.163718721937332,19.110965728759766,1231500,0.0,0.0
2025-11-24 00:00:00-05:00,18.36879158182793,18.944952674004266,18.36879158182793,18.798471450805664,1512200,0.0,0.0
2025-11-25 00:00:00-05:00,19.013310570164993,19.11096534043069,18.57386689788409,18.769174575805664,1390300,0.0,0.0
2025-11-26 00:00:00-05:00,19.130497094276755,19.423459549007205,19.062139312346975,19.101200103759766,415800,0.0,0.0
2025-11-28 00:00:00-05:00,19.23791621369825,19.46252087112828,19.042606682170554,19.403928756713867,431600,0.0,0.0
2025-12-01 00:00:00-05:00,19.208619570517175,19.45275555801098,19.134402021706762,19.3258056640625,524000,0.0,0.0
2025-12-02 00:00:00-05:00,19.452755246242592,19.677359904110826,19.31799170647776,19.394163131713867,272500,0.0,0.0
2025-12-03 00:00:00-05:00,18.857062870051585,19.019169520940533,18.798470755461395,18.9547176361084,364800,0.0,0.0
2025-12-04 00:00:00-05:00,18.827768593958044,18.827768593958044,18.55433560917799,18.759408950805664,413200,0.0,0.0
2025-12-05 00:00:00-05:00,18.837533988974062,19.032841664512603,18.7252297938424,18.827768325805664,403300,0.0,0.0
2025-12-08 00:00:00-05:00,19.1890877059838,19.56505733968652,19.1890877059838,19.442989349365234,784600,0.0,0.0
2025-12-09 00:00:00-05:00,18.866829232388174,19.237916984639842,18.68128535626234,19.228151321411133,647600,0.0,0.0
2025-12-10 00:00:00-05:00,19.140262176927916,19.291625300147587,19.042607407444702,19.237916946411133,329000,0.0,0.0
2025-12-11 00:00:00-05:00,18.876595430959096,19.169557885689546,18.836556769368837,19.101200103759766,435100,0.0,0.0
2025-12-12 00:00:00-05:00,19.2086206622723,19.374633217708087,19.023076779700563,19.0816707611084,294300,0.0,0.0
2025-12-15 00:00:00-05:00,19.374632659395534,19.648065643589717,19.30725088654515,19.6285343170166,681700,0.0,0.0
2025-12-16 00:00:00-05:00,19.521113378403047,19.76036746620895,19.218385274791512,19.735952377319336,817100,0.0,0.0
2025-12-17 00:00:00-05:00,19.853139023521933,19.85802092386983,19.59923736540537,19.6187686920166,1295700,0.0,0.0
2025-12-18 00:00:00-05:00,19.228151359659265,19.473263360575036,18.896126259661973,19.218385696411133,803300,0.0,0.0
2025-12-19 00:00:00-05:00,19.36486723589485,19.37463289930233,19.150028228759766,19.150028228759766,512800,0.0,0.0
2025-12-22 00:00:00-05:00,19.335569154575403,19.433223920529773,19.247680051477445,19.394163131713867,342000,0.0,0.0
2025-12-23 00:00:00-05:00,18.915658008796385,19.164675908053326,18.82776890020926,19.120731353759766,363700,0.0,0.0
2025-12-24 00:00:00-05:00,18.81800184940791,19.04260650474524,18.798470523915174,19.003543853759766,206600,0.0,0.0
2025-12-26 00:00:00-05:00,19.15002810732985,19.28186176858014,18.857063794792587,19.169557571411133,367500,0.0,0.0
2025-12-29 00:00:00-05:00,18.73987921989989,18.857063452701055,18.534804018583156,18.827768325805664,582800,0.0,0.0
2025-12-30 00:00:00-05:00,18.525037962086003,18.681284844243276,18.388322405850825,18.485977172851562,570800,0.0,0.0
2025-12-31 00:00:00-05:00,18.427385835417468,18.427385835417468,18.222310629799807,18.310199737548828,275700,0.0,0.0
2026-01-02 00:00:00-05:00,18.720346973174067,19.16955628117608,18.720346973174067,19.032840728759766,459400,0.0,0.0
2026-01-05 00:00:00-05:00,18.964484539900205,19.218386203217865,18.671522085169755,19.101200103759766,608900,0.0,0.0
2026-01-06 00:00:00-05:00,19.296508712998214,19.39416348070987,19.05237272502396,19.3160400390625,428400,0.0,0.0
2026-01-07 00:00:00-05:00,19.24767991817774,19.335569020667023,18.974248810530842,18.9937801361084,295300,0.0,0.0
2026-01-08 00:00:00-05:00,18.925421424480792,19.257446525139212,18.87464109305527,19.208620071411133,213500,0.0,0.0
2026-01-09 00:00:00-05:00,19.28674292946798,19.413692822873145,19.24768027758346,19.335569381713867,224400,0.0,0.0
2026-01-12 00:00:00-05:00,19.88243643798159,20.204695883508744,19.88243643798159,19.950794219970703,771600,0.0,0.0
2026-01-13 00:00:00-05:00,19.433225095167895,19.53966952290997,19.062139197242754,19.130496978759766,322000,0.0,0.0
2026-01-14 00:00:00-05:00,19.159793770675407,19.31604065898468,19.132448795741944,19.169557571411133,293100,0.0,0.0
2026-01-15 00:00:00-05:00,19.364867074386122,19.374632737712155,19.08167028837045,19.179323196411133,582500,0.0,0.0
2026-01-16 00:00:00-05:00,19.071904278542917,19.11096506852756,18.72034785563214,18.837533950805664,332600,0.0,0.0
2026-01-20 00:00:00-05:00,18.73988007766235,19.101200318382404,18.593398848651248,18.63245964050293,636900,0.0,0.0
2026-01-21 00:00:00-05:00,19.22815193217644,19.61583927536067,19.140262822936158,19.511348724365234,534600,0.0,0.0
2026-01-22 00:00:00-05:00,19.53087993588411,19.70177439027915,19.46252215412609,19.540645599365234,182900,0.0,0.0
2026-01-23 00:00:00-05:00,19.472286648049856,19.472286648049856,19.22815066351476,19.374631881713867,165300,0.0,0.0
2026-01-26 00:00:00-05:00,18.76917496696409,18.86194783882435,18.55433595799007,18.681285858154297,468700,0.0,0.0
2026-01-27 00:00:00-05:00,18.55433565636265,18.60316211041441,18.271137007554923,18.329730987548828,354600,0.0,0.0
2026-01-28 00:00:00-05:00,18.759408478444733,18.79847113069107,18.422501484564073,18.437149047851562,382500,0.0,0.0
2026-01-29 00:00:00-05:00,18.974249301430394,19.09631729553367,18.407853883295598,18.446914672851562,1192700,0.0,0.0
2026-01-30 00:00:00-05:00,18.36879118234955,18.36879118234955,17.95376074854449,18.027000427246094,668600,0.0,0.0
2026-02-02 00:00:00-05:00,17.70474092358262,18.07582866616917,17.70474092358262,18.046531677246094,570000,0.0,0.0
2026-02-03 00:00:00-05:00,18.144185982171877,18.300432860561816,18.007470429233106,18.15395164489746,187900,0.0,0.0
2026-02-04 00:00:00-05:00,18.16371819989196,18.16371819989196,17.7994662265121,17.948877334594727,206600,0.0,0.0
2026-02-05 00:00:00-05:00,18.964483010747255,19.140261214456043,18.529921264139265,18.59339714050293,1857900,0.0,0.0
2026-02-06 00:00:00-05:00,18.50550857485636,18.651989794654824,18.359025492448133,18.466445922851562,1339800,0.0,0.0
2026-02-09 00:00:00-05:00,18.63245960190777,18.79359025731313,18.56410181935151,18.64222526550293,1684600,0.0,0.0
2026-02-10 00:00:00-05:00,18.788705864073304,19.018194294338322,18.74964507361256,18.778940200805664,1818700,0.0,0.0
2026-02-11 00:00:00-05:00,19.04260775571473,19.24279919864221,18.788706095458686,19.159793853759766,980300,0.0,0.0
2026-02-12 00:00:00-05:00,19.091434615221132,19.2672128347143,18.485978373200087,18.64222526550293,414600,0.0,0.0
2026-02-13 00:00:00-05:00,18.564101045741754,18.886360480513293,18.564101045741754,18.818002700805664,288000,0.0,0.0
2026-02-17 00:00:00-05:00,19.276976708137305,19.28186047078629,18.964482952551606,19.032840728759766,286100,0.0,0.0
2026-02-18 00:00:00-05:00,19.042607793887303,19.237917336817265,19.042607793887303,19.150028228759766,631500,0.0,0.0
2026-02-19 00:00:00-05:00,18.98401551771994,19.247680977083544,18.974249854393907,19.179323196411133,342400,0.0,0.0
2026-02-20 00:00:00-05:00,18.905892269339425,19.18908905828531,18.847298288776955,19.140262603759766,270000,0.0,0.0
2026-02-23 00:00:00-05:00,19.267211083620982,19.316039397159052,19.01330944105215,19.023075103759766,271000,0.0,0.0
2026-02-24 00:00:00-05:00,18.82776793935523,18.984014821622928,18.63245840521573,18.91565704345703,227300,0.0,0.0
2026-02-25 00:00:00-05:00,19.12073045479322,19.169556907219434,18.78870536298765,18.89612579345703,630800,0.0,0.0
2026-02-26 00:00:00-05:00,18.398087444337115,18.398087444337115,17.616853060067687,17.763334274291992,770200,0.0,0.0
2026-02-27 00:00:00-05:00,17.74380368428331,17.880519241543123,17.577791137920777,17.597322463989258,706200,0.0,0.0
2026-03-02 00:00:00-05:00,17.138346423788114,17.34342163197229,16.70866840564863,16.982099533081055,817100,0.0,0.0
2026-03-03 00:00:00-05:00,16.308284105278187,16.591480871719224,15.976259025582005,16.45476531982422,1110200,0.0,0.0
2026-03-04 00:00:00-05:00,16.65007385248767,16.89420984365382,16.58171607297871,16.689136505126953,656300,0.0,0.0
2026-03-05 00:00:00-05:00,16.42546926015766,16.52312402957721,16.137388714805365,16.239925384521484,638900,0.0,0.0
2026-03-06 00:00:00-05:00,16.425469959863626,16.650074635269636,16.405938632625745,16.51335906982422,642200,0.0,0.0
2026-03-09 00:00:00-04:00,16.435235311194536,16.611013527775736,16.13250719519905,16.581716537475586,601600,0.0,0.0
2026-03-10 00:00:00-04:00,16.591482593861052,16.679371704233215,16.283870707558485,16.49382781982422,350100,0.0,0.0
2026-03-11 00:00:00-04:00,16.503593483488892,16.61589582171779,16.449883264638135,16.49382781982422,331000,0.0,0.0
2026-03-12 00:00:00-04:00,16.69890168965086,16.747728141440675,16.36687660217285,16.36687660217285,496300,0.0,0.0
2026-03-13 00:00:00-04:00,16.601247116148066,16.601247116148066,16.244808798638058,16.31804847717285,373600,0.0,0.0
2026-03-16 00:00:00-04:00,16.601247672513963,16.835618004377455,16.50359290191839,16.630544662475586,402600,0.0,0.0
2026-03-17 00:00:00-04:00,16.952803902861298,17.29947656493191,16.952803902861298,17.099285125732422,481300,0.0,0.0
2026-03-18 00:00:00-04:00,16.89421008278563,17.080729967775817,16.630544624177535,16.640310287475586,361900,0.0,0.0
2026-03-19 00:00:00-04:00,16.25945606041141,16.5201934834077,16.073912192198563,16.39617347717285,369400,0.0,0.0
2026-03-20 00:00:00-04:00,16.396173775750565,16.396173775750565,15.868839149945831,15.898136138916016,324300,0.0,0.0
2026-03-23 00:00:00-04:00,16.093444298140557,16.244809285154663,15.946963074074231,15.995789527893066,302400,0.0,0.0
2026-03-24 00:00:00-04:00,15.937196273352114,16.161800925064455,15.899111493082744,16.04461669921875,351100,0.0,0.0
2026-03-25 00:00:00-04:00,16.230161743467978,16.464532074812844,16.132506973088496,16.210630416870117,286100,0.0,0.0
2026-03-26 00:00:00-04:00,15.673529783963144,15.859073657550663,15.42939472571964,15.644234657287598,399300,0.0,0.0
2026-03-27 00:00:00-04:00,15.732123365786151,15.810246805967056,15.5075177767874,15.51728343963623,263000,0.0,0.0
2026-03-30 00:00:00-04:00,15.273147891608303,15.35322428038059,14.950888458849798,14.989950180053711,471000,0.0,0.0
2026-03-31 00:00:00-04:00,16.064149038567436,16.064149038567436,15.624703507378495,15.820013046264648,891200,0.0,0.0
2026-04-01 00:00:00-04:00,15.927431906708318,16.20086489361248,15.917666243324971,15.9664945602417,554600,0.0,0.0
2026-04-02 00:00:00-04:00,15.702826575883702,15.859073458222065,15.569039973337878,15.683295249938965,344300,0.0,0.0
2026-04-06 00:00:00-04:00,15.732123819699051,15.898136367699585,15.69306116717667,15.839542388916016,329400,0.0,0.0
2026-04-07 00:00:00-04:00,15.790715527475394,15.97625939693837,15.600289757878274,15.722357749938965,379700,0.0,0.0
2026-04-08 00:00:00-04:00,16.50359192188011,16.64030933763911,16.39617335695269,16.41570281982422,346000,0.0,0.0
2026-04-09 00:00:00-04:00,16.08856171213052,16.08856171213052,15.702826410527832,15.937196731567383,332200,0.0,0.0
2026-04-10 00:00:00-04:00,15.722357995333747,15.83466032626923,15.439160286584984,15.448925018310547,429100,0.0,0.0
2026-04-13 00:00:00-04:00,15.243850713693677,15.48798670102493,15.087603830810457,15.458690643310547,449500,0.0,0.0
2026-04-14 00:00:00-04:00,15.497752580346798,15.785834055227951,15.375684584977364,15.624703407287598,887200,0.0,0.0
2026-04-15 00:00:00-04:00,15.68329537077304,15.75556090480339,15.370801603688662,15.663765907287598,470000,0.0,0.0
2026-04-16 00:00:00-04:00,15.722358137747955,15.75165326449488,15.52704860058943,15.634469032287598,479400,0.0,0.0
2026-04-17 00:00:00-04:00,15.72235806117723,15.795597740297644,15.546579851112588,15.654000282287598,683200,0.0,0.0
2026-04-20 00:00:00-04:00,15.479999542236328,15.789999961853027,15.479999542236328,15.710000038146973,383700,0.376,0.0
2026-04-21 00:00:00-04:00,15.720000267028809,15.760000228881836,15.154999732971191,15.220000267028809,337800,0.0,0.0
2026-04-22 00:00:00-04:00,15.149999618530273,15.180000305175781,14.979999542236328,14.979999542236328,394900,0.0,0.0
2026-04-23 00:00:00-04:00,14.729999542236328,14.930000305175781,14.489999771118164,14.579999923706055,854900,0.0,0.0
2026-04-24 00:00:00-04:00,15.09000015258789,15.109999656677246,14.975000381469727,15.079999923706055,455500,0.0,0.0
2026-04-27 00:00:00-04:00,15.010000228881836,15.095000267028809,14.899999618530273,14.9399995803833,239200,0.0,0.0
2026-04-28 00:00:00-04:00,14.65999984741211,14.71500015258789,14.574999809265137,14.670000076293945,297800,0.0,0.0
2026-04-29 00:00:00-04:00,14.6899995803833,14.873000144958496,14.529999732971191,14.529999732971191,214700,0.0,0.0
2026-04-30 00:00:00-04:00,14.520000457763672,14.800000190734863,14.479999542236328,14.789999961853027,211000,0.0,0.0
2026-05-01 00:00:00-04:00,14.789999961853027,14.920000076293945,14.760000228881836,14.859999656677246,204300,0.0,0.0
2026-05-04 00:00:00-04:00,14.829999923706055,14.829999923706055,14.569999694824219,14.609999656677246,340400,0.0,0.0
2026-05-05 00:00:00-04:00,14.670000076293945,14.770000457763672,14.614999771118164,14.630000114440918,217200,0.0,0.0
2026-05-06 00:00:00-04:00,14.600000381469727,14.850000381469727,14.479999542236328,14.829999923706055,374000,0.0,0.0
2026-05-07 00:00:00-04:00,14.770000457763672,14.8100004196167,14.505000114440918,14.529999732971191,331800,0.0,0.0
2026-05-08 00:00:00-04:00,14.729999542236328,14.789999961853027,14.600000381469727,14.630000114440918,192700,0.0,0.0
2026-05-11 00:00:00-04:00,14.630000114440918,14.645000457763672,14.3100004196167,14.3100004196167,469400,0.0,0.0
2026-05-12 00:00:00-04:00,14.25,14.25,13.979999542236328,14.109999656677246,406700,0.0,0.0
2026-05-13 00:00:00-04:00,14.210000038146973,14.920000076293945,14.109999656677246,14.880000114440918,722000,0.0,0.0
2026-05-14 00:00:00-04:00,14.739999771118164,14.760000228881836,14.550000190734863,14.630000114440918,588000,0.0,0.0
2026-05-15 00:00:00-04:00,14.25,14.270000457763672,14.109999656677246,14.149999618530273,431500,0.0,0.0
2026-05-18 00:00:00-04:00,14.430000305175781,14.430000305175781,14.1850004196167,14.220000267028809,311800,0.0,0.0
2026-05-19 00:00:00-04:00,14.09000015258789,14.343999862670898,14.09000015258789,14.109999656677246,379800,0.0,0.0
2026-05-20 00:00:00-04:00,13.869999885559082,13.90999984741211,13.710000038146973,13.90999984741211,527200,0.0,0.0
2026-05-21 00:00:00-04:00,13.600000381469727,13.800000190734863,13.420000076293945,13.739999771118164,454100,0.0,0.0
2026-05-22 00:00:00-04:00,13.390000343322754,13.638999938964844,13.369999885559082,13.529999732971191,573800,0.0,0.0
2026-05-26 00:00:00-04:00,13.399999618530273,13.399999618530273,12.925000190734863,12.960000038146973,1291700,0.0,0.0
2026-05-27 00:00:00-04:00,12.460000038146973,12.630000114440918,12.3100004196167,12.470000267028809,1076200,0.0,0.0
2026-05-28 00:00:00-04:00,12.350000381469727,12.699999809265137,12.300000190734863,12.569999694824219,929100,0.0,0.0
2026-05-29 00:00:00-04:00,13.119999885559082,13.279999732971191,12.949999809265137,12.970000267028809,952500,0.0,0.0
2026-06-01 00:00:00-04:00,13.329999923706055,13.619999885559082,13.329999923706055,13.529999732971191,726200,0.0,0.0
2026-06-02 00:00:00-04:00,13.90999984741211,13.90999984741211,13.4399995803833,13.479999542236328,1043500,0.0,0.0
2026-06-03 00:00:00-04:00,13.260000228881836,13.369999885559082,13.170000076293945,13.270000457763672,448600,0.0,0.0
2026-06-04 00:00:00-04:00,13.279999732971191,13.4350004196167,13.279999732971191,13.3100004196167,449400,0.0,0.0
2026-06-05 00:00:00-04:00,13.140000343322754,13.149999618530273,12.850000381469727,12.949999809265137,567100,0.0,0.0
2026-06-08 00:00:00-04:00,13.0600004196167,13.210000038146973,13.020000457763672,13.100000381469727,604400,0.0,0.0
2026-06-09 00:00:00-04:00,13.300000190734863,13.420000076293945,13.032999992370605,13.199999809265137,555600,0.0,0.0
2026-06-10 00:00:00-04:00,13.149999618530273,13.380000114440918,13.149999618530273,13.170000076293945,733000,0.0,0.0
2026-06-11 00:00:00-04:00,13.029999732971191,13.210000038146973,12.869999885559082,13.210000038146973,727200,0.0,0.0
2026-06-12 00:00:00-04:00,13.270000457763672,13.420000076293945,13.149999618530273,13.15999984741211,726200,0.0,0.0
2026-06-15 00:00:00-04:00,13.305000305175781,13.305000305175781,12.8100004196167,12.859999656677246,899900,0.0,0.0
2026-06-16 00:00:00-04:00,12.600000381469727,12.609999656677246,12.289999961853027,12.319999694824219,838800,0.0,0.0
2026-06-17 00:00:00-04:00,12.210000038146973,12.454999923706055,12.119999885559082,12.149999618530273,563500,0.0,0.0
2026-06-18 00:00:00-04:00,12.0,12.039999961853027,11.864999771118164,11.9399995803833,741400,0.0,0.0
2026-06-22 00:00:00-04:00,11.835000038146973,11.835000038146973,11.529999732971191,11.539999961853027,840400,0.0,0.0
2026-06-23 00:00:00-04:00,11.350000381469727,11.510000228881836,11.305000305175781,11.420000076293945,1131500,0.0,0.0
2026-06-24 00:00:00-04:00,11.420000076293945,11.569999694824219,11.3100004196167,11.350000381469727,687300,0.0,0.0
2026-06-25 00:00:00-04:00,11.380000114440918,11.520000457763672,11.119999885559082,11.300000190734863,876200,0.0,0.0
2026-06-26 00:00:00-04:00,11.170000076293945,11.425000190734863,11.119999885559082,11.40999984741211,514900,0.0,0.0
2026-06-29 00:00:00-04:00,11.729999542236328,12.095000267028809,11.729999542236328,11.960000038146973,875900,0.0,0.0
2026-06-30 00:00:00-04:00,11.960000038146973,12.25,11.960000038146973,12.0600004196167,501100,0.0,0.0
2026-07-01 00:00:00-04:00,12.0,12.21500015258789,11.960000038146973,12.180000305175781,534200,0.0,0.0
2026-07-02 00:00:00-04:00,11.979999542236328,11.979999542236328,11.670000076293945,11.720000267028809,491100,0.0,0.0
2026-07-06 00:00:00-04:00,11.829999923706055,11.970000267028809,11.720999717712402,11.899999618530273,564400,0.0,0.0
2026-07-07 00:00:00-04:00,11.779999732971191,11.920000076293945,11.6899995803833,11.699999809265137,373500,0.0,0.0
2026-07-08 00:00:00-04:00,11.890000343322754,11.970000267028809,11.744999885559082,11.8100004196167,563200,0.0,0.0
2026-07-09 00:00:00-04:00,11.600000381469727,11.600000381469727,11.399999618530273,11.470000267028809,600100,0.0,0.0
2026-07-10 00:00:00-04:00,11.720000267028809,11.9399995803833,11.720000267028809,11.789999961853027,623200,0.0,0.0
2026-07-13 00:00:00-04:00,11.699999809265137,11.699999809265137,11.364999771118164,11.420000076293945,750800,0.0,0.0
2026-07-14 00:00:00-04:00,11.539999961853027,11.630000114440918,11.505000114440918,11.529999732971191,522600,0.0,0.0
2026-07-15 00:00:00-04:00,12.40999984741211,12.850000381469727,12.399999618530273,12.619999885559082,1512200,0.0,0.0
2026-07-16 00:00:00-04:00,12.949999809265137,13.300000190734863,12.770000457763672,12.970000267028809,1189500,0.0,0.0
2026-07-17 00:00:00-04:00,12.680000305175781,12.819999694824219,12.619999885559082,12.75,568600,0.0,0.0
2026-07-20 00:00:00-04:00,12.9399995803833,12.970000267028809,12.78499984741211,12.789999961853027,493000,0.0,0.0
2026-07-21 00:00:00-04:00,12.619999885559082,12.710000038146973,12.425000190734863,12.460000038146973,564400,0.0,0.0
2026-07-22 00:00:00-04:00,12.479999542236328,12.5649995803833,12.460000038146973,12.5,429400,0.0,0.0
2026-07-23 00:00:00-04:00,12.430000305175781,12.510000228881836,12.25,12.399999618530273,1324800,0.0,0.0
2026-07-24 00:00:00-04:00,12.220000267028809,12.354999542236328,12.125,12.210000038146973,997400,0.0,0.0
2026-07-27 00:00:00-04:00,12.430000305175781,12.539999961853027,12.295000076293945,12.460000038146973,619800,0.0,0.0
2026-07-28 00:00:00-04:00,12.390000343322754,12.649999618530273,12.364999771118164,12.510000228881836,443000,0.0,0.0
2026-07-29 00:00:00-04:00,12.949999809265137,13.180000305175781,12.90999984741211,13.0,797600,0.0,0.0
2026-07-30 00:00:00-04:00,12.949999809265137,13.145000457763672,12.949999809265137,13.09000015258789,423000,0.0,0.0
2026-07-31 00:00:00-04:00,13.0600004196167,13.100000381469727,12.835000038146973,13.0,538866,0.0,0.0
