Date,Open,High,Low,Close,Volume,Dividends,Stock Splits
2022-01-03 00:00:00-05:00,22.023544044395567,22.33483142216671,21.63443647143872,21.78143310546875,8200,0.0,0.0
2022-01-04 00:00:00-05:00,21.859254949911534,21.867902004767075,21.78143310546875,21.78143310546875,7200,0.0,0.0
2022-01-05 00:00:00-05:00,21.807371576447178,22.066778261919453,21.565260649114784,21.79007911682129,23200,0.0,0.0
2022-01-06 00:00:00-05:00,21.833310875922283,22.17918477776869,21.686314261480454,21.988954544067383,13100,0.0,0.0
2022-01-07 00:00:00-05:00,21.954371361673036,22.20513102877678,21.72090745519725,21.9630184173584,20100,0.0,0.0
2022-01-10 00:00:00-05:00,22.049481991313723,22.13595087799377,21.816016492054644,22.084070205688477,14900,0.0,0.0
2022-01-11 00:00:00-05:00,21.92842774650708,21.92842774650708,21.651728613306233,21.720903396606445,12100,0.0,0.0
2022-01-12 00:00:00-05:00,21.772786525064454,21.902489052209756,21.61714283278725,21.669023513793945,53300,0.0,0.0
2022-01-13 00:00:00-05:00,21.833309526151332,21.928425461750194,21.35773314667054,21.798721313476562,19900,0.0,0.0
2022-01-14 00:00:00-05:00,21.617144261070447,22.179189682006836,21.58255603860927,22.179189682006836,21500,0.0,0.0
2022-01-18 00:00:00-05:00,22.135950591051955,22.179184209203136,21.625785980435303,21.746841430664062,60700,0.0,0.0
2022-01-19 00:00:00-05:00,21.971665654656654,21.997606821927157,21.40097316876354,21.547969818115234,19400,0.0,0.0
2022-01-20 00:00:00-05:00,21.547970930622675,21.841964244504748,21.184802816371725,21.40097427368164,19000,0.0,0.0
2022-01-21 00:00:00-05:00,21.124270242735438,21.643081951518987,21.124270242735438,21.210739135742188,27200,0.0,0.0
2022-01-24 00:00:00-05:00,21.115626202479802,21.816021202218206,21.115626202479802,21.660377502441406,19700,0.0,0.0
2022-01-25 00:00:00-05:00,21.478791753957356,22.006250530086355,21.331795126966835,21.79007911682129,13400,0.0,0.0
2022-01-26 00:00:00-05:00,21.876548501263812,21.988958570734212,21.40097200529349,21.43556022644043,43300,0.0,0.0
2022-01-27 00:00:00-05:00,21.651729005745356,21.651729005745356,21.184797973063077,21.210739135742188,15600,0.0,0.0
2022-01-28 00:00:00-05:00,21.046445846557617,21.184795398854494,20.804333305409706,21.046445846557617,28000,0.0,0.0
2022-01-31 00:00:00-05:00,21.081308535906526,21.630345592221758,20.767572125307822,21.5693416595459,26900,0.19,0.0
2022-02-01 00:00:00-05:00,21.61291269343128,21.874360223331024,20.933152772602973,21.586769104003906,24800,0.0,0.0
2022-02-02 00:00:00-05:00,21.456046453636823,21.612912978970368,20.933153049161408,21.011587142944336,35000,0.0,0.0
2022-02-03 00:00:00-05:00,21.07259031314218,21.273032251297114,20.98544113848239,21.09873390197754,17200,0.0,0.0
2022-02-04 00:00:00-05:00,21.229462841994906,21.83078877958627,21.133598564016893,21.508338928222656,19600,0.0,0.0
2022-02-07 00:00:00-05:00,21.490904368348907,21.804640732399395,21.351466353711412,21.708776473999023,22300,0.0,0.0
2022-02-08 00:00:00-05:00,21.691349891434882,21.88307843992167,21.60420236455819,21.86564826965332,18400,0.0,0.0
2022-02-09 00:00:00-05:00,21.917938389629896,21.917938389629896,21.473478995400193,21.499624252319336,26300,0.0,0.0
2022-02-10 00:00:00-05:00,21.482189557520556,21.848214766151273,21.482189557520556,21.743637084960938,19600,0.0,0.0
2022-02-11 00:00:00-05:00,21.734926618120017,21.87436466414827,20.915726851029557,21.159744262695312,43600,0.0,0.0
2022-02-14 00:00:00-05:00,21.10745127542074,21.517051942085892,20.915724400156314,21.395042419433594,16900,0.0,0.0
2022-02-15 00:00:00-05:00,21.63034566424055,22.00508600876282,21.63034566424055,21.795928955078125,12100,0.0,0.0
2022-02-16 00:00:00-05:00,21.36889722297879,21.944079467808873,21.36889722297879,21.7697811126709,9100,0.0,0.0
2022-02-17 00:00:00-05:00,21.525770209530926,21.761070880527704,21.508340037684444,21.56062889099121,11300,0.0,0.0
2022-02-18 00:00:00-05:00,21.50833521654218,21.874360432109498,21.42118603907714,21.429901123046875,15500,0.0,0.0
2022-02-22 00:00:00-05:00,21.072593688964844,21.517053054922982,21.046448433708772,21.072593688964844,20800,0.0,0.0
2022-02-23 00:00:00-05:00,20.915723994264223,21.360183328610226,20.915723994264223,21.06387710571289,15400,0.0,0.0
2022-02-24 00:00:00-05:00,20.80243235976048,21.037733004283734,20.58456022289016,20.811145782470703,22200,0.0,0.0
2022-02-25 00:00:00-05:00,21.13360041933599,21.708782813234148,21.13360041933599,21.316612243652344,15700,0.0,0.0
2022-02-28 00:00:00-05:00,21.31660840178167,21.5344805317863,21.09873627177704,21.281749725341797,23900,0.0,0.0
2022-03-01 00:00:00-05:00,21.168457980582293,21.168457980582293,20.62813434046056,20.73271369934082,26100,0.0,0.0
2022-03-02 00:00:00-05:00,20.514840638700232,21.395042584569367,20.514840638700232,21.16845703125,17000,0.0,0.0
2022-03-03 00:00:00-05:00,20.85472435008663,21.569344800760653,20.828579091318286,20.94187355041504,27700,0.0,0.0
2022-03-04 00:00:00-05:00,20.7065683824078,21.0203047958819,20.40154705400048,20.8808650970459,25500,0.0,0.0
2022-03-07 00:00:00-05:00,20.924440699286585,20.941870869567513,20.52355509398787,20.654279708862305,17400,0.0,0.0
2022-03-08 00:00:00-05:00,20.523556141793033,20.706569614621255,20.314399074441216,20.479982376098633,22800,0.0,0.0
2022-03-09 00:00:00-05:00,20.68042385221198,20.793718299819457,20.46255170460191,20.60198974609375,17000,0.0,0.0
2022-03-10 00:00:00-05:00,20.47998295639685,20.68042494384277,20.47998295639685,20.619421005249023,9700,0.0,0.0
2022-03-11 00:00:00-05:00,20.58455818276266,20.62813194092515,20.445118499731578,20.51483917236328,14400,0.0,0.0
2022-03-14 00:00:00-04:00,20.523554937274042,20.706568399361277,20.497411344284803,20.540985107421875,15500,0.0,0.0
2022-03-15 00:00:00-04:00,20.697853428540466,20.697853428540466,20.46255111694336,20.46255111694336,12000,0.0,0.0
2022-03-16 00:00:00-04:00,20.50612642935872,20.802432672941855,20.462551003989134,20.540985107421875,16400,0.0,0.0
2022-03-17 00:00:00-04:00,20.680423827721206,20.680423827721206,20.44512150964517,20.56713104248047,18100,0.0,0.0
2022-03-18 00:00:00-04:00,20.44512031634878,20.63684885865704,20.174959334825523,20.62813377380371,59200,0.0,0.0
2022-03-21 00:00:00-04:00,20.628135031463,20.628135031463,20.21853599177895,20.262109756469727,44000,0.0,0.0
2022-03-22 00:00:00-04:00,20.43640793267982,20.51484203811475,20.201105616375035,20.45383644104004,20800,0.0,0.0
2022-03-23 00:00:00-04:00,20.262106556606195,20.288251808631255,20.09652328491211,20.09652328491211,21500,0.0,0.0
2022-03-24 00:00:00-04:00,20.096525784399624,20.41026219879178,19.983233002664967,20.235963821411133,27000,0.0,0.0
2022-03-25 00:00:00-04:00,20.340543771411863,20.540985747661978,20.1488168805073,20.375402450561523,20700,0.0,0.0
2022-03-28 00:00:00-04:00,20.1923909681303,20.43640837501308,20.096526690027677,20.105241775512695,16600,0.0,0.0
2022-03-29 00:00:00-04:00,20.270824571850746,20.366688847572647,20.11395636148129,20.227249145507812,24100,0.0,0.0
2022-03-30 00:00:00-04:00,20.349256225150956,20.349256225150956,19.817647723448605,19.974515914916992,29600,0.0,0.0
2022-03-31 00:00:00-04:00,20.018093086101327,20.183676390013883,19.791505844492736,19.983234405517578,24100,0.0,0.0
2022-04-01 00:00:00-04:00,19.90479708606067,19.983231182514626,19.66077971240032,19.78278923034668,17000,0.0,0.0
2022-04-04 00:00:00-04:00,19.67821474165685,19.808937713958827,19.53006159645253,19.608495712280273,25700,0.0,0.0
2022-04-05 00:00:00-04:00,19.599778426436284,19.704357789882142,19.40805153272357,19.538774490356445,20100,0.0,0.0
2022-04-06 00:00:00-04:00,19.408050239441398,19.556203358148295,19.181463018934817,19.33833122253418,32400,0.0,0.0
2022-04-07 00:00:00-04:00,19.277327290519423,19.477769256348616,19.059455154905304,19.33833122253418,27400,0.0,0.0
2022-04-08 00:00:00-04:00,19.216321696272185,19.355759730086625,19.12045908692006,19.33833122253418,22500,0.0,0.0
2022-04-11 00:00:00-04:00,19.207609176635742,19.52134393635186,19.207609176635742,19.207609176635742,15600,0.0,0.0
2022-04-12 00:00:00-04:00,19.18146392072917,19.530059021654054,19.059456050963597,19.207609176635742,20100,0.0,0.0
2022-04-13 00:00:00-04:00,19.29475823122565,19.364477256924744,19.2076106957763,19.251184463500977,15500,0.0,0.0
2022-04-14 00:00:00-04:00,19.29475823122565,19.338333661183015,19.03331230041222,19.251184463500977,25100,0.0,0.0
2022-04-18 00:00:00-04:00,19.364477256924744,19.364477256924744,19.007167042437803,19.251184463500977,39500,0.0,0.0
2022-04-19 00:00:00-04:00,19.364477256924744,19.564920910263243,19.17275035181041,19.251184463500977,36000,0.0,0.0
2022-04-20 00:00:00-04:00,19.425480375269192,21.63906040487824,19.425480375269192,21.534481048583984,87100,0.0,0.0
2022-04-21 00:00:00-04:00,21.569337245309885,22.231668608674127,21.569337245309885,21.734920501708984,61600,0.0,0.0
2022-04-22 00:00:00-04:00,21.804643967494926,22.02251610547014,21.5693416595459,21.5693416595459,40500,0.0,0.0
2022-04-25 00:00:00-04:00,21.5693382210878,21.72620640138014,21.142309098198776,21.52576446533203,70500,0.0,0.0
2022-04-26 00:00:00-04:00,21.52576415630451,21.708775922530073,21.307892056189008,21.456045150756836,81200,0.0,0.0
2022-04-27 00:00:00-04:00,21.508339673157042,21.639062635324773,21.081310443551704,21.229463577270508,52400,0.0,0.0
2022-04-28 00:00:00-04:00,21.403759325369016,21.403759325369016,20.924441265305337,21.13359832763672,36100,0.0,0.0
2022-04-29 00:00:00-04:00,21.230217706171338,21.52886384753615,20.641709330582913,20.711978912353516,68600,0.19,0.0
2022-05-02 00:00:00-04:00,20.817383729331066,21.142379910619482,20.518737593609366,20.632925033569336,49400,0.0,0.0
2022-05-03 00:00:00-04:00,20.71198139854312,20.720765306738706,20.316713906537665,20.562658309936523,67400,0.0,0.0
2022-05-04 00:00:00-04:00,20.615357650193484,21.133596445042844,20.45725234741416,21.10724639892578,45100,0.0,0.0
2022-05-05 00:00:00-04:00,21.063324941478335,21.21264799883489,20.676843113909825,20.966705322265625,54600,0.0,0.0
2022-05-06 00:00:00-04:00,20.97549096321389,21.05454445792241,20.659278659738906,20.773466110229492,43500,0.0,0.0
2022-05-09 00:00:00-04:00,20.711979508208078,21.230218316934902,20.711979508208078,20.957923889160156,61600,0.0,0.0
2022-05-10 00:00:00-04:00,21.107245034662355,21.274134233813506,20.91400244037952,21.12481117248535,74100,0.0,0.0
2022-05-11 00:00:00-04:00,21.195083654193667,21.282921056780413,20.843735719205785,20.88765525817871,40700,0.0,0.0
2022-05-12 00:00:00-04:00,20.870084568288725,20.993055909758663,20.632924116574802,20.984272003173828,51600,0.0,0.0
2022-05-13 00:00:00-04:00,21.019408386004827,21.089677965853646,20.650492672958798,20.720762252807617,35400,0.0,0.0
2022-05-16 00:00:00-04:00,20.940355293938314,21.344404966844802,20.73833045748507,20.799816131591797,51200,0.0,0.0
2022-05-17 00:00:00-04:00,20.940356434395895,21.15116518939677,20.940356434395895,21.06332778930664,53800,0.0,0.0
2022-05-18 00:00:00-04:00,20.870082664493985,21.37075356664564,20.738327428458085,20.817380905151367,47900,0.0,0.0
2022-05-19 00:00:00-04:00,20.676846685377974,21.10724811907535,20.589009281991768,20.659278869628906,48800,0.0,0.0
2022-05-20 00:00:00-04:00,20.808597942081644,21.511293683013893,20.527519645708743,20.747112274169922,32900,0.0,0.0
2022-05-23 00:00:00-04:00,20.77346196408384,21.04575634964462,20.65927453638376,20.94913673400879,46400,0.0,0.0
2022-05-24 00:00:00-04:00,20.896436325387423,21.230216399413283,20.887652418786892,21.098461151123047,77800,0.0,0.0
2022-05-25 00:00:00-04:00,20.931571963542336,21.21265029597915,20.931571963542336,21.072111129760742,44300,0.0,0.0
2022-05-26 00:00:00-04:00,21.177516526015474,21.57278230617771,21.11603084968084,21.265352249145508,51600,0.0,0.0
2022-05-27 00:00:00-04:00,21.32683983417153,21.643052126689124,21.265352481805145,21.546432495117188,55300,0.0,0.0
2022-05-31 00:00:00-04:00,21.432242221942452,21.70453663778762,21.432242221942452,21.590349197387695,36000,0.0,0.0
2022-06-01 00:00:00-04:00,21.52007961667414,21.651834871092188,21.397108269265154,21.590349197387695,36700,0.0,0.0
2022-06-02 00:00:00-04:00,21.607912664543196,21.74845179769806,21.44980572090432,21.739667892456055,50700,0.0,0.0
2022-06-03 00:00:00-04:00,21.634262740660837,22.05588181618077,21.634262740660837,21.880207061767578,44000,0.0,0.0
2022-06-06 00:00:00-04:00,22.038318434071304,22.205209316763206,21.93291322517143,22.15250587463379,60300,0.0,0.0
2022-06-07 00:00:00-04:00,21.968050003700647,22.398451418143456,21.968050003700647,22.249128341674805,42500,0.0,0.0
2022-06-08 00:00:00-04:00,22.073449899259032,22.082233805290713,21.8889928986701,22.020748138427734,26900,0.0,0.0
2022-06-09 00:00:00-04:00,21.95926416360833,22.099803320226712,21.686969757080078,21.686969757080078,16400,0.0,0.0
2022-06-10 00:00:00-04:00,21.52886184966063,21.950479301158207,21.44102446175893,21.757238388061523,32900,0.0,0.0
2022-06-13 00:00:00-04:00,21.520077527653054,21.845075354004052,21.502509715340288,21.53764533996582,34200,0.0,0.0
2022-06-14 00:00:00-04:00,21.695750359179584,21.757236021415014,21.53764341322639,21.563993453979492,36000,0.0,0.0
2022-06-15 00:00:00-04:00,21.809942024539936,21.932913372952555,21.43224239686235,21.502511978149414,35200,0.0,0.0
2022-06-16 00:00:00-04:00,21.370755976149965,21.67818601180159,21.230216818485037,21.458593368530273,36800,0.0,0.0
2022-06-17 00:00:00-04:00,21.520082649704932,21.68697355568077,21.44981305908761,21.572784423828125,63300,0.0,0.0
2022-06-21 00:00:00-04:00,21.634266684504126,21.87142714358778,21.634266684504126,21.792373657226562,30300,0.0,0.0
2022-06-22 00:00:00-04:00,21.581565865215733,22.003183360727096,21.537648004359593,21.86264419555664,35500,0.0,0.0
2022-06-23 00:00:00-04:00,21.924129286937355,21.924129286937355,21.50251180265601,21.590349197387695,23800,0.0,0.0
2022-06-24 00:00:00-04:00,21.528860396393082,22.310609577694102,21.528860396393082,22.143718719482422,108600,0.0,0.0
2022-06-27 00:00:00-04:00,22.13494301768289,22.13494301768289,21.397111472069515,21.484947204589844,21500,0.0,0.0
2022-06-28 00:00:00-04:00,21.52008077233764,21.66940384879271,21.37954160336334,21.405893325805664,12300,0.0,0.0
2022-06-29 00:00:00-04:00,21.326838279869683,21.353188325032978,21.186299121135693,21.23021697998047,15000,0.0,0.0
2022-06-30 00:00:00-04:00,21.124811773250514,21.274134838825244,20.914003035149527,21.23021697998047,18000,0.0,0.0
2022-07-01 00:00:00-04:00,21.142376969657413,21.6342639643343,21.142376969657413,21.493724822998047,17200,0.0,0.0
2022-07-05 00:00:00-04:00,21.31805077110604,21.52007556823194,21.195077771472267,21.42345428466797,14700,0.0,0.0
2022-07-06 00:00:00-04:00,21.18629755164685,21.590347184235192,21.045756727965248,21.054540634155273,23700,0.0,0.0
2022-07-07 00:00:00-04:00,21.0633283879931,21.335624503547926,20.817385671181135,20.88765525817871,18200,0.0,0.0
2022-07-08 00:00:00-04:00,20.966704922972625,21.309268887589596,20.861299724051126,21.054540634155273,16600,0.0,0.0
2022-07-11 00:00:00-04:00,21.054540844033454,21.21264780631236,20.922785600587304,21.08089256286621,16700,0.0,0.0
2022-07-12 00:00:00-04:00,21.07211151616154,21.195082870017828,20.984274116824604,21.0106258392334,4900,0.0,0.0
2022-07-13 00:00:00-04:00,20.91400375052413,21.054542914065337,20.676844959147704,20.711978912353516,5300,0.0,0.0
2022-07-14 00:00:00-04:00,20.61535567294568,20.61535567294568,20.158604272014767,20.430898666381836,15500,0.0,0.0
2022-07-15 00:00:00-04:00,20.668061445722575,21.142380712869947,20.466034928344477,21.072111129760742,27000,0.0,0.0
2022-07-18 00:00:00-04:00,21.116030292502945,21.546431690847637,21.116030292502945,21.414674758911133,32700,0.0,0.0
2022-07-19 00:00:00-04:00,21.344406529129913,22.07345411542407,21.326840389070085,21.818727493286133,31000,0.0,0.0
2022-07-20 00:00:00-04:00,22.574123435493032,23.224117430806338,22.09980254208776,22.99574089050293,58100,0.0,0.0
2022-07-21 00:00:00-04:00,22.99574106054761,23.206549789611408,22.64439317877461,22.90790367126465,33300,0.0,0.0
2022-07-22 00:00:00-04:00,23.066012765729297,23.215335838684126,22.811284480835003,22.93425750732422,44900,0.0,0.0
2022-07-25 00:00:00-04:00,23.092366188163933,23.347092816458265,23.092366188163933,23.18898582458496,39500,0.0,0.0
2022-07-26 00:00:00-04:00,23.224120710569853,23.53155077652345,23.004528045654297,23.004528045654297,10800,0.0,0.0
2022-07-27 00:00:00-04:00,22.837636767463916,23.496414751140758,22.398451445012686,23.06601333618164,22400,0.0,0.0
2022-07-28 00:00:00-04:00,23.118712383469916,23.118712383469916,22.65317706871974,22.767364501953125,16500,0.0,0.0
2022-07-29 00:00:00-04:00,22.935487747192383,22.953185287802985,22.563847833021637,22.935487747192383,33600,0.19,0.0
2022-08-01 00:00:00-04:00,22.80276170707844,23.227492595192345,22.54615240734471,23.183250427246094,41200,0.0,0.0
2022-08-02 00:00:00-04:00,23.227490701400505,23.31597671780906,22.988578963416522,23.015125274658203,25800,0.0,0.0
2022-08-03 00:00:00-04:00,23.20094508897075,23.20094508897075,22.84700270040618,23.059368133544922,12100,0.0,0.0
2022-08-04 00:00:00-04:00,23.16555366601499,23.16555366601499,23.006279155669613,23.032825469970703,14900,0.0,0.0
2022-08-05 00:00:00-04:00,22.944339820345583,23.183251589789027,22.944339820345583,23.16555404663086,8300,0.0,0.0
2022-08-08 00:00:00-04:00,23.015125205490836,23.484099909635496,23.015125205490836,23.209793090820312,20500,0.0,0.0
2022-08-09 00:00:00-04:00,23.139006049098576,23.3867665721026,23.139006049098576,23.2717342376709,15500,0.0,0.0
2022-08-10 00:00:00-04:00,23.448705673217773,23.652222336269638,23.200945156634777,23.448705673217773,9800,0.0,0.0
2022-08-11 00:00:00-04:00,23.431007665678408,23.669919406802364,23.280581942125963,23.510644912719727,10400,0.0,0.0
2022-08-12 00:00:00-04:00,23.669919553889752,23.758405572011124,23.59913107693874,23.70531463623047,23400,0.0,0.0
2022-08-15 00:00:00-04:00,23.66992167537649,23.829196184724328,23.315979258898285,23.811498641967773,23800,0.0,0.0
2022-08-16 00:00:00-04:00,23.81149671275368,24.06810599874143,23.80264794209233,23.9796199798584,24000,0.0,0.0
2022-08-17 00:00:00-04:00,23.89113712557916,24.094653814556516,23.855742038245367,24.015016555786133,15600,0.0,0.0
2022-08-18 00:00:00-04:00,24.076948213857587,24.218526828084702,23.935371287360564,24.050403594970703,29200,0.0,0.0
2022-08-19 00:00:00-04:00,23.935374506830275,24.094648992495447,23.89113234424787,24.059255599975586,50500,0.0,0.0
2022-08-22 00:00:00-04:00,23.838039978173935,23.838039978173935,22.74966495415154,23.492944717407227,21900,0.0,0.0
2022-08-23 00:00:00-04:00,23.227487685421874,23.590278786632908,22.811605656351468,23.28057861328125,12400,0.0,0.0
2022-08-24 00:00:00-04:00,23.103610722022072,23.280581062749995,22.608089717431056,22.855850219726562,26600,0.0,0.0
2022-08-25 00:00:00-04:00,23.103610940246266,23.209792808139888,22.935487680395944,23.130155563354492,14800,0.0,0.0
2022-08-26 00:00:00-04:00,23.023976062984527,23.13900671298612,22.829306472278017,23.068218231201172,24500,0.0,0.0
2022-08-29 00:00:00-04:00,22.74082014274903,23.10361129106676,22.670031667168264,23.015125274658203,23200,0.0,0.0
2022-08-30 00:00:00-04:00,23.1567044205099,23.1567044205099,22.900095117377834,23.094764709472656,27800,0.0,0.0
2022-08-31 00:00:00-04:00,23.05051840098905,23.2894301361995,22.767364501953125,22.767364501953125,12400,0.0,0.0
2022-09-01 00:00:00-04:00,22.687727793507143,22.687727793507143,22.28069447594819,22.510757446289062,17800,0.0,0.0
2022-09-02 00:00:00-04:00,22.46651065195147,22.705422361530022,22.342631256346376,22.413419723510742,15000,0.0,0.0
2022-09-06 00:00:00-04:00,22.165660909580662,22.404572637105463,21.909053329733155,22.139116287231445,15200,0.0,0.0
2022-09-07 00:00:00-04:00,22.059484533729147,22.29839632070177,22.059484533729147,22.280698776245117,13500,0.0,0.0
2022-09-08 00:00:00-04:00,22.227605800376697,22.42227370842707,21.988694035225844,22.086027145385742,16300,0.0,0.0
2022-09-09 00:00:00-04:00,22.17450841883928,22.5549970696943,22.17450841883928,22.5461483001709,12600,0.0,0.0
2022-09-12 00:00:00-04:00,22.35148375102933,22.7408212291893,22.22760433477726,22.608091354370117,14600,0.0,0.0
2022-09-13 00:00:00-04:00,22.422270896505164,22.546150305389936,21.909054032614918,22.015235900878906,18000,0.0,0.0
2022-09-14 00:00:00-04:00,21.95329619643652,22.209905472246824,21.749779542488575,22.015235900878906,15400,0.0,0.0
2022-09-15 00:00:00-04:00,22.218757426568363,22.38687902336704,22.112573855357603,22.360334396362305,17800,0.0,0.0
2022-09-16 00:00:00-04:00,22.12142112329328,22.829305924146468,21.794023348067125,22.493061065673828,70900,0.0,0.0
2022-09-19 00:00:00-04:00,22.289543450351278,22.829304955193596,22.289543450351278,22.785062789916992,18400,0.0,0.0
2022-09-20 00:00:00-04:00,22.369180809022918,22.855851380401948,22.369180809022918,22.838153839111328,13600,0.0,0.0
2022-09-21 00:00:00-04:00,22.84700408910946,22.96203642721645,22.29839377542095,22.316089630126953,27500,0.0,0.0
2022-09-22 00:00:00-04:00,21.98868953995441,22.262994646977333,21.926749840407,22.209903717041016,14000,0.0,0.0
2022-09-23 00:00:00-04:00,21.74978181676333,21.829419070153804,21.448930345672768,21.732084274291992,8100,0.0,0.0
2022-09-26 00:00:00-04:00,21.944447661988026,21.99754028442103,21.66129375993353,21.84711456298828,20400,0.0,0.0
2022-09-27 00:00:00-04:00,21.935601205803046,21.935601205803046,21.351594156473176,21.50201988220215,19000,0.0,0.0
2022-09-28 00:00:00-04:00,21.404690787974737,21.9444523973414,21.30735598024091,21.749784469604492,22100,0.0,0.0
2022-09-29 00:00:00-04:00,21.537415739976407,21.537415739976407,21.307352757773767,21.351594924926758,7100,0.0,0.0
2022-09-30 00:00:00-04:00,21.493171129724605,21.53741329184865,21.165773391723633,21.165773391723633,16200,0.0,0.0
2022-10-03 00:00:00-04:00,21.33389798630535,21.87365948660393,21.33389798630535,21.758628845214844,13500,0.0,0.0
2022-10-04 00:00:00-04:00,21.7851764556451,22.183361026713932,21.723235058263697,21.93560218811035,18600,0.0,0.0
2022-10-05 00:00:00-04:00,21.732077269470903,21.935595566830884,21.696683883666992,21.696683883666992,6700,0.0,0.0
2022-10-06 00:00:00-04:00,21.687840767033148,21.687840767033148,21.236563588255073,21.30735206604004,9500,0.0,0.0
2022-10-07 00:00:00-04:00,21.165774525937806,21.165774525937806,20.626011342902483,20.732194900512695,13000,0.0,0.0
2022-10-10 00:00:00-04:00,20.61716079711914,20.944558524472303,20.555221097067793,20.61716079711914,15100,0.0,0.0
2022-10-11 00:00:00-04:00,20.590616688287323,20.687949781763326,20.46673559737106,20.528676986694336,8600,0.0,0.0
2022-10-12 00:00:00-04:00,20.39594837452235,20.767588294562504,20.31631112824729,20.732194900512695,19700,0.0,0.0
2022-10-13 00:00:00-04:00,20.440193506862457,21.767478777597283,20.440193506862457,21.74093246459961,20000,0.0,0.0
2022-10-14 00:00:00-04:00,21.811724188078475,22.077182294335074,21.563965314182546,21.749784469604492,13200,0.0,0.0
2022-10-17 00:00:00-04:00,21.97984589848104,22.103725326478287,21.758631669782748,22.050634384155273,15700,0.0,0.0
2022-10-18 00:00:00-04:00,22.121418068461608,22.271843778836356,21.39583582585291,21.422380447387695,19300,0.0,0.0
2022-10-19 00:00:00-04:00,22.13912061970757,22.13912061970757,21.847117902611068,21.9090576171875,17000,0.0,0.0
2022-10-20 00:00:00-04:00,21.98869550687164,22.00639305089628,21.386992511879342,21.48432731628418,10800,0.0,0.0
2022-10-21 00:00:00-04:00,21.634748384892802,22.395724048296653,21.634748384892802,21.997539520263672,19600,0.0,0.0
2022-10-24 00:00:00-04:00,21.944452075413366,22.475366592407227,21.687844432966944,22.475366592407227,14200,0.0,0.0
2022-10-25 00:00:00-04:00,22.333786347030617,22.829305702823955,22.333786347030617,22.80276107788086,13700,0.0,0.0
2022-10-26 00:00:00-04:00,22.802762848901025,22.89124887695489,22.360334396362305,22.360334396362305,9600,0.0,0.0
2022-10-27 00:00:00-04:00,22.608091767588512,23.24518977762762,22.608091767588512,22.88239860534668,15200,0.0,0.0
2022-10-28 00:00:00-04:00,22.93588206700202,23.506383214759804,22.909140968037843,23.497468948364258,22400,0.19,0.0
2022-10-31 00:00:00-04:00,23.310270325487647,23.73814486655305,23.310270325487647,23.59552001953125,15600,0.0,0.0
2022-11-01 00:00:00-04:00,23.782711816490558,23.782711816490558,23.363749917782755,23.38157844543457,9900,0.0,0.0
2022-11-02 00:00:00-04:00,23.452895338074978,23.488552400193296,22.819997787475586,22.819997787475586,17900,0.0,0.0
2022-11-03 00:00:00-04:00,22.802171788926092,22.820000321965367,22.552577427043737,22.570405960083008,11800,0.0,0.0
2022-11-04 00:00:00-04:00,22.650631495638507,22.90022584470652,22.51692090515373,22.837827682495117,25800,0.0,0.0
2022-11-07 00:00:00-05:00,22.83782673324374,23.49746709241019,22.73085724516865,22.980451583862305,10600,0.0,0.0
2022-11-08 00:00:00-05:00,22.855654442184097,23.22113084845822,22.72194385212178,23.149818420410156,25100,0.0,0.0
2022-11-09 00:00:00-05:00,22.891310281602046,23.051763661181305,22.641715946676275,22.87348175048828,12800,0.0,0.0
2022-11-10 00:00:00-05:00,23.30135707224789,23.960997443434522,23.221130379785237,23.71140480041504,28500,0.0,0.0
2022-11-11 00:00:00-05:00,23.845118081527243,24.01448575143966,23.488555908203125,23.488555908203125,7700,0.0,0.0
2022-11-14 00:00:00-05:00,23.35484266737123,23.720319066268928,23.19438928244593,23.71140480041504,14100,0.0,0.0
2022-11-15 00:00:00-05:00,23.747059492403093,24.03230919077562,23.693575599013823,23.98773956298828,9900,0.0,0.0
2022-11-16 00:00:00-05:00,24.148195202102876,24.513671624855654,23.925343641876914,24.094711303710938,23800,0.0,0.0
2022-11-17 00:00:00-05:00,23.84511532357892,24.076881134488985,23.702490470745396,23.94317054748535,9700,0.0,0.0
2022-11-18 00:00:00-05:00,24.29081752498412,24.415613841591803,23.978825033242618,24.139278411865234,14000,0.0,0.0
2022-11-21 00:00:00-05:00,24.237332304487946,24.388871409305676,23.845113144920496,23.88968276977539,18300,0.0,0.0
2022-11-22 00:00:00-05:00,23.889684692472038,24.486926894794955,23.782716904122395,24.379959106445312,10900,0.0,0.0
2022-11-23 00:00:00-05:00,24.415614876305,24.415614876305,24.16602223251211,24.33538818359375,7200,0.0,0.0
2022-11-25 00:00:00-05:00,24.22842329873293,24.638469377117662,24.210594764832052,24.451274871826172,6100,0.0,0.0
2022-11-28 00:00:00-05:00,24.36213029800429,24.379958829267313,24.05013780179061,24.246248245239258,6800,0.0,0.0
2022-11-29 00:00:00-05:00,24.228421355733918,24.397789013764655,23.907514572143555,23.907514572143555,10300,0.0,0.0
2022-11-30 00:00:00-05:00,24.067966253183343,24.067966253183343,23.292442148038507,23.98773956298828,15600,0.0,0.0
2022-12-01 00:00:00-05:00,23.916429853881105,24.023399353027344,23.791633521729253,24.023399353027344,4900,0.0,0.0
2022-12-02 00:00:00-05:00,23.85402999452134,24.549327439059763,23.85402999452134,24.183849334716797,13500,0.0,0.0
2022-12-05 00:00:00-05:00,23.622265263864666,23.782718658447266,23.622265263864666,23.782718658447266,17600,0.0,0.0
2022-12-06 00:00:00-05:00,23.889682398986295,24.73651885986328,23.889682398986295,24.73651885986328,44900,0.0,0.0
2022-12-07 00:00:00-05:00,24.531500207576507,25.333765485975718,24.43344497680664,24.43344497680664,19900,0.0,0.0
2022-12-08 00:00:00-05:00,24.58498343620534,24.638467333248673,23.764889647243685,23.85403060913086,14000,0.0,0.0
2022-12-09 00:00:00-05:00,23.80054560384564,23.88968486135973,22.82891273498535,22.82891273498535,11600,0.0,0.0
2022-12-12 00:00:00-05:00,23.01610607233418,23.381582450692523,23.01610607233418,23.176559448242188,17300,0.0,0.0
2022-12-13 00:00:00-05:00,23.631179269692723,23.88077362520496,22.864569370794197,23.44398307800293,26000,0.0,0.0
2022-12-14 00:00:00-05:00,23.29244424307222,23.622265299120084,22.311898741777284,23.00719451904297,14600,0.0,0.0
2022-12-15 00:00:00-05:00,22.695198640561248,22.695198640561248,21.910762015451333,22.365379333496094,12400,0.0,0.0
2022-12-16 00:00:00-05:00,22.106871409003638,23.176559448242188,21.687911138750046,23.176559448242188,70300,0.0,0.0
2022-12-19 00:00:00-05:00,22.96262561257653,22.96262561257653,22.320813713237545,22.44561004638672,27700,0.0,0.0
2022-12-20 00:00:00-05:00,22.71303502883606,22.766520637855717,22.28516035801563,22.472354888916016,17100,0.0,0.0
2022-12-21 00:00:00-05:00,22.91805323823127,22.91805323823127,22.19601467174148,22.32972526550293,18700,0.0,0.0
2022-12-22 00:00:00-05:00,22.097960965553888,22.097960965553888,21.224381579538203,21.393749237060547,28800,0.0,0.0
2022-12-23 00:00:00-05:00,21.340260333239904,21.420487010074122,21.028267890020384,21.1708927154541,33300,0.0,0.0
2022-12-27 00:00:00-05:00,20.689538167167562,21.71465671092011,20.689538167167562,21.402664184570312,9300,0.0,0.0
2022-12-28 00:00:00-05:00,21.39374869108501,21.545287812322425,20.778677940154047,20.921302795410156,25300,0.0,0.0
2022-12-29 00:00:00-05:00,21.001525829632456,21.108495302546956,20.671706546905085,20.716276168823242,21600,0.0,0.0
2022-12-30 00:00:00-05:00,20.653880390940476,20.84998913022191,20.529084075054318,20.64496612548828,36800,0.0,0.0
2023-01-03 00:00:00-05:00,20.734108652572786,20.876733510182138,20.582569528835048,20.743022918701172,17600,0.0,0.0
2023-01-04 00:00:00-05:00,20.76976595851454,20.76976595851454,20.368634146572052,20.457775115966797,17700,0.0,0.0
2023-01-05 00:00:00-05:00,20.51125853314794,20.627140600468792,20.35080513207097,20.52908706665039,10800,0.0,0.0
2023-01-06 00:00:00-05:00,20.734106534679622,20.75193506511529,20.448856848597856,20.66279411315918,17400,0.0,0.0
2023-01-09 00:00:00-05:00,20.671713528238115,20.671713528238115,20.422119140625,20.422119140625,7600,0.0,0.0
2023-01-10 00:00:00-05:00,20.288403615643162,20.894560052876404,20.288403615643162,20.76976203918457,24500,0.0,0.0
2023-01-11 00:00:00-05:00,20.930217733333084,21.21546745300293,20.725194709848186,21.21546745300293,5400,0.0,0.0
2023-01-12 00:00:00-05:00,21.268948274290683,21.812704792717803,21.268948274290683,21.589853286743164,13700,0.0,0.0
2023-01-13 00:00:00-05:00,21.286778327815366,21.68791177943532,21.197639072097438,21.607685089111328,4900,0.0,0.0
2023-01-17 00:00:00-05:00,21.625511058766335,21.625511058766335,21.09066708670032,21.367002487182617,6500,0.0,0.0
2023-01-18 00:00:00-05:00,21.046101030553253,21.188725887243514,20.422116007366558,20.4310302734375,6500,0.0,0.0
2023-01-19 00:00:00-05:00,20.27949088082499,20.582569122314453,20.27949088082499,20.582569122314453,7400,0.0,0.0
2023-01-20 00:00:00-05:00,20.78759047275927,21.233293533325195,20.65387989463394,21.233293533325195,13200,0.0,0.0
2023-01-23 00:00:00-05:00,21.393749106308356,21.393749106308356,20.48451436123687,21.081756591796875,9400,0.0,0.0
2023-01-24 00:00:00-05:00,20.73410485740543,21.260034561157227,20.591480025902108,21.260034561157227,20000,0.0,0.0
2023-01-25 00:00:00-05:00,21.83944900530733,21.83944900530733,20.805418086379937,21.375917434692383,11600,0.0,0.0
2023-01-26 00:00:00-05:00,21.206556263972267,21.830539641211825,20.992617260105646,21.777055740356445,21100,0.0,0.0
2023-01-27 00:00:00-05:00,21.580944478407805,21.607687277965614,21.090671721405393,21.456148147583008,5200,0.0,0.0
2023-01-30 00:00:00-05:00,21.9375027922146,21.9375027922146,21.563112194168326,21.589853286743164,9000,0.0,0.0
2023-01-31 00:00:00-05:00,21.714653790401616,22.133614057869032,21.527457619679744,22.062301635742188,9700,0.0,0.0
2023-02-01 00:00:00-05:00,22.24058498089004,22.24058498089004,21.616599971720504,21.848365783691406,17000,0.0,0.0
2023-02-02 00:00:00-05:00,21.990989700321073,22.2762393951416,21.785966694696604,22.2762393951416,18600,0.0,0.0
2023-02-03 00:00:00-05:00,22.258411953710425,22.46343666959316,21.946421147367435,22.160358428955078,11400,0.0,0.0
2023-02-06 00:00:00-05:00,22.178328382379114,22.40298729757499,21.971642591761665,22.268192291259766,5800,0.2,0.0
2023-02-07 00:00:00-05:00,22.1603582157166,22.591702979104877,22.08846742181855,22.483867645263672,13300,0.0,0.0
2023-02-08 00:00:00-05:00,22.07948128954543,22.250222571142295,21.836849212646484,21.836849212646484,9400,0.0,0.0
2023-02-09 00:00:00-05:00,21.845835448198915,21.845835448198915,21.351586452171887,21.567258834838867,11500,0.0,0.0
2023-02-10 00:00:00-05:00,21.52232785778717,21.881781831012923,20.90226868271541,21.630163192749023,6800,0.0,0.0
2023-02-13 00:00:00-05:00,21.567252089893145,21.684073951215137,20.183352591399625,20.560779571533203,86200,0.0,0.0
2023-02-14 00:00:00-05:00,20.713552549509817,21.162870407104492,20.650648323688422,21.162870407104492,14200,0.0,0.0
2023-02-15 00:00:00-05:00,21.342595402748824,21.962654443846606,21.117936503772523,21.234758377075195,15200,0.0,0.0
2023-02-16 00:00:00-05:00,21.05503845083638,21.252737722774214,20.551802849714342,20.830379486083984,16900,0.0,0.0
2023-02-17 00:00:00-05:00,20.965172823807183,21.423477280457625,20.731527313710192,21.261722564697266,15900,0.0,0.0
2023-02-21 00:00:00-05:00,21.046051702459387,21.15388875876243,20.68659770480234,20.848352432250977,15200,0.0,0.0
2023-02-22 00:00:00-05:00,20.893282226869736,21.31564043333642,20.668623278193717,20.71355438232422,25200,0.0,0.0
2023-02-23 00:00:00-05:00,20.830376199175895,21.081993103027344,20.830376199175895,21.081993103027344,8600,0.0,0.0
2023-02-24 00:00:00-05:00,21.126930199143025,21.126930199143025,20.533830642700195,20.533830642700195,9200,0.0,0.0
2023-02-27 00:00:00-05:00,20.68659387518257,21.037061243766196,20.470921516514835,20.623689651489258,11100,0.0,0.0
2023-02-28 00:00:00-05:00,20.776461935805855,20.920243536966154,20.668624877929688,20.668624877929688,10500,0.0,0.0
2023-03-01 00:00:00-05:00,20.848351625857397,20.857336475690918,20.668623776974638,20.758487701416016,10800,0.0,0.0
2023-03-02 00:00:00-05:00,20.381060098130295,20.71355438232422,20.381060098130295,20.71355438232422,13400,0.0,0.0
2023-03-03 00:00:00-05:00,20.67760940617211,20.90226835011486,20.6057186126709,20.6057186126709,9000,0.0,0.0
2023-03-06 00:00:00-05:00,20.569773496737707,20.569773496737707,19.66215110732218,19.985660552978516,50000,0.0,0.0
2023-03-07 00:00:00-05:00,19.985658273524333,20.32714080810547,19.689108553499462,20.32714080810547,14800,0.0,0.0
2023-03-08 00:00:00-05:00,20.102483393416787,20.488895343672766,20.102483393416787,20.34511375427246,7900,0.0,0.0
2023-03-09 00:00:00-05:00,20.38105954730482,20.56078567298124,19.99464589178353,20.012619018554688,22100,0.0,0.0
2023-03-10 00:00:00-05:00,19.994646233680584,19.994646233680584,19.356615648500007,19.75201416015625,13700,0.0,0.0
2023-03-13 00:00:00-04:00,19.50938306916949,19.868838772795257,18.296226068473906,18.39507484436035,16700,0.0,0.0
2023-03-14 00:00:00-04:00,19.55431325744582,19.778972184970687,17.83791918827676,17.91879653930664,31800,0.0,0.0
2023-03-15 00:00:00-04:00,17.972715453289542,18.269265189708353,17.810960739968063,18.116497039794922,25200,0.0,0.0
2023-03-16 00:00:00-04:00,17.999676338237116,18.961216404568184,17.16394473994583,17.41556167602539,41500,0.0,0.0
2023-03-17 00:00:00-04:00,17.34366530736151,18.224329442813534,17.34366530736151,17.945751190185547,41600,0.0,0.0
2023-03-20 00:00:00-04:00,17.954741617325148,18.30521072034998,17.83791972565797,17.864877700805664,25400,0.0,0.0
2023-03-21 00:00:00-04:00,18.197374338765982,19.078036981822464,18.197374338765982,18.727569580078125,17600,0.0,0.0
2023-03-22 00:00:00-04:00,18.898309877858246,18.94324097841816,18.035618692212648,18.044605255126953,12600,0.0,0.0
2023-03-23 00:00:00-04:00,18.31419563293457,18.62871848483822,18.116496387115077,18.31419563293457,25100,0.0,0.0
2023-03-24 00:00:00-04:00,17.981702249465002,18.31419652980833,17.90082489175733,18.01764678955078,12000,0.0,0.0
2023-03-27 00:00:00-04:00,18.260278287006493,18.278251413488636,17.667178825189243,17.846906661987305,9900,0.0,0.0
2023-03-28 00:00:00-04:00,17.712109153794312,18.053591685993805,17.712109153794312,17.981700897216797,8800,0.0,0.0
2023-03-29 00:00:00-04:00,18.17940082871832,18.17940082871832,17.918797352252362,18.0086612701416,12900,0.0,0.0
2023-03-30 00:00:00-04:00,17.873864586771656,18.2063605696972,17.69413846449736,17.927783966064453,29100,0.0,0.0
2023-03-31 00:00:00-04:00,18.008661372303223,18.107510139931644,17.82893353550516,17.846906661987305,29600,0.0,0.0
2023-04-03 00:00:00-04:00,17.846906890914898,18.610745922075452,17.846906890914898,18.27825164794922,17800,0.0,0.0
2023-04-04 00:00:00-04:00,17.79298861897401,17.88285254412273,17.55934481320387,17.658193588256836,16000,0.0,0.0
2023-04-05 00:00:00-04:00,17.712109849189726,17.88285112199295,17.523397163995377,17.703125,11200,0.0,0.0
2023-04-06 00:00:00-04:00,17.667174221472802,18.02662808739067,17.667174221472802,17.757038116455078,6700,0.0,0.0
2023-04-10 00:00:00-04:00,17.523397238254265,17.775015866924686,17.31671142578125,17.31671142578125,19200,0.0,0.0
2023-04-11 00:00:00-04:00,17.32569819410501,17.87386484610854,17.32569819410501,17.52339744567871,9900,0.0,0.0
2023-04-12 00:00:00-04:00,17.58629847135003,17.58629847135003,17.325695037841797,17.325695037841797,13500,0.0,0.0
2023-04-13 00:00:00-04:00,17.47846842761921,17.891840106761187,17.47846842761921,17.50542640686035,6000,0.0,0.0
2023-04-14 00:00:00-04:00,17.586297626759837,17.640215280411535,17.208870623175333,17.235830307006836,17700,0.0,0.0
2023-04-17 00:00:00-04:00,17.038131625799966,17.30772335750634,17.038131625799966,17.199886322021484,11700,0.0,0.0
2023-04-18 00:00:00-04:00,17.074079568922542,17.074079568922542,16.454020409917344,16.4630069732666,13100,0.0,0.0
2023-04-19 00:00:00-04:00,16.40010458140909,17.011177245533634,16.40010458140909,16.99320411682129,10600,0.0,0.0
2023-04-20 00:00:00-04:00,17.07408160357175,17.07408160357175,16.813476377423097,17.056108474731445,7400,0.0,0.0
2023-04-21 00:00:00-04:00,17.092050082845166,17.29873586624798,16.77752726974746,16.96623992919922,9100,0.0,0.0
2023-04-24 00:00:00-04:00,16.966237729352425,17.07407474506514,16.840429306030273,16.840429306030273,10400,0.0,0.0
2023-04-25 00:00:00-04:00,16.732598784877336,16.885366934276746,16.382129669189453,16.382129669189453,13600,0.0,0.0
2023-04-26 00:00:00-04:00,16.382129818499955,16.67867955662378,16.382129818499955,16.669692993164062,8000,0.0,0.0
2023-04-27 00:00:00-04:00,16.660709385959315,16.88536834716797,16.660709385959315,16.88536834716797,7400,0.0,0.0
2023-04-28 00:00:00-04:00,16.876381183738715,17.253808293726856,16.876381183738715,17.226848602294922,14900,0.0,0.0
2023-05-01 00:00:00-04:00,17.08306638537508,17.163943742704983,17.029148718492387,17.11901092529297,16200,0.0,0.0
2023-05-02 00:00:00-04:00,17.06509106559158,17.074077627919234,16.07659149169922,16.07659149169922,14800,0.0,0.0
2023-05-03 00:00:00-04:00,16.175445716245015,16.28328277518522,15.411604881286621,15.411604881286621,37000,0.0,0.0
2023-05-04 00:00:00-04:00,15.348697485807776,15.573356407856492,14.53992570923471,14.602829933166504,23300,0.0,0.0
2023-05-05 00:00:00-04:00,14.836476295260155,15.142012584437827,14.378171861493646,14.611817359924316,56900,0.0,0.0
2023-05-08 00:00:00-04:00,14.921159047789844,15.18500965054833,14.784685376005784,14.993945121765137,17200,0.2,0.0
2023-05-09 00:00:00-04:00,15.103122865048752,15.103122865048752,14.611815636914448,15.021238327026367,8400,0.0,0.0
2023-05-10 00:00:00-04:00,15.048536244606531,15.239599041408086,14.284280719008008,14.539031982421875,27400,0.0,0.0
2023-05-11 00:00:00-04:00,14.511736378499252,14.566326364862205,14.156904504014452,14.247886657714844,14300,0.0,0.0
2023-05-12 00:00:00-04:00,14.220591880172709,14.639112210272268,14.12051125233439,14.566326141357422,11000,0.0,0.0
2023-05-15 00:00:00-04:00,14.675505371103416,14.90296206878879,14.56632712801429,14.82107925415039,12300,0.0,0.0
2023-05-16 00:00:00-04:00,14.939356031989728,15.357875524401168,14.338870486573468,15.248697280883789,34000,0.0,0.0
2023-05-17 00:00:00-04:00,15.439760799022412,15.830986616586005,15.00304433375202,15.74000358581543,19000,0.0,0.0
2023-05-18 00:00:00-04:00,15.876479891772414,16.28590095021051,15.012143653919093,15.840085983276367,15900,0.0,0.0
2023-05-19 00:00:00-04:00,16.158525008652813,16.167623485364352,15.658119201660156,15.658119201660156,23700,0.0,0.0
2023-05-22 00:00:00-04:00,15.88557339340817,16.577041895582727,15.71270756938207,16.376880645751953,16400,0.0,0.0
2023-05-23 00:00:00-04:00,16.495157937435422,16.722614621122577,16.340487323113887,16.640731811523438,9700,0.0,0.0
2023-05-24 00:00:00-04:00,16.52245422505235,17.059252165350596,16.39507903086526,17.013761520385742,18600,0.0,0.0
2023-05-25 00:00:00-04:00,17.01376319453734,17.01376319453734,16.54975128173828,16.54975128173828,4800,0.0,0.0
2023-05-26 00:00:00-04:00,16.395077752805626,16.92277717590332,16.395077752805626,16.92277717590332,5300,0.0,0.0
2023-05-30 00:00:00-04:00,16.959169174749107,16.959169174749107,16.41327454168051,16.64982795715332,19500,0.0,0.0
2023-05-31 00:00:00-04:00,16.57704323153838,16.777206232857147,16.36778348957499,16.467864990234375,18600,0.0,0.0
2023-06-01 00:00:00-04:00,16.586141261703517,16.859090328340354,16.586141261703517,16.749910354614258,8300,0.0,0.0
2023-06-02 00:00:00-04:00,16.94097462925337,17.959979604262372,16.604337972554188,17.696130752563477,41900,0.0,0.0
2023-06-05 00:00:00-04:00,17.823504917298997,17.832603392401662,16.83179369074546,17.441377639770508,11400,0.0,0.0
2023-06-06 00:00:00-04:00,17.432280497005195,18.414893323556498,17.432280497005195,18.196535110473633,11700,0.0,0.0
2023-06-07 00:00:00-04:00,18.37850202461423,18.760629349414547,18.37850202461423,18.569564819335938,47100,0.0,0.0
2023-06-08 00:00:00-04:00,18.678745353172687,18.678745353172687,17.95088285152231,18.442190170288086,10200,0.0,0.0
2023-06-09 00:00:00-04:00,17.969074249267578,17.969074249267578,17.969074249267578,17.969074249267578,2900,0.0,0.0
2023-06-12 00:00:00-04:00,18.12375077983471,18.205635334523603,17.42318369432174,17.495969772338867,9200,0.0,0.0
2023-06-13 00:00:00-04:00,17.559655322890812,18.733332646119752,17.523263155810987,18.24202537536621,14800,0.0,0.0
2023-06-14 00:00:00-04:00,18.369403273945277,18.57866301799704,17.92358835756491,18.105552673339844,13500,0.0,0.0
2023-06-15 00:00:00-04:00,17.959978326486002,18.269319534301758,17.796209247600405,18.269319534301758,6600,0.0,0.0
2023-06-16 00:00:00-04:00,18.414889933076378,18.414889933076378,17.705224569700363,17.714323043823242,21400,0.0,0.0
2023-06-20 00:00:00-04:00,17.823504486151343,17.823504486151343,17.204822076989455,17.450475692749023,6700,0.0,0.0
2023-06-21 00:00:00-04:00,17.69613128699375,17.69613128699375,17.48686981201172,17.48686981201172,6800,0.0,0.0
2023-06-22 00:00:00-04:00,16.804501163497658,17.60514975704305,16.804501163497658,17.495969772338867,29100,0.0,0.0
2023-06-23 00:00:00-04:00,17.14113689852387,17.6051487706438,16.30409618054698,17.323102951049805,82600,0.0,0.0
2023-06-26 00:00:00-04:00,16.99556370863022,17.641539858313724,16.031147854228646,17.30490493774414,15400,0.0,0.0
2023-06-27 00:00:00-04:00,17.47777214037617,17.47777214037617,17.09564654714099,17.432281494140625,11300,0.0,0.0
2023-06-28 00:00:00-04:00,17.25941192092516,17.377690364044636,17.104741312092806,17.27760887145996,5300,0.0,0.0
2023-06-29 00:00:00-04:00,17.332198309863728,17.468673706054688,17.059250988195302,17.468673706054688,4000,0.0,0.0
2023-06-30 00:00:00-04:00,17.341298887663005,17.495969518121655,17.32310366994084,17.42318344116211,18100,0.0,0.0
2023-07-03 00:00:00-04:00,17.286707658034103,17.741621017456055,16.904580366705396,17.741621017456055,6800,0.0,0.0
2023-07-05 00:00:00-04:00,17.523261147579735,17.878092978887715,17.523261147579735,17.778013229370117,11700,0.0,0.0
2023-07-06 00:00:00-04:00,17.787112627893706,17.823506531600614,17.404985315755376,17.605148315429688,12100,0.0,0.0
2023-07-07 00:00:00-04:00,17.73252396740018,18.39669710905816,17.605148771837523,18.378501892089844,52200,0.0,0.0
2023-07-10 00:00:00-04:00,18.196536293281646,18.26022389265102,17.87809656107783,18.014570236206055,10900,0.0,0.0
2023-07-11 00:00:00-04:00,18.36030866926016,18.36030866926016,17.51416930318919,17.559659957885742,10700,0.0,0.0
2023-07-12 00:00:00-04:00,17.905392199971715,18.123750429805888,17.596050940534067,17.659738540649414,12100,0.0,0.0
2023-07-13 00:00:00-04:00,17.796210237821096,17.941782374851215,17.550558341180746,17.896291732788086,6500,0.0,0.0
2023-07-14 00:00:00-04:00,17.514165224240386,17.941783179012862,17.204823985347335,17.841703414916992,10200,0.0,0.0
2023-07-17 00:00:00-04:00,17.677931744495933,18.378498667902047,17.677931744495933,17.778013229370117,10200,0.0,0.0
2023-07-18 00:00:00-04:00,17.9235868931779,18.46948153125907,17.9235868931779,18.45128631591797,14000,0.0,0.0
2023-07-19 00:00:00-04:00,18.29661356685554,19.552173517168743,18.29661356685554,19.160947799682617,44700,0.0,0.0
2023-07-20 00:00:00-04:00,19.261032127939043,19.970697608862544,17.759818356136247,19.92520523071289,42600,0.0,0.0
2023-07-21 00:00:00-04:00,19.852420756994192,19.87061770971693,19.406605827428628,19.424802780151367,15500,0.0,0.0
2023-07-24 00:00:00-04:00,19.288328991414065,19.93430519104004,19.151853582157276,19.93430519104004,14000,0.0,0.0
2023-07-25 00:00:00-04:00,19.93430317926501,19.93430317926501,19.524880463527516,19.779632568359375,8500,0.0,0.0
2023-07-26 00:00:00-04:00,20.04348580519175,20.662166595458984,20.04348580519175,20.662166595458984,10200,0.0,0.0
2023-07-27 00:00:00-04:00,20.753146595049806,21.508302688598633,20.334627144933048,21.508302688598633,26900,0.0,0.0
2023-07-28 00:00:00-04:00,21.517399908817367,21.835839583142857,21.208058709227647,21.808544158935547,31200,0.0,0.0
2023-07-31 00:00:00-04:00,21.39912749310134,22.05420218704474,21.03519710757723,21.289947509765625,44900,0.0,0.0
2023-08-01 00:00:00-04:00,21.15347030636666,21.46281151634206,20.771343031418027,21.362730026245117,20000,0.0,0.0
2023-08-02 00:00:00-04:00,21.18076652374564,21.553795337605976,21.09888198066832,21.308141708374023,25800,0.0,0.0
2023-08-03 00:00:00-04:00,21.007900884499456,21.89043225298452,21.007900884499456,21.34453582763672,12100,0.0,0.0
2023-08-04 00:00:00-04:00,22.126984689612748,22.126984689612748,21.299042545537684,21.51740074157715,14500,0.0,0.0
2023-08-07 00:00:00-04:00,21.58163562532348,22.251473372796692,21.526579173359924,21.866086959838867,22800,0.2,0.0
2023-08-08 00:00:00-04:00,21.544928640845015,22.471691131591797,21.27882949012369,22.471691131591797,18500,0.0,0.0
2023-08-09 00:00:00-04:00,22.30652603408928,22.453339725580662,21.563281502144502,21.75597381591797,25200,0.0,0.0
2023-08-10 00:00:00-04:00,22.022075131578077,22.022075131578077,21.27883058593136,21.44399642944336,10700,0.0,0.0
2023-08-11 00:00:00-04:00,21.544929449240875,21.55410552376966,20.948498606127902,21.104488372802734,20800,0.0,0.0
2023-08-14 00:00:00-04:00,21.122840855559467,21.122840855559467,20.544760402214276,20.691574096679688,11500,0.0,0.0
2023-08-15 00:00:00-04:00,20.498881845282583,21.416468313736925,20.39794677370227,20.581464767456055,11100,0.0,0.0
2023-08-16 00:00:00-04:00,20.553936872792708,21.379764357606856,20.553936872792708,21.150367736816406,23600,0.0,0.0
2023-08-17 00:00:00-04:00,20.72828172237299,21.3247126706387,20.72828172237299,20.985206604003906,9800,0.0,0.0
2023-08-18 00:00:00-04:00,20.829216203013313,21.09531540288099,20.544763101229652,20.847566604614258,56200,0.0,0.0
2023-08-21 00:00:00-04:00,20.728280386317184,20.82921546726591,20.223608481888466,20.801687240600586,12600,0.0,0.0
2023-08-22 00:00:00-04:00,20.682399477814915,20.682399477814915,20.27866094870232,20.563112258911133,6200,0.0,0.0
2023-08-23 00:00:00-04:00,20.599815812644216,20.737453425503073,20.471352523839705,20.51723289489746,8500,0.0,0.0
2023-08-24 00:00:00-04:00,20.4254726207953,20.51723160699373,20.333713634596872,20.443824768066406,9600,0.0,0.0
2023-08-25 00:00:00-04:00,20.40712175451605,20.636518359333216,20.196077298121992,20.51723289489746,7700,0.0,0.0
2023-08-28 00:00:00-04:00,20.18690299987793,20.728279174887245,20.18690299987793,20.18690299987793,12900,0.0,0.0
2023-08-29 00:00:00-04:00,19.994210096516422,20.70075035095215,19.920801498489535,20.70075035095215,11600,0.0,0.0
2023-08-30 00:00:00-04:00,20.416298026454697,20.664046782094353,19.98503303527832,19.98503303527832,22500,0.0,0.0
2023-08-31 00:00:00-04:00,19.985033932274867,20.15937410133615,19.6363500938377,19.819868087768555,11700,0.0,0.0
2023-09-01 00:00:00-04:00,19.86574735911224,20.141024358986936,19.86574735911224,19.96668243408203,12200,0.0,0.0
2023-09-05 00:00:00-04:00,19.84739224099082,19.966679448144802,19.498710193482374,19.5812931060791,14700,0.0,0.0
2023-09-06 00:00:00-04:00,19.416131431719318,19.416131431719318,18.727941513061523,18.727941513061523,15300,0.0,0.0
2023-09-07 00:00:00-04:00,18.819695520973646,18.856398063473097,17.709415170313978,18.122329711914062,81700,0.0,0.0
2023-09-08 00:00:00-04:00,18.223265789067817,19.2326093915564,18.20491364170985,19.150028228759766,62600,0.0,0.0
2023-09-11 00:00:00-04:00,19.15003071589421,19.718933356621225,18.92063409459779,19.406953811645508,30900,0.0,0.0
2023-09-12 00:00:00-04:00,19.4161303036774,20.48053050934914,19.4161303036774,20.306188583374023,41700,0.0,0.0
2023-09-13 00:00:00-04:00,20.241956148178723,20.73745366026871,20.095142459446258,20.20525360107422,49800,0.0,0.0
2023-09-14 00:00:00-04:00,20.196078732798227,20.599817276000977,20.131847958911788,20.599817276000977,13000,0.0,0.0
2023-09-15 00:00:00-04:00,20.599819286182594,21.021908270143296,20.18690462782321,20.278663635253906,67500,0.0,0.0
2023-09-18 00:00:00-04:00,20.333717058678978,20.618168388652705,19.773988723754883,19.773988723754883,31100,0.0,0.0
2023-09-19 00:00:00-04:00,19.755637623769676,20.508058260365253,19.755637623769676,20.168550491333008,24400,0.0,0.0
2023-09-20 00:00:00-04:00,20.287841047777352,20.902624162866292,19.608827148302016,19.700584411621094,24600,0.0,0.0
2023-09-21 00:00:00-04:00,19.6363502046796,20.04926481827617,19.581295506252495,19.93915367126465,16000,0.0,0.0
2023-09-22 00:00:00-04:00,19.87492191297859,20.17772536455527,19.370250077069862,19.44365692138672,16300,0.0,0.0
2023-09-25 00:00:00-04:00,19.306020042694207,19.627173904969354,19.306020042694207,19.48953628540039,8800,0.0,0.0
2023-09-26 00:00:00-04:00,19.434484309876442,19.434484309876442,19.168383357966224,19.205087661743164,11200,0.0,0.0
2023-09-27 00:00:00-04:00,19.31519717682523,19.31519717682523,19.076626201619877,19.10415267944336,7500,0.0,0.0
2023-09-28 00:00:00-04:00,19.177556924282072,19.654702309996527,19.177556924282072,19.49871253967285,6600,0.0,0.0
2023-09-29 00:00:00-04:00,19.241785771228702,19.35189690697043,19.195907152261306,19.27849006652832,8500,0.0,0.0
2023-10-02 00:00:00-04:00,18.911456438578835,19.22343595747058,18.856399993957574,18.98486328125,7800,0.0,0.0
2023-10-03 00:00:00-04:00,18.94815893113016,18.94815893113016,18.55359649658203,18.55359649658203,7500,0.0,0.0
2023-10-04 00:00:00-04:00,18.48936350673018,18.792166914278805,18.388430204318617,18.746288299560547,12300,0.0,0.0
2023-10-05 00:00:00-04:00,18.489366419381998,19.223436621611864,18.489366419381998,19.131677627563477,20100,0.0,0.0
2023-10-06 00:00:00-04:00,19.030743053398997,19.526240584036003,18.920633657806743,19.48953628540039,21400,0.0,0.0
2023-10-09 00:00:00-04:00,19.140853881835938,19.617997505087875,19.09497350930202,19.140853881835938,10800,0.0,0.0
2023-10-10 00:00:00-04:00,19.20508497160357,19.728108976059993,19.131678124489635,19.48953628540039,25000,0.0,0.0
2023-10-11 00:00:00-04:00,19.709757755010994,19.709757755010994,19.39777820254419,19.544591903686523,8100,0.0,0.0
2023-10-12 00:00:00-04:00,19.462007615926247,19.572118759155273,19.324369999507894,19.572118759155273,9000,0.0,0.0
2023-10-13 00:00:00-04:00,19.342723762279512,19.41613061383787,19.214262209591737,19.23261260986328,8300,0.0,0.0
2023-10-16 00:00:00-04:00,19.232611445422986,19.709756826742186,19.232611445422986,19.48953628540039,13000,0.0,0.0
2023-10-17 00:00:00-04:00,19.562941442707427,20.07678932811982,19.562941442707427,19.718931198120117,14300,0.0,0.0
2023-10-18 00:00:00-04:00,19.41612664950052,19.42530272284144,18.425133480722582,18.79216766357422,14500,0.0,0.0
2023-10-19 00:00:00-04:00,18.627003436651822,18.902280409948816,18.544420519678443,18.663707733154297,29700,0.0,0.0
2023-10-20 00:00:00-04:00,18.718761703613747,18.718761703613747,18.39760612226978,18.627002716064453,14400,0.0,0.0
2023-10-23 00:00:00-04:00,18.75546909687519,18.810523798436297,18.581127166748047,18.581127166748047,4900,0.0,0.0
2023-10-24 00:00:00-04:00,19.287666772438854,19.287666772438854,18.35172821351202,18.663707733154297,16300,0.0,0.0
2023-10-25 00:00:00-04:00,20.159375475992668,20.159375475992668,18.581127271165183,18.70041275024414,21300,0.0,0.0
2023-10-26 00:00:00-04:00,18.782994770471877,19.076623916625977,18.63618107247349,19.076623916625977,21700,0.0,0.0
2023-10-27 00:00:00-04:00,18.91145877956108,19.17755796087458,18.68206214904785,18.68206214904785,8000,0.0,0.0
2023-10-30 00:00:00-04:00,18.975688618166874,19.57211947798996,18.975688618166874,19.397777557373047,7900,0.0,0.0
2023-10-31 00:00:00-04:00,19.021566867533675,19.370250701904297,19.021566867533675,19.370250701904297,9300,0.0,0.0
2023-11-01 00:00:00-04:00,19.131678725648772,19.462008672962508,19.09497442585983,19.19590950012207,8600,0.0,0.0
2023-11-02 00:00:00-04:00,19.388601327078234,19.97585785756259,19.388601327078234,19.819868087768555,11600,0.0,0.0
2023-11-03 00:00:00-04:00,20.15937367160532,21.306356733830054,20.131847198212572,20.884267807006836,33000,0.0,0.0
2023-11-06 00:00:00-05:00,20.569521514369523,20.9953541241938,20.41214886203685,20.74540901184082,27500,0.2,0.0
2023-11-07 00:00:00-05:00,20.467696297171855,20.85649927180175,20.19923630164673,20.458438873291016,13800,0.0,0.0
2023-11-08 00:00:00-05:00,20.532493377509027,20.532493377509027,19.745630123979915,20.041860580444336,19100,0.0,0.0
2023-11-09 00:00:00-05:00,20.319576594382116,20.319576594382116,19.838201252086787,20.004831314086914,7500,0.0,0.0
2023-11-10 00:00:00-05:00,20.189973698922934,20.33808891167783,20.134430935558004,20.27328872680664,17100,0.0,0.0
2023-11-13 00:00:00-05:00,19.94003322487526,20.54175158322068,19.875231265089134,20.41214942932129,9100,0.0,0.0
2023-11-14 00:00:00-05:00,20.773178979967668,22.62462091272875,20.773178979967668,22.439476013183594,33600,0.0,0.0
2023-11-15 00:00:00-05:00,22.58759068703717,22.68016313459862,22.1154727935791,22.1154727935791,35100,0.0,0.0
2023-11-16 00:00:00-05:00,21.587815321524797,21.80073074634511,21.356385051327194,21.513757705688477,17000,0.0,0.0
2023-11-17 00:00:00-05:00,21.735930954955712,22.19879150390625,21.735930954955712,22.19879150390625,21700,0.0,0.0
2023-11-20 00:00:00-05:00,21.52301213360994,22.26358818892748,21.3471246583448,21.884042739868164,13300,0.0,0.0
2023-11-21 00:00:00-05:00,21.374901600570126,21.523016844049533,21.319358825683594,21.319358825683594,4500,0.0,0.0
2023-11-22 00:00:00-05:00,21.569299210749065,21.995131801080362,21.476728520639107,21.754444122314453,13000,0.0,0.0
2023-11-24 00:00:00-05:00,21.550786832612964,21.976617671112642,21.550786832612964,21.847017288208008,5500,0.0,0.0
2023-11-27 00:00:00-05:00,21.652616153325432,21.70816069109561,21.54153060913086,21.54153060913086,8000,0.0,0.0
2023-11-28 00:00:00-05:00,21.56930219550948,21.578559618936065,21.161986158777605,21.319358825683594,8600,0.0,0.0
2023-11-29 00:00:00-05:00,21.56004439436551,22.032160582475104,21.37489947558593,21.97661781311035,9900,0.0,0.0
2023-11-30 00:00:00-05:00,21.976618373872473,22.31913595265263,21.8747884893781,22.15250587463379,17100,0.0,0.0
2023-12-01 00:00:00-05:00,22.08770463835474,22.985653413908658,22.08770463835474,22.800508499145508,16800,0.0,0.0
2023-12-04 00:00:00-05:00,23.01342766798446,23.01342766798446,22.772739964278607,22.948627471923828,9800,0.0,0.0
2023-12-05 00:00:00-05:00,22.994910831606944,23.022683098517682,22.58759307861328,22.58759307861328,8000,0.0,0.0
2023-12-06 00:00:00-05:00,23.133771257021973,23.46703143503472,22.40245246887207,22.40245246887207,15100,0.0,0.0
2023-12-07 00:00:00-05:00,22.596851907033106,22.77273941040039,22.522794289668912,22.77273941040039,17100,0.0,0.0
2023-12-08 00:00:00-05:00,22.652392926554995,23.09674036204432,22.652392926554995,22.9023380279541,24700,0.0,0.0
2023-12-11 00:00:00-05:00,22.624626312149477,22.624626312149477,22.42096652091139,22.541311264038086,24500,0.0,0.0
2023-12-12 00:00:00-05:00,22.578337496185554,23.059712901161667,21.772961112545623,22.522794723510742,12900,0.0,0.0
2023-12-13 00:00:00-05:00,22.61536669361861,24.994469631600314,22.096963373425673,24.346464157104492,164300,0.0,0.0
2023-12-14 00:00:00-05:00,24.346462530594707,27.21619809415807,24.346462530594707,26.70705223083496,125000,0.0,0.0
2023-12-15 00:00:00-05:00,26.845912231734545,27.355058136756906,26.40156652200526,26.753339767456055,139000,0.0,0.0
2023-12-18 00:00:00-05:00,26.734822520504697,27.049567811381653,26.64225183021255,26.725566864013672,45000,0.0,0.0
2023-12-19 00:00:00-05:00,26.882940716318412,27.567974096135632,26.82739618084226,26.845911026000977,54700,0.0,0.0
2023-12-20 00:00:00-05:00,27.16991332238168,27.512429124017913,26.586708068847656,26.586708068847656,58800,0.0,0.0
2023-12-21 00:00:00-05:00,26.947739990435494,27.280998363572294,26.707052308592235,26.98476791381836,23100,0.0,0.0
2023-12-22 00:00:00-05:00,27.169913821997714,27.512429629932328,26.845911093595618,27.123626708984375,46300,0.0,0.0
2023-12-26 00:00:00-05:00,27.37357331716105,27.577233094196355,27.105115109713946,27.16065788269043,45500,0.0,0.0
2023-12-27 00:00:00-05:00,27.10511608262448,27.466146768439835,27.10511608262448,27.299516677856445,31700,0.0,0.0
2023-12-28 00:00:00-05:00,27.466141805923183,27.540199414393808,27.355054510380917,27.456884384155273,25600,0.0,0.0
2023-12-29 00:00:00-05:00,27.327285978291727,27.56797366456873,27.20694125231683,27.30877113342285,30500,0.0,0.0
2024-01-02 00:00:00-05:00,27.197685809450448,27.503173709330486,26.54042465982212,27.16065788269043,81000,0.0,0.0
2024-01-03 00:00:00-05:00,27.11437019556364,27.299513344750224,26.57745029560609,26.68853759765625,74100,0.0,0.0
2024-01-04 00:00:00-05:00,26.827395333450358,27.077340438179633,26.61447991786887,26.836652755737305,38600,0.0,0.0
2024-01-05 00:00:00-05:00,26.80888315859987,27.281001148212756,26.679282765022073,26.994028091430664,59200,0.0,0.0
2024-01-08 00:00:00-05:00,27.09585592472447,27.132883849076784,26.836653391567072,27.077341079711914,20100,0.0,0.0
2024-01-09 00:00:00-05:00,26.845913016172915,26.994028257077275,26.52191026456727,26.697797775268555,52300,0.0,0.0
2024-01-10 00:00:00-05:00,26.66076703285568,26.818139690831597,26.392308831410222,26.494138717651367,48500,0.0,0.0
2024-01-11 00:00:00-05:00,26.39230946816503,26.55893955306243,26.086821567744114,26.438594818115234,46700,0.0,0.0
2024-01-12 00:00:00-05:00,26.568197482159544,26.651512526194917,26.290480080150644,26.336767196655273,26100,0.0,0.0
2024-01-16 00:00:00-05:00,26.160880740552287,26.29973856432146,25.735048079897396,25.753562927246094,33700,0.0,0.0
2024-01-17 00:00:00-05:00,25.55916036728891,25.966476383690065,25.5499029443244,25.68876075744629,31900,0.0,0.0
2024-01-18 00:00:00-05:00,25.688760052986353,25.873904975853588,25.40178701164769,25.596187591552734,24900,0.0,0.0
2024-01-19 00:00:00-05:00,25.63321769707489,25.947963011637256,25.420300502631264,25.855390548706055,32100,0.0,0.0
2024-01-22 00:00:00-05:00,25.901673523831093,26.503391829236048,25.901673523831093,26.46636390686035,31500,0.0,0.0
2024-01-23 00:00:00-05:00,26.753338784281073,26.753338784281073,26.364535861138084,26.401565551757812,29300,0.0,0.0
2024-01-24 00:00:00-05:00,26.84591067344672,27.11437062770413,26.66076575563659,26.94774055480957,22800,0.0,0.0
2024-01-25 00:00:00-05:00,27.290256996860315,27.290256996860315,26.827396457161846,27.18842887878418,32200,0.0,0.0
2024-01-26 00:00:00-05:00,27.188429241895687,27.373572400844026,26.87368392944336,26.87368392944336,21600,0.0,0.0
2024-01-29 00:00:00-05:00,26.725568696015543,27.03105658566952,26.52190892579765,26.87368392944336,23400,0.0,0.0
2024-01-30 00:00:00-05:00,26.864429208162903,26.984772185297512,26.71631395984045,26.734827041625977,33600,0.0,0.0
2024-01-31 00:00:00-05:00,26.568198424451836,26.744084176388682,25.494362002880177,25.62396240234375,52400,0.0,0.0
2024-02-01 00:00:00-05:00,25.623962465119202,26.022022853787398,24.624183664459256,25.11481475830078,40100,0.0,0.0
2024-02-02 00:00:00-05:00,24.466806857040538,25.281440578275035,24.466806857040538,24.93892478942871,35600,0.0,0.0
2024-02-05 00:00:00-05:00,24.724419600277475,25.041519048190075,24.556543212690897,24.621828079223633,47200,0.2,0.0
2024-02-06 00:00:00-05:00,24.575192605642354,24.901618664926797,24.528559294956622,24.687108993530273,19700,0.0,0.0
2024-02-07 00:00:00-05:00,24.84565919317518,24.84565919317518,24.080890671295005,24.286073684692383,25500,0.0,0.0
2024-02-08 00:00:00-05:00,24.127521932986003,24.50990616143776,24.024930435003746,24.14617347717285,16100,0.0,0.0
2024-02-09 00:00:00-05:00,24.12752535286489,24.743070870249362,24.04358716605073,24.54721450805664,43800,0.0,0.0
2024-02-12 00:00:00-05:00,24.668455955439935,25.731670470434363,24.668455955439935,25.46120262145996,38000,0.0,0.0
2024-02-13 00:00:00-05:00,24.808356276294095,25.106802378687192,23.8477313276971,24.220788955688477,72200,0.0,0.0
2024-02-14 00:00:00-05:00,24.547214122186087,24.994883258905094,24.39799107661309,24.948251724243164,45700,0.0,0.0
2024-02-15 00:00:00-05:00,25.423901034646338,25.974161686292565,25.06017008076729,25.78763198852539,36700,0.0,0.0
2024-02-16 00:00:00-05:00,25.69436419979583,25.871567214511888,25.265348434448242,25.265348434448242,34900,0.0,0.0
2024-02-20 00:00:00-05:00,24.892292582887706,25.41457322258687,24.892292582887706,25.05084228515625,16700,0.0,0.0
2024-02-21 00:00:00-05:00,24.808358994785163,25.013540267944336,24.62182927091007,25.013540267944336,22500,0.0,0.0
2024-02-22 00:00:00-05:00,24.957580159228712,25.181414743483064,24.72441891160387,24.873641967773438,22000,0.0,0.0
2024-02-23 00:00:00-05:00,24.668460979364,24.976233758431068,24.668460979364,24.88296890258789,10700,0.0,0.0
2024-02-26 00:00:00-05:00,24.72441618784522,25.013535604963106,24.61249801860791,24.70576286315918,14700,0.0,0.0
2024-02-27 00:00:00-05:00,24.948252398987954,25.134782100438557,24.69643783569336,24.69643783569336,15100,0.0,0.0
2024-02-28 00:00:00-05:00,24.621825625095326,24.827008646751825,24.407317719617186,24.668458938598633,21600,0.0,0.0
2024-02-29 00:00:00-05:00,24.929599758127825,25.386595582472985,24.836334904839624,25.134782791137695,31700,0.0,0.0
2024-03-01 00:00:00-05:00,25.060169192953975,25.181412246992004,24.621824952394164,24.715089797973633,22000,0.0,0.0
2024-03-04 00:00:00-05:00,24.75239641961134,25.08814737288509,24.4352970123291,24.4352970123291,13700,0.0,0.0
2024-03-05 00:00:00-05:00,25.08814754626628,25.18141239238424,24.771048136792604,24.789701461791992,19700,0.0,0.0
2024-03-06 00:00:00-05:00,24.799028658649842,25.022863226828644,24.42597104501851,24.668458938598633,37600,0.0,0.0
2024-03-07 00:00:00-05:00,24.91094409806881,24.98555739681299,24.62182468095093,24.70576286315918,16300,0.0,0.0
2024-03-08 00:00:00-05:00,25.022863925604486,25.022863925604486,24.603172986749772,24.901620864868164,20500,0.0,0.0
2024-03-11 00:00:00-04:00,24.854986866064113,25.050843225099456,24.8083553314209,24.8083553314209,14600,0.0,0.0
2024-03-12 00:00:00-04:00,25.0321893368593,25.0321893368593,24.565866885396016,24.649805068969727,19900,0.0,0.0
2024-03-13 00:00:00-04:00,24.60317243362318,24.882966979529026,24.435297840734503,24.537887573242188,21200,0.0,0.0
2024-03-14 00:00:00-04:00,24.351361140874513,24.397992678598296,23.95032351248509,24.03426170349121,37600,0.0,0.0
2024-03-15 00:00:00-04:00,23.903686796257823,24.528558918833433,23.87570858915432,23.913013458251953,67800,0.0,0.0
2024-03-18 00:00:00-04:00,24.12752531719404,24.12752531719404,23.782445907592773,23.782445907592773,18500,0.0,0.0
2024-03-19 00:00:00-04:00,23.689180515822656,23.950321732756404,23.689180515822656,23.763792037963867,24200,0.0,0.0
2024-03-20 00:00:00-04:00,23.847733318389142,24.593850415533183,23.83840665455093,24.500585556030273,59400,0.0,0.0
2024-03-21 00:00:00-04:00,24.52855944018224,25.13478003053355,24.52855944018224,24.827007293701172,78800,0.0,0.0
2024-03-22 00:00:00-04:00,24.789702405644316,25.041516966086796,24.54721450805664,24.54721450805664,26800,0.0,0.0
2024-03-25 00:00:00-04:00,24.593847276963615,24.957578225839896,24.48192910406683,24.528560638427734,15300,0.0,0.0
2024-03-26 00:00:00-04:00,24.780376420067554,24.780376420067554,23.89436477119427,24.015607833862305,107600,0.0,0.0
2024-03-27 00:00:00-04:00,24.43529633969052,24.491254533882604,24.09954361678018,24.4819278717041,26300,0.0,0.0
2024-03-28 00:00:00-04:00,24.73374435772208,25.134781968520716,24.379338282601818,24.96690559387207,65000,0.0,0.0
2024-04-01 00:00:00-04:00,24.901621410482164,25.05084446337142,24.304727420046035,24.370012283325195,38600,0.0,0.0
2024-04-02 00:00:00-04:00,24.164828143285046,24.397989357927997,23.85705541111151,23.987625122070312,33200,0.0,0.0
2024-04-03 00:00:00-04:00,23.894364090761734,24.034260475665405,23.791772578355488,23.92234230041504,47500,0.0,0.0
2024-04-04 00:00:00-04:00,24.19280866234318,24.30472505166484,23.59591473007156,23.866382598876953,292700,0.0,0.0
2024-04-05 00:00:00-04:00,24.192809490229585,24.192809490229585,23.801098556441417,23.894363403320312,37400,0.0,0.0
2024-04-08 00:00:00-04:00,24.183482276157818,24.220787146731254,23.85705620896521,23.875709533691406,60800,0.0,0.0
2024-04-09 00:00:00-04:00,23.894362761427058,24.407316737162603,23.894362761427058,24.286073684692383,64200,0.0,0.0
2024-04-10 00:00:00-04:00,23.87570784496815,23.87570784496815,23.222855756759014,23.539955139160156,70300,0.0,0.0
2024-04-11 00:00:00-04:00,23.73581213297412,23.73581213297412,23.31612123911844,23.35342788696289,42900,0.0,0.0
2024-04-12 00:00:00-04:00,23.269492968036523,23.4746742232884,23.176228114238715,23.33477783203125,52200,0.0,0.0
2024-04-15 00:00:00-04:00,23.31612138321384,23.595914128260848,23.03632863816683,23.36275291442871,63400,0.0,0.0
2024-04-16 00:00:00-04:00,23.222857624824744,23.549283695187295,23.14824610407436,23.400060653686523,34800,0.0,0.0
2024-04-17 00:00:00-04:00,23.390732630233817,23.670525372048164,23.33477443764672,23.418712615966797,28100,0.0,0.0
2024-04-18 00:00:00-04:00,23.353431430221885,23.595917562486093,23.31612477671715,23.344104766845703,86200,0.0,0.0
2024-04-19 00:00:00-04:00,23.222858873073406,24.388665059260617,23.222858873073406,24.211462020874023,84000,0.0,0.0
2024-04-22 00:00:00-04:00,24.258095059563274,24.621826016272696,24.239441733865597,24.26742172241211,43400,0.0,0.0
2024-04-23 00:00:00-04:00,24.547211028690256,24.761718907308794,24.080888625321887,24.14617347717285,64800,0.0,0.0
2024-04-24 00:00:00-04:00,24.94825002942071,25.03218820921318,24.33270456352849,24.47260093688965,104600,0.0,0.0
2024-04-25 00:00:00-04:00,24.388663855753855,24.705763265059204,24.164829292516956,24.649805068969727,70600,0.0,0.0
2024-04-26 00:00:00-04:00,24.677784509772486,24.808356012339534,24.444623272398765,24.69643783569336,43100,0.0,0.0
2024-04-29 00:00:00-04:00,24.668458654697087,24.976231404760757,24.33270591685345,24.519235610961914,68600,0.0,0.0
2024-04-30 00:00:00-04:00,24.34203068261983,24.66845673243374,24.202134312379254,24.453947067260742,44300,0.0,0.0
2024-05-01 00:00:00-04:00,24.6124993691612,24.789702405644316,24.500582972661686,24.54721450805664,181300,0.0,0.0
2024-05-02 00:00:00-04:00,24.733744755030862,24.733744755030862,24.528561725440326,24.565868377685547,63000,0.0,0.0
2024-05-03 00:00:00-04:00,24.780375343307558,24.9762317023429,24.621825635090005,24.8083553314209,54000,0.0,0.0
2024-05-06 00:00:00-04:00,24.827146257638336,25.174839858114098,24.80835162142772,25.01508903503418,94000,0.2,0.0
2024-05-07 00:00:00-04:00,24.99629828275572,25.278210700297958,24.958709004493855,25.02448844909668,51900,0.0,0.0
2024-05-08 00:00:00-04:00,24.902325239815116,25.090268034038868,24.892927920868395,24.930517196655273,42000,0.0,0.0
2024-05-09 00:00:00-04:00,24.864736151229383,25.024486989815703,24.827148667514837,24.93991470336914,55900,0.0,0.0
2024-05-10 00:00:00-04:00,25.080868920925067,25.19363315550844,24.84594134112865,25.04327964782715,50300,0.0,0.0
2024-05-13 00:00:00-04:00,25.278211232375526,25.278211232375526,24.808355998344922,24.949312210083008,63700,0.0,0.0
2024-05-14 00:00:00-04:00,25.18423583723396,25.18423583723396,24.97750021226098,25.04327964782715,89300,0.0,0.0
2024-05-15 00:00:00-04:00,25.174842459197414,25.27820938432543,25.02448714633282,25.156047821044922,92300,0.0,0.0
2024-05-16 00:00:00-04:00,25.090269199378195,25.287607529358898,25.090269199378195,25.203033447265625,104800,0.0,0.0
2024-05-17 00:00:00-04:00,25.184237609941633,25.31579828268966,25.08087068635679,25.137252807617188,82300,0.0,0.0
2024-05-20 00:00:00-04:00,25.109058631376943,25.353383525049473,25.005691716928872,25.01508903503418,47100,0.0,0.0
2024-05-21 00:00:00-04:00,24.939915302931414,25.18423843383789,24.902326025957876,25.18423843383789,37600,0.0,0.0
2024-05-22 00:00:00-04:00,25.231225405415184,25.30640216812527,25.090269199378195,25.203033447265625,31600,0.0,0.0
2024-05-23 00:00:00-04:00,25.184238165883773,25.259414926675607,24.780164196849768,24.8553409576416,59000,0.0,0.0
2024-05-24 00:00:00-04:00,24.939913996765668,25.080870193323445,24.80835332660383,25.005693435668945,34000,0.0,0.0
2024-05-28 00:00:00-04:00,25.052677691542282,25.099662491920007,24.742573348925646,24.77076530456543,44600,0.0,0.0
2024-05-29 00:00:00-04:00,24.601616508773652,24.601616508773652,24.150555984524903,24.329099655151367,46100,0.0,0.0
2024-05-30 00:00:00-04:00,24.498251984483588,24.498251984483588,24.084778870450872,24.244529724121094,62400,0.0,0.0
2024-05-31 00:00:00-04:00,24.47005963968591,24.78955952624053,24.347896284149858,24.535839080810547,32100,0.0,0.0
2024-06-03 00:00:00-04:00,24.57342581734732,24.57342581734732,23.962614435310464,23.981409072875977,47900,0.0,0.0
2024-06-04 00:00:00-04:00,23.765278529874536,24.00020614622036,23.718291931192088,23.906234741210938,43900,0.0,0.0
2024-06-05 00:00:00-04:00,23.94382095336914,24.03779235337685,23.793467430298957,23.94382095336914,23800,0.0,0.0
2024-06-06 00:00:00-04:00,23.86864303983819,24.02839387443447,23.72768684280742,23.981409072875977,26300,0.0,0.0
2024-06-07 00:00:00-04:00,23.76527797159141,23.990808262902693,23.699496734981285,23.878042221069336,24700,0.0,0.0
2024-06-10 00:00:00-04:00,23.8122615814209,23.849849065241475,23.426980462394436,23.8122615814209,35300,0.0,0.0
2024-06-11 00:00:00-04:00,23.727686116563465,23.80286287216926,23.408184457150035,23.737083435058594,31000,0.0,0.0
2024-06-12 00:00:00-04:00,23.97201414110637,24.611017543120255,23.868645416558397,24.11297035217285,58300,0.0,0.0
2024-06-13 00:00:00-04:00,24.05658531188965,24.206938824460096,23.765275605328817,24.05658531188965,25000,0.0,0.0
2024-06-14 00:00:00-04:00,23.868642309279924,24.206938605683614,23.624317405472286,23.737083435058594,28800,0.0,0.0
2024-06-17 00:00:00-04:00,23.558540342190128,24.056587518485248,23.549143022748098,23.86864471435547,43300,0.0,0.0
2024-06-18 00:00:00-04:00,23.86864542776053,24.122367683212556,23.755881175796606,23.802865982055664,75500,0.0,0.0
2024-06-20 00:00:00-04:00,23.605527459427115,23.99080860326098,23.567938180830907,23.793468475341797,105200,0.0,0.0
2024-06-21 00:00:00-04:00,23.83105553722207,23.98140905291042,23.58673062613968,23.67130470275879,161400,0.0,0.0
2024-06-24 00:00:00-04:00,23.802862901071475,24.319702872444466,23.802862901071475,24.04718780517578,97200,0.0,0.0
2024-06-25 00:00:00-04:00,24.018993698587426,24.15055435354156,23.75587597338931,23.934419631958008,49200,0.0,0.0
2024-06-26 00:00:00-04:00,23.802863575922608,24.37608747458669,23.75587877441305,24.18814468383789,356500,0.0,0.0
2024-06-27 00:00:00-04:00,24.329102498490027,24.8929291158729,24.20694093102885,24.686193466186523,353400,0.0,0.0
2024-06-28 00:00:00-04:00,25.306402059021597,26.001787559180727,25.02448785580764,25.710477828979492,1299700,0.0,0.0
2024-07-01 00:00:00-04:00,25.813844582225837,26.941497802734375,25.63530089299037,26.941497802734375,119800,0.0,0.0
2024-07-02 00:00:00-04:00,26.612597005430473,27.091849502258363,26.00178563226541,26.22731590270996,145900,0.0,0.0
2024-07-03 00:00:00-04:00,26.208522831171805,26.47164239192075,25.936007743570553,26.001787185668945,77000,0.0,0.0
2024-07-05 00:00:00-04:00,25.964198737092133,26.029979973644306,25.353387307951074,25.428564071655273,208400,0.0,0.0
2024-07-08 00:00:00-04:00,25.719873406108256,25.804445689752747,25.19363431269743,25.40976905822754,142900,0.0,0.0
2024-07-09 00:00:00-04:00,25.46615323989496,25.691683530035252,25.193636352419972,25.315799713134766,87500,0.0,0.0
2024-07-10 00:00:00-04:00,25.428564071655273,25.569520279556222,25.22182841955758,25.428564071655273,98100,0.0,0.0
2024-07-11 00:00:00-04:00,26.0205799709379,26.979083161238343,26.0205799709379,26.621994018554688,114700,0.0,0.0
2024-07-12 00:00:00-04:00,26.932101687679687,27.176426622792967,26.621997307027343,26.697174072265625,97500,0.0,0.0
2024-07-15 00:00:00-04:00,26.988479114383477,28.09733755284432,26.988479114383477,27.674468994140625,115900,0.0,0.0
2024-07-16 00:00:00-04:00,28.022164449289306,29.29077387528853,27.993974283785015,29.112228393554688,131900,0.0,0.0
2024-07-17 00:00:00-04:00,28.886697455741206,29.85459981214556,28.726946616186222,29.591480255126953,134800,0.0,0.0
2024-07-18 00:00:00-04:00,29.318965833148205,29.967364732722267,28.651770502645636,29.112228393554688,156100,0.0,0.0
2024-07-19 00:00:00-04:00,29.20619769184863,29.47871455447733,28.9806674222707,29.102828979492188,111400,0.0,0.0
2024-07-22 00:00:00-04:00,29.178005159430565,29.817008473451633,28.80212138422853,29.685449600219727,108500,0.0,0.0
2024-07-23 00:00:00-04:00,29.732433649871734,30.41842174635316,29.67605153310269,30.2586727142334,132600,0.0,0.0
2024-07-24 00:00:00-04:00,30.860088920153473,32.63614095890446,30.672146127835195,31.715225219726562,133500,0.0,0.0
2024-07-25 00:00:00-04:00,31.574262366809336,33.10599104895464,31.574262366809336,32.68312072753906,161800,0.0,0.0
2024-07-26 00:00:00-04:00,32.71132106176447,33.1247923567141,32.03472841120074,32.410614013671875,123500,0.0,0.0
2024-07-29 00:00:00-04:00,32.607948399822405,32.64553767246744,31.893766558407982,32.20387268066406,100800,0.0,0.0
2024-07-30 00:00:00-04:00,31.97834071300674,33.4630847239698,31.97834071300674,33.43489456176758,121900,0.0,0.0
2024-07-31 00:00:00-04:00,33.416103956628604,33.96113413831457,32.84288002462885,33.040218353271484,136200,0.0,0.0
2024-08-01 00:00:00-04:00,33.08719970024365,33.08719970024365,31.658839575330525,31.93135643005371,126000,0.0,0.0
2024-08-02 00:00:00-04:00,31.019840684708445,31.52728519306905,30.662753291160683,31.245372772216797,103100,0.0,0.0
2024-08-05 00:00:00-04:00,30.19289272267396,30.813101372765484,29.318961863266317,30.023744583129883,105900,0.0,0.0
2024-08-06 00:00:00-04:00,30.0237488834446,30.625162983648668,29.694849875262225,30.15530776977539,64700,0.0,0.0
2024-08-07 00:00:00-04:00,30.34324805860786,30.578175646082908,29.73243489728853,29.81700897216797,75000,0.0,0.0
2024-08-08 00:00:00-04:00,30.110449772562333,30.71625697882266,29.911670552459928,30.631065368652344,60200,0.23,0.0
2024-08-09 00:00:00-04:00,30.564801355333444,30.915031876674348,29.930598237979698,30.536401748657227,96800,0.0,0.0
2024-08-12 00:00:00-04:00,30.687853102927964,31.038087235441445,29.86433672633057,29.89273452758789,77400,0.0,0.0
2024-08-13 00:00:00-04:00,30.422814848267645,30.593198048671756,29.83594138625604,30.40388298034668,91700,0.0,0.0
2024-08-14 00:00:00-04:00,30.45121453088101,30.631065492459186,29.92113660846542,30.39442253112793,49300,0.0,0.0
2024-08-15 00:00:00-04:00,31.009691356517035,31.71962022431251,30.990763097621244,31.09488296508789,84500,0.0,0.0
2024-08-16 00:00:00-04:00,31.142211375787305,32.145575099086194,30.92449670020796,31.6817569732666,45200,0.0,0.0
2024-08-19 00:00:00-04:00,31.785876686122872,32.71351643905383,31.672285492053163,32.56206512451172,147500,0.0,0.0
2024-08-20 00:00:00-04:00,32.60940523224578,32.666197239729094,32.13611924516206,32.27810287475586,88800,0.0,0.0
2024-08-21 00:00:00-04:00,32.45794083887056,32.45794083887056,31.89946345373434,32.0509147644043,78400,0.0,0.0
2024-08-22 00:00:00-04:00,31.908935310077347,32.49581244060415,31.908935310077347,32.38222122192383,39100,0.0,0.0
2024-08-23 00:00:00-04:00,32.48634230398328,34.644524747326145,32.48634230398328,33.88726806640625,83000,0.0,0.0
2024-08-26 00:00:00-04:00,34.057646892966666,34.171234477782136,33.36665003477252,33.5464973449707,78000,0.0,0.0
2024-08-27 00:00:00-04:00,33.45184162610518,33.6222248087705,33.22466284559001,33.5464973449707,48000,0.0,0.0
2024-08-28 00:00:00-04:00,33.36665360811442,34.07658240828707,33.36665360811442,33.69795227050781,52200,0.0,0.0
2024-08-29 00:00:00-04:00,33.94406258476527,34.08604617676921,33.69795191454314,33.83993911743164,49600,0.0,0.0
2024-08-30 00:00:00-04:00,33.811544203756604,34.048187142224364,33.66009286757262,33.88726806640625,52900,0.0,0.0
2024-09-03 00:00:00-04:00,33.70742082321619,34.076583230471414,33.41398227881309,33.72635269165039,57000,0.0,0.0
2024-09-04 00:00:00-04:00,33.64116118057851,33.85887225183656,33.01642396409049,33.09214782714844,45600,0.0,0.0
2024-09-05 00:00:00-04:00,33.11108100988197,33.148944748356186,32.56207124554526,32.9880256652832,57400,0.0,0.0
2024-09-06 00:00:00-04:00,33.00695776112384,33.215204713276854,32.37275638630858,32.514739990234375,36100,0.0,0.0
2024-09-09 00:00:00-04:00,32.590461793726554,33.24359492419889,32.56206580006209,32.912296295166016,70900,0.0,0.0
2024-09-10 00:00:00-04:00,32.883905302738704,33.32879158497539,32.57153488138495,33.120548248291016,75300,0.0,0.0
2024-09-11 00:00:00-04:00,32.940689622401,33.01641708055536,32.00358579848647,32.7987060546875,90400,0.0,0.0
2024-09-12 00:00:00-04:00,33.035353881148275,33.05428213763113,32.60939589259437,32.846038818359375,46900,0.0,0.0
2024-09-13 00:00:00-04:00,33.253070602366606,33.442385697394855,32.98802802497301,33.08268737792969,81600,0.0,0.0
2024-09-16 00:00:00-04:00,33.21519694719188,33.48970357250451,33.082677503491716,33.1489372253418,65500,0.0,0.0
2024-09-17 00:00:00-04:00,33.432914010672256,34.07658309126696,33.18680694380236,33.24359893798828,106300,0.0,0.0
2024-09-18 00:00:00-04:00,33.167874160929884,34.3226892117803,33.130010425260146,33.52756881713867,109800,0.0,0.0
2024-09-19 00:00:00-04:00,34.13337771849262,34.69185518092464,33.73581571615706,34.48360824584961,82500,0.0,0.0
2024-09-20 00:00:00-04:00,34.256432517121254,34.55933520756665,33.451847922666595,33.65062713623047,416000,0.0,0.0
2024-09-23 00:00:00-04:00,33.74528516915013,34.01978823918882,33.4234506217293,33.7547492980957,55600,0.0,0.0
2024-09-24 00:00:00-04:00,33.802073956823044,33.97245714875228,33.593830641819636,33.78314208984375,45000,0.0,0.0
2024-09-25 00:00:00-04:00,33.83994402313518,34.01979137676608,33.508645316213766,33.56543731689453,65100,0.0,0.0
2024-09-26 00:00:00-04:00,33.75474821409859,34.22803408564281,33.41398180884521,33.707420349121094,60300,0.0,0.0
2024-09-27 00:00:00-04:00,34.01978644499046,34.12390991232409,33.63169218276439,33.83993911743164,83800,0.0,0.0
2024-09-30 00:00:00-04:00,33.811543979916415,34.36055371586701,33.70742050993837,34.038719177246094,132400,0.0,0.0
2024-10-01 00:00:00-04:00,33.89673806414318,34.21857262633441,33.03535785517326,33.17734146118164,101500,0.0,0.0
2024-10-02 00:00:00-04:00,33.0353508659917,33.470772943045795,32.70404863362816,32.72298049926758,53600,0.0,0.0
2024-10-03 00:00:00-04:00,32.56206505765878,33.0069512620905,32.44847386382229,32.72298049926758,78600,0.0,0.0
2024-10-04 00:00:00-04:00,33.148940564357325,33.508638812692205,32.95962550676611,33.130008697509766,33400,0.0,0.0
2024-10-07 00:00:00-04:00,32.97855819757662,33.15840552079531,32.76084713971679,33.006954193115234,34800,0.0,0.0
2024-10-08 00:00:00-04:00,33.186803554229094,33.186803554229094,32.713517726301106,32.94069290161133,32700,0.0,0.0
2024-10-09 00:00:00-04:00,32.94069588325582,33.31932602422384,32.31595867827782,33.063751220703125,54100,0.0,0.0
2024-10-10 00:00:00-04:00,32.77978360063907,33.167877907885234,32.65672825125322,33.03535842895508,30500,0.0,0.0
2024-10-11 00:00:00-04:00,33.177340310283405,34.29429530438395,33.177340310283405,33.93459701538086,54500,0.0,0.0
2024-10-14 00:00:00-04:00,33.925131826436136,34.379485835299626,33.80207648730081,34.209102630615234,36100,0.0,0.0
2024-10-15 00:00:00-04:00,34.28483553820462,35.344995060250284,34.26590366680743,34.758121490478516,69200,0.0,0.0
2024-10-16 00:00:00-04:00,35.09888187985885,35.72361908431178,35.02315440737504,35.46804428100586,162500,0.0,0.0
2024-10-17 00:00:00-04:00,35.515370624187554,35.83720514668529,35.49643875687775,35.72361755371094,85500,0.0,0.0
2024-10-18 00:00:00-04:00,35.837205600324104,35.837205600324104,35.21246841473031,35.26926040649414,56900,0.0,0.0
2024-10-21 00:00:00-04:00,35.11780811592605,35.27872718025031,34.237496158832656,34.42681121826172,64600,0.0,0.0
2024-10-22 00:00:00-04:00,34.3510881737107,34.64452309242774,34.26589657549635,34.4552116394043,51800,0.0,0.0
2024-10-23 00:00:00-04:00,35.24086748950897,36.73645265862002,35.212471491146175,35.55323791503906,251600,0.0,0.0
2024-10-24 00:00:00-04:00,35.78988124053256,35.84667323785603,35.27873159931211,35.73308563232422,201000,0.0,0.0
2024-10-25 00:00:00-04:00,35.988661786464235,35.988661786464235,35.27873290653608,35.30712890625,94600,0.0,0.0
2024-10-28 00:00:00-04:00,35.676286079994185,35.922396744137174,35.259795831831894,35.72361755371094,109900,0.0,0.0
2024-10-29 00:00:00-04:00,35.68575870825916,35.91293392533226,35.61003122864481,35.77095031738281,132400,0.0,0.0
2024-10-30 00:00:00-04:00,35.676288243667706,36.49034053293709,35.676288243667706,35.818275451660156,160300,0.0,0.0
2024-10-31 00:00:00-04:00,35.92240132531488,35.979193323602495,35.43018354514093,35.43964767456055,98100,0.0,0.0
2024-11-01 00:00:00-04:00,35.75201688140675,35.7804128795758,35.15567564366312,35.38285446166992,78400,0.0,0.0
2024-11-04 00:00:00-05:00,35.259798875218074,35.42071434491383,34.833840851192846,35.21247100830078,64000,0.0,0.0
2024-11-05 00:00:00-05:00,35.298190292511634,35.65059968867283,35.27914064496931,35.479156494140625,91100,0.23,0.0
2024-11-06 00:00:00-05:00,37.38408131339389,39.99382514897704,37.38408131339389,39.07946014404297,324200,0.0,0.0
2024-11-07 00:00:00-05:00,38.97468715108192,38.97468715108192,37.91745890608748,37.984130859375,191000,0.0,0.0
2024-11-08 00:00:00-05:00,38.34606190150966,38.717524585044565,37.98412949193538,38.269866943359375,124300,0.0,0.0
2024-11-11 00:00:00-05:00,38.91754583100329,39.479497804465105,38.91754583100329,39.165184020996094,169800,0.0,0.0
2024-11-12 00:00:00-05:00,39.250902759691925,39.43187260966581,38.984214938697654,39.18423080444336,130300,0.0,0.0
2024-11-13 00:00:00-05:00,39.041365277282225,39.66998918727594,38.86039542085956,38.898494720458984,136500,0.0,0.0
2024-11-14 00:00:00-05:00,39.127083837603344,39.127083837603344,38.384162086667935,38.717525482177734,118800,0.0,0.0
2024-11-15 00:00:00-05:00,38.95563892979235,39.07945618840078,38.33653810335519,38.52703094482422,104700,0.0,0.0
2024-11-18 00:00:00-05:00,38.50798650968267,38.917544902605776,38.20319937541653,38.24129867553711,89200,0.0,0.0
2024-11-19 00:00:00-05:00,37.926983627209815,38.26034340870837,37.688868459468246,38.0222282409668,77100,0.0,0.0
2024-11-20 00:00:00-05:00,37.95555595698414,38.27939272765086,37.393604020631585,37.698394775390625,99200,0.0,0.0
2024-11-21 00:00:00-05:00,37.95555208691435,38.43178236972808,37.784108894433516,38.05080032348633,83200,0.0,0.0
2024-11-22 00:00:00-05:00,38.09842483817214,38.76514799950994,38.09842483817214,38.56513214111328,98100,0.0,0.0
2024-11-25 00:00:00-05:00,38.9175443385788,39.527118598276594,38.10795057282145,38.19367218017578,486300,0.0,0.0
2024-11-26 00:00:00-05:00,38.00317957189781,38.27939038585046,37.679342821042304,37.88888168334961,126100,0.0,0.0
2024-11-27 00:00:00-05:00,38.203194281800926,38.37463747613584,37.71743735340243,37.74601364135742,90800,0.0,0.0
2024-11-29 00:00:00-05:00,37.831734870147855,37.9079298261388,37.27930599748145,37.6221923828125,84800,0.0,0.0
2024-12-02 00:00:00-05:00,37.66029657283726,38.06032831882332,37.23168853545991,37.91746139526367,105700,0.0,0.0
2024-12-03 00:00:00-05:00,37.879358918014304,38.62227703158027,37.41265162016589,37.46027755737305,65300,0.0,0.0
2024-12-04 00:00:00-05:00,37.65076922871816,37.707918177085176,37.193588541829406,37.66981887817383,78400,0.0,0.0
2024-12-05 00:00:00-05:00,37.85078413569556,38.1555712232825,37.51742076072013,37.57456970214844,68700,0.0,0.0
2024-12-06 00:00:00-05:00,37.75553591074525,37.75553591074525,37.241206337789905,37.49837112426758,54400,0.0,0.0
2024-12-09 00:00:00-05:00,37.71744185783711,37.71744185783711,37.0221459903754,37.21263885498047,82900,0.0,0.0
2024-12-10 00:00:00-05:00,37.40312404835002,37.85078164335673,36.52685850422502,37.565040588378906,123000,0.0,0.0
2024-12-11 00:00:00-05:00,37.793635015532864,37.86982997039492,37.34597739316657,37.37455368041992,82900,0.0,0.0
2024-12-12 00:00:00-05:00,37.39360684198597,37.51742775482267,36.88880381531621,37.050724029541016,71900,0.0,0.0
2024-12-13 00:00:00-05:00,37.069764341660566,37.107863637185005,36.59353404765147,36.93642044067383,70100,0.0,0.0
2024-12-16 00:00:00-05:00,36.964997664518485,37.05071926494355,36.707832863243276,37.03166961669922,49200,0.0,0.0
2024-12-17 00:00:00-05:00,36.95547108576504,37.155486942643044,36.526863082920116,36.60306167602539,74000,0.0,0.0
2024-12-18 00:00:00-05:00,36.90785065657692,37.08881687437124,34.640993263428776,34.87910842895508,129500,0.0,0.0
2024-12-19 00:00:00-05:00,35.336288205482425,35.917289775817764,34.43145350634273,34.50764846801758,126600,0.0,0.0
2024-12-20 00:00:00-05:00,34.11713577022947,35.13626824296639,34.11713577022947,35.012447357177734,236000,0.0,0.0
2024-12-23 00:00:00-05:00,34.71718864476754,35.23151822666898,34.5076461558413,34.77433395385742,95700,0.0,0.0
2024-12-24 00:00:00-05:00,34.860058760668,35.15532287376499,34.583847930153674,34.95530700683594,39100,0.0,0.0
2024-12-26 00:00:00-05:00,34.76481449986763,35.19342252859062,34.66956988608435,35.07912826538086,56500,0.0,0.0
2024-12-27 00:00:00-05:00,34.888631066466615,35.23151744681104,34.44097344397821,34.755287170410156,67100,0.0,0.0
2024-12-30 00:00:00-05:00,34.69813670967674,34.869579892340816,34.28857839924015,34.764808654785156,53200,0.0,0.0
2024-12-31 00:00:00-05:00,35.0029232031953,35.14579373083343,34.679086489450846,34.86957931518555,45200,0.0,0.0
2025-01-02 00:00:00-05:00,35.14579942777891,35.40296060585449,34.12666682325307,34.20286178588867,76400,0.0,0.0
2025-01-03 00:00:00-05:00,34.34572773523595,34.38382339477539,33.774249241961755,34.38382339477539,56500,0.0,0.0
2025-01-06 00:00:00-05:00,34.307629424537,34.52669491489171,33.88854809081693,33.974266052246094,82500,0.0,0.0
2025-01-07 00:00:00-05:00,34.01236402052378,34.059986319466695,33.317068282581474,33.55518341064453,74300,0.0,0.0
2025-01-08 00:00:00-05:00,33.50756608658565,33.717108593063536,33.15515666206751,33.421844482421875,113000,0.0,0.0
2025-01-10 00:00:00-05:00,32.936091151621426,33.39327182943257,31.802660648283222,32.3646125793457,81500,0.0,0.0
2025-01-13 00:00:00-05:00,32.18364671600805,32.7265490039457,32.18364671600805,32.488433837890625,163100,0.0,0.0
2025-01-14 00:00:00-05:00,32.65035320772553,33.45042037963867,32.54558194433759,33.45042037963867,186400,0.0,0.0
2025-01-15 00:00:00-05:00,35.32676641539992,35.32676641539992,34.05046897155185,34.2981071472168,99100,0.0,0.0
2025-01-16 00:00:00-05:00,34.1076171742569,34.402877650324804,33.9266473254679,34.20286178588867,96400,0.0,0.0
2025-01-17 00:00:00-05:00,34.52669986489879,34.764815036380845,34.021896864028555,34.345733642578125,110900,0.0,0.0
2025-01-21 00:00:00-05:00,34.56480042861072,35.269619327302124,34.56480042861072,34.68861770629883,105100,0.0,0.0
2025-01-22 00:00:00-05:00,34.57432317342925,34.745766392527436,34.079043166406635,34.21238708496094,109000,0.0,0.0
2025-01-23 00:00:00-05:00,34.09809149898746,34.383828975325926,33.90759863697876,34.145713806152344,110800,0.0,0.0
2025-01-24 00:00:00-05:00,34.145712820866834,34.47907622810003,33.22182846180972,34.27906036376953,76800,0.0,0.0
2025-01-27 00:00:00-05:00,34.24095890846992,35.05054895595182,34.24095890846992,34.82196044921875,245800,0.0,0.0
2025-01-28 00:00:00-05:00,34.71718980339868,34.96482796219979,34.36478039663788,34.6409912109375,75600,0.0,0.0
2025-01-29 00:00:00-05:00,34.640994631182735,35.13627463103481,34.4314557479236,34.66957092285156,141900,0.0,0.0
2025-01-30 00:00:00-05:00,34.907678607002175,35.15531673711337,34.58384189325772,34.86957931518555,86400,0.0,0.0
2025-01-31 00:00:00-05:00,34.67909108125077,35.10769908756799,34.56479682401582,34.61241912841797,159600,0.0,0.0
2025-02-03 00:00:00-05:00,33.72663558234597,34.03142273683072,32.116978195639014,32.99324035644531,172100,0.0,0.0
2025-02-04 00:00:00-05:00,33.10752988674483,33.10752988674483,32.412234063127734,32.697975158691406,125700,0.0,0.0
2025-02-05 00:00:00-05:00,32.831315626191085,32.936086865809045,32.564624207159376,32.669395446777344,87000,0.0,0.0
2025-02-06 00:00:00-05:00,32.859892059575735,33.250400776399054,32.764647448974536,33.02180862426758,114500,0.0,0.0
2025-02-07 00:00:00-05:00,33.27897751373575,33.28850415597346,32.71702552224185,32.86941909790039,125500,0.0,0.0
2025-02-10 00:00:00-05:00,32.917039357654815,32.917039357654815,32.45033206904128,32.478904724121094,105700,0.0,0.0
2025-02-11 00:00:00-05:00,32.383663234209536,33.05038643923074,32.15507107152972,33.01228713989258,189400,0.0,0.0
2025-02-12 00:00:00-05:00,32.66939507732106,32.95513250637139,32.259836763454466,32.26936340332031,101300,0.0,0.0
2025-02-13 00:00:00-05:00,32.32651730040168,32.65988075068076,32.00268049252031,32.288421630859375,84500,0.0,0.0
2025-02-14 00:00:00-05:00,32.28841781616211,32.68194476675648,32.10605291857045,32.28841781616211,160200,0.26,0.0
2025-02-18 00:00:00-05:00,32.63395537261253,33.20984723814498,31.827704564008386,32.05806350708008,223000,0.0,0.0
2025-02-19 00:00:00-05:00,31.914081212428737,32.63394770594217,31.626135347309432,32.35559844970703,264300,0.0,0.0
2025-02-20 00:00:00-05:00,32.25002320471247,33.21944563951792,31.798909277980663,32.19243621826172,142000,0.0,0.0
2025-02-21 00:00:00-05:00,32.52836905522828,32.557162545394974,31.712521768106846,31.722118377685547,114500,0.0,0.0
2025-02-24 00:00:00-05:00,31.90448797568771,31.981271839167707,31.597341537475586,31.597341537475586,123900,0.0,0.0
2025-02-25 00:00:00-05:00,31.818106120789466,32.34600757736962,31.779712355583026,31.86609649658203,165900,0.0,0.0
2025-02-26 00:00:00-05:00,31.818103207139266,32.46118223901968,31.587744298426042,31.798906326293945,106400,0.0,0.0
2025-02-27 00:00:00-05:00,31.731717753441075,32.46118088805134,31.616536473162753,31.81810188293457,117100,0.0,0.0
2025-02-28 00:00:00-05:00,32.202027844009685,32.75872636973031,31.942875460804956,32.15403747558594,142900,0.0,0.0
2025-03-03 00:00:00-05:00,32.192436864785506,32.73953521564096,31.798909916601204,32.01966857910156,120300,0.0,0.0
2025-03-04 00:00:00-05:00,31.77010796032885,32.010063469580366,31.07903858345722,31.27100372314453,169800,0.0,0.0
2025-03-05 00:00:00-05:00,31.26140439259282,31.54935028006882,30.76229647896681,30.983055114746094,166500,0.0,0.0
2025-03-06 00:00:00-05:00,30.819887204083617,31.079039601939527,30.378368100619998,30.62792205810547,156000,0.0,0.0
2025-03-07 00:00:00-05:00,30.483949928643124,30.839084908978858,30.253592845742386,30.58953094482422,114700,0.0,0.0
2025-03-10 00:00:00-04:00,30.330379922906438,31.414978133187294,29.312968969362167,29.37055778503418,180600,0.0,0.0
2025-03-11 00:00:00-04:00,29.360956462639404,29.57211665319159,28.909840761167132,29.11140251159668,183800,0.0,0.0
2025-03-12 00:00:00-04:00,29.303368470172828,29.69689537260382,29.025019190996346,29.399349212646484,129900,0.0,0.0
2025-03-13 00:00:00-04:00,29.524126874923493,29.927252214576026,29.12100153527096,29.130599975585938,103400,0.0,0.0
2025-03-14 00:00:00-04:00,29.42814604465128,30.19600300815399,29.322565025651382,29.514530181884766,136900,0.0,0.0
2025-03-17 00:00:00-04:00,29.34175912296406,29.802473257345156,29.34175912296406,29.581714630126953,149900,0.0,0.0
2025-03-18 00:00:00-04:00,29.773680080519494,30.378367159399467,29.34175943080862,29.495330810546875,97300,0.0,0.0
2025-03-19 00:00:00-04:00,29.62970815630031,29.802474591390325,29.236179422679665,29.562519073486328,122500,0.0,0.0
2025-03-20 00:00:00-04:00,29.418546050451205,29.9752427772756,29.418546050451205,29.5913143157959,105200,0.0,0.0
2025-03-21 00:00:00-04:00,29.370556856681628,29.600913942803928,29.207387025172242,29.274574279785156,465900,0.0,0.0
2025-03-24 00:00:00-04:00,30.407164807785666,31.290199393533786,29.639306019586957,30.090423583984375,185100,0.0,0.0
2025-03-25 00:00:00-04:00,30.052029061504523,30.34957522688794,29.60091333921969,29.610511779785156,99000,0.0,0.0
2025-03-26 00:00:00-04:00,29.725690442982923,30.157611129932253,29.245779382246074,29.32256507873535,106200,0.0,0.0
2025-03-27 00:00:00-04:00,29.49533417903072,30.32078181242967,29.0442184283698,29.2841739654541,174600,0.0,0.0
2025-03-28 00:00:00-04:00,29.197789757524273,29.399351529461395,28.756270618347237,28.79466438293457,117000,0.0,0.0
2025-03-31 00:00:00-04:00,28.593101953030022,28.996225487627825,28.545109748400222,28.804262161254883,127300,0.0,0.0
2025-04-01 00:00:00-04:00,28.746672624239732,28.8906455730814,28.372340760392948,28.487520217895508,102700,0.0,0.0
2025-04-02 00:00:00-04:00,28.324350731269945,28.583503140757795,28.180377780681827,28.564306259155273,141500,0.0,0.0
2025-04-03 00:00:00-04:00,27.66207006334944,27.959614374151048,25.867203928029014,25.876800537109375,183800,0.0,0.0
2025-04-04 00:00:00-04:00,25.137740458637527,26.27033079112143,24.542649971315114,25.6368465423584,185400,0.0,0.0
2025-04-07 00:00:00-04:00,24.974571690842357,26.587073125281442,24.715419282297063,25.704036712646484,183500,0.0,0.0
2025-04-08 00:00:00-04:00,26.20314062848001,26.807829531236685,25.07055217339788,25.4064884185791,151900,0.0,0.0
2025-04-09 00:00:00-04:00,24.99376913832441,27.114975166404125,24.56184844763534,26.21274185180664,184300,0.0,0.0
2025-04-10 00:00:00-04:00,25.963186358174905,26.66385786323524,24.705819954379482,25.252918243408203,184900,0.0,0.0
2025-04-11 00:00:00-04:00,24.99377011901352,25.723233355242147,24.648233552904326,25.10894775390625,137200,0.0,0.0
2025-04-14 00:00:00-04:00,25.224124595486458,25.61765149674369,24.667427869509257,25.310508728027344,191900,0.0,0.0
2025-04-15 00:00:00-04:00,25.252917048580215,26.3855073347365,25.195328239490216,25.76162338256836,136800,0.0,0.0
2025-04-16 00:00:00-04:00,26.375910573287033,26.82702812689353,25.502472618524482,25.656044006347656,322400,0.0,0.0
2025-04-17 00:00:00-04:00,25.656044537818683,26.27033193255183,25.656044537818683,25.867206573486328,260100,0.0,0.0
2025-04-21 00:00:00-04:00,25.723230361938477,26.78863342965503,25.492873288243196,25.723230361938477,246900,0.0,0.0
2025-04-22 00:00:00-04:00,26.29912496151192,26.846223261180068,25.723231340018742,26.500688552856445,253000,0.0,0.0
2025-04-23 00:00:00-04:00,27.537295048669545,28.612294716407217,27.07657907463813,27.172561645507812,319800,0.0,0.0
2025-04-24 00:00:00-04:00,27.623681359499013,27.767654311808545,27.009393955881382,27.63327980041504,217600,0.0,0.0
2025-04-25 00:00:00-04:00,27.46051226477341,27.719662853622424,27.239751779191376,27.594886779785156,145200,0.0,0.0
2025-04-28 00:00:00-04:00,27.59488622335264,27.80604643278683,27.402921065164886,27.738859176635742,168300,0.0,0.0
2025-04-29 00:00:00-04:00,27.815645564928374,28.80426304194416,27.575690026589005,28.57390594482422,211400,0.0,0.0
2025-04-30 00:00:00-04:00,28.5355101525231,29.130600650838883,28.266761140335287,28.765867233276367,152400,0.0,0.0
2025-05-01 00:00:00-04:00,28.77546590960335,29.140199330154537,28.39153743853528,28.70827865600586,138000,0.0,0.0
2025-05-02 00:00:00-04:00,28.919437950087044,29.322563289739577,28.909841340487368,29.130599975585938,90100,0.0,0.0
2025-05-05 00:00:00-04:00,28.871448202441616,29.32256392269144,28.794662508979616,28.95783233642578,177900,0.0,0.0
2025-05-06 00:00:00-04:00,28.754519385443487,29.23860219094503,28.657702455017308,28.909425735473633,109800,0.26,0.0
2025-05-07 00:00:00-04:00,29.13210293998492,29.238601746497796,28.62865638672501,28.831972122192383,85800,0.0,0.0
2025-05-08 00:00:00-04:00,28.948150580228237,29.635549104829433,28.880379284837126,29.558095932006836,75400,0.0,0.0
2025-05-09 00:00:00-04:00,29.53873382358263,29.664594543948624,29.199875481110386,29.470962524414062,76600,0.0,0.0
2025-05-12 00:00:00-04:00,30.477852278976933,30.90384565491986,30.206767096073598,30.25517463684082,96500,0.0,0.0
2025-05-13 00:00:00-04:00,30.3035831451416,30.6230777256423,30.206768060516044,30.3035831451416,147300,0.0,0.0
2025-05-14 00:00:00-04:00,30.29390371292423,30.50689948859272,30.04218042533634,30.071224212646484,97200,0.0,0.0
2025-05-15 00:00:00-04:00,30.1486759185791,30.59403305077144,30.042178959256688,30.1486759185791,96800,0.0,0.0
2025-05-16 00:00:00-04:00,30.12931415903346,30.255174873992363,29.89695279096739,30.042179107666016,81200,0.0,0.0
2025-05-19 00:00:00-04:00,29.77109123008223,30.255174014311212,29.722683690311044,29.984086990356445,89400,0.0,0.0
2025-05-20 00:00:00-04:00,30.032497318612243,30.44880882156588,29.896952879069385,29.935680389404297,71800,0.0,0.0
2025-05-21 00:00:00-04:00,29.645231935142625,30.003452178475364,29.093375983585435,29.103057861328125,92300,0.0,0.0
2025-05-22 00:00:00-04:00,28.95783301391812,29.44191581501555,28.60929280620658,28.822290420532227,78000,0.0,0.0
2025-05-23 00:00:00-04:00,28.415657859490782,28.822287444288463,28.376930353019983,28.67706298828125,75400,0.0,0.0
2025-05-27 00:00:00-04:00,28.909425582825584,29.848545555753258,28.80292677525619,29.21923828125,153300,0.0,0.0
2025-05-28 00:00:00-04:00,29.17082818650524,29.277326991495396,28.71579102754335,28.851333618164062,89900,0.0,0.0
2025-05-29 00:00:00-04:00,28.967513862472572,29.93567943027362,28.65770117623692,28.977195739746094,93600,0.0,0.0
2025-05-30 00:00:00-04:00,28.957833388446492,29.20955666986836,28.715791984767314,29.103057861328125,253800,0.0,0.0
2025-06-02 00:00:00-04:00,29.054651093930815,29.96472731308619,28.589932029666993,28.86101722717285,128200,0.0,0.0
2025-06-03 00:00:00-04:00,28.87069688161266,29.325735879458893,28.696426784278295,29.180509567260742,110500,0.0,0.0
2025-06-04 00:00:00-04:00,29.257963504370068,29.98408769784682,28.928787055596928,28.93846893310547,111500,0.0,0.0
2025-06-05 00:00:00-04:00,28.95783163444141,29.257962439768143,28.57056578133768,28.996559143066406,618600,0.0,0.0
2025-06-06 00:00:00-04:00,29.39350788378001,30.177721494102443,29.335416618845525,29.54841423034668,164600,0.0,0.0
2025-06-09 00:00:00-04:00,29.56777563885176,30.25517226636149,29.56777563885176,29.974403381347656,119800,0.0,0.0
2025-06-10 00:00:00-04:00,29.98408664690712,30.506896934267996,29.877589691304504,30.20676612854004,157600,0.0,0.0
2025-06-11 00:00:00-04:00,30.33262718592268,30.35199094048286,29.91631569602507,29.984086990356445,104900,0.0,0.0
2025-06-12 00:00:00-04:00,29.819498595253872,30.158356911555924,29.538731542292236,29.9937686920166,114700,0.0,0.0
2025-06-13 00:00:00-04:00,29.654910742785564,30.013132817968526,29.248281127515657,29.26764488220215,125800,0.0,0.0
2025-06-16 00:00:00-04:00,29.519368657212734,30.129314013845626,28.84165385127869,28.93846893310547,121500,0.0,0.0
2025-06-17 00:00:00-04:00,28.802926046808754,29.054649319569656,28.454385846581456,28.55120277404785,92200,0.0,0.0
2025-06-18 00:00:00-04:00,28.512477375392418,28.938468905587253,28.464067987895746,28.84165382385254,91300,0.0,0.0
2025-06-20 00:00:00-04:00,29.015920958712826,29.0836940985916,28.74483578571471,28.899742126464844,157400,0.0,0.0
2025-06-23 00:00:00-04:00,29.122418911259945,30.41976086218402,29.122418911259945,30.361671447753906,157500,0.0,0.0
2025-06-24 00:00:00-04:00,30.419763326321455,30.923209883175048,30.419763326321455,30.63275909423828,124000,0.0,0.0
2025-06-25 00:00:00-04:00,30.671485276335257,30.671485276335257,30.284219421155118,30.40039825439453,103200,0.0,0.0
2025-06-26 00:00:00-04:00,30.535944009186647,31.078114383255393,30.303582639400986,30.836074829101562,154100,0.0,0.0
2025-06-27 00:00:00-04:00,30.903844833374023,31.18461188629277,30.748938491081763,30.903844833374023,163700,0.0,0.0
2025-06-30 00:00:00-04:00,31.078112814646303,31.165247862260614,30.768301979370996,30.816709518432617,106900,0.0,0.0
2025-07-01 00:00:00-04:00,30.58434847420578,31.94946168957549,30.58434847420578,31.610605239868164,154000,0.0,0.0
2025-07-02 00:00:00-04:00,31.746150760023088,32.35609242598799,31.57188065738779,32.25927734375,154000,0.0,0.0
2025-07-03 00:00:00-04:00,32.36577992898072,32.956361602057335,32.36577992898072,32.66591262817383,211000,0.0,0.0
2025-07-07 00:00:00-04:00,32.5690922453363,33.17903764588287,32.317370798508534,32.44322967529297,126400,0.0,0.0
2025-07-08 00:00:00-04:00,32.472274221748684,32.94667328454147,32.472274221748684,32.5981330871582,211100,0.0,0.0
2025-07-09 00:00:00-04:00,32.79176658729299,32.917629144605336,32.3851388235649,32.617496490478516,128700,0.0,0.0
2025-07-10 00:00:00-04:00,32.54004721399432,32.96603875898684,32.42386837322523,32.714317321777344,106200,0.0,0.0
2025-07-11 00:00:00-04:00,32.69495357911351,32.72399736600265,32.29800582084066,32.30768585205078,75700,0.0,0.0
2025-07-14 00:00:00-04:00,32.23023469085007,32.646546206975266,32.191507179289864,32.501319885253906,91600,0.0,0.0
2025-07-15 00:00:00-04:00,32.46259081741296,32.58845337732028,31.659015303986102,31.67837905883789,109100,0.0,0.0
2025-07-16 00:00:00-04:00,31.93010139465332,32.07532771354797,31.465382344752637,31.93010139465332,213000,0.0,0.0
2025-07-17 00:00:00-04:00,31.91073860662812,32.578775261884665,31.91073860662812,32.481956481933594,255600,0.0,0.0
2025-07-18 00:00:00-04:00,32.68527002527669,32.96603894419997,32.452912342433045,32.501319885253906,138100,0.0,0.0
2025-07-21 00:00:00-04:00,32.588455647287624,32.77240579130485,32.38514174706982,32.46259307861328,105400,0.0,0.0
2025-07-22 00:00:00-04:00,32.44322622646372,33.03380780781819,32.40450241101671,32.83049392700195,386900,0.0,0.0
2025-07-23 00:00:00-04:00,33.721206442931624,35.492947403471085,33.44043755900876,35.347721099853516,660800,0.0,0.0
2025-07-24 00:00:00-04:00,35.589765221370605,36.53857074318672,34.031021734406664,34.098793029785156,192700,0.0,0.0
2025-07-25 00:00:00-04:00,34.234338347868345,34.950778868448246,33.401715288876375,33.45012283325195,149300,0.0,0.0
2025-07-28 00:00:00-04:00,33.45980157956358,33.5178891468678,33.082213925794385,33.20807647705078,148000,0.0,0.0
2025-07-29 00:00:00-04:00,33.41139132272319,33.41139132272319,32.540044548444094,32.54972457885742,130600,0.0,0.0
2025-07-30 00:00:00-04:00,32.57877153051452,32.77240168172184,31.90105492151373,32.07532501220703,192500,0.0,0.0
2025-07-31 00:00:00-04:00,31.949461647085485,32.152775516639494,31.465378894856915,31.813919067382812,197500,0.0,0.0
2025-08-01 00:00:00-04:00,31.552514296811218,32.47227227515687,30.923207081083277,31.18461036682129,180800,0.0,0.0
2025-08-04 00:00:00-04:00,31.194297397135642,31.56219767286866,31.174933641582523,31.513790130615234,118400,0.0,0.0
2025-08-05 00:00:00-04:00,31.591892152248654,31.806671345905187,31.24043664413806,31.41616439819336,182300,0.27,0.0
2025-08-06 00:00:00-04:00,31.43568897448004,31.48450141013084,31.035421043503295,31.33806037902832,140500,0.0,0.0
2025-08-07 00:00:00-04:00,31.494260697170688,31.494260697170688,30.762064891798424,30.859691619873047,142900,0.0,0.0
2025-08-08 00:00:00-04:00,31.142807915920798,31.269721362359633,30.849929585938867,31.240434646606445,116300,0.0,0.0
2025-08-11 00:00:00-04:00,31.299012093371985,31.523552272584894,31.103758630184657,31.396636962890625,90800,0.0,0.0
2025-08-12 00:00:00-04:00,31.650467773608106,32.81222397501102,31.650467773608106,32.6657829284668,150000,0.0,0.0
2025-08-13 00:00:00-04:00,32.97818426852062,33.515132244973316,32.79269551929619,33.20272445678711,146600,0.0,0.0
2025-08-14 00:00:00-04:00,32.812216981222505,33.22224586550956,32.76340455082877,33.066043853759766,109400,0.0,0.0
2025-08-15 00:00:00-04:00,33.17343920398674,33.25154208551861,32.45100617056878,32.519344329833984,189700,0.0,0.0
2025-08-18 00:00:00-04:00,32.48029027220137,32.62672757704994,32.333849243202735,32.49005126953125,92900,0.0,0.0
2025-08-19 00:00:00-04:00,32.519340843918776,33.17343564795575,32.33384838223966,32.392425537109375,95300,0.0,0.0
2025-08-20 00:00:00-04:00,32.50957650520833,33.13438460123696,32.245984891418125,32.35337448120117,136500,0.0,0.0
2025-08-21 00:00:00-04:00,32.22645627416061,32.363136291503906,32.10930569773033,32.363136291503906,98400,0.0,0.0
2025-08-22 00:00:00-04:00,32.49981757359834,34.237565666641906,32.49981757359834,33.993499755859375,275700,0.0,0.0
2025-08-25 00:00:00-04:00,33.99349353887486,34.20827269281115,33.573699951171875,33.573699951171875,138500,0.0,0.0
2025-08-26 00:00:00-04:00,33.632286184597014,34.208281933257155,33.58347374301237,33.895877838134766,100200,0.0,0.0
2025-08-27 00:00:00-04:00,33.79824713280313,34.257092248347405,33.79824713280313,34.09112548828125,84700,0.0,0.0
2025-08-28 00:00:00-04:00,34.29614282592381,34.29614282592381,33.84705871972975,33.993499755859375,97700,0.0,0.0
2025-08-29 00:00:00-04:00,34.120417607522235,34.30590637280548,33.92516411955798,34.022789001464844,197000,0.0,0.0
2025-09-02 00:00:00-04:00,33.71038364085999,34.08136488160598,33.583472043990625,33.87635040283203,130000,0.0,0.0
2025-09-03 00:00:00-04:00,33.75919847664627,34.11065025894594,33.61275744090872,33.817771911621094,197600,0.0,0.0
2025-09-04 00:00:00-04:00,33.9544472242679,34.37424087524414,33.827535636130996,34.37424087524414,70400,0.0,0.0
2025-09-05 00:00:00-04:00,34.5890187044729,35.106437206661546,34.09112219650082,34.13993835449219,102400,0.0,0.0
2025-09-08 00:00:00-04:00,34.139937071026566,34.26684864941303,33.74943016667634,34.16922378540039,85100,0.0,0.0
2025-09-09 00:00:00-04:00,34.091122577216666,34.257089323110804,33.876347121086056,34.100887298583984,151500,0.0,0.0
2025-09-10 00:00:00-04:00,34.1399387357532,34.49139422197605,33.925159555472554,34.100887298583984,78800,0.0,0.0
2025-09-11 00:00:00-04:00,34.2278028578394,34.706169932138565,33.92515980378785,34.54020690917969,109500,0.0,0.0
2025-09-12 00:00:00-04:00,34.520680707425484,34.55973214433411,33.97397176315472,34.40353012084961,94700,0.0,0.0
2025-09-15 00:00:00-04:00,34.44258061639917,34.559734936590544,34.06183838615297,34.13017654418945,86900,0.0,0.0
2025-09-16 00:00:00-04:00,34.12041541310588,34.15946685301729,33.534654986885656,33.86658477783203,100200,0.0,0.0
2025-09-17 00:00:00-04:00,33.93492093253027,35.038099837933444,33.8861084975974,34.06183624267578,189800,0.0,0.0
2025-09-18 00:00:00-04:00,34.20827813169486,34.969762563413184,34.20827813169486,34.901424407958984,134300,0.0,0.0
2025-09-19 00:00:00-04:00,34.891660717685944,34.999046579290834,34.50115381024133,34.608543395996094,198400,0.0,0.0
2025-09-22 00:00:00-04:00,34.569495979034556,34.66712085516941,34.09112514801304,34.218040466308594,89300,0.0,0.0
2025-09-23 00:00:00-04:00,34.706172250604304,34.774510408640786,34.09112510412566,34.13017654418945,80700,0.0,0.0
2025-09-24 00:00:00-04:00,34.14970342979632,34.31567019365694,33.72014874688425,33.83729934692383,70500,0.0,0.0
2025-09-25 00:00:00-04:00,33.7006246963517,33.85682674552915,33.55418364593195,33.76896286010742,53500,0.0,0.0
2025-09-26 00:00:00-04:00,33.847059013392894,34.00326477283323,33.63228354246301,33.77872085571289,62400,0.0,0.0
2025-09-29 00:00:00-04:00,33.827532957271124,34.70616790375814,33.075809588870676,33.25153732299805,97800,0.0,0.0
2025-09-30 00:00:00-04:00,33.25154190699144,33.8665853370761,32.802457788895055,33.173439025878906,103000,0.0,0.0
2025-10-01 00:00:00-04:00,33.0465248705999,34.10089145786956,32.60720918338803,32.88056182861328,97500,0.0,0.0
2025-10-02 00:00:00-04:00,32.81222277252406,33.35892804806602,32.35337765270816,32.695072174072266,107400,0.0,0.0
2025-10-03 00:00:00-04:00,32.675543981989684,33.310113089407906,32.675543981989684,32.92937088012695,61900,0.0,0.0
2025-10-06 00:00:00-04:00,33.29058535985435,34.41328992508443,32.9391336123096,33.1246223449707,108400,0.0,0.0
2025-10-07 00:00:00-04:00,33.202725614246305,33.50536869114714,32.8610348210924,32.909847259521484,79100,0.0,0.0
2025-10-08 00:00:00-04:00,33.09533676047684,33.09533676047684,32.773167992372464,32.83174514770508,49600,0.0,0.0
2025-10-09 00:00:00-04:00,32.75364685058594,32.92937461698817,32.49005520098259,32.75364685058594,76800,0.0,0.0
2025-10-10 00:00:00-04:00,32.93913846224016,34.19851578904239,31.523555370218606,31.562606811523438,139000,0.0,0.0
2025-10-13 00:00:00-04:00,31.884769203593002,32.22645997582505,31.504026993348692,32.18741226196289,89700,0.0,0.0
2025-10-14 00:00:00-04:00,31.972634873805468,33.67133528129944,31.972634873805468,33.38821792602539,132100,0.0,0.0
2025-10-15 00:00:00-04:00,33.5834714831343,33.5834714831343,32.57791737823306,32.7341194152832,115700,0.0,0.0
2025-10-16 00:00:00-04:00,32.66577823939511,32.66577823939511,31.11352087235545,31.36734962463379,165700,0.0,0.0
2025-10-17 00:00:00-04:00,31.621178722664947,31.894531350300504,31.123284042517884,31.5235538482666,170400,0.0,0.0
2025-10-20 00:00:00-04:00,31.669992251851554,32.52910532795028,31.53331593332115,32.519344329833984,137100,0.0,0.0
2025-10-21 00:00:00-04:00,32.42171406398801,32.89032015667856,32.363140629995556,32.58768081665039,189600,0.0,0.0
2025-10-22 00:00:00-04:00,33.358924839378005,34.667118189401656,32.95865691936368,34.013023376464844,177000,0.0,0.0
2025-10-23 00:00:00-04:00,33.97397327589671,33.97397327589671,33.241775559932776,33.32963943481445,151900,0.0,0.0
2025-10-24 00:00:00-04:00,33.57370727989298,34.12041628009349,33.44679195903118,33.78848648071289,104300,0.0,0.0
2025-10-27 00:00:00-04:00,33.83729657666664,34.10088819828828,33.368690490722656,33.368690490722656,312900,0.0,0.0
2025-10-28 00:00:00-04:00,33.290587134697866,33.612755908977235,33.09533739481348,33.23201370239258,103400,0.0,0.0
2025-10-29 00:00:00-04:00,33.24177556086785,33.41750331063615,32.15812234534671,32.41195297241211,113400,0.0,0.0
2025-10-30 00:00:00-04:00,32.31432432857002,33.0465220434846,32.28503761170148,32.32408905029297,74800,0.0,0.0
2025-10-31 00:00:00-04:00,32.43147783725185,32.577915142100416,31.91405559916672,32.49005126953125,100900,0.0,0.0
2025-11-03 00:00:00-05:00,32.10931089047702,32.86103434876097,31.728568662392355,32.773170471191406,284300,0.0,0.0
2025-11-04 00:00:00-05:00,32.54863061669423,32.919611850750165,32.363141861741425,32.64625549316406,140800,0.0,0.0
2025-11-05 00:00:00-05:00,32.66593594108919,33.71904057906243,32.646251286098725,33.52220153808594,139100,0.27,0.0
2025-11-06 00:00:00-05:00,33.46315098741229,33.728888225201004,33.02025559109777,33.16788864135742,94900,0.0,0.0
2025-11-07 00:00:00-05:00,33.217098236083984,33.58125500253324,32.980886107774154,33.217098236083984,126700,0.0,0.0
2025-11-10 00:00:00-05:00,33.5418894986121,33.89620205996554,33.23678294788797,33.66983413696289,84800,0.0,0.0
2025-11-11 00:00:00-05:00,33.7092009951384,33.89619959065763,33.463148433130094,33.728885650634766,78200,0.0,0.0
2025-11-12 00:00:00-05:00,33.699361567263146,34.388305758221804,33.699361567263146,33.88636016845703,67700,0.0,0.0
2025-11-13 00:00:00-05:00,33.76825632271412,34.2898865737684,33.65999259035245,33.787940979003906,110400,0.0,0.0
2025-11-14 00:00:00-05:00,33.75841324324263,34.08320445116003,33.26630808297826,33.896202087402344,148500,0.0,0.0
2025-11-17 00:00:00-05:00,33.85683372872825,33.90604348979319,32.98088346213017,33.09899139404297,175000,0.0,0.0
2025-11-18 00:00:00-05:00,32.99073011565371,34.004465535796456,32.87262592943912,33.039939880371094,127800,0.0,0.0
2025-11-19 00:00:00-05:00,32.97104545887388,33.24662314486273,32.803731507941905,33.039939880371094,124000,0.0,0.0
2025-11-20 00:00:00-05:00,33.46315098741229,34.01431011998863,33.06946535636285,33.16788864135742,145200,0.0,0.0
2025-11-21 00:00:00-05:00,33.2170973432825,34.929624902722686,33.2170973432825,34.69341278076172,514100,0.0,0.0
2025-11-24 00:00:00-05:00,34.65404080367802,35.1363054614737,34.299724525210024,34.5753059387207,121200,0.0,0.0
2025-11-25 00:00:00-05:00,34.644202680607506,35.64809761887927,34.644202680607506,35.52014923095703,366000,0.0,0.0
2025-11-26 00:00:00-05:00,35.490624740537925,35.61856937621881,35.20520285270027,35.323307037353516,169400,0.0,0.0
2025-11-28 00:00:00-05:00,35.313466214240314,35.500464817509645,35.07725409295836,35.19535827636719,88400,0.0,0.0
2025-12-01 00:00:00-05:00,34.92962396330703,35.86462071165946,34.92962396330703,35.71699142456055,349400,0.0,0.0
2025-12-02 00:00:00-05:00,35.89415056504189,36.031939405262776,35.539834259065714,35.64809799194336,201000,0.0,0.0
2025-12-03 00:00:00-05:00,35.716992511527906,36.56341396605847,35.67762319865106,36.32720184326172,296200,0.0,0.0
2025-12-04 00:00:00-05:00,36.36657081841228,36.740571778340424,36.297676398749765,36.425621032714844,291200,0.0,0.0
2025-12-05 00:00:00-05:00,36.42562202163058,36.59293972711367,36.29767738419194,36.356727600097656,374200,0.0,0.0
2025-12-08 00:00:00-05:00,36.514203314656804,37.04567781683017,36.504362862897125,36.84883499145508,550300,0.0,0.0
2025-12-09 00:00:00-05:00,36.80946640303081,37.30157154876938,36.504359861065744,36.602779388427734,365000,0.0,0.0
2025-12-10 00:00:00-05:00,36.56341526081817,37.48857161939913,36.56341526081817,37.340938568115234,621100,0.0,0.0
2025-12-11 00:00:00-05:00,37.380306783928134,37.77399240614003,37.340937470814076,37.45904541015625,476200,0.0,0.0
2025-12-12 00:00:00-05:00,37.45904384039551,37.646042438154396,37.03583312831533,37.22283172607422,330900,0.0,0.0
2025-12-15 00:00:00-05:00,37.3999937240459,37.714940739259646,37.252360668086204,37.44920349121094,413000,0.0,0.0
2025-12-16 00:00:00-05:00,37.55746198899991,37.66572571432919,37.11456663740924,37.16377639770508,311800,0.0,0.0
2025-12-17 00:00:00-05:00,37.16377998678882,37.69525446002465,36.720888346890035,36.76025390625,238000,0.0,0.0
2025-12-18 00:00:00-05:00,37.124414994587966,37.38030802942692,36.72088890788437,37.06536102294922,468600,0.0,0.0
2025-12-19 00:00:00-05:00,37.19330500193858,37.390147796233705,35.80556874613083,36.03193664550781,518900,0.0,0.0
2025-12-22 00:00:00-05:00,36.16972652532929,36.41577908672608,35.5496730193594,35.687461853027344,237700,0.0,0.0
2025-12-23 00:00:00-05:00,35.628412793936654,36.05162351358962,35.35283136321996,35.569358825683594,226400,0.0,0.0
2025-12-24 00:00:00-05:00,35.628412793936654,35.963044438442154,35.40204488066297,35.569358825683594,167200,0.0,0.0
2025-12-26 00:00:00-05:00,35.628413411145445,35.66778272399617,35.33315107369367,35.37251663208008,178700,0.0,0.0
2025-12-29 00:00:00-05:00,35.44141255942709,35.589045611663,35.11662510075836,35.1559944152832,144800,0.0,0.0
2025-12-30 00:00:00-05:00,35.05757110526625,35.16583484290411,34.90009760173785,34.92962646484375,180900,0.0,0.0
2025-12-31 00:00:00-05:00,35.05757204080884,35.05757204080884,34.79183479255114,34.8607292175293,193800,0.0,0.0
2026-01-02 00:00:00-05:00,34.86072548612101,34.94930455939228,34.29972594022432,34.35877990722656,241800,0.0,0.0
2026-01-05 00:00:00-05:00,34.28988657891749,35.41188570635367,34.25051726633201,34.968990325927734,214300,0.0,0.0
2026-01-06 00:00:00-05:00,34.82136272720589,35.07725576251536,34.66388922367749,34.92962646484375,223800,0.0,0.0
2026-01-07 00:00:00-05:00,34.92962609739843,34.978835862771305,34.535940465486604,34.80167770385742,242900,0.0,0.0
2026-01-08 00:00:00-05:00,34.781991718719595,35.93351595322622,34.70325309355796,35.69730758666992,177600,0.0,0.0
2026-01-09 00:00:00-05:00,35.746518110059924,36.09099021630408,35.16583387777381,35.22488784790039,133700,0.0,0.0
2026-01-12 00:00:00-05:00,35.03788494863571,35.352831942214934,34.762307267869964,35.146148681640625,124000,0.0,0.0
2026-01-13 00:00:00-05:00,35.20520285270027,35.648098238230375,34.9591502779018,35.323307037353516,194700,0.0,0.0
2026-01-14 00:00:00-05:00,35.382359744358666,35.66778162201158,35.24457090810256,35.490623474121094,430700,0.0,0.0
2026-01-15 00:00:00-05:00,35.490624159069824,36.583094419526255,35.43157019047855,36.47483444213867,454600,0.0,0.0
2026-01-16 00:00:00-05:00,36.42562435907324,36.71104626914775,36.100836887356955,36.120521545410156,239600,0.0,0.0
2026-01-20 00:00:00-05:00,35.539831871356,36.022092779728865,35.3036197650868,35.43156814575195,136200,0.0,0.0
2026-01-21 00:00:00-05:00,35.71699452138222,37.09488675942918,35.687465657830785,36.8685188293457,849800,0.0,0.0
2026-01-22 00:00:00-05:00,37.006304059118754,37.62635757056473,36.996463608540196,37.04567337036133,583200,0.0,0.0
2026-01-23 00:00:00-05:00,37.203149156274044,37.28188778361731,35.38236157530163,35.628414154052734,224700,0.0,0.0
2026-01-26 00:00:00-05:00,35.50046474340497,35.825255940181634,34.86072655521932,35.47093963623047,211800,0.0,0.0
2026-01-27 00:00:00-05:00,35.47093881830391,35.75636069595682,35.39220019503516,35.490623474121094,174400,0.0,0.0
2026-01-28 00:00:00-05:00,35.10678071089622,35.70714961362774,33.82730803126063,34.02415084838867,481600,0.0,0.0
2026-01-29 00:00:00-05:00,34.22098954843034,34.92962210305077,34.09304116952076,34.85088348388672,358600,0.0,0.0
2026-01-30 00:00:00-05:00,34.75246364016907,35.52998684760806,34.75246364016907,35.45125198364258,593200,0.0,0.0
2026-02-02 00:00:00-05:00,35.63825589119777,37.05552119880149,35.50046704283953,36.8685188293457,255000,0.0,0.0
2026-02-03 00:00:00-05:00,36.799623997800566,37.61652038183085,36.799623997800566,37.46888732910156,248200,0.0,0.0
2026-02-04 00:00:00-05:00,37.77399119145286,38.541674000169124,37.77399119145286,38.30546188354492,224100,0.0,0.0
2026-02-05 00:00:00-05:00,38.09877742465681,38.76804068707788,37.90193462609812,38.69914627075195,232000,0.0,0.0
2026-02-06 00:00:00-05:00,39.053463592350084,39.44714919990183,38.68930684576646,38.85662078857422,236000,0.0,0.0
2026-02-09 00:00:00-05:00,38.9156769083253,40.07704538492322,38.65978012292473,38.66962432861328,129400,0.0,0.0
2026-02-10 00:00:00-05:00,38.4018429263081,38.84814229559827,37.37038759205715,37.58858108520508,126700,0.3,0.0
2026-02-11 00:00:00-05:00,37.74726720320828,38.18365041740029,36.666223442654285,36.78523635864258,128700,0.0,0.0
2026-02-12 00:00:00-05:00,37.21170211611011,37.51915623705225,36.50753702784342,37.072853088378906,158000,0.0,0.0
2026-02-13 00:00:00-05:00,37.092689354753276,37.57866095378435,36.78523523256363,37.33071517944336,125900,0.0,0.0
2026-02-17 00:00:00-05:00,37.48939805454707,38.10430247835545,37.09268710962477,37.429893493652344,112500,0.0,0.0
2026-02-18 00:00:00-05:00,37.27121030544468,38.02496378850709,37.10260521294974,37.31087875366211,219800,0.0,0.0
2026-02-19 00:00:00-05:00,37.191866241383984,37.6877577912691,37.03318109675483,37.45964813232422,228900,0.0,0.0
2026-02-20 00:00:00-05:00,37.51915551925046,37.84644196644789,37.102604660673876,37.7671012878418,290300,0.0,0.0
2026-02-23 00:00:00-05:00,37.72743107151017,37.95554073679301,35.43641068537876,35.793453216552734,187400,0.0,0.0
2026-02-24 00:00:00-05:00,35.76369805359329,36.20008123247112,35.59509296818116,35.85295867919922,142100,0.0,0.0
2026-02-25 00:00:00-05:00,36.05131344679193,36.89433133485313,35.85295985746196,36.79515075683594,102100,0.0,0.0
2026-02-26 00:00:00-05:00,36.91416794477863,37.578660801307194,36.56704159209836,37.072853088378906,157100,0.0,0.0
2026-02-27 00:00:00-05:00,36.40835729144552,36.85466045045194,35.456246407800066,35.644683837890625,122300,0.0,0.0
2026-03-02 00:00:00-05:00,35.257886229212914,36.53728725569249,35.257886229212914,36.20008087158203,375200,0.0,0.0
2026-03-03 00:00:00-05:00,35.59509462574852,36.32901577972423,34.95043788488762,36.209999084472656,263900,0.0,0.0
2026-03-04 00:00:00-05:00,36.55712628527426,36.66622303344278,36.00172637794009,36.14057540893555,112600,0.0,0.0
2026-03-05 00:00:00-05:00,35.66451887010902,35.79345173064772,35.188463442757154,35.32731246948242,121300,0.0,0.0
2026-03-06 00:00:00-05:00,34.42478977036083,34.99010582282571,34.04791492428571,34.94051742553711,180800,0.0,0.0
2026-03-09 00:00:00-04:00,34.41487231346229,34.85125548992784,33.552022126276114,34.732242584228516,217200,0.0,0.0
2026-03-10 00:00:00-04:00,34.7024924384998,35.55542272906031,34.3156938503155,34.87109375,203400,0.0,0.0
2026-03-11 00:00:00-04:00,34.43471144975685,34.633065048876105,33.77021478597966,33.938819885253906,138000,0.0,0.0
2026-03-12 00:00:00-04:00,33.2544868017529,34.03799637452979,33.08588548736798,33.918983459472656,173100,0.0,0.0
2026-03-13 00:00:00-04:00,33.918983459472656,35.39673818954315,33.40325578308858,33.918983459472656,129800,0.0,0.0
2026-03-16 00:00:00-04:00,34.50413588542573,35.25788939703238,33.99832437213831,34.30577850341797,149300,0.0,0.0
2026-03-17 00:00:00-04:00,34.51404895441535,34.791750777643706,33.92889681085309,34.107418060302734,155500,0.0,0.0
2026-03-18 00:00:00-04:00,33.869394039876376,34.06774763121236,33.63136443358005,33.73054122924805,152900,0.0,0.0
2026-03-19 00:00:00-04:00,33.512351424563946,34.74216033401731,33.512351424563946,34.46446228027344,267000,0.0,0.0
2026-03-20 00:00:00-04:00,34.63306181294694,34.74215855228056,34.11733796340049,34.4743766784668,1185100,0.0,0.0
2026-03-23 00:00:00-04:00,35.158710169120916,35.82320300209192,34.57355801346114,35.13887405395508,204500,0.0,0.0
2026-03-24 00:00:00-04:00,34.74216045248348,35.53558995163245,34.44462628197874,35.08928680419922,145800,0.0,0.0
2026-03-25 00:00:00-04:00,35.43640959360952,35.58517857146601,34.722324553262,34.98019027709961,132900,0.0,0.0
2026-03-26 00:00:00-04:00,34.73224569965909,35.13887663201201,34.70249341640354,35.059532165527344,117400,0.0,0.0
2026-03-27 00:00:00-04:00,34.80167029735805,34.97027161400276,34.22643426405924,34.69257354736328,96500,0.0,0.0
2026-03-30 00:00:00-04:00,35.10912186842951,35.38681991480273,34.86117610320996,35.26780700683594,155900,0.0,0.0
2026-03-31 00:00:00-04:00,35.763698888247625,35.98188859110262,35.20829900669855,35.78353500366211,299100,0.0,0.0
2026-04-01 00:00:00-04:00,35.6843557199311,36.48770139824938,35.63476732127369,35.9918098449707,163500,0.0,0.0
2026-04-02 00:00:00-04:00,35.436408905572115,36.1802462137076,35.3372321111616,36.17033004760742,120400,0.0,0.0
2026-04-06 00:00:00-04:00,36.140575584437194,36.467865830532126,35.87279368763743,36.398441314697266,142600,0.0,0.0
2026-04-07 00:00:00-04:00,36.28934488024667,37.07285446099902,35.93230234808852,36.91416931152344,171800,0.0,0.0
2026-04-08 00:00:00-04:00,37.7175084870216,38.07455099325643,37.40013821111332,37.7274284362793,134200,0.0,0.0
2026-04-09 00:00:00-04:00,37.449727198009555,38.729128271079304,37.449727198009555,38.62995147705078,125600,0.0,0.0
2026-04-10 00:00:00-04:00,38.48118152723528,38.818387915077814,37.69767201087291,38.07455062866211,108900,0.0,0.0
2026-04-13 00:00:00-04:00,37.985292353481555,38.12414138353478,37.78693497482597,38.104305267333984,69600,0.0,0.0
2026-04-14 00:00:00-04:00,37.95553865023286,38.26299276480906,37.34063420443264,38.13405990600586,104800,0.0,0.0
2026-04-15 00:00:00-04:00,38.06463539357771,38.302661212373586,37.61833225414522,38.13405990600586,94200,0.0,0.0
2026-04-16 00:00:00-04:00,38.005126481861005,38.272908361537134,36.67613703273806,37.7274284362793,91800,0.0,0.0
2026-04-17 00:00:00-04:00,38.34233476486482,39.393626220280105,38.34233476486482,38.838226318359375,90500,0.0,0.0
2026-04-20 00:00:00-04:00,38.72912808140666,38.86797710570746,38.31258100850424,38.37208557128906,86600,0.0,0.0
2026-04-21 00:00:00-04:00,38.312579791543094,38.65970234126911,37.35054903465666,37.429893493652344,101000,0.0,0.0
2026-04-22 00:00:00-04:00,37.61833075840592,38.06463388009299,35.247969913987085,35.57525634765625,147600,0.0,0.0
2026-04-23 00:00:00-04:00,35.53558845293248,36.388518696846795,35.15870983506666,36.34885025024414,128000,0.0,0.0
2026-04-24 00:00:00-04:00,36.16041068646062,36.6761383491607,35.83312423289942,36.209999084472656,409700,0.0,0.0
2026-04-27 00:00:00-04:00,36.14057325437856,36.98359112329015,36.14057325437856,36.86457443237305,124200,0.0,0.0
2026-04-28 00:00:00-04:00,37.01334505002096,37.26129082542751,36.874496021129666,37.092689514160156,146300,0.0,0.0
2026-04-29 00:00:00-04:00,36.84474375759015,37.25137467813068,35.971973568374274,36.229835510253906,134300,0.0,0.0
2026-04-30 00:00:00-04:00,35.971971114683065,36.66621999549123,35.89262665591549,36.4381103515625,143700,0.0,0.0
2026-05-01 00:00:00-04:00,36.438111505189,37.10260434332108,36.09098516211892,36.8844108581543,93300,0.0,0.0
2026-05-04 00:00:00-04:00,36.586877719398146,37.053016984086184,35.97197326067401,36.209999084472656,70400,0.0,0.0
2026-05-05 00:00:00-04:00,36.27000045776367,36.9900016784668,36.20000076293945,36.900001525878906,93300,0.3,0.0
2026-05-06 00:00:00-04:00,37.060001373291016,37.470001220703125,36.619998931884766,36.959999084472656,78700,0.0,0.0
2026-05-07 00:00:00-04:00,36.75,37.29999923706055,36.75,36.91999816894531,84600,0.0,0.0
2026-05-08 00:00:00-04:00,36.91999816894531,37.16999816894531,36.59000015258789,37.040000915527344,89900,0.0,0.0
2026-05-11 00:00:00-04:00,37.18000030517578,37.290000915527344,36.060001373291016,36.16999816894531,125000,0.0,0.0
2026-05-12 00:00:00-04:00,36.310001373291016,36.40999984741211,35.36000061035156,36.130001068115234,82800,0.0,0.0
2026-05-13 00:00:00-04:00,36.02000045776367,36.40999984741211,35.4900016784668,35.599998474121094,122300,0.0,0.0
2026-05-14 00:00:00-04:00,35.77000045776367,36.209999084472656,35.77000045776367,36.029998779296875,86800,0.0,0.0
2026-05-15 00:00:00-04:00,35.790000915527344,36.09000015258789,34.86000061035156,35.189998626708984,123800,0.0,0.0
2026-05-18 00:00:00-04:00,35.349998474121094,35.90999984741211,35.349998474121094,35.849998474121094,67400,0.0,0.0
2026-05-19 00:00:00-04:00,35.93000030517578,36.02000045776367,35.369998931884766,35.790000915527344,86100,0.0,0.0
2026-05-20 00:00:00-04:00,35.83000183105469,36.77000045776367,35.83000183105469,36.66999816894531,104900,0.0,0.0
2026-05-21 00:00:00-04:00,36.380001068115234,36.79999923706055,35.77000045776367,36.7599983215332,90500,0.0,0.0
2026-05-22 00:00:00-04:00,36.939998626708984,37.20000076293945,36.61000061035156,36.61000061035156,68900,0.0,0.0
2026-05-26 00:00:00-04:00,36.709999084472656,37.209999084472656,36.45000076293945,37.130001068115234,104300,0.0,0.0
2026-05-27 00:00:00-04:00,37.31999969482422,37.59000015258789,36.75,37.08000183105469,96500,0.0,0.0
2026-05-28 00:00:00-04:00,36.970001220703125,37.58000183105469,36.4900016784668,37.130001068115234,52100,0.0,0.0
2026-05-29 00:00:00-04:00,37.06999969482422,37.5,36.90999984741211,37.130001068115234,70500,0.0,0.0
2026-06-01 00:00:00-04:00,36.900001525878906,37.189998626708984,36.189998626708984,36.709999084472656,117500,0.0,0.0
2026-06-02 00:00:00-04:00,36.560001373291016,38.290000915527344,36.529998779296875,37.58000183105469,125200,0.0,0.0
2026-06-03 00:00:00-04:00,37.41999816894531,37.63999938964844,35.86000061035156,36.150001525878906,220600,0.0,0.0
2026-06-04 00:00:00-04:00,36.689998626708984,37.54999923706055,36.45000076293945,37.470001220703125,104700,0.0,0.0
2026-06-05 00:00:00-04:00,37.459999084472656,37.9900016784668,37.41999816894531,37.689998626708984,80800,0.0,0.0
2026-06-08 00:00:00-04:00,37.83000183105469,38.4900016784668,36.7400016784668,37.84000015258789,73100,0.0,0.0
2026-06-09 00:00:00-04:00,38.029998779296875,39.09000015258789,38.029998779296875,38.43000030517578,149100,0.0,0.0
2026-06-10 00:00:00-04:00,38.650001525878906,39.439998626708984,37.369998931884766,38.970001220703125,130400,0.0,0.0
2026-06-11 00:00:00-04:00,39.189998626708984,39.34000015258789,38.45000076293945,39.13999938964844,85800,0.0,0.0
2026-06-12 00:00:00-04:00,39.38999938964844,40.0,39.38999938964844,39.939998626708984,107500,0.0,0.0
2026-06-15 00:00:00-04:00,39.9900016784668,40.33000183105469,39.02000045776367,39.09000015258789,178900,0.0,0.0
2026-06-16 00:00:00-04:00,39.400001525878906,39.66999816894531,38.720001220703125,39.16999816894531,144800,0.0,0.0
2026-06-17 00:00:00-04:00,39.060001373291016,39.5099983215332,38.0,38.47999954223633,177200,0.0,0.0
2026-06-18 00:00:00-04:00,39.09000015258789,39.310001373291016,38.540000915527344,39.029998779296875,458300,0.0,0.0
2026-06-22 00:00:00-04:00,38.9900016784668,39.970001220703125,38.4900016784668,39.09000015258789,177800,0.0,0.0
2026-06-23 00:00:00-04:00,39.09000015258789,39.959999084472656,39.09000015258789,39.75,264900,0.0,0.0
2026-06-24 00:00:00-04:00,39.900001525878906,40.79999923706055,39.709999084472656,40.66999816894531,258600,0.0,0.0
2026-06-25 00:00:00-04:00,40.52000045776367,41.0,40.470001220703125,40.72999954223633,137200,0.0,0.0
2026-06-26 00:00:00-04:00,40.93000030517578,41.52000045776367,40.40999984741211,41.22999954223633,572700,0.0,0.0
2026-06-29 00:00:00-04:00,41.0099983215332,41.22999954223633,40.369998931884766,40.72999954223633,216600,0.0,0.0
2026-06-30 00:00:00-04:00,40.720001220703125,40.97999954223633,39.95000076293945,40.83000183105469,147900,0.0,0.0
2026-07-01 00:00:00-04:00,40.97999954223633,41.88999938964844,40.939998626708984,41.720001220703125,152800,0.0,0.0
2026-07-02 00:00:00-04:00,41.97999954223633,42.0,40.5,40.849998474121094,117400,0.0,0.0
2026-07-06 00:00:00-04:00,40.709999084472656,41.369998931884766,40.439998626708984,40.83000183105469,91500,0.0,0.0
2026-07-07 00:00:00-04:00,41.09000015258789,42.41999816894531,40.38999938964844,40.38999938964844,100800,0.0,0.0
2026-07-08 00:00:00-04:00,40.06999969482422,40.22999954223633,37.619998931884766,39.63999938964844,117300,0.0,0.0
2026-07-09 00:00:00-04:00,39.58000183105469,40.18000030517578,39.470001220703125,39.91999816894531,123800,0.0,0.0
2026-07-10 00:00:00-04:00,40.04999923706055,40.4900016784668,39.54999923706055,40.2599983215332,91500,0.0,0.0
2026-07-13 00:00:00-04:00,40.349998474121094,40.810001373291016,39.97999954223633,40.709999084472656,108200,0.0,0.0
2026-07-14 00:00:00-04:00,40.81999969482422,40.97999954223633,40.25,40.41999816894531,187200,0.0,0.0
2026-07-15 00:00:00-04:00,40.5,41.22999954223633,40.5,40.970001220703125,142400,0.0,0.0
2026-07-16 00:00:00-04:00,41.0099983215332,42.540000915527344,40.77000045776367,42.08000183105469,160300,0.0,0.0
2026-07-17 00:00:00-04:00,41.790000915527344,42.099998474121094,41.09000015258789,41.34000015258789,132500,0.0,0.0
2026-07-20 00:00:00-04:00,41.279998779296875,41.66999816894531,40.7599983215332,41.209999084472656,84300,0.0,0.0
2026-07-21 00:00:00-04:00,40.900001525878906,41.5,40.77000045776367,41.2599983215332,124600,0.0,0.0
2026-07-22 00:00:00-04:00,41.04999923706055,41.709999084472656,40.380001068115234,41.369998931884766,122200,0.0,0.0
2026-07-23 00:00:00-04:00,40.959999084472656,42.029998779296875,40.4900016784668,41.959999084472656,152900,0.0,0.0
2026-07-24 00:00:00-04:00,42.119998931884766,43.0,40.5,42.560001373291016,140100,0.0,0.0
2026-07-27 00:00:00-04:00,42.68000030517578,42.9900016784668,40.75,42.560001373291016,110400,0.0,0.0
2026-07-28 00:00:00-04:00,42.650001525878906,43.779998779296875,42.650001525878906,43.630001068115234,90500,0.0,0.0
2026-07-29 00:00:00-04:00,43.40999984741211,43.77000045776367,42.65999984741211,43.279998779296875,138900,0.0,0.0
2026-07-30 00:00:00-04:00,43.36000061035156,43.47999954223633,42.650001525878906,42.790000915527344,106000,0.0,0.0
2026-07-31 00:00:00-04:00,42.79999923706055,42.935001373291016,41.9901008605957,42.72999954223633,113013,0.0,0.0
