Date,Open,High,Low,Close,Volume,Dividends,Stock Splits
2022-01-03 00:00:00-05:00,35.665000915527344,36.935001373291016,35.55500030517578,35.939998626708984,58000,0.0,0.0
2022-01-04 00:00:00-05:00,36.470001220703125,39.14500045776367,35.959999084472656,37.8849983215332,68800,0.0,0.0
2022-01-05 00:00:00-05:00,38.20000076293945,38.20000076293945,34.0,34.43000030517578,55400,0.0,0.0
2022-01-06 00:00:00-05:00,34.96500015258789,34.96500015258789,32.959999084472656,34.099998474121094,43800,0.0,0.0
2022-01-07 00:00:00-05:00,34.974998474121094,34.974998474121094,32.5,32.80500030517578,79800,0.0,0.0
2022-01-10 00:00:00-05:00,32.915000915527344,33.61000061035156,31.5,33.369998931884766,53200,0.0,0.0
2022-01-11 00:00:00-05:00,33.685001373291016,35.345001220703125,32.75,33.79499816894531,66600,0.0,0.0
2022-01-12 00:00:00-05:00,34.369998931884766,35.7400016784668,34.07500076293945,34.7599983215332,57600,0.0,0.0
2022-01-13 00:00:00-05:00,34.75,36.67499923706055,34.665000915527344,35.76499938964844,50600,0.0,0.0
2022-01-14 00:00:00-05:00,35.4900016784668,36.415000915527344,34.94499969482422,36.415000915527344,54800,0.0,0.0
2022-01-18 00:00:00-05:00,36.064998626708984,36.8650016784668,35.26499938964844,36.01499938964844,58400,0.0,0.0
2022-01-19 00:00:00-05:00,35.68000030517578,36.57500076293945,33.220001220703125,34.06999969482422,86200,0.0,0.0
2022-01-20 00:00:00-05:00,34.415000915527344,38.0,34.415000915527344,35.61000061035156,87400,0.0,0.0
2022-01-21 00:00:00-05:00,35.005001068115234,35.35499954223633,33.099998474121094,33.849998474121094,80800,0.0,0.0
2022-01-24 00:00:00-05:00,33.56999969482422,34.8650016784668,30.5049991607666,34.59000015258789,103000,0.0,0.0
2022-01-25 00:00:00-05:00,34.400001525878906,34.5099983215332,33.165000915527344,33.959999084472656,34800,0.0,0.0
2022-01-26 00:00:00-05:00,34.810001373291016,35.44499969482422,33.14500045776367,33.470001220703125,27600,0.0,0.0
2022-01-27 00:00:00-05:00,33.76499938964844,33.76499938964844,31.4950008392334,32.18000030517578,39800,0.0,0.0
2022-01-28 00:00:00-05:00,32.060001373291016,33.525001525878906,31.68000030517578,33.459999084472656,62600,0.0,0.0
2022-01-31 00:00:00-05:00,33.5,35.29999923706055,33.369998931884766,34.915000915527344,27000,0.0,0.0
2022-02-01 00:00:00-05:00,35.29999923706055,36.17499923706055,35.0,35.81999969482422,103000,0.0,0.0
2022-02-02 00:00:00-05:00,35.970001220703125,37.900001525878906,34.73500061035156,37.380001068115234,79600,0.0,0.0
2022-02-03 00:00:00-05:00,36.790000915527344,37.5,33.814998626708984,36.95000076293945,86000,0.0,0.0
2022-02-04 00:00:00-05:00,37.08000183105469,37.165000915527344,36.279998779296875,36.755001068115234,58000,0.0,0.0
2022-02-07 00:00:00-05:00,36.869998931884766,38.595001220703125,36.869998931884766,37.970001220703125,55600,0.0,0.0
2022-02-08 00:00:00-05:00,37.95000076293945,38.5,37.81999969482422,38.095001220703125,48200,0.0,0.0
2022-02-09 00:00:00-05:00,38.20500183105469,39.994998931884766,38.11000061035156,38.79499816894531,98800,0.0,0.0
2022-02-10 00:00:00-05:00,38.154998779296875,39.970001220703125,36.755001068115234,37.51499938964844,73800,0.0,0.0
2022-02-11 00:00:00-05:00,37.5,39.06999969482422,37.130001068115234,37.525001525878906,69200,0.0,0.0
2022-02-14 00:00:00-05:00,37.334999084472656,38.32500076293945,37.09000015258789,37.70500183105469,27000,0.0,0.0
2022-02-15 00:00:00-05:00,38.68000030517578,38.76499938964844,37.904998779296875,38.20000076293945,30200,0.0,0.0
2022-02-16 00:00:00-05:00,37.6349983215332,38.6150016784668,37.10499954223633,38.314998626708984,25400,0.0,0.0
2022-02-17 00:00:00-05:00,37.849998474121094,37.849998474121094,37.29999923706055,37.41999816894531,37600,0.0,0.0
2022-02-18 00:00:00-05:00,37.2400016784668,37.470001220703125,35.380001068115234,36.8849983215332,52200,0.0,0.0
2022-02-22 00:00:00-05:00,36.48500061035156,36.48500061035156,32.369998931884766,33.28499984741211,106000,0.0,0.0
2022-02-23 00:00:00-05:00,33.529998779296875,34.119998931884766,33.119998931884766,33.20500183105469,65000,0.0,0.0
2022-02-24 00:00:00-05:00,32.0,33.689998626708984,31.325000762939453,33.52000045776367,94800,0.0,0.0
2022-02-25 00:00:00-05:00,33.845001220703125,34.45000076293945,33.52000045776367,34.119998931884766,62400,0.0,0.0
2022-02-28 00:00:00-05:00,33.814998626708984,34.52000045776367,32.73500061035156,33.73500061035156,46200,0.0,0.0
2022-03-01 00:00:00-05:00,33.42499923706055,33.44499969482422,31.594999313354492,32.2400016784668,97400,0.0,0.0
2022-03-02 00:00:00-05:00,33.375,35.040000915527344,33.375,34.01499938964844,40400,0.0,0.0
2022-03-03 00:00:00-05:00,34.505001068115234,34.505001068115234,33.55500030517578,34.084999084472656,43400,0.0,0.0
2022-03-04 00:00:00-05:00,33.505001068115234,34.290000915527344,32.75,33.1150016784668,20400,0.0,0.0
2022-03-07 00:00:00-05:00,33.025001525878906,33.2400016784668,30.825000762939453,31.299999237060547,49800,0.0,0.0
2022-03-08 00:00:00-05:00,31.1299991607666,32.94499969482422,30.905000686645508,32.01499938964844,62800,0.0,0.0
2022-03-09 00:00:00-05:00,33.029998779296875,34.939998626708984,33.029998779296875,34.654998779296875,35600,0.0,0.0
2022-03-10 00:00:00-05:00,34.0,35.0099983215332,33.76499938964844,34.540000915527344,36400,0.0,0.0
2022-03-11 00:00:00-05:00,35.0,35.0,34.0,34.08000183105469,24200,0.0,0.0
2022-03-14 00:00:00-04:00,34.154998779296875,34.66999816894531,33.10499954223633,33.599998474121094,41600,0.0,0.0
2022-03-15 00:00:00-04:00,33.654998779296875,35.939998626708984,33.63999938964844,35.39500045776367,49600,0.0,0.0
2022-03-16 00:00:00-04:00,35.75,38.27000045776367,35.75,38.0099983215332,66400,0.0,0.0
2022-03-17 00:00:00-04:00,38.11000061035156,38.939998626708984,37.91999816894531,38.75,29000,0.0,0.0
2022-03-18 00:00:00-04:00,38.69499969482422,39.5099983215332,37.775001525878906,39.36000061035156,62000,0.0,0.0
2022-03-21 00:00:00-04:00,39.79999923706055,39.79999923706055,37.65999984741211,37.97999954223633,56000,0.0,0.0
2022-03-22 00:00:00-04:00,38.56999969482422,38.89500045776367,37.650001525878906,38.060001373291016,21200,0.0,0.0
2022-03-23 00:00:00-04:00,37.8849983215332,37.8849983215332,36.23500061035156,36.23500061035156,19200,0.0,0.0
2022-03-24 00:00:00-04:00,36.4900016784668,38.095001220703125,35.900001525878906,37.619998931884766,33400,0.0,0.0
2022-03-25 00:00:00-04:00,38.279998779296875,38.3849983215332,35.97999954223633,36.1349983215332,46400,0.0,0.0
2022-03-28 00:00:00-04:00,36.48500061035156,36.48500061035156,33.720001220703125,34.435001373291016,72400,0.0,0.0
2022-03-29 00:00:00-04:00,34.880001068115234,35.130001068115234,33.94499969482422,34.21500015258789,45800,0.0,0.0
2022-03-30 00:00:00-04:00,35.27000045776367,38.11000061035156,35.27000045776367,35.720001220703125,90100,0.0,2.0
2022-03-31 00:00:00-04:00,35.939998626708984,36.380001068115234,34.439998626708984,34.75,82000,0.0,0.0
2022-04-01 00:00:00-04:00,35.029998779296875,35.029998779296875,29.389999389648438,29.700000762939453,160300,0.0,0.0
2022-04-04 00:00:00-04:00,29.5,32.33000183105469,28.100000381469727,29.450000762939453,147400,0.0,0.0
2022-04-05 00:00:00-04:00,29.43000030517578,29.799999237060547,26.700000762939453,27.299999237060547,120700,0.0,0.0
2022-04-06 00:00:00-04:00,26.899999618530273,27.06999969482422,25.670000076293945,26.739999771118164,70100,0.0,0.0
2022-04-07 00:00:00-04:00,26.81999969482422,26.989999771118164,25.100000381469727,25.440000534057617,97700,0.0,0.0
2022-04-08 00:00:00-04:00,25.530000686645508,25.600000381469727,23.520000457763672,24.709999084472656,157200,0.0,0.0
2022-04-11 00:00:00-04:00,24.299999237060547,25.68000030517578,24.299999237060547,25.25,101000,0.0,0.0
2022-04-12 00:00:00-04:00,25.450000762939453,26.969999313354492,25.0,25.360000610351562,52400,0.0,0.0
2022-04-13 00:00:00-04:00,25.209999084472656,26.299999237060547,24.899999618530273,26.040000915527344,58300,0.0,0.0
2022-04-14 00:00:00-04:00,26.149999618530273,28.75,25.079999923706055,25.229999542236328,45100,0.0,0.0
2022-04-18 00:00:00-04:00,24.979999542236328,26.18000030517578,24.309999465942383,25.739999771118164,56800,0.0,0.0
2022-04-19 00:00:00-04:00,25.75,27.729999542236328,25.75,27.510000228881836,61300,0.0,0.0
2022-04-20 00:00:00-04:00,27.799999237060547,31.399999618530273,27.799999237060547,30.190000534057617,90700,0.0,0.0
2022-04-21 00:00:00-04:00,30.56999969482422,31.81999969482422,30.190000534057617,30.450000762939453,77100,0.0,0.0
2022-04-22 00:00:00-04:00,30.450000762939453,31.6200008392334,29.170000076293945,29.479999542236328,46900,0.0,0.0
2022-04-25 00:00:00-04:00,28.56999969482422,31.360000610351562,28.510000228881836,30.690000534057617,71000,0.0,0.0
2022-04-26 00:00:00-04:00,30.639999389648438,30.639999389648438,29.260000228881836,29.260000228881836,42300,0.0,0.0
2022-04-27 00:00:00-04:00,29.219999313354492,29.219999313354492,28.270000457763672,28.920000076293945,41600,0.0,0.0
2022-04-28 00:00:00-04:00,29.260000228881836,31.299999237060547,28.850000381469727,31.079999923706055,46000,0.0,0.0
2022-04-29 00:00:00-04:00,30.479999542236328,31.350000381469727,30.149999618530273,30.389999389648438,41300,0.0,0.0
2022-05-02 00:00:00-04:00,30.389999389648438,31.34000015258789,29.969999313354492,31.1200008392334,43600,0.0,0.0
2022-05-03 00:00:00-04:00,31.110000610351562,31.440000534057617,30.100000381469727,31.110000610351562,36600,0.0,0.0
2022-05-04 00:00:00-04:00,31.459999084472656,32.470001220703125,30.770000457763672,32.349998474121094,31700,0.0,0.0
2022-05-05 00:00:00-04:00,30.940000534057617,32.47999954223633,30.450000762939453,31.200000762939453,25700,0.0,0.0
2022-05-06 00:00:00-04:00,31.1200008392334,31.56999969482422,30.270000457763672,31.1299991607666,29400,0.0,0.0
2022-05-09 00:00:00-04:00,30.649999618530273,30.969999313354492,29.260000228881836,29.600000381469727,41300,0.0,0.0
2022-05-10 00:00:00-04:00,29.989999771118164,30.489999771118164,28.489999771118164,29.559999465942383,34700,0.0,0.0
2022-05-11 00:00:00-04:00,29.790000915527344,30.350000381469727,28.770000457763672,29.040000915527344,23300,0.0,0.0
2022-05-12 00:00:00-04:00,28.700000762939453,29.559999465942383,27.729999542236328,28.93000030517578,44700,0.0,0.0
2022-05-13 00:00:00-04:00,29.6200008392334,30.809999465942383,29.3799991607666,29.520000457763672,39600,0.0,0.0
2022-05-16 00:00:00-04:00,29.030000686645508,29.389999389648438,27.56999969482422,28.110000610351562,39100,0.0,0.0
2022-05-17 00:00:00-04:00,28.75,29.729999542236328,28.489999771118164,29.350000381469727,35400,0.0,0.0
2022-05-18 00:00:00-04:00,28.760000228881836,28.760000228881836,26.010000228881836,26.299999237060547,37900,0.0,0.0
2022-05-19 00:00:00-04:00,25.84000015258789,26.709999084472656,25.700000762939453,26.100000381469727,33500,0.0,0.0
2022-05-20 00:00:00-04:00,26.270000457763672,26.690000534057617,25.479999542236328,26.15999984741211,29800,0.0,0.0
2022-05-23 00:00:00-04:00,26.68000030517578,27.709999084472656,26.479999542236328,27.600000381469727,36600,0.0,0.0
2022-05-24 00:00:00-04:00,27.110000610351562,27.110000610351562,25.780000686645508,26.420000076293945,27700,0.0,0.0
2022-05-25 00:00:00-04:00,26.219999313354492,28.25,26.219999313354492,27.579999923706055,33300,0.0,0.0
2022-05-26 00:00:00-04:00,27.729999542236328,28.93000030517578,27.510000228881836,28.56999969482422,31800,0.0,0.0
2022-05-27 00:00:00-04:00,28.75,29.639999389648438,28.34000015258789,28.5,18500,0.0,0.0
2022-05-31 00:00:00-04:00,28.209999084472656,28.329999923706055,26.6299991607666,27.850000381469727,40400,0.0,0.0
2022-06-01 00:00:00-04:00,28.079999923706055,28.68000030517578,27.450000762939453,28.309999465942383,21800,0.0,0.0
2022-06-02 00:00:00-04:00,28.219999313354492,29.270000457763672,27.959999084472656,28.84000015258789,22700,0.0,0.0
2022-06-03 00:00:00-04:00,28.459999084472656,28.969999313354492,28.239999771118164,28.729999542236328,21300,0.0,0.0
2022-06-06 00:00:00-04:00,28.989999771118164,29.719999313354492,28.649999618530273,29.639999389648438,42400,0.0,0.0
2022-06-07 00:00:00-04:00,29.1200008392334,29.899999618530273,29.059999465942383,29.75,29300,0.0,0.0
2022-06-08 00:00:00-04:00,29.549999237060547,29.549999237060547,27.90999984741211,28.40999984741211,26900,0.0,0.0
2022-06-09 00:00:00-04:00,28.520000457763672,29.190000534057617,28.059999465942383,28.690000534057617,30600,0.0,0.0
2022-06-10 00:00:00-04:00,27.889999389648438,27.969999313354492,27.020000457763672,27.299999237060547,27800,0.0,0.0
2022-06-13 00:00:00-04:00,26.829999923706055,27.139999389648438,26.0,26.520000457763672,40500,0.0,0.0
2022-06-14 00:00:00-04:00,26.770000457763672,27.93000030517578,26.739999771118164,27.68000030517578,22900,0.0,0.0
2022-06-15 00:00:00-04:00,28.059999465942383,29.75,28.059999465942383,29.239999771118164,37600,0.0,0.0
2022-06-16 00:00:00-04:00,28.40999984741211,28.40999984741211,26.0,26.489999771118164,53500,0.0,0.0
2022-06-17 00:00:00-04:00,26.739999771118164,26.979999542236328,26.0,26.389999389648438,53700,0.0,0.0
2022-06-21 00:00:00-04:00,27.1200008392334,28.5,26.18000030517578,26.989999771118164,39100,0.0,0.0
2022-06-22 00:00:00-04:00,26.270000457763672,26.670000076293945,25.719999313354492,25.889999389648438,33300,0.0,0.0
2022-06-23 00:00:00-04:00,25.670000076293945,26.200000762939453,25.110000610351562,25.989999771118164,31500,0.0,0.0
2022-06-24 00:00:00-04:00,26.229999542236328,29.65999984741211,26.229999542236328,29.549999237060547,219600,0.0,0.0
2022-06-27 00:00:00-04:00,29.549999237060547,30.100000381469727,28.670000076293945,28.90999984741211,30900,0.0,0.0
2022-06-28 00:00:00-04:00,29.360000610351562,29.389999389648438,27.719999313354492,27.829999923706055,26900,0.0,0.0
2022-06-29 00:00:00-04:00,27.75,27.75,26.639999389648438,27.190000534057617,19200,0.0,0.0
2022-06-30 00:00:00-04:00,26.440000534057617,27.530000686645508,26.020000457763672,27.389999389648438,57000,0.0,0.0
2022-07-01 00:00:00-04:00,27.329999923706055,28.889999389648438,27.329999923706055,28.010000228881836,27200,0.0,0.0
2022-07-05 00:00:00-04:00,27.31999969482422,27.75,26.780000686645508,27.739999771118164,37000,0.0,0.0
2022-07-06 00:00:00-04:00,27.739999771118164,28.15999984741211,26.860000610351562,27.780000686645508,25500,0.0,0.0
2022-07-07 00:00:00-04:00,28.110000610351562,28.610000610351562,27.790000915527344,28.1200008392334,29700,0.0,0.0
2022-07-08 00:00:00-04:00,28.020000457763672,28.610000610351562,27.709999084472656,28.270000457763672,12100,0.0,0.0
2022-07-11 00:00:00-04:00,28.100000381469727,28.100000381469727,27.559999465942383,27.59000015258789,20200,0.0,0.0
2022-07-12 00:00:00-04:00,27.450000762939453,28.760000228881836,27.1200008392334,28.290000915527344,22000,0.0,0.0
2022-07-13 00:00:00-04:00,27.850000381469727,27.920000076293945,27.139999389648438,27.799999237060547,22400,0.0,0.0
2022-07-14 00:00:00-04:00,27.239999771118164,28.610000610351562,26.81999969482422,28.010000228881836,27200,0.0,0.0
2022-07-15 00:00:00-04:00,28.639999389648438,29.920000076293945,27.950000762939453,29.31999969482422,30800,0.0,0.0
2022-07-18 00:00:00-04:00,29.360000610351562,30.09000015258789,28.709999084472656,28.920000076293945,31600,0.0,0.0
2022-07-19 00:00:00-04:00,29.940000534057617,31.709999084472656,29.940000534057617,31.3799991607666,45400,0.0,0.0
2022-07-20 00:00:00-04:00,31.450000762939453,32.189998626708984,30.760000228881836,31.739999771118164,34500,0.0,0.0
2022-07-21 00:00:00-04:00,31.75,31.790000915527344,30.780000686645508,31.219999313354492,24200,0.0,0.0
2022-07-22 00:00:00-04:00,31.110000610351562,31.239999771118164,30.280000686645508,30.40999984741211,14500,0.0,0.0
2022-07-25 00:00:00-04:00,30.719999313354492,31.110000610351562,29.440000534057617,30.799999237060547,37400,0.0,0.0
2022-07-26 00:00:00-04:00,30.540000915527344,31.469999313354492,29.90999984741211,30.43000030517578,21000,0.0,0.0
2022-07-27 00:00:00-04:00,31.309999465942383,31.780000686645508,30.780000686645508,31.65999984741211,17900,0.0,0.0
2022-07-28 00:00:00-04:00,30.93000030517578,33.189998626708984,30.920000076293945,32.81999969482422,41400,0.0,0.0
2022-07-29 00:00:00-04:00,32.470001220703125,36.0,31.149999618530273,35.779998779296875,51300,0.0,0.0
2022-08-01 00:00:00-04:00,35.779998779296875,35.869998931884766,34.119998931884766,34.68000030517578,60000,0.0,0.0
2022-08-02 00:00:00-04:00,34.540000915527344,35.709999084472656,33.68000030517578,35.15999984741211,61600,0.0,0.0
2022-08-03 00:00:00-04:00,35.15999984741211,36.43000030517578,35.119998931884766,35.75,40300,0.0,0.0
2022-08-04 00:00:00-04:00,35.900001525878906,36.22999954223633,34.5099983215332,35.91999816894531,46600,0.0,0.0
2022-08-05 00:00:00-04:00,35.36000061035156,36.36000061035156,35.0,36.0099983215332,46800,0.0,0.0
2022-08-08 00:00:00-04:00,36.4900016784668,36.9900016784668,35.77000045776367,35.9900016784668,73500,0.0,0.0
2022-08-09 00:00:00-04:00,35.84000015258789,35.91999816894531,34.41999816894531,35.15999984741211,31900,0.0,0.0
2022-08-10 00:00:00-04:00,35.7400016784668,36.06999969482422,35.040000915527344,35.790000915527344,22200,0.0,0.0
2022-08-11 00:00:00-04:00,36.220001220703125,36.5,35.619998931884766,36.47999954223633,38500,0.0,0.0
2022-08-12 00:00:00-04:00,36.7599983215332,37.45000076293945,36.45000076293945,37.119998931884766,22900,0.0,0.0
2022-08-15 00:00:00-04:00,36.970001220703125,36.970001220703125,34.31999969482422,35.97999954223633,57500,0.0,0.0
2022-08-16 00:00:00-04:00,35.93000030517578,36.04999923706055,35.22999954223633,35.349998474121094,14600,0.0,0.0
2022-08-17 00:00:00-04:00,34.939998626708984,35.20000076293945,33.34000015258789,34.290000915527344,29300,0.0,0.0
2022-08-18 00:00:00-04:00,34.119998931884766,35.2599983215332,33.869998931884766,35.060001373291016,29100,0.0,0.0
2022-08-19 00:00:00-04:00,34.56999969482422,34.59000015258789,33.9900016784668,34.459999084472656,19100,0.0,0.0
2022-08-22 00:00:00-04:00,33.7599983215332,34.41999816894531,33.27000045776367,33.58000183105469,18600,0.0,0.0
2022-08-23 00:00:00-04:00,33.4900016784668,34.22999954223633,33.38999938964844,33.529998779296875,16000,0.0,0.0
2022-08-24 00:00:00-04:00,33.630001068115234,33.9900016784668,33.08000183105469,33.15999984741211,16000,0.0,0.0
2022-08-25 00:00:00-04:00,33.380001068115234,34.4900016784668,32.95000076293945,33.970001220703125,19400,0.0,0.0
2022-08-26 00:00:00-04:00,34.0,34.0,31.829999923706055,32.09000015258789,28200,0.0,0.0
2022-08-29 00:00:00-04:00,31.559999465942383,31.600000381469727,30.200000762939453,30.31999969482422,36200,0.0,0.0
2022-08-30 00:00:00-04:00,30.31999969482422,30.479999542236328,28.850000381469727,29.690000534057617,23900,0.0,0.0
2022-08-31 00:00:00-04:00,30.020000457763672,30.079999923706055,29.010000228881836,29.709999084472656,26000,0.0,0.0
2022-09-01 00:00:00-04:00,29.600000381469727,30.700000762939453,29.0,30.309999465942383,32300,0.0,0.0
2022-09-02 00:00:00-04:00,30.65999984741211,30.969999313354492,29.670000076293945,30.010000228881836,17800,0.0,0.0
2022-09-06 00:00:00-04:00,30.020000457763672,30.639999389648438,29.270000457763672,30.420000076293945,35600,0.0,0.0
2022-09-07 00:00:00-04:00,30.31999969482422,31.700000762939453,29.90999984741211,31.540000915527344,25700,0.0,0.0
2022-09-08 00:00:00-04:00,31.110000610351562,31.600000381469727,30.899999618530273,31.06999969482422,17900,0.0,0.0
2022-09-09 00:00:00-04:00,31.450000762939453,32.79999923706055,30.31999969482422,32.150001525878906,20400,0.0,0.0
2022-09-12 00:00:00-04:00,32.66999816894531,32.97999954223633,32.59000015258789,32.7400016784668,15000,0.0,0.0
2022-09-13 00:00:00-04:00,32.029998779296875,32.040000915527344,30.18000030517578,30.31999969482422,20800,0.0,0.0
2022-09-14 00:00:00-04:00,31.280000686645508,31.829999923706055,30.790000915527344,31.579999923706055,36200,0.0,0.0
2022-09-15 00:00:00-04:00,31.579999923706055,32.45000076293945,31.34000015258789,31.6299991607666,24900,0.0,0.0
2022-09-16 00:00:00-04:00,30.81999969482422,31.200000762939453,30.170000076293945,30.790000915527344,52900,0.0,0.0
2022-09-19 00:00:00-04:00,30.549999237060547,31.200000762939453,29.690000534057617,30.700000762939453,26300,0.0,0.0
2022-09-20 00:00:00-04:00,30.239999771118164,30.469999313354492,29.690000534057617,30.049999237060547,21600,0.0,0.0
2022-09-21 00:00:00-04:00,30.829999923706055,30.829999923706055,29.780000686645508,29.829999923706055,24200,0.0,0.0
2022-09-22 00:00:00-04:00,29.709999084472656,30.0,28.889999389648438,29.6200008392334,32100,0.0,0.0
2022-09-23 00:00:00-04:00,29.1299991607666,29.760000228881836,28.520000457763672,29.350000381469727,25300,0.0,0.0
2022-09-26 00:00:00-04:00,29.350000381469727,30.420000076293945,28.290000915527344,29.799999237060547,27100,0.0,0.0
2022-09-27 00:00:00-04:00,30.15999984741211,30.790000915527344,29.850000381469727,30.149999618530273,23000,0.0,0.0
2022-09-28 00:00:00-04:00,30.520000457763672,31.799999237060547,30.170000076293945,31.56999969482422,40900,0.0,0.0
2022-09-29 00:00:00-04:00,31.209999084472656,31.209999084472656,30.530000686645508,31.020000457763672,21500,0.0,0.0
2022-09-30 00:00:00-04:00,30.899999618530273,31.920000076293945,30.799999237060547,30.959999084472656,31400,0.0,0.0
2022-10-03 00:00:00-04:00,31.5,32.7400016784668,31.399999618530273,31.8799991607666,55100,0.0,0.0
2022-10-04 00:00:00-04:00,32.720001220703125,33.63999938964844,32.720001220703125,33.529998779296875,41900,0.0,0.0
2022-10-05 00:00:00-04:00,33.040000915527344,34.2400016784668,32.41999816894531,33.56999969482422,28700,0.0,0.0
2022-10-06 00:00:00-04:00,33.439998626708984,34.13999938964844,32.9900016784668,33.2599983215332,38900,0.0,0.0
2022-10-07 00:00:00-04:00,32.77000045776367,32.91999816894531,32.119998931884766,32.68000030517578,38800,0.0,0.0
2022-10-10 00:00:00-04:00,33.09000015258789,33.540000915527344,32.41999816894531,33.04999923706055,39700,0.0,0.0
2022-10-11 00:00:00-04:00,32.86000061035156,32.97999954223633,31.18000030517578,31.760000228881836,41400,0.0,0.0
2022-10-12 00:00:00-04:00,31.90999984741211,32.61000061035156,31.3799991607666,31.8700008392334,29300,0.0,0.0
2022-10-13 00:00:00-04:00,30.950000762939453,32.95000076293945,30.469999313354492,32.599998474121094,40600,0.0,0.0
2022-10-14 00:00:00-04:00,32.54999923706055,32.54999923706055,30.020000457763672,30.600000381469727,22000,0.0,0.0
2022-10-17 00:00:00-04:00,31.389999389648438,32.5099983215332,31.1200008392334,32.060001373291016,34500,0.0,0.0
2022-10-18 00:00:00-04:00,32.540000915527344,33.130001068115234,31.610000610351562,31.950000762939453,28400,0.0,0.0
2022-10-19 00:00:00-04:00,32.27000045776367,32.27000045776367,30.969999313354492,31.739999771118164,30500,0.0,0.0
2022-10-20 00:00:00-04:00,31.010000228881836,32.060001373291016,30.190000534057617,30.360000610351562,38700,0.0,0.0
2022-10-21 00:00:00-04:00,30.520000457763672,30.81999969482422,29.84000015258789,30.639999389648438,29200,0.0,0.0
2022-10-24 00:00:00-04:00,30.469999313354492,30.469999313354492,27.510000228881836,27.8700008392334,58300,0.0,0.0
2022-10-25 00:00:00-04:00,27.6299991607666,28.09000015258789,27.200000762939453,27.68000030517578,64900,0.0,0.0
2022-10-26 00:00:00-04:00,27.739999771118164,28.43000030517578,27.260000228881836,27.579999923706055,35600,0.0,0.0
2022-10-27 00:00:00-04:00,27.729999542236328,28.360000610351562,27.200000762939453,27.56999969482422,42600,0.0,0.0
2022-10-28 00:00:00-04:00,27.389999389648438,28.350000381469727,27.389999389648438,28.059999465942383,26800,0.0,0.0
2022-10-31 00:00:00-04:00,27.639999389648438,28.18000030517578,27.309999465942383,27.850000381469727,29300,0.0,0.0
2022-11-01 00:00:00-04:00,28.1200008392334,28.1200008392334,27.100000381469727,27.84000015258789,37800,0.0,0.0
2022-11-02 00:00:00-04:00,27.84000015258789,28.3700008392334,27.0,27.0,36200,0.0,0.0
2022-11-03 00:00:00-04:00,26.90999984741211,26.90999984741211,26.059999465942383,26.649999618530273,19200,0.0,0.0
2022-11-04 00:00:00-04:00,26.799999237060547,27.200000762939453,26.239999771118164,27.040000915527344,21400,0.0,0.0
2022-11-07 00:00:00-05:00,27.040000915527344,27.799999237060547,27.040000915527344,27.649999618530273,27100,0.0,0.0
2022-11-08 00:00:00-05:00,27.719999313354492,28.290000915527344,27.56999969482422,27.8799991607666,25000,0.0,0.0
2022-11-09 00:00:00-05:00,27.350000381469727,27.770000457763672,26.5,26.829999923706055,17300,0.0,0.0
2022-11-10 00:00:00-05:00,27.93000030517578,29.639999389648438,27.100000381469727,29.389999389648438,61400,0.0,0.0
2022-11-11 00:00:00-05:00,29.450000762939453,30.610000610351562,28.719999313354492,28.84000015258789,30000,0.0,0.0
2022-11-14 00:00:00-05:00,28.6200008392334,28.6200008392334,26.799999237060547,27.700000762939453,46500,0.0,0.0
2022-11-15 00:00:00-05:00,28.229999542236328,28.56999969482422,27.260000228881836,28.1299991607666,41800,0.0,0.0
2022-11-16 00:00:00-05:00,28.010000228881836,28.299999237060547,27.489999771118164,27.809999465942383,15900,0.0,0.0
2022-11-17 00:00:00-05:00,27.420000076293945,28.100000381469727,27.06999969482422,28.079999923706055,15300,0.0,0.0
2022-11-18 00:00:00-05:00,28.600000381469727,28.979999542236328,27.93000030517578,28.540000915527344,35000,0.0,0.0
2022-11-21 00:00:00-05:00,28.5,29.510000228881836,28.5,28.760000228881836,24400,0.0,0.0
2022-11-22 00:00:00-05:00,28.850000381469727,29.040000915527344,28.1200008392334,28.549999237060547,13400,0.0,0.0
2022-11-23 00:00:00-05:00,28.719999313354492,29.06999969482422,28.229999542236328,28.889999389648438,15300,0.0,0.0
2022-11-25 00:00:00-05:00,29.760000228881836,30.0,28.709999084472656,29.1200008392334,4900,0.0,0.0
2022-11-28 00:00:00-05:00,28.799999237060547,28.829999923706055,27.84000015258789,27.950000762939453,22300,0.0,0.0
2022-11-29 00:00:00-05:00,27.649999618530273,28.270000457763672,27.389999389648438,27.68000030517578,25600,0.0,0.0
2022-11-30 00:00:00-05:00,27.81999969482422,28.489999771118164,26.760000228881836,28.030000686645508,179100,0.0,0.0
2022-12-01 00:00:00-05:00,28.1299991607666,29.059999465942383,27.600000381469727,28.56999969482422,32000,0.0,0.0
2022-12-02 00:00:00-05:00,28.15999984741211,28.68000030517578,28.020000457763672,28.31999969482422,16000,0.0,0.0
2022-12-05 00:00:00-05:00,28.020000457763672,28.020000457763672,27.0,27.31999969482422,14600,0.0,0.0
2022-12-06 00:00:00-05:00,27.200000762939453,27.299999237060547,26.649999618530273,27.18000030517578,30900,0.0,0.0
2022-12-07 00:00:00-05:00,26.799999237060547,27.270000457763672,26.56999969482422,27.100000381469727,14400,0.0,0.0
2022-12-08 00:00:00-05:00,27.329999923706055,28.440000534057617,26.770000457763672,27.239999771118164,10400,0.0,0.0
2022-12-09 00:00:00-05:00,27.270000457763672,27.270000457763672,26.690000534057617,26.809999465942383,11100,0.0,0.0
2022-12-12 00:00:00-05:00,26.709999084472656,27.860000610351562,26.59000015258789,27.65999984741211,22700,0.0,0.0
2022-12-13 00:00:00-05:00,28.549999237060547,28.549999237060547,27.260000228881836,27.780000686645508,48300,0.0,0.0
2022-12-14 00:00:00-05:00,27.670000076293945,28.670000076293945,27.3799991607666,27.530000686645508,12500,0.0,0.0
2022-12-15 00:00:00-05:00,27.229999542236328,27.899999618530273,26.56999969482422,26.790000915527344,22200,0.0,0.0
2022-12-16 00:00:00-05:00,26.520000457763672,27.25,26.219999313354492,26.3799991607666,49800,0.0,0.0
2022-12-19 00:00:00-05:00,26.479999542236328,28.760000228881836,25.809999465942383,26.010000228881836,18000,0.0,0.0
2022-12-20 00:00:00-05:00,25.770000457763672,26.649999618530273,25.100000381469727,25.280000686645508,32100,0.0,0.0
2022-12-21 00:00:00-05:00,25.75,26.8799991607666,25.299999237060547,26.389999389648438,32600,0.0,0.0
2022-12-22 00:00:00-05:00,26.079999923706055,26.079999923706055,25.110000610351562,25.75,13700,0.0,0.0
2022-12-23 00:00:00-05:00,25.440000534057617,26.59000015258789,25.149999618530273,25.350000381469727,23800,0.0,0.0
2022-12-27 00:00:00-05:00,25.299999237060547,25.729999542236328,24.780000686645508,25.700000762939453,47200,0.0,0.0
2022-12-28 00:00:00-05:00,25.530000686645508,25.649999618530273,24.81999969482422,24.899999618530273,25600,0.0,0.0
2022-12-29 00:00:00-05:00,24.81999969482422,25.950000762939453,24.81999969482422,25.81999969482422,26600,0.0,0.0
2022-12-30 00:00:00-05:00,25.610000610351562,26.719999313354492,25.610000610351562,25.899999618530273,96300,0.0,0.0
2023-01-03 00:00:00-05:00,26.219999313354492,26.489999771118164,25.25,25.670000076293945,36500,0.0,0.0
2023-01-04 00:00:00-05:00,25.75,26.209999084472656,25.149999618530273,25.440000534057617,23400,0.0,0.0
2023-01-05 00:00:00-05:00,25.209999084472656,25.399999618530273,24.40999984741211,24.729999542236328,29100,0.0,0.0
2023-01-06 00:00:00-05:00,25.260000228881836,25.610000610351562,24.899999618530273,25.610000610351562,17300,0.0,0.0
2023-01-09 00:00:00-05:00,25.989999771118164,26.549999237060547,25.670000076293945,25.709999084472656,18900,0.0,0.0
2023-01-10 00:00:00-05:00,25.709999084472656,27.260000228881836,25.549999237060547,27.059999465942383,22600,0.0,0.0
2023-01-11 00:00:00-05:00,26.729999542236328,27.739999771118164,26.350000381469727,26.989999771118164,52700,0.0,0.0
2023-01-12 00:00:00-05:00,27.290000915527344,28.06999969482422,27.149999618530273,27.610000610351562,19900,0.0,0.0
2023-01-13 00:00:00-05:00,27.350000381469727,28.399999618530273,27.31999969482422,28.020000457763672,30800,0.0,0.0
2023-01-17 00:00:00-05:00,28.200000762939453,28.270000457763672,27.559999465942383,27.799999237060547,19600,0.0,0.0
2023-01-18 00:00:00-05:00,27.600000381469727,28.5,27.600000381469727,27.6299991607666,27200,0.0,0.0
2023-01-19 00:00:00-05:00,27.600000381469727,27.600000381469727,26.65999984741211,27.399999618530273,16500,0.0,0.0
2023-01-20 00:00:00-05:00,27.68000030517578,28.420000076293945,27.18000030517578,28.420000076293945,18000,0.0,0.0
2023-01-23 00:00:00-05:00,28.690000534057617,28.920000076293945,28.479999542236328,28.899999618530273,17400,0.0,0.0
2023-01-24 00:00:00-05:00,28.719999313354492,29.68000030517578,28.600000381469727,29.100000381469727,21000,0.0,0.0
2023-01-25 00:00:00-05:00,28.690000534057617,29.420000076293945,28.450000762939453,29.420000076293945,20300,0.0,0.0
2023-01-26 00:00:00-05:00,29.489999771118164,29.700000762939453,27.969999313354492,28.43000030517578,22000,0.0,0.0
2023-01-27 00:00:00-05:00,28.469999313354492,29.31999969482422,28.469999313354492,29.149999618530273,18600,0.0,0.0
2023-01-30 00:00:00-05:00,28.959999084472656,29.350000381469727,27.530000686645508,27.850000381469727,33100,0.0,0.0
2023-01-31 00:00:00-05:00,28.049999237060547,29.170000076293945,28.049999237060547,28.950000762939453,17900,0.0,0.0
2023-02-01 00:00:00-05:00,28.950000762939453,29.719999313354492,28.56999969482422,29.540000915527344,60900,0.0,0.0
2023-02-02 00:00:00-05:00,30.0,31.15999984741211,28.739999771118164,30.0,42900,0.0,0.0
2023-02-03 00:00:00-05:00,29.700000762939453,29.8799991607666,28.469999313354492,28.729999542236328,21200,0.0,0.0
2023-02-06 00:00:00-05:00,28.600000381469727,28.600000381469727,27.389999389648438,27.989999771118164,16900,0.0,0.0
2023-02-07 00:00:00-05:00,28.0,30.0,27.709999084472656,29.600000381469727,32300,0.0,0.0
2023-02-08 00:00:00-05:00,29.520000457763672,30.010000228881836,29.0,29.540000915527344,18300,0.0,0.0
2023-02-09 00:00:00-05:00,29.420000076293945,29.420000076293945,28.1200008392334,28.299999237060547,12500,0.0,0.0
2023-02-10 00:00:00-05:00,28.420000076293945,28.420000076293945,27.540000915527344,28.020000457763672,16100,0.0,0.0
2023-02-13 00:00:00-05:00,27.020000457763672,28.299999237060547,27.020000457763672,27.93000030517578,20000,0.0,0.0
2023-02-14 00:00:00-05:00,27.0,28.440000534057617,26.700000762939453,28.299999237060547,25900,0.0,0.0
2023-02-15 00:00:00-05:00,27.899999618530273,29.110000610351562,27.559999465942383,28.639999389648438,23800,0.0,0.0
2023-02-16 00:00:00-05:00,28.049999237060547,29.219999313354492,27.860000610351562,28.56999969482422,34200,0.0,0.0
2023-02-17 00:00:00-05:00,28.729999542236328,29.579999923706055,28.56999969482422,29.399999618530273,24000,0.0,0.0
2023-02-21 00:00:00-05:00,29.170000076293945,29.290000915527344,28.059999465942383,28.059999465942383,18600,0.0,0.0
2023-02-22 00:00:00-05:00,28.280000686645508,28.690000534057617,28.100000381469727,28.219999313354492,11900,0.0,0.0
2023-02-23 00:00:00-05:00,28.600000381469727,28.790000915527344,27.729999542236328,28.739999771118164,19300,0.0,0.0
2023-02-24 00:00:00-05:00,28.1299991607666,29.100000381469727,28.059999465942383,28.75,23300,0.0,0.0
2023-02-27 00:00:00-05:00,29.1200008392334,29.709999084472656,29.0,29.0,18900,0.0,0.0
2023-02-28 00:00:00-05:00,29.049999237060547,29.440000534057617,28.979999542236328,29.0,36600,0.0,0.0
2023-03-01 00:00:00-05:00,29.0,29.6299991607666,29.0,29.329999923706055,21300,0.0,0.0
2023-03-02 00:00:00-05:00,28.90999984741211,30.110000610351562,28.110000610351562,29.940000534057617,20500,0.0,0.0
2023-03-03 00:00:00-05:00,30.360000610351562,30.3700008392334,29.969999313354492,30.229999542236328,12100,0.0,0.0
2023-03-06 00:00:00-05:00,30.0,30.0,29.530000686645508,29.6200008392334,39200,0.0,0.0
2023-03-07 00:00:00-05:00,29.670000076293945,29.790000915527344,29.09000015258789,29.280000686645508,26300,0.0,0.0
2023-03-08 00:00:00-05:00,29.530000686645508,29.989999771118164,29.290000915527344,29.899999618530273,19400,0.0,0.0
2023-03-09 00:00:00-05:00,30.770000457763672,31.360000610351562,30.139999389648438,30.139999389648438,29400,0.0,0.0
2023-03-10 00:00:00-05:00,29.549999237060547,29.719999313354492,28.6299991607666,29.170000076293945,24800,0.0,0.0
2023-03-13 00:00:00-04:00,28.739999771118164,28.770000457763672,28.06999969482422,28.239999771118164,27000,0.0,0.0
2023-03-14 00:00:00-04:00,29.270000457763672,29.75,28.020000457763672,28.3799991607666,27800,0.0,0.0
2023-03-15 00:00:00-04:00,27.649999618530273,28.360000610351562,27.010000228881836,27.43000030517578,24700,0.0,0.0
2023-03-16 00:00:00-04:00,26.90999984741211,28.0,26.90999984741211,27.760000228881836,16100,0.0,0.0
2023-03-17 00:00:00-04:00,27.56999969482422,27.860000610351562,26.959999084472656,27.149999618530273,27800,0.0,0.0
2023-03-20 00:00:00-04:00,27.43000030517578,27.43000030517578,26.59000015258789,26.670000076293945,15400,0.0,0.0
2023-03-21 00:00:00-04:00,27.290000915527344,27.93000030517578,27.110000610351562,27.479999542236328,21800,0.0,0.0
2023-03-22 00:00:00-04:00,27.440000534057617,27.770000457763672,26.989999771118164,26.989999771118164,18600,0.0,0.0
2023-03-23 00:00:00-04:00,27.0,27.299999237060547,26.510000228881836,26.770000457763672,32900,0.0,0.0
2023-03-24 00:00:00-04:00,26.309999465942383,27.139999389648438,26.1200008392334,26.8700008392334,27600,0.0,0.0
2023-03-27 00:00:00-04:00,27.31999969482422,27.34000015258789,26.700000762939453,27.229999542236328,23200,0.0,0.0
2023-03-28 00:00:00-04:00,27.290000915527344,27.639999389648438,27.170000076293945,27.579999923706055,26700,0.0,0.0
2023-03-29 00:00:00-04:00,27.700000762939453,28.290000915527344,27.510000228881836,28.260000228881836,35500,0.0,0.0
2023-03-30 00:00:00-04:00,28.5,29.309999465942383,28.1200008392334,29.309999465942383,42500,0.0,0.0
2023-03-31 00:00:00-04:00,29.399999618530273,29.829999923706055,28.59000015258789,28.6299991607666,68300,0.0,0.0
2023-04-03 00:00:00-04:00,28.760000228881836,28.81999969482422,27.770000457763672,28.399999618530273,29600,0.0,0.0
2023-04-04 00:00:00-04:00,28.649999618530273,28.649999618530273,27.360000610351562,27.860000610351562,30600,0.0,0.0
2023-04-05 00:00:00-04:00,27.729999542236328,27.729999542236328,27.049999237060547,27.15999984741211,16800,0.0,0.0
2023-04-06 00:00:00-04:00,27.290000915527344,27.579999923706055,27.0,27.280000686645508,9200,0.0,0.0
2023-04-10 00:00:00-04:00,27.280000686645508,27.829999923706055,27.270000457763672,27.780000686645508,15000,0.0,0.0
2023-04-11 00:00:00-04:00,27.739999771118164,28.229999542236328,27.649999618530273,27.700000762939453,21500,0.0,0.0
2023-04-12 00:00:00-04:00,27.940000534057617,27.950000762939453,26.700000762939453,26.93000030517578,14100,0.0,0.0
2023-04-13 00:00:00-04:00,26.770000457763672,26.940000534057617,26.200000762939453,26.290000915527344,24200,0.0,0.0
2023-04-14 00:00:00-04:00,25.709999084472656,26.280000686645508,25.420000076293945,25.719999313354492,23100,0.0,0.0
2023-04-17 00:00:00-04:00,25.940000534057617,26.3700008392334,25.700000762939453,26.280000686645508,22800,0.0,0.0
2023-04-18 00:00:00-04:00,26.280000686645508,26.40999984741211,25.469999313354492,26.020000457763672,17600,0.0,0.0
2023-04-19 00:00:00-04:00,25.790000915527344,26.170000076293945,25.440000534057617,25.770000457763672,18600,0.0,0.0
2023-04-20 00:00:00-04:00,25.700000762939453,26.049999237060547,25.239999771118164,25.969999313354492,13900,0.0,0.0
2023-04-21 00:00:00-04:00,26.350000381469727,26.399999618530273,25.15999984741211,25.190000534057617,21900,0.0,0.0
2023-04-24 00:00:00-04:00,25.360000610351562,25.3700008392334,24.860000610351562,24.899999618530273,8700,0.0,0.0
2023-04-25 00:00:00-04:00,25.0,25.0,23.5,24.31999969482422,41200,0.0,0.0
2023-04-26 00:00:00-04:00,24.219999313354492,24.219999313354492,22.8700008392334,23.40999984741211,22400,0.0,0.0
2023-04-27 00:00:00-04:00,23.3700008392334,23.709999084472656,22.690000534057617,22.959999084472656,15700,0.0,0.0
2023-04-28 00:00:00-04:00,22.729999542236328,23.280000686645508,22.309999465942383,22.450000762939453,19300,0.0,0.0
2023-05-01 00:00:00-04:00,22.739999771118164,22.940000534057617,22.139999389648438,22.260000228881836,15800,0.0,0.0
2023-05-02 00:00:00-04:00,21.770000457763672,22.350000381469727,21.559999465942383,22.010000228881836,20700,0.0,0.0
2023-05-03 00:00:00-04:00,22.770000457763672,23.739999771118164,22.719999313354492,23.010000228881836,24900,0.0,0.0
2023-05-04 00:00:00-04:00,22.899999618530273,23.290000915527344,22.649999618530273,23.290000915527344,38900,0.0,0.0
2023-05-05 00:00:00-04:00,23.670000076293945,24.059999465942383,23.34000015258789,24.040000915527344,21500,0.0,0.0
2023-05-08 00:00:00-04:00,23.989999771118164,24.110000610351562,23.479999542236328,23.950000762939453,18600,0.0,0.0
2023-05-09 00:00:00-04:00,23.75,24.239999771118164,23.479999542236328,23.709999084472656,21200,0.0,0.0
2023-05-10 00:00:00-04:00,24.549999237060547,24.549999237060547,22.84000015258789,23.239999771118164,28600,0.0,0.0
2023-05-11 00:00:00-04:00,22.950000762939453,23.420000076293945,22.950000762939453,23.139999389648438,16900,0.0,0.0
2023-05-12 00:00:00-04:00,23.469999313354492,23.68000030517578,23.030000686645508,23.09000015258789,10700,0.0,0.0
2023-05-15 00:00:00-04:00,23.170000076293945,23.459999084472656,22.93000030517578,23.389999389648438,14600,0.0,0.0
2023-05-16 00:00:00-04:00,23.0,23.40999984741211,22.729999542236328,23.299999237060547,14200,0.0,0.0
2023-05-17 00:00:00-04:00,23.440000534057617,23.65999984741211,22.260000228881836,23.639999389648438,23000,0.0,0.0
2023-05-18 00:00:00-04:00,23.549999237060547,24.25,23.479999542236328,24.049999237060547,23800,0.0,0.0
2023-05-19 00:00:00-04:00,24.3799991607666,24.739999771118164,23.8700008392334,24.299999237060547,21500,0.0,0.0
2023-05-22 00:00:00-04:00,24.389999389648438,24.450000762939453,24.059999465942383,24.299999237060547,8200,0.0,0.0
2023-05-23 00:00:00-04:00,24.850000381469727,24.850000381469727,24.389999389648438,24.5,8900,0.0,0.0
2023-05-24 00:00:00-04:00,24.489999771118164,24.899999618530273,23.940000534057617,24.829999923706055,16200,0.0,0.0
2023-05-25 00:00:00-04:00,24.81999969482422,25.450000762939453,24.100000381469727,25.059999465942383,22400,0.0,0.0
2023-05-26 00:00:00-04:00,25.450000762939453,26.18000030517578,25.450000762939453,25.65999984741211,18600,0.0,0.0
2023-05-30 00:00:00-04:00,25.889999389648438,26.239999771118164,25.729999542236328,25.940000534057617,13400,0.0,0.0
2023-05-31 00:00:00-04:00,25.15999984741211,26.25,25.139999389648438,26.15999984741211,27000,0.0,0.0
2023-06-01 00:00:00-04:00,26.5,26.520000457763672,25.579999923706055,26.3700008392334,27200,0.0,0.0
2023-06-02 00:00:00-04:00,26.729999542236328,27.34000015258789,26.600000381469727,27.200000762939453,24200,0.0,0.0
2023-06-05 00:00:00-04:00,27.0,27.270000457763672,26.530000686645508,26.530000686645508,18600,0.0,0.0
2023-06-06 00:00:00-04:00,27.489999771118164,27.979999542236328,27.139999389648438,27.690000534057617,16400,0.0,0.0
2023-06-07 00:00:00-04:00,27.989999771118164,28.770000457763672,27.700000762939453,28.479999542236328,34400,0.0,0.0
2023-06-08 00:00:00-04:00,27.600000381469727,28.3799991607666,27.600000381469727,27.790000915527344,9500,0.0,0.0
2023-06-09 00:00:00-04:00,25.510000228881836,27.420000076293945,25.510000228881836,26.719999313354492,9600,0.0,0.0
2023-06-12 00:00:00-04:00,26.489999771118164,27.280000686645508,26.0,26.989999771118164,22600,0.0,0.0
2023-06-13 00:00:00-04:00,27.350000381469727,27.6299991607666,26.579999923706055,27.420000076293945,13800,0.0,0.0
2023-06-14 00:00:00-04:00,27.3799991607666,28.299999237060547,26.899999618530273,27.149999618530273,20200,0.0,0.0
2023-06-15 00:00:00-04:00,26.920000076293945,27.290000915527344,26.59000015258789,27.290000915527344,18500,0.0,0.0
2023-06-16 00:00:00-04:00,27.530000686645508,27.8799991607666,26.520000457763672,26.950000762939453,34100,0.0,0.0
2023-06-20 00:00:00-04:00,26.770000457763672,27.15999984741211,26.229999542236328,26.969999313354492,14200,0.0,0.0
2023-06-21 00:00:00-04:00,26.6299991607666,27.309999465942383,25.889999389648438,26.100000381469727,18000,0.0,0.0
2023-06-22 00:00:00-04:00,25.84000015258789,26.219999313354492,25.84000015258789,26.200000762939453,12800,0.0,0.0
2023-06-23 00:00:00-04:00,25.790000915527344,27.100000381469727,25.790000915527344,26.459999084472656,203000,0.0,0.0
2023-06-26 00:00:00-04:00,26.780000686645508,26.8799991607666,26.149999618530273,26.149999618530273,9300,0.0,0.0
2023-06-27 00:00:00-04:00,26.56999969482422,26.969999313354492,26.399999618530273,26.600000381469727,13300,0.0,0.0
2023-06-28 00:00:00-04:00,26.610000610351562,27.049999237060547,26.43000030517578,26.8799991607666,12700,0.0,0.0
2023-06-29 00:00:00-04:00,26.75,27.34000015258789,26.600000381469727,27.229999542236328,6900,0.0,0.0
2023-06-30 00:00:00-04:00,27.440000534057617,27.440000534057617,26.559999465942383,26.770000457763672,21600,0.0,0.0
2023-07-03 00:00:00-04:00,26.309999465942383,27.0,26.309999465942383,27.0,6200,0.0,0.0
2023-07-05 00:00:00-04:00,26.709999084472656,26.989999771118164,26.5,26.610000610351562,19000,0.0,0.0
2023-07-06 00:00:00-04:00,26.5,26.540000915527344,25.520000457763672,25.989999771118164,21300,0.0,0.0
2023-07-07 00:00:00-04:00,26.0,27.0,26.0,26.799999237060547,35000,0.0,0.0
2023-07-10 00:00:00-04:00,26.899999618530273,27.18000030517578,26.780000686645508,26.899999618530273,12600,0.0,0.0
2023-07-11 00:00:00-04:00,26.899999618530273,26.950000762939453,26.209999084472656,26.399999618530273,4800,0.0,0.0
2023-07-12 00:00:00-04:00,26.700000762939453,26.889999389648438,25.969999313354492,26.399999618530273,9100,0.0,0.0
2023-07-13 00:00:00-04:00,26.309999465942383,26.540000915527344,25.200000762939453,25.25,23700,0.0,0.0
2023-07-14 00:00:00-04:00,25.469999313354492,25.549999237060547,24.889999389648438,25.059999465942383,15400,0.0,0.0
2023-07-17 00:00:00-04:00,25.219999313354492,25.65999984741211,24.559999465942383,25.1200008392334,13700,0.0,0.0
2023-07-18 00:00:00-04:00,24.989999771118164,25.75,24.989999771118164,25.729999542236328,10200,0.0,0.0
2023-07-19 00:00:00-04:00,25.600000381469727,26.84000015258789,25.219999313354492,26.709999084472656,30000,0.0,0.0
2023-07-20 00:00:00-04:00,26.309999465942383,26.309999465942383,25.579999923706055,26.139999389648438,15700,0.0,0.0
2023-07-21 00:00:00-04:00,26.020000457763672,26.209999084472656,24.940000534057617,25.5,46000,0.0,0.0
2023-07-24 00:00:00-04:00,25.309999465942383,25.600000381469727,24.56999969482422,25.260000228881836,9500,0.0,0.0
2023-07-25 00:00:00-04:00,25.040000915527344,25.780000686645508,24.950000762939453,25.25,9100,0.0,0.0
2023-07-26 00:00:00-04:00,25.700000762939453,26.1200008392334,25.34000015258789,25.75,10900,0.0,0.0
2023-07-27 00:00:00-04:00,25.43000030517578,25.5,25.040000915527344,25.139999389648438,24600,0.0,0.0
2023-07-28 00:00:00-04:00,25.100000381469727,25.65999984741211,24.950000762939453,25.25,10600,0.0,0.0
2023-07-31 00:00:00-04:00,25.299999237060547,25.969999313354492,25.1200008392334,25.860000610351562,15300,0.0,0.0
2023-08-01 00:00:00-04:00,25.450000762939453,25.959999084472656,25.290000915527344,25.850000381469727,9100,0.0,0.0
2023-08-02 00:00:00-04:00,25.700000762939453,26.229999542236328,25.510000228881836,25.959999084472656,17700,0.0,0.0
2023-08-03 00:00:00-04:00,25.56999969482422,26.25,25.06999969482422,25.729999542236328,12900,0.0,0.0
2023-08-04 00:00:00-04:00,26.049999237060547,26.3799991607666,25.260000228881836,25.950000762939453,20500,0.0,0.0
2023-08-07 00:00:00-04:00,26.270000457763672,26.290000915527344,25.15999984741211,25.540000915527344,13900,0.0,0.0
2023-08-08 00:00:00-04:00,25.219999313354492,25.75,24.90999984741211,25.75,15200,0.0,0.0
2023-08-09 00:00:00-04:00,25.299999237060547,25.760000228881836,24.81999969482422,25.40999984741211,18000,0.0,0.0
2023-08-10 00:00:00-04:00,25.450000762939453,25.459999084472656,25.049999237060547,25.309999465942383,10900,0.0,0.0
2023-08-11 00:00:00-04:00,24.799999237060547,25.1200008392334,24.559999465942383,24.559999465942383,7600,0.0,0.0
2023-08-14 00:00:00-04:00,24.559999465942383,24.6299991607666,23.969999313354492,23.969999313354492,8000,0.0,0.0
2023-08-15 00:00:00-04:00,24.31999969482422,24.31999969482422,22.940000534057617,22.979999542236328,9700,0.0,0.0
2023-08-16 00:00:00-04:00,23.09000015258789,23.329999923706055,22.770000457763672,22.979999542236328,7000,0.0,0.0
2023-08-17 00:00:00-04:00,22.8700008392334,22.8700008392334,22.030000686645508,22.030000686645508,10000,0.0,0.0
2023-08-18 00:00:00-04:00,21.799999237060547,22.229999542236328,21.799999237060547,22.229999542236328,7000,0.0,0.0
2023-08-21 00:00:00-04:00,22.229999542236328,22.229999542236328,21.5,21.809999465942383,5500,0.0,0.0
2023-08-22 00:00:00-04:00,21.5,22.229999542236328,21.170000076293945,21.18000030517578,9600,0.0,0.0
2023-08-23 00:00:00-04:00,21.190000534057617,21.530000686645508,21.049999237060547,21.530000686645508,6500,0.0,0.0
2023-08-24 00:00:00-04:00,20.829999923706055,21.989999771118164,20.829999923706055,21.8700008392334,12200,0.0,0.0
2023-08-25 00:00:00-04:00,22.0,22.0,20.90999984741211,21.190000534057617,10200,0.0,0.0
2023-08-28 00:00:00-04:00,21.8700008392334,22.079999923706055,21.25,21.559999465942383,14800,0.0,0.0
2023-08-29 00:00:00-04:00,21.6200008392334,22.959999084472656,21.600000381469727,22.760000228881836,10300,0.0,0.0
2023-08-30 00:00:00-04:00,22.920000076293945,23.110000610351562,22.559999465942383,22.6299991607666,10200,0.0,0.0
2023-08-31 00:00:00-04:00,22.860000610351562,24.0,21.950000762939453,23.059999465942383,38700,0.0,0.0
2023-09-01 00:00:00-04:00,23.06999969482422,23.559999465942383,23.06999969482422,23.350000381469727,9200,0.0,0.0
2023-09-05 00:00:00-04:00,23.43000030517578,23.43000030517578,22.020000457763672,22.030000686645508,19000,0.0,0.0
2023-09-06 00:00:00-04:00,22.170000076293945,22.170000076293945,21.270000457763672,21.3799991607666,11700,0.0,0.0
2023-09-07 00:00:00-04:00,21.549999237060547,21.59000015258789,20.899999618530273,21.110000610351562,39900,0.0,0.0
2023-09-08 00:00:00-04:00,21.65999984741211,22.190000534057617,21.600000381469727,21.65999984741211,8000,0.0,0.0
2023-09-11 00:00:00-04:00,21.209999084472656,21.389999389648438,20.90999984741211,21.040000915527344,11500,0.0,0.0
2023-09-12 00:00:00-04:00,21.219999313354492,21.639999389648438,21.110000610351562,21.459999084472656,8300,0.0,0.0
2023-09-13 00:00:00-04:00,21.31999969482422,21.729999542236328,21.079999923706055,21.530000686645508,11900,0.0,0.0
2023-09-14 00:00:00-04:00,21.84000015258789,21.979999542236328,21.079999923706055,21.790000915527344,13500,0.0,0.0
2023-09-15 00:00:00-04:00,21.860000610351562,22.270000457763672,21.639999389648438,22.270000457763672,44000,0.0,0.0
2023-09-18 00:00:00-04:00,22.389999389648438,22.90999984741211,21.790000915527344,22.139999389648438,12100,0.0,0.0
2023-09-19 00:00:00-04:00,22.010000228881836,22.280000686645508,21.139999389648438,21.209999084472656,19000,0.0,0.0
2023-09-20 00:00:00-04:00,21.489999771118164,22.15999984741211,21.1299991607666,21.200000762939453,18400,0.0,0.0
2023-09-21 00:00:00-04:00,21.270000457763672,21.489999771118164,21.06999969482422,21.489999771118164,11200,0.0,0.0
2023-09-22 00:00:00-04:00,21.40999984741211,21.75,20.530000686645508,20.530000686645508,16400,0.0,0.0
2023-09-25 00:00:00-04:00,20.510000228881836,21.139999389648438,20.389999389648438,20.389999389648438,7500,0.0,0.0
2023-09-26 00:00:00-04:00,20.520000457763672,21.610000610351562,20.520000457763672,21.100000381469727,10200,0.0,0.0
2023-09-27 00:00:00-04:00,21.190000534057617,21.920000076293945,20.899999618530273,21.489999771118164,11500,0.0,0.0
2023-09-28 00:00:00-04:00,21.139999389648438,22.110000610351562,21.139999389648438,21.6200008392334,9500,0.0,0.0
2023-09-29 00:00:00-04:00,22.030000686645508,22.030000686645508,21.170000076293945,21.549999237060547,16100,0.0,0.0
2023-10-02 00:00:00-04:00,21.790000915527344,21.899999618530273,21.440000534057617,21.8700008392334,11900,0.0,0.0
2023-10-03 00:00:00-04:00,21.979999542236328,22.0,21.280000686645508,21.6200008392334,13600,0.0,0.0
2023-10-04 00:00:00-04:00,21.43000030517578,21.559999465942383,21.020000457763672,21.020000457763672,11500,0.0,0.0
2023-10-05 00:00:00-04:00,21.0,21.3799991607666,20.81999969482422,21.260000228881836,14200,0.0,0.0
2023-10-06 00:00:00-04:00,21.479999542236328,21.479999542236328,21.059999465942383,21.200000762939453,5500,0.0,0.0
2023-10-09 00:00:00-04:00,20.950000762939453,21.690000534057617,20.950000762939453,21.34000015258789,13400,0.0,0.0
2023-10-10 00:00:00-04:00,21.329999923706055,21.3700008392334,20.969999313354492,20.969999313354492,12900,0.0,0.0
2023-10-11 00:00:00-04:00,21.09000015258789,21.09000015258789,20.600000381469727,20.6299991607666,11000,0.0,0.0
2023-10-12 00:00:00-04:00,20.690000534057617,21.34000015258789,20.469999313354492,20.760000228881836,15700,0.0,0.0
2023-10-13 00:00:00-04:00,20.770000457763672,21.100000381469727,20.31999969482422,20.719999313354492,8800,0.0,0.0
2023-10-16 00:00:00-04:00,20.260000228881836,21.299999237060547,20.260000228881836,21.15999984741211,17100,0.0,0.0
2023-10-17 00:00:00-04:00,21.200000762939453,22.690000534057617,20.040000915527344,21.920000076293945,13300,0.0,0.0
2023-10-18 00:00:00-04:00,22.0,22.0,20.790000915527344,20.860000610351562,10900,0.0,0.0
2023-10-19 00:00:00-04:00,21.579999923706055,21.579999923706055,18.40999984741211,18.489999771118164,16000,0.0,0.0
2023-10-20 00:00:00-04:00,18.760000228881836,19.079999923706055,17.31999969482422,17.700000762939453,23700,0.0,0.0
2023-10-23 00:00:00-04:00,17.479999542236328,17.649999618530273,16.489999771118164,16.799999237060547,30100,0.0,0.0
2023-10-24 00:00:00-04:00,16.600000381469727,17.280000686645508,16.600000381469727,16.860000610351562,13400,0.0,0.0
2023-10-25 00:00:00-04:00,16.559999465942383,16.559999465942383,16.020000457763672,16.06999969482422,22600,0.0,0.0
2023-10-26 00:00:00-04:00,16.010000228881836,16.190000534057617,15.859999656677246,16.190000534057617,18500,0.0,0.0
2023-10-27 00:00:00-04:00,15.869999885559082,15.960000038146973,15.65999984741211,15.9399995803833,20900,0.0,0.0
2023-10-30 00:00:00-04:00,16.06999969482422,17.079999923706055,16.06999969482422,16.959999084472656,11200,0.0,0.0
2023-10-31 00:00:00-04:00,17.399999618530273,17.600000381469727,17.0,17.270000457763672,9500,0.0,0.0
2023-11-01 00:00:00-04:00,17.68000030517578,18.15999984741211,17.18000030517578,17.65999984741211,15800,0.0,0.0
2023-11-02 00:00:00-04:00,18.010000228881836,18.360000610351562,17.780000686645508,17.940000534057617,11500,0.0,0.0
2023-11-03 00:00:00-04:00,18.329999923706055,18.709999084472656,17.920000076293945,18.709999084472656,15500,0.0,0.0
2023-11-06 00:00:00-05:00,18.790000915527344,18.790000915527344,17.510000228881836,17.709999084472656,7400,0.0,0.0
2023-11-07 00:00:00-05:00,17.260000228881836,18.100000381469727,17.260000228881836,17.81999969482422,10400,0.0,0.0
2023-11-08 00:00:00-05:00,17.719999313354492,17.850000381469727,17.299999237060547,17.739999771118164,8900,0.0,0.0
2023-11-09 00:00:00-05:00,17.299999237060547,17.829999923706055,17.299999237060547,17.729999542236328,9200,0.0,0.0
2023-11-10 00:00:00-05:00,18.0,18.350000381469727,17.489999771118164,18.049999237060547,8900,0.0,0.0
2023-11-13 00:00:00-05:00,17.8700008392334,18.549999237060547,17.65999984741211,18.200000762939453,9600,0.0,0.0
2023-11-14 00:00:00-05:00,18.760000228881836,19.540000915527344,18.510000228881836,19.420000076293945,13900,0.0,0.0
2023-11-15 00:00:00-05:00,19.190000534057617,19.84000015258789,18.850000381469727,19.43000030517578,13100,0.0,0.0
2023-11-16 00:00:00-05:00,19.260000228881836,19.350000381469727,18.5,18.670000076293945,8300,0.0,0.0
2023-11-17 00:00:00-05:00,18.93000030517578,20.40999984741211,18.93000030517578,19.75,25900,0.0,0.0
2023-11-20 00:00:00-05:00,19.8799991607666,19.8799991607666,19.059999465942383,19.309999465942383,8200,0.0,0.0
2023-11-21 00:00:00-05:00,19.139999389648438,19.690000534057617,19.139999389648438,19.299999237060547,9100,0.0,0.0
2023-11-22 00:00:00-05:00,19.5,19.5,19.100000381469727,19.200000762939453,7200,0.0,0.0
2023-11-24 00:00:00-05:00,19.049999237060547,19.459999084472656,18.770000457763672,19.139999389648438,2900,0.0,0.0
2023-11-27 00:00:00-05:00,19.149999618530273,19.770000457763672,18.950000762939453,19.31999969482422,13000,0.0,0.0
2023-11-28 00:00:00-05:00,19.329999923706055,19.479999542236328,19.06999969482422,19.100000381469727,5100,0.0,0.0
2023-11-29 00:00:00-05:00,19.510000228881836,19.690000534057617,18.75,19.0,6300,0.0,0.0
2023-11-30 00:00:00-05:00,18.829999923706055,19.0,18.43000030517578,18.860000610351562,11400,0.0,0.0
2023-12-01 00:00:00-05:00,19.0,19.920000076293945,19.0,19.459999084472656,13800,0.0,0.0
2023-12-04 00:00:00-05:00,19.329999923706055,19.940000534057617,19.329999923706055,19.940000534057617,9400,0.0,0.0
2023-12-05 00:00:00-05:00,19.440000534057617,19.84000015258789,18.899999618530273,18.899999618530273,19500,0.0,0.0
2023-12-06 00:00:00-05:00,18.93000030517578,19.600000381469727,18.829999923706055,19.25,15000,0.0,0.0
2023-12-07 00:00:00-05:00,19.31999969482422,20.0,19.309999465942383,20.0,16000,0.0,0.0
2023-12-08 00:00:00-05:00,19.90999984741211,20.479999542236328,19.90999984741211,20.229999542236328,6800,0.0,0.0
2023-12-11 00:00:00-05:00,20.3799991607666,20.700000762939453,20.059999465942383,20.219999313354492,8500,0.0,0.0
2023-12-12 00:00:00-05:00,20.600000381469727,20.610000610351562,19.68000030517578,19.93000030517578,33300,0.0,0.0
2023-12-13 00:00:00-05:00,19.729999542236328,20.309999465942383,18.530000686645508,18.530000686645508,77900,0.0,0.0
2023-12-14 00:00:00-05:00,18.989999771118164,20.65999984741211,18.700000762939453,20.520000457763672,78200,0.0,0.0
2023-12-15 00:00:00-05:00,20.510000228881836,20.510000228881836,18.899999618530273,19.200000762939453,59800,0.0,0.0
2023-12-18 00:00:00-05:00,19.489999771118164,19.649999618530273,18.770000457763672,19.100000381469727,34500,0.0,0.0
2023-12-19 00:00:00-05:00,19.110000610351562,20.6299991607666,19.010000228881836,20.3799991607666,39900,0.0,0.0
2023-12-20 00:00:00-05:00,20.0,21.979999542236328,19.860000610351562,20.489999771118164,41800,0.0,0.0
2023-12-21 00:00:00-05:00,20.610000610351562,21.799999237060547,20.190000534057617,21.5,30000,0.0,0.0
2023-12-22 00:00:00-05:00,21.3799991607666,22.40999984741211,21.06999969482422,21.43000030517578,35400,0.0,0.0
2023-12-26 00:00:00-05:00,21.399999618530273,22.690000534057617,20.770000457763672,22.209999084472656,36400,0.0,0.0
2023-12-27 00:00:00-05:00,22.34000015258789,22.5,22.1299991607666,22.209999084472656,5000,0.0,0.0
2023-12-28 00:00:00-05:00,22.209999084472656,22.309999465942383,21.690000534057617,21.8799991607666,10900,0.0,0.0
2023-12-29 00:00:00-05:00,22.0,22.15999984741211,20.520000457763672,20.780000686645508,18400,0.0,0.0
2024-01-02 00:00:00-05:00,20.469999313354492,20.989999771118164,20.100000381469727,20.549999237060547,20800,0.0,0.0
2024-01-03 00:00:00-05:00,20.489999771118164,20.610000610351562,19.850000381469727,20.1200008392334,16500,0.0,0.0
2024-01-04 00:00:00-05:00,20.280000686645508,20.280000686645508,19.84000015258789,20.010000228881836,9600,0.0,0.0
2024-01-05 00:00:00-05:00,19.829999923706055,20.56999969482422,19.829999923706055,20.290000915527344,29500,0.0,0.0
2024-01-08 00:00:00-05:00,20.059999465942383,21.329999923706055,19.610000610351562,20.860000610351562,20600,0.0,0.0
2024-01-09 00:00:00-05:00,20.690000534057617,21.079999923706055,20.43000030517578,20.65999984741211,24600,0.0,0.0
2024-01-10 00:00:00-05:00,20.3799991607666,20.8700008392334,19.989999771118164,20.6200008392334,16400,0.0,0.0
2024-01-11 00:00:00-05:00,20.75,20.940000534057617,20.200000762939453,20.829999923706055,30700,0.0,0.0
2024-01-12 00:00:00-05:00,21.020000457763672,21.440000534057617,18.920000076293945,21.440000534057617,12100,0.0,0.0
2024-01-16 00:00:00-05:00,20.719999313354492,21.290000915527344,20.6299991607666,20.739999771118164,22100,0.0,0.0
2024-01-17 00:00:00-05:00,20.260000228881836,20.90999984741211,20.260000228881836,20.639999389648438,6700,0.0,0.0
2024-01-18 00:00:00-05:00,20.5,20.56999969482422,20.309999465942383,20.510000228881836,6600,0.0,0.0
2024-01-19 00:00:00-05:00,20.719999313354492,20.719999313354492,20.190000534057617,20.700000762939453,12600,0.0,0.0
2024-01-22 00:00:00-05:00,21.059999465942383,21.950000762939453,20.989999771118164,21.940000534057617,14200,0.0,0.0
2024-01-23 00:00:00-05:00,22.290000915527344,22.290000915527344,20.860000610351562,20.90999984741211,18200,0.0,0.0
2024-01-24 00:00:00-05:00,21.399999618530273,21.610000610351562,20.90999984741211,21.399999618530273,12800,0.0,0.0
2024-01-25 00:00:00-05:00,21.31999969482422,22.200000762939453,21.200000762939453,21.860000610351562,14700,0.0,0.0
2024-01-26 00:00:00-05:00,22.15999984741211,22.18000030517578,21.200000762939453,21.799999237060547,10500,0.0,0.0
2024-01-29 00:00:00-05:00,21.959999084472656,22.18000030517578,21.149999618530273,21.420000076293945,15000,0.0,0.0
2024-01-30 00:00:00-05:00,21.09000015258789,21.81999969482422,21.09000015258789,21.520000457763672,8500,0.0,0.0
2024-01-31 00:00:00-05:00,21.479999542236328,21.950000762939453,20.65999984741211,20.709999084472656,9800,0.0,0.0
2024-02-01 00:00:00-05:00,20.860000610351562,20.8799991607666,19.709999084472656,20.850000381469727,27500,0.0,0.0
2024-02-02 00:00:00-05:00,20.68000030517578,21.020000457763672,19.81999969482422,20.280000686645508,112700,0.0,0.0
2024-02-05 00:00:00-05:00,20.0,20.0,19.049999237060547,19.100000381469727,14500,0.0,0.0
2024-02-06 00:00:00-05:00,18.600000381469727,18.610000610351562,18.309999465942383,18.559999465942383,8500,0.0,0.0
2024-02-07 00:00:00-05:00,18.010000228881836,19.329999923706055,17.790000915527344,18.420000076293945,10500,0.0,0.0
2024-02-08 00:00:00-05:00,18.479999542236328,18.65999984741211,18.479999542236328,18.65999984741211,5200,0.0,0.0
2024-02-09 00:00:00-05:00,18.989999771118164,19.559999465942383,18.329999923706055,19.25,13200,0.0,0.0
2024-02-12 00:00:00-05:00,19.059999465942383,19.739999771118164,18.90999984741211,18.90999984741211,17500,0.0,0.0
2024-02-13 00:00:00-05:00,17.989999771118164,18.360000610351562,17.399999618530273,17.399999618530273,18500,0.0,0.0
2024-02-14 00:00:00-05:00,18.149999618530273,18.549999237060547,18.040000915527344,18.549999237060547,13800,0.0,0.0
2024-02-15 00:00:00-05:00,18.540000915527344,19.59000015258789,18.540000915527344,19.59000015258789,16900,0.0,0.0
2024-02-16 00:00:00-05:00,19.520000457763672,19.520000457763672,19.010000228881836,19.049999237060547,8300,0.0,0.0
2024-02-20 00:00:00-05:00,19.0,19.459999084472656,17.739999771118164,18.860000610351562,43700,0.0,0.0
2024-02-21 00:00:00-05:00,18.549999237060547,18.959999084472656,18.389999389648438,18.559999465942383,10200,0.0,0.0
2024-02-22 00:00:00-05:00,18.469999313354492,18.65999984741211,17.850000381469727,18.65999984741211,26600,0.0,0.0
2024-02-23 00:00:00-05:00,18.600000381469727,19.1299991607666,18.450000762939453,18.81999969482422,9000,0.0,0.0
2024-02-26 00:00:00-05:00,18.329999923706055,19.110000610351562,18.329999923706055,18.610000610351562,11600,0.0,0.0
2024-02-27 00:00:00-05:00,18.959999084472656,18.959999084472656,18.100000381469727,18.3700008392334,3600,0.0,0.0
2024-02-28 00:00:00-05:00,18.1200008392334,18.950000762939453,18.110000610351562,18.200000762939453,22100,0.0,0.0
2024-02-29 00:00:00-05:00,18.399999618530273,18.989999771118164,18.399999618530273,18.520000457763672,9500,0.0,0.0
2024-03-01 00:00:00-05:00,18.520000457763672,18.56999969482422,17.760000228881836,17.760000228881836,9900,0.0,0.0
2024-03-04 00:00:00-05:00,17.690000534057617,18.1200008392334,17.18000030517578,17.18000030517578,31900,0.0,0.0
2024-03-05 00:00:00-05:00,16.989999771118164,17.530000686645508,16.799999237060547,17.010000228881836,19000,0.0,0.0
2024-03-06 00:00:00-05:00,17.290000915527344,17.670000076293945,16.729999542236328,16.729999542236328,16800,0.0,0.0
2024-03-07 00:00:00-05:00,17.079999923706055,17.079999923706055,16.40999984741211,16.540000915527344,23700,0.0,0.0
2024-03-08 00:00:00-05:00,16.84000015258789,17.0,15.720000267028809,16.200000762939453,25700,0.0,0.0
2024-03-11 00:00:00-04:00,16.200000762939453,16.299999237060547,15.9399995803833,15.989999771118164,14200,0.0,0.0
2024-03-12 00:00:00-04:00,15.84000015258789,16.350000381469727,15.760000228881836,16.229999542236328,19300,0.0,0.0
2024-03-13 00:00:00-04:00,16.299999237060547,16.450000762939453,16.010000228881836,16.25,21800,0.0,0.0
2024-03-14 00:00:00-04:00,16.350000381469727,16.350000381469727,15.289999961853027,15.300000190734863,59800,0.0,0.0
2024-03-15 00:00:00-04:00,14.989999771118164,16.600000381469727,14.989999771118164,15.850000381469727,67800,0.0,0.0
2024-03-18 00:00:00-04:00,15.630000114440918,15.630000114440918,15.029999732971191,15.050000190734863,12600,0.0,0.0
2024-03-19 00:00:00-04:00,15.0,15.670000076293945,15.0,15.289999961853027,9400,0.0,0.0
2024-03-20 00:00:00-04:00,15.289999961853027,16.360000610351562,15.270000457763672,16.360000610351562,19300,0.0,0.0
2024-03-21 00:00:00-04:00,15.890000343322754,16.90999984741211,15.890000343322754,16.489999771118164,21100,0.0,0.0
2024-03-22 00:00:00-04:00,16.75,16.75,16.100000381469727,16.170000076293945,12700,0.0,0.0
2024-03-25 00:00:00-04:00,16.260000228881836,16.260000228881836,15.949999809265137,16.030000686645508,5900,0.0,0.0
2024-03-26 00:00:00-04:00,15.850000381469727,16.65999984741211,15.850000381469727,16.040000915527344,9500,0.0,0.0
2024-03-27 00:00:00-04:00,15.6899995803833,16.43000030517578,15.6899995803833,16.18000030517578,11300,0.0,0.0
2024-03-28 00:00:00-04:00,16.040000915527344,16.59000015258789,15.850000381469727,16.209999084472656,10900,0.0,0.0
2024-04-01 00:00:00-04:00,15.9399995803833,16.0,15.430000305175781,15.770000457763672,12800,0.0,0.0
2024-04-02 00:00:00-04:00,15.640000343322754,15.640000343322754,15.3100004196167,15.5,11000,0.0,0.0
2024-04-03 00:00:00-04:00,15.199999809265137,15.960000038146973,15.199999809265137,15.600000381469727,9200,0.0,0.0
2024-04-04 00:00:00-04:00,15.600000381469727,16.34000015258789,15.369999885559082,15.59000015258789,12900,0.0,0.0
2024-04-05 00:00:00-04:00,15.609999656677246,15.609999656677246,15.239999771118164,15.239999771118164,14000,0.0,0.0
2024-04-08 00:00:00-04:00,15.140000343322754,15.770000457763672,15.079999923706055,15.430000305175781,13700,0.0,0.0
2024-04-09 00:00:00-04:00,15.4399995803833,15.829999923706055,15.399999618530273,15.399999618530273,6100,0.0,0.0
2024-04-10 00:00:00-04:00,14.789999961853027,15.399999618530273,14.760000228881836,15.079999923706055,16300,0.0,0.0
2024-04-11 00:00:00-04:00,15.039999961853027,15.5,14.90999984741211,15.380000114440918,7900,0.0,0.0
2024-04-12 00:00:00-04:00,15.369999885559082,15.619999885559082,14.75,14.760000228881836,11500,0.0,0.0
2024-04-15 00:00:00-04:00,14.800000190734863,15.050000190734863,14.670000076293945,14.670000076293945,16900,0.0,0.0
2024-04-16 00:00:00-04:00,14.510000228881836,14.739999771118164,14.5,14.520000457763672,14300,0.0,0.0
2024-04-17 00:00:00-04:00,14.520000457763672,14.550000190734863,14.119999885559082,14.359999656677246,24100,0.0,0.0
2024-04-18 00:00:00-04:00,14.350000381469727,14.430000305175781,13.880000114440918,13.979999542236328,19000,0.0,0.0
2024-04-19 00:00:00-04:00,13.640000343322754,14.109999656677246,13.640000343322754,13.960000038146973,10200,0.0,0.0
2024-04-22 00:00:00-04:00,14.0,14.0,13.5600004196167,13.5600004196167,30200,0.0,0.0
2024-04-23 00:00:00-04:00,13.510000228881836,14.279999732971191,13.510000228881836,14.119999885559082,21100,0.0,0.0
2024-04-24 00:00:00-04:00,14.010000228881836,14.539999961853027,13.850000381469727,14.539999961853027,31300,0.0,0.0
2024-04-25 00:00:00-04:00,16.510000228881836,17.729999542236328,16.510000228881836,17.149999618530273,122300,0.0,0.0
2024-04-26 00:00:00-04:00,16.969999313354492,17.280000686645508,16.520000457763672,16.84000015258789,24800,0.0,0.0
2024-04-29 00:00:00-04:00,16.770000457763672,17.899999618530273,16.760000228881836,17.229999542236328,34300,0.0,0.0
2024-04-30 00:00:00-04:00,17.219999313354492,17.299999237060547,17.059999465942383,17.1299991607666,15900,0.0,0.0
2024-05-01 00:00:00-04:00,17.1299991607666,17.530000686645508,17.079999923706055,17.09000015258789,15200,0.0,0.0
2024-05-02 00:00:00-04:00,17.290000915527344,17.290000915527344,17.100000381469727,17.170000076293945,14000,0.0,0.0
2024-05-03 00:00:00-04:00,17.5,17.5,17.110000610351562,17.239999771118164,9300,0.0,0.0
2024-05-06 00:00:00-04:00,17.3700008392334,17.600000381469727,17.219999313354492,17.260000228881836,7500,0.0,0.0
2024-05-07 00:00:00-04:00,17.399999618530273,17.399999618530273,17.030000686645508,17.15999984741211,23500,0.0,0.0
2024-05-08 00:00:00-04:00,17.110000610351562,17.450000762939453,17.110000610351562,17.43000030517578,16700,0.0,0.0
2024-05-09 00:00:00-04:00,17.3799991607666,17.639999389648438,17.309999465942383,17.600000381469727,14000,0.0,0.0
2024-05-10 00:00:00-04:00,17.489999771118164,17.56999969482422,17.440000534057617,17.56999969482422,5600,0.0,0.0
2024-05-13 00:00:00-04:00,17.56999969482422,17.899999618530273,17.299999237060547,17.329999923706055,28100,0.0,0.0
2024-05-14 00:00:00-04:00,17.5,17.690000534057617,17.3700008392334,17.420000076293945,12100,0.0,0.0
2024-05-15 00:00:00-04:00,17.450000762939453,17.709999084472656,17.40999984741211,17.5,13700,0.0,0.0
2024-05-16 00:00:00-04:00,17.479999542236328,17.68000030517578,17.450000762939453,17.670000076293945,21000,0.0,0.0
2024-05-17 00:00:00-04:00,17.780000686645508,17.84000015258789,17.530000686645508,17.549999237060547,21500,0.0,0.0
2024-05-20 00:00:00-04:00,17.559999465942383,17.75,17.450000762939453,17.549999237060547,59400,0.0,0.0
2024-05-21 00:00:00-04:00,17.399999618530273,17.700000762939453,17.399999618530273,17.639999389648438,24900,0.0,0.0
2024-05-22 00:00:00-04:00,17.600000381469727,18.489999771118164,17.420000076293945,18.399999618530273,58000,0.0,0.0
2024-05-23 00:00:00-04:00,18.3700008392334,18.3700008392334,16.649999618530273,16.670000076293945,21700,0.0,0.0
2024-05-24 00:00:00-04:00,17.030000686645508,17.190000534057617,16.850000381469727,16.940000534057617,12200,0.0,0.0
2024-05-28 00:00:00-04:00,16.489999771118164,16.559999465942383,15.880000114440918,15.880000114440918,9100,0.0,0.0
2024-05-29 00:00:00-04:00,15.670000076293945,16.700000762939453,15.670000076293945,16.469999313354492,14800,0.0,0.0
2024-05-30 00:00:00-04:00,16.799999237060547,17.059999465942383,16.690000534057617,16.709999084472656,25900,0.0,0.0
2024-05-31 00:00:00-04:00,16.799999237060547,16.950000762939453,15.989999771118164,16.6200008392334,121400,0.0,0.0
2024-06-03 00:00:00-04:00,16.940000534057617,16.940000534057617,15.819999694824219,16.0,24300,0.0,0.0
2024-06-04 00:00:00-04:00,15.960000038146973,15.960000038146973,15.789999961853027,15.90999984741211,8200,0.0,0.0
2024-06-05 00:00:00-04:00,16.030000686645508,16.559999465942383,16.030000686645508,16.559999465942383,4900,0.0,0.0
2024-06-06 00:00:00-04:00,16.639999389648438,16.75,16.049999237060547,16.1200008392334,9900,0.0,0.0
2024-06-07 00:00:00-04:00,16.5,16.850000381469727,16.1200008392334,16.190000534057617,7100,0.0,0.0
2024-06-10 00:00:00-04:00,16.280000686645508,16.3700008392334,16.100000381469727,16.110000610351562,9600,0.0,0.0
2024-06-11 00:00:00-04:00,16.0,16.25,16.0,16.25,6800,0.0,0.0
2024-06-12 00:00:00-04:00,16.790000915527344,17.0,16.0,16.530000686645508,8500,0.0,0.0
2024-06-13 00:00:00-04:00,16.100000381469727,16.479999542236328,16.100000381469727,16.110000610351562,6300,0.0,0.0
2024-06-14 00:00:00-04:00,16.0,16.020000457763672,15.449999809265137,15.829999923706055,21300,0.0,0.0
2024-06-17 00:00:00-04:00,15.760000228881836,15.760000228881836,15.279999732971191,15.529999732971191,7500,0.0,0.0
2024-06-18 00:00:00-04:00,15.329999923706055,15.880000114440918,15.210000038146973,15.289999961853027,11400,0.0,0.0
2024-06-20 00:00:00-04:00,15.119999885559082,15.529999732971191,14.529999732971191,15.260000228881836,12900,0.0,0.0
2024-06-21 00:00:00-04:00,15.3100004196167,15.520000457763672,15.3100004196167,15.520000457763672,21600,0.0,0.0
2024-06-24 00:00:00-04:00,15.380000114440918,15.699999809265137,14.869999885559082,14.90999984741211,20700,0.0,0.0
2024-06-25 00:00:00-04:00,15.0600004196167,15.0600004196167,14.789999961853027,14.819999694824219,6900,0.0,0.0
2024-06-26 00:00:00-04:00,14.5600004196167,15.949999809265137,14.5600004196167,15.949999809265137,20000,0.0,0.0
2024-06-27 00:00:00-04:00,15.989999771118164,16.170000076293945,15.899999618530273,16.0,11900,0.0,0.0
2024-06-28 00:00:00-04:00,16.25,17.84000015258789,15.739999771118164,17.3700008392334,127400,0.0,0.0
2024-07-01 00:00:00-04:00,17.280000686645508,17.469999313354492,16.780000686645508,17.06999969482422,16700,0.0,0.0
2024-07-02 00:00:00-04:00,17.229999542236328,17.25,16.729999542236328,17.040000915527344,5200,0.0,0.0
2024-07-03 00:00:00-04:00,16.799999237060547,16.8799991607666,16.610000610351562,16.799999237060547,3300,0.0,0.0
2024-07-05 00:00:00-04:00,16.610000610351562,16.700000762939453,16.020000457763672,16.020000457763672,41500,0.0,0.0
2024-07-08 00:00:00-04:00,16.25,16.81999969482422,16.25,16.690000534057617,19200,0.0,0.0
2024-07-09 00:00:00-04:00,16.25,16.780000686645508,16.15999984741211,16.780000686645508,14800,0.0,0.0
2024-07-10 00:00:00-04:00,16.639999389648438,16.950000762939453,15.979999542236328,16.84000015258789,15900,0.0,0.0
2024-07-11 00:00:00-04:00,17.229999542236328,18.399999618530273,16.549999237060547,18.399999618530273,26100,0.0,0.0
2024-07-12 00:00:00-04:00,18.5,18.829999923706055,17.850000381469727,18.829999923706055,18800,0.0,0.0
2024-07-15 00:00:00-04:00,19.079999923706055,20.010000228881836,18.860000610351562,19.079999923706055,33400,0.0,0.0
2024-07-16 00:00:00-04:00,19.479999542236328,21.600000381469727,19.479999542236328,20.420000076293945,31900,0.0,0.0
2024-07-17 00:00:00-04:00,20.450000762939453,21.329999923706055,20.020000457763672,21.229999542236328,36400,0.0,0.0
2024-07-18 00:00:00-04:00,20.799999237060547,21.040000915527344,19.6200008392334,19.6200008392334,34500,0.0,0.0
2024-07-19 00:00:00-04:00,19.81999969482422,20.170000076293945,19.270000457763672,20.170000076293945,10400,0.0,0.0
2024-07-22 00:00:00-04:00,19.950000762939453,20.270000457763672,19.809999465942383,20.190000534057617,12000,0.0,0.0
2024-07-23 00:00:00-04:00,19.610000610351562,20.729999542236328,19.559999465942383,20.729999542236328,18900,0.0,0.0
2024-07-24 00:00:00-04:00,19.610000610351562,21.190000534057617,19.610000610351562,20.15999984741211,20600,0.0,0.0
2024-07-25 00:00:00-04:00,19.549999237060547,21.979999542236328,19.450000762939453,21.940000534057617,39000,0.0,0.0
2024-07-26 00:00:00-04:00,22.31999969482422,22.8799991607666,20.770000457763672,22.1200008392334,39400,0.0,0.0
2024-07-29 00:00:00-04:00,22.5,22.5,21.0,21.0,17100,0.0,0.0
2024-07-30 00:00:00-04:00,21.40999984741211,21.40999984741211,21.010000228881836,21.329999923706055,7800,0.0,0.0
2024-07-31 00:00:00-04:00,21.15999984741211,21.239999771118164,20.229999542236328,20.389999389648438,28900,0.0,0.0
2024-08-01 00:00:00-04:00,20.639999389648438,21.3700008392334,18.34000015258789,18.43000030517578,48300,0.0,0.0
2024-08-02 00:00:00-04:00,17.6299991607666,18.280000686645508,17.010000228881836,17.459999084472656,25100,0.0,0.0
2024-08-05 00:00:00-04:00,16.739999771118164,17.40999984741211,16.5,16.920000076293945,35800,0.0,0.0
2024-08-06 00:00:00-04:00,16.8799991607666,17.889999389648438,16.700000762939453,17.719999313354492,30300,0.0,0.0
2024-08-07 00:00:00-04:00,17.809999465942383,18.049999237060547,17.530000686645508,17.549999237060547,16700,0.0,0.0
2024-08-08 00:00:00-04:00,17.549999237060547,18.260000228881836,17.440000534057617,18.09000015258789,22300,0.0,0.0
2024-08-09 00:00:00-04:00,17.760000228881836,17.760000228881836,17.059999465942383,17.479999542236328,15800,0.0,0.0
2024-08-12 00:00:00-04:00,17.479999542236328,17.700000762939453,16.68000030517578,16.889999389648438,29700,0.0,0.0
2024-08-13 00:00:00-04:00,16.75,17.260000228881836,16.75,16.969999313354492,12700,0.0,0.0
2024-08-14 00:00:00-04:00,17.219999313354492,17.700000762939453,15.970000267028809,16.329999923706055,156000,0.0,0.0
2024-08-15 00:00:00-04:00,16.799999237060547,17.049999237060547,16.239999771118164,16.799999237060547,54700,0.0,0.0
2024-08-16 00:00:00-04:00,16.799999237060547,17.25,16.59000015258789,16.889999389648438,24200,0.0,0.0
2024-08-19 00:00:00-04:00,16.899999618530273,17.100000381469727,16.790000915527344,17.100000381469727,28400,0.0,0.0
2024-08-20 00:00:00-04:00,16.90999984741211,16.90999984741211,16.270000457763672,16.5,11300,0.0,0.0
2024-08-21 00:00:00-04:00,16.790000915527344,16.84000015258789,16.299999237060547,16.84000015258789,15300,0.0,0.0
2024-08-22 00:00:00-04:00,16.40999984741211,16.8799991607666,16.3799991607666,16.8799991607666,10600,0.0,0.0
2024-08-23 00:00:00-04:00,17.440000534057617,18.84000015258789,17.440000534057617,18.739999771118164,20100,0.0,0.0
2024-08-26 00:00:00-04:00,18.610000610351562,18.610000610351562,17.670000076293945,17.8799991607666,21800,0.0,0.0
2024-08-27 00:00:00-04:00,17.6200008392334,18.209999084472656,17.420000076293945,17.510000228881836,18000,0.0,0.0
2024-08-28 00:00:00-04:00,18.1200008392334,18.6299991607666,17.149999618530273,18.549999237060547,23100,0.0,0.0
2024-08-29 00:00:00-04:00,18.600000381469727,18.600000381469727,17.899999618530273,18.329999923706055,9400,0.0,0.0
2024-08-30 00:00:00-04:00,18.299999237060547,18.299999237060547,17.889999389648438,18.139999389648438,8100,0.0,0.0
2024-09-03 00:00:00-04:00,17.360000610351562,18.020000457763672,17.219999313354492,18.020000457763672,15500,0.0,0.0
2024-09-04 00:00:00-04:00,17.969999313354492,18.639999389648438,17.440000534057617,17.670000076293945,16500,0.0,0.0
2024-09-05 00:00:00-04:00,17.610000610351562,18.389999389648438,17.59000015258789,17.8700008392334,9900,0.0,0.0
2024-09-06 00:00:00-04:00,17.75,17.75,17.1299991607666,17.200000762939453,8500,0.0,0.0
2024-09-09 00:00:00-04:00,17.260000228881836,18.09000015258789,16.719999313354492,16.760000228881836,17700,0.0,0.0
2024-09-10 00:00:00-04:00,16.700000762939453,17.209999084472656,16.540000915527344,17.209999084472656,8300,0.0,0.0
2024-09-11 00:00:00-04:00,16.469999313354492,17.3700008392334,16.280000686645508,17.3700008392334,30100,0.0,0.0
2024-09-12 00:00:00-04:00,16.709999084472656,17.40999984741211,16.670000076293945,17.200000762939453,6400,0.0,0.0
2024-09-13 00:00:00-04:00,17.040000915527344,17.8799991607666,17.040000915527344,17.6200008392334,9300,0.0,0.0
2024-09-16 00:00:00-04:00,18.030000686645508,18.209999084472656,17.959999084472656,18.18000030517578,6600,0.0,0.0
2024-09-17 00:00:00-04:00,18.290000915527344,18.290000915527344,17.600000381469727,17.799999237060547,21800,0.0,0.0
2024-09-18 00:00:00-04:00,17.780000686645508,18.979999542236328,17.639999389648438,18.530000686645508,17700,0.0,0.0
2024-09-19 00:00:00-04:00,19.059999465942383,19.719999313354492,18.760000228881836,19.110000610351562,9600,0.0,0.0
2024-09-20 00:00:00-04:00,18.729999542236328,19.260000228881836,18.1200008392334,18.25,61000,0.0,0.0
2024-09-23 00:00:00-04:00,18.399999618530273,18.479999542236328,17.649999618530273,17.84000015258789,21800,0.0,0.0
2024-09-24 00:00:00-04:00,18.190000534057617,18.350000381469727,17.329999923706055,17.40999984741211,38700,0.0,0.0
2024-09-25 00:00:00-04:00,17.06999969482422,17.899999618530273,16.950000762939453,17.479999542236328,30400,0.0,0.0
2024-09-26 00:00:00-04:00,17.700000762939453,17.780000686645508,17.360000610351562,17.649999618530273,11300,0.0,0.0
2024-09-27 00:00:00-04:00,17.649999618530273,18.350000381469727,17.610000610351562,18.18000030517578,7800,0.0,0.0
2024-09-30 00:00:00-04:00,18.5,18.670000076293945,18.049999237060547,18.5,6800,0.0,0.0
2024-10-01 00:00:00-04:00,18.270000457763672,18.270000457763672,17.0,17.40999984741211,18300,0.0,0.0
2024-10-02 00:00:00-04:00,17.299999237060547,17.389999389648438,16.989999771118164,16.989999771118164,5800,0.0,0.0
2024-10-03 00:00:00-04:00,16.780000686645508,17.09000015258789,16.309999465942383,16.729999542236328,10900,0.0,0.0
2024-10-04 00:00:00-04:00,17.0,17.450000762939453,16.549999237060547,16.770000457763672,12500,0.0,0.0
2024-10-07 00:00:00-04:00,16.829999923706055,17.389999389648438,16.649999618530273,16.920000076293945,20000,0.0,0.0
2024-10-08 00:00:00-04:00,17.149999618530273,17.360000610351562,17.110000610351562,17.360000610351562,7600,0.0,0.0
2024-10-09 00:00:00-04:00,17.200000762939453,17.59000015258789,17.110000610351562,17.389999389648438,6400,0.0,0.0
2024-10-10 00:00:00-04:00,17.09000015258789,17.43000030517578,16.760000228881836,17.270000457763672,28400,0.0,0.0
2024-10-11 00:00:00-04:00,17.399999618530273,17.81999969482422,17.399999618530273,17.81999969482422,5800,0.0,0.0
2024-10-14 00:00:00-04:00,17.700000762939453,17.709999084472656,17.40999984741211,17.40999984741211,5000,0.0,0.0
2024-10-15 00:00:00-04:00,17.299999237060547,17.81999969482422,16.700000762939453,16.75,14700,0.0,0.0
2024-10-16 00:00:00-04:00,16.770000457763672,18.110000610351562,16.5,17.540000915527344,68400,0.0,0.0
2024-10-17 00:00:00-04:00,17.520000457763672,17.520000457763672,17.139999389648438,17.31999969482422,16800,0.0,0.0
2024-10-18 00:00:00-04:00,17.40999984741211,17.40999984741211,16.610000610351562,16.81999969482422,18300,0.0,0.0
2024-10-21 00:00:00-04:00,17.1200008392334,17.1200008392334,15.65999984741211,15.8100004196167,21900,0.0,0.0
2024-10-22 00:00:00-04:00,15.760000228881836,15.9399995803833,15.510000228881836,15.579999923706055,25500,0.0,0.0
2024-10-23 00:00:00-04:00,15.489999771118164,15.699999809265137,15.329999923706055,15.699999809265137,25600,0.0,0.0
2024-10-24 00:00:00-04:00,15.520000457763672,15.979999542236328,15.239999771118164,15.460000038146973,21800,0.0,0.0
2024-10-25 00:00:00-04:00,15.75,16.31999969482422,15.619999885559082,16.149999618530273,15900,0.0,0.0
2024-10-28 00:00:00-04:00,16.34000015258789,16.469999313354492,15.4399995803833,15.489999771118164,13400,0.0,0.0
2024-10-29 00:00:00-04:00,15.289999961853027,15.640000343322754,14.8100004196167,15.0,69200,0.0,0.0
2024-10-30 00:00:00-04:00,15.390000343322754,15.5600004196167,15.170000076293945,15.34000015258789,29400,0.0,0.0
2024-10-31 00:00:00-04:00,15.050000190734863,15.6899995803833,14.770000457763672,15.479999542236328,14900,0.0,0.0
2024-11-01 00:00:00-04:00,15.630000114440918,15.720000267028809,15.34000015258789,15.59000015258789,12000,0.0,0.0
2024-11-04 00:00:00-05:00,15.039999961853027,16.59000015258789,15.039999961853027,16.389999389648438,53400,0.0,0.0
2024-11-05 00:00:00-05:00,16.360000610351562,16.809999465942383,16.100000381469727,16.649999618530273,86200,0.0,0.0
2024-11-06 00:00:00-05:00,17.299999237060547,19.3700008392334,17.09000015258789,19.0,50700,0.0,0.0
2024-11-07 00:00:00-05:00,19.0,19.0,18.139999389648438,18.389999389648438,11600,0.0,0.0
2024-11-08 00:00:00-05:00,18.829999923706055,19.06999969482422,18.489999771118164,19.06999969482422,16300,0.0,0.0
2024-11-11 00:00:00-05:00,19.34000015258789,19.969999313354492,19.030000686645508,19.719999313354492,25800,0.0,0.0
2024-11-12 00:00:00-05:00,19.760000228881836,23.700000762939453,18.149999618530273,21.799999237060547,68900,0.0,0.0
2024-11-13 00:00:00-05:00,21.799999237060547,21.799999237060547,19.299999237060547,19.75,40300,0.0,0.0
2024-11-14 00:00:00-05:00,20.920000076293945,21.010000228881836,19.290000915527344,19.700000762939453,8800,0.0,0.0
2024-11-15 00:00:00-05:00,20.25,20.25,18.549999237060547,19.010000228881836,11700,0.0,0.0
2024-11-18 00:00:00-05:00,18.709999084472656,19.610000610351562,18.709999084472656,19.3799991607666,10900,0.0,0.0
2024-11-19 00:00:00-05:00,19.010000228881836,19.190000534057617,18.329999923706055,18.56999969482422,18000,0.0,0.0
2024-11-20 00:00:00-05:00,18.459999084472656,18.540000915527344,17.420000076293945,17.739999771118164,11800,0.0,0.0
2024-11-21 00:00:00-05:00,17.510000228881836,18.239999771118164,17.399999618530273,17.920000076293945,14000,0.0,0.0
2024-11-22 00:00:00-05:00,18.200000762939453,18.719999313354492,17.940000534057617,18.700000762939453,8200,0.0,0.0
2024-11-25 00:00:00-05:00,20.649999618530273,20.649999618530273,19.049999237060547,19.100000381469727,17300,0.0,0.0
2024-11-26 00:00:00-05:00,19.309999465942383,19.979999542236328,18.43000030517578,18.709999084472656,18300,0.0,0.0
2024-11-27 00:00:00-05:00,19.049999237060547,19.049999237060547,18.010000228881836,18.299999237060547,12000,0.0,0.0
2024-11-29 00:00:00-05:00,17.81999969482422,18.969999313354492,17.520000457763672,18.969999313354492,7200,0.0,0.0
2024-12-02 00:00:00-05:00,19.25,19.3700008392334,18.809999465942383,19.06999969482422,12400,0.0,0.0
2024-12-03 00:00:00-05:00,18.719999313354492,18.84000015258789,17.700000762939453,18.579999923706055,16800,0.0,0.0
2024-12-04 00:00:00-05:00,18.010000228881836,18.899999618530273,17.989999771118164,18.059999465942383,18400,0.0,0.0
2024-12-05 00:00:00-05:00,18.0,18.170000076293945,16.489999771118164,17.690000534057617,21800,0.0,0.0
2024-12-06 00:00:00-05:00,17.579999923706055,17.579999923706055,17.190000534057617,17.450000762939453,6600,0.0,0.0
2024-12-09 00:00:00-05:00,17.709999084472656,18.239999771118164,17.260000228881836,17.260000228881836,11900,0.0,0.0
2024-12-10 00:00:00-05:00,17.25,17.5,16.719999313354492,16.760000228881836,26400,0.0,0.0
2024-12-11 00:00:00-05:00,16.950000762939453,17.31999969482422,16.5,16.8799991607666,18800,0.0,0.0
2024-12-12 00:00:00-05:00,16.799999237060547,17.860000610351562,16.690000534057617,17.56999969482422,19400,0.0,0.0
2024-12-13 00:00:00-05:00,18.049999237060547,18.049999237060547,16.549999237060547,16.719999313354492,15700,0.0,0.0
2024-12-16 00:00:00-05:00,16.469999313354492,17.5,16.010000228881836,16.219999313354492,7900,0.0,0.0
2024-12-17 00:00:00-05:00,16.010000228881836,16.360000610351562,15.84000015258789,16.360000610351562,10000,0.0,0.0
2024-12-18 00:00:00-05:00,16.239999771118164,16.360000610351562,15.59000015258789,15.800000190734863,34200,0.0,0.0
2024-12-19 00:00:00-05:00,15.630000114440918,16.31999969482422,15.630000114440918,15.739999771118164,17900,0.0,0.0
2024-12-20 00:00:00-05:00,15.5600004196167,16.510000228881836,15.5600004196167,16.489999771118164,133200,0.0,0.0
2024-12-23 00:00:00-05:00,16.3799991607666,17.190000534057617,16.0,16.65999984741211,33900,0.0,0.0
2024-12-24 00:00:00-05:00,16.8700008392334,17.25,16.290000915527344,17.1299991607666,10500,0.0,0.0
2024-12-26 00:00:00-05:00,17.020000457763672,17.81999969482422,16.8799991607666,17.760000228881836,26200,0.0,0.0
2024-12-27 00:00:00-05:00,17.600000381469727,17.600000381469727,16.799999237060547,17.040000915527344,14500,0.0,0.0
2024-12-30 00:00:00-05:00,17.219999313354492,17.260000228881836,16.549999237060547,16.610000610351562,18200,0.0,0.0
2024-12-31 00:00:00-05:00,16.59000015258789,16.799999237060547,15.5600004196167,16.3799991607666,8000,0.0,0.0
2025-01-02 00:00:00-05:00,16.799999237060547,16.799999237060547,15.800000190734863,15.949999809265137,11900,0.0,0.0
2025-01-03 00:00:00-05:00,16.059999465942383,16.530000686645508,15.789999961853027,16.040000915527344,65900,0.0,0.0
2025-01-06 00:00:00-05:00,16.399999618530273,17.020000457763672,15.899999618530273,16.600000381469727,149400,0.0,0.0
2025-01-07 00:00:00-05:00,16.450000762939453,16.75,16.219999313354492,16.690000534057617,30400,0.0,0.0
2025-01-08 00:00:00-05:00,16.329999923706055,16.979999542236328,16.290000915527344,16.950000762939453,45100,0.0,0.0
2025-01-10 00:00:00-05:00,16.610000610351562,17.389999389648438,15.850000381469727,15.90999984741211,16600,0.0,0.0
2025-01-13 00:00:00-05:00,16.540000915527344,16.540000915527344,15.75,16.200000762939453,10100,0.0,0.0
2025-01-14 00:00:00-05:00,16.149999618530273,16.350000381469727,15.760000228881836,15.859999656677246,11300,0.0,0.0
2025-01-15 00:00:00-05:00,16.229999542236328,17.290000915527344,16.229999542236328,17.030000686645508,149000,0.0,0.0
2025-01-16 00:00:00-05:00,17.299999237060547,17.299999237060547,16.25,16.889999389648438,39500,0.0,0.0
2025-01-17 00:00:00-05:00,16.969999313354492,17.25,16.299999237060547,16.639999389648438,13800,0.0,0.0
2025-01-21 00:00:00-05:00,16.739999771118164,17.200000762939453,16.65999984741211,16.770000457763672,20300,0.0,0.0
2025-01-22 00:00:00-05:00,16.510000228881836,16.600000381469727,16.270000457763672,16.280000686645508,13900,0.0,0.0
2025-01-23 00:00:00-05:00,16.270000457763672,17.059999465942383,16.100000381469727,16.65999984741211,26100,0.0,0.0
2025-01-24 00:00:00-05:00,16.649999618530273,16.649999618530273,16.049999237060547,16.3799991607666,13500,0.0,0.0
2025-01-27 00:00:00-05:00,16.149999618530273,16.899999618530273,15.989999771118164,16.100000381469727,36200,0.0,0.0
2025-01-28 00:00:00-05:00,16.459999084472656,16.459999084472656,16.09000015258789,16.329999923706055,19700,0.0,0.0
2025-01-29 00:00:00-05:00,16.030000686645508,16.68000030517578,15.899999618530273,16.600000381469727,14500,0.0,0.0
2025-01-30 00:00:00-05:00,16.399999618530273,16.610000610351562,15.890000343322754,16.100000381469727,17400,0.0,0.0
2025-01-31 00:00:00-05:00,15.829999923706055,16.270000457763672,15.399999618530273,16.010000228881836,34300,0.0,0.0
2025-02-03 00:00:00-05:00,16.020000457763672,16.020000457763672,15.1899995803833,15.380000114440918,15600,0.0,0.0
2025-02-04 00:00:00-05:00,15.550000190734863,15.59000015258789,15.199999809265137,15.40999984741211,18000,0.0,0.0
2025-02-05 00:00:00-05:00,15.420000076293945,15.630000114440918,15.390000343322754,15.600000381469727,10500,0.0,0.0
2025-02-06 00:00:00-05:00,15.699999809265137,15.710000038146973,15.4399995803833,15.4399995803833,5200,0.0,0.0
2025-02-07 00:00:00-05:00,15.5,16.040000915527344,15.5,15.649999618530273,20600,0.0,0.0
2025-02-10 00:00:00-05:00,16.1200008392334,16.1200008392334,15.460000038146973,15.510000228881836,21300,0.0,0.0
2025-02-11 00:00:00-05:00,15.399999618530273,15.670000076293945,15.380000114440918,15.449999809265137,14800,0.0,0.0
2025-02-12 00:00:00-05:00,15.1899995803833,15.1899995803833,14.300000190734863,14.40999984741211,29200,0.0,0.0
2025-02-13 00:00:00-05:00,14.279999732971191,14.5,13.859999656677246,14.430000305175781,24500,0.0,0.0
2025-02-14 00:00:00-05:00,14.15999984741211,14.5,14.069999694824219,14.119999885559082,17000,0.0,0.0
2025-02-18 00:00:00-05:00,14.789999961853027,14.789999961853027,14.050000190734863,14.050000190734863,15900,0.0,0.0
2025-02-19 00:00:00-05:00,14.100000381469727,14.300000190734863,13.579999923706055,13.630000114440918,18700,0.0,0.0
2025-02-20 00:00:00-05:00,13.569999694824219,13.9399995803833,13.140000343322754,13.5600004196167,18400,0.0,0.0
2025-02-21 00:00:00-05:00,13.670000076293945,13.680000305175781,12.760000228881836,12.930000305175781,14200,0.0,0.0
2025-02-24 00:00:00-05:00,13.15999984741211,13.15999984741211,12.550000190734863,12.550000190734863,20100,0.0,0.0
2025-02-25 00:00:00-05:00,12.970000267028809,13.130000114440918,12.609999656677246,12.609999656677246,15600,0.0,0.0
2025-02-26 00:00:00-05:00,12.649999618530273,13.180000305175781,12.649999618530273,13.180000305175781,13000,0.0,0.0
2025-02-27 00:00:00-05:00,13.170000076293945,13.229999542236328,12.699999809265137,12.699999809265137,7100,0.0,0.0
2025-02-28 00:00:00-05:00,13.300000190734863,13.300000190734863,12.819999694824219,13.010000228881836,6300,0.0,0.0
2025-03-03 00:00:00-05:00,13.029999732971191,13.149999618530273,12.479999542236328,12.609999656677246,28200,0.0,0.0
2025-03-04 00:00:00-05:00,12.949999809265137,13.010000228881836,12.5,12.779999732971191,22000,0.0,0.0
2025-03-05 00:00:00-05:00,12.8100004196167,13.0600004196167,12.8100004196167,12.84000015258789,7700,0.0,0.0
2025-03-06 00:00:00-05:00,13.15999984741211,13.4399995803833,12.800000190734863,13.4399995803833,18100,0.0,0.0
2025-03-07 00:00:00-05:00,13.800000190734863,13.800000190734863,13.300000190734863,13.670000076293945,11000,0.0,0.0
2025-03-10 00:00:00-04:00,13.40999984741211,13.40999984741211,13.109999656677246,13.109999656677246,14600,0.0,0.0
2025-03-11 00:00:00-04:00,13.1899995803833,13.3100004196167,12.800000190734863,12.800000190734863,19400,0.0,0.0
2025-03-12 00:00:00-04:00,12.739999771118164,13.1899995803833,12.65999984741211,13.010000228881836,28100,0.0,0.0
2025-03-13 00:00:00-04:00,13.0,13.029999732971191,12.829999923706055,12.829999923706055,8000,0.0,0.0
2025-03-14 00:00:00-04:00,12.84000015258789,13.210000038146973,12.640000343322754,12.899999618530273,9900,0.0,0.0
2025-03-17 00:00:00-04:00,12.579999923706055,12.859999656677246,12.569999694824219,12.569999694824219,23600,0.0,0.0
2025-03-18 00:00:00-04:00,12.569999694824219,12.789999961853027,12.479999542236328,12.789999961853027,21000,0.0,0.0
2025-03-19 00:00:00-04:00,12.90999984741211,13.069999694824219,12.6899995803833,12.770000457763672,12200,0.0,0.0
2025-03-20 00:00:00-04:00,12.850000381469727,12.850000381469727,12.460000038146973,12.460000038146973,16800,0.0,0.0
2025-03-21 00:00:00-04:00,12.350000381469727,12.430000305175781,12.210000038146973,12.279999732971191,31300,0.0,0.0
2025-03-24 00:00:00-04:00,12.890000343322754,12.90999984741211,12.270000457763672,12.420000076293945,7300,0.0,0.0
2025-03-25 00:00:00-04:00,12.270000457763672,12.40999984741211,12.229999542236328,12.239999771118164,16900,0.0,0.0
2025-03-26 00:00:00-04:00,12.279999732971191,12.380000114440918,12.220000267028809,12.270000457763672,12200,0.0,0.0
2025-03-27 00:00:00-04:00,12.260000228881836,12.819999694824219,12.239999771118164,12.819999694824219,19300,0.0,0.0
2025-03-28 00:00:00-04:00,12.619999885559082,12.640000343322754,12.430000305175781,12.579999923706055,8900,0.0,0.0
2025-03-31 00:00:00-04:00,12.279999732971191,12.430000305175781,12.109999656677246,12.140000343322754,27800,0.0,0.0
2025-04-01 00:00:00-04:00,12.130000114440918,12.880000114440918,12.0,12.010000228881836,24100,0.0,0.0
2025-04-02 00:00:00-04:00,12.0,12.6899995803833,12.0,12.1899995803833,16000,0.0,0.0
2025-04-03 00:00:00-04:00,12.0,12.0,11.010000228881836,11.109999656677246,36000,0.0,0.0
2025-04-04 00:00:00-04:00,13.90999984741211,13.960000038146973,13.149999618530273,13.579999923706055,198600,0.0,0.0
2025-04-07 00:00:00-04:00,12.720000267028809,13.4399995803833,12.369999885559082,13.430000305175781,58900,0.0,0.0
2025-04-08 00:00:00-04:00,13.970000267028809,13.970000267028809,13.020000457763672,13.15999984741211,30300,0.0,0.0
2025-04-09 00:00:00-04:00,13.170000076293945,13.699999809265137,13.170000076293945,13.59000015258789,51300,0.0,0.0
2025-04-10 00:00:00-04:00,13.329999923706055,13.5,13.100000381469727,13.229999542236328,26400,0.0,0.0
2025-04-11 00:00:00-04:00,13.239999771118164,13.899999618530273,13.170000076293945,13.619999885559082,139800,0.0,0.0
2025-04-14 00:00:00-04:00,13.550000190734863,13.720000267028809,13.420000076293945,13.609999656677246,33400,0.0,0.0
2025-04-15 00:00:00-04:00,13.699999809265137,14.039999961853027,13.319999694824219,13.770000457763672,28600,0.0,0.0
2025-04-16 00:00:00-04:00,13.75,13.970000267028809,13.609999656677246,13.84000015258789,26200,0.0,0.0
2025-04-17 00:00:00-04:00,13.850000381469727,14.609999656677246,13.770000457763672,14.180000305175781,28700,0.0,0.0
2025-04-21 00:00:00-04:00,14.170000076293945,14.170000076293945,13.770000457763672,13.800000190734863,15300,0.0,0.0
2025-04-22 00:00:00-04:00,13.84000015258789,14.449999809265137,13.84000015258789,14.100000381469727,26300,0.0,0.0
2025-04-23 00:00:00-04:00,14.100000381469727,14.279999732971191,13.869999885559082,13.920000076293945,10500,0.0,0.0
2025-04-24 00:00:00-04:00,13.8100004196167,14.149999618530273,13.699999809265137,14.09000015258789,42100,0.0,0.0
2025-04-25 00:00:00-04:00,13.949999809265137,14.0,13.760000228881836,13.829999923706055,21400,0.0,0.0
2025-04-28 00:00:00-04:00,13.8100004196167,13.819999694824219,13.550000190734863,13.640000343322754,32100,0.0,0.0
2025-04-29 00:00:00-04:00,13.600000381469727,14.199999809265137,13.600000381469727,13.920000076293945,61300,0.0,0.0
2025-04-30 00:00:00-04:00,13.75,14.149999618530273,13.739999771118164,13.970000267028809,90200,0.0,0.0
2025-05-01 00:00:00-04:00,13.8100004196167,14.220000267028809,13.550000190734863,13.90999984741211,64500,0.0,0.0
2025-05-02 00:00:00-04:00,13.819999694824219,14.739999771118164,13.800000190734863,14.600000381469727,30700,0.0,0.0
2025-05-05 00:00:00-04:00,14.380000114440918,15.699999809265137,14.380000114440918,15.489999771118164,48300,0.0,0.0
2025-05-06 00:00:00-04:00,15.90999984741211,16.350000381469727,15.270000457763672,15.920000076293945,36300,0.0,0.0
2025-05-07 00:00:00-04:00,15.90999984741211,17.290000915527344,15.90999984741211,17.030000686645508,70300,0.0,0.0
2025-05-08 00:00:00-04:00,17.030000686645508,17.079999923706055,16.149999618530273,16.760000228881836,28500,0.0,0.0
2025-05-09 00:00:00-04:00,16.84000015258789,17.09000015258789,16.3700008392334,16.3700008392334,16900,0.0,0.0
2025-05-12 00:00:00-04:00,16.969999313354492,16.969999313354492,15.630000114440918,15.710000038146973,27200,0.0,0.0
2025-05-13 00:00:00-04:00,15.600000381469727,15.600000381469727,14.460000038146973,15.09000015258789,25000,0.0,0.0
2025-05-14 00:00:00-04:00,14.949999809265137,15.199999809265137,13.109999656677246,13.460000038146973,82600,0.0,0.0
2025-05-15 00:00:00-04:00,13.460000038146973,13.920000076293945,13.350000381469727,13.699999809265137,24900,0.0,0.0
2025-05-16 00:00:00-04:00,13.65999984741211,14.010000228881836,13.34000015258789,13.34000015258789,18200,0.0,0.0
2025-05-19 00:00:00-04:00,13.15999984741211,13.399999618530273,13.0,13.329999923706055,33900,0.0,0.0
2025-05-20 00:00:00-04:00,13.199999809265137,13.300000190734863,12.850000381469727,12.850000381469727,12600,0.0,0.0
2025-05-21 00:00:00-04:00,12.850000381469727,12.920000076293945,11.960000038146973,12.130000114440918,29400,0.0,0.0
2025-05-22 00:00:00-04:00,12.029999732971191,12.4399995803833,11.630000114440918,11.880000114440918,41900,0.0,0.0
2025-05-23 00:00:00-04:00,11.829999923706055,12.1899995803833,11.699999809265137,11.880000114440918,23600,0.0,0.0
2025-05-27 00:00:00-04:00,12.710000038146973,13.34000015258789,12.369999885559082,12.6899995803833,13900,0.0,0.0
2025-05-28 00:00:00-04:00,12.670000076293945,13.5,12.270000457763672,12.460000038146973,11900,0.0,0.0
2025-05-29 00:00:00-04:00,12.279999732971191,12.670000076293945,12.279999732971191,12.630000114440918,7700,0.0,0.0
2025-05-30 00:00:00-04:00,13.220000267028809,13.220000267028809,12.369999885559082,12.5600004196167,12800,0.0,0.0
2025-06-02 00:00:00-04:00,12.329999923706055,12.569999694824219,12.260000228881836,12.3100004196167,8100,0.0,0.0
2025-06-03 00:00:00-04:00,12.34000015258789,13.100000381469727,12.34000015258789,12.75,20700,0.0,0.0
2025-06-04 00:00:00-04:00,12.770000457763672,13.5,12.300000190734863,12.859999656677246,27200,0.0,0.0
2025-06-05 00:00:00-04:00,12.899999618530273,12.899999618530273,12.449999809265137,12.449999809265137,10600,0.0,0.0
2025-06-06 00:00:00-04:00,12.970000267028809,13.039999961853027,12.5600004196167,12.880000114440918,12600,0.0,0.0
2025-06-09 00:00:00-04:00,13.199999809265137,13.369999885559082,12.5,12.520000457763672,20000,0.0,0.0
2025-06-10 00:00:00-04:00,12.579999923706055,13.050000190734863,12.579999923706055,13.0,16200,0.0,0.0
2025-06-11 00:00:00-04:00,12.75,13.119999885559082,12.489999771118164,13.069999694824219,20000,0.0,0.0
2025-06-12 00:00:00-04:00,12.920000076293945,13.039999961853027,12.479999542236328,13.029999732971191,9000,0.0,0.0
2025-06-13 00:00:00-04:00,12.6899995803833,13.029999732971191,12.6899995803833,13.029999732971191,14100,0.0,0.0
2025-06-16 00:00:00-04:00,12.789999961853027,13.109999656677246,12.720000267028809,13.109999656677246,7000,0.0,0.0
2025-06-17 00:00:00-04:00,12.970000267028809,13.170000076293945,12.850000381469727,12.9399995803833,7400,0.0,0.0
2025-06-18 00:00:00-04:00,12.960000038146973,13.09000015258789,12.850000381469727,13.079999923706055,7300,0.0,0.0
2025-06-20 00:00:00-04:00,13.180000305175781,13.180000305175781,12.5,12.569999694824219,17800,0.0,0.0
2025-06-23 00:00:00-04:00,12.289999961853027,12.720000267028809,12.289999961853027,12.720000267028809,8800,0.0,0.0
2025-06-24 00:00:00-04:00,12.819999694824219,12.880000114440918,12.800000190734863,12.880000114440918,4900,0.0,0.0
2025-06-25 00:00:00-04:00,12.390000343322754,12.699999809265137,12.390000343322754,12.670000076293945,9200,0.0,0.0
2025-06-26 00:00:00-04:00,12.699999809265137,12.880000114440918,12.5600004196167,12.880000114440918,12200,0.0,0.0
2025-06-27 00:00:00-04:00,12.899999618530273,12.930000305175781,12.710000038146973,12.710000038146973,35700,0.0,0.0
2025-06-30 00:00:00-04:00,12.520000457763672,12.920000076293945,12.5,12.869999885559082,13400,0.0,0.0
2025-07-01 00:00:00-04:00,12.529999732971191,14.0,12.529999732971191,13.460000038146973,26600,0.0,0.0
2025-07-02 00:00:00-04:00,13.710000038146973,13.710000038146973,13.130000114440918,13.670000076293945,5400,0.0,0.0
2025-07-03 00:00:00-04:00,14.09000015258789,14.220000267028809,14.09000015258789,14.220000267028809,2800,0.0,0.0
2025-07-07 00:00:00-04:00,13.979999542236328,14.460000038146973,13.449999809265137,13.449999809265137,9600,0.0,0.0
2025-07-08 00:00:00-04:00,13.640000343322754,14.050000190734863,13.59000015258789,13.899999618530273,21000,0.0,0.0
2025-07-09 00:00:00-04:00,13.539999961853027,14.1899995803833,13.420000076293945,14.140000343322754,5400,0.0,0.0
2025-07-10 00:00:00-04:00,14.149999618530273,14.720000267028809,14.149999618530273,14.720000267028809,10100,0.0,0.0
2025-07-11 00:00:00-04:00,14.430000305175781,14.430000305175781,14.210000038146973,14.210000038146973,4900,0.0,0.0
2025-07-14 00:00:00-04:00,13.890000343322754,13.9399995803833,13.729999542236328,13.739999771118164,3800,0.0,0.0
2025-07-15 00:00:00-04:00,13.65999984741211,13.829999923706055,13.0,13.130000114440918,12800,0.0,0.0
2025-07-16 00:00:00-04:00,13.329999923706055,13.399999618530273,12.949999809265137,13.130000114440918,9800,0.0,0.0
2025-07-17 00:00:00-04:00,13.0600004196167,13.670000076293945,13.0600004196167,13.520000457763672,16800,0.0,0.0
2025-07-18 00:00:00-04:00,13.65999984741211,13.710000038146973,12.789999961853027,12.949999809265137,14300,0.0,0.0
2025-07-21 00:00:00-04:00,12.789999961853027,12.970000267028809,12.789999961853027,12.960000038146973,10000,0.0,0.0
2025-07-22 00:00:00-04:00,13.050000190734863,13.550000190734863,13.050000190734863,13.0600004196167,9300,0.0,0.0
2025-07-23 00:00:00-04:00,13.34000015258789,13.800000190734863,13.279999732971191,13.800000190734863,4600,0.0,0.0
2025-07-24 00:00:00-04:00,13.579999923706055,13.579999923706055,13.229999542236328,13.380000114440918,2500,0.0,0.0
2025-07-25 00:00:00-04:00,13.529999732971191,13.760000228881836,13.390000343322754,13.75,6300,0.0,0.0
2025-07-28 00:00:00-04:00,13.710000038146973,13.710000038146973,12.970000267028809,13.300000190734863,24700,0.0,0.0
2025-07-29 00:00:00-04:00,13.0,13.859999656677246,12.8100004196167,12.8100004196167,9100,0.0,0.0
2025-07-30 00:00:00-04:00,13.0,13.0,12.149999618530273,12.539999961853027,20400,0.0,0.0
2025-07-31 00:00:00-04:00,13.039999961853027,13.039999961853027,11.319999694824219,11.329999923706055,18600,0.0,0.0
2025-08-01 00:00:00-04:00,11.25,11.6899995803833,11.180000305175781,11.630000114440918,19100,0.0,0.0
2025-08-04 00:00:00-04:00,11.489999771118164,12.149999618530273,11.489999771118164,12.149999618530273,16100,0.0,0.0
2025-08-05 00:00:00-04:00,12.1899995803833,12.869999885559082,12.1899995803833,12.819999694824219,17800,0.0,0.0
2025-08-06 00:00:00-04:00,13.149999618530273,13.199999809265137,13.020000457763672,13.0600004196167,4100,0.0,0.0
2025-08-07 00:00:00-04:00,13.010000228881836,13.010000228881836,12.59000015258789,12.670000076293945,6500,0.0,0.0
2025-08-08 00:00:00-04:00,12.40999984741211,12.470000267028809,12.300000190734863,12.470000267028809,6100,0.0,0.0
2025-08-11 00:00:00-04:00,12.149999618530273,12.550000190734863,11.899999618530273,12.550000190734863,7700,0.0,0.0
2025-08-12 00:00:00-04:00,12.869999885559082,13.5,12.850000381469727,13.399999618530273,23600,0.0,0.0
2025-08-13 00:00:00-04:00,12.979999542236328,13.15999984741211,12.979999542236328,13.15999984741211,5900,0.0,0.0
2025-08-14 00:00:00-04:00,12.819999694824219,12.819999694824219,12.460000038146973,12.789999961853027,5500,0.0,0.0
2025-08-15 00:00:00-04:00,12.869999885559082,12.869999885559082,12.010000228881836,12.010000228881836,7700,0.0,0.0
2025-08-18 00:00:00-04:00,12.260000228881836,12.260000228881836,12.010000228881836,12.1899995803833,4500,0.0,0.0
2025-08-19 00:00:00-04:00,12.0600004196167,12.399999618530273,12.0600004196167,12.319999694824219,4600,0.0,0.0
2025-08-20 00:00:00-04:00,11.850000381469727,12.569999694824219,11.850000381469727,12.569999694824219,5600,0.0,0.0
2025-08-21 00:00:00-04:00,12.510000228881836,13.5,12.170000076293945,12.170000076293945,26800,0.0,0.0
2025-08-22 00:00:00-04:00,12.359999656677246,12.880000114440918,12.199999809265137,12.84000015258789,27800,0.0,0.0
2025-08-25 00:00:00-04:00,11.539999961853027,12.5600004196167,11.539999961853027,12.470000267028809,3500,0.0,0.0
2025-08-26 00:00:00-04:00,12.59000015258789,12.600000381469727,12.510000228881836,12.510000228881836,2700,0.0,0.0
2025-08-27 00:00:00-04:00,12.630000114440918,12.880000114440918,12.619999885559082,12.789999961853027,7200,0.0,0.0
2025-08-28 00:00:00-04:00,12.510000228881836,12.510000228881836,12.119999885559082,12.470000267028809,3700,0.0,0.0
2025-08-29 00:00:00-04:00,12.079999923706055,12.579999923706055,12.079999923706055,12.25,7800,0.0,0.0
2025-09-02 00:00:00-04:00,11.920000076293945,12.300000190734863,11.829999923706055,11.829999923706055,11800,0.0,0.0
2025-09-03 00:00:00-04:00,11.789999961853027,11.899999618530273,11.619999885559082,11.619999885559082,5900,0.0,0.0
2025-09-04 00:00:00-04:00,11.59000015258789,12.079999923706055,11.59000015258789,12.0,5600,0.0,0.0
2025-09-05 00:00:00-04:00,12.130000114440918,12.130000114440918,12.130000114440918,12.130000114440918,3300,0.0,0.0
2025-09-08 00:00:00-04:00,13.100000381469727,13.100000381469727,11.90999984741211,12.079999923706055,4100,0.0,0.0
2025-09-09 00:00:00-04:00,12.079999923706055,12.079999923706055,11.399999618530273,11.399999618530273,7300,0.0,0.0
2025-09-10 00:00:00-04:00,11.40999984741211,12.079999923706055,11.40999984741211,12.079999923706055,6500,0.0,0.0
2025-09-11 00:00:00-04:00,11.770000457763672,12.649999618530273,11.770000457763672,12.649999618530273,8800,0.0,0.0
2025-09-12 00:00:00-04:00,12.1899995803833,12.34000015258789,12.1899995803833,12.34000015258789,2500,0.0,0.0
2025-09-15 00:00:00-04:00,12.25,12.510000228881836,12.25,12.510000228881836,5700,0.0,0.0
2025-09-16 00:00:00-04:00,12.789999961853027,12.789999961853027,12.260000228881836,12.539999961853027,6500,0.0,0.0
2025-09-17 00:00:00-04:00,12.5,12.989999771118164,12.5,12.59000015258789,9000,0.0,0.0
2025-09-18 00:00:00-04:00,12.680000305175781,13.100000381469727,12.319999694824219,13.09000015258789,12000,0.0,0.0
2025-09-19 00:00:00-04:00,13.109999656677246,13.109999656677246,12.390000343322754,12.390000343322754,43300,0.0,0.0
2025-09-22 00:00:00-04:00,12.300000190734863,12.40999984741211,12.069999694824219,12.329999923706055,9400,0.0,0.0
2025-09-23 00:00:00-04:00,12.369999885559082,12.369999885559082,12.050000190734863,12.260000228881836,13900,0.0,0.0
2025-09-24 00:00:00-04:00,12.079999923706055,12.15999984741211,11.90999984741211,12.15999984741211,12800,0.0,0.0
2025-09-25 00:00:00-04:00,12.149999618530273,12.420000076293945,12.050000190734863,12.170000076293945,4000,0.0,0.0
2025-09-26 00:00:00-04:00,12.149999618530273,12.279999732971191,12.050000190734863,12.279999732971191,6100,0.0,0.0
2025-09-29 00:00:00-04:00,11.609999656677246,12.100000381469727,11.609999656677246,11.899999618530273,4000,0.0,0.0
2025-09-30 00:00:00-04:00,12.619999885559082,12.619999885559082,11.149999618530273,11.399999618530273,10800,0.0,0.0
2025-10-01 00:00:00-04:00,11.15999984741211,11.260000228881836,10.75,10.770000457763672,8000,0.0,0.0
2025-10-02 00:00:00-04:00,10.960000038146973,11.170000076293945,10.75,10.770000457763672,7300,0.0,0.0
2025-10-03 00:00:00-04:00,10.710000038146973,11.350000381469727,10.710000038146973,11.350000381469727,10100,0.0,0.0
2025-10-06 00:00:00-04:00,11.5,11.5,11.15999984741211,11.420000076293945,11100,0.0,0.0
2025-10-07 00:00:00-04:00,11.399999618530273,11.399999618530273,11.029999732971191,11.029999732971191,3800,0.0,0.0
2025-10-08 00:00:00-04:00,11.229999542236328,11.399999618530273,11.039999961853027,11.0600004196167,6300,0.0,0.0
2025-10-09 00:00:00-04:00,10.729999542236328,10.800000190734863,10.729999542236328,10.800000190734863,1600,0.0,0.0
2025-10-10 00:00:00-04:00,10.779999732971191,10.779999732971191,10.630000114440918,10.630000114440918,5000,0.0,0.0
2025-10-13 00:00:00-04:00,10.920000076293945,10.970000267028809,10.539999961853027,10.539999961853027,5900,0.0,0.0
2025-10-14 00:00:00-04:00,10.510000228881836,10.899999618530273,10.510000228881836,10.680000305175781,5800,0.0,0.0
2025-10-15 00:00:00-04:00,10.9399995803833,11.270000457763672,10.680000305175781,11.270000457763672,5800,0.0,0.0
2025-10-16 00:00:00-04:00,10.710000038146973,11.390000343322754,10.710000038146973,11.390000343322754,4700,0.0,0.0
2025-10-17 00:00:00-04:00,11.149999618530273,11.5,10.960000038146973,11.319999694824219,5400,0.0,0.0
2025-10-20 00:00:00-04:00,11.220000267028809,11.289999961853027,11.199999809265137,11.289999961853027,3000,0.0,0.0
2025-10-21 00:00:00-04:00,11.289999961853027,11.289999961853027,11.229999542236328,11.229999542236328,1800,0.0,0.0
2025-10-22 00:00:00-04:00,10.960000038146973,11.479999542236328,10.960000038146973,11.479999542236328,4900,0.0,0.0
2025-10-23 00:00:00-04:00,11.359999656677246,11.699999809265137,11.319999694824219,11.5,11400,0.0,0.0
2025-10-24 00:00:00-04:00,11.449999809265137,11.449999809265137,11.010000228881836,11.199999809265137,2800,0.0,0.0
2025-10-27 00:00:00-04:00,11.149999618530273,11.550000190734863,10.699999809265137,10.899999618530273,17400,0.0,0.0
2025-10-28 00:00:00-04:00,11.039999961853027,11.039999961853027,10.770000457763672,10.850000381469727,6400,0.0,0.0
2025-10-29 00:00:00-04:00,11.119999885559082,11.119999885559082,10.5,10.680000305175781,13800,0.0,0.0
2025-10-30 00:00:00-04:00,10.630000114440918,10.649999618530273,10.5,10.5,6500,0.0,0.0
2025-10-31 00:00:00-04:00,10.460000038146973,10.460000038146973,9.680000305175781,10.069999694824219,17400,0.0,0.0
2025-11-03 00:00:00-05:00,10.010000228881836,10.010000228881836,9.800000190734863,9.9399995803833,5200,0.0,0.0
2025-11-04 00:00:00-05:00,9.869999885559082,10.270000457763672,9.869999885559082,10.020000457763672,5500,0.0,0.0
2025-11-05 00:00:00-05:00,10.010000228881836,10.239999771118164,10.0,10.239999771118164,6400,0.0,0.0
2025-11-06 00:00:00-05:00,10.489999771118164,10.670000076293945,10.180000305175781,10.670000076293945,11200,0.0,0.0
2025-11-07 00:00:00-05:00,10.979999542236328,11.0,10.390000343322754,10.399999618530273,3500,0.0,0.0
2025-11-10 00:00:00-05:00,10.640000343322754,10.640000343322754,10.640000343322754,10.640000343322754,2600,0.0,0.0
2025-11-11 00:00:00-05:00,10.539999961853027,11.289999961853027,10.539999961853027,11.050000190734863,17500,0.0,0.0
2025-11-12 00:00:00-05:00,10.859999656677246,10.859999656677246,10.350000381469727,10.369999885559082,6500,0.0,0.0
2025-11-13 00:00:00-05:00,10.15999984741211,10.479999542236328,10.010000228881836,10.130000114440918,10100,0.0,0.0
2025-11-14 00:00:00-05:00,9.880000114440918,10.550000190734863,9.880000114440918,10.029999732971191,8200,0.0,0.0
2025-11-17 00:00:00-05:00,10.029999732971191,10.09000015258789,9.850000381469727,9.850000381469727,17400,0.0,0.0
2025-11-18 00:00:00-05:00,9.789999961853027,9.869999885559082,9.539999961853027,9.539999961853027,14600,0.0,0.0
2025-11-19 00:00:00-05:00,9.65999984741211,9.65999984741211,9.140000343322754,9.140000343322754,10400,0.0,0.0
2025-11-20 00:00:00-05:00,9.140000343322754,9.930000305175781,9.109999656677246,9.130000114440918,32700,0.0,0.0
2025-11-21 00:00:00-05:00,9.180000305175781,9.800000190734863,9.09000015258789,9.800000190734863,10600,0.0,0.0
2025-11-24 00:00:00-05:00,9.65999984741211,10.399999618530273,8.90999984741211,8.90999984741211,10600,0.0,0.0
2025-11-25 00:00:00-05:00,9.010000228881836,9.140000343322754,8.989999771118164,9.0600004196167,7100,0.0,0.0
2025-11-26 00:00:00-05:00,9.0,9.260000228881836,8.899999618530273,9.079999923706055,20300,0.0,0.0
2025-11-28 00:00:00-05:00,9.09000015258789,9.329999923706055,8.899999618530273,8.979999542236328,7600,0.0,0.0
2025-12-01 00:00:00-05:00,8.899999618530273,9.550000190734863,8.899999618530273,9.010000228881836,15000,0.0,0.0
2025-12-02 00:00:00-05:00,9.079999923706055,9.1899995803833,8.899999618530273,9.029999732971191,19400,0.0,0.0
2025-12-03 00:00:00-05:00,9.15999984741211,9.800000190734863,9.15999984741211,9.6899995803833,19000,0.0,0.0
2025-12-04 00:00:00-05:00,9.260000228881836,9.739999771118164,9.260000228881836,9.710000038146973,8700,0.0,0.0
2025-12-05 00:00:00-05:00,9.720000267028809,9.819999694824219,8.90999984741211,9.1899995803833,53500,0.0,0.0
2025-12-08 00:00:00-05:00,9.09000015258789,9.619999885559082,9.0,9.350000381469727,46500,0.0,0.0
2025-12-09 00:00:00-05:00,9.3100004196167,9.680000305175781,9.3100004196167,9.65999984741211,9600,0.0,0.0
2025-12-10 00:00:00-05:00,9.510000228881836,10.619999885559082,9.449999809265137,10.5600004196167,36600,0.0,0.0
2025-12-11 00:00:00-05:00,10.199999809265137,10.989999771118164,10.199999809265137,10.979999542236328,11700,0.0,0.0
2025-12-12 00:00:00-05:00,10.989999771118164,11.140000343322754,10.5,10.75,30400,0.0,0.0
2025-12-15 00:00:00-05:00,10.949999809265137,10.949999809265137,10.5,10.9399995803833,33700,0.0,0.0
2025-12-16 00:00:00-05:00,10.6899995803833,11.0,10.59000015258789,10.869999885559082,18000,0.0,0.0
2025-12-17 00:00:00-05:00,10.539999961853027,10.75,10.430000305175781,10.699999809265137,25200,0.0,0.0
2025-12-18 00:00:00-05:00,10.869999885559082,10.869999885559082,10.449999809265137,10.770000457763672,15400,0.0,0.0
2025-12-19 00:00:00-05:00,10.729999542236328,11.289999961853027,10.220000267028809,10.729999542236328,130700,0.0,0.0
2025-12-22 00:00:00-05:00,10.619999885559082,11.050000190734863,10.40999984741211,11.050000190734863,34400,0.0,0.0
2025-12-23 00:00:00-05:00,10.970000267028809,11.729999542236328,10.829999923706055,11.720000267028809,12400,0.0,0.0
2025-12-24 00:00:00-05:00,11.710000038146973,12.859999656677246,11.710000038146973,12.34000015258789,34900,0.0,0.0
2025-12-26 00:00:00-05:00,12.130000114440918,12.539999961853027,12.130000114440918,12.539999961853027,16800,0.0,0.0
2025-12-29 00:00:00-05:00,12.520000457763672,13.119999885559082,11.720000267028809,13.119999885559082,30400,0.0,0.0
2025-12-30 00:00:00-05:00,13.199999809265137,13.229999542236328,12.539999961853027,13.119999885559082,15000,0.0,0.0
2025-12-31 00:00:00-05:00,12.890000343322754,12.930000305175781,11.890000343322754,12.079999923706055,18300,0.0,0.0
2026-01-02 00:00:00-05:00,12.369999885559082,12.369999885559082,11.75,12.050000190734863,12400,0.0,0.0
2026-01-05 00:00:00-05:00,11.979999542236328,12.489999771118164,11.770000457763672,11.850000381469727,57100,0.0,0.0
2026-01-06 00:00:00-05:00,11.729999542236328,12.039999961853027,11.270000457763672,11.8100004196167,18500,0.0,0.0
2026-01-07 00:00:00-05:00,11.779999732971191,11.779999732971191,10.930000305175781,11.539999961853027,14900,0.0,0.0
2026-01-08 00:00:00-05:00,11.319999694824219,12.079999923706055,11.260000228881836,11.930000305175781,54800,0.0,0.0
2026-01-09 00:00:00-05:00,11.869999885559082,12.25,11.869999885559082,12.25,5600,0.0,0.0
2026-01-12 00:00:00-05:00,12.25,12.489999771118164,12.140000343322754,12.270000457763672,12900,0.0,0.0
2026-01-13 00:00:00-05:00,12.260000228881836,12.4399995803833,12.079999923706055,12.09000015258789,6500,0.0,0.0
2026-01-14 00:00:00-05:00,12.109999656677246,12.359999656677246,11.859999656677246,12.359999656677246,67500,0.0,0.0
2026-01-15 00:00:00-05:00,12.239999771118164,12.859999656677246,12.050000190734863,12.069999694824219,41000,0.0,0.0
2026-01-16 00:00:00-05:00,12.079999923706055,12.260000228881836,11.75,11.899999618530273,12400,0.0,0.0
2026-01-20 00:00:00-05:00,11.75,11.75,10.90999984741211,11.109999656677246,7900,0.0,0.0
2026-01-21 00:00:00-05:00,11.039999961853027,11.770000457763672,11.039999961853027,11.75,18800,0.0,0.0
2026-01-22 00:00:00-05:00,11.579999923706055,11.800000190734863,11.149999618530273,11.34000015258789,10400,0.0,0.0
2026-01-23 00:00:00-05:00,11.210000038146973,11.239999771118164,10.789999961853027,11.010000228881836,28400,0.0,0.0
2026-01-26 00:00:00-05:00,11.0,11.119999885559082,10.5,10.5,15900,0.0,0.0
2026-01-27 00:00:00-05:00,10.630000114440918,10.760000228881836,10.180000305175781,10.4399995803833,22600,0.0,0.0
2026-01-28 00:00:00-05:00,10.279999732971191,10.920000076293945,10.0600004196167,10.859999656677246,26900,0.0,0.0
2026-01-29 00:00:00-05:00,10.640000343322754,11.149999618530273,10.520000457763672,11.079999923706055,11300,0.0,0.0
2026-01-30 00:00:00-05:00,10.949999809265137,10.949999809265137,10.260000228881836,10.850000381469727,32400,0.0,0.0
2026-02-02 00:00:00-05:00,10.90999984741211,12.069999694824219,10.579999923706055,11.960000038146973,50200,0.0,0.0
2026-02-03 00:00:00-05:00,12.029999732971191,12.880000114440918,11.770000457763672,12.850000381469727,11600,0.0,0.0
2026-02-04 00:00:00-05:00,12.630000114440918,13.15999984741211,12.630000114440918,12.989999771118164,10200,0.0,0.0
2026-02-05 00:00:00-05:00,12.130000114440918,12.899999618530273,12.130000114440918,12.569999694824219,7800,0.0,0.0
2026-02-06 00:00:00-05:00,11.989999771118164,12.819999694824219,11.989999771118164,12.119999885559082,14400,0.0,0.0
2026-02-09 00:00:00-05:00,12.119999885559082,12.40999984741211,11.670000076293945,12.029999732971191,69300,0.0,0.0
2026-02-10 00:00:00-05:00,12.5,13.210000038146973,12.40999984741211,12.5600004196167,79800,0.0,0.0
2026-02-11 00:00:00-05:00,12.260000228881836,12.579999923706055,12.260000228881836,12.470000267028809,14400,0.0,0.0
2026-02-12 00:00:00-05:00,12.430000305175781,12.430000305175781,11.180000305175781,11.859999656677246,34700,0.0,0.0
2026-02-13 00:00:00-05:00,11.710000038146973,12.069999694824219,11.520000457763672,11.8100004196167,10800,0.0,0.0
2026-02-17 00:00:00-05:00,11.800000190734863,14.59000015258789,11.800000190734863,13.239999771118164,37700,0.0,0.0
2026-02-18 00:00:00-05:00,13.430000305175781,13.430000305175781,12.720000267028809,13.319999694824219,16900,0.0,0.0
2026-02-19 00:00:00-05:00,13.34000015258789,13.5,12.359999656677246,12.630000114440918,15700,0.0,0.0
2026-02-20 00:00:00-05:00,12.630000114440918,12.630000114440918,11.720000267028809,11.899999618530273,11700,0.0,0.0
2026-02-23 00:00:00-05:00,11.510000228881836,11.539999961853027,10.75,10.760000228881836,18200,0.0,0.0
2026-02-24 00:00:00-05:00,10.899999618530273,11.010000228881836,10.039999961853027,10.25,30600,0.0,0.0
2026-02-25 00:00:00-05:00,10.5600004196167,10.5600004196167,10.050000190734863,10.369999885559082,22800,0.0,0.0
2026-02-26 00:00:00-05:00,10.449999809265137,10.579999923706055,10.010000228881836,10.289999961853027,28000,0.0,0.0
2026-02-27 00:00:00-05:00,10.010000228881836,10.609999656677246,9.899999618530273,10.039999961853027,20200,0.0,0.0
2026-03-02 00:00:00-05:00,10.15999984741211,10.1899995803833,9.9399995803833,10.119999885559082,8100,0.0,0.0
2026-03-03 00:00:00-05:00,9.989999771118164,10.420000076293945,9.699999809265137,9.979999542236328,32000,0.0,0.0
2026-03-04 00:00:00-05:00,9.899999618530273,10.390000343322754,9.899999618530273,10.390000343322754,24100,0.0,0.0
2026-03-05 00:00:00-05:00,9.949999809265137,10.149999618530273,9.859999656677246,10.149999618530273,8200,0.0,0.0
2026-03-06 00:00:00-05:00,10.140000343322754,10.140000343322754,9.59000015258789,9.770000457763672,13900,0.0,0.0
2026-03-09 00:00:00-04:00,9.569999694824219,9.680000305175781,9.210000038146973,9.649999618530273,15500,0.0,0.0
2026-03-10 00:00:00-04:00,9.90999984741211,10.1899995803833,9.399999618530273,9.420000076293945,41600,0.0,0.0
2026-03-11 00:00:00-04:00,9.229999542236328,9.229999542236328,8.75,8.930000305175781,16100,0.0,0.0
2026-03-12 00:00:00-04:00,8.859999656677246,9.020000457763672,8.140000343322754,8.569999694824219,29900,0.0,0.0
2026-03-13 00:00:00-04:00,8.609999656677246,9.010000228881836,7.849999904632568,8.050000190734863,31400,0.0,0.0
2026-03-16 00:00:00-04:00,8.100000381469727,8.369999885559082,7.960000038146973,8.020000457763672,13900,0.0,0.0
2026-03-17 00:00:00-04:00,8.029999732971191,8.489999771118164,7.730000019073486,8.109999656677246,28700,0.0,0.0
2026-03-18 00:00:00-04:00,8.050000190734863,8.050000190734863,7.46999979019165,7.53000020980835,43300,0.0,0.0
2026-03-19 00:00:00-04:00,7.550000190734863,7.949999809265137,7.150000095367432,7.829999923706055,34100,0.0,0.0
2026-03-20 00:00:00-04:00,7.960000038146973,8.289999961853027,7.789999961853027,8.020000457763672,57500,0.0,0.0
2026-03-23 00:00:00-04:00,8.34000015258789,8.8100004196167,8.029999732971191,8.729999542236328,14700,0.0,0.0
2026-03-24 00:00:00-04:00,8.609999656677246,8.670000076293945,8.369999885559082,8.369999885559082,19600,0.0,0.0
2026-03-25 00:00:00-04:00,8.4399995803833,8.630000114440918,8.350000381469727,8.520000457763672,12800,0.0,0.0
2026-03-26 00:00:00-04:00,8.4399995803833,8.710000038146973,8.260000228881836,8.380000114440918,16300,0.0,0.0
2026-03-27 00:00:00-04:00,8.479999542236328,8.5,8.09000015258789,8.1899995803833,9800,0.0,0.0
2026-03-30 00:00:00-04:00,8.390000343322754,8.529999732971191,8.210000038146973,8.460000038146973,11300,0.0,0.0
2026-03-31 00:00:00-04:00,8.619999885559082,8.619999885559082,8.359999656677246,8.449999809265137,15300,0.0,0.0
2026-04-01 00:00:00-04:00,8.329999923706055,9.010000228881836,8.329999923706055,8.770000457763672,11700,0.0,0.0
2026-04-02 00:00:00-04:00,8.609999656677246,8.930000305175781,8.59000015258789,8.84000015258789,10000,0.0,0.0
2026-04-06 00:00:00-04:00,8.829999923706055,9.010000228881836,8.789999961853027,8.869999885559082,12400,0.0,0.0
2026-04-07 00:00:00-04:00,8.850000381469727,8.850000381469727,8.449999809265137,8.449999809265137,10800,0.0,0.0
2026-04-08 00:00:00-04:00,8.789999961853027,9.539999961853027,8.789999961853027,9.489999771118164,16200,0.0,0.0
2026-04-09 00:00:00-04:00,9.539999961853027,9.970000267028809,9.210000038146973,9.760000228881836,12500,0.0,0.0
2026-04-10 00:00:00-04:00,9.529999732971191,9.529999732971191,9.279999732971191,9.300000190734863,4000,0.0,0.0
2026-04-13 00:00:00-04:00,9.449999809265137,9.930000305175781,9.079999923706055,9.930000305175781,4000,0.0,0.0
2026-04-14 00:00:00-04:00,9.739999771118164,10.050000190734863,9.119999885559082,9.119999885559082,15000,0.0,0.0
2026-04-15 00:00:00-04:00,8.84000015258789,9.539999961853027,8.84000015258789,9.119999885559082,11200,0.0,0.0
2026-04-16 00:00:00-04:00,8.949999809265137,9.520000457763672,8.949999809265137,9.449999809265137,10200,0.0,0.0
2026-04-17 00:00:00-04:00,9.630000114440918,10.770000457763672,9.630000114440918,9.789999961853027,6500,0.0,0.0
2026-04-20 00:00:00-04:00,9.979999542236328,9.979999542236328,9.350000381469727,9.350000381469727,6400,0.0,0.0
2026-04-21 00:00:00-04:00,9.350000381469727,9.350000381469727,8.789999961853027,8.899999618530273,4400,0.0,0.0
2026-04-22 00:00:00-04:00,8.8100004196167,10.199999809265137,8.8100004196167,9.529999732971191,16700,0.0,0.0
2026-04-23 00:00:00-04:00,9.720000267028809,10.609999656677246,9.699999809265137,9.75,8600,0.0,0.0
2026-04-24 00:00:00-04:00,9.770000457763672,10.279999732971191,9.75,9.75,4300,0.0,0.0
2026-04-27 00:00:00-04:00,10.0,10.15999984741211,9.640000343322754,9.760000228881836,11600,0.0,0.0
2026-04-28 00:00:00-04:00,9.329999923706055,11.229999542236328,9.329999923706055,10.640000343322754,42900,0.0,0.0
2026-04-29 00:00:00-04:00,10.489999771118164,10.649999618530273,9.739999771118164,9.739999771118164,11000,0.0,0.0
2026-04-30 00:00:00-04:00,9.720000267028809,10.8100004196167,9.720000267028809,10.100000381469727,16100,0.0,0.0
2026-05-01 00:00:00-04:00,9.960000038146973,10.149999618530273,9.670000076293945,9.710000038146973,5200,0.0,0.0
2026-05-04 00:00:00-04:00,9.579999923706055,10.350000381469727,9.079999923706055,9.460000038146973,21700,0.0,0.0
2026-05-05 00:00:00-04:00,9.520000457763672,10.15999984741211,9.520000457763672,9.880000114440918,10200,0.0,0.0
2026-05-06 00:00:00-04:00,10.0600004196167,10.460000038146973,9.75,9.859999656677246,7100,0.0,0.0
2026-05-07 00:00:00-04:00,9.90999984741211,10.65999984741211,9.859999656677246,10.329999923706055,6100,0.0,0.0
2026-05-08 00:00:00-04:00,10.15999984741211,10.84000015258789,10.15999984741211,10.319999694824219,7200,0.0,0.0
2026-05-11 00:00:00-04:00,10.119999885559082,10.960000038146973,10.050000190734863,10.050000190734863,14700,0.0,0.0
2026-05-12 00:00:00-04:00,10.260000228881836,10.600000381469727,10.149999618530273,10.350000381469727,5400,0.0,0.0
2026-05-13 00:00:00-04:00,10.100000381469727,10.699999809265137,10.100000381469727,10.630000114440918,10700,0.0,0.0
2026-05-14 00:00:00-04:00,10.779999732971191,11.399999618530273,10.460000038146973,11.100000381469727,10400,0.0,0.0
2026-05-15 00:00:00-04:00,10.90999984741211,11.399999618530273,10.279999732971191,10.279999732971191,7300,0.0,0.0
2026-05-18 00:00:00-04:00,10.479999542236328,10.649999618530273,9.930000305175781,10.25,10600,0.0,0.0
2026-05-19 00:00:00-04:00,10.180000305175781,11.220000267028809,9.640000343322754,10.819999694824219,19900,0.0,0.0
2026-05-20 00:00:00-04:00,10.520000457763672,11.859999656677246,10.520000457763672,11.850000381469727,43100,0.0,0.0
2026-05-21 00:00:00-04:00,11.5,12.229999542236328,11.5,12.229999542236328,7200,0.0,0.0
2026-05-22 00:00:00-04:00,12.359999656677246,12.359999656677246,11.449999809265137,11.979999542236328,8400,0.0,0.0
2026-05-26 00:00:00-04:00,12.369999885559082,13.029999732971191,11.59000015258789,12.609999656677246,25000,0.0,0.0
2026-05-27 00:00:00-04:00,12.460000038146973,14.5600004196167,12.329999923706055,12.729999542236328,34300,0.0,0.0
2026-05-28 00:00:00-04:00,12.449999809265137,14.020000457763672,12.449999809265137,13.949999809265137,17500,0.0,0.0
2026-05-29 00:00:00-04:00,13.710000038146973,14.489999771118164,13.529999732971191,13.529999732971191,13300,0.0,0.0
2026-06-01 00:00:00-04:00,13.6899995803833,14.670000076293945,13.619999885559082,13.710000038146973,24100,0.0,0.0
2026-06-02 00:00:00-04:00,13.710000038146973,14.869999885559082,13.329999923706055,13.329999923706055,16900,0.0,0.0
2026-06-03 00:00:00-04:00,13.460000038146973,13.460000038146973,12.239999771118164,12.800000190734863,20600,0.0,0.0
2026-06-04 00:00:00-04:00,13.0,13.760000228881836,13.0,13.380000114440918,14100,0.0,0.0
2026-06-05 00:00:00-04:00,13.489999771118164,14.180000305175781,13.489999771118164,13.770000457763672,9700,0.0,0.0
2026-06-08 00:00:00-04:00,14.369999885559082,14.979999542236328,14.079999923706055,14.079999923706055,23800,0.0,0.0
2026-06-09 00:00:00-04:00,14.550000190734863,14.789999961853027,13.699999809265137,14.34000015258789,25900,0.0,0.0
2026-06-10 00:00:00-04:00,14.420000076293945,15.0,14.210000038146973,15.0,32000,0.0,0.0
2026-06-11 00:00:00-04:00,15.390000343322754,16.049999237060547,14.979999542236328,15.569999694824219,24900,0.0,0.0
2026-06-12 00:00:00-04:00,15.880000114440918,16.5,15.239999771118164,15.869999885559082,26800,0.0,0.0
2026-06-15 00:00:00-04:00,16.299999237060547,16.299999237060547,15.010000228881836,15.119999885559082,14800,0.0,0.0
2026-06-16 00:00:00-04:00,15.619999885559082,15.619999885559082,14.739999771118164,14.739999771118164,15900,0.0,0.0
2026-06-17 00:00:00-04:00,15.020000457763672,15.420000076293945,13.710000038146973,13.869999885559082,20600,0.0,0.0
2026-06-18 00:00:00-04:00,14.180000305175781,14.229999542236328,13.550000190734863,13.550000190734863,22100,0.0,0.0
2026-06-22 00:00:00-04:00,13.5600004196167,13.930000305175781,12.890000343322754,13.390000343322754,16600,0.0,0.0
2026-06-23 00:00:00-04:00,13.380000114440918,14.119999885559082,13.380000114440918,14.039999961853027,11400,0.0,0.0
2026-06-24 00:00:00-04:00,14.039999961853027,15.520000457763672,14.039999961853027,15.369999885559082,19900,0.0,0.0
2026-06-25 00:00:00-04:00,15.470000267028809,15.880000114440918,14.960000038146973,15.130000114440918,31500,0.0,0.0
2026-06-26 00:00:00-04:00,15.40999984741211,15.40999984741211,14.149999618530273,14.75,79600,0.0,0.0
2026-06-29 00:00:00-04:00,14.979999542236328,15.960000038146973,14.680000305175781,14.84000015258789,20100,0.0,0.0
2026-06-30 00:00:00-04:00,14.630000114440918,15.399999618530273,14.010000228881836,14.010000228881836,15500,0.0,0.0
2026-07-01 00:00:00-04:00,14.140000343322754,14.760000228881836,13.960000038146973,14.529999732971191,18500,0.0,0.0
2026-07-02 00:00:00-04:00,14.300000190734863,15.100000381469727,13.489999771118164,13.779999732971191,14500,0.0,0.0
2026-07-06 00:00:00-04:00,13.649999618530273,14.460000038146973,13.380000114440918,13.380000114440918,19100,0.0,0.0
2026-07-07 00:00:00-04:00,13.670000076293945,13.670000076293945,12.829999923706055,13.260000228881836,7600,0.0,0.0
2026-07-08 00:00:00-04:00,13.399999618530273,13.479999542236328,13.0,13.199999809265137,16100,0.0,0.0
2026-07-09 00:00:00-04:00,13.069999694824219,13.510000228881836,12.579999923706055,13.260000228881836,8000,0.0,0.0
2026-07-10 00:00:00-04:00,12.819999694824219,14.100000381469727,12.819999694824219,14.100000381469727,16600,0.0,0.0
2026-07-13 00:00:00-04:00,14.350000381469727,14.579999923706055,13.710000038146973,13.779999732971191,45000,0.0,0.0
2026-07-14 00:00:00-04:00,13.989999771118164,14.350000381469727,13.59000015258789,13.59000015258789,12600,0.0,0.0
2026-07-15 00:00:00-04:00,13.770000457763672,14.430000305175781,13.449999809265137,14.430000305175781,32400,0.0,0.0
2026-07-16 00:00:00-04:00,14.600000381469727,15.0,14.279999732971191,14.680000305175781,14000,0.0,0.0
2026-07-17 00:00:00-04:00,14.399999618530273,15.25,14.34000015258789,14.84000015258789,27600,0.0,0.0
2026-07-20 00:00:00-04:00,14.9399995803833,14.970000267028809,13.670000076293945,13.670000076293945,15900,0.0,0.0
2026-07-21 00:00:00-04:00,13.449999809265137,14.779999732971191,12.770000457763672,14.6899995803833,30600,0.0,0.0
2026-07-22 00:00:00-04:00,14.34000015258789,15.210000038146973,14.140000343322754,15.170000076293945,16200,0.0,0.0
2026-07-23 00:00:00-04:00,14.479999542236328,16.049999237060547,14.380000114440918,15.800000190734863,30700,0.0,0.0
2026-07-24 00:00:00-04:00,15.5600004196167,16.600000381469727,15.319999694824219,16.219999313354492,17000,0.0,0.0
2026-07-27 00:00:00-04:00,16.40999984741211,17.18000030517578,16.40999984741211,17.010000228881836,15600,0.0,0.0
2026-07-28 00:00:00-04:00,17.15999984741211,17.440000534057617,16.43000030517578,17.18000030517578,10700,0.0,0.0
2026-07-29 00:00:00-04:00,17.190000534057617,17.309999465942383,16.920000076293945,17.190000534057617,12100,0.0,0.0
2026-07-30 00:00:00-04:00,16.940000534057617,17.0,16.5,16.579999923706055,13000,0.0,0.0
2026-07-31 00:00:00-04:00,16.44499969482422,16.610000610351562,15.43970012664795,16.114999771118164,20868,0.0,0.0
