Date,Open,High,Low,Close,Volume,Dividends,Stock Splits
2022-01-03 00:00:00-05:00,17.625604609985523,18.168766903903645,17.625604609985523,17.99676513671875,324700,0.0,0.0
2022-01-04 00:00:00-05:00,18.069183681162396,18.793400529183934,18.069183681162396,18.67571449279785,384500,0.0,0.0
2022-01-05 00:00:00-05:00,18.812034905633194,19.420926903578646,18.71206701938657,18.721155166625977,508500,0.08,0.0
2022-01-06 00:00:00-05:00,18.621188228582778,19.057408917965855,18.566661075756627,19.048320770263672,306900,0.0,0.0
2022-01-07 00:00:00-05:00,19.011971443251348,19.111939342635534,18.57575071875375,18.5848388671875,335400,0.0,0.0
2022-01-10 00:00:00-05:00,18.448516213063844,18.52121965863051,18.14861428342798,18.330373764038086,339900,0.0,0.0
2022-01-11 00:00:00-05:00,18.384902406067702,18.54848560520767,18.04864959306844,18.521221160888672,262100,0.0,0.0
2022-01-12 00:00:00-05:00,18.53030572441494,18.712065184607265,18.39398699596404,18.475778579711914,304000,0.0,0.0
2022-01-13 00:00:00-05:00,18.85747374248901,19.13011122372448,18.584836261253542,18.866561889648438,268000,0.0,0.0
2022-01-14 00:00:00-05:00,18.64845487186784,19.657215118408203,18.584839563834063,19.657215118408203,349000,0.0,0.0
2022-01-18 00:00:00-05:00,19.529981744314988,19.629949633328966,18.839298135481933,19.584508895874023,622500,0.0,0.0
2022-01-19 00:00:00-05:00,19.539070118091548,19.539070118091548,18.412165816961537,18.593923568725586,505600,0.0,0.0
2022-01-20 00:00:00-05:00,18.621189421701093,18.702981022874432,17.894154892812573,17.930505752563477,696500,0.0,0.0
2022-01-21 00:00:00-05:00,17.875977861835292,18.366725715326627,17.60334035804977,17.912328720092773,415000,0.0,0.0
2022-01-24 00:00:00-05:00,17.566989487390483,18.45760726928711,17.148945042846528,18.45760726928711,524900,0.0,0.0
2022-01-25 00:00:00-05:00,18.257673195816583,18.65754307614478,17.69422010383653,18.45760726928711,828200,0.0,0.0
2022-01-26 00:00:00-05:00,18.62118778357066,18.966530454452744,18.003207621686425,18.1395263671875,279000,0.0,0.0
2022-01-27 00:00:00-05:00,18.130439447641095,18.37581248934766,17.330699825126317,17.576074600219727,479200,0.0,0.0
2022-01-28 00:00:00-05:00,17.566986716638826,17.721481755121516,17.04897445036948,17.685129165649414,307000,0.0,0.0
2022-01-31 00:00:00-05:00,17.448846139890687,17.88506686004119,17.403405398174765,17.83053970336914,619300,0.0,0.0
2022-02-01 00:00:00-05:00,17.766918703565278,17.912325577861463,17.43066595677535,17.630599975585938,326400,0.0,0.0
2022-02-02 00:00:00-05:00,16.83994897814556,17.476103569408217,15.113239449351058,15.340437889099121,854700,0.0,0.0
2022-02-03 00:00:00-05:00,15.313180356915254,16.103830223542317,15.204124306318182,15.749401092529297,612400,0.0,0.0
2022-02-04 00:00:00-05:00,15.603991226984336,15.776662552166842,14.949660247421333,15.349528312683105,462400,0.0,0.0
2022-02-07 00:00:00-05:00,15.313177134918153,15.494934869820709,14.849692050828489,14.940571784973145,311400,0.0,0.0
2022-02-08 00:00:00-05:00,15.058716327617839,15.449498025607477,15.058716327617839,15.422233581542969,368200,0.0,0.0
2022-02-09 00:00:00-05:00,15.567639002213731,15.703959476181549,15.458584703103673,15.531288146972656,311000,0.0,0.0
2022-02-10 00:00:00-05:00,15.285913479757761,15.485849251822245,14.976923407827963,15.113242149353027,281400,0.0,0.0
2022-02-11 00:00:00-05:00,15.167772420882482,15.467674373040486,14.922397623647658,15.222299575805664,325000,0.0,0.0
2022-02-14 00:00:00-05:00,15.204120637835633,15.494934391410169,15.058713761048367,15.376791954040527,370500,0.0,0.0
2022-02-15 00:00:00-05:00,15.467672982411097,15.731222318667768,15.285913504492337,15.5858154296875,276600,0.0,0.0
2022-02-16 00:00:00-05:00,15.631255633994275,15.858454106968686,15.422231721483858,15.72213363647461,259000,0.0,0.0
2022-02-17 00:00:00-05:00,15.540376919052095,15.540376919052095,15.240474984359286,15.322266578674316,253400,0.0,0.0
2022-02-18 00:00:00-05:00,15.195035103862164,15.64034395725895,15.195035103862164,15.394970893859863,258100,0.0,0.0
2022-02-22 00:00:00-05:00,15.25864999138374,15.431319579573866,14.231711942064486,14.767900466918945,1800900,0.0,0.0
2022-02-23 00:00:00-05:00,15.013277916122506,15.376795184459853,14.631584351021525,14.786079406738281,507900,0.0,0.0
2022-02-24 00:00:00-05:00,14.540700994994246,14.658843427888455,14.113567660592162,14.640668869018555,431000,0.0,0.0
2022-02-25 00:00:00-05:00,14.758813082679858,15.295001635236574,14.686109638268107,15.258650779724121,333200,0.0,0.0
2022-02-28 00:00:00-05:00,14.98600798799563,15.540372702749707,14.98600798799563,15.485845565795898,361300,0.0,0.0
2022-03-01 00:00:00-05:00,15.29500243875754,15.467673778326779,14.631583256974332,14.758813858032227,504200,0.0,0.0
2022-03-02 00:00:00-05:00,14.913309426047787,15.576728631134523,14.913309426047787,15.422233581542969,450700,0.0,0.0
2022-03-03 00:00:00-05:00,15.476760629419678,15.622167513700235,15.167770566976793,15.522199630737305,294400,0.0,0.0
2022-03-04 00:00:00-05:00,15.322266113751379,15.63125618659095,15.222298227424798,15.558552742004395,385000,0.0,0.0
2022-03-07 00:00:00-05:00,15.640342638547736,15.640342638547736,14.44073579994756,14.540702819824219,438400,0.0,0.0
2022-03-08 00:00:00-05:00,14.65884700430897,14.776991199414272,14.0772193772892,14.086307525634766,497800,0.0,0.0
2022-03-09 00:00:00-05:00,14.495263279345549,14.82242878821154,14.086306176589698,14.749725341796875,496700,0.0,0.0
2022-03-10 00:00:00-05:00,14.504350514560695,14.749724414103884,14.331680056859444,14.549790382385254,291500,0.0,0.0
2022-03-11 00:00:00-05:00,14.749724133902658,14.858780161287214,14.16809661021637,14.19536018371582,189900,0.0,0.0
2022-03-14 00:00:00-04:00,14.340767423961049,14.340767423961049,13.859106902166465,14.304415702819824,319900,0.0,0.0
2022-03-15 00:00:00-04:00,14.495262367657105,14.713373559876308,14.313503763052262,14.549790382385254,366700,0.0,0.0
2022-03-16 00:00:00-04:00,14.631584837435188,14.913310513088962,14.477089776582385,14.849695205688477,260600,0.0,0.0
2022-03-17 00:00:00-04:00,14.640669360682306,15.004186551087491,14.558877776167805,14.904218673706055,186600,0.0,0.0
2022-03-18 00:00:00-04:00,14.913309900865185,14.931486197486898,14.549792635366211,14.886045455932617,675300,0.0,0.0
2022-03-21 00:00:00-04:00,14.931484642497653,15.104155975647533,14.486174955269782,14.567967414855957,245700,0.0,0.0
2022-03-22 00:00:00-04:00,14.740638701077149,14.858782896944225,14.304417977999643,14.313506126403809,226900,0.0,0.0
2022-03-23 00:00:00-04:00,14.186271534323884,14.304414837559843,13.850017917433851,13.859106063842773,319800,0.0,0.0
2022-03-24 00:00:00-04:00,13.995423177005522,14.1408309026765,13.768224743179504,14.040863037109375,312600,0.0,0.0
2022-03-25 00:00:00-04:00,14.140834288818906,14.22262501655943,14.02269097093577,14.177186012268066,431600,0.0,0.0
2022-03-28 00:00:00-04:00,14.186271971303501,14.186271971303501,13.813666623993763,13.9954252243042,496000,0.0,0.0
2022-03-29 00:00:00-04:00,14.16809776073628,14.449823398726005,14.16809776073628,14.34985637664795,303100,0.0,0.0
2022-03-30 00:00:00-04:00,14.26806440785098,14.395295868992239,13.750052149442677,13.768227577209473,349800,0.0,0.0
2022-03-31 00:00:00-04:00,13.750051891602718,13.968162220874811,13.450149972180236,13.486501693725586,289600,0.0,0.0
2022-04-01 00:00:00-04:00,13.57738185633723,13.57738185633723,12.995754256260907,13.295656204223633,392700,0.0,0.0
2022-04-04 00:00:00-04:00,13.322920904858874,13.322920904858874,12.923051896084456,12.950315475463867,239300,0.0,0.0
2022-04-05 00:00:00-04:00,12.850346409269921,12.904873559412101,12.214189968526059,12.323246002197266,553700,0.0,0.0
2022-04-06 00:00:00-04:00,12.186118509182158,12.186118509182158,11.692457326304574,11.783876419067383,578100,0.08,0.0
2022-04-07 00:00:00-04:00,11.747308237996355,11.857010619501311,11.335923217556484,11.527902603149414,430100,0.0,0.0
2022-04-08 00:00:00-04:00,11.463910832436087,11.610180688059335,11.180512333288208,11.427343368530273,396800,0.0,0.0
2022-04-11 00:00:00-04:00,11.381632376584053,11.95757051390324,11.345064917317929,11.500476837158203,414900,0.0,0.0
2022-04-12 00:00:00-04:00,11.628462987557803,12.222684398511557,11.628462987557803,11.811300277709961,503200,0.0,0.0
2022-04-13 00:00:00-04:00,11.948427364917519,12.423805164794098,11.948427364917519,12.378095626831055,418700,0.0,0.0
2022-04-14 00:00:00-04:00,12.378096421104974,12.442089255257354,12.039847213412854,12.048989295959473,760100,0.0,0.0
2022-04-18 00:00:00-04:00,12.02156308168078,12.524366289259472,11.97585441249479,12.240968704223633,284800,0.0,0.0
2022-04-19 00:00:00-04:00,12.323244139012719,13.02716876441364,12.323244139012719,12.954033851623535,315900,0.0,0.0
2022-04-20 00:00:00-04:00,13.173439683255847,13.465979358694094,12.99974446892364,13.09116268157959,326000,0.0,0.0
2022-04-21 00:00:00-04:00,13.301427080872969,13.721953327223604,13.264859619096264,13.676243782043457,1073200,0.0,0.0
2022-04-22 00:00:00-04:00,13.429412829046106,13.630534305752992,12.963177906996,12.99974536895752,334500,0.0,0.0
2022-04-25 00:00:00-04:00,12.862616989594462,12.97231937766981,12.50608444630885,12.935751914978027,316600,0.0,0.0
2022-04-26 00:00:00-04:00,12.844334769658527,12.908327616768174,12.396383096216695,12.643213272094727,514400,0.0,0.0
2022-04-27 00:00:00-04:00,13.60310774727172,13.923072793721136,12.432948194168763,13.054594993591309,540700,0.0,0.0
2022-04-28 00:00:00-04:00,13.447697747953567,13.80423117589387,13.118590571895906,13.77680492401123,509300,0.0,0.0
2022-04-29 00:00:00-04:00,13.694528448759044,13.932217410034847,13.008887817889173,13.082023620605469,549100,0.0,0.0
2022-05-02 00:00:00-04:00,13.2008647002835,13.484263157022411,12.935750408679928,13.255716323852539,346600,0.0,0.0
2022-05-03 00:00:00-04:00,13.22829198342117,13.56654121836835,13.082022138237209,13.493406295776367,260800,0.0,0.0
2022-05-04 00:00:00-04:00,13.46598082452704,13.840798414279138,13.36542051810795,13.74023723602295,351500,0.0,0.0
2022-05-05 00:00:00-04:00,13.520832395941751,13.621392701917427,12.908326732641964,13.264860153198242,441500,0.0,0.0
2022-05-06 00:00:00-04:00,13.21000850549014,13.21000850549014,12.652354473696608,12.880901336669922,444100,0.0,0.0
2022-05-09 00:00:00-04:00,12.716346980045913,13.164298610386219,12.606644593340352,12.944893836975098,357700,0.0,0.0
2022-05-10 00:00:00-04:00,13.109448199643236,13.109448199643236,12.542652084089868,12.880901336669922,356700,0.0,0.0
2022-05-11 00:00:00-04:00,12.990603303190927,13.210008075258699,12.688921523638472,12.707204818725586,299800,0.0,0.0
2022-05-12 00:00:00-04:00,12.606642399775891,13.146013027771838,12.606642399775891,13.109445571899414,311000,0.0,0.0
2022-05-13 00:00:00-04:00,13.283142384142925,13.429412225414394,13.182582086228045,13.365419387817383,392500,0.0,0.0
2022-05-16 00:00:00-04:00,13.310570497562091,13.310570497562091,12.935752887010025,13.082023620605469,193000,0.0,0.0
2022-05-17 00:00:00-04:00,13.465978580331475,14.105910391118705,13.36541829067143,14.051058769226074,412700,0.0,0.0
2022-05-18 00:00:00-04:00,13.913932703024267,14.014493004831788,13.438554828653311,13.484264373779297,594400,0.0,0.0
2022-05-19 00:00:00-04:00,13.301424798075637,14.1333350646006,13.182580349738227,13.94135570526123,646000,0.0,0.0
2022-05-20 00:00:00-04:00,14.060205187032356,14.233900444884203,12.990605640925045,13.356280326843262,360400,0.0,0.0
2022-05-23 00:00:00-04:00,13.593965496359623,13.740235329707454,13.347135370544398,13.401986122131348,297300,0.0,0.0
2022-05-24 00:00:00-04:00,13.456839553215147,13.51169031217021,12.972319575368566,13.264860153198242,186700,0.0,0.0
2022-05-25 00:00:00-04:00,13.237432033745941,13.648817027037511,13.237432033745941,13.45683765411377,352700,0.0,0.0
2022-05-26 00:00:00-04:00,13.539114654013927,14.13333606596541,13.539114654013927,13.795086860656738,309200,0.0,0.0
2022-05-27 00:00:00-04:00,13.87736434799988,14.224755648023784,13.87736434799988,14.060201644897461,223200,0.0,0.0
2022-05-31 00:00:00-04:00,13.849938656494054,14.060202210258728,13.657959269072846,14.032776832580566,270400,0.0,0.0
2022-06-01 00:00:00-04:00,14.12419360416324,14.544719796844102,13.968781693487468,14.444159507751465,248500,0.0,0.0
2022-06-02 00:00:00-04:00,14.508154681658791,14.846403932484044,14.489871386071066,14.809837341308594,287700,0.0,0.0
2022-06-03 00:00:00-04:00,14.727557006148936,14.937819653035316,14.654422096637424,14.828116416931152,227500,0.0,0.0
2022-06-06 00:00:00-04:00,14.992674055183699,14.992674055183699,14.71841851355731,14.937823295593262,182300,0.0,0.0
2022-06-07 00:00:00-04:00,14.791551393188552,15.07494897945936,14.617855310911748,14.9469633102417,231400,0.0,0.0
2022-06-08 00:00:00-04:00,14.882969031704574,15.129798263580986,14.663564301328988,15.065805435180664,246300,0.0,0.0
2022-06-09 00:00:00-04:00,15.020101222365959,15.257790186645117,14.901255868389223,15.038385391235352,414700,0.0,0.0
2022-06-10 00:00:00-04:00,14.72755946569418,14.89211347549453,14.169904597742793,14.270464897155762,251600,0.0,0.0
2022-06-13 00:00:00-04:00,13.849937504881929,14.124193874370444,13.45683755139079,13.557397842407227,273600,0.0,0.0
2022-06-14 00:00:00-04:00,13.539116356358978,13.776804427923173,13.429413096452942,13.612251281738281,184300,0.0,0.0
2022-06-15 00:00:00-04:00,13.712811178623777,13.804230268549425,13.3471365625953,13.630534172058105,227200,0.0,0.0
2022-06-16 00:00:00-04:00,13.33799369826128,13.33799369826128,12.679778556113163,12.752913475036621,270400,0.0,0.0
2022-06-17 00:00:00-04:00,12.816908808873754,12.972319877423168,12.469517464000166,12.478658676147461,477400,0.0,0.0
2022-06-21 00:00:00-04:00,12.752915382976095,12.798624932101026,12.442091495131129,12.560935974121094,351300,0.0,0.0
2022-06-22 00:00:00-04:00,12.405523705920844,12.551793561827452,12.277538017921119,12.387240409851074,287500,0.0,0.0
2022-06-23 00:00:00-04:00,12.359811867691779,12.414662613705177,11.710738894287301,11.719880104064941,374100,0.0,0.0
2022-06-24 00:00:00-04:00,11.921003859000601,12.762056350708008,11.866152230481832,12.762056350708008,1731900,0.0,0.0
2022-06-27 00:00:00-04:00,12.908327543728513,13.5025499486599,12.716348131648704,13.173441886901855,611500,0.0,0.0
2022-06-28 00:00:00-04:00,13.21914893773106,13.283141772380848,12.954034644677243,12.963176727294922,1273000,0.0,0.0
2022-06-29 00:00:00-04:00,12.999745849553562,12.999745849553562,12.304963174761761,12.350672721862793,348000,0.0,0.0
2022-06-30 00:00:00-04:00,12.122124592530316,12.524366646979903,12.048989673539483,12.414664268493652,296000,0.0,0.0
2022-07-01 00:00:00-04:00,12.359812467310688,12.771196569716455,12.286676682683263,12.515223503112793,288900,0.0,0.0
2022-07-05 00:00:00-04:00,12.158691021218361,12.515223503112793,11.875292580277495,12.515223503112793,356200,0.0,0.0
2022-07-06 00:00:00-04:00,12.515224475991435,12.542811936481796,11.926706016917263,12.257747650146484,207700,0.08,0.0
2022-07-07 00:00:00-04:00,12.542811037586814,12.873852647091557,12.524419398577963,12.772701263427734,216000,0.0,0.0
2022-07-08 00:00:00-04:00,12.671550160407882,12.975005216083012,12.662355217025073,12.837071418762207,176900,0.0,0.0
2022-07-11 00:00:00-04:00,12.634768277637042,13.002593213948225,12.616377513150434,12.947419166564941,307800,0.0,0.0
2022-07-12 00:00:00-04:00,12.919834538490136,13.42559335443082,12.919834538490136,13.048572540283203,666100,0.0,0.0
2022-07-13 00:00:00-04:00,12.82787744314353,13.131332542457324,12.80948667677151,13.094550132751465,196700,0.0,0.0
2022-07-14 00:00:00-04:00,12.892247033932627,13.177310483634816,12.76350816431634,13.16811466217041,135100,0.0,0.0
2022-07-15 00:00:00-04:00,13.508352218930112,13.563526270980345,13.149723949969916,13.407200813293457,326500,0.0,0.0
2022-07-18 00:00:00-04:00,13.581916091244619,13.701458246880513,13.324438385513663,13.388808250427246,227000,0.0,0.0
2022-07-19 00:00:00-04:00,13.609503833273507,14.27158804055756,13.609503833273507,14.207218170166016,268500,0.0,0.0
2022-07-20 00:00:00-04:00,14.069283709166902,14.722172065093732,14.069283709166902,14.64860725402832,403800,0.0,0.0
2022-07-21 00:00:00-04:00,14.44630466325253,14.777346337752693,14.234805157933861,14.749760627746582,254500,0.0,0.0
2022-07-22 00:00:00-04:00,14.758953484214876,14.869301576956396,14.538259929616986,14.666997909545898,318900,0.0,0.0
2022-07-25 00:00:00-04:00,14.685387912691754,14.988842064518542,14.510670849473204,14.850908279418945,246400,0.0,0.0
2022-07-26 00:00:00-04:00,14.666998655092433,15.00723614028206,14.529064847596716,14.740564346313477,209000,0.0,0.0
2022-07-27 00:00:00-04:00,14.152044128187583,15.393450953982608,14.152044128187583,15.356669425964355,383900,0.0,0.0
2022-07-28 00:00:00-04:00,15.632536029936754,15.908403611248668,15.35666844862484,15.871622085571289,397600,0.0,0.0
2022-07-29 00:00:00-04:00,15.954383725336534,16.717619286354125,15.890014735865224,16.607271194458008,604400,0.0,0.0
2022-08-01 00:00:00-04:00,16.460142755274028,17.16820519809642,16.27623159415264,16.929119110107422,455300,0.0,0.0
2022-08-02 00:00:00-04:00,16.75440146046007,16.78198892297879,16.257839412587483,16.322208404541016,425400,0.0,0.0
2022-08-03 00:00:00-04:00,16.39577314395467,16.561294410479235,15.963580089969902,16.460142135620117,300100,0.0,0.0
2022-08-04 00:00:00-04:00,16.460141279267994,16.561293548864587,16.239446853358206,16.303815841674805,332300,0.0,0.0
2022-08-05 00:00:00-04:00,16.07392767801244,16.37738277219502,16.037146145890354,16.368186950683594,287000,0.0,0.0
2022-08-08 00:00:00-04:00,16.469337183785164,16.570489453898883,16.092317318354727,16.54290199279785,383200,0.0,0.0
2022-08-09 00:00:00-04:00,16.460145534137805,16.542906184487634,15.926800095174361,16.092321395874023,282300,0.0,0.0
2022-08-10 00:00:00-04:00,16.53370360971591,16.736008118586255,16.37737819555388,16.450942993164062,385800,0.0,0.0
2022-08-11 00:00:00-04:00,16.956706573541226,16.975096461906883,16.460142755274028,16.929119110107422,408400,0.0,0.0
2022-08-12 00:00:00-04:00,16.910726622328898,17.149812698364258,16.653250658847327,17.149812698364258,266400,0.0,0.0
2022-08-15 00:00:00-04:00,16.625662093789757,17.076246753912645,16.386576033616183,17.06705093383789,317200,0.0,0.0
2022-08-16 00:00:00-04:00,16.91992327419122,17.370507986342037,16.83716263788561,17.30613899230957,456500,0.0,0.0
2022-08-17 00:00:00-04:00,17.01187931650501,17.113031592615425,16.800380697295505,16.901531219482422,296400,0.0,0.0
2022-08-18 00:00:00-04:00,16.993486703843654,17.278551874064792,16.818771378264323,17.195791244506836,153500,0.0,0.0
2022-08-19 00:00:00-04:00,17.07624845352301,17.08544427451303,16.85555401153308,17.002683639526367,305000,0.0,0.0
2022-08-22 00:00:00-04:00,16.754400038124782,16.883139765026197,16.644053705264525,16.690031051635742,316800,0.0,0.0
2022-08-23 00:00:00-04:00,16.58888341642749,16.93831586966377,16.58888341642749,16.671642303466797,195000,0.0,0.0
2022-08-24 00:00:00-04:00,16.75439954419813,16.791182823349388,16.561292590423886,16.69922637939453,191600,0.0,0.0
2022-08-25 00:00:00-04:00,16.855551573310866,17.09463762269609,16.78198676995566,17.048660278320312,381900,0.0,0.0
2022-08-26 00:00:00-04:00,17.10383467028075,17.16820365859735,16.303815841674805,16.303815841674805,271300,0.0,0.0
2022-08-29 00:00:00-04:00,16.165882025741737,16.303815822532986,15.908404318854254,15.926795959472656,178700,0.0,0.0
2022-08-30 00:00:00-04:00,15.871624169679292,15.963580626832531,15.595754798219577,15.678515434265137,300300,0.0,0.0
2022-08-31 00:00:00-04:00,15.678514767896921,15.715298050764268,15.099192094123904,15.126779556274414,483500,0.0,0.0
2022-09-01 00:00:00-04:00,14.933670924907883,15.135973720206227,14.823324583444593,15.07160472869873,368200,0.0,0.0
2022-09-02 00:00:00-04:00,15.301493133009961,15.301493133009961,14.685388123999887,14.814126968383789,215400,0.0,0.0
2022-09-06 00:00:00-04:00,14.795736201856661,14.850909369160393,14.133652055480118,14.179630279541016,273500,0.0,0.0
2022-09-07 00:00:00-04:00,14.253195837623153,14.575042546031593,14.078479629347708,14.492281913757324,271400,0.0,0.0
2022-09-08 00:00:00-04:00,14.253196255833943,14.299174483664467,13.866980545196341,14.244000434875488,279300,0.0,0.0
2022-09-09 00:00:00-04:00,14.464694232977392,14.666997900259805,14.28997802734375,14.28997802734375,229500,0.0,0.0
2022-09-12 00:00:00-04:00,14.455500207209418,14.694585417946946,14.299174755787703,14.547455787658691,276200,0.0,0.0
2022-09-13 00:00:00-04:00,14.225610099182937,14.354348088639014,13.93134995836523,14.13365364074707,359200,0.0,0.0
2022-09-14 00:00:00-04:00,14.161239381063222,14.207217607532996,13.84858937038456,14.115262031555176,280800,0.0,0.0
2022-09-15 00:00:00-04:00,14.142849428724647,14.446304513102909,14.050892970505025,14.152045249938965,405400,0.0,0.0
2022-09-16 00:00:00-04:00,13.866980792257998,14.0784802932619,13.701459519903793,14.05089282989502,861100,0.0,0.0
2022-09-19 00:00:00-04:00,13.922155415362546,14.777346644833033,13.922155415362546,14.758955001831055,377400,0.0,0.0
2022-09-20 00:00:00-04:00,14.61182705762128,14.639413646701128,14.2991761248435,14.43710994720459,252100,0.0,0.0
2022-09-21 00:00:00-04:00,14.639413833618164,15.080802772378815,14.556653188360075,14.639413833618164,303000,0.0,0.0
2022-09-22 00:00:00-04:00,14.575042973685862,14.584237917682565,14.244000434875488,14.244000434875488,197200,0.0,0.0
2022-09-23 00:00:00-04:00,14.050891736265672,14.13365236600123,13.87617553334971,14.087674140930176,347100,0.0,0.0
2022-09-26 00:00:00-04:00,13.995719382280795,14.446304084884773,13.830198113176579,13.885372161865234,734800,0.0,0.0
2022-09-27 00:00:00-04:00,14.096870807387212,14.409521704280674,14.014110172684617,14.244000434875488,425600,0.0,0.0
2022-09-28 00:00:00-04:00,14.391130765694268,15.071605764564936,14.253196952423277,14.933671951293945,484600,0.0,0.0
2022-09-29 00:00:00-04:00,14.611824730885694,14.64860713612234,14.05089195482469,14.28997802734375,314500,0.0,0.0
2022-09-30 00:00:00-04:00,14.308370590209961,14.657803023988214,14.124457675217062,14.308370590209961,406900,0.0,0.0
2022-10-03 00:00:00-04:00,14.538259506225586,14.731367347456876,14.28078179994274,14.538259506225586,472100,0.0,0.0
2022-10-04 00:00:00-04:00,14.93367099583844,15.310690879821777,14.93367099583844,15.310690879821777,273500,0.0,0.0
2022-10-05 00:00:00-04:00,15.098173078276155,15.43081392727346,15.061212200657945,15.412333488464355,269100,0.08,0.0
2022-10-06 00:00:00-04:00,15.282973254147413,15.615612325790785,15.227531940213877,15.486252784729004,200000,0.0,0.0
2022-10-07 00:00:00-04:00,15.310690560642938,15.458530524348072,14.894891323619017,14.93185043334961,328900,0.0,0.0
2022-10-10 00:00:00-04:00,15.005770701423398,15.153610667948444,14.756290978211313,14.802491188049316,253000,0.0,0.0
2022-10-11 00:00:00-04:00,14.654650060804636,15.01501063323267,14.451370551307923,14.93185043334961,384100,0.0,0.0
2022-10-12 00:00:00-04:00,14.968811572897687,15.162850867830526,14.73781052398684,15.005770683288574,175200,0.0,0.0
2022-10-13 00:00:00-04:00,14.654649785794053,15.495491105680154,14.4790900524877,15.282971382141113,257800,0.0,0.0
2022-10-14 00:00:00-04:00,15.301449864216195,15.412330714724074,14.44212988174762,14.460609436035156,256900,0.0,0.0
2022-10-17 00:00:00-04:00,14.73780999454391,15.107410778327976,14.73780999454391,14.96881103515625,222900,0.0,0.0
2022-10-18 00:00:00-04:00,15.17209592651573,15.532455739154916,15.005775470715498,15.3014554977417,242500,0.0,0.0
2022-10-19 00:00:00-04:00,15.107410982815122,15.264491163840272,14.802490838753519,14.94109058380127,429600,0.0,0.0
2022-10-20 00:00:00-04:00,14.904128464190313,14.97804843952054,14.183409145318398,14.238848686218262,373400,0.0,0.0
2022-10-21 00:00:00-04:00,14.506811816716146,15.218291946683859,14.39593183079374,14.950332641601562,861500,0.0,0.0
2022-10-24 00:00:00-04:00,15.227528922105291,15.458529063869236,15.005768997498851,15.40308952331543,289000,0.0,0.0
2022-10-25 00:00:00-04:00,15.52321229531415,15.708013155035923,15.329172978758738,15.541692733764648,253100,0.0,0.0
2022-10-26 00:00:00-04:00,16.632009113989525,17.796249963455725,15.939008734239962,17.417409896850586,1128100,0.0,0.0
2022-10-27 00:00:00-04:00,18.16585444132682,18.96973586208006,17.83321361034044,18.276735305786133,647500,0.0,0.0
2022-10-28 00:00:00-04:00,18.29521098803599,19.18225247141242,18.29521098803599,19.015932083129883,727400,0.0,0.0
2022-10-31 00:00:00-04:00,18.914298229014598,20.032340260495296,18.74797954355053,20.004619598388672,750800,0.0,0.0
2022-11-01 00:00:00-04:00,19.9306950044734,20.411175795966464,19.459454431554217,20.401935577392578,637400,0.0,0.0
2022-11-02 00:00:00-04:00,20.124735029533888,20.937854835700783,19.847533773819805,19.90297508239746,599600,0.0,0.0
2022-11-03 00:00:00-04:00,19.54261473665975,20.383455244893756,19.468694750080655,20.078535079956055,338300,0.0,0.0
2022-11-04 00:00:00-04:00,20.614452435641994,20.90089388421517,20.254092773594035,20.716093063354492,320600,0.0,0.0
2022-11-07 00:00:00-05:00,20.993294981330788,21.141134950309837,20.734575916813178,21.067214965820312,438400,0.0,0.0
2022-11-08 00:00:00-05:00,21.252017226754862,21.483017414002198,20.72533708181359,21.22429656982422,1072300,0.0,0.0
2022-11-09 00:00:00-05:00,20.891659291303963,21.288979929445663,20.429658877165558,21.039499282836914,516200,0.0,0.0
2022-11-10 00:00:00-05:00,21.714012126521798,22.24993235531903,21.547691751655222,22.240692138671875,447800,0.0,0.0
2022-11-11 00:00:00-05:00,22.44397837788443,22.97989872601879,22.194497760030973,22.434738159179688,641800,0.0,0.0
2022-11-14 00:00:00-05:00,22.12981709714235,22.822817610467585,22.083616005485805,22.62877655029297,592400,0.0,0.0
2022-11-15 00:00:00-05:00,22.97065570979516,23.506575992661592,22.69345446958689,22.93369483947754,853400,0.0,0.0
2022-11-16 00:00:00-05:00,22.795099247922188,22.93369901204759,22.102098664903544,22.49017906188965,493700,0.0,0.0
2022-11-17 00:00:00-05:00,22.231455558123223,22.887496948242188,22.139055138930093,22.887496948242188,403300,0.0,0.0
2022-11-18 00:00:00-05:00,23.3217774994995,23.829978942871094,22.730417614374783,23.829978942871094,569600,0.0,0.0
2022-11-21 00:00:00-05:00,23.69137797241865,23.69137797241865,22.57333794359963,22.73965835571289,536000,0.0,0.0
2022-11-22 00:00:00-05:00,23.164697898782677,23.811499111379323,22.97989881117758,23.349498748779297,436000,0.0,0.0
2022-11-23 00:00:00-05:00,23.47885688720183,23.728337491112885,23.331016920971145,23.70061683654785,327600,0.0,0.0
2022-11-25 00:00:00-05:00,23.756051405897185,23.9870515250322,23.672892984408342,23.72833251953125,111900,0.0,0.0
2022-11-28 00:00:00-05:00,23.395693037373036,23.996293026821395,23.27557374443982,23.478853225708008,450300,0.0,0.0
2022-11-29 00:00:00-05:00,23.534294678224292,23.598976200717306,23.247854985320377,23.275575637817383,554700,0.0,0.0
2022-11-30 00:00:00-05:00,23.284814892526384,23.386453756030228,22.76737330832538,23.16469383239746,683100,0.0,0.0
2022-12-01 00:00:00-05:00,23.183176690121797,23.83921631248332,23.0722958355187,23.737577438354492,471000,0.0,0.0
2022-12-02 00:00:00-05:00,23.497332636567418,24.218051887582327,23.1554516813593,24.014772415161133,351100,0.0,0.0
2022-12-05 00:00:00-05:00,23.36797836103734,23.534297005291076,22.952177344424364,23.441898345947266,414200,0.0,0.0
2022-12-06 00:00:00-05:00,23.469620543697673,23.87618139914835,23.16470034270759,23.598981857299805,629000,0.0,0.0
2022-12-07 00:00:00-05:00,23.3310155258024,23.460375047920838,22.69345460806338,22.71193504333496,470700,0.0,0.0
2022-12-08 00:00:00-05:00,22.896737855515056,23.3494979845574,22.63801702646595,22.81357765197754,640600,0.0,0.0
2022-12-09 00:00:00-05:00,22.647256335920513,22.878256500388417,21.91729497025406,22.07437515258789,520800,0.0,0.0
2022-12-12 00:00:00-05:00,22.259173899606775,23.044574737548828,21.806413831238114,23.044574737548828,621500,0.0,0.0
2022-12-13 00:00:00-05:00,23.61745551978721,23.987055417907644,22.194495471425718,22.268415451049805,578800,0.0,0.0
2022-12-14 00:00:00-05:00,22.296136887416235,22.859777897894155,21.991216716355883,22.092857360839844,675800,0.0,0.0
2022-12-15 00:00:00-05:00,21.852611283717486,21.861851500124583,21.279731965606114,21.362892150878906,454400,0.0,0.0
2022-12-16 00:00:00-05:00,21.02101467158324,21.61237452035705,20.947094690486516,21.38137435913086,1960200,0.0,0.0
2022-12-19 00:00:00-05:00,21.529214723694697,22.092855691586006,21.45529474121644,21.54769515991211,400100,0.0,0.0
2022-12-20 00:00:00-05:00,21.612375060118424,21.797175898671256,21.298214692013453,21.52921485900879,396500,0.0,0.0
2022-12-21 00:00:00-05:00,21.834129988701264,22.28689176281462,21.732491137018943,22.08361053466797,558600,0.0,0.0
2022-12-22 00:00:00-05:00,21.750975889822634,21.750975889822634,21.168854500264906,21.39985466003418,421900,0.0,0.0
2022-12-23 00:00:00-05:00,21.344417210782236,21.704776931437664,21.288977660464063,21.483016967773438,251200,0.0,0.0
2022-12-27 00:00:00-05:00,21.492254327772862,21.861854218051025,21.307453501438136,21.593894958496094,484600,0.0,0.0
2022-12-28 00:00:00-05:00,21.68629674737783,21.741738060735635,21.141136169433594,21.141136169433594,418600,0.0,0.0
2022-12-29 00:00:00-05:00,21.28897462066412,21.427574357865005,20.826974321733644,20.882413864135742,344600,0.0,0.0
2022-12-30 00:00:00-05:00,20.71609347453817,21.02101360133663,20.438894000136393,20.882413864135742,415400,0.0,0.0
2023-01-03 00:00:00-05:00,21.49225432080088,21.593894951491137,20.826974518516,21.372133255004883,507600,0.0,0.0
2023-01-04 00:00:00-05:00,21.48340091851113,21.85428361785689,21.307230973131315,21.50194549560547,341800,0.08,0.0
2023-01-05 00:00:00-05:00,21.362866147647736,21.39068124666017,20.927077399030747,21.093975067138672,277200,0.0,0.0
2023-01-06 00:00:00-05:00,21.90064423054733,22.27152691583645,21.752289387923536,22.030452728271484,401900,0.0,0.0
2023-01-09 00:00:00-05:00,22.150991491871498,22.68877188967535,22.067542656996043,22.28080177307129,401500,0.0,0.0
2023-01-10 00:00:00-05:00,22.707315148283456,23.968318118872737,22.558962065685687,23.87559700012207,759200,0.0,0.0
2023-01-11 00:00:00-05:00,23.819965209978143,23.986862871244767,23.48616988744489,23.717971801757812,665700,0.0,0.0
2023-01-12 00:00:00-05:00,23.903413772583008,24.339200729941858,23.653067283490202,23.903413772583008,421500,0.0,0.0
2023-01-13 00:00:00-05:00,23.80141897433948,23.866323222864427,23.078196415401237,23.532527923583984,363800,0.0,0.0
2023-01-17 00:00:00-05:00,23.72724351575543,24.07030935026311,23.050382366800736,23.33781623840332,462800,0.0,0.0
2023-01-18 00:00:00-05:00,23.56034835029847,23.792150283511567,22.86494255065918,22.86494255065918,304400,0.0,0.0
2023-01-19 00:00:00-05:00,22.9298479540233,23.217283638886986,22.62386945764299,23.004024505615234,329000,0.0,0.0
2023-01-20 00:00:00-05:00,23.170920994557367,23.402722927398287,22.781493676644285,23.226552963256836,464700,0.0,0.0
2023-01-23 00:00:00-05:00,23.272914280005526,24.589549321875403,23.272914280005526,23.61598014831543,1155700,0.0,0.0
2023-01-24 00:00:00-05:00,23.90341462910956,24.57100352210373,23.458353598605147,23.83850860595703,366700,0.0,0.0
2023-01-25 00:00:00-05:00,23.523257312107518,23.625248944316475,22.96693240498144,23.560344696044922,414100,0.0,0.0
2023-01-26 00:00:00-05:00,23.745788171723134,24.014677467080592,22.837123342546207,23.2080078125,490300,0.0,0.0
2023-01-27 00:00:00-05:00,23.291458225112308,23.50471557188061,23.031839432193287,23.263641357421875,251500,0.0,0.0
2023-01-30 00:00:00-05:00,22.966930351150207,23.690151074082358,22.966930351150207,23.35635757446289,467600,0.0,0.0
2023-01-31 00:00:00-05:00,23.38418125775612,23.89414663456036,23.15237929607472,23.88487434387207,744300,0.0,0.0
2023-02-01 00:00:00-05:00,23.801419707834103,24.64517850167699,23.41199243617522,24.274295806884766,964500,0.0,0.0
2023-02-02 00:00:00-05:00,25.034607657874673,27.352626885455663,24.66372493516338,27.22281837463379,1352900,0.0,0.0
2023-02-03 00:00:00-05:00,27.380442099570587,27.417529485348155,26.239975364397793,27.03737449645996,996800,0.0,0.0
2023-02-06 00:00:00-05:00,27.037373668913133,27.908949314361884,26.629401826797608,27.82550048828125,785200,0.0,0.0
2023-02-07 00:00:00-05:00,27.71423428202376,27.76986801071518,26.4903205469426,26.79629898071289,701200,0.0,0.0
2023-02-08 00:00:00-05:00,26.638675626416124,26.833390154487343,25.720740255958745,26.045263290405273,511000,0.0,0.0
2023-02-09 00:00:00-05:00,26.35124282163448,26.490323622494184,25.266409745315464,25.461122512817383,466300,0.0,0.0
2023-02-10 00:00:00-05:00,25.30349502071607,25.628016250106807,25.090235939034645,25.488935470581055,353200,0.0,0.0
2023-02-13 00:00:00-05:00,25.38694314307849,25.989629493925698,25.26640693401393,25.91545295715332,497600,0.0,0.0
2023-02-14 00:00:00-05:00,25.822736121936373,26.27706770599669,25.247866540334655,26.063810348510742,716000,0.0,0.0
2023-02-15 00:00:00-05:00,25.869089845658408,26.601584646423778,25.637287962151596,26.481046676635742,401700,0.0,0.0
2023-02-16 00:00:00-05:00,26.04526074682284,26.768483287087278,25.869090813583792,26.675762176513672,415100,0.0,0.0
2023-02-17 00:00:00-05:00,26.787026912477348,26.83338835343409,26.082348926508224,26.147254943847656,449400,0.0,0.0
2023-02-21 00:00:00-05:00,25.79491395992557,26.017443561446257,25.229316784076282,25.359127044677734,575800,0.0,0.0
2023-02-22 00:00:00-05:00,25.312767850246427,25.73001199541317,25.23859130982881,25.405488967895508,934400,0.0,0.0
2023-02-23 00:00:00-05:00,25.60020333410241,25.767100991140953,24.923340417389618,24.941884994506836,503400,0.0,0.0
2023-02-24 00:00:00-05:00,24.59881715299452,24.654449111298124,23.773601223702094,24.34847068786621,690800,0.0,0.0
2023-02-27 00:00:00-05:00,24.50609588623047,24.78425744447162,24.329925956140112,24.50609588623047,349300,0.0,0.0
2023-02-28 00:00:00-05:00,24.39483249938781,25.507482374160315,24.39483249938781,25.405488967895508,810700,0.0,0.0
2023-03-01 00:00:00-05:00,25.507480046119973,25.683649976723558,25.19222933599063,25.488935470581055,539900,0.0,0.0
2023-03-02 00:00:00-05:00,25.24786039610869,26.527407766655312,25.006786228201236,26.4346866607666,589600,0.0,0.0
2023-03-03 00:00:00-05:00,26.64794459049387,26.70357654792689,25.776369004339042,25.80418586730957,418500,0.0,0.0
2023-03-06 00:00:00-05:00,25.776368956427287,25.83200268226494,24.988243960648973,25.18295669555664,465400,0.0,0.0
2023-03-07 00:00:00-05:00,25.164415165285966,25.61874670355474,25.0438789484017,25.5816593170166,393800,0.0,0.0
2023-03-08 00:00:00-05:00,25.674375972545686,25.776367594175163,24.839889582671,25.201499938964844,555500,0.0,0.0
2023-03-09 00:00:00-05:00,25.25713498248724,25.43330492286022,24.914069158533085,25.080965042114258,478100,0.0,0.0
2023-03-10 00:00:00-05:00,24.997517310324902,24.997517310324902,23.819964942885406,23.903413772583008,626600,0.0,0.0
2023-03-13 00:00:00-04:00,22.976203820216625,23.337814200282182,22.623863959402136,22.744401931762695,743200,0.0,0.0
2023-03-14 00:00:00-04:00,23.38417715519392,23.792149031360267,23.068926401134693,23.347089767456055,548800,0.0,0.0
2023-03-15 00:00:00-04:00,22.57750594652603,22.957660930016957,22.048997885014654,22.410608291625977,770200,0.0,0.0
2023-03-16 00:00:00-04:00,22.169533209199766,23.152372753821812,21.956275889155876,22.707313537597656,584400,0.0,0.0
2023-03-17 00:00:00-04:00,22.438426898852263,22.438426898852263,21.066158167870874,21.353593826293945,1733800,0.0,0.0
2023-03-20 00:00:00-04:00,21.78937912566945,22.716586748038363,21.631753759126408,22.150989532470703,548100,0.0,0.0
2023-03-21 00:00:00-04:00,22.70731428713046,23.411992286999748,22.69804199875621,22.92984390258789,415200,0.0,0.0
2023-03-22 00:00:00-04:00,23.14310346143957,23.421266833966737,22.382793426513672,22.382793426513672,485400,0.0,0.0
2023-03-23 00:00:00-04:00,22.419879404941383,22.6238644344007,21.798650260101528,22.01190757751465,386700,0.0,0.0
2023-03-24 00:00:00-04:00,21.659572158141128,22.150991100948023,21.149606868623458,22.104631423950195,358500,0.0,0.0
2023-03-27 00:00:00-04:00,22.3271625991186,22.61459650707811,22.215896890726423,22.419883728027344,619500,0.0,0.0
2023-03-28 00:00:00-04:00,22.38278890315293,22.79076070597366,22.38278890315293,22.7814884185791,376600,0.0,0.0
2023-03-29 00:00:00-04:00,23.059655679990538,23.170919610744576,22.577507264034256,22.651683807373047,365300,0.0,0.0
2023-03-30 00:00:00-04:00,22.70731520415829,22.70731520415829,22.086086006060913,22.271528244018555,281400,0.0,0.0
2023-03-31 00:00:00-04:00,22.48478474496523,22.892756592221115,22.40133591783316,22.80003547668457,535400,0.0,0.0
2023-04-03 00:00:00-04:00,22.753674655742106,23.00401935600569,22.169532895274855,22.7629451751709,612300,0.0,0.0
2023-04-04 00:00:00-04:00,22.90202888759743,22.90202888759743,21.353592093742762,21.55757713317871,470900,0.0,0.0
2023-04-05 00:00:00-04:00,21.408715419324984,21.408715419324984,20.64578017656953,20.915597915649414,793900,0.08,0.0
2023-04-06 00:00:00-04:00,20.906291005100517,20.92489961226652,20.022403460088874,20.031707763671875,1201700,0.0,0.0
2023-04-10 00:00:00-04:00,20.078225835630153,20.6364715818398,20.02240179339348,20.54343032836914,1697900,0.0,0.0
2023-04-11 00:00:00-04:00,20.5434300193827,20.99933020245616,20.496910280654212,20.748119354248047,718000,0.0,0.0
2023-04-12 00:00:00-04:00,20.980719838222537,21.306363305864824,20.915591499616905,21.269147872924805,638900,0.0,0.0
2023-04-13 00:00:00-04:00,21.33428060034825,21.33428060034825,20.64577809048719,20.79464340209961,441600,0.0,0.0
2023-04-14 00:00:00-04:00,20.77603637087789,21.101679930218722,20.441088507028503,20.673690795898438,472800,0.0,0.0
2023-04-17 00:00:00-04:00,20.97142322696422,21.306369316368848,20.906293095371318,20.934206008911133,342600,0.0,0.0
2023-04-18 00:00:00-04:00,21.07376477741664,21.25054299506561,20.84116251326278,21.138893127441406,397800,0.0,0.0
2023-04-19 00:00:00-04:00,21.10167497265664,21.445925285522847,21.07376206568875,21.3621883392334,351600,0.0,0.0
2023-04-20 00:00:00-04:00,21.09237418285718,21.55757872877409,20.906291654644615,21.371496200561523,450100,0.0,0.0
2023-04-21 00:00:00-04:00,21.24123565752198,21.3901009433479,20.748118289089764,20.98072052001953,378800,0.0,0.0
2023-04-24 00:00:00-04:00,20.990029209701643,21.32497706013033,20.710907184087443,20.831859588623047,653200,0.0,0.0
2023-04-25 00:00:00-04:00,20.617866001027974,20.78533992692206,20.10614169378678,20.636474609375,786400,0.0,0.0
2023-04-26 00:00:00-04:00,23.86498765636566,24.376713610265078,22.432158889598366,22.581024169921875,2033800,0.0,0.0
2023-04-27 00:00:00-04:00,22.888058172758907,24.590706305296298,22.59032762329441,24.181325912475586,1154200,0.0,0.0
2023-04-28 00:00:00-04:00,24.078983359495297,24.655837701647133,23.799861378378964,23.88359832763672,960800,0.0,0.0
2023-05-01 00:00:00-04:00,24.051076557136586,24.8791401215605,23.902211237119133,23.93012237548828,924200,0.0,0.0
2023-05-02 00:00:00-04:00,24.01385441570608,24.31158499469037,23.12996698117326,23.706819534301758,644000,0.0,0.0
2023-05-03 00:00:00-04:00,23.65099599921325,24.311585513607778,22.62754578114911,22.71128273010254,784800,0.0,0.0
2023-05-04 00:00:00-04:00,22.497291860316594,22.543811604516243,21.585491386933306,21.706443786621094,701700,0.0,0.0
2023-05-05 00:00:00-04:00,22.05999573218117,22.478680476729462,22.05999573218117,22.255382537841797,553200,0.0,0.0
2023-05-08 00:00:00-04:00,22.432158889598366,22.70197654470443,21.95765014308689,22.581024169921875,418100,0.0,0.0
2023-05-09 00:00:00-04:00,22.55311395214966,22.962494409134308,22.357728913920326,22.943885803222656,515900,0.0,0.0
2023-05-10 00:00:00-04:00,23.418396062572057,23.49282871623297,22.12512803973328,22.506595611572266,364400,0.0,0.0
2023-05-11 00:00:00-04:00,22.19025849509362,22.590334711957468,21.994871651562956,22.562421798706055,424100,0.0,0.0
2023-05-12 00:00:00-04:00,22.59963907659957,22.869456806957132,22.087912979981002,22.432165145874023,412900,0.0,0.0
2023-05-15 00:00:00-04:00,22.47868020165879,22.78571508569894,22.208862527618294,22.329814910888672,379500,0.0,0.0
2023-05-16 00:00:00-04:00,22.264690089404834,22.320514138619245,22.04139211793267,22.0786075592041,362200,0.0,0.0
2023-05-17 00:00:00-04:00,22.26469087287005,22.776415187007185,22.26469087287005,22.63685417175293,378300,0.0,0.0
2023-05-18 00:00:00-04:00,22.61824147301345,23.28813706447748,22.3763349288308,23.232311248779297,408500,0.0,0.0
2023-05-19 00:00:00-04:00,23.632384998861454,23.799858879795032,22.850841404247493,23.64168930053711,640400,0.0,0.0
2023-05-22 00:00:00-04:00,23.651001589053404,23.66030589387108,22.934586089624517,23.17649269104004,419000,0.0,0.0
2023-05-23 00:00:00-04:00,23.08344729331598,23.24161689772802,22.66476429901191,22.990406036376953,362400,0.0,0.0
2023-05-24 00:00:00-04:00,22.739196694819537,22.739196694819537,22.04138993751816,22.153038024902344,655300,0.0,0.0
2023-05-25 00:00:00-04:00,22.05999656732877,22.57172258277342,21.98556391821501,22.4228572845459,406500,0.0,0.0
2023-05-26 00:00:00-04:00,22.543809654094666,22.711283558107265,22.18095071181026,22.487985610961914,358600,0.0,0.0
2023-05-30 00:00:00-04:00,22.49729068417496,22.720588638965516,22.190255774511144,22.460073471069336,395400,0.0,0.0
2023-05-31 00:00:00-04:00,22.39494690568726,22.39494690568726,21.352889700369587,21.81809425354004,665800,0.0,0.0
2023-06-01 00:00:00-04:00,21.827395066538205,22.757804099716086,21.78087532472507,22.39494514465332,509100,0.0,0.0
2023-06-02 00:00:00-04:00,22.878760695152714,23.72543286320376,22.86945639088006,23.678913116455078,547700,0.0,0.0
2023-06-05 00:00:00-04:00,23.539344045116092,23.54864834690574,23.0462284725636,23.437000274658203,530000,0.0,0.0
2023-06-06 00:00:00-04:00,23.37187520635899,24.581406214394903,23.26952964696933,24.367412567138672,577300,0.0,0.0
2023-06-07 00:00:00-04:00,24.534886653187968,25.279213159795997,24.376717048706965,25.0093936920166,787900,0.0,0.0
2023-06-08 00:00:00-04:00,24.96287697005937,25.1954792533341,24.6093222803122,24.77679443359375,582100,0.0,0.0
2023-06-09 00:00:00-04:00,24.832619770944277,24.97218078324159,24.59071318814214,24.730274200439453,553100,0.0,0.0
2023-06-12 00:00:00-04:00,24.869830878348758,25.158258931391604,24.339498059278206,24.68375015258789,658400,0.0,0.0
2023-06-13 00:00:00-04:00,24.74887689898842,25.62346175495638,24.73026829522835,25.065216064453125,843800,0.0,0.0
2023-06-14 00:00:00-04:00,25.232694625854492,25.57694498615074,25.03730779938775,25.232694625854492,865500,0.0,0.0
2023-06-15 00:00:00-04:00,25.037309104094067,25.716507331089815,24.76749138395947,25.12104606628418,706000,0.0,0.0
2023-06-16 00:00:00-04:00,25.335033092082718,25.530419877488647,24.776787415426735,24.95356559753418,1956800,0.0,0.0
2023-06-20 00:00:00-04:00,24.832616473658835,25.34434070900688,24.609318528709814,25.102434158325195,524400,0.0,0.0
2023-06-21 00:00:00-04:00,24.981485822205016,25.735116730471155,24.795403283925044,25.679292678833008,533600,0.0,0.0
2023-06-22 00:00:00-04:00,25.66998483813032,25.83745874458797,25.474598022391604,25.604856491088867,480400,0.0,0.0
2023-06-23 00:00:00-04:00,25.241995133163503,25.297820950319633,24.49766865055825,24.71166229248047,1056000,0.0,0.0
2023-06-26 00:00:00-04:00,24.637228011369046,24.90704745256491,24.032462562506776,24.051071166992188,723500,0.0,0.0
2023-06-27 00:00:00-04:00,24.05106999586199,24.17202236989917,23.418391671078908,23.437000274658203,770000,0.0,0.0
2023-06-28 00:00:00-04:00,23.29744120977679,23.52073914721888,22.841539257724815,23.37187385559082,543200,0.0,0.0
2023-06-29 00:00:00-04:00,23.464911371165268,24.33949621736034,23.241613452381994,23.63238525390625,593600,0.0,0.0
2023-06-30 00:00:00-04:00,24.013851948709945,24.144110394594506,23.799858338875804,23.855682373046875,601100,0.0,0.0
2023-07-03 00:00:00-04:00,23.678909770081283,24.246458053588867,23.678909770081283,24.246458053588867,346700,0.0,0.0
2023-07-05 00:00:00-04:00,22.22125186589556,22.594561083408873,21.203983135622558,21.83860969543457,2138900,0.08,0.0
2023-07-06 00:00:00-04:00,21.698618085708894,22.081260240728003,21.455966659097975,21.922603607177734,820800,0.0,0.0
2023-07-07 00:00:00-04:00,21.894605320992238,22.323912250072986,21.829276431368342,22.193254470825195,433600,0.0,0.0
2023-07-10 00:00:00-04:00,22.155926278779656,22.79055293321423,22.13726037010122,22.426576614379883,483800,0.0,0.0
2023-07-11 00:00:00-04:00,22.398577937192865,22.67855944937616,22.17459237143042,22.24925422668457,339800,0.0,0.0
2023-07-12 00:00:00-04:00,22.63189301438961,22.67855599929499,22.23058493591979,22.351911544799805,365200,0.0,0.0
2023-07-13 00:00:00-04:00,22.398575718709868,22.631894215779763,22.267917929975965,22.3145809173584,535700,0.0,0.0
2023-07-14 00:00:00-04:00,22.342577873160675,22.389240856565152,21.782613171913386,22.370574951171875,318700,0.0,0.0
2023-07-17 00:00:00-04:00,22.239918866870998,23.11719690628299,22.137258159470353,22.893211364746094,496900,0.0,0.0
2023-07-18 00:00:00-04:00,22.949208147932485,23.537169993550204,22.818550355590528,23.210525512695312,297900,0.0,0.0
2023-07-19 00:00:00-04:00,23.07986782528712,23.52783896140025,22.93987706776165,23.322519302368164,462000,0.0,0.0
2023-07-20 00:00:00-04:00,23.51850677317435,23.5278379472053,23.070533876292558,23.12653160095215,252700,0.0,0.0
2023-07-21 00:00:00-04:00,23.275857406667804,23.331853356300766,22.846550379270717,23.061203002929688,508700,0.0,0.0
2023-07-24 00:00:00-04:00,23.11719943324988,23.331852044843473,22.865215003946602,22.874547958374023,408900,0.0,0.0
2023-07-25 00:00:00-04:00,22.771885756612615,23.12653088144037,22.538567251360274,23.08919906616211,623000,0.0,0.0
2023-07-26 00:00:00-04:00,22.75321847888206,23.275853180833536,21.819944514070055,21.987934112548828,712800,0.0,0.0
2023-07-27 00:00:00-04:00,21.978601075619796,22.230585472378664,20.51336124125565,20.793344497680664,876200,0.0,0.0
2023-07-28 00:00:00-04:00,21.091991957497733,21.903939309914183,21.02666306478363,21.87594223022461,709100,0.0,0.0
2023-07-31 00:00:00-04:00,21.88527531626475,22.30524753486585,21.735951623418295,22.09992790222168,636200,0.0,0.0
2023-08-01 00:00:00-04:00,21.866604194179573,22.25857923943026,21.70794758586195,22.20258331298828,667700,0.0,0.0
2023-08-02 00:00:00-04:00,21.69862097641407,22.109262043852176,21.577296136984977,22.062597274780273,830400,0.0,0.0
2023-08-03 00:00:00-04:00,21.80128151593846,22.31458151111889,21.661288989908417,22.295915603637695,558100,0.0,0.0
2023-08-04 00:00:00-04:00,22.370577874701212,22.407909690366523,21.9039408593585,22.398576736450195,604500,0.0,0.0
2023-08-07 00:00:00-04:00,22.407907763524886,22.911874771118164,22.407907763524886,22.911874771118164,612100,0.0,0.0
2023-08-08 00:00:00-04:00,22.70655684903869,22.809217560925624,21.922606529361385,22.006601333618164,665900,0.0,0.0
2023-08-09 00:00:00-04:00,21.997267911473187,22.342580074963553,21.91327310900469,22.305248260498047,429400,0.0,0.0
2023-08-10 00:00:00-04:00,22.32391441599785,22.687890710689906,22.18392367035313,22.64122772216797,353200,0.0,0.0
2023-08-11 00:00:00-04:00,22.58523469320913,22.790554361300437,22.473241014199875,22.66922950744629,412200,0.0,0.0
2023-08-14 00:00:00-04:00,22.557234026869036,22.64122883439782,20.961334463901164,21.241317749023438,605100,0.0,0.0
2023-08-15 00:00:00-04:00,21.045330666105805,21.19465438270178,20.774682097305266,20.85867691040039,335000,0.0,0.0
2023-08-16 00:00:00-04:00,20.821344386905302,21.36264328627542,20.672020675360375,20.709352493286133,289700,0.0,0.0
2023-08-17 00:00:00-04:00,20.644021564087865,20.970666038455985,20.54136085495567,20.59735679626465,309000,0.0,0.0
2023-08-18 00:00:00-04:00,20.32670579754261,20.74667797653496,20.121384404184038,20.61602020263672,316100,0.0,0.0
2023-08-21 00:00:00-04:00,20.58802515857635,20.81201071820711,20.504030351204943,20.560028076171875,223000,0.0,0.0
2023-08-22 00:00:00-04:00,20.718681190604467,20.85867191890341,20.522692746922996,20.550691604614258,272600,0.0,0.0
2023-08-23 00:00:00-04:00,20.578688544829454,20.877337684639556,20.522692609899483,20.84000587463379,290100,0.0,0.0
2023-08-24 00:00:00-04:00,20.681351004444128,21.026663156105467,20.578690298259627,20.67201805114746,365200,0.0,0.0
2023-08-25 00:00:00-04:00,20.83067734138674,20.9520039695664,20.61602472855079,20.709352493286133,241700,0.0,0.0
2023-08-28 00:00:00-04:00,20.840010993291433,21.157324335963242,20.840010993291433,20.9146728515625,220400,0.0,0.0
2023-08-29 00:00:00-04:00,20.85867104492565,21.045324748143894,20.700014418146903,21.035993576049805,189400,0.0,0.0
2023-08-30 00:00:00-04:00,20.989330884212745,21.23198232438662,20.868006054165203,20.970664978027344,251700,0.0,0.0
2023-08-31 00:00:00-04:00,21.026660201669497,21.1946479971692,20.886667701968545,21.045324325561523,367200,0.0,0.0
2023-09-01 00:00:00-04:00,21.269313371233352,21.65195553386813,21.25064746571977,21.567960739135742,428700,0.0,0.0
2023-09-05 00:00:00-04:00,21.353310946098915,21.353310946098915,20.53203050897473,20.69068717956543,443800,0.0,0.0
2023-09-06 00:00:00-04:00,20.73734677834837,21.194650805755863,20.71868265198309,20.793344497680664,272900,0.0,0.0
2023-09-07 00:00:00-04:00,20.634691933471856,20.70002083886585,20.000065229508774,20.270713806152344,382100,0.0,0.0
2023-09-08 00:00:00-04:00,20.308042701332635,20.308042701332635,19.841405695640468,20.018728256225586,351200,0.0,0.0
2023-09-11 00:00:00-04:00,20.224045828379293,20.326706528751572,19.785407728742808,19.850736618041992,313600,0.0,0.0
2023-09-12 00:00:00-04:00,19.757410642537277,20.158718747173882,19.70141470098393,19.794740676879883,301200,0.0,0.0
2023-09-13 00:00:00-04:00,19.86007002932586,19.925398920133315,19.542756748193565,19.720077514648438,303100,0.0,0.0
2023-09-14 00:00:00-04:00,19.934735438976297,20.438702529695167,19.738746951417394,20.354707717895508,294400,0.0,0.0
2023-09-15 00:00:00-04:00,20.29871188998532,20.466701514577164,20.009397414343308,20.41070556640625,1952900,0.0,0.0
2023-09-18 00:00:00-04:00,20.448030769966625,20.95199952457241,20.448030769966625,20.84000587463379,368500,0.0,0.0
2023-09-19 00:00:00-04:00,21.23198188412181,21.241314837020983,20.79334377833314,20.812007904052734,303200,0.0,0.0
2023-09-20 00:00:00-04:00,20.924003050711647,21.306645246467625,20.588023842700007,20.59735679626465,235200,0.0,0.0
2023-09-21 00:00:00-04:00,20.597356043936305,21.18531963648102,20.410702319697695,20.905336380004883,446700,0.0,0.0
2023-09-22 00:00:00-04:00,20.97066729936978,21.269316491158758,20.97066729936978,21.129323959350586,280900,0.0,0.0
2023-09-25 00:00:00-04:00,20.924003599458814,21.269315770091158,20.737348083428532,20.979999542236328,358100,0.0,0.0
2023-09-26 00:00:00-04:00,20.8866706367343,21.035996109402134,20.578690298259627,20.67201805114746,377100,0.0,0.0
2023-09-27 00:00:00-04:00,20.037392433414954,20.44803349786719,18.74947507773697,19.673416137695312,1295200,0.0,0.0
2023-09-28 00:00:00-04:00,19.61741598403587,20.14938177283823,19.328099820237878,19.97205924987793,798300,0.0,0.0
2023-09-29 00:00:00-04:00,20.168050790690707,20.214713776533006,19.486759448873027,19.71074676513672,553200,0.0,0.0
2023-10-02 00:00:00-04:00,19.598754585784434,19.95339793314961,19.49609387309078,19.60808753967285,499000,0.0,0.0
2023-10-03 00:00:00-04:00,19.486759906966576,19.65474950807403,19.253441412112632,19.524091720581055,364800,0.0,0.0
2023-10-04 00:00:00-04:00,19.467880538344033,20.23610265445665,19.42103663680538,20.020626068115234,321800,0.08,0.0
2023-10-05 00:00:00-04:00,20.020627788558915,20.357894974059136,19.926941764342963,20.179893493652344,365000,0.0,0.0
2023-10-06 00:00:00-04:00,20.05810457855503,20.395373609019227,19.89883884604834,20.151790618896484,331400,0.0,0.0
2023-10-09 00:00:00-04:00,20.067468633032842,20.592107833653156,20.067468633032842,20.423473358154297,217600,0.0,0.0
2023-10-10 00:00:00-04:00,20.67642396179625,20.742003634990414,20.442209822153043,20.49842071533203,324000,0.0,0.0
2023-10-11 00:00:00-04:00,20.489057452740674,20.882537350459955,20.489057452740674,20.66705894470215,269900,0.0,0.0
2023-10-12 00:00:00-04:00,20.685795176421887,20.779481200687943,20.292315304034286,20.71390151977539,396000,0.0,0.0
2023-10-13 00:00:00-04:00,20.873168035226737,20.929378937203502,20.264209747314453,20.264209747314453,483500,0.0,0.0
2023-10-16 00:00:00-04:00,20.48905650938237,20.826323701247276,20.367264139529563,20.395370483398438,298300,0.0,0.0
2023-10-17 00:00:00-04:00,20.33915847750469,20.760744715109357,20.33915847750469,20.46095085144043,309300,0.0,0.0
2023-10-18 00:00:00-04:00,20.367261293815247,20.404736413737723,19.955043909228365,19.964412689208984,319500,0.0,0.0
2023-10-19 00:00:00-04:00,19.861361151853668,20.020626849476624,19.093137218846817,19.214929580688477,418400,0.0,0.0
2023-10-20 00:00:00-04:00,19.214929227671583,19.711463872764856,19.15871833157625,19.53346061706543,542700,0.0,0.0
2023-10-23 00:00:00-04:00,19.458516033821017,19.655255102778113,19.16808914119979,19.186826705932617,502500,0.0,0.0
2023-10-24 00:00:00-04:00,19.477252046862237,19.552200512910108,19.177456395758377,19.392934799194336,414000,0.0,0.0
2023-10-25 00:00:00-04:00,19.655253384349635,19.748939412910413,19.149351689181213,19.205562591552734,948400,0.0,0.0
2023-10-26 00:00:00-04:00,19.20555982138198,20.048730382987056,19.20555982138198,19.655250549316406,715600,0.0,0.0
2023-10-27 00:00:00-04:00,19.711465406595728,20.123681059253954,19.317985529485743,19.32735252380371,605400,0.0,0.0
2023-10-30 00:00:00-04:00,19.65524915283321,19.833252390085704,19.233664795439818,19.524089813232422,1026100,0.0,0.0
2023-10-31 00:00:00-04:00,19.495987707659378,19.86136304102591,19.280511092412684,19.38356590270996,476100,0.0,0.0
2023-11-01 00:00:00-04:00,19.299247794070272,20.104943316618044,19.149350869553835,20.011259078979492,611200,0.0,0.0
2023-11-02 00:00:00-04:00,20.18925916027909,20.292313958831347,19.7208308569138,19.88946533203125,345500,0.0,0.0
2023-11-03 00:00:00-04:00,20.28294430349959,20.564002345543592,20.21736462976295,20.339155197143555,355900,0.0,0.0
2023-11-06 00:00:00-05:00,20.292313307346234,20.301682087542215,19.617777215444594,19.655250549316406,445900,0.0,0.0
2023-11-07 00:00:00-05:00,19.43040767752559,19.50535614179434,19.214931066116968,19.355459213256836,367500,0.0,0.0
2023-11-08 00:00:00-05:00,19.33671779644959,19.645880373302873,19.308613244770555,19.524089813232422,323200,0.0,0.0
2023-11-09 00:00:00-05:00,19.711464940572817,19.833255519862366,19.252403605704142,19.28050994873047,484200,0.0,0.0
2023-11-10 00:00:00-05:00,19.37419554072999,19.82388629766968,19.299247081240043,19.767675399780273,335200,0.0,0.0
2023-11-13 00:00:00-05:00,19.683355476033448,20.13304617166624,19.673986696510436,20.048728942871094,275300,0.0,0.0
2023-11-14 00:00:00-05:00,20.460948812343233,20.92000834370137,20.40473791523527,20.807584762573242,389500,0.0,0.0
2023-11-15 00:00:00-05:00,20.751371237516043,21.126113482298855,20.376628992733227,20.385997772216797,409500,0.0,0.0
2023-11-16 00:00:00-05:00,20.386000637300405,20.432842754389537,19.645883036288968,19.767675399780273,288100,0.0,0.0
2023-11-17 00:00:00-05:00,20.011260785273787,20.20799984538479,19.90820597078948,20.1705265045166,322000,0.0,0.0
2023-11-20 00:00:00-05:00,20.301679963012507,20.489051973499805,20.170520627818554,20.32978630065918,329100,0.0,0.0
2023-11-21 00:00:00-05:00,20.179893719016786,20.386001545063813,20.07683891253712,20.207998275756836,248000,0.0,0.0
2023-11-22 00:00:00-05:00,20.22673381276172,20.37663072340622,20.15178535743947,20.198627471923828,185700,0.0,0.0
2023-11-24 00:00:00-05:00,20.161157295613084,20.489057509099837,20.161157295613084,20.311054229736328,109800,0.0,0.0
2023-11-27 00:00:00-05:00,20.282945228650625,20.535896941954302,20.226734332442756,20.414106369018555,288100,0.0,0.0
2023-11-28 00:00:00-05:00,20.41410514185008,20.592106600293363,20.114309543968208,20.133047103881836,350400,0.0,0.0
2023-11-29 00:00:00-05:00,20.357896203320912,20.423475888158258,20.020628997455635,20.123682022094727,391700,0.0,0.0
2023-11-30 00:00:00-05:00,20.273577698614428,20.573371546097395,19.983152632229345,20.535898208618164,388400,0.0,0.0
2023-12-01 00:00:00-05:00,20.535897995131783,21.079274784773908,20.451580753039707,21.05116844177246,359500,0.0,0.0
2023-12-04 00:00:00-05:00,20.92000797804218,22.016130280505536,20.891901636523365,21.81939125061035,498800,0.0,0.0
2023-12-05 00:00:00-05:00,21.73507445284908,22.66256229879476,21.73507445284908,22.222238540649414,540200,0.0,0.0
2023-12-06 00:00:00-05:00,22.372135162353516,22.896776152917436,22.34403060754943,22.372135162353516,431300,0.0,0.0
2023-12-07 00:00:00-05:00,22.428347039565786,23.149725248563847,22.315923463654126,22.999828338623047,434400,0.0,0.0
2023-12-08 00:00:00-05:00,23.046674081676244,23.51510240940579,23.046674081676244,23.16846466064453,530300,0.0,0.0
2023-12-11 00:00:00-05:00,23.215308200406156,23.646261397420897,23.00919859582325,23.486995697021484,534300,0.0,0.0
2023-12-12 00:00:00-05:00,23.430787784853347,23.674370756912197,23.224679940916992,23.234046936035156,695400,0.0,0.0
2023-12-13 00:00:00-05:00,23.187201930623758,24.31143061778253,23.084147128009068,24.199007034301758,969800,0.0,0.0
2023-12-14 00:00:00-05:00,24.555015240946947,25.73545499312226,24.555015240946947,25.594926834106445,852800,0.0,0.0
2023-12-15 00:00:00-05:00,25.61365972129915,26.15703648067273,25.18270475384443,25.332603454589844,4734300,0.0,0.0
2023-12-18 00:00:00-05:00,25.370077717618322,25.370077717618322,24.152164801444396,24.189638137817383,713200,0.0,0.0
2023-12-19 00:00:00-05:00,24.45196103376858,25.032811206253168,24.423854688553234,24.94849395751953,575500,0.0,0.0
2023-12-20 00:00:00-05:00,24.948489612960657,25.042175627118148,24.273953527468485,24.367639541625977,619500,0.0,0.0
2023-12-21 00:00:00-05:00,24.508170932469675,24.63933029760571,23.824265975814164,24.311431884765625,636600,0.0,0.0
2023-12-22 00:00:00-05:00,24.38637896124032,24.54564466137804,23.98353032048537,24.189638137817383,432600,0.0,0.0
2023-12-26 00:00:00-05:00,24.189639899225252,24.405116513068847,23.78679122913622,23.992900848388672,522400,0.0,0.0
2023-12-27 00:00:00-05:00,23.880475289816605,24.442589625329592,23.880475289816605,24.170900344848633,467100,0.0,0.0
2023-12-28 00:00:00-05:00,24.095951312273804,24.348903025269653,23.927318623855406,24.114688873291016,356000,0.0,0.0
2023-12-29 00:00:00-05:00,24.114691549628965,24.292694825223602,23.861739808559594,24.002269744873047,438300,0.0,0.0
2024-01-02 00:00:00-05:00,23.843003078702996,24.395748659562596,23.655631029054476,23.739948272705078,399800,0.0,0.0
2024-01-03 00:00:00-05:00,23.533187290889135,23.533187290889135,22.630955569085945,22.753131866455078,509200,0.08,0.0
2024-01-04 00:00:00-05:00,22.85651411721699,23.23244327192682,22.47118650956796,22.743736267089844,936400,0.0,0.0
2024-01-05 00:00:00-05:00,22.574567016597356,23.824532538561673,22.452388924654482,23.72115135192871,554200,0.0,0.0
2024-01-08 00:00:00-05:00,23.67416379204876,23.946711782267027,23.458002939550124,23.63656997680664,355500,0.0,0.0
2024-01-09 00:00:00-05:00,23.56138175379678,23.692956508681455,22.86591237536528,22.931699752807617,644700,0.0,0.0
2024-01-10 00:00:00-05:00,22.80952372657339,22.903506463729475,22.396000758629572,22.555770874023438,516300,0.0,0.0
2024-01-11 00:00:00-05:00,22.42419535022981,22.47118582091411,21.907291209844722,22.358407974243164,480500,0.0,0.0
2024-01-12 00:00:00-05:00,22.54636989884595,22.677944640602572,21.907289508762783,22.03886604309082,337200,0.0,0.0
2024-01-16 00:00:00-05:00,21.897890014041216,22.217430193865965,21.662934104909567,22.179838180541992,345000,0.0,0.0
2024-01-17 00:00:00-05:00,22.02007351224102,22.69674605181955,21.860303382991287,22.461790084838867,418000,0.0,0.0
2024-01-18 00:00:00-05:00,22.706141360838817,22.959894200250766,22.50877923634387,22.84711456298828,339800,0.0,0.0
2024-01-19 00:00:00-05:00,22.997487066724403,23.16665563257832,22.70614219918243,23.13846206665039,1296000,0.0,0.0
2024-01-22 00:00:00-05:00,23.35461873737037,23.899716398453695,23.260636011134334,23.796335220336914,393100,0.0,0.0
2024-01-23 00:00:00-05:00,24.11587541399659,24.238053495874862,23.71175094598162,23.796335220336914,311000,0.0,0.0
2024-01-24 00:00:00-05:00,24.097079467725372,24.097079467725372,23.6177691581906,23.786937713623047,301400,0.0,0.0
2024-01-25 00:00:00-05:00,24.18166367799045,24.350832232951024,23.890318829209164,23.974903106689453,458600,0.0,0.0
2024-01-26 00:00:00-05:00,24.13467589329755,24.360233394137417,23.98430422607097,24.17226791381836,399100,0.0,0.0
2024-01-29 00:00:00-05:00,24.106481613348492,24.15347388181915,23.655366591460677,24.031295776367188,466400,0.0,0.0
2024-01-30 00:00:00-05:00,23.899718120372604,24.28504571238804,23.899718120372604,24.115877151489258,483800,0.0,0.0
2024-01-31 00:00:00-05:00,24.14407268911221,24.303842798643903,23.514390703613365,23.77754020690918,1523900,0.0,0.0
2024-02-01 00:00:00-05:00,22.461786553090587,25.271859261232994,20.328386278131042,25.112089157104492,2442500,0.0,0.0
2024-02-02 00:00:00-05:00,24.71736604703229,26.418448472396857,23.758747101427005,26.2962703704834,1320700,0.0,0.0
2024-02-05 00:00:00-05:00,25.854552708239016,26.080110202994156,24.726763441891702,25.243667602539062,1088000,0.0,0.0
2024-02-06 00:00:00-05:00,25.093293195628505,25.74177024992966,24.961716660312746,24.971115112304688,694800,0.0,0.0
2024-02-07 00:00:00-05:00,24.905328113288412,25.046301310132357,24.181663432232316,24.350831985473633,630600,0.0,0.0
2024-02-08 00:00:00-05:00,24.247451991878087,24.303842707434033,23.852725945844185,23.94670867919922,591000,0.0,0.0
2024-02-09 00:00:00-05:00,23.909115800356027,23.946707816801304,23.307627404088276,23.786937713623047,609400,0.0,0.0
2024-02-12 00:00:00-05:00,23.843325095874295,24.92412185810165,23.843325095874295,24.811342239379883,507400,0.0,0.0
2024-02-13 00:00:00-05:00,24.087680466119856,24.745557768337502,23.79633562317041,24.726760864257812,686900,0.0,0.0
2024-02-14 00:00:00-05:00,25.15908068044858,25.271858519717572,24.473009815086012,24.839540481567383,706000,0.0,0.0
2024-02-15 00:00:00-05:00,25.130882401091792,25.32824628571208,24.811342239379883,24.811342239379883,1184900,0.0,0.0
2024-02-16 00:00:00-05:00,25.694780912809296,26.258675509130555,24.651575999243548,24.736160278320312,900700,0.0,0.0
2024-02-20 00:00:00-05:00,24.33203539544885,24.801947252711727,23.89031889494748,23.918514251708984,382800,0.0,0.0
2024-02-21 00:00:00-05:00,23.890318994863183,24.36023085409136,23.636566160662813,23.768142700195312,353100,0.0,0.0
2024-02-22 00:00:00-05:00,23.768146196090274,24.153473833926878,23.41101212670841,24.12527847290039,521500,0.0,0.0
2024-02-23 00:00:00-05:00,24.219259951635777,24.689171855427368,23.927913280633398,24.623384475708008,355200,0.0,0.0
2024-02-26 00:00:00-05:00,24.435417586816587,25.356444434871733,24.435417586816587,25.3094539642334,590900,0.0,0.0
2024-02-27 00:00:00-05:00,25.4316315964775,26.60641134972942,25.337648857703016,26.192890167236328,579900,0.0,0.0
2024-02-28 00:00:00-05:00,26.042517373190837,26.644005841129847,26.004925352266223,26.578218460083008,514900,0.0,0.0
2024-02-29 00:00:00-05:00,26.784979762737862,27.36767133929039,25.262464334861196,25.638395309448242,1125400,0.0,0.0
2024-03-01 00:00:00-05:00,25.788765329673556,25.798163782693138,24.99931320174476,25.243667602539062,529200,0.0,0.0
2024-03-04 00:00:00-05:00,25.365841067838765,26.03311681697822,24.980513500017786,25.027503967285156,596200,0.0,0.0
2024-03-05 00:00:00-05:00,24.82074887301841,25.478626315207944,24.82074887301841,25.403440475463867,552500,0.0,0.0
2024-03-06 00:00:00-05:00,25.57260690354816,26.54062614486453,25.44103213402679,25.87335205078125,645500,0.0,0.0
2024-03-07 00:00:00-05:00,25.976727560965273,26.44663943025956,25.713578061406245,25.929737091064453,270800,0.0,0.0
2024-03-08 00:00:00-05:00,26.155293408070186,26.869559632687476,26.1364965039186,26.221080780029297,402300,0.0,0.0
2024-03-11 00:00:00-04:00,26.230482460949858,26.4372430543542,25.47862412805074,25.79816436767578,357300,0.0,0.0
2024-03-12 00:00:00-04:00,25.79816524076027,25.939138458878336,25.51621701195241,25.845155715942383,319300,0.0,0.0
2024-03-13 00:00:00-04:00,25.798161465589146,26.230479510230904,25.600797555047695,25.751169204711914,399500,0.0,0.0
2024-03-14 00:00:00-04:00,25.66658339149417,25.798159921503768,24.895928284947857,25.036901473999023,403100,0.0,0.0
2024-03-15 00:00:00-04:00,24.989912147745713,26.446638155302583,24.989912147745713,26.37145233154297,2563100,0.0,0.0
2024-03-18 00:00:00-04:00,26.249278609038036,27.37706607580341,26.051914681996838,26.88835906982422,727900,0.0,0.0
2024-03-19 00:00:00-04:00,26.74738651926354,26.954148918214802,25.751173717512522,26.042518615722656,628200,0.0,0.0
2024-03-20 00:00:00-04:00,26.08010999756688,26.935349497324605,25.94853524147234,26.831968307495117,460000,0.0,0.0
2024-03-21 00:00:00-04:00,26.944744272551713,27.330071827867595,26.371451269123583,26.62520408630371,415100,0.0,0.0
2024-03-22 00:00:00-04:00,26.6815957418566,27.048128224033047,26.57821634809998,26.74738311767578,284900,0.0,0.0
2024-03-25 00:00:00-04:00,26.869559585225446,27.066921700754154,26.36205392945773,26.42784309387207,198200,0.0,0.0
2024-03-26 00:00:00-04:00,26.540621665141078,26.97294150892538,26.540621665141078,26.70039176940918,243300,0.0,0.0
2024-03-27 00:00:00-04:00,26.897753289153297,27.79998312055711,26.86955793470768,27.65900993347168,450200,0.0,0.0
2024-03-28 00:00:00-04:00,27.724799889254015,28.25110067336729,27.29248183616098,28.138322830200195,989400,0.0,0.0
2024-04-01 00:00:00-04:00,28.13832333825411,28.260499635986346,27.198499596225584,27.23609161376953,435700,0.0,0.0
2024-04-02 00:00:00-04:00,27.085720599064164,27.085720599064164,26.12709992930524,26.3338623046875,479400,0.0,0.0
2024-04-03 00:00:00-04:00,26.164209561188084,26.4846647186016,26.135933471638346,26.409263610839844,339300,0.08,0.0
2024-04-04 00:00:00-04:00,26.67316966510777,27.389481170301703,26.484667772817424,26.86167335510254,570800,0.0,0.0
2024-04-05 00:00:00-04:00,26.842818863909592,27.559130268695625,26.842818863909592,27.493154525756836,399700,0.0,0.0
2024-04-08 00:00:00-04:00,27.521429859575143,27.889010015980798,27.446028755755925,27.483728408813477,316000,0.0,0.0
2024-04-09 00:00:00-04:00,27.455452615600326,27.662807001608137,26.86166914136008,26.88051986694336,357000,0.0,0.0
2024-04-10 00:00:00-04:00,26.390414428710937,26.390414428710937,25.692953691676667,25.919157028198242,455800,0.0,0.0
2024-04-11 00:00:00-04:00,25.890880729199807,25.928582183836312,25.35364758455973,25.38192367553711,395400,0.0,0.0
2024-04-12 00:00:00-04:00,25.17457043481441,25.49502562322912,24.901242066875028,25.20284652709961,566000,0.0,0.0
2024-04-15 00:00:00-04:00,25.52330112967828,25.58927687912502,24.85411647362783,24.976642608642578,435400,0.0,0.0
2024-04-16 00:00:00-04:00,24.769288102338667,25.155719003294696,24.62790945267322,25.14629364013672,500300,0.0,0.0
2024-04-17 00:00:00-04:00,25.325371334707185,25.372496351657745,24.316879073546087,24.411130905151367,695500,0.0,0.0
2024-04-18 00:00:00-04:00,24.50538321132424,24.58078431852784,23.393215531793008,23.591144561767578,513400,0.0,0.0
2024-04-19 00:00:00-04:00,23.53459390888053,24.090677784698155,23.43091850331923,23.902175903320312,725000,0.0,0.0
2024-04-22 00:00:00-04:00,24.12837700933832,24.543083986363875,24.024699815655893,24.335729598999023,451000,0.0,0.0
2024-04-23 00:00:00-04:00,24.32630670228741,24.89181594688782,24.203780568181084,24.269756317138672,934900,0.0,0.0
2024-04-24 00:00:00-04:00,23.091613578666376,24.26033176447435,22.790009117516497,23.016212463378906,966200,0.0,0.0
2024-04-25 00:00:00-04:00,22.893687696279812,23.28011865998451,22.450704544444307,22.620357513427734,754200,0.0,0.0
2024-04-26 00:00:00-04:00,22.771159108707607,23.20471688358681,22.497830731294055,23.19529151916504,733900,0.0,0.0
2024-04-29 00:00:00-04:00,23.336664955215564,23.34609031825004,22.526101711292622,22.667478561401367,624700,0.0,0.0
2024-04-30 00:00:00-04:00,22.394151273110367,22.394151273110367,21.564737264270573,21.781517028808594,828300,0.0,0.0
2024-05-01 00:00:00-04:00,21.838066819862014,21.838066819862014,21.225432592170662,21.38566017150879,584900,0.0,0.0
2024-05-02 00:00:00-04:00,21.706116732797433,21.706116732797433,21.413935847197884,21.57416343688965,339900,0.0,0.0
2024-05-03 00:00:00-04:00,21.970016835209982,22.073694025972607,21.461059839392938,21.998292922973633,430100,0.0,0.0
2024-05-06 00:00:00-04:00,22.186796364298843,22.422425033600042,21.724962590488904,21.753238677978516,368300,0.0,0.0
2024-05-07 00:00:00-04:00,21.828639380756808,22.19621952287422,21.753238279868516,21.7720890045166,473200,0.0,0.0
2024-05-08 00:00:00-04:00,21.65899058923518,22.281050239746573,21.498762994545615,22.2622013092041,503600,0.0,0.0
2024-05-09 00:00:00-04:00,22.33759918575135,22.347022750804065,21.800364294835926,21.809789657592773,365000,0.0,0.0
2024-05-10 00:00:00-04:00,21.885189769383114,22.035991971245046,21.59301072798863,21.941741943359375,532300,0.0,0.0
2024-05-13 00:00:00-04:00,22.05484349138127,22.13024459503181,21.57416078147001,21.73438835144043,458300,0.0,0.0
2024-05-14 00:00:00-04:00,22.111396596347024,22.44127713963622,21.96059437044985,22.035995483398438,484700,0.0,0.0
2024-05-15 00:00:00-04:00,22.149100163982553,22.384728889131303,21.781519928015943,21.8192195892334,423400,0.0,0.0
2024-05-16 00:00:00-04:00,21.743816011524356,22.101972639984744,21.64956417257666,21.88519287109375,439400,0.0,0.0
2024-05-17 00:00:00-04:00,22.101972435485873,22.101972435485873,20.942677883252912,21.178306579589844,599200,0.0,0.0
2024-05-20 00:00:00-04:00,21.225431996037262,21.48933496797927,21.102904075317753,21.159456253051758,341500,0.0,0.0
2024-05-21 00:00:00-04:00,21.074629626098325,21.244282562619627,20.82957558420135,20.86727523803711,327500,0.0,0.0
2024-05-22 00:00:00-04:00,20.839001653862372,21.150031448798934,20.678774074791765,20.923828125,524100,0.0,0.0
2024-05-23 00:00:00-04:00,20.98980675318384,21.027506413477177,20.48084785644031,20.839004516601562,606200,0.0,0.0
2024-05-24 00:00:00-04:00,21.008651226905677,21.22542915273452,20.970949780133395,21.02750015258789,350000,0.0,0.0
2024-05-28 00:00:00-04:00,21.131178630163447,21.253704744283983,20.78244741693663,20.801298141479492,385300,0.0,0.0
2024-05-29 00:00:00-04:00,20.56567207771613,20.735325024641334,20.443145948105855,20.51854705810547,349100,0.0,0.0
2024-05-30 00:00:00-04:00,20.678774672500836,20.999229839904636,20.6410732185925,20.810726165771484,307300,0.0,0.0
2024-05-31 00:00:00-04:00,20.914404474219076,21.329109702953467,20.914404474219076,21.310260772705078,447700,0.0,0.0
2024-06-03 00:00:00-04:00,21.432783187952072,21.432783187952072,20.650496090772656,20.754173278808594,705900,0.0,0.0
2024-06-04 00:00:00-04:00,20.62222093123906,20.7447488494657,19.981312442630657,19.99073600769043,491900,0.0,0.0
2024-06-05 00:00:00-04:00,19.98131162367438,20.028436637858306,19.56660466758041,19.689130783081055,769100,0.0,0.0
2024-06-06 00:00:00-04:00,19.651433039985616,19.717408785332847,19.274427496784114,19.519479751586914,984100,0.0,0.0
2024-06-07 00:00:00-04:00,19.302702350669847,19.425230279341058,19.06707365459906,19.283851623535156,445600,0.0,0.0
2024-06-10 00:00:00-04:00,19.048224549611113,19.44408086462933,19.048224549611113,19.42523193359375,538400,0.0,0.0
2024-06-11 00:00:00-04:00,19.349827767579452,19.58545644659073,19.180174831058668,19.434654235839844,442000,0.0,0.0
2024-06-12 00:00:00-04:00,19.88705755692549,20.02843438125238,19.321548461914062,19.321548461914062,494600,0.0,0.0
2024-06-13 00:00:00-04:00,19.208451262667733,19.811661970599378,19.114201218722986,19.755109786987305,481200,0.0,0.0
2024-06-14 00:00:00-04:00,19.359253968717482,19.58545729463838,19.104774552917384,19.519479751586914,697300,0.0,0.0
2024-06-17 00:00:00-04:00,19.4252293118258,20.16038965641967,19.34982820474683,20.04728889465332,664200,0.0,0.0
2024-06-18 00:00:00-04:00,20.13211580803193,20.207516916770825,19.745684901032057,20.150964736938477,660000,0.0,0.0
2024-06-20 00:00:00-04:00,20.16039180606257,20.179242534268358,19.510057862302375,19.78338623046875,517200,0.0,0.0
2024-06-21 00:00:00-04:00,19.71741047945288,19.887063437896195,19.4723564058908,19.78338623046875,2299700,0.0,0.0
2024-06-24 00:00:00-04:00,19.887063959678635,20.527974353856067,19.79281211388117,20.348896026611328,467100,0.0,0.0
2024-06-25 00:00:00-04:00,20.25464302606331,20.25464302606331,19.849361370633094,19.896488189697266,383900,0.0,0.0
2024-06-26 00:00:00-04:00,19.72683433414006,20.028438771537594,19.67970751723154,19.934186935424805,481600,0.0,0.0
2024-06-27 00:00:00-04:00,19.915334363775642,20.320615963123824,19.915334363775642,20.226364135742188,483500,0.0,0.0
2024-06-28 00:00:00-04:00,20.264070844377297,21.084059618372333,20.264070844377297,20.58452606201172,2438400,0.0,0.0
2024-07-01 00:00:00-04:00,20.59394874218548,20.622223035658347,20.15096563559783,20.28291893005371,362800,0.0,0.0
2024-07-02 00:00:00-04:00,20.311190022178398,20.735322334464975,20.23578892196123,20.509119033813477,457100,0.0,0.0
2024-07-03 00:00:00-04:00,20.56588276799096,20.87806031241766,20.471283129365712,20.66048240661621,527800,0.08,0.0
2024-07-05 00:00:00-04:00,20.613181276918855,20.613181276918855,19.60096759791595,19.7901668548584,583200,0.0,0.0
2024-07-08 00:00:00-04:00,19.979367420751803,20.367224298990262,19.950986989049735,20.0172061920166,488600,0.0,0.0
2024-07-09 00:00:00-04:00,19.837466061114622,19.89422692164182,19.468529489377143,19.553668975830078,470300,0.0,0.0
2024-07-10 00:00:00-04:00,19.667188761122073,19.69556738685817,19.402310160112094,19.487449645996094,342500,0.0,0.0
2024-07-11 00:00:00-04:00,19.809087313669313,20.613181456159925,19.69556739764917,20.594261169433594,590400,0.0,0.0
2024-07-12 00:00:00-04:00,20.821299895515246,21.010497356110996,20.565881429156175,20.802379608154297,394400,0.0,0.0
2024-07-15 00:00:00-04:00,21.057797064793103,21.757831424540385,20.97265758008918,21.445653915405273,503900,0.0,0.0
2024-07-16 00:00:00-04:00,21.57809345519605,22.73220572929284,21.57809345519605,22.467327117919922,655200,0.0,0.0
2024-07-17 00:00:00-04:00,22.22136822439439,22.656525803042626,22.041629106843732,22.079469680786133,643700,0.0,0.0
2024-07-18 00:00:00-04:00,22.013248550175287,22.34434632578271,21.34159285630449,21.46457290649414,560200,0.0,0.0
2024-07-19 00:00:00-04:00,21.40781263613621,21.464573493624524,21.171314476281538,21.23753547668457,1049800,0.0,0.0
2024-07-22 00:00:00-04:00,21.46457216440295,21.861889120527938,21.199693592207073,21.748369216918945,381500,0.0,0.0
2024-07-23 00:00:00-04:00,21.597014778248894,21.814592681414393,21.275377093422502,21.332136154174805,709700,0.0,0.0
2024-07-24 00:00:00-04:00,18.919851920216942,20.509119770209196,18.919851920216942,19.307708740234375,1419200,0.0,0.0
2024-07-25 00:00:00-04:00,19.28879140229929,19.88476783927112,18.93877509872735,19.402311325073242,866800,0.0,0.0
2024-07-26 00:00:00-04:00,19.80908990458171,20.02666781737889,19.373932274649263,19.9415283203125,850800,0.0,0.0
2024-07-29 00:00:00-04:00,20.007743846594646,20.196943095114264,19.383388852552777,19.63880729675293,861300,0.0,0.0
2024-07-30 00:00:00-04:00,19.705030219124314,20.386144394801892,19.629350866271253,20.253705978393555,872800,0.0,0.0
2024-07-31 00:00:00-04:00,20.319921799676944,20.80237827032626,20.130724351248727,20.329381942749023,663900,0.0,0.0
2024-08-01 00:00:00-04:00,20.319922742943756,20.53750063068835,19.392850330898014,19.742868423461914,573000,0.0,0.0
2024-08-02 00:00:00-04:00,19.08067237170773,19.165811857004588,18.550916977678938,18.56037712097168,746000,0.0,0.0
2024-08-05 00:00:00-04:00,17.78466027156849,18.34279605347131,17.586002690384962,18.210357666015625,618800,0.0,0.0
2024-08-06 00:00:00-04:00,18.21035871657815,18.437396738601965,17.79412144069892,18.30495834350586,589900,0.0,0.0
2024-08-07 00:00:00-04:00,18.550918146671815,18.636057637333767,17.6049254098394,18.229280471801758,793200,0.0,0.0
2024-08-08 00:00:00-04:00,18.541455781186787,18.58875469062598,18.20089785934387,18.465776443481445,796100,0.0,0.0
2024-08-09 00:00:00-04:00,18.560375689302123,18.560375689302123,18.304957253113457,18.333335876464844,437000,0.0,0.0
2024-08-12 00:00:00-04:00,18.43740131973115,18.54146111564108,17.954944726428188,18.021163940429688,607400,0.0,0.0
2024-08-13 00:00:00-04:00,18.21035824039023,18.361716917781518,18.011700652940828,18.352256774902344,543200,0.0,0.0
2024-08-14 00:00:00-04:00,18.45631417144152,18.645511591708516,18.125216430552367,18.276575088500977,694800,0.0,0.0
2024-08-15 00:00:00-04:00,18.815794597242984,18.948234804808575,18.456318158051626,18.588756561279297,366600,0.0,0.0
2024-08-16 00:00:00-04:00,18.531997069198077,18.919853930424754,18.42793729519262,18.513076782226562,502700,0.0,0.0
2024-08-19 00:00:00-04:00,18.550915953307868,18.740113395701858,18.51307538222643,18.711734771728516,297800,0.0,0.0
2024-08-20 00:00:00-04:00,18.503617560542654,18.75903603436876,17.538706333318423,17.55762481689453,536800,0.0,0.0
2024-08-21 00:00:00-04:00,17.803582842302276,18.18197957242292,17.614385379410923,18.040081024169922,301200,0.0,0.0
2024-08-22 00:00:00-04:00,18.068459409891627,18.144138747347537,17.831961254799687,17.973859786987305,266500,0.0,0.0
2024-08-23 00:00:00-04:00,18.077918545783614,18.65497278511981,18.00223921254259,18.49415397644043,304900,0.0,0.0
2024-08-26 00:00:00-04:00,18.683357373467746,18.872556650883645,18.39956026168193,18.503618240356445,324400,0.0,0.0
2024-08-27 00:00:00-04:00,18.437396365661474,18.503615561870085,18.16305943789183,18.172517776489258,196800,0.0,0.0
2024-08-28 00:00:00-04:00,18.068459812877627,18.48469708033746,18.05899966994243,18.172517776489258,429700,0.0,0.0
2024-08-29 00:00:00-04:00,18.38064078150703,18.465780279655064,18.002244014370266,18.21982192993164,364400,0.0,0.0
2024-08-30 00:00:00-04:00,18.295497550705605,18.409015655517578,18.09683816077804,18.409015655517578,499200,0.0,0.0
2024-09-03 00:00:00-04:00,18.1819773410756,18.314417533617817,17.841421227930066,18.03061866760254,379800,0.0,0.0
2024-09-04 00:00:00-04:00,18.011702827663346,18.257659354867517,17.898182903744672,18.115760803222656,294500,0.0,0.0
2024-09-05 00:00:00-04:00,18.125219015975276,18.13467915898867,17.860340424613558,17.869800567626953,254100,0.0,0.0
2024-09-06 00:00:00-04:00,17.794123746125425,17.860342952252914,16.753531323775942,17.642765045166016,771400,0.0,0.0
2024-09-09 00:00:00-04:00,17.415723699058844,17.69006242036026,17.321124077770847,17.595462799072266,781700,0.0,0.0
2024-09-10 00:00:00-04:00,17.614386474211166,17.62384481425636,17.396806762072703,17.519786834716797,759100,0.0,0.0
2024-09-11 00:00:00-04:00,17.349504337958646,17.6522216796875,17.075165619305817,17.6522216796875,615900,0.0,0.0
2024-09-12 00:00:00-04:00,17.737363130739556,17.841422905161348,17.415725468288446,17.775203704833984,389600,0.0,0.0
2024-09-13 00:00:00-04:00,18.040079145025693,18.371176926019196,17.973859949694543,18.28603744506836,265200,0.0,0.0
2024-09-16 00:00:00-04:00,18.333335640088944,18.46577582992606,18.200897254589506,18.446855545043945,327800,0.0,0.0
2024-09-17 00:00:00-04:00,18.683353285543653,19.023911188642874,18.52253447622876,18.61713409423828,479800,0.0,0.0
2024-09-18 00:00:00-04:00,18.61713582784615,19.061751728254126,18.314418465497074,18.67389488220215,472300,0.0,0.0
2024-09-19 00:00:00-04:00,19.109053464749962,19.109053464749962,18.721196597976398,18.8914737701416,410400,0.0,0.0
2024-09-20 00:00:00-04:00,18.664433648820037,18.692814076509123,18.153598580780404,18.333335876464844,3587200,0.0,0.0
2024-09-23 00:00:00-04:00,18.550915546739095,18.63605502546865,18.13467829565435,18.333335876464844,803400,0.0,0.0
2024-09-24 00:00:00-04:00,18.446861465208258,18.47524190163958,18.021163940429688,18.021163940429688,397300,0.0,0.0
2024-09-25 00:00:00-04:00,18.049538501310305,18.06845878610552,17.463022303022278,17.586002349853516,731200,0.0,0.0
2024-09-26 00:00:00-04:00,17.86980087367029,18.399558065466504,17.822501962131042,17.879261016845703,409400,0.0,0.0
2024-09-27 00:00:00-04:00,18.181974736454418,18.513072463872664,17.898177715431604,18.068456649780273,253900,0.0,0.0
2024-09-30 00:00:00-04:00,17.88872020366309,18.200897694410965,17.841421294652516,18.15359878540039,420400,0.0,0.0
2024-10-01 00:00:00-04:00,18.040078326269228,18.040078326269228,17.68060193749893,17.708980560302734,311300,0.0,0.0
2024-10-02 00:00:00-04:00,17.652221918958674,17.888720070932223,17.16030532981264,17.16976547241211,554900,0.0,0.0
2024-10-03 00:00:00-04:00,17.188687113348323,17.31166536816574,17.027868285148408,17.273826599121094,422700,0.0,0.0
2024-10-04 00:00:00-04:00,17.576543908731537,17.65222325089992,17.018408083613036,17.150846481323242,294100,0.0,0.0
2024-10-07 00:00:00-04:00,17.05624852610483,17.122467724452267,16.8765094132062,17.084627151489258,278700,0.0,0.0
2024-10-08 00:00:00-04:00,17.075168479645164,17.321126812085883,16.725152171264977,17.254907608032227,316000,0.0,0.0
2024-10-09 00:00:00-04:00,17.273827515235322,17.529245986099703,17.235986939845954,17.302207946777344,279800,0.0,0.0
2024-10-10 00:00:00-04:00,17.235695592357537,17.292705815067773,16.950651727865143,17.245197296142578,402300,0.08,0.0
2024-10-11 00:00:00-04:00,17.25469875178542,17.7772797665944,17.245197048137026,17.710769653320312,308700,0.0,0.0
2024-10-14 00:00:00-04:00,17.59675407409668,17.805786132297644,17.349715198623834,17.59675407409668,303400,0.0,0.0
2024-10-15 00:00:00-04:00,17.520739955820545,17.957807423583112,17.435226440429688,17.435226440429688,354200,0.0,0.0
2024-10-16 00:00:00-04:00,17.49223310297226,18.033817438286082,17.35921289774132,17.957805633544922,445400,0.0,0.0
2024-10-17 00:00:00-04:00,17.891298829835417,18.052824171226455,17.6917684851984,17.767780303955078,411300,0.0,0.0
2024-10-18 00:00:00-04:00,17.82478545506764,17.862790451363075,17.520738235646643,17.56824493408203,833400,0.0,0.0
2024-10-21 00:00:00-04:00,17.568245731678008,17.615754244534653,16.798625946044922,16.798625946044922,400300,0.0,0.0
2024-10-22 00:00:00-04:00,16.713113604566036,16.732117011038344,16.42806975653978,16.580093383789062,439900,0.0,0.0
2024-10-23 00:00:00-04:00,16.551589695574563,16.66560833193604,16.181032298863073,16.209535598754883,734200,0.0,0.0
2024-10-24 00:00:00-04:00,16.12402048552252,16.466074548632662,15.145367717903325,16.057510375976562,1187100,0.0,0.0
2024-10-25 00:00:00-04:00,16.20003126402608,17.093171364984816,16.048007648407292,17.083669662475586,837000,0.0,0.0
2024-10-28 00:00:00-04:00,17.121675807090487,17.815283752927687,16.912641984540265,17.56824493408203,821600,0.0,0.0
2024-10-29 00:00:00-04:00,17.340211789138777,17.463730308596485,16.836632383395102,17.026662826538086,809600,0.0,0.0
2024-10-30 00:00:00-04:00,17.017161280860282,17.6157559137229,16.941149465351575,16.950651168823242,564900,0.0,0.0
2024-10-31 00:00:00-04:00,16.855634808753756,16.912643213471526,16.45657235120034,16.57059097290039,738400,0.0,0.0
2024-11-01 00:00:00-04:00,16.637101790941397,16.79862712142683,16.43756964751135,16.580093383789062,571200,0.0,0.0
2024-11-04 00:00:00-05:00,16.542084091131652,16.960149909530028,16.542084091131652,16.884138107299805,528800,0.0,0.0
2024-11-05 00:00:00-05:00,16.75111774939012,17.24519541883893,16.665606049162918,17.14068031311035,299600,0.0,0.0
2024-11-06 00:00:00-05:00,18.39487657191757,18.812940630541483,18.17634102733627,18.21434783935547,643100,0.0,0.0
2024-11-07 00:00:00-05:00,18.16684201871562,18.603909504571632,17.967309870455324,18.356870651245117,470900,0.0,0.0
2024-11-08 00:00:00-05:00,18.375871962676747,19.107486735760105,18.290358453497422,18.82244110107422,521500,0.0,0.0
2024-11-11 00:00:00-05:00,19.04097971739113,19.164498243855707,18.679922217390576,19.09798812866211,404100,0.0,0.0
2024-11-12 00:00:00-05:00,19.07898482283918,19.09798823078603,18.61341220172969,18.70842742919922,444200,0.0,0.0
2024-11-13 00:00:00-05:00,18.784438750396863,18.87945397534577,18.30936443791701,18.337867736816406,414000,0.0,0.0
2024-11-14 00:00:00-05:00,18.48039120007026,18.622913129199574,18.176342122392494,18.3853759765625,338200,0.0,0.0
2024-11-15 00:00:00-05:00,18.470889600684938,18.6134115306182,18.13833722266422,18.20484733581543,330700,0.0,0.0
2024-11-18 00:00:00-05:00,18.2143476545429,18.356869573639703,18.081327438354492,18.081327438354492,301900,0.0,0.0
2024-11-19 00:00:00-05:00,17.710771728784145,17.89130049472983,17.482736251294014,17.6347599029541,511500,0.0,0.0
2024-11-20 00:00:00-05:00,17.644259028350866,17.786780954414205,17.24519654801475,17.520740509033203,409000,0.0,0.0
2024-11-21 00:00:00-05:00,17.606252410736477,18.062323257174242,17.530240602996848,17.967308044433594,323100,0.0,0.0
2024-11-22 00:00:00-05:00,18.157339615153916,18.480390271489238,18.10032939655505,18.347368240356445,362600,0.0,0.0
2024-11-25 00:00:00-05:00,18.679920833032746,19.259512043506167,18.55640231572205,19.078983306884766,613100,0.0,0.0
2024-11-26 00:00:00-05:00,18.879452144471095,19.002970656340928,18.29035925672814,18.546899795532227,683100,0.0,0.0
2024-11-27 00:00:00-05:00,18.803442819961816,19.05998158041323,18.480392131118816,18.632415771484375,321600,0.0,0.0
2024-11-29 00:00:00-05:00,18.74643260187387,18.926961354467416,18.546902253426854,18.841447830200195,170900,0.0,0.0
2024-12-02 00:00:00-05:00,18.83194167377904,18.83194167377904,18.242850659508832,18.651412963867188,561500,0.0,0.0
2024-12-03 00:00:00-05:00,18.708426507013414,18.746431508769025,18.23335220534812,18.670419692993164,327700,0.0,0.0
2024-12-04 00:00:00-05:00,18.660917637217526,19.259512260884055,18.632414339505047,19.10748863220215,360900,0.0,0.0
2024-12-05 00:00:00-05:00,19.0219752713901,19.107488789761888,18.318865529872323,18.328367233276367,404400,0.0,0.0
2024-12-06 00:00:00-05:00,18.461386865289615,18.698924005991202,18.10032939655505,18.347368240356445,355700,0.0,0.0
2024-12-09 00:00:00-05:00,18.546902414027798,19.059981751809218,18.461388889020103,18.76543617248535,375200,0.0,0.0
2024-12-10 00:00:00-05:00,18.75593372198922,19.44954178632667,18.594408382542785,19.250011444091797,365300,0.0,0.0
2024-12-11 00:00:00-05:00,19.468545520320564,19.601565750707756,18.8984559708166,19.09798812866211,616900,0.0,0.0
2024-12-12 00:00:00-05:00,19.059982545978276,19.154997779086337,18.489892959594727,18.489892959594727,253200,0.0,0.0
2024-12-13 00:00:00-05:00,18.423378266574545,18.594405281259377,17.568245005414774,17.672761917114258,534800,0.0,0.0
2024-12-16 00:00:00-05:00,17.587248680333747,18.138334729315886,17.530240278649917,17.625253677368164,604200,0.0,0.0
2024-12-17 00:00:00-05:00,17.653762271249327,18.043323082184905,17.169186230564026,17.359216690063477,517700,0.0,0.0
2024-12-18 00:00:00-05:00,17.63475703389787,17.938804287751605,16.618098349225225,16.684608459472656,455000,0.0,0.0
2024-12-19 00:00:00-05:00,16.7511170594577,16.83663056842733,16.247539520263672,16.247539520263672,557500,0.0,0.0
2024-12-20 00:00:00-05:00,16.105018952363373,16.703611752801667,16.105018952363373,16.16202735900879,3056800,0.0,0.0
2024-12-23 00:00:00-05:00,16.105022392114424,16.219039229757257,15.724961433931757,16.000505447387695,523300,0.0,0.0
2024-12-24 00:00:00-05:00,15.943491813269606,16.266542434692383,15.943491813269606,16.266542434692383,183400,0.0,0.0
2024-12-26 00:00:00-05:00,16.09551655735869,16.646602630615234,16.08601485461545,16.646602630615234,271800,0.0,0.0
2024-12-27 00:00:00-05:00,16.5705933248504,16.80813049253125,16.247542631823258,16.447072982788086,250800,0.0,0.0
2024-12-30 00:00:00-05:00,16.352054128820185,16.418566043330824,16.057508613616253,16.266542434692383,619600,0.0,0.0
2024-12-31 00:00:00-05:00,16.33305698087887,16.61810087156533,16.200034927928975,16.276046752929688,301800,0.0,0.0
2025-01-02 00:00:00-05:00,16.409067422822666,16.637102878604576,15.98149981056614,16.15252685546875,437200,0.0,0.0
2025-01-03 00:00:00-05:00,16.257040732619433,16.38055923503903,16.019503617588825,16.266542434692383,286000,0.0,0.0
2025-01-06 00:00:00-05:00,16.266542144198525,16.627597755200863,16.266542144198525,16.41856575012207,312600,0.0,0.0
2025-01-07 00:00:00-05:00,16.57059003396347,16.675105134646504,15.791468568664643,15.933990478515625,617100,0.0,0.0
2025-01-08 00:00:00-05:00,15.753466549474943,16.038510455846986,15.753466549474943,16.000505447387695,365600,0.0,0.0
2025-01-10 00:00:00-05:00,15.67590888512349,15.885938676530966,15.446784979702171,15.723642349243164,650300,0.08,0.0
2025-01-13 00:00:00-05:00,15.609082000751783,16.105518061686723,15.475425017629288,16.03868865966797,247700,0.0,0.0
2025-01-14 00:00:00-05:00,16.115065078527657,16.315549664902587,15.962315784582577,16.248722076416016,342500,0.0,0.0
2025-01-15 00:00:00-05:00,16.000503195536343,16.382376410757292,14.654398973810544,15.265396118164062,1425600,0.0,0.0
2025-01-16 00:00:00-05:00,15.313130044362687,15.399049916834707,14.740318451630312,15.351316452026367,862600,0.0,0.0
2025-01-17 00:00:00-05:00,15.561346815243878,15.77137843827331,15.084005776510905,15.494519233703613,3691000,0.0,0.0
2025-01-21 00:00:00-05:00,15.723643523086103,15.990955676491204,15.06491201820808,15.074459075927734,703700,0.0,0.0
2025-01-22 00:00:00-05:00,14.988538573968606,16.02914518704883,14.988538573968606,15.255849838256836,969700,0.0,0.0
2025-01-23 00:00:00-05:00,15.16992891367413,15.379959646191942,14.998085504299775,15.026725769042969,555700,0.0,0.0
2025-01-24 00:00:00-05:00,15.122193975847,15.437239607805681,14.864428871267588,14.883522987365723,654300,0.0,0.0
2025-01-27 00:00:00-05:00,14.978989158352475,15.026723532792449,14.463459917407164,14.568475723266602,932400,0.0,0.0
2025-01-28 00:00:00-05:00,14.56847816957841,14.950351408306728,14.425275022212077,14.931258201599121,1023300,0.0,0.0
2025-01-29 00:00:00-05:00,14.549382737230463,15.933675151017974,14.196149795722645,15.570894241333008,1279000,0.0,0.0
2025-01-30 00:00:00-05:00,15.828659056216681,16.143704671714676,14.883522209722702,14.89306926727295,953500,0.0,0.0
2025-01-31 00:00:00-05:00,14.902615414365677,15.54225461336943,14.797600512685518,14.89306926727295,2934200,0.0,0.0
2025-02-03 00:00:00-05:00,14.558931053962311,14.950351349739883,14.205698081907975,14.597118377685547,1267500,0.0,0.0
2025-02-04 00:00:00-05:00,14.654398059037591,14.845334654729212,14.205696376319153,14.387085914611816,1154600,0.0,0.0
2025-02-05 00:00:00-05:00,14.425274226970911,14.644852009977953,14.062494214949654,14.167510032653809,848400,0.0,0.0
2025-02-06 00:00:00-05:00,14.167510006079794,14.243884649471797,13.566059006524608,13.671073913574219,897500,0.0,0.0
2025-02-07 00:00:00-05:00,13.661527327104023,13.709260794847367,12.983701705932617,12.983701705932617,852300,0.0,0.0
2025-02-10 00:00:00-05:00,13.031434545979673,13.17463767368453,12.649561359681714,12.783217430114746,822200,0.0,0.0
2025-02-11 00:00:00-05:00,12.640013933987957,12.888231953075499,12.54454609542484,12.706842422485352,709000,0.0,0.0
2025-02-12 00:00:00-05:00,12.458624717429922,12.687748628305659,12.067204475402832,12.067204475402832,625200,0.0,0.0
2025-02-13 00:00:00-05:00,12.124485768208828,12.172220146955064,11.809440143124244,11.838080406188965,1022800,0.0,0.0
2025-02-14 00:00:00-05:00,12.029017921173907,12.563640413850608,11.790346937900278,11.838080406188965,987100,0.0,0.0
2025-02-18 00:00:00-05:00,11.818986875394645,11.885814457523987,11.475300996712638,11.599409103393555,825000,0.0,0.0
2025-02-19 00:00:00-05:00,11.513487766368378,12.067204333013116,11.446659276975062,11.895360946655273,1024900,0.0,0.0
2025-02-20 00:00:00-05:00,11.866721533930212,12.153125984387598,11.618503493773435,12.00037670135498,799100,0.0,0.0
2025-02-21 00:00:00-05:00,12.21040762630769,12.21040762630769,11.532581988596545,11.570769309997559,975800,0.0,0.0
2025-02-24 00:00:00-05:00,11.418019990538088,11.484847575177321,10.511070427110052,10.520617485046387,1287100,0.0,0.0
2025-02-25 00:00:00-05:00,10.635180408600155,11.274818780732971,10.616086291004482,11.074335098266602,922000,0.0,0.0
2025-02-26 00:00:00-05:00,11.179349134252904,11.322551363124974,11.112521548840279,11.246176719665527,909700,0.0,0.0
2025-02-27 00:00:00-05:00,11.207989504689278,11.38937996747634,11.06478727445324,11.141161918640137,1015200,0.0,0.0
2025-02-28 00:00:00-05:00,11.131614566646578,11.332098229959147,10.94067796121974,11.179348945617676,1041500,0.0,0.0
2025-03-03 00:00:00-05:00,11.217535595561182,11.34164460927761,10.253304657773358,10.26285171508789,811100,0.0,0.0
2025-03-04 00:00:00-05:00,10.08146144043946,10.23421070446079,9.871430747181417,10.110101699829102,998700,0.0,0.0
2025-03-05 00:00:00-05:00,10.157837137790011,10.5015230178833,10.129195964939093,10.5015230178833,909000,0.0,0.0
2025-03-06 00:00:00-05:00,10.425149172442742,11.131615101708425,10.291493086990748,11.045693397521973,872900,0.0,0.0
2025-03-07 00:00:00-05:00,11.074333643639934,11.866721210626544,11.026599266378357,11.76170539855957,1295300,0.0,0.0
2025-03-10 00:00:00-04:00,11.599408284020582,11.876266561016196,11.08387904718539,11.112520217895508,1563900,0.0,0.0
2025-03-11 00:00:00-04:00,11.131613504059512,11.169800821499644,10.596991059897654,10.845208168029785,1221100,0.0,0.0
2025-03-12 00:00:00-04:00,10.95022527304707,10.95022527304707,10.434695971210429,10.587445259094238,1278100,0.0,0.0
2025-03-13 00:00:00-04:00,10.501521890458985,10.59699063546431,9.90007098202326,10.272397994995117,1002800,0.0,0.0
2025-03-14 00:00:00-04:00,10.329679680226164,10.682912619906736,10.224664777226273,10.558804512023926,1192400,0.0,0.0
2025-03-17 00:00:00-04:00,10.511069821921009,10.816568374633789,10.386960807267066,10.816568374633789,1040700,0.0,0.0
2025-03-18 00:00:00-04:00,10.702007125313763,10.950225171041494,10.549257838852872,10.91203784942627,1423700,0.0,0.0
2025-03-19 00:00:00-04:00,10.845208696455694,11.13161404644034,10.682912361812978,10.873849868774414,1281500,0.0,0.0
2025-03-20 00:00:00-04:00,10.778380590123918,11.122066447085112,10.730646215709386,10.845208168029785,1139700,0.0,0.0
2025-03-21 00:00:00-04:00,10.702006267420675,11.16980114732222,10.48242850289174,11.026598930358887,10850300,0.0,0.0
2025-03-24 00:00:00-04:00,11.160253710967071,11.246175402409397,10.339225934715607,10.568349838256836,1768200,0.0,0.0
2025-03-25 00:00:00-04:00,10.587443550741746,10.740192813978473,10.272397967701638,10.654271125793457,1873700,0.0,0.0
2025-03-26 00:00:00-04:00,10.711552554735944,11.007504024642747,10.520615975690033,10.654271125793457,736400,0.0,0.0
2025-03-27 00:00:00-04:00,10.702006821335251,11.551675841212015,10.549257539213032,11.389379501342773,1414200,0.0,0.0
2025-03-28 00:00:00-04:00,11.198443365320557,11.370286784068645,10.138744407441862,10.53016471862793,1046500,0.0,0.0
2025-03-31 00:00:00-04:00,10.224664606727615,10.635178975126589,10.119649705478873,10.549257278442383,850600,0.0,0.0
2025-04-01 00:00:00-04:00,10.501524452322466,10.730648403681483,10.396509535563995,10.53016471862793,921200,0.0,0.0
2025-04-02 00:00:00-04:00,10.36786644665582,10.816568118156441,10.34877324279275,10.692459106445312,744000,0.0,0.0
2025-04-03 00:00:00-04:00,10.192453122280387,10.365531885128995,9.759753922639902,9.865525245666504,1028800,0.08,0.0
2025-04-04 00:00:00-04:00,9.50013390433844,10.009756209416203,9.346285730504206,9.894370079040527,1096200,0.0,0.0
2025-04-07 00:00:00-04:00,9.47129064919298,10.048221486748124,9.269364626796744,9.413597106933594,981200,0.0,0.0
2025-04-08 00:00:00-04:00,9.60590661559041,9.721292773845851,9.009744339433453,9.115514755249023,1051800,0.0,0.0
2025-04-09 00:00:00-04:00,8.865511081690373,10.134759626524007,8.865511081690373,10.11552906036377,1041400,0.0,0.0
2025-04-10 00:00:00-04:00,9.875140650573806,9.894371216009159,9.538597043883389,9.721291542053223,897900,0.0,0.0
2025-04-11 00:00:00-04:00,9.769368835515984,9.769368835515984,9.355901154045826,9.4424409866333,907900,0.0,0.0
2025-04-14 00:00:00-04:00,9.557828226678796,9.557828226678796,8.750125169064166,8.952051162719727,818500,0.0,0.0
2025-04-15 00:00:00-04:00,8.865510189638819,9.067436157545162,8.644352740499732,8.817432403564453,858500,0.0,0.0
2025-04-16 00:00:00-04:00,8.865511547457857,9.817448006094978,8.846280063279666,9.528982162475586,1525300,0.0,0.0
2025-04-17 00:00:00-04:00,9.538598078476353,10.09629829170517,9.480904541897527,9.788601875305176,4625200,0.0,0.0
2025-04-21 00:00:00-04:00,9.673215542789102,9.740523903397492,9.240516318856193,9.528982162475586,698700,0.0,0.0
2025-04-22 00:00:00-04:00,9.500135351859388,9.788601180255394,9.192438957307695,9.682829856872559,844000,0.0,0.0
2025-04-23 00:00:00-04:00,10.009757359643931,10.153990726943062,9.682829494174966,9.721291542053223,576300,0.0,0.0
2025-04-24 00:00:00-04:00,9.71167606021778,10.048218727111816,9.682828838506797,10.048218727111816,596100,0.0,0.0
2025-04-25 00:00:00-04:00,9.913602463800222,9.971295075748264,9.548212559101662,9.644367218017578,656600,0.0,0.0
2025-04-28 00:00:00-04:00,9.615522173686578,9.788601866255387,9.490520275387736,9.663599967956543,574100,0.0,0.0
2025-04-29 00:00:00-04:00,9.634753280049686,9.798216306939667,9.413595801890976,9.577059745788574,1320300,0.0,0.0
2025-04-30 00:00:00-04:00,7.0000999028041,7.682801512265541,6.519323824434428,6.644325256347656,3367600,0.0,0.0
2025-05-01 00:00:00-04:00,6.788557957785343,7.827034639505046,6.634709764272995,7.250102996826172,2659700,0.0,0.0
2025-05-02 00:00:00-04:00,7.413566995391792,8.14434683786281,7.394335971037491,7.8751115798950195,1636300,0.0,0.0
2025-05-05 00:00:00-04:00,7.798186819965575,8.019344269006798,7.605876592760705,7.769340515136719,1096400,0.0,0.0
2025-05-06 00:00:00-04:00,7.692417163181415,7.884727408859433,7.663570397077816,7.817419052124023,1001200,0.0,0.0
2025-05-07 00:00:00-04:00,7.942421312669577,8.057807465474973,7.673186497619839,7.778957366943359,883800,0.0,0.0
2025-05-08 00:00:00-04:00,7.884726711265745,8.163576772079773,7.711647963972298,8.019344329833984,748900,0.0,0.0
2025-05-09 00:00:00-04:00,8.077037641224255,8.423196999881707,7.97126723552758,8.37511920928955,669000,0.0,0.0
2025-05-12 00:00:00-04:00,8.990512302269053,9.355901285193033,8.702046495269707,8.894356727600098,882100,0.0,0.0
2025-05-13 00:00:00-04:00,9.057820758780066,9.461672709834529,8.971280923981604,9.394364356994629,771400,0.0,0.0
2025-05-14 00:00:00-04:00,9.403980189280473,9.500135775368214,9.10589952302221,9.336671829223633,680200,0.0,0.0
2025-05-15 00:00:00-04:00,9.22128476933787,9.355901476213873,8.990512485829692,9.028974533081055,488800,0.0,0.0
2025-05-16 00:00:00-04:00,9.048204412437903,9.355900767128446,8.99051180443716,9.230899810791016,558700,0.0,0.0
2025-05-19 00:00:00-04:00,9.096282653367139,9.461672551393347,9.028974301654355,9.384748458862305,664500,0.0,0.0
2025-05-20 00:00:00-04:00,9.384748347204132,9.461672438819944,9.221284423268655,9.317439079284668,443300,0.0,0.0
2025-05-21 00:00:00-04:00,9.192438002430965,9.269362093078295,8.673199932057734,8.69243049621582,567900,0.0,0.0
2025-05-22 00:00:00-04:00,8.54819890733561,8.72127767003573,8.394349793702325,8.500121116638184,558500,0.0,0.0
2025-05-23 00:00:00-04:00,8.355887934246873,8.596275976183875,8.221271217647018,8.327041625976562,393200,0.0,0.0
2025-05-27 00:00:00-04:00,8.509736566629229,8.730893112449786,8.35588745826693,8.605891227722168,589700,0.0,0.0
2025-05-28 00:00:00-04:00,8.596276309273952,8.644354102925801,8.375119742286145,8.471275329589844,481100,0.0,0.0
2025-05-29 00:00:00-04:00,8.567430045037018,8.692431942387538,8.240502146890675,8.288579940795898,569700,0.0,0.0
2025-05-30 00:00:00-04:00,8.259732477732205,8.42319640397661,8.153961162510814,8.33665657043457,819500,0.0,0.0
2025-06-02 00:00:00-04:00,8.269348349168403,8.346272443085619,8.077037197367833,8.221270561218262,679700,0.0,0.0
2025-06-03 00:00:00-04:00,8.269347878650002,8.90397207586125,8.153960827332066,8.807816505432129,626500,0.0,0.0
2025-06-04 00:00:00-04:00,8.836664355834632,8.923204200960493,8.663585582590553,8.846280097961426,517100,0.0,0.0
2025-06-05 00:00:00-04:00,8.759739419076913,8.82704869055028,8.567429179883481,8.605891227722168,549600,0.0,0.0
2025-06-06 00:00:00-04:00,8.84627990220142,9.230901325693077,8.84627990220142,9.019359588623047,508000,0.0,0.0
2025-06-09 00:00:00-04:00,9.153976625608674,9.615521203198577,9.134745143038648,9.538597106933594,555200,0.0,0.0
2025-06-10 00:00:00-04:00,9.61552076335264,10.048219014302004,9.471288318705358,9.942448616027832,674500,0.0,0.0
2025-06-11 00:00:00-04:00,10.009757126127862,10.028988608122122,9.788600585239099,9.952064514160156,626100,0.0,0.0
2025-06-12 00:00:00-04:00,9.875140420198191,10.144374749065067,9.740522797260986,9.952064514160156,560300,0.0,0.0
2025-06-13 00:00:00-04:00,9.78860164071918,10.038604514548975,9.673215487334438,9.96168041229248,618800,0.0,0.0
2025-06-16 00:00:00-04:00,10.182837502997295,10.548227433187868,10.03860412904945,10.307839393615723,469200,0.0,0.0
2025-06-17 00:00:00-04:00,10.221298729690064,10.307838563689577,9.807831041473513,9.88475513458252,809800,0.0,0.0
2025-06-18 00:00:00-04:00,10.009757719141147,10.355917079485222,9.875141005236308,9.990527153015137,707100,0.0,0.0
2025-06-20 00:00:00-04:00,10.12514307880581,10.163605125071635,9.8174467086792,9.8174467086792,958400,0.0,0.0
2025-06-23 00:00:00-04:00,9.865524523281612,9.971294921555785,9.625136504197798,9.942448616027832,607200,0.0,0.0
2025-06-24 00:00:00-04:00,10.057835595854039,10.269377327092094,9.942449447089897,10.18283748626709,597000,0.0,0.0
2025-06-25 00:00:00-04:00,10.134759154640225,10.182836943313655,9.91360261055302,10.086681365966797,543600,0.0,0.0
2025-06-26 00:00:00-04:00,10.2116833446547,10.35591671201595,10.163605555534284,10.27899169921875,399700,0.0,0.0
2025-06-27 00:00:00-04:00,10.336685337470414,10.480917789329764,10.250145499551776,10.346301078796387,608000,0.0,0.0
2025-06-30 00:00:00-04:00,10.375148332343743,10.38476407454701,10.22130012512207,10.22130012512207,433100,0.0,0.0
2025-07-01 00:00:00-04:00,10.202068317007512,10.904001886443849,10.19245349211697,10.634767532348633,405500,0.0,0.0
2025-07-02 00:00:00-04:00,10.788615229183653,11.05784957066378,10.663613341387414,11.038618087768555,566400,0.0,0.0
2025-07-03 00:00:00-04:00,11.096716110408977,11.24196071581556,10.990203461340327,11.125764846801758,316900,0.08,0.0
2025-07-07 00:00:00-04:00,10.980519849538211,11.23227801847174,10.80622559051613,10.9224214553833,587600,0.0,0.0
2025-07-08 00:00:00-04:00,10.883689500427577,11.212911579272555,10.844957545471853,10.9224214553833,389200,0.0,0.0
2025-07-09 00:00:00-04:00,11.019252570394867,11.019252570394867,10.651298511019258,10.79654312133789,699100,0.0,0.0
2025-07-10 00:00:00-04:00,10.854642299787425,11.135449243779815,10.806227118386785,10.815910339355469,490700,0.0,0.0
2025-07-11 00:00:00-04:00,10.612566385925467,10.670664783201865,10.409223380622118,10.428589820861816,416300,0.0,0.0
2025-07-14 00:00:00-04:00,10.205881343336927,10.254296525085609,9.857293696943419,9.896025657653809,678100,0.0,0.0
2025-07-15 00:00:00-04:00,10.060636120761133,10.138100037556143,9.653950095865971,9.6636323928833,613800,0.0,0.0
2025-07-16 00:00:00-04:00,9.276312073217927,9.653949330225801,8.908358035902149,9.547435760498047,1595600,0.0,0.0
2025-07-17 00:00:00-04:00,9.586168113340555,9.741096864510684,9.373142811936681,9.605534553527832,1352700,0.0,0.0
2025-07-18 00:00:00-04:00,9.624899854011751,9.634583073887818,9.227897073519733,9.382824897766113,4849400,0.0,0.0
2025-07-21 00:00:00-04:00,9.518386810490524,9.576485203891954,9.218214394337277,9.227896690368652,515000,0.0,0.0
2025-07-22 00:00:00-04:00,9.382825663569443,9.983172416687012,9.315044965790225,9.983172416687012,817200,0.0,0.0
2025-07-23 00:00:00-04:00,10.186513542004713,10.59319857660826,10.089683200206084,10.515734672546387,773100,0.0,0.0
2025-07-24 00:00:00-04:00,10.389857495057457,10.47700463390316,10.215564140808794,10.322076797485352,759000,0.0,0.0
2025-07-25 00:00:00-04:00,9.779829794638655,10.060636741198552,9.121385537832227,9.653950691223145,1561700,0.0,0.0
2025-07-28 00:00:00-04:00,9.653950280532374,10.147782528686188,9.276312986350993,10.080001831054688,1257900,0.0,0.0
2025-07-29 00:00:00-04:00,10.050952150386044,10.18651445638419,9.789510758127335,10.128416061401367,1013100,0.0,0.0
2025-07-30 00:00:00-04:00,10.041269890845937,10.070318629393807,9.460290502674804,9.59585189819336,1236200,0.0,0.0
2025-07-31 00:00:00-04:00,9.440924065406355,9.673315820774713,9.353776926282533,9.644267082214355,613900,0.0,0.0
2025-08-01 00:00:00-04:00,9.373142429778788,9.460289560183016,9.227896904624188,9.256946563720703,632800,0.0,0.0
2025-08-04 00:00:00-04:00,9.305361365112834,9.460290119119836,9.227897449830689,9.344093322753906,465800,0.0,0.0
2025-08-05 00:00:00-04:00,9.411875512324569,9.876659032220712,9.382825849748984,9.818561553955078,607500,0.0,0.0
2025-08-06 00:00:00-04:00,9.93475665395785,9.973488610908374,9.789511122811362,9.847609519958496,482200,0.0,0.0
2025-08-07 00:00:00-04:00,10.050951729362918,10.10904919846944,9.731412878949172,9.828242301940918,382500,0.0,0.0
2025-08-08 00:00:00-04:00,9.915390019672637,9.915390019672637,9.576485633850098,9.576485633850098,637900,0.0,0.0
2025-08-11 00:00:00-04:00,9.702364117709713,9.876657447992516,9.198847795144106,9.440922737121582,886200,0.0,0.0
2025-08-12 00:00:00-04:00,9.66363186172157,10.36080799799908,9.537753696430624,10.254295349121094,648500,0.0,0.0
2025-08-13 00:00:00-04:00,10.273660875104095,10.757810790633947,10.176831446063733,10.690030097961426,1016000,0.0,0.0
2025-08-14 00:00:00-04:00,10.486687271306748,10.544785668453569,10.138099658753914,10.477004051208496,577600,0.0,0.0
2025-08-15 00:00:00-04:00,10.583517634945185,10.651298328808668,10.205880361757144,10.331759452819824,517500,0.0,0.0
2025-08-18 00:00:00-04:00,10.331759459716288,10.583517642009697,10.302710722818647,10.38017463684082,558700,0.0,0.0
2025-08-19 00:00:00-04:00,10.467321200350304,10.806225574861259,10.467321200350304,10.535101890563965,477500,0.0,0.0
2025-08-20 00:00:00-04:00,10.573835235507694,10.660982376348912,9.818561553955078,9.818561553955078,453200,0.0,0.0
2025-08-21 00:00:00-04:00,9.760461429109677,9.808876601412212,9.479654537886104,9.799193382263184,420100,0.0,0.0
2025-08-22 00:00:00-04:00,9.896024187335291,10.980519849538211,9.896024187335291,10.9224214553833,759300,0.0,0.0
2025-08-25 00:00:00-04:00,10.912740702156752,10.941789441620026,10.670665718596322,10.815910339355469,484000,0.0,0.0
2025-08-26 00:00:00-04:00,10.874006660433466,11.048300925540062,10.728762055139754,10.883689880371094,1615100,0.0,0.0
2025-08-27 00:00:00-04:00,10.999886906176311,11.387207433432671,10.951472648281696,11.106400489807129,568300,0.0,0.0
2025-08-28 00:00:00-04:00,11.15481411045921,11.174179626219045,10.71907846282983,10.777176856994629,577900,0.0,0.0
2025-08-29 00:00:00-04:00,10.777177238315161,10.970837019978864,10.60288297309649,10.738445281982422,483000,0.0,0.0
2025-09-02 00:00:00-04:00,10.651299656694459,10.767495542136169,10.583518954380828,10.728763580322266,369300,0.0,0.0
2025-09-03 00:00:00-04:00,10.602883169870248,10.767494218200001,10.506053738962727,10.67066478729248,366100,0.0,0.0
2025-09-04 00:00:00-04:00,10.786861021748113,10.990204033977998,10.641615485330922,10.970837593078613,421000,0.0,0.0
2025-09-05 00:00:00-04:00,10.999885758542472,11.474353378015698,10.999885758542472,11.319424629211426,388200,0.0,0.0
2025-09-08 00:00:00-04:00,11.271010375651022,11.37752302471967,11.057984154071043,11.125764846801758,284700,0.0,0.0
2025-09-09 00:00:00-04:00,11.038618105961024,11.135448461963882,10.76749440197282,10.941788673400879,284500,0.0,0.0
2025-09-10 00:00:00-04:00,10.92242166083516,11.02893523154892,10.844957749466609,10.903056144714355,272300,0.0,0.0
2025-09-11 00:00:00-04:00,10.93210469172375,11.26132677107288,10.903055956323133,11.164496421813965,233900,0.0,0.0
2025-09-12 00:00:00-04:00,11.222596385612414,11.222596385612414,10.77717837892351,10.815910339355469,346100,0.0,0.0
2025-09-15 00:00:00-04:00,10.844957180533264,11.048300168068877,10.728761319576144,11.009568214416504,275400,0.0,0.0
2025-09-16 00:00:00-04:00,11.028936386108398,11.135449044529723,10.883690844505397,11.028936386108398,197600,0.0,0.0
2025-09-17 00:00:00-04:00,10.941788267664277,11.358156566774545,10.64161491394043,10.64161491394043,298200,0.0,0.0
2025-09-18 00:00:00-04:00,10.767493473861222,11.18386267596448,10.680346345658899,11.13544750213623,300600,0.0,0.0
2025-09-19 00:00:00-04:00,11.183862827714474,11.319424208141799,10.506053155249917,10.535101890563965,789400,0.0,0.0
2025-09-22 00:00:00-04:00,10.467321754552938,10.57383440530563,10.322076223407237,10.477004051208496,338200,0.0,0.0
2025-09-23 00:00:00-04:00,10.631931496992124,10.719078627859709,10.29302711671477,10.370491027832031,547200,0.0,0.0
2025-09-24 00:00:00-04:00,10.438271714463859,10.48668688975085,9.963805028225197,10.176831245422363,404200,0.0,0.0
2025-09-25 00:00:00-04:00,10.099366711784812,10.099366711784812,9.789510163114157,9.799193382263184,338000,0.0,0.0
2025-09-26 00:00:00-04:00,9.944440241136938,9.973488979061438,9.80887792508472,9.905707359313965,269000,0.0,0.0
2025-09-29 00:00:00-04:00,9.925073429076338,9.925073429076338,9.537753859757753,9.605534553527832,299800,0.0,0.0
2025-09-30 00:00:00-04:00,9.605534546496894,9.721730417207418,9.353776364902746,9.557119369506836,596100,0.0,0.0
2025-10-01 00:00:00-04:00,9.450606917101018,9.615217968254171,9.334411043953388,9.489338874816895,427500,0.0,0.0
2025-10-02 00:00:00-04:00,9.547914834021334,9.557677751842549,9.215983076444772,9.3526611328125,305100,0.08,0.0
2025-10-03 00:00:00-04:00,9.440524726276658,9.762693538565891,9.440524726276658,9.460049629211426,314300,0.0,0.0
2025-10-06 00:00:00-04:00,9.538152686160437,9.557677590430036,9.167170194607355,9.186695098876953,430600,0.0,0.0
2025-10-07 00:00:00-04:00,9.147644212022113,9.245271524927567,8.942627599755104,8.962153434753418,457300,0.0,0.0
2025-10-08 00:00:00-04:00,8.91333976573129,9.225745676919304,8.91333976573129,9.020729064941406,334800,0.0,0.0
2025-10-09 00:00:00-04:00,9.069542724019817,9.137881284351735,8.864526111981009,8.903576850891113,338300,0.0,0.0
2025-10-10 00:00:00-04:00,8.854762860459426,8.932864335333367,8.444729651849729,8.454492568969727,431200,0.0,0.0
2025-10-13 00:00:00-04:00,8.405678281298387,8.454491932178719,7.878492900085299,8.317814826965332,592200,0.0,0.0
2025-10-14 00:00:00-04:00,8.142087134313842,8.825475543997657,8.142087134313842,8.718086242675781,467300,0.0,0.0
2025-10-15 00:00:00-04:00,8.815712781099165,8.884052274997547,8.503306858282878,8.532594680786133,392300,0.0,0.0
2025-10-16 00:00:00-04:00,8.561882798631611,8.893813601457245,8.561882798631611,8.688796997070312,701300,0.0,0.0
2025-10-17 00:00:00-04:00,8.581408017522108,8.845001203306305,8.571645100039051,8.610695838928223,588300,0.0,0.0
2025-10-20 00:00:00-04:00,8.757136335446592,9.05001732683093,8.757136335446592,8.815711975097656,407900,0.0,0.0
2025-10-21 00:00:00-04:00,8.85476272849627,9.167169554379232,8.786424171760782,8.991440773010254,479700,0.0,0.0
2025-10-22 00:00:00-04:00,9.05001699776499,9.05001699776499,8.747373100428849,8.776660919189453,412300,0.0,0.0
2025-10-23 00:00:00-04:00,8.835237805246638,8.893813444872752,8.542356813987052,8.698559761047363,288300,0.0,0.0
2025-10-24 00:00:00-04:00,8.766898321359765,8.854762711879367,8.66927194492699,8.815711975097656,308700,0.0,0.0
2025-10-27 00:00:00-04:00,8.874288542011715,8.884051458963738,8.552119730939074,8.698559761047363,484800,0.0,0.0
2025-10-28 00:00:00-04:00,8.698559590091799,8.698559590091799,8.33734004935324,8.356865882873535,295600,0.0,0.0
2025-10-29 00:00:00-04:00,8.298290432719083,8.386154833326538,8.073748903205026,8.112799644470215,601600,0.0,0.0
2025-10-30 00:00:00-04:00,8.044460317538782,8.317816443166167,7.810155865037994,7.898020267486572,699400,0.0,0.0
2025-10-31 00:00:00-04:00,7.8394429059108,7.917544382277697,7.5563248213200405,7.829680919647217,854200,0.0,0.0
2025-11-03 00:00:00-05:00,7.751579126179446,8.142086981012561,7.5563249660021246,7.732053756713867,614200,0.0,0.0
2025-11-04 00:00:00-05:00,7.634426747346449,7.693002854499919,7.487986246702017,7.507511615753174,494200,0.0,0.0
2025-11-05 00:00:00-05:00,7.527037145909936,7.927307452786622,7.458698120007429,7.673477649688721,481200,0.0,0.0
2025-11-06 00:00:00-05:00,7.653952443131168,7.878493964043984,7.5270373061201115,7.575850963592529,423100,0.0,0.0
2025-11-07 00:00:00-05:00,7.4684610290506575,7.624663984626437,7.429410290156713,7.5563249588012695,419200,0.0,0.0
2025-11-10 00:00:00-05:00,7.614901858009395,7.849206301383691,7.51727454108189,7.653952598571777,496400,0.0,0.0
2025-11-11 00:00:00-05:00,7.634426747089476,7.683239936954965,7.458697960113465,7.624663829803467,382100,0.0,0.0
2025-11-12 00:00:00-05:00,7.653952272900843,7.7613415721172725,7.468461030361288,7.497748851776123,304300,0.0,0.0
2025-11-13 00:00:00-05:00,7.4489351847757375,7.575850310851693,7.341545426902121,7.439172267913818,468400,0.0,0.0
2025-11-14 00:00:00-05:00,7.370833868677326,7.4879860803821305,7.322020214372904,7.400121688842773,658700,0.0,0.0
2025-11-17 00:00:00-05:00,7.419647216882728,7.614901372774245,7.322020371697729,7.3610711097717285,586200,0.0,0.0
2025-11-18 00:00:00-05:00,7.322020689570417,7.575850963592529,7.322020689570417,7.575850963592529,561500,0.0,0.0
2025-11-19 00:00:00-05:00,7.536799436964882,7.64418919951264,7.322020377390884,7.331783294677734,479600,0.0,0.0
2025-11-20 00:00:00-05:00,7.429409974529729,7.507511448999598,7.322020214372904,7.400121688842773,437300,0.0,0.0
2025-11-21 00:00:00-05:00,7.595376624424129,8.190901127000593,7.487986853184082,8.112799644470215,688300,0.0,0.0
2025-11-24 00:00:00-05:00,8.034696439839767,8.278763781478297,7.8589685869692785,8.22018814086914,681500,0.0,0.0
2025-11-25 00:00:00-05:00,8.220187991820515,8.41544167538239,8.220187991820515,8.347103118896484,500100,0.0,0.0
2025-11-26 00:00:00-05:00,8.259239354349038,8.493543792376922,8.259239354349038,8.42520523071289,341600,0.0,0.0
2025-11-28 00:00:00-05:00,8.29829024491691,8.386154643535866,8.210425846297953,8.239713668823242,298500,0.0,0.0
2025-12-01 00:00:00-05:00,8.210425700693557,8.805950644752906,8.200662783010568,8.600934028625488,1087000,0.0,0.0
2025-12-02 00:00:00-05:00,8.610694738131894,8.620457654366854,8.38615325098544,8.561882019042969,453200,0.0,0.0
2025-12-03 00:00:00-05:00,8.57164511689822,9.040254915533016,8.493543638966262,8.845001220703125,605300,0.0,0.0
2025-12-04 00:00:00-05:00,8.96215342211518,9.245271511890083,8.87428902683279,9.020729064941406,548200,0.0,0.0
2025-12-05 00:00:00-05:00,9.089068236984115,9.196457532421492,8.913339452592933,9.098830223083496,512100,0.0,0.0
2025-12-08 00:00:00-05:00,9.15740711660769,9.323372989687087,9.010966147456017,9.020729064941406,579400,0.0,0.0
2025-12-09 00:00:00-05:00,8.90357623633533,9.137880653623444,8.864525500120644,9.118355751037598,510100,0.0,0.0
2025-12-10 00:00:00-05:00,9.05001782625796,9.66506673175076,8.952390513394596,9.606491088867188,1359800,0.0,0.0
2025-12-11 00:00:00-05:00,9.66506625018379,10.065337468145414,9.66506625018379,9.752930641174316,867000,0.0,0.0
2025-12-12 00:00:00-05:00,9.821271106836951,9.918897493511068,9.499101330787362,9.518627166748047,1296400,0.0,0.0
2025-12-15 00:00:00-05:00,9.57720325484523,9.6748296365373,9.372186642935912,9.665066719055176,1160800,0.0,0.0
2025-12-16 00:00:00-05:00,9.59672816138577,9.801744773351045,9.479575944697476,9.547914505004883,671200,0.0,0.0
2025-12-17 00:00:00-05:00,9.518627018480414,9.606491416848666,9.196458178492216,9.235508918762207,364100,0.0,0.0
2025-12-18 00:00:00-05:00,9.32337299994874,9.41123739532784,9.001204170920746,9.079305648803711,386700,0.0,0.0
2025-12-19 00:00:00-05:00,9.010966468457637,9.010966468457637,8.356866801367216,8.766899108886719,1307900,0.0,0.0
2025-12-22 00:00:00-05:00,8.815712458271566,8.962153427511414,8.747373897918806,8.78642463684082,442600,0.0,0.0
2025-12-23 00:00:00-05:00,8.805950795109412,8.805950795109412,8.600934175481454,8.70832347869873,417600,0.0,0.0
2025-12-24 00:00:00-05:00,8.776662041560353,8.796187877259726,8.610696162288049,8.70832347869873,118400,0.0,0.0
2025-12-26 00:00:00-05:00,8.708323161724776,8.708323161724776,8.581408027427706,8.669272422790527,294400,0.0,0.0
2025-12-29 00:00:00-05:00,8.610696161490205,8.63998491503655,8.434968295427588,8.532594680786133,255200,0.0,0.0
2025-12-30 00:00:00-05:00,8.493544578552246,8.571646065124066,8.434968929144961,8.493544578552246,305400,0.0,0.0
2025-12-31 00:00:00-05:00,8.503306377731912,8.522831281282965,8.395917080593524,8.444729804992676,556400,0.0,0.0
2026-01-02 00:00:00-05:00,8.513068524468116,8.815711484938486,8.444729040617585,8.7278470993042,378900,0.0,0.0
2026-01-05 00:00:00-05:00,8.786424482190931,9.196457699176618,8.786424482190931,9.030491828918457,466000,0.0,0.0
2026-01-06 00:00:00-05:00,8.913340217613344,9.577203743587,8.874289476735076,9.518627166748047,555600,0.0,0.0
2026-01-07 00:00:00-05:00,9.450288303485697,9.518626865096195,9.059779976035395,9.128119468688965,531200,0.0,0.0
2026-01-08 00:00:00-05:00,9.059189823569966,10.112813648249748,8.980414333379803,9.945415496826172,652800,0.08,0.0
2026-01-09 00:00:00-05:00,9.915873750348833,10.201435130337615,9.689394456151271,10.162047386169434,330300,0.0,0.0
2026-01-12 00:00:00-05:00,10.05373137958647,10.575619227445086,10.043884208720973,10.56577205657959,512800,0.0,0.0
2026-01-13 00:00:00-05:00,10.555926469100978,10.5953142158892,10.25067072718379,10.418068885803223,588700,0.0,0.0
2026-01-14 00:00:00-05:00,10.418068402110759,10.624854297917711,10.339292912191722,10.427915573120117,542000,0.0,0.0
2026-01-15 00:00:00-05:00,10.398374740458369,10.939955985407728,10.339292654950096,10.68393611907959,441500,0.0,0.0
2026-01-16 00:00:00-05:00,10.605161538139848,10.664242689623217,10.270365216140853,10.280211448669434,482200,0.0,0.0
2026-01-20 00:00:00-05:00,10.08327251862827,10.142354608056985,9.482609148313106,9.590925216674805,467300,0.0,0.0
2026-01-21 00:00:00-05:00,9.669700260757681,10.181741881765237,9.541689855505792,10.024190902709961,654800,0.0,0.0
2026-01-22 00:00:00-05:00,10.034037432655454,10.299905422017323,10.034037432655454,10.19158935546875,498300,0.0,0.0
2026-01-23 00:00:00-05:00,10.230977291595336,10.250670695389385,9.974956468727013,10.014344215393066,719400,0.0,0.0
2026-01-26 00:00:00-05:00,10.043884432764726,10.063578774935031,9.709088128492915,9.906027793884277,445600,0.0,0.0
2026-01-27 00:00:00-05:00,9.896180275711117,9.974955763473607,9.650006641683865,9.778017044067383,426800,0.0,0.0
2026-01-28 00:00:00-05:00,9.807557236658463,10.004495948423122,9.590924184178414,9.669699668884277,414400,0.0,0.0
2026-01-29 00:00:00-05:00,9.669700494239683,9.876486394012206,9.561384428293287,9.787863731384277,511200,0.0,0.0
2026-01-30 00:00:00-05:00,9.630313023304032,10.201435822004237,9.561384701105787,9.974956512451172,2570100,0.0,0.0
2026-02-02 00:00:00-05:00,10.014343919175804,10.802099768273559,9.915874085884363,10.733170509338379,548100,0.0,0.0
2026-02-03 00:00:00-05:00,10.526384273578856,11.274752353208962,10.526384273578856,11.06796646118164,834100,0.0,0.0
2026-02-04 00:00:00-05:00,9.84694563771312,11.501232805353858,9.236435120864257,10.871027946472168,1398000,0.0,0.0
2026-02-05 00:00:00-05:00,9.955261779229886,10.811945943696738,9.955261779229886,10.792252540588379,964700,0.0,0.0
2026-02-06 00:00:00-05:00,10.82179256219757,11.127048276952221,10.358986813387249,10.861180305480957,1058900,0.0,0.0
2026-02-09 00:00:00-05:00,10.959650964384695,11.264905763211338,10.654395226480107,10.979344367980957,702900,0.0,0.0
2026-02-10 00:00:00-05:00,11.077813416200362,11.678476738921857,10.762711468422252,11.284599304199219,901900,0.0,0.0
2026-02-11 00:00:00-05:00,11.304292944012646,11.973885536193848,11.304292944012646,11.973885536193848,692300,0.0,0.0
2026-02-12 00:00:00-05:00,12.328377241352646,12.74194812277231,11.264906175017291,11.471692085266113,842300,0.0,0.0
2026-02-13 00:00:00-05:00,11.471691389583857,11.845875439679363,11.235364917653408,11.67847728729248,566700,0.0,0.0
2026-02-17 00:00:00-05:00,11.67847737262779,11.776947206190632,11.373222578923261,11.599701881408691,394900,0.0,0.0
2026-02-18 00:00:00-05:00,11.668631344131809,11.845875732928436,11.294447284773238,11.422457695007324,629600,0.0,0.0
2026-02-19 00:00:00-05:00,11.402763468794122,11.580008798479177,11.19597756385421,11.304293632507324,678800,0.0,0.0
2026-02-20 00:00:00-05:00,11.402762854985209,12.18067151472676,11.294446792162733,11.432303428649902,906900,0.0,0.0
2026-02-23 00:00:00-05:00,11.255059386082603,11.353528280952359,10.575619597815008,10.674089431762695,487600,0.0,0.0
2026-02-24 00:00:00-05:00,10.634701918087936,10.851334994053829,10.349140520301148,10.457456588745117,706200,0.0,0.0
2026-02-25 00:00:00-05:00,10.664241446956655,10.664241446956655,9.945414906844176,10.053730964660645,483300,0.0,0.0
2026-02-26 00:00:00-05:00,10.034037176620627,10.280210817195085,9.886333367907119,9.984803199768066,474000,0.0,0.0
2026-02-27 00:00:00-05:00,9.837098900191169,10.04388480525876,9.679547913297379,9.994649887084961,864800,0.0,0.0
2026-03-02 00:00:00-05:00,9.738628882779345,9.856792109358492,9.364444862406454,9.709087371826172,1040200,0.0,0.0
2026-03-03 00:00:00-05:00,9.40383336077484,9.56138434221593,9.069037055673562,9.423526763916016,483100,0.0,0.0
2026-03-04 00:00:00-05:00,9.551536812441809,9.837098190350305,9.42352641005829,9.778017044067383,408700,0.0,0.0
2026-03-05 00:00:00-05:00,9.728782843751128,9.92572157761695,9.462914848723802,9.55153751373291,416300,0.0,0.0
2026-03-06 00:00:00-05:00,9.27582236863529,9.27582236863529,9.00010816850039,9.069036483764648,354700,0.0,0.0
2026-03-09 00:00:00-04:00,8.76378182320392,8.980414904543926,8.438832670732902,8.950874328613281,505500,0.0,0.0
2026-03-10 00:00:00-04:00,8.941026124189413,9.295515811644908,8.773627981454851,9.029648780822754,531300,0.0,0.0
2026-03-11 00:00:00-04:00,9.009955079745117,9.137965488521782,8.793322947118085,8.881945610046387,428200,0.0,0.0
2026-03-12 00:00:00-04:00,8.704700165740974,8.813016230580583,8.094189643859863,8.094189643859863,703100,0.0,0.0
2026-03-13 00:00:00-04:00,8.15327035901026,8.271433588668048,7.9169438996946875,8.044954299926758,470400,0.0,0.0
2026-03-16 00:00:00-04:00,8.212352922996317,8.271434071736735,8.035107598619211,8.054801940917969,424100,0.0,0.0
2026-03-17 00:00:00-04:00,8.143424778726231,8.281281421478816,7.7889341223271344,7.897251129150391,384500,0.0,0.0
2026-03-18 00:00:00-04:00,7.857862669357123,7.976026374335689,7.660923943624447,7.670770645141602,458500,0.0,0.0
2026-03-19 00:00:00-04:00,7.503372887711344,7.9169447030171485,7.473832312068921,7.739699840545654,571300,0.0,0.0
2026-03-20 00:00:00-04:00,7.828321491706022,7.887403577953292,7.611688897108852,7.798780918121338,843600,0.0,0.0
2026-03-23 00:00:00-04:00,8.11388351092791,8.665312915910048,8.094190106684607,8.52745532989502,754200,0.0,0.0
2026-03-24 00:00:00-04:00,8.300974896493043,8.803168375433728,8.300974896493043,8.724392890930176,559100,0.0,0.0
2026-03-25 00:00:00-04:00,8.90163881653912,9.098577541424913,8.724393494602946,9.059189796447754,578900,0.0,0.0
2026-03-26 00:00:00-04:00,8.862250730344215,9.128118703011921,8.822862986883576,8.93117904663086,470000,0.0,0.0
2026-03-27 00:00:00-04:00,8.822863691389994,8.842557095153893,8.271434299831515,8.281281471252441,561800,0.0,0.0
2026-03-30 00:00:00-04:00,8.281281427795276,8.448679584760765,8.133577613568292,8.320669174194336,451200,0.0,0.0
2026-03-31 00:00:00-04:00,8.527455374724774,8.744088457007832,8.39944495969742,8.488067626953125,358200,0.0,0.0
2026-04-01 00:00:00-04:00,8.616077115128498,8.80316866214845,8.448678970336914,8.448678970336914,592100,0.0,0.0
2026-04-02 00:00:00-04:00,8.200188761172498,8.548075936267544,8.070973551791946,8.428799629211426,445200,0.08,0.0
2026-04-06 00:00:00-04:00,8.359223029391899,8.59777376068556,8.289645969743667,8.508317947387695,313800,0.0,0.0
2026-04-07 00:00:00-04:00,8.528196304786363,8.67729026793837,8.29958543489778,8.398981094360352,660400,0.0,0.0
2026-04-08 00:00:00-04:00,8.975479155832215,9.194151123649082,8.90590209931079,9.104694366455078,870900,0.0,0.0
2026-04-09 00:00:00-04:00,8.995358502049333,9.134512609608919,8.70710948906928,9.124573707580566,540700,0.0,0.0
2026-04-10 00:00:00-04:00,9.214031054884835,9.353185171409747,9.015237834849835,9.144453048706055,388300,0.0,0.0
2026-04-13 00:00:00-04:00,9.035117673240364,9.104694732559519,8.905902457421693,9.084815979003906,372300,0.0,0.0
2026-04-14 00:00:00-04:00,9.09475447843312,9.333306145934086,8.96554021626198,9.263728141784668,243900,0.0,0.0
2026-04-15 00:00:00-04:00,9.20409064427882,9.293547398268327,8.876083178261469,8.965539932250977,320000,0.0,0.0
2026-04-16 00:00:00-04:00,8.935720543589303,9.124573904957122,8.88602224070744,9.035117149353027,396200,0.0,0.0
2026-04-17 00:00:00-04:00,9.223969399794102,9.720950523997264,9.223969399794102,9.542037963867188,335200,0.0,0.0
2026-04-20 00:00:00-04:00,9.482400237460546,9.711012057770816,9.452581634086618,9.492340087890625,451400,0.0,0.0
2026-04-21 00:00:00-04:00,9.492339549453963,9.512218301270222,8.866143226623535,8.866143226623535,664000,0.0,0.0
2026-04-22 00:00:00-04:00,8.955600451607904,8.985419054862064,8.458619307095805,8.657411575317383,715800,0.0,0.0
2026-04-23 00:00:00-04:00,8.697169636341147,8.925780497496595,8.587834130734143,8.836324691772461,1044700,0.0,0.0
2026-04-24 00:00:00-04:00,8.796566722093962,9.134513107380453,8.75680826806518,9.04505729675293,423800,0.0,0.0
2026-04-27 00:00:00-04:00,8.925780766251304,9.144452731965778,8.59777329163774,8.717049598693848,593900,0.0,0.0
2026-04-28 00:00:00-04:00,8.726988403271184,8.726988403271184,8.160430216723755,8.3294038772583,1733900,0.0,0.0
2026-04-29 00:00:00-04:00,8.448679001006733,8.508317152214639,8.140550290945688,8.289645195007324,847200,0.0,0.0
2026-04-30 00:00:00-04:00,8.398981502393081,8.736928846399573,8.309524740989438,8.637532234191895,636200,0.0,0.0
2026-05-01 00:00:00-04:00,8.339344018969538,8.339344018969538,7.057132218892471,7.633630275726318,2249600,0.0,0.0
2026-05-04 00:00:00-04:00,7.613751069209069,7.902000098401286,7.534234161012341,7.554113388061523,1174600,0.0,0.0
2026-05-05 00:00:00-04:00,7.742966164771099,7.941758432252993,7.524294670541016,7.534234046936035,2023100,0.0,0.0
2026-05-06 00:00:00-04:00,7.81254359009435,7.81254359009435,7.4646568897097545,7.723086833953857,747100,0.0,0.0
2026-05-07 00:00:00-04:00,7.81254352458295,8.031215014032771,7.723086769192589,7.75290584564209,692700,0.0,0.0
2026-05-08 00:00:00-04:00,7.723087026167258,7.822483161042623,7.424898147583008,7.424898147583008,548000,0.0,0.0
2026-05-11 00:00:00-04:00,7.365260411731371,7.405018865385018,6.987555102021722,7.166468143463135,736200,0.0,0.0
2026-05-12 00:00:00-04:00,7.067071949737832,7.19628668604354,6.749003849232524,6.9080376625061035,875200,0.0,0.0
2026-05-13 00:00:00-04:00,6.908037866747884,6.937856944597381,6.768883276019284,6.818581581115723,680100,0.0,0.0
2026-05-14 00:00:00-04:00,6.858339688949925,6.927916743818321,6.689366028912722,6.758943557739258,787200,0.0,0.0
2026-05-15 00:00:00-04:00,6.749003980734116,6.87821919351568,6.599909540906017,6.848400115966797,1027800,0.0,0.0
2026-05-18 00:00:00-04:00,6.778822783981392,6.888158291334054,6.6794261788125855,6.758943557739258,695000,0.0,0.0
2026-05-19 00:00:00-04:00,6.758943622679799,6.828520678216698,6.589969961019083,6.729124546051025,832200,0.0,0.0
2026-05-20 00:00:00-04:00,6.749003673876944,6.937856559211534,6.619788466970412,6.917977333068848,872900,0.0,0.0
2026-05-21 00:00:00-04:00,6.838460503438232,7.39507931549137,6.7589435979960895,7.385139465332031,847500,0.0,0.0
2026-05-22 00:00:00-04:00,7.405018736310662,7.782724513394804,7.3851395098303465,7.723086833953857,745300,0.0,0.0
2026-05-26 00:00:00-04:00,7.7827248611251445,7.991456985473633,7.742966406388114,7.991456985473633,640200,0.0,0.0
2026-05-27 00:00:00-04:00,8.110732444744405,8.40892133272514,7.991457079135381,8.090853691101074,743100,0.0,0.0
2026-05-28 00:00:00-04:00,8.0411552478406,8.230007669851735,7.98151709209605,8.150490760803223,451600,0.0,0.0
2026-05-29 00:00:00-04:00,8.07097349695068,8.160430252676775,7.792664327515494,7.882120609283447,747700,0.0,0.0
2026-06-01 00:00:00-04:00,7.792664331415244,7.792664331415244,7.494475461484462,7.593871593475342,550700,0.0,0.0
2026-06-02 00:00:00-04:00,7.643570041206073,7.762845401854,7.613750964065014,7.742966175079346,538000,0.0,0.0
2026-06-03 00:00:00-04:00,7.742966381172459,7.882120972298893,7.683328699261129,7.862241744995117,398100,0.0,0.0
2026-06-04 00:00:00-04:00,7.98151672617801,8.080913331889912,7.91193967092945,7.9616379737854,327100,0.0,0.0
2026-06-05 00:00:00-04:00,7.971578046668197,7.971578046668197,7.16646817207238,7.29568338394165,913800,0.0,0.0
2026-06-08 00:00:00-04:00,7.414958762008603,7.8721814558344105,7.405018911554142,7.7131476402282715,1099400,0.0,0.0
2026-06-09 00:00:00-04:00,7.8324227802919495,8.239947158229686,7.673388495227986,7.882120609283447,512600,0.0,0.0
2026-06-10 00:00:00-04:00,7.852302225272285,8.408921053595936,7.82248314788077,8.210128784179688,669100,0.0,0.0
2026-06-11 00:00:00-04:00,8.230007599730035,8.9953590276964,8.230007599730035,8.886022567749023,882900,0.0,0.0
2026-06-12 00:00:00-04:00,8.895962296149683,9.681192466470911,8.866143692898987,9.651373863220215,1416300,0.0,0.0
2026-06-15 00:00:00-04:00,9.770649472144223,10.267630629213274,9.343245373731614,9.402883529663086,1201100,0.0,0.0
2026-06-16 00:00:00-04:00,9.44264142101588,9.661313382498067,9.223969459533691,9.223969459533691,769200,0.0,0.0
2026-06-17 00:00:00-04:00,10.287509877276872,11.490204262315604,10.198053121278871,10.734792709350586,1633400,0.0,0.0
2026-06-18 00:00:00-04:00,11.05286067506465,12.026944223110482,10.575759225511336,11.291411399841309,2144000,0.0,0.0
2026-06-22 00:00:00-04:00,11.331169579113,12.305253103530696,11.331169579113,11.98718547821045,911300,0.0,0.0
2026-06-23 00:00:00-04:00,11.728754831744228,12.732656939632488,11.619418376718682,12.523924827575684,1194500,0.0,0.0
2026-06-24 00:00:00-04:00,12.573622657119836,13.547706199487752,12.563683754582646,13.020906448364258,1800000,0.0,0.0
2026-06-25 00:00:00-04:00,13.070603830313722,13.965170466632502,13.03084537633842,13.855834007263184,1022300,0.0,0.0
2026-06-26 00:00:00-04:00,13.845894549473357,14.233539223208567,13.54770568265808,13.965169906616211,1527200,0.0,0.0
2026-06-29 00:00:00-04:00,13.67692154763486,14.044687486824577,13.348914062738185,13.66698169708252,662600,0.0,0.0
2026-06-30 00:00:00-04:00,13.567585332842471,13.627223489319107,13.040785566950271,13.41849136352539,755900,0.0,0.0
2026-07-01 00:00:00-04:00,13.378732190891482,13.428430493970188,12.971207811895408,13.170000076293945,779800,0.0,0.0
2026-07-02 00:00:00-04:00,13.399999618530273,13.819999694824219,13.109999656677246,13.260000228881836,792600,0.08,0.0
2026-07-06 00:00:00-04:00,13.449999809265137,13.5,12.979999542236328,13.0,589200,0.0,0.0
2026-07-07 00:00:00-04:00,12.770000457763672,12.930000305175781,12.140000343322754,12.289999961853027,954100,0.0,0.0
2026-07-08 00:00:00-04:00,12.100000381469727,12.5,11.979999542236328,12.270000457763672,1011300,0.0,0.0
2026-07-09 00:00:00-04:00,12.489999771118164,12.579999923706055,12.270000457763672,12.359999656677246,613900,0.0,0.0
2026-07-10 00:00:00-04:00,12.420000076293945,12.989999771118164,12.420000076293945,12.899999618530273,578200,0.0,0.0
2026-07-13 00:00:00-04:00,13.010000228881836,13.630000114440918,12.90999984741211,13.029999732971191,657400,0.0,0.0
2026-07-14 00:00:00-04:00,13.229999542236328,13.529999732971191,13.220000267028809,13.420000076293945,535900,0.0,0.0
2026-07-15 00:00:00-04:00,11.9399995803833,13.0,11.5,12.640000343322754,5589000,0.0,0.0
2026-07-16 00:00:00-04:00,12.630000114440918,12.729999542236328,12.25,12.539999961853027,6498400,0.0,0.0
2026-07-17 00:00:00-04:00,12.390000343322754,13.460000038146973,12.34000015258789,13.4399995803833,1324400,0.0,0.0
2026-07-20 00:00:00-04:00,13.5,13.65999984741211,13.210000038146973,13.270000457763672,1042300,0.0,0.0
2026-07-21 00:00:00-04:00,13.449999809265137,13.6899995803833,13.039999961853027,13.510000228881836,1004400,0.0,0.0
2026-07-22 00:00:00-04:00,13.529999732971191,13.979999542236328,13.390000343322754,13.90999984741211,1180300,0.0,0.0
2026-07-23 00:00:00-04:00,13.880000114440918,13.989999771118164,13.119999885559082,13.300000190734863,1132800,0.0,0.0
2026-07-24 00:00:00-04:00,13.40999984741211,13.6899995803833,13.210000038146973,13.34000015258789,676100,0.0,0.0
2026-07-27 00:00:00-04:00,13.359999656677246,13.539999961853027,12.829999923706055,13.220000267028809,741400,0.0,0.0
2026-07-28 00:00:00-04:00,13.300000190734863,13.420000076293945,12.880000114440918,13.3100004196167,1944600,0.0,0.0
2026-07-29 00:00:00-04:00,13.5,13.579999923706055,11.760000228881836,12.399999618530273,2433500,0.0,0.0
2026-07-30 00:00:00-04:00,13.210000038146973,13.210000038146973,12.130000114440918,12.399999618530273,1413200,0.0,0.0
2026-07-31 00:00:00-04:00,12.569999694824219,12.755000114440918,11.899999618530273,12.5600004196167,816685,0.0,0.0
